STATE,ST_CASE,VEH_NO,VE_FORMS,NUMOCCS,DAY,MONTH,HOUR,MINUTE,HARM_EV,MAN_COLL,UNITTYPE,HIT_RUN,REG_STAT,OWNER,MAKE,MODEL,MAK_MOD,BODY_TYP,MOD_YEAR,VIN,VIN_1,VIN_2,VIN_3,VIN_4,VIN_5,VIN_6,VIN_7,VIN_8,VIN_9,VIN_10,VIN_11,VIN_12,TOW_VEH,VINTYPE,VINMAKE,VINA_MOD,VIN_BT,VINMODYR,VIN_LNGT,VIN_WGT,WGTCD_TR,WHLBS_LG,WHLBS_SH,SER_TR,FUELCODE,MCYCL_DS,J_KNIFE,MCARR_I1,MCARR_I2,MCARR_ID,GVWR,V_CONFIG,CARGO_BT,HAZ_INV,HAZ_PLAC,HAZ_ID,HAZ_CNO,HAZ_REL,BUS_USE,SPEC_USE,EMER_USE,TRAV_SP,UNDERIDE,ROLLOVER,ROLINLOC,IMPACT1,IMPACT2,DEFORMED,TOWED,M_HARM,VEH_SC1,VEH_SC2,FIRE_EXP,DR_PRES,L_STATE,DR_ZIP,L_STATUS,L_TYPE,CDL_STAT,L_ENDORS,L_COMPL,L_RESTRI,DR_HGT,DR_WGT,PREV_ACC,PREV_SUS,PREV_DWI,PREV_SPD,PREV_OTH,FIRST_MO,FIRST_YR,LAST_MO,LAST_YR,SPEEDREL,DR_SF1,DR_SF2,DR_SF3,DR_SF4,VTRAFWAY,VNUM_LAN,VSPD_LIM,VALIGN,VPROFILE,VPAVETYP,VSURCOND,VTRAFCON,VTCONT_F,P_CRASH1,P_CRASH2,P_CRASH3,PCRASH4,PCRASH5,ACC_TYPE,DEATHS,DR_DRINK
1,10103,1,1,1,7,3,9,0,34,0,1,0,1,2,20,431,20431,16,2002,3GNFK16Z62G3,3,G,N,F,K,1,6,Z,6,2,G,3,0,P,CHEV,K15,UT,2,17,5123,,0,1300,,F,,0,0,000000000,00000000000,0,0,0,1,0,0,0,0,0,0,0,45,0,1,5,14,98,6,2,1,0,0,0,1,1,36502,6,1,0,0,3,0,65,129,1,0,0,0,0,8,2008,8,2008,0,89,0,0,0,1,2,45,3,1,2,1,0,0,14,13,1,1,4,1,1,0
1,10104,1,2,1,8,3,12,55,12,6,1,0,1,1,20,2,20002,4,1993,1G1BL53E2PW1,1,G,1,B,L,5,3,E,2,P,W,1,0,P,CHEV,CCL,4D,93,17,3995,,0,1159,,G,,0,0,000000000,00000000000,0,0,0,1,0,0,0,0,0,0,0,999,0,0,0,3,3,6,2,12,0,0,0,1,1,36877,6,1,0,0,3,0,63,150,0,0,0,0,0,0,0,0,0,0,39,0,0,0,1,2,45,1,1,2,1,3,3,1,17,1,1,1,87,1,0
1,10104,2,2,1,8,3,12,55,12,6,1,0,17,3,82,883,82883,66,2006,1FUJAPCK46DU,1,F,U,J,A,P,C,K,4,6,D,U,1,T,FRHT,FL3,DS,6,17,,8,0,0,CON,D,,1,57,241572,57241572,3,6,98,1,0,0,0,0,0,0,0,45,0,0,0,12,12,6,2,12,0,0,0,1,13,31320,6,1,6,0,3,0,72,196,98,0,0,0,1,9,2007,9,2007,0,0,0,0,0,2,2,65,1,1,2,1,3,3,1,66,1,1,1,86,0,0
1,10105,1,3,1,8,3,10,25,12,9,1,0,1,1,12,481,12481,31,1993,1FTEF15Y4PLB,1,F,T,E,F,1,5,Y,4,P,L,B,0,T,FORD,F15,PK,93,17,,2,1330,1170,COF,G,,0,0,000000000,00000000000,0,0,0,1,0,0,0,0,0,0,0,65,0,0,0,1,3,6,2,12,0,0,0,1,1,36274,6,1,0,0,3,0,66,190,0,0,0,0,0,0,0,0,0,1,0,0,0,0,1,2,55,1,6,2,1,0,0,1,52,6,1,2,48,1,0
1,10105,2,3,1,8,3,10,25,12,9,1,0,1,1,20,16,20016,2,1999,1G1JC124XX72,1,G,1,J,C,1,2,4,X,X,7,2,0,P,CHEV,C/S,CP,99,17,2617,,0,1041,,G,,0,0,000000000,00000000000,0,0,0,1,0,0,0,0,0,0,0,20,0,0,0,6,6,4,1,12,0,0,0,1,1,36274,6,1,0,0,3,0,61,175,1,0,0,0,2,8,2007,6,2009,0,0,0,0,0,1,2,55,1,6,2,1,0,0,2,53,1,1,1,48,0,0
1,10105,3,3,1,8,3,10,25,12,9,1,0,1,3,84,881,84881,63,2006,1HTMMAANX6H2,1,H,T,M,M,A,A,N,X,6,H,2,0,T,INTL,430,CC,6,17,,7,0,0,40S,D,,0,57,714483,57714483,3,1,1,1,0,0,0,0,0,0,0,45,0,1,5,12,12,6,2,12,0,0,0,1,1,36201,6,1,6,0,3,0,74,220,0,0,0,0,0,0,0,0,0,0,0,0,0,0,1,2,55,1,5,2,1,0,0,1,62,1,1,1,98,0,0
1,10106,1,2,2,11,4,17,20,12,2,1,0,1,2,14,38,14038,2,2002,1ZWFT61L1256,1,Z,W,F,T,6,1,L,1,2,5,6,0,P,MERC,C6S,2H,2,17,3013,,0,1064,,G,,0,0,000000000,00000000000,0,0,0,1,0,0,0,0,0,0,0,999,0,0,0,12,1,6,2,12,0,0,0,1,1,35640,6,1,0,0,3,0,71,275,0,0,0,1,0,8,2009,8,2009,0,0,0,0,0,1,2,40,3,1,2,1,0,0,14,10,99,9,2,50,0,0
1,10106,2,2,1,11,4,17,20,12,2,1,0,1,1,49,51,49051,4,2008,JTDBT9233812,J,T,D,B,T,9,2,3,3,8,1,2,0,P,TOYT,YAR,4D,8,17,2293,,0,969,,G,,0,0,000000000,00000000000,0,0,0,1,0,0,0,0,0,0,0,999,0,0,0,12,12,6,2,12,0,0,0,1,1,35603,6,1,0,0,3,1,63,131,0,0,0,0,0,0,0,0,0,0,0,0,0,0,1,2,40,3,1,2,1,0,0,14,62,99,1,1,51,1,0
1,10107,1,1,2,13,4,20,48,8,0,1,0,1,1,20,481,20481,31,2002,1GCEK14V92Z3,1,G,C,E,K,1,4,V,9,2,Z,3,0,T,CHEV,SK1,PK,2,17,,2,1330,1190,SIL,G,,0,0,000000000,00000000000,0,0,0,1,0,0,0,0,0,0,0,999,0,0,0,12,12,2,1,8,0,0,0,1,1,35959,6,1,0,0,3,0,72,165,0,3,0,1,0,6,2007,12,2009,0,0,0,0,0,1,2,45,1,1,2,1,0,0,1,80,1,1,1,13,0,0
1,10108,1,3,1,15,4,14,25,12,8,1,0,13,1,98,804,98804,66,2000,2WKEDDXK9YK9,2,W,K,E,D,D,X,K,9,Y,K,9,1,T,WSTR,49E,DS,0,17,,8,0,0,CNV,D,,1,57,643906,57643906,3,6,3,1,0,0,0,0,0,0,0,50,0,0,0,10,10,4,1,12,0,0,0,1,13,30439,6,1,6,0,3,1,70,250,98,0,0,0,1,11,2009,11,2009,0,0,0,0,0,1,2,55,1,1,2,1,0,0,1,62,7,1,1,65,0,0
1,10108,2,3,1,15,4,14,25,12,8,1,0,1,1,20,421,20421,15,2002,1GNEC13Z12J2,1,G,N,E,C,1,3,Z,1,2,J,2,0,P,CHEV,CTA,UT,2,17,4828,,0,1160,,F,,0,0,000000000,00000000000,0,0,0,1,0,0,0,0,0,0,0,50,0,0,0,11,12,6,2,12,0,0,0,1,1,35640,6,1,0,0,3,0,60,155,1,0,0,2,0,4,2008,11,2009,0,0,0,0,0,1,2,55,1,1,2,1,0,0,1,10,1,1,2,64,1,0
1,10108,3,3,1,15,4,14,25,12,8,1,0,1,1,20,481,20481,31,2005,2GCEC13T1511,2,G,C,E,C,1,3,T,1,5,1,1,0,T,CHEV,SC1,CW,5,17,,2,0,1435,SIL,G,,0,0,000000000,00000000000,0,0,0,1,0,0,0,0,0,0,0,45,0,0,0,12,12,6,2,12,0,0,0,1,1,35670,6,1,0,0,3,0,64,175,0,0,0,0,0,0,0,0,0,0,0,0,0,0,1,2,55,1,1,2,1,0,0,1,60,1,1,1,98,0,0
1,10109,1,1,1,13,4,1,15,1,0,1,0,1,2,39,36,39036,4,2002,SAJEA51DX2XC,S,A,J,E,A,5,1,D,X,2,X,C,0,P,JAGU,XT2,4D,2,17,3428,,0,1067,,G,,0,0,000000000,00000000000,0,0,0,1,0,0,0,0,0,0,0,80,0,1,3,0,98,6,2,1,0,0,0,1,13,30342,6,1,0,0,3,0,69,140,98,1,0,0,1,5,2007,5,2007,1,58,0,0,0,2,2,55,1,1,2,1,0,0,1,12,7,3,4,7,1,0
1,10110,1,1,1,15,1,8,45,42,0,1,0,1,2,63,32,63032,4,2003,KNADC1652361,K,N,A,D,C,1,6,5,2,3,6,1,0,P,KIA,RIC,SW,3,17,2447,,0,949,,G,,0,0,000000000,00000000000,0,0,0,1,0,0,0,0,0,0,0,60,0,0,0,12,12,6,2,42,0,0,0,1,1,35118,6,1,0,0,3,0,61,160,0,0,0,0,0,0,0,0,0,0,0,0,0,0,1,2,55,1,1,2,1,0,0,1,13,1,1,4,1,1,0
1,10111,1,1,1,17,1,0,40,35,0,1,0,1,2,20,481,20481,31,1997,2GCEC19R3V11,2,G,C,E,C,1,9,R,3,V,1,1,0,T,CHEV,GC1,PC,97,17,,2,1555,1415,GM4,G,,0,0,000000000,00000000000,0,0,0,1,0,0,0,0,0,0,0,999,0,0,0,12,12,6,2,58,0,0,0,1,1,35022,2,1,0,0,2,0,72,160,0,3,2,1,0,3,2007,2,2009,1,0,0,0,0,1,2,40,1,5,2,2,0,0,1,12,1,1,4,6,1,0
1,10112,1,1,1,24,1,0,0,42,0,1,0,1,1,55,36,55036,4,2001,KMHCG45C31U2,K,M,H,C,G,4,5,C,3,1,U,2,0,P,HYUN,AGL,4D,1,17,2290,,0,961,,G,,0,0,000000000,00000000000,0,0,0,1,0,0,0,0,0,0,0,999,0,1,5,1,98,6,2,42,0,0,0,1,1,35094,6,1,0,0,3,0,71,170,2,0,0,0,0,7,2007,1,2010,0,0,0,0,0,1,2,55,3,5,2,1,0,0,14,13,1,1,4,1,1,1
1,10113,1,2,1,19,2,19,16,12,1,1,0,1,2,86,881,86881,66,1992,1M2AA13Y2NW0,1,M,2,A,A,1,3,Y,2,N,W,0,1,T,MACK,CH6,DS,92,17,,8,0,0,600,D,,1,57,1767954,571767954,3,6,10,1,0,0,0,0,0,0,0,0,0,0,0,6,6,2,1,12,0,0,0,1,1,35581,6,1,6,0,3,0,65,145,0,0,0,1,1,10,2008,2,2009,0,0,0,0,0,1,2,50,1,5,2,1,0,0,5,53,1,1,1,22,0,0
1,10113,2,2,1,19,2,19,16,12,1,1,0,1,1,21,441,21441,20,2000,1GHDX03EXYD1,1,G,H,D,X,0,3,E,X,Y,D,1,0,T,OLDS,SIL,ES,0,17,,1,0,1200,SIL,G,,0,0,000000000,00000000000,0,0,0,1,0,0,0,0,0,0,0,50,0,0,0,12,12,6,2,12,0,0,0,1,1,35581,6,1,0,0,3,1,72,185,0,0,0,0,0,0,0,0,0,0,0,0,0,0,1,2,50,1,5,2,1,0,0,1,50,1,1,1,20,1,0
1,10114,1,1,1,1,3,20,0,39,0,1,0,1,1,20,421,20421,15,1998,1GNCS13W6W21,1,G,N,C,S,1,3,W,6,W,2,1,0,P,CHEV,BZR,UT,98,17,3685,,0,1070,,G,,0,0,000000000,00000000000,0,0,0,1,0,0,0,0,0,0,0,999,0,1,3,12,98,6,2,39,0,0,0,1,1,36535,6,1,0,0,3,0,72,180,0,0,0,0,0,0,0,0,0,1,0,0,0,0,3,2,65,3,5,2,2,0,0,14,9,1,4,4,7,1,1
1,10115,1,2,1,3,3,15,16,12,6,1,0,1,3,12,17,12017,4,2001,1FAFP55U41A1,1,F,A,F,P,5,5,U,4,1,A,1,0,P,FORD,TSS,4D,1,17,3343,,0,1085,,G,,0,0,000000000,00000000000,0,0,0,1,0,0,0,0,0,0,0,20,0,0,0,9,9,6,2,12,0,0,0,1,1,36330,6,1,0,0,3,1,63,117,0,0,0,0,0,0,0,0,0,0,39,0,0,0,1,2,35,1,1,2,1,20,3,1,15,1,1,1,89,1,1
1,10115,2,2,1,3,3,15,16,12,6,1,0,1,2,14,401,14401,14,1997,4M2DU52P6VUJ,4,M,2,D,U,5,2,P,6,V,U,J,0,P,MERC,MOU,UT,97,17,3930,,0,1120,,G,,0,0,000000000,00000000000,0,0,0,1,0,0,0,0,0,0,0,55,0,0,0,12,12,6,2,12,0,0,0,1,1,36330,6,1,0,0,3,0,68,118,0,0,0,0,0,0,0,0,0,0,0,0,0,0,2,2,45,1,1,2,1,0,0,1,67,1,1,1,88,0,0
1,10117,1,1,1,15,3,0,50,33,0,1,0,92,0,53,705,53705,80,2006,JS1GN79A9621,J,S,1,G,N,7,9,A,9,6,2,1,0,M,SUZI,GX6,RS,6,17,,,,,,,600,0,0,000000000,00000000000,0,0,0,1,0,0,0,0,0,0,0,999,0,0,0,12,12,6,2,59,99,99,0,1,1,36609,6,1,0,0,3,0,74,160,1,0,0,0,0,10,2008,10,2008,0,0,0,0,0,1,2,35,3,1,2,1,0,0,14,13,1,1,4,1,1,1
1,10118,1,2,1,5,3,14,9,12,1,1,0,1,1,12,17,12017,4,2003,1FAFP55293A2,1,F,A,F,P,5,5,2,9,3,A,2,0,P,FORD,TSS,4D,3,17,3329,,0,1085,,F,,0,0,000000000,00000000000,0,0,0,1,0,0,0,0,0,0,0,999,0,0,0,12,12,6,2,12,0,0,0,1,1,36037,6,1,0,0,3,0,70,195,0,0,0,0,0,0,0,0,0,0,0,0,0,0,1,2,35,1,1,2,1,3,3,2,50,1,1,1,20,1,0
1,10118,2,2,1,5,3,14,9,12,1,1,0,1,1,18,2,18002,4,1992,1G4HR53L2NH5,1,G,4,H,R,5,3,L,2,N,H,5,0,P,BUIC,LLF,4D,92,17,3457,,0,1108,,G,,0,0,000000000,00000000000,0,0,0,1,0,0,0,0,0,0,0,0,0,0,0,6,6,4,1,12,0,0,0,1,1,36037,6,1,0,0,3,0,69,170,0,0,0,0,0,0,0,0,0,0,0,0,0,0,1,2,35,1,1,2,1,3,3,5,53,1,1,1,22,0,0
1,10119,1,1,1,6,3,2,40,42,0,1,0,1,1,23,481,23481,31,2009,3GTEC13CX9G1,3,G,T,E,C,1,3,C,X,9,G,1,0,T,GMC,5NC,CW,9,17,,2,0,1435,SIE,G,,0,0,000000000,00000000000,0,0,0,1,0,0,0,0,0,0,0,73,0,0,0,12,12,6,2,42,0,0,0,1,1,35957,6,1,0,0,3,0,66,165,0,0,0,0,0,0,0,0,0,1,0,0,0,0,1,2,35,1,6,2,1,0,0,1,13,1,1,4,1,1,0
1,10120,1,1,2,7,3,18,5,9,0,1,0,1,2,58,33,58033,4,1999,JNKCP11A3XT0,J,N,K,C,P,1,1,A,3,X,T,0,0,P,INFI,G20,4D,99,17,2816,,0,1024,,G,,0,0,000000000,00000000000,0,0,0,1,0,0,0,0,0,0,0,999,0,0,0,1,1,4,1,9,0,0,0,1,1,35211,6,1,0,0,3,0,69,243,0,0,0,0,0,0,0,0,0,0,0,0,0,0,2,2,30,1,1,2,1,0,0,1,83,1,1,1,13,0,0
1,10121,1,2,3,15,3,19,49,12,6,1,0,1,1,52,401,52401,14,1998,JA4LS41P5WP0,J,A,4,L,S,4,1,P,5,W,P,0,0,P,MITS,MNS,UT,98,17,3865,,0,1073,,G,,0,0,000000000,00000000000,0,0,0,1,0,0,0,0,0,0,0,999,0,0,0,3,3,6,2,12,0,0,0,1,1,35205,0,0,0,0,0,0,999,999,0,0,0,0,0,0,0,0,0,0,39,0,0,0,1,2,35,4,6,2,1,20,3,14,17,1,1,1,87,1,0
1,10121,2,2,4,15,3,19,49,12,6,1,0,1,2,22,20,22020,4,2006,2G2WP5527612,2,G,2,W,P,5,5,2,7,6,1,2,0,P,PONT,GRA,4D,6,17,3477,,0,1105,,G,,0,0,000000000,00000000000,0,0,0,1,0,0,0,0,0,0,0,61,0,0,0,12,12,6,2,12,0,0,0,1,6,35226,6,1,0,0,3,0,71,175,0,2,0,0,0,1,2008,6,2008,1,92,0,0,0,1,2,35,4,6,2,1,0,0,14,66,1,1,1,86,0,0
1,10122,1,3,1,18,3,6,34,12,2,1,0,1,1,20,2,20002,4,2002,2G1WH55K7292,2,G,1,W,H,5,5,K,7,2,9,2,0,P,CHEV,IPL,4D,2,17,3466,,0,1105,,G,,0,0,000000000,00000000000,0,0,0,1,0,0,0,0,0,0,0,999,0,0,0,12,12,6,2,12,0,0,0,1,1,36605,6,1,0,0,3,0,70,200,0,0,0,0,0,0,0,0,0,0,28,0,0,0,1,4,35,1,1,2,1,0,0,1,10,1,1,2,50,1,1
1,10122,2,3,1,18,3,6,34,12,2,1,0,1,1,7,482,7482,31,2001,1B7HF16Y01S2,1,B,7,H,F,1,6,Y,0,1,S,2,0,T,DODG,150,PK,1,17,,2,1347,1187,RPC,G,,0,0,000000000,00000000000,0,0,0,1,0,0,0,0,0,0,0,35,0,1,1,12,12,6,2,12,0,0,0,1,1,36618,6,1,6,0,3,0,72,210,0,0,0,0,0,0,0,0,0,0,0,0,0,0,1,4,35,1,1,2,1,0,0,1,62,1,1,1,51,0,0
1,10122,3,3,1,18,3,6,34,12,2,1,0,1,1,24,1,24001,4,1998,1G8ZK5271WZ1,1,G,8,Z,K,5,2,7,1,W,Z,1,0,P,STRN,SL2,4D,98,17,2422,,0,1024,,G,,0,0,000000000,00000000000,0,0,0,1,0,0,0,0,0,0,0,35,0,0,0,12,12,6,2,12,0,0,0,1,1,36695,6,1,0,0,3,0,61,150,0,0,0,0,0,0,0,0,0,0,0,0,0,0,1,4,35,1,1,2,1,0,0,1,50,1,1,1,98,0,0
1,10123,1,1,1,18,3,10,58,8,0,1,0,1,1,2,405,2405,14,2004,1J4GK48K34W1,1,J,4,G,K,4,8,K,3,4,W,1,0,T,JEEP,SPR,4W,4,17,,1,0,1043,LIB,G,,0,0,000000000,00000000000,0,0,0,1,0,0,0,0,0,0,0,25,0,0,0,12,12,6,2,8,0,0,0,1,1,35952,6,1,0,0,3,0,67,155,0,0,0,2,0,11,2007,12,2008,0,89,0,0,0,1,2,35,2,1,2,1,0,0,14,80,99,1,1,13,0,0
1,10124,1,1,2,19,3,17,46,5,0,1,0,92,0,99,998,99998,97,9999,1SCBNEVEAG40,1,S,C,B,N,E,V,E,A,G,4,0,0,U,,,,86,17,,,,,,,,0,0,000000000,00000000000,0,0,0,1,0,0,0,0,0,0,0,999,0,0,0,0,0,0,3,5,0,0,0,1,1,35244,6,7,0,0,1,0,69,130,0,0,0,0,0,0,0,0,0,0,0,0,0,0,1,2,25,1,6,2,1,0,0,1,98,1,1,1,0,1,0
1,10125,1,1,3,20,3,20,30,30,0,1,0,1,2,19,3,19003,4,1999,1G6KD54Y6XU7,1,G,6,K,D,5,4,Y,6,X,U,7,0,P,CADI,DFW,4D,99,17,4012,,0,1138,,G,,0,0,000000000,00000000000,0,0,0,1,0,0,0,0,0,0,0,999,0,0,0,2,2,6,2,42,0,0,0,1,1,36606,2,1,2,0,2,0,71,165,0,1,0,0,0,5,2009,5,2009,1,89,37,0,0,1,2,35,1,1,2,1,0,0,1,6,1,4,4,7,2,1
1,10126,1,5,1,25,3,6,55,12,2,1,0,1,1,12,481,12481,31,1998,2FTZX1860WCA,2,F,T,Z,X,1,8,6,0,W,C,A,0,T,FORD,F15,3C,98,17,,1,1570,1390,COF,G,,0,0,000000000,00000000000,0,0,0,1,0,0,0,0,0,0,0,999,0,0,0,12,12,6,2,12,0,0,0,1,1,36587,6,1,0,0,3,0,72,160,1,3,0,0,1,3,2007,9,2009,0,28,0,0,0,5,4,50,1,6,2,1,0,0,1,10,1,1,2,50,0,0
1,10126,2,5,1,25,3,6,55,12,2,1,0,1,1,38,471,38471,30,1988,JAACL11L1J72,J,A,A,C,L,1,1,L,1,J,7,2,0,T,ISU,RSB,PK,88,17,,1,0,0,CON,G,,0,0,000000000,00000000000,0,0,0,1,0,0,0,0,0,0,0,999,0,0,0,12,12,6,2,12,0,0,0,1,1,36587,6,1,0,0,3,1,73,250,0,0,0,1,0,9,2009,9,2009,0,0,0,0,0,5,4,50,1,5,2,1,0,0,1,62,1,1,1,51,1,0
1,10126,3,5,1,25,3,6,55,12,2,1,0,1,1,12,481,12481,31,2002,1FTRX18W72NB,1,F,T,R,X,1,8,W,7,2,N,B,0,T,FORD,F15,4C,2,17,,2,1574,1388,COF,G,,0,0,000000000,00000000000,0,0,0,1,0,0,0,0,0,0,0,999,0,1,5,12,12,6,2,12,0,0,0,1,1,36587,6,1,6,0,3,0,72,230,0,0,0,0,0,0,0,0,0,0,0,0,0,0,5,4,50,1,5,2,1,0,0,1,52,1,1,1,98,0,0
1,10126,4,5,1,25,3,6,55,12,2,1,0,1,1,20,481,20481,31,2004,2GCEK19T4412,2,G,C,E,K,1,9,T,4,4,1,2,0,T,CHEV,SK1,4C,4,17,,2,1575,1435,SIL,G,,0,0,000000000,00000000000,0,0,0,1,0,0,0,0,0,0,0,999,0,0,0,11,11,2,1,54,0,0,0,1,1,36587,6,1,0,0,3,0,72,175,0,0,0,0,0,0,0,0,0,0,0,0,0,0,5,4,50,1,5,2,1,0,0,1,98,1,1,1,98,0,0
1,10126,5,5,1,25,3,6,55,12,2,1,0,1,1,37,32,37032,4,1996,1HGCD7238TA0,1,H,G,C,D,7,2,3,8,T,A,0,0,P,HOND,ULX,CP,96,17,2820,,0,1069,,G,,0,0,000000000,00000000000,0,0,0,1,0,0,0,0,0,0,0,999,0,0,0,12,12,2,1,54,0,0,0,1,1,36618,6,1,0,0,3,0,74,196,0,0,0,0,0,0,0,0,0,0,0,0,0,0,5,4,50,1,5,2,1,0,0,1,98,1,1,1,98,0,0
1,10127,1,1,1,27,3,18,37,8,0,1,0,1,1,58,33,58033,4,1999,JNKCP11A4XT0,J,N,K,C,P,1,1,A,4,X,T,0,0,P,INFI,G20,4D,99,17,2816,,0,1024,,G,,0,0,000000000,00000000000,0,0,0,1,0,0,0,0,0,0,0,40,0,0,0,12,12,6,2,8,0,0,0,1,1,35950,6,1,0,0,3,1,71,210,0,0,0,0,0,0,0,0,0,0,89,0,0,0,2,2,55,1,1,2,1,0,0,1,81,1,1,1,13,0,0
1,10128,1,1,1,28,3,18,44,10,0,1,0,1,2,6,14,6014,4,9999,2C3HC46F7TH1,2,C,3,H,C,4,6,F,7,T,H,1,0,P,CHRY,NYH,4D,96,17,3525,,0,1130,,G,,0,0,000000000,00000000000,0,0,0,1,0,0,0,0,0,0,0,999,0,0,0,3,3,6,2,10,0,0,0,1,1,36582,6,1,0,0,3,0,72,155,0,0,0,0,0,0,0,0,0,0,39,0,0,0,1,2,35,1,1,2,1,65,3,1,17,1,1,1,98,1,1
1,10129,1,1,3,29,3,7,0,30,0,1,0,1,2,7,24,7024,4,2006,2B3KA43G76H1,2,B,3,K,A,4,3,G,7,6,H,1,0,P,DODG,CTL,4D,6,17,3718,,0,1200,,G,,0,0,000000000,00000000000,0,0,0,1,0,0,0,0,0,0,0,60,0,0,0,12,12,6,2,30,0,0,0,1,1,35957,0,0,0,0,0,0,999,999,0,0,0,0,0,0,0,0,0,1,0,0,0,0,1,2,25,1,1,2,1,0,0,1,12,1,1,4,6,1,0
1,10130,1,2,1,31,3,6,4,12,1,1,0,5,3,86,881,86881,63,1993,1M2B209C8PM0,1,M,2,B,2,0,9,C,8,P,M,0,0,T,MACK,DM6,DP,93,17,,8,0,0,600,D,,0,57,493667,57493667,3,2,4,1,0,0,0,0,0,0,0,999,0,0,0,6,6,6,9,12,0,0,0,1,1,36732,6,1,6,0,3,0,72,210,1,0,0,0,0,12,2007,12,2007,0,0,0,0,0,1,2,35,1,1,2,1,0,0,2,53,1,1,1,29,0,0
1,10130,2,2,1,31,3,6,4,12,1,1,0,1,1,7,482,7482,31,2001,3B7HC13Z91M2,3,B,7,H,C,1,3,Z,9,1,M,2,0,T,DODG,Q15,4C,1,17,,2,1547,1387,RPC,G,,0,0,000000000,00000000000,0,0,0,1,0,0,0,0,0,0,0,999,0,0,0,12,12,6,2,12,0,0,0,1,1,35443,6,1,0,0,3,0,72,250,0,0,0,0,0,0,0,0,0,1,0,0,0,0,1,2,35,1,1,2,1,0,0,1,52,1,1,1,28,1,0
1,10131,1,1,2,3,4,14,40,1,0,1,0,1,1,12,471,12471,30,2004,1FTYR10D54PB,1,F,T,Y,R,1,0,D,5,4,P,B,0,T,FORD,RNG,PK,4,17,,1,1175,1116,RNG,G,,0,0,000000000,00000000000,0,0,0,1,0,0,0,0,0,0,0,70,0,1,5,0,98,6,2,1,0,0,0,1,47,37379,6,1,0,0,3,0,71,260,0,0,0,0,0,0,0,0,0,0,80,0,0,0,2,2,70,1,1,1,1,0,0,1,1,1,3,4,2,1,0
1,10132,1,2,1,3,4,15,25,12,2,1,0,1,1,20,481,20481,31,1998,2GCEC19R1W12,2,G,C,E,C,1,9,R,1,W,1,2,0,T,CHEV,GC1,PC,98,17,,2,1555,1415,GM4,G,,0,0,000000000,00000000000,0,0,0,1,0,0,0,0,0,0,0,999,0,0,0,12,12,6,2,12,0,0,0,1,1,36750,6,1,0,0,3,0,63,140,0,0,0,1,0,9,2008,9,2008,0,51,92,0,0,1,2,45,1,6,2,1,0,0,1,54,1,1,1,50,0,0
1,10132,2,2,1,3,4,15,25,12,2,1,0,1,1,18,3,18003,4,2001,1G4CW54K5142,1,G,4,C,W,5,4,K,5,1,4,2,0,P,BUIC,PKA,4D,1,17,3778,,0,1138,,G,,0,0,000000000,00000000000,0,0,0,1,0,0,0,0,0,0,0,999,0,0,0,12,12,6,2,12,0,0,0,1,1,35045,6,1,6,0,3,1,72,305,0,0,0,1,0,11,2009,11,2009,0,0,0,0,0,1,2,45,1,5,2,1,0,0,1,54,1,1,1,51,1,0
1,10133,1,1,1,4,4,12,30,34,0,1,0,1,2,73,709,73709,80,2009,JKAEREC199DA,J,K,A,E,R,E,C,1,9,9,D,A,0,M,KAWK,ER6,RC,9,17,,,,,,,649,0,0,000000000,00000000000,0,0,0,1,0,0,0,0,0,0,0,60,0,0,0,1,1,6,2,34,0,0,0,1,1,35548,1,1,0,0,2,0,68,185,1,1,0,5,1,7,2008,2,2010,1,52,0,0,0,1,2,40,3,5,2,1,0,0,14,13,1,1,4,1,1,0
1,10134,1,1,1,4,4,2,15,42,0,1,0,1,2,7,43,7043,4,2004,1B3EL36XX4N3,1,B,3,E,L,3,6,X,X,4,N,3,0,P,DODG,SSE,4D,4,17,3088,,0,1080,,G,,0,0,000000000,00000000000,0,0,0,1,0,0,0,0,0,0,0,70,0,0,0,2,2,6,2,42,0,0,0,1,1,35501,1,1,1,0,2,0,70,170,0,5,0,0,0,1,2008,6,2008,0,58,0,0,0,1,2,45,3,6,2,1,0,0,14,13,6,2,4,7,1,1
1,10135,1,2,1,5,4,12,30,12,2,1,0,1,1,35,401,35401,14,2005,5N1AR18U75C7,5,N,1,A,R,1,8,U,7,5,C,7,0,P,NISS,PFI,UT,5,17,4242,,0,1122,,G,,0,0,000000000,00000000000,0,0,0,1,0,0,0,0,0,0,0,10,0,0,0,12,12,6,2,12,0,0,0,1,1,36207,6,1,0,0,3,0,73,230,0,0,0,1,0,8,2007,8,2007,0,38,0,0,0,1,2,55,1,1,2,1,0,0,11,15,1,1,2,68,0,0
1,10135,2,2,2,5,4,12,30,12,2,1,0,1,1,12,37,12037,6,2000,1FAFP36P5YW2,1,F,A,F,P,3,6,P,5,Y,W,2,0,P,FORD,FSC,SW,0,17,2717,,0,1030,,G,,0,0,000000000,00000000000,0,0,0,1,0,0,0,0,0,0,0,999,0,0,0,12,12,6,2,12,0,0,0,1,1,36273,6,1,0,0,3,1,59,160,0,0,0,0,0,0,0,0,0,0,0,0,0,0,1,2,55,1,1,2,1,0,0,1,62,1,1,1,69,1,0
1,10136,1,2,1,5,4,18,0,12,6,1,0,1,2,34,706,34706,80,1999,WB10432A2XZB,W,B,1,0,4,3,2,A,2,X,Z,B,0,M,BMW,R1S,RS,99,17,,,,,,,1100,0,0,000000000,00000000000,0,0,0,1,0,0,0,0,0,0,0,87,0,0,0,12,12,6,2,12,0,0,0,1,1,36870,1,1,1,0,2,0,72,190,0,4,1,1,0,7,2009,1,2010,1,0,0,0,0,1,2,30,1,1,2,1,0,0,1,66,1,1,1,69,1,0