STATE,ST_CASE,VEH_NO,VE_FORMS,NUMOCCS,DAY,MONTH,HOUR,MINUTE,HARM_EV,MAN_COLL,UNITTYPE,HIT_RUN,REG_STAT,OWNER,MAKE,MODEL,MAK_MOD,BODY_TYP,MOD_YEAR,VIN,VIN_1,VIN_2,VIN_3,VIN_4,VIN_5,VIN_6,VIN_7,VIN_8,VIN_9,VIN_10,VIN_11,VIN_12,TOW_VEH,VINTYPE,VINMAKE,VINA_MOD,VIN_BT,VINMODYR,VIN_LNGT,VIN_WGT,WGTCD_TR,WHLBS_LG,WHLBS_SH,SER_TR,FUELCODE,MCYCL_DS,J_KNIFE,MCARR_I1,MCARR_I2,MCARR_ID,GVWR,V_CONFIG,CARGO_BT,HAZ_INV,HAZ_PLAC,HAZ_ID,HAZ_CNO,HAZ_REL,BUS_USE,SPEC_USE,EMER_USE,TRAV_SP,UNDERIDE,ROLLOVER,ROLINLOC,IMPACT1,IMPACT2,DEFORMED,TOWED,M_HARM,VEH_SC1,VEH_SC2,FIRE_EXP,DR_PRES,L_STATE,DR_ZIP,L_STATUS,L_TYPE,CDL_STAT,L_ENDORS,L_COMPL,L_RESTRI,DR_HGT,DR_WGT,PREV_ACC,PREV_SUS,PREV_DWI,PREV_SPD,PREV_OTH,FIRST_MO,FIRST_YR,LAST_MO,LAST_YR,SPEEDREL,DR_SF1,DR_SF2,DR_SF3,DR_SF4,VTRAFWAY,VNUM_LAN,VSPD_LIM,VALIGN,VPROFILE,VPAVETYP,VSURCOND,VTRAFCON,VTCONT_F,P_CRASH1,P_CRASH2,P_CRASH3,PCRASH4,PCRASH5,ACC_TYPE,DEATHS,DR_DRINK
1,10241,2,3,1,11,5,15,30,12,6,1,0,1,1,49,40,49040,4,1995,4T1SK13E6SU6,4,T,1,S,K,1,3,E,6,S,U,6,0,P,TOYT,XLE,4D,95,17,3131,,0,1031,,G,,0,0,000000000,00000000000,0,0,0,1,0,0,0,0,0,0,0,55,0,0,0,1,9,6,2,12,0,0,0,1,1,36460,6,1,0,0,3,0,67,185,0,0,0,0,0,0,0,0,0,0,0,0,0,0,1,2,55,1,1,2,1,0,0,1,50,6,1,1,88,1,0
1,10241,3,3,1,11,5,15,30,12,6,1,0,1,3,82,881,82881,66,2000,1FUY3MDB8YLH,1,F,U,Y,3,M,D,B,8,Y,L,H,1,T,FRHT,FD1,DS,0,17,,8,0,0,CON,D,,1,57,135401,57135401,3,6,1,1,0,0,0,0,0,0,0,55,0,0,0,12,12,6,2,12,0,0,0,1,1,36009,6,1,6,0,3,0,72,250,0,0,0,0,5,1,2008,5,2010,0,0,0,0,0,1,2,55,1,1,2,1,0,0,1,62,1,1,1,98,0,0
1,10242,1,2,2,11,5,17,23,12,6,1,0,1,2,22,10,22010,2,1987,2G2GJ11H5H22,2,G,2,G,J,1,1,H,5,H,2,2,0,P,PONT,GRA,CP,87,17,3243,,0,1081,,G,,0,0,000000000,00000000000,0,0,0,1,0,0,0,0,0,0,0,5,0,0,0,10,10,6,2,12,0,0,0,1,47,36054,6,1,0,0,3,1,74,140,0,0,0,0,0,0,0,0,0,0,38,0,0,0,1,4,55,1,1,2,1,20,3,11,15,1,1,1,82,1,0
1,10242,2,2,1,11,5,17,23,12,6,1,0,1,2,49,401,49401,14,2003,JTEZU14R2380,J,T,E,Z,U,1,4,R,2,3,8,0,0,P,TOYT,RUN,UT,3,17,4025,,0,1098,,G,,0,0,000000000,00000000000,0,0,0,1,0,0,0,0,0,0,0,50,0,0,0,12,12,6,2,12,0,0,0,1,1,36022,6,1,0,0,3,0,72,230,1,2,0,3,0,6,2007,4,2010,0,0,0,0,0,1,4,55,1,1,2,1,0,0,1,67,1,1,1,83,0,0
1,10243,1,2,1,12,5,7,45,12,6,1,0,1,2,20,16,20016,2,2002,1G1JC1243272,1,G,1,J,C,1,2,4,3,2,7,2,0,P,CHEV,CAV,CP,2,17,2617,,0,1041,,G,,0,0,000000000,00000000000,0,0,0,1,0,0,0,0,0,0,0,10,0,0,0,9,9,6,2,12,0,0,0,1,1,36330,6,1,0,0,3,1,64,210,1,0,0,0,0,2,2009,2,2009,0,38,39,0,0,1,2,25,1,1,2,1,20,3,1,17,1,1,1,89,1,0
1,10243,2,2,1,12,5,7,45,12,6,1,0,1,2,7,482,7482,31,1998,3B7HC13Y2WG1,3,B,7,H,C,1,3,Y,2,W,G,1,0,T,DODG,Q15,4C,98,17,,2,1547,1387,RPC,G,,0,0,000000000,00000000000,0,0,0,1,0,0,0,0,0,0,0,55,0,0,0,12,12,6,2,12,0,0,0,1,1,36322,6,2,0,0,3,1,72,200,0,0,0,0,0,0,0,0,0,0,0,0,0,0,2,2,55,1,1,2,1,0,0,1,66,1,1,1,88,0,0
1,10244,1,1,1,12,5,6,20,42,0,1,0,1,1,38,401,38401,14,1989,JACCH58R4K89,J,A,C,C,H,5,8,R,4,K,8,9,0,P,ISU,TRO,UT,89,17,0,,0,1043,,G,,0,0,000000000,00000000000,0,0,0,1,0,0,0,0,0,0,0,60,0,1,5,12,12,6,2,1,0,0,0,1,48,36545,6,1,6,0,3,0,999,999,0,0,0,0,0,0,0,0,0,1,58,0,0,0,1,2,45,1,6,2,1,0,0,1,12,6,2,4,7,1,1
1,10245,1,2,1,15,5,15,55,12,6,1,0,1,2,49,40,49040,2,1995,4T1GK12C4SU1,4,T,1,G,K,1,2,C,4,S,U,1,0,P,TOYT,CLE,CP,95,17,3219,,0,1031,,G,,0,0,000000000,00000000000,0,0,0,1,0,0,0,0,0,0,0,999,0,0,0,9,9,6,2,12,0,0,0,1,1,35023,6,1,0,0,3,0,64,150,1,0,0,0,0,8,2007,8,2007,0,0,0,0,0,2,6,70,1,5,2,1,0,0,1,90,6,3,6,64,1,0
1,10245,2,2,1,15,5,15,55,12,6,1,0,18,3,51,881,51881,66,2006,4V4NC9TG76N4,4,V,4,N,C,9,T,G,7,6,N,4,1,T,VOLV,VNL,DS,6,17,,8,0,0,VVN,D,,1,57,121058,57121058,3,6,1,1,0,0,0,0,0,0,0,60,0,0,0,12,12,6,2,12,0,0,0,1,17,60624,6,1,6,0,3,0,71,230,0,0,0,0,0,0,0,0,0,0,0,0,0,0,2,3,60,1,5,2,1,0,0,1,64,1,1,1,65,0,0
1,10246,1,2,2,17,5,12,54,12,6,1,0,1,2,35,402,35402,14,2000,5N1ED28T5YC5,5,N,1,E,D,2,8,T,5,Y,C,5,0,P,NISS,XTR,UT,0,17,3546,,0,1043,,G,,0,0,000000000,00000000000,0,0,0,1,0,0,0,0,0,0,0,999,0,0,0,11,11,6,2,12,0,0,0,1,1,35063,6,1,0,0,3,0,65,150,0,0,0,0,0,0,0,0,0,0,0,0,0,0,2,2,45,1,1,2,2,20,3,1,55,1,1,1,89,0,0
1,10246,2,2,1,17,5,12,54,12,6,1,0,1,1,72,706,72706,80,2004,1HD1CGP154K4,1,H,D,1,C,G,P,1,5,4,K,4,0,M,HD,20C,RS,4,17,,,,,,,1200,0,0,000000000,00000000000,0,0,0,1,0,0,0,0,0,0,0,999,0,0,0,12,12,6,2,12,0,0,0,1,1,35503,6,1,0,0,3,0,69,190,0,0,0,0,0,0,0,0,0,0,0,0,0,0,2,2,45,1,1,2,1,0,0,1,66,3,1,1,88,1,0
1,10247,1,1,1,17,5,14,50,42,0,1,0,1,2,72,706,72706,80,1977,3A20269H7,3,A,2,0,2,6,9,H,7,,,,0,P,,,,,,,,,,,,,0,0,000000000,00000000000,0,0,0,1,0,0,0,0,0,0,0,65,0,0,0,12,12,6,2,42,0,0,0,1,1,35504,2,1,2,0,2,1,68,140,0,8,0,0,0,1,2008,7,2009,1,0,0,0,0,1,2,35,1,5,2,1,0,0,1,13,1,1,4,1,1,1
1,10248,1,2,1,17,5,14,35,12,6,1,0,1,1,35,39,35039,4,1997,JN1CA21D1VM5,J,N,1,C,A,2,1,D,1,V,M,5,0,P,NISS,MGS,4D,97,17,2886,,0,1063,,G,,0,0,000000000,00000000000,0,0,0,1,0,0,0,0,0,0,0,20,0,0,0,3,3,6,2,12,0,0,0,1,1,35016,6,1,0,0,3,1,63,125,0,0,0,0,0,0,0,0,0,0,38,0,0,0,1,2,45,1,1,2,1,20,3,1,17,1,1,1,87,1,0
1,10248,2,2,1,17,5,14,35,12,6,1,0,1,2,12,881,12881,66,1994,1FDYS90X1RVA,1,F,D,Y,S,9,0,X,1,R,V,A,0,T,FORD,LS9,CC,94,17,,8,2390,1310,COL,D,,0,57,702810,57702810,3,5,96,1,0,0,0,0,0,0,0,60,0,0,0,12,12,6,2,12,0,0,0,1,1,35016,6,1,6,0,3,0,74,317,0,0,0,1,0,1,2009,1,2009,0,0,0,0,0,2,2,65,1,1,2,1,0,0,1,64,3,1,1,86,0,0
1,10249,1,2,1,17,5,15,56,59,0,1,0,1,1,30,40,30040,4,2008,3VWJM71K48M1,3,V,W,J,M,7,1,K,4,8,M,1,0,P,VOLK,JES,4D,8,17,3191,,0,1015,,G,,0,0,000000000,00000000000,0,0,0,1,0,0,0,0,0,0,0,75,0,0,0,12,12,6,2,12,0,0,0,1,1,35755,6,1,0,0,3,0,66,150,1,0,0,0,0,5,2007,5,2007,0,51,0,0,0,2,4,65,1,5,2,1,0,0,1,12,1,1,4,6,1,0
1,10249,2,2,2,17,5,15,56,59,0,1,0,26,1,63,32,63032,4,2007,KNADE1231762,K,N,A,D,E,1,2,3,1,7,6,2,0,P,KIA,RBL,4D,7,17,2365,,0,984,,G,,0,0,000000000,00000000000,0,0,0,1,0,0,0,0,0,0,0,65,0,0,0,12,12,6,2,12,0,0,0,1,26,49622,6,1,0,0,3,0,66,130,0,0,0,1,0,9,2007,9,2007,0,0,0,0,0,2,2,65,1,6,2,1,0,0,1,54,6,1,1,98,0,0
1,10250,1,1,1,19,5,1,45,32,0,1,0,1,1,12,13,12013,4,1996,1FASP14J0TW1,1,F,A,S,P,1,4,J,0,T,W,1,0,P,FORD,LXE,4H,96,17,2398,,0,984,,G,,0,0,000000000,00000000000,0,0,0,1,0,0,0,0,0,0,0,45,0,0,0,12,12,6,2,32,0,0,0,1,1,36575,6,1,0,0,3,0,64,130,0,1,0,2,0,6,2007,1,2008,0,0,0,0,0,1,2,45,1,1,2,1,0,0,1,13,1,1,4,1,1,1
1,10251,1,1,2,20,5,7,45,1,0,1,0,1,1,35,402,35402,14,2003,5N1ED28T73C6,5,N,1,E,D,2,8,T,7,3,C,6,0,P,NISS,XTR,UT,3,17,3638,,0,1043,,G,,0,0,000000000,00000000000,0,0,0,1,0,0,0,0,0,0,0,70,0,1,1,0,98,6,2,1,0,0,0,1,1,36420,6,1,0,0,3,0,67,205,1,0,0,1,0,11,2007,6,2008,1,0,0,0,0,1,2,45,3,6,2,1,0,0,14,13,1,4,2,98,1,0
1,10252,1,2,1,24,5,17,15,12,1,1,0,1,2,20,9,20009,2,1999,2G1FP32K5X21,2,G,1,F,P,3,2,K,5,X,2,1,0,P,CHEV,CAM,CV,99,17,3340,,0,1011,,G,,0,0,000000000,00000000000,0,0,0,1,0,0,0,0,0,0,0,60,0,0,0,6,6,6,2,12,0,0,0,1,1,35136,6,1,0,0,3,0,64,165,0,0,0,0,0,0,0,0,0,1,58,0,0,0,1,2,55,1,6,2,2,0,0,1,9,1,4,2,42,1,0
1,10252,2,2,2,24,5,17,15,12,1,1,0,1,1,20,421,20421,15,1996,1GNEC13R4TJ3,1,G,N,E,C,1,3,R,4,T,J,3,0,P,CHEV,CTA,UT,96,17,5134,,0,1175,,G,,0,0,000000000,00000000000,0,0,0,1,0,0,0,0,0,0,0,55,0,0,0,12,12,6,2,12,0,0,0,1,1,36206,6,1,0,0,3,0,71,180,1,0,0,0,0,12,2007,12,2007,0,0,0,0,0,1,5,55,1,1,2,2,0,0,1,62,2,1,1,42,0,0
1,10253,1,2,1,24,5,17,56,12,2,1,0,1,2,37,705,37705,80,2006,JH2PC350X6M7,J,H,2,P,C,3,5,0,X,6,M,7,0,M,HOND,CF4,RS,6,17,,,,,,,599,0,0,000000000,00000000000,0,0,0,1,0,0,0,0,0,0,0,999,0,0,0,12,12,6,2,12,0,0,0,1,1,35452,6,1,0,0,2,0,73,175,0,0,0,0,0,0,0,0,0,0,28,0,0,0,1,2,45,2,1,2,1,0,0,14,9,1,1,2,50,1,0
1,10253,2,2,2,24,5,17,56,12,2,1,0,1,1,51,43,51043,4,2006,YV1SW5925625,Y,V,1,S,W,5,9,2,5,6,2,5,0,P,VOLV,V5T,SW,6,17,3117,,0,1085,,G,,0,0,000000000,00000000000,0,0,0,1,0,0,0,0,0,0,0,999,0,0,0,12,12,6,2,12,0,0,0,1,1,35406,6,1,0,0,3,0,66,130,0,0,0,0,0,0,0,0,0,0,0,0,0,0,1,2,45,3,1,2,1,0,0,14,62,1,1,1,51,1,0
1,10254,1,1,1,26,5,11,35,34,0,1,0,1,1,13,13,13013,4,2006,3LNHM26126R6,3,L,N,H,M,2,6,1,2,6,R,6,0,P,LINC,ZHR,4D,6,17,3406,,0,1074,,G,,0,0,000000000,00000000000,0,0,0,1,0,0,0,0,0,0,0,70,0,1,3,14,98,6,2,1,0,0,0,1,1,36116,6,1,0,0,3,1,65,128,1,0,0,0,0,11,2008,11,2008,0,58,0,0,0,2,2,70,1,1,1,1,0,0,1,13,6,1,4,6,1,0
1,10255,1,3,1,14,4,17,0,12,2,1,0,1,1,7,482,7482,31,1995,1B7HC16Y3SS1,1,B,7,H,C,1,6,Y,3,S,S,1,0,T,DODG,150,PK,95,17,,2,1347,1187,RPC,G,,0,0,000000000,00000000000,0,0,0,1,0,0,0,0,0,0,0,999,0,1,1,12,12,6,2,12,0,0,0,1,1,35565,6,1,0,0,3,0,70,200,1,0,0,0,0,8,2007,8,2007,0,0,0,0,0,1,2,55,1,6,2,1,0,0,1,10,1,1,2,50,0,0
1,10255,2,3,2,14,4,17,0,12,2,1,0,1,2,18,2,18002,4,1997,1G4HR52K3VH4,1,G,4,H,R,5,2,K,3,V,H,4,0,P,BUIC,LLF,4D,97,17,3488,,0,1108,,G,,0,0,000000000,00000000000,0,0,0,1,0,0,0,0,0,0,0,999,0,0,0,12,12,6,2,12,0,0,0,1,1,35565,6,1,0,0,3,0,69,175,0,0,0,0,0,0,0,0,0,0,0,0,0,0,1,2,55,1,3,2,1,0,0,1,62,7,1,1,51,1,0
1,10255,3,3,1,14,4,17,0,12,2,1,0,1,2,12,37,12037,4,2001,1FAFP36321W2,1,F,A,F,P,3,6,3,2,1,W,2,0,P,FORD,FSC,SW,1,17,2723,,0,1030,,G,,0,0,000000000,00000000000,0,0,0,1,0,0,0,0,0,0,0,999,0,0,0,12,12,6,2,12,0,0,0,1,1,35565,6,1,0,0,3,1,65,119,0,0,0,0,0,0,0,0,0,0,0,0,0,0,1,2,55,1,5,2,1,0,0,1,54,1,1,1,98,0,0
1,10256,1,2,2,11,5,20,15,12,7,1,0,1,2,12,481,12481,31,1999,1FTWW32F5XED,1,F,T,W,W,3,2,F,5,X,E,D,0,T,FORD,F3D,CW,99,17,,3,1720,1560,DRW,D,,0,0,000000000,00000000000,0,0,0,1,0,0,0,0,0,0,0,35,0,0,0,10,10,2,1,12,0,0,0,1,1,35094,6,1,0,0,3,0,67,195,0,0,0,3,0,8,2007,12,2008,0,0,0,0,0,5,2,40,3,1,2,1,0,0,15,60,7,1,2,45,0,0
1,10256,2,2,1,11,5,20,15,12,7,1,0,1,1,72,706,72706,80,2001,1HD4CEM141K1,1,H,D,4,C,E,M,1,4,1,K,1,0,M,HD,L8H,RS,1,17,,,,,,,883,0,0,000000000,00000000000,0,0,0,1,0,0,0,0,0,0,0,35,0,0,0,2,2,2,3,12,0,0,0,1,1,35173,6,1,0,0,3,0,74,180,0,2,0,1,1,6,2007,10,2009,0,8,0,0,0,5,2,40,3,1,2,1,0,0,15,11,1,1,2,46,1,0
1,10257,1,4,1,12,5,22,12,8,0,1,1,1,2,12,3,12003,2,2006,1ZVHT80N0652,1,Z,V,H,T,8,0,N,0,6,5,2,0,P,FORD,MUS,CP,6,17,3351,,0,1071,,G,,0,0,000000000,00000000000,0,0,0,1,0,0,0,0,0,0,0,999,0,0,0,12,12,4,1,8,99,99,0,1,1,36605,6,1,0,0,2,1,72,175,1,0,0,0,1,7,2008,1,2009,0,92,0,0,0,2,3,55,1,1,2,1,0,0,1,80,99,1,1,13,0,0
1,10257,2,4,1,12,5,22,12,8,0,1,0,1,2,7,482,7482,31,2009,1D3HB18P89S7,1,D,3,H,B,1,8,P,8,9,S,7,0,T,DODG,Q15,CW,9,17,,2,0,1400,RPC,G,,0,0,000000000,00000000000,0,0,0,1,0,0,0,0,0,0,0,55,0,0,0,12,12,2,1,8,0,0,0,1,1,36582,6,1,0,0,3,0,66,156,0,0,0,1,1,4,2009,3,2010,0,0,0,0,0,2,3,55,1,1,2,1,0,0,1,80,1,1,1,98,0,0
1,10257,3,4,1,12,5,22,12,8,0,1,0,1,1,30,40,30040,4,2001,3VWSC29M11M0,3,V,W,S,C,2,9,M,1,1,M,0,0,P,VOLK,JGS,4D,1,17,2877,,0,989,,G,,0,0,000000000,00000000000,0,0,0,1,0,0,0,0,0,0,0,55,0,0,0,12,12,2,1,8,0,0,0,1,1,36605,6,1,6,0,3,1,60,100,0,0,0,0,0,0,0,0,0,0,0,0,0,0,2,3,55,1,1,2,1,0,0,1,80,1,1,1,98,0,0
1,10257,4,4,1,12,5,22,12,8,0,1,0,1,1,12,481,12481,31,2005,1FTPW14595KE,1,F,T,P,W,1,4,5,9,5,K,E,0,T,FORD,F1S,CW,5,17,,2,1450,1260,COF,G,,0,0,000000000,00000000000,0,0,0,1,0,0,0,0,0,0,0,55,0,0,0,14,14,2,1,8,0,0,0,1,1,36532,6,1,0,0,3,0,70,170,0,0,0,0,0,0,0,0,0,0,0,0,0,0,2,3,55,1,1,2,1,0,0,1,80,1,1,1,98,0,0
1,10258,1,1,1,15,5,18,14,59,0,1,0,1,2,12,481,12481,31,1999,2FTRX18L6XCB,2,F,T,R,X,1,8,L,6,X,C,B,1,T,FORD,F15,4C,99,17,,2,1574,1388,COF,G,,1,0,000000000,00000000000,0,0,0,1,0,0,0,0,0,0,0,999,0,1,5,99,98,6,2,30,0,0,0,1,1,35186,6,1,0,0,3,0,72,170,3,0,0,1,0,6,2007,4,2010,0,0,0,0,0,1,2,45,2,1,2,1,0,0,14,13,1,1,4,1,1,0
1,10259,1,1,2,20,5,17,20,10,0,1,0,12,1,55,33,55033,4,2002,KMHWF25HX2A5,K,M,H,W,F,2,5,H,X,2,A,5,0,P,HYUN,SOL,4D,2,17,3181,,0,1063,,G,,0,0,000000000,00000000000,0,0,0,1,0,0,0,0,0,0,0,999,0,0,0,9,9,6,2,10,0,0,0,1,12,32904,6,1,0,0,3,1,62,999,0,0,0,0,0,0,0,0,0,0,38,0,0,0,1,2,35,1,1,2,1,65,3,1,17,1,1,1,98,1,0
1,10260,1,1,1,23,5,9,20,1,0,1,0,1,1,20,481,20481,31,2004,2GCEK19T5414,2,G,C,E,K,1,9,T,5,4,1,4,0,T,CHEV,SK1,4C,4,17,,2,1575,1435,SIL,G,,0,0,000000000,00000000000,0,0,0,1,0,0,0,0,0,0,0,999,0,1,1,0,98,6,2,1,0,0,0,1,1,36265,6,2,0,0,3,0,75,265,0,0,0,0,0,0,0,0,0,0,58,0,0,0,1,2,55,1,1,2,1,0,0,1,13,6,4,6,98,1,1
1,10261,1,2,1,25,5,9,50,25,0,1,0,93,3,84,881,84881,66,2010,2HSCUAPR6AC1,2,H,S,C,U,A,P,R,6,A,C,1,1,T,INTL,PPR,DS,10,17,,8,0,0,PRO,D,,1,57,320300,57320300,3,6,1,1,0,0,0,0,0,0,0,65,0,0,0,11,11,2,1,12,0,0,0,1,13,30122,6,1,6,1,3,0,70,200,98,0,0,0,0,0,0,0,0,0,0,0,0,0,3,2,65,1,1,1,1,0,0,1,60,7,1,1,98,0,0
1,10261,2,2,2,25,5,9,50,25,0,1,0,1,1,12,401,12401,14,1992,1FMDU34X5NUB,1,F,M,D,U,3,4,X,5,N,U,B,0,P,FORD,EPR,UT,92,17,3879,,0,1120,,G,,0,0,000000000,00000000000,0,0,0,1,0,0,0,0,0,0,0,65,0,1,1,11,98,6,2,1,0,0,0,1,1,36526,6,1,0,0,3,0,67,145,0,0,0,1,0,5,2010,5,2010,0,0,0,0,0,3,2,65,1,1,1,1,0,0,1,1,1,2,4,7,1,0
1,10262,1,1,1,31,5,16,55,30,0,1,0,1,2,63,401,63401,14,2006,KNDJF7241671,K,N,D,J,F,7,2,4,1,6,7,1,0,P,KIA,KMS,UT,6,17,3225,,0,1035,,G,,0,0,000000000,00000000000,0,0,0,1,0,0,0,0,0,0,0,80,0,1,5,11,98,6,2,1,0,0,0,1,1,36867,6,2,0,0,3,0,64,125,0,0,0,0,0,0,0,0,0,1,0,0,0,0,2,2,55,1,6,2,1,0,0,1,13,1,1,4,1,1,0
1,10263,1,1,1,20,5,8,40,24,0,1,0,4,3,51,881,51881,66,2004,4V4NC9TG04N3,4,V,4,N,C,9,T,G,0,4,N,3,1,T,VOLV,VNL,DS,4,17,,8,0,0,VVN,D,,1,57,1705660,571705660,3,6,1,1,0,0,0,0,0,0,0,70,0,1,5,1,98,6,2,24,0,0,0,1,4,85629,6,1,6,1,3,0,73,248,0,2,0,1,0,2,2008,7,2009,0,0,0,0,0,2,2,70,1,1,2,1,0,0,1,13,1,1,4,1,1,0
1,10264,1,1,1,25,5,23,30,42,0,1,0,1,3,20,461,20461,21,2004,1GCFG29T1412,1,G,C,F,G,2,9,T,1,4,1,2,0,T,CHEV,E25,EC,4,17,,2,0,1550,EXP,G,,0,0,000000000,00000000000,0,0,0,1,0,0,0,0,0,0,0,70,0,0,0,11,11,6,2,42,0,0,0,1,1,36067,6,1,0,0,3,0,72,190,0,1,0,0,1,10,2008,12,2008,1,58,0,0,0,1,2,45,3,1,2,1,0,0,14,12,1,1,4,6,1,1
1,10265,1,2,1,21,5,15,45,12,2,1,0,1,2,12,471,12471,30,2003,1FTYR14V33PA,1,F,T,Y,R,1,4,V,3,3,P,A,0,T,FORD,RNS,PS,3,17,,1,0,1257,RNG,F,,0,0,000000000,00000000000,0,0,0,1,0,0,0,0,0,0,0,40,0,0,0,12,12,6,2,12,0,0,0,1,1,36022,6,1,0,0,3,0,70,140,1,1,0,1,3,1,2009,2,2010,0,51,0,0,0,1,2,40,2,5,2,1,0,0,14,54,1,1,1,50,1,0
1,10265,2,2,1,21,5,15,45,12,2,1,0,1,3,85,881,85881,66,2007,1XKWDB9X07J1,1,X,K,W,D,B,9,X,0,7,J,1,1,T,KW,W90,DS,7,17,,8,2850,1600,CON,D,,1,57,533871,57533871,3,6,98,1,0,0,0,0,0,0,0,40,0,0,0,12,12,6,2,12,0,0,0,1,1,36092,6,1,6,0,3,0,70,300,0,0,0,0,1,7,2009,7,2009,0,0,0,0,0,1,2,40,3,6,2,1,0,0,14,54,1,1,1,51,0,0
1,10266,1,1,1,22,5,10,35,34,0,1,0,13,4,82,881,82881,62,2001,1FVAB9AL41HH,1,F,V,A,B,9,A,L,4,1,H,H,1,T,FRHT,CHA,CC,1,17,,6,0,0,SPT,D,,1,88,888888888,88888888888,3,4,6,1,0,0,0,0,0,0,0,70,0,1,3,12,12,6,2,34,0,0,0,1,13,30738,6,1,0,0,3,0,72,270,98,0,0,0,0,0,0,0,0,0,0,0,0,0,2,2,70,1,1,2,1,0,0,1,1,1,1,4,6,1,0
1,10267,1,2,2,25,5,7,58,12,6,1,0,1,1,18,20,18020,4,1995,2G4WB52L8S14,2,G,4,W,B,5,2,L,8,S,1,4,0,P,BUIC,RGC,4D,95,17,3335,,0,1075,,G,,0,0,000000000,00000000000,0,0,0,1,0,0,0,0,0,0,0,999,0,0,0,1,1,6,2,12,0,0,0,1,1,36585,6,1,0,0,3,1,67,200,0,0,0,1,0,3,2008,3,2008,0,0,0,0,0,2,2,55,2,5,2,1,0,0,14,66,1,1,1,87,1,0
1,10267,2,2,1,25,5,7,58,12,6,1,0,1,3,98,804,98804,66,1994,2WKPDCCH2RK9,2,W,K,P,D,C,C,H,2,R,K,9,1,T,WSTR,490,DS,94,17,,8,0,0,CNV,D,,1,57,1511266,571511266,3,6,10,1,0,0,0,0,0,0,0,5,0,0,0,12,12,2,1,12,0,0,0,1,1,36532,6,1,6,0,3,0,65,200,0,0,0,0,1,8,2009,8,2009,0,38,0,0,0,1,2,55,1,6,2,1,20,3,1,17,1,1,1,86,0,0
1,10268,1,1,2,26,5,23,33,32,0,1,0,1,2,18,20,18020,4,1994,2G4WF55L8R14,2,G,4,W,F,5,5,L,8,R,1,4,0,P,BUIC,RGS,4D,94,17,3335,,0,1075,,G,,0,0,000000000,00000000000,0,0,0,1,0,0,0,0,0,0,0,70,0,1,5,11,11,6,2,32,0,0,0,1,1,35749,6,1,0,0,3,0,67,140,0,0,0,0,0,0,0,0,0,1,0,0,0,0,1,2,45,2,5,2,2,0,0,14,6,1,3,4,2,1,1
1,10269,1,1,6,23,5,20,15,5,0,1,0,1,2,20,20,20020,4,1999,2G1WL52M4X92,2,G,1,W,L,5,2,M,4,X,9,2,0,P,CHEV,L/S,4D,99,17,3330,,0,1075,,G,,0,0,000000000,00000000000,0,0,0,1,0,0,0,0,0,0,0,10,0,0,0,0,0,0,3,5,0,0,0,1,1,36117,6,2,0,0,3,0,68,117,0,0,0,0,0,0,0,0,0,0,0,0,0,0,1,2,25,1,1,2,1,0,0,1,98,1,1,1,0,1,0
1,10270,1,1,1,27,5,4,35,8,0,1,0,1,3,84,881,84881,63,2003,1HTWYATR03J0,1,H,T,W,Y,A,T,R,0,3,J,0,0,T,INTL,760,TM,3,17,,8,0,0,70S,D,,0,57,098800,57098800,3,2,1,1,0,0,0,0,0,0,0,73,0,0,0,12,12,2,1,8,0,0,0,1,1,36852,6,1,6,0,3,0,76,185,0,0,0,0,0,0,0,0,0,0,0,0,0,0,2,2,70,1,1,2,1,0,0,1,80,1,1,1,13,0,0
1,10271,1,2,1,26,5,11,25,12,6,1,0,1,3,51,881,51881,66,2000,4V4MD2RF7YN7,4,V,4,M,D,2,R,F,7,Y,N,7,1,T,VOLV,VVN,DS,0,17,,8,0,0,VVN,D,,1,57,1550286,571550286,3,6,3,1,0,0,0,0,0,0,0,0,0,0,0,4,4,2,1,12,0,0,0,1,1,36477,6,1,6,0,3,0,75,240,0,0,0,0,1,4,2010,4,2010,0,54,0,0,0,1,2,45,1,1,2,1,0,0,5,54,1,1,1,87,0,0
1,10271,2,2,1,26,5,11,25,12,6,1,0,1,1,20,19,20019,4,1995,1G1LD5543SY2,1,G,1,L,D,5,5,4,3,S,Y,2,0,P,CHEV,CSA,4D,95,17,2745,,0,1034,,G,,0,0,000000000,00000000000,0,0,0,1,0,0,0,0,0,0,0,40,0,0,0,12,12,6,2,12,0,0,0,1,1,36477,6,1,0,0,3,1,62,130,0,0,0,0,0,0,0,0,0,0,0,0,0,0,1,2,45,1,1,2,1,0,0,1,50,1,1,1,86,1,0
1,10272,1,1,1,30,5,21,25,53,0,1,0,1,1,12,401,12401,14,1993,1FMDU32X0PUB,1,F,M,D,U,3,2,X,0,P,U,B,0,P,FORD,EPR,UT,93,17,3858,,0,1120,,G,,0,0,000000000,00000000000,0,0,0,1,0,0,0,0,0,0,0,65,0,1,5,12,12,6,2,1,0,0,0,1,1,36272,6,1,0,0,3,0,69,300,0,1,0,0,1,10,2008,2,2009,1,0,0,0,0,1,2,55,1,1,2,2,0,0,1,13,1,1,4,1,1,0
1,10273,1,3,4,31,5,18,20,12,6,1,0,13,4,41,51,41051,4,2010,JM1BL1SFXA12,J,M,1,B,L,1,S,F,X,A,1,2,0,P,MAZD,M3I,4D,10,17,2868,,0,1039,,G,,0,0,000000000,00000000000,0,0,0,1,0,0,0,0,0,0,0,75,0,0,0,9,9,6,2,12,0,0,0,1,13,30349,6,1,0,0,3,1,64,190,98,0,0,0,0,0,0,0,0,0,58,0,0,0,2,4,70,1,5,2,1,0,0,1,52,6,1,6,64,4,0