STATE,ST_CASE,VEH_NO,VE_FORMS,NUMOCCS,DAY,MONTH,HOUR,MINUTE,HARM_EV,MAN_COLL,UNITTYPE,HIT_RUN,REG_STAT,OWNER,MAKE,MODEL,MAK_MOD,BODY_TYP,MOD_YEAR,VIN,VIN_1,VIN_2,VIN_3,VIN_4,VIN_5,VIN_6,VIN_7,VIN_8,VIN_9,VIN_10,VIN_11,VIN_12,TOW_VEH,VINTYPE,VINMAKE,VINA_MOD,VIN_BT,VINMODYR,VIN_LNGT,VIN_WGT,WGTCD_TR,WHLBS_LG,WHLBS_SH,SER_TR,FUELCODE,MCYCL_DS,J_KNIFE,MCARR_I1,MCARR_I2,MCARR_ID,GVWR,V_CONFIG,CARGO_BT,HAZ_INV,HAZ_PLAC,HAZ_ID,HAZ_CNO,HAZ_REL,BUS_USE,SPEC_USE,EMER_USE,TRAV_SP,UNDERIDE,ROLLOVER,ROLINLOC,IMPACT1,IMPACT2,DEFORMED,TOWED,M_HARM,VEH_SC1,VEH_SC2,FIRE_EXP,DR_PRES,L_STATE,DR_ZIP,L_STATUS,L_TYPE,CDL_STAT,L_ENDORS,L_COMPL,L_RESTRI,DR_HGT,DR_WGT,PREV_ACC,PREV_SUS,PREV_DWI,PREV_SPD,PREV_OTH,FIRST_MO,FIRST_YR,LAST_MO,LAST_YR,SPEEDREL,DR_SF1,DR_SF2,DR_SF3,DR_SF4,VTRAFWAY,VNUM_LAN,VSPD_LIM,VALIGN,VPROFILE,VPAVETYP,VSURCOND,VTRAFCON,VTCONT_F,P_CRASH1,P_CRASH2,P_CRASH3,PCRASH4,PCRASH5,ACC_TYPE,DEATHS,DR_DRINK
1,10310,1,2,1,19,6,12,57,12,6,1,0,1,2,30,35,30035,2,1969,319024634,3,1,9,0,2,4,6,3,4,,,,0,P,,,,,,,,,,,,,0,0,000000000,00000000000,0,0,0,1,0,0,0,0,0,0,0,999,0,0,0,9,9,6,2,12,0,0,0,1,1,35146,6,1,0,0,3,0,61,165,0,0,1,0,0,1,2009,1,2009,1,89,0,0,0,1,2,50,1,1,2,2,0,0,1,5,1,3,2,64,1,0
1,10310,2,2,2,19,6,12,57,12,6,1,0,1,1,48,45,48045,6,2007,4S4BP61C3773,4,S,4,B,P,6,1,C,3,7,7,3,0,P,SUBA,LOI,SW,7,17,3330,,0,1051,,G,,0,0,000000000,00000000000,0,0,0,1,0,0,0,0,0,0,0,999,0,0,0,12,12,6,2,12,0,0,0,1,1,35173,6,1,0,0,3,0,65,145,0,0,0,0,0,0,0,0,0,0,0,0,0,0,1,2,50,1,1,2,2,0,0,1,62,1,1,1,65,0,0
1,10311,1,2,1,20,6,17,0,12,2,1,0,1,2,20,471,20471,30,1989,1GCBS14EXK22,1,G,C,B,S,1,4,E,X,K,2,2,0,T,CHEV,S14,PK,89,17,,1,1179,1083,S,G,,0,0,000000000,00000000000,0,0,0,1,0,0,0,0,0,0,0,999,0,0,0,12,12,6,2,12,0,0,0,1,1,35184,6,1,0,0,3,1,72,145,0,1,0,1,0,9,2009,11,2009,0,28,0,0,0,1,2,55,1,6,2,1,0,0,1,10,1,1,2,50,1,0
1,10311,2,2,1,20,6,17,0,12,2,1,0,1,2,89,881,89881,66,1988,4V1WDBJE5JN6,4,V,1,W,D,B,J,E,5,J,N,6,1,T,WHGM,WIA,DS,88,17,,8,0,0,ARO,D,,1,57,1547898,571547898,3,6,10,1,0,0,0,0,0,0,0,999,0,0,0,12,12,6,2,12,0,0,0,1,1,35115,6,1,6,0,3,1,70,245,1,0,0,0,2,8,2007,4,2010,0,0,0,0,0,1,2,55,1,5,2,1,0,0,1,62,7,1,2,51,0,0
1,10312,1,2,1,26,6,22,30,12,6,1,0,1,2,37,471,37471,30,2008,2HJYK16598H5,2,H,J,Y,K,1,6,5,9,8,H,5,0,T,HOND,RTL,PK,8,17,,2,0,1220,RID,G,,0,0,000000000,00000000000,0,0,0,1,0,0,0,0,0,0,0,999,0,0,0,3,3,6,2,12,0,0,0,1,1,36027,6,1,0,0,3,1,67,147,0,0,0,0,0,0,0,0,0,0,38,0,0,0,1,2,50,1,1,2,2,0,0,1,9,1,1,2,64,1,0
1,10312,2,2,2,26,6,22,30,12,6,1,0,1,1,23,481,23481,31,2004,1GTEK19T34Z2,1,G,T,E,K,1,9,T,3,4,Z,2,0,T,GMC,NK1,4C,4,17,,2,1575,1435,SIE,G,,0,0,000000000,00000000000,0,0,0,1,0,0,0,0,0,0,0,40,0,0,0,12,12,6,2,12,0,0,0,1,1,36081,6,1,0,0,3,0,72,250,0,0,0,0,0,0,0,0,0,0,0,0,0,0,1,2,50,1,1,2,2,0,0,1,62,1,1,1,65,0,0
1,10313,1,2,1,27,6,15,45,12,6,1,0,28,2,12,422,12422,15,2002,1FMRU17L12LA,1,F,M,R,U,1,7,L,1,2,L,A,0,P,FORD,EPT,UT,2,17,4965,,0,1191,,G,,0,0,000000000,00000000000,0,0,0,1,0,0,0,0,0,0,0,7,0,0,0,10,10,6,2,12,0,0,0,1,28,39478,6,1,0,0,3,0,63,120,0,0,0,0,0,0,0,0,0,0,38,0,0,0,1,2,25,1,1,2,1,20,3,11,55,1,1,1,82,1,0
1,10313,2,2,1,27,6,15,45,12,6,1,0,1,3,98,806,98806,62,2005,JHBNE8JT551S,J,H,B,N,E,8,J,T,5,5,1,S,0,T,HINO,268,CC,5,17,,6,0,0,HIN,D,,0,88,888888888,88888888888,2,1,1,1,0,0,0,0,0,0,0,999,0,0,0,12,12,6,2,12,0,0,0,1,1,36695,6,1,0,0,3,0,68,160,2,0,0,0,0,7,2007,9,2007,0,0,0,0,0,1,2,55,1,1,2,1,0,0,1,65,3,1,1,83,0,0
1,10314,1,3,3,30,6,15,45,12,2,1,0,1,1,35,472,35472,30,2000,1N6ED27Y2YC4,1,N,6,E,D,2,7,Y,2,Y,C,4,0,T,NISS,XSC,CW,0,17,,1,0,1161,FRT,G,,0,0,000000000,00000000000,0,0,0,1,0,0,0,0,0,0,0,999,0,0,0,12,12,6,2,12,0,0,0,1,1,36278,0,0,0,0,0,0,999,999,0,0,0,0,0,0,0,0,0,0,28,0,0,0,1,2,45,1,3,2,2,0,0,1,10,1,1,2,50,0,0
1,10314,2,3,3,30,6,15,45,12,2,1,0,13,2,37,441,37441,20,2003,5FNRL18913B1,5,F,N,R,L,1,8,9,1,3,B,1,0,P,HOND,UDY,SV,3,17,4376,,0,1181,,G,,0,0,000000000,00000000000,0,0,0,1,0,0,0,0,0,0,0,999,0,0,0,12,12,6,2,12,0,0,0,1,13,30041,6,1,0,0,3,0,67,135,98,0,0,0,0,0,0,0,0,0,0,0,0,0,1,2,45,1,3,2,2,0,0,1,62,1,1,1,51,1,0
1,10314,3,3,1,30,6,15,45,12,2,1,0,1,1,23,401,23401,14,2006,1GKDT13S8622,1,G,K,D,T,1,3,S,8,6,2,2,0,T,GMC,ENV,4W,6,17,,1,0,1130,ENV,G,,0,0,000000000,00000000000,0,0,0,1,0,0,0,0,0,0,0,999,0,0,0,12,12,6,2,12,0,0,0,1,1,36266,6,1,0,0,3,1,67,175,0,0,0,1,0,12,2009,12,2009,0,0,0,0,0,1,2,45,1,3,2,2,0,0,1,51,1,1,1,98,0,0
1,10315,1,1,1,2,7,23,17,8,0,1,0,1,2,30,46,30046,6,2000,WVWNA23B0YE0,W,V,W,N,A,2,3,B,0,Y,E,0,0,P,VOLK,PGS,SW,0,17,3050,,0,1066,,G,,0,0,000000000,00000000000,0,0,0,1,0,0,0,0,0,0,0,30,0,0,0,12,12,2,1,8,0,0,0,1,1,35404,6,1,0,0,3,1,71,165,0,0,0,0,0,0,0,0,0,0,0,0,0,0,1,2,35,1,6,1,1,0,0,1,80,99,1,1,13,0,0
1,10316,1,1,1,2,7,19,18,8,0,1,0,1,1,20,431,20431,16,1997,3GNEC16R8VG1,3,G,N,E,C,1,6,R,8,V,G,1,0,P,CHEV,C15,UT,97,17,4802,,0,1315,,G,,0,0,000000000,00000000000,0,0,0,1,0,0,0,0,0,0,0,35,0,0,0,1,1,2,1,8,0,0,0,1,1,36605,6,1,0,0,3,0,75,240,0,0,0,0,1,3,2009,3,2009,0,0,0,0,0,2,2,40,1,1,2,1,0,0,1,80,8,1,1,13,0,0
1,10317,1,1,1,3,7,22,10,1,0,1,0,12,2,2,404,2404,14,1996,1J4GZ58S3TC2,1,J,4,G,Z,5,8,S,3,T,C,2,0,T,JEEP,LRO,4W,96,17,,1,0,1059,GCK,G,,0,0,000000000,00000000000,0,0,0,1,0,0,0,0,0,0,0,80,0,1,5,0,98,6,2,1,0,0,0,1,12,32431,6,1,0,0,3,0,70,999,0,0,0,0,0,0,0,0,0,1,58,0,0,0,1,2,55,2,5,2,1,0,0,14,6,1,4,4,7,1,1
1,10318,1,1,2,6,7,0,51,38,0,1,0,1,1,35,39,35039,4,2004,1N4BA41EX4C8,1,N,4,B,A,4,1,E,X,4,C,8,0,P,NISS,MEL,4D,4,17,3310,,0,1112,,G,,0,0,000000000,00000000000,0,0,0,1,0,0,0,0,0,0,0,92,0,0,0,3,3,6,2,42,0,0,0,1,1,36330,6,1,0,0,3,1,67,125,2,0,0,1,1,12,2008,5,2010,1,0,0,0,0,1,2,50,3,1,2,1,0,0,14,6,1,4,4,7,2,0
1,10319,1,2,1,23,4,7,0,12,6,1,0,1,2,22,2,22002,4,1996,1G2HX52K0T42,1,G,2,H,X,5,2,K,0,T,4,2,0,P,PONT,BVS,4D,96,17,3351,,0,1108,,G,,0,0,000000000,00000000000,0,0,0,1,0,0,0,0,0,0,0,70,0,0,0,9,9,6,2,12,0,0,0,1,1,35071,6,2,0,0,3,0,66,210,0,0,0,0,0,0,0,0,0,1,0,0,0,0,2,4,65,1,1,2,1,0,0,1,8,1,4,6,64,1,0
1,10319,2,2,2,23,4,7,0,12,6,1,0,1,1,7,482,7482,31,2000,3B7MC3663YM2,3,B,7,M,C,3,6,6,3,Y,M,2,1,T,DODG,350,PK,0,17,,3,0,1347,RPC,D,,1,0,000000000,00000000000,0,0,0,1,0,0,0,0,0,0,0,4,0,0,0,12,12,6,2,12,0,0,0,1,1,35180,6,1,0,0,3,0,76,225,0,0,0,0,0,0,0,0,0,0,0,0,0,0,2,2,65,1,1,2,1,0,0,1,62,2,1,1,65,0,0
1,10320,1,2,1,3,6,12,30,12,2,1,0,1,1,7,461,7461,21,1994,2B6HB21Y3RK1,2,B,6,H,B,2,1,Y,3,R,K,1,0,T,DODG,B25,IC,94,17,,2,1276,1096,RMV,G,,0,0,000000000,00000000000,0,0,0,1,0,0,0,0,0,0,0,45,0,0,0,12,12,6,2,12,0,0,0,1,1,35118,6,1,0,0,3,0,69,210,0,0,0,0,0,0,0,0,0,0,28,0,0,0,1,2,45,1,6,2,1,0,0,1,10,1,1,2,50,1,0
1,10320,2,2,1,3,6,12,30,12,2,1,0,42,3,87,881,87881,62,2005,1NPALB0X15N8,1,N,P,A,L,B,0,X,1,5,N,8,0,T,PTRB,357,TM,5,17,,8,0,0,CON,D,,0,57,69410,5769410,2,2,2,2,2,1977,2,1,0,0,0,45,0,0,0,12,12,6,2,12,0,0,0,1,1,35404,6,1,6,1,3,0,70,140,0,0,0,1,0,6,2008,6,2008,0,0,0,0,0,1,2,45,1,6,2,1,0,0,1,62,1,1,1,51,0,0
1,10321,1,3,4,6,6,0,15,12,1,1,0,1,1,19,3,19003,4,1999,1G6KE54Y3XU7,1,G,6,K,E,5,4,Y,3,X,U,7,0,P,CADI,DDE,4D,99,17,4052,,0,1138,,G,,0,0,000000000,00000000000,0,0,0,1,0,0,0,0,0,0,0,25,0,0,0,6,98,6,2,12,0,0,0,1,1,35160,6,2,0,0,3,0,72,250,1,0,0,0,0,5,2009,5,2009,0,45,0,0,0,2,2,70,1,1,2,1,0,0,1,53,1,1,1,25,1,1
1,10321,2,3,2,6,6,0,15,12,1,1,0,1,1,14,6,14006,4,1988,2MEBM74F5JX7,2,M,E,B,M,7,4,F,5,J,X,7,0,P,MERC,GMG,4D,88,17,3828,,0,1142,,G,,0,0,000000000,00000000000,0,0,0,1,0,0,0,0,0,0,0,25,0,0,0,6,6,6,2,12,0,0,0,1,1,35160,6,1,0,0,3,1,75,185,1,3,0,1,1,4,2008,6,2010,0,45,0,0,0,2,2,70,1,1,2,1,0,0,1,53,1,1,1,98,0,0
1,10321,3,3,1,6,6,0,15,12,1,1,0,1,1,49,401,49401,14,2002,JT3HN86R1203,J,T,3,H,N,8,6,R,1,2,0,3,0,P,TOYT,RUN,UT,2,17,4070,,0,1053,,G,,0,0,000000000,00000000000,0,0,0,1,0,0,0,0,0,0,0,70,0,0,0,12,12,6,2,12,0,0,0,1,1,35055,6,1,6,0,3,1,65,250,0,0,0,0,1,2,2010,2,2010,0,0,0,0,0,2,2,70,1,1,2,1,0,0,1,51,1,1,1,24,0,0
1,10322,1,2,6,7,6,1,30,12,1,1,0,1,2,23,481,23481,31,2004,2GTEK19T1411,2,G,T,E,K,1,9,T,1,4,1,1,0,T,GMC,NK1,4C,4,17,,2,1575,1435,SIE,G,,0,0,000000000,00000000000,0,0,0,1,0,0,0,0,0,0,0,999,0,0,0,12,12,6,2,12,0,0,0,1,1,36562,6,1,0,0,3,1,74,180,0,1,0,0,1,11,2009,4,2010,0,91,0,0,0,1,2,25,1,1,5,1,0,0,1,51,1,1,1,24,0,1
1,10322,2,2,1,7,6,1,30,12,1,1,0,0,0,76,734,76734,90,2007,JY4AM07Y17C0,J,Y,4,A,M,0,7,Y,1,7,C,0,0,M,YAMA,AM0,AT,7,17,,,,,,,686,0,0,000000000,00000000000,0,0,0,1,0,0,0,0,0,0,0,999,0,1,1,6,6,6,2,12,0,0,0,1,1,36578,6,1,0,0,1,0,76,170,0,0,0,0,1,9,2007,9,2007,0,0,0,0,0,1,2,25,1,1,5,1,0,0,1,53,1,1,1,25,1,1
1,10323,1,4,5,11,6,9,35,12,7,1,0,1,2,12,402,12402,14,2002,1FMYU03132KB,1,F,M,Y,U,0,3,1,3,2,K,B,0,P,FORD,SPE,UT,2,17,3277,,0,1031,,G,,0,0,000000000,00000000000,0,0,0,1,0,0,0,0,0,0,0,65,0,0,0,1,98,6,2,12,0,0,0,1,1,36742,6,1,0,0,3,0,66,350,0,0,0,0,0,0,0,0,0,0,33,35,0,0,1,2,55,1,3,2,1,0,0,6,10,7,1,2,44,0,0
1,10323,2,4,2,11,6,9,35,12,7,1,0,1,1,12,17,12017,4,2005,1FAFP53U75A2,1,F,A,F,P,5,3,U,7,5,A,2,0,P,FORD,TSE,4D,5,17,3306,,0,1085,,G,,0,0,000000000,00000000000,0,0,0,1,0,0,0,0,0,0,0,45,0,0,0,11,11,2,1,12,0,0,0,1,1,36784,6,1,0,0,3,0,62,130,0,0,0,0,0,0,0,0,0,0,0,0,0,0,1,2,55,1,3,2,1,0,0,1,60,1,1,1,45,0,0
1,10323,3,4,3,11,6,9,35,12,7,1,0,1,1,37,32,37032,4,2005,1HGCM56465A1,1,H,G,C,M,5,6,4,6,5,A,1,0,P,HOND,ULX,4D,5,17,3177,,0,1079,,G,,0,0,000000000,00000000000,0,0,0,1,0,0,0,0,0,0,0,55,0,0,0,3,3,0,1,12,0,0,0,1,1,36744,6,1,6,0,3,1,66,164,1,0,0,1,1,6,2007,5,2008,0,92,0,0,0,1,2,55,1,5,2,1,0,0,1,52,8,1,2,98,0,0
1,10323,4,4,2,11,6,9,35,12,7,1,0,12,1,20,9,20009,2,1969,124379N53674,1,2,4,3,7,9,N,5,3,6,7,4,0,P,,,,,,,,,,,,,0,0,000000000,00000000000,0,0,0,1,0,0,0,0,0,0,0,55,0,0,0,12,12,6,2,12,0,0,0,1,12,34117,6,1,0,0,3,1,74,999,0,0,0,0,0,0,0,0,0,0,0,0,0,0,1,2,55,1,5,2,1,0,0,1,54,1,1,1,98,1,0
1,10324,1,1,1,12,6,4,55,8,0,1,1,99,9,99,999,99999,99,9999,999999999999,9,9,9,9,9,9,9,9,9,9,9,9,0,U,,,,9,17,,,,,,,,0,0,000000000,00000000000,0,0,0,1,0,0,0,0,0,0,0,999,0,0,0,99,99,9,1,8,0,0,0,1,99,99999,9,9,99,9,9,9,999,999,99,99,99,99,99,99,9999,99,9999,9,99,99,99,99,1,2,98,1,1,2,1,0,0,1,80,99,1,1,13,0,0
1,10325,1,1,3,17,6,13,53,1,0,1,0,28,1,2,404,2404,14,2000,1J4GW58N3YC4,1,J,4,G,W,5,8,N,3,Y,C,4,0,T,JEEP,LMT,4W,0,17,,1,0,1059,GCK,G,,0,0,000000000,00000000000,0,0,0,1,0,0,0,0,0,0,0,70,0,1,3,0,98,6,2,1,0,0,0,1,18,39301,6,1,0,0,3,0,66,160,0,0,0,0,0,0,0,0,0,0,0,0,0,0,2,2,70,1,1,2,1,0,0,1,12,1,1,4,6,1,0
1,10326,1,2,1,18,6,21,0,12,2,1,0,47,1,20,481,20481,31,1984,1GCCC14H9EF3,1,G,C,C,C,1,4,H,9,E,F,3,0,T,CHEV,C10,PK,84,17,,1,1315,1175,C10,G,,0,0,000000000,00000000000,0,0,0,1,0,0,0,0,0,0,0,50,0,0,0,12,12,6,2,12,0,0,0,1,47,37348,6,1,0,0,3,0,72,165,1,0,0,0,0,3,2010,3,2010,0,28,0,0,0,1,2,55,1,1,2,1,0,0,1,10,1,1,2,50,1,1
1,10326,2,2,2,18,6,21,0,12,2,1,0,1,1,49,43,49043,4,1998,4T1BF18B4WU2,4,T,1,B,F,1,8,B,4,W,U,2,0,P,TOYT,UVS,4D,98,17,3340,,0,1071,,G,,0,0,000000000,00000000000,0,0,0,1,0,0,0,0,0,0,0,35,0,0,0,12,12,6,2,12,0,0,0,1,1,35739,6,1,0,0,3,0,65,120,0,0,0,0,0,0,0,0,0,0,0,0,0,0,1,2,55,1,1,2,1,0,0,1,62,1,1,1,51,0,0
1,10327,1,1,3,19,6,18,45,14,0,1,0,1,1,20,421,20421,15,2005,1GNEC13T95R1,1,G,N,E,C,1,3,T,9,5,R,1,0,P,CHEV,CTA,UT,5,17,4975,,0,1160,,G,,0,0,000000000,00000000000,0,0,0,1,0,0,0,0,0,0,0,65,0,1,5,2,2,6,2,1,0,0,0,1,1,36921,6,1,0,0,3,0,69,120,0,0,0,2,0,5,2008,7,2009,1,0,0,0,0,1,2,45,3,1,2,2,0,0,14,6,1,2,4,7,1,0
1,10328,1,1,1,20,6,2,30,8,0,1,1,99,9,99,999,99999,99,9999,999999999999,9,9,9,9,9,9,9,9,9,9,9,9,0,U,,,,9,17,,,,,,,,0,0,000000000,00000000000,0,0,0,1,0,0,0,0,0,0,0,999,0,0,0,12,12,9,1,8,99,99,0,1,99,99999,9,9,99,9,9,9,999,999,99,99,99,99,99,99,9999,99,9999,9,99,99,99,99,1,2,55,1,6,2,1,0,0,1,80,99,1,1,13,0,0
1,10329,1,1,1,21,6,5,45,34,0,1,0,92,0,41,37,41037,4,1999,1YVGF22C6X58,1,Y,V,G,F,2,2,C,6,X,5,8,0,P,MAZD,U6X,4D,99,17,2798,,0,1051,,G,,0,0,000000000,00000000000,0,0,0,1,0,0,0,0,0,0,0,55,0,1,5,12,98,6,2,1,0,0,0,1,1,35958,6,1,0,0,3,0,72,270,0,0,0,0,0,0,0,0,0,0,0,0,0,0,1,2,55,2,6,2,1,0,0,14,13,1,1,4,1,1,0
1,10330,1,1,3,21,6,16,23,1,0,1,0,1,2,12,422,12422,15,2000,1FMRU15L1YLB,1,F,M,R,U,1,5,L,1,Y,L,B,0,P,FORD,EPT,UT,0,17,4886,,0,1191,,G,,0,0,000000000,00000000000,0,0,0,1,0,0,0,0,0,0,0,65,0,1,1,0,98,6,2,1,0,0,0,1,1,35148,6,1,0,0,3,0,62,125,2,0,0,0,0,3,2009,5,2009,0,58,0,0,0,2,2,65,1,1,2,1,0,0,1,8,7,3,6,98,1,0
1,10331,1,1,1,22,6,1,14,32,0,1,0,1,2,7,442,7442,20,1997,2B4GP4432VR2,2,B,4,G,P,4,4,3,2,V,R,2,0,P,DODG,CAR,SV,97,17,3748,,0,1193,,G,,0,0,000000000,00000000000,0,0,0,1,0,0,0,0,0,0,0,70,0,1,5,12,98,6,2,1,0,0,0,1,1,35980,6,1,0,0,3,0,68,176,2,2,0,3,3,7,2008,11,2009,1,0,0,0,0,1,2,45,2,6,2,1,0,0,14,12,1,1,4,6,1,1
1,10332,1,1,1,26,6,9,15,34,0,1,0,1,1,49,43,49043,4,1998,4T1BF18B8WU2,4,T,1,B,F,1,8,B,8,W,U,2,0,P,TOYT,UVS,4D,98,17,3340,,0,1071,,G,,0,0,000000000,00000000000,0,0,0,1,0,0,0,0,0,0,0,50,0,1,5,12,98,6,2,1,0,0,0,1,1,36025,6,1,0,0,3,0,62,150,0,0,0,2,2,12,2008,5,2010,1,0,0,0,0,1,2,35,1,5,5,1,0,0,1,12,1,1,4,6,1,1
1,10333,1,1,1,27,6,16,0,35,0,1,0,1,1,72,706,72706,80,2007,1HD1FC4167Y6,1,H,D,1,F,C,4,1,6,7,Y,6,0,M,HD,FLU,RS,7,17,,,,,,,1584,0,0,000000000,00000000000,0,0,0,1,0,0,0,0,0,0,0,55,0,0,0,12,12,6,2,35,0,0,0,1,1,36471,6,1,0,0,3,1,66,200,0,0,0,0,1,3,2009,3,2009,0,0,0,0,0,1,2,55,3,6,2,1,0,0,14,13,1,1,4,1,1,0
1,10334,1,2,5,28,6,11,14,12,2,1,0,1,2,12,401,12401,14,2002,1FMZU73E32UA,1,F,M,Z,U,7,3,E,3,2,U,A,0,P,FORD,EPR,UT,2,17,4378,,0,1137,,G,,0,0,000000000,00000000000,0,0,0,1,0,0,0,0,0,0,0,999,0,0,0,12,12,6,2,12,0,0,0,1,1,35405,6,2,0,0,3,0,70,160,0,0,0,0,0,0,0,0,0,1,0,0,0,0,1,2,50,1,1,2,1,0,0,6,54,6,1,4,50,0,0
1,10334,2,2,3,28,6,11,14,12,2,1,0,1,2,18,22,18022,4,2005,2G4WD5329512,2,G,4,W,D,5,3,2,9,5,1,2,0,P,BUIC,LAL,4D,5,17,3502,,0,1138,,G,,0,0,000000000,00000000000,0,0,0,1,0,0,0,0,0,0,0,999,0,0,0,12,12,6,2,12,0,0,0,1,1,35406,6,1,0,0,3,1,65,150,1,0,0,0,0,3,2010,3,2010,0,89,0,0,0,1,2,50,1,1,2,1,0,0,1,62,7,1,4,51,1,0
1,10335,1,1,1,29,6,18,40,30,0,1,0,1,1,12,481,12481,31,2007,1FDWW34P47EA,1,F,D,W,W,3,4,P,4,7,E,A,0,T,FORD,F3S,CH,7,17,,3,0,1760,SRW,D,,0,0,000000000,00000000000,0,0,0,1,0,0,0,0,0,0,0,65,0,0,0,4,12,6,2,42,0,0,0,1,1,35120,6,1,0,0,3,1,72,170,0,0,0,1,0,5,2010,5,2010,1,0,0,0,0,1,2,40,3,6,2,1,0,0,14,13,1,1,4,1,1,1
1,10336,1,1,2,29,6,20,20,59,0,1,0,1,1,76,705,76705,80,2007,JYARJ06E07A0,J,Y,A,R,J,0,6,E,0,7,A,0,0,M,YAMA,F6S,RS,7,17,,,,,,,600,0,0,000000000,00000000000,0,0,0,1,0,0,0,0,0,0,0,75,0,0,0,12,98,6,2,1,0,0,0,1,1,35805,1,1,0,0,2,0,66,130,0,1,0,0,1,9,2008,12,2008,1,0,0,0,0,1,2,30,2,3,2,1,0,0,14,6,3,2,4,7,1,0
1,10337,1,5,2,30,6,18,0,12,1,1,0,1,1,12,401,12401,14,2003,1FMDU63K23UB,1,F,M,D,U,6,3,K,2,3,U,B,0,P,FORD,EPR,UT,3,17,4094,,0,1137,,F,,0,0,000000000,00000000000,0,0,0,1,0,0,0,0,0,0,0,999,0,0,0,12,12,6,2,12,0,0,0,1,1,35773,6,1,0,0,3,0,67,160,1,1,0,1,0,3,2008,5,2009,0,0,0,0,0,2,2,55,1,1,2,1,3,3,1,50,1,1,1,20,0,0
1,10337,2,5,2,30,6,18,0,12,1,1,0,1,2,49,43,49043,4,2009,4T1BK36B99U3,4,T,1,B,K,3,6,B,9,9,U,3,0,P,TOYT,ULT,4D,9,17,3490,,0,1110,,G,,0,0,000000000,00000000000,0,0,0,1,0,0,0,0,0,0,0,0,0,0,0,6,6,6,2,12,0,0,0,1,1,35811,6,1,0,0,3,0,69,170,0,0,0,0,0,0,0,0,0,0,0,0,0,0,2,2,55,1,1,2,1,3,3,5,53,1,1,1,21,1,0
1,10337,3,5,2,30,6,18,0,12,1,1,0,1,1,30,443,30443,20,2009,2V8HW64X79R5,2,V,8,H,W,6,4,X,7,9,R,5,0,P,VOLK,ROT,SV,9,17,0,,0,1212,,G,,0,0,000000000,00000000000,0,0,0,1,0,0,0,0,0,0,0,0,0,0,0,6,6,6,2,12,0,0,0,1,1,35757,6,1,0,0,3,1,72,225,0,0,0,0,0,0,0,0,0,0,92,0,0,0,2,2,55,1,1,2,1,3,3,5,53,1,1,1,98,0,0
1,10337,4,5,1,30,6,18,0,12,1,1,0,1,1,12,3,12003,2,2007,1ZVFT80N7752,1,Z,V,F,T,8,0,N,7,7,5,2,0,P,FORD,MUS,CP,7,17,3352,,0,1071,,G,,0,0,000000000,00000000000,0,0,0,1,0,0,0,0,0,0,0,0,0,0,0,6,6,6,2,12,0,0,0,1,1,35749,6,1,0,0,3,0,62,117,0,0,0,0,0,0,0,0,0,0,0,0,0,0,2,2,55,1,1,2,1,3,3,5,53,1,1,1,98,0,0
1,10337,5,5,1,30,6,18,0,12,1,1,0,1,1,49,40,49040,4,1997,4T1BG22K0VU1,4,T,1,B,G,2,2,K,0,V,U,1,0,P,TOYT,UEX,4D,97,17,2976,,0,1051,,G,,0,0,000000000,00000000000,0,0,0,1,0,0,0,0,0,0,0,0,0,0,0,6,6,0,1,12,0,0,0,1,1,35773,6,1,0,0,3,0,67,160,1,1,2,0,0,3,2008,5,2009,0,0,0,0,0,2,2,55,1,1,2,1,3,3,5,53,1,1,1,98,0,0
1,10338,1,1,1,30,6,23,20,1,0,1,0,13,1,58,421,58421,15,2004,JNRAS08U34X1,J,N,R,A,S,0,8,U,3,4,X,1,0,P,INFI,IFX,UT,4,17,4056,,0,1122,,G,,0,0,000000000,00000000000,0,0,0,1,0,0,0,0,0,0,0,75,0,1,5,0,98,6,2,1,0,0,0,1,13,30165,6,1,6,0,3,0,70,230,98,0,0,0,0,0,0,0,0,0,58,0,0,0,1,2,55,1,1,2,1,0,0,1,12,1,4,4,7,1,1
1,10339,1,2,1,30,6,13,45,12,6,1,0,1,2,22,16,22016,2,2004,1G2JB12F3473,1,G,2,J,B,1,2,F,3,4,7,3,0,P,PONT,SFR,CP,4,17,2771,,0,1041,,G,,0,0,000000000,00000000000,0,0,0,1,0,0,0,0,0,0,0,20,0,0,0,9,9,6,2,12,0,0,0,1,1,36049,6,1,0,0,3,0,61,95,0,0,0,0,0,0,0,0,0,0,39,0,0,0,1,2,45,1,1,2,1,20,3,1,17,1,1,1,89,1,0
1,10339,2,2,1,30,6,13,45,12,6,1,0,1,3,86,881,86881,63,2007,1M2AT04C37M0,1,M,2,A,T,0,4,C,3,7,M,0,0,T,MACK,CTP,TM,7,17,,8,0,0,700,D,,0,57,313655,57313655,3,2,4,1,0,0,0,0,0,0,0,55,0,0,0,12,12,2,1,12,0,0,0,1,1,36092,6,1,6,0,3,1,69,168,0,0,0,0,4,2,2008,11,2009,0,0,0,0,0,2,2,65,1,6,2,1,0,0,1,66,6,1,1,88,0,0
1,10340,1,1,1,3,7,5,0,59,0,1,0,1,1,54,35,54035,4,1997,JH4UA3645VC0,J,H,4,U,A,3,6,4,5,V,C,0,0,P,ACUR,32T,4D,97,17,3349,,0,1118,,G,,0,0,000000000,00000000000,0,0,0,1,0,0,0,0,0,0,0,70,0,1,5,12,98,6,2,35,0,0,0,1,1,36618,6,1,0,0,3,0,69,182,0,0,0,0,0,0,0,0,0,1,0,0,0,0,1,2,55,3,6,2,1,0,0,14,13,1,1,4,1,1,1