STATE,ST_CASE,VEH_NO,VE_FORMS,NUMOCCS,DAY,MONTH,HOUR,MINUTE,HARM_EV,MAN_COLL,UNITTYPE,HIT_RUN,REG_STAT,OWNER,MAKE,MODEL,MAK_MOD,BODY_TYP,MOD_YEAR,VIN,VIN_1,VIN_2,VIN_3,VIN_4,VIN_5,VIN_6,VIN_7,VIN_8,VIN_9,VIN_10,VIN_11,VIN_12,TOW_VEH,VINTYPE,VINMAKE,VINA_MOD,VIN_BT,VINMODYR,VIN_LNGT,VIN_WGT,WGTCD_TR,WHLBS_LG,WHLBS_SH,SER_TR,FUELCODE,MCYCL_DS,J_KNIFE,MCARR_I1,MCARR_I2,MCARR_ID,GVWR,V_CONFIG,CARGO_BT,HAZ_INV,HAZ_PLAC,HAZ_ID,HAZ_CNO,HAZ_REL,BUS_USE,SPEC_USE,EMER_USE,TRAV_SP,UNDERIDE,ROLLOVER,ROLINLOC,IMPACT1,IMPACT2,DEFORMED,TOWED,M_HARM,VEH_SC1,VEH_SC2,FIRE_EXP,DR_PRES,L_STATE,DR_ZIP,L_STATUS,L_TYPE,CDL_STAT,L_ENDORS,L_COMPL,L_RESTRI,DR_HGT,DR_WGT,PREV_ACC,PREV_SUS,PREV_DWI,PREV_SPD,PREV_OTH,FIRST_MO,FIRST_YR,LAST_MO,LAST_YR,SPEEDREL,DR_SF1,DR_SF2,DR_SF3,DR_SF4,VTRAFWAY,VNUM_LAN,VSPD_LIM,VALIGN,VPROFILE,VPAVETYP,VSURCOND,VTRAFCON,VTCONT_F,P_CRASH1,P_CRASH2,P_CRASH3,PCRASH4,PCRASH5,ACC_TYPE,DEATHS,DR_DRINK
1,10383,1,1,1,18,7,4,8,8,0,1,1,13,1,38,401,38401,14,2000,JACDJ58X6Y7J,J,A,C,D,J,5,8,X,6,Y,7,J,0,P,ISU,TRO,UT,0,17,4455,,0,1087,,G,,0,0,000000000,00000000000,0,0,0,1,0,0,0,0,0,0,0,60,0,0,0,12,12,4,1,8,0,0,0,1,13,30127,6,1,0,0,3,0,72,265,98,0,0,0,0,0,0,0,0,0,0,0,0,0,3,3,60,1,1,2,1,0,0,1,80,1,1,1,13,0,0
1,10384,1,1,1,29,7,22,16,34,0,1,0,1,1,41,37,41037,4,2002,1YVGF22C5252,1,Y,V,G,F,2,2,C,5,2,5,2,0,P,MAZD,U6L,4D,2,17,2864,,0,1051,,G,,0,0,000000000,00000000000,0,0,0,1,0,0,0,0,0,0,0,65,0,1,5,12,98,6,2,34,0,0,0,1,1,35173,0,0,0,0,0,0,65,135,0,0,0,0,0,0,0,0,0,0,0,0,0,0,1,2,45,4,5,2,1,0,0,14,13,1,1,4,1,1,0
1,10385,1,1,2,1,8,21,15,42,0,1,0,1,2,12,481,12481,31,1979,F355NDG7551,F,3,5,5,N,D,G,7,5,5,1,,0,P,,,,,,,,,,,,,0,0,000000000,00000000000,0,0,0,1,0,0,0,0,0,0,0,999,0,0,0,12,12,6,2,42,0,0,0,1,1,35490,1,1,0,0,2,0,71,170,0,1,1,1,1,10,2007,12,2009,1,58,0,0,0,1,2,45,1,1,2,1,0,0,1,6,1,9,4,6,2,1
1,10386,1,2,2,23,7,21,20,12,1,1,0,1,1,50,706,50706,80,2008,SMTC05LR88J3,S,M,T,C,0,5,L,R,8,8,J,3,0,M,TRIU,RCT,RS,8,17,,,,,,,2294,0,0,000000000,00000000000,0,0,0,1,0,0,0,0,0,0,0,75,0,0,0,12,12,6,2,12,0,0,0,1,1,35640,6,1,0,0,3,0,73,245,0,0,0,0,0,0,0,0,0,0,89,0,0,0,2,2,50,1,1,2,1,0,0,1,51,1,1,1,24,1,1
1,10386,2,2,5,23,7,21,20,12,1,1,0,1,2,2,403,2403,14,2004,1J4FA39S34P7,1,J,4,F,A,3,9,S,3,4,P,7,0,T,JEEP,WXR,2W,4,17,,1,0,934,WRA,G,,0,0,000000000,00000000000,0,0,0,1,0,0,0,0,0,0,0,30,0,0,0,6,6,2,3,12,0,0,0,1,1,35640,6,1,0,0,3,0,63,130,0,0,0,0,0,0,0,0,0,0,0,0,0,0,2,2,50,1,1,2,1,0,0,1,53,1,1,1,25,0,0
1,10387,1,2,2,2,8,10,30,12,6,1,0,1,1,49,40,49040,4,2007,4T1BE46K07U6,4,T,1,B,E,4,6,K,0,7,U,6,0,P,TOYT,CMB,4D,7,17,3108,,0,1093,,G,,0,0,000000000,00000000000,0,0,0,1,0,0,0,0,0,0,0,20,0,0,0,1,1,6,2,12,0,0,0,1,1,36877,6,1,0,0,3,0,64,131,0,0,0,0,0,0,0,0,0,0,48,0,0,0,2,2,50,1,1,2,1,3,3,11,15,1,1,1,68,1,0
1,10387,2,2,1,2,8,10,30,12,6,1,0,13,3,82,881,82881,63,2000,1FV6HLBA1YHF,1,F,V,6,H,L,B,A,1,Y,H,F,0,T,FRHT,F70,CC,0,17,,7,0,0,MCV,D,,0,57,425136,57425136,3,1,3,1,0,0,0,0,0,0,0,40,0,0,0,12,12,6,2,12,0,0,0,1,13,31902,6,1,6,0,3,0,71,190,98,0,0,0,0,0,0,0,0,0,0,0,0,0,2,2,50,1,1,2,1,3,3,1,66,1,1,1,69,0,0
1,10388,1,1,1,4,8,1,30,42,0,1,0,1,1,37,32,37032,2,2003,1HGCM712X3A0,1,H,G,C,M,7,1,2,X,3,A,0,0,P,HOND,ULX,CP,3,17,2994,,0,1051,,G,,0,0,000000000,00000000000,0,0,0,1,0,0,0,0,0,0,0,999,0,0,0,12,12,6,2,42,0,0,0,1,1,36608,6,1,0,0,3,0,71,210,0,0,0,0,0,0,0,0,0,0,99,99,99,99,1,2,40,1,5,2,1,0,0,1,13,1,1,4,1,1,1
1,10389,1,2,5,8,8,9,42,12,1,1,0,1,1,12,401,12401,14,1999,1FMZU32X1XZA,1,F,M,Z,U,3,2,X,1,X,Z,A,0,P,FORD,EPR,UT,99,17,3891,,0,1116,,G,,0,0,000000000,00000000000,0,0,0,1,0,0,0,0,0,0,0,25,0,1,1,6,6,6,2,12,0,0,0,1,1,35603,0,0,0,0,0,0,999,999,0,0,0,0,0,0,0,0,0,0,48,0,0,0,2,2,55,1,5,2,1,0,0,2,53,1,1,1,29,1,0
1,10389,2,2,1,8,8,9,42,12,1,1,0,93,3,85,881,85881,66,2006,1XKADB9X66J1,1,X,K,A,D,B,9,X,6,6,J,1,1,T,KW,T60,DS,6,17,,8,2600,1600,CON,D,,1,57,53467,5753467,3,6,2,1,0,0,0,0,0,0,0,55,0,0,0,12,12,6,2,12,0,0,0,1,13,30125,6,1,6,0,3,0,69,180,98,0,0,0,0,0,0,0,0,0,0,0,0,0,2,2,55,1,5,2,1,0,0,1,52,8,1,2,28,0,0
1,10391,1,2,1,17,5,7,0,12,1,1,0,1,1,23,431,23431,16,2002,1GKEC16ZX2J2,1,G,K,E,C,1,6,Z,X,2,J,2,0,T,GMC,CX1,4W,2,17,,2,0,1300,YUK,F,,0,0,000000000,00000000000,0,0,0,1,0,0,0,0,0,0,0,55,0,0,0,12,12,6,2,12,0,0,0,1,1,35186,6,1,0,0,3,0,70,175,0,0,0,0,0,0,0,0,0,0,89,0,0,0,1,2,55,1,1,2,1,0,0,1,50,1,1,1,20,1,0
1,10391,2,2,1,17,5,7,0,12,1,1,0,1,1,82,881,82881,66,1999,1FUYDZYB8XLA,1,F,U,Y,D,Z,Y,B,8,X,L,A,1,T,FRHT,FLD,DS,99,17,,8,0,0,CON,D,,1,57,151561,57151561,3,6,9,1,0,0,0,0,0,0,0,0,0,0,0,6,6,6,8,12,0,0,0,1,1,35051,6,1,6,0,3,1,68,170,0,0,0,0,5,10,2007,12,2009,0,0,0,0,0,1,2,55,1,1,2,1,0,0,1,53,1,1,1,21,0,0
1,10392,1,1,2,13,7,14,39,42,0,1,0,1,2,12,481,12481,31,2008,1FTPW14V78FA,1,F,T,P,W,1,4,V,7,8,F,A,0,T,FORD,F1S,CW,8,17,,2,1500,1390,COF,F,,0,0,000000000,00000000000,0,0,0,1,0,0,0,0,0,0,0,65,0,0,0,11,11,6,2,42,0,0,0,1,1,36854,6,1,0,0,3,1,66,160,0,0,0,0,0,0,0,0,0,0,0,0,0,0,1,2,55,1,6,2,1,0,0,1,12,1,1,4,6,1,0
1,10393,1,2,1,17,7,19,50,12,2,1,0,1,2,20,32,20032,4,1995,1Y1SK5260SZ0,1,Y,1,S,K,5,2,6,0,S,Z,0,0,P,GEO,GEP,4D,95,17,2348,,0,971,,G,,0,0,000000000,00000000000,0,0,0,1,0,0,0,0,0,0,0,999,0,0,0,12,12,6,2,12,0,0,0,1,1,36759,6,1,6,0,3,0,69,240,0,0,0,1,0,2,2009,2,2009,0,0,0,0,0,1,2,55,3,1,2,2,0,0,14,62,1,1,1,51,1,0
1,10393,2,2,2,17,7,19,50,12,2,1,0,1,1,34,34,34034,2,1995,WBABF4325SEK,W,B,A,B,F,4,3,2,5,S,E,K,0,P,BMW,2SA,CP,95,17,3164,,0,1063,,G,,0,0,000000000,00000000000,0,0,0,1,0,0,0,0,0,0,0,999,0,1,1,12,12,6,2,12,0,0,0,1,1,36701,1,7,0,0,2,1,67,160,0,5,0,0,0,10,2007,4,2010,0,28,0,0,0,1,2,55,2,1,2,2,0,0,14,10,1,1,2,50,0,1
1,10394,1,1,3,22,7,16,14,42,0,1,0,92,0,41,37,41037,4,1991,JM1BG224XM02,J,M,1,B,G,2,2,4,X,M,0,2,0,P,MAZD,PDX,4D,91,17,2249,,0,984,,G,,0,0,000000000,00000000000,0,0,0,1,0,0,0,0,0,0,0,65,0,0,0,12,12,6,2,42,0,0,0,1,1,36513,0,0,0,0,0,0,999,999,0,0,0,0,0,0,0,0,0,1,39,0,0,0,1,2,45,1,1,2,1,20,3,11,13,1,1,4,1,1,0
1,10395,1,1,1,30,7,19,0,42,0,1,0,0,0,76,734,76734,90,2006,JY4AM03Y06C0,J,Y,4,A,M,0,3,Y,0,6,C,0,0,M,YAMA,Y6W,AT,6,17,,,,,,,660,0,0,000000000,00000000000,0,0,0,1,0,0,0,0,0,0,0,999,0,0,0,12,12,6,2,42,0,0,0,1,1,36830,6,1,0,0,1,0,75,265,1,0,0,1,0,9,2007,1,2009,9,0,0,0,0,1,2,45,3,5,2,1,0,0,14,13,1,1,4,1,1,0
1,10396,1,1,1,31,7,2,30,8,0,1,0,1,1,12,422,12422,15,1997,1FMEU1763VLA,1,F,M,E,U,1,7,6,3,V,L,A,0,P,FORD,EPT,UT,97,17,4827,,0,1190,,G,,0,0,000000000,00000000000,0,0,0,1,0,0,0,0,0,0,0,60,0,0,0,12,12,4,3,8,0,0,0,1,1,36027,6,1,0,0,3,0,77,205,0,0,0,0,1,3,2009,3,2009,0,0,0,0,0,2,2,55,1,1,2,1,0,0,1,80,1,1,1,13,0,0
1,10397,1,1,1,31,7,4,0,34,0,1,0,2,1,37,706,37706,80,1998,1HFSC3407WA1,1,H,F,S,C,3,4,0,7,W,A,1,0,M,HOND,GLC,RS,98,17,,,,,,,1520,0,0,000000000,00000000000,0,0,0,1,0,0,0,0,0,0,0,90,0,0,0,1,98,6,2,34,0,0,0,1,2,99508,6,1,3,0,3,0,70,200,0,0,0,0,0,0,0,0,0,1,0,0,0,0,1,2,55,3,5,2,1,0,0,14,13,1,1,4,1,1,1
1,10398,1,2,1,17,3,9,0,12,6,1,0,1,1,37,31,37031,4,1994,JHMEH9593R50,J,H,M,E,H,9,5,9,3,R,5,0,0,P,HOND,CEX,4D,94,17,2459,,0,1032,,G,,0,0,000000000,00000000000,0,0,0,1,0,0,0,0,0,0,0,25,0,0,0,11,11,6,2,12,0,0,0,1,1,36069,6,1,0,0,3,0,62,190,0,0,0,0,0,0,0,0,0,0,39,0,0,0,2,2,65,1,1,2,1,20,3,1,17,1,1,1,89,1,0
1,10398,2,2,1,17,3,9,0,12,6,1,0,1,1,38,402,38402,14,1995,4S2CK58V1S43,4,S,2,C,K,5,8,V,1,S,4,3,0,P,ISU,ROD,UT,95,17,0,,0,1087,,G,,0,0,000000000,00000000000,0,0,0,1,0,0,0,0,0,0,0,64,0,0,0,12,12,6,2,12,0,0,0,1,12,36106,6,1,6,1,3,1,71,999,0,0,0,0,0,0,0,0,0,0,0,0,0,0,2,2,65,1,1,2,1,4,3,1,66,1,1,1,88,0,0
1,10399,1,2,1,31,7,22,35,12,2,1,0,1,1,7,482,7482,31,1995,1B7HC16Y3SS3,1,B,7,H,C,1,6,Y,3,S,S,3,0,T,DODG,150,PK,95,17,,2,1347,1187,RPC,G,,0,0,000000000,00000000000,0,0,0,1,0,0,0,0,0,0,0,999,0,0,0,12,12,6,2,12,0,0,0,1,1,36567,2,1,0,0,2,0,73,150,0,3,1,0,3,6,2008,7,2010,0,28,0,0,0,1,2,45,1,1,2,1,0,0,1,10,1,1,2,50,0,1
1,10399,2,2,1,31,7,22,35,12,2,1,0,1,1,49,47,49047,6,2003,2T1KR32E83C0,2,T,1,K,R,3,2,E,8,3,C,0,0,P,TOYT,CTR,4H,3,17,2679,,0,1024,,G,,0,0,000000000,00000000000,0,0,0,1,0,0,0,0,0,0,0,999,0,0,0,12,12,6,2,12,0,0,0,1,1,36567,6,1,0,0,3,0,61,120,0,0,0,0,0,0,0,0,0,0,0,0,0,0,1,2,45,1,1,2,1,0,0,1,62,1,1,1,51,1,0
1,10400,1,1,1,31,7,0,30,42,0,1,0,1,1,21,21,21021,4,2000,1G3NF52E5YC3,1,G,3,N,F,5,2,E,5,Y,C,3,0,P,OLDS,AGS,4D,0,17,3022,,0,1070,,G,,0,0,000000000,00000000000,0,0,0,1,0,0,0,0,0,0,0,70,0,0,0,9,9,6,2,42,0,0,0,1,1,36003,6,1,0,0,3,0,67,145,1,1,1,1,1,8,2007,4,2008,1,0,0,0,0,1,2,45,1,1,2,1,0,0,6,6,1,4,4,2,1,1
1,10401,1,1,2,1,8,15,30,8,0,1,0,1,2,49,471,49471,30,1990,JT4VN93DXL00,J,T,4,V,N,9,3,D,X,L,0,0,0,T,TOYT,ELD,PC,90,17,,1,0,1215,HTP,G,,0,0,000000000,00000000000,0,0,0,1,0,0,0,0,0,0,0,55,0,0,0,12,12,4,3,8,0,0,0,1,1,35466,6,1,6,0,3,0,68,999,0,0,0,0,0,0,0,0,0,0,0,0,0,0,1,2,35,1,1,5,1,0,0,1,80,8,1,1,13,0,1
1,10402,1,1,1,1,8,15,15,30,0,1,0,1,2,37,32,37032,4,2000,1HGCG5648YA0,1,H,G,C,G,5,6,4,8,Y,A,0,0,P,HOND,ULX,4D,0,17,3053,,0,1069,,G,,0,0,000000000,00000000000,0,0,0,1,0,0,0,0,0,0,0,70,0,0,0,10,10,6,2,30,0,0,0,1,1,35634,6,1,0,0,3,1,60,120,0,0,0,0,0,0,0,0,0,0,58,0,0,0,1,2,45,1,1,2,1,0,0,1,13,1,3,4,2,1,0
1,10403,1,1,1,1,8,8,5,32,0,1,0,1,1,7,482,7482,31,2003,3D7KU26603G8,3,D,7,K,U,2,6,6,0,3,G,8,0,T,DODG,S25,PK,3,17,,2,0,1405,RPC,D,,0,0,000000000,00000000000,0,0,0,1,0,0,0,0,0,0,0,55,0,1,5,14,98,6,2,1,0,0,0,1,1,35963,6,1,0,0,3,0,69,175,0,0,0,0,0,0,0,0,0,1,0,0,0,0,1,2,45,1,6,2,1,0,0,1,12,1,1,4,6,1,0
1,10404,1,1,1,4,8,14,20,42,0,1,0,1,1,7,28,7028,2,2010,2B3CJ4DV4AH2,2,B,3,C,J,4,D,V,4,A,H,2,0,P,DODG,CHE,CP,10,17,3720,,0,1160,,G,,0,0,000000000,00000000000,0,0,0,1,0,0,0,0,0,0,0,70,0,0,0,12,12,6,2,42,0,0,0,1,1,35453,6,1,0,0,3,0,69,180,0,0,0,1,1,12,2009,6,2010,1,0,0,0,0,1,2,45,2,5,2,1,0,0,14,12,1,1,4,1,1,0
1,10405,1,1,1,5,8,21,30,34,0,1,0,1,1,73,706,73706,80,2000,JKBVNCA15YB5,J,K,B,V,N,C,A,1,5,Y,B,5,0,M,KAWK,VN8,RS,0,17,,,,,,,800,0,0,000000000,00000000000,0,0,0,1,0,0,0,0,0,0,0,35,0,0,0,12,12,6,2,34,0,0,0,1,1,35650,6,1,0,0,3,1,65,140,0,0,0,0,0,0,0,0,0,1,0,0,0,0,1,2,50,2,5,2,1,0,0,14,12,1,1,4,6,1,1
1,10406,1,1,1,6,8,21,5,59,0,1,0,1,2,2,404,2404,14,2001,1J4FF48S31L5,1,J,4,F,F,4,8,S,3,1,L,5,0,T,JEEP,SPT,4W,1,17,,1,0,1014,CHK,G,,0,0,000000000,00000000000,0,0,0,1,0,0,0,0,0,0,0,60,0,0,0,12,12,6,2,2,0,0,1,1,1,36067,6,1,0,0,3,0,61,120,2,2,0,0,0,10,2009,6,2010,0,0,0,0,0,1,2,40,2,5,2,1,0,0,14,12,1,1,4,6,1,0
1,10407,1,2,1,6,8,14,20,12,2,1,0,1,1,52,34,52034,4,2001,4A3AA46G11E1,4,A,3,A,A,4,6,G,1,1,E,1,0,P,MITS,GES,4D,1,17,3075,,0,1037,,G,,0,0,000000000,00000000000,0,0,0,1,0,0,0,0,0,0,0,10,0,0,0,12,12,6,2,12,0,0,0,1,1,36078,6,1,0,0,3,0,66,158,1,0,0,0,0,2,2009,2,2009,0,38,0,0,0,1,2,55,3,5,2,1,0,0,11,15,1,1,1,82,1,0
1,10407,2,2,1,6,8,14,20,12,2,1,0,1,2,7,482,7482,31,1997,3B7HC13Z3VG7,3,B,7,H,C,1,3,Z,3,V,G,7,0,T,DODG,150,PC,97,17,,2,1547,1387,RPC,G,,0,0,000000000,00000000000,0,0,0,1,0,0,0,0,0,0,0,50,0,0,0,12,12,6,2,12,0,0,0,1,1,36024,6,1,0,0,3,0,61,120,0,0,0,0,0,0,0,0,0,0,0,0,0,0,1,2,55,2,6,2,1,0,0,14,71,1,1,1,83,0,0
1,10408,1,2,2,6,8,17,16,12,6,1,0,1,1,13,1,13001,4,1996,1LNLM81W0TY6,1,L,N,L,M,8,1,W,0,T,Y,6,0,P,LINC,EXC,4D,96,17,4040,,0,1174,,G,,0,0,000000000,00000000000,0,0,0,1,0,0,0,0,0,0,0,999,0,0,0,9,9,6,2,12,0,0,0,1,1,35444,6,1,0,0,3,0,67,161,0,0,0,0,0,0,0,0,0,0,38,0,0,0,1,2,45,1,1,2,1,20,3,1,17,1,1,1,89,1,0
1,10408,2,2,2,6,8,17,16,12,6,1,0,1,2,12,37,12037,4,2003,1FAFP34P93W1,1,F,A,F,P,3,4,P,9,3,W,1,0,P,FORD,FCS,4D,3,17,2564,,0,1030,,G,,0,0,000000000,00000000000,0,0,0,1,0,0,0,0,0,0,0,35,0,0,0,12,12,6,2,12,0,0,0,1,1,35401,1,1,0,0,2,1,72,163,0,2,0,1,1,3,2009,7,2009,0,92,0,0,0,1,2,45,1,5,2,1,0,0,1,66,1,1,1,88,0,0
1,10409,1,1,1,6,8,0,30,35,0,1,0,1,1,72,706,72706,80,2009,1HD1HPH189K8,1,H,D,1,H,P,H,1,8,9,K,8,0,M,HD,VRF,RS,9,17,,,,,,,1250,0,0,000000000,00000000000,0,0,0,1,0,0,0,0,0,0,0,65,0,0,0,12,12,6,2,35,0,0,0,1,1,35763,6,1,0,0,3,0,74,206,1,1,0,0,0,9,2007,9,2008,1,0,0,0,0,1,2,40,2,5,2,1,0,0,14,12,1,1,4,6,1,1
1,10410,1,1,1,9,8,14,5,1,0,1,0,92,0,37,709,37709,80,1973,C87502317704,C,8,7,5,0,2,3,1,7,7,0,4,0,P,,,,,,,,,,,,,0,0,000000000,00000000000,0,0,0,1,0,0,0,0,0,0,0,55,0,0,0,0,98,4,3,1,0,0,0,1,1,35960,6,1,0,0,2,0,68,165,1,2,0,0,1,2,2008,7,2009,9,89,0,0,0,1,2,55,2,1,2,1,0,0,14,13,1,1,4,1,1,0
1,10411,1,1,2,11,8,19,15,42,0,1,0,1,2,7,472,7472,30,1999,1B7GL22X8XS2,1,B,7,G,L,2,2,X,8,X,S,2,0,T,DODG,DAK,PC,99,17,,1,0,1309,DAK,G,,0,0,000000000,00000000000,0,0,0,1,0,0,0,0,0,0,0,65,0,0,0,3,3,6,2,42,0,0,0,1,1,35135,6,2,0,0,3,0,64,104,0,0,0,0,0,0,0,0,0,1,52,0,0,0,1,2,35,1,1,2,1,0,0,1,6,1,4,4,7,1,0
1,10412,1,1,1,23,7,12,45,42,0,1,0,1,2,12,481,12481,31,2006,1FTRF12226NB,1,F,T,R,F,1,2,2,2,6,N,B,0,T,FORD,F15,PK,6,17,,2,1450,1260,COF,G,,0,0,000000000,00000000000,0,0,0,1,0,0,0,0,0,0,0,75,0,0,0,11,11,6,2,42,0,0,0,1,1,35968,6,1,0,0,3,0,73,200,0,1,0,0,0,4,2008,4,2008,0,89,58,0,0,2,2,70,1,1,2,1,0,0,1,12,1,2,4,7,1,0
1,10413,1,2,1,28,7,14,55,12,1,1,0,92,0,98,998,98998,97,2002,000000000000,0,0,0,0,0,0,0,0,0,0,0,0,0,U,,,,,17,,,,,,,,0,0,000000000,00000000000,0,0,0,1,0,0,0,0,0,0,0,5,0,0,0,6,6,2,1,12,0,0,0,1,1,35031,6,1,6,0,3,1,67,225,0,0,0,0,0,0,0,0,0,0,0,0,0,0,1,2,35,1,5,2,1,0,0,4,53,1,1,1,25,0,0
1,10413,2,2,1,28,7,14,55,12,1,1,0,1,1,20,481,20481,31,1995,1GCEC14Z0SZ1,1,G,C,E,C,1,4,Z,0,S,Z,1,0,T,CHEV,GC1,PK,95,17,,2,1315,1175,GM4,G,,0,0,000000000,00000000000,0,0,0,1,0,0,0,0,0,0,0,999,0,0,0,12,12,6,2,12,0,0,0,1,1,35172,6,1,0,0,3,1,65,165,0,0,0,0,0,0,0,0,0,0,0,0,0,0,1,2,35,1,5,2,1,0,0,1,51,1,1,1,24,1,0
1,10414,1,2,1,31,7,10,45,12,6,1,0,1,3,12,16,12016,4,2006,2FAFP71W66X1,2,F,A,F,P,7,1,W,6,6,X,1,0,P,FORD,CVP,4D,6,17,0,,0,1147,,G,,0,0,000000000,00000000000,0,0,0,1,0,0,0,0,0,5,0,45,0,0,0,12,12,6,2,12,0,0,0,1,1,35618,6,1,0,0,3,0,72,185,0,0,0,0,0,0,0,0,0,0,89,39,0,0,1,2,45,1,6,2,1,20,3,1,66,1,1,1,88,0,0
1,10414,2,2,2,31,7,10,45,12,6,1,0,1,1,23,471,23471,30,1994,1GTCS19Z1R85,1,G,T,C,S,1,9,Z,1,R,8,5,0,T,GMC,SON,PC,94,17,,1,0,1229,SON,G,,0,0,000000000,00000000000,0,0,0,1,0,0,0,0,0,0,0,50,0,0,0,10,10,6,2,12,0,0,0,1,1,35672,6,1,0,0,3,0,72,190,0,0,0,0,0,0,0,0,0,0,0,0,0,0,1,2,55,1,1,2,1,0,0,1,66,1,1,1,89,2,0
1,10415,1,1,5,31,7,3,30,42,0,1,0,1,2,19,5,19005,2,1993,1G6EL12B1PU6,1,G,6,E,L,1,2,B,1,P,U,6,0,P,CADI,ELD,CP,93,17,3518,,0,1080,,G,,0,0,000000000,00000000000,0,0,0,1,0,0,0,0,0,0,0,60,0,0,0,3,3,6,2,42,0,0,0,1,1,35014,6,1,0,0,3,0,63,190,0,0,0,0,0,0,0,0,0,1,0,0,0,0,1,2,40,3,1,2,1,0,0,14,13,1,1,4,1,3,1
1,10416,1,1,1,10,8,22,13,42,0,1,0,1,1,13,1,13001,4,1998,1LNFM83W1WY6,1,L,N,F,M,8,3,W,1,W,Y,6,0,P,LINC,CAR,4D,98,17,0,,0,1177,,G,,0,0,000000000,00000000000,0,0,0,1,0,0,0,0,0,0,0,999,0,1,5,11,98,6,2,42,0,0,0,1,1,35043,6,1,0,0,3,0,68,152,0,0,0,0,0,0,0,0,0,0,0,0,0,0,1,2,45,2,6,2,1,0,0,14,12,1,1,4,6,1,0
1,10417,1,1,1,10,8,22,0,1,0,1,0,1,1,37,706,37706,80,2006,JH2RC50036M2,J,H,2,R,C,5,0,0,3,6,M,2,0,M,HOND,T7C,RS,6,17,,,,,,,750,0,0,000000000,00000000000,0,0,0,1,0,0,0,0,0,0,0,60,0,0,0,0,98,6,2,42,0,0,0,1,1,35594,6,1,0,0,3,0,72,190,0,0,0,0,0,0,0,0,0,1,0,0,0,0,1,2,40,2,6,2,1,0,0,14,6,3,2,1,98,1,0
1,10418,1,2,1,10,8,5,56,12,6,1,0,1,3,86,881,86881,63,2007,1M2AT13C77M0,1,M,2,A,T,1,3,C,7,7,M,0,0,T,MACK,CTP,TM,7,17,,8,0,0,700,D,,0,57,1773995,571773995,3,2,5,1,0,0,0,0,0,0,0,10,0,0,0,7,7,6,2,12,0,0,0,1,1,35611,6,1,6,0,3,0,76,250,0,0,0,0,0,0,0,0,0,0,38,0,0,0,1,2,35,1,1,2,1,20,3,11,15,1,1,1,82,0,0
1,10418,2,2,1,10,8,5,56,12,6,1,0,1,1,49,43,49043,4,1997,4T1BF12B9VU2,4,T,1,B,F,1,2,B,9,V,U,2,0,P,TOYT,UVS,4D,97,17,3263,,0,1071,,G,,0,0,000000000,00000000000,0,0,0,1,0,0,0,0,0,0,0,60,0,1,1,12,12,6,2,12,0,0,0,1,1,35614,6,1,0,0,3,1,67,185,0,0,0,1,0,9,2008,9,2008,0,0,0,0,0,2,2,60,1,6,2,1,0,0,1,67,1,1,1,83,1,0
1,10419,1,1,2,11,8,22,0,42,0,1,0,1,2,49,43,49043,4,2000,4T1BF28B7YU0,4,T,1,B,F,2,8,B,7,Y,U,0,0,P,TOYT,UVS,4D,0,17,3335,,0,1071,,G,,0,0,000000000,00000000000,0,0,0,1,0,0,0,0,0,0,0,70,0,1,5,2,98,6,2,42,0,0,0,1,1,35446,1,1,0,0,2,0,61,98,0,1,0,0,0,12,2008,12,2008,1,58,0,0,0,1,2,45,3,6,2,1,0,0,14,6,1,4,4,7,1,0
1,10420,1,1,1,11,8,10,30,42,0,1,0,1,1,98,709,98709,80,2006,LHJLC79H96B0,L,H,J,L,C,7,9,H,9,6,B,0,0,U,,,,6,17,,,,,,,,0,0,000000000,00000000000,0,0,0,1,0,0,0,0,0,0,0,40,0,0,0,12,12,6,2,42,0,0,0,1,1,35674,6,1,0,0,3,0,69,190,0,0,0,0,0,0,0,0,0,1,0,0,0,0,1,2,40,3,6,2,1,0,0,14,13,1,1,4,1,1,0
1,10421,1,2,5,21,8,14,40,12,6,1,0,1,1,12,401,12401,14,1996,1FMDU32X5TUD,1,F,M,D,U,3,2,X,5,T,U,D,0,P,FORD,EPR,UT,96,17,3952,,0,1115,,G,,0,0,000000000,00000000000,0,0,0,1,0,0,0,0,0,0,0,35,0,0,0,3,3,6,2,12,0,0,0,1,1,35950,6,1,0,0,3,0,68,130,2,0,0,0,0,9,2007,10,2009,0,38,0,0,0,2,4,65,1,1,2,1,0,0,11,55,1,1,1,68,0,0
1,10421,2,2,1,21,8,14,40,12,6,1,0,1,1,37,31,37031,4,2001,2HGES15581H5,2,H,G,E,S,1,5,5,8,1,H,5,0,P,HOND,UCL,4D,1,17,2465,,0,1031,,G,,0,0,000000000,00000000000,0,0,0,1,0,0,0,0,0,0,0,55,0,0,0,12,12,6,2,12,0,0,0,1,1,35904,6,1,0,0,3,1,62,115,0,0,0,0,0,0,0,0,0,0,0,0,0,0,2,2,65,1,1,2,1,0,0,1,55,1,1,1,69,1,0
1,10422,1,1,1,12,8,14,14,32,0,1,0,1,1,37,706,37706,80,1983,1HFSC0210DA3,1,H,F,S,C,0,2,1,0,D,A,3,0,M,HOND,G1I,RS,83,17,,,,,,,1100,0,0,000000000,00000000000,0,0,0,1,0,0,0,0,0,0,0,50,0,0,0,12,12,6,2,35,0,0,0,1,1,35077,6,1,0,0,3,0,68,225,0,0,0,1,0,3,2008,3,2008,1,0,0,0,0,1,2,40,2,5,2,1,0,0,14,12,1,1,4,6,1,1
1,10423,1,1,1,12,8,20,35,11,0,1,0,1,2,12,17,12017,4,2004,1FAFP53244G1,1,F,A,F,P,5,3,2,4,4,G,1,0,P,FORD,TSE,4D,4,17,3306,,0,1085,,F,,0,0,000000000,00000000000,0,0,0,1,0,0,0,0,0,0,0,65,0,0,0,12,12,6,2,11,0,0,0,1,39,44128,6,1,0,0,3,1,70,170,1,0,0,1,0,9,2007,2,2009,1,0,0,0,0,1,2,55,1,6,2,1,0,0,1,87,7,2,1,13,1,0