STATE,ST_CASE,VEH_NO,VE_FORMS,NUMOCCS,DAY,MONTH,HOUR,MINUTE,HARM_EV,MAN_COLL,UNITTYPE,HIT_RUN,REG_STAT,OWNER,MAKE,MODEL,MAK_MOD,BODY_TYP,MOD_YEAR,VIN,VIN_1,VIN_2,VIN_3,VIN_4,VIN_5,VIN_6,VIN_7,VIN_8,VIN_9,VIN_10,VIN_11,VIN_12,TOW_VEH,VINTYPE,VINMAKE,VINA_MOD,VIN_BT,VINMODYR,VIN_LNGT,VIN_WGT,WGTCD_TR,WHLBS_LG,WHLBS_SH,SER_TR,FUELCODE,MCYCL_DS,J_KNIFE,MCARR_I1,MCARR_I2,MCARR_ID,GVWR,V_CONFIG,CARGO_BT,HAZ_INV,HAZ_PLAC,HAZ_ID,HAZ_CNO,HAZ_REL,BUS_USE,SPEC_USE,EMER_USE,TRAV_SP,UNDERIDE,ROLLOVER,ROLINLOC,IMPACT1,IMPACT2,DEFORMED,TOWED,M_HARM,VEH_SC1,VEH_SC2,FIRE_EXP,DR_PRES,L_STATE,DR_ZIP,L_STATUS,L_TYPE,CDL_STAT,L_ENDORS,L_COMPL,L_RESTRI,DR_HGT,DR_WGT,PREV_ACC,PREV_SUS,PREV_DWI,PREV_SPD,PREV_OTH,FIRST_MO,FIRST_YR,LAST_MO,LAST_YR,SPEEDREL,DR_SF1,DR_SF2,DR_SF3,DR_SF4,VTRAFWAY,VNUM_LAN,VSPD_LIM,VALIGN,VPROFILE,VPAVETYP,VSURCOND,VTRAFCON,VTCONT_F,P_CRASH1,P_CRASH2,P_CRASH3,PCRASH4,PCRASH5,ACC_TYPE,DEATHS,DR_DRINK
1,10571,1,1,1,14,10,15,47,25,0,1,0,1,1,59,31,59031,4,1994,JT8GK13T3R00,J,T,8,G,K,1,3,T,3,R,0,0,0,P,LEXS,ES3,4D,94,17,3374,,0,1031,,G,,0,0,000000000,00000000000,0,0,0,1,0,0,0,0,0,0,0,999,0,1,1,11,98,6,2,1,0,0,0,1,1,35404,6,1,0,0,3,1,61,107,0,0,0,0,0,0,0,0,0,1,27,0,0,0,3,2,50,1,4,2,1,0,0,15,6,1,4,4,7,1,0
1,10572,1,2,1,14,10,17,20,12,6,1,0,1,1,7,442,7442,20,1990,2B4FK45KXLR6,2,B,4,F,K,4,5,K,X,L,R,6,0,P,DODG,CAR,SV,90,17,3037,,0,1121,,G,,0,0,000000000,00000000000,0,0,0,1,0,0,0,0,0,0,0,15,0,0,0,9,9,6,2,12,0,0,0,1,1,35768,6,1,0,0,3,0,64,215,0,0,0,0,0,0,0,0,0,0,38,0,0,0,1,2,45,1,1,2,1,0,0,11,15,1,1,1,82,1,0
1,10572,2,2,2,14,10,17,20,12,6,1,0,1,1,20,481,20481,31,2001,2GCEK19T5112,2,G,C,E,K,1,9,T,5,1,1,2,0,T,CHEV,SK1,4C,1,17,,2,1575,1435,SIL,G,,0,0,000000000,00000000000,0,0,0,1,0,0,0,0,0,0,0,45,0,0,0,12,12,6,2,12,0,0,0,1,1,35769,6,1,0,0,3,0,71,220,0,0,0,3,0,3,2008,3,2010,0,0,0,0,0,1,2,45,1,1,2,1,0,0,1,72,8,1,1,83,0,0
1,10573,1,1,3,2,10,14,35,1,0,1,0,1,1,12,37,12037,5,2005,3FAFP37N35R1,3,F,A,F,P,3,7,N,3,5,R,1,0,P,FORD,FX5,5D,5,17,2729,,0,1030,,G,,0,0,000000000,00000000000,0,0,0,1,0,0,0,0,0,0,0,65,0,1,3,0,98,6,2,1,0,0,0,1,1,35957,6,1,0,0,3,0,62,150,2,0,0,0,0,10,2008,4,2009,0,0,0,0,0,2,2,65,2,5,2,1,0,0,14,12,7,4,4,7,1,0
1,10574,1,2,1,13,10,13,13,12,7,1,0,1,2,20,2,20002,4,2005,2G1WF52E5591,2,G,1,W,F,5,2,E,5,5,9,1,0,P,CHEV,IMP,4D,5,17,3389,,0,1105,,G,,0,0,000000000,00000000000,0,0,0,1,0,0,0,0,0,0,0,75,0,1,5,1,98,6,2,1,0,0,0,1,1,36874,6,1,0,0,3,0,62,130,0,0,0,1,0,1,2010,1,2010,0,0,0,0,0,2,2,65,3,3,2,1,0,0,17,8,1,2,2,44,0,0
1,10574,2,2,1,13,10,13,13,12,7,1,0,1,2,12,471,12471,30,1993,1FTCR10X8PPB,1,F,T,C,R,1,0,X,8,P,P,B,0,T,FORD,RNG,PK,93,17,,1,1139,1079,RNG,G,,0,0,000000000,00000000000,0,0,0,1,0,0,0,0,0,0,0,55,0,0,0,9,12,6,2,42,0,0,0,1,1,36870,6,1,0,0,3,1,60,120,0,0,0,0,0,0,0,0,0,0,0,0,0,0,2,2,65,2,3,2,1,0,0,14,60,1,1,1,45,1,0
1,10575,1,1,1,16,10,2,35,35,0,1,0,1,1,20,481,20481,31,1997,2GCEK19R4V11,2,G,C,E,K,1,9,R,4,V,1,1,0,T,CHEV,GK1,PC,97,17,,2,1555,1415,GM4,G,,0,0,000000000,00000000000,0,0,0,1,0,0,0,0,0,0,0,50,0,0,0,12,12,6,2,35,0,0,0,1,1,35473,0,0,0,0,0,0,999,999,0,0,0,0,0,0,0,0,0,0,58,0,0,0,2,4,50,1,6,2,1,0,0,99,12,1,1,4,6,1,1
1,10576,1,1,1,16,10,10,10,14,0,1,0,1,2,49,40,49040,4,1999,4T1BG22K4XU4,4,T,1,B,G,2,2,K,4,X,U,4,0,P,TOYT,UEX,4D,99,17,2998,,0,1051,,G,,0,0,000000000,00000000000,0,0,0,1,0,0,0,0,0,0,0,999,0,0,0,12,12,6,2,8,0,0,0,1,1,36618,1,1,0,0,2,1,61,170,1,2,0,0,0,9,2008,7,2010,9,92,0,0,0,1,2,30,1,1,2,1,0,0,1,50,1,1,4,11,0,0
1,10577,1,2,1,16,10,1,0,12,2,1,0,1,1,64,31,64031,4,2002,KLATA52692B6,K,L,A,T,A,5,2,6,9,2,B,6,0,P,DAEW,LNS,4D,2,17,2522,,0,992,,G,,0,0,000000000,00000000000,0,0,0,1,0,0,0,0,0,0,0,999,0,0,0,12,12,6,2,12,0,0,0,1,1,35768,0,0,0,0,0,0,999,999,0,1,1,0,1,4,2008,11,2008,0,51,0,0,0,2,2,60,1,1,2,1,0,0,1,54,1,1,1,50,1,0
1,10577,2,2,2,16,10,1,0,12,2,1,0,1,2,35,47,35047,4,2007,1N4AL21E07N4,1,N,4,A,L,2,1,E,0,7,N,4,0,P,NISS,ATS,4D,7,17,3042,,0,1093,,G,,0,0,000000000,00000000000,0,0,0,1,0,0,0,0,0,0,0,999,0,0,0,12,12,6,2,12,0,0,0,1,1,35769,6,1,0,0,3,1,61,140,0,0,0,0,0,0,0,0,0,0,0,0,0,0,2,2,60,1,1,2,1,0,0,1,54,1,1,1,51,0,0
1,10578,1,1,2,16,10,21,0,42,0,1,0,1,1,42,48,42048,4,2002,WDBJF83J52X0,W,D,B,J,F,8,3,J,5,2,X,0,0,P,MERZ,E43,4D,2,17,3760,,0,1115,,G,,0,0,000000000,00000000000,0,0,0,1,0,0,0,0,0,0,0,110,0,1,5,11,98,6,2,1,0,0,0,1,1,36477,6,1,0,0,3,0,71,144,0,0,0,0,0,0,0,0,0,1,58,0,0,0,1,2,45,3,1,2,1,0,0,14,6,1,4,4,7,1,0
1,10579,1,1,1,17,10,16,30,42,0,1,0,1,2,20,481,20481,31,2005,2GCEC13T4512,2,G,C,E,C,1,3,T,4,5,1,2,0,T,CHEV,SC1,CW,5,17,,2,0,1435,SIL,G,,0,0,000000000,00000000000,0,0,0,1,0,0,0,0,0,0,0,60,0,0,0,12,12,6,2,42,0,0,0,1,1,36022,6,1,0,0,3,0,65,126,1,0,0,0,0,6,2009,6,2009,1,99,99,99,99,1,2,40,3,6,2,1,0,0,14,12,1,1,4,6,1,0
1,10580,1,2,1,18,10,11,50,12,6,1,0,1,1,23,471,23471,30,1994,1GTCS19Z3R85,1,G,T,C,S,1,9,Z,3,R,8,5,0,T,GMC,SON,PC,94,17,,1,0,1229,SON,G,,0,0,000000000,00000000000,0,0,0,1,0,0,0,0,0,0,0,20,0,1,1,3,3,6,2,12,0,0,0,1,1,36582,6,1,0,0,3,0,72,172,0,0,0,0,0,0,0,0,0,0,31,0,0,0,3,2,70,1,5,2,1,0,0,13,53,1,1,2,98,1,0
1,10580,2,2,1,18,10,11,50,12,6,1,0,28,1,37,32,37032,4,1997,1HGCD5539VA0,1,H,G,C,D,5,5,3,9,V,A,0,0,P,HOND,ULE,4D,97,17,2798,,0,1069,,G,,0,0,000000000,00000000000,0,0,0,1,0,0,0,0,0,0,0,70,0,0,0,12,12,6,2,12,0,0,0,1,28,39564,6,1,0,0,3,0,65,120,0,0,0,0,0,0,0,0,0,0,0,0,0,0,3,2,70,1,5,2,1,0,0,1,64,6,1,2,98,0,0
1,10581,1,1,1,21,10,20,0,1,0,1,0,1,1,12,471,12471,30,2002,1FTZR45E32PA,1,F,T,Z,R,4,5,E,3,2,P,A,0,T,FORD,RNS,4C,2,17,,1,0,1259,RNG,G,,0,0,000000000,00000000000,0,0,0,1,0,0,0,0,0,0,0,65,0,1,5,0,98,6,2,1,0,0,0,1,1,35572,6,1,0,0,3,0,63,135,0,0,0,0,0,0,0,0,0,1,58,89,0,0,1,2,45,2,5,2,1,0,0,14,12,7,1,4,6,1,1
1,10582,1,2,1,21,10,13,10,12,2,1,0,18,1,12,17,12017,4,2007,1FAFP53U87A1,1,F,A,F,P,5,3,U,8,7,A,1,0,P,FORD,TSE,4D,7,17,3307,,0,1085,,G,,0,0,000000000,00000000000,0,0,0,1,0,0,0,0,0,0,0,55,0,0,0,12,12,6,2,12,0,0,0,1,18,46816,6,1,0,0,3,1,68,195,1,0,0,0,0,11,2008,11,2008,0,28,0,0,0,1,2,55,3,5,2,1,0,0,14,10,1,1,2,50,1,0
1,10582,2,2,1,21,10,13,10,12,2,1,0,1,3,84,881,84881,66,1997,2HSFHAMR3VC0,2,H,S,F,H,A,M,R,3,V,C,0,1,T,INTL,940,TM,97,17,,8,2340,1600,90S,D,,1,57,1292280,571292280,3,6,3,1,0,0,0,0,0,0,0,55,0,0,0,12,98,6,2,2,0,0,1,1,1,35184,6,1,6,0,3,0,71,142,0,0,0,0,1,5,2009,5,2009,0,0,0,0,0,1,2,55,3,6,2,1,0,0,14,62,3,1,1,51,1,0
1,10583,1,2,2,10,10,12,30,12,6,1,0,1,2,20,22,20022,4,2007,1G1AL55F2771,1,G,1,A,L,5,5,F,2,7,7,1,0,P,CHEV,BLT,4D,7,17,3216,,0,1033,,G,,0,0,000000000,00000000000,0,0,0,1,0,0,0,0,0,0,0,45,0,0,0,12,12,6,2,12,0,0,0,1,1,35016,6,1,0,0,3,0,69,160,2,0,0,0,0,9,2008,10,2008,0,39,0,0,0,1,2,30,1,1,2,1,3,3,1,17,1,1,1,88,1,0
1,10583,2,2,3,10,10,12,30,12,6,1,0,1,1,22,18,22018,4,2001,1G2NF12T21M6,1,G,2,N,F,1,2,T,2,1,M,6,0,P,PONT,SE1,CP,1,17,3066,,0,1070,,G,,0,0,000000000,00000000000,0,0,0,1,0,0,0,0,0,0,0,20,0,0,0,9,9,6,2,12,0,0,0,1,1,35055,6,1,0,0,3,0,66,125,0,0,0,0,0,0,0,0,0,0,0,0,0,0,1,2,30,1,1,2,1,3,3,1,55,1,1,1,89,0,0
1,10584,1,1,2,1,8,1,21,24,0,1,0,1,2,20,471,20471,30,1996,1GCCS1445TK1,1,G,C,C,S,1,4,4,5,T,K,1,0,T,CHEV,S14,PK,96,17,,1,1179,1083,S,G,,0,0,000000000,00000000000,0,0,0,1,0,0,0,0,0,0,0,70,0,1,1,1,98,6,2,1,0,0,0,1,1,35184,6,1,0,0,3,1,71,150,0,0,0,1,0,4,2009,4,2009,0,0,0,0,0,3,2,70,4,5,1,1,0,0,14,13,1,1,4,1,1,1
1,10585,1,2,1,27,9,17,53,12,6,1,0,1,2,76,709,76709,80,2009,JYARJ18E39A0,J,Y,A,R,J,1,8,E,3,9,A,0,0,M,YAMA,Z6R,RC,9,17,,,,,,,600,0,0,000000000,00000000000,0,0,0,1,0,0,0,0,0,0,0,999,0,0,0,2,2,6,2,12,0,0,0,1,1,35040,6,1,6,0,2,0,68,175,1,0,0,0,0,3,2010,3,2010,1,99,99,99,99,1,2,25,1,3,2,1,0,0,1,9,1,4,2,64,1,1
1,10585,2,2,4,27,9,17,53,12,6,1,0,1,1,20,481,20481,31,2006,2GCEK13T4611,2,G,C,E,K,1,3,T,4,6,1,1,0,T,CHEV,SK1,CW,6,17,,2,0,1435,SIL,G,,0,0,000000000,00000000000,0,0,0,1,0,0,0,0,0,0,0,999,0,0,0,12,12,6,2,12,0,0,0,1,1,35040,6,1,0,0,3,1,69,240,0,0,0,1,0,10,2009,10,2009,0,0,0,0,0,1,2,25,1,5,2,1,0,0,1,62,1,1,1,65,0,0
1,10586,1,1,1,13,10,5,0,9,0,1,0,1,3,12,17,12017,4,1996,1FALP52U8TA3,1,F,A,L,P,5,2,U,8,T,A,3,0,P,FORD,TAG,4D,96,17,3347,,0,1085,,G,,0,0,000000000,00000000000,0,0,0,1,0,0,0,0,0,0,0,999,0,0,0,12,12,4,3,9,0,0,0,1,1,36601,6,1,0,0,3,1,76,235,0,0,0,0,0,0,0,0,0,0,89,0,0,0,1,2,50,1,1,2,1,3,3,1,83,1,1,1,13,0,0
1,10587,1,1,4,16,10,1,32,8,0,1,1,1,1,35,47,35047,4,2005,1N4BL11D85N4,1,N,4,B,L,1,1,D,8,5,N,4,0,P,NISS,ASR,4D,5,17,3101,,0,1102,,G,,0,0,000000000,00000000000,0,0,0,1,0,0,0,0,0,0,0,999,0,0,0,12,12,4,1,8,0,0,0,1,1,35401,6,1,0,0,3,0,67,160,1,0,0,1,1,6,2008,9,2010,9,92,0,0,0,5,2,25,1,1,2,1,0,0,1,80,1,1,1,13,0,0
1,10588,1,1,4,23,10,2,30,34,0,1,0,1,2,20,2,20002,4,1991,1G1BL53E6MW1,1,G,1,B,L,5,3,E,6,M,W,1,0,P,CHEV,CAP,4D,91,17,3666,,0,1159,,G,,0,0,000000000,00000000000,0,0,0,1,0,0,0,0,0,0,0,999,0,1,5,99,98,6,2,34,0,0,0,1,1,35401,6,1,0,0,3,1,67,123,0,2,0,0,1,4,2008,10,2008,9,99,99,99,99,2,2,50,1,1,2,1,0,0,99,13,99,1,4,1,1,1
1,10589,1,1,2,14,10,1,25,52,0,1,0,1,2,52,401,52401,14,1993,JA4MR51H5PJ0,J,A,4,M,R,5,1,H,5,P,J,0,0,P,MITS,MON,UT,93,17,4225,,0,1073,,G,,0,0,000000000,00000000000,0,0,0,1,0,0,0,0,0,0,0,70,0,1,5,12,98,6,2,1,0,0,0,1,1,35215,6,1,0,0,3,0,75,230,0,0,0,0,0,0,0,0,0,9,99,99,99,99,2,2,70,1,1,2,1,0,0,1,13,1,1,4,1,1,0
1,10590,1,1,1,20,10,19,50,53,0,1,0,1,2,20,481,20481,31,2003,1GCHC29U83E3,1,G,C,H,C,2,9,U,8,3,E,3,1,T,CHEV,2CH,4C,3,17,,2,1575,1435,SIL,G,,1,0,000000000,00000000000,0,0,0,1,0,0,0,0,0,0,0,85,0,1,5,12,98,6,2,1,0,0,0,1,1,36426,6,1,0,0,3,1,73,195,0,0,0,0,0,0,0,0,0,1,0,0,0,0,1,2,45,3,5,2,1,0,0,14,6,1,1,4,1,1,0
1,10591,1,2,1,22,10,8,20,12,2,1,0,1,2,49,32,49032,4,1996,2T1BA02E2TC1,2,T,1,B,A,0,2,E,2,T,C,1,0,P,TOYT,COA,4D,96,17,2315,,0,970,,G,,0,0,000000000,00000000000,0,0,0,1,0,0,0,0,0,0,0,45,3,0,0,12,12,6,2,12,0,0,0,1,1,35033,6,1,0,0,3,0,72,195,0,0,0,0,0,0,0,0,0,0,28,0,0,0,1,2,45,3,1,2,1,0,0,14,10,1,1,2,50,1,0
1,10591,2,2,1,22,10,8,20,12,2,1,0,1,1,12,881,12881,61,1988,2FDLF47M7JCA,2,F,D,L,F,4,7,M,7,J,C,A,0,T,FORD,FSD,CB,88,17,,4,1610,1370,COF,D,,0,88,888888888,88888888888,2,98,28,1,0,0,0,0,0,0,0,40,0,0,0,12,12,6,2,12,0,0,0,1,1,35033,6,1,0,0,3,0,76,210,0,0,0,0,0,0,0,0,0,0,0,0,0,0,1,2,45,3,1,2,1,0,0,14,62,7,1,2,51,0,0
1,10592,1,1,1,22,10,13,55,42,0,1,0,1,1,20,481,20481,31,1994,1GCDC14Z0RZ2,1,G,C,D,C,1,4,Z,0,R,Z,2,0,T,CHEV,GC1,PK,94,17,,1,1315,1175,GM4,G,,0,0,000000000,00000000000,0,0,0,1,0,0,0,0,0,0,0,70,0,0,0,12,12,6,2,42,0,0,0,1,1,36435,6,1,0,0,3,0,69,240,0,0,0,0,0,0,0,0,0,1,58,0,0,0,1,2,45,1,6,2,1,0,0,6,6,1,4,4,7,1,0
1,10593,1,1,1,23,10,0,14,32,0,1,0,1,1,18,3,18003,4,2002,1G4CW54K0241,1,G,4,C,W,5,4,K,0,2,4,1,0,P,BUIC,PKA,4D,2,17,3788,,0,1138,,G,,0,0,000000000,00000000000,0,0,0,1,0,0,0,0,0,0,0,90,0,0,0,12,12,6,2,32,0,0,0,1,1,35087,6,1,0,0,3,0,75,230,2,0,0,2,0,11,2007,6,2010,1,0,0,0,0,1,2,55,1,1,2,1,0,0,1,13,1,1,4,1,1,1
1,10594,1,1,1,23,10,9,0,42,0,1,0,1,2,20,481,20481,31,1998,1GCEK14R4WE2,1,G,C,E,K,1,4,R,4,W,E,2,0,T,CHEV,GK1,PK,98,17,,2,1315,1175,GM4,G,,0,0,000000000,00000000000,0,0,0,1,0,0,0,0,0,0,0,55,0,0,0,1,1,6,2,42,0,0,0,1,1,35077,6,1,0,0,3,1,74,230,0,0,0,0,0,0,0,0,0,0,99,99,99,99,1,2,55,1,6,2,1,0,0,1,13,1,1,4,1,1,0
1,10595,1,1,1,26,10,20,10,30,0,1,0,48,3,20,481,20481,31,2009,1GCHC49K49E1,1,G,C,H,C,4,9,K,4,9,E,1,0,T,CHEV,2CH,4C,9,17,,2,1575,1435,SIL,G,,0,0,000000000,00000000000,0,0,0,1,0,0,0,0,0,0,0,90,0,0,0,9,9,6,2,30,0,0,0,1,48,78642,6,1,0,0,3,0,999,999,0,0,0,0,0,0,0,0,0,1,58,0,0,0,1,2,55,2,6,2,1,0,0,14,6,1,3,4,2,1,1
1,10596,1,2,3,30,9,20,20,12,6,1,0,1,2,22,18,22018,4,2002,1G2NF52F32C1,1,G,2,N,F,5,2,F,3,2,C,1,0,P,PONT,SE1,4D,2,17,3116,,0,1070,,G,,0,0,000000000,00000000000,0,0,0,1,0,0,0,0,0,0,0,999,0,0,0,8,8,6,2,12,0,0,0,1,1,36116,0,0,0,0,0,0,999,999,0,0,0,0,0,0,0,0,0,0,99,99,99,99,2,4,25,1,1,2,1,20,3,1,55,1,1,1,89,1,1
1,10596,2,2,1,30,9,20,20,12,6,1,0,1,1,84,881,84881,66,2006,2HSCHAPR86C3,2,H,S,C,H,A,P,R,8,6,C,3,1,T,INTL,99I,DS,6,17,,8,0,0,990,D,,1,99,999999999,99999999999,3,6,28,1,0,0,0,0,0,0,0,35,0,0,0,12,12,4,3,12,0,0,0,1,1,35592,6,1,6,0,3,0,71,162,0,0,0,0,0,0,0,0,0,0,0,0,0,0,2,2,55,1,1,2,1,0,0,1,73,1,1,1,88,0,0
1,10597,1,2,2,18,10,8,33,12,2,1,0,1,2,52,46,52046,4,2006,JA3AJ26E66U0,J,A,3,A,J,2,6,E,6,6,U,0,0,P,MITS,LES,4D,6,17,2745,,0,1024,,G,,0,0,000000000,00000000000,0,0,0,1,0,0,0,0,0,0,0,999,0,0,0,12,12,6,2,12,0,0,0,1,1,35216,0,0,0,0,0,0,70,185,0,4,0,0,0,10,2007,10,2007,0,51,0,0,0,1,2,45,1,1,1,1,0,0,1,54,1,1,1,50,1,0
1,10597,2,2,1,18,10,8,33,12,2,1,0,47,3,84,881,84881,62,2003,1HTMMAAM73H5,1,H,T,M,M,A,A,M,7,3,H,5,0,T,INTL,430,CC,3,17,,6,0,0,40S,D,,0,57,876160,57876160,2,1,2,1,0,0,0,0,0,0,0,999,0,0,0,12,12,6,2,12,0,0,0,1,13,30750,6,1,6,0,3,0,72,250,98,0,0,0,0,0,0,0,0,0,0,0,0,0,1,2,45,1,1,1,1,0,0,1,54,1,1,1,51,0,0
1,10598,1,1,3,1,11,2,18,33,0,1,0,1,2,35,39,35039,4,2003,JN1DA31D43T5,J,N,1,D,A,3,1,D,4,3,T,5,0,P,NISS,MGS,4D,3,17,3118,,0,1083,,G,,0,0,000000000,00000000000,0,0,0,1,0,0,0,0,0,0,0,999,0,0,0,99,98,6,2,39,0,0,0,1,1,35810,6,1,0,0,3,0,62,120,0,0,0,0,0,0,0,0,0,9,99,99,99,99,1,2,45,1,1,2,1,0,0,99,9,99,9,4,6,1,0
1,10599,1,1,1,3,11,20,6,34,0,1,0,1,2,63,32,63032,4,2002,KNADC123X261,K,N,A,D,C,1,2,3,X,2,6,1,0,P,KIA,RIO,4D,2,17,2242,,0,949,,G,,0,0,000000000,00000000000,0,0,0,1,0,0,0,0,0,0,0,70,0,1,5,12,12,6,2,34,0,0,0,1,1,35054,6,1,0,0,3,1,61,110,0,0,0,0,0,0,0,0,0,9,0,0,0,0,1,2,35,1,1,2,2,0,0,99,13,1,1,4,1,1,1
1,10600,1,1,1,4,11,6,43,32,0,1,0,1,1,18,2,18002,4,1998,1G4HP52K8WH4,1,G,4,H,P,5,2,K,8,W,H,4,0,P,BUIC,LCF,4D,98,17,3348,,0,1108,,G,,0,0,000000000,00000000000,0,0,0,1,0,0,0,0,0,0,0,70,0,0,0,12,98,6,2,42,0,0,0,1,1,36401,6,1,0,0,3,0,65,150,0,0,0,1,0,5,2008,5,2008,1,0,0,0,0,1,2,55,2,5,2,2,0,0,14,6,1,4,4,2,1,0
1,10601,1,1,2,20,10,15,25,24,0,1,0,1,1,12,3,12003,2,1993,1FACP45E8PF1,1,F,A,C,P,4,5,E,8,P,F,1,0,P,FORD,MCG,CV,93,17,3365,,0,1005,,G,,0,0,000000000,00000000000,0,0,0,1,0,0,0,0,0,0,0,70,0,1,5,12,98,6,2,1,0,0,0,1,1,35054,6,1,0,0,3,0,71,150,0,0,0,0,0,0,0,0,0,0,89,0,0,0,3,3,70,1,1,2,1,0,0,1,13,1,1,4,1,1,0
1,10602,1,1,1,22,10,22,25,42,0,1,0,1,2,49,472,49472,30,2006,3TMJU62N76M0,3,T,M,J,U,6,2,N,7,6,M,0,0,T,TOYT,DCP,CW,6,17,,1,0,1219,TAC,G,,0,0,000000000,00000000000,0,0,0,1,0,0,0,0,0,0,0,55,0,1,5,12,98,6,2,42,0,0,0,1,1,35474,6,1,0,0,3,1,66,130,0,0,0,2,0,3,2010,3,2010,1,89,0,0,0,1,2,45,3,6,2,1,0,0,14,6,1,2,4,7,1,1
1,10603,1,1,4,28,10,15,0,1,0,1,0,1,2,2,404,2404,14,1998,1J4FX58S4WC2,1,J,4,F,X,5,8,S,4,W,C,2,0,T,JEEP,LRT,4W,98,17,,1,0,1059,GCK,G,,0,0,000000000,00000000000,0,0,0,1,0,0,0,0,0,0,0,65,0,1,5,0,98,6,2,1,0,0,0,1,1,35501,6,1,0,0,3,0,67,180,0,0,0,0,0,0,0,0,0,0,85,0,0,0,2,2,65,1,1,2,1,0,0,1,13,7,1,4,3,1,0
1,10604,1,2,1,29,10,18,31,12,1,1,0,1,1,72,706,72706,80,2003,1HD1BXB413Y0,1,H,D,1,B,X,B,4,1,3,Y,0,0,M,HD,ISA,RS,3,17,,,,,,,1450,0,0,000000000,00000000000,0,0,0,1,0,0,0,0,0,0,0,40,0,0,0,12,12,6,2,12,0,0,0,1,1,36054,6,1,0,0,3,0,67,185,0,0,0,0,1,3,2009,3,2009,9,0,0,0,0,1,2,45,1,5,2,1,0,0,1,50,3,1,1,20,1,1
1,10604,2,2,1,29,10,18,31,12,1,1,0,1,1,20,401,20401,14,2002,1GNES16S6261,1,G,N,E,S,1,6,S,6,2,6,1,0,P,CHEV,TRL,UT,2,17,4836,,0,1290,,G,,0,0,000000000,00000000000,0,0,0,1,0,0,0,0,0,0,0,0,0,0,0,6,6,6,2,12,0,0,0,1,1,36105,6,1,0,0,3,0,67,160,0,0,0,0,0,0,0,0,0,0,0,0,0,0,1,2,45,1,5,2,1,0,0,1,53,1,1,1,21,0,0
1,10605,1,1,1,30,10,0,10,35,0,1,0,1,1,6,441,6441,20,2001,2C8GP64L81R3,2,C,8,G,P,6,4,L,8,1,R,3,0,P,CHRY,TWC,SV,1,17,4261,,0,1193,,G,,0,0,000000000,00000000000,0,0,0,1,0,0,0,0,0,0,0,70,0,1,5,12,98,6,2,35,0,0,0,1,1,36526,6,1,0,0,3,0,76,290,0,0,0,0,0,0,0,0,0,1,89,0,0,0,1,2,45,3,1,2,1,0,0,14,13,1,1,4,1,1,1
1,10606,1,1,1,30,10,16,0,1,0,1,0,1,1,37,32,37032,4,1991,JHMCB7540MC0,J,H,M,C,B,7,5,4,0,M,C,0,0,P,HOND,ADL,4D,91,17,2773,,0,1071,,G,,0,0,000000000,00000000000,0,0,0,1,0,0,0,0,0,0,0,65,0,1,5,0,98,6,2,1,0,0,0,1,1,36027,6,1,0,0,3,1,70,160,0,0,0,0,0,0,0,0,0,1,0,0,0,0,1,2,55,1,1,2,1,0,0,1,13,1,1,4,1,1,1
1,10607,1,2,5,30,10,13,30,12,2,1,0,1,2,24,1,24001,4,1997,1G8ZK5270VZ2,1,G,8,Z,K,5,2,7,0,V,Z,2,0,P,STRN,SL2,4D,97,17,2362,,0,1024,,G,,0,0,000000000,00000000000,0,0,0,1,0,0,0,0,0,0,0,65,0,1,5,12,98,6,2,1,0,0,0,1,1,36481,1,1,0,0,2,0,66,160,0,1,0,1,0,12,2007,10,2008,0,85,0,0,0,1,2,45,1,1,2,1,0,0,1,8,6,1,2,50,1,1
1,10607,2,2,1,30,10,13,30,12,2,1,0,1,2,87,884,87884,66,2000,1XPFDB0X2YN4,1,X,P,F,D,B,0,X,2,Y,N,4,1,T,PTRB,378,DS,0,17,,8,0,0,CON,D,,1,57,1573073,571573073,3,6,3,1,0,0,0,0,0,0,0,45,0,0,0,12,12,6,2,12,0,0,0,1,12,36460,6,1,6,0,3,0,68,999,0,0,0,0,0,0,0,0,0,0,0,0,0,0,1,2,45,1,1,2,1,0,0,1,62,7,1,1,51,0,0
1,10608,1,2,4,30,10,12,0,12,7,1,0,92,0,12,442,12442,20,2001,2FMZA51481BA,2,F,M,Z,A,5,1,4,8,1,B,A,0,T,FORD,WLX,ES,1,17,,1,0,1207,WIN,G,,0,0,000000000,00000000000,0,0,0,1,0,0,0,0,0,0,0,80,0,1,5,1,98,6,2,1,0,0,0,1,28,39401,0,0,0,0,0,0,999,999,0,0,0,0,0,0,0,0,0,9,99,99,99,99,2,2,65,1,1,2,1,0,0,1,11,1,1,2,44,1,1
1,10608,2,2,2,30,10,12,0,12,7,1,0,93,3,20,461,20461,21,2008,1GAHG39K8812,1,G,A,H,G,3,9,K,8,8,1,2,0,P,CHEV,EXP,SV,8,17,6330,,0,1550,,G,,0,0,000000000,00000000000,0,0,0,1,0,0,0,0,0,0,0,65,0,0,0,11,11,4,1,12,0,0,0,1,6,33024,6,1,0,0,3,0,72,165,0,0,0,0,0,0,0,0,0,0,0,0,0,0,2,2,65,1,1,2,1,0,0,1,60,1,1,1,45,0,0
1,10609,1,1,1,30,10,1,50,42,0,1,0,1,2,49,40,49040,4,2008,4T1BE46K18U7,4,T,1,B,E,4,6,K,1,8,U,7,0,P,TOYT,XSL,4D,8,17,3263,,0,1093,,G,,0,0,000000000,00000000000,0,0,0,1,0,0,0,0,0,0,0,80,0,0,0,6,6,6,2,42,0,0,0,1,1,36867,6,1,0,0,3,0,72,190,2,1,0,2,0,1,2009,5,2009,1,0,0,0,0,1,2,30,3,1,2,1,0,0,14,6,1,4,4,7,1,1