STATE,ST_CASE,VEH_NO,VE_FORMS,NUMOCCS,DAY,MONTH,HOUR,MINUTE,HARM_EV,MAN_COLL,UNITTYPE,HIT_RUN,REG_STAT,OWNER,MAKE,MODEL,MAK_MOD,BODY_TYP,MOD_YEAR,VIN,VIN_1,VIN_2,VIN_3,VIN_4,VIN_5,VIN_6,VIN_7,VIN_8,VIN_9,VIN_10,VIN_11,VIN_12,TOW_VEH,VINTYPE,VINMAKE,VINA_MOD,VIN_BT,VINMODYR,VIN_LNGT,VIN_WGT,WGTCD_TR,WHLBS_LG,WHLBS_SH,SER_TR,FUELCODE,MCYCL_DS,J_KNIFE,MCARR_I1,MCARR_I2,MCARR_ID,GVWR,V_CONFIG,CARGO_BT,HAZ_INV,HAZ_PLAC,HAZ_ID,HAZ_CNO,HAZ_REL,BUS_USE,SPEC_USE,EMER_USE,TRAV_SP,UNDERIDE,ROLLOVER,ROLINLOC,IMPACT1,IMPACT2,DEFORMED,TOWED,M_HARM,VEH_SC1,VEH_SC2,FIRE_EXP,DR_PRES,L_STATE,DR_ZIP,L_STATUS,L_TYPE,CDL_STAT,L_ENDORS,L_COMPL,L_RESTRI,DR_HGT,DR_WGT,PREV_ACC,PREV_SUS,PREV_DWI,PREV_SPD,PREV_OTH,FIRST_MO,FIRST_YR,LAST_MO,LAST_YR,SPEEDREL,DR_SF1,DR_SF2,DR_SF3,DR_SF4,VTRAFWAY,VNUM_LAN,VSPD_LIM,VALIGN,VPROFILE,VPAVETYP,VSURCOND,VTRAFCON,VTCONT_F,P_CRASH1,P_CRASH2,P_CRASH3,PCRASH4,PCRASH5,ACC_TYPE,DEATHS,DR_DRINK
1,10679,1,2,2,6,12,20,45,12,6,1,0,1,2,63,31,63031,4,2001,KNAFB1211150,K,N,A,F,B,1,2,1,1,1,5,0,0,P,KIA,SPL,4D,1,17,2478,,0,1008,,G,,0,0,000000000,00000000000,0,0,0,1,0,0,0,0,0,0,0,15,0,0,0,10,10,6,2,12,0,0,0,1,1,36108,6,1,0,0,3,1,70,175,0,2,0,2,0,6,2008,7,2009,0,38,39,0,0,1,2,45,3,6,2,1,20,3,11,15,1,1,1,82,1,0
1,10679,2,2,2,6,12,20,45,12,6,1,0,1,1,7,482,7482,31,2004,3D7KU28C14G1,3,D,7,K,U,2,8,C,1,4,G,1,0,T,DODG,SQ2,CW,4,17,,2,1605,1405,RPC,D,,0,0,000000000,00000000000,0,0,0,1,0,0,0,0,0,0,0,55,0,0,0,12,12,6,2,12,0,0,0,1,1,36854,6,1,0,0,3,0,72,195,0,0,0,0,0,0,0,0,0,0,0,0,0,0,1,2,55,2,6,2,1,0,0,14,67,1,1,1,83,0,0
1,10680,1,1,1,7,12,15,27,8,0,1,0,1,1,20,9,20009,2,1997,2G1FP22P2V21,2,G,1,F,P,2,2,P,2,V,2,1,0,P,CHEV,Z28,CP,97,17,3433,,0,1011,,G,,0,0,000000000,00000000000,0,0,0,1,0,0,0,0,0,0,0,35,0,0,0,12,12,2,3,8,0,0,0,1,1,35007,6,1,0,0,3,1,69,190,0,0,0,0,0,0,0,0,0,0,89,0,0,0,1,2,35,2,1,2,1,0,0,14,80,2,1,1,13,0,0
1,10681,1,1,4,8,12,15,13,32,0,1,0,1,2,12,481,12481,31,2004,1FTNX21L44EA,1,F,T,N,X,2,1,L,4,4,E,A,0,T,FORD,F2S,4C,4,17,,2,1580,1418,SRW,G,,0,0,000000000,00000000000,0,0,0,1,0,0,0,0,0,0,0,55,0,0,0,12,12,6,2,42,0,0,0,1,1,35954,1,1,0,0,2,1,72,175,1,1,0,0,1,5,2008,6,2010,1,0,0,0,0,1,2,20,3,1,2,1,0,0,14,13,1,1,4,1,1,1
1,10682,1,2,1,8,12,18,10,12,6,1,0,1,2,12,17,12017,4,1993,1FALP5240PA1,1,F,A,L,P,5,2,4,0,P,A,1,0,P,FORD,TAG,4D,93,17,3117,,0,1060,,G,,0,0,000000000,00000000000,0,0,0,1,0,0,0,0,0,0,0,40,0,0,0,10,98,6,2,12,0,0,1,1,1,35978,6,1,0,0,3,0,72,140,0,0,0,0,0,0,0,0,0,0,38,0,0,0,1,2,45,1,5,2,1,20,3,1,17,1,1,1,89,1,0
1,10682,2,2,3,8,12,18,10,12,6,1,0,1,1,3,431,3431,16,2004,5GRGN23U24H1,5,G,R,G,N,2,3,U,2,4,H,1,0,T,HUMM,HH2,4W,4,17,,2,0,1228,HUM,G,,0,0,000000000,00000000000,0,0,0,1,0,0,0,0,0,0,0,55,0,0,0,12,12,6,2,12,0,0,0,1,1,35968,6,1,0,0,3,0,72,260,0,0,0,0,0,0,0,0,0,0,0,0,0,0,1,2,55,2,3,2,1,0,0,14,66,1,1,1,88,0,0
1,10683,1,1,1,8,12,5,55,24,0,1,0,1,1,49,472,49472,30,1995,4TAUN53B6SZ0,4,T,A,U,N,5,3,B,6,S,Z,0,0,T,TOYT,XTR,PC,95,17,,1,0,1219,TAC,G,,0,0,000000000,00000000000,0,0,0,1,0,0,0,0,0,0,0,45,0,0,0,1,12,6,2,23,0,0,0,1,1,35503,2,1,0,0,2,1,67,148,2,2,2,0,0,5,2008,3,2010,0,58,0,0,0,1,2,35,3,6,2,1,0,0,14,13,6,1,4,1,1,0
1,10684,1,1,1,9,12,9,40,8,0,1,0,2,1,2,404,2404,14,1995,1J4FJ68S0SL6,1,J,4,F,J,6,8,S,0,S,L,6,0,T,JEEP,SPT,4W,95,17,,1,0,1014,CHK,G,,0,0,000000000,00000000000,0,0,0,1,0,0,0,0,0,0,0,30,0,0,0,1,1,2,1,8,0,0,0,1,1,35603,6,1,0,0,3,1,69,119,1,0,0,1,0,2,2009,3,2009,0,0,0,0,0,1,2,45,1,1,2,1,0,0,1,81,1,1,1,13,0,0
1,10685,1,1,1,10,12,17,15,42,0,1,0,1,1,12,461,12461,21,1993,1FTEE14N1PHA,1,F,T,E,E,1,4,N,1,P,H,A,0,T,FORD,15V,CG,93,17,,2,0,1380,VAN,G,,0,0,000000000,00000000000,0,0,0,1,0,0,0,0,0,0,0,55,0,0,0,12,12,6,2,42,0,0,0,1,1,35901,6,1,0,0,3,0,70,185,0,0,0,0,0,0,0,0,0,0,53,0,0,0,1,2,55,1,1,2,1,20,3,1,13,3,1,4,1,1,0
1,10686,1,1,1,13,12,23,15,32,0,1,0,1,2,21,23,21023,4,1999,1G3WH52H6XF3,1,G,3,W,H,5,2,H,6,X,F,3,0,P,OLDS,IGX,4D,99,17,3467,,0,1090,,G,,0,0,000000000,00000000000,0,0,0,1,0,0,0,0,0,0,0,75,0,1,5,12,12,6,2,32,0,0,0,1,1,35749,6,1,0,0,3,1,75,210,1,0,0,3,1,6,2009,8,2010,1,0,0,0,0,1,2,45,1,5,2,1,0,0,1,13,1,1,4,1,1,1
1,10687,1,1,1,13,12,21,30,59,0,1,0,1,2,35,47,35047,4,1996,1N4BU31D4TC1,1,N,4,B,U,3,1,D,4,T,C,1,0,P,NISS,AGS,4D,96,17,2756,,0,1031,,G,,0,0,000000000,00000000000,0,0,0,1,0,0,0,0,0,0,0,70,0,1,5,12,98,6,2,2,0,0,1,1,1,35120,6,2,0,0,3,0,69,122,0,0,0,0,0,0,0,0,0,1,0,0,0,0,1,2,55,3,6,2,1,0,0,14,12,1,1,4,6,1,0
1,10688,1,2,1,14,12,14,50,12,6,1,0,1,1,12,15,12015,4,1990,2FAPP36X9LB1,2,F,A,P,P,3,6,X,9,L,B,1,0,P,FORD,TGL,4D,90,17,2587,,0,999,,G,,0,0,000000000,00000000000,0,0,0,1,0,0,0,0,0,0,0,15,0,0,0,1,1,6,2,12,0,0,0,1,1,36538,6,1,0,0,3,0,73,190,0,0,0,0,0,0,0,0,0,0,38,39,0,0,1,2,35,1,1,5,1,20,3,1,17,1,1,4,87,1,0
1,10688,2,2,1,14,12,14,50,12,6,1,0,1,1,12,481,12481,31,1998,1FTZX0768WKA,1,F,T,Z,X,0,7,6,8,W,K,A,0,T,FORD,F15,3C,98,17,,1,0,1390,COF,G,,0,0,000000000,00000000000,0,0,0,1,0,0,0,0,0,0,0,60,0,0,0,12,12,6,2,12,0,0,0,1,1,36538,6,1,0,0,3,0,68,240,0,1,2,1,0,4,2008,7,2008,0,0,0,0,0,1,2,45,1,1,2,1,0,0,1,66,7,1,4,86,0,0
1,10689,1,2,2,16,12,13,55,12,2,1,0,1,1,37,32,37032,4,1997,1HGCD5607VA2,1,H,G,C,D,5,6,0,7,V,A,2,0,P,HOND,USE,4D,97,17,2864,,0,1069,,G,,0,0,000000000,00000000000,0,0,0,1,0,0,0,0,0,0,0,60,0,0,0,12,12,6,2,12,0,0,0,1,1,35043,0,0,0,0,0,0,999,999,0,0,0,0,0,0,0,0,0,1,8,28,0,0,1,2,40,3,6,2,2,0,0,14,10,1,1,1,50,0,0
1,10689,2,2,1,16,12,13,55,12,2,1,0,1,1,20,9,20009,2,1986,1G1FP87S1GL1,1,G,1,F,P,8,7,S,1,G,L,1,0,P,CHEV,CAM,CP,86,17,2909,,0,1010,,G,,0,0,000000000,00000000000,0,0,0,1,0,0,0,0,0,0,0,40,0,0,0,12,12,6,2,12,0,0,0,1,1,35151,6,1,0,0,3,0,70,230,1,0,0,2,0,5,2008,11,2010,0,0,0,0,0,1,2,40,1,5,2,2,0,0,1,62,1,1,1,51,1,0
1,10690,1,2,2,30,8,14,3,12,6,1,0,12,1,14,6,14006,4,2008,2MEHM75V38X6,2,M,E,H,M,7,5,V,3,8,X,6,0,P,MERC,MGL,4D,8,17,4117,,0,1146,,F,,0,0,000000000,00000000000,0,0,0,1,0,0,0,0,0,0,0,70,0,0,0,12,12,6,2,12,0,0,0,1,12,32514,6,1,0,0,3,1,66,999,0,0,0,0,1,6,2010,6,2010,0,39,0,0,0,1,2,45,1,1,2,1,3,3,1,17,1,1,1,88,2,0
1,10690,2,2,2,30,8,14,3,12,6,1,0,1,1,14,6,14006,4,1999,2MEFM74W0XX7,2,M,E,F,M,7,4,W,0,X,X,7,0,P,MERC,GMG,4D,99,17,3917,,0,1147,,G,,0,0,000000000,00000000000,0,0,0,1,0,0,0,0,0,0,0,15,0,1,5,10,98,6,2,12,0,0,0,1,1,36507,6,1,0,0,3,0,73,230,0,0,0,1,0,6,2010,6,2010,0,0,0,0,0,1,2,45,1,1,2,1,3,3,1,68,1,1,1,89,2,0
1,10691,1,1,2,11,12,21,15,25,0,1,0,1,2,23,481,23481,31,2003,1GTGK13U13F1,1,G,T,G,K,1,3,U,1,3,F,1,1,T,GMC,1KH,CW,3,17,,2,0,1530,SIE,G,,1,0,000000000,00000000000,0,0,0,1,0,0,0,0,0,0,0,76,0,0,0,9,9,6,2,25,0,0,0,1,1,36360,6,1,0,0,3,0,68,170,0,0,0,1,0,3,2008,3,2008,9,0,0,0,0,3,3,55,1,1,1,2,0,0,1,9,2,3,4,2,1,0
1,10692,1,3,3,22,12,16,10,12,6,1,0,1,2,20,39,20039,4,2005,KL1TD52695B2,K,L,1,T,D,5,2,6,9,5,B,2,0,P,CHEV,ABS,4D,5,17,2365,,0,976,,G,,0,0,000000000,00000000000,0,0,0,1,0,0,0,0,0,0,0,999,0,0,0,3,3,6,2,12,0,0,0,1,1,35747,6,1,0,0,3,0,63,126,0,0,0,0,0,0,0,0,0,0,38,0,0,0,1,2,55,1,1,2,1,20,3,1,17,1,1,1,87,1,0
1,10692,2,3,3,22,12,16,10,12,6,1,0,1,1,55,33,55033,4,2007,5NPET46C37H2,5,N,P,E,T,4,6,C,3,7,H,2,0,P,HYUN,SGL,4D,7,17,3253,,0,1074,,G,,0,0,000000000,00000000000,0,0,0,1,0,0,0,0,0,0,0,70,0,0,0,12,12,6,2,12,0,0,0,1,1,35971,6,1,0,0,3,0,70,190,1,0,0,1,0,6,2008,6,2008,0,0,0,0,0,2,2,65,1,1,2,1,4,3,1,66,1,1,1,86,0,0
1,10692,3,3,1,22,12,16,10,12,6,1,0,1,2,51,47,51047,4,2008,YV1RS5926826,Y,V,1,R,S,5,9,2,6,8,2,6,0,P,VOLV,S6F,4D,8,17,3523,,0,1069,,G,,0,0,000000000,00000000000,0,0,0,1,0,0,0,0,0,0,0,0,0,0,0,12,12,6,2,12,0,0,0,1,1,35768,6,1,0,0,3,0,61,130,0,0,0,0,0,0,0,0,0,0,89,0,0,0,1,2,55,1,1,2,1,20,3,5,63,1,1,1,98,0,0
1,10693,1,1,2,24,12,21,33,43,0,1,0,1,2,39,36,39036,4,2002,SAJEA53C52WC,S,A,J,E,A,5,3,C,5,2,W,C,0,P,JAGU,XS3,4D,2,17,3516,,0,1067,,G,,0,0,000000000,00000000000,0,0,0,1,0,0,0,0,0,0,0,999,0,1,5,12,98,6,2,1,0,0,0,1,1,36260,0,0,0,0,0,0,67,205,0,0,0,0,0,0,0,0,0,1,0,0,0,0,1,2,45,2,1,2,1,0,0,14,12,1,1,4,6,1,0
1,10694,1,1,1,31,10,17,20,9,0,1,0,1,2,22,441,22441,20,2001,1GMDX03E41D1,1,G,M,D,X,0,3,E,4,1,D,1,0,T,PONT,MON,ES,1,17,,1,0,1200,MON,G,,0,0,000000000,00000000000,0,0,0,1,0,0,0,0,0,0,0,999,0,0,0,12,12,6,2,9,0,0,0,1,1,36271,6,1,0,0,3,1,63,140,1,0,0,0,0,4,2010,4,2010,0,89,0,0,0,2,2,55,1,1,2,1,0,0,1,83,1,1,1,13,0,0
1,10695,1,1,4,5,11,15,0,1,0,1,0,13,2,52,401,52401,14,2002,JA4LS21H12J0,J,A,4,L,S,2,1,H,1,2,J,0,0,P,MITS,MNS,UT,2,17,3835,,0,1073,,G,,0,0,000000000,00000000000,0,0,0,1,0,0,0,0,0,0,0,70,0,1,1,0,98,6,2,1,0,0,0,1,13,30005,6,7,0,0,3,1,71,190,98,0,0,0,0,0,0,0,0,0,58,0,0,0,2,2,70,1,1,2,1,0,0,1,8,6,3,2,98,1,0
1,10696,1,2,1,18,11,8,15,12,2,1,0,1,2,7,41,7041,4,1994,1B3ED46T3RF1,1,B,3,E,D,4,6,T,3,R,F,1,0,P,DODG,INT,4D,94,17,3181,,0,1130,,G,,0,0,000000000,00000000000,0,0,0,1,0,0,0,0,0,0,0,999,0,0,0,12,12,6,2,12,0,0,0,1,1,35553,6,1,0,0,3,0,59,98,1,0,0,0,0,5,2009,5,2009,0,92,0,0,0,1,2,45,2,6,2,2,0,0,14,10,1,1,2,50,0,0
1,10696,2,2,1,18,11,8,15,12,2,1,0,1,1,6,43,6043,4,2004,1C3EL46X34N4,1,C,3,E,L,4,6,X,3,4,N,4,0,P,CHRY,SLX,4D,4,17,3106,,0,1080,,G,,0,0,000000000,00000000000,0,0,0,1,0,0,0,0,0,0,0,999,0,0,0,12,12,6,2,12,0,0,0,1,1,35565,6,1,0,0,3,0,66,200,0,0,0,0,0,0,0,0,0,0,0,0,0,0,1,2,55,3,5,2,2,0,0,14,62,1,1,1,51,1,0
1,10697,1,2,1,22,11,12,8,12,1,1,0,93,3,82,881,82881,66,1999,1FUYDSZB0XLA,1,F,U,Y,D,S,Z,B,0,X,L,A,1,T,FRHT,FLD,DS,99,17,,8,0,0,CON,D,,3,57,827485,57827485,3,6,1,1,0,0,0,0,0,0,0,65,0,0,0,12,12,6,2,12,0,0,0,1,47,37122,6,1,6,0,3,0,74,250,0,0,0,0,1,1,2010,1,2010,1,0,0,0,0,2,2,65,1,1,2,1,0,0,1,51,3,1,1,24,0,0
1,10697,2,2,1,22,11,12,8,12,1,1,0,0,0,98,998,98998,93,2002,000000000000,0,0,0,0,0,0,0,0,0,0,0,0,0,U,,,,,17,,,,,,,,0,0,000000000,00000000000,0,0,0,1,0,0,0,0,0,0,0,25,0,1,1,6,6,6,2,12,0,0,0,1,1,35769,6,1,0,0,3,0,73,170,0,1,0,2,0,4,2008,10,2010,0,0,0,0,0,2,2,65,1,1,2,1,0,0,1,53,1,1,1,25,1,0
1,10698,1,3,1,23,11,19,35,12,8,1,0,1,2,12,401,12401,14,2005,1FMZU62K25UA,1,F,M,Z,U,6,2,K,2,5,U,A,0,P,FORD,EPR,UT,5,17,4094,,0,1137,,F,,0,0,000000000,00000000000,0,0,0,1,0,0,0,0,0,0,0,999,0,1,1,11,98,6,2,12,0,0,0,1,1,36618,1,1,0,0,2,0,72,210,0,1,0,1,1,3,2010,6,2010,9,0,0,0,0,5,4,40,1,1,2,1,0,0,1,10,1,1,2,64,1,1
1,10698,2,3,1,23,11,19,35,12,8,1,0,1,2,12,442,12442,20,1999,2FMZA5143XBB,2,F,M,Z,A,5,1,4,3,X,B,B,0,T,FORD,WLX,ES,99,17,,1,0,1207,WIN,G,,0,0,000000000,00000000000,0,0,0,1,0,0,0,0,0,0,0,999,0,0,0,10,10,4,3,12,0,0,0,1,1,36617,0,0,0,0,0,0,64,155,0,0,0,0,0,0,0,0,0,0,0,0,0,0,5,2,40,1,1,2,1,0,0,1,62,1,1,1,65,0,0
1,10698,3,3,1,23,11,19,35,12,8,1,0,1,3,12,881,12881,61,2010,3FRWW6FC1AV2,3,F,R,W,W,6,F,C,1,A,V,2,1,T,FORD,F66,CH,10,17,,6,2540,1700,COF,D,,1,57,508270,57508270,2,4,3,1,0,0,0,0,0,0,0,999,0,0,0,1,1,6,2,12,0,0,0,1,1,36575,6,1,6,0,3,1,64,180,1,0,0,1,0,3,2010,8,2010,0,0,0,0,0,5,2,40,1,1,2,1,0,0,1,54,7,1,1,98,0,0
1,10699,1,2,1,27,11,13,5,12,7,1,0,1,1,73,705,73705,80,2000,JKAZX4J16YA0,J,K,A,Z,X,4,J,1,6,Y,A,0,0,M,KAWK,ZXJ,RS,0,17,,,,,,,600,0,0,000000000,00000000000,0,0,0,1,0,0,0,0,0,0,0,100,0,0,0,1,12,6,2,12,0,0,0,1,1,36608,6,1,0,0,3,0,68,140,0,0,0,2,1,5,2009,10,2010,1,0,0,0,0,2,2,40,1,5,2,1,0,0,1,60,1,1,1,45,1,0
1,10699,2,2,2,27,11,13,5,12,7,1,0,1,1,49,40,49040,4,2011,4T1BF3EKXBU6,4,T,1,B,F,3,E,K,X,B,U,6,0,P,TOYT,CBA,4D,11,17,3263,,0,1093,,G,,0,0,000000000,00000000000,0,0,0,1,0,0,0,0,0,0,0,40,0,0,0,4,4,6,2,12,0,0,0,1,1,36695,6,1,0,0,3,0,67,175,1,0,0,0,0,9,2010,9,2010,0,0,0,0,0,2,2,40,1,5,2,1,0,0,15,53,1,1,1,46,0,0
1,10700,1,1,1,27,11,19,2,32,0,1,0,1,1,20,481,20481,31,1989,1GCDK14K8KE1,1,G,C,D,K,1,4,K,8,K,E,1,0,T,CHEV,GK1,PK,89,17,,1,1315,1175,GM4,G,,0,0,000000000,00000000000,0,0,0,1,0,0,0,0,0,0,0,55,0,0,0,12,12,6,2,32,0,0,0,1,1,36345,6,1,6,0,3,0,71,242,0,0,0,0,0,0,0,0,0,1,0,0,0,0,1,2,35,1,6,2,1,0,0,1,13,1,1,4,1,1,1
1,10701,1,3,1,29,11,15,3,12,2,1,0,1,2,6,52,6052,6,2008,3A8FY48B78T1,3,A,8,F,Y,4,8,B,7,8,T,1,0,P,CHRY,PTC,SV,8,17,3076,,0,1030,,G,,0,0,000000000,00000000000,0,0,0,1,0,0,0,0,0,0,0,70,0,0,0,12,12,6,2,12,0,0,0,1,1,35811,6,1,0,0,3,0,69,220,0,0,0,0,0,0,0,0,0,0,89,0,0,0,2,4,70,1,1,2,2,0,0,1,12,1,1,6,50,1,0
1,10701,2,3,1,29,11,15,3,12,2,1,0,1,1,20,481,20481,31,2006,3GCEK14V66G1,3,G,C,E,K,1,4,V,6,6,G,1,0,T,CHEV,SK1,PK,6,17,,2,1330,1190,SIL,G,,0,0,000000000,00000000000,0,0,0,1,0,0,0,0,0,0,0,70,0,0,0,12,12,6,2,12,0,0,0,1,1,35640,6,1,0,0,3,0,71,175,0,0,0,0,0,0,0,0,0,0,0,0,0,0,2,2,70,1,1,2,2,0,0,1,62,1,1,1,51,0,0
1,10701,3,3,1,29,11,15,3,12,2,1,0,1,1,41,35,41035,4,2003,JM1BJ2254301,J,M,1,B,J,2,2,5,4,3,0,1,0,P,MAZD,PDS,4D,3,17,2634,,0,1028,,G,,0,0,000000000,00000000000,0,0,0,1,0,0,0,0,0,0,0,70,0,0,0,12,12,6,2,12,0,0,0,1,1,35087,6,1,0,0,3,1,74,190,0,0,0,0,0,0,0,0,0,0,0,0,0,0,2,2,70,1,1,2,2,0,0,1,54,1,1,1,98,0,0
1,10702,1,1,1,8,12,17,20,8,0,1,0,1,1,12,481,12481,31,1978,F15GNCF2940,F,1,5,G,N,C,F,2,9,4,0,,0,P,,,,,,,,,,,,,0,0,000000000,00000000000,0,0,0,1,0,0,0,0,0,0,0,45,0,0,0,12,12,2,1,8,0,0,0,1,1,36507,6,1,0,0,3,0,63,110,0,0,0,0,0,0,0,0,0,0,0,0,0,0,5,2,45,1,1,2,1,0,0,1,80,4,1,1,13,0,0
1,10703,1,1,5,27,11,9,45,42,0,1,0,1,2,63,402,63402,14,2006,KNDJD7333655,K,N,D,J,D,7,3,3,3,6,5,5,0,P,KIA,SOR,UT,6,17,4112,,0,1067,,G,,0,0,000000000,00000000000,0,0,0,1,0,0,0,0,0,0,0,70,0,0,0,12,12,6,2,42,0,0,0,1,1,35014,0,0,0,0,0,0,72,190,0,4,0,0,1,11,2008,7,2009,1,58,0,0,0,1,2,45,3,1,2,1,0,0,14,6,6,2,4,7,1,0
1,10704,1,2,1,7,12,16,20,12,6,1,0,1,1,7,442,7442,20,2001,1B4GP25321B1,1,B,4,G,P,2,5,3,2,1,B,1,0,P,DODG,CAR,SV,1,17,3815,,0,1133,,F,,0,0,000000000,00000000000,0,0,0,1,0,0,0,0,0,0,0,10,0,0,0,11,11,6,2,12,0,0,0,1,1,36875,6,1,0,0,3,1,62,160,0,0,0,0,0,0,0,0,0,0,89,38,0,0,1,2,45,1,1,2,1,20,3,1,55,1,1,1,89,1,0
1,10704,2,2,1,7,12,16,20,12,6,1,0,1,1,22,18,22018,4,2000,1G2NE52T7YM8,1,G,2,N,E,5,2,T,7,Y,M,8,0,P,PONT,GAS,4D,0,17,3116,,0,1070,,G,,0,0,000000000,00000000000,0,0,0,1,0,0,0,0,0,0,0,65,0,0,0,12,12,6,2,12,0,0,0,1,1,36860,6,1,6,0,3,1,72,250,0,0,0,0,0,0,0,0,0,0,89,0,0,0,2,2,65,1,6,2,1,0,0,1,66,1,1,1,88,0,0
1,10705,1,1,1,11,12,20,30,43,0,1,0,1,2,20,20,20020,4,1993,2G1WN54T5P91,2,G,1,W,N,5,4,T,5,P,9,1,0,P,CHEV,EUR,4D,93,17,3193,,0,1075,,G,,0,0,000000000,00000000000,0,0,0,1,0,0,0,0,0,0,0,55,0,0,0,1,1,6,2,42,0,0,0,1,1,35614,1,1,0,0,2,0,65,125,3,3,1,0,3,4,2008,6,2010,1,89,58,0,0,1,2,45,1,1,2,2,0,0,1,13,6,4,4,7,1,0
1,10706,1,2,3,15,12,7,30,12,2,1,0,1,2,23,481,23481,31,1997,1GTEC14M2VZ5,1,G,T,E,C,1,4,M,2,V,Z,5,0,T,GMC,SC1,PK,97,17,,2,1315,1175,SIE,G,,0,0,000000000,00000000000,0,0,0,1,0,0,0,0,0,0,0,45,0,0,0,12,12,6,2,12,0,0,0,1,1,36081,6,1,0,0,3,0,71,209,0,0,0,0,0,0,0,0,0,0,0,0,0,0,2,4,55,1,1,1,4,0,0,1,5,1,2,6,50,2,0
1,10706,2,2,1,15,12,7,30,12,2,1,0,1,3,84,881,84881,66,2004,2HSCDAXN64C0,2,H,S,C,D,A,X,N,6,4,C,0,1,T,INTL,92I,DS,4,17,,7,0,0,920,D,,1,57,211296,57211296,3,6,1,1,0,0,0,0,0,0,0,45,0,0,0,12,12,6,2,12,0,0,0,1,1,36744,6,1,6,0,3,0,71,185,1,0,0,0,0,5,2009,5,2009,0,0,0,0,0,2,2,55,1,1,1,2,0,0,1,62,1,1,1,51,0,0
1,10707,1,1,1,15,12,8,39,23,0,1,0,1,2,20,481,20481,31,2006,1GCHK23U96F2,1,G,C,H,K,2,3,U,9,6,F,2,0,T,CHEV,2KH,CW,6,17,,2,1670,1530,SIL,G,,0,0,000000000,00000000000,0,0,0,1,0,0,0,0,0,0,0,85,0,0,0,6,6,6,2,8,0,0,0,1,1,36117,6,1,0,0,3,0,71,195,1,0,0,0,0,3,2009,3,2009,1,89,0,0,0,2,2,70,1,1,1,4,0,0,15,5,1,4,4,2,0,0
1,10708,1,1,1,16,12,3,0,34,0,1,0,1,2,7,43,7043,4,2006,1B3EL46X46N1,1,B,3,E,L,4,6,X,4,6,N,1,0,P,DODG,SRX,4D,6,17,3106,,0,1080,,G,,0,0,000000000,00000000000,0,0,0,1,0,0,0,0,0,0,0,80,0,1,5,12,98,6,2,1,0,0,0,1,1,36108,6,2,0,0,3,0,71,160,0,0,0,0,0,0,0,0,0,1,0,0,0,0,1,2,55,1,6,2,2,0,0,1,13,1,1,4,1,1,0
1,10709,1,3,1,17,12,21,45,12,1,1,0,1,1,7,482,7482,31,1999,1B7HC16Y8XS3,1,B,7,H,C,1,6,Y,8,X,S,3,0,T,DODG,150,PK,99,17,,2,1347,1187,RPC,G,,0,0,000000000,00000000000,0,0,0,1,0,0,0,0,0,0,0,55,0,0,0,12,12,6,2,12,0,0,0,1,1,35055,6,1,0,0,3,1,71,130,0,0,0,1,0,6,2009,6,2009,0,89,26,0,0,1,2,55,1,1,2,1,0,0,1,50,1,1,1,20,0,1
1,10709,2,3,3,17,12,21,45,12,1,1,0,21,1,53,36,53036,5,2007,KL5JD66Z17K5,K,L,5,J,D,6,6,Z,1,7,K,5,0,P,SUZI,RBC,4H,7,17,2739,,0,1024,,G,,0,0,000000000,00000000000,0,0,0,1,0,0,0,0,0,0,0,0,0,0,0,6,6,6,2,12,0,0,0,1,21,40299,6,1,0,0,3,0,73,200,0,0,0,0,0,0,0,0,0,0,0,0,0,0,1,2,55,1,1,2,1,0,0,5,53,1,1,1,21,1,0
1,10709,3,3,2,17,12,21,45,12,1,1,0,1,2,18,22,18022,4,2010,1G4GB5EG1AF3,1,G,4,G,B,5,E,G,1,A,F,3,0,P,BUIC,LCX,4D,10,17,3948,,0,1117,,G,,0,0,000000000,00000000000,0,0,0,1,0,0,0,0,0,0,0,0,0,0,0,6,6,6,2,12,0,0,0,1,1,35179,6,1,0,0,3,1,71,125,0,0,0,0,0,0,0,0,0,0,0,0,0,0,1,2,55,1,1,2,1,0,0,5,53,1,1,1,98,0,0
1,10710,1,1,3,18,12,11,35,1,0,1,0,1,3,7,461,7461,21,2000,2B5WB35Z5YK1,2,B,5,W,B,3,5,Z,5,Y,K,1,0,T,DODG,35W,MP,0,17,,2,0,1272,RMW,G,,0,0,000000000,00000000000,0,0,0,1,0,0,0,0,0,0,0,55,0,1,5,0,98,6,2,1,0,0,0,1,1,35010,6,1,0,0,3,0,72,210,0,0,0,0,0,0,0,0,0,0,58,83,0,0,1,2,55,3,6,2,2,0,0,14,87,6,3,4,8,1,0
1,10711,1,2,1,19,12,3,30,12,2,1,0,1,2,24,1,24001,4,1999,1G8ZK5273XZ1,1,G,8,Z,K,5,2,7,3,X,Z,1,0,P,STRN,SL2,4D,99,17,2418,,0,1024,,G,,0,0,000000000,00000000000,0,0,0,1,0,0,0,0,0,0,0,999,0,0,0,12,12,6,2,12,0,0,0,1,1,35022,0,0,0,0,0,0,999,999,0,0,0,0,0,0,0,0,0,0,51,0,0,0,3,3,70,1,6,2,1,0,0,1,54,1,1,1,52,1,1
1,10711,2,2,1,19,12,3,30,12,2,1,0,1,1,12,401,12401,14,1998,1FMZU34E1WZB,1,F,M,Z,U,3,4,E,1,W,Z,B,0,P,FORD,EPR,UT,98,17,4146,,0,1115,,G,,0,0,000000000,00000000000,0,0,0,1,0,0,0,0,0,0,0,999,0,0,0,12,12,6,2,12,0,0,0,1,1,35222,6,1,0,0,3,0,60,155,1,0,0,0,0,12,2010,12,2010,0,0,0,0,0,3,3,70,1,6,2,1,0,0,1,54,1,1,1,52,0,0