STATE,ST_CASE,VEH_NO,VE_FORMS,NUMOCCS,DAY,MONTH,HOUR,MINUTE,HARM_EV,MAN_COLL,UNITTYPE,HIT_RUN,REG_STAT,OWNER,MAKE,MODEL,MAK_MOD,BODY_TYP,MOD_YEAR,VIN,VIN_1,VIN_2,VIN_3,VIN_4,VIN_5,VIN_6,VIN_7,VIN_8,VIN_9,VIN_10,VIN_11,VIN_12,TOW_VEH,VINTYPE,VINMAKE,VINA_MOD,VIN_BT,VINMODYR,VIN_LNGT,VIN_WGT,WGTCD_TR,WHLBS_LG,WHLBS_SH,SER_TR,FUELCODE,MCYCL_DS,J_KNIFE,MCARR_I1,MCARR_I2,MCARR_ID,GVWR,V_CONFIG,CARGO_BT,HAZ_INV,HAZ_PLAC,HAZ_ID,HAZ_CNO,HAZ_REL,BUS_USE,SPEC_USE,EMER_USE,TRAV_SP,UNDERIDE,ROLLOVER,ROLINLOC,IMPACT1,IMPACT2,DEFORMED,TOWED,M_HARM,VEH_SC1,VEH_SC2,FIRE_EXP,DR_PRES,L_STATE,DR_ZIP,L_STATUS,L_TYPE,CDL_STAT,L_ENDORS,L_COMPL,L_RESTRI,DR_HGT,DR_WGT,PREV_ACC,PREV_SUS,PREV_DWI,PREV_SPD,PREV_OTH,FIRST_MO,FIRST_YR,LAST_MO,LAST_YR,SPEEDREL,DR_SF1,DR_SF2,DR_SF3,DR_SF4,VTRAFWAY,VNUM_LAN,VSPD_LIM,VALIGN,VPROFILE,VPAVETYP,VSURCOND,VTRAFCON,VTCONT_F,P_CRASH1,P_CRASH2,P_CRASH3,PCRASH4,PCRASH5,ACC_TYPE,DEATHS,DR_DRINK
1,10712,1,1,1,21,12,22,39,42,0,1,0,1,2,52,35,52035,4,1999,JA3AY26A9XU0,J,A,3,A,Y,2,6,A,9,X,U,0,0,P,MITS,MDE,4D,99,17,2250,,0,984,,G,,0,0,000000000,00000000000,0,0,0,1,0,0,0,0,0,0,0,70,0,0,0,3,3,6,2,42,0,0,0,1,1,36360,6,1,0,0,3,0,73,191,0,0,0,2,2,6,2008,12,2009,0,37,0,0,0,1,2,55,1,6,2,1,0,0,1,12,1,4,4,7,1,0
1,10713,1,2,1,22,12,4,50,12,7,1,0,1,1,30,42,30042,3,2002,9BWDE61J6240,9,B,W,D,E,6,1,J,6,2,4,0,0,P,VOLK,G37,2H,2,17,2804,,0,989,,G,,0,0,000000000,00000000000,0,0,0,1,0,0,0,0,0,0,0,65,0,0,0,1,12,6,2,32,0,0,0,1,1,36695,6,1,0,0,3,0,67,145,1,0,0,4,1,4,2008,4,2010,1,33,0,0,0,1,2,45,1,1,2,2,0,0,6,51,1,1,1,73,1,0
1,10713,2,2,1,22,12,4,50,12,7,1,0,1,2,12,481,12481,31,2001,2FTRX08L81CA,2,F,T,R,X,0,8,L,8,1,C,A,0,T,FORD,F15,4C,1,17,,2,0,1388,COF,G,,0,0,000000000,00000000000,0,0,0,1,0,0,0,0,0,0,0,10,0,0,0,11,11,6,2,12,0,0,0,1,1,36695,6,1,0,0,3,0,75,185,0,0,0,0,1,8,2009,8,2009,0,0,0,0,0,1,2,55,1,1,2,2,0,0,11,53,1,1,1,72,0,0
1,10714,1,1,1,22,12,21,30,42,0,1,0,1,1,12,398,12398,2,1967,10301967COBA,1,0,3,0,1,9,6,7,C,O,B,A,0,P,,,,,,,,,,,,,0,0,000000000,00000000000,0,0,0,1,0,0,0,0,0,0,0,80,0,0,0,7,6,6,2,32,0,0,0,1,1,36303,6,1,0,0,3,0,66,140,1,2,1,1,0,7,2008,1,2009,1,0,0,0,0,1,2,40,1,1,2,1,0,0,1,6,6,4,4,7,1,1
1,10715,1,2,1,25,12,9,45,12,6,1,0,1,2,20,481,20481,31,2000,2GCEC19V9Y11,2,G,C,E,C,1,9,V,9,Y,1,1,0,T,CHEV,SC1,PC,0,17,,2,1575,1435,SIL,G,,0,0,000000000,00000000000,0,0,0,1,0,0,0,0,0,0,0,55,0,1,5,2,98,6,2,12,0,0,0,1,1,35033,0,0,0,0,0,0,999,999,0,0,0,0,0,0,0,0,0,1,0,0,0,0,1,2,55,1,6,2,10,0,0,1,5,1,4,2,64,1,0
1,10715,2,2,2,25,12,9,45,12,6,1,0,1,1,35,481,35481,31,2007,1N6AA07AX7N2,1,N,6,A,A,0,7,A,X,7,N,2,0,T,NISS,TXS,CW,7,17,,2,0,1398,TTN,G,,0,0,000000000,00000000000,0,0,0,1,0,0,0,0,0,0,0,45,0,0,0,12,12,6,2,12,0,0,0,1,1,35077,6,1,0,0,3,0,70,280,0,0,0,0,0,0,0,0,0,0,89,0,0,0,1,2,55,1,5,2,10,0,0,1,62,1,1,1,65,0,0
1,10716,1,2,2,27,12,19,5,12,6,1,0,1,1,12,37,12037,4,2007,1FAHP34N37W1,1,F,A,H,P,3,4,N,3,7,W,1,0,P,FORD,FMS,4D,7,17,2636,,0,1029,,G,,0,0,000000000,00000000000,0,0,0,1,0,0,0,0,0,0,0,999,0,0,0,3,3,6,2,12,0,0,0,1,1,36091,6,1,0,0,3,0,67,180,1,0,0,0,0,7,2009,7,2009,0,38,0,0,0,3,6,55,1,1,2,1,3,3,11,55,1,1,1,68,2,0
1,10716,2,2,1,27,12,19,5,12,6,1,0,1,1,22,20,22020,4,2004,2G2WP5228413,2,G,2,W,P,5,2,2,8,4,1,3,0,P,PONT,GPG,4D,4,17,3477,,0,1105,,G,,0,0,000000000,00000000000,0,0,0,1,0,0,0,0,0,0,0,50,0,0,0,12,12,6,2,12,0,0,0,1,1,36117,6,1,0,0,3,0,68,185,0,0,0,1,0,9,2009,9,2009,0,89,0,0,0,2,2,55,1,1,2,1,3,3,1,66,1,1,1,69,0,0
1,10717,1,1,4,30,12,15,0,42,0,1,0,92,0,41,52,41052,6,2009,JM1CR2933903,J,M,1,C,R,2,9,3,3,9,0,3,0,P,MAZD,MA5,4H,9,17,3417,,0,1083,,G,,0,0,000000000,00000000000,0,0,0,1,0,0,0,0,0,0,0,75,0,0,0,4,4,6,2,42,0,0,0,1,51,24060,0,0,0,0,0,0,69,145,0,0,0,0,0,0,0,0,0,0,58,0,0,0,2,2,70,1,1,2,1,0,0,1,13,7,2,4,2,1,0
1,10718,1,1,2,31,12,11,15,42,0,1,0,1,1,38,402,38402,14,2001,4S2DM58W3143,4,S,2,D,M,5,8,W,3,1,4,3,0,P,ISU,ROD,UT,1,17,4124,,0,1064,,G,,0,0,000000000,00000000000,0,0,0,1,0,0,0,0,0,0,0,55,0,0,0,12,12,6,2,42,0,0,0,1,1,36022,1,1,0,0,2,0,70,240,1,1,0,2,0,9,2008,11,2010,1,58,0,0,0,1,2,45,3,6,2,1,0,0,14,6,6,2,4,2,1,0
1,10719,1,1,1,31,12,17,23,8,0,1,1,99,9,99,999,99999,99,9999,999999999999,9,9,9,9,9,9,9,9,9,9,9,9,0,U,,,,9,17,,,,,,,,0,0,000000000,00000000000,0,0,0,1,0,0,0,0,0,0,0,999,0,0,0,12,12,9,1,8,0,0,0,1,99,99999,9,9,99,9,9,9,999,999,99,99,99,99,99,99,9999,99,9999,9,99,99,99,99,5,2,35,1,1,2,1,0,0,1,80,99,1,1,13,0,0
1,10720,1,2,4,11,12,18,35,12,6,1,0,1,2,2,403,2403,14,1998,1J4FY19S5WP7,1,J,4,F,Y,1,9,S,5,W,P,7,0,T,JEEP,SPW,2W,98,17,,1,0,934,W/T,G,,0,0,000000000,00000000000,0,0,0,1,0,0,0,0,0,0,0,999,0,1,1,3,98,6,2,1,0,0,0,1,1,35080,6,2,0,0,3,1,72,148,0,0,0,0,0,0,0,0,0,0,39,0,0,0,1,2,45,1,1,2,1,20,3,1,55,1,1,1,87,2,0
1,10720,2,2,1,11,12,18,35,12,6,1,0,1,1,49,471,49471,30,1985,JT4RN50R7F00,J,T,4,R,N,5,0,R,7,F,0,0,0,T,TOYT,RN5,PK,85,17,,1,0,1030,HTP,G,,0,0,000000000,00000000000,0,0,0,1,0,0,0,0,0,0,0,999,0,0,0,12,12,6,2,12,0,0,0,1,1,35186,6,1,6,0,3,1,73,235,0,0,0,0,1,6,2009,6,2009,0,0,0,0,0,1,2,45,1,1,2,1,0,0,1,66,1,1,1,86,0,0
1,10721,1,1,1,3,7,21,30,49,0,1,0,1,1,49,482,49482,31,2002,5TBRT34142S3,5,T,B,R,T,3,4,1,4,2,S,3,1,T,TOYT,TRS,4C,2,17,,2,0,1283,TUN,G,,1,0,000000000,00000000000,0,0,0,1,0,0,0,0,0,0,0,40,0,0,0,12,12,6,2,49,0,0,0,1,1,35760,6,1,0,0,3,0,68,225,2,0,0,3,0,9,2007,10,2009,0,0,0,0,0,1,2,35,1,1,2,1,0,0,1,80,8,1,2,13,0,0
1,10722,1,2,3,16,10,12,45,12,6,1,0,1,2,6,52,6052,6,2006,3A4FY58B06T3,3,A,4,F,Y,5,8,B,0,6,T,3,0,P,CHRY,PTC,SV,6,17,3035,,0,1030,,G,,0,0,000000000,00000000000,0,0,0,1,0,0,0,0,0,0,0,999,0,0,0,12,12,6,2,12,0,0,0,1,13,30034,0,0,0,0,0,0,63,165,98,0,0,0,1,8,2008,8,2008,0,0,0,0,0,2,4,60,4,1,2,1,0,0,14,10,1,1,6,64,1,0
1,10722,2,2,4,16,10,12,45,12,6,1,0,1,1,23,481,23481,31,2005,2GTEK63NX511,2,G,T,E,K,6,3,N,X,5,1,1,0,T,GMC,DNL,CW,5,17,,2,0,1435,SIE,G,,0,0,000000000,00000000000,0,0,0,1,0,0,0,0,0,0,0,60,0,0,0,11,11,6,2,12,0,0,0,1,1,35146,6,1,0,0,3,0,69,150,0,0,0,0,0,0,0,0,0,0,0,0,0,0,2,2,60,4,1,2,1,0,0,14,62,1,1,1,65,0,0
1,10723,1,1,2,23,11,3,40,1,0,1,0,1,2,12,16,12016,4,2003,2FAFP71W53X2,2,F,A,F,P,7,1,W,5,3,X,2,0,P,FORD,CVP,4D,3,17,3946,,0,1147,,G,,0,0,000000000,00000000000,0,0,0,1,0,0,0,0,0,0,0,85,0,1,5,0,13,6,2,42,0,0,0,1,1,35020,6,7,0,0,3,1,72,150,0,0,0,0,0,0,0,0,0,1,0,0,0,0,1,2,30,1,1,2,1,0,0,1,6,1,3,4,2,2,0
1,10724,1,2,1,18,11,9,53,12,6,1,0,1,1,20,37,20037,4,2002,1G1NE52J82M5,1,G,1,N,E,5,2,J,8,2,M,5,0,P,CHEV,M/L,4D,2,17,3053,,0,1070,,G,,0,0,000000000,00000000000,0,0,0,1,0,0,0,0,0,0,0,20,0,0,0,9,9,6,2,12,0,0,0,1,1,35214,6,1,0,0,3,1,66,100,0,0,0,0,0,0,0,0,0,0,89,38,0,0,5,4,50,1,5,2,1,0,0,1,55,1,1,1,89,1,0
1,10724,2,2,1,18,11,9,53,12,6,1,0,55,3,51,881,51881,66,2007,4V4NC9GHX7N4,4,V,4,N,C,9,G,H,X,7,N,4,1,T,VOLV,VNL,DS,7,17,,8,0,0,VVN,D,,1,57,546240,57546240,3,6,1,1,0,0,0,0,0,0,0,45,0,0,0,12,12,6,2,12,0,0,0,1,28,38829,6,1,6,0,3,0,66,170,0,0,0,0,0,0,0,0,0,0,0,0,0,0,5,2,50,1,6,2,1,0,0,1,71,8,1,2,88,0,0
1,10725,1,2,1,2,12,7,50,12,2,1,0,1,2,20,481,20481,31,2006,1GCEC19T16Z2,1,G,C,E,C,1,9,T,1,6,Z,2,0,T,CHEV,SC1,4C,6,17,,2,1575,1340,SIL,G,,0,0,000000000,00000000000,0,0,0,1,0,0,0,0,0,0,0,45,0,0,0,12,12,6,2,12,0,0,0,1,1,35073,1,1,0,0,2,1,65,135,1,4,0,1,1,2,2009,7,2010,0,0,0,0,0,1,2,40,1,6,2,1,0,0,1,10,1,1,2,50,0,0
1,10725,2,2,2,2,12,7,50,12,2,1,0,1,1,7,482,7482,31,2002,1D7HA18N22S5,1,D,7,H,A,1,8,N,2,2,S,5,0,T,DODG,Q15,CW,2,17,,2,1605,1405,RPC,G,,0,0,000000000,00000000000,0,0,0,1,0,0,0,0,0,0,0,50,0,0,0,12,12,6,2,12,0,0,0,1,1,35214,6,1,0,0,3,0,71,200,1,0,0,0,0,1,2009,1,2009,0,0,0,0,0,1,2,40,1,5,2,1,0,0,1,62,1,1,1,51,1,0
1,10726,1,1,1,4,12,0,45,42,0,1,0,1,1,12,471,12471,30,1990,1FTCR10T2LUB,1,F,T,C,R,1,0,T,2,L,U,B,0,T,FORD,RNG,PK,90,17,,1,1140,1080,RNG,G,,0,0,000000000,00000000000,0,0,0,1,0,0,0,0,0,0,0,999,0,1,1,9,9,6,2,42,0,0,0,1,1,35031,2,1,0,0,2,0,71,195,0,0,0,0,0,0,0,0,0,0,51,0,0,0,1,2,35,1,5,2,1,0,0,1,12,1,1,4,6,1,1
1,10727,1,1,4,7,12,21,16,24,0,1,0,1,1,2,404,2404,14,1999,1J4G258S0XC7,1,J,4,G,2,5,8,S,0,X,C,7,0,T,JEEP,LRO,4W,99,17,,1,0,1059,GCK,G,,0,0,000000000,00000000000,0,0,0,1,0,0,0,0,0,0,0,70,0,1,5,9,98,6,2,24,0,0,0,1,1,35209,2,1,0,0,2,0,75,155,0,1,0,0,2,1,2009,4,2009,0,0,0,0,0,2,2,70,4,1,2,1,0,0,14,12,7,3,4,2,1,1
1,10728,1,1,1,8,12,18,15,1,0,1,0,1,2,35,48,35048,2,2006,JN1AZ36A46M4,J,N,1,A,Z,3,6,A,4,6,M,4,0,P,NISS,3ZR,RD,6,17,3580,,0,1043,,G,,0,0,000000000,00000000000,0,0,0,1,0,0,0,0,0,0,0,40,0,1,5,0,98,6,2,1,0,0,0,1,1,35180,6,1,0,0,3,0,69,145,1,0,0,1,1,3,2009,9,2009,0,0,0,0,0,1,2,40,1,1,2,1,0,0,1,13,1,1,4,1,1,0
1,10729,1,3,1,9,12,0,11,12,6,1,0,1,2,18,2,18002,4,1990,1G4HP54C5LH4,1,G,4,H,P,5,4,C,5,L,H,4,0,P,BUIC,LCF,4D,90,17,3175,,0,1108,,G,,0,0,000000000,00000000000,0,0,0,1,0,0,0,0,0,0,0,75,0,0,0,12,12,6,2,12,0,0,0,1,1,35212,1,1,0,0,2,0,76,255,0,1,0,0,1,9,2008,10,2008,1,39,37,0,0,1,2,40,1,1,2,1,3,3,1,55,1,1,1,88,1,0
1,10729,2,3,3,9,12,0,11,12,6,1,0,1,2,12,17,12017,4,2006,1FAFP53U96A2,1,F,A,F,P,5,3,U,9,6,A,2,0,P,FORD,TSE,4D,6,17,3307,,0,1085,,G,,0,0,000000000,00000000000,0,0,0,1,0,0,0,0,0,0,0,30,0,0,0,9,9,6,2,12,0,0,0,1,1,35217,6,1,0,0,3,0,70,145,0,0,0,0,0,0,0,0,0,0,0,0,0,0,1,2,35,1,1,2,1,3,3,1,66,1,1,1,89,2,0
1,10729,3,3,2,9,12,0,11,12,6,1,0,1,3,7,442,7442,20,1998,2B4GP44G6WR6,2,B,4,G,P,4,4,G,6,W,R,6,0,P,DODG,CAR,SV,98,17,3675,,0,1193,,F,,0,0,000000000,00000000000,0,0,0,1,0,0,0,0,0,0,0,8,0,0,0,9,9,6,2,12,0,0,0,1,1,35020,0,0,0,0,0,0,999,999,0,0,0,0,0,0,0,0,0,0,0,0,0,0,1,2,35,1,1,2,1,3,3,4,60,1,1,1,98,0,0
1,10730,1,1,2,30,12,0,45,1,0,1,0,1,2,20,481,20481,31,1976,CCL146F37512,C,C,L,1,4,6,F,3,7,5,1,2,0,P,,,,,,,,,,,,,0,0,000000000,00000000000,0,0,0,1,0,0,0,0,0,0,0,999,0,1,5,0,3,6,2,42,0,0,1,1,1,35180,2,1,2,0,2,0,68,150,0,1,0,0,0,12,2010,12,2010,9,58,0,0,0,1,2,30,1,6,2,1,0,0,1,12,6,4,4,7,2,0
1,10731,1,2,1,4,6,8,35,12,6,1,0,1,1,12,17,12017,4,2000,1FAFP55U2YG1,1,F,A,F,P,5,5,U,2,Y,G,1,0,P,FORD,TSS,4D,0,17,3333,,0,1085,,G,,0,0,000000000,00000000000,0,0,0,1,0,0,0,0,0,0,0,5,0,0,0,9,9,6,2,12,0,0,0,1,1,35650,6,1,0,0,3,1,65,135,0,0,0,0,0,0,0,0,0,0,89,38,0,0,1,2,45,1,5,2,1,20,3,1,55,1,1,1,89,1,0
1,10731,2,2,1,4,6,8,35,12,6,1,0,47,3,82,883,82883,66,2007,1FUJA6CV47LX,1,F,U,J,A,6,C,V,4,7,L,X,1,T,FRHT,COL,DS,7,17,,8,0,0,CON,D,,1,57,330006,57330006,3,6,2,2,2,1203,3,1,0,0,0,45,0,0,0,12,12,6,2,12,0,0,0,1,47,38464,6,1,6,1,3,1,72,175,0,0,0,0,0,0,0,0,0,0,0,0,0,0,5,2,45,1,2,2,1,0,0,1,66,1,1,1,88,0,0
1,10732,1,2,1,26,8,14,0,12,6,1,0,1,1,12,23,12023,4,2010,3FAHP0HA5AR3,3,F,A,H,P,0,H,A,5,A,R,3,0,P,FORD,F/E,4D,10,17,3285,,0,1074,,G,,0,0,000000000,00000000000,0,0,0,1,0,0,0,0,0,0,0,60,0,0,0,12,12,6,2,12,0,0,0,1,1,35651,6,1,0,0,3,1,71,175,1,0,0,0,0,4,2009,4,2009,0,39,0,0,0,1,2,55,1,1,2,1,3,3,1,66,1,1,1,88,0,0
1,10732,2,2,1,26,8,14,0,12,6,1,0,1,1,22,20,22020,4,2003,1G2WK52J33F1,1,G,2,W,K,5,2,J,3,3,F,1,0,P,PONT,GFS,4D,3,17,3384,,0,1105,,G,,0,0,000000000,00000000000,0,0,0,1,0,0,0,0,0,0,0,10,0,0,0,9,9,6,2,12,0,0,0,1,1,35672,6,1,0,0,3,1,63,130,0,0,0,0,0,0,0,0,0,0,0,0,0,0,1,2,55,1,1,2,1,3,3,1,66,1,1,1,89,1,0
1,10733,1,2,1,3,11,17,40,12,2,1,0,1,2,20,471,20471,30,1998,1GCCS14X8WK2,1,G,C,C,S,1,4,X,8,W,K,2,0,T,CHEV,S14,PK,98,17,,1,1179,1083,S,G,,0,0,000000000,00000000000,0,0,0,1,0,0,0,0,0,0,0,50,0,0,0,12,12,6,2,12,0,0,0,1,1,36542,6,1,0,0,3,0,64,105,2,0,0,0,0,5,2008,6,2010,0,28,0,0,0,1,2,45,1,5,2,2,0,0,1,10,1,1,2,50,1,0
1,10733,2,2,1,3,11,17,40,12,2,1,0,1,3,7,422,7422,15,2006,1D4HB48N16F1,1,D,4,H,B,4,8,N,1,6,F,1,0,P,DODG,DUR,UT,6,17,4859,,0,1192,,G,,0,0,000000000,00000000000,0,0,0,1,0,0,0,0,0,0,0,50,0,0,0,12,12,6,2,12,0,0,0,1,1,36530,1,1,0,0,2,0,75,220,0,1,0,0,1,4,2008,6,2010,9,0,0,0,0,1,2,45,1,6,2,2,0,0,1,62,1,1,1,51,0,0
1,10734,1,1,1,27,11,23,45,30,0,1,0,1,2,24,7,24007,4,2004,1G8AJ52F24Z1,1,G,8,A,J,5,2,F,2,4,Z,1,0,P,STRN,SI2,4D,4,17,2808,,0,1032,,G,,0,0,000000000,00000000000,0,0,0,1,0,0,0,0,0,0,0,999,0,1,5,9,9,6,2,1,0,0,0,1,1,35226,6,1,0,0,3,1,60,100,0,0,0,0,0,0,0,0,0,0,35,0,0,0,1,2,35,1,1,2,1,0,0,6,13,1,1,4,1,1,0
1,10735,1,1,1,9,11,18,25,9,0,1,0,92,0,76,702,76702,83,2001,JYA3RV0371A0,J,Y,A,3,R,V,0,3,7,1,A,0,0,M,YAMA,PW8,MX,1,17,,,,,,,79,0,0,000000000,00000000000,0,0,0,1,0,0,0,0,0,0,0,999,0,0,0,12,12,2,3,9,0,0,0,1,1,36426,0,0,0,0,0,0,67,180,0,0,0,0,0,0,0,0,0,0,28,0,0,0,1,2,55,1,6,2,1,0,0,1,10,1,1,2,13,1,1
1,10736,1,1,1,22,12,22,10,1,0,1,0,1,2,2,403,2403,14,2004,1J4FA49S34P7,1,J,4,F,A,4,9,S,3,4,P,7,0,T,JEEP,SPW,2W,4,17,,1,0,934,W/T,G,,0,0,000000000,00000000000,0,0,0,1,0,0,0,0,0,0,0,999,0,1,5,0,98,6,2,1,0,0,0,1,1,36109,6,1,0,0,3,1,65,145,0,0,0,0,0,0,0,0,0,0,0,0,0,0,2,2,45,1,1,2,1,0,0,1,13,1,1,5,1,1,0
1,10737,1,1,1,24,12,1,27,8,0,1,1,99,9,99,999,99999,99,9999,999999999999,9,9,9,9,9,9,9,9,9,9,9,9,0,U,,,,9,17,,,,,,,,0,0,000000000,00000000000,0,0,0,1,0,0,0,0,0,0,0,999,0,0,0,12,12,9,1,8,99,99,0,1,1,35215,6,1,0,0,3,0,72,178,1,0,0,1,1,8,2008,12,2010,9,0,0,0,0,2,2,45,1,1,2,1,0,0,1,80,1,1,1,13,0,0
1,10738,1,1,1,30,12,18,46,8,0,1,0,1,1,12,401,12401,14,2004,1FMZU62K94UA,1,F,M,Z,U,6,2,K,9,4,U,A,0,P,FORD,EPR,UT,4,17,4304,,0,1137,,F,,0,0,000000000,00000000000,0,0,0,1,0,0,0,0,0,0,0,999,0,0,0,12,12,4,3,8,0,0,0,1,1,36602,6,1,0,0,3,0,67,200,0,0,0,0,0,0,0,0,0,0,0,0,0,0,1,2,35,1,6,2,2,0,0,1,80,1,1,1,13,0,0
1,10739,1,1,1,30,12,23,0,30,0,1,0,1,1,37,33,37033,2,1992,JHMBA8246NC0,J,H,M,B,A,8,2,4,6,N,C,0,0,P,HOND,PRS,CP,92,17,2765,,0,1004,,G,,0,0,000000000,00000000000,0,0,0,1,0,0,0,0,0,0,0,999,0,0,0,12,9,6,2,42,0,0,0,1,1,35951,6,1,0,0,3,0,73,240,0,0,0,0,0,0,0,0,0,0,0,0,0,0,1,2,35,1,3,2,1,0,0,1,13,7,1,4,1,1,0
1,10740,1,2,1,31,12,12,30,12,2,1,0,1,1,41,53,41053,5,2008,JM3ER293X801,J,M,3,E,R,2,9,3,X,8,0,1,0,P,MAZD,MCX,UT,8,17,3710,,0,1083,,G,,0,0,000000000,00000000000,0,0,0,1,0,0,0,0,0,0,0,55,0,0,0,12,12,6,2,12,0,0,0,1,1,35473,6,1,0,0,3,1,66,140,1,0,0,1,0,6,2009,7,2010,0,28,0,0,0,1,2,55,1,6,2,1,0,0,1,10,1,1,2,50,1,0
1,10740,2,2,1,31,12,12,30,12,2,1,0,1,1,12,481,12481,31,1989,1FTHF25M8KPA,1,F,T,H,F,2,5,M,8,K,P,A,0,T,FORD,F25,PK,89,17,,2,0,1330,COF,D,,0,0,000000000,00000000000,0,0,0,1,0,0,0,0,0,0,0,55,0,0,0,12,12,6,2,12,0,0,0,1,1,35501,6,1,0,0,3,0,74,230,0,0,0,0,0,0,0,0,0,0,0,0,0,0,1,2,55,1,5,2,1,0,0,1,62,1,1,1,51,0,0
1,10741,1,2,1,9,12,11,30,12,6,1,0,1,3,84,881,84881,66,2000,2HSCHAER5YC0,2,H,S,C,H,A,E,R,5,Y,C,0,0,T,INTL,99I,DS,0,17,,8,0,0,990,D,,0,57,0423778,570423778,3,5,96,1,0,0,0,0,0,0,0,50,0,0,0,12,12,6,2,12,0,0,0,1,1,36301,6,1,6,0,3,1,72,190,0,0,0,0,0,0,0,0,0,0,0,0,0,0,1,2,55,1,1,2,1,0,0,1,8,9,4,6,66,0,0
1,10741,2,2,1,9,12,11,30,12,6,1,0,1,1,6,441,6441,20,1993,1C4GH54R2PX5,1,C,4,G,H,5,4,R,2,P,X,5,0,P,CHRY,TWC,SV,93,17,3862,,0,1190,,G,,0,0,000000000,00000000000,0,0,0,1,0,0,0,0,0,0,0,65,0,0,0,11,11,6,2,12,0,0,0,1,1,36344,6,1,0,0,3,0,67,140,0,0,0,0,0,0,0,0,0,1,89,8,0,0,1,2,55,1,1,2,1,0,0,1,62,1,1,1,66,1,0
1,10742,1,1,1,18,12,5,15,53,0,1,0,1,2,20,481,20481,31,1999,1GCEK19T4XE2,1,G,C,E,K,1,9,T,4,X,E,2,0,T,CHEV,SK1,3C,99,17,,2,1575,1435,SIL,G,,0,0,000000000,00000000000,0,0,0,1,0,0,0,0,0,0,0,70,0,1,5,1,98,6,2,1,0,0,0,1,1,36320,6,1,0,0,3,0,62,165,1,0,0,0,0,2,2009,2,2009,1,58,0,0,0,1,2,45,3,6,2,2,0,0,14,13,1,1,4,1,1,0
1,10743,1,2,1,25,12,18,40,8,0,1,0,1,2,12,401,12401,14,1997,1FMDU32XXVUA,1,F,M,D,U,3,2,X,X,V,U,A,0,P,FORD,EPR,UT,97,17,3939,,0,1115,,G,,0,0,000000000,00000000000,0,0,0,1,0,0,0,0,0,0,0,50,0,0,0,1,6,6,2,12,0,0,0,1,1,35811,6,1,0,0,3,0,68,150,2,5,0,1,2,4,2008,2,2009,1,0,0,0,0,3,2,65,1,1,2,4,0,0,15,6,1,4,4,13,0,0
1,10743,2,2,0,25,12,18,40,8,0,1,0,1,6,20,401,20401,14,1994,1GNDT13W0R21,1,G,N,D,T,1,3,W,0,R,2,1,0,P,CHEV,S10,UT,94,17,3811,,0,1070,,G,,0,0,000000000,00000000000,0,0,0,1,0,0,0,0,0,0,0,0,0,0,0,6,6,6,2,12,0,0,0,0,,,,,,,,,999,,,,,,,,,,,,0,0,0,0,2,2,65,1,1,2,4,0,0,0,53,0,0,0,98,0,0
1,10744,1,1,1,28,12,16,5,1,0,1,0,1,1,12,481,12481,31,2000,1FTNX21L7YEC,1,F,T,N,X,2,1,L,7,Y,E,C,0,T,FORD,F2S,4C,0,17,,2,1580,1418,SRW,G,,0,0,000000000,00000000000,0,0,0,1,0,0,0,0,0,0,0,70,0,1,5,0,98,6,2,1,0,0,0,1,1,35646,6,1,0,0,3,0,70,190,0,0,0,1,1,4,2008,9,2008,1,58,0,0,0,1,2,45,1,1,2,1,0,0,1,12,6,4,4,7,1,1
1,10745,1,1,1,28,12,1,0,32,0,1,0,1,2,12,402,12402,14,2007,1FMYU04167KA,1,F,M,Y,U,0,4,1,6,7,K,A,0,P,FORD,SPE,UT,7,17,3276,,0,1031,,G,,0,0,000000000,00000000000,0,0,0,1,0,0,0,0,0,0,0,75,0,1,5,10,9,6,2,42,0,0,0,1,1,36064,6,1,0,0,3,1,64,125,0,0,0,4,0,5,2008,7,2010,1,0,0,0,0,1,2,55,3,1,2,1,0,0,14,13,1,1,4,1,1,0
1,10746,1,1,2,28,12,17,15,53,0,1,0,1,2,21,20,21020,4,1996,1G3WH52M6TF3,1,G,3,W,H,5,2,M,6,T,F,3,0,P,OLDS,SUL,4D,96,17,3388,,0,1075,,G,,0,0,000000000,00000000000,0,0,0,1,0,0,0,0,0,0,0,60,0,1,5,1,13,6,2,42,0,0,0,1,1,35672,6,1,0,0,3,1,72,250,1,1,0,1,1,3,2008,5,2009,1,0,0,0,0,1,2,45,3,1,2,1,0,0,14,12,1,1,4,6,2,1
1,10747,1,1,2,30,12,4,10,53,0,1,0,1,2,20,482,20482,31,2004,3GNEK12T24G3,3,G,N,E,K,1,2,T,2,4,G,3,0,P,CHEV,AVL,UT,4,17,5678,,0,1300,,G,,0,0,000000000,00000000000,0,0,0,1,0,0,0,0,0,0,0,70,0,1,1,11,98,6,2,1,0,0,0,1,1,36054,1,1,0,0,2,0,72,220,0,2,0,1,2,4,2009,11,2010,1,0,0,0,0,1,4,60,2,1,2,1,0,0,14,12,7,3,4,7,1,0
1,10748,1,2,3,30,12,13,0,12,6,1,0,1,1,18,7,18007,4,2002,2G4WS52J4212,2,G,4,W,S,5,2,J,4,2,1,2,0,P,BUIC,CCU,4D,2,17,3368,,0,1090,,G,,0,0,000000000,00000000000,0,0,0,1,0,0,0,0,0,0,0,18,0,0,0,3,3,6,2,12,0,0,0,1,1,36695,6,1,0,0,3,0,68,140,1,2,0,1,1,9,2008,2,2009,0,38,0,0,0,1,2,45,1,1,2,2,3,3,11,55,1,1,1,68,1,0