STATE,ST_CASE,VEH_NO,VE_FORMS,NUMOCCS,DAY,MONTH,HOUR,MINUTE,HARM_EV,MAN_COLL,UNITTYPE,HIT_RUN,REG_STAT,OWNER,MAKE,MODEL,MAK_MOD,BODY_TYP,MOD_YEAR,VIN,VIN_1,VIN_2,VIN_3,VIN_4,VIN_5,VIN_6,VIN_7,VIN_8,VIN_9,VIN_10,VIN_11,VIN_12,TOW_VEH,VINTYPE,VINMAKE,VINA_MOD,VIN_BT,VINMODYR,VIN_LNGT,VIN_WGT,WGTCD_TR,WHLBS_LG,WHLBS_SH,SER_TR,FUELCODE,MCYCL_DS,J_KNIFE,MCARR_I1,MCARR_I2,MCARR_ID,GVWR,V_CONFIG,CARGO_BT,HAZ_INV,HAZ_PLAC,HAZ_ID,HAZ_CNO,HAZ_REL,BUS_USE,SPEC_USE,EMER_USE,TRAV_SP,UNDERIDE,ROLLOVER,ROLINLOC,IMPACT1,IMPACT2,DEFORMED,TOWED,M_HARM,VEH_SC1,VEH_SC2,FIRE_EXP,DR_PRES,L_STATE,DR_ZIP,L_STATUS,L_TYPE,CDL_STAT,L_ENDORS,L_COMPL,L_RESTRI,DR_HGT,DR_WGT,PREV_ACC,PREV_SUS,PREV_DWI,PREV_SPD,PREV_OTH,FIRST_MO,FIRST_YR,LAST_MO,LAST_YR,SPEEDREL,DR_SF1,DR_SF2,DR_SF3,DR_SF4,VTRAFWAY,VNUM_LAN,VSPD_LIM,VALIGN,VPROFILE,VPAVETYP,VSURCOND,VTRAFCON,VTCONT_F,P_CRASH1,P_CRASH2,P_CRASH3,PCRASH4,PCRASH5,ACC_TYPE,DEATHS,DR_DRINK
2,20022,1,2,1,4,7,19,31,1,0,1,0,2,1,6,441,6441,20,2005,2C4GP64L45R2,2,C,4,G,P,6,4,L,4,5,R,2,0,P,CHRY,TWC,SV,5,17,4344,,0,1193,,G,,0,0,000000000,00000000000,0,0,0,1,0,0,0,0,0,0,0,998,0,0,0,9,9,6,2,12,0,0,0,1,2,99709,6,1,0,0,3,0,70,245,0,0,0,0,0,0,0,0,0,9,39,0,0,0,3,2,25,1,2,2,1,2,3,1,17,1,1,1,98,0,0
2,20022,2,2,1,4,7,19,31,1,0,1,0,2,1,53,705,53705,80,2005,JS1GN7CA6521,J,S,1,G,N,7,C,A,6,5,2,1,0,M,SUZI,GSK,RS,5,17,,,,,,,599,0,0,000000000,00000000000,0,0,0,1,0,0,0,0,0,0,0,45,0,0,0,0,3,6,2,12,0,0,0,1,2,99709,6,1,0,0,2,3,71,185,0,0,0,0,0,0,0,0,0,0,84,0,0,0,3,2,45,1,2,2,1,2,3,1,66,4,3,2,98,1,0
2,20023,1,1,1,23,7,22,42,42,0,1,0,2,2,49,47,49047,6,2005,2T1LR32E35C3,2,T,1,L,R,3,2,E,3,5,C,3,0,P,TOYT,CTA,4H,5,17,2679,,0,1024,,G,,0,0,000000000,00000000000,0,0,0,1,0,0,0,0,0,0,0,999,0,0,0,8,8,6,2,42,0,0,0,1,2,99801,6,1,0,0,3,0,69,125,0,0,0,1,0,4,2010,4,2010,9,99,99,99,99,1,2,55,3,2,2,2,0,0,14,12,1,1,4,6,1,0
2,20024,1,1,1,28,7,14,2,8,0,1,0,2,3,12,481,12481,31,2010,1FTFW1EV0AFA,1,F,T,F,W,1,E,V,0,A,F,A,0,T,FORD,F1S,CW,10,17,,2,1570,1450,COF,F,,0,0,000000000,00000000000,0,0,0,1,0,0,0,0,0,0,0,998,0,0,0,12,12,6,2,8,0,0,0,1,2,99705,6,1,0,0,3,0,68,225,0,0,0,0,0,0,0,0,0,0,39,0,0,0,3,2,55,1,1,2,1,2,3,1,80,1,1,1,13,0,0
2,20025,1,3,1,1,7,17,25,12,2,1,0,2,1,24,1,24001,4,1999,1G8ZF5280XZ3,1,G,8,Z,F,5,2,8,0,X,Z,3,0,P,STRN,SSL,4D,99,17,2326,,0,1024,,G,,0,0,000000000,00000000000,0,0,0,1,0,0,0,0,0,0,0,70,0,0,0,12,12,6,2,12,0,0,0,1,2,99567,6,1,0,0,3,0,70,140,0,0,0,0,1,4,2009,4,2009,0,0,0,0,0,3,2,65,3,6,2,1,0,0,14,12,1,1,7,98,1,0
2,20025,2,3,2,1,7,17,25,12,2,1,0,2,1,48,401,48401,14,2008,JF1SG63688G7,J,F,1,S,G,6,3,6,8,8,G,7,0,P,SUBA,FOR,UT,8,17,3140,,0,994,,G,,0,0,000000000,00000000000,0,0,0,1,0,0,0,0,0,0,0,998,0,0,0,12,12,6,2,12,0,0,0,1,2,99567,6,1,0,0,3,0,68,265,0,0,0,0,0,0,0,0,0,0,0,0,0,0,3,2,65,2,5,2,1,0,0,14,62,1,1,1,98,0,0
2,20025,3,3,2,1,7,17,25,12,2,1,0,2,1,55,35,55035,4,2003,KMHDN45DX3U5,K,M,H,D,N,4,5,D,X,3,U,5,0,P,HYUN,EST,4D,3,17,2635,,0,1027,,G,,0,0,000000000,00000000000,0,0,0,1,0,0,0,0,0,0,0,998,0,0,0,1,1,4,1,12,0,0,0,1,2,99567,6,1,0,0,3,3,67,165,0,0,0,0,0,0,0,0,0,0,0,0,0,0,3,2,65,2,5,2,1,0,0,14,52,6,1,4,98,0,0
2,20027,1,1,2,28,8,22,39,8,0,1,0,2,1,49,32,49032,4,2009,JTDBL40E59J0,J,T,D,B,L,4,0,E,5,9,J,0,0,P,TOYT,CLB,4D,9,17,2723,,0,1024,,G,,0,0,000000000,00000000000,0,0,0,1,0,0,0,0,0,0,0,998,0,0,0,11,11,4,3,8,0,0,0,1,2,99516,6,1,0,0,3,3,69,170,0,0,0,0,0,0,0,0,0,0,0,0,0,0,3,2,35,1,1,2,2,0,0,1,80,1,1,1,13,0,0
2,20028,1,1,2,14,9,1,47,5,0,1,0,2,1,12,401,12401,14,1990,1FMEU15N9LLB,1,F,M,E,U,1,5,N,9,L,L,B,0,P,FORD,BRO,UT,90,17,4348,,0,1050,,G,,0,0,000000000,00000000000,0,0,0,1,0,0,0,0,0,0,0,998,0,0,0,0,0,0,1,5,0,0,0,1,2,99714,1,1,5,0,2,2,68,160,0,1,0,0,0,10,2007,10,2007,0,74,0,0,0,1,2,65,1,1,2,11,0,0,10,98,1,1,1,0,1,1
2,20029,1,1,9,4,8,10,39,42,0,1,0,2,2,12,442,12442,20,1999,2FMZA5142XBC,2,F,M,Z,A,5,1,4,2,X,B,C,0,T,FORD,WLX,ES,99,17,,1,0,1207,WIN,G,,0,0,000000000,00000000000,0,0,0,1,0,0,0,0,0,0,0,50,0,1,5,11,13,6,2,1,0,0,0,1,2,99654,0,0,0,0,0,0,71,281,0,0,0,0,0,0,0,0,0,1,21,36,52,0,1,2,25,3,2,5,11,0,0,14,6,1,1,4,6,1,1
2,20030,1,2,1,18,8,18,4,1,0,1,0,2,1,76,706,76706,80,2005,JYA2WEE075A0,J,Y,A,2,W,E,E,0,7,5,A,0,0,M,YAMA,VMX,RS,5,17,,,,,,,1198,0,0,000000000,00000000000,0,0,0,1,0,0,0,0,0,0,0,998,0,0,0,0,12,6,2,12,0,0,0,1,2,99688,6,1,0,0,3,0,71,240,0,0,0,0,0,0,0,0,0,0,51,0,0,0,2,2,45,2,2,2,1,0,0,14,12,4,1,4,98,1,0
2,20030,2,2,1,18,8,18,4,1,0,1,0,2,1,20,34,20034,4,1996,2C1MR5292T67,2,C,1,M,R,5,2,9,2,T,6,7,0,P,GEO,GML,4D,96,17,1940,,0,931,,G,,0,0,000000000,00000000000,0,0,0,1,0,0,0,0,0,0,0,998,0,0,0,12,12,6,2,12,0,0,0,1,2,99652,6,1,0,0,3,3,66,140,0,0,0,0,0,0,0,0,0,0,0,0,0,0,1,2,45,3,2,2,1,0,0,14,62,9,1,4,98,0,0
2,20031,1,1,1,2,9,19,34,1,0,1,0,2,1,72,706,72706,80,2005,1HD1DJV125Y6,1,H,D,1,D,J,V,1,2,5,Y,6,0,M,HD,FHC,RS,5,17,,,,,,,1450,0,0,000000000,00000000000,0,0,0,1,0,0,0,0,0,0,0,999,0,0,0,0,0,6,2,1,0,0,0,1,2,99688,6,1,6,0,3,3,70,240,0,0,0,0,0,0,0,0,0,0,0,0,0,0,1,2,55,3,5,2,1,0,0,14,13,9,2,4,98,1,1
2,20032,1,2,3,5,9,22,57,12,6,1,0,2,2,12,3,12003,1,2004,1FAFP49Y84F1,1,F,A,F,P,4,9,Y,8,4,F,1,0,P,FORD,MCS,CV,4,17,3254,,0,1013,,G,,0,0,000000000,00000000000,0,0,0,1,0,0,0,0,0,0,0,998,0,0,0,3,3,6,2,12,0,0,0,1,2,99611,6,1,0,0,3,0,70,200,0,0,0,0,0,0,0,0,0,0,50,0,0,0,4,1,0,1,1,2,1,0,0,1,17,1,1,1,87,1,1
2,20032,2,2,3,5,9,22,57,12,6,1,0,2,1,12,481,12481,31,2001,1FTSW31F61EA,1,F,T,S,W,3,1,F,6,1,E,A,0,T,FORD,F3S,CW,1,17,,2,1724,1562,SRW,D,,0,0,000000000,00000000000,0,0,0,1,0,0,0,0,0,0,0,998,0,1,6,12,12,6,2,12,0,0,0,1,2,99503,6,1,0,0,3,3,74,160,0,0,0,0,0,0,0,0,0,1,0,0,0,0,1,2,0,1,1,2,1,0,0,1,66,1,1,1,86,0,0
2,20033,1,2,2,15,9,12,43,12,6,1,0,2,1,48,401,48401,14,2005,JF1SG63685H7,J,F,1,S,G,6,3,6,8,5,H,7,0,P,SUBA,FOR,UT,5,17,3090,,0,994,,G,,0,0,000000000,00000000000,0,0,0,1,0,0,0,0,0,0,0,999,0,0,0,9,9,6,2,12,0,0,0,1,2,99712,6,1,0,0,3,3,69,158,0,0,0,0,0,0,0,0,0,0,39,0,0,0,1,2,40,1,1,2,1,20,3,11,15,1,1,2,82,1,0
2,20033,2,2,1,15,9,12,43,12,6,1,0,2,1,20,431,20431,16,1993,1GNFK16K1PJ3,1,G,N,F,K,1,6,K,1,P,J,3,0,P,CHEV,K15,UT,93,17,5148,,0,1315,,G,,0,0,000000000,00000000000,0,0,0,1,0,0,0,0,0,0,0,40,0,0,0,12,12,6,2,12,0,0,0,1,2,99712,6,1,0,0,3,0,62,128,0,0,0,1,3,8,2008,6,2010,0,0,0,0,0,1,2,40,1,5,2,1,0,0,1,72,3,1,1,83,0,0
2,20034,1,1,1,18,9,1,30,39,0,1,0,2,1,47,35,47035,5,2001,YS3DD55H5120,Y,S,3,D,D,5,5,H,5,1,2,0,0,P,SAA,93,4H,1,17,3020,,0,1026,,G,,0,0,000000000,00000000000,0,0,0,1,0,0,0,0,0,0,0,85,0,1,6,12,13,6,2,1,0,0,0,1,2,99507,6,1,0,0,3,0,68,160,0,0,0,0,0,0,0,0,0,1,0,0,0,0,1,2,45,3,2,2,1,0,0,14,13,1,1,4,1,1,1
2,20035,1,1,2,16,9,0,8,52,0,1,0,2,2,12,471,12471,30,1995,1FTCR15X9SPA,1,F,T,C,R,1,5,X,9,S,P,A,0,T,FORD,RNS,PS,95,17,,1,0,1250,RNG,G,,0,0,000000000,00000000000,0,0,0,1,0,0,0,0,0,0,0,999,0,1,2,12,13,6,2,1,0,0,0,1,2,99615,6,1,0,0,3,0,63,140,0,0,0,0,0,0,0,0,0,1,36,0,0,0,1,2,35,3,1,2,1,0,0,14,13,1,1,4,1,1,1
2,20036,1,1,2,13,7,19,6,1,0,1,0,2,1,12,401,12401,14,2002,1FMZU73E52UA,1,F,M,Z,U,7,3,E,5,2,U,A,0,P,FORD,EPR,UT,2,17,4378,,0,1137,,G,,0,0,000000000,00000000000,0,0,0,1,0,0,0,0,0,0,0,998,0,1,3,0,13,6,2,1,0,0,0,1,13,30039,6,1,0,0,3,0,66,158,98,0,0,0,1,2,2010,2,2010,0,0,0,0,0,3,2,65,1,5,2,1,0,0,1,12,1,1,4,6,1,0
2,20037,1,1,2,15,7,16,33,44,0,1,0,2,2,99,734,99734,90,2007,4F07ATV17T23,4,F,0,7,A,T,V,1,7,T,2,3,0,P,,,,,,,,,,,,,0,0,000000000,00000000000,0,0,0,1,0,0,0,0,0,0,0,998,0,1,5,0,12,6,2,1,0,0,0,1,2,99654,6,7,0,0,3,2,62,131,0,0,0,0,0,0,0,0,0,1,36,82,73,0,1,2,0,3,3,2,11,0,0,98,98,4,1,5,0,1,0
2,20038,1,2,2,26,9,16,13,12,6,1,0,2,1,6,52,6052,6,2006,3A8FY78G06T3,3,A,8,F,Y,7,8,G,0,6,T,3,0,P,CHRY,PTC,SV,6,17,3292,,0,1030,,G,,0,0,000000000,00000000000,0,0,0,1,0,0,0,0,0,0,0,45,0,0,0,12,12,6,2,12,0,0,0,1,2,99654,6,1,3,0,3,0,70,160,0,0,0,0,0,0,0,0,0,1,87,0,0,0,1,2,55,2,6,2,4,40,3,14,5,7,2,2,64,1,0
2,20038,2,2,1,26,9,16,13,12,6,1,0,4,4,23,881,23881,62,2008,1GDG5C1G58F9,1,G,D,G,5,C,1,G,5,8,F,9,1,T,GMC,C5C,CB,8,17,,6,2240,1280,C55,G,,1,77,777777777,77777777777,2,1,1,1,0,0,0,0,0,0,0,999,0,0,0,11,11,6,2,12,0,0,0,1,2,99712,6,1,0,0,3,3,72,225,0,0,0,0,1,5,2009,5,2009,0,0,0,0,0,1,2,55,3,5,2,4,0,0,14,62,7,1,1,65,0,0
2,20039,1,1,2,30,9,23,19,8,0,1,0,2,1,41,35,41035,4,2000,JM1BJ2215Y02,J,M,1,B,J,2,2,1,5,Y,0,2,0,P,MAZD,PES,4D,0,17,2537,,0,1028,,G,,0,0,000000000,00000000000,0,0,0,1,0,0,0,0,0,0,0,40,0,0,0,12,12,9,3,8,0,0,0,1,2,99507,6,1,0,0,3,0,67,140,0,0,0,0,0,0,0,0,0,0,0,0,0,0,3,2,45,1,1,2,2,0,0,2,80,1,1,1,13,0,0
2,20040,1,2,1,2,10,15,11,12,6,1,0,2,1,7,26,7026,4,2008,1B3LD76M48N6,1,B,3,L,D,7,6,M,4,8,N,6,0,P,DODG,ARL,4D,8,17,3738,,0,1089,,G,,0,0,000000000,00000000000,0,0,0,1,0,0,0,0,0,0,0,998,0,0,0,9,9,6,2,12,0,0,0,1,2,99701,6,1,0,0,3,0,71,240,0,0,0,0,0,0,0,0,0,0,38,0,0,0,1,2,55,1,1,2,1,20,3,11,15,1,1,1,82,0,0
2,20040,2,2,2,2,10,15,11,12,6,1,0,2,1,49,40,49040,4,2004,4T1BE32K04U8,4,T,1,B,E,3,2,K,0,4,U,8,0,P,TOYT,UXS,4D,4,17,3086,,0,1071,,G,,0,0,000000000,00000000000,0,0,0,1,0,0,0,0,0,0,0,55,0,0,0,12,12,6,2,12,0,0,0,1,2,99705,6,1,0,0,3,3,64,127,0,0,0,0,0,0,0,0,0,0,0,0,0,0,3,2,55,1,1,2,1,0,0,1,67,4,1,1,83,1,0
2,20041,1,1,2,18,10,17,42,1,0,1,0,2,1,12,471,12471,30,2003,1FTZR15E63PB,1,F,T,Z,R,1,5,E,6,3,P,B,0,T,FORD,RNS,PS,3,17,,1,0,1259,RNG,G,,0,0,000000000,00000000000,0,0,0,1,0,0,0,0,0,0,0,999,0,2,5,0,3,6,2,1,0,0,0,1,2,99515,6,1,0,0,3,3,74,215,0,0,0,0,2,3,2010,3,2010,1,0,0,0,0,1,2,50,3,1,2,1,40,3,14,13,1,1,4,1,1,0
2,20042,1,2,1,26,10,20,56,12,6,1,0,2,1,7,482,7482,31,1998,1B7KF236XWJ2,1,B,7,K,F,2,3,6,X,W,J,2,0,T,DODG,Q25,4C,98,17,,2,1547,1387,RPC,D,,0,0,000000000,00000000000,0,0,0,1,0,0,0,0,0,0,0,998,0,0,0,12,12,2,3,12,0,0,0,1,2,99709,6,1,0,0,3,0,77,245,0,0,0,0,0,0,0,0,0,0,38,0,0,0,1,3,55,1,5,2,4,0,0,11,15,7,1,2,68,0,1
2,20042,2,2,2,26,10,20,56,12,6,1,0,2,2,30,40,30040,4,2002,3VWSP69MX2M1,3,V,W,S,P,6,9,M,X,2,M,1,0,P,VOLK,JSI,4D,2,17,2910,,0,989,,D,,0,0,000000000,00000000000,0,0,0,1,0,0,0,0,0,0,0,998,0,1,5,8,13,6,2,1,0,0,0,1,2,99701,6,1,6,0,3,3,67,176,0,0,0,0,0,0,0,0,0,0,0,0,0,0,1,3,55,1,6,2,4,0,0,1,62,1,1,1,69,1,0
2,20043,1,1,2,30,10,4,55,59,0,1,0,2,2,22,18,22018,4,1995,1G2NE55DXSM5,1,G,2,N,E,5,5,D,X,S,M,5,0,P,PONT,GAS,4D,95,17,2945,,0,1034,,G,,0,0,000000000,00000000000,0,0,0,1,0,0,0,0,0,0,0,100,0,1,5,12,13,6,2,1,0,0,1,1,2,99654,6,1,0,0,3,0,68,210,0,0,0,0,1,7,2008,7,2008,1,0,0,0,0,3,3,55,1,1,2,1,0,0,1,13,1,1,4,1,1,1
2,20044,1,2,2,2,11,11,19,12,6,1,0,2,2,53,402,53402,14,2000,JS3TD62VXY41,J,S,3,T,D,6,2,V,X,Y,4,1,0,P,SUZI,GVT,UT,0,17,3197,,0,976,,G,,0,0,000000000,00000000000,0,0,0,1,0,0,0,0,0,0,0,999,0,0,0,3,3,6,2,12,0,0,0,1,2,99611,6,1,0,0,3,3,69,190,0,0,0,0,0,0,0,0,0,0,87,0,0,0,1,2,55,1,1,2,4,0,0,1,5,1,4,2,66,1,0
2,20044,2,2,1,2,11,11,19,12,6,1,0,2,1,7,442,7442,20,2001,2B8GP54L41R1,2,B,8,G,P,5,4,L,4,1,R,1,0,T,DODG,GES,ES,1,17,4118,1,0,1193,CAR,G,,0,0,000000000,00000000000,0,0,0,1,0,0,0,0,0,0,0,999,0,0,0,12,12,6,2,12,0,0,0,1,2,99611,6,1,0,0,3,3,70,225,0,0,0,0,0,0,0,0,0,0,0,0,0,0,1,2,55,1,1,2,4,0,0,1,62,1,1,1,66,0,0
2,20045,1,2,2,4,11,17,5,12,2,1,0,2,1,12,481,12481,31,2000,1FTRX18W3YNA,1,F,T,R,X,1,8,W,3,Y,N,A,0,T,FORD,F15,4C,0,17,,2,1574,1388,COF,G,,0,0,000000000,00000000000,0,0,0,1,0,0,0,0,0,0,0,45,0,0,0,12,12,6,2,12,0,0,0,1,2,99652,6,1,0,0,3,0,72,240,0,0,0,0,0,0,0,0,0,0,87,58,0,0,1,2,45,1,1,2,3,0,0,1,5,9,2,2,50,0,0
2,20045,2,2,1,4,11,17,5,12,2,1,0,2,1,20,442,20442,20,1991,1GCCU05D8MT1,1,G,C,C,U,0,5,D,8,M,T,1,0,T,CHEV,LUM,VN,91,17,,1,0,1098,L/M,G,,0,0,000000000,00000000000,0,0,0,1,0,0,0,0,0,0,0,35,0,0,0,12,12,6,2,12,0,0,0,1,2,99654,6,1,0,0,3,3,68,225,0,0,0,0,0,0,0,0,0,0,87,0,0,0,1,2,45,1,1,2,3,0,0,1,62,1,2,1,51,1,1
2,20046,1,2,1,6,11,10,16,12,2,1,0,2,3,87,881,87881,66,2011,1XPXD40X9BD1,1,X,P,X,D,4,0,X,9,B,D,1,0,T,PTRB,389,DS,11,17,,8,0,0,CON,D,,0,57,062879,57062879,3,5,96,1,0,0,0,0,0,0,0,45,0,0,0,12,12,6,2,12,0,0,0,1,2,99507,6,1,6,1,3,0,70,230,0,0,0,0,5,8,2008,5,2010,1,87,0,0,0,1,2,55,2,1,2,10,0,0,14,6,9,2,2,50,0,0
2,20046,2,2,2,6,11,10,16,12,2,1,0,2,1,37,402,37402,14,2000,JHLRD1846YC0,J,H,L,R,D,1,8,4,6,Y,C,0,0,P,HOND,CRV,UT,0,17,3236,,0,1032,,G,,0,0,000000000,00000000000,0,0,0,1,0,0,0,0,0,0,0,999,0,0,0,12,12,6,2,12,35,0,0,1,2,99654,6,1,6,0,3,3,72,250,0,0,0,0,0,0,0,0,0,0,0,0,0,0,1,2,55,3,1,2,10,0,0,14,62,99,1,1,51,2,0
2,20047,1,1,5,14,11,17,5,35,0,1,0,2,2,12,481,12481,31,2000,1FTNX21S0YEB,1,F,T,N,X,2,1,S,0,Y,E,B,0,T,FORD,F2S,4C,0,17,,2,1580,1418,SRW,G,,0,0,000000000,00000000000,0,0,0,1,0,0,0,0,0,0,0,998,0,1,3,3,3,6,2,1,0,0,0,1,2,99577,6,1,0,0,3,3,72,200,0,0,0,0,0,0,0,0,0,0,58,0,0,0,3,2,65,1,2,2,1,0,0,15,12,1,1,4,6,1,0
2,20048,1,1,2,24,11,17,1,1,0,1,0,2,2,7,472,7472,31,1993,1B7GG26X3PS1,1,B,7,G,G,2,6,X,3,P,S,1,0,T,DODG,DAK,PK,93,17,,1,1239,1119,DAK,G,,0,0,000000000,00000000000,0,0,0,1,0,0,0,0,0,0,0,55,0,2,6,0,13,6,2,1,0,0,0,1,2,99705,6,7,0,0,3,2,64,175,0,0,0,0,0,0,0,0,0,1,52,73,87,0,1,2,65,1,2,2,4,0,0,1,6,99,2,4,2,1,0
2,20049,1,2,2,8,12,9,45,12,6,1,0,2,1,12,471,12471,30,2001,1FTZR15U71PA,1,F,T,Z,R,1,5,U,7,1,P,A,0,T,FORD,RNS,PS,1,17,,1,0,1259,RNG,G,,0,0,000000000,00000000000,0,0,0,1,0,0,0,0,0,0,0,999,0,0,0,9,9,6,2,12,0,0,0,1,2,99737,6,1,0,0,3,0,73,210,0,0,0,0,0,0,0,0,0,0,87,58,0,0,1,2,65,1,5,2,4,0,0,1,5,1,3,2,66,1,0
2,20049,2,2,1,8,12,9,45,12,6,1,0,2,3,12,881,12881,61,2008,1FDAF57R78ED,1,F,D,A,F,5,7,R,7,8,E,D,0,T,FORD,F5D,CB,8,17,,5,2010,1410,DRW,D,,0,57,01092483,5701092483,2,1,3,1,0,0,0,0,0,0,0,999,0,0,0,12,12,6,2,12,0,0,0,1,2,99709,6,1,6,0,3,3,69,180,0,0,0,1,0,5,2008,5,2008,0,0,0,0,0,1,2,65,1,6,2,4,0,0,1,62,8,1,2,66,0,0
2,20050,1,1,1,12,12,0,0,31,0,1,0,2,1,99,998,99998,91,2008,2BPSCT8A48V0,2,B,P,S,C,T,8,A,4,8,V,0,0,U,,,,8,17,,,,,,,,0,0,000000000,00000000000,0,0,0,1,0,0,0,0,0,0,0,998,0,0,0,18,18,4,3,31,0,0,0,1,2,99508,6,1,0,0,3,0,71,190,0,0,0,0,0,0,0,0,0,1,0,0,0,0,1,2,0,1,1,2,3,0,0,1,6,1,1,5,15,1,1
2,20051,1,2,1,17,12,17,2,12,2,1,0,2,1,49,472,49472,30,2011,5TFLU4EN7BX0,5,T,F,L,U,4,E,N,7,B,X,0,0,T,TOYT,DCL,CW,11,17,,1,0,1278,TAC,G,,0,0,000000000,00000000000,0,0,0,1,0,0,0,0,0,0,0,998,0,0,0,12,12,6,2,12,0,0,0,1,6,92311,6,1,0,0,3,0,70,165,0,0,0,0,0,0,0,0,0,1,27,36,0,0,1,2,55,2,1,2,4,0,0,14,10,7,1,2,52,0,1
2,20051,2,2,1,17,12,17,2,12,2,1,0,2,1,2,404,2404,14,1996,1J4FJ68S9TL2,1,J,4,F,J,6,8,S,9,T,L,2,0,T,JEEP,SPC,4W,96,17,,1,0,1014,CHK,G,,0,0,000000000,00000000000,0,0,0,1,0,0,0,0,0,0,0,998,0,0,0,12,12,6,2,12,0,0,0,1,2,99587,6,1,0,0,3,3,67,200,0,0,0,0,1,1,2010,1,2010,0,0,0,0,0,1,2,55,3,1,2,4,0,0,14,62,6,1,2,52,1,0
2,20052,1,2,2,21,12,20,0,12,2,1,0,2,2,20,16,20016,2,2003,1G1JF12F3371,1,G,1,J,F,1,2,F,3,3,7,1,0,P,CHEV,CAS,CP,3,17,2617,,0,1041,,G,,0,0,000000000,00000000000,0,0,0,1,0,0,0,0,0,0,0,998,0,0,0,12,12,6,2,12,0,0,0,1,2,99725,6,1,0,0,3,3,68,145,0,0,0,0,1,5,2010,5,2010,9,0,0,0,0,1,2,55,1,1,2,4,0,0,1,10,1,1,1,52,1,0
2,20052,2,2,1,21,12,20,0,12,2,1,0,2,3,20,431,20431,16,1993,1GNFK16K5PJ3,1,G,N,F,K,1,6,K,5,P,J,3,0,P,CHEV,K15,UT,93,17,5148,,0,1315,,G,,0,0,000000000,00000000000,0,0,0,1,0,0,0,0,0,0,0,998,0,0,0,12,12,6,2,12,0,0,0,1,2,99760,6,1,0,0,3,3,60,140,0,0,0,0,1,3,2009,3,2009,9,0,0,0,0,1,2,55,1,1,2,4,0,0,1,10,1,1,1,52,0,1
2,20053,1,1,1,23,12,21,44,48,0,1,0,2,1,99,998,99998,91,2006,4XACR7AC8XB0,4,X,A,C,R,7,A,C,8,X,B,0,0,M,POL,,,99,17,,,,,,,,0,0,000000000,00000000000,0,0,0,1,0,0,0,0,0,0,0,998,0,1,2,98,9,2,4,1,0,0,0,1,2,99682,0,0,0,0,1,0,68,150,0,0,0,0,0,0,0,0,0,9,0,0,0,0,1,2,0,1,1,4,4,0,0,1,13,1,1,4,1,1,1
4,40001,1,1,5,1,1,2,53,25,0,1,1,4,2,37,32,37032,4,2004,1HGCM56364A0,1,H,G,C,M,5,6,3,6,4,A,0,0,P,HOND,ULX,4D,4,17,3113,,0,1079,,G,,0,0,000000000,00000000000,0,0,0,1,0,0,0,0,0,0,0,112,0,0,0,82,81,6,2,25,0,0,0,1,4,85713,1,1,0,0,2,0,68,168,0,0,0,0,0,0,0,0,0,1,0,0,0,0,3,4,65,2,5,1,1,0,0,14,6,7,3,4,7,1,1
4,40002,1,1,1,2,1,7,57,1,0,1,0,4,1,20,401,20401,14,1998,1GNCS13W7W22,1,G,N,C,S,1,3,W,7,W,2,2,0,P,CHEV,BZR,UT,98,17,3685,,0,1070,,G,,0,0,000000000,00000000000,0,0,0,1,0,0,0,0,0,0,0,998,0,1,5,0,0,6,2,1,0,0,0,1,4,85242,6,1,0,0,3,0,72,225,0,0,0,0,0,0,0,0,0,1,99,99,99,99,3,3,65,3,1,2,1,0,0,14,11,6,3,4,2,1,0
4,40003,1,1,1,2,1,18,24,33,0,1,0,4,1,24,1,24001,4,1997,1G8ZK5275VZ2,1,G,8,Z,K,5,2,7,5,V,Z,2,0,P,STRN,SL2,4D,97,17,2362,,0,1024,,G,,0,0,000000000,00000000000,0,0,0,1,0,0,0,0,0,0,0,40,0,1,5,14,12,6,2,42,0,0,0,1,4,85712,6,1,0,0,3,0,73,250,0,0,0,0,0,0,0,0,0,0,0,0,0,0,2,3,40,2,1,8,1,0,0,14,12,1,1,4,6,1,0
4,40004,1,2,1,4,1,5,20,11,0,1,0,4,1,12,37,12037,4,2005,1FAHP38Z25W3,1,F,A,H,P,3,8,Z,2,5,W,3,0,P,FORD,ST4,4D,5,17,2677,,0,1030,,G,,0,0,000000000,00000000000,0,0,0,1,0,0,0,0,0,0,0,998,0,0,0,99,10,6,2,12,0,0,0,1,4,85929,6,1,6,0,3,0,72,210,0,2,0,0,0,10,2008,11,2008,0,83,0,0,0,1,2,65,1,5,2,1,0,0,1,87,9,4,6,13,1,0
4,40004,2,2,1,4,1,5,20,11,0,1,0,35,1,14,401,14401,14,2000,4M2ZU66EXYUJ,4,M,2,Z,U,6,6,E,X,Y,U,J,0,P,MERC,MOU,UT,0,17,3845,,0,1116,,G,,0,0,000000000,00000000000,0,0,0,1,0,0,0,0,0,0,0,998,0,0,0,12,12,6,2,12,0,0,0,1,35,87002,0,0,0,0,0,0,67,165,98,0,0,0,0,0,0,0,0,0,0,0,0,0,1,2,65,1,6,2,1,0,0,1,62,1,1,1,98,0,0
4,40005,1,2,1,8,1,7,26,12,1,1,0,4,1,7,482,7482,31,2003,3D3KU28CX3G7,3,D,3,K,U,2,8,C,X,3,G,7,0,T,DODG,SQ2,CW,3,17,,2,1605,1405,RPC,D,,0,0,000000000,00000000000,0,0,0,1,0,0,0,0,0,0,0,998,0,0,0,12,12,6,2,12,0,0,0,1,4,85205,6,1,0,0,3,0,73,200,0,2,0,2,0,2,2007,6,2009,9,0,0,0,0,2,3,45,1,1,8,1,2,3,1,50,1,1,1,20,0,0