STATE,ST_CASE,VEH_NO,VE_FORMS,NUMOCCS,DAY,MONTH,HOUR,MINUTE,HARM_EV,MAN_COLL,UNITTYPE,HIT_RUN,REG_STAT,OWNER,MAKE,MODEL,MAK_MOD,BODY_TYP,MOD_YEAR,VIN,VIN_1,VIN_2,VIN_3,VIN_4,VIN_5,VIN_6,VIN_7,VIN_8,VIN_9,VIN_10,VIN_11,VIN_12,TOW_VEH,VINTYPE,VINMAKE,VINA_MOD,VIN_BT,VINMODYR,VIN_LNGT,VIN_WGT,WGTCD_TR,WHLBS_LG,WHLBS_SH,SER_TR,FUELCODE,MCYCL_DS,J_KNIFE,MCARR_I1,MCARR_I2,MCARR_ID,GVWR,V_CONFIG,CARGO_BT,HAZ_INV,HAZ_PLAC,HAZ_ID,HAZ_CNO,HAZ_REL,BUS_USE,SPEC_USE,EMER_USE,TRAV_SP,UNDERIDE,ROLLOVER,ROLINLOC,IMPACT1,IMPACT2,DEFORMED,TOWED,M_HARM,VEH_SC1,VEH_SC2,FIRE_EXP,DR_PRES,L_STATE,DR_ZIP,L_STATUS,L_TYPE,CDL_STAT,L_ENDORS,L_COMPL,L_RESTRI,DR_HGT,DR_WGT,PREV_ACC,PREV_SUS,PREV_DWI,PREV_SPD,PREV_OTH,FIRST_MO,FIRST_YR,LAST_MO,LAST_YR,SPEEDREL,DR_SF1,DR_SF2,DR_SF3,DR_SF4,VTRAFWAY,VNUM_LAN,VSPD_LIM,VALIGN,VPROFILE,VPAVETYP,VSURCOND,VTRAFCON,VTCONT_F,P_CRASH1,P_CRASH2,P_CRASH3,PCRASH4,PCRASH5,ACC_TYPE,DEATHS,DR_DRINK
4,40082,2,2,1,27,2,3,3,12,2,1,0,4,4,84,881,84881,62,2005,1HTMMAAL75H1,1,H,T,M,M,A,A,L,7,5,H,1,0,T,INTL,430,CC,5,17,,6,0,0,40S,D,,0,88,888888888,88888888888,2,1,1,1,0,0,0,0,0,0,0,55,0,0,0,12,0,6,2,12,0,0,1,1,4,86409,6,1,0,0,3,3,69,170,0,0,0,0,0,0,0,0,0,0,0,0,0,0,2,2,65,1,6,2,1,0,0,1,62,3,2,1,51,0,0
4,40083,1,1,4,27,2,14,49,1,0,1,0,4,1,12,401,12401,14,2004,1FMZU62KX4ZA,1,F,M,Z,U,6,2,K,X,4,Z,A,0,P,FORD,EPR,UT,4,17,4304,,0,1137,,F,,0,0,000000000,00000000000,0,0,0,1,0,0,0,0,0,0,0,998,0,1,1,0,0,6,2,1,0,0,0,1,4,85713,6,1,0,0,3,0,64,138,0,0,0,0,0,0,0,0,0,1,0,0,0,0,2,2,75,1,1,2,1,0,0,1,8,6,4,6,98,1,0
4,40084,1,2,1,27,2,15,54,12,6,1,0,36,1,20,37,20037,4,2005,1G1ZS52F55F3,1,G,1,Z,S,5,2,F,5,5,F,3,0,P,CHEV,MAL,4D,5,17,3174,,0,1063,,G,,0,0,000000000,00000000000,0,0,0,1,0,0,0,0,0,0,0,998,0,1,1,9,9,6,2,12,0,0,0,1,36,13820,6,1,0,0,3,3,65,160,0,0,0,0,0,0,0,0,0,0,38,0,0,0,2,2,65,1,1,2,1,20,3,1,17,1,1,1,89,1,0
4,40084,2,2,1,27,2,15,54,12,6,1,0,32,4,55,36,55036,4,2009,KMHCN46C39U3,K,M,H,C,N,4,6,C,3,9,U,3,0,P,HYUN,ALS,4D,9,17,2365,,0,984,,G,,0,0,000000000,00000000000,0,0,0,1,0,0,0,0,0,0,0,65,0,0,0,12,12,6,2,12,0,0,0,1,4,85037,6,1,0,0,3,3,65,165,0,0,0,0,0,0,0,0,0,0,0,0,0,0,2,2,65,1,1,2,1,0,0,1,66,1,1,1,88,0,0
4,40085,1,2,2,1,2,0,34,12,6,1,0,4,2,55,36,55036,3,2008,KMHCM36C48U0,K,M,H,C,M,3,6,C,4,8,U,0,0,P,HYUN,AGS,2H,8,17,2467,,0,984,,G,,0,0,000000000,00000000000,0,0,0,1,0,0,0,0,0,0,0,61,0,0,0,12,12,6,2,12,0,0,0,1,4,85021,0,0,0,0,0,0,69,150,0,15,0,0,3,9,2007,11,2008,0,37,39,0,0,5,4,45,1,1,8,1,2,3,1,17,8,1,1,88,0,1
4,40085,2,2,1,1,2,0,34,12,6,1,0,4,1,37,32,37032,4,2002,1HGCG16582A0,1,H,G,C,G,1,6,5,8,2,A,0,0,P,HOND,UEX,4D,2,17,3329,,0,1069,,G,,0,0,000000000,00000000000,0,0,0,1,0,0,0,0,0,0,0,36,0,0,0,9,9,6,2,12,0,0,0,1,4,85339,6,1,0,0,3,0,72,180,0,0,0,0,0,0,0,0,0,0,0,0,0,0,5,4,45,1,1,8,1,2,3,1,66,1,1,1,89,1,0
4,40086,1,2,2,5,2,19,13,12,2,1,0,4,2,20,481,20481,31,1980,CCD14AF35831,C,C,D,1,4,A,F,3,5,8,3,1,0,P,,,,,,,,,,,,,0,0,000000000,00000000000,0,0,0,1,0,0,0,0,0,0,0,60,0,0,0,12,12,6,2,12,0,0,0,1,4,85339,1,1,0,0,2,0,66,160,0,7,0,0,3,10,2008,3,2009,1,28,91,0,0,5,5,45,1,1,2,1,0,0,1,10,1,1,2,50,0,1
4,40086,2,2,1,5,2,19,13,12,2,1,0,4,1,20,402,20402,14,1996,2CNBJ1861T69,2,C,N,B,J,1,8,6,1,T,6,9,0,P,GEO,GEO,UT,96,17,2555,,0,866,,G,,0,0,000000000,00000000000,0,0,0,1,0,0,0,0,0,0,0,24,0,0,0,12,12,6,2,12,0,0,0,1,4,85043,6,1,0,0,3,0,67,190,0,0,0,0,1,12,2008,12,2008,0,0,0,0,0,5,5,45,1,1,2,1,0,0,1,62,3,1,1,51,1,0
4,40087,1,3,2,25,2,14,18,12,1,1,0,4,1,23,481,23481,31,1999,1GTEK19T6XZ5,1,G,T,E,K,1,9,T,6,X,Z,5,0,T,GMC,NK1,3C,99,17,,2,1575,1435,SIE,G,,0,0,000000000,00000000000,0,0,0,1,0,0,0,0,0,0,0,998,0,0,0,12,12,2,1,12,0,0,0,1,4,86322,6,1,0,0,3,0,68,165,0,0,0,0,1,2,2010,2,2010,0,26,91,0,0,2,2,75,2,1,2,1,0,0,14,52,9,3,2,24,0,0
4,40087,2,3,1,25,2,14,18,12,1,1,0,4,1,23,481,23481,31,1984,2GTDC14HXE15,2,G,T,D,C,1,4,H,X,E,1,5,0,T,GMC,C15,PK,84,17,,1,1315,1175,C15,G,,0,0,000000000,00000000000,0,0,0,1,0,0,0,0,0,0,0,998,0,1,3,6,18,6,2,54,0,0,0,1,4,86351,6,1,0,0,3,0,71,150,0,0,0,0,0,0,0,0,0,0,99,99,99,99,2,2,75,2,1,2,1,0,0,14,18,1,1,1,25,1,0
4,40087,3,3,2,25,2,14,18,12,1,1,0,4,1,49,404,49404,14,2007,JTEBU11F5700,J,T,E,B,U,1,1,F,5,7,0,0,0,P,TOYT,FJC,UT,7,17,4290,,0,1063,,G,,0,0,000000000,00000000000,0,0,0,1,0,0,0,0,0,0,0,998,0,0,0,11,11,2,1,54,0,0,0,1,4,85202,6,1,0,0,3,0,68,200,0,0,0,1,0,10,2009,10,2009,0,0,0,0,0,2,2,75,3,1,2,1,0,0,14,64,1,1,1,98,0,0
4,40088,1,2,1,4,2,6,50,8,0,1,0,4,2,35,47,35047,4,1999,1N4DL01D5XC2,1,N,4,D,L,0,1,D,5,X,C,2,0,P,NISS,AGS,4D,99,17,2762,,0,1031,,G,,0,0,000000000,00000000000,0,0,0,1,0,0,0,0,0,0,0,34,0,0,0,12,12,4,3,8,0,0,0,1,4,85041,6,1,0,0,3,0,67,165,0,0,0,0,0,0,0,0,0,0,89,0,0,0,5,5,40,1,1,2,1,0,0,1,80,1,1,1,13,0,0
4,40088,2,2,1,4,2,6,50,8,0,1,0,4,1,22,5,22005,2,1987,1G2PE11R9HP2,1,G,2,P,E,1,1,R,9,H,P,2,0,P,PONT,FRO,CP,87,17,2542,,0,934,,G,,0,0,000000000,00000000000,0,0,0,1,0,0,0,0,0,0,0,37,0,0,0,14,14,0,1,8,0,0,0,1,4,85006,6,1,0,0,3,0,66,135,0,0,0,0,0,0,0,0,0,0,0,0,0,0,5,5,40,1,1,2,1,0,0,1,80,1,1,1,98,0,0
4,40089,1,2,1,4,2,16,6,12,6,1,0,4,2,20,421,20421,15,2003,1GNEC13Z83R1,1,G,N,E,C,1,3,Z,8,3,R,1,0,P,CHEV,CTA,UT,3,17,4828,,0,1160,,F,,0,0,000000000,00000000000,0,0,0,1,0,0,0,0,0,0,0,26,1,0,0,12,12,6,2,12,0,0,0,1,4,85326,6,1,0,0,3,0,73,235,0,0,0,0,0,0,0,0,0,0,39,0,0,0,1,2,50,1,1,2,1,20,3,1,17,3,2,1,86,1,0
4,40089,2,2,1,4,2,16,6,12,6,1,0,4,3,82,883,82883,66,2006,1FUJA6CV56LV,1,F,U,J,A,6,C,V,5,6,L,V,1,T,FRHT,COL,DS,6,17,,8,0,0,CON,D,,3,57,434635,57434635,3,6,2,2,2,1203,3,2,0,0,0,50,0,0,0,3,3,6,2,12,0,0,0,1,48,79915,6,1,6,1,3,0,999,999,0,0,0,0,0,0,0,0,0,0,92,0,0,0,1,2,55,1,1,2,1,0,0,1,66,3,1,1,87,0,0
4,40090,1,1,1,9,2,18,42,8,0,1,0,4,1,12,481,12481,31,2001,1FTRW08L61KB,1,F,T,R,W,0,8,L,6,1,K,B,0,T,FORD,F1S,CW,1,17,,2,0,1388,COF,G,,0,0,000000000,00000000000,0,0,0,1,0,0,0,0,0,0,0,998,0,0,0,12,12,2,3,8,0,0,0,1,4,85032,6,1,0,0,3,3,64,132,0,0,0,0,0,0,0,0,0,0,0,0,0,0,5,4,40,1,1,2,1,0,0,1,80,1,1,2,13,0,0
4,40091,1,1,2,12,2,15,48,10,0,1,0,4,1,12,481,12481,31,1999,1FTNW20S1XEC,1,F,T,N,W,2,0,S,1,X,E,C,0,T,FORD,F2S,CW,99,17,,2,1724,1562,SRW,G,,0,0,000000000,00000000000,0,0,0,1,0,0,0,0,0,0,0,998,0,1,6,61,61,6,2,10,0,0,0,1,4,85222,6,1,0,0,3,0,65,155,0,0,0,0,0,0,0,0,0,0,99,99,99,99,1,2,98,1,8,5,1,65,3,1,98,1,1,1,98,1,0
4,40092,1,2,2,13,2,20,35,12,6,1,0,4,1,37,31,37031,3,1990,2HGED7367LH5,2,H,G,E,D,7,3,6,7,L,H,5,0,P,HOND,CVS,2H,90,17,2291,,0,984,,G,,0,0,000000000,00000000000,0,0,0,1,0,0,0,0,0,0,0,85,0,0,0,12,12,6,2,12,0,0,0,1,4,85031,6,1,0,0,3,0,65,190,0,1,0,0,0,12,2008,12,2008,1,85,0,0,0,5,5,40,1,1,2,1,2,3,1,17,1,1,1,69,1,1
4,40092,2,2,2,13,2,20,35,12,6,1,0,4,1,35,43,35043,4,2003,3N1CB51D53L7,3,N,1,C,B,5,1,D,5,3,L,7,0,P,NISS,XGX,4D,3,17,2411,,0,998,,G,,0,0,000000000,00000000000,0,0,0,1,0,0,0,0,0,0,0,22,0,0,0,3,3,6,2,12,0,0,0,1,4,85019,6,1,0,0,3,0,65,116,0,3,0,3,0,8,2007,6,2009,0,0,0,0,0,5,4,40,1,1,2,1,2,3,11,15,1,1,2,68,1,0
4,40093,1,2,1,16,2,17,0,12,99,1,0,99,9,38,402,38402,14,9999,999999999999,9,9,9,9,9,9,9,9,9,9,9,9,0,U,,,,9,17,,,,,,,,0,0,000000000,00000000000,0,0,0,1,0,0,0,0,0,0,0,999,0,0,0,81,81,9,9,12,0,0,0,1,99,99999,9,9,99,0,9,9,999,999,99,99,99,99,99,99,9999,99,9999,0,99,99,99,99,9,9,99,1,1,9,99,0,0,11,99,99,9,9,68,0,0
4,40093,2,2,1,16,2,17,0,12,99,1,0,99,9,73,709,73709,80,9999,999999999999,9,9,9,9,9,9,9,9,9,9,9,9,0,U,,,,9,17,,,,,,,,0,0,000000000,00000000000,0,0,0,1,0,0,0,0,0,0,0,999,0,0,0,99,99,9,9,12,0,0,0,1,4,85202,6,1,0,0,3,0,73,250,0,0,0,2,1,4,2009,8,2009,9,89,0,0,0,9,9,99,1,1,9,99,0,0,99,99,99,9,9,69,1,0
4,40095,1,2,2,28,2,3,23,12,2,1,0,4,2,30,47,30047,3,2000,3VWCA21C1YM4,3,V,W,C,A,2,1,C,1,Y,M,4,0,P,VOLK,NGS,2H,0,17,2742,,0,989,,G,,0,0,000000000,00000000000,0,0,0,1,0,0,0,0,0,0,0,60,0,0,0,12,12,6,2,12,0,0,0,1,4,85301,6,1,0,0,3,0,60,131,0,0,0,1,2,1,2008,6,2009,0,28,0,0,0,5,5,40,1,1,2,2,0,0,1,10,1,1,2,50,1,1
4,40095,2,2,1,28,2,3,23,12,2,1,0,4,2,20,401,20401,14,1985,1G8CS18B6F81,1,G,8,C,S,1,8,B,6,F,8,1,0,T,CHEV,SBZ,S1,85,17,,1,0,1005,S10,G,,0,0,000000000,00000000000,0,0,0,1,0,0,0,0,0,0,0,30,0,0,0,12,12,6,2,12,0,0,0,1,4,85019,6,1,0,0,3,0,59,140,0,1,0,0,0,3,2009,3,2009,0,0,0,0,0,5,5,40,1,1,2,2,0,0,1,62,1,1,1,51,1,0
4,40096,1,2,1,21,2,18,24,12,6,1,0,4,3,20,2,20002,4,1989,1G1BL517XKR1,1,G,1,B,L,5,1,7,X,K,R,1,0,P,CHEV,CAP,4D,89,17,3693,,0,1160,,G,,0,0,000000000,00000000000,0,0,0,1,0,0,0,0,0,0,0,50,0,0,0,10,10,6,2,12,0,0,0,1,4,85282,6,1,0,0,3,0,69,190,0,0,0,0,0,0,0,0,0,1,39,0,0,0,4,4,35,1,1,8,1,2,3,1,17,1,1,1,89,0,0
4,40096,2,2,1,21,2,18,24,12,6,1,0,4,1,6,52,6052,6,2003,3C4FY48BX3T5,3,C,4,F,Y,4,8,B,X,3,T,5,0,P,CHRY,PTC,SV,3,17,3049,,0,1030,,G,,0,0,000000000,00000000000,0,0,0,1,0,0,0,0,0,0,0,35,0,0,0,12,12,6,2,12,0,0,0,1,4,85037,6,1,0,0,3,0,62,145,0,0,0,0,0,0,0,0,0,0,0,0,0,0,4,2,35,1,1,8,1,2,3,1,66,1,1,1,88,1,0
4,40097,1,1,1,1,3,16,24,42,0,1,0,4,1,12,423,12423,15,2004,1FMSU41P44EA,1,F,M,S,U,4,1,P,4,4,E,A,0,P,FORD,EXC,UT,4,17,7087,,0,1371,,D,,0,0,000000000,00000000000,0,0,0,1,0,0,0,0,0,0,0,998,0,1,5,99,0,6,2,1,0,0,0,1,4,85383,6,1,0,0,3,0,73,195,0,0,0,0,0,0,0,0,0,0,27,0,0,0,3,4,65,1,5,2,1,0,0,15,9,7,3,4,2,1,0
4,40098,1,1,1,2,3,9,38,8,0,1,0,4,1,19,20,19020,6,2004,1GYEE6375401,1,G,Y,E,E,6,3,7,5,4,0,1,0,P,CADI,SRX,UT,4,17,4320,,0,1164,,G,,0,0,000000000,00000000000,0,0,0,1,0,0,0,0,0,0,0,40,0,0,0,12,12,2,1,8,32,0,0,1,4,85257,6,1,0,0,3,3,66,152,0,0,0,0,0,0,0,0,0,0,0,0,0,0,5,4,40,1,1,8,1,0,0,1,80,2,1,1,13,0,0
4,40099,1,2,1,4,3,18,12,12,6,1,0,4,4,12,17,12017,4,2010,1FAHP2FW1AG1,1,F,A,H,P,2,F,W,1,A,G,1,0,P,FORD,TLT,4D,10,17,3985,,0,1129,,G,,0,0,000000000,00000000000,0,0,0,1,0,0,0,0,0,0,0,55,0,0,0,12,12,6,2,12,0,0,0,1,48,77571,6,1,0,0,3,0,999,999,0,0,0,0,0,0,0,0,0,0,39,53,0,0,1,2,50,1,1,2,1,20,3,1,17,1,1,1,86,0,0
4,40099,2,2,2,4,3,18,12,12,6,1,0,4,1,20,401,20401,14,1984,AZ272101,A,Z,2,7,2,1,0,1,,,,,0,P,,,,,,,,,,,,,0,0,000000000,00000000000,0,0,0,1,0,0,0,0,0,0,0,50,0,0,0,81,81,6,2,12,35,0,0,1,4,85228,6,1,0,0,3,3,61,172,0,0,0,0,0,0,0,0,0,0,0,0,0,0,1,2,50,1,1,2,1,0,0,1,66,1,1,1,87,1,0
4,40100,1,1,99,4,3,20,2,8,0,1,1,99,9,99,999,99999,99,9999,999999999999,9,9,9,9,9,9,9,9,9,9,9,9,0,U,,,,9,17,,,,,,,,0,0,000000000,00000000000,0,0,0,1,0,0,0,0,0,0,0,43,0,0,0,12,12,9,1,8,99,99,0,1,99,99999,9,9,99,0,9,9,999,999,99,99,99,99,99,99,9999,99,9999,9,99,99,99,99,5,4,35,1,1,8,1,0,0,1,80,1,1,1,13,0,0
4,40101,1,1,1,4,3,20,52,8,0,1,0,4,1,37,32,37032,2,2004,1HGCM71264A0,1,H,G,C,M,7,1,2,6,4,A,0,0,P,HOND,ULX,CP,4,17,2994,,0,1051,,G,,0,0,000000000,00000000000,0,0,0,1,0,0,0,0,0,0,0,43,0,0,0,12,12,2,3,8,0,0,0,1,1,35064,6,1,0,0,3,3,70,152,2,0,0,0,0,11,2007,9,2008,0,0,0,0,0,5,4,45,1,1,8,1,0,0,1,80,1,1,1,13,0,0
4,40102,1,2,22,5,3,5,27,12,1,1,0,6,3,98,905,98905,51,1992,9BPRLFAUNNB0,9,B,P,R,L,F,A,U,N,N,B,0,0,U,,,,92,17,,,,,,,,0,57,01872419,5701872419,3,21,22,1,0,0,0,0,4,0,0,998,0,1,5,12,0,6,2,1,0,0,0,1,96,0,9,9,99,9,9,9,999,999,99,99,99,99,99,99,9999,99,9999,1,99,99,99,99,2,2,75,1,1,2,1,0,0,1,51,1,1,1,24,6,0
4,40102,2,2,1,5,3,5,27,12,1,1,0,96,1,12,481,12481,31,1997,1FTDX1724VKC,1,F,T,D,X,1,7,2,4,V,K,C,0,T,FORD,F15,3C,97,17,,1,1570,1390,COF,G,,0,0,000000000,00000000000,0,0,0,1,0,0,0,0,0,0,0,998,0,0,0,6,6,6,2,12,0,0,0,1,96,0,9,9,99,0,9,9,999,999,99,99,99,99,99,99,9999,99,9999,0,0,0,0,0,2,2,75,1,1,2,1,0,0,1,53,1,1,1,25,0,0
4,40103,1,1,1,5,3,6,12,58,0,1,0,4,1,37,441,37441,20,2001,2HKRL18691H5,2,H,K,R,L,1,8,6,9,1,H,5,0,P,HOND,UDY,SV,1,17,4288,,0,1181,,G,,0,0,000000000,00000000000,0,0,0,1,0,0,0,0,0,0,0,998,0,0,0,14,12,6,2,17,0,0,0,1,4,85048,6,1,6,0,3,0,69,204,0,0,0,0,0,0,0,0,0,0,99,99,99,99,2,2,65,3,6,2,1,0,0,14,13,1,1,4,1,1,0
4,40104,1,1,3,6,3,5,49,30,0,1,0,6,2,37,32,37032,2,2007,1HGCM72307A0,1,H,G,C,M,7,2,3,0,7,A,0,0,P,HOND,ULX,CP,7,17,3122,,0,1051,,G,,0,0,000000000,00000000000,0,0,0,1,0,0,0,0,0,0,0,60,0,0,0,12,12,6,2,30,0,0,0,1,4,85364,0,0,0,0,0,0,73,165,0,0,0,0,0,0,0,0,0,0,0,0,0,0,1,2,50,1,1,2,1,0,0,1,12,1,1,4,6,1,1
4,40105,1,6,1,6,3,19,51,12,1,1,0,4,1,20,16,20016,2,2003,1G1JC12F1371,1,G,1,J,C,1,2,F,1,3,7,1,0,P,CHEV,CAV,CP,3,17,2617,,0,1041,,G,,0,0,000000000,00000000000,0,0,0,1,0,0,0,0,0,0,0,998,0,0,0,12,99,6,2,12,0,0,0,1,4,85295,6,1,0,0,3,3,71,130,0,0,0,0,0,0,0,0,0,1,0,0,0,0,1,2,45,1,1,8,1,3,3,1,50,1,1,1,20,1,0
4,40105,2,6,1,6,3,19,51,12,1,1,0,4,2,12,17,12017,4,2003,1FAFP53U53G2,1,F,A,F,P,5,3,U,5,3,G,2,0,P,FORD,TSE,4D,3,17,3336,,0,1085,,G,,0,0,000000000,00000000000,0,0,0,1,0,0,0,0,0,0,0,0,0,1,1,6,0,6,2,1,0,0,0,1,4,85297,6,1,0,0,3,0,66,130,0,0,0,0,0,0,0,0,0,0,0,0,0,0,1,2,45,1,1,8,1,3,3,5,53,1,1,1,21,1,0
4,40105,3,6,2,6,3,19,51,12,1,1,0,4,2,35,43,35043,4,2005,3N1CB51D75L5,3,N,1,C,B,5,1,D,7,5,L,5,0,P,NISS,S18,4D,5,17,2387,,0,998,,G,,0,0,000000000,00000000000,0,0,0,1,0,0,0,0,0,0,0,0,0,0,0,6,6,6,2,12,32,0,0,1,4,85204,6,1,0,0,3,3,68,165,1,5,0,2,1,4,2007,11,2009,0,89,0,0,0,1,2,45,1,1,8,1,3,3,5,53,1,1,1,98,0,0
4,40105,4,6,2,6,3,19,51,12,1,1,0,4,2,12,37,12037,4,2006,1FAFP34N26W1,1,F,A,F,P,3,4,N,2,6,W,1,0,P,FORD,ZX4,4D,6,17,2676,,0,1029,,G,,0,0,000000000,00000000000,0,0,0,1,0,0,0,0,0,0,0,0,0,0,0,12,12,6,2,12,0,0,0,1,4,85242,6,1,0,0,3,3,71,195,0,0,0,0,0,0,0,0,0,0,0,0,0,0,1,2,45,1,1,8,1,0,0,1,62,1,1,1,98,0,0
4,40105,5,6,1,6,3,19,51,12,1,1,0,4,1,34,402,34402,14,2004,WBXPA73444WC,W,B,X,P,A,7,3,4,4,4,W,C,0,P,BMW,BX3,UT,4,17,4001,,0,1101,,G,,0,0,000000000,00000000000,0,0,0,1,0,0,0,0,0,0,0,0,0,0,0,6,6,2,1,54,0,0,0,1,4,85298,6,1,0,0,3,0,62,110,0,0,0,1,0,2,2008,2,2008,0,89,0,0,0,1,2,45,1,1,8,1,3,3,5,53,1,1,1,98,0,0
4,40105,6,6,1,6,3,19,51,12,1,1,0,4,1,49,53,49053,5,2009,4T3ZK11AX9U0,4,T,3,Z,K,1,1,A,X,9,U,0,0,P,TOYT,VEN,UT,9,17,3870,,0,1093,,G,,0,0,000000000,00000000000,0,0,0,1,0,0,0,0,0,0,0,0,0,0,0,6,6,2,1,54,0,0,0,1,26,49431,6,1,0,0,3,3,69,170,0,0,0,0,0,0,0,0,0,0,0,0,0,0,1,2,45,1,1,8,1,3,3,5,53,1,1,1,98,0,0
4,40106,1,1,1,6,3,19,55,8,0,1,0,4,2,7,20,7020,4,1999,1B3ES47C7XD1,1,B,3,E,S,4,7,C,7,X,D,1,0,P,DODG,NEH,4P,99,17,2416,,0,1040,,G,,0,0,000000000,00000000000,0,0,0,1,0,0,0,0,0,0,0,35,0,0,0,12,12,2,1,8,0,0,0,1,4,85204,6,1,0,0,3,3,69,205,0,0,0,0,1,9,2007,9,2007,0,0,0,0,0,5,9,40,1,1,2,1,0,0,1,80,1,1,1,13,0,0
4,40107,1,1,2,8,3,0,5,30,0,1,0,4,1,7,17,7017,5,1994,1B3AP28D2RN1,1,B,3,A,P,2,8,D,2,R,N,1,0,P,DODG,SHA,4H,94,17,2597,,0,972,,G,,0,0,000000000,00000000000,0,0,0,1,0,0,0,0,0,0,0,50,0,0,0,12,12,6,2,30,0,0,0,1,4,85710,6,1,0,0,3,0,72,185,0,0,0,0,0,0,0,0,0,0,39,0,0,0,2,3,40,1,1,8,2,2,3,1,13,1,1,4,1,1,0
4,40108,1,2,1,8,3,19,55,12,2,1,0,4,2,24,1,24001,4,1995,1G8ZK5270SZ2,1,G,8,Z,K,5,2,7,0,S,Z,2,0,P,STRN,SL2,4D,95,17,2338,,0,1024,,G,,0,0,000000000,00000000000,0,0,0,1,0,0,0,0,0,0,0,65,0,0,0,12,12,6,2,12,0,0,0,1,4,85534,6,1,0,0,3,0,68,180,0,0,0,0,0,0,0,0,0,0,28,0,0,0,1,2,65,1,1,2,1,0,0,1,10,1,1,2,50,1,0
4,40108,2,2,1,8,3,19,55,12,2,1,0,12,3,98,809,98809,66,2001,2FWBA3BD61AH,2,F,W,B,A,3,B,D,6,1,A,H,1,T,STRG,A90,DS,1,17,,8,0,0,STE,D,,1,57,707997,57707997,3,6,6,1,0,0,0,0,0,0,0,65,0,0,0,12,0,6,2,2,0,0,1,1,12,33707,6,1,6,0,3,1,73,999,0,0,0,0,0,0,0,0,0,0,0,0,0,0,1,2,65,1,1,2,1,0,0,1,62,8,1,1,51,0,0
4,40109,1,1,1,9,3,1,16,1,0,1,0,4,1,53,705,53705,80,2003,JS1GN7BA8321,J,S,1,G,N,7,B,A,8,3,2,1,0,M,SUZI,G60,RS,3,17,,,,,,,599,0,0,000000000,00000000000,0,0,0,1,0,0,0,0,0,0,0,58,0,0,0,0,99,6,2,38,0,0,0,1,4,85086,6,1,6,0,2,0,72,215,0,2,0,1,0,7,2007,1,2008,1,0,0,0,0,4,2,45,2,1,2,1,0,0,2,6,2,2,4,98,1,1
4,40110,1,1,2,9,3,4,3,24,0,1,0,4,1,20,471,20471,30,2003,1GCCS19X7381,1,G,C,C,S,1,9,X,7,3,8,1,0,T,CHEV,S14,3C,3,17,,1,0,1229,S,G,,0,0,000000000,00000000000,0,0,0,1,0,0,0,0,0,0,0,998,0,1,5,99,0,6,2,1,0,0,0,1,4,85326,6,1,0,0,3,0,71,140,0,0,0,0,0,0,0,0,0,1,89,0,0,0,3,2,55,1,1,2,1,40,3,1,13,6,1,4,1,1,1
4,40111,1,1,1,10,3,21,46,8,0,1,0,4,1,49,32,49032,4,2007,JTDBR32EX701,J,T,D,B,R,3,2,E,X,7,0,1,0,P,TOYT,EEL,4D,7,17,2530,,0,1024,,G,,0,0,000000000,00000000000,0,0,0,1,0,0,0,0,0,0,0,25,0,0,0,10,10,2,3,8,0,0,0,1,4,86004,6,1,0,0,3,0,64,190,0,0,0,0,0,0,0,0,0,9,99,99,99,99,1,2,25,1,6,5,98,0,0,1,80,9,2,1,13,0,0
4,40112,1,1,4,13,3,6,57,1,0,1,0,8,2,35,402,35402,14,2003,5N1ED28Y13C6,5,N,1,E,D,2,8,Y,1,3,C,6,0,P,NISS,XTR,UT,3,17,3924,,0,1043,,G,,0,0,000000000,00000000000,0,0,0,1,0,0,0,0,0,0,0,75,0,1,1,0,0,6,2,1,0,0,0,1,8,80421,6,2,0,0,3,0,72,193,0,0,0,0,0,0,0,0,0,0,0,0,0,0,2,2,75,1,1,2,1,0,0,1,13,6,1,6,98,2,0
4,40113,1,1,5,13,3,14,12,1,0,1,0,32,2,12,422,12422,15,2005,1FMPU13575LA,1,F,M,P,U,1,3,5,7,5,L,A,0,P,FORD,EPT,UT,5,17,5352,,0,1191,,G,,0,0,000000000,00000000000,0,0,0,1,0,0,0,0,0,0,0,80,0,1,3,0,0,6,2,1,0,0,0,1,32,89183,6,1,0,0,3,0,72,190,0,0,0,0,0,0,0,0,0,1,80,0,0,0,2,2,75,2,1,2,1,0,0,14,1,1,3,4,7,2,0
4,40114,1,1,2,14,3,4,14,35,0,1,0,4,2,12,481,12481,31,1999,1FTNF20S4XEB,1,F,T,N,F,2,0,S,4,X,E,B,0,T,FORD,F2S,PK,99,17,,2,0,1370,SRW,G,,0,0,000000000,00000000000,0,0,0,1,0,0,0,0,0,0,0,999,0,1,6,14,99,6,2,1,0,0,0,1,4,86314,6,1,0,0,3,0,77,220,0,0,0,0,0,0,0,0,0,1,91,0,0,0,1,2,25,2,1,2,1,0,0,14,12,1,1,4,6,1,1
4,40115,1,1,1,15,3,21,3,8,0,1,0,4,1,20,34,20034,3,1995,2C1MR226XS67,2,C,1,M,R,2,2,6,X,S,6,7,0,P,GEO,GML,2H,95,17,1751,,0,931,,G,,0,0,000000000,00000000000,0,0,0,1,0,0,0,0,0,0,0,45,0,0,0,12,12,2,9,8,0,0,0,1,4,85704,6,1,0,0,3,0,75,195,0,0,0,0,1,12,2009,12,2009,0,0,0,0,0,2,2,45,1,1,8,1,0,0,1,80,1,1,1,13,0,0