STATE,ST_CASE,VEH_NO,VE_FORMS,NUMOCCS,DAY,MONTH,HOUR,MINUTE,HARM_EV,MAN_COLL,UNITTYPE,HIT_RUN,REG_STAT,OWNER,MAKE,MODEL,MAK_MOD,BODY_TYP,MOD_YEAR,VIN,VIN_1,VIN_2,VIN_3,VIN_4,VIN_5,VIN_6,VIN_7,VIN_8,VIN_9,VIN_10,VIN_11,VIN_12,TOW_VEH,VINTYPE,VINMAKE,VINA_MOD,VIN_BT,VINMODYR,VIN_LNGT,VIN_WGT,WGTCD_TR,WHLBS_LG,WHLBS_SH,SER_TR,FUELCODE,MCYCL_DS,J_KNIFE,MCARR_I1,MCARR_I2,MCARR_ID,GVWR,V_CONFIG,CARGO_BT,HAZ_INV,HAZ_PLAC,HAZ_ID,HAZ_CNO,HAZ_REL,BUS_USE,SPEC_USE,EMER_USE,TRAV_SP,UNDERIDE,ROLLOVER,ROLINLOC,IMPACT1,IMPACT2,DEFORMED,TOWED,M_HARM,VEH_SC1,VEH_SC2,FIRE_EXP,DR_PRES,L_STATE,DR_ZIP,L_STATUS,L_TYPE,CDL_STAT,L_ENDORS,L_COMPL,L_RESTRI,DR_HGT,DR_WGT,PREV_ACC,PREV_SUS,PREV_DWI,PREV_SPD,PREV_OTH,FIRST_MO,FIRST_YR,LAST_MO,LAST_YR,SPEEDREL,DR_SF1,DR_SF2,DR_SF3,DR_SF4,VTRAFWAY,VNUM_LAN,VSPD_LIM,VALIGN,VPROFILE,VPAVETYP,VSURCOND,VTRAFCON,VTCONT_F,P_CRASH1,P_CRASH2,P_CRASH3,PCRASH4,PCRASH5,ACC_TYPE,DEATHS,DR_DRINK
4,40116,1,1,1,16,3,15,41,35,0,1,0,4,3,20,481,20481,31,2007,1GCEC14C17E5,1,G,C,E,C,1,4,C,1,7,E,5,0,T,CHEV,SC1,PK,7,17,,2,1330,1190,SIL,G,,0,0,000000000,00000000000,0,0,0,1,0,0,0,0,0,0,0,76,0,1,5,99,0,6,2,1,0,0,0,1,4,85629,6,1,0,0,3,0,70,180,0,0,0,0,0,0,0,0,0,1,0,0,0,0,1,2,45,3,1,2,1,0,0,14,6,99,1,4,1,1,1
4,40117,1,2,1,17,3,15,48,12,2,1,0,4,2,35,47,35047,4,2009,1N4AL21E79N5,1,N,4,A,L,2,1,E,7,9,N,5,0,P,NISS,ATS,4D,9,17,3179,,0,1093,,G,,0,0,000000000,00000000000,0,0,0,1,0,0,0,0,0,0,0,65,0,0,0,12,12,6,2,12,0,0,0,1,4,85755,6,1,0,0,3,3,65,175,0,0,0,0,0,0,0,0,0,0,28,0,0,0,1,2,65,1,1,2,1,0,0,1,10,1,1,2,50,0,0
4,40117,2,2,4,17,3,15,48,12,2,1,0,4,1,37,32,37032,4,2002,1HGCG56772A1,1,H,G,C,G,5,6,7,7,2,A,1,0,P,HOND,USE,4D,2,17,3120,,0,1069,,G,,0,0,000000000,00000000000,0,0,0,1,0,0,0,0,0,0,0,35,0,0,0,12,12,6,2,12,0,0,0,1,4,85749,6,1,0,0,3,0,72,162,0,0,0,0,0,0,0,0,0,0,89,0,0,0,1,2,65,1,1,2,1,0,0,1,62,9,1,1,51,1,0
4,40118,1,1,2,17,3,19,50,15,0,1,0,4,1,12,402,12402,14,2003,1FMCU03143KA,1,F,M,C,U,0,3,1,4,3,K,A,0,P,FORD,SPE,UT,3,17,3252,,0,1031,,G,,0,0,000000000,00000000000,0,0,0,1,0,0,0,0,0,0,0,35,0,0,0,12,12,2,1,15,0,0,0,1,4,85203,6,1,0,0,3,0,67,168,0,0,0,0,0,0,0,0,0,0,0,0,0,0,2,9,40,1,1,8,1,0,0,1,80,1,1,1,13,0,0
4,40119,1,1,1,17,3,22,37,8,0,1,0,4,3,23,461,23461,21,2005,1GTHG39U8512,1,G,T,H,G,3,9,U,8,5,1,2,0,T,GMC,SA3,EC,5,17,,2,0,1550,SAV,G,,0,0,000000000,00000000000,0,0,0,1,0,0,0,0,0,0,0,998,0,0,0,12,12,6,2,8,0,0,0,1,4,86442,6,1,0,0,3,0,58,135,0,0,0,0,0,0,0,0,0,0,0,0,0,0,2,2,65,1,1,2,1,0,0,1,80,6,1,1,13,0,0
4,40120,1,2,3,19,3,9,51,12,11,1,0,27,1,6,441,6441,20,2005,2C4GP54L85R2,2,C,4,G,P,5,4,L,8,5,R,2,0,P,CHRY,TWC,SV,5,17,4256,,0,1193,,G,,0,0,000000000,00000000000,0,0,0,1,0,0,0,0,0,0,0,998,0,1,1,2,0,6,2,1,0,0,0,1,27,56248,6,1,6,0,3,0,68,182,0,0,0,0,0,0,0,0,0,0,35,0,0,0,1,2,65,1,6,2,1,0,0,6,60,1,1,2,73,1,0
4,40120,2,2,1,19,3,9,51,12,11,1,0,4,3,12,881,12881,63,1985,1FDZW90W8FVA,1,F,D,Z,W,9,0,W,8,F,V,A,0,T,FORD,LN9,TM,85,17,,8,2220,1380,CON,D,,0,57,1746214,571746214,3,2,3,1,0,0,0,0,0,0,0,998,0,0,0,10,10,4,1,12,0,0,0,1,4,85902,6,1,6,0,3,0,68,290,1,2,0,0,1,6,2007,8,2009,0,0,0,0,0,1,2,65,1,6,2,1,0,0,11,15,1,1,2,72,0,0
4,40121,1,1,1,20,3,11,33,41,0,1,0,6,4,49,51,49051,3,2009,JTDJT903X952,J,T,D,J,T,9,0,3,X,9,5,2,0,P,TOYT,YAR,2H,9,17,2290,,0,969,,G,,0,0,000000000,00000000000,0,0,0,1,0,0,0,0,0,0,0,62,0,1,6,99,0,6,2,1,0,0,0,1,4,86403,6,1,0,0,3,0,71,165,0,0,0,0,2,8,2007,8,2007,1,0,0,0,0,1,2,45,3,5,2,1,0,0,14,13,1,1,4,1,1,0
4,40122,1,1,1,20,3,21,54,8,0,1,0,4,1,37,32,37032,4,2001,1HGCG16541A0,1,H,G,C,G,1,6,5,4,1,A,0,0,P,HOND,UEX,4D,1,17,3329,,0,1069,,G,,0,0,000000000,00000000000,0,0,0,1,0,0,0,0,0,0,0,20,0,0,0,12,12,6,2,8,0,0,0,1,4,85745,6,1,0,0,3,3,67,175,0,0,0,0,0,0,0,0,0,0,92,0,0,0,2,2,30,1,1,8,1,2,3,1,80,4,1,1,13,0,1
4,40123,1,1,5,22,3,19,30,8,0,1,0,49,1,35,49,35049,6,2006,JN8AZ08W76W5,J,N,8,A,Z,0,8,W,7,6,W,5,0,P,NISS,MUR,UT,6,17,3855,,0,1112,,G,,0,0,000000000,00000000000,0,0,0,1,0,0,0,0,0,0,0,998,0,0,0,12,12,6,2,8,0,0,0,1,49,84058,6,1,0,0,3,0,75,200,98,0,0,0,0,0,0,0,0,0,0,0,0,0,1,2,65,1,1,2,1,0,0,1,80,1,1,1,13,0,0
4,40124,1,1,1,23,3,19,3,8,0,1,0,4,1,7,482,7482,31,1998,3B7KF2667WM2,3,B,7,K,F,2,6,6,7,W,M,2,0,T,DODG,250,PK,98,17,,2,0,1347,RPC,D,,0,0,000000000,00000000000,0,0,0,1,0,0,0,0,0,0,0,998,0,0,0,12,12,2,1,8,0,0,0,1,4,85345,6,1,0,0,3,0,64,105,0,0,0,0,0,0,0,0,0,0,0,0,0,0,2,9,40,1,1,8,1,0,0,1,80,7,1,1,13,0,0
4,40125,1,3,1,24,3,8,35,12,8,1,0,4,1,20,481,20481,31,2007,2GCEC19J5715,2,G,C,E,C,1,9,J,5,7,1,5,0,T,CHEV,SC1,4C,7,17,,2,1575,1339,SIL,G,,0,0,000000000,00000000000,0,0,0,1,0,0,0,0,0,0,0,50,0,0,0,11,99,6,2,12,32,0,0,1,4,85745,6,1,0,0,3,3,68,250,0,0,0,0,1,2,2010,2,2010,0,28,0,0,0,2,3,40,1,1,8,1,0,0,1,54,1,1,1,64,1,0
4,40125,2,3,1,24,3,8,35,12,8,1,0,4,1,37,421,37421,15,2006,2HKYF18466H5,2,H,K,Y,F,1,8,4,6,6,H,5,0,P,HOND,PIL,UT,6,17,4497,,0,1063,,G,,0,0,000000000,00000000000,0,0,0,1,0,0,0,0,0,0,0,40,0,0,0,8,8,6,2,12,0,0,0,1,4,85748,6,1,0,0,3,0,74,200,0,0,0,0,0,0,0,0,0,0,0,0,0,0,2,3,40,1,1,8,1,0,0,1,54,7,1,1,65,0,0
4,40125,3,3,1,24,3,8,35,12,8,1,0,4,1,7,880,7880,67,2003,3D7MU48C13G8,3,D,7,M,U,4,8,C,1,3,G,8,1,T,DODG,SQ3,CW,3,17,,3,0,1600,RPC,D,,1,88,888888888,88888888888,2,4,3,1,0,0,0,0,0,0,0,35,0,0,0,12,12,6,2,12,0,0,0,1,4,85748,6,1,6,0,3,3,73,250,0,0,0,0,0,0,0,0,0,0,0,0,0,0,2,3,40,1,1,8,1,0,0,1,54,1,1,1,98,0,0
4,40126,1,2,1,24,3,12,3,12,6,1,0,4,1,7,482,7482,31,2007,1D7HA16K47J5,1,D,7,H,A,1,6,K,4,7,J,5,0,T,DODG,S1T,PK,7,17,,2,1605,1405,RPC,G,,0,0,000000000,00000000000,0,0,0,1,0,0,0,0,0,0,0,10,0,0,0,3,3,4,1,12,0,0,0,1,4,85208,6,1,3,0,3,3,70,180,0,0,0,0,0,0,0,0,0,0,38,0,0,0,5,9,45,1,1,8,1,0,0,11,15,1,1,2,68,0,0
4,40126,2,2,1,24,3,12,3,12,6,1,0,4,1,72,706,72706,80,2007,1HD1GM4117K3,1,H,D,1,G,M,4,1,1,7,K,3,0,M,HD,FDX,RS,7,17,,,,,,,1584,0,0,000000000,00000000000,0,0,0,1,0,0,0,0,0,0,0,45,0,0,0,12,12,6,2,12,0,0,0,1,4,85120,6,1,0,0,3,3,69,235,0,0,0,0,0,0,0,0,0,0,0,0,0,0,5,9,45,1,1,8,1,0,0,1,62,1,1,1,69,1,0
4,40127,1,2,1,24,3,14,17,12,2,1,0,27,1,37,706,37706,80,1985,1HFSC1429FA1,1,H,F,S,C,1,4,2,9,F,A,1,0,M,HOND,G2A,RS,85,17,,,,,,,1200,0,0,000000000,00000000000,0,0,0,1,0,0,0,0,0,0,0,30,0,0,0,12,12,6,2,12,0,0,0,1,27,56301,6,1,0,0,3,3,71,215,1,0,0,0,0,12,2009,12,2009,0,28,0,0,0,1,2,50,2,1,8,1,0,0,14,10,1,1,2,50,1,0
4,40127,2,2,1,24,3,14,17,12,2,1,0,48,1,12,481,12481,40,1979,F37SKFC1482,F,3,7,S,K,F,C,1,4,8,2,,1,P,,,,,,,,,,,,,1,88,888888888,88888888888,2,4,3,1,0,0,0,0,0,0,0,40,0,0,0,12,12,6,2,12,0,0,0,1,48,77957,6,1,0,0,3,0,999,999,0,2,0,0,0,10,2007,10,2008,0,0,0,0,0,1,2,50,3,1,8,1,0,0,14,62,4,1,1,51,0,0
4,40128,1,2,2,26,3,5,57,12,6,1,0,4,2,12,481,12481,31,1990,2FTJW36G4LCB,2,F,T,J,W,3,6,G,4,L,C,B,0,T,FORD,F35,CW,90,17,,2,0,1680,COF,G,,0,0,000000000,00000000000,0,0,0,1,0,0,0,0,0,0,0,40,0,0,0,5,5,2,3,12,0,0,0,1,4,85705,6,1,0,0,3,0,72,190,0,0,0,0,0,0,0,0,0,0,91,92,48,0,5,4,40,1,1,2,1,0,0,10,16,1,1,2,70,0,1
4,40128,2,2,1,26,3,5,57,12,6,1,0,92,0,98,701,98701,81,9999,000000000000,0,0,0,0,0,0,0,0,0,0,0,0,0,U,,,,,17,,,,,,,,0,0,000000000,00000000000,0,0,0,1,0,0,0,0,0,0,0,999,0,0,0,12,12,6,2,12,35,0,0,1,4,85705,4,1,0,0,2,0,70,170,0,0,0,0,0,0,0,0,0,0,0,0,0,0,5,4,40,1,1,2,1,0,0,1,60,99,1,1,71,1,0
4,40129,1,2,3,26,3,99,99,12,6,1,0,4,1,35,43,35043,4,2005,3N1CB51DX5L5,3,N,1,C,B,5,1,D,X,5,L,5,0,P,NISS,S18,4D,5,17,2387,,0,998,,G,,0,0,000000000,00000000000,0,0,0,1,0,0,0,0,0,0,0,998,0,1,5,9,9,6,2,12,0,0,0,1,4,85239,6,1,0,0,3,3,67,205,0,0,0,0,0,0,0,0,0,0,38,0,0,0,1,2,45,1,1,2,1,20,3,11,15,1,1,1,82,1,0
4,40129,2,2,1,26,3,99,99,12,6,1,0,4,3,49,40,49040,4,2004,4T1BF30K44U5,4,T,1,B,F,3,0,K,4,4,U,5,0,P,TOYT,UXS,4D,4,17,3086,,0,1071,,G,,0,0,000000000,00000000000,0,0,0,1,0,0,0,0,0,0,0,998,0,0,0,12,12,6,2,12,0,0,0,1,4,85212,6,1,0,0,3,3,63,125,0,0,0,0,0,0,0,0,0,0,0,0,0,0,2,2,45,1,1,2,1,0,0,1,67,1,1,1,83,0,0
4,40130,1,1,2,28,3,11,39,8,0,1,0,4,1,7,482,7482,31,1997,3B7KF23D2VM5,3,B,7,K,F,2,3,D,2,V,M,5,1,T,DODG,250,PC,97,17,,2,1547,1387,RPC,D,,1,0,000000000,00000000000,0,0,0,1,0,0,0,0,0,0,0,25,0,0,0,12,9,2,1,8,0,0,0,1,4,86503,6,1,0,0,3,3,68,170,0,0,0,1,0,6,2008,6,2008,0,0,0,0,0,1,2,45,1,1,2,1,0,0,1,80,7,1,1,13,0,0
4,40131,1,1,1,20,2,20,37,8,0,1,0,4,1,12,481,12481,31,2005,1FTPX14515NB,1,F,T,P,X,1,4,5,1,5,N,B,0,T,FORD,F15,4C,5,17,,2,1450,1260,COF,G,,0,0,000000000,00000000000,0,0,0,1,0,0,0,0,0,0,0,31,0,0,0,12,12,2,3,8,0,0,0,1,4,85342,6,1,0,0,3,0,71,165,0,2,0,0,1,7,2008,12,2008,0,0,0,0,0,1,2,0,1,1,5,2,0,0,1,80,1,1,1,13,0,1
4,40132,1,2,1,31,3,16,33,12,6,1,0,4,1,32,43,32043,4,2007,WAUAF78E37A1,W,A,U,A,F,7,8,E,3,7,A,1,0,P,AUDI,NA4,4D,7,17,3406,,0,1043,,G,,0,0,000000000,00000000000,0,0,0,1,0,0,0,0,0,0,0,12,0,0,0,9,9,6,2,12,32,0,0,1,4,85268,6,1,0,0,3,3,68,125,1,4,0,0,2,9,2008,5,2009,0,38,0,0,0,1,2,35,1,1,2,1,20,3,99,19,1,1,1,91,1,0
4,40132,2,2,2,31,3,16,33,12,6,1,0,4,1,35,421,35421,15,2005,5N1AA08A45N7,5,N,1,A,A,0,8,A,4,5,N,7,0,P,NISS,ARM,UT,5,17,4986,,0,1232,,G,,0,0,000000000,00000000000,0,0,0,1,0,0,0,0,0,0,0,52,0,0,0,12,12,6,2,12,0,0,0,1,4,85209,6,1,0,0,3,0,61,130,0,0,0,1,0,5,2007,5,2007,1,0,0,0,0,2,2,35,1,1,2,1,0,0,1,68,1,1,1,91,0,0
4,40133,1,1,99,19,2,0,9,8,0,1,1,99,9,99,999,99999,99,9999,999999999999,9,9,9,9,9,9,9,9,9,9,9,9,0,U,,,,9,17,,,,,,,,0,0,000000000,00000000000,0,0,0,1,0,0,0,0,0,0,0,999,0,0,0,14,14,9,1,8,99,99,0,1,99,99999,9,9,99,9,9,9,999,999,99,99,99,99,99,99,9999,99,9999,0,99,99,99,99,4,1,40,1,1,2,1,0,0,1,80,99,1,1,13,0,0
4,40134,1,1,3,19,3,20,35,9,0,1,1,4,2,24,1,24001,4,1999,1G8ZK5271XZ1,1,G,8,Z,K,5,2,7,1,X,Z,1,0,P,STRN,SL2,4D,99,17,2418,,0,1024,,G,,0,0,000000000,00000000000,0,0,0,1,0,0,0,0,0,0,0,57,0,0,0,12,12,4,1,9,0,0,0,1,4,85019,6,1,0,0,3,0,68,150,0,0,0,2,0,9,2008,8,2009,1,92,0,0,0,5,4,35,1,1,2,1,0,0,1,83,1,1,1,13,0,1
4,40135,1,1,2,30,3,15,37,5,0,1,0,95,1,72,706,72706,80,2008,5HD1FC4188Y6,5,H,D,1,F,C,4,1,8,8,Y,6,1,M,HD,FLU,RS,8,17,,,,,,,1584,1,0,000000000,00000000000,0,0,0,1,0,0,0,0,0,0,0,999,0,0,0,0,0,6,2,5,0,0,0,1,95,0,9,9,99,0,9,9,999,999,99,99,99,99,99,99,9999,99,9999,0,0,0,0,0,1,2,55,1,1,2,1,0,0,1,98,1,1,2,0,1,0
4,40136,1,1,1,10,1,2,20,38,0,1,0,99,9,99,999,99999,99,9999,999999999999,9,9,9,9,9,9,9,9,9,9,9,9,0,U,,,,9,17,,,,,,,,0,0,000000000,00000000000,0,0,0,1,0,0,0,0,0,0,0,999,0,0,0,12,99,6,2,19,0,0,0,1,4,85281,6,1,0,0,3,0,70,155,0,0,0,0,0,0,0,0,0,9,99,99,99,99,9,9,99,9,9,2,99,99,9,99,99,99,9,9,98,1,1
4,40137,1,2,2,28,1,11,26,99,99,1,9,99,9,99,999,99999,99,9999,999999999999,9,9,9,9,9,9,9,9,9,9,9,9,0,U,,,,9,17,,,,,,,,0,0,000000000,00000000000,0,0,0,1,0,0,0,0,0,0,0,999,0,0,0,99,99,9,9,99,99,99,0,1,99,99999,9,9,99,0,9,9,999,999,99,99,99,99,99,99,9999,99,9999,9,99,99,99,99,9,9,99,9,9,2,99,99,9,99,99,99,9,9,99,1,0
4,40137,2,2,1,28,1,11,26,99,99,1,9,99,9,99,999,99999,99,9999,999999999999,9,9,9,9,9,9,9,9,9,9,9,9,0,U,,,,9,17,,,,,,,,0,0,000000000,00000000000,0,0,0,1,0,0,0,0,0,0,0,999,0,0,0,99,99,9,9,99,99,99,0,1,99,99999,9,9,99,9,9,9,999,999,99,99,99,99,99,99,9999,99,9999,9,99,99,99,99,9,9,99,9,9,2,99,99,9,99,99,99,9,9,98,0,0
4,40138,1,1,2,4,2,11,0,1,0,1,0,99,9,99,999,99999,99,9999,999999999999,9,9,9,9,9,9,9,9,9,9,9,9,0,U,,,,9,17,,,,,,,,0,0,000000000,00000000000,0,0,0,1,0,0,0,0,0,0,0,999,0,9,9,0,0,9,9,1,0,0,0,1,4,86033,1,1,0,0,2,0,67,200,0,0,0,0,0,0,0,0,0,9,99,99,99,99,9,9,99,9,9,9,99,99,9,99,99,99,9,9,98,2,0
4,40139,1,2,1,12,2,18,57,12,6,1,0,4,1,35,47,35047,4,1997,1N4BU31DXVC1,1,N,4,B,U,3,1,D,X,V,C,1,0,P,NISS,AGS,4D,97,17,2756,,0,1031,,G,,0,0,000000000,00000000000,0,0,0,1,0,0,0,0,0,0,0,10,0,0,0,82,82,6,2,12,0,0,0,1,4,85296,6,1,0,0,3,3,70,160,0,0,0,0,0,0,0,0,0,0,38,0,0,0,2,3,45,1,1,8,1,3,3,11,15,1,1,2,68,1,0
4,40139,2,2,1,12,2,18,57,12,6,1,0,4,2,7,482,7482,31,1995,3B7HF13Z9SM1,3,B,7,H,F,1,3,Z,9,S,M,1,0,T,DODG,150,PC,95,17,,2,1547,1387,RPC,G,,0,0,000000000,00000000000,0,0,0,1,0,0,0,0,0,0,0,25,0,0,0,12,12,6,2,12,0,0,0,1,4,85234,6,1,0,0,3,3,71,195,0,0,0,0,0,0,0,0,0,0,0,0,0,0,2,3,45,1,1,8,1,3,3,1,62,3,2,1,69,0,0
4,40140,1,1,1,14,2,99,99,8,0,1,9,99,9,99,999,99999,99,9999,999999999999,9,9,9,9,9,9,9,9,9,9,9,9,0,U,,,,9,17,,,,,,,,0,0,000000000,00000000000,0,0,0,1,0,0,0,0,0,0,0,999,0,0,0,12,12,9,9,8,0,0,0,1,99,99999,9,9,99,0,9,9,999,999,99,99,99,99,99,99,9999,99,9999,9,99,99,99,99,9,9,99,9,9,9,99,99,9,99,80,99,9,9,13,0,0
4,40142,1,1,2,28,2,99,99,99,99,1,0,99,9,99,999,99999,99,9999,999999999999,9,9,9,9,9,9,9,9,9,9,9,9,0,U,,,,9,17,,,,,,,,0,0,000000000,00000000000,0,0,0,1,0,0,0,0,0,0,0,999,0,0,0,99,99,9,9,99,0,0,0,1,99,99999,9,9,99,9,9,9,999,999,99,99,99,99,99,99,9999,99,9999,9,99,99,99,99,9,9,99,9,9,2,99,99,9,99,99,99,9,9,99,1,0
4,40143,1,1,2,28,2,9,20,1,0,1,0,4,5,41,47,41047,4,2000,JM1TA2218Y16,J,M,1,T,A,2,2,1,8,Y,1,6,0,P,MAZD,MIL,4D,0,17,3241,,0,1083,,G,,0,0,000000000,00000000000,0,0,0,1,0,0,0,0,0,0,0,82,0,1,5,0,98,6,2,1,0,0,0,1,4,85131,6,1,0,0,3,3,61,130,0,0,0,0,0,0,0,0,0,1,0,0,0,0,1,2,45,3,1,2,1,0,0,14,6,1,4,4,2,1,0
4,40145,1,2,4,28,2,4,3,12,6,1,0,4,1,20,20,20020,4,1997,2G1WL52M7V93,2,G,1,W,L,5,2,M,7,V,9,3,0,P,CHEV,L/S,4D,97,17,3360,,0,1075,,G,,0,0,000000000,00000000000,0,0,0,1,0,0,0,0,0,0,0,40,0,0,0,3,3,6,2,12,0,0,0,1,4,85043,6,1,0,0,3,0,67,168,0,0,0,0,0,0,0,0,0,1,99,99,99,99,5,5,40,1,1,8,2,3,1,1,17,1,1,1,87,1,0
4,40145,2,2,3,28,2,4,3,12,6,1,0,96,2,14,6,14006,4,1997,2MELM74W7VX6,2,M,E,L,M,7,4,W,7,V,X,6,0,P,MERC,GMG,4D,97,17,3792,,0,1144,,G,,0,0,000000000,00000000000,0,0,0,1,0,0,0,0,0,0,0,40,0,0,0,12,12,6,2,12,0,0,0,1,4,85031,9,9,99,0,9,9,999,999,99,99,99,99,99,99,9999,99,9999,1,99,99,99,99,5,4,40,1,1,8,2,3,1,1,66,1,1,1,86,0,0
4,40146,1,1,1,1,3,8,33,8,0,1,9,99,9,99,999,99999,99,9999,999999999999,9,9,9,9,9,9,9,9,9,9,9,9,0,U,,,,9,17,,,,,,,,0,0,000000000,00000000000,0,0,0,1,0,0,0,0,0,0,0,999,0,0,0,12,12,9,9,8,0,0,0,1,99,99999,9,9,99,9,9,9,999,999,99,99,99,99,99,99,9999,99,9999,9,99,99,99,99,9,9,99,9,9,9,99,99,9,99,82,99,9,9,13,0,0
4,40147,1,2,4,2,3,6,17,12,6,1,0,4,3,12,461,12461,21,2007,1FBNE31L97DA,1,F,B,N,E,3,1,L,9,7,D,A,0,T,FORD,WSD,BU,7,17,,2,0,1380,ECO,G,,0,88,888888888,88888888888,1,20,22,1,0,0,0,0,7,0,0,15,0,0,0,12,12,6,2,12,0,0,0,1,4,85382,6,1,0,0,3,0,67,150,0,0,0,0,0,0,0,0,0,0,38,92,0,0,5,4,40,1,1,2,1,0,0,11,15,1,1,2,68,0,0
4,40147,2,2,1,2,3,6,17,12,6,1,0,4,1,53,705,53705,80,2001,JS1VP52A9121,J,S,1,V,P,5,2,A,9,1,2,1,0,M,SUZI,SVS,RS,1,17,,,,,,,645,0,0,000000000,00000000000,0,0,0,1,0,0,0,0,0,0,0,51,0,0,0,11,11,6,2,12,0,0,1,1,4,85041,6,1,0,0,3,0,71,180,0,0,0,0,0,0,0,0,0,0,0,0,0,0,5,4,40,1,1,2,1,0,0,1,62,1,1,1,69,1,0
4,40148,1,1,1,3,3,6,26,8,0,1,1,99,9,35,999,35999,99,9999,999999999999,9,9,9,9,9,9,9,9,9,9,9,9,0,U,,,,9,17,,,,,,,,0,0,000000000,00000000000,0,0,0,1,0,0,0,0,0,0,0,30,0,0,0,12,12,2,1,8,0,0,0,1,99,99999,9,9,99,0,9,9,999,999,99,99,99,99,99,99,9999,99,9999,9,99,99,99,99,5,5,40,1,1,2,1,0,0,1,80,1,1,1,13,0,0
4,40149,1,1,1,3,3,12,52,9,0,1,0,4,1,49,403,49403,14,2001,JTEHF21A9100,J,T,E,H,F,2,1,A,9,1,0,0,0,P,TOYT,HIG,UT,1,17,3880,,0,1069,,G,,0,0,000000000,00000000000,0,0,0,1,0,0,0,0,0,0,0,998,0,0,0,12,12,2,1,9,0,0,0,1,4,85258,6,1,0,0,3,0,68,165,0,0,0,0,0,0,0,0,0,0,0,0,0,0,5,5,35,1,1,8,1,0,0,1,84,1,1,1,13,0,0
4,40150,1,1,1,3,3,13,31,15,0,1,0,4,2,35,49,35049,6,2004,JN8AZ08T64W2,J,N,8,A,Z,0,8,T,6,4,W,2,0,P,NISS,MUR,UT,4,17,3690,,0,1112,,G,,0,0,000000000,00000000000,0,0,0,1,0,0,0,0,0,0,0,27,0,0,0,12,12,2,1,15,0,0,0,1,4,85345,6,1,0,0,3,0,61,160,0,0,0,1,0,7,2007,7,2007,0,0,0,0,0,5,4,30,1,1,2,1,2,3,1,80,1,1,1,13,0,0
4,40151,1,2,1,6,3,17,45,12,2,1,0,94,3,12,880,12880,67,2008,1FTWW33Y88EA,1,F,T,W,W,3,3,Y,8,8,E,A,1,T,FORD,F3D,CW,8,17,,3,1720,1560,DRW,G,,1,88,888888888,88888888888,2,4,98,1,0,0,0,0,0,0,0,40,0,0,0,12,12,6,2,12,0,0,0,1,4,85339,6,1,0,0,3,0,67,185,0,0,0,0,0,0,0,0,0,0,28,0,0,0,9,9,40,1,1,2,1,0,0,1,10,1,1,1,50,0,0
4,40151,2,2,2,6,3,17,45,12,2,1,0,4,1,12,481,12481,31,1999,1FTRX17L1XKB,1,F,T,R,X,1,7,L,1,X,K,B,0,T,FORD,F15,4C,99,17,,2,1571,1385,COF,G,,0,0,000000000,00000000000,0,0,0,1,0,0,0,0,0,0,0,40,0,0,0,12,12,6,2,12,0,0,0,1,4,85302,6,1,0,0,3,0,75,180,0,0,0,0,0,0,0,0,0,0,0,0,0,0,9,9,40,1,1,2,1,0,0,1,62,1,1,1,51,1,0
4,40152,1,1,1,6,3,10,33,8,0,1,0,4,2,55,36,55036,4,2005,KMHCG45C25U6,K,M,H,C,G,4,5,C,2,5,U,6,0,P,HYUN,AGL,4D,5,17,2280,,0,961,,G,,0,0,000000000,00000000000,0,0,0,1,0,0,0,0,0,0,0,34,0,0,0,12,12,4,3,8,0,0,0,1,4,85042,6,1,0,0,3,3,71,175,0,0,0,0,1,5,2009,5,2009,0,0,0,0,0,5,5,45,1,1,2,1,0,0,1,80,1,1,1,13,0,0
4,40153,1,1,1,6,3,21,40,8,0,1,1,4,2,35,39,35039,4,1992,JN1EJ01P3NT1,J,N,1,E,J,0,1,P,3,N,T,1,0,P,NISS,MSE,4D,92,17,3146,,0,1043,,G,,0,0,000000000,00000000000,0,0,0,1,0,0,0,0,0,0,0,34,0,0,0,12,12,2,1,8,0,0,0,1,4,85374,6,1,0,0,3,0,73,160,0,0,0,1,0,2,2009,2,2009,0,92,0,0,0,2,3,45,1,1,8,1,0,0,1,80,1,1,1,13,0,1
4,40155,1,1,1,11,3,7,12,8,0,1,0,4,1,18,2,18002,4,2002,1G4HR54K12U2,1,G,4,H,R,5,4,K,1,2,U,2,0,P,BUIC,LLF,4D,2,17,3591,,0,1122,,G,,0,0,000000000,00000000000,0,0,0,1,0,0,0,0,0,0,0,998,0,0,0,12,12,2,1,8,0,0,0,1,4,85031,6,1,0,0,3,3,73,240,1,0,0,0,1,4,2007,5,2007,0,0,0,0,0,5,4,40,1,1,8,1,0,0,1,80,1,1,1,13,0,0
4,40156,1,1,1,12,3,20,23,8,0,1,0,4,1,7,481,7481,31,1987,1B7HW24T8HS4,1,B,7,H,W,2,4,T,8,H,S,4,0,T,DODG,W20,PK,87,17,,2,0,1310,W20,G,,0,0,000000000,00000000000,0,0,0,1,0,0,0,0,0,0,0,55,0,0,0,14,14,0,1,8,0,0,0,1,4,85321,6,1,6,0,3,3,71,220,0,4,0,1,0,3,2008,10,2009,0,0,0,0,0,1,2,65,1,1,2,1,0,0,1,80,1,1,1,13,0,0