STATE,ST_CASE,VEH_NO,VE_FORMS,NUMOCCS,DAY,MONTH,HOUR,MINUTE,HARM_EV,MAN_COLL,UNITTYPE,HIT_RUN,REG_STAT,OWNER,MAKE,MODEL,MAK_MOD,BODY_TYP,MOD_YEAR,VIN,VIN_1,VIN_2,VIN_3,VIN_4,VIN_5,VIN_6,VIN_7,VIN_8,VIN_9,VIN_10,VIN_11,VIN_12,TOW_VEH,VINTYPE,VINMAKE,VINA_MOD,VIN_BT,VINMODYR,VIN_LNGT,VIN_WGT,WGTCD_TR,WHLBS_LG,WHLBS_SH,SER_TR,FUELCODE,MCYCL_DS,J_KNIFE,MCARR_I1,MCARR_I2,MCARR_ID,GVWR,V_CONFIG,CARGO_BT,HAZ_INV,HAZ_PLAC,HAZ_ID,HAZ_CNO,HAZ_REL,BUS_USE,SPEC_USE,EMER_USE,TRAV_SP,UNDERIDE,ROLLOVER,ROLINLOC,IMPACT1,IMPACT2,DEFORMED,TOWED,M_HARM,VEH_SC1,VEH_SC2,FIRE_EXP,DR_PRES,L_STATE,DR_ZIP,L_STATUS,L_TYPE,CDL_STAT,L_ENDORS,L_COMPL,L_RESTRI,DR_HGT,DR_WGT,PREV_ACC,PREV_SUS,PREV_DWI,PREV_SPD,PREV_OTH,FIRST_MO,FIRST_YR,LAST_MO,LAST_YR,SPEEDREL,DR_SF1,DR_SF2,DR_SF3,DR_SF4,VTRAFWAY,VNUM_LAN,VSPD_LIM,VALIGN,VPROFILE,VPAVETYP,VSURCOND,VTRAFCON,VTCONT_F,P_CRASH1,P_CRASH2,P_CRASH3,PCRASH4,PCRASH5,ACC_TYPE,DEATHS,DR_DRINK
4,40157,1,1,4,13,3,5,16,1,0,1,0,35,2,7,482,7482,31,1998,3B7HF12Z5WG1,3,B,7,H,F,1,2,Z,5,W,G,1,5,T,DODG,150,PC,98,17,,2,1547,1387,RPC,G,,1,0,000000000,00000000000,0,0,0,1,0,0,0,0,0,0,0,999,0,1,9,0,0,6,2,1,0,0,0,1,4,86547,6,1,0,0,3,0,64,270,0,0,0,0,0,0,0,0,0,0,0,0,0,0,1,2,65,1,6,2,1,0,0,1,13,6,4,4,7,1,1
4,40158,1,2,1,12,3,9,28,12,6,1,0,49,1,48,45,48045,6,2004,4S3BH6751476,4,S,3,B,H,6,7,5,1,4,7,6,0,P,SUBA,UWP,SW,4,17,3430,,0,1043,,G,,0,0,000000000,00000000000,0,0,0,1,0,0,0,0,0,0,0,10,0,0,0,81,81,6,2,12,0,0,0,1,49,84604,6,1,0,0,3,0,72,230,98,0,0,1,0,9,2008,9,2008,0,38,0,0,0,1,2,45,1,1,8,1,0,0,11,15,1,1,2,68,0,0
4,40158,2,2,2,12,3,9,28,12,6,1,0,4,1,14,6,14006,4,2001,2MEFM75WX1X6,2,M,E,F,M,7,5,W,X,1,X,6,0,P,MERC,MGL,4D,1,17,3948,,0,1147,,G,,0,0,000000000,00000000000,0,0,0,1,0,0,0,0,0,0,0,45,0,0,0,12,12,6,2,12,0,0,0,1,4,85128,6,1,0,0,3,0,68,172,0,0,0,0,0,0,0,0,0,0,0,0,0,0,1,2,45,1,1,8,1,0,0,1,62,1,1,1,69,1,0
4,40159,1,1,2,12,3,11,55,99,99,1,9,99,9,99,999,99999,99,9999,999999999999,9,9,9,9,9,9,9,9,9,9,9,9,0,U,,,,9,17,,,,,,,,0,0,000000000,00000000000,0,0,0,1,0,0,0,0,0,0,0,999,0,0,0,99,99,9,9,99,0,0,0,1,99,99999,9,9,99,9,9,9,999,999,99,99,99,99,99,99,9999,99,9999,9,99,99,99,99,9,9,99,1,1,9,99,99,9,99,99,99,9,9,99,1,0
4,40160,1,2,1,12,3,18,52,33,0,1,0,4,1,37,706,37706,80,2008,JH2SC59068M0,J,H,2,S,C,5,9,0,6,8,M,0,0,M,HOND,CBS,RC,8,17,,,,,,,998,0,0,000000000,00000000000,0,0,0,1,0,0,0,0,0,0,0,16,0,0,0,14,99,6,2,12,0,0,0,1,4,85286,6,1,0,0,3,0,72,195,0,0,0,0,0,0,0,0,0,0,52,0,0,0,2,2,40,2,1,2,1,0,0,14,8,3,2,4,7,1,0
4,40160,2,2,1,12,3,18,52,33,0,1,0,4,1,20,481,20481,31,2001,2GCEC19T3112,2,G,C,E,C,1,9,T,3,1,1,2,0,T,CHEV,SC1,4C,1,17,,2,1575,1435,SIL,G,,0,0,000000000,00000000000,0,0,0,1,0,0,0,0,0,0,0,14,0,0,0,63,63,2,1,12,0,0,0,1,4,85044,6,1,0,0,3,1,62,180,0,0,0,0,0,0,0,0,0,0,0,0,0,0,2,2,40,3,1,2,1,0,0,2,62,1,1,1,98,0,0
4,40161,1,2,1,17,3,18,16,12,6,1,0,4,1,20,473,20473,30,2008,1GCDT1998881,1,G,C,D,T,1,9,9,8,8,8,1,0,T,CHEV,RDO,4C,8,17,,1,0,1260,CAL,G,,0,0,000000000,00000000000,0,0,0,1,0,0,0,0,0,0,0,998,0,1,1,1,1,6,2,12,0,0,0,1,4,86044,6,1,0,0,3,3,71,185,0,0,0,0,0,0,0,0,0,0,38,0,0,0,1,2,45,1,1,2,1,0,0,11,15,1,1,2,68,0,0
4,40161,2,2,2,17,3,18,16,12,6,1,0,32,4,63,33,63033,4,2009,KNAFE2225956,K,N,A,F,E,2,2,2,5,9,5,6,0,P,KIA,SXC,4D,9,17,2701,,0,1028,,G,,0,0,000000000,00000000000,0,0,0,1,0,0,0,0,0,0,0,998,0,0,0,12,12,6,2,12,0,0,0,1,53,98375,6,1,0,0,3,3,71,140,0,0,0,0,0,0,0,0,0,0,0,0,0,0,1,2,45,1,1,2,1,0,0,1,62,1,1,1,69,1,0
4,40163,1,1,1,22,3,10,52,9,0,1,0,4,1,20,481,20481,31,1985,1GCGC24M9FS1,1,G,C,G,C,2,4,M,9,F,S,1,0,T,CHEV,C20,PK,85,17,,2,1645,1315,C20,G,,0,0,000000000,00000000000,0,0,0,1,0,0,0,0,0,0,0,5,0,0,0,12,12,0,1,9,32,0,0,1,4,85017,6,1,0,0,3,1,68,170,0,0,0,0,0,0,0,0,0,0,0,0,0,0,4,2,45,1,1,1,1,2,3,1,83,1,1,1,13,0,0
4,40164,1,1,1,23,3,12,28,15,0,1,0,4,1,18,7,18007,4,2000,2G4WS52J8Y12,2,G,4,W,S,5,2,J,8,Y,1,2,0,P,BUIC,CCU,4D,0,17,3368,,0,1090,,G,,0,0,000000000,00000000000,0,0,0,1,0,0,0,0,0,0,0,25,0,0,0,12,12,2,1,15,0,0,0,1,4,85375,6,1,0,0,3,3,62,108,0,0,0,0,0,0,0,0,0,1,92,0,0,0,1,2,25,1,1,2,1,0,0,1,80,1,1,1,13,0,0
4,40165,1,1,1,25,3,5,46,9,0,1,0,4,3,23,481,23481,31,2008,2GTEK1337811,2,G,T,E,K,1,3,3,7,8,1,1,0,T,GMC,SK1,CW,8,17,,2,0,1435,SIE,F,,0,0,000000000,00000000000,0,0,0,1,0,0,0,0,0,0,0,10,0,0,0,12,12,2,3,9,0,0,0,1,4,86314,6,1,0,0,3,3,61,117,0,0,0,0,0,0,0,0,0,0,0,0,0,0,1,9,25,1,1,2,1,20,3,11,83,1,1,1,13,0,0
4,40166,1,1,2,27,3,2,26,33,0,1,0,4,1,52,37,52037,3,2003,4A3AC44G43E1,4,A,3,A,C,4,4,G,4,3,E,1,0,P,MITS,EGS,2H,3,17,2944,,0,1008,,G,,0,0,000000000,00000000000,0,0,0,1,0,0,0,0,0,0,0,30,0,0,0,14,98,6,2,42,0,0,0,1,4,85310,6,1,0,0,3,0,72,175,0,0,0,0,0,0,0,0,0,9,99,99,99,99,2,1,30,2,6,8,99,0,0,99,9,1,9,4,7,1,1
4,40167,1,1,1,28,3,99,99,1,0,1,0,99,9,99,999,99999,99,9999,999999999999,9,9,9,9,9,9,9,9,9,9,9,9,0,U,,,,9,17,,,,,,,,0,0,000000000,00000000000,0,0,0,1,0,0,0,0,0,0,0,999,0,9,9,0,0,9,9,1,0,0,0,1,4,85623,6,1,0,0,3,3,71,195,0,0,0,0,0,0,0,0,0,9,99,99,99,99,9,9,99,9,9,9,99,99,9,99,99,99,9,9,5,1,1
4,40168,1,1,1,26,2,99,99,35,0,1,0,92,0,37,733,37733,90,1983,JH3TB0608DC2,J,H,3,T,B,0,6,0,8,D,C,2,0,M,HOND,A25,AT,83,17,,,,,,,250,0,0,000000000,00000000000,0,0,0,1,0,0,0,0,0,0,0,999,0,1,5,12,99,6,2,35,0,0,0,1,4,85222,6,1,0,0,3,1,67,170,0,0,0,0,0,0,0,0,0,9,99,99,99,99,1,2,99,1,9,5,1,0,0,1,14,1,1,4,14,1,1
4,40169,1,1,1,1,4,10,46,58,0,1,0,4,1,14,401,14401,14,2010,4M2EN3HE5AUJ,4,M,2,E,N,3,H,E,5,A,U,J,0,P,MERC,MOU,UT,10,17,4525,,0,1137,,G,,0,0,000000000,00000000000,0,0,0,1,0,0,0,0,0,0,0,998,0,0,0,99,99,6,2,2,0,0,1,1,4,86426,6,1,0,0,3,0,64,108,0,0,0,1,0,5,2009,5,2009,0,99,99,99,99,3,2,45,3,5,2,1,0,0,14,13,1,1,4,1,1,0
4,40170,1,1,2,1,4,19,15,8,0,1,0,4,1,12,37,12037,4,2004,1FAFP34384W1,1,F,A,F,P,3,4,3,8,4,W,1,0,P,FORD,FSP,4D,4,17,2604,,0,1030,,G,,0,0,000000000,00000000000,0,0,0,1,0,0,0,0,0,0,0,25,0,0,0,12,12,2,3,8,0,0,0,1,4,85224,6,1,0,0,3,3,73,176,0,0,0,0,0,0,0,0,0,1,0,0,0,0,1,2,25,1,1,2,1,0,0,1,80,1,1,1,13,0,0
4,40171,1,2,2,2,4,14,50,12,2,1,0,4,2,12,481,12481,31,1969,F25YRF75647,F,2,5,Y,R,F,7,5,6,4,7,,0,P,,,,,,,,,,,,,0,0,000000000,00000000000,0,0,0,1,0,0,0,0,0,0,0,7,0,0,0,12,12,6,2,12,0,0,0,1,96,0,9,9,99,0,9,9,60,120,99,99,99,99,99,99,9999,99,9999,0,48,0,0,0,1,4,50,1,1,2,1,0,0,11,15,1,1,2,68,2,0
4,40171,2,2,1,2,4,14,50,12,2,1,0,4,3,12,881,12881,61,1996,1FDLF47G9TEA,1,F,D,L,F,4,7,G,9,T,E,A,1,T,FORD,FSD,CB,96,17,,4,1848,1368,COF,G,,1,99,999999999,99999999999,2,4,98,1,0,0,0,0,0,0,0,50,0,0,0,12,12,6,2,12,0,0,0,1,4,85364,6,1,0,0,3,0,65,152,0,0,0,0,0,0,0,0,0,0,0,0,0,0,1,4,50,1,1,2,1,0,0,1,62,9,2,3,69,0,0
4,40172,1,2,1,2,4,19,19,12,2,1,0,4,1,12,481,12481,31,2008,1FTPW12VX8KC,1,F,T,P,W,1,2,V,X,8,K,C,0,T,FORD,F1S,CW,8,17,,2,1500,1390,COF,F,,0,0,000000000,00000000000,0,0,0,1,0,0,0,0,0,0,0,10,0,0,0,12,12,4,3,12,0,0,0,1,4,85296,6,1,0,0,3,3,65,135,0,0,0,0,0,0,0,0,0,0,38,0,0,0,5,2,25,1,1,8,1,0,0,11,15,1,1,2,68,0,0
4,40172,2,2,1,2,4,19,19,12,2,1,0,4,2,73,704,73704,83,2003,JKAKXVEC23A0,J,K,A,K,X,V,E,C,2,3,A,0,0,M,KAWK,K5E,MX,3,17,,,,,,,500,0,0,000000000,00000000000,0,0,0,1,0,0,0,0,0,0,0,998,0,0,0,12,12,6,2,12,0,0,0,1,4,85295,6,1,0,0,2,0,75,225,0,3,1,0,0,4,2008,10,2008,0,29,0,0,0,5,2,25,1,1,2,1,0,0,1,62,1,2,1,69,1,1
4,40173,1,2,2,3,4,14,27,12,6,1,0,4,2,20,20,20020,4,1997,2G1WL52M9V91,2,G,1,W,L,5,2,M,9,V,9,1,0,P,CHEV,L/S,4D,97,17,3360,,0,1075,,G,,0,0,000000000,00000000000,0,0,0,1,0,0,0,0,0,0,0,45,0,0,0,81,81,6,2,12,32,0,0,1,4,85205,0,0,0,0,0,0,999,999,0,0,0,0,0,0,0,0,0,0,39,0,0,0,9,9,45,1,1,2,1,2,3,1,17,1,1,1,87,1,0
4,40173,2,2,4,3,4,14,27,12,6,1,0,4,1,12,422,12422,15,2004,1FMPU16L44LB,1,F,M,P,U,1,6,L,4,4,L,B,0,P,FORD,EPT,UT,4,17,5394,,0,1191,,G,,0,0,000000000,00000000000,0,0,0,1,0,0,0,0,0,0,0,45,0,0,0,12,12,6,2,12,0,0,0,1,4,85203,6,1,0,0,3,3,62,102,0,0,0,0,0,0,0,0,0,0,0,0,0,0,9,9,45,1,1,2,1,2,3,1,66,1,1,1,86,0,0
4,40174,1,2,2,4,4,2,53,12,7,1,0,4,2,12,481,12481,31,1997,1FTDX18W8VKD,1,F,T,D,X,1,8,W,8,V,K,D,0,T,FORD,F15,3C,97,17,,1,1570,1390,COF,G,,0,0,000000000,00000000000,0,0,0,1,0,0,0,0,0,0,0,998,0,1,2,2,99,6,2,1,0,0,0,1,4,85003,0,0,0,0,0,0,70,160,0,0,0,0,0,0,0,0,0,0,28,0,0,0,2,3,75,1,1,2,1,0,0,15,1,9,3,2,46,1,1
4,40174,2,2,2,4,4,2,53,12,7,1,0,47,3,82,881,82881,66,2009,1FUJGLCK39LA,1,F,U,J,G,L,C,K,3,9,L,A,1,T,FRHT,125,DS,9,17,,8,0,0,CSC,D,,1,57,578821,57578821,3,6,1,1,0,0,0,0,0,0,0,998,0,0,0,9,9,2,1,12,0,0,0,1,41,97856,6,1,6,0,3,0,69,260,0,0,0,0,0,0,0,0,0,0,0,0,0,0,2,3,75,1,1,2,1,0,0,1,61,1,1,1,45,0,0
4,40175,1,1,1,4,4,11,30,34,0,1,0,4,2,52,37,52037,3,2003,4A3AC44G03E1,4,A,3,A,C,4,4,G,0,3,E,1,0,P,MITS,EGS,2H,3,17,2944,,0,1008,,G,,0,0,000000000,00000000000,0,0,0,1,0,0,0,0,0,0,0,998,0,0,0,14,12,6,2,8,0,0,0,1,4,86326,6,1,0,0,3,0,65,140,0,0,0,1,0,1,2010,1,2010,0,0,0,0,0,1,2,25,2,6,2,1,0,0,14,8,1,1,4,6,0,0
4,40176,1,1,3,5,4,4,41,15,0,1,1,4,5,22,20,22020,4,1996,1G2WJ52M9TF2,1,G,2,W,J,5,2,M,9,T,F,2,0,P,PONT,GFS,4D,96,17,3234,,0,1075,,G,,0,0,000000000,00000000000,0,0,0,1,0,0,0,0,0,0,0,998,0,0,0,12,12,6,2,15,0,0,0,1,4,85326,0,0,0,0,0,0,68,160,0,0,0,0,0,0,0,0,0,0,28,0,0,0,1,2,25,1,1,2,1,0,0,1,80,1,1,1,13,0,0
4,40177,1,2,3,6,4,10,55,12,2,1,0,6,4,20,37,20037,4,2008,1G1ZG57N38F1,1,G,1,Z,G,5,7,N,3,8,F,1,0,P,CHEV,M/L,4D,8,17,3415,,0,1123,,G,,0,0,000000000,00000000000,0,0,0,1,0,0,0,0,0,0,0,65,0,0,0,12,12,6,2,12,0,0,0,1,22,60625,6,1,0,0,3,0,74,165,0,0,0,1,0,7,2009,7,2009,0,28,0,0,0,1,2,65,2,5,2,1,0,0,14,10,1,1,2,50,1,0
4,40177,2,2,8,6,4,10,55,12,2,1,0,6,4,12,850,12850,73,2007,1FDXE45SX7DA,1,F,D,X,E,4,5,S,X,7,D,A,0,T,FORD,4DC,YY,7,17,,4,1760,1580,CTV,G,,0,0,000000000,00000000000,0,0,0,1,0,0,0,0,0,0,0,65,0,1,5,12,12,6,2,12,0,0,0,1,6,91768,6,1,0,0,3,0,70,210,0,1,0,0,0,8,2009,8,2009,0,0,0,0,0,1,2,65,3,6,2,1,0,0,14,62,7,1,1,51,0,0
4,40178,1,1,2,8,4,20,24,8,0,1,0,4,1,12,471,12471,30,2007,1FTYR10UX7PA,1,F,T,Y,R,1,0,U,X,7,P,A,0,T,FORD,RNG,PK,7,17,,1,1180,1120,RNG,G,,0,0,000000000,00000000000,0,0,0,1,0,0,0,0,0,0,0,65,0,0,0,12,12,6,2,8,0,0,0,1,4,86438,6,1,0,0,3,0,68,180,0,0,0,0,0,0,0,0,0,0,0,0,0,0,6,1,75,1,1,2,1,0,0,1,80,4,1,1,13,0,0
4,40179,1,3,1,9,4,10,20,12,1,1,0,4,2,20,441,20441,20,1993,1GNDM19Z8PB1,1,G,N,D,M,1,9,Z,8,P,B,1,0,T,CHEV,AST,ES,93,17,,1,0,1110,AST,G,,0,0,000000000,00000000000,0,0,0,1,0,0,0,0,0,0,0,65,0,0,0,12,12,6,2,12,0,0,0,1,4,85605,6,1,0,0,3,3,63,153,0,0,0,0,0,0,0,0,0,1,99,99,99,99,1,2,65,1,1,2,1,0,0,1,52,9,2,3,20,0,0
4,40179,2,3,1,9,4,10,20,12,1,1,0,4,2,24,7,24007,4,2007,1G8AJ55F07Z1,1,G,8,A,J,5,5,F,0,7,Z,1,0,P,STRN,SI2,4D,7,17,2805,,0,1032,,G,,0,0,000000000,00000000000,0,0,0,1,0,0,0,0,0,0,0,0,0,0,0,6,12,6,2,12,0,0,0,1,4,85292,6,1,0,0,3,0,66,117,0,0,0,0,0,0,0,0,0,0,0,0,0,0,1,2,65,1,1,2,1,0,0,5,53,1,1,1,22,1,0
4,40179,3,3,2,9,4,10,20,12,1,1,0,4,1,23,481,23481,31,2008,1GTHK23668F1,1,G,T,H,K,2,3,6,6,8,F,1,0,T,GMC,2KH,CW,8,17,,2,1670,1530,SIE,D,,0,0,000000000,00000000000,0,0,0,1,0,0,0,0,0,0,0,60,0,0,0,12,99,6,2,12,0,0,0,1,4,85295,6,1,0,0,3,3,71,225,0,0,0,0,1,10,2008,10,2008,0,0,0,0,0,1,2,65,1,1,2,1,0,0,1,62,1,1,1,98,0,0
4,40180,1,2,1,9,4,13,56,12,6,1,0,4,1,73,706,73706,80,2006,JKBVNKD196A0,J,K,B,V,N,K,D,1,9,6,A,0,0,M,KAWK,V6D,RS,6,17,,,,,,,1552,0,0,000000000,00000000000,0,0,0,1,0,0,0,0,0,0,0,998,0,0,0,81,81,6,2,12,0,0,0,1,4,85219,6,1,0,0,3,0,74,220,0,0,0,0,0,0,0,0,0,0,39,89,0,0,1,4,35,1,1,2,1,3,3,1,17,1,1,1,87,1,0
4,40180,2,2,1,9,4,13,56,12,6,1,0,4,1,14,6,14006,4,1996,2MELM75WXTX6,2,M,E,L,M,7,5,W,X,T,X,6,0,P,MERC,GLB,4D,96,17,3796,,0,1144,,G,,0,0,000000000,00000000000,0,0,0,1,0,0,0,0,0,0,0,998,0,0,0,12,12,6,2,12,32,0,0,1,27,56431,6,1,0,0,3,3,60,220,0,0,0,0,0,0,0,0,0,0,0,0,0,0,1,4,35,1,1,2,1,3,3,1,66,1,1,1,86,0,0
4,40181,1,3,2,9,4,15,7,12,1,1,0,4,1,2,404,2404,14,2008,1J8GR48K28C2,1,J,8,G,R,4,8,K,2,8,C,2,0,T,JEEP,LRO,4W,8,17,,1,0,1095,GCK,G,,0,0,000000000,00000000000,0,0,0,1,0,0,0,0,0,0,0,70,0,0,0,12,99,6,2,42,0,0,0,1,4,85541,6,1,0,0,3,3,72,190,0,0,0,0,0,0,0,0,0,0,35,0,0,0,2,2,65,2,6,2,1,0,0,14,51,1,1,1,24,1,0
4,40181,2,3,1,9,4,15,7,12,1,1,0,4,1,12,481,12481,31,1999,1FTNX21F8XED,1,F,T,N,X,2,1,F,8,X,E,D,0,T,FORD,F2S,4C,99,17,,2,1580,1418,SRW,D,,0,0,000000000,00000000000,0,0,0,1,0,0,0,0,0,0,0,60,0,0,0,6,6,2,1,12,0,0,0,1,4,85541,6,1,2,0,3,0,75,235,0,0,0,0,0,0,0,0,0,0,0,0,0,0,2,2,65,2,6,2,1,0,0,14,53,1,1,1,25,0,0
4,40181,3,3,2,9,4,15,7,12,1,1,0,4,1,20,471,20471,30,1991,1GCCS14A7M82,1,G,C,C,S,1,4,A,7,M,8,2,0,T,CHEV,S14,PK,91,17,,1,1179,1083,S,G,,0,0,000000000,00000000000,0,0,0,1,0,0,0,0,0,0,0,65,0,1,6,61,0,6,2,1,0,0,0,1,4,85553,6,1,0,0,3,0,74,145,0,0,0,0,0,0,0,0,0,0,0,0,0,0,2,2,65,2,6,2,1,0,0,14,61,1,1,1,98,0,0
4,40182,1,1,1,10,4,1,19,8,0,1,0,4,1,7,43,7043,4,2004,1B3EL36T04N3,1,B,3,E,L,3,6,T,0,4,N,3,0,P,DODG,SSE,4D,4,17,3088,,0,1080,,F,,0,0,000000000,00000000000,0,0,0,1,0,0,0,0,0,0,0,999,0,0,0,12,12,6,2,8,0,0,0,1,4,85222,6,1,0,0,3,3,73,361,0,0,0,0,0,0,0,0,0,9,99,99,99,99,1,2,55,1,1,2,1,0,0,1,80,99,1,1,13,0,1
4,40183,1,2,2,10,4,18,40,12,7,1,0,4,2,20,441,20441,20,1994,1GNDM19ZXRB1,1,G,N,D,M,1,9,Z,X,R,B,1,0,T,CHEV,AST,ES,94,17,,1,0,1110,AST,G,,0,0,000000000,00000000000,0,0,0,1,0,0,0,0,0,0,0,998,0,0,0,81,99,6,2,33,0,0,0,1,4,85743,6,1,0,0,3,0,71,140,0,0,0,0,0,0,0,0,0,0,27,92,0,0,3,4,65,1,1,2,1,0,0,15,13,1,2,6,98,1,0
4,40183,2,2,2,10,4,18,40,12,7,1,0,6,1,55,38,55038,4,2004,KMHFU45E54A2,K,M,H,F,U,4,5,E,5,4,A,2,0,P,HYUN,XG5,4D,4,17,3651,,0,1083,,G,,0,0,000000000,00000000000,0,0,0,1,0,0,0,0,0,0,0,998,0,0,0,9,9,4,1,12,0,0,0,1,6,92128,6,1,0,0,3,3,65,165,0,0,0,0,0,0,0,0,0,0,0,0,0,0,6,2,65,2,1,2,1,0,0,14,64,1,1,1,98,0,0
4,40184,1,1,3,11,4,1,49,8,0,1,0,4,1,18,2,18002,4,1992,1G4HR53LXNH4,1,G,4,H,R,5,3,L,X,N,H,4,0,P,BUIC,LLF,4D,92,17,3457,,0,1108,,G,,0,0,000000000,00000000000,0,0,0,1,0,0,0,0,0,0,0,35,0,0,0,12,12,2,1,8,0,0,0,1,4,86403,6,1,0,0,3,0,68,220,0,0,0,1,1,5,2007,4,2009,0,0,0,0,0,5,2,35,1,6,8,1,0,0,1,80,7,1,1,13,0,0
4,40185,1,2,4,15,4,12,47,12,6,1,0,4,4,12,37,12037,4,2010,1FAHP3FN9AW2,1,F,A,H,P,3,F,N,9,A,W,2,0,P,FORD,FSE,4D,10,17,2623,,0,1029,,G,,0,0,000000000,00000000000,0,0,0,1,0,0,0,0,0,0,0,5,0,1,1,3,3,6,2,12,0,0,0,1,25,2718,6,1,0,0,3,3,71,999,0,0,0,0,0,0,0,0,0,0,38,0,0,0,2,2,65,1,1,2,1,20,3,11,15,1,1,2,68,1,0
4,40185,2,2,1,15,4,12,47,12,6,1,0,4,1,37,402,37402,14,1997,JHLRD1853VC0,J,H,L,R,D,1,8,5,3,V,C,0,0,P,HOND,CRV,UT,97,17,3063,,0,1032,,G,,0,0,000000000,00000000000,0,0,0,1,0,0,0,0,0,0,0,60,0,0,0,12,12,6,2,12,0,0,0,1,4,86326,6,1,0,0,3,0,67,185,1,2,1,0,0,9,2008,4,2009,0,0,0,0,0,2,2,65,1,1,2,1,0,0,1,62,1,1,1,69,0,0
4,40187,1,1,1,16,4,20,26,8,0,1,0,4,1,12,481,12481,31,2005,1FTPW12535KF,1,F,T,P,W,1,2,5,3,5,K,F,0,T,FORD,F1S,CW,5,17,,2,1450,1260,COF,G,,0,0,000000000,00000000000,0,0,0,1,0,0,0,0,0,0,0,35,0,0,0,12,12,2,3,8,0,0,0,1,4,85122,6,1,0,0,3,0,65,270,0,0,0,0,0,0,0,0,0,0,0,0,0,0,5,4,35,1,1,2,1,0,0,1,80,6,1,1,13,0,0
4,40188,1,1,3,17,4,2,40,8,0,1,0,4,1,2,404,2404,14,2000,1J4FF47S4YL1,1,J,4,F,F,4,7,S,4,Y,L,1,0,T,JEEP,SPT,2W,0,17,,1,0,1014,CHK,G,,0,0,000000000,00000000000,0,0,0,1,0,0,0,0,0,0,0,65,0,0,0,12,12,6,2,8,0,0,0,1,4,85201,6,1,0,0,3,3,69,220,0,2,0,1,1,11,2008,8,2009,0,0,0,0,0,2,2,65,1,1,2,1,0,0,1,80,8,1,1,13,0,0
4,40189,1,2,2,17,4,15,15,12,2,1,0,6,1,12,481,12481,31,2008,1FTSW21RX8ED,1,F,T,S,W,2,1,R,X,8,E,D,0,T,FORD,F2S,CW,8,17,,2,1720,1560,SRW,D,,0,0,000000000,00000000000,0,0,0,1,0,0,0,0,0,0,0,50,0,0,0,12,12,6,2,12,0,0,0,1,6,92223,6,1,6,0,3,0,67,140,0,0,0,0,1,3,2010,3,2010,1,28,0,0,0,1,2,50,1,6,2,1,0,0,1,10,1,1,2,50,0,0
4,40189,2,2,4,17,4,15,15,12,2,1,0,4,1,54,421,54421,15,2008,2HNYD28348H5,2,H,N,Y,D,2,8,3,4,8,H,5,0,P,ACUR,MDX,UT,8,17,4559,,0,1083,,G,,0,0,000000000,00000000000,0,0,0,1,0,0,0,0,0,0,0,45,0,0,0,12,12,6,2,12,0,0,0,1,4,86040,6,1,0,0,3,3,71,220,0,0,0,0,0,0,0,0,0,0,0,0,0,0,1,2,50,1,5,2,1,0,0,1,62,6,1,1,51,1,0
4,40190,1,1,2,17,4,19,7,1,0,1,0,4,1,12,471,12471,30,1994,1FTCR14X3RPB,1,F,T,C,R,1,4,X,3,R,P,B,0,T,FORD,RNS,PS,94,17,,1,0,1250,RNG,G,,0,0,000000000,00000000000,0,0,0,1,0,0,0,0,0,0,0,67,0,1,9,0,0,6,2,1,0,0,0,1,4,86444,6,1,0,0,3,0,66,155,0,2,0,0,0,9,2008,9,2008,1,0,0,0,0,1,2,55,3,1,2,1,40,3,14,13,6,3,4,4,1,0
4,40191,1,1,3,19,4,16,26,1,0,1,0,4,2,35,47,35047,4,2005,1N4AL11E35N4,1,N,4,A,L,1,1,E,3,5,N,4,0,P,NISS,ASL,4D,5,17,2915,,0,1102,,G,,0,0,000000000,00000000000,0,0,0,1,0,0,0,0,0,0,0,998,0,1,3,0,0,6,2,1,0,0,0,1,4,85345,6,1,0,0,3,0,70,170,0,0,0,0,0,0,0,0,0,0,0,0,0,0,2,2,75,1,1,2,1,0,0,1,8,6,3,4,7,1,0
4,40192,1,2,1,20,4,8,43,12,6,1,0,4,1,20,421,20421,15,2007,1GNFK13037R1,1,G,N,F,K,1,3,0,3,7,R,1,0,P,CHEV,KTA,UT,7,17,5706,,0,1160,,F,,0,0,000000000,00000000000,0,0,0,1,0,0,0,0,0,0,0,998,0,0,0,12,12,6,2,12,0,0,0,1,4,85749,1,1,0,0,2,0,71,200,0,4,0,2,0,7,2007,11,2009,0,39,0,0,0,2,2,40,1,1,8,1,3,3,1,17,1,1,1,86,0,0
4,40192,2,2,3,20,4,8,43,12,6,1,0,4,1,59,35,59035,4,2002,JTHBD1921200,J,T,H,B,D,1,9,2,1,2,0,0,0,P,LEXS,IS3,4D,2,17,3255,,0,1051,,G,,0,0,000000000,00000000000,0,0,0,1,0,0,0,0,0,0,0,998,0,0,0,82,82,6,2,12,0,0,0,1,4,85748,6,1,0,0,3,0,66,155,0,0,0,0,0,0,0,0,0,0,0,0,0,0,2,2,40,1,1,8,1,3,3,1,66,1,1,1,87,2,0
4,40193,1,2,2,22,4,3,50,12,1,1,0,35,2,23,421,23421,15,2008,1GKFK63898J1,1,G,K,F,K,6,3,8,9,8,J,1,0,T,GMC,NAL,4W,8,17,,2,0,1300,YUK,G,,0,0,000000000,00000000000,0,0,0,1,0,0,0,0,0,0,0,998,0,0,0,12,0,6,2,2,0,0,1,1,35,87015,6,1,0,0,3,0,72,245,98,0,0,0,1,3,2009,3,2009,0,0,0,0,0,2,2,75,1,3,2,1,0,0,1,51,1,1,1,24,1,0