STATE,ST_CASE,VEH_NO,VE_FORMS,NUMOCCS,DAY,MONTH,HOUR,MINUTE,HARM_EV,MAN_COLL,UNITTYPE,HIT_RUN,REG_STAT,OWNER,MAKE,MODEL,MAK_MOD,BODY_TYP,MOD_YEAR,VIN,VIN_1,VIN_2,VIN_3,VIN_4,VIN_5,VIN_6,VIN_7,VIN_8,VIN_9,VIN_10,VIN_11,VIN_12,TOW_VEH,VINTYPE,VINMAKE,VINA_MOD,VIN_BT,VINMODYR,VIN_LNGT,VIN_WGT,WGTCD_TR,WHLBS_LG,WHLBS_SH,SER_TR,FUELCODE,MCYCL_DS,J_KNIFE,MCARR_I1,MCARR_I2,MCARR_ID,GVWR,V_CONFIG,CARGO_BT,HAZ_INV,HAZ_PLAC,HAZ_ID,HAZ_CNO,HAZ_REL,BUS_USE,SPEC_USE,EMER_USE,TRAV_SP,UNDERIDE,ROLLOVER,ROLINLOC,IMPACT1,IMPACT2,DEFORMED,TOWED,M_HARM,VEH_SC1,VEH_SC2,FIRE_EXP,DR_PRES,L_STATE,DR_ZIP,L_STATUS,L_TYPE,CDL_STAT,L_ENDORS,L_COMPL,L_RESTRI,DR_HGT,DR_WGT,PREV_ACC,PREV_SUS,PREV_DWI,PREV_SPD,PREV_OTH,FIRST_MO,FIRST_YR,LAST_MO,LAST_YR,SPEEDREL,DR_SF1,DR_SF2,DR_SF3,DR_SF4,VTRAFWAY,VNUM_LAN,VSPD_LIM,VALIGN,VPROFILE,VPAVETYP,VSURCOND,VTRAFCON,VTCONT_F,P_CRASH1,P_CRASH2,P_CRASH3,PCRASH4,PCRASH5,ACC_TYPE,DEATHS,DR_DRINK
4,40193,2,2,1,22,4,3,50,12,1,1,0,6,3,51,881,51881,66,2001,4V4NC9RJ01N3,4,V,4,N,C,9,R,J,0,1,N,3,1,T,VOLV,VNL,DS,1,17,,8,0,0,VVN,D,,1,57,1723870,571723870,3,6,1,1,0,0,0,0,0,0,0,998,0,0,0,6,6,4,1,12,0,0,0,1,6,92334,6,1,6,0,3,0,67,140,0,0,0,0,2,3,2009,5,2009,0,0,0,0,0,2,2,75,1,3,2,1,0,0,1,53,1,1,1,25,0,0
4,40194,1,1,1,22,4,21,52,8,0,1,0,4,3,12,17,12017,4,1995,1FALP52U5SG2,1,F,A,L,P,5,2,U,5,S,G,2,0,P,FORD,TGS,4D,95,17,3118,,0,1060,,G,,0,0,000000000,00000000000,0,0,0,1,0,0,0,0,0,0,0,35,0,0,0,14,14,0,1,8,0,0,0,1,4,85201,6,1,0,0,3,0,66,140,0,0,0,0,0,0,0,0,0,0,16,0,0,0,2,3,50,1,1,2,2,0,0,1,80,3,1,1,13,0,0
4,40195,1,2,1,23,4,99,99,12,2,1,0,4,1,20,481,20481,31,1985,1GCEK14H5FJ1,1,G,C,E,K,1,4,H,5,F,J,1,0,T,CHEV,K10,PK,85,17,,2,1315,1175,K10,G,,0,0,000000000,00000000000,0,0,0,1,0,0,0,0,0,0,0,65,0,0,0,12,12,6,2,12,0,0,0,1,4,86040,6,1,0,0,3,0,71,230,0,0,0,1,0,10,2007,10,2007,0,0,0,0,0,1,2,65,1,1,2,1,0,0,1,62,1,1,1,51,0,0
4,40195,2,2,1,23,4,99,99,12,2,1,0,35,1,20,473,20473,30,2008,1GCCS3391881,1,G,C,C,S,3,3,9,1,8,8,1,0,T,CHEV,RDT,CW,8,17,,1,0,1260,CAL,G,,0,0,000000000,00000000000,0,0,0,1,0,0,0,0,0,0,0,65,0,0,0,12,12,6,2,12,0,0,0,1,35,87026,6,1,0,0,3,0,69,200,98,0,0,0,0,0,0,0,0,0,28,0,0,0,1,2,65,1,1,2,1,0,0,1,10,1,1,2,50,1,0
4,40196,1,1,1,24,4,0,55,1,0,1,0,4,1,72,706,72706,80,2005,1HD1GVW155K3,1,H,D,1,G,V,W,1,5,5,K,3,0,M,HD,DCI,RS,5,17,,,,,,,1450,0,0,000000000,00000000000,0,0,0,1,0,0,0,0,0,0,0,45,0,0,0,0,0,6,2,1,0,0,0,1,4,85743,6,1,0,0,2,0,76,240,0,1,1,0,0,7,2009,9,2009,1,0,0,0,0,1,2,35,3,1,8,1,0,0,14,13,1,1,4,1,1,1
4,40197,1,1,1,24,4,13,44,1,0,1,0,6,1,72,706,72706,80,2007,1HD1JD5397Y0,1,H,D,1,J,D,5,3,9,7,Y,0,0,M,HD,FLN,RS,7,17,,,,,,,1584,0,0,000000000,00000000000,0,0,0,1,0,0,0,0,0,0,0,65,0,0,0,0,0,6,2,1,0,0,0,1,6,90631,6,1,6,0,3,0,69,165,2,0,0,0,1,2,2008,2,2009,1,0,0,0,0,2,2,65,2,5,2,1,0,0,14,12,1,1,4,6,1,0
4,40198,1,1,1,25,4,1,55,46,0,1,0,4,2,23,481,23481,31,2002,2GTEC19TX213,2,G,T,E,C,1,9,T,X,2,1,3,0,T,GMC,NC1,4C,2,17,,2,1575,1435,SIE,G,,0,0,000000000,00000000000,0,0,0,1,0,0,0,0,0,0,0,100,0,0,0,12,12,6,2,10,0,0,0,1,4,86035,6,1,0,0,3,0,65,195,0,0,0,0,0,0,0,0,0,1,39,0,0,0,1,4,35,1,1,2,1,65,3,1,90,1,1,1,15,1,1
4,40200,1,1,1,26,4,21,31,1,0,1,0,4,1,72,706,72706,80,2008,1HD1GY4418K3,1,H,D,1,G,Y,4,4,1,8,K,3,0,M,HD,FTB,RS,8,17,,,,,,,1584,0,0,000000000,00000000000,0,0,0,1,0,0,0,0,0,0,0,32,0,0,0,0,0,6,2,1,0,0,0,1,4,86403,6,1,0,0,3,0,69,160,0,0,0,0,0,0,0,0,0,1,48,0,0,0,1,2,25,1,5,2,1,0,0,1,6,1,1,3,98,1,1
4,40201,1,1,1,30,4,12,20,42,0,1,0,4,1,76,706,76706,80,2007,JYAVP20E07A0,J,Y,A,V,P,2,0,E,0,7,A,0,0,M,YAMA,VMX,RS,7,17,,,,,,,1198,0,0,000000000,00000000000,0,0,0,1,0,0,0,0,0,0,0,77,0,0,0,12,0,6,2,1,0,0,0,1,4,86404,6,1,0,0,3,3,72,195,0,0,0,1,0,12,2008,12,2008,1,0,0,0,0,1,2,45,3,5,2,1,0,0,14,13,1,1,4,1,1,1
4,40202,1,2,2,30,4,13,42,12,6,1,0,4,2,7,402,7402,14,2000,1B4HS28N1YF1,1,B,4,H,S,2,8,N,1,Y,F,1,0,P,DODG,DUR,UT,0,17,4462,,0,1159,,G,,0,0,000000000,00000000000,0,0,0,1,0,0,0,0,0,0,0,40,0,1,1,61,0,6,2,1,0,0,0,1,4,85225,6,1,0,0,3,0,64,120,0,1,0,0,1,5,2007,9,2009,0,39,0,0,0,9,9,40,1,1,8,1,3,3,1,17,1,1,1,89,1,0
4,40202,2,2,1,30,4,13,42,12,6,1,0,4,1,35,47,35047,4,2002,1N4BL11D62C1,1,N,4,B,L,1,1,D,6,2,C,1,0,P,NISS,ABE,4D,2,17,3099,,0,1102,,G,,0,0,000000000,00000000000,0,0,0,1,0,0,0,0,0,0,0,15,0,0,0,12,12,6,2,12,0,0,0,1,4,85255,6,1,0,0,3,0,64,145,0,0,0,0,0,0,0,0,0,0,0,0,0,0,9,9,30,1,1,8,1,3,3,1,66,1,1,1,88,0,0
4,40203,1,4,2,10,4,13,21,12,6,1,0,4,1,6,41,6041,4,2000,2C3HD46R7YH2,2,C,3,H,D,4,6,R,7,Y,H,2,0,P,CHRY,CXL,4D,0,17,3402,,0,1130,,G,,0,0,000000000,00000000000,0,0,0,1,0,0,0,0,0,0,0,15,0,0,0,3,3,6,2,12,32,0,0,1,4,86314,6,1,0,0,3,3,69,160,0,0,0,0,0,0,0,0,0,0,38,0,0,0,1,4,45,1,1,2,1,2,3,11,15,1,1,2,68,1,0
4,40203,2,4,2,10,4,13,21,12,6,1,0,4,2,63,401,63401,14,2007,KNDJF7233773,K,N,D,J,F,7,2,3,3,7,7,3,0,P,KIA,SPO,UT,7,17,3351,,0,1035,,G,,0,0,000000000,00000000000,0,0,0,1,0,0,0,0,0,0,0,45,0,0,0,12,12,6,2,12,0,0,0,1,29,64601,6,1,0,0,3,3,66,190,0,0,0,0,0,0,0,0,0,0,0,0,0,0,1,4,45,1,1,2,1,2,3,1,62,3,2,1,69,1,0
4,40203,3,4,1,10,4,13,21,12,6,1,0,4,1,12,442,12442,20,1998,2FMZA5142WBE,2,F,M,Z,A,5,1,4,2,W,B,E,0,T,FORD,WWG,ES,98,17,,1,0,1207,WIN,G,,0,0,000000000,00000000000,0,0,0,1,0,0,0,0,0,0,0,0,0,0,0,62,62,2,3,12,32,0,0,1,4,86333,6,1,0,0,3,0,68,215,0,0,0,0,0,0,0,0,0,0,0,0,0,0,1,3,25,1,1,2,1,2,3,5,67,1,1,1,98,0,0
4,40203,4,4,1,10,4,13,21,12,6,1,0,4,1,20,481,20481,31,1992,1GCEK14Z7NE2,1,G,C,E,K,1,4,Z,7,N,E,2,0,T,CHEV,GK1,PK,92,17,,2,1315,1175,GM4,G,,0,0,000000000,00000000000,0,0,0,1,0,0,0,0,0,0,0,0,0,0,0,12,12,2,1,12,0,0,0,1,4,86327,6,1,0,0,3,3,68,180,0,0,0,0,0,0,0,0,0,0,0,0,0,0,1,3,25,1,1,2,1,2,3,5,67,1,1,1,98,0,0
4,40204,1,15,1,25,3,12,59,12,1,1,0,4,3,51,882,51882,63,1996,4V5DCFBEXTR7,4,V,5,D,C,F,B,E,X,T,R,7,0,T,VOLV,XWX,TL,96,17,,8,0,0,XPD,D,,0,99,999999999,99999999999,3,2,7,1,0,0,0,0,0,0,0,42,0,0,0,12,12,6,2,12,0,0,1,1,4,85258,6,1,6,0,3,0,72,250,1,4,0,0,0,5,2007,3,2010,1,91,0,0,0,2,3,45,1,1,2,1,2,3,1,50,1,1,3,20,0,0
4,40204,2,15,1,25,3,12,59,12,1,1,0,4,1,73,706,73706,80,2002,JKBVNAR172A0,J,K,B,V,N,A,R,1,7,2,A,0,0,M,KAWK,V5R,RS,2,17,,,,,,,1500,0,0,000000000,00000000000,0,0,0,1,0,0,0,0,0,0,0,0,0,0,0,6,6,6,2,12,0,0,0,1,4,85304,6,1,0,0,3,0,73,185,0,0,0,0,0,0,0,0,0,0,0,0,0,0,2,3,45,1,1,2,1,2,3,5,53,1,1,1,21,0,0
4,40204,3,15,1,25,3,12,59,12,1,1,0,4,2,72,706,72706,80,2005,1HD1BMY1X5Y0,1,H,D,1,B,M,Y,1,X,5,Y,0,0,M,HD,FLF,RS,5,17,,,,,,,1450,0,0,000000000,00000000000,0,0,0,1,0,0,0,0,0,0,0,0,0,0,0,6,6,6,2,12,0,0,1,1,4,85383,6,1,0,0,3,3,68,162,0,0,0,0,0,0,0,0,0,0,89,0,0,0,2,3,45,1,1,2,1,2,3,5,53,1,1,1,98,1,0
4,40204,4,15,1,25,3,12,59,12,1,1,0,22,1,72,706,72706,80,2007,1HD1FB4167Y6,1,H,D,1,F,B,4,1,6,7,Y,6,0,M,HD,FHR,RS,7,17,,,,,,,1584,0,0,000000000,00000000000,0,0,0,1,0,0,0,0,0,0,0,0,0,0,0,6,6,6,2,12,0,0,0,1,22,70374,6,1,0,0,3,3,68,250,0,0,0,0,0,0,0,0,0,0,0,0,0,0,2,3,45,1,1,2,1,2,3,5,53,1,1,1,98,1,0
4,40204,5,15,1,25,3,12,59,12,1,1,0,4,1,37,706,37706,80,2002,1HFSC46042A0,1,H,F,S,C,4,6,0,4,2,A,0,0,M,HOND,XT8,RS,2,17,,,,,,,1795,0,0,000000000,00000000000,0,0,0,1,0,0,0,0,0,0,0,0,0,0,0,6,6,6,2,12,0,0,1,1,4,85032,6,1,0,0,3,0,68,170,0,1,0,0,1,2,2008,4,2008,0,89,0,0,0,2,3,45,1,1,2,1,2,2,5,53,1,1,1,98,1,0
4,40204,6,15,1,25,3,12,59,12,1,1,0,4,1,73,706,73706,80,2003,JKBVNCB143B5,J,K,B,V,N,C,B,1,4,3,B,5,0,M,KAWK,V8B,RS,3,17,,,,,,,800,0,0,000000000,00000000000,0,0,0,1,0,0,0,0,0,0,0,0,0,0,0,6,6,6,2,12,0,0,0,1,4,85032,6,1,0,0,3,0,66,128,0,0,0,0,0,0,0,0,0,0,0,0,0,0,2,3,45,1,1,2,1,2,3,5,53,1,1,1,98,1,0
4,40204,7,15,1,25,3,12,59,12,1,1,0,4,1,50,706,50706,80,2009,SMT900K1X9T4,S,M,T,9,0,0,K,1,X,9,T,4,0,M,TRIU,BON,RS,9,17,,,,,,,865,0,0,000000000,00000000000,0,0,0,1,0,0,0,0,0,0,0,0,0,0,0,6,6,6,2,12,0,0,0,1,4,85024,6,1,0,0,3,0,68,145,0,0,0,0,0,0,0,0,0,0,0,0,0,0,2,3,45,1,1,2,1,2,3,5,53,1,1,1,98,0,0
4,40204,8,15,1,25,3,12,59,12,1,1,0,4,1,72,706,72706,80,2006,1HD1CGP106K4,1,H,D,1,C,G,P,1,0,6,K,4,0,M,HD,20C,RS,6,17,,,,,,,1200,0,0,000000000,00000000000,0,0,0,1,0,0,0,0,0,0,0,0,0,0,0,6,6,6,2,12,0,0,0,1,4,85016,6,1,0,0,3,0,68,169,0,0,0,0,0,0,0,0,0,0,0,0,0,0,2,3,45,1,1,2,1,2,3,5,53,1,1,1,98,0,0
4,40204,9,15,1,25,3,12,59,12,1,1,0,19,1,71,706,71706,80,2007,ZDM1RB5T67B0,Z,D,M,1,R,B,5,T,6,7,B,0,0,U,,,,7,17,,,,,,,,0,0,000000000,00000000000,0,0,0,1,0,0,0,0,0,0,0,0,0,0,0,6,6,6,2,12,0,0,0,1,19,52411,6,1,0,0,3,0,70,185,0,0,0,0,0,0,0,0,0,0,0,0,0,0,2,3,45,1,1,2,1,2,3,5,53,1,1,1,98,0,0
4,40204,10,15,1,25,3,12,59,12,1,1,0,26,2,77,706,77706,80,2006,5VPBC26D0630,5,V,P,B,C,2,6,D,0,6,3,0,0,M,VCTY,BC2,RS,6,17,,,,,,,1634,0,0,000000000,00000000000,0,0,0,1,0,0,0,0,0,0,0,0,0,0,0,6,6,6,2,12,0,0,0,1,26,49345,6,1,0,0,3,0,73,230,0,2,0,0,0,6,2007,7,2007,0,0,0,0,0,2,3,45,1,1,2,1,2,3,5,53,1,1,1,98,0,0
4,40204,11,15,1,25,3,12,59,12,1,1,0,4,1,72,706,72706,80,1988,1HD4CAM39JY1,1,H,D,4,C,A,M,3,9,J,Y,1,0,M,HD,XL8,RS,88,17,,,,,,,883,0,0,000000000,00000000000,0,0,0,1,0,0,0,0,0,0,0,0,0,0,0,6,6,2,1,12,0,0,0,1,4,86323,6,1,6,0,2,0,68,180,0,0,0,0,1,9,2009,9,2009,0,0,0,0,0,2,3,45,1,1,2,1,2,3,5,53,1,1,1,98,0,0
4,40204,12,15,2,25,3,12,59,12,1,1,0,4,4,12,402,12402,14,2010,1FMCU9D75AKC,1,F,M,C,U,9,D,7,5,A,K,C,0,P,FORD,SPE,UT,10,17,3504,,0,1031,,G,,0,0,000000000,00000000000,0,0,0,1,0,0,0,0,0,0,0,0,0,0,0,6,99,6,2,12,0,0,0,1,36,12563,6,1,0,0,3,0,66,999,0,0,0,0,0,0,0,0,0,0,0,0,0,0,2,3,45,1,1,2,1,2,3,5,53,1,1,1,98,0,0
4,40204,13,15,1,25,3,12,59,12,1,1,0,4,2,55,35,55035,4,2007,KMHDU46D27U0,K,M,H,D,U,4,6,D,2,7,U,0,0,P,HYUN,GST,4D,7,17,2723,,0,1043,,G,,0,0,000000000,00000000000,0,0,0,1,0,0,0,0,0,0,0,0,0,0,0,6,99,6,2,12,0,0,0,1,4,85374,6,1,0,0,3,0,72,195,0,0,0,0,0,0,0,0,0,0,0,0,0,0,2,3,45,1,1,2,1,2,3,5,50,1,1,1,98,0,0
4,40204,14,15,2,25,3,12,59,12,1,1,0,4,2,49,482,49482,31,2000,5TBRT3417YS0,5,T,B,R,T,3,4,1,7,Y,S,0,0,T,TOYT,TRS,4C,0,17,,2,0,1283,TUN,G,,0,0,000000000,00000000000,0,0,0,1,0,0,0,0,0,0,0,0,0,0,0,6,6,2,1,12,0,0,0,1,4,85028,6,1,0,0,3,0,72,275,0,0,0,0,0,0,0,0,0,0,0,0,0,0,2,3,45,1,1,2,1,2,3,5,50,1,1,1,98,0,0
4,40204,15,15,1,25,3,12,59,12,1,1,0,4,1,12,481,12481,31,2003,1FTNX21P13EB,1,F,T,N,X,2,1,P,1,3,E,B,0,T,FORD,F2S,4C,3,17,,2,1580,1418,SRW,D,,0,0,000000000,00000000000,0,0,0,1,0,0,0,0,0,0,0,0,0,0,0,99,99,2,1,54,0,0,0,1,4,85331,6,1,6,0,3,0,66,185,0,4,0,0,0,11,2007,12,2009,0,0,0,0,0,2,3,45,1,1,2,1,2,3,5,53,1,1,1,98,0,0
4,40205,1,1,1,25,4,18,20,8,0,1,0,4,1,20,481,20481,31,1999,1GCEK19T6XZ1,1,G,C,E,K,1,9,T,6,X,Z,1,0,T,CHEV,SK1,3C,99,17,,2,1575,1435,SIL,G,,0,0,000000000,00000000000,0,0,0,1,0,0,0,0,0,0,0,5,0,0,0,12,12,0,1,8,0,0,0,1,4,85301,6,1,0,0,3,3,65,160,0,0,0,0,0,0,0,0,0,9,0,0,0,0,1,2,25,1,1,8,1,0,0,4,80,1,1,1,13,0,0
4,40206,1,1,3,17,4,1,18,1,0,1,0,4,1,20,37,20037,4,1998,1G1ND52MXW62,1,G,1,N,D,5,2,M,X,W,6,2,0,P,CHEV,MAL,4D,98,17,3100,,0,1070,,G,,0,0,000000000,00000000000,0,0,0,1,0,0,0,0,0,0,0,998,0,2,6,0,0,6,2,3,0,0,0,1,4,85303,6,1,0,0,3,0,67,170,0,0,0,0,0,0,0,0,0,0,0,0,0,0,5,4,50,1,1,2,1,0,0,1,13,3,2,4,2,1,1
4,40207,1,3,1,25,4,0,54,12,1,1,0,4,1,49,43,49043,4,2007,4T1BK36B97U2,4,T,1,B,K,3,6,B,9,7,U,2,0,P,TOYT,UTS,4D,7,17,3495,,0,1071,,G,,0,0,000000000,00000000000,0,0,0,1,0,0,0,0,0,0,0,998,0,0,0,12,12,6,2,12,0,0,0,1,4,85635,6,1,0,0,3,3,76,225,0,0,0,0,0,0,0,0,0,9,0,0,0,0,3,4,65,1,1,2,1,0,0,1,51,3,2,1,24,1,1
4,40207,2,3,2,25,4,0,54,12,1,1,0,6,1,20,850,20850,73,1988,1GBKP37W9J33,1,G,B,K,P,3,7,W,9,J,3,3,5,T,CHEV,P30,MH,88,17,,4,2080,1370,P30,G,,1,0,000000000,00000000000,0,0,0,1,0,0,0,0,0,0,0,998,0,0,0,6,99,4,1,12,0,0,0,1,6,95134,6,1,0,0,3,3,71,280,0,0,0,0,0,0,0,0,0,0,0,0,0,0,3,4,65,1,1,2,1,0,0,1,53,1,1,1,25,0,0
4,40207,3,3,2,25,4,0,54,12,1,1,0,4,1,20,2,20002,4,2005,2G1WF52E5591,2,G,1,W,F,5,2,E,5,5,9,1,0,P,CHEV,IMP,4D,5,17,3389,,0,1105,,G,,0,0,000000000,00000000000,0,0,0,1,0,0,0,0,0,0,0,998,0,0,0,1,1,6,2,12,0,0,0,1,4,85706,6,1,0,0,3,0,69,135,0,0,0,0,0,0,0,0,0,0,0,0,0,0,3,4,65,1,1,2,1,0,0,1,60,1,1,1,98,0,0
4,40208,1,4,1,27,4,6,23,12,1,1,0,4,1,32,43,32043,4,2004,WAULC68E94A2,W,A,U,L,C,6,8,E,9,4,A,2,0,P,AUDI,41Q,4D,4,17,3340,,0,1043,,G,,0,0,000000000,00000000000,0,0,0,1,0,0,0,0,0,0,0,65,0,0,0,12,12,6,2,12,0,0,0,1,4,85251,6,1,0,0,3,0,61,113,0,2,2,0,0,12,2009,3,2010,1,92,0,0,0,6,2,65,1,1,2,1,1,3,1,50,1,1,1,20,0,0
4,40208,2,4,1,27,4,6,23,12,1,1,0,4,1,55,36,55036,3,2007,KMHCN36C17U0,K,M,H,C,N,3,6,C,1,7,U,0,0,P,HYUN,ASE,2H,7,17,2496,,0,984,,G,,0,0,000000000,00000000000,0,0,0,1,0,0,0,0,0,0,0,0,0,0,0,6,99,6,2,14,0,0,0,1,4,85210,6,1,0,0,3,0,62,160,0,0,0,0,0,0,0,0,0,0,0,0,0,0,6,2,65,1,1,2,1,1,3,5,53,1,1,1,21,0,0
4,40208,4,4,1,27,4,6,23,12,1,1,0,4,3,20,881,20881,62,2007,1GBK7C1397F4,1,G,B,K,7,C,1,3,9,7,F,4,0,T,CHEV,C7C,CB,7,17,,6,2960,1400,C75,D,,0,57,0008811,570008811,2,2,3,1,0,0,0,0,0,0,0,65,0,0,0,12,12,2,1,12,0,0,0,1,4,85050,6,1,6,0,3,0,71,160,0,0,0,0,0,0,0,0,0,0,89,0,0,0,3,5,65,1,1,2,1,0,0,1,74,1,1,1,98,0,0
4,40208,5,4,1,27,4,6,23,12,1,1,0,4,2,20,441,20441,20,2003,1GCDM19X33B1,1,G,C,D,M,1,9,X,3,3,B,1,0,T,CHEV,AST,EC,3,17,,1,0,1112,AST,G,,0,0,000000000,00000000000,0,0,0,1,0,0,0,0,0,0,0,65,0,0,0,14,12,2,1,8,0,0,0,1,4,85208,6,1,6,0,3,0,72,275,0,0,0,0,1,8,2008,8,2008,0,0,0,0,0,3,5,65,1,1,2,1,0,0,1,80,1,1,1,98,0,0
4,40209,1,2,2,2,4,13,39,12,6,1,0,4,2,34,34,34034,4,1999,WBAAM5332XFR,W,B,A,A,M,5,3,3,2,X,F,R,0,P,BMW,8IA,4D,99,17,3197,,0,1073,,G,,0,0,000000000,00000000000,0,0,0,1,0,0,0,0,0,0,0,16,0,0,0,2,2,6,2,12,0,0,0,1,4,85027,6,7,0,0,3,0,68,135,0,0,0,0,0,0,0,0,0,0,38,0,0,0,2,3,45,1,1,8,1,2,3,11,15,1,1,2,68,1,0
4,40209,2,2,1,2,4,13,39,12,6,1,0,4,1,7,880,7880,67,2001,1B7MC33611J2,1,B,7,M,C,3,3,6,1,1,J,2,1,T,DODG,Q35,4C,1,17,,3,0,1547,RPC,D,,1,88,888888888,88888888888,2,4,1,1,0,0,0,0,0,0,0,30,0,0,0,12,12,6,2,12,0,0,0,1,4,85032,6,1,0,0,3,3,66,175,0,0,0,0,0,0,0,0,0,0,0,0,0,0,2,3,45,1,1,8,1,2,3,1,62,1,1,1,69,0,0
4,40210,1,1,1,2,4,21,57,8,0,1,0,4,1,59,31,59031,4,2001,JT8BF28G9103,J,T,8,B,F,2,8,G,9,1,0,3,0,P,LEXS,ES3,4D,1,17,3373,,0,1051,,G,,0,0,000000000,00000000000,0,0,0,1,0,0,0,0,0,0,0,35,0,0,0,12,12,6,2,8,0,0,0,1,4,85249,6,1,0,0,3,0,70,250,0,0,0,0,0,0,0,0,0,0,0,0,0,0,2,2,45,1,1,2,1,0,0,17,80,7,1,1,13,0,0
4,40212,1,1,1,8,4,9,15,25,0,1,0,4,3,82,881,82881,62,2007,1FVACWDC57DY,1,F,V,A,C,W,D,C,5,7,D,Y,0,T,FRHT,16M,CC,7,17,,6,0,0,FM2,D,,0,57,430314,57430314,2,1,4,1,0,0,0,0,0,0,0,998,0,0,0,62,99,6,2,2,0,0,1,1,4,85029,6,1,6,0,3,3,65,155,0,2,0,0,0,7,2009,8,2009,0,99,99,99,99,3,4,65,1,1,2,1,0,0,1,12,1,1,4,6,1,0
4,40213,1,2,1,9,4,22,4,12,6,1,0,4,1,72,706,72706,80,1999,1HD1BJL54XY0,1,H,D,1,B,J,L,5,4,X,Y,0,0,M,HD,STC,RS,99,17,,,,,,,1340,0,0,000000000,00000000000,0,0,0,1,0,0,0,0,0,0,0,45,0,0,0,12,12,6,2,12,0,0,0,1,4,85658,6,1,0,0,3,0,72,160,0,0,0,1,1,5,2008,11,2008,1,0,0,0,0,1,4,25,1,1,2,1,2,3,1,62,1,1,1,69,1,1
4,40213,2,2,2,9,4,22,4,12,6,1,0,4,1,7,482,7482,31,2001,3B7KF23621G7,3,B,7,K,F,2,3,6,2,1,G,7,0,T,DODG,Q25,4C,1,17,,2,1547,1387,RPC,D,,0,0,000000000,00000000000,0,0,0,1,0,0,0,0,0,0,0,999,0,0,0,2,2,2,1,12,0,0,0,1,4,85201,6,1,0,0,3,0,67,145,0,0,0,0,0,0,0,0,0,0,38,0,0,0,1,4,25,1,1,2,1,2,3,11,15,1,1,2,68,0,0
4,40214,1,1,1,9,4,23,35,8,0,1,0,4,2,19,17,19017,4,1998,W06VR52R2WR1,W,0,6,V,R,5,2,R,2,W,R,1,0,P,CADI,CTR,4D,98,17,3658,,0,1074,,G,,0,0,000000000,00000000000,0,0,0,1,0,0,0,0,0,0,0,28,0,0,0,12,12,2,1,8,0,0,0,1,4,85051,6,1,0,0,3,1,66,130,0,0,0,0,0,0,0,0,0,0,0,0,0,0,1,2,30,1,1,8,1,0,0,1,80,8,1,1,13,0,0
4,40215,1,1,2,10,4,3,47,8,0,1,0,56,2,20,2,20002,4,2007,2G1WT58N2792,2,G,1,W,T,5,8,N,2,7,9,2,0,P,CHEV,IMT,4D,7,17,3674,,0,1105,,G,,0,0,000000000,00000000000,0,0,0,1,0,0,0,0,0,0,0,75,0,0,0,12,12,6,2,8,0,0,0,1,56,82941,6,1,0,0,3,0,66,150,0,0,0,0,0,0,0,0,0,1,0,0,0,0,1,2,65,1,6,2,1,0,0,1,80,1,1,1,13,0,0
4,40216,1,1,1,10,4,3,54,1,0,1,0,4,1,12,401,12401,14,1998,1FMZU34E0WUA,1,F,M,Z,U,3,4,E,0,W,U,A,0,P,FORD,EPR,UT,98,17,4146,,0,1115,,G,,0,0,000000000,00000000000,0,0,0,1,0,0,0,0,0,0,0,998,0,1,4,0,0,6,2,1,0,0,0,1,4,85087,6,1,0,0,3,3,69,150,0,0,0,0,0,0,0,0,0,0,99,99,99,99,6,1,65,2,1,1,1,0,0,14,12,1,1,4,6,1,1
4,40217,1,1,1,11,4,23,4,8,0,1,0,4,1,35,473,35473,31,2005,1N6AA06A45N5,1,N,6,A,A,0,6,A,4,5,N,5,0,T,NISS,TXS,PC,5,17,,2,0,1398,TTN,G,,0,0,000000000,00000000000,0,0,0,1,0,0,0,0,0,0,0,36,0,0,0,12,12,2,1,8,0,0,0,1,4,85259,6,1,0,0,3,0,73,135,0,0,0,1,0,2,2008,2,2008,0,0,0,0,0,2,3,35,1,1,8,1,0,0,1,80,1,1,1,13,0,0
4,40218,1,1,1,12,4,19,47,1,0,1,0,4,1,22,18,22018,4,2000,1G2NW52EXYC5,1,G,2,N,W,5,2,E,X,Y,C,5,0,P,PONT,GAG,4D,0,17,3168,,0,1070,,G,,0,0,000000000,00000000000,0,0,0,1,0,0,0,0,0,0,0,50,0,1,5,0,99,6,2,1,0,0,0,1,4,85194,6,1,0,0,3,0,61,150,0,0,0,1,0,11,2007,11,2007,1,39,0,0,0,1,2,45,1,1,8,1,0,0,1,6,1,4,4,7,1,0
4,40219,1,2,2,13,4,16,0,12,1,1,0,4,3,20,441,20441,20,2004,1GNEL19X34B1,1,G,N,E,L,1,9,X,3,4,B,1,0,T,CHEV,AST,ES,4,17,,2,0,1112,AST,G,,0,0,000000000,00000000000,0,0,0,1,0,0,0,0,0,1,0,998,0,1,5,6,99,6,2,12,0,0,0,1,4,85616,6,1,0,0,3,0,71,385,0,0,0,0,0,0,0,0,0,0,84,0,0,0,2,2,75,1,1,2,1,0,0,15,11,1,1,2,25,1,0
4,40219,2,2,2,13,4,16,0,12,1,1,0,29,3,87,881,87881,66,2003,1XP5DB9X23D8,1,X,P,5,D,B,9,X,2,3,D,8,1,T,PTRB,379,DS,3,17,,8,0,0,CON,D,,1,57,0382936,570382936,3,6,3,1,0,0,0,0,0,0,0,998,0,0,0,12,12,4,1,12,0,0,0,1,29,65631,6,1,6,0,3,0,74,275,0,0,0,0,0,0,0,0,0,0,84,0,0,0,2,2,75,1,1,2,1,0,0,1,60,3,2,1,24,0,0