STATE,ST_CASE,VEH_NO,VE_FORMS,NUMOCCS,DAY,MONTH,HOUR,MINUTE,HARM_EV,MAN_COLL,UNITTYPE,HIT_RUN,REG_STAT,OWNER,MAKE,MODEL,MAK_MOD,BODY_TYP,MOD_YEAR,VIN,VIN_1,VIN_2,VIN_3,VIN_4,VIN_5,VIN_6,VIN_7,VIN_8,VIN_9,VIN_10,VIN_11,VIN_12,TOW_VEH,VINTYPE,VINMAKE,VINA_MOD,VIN_BT,VINMODYR,VIN_LNGT,VIN_WGT,WGTCD_TR,WHLBS_LG,WHLBS_SH,SER_TR,FUELCODE,MCYCL_DS,J_KNIFE,MCARR_I1,MCARR_I2,MCARR_ID,GVWR,V_CONFIG,CARGO_BT,HAZ_INV,HAZ_PLAC,HAZ_ID,HAZ_CNO,HAZ_REL,BUS_USE,SPEC_USE,EMER_USE,TRAV_SP,UNDERIDE,ROLLOVER,ROLINLOC,IMPACT1,IMPACT2,DEFORMED,TOWED,M_HARM,VEH_SC1,VEH_SC2,FIRE_EXP,DR_PRES,L_STATE,DR_ZIP,L_STATUS,L_TYPE,CDL_STAT,L_ENDORS,L_COMPL,L_RESTRI,DR_HGT,DR_WGT,PREV_ACC,PREV_SUS,PREV_DWI,PREV_SPD,PREV_OTH,FIRST_MO,FIRST_YR,LAST_MO,LAST_YR,SPEEDREL,DR_SF1,DR_SF2,DR_SF3,DR_SF4,VTRAFWAY,VNUM_LAN,VSPD_LIM,VALIGN,VPROFILE,VPAVETYP,VSURCOND,VTRAFCON,VTCONT_F,P_CRASH1,P_CRASH2,P_CRASH3,PCRASH4,PCRASH5,ACC_TYPE,DEATHS,DR_DRINK
4,40221,1,1,3,18,4,21,49,8,0,1,0,4,1,41,37,41037,4,1997,1YVGE22C1V56,1,Y,V,G,E,2,2,C,1,V,5,6,0,P,MAZD,UDL,4D,97,17,2749,,0,1028,,G,,0,0,000000000,00000000000,0,0,0,1,0,0,0,0,0,0,0,42,0,0,0,12,12,6,2,8,0,0,0,1,4,85345,6,1,0,0,3,3,61,160,0,0,0,0,0,0,0,0,0,0,0,0,0,0,5,4,40,1,1,2,1,0,0,1,80,1,1,1,13,0,0
4,40222,1,1,1,18,4,99,99,8,0,1,0,99,9,99,999,99999,99,9999,999999999999,9,9,9,9,9,9,9,9,9,9,9,9,0,U,,,,9,17,,,,,,,,0,0,000000000,00000000000,0,0,0,1,0,0,0,0,0,0,0,999,0,0,0,12,12,9,9,8,0,0,0,1,99,99999,9,9,99,9,9,9,999,999,99,99,99,99,99,99,9999,99,9999,9,99,99,99,99,9,9,99,9,9,2,99,0,0,99,80,99,9,9,13,0,0
4,40223,1,2,2,21,4,11,28,12,6,1,0,4,2,49,442,49442,20,2005,5TDZA22C65S2,5,T,D,Z,A,2,2,C,6,5,S,2,0,P,TOYT,SIE,SV,5,17,4165,,0,1193,,G,,0,0,000000000,00000000000,0,0,0,1,0,0,0,0,0,0,0,10,0,0,0,1,1,6,2,12,32,0,0,1,4,85226,6,1,0,0,3,3,69,155,0,0,0,0,0,0,0,0,0,0,92,0,0,0,2,2,40,1,1,2,1,2,3,11,15,1,1,2,68,1,0
4,40223,2,2,1,21,4,11,28,12,6,1,0,4,3,89,881,89881,66,1993,4V1VBBRF8PN6,4,V,1,V,B,B,R,F,8,P,N,6,1,T,WHGM,WCA,DS,93,17,,8,0,0,ARO,D,,1,88,888888888,88888888888,3,6,1,1,0,0,0,0,0,0,0,40,0,0,0,12,12,6,2,2,0,0,1,1,4,85335,6,1,6,0,3,3,72,290,0,0,0,1,0,10,2009,10,2009,0,0,0,0,0,2,2,40,1,1,2,1,2,3,1,62,1,1,1,69,0,0
4,40224,1,2,1,21,4,15,26,12,2,1,0,4,2,55,33,55033,4,2001,KMHWF35V61A4,K,M,H,W,F,3,5,V,6,1,A,4,0,P,HYUN,SGL,4D,1,17,3069,,0,1063,,G,,0,0,000000000,00000000000,0,0,0,1,0,0,0,0,0,0,0,60,0,0,0,12,12,6,2,12,0,0,0,1,4,85550,0,0,0,0,0,0,68,180,0,0,0,0,0,0,0,0,0,1,28,0,0,0,5,4,45,1,1,2,1,0,0,1,10,1,1,2,50,1,1
4,40224,2,2,1,21,4,15,26,12,2,1,0,35,4,12,461,12461,21,2009,1GCFG15X1911,1,G,C,F,G,1,5,X,1,9,1,1,0,T,CHEV,E15,CG,9,17,,2,0,1350,EXP,G,,0,0,000000000,00000000000,0,0,0,1,0,0,0,0,0,0,0,45,0,0,0,12,12,6,2,12,0,0,0,1,4,85501,6,1,0,0,3,0,71,215,0,0,0,0,0,0,0,0,0,0,0,0,0,0,5,4,45,1,1,2,1,0,0,1,62,1,1,1,51,0,0
4,40225,1,2,2,23,4,12,53,12,6,1,0,4,2,20,22,20022,2,2007,1G1AM15B3771,1,G,1,A,M,1,5,B,3,7,7,1,0,P,CHEV,BSS,CP,7,17,2815,,0,1033,,G,,0,0,000000000,00000000000,0,0,0,1,0,0,0,0,0,0,0,85,0,0,0,82,82,6,2,12,0,0,0,1,4,85032,6,1,0,0,3,0,72,160,0,0,0,0,0,0,0,0,0,1,28,58,0,0,1,2,45,2,5,2,1,28,3,15,54,6,3,2,66,1,0
4,40225,2,2,1,23,4,12,53,12,6,1,0,4,3,35,47,35047,4,2009,1N4AL21E49N4,1,N,4,A,L,2,1,E,4,9,N,4,0,P,NISS,ATS,4D,9,17,3179,,0,1093,,G,,0,0,000000000,00000000000,0,0,0,1,0,0,0,0,0,0,0,45,0,0,0,12,12,6,2,12,0,0,0,1,4,85085,6,1,0,0,3,3,73,150,0,0,0,0,0,0,0,0,0,0,0,0,0,0,1,2,45,3,6,2,1,28,3,14,62,1,1,1,66,0,0
4,40226,1,1,1,23,4,16,47,35,0,1,0,4,2,20,19,20019,4,1996,1G1LD55M1TY1,1,G,1,L,D,5,5,M,1,T,Y,1,0,P,CHEV,CSA,4D,96,17,2745,,0,1034,,G,,0,0,000000000,00000000000,0,0,0,1,0,0,0,0,0,0,0,55,0,1,5,12,99,6,2,1,0,0,0,1,4,86054,1,1,0,0,2,0,69,170,0,0,0,0,0,0,0,0,0,1,37,0,0,0,1,2,55,2,1,2,2,0,0,14,6,7,3,4,7,1,1
4,40227,1,1,2,24,4,99,99,1,0,1,0,99,9,99,999,99999,99,9999,999999999999,9,9,9,9,9,9,9,9,9,9,9,9,0,U,,,,9,17,,,,,,,,0,0,000000000,00000000000,0,0,0,1,0,0,0,0,0,0,0,999,0,9,9,0,0,9,9,1,0,0,0,1,99,99999,9,9,99,9,9,9,999,999,99,99,99,99,99,99,9999,99,9999,9,99,99,99,99,9,9,99,9,9,9,99,0,0,99,99,99,9,9,98,1,0
4,40228,1,1,1,26,4,20,23,8,0,1,0,4,1,7,472,7472,30,2006,1D7HE42NX6S6,1,D,7,H,E,4,2,N,X,6,S,6,0,T,DODG,DSL,PC,6,17,,2,0,1309,DAK,G,,0,0,000000000,00000000000,0,0,0,1,0,0,0,0,0,0,0,41,0,0,0,12,12,6,2,8,0,0,0,1,4,85022,6,1,0,0,3,3,71,155,0,0,0,0,0,0,0,0,0,0,0,0,0,0,2,3,40,2,1,2,1,0,0,14,80,2,1,1,13,0,0
4,40229,1,2,1,27,4,22,25,12,6,1,0,4,1,59,32,59032,4,2003,JTHBN30F9301,J,T,H,B,N,3,0,F,9,3,0,1,0,P,LEXS,L43,4D,3,17,3955,,0,1152,,G,,0,0,000000000,00000000000,0,0,0,1,0,0,0,0,0,0,0,42,0,0,0,12,12,6,2,12,0,0,0,1,4,85262,6,1,0,0,3,0,65,128,0,0,0,0,0,0,0,0,0,1,39,0,0,0,1,2,30,1,1,8,1,2,3,1,17,6,1,3,88,0,0
4,40229,2,2,1,27,4,22,25,12,6,1,0,4,3,12,471,12471,30,2006,1FTYR10U86PA,1,F,T,Y,R,1,0,U,8,6,P,A,0,T,FORD,RNG,PK,6,17,,1,1180,1120,RNG,G,,0,0,000000000,00000000000,0,0,0,1,0,0,0,0,0,0,0,33,0,1,1,11,11,6,2,12,0,0,0,1,4,85015,6,1,6,0,3,3,61,100,0,1,0,1,2,5,2007,2,2010,0,0,0,0,0,1,4,30,1,1,8,1,2,3,1,66,7,1,3,89,1,0
4,40230,1,1,1,19,1,23,15,8,0,1,0,99,9,99,999,99999,99,9999,999999999999,9,9,9,9,9,9,9,9,9,9,9,9,0,U,,,,9,17,,,,,,,,0,0,000000000,00000000000,0,0,0,1,0,0,0,0,0,0,0,999,0,0,0,12,12,9,9,8,0,0,0,1,99,99999,9,9,99,9,9,9,999,999,99,99,99,99,99,99,9999,99,9999,9,99,99,99,99,9,9,99,9,9,9,3,0,0,99,80,99,9,9,13,0,0
4,40231,1,1,1,9,4,23,31,8,0,1,0,99,9,99,999,99999,99,9999,999999999999,9,9,9,9,9,9,9,9,9,9,9,9,0,U,,,,9,17,,,,,,,,0,0,000000000,00000000000,0,0,0,1,0,0,0,0,0,0,0,999,0,0,0,12,12,9,9,8,0,0,0,1,99,99999,9,9,99,9,9,9,999,999,99,99,99,99,99,99,9999,99,9999,9,99,99,99,99,9,9,99,9,9,9,99,0,0,99,82,99,9,9,13,0,0
4,40232,1,1,2,23,4,13,36,1,0,1,0,4,1,7,25,7025,5,2007,1B3HB48B27D2,1,B,3,H,B,4,8,B,2,7,D,2,0,P,DODG,CXT,4D,7,17,3038,,0,1037,,G,,0,0,000000000,00000000000,0,0,0,1,0,0,0,0,0,0,0,999,0,1,1,0,0,6,2,1,0,0,0,1,4,86538,6,1,0,0,3,3,62,160,0,0,0,0,0,0,0,0,0,1,82,80,0,0,1,2,99,1,1,5,1,0,0,1,5,8,4,3,98,1,0
4,40233,1,1,2,1,5,3,5,25,0,1,0,4,2,12,3,12003,1,2007,1ZVFT84N1752,1,Z,V,F,T,8,4,N,1,7,5,2,0,P,FORD,MUS,CV,7,17,3352,,0,1071,,G,,0,0,000000000,00000000000,0,0,0,1,0,0,0,0,0,0,0,89,0,0,0,12,11,6,2,25,0,0,0,1,4,85253,6,1,0,0,3,3,64,112,0,0,0,0,0,0,0,0,0,1,0,0,0,0,1,5,45,1,6,8,1,2,3,1,13,1,1,4,1,1,1
4,40234,1,1,1,1,5,16,11,34,0,1,0,4,1,76,704,76704,80,2008,JYACJ13Y28A0,J,Y,A,C,J,1,3,Y,2,8,A,0,0,M,YAMA,W45,TL,8,17,,,,,,,449,0,0,000000000,00000000000,0,0,0,1,0,0,0,0,0,0,0,998,0,0,0,12,12,6,2,34,0,0,0,1,4,85382,6,1,0,0,3,0,70,205,0,0,0,0,0,0,0,0,0,1,0,0,0,0,1,2,99,3,3,5,1,0,0,14,13,1,1,4,1,1,1
4,40235,1,3,1,2,5,12,44,25,0,1,0,4,1,24,3,24003,6,2000,1G8ZN8273YZ2,1,G,8,Z,N,8,2,7,3,Y,Z,2,0,P,STRN,SW2,SW,0,17,2479,,0,1024,,G,,0,0,000000000,00000000000,0,0,0,1,0,0,0,0,0,0,0,998,0,0,0,83,99,6,2,12,0,0,0,1,4,85653,6,1,0,0,3,0,65,190,0,0,0,0,0,0,0,0,0,1,84,81,0,0,3,2,55,1,1,2,1,0,0,15,90,6,4,4,8,1,0
4,40235,2,3,2,2,5,12,44,25,0,1,0,6,3,51,881,51881,66,2001,4V4NC9RH51N2,4,V,4,N,C,9,R,H,5,1,N,2,1,T,VOLV,VNL,DS,1,17,,8,0,0,VVN,D,,1,57,1315063,571315063,3,6,1,1,0,0,0,0,0,0,0,998,0,0,0,12,12,6,2,12,0,0,0,1,6,92154,6,1,6,0,3,0,63,145,0,0,0,0,0,0,0,0,0,0,0,0,0,0,2,2,55,1,1,2,1,0,0,1,61,4,1,1,98,0,0
4,40235,3,3,2,2,5,12,44,25,0,1,0,17,1,49,482,49482,31,2007,5TBDV58127S4,5,T,B,D,V,5,8,1,2,7,S,4,0,T,TOYT,CRX,CW,7,17,,2,0,1457,TUN,G,,0,0,000000000,00000000000,0,0,0,1,0,0,0,0,0,0,0,998,0,0,0,12,12,2,1,12,0,0,0,1,4,85250,6,1,0,0,3,0,72,240,0,0,0,2,0,9,2008,9,2009,0,0,0,0,0,2,2,55,1,1,2,1,0,0,1,50,4,1,1,98,0,0
4,40236,1,1,2,3,5,11,14,1,0,1,0,4,9,35,401,35401,14,1994,JN8HD17Y1RW2,J,N,8,H,D,1,7,Y,1,R,W,2,0,P,NISS,PFI,UT,94,17,3772,,0,1043,,G,,0,0,000000000,00000000000,0,0,0,1,0,0,0,0,0,0,0,65,0,1,1,0,0,6,2,1,0,0,0,1,99,99999,9,9,99,0,9,9,999,999,99,99,99,99,99,99,9999,99,9999,1,84,0,0,0,1,2,55,1,1,2,1,0,0,1,52,6,7,6,98,2,0
4,40237,1,1,1,3,5,15,7,42,0,1,0,6,1,37,32,37032,4,1998,1HGCG5644WA0,1,H,G,C,G,5,6,4,4,W,A,0,0,P,HOND,ULX,4D,98,17,2952,,0,1069,,G,,0,0,000000000,00000000000,0,0,0,1,0,0,0,0,0,0,0,998,0,1,5,99,99,6,2,1,0,0,0,1,6,91801,3,1,0,0,2,0,72,190,0,0,0,0,0,0,0,0,0,9,0,0,0,0,2,2,75,1,1,2,1,0,0,1,10,1,1,4,6,1,0
4,40238,1,1,1,4,5,7,54,52,0,1,0,4,1,35,401,35401,14,1993,JN8HD17S2PW1,J,N,8,H,D,1,7,S,2,P,W,1,0,P,NISS,PFI,UT,93,17,3582,,0,1043,,G,,0,0,000000000,00000000000,0,0,0,1,0,0,0,0,0,0,0,998,0,1,5,12,12,6,2,1,0,0,0,1,6,91730,6,1,0,0,3,0,67,165,0,0,0,0,0,0,0,0,0,0,51,0,0,0,1,2,65,1,1,2,1,0,0,1,54,7,1,4,8,1,0
4,40239,1,1,1,4,5,20,27,9,0,1,0,4,2,49,32,49032,4,1991,1NXAE94AXMZ1,1,N,X,A,E,9,4,A,X,M,Z,1,0,P,TOYT,CDF,4D,91,17,2394,,0,957,,G,,0,0,000000000,00000000000,0,0,0,1,0,0,0,0,0,0,0,40,0,0,0,12,12,6,2,9,0,0,0,1,4,85203,6,1,0,0,3,0,67,115,0,0,0,0,0,0,0,0,0,0,0,0,0,0,2,3,40,1,1,2,1,0,0,1,83,4,1,1,13,0,0
4,40240,1,1,1,4,5,21,32,8,0,1,0,4,1,35,39,35039,4,2001,JN1CA31D71T8,J,N,1,C,A,3,1,D,7,1,T,8,0,P,NISS,M20,4D,1,17,3071,,0,1083,,G,,0,0,000000000,00000000000,0,0,0,1,0,0,0,0,0,0,0,41,0,0,0,12,12,2,3,8,0,0,0,1,4,85354,6,1,0,0,3,3,62,150,0,0,0,0,0,0,0,0,0,0,89,0,0,0,1,2,50,1,1,2,1,0,0,1,80,1,1,1,13,0,0
4,40241,1,1,1,5,5,14,18,33,0,1,0,4,1,12,471,12471,30,1994,1FTCR10A6RPA,1,F,T,C,R,1,0,A,6,R,P,A,0,T,FORD,RNG,PK,94,17,,1,1140,1080,RNG,G,,0,0,000000000,00000000000,0,0,0,1,0,0,0,0,0,0,0,50,0,1,5,14,0,6,2,1,0,0,0,1,4,86404,6,1,0,0,3,0,64,130,0,0,0,2,0,11,2009,4,2010,1,0,0,0,0,1,2,25,2,1,8,1,40,3,14,6,7,3,4,2,1,0
4,40242,1,2,2,6,5,12,10,12,1,1,0,48,1,76,706,76706,80,2006,JYARN15E56A0,J,Y,A,R,N,1,5,E,5,6,A,0,0,M,YAMA,YFR,RS,6,17,,,,,,,998,0,0,000000000,00000000000,0,0,0,1,0,0,0,0,0,0,0,90,0,0,0,12,12,6,2,12,0,0,0,1,48,85086,6,1,0,0,3,0,999,999,0,3,0,0,0,5,2007,9,2008,1,99,99,99,99,3,4,65,1,6,2,1,0,0,1,51,1,1,1,24,1,1
4,40242,2,2,2,6,5,12,10,12,1,1,0,30,2,20,37,20037,4,2003,1G1ND52J73M5,1,G,1,N,D,5,2,J,7,3,M,5,0,P,CHEV,MAL,4D,3,17,3106,,0,1070,,G,,0,0,000000000,00000000000,0,0,0,1,0,0,0,0,0,0,0,70,0,0,0,6,6,6,2,12,0,0,0,1,30,59487,6,1,0,0,3,3,63,170,98,0,0,0,0,0,0,0,0,0,0,0,0,0,3,4,65,1,6,2,1,0,0,1,53,1,1,1,25,0,0
4,40243,1,4,1,6,5,22,49,12,8,1,0,35,1,20,481,20481,31,2000,2GCEK19TXY13,2,G,C,E,K,1,9,T,X,Y,1,3,0,T,CHEV,SK1,PC,0,17,,2,1575,1435,SIL,G,,0,0,000000000,00000000000,0,0,0,1,0,0,0,0,0,0,0,75,0,0,0,1,12,6,2,12,0,0,0,1,4,85033,6,1,0,0,3,3,64,200,0,0,0,0,0,0,0,0,0,0,89,51,0,0,2,2,75,1,1,2,1,0,0,1,54,1,1,1,64,1,1
4,40243,2,4,6,6,5,22,49,12,8,1,0,4,3,23,461,23461,21,2007,1GJHG39UX711,1,G,J,H,G,3,9,U,X,7,1,1,0,T,GMC,SA3,ES,7,17,,2,0,1550,SAV,G,,0,0,000000000,00000000000,0,0,0,1,0,0,0,0,0,0,0,75,0,0,0,1,1,6,2,12,0,0,0,1,4,86004,6,1,0,0,3,0,69,230,0,0,0,0,0,0,0,0,0,0,0,0,0,0,2,2,75,1,1,2,1,0,0,1,54,6,1,1,65,0,0
4,40243,3,4,1,6,5,22,49,12,8,1,0,48,3,85,881,85881,66,2007,1XKTDU9XX7J1,1,X,K,T,D,U,9,X,X,7,J,1,1,T,KW,T20,DS,7,17,,8,2600,1900,CON,D,,1,57,79466,5779466,3,6,1,1,0,0,0,0,0,0,0,60,0,0,0,12,12,6,2,12,0,0,1,1,48,76065,6,1,6,0,3,0,999,999,0,0,0,0,0,0,0,0,0,0,0,0,0,0,2,2,75,1,1,2,1,0,0,1,62,1,1,1,98,0,0
4,40243,4,4,1,6,5,22,49,12,8,1,0,94,3,20,473,20473,30,2009,1GNDT33S1921,1,G,N,D,T,3,3,S,1,9,2,1,0,P,CHEV,TRL,UT,9,17,4523,,0,1130,,G,,0,0,000000000,00000000000,0,0,0,1,0,0,0,0,0,0,0,70,0,0,0,12,12,2,1,54,0,0,0,1,4,86001,6,1,0,0,3,0,68,175,0,0,0,0,0,0,0,0,0,0,0,0,0,0,2,2,75,1,1,2,1,0,0,1,98,1,1,1,98,0,0
4,40244,1,4,2,7,5,0,53,12,1,1,0,42,3,82,883,82883,66,2003,1FUJAPCK33LL,1,F,U,J,A,P,C,K,3,3,L,L,1,T,FRHT,FL3,DS,3,17,,8,0,0,CON,D,,1,57,1868141,571868141,3,6,1,1,0,0,0,0,0,0,0,75,0,0,0,12,12,6,2,12,0,0,0,1,6,93291,6,1,6,0,3,0,67,160,0,0,0,0,0,0,0,0,0,1,0,0,0,0,2,2,75,1,1,2,1,40,3,1,50,1,1,1,20,1,0
4,40244,2,4,1,7,5,0,53,12,1,1,0,6,3,87,881,87881,66,2009,1XPVDU9X29D7,1,X,P,V,D,U,9,X,2,9,D,7,1,T,PTRB,384,DS,9,17,,8,0,0,CON,D,,1,57,1806996,571806996,3,6,1,1,0,0,0,0,0,0,0,0,0,0,0,6,6,6,2,12,0,0,0,1,6,91764,6,1,6,0,3,3,73,245,0,0,0,0,1,2,2010,2,2010,0,0,0,0,0,2,2,75,1,1,2,1,40,3,5,53,1,1,1,21,0,0
4,40244,3,4,1,7,5,0,53,12,1,1,0,48,3,87,881,87881,66,2007,1XP5DB9X97D7,1,X,P,5,D,B,9,X,9,7,D,7,1,T,PTRB,379,DS,7,17,,8,0,0,CON,D,,1,57,1462205,571462205,3,6,1,1,0,0,0,0,0,0,0,0,0,0,0,6,6,6,2,12,0,0,0,1,96,0,9,9,99,9,9,9,999,999,99,99,99,99,99,99,9999,99,9999,0,0,0,0,0,2,2,75,1,1,2,1,40,3,5,61,1,1,1,98,0,0
4,40244,4,4,2,7,5,0,53,12,1,1,0,48,1,18,2,18002,4,1999,1G4HP52K1XH4,1,G,4,H,P,5,2,K,1,X,H,4,0,P,BUIC,LCF,4D,99,17,3443,,0,1108,,G,,0,0,000000000,00000000000,0,0,0,1,0,0,0,0,0,0,0,0,0,0,0,62,62,6,2,12,0,0,0,1,48,75156,6,1,0,0,3,0,999,999,0,0,0,0,0,0,0,0,0,0,0,0,0,0,2,2,75,1,1,2,1,40,3,5,61,1,1,1,98,0,0
4,40245,1,1,2,7,5,3,47,17,0,1,0,4,2,20,481,20481,31,2007,2GCEK13Z7711,2,G,C,E,K,1,3,Z,7,7,1,1,0,T,CHEV,1KW,CW,7,17,,2,0,1435,SIL,F,,0,0,000000000,00000000000,0,0,0,1,0,0,0,0,0,0,0,55,0,1,1,14,99,6,2,35,0,0,0,1,4,85623,6,1,0,0,3,3,71,200,0,0,0,1,0,4,2009,4,2009,0,0,0,0,0,1,3,55,1,1,2,1,0,0,1,13,1,1,4,1,1,1
4,40246,1,1,1,7,5,14,26,8,0,1,0,4,2,3,431,3431,16,2008,5GTEN13E3881,5,G,T,E,N,1,3,E,3,8,8,1,0,T,HUMM,HH3,4W,8,17,,2,0,1119,HUM,G,,0,0,000000000,00000000000,0,0,0,1,0,0,0,0,0,0,0,23,0,0,0,12,12,2,1,8,0,0,0,1,4,86403,6,1,0,0,3,0,68,130,0,0,0,0,0,0,0,0,0,0,0,0,0,0,1,2,25,1,5,2,1,0,0,1,80,7,1,1,13,0,0
4,40247,1,1,2,7,5,14,50,6,0,1,0,6,1,98,850,98850,73,2000,1RF120510Y20,1,R,F,1,2,0,5,1,0,Y,2,0,5,U,,,,0,17,,,,,,,,1,0,000000000,00000000000,0,0,0,1,0,0,0,0,0,0,0,65,0,0,0,0,0,6,2,6,0,0,0,1,6,93638,6,1,0,0,3,3,70,225,0,0,0,0,0,0,0,0,0,0,80,0,0,0,2,2,75,1,1,2,1,0,0,1,98,1,1,1,0,1,0
4,40248,1,1,1,7,5,18,50,38,0,1,0,4,2,14,443,14443,20,1998,4M2ZV1119WDJ,4,M,2,Z,V,1,1,1,9,W,D,J,0,P,MERC,VLR,SV,98,17,3979,,0,1122,,G,,0,0,000000000,00000000000,0,0,0,1,0,0,0,0,0,0,0,998,0,1,5,12,99,6,2,1,0,0,0,1,4,85607,6,1,0,0,3,0,62,110,0,0,0,0,0,0,0,0,0,9,99,99,99,99,1,2,55,2,1,2,1,0,0,14,9,7,3,4,2,1,0
4,40249,1,1,4,7,5,22,17,5,0,1,0,4,3,98,998,98998,97,2002,ZG021313346,Z,G,0,2,1,3,1,3,3,4,6,,0,P,,,,,,,,,,,,,0,0,000000000,00000000000,0,0,0,1,0,0,0,0,0,0,0,10,0,0,0,0,0,0,1,5,0,0,0,1,4,85310,0,0,0,0,0,0,999,999,0,0,0,0,0,0,0,0,0,9,21,52,0,0,1,2,25,1,1,2,1,21,3,11,98,1,1,7,0,1,0
4,40250,1,1,2,8,5,8,35,1,0,1,0,4,1,12,481,12481,31,1999,1FTZF1722XKA,1,F,T,Z,F,1,7,2,2,X,K,A,0,T,FORD,F15,PK,99,17,,1,1385,1199,COF,G,,0,0,000000000,00000000000,0,0,0,1,0,0,0,0,0,0,0,65,0,1,5,0,0,6,2,1,0,0,0,1,4,85239,6,1,0,0,3,3,68,210,0,0,0,0,0,0,0,0,0,0,27,84,0,0,2,2,65,1,6,2,1,0,0,15,8,6,3,4,2,2,1
4,40251,1,1,1,8,5,15,40,33,0,1,0,4,1,20,398,20398,2,1955,A55L020038,A,5,5,L,0,2,0,0,3,8,,,0,P,,,,,,,,,,,,,0,0,000000000,00000000000,0,0,0,1,0,0,0,0,0,0,0,65,0,1,3,14,0,6,2,1,35,0,0,1,4,85735,6,1,0,0,3,3,65,190,0,0,0,0,0,0,0,0,0,0,38,48,0,0,2,3,40,1,1,8,1,0,0,11,8,6,4,7,7,1,0
4,40252,1,1,2,8,5,20,36,1,0,1,0,4,1,72,706,72706,80,2002,1HD1DJV162Y6,1,H,D,1,D,J,V,1,6,2,Y,6,0,M,HD,FHC,RS,2,17,,,,,,,1450,0,0,000000000,00000000000,0,0,0,1,0,0,0,0,0,0,0,50,0,0,0,0,0,4,3,1,0,0,0,1,4,85710,6,1,0,0,3,0,70,185,0,2,0,0,1,6,2008,8,2008,1,84,0,0,0,2,2,50,2,5,2,1,0,0,14,66,3,2,1,98,1,0
4,40253,1,2,2,8,5,23,33,12,6,1,0,4,1,20,16,20016,4,2004,1G1JH52F6471,1,G,1,J,H,5,2,F,6,4,7,1,0,P,CHEV,CLP,4D,4,17,2808,,0,1041,,G,,0,0,000000000,00000000000,0,0,0,1,0,0,0,0,0,0,0,10,0,0,0,83,83,6,2,12,0,0,0,1,4,85219,6,1,0,0,3,0,64,150,0,0,0,0,0,0,0,0,0,0,38,0,0,0,8,8,45,1,1,8,1,3,3,11,15,1,1,1,68,1,0
4,40253,2,2,1,8,5,23,33,12,6,1,0,4,3,12,16,12016,4,2008,2FAFP71VX8X1,2,F,A,F,P,7,1,V,X,8,X,1,0,P,FORD,CVP,4D,8,17,0,,0,1146,,F,,0,0,000000000,00000000000,0,0,0,1,0,0,0,0,0,0,0,55,0,0,0,12,12,6,2,12,0,0,0,1,4,99999,9,9,99,0,9,9,999,999,99,99,99,99,99,99,9999,99,9999,0,16,0,0,0,8,8,45,1,1,8,1,3,3,1,62,1,1,1,69,0,0
4,40254,1,1,2,9,5,1,15,59,0,1,0,4,1,72,706,72706,80,2005,1HD1FFW125Y6,1,H,D,1,F,F,W,1,2,5,Y,6,0,M,HD,TCI,RS,5,17,,,,,,,1450,0,0,000000000,00000000000,0,0,0,1,0,0,0,0,0,0,0,998,0,0,0,12,12,6,2,1,0,0,0,1,18,47905,6,1,5,0,3,0,73,190,0,0,0,0,0,0,0,0,0,1,0,0,0,0,3,5,65,1,1,2,1,0,0,1,13,1,1,4,1,1,1
4,40255,1,1,1,9,5,5,14,33,0,1,0,4,2,49,33,49033,3,2000,JTDDR32T0Y00,J,T,D,D,R,3,2,T,0,Y,0,0,0,P,TOYT,CGF,2L,0,17,2425,,0,1023,,G,,0,0,000000000,00000000000,0,0,0,1,0,0,0,0,0,0,0,75,0,1,3,14,0,6,2,1,0,0,0,1,4,85637,0,0,0,0,0,0,67,130,0,0,0,0,0,0,0,0,0,1,99,99,99,99,2,2,35,3,3,8,1,0,0,14,6,1,4,4,7,1,1
4,40256,1,1,2,9,5,10,38,1,0,1,0,35,1,35,481,35481,31,2010,1N6BA0ED7AN3,1,N,6,B,A,0,E,D,7,A,N,3,0,T,NISS,TXS,CW,10,17,,2,0,1398,TTN,F,,0,0,000000000,00000000000,0,0,0,1,0,0,0,0,0,0,0,75,0,1,3,0,0,6,2,1,0,0,0,1,35,88011,6,1,0,0,3,0,66,190,98,0,0,0,0,0,0,0,0,1,0,0,0,0,2,2,75,1,5,2,1,0,0,1,12,1,1,4,6,1,0
4,40257,1,1,1,10,5,3,8,1,0,1,0,4,2,12,481,12481,31,1996,1FTJW36F4TEA,1,F,T,J,W,3,6,F,4,T,E,A,0,T,FORD,F35,CW,96,17,,2,0,1680,COF,D,,0,0,000000000,00000000000,0,0,0,1,0,0,0,0,0,0,0,999,0,1,1,0,0,6,2,1,0,0,0,1,4,86047,6,1,0,0,3,3,67,205,0,0,0,0,0,0,0,0,0,1,0,0,0,0,1,2,40,1,5,2,1,0,0,1,12,1,1,6,98,1,1
4,40258,1,1,3,10,5,19,40,8,0,1,0,4,2,12,13,12013,4,1999,1FAFP10P8XW2,1,F,A,F,P,1,0,P,8,X,W,2,0,P,FORD,LXE,4D,99,17,2468,,0,984,,G,,0,0,000000000,00000000000,0,0,0,1,0,0,0,0,0,0,0,32,0,0,0,12,12,6,2,8,0,0,0,1,4,85209,0,0,0,0,0,0,61,110,0,0,0,0,0,0,0,0,0,0,92,0,0,0,5,5,35,1,1,2,1,0,0,1,80,3,2,1,13,0,0
4,40259,1,1,1,12,5,1,20,8,0,1,9,99,9,99,999,99999,99,9999,999999999999,9,9,9,9,9,9,9,9,9,9,9,9,9,U,,,,9,17,,,,,,,,0,99,999999999,99999999999,9,99,99,1,0,0,0,0,99,99,0,999,0,0,0,12,12,9,1,8,0,0,0,1,99,99999,9,9,99,9,9,9,999,999,99,99,99,99,99,99,9999,99,9999,9,99,99,99,99,2,2,75,1,1,2,1,0,0,99,80,99,1,1,13,0,0