STATE,ST_CASE,VEH_NO,VE_FORMS,NUMOCCS,DAY,MONTH,HOUR,MINUTE,HARM_EV,MAN_COLL,UNITTYPE,HIT_RUN,REG_STAT,OWNER,MAKE,MODEL,MAK_MOD,BODY_TYP,MOD_YEAR,VIN,VIN_1,VIN_2,VIN_3,VIN_4,VIN_5,VIN_6,VIN_7,VIN_8,VIN_9,VIN_10,VIN_11,VIN_12,TOW_VEH,VINTYPE,VINMAKE,VINA_MOD,VIN_BT,VINMODYR,VIN_LNGT,VIN_WGT,WGTCD_TR,WHLBS_LG,WHLBS_SH,SER_TR,FUELCODE,MCYCL_DS,J_KNIFE,MCARR_I1,MCARR_I2,MCARR_ID,GVWR,V_CONFIG,CARGO_BT,HAZ_INV,HAZ_PLAC,HAZ_ID,HAZ_CNO,HAZ_REL,BUS_USE,SPEC_USE,EMER_USE,TRAV_SP,UNDERIDE,ROLLOVER,ROLINLOC,IMPACT1,IMPACT2,DEFORMED,TOWED,M_HARM,VEH_SC1,VEH_SC2,FIRE_EXP,DR_PRES,L_STATE,DR_ZIP,L_STATUS,L_TYPE,CDL_STAT,L_ENDORS,L_COMPL,L_RESTRI,DR_HGT,DR_WGT,PREV_ACC,PREV_SUS,PREV_DWI,PREV_SPD,PREV_OTH,FIRST_MO,FIRST_YR,LAST_MO,LAST_YR,SPEEDREL,DR_SF1,DR_SF2,DR_SF3,DR_SF4,VTRAFWAY,VNUM_LAN,VSPD_LIM,VALIGN,VPROFILE,VPAVETYP,VSURCOND,VTRAFCON,VTCONT_F,P_CRASH1,P_CRASH2,P_CRASH3,PCRASH4,PCRASH5,ACC_TYPE,DEATHS,DR_DRINK
4,40260,1,1,2,12,5,12,39,1,0,1,0,49,1,72,706,72706,80,2008,1HD1FC4178Y6,1,H,D,1,F,C,4,1,7,8,Y,6,0,M,HD,FLU,RS,8,17,,,,,,,1584,0,0,000000000,00000000000,0,0,0,1,0,0,0,0,0,0,0,65,0,0,0,0,0,6,2,1,0,0,0,1,49,84741,6,1,0,0,3,0,74,275,98,0,0,0,0,0,0,0,0,1,0,0,0,0,1,2,65,3,1,2,1,40,3,14,13,3,2,4,2,1,0
4,40261,1,1,1,14,5,2,18,1,0,1,0,4,1,12,401,12401,14,2002,1FMYU60E72UA,1,F,M,Y,U,6,0,E,7,2,U,A,0,P,FORD,EPR,UT,2,17,3860,,0,1018,,G,,0,0,000000000,00000000000,0,0,0,1,0,0,0,0,0,0,0,45,0,1,5,0,0,6,2,1,0,0,0,1,4,85202,6,1,0,0,3,3,68,125,0,1,0,1,1,11,2007,5,2008,1,0,0,0,0,6,2,45,2,6,2,1,0,0,14,9,7,4,4,2,1,0
4,40262,1,2,2,14,5,23,5,12,6,1,0,4,2,72,706,72706,80,2000,1HD1BMY19YY0,1,H,D,1,B,M,Y,1,9,Y,Y,0,0,M,HD,FLF,RS,0,17,,,,,,,1450,0,0,000000000,00000000000,0,0,0,1,0,0,0,0,0,0,0,998,0,0,0,12,12,6,2,12,0,0,0,1,4,85028,0,0,0,0,0,0,75,185,0,0,0,0,0,0,0,0,0,0,91,92,39,0,2,2,40,1,1,2,1,2,3,3,62,1,1,1,69,1,1
4,40262,2,2,2,14,5,23,5,12,6,1,0,4,2,35,47,35047,4,2006,1N4AL11D76N3,1,N,4,A,L,1,1,D,7,6,N,3,0,P,NISS,ASL,4D,6,17,2915,,0,1102,,G,,0,0,000000000,00000000000,0,0,0,1,0,0,0,0,0,0,0,998,0,0,0,3,3,6,2,12,0,0,0,1,4,85711,6,1,0,0,3,3,64,200,0,0,0,0,0,0,0,0,0,0,0,0,0,0,2,2,40,1,1,2,1,2,3,11,15,1,1,2,68,0,0
4,40263,1,1,3,16,5,17,38,1,0,1,0,4,1,12,471,12471,30,2002,1FTZR45U22PA,1,F,T,Z,R,4,5,U,2,2,P,A,0,T,FORD,RNS,4C,2,17,,1,0,1259,RNG,G,,0,0,000000000,00000000000,0,0,0,1,0,0,0,0,0,0,0,998,0,1,5,0,0,6,2,1,0,0,0,1,4,85390,6,1,0,0,3,0,76,235,0,0,0,0,0,0,0,0,0,0,0,0,0,0,2,2,65,1,1,2,1,0,0,1,8,7,3,4,2,1,0
4,40264,1,1,1,17,5,17,25,9,0,1,0,4,2,49,32,49032,4,1999,1NXBR12E9XZ2,1,N,X,B,R,1,2,E,9,X,Z,2,0,P,TOYT,UVL,4D,99,17,2414,,0,970,,G,,0,0,000000000,00000000000,0,0,0,1,0,0,0,0,0,0,0,32,0,0,0,12,12,4,3,9,0,0,0,1,4,85044,6,1,0,0,3,0,60,115,0,0,0,0,0,0,0,0,0,1,99,99,99,99,5,5,35,1,1,2,1,2,3,1,83,1,1,1,13,0,0
4,40265,1,1,2,19,5,21,44,1,0,1,0,4,1,2,402,2402,14,1981,1JCBM87E5BT0,1,J,C,B,M,8,7,E,5,B,T,0,0,T,AMER,CJ7,UT,81,17,,1,0,940,JEE,G,,0,0,000000000,00000000000,0,0,0,1,0,0,0,0,0,0,0,45,0,1,1,0,0,6,2,1,0,0,0,1,4,86442,6,1,0,0,3,0,70,220,0,0,0,0,0,0,0,0,0,1,89,0,0,0,5,4,45,1,1,2,1,0,0,1,3,1,1,1,98,1,1
4,40266,1,1,1,21,5,17,16,33,0,1,0,4,1,72,706,72706,80,2007,1HD1JL53X7Y0,1,H,D,1,J,L,5,3,X,7,Y,0,0,M,HD,XTC,RS,7,17,,,,,,,1584,0,0,000000000,00000000000,0,0,0,1,0,0,0,0,0,0,0,45,0,0,0,14,14,6,2,1,0,0,0,1,4,86442,6,1,0,0,3,3,69,175,0,1,0,0,0,8,2008,8,2008,0,89,0,0,0,5,4,45,3,1,2,1,0,0,14,13,1,1,4,1,1,1
4,40267,1,1,1,21,5,18,43,1,0,1,0,4,1,48,34,48034,6,1990,JF2BJ65C6LG9,J,F,2,B,J,6,5,C,6,L,G,9,0,P,SUBA,LP4,SW,90,17,3070,,0,1016,,G,,0,0,000000000,00000000000,0,0,0,1,0,0,0,0,0,0,0,999,0,1,9,0,0,6,2,1,32,0,0,1,4,85606,6,1,0,0,3,0,67,170,0,0,0,0,0,0,0,0,0,9,58,0,0,0,1,9,35,1,1,8,1,0,0,1,9,99,9,4,2,1,1
4,40268,1,2,1,22,5,0,18,12,1,1,0,4,1,98,709,98709,82,1996,TTSWBLB06960,T,T,S,W,B,L,B,0,6,9,6,0,0,U,,,,9,17,,,,,,,,0,0,000000000,00000000000,0,0,0,1,0,0,0,0,0,0,0,55,0,0,0,12,1,6,2,1,35,0,0,1,4,85607,6,1,0,0,3,3,67,180,0,0,0,0,0,0,0,0,0,1,26,0,0,0,4,2,40,1,1,2,1,0,0,1,51,1,1,1,24,1,1
4,40268,2,2,1,22,5,0,18,12,1,1,0,4,1,72,706,72706,80,2004,1HD1FBW114Y7,1,H,D,1,F,B,W,1,1,4,Y,7,0,M,HD,LRI,RS,4,17,,,,,,,1450,0,0,000000000,00000000000,0,0,0,1,0,0,0,0,0,0,0,55,0,0,0,6,6,4,3,12,0,0,0,1,4,85735,6,1,0,0,3,0,74,240,0,0,0,0,0,0,0,0,0,0,0,0,0,0,4,2,40,1,1,2,1,0,0,1,53,1,1,1,25,0,1
4,40269,1,2,2,22,5,2,2,12,2,1,0,4,1,63,34,63034,4,2005,KNAGD1269554,K,N,A,G,D,1,2,6,9,5,5,4,0,P,KIA,OLE,4D,5,17,3281,,0,1063,,G,,0,0,000000000,00000000000,0,0,0,1,0,0,0,0,0,0,0,50,0,0,0,12,12,6,2,12,32,0,0,1,4,86327,6,1,0,0,3,3,66,141,0,0,0,1,0,2,2009,2,2009,0,51,0,0,0,1,4,55,1,1,2,1,0,0,1,54,1,1,3,52,2,0
4,40269,2,2,2,22,5,2,2,12,2,1,0,4,2,12,443,12443,20,2005,2FMZA57675BA,2,F,M,Z,A,5,7,6,7,5,B,A,0,P,FORD,FRE,SV,5,17,4275,,0,1208,,G,,0,0,000000000,00000000000,0,0,0,1,0,0,0,0,0,0,0,50,0,0,0,12,12,6,2,12,0,0,0,1,4,86324,6,1,0,0,3,3,66,180,1,1,0,0,1,9,2009,1,2010,0,0,0,0,0,1,4,55,1,1,2,1,0,0,17,54,7,1,2,52,0,1
4,40270,1,1,5,22,5,8,45,1,0,1,0,4,1,12,422,12422,15,2006,1FMPU15586LA,1,F,M,P,U,1,5,5,8,6,L,A,0,P,FORD,EPT,UT,6,17,5353,,0,1190,,G,,0,0,000000000,00000000000,0,0,0,1,0,0,0,0,0,0,0,998,0,1,3,0,0,6,2,1,0,0,0,1,4,85383,6,1,6,0,3,0,68,280,0,2,0,0,1,1,2009,10,2009,0,80,0,0,0,2,2,75,1,5,2,1,0,0,1,1,6,4,4,7,1,0
4,40271,1,2,5,23,5,9,51,12,1,1,0,4,4,12,422,12422,15,2010,1FMJK1F50AEB,1,F,M,J,K,1,F,5,0,A,E,B,0,P,FORD,EPT,UT,10,17,5928,,0,1310,,F,,0,0,000000000,00000000000,0,0,0,1,0,0,0,0,0,0,0,998,0,0,0,12,12,6,2,12,0,0,0,1,12,32937,6,1,0,0,3,0,66,999,0,0,0,0,0,0,0,0,0,0,0,0,0,0,3,5,65,1,1,2,1,0,0,1,50,7,1,1,20,0,0
4,40271,2,2,2,23,5,9,51,12,1,1,0,4,2,7,41,7041,4,1994,2B3HD56T9RH3,2,B,3,H,D,5,6,T,9,R,H,3,0,P,DODG,IES,4D,94,17,3280,,0,1130,,G,,0,0,000000000,00000000000,0,0,0,1,0,0,0,0,0,0,0,0,0,0,0,6,6,6,2,12,0,0,0,1,4,85032,6,1,0,0,3,0,70,180,0,0,0,0,0,0,0,0,0,0,54,0,0,0,3,5,65,1,1,2,1,0,0,5,53,1,1,1,21,1,0
4,40272,1,2,1,23,5,13,7,24,0,1,0,4,1,6,43,6043,4,2008,1C3LC46J58N2,1,C,3,L,C,4,6,J,5,8,N,2,0,P,CHRY,SLX,4D,8,17,3313,,0,1089,,G,,0,0,000000000,00000000000,0,0,0,1,0,0,0,0,0,0,0,998,0,0,0,82,3,6,2,12,0,0,0,1,4,85258,6,1,0,0,3,0,61,115,0,0,0,0,0,0,0,0,0,1,89,0,0,0,1,2,65,1,6,2,1,0,0,1,13,1,1,4,1,1,0
4,40272,2,2,3,23,5,13,7,24,0,1,0,4,2,7,25,7025,5,2009,1B3HB48A39D1,1,B,3,H,B,4,8,A,3,9,D,1,0,P,DODG,CXT,4D,9,17,3039,,0,1037,,G,,0,0,000000000,00000000000,0,0,0,1,0,0,0,0,0,0,0,998,0,0,0,12,12,6,2,12,0,0,0,1,4,85301,6,1,0,0,3,1,68,175,0,0,0,0,0,0,0,0,0,0,0,0,0,0,1,2,65,1,5,2,1,0,0,1,62,1,1,1,98,0,0
4,40273,1,2,1,24,5,15,3,8,0,1,0,4,1,20,481,20481,31,2004,1GCEK19V14E2,1,G,C,E,K,1,9,V,1,4,E,2,0,T,CHEV,SK1,4C,4,17,,2,1575,1435,SIL,G,,0,0,000000000,00000000000,0,0,0,1,0,0,0,0,0,0,0,40,0,0,0,12,12,6,2,8,0,0,0,1,4,85029,6,1,0,0,3,0,72,245,0,1,0,1,1,5,2008,5,2009,1,0,0,0,0,5,4,40,1,1,2,1,0,0,1,80,1,1,1,13,0,0
4,40273,2,2,0,24,5,15,3,8,0,1,0,4,6,55,33,55033,4,2008,5NPET46C18H3,5,N,P,E,T,4,6,C,1,8,H,3,0,P,HYUN,SGL,4D,8,17,3253,,0,1074,,G,,0,0,000000000,00000000000,0,0,0,1,0,0,0,0,0,0,0,0,0,0,0,6,6,6,2,12,0,0,0,0,,,,,,,,,999,,,,,,,,,,,,20,0,0,0,5,4,40,1,1,2,1,0,0,0,53,0,0,0,98,0,0
4,40274,1,2,1,26,5,4,25,1,0,1,0,4,1,13,1,13001,4,2002,1LNHM81W92Y6,1,L,N,H,M,8,1,W,9,2,Y,6,0,P,LINC,EXC,4D,2,17,4047,,0,1177,,G,,0,0,000000000,00000000000,0,0,0,1,0,0,0,0,0,0,0,999,0,0,0,82,82,6,2,12,0,0,0,1,4,85251,6,1,0,0,3,3,71,180,0,0,0,0,0,0,0,0,0,0,38,0,0,0,2,2,65,1,1,2,1,20,3,1,17,1,1,1,98,0,0
4,40274,2,2,1,26,5,4,25,1,0,1,0,4,1,72,706,72706,80,2002,1HD1BWB132Y0,1,H,D,1,B,W,B,1,3,2,Y,0,0,M,HD,FSI,RS,2,17,,,,,,,1450,0,0,000000000,00000000000,0,0,0,1,0,0,0,0,0,0,0,999,0,0,0,0,12,6,2,12,0,0,0,1,4,86441,6,1,0,0,3,3,73,235,0,0,0,0,0,0,0,0,0,0,0,0,0,0,2,2,65,1,1,2,1,0,0,1,66,98,1,1,98,1,0
4,40275,1,2,1,26,5,17,15,12,2,1,0,4,1,12,13,12013,2,2000,3FAKP1134YR1,3,F,A,K,P,1,1,3,4,Y,R,1,0,P,FORD,ZX2,CP,0,17,2478,,0,984,,G,,0,0,000000000,00000000000,0,0,0,1,0,0,0,0,0,0,0,55,0,0,0,12,12,6,2,12,0,0,0,1,4,85204,6,1,0,0,3,0,66,160,0,0,0,0,0,0,0,0,0,0,28,0,0,0,1,2,55,1,1,2,1,40,3,1,10,1,1,1,50,1,0
4,40275,2,2,3,26,5,17,15,12,2,1,0,4,1,12,481,12481,31,1999,1FTSW31F4XEB,1,F,T,S,W,3,1,F,4,X,E,B,0,T,FORD,F3S,CW,99,17,,2,1724,1562,SRW,D,,0,0,000000000,00000000000,0,0,0,1,0,0,0,0,0,0,0,55,0,0,0,12,12,6,2,12,0,0,0,1,4,85730,6,1,0,0,3,0,72,300,0,0,0,0,0,0,0,0,0,0,0,0,0,0,1,2,55,1,1,2,1,40,3,1,62,9,1,1,51,0,0
4,40276,1,1,2,28,5,12,57,44,0,1,0,92,0,98,739,98739,90,9999,RKKECPL325G5,R,K,K,E,C,P,L,3,2,5,G,5,0,U,,,,5,17,,,,,,,,0,0,000000000,00000000000,0,0,0,1,0,0,0,0,0,0,0,998,0,0,0,0,0,0,9,44,0,0,0,1,4,85225,6,1,0,0,3,0,73,180,0,0,0,0,1,8,2008,8,2008,9,99,99,99,99,1,2,99,2,9,8,1,0,0,14,98,1,1,1,0,1,0
4,40277,1,3,1,28,5,16,30,12,1,1,0,18,3,84,881,84881,66,2005,3HSCDAPN55N0,3,H,S,C,D,A,P,N,5,5,N,0,1,T,INTL,92I,DS,5,17,,7,0,0,920,D,,1,57,121058,57121058,3,6,1,1,0,0,0,0,0,0,0,0,0,0,0,6,6,0,1,12,0,0,0,1,4,85053,6,1,6,0,3,3,73,303,0,0,0,1,0,12,2007,12,2007,0,99,99,99,99,5,9,40,1,1,8,1,0,0,7,53,1,1,1,21,0,0
4,40277,2,3,1,28,5,16,30,12,1,1,0,4,1,98,709,98709,80,2008,L5YTCKPA3812,L,5,Y,T,C,K,P,A,3,8,1,2,0,U,,,,8,17,,,,,,,,0,0,000000000,00000000000,0,0,0,1,0,0,0,0,0,0,0,45,0,0,0,12,18,6,2,54,0,0,0,1,4,85204,6,1,0,0,3,3,69,250,0,0,0,0,0,0,0,0,0,9,99,99,99,99,5,9,40,1,1,8,1,0,0,1,50,1,1,1,20,1,0
4,40277,3,3,1,28,5,16,30,12,1,1,0,4,1,20,481,20481,31,2002,2GCEK19T5211,2,G,C,E,K,1,9,T,5,2,1,1,0,T,CHEV,SK1,4C,2,17,,2,1575,1435,SIL,G,,0,0,000000000,00000000000,0,0,0,1,0,0,0,0,0,0,0,40,0,0,0,12,12,0,1,54,0,0,0,1,4,85210,6,1,0,0,3,3,72,200,0,0,0,0,0,0,0,0,0,0,0,0,0,0,5,9,40,1,1,8,1,0,0,1,98,1,1,1,98,0,0
4,40278,1,1,1,29,5,4,41,24,0,1,0,4,2,20,401,20401,14,2002,1GNDS13S0221,1,G,N,D,S,1,3,S,0,2,2,1,0,P,CHEV,TRL,UT,2,17,4442,,0,1130,,G,,0,0,000000000,00000000000,0,0,0,1,0,0,0,0,0,0,0,46,0,1,3,99,99,6,2,1,0,0,0,1,4,85033,0,0,0,0,0,0,999,999,0,0,0,0,0,0,0,0,0,9,99,99,99,99,3,4,65,2,1,2,1,0,0,99,9,3,2,4,7,1,1
4,40279,1,1,2,29,5,12,0,35,0,1,0,4,1,72,706,72706,80,1999,1HD1BJL43XY0,1,H,D,1,B,J,L,4,3,X,Y,0,0,M,HD,STC,RS,99,17,,,,,,,1340,0,0,000000000,00000000000,0,0,0,1,0,0,0,0,0,0,0,60,0,0,0,14,0,6,2,1,0,0,0,1,4,85208,6,1,6,0,3,0,68,200,1,0,0,1,0,2,2008,3,2008,1,0,0,0,0,1,3,45,3,6,2,1,0,0,14,13,1,1,4,1,1,0
4,40280,1,1,2,30,5,11,52,5,0,1,0,4,1,7,482,7482,31,1999,1B7HC16Y6XS2,1,B,7,H,C,1,6,Y,6,X,S,2,0,T,DODG,150,PK,99,17,,2,1347,1187,RPC,G,,0,0,000000000,00000000000,0,0,0,1,0,0,0,0,0,0,0,30,0,0,0,0,0,0,1,5,0,0,0,1,4,85750,6,1,0,0,3,0,69,275,0,0,0,0,0,0,0,0,0,0,21,0,0,0,5,2,45,1,1,8,1,0,0,1,98,1,1,1,0,1,0
4,40281,1,1,1,30,5,17,42,33,0,1,0,4,2,52,401,52401,14,1999,JA4MT31HXXP0,J,A,4,M,T,3,1,H,X,X,P,0,0,P,MITS,MNS,UT,99,17,3985,,0,1073,,G,,0,0,000000000,00000000000,0,0,0,1,0,0,0,0,0,0,0,53,0,1,1,14,0,6,2,1,0,0,0,1,4,85705,0,0,0,0,0,0,70,205,1,2,0,1,0,7,2009,1,2010,1,0,0,0,0,2,2,45,3,1,8,1,0,0,14,13,1,1,4,1,1,0
4,40282,1,2,1,31,5,15,48,12,2,1,0,4,1,6,52,6052,6,2005,3C4FY58B25T5,3,C,4,F,Y,5,8,B,2,5,T,5,0,P,CHRY,PTC,SV,5,17,3033,,0,1030,,G,,0,0,000000000,00000000000,0,0,0,1,0,0,0,0,0,0,0,45,0,0,0,12,12,6,2,12,0,0,0,1,4,85220,6,1,0,0,3,0,65,130,0,0,0,0,0,0,0,0,0,1,28,0,0,0,1,2,45,1,1,8,1,0,0,1,54,7,1,2,50,1,1
4,40282,2,2,3,31,5,15,48,12,2,1,0,4,2,20,37,20037,4,2006,1G1ZT53856F2,1,G,1,Z,T,5,3,8,5,6,F,2,0,P,CHEV,MLT,4D,6,17,3316,,0,1063,,G,,0,0,000000000,00000000000,0,0,0,1,0,0,0,0,0,0,0,45,0,0,0,12,12,6,2,12,0,0,0,1,4,85143,6,1,0,0,3,0,62,145,0,0,0,0,0,0,0,0,0,0,0,0,0,0,1,2,45,1,1,8,1,0,0,1,62,6,1,1,51,0,0
4,40283,1,3,1,31,5,19,6,12,1,1,0,4,1,35,47,35047,4,2005,1N4BL11D95N4,1,N,4,B,L,1,1,D,9,5,N,4,0,P,NISS,ASR,4D,5,17,3101,,0,1102,,G,,0,0,000000000,00000000000,0,0,0,1,0,0,0,0,0,0,0,998,0,0,0,12,12,6,2,12,0,0,0,1,4,85625,6,1,0,0,3,3,70,175,0,0,0,0,0,0,0,0,0,1,0,0,0,0,2,2,75,1,1,2,1,50,3,1,50,3,2,1,20,0,0
4,40283,2,3,2,31,5,19,6,12,1,1,0,4,1,49,32,49032,4,1992,1NXAE94AXNZ3,1,N,X,A,E,9,4,A,X,N,Z,3,0,P,TOYT,CDF,4D,92,17,2257,,0,957,,G,,0,0,000000000,00000000000,0,0,0,1,0,0,0,0,0,0,0,0,0,0,0,6,6,6,2,12,0,0,0,1,4,85716,6,1,0,0,3,0,62,110,0,0,0,0,0,0,0,0,0,0,0,0,0,0,2,2,75,1,1,2,1,50,3,5,53,1,1,1,21,1,0
4,40283,3,3,2,31,5,19,6,12,1,1,0,40,3,82,883,82883,66,2010,1FUJA6DR6ADA,1,F,U,J,A,6,D,R,6,A,D,A,1,T,FRHT,COL,DS,10,17,,8,0,0,CON,D,,1,57,53773,5753773,3,6,1,1,0,0,0,0,0,0,0,0,0,0,0,6,6,2,1,12,0,0,0,1,48,75214,6,1,6,0,3,0,999,999,0,0,0,0,0,0,0,0,0,0,0,0,0,0,2,2,75,1,1,2,1,50,3,5,53,1,1,1,98,0,0
4,40285,1,1,4,21,5,17,58,1,0,1,0,4,2,12,401,12401,14,2001,1FMYU70E21UB,1,F,M,Y,U,7,0,E,2,1,U,B,0,P,FORD,EPR,UT,1,17,3959,,0,1018,,G,,0,0,000000000,00000000000,0,0,0,1,0,0,0,0,0,0,0,998,0,1,5,0,0,6,2,1,0,0,0,1,4,85009,6,1,0,0,3,0,61,160,0,0,0,0,0,0,0,0,0,0,80,0,0,0,1,2,65,1,1,2,1,0,0,1,4,8,4,4,7,1,0
4,40286,1,2,2,28,4,19,30,12,6,1,0,4,1,72,706,72706,80,2005,1HD1GPW165K3,1,H,D,1,G,P,W,1,6,5,K,3,0,M,HD,WGI,RS,5,17,,,,,,,1450,0,0,000000000,00000000000,0,0,0,1,0,0,0,0,0,0,0,35,0,0,0,12,12,6,2,12,0,0,0,1,4,85750,6,1,0,0,3,3,69,190,0,0,0,0,0,0,0,0,0,0,28,0,0,0,1,2,35,2,6,8,1,40,3,14,10,1,1,1,64,0,0
4,40286,2,2,1,28,4,19,30,12,6,1,0,4,1,72,706,72706,80,2009,1HD1KB4129Y6,1,H,D,1,K,B,4,1,2,9,Y,6,0,M,HD,FHX,RS,9,17,,,,,,,1584,0,0,000000000,00000000000,0,0,0,1,0,0,0,0,0,0,0,35,0,0,0,61,61,6,2,12,0,0,0,1,4,85743,6,1,6,0,2,3,76,320,0,0,0,0,0,0,0,0,0,0,0,0,0,0,1,2,35,3,5,8,1,40,3,14,62,1,1,1,65,1,0
4,40287,1,1,1,16,5,99,99,1,0,1,0,4,2,14,401,14401,14,2001,4M2ZU86P81UJ,4,M,2,Z,U,8,6,P,8,1,U,J,0,P,MERC,MOU,UT,1,17,4250,,0,1116,,G,,0,0,000000000,00000000000,0,0,0,1,0,0,0,0,0,0,0,55,0,1,2,0,0,6,2,1,0,0,0,1,4,85204,6,1,0,0,3,3,69,205,3,0,0,3,3,7,2007,2,2010,1,0,0,0,0,2,2,55,1,1,2,1,0,0,1,12,1,1,4,6,1,1
4,40288,1,1,1,5,5,7,18,8,0,1,0,4,3,90,981,90981,50,2005,1BABNBKA95F2,1,B,A,B,N,B,K,A,9,5,F,2,0,U,,,,5,17,,,,,,,,0,88,888888888,88888888888,3,21,22,1,0,0,0,0,1,0,0,3,0,0,0,12,12,0,1,8,0,0,0,1,4,85324,6,1,6,1,3,3,69,200,0,2,0,0,0,10,2009,11,2009,0,38,0,0,0,5,5,40,1,1,8,1,2,3,11,80,1,1,2,13,0,0
4,40289,1,2,1,6,5,22,14,12,6,1,0,4,2,21,2,21002,4,1999,1G3HN52K0X48,1,G,3,H,N,5,2,K,0,X,4,8,0,P,OLDS,8LW,4D,99,17,3455,,0,1108,,G,,0,0,000000000,00000000000,0,0,0,1,0,0,0,0,0,0,0,81,0,0,0,12,12,6,2,12,0,0,0,1,4,85008,6,1,0,0,3,0,71,193,0,0,0,0,0,0,0,0,0,1,91,0,0,0,2,3,45,1,1,2,1,0,0,1,62,1,1,3,69,0,1
4,40289,2,2,1,6,5,22,14,12,6,1,0,4,1,20,471,20471,30,2000,1GCCS1448YK1,1,G,C,C,S,1,4,4,8,Y,K,1,0,T,CHEV,S14,PK,0,17,,1,1179,1083,S,G,,0,0,000000000,00000000000,0,0,0,1,0,0,0,0,0,0,0,15,0,1,1,3,99,6,2,12,0,0,0,1,4,85284,6,1,0,0,3,3,70,135,0,0,0,0,0,0,0,0,0,0,0,0,0,0,2,3,45,1,1,2,1,0,0,11,15,1,1,2,68,1,0
4,40291,1,1,2,8,5,99,99,99,0,1,0,99,9,99,999,99999,99,9999,999999999999,9,9,9,9,9,9,9,9,9,9,9,9,0,U,,,,9,17,,,,,,,,0,0,000000000,00000000000,0,0,0,1,0,0,0,0,0,0,0,999,0,0,0,99,99,9,9,99,0,0,0,1,99,99999,9,9,99,0,9,9,999,999,99,99,99,99,99,99,9999,99,9999,9,99,99,99,99,9,9,99,9,9,2,99,99,9,99,99,99,9,9,99,1,0
4,40292,1,1,3,10,5,18,12,9,0,1,0,4,1,12,422,12422,15,1999,1FMRU17L6XLC,1,F,M,R,U,1,7,L,6,X,L,C,0,P,FORD,EPT,UT,99,17,4808,,0,1191,,G,,0,0,000000000,00000000000,0,0,0,1,0,0,0,0,0,0,0,37,0,0,0,12,12,6,2,9,0,0,0,1,4,85256,1,1,0,0,2,3,71,411,0,1,0,2,0,8,2009,4,2010,0,0,0,0,0,5,4,35,1,1,2,1,2,3,1,83,10,1,1,13,0,1
4,40293,1,1,2,13,5,10,44,1,0,1,0,99,9,99,999,99999,99,9999,999999999999,9,9,9,9,9,9,9,9,9,9,9,9,0,U,,,,9,17,,,,,,,,0,0,000000000,00000000000,0,0,0,1,0,0,0,0,0,0,0,999,0,9,9,0,0,9,9,1,0,0,0,1,4,86045,6,1,0,0,3,3,62,141,0,0,0,0,0,0,0,0,0,9,99,99,99,99,9,9,99,9,9,9,99,99,9,99,99,99,9,9,98,1,0
4,40294,1,3,1,13,5,21,7,12,1,1,0,4,1,12,37,12037,3,2006,1FAHP31N46W1,1,F,A,H,P,3,1,N,4,6,W,1,0,P,FORD,FZX,3P,6,17,2654,,0,1029,,G,,0,0,000000000,00000000000,0,0,0,1,0,0,0,0,0,0,0,998,0,1,1,12,61,6,2,12,0,0,0,1,4,86505,6,1,0,0,3,3,66,135,0,0,0,0,0,0,0,0,0,9,99,99,99,99,1,2,65,1,1,2,1,0,0,1,51,1,1,1,24,1,0
4,40294,2,3,4,13,5,21,7,12,1,1,0,4,1,55,35,55035,4,1999,KMHJF25F9XU8,K,M,H,J,F,2,5,F,9,X,U,8,0,P,HYUN,ELL,4D,99,17,2560,,0,1004,,G,,0,0,000000000,00000000000,0,0,0,1,0,0,0,0,0,0,0,998,0,0,0,6,99,6,2,12,0,0,0,1,4,86503,6,1,0,0,3,3,66,138,0,0,0,0,0,0,0,0,0,0,0,0,0,0,1,2,65,1,1,2,1,0,0,1,53,1,1,1,25,0,1
4,40294,3,3,2,13,5,21,7,12,1,1,0,4,2,12,402,12402,14,2002,1FMYU03112KD,1,F,M,Y,U,0,3,1,1,2,K,D,0,P,FORD,SPE,UT,2,17,3277,,0,1031,,G,,0,0,000000000,00000000000,0,0,0,1,0,0,0,0,0,0,0,998,0,0,0,12,12,6,2,12,0,0,0,1,4,86503,6,1,0,0,3,3,69,190,0,0,0,0,0,0,0,0,0,0,0,0,0,0,1,2,65,1,1,2,1,0,0,1,62,1,1,1,98,1,0
4,40295,1,1,1,14,5,99,99,8,0,1,9,99,9,99,999,99999,99,9999,999999999999,9,9,9,9,9,9,9,9,9,9,9,9,0,U,,,,9,17,,,,,,,,0,0,000000000,00000000000,0,0,0,1,0,0,0,0,0,0,0,999,0,0,0,12,12,9,9,8,0,0,0,1,99,99999,9,9,99,9,9,9,999,999,99,99,99,99,99,99,9999,99,9999,9,99,99,99,99,9,9,99,9,9,2,99,99,9,99,80,99,9,9,13,0,0
4,40296,1,2,2,14,5,15,33,12,6,1,0,4,3,84,881,84881,62,2007,1HTMMAAM07H5,1,H,T,M,M,A,A,M,0,7,H,5,0,T,INTL,430,CC,7,17,,6,0,0,40S,D,,0,99,999999999,99999999999,2,1,1,1,0,0,0,0,0,0,0,998,0,0,0,63,63,6,2,12,0,0,0,1,4,85381,6,1,3,0,2,3,69,275,0,0,0,0,0,0,0,0,0,0,99,99,99,99,5,4,40,1,1,8,1,0,0,11,15,1,1,2,82,0,0