STATE,ST_CASE,VEH_NO,VE_FORMS,NUMOCCS,DAY,MONTH,HOUR,MINUTE,HARM_EV,MAN_COLL,UNITTYPE,HIT_RUN,REG_STAT,OWNER,MAKE,MODEL,MAK_MOD,BODY_TYP,MOD_YEAR,VIN,VIN_1,VIN_2,VIN_3,VIN_4,VIN_5,VIN_6,VIN_7,VIN_8,VIN_9,VIN_10,VIN_11,VIN_12,TOW_VEH,VINTYPE,VINMAKE,VINA_MOD,VIN_BT,VINMODYR,VIN_LNGT,VIN_WGT,WGTCD_TR,WHLBS_LG,WHLBS_SH,SER_TR,FUELCODE,MCYCL_DS,J_KNIFE,MCARR_I1,MCARR_I2,MCARR_ID,GVWR,V_CONFIG,CARGO_BT,HAZ_INV,HAZ_PLAC,HAZ_ID,HAZ_CNO,HAZ_REL,BUS_USE,SPEC_USE,EMER_USE,TRAV_SP,UNDERIDE,ROLLOVER,ROLINLOC,IMPACT1,IMPACT2,DEFORMED,TOWED,M_HARM,VEH_SC1,VEH_SC2,FIRE_EXP,DR_PRES,L_STATE,DR_ZIP,L_STATUS,L_TYPE,CDL_STAT,L_ENDORS,L_COMPL,L_RESTRI,DR_HGT,DR_WGT,PREV_ACC,PREV_SUS,PREV_DWI,PREV_SPD,PREV_OTH,FIRST_MO,FIRST_YR,LAST_MO,LAST_YR,SPEEDREL,DR_SF1,DR_SF2,DR_SF3,DR_SF4,VTRAFWAY,VNUM_LAN,VSPD_LIM,VALIGN,VPROFILE,VPAVETYP,VSURCOND,VTRAFCON,VTCONT_F,P_CRASH1,P_CRASH2,P_CRASH3,PCRASH4,PCRASH5,ACC_TYPE,DEATHS,DR_DRINK
4,40416,2,3,2,5,8,16,31,12,6,1,0,4,1,20,37,20037,4,2002,1G1ND52J02M5,1,G,1,N,D,5,2,J,0,2,M,5,0,P,CHEV,MAL,4D,2,17,3053,,0,1070,,G,,0,0,000000000,00000000000,0,0,0,1,0,0,0,0,0,0,0,40,0,0,0,12,99,6,2,12,0,0,0,1,4,85037,6,1,0,0,3,0,65,220,0,0,0,0,0,0,0,0,0,0,0,0,0,0,2,3,45,1,1,8,1,2,3,1,62,4,1,1,69,0,0
4,40416,3,3,2,5,8,16,31,12,6,1,0,4,1,6,441,6441,20,2005,2C4GP54L45R2,2,C,4,G,P,5,4,L,4,5,R,2,0,P,CHRY,TWC,SV,5,17,4256,,0,1193,,G,,0,0,000000000,00000000000,0,0,0,1,0,0,0,0,0,0,0,35,0,0,0,12,12,6,2,12,0,0,0,1,4,85375,6,1,0,0,3,3,70,210,0,0,0,0,0,0,0,0,0,0,0,0,0,0,2,3,45,1,1,8,1,2,3,1,50,1,1,1,98,0,0
4,40417,1,1,1,5,8,19,52,8,0,1,0,48,1,6,51,6051,4,2005,2C3AA43R45H6,2,C,3,A,A,4,3,R,4,5,H,6,0,P,CHRY,C30,4D,5,17,3629,,0,1200,,G,,0,0,000000000,00000000000,0,0,0,1,0,0,0,0,0,0,0,45,0,0,0,12,12,6,2,8,0,0,0,1,48,79605,6,1,0,0,3,1,999,999,0,0,0,0,0,0,0,0,0,0,0,0,0,0,2,3,45,1,1,8,1,0,0,1,80,2,1,1,13,0,0
4,40418,1,1,3,6,8,7,18,1,0,1,0,6,1,7,482,7482,31,1997,3B7HC13Y0VG7,3,B,7,H,C,1,3,Y,0,V,G,7,0,T,DODG,150,PC,97,17,,2,1547,1387,RPC,G,,0,0,000000000,00000000000,0,0,0,1,0,0,0,0,0,0,0,998,0,1,5,0,0,6,2,1,0,0,0,1,6,90011,6,1,0,0,3,0,62,150,0,0,0,0,1,4,2010,4,2010,1,0,0,0,0,1,2,65,3,6,2,1,0,0,14,13,1,1,4,1,1,0
4,40419,1,2,3,7,8,6,15,12,2,1,0,4,1,22,20,22020,4,2005,2G2WP5224511,2,G,2,W,P,5,2,2,4,5,1,1,0,P,PONT,GRA,4D,5,17,3477,,0,1105,,G,,0,0,000000000,00000000000,0,0,0,1,0,0,0,0,0,0,0,998,0,0,0,12,12,6,2,12,0,0,0,1,4,86314,6,1,0,0,3,0,70,190,0,0,0,0,0,0,0,0,0,0,28,87,0,0,1,2,65,2,6,2,2,0,0,14,10,99,1,2,50,3,0
4,40419,2,2,1,7,8,6,15,12,2,1,0,4,2,7,880,7880,67,2004,3D7MA48C64G1,3,D,7,M,A,4,8,C,6,4,G,1,0,T,DODG,SQ3,CW,4,17,,3,0,1600,RPC,D,,0,88,888888888,88888888888,2,1,97,1,0,0,0,0,0,0,0,998,0,0,0,12,12,6,2,12,0,0,0,1,4,85014,6,1,0,0,3,0,70,157,0,0,0,0,0,0,0,0,0,0,0,0,0,0,1,2,65,3,5,2,2,0,0,14,62,99,1,1,51,0,0
4,40420,1,4,1,7,8,16,6,12,6,1,0,4,1,21,20,21020,4,1997,1G3WH52M2VF3,1,G,3,W,H,5,2,M,2,V,F,3,0,P,OLDS,SUL,4D,97,17,3388,,0,1075,,G,,0,0,000000000,00000000000,0,0,0,1,0,0,0,0,0,0,0,35,0,0,0,12,12,6,2,12,0,0,0,1,4,85719,6,1,0,0,3,0,62,120,0,1,0,0,1,11,2007,11,2007,0,39,92,0,0,2,3,40,1,1,8,1,2,3,4,17,1,1,1,88,0,0
4,40420,2,4,1,7,8,16,6,12,6,1,0,4,1,22,18,22018,4,1994,1G2NE5536RC7,1,G,2,N,E,5,5,3,6,R,C,7,0,P,PONT,GAS,4D,94,17,2793,,0,1034,,G,,0,0,000000000,00000000000,0,0,0,1,0,0,0,0,0,0,0,40,0,0,0,9,9,6,2,12,0,0,0,1,4,85710,6,1,0,0,3,3,65,230,0,0,0,0,0,0,0,0,0,0,0,0,0,0,3,2,40,1,1,8,1,2,3,1,66,1,1,1,89,1,0
4,40420,3,4,2,7,8,16,6,12,6,1,0,4,4,7,26,7026,4,2010,1B3CC4FB4AN1,1,B,3,C,C,4,F,B,4,A,N,1,0,P,DODG,AXT,4D,10,17,3405,,0,1089,,G,,0,0,000000000,00000000000,0,0,0,1,0,0,0,0,0,0,0,40,0,0,0,61,61,6,2,12,0,0,0,1,4,85710,6,1,0,0,3,0,62,125,0,0,0,0,0,0,0,0,0,0,0,0,0,0,2,2,40,1,1,8,1,2,3,1,60,1,1,1,98,0,0
4,40420,4,4,2,7,8,16,6,12,6,1,0,4,1,49,401,49401,14,2001,JT3HN86R7103,J,T,3,H,N,8,6,R,7,1,0,3,0,P,TOYT,RUN,UT,1,17,3930,,0,1053,,G,,0,0,000000000,00000000000,0,0,0,1,0,0,0,0,0,0,0,0,0,0,0,12,12,2,1,12,0,0,0,1,4,85748,6,1,0,0,3,0,67,170,0,0,0,1,0,8,2008,8,2008,0,0,0,0,0,2,3,40,1,1,8,1,2,3,5,66,1,1,1,98,0,0
4,40423,1,1,1,13,8,6,10,58,0,1,0,4,1,18,20,18020,4,2001,2G4WF5510113,2,G,4,W,F,5,5,1,0,1,1,3,0,P,BUIC,R/G,4D,1,17,3543,,0,1090,,G,,0,0,000000000,00000000000,0,0,0,1,0,0,0,0,0,0,0,998,0,0,0,12,12,6,2,58,0,0,0,1,4,85603,6,1,0,0,3,3,65,165,0,0,0,1,0,11,2007,11,2007,0,0,0,0,0,1,2,55,3,6,2,1,0,0,14,13,1,1,4,1,1,0
4,40424,1,1,1,15,8,2,43,33,0,1,0,4,2,49,40,49040,4,1995,JT2SK11E1S03,J,T,2,S,K,1,1,E,1,S,0,3,0,P,TOYT,CAX,4D,95,17,2932,,0,1031,,G,,0,0,000000000,00000000000,0,0,0,1,0,0,0,0,0,0,0,45,0,0,0,14,12,6,2,30,0,0,0,1,4,85208,6,1,0,0,3,0,70,175,0,0,0,0,0,0,0,0,0,0,89,0,0,0,9,9,45,1,1,8,1,0,0,1,12,1,1,4,6,1,1
4,40425,1,1,1,15,8,10,55,1,0,1,0,4,1,12,471,12471,30,2004,1FTYR14U04PB,1,F,T,Y,R,1,4,U,0,4,P,B,0,T,FORD,RNS,PS,4,17,,1,0,1257,RNG,G,,0,0,000000000,00000000000,0,0,0,1,0,0,0,0,0,0,0,998,0,1,3,0,0,6,2,1,0,0,0,1,4,86510,6,1,0,0,3,3,70,240,0,0,0,0,0,0,0,0,0,1,58,0,0,0,2,2,65,1,6,2,1,0,0,1,12,1,1,4,6,1,0
4,40426,1,2,1,15,8,16,37,12,6,1,0,4,2,20,481,20481,31,2005,2GCEC19V3512,2,G,C,E,C,1,9,V,3,5,1,2,0,T,CHEV,SC1,4C,5,17,,2,1575,1435,SIL,G,,0,0,000000000,00000000000,0,0,0,1,0,0,0,0,0,0,0,45,0,0,0,12,12,6,2,12,0,0,0,1,4,85379,1,1,0,0,2,0,70,195,0,1,0,1,0,7,2009,12,2009,0,39,92,0,0,5,4,45,1,1,8,1,2,3,1,17,1,1,1,83,0,0
4,40426,2,2,5,15,8,16,37,12,6,1,0,4,1,20,444,20444,20,2008,1GNDV23118D1,1,G,N,D,V,2,3,1,1,8,D,1,0,T,CHEV,DLS,ES,8,17,,1,0,1211,UPL,G,,0,0,000000000,00000000000,0,0,0,1,0,0,0,0,0,0,0,15,0,1,1,61,0,6,2,12,0,0,1,1,4,85345,6,1,0,0,3,0,61,125,0,0,0,1,0,6,2010,6,2010,0,89,0,0,0,1,2,35,1,1,8,1,2,3,11,66,1,1,1,82,1,0
4,40427,1,3,1,15,8,16,50,12,2,1,0,4,1,12,402,12402,14,2010,1FMCU0DG4AKC,1,F,M,C,U,0,D,G,4,A,K,C,0,P,FORD,SPE,UT,10,17,3355,,0,1031,,F,,0,0,000000000,00000000000,0,0,0,1,0,0,0,0,0,0,0,998,0,1,1,12,12,6,2,12,0,0,0,1,4,85296,6,1,0,0,3,0,72,200,0,0,0,0,0,0,0,0,0,0,28,0,0,0,1,2,65,1,1,2,1,0,0,1,10,1,1,2,50,1,0
4,40427,2,3,2,15,8,16,50,12,2,1,0,4,2,41,402,41402,14,2002,4F2CU09192KM,4,F,2,C,U,0,9,1,9,2,K,M,0,P,MAZD,TRI,UT,2,17,3292,,0,1031,,G,,0,0,000000000,00000000000,0,0,0,1,0,0,0,0,0,0,0,65,0,0,0,12,12,6,2,12,0,0,0,1,4,86401,6,1,0,0,3,3,67,170,0,0,0,0,0,0,0,0,0,0,0,0,0,0,1,2,65,1,1,2,1,0,0,1,62,1,1,1,51,1,0
4,40427,3,3,2,15,8,16,50,12,2,1,0,4,1,37,32,37032,4,2008,JHMCP26838C0,J,H,M,C,P,2,6,8,3,8,C,0,0,P,HOND,AXL,4D,8,17,3416,,0,1102,,G,,0,0,000000000,00000000000,0,0,0,1,0,0,0,0,0,0,0,65,0,0,0,12,12,2,1,54,0,0,0,1,4,86321,6,1,0,0,3,3,65,140,0,0,0,0,0,0,0,0,0,0,0,0,0,0,1,2,65,1,1,2,1,0,0,1,62,98,1,9,98,0,0
4,40428,1,1,1,16,8,14,25,43,0,1,0,4,2,20,481,20481,31,1999,2GCEK19T7X12,2,G,C,E,K,1,9,T,7,X,1,2,0,T,CHEV,SK1,3C,99,17,,2,1575,1435,SIL,G,,0,0,000000000,00000000000,0,0,0,1,0,0,0,0,0,0,0,75,0,1,3,99,0,6,2,1,0,0,0,1,4,85757,6,1,0,0,3,3,65,120,0,0,0,0,0,0,0,0,0,0,80,0,0,0,2,2,75,1,1,2,1,0,0,1,1,6,4,4,7,1,0
4,40429,1,1,1,18,8,13,21,33,0,1,0,4,1,22,18,22018,4,1998,1G2NE52T0WM5,1,G,2,N,E,5,2,T,0,W,M,5,0,P,PONT,GAS,4D,98,17,2877,,0,1034,,G,,0,0,000000000,00000000000,0,0,0,1,0,0,0,0,0,0,0,73,0,1,3,14,99,6,2,1,0,0,0,1,4,86314,6,1,0,0,3,0,66,138,0,0,0,0,0,0,0,0,0,1,0,0,0,0,2,2,50,1,6,8,1,0,0,1,12,1,1,4,6,1,0
4,40430,1,1,2,20,8,3,58,58,0,1,0,4,1,72,706,72706,80,2008,1HD1FF4128Y6,1,H,D,1,F,F,4,1,2,8,Y,6,0,M,HD,FHC,RS,8,17,,,,,,,1584,0,0,000000000,00000000000,0,0,0,1,0,0,0,0,0,0,0,65,0,0,0,14,14,6,2,58,0,0,0,1,4,85143,6,1,0,0,3,0,72,200,0,0,0,0,0,0,0,0,0,0,89,39,0,0,1,2,50,1,1,2,1,20,3,1,14,1,1,4,14,1,1
4,40431,1,2,1,20,8,9,3,12,1,1,0,4,1,12,471,12471,30,1991,1FTCR10X1MPA,1,F,T,C,R,1,0,X,1,M,P,A,0,T,FORD,RNG,PK,91,17,,1,1140,1080,RNG,G,,0,0,000000000,00000000000,0,0,0,1,0,0,0,0,0,0,0,85,0,1,1,12,99,6,2,1,0,0,0,1,4,85053,6,1,0,0,3,0,74,180,1,0,0,1,1,8,2008,11,2008,1,99,99,99,99,3,5,55,1,1,2,1,0,0,15,51,6,1,2,24,1,0
4,40431,2,2,1,20,8,9,3,12,1,1,0,4,1,12,401,12401,14,1994,1FMDU32X4RUC,1,F,M,D,U,3,2,X,4,R,U,C,0,P,FORD,EPR,UT,94,17,3863,,0,1120,,G,,0,0,000000000,00000000000,0,0,0,1,0,0,0,0,0,0,0,50,0,0,0,6,12,6,2,25,0,0,0,1,4,85003,6,1,0,0,3,0,71,185,0,0,0,0,0,0,0,0,0,0,0,0,0,0,3,5,55,1,1,2,1,0,0,1,53,1,1,1,25,0,0
4,40432,1,2,1,20,8,18,1,12,7,1,0,22,2,12,481,12481,31,2002,1FTRX17W02NA,1,F,T,R,X,1,7,W,0,2,N,A,1,T,FORD,F15,4C,2,17,,2,1571,1385,COF,G,,1,0,000000000,00000000000,0,0,0,1,0,0,0,0,0,0,0,70,0,0,0,1,1,6,2,12,0,0,0,1,22,70065,1,1,0,0,2,0,72,250,0,3,0,0,0,2,2010,5,2010,0,28,92,80,0,2,2,75,1,1,2,1,0,0,6,11,1,1,2,46,0,0
4,40432,2,2,12,20,8,18,1,12,7,1,0,6,1,12,461,12461,21,1992,1FBJS31G8NHA,1,F,B,J,S,3,1,G,8,N,H,A,0,T,FORD,CS3,BU,92,17,,2,0,1380,CWS,G,,0,0,000000000,00000000000,0,0,0,1,0,0,0,0,0,0,0,70,0,1,3,9,0,6,2,1,0,0,0,1,6,93313,6,1,0,0,3,0,999,999,0,0,0,0,0,0,0,0,0,0,0,0,0,0,2,2,75,1,1,2,1,0,0,1,61,1,1,1,45,1,0
4,40433,1,1,1,22,8,1,18,24,0,1,0,4,2,53,706,53706,80,2005,JS1VS55A4521,J,S,1,V,S,5,5,A,4,5,2,1,0,M,SUZI,C50,RS,5,17,,,,,,,805,0,0,000000000,00000000000,0,0,0,1,0,0,0,0,0,0,0,998,0,0,0,12,12,6,2,24,0,0,0,1,4,85223,6,1,0,0,3,3,71,210,0,0,0,0,0,0,0,0,0,1,0,0,0,0,6,2,65,1,1,2,1,0,0,1,13,1,1,4,1,1,0
4,40434,1,2,2,22,8,11,58,12,6,1,0,4,2,48,401,48401,14,2009,JF2SH63649G7,J,F,2,S,H,6,3,6,4,9,G,7,0,P,SUBA,FOR,UT,9,17,0,,0,1030,,G,,0,0,000000000,00000000000,0,0,0,1,0,0,0,0,0,0,0,20,0,0,0,3,3,6,2,12,0,0,0,1,4,86004,6,1,0,0,3,0,68,185,0,0,0,0,0,0,0,0,0,0,89,38,0,0,5,4,45,1,5,2,1,3,3,11,15,1,1,2,68,0,0
4,40434,2,2,1,22,8,11,58,12,6,1,0,4,1,53,32,53032,4,2000,JS2GB41S2Y51,J,S,2,G,B,4,1,S,2,Y,5,1,0,P,SUZI,ELS,4D,0,17,2227,,0,976,,G,,0,0,000000000,00000000000,0,0,0,1,0,0,0,0,0,0,0,45,0,0,0,12,12,6,2,12,0,0,0,1,4,86004,6,1,0,0,3,3,63,90,0,0,0,0,0,0,0,0,0,0,0,0,0,0,5,4,45,1,6,2,1,3,3,1,62,99,1,1,69,1,0
4,40435,1,2,2,22,8,17,5,12,6,1,0,4,1,20,421,20421,15,1999,3GNFK16R3XG2,3,G,N,F,K,1,6,R,3,X,G,2,0,P,CHEV,K15,UT,99,17,5297,,0,1315,,G,,0,0,000000000,00000000000,0,0,0,1,0,0,0,0,0,0,0,998,0,0,0,61,61,6,2,12,0,0,0,1,4,85645,6,1,0,0,3,0,66,130,0,0,0,0,0,0,0,0,0,0,58,92,0,0,2,2,75,1,1,2,1,0,0,15,13,1,4,6,98,0,0
4,40435,2,2,2,22,8,17,5,12,6,1,0,4,2,9,20,9020,4,2000,1P3ES46C8YD6,1,P,3,E,S,4,6,C,8,Y,D,6,0,P,PLYM,NLX,4D,0,17,2515,,0,1050,,G,,0,0,000000000,00000000000,0,0,0,1,0,0,0,0,0,0,0,998,0,0,0,12,12,6,2,12,0,0,0,1,4,85621,6,1,0,0,3,0,64,130,0,1,0,0,1,6,2010,6,2010,0,0,0,0,0,2,2,75,1,1,2,1,0,0,1,64,1,1,1,98,1,0
4,40436,1,2,1,23,8,7,59,12,1,1,0,4,2,6,441,6441,20,2005,2C4GP44R75R5,2,C,4,G,P,4,4,R,7,5,R,5,0,P,CHRY,TWC,SV,5,17,4121,,0,1193,,G,,0,0,000000000,00000000000,0,0,0,1,0,0,0,0,0,0,0,998,0,0,0,12,12,6,2,12,0,0,0,1,4,85635,6,1,0,0,3,0,70,195,0,0,0,0,0,0,0,0,0,1,0,0,0,0,2,2,75,1,5,2,1,0,0,1,51,6,1,1,24,1,0
4,40436,2,2,1,23,8,7,59,12,1,1,0,48,3,86,881,86881,66,1997,1M1AA12Y8VW0,1,M,1,A,A,1,2,Y,8,V,W,0,1,T,MACK,CH6,DS,97,17,,8,0,0,600,D,,1,57,0559942,570559942,3,6,1,1,0,0,0,0,0,0,0,998,0,0,0,6,6,6,2,12,0,0,0,1,48,77004,6,1,6,0,3,0,999,999,0,0,0,0,1,4,2009,4,2009,1,0,0,0,0,2,2,75,1,5,2,1,0,0,1,53,1,1,1,25,0,0
4,40437,1,1,1,24,8,19,41,33,0,1,0,4,2,20,32,20032,4,1992,1Y1SK5467NZ0,1,Y,1,S,K,5,4,6,7,N,Z,0,0,P,GEO,GEP,4D,92,17,2435,,0,957,,G,,0,0,000000000,00000000000,0,0,0,1,0,0,0,0,0,0,0,79,0,0,0,14,9,6,2,30,0,0,0,1,4,85201,6,1,0,0,3,0,66,175,0,0,0,0,0,0,0,0,0,1,0,0,0,0,9,9,45,1,1,2,1,0,0,1,13,1,1,4,1,1,1
4,40438,1,2,1,25,8,22,40,12,6,1,0,4,2,76,706,76706,80,2001,JYARN05E31A0,J,Y,A,R,N,0,5,E,3,1,A,0,0,M,YAMA,YFR,RS,1,17,,,,,,,998,0,0,000000000,00000000000,0,0,0,1,0,0,0,0,0,0,0,80,0,0,0,12,12,6,2,12,0,0,0,1,4,85705,6,1,0,0,3,0,71,185,0,0,0,1,1,5,2009,8,2009,1,33,37,0,0,1,2,35,1,1,8,1,0,0,6,61,1,1,1,73,1,0
4,40438,2,2,1,25,8,22,40,12,6,1,0,4,1,12,401,12401,14,1996,1FMDU34X6TUB,1,F,M,D,U,3,4,X,6,T,U,B,0,P,FORD,EPR,UT,96,17,4189,,0,1115,,G,,0,0,000000000,00000000000,0,0,0,1,0,0,0,0,0,0,0,5,0,0,0,9,9,6,2,12,0,0,0,1,4,85705,6,1,0,0,3,3,65,120,0,0,0,0,0,0,0,0,0,0,0,0,0,0,1,2,35,1,1,8,1,0,0,11,10,1,1,2,72,0,0
4,40439,1,1,1,27,8,13,0,1,0,1,0,4,1,37,706,37706,82,2008,1HFSC47L38A7,1,H,F,S,C,4,7,L,3,8,A,7,0,M,HOND,GL8,RS,8,17,,,,,,,1832,0,0,000000000,00000000000,0,0,0,1,0,0,0,0,0,0,0,55,0,0,0,0,0,6,2,1,0,0,0,1,4,85382,6,1,0,0,3,0,63,150,0,0,0,0,0,0,0,0,0,0,77,0,0,0,1,2,55,3,3,2,1,40,3,14,13,1,1,4,1,1,0
4,40440,1,1,1,28,8,7,14,34,0,1,0,4,2,73,705,73705,80,2009,JKAZX4R159A0,J,K,A,Z,X,4,R,1,5,9,A,0,0,M,KAWK,ZXP,RC,9,17,,,,,,,599,0,0,000000000,00000000000,0,0,0,1,0,0,0,0,0,0,0,998,0,0,0,14,99,6,2,1,0,0,0,1,4,85202,6,1,0,0,3,0,70,200,0,0,0,0,0,0,0,0,0,0,0,0,0,0,3,2,65,2,5,2,1,0,0,14,12,1,1,4,6,1,0
4,40441,1,1,1,29,8,6,15,1,0,1,0,4,1,49,472,49472,30,2007,5TETU62N37Z4,5,T,E,T,U,6,2,N,3,7,Z,4,0,T,TOYT,ACP,PC,7,17,,1,0,1278,TAC,G,,0,0,000000000,00000000000,0,0,0,1,0,0,0,0,0,0,0,998,0,1,5,0,0,6,2,1,0,0,0,1,4,85326,6,1,0,0,3,3,72,180,0,0,0,0,0,0,0,0,0,1,58,0,0,0,2,2,75,1,1,2,1,0,0,1,12,1,3,4,2,1,0
4,40442,1,1,1,29,8,20,4,25,0,1,0,49,1,72,706,72706,80,2006,1HD1FCW196Y6,1,H,D,1,F,C,W,1,9,6,Y,6,0,M,HD,FLU,RS,6,17,,,,,,,1450,0,0,000000000,00000000000,0,0,0,1,0,0,0,0,0,0,0,55,0,0,0,99,99,6,2,25,0,0,0,1,49,84770,6,1,0,0,3,0,68,200,98,0,0,0,0,0,0,0,0,9,0,0,0,0,3,2,55,2,6,2,1,0,0,14,13,1,1,4,1,1,1
4,40443,1,2,1,9,8,7,39,12,1,1,0,4,1,72,706,72706,80,2007,1HD1CZ3497K4,1,H,D,1,C,Z,3,4,9,7,K,4,0,M,HD,XLN,RS,7,17,,,,,,,1199,0,0,000000000,00000000000,0,0,0,1,0,0,0,0,0,0,0,30,0,0,0,12,12,6,2,12,0,0,0,1,4,86314,6,1,0,0,3,3,67,165,0,2,0,0,0,7,2009,8,2009,0,27,0,0,0,5,9,45,1,1,2,1,2,3,15,52,1,1,1,20,1,0
4,40443,2,2,1,9,8,7,39,12,1,1,0,4,1,2,405,2405,14,2003,1J4GK58K73W6,1,J,4,G,K,5,8,K,7,3,W,6,0,T,JEEP,LMD,4W,3,17,,1,0,1043,LIB,G,,0,0,000000000,00000000000,0,0,0,1,0,0,0,0,0,0,0,0,0,0,0,6,6,4,3,12,0,0,0,1,4,86315,6,1,0,0,3,0,64,138,0,0,0,0,0,0,0,0,0,0,0,0,0,0,5,9,45,1,1,2,1,2,3,5,53,1,1,1,21,0,0
4,40444,1,1,3,5,6,7,21,1,0,1,0,4,2,20,37,20037,4,2007,1G1ZT58N67F2,1,G,1,Z,T,5,8,N,6,7,F,2,0,P,CHEV,MLT,4D,7,17,3155,,0,1063,,G,,0,0,000000000,00000000000,0,0,0,1,0,0,0,0,0,0,0,55,0,1,5,0,98,6,2,1,0,0,0,1,4,85247,0,0,0,0,0,0,71,183,0,0,0,0,0,0,0,0,0,1,0,0,0,0,1,2,45,8,1,8,1,0,0,1,9,7,3,4,2,1,1
4,40445,1,1,8,31,8,5,10,1,0,1,0,6,1,20,431,20431,16,1993,1GNGC26N3PJ3,1,G,N,G,C,2,6,N,3,P,J,3,0,P,CHEV,C25,UT,93,17,5089,,0,1315,,G,,0,0,000000000,00000000000,0,0,0,1,0,0,0,0,0,0,0,74,0,1,5,0,0,6,2,1,0,0,0,1,6,90031,6,1,0,0,3,0,67,205,0,0,0,0,0,0,0,0,0,9,58,0,0,0,2,2,65,1,1,2,1,0,0,1,13,1,1,4,1,1,0
4,40447,1,1,2,1,7,99,99,99,0,1,0,99,9,99,999,99999,99,9999,999999999999,9,9,9,9,9,9,9,9,9,9,9,9,0,U,,,,9,17,,,,,,,,0,0,000000000,00000000000,0,0,0,1,0,0,0,0,0,0,0,999,0,0,0,99,99,9,9,99,0,0,0,1,99,99999,9,9,99,9,9,9,999,999,99,99,99,99,99,99,9999,99,9999,9,99,99,99,99,9,9,99,9,9,9,99,99,9,99,99,99,9,9,99,1,0
4,40448,1,1,1,13,7,7,15,1,0,1,0,4,1,20,401,20401,14,2002,1GNDS13S6224,1,G,N,D,S,1,3,S,6,2,2,4,0,P,CHEV,TRL,UT,2,17,4442,,0,1130,,G,,0,0,000000000,00000000000,0,0,0,1,0,0,0,0,0,0,0,999,0,2,6,0,13,6,2,58,0,0,0,1,4,85618,1,1,0,0,2,0,66,125,0,0,0,0,0,0,0,0,0,0,58,0,0,0,1,2,99,4,5,2,1,0,0,14,12,1,1,4,1,1,0
4,40449,1,1,1,2,8,99,99,99,0,1,9,99,9,99,999,99999,99,9999,999999999999,9,9,9,9,9,9,9,9,9,9,9,9,0,U,,,,9,17,,,,,,,,0,0,000000000,00000000000,0,0,0,1,0,0,0,0,0,0,0,999,0,0,0,99,99,9,9,99,0,0,0,1,4,85208,6,1,0,0,3,3,72,190,0,0,0,0,0,0,0,0,0,9,99,99,99,99,9,9,99,1,1,9,99,99,9,99,99,99,9,9,99,1,0
4,40450,1,1,1,6,8,4,0,8,0,1,0,4,9,12,481,12481,31,2005,1FTPW12515KE,1,F,T,P,W,1,2,5,1,5,K,E,0,T,FORD,F1S,CW,5,17,,2,1450,1260,COF,G,,0,0,000000000,00000000000,0,0,0,1,0,0,0,0,0,0,0,998,0,0,0,12,12,4,9,8,0,0,0,1,99,99999,9,9,99,0,9,9,999,999,99,99,99,99,99,99,9999,99,9999,9,99,99,99,99,1,2,55,8,8,2,98,0,0,1,80,1,1,1,13,0,0
4,40451,1,1,4,7,8,22,0,1,0,1,0,99,9,99,999,99999,99,9999,999999999999,9,9,9,9,9,9,9,9,9,9,9,9,0,U,,,,9,17,,,,,,,,0,0,000000000,00000000000,0,0,0,1,0,0,0,0,0,0,0,999,0,9,9,0,0,9,9,1,0,0,0,1,99,99999,9,9,99,0,9,9,999,999,99,99,99,99,99,99,9999,99,9999,9,99,99,99,99,9,9,99,9,9,9,99,99,9,99,9,99,9,9,98,1,0
4,40452,1,1,1,9,8,99,99,8,0,1,9,99,9,99,999,99999,99,9999,999999999999,9,9,9,9,9,9,9,9,9,9,9,9,0,U,,,,9,17,,,,,,,,0,0,000000000,00000000000,0,0,0,1,0,0,0,0,0,0,0,999,0,0,0,12,99,9,9,8,0,0,0,1,99,99999,9,9,99,9,9,9,999,999,99,99,99,99,99,99,9999,99,9999,9,99,99,99,99,9,9,99,9,9,9,99,99,9,99,80,99,9,9,13,0,0
4,40453,1,2,1,10,8,23,29,12,2,1,0,4,2,20,481,20481,31,1985,1GCGK24M7FJ1,1,G,C,G,K,2,4,M,7,F,J,1,0,T,CHEV,K20,PK,85,17,,2,0,1315,K20,G,,0,0,000000000,00000000000,0,0,0,1,0,0,0,0,0,0,0,998,0,0,0,12,12,6,2,12,0,0,0,1,4,86040,6,1,0,0,3,0,66,225,0,0,0,0,0,0,0,0,0,0,28,24,0,0,1,2,55,1,1,2,1,0,0,1,10,1,1,2,50,1,1
4,40453,2,2,2,10,8,23,29,12,2,1,0,48,1,20,421,20421,15,2009,1GNFC33029R2,1,G,N,F,C,3,3,0,2,9,R,2,0,P,CHEV,CTA,UT,9,17,5265,,0,1160,,F,,0,0,000000000,00000000000,0,0,0,1,0,0,0,0,0,0,0,998,0,0,0,12,12,6,2,12,0,0,0,1,48,78258,6,1,0,0,3,0,999,999,0,0,0,0,0,0,0,0,0,0,0,0,0,0,1,2,45,1,1,2,1,0,0,1,62,1,1,1,51,0,0
4,40454,1,1,1,13,8,99,99,33,0,1,0,99,9,99,709,99709,88,9999,999999999999,9,9,9,9,9,9,9,9,9,9,9,9,0,U,,,,9,17,,,,,,,,0,0,000000000,00000000000,0,0,0,1,0,0,0,0,0,0,0,999,0,0,0,14,14,9,9,33,0,0,0,1,4,85373,6,1,0,0,2,0,73,210,0,0,0,0,0,0,0,0,0,9,99,99,99,99,9,9,99,9,9,9,99,99,9,99,13,99,9,4,1,1,0