STATE,ST_CASE,VEH_NO,VE_FORMS,NUMOCCS,DAY,MONTH,HOUR,MINUTE,HARM_EV,MAN_COLL,UNITTYPE,HIT_RUN,REG_STAT,OWNER,MAKE,MODEL,MAK_MOD,BODY_TYP,MOD_YEAR,VIN,VIN_1,VIN_2,VIN_3,VIN_4,VIN_5,VIN_6,VIN_7,VIN_8,VIN_9,VIN_10,VIN_11,VIN_12,TOW_VEH,VINTYPE,VINMAKE,VINA_MOD,VIN_BT,VINMODYR,VIN_LNGT,VIN_WGT,WGTCD_TR,WHLBS_LG,WHLBS_SH,SER_TR,FUELCODE,MCYCL_DS,J_KNIFE,MCARR_I1,MCARR_I2,MCARR_ID,GVWR,V_CONFIG,CARGO_BT,HAZ_INV,HAZ_PLAC,HAZ_ID,HAZ_CNO,HAZ_REL,BUS_USE,SPEC_USE,EMER_USE,TRAV_SP,UNDERIDE,ROLLOVER,ROLINLOC,IMPACT1,IMPACT2,DEFORMED,TOWED,M_HARM,VEH_SC1,VEH_SC2,FIRE_EXP,DR_PRES,L_STATE,DR_ZIP,L_STATUS,L_TYPE,CDL_STAT,L_ENDORS,L_COMPL,L_RESTRI,DR_HGT,DR_WGT,PREV_ACC,PREV_SUS,PREV_DWI,PREV_SPD,PREV_OTH,FIRST_MO,FIRST_YR,LAST_MO,LAST_YR,SPEEDREL,DR_SF1,DR_SF2,DR_SF3,DR_SF4,VTRAFWAY,VNUM_LAN,VSPD_LIM,VALIGN,VPROFILE,VPAVETYP,VSURCOND,VTRAFCON,VTCONT_F,P_CRASH1,P_CRASH2,P_CRASH3,PCRASH4,PCRASH5,ACC_TYPE,DEATHS,DR_DRINK
4,40455,1,1,2,17,8,0,2,99,0,1,9,99,9,99,999,99999,99,9999,999999999999,9,9,9,9,9,9,9,9,9,9,9,9,0,U,,,,9,17,,,,,,,,0,0,000000000,00000000000,0,0,0,1,0,0,0,0,0,0,0,999,0,0,0,99,99,9,9,99,0,0,0,1,4,86503,6,1,0,0,3,3,64,154,0,0,0,0,0,0,0,0,0,9,99,99,99,99,9,9,99,9,9,2,99,0,0,99,99,99,9,9,99,2,1
4,40456,1,2,2,18,8,19,13,12,1,1,0,99,9,99,999,99999,99,9999,999999999999,9,9,9,9,9,9,9,9,9,9,9,9,0,U,,,,9,17,,,,,,,,0,0,000000000,00000000000,0,0,0,1,0,0,0,0,0,0,0,999,0,0,0,12,12,9,9,12,0,0,0,1,4,86505,6,1,0,0,3,0,69,180,0,0,0,0,0,0,0,0,0,9,99,99,99,99,9,9,99,9,9,2,99,0,0,99,51,99,9,9,24,1,0
4,40456,2,2,1,18,8,19,13,12,1,1,0,99,9,99,999,99999,99,9999,999999999999,9,9,9,9,9,9,9,9,9,9,9,9,0,U,,,,9,17,,,,,,,,0,0,000000000,00000000000,0,0,0,1,0,0,0,0,0,0,0,999,0,0,0,6,6,9,9,12,0,0,0,1,4,86505,6,1,0,0,3,0,64,140,0,0,0,0,0,0,0,0,0,9,99,99,99,99,9,9,99,9,9,2,99,0,0,99,53,99,9,9,25,1,0
4,40457,1,1,2,29,8,99,99,99,0,1,0,99,9,99,999,99999,99,9999,999999999999,9,9,9,9,9,9,9,9,9,9,9,9,0,U,,,,9,17,,,,,,,,0,0,000000000,00000000000,0,0,0,1,0,0,0,0,0,0,0,999,0,0,0,99,99,9,9,99,0,0,0,1,99,99999,9,9,99,9,9,9,999,999,99,99,99,99,99,99,9999,99,9999,9,99,99,99,99,9,9,99,9,9,2,99,0,0,99,99,99,9,9,99,1,0
4,40459,1,2,5,2,8,18,8,12,6,1,0,4,2,23,421,23421,15,1999,1GKEK13R3XJ7,1,G,K,E,K,1,3,R,3,X,J,7,0,T,GMC,YUK,4W,99,17,,2,0,1175,YUK,G,,0,0,000000000,00000000000,0,0,0,1,0,0,0,0,0,0,0,49,0,0,0,12,12,6,2,12,0,0,0,1,4,85034,3,1,0,0,2,0,57,158,0,0,0,0,0,0,0,0,0,0,39,0,0,0,2,3,45,1,1,8,1,2,3,1,17,1,1,1,88,0,0
4,40459,2,2,1,2,8,18,8,12,6,1,0,4,1,14,6,14006,4,1997,2MELM74WXVX6,2,M,E,L,M,7,4,W,X,V,X,6,0,P,MERC,GMG,4D,97,17,3792,,0,1144,,G,,0,0,000000000,00000000000,0,0,0,1,0,0,0,0,0,0,0,11,0,0,0,9,9,6,2,12,0,0,0,1,4,85022,6,1,0,0,3,3,77,325,0,0,0,0,0,0,0,0,0,0,0,0,0,0,1,2,25,1,1,8,1,2,3,1,66,1,1,1,89,1,0
4,40460,1,3,1,6,8,15,52,12,1,1,0,4,1,12,481,12481,31,1997,3FTHF25H0VMA,3,F,T,H,F,2,5,H,0,V,M,A,0,T,FORD,F25,PK,97,17,,2,0,1330,COF,G,,0,0,000000000,00000000000,0,0,0,1,0,0,0,0,0,0,0,73,0,1,1,12,12,6,2,12,0,0,0,1,4,85338,1,1,0,0,2,0,68,180,1,8,0,4,1,8,2007,7,2010,1,28,0,0,0,5,4,45,1,1,8,1,0,0,1,51,1,1,1,24,0,0
4,40460,2,3,2,6,8,15,52,12,1,1,0,4,1,12,4,12004,2,1994,1FALP62WXRH1,1,F,A,L,P,6,2,W,X,R,H,1,0,P,FORD,THL,2D,94,17,3570,,0,1130,,G,,0,0,000000000,00000000000,0,0,0,1,0,0,0,0,0,0,0,47,0,0,0,6,6,6,2,12,0,0,0,1,4,85335,6,1,0,0,3,0,59,110,0,0,0,0,0,0,0,0,0,0,0,0,0,0,5,4,45,1,1,8,1,0,0,1,53,1,1,1,25,0,0
4,40460,3,3,1,6,8,15,52,12,1,1,0,4,1,35,47,35047,4,2003,1N4BL11D33C2,1,N,4,B,L,1,1,D,3,3,C,2,0,P,NISS,ABE,4D,3,17,3071,,0,1102,,G,,0,0,000000000,00000000000,0,0,0,1,0,0,0,0,0,0,0,47,0,0,0,12,12,6,2,12,0,0,0,1,4,85335,6,1,0,0,3,0,64,130,0,0,0,1,0,11,2009,11,2009,0,0,0,0,0,5,4,45,1,1,8,1,0,0,1,62,1,1,1,98,1,0
4,40461,1,2,4,30,8,10,45,12,2,1,0,4,4,7,24,7024,4,2009,2B3KA43D89H5,2,B,3,K,A,4,3,D,8,9,H,5,0,P,DODG,CHA,4D,9,17,3820,,0,1200,,G,,0,0,000000000,00000000000,0,0,0,1,0,0,0,0,0,0,0,48,0,0,0,12,12,6,2,12,0,0,0,1,97,0,9,9,99,0,9,9,999,999,99,99,99,99,99,99,9999,99,9999,0,28,0,0,0,1,2,45,3,1,2,1,0,0,14,54,3,2,2,50,2,0
4,40461,2,2,1,30,8,10,45,12,2,1,0,4,2,12,481,12481,31,2002,1FTSF31F32ED,1,F,T,S,F,3,1,F,3,2,E,D,0,T,FORD,F3S,PK,2,17,,2,0,1370,SRW,D,,0,0,000000000,00000000000,0,0,0,1,0,0,0,0,0,0,0,45,0,0,0,12,12,6,2,12,0,0,0,1,4,86409,6,1,0,0,3,0,68,170,0,0,0,1,0,1,2009,1,2009,0,0,0,0,0,1,2,45,2,1,2,1,0,0,14,62,7,1,1,51,0,0
4,40462,1,3,1,13,8,18,23,12,2,1,0,4,1,72,706,72706,80,2004,1HD1BJY114Y0,1,H,D,1,B,J,Y,1,1,4,Y,0,0,M,HD,STC,RS,4,17,,,,,,,1450,0,0,000000000,00000000000,0,0,0,1,0,0,0,0,0,0,0,35,0,0,0,12,12,6,2,12,0,0,0,1,4,85020,6,1,6,0,3,3,70,190,0,6,0,0,0,6,2008,6,2010,0,33,0,0,0,5,7,35,1,1,8,1,0,0,6,54,98,1,1,50,1,0
4,40462,2,3,2,13,8,18,23,12,2,1,0,4,2,54,31,54031,4,1991,JH4DB1544MS0,J,H,4,D,B,1,5,4,4,M,S,0,0,P,ACUR,IRS,4D,91,17,2491,,0,1024,,G,,0,0,000000000,00000000000,0,0,0,1,0,0,0,0,0,0,0,0,0,0,0,12,12,6,2,12,0,0,0,1,4,85031,6,1,0,0,3,0,72,175,0,0,0,0,0,0,0,0,0,0,0,0,0,0,5,7,35,1,1,8,1,0,0,5,54,1,1,1,51,0,0
4,40462,3,3,1,13,8,18,23,12,2,1,0,4,1,14,401,14401,14,1997,4M2DU55PXVUJ,4,M,2,D,U,5,5,P,X,V,U,J,0,P,MERC,MOU,UT,97,17,0,,0,1120,,G,,0,0,000000000,00000000000,0,0,0,1,0,0,0,0,0,0,0,5,0,0,0,14,14,2,1,54,0,0,0,1,4,85303,6,1,0,0,3,0,70,200,0,1,0,0,1,8,2007,10,2007,0,0,0,0,0,5,7,35,1,1,8,1,0,0,1,98,1,1,1,98,0,0
4,40463,1,1,1,25,8,20,52,15,0,1,0,4,1,52,34,52034,4,1998,4A3AJ56G0WE0,4,A,3,A,J,5,6,G,0,W,E,0,0,P,MITS,UEL,4D,98,17,2877,,0,1037,,G,,0,0,000000000,00000000000,0,0,0,1,0,0,0,0,0,0,0,31,0,0,0,12,12,2,1,15,0,0,0,1,4,85304,6,1,0,0,3,2,68,135,0,0,0,0,0,0,0,0,0,0,74,0,0,0,5,5,45,1,1,2,1,0,0,1,80,1,1,1,13,0,0
4,40464,1,1,1,13,8,22,11,8,0,1,0,4,1,49,442,49442,20,2006,5TDZA23C66S3,5,T,D,Z,A,2,3,C,6,6,S,3,0,P,TOYT,SIE,SV,6,17,4120,,0,1193,,G,,0,0,000000000,00000000000,0,0,0,1,0,0,0,0,0,0,0,35,0,0,0,9,9,2,1,8,0,0,0,1,4,85249,6,1,0,0,3,0,62,150,0,0,0,0,0,0,0,0,0,0,0,0,0,0,5,4,40,1,1,2,1,0,0,1,80,1,1,1,13,0,0
4,40465,1,1,3,1,9,19,41,8,0,1,0,4,1,20,37,20037,4,2010,1G1ZA5E07A41,1,G,1,Z,A,5,E,0,7,A,4,1,0,P,CHEV,M/L,4D,10,17,3415,,0,1123,,F,,0,0,000000000,00000000000,0,0,0,1,0,0,0,0,0,0,0,40,0,0,0,12,12,6,2,8,0,0,0,1,4,85207,6,1,0,0,3,3,72,240,0,0,0,0,0,0,0,0,0,0,0,0,0,0,1,2,45,1,1,2,1,0,0,1,80,1,1,1,13,0,0
4,40466,1,1,2,2,9,3,11,1,0,1,0,4,1,12,401,12401,14,1966,U15NL873219,U,1,5,N,L,8,7,3,2,1,9,,0,P,,,,,,,,,,,,,0,0,000000000,00000000000,0,0,0,1,0,0,0,0,0,0,0,25,0,1,6,0,0,6,2,1,0,0,0,1,4,85749,6,1,0,0,3,0,66,140,0,0,0,1,0,5,2009,5,2009,0,99,99,99,99,1,2,25,3,6,8,11,0,0,14,12,1,1,4,6,1,1
4,40467,1,1,2,2,9,14,19,1,0,1,0,4,1,12,401,12401,14,2000,1FMDU64E6YZA,1,F,M,D,U,6,4,E,6,Y,Z,A,0,P,FORD,EPR,UT,0,17,3970,,0,1116,,G,,0,0,000000000,00000000000,0,0,0,1,0,0,0,0,0,0,0,66,0,1,3,0,0,6,2,1,32,0,0,1,4,86047,6,1,0,0,3,3,65,150,0,0,0,0,0,0,0,0,0,0,80,0,0,0,2,2,75,1,1,2,1,0,0,1,1,1,4,4,7,1,0
4,40468,1,1,1,2,9,23,13,1,0,1,0,4,1,35,472,35472,30,2004,1N6ED27Y54C4,1,N,6,E,D,2,7,Y,5,4,C,4,0,T,NISS,FCX,CW,4,17,,1,0,1161,FRT,G,,0,0,000000000,00000000000,0,0,0,1,0,0,0,0,0,0,0,999,0,1,1,0,0,6,2,1,0,0,0,1,4,85637,6,1,0,0,3,0,66,150,0,0,0,0,0,0,0,0,0,1,0,0,0,0,1,2,25,4,1,2,1,0,0,14,13,1,1,6,98,1,1
4,40469,1,1,1,6,9,5,5,8,0,1,1,99,9,99,999,99999,99,9999,999999999999,9,9,9,9,9,9,9,9,9,9,9,9,0,U,,,,9,17,,,,,,,,0,0,000000000,00000000000,0,0,0,1,0,0,0,0,0,0,0,998,0,0,0,12,12,9,1,8,0,0,0,1,99,99999,9,9,99,9,9,9,999,999,99,99,99,99,99,99,9999,99,9999,9,99,99,99,99,1,2,55,1,1,2,1,0,0,1,80,7,1,1,13,0,0
4,40470,1,1,2,6,9,9,6,32,0,1,1,4,1,23,481,23481,31,1998,2GTEK19R5W15,2,G,T,E,K,1,9,R,5,W,1,5,0,T,GMC,SK1,PC,98,17,,2,1555,1415,SIE,G,,0,0,000000000,00000000000,0,0,0,1,0,0,0,0,0,0,0,45,0,1,6,99,98,6,2,1,0,0,0,1,4,85710,1,1,0,0,2,0,71,170,0,4,0,3,0,12,2008,11,2009,0,80,0,0,0,1,2,45,1,9,8,1,0,0,1,1,1,4,4,7,1,0
4,40471,1,1,2,10,9,16,47,1,0,1,0,4,1,35,472,35472,30,2001,1N6DD21S21C3,1,N,6,D,D,2,1,S,2,1,C,3,0,T,NISS,FXE,PK,1,17,,1,0,1043,FRT,G,,0,0,000000000,00000000000,0,0,0,1,0,0,0,0,0,0,0,999,0,1,9,0,99,6,2,1,0,0,0,1,4,86314,6,1,0,0,3,0,69,220,0,0,0,0,0,0,0,0,0,1,58,0,0,0,1,2,15,2,1,8,1,40,3,14,8,99,4,4,7,1,1
4,40472,1,2,2,11,9,3,3,12,2,1,0,4,2,12,422,12422,15,1997,1FMEU17L9VLB,1,F,M,E,U,1,7,L,9,V,L,B,0,P,FORD,EPT,UT,97,17,4827,,0,1190,,G,,0,0,000000000,00000000000,0,0,0,1,0,0,0,0,0,0,0,35,0,0,0,12,12,6,2,12,0,0,0,1,4,85296,6,1,0,0,3,3,69,145,0,0,0,0,0,0,0,0,0,0,28,0,0,0,5,4,40,1,1,8,1,0,0,1,10,1,1,2,50,0,1
4,40472,2,2,2,11,9,3,3,12,2,1,0,4,1,20,2,20002,4,1992,1G1BN53E1NR1,1,G,1,B,N,5,3,E,1,N,R,1,0,P,CHEV,CLL,4D,92,17,3951,,0,1159,,G,,0,0,000000000,00000000000,0,0,0,1,0,0,0,0,0,0,0,43,0,0,0,12,12,6,2,12,0,0,0,1,4,85201,1,1,0,0,2,0,69,220,0,2,0,4,1,7,2008,8,2010,0,0,0,0,0,5,4,40,1,1,8,1,0,0,1,62,1,1,1,51,1,0
4,40473,1,2,1,11,9,14,28,12,6,1,0,4,1,55,35,55035,4,2004,KMHDN46DX4U7,K,M,H,D,N,4,6,D,X,4,U,7,0,P,HYUN,EST,4D,4,17,2635,,0,1027,,G,,0,0,000000000,00000000000,0,0,0,1,0,0,0,0,0,0,0,12,0,0,0,61,61,6,2,12,0,0,0,1,4,85207,6,1,0,0,3,0,66,148,1,0,0,1,0,1,2008,1,2008,0,39,0,0,0,1,2,35,1,1,2,1,20,3,1,17,1,1,1,89,1,0
4,40473,2,2,1,11,9,14,28,12,6,1,0,4,2,23,481,23481,31,2002,1GTEK19T42E1,1,G,T,E,K,1,9,T,4,2,E,1,0,T,GMC,NK1,4C,2,17,,2,1575,1435,SIE,G,,0,0,000000000,00000000000,0,0,0,1,0,0,0,0,0,0,0,40,0,1,1,12,12,6,2,12,0,0,0,1,4,85219,1,1,0,0,2,0,72,220,0,3,1,0,0,8,2009,5,2010,0,0,0,0,0,1,2,30,1,1,2,1,0,0,1,66,8,1,1,88,0,0
4,40474,1,2,1,13,9,20,7,25,0,1,0,32,1,12,481,12481,31,2003,1FTRX18L03NB,1,F,T,R,X,1,8,L,0,3,N,B,0,T,FORD,F15,4C,3,17,,2,1574,1388,COF,G,,0,0,000000000,00000000000,0,0,0,1,0,0,0,0,0,0,0,80,0,1,1,99,98,6,2,1,0,0,1,1,32,89005,6,1,0,0,3,3,72,210,0,0,0,0,0,0,0,0,0,1,0,0,0,0,3,2,55,1,6,2,1,0,0,1,6,99,4,4,7,1,1
4,40474,2,2,1,13,9,20,7,25,0,1,0,32,3,85,881,85881,66,2001,1XKWDB9X71R8,1,X,K,W,D,B,9,X,7,1,R,8,1,T,KW,W90,DS,1,17,,8,2850,1600,CON,D,,1,57,1703040,571703040,3,6,98,1,0,0,0,0,0,0,0,55,0,0,0,61,61,2,1,12,0,0,0,1,32,89031,6,1,6,0,3,3,70,200,0,0,0,1,1,9,2009,9,2009,0,0,0,0,0,3,2,55,1,6,2,1,0,0,1,60,99,1,1,98,0,0
4,40475,1,2,2,14,9,18,22,12,6,1,0,4,1,20,2,20002,4,2007,2G1WT58K0792,2,G,1,W,T,5,8,K,0,7,9,2,0,P,CHEV,IMT,4D,7,17,3674,,0,1105,,F,,0,0,000000000,00000000000,0,0,0,1,0,0,0,0,0,0,0,998,0,0,0,82,82,6,2,12,0,0,0,1,4,85143,6,1,0,0,3,0,69,230,0,0,0,0,0,0,0,0,0,0,38,0,0,0,2,3,45,1,1,8,1,2,3,11,15,1,1,3,68,1,0
4,40475,2,2,2,14,9,18,22,12,6,1,0,4,1,12,481,12481,31,1999,1FTNW21FXXEA,1,F,T,N,W,2,1,F,X,X,E,A,0,T,FORD,F2S,CW,99,17,,2,1724,1562,SRW,D,,0,0,000000000,00000000000,0,0,0,1,0,0,0,0,0,0,0,998,0,0,0,12,12,6,2,12,0,0,0,1,4,85206,6,1,0,0,3,0,74,210,0,0,0,0,0,0,0,0,0,0,0,0,0,0,2,3,45,1,1,8,1,2,3,1,62,1,1,1,69,0,0
4,40476,1,1,1,15,9,9,0,24,0,1,0,35,1,7,880,7880,67,2005,3D7MS46C15G8,3,D,7,M,S,4,6,C,1,5,G,8,0,T,DODG,S35,PK,5,17,,3,0,1405,RPC,D,,0,88,888888888,88888888888,2,1,97,1,0,0,0,0,0,0,0,998,0,1,6,82,0,6,2,1,0,0,0,1,35,88061,6,1,0,0,3,0,71,190,98,0,0,0,0,0,0,0,0,9,99,99,99,99,1,2,55,3,6,2,1,0,0,14,12,1,1,4,6,1,0
4,40477,1,1,1,17,9,18,17,1,0,1,0,4,2,12,880,12880,67,2007,1FTWW31P47EB,1,F,T,W,W,3,1,P,4,7,E,B,1,T,FORD,F3S,CW,7,17,,3,1720,1560,SRW,D,,1,88,888888888,88888888888,2,4,3,1,0,0,0,0,0,0,0,998,0,1,5,0,0,6,2,1,0,0,0,1,4,85201,6,1,0,0,3,0,70,155,0,0,0,0,0,0,0,0,0,1,0,0,0,0,1,2,55,3,6,2,1,0,0,14,13,1,1,4,1,1,0
4,40478,1,1,2,19,9,8,18,30,0,1,0,4,2,20,2,20002,4,2004,2G1WF52E8491,2,G,1,W,F,5,2,E,8,4,9,1,0,P,CHEV,IMP,4D,4,17,3389,,0,1105,,G,,0,0,000000000,00000000000,0,0,0,1,0,0,0,0,0,0,0,101,0,1,5,12,9,6,2,31,0,0,0,1,4,86047,6,1,0,0,3,0,66,230,0,0,0,0,0,0,0,0,0,1,0,0,0,0,1,2,25,1,1,2,1,0,0,1,6,1,4,4,7,1,1
4,40479,1,1,1,19,9,11,49,1,0,1,0,4,1,49,401,49401,14,1999,JT3HN86R4X02,J,T,3,H,N,8,6,R,4,X,0,2,0,P,TOYT,RUN,UT,99,17,3930,,0,1053,,G,,0,0,000000000,00000000000,0,0,0,1,0,0,0,0,0,0,0,82,0,1,5,0,99,6,2,1,0,0,0,1,4,85048,6,1,0,0,3,0,71,181,0,0,0,1,0,4,2009,4,2009,1,58,0,0,0,1,2,50,3,1,2,1,0,0,14,6,7,9,4,2,1,0
4,40480,1,5,1,19,9,13,32,39,0,1,0,27,1,42,51,42051,4,2006,WDDDJ75X96A0,W,D,D,D,J,7,5,X,9,6,A,0,0,P,MERZ,CS5,C4,6,17,4000,,0,1123,,G,,0,0,000000000,00000000000,0,0,0,1,0,0,0,0,0,0,0,998,0,0,0,82,99,6,2,12,0,0,0,1,27,85018,6,1,0,0,3,0,70,200,0,0,0,0,0,0,0,0,0,1,99,99,99,99,6,1,55,1,1,2,1,2,3,1,13,1,1,4,1,0,0
4,40480,2,5,2,19,9,13,32,39,0,1,0,4,2,20,421,20421,15,2002,1GNEC13V02R1,1,G,N,E,C,1,3,V,0,2,R,1,0,P,CHEV,CTA,UT,2,17,4828,,0,1160,,G,,0,0,000000000,00000000000,0,0,0,1,0,0,0,0,0,0,0,998,0,1,1,6,99,6,2,12,0,0,0,1,4,85016,6,1,0,0,3,0,64,118,0,0,0,0,0,0,0,0,0,0,0,0,0,0,6,1,55,1,1,1,1,2,3,10,53,1,1,1,98,1,0
4,40480,3,5,2,19,9,13,32,39,0,1,0,4,1,24,401,24401,14,2004,5GZCZ53404S8,5,G,Z,C,Z,5,3,4,0,4,S,8,0,P,STRN,VUE,UT,4,17,3478,,0,1066,,G,,0,0,000000000,00000000000,0,0,0,1,0,0,0,0,0,0,0,998,0,0,0,82,99,6,2,12,0,0,0,1,4,85014,6,1,0,0,3,3,71,180,0,0,0,0,0,0,0,0,0,0,0,0,0,0,2,2,30,1,1,1,1,2,3,1,66,1,1,1,98,0,0
4,40480,4,5,1,19,9,13,32,39,0,1,0,4,1,37,421,37421,15,2004,2HKYF184X4H5,2,H,K,Y,F,1,8,4,X,4,H,5,0,P,HOND,PIL,UT,4,17,4400,,0,1063,,G,,0,0,000000000,00000000000,0,0,0,1,0,0,0,0,0,0,0,0,0,0,0,12,62,6,2,12,0,0,0,1,4,85284,6,1,0,0,3,0,63,115,0,0,0,0,0,0,0,0,0,0,0,0,0,0,2,2,30,1,1,1,1,2,3,5,62,1,1,1,98,0,0
4,40480,5,5,1,19,9,13,32,39,0,1,0,4,1,23,481,23481,31,1984,1GTDC14H9EF7,1,G,T,D,C,1,4,H,9,E,F,7,0,T,GMC,C15,PK,84,17,,1,1315,1175,C15,G,,0,0,000000000,00000000000,0,0,0,1,0,0,0,0,0,0,0,998,0,0,0,62,61,6,2,12,0,0,0,1,4,85006,6,1,4,0,3,0,73,220,0,2,0,0,1,1,2008,3,2009,0,0,0,0,0,2,2,30,1,1,1,1,2,3,1,66,1,1,1,98,0,0
4,40481,1,1,1,20,9,20,9,1,0,1,0,4,1,41,402,41402,14,2002,4F2YU08182KM,4,F,2,Y,U,0,8,1,8,2,K,M,0,P,MAZD,TRI,UT,2,17,3455,,0,1031,,G,,0,0,000000000,00000000000,0,0,0,1,0,0,0,0,0,0,0,999,0,1,5,0,98,6,2,1,0,0,0,1,4,85706,6,1,6,0,3,0,67,200,0,0,0,2,1,2,2008,7,2010,1,99,99,99,99,2,2,75,1,1,2,2,0,0,1,6,1,3,4,2,1,0
4,40482,1,2,1,21,9,9,4,1,0,1,0,4,1,37,706,37706,80,1998,1HFSC2236WA0,1,H,F,S,C,2,2,3,6,W,A,0,0,M,HOND,G1E,RS,98,17,,,,,,,1520,0,0,000000000,00000000000,0,0,0,1,0,0,0,0,0,0,0,60,0,0,0,0,12,6,2,12,0,0,0,1,4,85340,6,1,0,0,3,3,72,190,0,0,0,0,0,0,0,0,0,9,99,99,99,99,2,5,65,1,1,2,1,0,0,2,50,3,2,1,98,1,0
4,40482,2,2,1,21,9,9,4,1,0,1,0,4,2,20,471,20471,30,1997,1GCDT14X0V81,1,G,C,D,T,1,4,X,0,V,8,1,0,T,CHEV,S14,PK,97,17,,1,1179,1083,S,G,,0,0,000000000,00000000000,0,0,0,1,0,0,0,0,0,0,0,0,0,0,0,6,6,4,1,12,0,0,0,1,4,85037,6,1,6,0,3,0,71,235,0,0,0,1,1,8,2008,12,2008,0,0,0,0,0,2,5,65,1,1,2,1,0,0,5,53,1,1,1,98,0,0
4,40483,1,2,1,25,9,4,46,12,2,1,0,4,1,20,482,20482,31,2007,3GNEC12087G3,3,G,N,E,C,1,2,0,8,7,G,3,0,P,CHEV,AVL,UT,7,17,5539,,0,1300,,F,,0,0,000000000,00000000000,0,0,0,1,0,0,0,0,0,0,0,998,0,0,0,12,12,6,2,12,0,0,0,1,4,85019,6,1,0,0,3,0,72,260,0,0,0,0,0,0,0,0,0,1,51,0,0,0,3,6,65,1,1,2,1,0,0,1,54,1,1,1,52,0,1
4,40483,2,2,2,25,9,4,46,12,2,1,0,4,1,35,47,35047,4,2002,1N4AL11D92C1,1,N,4,A,L,1,1,D,9,2,C,1,0,P,NISS,ABS,4D,2,17,2873,,0,1102,,G,,0,0,000000000,00000000000,0,0,0,1,0,0,0,0,0,0,0,998,0,0,0,12,12,6,2,12,0,0,0,1,4,85242,6,1,0,0,3,3,64,160,0,0,0,0,0,0,0,0,0,0,0,0,0,0,3,6,65,1,1,2,1,0,0,1,54,1,1,1,52,2,0
4,40484,1,2,1,25,9,12,48,12,6,1,0,4,1,12,461,12461,21,2006,1FTRE14W06HA,1,F,T,R,E,1,4,W,0,6,H,A,0,T,FORD,15V,CG,6,17,,2,0,1380,VAN,G,,0,0,000000000,00000000000,0,0,0,1,0,0,0,0,0,0,0,998,0,0,0,12,12,6,2,12,0,0,0,1,4,86323,6,1,0,0,3,0,72,200,0,0,0,1,0,6,2010,6,2010,0,39,0,0,0,4,1,35,1,1,2,2,20,3,1,17,1,1,1,86,1,0
4,40484,2,2,1,25,9,12,48,12,6,1,0,18,3,84,881,84881,66,2009,2HSCUAPR69C0,2,H,S,C,U,A,P,R,6,9,C,0,1,T,INTL,PPR,DS,9,17,,8,0,0,PRO,D,,1,57,0261902,570261902,3,6,1,1,0,0,0,0,0,0,0,55,0,1,3,3,3,6,2,12,0,0,0,1,6,95824,6,1,6,0,3,0,70,300,0,0,0,0,0,0,0,0,0,0,0,0,0,0,2,2,55,1,1,2,1,0,0,1,66,6,1,2,87,0,0
4,40485,1,1,2,25,9,19,21,8,0,1,0,1,1,23,481,23481,31,2005,2GTEC19T9512,2,G,T,E,C,1,9,T,9,5,1,2,0,T,GMC,NC1,4C,5,17,,2,1575,1435,SIE,G,,0,0,000000000,00000000000,0,0,0,1,0,0,0,0,0,0,0,34,0,0,0,12,12,2,1,8,0,0,0,1,1,36571,6,1,0,0,3,0,72,145,0,0,0,0,0,0,0,0,0,0,0,0,0,0,5,4,35,1,1,2,1,0,0,1,80,2,1,2,13,0,0
4,40487,1,1,1,28,9,21,58,33,0,1,0,4,1,12,471,12471,30,2008,1FTYR14D18PA,1,F,T,Y,R,1,4,D,1,8,P,A,0,T,FORD,RNS,PS,8,17,,1,0,1260,RNG,G,,0,0,000000000,00000000000,0,0,0,1,0,0,0,0,0,0,0,60,0,1,5,14,99,6,2,1,0,0,0,1,4,85365,6,1,0,0,3,3,68,225,0,0,0,0,0,0,0,0,0,9,99,99,99,99,2,2,40,1,1,8,1,0,0,1,12,1,1,4,6,1,0
4,40488,1,1,3,29,9,14,3,1,0,1,0,6,2,20,39,20039,4,2005,KL1TD52685B3,K,L,1,T,D,5,2,6,8,5,B,3,0,P,CHEV,ABS,4D,5,17,2365,,0,976,,G,,0,0,000000000,00000000000,0,0,0,1,0,0,0,0,0,0,0,70,0,1,3,0,99,6,2,1,0,0,0,1,6,95340,6,1,0,0,3,0,67,165,0,0,0,1,0,7,2010,7,2010,1,85,58,0,0,2,2,75,1,1,2,1,0,0,1,8,6,4,4,7,1,0
4,40489,1,1,1,29,9,19,20,8,0,1,0,4,1,35,47,35047,4,2003,1N4BL11E93C1,1,N,4,B,L,1,1,E,9,3,C,1,0,P,NISS,ABE,4D,3,17,3071,,0,1102,,G,,0,0,000000000,00000000000,0,0,0,1,0,0,0,0,0,0,0,35,0,0,0,12,12,6,2,8,0,0,0,1,4,85746,6,1,0,0,3,0,67,153,0,5,0,0,0,5,2008,5,2008,0,92,0,0,0,5,4,35,1,1,8,1,0,0,1,80,6,1,1,13,0,0
4,40490,1,1,3,30,9,2,16,1,0,1,0,6,2,49,472,49472,30,2005,5TEKU72N65Z1,5,T,E,K,U,7,2,N,6,5,Z,1,0,T,TOYT,PBD,CW,5,17,,1,0,1409,TAC,G,,0,0,000000000,00000000000,0,0,0,1,0,0,0,0,0,0,0,998,0,1,1,0,99,6,2,1,0,0,0,1,6,94561,6,1,0,0,3,0,73,150,0,0,0,0,0,0,0,0,0,1,0,0,0,0,2,2,75,1,1,2,1,0,0,1,8,7,3,6,98,1,0