STATE,ST_CASE,VEH_NO,VE_FORMS,NUMOCCS,DAY,MONTH,HOUR,MINUTE,HARM_EV,MAN_COLL,UNITTYPE,HIT_RUN,REG_STAT,OWNER,MAKE,MODEL,MAK_MOD,BODY_TYP,MOD_YEAR,VIN,VIN_1,VIN_2,VIN_3,VIN_4,VIN_5,VIN_6,VIN_7,VIN_8,VIN_9,VIN_10,VIN_11,VIN_12,TOW_VEH,VINTYPE,VINMAKE,VINA_MOD,VIN_BT,VINMODYR,VIN_LNGT,VIN_WGT,WGTCD_TR,WHLBS_LG,WHLBS_SH,SER_TR,FUELCODE,MCYCL_DS,J_KNIFE,MCARR_I1,MCARR_I2,MCARR_ID,GVWR,V_CONFIG,CARGO_BT,HAZ_INV,HAZ_PLAC,HAZ_ID,HAZ_CNO,HAZ_REL,BUS_USE,SPEC_USE,EMER_USE,TRAV_SP,UNDERIDE,ROLLOVER,ROLINLOC,IMPACT1,IMPACT2,DEFORMED,TOWED,M_HARM,VEH_SC1,VEH_SC2,FIRE_EXP,DR_PRES,L_STATE,DR_ZIP,L_STATUS,L_TYPE,CDL_STAT,L_ENDORS,L_COMPL,L_RESTRI,DR_HGT,DR_WGT,PREV_ACC,PREV_SUS,PREV_DWI,PREV_SPD,PREV_OTH,FIRST_MO,FIRST_YR,LAST_MO,LAST_YR,SPEEDREL,DR_SF1,DR_SF2,DR_SF3,DR_SF4,VTRAFWAY,VNUM_LAN,VSPD_LIM,VALIGN,VPROFILE,VPAVETYP,VSURCOND,VTRAFCON,VTCONT_F,P_CRASH1,P_CRASH2,P_CRASH3,PCRASH4,PCRASH5,ACC_TYPE,DEATHS,DR_DRINK
4,40532,1,1,1,20,8,22,15,33,0,1,0,4,1,99,709,99709,80,1995,4EMEL2E26SN1,4,E,M,E,L,2,E,2,6,S,N,1,0,U,,,,95,17,,,,,,,,0,0,000000000,00000000000,0,0,0,1,0,0,0,0,0,0,0,998,0,0,0,14,98,6,2,1,0,0,0,1,4,85019,6,1,0,0,3,0,72,180,0,0,0,0,0,0,0,0,0,1,0,0,0,0,5,5,40,1,1,8,1,0,0,1,13,1,1,4,1,1,1
4,40533,1,2,2,21,8,12,46,12,6,1,0,4,1,20,37,20037,4,2003,1G1ND52J33M6,1,G,1,N,D,5,2,J,3,3,M,6,0,P,CHEV,MAL,4D,3,17,3106,,0,1070,,G,,0,0,000000000,00000000000,0,0,0,1,0,0,0,0,0,0,0,10,0,0,0,82,82,6,2,12,0,0,0,1,4,85745,6,1,0,0,3,3,67,175,0,0,0,0,0,0,0,0,0,0,99,99,99,99,2,2,40,1,1,2,1,3,3,11,15,1,1,2,68,1,0
4,40533,2,2,2,21,8,12,46,12,6,1,0,4,1,2,405,2405,14,2005,1J4GL48K85W6,1,J,4,G,L,4,8,K,8,5,W,6,0,T,JEEP,SPR,4W,5,17,,1,0,1043,LIB,G,,0,0,000000000,00000000000,0,0,0,1,0,0,0,0,0,0,0,35,0,0,0,12,12,6,2,12,32,0,0,1,4,85711,6,1,0,0,3,0,74,270,0,0,0,0,0,0,0,0,0,0,99,99,99,99,2,2,40,1,1,2,1,3,3,1,62,1,1,1,69,0,0
4,40534,1,1,3,23,8,18,30,42,0,1,0,99,9,99,499,99499,39,9999,999999999999,9,9,9,9,9,9,9,9,9,9,9,9,0,U,,,,9,17,,,,,,,,0,0,000000000,00000000000,0,0,0,1,0,0,0,0,0,0,0,999,0,0,0,99,99,9,9,42,0,0,0,1,99,99999,9,9,99,0,9,9,999,999,99,99,99,99,99,99,9999,99,9999,9,99,99,99,99,9,9,99,9,9,9,99,99,9,99,99,99,9,9,5,1,0
4,40535,1,1,2,26,8,6,38,8,0,1,0,4,1,20,481,20481,31,2007,1GCEC19X17Z6,1,G,C,E,C,1,9,X,1,7,Z,6,0,T,CHEV,SC1,4C,7,17,,2,1575,1340,SIL,G,,0,0,000000000,00000000000,0,0,0,1,0,0,0,0,0,0,0,5,0,0,0,6,6,0,1,8,0,0,0,1,4,85233,6,1,0,0,3,0,70,315,0,0,0,1,0,11,2009,11,2009,0,99,99,99,99,1,2,98,1,1,8,98,0,0,13,81,1,1,5,98,0,0
4,40536,1,2,2,26,8,20,23,25,0,1,1,4,1,12,401,12401,14,1999,1FMZU35P3XZB,1,F,M,Z,U,3,5,P,3,X,Z,B,0,P,FORD,EPR,UT,99,17,4347,,0,1116,,G,,0,0,000000000,00000000000,0,0,0,1,0,0,0,0,0,0,0,998,0,0,0,12,98,6,2,12,0,0,0,1,4,85331,6,1,0,0,3,0,68,180,0,0,0,0,0,0,0,0,0,0,91,92,0,0,3,2,65,1,1,2,1,0,0,1,8,1,4,4,7,0,0
4,40536,2,2,3,26,8,20,23,25,0,1,0,4,1,37,32,37032,2,2002,1HGCG22502A0,1,H,G,C,G,2,2,5,0,2,A,0,0,P,HOND,UEX,CP,2,17,3283,,0,1051,,G,,0,0,000000000,00000000000,0,0,0,1,0,0,0,0,0,0,0,998,0,1,5,62,98,6,2,1,0,0,0,1,4,85250,6,1,0,0,3,3,64,148,0,0,0,0,0,0,0,0,0,0,0,0,0,0,3,2,65,1,1,2,1,0,0,1,50,7,1,1,98,1,0
4,40537,1,2,1,27,8,17,48,12,2,1,0,4,1,52,37,52037,3,2003,4A3AC74H33E1,4,A,3,A,C,7,4,H,3,3,E,1,0,P,MITS,GTS,2H,3,17,3120,,0,1008,,G,,0,0,000000000,00000000000,0,0,0,1,0,0,0,0,0,0,0,10,0,0,0,12,12,6,2,12,32,0,0,1,4,86314,6,1,0,0,3,3,68,120,0,0,0,0,0,0,0,0,0,0,38,0,0,0,1,4,30,1,1,2,1,3,3,11,15,1,1,2,68,1,0
4,40537,2,2,1,27,8,17,48,12,2,1,0,4,1,49,401,49401,14,2000,JT3HN86R0Y03,J,T,3,H,N,8,6,R,0,Y,0,3,0,P,TOYT,RUN,UT,0,17,3885,,0,1053,,G,,0,0,000000000,00000000000,0,0,0,1,0,0,0,0,0,0,0,25,0,0,0,12,12,6,2,12,0,0,0,1,4,86314,6,1,0,0,3,0,68,185,0,0,0,2,0,2,2009,1,2010,0,0,0,0,0,1,4,30,1,1,2,1,3,3,1,62,1,1,1,69,0,0
4,40538,1,1,1,29,8,0,23,8,0,1,0,4,2,20,20,20020,4,2001,2G1WL52J6111,2,G,1,W,L,5,2,J,6,1,1,1,0,P,CHEV,LUM,4D,1,17,3330,,0,1075,,G,,0,0,000000000,00000000000,0,0,0,1,0,0,0,0,0,0,0,51,0,0,0,12,12,4,3,8,0,0,0,1,4,85015,6,1,0,0,3,0,73,210,0,0,0,2,0,3,2010,6,2010,0,0,0,0,0,5,5,40,1,1,2,1,0,0,1,80,1,1,1,13,0,0
4,40539,1,1,1,30,8,1,58,33,0,1,0,4,1,12,3,12003,2,2003,1FAFP404X3F3,1,F,A,F,P,4,0,4,X,3,F,3,0,P,FORD,MUS,CP,3,17,3114,,0,1013,,G,,0,0,000000000,00000000000,0,0,0,1,0,0,0,0,0,0,0,60,0,0,0,99,98,6,2,38,0,0,0,1,4,85015,6,1,0,0,3,0,70,200,0,0,0,0,0,0,0,0,0,1,0,0,0,0,5,5,40,1,1,8,1,0,0,1,6,7,3,4,2,1,1
4,40540,1,2,1,2,9,9,30,12,6,1,0,4,2,23,481,23481,31,1995,2GTEC19K9S15,2,G,T,E,C,1,9,K,9,S,1,5,0,T,GMC,SC1,PC,95,17,,2,1555,1415,SIE,G,,0,0,000000000,00000000000,0,0,0,1,0,0,0,0,0,0,0,998,0,0,0,12,12,6,2,12,0,0,0,1,4,85634,6,1,0,0,3,0,61,180,0,0,0,0,0,0,0,0,0,0,38,0,0,0,1,2,55,1,1,5,1,0,0,1,17,2,1,1,88,0,1
4,40540,2,2,1,2,9,9,30,12,6,1,0,94,3,12,481,12481,31,2008,1FTSX21R48EA,1,F,T,S,X,2,1,R,4,8,E,A,0,T,FORD,F2S,4C,8,17,,2,1580,1420,SRW,D,,0,0,000000000,00000000000,0,0,0,1,0,0,0,0,0,0,0,998,0,1,1,8,99,6,2,1,0,0,0,1,4,85122,6,1,0,0,3,0,70,178,0,0,0,0,0,0,0,0,0,1,16,0,0,0,1,2,55,1,1,2,1,0,0,1,66,1,1,1,89,1,0
4,40541,1,1,1,2,9,99,99,8,0,1,0,99,9,99,499,99499,39,9999,999999999999,9,9,9,9,9,9,9,9,9,9,9,9,0,U,,,,9,17,,,,,,,,0,0,000000000,00000000000,0,0,0,1,0,0,0,0,0,0,0,999,0,0,0,12,12,9,9,8,0,0,0,1,4,85202,6,1,0,0,3,3,69,260,0,0,0,0,0,0,0,0,0,9,99,99,99,99,9,9,99,9,9,9,99,99,9,99,80,99,9,9,13,0,0
4,40543,1,2,1,2,9,99,99,12,2,1,0,4,2,63,34,63034,4,2007,KNAGE1240751,K,N,A,G,E,1,2,4,0,7,5,1,0,P,KIA,OLE,4D,7,17,3287,,0,1071,,G,,0,0,000000000,00000000000,0,0,0,1,0,0,0,0,0,0,0,5,0,0,0,12,98,6,2,12,0,0,0,1,4,85741,6,1,0,0,3,0,64,145,0,0,0,0,0,0,0,0,0,0,0,0,0,0,1,4,40,1,1,8,1,3,3,11,15,1,1,3,68,0,0
4,40543,2,2,1,2,9,99,99,12,2,1,0,4,1,37,31,37031,2,2004,1HGEM22914L0,1,H,G,E,M,2,2,9,1,4,L,0,0,P,HOND,UAX,CP,4,17,0,,0,1031,,G,,0,0,000000000,00000000000,0,0,0,1,0,0,0,0,0,0,0,30,0,0,0,12,98,6,2,12,0,0,0,1,4,85705,6,1,0,0,3,3,59,125,0,0,0,0,0,0,0,0,0,0,39,92,0,0,1,4,40,1,1,8,1,3,3,1,62,1,1,1,69,1,0
4,40544,1,1,2,3,9,12,40,1,0,1,0,99,9,99,999,99999,99,9999,999999999999,9,9,9,9,9,9,9,9,9,9,9,9,0,U,,,,9,17,,,,,,,,0,0,000000000,00000000000,0,0,0,1,0,0,0,0,0,0,0,999,0,1,9,0,99,9,9,1,0,0,0,1,4,86510,1,1,0,0,2,0,75,220,0,2,0,0,0,12,2007,12,2007,9,99,99,99,99,9,9,99,9,9,9,99,99,9,99,99,99,9,9,98,1,0
4,40545,1,3,1,4,9,14,41,12,1,1,0,4,3,87,881,87881,66,2008,1XPWD49X38D7,1,X,P,W,D,4,9,X,3,8,D,7,1,T,PTRB,388,DS,8,17,,8,0,0,CON,D,,1,57,1505321,571505321,3,6,2,2,2,1203,3,2,0,0,0,999,0,1,5,12,99,6,2,12,0,0,0,1,4,86314,6,1,6,1,3,0,71,190,0,0,0,0,0,0,0,0,0,1,0,0,0,0,3,6,65,1,1,2,1,0,0,1,50,4,1,1,20,0,0
4,40545,2,3,3,4,9,14,41,12,1,1,0,4,1,24,5,24005,4,2002,1G8JU54F82Y5,1,G,8,J,U,5,4,F,8,2,Y,5,0,P,STRN,L20,4D,2,17,3033,,0,1065,,G,,0,0,000000000,00000000000,0,0,0,1,0,0,0,0,0,0,0,0,0,0,0,6,6,6,2,12,0,0,0,1,4,85297,6,1,0,0,3,0,63,165,0,0,0,0,0,0,0,0,0,0,0,0,0,0,3,6,65,1,1,2,1,0,0,5,53,1,1,1,21,2,0
4,40545,3,3,3,4,9,14,41,12,1,1,0,4,1,7,442,7442,20,2000,1B4GP44G0YB7,1,B,4,G,P,4,4,G,0,Y,B,7,0,P,DODG,CAR,SV,0,17,3863,,0,1193,,F,,0,0,000000000,00000000000,0,0,0,1,0,0,0,0,0,0,0,0,0,0,0,6,6,6,2,12,0,0,0,1,4,85009,6,1,0,0,3,0,60,165,0,0,0,0,0,0,0,0,0,0,0,0,0,0,3,6,65,1,1,2,1,0,0,5,53,1,1,1,98,0,0
4,40546,1,1,5,4,9,15,10,1,0,1,0,99,9,99,999,99999,99,9999,999999999999,9,9,9,9,9,9,9,9,9,9,9,9,0,U,,,,9,17,,,,,,,,0,0,000000000,00000000000,0,0,0,1,0,0,0,0,0,0,0,999,0,1,9,0,99,9,9,1,0,0,0,1,4,85550,6,1,0,0,3,0,61,220,0,0,0,0,0,0,0,0,0,9,99,99,99,99,9,9,99,9,9,9,99,99,9,99,99,99,9,9,98,2,1
4,40547,1,1,1,5,9,1,51,8,0,1,1,99,9,99,999,99999,99,9999,999999999999,9,9,9,9,9,9,9,9,9,9,9,9,0,U,,,,9,17,,,,,,,,0,0,000000000,00000000000,0,0,0,1,0,0,0,0,0,0,0,999,0,0,0,12,99,9,1,8,0,0,0,1,99,99999,9,9,99,9,9,9,999,999,99,99,99,99,99,99,9999,99,9999,9,99,99,99,99,9,9,99,9,9,9,99,99,9,99,80,99,9,9,13,0,0
4,40548,1,1,4,5,9,21,34,34,0,1,1,4,9,22,20,22020,4,1998,1G2WP52K8WF3,1,G,2,W,P,5,2,K,8,W,F,3,0,P,PONT,GPG,4D,98,17,3414,,0,1105,,G,,0,0,000000000,00000000000,0,0,0,1,0,0,0,0,0,0,0,998,0,1,5,14,98,6,2,1,0,0,0,1,99,99999,9,9,99,0,9,9,999,999,99,99,99,99,99,99,9999,99,9999,1,37,0,0,0,1,2,98,1,1,5,1,0,0,1,6,99,3,4,2,1,0
4,40549,1,1,2,5,9,19,31,8,0,1,0,4,1,20,37,20037,4,1999,1G1ND52T7XY1,1,G,1,N,D,5,2,T,7,X,Y,1,0,P,CHEV,MAL,4D,99,17,3051,,0,1070,,G,,0,0,000000000,00000000000,0,0,0,1,0,0,0,0,0,0,0,15,0,0,0,12,12,4,1,8,0,0,0,1,4,86025,6,1,0,0,3,0,63,167,0,1,0,2,0,3,2009,7,2010,0,0,0,0,0,5,4,35,1,5,2,1,0,0,2,83,2,1,1,13,0,0
4,40550,1,1,1,10,9,10,30,30,0,1,0,4,1,23,481,23481,31,2004,2GTFK69U1411,2,G,T,F,K,6,9,U,1,4,1,1,0,T,GMC,DNL,4W,4,17,,2,0,1435,SIE,G,,0,0,000000000,00000000000,0,0,0,1,0,0,0,0,0,0,0,52,0,0,0,12,12,6,2,38,0,0,0,1,4,85282,6,1,0,0,3,0,72,220,0,0,0,0,0,0,0,0,0,1,0,0,0,0,5,4,35,1,1,2,1,0,0,1,13,1,1,4,1,1,0
4,40551,1,2,1,11,9,3,5,12,6,1,0,4,2,72,706,72706,80,2008,1HD4CR2148K4,1,H,D,4,C,R,2,1,4,8,K,4,0,M,HD,XLL,RS,8,17,,,,,,,883,0,0,000000000,00000000000,0,0,0,1,0,0,0,0,0,0,0,40,0,0,0,12,12,6,2,12,0,0,0,1,4,85302,6,1,0,0,3,3,69,165,0,0,0,0,0,0,0,0,0,0,0,0,0,0,5,4,40,1,1,8,1,0,0,1,50,1,1,1,48,1,1
4,40551,2,2,2,11,9,3,5,12,6,1,0,4,1,20,2,20002,4,1992,1G1BN53E1NR1,1,G,1,B,N,5,3,E,1,N,R,1,0,P,CHEV,CLL,4D,92,17,3951,,0,1159,,G,,0,0,000000000,00000000000,0,0,0,1,0,0,0,0,0,0,0,0,0,0,0,1,1,6,2,12,0,0,0,1,4,85201,1,1,0,0,2,0,69,220,0,2,0,4,1,7,2008,8,2010,0,0,0,0,0,5,4,40,1,1,8,1,0,0,5,53,1,1,1,48,0,0
4,40552,1,1,1,15,9,18,42,99,0,1,0,99,9,99,999,99999,99,9999,999999999999,9,9,9,9,9,9,9,9,9,9,9,9,0,U,,,,9,17,,,,,,,,0,0,000000000,00000000000,0,0,0,1,0,0,0,0,0,0,0,999,0,0,0,0,99,9,9,99,0,0,0,1,4,86503,1,1,0,0,2,0,69,210,0,2,0,0,0,12,2009,12,2009,9,99,99,99,99,9,9,99,9,9,2,99,99,9,99,99,99,9,9,99,1,0
4,40553,1,1,1,16,9,16,34,9,0,1,0,4,2,12,37,12037,2,2008,1FAHP33N98W1,1,F,A,H,P,3,3,N,9,8,W,1,0,P,FORD,FMS,CP,8,17,2588,,0,1029,,G,,0,0,000000000,00000000000,0,0,0,1,0,0,0,0,0,0,0,998,0,0,0,12,12,2,3,9,0,0,0,1,4,85326,6,1,0,0,3,3,71,150,0,0,0,0,0,0,0,0,0,0,99,99,99,99,5,2,35,1,1,2,1,2,3,11,83,1,1,2,13,0,0
4,40554,1,2,3,19,9,21,12,12,6,1,0,4,1,20,482,20482,31,2005,3GNEC12Z75G2,3,G,N,E,C,1,2,Z,7,5,G,2,0,T,CHEV,CAV,CW,5,17,,2,0,1300,AVL,F,,0,0,000000000,00000000000,0,0,0,1,0,0,0,0,0,0,0,998,0,0,0,82,98,6,2,12,0,0,0,1,4,85019,6,1,0,0,3,0,70,210,0,0,0,0,0,0,0,0,0,0,99,99,99,99,2,2,40,1,1,8,1,3,3,11,15,1,1,2,68,0,1
4,40554,2,2,1,19,9,21,12,12,6,1,0,4,1,35,39,35039,4,2004,1N4BA41E74C8,1,N,4,B,A,4,1,E,7,4,C,8,0,P,NISS,MEL,4D,4,17,3310,,0,1112,,G,,0,0,000000000,00000000000,0,0,0,1,0,0,0,0,0,0,0,998,0,0,0,12,98,6,2,12,0,0,0,1,4,85044,6,1,0,0,3,0,66,160,0,2,0,7,0,1,2008,9,2010,0,99,99,99,99,2,2,40,1,1,8,1,3,3,1,62,1,1,1,69,1,1
4,40555,1,1,4,19,9,0,19,8,0,1,0,4,1,24,401,24401,14,2003,5GZCZ33D43S9,5,G,Z,C,Z,3,3,D,4,3,S,9,0,P,STRN,VUE,UT,3,17,3214,,0,1066,,G,,0,0,000000000,00000000000,0,0,0,1,0,0,0,0,0,0,0,998,0,0,0,14,14,0,3,8,0,0,0,1,4,85746,6,1,0,0,3,0,66,175,0,1,0,0,1,8,2009,9,2009,0,0,0,0,0,1,2,25,1,1,8,1,0,0,1,80,7,1,3,13,0,1
4,40556,1,1,1,23,9,10,9,8,0,1,0,99,9,99,999,99999,99,9999,999999999999,9,9,9,9,9,9,9,9,9,9,9,9,0,U,,,,9,17,,,,,,,,0,0,000000000,00000000000,0,0,0,1,0,0,0,0,0,0,0,999,0,0,0,14,14,9,9,8,0,0,0,1,99,99999,9,9,99,9,9,9,999,999,99,99,99,99,99,99,9999,99,9999,9,99,99,99,99,9,9,99,9,9,9,99,99,9,99,80,99,9,9,13,0,0
4,40557,1,1,2,24,9,2,48,42,0,1,0,4,2,35,47,35047,4,2007,1N4AL21E77N4,1,N,4,A,L,2,1,E,7,7,N,4,0,P,NISS,ATS,4D,7,17,3042,,0,1093,,G,,0,0,000000000,00000000000,0,0,0,1,0,0,0,0,0,0,0,96,0,0,0,99,98,6,2,42,0,0,0,1,4,85042,6,1,0,0,3,0,68,200,0,0,0,0,0,0,0,0,0,1,58,0,0,0,1,2,45,1,1,2,1,0,0,1,6,7,3,4,2,1,1
4,40558,1,3,1,25,9,12,38,12,6,1,0,4,1,35,50,35050,5,2010,3N1BC1CPXAL4,3,N,1,B,C,1,C,P,X,A,L,4,0,P,NISS,VSL,4H,10,17,2693,,0,1024,,G,,0,0,000000000,00000000000,0,0,0,1,0,0,0,0,0,0,0,45,0,0,0,12,98,6,2,12,0,0,0,1,4,85192,6,1,0,0,3,3,67,252,0,0,0,0,0,0,0,0,0,0,39,0,0,0,2,2,45,1,1,2,1,3,3,1,17,1,1,1,88,0,0
4,40558,2,3,1,25,9,12,38,12,6,1,0,53,2,12,17,12017,4,2006,1FAHP53U86A1,1,F,A,H,P,5,3,U,8,6,A,1,0,P,FORD,TSE,4D,6,17,3307,,0,1085,,G,,0,0,000000000,00000000000,0,0,0,1,0,0,0,0,0,0,0,10,0,0,0,9,9,6,2,12,0,0,0,1,17,60188,6,1,0,0,3,0,72,240,0,0,0,1,0,4,2009,4,2009,0,0,0,0,0,2,2,35,1,1,2,1,3,3,1,66,1,1,1,89,1,1
4,40558,3,3,2,25,9,12,38,12,6,1,0,4,2,49,401,49401,14,1993,JT3VN39W5P01,J,T,3,V,N,3,9,W,5,P,0,1,0,P,TOYT,RUN,UT,93,17,4085,,0,1033,,G,,0,0,000000000,00000000000,0,0,0,1,0,0,0,0,0,0,0,13,0,0,0,12,12,2,1,12,0,0,0,1,4,85755,6,1,0,0,3,3,64,136,0,0,0,0,0,0,0,0,0,0,0,0,0,0,2,2,35,1,1,2,1,3,3,1,17,1,1,1,98,0,0
4,40559,1,1,3,26,9,3,54,33,0,1,0,4,2,20,22,20022,2,2006,1G1AK15F7678,1,G,1,A,K,1,5,F,7,6,7,8,0,P,CHEV,BLS,CP,6,17,2991,,0,1033,,G,,0,0,000000000,00000000000,0,0,0,1,0,0,0,0,0,0,0,50,0,0,0,14,12,6,2,42,0,0,0,1,4,85031,6,7,0,0,3,2,71,156,0,0,0,0,0,0,0,0,0,0,73,0,0,0,5,5,45,1,1,2,1,0,0,1,12,1,1,4,6,1,0
4,40560,1,1,2,27,9,14,13,3,0,1,0,99,9,99,999,99999,99,9999,999999999999,9,9,9,9,9,9,9,9,9,9,9,9,0,U,,,,9,17,,,,,,,,0,0,000000000,00000000000,0,0,0,1,0,0,0,0,0,0,0,999,0,0,0,0,99,9,9,3,0,0,0,1,99,99999,9,9,99,9,9,9,999,999,99,99,99,99,99,99,9999,99,9999,9,99,99,99,99,9,9,99,9,9,9,99,99,9,99,98,99,9,9,0,1,0
4,40561,1,1,1,27,9,19,58,8,0,1,0,4,1,35,47,35047,4,2006,1N4AL11D36C2,1,N,4,A,L,1,1,D,3,6,C,2,0,P,NISS,ASL,4D,6,17,2915,,0,1102,,G,,0,0,000000000,00000000000,0,0,0,1,0,0,0,0,0,0,0,998,0,0,0,12,12,6,2,8,0,0,0,1,4,85128,6,1,0,0,3,3,71,300,0,0,0,0,0,0,0,0,0,0,0,0,0,0,8,8,35,1,1,8,1,0,0,1,80,4,1,1,13,0,0
4,40562,1,3,5,29,9,20,57,12,6,1,0,4,1,22,20,22020,4,2008,2G2WP5521811,2,G,2,W,P,5,5,2,1,8,1,1,0,P,PONT,GRA,4D,8,17,3477,,0,1105,,G,,0,0,000000000,00000000000,0,0,0,1,0,0,0,0,0,0,0,45,0,0,0,12,98,6,2,12,0,0,0,1,4,85706,6,1,0,0,3,0,64,160,0,0,0,0,0,0,0,0,0,0,39,0,0,0,2,2,45,1,1,8,1,2,3,1,17,1,1,1,86,1,0
4,40562,2,3,4,29,9,20,57,12,6,1,0,4,3,98,981,98981,52,2001,4RKEWTJA11R8,4,R,K,E,W,T,J,A,1,1,R,8,0,U,,,,1,17,,,,,,,,0,88,888888888,88888888888,3,21,22,1,0,0,0,0,6,0,0,30,0,0,0,82,82,4,1,12,0,0,0,1,4,85735,6,1,6,1,3,3,66,190,1,0,0,0,0,4,2008,4,2008,0,0,0,0,0,1,2,35,1,1,8,1,2,3,1,66,1,1,1,87,0,0
4,40562,3,3,1,29,9,20,57,12,6,1,1,99,9,99,999,99999,99,9999,999999999999,9,9,9,9,9,9,9,9,9,9,9,9,0,U,,,,9,17,,,,,,,,0,0,000000000,00000000000,0,0,0,1,0,0,0,0,0,0,0,0,0,0,0,99,98,9,1,12,0,0,0,1,99,99999,9,9,99,0,9,9,999,999,99,99,99,99,99,99,9999,99,9999,0,99,99,99,99,1,2,35,1,1,8,1,2,3,5,66,1,1,1,98,0,0
4,40563,1,2,1,29,9,16,19,12,6,1,0,4,2,35,471,35471,30,1982,JN6MD06S3CW1,J,N,6,M,D,0,6,S,3,C,W,1,0,T,DATS,72K,PK,82,17,,1,0,1108,720,G,,0,0,000000000,00000000000,0,0,0,1,0,0,0,0,0,0,0,998,0,1,5,9,14,6,2,12,32,0,0,1,4,85938,6,1,0,0,3,3,69,184,0,0,0,0,0,0,0,0,0,0,0,0,0,0,1,4,35,1,1,2,1,0,0,1,66,1,1,1,89,1,0
4,40563,2,2,2,29,9,16,19,12,6,1,0,4,1,7,482,7482,31,1997,1B7HF16Y3VJ5,1,B,7,H,F,1,6,Y,3,V,J,5,0,T,DODG,150,PK,97,17,,2,1347,1187,RPC,G,,0,0,000000000,00000000000,0,0,0,1,0,0,0,0,0,0,0,998,0,0,0,12,12,6,2,12,0,0,0,1,4,85938,6,1,0,0,3,3,72,200,0,0,0,0,0,0,0,0,0,1,91,92,0,0,1,4,35,1,1,2,1,0,0,15,17,1,1,2,88,0,1
4,40564,1,1,1,30,9,0,3,33,0,1,0,4,2,98,706,98706,80,1998,VBKGSL40XWM7,V,B,K,G,S,L,4,0,X,W,M,7,0,U,,,,98,17,,,,,,,,0,0,000000000,00000000000,0,0,0,1,0,0,0,0,0,0,0,999,0,0,0,14,99,9,9,19,0,0,0,1,4,85603,6,1,0,0,3,0,75,160,0,0,0,0,0,0,0,0,0,9,99,99,99,99,1,2,99,3,8,2,99,0,0,14,13,99,1,4,1,1,1
4,40565,1,1,1,1,10,3,40,1,0,1,0,4,2,20,402,20402,14,1997,2CNBE1368V69,2,C,N,B,E,1,3,6,8,V,6,9,0,P,GEO,GEO,UT,97,17,2619,,0,976,,G,,0,0,000000000,00000000000,0,0,0,1,0,0,0,0,0,0,0,998,0,1,6,0,98,6,2,1,0,0,0,1,4,86045,6,1,0,0,3,0,67,155,0,0,0,0,0,0,0,0,0,9,99,99,99,99,1,3,98,8,8,2,98,0,0,99,99,99,9,4,5,1,0
4,40567,1,1,1,1,10,12,2,42,0,1,0,4,4,20,2,20002,4,2010,2G1WA5EN6A11,2,G,1,W,A,5,E,N,6,A,1,1,0,P,CHEV,IPL,4D,10,17,3555,,0,1105,,G,,0,0,000000000,00000000000,0,0,0,1,0,0,0,0,0,0,0,45,0,0,0,12,98,6,2,2,0,0,1,1,4,85232,0,0,0,0,0,0,70,999,0,0,0,0,0,0,0,0,0,0,0,0,0,0,1,2,50,1,1,2,1,40,3,1,9,1,1,4,6,1,0
4,40568,1,1,3,2,10,12,4,99,0,1,0,99,9,99,999,99999,99,9999,999999999999,9,9,9,9,9,9,9,9,9,9,9,9,0,U,,,,9,17,,,,,,,,0,0,000000000,00000000000,0,0,0,1,0,0,0,0,0,0,0,999,0,0,0,0,99,9,9,99,0,0,0,1,99,99999,9,9,99,9,9,9,999,999,99,99,99,99,99,99,9999,99,9999,9,99,99,99,99,9,9,99,9,9,9,99,99,9,99,99,99,9,9,99,2,0
4,40569,1,2,1,3,10,11,44,12,1,1,0,4,2,98,709,98709,80,2009,4MZHL04D293B,4,M,Z,H,L,0,4,D,2,9,3,B,0,U,,,,9,17,,,,,,,,0,0,000000000,00000000000,0,0,0,1,0,0,0,0,0,0,0,40,0,0,0,12,12,6,2,12,0,0,0,1,4,85747,6,1,0,0,2,0,71,165,0,0,0,1,0,4,2010,4,2010,1,0,0,0,0,1,2,45,1,1,8,1,3,3,1,50,3,2,1,20,1,1
4,40569,2,2,1,3,10,11,44,12,1,1,0,35,1,49,403,49403,14,2008,JTEES42A6820,J,T,E,E,S,4,2,A,6,8,2,0,0,P,TOYT,HIG,UT,8,17,4321,,0,1098,,G,,0,0,000000000,00000000000,0,0,0,1,0,0,0,0,0,0,0,0,0,0,0,6,6,4,1,12,0,0,0,1,35,88062,6,1,0,0,3,3,72,190,98,0,0,0,0,0,0,0,0,0,0,0,0,0,1,2,45,1,1,8,1,3,3,5,53,1,1,1,21,0,0
4,40570,1,1,1,3,10,99,99,8,0,1,9,99,9,99,999,99999,99,9999,999999999999,9,9,9,9,9,9,9,9,9,9,9,9,0,U,,,,9,17,,,,,,,,0,0,000000000,00000000000,0,0,0,1,0,0,0,0,0,0,0,999,0,0,0,12,12,9,9,8,0,0,0,1,99,99999,9,9,99,9,9,9,999,999,99,99,99,99,99,99,9999,99,9999,9,99,99,99,99,9,9,99,9,9,9,99,99,9,99,83,99,9,9,13,0,0