STATE,ST_CASE,VEH_NO,VE_FORMS,NUMOCCS,DAY,MONTH,HOUR,MINUTE,HARM_EV,MAN_COLL,UNITTYPE,HIT_RUN,REG_STAT,OWNER,MAKE,MODEL,MAK_MOD,BODY_TYP,MOD_YEAR,VIN,VIN_1,VIN_2,VIN_3,VIN_4,VIN_5,VIN_6,VIN_7,VIN_8,VIN_9,VIN_10,VIN_11,VIN_12,TOW_VEH,VINTYPE,VINMAKE,VINA_MOD,VIN_BT,VINMODYR,VIN_LNGT,VIN_WGT,WGTCD_TR,WHLBS_LG,WHLBS_SH,SER_TR,FUELCODE,MCYCL_DS,J_KNIFE,MCARR_I1,MCARR_I2,MCARR_ID,GVWR,V_CONFIG,CARGO_BT,HAZ_INV,HAZ_PLAC,HAZ_ID,HAZ_CNO,HAZ_REL,BUS_USE,SPEC_USE,EMER_USE,TRAV_SP,UNDERIDE,ROLLOVER,ROLINLOC,IMPACT1,IMPACT2,DEFORMED,TOWED,M_HARM,VEH_SC1,VEH_SC2,FIRE_EXP,DR_PRES,L_STATE,DR_ZIP,L_STATUS,L_TYPE,CDL_STAT,L_ENDORS,L_COMPL,L_RESTRI,DR_HGT,DR_WGT,PREV_ACC,PREV_SUS,PREV_DWI,PREV_SPD,PREV_OTH,FIRST_MO,FIRST_YR,LAST_MO,LAST_YR,SPEEDREL,DR_SF1,DR_SF2,DR_SF3,DR_SF4,VTRAFWAY,VNUM_LAN,VSPD_LIM,VALIGN,VPROFILE,VPAVETYP,VSURCOND,VTRAFCON,VTCONT_F,P_CRASH1,P_CRASH2,P_CRASH3,PCRASH4,PCRASH5,ACC_TYPE,DEATHS,DR_DRINK
4,40641,1,1,1,19,12,19,59,8,0,1,0,4,1,49,401,49401,14,2002,JT3GN86R5202,J,T,3,G,N,8,6,R,5,2,0,2,0,P,TOYT,RUN,UT,2,17,3740,,0,1053,,G,,0,0,000000000,00000000000,0,0,0,1,0,0,0,0,0,0,0,40,0,0,0,12,12,2,1,8,0,0,0,1,4,85234,6,1,0,0,3,0,58,110,0,0,0,0,0,0,0,0,0,0,0,0,0,0,3,2,40,1,1,8,1,0,0,1,80,1,1,1,13,0,0
4,40642,1,1,7,20,12,16,54,1,0,1,0,4,2,20,421,20421,15,1996,1GNEK13R5TJ4,1,G,N,E,K,1,3,R,5,T,J,4,0,P,CHEV,KTA,UT,96,17,5144,,0,1175,,G,,0,0,000000000,00000000000,0,0,0,1,0,0,0,0,0,0,0,999,0,1,3,0,99,6,2,1,0,0,0,1,4,85713,6,1,0,0,3,0,60,145,0,0,0,0,0,0,0,0,0,0,80,0,0,0,2,2,75,1,1,2,1,0,0,1,1,7,3,4,7,1,0
4,40643,1,2,2,24,12,9,4,12,7,1,0,4,1,7,422,7422,15,2005,1D8HB48N95F5,1,D,8,H,B,4,8,N,9,5,F,5,0,P,DODG,DUR,UT,5,17,4958,,0,1192,,G,,0,0,000000000,00000000000,0,0,0,1,0,0,0,0,0,0,0,70,0,1,3,99,99,6,2,1,0,0,0,1,4,86038,6,1,0,0,3,3,64,150,0,0,0,0,0,0,0,0,0,1,87,0,0,0,3,2,75,3,6,2,4,0,0,14,5,1,1,2,48,2,0
4,40643,2,2,1,24,12,9,4,12,7,1,1,99,9,99,884,99884,66,9999,999999999999,9,9,9,9,9,9,9,9,9,9,9,9,1,U,,,,9,17,,,,,,,,1,99,999999999,99999999999,3,6,98,1,0,0,0,0,0,0,0,998,0,0,0,61,61,9,1,12,0,0,0,1,99,99999,9,9,99,9,9,9,999,999,99,99,99,99,99,99,9999,99,9999,9,99,99,99,99,3,2,75,3,6,2,4,0,0,14,60,99,1,1,48,0,0
4,40644,1,1,1,24,12,12,54,52,0,1,0,4,1,20,481,20481,31,2001,1GCEC14WX1Z3,1,G,C,E,C,1,4,W,X,1,Z,3,0,T,CHEV,SC1,PK,1,17,,2,1330,1190,SIL,G,,0,0,000000000,00000000000,0,0,0,1,0,0,0,0,0,0,0,998,0,0,0,12,12,6,2,2,0,0,1,1,4,86409,6,1,6,0,3,0,69,145,0,0,0,1,1,9,2008,11,2008,1,0,0,0,0,2,2,75,1,1,2,1,0,0,1,13,1,1,4,1,1,0
4,40645,1,2,1,25,12,15,37,52,0,1,0,6,1,72,706,72706,80,1990,1HD1EAL36LY1,1,H,D,1,E,A,L,3,6,L,Y,1,0,M,HD,FXR,RS,90,17,,,,,,,1340,0,0,000000000,00000000000,0,0,0,1,0,0,0,0,0,0,0,998,0,0,0,12,99,6,2,52,0,0,1,1,48,76903,6,1,0,0,2,0,74,160,0,0,0,0,0,0,0,0,0,1,0,0,0,0,3,2,65,2,5,2,1,0,0,14,12,1,1,4,6,1,0
4,40645,2,2,1,25,12,15,37,52,0,1,0,99,9,99,999,99999,99,9999,999999999999,9,9,9,9,9,9,9,9,9,9,9,9,0,U,,,,9,17,,,,,,,,0,0,000000000,00000000000,0,0,0,1,0,0,0,0,0,0,0,998,0,0,0,99,99,2,1,54,0,0,0,1,4,85546,6,1,0,0,3,0,60,165,0,0,0,0,0,0,0,0,0,0,0,0,0,0,3,2,65,2,5,2,1,0,0,14,99,1,1,1,98,0,0
4,40646,1,1,2,25,12,19,56,8,0,1,0,4,2,9,20,9020,4,1999,3P3ES47CXXT2,3,P,3,E,S,4,7,C,X,X,T,2,0,P,PLYM,NEH,4P,99,17,2416,,0,1040,,G,,0,0,000000000,00000000000,0,0,0,1,0,0,0,0,0,0,0,999,0,0,0,12,12,2,3,8,0,0,0,1,4,85122,6,1,0,0,3,3,61,186,0,0,0,0,0,0,0,0,0,0,0,0,0,0,1,2,50,1,1,2,1,0,0,1,80,1,1,1,13,0,0
4,40647,1,1,1,26,12,18,57,8,0,1,0,4,2,63,441,63441,20,2005,KNDUP1322567,K,N,D,U,P,1,3,2,2,5,6,7,0,P,KIA,SED,SV,5,17,4802,,0,1145,,G,,0,0,000000000,00000000000,0,0,0,1,0,0,0,0,0,0,0,40,0,0,0,12,12,2,3,8,0,0,0,1,4,85712,2,1,0,0,2,0,60,130,0,2,0,0,0,9,2010,9,2010,0,0,0,0,0,5,2,45,1,1,8,1,0,0,1,80,1,1,1,13,0,1
4,40648,1,3,1,28,12,12,29,33,0,1,0,4,1,49,482,49482,31,2007,5TFLU521X7X0,5,T,F,L,U,5,2,1,X,7,X,0,0,T,TOYT,TUN,PK,7,17,,2,0,1457,TUN,G,,0,0,000000000,00000000000,0,0,0,1,0,0,0,0,0,0,0,31,0,0,0,99,99,6,2,12,0,0,0,1,4,85743,6,1,0,0,3,3,70,185,0,0,0,0,0,0,0,0,0,0,99,99,99,99,2,1,45,1,1,8,1,2,3,1,66,1,1,1,98,0,0
4,40648,2,3,1,28,12,12,29,33,0,1,0,4,2,37,31,37031,2,2000,1HGEJ8242YL0,1,H,G,E,J,8,2,4,2,Y,L,0,0,P,HOND,UAX,CP,0,17,2560,,0,1032,,G,,0,0,000000000,00000000000,0,0,0,1,0,0,0,0,0,0,0,64,0,0,0,14,99,6,2,12,0,0,0,1,4,85706,6,1,0,0,3,3,72,195,0,0,0,0,0,0,0,0,0,9,99,99,99,99,4,2,50,1,1,8,1,2,3,1,50,7,1,4,15,1,1
4,40648,3,3,2,28,12,12,29,33,0,1,0,4,1,20,461,20461,21,1995,1GBEG25K1SF1,1,G,B,E,G,2,5,K,1,S,F,1,0,T,CHEV,SV2,IC,95,17,,2,1250,1100,S/V,G,,0,0,000000000,00000000000,0,0,0,1,0,0,0,0,0,0,0,0,0,0,0,10,10,2,1,12,0,0,0,1,4,85653,6,1,0,0,3,0,71,215,0,0,0,0,0,0,0,0,0,0,0,0,0,0,2,1,45,1,1,8,1,2,3,5,62,1,1,1,98,0,0
4,40649,1,3,4,28,12,16,2,12,1,1,0,6,3,82,881,82881,66,1999,1FUYSDYBXXPA,1,F,U,Y,S,D,Y,B,X,X,P,A,1,T,FRHT,FC2,DS,99,17,,8,0,0,CON,D,,1,57,1970318,571970318,3,6,1,1,0,0,0,0,0,0,0,998,7,0,0,12,12,6,2,12,0,0,0,1,32,89032,6,1,6,0,3,3,67,175,0,3,0,0,0,7,2009,12,2010,1,99,99,99,99,2,2,55,1,1,2,1,40,3,1,51,3,2,1,24,0,0
4,40649,2,3,3,28,12,16,2,12,1,1,0,6,1,49,46,49046,5,2010,JTDKN3DU0A00,J,T,D,K,N,3,D,U,0,A,0,0,0,P,TOYT,PRI,4H,10,17,3042,,0,1063,,B,,0,0,000000000,00000000000,0,0,0,1,0,0,0,0,0,0,0,998,0,0,0,6,99,6,2,12,36,0,0,1,6,94065,6,1,0,0,3,3,70,175,0,0,0,0,0,0,0,0,0,0,0,0,0,0,2,2,55,1,1,2,1,40,3,1,53,1,1,1,25,1,0
4,40649,3,3,2,28,12,16,2,12,1,1,0,6,2,7,472,7472,30,2002,1B7HG38N52S7,1,B,7,H,G,3,8,N,5,2,S,7,0,T,DODG,DSQ,4C,2,17,,2,0,1309,DAK,G,,0,0,000000000,00000000000,0,0,0,1,0,0,0,0,0,0,0,998,0,0,0,6,6,6,2,12,0,0,0,1,6,94521,6,1,0,0,3,3,65,135,0,0,0,0,0,0,0,0,0,0,0,0,0,0,2,2,55,1,1,2,1,40,3,1,53,1,1,1,98,0,0
4,40650,1,3,1,28,12,23,57,12,8,1,0,4,1,6,51,6051,4,1999,2C3HE66GXXH1,2,C,3,H,E,6,6,G,X,X,H,1,0,P,CHRY,30M,4D,99,17,3474,,0,1130,,G,,0,0,000000000,00000000000,0,0,0,1,0,0,0,0,0,0,0,45,0,0,0,1,12,6,2,12,0,0,0,1,4,85032,6,1,0,0,3,0,72,220,2,2,1,4,0,12,2008,1,2010,0,28,0,0,0,5,4,45,1,1,2,1,0,0,1,10,1,1,2,64,1,0
4,40650,2,3,2,28,12,23,57,12,8,1,0,4,1,12,481,12481,31,2006,1FTPX12V86NB,1,F,T,P,X,1,2,V,8,6,N,B,0,T,FORD,F15,4C,6,17,,2,0,1450,COF,F,,0,0,000000000,00000000000,0,0,0,1,0,0,0,0,0,0,0,40,0,0,0,83,83,2,1,12,0,0,0,1,4,85204,6,1,0,0,3,0,69,210,0,0,0,1,0,12,2009,12,2009,0,0,0,0,0,5,4,40,1,1,2,1,0,0,1,62,6,1,3,65,0,0
4,40650,3,3,1,28,12,23,57,12,8,1,0,19,3,82,883,82883,66,2009,1FUJA6CK69LA,1,F,U,J,A,6,C,K,6,9,L,A,1,T,FRHT,COL,DS,9,17,,8,0,0,CON,D,,1,57,1266816,571266816,3,6,2,2,2,1073,2,1,0,0,0,40,0,0,0,12,12,6,2,12,0,0,0,1,4,85629,6,1,6,1,3,0,72,225,0,4,0,0,0,1,2010,4,2010,0,0,0,0,0,5,4,40,1,1,2,1,0,0,1,64,8,1,3,98,0,0
4,40651,1,2,1,30,12,16,18,12,6,1,0,4,1,20,471,20471,30,1997,1GCCS19X3V81,1,G,C,C,S,1,9,X,3,V,8,1,0,T,CHEV,S14,PC,97,17,,1,0,1229,S,G,,0,0,000000000,00000000000,0,0,0,1,0,0,0,0,0,0,0,998,0,0,0,11,11,6,2,12,0,0,0,1,4,86413,6,1,0,0,3,3,64,140,0,0,0,0,1,3,2010,3,2010,0,38,0,0,0,5,4,55,1,1,2,1,20,3,11,15,1,1,1,82,1,0
4,40651,2,2,1,30,12,16,18,12,6,1,0,4,1,13,12,13012,4,2004,1LNHM87A14Y6,1,L,N,H,M,8,7,A,1,4,Y,6,0,P,LINC,LLS,4D,4,17,3811,,0,1145,,G,,0,0,000000000,00000000000,0,0,0,1,0,0,0,0,0,0,0,998,0,0,0,12,12,6,2,12,0,0,0,1,4,86409,6,1,0,0,3,3,66,170,0,0,0,0,0,0,0,0,0,0,0,0,0,0,5,4,55,1,1,2,1,0,0,1,67,1,1,1,83,0,0
4,40652,1,2,3,31,12,21,57,8,0,1,0,96,1,20,444,20444,20,2006,1GNDV23146D1,1,G,N,D,V,2,3,1,4,6,D,1,0,T,CHEV,,,6,17,,,,,,G,,0,0,000000000,00000000000,0,0,0,1,0,0,0,0,0,0,0,45,0,0,0,9,9,2,1,8,0,0,0,1,96,0,9,9,99,0,9,9,999,999,99,99,99,99,99,99,9999,99,9999,0,0,0,0,0,5,4,45,1,1,8,1,0,0,1,80,1,1,1,13,0,0
4,40652,2,2,2,31,12,21,57,8,0,1,0,4,1,7,482,7482,31,1996,3B7KF23Z4TM1,3,B,7,K,F,2,3,Z,4,T,M,1,0,T,DODG,250,PC,96,17,,2,1547,1387,RPC,G,,0,0,000000000,00000000000,0,0,0,1,0,0,0,0,0,0,0,45,0,0,0,14,14,0,1,8,0,0,0,1,4,85635,6,1,0,0,3,3,67,140,0,0,0,0,0,0,0,0,0,0,0,0,0,0,5,4,45,1,1,8,1,0,0,1,80,1,1,1,98,0,0
4,40653,1,1,2,17,11,20,6,8,0,1,0,4,1,12,401,12401,14,1996,1FMDU32X7TUA,1,F,M,D,U,3,2,X,7,T,U,A,0,P,FORD,EPR,UT,96,17,3952,,0,1115,,G,,0,0,000000000,00000000000,0,0,0,1,0,0,0,0,0,0,0,30,0,0,0,12,12,2,3,8,0,0,0,1,4,85022,6,1,0,0,3,0,74,245,0,0,0,0,0,0,0,0,0,0,0,0,0,0,5,6,45,1,1,2,1,0,0,1,80,1,1,1,13,0,0
4,40654,1,1,3,2,12,0,43,33,0,1,0,4,2,30,47,30047,3,2001,3VWCB21C91M4,3,V,W,C,B,2,1,C,9,1,M,4,0,P,VOLK,NGS,2H,1,17,2783,,0,989,,G,,0,0,000000000,00000000000,0,0,0,1,0,0,0,0,0,0,0,39,0,1,5,14,99,6,2,1,0,0,0,1,4,85392,6,1,0,0,3,0,72,245,0,0,0,1,1,2,2010,8,2010,1,0,0,0,0,1,2,25,1,1,2,1,0,0,10,6,1,3,4,2,1,1
4,40655,1,1,1,22,12,21,31,33,0,1,0,4,1,55,37,55037,2,2003,KMHHN65F63U0,K,M,H,H,N,6,5,F,6,3,U,0,0,P,HYUN,TGT,CP,3,17,3015,,0,996,,G,,0,0,000000000,00000000000,0,0,0,1,0,0,0,0,0,0,0,77,0,0,0,14,2,6,2,42,0,0,0,1,4,85006,0,0,0,0,0,0,64,140,0,0,0,0,0,0,0,0,0,1,0,0,0,0,2,2,45,1,6,2,2,0,0,1,6,6,4,4,7,1,1
4,40656,1,2,1,23,10,13,59,12,6,1,0,4,1,30,47,30047,3,2003,3VWBK21C73M4,3,V,W,B,K,2,1,C,7,3,M,4,0,P,VOLK,NGL,2H,3,17,3001,,0,989,,G,,0,0,000000000,00000000000,0,0,0,1,0,0,0,0,0,0,0,998,0,0,0,3,3,6,2,12,0,0,0,1,4,85323,1,1,0,0,2,3,70,190,0,3,1,0,0,1,2008,3,2010,0,28,0,0,0,1,3,45,1,1,8,1,0,0,1,10,1,4,2,64,1,0
4,40656,2,2,1,23,10,13,59,12,6,1,0,4,1,49,472,49472,30,1998,4TAPM62N9WZ0,4,T,A,P,M,6,2,N,9,W,Z,0,0,T,TOYT,REG,PK,98,17,,1,0,1033,TAC,G,,0,0,000000000,00000000000,0,0,0,1,0,0,0,0,0,0,0,998,0,0,0,12,12,6,2,12,0,0,0,1,4,85338,6,1,0,0,3,3,64,145,0,0,0,0,0,0,0,0,0,0,0,0,0,0,1,3,50,1,1,8,1,0,0,1,62,9,1,1,65,0,0
4,40657,1,1,1,18,12,9,0,1,0,1,0,4,2,35,401,35401,14,2001,JN8DR09X61W5,J,N,8,D,R,0,9,X,6,1,W,5,0,P,NISS,PFI,UT,1,17,3737,,0,1063,,G,,0,0,000000000,00000000000,0,0,0,1,0,0,0,0,0,0,0,998,0,1,1,0,99,6,2,1,0,0,0,1,4,85749,6,1,0,0,3,0,66,170,0,0,0,1,0,6,2008,6,2008,0,0,0,0,0,2,2,65,1,1,2,1,0,0,1,9,7,3,6,98,1,0
4,40658,1,2,1,21,10,7,20,1,0,1,0,4,1,73,705,73705,80,2007,JKAEXEA197A0,J,K,A,E,X,E,A,1,9,7,A,0,0,M,KAWK,EX6,RS,7,17,,,,,,,649,0,0,000000000,00000000000,0,0,0,1,0,0,0,0,0,0,0,998,0,0,0,0,81,2,1,54,0,0,0,1,4,85032,6,1,0,0,3,0,64,135,0,0,0,0,0,0,0,0,0,1,0,0,0,0,5,5,40,1,1,2,2,0,0,1,5,1,1,1,98,1,0
4,40658,2,2,2,21,10,7,20,1,0,1,0,4,1,7,402,7402,14,1998,1B4HS28Y6WF2,1,B,4,H,S,2,8,Y,6,W,F,2,0,P,DODG,DUR,UT,98,17,4349,,0,1159,,G,,0,0,000000000,00000000000,0,0,0,1,0,0,0,0,0,0,0,25,0,0,0,14,14,2,1,54,0,0,0,1,4,85304,6,1,0,0,3,0,64,200,0,0,0,0,0,0,0,0,0,0,0,0,0,0,5,5,40,1,1,2,2,0,0,1,78,7,1,3,98,0,0
4,40659,1,1,1,21,10,21,50,8,0,1,0,4,1,37,31,37031,4,2001,1HGES26761L0,1,H,G,E,S,2,6,7,6,1,L,0,0,P,HOND,UAX,4D,1,17,2615,,0,1031,,G,,0,0,000000000,00000000000,0,0,0,1,0,0,0,0,0,0,0,35,0,0,0,12,12,6,2,8,0,0,0,1,4,85143,6,1,0,0,3,0,67,170,0,0,0,0,0,0,0,0,0,0,0,0,0,0,1,2,55,1,1,8,1,0,0,1,80,2,1,1,13,0,0
4,40661,1,2,1,26,10,16,41,12,6,1,0,4,1,76,706,76706,80,2004,JYARN13E64A0,J,Y,A,R,N,1,3,E,6,4,A,0,0,M,YAMA,YFR,RS,4,17,,,,,,,998,0,0,000000000,00000000000,0,0,0,1,0,0,0,0,0,0,0,67,0,0,0,12,12,6,2,12,0,0,1,1,4,85032,6,1,0,0,3,0,72,175,0,0,0,0,1,2,2008,2,2008,1,0,0,0,0,5,5,45,1,1,2,1,2,3,1,62,3,2,1,69,1,0
4,40661,2,2,1,26,10,16,41,12,6,1,0,4,1,35,47,35047,4,2005,1N4AL11D05N4,1,N,4,A,L,1,1,D,0,5,N,4,0,P,NISS,ASL,4D,5,17,2915,,0,1102,,G,,0,0,000000000,00000000000,0,0,0,1,0,0,0,0,0,0,0,12,0,0,0,2,99,6,2,2,0,0,1,1,4,85024,6,1,0,0,3,0,65,135,0,0,0,0,0,0,0,0,0,0,0,0,0,0,5,5,45,1,1,2,1,2,3,11,15,1,1,2,68,0,0
4,40662,1,1,1,26,10,18,6,9,0,1,0,4,1,20,481,20481,31,1985,1GCCC14N3FS1,1,G,C,C,C,1,4,N,3,F,S,1,0,T,CHEV,C10,PK,85,17,,1,1315,1175,C10,G,,0,0,000000000,00000000000,0,0,0,1,0,0,0,0,0,0,0,47,0,0,0,12,12,2,1,9,0,0,0,1,4,85037,6,1,0,0,3,0,70,233,1,0,0,1,0,1,2010,2,2010,1,0,0,0,0,5,5,40,1,1,2,1,0,0,1,83,1,1,1,13,0,0
4,40663,1,1,1,27,10,23,0,8,0,1,0,4,1,12,16,12016,4,1996,2FALP73W6TX2,2,F,A,L,P,7,3,W,6,T,X,2,0,P,FORD,CVI,4D,96,17,3780,,0,1144,,G,,0,0,000000000,00000000000,0,0,0,1,0,0,0,0,0,0,0,40,0,0,0,12,12,2,1,8,0,0,0,1,4,85374,6,1,0,0,3,0,63,130,0,1,0,2,0,11,2008,12,2009,0,0,0,0,0,5,4,40,1,1,8,1,0,0,1,80,1,1,1,13,0,0
4,40664,1,1,4,30,10,2,59,33,0,1,0,99,9,99,999,99999,99,9999,999999999999,9,9,9,9,9,9,9,9,9,9,9,9,0,U,,,,9,17,,,,,,,,0,0,000000000,00000000000,0,0,0,1,0,0,0,0,0,0,0,999,0,1,1,14,99,9,9,1,0,0,0,1,4,86401,6,1,0,0,3,0,65,115,0,0,0,0,0,0,0,0,0,9,99,99,99,99,9,9,99,9,9,8,99,0,0,99,13,99,1,4,1,1,1
4,40665,1,1,2,14,8,2,45,33,0,1,0,4,2,49,472,49472,30,2007,3TMLU42NX7M0,3,T,M,L,U,4,2,N,X,7,M,0,0,T,TOYT,DCL,CW,7,17,,1,0,1278,TAC,G,,0,0,000000000,00000000000,0,0,0,1,0,0,0,0,0,0,0,50,0,0,0,14,99,6,2,38,0,0,0,1,4,85382,6,1,0,0,3,0,68,175,0,0,0,1,0,12,2008,12,2008,1,0,0,0,0,5,2,30,3,1,2,1,0,0,14,13,1,1,4,1,1,1
4,40666,1,1,1,25,11,3,2,33,0,1,0,17,1,12,37,12037,4,2005,1FAFP34N35W2,1,F,A,F,P,3,4,N,3,5,W,2,0,P,FORD,ZX4,4D,5,17,2677,,0,1030,,G,,0,0,000000000,00000000000,0,0,0,1,0,0,0,0,0,0,0,999,0,9,6,14,99,6,2,2,0,0,1,1,17,60622,6,1,0,0,3,3,72,230,0,0,0,0,0,0,0,0,0,1,99,99,99,99,2,2,45,1,1,1,1,2,3,1,14,1,1,4,14,1,1
4,40667,1,1,1,15,12,99,99,8,0,1,0,4,1,7,442,7442,20,2004,2D4GP44L54R5,2,D,4,G,P,4,4,L,5,4,R,5,0,P,DODG,CAR,SV,4,17,4033,,0,1193,,G,,0,0,000000000,00000000000,0,0,0,1,0,0,0,0,0,0,0,65,0,0,0,12,12,2,1,8,0,0,0,1,4,85653,6,1,6,0,3,3,73,300,0,0,0,0,0,0,0,0,0,0,0,0,0,0,2,3,65,1,1,2,1,0,0,1,80,6,1,3,13,0,0
4,40668,1,2,1,5,3,2,10,12,1,1,0,4,1,20,481,20481,31,1998,1GCEC19MXWE1,1,G,C,E,C,1,9,M,X,W,E,1,0,T,CHEV,GC1,PC,98,17,,2,1555,1415,GM4,G,,0,0,000000000,00000000000,0,0,0,1,0,0,0,0,0,0,0,0,0,0,0,6,6,6,2,12,0,0,0,1,4,85390,6,1,0,0,3,0,73,185,0,0,0,0,0,0,0,0,0,0,13,0,0,0,3,9,65,1,1,2,1,0,0,5,53,1,1,1,21,1,0
4,40668,2,2,3,5,3,2,10,12,1,1,0,4,1,7,43,7043,4,2004,1B3EL36T14N3,1,B,3,E,L,3,6,T,1,4,N,3,0,P,DODG,SSE,4D,4,17,3088,,0,1080,,F,,0,0,000000000,00000000000,0,0,0,1,0,0,0,0,0,0,0,55,0,0,0,12,12,6,2,12,0,0,0,1,4,85250,6,1,6,0,3,0,66,240,0,3,0,0,0,6,2008,8,2009,1,0,0,0,0,3,9,65,1,1,2,1,0,0,1,50,1,1,1,20,0,0
4,40669,1,2,1,1,11,6,10,12,6,1,0,4,2,18,2,18002,4,1995,1G4HR52LXSH4,1,G,4,H,R,5,2,L,X,S,H,4,0,P,BUIC,LLF,4D,95,17,3442,,0,1108,,G,,0,0,000000000,00000000000,0,0,0,1,0,0,0,0,0,0,0,40,0,0,0,63,9,6,2,46,32,0,0,1,4,85711,6,1,0,0,3,0,64,300,0,0,0,1,0,6,2010,6,2010,0,39,0,0,0,5,4,40,1,1,2,1,2,3,1,17,1,1,1,89,1,0
4,40669,2,2,3,1,11,6,10,12,6,1,0,4,1,63,33,63033,4,2009,KNAFE2217955,K,N,A,F,E,2,2,1,7,9,5,5,0,P,KIA,SXC,4D,9,17,2701,,0,1028,,G,,0,0,000000000,00000000000,0,0,0,1,0,0,0,0,0,0,0,40,0,0,0,12,12,6,2,12,0,0,0,1,53,98503,6,1,0,0,3,0,62,130,0,0,0,0,0,0,0,0,0,0,0,0,0,0,5,4,40,1,1,2,1,2,3,1,66,1,1,1,88,0,0
4,40670,1,2,1,4,11,10,37,12,6,1,0,4,1,12,17,12017,4,2001,1FAFP53UX1A2,1,F,A,F,P,5,3,U,X,1,A,2,0,P,FORD,TSE,4D,1,17,3354,,0,1085,,G,,0,0,000000000,00000000000,0,0,0,1,0,0,0,0,0,0,0,5,0,0,0,9,9,6,2,12,0,0,0,1,4,85705,6,1,0,0,3,3,65,120,0,0,0,0,0,0,0,0,0,0,39,0,0,0,5,2,30,1,1,8,1,2,3,11,15,1,1,1,82,1,0
4,40670,2,2,1,4,11,10,37,12,6,1,0,4,3,84,881,84881,63,2004,1HTWYAXT94J0,1,H,T,W,Y,A,X,T,9,4,J,0,1,T,INTL,760,TM,4,17,,8,0,0,70S,D,,1,57,0198550,570198550,3,4,3,1,0,0,0,0,0,0,0,40,0,0,0,12,12,4,1,12,0,0,0,1,4,85719,6,1,6,0,3,2,69,220,0,0,0,1,2,12,2007,4,2009,0,74,0,0,0,5,4,40,1,1,8,1,2,3,1,67,3,2,1,83,0,0
4,40671,1,1,1,5,11,0,16,15,0,1,0,4,1,72,706,72706,80,2004,1HD1JBB154Y0,1,H,D,1,J,B,B,1,5,4,Y,0,0,M,HD,XDI,RS,4,17,,,,,,,1450,0,0,000000000,00000000000,0,0,0,1,0,0,0,0,0,0,0,45,0,0,0,12,98,6,2,15,0,0,0,1,4,85323,1,1,0,0,2,3,65,273,0,4,0,0,0,3,2010,5,2010,0,0,0,0,0,1,4,45,1,1,2,1,0,0,1,80,3,2,1,13,1,0
4,40672,1,2,1,5,11,8,16,12,7,1,0,26,2,20,37,20037,4,1999,1G1NE52M9X61,1,G,1,N,E,5,2,M,9,X,6,1,0,P,CHEV,M/L,4D,99,17,3077,,0,1070,,G,,0,0,000000000,00000000000,0,0,0,1,0,0,0,0,0,0,0,44,0,0,0,83,9,6,2,30,0,0,0,1,26,48237,6,1,0,0,2,0,63,160,0,9,0,0,0,11,2007,4,2009,1,27,0,0,0,2,2,25,1,1,2,1,0,0,15,11,1,1,2,46,1,0
4,40672,2,2,1,5,11,8,16,12,7,1,0,4,1,30,402,30402,14,2010,WVGCV7AX5AW0,W,V,G,C,V,7,A,X,5,A,W,0,0,P,VOLK,TIG,UT,10,17,3397,,0,1025,,G,,0,0,000000000,00000000000,0,0,0,1,0,0,0,0,0,0,0,30,0,0,0,62,62,2,1,12,0,0,0,1,4,85044,6,1,0,0,3,3,72,195,0,0,0,0,0,0,0,0,0,0,0,0,0,0,2,2,25,1,1,2,1,0,0,1,60,1,1,1,45,0,0
4,40673,1,3,2,5,11,18,51,12,2,1,0,4,1,20,481,20481,31,1995,2GCEC19K2S11,2,G,C,E,C,1,9,K,2,S,1,1,0,T,CHEV,GC1,PC,95,17,,2,1555,1415,GM4,G,,0,0,000000000,00000000000,0,0,0,1,0,0,0,0,0,0,0,45,0,0,0,12,98,6,2,12,0,0,0,1,4,85254,6,1,0,0,3,3,70,175,0,0,0,0,0,0,0,0,0,0,39,92,0,0,3,3,45,1,1,8,1,3,3,1,17,1,1,1,69,1,0
4,40673,2,3,1,5,11,18,51,12,2,1,0,4,1,37,31,37031,4,2008,1HGFA158X8L0,1,H,G,F,A,1,5,8,X,8,L,0,0,P,HOND,UAX,4D,8,17,2738,,0,1063,,G,,0,0,000000000,00000000000,0,0,0,1,0,0,0,0,0,0,0,25,0,0,0,12,98,6,2,12,0,0,0,1,4,85258,6,1,0,0,3,3,70,160,0,0,0,0,0,0,0,0,0,0,0,0,0,0,3,3,45,1,1,8,1,3,3,11,15,1,1,3,68,0,0
4,40673,3,3,1,5,11,18,51,12,2,1,0,4,1,20,481,20481,31,2006,2GCEC13T3611,2,G,C,E,C,1,3,T,3,6,1,1,0,T,CHEV,SC1,CW,6,17,,2,0,1435,SIL,G,,0,0,000000000,00000000000,0,0,0,1,0,0,0,0,0,0,0,25,0,0,0,9,98,2,1,12,0,0,0,1,4,85281,6,1,0,0,3,0,74,175,0,1,0,1,0,4,2010,5,2010,0,0,0,0,0,3,3,45,1,1,8,1,3,3,11,15,1,1,3,98,0,0
4,40674,1,1,3,10,11,17,55,15,0,1,0,4,1,18,24,18024,6,2009,5GAEV23D19J1,5,G,A,E,V,2,3,D,1,9,J,1,0,P,BUIC,ENC,UT,9,17,4980,,0,1189,,G,,0,0,000000000,00000000000,0,0,0,1,0,0,0,0,0,0,0,25,0,0,0,12,12,2,3,15,0,0,0,1,4,86040,6,1,0,0,3,0,70,198,0,1,0,2,1,6,2010,8,2010,9,99,99,99,99,5,4,30,2,3,2,1,0,0,14,80,1,1,1,13,0,0