STATE,ST_CASE,VEH_NO,VE_FORMS,NUMOCCS,DAY,MONTH,HOUR,MINUTE,HARM_EV,MAN_COLL,UNITTYPE,HIT_RUN,REG_STAT,OWNER,MAKE,MODEL,MAK_MOD,BODY_TYP,MOD_YEAR,VIN,VIN_1,VIN_2,VIN_3,VIN_4,VIN_5,VIN_6,VIN_7,VIN_8,VIN_9,VIN_10,VIN_11,VIN_12,TOW_VEH,VINTYPE,VINMAKE,VINA_MOD,VIN_BT,VINMODYR,VIN_LNGT,VIN_WGT,WGTCD_TR,WHLBS_LG,WHLBS_SH,SER_TR,FUELCODE,MCYCL_DS,J_KNIFE,MCARR_I1,MCARR_I2,MCARR_ID,GVWR,V_CONFIG,CARGO_BT,HAZ_INV,HAZ_PLAC,HAZ_ID,HAZ_CNO,HAZ_REL,BUS_USE,SPEC_USE,EMER_USE,TRAV_SP,UNDERIDE,ROLLOVER,ROLINLOC,IMPACT1,IMPACT2,DEFORMED,TOWED,M_HARM,VEH_SC1,VEH_SC2,FIRE_EXP,DR_PRES,L_STATE,DR_ZIP,L_STATUS,L_TYPE,CDL_STAT,L_ENDORS,L_COMPL,L_RESTRI,DR_HGT,DR_WGT,PREV_ACC,PREV_SUS,PREV_DWI,PREV_SPD,PREV_OTH,FIRST_MO,FIRST_YR,LAST_MO,LAST_YR,SPEEDREL,DR_SF1,DR_SF2,DR_SF3,DR_SF4,VTRAFWAY,VNUM_LAN,VSPD_LIM,VALIGN,VPROFILE,VPAVETYP,VSURCOND,VTRAFCON,VTCONT_F,P_CRASH1,P_CRASH2,P_CRASH3,PCRASH4,PCRASH5,ACC_TYPE,DEATHS,DR_DRINK
4,40717,1,1,2,26,12,3,0,1,0,1,0,99,9,99,999,99999,99,9999,999999999999,9,9,9,9,9,9,9,9,9,9,9,9,0,U,,,,9,17,,,,,,,,0,0,000000000,00000000000,0,0,0,1,0,0,0,0,0,0,0,999,0,1,5,0,99,9,9,1,0,0,0,1,99,99999,9,9,99,9,9,9,999,999,99,99,99,99,99,99,9999,99,9999,9,99,99,99,99,9,9,99,9,9,9,99,99,9,99,9,99,9,9,2,1,1
4,40718,1,1,1,27,12,99,99,99,0,1,0,99,9,99,999,99999,99,9999,999999999999,9,9,9,9,9,9,9,9,9,9,9,9,0,U,,,,9,17,,,,,,,,0,0,000000000,00000000000,0,0,0,1,0,0,0,0,0,0,0,999,0,0,0,0,99,9,9,99,0,0,0,1,4,85032,6,1,0,0,3,0,62,150,0,0,0,0,0,0,0,0,0,9,99,99,99,99,9,9,99,9,9,2,99,99,9,99,99,99,9,9,99,1,0
4,40719,1,1,1,28,12,21,47,8,0,1,0,4,3,30,40,30040,8,2010,3VWRL7AJ6AM1,3,V,W,R,L,7,A,J,6,A,M,1,0,P,VOLK,JTD,4D,10,17,3184,,0,1015,,D,,0,0,000000000,00000000000,0,0,0,1,0,0,0,0,0,0,0,42,0,0,0,12,12,4,9,8,0,0,0,1,4,85361,6,1,0,0,3,3,67,170,0,0,0,0,0,0,0,0,0,0,0,0,0,0,5,4,40,1,1,2,1,0,0,1,80,1,1,1,13,0,0
4,40720,1,1,1,28,12,99,99,42,0,1,0,99,9,99,999,99999,99,9999,999999999999,9,9,9,9,9,9,9,9,9,9,9,9,0,U,,,,9,17,,,,,,,,0,0,000000000,00000000000,0,0,0,1,0,0,0,0,0,0,0,999,0,0,0,99,99,9,9,3,0,0,0,1,4,85712,6,1,0,0,3,0,66,153,0,0,0,0,0,0,0,0,0,9,99,99,99,99,9,9,99,9,9,9,99,99,9,99,99,99,9,4,5,1,0
4,40721,1,1,1,30,12,21,1,33,0,1,0,4,2,72,706,72706,80,1991,1HD1EBL10MY1,1,H,D,1,E,B,L,1,0,M,Y,1,0,M,HD,FRS,RS,91,17,,,,,,,1340,0,0,000000000,00000000000,0,0,0,1,0,0,0,0,0,0,0,40,0,0,0,14,98,6,2,1,0,0,0,1,4,85023,6,1,0,0,3,0,72,205,0,0,0,1,0,8,2008,8,2008,1,82,0,0,0,1,2,25,1,1,2,1,0,0,1,8,1,9,4,2,1,1
4,40722,1,1,1,31,12,23,1,33,0,1,0,4,2,7,482,7482,31,1999,1B7HC16Y4XS1,1,B,7,H,C,1,6,Y,4,X,S,1,0,T,DODG,150,PK,99,17,,2,1347,1187,RPC,G,,0,0,000000000,00000000000,0,0,0,1,0,0,0,0,0,0,0,999,0,1,5,14,98,6,2,1,0,0,0,1,4,85345,0,0,0,0,0,0,72,300,0,0,0,0,0,0,0,0,0,0,0,0,0,0,4,2,35,1,1,8,1,98,3,1,13,1,1,4,1,1,1
4,40723,1,1,1,5,9,9,5,30,0,1,0,4,1,35,471,35471,30,1996,1N6SD16S5TC3,1,N,6,S,D,1,6,S,5,T,C,3,0,T,NISS,KSX,PC,96,17,,1,0,1161,TRK,G,,0,0,000000000,00000000000,0,0,0,1,0,0,0,0,0,0,0,15,0,0,0,12,12,4,1,30,0,0,0,1,4,85247,6,1,0,0,3,0,66,285,0,0,0,0,0,0,0,0,0,0,48,0,0,0,1,2,35,1,1,8,1,0,0,1,12,1,1,4,6,1,1
4,40724,1,1,2,28,9,18,32,99,0,1,0,99,9,99,999,99999,99,9999,999999999999,9,9,9,9,9,9,9,9,9,9,9,9,0,U,,,,9,17,,,,,,,,0,0,000000000,00000000000,0,0,0,1,0,0,0,0,0,0,0,999,0,0,0,99,99,9,9,99,0,0,0,1,99,99999,9,9,99,9,9,9,999,999,99,99,99,99,99,99,9999,99,9999,9,99,99,99,99,9,9,99,9,9,2,99,99,9,99,99,99,9,9,99,1,0
4,40725,1,1,2,29,9,12,0,99,0,1,0,99,9,99,999,99999,99,9999,999999999999,9,9,9,9,9,9,9,9,9,9,9,9,0,U,,,,9,17,,,,,,,,0,0,000000000,00000000000,0,0,0,1,0,0,0,0,0,0,0,999,0,0,0,99,99,9,9,99,0,0,0,1,99,99999,9,9,99,9,9,9,999,999,99,99,99,99,99,99,9999,99,9999,9,99,99,99,99,9,9,99,9,9,9,99,99,9,99,99,99,9,9,99,1,0
4,40726,1,1,1,7,12,6,53,1,0,1,0,4,1,20,421,20421,15,2004,1GNEC13V94R3,1,G,N,E,C,1,3,V,9,4,R,3,0,P,CHEV,CTA,UT,4,17,4828,,0,1160,,G,,0,0,000000000,00000000000,0,0,0,1,0,0,0,0,0,0,0,55,0,1,5,0,98,6,2,1,0,0,0,1,4,85228,6,1,0,0,3,0,64,165,0,0,0,1,0,12,2008,12,2008,1,0,0,0,0,1,2,35,1,1,8,1,0,0,1,12,1,1,4,6,1,0
4,40727,1,2,1,27,9,15,56,12,6,1,0,4,1,14,17,14017,4,2001,1MEFM55SX1A6,1,M,E,F,M,5,5,S,X,1,A,6,0,P,MERC,SLP,4D,1,17,3351,,0,1085,,G,,0,0,000000000,00000000000,0,0,0,1,0,0,0,0,0,0,0,12,0,0,0,82,82,6,2,12,0,0,0,1,4,85012,1,1,0,0,2,0,69,168,0,0,0,0,0,0,0,0,0,0,38,0,0,0,5,6,35,1,1,2,1,0,0,1,17,1,1,3,87,1,0
4,40727,2,2,2,27,9,15,56,12,6,1,0,4,3,12,422,12422,15,2006,1FMFU20526LA,1,F,M,F,U,2,0,5,2,6,L,A,0,P,FORD,EPT,UT,6,17,5606,,0,1190,,G,,0,0,000000000,00000000000,0,0,0,1,0,0,0,0,0,0,0,33,0,0,0,12,98,6,2,12,0,0,0,1,4,85013,6,1,0,0,3,3,60,120,0,0,0,0,0,0,0,0,0,0,0,0,0,0,5,6,35,1,1,2,1,0,0,1,71,1,1,1,86,0,0
5,50001,1,1,2,2,1,2,16,43,0,1,0,5,2,22,8,22008,2,2004,6G2VX12G14L3,6,G,2,V,X,1,2,G,1,4,L,3,0,P,PONT,GTO,CP,4,17,3725,,0,1098,,G,,0,0,000000000,00000000000,0,0,0,1,0,0,0,0,0,0,0,998,0,1,5,12,12,6,2,1,0,0,0,1,5,71913,6,1,0,0,3,3,67,145,0,0,0,2,0,5,2008,6,2009,1,58,36,0,0,1,2,55,3,1,2,1,0,0,14,6,6,1,4,6,1,1
5,50002,1,1,1,2,1,11,44,42,0,1,0,5,1,6,52,6052,1,2001,3C8FY4BB81T6,3,C,8,F,Y,4,B,B,8,1,T,6,0,P,CHRY,PTC,SV,1,17,3109,,0,1030,,G,,0,0,000000000,00000000000,0,0,0,1,0,0,0,0,0,0,0,998,0,0,0,12,12,6,2,42,0,0,1,1,5,71913,6,1,0,0,3,0,72,225,0,0,0,0,0,0,0,0,0,0,36,0,0,0,1,2,55,1,1,2,1,0,0,1,13,1,1,4,1,1,0
5,50003,1,1,2,4,1,4,26,14,0,1,0,27,3,20,461,20461,21,2009,1GCHG35KX911,1,G,C,H,G,3,5,K,X,9,1,1,0,T,CHEV,E35,CG,9,17,,2,0,1350,EXP,G,,0,0,000000000,00000000000,0,0,0,1,0,0,0,0,0,0,0,998,0,0,0,12,12,6,2,14,0,0,0,1,48,75149,6,1,6,0,3,0,70,200,0,0,0,0,0,0,0,0,0,1,87,0,0,0,2,2,70,1,1,2,4,0,0,1,5,7,2,4,2,1,0
5,50004,1,1,2,4,1,12,43,18,0,1,0,5,1,18,22,18022,4,2008,2G4WC5822811,2,G,4,W,C,5,8,2,2,8,1,1,0,P,BUIC,LCX,4D,8,17,3495,,0,1105,,G,,0,0,000000000,00000000000,0,0,0,1,0,0,0,0,0,0,0,998,0,1,6,99,99,6,2,3,0,0,0,1,5,72812,6,1,0,0,3,3,66,150,0,0,0,0,0,0,0,0,0,1,36,0,0,0,1,2,45,1,1,2,4,0,0,1,6,1,4,4,7,2,0
5,50005,1,1,2,6,1,16,10,35,0,1,0,5,2,20,471,20471,30,1995,1GCCS1443S81,1,G,C,C,S,1,4,4,3,S,8,1,0,T,CHEV,S14,PK,95,17,,1,1179,1083,S,G,,0,0,000000000,00000000000,0,0,0,1,0,0,0,0,0,0,0,998,0,1,2,12,12,6,2,1,0,0,0,1,5,72104,6,1,0,0,3,3,63,185,0,0,0,0,0,0,0,0,0,1,58,36,0,0,1,2,40,3,1,2,1,0,0,14,6,6,4,4,7,1,0
5,50006,1,1,1,10,1,4,7,42,0,1,0,5,1,37,402,37402,14,1999,JHLRD1864XC0,J,H,L,R,D,1,8,6,4,X,C,0,0,P,HOND,CRV,UT,99,17,3245,,0,1032,,G,,0,0,000000000,00000000000,0,0,0,1,0,0,0,0,0,0,0,998,0,1,5,9,13,6,2,1,0,0,0,1,5,72058,6,1,0,0,3,0,68,275,0,0,0,0,0,0,0,0,0,1,0,0,0,0,1,2,55,2,1,2,10,0,0,14,6,4,3,4,5,1,1
5,50007,1,1,1,10,1,15,50,24,0,1,0,5,1,72,706,72706,80,2009,1HD1GM4159K3,1,H,D,1,G,M,4,1,5,9,K,3,0,M,HD,FXD,RS,9,17,,,,,,,1584,0,0,000000000,00000000000,0,0,0,1,0,0,0,0,0,0,0,998,0,0,0,9,11,6,2,24,0,0,0,1,5,72137,6,1,0,0,3,0,69,140,0,0,0,0,0,0,0,0,0,0,0,0,0,0,1,2,45,2,1,2,1,0,0,14,13,99,1,4,6,1,1
5,50008,1,1,1,11,1,20,58,32,0,1,0,5,1,13,1,13001,4,1988,1LNBM82F8JY7,1,L,N,B,M,8,2,F,8,J,Y,7,0,P,LINC,SIG,4D,88,17,4119,,0,1174,,G,,0,0,000000000,00000000000,0,0,0,1,0,0,0,0,0,0,0,998,0,0,0,12,12,6,2,32,99,99,0,1,5,72023,6,1,0,0,3,3,68,195,1,2,0,0,0,7,2009,7,2009,0,99,99,99,99,1,4,40,1,1,2,1,0,0,1,8,1,4,4,2,1,0
5,50009,1,1,1,12,1,3,12,1,0,1,0,28,1,20,481,20481,31,1998,2GCEK19R5W11,2,G,C,E,K,1,9,R,5,W,1,1,0,T,CHEV,GK1,PC,98,17,,2,1555,1415,GM4,G,,0,0,000000000,00000000000,0,0,0,1,0,0,0,0,0,0,0,998,0,2,3,0,0,6,2,1,0,0,0,1,28,38632,6,1,0,0,3,0,72,210,0,0,0,0,1,6,2009,6,2009,0,36,0,0,0,3,4,65,1,1,2,1,0,0,1,8,1,4,4,7,1,0
5,50010,1,1,1,13,1,22,19,34,0,1,0,5,2,12,481,12481,31,1997,1FTJW35F6VEC,1,F,T,J,W,3,5,F,6,V,E,C,0,T,FORD,F35,CW,97,17,,2,0,1680,COF,D,,0,0,000000000,00000000000,0,0,0,1,0,0,0,0,0,0,0,998,0,2,2,14,0,6,2,1,0,0,0,1,5,72631,6,1,0,0,3,3,71,190,0,0,0,0,0,0,0,0,0,0,0,0,0,0,3,2,55,2,4,2,1,0,0,14,9,6,4,4,2,1,1
5,50011,1,1,1,15,1,10,24,34,0,1,0,5,1,12,481,12481,31,1992,1FTEF14HXNLA,1,F,T,E,F,1,4,H,X,N,L,A,0,T,FORD,F15,PK,92,17,,2,1330,1170,COF,G,,0,0,000000000,00000000000,0,0,0,1,0,0,0,0,0,0,0,998,0,0,0,99,1,6,2,35,0,0,0,1,5,72855,6,1,0,0,3,0,70,140,0,0,0,0,0,0,0,0,0,0,0,0,0,0,1,2,55,2,1,2,1,0,0,14,8,1,2,4,2,1,1
5,50012,1,1,1,15,1,16,50,32,0,1,0,5,2,20,403,20403,14,2006,1GNET16S1661,1,G,N,E,T,1,6,S,1,6,6,1,0,P,CHEV,TRL,UT,6,17,4954,,0,1290,,G,,0,0,000000000,00000000000,0,0,0,1,0,0,0,0,0,0,0,998,0,1,5,2,9,6,2,42,0,0,0,1,5,72662,6,1,0,0,3,0,63,130,0,1,0,0,0,8,2008,8,2008,9,99,99,99,99,1,3,55,1,1,2,1,0,0,1,13,1,1,4,1,1,1
5,50013,1,1,1,16,1,21,45,34,0,1,0,5,1,22,16,22016,4,2002,1G2JB5246272,1,G,2,J,B,5,2,4,6,2,7,2,0,P,PONT,SFS,4D,2,17,2644,,0,1041,,G,,0,0,000000000,00000000000,0,0,0,1,0,0,0,0,0,0,0,998,0,0,0,99,9,6,2,42,0,0,0,1,5,71862,6,1,0,0,3,0,69,146,0,0,0,0,1,12,2009,12,2009,1,87,0,0,0,1,2,55,1,1,2,2,0,0,6,6,1,4,4,7,1,0
5,50014,1,1,4,17,1,2,49,46,0,1,0,5,2,55,35,55035,4,2006,KMHDN46D16U2,K,M,H,D,N,4,6,D,1,6,U,2,0,P,HYUN,GTL,4D,6,17,2784,,0,1027,,G,,0,0,000000000,00000000000,0,0,0,1,0,0,0,0,0,0,0,998,0,0,0,3,3,6,2,46,0,0,0,1,5,72923,6,1,0,0,3,2,69,140,0,2,0,0,0,3,2009,3,2009,1,74,87,0,0,1,4,30,3,2,2,2,3,3,14,6,1,4,4,2,4,1
5,50015,1,1,1,17,1,3,33,42,0,1,0,5,2,20,9,20009,2,1994,2G1FP22P6R21,2,G,1,F,P,2,2,P,6,R,2,1,0,P,CHEV,Z28,CP,94,17,3424,,0,1011,,G,,0,0,000000000,00000000000,0,0,0,1,0,0,0,0,0,0,0,998,0,0,0,5,5,6,2,42,0,0,0,1,5,72081,1,1,0,0,2,0,71,260,0,0,0,0,8,8,2009,8,2009,0,36,0,0,0,1,2,55,1,2,2,2,0,0,1,8,1,3,4,2,1,0
5,50016,1,1,1,17,1,7,24,21,0,1,0,5,2,37,32,37032,4,1996,1HGCD5630TA0,1,H,G,C,D,5,6,3,0,T,A,0,0,P,HOND,ULE,4D,96,17,2864,,0,1069,,G,,0,0,000000000,00000000000,0,0,0,1,0,0,0,0,0,0,0,60,0,0,0,11,11,6,2,21,99,99,0,1,5,72076,0,0,0,0,0,0,70,170,0,0,0,0,0,0,0,0,0,0,36,0,0,0,2,4,60,3,2,1,2,0,0,14,9,1,1,4,1,1,1
5,50017,1,2,1,18,1,9,18,12,6,1,0,5,1,49,472,49472,30,2009,3TMJU62NX9M0,3,T,M,J,U,6,2,N,X,9,M,0,0,T,TOYT,DCP,CW,9,17,,1,0,1278,TAC,G,,0,0,000000000,00000000000,0,0,0,1,0,0,0,0,0,0,0,998,0,0,0,9,9,6,2,12,0,0,0,1,5,72032,6,1,0,0,3,3,71,187,2,0,0,0,0,5,2009,12,2009,0,38,0,0,0,1,2,35,1,2,2,2,20,3,11,15,1,2,1,82,1,0
5,50017,2,2,1,18,1,9,18,12,6,1,0,5,3,7,881,7881,61,1998,3B6MC3661WM2,3,B,6,M,C,3,6,6,1,W,M,2,1,T,DODG,350,CB,98,17,,3,1627,1387,RPC,D,,3,99,999999999,99999999999,2,1,97,1,0,0,0,0,0,0,0,998,0,0,0,12,12,6,2,12,0,0,0,1,5,72070,6,1,6,1,3,0,71,210,0,0,0,0,0,0,0,0,0,0,0,0,0,0,1,2,35,1,2,2,2,0,0,1,67,1,1,1,83,0,0
5,50018,1,2,1,18,1,16,37,32,0,1,0,5,1,12,481,12481,31,2000,1FTNW21F6YEB,1,F,T,N,W,2,1,F,6,Y,E,B,1,T,FORD,F2S,CW,0,17,,2,1724,1562,SRW,D,,1,0,000000000,00000000000,0,0,0,1,0,0,0,0,0,0,0,55,0,1,1,1,12,6,2,12,0,0,0,1,5,72653,6,1,6,0,3,0,76,290,0,0,0,0,0,0,0,0,0,0,28,0,0,0,1,2,55,3,1,2,1,0,0,14,8,1,4,4,98,0,0
5,50018,2,2,1,18,1,16,37,32,0,1,0,5,1,20,421,20421,15,2007,1GNFK13037R3,1,G,N,F,K,1,3,0,3,7,R,3,1,P,CHEV,KTA,UT,7,17,5706,,0,1160,,F,,1,0,000000000,00000000000,0,0,0,1,0,0,0,0,0,0,0,55,0,1,5,11,1,6,2,12,0,0,0,1,5,72653,6,1,0,0,3,3,76,220,0,0,0,0,0,0,0,0,0,0,0,0,0,0,1,2,55,3,1,2,1,0,0,14,78,1,1,4,98,1,0
5,50019,1,1,1,21,1,12,16,35,0,1,0,5,1,18,3,18003,4,1995,1G4CW52K0SH6,1,G,4,C,W,5,2,K,0,S,H,6,0,P,BUIC,PKA,4D,95,17,3532,,0,1108,,G,,0,0,000000000,00000000000,0,0,0,1,0,0,0,0,0,0,0,998,0,0,0,12,12,6,2,42,99,99,0,1,5,72150,6,1,0,0,3,3,66,165,0,0,0,0,0,0,0,0,0,0,28,0,0,0,1,2,55,2,1,2,1,0,0,14,9,1,9,4,1,1,0
5,50020,1,2,1,22,1,13,53,12,2,1,0,5,2,49,32,49032,4,1998,1NXBR12E7WZ1,1,N,X,B,R,1,2,E,7,W,Z,1,0,P,TOYT,UVL,4D,98,17,2414,,0,970,,G,,0,0,000000000,00000000000,0,0,0,1,0,0,0,0,0,0,0,998,0,0,0,12,12,6,2,12,0,0,0,1,5,71602,6,1,0,0,3,0,73,320,0,0,0,0,0,0,0,0,0,1,28,0,0,0,1,2,45,2,1,2,1,0,0,14,10,4,1,2,50,1,0
5,50020,2,2,1,22,1,13,53,12,2,1,0,5,3,20,481,20481,31,1994,1GCEK19K4RE3,1,G,C,E,K,1,9,K,4,R,E,3,0,T,CHEV,GK1,PC,94,17,,2,1555,1415,GM4,G,,0,0,000000000,00000000000,0,0,0,1,0,0,0,0,0,0,0,998,0,0,0,12,12,6,2,12,0,0,0,1,5,72057,6,1,6,0,3,0,72,250,0,0,0,0,0,0,0,0,0,0,0,0,0,0,1,2,45,3,1,2,1,0,0,14,62,4,1,1,51,0,0
5,50021,1,2,1,28,1,8,22,12,6,1,0,5,1,37,31,37031,4,2003,1HGEM22553L0,1,H,G,E,M,2,2,5,5,3,L,0,0,P,HOND,UCL,CP,3,17,2465,,0,1031,,G,,0,0,000000000,00000000000,0,0,0,1,0,0,0,0,0,0,0,998,0,0,0,1,1,6,2,12,0,0,0,1,5,72761,6,1,0,0,3,3,63,210,0,0,0,0,0,0,0,0,0,0,0,0,0,0,1,2,55,1,1,2,1,0,0,1,62,9,1,1,64,1,0
5,50021,2,2,1,28,1,8,22,12,6,1,0,5,1,12,37,12037,2,2009,1FAHP32NX9W1,1,F,A,H,P,3,2,N,X,9,W,1,0,P,FORD,FSE,CP,9,17,2588,,0,1029,,G,,0,0,000000000,00000000000,0,0,0,1,0,0,0,0,0,0,0,998,0,0,0,1,1,6,2,12,0,0,0,1,5,72736,6,1,0,0,3,3,67,220,0,0,0,0,0,0,0,0,0,0,28,0,0,0,1,2,55,1,1,2,1,0,0,99,10,1,9,2,65,0,0
5,50022,1,2,1,30,1,3,58,12,1,1,0,6,1,82,881,82881,66,2002,1FUJBBCG52LJ,1,F,U,J,B,B,C,G,5,2,L,J,1,T,FRHT,ST2,DS,2,17,,8,0,0,CON,D,,1,57,1884598,571884598,3,6,1,1,0,0,0,0,0,0,0,0,0,0,0,6,6,4,1,12,0,0,0,1,6,91356,6,1,6,0,3,3,68,170,0,1,0,0,0,10,2009,10,2009,0,0,0,0,0,2,2,70,1,1,2,4,0,0,5,53,1,1,1,32,0,0
5,50022,2,2,3,30,1,3,58,12,1,1,0,6,2,12,461,12461,21,1996,1FDEE14H0THB,1,F,D,E,E,1,4,H,0,T,H,B,0,T,FORD,15V,IC,96,17,,2,0,1380,VAN,G,,0,0,000000000,00000000000,0,0,0,1,0,0,0,0,0,0,0,998,0,0,0,12,12,6,2,12,0,0,0,1,6,91356,6,1,0,0,3,0,65,188,0,0,0,1,0,2,2008,2,2008,1,87,0,0,0,2,2,70,1,1,2,4,0,0,1,50,1,1,1,32,1,0
5,50023,1,2,1,31,1,19,29,12,2,1,0,5,1,23,481,23481,31,1999,2GTEK19T0X15,2,G,T,E,K,1,9,T,0,X,1,5,0,T,GMC,NK1,3C,99,17,,2,1575,1435,SIE,G,,0,0,000000000,00000000000,0,0,0,1,0,0,0,0,0,0,0,998,7,0,0,12,12,6,2,12,0,0,0,1,5,72903,6,1,0,0,3,0,75,180,0,0,0,2,1,6,2007,9,2009,0,0,0,0,0,1,2,55,1,1,2,1,0,0,1,10,1,1,1,52,0,0
5,50023,2,2,1,31,1,19,29,12,2,1,0,48,1,7,20,7020,4,2000,1B3ES46C7YD7,1,B,3,E,S,4,6,C,7,Y,D,7,0,P,DODG,NSE,4D,0,17,2515,,0,1050,,G,,0,0,000000000,00000000000,0,0,0,1,0,0,0,0,0,0,0,0,0,1,1,12,12,6,2,12,0,0,0,1,48,75169,6,1,0,0,3,0,68,150,0,0,0,0,0,0,0,0,0,0,23,54,28,0,1,2,55,1,1,2,1,0,0,7,98,1,1,2,52,1,1
5,50024,1,1,1,3,2,12,22,35,0,1,0,5,3,20,481,20481,31,2009,1GCEK19C69Z1,1,G,C,E,K,1,9,C,6,9,Z,1,0,T,CHEV,SK1,4C,9,17,,2,1575,1339,SIL,G,,0,0,000000000,00000000000,0,0,0,1,0,0,0,0,0,0,0,998,0,0,0,12,12,6,2,35,0,0,0,1,5,71822,6,1,0,0,3,3,75,300,0,0,0,0,0,0,0,0,0,9,99,99,99,99,1,2,55,2,2,2,1,0,0,14,12,1,1,4,6,1,0
5,50025,1,1,1,3,2,20,47,8,0,1,0,48,3,82,883,82883,66,2007,1FUJA6CK67LX,1,F,U,J,A,6,C,K,6,7,L,X,1,T,FRHT,COL,DS,7,17,,8,0,0,CON,D,,1,57,375063,57375063,3,6,1,1,0,0,0,0,0,0,0,998,0,0,0,1,1,4,1,8,0,0,0,1,48,75766,6,1,6,0,3,0,74,205,1,1,0,0,2,3,2008,11,2009,0,0,0,0,0,1,2,55,1,1,2,1,0,0,1,80,1,1,1,13,0,0
5,50026,1,2,1,5,2,11,18,12,6,1,0,5,2,24,1,24001,4,2002,1G8ZK52762Z3,1,G,8,Z,K,5,2,7,6,2,Z,3,0,P,STRN,SL2,4D,2,17,2431,,0,1024,,G,,0,0,000000000,00000000000,0,0,0,1,0,0,0,0,0,0,0,998,0,0,0,1,2,6,2,12,0,0,0,1,5,72364,6,1,0,0,3,0,67,234,0,0,0,0,1,10,2008,10,2008,1,28,87,0,0,1,2,55,3,2,2,2,0,0,14,6,1,2,2,64,1,0
5,50026,2,2,1,5,2,11,18,12,6,1,0,5,2,7,442,7442,20,2003,1D4GP253X3B1,1,D,4,G,P,2,5,3,X,3,B,1,0,P,DODG,CAR,SV,3,17,3758,,0,1133,,F,,0,0,000000000,00000000000,0,0,0,1,0,0,0,0,0,0,0,998,0,0,0,11,12,6,2,12,0,0,0,1,5,72373,6,1,0,0,3,0,67,165,0,0,0,0,0,0,0,0,0,0,0,0,0,0,1,2,55,3,2,2,2,0,0,14,62,1,1,1,65,0,0
5,50027,1,2,1,7,2,0,18,12,2,1,0,5,1,30,40,30040,4,2009,3VWJM71K19M1,3,V,W,J,M,7,1,K,1,9,M,1,0,P,VOLK,JES,4D,9,17,0,,0,0,,G,,0,0,000000000,00000000000,0,0,0,1,0,0,0,0,0,0,0,998,0,0,0,12,12,6,2,12,0,0,0,1,5,72476,6,1,0,0,3,0,61,103,0,0,0,0,0,0,0,0,0,0,28,0,0,0,2,5,55,4,2,2,1,40,3,14,10,1,4,4,50,1,1
5,50027,2,2,1,7,2,0,18,12,2,1,0,18,3,51,881,51881,66,2008,4V4NC9EH08N2,4,V,4,N,C,9,E,H,0,8,N,2,1,T,VOLV,VNL,DS,8,17,,8,0,0,VVN,D,,1,57,54283,5754283,3,6,1,1,0,0,0,0,0,0,0,998,0,0,0,12,12,6,2,12,0,0,0,1,21,40403,6,1,6,0,3,0,76,320,0,0,0,0,0,0,0,0,0,0,0,0,0,0,5,5,55,4,2,2,1,40,3,14,62,9,2,4,51,0,0
5,50028,1,1,1,10,2,1,2,8,0,1,0,37,1,52,46,52046,4,2008,JA3AW86V78U0,J,A,3,A,W,8,6,V,7,8,U,0,0,P,MITS,LEG,4D,8,17,3517,,0,1043,,G,,0,0,000000000,00000000000,0,0,0,1,0,0,0,0,0,0,0,998,0,0,0,12,12,6,2,8,0,0,0,1,37,27882,6,1,0,0,3,3,70,999,0,0,0,0,1,10,2009,10,2009,0,0,0,0,0,3,3,65,1,1,1,1,0,0,1,80,7,3,2,13,0,0
5,50029,1,1,2,10,2,14,55,32,0,1,0,5,2,12,3,12003,2,2000,1FAFP4043YF1,1,F,A,F,P,4,0,4,3,Y,F,1,0,P,FORD,MUS,CP,0,17,3066,,0,1013,,G,,0,0,000000000,00000000000,0,0,0,1,0,0,0,0,0,0,0,998,0,1,5,11,12,6,2,3,0,0,0,1,5,71720,6,1,0,0,3,0,63,108,0,0,0,0,0,0,0,0,0,0,36,0,0,0,1,2,55,1,1,2,1,0,0,1,10,1,9,4,6,2,0
5,50030,1,2,1,14,2,6,0,12,6,1,0,48,1,12,37,12037,4,2003,1FAFP34333W1,1,F,A,F,P,3,4,3,3,3,W,1,0,P,FORD,FSP,4D,3,17,2564,,0,1030,,G,,0,0,000000000,00000000000,0,0,0,1,0,0,0,0,0,0,0,998,0,0,0,9,9,6,2,12,0,0,0,1,48,76522,6,1,0,0,3,0,66,160,0,0,0,0,0,0,0,0,0,0,38,0,0,0,6,1,65,1,1,2,1,0,0,16,10,1,1,2,90,0,0
5,50030,2,2,2,14,2,6,0,12,6,1,0,29,3,85,881,85881,66,2006,1XKADB9X86R1,1,X,K,A,D,B,9,X,8,6,R,1,1,T,KW,T60,DS,6,17,,8,2600,1600,CON,D,,1,57,252821,57252821,3,6,1,1,0,0,0,0,0,0,0,998,0,1,1,12,12,6,2,12,0,0,0,1,5,72143,6,1,6,0,3,0,68,180,0,0,0,0,0,0,0,0,0,0,0,0,0,0,4,2,65,1,1,2,1,0,0,1,60,1,1,1,90,2,0
5,50031,1,3,1,15,2,9,37,12,7,1,0,5,1,49,471,49471,31,1980,RN37031781,R,N,3,7,0,3,1,7,8,1,,,0,P,,,,,17,,,,,,,,0,0,000000000,00000000000,0,0,0,1,0,0,0,0,0,0,0,998,1,1,5,5,12,6,2,12,0,0,0,1,5,72834,2,1,0,0,2,3,71,175,1,8,2,0,0,12,2008,8,2009,0,0,0,0,0,1,3,55,1,5,2,1,0,0,1,60,1,1,1,44,1,1