STATE,ST_CASE,VEH_NO,VE_FORMS,NUMOCCS,DAY,MONTH,HOUR,MINUTE,HARM_EV,MAN_COLL,UNITTYPE,HIT_RUN,REG_STAT,OWNER,MAKE,MODEL,MAK_MOD,BODY_TYP,MOD_YEAR,VIN,VIN_1,VIN_2,VIN_3,VIN_4,VIN_5,VIN_6,VIN_7,VIN_8,VIN_9,VIN_10,VIN_11,VIN_12,TOW_VEH,VINTYPE,VINMAKE,VINA_MOD,VIN_BT,VINMODYR,VIN_LNGT,VIN_WGT,WGTCD_TR,WHLBS_LG,WHLBS_SH,SER_TR,FUELCODE,MCYCL_DS,J_KNIFE,MCARR_I1,MCARR_I2,MCARR_ID,GVWR,V_CONFIG,CARGO_BT,HAZ_INV,HAZ_PLAC,HAZ_ID,HAZ_CNO,HAZ_REL,BUS_USE,SPEC_USE,EMER_USE,TRAV_SP,UNDERIDE,ROLLOVER,ROLINLOC,IMPACT1,IMPACT2,DEFORMED,TOWED,M_HARM,VEH_SC1,VEH_SC2,FIRE_EXP,DR_PRES,L_STATE,DR_ZIP,L_STATUS,L_TYPE,CDL_STAT,L_ENDORS,L_COMPL,L_RESTRI,DR_HGT,DR_WGT,PREV_ACC,PREV_SUS,PREV_DWI,PREV_SPD,PREV_OTH,FIRST_MO,FIRST_YR,LAST_MO,LAST_YR,SPEEDREL,DR_SF1,DR_SF2,DR_SF3,DR_SF4,VTRAFWAY,VNUM_LAN,VSPD_LIM,VALIGN,VPROFILE,VPAVETYP,VSURCOND,VTRAFCON,VTCONT_F,P_CRASH1,P_CRASH2,P_CRASH3,PCRASH4,PCRASH5,ACC_TYPE,DEATHS,DR_DRINK
5,50062,1,3,1,24,3,4,15,12,8,1,0,5,1,7,482,7482,31,2005,1D7HA16K05J5,1,D,7,H,A,1,6,K,0,5,J,5,0,T,DODG,S1T,PK,5,17,,2,1405,1205,RPC,G,,0,0,000000000,00000000000,0,0,0,1,0,0,0,0,0,0,0,998,0,0,0,11,12,6,2,12,0,0,0,1,5,71921,6,1,0,0,3,3,68,181,0,0,0,0,0,0,0,0,0,0,28,0,0,0,1,2,55,1,1,2,1,0,0,1,10,1,2,2,64,1,1
5,50062,2,3,1,24,3,4,15,12,8,1,0,5,1,49,481,49481,31,1995,JT4VD12E7S00,J,T,4,V,D,1,2,E,7,S,0,0,0,T,TOYT,TCD,PC,95,17,,1,0,1218,T10,G,,0,0,000000000,00000000000,0,0,0,1,0,0,0,0,0,0,0,998,0,0,0,11,11,6,2,12,0,0,0,1,5,71921,6,1,0,0,3,3,64,159,0,0,0,0,0,0,0,0,0,0,0,0,0,0,1,2,55,1,1,2,1,0,0,1,62,1,2,1,65,0,0
5,50062,3,3,1,24,3,4,15,12,8,1,0,5,2,87,881,87881,66,1998,1XPGDU9X8WD4,1,X,P,G,D,U,9,X,8,W,D,4,1,T,PTRB,385,DS,98,17,,8,0,0,CON,D,,1,99,999999999,99999999999,3,6,2,1,0,0,0,0,0,0,0,998,0,0,0,12,12,6,2,12,0,0,0,1,5,71921,6,1,6,1,3,0,73,220,0,0,0,0,0,0,0,0,0,0,0,0,0,0,1,2,55,1,1,2,1,0,0,1,62,1,2,4,98,0,0
5,50063,1,1,1,24,3,7,45,35,0,1,0,5,1,76,709,76709,80,2007,JYARJ12E87A0,J,Y,A,R,J,1,2,E,8,7,A,0,0,M,YAMA,R6L,RS,7,17,,,,,,,599,0,0,000000000,00000000000,0,0,0,1,0,0,0,0,0,0,0,998,0,0,0,12,12,6,2,35,0,0,0,1,5,71953,1,1,0,0,2,0,73,146,0,1,0,0,0,12,2009,12,2009,0,36,0,0,0,1,2,55,1,1,2,1,0,0,1,9,1,2,4,7,1,0
5,50064,1,1,1,25,3,4,19,42,0,1,0,42,1,19,3,19003,4,2001,1G6KD54Y21U1,1,G,6,K,D,5,4,Y,2,1,U,1,0,P,CADI,DFW,4D,1,17,3978,,0,1138,,G,,0,0,000000000,00000000000,0,0,0,1,0,0,0,0,0,0,0,998,0,0,0,1,1,6,2,42,0,0,0,1,42,17104,6,1,6,0,3,0,67,999,0,0,0,2,2,6,2007,12,2009,1,0,0,0,0,2,2,70,1,1,2,2,0,0,1,6,1,3,4,2,1,0
5,50065,1,2,4,25,3,23,8,12,8,1,0,5,1,20,2,20002,4,1991,1G1BL53E1MW1,1,G,1,B,L,5,3,E,1,M,W,1,0,P,CHEV,CAP,4D,91,17,3666,,0,1159,,G,,0,0,000000000,00000000000,0,0,0,1,0,0,0,0,0,0,0,998,0,0,0,11,11,6,2,2,0,0,1,1,5,71643,6,1,0,0,3,3,71,198,0,4,0,0,0,8,2008,3,2010,0,0,0,0,0,1,3,55,1,1,2,1,98,8,1,63,9,2,1,65,1,0
5,50065,2,2,2,25,3,23,8,12,8,1,0,5,1,49,40,49040,4,1999,4T1BG22K9XU4,4,T,1,B,G,2,2,K,9,X,U,4,0,P,TOYT,UEX,4D,99,17,2998,,0,1051,,G,,0,0,000000000,00000000000,0,0,0,1,0,0,0,0,0,0,0,998,0,0,0,11,11,6,2,12,0,0,0,1,5,71639,6,1,0,0,3,0,62,150,1,0,0,1,0,12,2009,12,2009,1,28,36,0,0,1,3,55,1,1,2,1,98,9,1,9,1,4,2,64,1,0
5,50066,1,1,1,26,3,6,58,1,0,1,0,5,2,20,401,20401,14,2000,1GNCT18W2YK2,1,G,N,C,T,1,8,W,2,Y,K,2,0,P,CHEV,BZR,UT,0,17,3848,,0,1005,,G,,0,0,000000000,00000000000,0,0,0,1,0,0,0,0,0,0,0,998,0,2,5,0,13,6,2,1,0,0,0,1,5,71901,1,1,0,0,2,3,74,190,0,4,0,0,0,5,2008,3,2009,0,36,0,0,0,1,4,55,4,1,2,1,0,0,14,9,1,4,4,7,1,0
5,50067,1,1,5,27,3,1,0,59,0,1,0,5,2,12,17,12017,4,2001,1FAFP55U21A2,1,F,A,F,P,5,5,U,2,1,A,2,0,P,FORD,TSS,4D,1,17,3343,,0,1085,,G,,0,0,000000000,00000000000,0,0,0,1,0,0,0,0,0,0,0,998,0,1,5,12,12,6,2,1,0,0,0,1,5,72450,1,1,0,0,2,3,76,220,0,0,0,0,0,0,0,0,0,1,36,0,0,0,1,2,55,2,2,2,1,40,3,14,6,4,1,4,6,1,1
5,50068,1,2,1,27,3,11,46,12,6,1,0,5,1,49,401,49401,14,1997,JT3GN87R9V00,J,T,3,G,N,8,7,R,9,V,0,0,1,P,TOYT,RUN,UT,97,17,3610,,0,1053,,G,,1,0,000000000,00000000000,0,0,0,1,0,0,0,0,0,0,0,998,0,0,0,3,3,4,9,12,0,0,0,1,5,72450,6,1,0,0,3,3,68,175,0,0,0,0,0,0,0,0,0,0,38,0,0,0,1,4,45,1,1,2,1,0,0,11,15,1,1,2,82,0,0
5,50068,2,2,1,27,3,11,46,12,6,1,0,5,1,72,706,72706,80,2005,1HD1CGP305K4,1,H,D,1,C,G,P,3,0,5,K,4,0,M,HD,20C,RS,5,17,,,,,,,1200,0,0,000000000,00000000000,0,0,0,1,0,0,0,0,0,0,0,998,0,0,0,12,12,6,2,12,0,0,0,1,5,72447,6,1,6,0,3,0,71,181,0,0,0,0,0,0,0,0,0,0,99,99,99,99,1,4,45,1,1,2,1,0,0,1,66,9,2,1,83,1,0
5,50069,1,1,1,28,3,14,26,1,0,1,0,5,1,49,482,49482,31,2006,5TBET341X6S5,5,T,B,E,T,3,4,1,X,6,S,5,0,T,TOYT,DBS,CW,6,17,,2,0,1283,TUN,G,,0,0,000000000,00000000000,0,0,0,1,0,0,0,0,0,0,0,998,0,2,5,0,13,6,2,1,0,0,0,1,5,72067,6,1,0,0,3,0,66,235,0,0,0,0,0,0,0,0,0,0,36,0,0,0,1,2,55,1,1,2,1,0,0,1,9,1,4,4,2,1,1
5,50070,1,1,1,29,3,13,42,1,0,1,0,5,1,22,19,22019,2,2008,1G2AL18FX871,1,G,2,A,L,1,8,F,X,8,7,1,0,P,PONT,G/5,CP,8,17,2991,,0,1035,,G,,0,0,000000000,00000000000,0,0,0,1,0,0,0,0,0,0,0,998,0,1,6,0,0,6,2,1,0,0,0,1,5,72714,6,1,0,0,3,3,61,125,0,0,0,0,0,0,0,0,0,0,36,0,0,0,8,2,35,2,2,2,1,0,0,14,12,1,1,4,6,1,0
5,50072,1,2,1,28,3,6,16,12,2,1,0,5,1,35,473,35473,31,2004,1N6AA07B44N5,1,N,6,A,A,0,7,B,4,4,N,5,0,T,NISS,TXS,CW,4,17,4356,2,0,1398,TTN,G,,0,0,000000000,00000000000,0,0,0,1,0,0,0,0,0,0,0,998,0,0,0,12,12,6,2,12,0,0,0,1,5,72370,6,1,0,0,3,0,72,215,0,3,1,0,0,4,2008,4,2008,0,50,0,0,0,3,2,45,1,1,2,2,0,0,1,54,3,2,1,52,0,1
5,50072,2,2,1,28,3,6,16,12,2,1,0,5,1,20,403,20403,14,2007,1GNDS13S3722,1,G,N,D,S,1,3,S,3,7,2,2,0,P,CHEV,TRL,UT,7,17,4356,,0,1130,,G,,0,0,000000000,00000000000,0,0,0,1,0,0,0,0,0,0,0,998,0,0,0,12,12,6,2,12,0,0,0,1,5,72370,6,1,0,0,3,3,66,110,0,0,0,2,0,7,2008,5,2009,0,0,0,0,0,3,2,45,1,1,2,2,0,0,1,54,1,1,1,52,1,0
5,50073,1,1,6,1,4,7,8,34,0,1,0,24,1,12,422,12422,15,2003,1FMFU18L33LB,1,F,M,F,U,1,8,L,3,3,L,B,0,P,FORD,EPT,UT,3,17,5686,,0,1191,,G,,0,0,000000000,00000000000,0,0,0,1,0,0,0,0,0,0,0,998,0,1,3,11,11,6,2,1,0,0,0,1,24,20784,6,1,0,0,3,3,66,180,0,0,0,0,0,0,0,0,0,0,36,0,0,0,2,2,65,2,2,2,1,0,0,14,12,1,1,4,6,4,0
5,50074,1,1,1,1,4,12,0,42,0,1,0,5,1,12,421,12421,15,1985,1FMDU15Y9FLA,1,F,M,D,U,1,5,Y,9,F,L,A,0,P,FORD,BRO,UT,85,17,4373,,0,1047,,G,,0,0,000000000,00000000000,0,0,0,1,0,0,0,0,0,0,0,998,0,0,0,12,12,6,2,42,0,0,0,1,5,72830,6,1,0,0,3,0,71,200,0,0,0,0,0,0,0,0,0,1,0,0,0,0,1,2,45,3,2,2,1,0,0,14,6,7,3,4,2,1,1
5,50075,1,1,1,1,4,13,5,23,0,1,0,5,3,86,881,86881,63,2006,1M2AG11C86M0,1,M,2,A,G,1,1,C,8,6,M,0,0,T,MACK,CV7,TM,6,17,,8,0,0,700,D,,0,15,7611952,157611952,3,2,4,1,0,0,0,0,0,0,0,998,0,1,6,1,1,0,1,2,0,0,1,1,5,72433,6,1,6,0,3,3,69,240,0,0,0,0,0,0,0,0,0,0,0,0,0,0,1,2,55,1,1,2,1,0,0,1,1,1,3,4,2,1,0
5,50076,1,2,2,1,4,22,57,12,6,1,0,5,2,7,482,7482,31,2000,1B7HF16Z6YS5,1,B,7,H,F,1,6,Z,6,Y,S,5,0,T,DODG,150,PK,0,17,,2,1347,1187,RPC,G,,0,0,000000000,00000000000,0,0,0,1,0,0,0,0,0,0,0,998,0,1,5,12,12,6,2,8,0,0,0,1,5,72167,6,1,6,0,3,3,72,175,2,0,0,1,4,5,2009,2,2010,0,39,0,0,0,1,3,30,1,1,2,1,20,3,1,17,1,1,1,86,2,0
5,50076,2,2,1,1,4,22,57,12,6,1,0,94,3,7,24,7024,4,2007,2B3KA43H17H7,2,B,3,K,A,4,3,H,1,7,H,7,0,P,DODG,CTL,4D,7,17,4028,,0,1200,,G,,0,0,000000000,00000000000,0,0,0,1,0,0,0,0,0,0,0,998,0,0,0,3,3,6,2,12,0,0,0,1,5,72104,6,1,0,0,3,3,73,200,0,0,0,0,0,0,0,0,0,0,0,0,0,0,1,3,30,1,1,2,1,20,3,2,66,1,1,1,87,0,0
5,50077,1,5,1,3,4,17,53,12,2,1,0,5,1,7,482,7482,31,1994,1B7HF16Z2RS6,1,B,7,H,F,1,6,Z,2,R,S,6,0,T,DODG,150,PK,94,17,,2,1347,1187,RPC,G,,0,0,000000000,00000000000,0,0,0,1,0,0,0,0,0,0,0,998,0,0,0,12,12,6,2,12,0,0,1,1,5,72959,6,1,0,0,3,0,76,240,0,0,0,0,0,0,0,0,0,0,28,0,0,0,1,2,55,1,1,2,1,0,0,1,11,3,1,1,50,0,0
5,50077,2,5,1,3,4,17,53,12,2,1,0,5,1,72,706,72706,80,2008,1HD1FMM188Y6,1,H,D,1,F,M,M,1,8,8,Y,6,0,M,HD,TPI,RS,8,17,,,,,,,1690,0,0,000000000,00000000000,0,0,0,1,0,0,0,0,0,0,0,998,0,0,0,12,12,6,2,12,0,0,1,1,5,72734,6,1,0,0,3,0,74,200,0,0,0,0,0,0,0,0,0,0,0,0,0,0,1,2,55,1,1,2,1,0,0,1,63,1,1,1,51,1,0
5,50077,3,5,1,3,4,17,53,12,2,1,0,5,1,72,706,72706,80,2007,1HD1KB4127Y6,1,H,D,1,K,B,4,1,2,7,Y,6,0,M,HD,FHX,RS,7,17,,,,,,,1584,0,0,000000000,00000000000,0,0,0,1,0,0,0,0,0,0,0,998,0,0,0,12,12,6,2,12,0,0,1,1,5,72734,6,1,0,0,3,0,65,130,0,0,0,0,0,0,0,0,0,0,0,0,0,0,1,2,55,1,1,2,1,0,0,1,61,1,1,1,98,1,0
5,50077,4,5,2,3,4,17,53,12,2,1,0,5,1,72,706,72706,80,2004,1HD1FCW144Y6,1,H,D,1,F,C,W,1,4,4,Y,6,1,M,HD,FLU,RS,4,17,,,,,,,1450,2,0,000000000,00000000000,0,0,0,1,0,0,0,0,0,0,0,998,0,0,0,0,12,6,2,12,0,0,0,1,5,72734,6,1,6,0,3,3,70,158,0,0,0,0,0,0,0,0,0,0,0,0,0,0,1,2,55,1,1,2,1,0,0,1,54,3,2,1,98,0,0
5,50077,5,5,1,3,4,17,53,12,2,1,0,5,1,53,706,53706,80,2007,JS1VT53A3721,J,S,1,V,T,5,3,A,3,7,2,1,0,M,SUZI,DL1,RS,7,17,,,,,,,996,0,0,000000000,00000000000,0,0,0,1,0,0,0,0,0,0,0,998,0,0,0,0,9,6,2,12,0,0,0,1,5,72701,6,1,0,0,3,3,69,190,0,0,0,0,0,0,0,0,0,0,0,0,0,0,1,2,55,1,1,2,1,0,0,1,54,3,2,1,98,0,0
5,50078,1,1,1,4,4,2,30,34,0,1,0,5,1,37,33,37033,2,1993,JHMBB2169PC0,J,H,M,B,B,2,1,6,9,P,C,0,0,P,HOND,4WS,CP,93,17,2932,,0,1004,,G,,0,0,000000000,00000000000,0,0,0,1,0,0,0,0,0,0,0,998,0,0,0,11,3,6,2,2,0,0,1,1,5,71665,6,1,0,0,3,0,73,155,0,0,0,1,0,2,2010,2,2010,0,36,0,0,0,1,2,55,2,1,2,1,0,0,14,12,1,1,4,6,1,0
5,50079,1,1,2,4,4,6,30,34,0,1,0,5,1,12,13,12013,2,1998,3FALP1132WR1,3,F,A,L,P,1,1,3,2,W,R,1,0,P,FORD,ZXS,CP,98,17,2478,,0,984,,G,,0,0,000000000,00000000000,0,0,0,1,0,0,0,0,0,0,0,998,0,1,6,11,11,6,2,1,0,0,0,1,5,72823,1,1,0,0,2,0,73,200,0,0,0,1,1,8,2008,12,2008,0,36,0,0,0,1,2,55,2,2,2,1,0,0,14,12,1,1,4,6,1,0
5,50080,1,2,2,4,4,10,47,12,6,1,0,5,2,49,40,49040,4,2003,4T1BF32K03U5,4,T,1,B,F,3,2,K,0,3,U,5,0,P,TOYT,UXS,4D,3,17,3203,,0,1071,,G,,0,0,000000000,00000000000,0,0,0,1,0,0,0,0,0,0,0,998,0,0,0,12,12,6,2,12,0,0,0,1,5,72727,6,1,0,0,3,3,64,260,0,0,0,0,0,0,0,0,0,0,39,0,0,0,1,3,45,1,1,2,1,3,3,1,17,1,1,1,86,0,0
5,50080,2,2,1,4,4,10,47,12,6,1,0,5,1,76,709,76709,80,2003,JYA2UJE043A0,J,Y,A,2,U,J,E,0,4,3,A,0,0,M,YAMA,XV2,RS,3,17,,,,,,,249,0,0,000000000,00000000000,0,0,0,1,0,0,0,0,0,0,0,998,0,0,0,3,3,6,2,12,0,0,0,1,5,72774,6,1,0,0,3,0,70,200,0,0,0,0,0,0,0,0,0,0,0,0,0,0,1,3,45,1,1,2,1,3,3,1,17,1,1,1,87,1,0
5,50081,1,2,1,4,4,18,10,12,6,1,0,5,1,72,706,72706,80,1996,1HD1BML11TY0,1,H,D,1,B,M,L,1,1,T,Y,0,0,M,HD,FLF,RS,96,17,,,,,,,1340,0,0,000000000,00000000000,0,0,0,1,0,0,0,0,0,0,0,998,0,0,0,12,12,6,2,12,0,0,0,1,5,72714,6,1,0,0,3,3,72,190,0,0,0,0,0,0,0,0,0,0,28,0,0,0,1,2,35,2,1,2,1,0,0,14,10,3,4,2,64,1,1
5,50081,2,2,7,4,4,18,10,12,6,1,0,29,1,37,441,37441,20,2006,5FNRL38476B1,5,F,N,R,L,3,8,4,7,6,B,1,0,P,HOND,UDY,SV,6,17,4475,,0,1181,,G,,0,0,000000000,00000000000,0,0,0,1,0,0,0,0,0,0,0,998,0,0,0,10,10,6,2,12,0,0,0,1,29,65772,6,1,0,0,3,0,74,190,0,0,0,0,0,0,0,0,0,0,0,0,0,0,1,2,35,2,1,2,1,0,0,14,62,1,1,1,65,0,0
5,50082,1,1,4,4,4,18,42,38,0,1,0,5,2,22,22,22022,4,2008,1G2ZG57B4842,1,G,2,Z,G,5,7,B,4,8,4,2,0,P,PONT,6BS,4D,8,17,3305,,0,1123,,G,,0,0,000000000,00000000000,0,0,0,1,0,0,0,0,0,0,0,998,0,1,6,12,12,6,2,2,0,0,1,1,5,72564,0,0,0,0,0,0,71,180,0,0,0,0,0,0,0,0,0,0,26,0,0,0,1,2,45,3,1,2,8,0,0,14,12,1,1,4,6,2,1
5,50083,1,1,2,5,4,1,5,1,0,1,0,5,2,22,18,22018,4,1995,1G2NE55M2SC7,1,G,2,N,E,5,5,M,2,S,C,7,0,P,PONT,GAS,4D,95,17,2945,,0,1034,,G,,0,0,000000000,00000000000,0,0,0,1,0,0,0,0,0,0,0,998,0,2,2,0,12,6,2,1,0,0,0,1,5,72454,1,1,0,0,2,0,65,170,0,4,1,0,0,12,2009,1,2010,0,36,0,0,0,1,2,55,4,1,2,1,0,0,14,13,3,2,4,1,1,1
5,50084,1,2,2,5,4,16,12,12,2,1,0,5,1,20,2,20002,4,2007,2G1WT55NX793,2,G,1,W,T,5,5,N,X,7,9,3,0,P,CHEV,IMT,4D,7,17,3674,,0,1105,,G,,0,0,000000000,00000000000,0,0,0,1,0,0,0,0,0,0,0,998,0,0,0,12,12,6,2,12,0,0,0,1,5,71701,6,1,0,0,3,0,65,165,0,0,0,2,1,10,2008,9,2009,0,0,0,0,0,1,2,55,1,1,2,1,0,0,1,64,1,1,1,51,0,0
5,50084,2,2,2,5,4,16,12,12,2,1,0,18,1,22,20,22020,4,2007,2G2WP5529711,2,G,2,W,P,5,5,2,9,7,1,1,0,P,PONT,GRA,4D,7,17,3477,,0,1105,,G,,0,0,000000000,00000000000,0,0,0,1,0,0,0,0,0,0,0,998,0,0,0,12,12,6,2,12,0,0,0,1,18,46901,6,1,0,0,3,3,71,220,0,0,0,0,0,0,0,0,0,0,36,0,0,0,1,2,55,1,1,2,1,0,0,1,10,1,1,2,50,1,0
5,50085,1,2,1,5,4,17,58,12,6,1,0,5,1,22,20,22020,4,2001,1G2WK52J41F2,1,G,2,W,K,5,2,J,4,1,F,2,0,P,PONT,GFS,4D,1,17,3384,,0,1105,,G,,0,0,000000000,00000000000,0,0,0,1,0,0,0,0,0,0,0,998,0,0,0,3,3,6,2,12,0,0,0,1,5,72432,6,1,0,0,3,3,60,120,0,0,0,0,0,0,0,0,0,0,38,0,0,0,1,4,35,1,1,2,1,0,0,11,15,1,1,1,82,0,0
5,50085,2,2,1,5,4,17,58,12,6,1,0,5,1,53,706,53706,80,2002,JS1GW71A9221,J,S,1,G,W,7,1,A,9,2,2,1,0,M,SUZI,GXR,RS,2,17,,,,,,,1299,0,0,000000000,00000000000,0,0,0,1,0,0,0,0,0,0,0,998,0,0,0,12,12,6,2,12,0,0,0,1,5,72401,1,1,0,0,2,3,71,225,0,2,0,0,0,4,2009,4,2009,1,36,0,0,0,1,4,35,1,1,2,1,0,0,1,67,7,1,1,83,1,0
5,50086,1,1,1,5,4,22,48,20,0,1,0,5,2,59,31,59031,4,1994,JT8GK13T0R00,J,T,8,G,K,1,3,T,0,R,0,0,0,P,LEXS,ES3,4D,94,17,3374,,0,1031,,G,,0,0,000000000,00000000000,0,0,0,1,0,0,0,0,0,0,0,998,0,1,5,12,12,6,2,1,0,0,0,1,5,72209,6,1,0,0,3,0,71,124,0,0,0,2,2,8,2008,2,2010,1,36,0,0,0,3,4,65,4,2,1,1,0,0,14,6,1,3,4,2,1,1
5,50087,1,2,1,7,4,12,9,12,2,1,0,5,1,12,17,12017,4,2006,1FAFP27166G1,1,F,A,F,P,2,7,1,6,6,G,1,0,P,FORD,5AL,4D,6,17,3814,,0,1129,,G,,0,0,000000000,00000000000,0,0,0,1,0,0,0,0,0,0,0,998,0,0,0,12,12,6,2,12,0,0,0,1,5,71842,6,1,0,0,3,3,67,135,0,0,0,0,0,0,0,0,0,0,38,0,0,0,2,2,55,1,1,2,1,0,0,1,10,1,1,2,50,0,0
5,50087,2,2,2,7,4,12,9,12,2,1,0,40,2,52,47,52047,6,2003,JA4LX41GX3U0,J,A,4,L,X,4,1,G,X,3,U,0,0,P,MITS,OUT,UT,3,17,3240,,0,1033,,G,,0,0,000000000,00000000000,0,0,0,1,0,0,0,0,0,0,0,998,0,0,0,12,12,6,2,12,0,0,0,1,40,74734,6,1,1,0,3,3,62,129,0,0,0,0,1,3,2010,3,2010,0,0,0,0,0,1,2,55,1,1,2,1,0,0,1,62,1,1,1,51,1,0
5,50088,1,1,1,8,4,10,2,53,0,1,0,5,2,20,481,20481,31,1985,1GCCC14N9FS1,1,G,C,C,C,1,4,N,9,F,S,1,0,T,CHEV,C10,PK,85,17,,1,1315,1175,C10,G,,0,0,000000000,00000000000,0,0,0,1,0,0,0,0,0,0,0,998,0,0,0,12,12,6,2,42,0,0,0,1,5,72958,6,1,0,0,3,0,73,160,0,0,0,0,0,0,0,0,0,1,37,58,0,0,1,2,25,1,1,2,1,0,0,1,6,7,3,4,2,1,0
5,50089,1,2,1,8,4,21,30,12,8,1,0,5,1,20,471,20471,30,2001,1GCDT19W0181,1,G,C,D,T,1,9,W,0,1,8,1,0,T,CHEV,S14,PC,1,17,,1,0,1229,S,G,,0,0,000000000,00000000000,0,0,0,1,0,0,0,0,0,0,0,998,0,1,1,1,1,6,2,12,0,0,0,1,5,72039,6,1,0,0,3,3,70,150,0,0,0,0,0,0,0,0,0,0,0,0,0,0,1,4,55,1,1,2,1,0,0,1,63,8,4,2,65,0,0
5,50089,2,2,1,8,4,21,30,12,8,1,0,5,1,49,472,49472,30,2008,5TEUU42N88Z5,5,T,E,U,U,4,2,N,8,8,Z,5,0,T,TOYT,ACC,PC,8,17,,1,0,1278,TAC,G,,0,0,000000000,00000000000,0,0,0,1,0,0,0,0,0,0,0,998,0,0,0,1,1,6,2,12,0,0,0,1,5,72058,6,1,0,0,3,3,68,155,0,0,0,0,0,0,0,0,0,0,28,0,0,0,1,4,55,1,1,2,1,0,0,1,11,1,2,2,64,1,0
5,50090,1,1,1,9,4,11,31,1,0,1,0,5,1,37,739,37739,90,2003,999999999999,9,9,9,9,9,9,9,9,9,9,9,9,0,U,,,,9,17,,,,,,,,0,0,000000000,00000000000,0,0,0,1,0,0,0,0,0,0,0,998,0,2,1,0,1,2,9,1,0,0,0,1,5,72176,6,1,0,0,3,3,71,180,0,0,0,0,0,0,0,0,0,0,36,0,0,0,1,2,55,1,1,2,1,0,0,11,54,6,3,2,98,1,0
5,50091,1,1,1,9,4,14,27,10,0,1,0,5,2,59,33,59033,2,1995,JT8UZ30C0S00,J,T,8,U,Z,3,0,C,0,S,0,0,0,P,LEXS,SC4,CP,95,17,3625,,0,1059,,G,,0,0,000000000,00000000000,0,0,0,1,0,0,0,0,0,0,0,998,0,0,0,10,10,6,2,10,0,0,0,1,5,72501,6,1,0,0,3,3,62,110,0,0,0,0,0,0,0,0,0,0,38,39,0,0,1,2,55,1,1,2,1,65,3,1,98,1,1,1,15,1,0
5,50092,1,2,1,9,4,19,0,12,6,1,0,5,1,72,709,72709,80,1999,1HD1FRW35XY6,1,H,D,1,F,R,W,3,5,X,Y,6,0,M,HD,FCI,RS,99,17,,,,,,,1450,0,0,000000000,00000000000,0,0,0,1,0,0,0,0,0,0,0,998,0,0,0,12,12,4,3,12,0,0,0,1,5,72774,6,1,0,0,3,0,71,180,0,0,0,0,0,0,0,0,0,1,36,0,0,0,1,2,30,1,3,2,1,0,0,1,67,3,2,2,69,1,1
5,50092,2,2,1,9,4,19,0,12,6,1,0,5,1,21,441,21441,20,1994,1GHDU06L0RT3,1,G,H,D,U,0,6,L,0,R,T,3,0,P,OLDS,SIL,SV,94,17,3597,,0,1098,,G,,0,0,000000000,00000000000,0,0,0,1,0,0,0,0,0,0,0,998,0,0,0,1,1,4,1,12,0,0,0,1,5,72762,6,1,0,0,3,3,72,211,0,0,0,0,0,0,0,0,0,0,38,0,0,0,1,2,30,1,3,2,1,0,0,11,11,1,1,2,68,0,0
5,50093,1,1,3,10,4,16,54,38,0,1,0,5,1,12,401,12401,14,1998,1FMZU34E7WZA,1,F,M,Z,U,3,4,E,7,W,Z,A,0,P,FORD,EPR,UT,98,17,4146,,0,1115,,G,,0,0,000000000,00000000000,0,0,0,1,0,0,0,0,0,0,0,998,0,1,5,98,3,6,2,1,0,0,0,1,5,72601,6,1,0,0,3,3,63,120,0,0,0,0,0,0,0,0,0,0,58,0,0,0,1,2,35,1,1,2,1,0,0,1,12,6,1,4,6,1,0
5,50094,1,1,2,10,4,18,57,33,0,1,0,99,9,20,481,20481,31,2004,1GCEC14X44Z1,1,G,C,E,C,1,4,X,4,4,Z,1,0,T,CHEV,SC1,PK,4,17,,2,1330,1190,SIL,G,,0,0,000000000,00000000000,0,0,0,1,0,0,0,0,0,0,0,998,0,2,5,12,12,6,2,1,0,0,0,1,99,99999,9,9,99,0,9,9,999,999,99,99,99,99,99,99,9999,99,9999,1,36,0,0,0,1,2,45,4,2,2,1,20,3,14,13,1,2,4,2,1,0
5,50095,1,1,1,12,4,2,17,42,0,1,0,5,1,7,482,7482,31,1995,1B7HF16Z2SS2,1,B,7,H,F,1,6,Z,2,S,S,2,0,T,DODG,150,PK,95,17,,2,1347,1187,RPC,G,,0,0,000000000,00000000000,0,0,0,1,0,0,0,0,0,0,0,998,0,0,0,12,12,6,2,42,0,0,0,1,5,72401,6,1,0,0,3,0,67,250,0,0,0,0,0,0,0,0,0,0,38,0,0,0,1,2,30,1,1,2,1,20,3,1,13,3,2,4,2,1,0
5,50096,1,2,1,12,4,21,26,12,2,1,0,5,3,82,883,82883,66,2008,1FUJA6CK88LA,1,F,U,J,A,6,C,K,8,8,L,A,1,T,FRHT,COL,DS,8,17,,8,0,0,CON,D,,1,57,00173829,5700173829,3,6,1,1,0,0,0,0,0,0,0,998,0,0,0,12,1,6,2,2,0,0,1,1,5,72157,6,1,6,1,3,0,70,185,0,0,0,0,1,6,2008,6,2008,0,36,0,0,0,2,4,70,1,1,2,1,0,0,1,10,1,3,6,50,1,1
5,50096,2,2,1,12,4,21,26,12,2,1,0,42,3,51,881,51881,66,1998,4VG7DAJH4WN7,4,V,G,7,D,A,J,H,4,W,N,7,1,T,VOLV,VVN,DS,98,17,,8,0,0,VVN,D,,1,57,01327266,5701327266,3,6,1,1,0,0,0,0,0,0,0,998,0,0,0,12,11,6,2,12,0,0,1,1,42,17050,6,1,6,1,3,3,74,999,0,0,0,0,0,0,0,0,0,0,0,0,0,0,2,4,70,1,1,2,1,0,0,1,62,1,1,1,51,1,0