STATE,ST_CASE,VEH_NO,VE_FORMS,NUMOCCS,DAY,MONTH,HOUR,MINUTE,HARM_EV,MAN_COLL,UNITTYPE,HIT_RUN,REG_STAT,OWNER,MAKE,MODEL,MAK_MOD,BODY_TYP,MOD_YEAR,VIN,VIN_1,VIN_2,VIN_3,VIN_4,VIN_5,VIN_6,VIN_7,VIN_8,VIN_9,VIN_10,VIN_11,VIN_12,TOW_VEH,VINTYPE,VINMAKE,VINA_MOD,VIN_BT,VINMODYR,VIN_LNGT,VIN_WGT,WGTCD_TR,WHLBS_LG,WHLBS_SH,SER_TR,FUELCODE,MCYCL_DS,J_KNIFE,MCARR_I1,MCARR_I2,MCARR_ID,GVWR,V_CONFIG,CARGO_BT,HAZ_INV,HAZ_PLAC,HAZ_ID,HAZ_CNO,HAZ_REL,BUS_USE,SPEC_USE,EMER_USE,TRAV_SP,UNDERIDE,ROLLOVER,ROLINLOC,IMPACT1,IMPACT2,DEFORMED,TOWED,M_HARM,VEH_SC1,VEH_SC2,FIRE_EXP,DR_PRES,L_STATE,DR_ZIP,L_STATUS,L_TYPE,CDL_STAT,L_ENDORS,L_COMPL,L_RESTRI,DR_HGT,DR_WGT,PREV_ACC,PREV_SUS,PREV_DWI,PREV_SPD,PREV_OTH,FIRST_MO,FIRST_YR,LAST_MO,LAST_YR,SPEEDREL,DR_SF1,DR_SF2,DR_SF3,DR_SF4,VTRAFWAY,VNUM_LAN,VSPD_LIM,VALIGN,VPROFILE,VPAVETYP,VSURCOND,VTRAFCON,VTCONT_F,P_CRASH1,P_CRASH2,P_CRASH3,PCRASH4,PCRASH5,ACC_TYPE,DEATHS,DR_DRINK
5,50132,2,2,2,9,5,19,19,12,2,1,0,5,1,55,35,55035,4,2002,KMHDN45D12U3,K,M,H,D,N,4,5,D,1,2,U,3,0,P,HYUN,EST,4D,2,17,2635,,0,1027,,G,,0,0,000000000,00000000000,0,0,0,1,0,0,0,0,0,0,0,998,0,0,0,12,12,6,2,12,0,0,0,1,5,72207,6,1,0,0,3,0,63,135,0,0,0,0,0,0,0,0,0,0,0,0,0,0,1,4,35,4,2,2,1,0,0,14,62,1,1,1,51,0,0
5,50133,1,2,1,11,5,14,30,12,2,1,0,5,1,49,40,49040,4,1998,JT2BG22K6W01,J,T,2,B,G,2,2,K,6,W,0,1,0,P,TOYT,CXL,4D,98,17,3120,,0,1051,,G,,0,0,000000000,00000000000,0,0,0,1,0,0,0,0,0,0,0,998,0,0,0,12,12,6,2,12,0,0,0,1,5,72404,6,1,0,0,3,3,71,190,0,0,0,0,0,0,0,0,0,0,28,0,0,0,1,4,50,1,1,2,1,0,0,1,10,1,1,2,50,1,0
5,50133,2,2,1,11,5,14,30,12,2,1,0,17,3,84,884,84884,66,2000,2HSFPAHN3YC0,2,H,S,F,P,A,H,N,3,Y,C,0,1,T,INTL,910,DS,0,17,,7,1850,1400,910,D,,1,57,071821,57071821,3,6,1,1,0,0,0,0,0,0,0,998,0,0,0,12,12,6,2,12,0,0,0,1,5,72401,6,1,6,1,3,1,72,200,0,0,0,0,0,0,0,0,0,0,0,0,0,0,1,4,50,1,1,2,1,0,0,1,62,1,1,2,51,0,0
5,50134,1,1,1,12,5,4,45,34,0,1,0,5,1,49,441,49441,20,1992,JT3AC12R2N10,J,T,3,A,C,1,2,R,2,N,1,0,0,P,TOYT,PRE,SV,92,17,3455,,0,1128,,G,,0,0,000000000,00000000000,0,0,0,1,0,0,0,0,0,0,0,998,0,1,5,1,1,6,2,1,0,0,0,1,5,71901,6,1,0,0,3,0,67,175,0,0,0,0,0,0,0,0,0,0,36,0,0,0,1,2,55,1,1,2,1,0,0,1,13,1,1,4,1,1,1
5,50135,1,1,1,13,5,20,35,42,0,1,0,5,1,20,16,20016,4,2002,1G1JC524X274,1,G,1,J,C,5,2,4,X,2,7,4,0,P,CHEV,CAC,4D,2,17,2676,,0,1041,,C,,0,0,000000000,00000000000,0,0,0,1,0,0,0,0,0,0,0,998,0,0,0,12,12,6,2,42,0,0,0,1,5,71701,6,1,0,0,3,0,69,210,0,0,0,0,0,0,0,0,0,0,36,0,0,0,1,2,55,2,3,2,1,0,0,14,10,1,1,4,6,1,0
5,50136,1,2,1,14,5,18,0,12,2,1,0,5,1,20,481,20481,31,1997,1GCEK14R3VZ2,1,G,C,E,K,1,4,R,3,V,Z,2,0,T,CHEV,GK1,PK,97,17,,2,1315,1175,GM4,G,,0,0,000000000,00000000000,0,0,0,1,0,0,0,0,0,0,0,998,0,0,0,12,12,6,2,12,0,0,0,1,5,72616,6,1,0,0,3,0,73,187,0,2,0,1,0,10,2009,2,2010,0,28,0,0,0,1,2,55,2,5,2,1,0,0,14,10,7,1,2,50,0,1
5,50136,2,2,3,14,5,18,0,12,2,1,0,5,2,22,403,22403,14,2007,2CKDL73FX760,2,C,K,D,L,7,3,F,X,7,6,0,0,P,PONT,TOR,UT,7,17,3776,,0,1125,,G,,0,0,000000000,00000000000,0,0,0,1,0,0,0,0,0,0,0,998,0,0,0,12,12,6,2,12,0,0,0,1,5,72638,6,1,0,0,3,0,72,153,0,0,0,0,0,0,0,0,0,0,0,0,0,0,1,2,55,3,6,2,1,0,0,14,62,7,1,2,51,1,0
5,50137,1,1,1,16,5,8,48,18,0,1,0,5,2,20,13,20013,4,1981,1G1AB6893BA1,1,G,1,A,B,6,8,9,3,B,A,1,0,P,CHEV,CHV,4H,81,17,2000,,970,940,,G,,0,0,000000000,00000000000,0,0,0,1,0,0,0,0,0,0,0,998,0,0,0,12,12,6,2,18,0,0,0,1,5,72204,6,1,0,0,3,0,62,145,0,0,0,0,0,0,0,0,0,1,36,0,0,0,1,2,35,1,1,2,1,0,0,1,13,3,1,4,1,1,0
5,50138,1,1,1,18,5,4,13,8,0,1,0,5,1,12,481,12481,31,2001,1FTZF182X1NC,1,F,T,Z,F,1,8,2,X,1,N,C,0,T,FORD,F15,PK,1,17,,1,1388,1202,COF,G,,0,0,000000000,00000000000,0,0,0,1,0,0,0,0,0,0,0,998,0,0,0,11,11,4,1,8,0,0,0,1,5,72719,6,1,0,0,3,0,66,190,0,0,0,0,0,0,0,0,0,0,0,0,0,0,1,5,98,1,1,2,1,0,0,1,80,1,1,1,13,0,0
5,50139,1,1,2,19,5,13,50,35,0,1,0,5,2,49,32,49032,4,2003,JTDBR32E7300,J,T,D,B,R,3,2,E,7,3,0,0,0,P,TOYT,EEL,4D,3,17,2502,,0,1024,,G,,0,0,000000000,00000000000,0,0,0,1,0,0,0,0,0,0,0,998,0,0,0,9,9,6,2,42,0,0,0,1,5,72761,6,1,0,0,3,0,69,154,0,0,0,0,0,0,0,0,0,1,36,0,0,0,1,2,55,2,1,2,2,0,0,14,13,3,1,4,1,1,0
5,50140,1,2,1,20,5,16,30,7,0,1,0,46,1,37,706,37706,80,2008,JH2RC53578M1,J,H,2,R,C,5,3,5,7,8,M,1,0,M,HOND,VC7,RS,8,17,,,,,,,745,0,0,000000000,00000000000,0,0,0,1,0,0,0,0,0,0,0,998,0,0,0,0,3,6,2,12,0,0,0,1,46,57110,6,1,0,0,3,1,70,195,1,0,0,0,0,4,2008,4,2008,1,36,0,0,0,1,2,55,3,2,2,1,20,3,14,6,98,7,2,0,1,0
5,50140,2,2,2,20,5,16,30,7,0,1,0,5,1,48,34,48034,6,2001,4S3BH675X176,4,S,3,B,H,6,7,5,X,1,7,6,0,P,SUBA,UWP,SW,1,17,3430,,0,1043,,G,,0,0,000000000,00000000000,0,0,0,1,0,0,0,0,0,0,0,998,0,0,0,12,12,6,2,12,0,0,0,1,5,72687,6,1,0,0,3,3,74,170,0,0,0,0,0,0,0,0,0,0,0,0,0,0,1,2,55,3,2,2,1,20,3,14,62,3,1,1,98,0,0
5,50141,1,2,1,20,5,19,3,12,6,1,0,5,3,20,881,20881,62,2005,1GBJ5C1275F5,1,G,B,J,5,C,1,2,7,5,F,5,0,T,CHEV,C5C,CB,5,17,,6,2240,1280,C55,D,,0,88,888888888,88888888888,2,1,3,1,0,0,0,0,0,0,0,45,0,0,0,12,12,6,2,12,0,0,0,1,5,72756,6,1,0,0,3,0,72,180,0,0,0,0,0,0,0,0,0,0,0,0,0,0,1,2,45,3,1,2,1,0,0,14,62,3,1,1,65,0,0
5,50141,2,2,1,20,5,19,3,12,6,1,0,92,0,37,706,37706,80,2008,JH2RC50438M4,J,H,2,R,C,5,0,4,3,8,M,4,0,M,HOND,7CA,RS,8,17,,,,,,,745,0,0,000000000,00000000000,0,0,0,1,0,0,0,0,0,0,0,998,0,0,0,3,3,6,2,12,0,0,0,1,5,72712,0,0,0,0,0,0,999,999,0,0,0,0,0,0,0,0,0,0,28,0,0,0,1,2,45,2,1,2,1,0,0,14,10,9,1,2,64,1,0
5,50142,1,2,2,21,5,16,54,12,6,1,0,5,1,23,471,23471,30,2003,1GTCS19X2381,1,G,T,C,S,1,9,X,2,3,8,1,0,T,GMC,SON,3C,3,17,,1,0,1229,SON,G,,0,0,000000000,00000000000,0,0,0,1,0,0,0,0,0,0,0,998,0,0,0,11,12,6,2,12,0,0,0,1,5,72121,6,1,0,0,3,3,71,165,0,0,0,0,0,0,0,0,0,0,28,0,0,0,1,2,55,1,1,2,1,0,0,1,10,1,1,2,64,0,0
5,50142,2,2,3,21,5,16,54,12,6,1,0,5,1,12,13,12013,6,1998,3FAFP15PXWR1,3,F,A,F,P,1,5,P,X,W,R,1,0,P,FORD,ESE,SW,98,17,2531,,0,984,,G,,0,0,000000000,00000000000,0,0,0,1,0,0,0,0,0,0,0,998,0,0,0,9,10,6,2,12,0,0,0,1,5,72121,6,1,0,0,3,0,65,170,0,0,0,0,0,0,0,0,0,0,0,0,0,0,1,2,55,1,1,2,1,0,0,1,62,1,1,1,65,1,0
5,50143,1,2,1,22,5,22,18,12,2,1,0,5,1,20,421,20421,15,1997,3GNEK18R1VG1,3,G,N,E,K,1,8,R,1,V,G,1,0,P,CHEV,KTA,UT,97,17,4827,,0,1115,,G,,0,0,000000000,00000000000,0,0,0,1,0,0,0,0,0,0,0,998,0,0,0,12,12,6,2,12,0,0,0,1,5,72834,6,1,0,0,3,0,61,120,0,0,0,0,1,10,2009,10,2009,0,0,0,0,0,1,2,55,1,1,2,1,0,0,1,64,7,1,1,51,0,0
5,50143,2,2,1,22,5,22,18,12,2,1,0,5,2,20,421,20421,15,1997,1GNEK13R2VJ3,1,G,N,E,K,1,3,R,2,V,J,3,0,P,CHEV,KTA,UT,97,17,5225,,0,1175,,G,,0,0,000000000,00000000000,0,0,0,1,0,0,0,0,0,0,0,998,0,0,0,12,12,6,2,12,0,0,0,1,5,72834,1,1,0,0,2,3,69,155,0,5,1,0,2,4,2009,5,2009,0,28,0,0,0,1,2,55,1,1,2,1,0,0,1,10,1,1,2,50,1,0
5,50144,1,2,3,23,5,19,10,12,6,1,0,5,2,23,441,23441,20,1997,1GDDM19W2VB5,1,G,D,D,M,1,9,W,2,V,B,5,0,T,GMC,SXT,IE,97,17,,1,0,1110,SAF,G,,0,0,000000000,00000000000,0,0,0,1,0,0,0,0,0,0,0,998,0,0,0,1,1,6,2,12,0,0,0,1,5,72959,0,0,0,0,0,0,67,116,0,0,0,0,0,0,0,0,0,0,38,47,91,0,1,2,55,1,2,2,1,0,0,11,15,1,1,2,68,0,0
5,50144,2,2,1,23,5,19,10,12,6,1,0,5,1,53,706,53706,80,1997,JS1GV75A9V21,J,S,1,G,V,7,5,A,9,V,2,1,0,M,SUZI,GF1,RS,97,17,,,,,,,1157,0,0,000000000,00000000000,0,0,0,1,0,0,0,0,0,0,0,998,0,0,0,12,12,6,2,12,0,0,0,1,5,72959,6,1,0,0,3,0,67,145,0,0,0,0,0,0,0,0,0,0,0,0,0,0,1,2,55,1,2,2,1,0,0,1,10,1,1,1,69,1,0
5,50145,1,1,1,23,5,19,14,34,0,1,0,5,1,53,739,53739,90,2007,5SAAP41A2771,5,S,A,A,P,4,1,A,2,7,7,1,0,M,SUZI,LAX,AT,7,17,,,,,,,695,0,0,000000000,00000000000,9,0,0,1,0,0,0,0,0,0,0,998,0,1,5,1,1,6,2,1,0,0,0,1,5,71646,6,1,0,0,3,0,69,155,0,0,0,0,0,0,0,0,0,1,36,58,0,0,1,2,45,3,1,2,1,0,0,14,13,6,1,4,1,1,1
5,50146,1,2,2,24,5,10,26,12,6,1,0,5,1,49,40,49040,4,1996,4T1BF12K4TU8,4,T,1,B,F,1,2,K,4,T,U,8,0,P,TOYT,LXS,4D,96,17,3241,,0,1031,,G,,0,0,000000000,00000000000,0,0,0,1,0,0,0,0,0,0,0,998,0,0,0,10,9,6,2,12,0,0,0,1,5,71638,6,1,0,0,3,3,65,127,0,0,0,0,0,0,0,0,0,0,38,48,0,0,3,2,40,1,2,2,1,3,3,11,15,1,1,2,82,1,0
5,50146,2,2,1,24,5,10,26,12,6,1,0,5,1,35,402,35402,14,2001,5N1ED28T01C5,5,N,1,E,D,2,8,T,0,1,C,5,0,P,NISS,XTR,UT,1,17,3546,,0,1043,,G,,0,0,000000000,00000000000,0,0,0,1,0,0,0,0,0,0,0,998,0,0,0,12,12,6,2,12,0,0,0,1,5,72204,6,1,0,0,3,0,61,138,0,0,0,0,0,0,0,0,0,0,0,0,0,0,3,2,40,1,2,2,1,3,3,1,67,1,1,1,83,0,0
5,50147,1,1,1,24,5,11,19,35,0,1,0,5,2,21,21,21021,4,2000,1G3NF52E9YC4,1,G,3,N,F,5,2,E,9,Y,C,4,0,P,OLDS,AGS,4D,0,17,3022,,0,1070,,G,,0,0,000000000,00000000000,0,0,0,1,0,0,0,0,0,0,0,998,0,0,0,12,12,6,2,42,0,0,0,1,5,71770,6,1,0,0,3,3,72,156,0,0,0,1,2,5,2008,3,2010,0,36,0,0,0,1,2,55,1,1,2,1,0,0,1,12,1,1,4,6,1,0
5,50148,1,2,2,25,5,14,52,12,6,1,0,5,1,6,43,6043,1,2001,1C3EL55U81N5,1,C,3,E,L,5,5,U,8,1,N,5,0,P,CHRY,SLI,CV,1,17,3433,,0,1060,,G,,0,0,000000000,00000000000,0,0,0,1,0,0,0,0,0,0,0,998,0,0,0,9,9,6,2,12,0,0,0,1,5,72756,6,1,0,0,3,3,60,105,0,0,0,0,0,0,0,0,0,0,38,0,0,0,1,4,50,1,1,2,2,0,0,11,17,1,1,2,84,1,0
5,50148,2,2,2,25,5,14,52,12,6,1,0,12,1,2,403,2403,14,1992,2J4FY19PXNJ5,2,J,4,F,Y,1,9,P,X,N,J,5,0,T,JEEP,W/S,2W,92,17,,1,0,934,W/Y,G,,0,0,000000000,00000000000,0,0,0,1,0,0,0,0,0,0,0,998,0,0,0,12,12,6,2,12,0,0,0,1,12,32771,6,1,0,0,3,3,66,999,0,0,0,0,0,0,0,0,0,0,0,0,0,0,1,4,50,1,1,2,2,0,0,1,71,1,1,1,84,0,0
5,50149,1,1,1,25,5,21,36,34,0,1,0,5,1,76,706,76706,80,2006,JYAVP04E86A0,J,Y,A,V,P,0,4,E,8,6,A,0,0,M,YAMA,ZTF,RS,6,17,,,,,,,1294,0,0,000000000,00000000000,0,0,0,1,0,0,0,0,0,0,0,998,0,0,0,12,12,6,2,34,0,0,0,1,5,72335,6,1,6,0,3,3,69,230,0,0,0,2,0,9,2008,4,2009,0,92,0,0,0,1,2,55,1,1,2,1,0,0,1,9,3,2,4,7,1,1
5,50150,1,1,1,26,5,4,57,8,0,1,1,99,9,12,481,12481,31,1982,2FTEF25E5CCA,2,F,T,E,F,2,5,E,5,C,C,A,0,T,FORD,F25,PK,82,17,,2,1550,1330,COF,G,,0,0,000000000,00000000000,0,0,0,1,0,0,0,0,0,0,0,998,0,0,0,99,99,4,1,8,0,0,0,1,5,72104,1,1,0,0,2,0,71,150,0,0,0,0,0,0,0,0,0,0,99,99,99,99,1,2,45,1,1,2,1,0,0,1,80,6,1,1,13,0,0
5,50151,1,1,3,26,5,7,30,35,0,1,0,5,1,20,403,20403,14,2003,1GNET16S2321,1,G,N,E,T,1,6,S,2,3,2,1,0,P,CHEV,TRL,UT,3,17,5020,,0,1290,,G,,0,0,000000000,00000000000,0,0,0,1,0,0,0,0,0,0,0,998,0,1,5,11,11,6,2,1,0,0,0,1,5,72029,6,1,0,0,3,0,65,220,0,0,0,0,0,0,0,0,0,0,36,0,0,0,1,2,55,1,1,1,1,0,0,1,13,7,4,4,2,1,0
5,50152,1,1,1,26,5,16,34,35,0,1,0,12,2,12,441,12441,20,1995,1FMCA11U2SZA,1,F,M,C,A,1,1,U,2,S,Z,A,0,P,FORD,ARO,SV,95,17,3646,,0,1190,,G,,0,0,000000000,00000000000,0,0,0,1,0,0,0,0,0,0,0,998,0,0,0,12,12,6,2,42,0,0,0,1,12,33712,1,1,0,0,2,0,71,999,0,0,0,0,0,0,0,0,0,0,0,0,0,0,1,2,45,1,1,2,2,0,0,1,12,1,1,4,6,1,1
5,50153,1,2,1,27,5,9,51,12,6,1,0,5,2,7,482,7482,31,2002,3B7HU18Z12G1,3,B,7,H,U,1,8,Z,1,2,G,1,0,T,DODG,Q15,CW,2,17,,2,1605,1405,RPC,G,,0,0,000000000,00000000000,0,0,0,1,0,0,0,0,0,0,0,998,0,0,0,12,12,4,1,12,0,0,0,1,5,72324,6,1,0,0,3,0,74,240,0,0,0,0,0,0,0,0,0,0,27,0,0,0,1,4,40,1,1,2,1,20,3,1,67,1,1,1,69,0,0
5,50153,2,2,1,27,5,9,51,12,6,1,0,5,2,21,22,21022,4,2001,1G3GR64H3142,1,G,3,G,R,6,4,H,3,1,4,2,0,P,OLDS,AUR,4D,1,17,3686,,0,1122,,G,,0,0,000000000,00000000000,0,0,0,1,0,0,0,0,0,0,0,998,0,0,0,9,9,6,2,12,0,0,0,1,5,72401,6,1,0,0,3,0,64,160,0,0,0,0,0,0,0,0,0,0,38,0,0,0,1,4,40,1,1,2,1,20,3,11,15,1,1,2,68,1,0
5,50154,1,1,1,27,5,19,35,53,0,1,0,5,1,76,706,76706,80,2005,JYAVP11E05A0,J,Y,A,V,P,1,1,E,0,5,A,0,0,M,YAMA,XVA,RS,5,17,,,,,,,1063,0,0,000000000,00000000000,0,0,0,1,0,0,0,0,0,0,0,998,0,0,0,12,12,6,2,53,0,0,0,1,5,72501,6,1,0,0,3,0,71,194,0,0,0,0,0,0,0,0,0,0,99,99,99,99,1,2,55,3,1,2,1,40,3,14,13,1,1,4,1,1,1
5,50155,1,12,1,28,5,7,45,39,0,1,0,5,3,85,881,85881,66,2006,1XKADB9X66R1,1,X,K,A,D,B,9,X,6,6,R,1,1,T,KW,T60,DS,6,17,,8,2600,1600,CON,D,,1,57,0780782,570780782,3,6,3,1,0,0,0,0,0,0,0,998,0,0,0,1,1,6,2,54,0,0,0,1,5,72081,6,1,6,1,3,3,68,190,1,1,0,0,1,5,2009,5,2010,0,36,0,0,0,3,3,65,1,2,1,1,0,0,1,13,1,1,4,1,0,0
5,50155,2,12,1,28,5,7,45,39,0,1,0,5,1,30,47,30047,1,2003,3VWCP21C13M4,3,V,W,C,P,2,1,C,1,3,M,4,0,P,VOLK,NGI,2H,3,17,2875,,0,989,,D,,0,0,000000000,00000000000,0,0,0,1,0,0,0,0,0,0,0,998,0,1,6,12,12,6,2,1,0,0,0,1,5,72015,6,1,0,0,3,0,66,125,0,0,0,0,0,0,0,0,0,0,0,0,0,0,3,3,70,1,2,1,1,0,0,11,90,6,1,4,98,1,0
5,50155,3,12,1,28,5,7,45,39,0,1,0,5,1,49,40,49040,4,2010,4T1BF3EK6AU0,4,T,1,B,F,3,E,K,6,A,U,0,0,P,TOYT,CBA,4D,10,17,3263,,0,1093,,G,,0,0,000000000,00000000000,0,0,0,1,0,0,0,0,0,0,0,998,0,0,0,12,12,6,2,12,0,0,0,1,5,72019,6,1,0,0,3,0,63,195,0,0,0,0,0,0,0,0,0,0,0,0,0,0,3,3,70,1,2,1,1,0,0,1,51,1,1,1,98,0,0
5,50155,4,12,1,28,5,7,45,39,0,1,0,5,1,49,32,49032,4,2000,1NXBR12E6YZ3,1,N,X,B,R,1,2,E,6,Y,Z,3,0,P,TOYT,UVL,4D,0,17,2403,,0,970,,G,,0,0,000000000,00000000000,0,0,0,1,0,0,0,0,0,0,0,998,0,0,0,6,6,4,1,12,0,0,0,1,5,71910,6,1,0,0,3,0,64,120,0,0,0,0,0,0,0,0,0,0,0,0,0,0,3,3,70,1,2,1,1,0,0,1,98,3,1,1,98,0,0
5,50155,5,12,1,28,5,7,45,39,0,1,0,5,1,42,44,42044,2,1998,WDBFA67F4WF1,W,D,B,F,A,6,7,F,4,W,F,1,0,P,MERZ,SL5,RD,98,17,4045,,0,990,,G,,0,0,000000000,00000000000,0,0,0,1,0,0,0,0,0,0,0,998,0,0,0,12,12,6,2,54,0,0,0,1,5,72019,6,1,0,0,3,0,67,179,0,0,0,0,0,0,0,0,0,0,0,0,0,0,3,3,70,1,2,1,1,0,0,1,90,99,1,3,98,0,0
5,50155,6,12,2,28,5,7,45,39,0,1,0,5,1,35,39,35039,4,2007,1N4BA41E07C8,1,N,4,B,A,4,1,E,0,7,C,8,0,P,NISS,MEL,4D,7,17,3474,,0,1112,,G,,0,0,000000000,00000000000,0,0,0,1,0,0,0,0,0,0,0,998,0,0,0,12,12,6,2,54,0,0,0,1,5,72201,6,1,0,0,3,0,67,195,0,0,0,0,0,0,0,0,0,0,0,0,0,0,3,3,70,1,2,1,1,0,0,1,90,99,1,3,98,0,0
5,50155,7,12,2,28,5,7,45,39,0,1,0,5,1,63,401,63401,14,2005,KNDJE7238570,K,N,D,J,E,7,2,3,8,5,7,0,0,P,KIA,KMS,UT,5,17,3521,,0,1035,,G,,0,0,000000000,00000000000,0,0,0,1,0,0,0,0,0,0,0,998,0,0,0,12,12,6,2,54,0,0,0,1,5,72015,6,1,0,0,3,0,69,172,0,0,0,0,0,0,0,0,0,0,0,0,0,0,3,3,70,1,2,1,1,0,0,1,90,99,1,3,98,0,0
5,50155,8,12,1,28,5,7,45,39,0,1,0,5,1,23,8,23008,6,2009,1GKER13D09J1,1,G,K,E,R,1,3,D,0,9,J,1,0,T,GMC,SLF,4W,9,17,,2,0,1189,ACA,G,,0,0,000000000,00000000000,0,0,0,1,0,0,0,0,0,0,0,998,0,0,0,12,12,4,1,54,0,0,0,1,5,72019,6,1,0,0,3,0,65,185,0,0,0,0,0,0,0,0,0,0,0,0,0,0,3,3,70,1,2,1,1,0,0,1,90,99,1,3,98,0,0
5,50155,9,12,1,28,5,7,45,39,0,1,0,5,1,51,46,51046,4,2005,YV1MS382X521,Y,V,1,M,S,3,8,2,X,5,2,1,0,P,VOLV,S42,4D,5,17,3225,,0,1039,,G,,0,0,000000000,00000000000,0,0,0,1,0,0,0,0,0,0,0,998,0,0,0,12,12,6,2,54,0,0,0,1,5,72019,6,1,0,0,3,3,62,110,0,0,0,0,0,0,0,0,0,0,0,0,0,0,3,3,70,1,2,1,1,0,0,1,90,99,1,3,98,0,0
5,50155,10,12,1,28,5,7,45,39,0,1,0,5,1,12,473,12473,30,2004,1FMZU73K54UA,1,F,M,Z,U,7,3,K,5,4,U,A,0,P,FORD,EPR,UT,4,17,4094,,0,1137,,F,,0,0,000000000,00000000000,0,0,0,1,0,0,0,0,0,0,0,998,0,0,0,12,12,9,1,54,0,0,0,1,5,71913,6,1,0,0,3,0,74,200,0,0,0,2,0,1,2010,5,2010,0,0,0,0,0,3,3,70,1,2,1,1,0,0,1,90,99,1,3,98,0,0
5,50155,11,12,1,28,5,7,45,39,0,1,0,48,3,85,881,85881,66,2006,1XKWDB9X66J1,1,X,K,W,D,B,9,X,6,6,J,1,0,T,KW,W90,DS,6,17,,8,2850,1600,CON,D,,0,99,999999999,99999999999,3,19,2,1,0,0,0,0,0,0,0,998,0,0,0,99,99,9,8,54,0,0,0,1,48,78537,6,1,6,1,3,3,76,290,0,0,0,0,1,1,2010,1,2010,0,0,0,0,0,3,3,65,1,2,1,1,0,0,1,90,99,1,3,98,0,0
5,50155,12,12,1,28,5,7,45,39,0,1,0,5,1,48,401,48401,14,2007,JF1SG67687H7,J,F,1,S,G,6,7,6,8,7,H,7,0,P,SUBA,FOR,UT,7,17,3205,,0,994,,G,,0,0,000000000,00000000000,0,0,0,1,0,0,0,0,0,0,0,998,0,0,0,99,99,9,1,54,0,0,0,1,5,72015,6,1,0,0,3,0,65,125,0,0,0,0,0,0,0,0,0,0,0,0,0,0,3,3,70,1,2,1,1,0,0,1,90,99,1,9,98,0,0
5,50156,1,1,1,28,5,9,38,34,0,1,0,5,1,12,398,12398,9,1932,B5080995,B,5,0,8,0,9,9,5,,,,,0,P,,,,,,,,,,,,,0,0,000000000,00000000000,0,0,0,1,0,0,0,0,0,0,0,998,0,1,5,9,9,6,2,1,0,0,0,1,12,33712,6,1,0,0,3,0,71,999,0,0,0,0,0,0,0,0,0,0,36,0,0,0,1,2,45,2,2,2,1,0,0,14,8,1,3,4,7,1,1
5,50157,1,3,1,28,5,14,30,12,6,1,0,92,0,82,881,82881,66,1986,1FUYYCYB8GP2,1,F,U,Y,Y,C,Y,B,8,G,P,2,1,T,FRHT,FLC,DS,86,17,,8,0,0,CON,D,,1,99,999999999,99999999999,3,6,3,1,0,0,0,0,0,0,0,998,0,0,0,12,12,6,2,12,0,0,0,1,48,75965,6,1,0,0,3,0,70,190,0,0,0,0,0,0,0,0,0,0,0,0,0,0,1,2,55,3,2,2,1,0,0,14,67,8,2,1,83,0,0
5,50157,2,3,3,28,5,14,30,12,6,1,0,29,1,20,422,20422,15,2005,1GNFK16Z55J2,1,G,N,F,K,1,6,Z,5,5,J,2,1,P,CHEV,K15,UT,5,17,5474,,0,1300,,F,,1,0,000000000,00000000000,0,0,0,1,0,0,0,0,0,0,0,998,0,1,6,11,1,6,2,1,0,0,0,1,29,65721,6,1,0,0,3,0,73,230,0,0,0,0,0,0,0,0,0,0,0,0,0,0,1,2,55,2,2,2,1,0,0,14,62,7,1,1,98,0,0
5,50157,3,3,1,28,5,14,30,12,6,1,0,5,1,20,401,20401,14,2002,1GNDT13W62K2,1,G,N,D,T,1,3,W,6,2,K,2,0,P,CHEV,BZR,UT,2,17,4114,,0,1070,,G,,0,0,000000000,00000000000,0,0,0,1,0,0,0,0,0,0,0,998,0,0,0,9,9,6,2,12,0,0,0,1,5,72088,6,1,0,0,3,0,70,130,0,0,0,0,0,0,0,0,0,0,38,0,0,0,1,2,55,1,2,2,1,20,3,11,15,1,1,1,82,1,0
5,50158,1,2,2,29,5,15,20,12,6,1,0,5,1,23,441,23441,20,1997,1GKDM19W4VB5,1,G,K,D,M,1,9,W,4,V,B,5,0,T,GMC,SXT,ES,97,17,,1,0,1110,SAF,G,,0,0,000000000,00000000000,0,0,0,1,0,0,0,0,0,0,0,998,0,0,0,12,12,6,2,12,0,0,0,1,5,72118,0,0,0,0,0,0,999,999,0,0,0,0,0,0,0,0,0,0,0,0,0,0,1,5,55,1,1,2,2,0,0,1,62,1,1,1,98,0,1
5,50158,2,2,3,29,5,15,20,12,6,1,0,5,2,7,482,7482,31,1997,3B7HC13Y3VG7,3,B,7,H,C,1,3,Y,3,V,G,7,0,T,DODG,150,PC,97,17,,2,1547,1387,RPC,G,,0,0,000000000,00000000000,0,0,0,1,0,0,0,0,0,0,0,998,0,0,0,3,3,6,2,12,0,0,0,1,5,72396,6,1,0,0,3,0,68,218,0,4,0,0,1,5,2009,11,2009,0,36,0,0,0,1,5,55,1,1,2,2,0,0,12,10,1,1,2,98,1,0
5,50159,1,1,2,30,5,5,57,34,0,1,0,5,1,2,404,2404,14,2005,1J4HR58225C6,1,J,4,H,R,5,8,2,2,5,C,6,0,T,JEEP,LMT,4W,5,17,,1,0,1095,GCK,G,,0,0,000000000,00000000000,0,0,0,1,0,0,0,0,0,0,0,998,0,1,5,14,9,6,2,1,0,0,0,1,5,72227,6,1,0,0,3,0,70,220,0,0,0,0,0,0,0,0,0,0,36,0,0,0,1,2,55,2,2,2,1,0,0,14,8,3,7,4,2,1,1