STATE,ST_CASE,VEH_NO,VE_FORMS,NUMOCCS,DAY,MONTH,HOUR,MINUTE,HARM_EV,MAN_COLL,UNITTYPE,HIT_RUN,REG_STAT,OWNER,MAKE,MODEL,MAK_MOD,BODY_TYP,MOD_YEAR,VIN,VIN_1,VIN_2,VIN_3,VIN_4,VIN_5,VIN_6,VIN_7,VIN_8,VIN_9,VIN_10,VIN_11,VIN_12,TOW_VEH,VINTYPE,VINMAKE,VINA_MOD,VIN_BT,VINMODYR,VIN_LNGT,VIN_WGT,WGTCD_TR,WHLBS_LG,WHLBS_SH,SER_TR,FUELCODE,MCYCL_DS,J_KNIFE,MCARR_I1,MCARR_I2,MCARR_ID,GVWR,V_CONFIG,CARGO_BT,HAZ_INV,HAZ_PLAC,HAZ_ID,HAZ_CNO,HAZ_REL,BUS_USE,SPEC_USE,EMER_USE,TRAV_SP,UNDERIDE,ROLLOVER,ROLINLOC,IMPACT1,IMPACT2,DEFORMED,TOWED,M_HARM,VEH_SC1,VEH_SC2,FIRE_EXP,DR_PRES,L_STATE,DR_ZIP,L_STATUS,L_TYPE,CDL_STAT,L_ENDORS,L_COMPL,L_RESTRI,DR_HGT,DR_WGT,PREV_ACC,PREV_SUS,PREV_DWI,PREV_SPD,PREV_OTH,FIRST_MO,FIRST_YR,LAST_MO,LAST_YR,SPEEDREL,DR_SF1,DR_SF2,DR_SF3,DR_SF4,VTRAFWAY,VNUM_LAN,VSPD_LIM,VALIGN,VPROFILE,VPAVETYP,VSURCOND,VTRAFCON,VTCONT_F,P_CRASH1,P_CRASH2,P_CRASH3,PCRASH4,PCRASH5,ACC_TYPE,DEATHS,DR_DRINK
5,50309,1,3,1,11,9,14,45,12,2,1,0,5,1,12,481,12481,31,2010,1FTSW2BR7AEB,1,F,T,S,W,2,B,R,7,A,E,B,0,T,FORD,F2S,CW,10,17,,2,1724,1562,SRW,D,,0,0,000000000,00000000000,0,0,0,1,0,0,0,0,0,0,0,998,0,1,5,12,12,6,2,12,0,0,0,1,5,72364,6,1,0,0,3,0,73,260,1,0,0,0,1,9,2009,6,2010,0,36,0,0,0,2,4,70,1,1,2,1,0,0,1,12,1,1,6,98,1,0
5,50309,2,3,2,11,9,14,45,12,2,1,0,5,1,6,441,6441,20,2007,2A4GP54L87R3,2,A,4,G,P,5,4,L,8,7,R,3,0,P,CHRY,TWC,SV,7,17,4267,,0,1193,,G,,0,0,000000000,00000000000,0,0,0,1,0,0,0,0,0,0,0,998,0,0,0,12,12,6,2,12,0,0,0,1,5,72335,6,1,0,0,3,3,62,160,0,0,0,0,0,0,0,0,0,0,0,0,0,0,2,4,70,1,1,2,1,0,0,1,62,1,1,1,98,2,0
5,50309,3,3,1,11,9,14,45,12,2,1,0,31,3,84,881,84881,66,2010,3HSCUAPR4AN2,3,H,S,C,U,A,P,R,4,A,N,2,1,T,INTL,PPR,DS,10,17,,8,0,0,PRO,D,,1,57,073705,57073705,3,6,1,1,0,0,0,0,0,0,0,998,0,0,0,12,12,6,2,12,0,0,0,1,1,35405,6,1,6,1,3,0,68,185,0,0,0,0,0,0,0,0,0,0,0,0,0,0,2,4,70,1,1,2,1,0,0,1,62,1,1,1,98,0,0
5,50310,1,1,1,11,9,17,40,99,99,1,0,5,1,72,706,72706,80,2007,1HD1CX3117K4,1,H,D,1,C,X,3,1,1,7,K,4,0,M,HD,C1U,RS,7,17,,,,,,,1199,0,0,000000000,00000000000,0,0,0,1,0,0,0,0,0,0,0,998,0,0,0,3,3,6,2,99,0,0,0,1,5,71913,6,1,0,0,3,3,71,230,0,0,0,0,0,0,0,0,0,0,36,0,0,0,6,1,45,3,2,2,1,0,0,14,13,1,1,4,1,1,0
5,50311,1,1,1,11,9,20,40,34,0,1,0,5,1,12,401,12401,14,1994,1FMCU22X9RUC,1,F,M,C,U,2,2,X,9,R,U,C,0,P,FORD,EPR,UT,94,17,3646,,0,1020,,G,,0,0,000000000,00000000000,0,0,0,1,0,0,0,0,0,0,0,998,0,1,1,1,0,6,2,1,0,0,0,1,5,71647,0,0,0,0,0,0,68,165,0,0,0,0,0,0,0,0,0,0,36,0,0,0,1,2,45,3,1,5,11,0,0,14,13,1,1,4,1,1,1
5,50312,1,1,1,12,9,5,5,8,0,1,1,5,1,22,20,22020,4,2006,2G2WR5544611,2,G,2,W,R,5,5,4,4,6,1,1,0,P,PONT,GPG,4D,6,17,3484,,0,1105,,G,,0,0,000000000,00000000000,0,0,0,1,0,0,0,0,0,0,0,998,0,0,0,12,12,4,1,8,0,0,0,1,5,72020,6,1,0,0,3,3,67,150,0,0,0,0,0,0,0,0,0,0,99,99,99,99,1,2,55,1,1,2,1,0,0,1,80,1,1,1,13,0,0
5,50313,1,1,2,12,9,11,25,18,0,1,0,5,2,12,471,12471,30,1989,1FTCR10TXKUB,1,F,T,C,R,1,0,T,X,K,U,B,0,T,FORD,RNG,PK,89,17,,1,1140,1080,RNG,G,,0,0,000000000,00000000000,0,0,0,1,0,0,0,0,0,0,0,998,0,1,2,13,0,6,2,1,0,0,0,1,5,72015,6,1,0,0,3,0,60,150,0,0,0,0,1,6,2010,6,2010,0,36,0,0,0,1,2,55,1,1,2,1,0,0,1,13,1,1,4,1,1,0
5,50314,1,3,1,12,9,12,39,12,6,1,0,5,1,35,401,35401,14,1999,JN8AR05S2XW2,J,N,8,A,R,0,5,S,2,X,W,2,0,P,NISS,PFI,UT,99,17,3566,,0,1063,,G,,0,0,000000000,00000000000,0,0,0,1,0,0,0,0,0,0,0,998,0,0,0,11,82,6,2,12,0,0,0,1,5,72173,6,1,0,0,3,0,68,150,0,0,0,0,1,9,2010,9,2010,0,36,0,0,0,1,4,55,2,2,2,1,0,0,17,60,7,1,6,64,0,0
5,50314,2,3,2,12,9,12,39,12,6,1,0,5,1,12,481,12481,31,2006,1FTPW14V96FB,1,F,T,P,W,1,4,V,9,6,F,B,0,T,FORD,F1S,CW,6,17,,2,1500,1390,COF,F,,0,0,000000000,00000000000,0,0,0,1,0,0,0,0,0,0,0,998,0,0,0,1,82,6,2,12,0,0,0,1,5,72205,6,1,0,0,3,3,71,181,0,0,0,1,0,12,2009,12,2009,0,0,0,0,0,1,4,55,3,2,2,1,0,0,16,62,6,1,2,65,0,0
5,50314,3,3,5,12,9,12,39,12,6,1,0,4,1,19,22,19022,4,2007,1G6KD57Y27U1,1,G,6,K,D,5,7,Y,2,7,U,1,0,P,CADI,TDS,4D,7,17,4009,,0,1156,,G,,0,0,000000000,00000000000,0,0,0,1,0,0,0,0,0,0,0,998,0,0,0,62,62,6,2,12,0,0,0,1,4,85373,6,1,0,0,3,0,72,195,0,0,0,0,0,0,0,0,0,0,0,0,0,0,1,4,55,3,2,2,1,0,0,14,60,1,1,1,98,4,0
5,50315,1,1,1,13,9,9,9,35,0,1,0,92,0,37,705,37705,80,2005,JH2PC37035M2,J,H,2,P,C,3,7,0,3,5,M,2,0,M,HOND,B60,RS,5,17,,,,,,,599,0,0,000000000,00000000000,0,0,0,1,0,0,0,0,0,0,0,998,0,0,0,9,9,6,2,5,0,0,0,1,5,71964,1,1,0,0,2,0,69,220,0,2,0,0,0,6,2010,6,2010,1,36,0,0,0,1,2,55,3,1,2,1,0,0,14,6,1,2,4,2,1,0
5,50316,1,1,1,13,9,12,14,34,0,1,0,5,1,20,481,20481,31,1990,1GCDC14K1LZ2,1,G,C,D,C,1,4,K,1,L,Z,2,0,T,CHEV,GC1,PK,90,17,,1,1415,1175,GM4,G,,0,0,000000000,00000000000,0,0,0,1,0,0,0,0,0,0,0,998,0,1,5,9,0,6,2,1,0,0,0,1,5,72176,6,1,0,0,3,0,66,130,0,0,0,0,0,0,0,0,0,0,36,58,0,0,1,2,55,1,2,2,1,0,0,1,12,6,1,4,6,1,0
5,50317,1,2,1,13,9,15,14,12,7,1,0,5,1,23,481,23481,31,1998,2GTEK19R7W15,2,G,T,E,K,1,9,R,7,W,1,5,0,T,GMC,SK1,PC,98,17,,2,1555,1415,SIE,G,,0,0,000000000,00000000000,0,0,0,1,0,0,0,0,0,0,0,998,0,1,5,7,7,6,2,1,0,0,0,1,5,72103,6,1,0,0,3,0,69,160,0,0,0,0,0,0,0,0,0,0,0,0,0,0,3,3,70,3,1,1,1,0,0,14,51,1,1,1,45,1,0
5,50317,2,2,2,13,9,15,14,12,7,1,0,5,1,23,481,23481,31,2009,3GTEC13C79G1,3,G,T,E,C,1,3,C,7,9,G,1,0,T,GMC,5NC,CW,9,17,,2,0,1435,SIE,G,,0,0,000000000,00000000000,0,0,0,1,0,0,0,0,0,0,0,998,0,0,0,1,1,6,2,12,0,0,0,1,5,72015,6,1,0,0,3,0,66,129,0,0,0,0,0,0,0,0,0,0,36,0,0,0,3,3,70,3,1,1,1,0,0,15,10,1,1,2,47,0,1
5,50318,1,1,1,13,9,18,20,30,0,1,0,5,1,73,706,73706,80,2001,JKAZX2E1X1A0,J,K,A,Z,X,2,E,1,X,1,A,0,0,M,KAWK,Z9E,RS,1,17,,,,,,,900,0,0,000000000,00000000000,0,0,0,1,0,0,0,0,0,0,0,998,0,0,0,62,62,6,2,30,0,0,0,1,5,72019,6,1,6,0,2,0,72,150,0,0,0,0,0,0,0,0,0,0,36,0,0,0,1,2,45,3,1,2,1,0,0,14,13,1,1,4,1,1,1
5,50319,1,1,2,14,9,14,28,34,0,1,0,5,2,20,481,20481,31,1993,1GCDC14K1PZ1,1,G,C,D,C,1,4,K,1,P,Z,1,0,T,CHEV,GC1,PK,93,17,,1,1315,1175,GM4,G,,0,0,000000000,00000000000,0,0,0,1,0,0,0,0,0,0,0,998,0,1,1,11,11,6,2,1,0,0,0,1,5,72173,6,2,0,0,3,2,72,127,0,0,0,0,0,0,0,0,0,0,36,58,73,0,1,2,40,1,1,2,1,0,0,1,12,6,1,4,6,1,0
5,50320,1,1,1,14,9,15,0,42,0,1,0,92,0,53,709,53709,80,2004,999999999999,9,9,9,9,9,9,9,9,9,9,9,9,0,U,,,,9,17,,,,,,,,0,0,000000000,00000000000,0,0,0,1,0,0,0,0,0,0,0,998,0,0,0,98,98,6,4,42,0,0,0,1,5,71747,6,1,0,0,3,0,67,150,0,0,0,0,2,8,2008,8,2008,9,36,0,0,0,1,2,55,2,2,2,1,0,0,14,12,1,1,4,6,1,0
5,50321,1,1,1,14,9,16,25,21,0,1,0,5,1,18,401,18401,14,2004,3G5DA03E64S5,3,G,5,D,A,0,3,E,6,4,S,5,0,P,BUIC,RZV,UT,4,17,4024,,0,1122,,G,,0,0,000000000,00000000000,0,0,0,1,0,0,0,0,0,0,0,998,0,0,0,11,12,6,2,21,0,0,0,1,5,72112,6,1,0,0,3,3,75,312,0,2,0,0,0,8,2009,8,2009,0,36,0,0,0,2,2,70,1,1,2,1,0,0,1,13,1,1,4,1,1,1
5,50322,1,2,1,15,9,9,30,12,6,1,0,5,2,72,706,72706,80,1997,1HD1GGL13VY3,1,H,D,1,G,G,L,1,3,V,Y,3,0,M,HD,FDS,RS,97,17,,,,,,,1340,0,0,000000000,00000000000,0,0,0,1,0,0,0,0,0,0,0,998,0,0,0,12,12,6,2,12,0,0,0,1,5,72858,6,1,0,0,3,0,72,200,0,0,0,1,0,1,2008,1,2008,0,99,99,99,99,1,5,40,1,1,2,1,0,0,1,66,3,2,1,69,1,0
5,50322,2,2,1,15,9,9,30,12,6,1,0,5,1,2,405,2405,14,2006,1J4GL58506W1,1,J,4,G,L,5,8,5,0,6,W,1,0,T,JEEP,LMD,4W,6,17,,1,0,1043,LIB,D,,0,0,000000000,00000000000,0,0,0,1,0,0,0,0,0,0,0,998,0,0,0,5,5,6,4,12,0,0,0,1,5,72949,6,1,0,0,3,3,62,140,0,0,0,0,0,0,0,0,0,0,36,0,0,0,1,5,40,1,1,2,1,0,0,11,15,1,1,2,68,0,0
5,50323,1,1,2,15,9,10,30,51,0,1,0,51,2,12,481,12481,31,1997,1FTHF25H9VEC,1,F,T,H,F,2,5,H,9,V,E,C,1,T,FORD,F25,PK,97,17,,2,0,1330,COF,G,,2,0,000000000,00000000000,0,0,0,1,0,0,0,0,0,0,0,998,0,1,5,0,99,6,2,1,0,0,0,1,53,99202,6,1,0,0,3,0,66,140,0,0,0,0,0,0,0,0,0,0,0,0,0,0,2,2,70,1,1,2,1,0,0,1,1,9,2,1,0,1,0
5,50324,1,1,1,15,9,16,4,1,0,1,0,48,1,53,703,53703,80,2006,JS1GW71A1621,J,S,1,G,W,7,1,A,1,6,2,1,0,M,SUZI,GXR,RS,6,17,,,,,,,1298,0,0,000000000,00000000000,0,0,0,1,0,0,0,0,0,0,0,998,0,0,0,0,0,6,2,1,0,0,0,1,48,75556,1,1,0,0,2,0,69,135,0,9,0,2,2,2,2008,9,2010,0,36,0,0,0,1,2,55,2,2,2,1,0,0,14,13,1,1,4,1,1,0
5,50325,1,1,1,15,9,17,5,34,0,1,0,5,2,63,31,63031,4,2000,KNAFB1218Y58,K,N,A,F,B,1,2,1,8,Y,5,8,0,P,KIA,SPL,4D,0,17,2478,,0,1008,,G,,0,0,000000000,00000000000,0,0,0,1,0,0,0,0,0,0,0,998,0,0,0,1,13,6,2,42,0,0,0,1,5,72833,1,1,0,0,2,3,75,175,0,6,0,0,0,2,2009,4,2009,0,36,58,0,0,1,1,35,1,1,4,11,0,0,1,12,7,4,4,6,1,1
5,50326,1,2,1,15,9,17,30,12,2,1,0,5,1,18,3,18003,4,2000,1G4CU5213Y41,1,G,4,C,U,5,2,1,3,Y,4,1,0,P,BUIC,PAU,4D,0,17,3884,,0,1138,,G,,0,0,000000000,00000000000,0,0,0,1,0,0,0,0,0,0,0,998,0,0,0,12,12,6,2,12,0,0,0,1,5,72075,1,1,0,0,2,0,72,210,0,3,1,0,0,4,2009,4,2009,0,36,28,0,0,2,4,65,1,1,1,1,0,0,1,10,1,1,2,50,1,1
5,50326,2,2,1,15,9,17,30,12,2,1,0,92,0,20,481,20481,31,1994,2GCEC19K2R12,2,G,C,E,C,1,9,K,2,R,1,2,0,T,CHEV,GC1,PC,94,17,,2,1555,1415,GM4,G,,0,0,000000000,00000000000,0,0,0,1,0,0,0,0,0,0,0,998,0,1,3,12,12,6,2,1,0,0,0,1,5,72173,6,1,0,0,3,0,68,190,0,2,0,0,0,3,2010,3,2010,0,0,0,0,0,2,4,65,1,1,1,1,0,0,1,62,3,1,1,51,0,0
5,50327,1,1,3,15,9,20,47,42,0,1,0,5,2,18,20,18020,4,1999,2G4WB52K7X15,2,G,4,W,B,5,2,K,7,X,1,5,0,P,BUIC,RLL,4D,99,17,3439,,0,1090,,G,,0,0,000000000,00000000000,0,0,0,1,0,0,0,0,0,0,0,998,0,0,0,12,12,6,2,42,0,0,0,1,5,72828,1,1,0,0,2,0,65,140,1,4,1,0,3,4,2010,5,2010,0,36,0,0,0,1,2,55,3,1,2,1,0,0,14,13,1,1,4,1,2,1
5,50328,1,1,1,15,9,22,0,1,0,1,0,47,2,12,401,12401,14,2000,1FMZU73E6YZC,1,F,M,Z,U,7,3,E,6,Y,Z,C,0,P,FORD,EPR,UT,0,17,4106,,0,1116,,G,,0,0,000000000,00000000000,0,0,0,1,0,0,0,0,0,0,0,998,0,2,1,0,0,6,2,1,0,0,0,1,5,72301,1,1,0,0,2,0,68,200,0,0,0,0,0,0,0,0,0,0,36,58,0,0,3,3,50,1,2,1,1,0,0,15,51,6,1,2,98,1,1
5,50329,1,1,1,16,9,12,39,1,0,1,0,5,1,35,471,35471,30,1995,1N6SD16S3SC4,1,N,6,S,D,1,6,S,3,S,C,4,0,T,NISS,KXE,PC,95,17,,1,0,1161,TRK,G,,0,0,000000000,00000000000,0,0,0,1,0,0,0,0,0,0,0,998,0,2,5,0,3,6,2,1,0,0,0,1,5,72324,6,1,0,0,3,3,72,150,0,0,0,0,0,0,0,0,0,0,99,99,99,99,1,2,45,1,2,2,1,0,0,1,12,1,4,4,7,1,0
5,50330,1,2,2,17,9,3,0,12,2,1,0,48,2,22,18,22018,4,2003,1G2WK52J23F1,1,G,2,W,K,5,2,J,2,3,F,1,0,P,PONT,GFS,4D,3,17,3384,,0,1105,,G,,0,0,000000000,00000000000,0,0,0,1,0,0,0,0,0,0,0,998,0,0,0,12,12,6,2,12,0,0,0,1,48,75503,0,0,0,0,0,0,999,999,0,0,0,0,0,0,0,0,0,0,28,0,0,0,2,2,70,1,1,1,1,0,0,1,10,1,1,2,50,1,1
5,50330,2,2,1,17,9,3,0,12,2,1,0,48,1,87,881,87881,66,1996,1XP5DB9X4TN4,1,X,P,5,D,B,9,X,4,T,N,4,1,T,PTRB,379,DS,96,17,,8,0,0,CON,D,,1,57,111909,57111909,3,6,3,1,0,0,0,0,0,0,0,998,0,0,0,12,12,6,2,12,0,0,0,1,48,77320,6,1,6,1,3,0,67,200,0,0,0,0,0,0,0,0,0,0,0,0,0,0,2,2,70,1,1,1,1,0,0,1,62,6,1,1,51,0,0
5,50331,1,1,1,18,9,6,30,23,0,1,0,5,2,49,482,49482,31,2000,5TBBT4418YS1,5,T,B,B,T,4,4,1,8,Y,S,1,0,T,TOYT,TRS,4C,0,17,,2,0,1283,TUN,G,,0,0,000000000,00000000000,0,0,0,1,0,0,0,0,0,0,0,998,0,1,5,1,1,6,2,1,0,0,0,1,5,71667,1,1,0,0,2,3,72,185,0,8,2,2,1,9,2008,5,2010,0,36,0,0,0,1,2,45,1,1,2,1,0,0,1,12,1,1,4,6,1,1
5,50332,1,1,2,18,9,9,10,35,0,1,0,5,2,9,442,9442,20,1998,2P4FP2532WR5,2,P,4,F,P,2,5,3,2,W,R,5,0,P,PLYM,VOF,SV,98,17,3428,,0,1133,,G,,0,0,000000000,00000000000,0,0,0,1,0,0,0,0,0,0,0,998,0,0,0,12,14,6,2,35,0,0,0,1,5,72670,6,1,0,0,3,3,64,120,0,0,0,0,0,0,0,0,0,0,99,99,99,99,1,2,55,3,2,2,1,0,0,14,13,1,1,4,1,1,0
5,50333,1,3,1,18,9,9,10,12,8,1,0,5,1,12,481,12481,31,2007,1FTRF12217NA,1,F,T,R,F,1,2,2,1,7,N,A,0,T,FORD,F15,PK,7,17,,2,1450,1260,COF,G,,0,0,000000000,00000000000,0,0,0,1,0,0,0,0,0,0,0,998,0,0,0,11,11,6,2,12,0,0,0,1,5,72019,6,1,0,0,3,0,69,240,0,0,0,1,1,1,2010,1,2010,0,28,0,0,0,1,2,55,3,3,2,1,0,0,14,10,1,1,2,64,0,0
5,50333,2,3,1,18,9,9,10,12,8,1,0,5,2,42,48,42048,4,2006,WDBUF70J76A8,W,D,B,U,F,7,0,J,7,6,A,8,0,P,MERZ,E50,4D,6,17,3815,,0,1123,,G,,0,0,000000000,00000000000,0,0,0,1,0,0,0,0,0,0,0,998,0,0,0,8,8,4,9,12,0,0,0,1,5,71742,6,1,0,0,3,3,70,190,0,0,0,0,0,0,0,0,0,0,0,0,0,0,1,2,55,3,3,2,1,0,0,14,62,1,1,1,65,0,0
5,50333,3,3,1,18,9,9,10,12,8,1,0,5,1,7,442,7442,20,2010,2D4RN5D19AR2,2,D,4,R,N,5,D,1,9,A,R,2,0,P,DODG,CAR,SV,10,17,4483,,0,1212,,G,,0,0,000000000,00000000000,0,0,0,1,0,0,0,0,0,0,0,998,0,0,0,12,12,6,2,12,0,0,1,1,5,71744,6,1,0,0,3,3,61,135,0,0,0,0,0,0,0,0,0,0,0,0,0,0,1,2,55,3,3,2,1,0,0,14,62,1,1,1,98,1,0
5,50334,1,1,1,18,9,18,2,33,0,1,0,5,1,12,473,12473,30,2003,1FMZU77E63UB,1,F,M,Z,U,7,7,E,6,3,U,B,0,P,FORD,EPR,UT,3,17,3962,,0,1259,,G,,0,0,000000000,00000000000,0,0,0,1,0,0,0,0,0,0,0,998,0,0,0,12,12,0,9,33,0,0,0,1,5,72764,6,1,0,0,3,3,69,207,0,0,0,0,0,0,0,0,0,0,36,0,0,0,1,2,25,1,2,2,1,0,0,8,14,1,1,4,14,1,0
5,50335,1,1,2,18,9,20,50,42,0,1,0,92,0,37,733,37733,90,2000,478TE140XYA1,4,7,8,T,E,1,4,0,X,Y,A,1,0,M,HOND,T3X,AT,0,17,,,,,,,282,0,0,000000000,00000000000,0,0,0,1,0,0,0,0,0,0,0,998,0,0,0,1,1,6,2,42,0,0,0,1,5,72753,6,1,0,0,3,0,63,115,0,0,0,2,0,7,2009,6,2010,0,36,0,0,0,1,2,35,3,2,4,1,0,0,14,13,3,1,4,1,1,0
5,50336,1,1,1,18,9,99,99,34,0,1,0,5,2,20,36,20036,2,1998,2G1WW12M3W93,2,G,1,W,W,1,2,M,3,W,9,3,0,P,CHEV,MLS,CP,98,17,3239,,0,1075,,G,,0,0,000000000,00000000000,0,0,0,1,0,0,0,0,0,0,0,998,0,0,0,12,12,6,2,35,0,0,0,1,5,72459,6,1,0,0,3,0,66,136,0,0,0,0,0,0,0,0,0,0,36,0,0,0,1,2,55,3,2,2,1,40,3,14,13,1,1,4,1,1,1
5,50337,1,1,2,21,9,17,51,32,0,1,0,5,1,7,482,7482,31,1998,3B7HC16Y6WM2,3,B,7,H,C,1,6,Y,6,W,M,2,0,T,DODG,150,PK,98,17,,2,1347,1187,RPC,G,,0,0,000000000,00000000000,0,0,0,1,0,0,0,0,0,0,0,998,0,1,5,11,11,6,2,1,0,0,0,1,5,72471,6,1,0,0,3,0,74,235,0,0,0,0,2,6,2008,4,2009,0,36,0,0,0,1,2,45,1,1,4,11,0,0,1,12,99,1,4,6,1,0
5,50338,1,1,1,22,9,16,44,59,0,1,0,29,1,73,705,73705,80,2008,JKALEEA118A0,J,K,A,L,E,E,A,1,1,8,A,0,0,M,KAWK,EL5,RS,8,17,,,,,,,649,0,0,000000000,00000000000,0,0,0,1,0,0,0,0,0,0,0,998,0,0,0,9,9,6,9,59,0,0,0,1,29,64112,6,1,0,0,3,3,70,160,0,0,0,1,0,6,2009,6,2009,0,36,0,0,0,1,2,55,3,2,2,1,40,3,14,13,1,1,4,1,1,0
5,50339,1,1,1,23,9,15,4,42,0,1,0,5,2,7,43,7043,4,2001,1B3EJ46X21N6,1,B,3,E,J,4,6,X,2,1,N,6,0,P,DODG,SSE,4D,1,17,3151,,0,1080,,G,,0,0,000000000,00000000000,0,0,0,1,0,0,0,0,0,0,0,998,0,0,0,12,12,6,2,42,0,0,0,1,5,72150,6,1,0,0,3,3,66,180,1,0,0,0,1,8,2009,5,2010,0,99,99,99,99,1,2,35,1,1,2,1,0,0,1,12,1,1,4,6,1,0
5,50340,1,1,1,23,9,17,24,39,0,1,0,5,2,37,401,37401,14,1999,4S6CK58W2X44,4,S,6,C,K,5,8,W,2,X,4,4,0,P,HOND,PAS,UT,99,17,3613,,0,1064,,G,,0,0,000000000,00000000000,0,0,0,1,0,0,0,0,0,0,0,998,0,1,2,9,9,6,2,1,0,0,0,1,5,71854,1,1,0,0,2,0,74,180,0,10,0,0,0,1,2009,8,2010,1,37,48,0,0,3,2,45,1,2,1,1,0,0,10,12,3,1,4,6,1,0
5,50341,1,3,1,24,9,15,45,12,2,1,0,17,1,82,881,82881,66,2009,1FUJGLDRX9LA,1,F,U,J,G,L,D,R,X,9,L,A,1,T,FRHT,125,DS,9,17,,8,0,0,CSC,D,,1,57,0027610,570027610,3,6,1,1,0,0,0,0,0,0,0,998,0,0,0,12,12,6,2,12,0,0,0,1,48,75554,6,1,6,1,3,0,71,210,0,0,0,0,0,0,0,0,0,1,34,0,0,0,1,3,55,1,1,2,1,0,0,6,10,3,1,2,50,0,0
5,50341,2,3,1,24,9,15,45,12,2,1,0,5,1,12,24,12024,6,2010,2FMDK3KC2ABB,2,F,M,D,K,3,K,C,2,A,B,B,0,P,FORD,EDG,UT,10,17,4078,,0,1112,,G,,0,0,000000000,00000000000,0,0,0,1,0,0,0,0,0,0,0,998,0,0,0,12,12,6,2,12,0,0,0,1,5,72212,6,1,0,0,3,3,70,245,0,0,0,1,1,10,2008,12,2008,0,0,0,0,0,1,3,55,1,1,2,1,0,0,1,62,1,1,1,51,1,0
5,50341,3,3,2,24,9,15,45,12,2,1,0,5,1,49,40,49040,4,2011,4T1BF3EKXBU1,4,T,1,B,F,3,E,K,X,B,U,1,0,P,TOYT,CBA,4D,11,17,3263,,0,1093,,G,,0,0,000000000,00000000000,0,0,0,1,0,0,0,0,0,0,0,998,0,0,0,12,12,6,2,12,0,0,0,1,5,72211,6,1,0,0,3,3,64,170,0,0,0,0,0,0,0,0,0,0,0,0,0,0,1,3,55,1,1,2,1,0,0,1,62,1,1,1,98,0,0
5,50342,1,1,1,24,9,21,37,42,0,1,0,5,2,35,47,35047,4,2006,1N4BL11D26N4,1,N,4,B,L,1,1,D,2,6,N,4,0,P,NISS,ASR,4D,6,17,3101,,0,1102,,G,,0,0,000000000,00000000000,0,0,0,1,0,0,0,0,0,0,0,998,0,0,0,11,12,6,2,42,0,0,0,1,48,79904,6,1,0,0,3,0,71,185,0,0,0,0,0,0,0,0,0,1,0,0,0,0,1,2,35,2,2,2,1,0,0,14,12,1,1,4,6,1,1
5,50343,1,1,1,24,9,23,56,1,0,1,0,5,1,12,401,12401,14,1995,1FMDU34X0SUB,1,F,M,D,U,3,4,X,0,S,U,B,0,P,FORD,EPR,UT,95,17,4053,,0,1115,,G,,0,0,000000000,00000000000,0,0,0,1,0,0,0,0,0,0,0,998,0,2,5,0,13,6,2,3,0,0,0,1,5,72401,3,1,0,0,2,3,73,200,0,0,0,0,0,0,0,0,0,0,36,0,0,0,1,2,55,1,1,2,1,0,0,1,11,1,3,4,2,1,1
5,50344,1,1,3,25,9,0,35,32,0,1,0,5,2,52,37,52037,2,1998,4A3AX35G1WE0,4,A,3,A,X,3,5,G,1,W,E,0,0,P,MITS,SGS,CV,98,17,2888,,0,988,,G,,0,0,000000000,00000000000,0,0,0,1,0,0,0,0,0,0,0,998,0,1,6,12,0,6,2,1,0,0,0,1,5,72560,1,1,0,0,2,0,68,135,0,5,1,0,0,8,2010,9,2010,1,37,0,0,0,1,3,55,3,2,2,1,0,0,14,6,1,2,4,7,3,1
5,50345,1,2,1,25,9,16,55,12,2,1,0,47,1,12,473,12473,30,2004,1FMZU63K14UA,1,F,M,Z,U,6,3,K,1,4,U,A,0,P,FORD,EPR,UT,4,17,4094,,0,1137,,F,,0,0,000000000,00000000000,0,0,0,1,0,0,0,0,0,0,0,998,0,0,0,12,12,6,2,12,0,0,0,1,47,38053,2,1,2,0,2,0,68,160,0,0,0,0,0,0,0,0,0,0,28,0,0,0,1,2,55,1,1,2,1,0,0,1,10,1,1,2,50,1,0
5,50345,2,2,1,25,9,16,55,12,2,1,0,5,3,89,898,89898,66,1985,1WUGDEJF8FN0,1,W,U,G,D,E,J,F,8,F,N,0,1,T,WHIT,HCL,DS,85,17,,8,2510,1130,WHC,D,,1,99,999999999,99999999999,3,6,8,1,0,0,0,0,0,0,0,998,0,0,0,12,12,6,2,12,0,0,0,1,5,72396,6,1,0,0,3,0,66,180,0,0,0,0,0,0,0,0,0,0,0,0,0,0,1,2,55,1,1,2,1,0,0,1,62,1,1,1,51,0,0
5,50346,1,1,5,25,9,23,50,42,0,1,0,5,2,49,401,49401,14,1995,JT3VN29V7S00,J,T,3,V,N,2,9,V,7,S,0,0,0,P,TOYT,RUN,UT,95,17,3760,,0,1033,,G,,0,0,000000000,00000000000,0,0,0,1,0,0,0,0,0,0,0,998,0,0,0,12,12,6,2,42,0,0,0,1,22,71111,6,2,0,0,3,2,64,200,0,0,0,0,0,0,0,0,0,1,53,73,0,0,1,2,99,2,1,2,2,0,0,14,12,1,1,4,6,1,0