STATE,ST_CASE,VEH_NO,VE_FORMS,NUMOCCS,DAY,MONTH,HOUR,MINUTE,HARM_EV,MAN_COLL,UNITTYPE,HIT_RUN,REG_STAT,OWNER,MAKE,MODEL,MAK_MOD,BODY_TYP,MOD_YEAR,VIN,VIN_1,VIN_2,VIN_3,VIN_4,VIN_5,VIN_6,VIN_7,VIN_8,VIN_9,VIN_10,VIN_11,VIN_12,TOW_VEH,VINTYPE,VINMAKE,VINA_MOD,VIN_BT,VINMODYR,VIN_LNGT,VIN_WGT,WGTCD_TR,WHLBS_LG,WHLBS_SH,SER_TR,FUELCODE,MCYCL_DS,J_KNIFE,MCARR_I1,MCARR_I2,MCARR_ID,GVWR,V_CONFIG,CARGO_BT,HAZ_INV,HAZ_PLAC,HAZ_ID,HAZ_CNO,HAZ_REL,BUS_USE,SPEC_USE,EMER_USE,TRAV_SP,UNDERIDE,ROLLOVER,ROLINLOC,IMPACT1,IMPACT2,DEFORMED,TOWED,M_HARM,VEH_SC1,VEH_SC2,FIRE_EXP,DR_PRES,L_STATE,DR_ZIP,L_STATUS,L_TYPE,CDL_STAT,L_ENDORS,L_COMPL,L_RESTRI,DR_HGT,DR_WGT,PREV_ACC,PREV_SUS,PREV_DWI,PREV_SPD,PREV_OTH,FIRST_MO,FIRST_YR,LAST_MO,LAST_YR,SPEEDREL,DR_SF1,DR_SF2,DR_SF3,DR_SF4,VTRAFWAY,VNUM_LAN,VSPD_LIM,VALIGN,VPROFILE,VPAVETYP,VSURCOND,VTRAFCON,VTCONT_F,P_CRASH1,P_CRASH2,P_CRASH3,PCRASH4,PCRASH5,ACC_TYPE,DEATHS,DR_DRINK
5,50384,1,2,2,16,10,16,40,12,6,1,0,5,1,18,441,18441,20,2005,5GADX23L25D2,5,G,A,D,X,2,3,L,2,5,D,2,0,T,BUIC,C/X,ES,5,17,,1,0,1211,TER,G,,0,0,000000000,00000000000,0,0,0,1,0,0,0,0,0,0,0,998,0,0,0,11,11,6,2,12,0,0,0,1,5,72419,6,1,0,0,3,3,70,175,0,0,0,0,0,0,0,0,0,0,0,0,0,0,1,2,55,3,2,2,1,0,0,14,62,1,1,1,65,1,0
5,50384,2,2,3,16,10,16,40,12,6,1,0,5,2,12,24,12024,6,2007,2FMDK39CX7BA,2,F,M,D,K,3,9,C,X,7,B,A,0,P,FORD,EDG,UT,7,17,4073,,0,1112,,G,,0,0,000000000,00000000000,0,0,0,1,0,0,0,0,0,0,0,998,0,0,0,11,11,6,2,12,0,0,0,1,5,72350,6,1,0,0,3,0,66,150,0,0,0,0,0,0,0,0,0,0,28,0,0,0,1,2,55,2,2,2,1,0,0,14,10,1,1,2,64,0,0
5,50385,1,2,1,16,10,19,5,12,2,1,0,5,2,49,40,49040,4,2003,4T1BE32K83U1,4,T,1,B,E,3,2,K,8,3,U,1,0,P,TOYT,UXS,4D,3,17,2993,,0,1071,,G,,0,0,000000000,00000000000,0,0,0,1,0,0,0,0,0,0,0,998,0,0,0,12,12,6,2,12,0,0,0,1,5,72762,6,1,0,0,3,0,70,225,0,0,0,0,0,0,0,0,0,0,0,0,0,0,1,2,55,1,1,2,1,0,0,1,62,1,1,1,51,0,0
5,50385,2,2,2,16,10,19,5,12,2,1,0,5,2,37,32,37032,4,1988,1HGCA5520JA1,1,H,G,C,A,5,5,2,0,J,A,1,0,P,HOND,ADX,4D,88,17,2392,,0,1024,,G,,0,0,000000000,00000000000,0,0,0,1,0,0,0,0,0,0,0,998,0,0,0,12,12,6,2,12,0,0,0,1,5,72727,1,1,0,0,2,0,71,160,0,9,2,0,2,1,2009,5,2010,0,99,99,99,99,1,2,55,1,1,2,1,0,0,6,10,1,1,2,50,1,1
5,50386,2,1,1,16,10,22,35,14,0,1,0,5,2,49,42,49042,2,1992,JT2EL45F5N00,J,T,2,E,L,4,5,F,5,N,0,0,0,P,TOYT,PAS,CP,92,17,2070,,0,937,,G,,0,0,000000000,00000000000,0,0,0,1,0,0,0,0,0,0,0,998,0,0,0,12,12,6,2,14,0,0,0,1,5,72103,0,0,0,0,0,0,999,999,0,0,0,0,0,0,0,0,0,0,36,0,0,0,2,2,65,1,2,1,1,0,0,1,13,1,1,4,1,0,1
5,50387,1,1,1,17,10,6,1,43,0,1,0,5,1,7,43,7043,4,2001,1B3EJ46X31N5,1,B,3,E,J,4,6,X,3,1,N,5,0,P,DODG,SSE,4D,1,17,3151,,0,1080,,G,,0,0,000000000,00000000000,0,0,0,1,0,0,0,0,0,0,0,998,0,0,0,12,12,6,2,43,0,0,0,1,5,72209,6,1,0,0,3,0,63,160,0,0,0,0,0,0,0,0,0,0,99,99,99,99,1,4,35,1,1,2,1,0,0,1,12,1,1,4,6,1,0
5,50388,1,1,1,17,10,6,0,34,0,1,0,5,2,35,472,35472,30,2003,1N6ED29Y53C4,1,N,6,E,D,2,9,Y,5,3,C,4,0,T,NISS,XSC,CW,3,17,,1,0,1311,FRT,G,,0,0,000000000,00000000000,0,0,0,1,0,0,0,0,0,0,0,998,0,1,5,9,9,6,2,1,0,0,0,1,5,72160,6,1,0,0,3,0,63,155,0,0,0,0,1,3,2009,3,2009,0,36,0,0,0,1,2,35,1,1,4,1,0,0,1,8,1,1,4,1,1,1
5,50389,1,1,1,17,10,12,55,35,0,1,0,5,1,7,472,7472,30,1998,1B7FL22P4WS5,1,B,7,F,L,2,2,P,4,W,S,5,0,T,DODG,DAK,PC,98,17,,1,0,1309,DAK,G,,0,0,000000000,00000000000,0,0,0,1,0,0,0,0,0,0,0,998,0,0,0,12,12,6,2,38,0,0,0,1,5,72687,6,1,0,0,3,3,70,195,0,0,0,0,0,0,0,0,0,0,99,99,99,99,1,2,55,1,2,2,1,0,0,1,13,1,1,4,1,1,0
5,50390,1,1,1,17,10,17,37,35,0,1,0,5,1,53,733,53733,90,1987,JSAAJ45A4H21,J,S,A,A,J,4,5,A,4,H,2,1,0,M,SUZI,LT4,AT,87,17,,,,,,,246,0,0,000000000,00000000000,0,0,0,1,0,0,0,0,0,0,0,998,0,1,5,11,11,0,3,5,0,0,0,1,5,72927,6,1,0,0,3,3,71,120,0,0,0,0,0,0,0,0,0,0,36,0,0,0,1,2,35,1,1,5,1,0,0,1,14,7,1,4,14,1,1
5,50391,1,1,1,18,10,0,20,34,0,1,0,5,1,20,481,20481,31,2008,2GCEK19JX812,2,G,C,E,K,1,9,J,X,8,1,2,0,T,CHEV,SK1,4C,8,17,,2,1575,1339,SIL,G,,0,0,000000000,00000000000,0,0,0,1,0,0,0,0,0,0,0,998,0,1,5,9,0,6,2,1,0,0,0,1,5,71763,6,1,0,0,3,0,71,150,0,0,2,0,0,7,2010,7,2010,0,36,0,0,0,1,2,55,1,2,2,1,0,0,1,12,6,1,4,6,1,0
5,50392,1,2,1,18,10,15,8,42,0,1,0,5,1,20,481,20481,31,2007,2GCEK13V0711,2,G,C,E,K,1,3,V,0,7,1,1,0,T,CHEV,1KW,CW,7,17,,2,0,1435,SIL,G,,0,0,000000000,00000000000,0,0,0,1,0,0,0,0,0,0,0,998,0,0,0,12,12,6,2,12,0,0,0,1,5,72201,6,1,0,0,3,0,72,250,0,0,0,0,0,0,0,0,0,0,0,0,0,0,2,4,40,1,2,2,1,0,0,1,62,1,1,1,98,0,0
5,50392,2,2,1,18,10,15,8,42,0,1,0,5,1,37,32,37032,4,1997,1HGCD5537VA2,1,H,G,C,D,5,5,3,7,V,A,2,0,P,HOND,ULE,4D,97,17,2798,,0,1069,,G,,0,0,000000000,00000000000,0,0,0,1,0,0,0,0,0,0,0,998,0,1,5,11,11,6,2,1,0,0,0,1,5,72227,1,1,0,0,2,3,72,200,0,4,0,1,3,3,2010,10,2010,0,99,99,99,99,2,4,40,1,2,2,1,0,0,1,12,1,1,4,6,1,0
5,50393,1,1,2,18,10,19,41,1,0,1,0,5,2,20,401,20401,14,2000,1GNCS13W5YK1,1,G,N,C,S,1,3,W,5,Y,K,1,0,P,CHEV,BZR,UT,0,17,3671,,0,1070,,G,,0,0,000000000,00000000000,0,0,0,1,0,0,0,0,0,0,0,998,0,2,1,0,0,6,2,1,0,0,0,1,5,72386,6,1,0,0,3,0,68,161,0,4,1,0,0,5,2010,5,2010,1,36,58,0,0,1,2,45,3,1,2,1,40,3,14,10,6,1,6,98,1,1
5,50394,1,1,1,20,10,11,27,1,0,1,0,5,2,49,401,49401,14,2000,JT3HN87R8Y02,J,T,3,H,N,8,7,R,8,Y,0,2,0,P,TOYT,RUN,UT,0,17,3975,,0,1053,,G,,0,0,000000000,00000000000,0,0,0,1,0,0,0,0,0,0,0,998,0,2,5,0,0,6,2,1,0,0,0,1,5,72501,6,1,6,3,3,0,68,130,0,0,0,0,0,0,0,0,0,0,36,0,0,0,1,2,55,1,3,2,1,0,0,1,13,1,1,4,1,1,0
5,50395,1,1,1,20,10,15,12,39,0,1,0,5,1,7,472,7472,30,1990,1B7FL23XXLS7,1,B,7,F,L,2,3,X,X,L,S,7,0,T,DODG,DAK,PK,90,17,,1,0,1309,DAK,G,,0,0,000000000,00000000000,0,0,0,1,0,0,0,0,0,0,0,998,0,0,0,62,62,6,2,39,0,0,0,1,5,71953,1,1,6,0,2,3,66,150,0,0,0,0,0,0,0,0,0,0,0,0,0,0,1,2,55,1,1,2,1,0,0,1,12,1,1,4,6,1,0
5,50396,1,1,1,20,10,16,36,34,0,1,0,5,2,7,482,7482,31,2006,1D7HU16216J1,1,D,7,H,U,1,6,2,1,6,J,1,0,T,DODG,S15,PK,6,17,,2,1405,1205,RPC,G,,0,0,000000000,00000000000,0,0,0,1,0,0,0,0,0,0,0,998,0,0,0,12,12,6,2,42,0,0,0,1,5,71603,6,1,0,0,3,3,69,180,0,0,0,1,1,12,2009,6,2010,0,36,0,0,0,1,2,55,2,1,2,1,0,0,14,12,1,1,4,6,1,0
5,50397,1,2,1,21,10,9,11,12,6,1,0,5,1,7,482,7482,31,2000,3B7HF13Z9YG1,3,B,7,H,F,1,3,Z,9,Y,G,1,0,T,DODG,Q15,4C,0,17,,2,1547,1387,RPC,G,,0,0,000000000,00000000000,0,0,0,1,0,0,0,0,0,0,0,998,0,0,0,12,12,2,1,12,0,0,0,1,5,72601,6,1,0,0,3,0,73,190,0,0,0,0,0,0,0,0,0,0,38,0,0,0,1,5,45,3,1,2,1,0,0,11,15,1,1,1,68,0,0
5,50397,2,2,1,21,10,9,11,12,6,1,0,5,1,37,705,37705,80,1984,JH2PC080XEM1,J,H,2,P,C,0,8,0,X,E,M,1,0,M,HOND,VT5,RS,84,17,,,,,,,500,0,0,000000000,00000000000,0,0,0,1,0,0,0,0,0,0,0,998,0,0,0,11,11,6,2,12,0,0,0,1,5,72601,6,1,0,0,3,0,69,175,0,0,0,0,0,0,0,0,0,0,0,0,0,0,1,5,45,2,1,2,1,0,0,14,72,1,1,1,69,1,0
5,50398,1,1,2,23,10,3,17,32,0,1,0,5,2,23,421,23421,15,2001,1GKEK13T71R1,1,G,K,E,K,1,3,T,7,1,R,1,0,T,GMC,YUK,4W,1,17,,2,0,1160,YUK,G,,0,0,000000000,00000000000,0,0,0,1,0,0,0,0,0,0,0,998,0,1,5,12,12,6,2,1,0,0,0,1,5,72450,6,1,0,0,3,0,67,120,0,0,0,0,0,0,0,0,0,0,99,99,99,99,1,2,30,1,1,2,1,0,0,1,12,3,1,4,6,2,0
5,50399,1,3,5,23,10,16,30,12,1,1,0,5,2,6,442,6442,20,2000,2C4FJ25B8YR7,2,C,4,F,J,2,5,B,8,Y,R,7,0,P,CHRY,VOV,SV,0,17,3432,,0,1133,,G,,0,0,000000000,00000000000,0,0,0,1,0,0,0,0,0,0,0,0,0,0,0,6,6,6,2,12,0,0,0,1,5,72039,6,2,0,0,3,1,65,115,0,0,0,0,0,0,0,0,0,0,0,0,0,0,1,3,55,1,1,2,1,0,0,5,53,1,1,1,21,1,0
5,50399,2,3,3,23,10,16,30,12,1,1,0,5,1,20,481,20481,31,2001,1GCHK23U51F1,1,G,C,H,K,2,3,U,5,1,F,1,0,T,CHEV,2KH,CW,1,17,,2,1670,1530,SIL,G,,0,0,000000000,00000000000,0,0,0,1,0,0,0,0,0,0,0,998,0,0,0,12,12,6,2,12,0,0,0,1,5,72629,6,1,0,0,3,3,67,130,0,0,0,0,0,0,0,0,0,0,26,0,0,0,1,3,55,1,1,2,1,0,0,1,50,3,1,1,20,0,0
5,50399,3,3,1,23,10,16,30,12,1,1,0,5,1,35,473,35473,31,2004,1N6AA07A14N5,1,N,6,A,A,0,7,A,1,4,N,5,0,T,NISS,TXS,CW,4,17,,2,0,1398,TTN,G,,0,0,000000000,00000000000,0,0,0,1,0,0,0,0,0,0,0,998,0,0,0,18,12,4,1,54,0,0,0,1,5,72058,6,1,0,0,3,3,68,165,0,0,0,0,0,0,0,0,0,0,0,0,0,0,1,3,55,1,1,2,1,0,0,1,98,1,1,1,98,0,0
5,50400,1,2,1,25,10,20,10,12,2,1,0,92,0,7,24,7024,4,2007,2B3KA53H57H6,2,B,3,K,A,5,3,H,5,7,H,6,0,P,DODG,CHR,4D,7,17,3976,,0,1200,,G,,0,0,000000000,00000000000,0,0,0,1,0,0,0,0,0,0,0,998,0,0,0,12,12,6,2,12,0,0,0,1,5,72142,6,1,0,0,3,0,65,162,0,0,0,0,0,0,0,0,0,9,99,99,99,99,1,2,55,3,1,2,1,0,0,14,62,99,1,1,51,1,0
5,50400,2,2,1,25,10,20,10,12,2,1,0,5,1,23,481,23481,31,2008,1GKER23708J2,1,G,K,E,R,2,3,7,0,8,J,2,0,T,GMC,S1F,4W,8,17,,2,0,1189,ACA,G,,0,0,000000000,00000000000,0,0,0,1,0,0,0,0,0,0,0,998,0,0,0,12,12,6,2,12,0,0,0,1,5,72142,6,1,0,0,3,3,64,180,0,0,0,0,0,0,0,0,0,9,99,99,99,99,1,2,55,2,1,2,1,0,0,14,10,99,1,2,50,1,0
5,50401,1,2,1,27,10,18,15,12,6,1,0,5,1,73,706,73706,80,2004,JKAZX9C174A0,J,K,A,Z,X,9,C,1,7,4,A,0,0,M,KAWK,Z12,RS,4,17,,,,,,,1200,0,0,000000000,00000000000,0,0,0,1,0,0,0,0,0,0,0,998,0,0,0,12,12,6,2,12,0,0,0,1,5,72114,6,1,0,0,3,0,74,250,0,0,0,0,0,0,0,0,0,9,99,99,99,99,1,5,35,1,2,2,1,0,0,1,17,3,1,1,88,1,0
5,50401,2,2,1,27,10,18,15,12,6,1,0,0,0,90,981,90981,50,2007,1BAKGCKA17F2,1,B,A,K,G,C,K,A,1,7,F,2,0,U,,,,7,17,,,,,,,,0,88,888888888,88888888888,3,21,22,1,0,0,0,0,1,0,0,998,0,0,0,9,9,4,3,12,0,0,0,1,5,72114,6,1,6,1,3,0,69,182,0,0,0,0,0,0,0,0,0,9,99,99,99,99,1,5,35,1,2,2,1,20,3,1,17,1,1,1,89,0,0
5,50402,1,2,3,28,10,7,12,12,2,1,0,5,1,20,421,20421,15,2009,1GNFC13C49R1,1,G,N,F,C,1,3,C,4,9,R,1,0,P,CHEV,CTA,UT,9,17,5265,,0,1160,,G,,0,0,000000000,00000000000,0,0,0,1,0,0,0,0,0,0,0,998,0,0,0,12,12,6,2,12,0,0,0,1,5,72019,6,1,0,0,3,0,67,150,0,0,0,0,0,0,0,0,0,0,0,0,0,0,1,3,55,1,2,2,1,0,0,1,62,1,1,1,51,0,0
5,50402,2,2,1,28,10,7,12,12,2,1,0,5,2,20,16,20016,2,1996,1G1JC1247TM1,1,G,1,J,C,1,2,4,7,T,M,1,0,P,CHEV,CAV,CP,96,17,2617,,0,1041,,G,,0,0,000000000,00000000000,0,0,0,1,0,0,0,0,0,0,0,998,0,0,0,12,12,6,2,12,0,0,0,1,5,71901,6,1,0,0,3,0,70,230,0,0,0,0,0,0,0,0,0,0,28,36,0,0,1,3,55,1,2,2,1,0,0,6,10,1,1,2,50,1,0
5,50403,1,1,1,29,10,3,40,34,0,1,0,5,1,35,481,35481,31,2007,1N6BA07A37N2,1,N,6,B,A,0,7,A,3,7,N,2,0,T,NISS,TXS,CW,7,17,,2,0,1398,TTN,F,,0,0,000000000,00000000000,0,0,0,1,0,0,0,0,0,0,0,998,0,1,5,99,99,6,2,1,0,0,0,1,5,72654,6,1,0,0,3,0,68,225,0,0,0,2,3,4,2009,4,2010,1,0,0,0,0,1,2,98,1,1,4,1,0,0,1,8,1,1,4,1,1,0
5,50404,1,2,1,29,10,19,18,12,6,1,0,5,1,12,481,12481,31,2002,1FTNX21F72EC,1,F,T,N,X,2,1,F,7,2,E,C,0,T,FORD,F2S,4C,2,17,,2,1580,1418,SRW,D,,0,0,000000000,00000000000,0,0,0,1,0,0,0,0,0,0,0,998,0,0,0,12,12,6,2,12,0,0,0,1,5,71929,6,1,6,0,3,3,70,165,0,0,0,1,0,5,2009,5,2009,0,0,0,0,0,1,3,55,1,1,2,1,0,0,1,62,7,1,4,65,0,0
5,50404,2,2,4,29,10,19,18,12,6,1,0,5,1,22,20,22020,4,2003,1G2WK52J43F1,1,G,2,W,K,5,2,J,4,3,F,1,0,P,PONT,GFS,4D,3,17,3384,,0,1105,,G,,0,0,000000000,00000000000,0,0,0,1,0,0,0,0,0,0,0,998,0,0,0,3,3,6,2,12,0,0,0,1,5,71968,6,1,0,0,3,0,67,260,0,0,0,2,0,3,2009,11,2009,0,58,0,0,0,1,3,55,1,1,2,1,0,0,17,54,1,2,4,64,3,0
5,50405,1,1,2,30,10,1,5,8,0,1,0,92,0,21,401,21401,14,2002,1GHDT13S6221,1,G,H,D,T,1,3,S,6,2,2,1,0,P,OLDS,BRA,UT,2,17,4628,,0,1130,,G,,0,0,000000000,00000000000,0,0,0,1,0,0,0,0,0,0,0,998,0,0,0,12,12,4,1,8,0,0,0,1,5,72801,6,1,0,0,3,0,67,150,0,0,0,0,1,9,2010,9,2010,0,0,0,0,0,1,5,50,1,3,2,1,0,0,1,80,1,1,1,13,0,0
5,50406,1,1,3,31,10,1,55,42,0,1,0,5,2,49,32,49032,4,1996,1NXBA02E5TZ3,1,N,X,B,A,0,2,E,5,T,Z,3,0,P,TOYT,COA,4D,96,17,2315,,0,970,,G,,0,0,000000000,00000000000,0,0,0,1,0,0,0,0,0,0,0,998,0,0,0,12,12,6,2,42,0,0,0,1,5,72556,6,1,0,0,3,0,65,185,0,0,0,0,0,0,0,0,0,0,36,39,0,0,1,2,55,1,1,2,1,20,3,1,13,1,1,4,1,1,1
5,50407,1,1,2,10,10,13,50,1,0,1,0,5,1,20,421,20421,15,2000,1GNEK13R0YR2,1,G,N,E,K,1,3,R,0,Y,R,2,0,P,CHEV,KTA,UT,0,17,5333,1,0,1175,VTR,G,,0,0,000000000,00000000000,0,0,0,1,0,0,0,0,0,0,0,998,0,2,2,0,0,6,2,2,0,0,1,1,5,72034,6,1,0,0,3,0,74,214,0,0,0,0,0,0,0,0,0,0,51,35,0,0,1,2,45,2,2,2,1,98,3,6,12,6,1,4,6,1,1
5,50408,1,1,1,24,10,2,30,34,0,1,0,5,2,37,31,37031,4,1997,1HGEJ6577VL0,1,H,G,E,J,6,5,7,7,V,L,0,0,P,HOND,UCL,4D,97,17,2375,,0,1032,,G,,0,0,000000000,00000000000,0,0,0,1,0,0,0,0,0,0,0,998,0,1,5,14,0,6,2,1,0,0,0,1,5,72136,1,1,0,0,2,0,72,175,0,0,1,0,0,10,2010,10,2010,1,36,0,0,0,1,2,55,1,1,2,1,0,0,1,6,1,1,4,6,1,0
5,50409,1,2,2,1,8,11,12,11,0,1,0,5,1,72,706,72706,80,2007,1HD1FC4187Y6,1,H,D,1,F,C,4,1,8,7,Y,6,0,M,HD,FLU,RS,7,17,,,,,,,1584,0,0,000000000,00000000000,0,0,0,1,0,0,0,0,0,0,0,998,0,0,0,12,12,6,2,12,0,0,0,1,5,71701,6,1,0,0,3,0,72,205,0,0,0,0,0,0,0,0,0,0,0,0,0,0,1,2,55,1,1,2,1,0,0,1,51,1,1,1,13,1,0
5,50409,2,2,1,1,8,11,12,11,0,1,0,5,1,72,706,72706,80,2005,1HD1FLW185Y6,1,H,D,1,F,L,W,1,8,5,Y,6,0,M,HD,CUS,RS,5,17,,,,,,,1450,0,0,000000000,00000000000,0,0,0,1,0,0,0,0,0,0,0,998,0,0,0,62,0,4,3,12,0,0,0,1,5,71701,6,1,0,0,3,3,74,260,0,0,0,0,0,0,0,0,0,0,0,0,0,0,1,2,55,1,1,2,1,0,0,1,50,3,1,1,98,0,0
5,50410,1,1,1,1,11,18,55,42,0,1,0,5,1,35,47,35047,4,1995,1N4BU31D9SC2,1,N,4,B,U,3,1,D,9,S,C,2,0,P,NISS,AGS,4D,95,17,2800,,0,1031,,G,,0,0,000000000,00000000000,0,0,0,1,0,0,0,0,0,0,0,998,0,0,0,11,11,6,2,42,0,0,0,1,5,72587,6,1,0,0,3,0,68,200,0,0,0,0,0,0,0,0,0,0,36,0,0,0,1,2,35,1,1,2,1,0,0,1,12,1,1,4,6,1,0
5,50411,1,1,1,1,11,20,0,42,0,1,0,5,1,20,481,20481,31,1981,1GCFC24H6BS1,1,G,C,F,C,2,4,H,6,B,S,1,0,T,CHEV,C20,PK,81,17,,2,1645,1315,C20,G,,0,0,000000000,00000000000,0,0,0,1,0,0,0,0,0,0,0,998,0,0,0,3,11,6,2,2,0,0,1,1,5,72837,6,1,0,0,3,0,65,152,1,0,0,0,2,10,2009,3,2010,0,99,99,99,99,1,2,55,3,2,8,1,0,0,14,13,1,1,4,1,1,0
5,50412,1,1,1,3,11,0,0,8,0,1,1,99,9,99,999,99999,99,9999,999999999999,9,9,9,9,9,9,9,9,9,9,9,9,9,U,,,,9,17,,,,,,,,0,99,999999999,99999999999,9,99,99,1,0,0,0,0,99,99,9,999,0,0,0,12,12,4,1,8,0,0,0,1,99,99999,9,9,99,9,9,9,999,999,99,99,99,99,99,99,9999,99,9999,9,99,99,99,99,1,2,55,1,1,2,2,0,0,1,80,1,1,1,13,0,0
5,50413,1,3,1,3,11,12,52,12,8,1,0,5,2,49,32,49032,4,1997,1NXBA02E5VZ6,1,N,X,B,A,0,2,E,5,V,Z,6,0,P,TOYT,UCC,4D,97,17,2337,,0,970,,G,,0,0,000000000,00000000000,0,0,0,1,0,0,0,0,0,0,0,998,0,0,0,11,11,6,2,12,0,0,0,1,5,72023,1,1,0,0,2,0,72,200,0,4,0,0,1,2,2009,6,2010,0,36,28,0,0,2,2,70,1,1,1,2,0,0,1,10,1,1,2,64,1,0
5,50413,2,3,1,3,11,12,52,12,8,1,0,5,1,7,43,7043,4,1998,1B3EJ46X6WN1,1,B,3,E,J,4,6,X,6,W,N,1,0,P,DODG,STR,4D,98,17,2837,,0,1080,,G,,0,0,000000000,00000000000,0,0,0,1,0,0,0,0,0,0,0,998,0,0,0,11,11,6,2,12,0,0,0,1,5,72114,6,1,0,0,3,0,74,190,0,0,0,0,0,0,0,0,0,0,0,0,0,0,2,2,70,1,1,1,2,0,0,1,62,2,1,1,65,1,0
5,50413,3,3,3,3,11,12,52,12,8,1,0,5,2,7,481,7481,31,1990,1B7GE16Y1LS7,1,B,7,G,E,1,6,Y,1,L,S,7,0,T,DODG,D15,PK,90,17,,1,1310,1150,D15,G,,0,0,000000000,00000000000,0,0,0,1,0,0,0,0,0,0,0,998,0,0,0,11,11,6,2,12,0,0,0,1,5,72023,6,1,0,0,3,0,67,159,0,0,0,0,0,0,0,0,0,0,0,0,0,0,2,2,70,1,1,1,2,0,0,1,62,1,1,1,98,0,0
5,50414,1,1,2,5,11,5,15,58,0,1,0,5,2,12,481,12481,31,2007,1FTPW14V57KB,1,F,T,P,W,1,4,V,5,7,K,B,0,T,FORD,F1S,CW,7,17,,2,0,1390,COF,F,,0,0,000000000,00000000000,0,0,0,1,0,0,0,0,0,0,0,998,0,1,5,14,12,6,2,1,0,0,0,1,5,72101,1,1,0,0,2,0,68,180,0,0,0,0,0,0,0,0,0,0,36,0,0,0,1,2,55,1,1,2,1,20,3,1,13,1,1,4,15,1,0
5,50415,1,1,2,5,11,13,25,42,0,1,0,29,3,14,17,14017,6,2000,1MEFM58U7YA6,1,M,E,F,M,5,8,U,7,Y,A,6,0,P,MERC,SGS,SW,0,17,3540,,0,1085,,G,,0,0,000000000,00000000000,0,0,0,1,0,0,0,0,0,0,0,998,0,1,5,1,1,6,2,1,0,0,0,1,5,72650,6,1,0,0,3,0,66,115,0,0,0,0,0,0,0,0,0,0,36,0,0,0,1,2,55,1,2,2,1,0,0,1,12,1,1,4,6,1,0
5,50416,1,2,3,5,11,17,19,12,6,1,0,5,2,21,20,21020,4,1994,1G3AG5540R63,1,G,3,A,G,5,5,4,0,R,6,3,0,P,OLDS,CIS,4D,94,17,2818,,0,1049,,G,,0,0,000000000,00000000000,0,0,0,1,0,0,0,0,0,0,0,998,0,0,0,82,82,6,2,12,0,0,0,1,5,72401,6,1,6,0,3,0,70,215,0,0,0,0,0,0,0,0,0,0,0,0,0,0,8,2,20,1,1,2,1,0,0,1,66,1,1,1,87,1,0
5,50416,2,2,1,5,11,17,19,12,6,1,0,5,1,12,481,12481,31,1994,1FTEF15N4RLB,1,F,T,E,F,1,5,N,4,R,L,B,0,T,FORD,F15,PK,94,17,,2,1330,1170,COF,G,,0,0,000000000,00000000000,0,0,0,1,0,0,0,0,0,0,0,998,0,0,0,12,12,6,2,12,0,0,0,1,5,72417,6,1,0,0,3,3,67,149,0,0,0,0,0,0,0,0,0,0,39,0,0,0,8,2,20,1,1,2,1,20,3,1,17,1,1,2,86,0,0
5,50417,1,1,2,5,11,23,23,1,0,1,0,5,1,12,481,12481,31,2008,1FTPX14V38FA,1,F,T,P,X,1,4,V,3,8,F,A,0,T,FORD,F15,4C,8,17,,2,1630,1330,COF,F,,0,0,000000000,00000000000,0,0,0,1,0,0,0,0,0,0,0,998,0,2,1,0,0,6,2,1,0,0,0,1,5,72205,6,1,0,0,3,0,72,220,0,0,0,0,4,4,2010,4,2010,1,0,0,0,0,1,2,30,1,1,2,1,0,0,1,12,99,1,6,98,1,1
5,50418,1,1,1,5,11,23,21,1,0,1,0,5,1,20,481,20481,31,1992,1GCDC14Z9NZ1,1,G,C,D,C,1,4,Z,9,N,Z,1,0,T,CHEV,GC1,PK,92,17,,1,1315,1175,GM4,G,,0,0,000000000,00000000000,0,0,0,1,0,0,0,0,0,0,0,998,0,2,5,0,0,6,2,1,0,0,0,1,5,72501,6,1,0,0,3,0,70,170,0,0,0,0,0,0,0,0,0,0,36,58,0,0,1,2,55,1,1,2,1,0,0,1,13,1,1,4,1,1,1
5,50419,1,2,4,6,11,19,41,12,6,1,0,5,1,2,404,2404,14,1997,1J4FT68S7VL5,1,J,4,F,T,6,8,S,7,V,L,5,0,T,JEEP,SPT,4W,97,17,,1,0,1014,CHK,G,,0,0,000000000,00000000000,0,0,0,1,0,0,0,0,0,0,0,998,0,0,0,12,12,6,2,12,0,0,0,1,5,72472,6,1,0,0,3,0,64,140,0,0,0,0,1,3,2010,3,2010,0,0,0,0,0,1,3,40,1,1,2,1,0,0,1,71,3,1,1,86,0,0
5,50419,2,2,1,6,11,19,41,12,6,1,0,5,1,20,481,20481,31,2000,1GCEC14T2YZ3,1,G,C,E,C,1,4,T,2,Y,Z,3,0,T,CHEV,SC1,PK,0,17,,2,1330,1190,SIL,G,,0,0,000000000,00000000000,0,0,0,1,0,0,0,0,0,0,0,998,0,0,0,82,82,6,2,12,0,0,0,1,5,72472,6,1,0,0,3,0,67,176,0,0,0,0,0,0,0,0,0,0,38,0,0,0,1,3,40,1,1,2,1,0,0,4,17,1,1,2,87,1,0
5,50420,1,2,2,6,11,22,45,12,8,1,0,5,2,20,37,20037,4,2000,1G1ND52J6Y61,1,G,1,N,D,5,2,J,6,Y,6,1,0,P,CHEV,MAL,4D,0,17,3051,,0,1070,,G,,0,0,000000000,00000000000,0,0,0,1,0,0,0,0,0,0,0,998,0,0,0,3,3,6,2,12,0,0,0,1,5,72756,0,0,0,0,0,0,66,145,0,0,0,0,0,0,0,0,0,0,36,0,0,0,1,4,45,1,1,2,1,0,0,1,10,1,1,2,64,1,1