STATE,ST_CASE,VEH_NO,VE_FORMS,NUMOCCS,DAY,MONTH,HOUR,MINUTE,HARM_EV,MAN_COLL,UNITTYPE,HIT_RUN,REG_STAT,OWNER,MAKE,MODEL,MAK_MOD,BODY_TYP,MOD_YEAR,VIN,VIN_1,VIN_2,VIN_3,VIN_4,VIN_5,VIN_6,VIN_7,VIN_8,VIN_9,VIN_10,VIN_11,VIN_12,TOW_VEH,VINTYPE,VINMAKE,VINA_MOD,VIN_BT,VINMODYR,VIN_LNGT,VIN_WGT,WGTCD_TR,WHLBS_LG,WHLBS_SH,SER_TR,FUELCODE,MCYCL_DS,J_KNIFE,MCARR_I1,MCARR_I2,MCARR_ID,GVWR,V_CONFIG,CARGO_BT,HAZ_INV,HAZ_PLAC,HAZ_ID,HAZ_CNO,HAZ_REL,BUS_USE,SPEC_USE,EMER_USE,TRAV_SP,UNDERIDE,ROLLOVER,ROLINLOC,IMPACT1,IMPACT2,DEFORMED,TOWED,M_HARM,VEH_SC1,VEH_SC2,FIRE_EXP,DR_PRES,L_STATE,DR_ZIP,L_STATUS,L_TYPE,CDL_STAT,L_ENDORS,L_COMPL,L_RESTRI,DR_HGT,DR_WGT,PREV_ACC,PREV_SUS,PREV_DWI,PREV_SPD,PREV_OTH,FIRST_MO,FIRST_YR,LAST_MO,LAST_YR,SPEEDREL,DR_SF1,DR_SF2,DR_SF3,DR_SF4,VTRAFWAY,VNUM_LAN,VSPD_LIM,VALIGN,VPROFILE,VPAVETYP,VSURCOND,VTRAFCON,VTCONT_F,P_CRASH1,P_CRASH2,P_CRASH3,PCRASH4,PCRASH5,ACC_TYPE,DEATHS,DR_DRINK
5,50489,1,1,1,23,12,21,5,8,0,1,0,5,2,22,32,22032,6,2003,5Y2SL62853Z4,5,Y,2,S,L,6,2,8,5,3,Z,4,0,P,PONT,VIB,4H,3,17,2700,,0,1024,,G,,0,0,000000000,00000000000,0,0,0,1,0,0,0,0,0,0,0,998,0,0,0,62,62,6,2,8,0,0,0,1,5,71701,1,1,0,0,2,3,67,213,0,4,0,1,0,6,2009,10,2010,0,92,0,0,0,1,2,55,1,1,2,1,0,0,1,80,1,1,1,13,0,0
5,50490,1,1,1,23,12,22,10,34,0,1,0,5,2,20,16,20016,4,2003,1G1JC52F3372,1,G,1,J,C,5,2,F,3,3,7,2,0,P,CHEV,CAV,4D,3,17,2971,,0,1041,,G,,0,0,000000000,00000000000,0,0,0,1,0,0,0,0,0,0,0,998,0,0,0,1,1,6,2,42,0,0,0,1,5,71827,6,1,0,0,3,0,72,175,0,0,0,1,1,7,2010,11,2010,1,36,0,0,0,1,2,50,2,3,2,1,0,0,14,6,1,1,4,6,1,1
5,50491,1,1,1,24,12,4,37,1,0,1,0,5,1,12,17,12017,4,2003,1FAFP53U13A1,1,F,A,F,P,5,3,U,1,3,A,1,0,P,FORD,TSE,4D,3,17,3336,,0,1085,,G,,0,0,000000000,00000000000,0,0,0,1,0,0,0,0,0,0,0,998,0,2,6,0,0,6,2,1,0,0,0,1,5,71923,6,1,0,0,3,0,65,141,0,0,0,0,0,0,0,0,0,0,99,99,99,99,2,4,70,1,2,2,1,0,0,1,13,1,1,4,1,1,1
5,50492,1,2,1,25,12,20,23,1,0,1,0,5,1,37,32,37032,2,2001,1HGCG22551A0,1,H,G,C,G,2,2,5,5,1,A,0,0,P,HOND,UEX,CP,1,17,3283,,0,1051,,G,,0,0,000000000,00000000000,0,0,0,1,0,0,0,0,0,0,0,998,0,1,1,0,0,6,2,54,0,0,0,1,5,72301,6,1,0,0,3,0,74,180,1,0,0,1,1,9,2009,2,2010,0,36,0,0,0,2,4,70,1,1,2,1,0,0,1,12,1,1,6,98,1,0
5,50492,2,2,2,25,12,20,23,1,0,1,0,26,1,51,881,51881,66,2007,4V4NC9TG37N4,4,V,4,N,C,9,T,G,3,7,N,4,1,T,VOLV,VNL,DS,7,17,3283,8,0,0,VVN,D,,1,57,1989789,571989789,3,6,1,1,0,0,0,0,0,0,0,998,0,0,0,1,3,4,9,54,0,0,0,1,26,48116,6,1,6,0,3,3,72,200,0,0,0,1,0,12,2009,12,2009,0,0,0,0,0,2,4,70,1,1,2,1,0,0,1,11,1,1,1,98,0,0
5,50493,1,1,1,28,12,19,15,21,0,1,0,5,1,37,32,37032,4,2010,1HGCP2F44AA1,1,H,G,C,P,2,F,4,4,A,A,1,0,P,HOND,LXP,4D,10,17,3278,,0,1102,,G,,0,0,000000000,00000000000,0,0,0,1,0,0,0,0,0,0,0,998,0,0,0,12,12,6,2,21,0,0,0,1,5,71901,1,1,0,0,2,3,71,185,0,0,0,0,1,9,2008,9,2008,0,36,0,0,0,2,2,70,1,2,2,2,0,0,1,12,1,1,4,6,1,1
5,50494,1,2,1,30,12,15,40,12,8,1,0,5,3,51,881,51881,66,2006,4V4NC9GH26N4,4,V,4,N,C,9,G,H,2,6,N,4,1,T,VOLV,VNL,DS,6,17,,8,0,0,VVN,D,,2,57,000625632,57000625632,3,6,2,2,2,8888,88,8,0,0,0,998,0,0,0,7,7,6,2,12,0,0,0,1,5,72143,6,1,6,1,3,3,65,175,0,0,0,0,1,4,2010,4,2010,0,0,0,0,0,1,2,55,3,2,2,1,0,0,14,62,7,1,1,65,0,0
5,50494,2,2,1,30,12,15,40,12,8,1,0,5,2,13,5,13005,4,1996,1LNLM81W0TY6,1,L,N,L,M,8,1,W,0,T,Y,6,0,P,LINC,EXC,4D,96,17,4040,,0,1174,,G,,0,0,000000000,00000000000,0,0,0,1,0,0,0,0,0,0,0,998,0,0,0,11,11,6,2,12,0,0,0,1,5,71667,6,1,0,0,3,0,62,108,0,0,0,0,0,0,0,0,0,0,99,99,99,99,1,2,55,2,2,2,1,0,0,14,10,1,1,2,64,1,0
5,50495,1,2,1,30,12,15,50,12,6,1,0,5,2,20,403,20403,14,2003,1GNES16S1361,1,G,N,E,S,1,6,S,1,3,6,1,0,P,CHEV,TRL,UT,3,17,4836,,0,1290,,G,,0,0,000000000,00000000000,0,0,0,1,0,0,0,0,0,0,0,998,0,0,0,12,12,6,2,12,0,0,0,1,5,72205,6,1,0,0,3,3,64,126,0,0,0,0,0,0,0,0,0,0,0,0,0,0,2,2,35,1,1,2,2,0,0,1,62,1,1,1,65,0,0
5,50495,2,2,2,30,12,15,50,12,6,1,0,5,1,55,35,55035,4,2003,KMHDN45D63U6,K,M,H,D,N,4,5,D,6,3,U,6,0,P,HYUN,EST,4D,3,17,2635,,0,1027,,G,,0,0,000000000,00000000000,0,0,0,1,0,0,0,0,0,0,0,998,0,0,0,3,3,6,2,12,0,0,0,1,5,72113,6,1,0,0,3,3,64,110,1,0,0,0,0,12,2010,12,2010,0,36,0,0,0,1,2,35,3,1,2,2,0,0,14,10,1,3,2,64,1,0
5,50496,1,1,1,31,12,11,28,42,0,1,0,5,2,20,481,20481,31,2000,2GCEC19T7Y13,2,G,C,E,C,1,9,T,7,Y,1,3,0,T,CHEV,SC1,PC,0,17,,2,1575,1435,SIL,G,,0,0,000000000,00000000000,0,0,0,1,0,0,0,0,0,0,0,998,0,0,0,6,3,6,2,42,0,0,0,1,5,72802,6,1,0,0,3,0,72,180,1,0,0,3,1,4,2009,10,2010,0,36,0,0,0,1,2,55,1,1,2,2,0,0,1,12,1,1,4,6,1,0
5,50497,1,1,2,31,12,22,40,38,0,1,0,5,1,7,39,7039,2,1992,JB3XE74C4NY0,J,B,3,X,E,7,4,C,4,N,Y,0,0,P,DODG,STT,2H,92,17,3803,,0,972,,G,,0,0,000000000,00000000000,0,0,0,1,0,0,0,0,0,0,0,998,0,0,0,9,9,6,2,43,0,0,0,1,5,72756,6,1,0,0,3,0,68,141,0,0,0,0,0,0,0,0,0,1,99,99,99,99,1,2,45,3,1,2,1,0,0,14,6,1,3,4,7,1,0
5,50498,1,1,2,17,1,9,33,10,0,1,0,5,1,7,472,7472,31,2000,1B7GL22X3YS5,1,B,7,G,L,2,2,X,3,Y,S,5,0,T,DODG,DAK,PC,0,17,,1,0,1309,DAK,G,,0,0,000000000,00000000000,0,0,0,1,0,0,0,0,0,0,0,998,0,1,5,83,83,6,2,10,0,0,0,1,5,71973,6,1,8,0,3,3,72,185,0,0,0,0,0,0,0,0,0,0,38,0,0,0,2,2,99,1,1,7,1,0,0,1,98,1,1,1,98,1,0
5,50499,1,1,1,17,2,9,47,42,0,1,0,92,0,12,4,12004,2,1991,1FAPP6044MH1,1,F,A,P,P,6,0,4,4,M,H,1,0,P,FORD,THU,2D,91,17,3550,,0,1130,,G,,0,0,000000000,00000000000,0,0,0,1,0,0,0,0,0,0,0,998,0,0,0,11,11,6,2,42,0,0,0,1,5,71901,1,1,0,0,2,3,72,205,0,4,0,2,0,5,2008,11,2008,1,0,0,0,0,1,2,35,1,3,2,1,0,0,2,13,3,1,4,1,1,0
5,50500,1,1,1,22,3,0,42,42,0,1,0,5,1,7,20,7020,4,1998,1B3ES47C0WD7,1,B,3,E,S,4,7,C,0,W,D,7,0,P,DODG,NSL,4P,98,17,2537,,0,1040,,G,,0,0,000000000,00000000000,0,0,0,1,0,0,0,0,0,0,0,998,0,0,0,12,12,6,2,42,0,0,0,1,5,72205,6,1,0,0,3,0,66,162,0,0,0,0,0,0,0,0,0,0,99,99,99,99,1,4,35,1,3,2,2,3,3,1,12,3,1,4,6,1,1
5,50501,1,2,1,16,7,15,14,12,6,1,0,5,1,18,3,18003,4,2003,1G4CW54K8341,1,G,4,C,W,5,4,K,8,3,4,1,0,P,BUIC,PKA,4D,3,17,3778,,0,1138,,G,,0,0,000000000,00000000000,0,0,0,1,0,0,0,0,0,0,0,998,0,0,0,9,9,6,2,12,0,0,0,1,5,72450,6,1,0,0,3,3,66,130,0,0,0,0,0,0,0,0,0,0,38,0,0,0,1,3,30,1,1,2,1,20,3,11,15,1,1,1,82,1,0
5,50501,2,2,1,16,7,15,14,12,6,1,0,5,1,23,471,23471,30,1997,1GTCS1442VK5,1,G,T,C,S,1,4,4,2,V,K,5,0,T,GMC,SON,PK,97,17,,1,1179,1083,SON,G,,0,0,000000000,00000000000,0,0,0,1,0,0,0,0,0,0,0,998,0,0,0,12,12,6,2,12,0,0,0,1,5,72450,6,1,0,0,3,0,68,235,0,0,0,0,0,0,0,0,0,0,0,0,0,0,1,3,30,1,1,2,1,20,3,1,67,1,1,1,83,0,0
5,50502,1,1,1,22,7,11,57,38,0,1,0,5,1,72,706,72706,80,1999,1HD1CHP16XK1,1,H,D,1,C,H,P,1,6,X,K,1,0,M,HD,20S,RS,99,17,,,,,,,1200,0,0,000000000,00000000000,0,0,0,1,0,0,0,0,0,0,0,998,0,0,0,12,12,6,2,38,0,0,0,1,5,72823,6,1,0,0,3,0,73,215,0,0,0,0,0,0,0,0,0,0,99,99,99,99,1,2,55,2,1,2,1,0,0,14,13,1,1,4,1,1,0
5,50503,1,1,1,13,9,12,50,1,0,1,0,5,3,85,881,85881,66,1994,1XKADR9X7RS6,1,X,K,A,D,R,9,X,7,R,S,6,1,T,KW,T60,DS,94,17,,8,0,1600,CON,D,,1,57,1664593,571664593,3,6,8,1,0,0,0,0,0,0,0,998,0,2,5,0,0,6,2,1,0,0,0,1,5,72450,6,1,6,1,3,3,77,265,0,0,0,0,0,0,0,0,0,0,36,0,0,0,1,2,55,2,2,2,1,0,0,14,12,99,1,4,6,1,0
5,50504,1,2,1,17,9,21,10,12,2,1,0,5,1,12,471,12471,30,2003,1FTZR45E53PB,1,F,T,Z,R,4,5,E,5,3,P,B,0,T,FORD,RNS,4C,3,17,,1,0,1259,RNG,G,,0,0,000000000,00000000000,0,0,0,1,0,0,0,0,0,0,0,998,0,0,0,12,11,6,2,12,0,0,0,1,5,72034,6,1,0,0,3,0,71,160,0,0,0,0,0,0,0,0,0,0,28,0,0,0,1,2,55,1,1,2,1,0,0,1,10,1,1,2,50,1,1
5,50504,2,2,1,17,9,21,10,12,2,1,0,5,1,12,422,12422,15,1997,1FMFU18L8VLC,1,F,M,F,U,1,8,L,8,V,L,C,0,P,FORD,EPT,UT,97,17,4827,,0,1190,,G,,0,0,000000000,00000000000,0,0,0,1,0,0,0,0,0,0,0,998,0,0,0,12,11,6,2,12,0,0,0,1,5,72331,6,1,0,0,3,0,65,204,0,0,0,0,0,0,0,0,0,0,0,0,0,0,1,2,55,1,1,2,1,0,0,1,62,1,1,1,51,0,0
5,50505,1,2,3,3,8,21,27,12,6,1,0,92,0,20,401,20401,14,1998,1HNCS13W4W21,1,H,N,C,S,1,3,W,4,W,2,1,0,U,,,,98,17,,,,,,,,0,0,000000000,00000000000,0,0,0,1,0,0,0,0,0,0,0,998,0,0,0,11,1,6,2,12,0,0,0,1,5,72143,6,1,0,0,3,0,63,140,0,0,0,0,0,0,0,0,0,0,0,0,0,0,1,2,35,1,1,2,1,20,3,1,66,1,1,1,89,0,0
5,50505,2,2,1,3,8,21,27,12,6,1,0,92,0,98,739,98739,90,1999,4UF99AT59XT4,4,U,F,9,9,A,T,5,9,X,T,4,0,U,,,,99,17,,,,,,,,0,0,000000000,00000000000,0,0,0,1,0,0,0,0,0,0,0,998,0,0,0,12,12,6,2,12,0,0,0,1,5,72143,1,1,0,0,2,3,72,220,0,8,2,0,0,11,2008,6,2010,0,38,0,0,0,1,2,35,1,1,2,1,20,3,1,17,1,1,1,88,1,1
5,50506,1,2,1,3,6,8,36,12,1,1,0,5,1,20,471,20471,30,1996,1GCCS19X0T81,1,G,C,C,S,1,9,X,0,T,8,1,0,T,CHEV,S14,PC,96,17,,1,0,1229,S,G,,0,0,000000000,00000000000,0,0,0,1,0,0,0,0,0,0,0,998,0,1,6,6,98,6,2,42,0,0,0,1,5,71801,6,1,6,0,3,0,70,185,0,0,0,0,0,0,0,0,0,0,99,99,99,99,2,2,70,1,1,2,1,0,0,1,53,1,1,1,32,1,1
5,50506,2,2,4,3,6,8,36,12,1,1,1,48,1,20,421,20421,15,2007,1GNFC13087R3,1,G,N,F,C,1,3,0,8,7,R,3,0,P,CHEV,CTA,UT,7,17,5443,,0,1160,,F,,0,0,000000000,00000000000,0,0,0,1,0,0,0,0,0,0,0,998,0,0,0,12,12,6,2,12,0,0,0,1,48,78261,6,1,0,0,3,0,68,140,0,0,0,0,0,0,0,0,0,0,36,58,0,0,2,4,70,1,1,2,1,0,0,1,51,99,1,1,32,0,0
5,50507,1,1,1,4,7,4,30,34,0,1,0,92,0,6,42,6042,4,2000,2C3HC56G4YH1,2,C,3,H,C,5,6,G,4,Y,H,1,0,P,CHRY,LHS,4D,0,17,3477,,0,1130,,G,,0,0,000000000,00000000000,0,0,0,1,0,0,0,0,0,0,0,998,0,1,5,12,0,6,2,1,0,0,0,1,5,71701,6,1,0,0,3,0,74,240,0,0,0,0,0,0,0,0,0,0,58,0,0,0,1,2,55,2,2,2,1,0,0,14,13,7,1,4,1,1,0
5,50508,1,1,1,17,9,7,10,34,0,1,0,5,2,20,481,20481,31,1987,1GCDR14H8HS1,1,G,C,D,R,1,4,H,8,H,S,1,0,T,CHEV,R10,PK,87,17,,1,1315,1175,R10,G,,0,0,000000000,00000000000,0,0,0,1,0,0,0,0,0,0,0,998,0,1,5,98,0,6,2,1,0,0,0,1,5,72342,4,1,0,0,2,1,72,162,0,10,2,0,2,4,2010,5,2010,0,58,0,0,0,1,2,55,1,1,2,1,0,0,1,12,9,2,4,2,1,1
5,50510,1,1,1,22,12,13,12,42,0,1,0,5,1,14,6,14006,4,1996,2MELM74W3TX7,2,M,E,L,M,7,4,W,3,T,X,7,0,P,MERC,GMG,4D,96,17,3796,,0,1144,,G,,0,0,000000000,00000000000,0,0,0,1,0,0,0,0,0,0,0,998,0,0,0,3,98,6,2,42,0,0,0,1,5,71953,6,1,0,0,3,0,71,200,0,0,0,0,1,12,2010,12,2010,0,36,0,0,0,1,2,55,1,2,2,1,0,0,1,12,99,4,4,7,1,1
5,50511,1,1,1,26,12,16,32,24,0,1,0,5,3,37,32,37032,4,2007,1HGCM56847A1,1,H,G,C,M,5,6,8,4,7,A,1,0,P,HOND,UEX,4D,7,17,3228,,0,1079,,G,,0,0,000000000,00000000000,0,0,0,1,0,0,0,0,0,0,0,998,0,0,0,1,98,6,2,24,0,0,0,1,5,72227,6,1,0,0,3,3,66,180,1,0,0,1,1,5,2009,11,2010,0,99,99,99,99,6,1,45,2,2,1,1,0,0,14,13,1,1,4,1,1,0
5,50513,1,1,2,6,3,16,49,1,0,1,0,92,0,98,739,98739,90,9999,999999999999,9,9,9,9,9,9,9,9,9,9,9,9,0,U,,,,9,17,,,,,,,,0,0,000000000,00000000000,0,0,0,1,0,0,0,0,0,0,0,998,0,2,1,0,0,4,1,1,0,0,0,1,5,72601,6,1,0,0,3,0,62,120,0,0,0,0,0,0,0,0,0,9,83,0,0,0,1,2,35,1,1,2,1,0,0,1,87,7,1,2,98,1,0
5,50514,1,1,1,18,3,15,4,42,0,1,0,5,2,12,473,12473,30,2003,1FMZU67E33UA,1,F,M,Z,U,6,7,E,3,3,U,A,0,P,FORD,EPR,UT,3,17,3761,,0,1259,,G,,0,0,000000000,00000000000,0,0,0,1,0,0,0,0,0,0,0,998,0,1,6,11,11,6,2,1,0,0,0,1,5,71635,1,1,0,0,2,0,71,170,0,0,0,0,1,4,2009,4,2009,9,36,0,0,0,1,2,55,3,2,2,1,0,0,14,12,6,1,4,6,1,0
5,50515,1,1,1,23,4,22,57,9,0,1,0,5,1,13,12,13012,4,2002,1LNHM87A32Y6,1,L,N,H,M,8,7,A,3,2,Y,6,0,P,LINC,LLS,4D,2,17,3734,,0,1145,,G,,0,0,000000000,00000000000,0,0,0,1,0,0,0,0,0,0,0,998,0,0,0,12,12,4,8,9,0,0,0,1,5,72032,6,1,0,0,3,0,69,130,0,0,0,0,0,0,0,0,0,9,0,0,0,0,3,2,35,2,1,2,1,98,3,14,83,99,1,1,13,0,0
5,50516,1,1,1,8,6,9,50,72,0,1,0,5,6,12,481,12481,31,9999,999999999999,9,9,9,9,9,9,9,9,9,9,9,9,1,U,,,,9,17,,,,,,,,1,0,000000000,00000000000,0,0,0,1,0,0,0,0,0,0,0,998,0,1,6,0,0,4,1,1,0,0,0,0,,,,,,,,,999,,,,,,,,,,,,0,0,0,0,1,1,98,2,2,4,1,0,0,0,98,0,0,0,0,1,0
5,50517,1,1,2,12,6,18,17,8,0,1,0,5,1,37,32,37032,4,1994,1HGCD5653RA1,1,H,G,C,D,5,6,5,3,R,A,1,0,P,HOND,UER,4D,94,17,2908,,0,1069,,G,,0,0,000000000,00000000000,0,0,0,1,0,0,0,0,0,0,0,998,0,0,0,6,6,8,8,8,0,0,0,1,5,71652,6,1,0,0,3,0,67,150,0,0,0,0,1,6,2010,6,2010,0,0,0,0,0,1,1,98,1,1,4,1,0,0,13,80,1,1,1,98,0,0
5,50518,1,1,3,9,7,18,11,5,0,1,0,5,1,49,482,49482,31,2009,5TFRU54159X0,5,T,F,R,U,5,4,1,5,9,X,0,0,T,TOYT,DLS,CW,9,17,,2,0,1457,TUN,G,,0,0,000000000,00000000000,0,0,0,1,0,0,0,0,0,0,0,998,0,0,0,0,0,4,1,5,0,0,0,1,5,72956,6,1,0,0,3,3,68,225,1,0,0,0,0,6,2010,6,2010,0,99,99,99,99,1,3,55,3,1,2,1,0,0,14,98,1,1,1,0,1,0
5,50519,1,2,2,14,7,15,3,12,1,1,0,5,1,37,703,37703,88,2006,JH2MF02006K9,J,H,2,M,F,0,2,0,0,6,K,9,0,M,HOND,CN2,MS,6,17,,,,,,,244,0,0,000000000,00000000000,0,0,0,1,0,0,0,0,0,0,0,998,0,0,0,6,61,6,2,12,0,0,0,1,5,72058,6,1,6,0,3,0,71,185,0,0,0,0,1,3,2010,3,2010,9,0,0,0,0,1,2,55,1,1,2,1,0,0,2,18,1,1,1,29,1,0
5,50519,2,2,1,14,7,15,3,12,1,1,0,5,1,37,703,37703,88,2004,JH2MF06164K2,J,H,2,M,F,0,6,1,6,4,K,2,0,M,HOND,NS1,MS,4,17,,,,,,,249,0,0,000000000,00000000000,0,0,0,1,0,0,0,0,0,0,0,998,0,0,0,12,61,6,2,12,0,0,0,1,5,72058,6,1,6,0,3,3,64,130,0,0,0,0,0,0,0,0,0,9,36,0,0,0,1,2,55,1,1,2,1,0,0,1,52,99,1,1,28,0,0
5,50520,1,1,1,5,8,99,99,34,0,1,0,12,2,12,481,12481,31,1995,1FTEF14H4SNA,1,F,T,E,F,1,4,H,4,S,N,A,0,T,FORD,F15,PK,95,17,,2,1330,1170,COF,G,,0,0,000000000,00000000000,0,0,0,1,0,0,0,0,0,0,0,998,0,0,0,98,98,6,2,34,0,0,0,1,5,72461,6,1,0,0,3,0,62,190,0,0,0,0,0,0,0,0,0,9,99,99,99,99,1,2,30,1,1,2,1,0,0,1,13,99,1,4,1,1,0
5,50521,1,1,1,29,8,8,18,34,0,1,0,5,2,23,481,23481,31,1993,1GTDC14K1PZ5,1,G,T,D,C,1,4,K,1,P,Z,5,0,T,GMC,SC1,PK,93,17,,1,1315,1175,SIE,G,,0,0,000000000,00000000000,0,0,0,1,0,0,0,0,0,0,0,998,0,1,5,98,98,6,2,1,0,0,0,1,5,71663,1,1,0,0,2,0,61,165,0,0,0,0,0,0,0,0,0,9,99,99,99,99,1,2,98,1,9,4,1,99,8,1,9,99,1,4,6,1,1
8,80001,1,3,3,5,1,19,2,12,6,1,0,8,2,37,31,37031,2,1995,2HGEJ1129SH5,2,H,G,E,J,1,1,2,9,S,H,5,0,P,HOND,CEX,CP,95,17,2371,,0,1032,,G,,0,0,000000000,00000000000,0,0,0,1,0,0,0,0,0,0,0,64,0,0,0,12,3,6,2,12,0,0,0,1,8,80439,6,2,0,0,3,0,68,130,0,0,0,0,0,0,0,0,0,1,28,36,52,58,1,3,45,3,6,2,1,40,3,14,6,6,1,2,64,2,0
8,80001,2,3,1,5,1,19,2,12,6,1,0,56,1,18,402,18402,14,2004,5GADT13SX423,5,G,A,D,T,1,3,S,X,4,2,3,0,P,BUIC,RNR,UT,4,17,4600,,0,1130,,G,,0,0,000000000,00000000000,0,0,0,1,0,0,0,0,0,0,0,50,0,0,0,10,10,6,2,12,0,0,0,1,56,80421,6,1,0,0,3,1,66,130,1,0,0,3,0,7,2007,8,2009,0,0,0,0,0,1,3,45,1,5,2,1,40,3,1,62,1,1,1,65,0,0
8,80001,3,3,1,5,1,19,2,12,6,1,0,8,1,7,482,7482,31,1998,1B7KF2362WJ2,1,B,7,K,F,2,3,6,2,W,J,2,0,T,DODG,Q25,4C,98,17,,2,1547,1387,RPC,D,,0,0,000000000,00000000000,0,0,0,1,0,0,0,0,0,0,0,50,0,1,1,12,12,6,2,12,0,0,0,1,8,80470,6,1,0,0,3,0,68,120,0,0,0,0,0,0,0,0,0,0,0,0,0,0,1,3,45,1,5,2,1,40,3,1,62,1,1,1,98,0,0
8,80002,1,2,1,5,1,21,26,12,2,1,0,8,2,20,401,20401,14,1994,1GNDT13W7R01,1,G,N,D,T,1,3,W,7,R,0,1,0,P,CHEV,S10,UT,94,17,3811,,0,1070,,G,,0,0,000000000,00000000000,0,0,0,1,0,0,0,0,0,0,0,50,0,0,0,12,12,6,2,12,0,0,0,1,8,80226,2,1,0,0,2,3,65,131,0,4,0,1,1,1,2007,4,2009,1,28,0,0,0,5,5,35,1,1,2,1,0,0,1,10,1,1,2,50,0,1
8,80002,2,2,1,5,1,21,26,12,2,1,0,8,1,12,13,12013,6,1994,1FARP15J8RW1,1,F,A,R,P,1,5,J,8,R,W,1,0,P,FORD,EST,SW,94,17,2419,,0,984,,G,,0,0,000000000,00000000000,0,0,0,1,0,0,0,0,0,0,0,35,0,0,0,12,12,6,2,12,0,0,0,1,8,80226,4,1,0,0,2,0,65,157,0,1,0,0,0,6,2008,6,2008,0,0,0,0,0,5,5,35,1,1,2,1,0,0,1,62,1,1,1,51,1,0
8,80003,1,1,1,1,1,14,30,23,0,1,0,8,1,7,24,7024,4,2006,2B3KA53H86H3,2,B,3,K,A,5,3,H,8,6,H,3,0,P,DODG,CHR,4D,6,17,3995,,0,1200,,G,,0,0,000000000,00000000000,0,0,0,1,0,0,0,0,0,0,0,45,0,0,0,12,12,6,2,23,0,0,0,1,8,80541,6,1,0,0,3,1,72,200,0,0,0,0,0,0,0,0,0,0,92,0,0,0,1,2,45,1,5,1,1,28,3,1,13,1,1,4,1,1,0
8,80004,1,2,3,19,1,7,10,12,6,1,0,8,1,7,442,7442,20,2004,1D4GP25R94B5,1,D,4,G,P,2,5,R,9,4,B,5,0,P,DODG,CAR,SV,4,17,3672,,0,1133,,G,,0,0,000000000,00000000000,0,0,0,1,0,0,0,0,0,0,0,55,0,0,0,3,3,6,2,12,0,0,0,1,8,81641,6,1,0,0,3,0,65,112,0,0,0,0,0,0,0,0,0,1,28,87,0,0,1,2,55,2,1,2,4,0,0,14,6,8,4,2,64,1,0
8,80004,2,2,1,19,1,7,10,12,6,1,0,8,1,20,2,20002,4,2008,2G1WB58N7891,2,G,1,W,B,5,8,N,7,8,9,1,0,P,CHEV,IPL,4D,8,17,3555,,0,1105,,G,,0,0,000000000,00000000000,0,0,0,1,0,0,0,0,0,0,0,50,0,0,0,12,12,6,2,12,0,0,0,1,8,81648,6,1,0,0,3,0,63,130,0,0,0,1,0,10,2008,10,2008,0,0,0,0,0,1,2,55,1,1,2,4,0,0,1,62,8,2,1,65,0,0
8,80005,1,2,1,11,1,8,40,12,1,1,0,8,3,85,881,85881,66,1999,1XKWDB0X9XJ8,1,X,K,W,D,B,0,X,9,X,J,8,1,T,KW,W90,DS,99,17,,8,2850,1600,CON,D,,1,57,581934,57581934,3,6,4,1,0,0,0,0,0,0,0,70,0,0,0,12,12,6,2,12,0,0,1,1,8,80026,6,1,6,1,3,0,69,225,0,0,0,0,0,0,0,0,0,0,26,0,0,0,3,2,75,1,1,2,1,0,0,1,51,2,1,1,24,0,0
8,80005,2,2,1,11,1,8,40,12,1,1,0,8,2,6,41,6041,4,1993,2C3EL56TXPH5,2,C,3,E,L,5,6,T,X,P,H,5,0,P,CHRY,CND,4D,93,17,3235,,0,1130,,G,,0,0,000000000,00000000000,0,0,0,1,0,0,0,0,0,0,0,35,0,0,0,6,6,6,2,12,0,0,0,1,8,80010,6,7,0,0,3,2,65,130,0,0,0,0,0,0,0,0,0,0,52,73,0,0,3,2,75,1,1,2,1,0,0,1,53,1,1,1,25,1,0
8,80006,1,2,1,23,1,16,55,12,6,1,0,8,1,37,32,37032,4,1996,1HGCE6647TA0,1,H,G,C,E,6,6,4,7,T,A,0,0,P,HOND,ULE,4D,96,17,3118,,0,1069,,G,,0,0,000000000,00000000000,0,0,0,1,0,0,0,0,0,0,0,45,0,0,0,12,12,6,2,12,0,0,0,1,8,80128,6,1,0,0,3,3,63,145,0,0,0,0,0,0,0,0,0,0,28,0,0,0,3,4,40,1,1,2,1,2,3,1,13,2,2,7,90,1,0
8,80006,2,2,3,23,1,16,55,12,6,1,0,8,1,2,406,2406,14,2006,1J8HG58246C1,1,J,8,H,G,5,8,2,4,6,C,1,0,T,JEEP,LTD,4W,6,17,,2,0,1095,CMD,G,,0,0,000000000,00000000000,0,0,0,1,0,0,0,0,0,0,0,0,0,0,0,10,10,6,2,12,0,0,0,1,8,80123,6,1,0,0,3,0,72,210,0,0,0,1,0,11,2009,11,2009,0,0,0,0,0,1,3,40,1,1,2,1,2,3,5,64,1,1,1,90,0,0