STATE,ST_CASE,VEH_NO,VE_FORMS,NUMOCCS,DAY,MONTH,HOUR,MINUTE,HARM_EV,MAN_COLL,UNITTYPE,HIT_RUN,REG_STAT,OWNER,MAKE,MODEL,MAK_MOD,BODY_TYP,MOD_YEAR,VIN,VIN_1,VIN_2,VIN_3,VIN_4,VIN_5,VIN_6,VIN_7,VIN_8,VIN_9,VIN_10,VIN_11,VIN_12,TOW_VEH,VINTYPE,VINMAKE,VINA_MOD,VIN_BT,VINMODYR,VIN_LNGT,VIN_WGT,WGTCD_TR,WHLBS_LG,WHLBS_SH,SER_TR,FUELCODE,MCYCL_DS,J_KNIFE,MCARR_I1,MCARR_I2,MCARR_ID,GVWR,V_CONFIG,CARGO_BT,HAZ_INV,HAZ_PLAC,HAZ_ID,HAZ_CNO,HAZ_REL,BUS_USE,SPEC_USE,EMER_USE,TRAV_SP,UNDERIDE,ROLLOVER,ROLINLOC,IMPACT1,IMPACT2,DEFORMED,TOWED,M_HARM,VEH_SC1,VEH_SC2,FIRE_EXP,DR_PRES,L_STATE,DR_ZIP,L_STATUS,L_TYPE,CDL_STAT,L_ENDORS,L_COMPL,L_RESTRI,DR_HGT,DR_WGT,PREV_ACC,PREV_SUS,PREV_DWI,PREV_SPD,PREV_OTH,FIRST_MO,FIRST_YR,LAST_MO,LAST_YR,SPEEDREL,DR_SF1,DR_SF2,DR_SF3,DR_SF4,VTRAFWAY,VNUM_LAN,VSPD_LIM,VALIGN,VPROFILE,VPAVETYP,VSURCOND,VTRAFCON,VTCONT_F,P_CRASH1,P_CRASH2,P_CRASH3,PCRASH4,PCRASH5,ACC_TYPE,DEATHS,DR_DRINK
8,80007,1,3,2,29,1,19,20,1,0,1,0,8,2,20,481,20481,31,2004,1GCEK14V44Z2,1,G,C,E,K,1,4,V,4,4,Z,2,0,T,CHEV,SK1,PK,4,17,,2,1330,1190,SIL,G,,0,0,000000000,00000000000,0,0,0,1,0,0,0,0,0,0,0,72,0,2,3,0,12,6,2,1,0,0,0,1,8,80911,6,2,0,0,3,1,70,180,0,0,0,0,0,0,0,0,0,0,26,52,0,0,2,2,75,1,1,2,1,0,0,1,50,7,3,4,8,1,0
8,80007,2,3,3,29,1,19,20,1,0,1,0,8,1,18,18,18018,4,1996,1G4NJ52T7TC4,1,G,4,N,J,5,2,T,7,T,C,4,0,P,BUIC,SLG,4D,96,17,2948,,0,1034,,G,,0,0,000000000,00000000000,0,0,0,1,0,0,0,0,0,0,0,70,0,0,0,12,12,6,2,12,0,0,0,1,8,80905,6,1,0,0,3,0,68,150,0,2,0,0,0,1,2008,10,2008,0,0,0,0,0,2,2,75,1,1,2,1,0,0,1,62,1,1,1,98,0,0
8,80007,3,3,1,29,1,19,20,1,0,1,0,8,1,62,423,62423,15,2006,SALAD25456A3,S,A,L,A,D,2,5,4,5,6,A,3,0,T,LNDR,LRE,4W,6,17,,2,0,1136,LR3,G,,0,0,000000000,00000000000,0,0,0,1,0,0,0,0,0,0,0,70,0,0,0,9,9,6,2,12,0,0,0,1,8,39705,6,1,0,0,3,3,70,150,0,0,0,0,0,0,0,0,0,0,0,0,0,0,2,2,75,1,1,2,1,0,0,1,62,7,1,4,98,0,0
8,80008,1,1,1,25,1,0,30,35,0,1,0,56,1,48,34,48034,4,2008,4S3BL616X872,4,S,3,B,L,6,1,6,X,8,7,2,0,P,SUBA,25B,4D,8,17,3270,,0,1051,,G,,0,0,000000000,00000000000,0,0,0,1,0,0,0,0,0,0,0,75,0,1,5,14,13,6,2,1,0,0,0,1,56,82009,1,1,0,0,2,0,68,140,0,1,2,0,0,3,2009,8,2009,1,92,0,0,0,1,2,55,1,6,4,1,0,0,1,13,8,3,4,2,1,1
8,80009,1,2,1,24,1,17,48,8,0,1,0,8,1,49,471,49471,30,1991,JT4RN01P1M00,J,T,4,R,N,0,1,P,1,M,0,0,0,T,TOYT,SWD,PK,91,17,,1,0,1030,HTP,G,,0,0,000000000,00000000000,0,0,0,1,0,0,0,0,0,0,0,25,0,0,0,12,13,6,2,8,0,0,0,1,8,80215,6,1,0,0,3,1,71,200,0,0,0,1,0,3,2009,3,2009,0,0,0,0,0,3,3,35,1,1,2,1,0,0,1,80,1,1,1,13,0,0
8,80009,2,2,2,24,1,17,48,8,0,1,0,8,2,7,25,7025,5,2008,1B3HB48B08D7,1,B,3,H,B,4,8,B,0,8,D,7,0,P,DODG,CXT,4D,8,17,3039,,0,1037,,G,,0,0,000000000,00000000000,0,0,0,1,0,0,0,0,0,0,0,0,0,0,0,2,2,2,1,54,0,0,0,1,8,80214,6,1,0,0,3,3,70,140,0,1,0,0,0,10,2007,10,2007,0,0,0,0,0,3,3,35,1,1,2,1,0,0,5,80,1,1,1,98,0,0
8,80010,1,2,1,16,1,12,19,12,6,1,0,8,2,7,442,7442,20,1999,2B4FP25B3XR3,2,B,4,F,P,2,5,B,3,X,R,3,0,P,DODG,CAR,SV,99,17,3415,,0,1133,,G,,0,0,000000000,00000000000,0,0,0,1,0,0,0,0,0,0,0,10,0,0,0,10,10,4,1,12,0,0,0,1,8,80214,6,1,0,0,3,0,63,135,0,1,0,0,2,2,2008,8,2009,0,38,0,0,0,1,2,30,1,1,2,1,20,3,3,17,1,1,1,89,0,0
8,80010,2,2,1,16,1,12,19,12,6,1,0,8,1,72,706,72706,80,2000,1HD1GJV1XYY3,1,H,D,1,G,J,V,1,X,Y,Y,3,0,M,HD,FXX,RS,0,17,,,,,,,1450,0,0,000000000,00000000000,0,0,0,1,0,0,0,0,0,0,0,30,0,0,0,12,12,6,2,12,0,0,0,1,8,80226,6,1,0,0,2,3,70,220,0,0,0,0,0,0,0,0,0,0,0,0,0,0,1,2,30,1,1,2,1,0,0,1,66,6,1,2,88,1,0
8,80011,1,1,1,27,1,0,1,31,0,1,0,8,1,2,404,2404,14,1999,1J4GW68N5XC7,1,J,4,G,W,6,8,N,5,X,C,7,0,T,JEEP,LMT,4W,99,17,,1,0,1059,GCK,G,,0,0,000000000,00000000000,0,0,0,1,0,0,0,0,0,0,0,50,0,2,6,12,12,6,2,1,0,0,0,1,8,80206,6,1,0,0,3,3,71,256,0,0,0,0,0,0,0,0,0,0,53,92,0,0,1,2,45,2,1,2,1,40,3,14,12,9,1,4,6,1,1
8,80012,1,1,1,28,1,7,26,1,0,1,0,8,3,49,472,49472,30,2005,5TEUU42N25Z0,5,T,E,U,U,4,2,N,2,5,Z,0,0,T,TOYT,ACC,PC,5,17,,1,0,1219,TAC,G,,0,0,000000000,00000000000,0,0,0,1,0,0,0,0,0,0,0,75,0,2,3,0,0,6,2,1,0,0,0,1,8,80701,6,1,0,0,3,0,66,140,0,0,0,1,0,6,2009,6,2009,1,87,0,0,0,2,2,75,1,5,2,4,0,0,1,5,7,3,4,7,1,0
8,80013,1,1,1,30,1,14,15,43,0,1,0,8,3,82,881,82881,62,2003,1FVABLCTX3DL,1,F,V,A,B,L,C,T,X,3,D,L,0,T,FRHT,F50,CC,3,17,,6,0,0,MCV,D,,0,57,769747,57769747,2,1,3,1,0,0,0,0,0,0,0,55,0,1,6,12,12,6,2,43,0,0,0,1,8,80229,6,1,0,0,3,3,70,185,1,0,0,1,2,1,2008,1,2010,0,0,0,0,0,1,2,55,1,1,2,1,0,0,1,13,8,4,4,7,1,0
8,80014,1,2,1,30,1,7,24,12,1,1,0,8,1,14,401,14401,14,1999,4M2DU54E5XUJ,4,M,2,D,U,5,4,E,5,X,U,J,0,P,MERC,MOU,UT,99,17,4113,,0,1120,,G,,0,0,000000000,00000000000,0,0,0,1,0,0,0,0,0,0,0,65,0,0,0,12,12,6,2,12,0,0,0,1,8,80219,6,1,0,0,3,3,69,158,0,0,0,0,1,1,2009,1,2009,0,26,0,0,0,3,3,65,1,1,2,1,0,0,1,50,1,1,1,20,1,0
8,80014,2,2,2,30,1,7,24,12,1,1,0,8,2,20,481,20481,31,1996,1GCEK19R2TE2,1,G,C,E,K,1,9,R,2,T,E,2,0,T,CHEV,GK1,PC,96,17,,2,1555,1415,GM4,G,,0,0,000000000,00000000000,0,0,0,1,0,0,0,0,0,0,0,0,0,0,0,6,6,6,2,12,0,0,0,1,8,80220,6,1,0,0,3,0,64,140,0,0,0,0,0,0,0,0,0,0,54,0,0,0,3,3,65,1,1,2,1,0,0,7,3,1,1,1,21,0,0
8,80015,1,2,1,30,1,21,10,12,1,1,0,92,0,49,40,49040,4,2001,JT2BF22K2103,J,T,2,B,F,2,2,K,2,1,0,3,0,P,TOYT,CXL,4D,1,17,3175,,0,1051,,G,,0,0,000000000,00000000000,0,0,0,1,0,0,0,0,0,0,0,58,1,0,0,12,13,6,2,12,0,0,0,1,8,80104,6,1,0,0,3,0,70,190,0,0,0,0,0,0,0,0,0,0,26,0,0,0,2,3,55,1,1,2,1,2,3,1,50,1,1,1,20,1,1
8,80015,2,2,1,30,1,21,10,12,1,1,0,8,3,84,881,84881,66,1995,2HSFLAHN4SC0,2,H,S,F,L,A,H,N,4,S,C,0,1,T,INTL,920,CC,95,17,,7,0,0,920,D,,1,88,888888888,88888888888,3,6,1,1,0,0,0,0,0,0,0,0,0,0,0,6,6,2,3,12,35,0,0,1,96,0,9,9,99,3,9,9,999,999,99,99,99,99,99,99,9999,99,9999,0,0,0,0,0,2,3,55,1,1,2,1,2,3,5,53,1,1,1,21,0,0
8,80016,1,2,2,4,2,17,58,12,6,1,0,8,2,37,31,37031,4,2004,1HGES267X4L0,1,H,G,E,S,2,6,7,X,4,L,0,0,P,HOND,UAX,4D,4,17,2668,,0,1031,,G,,0,0,000000000,00000000000,0,0,0,1,0,0,0,0,0,0,0,10,0,0,0,10,10,6,2,12,0,0,0,1,8,80504,6,2,0,0,3,0,69,150,0,0,0,0,0,0,0,0,0,0,39,0,0,0,1,2,35,1,1,2,1,20,3,11,17,1,1,1,82,1,0
8,80016,2,2,1,4,2,17,58,12,6,1,0,8,1,2,405,2405,14,2002,1J4GL48KX2W3,1,J,4,G,L,4,8,K,X,2,W,3,0,T,JEEP,SPR,4W,2,17,,1,0,1043,LIB,G,,0,0,000000000,00000000000,0,0,0,1,0,0,0,0,0,0,0,50,0,0,0,12,12,6,2,12,0,0,0,1,8,80027,6,1,0,0,3,1,67,140,0,0,0,0,0,0,0,0,0,0,0,0,0,0,1,2,50,1,1,2,1,0,0,1,67,8,1,1,83,0,0
8,80017,1,2,5,8,2,8,5,31,0,1,0,12,1,12,481,12481,31,2004,1FTPX04564KC,1,F,T,P,X,0,4,5,6,4,K,C,0,T,FORD,F15,4C,4,17,,2,1450,1260,COF,G,,0,0,000000000,00000000000,0,0,0,1,0,0,0,0,0,0,0,70,1,0,0,82,13,6,2,12,0,0,0,1,16,32724,6,1,0,0,3,0,67,150,0,0,0,0,1,2,2008,2,2008,1,52,87,0,0,2,2,75,1,1,1,4,40,3,1,5,1,4,4,7,2,0
8,80017,2,2,1,8,2,8,5,31,0,1,0,8,3,85,881,85881,66,1993,1XKDD69X3PS6,1,X,K,D,D,6,9,X,3,P,S,6,1,T,KW,T80,DS,93,17,,8,2600,1600,CON,D,,1,57,888221,57888221,3,6,4,1,0,0,0,0,0,0,0,60,0,0,0,8,8,6,2,12,0,0,0,1,8,80513,6,1,6,1,3,1,72,250,0,0,0,0,0,0,0,0,0,0,0,0,0,0,2,2,75,1,1,1,4,40,3,1,64,1,1,1,98,0,0
8,80018,1,2,1,10,2,16,4,12,2,1,0,8,3,85,881,85881,63,1974,140532,1,4,0,5,3,2,,,,,,,0,P,,,,12,,,,,,,,,0,57,0386369,570386369,3,2,97,1,0,0,0,0,0,0,0,40,0,1,5,12,12,6,2,12,0,0,0,1,8,81321,6,1,6,1,3,0,73,200,0,2,0,2,2,3,2007,1,2009,0,28,0,0,0,1,2,40,1,3,4,1,0,0,1,10,9,1,2,50,0,0
8,80018,2,2,3,10,2,16,4,12,2,1,0,8,1,12,13,12013,4,2001,3FAFP13P11R1,3,F,A,F,P,1,3,P,1,1,R,1,0,P,FORD,ESC,4D,1,17,2454,,0,984,,G,,0,0,000000000,00000000000,0,0,0,1,0,0,0,0,0,0,0,40,0,0,0,12,12,6,2,12,0,0,0,1,8,81331,6,1,0,0,3,0,74,250,0,0,0,0,0,0,0,0,0,0,0,0,0,0,1,2,40,1,3,4,1,0,0,1,62,9,1,1,51,1,0
8,80019,1,1,2,11,2,12,58,10,0,1,0,8,2,41,35,41035,4,2000,JM1BJ2229Y02,J,M,1,B,J,2,2,2,9,Y,0,2,0,P,MAZD,PDL,4D,0,17,2434,,0,1028,,G,,0,0,000000000,00000000000,0,0,0,1,0,0,0,0,0,0,0,20,0,1,6,10,10,6,2,10,0,0,0,1,8,80758,6,1,0,0,3,3,66,180,0,0,0,0,0,0,0,0,0,0,38,0,0,0,1,2,55,1,1,4,1,65,3,1,98,2,1,1,15,2,0
8,80020,1,1,1,12,2,22,5,8,0,1,0,8,1,23,422,23422,15,2004,1GKEK13ZX4J1,1,G,K,E,K,1,3,Z,X,4,J,1,0,T,GMC,YUK,4W,4,17,,2,0,1160,YUK,F,,0,0,000000000,00000000000,0,0,0,1,0,0,0,0,0,0,0,40,0,0,0,12,12,6,2,8,0,0,0,1,8,80003,6,1,0,0,3,1,65,170,0,0,0,0,0,0,0,0,0,0,0,0,0,0,2,2,40,1,1,2,1,2,3,1,80,1,1,1,13,0,0
8,80021,1,1,1,13,2,15,15,59,0,1,0,8,1,98,706,98706,80,2003,4MZSX12J1334,4,M,Z,S,X,1,2,J,1,3,3,4,0,U,,,,3,17,,,,,,,,0,0,000000000,00000000000,0,0,0,1,0,0,0,0,0,0,0,95,0,0,0,12,12,6,2,1,0,0,0,1,8,80010,6,1,0,0,3,1,64,125,0,0,0,0,0,0,0,0,0,1,0,0,0,0,6,1,65,2,6,2,1,0,0,14,6,1,1,4,6,1,1
8,80022,1,2,3,13,2,18,25,12,6,1,0,8,1,35,402,35402,14,2004,5N1ED28Y64C6,5,N,1,E,D,2,8,Y,6,4,C,6,0,P,NISS,XTR,UT,4,17,3924,,0,1043,,G,,0,0,000000000,00000000000,0,0,0,1,0,0,0,0,0,0,0,40,0,0,0,3,3,6,2,12,0,0,0,1,8,80477,6,1,0,0,3,0,60,110,0,0,0,0,0,0,0,0,0,0,87,0,0,0,1,2,55,1,5,2,4,0,0,1,5,7,4,2,64,1,0
8,80022,2,2,2,13,2,18,25,12,6,1,0,8,1,7,482,7482,31,2005,3D7KS28C65G7,3,D,7,K,S,2,8,C,6,5,G,7,0,T,DODG,SQ2,CW,5,17,,2,1605,1405,RPC,D,,0,0,000000000,00000000000,0,0,0,1,0,0,0,0,0,0,0,40,0,0,0,12,12,6,2,12,0,0,0,1,8,81625,6,1,6,0,3,0,71,180,0,0,0,0,0,0,0,0,0,0,0,0,0,0,1,2,55,1,6,2,4,0,0,1,62,2,1,1,65,0,0
8,80023,1,2,3,14,2,2,13,12,6,1,0,8,2,12,481,12481,31,1999,1FTRX18L3XKB,1,F,T,R,X,1,8,L,3,X,K,B,0,T,FORD,F15,4C,99,17,,2,1574,1388,COF,G,,0,0,000000000,00000000000,0,0,0,1,0,0,0,0,0,0,0,998,0,0,0,82,82,6,2,12,0,0,0,1,45,80906,6,1,0,0,3,0,73,200,0,0,0,0,0,0,0,0,0,0,38,0,0,0,1,4,40,1,1,2,1,2,3,11,15,1,1,2,68,0,1
8,80023,2,2,4,14,2,2,13,12,6,1,0,8,2,14,4,14004,2,1994,1MELM62W6RH6,1,M,E,L,M,6,2,W,6,R,H,6,0,P,MERC,XR7,2D,94,17,3564,,0,1130,,G,,0,0,000000000,00000000000,0,0,0,1,0,0,0,0,0,0,0,998,0,0,0,12,12,6,2,12,0,0,0,1,8,80910,0,0,0,0,0,0,999,999,0,0,0,0,0,0,0,0,0,9,92,0,0,0,1,4,40,1,1,2,1,2,3,1,62,1,1,1,69,1,1
8,80024,1,3,2,15,2,22,39,12,6,1,1,8,2,41,471,41471,30,1995,4F4CR17U5STM,4,F,4,C,R,1,7,U,5,S,T,M,0,T,MAZD,3CP,PC,95,17,,1,0,1254,B30,G,,0,0,000000000,00000000000,0,0,0,1,0,0,0,0,0,0,0,998,0,1,1,12,12,6,2,12,0,0,0,1,8,80204,1,1,0,0,2,0,64,175,0,2,0,0,2,9,2008,1,2009,1,39,0,0,0,1,2,25,1,1,2,1,2,3,1,17,1,1,1,88,0,1
8,80024,2,3,1,15,2,22,39,12,6,1,0,8,1,20,10,20010,2,1986,1G1GZ37H1GR1,1,G,1,G,Z,3,7,H,1,G,R,1,0,P,CHEV,MOC,CP,86,17,3078,,0,1081,,G,,0,0,000000000,00000000000,0,0,0,1,0,0,0,0,0,0,0,998,0,0,0,8,8,6,2,12,0,0,0,1,8,80214,6,2,0,0,3,0,63,120,0,0,0,0,1,1,2010,1,2010,0,0,0,0,0,1,2,30,1,1,2,1,2,3,1,66,1,1,1,89,1,0
8,80024,3,3,1,15,2,22,39,12,6,1,0,8,1,20,2,20002,4,2004,2G1WH52K6492,2,G,1,W,H,5,2,K,6,4,9,2,0,P,CHEV,IPL,4D,4,17,3466,,0,1105,,G,,0,0,000000000,00000000000,0,0,0,1,0,0,0,0,0,0,0,998,0,0,0,1,1,4,1,12,0,0,0,1,8,80211,6,1,0,0,3,0,66,180,0,1,0,1,0,4,2007,6,2009,0,0,0,0,0,1,2,25,1,1,2,1,2,3,1,62,6,1,1,98,0,0
8,80025,1,1,1,20,2,16,17,1,0,1,0,8,1,13,421,13421,15,1998,5LMPU28L8WLJ,5,L,M,P,U,2,8,L,8,W,L,J,0,P,LINC,NAV,UT,98,17,5557,,0,1190,,G,,0,0,000000000,00000000000,0,0,0,1,0,0,0,0,0,0,0,70,0,2,1,0,0,6,2,1,0,0,0,1,8,81133,6,1,0,0,3,0,63,119,0,0,0,1,1,8,2007,9,2008,0,58,0,0,0,1,2,65,1,1,2,1,0,0,1,13,6,1,6,98,1,0
8,80026,1,1,3,21,2,8,57,1,0,1,0,8,1,53,402,53402,14,1999,2S3TD52V1X61,2,S,3,T,D,5,2,V,1,X,6,1,0,P,SUZI,VIT,UT,99,17,2987,,0,976,,G,,0,0,000000000,00000000000,0,0,0,1,0,0,0,0,0,0,0,60,0,2,5,0,0,6,2,1,0,0,0,1,8,80741,6,1,6,0,3,0,64,175,0,0,0,2,0,2,2009,3,2009,1,87,0,0,0,1,2,65,1,1,2,4,0,0,1,5,1,3,4,7,1,0
8,80027,1,1,2,23,2,19,46,42,0,1,0,8,1,22,9,22009,2,2002,2G2FV22G0221,2,G,2,F,V,2,2,G,0,2,2,1,0,P,PONT,FTA,2H,2,17,3452,,0,1011,,G,,0,0,000000000,00000000000,0,0,0,1,0,0,0,0,0,0,0,45,0,0,0,9,9,6,2,42,0,0,0,1,8,80228,6,1,0,0,3,0,70,170,0,0,0,0,0,0,0,0,0,1,87,0,0,0,1,2,30,1,1,2,4,0,0,1,5,2,3,4,2,1,0
8,80028,1,1,1,27,2,12,45,1,0,1,0,8,1,35,47,35047,4,2000,1N4DL01D5YC1,1,N,4,D,L,0,1,D,5,Y,C,1,0,P,NISS,AGS,4D,0,17,2754,,0,1031,,G,,0,0,000000000,00000000000,0,0,0,1,0,0,0,0,0,0,0,40,0,2,5,0,0,6,2,1,0,0,0,1,8,80910,6,1,0,0,3,0,62,190,0,0,0,0,0,0,0,0,0,1,87,0,0,0,1,2,40,2,6,2,3,0,0,14,5,1,3,4,7,1,0
8,80029,1,2,3,2,2,7,18,12,6,1,0,8,2,6,44,6044,4,1998,1C3EJ56H5WN1,1,C,3,E,J,5,6,H,5,W,N,1,0,P,CHRY,CLI,4D,98,17,3117,,0,1080,,G,,0,0,000000000,00000000000,0,0,0,1,0,0,0,0,0,0,0,15,0,0,0,9,9,6,2,12,0,0,0,1,8,80631,0,0,0,0,0,0,999,999,0,0,0,0,0,0,0,0,0,0,38,92,0,0,1,2,35,1,1,2,1,20,3,11,15,1,1,1,82,1,0
8,80029,2,2,1,2,2,7,18,12,6,1,0,8,3,84,981,84981,50,2000,1HVBBAAN6YH2,1,H,V,B,B,A,A,N,6,Y,H,2,0,T,INTL,380,BU,0,17,,7,2760,1520,30S,D,,0,88,888888888,88888888888,3,21,22,1,0,0,0,0,1,0,0,30,0,0,0,12,12,6,2,12,0,0,0,1,8,80634,6,1,6,1,3,0,68,155,0,0,0,0,0,0,0,0,0,0,0,0,0,0,1,2,35,1,1,2,1,0,0,1,72,9,1,1,83,0,0
8,80030,1,2,1,26,2,7,6,12,6,1,0,8,5,49,32,49032,4,2009,JTDBL40E69J0,J,T,D,B,L,4,0,E,6,9,J,0,0,P,TOYT,CLB,4D,9,17,2723,,0,1024,,G,,0,0,000000000,00000000000,0,0,0,1,0,0,0,0,0,0,0,55,0,0,0,3,3,6,2,12,0,0,0,1,8,80031,0,0,0,0,0,0,70,180,0,0,0,0,0,0,0,0,0,1,87,0,0,0,1,2,45,3,6,2,4,0,0,14,6,1,4,2,64,1,0
8,80030,2,2,2,26,2,7,6,12,6,1,0,8,1,48,45,48045,6,2009,4S4BP66C6973,4,S,4,B,P,6,6,C,6,9,7,3,0,P,SUBA,O2L,SW,9,17,3481,,0,1051,,G,,0,0,000000000,00000000000,0,0,0,1,0,0,0,0,0,0,0,2,0,0,0,12,12,6,2,12,0,0,0,1,8,80108,6,1,0,0,3,0,61,120,0,0,0,0,1,12,2009,12,2009,0,0,0,0,0,1,2,45,2,5,2,4,0,0,14,62,2,1,1,65,0,0
8,80031,1,1,1,20,2,3,25,8,0,1,0,8,1,23,401,23401,14,2005,1GKDT13S1523,1,G,K,D,T,1,3,S,1,5,2,3,0,T,GMC,ENV,4W,5,17,,1,0,1130,ENV,G,,0,0,000000000,00000000000,0,0,0,1,0,0,0,0,0,0,0,45,0,0,0,12,12,4,3,8,0,0,0,1,8,80631,6,1,0,0,3,3,60,155,0,0,0,1,1,12,2007,6,2009,0,0,0,0,0,2,2,50,1,1,2,1,0,0,1,80,1,1,1,13,0,0
8,80032,1,1,1,20,2,20,54,33,0,1,0,8,1,12,13,12013,4,1992,3FAPP13J3NR1,3,F,A,P,P,1,3,J,3,N,R,1,0,P,FORD,LXE,4D,92,17,2364,,0,984,,G,,0,0,000000000,00000000000,0,0,0,1,0,0,0,0,0,0,0,40,0,0,0,14,12,6,2,46,0,0,0,1,8,80465,6,1,0,0,3,3,68,154,0,0,0,0,0,0,0,0,0,0,0,0,0,0,3,3,45,1,6,2,3,2,3,10,5,1,1,4,6,1,0
8,80033,1,3,2,22,2,18,13,12,2,1,0,8,1,21,21,21021,4,1992,1G3NL5435NM4,1,G,3,N,L,5,4,3,5,N,M,4,0,P,OLDS,ACS,4D,92,17,2704,,0,1034,,G,,0,0,000000000,00000000000,0,0,0,1,0,0,0,0,0,0,0,15,0,0,0,12,12,6,2,12,0,0,0,1,8,80026,6,1,0,0,3,1,63,130,0,0,0,0,0,0,0,0,0,0,38,0,0,0,3,2,50,1,1,1,1,2,3,11,15,7,1,1,68,1,0
8,80033,2,3,2,22,2,18,13,12,2,1,0,8,2,49,442,49442,20,1999,4T3GF19C1XU1,4,T,3,G,F,1,9,C,1,X,U,1,0,P,TOYT,SIE,SV,99,17,3665,,0,1142,,G,,0,0,000000000,00000000000,0,0,0,1,0,0,0,0,0,0,0,50,0,0,0,12,12,6,2,12,0,0,0,1,8,80621,6,1,0,0,3,0,70,150,0,0,0,0,1,6,2009,6,2009,0,0,0,0,0,3,2,50,1,1,1,1,2,3,1,62,2,1,1,69,0,0
8,80033,3,3,2,22,2,18,13,12,2,1,0,8,1,20,481,20481,31,2003,2GCEK19T9311,2,G,C,E,K,1,9,T,9,3,1,1,0,T,CHEV,SK1,4C,3,17,,2,1575,1435,SIL,G,,0,0,000000000,00000000000,0,0,0,1,0,0,0,0,0,0,0,0,0,0,0,10,10,4,1,12,0,0,0,1,8,80534,6,1,0,0,3,0,70,184,0,0,0,0,0,0,0,0,0,0,0,0,0,0,1,4,25,1,1,2,1,2,3,5,66,1,1,1,98,0,0
8,80034,1,2,3,13,2,5,20,12,2,1,0,8,1,32,43,32043,4,2002,WAULC68E62A2,W,A,U,L,C,6,8,E,6,2,A,2,0,P,AUDI,41Q,4D,2,17,3311,,0,1043,,G,,0,0,000000000,00000000000,0,0,0,1,0,0,0,0,0,0,0,80,0,0,0,12,12,6,2,12,0,0,0,1,12,32968,6,1,0,0,3,3,67,999,0,1,0,0,0,5,2007,5,2007,1,28,0,0,0,1,2,60,2,1,2,1,0,0,14,10,1,1,2,50,2,1
8,80034,2,2,1,13,2,5,20,12,2,1,0,8,3,12,481,12481,31,2000,1FDWX37F5YEC,1,F,D,W,X,3,7,F,5,Y,E,C,0,T,FORD,F3D,4B,0,17,,3,0,1620,DRW,D,,0,57,0994319,570994319,2,1,3,1,0,0,0,0,0,0,0,60,0,0,0,12,12,6,2,12,0,0,0,1,8,81212,6,1,0,0,3,0,70,280,1,0,0,0,0,7,2007,7,2007,0,0,0,0,0,1,2,60,3,1,2,1,0,0,14,62,1,1,1,51,0,0
8,80035,1,2,2,3,3,15,55,12,1,1,0,8,1,7,442,7442,20,2005,1D4GP24R15B1,1,D,4,G,P,2,4,R,1,5,B,1,0,P,DODG,CAR,SV,5,17,3867,,0,1193,,G,,0,0,000000000,00000000000,0,0,0,1,0,0,0,0,0,0,0,65,0,0,0,12,12,6,2,12,0,0,0,1,8,81063,6,1,0,0,3,0,61,135,0,0,0,0,0,0,0,0,0,0,26,0,0,0,3,2,65,1,1,2,1,0,0,1,51,8,1,1,24,0,0
8,80035,2,2,1,3,3,15,55,12,1,1,0,92,0,98,998,98998,92,1978,RW4440H00475,R,W,4,4,4,0,H,0,0,4,7,5,0,P,,,,,,,,,,,,,0,0,000000000,00000000000,0,0,0,1,0,0,0,0,0,0,0,18,0,1,5,6,6,6,2,12,0,0,0,1,8,81022,6,1,0,0,1,0,73,235,0,0,0,0,0,0,0,0,0,0,0,0,0,0,3,2,65,1,1,2,1,0,0,1,53,1,1,1,25,1,0
8,80036,1,1,2,4,3,0,45,59,0,1,0,56,1,24,2,24002,2,1997,1G8ZF1288VZ3,1,G,8,Z,F,1,2,8,8,V,Z,3,0,P,STRN,SC1,CP,97,17,2281,,0,1024,,G,,0,0,000000000,00000000000,0,0,0,1,0,0,0,0,0,0,0,75,0,2,1,10,10,6,2,1,0,0,0,1,56,82003,6,1,0,0,3,1,67,240,0,0,0,1,1,12,2007,4,2009,0,58,0,0,0,2,2,75,2,1,1,1,28,3,14,12,9,1,4,6,1,0
8,80037,1,1,3,6,3,10,25,48,0,1,0,29,3,7,482,7482,31,2006,1D7KS28C06J2,1,D,7,K,S,2,8,C,0,6,J,2,0,T,DODG,SQ2,CW,6,17,,2,1605,1405,RPC,D,,0,0,000000000,00000000000,0,0,0,1,0,0,0,0,0,0,0,65,0,1,5,11,11,6,2,1,0,0,0,1,29,65669,6,1,0,0,3,0,70,150,0,0,0,1,0,5,2008,5,2008,1,53,87,0,0,3,2,65,2,6,2,10,28,3,14,5,1,3,4,2,1,0
8,80038,1,1,1,9,3,13,47,9,0,1,0,8,1,49,472,49472,30,2005,5TEUU42N15Z0,5,T,E,U,U,4,2,N,1,5,Z,0,0,T,TOYT,ACC,PC,5,17,,1,0,1219,TAC,G,,0,0,000000000,00000000000,0,0,0,1,0,0,0,0,0,0,0,5,0,0,0,12,12,2,1,9,0,0,0,1,8,80013,6,1,0,0,3,3,74,150,0,0,0,0,0,0,0,0,0,0,38,0,0,0,1,2,30,1,1,2,1,2,3,10,83,1,1,1,13,0,0
8,80039,1,1,1,9,3,23,57,53,0,1,0,8,1,59,402,59402,14,2005,JTJBT20X1500,J,T,J,B,T,2,0,X,1,5,0,0,0,P,LEXS,GX7,UT,5,17,4740,,0,1098,,G,,0,0,000000000,00000000000,0,0,0,1,0,0,0,0,0,0,0,55,0,0,0,12,12,6,2,42,0,0,0,1,8,80303,6,1,0,0,3,0,64,120,0,0,0,0,0,0,0,0,0,1,0,0,0,0,1,2,40,1,1,2,1,28,3,1,12,1,1,4,6,1,1
8,80040,1,2,1,9,3,9,33,12,6,1,0,8,1,35,401,35401,14,1994,JN8HD17Y9RW2,J,N,8,H,D,1,7,Y,9,R,W,2,0,P,NISS,PFI,UT,94,17,3772,,0,1043,,G,,0,0,000000000,00000000000,0,0,0,1,0,0,0,0,0,0,0,38,0,0,0,12,12,6,2,12,0,0,0,1,8,80239,6,1,0,0,3,0,69,150,0,0,0,0,0,0,0,0,0,0,39,0,0,0,3,2,40,1,1,1,1,2,3,1,17,1,1,1,88,0,0