STATE,ST_CASE,VEH_NO,VE_FORMS,NUMOCCS,DAY,MONTH,HOUR,MINUTE,HARM_EV,MAN_COLL,UNITTYPE,HIT_RUN,REG_STAT,OWNER,MAKE,MODEL,MAK_MOD,BODY_TYP,MOD_YEAR,VIN,VIN_1,VIN_2,VIN_3,VIN_4,VIN_5,VIN_6,VIN_7,VIN_8,VIN_9,VIN_10,VIN_11,VIN_12,TOW_VEH,VINTYPE,VINMAKE,VINA_MOD,VIN_BT,VINMODYR,VIN_LNGT,VIN_WGT,WGTCD_TR,WHLBS_LG,WHLBS_SH,SER_TR,FUELCODE,MCYCL_DS,J_KNIFE,MCARR_I1,MCARR_I2,MCARR_ID,GVWR,V_CONFIG,CARGO_BT,HAZ_INV,HAZ_PLAC,HAZ_ID,HAZ_CNO,HAZ_REL,BUS_USE,SPEC_USE,EMER_USE,TRAV_SP,UNDERIDE,ROLLOVER,ROLINLOC,IMPACT1,IMPACT2,DEFORMED,TOWED,M_HARM,VEH_SC1,VEH_SC2,FIRE_EXP,DR_PRES,L_STATE,DR_ZIP,L_STATUS,L_TYPE,CDL_STAT,L_ENDORS,L_COMPL,L_RESTRI,DR_HGT,DR_WGT,PREV_ACC,PREV_SUS,PREV_DWI,PREV_SPD,PREV_OTH,FIRST_MO,FIRST_YR,LAST_MO,LAST_YR,SPEEDREL,DR_SF1,DR_SF2,DR_SF3,DR_SF4,VTRAFWAY,VNUM_LAN,VSPD_LIM,VALIGN,VPROFILE,VPAVETYP,VSURCOND,VTRAFCON,VTCONT_F,P_CRASH1,P_CRASH2,P_CRASH3,PCRASH4,PCRASH5,ACC_TYPE,DEATHS,DR_DRINK
8,80040,2,2,1,9,3,9,33,12,6,1,0,8,1,18,20,18020,4,2000,2G4WB55K3Y12,2,G,4,W,B,5,5,K,3,Y,1,2,0,P,BUIC,RLS,4D,0,17,3438,,0,1090,,G,,0,0,000000000,00000000000,0,0,0,1,0,0,0,0,0,0,0,45,0,0,0,9,9,6,2,12,0,0,0,1,8,80017,6,1,0,0,3,1,68,150,0,0,0,1,1,3,2008,8,2009,1,0,0,0,0,4,2,30,1,1,1,1,2,3,1,66,1,1,1,89,1,0
8,80041,1,4,2,15,3,10,0,12,7,1,0,8,1,7,402,7402,14,2003,1D4HS38N63F5,1,D,4,H,S,3,8,N,6,3,F,5,0,P,DODG,DUR,UT,3,17,4497,,0,1160,,G,,0,0,000000000,00000000000,0,0,0,1,0,0,0,0,0,0,0,55,0,0,0,2,3,6,2,12,0,0,0,1,8,81007,6,1,0,0,3,0,70,190,0,0,0,0,0,0,0,0,0,1,87,0,0,0,1,3,65,1,6,2,4,0,0,6,6,6,1,2,46,2,0
8,80041,2,4,2,15,3,10,0,12,7,1,0,8,1,12,481,12481,31,2008,1FTWW31R38EA,1,F,T,W,W,3,1,R,3,8,E,A,0,T,FORD,F3S,CW,8,17,,3,1720,1560,SRW,D,,0,0,000000000,00000000000,0,0,0,1,0,0,0,0,0,0,0,40,0,0,0,7,7,2,1,12,0,0,0,1,8,81005,6,1,0,0,3,0,72,150,0,0,0,0,0,0,0,0,0,0,0,0,0,0,1,3,65,1,6,2,4,0,0,1,53,7,1,1,45,0,0
8,80041,3,4,2,15,3,10,0,12,7,1,0,8,1,7,482,7482,31,2004,3D3MU48C34G1,3,D,3,M,U,4,8,C,3,4,G,1,0,T,DODG,SQ3,CW,4,17,,3,0,1600,RPC,D,,0,0,000000000,00000000000,0,0,0,1,0,0,0,0,0,0,0,40,0,0,0,8,8,2,1,12,0,0,0,1,8,81101,6,1,0,0,3,0,70,170,0,0,0,0,0,0,0,0,0,0,0,0,0,0,1,3,65,1,5,2,4,0,0,1,62,7,1,1,98,0,0
8,80041,4,4,1,15,3,10,0,12,7,1,0,8,3,87,881,87881,66,1999,1XP5DB9X5XD4,1,X,P,5,D,B,9,X,5,X,D,4,1,T,PTRB,379,DS,99,17,,8,0,0,CON,D,,1,57,01208288,5701208288,3,6,2,2,2,1203,88,1,0,0,0,40,0,0,0,12,12,6,2,12,0,0,0,1,8,81101,6,1,6,1,3,0,70,275,0,0,0,0,0,0,0,0,0,0,0,0,0,0,1,3,65,1,5,2,4,0,0,1,62,7,1,1,98,0,0
8,80042,1,2,2,9,3,13,0,12,6,1,0,8,1,49,40,49040,4,2001,4T1BG22K91U0,4,T,1,B,G,2,2,K,9,1,U,0,0,P,TOYT,CXL,4D,1,17,2998,,0,1051,,G,,0,0,000000000,00000000000,0,0,0,1,0,0,0,0,0,0,0,5,0,0,0,2,2,6,2,12,0,0,0,1,8,80231,6,1,0,0,3,3,69,142,0,0,0,0,0,0,0,0,0,0,38,0,0,0,3,2,35,1,6,1,1,2,3,11,15,1,1,1,68,1,0
8,80042,2,2,1,9,3,13,0,12,6,1,0,8,2,20,481,20481,31,2002,1GCGK13U72F1,1,G,C,G,K,1,3,U,7,2,F,1,0,T,CHEV,1KH,CW,2,17,,2,0,1530,SIL,G,,0,0,000000000,00000000000,0,0,0,1,0,0,0,0,0,0,0,30,0,0,0,12,12,4,1,12,0,0,0,1,53,80207,3,1,0,0,2,0,63,190,0,0,0,0,0,0,0,0,0,0,0,0,0,0,3,2,35,1,5,1,1,2,3,1,62,1,1,1,69,0,0
8,80043,1,3,2,14,3,13,33,12,6,1,0,8,2,37,31,37031,4,1996,1HGCD5632TA0,1,H,G,C,D,5,6,3,2,T,A,0,0,P,HOND,ULE,4D,96,17,2864,,0,1069,,G,,0,0,000000000,00000000000,0,0,0,1,0,0,0,0,0,0,0,45,0,0,0,9,9,6,2,12,0,0,0,1,8,80113,6,2,0,0,3,1,60,105,0,0,0,0,0,0,0,0,0,1,87,0,0,0,1,2,65,2,6,2,3,0,0,14,6,1,3,2,64,1,0
8,80043,2,3,1,14,3,13,33,12,6,1,0,8,1,48,402,48402,14,2008,4S4WX91D8844,4,S,4,W,X,9,1,D,8,8,4,4,0,P,SUBA,TRB,UT,8,17,4129,,0,1082,,G,,0,0,000000000,00000000000,0,0,0,1,0,0,0,0,0,0,0,30,0,0,0,12,12,6,2,12,0,0,0,1,8,81230,6,1,0,0,3,0,65,150,0,0,0,1,0,5,2008,5,2008,0,0,0,0,0,1,2,65,3,5,2,3,0,0,14,62,1,1,1,65,0,0
8,80043,3,3,2,14,3,13,33,12,6,1,0,8,1,23,481,23481,31,2007,1GTHK33D37F1,1,G,T,H,K,3,3,D,3,7,F,1,0,T,GMC,NK3,CW,7,17,,2,0,1670,SIE,D,,0,0,000000000,00000000000,0,0,0,1,0,0,0,0,0,0,0,5,0,0,0,12,12,2,1,12,0,0,0,1,8,80421,6,1,0,0,3,0,73,190,0,0,0,0,0,0,0,0,0,0,0,0,0,0,1,2,65,2,6,2,3,0,0,14,50,8,1,2,98,0,0
8,80044,1,1,3,9,3,23,51,30,0,1,0,35,2,54,32,54032,2,1988,JH4KA3248JC0,J,H,4,K,A,3,2,4,8,J,C,0,0,P,ACUR,LEG,CP,88,17,2981,,0,1065,,G,,0,0,000000000,00000000000,0,0,0,1,0,0,0,0,0,0,0,100,0,1,5,12,12,6,2,30,0,0,0,1,8,80221,1,1,0,0,2,0,67,135,0,1,0,0,0,8,2007,8,2007,1,36,37,0,0,3,2,35,1,6,1,1,0,0,1,6,8,2,4,7,1,1
8,80045,1,2,3,20,3,10,35,12,6,1,0,35,2,37,32,37032,4,1991,1HGCB7668MA0,1,H,G,C,B,7,6,6,8,M,A,0,0,P,HOND,AER,4D,91,17,2923,,0,1071,,G,,0,0,000000000,00000000000,0,0,0,1,0,0,0,0,0,0,0,55,2,0,0,83,83,6,2,12,0,0,0,1,96,81101,9,9,99,0,9,9,999,999,99,99,99,99,99,99,9999,99,9999,1,87,0,0,0,1,2,65,1,1,2,10,0,0,1,5,9,4,2,64,1,0
8,80045,2,2,1,20,3,10,35,12,6,1,0,95,3,82,881,82881,66,2007,1FUJF6CK17DX,1,F,U,J,F,6,C,K,1,7,D,X,1,T,FRHT,CLC,DS,7,17,,8,0,0,CON,D,,1,58,449745,58449745,3,6,1,1,0,0,0,0,0,0,0,60,0,1,5,12,12,6,2,12,0,0,0,1,95,0,9,9,6,1,9,9,999,999,99,99,99,99,99,99,9999,99,9999,0,0,0,0,0,1,2,65,1,1,2,10,0,0,1,62,8,1,1,65,0,0
8,80046,1,1,1,21,3,16,14,1,0,1,0,8,1,72,706,72706,80,1985,1HD1DDL13FY5,1,H,D,1,D,D,L,1,3,F,Y,5,0,M,HD,FHC,RS,85,17,,,,,,,1340,0,0,000000000,00000000000,0,0,0,1,0,0,0,0,0,0,0,60,0,0,0,0,0,6,2,1,0,0,0,1,8,80740,6,1,0,0,3,1,70,220,0,0,0,0,0,0,0,0,0,1,0,0,0,0,1,2,65,3,1,2,1,40,3,14,13,8,1,4,1,1,0
8,80047,1,1,2,21,3,18,31,15,0,1,0,8,1,12,481,12481,31,1999,1FTNX21S3XEA,1,F,T,N,X,2,1,S,3,X,E,A,0,T,FORD,F2S,4C,99,17,,2,1580,1418,SRW,G,,0,0,000000000,00000000000,0,0,0,1,0,0,0,0,0,0,0,5,0,0,0,12,12,2,1,15,0,0,0,1,8,80219,1,1,0,0,2,2,70,195,0,2,0,1,2,12,2007,12,2009,0,74,0,0,0,1,2,25,1,1,1,1,0,0,1,83,2,1,1,13,0,0
8,80048,1,1,2,13,3,21,45,8,0,1,0,8,2,23,481,23481,31,2008,1GTHK23608F1,1,G,T,H,K,2,3,6,0,8,F,1,0,T,GMC,2KH,CW,8,17,,2,1670,1530,SIE,D,,0,0,000000000,00000000000,0,0,0,1,0,0,0,0,0,0,0,60,0,0,0,12,12,6,2,8,0,0,0,1,8,80522,6,1,0,0,3,0,70,190,0,0,0,0,0,0,0,0,0,0,0,0,0,0,3,3,55,1,1,2,1,0,0,1,80,2,1,1,13,0,0
8,80049,1,1,2,15,3,6,51,8,0,1,0,8,2,37,32,37032,2,1991,1HGCB7168MA0,1,H,G,C,B,7,1,6,8,M,A,0,0,P,HOND,AER,CP,91,17,2888,,0,1071,,G,,0,0,000000000,00000000000,0,0,0,1,0,0,0,0,0,0,0,74,0,0,0,12,12,6,2,8,0,0,0,1,8,80910,6,2,0,0,3,0,71,154,0,0,0,0,1,6,2008,6,2008,1,8,91,0,0,5,4,40,1,1,2,1,0,0,6,50,2,1,2,13,0,0
8,80050,1,2,1,24,3,5,30,12,6,1,0,8,1,24,3,24003,6,1996,1G8ZJ527XTZ1,1,G,8,Z,J,5,2,7,X,T,Z,1,0,P,STRN,SL2,4D,96,17,2320,,0,1024,,G,,0,0,000000000,00000000000,0,0,0,1,0,0,0,0,0,0,0,55,0,0,0,3,3,6,2,12,0,0,0,1,8,81036,6,1,0,0,3,1,74,160,0,0,0,1,0,4,2007,4,2007,1,87,0,0,0,1,2,65,1,6,2,3,0,0,1,5,1,4,2,64,1,0
8,80050,2,2,1,24,3,5,30,12,6,1,0,48,3,85,881,85881,66,2001,1XKTD69X61J8,1,X,K,T,D,6,9,X,6,1,J,8,1,T,KW,T20,DS,1,17,,8,2600,1900,CON,D,,1,57,659526,57659526,3,6,1,1,0,0,0,0,0,0,0,40,0,0,0,12,12,6,2,12,0,0,0,1,48,76519,4,1,5,2,2,0,999,999,1,1,0,1,0,9,2007,6,2009,0,92,0,0,0,1,2,65,1,5,2,3,0,0,1,62,1,1,1,65,0,0
8,80051,1,2,1,25,3,16,19,12,6,1,0,8,4,12,471,12471,30,1999,1FTZR15X8XPA,1,F,T,Z,R,1,5,X,8,X,P,A,0,T,FORD,RNS,PS,99,17,,1,0,1259,RNG,G,,0,0,000000000,00000000000,0,0,0,1,0,0,0,0,0,0,0,70,0,1,5,83,0,6,2,1,0,0,0,1,8,80438,6,1,0,0,3,3,60,120,0,0,0,0,0,0,0,0,0,1,28,0,0,0,3,2,60,1,5,2,1,0,0,1,10,9,3,2,44,1,1
8,80051,2,2,2,25,3,16,19,12,6,1,0,8,2,58,401,58401,14,1998,JNRAR05Y3WW0,J,N,R,A,R,0,5,Y,3,W,W,0,0,P,INFI,QX4,UT,98,17,4289,,0,1063,,G,,0,0,000000000,00000000000,0,0,0,1,0,0,0,0,0,0,0,55,0,0,0,12,12,6,2,12,0,0,0,1,8,80474,6,1,0,0,3,0,73,160,0,0,0,0,0,0,0,0,0,0,0,0,0,0,3,2,60,1,5,2,1,0,0,1,61,2,1,1,45,0,0
8,80052,1,1,4,27,3,14,37,38,0,1,0,8,1,2,403,2403,14,1993,1J4FY49S4PP2,1,J,4,F,Y,4,9,S,4,P,P,2,0,T,JEEP,WYS,2W,93,17,,1,0,934,W/Y,G,,0,0,000000000,00000000000,0,0,0,1,0,0,0,0,0,0,0,70,0,1,5,11,0,6,2,1,0,0,0,1,8,80132,6,2,0,0,3,0,70,205,0,0,0,0,0,0,0,0,0,0,80,0,0,0,2,2,75,1,1,2,1,0,0,1,1,1,3,4,2,1,0
8,80053,1,2,2,2,3,12,3,12,2,1,0,8,1,18,2,18002,4,1990,1G4HP54C3LH4,1,G,4,H,P,5,4,C,3,L,H,4,0,P,BUIC,LCF,4D,90,17,3175,,0,1108,,G,,0,0,000000000,00000000000,0,0,0,1,0,0,0,0,0,0,0,998,0,0,0,12,12,6,2,12,0,0,0,1,8,80538,6,1,0,0,3,0,73,220,0,0,0,0,0,0,0,0,0,0,38,0,0,0,1,2,35,1,1,2,1,0,0,11,15,1,1,1,68,0,0
8,80053,2,2,2,2,3,12,3,12,2,1,0,8,1,76,705,76705,80,2003,JYARJ06Y83A0,J,Y,A,R,J,0,6,Y,8,3,A,0,0,M,YAMA,R6L,RS,3,17,,,,,,,599,0,0,000000000,00000000000,0,0,0,1,0,0,0,0,0,0,0,998,0,0,0,12,12,6,2,12,0,0,0,1,8,80537,6,1,0,0,2,0,71,170,0,0,0,0,0,0,0,0,0,0,0,0,0,0,1,2,35,1,1,2,1,0,0,1,62,1,1,1,69,1,0
8,80054,1,1,3,25,3,19,51,33,0,1,0,8,1,63,34,63034,4,2006,KNAGE1238650,K,N,A,G,E,1,2,3,8,6,5,0,0,P,KIA,OLE,4D,6,17,3279,,0,1063,,G,,0,0,000000000,00000000000,0,0,0,1,0,0,0,0,0,0,0,998,0,1,1,14,0,6,2,1,0,0,0,1,8,80920,6,1,0,0,3,0,69,200,0,0,0,0,1,6,2007,6,2007,1,36,92,0,0,3,3,40,2,6,2,1,28,3,14,6,1,3,4,7,1,1
8,80055,1,2,1,25,3,16,21,12,6,1,0,8,1,20,37,20037,4,2004,1G1ND52F64M5,1,G,1,N,D,5,2,F,6,4,M,5,0,P,CHEV,CLA,4D,4,17,3106,,0,1070,,G,,0,0,000000000,00000000000,0,0,0,1,0,0,0,0,0,0,0,998,0,0,0,9,9,6,2,12,0,0,0,1,8,81501,1,1,0,0,2,0,70,159,0,1,0,0,0,2,2010,2,2010,0,38,53,0,0,1,2,25,1,1,2,1,20,3,3,17,1,1,1,89,1,0
8,80055,2,2,1,25,3,16,21,12,6,1,0,8,1,12,402,12402,14,2005,1FMYU93185KA,1,F,M,Y,U,9,3,1,8,5,K,A,0,P,FORD,SPE,UT,5,17,3464,,0,1031,,G,,0,0,000000000,00000000000,0,0,0,1,0,0,0,0,0,0,0,998,0,0,0,12,12,6,2,12,0,0,0,1,8,80909,6,1,0,0,3,0,70,195,0,0,0,3,4,7,2007,3,2010,0,0,0,0,0,5,4,35,1,1,2,1,0,0,1,66,8,1,2,88,0,0
8,80056,1,1,1,18,3,5,44,1,0,1,0,8,1,72,706,72706,80,2001,1HD1FSW121Y6,1,H,D,1,F,S,W,1,2,1,Y,6,0,M,HD,TRI,RS,1,17,,,,,,,1450,0,0,000000000,00000000000,0,0,0,1,0,0,0,0,0,0,0,35,0,0,0,0,0,6,2,38,0,0,0,1,8,80002,6,1,0,0,3,0,74,190,0,0,0,0,0,0,0,0,0,0,84,0,0,0,1,2,35,1,1,2,1,40,3,1,60,3,1,1,98,1,1
8,80057,1,2,1,30,3,13,29,12,1,1,0,18,4,84,881,84881,62,2007,1HTMMAAM87H3,1,H,T,M,M,A,A,M,8,7,H,3,0,T,INTL,430,CC,7,17,,6,0,0,40S,D,,0,57,327574,57327574,2,1,1,1,0,0,0,0,0,0,0,75,0,1,1,12,12,6,2,12,0,0,0,1,6,48103,6,1,0,0,3,0,72,210,0,0,0,0,0,0,0,0,0,0,28,0,0,0,3,2,75,1,1,1,1,28,3,1,11,1,1,4,20,0,0
8,80057,2,2,5,30,3,13,29,12,1,1,0,17,2,12,442,12442,20,2001,2FMDA52421BA,2,F,M,D,A,5,2,4,2,1,B,A,0,T,FORD,WSE,ES,1,17,,1,0,1207,WIN,G,,0,0,000000000,00000000000,0,0,0,1,0,0,0,0,0,0,0,0,0,0,0,6,6,6,2,12,0,0,0,1,17,60608,6,1,0,0,3,0,64,158,0,0,0,0,1,5,2008,5,2008,0,0,0,0,0,3,2,75,1,1,1,1,28,3,1,53,1,1,4,21,1,0
8,80058,1,1,1,3,3,2,30,24,0,1,0,8,1,37,31,37031,3,1994,2HGEH3388RH5,2,H,G,E,H,3,3,8,8,R,H,5,0,P,HOND,UCS,2H,94,17,2327,,0,1013,,G,,0,0,000000000,00000000000,0,0,0,1,0,0,0,0,0,0,0,90,0,2,5,1,0,6,2,1,0,0,0,1,8,80233,6,1,0,0,3,0,71,175,0,1,0,0,1,9,2009,12,2009,1,36,0,0,0,2,2,45,3,6,2,1,0,0,14,6,3,2,4,2,1,1
8,80059,1,1,2,17,3,2,7,1,0,1,0,8,2,62,401,62401,14,1998,SALJY1241WA7,S,A,L,J,Y,1,2,4,1,W,A,7,0,T,LNDR,DIS,4W,98,17,,2,0,1000,DIS,G,,0,0,000000000,00000000000,0,0,0,1,0,0,0,0,0,0,0,87,0,2,5,0,0,6,2,1,0,0,0,1,8,80634,4,1,0,0,2,0,72,165,0,1,0,0,1,11,2009,1,2010,1,36,0,0,0,1,4,35,2,1,2,1,0,0,14,6,9,3,4,2,1,1
8,80060,1,1,1,2,4,0,18,1,0,1,0,8,1,23,421,23421,15,1999,1GKEK13R4XJ7,1,G,K,E,K,1,3,R,4,X,J,7,0,T,GMC,YUK,4W,99,17,,2,0,1175,YUK,G,,0,0,000000000,00000000000,0,0,0,1,0,0,0,0,0,0,0,60,0,2,5,0,0,6,2,1,0,0,0,1,8,81211,6,1,0,0,3,0,67,127,0,0,0,2,0,12,2008,12,2009,0,58,0,0,0,1,2,65,1,6,2,1,0,0,1,13,7,3,4,2,1,1
8,80061,1,3,11,3,4,16,58,12,6,1,0,8,3,92,983,92983,52,2006,15GGD2118610,1,5,G,G,D,2,1,1,8,6,1,0,0,U,,,,6,17,,,,,,,,0,57,01283020,5701283020,3,21,22,1,0,0,0,0,6,0,0,999,0,0,0,12,12,6,2,12,0,0,0,1,8,80012,6,1,6,1,3,0,65,118,0,0,0,0,1,7,2009,7,2009,0,39,0,0,0,4,4,30,1,5,2,1,2,3,1,17,1,1,1,88,0,0
8,80061,2,3,2,3,4,16,58,12,6,1,0,8,1,30,36,30036,3,2007,WVWDR71K37W1,W,V,W,D,R,7,1,K,3,7,W,1,0,P,VOLK,RAB,4H,7,17,3138,,0,1015,,G,,0,0,000000000,00000000000,0,0,0,1,0,0,0,0,0,0,0,999,0,0,0,63,63,6,2,12,0,0,0,1,8,80203,6,1,0,0,3,0,67,170,0,0,0,0,0,0,0,0,0,0,0,0,0,0,4,4,30,1,6,2,1,2,3,1,66,1,1,1,89,2,0
8,80061,3,3,1,3,4,16,58,12,6,1,0,8,1,12,481,12481,31,1996,1FTEF15Y3TNA,1,F,T,E,F,1,5,Y,3,T,N,A,0,T,FORD,F15,PK,96,17,,2,1330,1170,COF,G,,0,0,000000000,00000000000,0,0,0,1,0,0,0,0,0,0,0,999,0,0,0,62,9,6,2,12,0,0,0,1,8,80206,6,1,0,0,3,0,72,190,0,0,0,0,0,0,0,0,0,0,0,0,0,0,4,4,30,1,6,2,1,2,3,1,60,1,1,1,98,0,0
8,80062,1,1,1,5,4,9,35,1,0,1,0,8,1,2,403,2403,14,2002,1J4FA49SX2P7,1,J,4,F,A,4,9,S,X,2,P,7,0,T,JEEP,SPW,2W,2,17,,1,0,934,W/T,G,,0,0,000000000,00000000000,0,0,0,1,0,0,0,0,0,0,0,65,0,2,5,0,0,6,2,1,0,0,0,1,8,81403,6,1,0,0,3,1,71,180,0,0,0,0,0,0,0,0,0,0,58,0,0,0,1,2,65,1,5,2,1,0,0,1,13,8,4,4,7,1,0
8,80063,1,2,1,7,4,10,22,12,2,1,0,29,1,12,442,12442,20,2001,2FMZA57431BA,2,F,M,Z,A,5,7,4,3,1,B,A,0,T,FORD,SES,ES,1,17,,1,0,1207,WIN,G,,0,0,000000000,00000000000,0,0,0,1,0,0,0,0,0,0,0,65,0,0,0,12,12,6,2,12,0,0,0,1,29,63379,6,1,0,0,3,3,69,185,0,0,0,0,0,0,0,0,0,0,28,0,0,0,1,2,65,2,1,1,1,0,0,14,10,1,1,2,50,1,0
8,80063,2,2,1,7,4,10,22,12,2,1,0,8,3,85,881,85881,66,2008,1XKTD49X88J2,1,X,K,T,D,4,9,X,8,8,J,2,1,T,KW,T20,DS,8,17,,8,2600,1900,CON,D,,1,57,054283,57054283,3,6,1,1,0,0,0,0,0,0,0,65,0,0,0,12,12,6,2,12,0,0,0,1,48,75231,6,1,6,1,3,3,999,999,0,0,0,0,0,0,0,0,0,0,0,0,0,0,1,2,65,3,1,1,1,0,0,14,62,1,1,1,51,0,0
8,80064,1,1,1,5,4,17,41,8,0,1,0,8,3,98,983,98983,52,2000,1N943609XYA1,1,N,9,4,3,6,0,9,X,Y,A,1,0,U,,,,0,17,,,,,,,,0,57,0157882,570157882,3,21,22,1,0,0,0,0,6,0,0,5,0,0,0,99,99,0,1,8,0,0,0,1,8,80013,6,1,6,1,3,0,72,260,0,0,0,0,0,0,0,0,0,0,0,0,0,0,1,4,35,1,1,2,1,0,0,4,80,1,1,1,13,0,0
8,80065,1,3,1,9,4,2,16,30,0,1,0,8,1,49,50,49050,3,2009,JTKDE1676902,J,T,K,D,E,1,6,7,6,9,0,2,0,P,TOYT,SXC,LB,9,17,2905,,0,1063,,G,,0,0,000000000,00000000000,0,0,0,1,0,0,0,0,0,0,0,999,0,1,3,8,0,6,2,1,0,0,0,1,8,80206,6,1,6,0,3,0,66,160,0,0,0,0,0,0,0,0,0,1,8,0,0,0,3,3,55,1,6,1,1,0,0,1,51,7,3,4,3,1,1
8,80065,2,3,1,9,4,2,16,30,0,1,0,8,1,20,9,20009,2,1999,2G1FP22G1X21,2,G,1,F,P,2,2,G,1,X,2,1,0,P,CHEV,Z28,CP,99,17,3439,,0,1011,,G,,0,0,000000000,00000000000,0,0,0,1,0,0,0,0,0,0,0,65,0,0,0,18,18,6,2,54,0,0,0,1,8,80219,6,1,6,0,3,3,70,230,0,0,0,1,3,7,2007,7,2009,1,0,0,0,0,3,3,55,1,6,1,1,0,0,1,91,1,1,1,98,0,0
8,80065,3,3,1,9,4,2,16,30,0,1,0,8,1,51,43,51043,4,1998,YV1LS5678W14,Y,V,1,L,S,5,6,7,8,W,1,4,0,P,VOLV,SGL,4D,98,17,3300,,0,1049,,G,,0,0,000000000,00000000000,0,0,0,1,0,0,0,0,0,0,0,65,0,0,0,18,18,6,2,54,0,0,0,1,8,80216,6,1,0,0,3,3,71,155,0,0,0,0,0,0,0,0,0,1,0,0,0,0,3,3,55,1,6,1,1,0,0,1,90,1,1,1,98,0,0
8,80066,1,3,2,10,4,0,15,12,2,1,0,48,3,82,881,82881,66,2000,1FUPCSZB7YPF,1,F,U,P,C,S,Z,B,7,Y,P,F,1,T,FRHT,FLD,DS,0,17,,8,0,0,CON,D,,1,57,1900755,571900755,3,6,1,2,8,8888,88,1,0,0,0,65,0,0,0,12,12,6,2,12,0,0,0,1,48,75061,6,1,6,1,3,0,999,999,0,0,0,1,1,1,2008,11,2009,0,33,0,0,0,1,2,65,1,1,1,1,0,0,6,51,8,1,2,50,0,0
8,80066,2,3,3,10,4,0,15,12,2,1,0,8,2,6,14,6014,4,1992,1C3XC66R6ND7,1,C,3,X,C,6,6,R,6,N,D,7,0,P,CHRY,NYS,4D,92,17,3195,,0,1043,,G,,0,0,000000000,00000000000,0,0,0,1,0,0,0,0,0,0,0,65,0,0,0,12,12,6,2,12,0,0,0,1,8,80010,6,1,0,0,3,0,72,160,0,0,0,3,1,6,2007,8,2009,0,0,0,0,0,1,2,65,1,1,1,1,0,0,1,62,9,1,1,51,1,0
8,80066,3,3,3,10,4,0,15,12,2,1,0,48,1,49,40,49040,4,2002,JTDBF32KX200,J,T,D,B,F,3,2,K,X,2,0,0,0,P,TOYT,LXS,4D,2,17,3296,,0,1071,,G,,0,0,000000000,00000000000,0,0,0,1,0,0,0,0,0,0,0,65,0,0,0,10,10,6,2,12,0,0,0,1,8,80701,6,1,0,0,3,0,70,185,0,0,0,0,0,0,0,0,0,0,0,0,0,0,1,2,65,1,1,1,1,0,0,1,62,9,1,1,98,0,0
8,80067,1,1,2,10,4,1,9,31,0,1,0,8,2,23,481,23481,31,2003,1GTHK23163F1,1,G,T,H,K,2,3,1,6,3,F,1,0,T,GMC,2KH,CW,3,17,,2,1670,1530,SIE,D,,0,0,000000000,00000000000,0,0,0,1,0,0,0,0,0,0,0,80,0,2,5,12,0,6,2,1,0,0,0,1,8,80831,6,1,0,0,3,0,64,120,0,0,0,0,0,0,0,0,0,1,58,0,0,0,1,3,65,3,6,2,1,0,0,14,6,8,4,4,2,2,1
8,80068,1,1,2,11,4,20,29,9,0,1,0,8,1,12,481,12481,31,2002,1FTRX18W32NB,1,F,T,R,X,1,8,W,3,2,N,B,0,T,FORD,F15,4C,2,17,,2,1574,1388,COF,G,,0,0,000000000,00000000000,0,0,0,1,0,0,0,0,0,0,0,25,0,0,0,12,12,6,2,9,0,0,0,1,8,80212,6,1,0,0,3,1,65,155,0,0,0,0,0,0,0,0,0,0,0,0,0,0,1,2,30,1,1,2,1,0,0,1,83,1,1,1,13,0,1
8,80069,1,1,3,10,4,23,45,1,0,1,0,8,2,12,481,12481,31,1997,1FTHF26H2VEC,1,F,T,H,F,2,6,H,2,V,E,C,0,T,FORD,F25,PK,97,17,,2,0,1330,COF,G,,0,0,000000000,00000000000,0,0,0,1,0,0,0,0,0,0,0,55,0,2,5,0,0,6,2,1,0,0,0,1,8,81630,6,2,0,0,3,3,70,150,0,0,0,1,1,6,2009,7,2009,1,8,0,0,0,1,2,35,3,6,2,1,0,0,14,6,2,2,4,2,1,0
8,80070,1,1,3,11,4,0,5,31,0,1,0,8,2,18,20,18020,4,1998,2G4WF5215W15,2,G,4,W,F,5,2,1,5,W,1,5,0,P,BUIC,R/G,4D,98,17,3425,,0,1090,,G,,0,0,000000000,00000000000,0,0,0,1,0,0,0,0,0,0,0,95,0,2,5,12,0,6,2,1,0,0,0,1,8,81125,6,2,0,0,3,0,68,170,0,0,0,0,0,0,0,0,0,1,8,58,0,0,1,2,55,1,1,2,1,0,0,1,13,6,1,4,1,1,1
8,80071,1,1,4,12,4,20,30,1,0,1,0,8,2,23,401,23401,14,2002,1GKDT13S2223,1,G,K,D,T,1,3,S,2,2,2,3,0,T,GMC,ENV,4W,2,17,,1,0,1130,ENV,G,,0,0,000000000,00000000000,0,0,0,1,0,0,0,0,0,0,0,50,0,2,1,0,0,6,2,1,0,0,0,1,8,81625,6,1,0,0,3,0,61,105,0,0,0,0,0,0,0,0,0,1,28,0,0,0,1,2,40,3,1,4,1,0,0,14,6,8,4,6,98,1,0
8,80072,1,3,1,11,4,14,49,12,7,1,0,8,1,34,706,34706,80,2003,WB10496A13ZJ,W,B,1,0,4,9,6,A,1,3,Z,J,0,M,BMW,RCL,RS,3,17,,,,,,,1170,0,0,000000000,00000000000,0,0,0,1,0,0,0,0,0,0,0,999,0,0,0,83,0,6,2,25,0,0,0,1,8,80214,6,1,0,0,3,0,73,205,0,0,0,0,1,3,2009,3,2009,9,27,0,0,0,3,4,55,1,1,2,1,0,0,15,51,1,1,2,46,1,0