STATE,ST_CASE,VEH_NO,VE_FORMS,NUMOCCS,DAY,MONTH,HOUR,MINUTE,HARM_EV,MAN_COLL,UNITTYPE,HIT_RUN,REG_STAT,OWNER,MAKE,MODEL,MAK_MOD,BODY_TYP,MOD_YEAR,VIN,VIN_1,VIN_2,VIN_3,VIN_4,VIN_5,VIN_6,VIN_7,VIN_8,VIN_9,VIN_10,VIN_11,VIN_12,TOW_VEH,VINTYPE,VINMAKE,VINA_MOD,VIN_BT,VINMODYR,VIN_LNGT,VIN_WGT,WGTCD_TR,WHLBS_LG,WHLBS_SH,SER_TR,FUELCODE,MCYCL_DS,J_KNIFE,MCARR_I1,MCARR_I2,MCARR_ID,GVWR,V_CONFIG,CARGO_BT,HAZ_INV,HAZ_PLAC,HAZ_ID,HAZ_CNO,HAZ_REL,BUS_USE,SPEC_USE,EMER_USE,TRAV_SP,UNDERIDE,ROLLOVER,ROLINLOC,IMPACT1,IMPACT2,DEFORMED,TOWED,M_HARM,VEH_SC1,VEH_SC2,FIRE_EXP,DR_PRES,L_STATE,DR_ZIP,L_STATUS,L_TYPE,CDL_STAT,L_ENDORS,L_COMPL,L_RESTRI,DR_HGT,DR_WGT,PREV_ACC,PREV_SUS,PREV_DWI,PREV_SPD,PREV_OTH,FIRST_MO,FIRST_YR,LAST_MO,LAST_YR,SPEEDREL,DR_SF1,DR_SF2,DR_SF3,DR_SF4,VTRAFWAY,VNUM_LAN,VSPD_LIM,VALIGN,VPROFILE,VPAVETYP,VSURCOND,VTRAFCON,VTCONT_F,P_CRASH1,P_CRASH2,P_CRASH3,PCRASH4,PCRASH5,ACC_TYPE,DEATHS,DR_DRINK
8,80072,2,3,1,11,4,14,49,12,7,1,0,8,4,20,22,20022,4,2010,1G1AB5F52A71,1,G,1,A,B,5,F,5,2,A,7,1,0,P,CHEV,BLS,4D,10,17,3216,,0,1033,,G,,0,0,000000000,00000000000,0,0,0,1,0,0,0,0,0,0,0,55,0,0,0,62,3,6,2,12,0,0,0,1,13,30318,6,1,0,0,3,3,68,155,98,0,0,1,0,9,2009,9,2009,0,0,0,0,0,3,4,55,1,1,2,1,0,0,1,60,99,1,1,45,0,0
8,80072,3,3,1,11,4,14,49,12,7,1,0,31,3,51,881,51881,66,2006,4V4NC9GH86N4,4,V,4,N,C,9,G,H,8,6,N,4,1,T,VOLV,VNL,DS,6,17,,8,0,0,VVN,D,,1,57,306223,57306223,3,6,1,1,0,0,0,0,0,0,0,55,0,0,0,12,12,4,1,12,0,0,0,1,48,79605,6,1,6,1,3,0,999,999,0,0,0,0,0,0,0,0,0,0,0,0,0,0,6,2,55,1,1,2,1,0,0,1,60,2,1,1,98,0,0
8,80073,1,1,1,13,4,22,59,1,0,1,0,8,2,38,402,38402,14,1995,4S2CY58V8S43,4,S,2,C,Y,5,8,V,8,S,4,3,0,P,ISU,ROD,UT,95,17,4050,,0,1087,,G,,0,0,000000000,00000000000,0,0,0,1,0,0,0,0,0,0,0,45,0,2,1,0,0,6,2,1,0,0,0,1,8,80501,6,1,0,0,3,0,71,168,0,0,0,1,2,7,2007,9,2009,0,28,0,0,0,1,2,45,2,6,2,1,0,0,14,12,9,3,6,98,1,0
8,80074,1,2,1,13,4,17,7,12,6,1,0,8,1,7,34,7034,6,1989,JB4EV31XXKU1,J,B,4,E,V,3,1,X,X,K,U,1,0,P,DODG,CLD,SW,89,17,2271,,0,0,,G,,0,0,000000000,00000000000,0,0,0,1,0,0,0,0,0,0,0,10,0,0,0,9,9,6,2,12,0,0,0,1,8,80907,6,1,0,0,3,1,60,110,0,0,0,0,0,0,0,0,0,0,38,0,0,0,1,4,40,1,1,2,1,20,3,11,15,1,1,1,82,1,0
8,80074,2,2,1,13,4,17,7,12,6,1,0,8,1,6,54,6054,6,2005,2C8GF68485R4,2,C,8,G,F,6,8,4,8,5,R,4,0,P,CHRY,PIF,UT,5,17,4547,,0,1160,,G,,0,0,000000000,00000000000,0,0,0,1,0,0,0,0,0,0,0,32,0,0,0,12,12,6,2,12,0,0,0,1,8,80817,6,1,0,0,3,0,70,135,0,0,0,1,0,7,2007,7,2007,0,0,0,0,0,1,4,40,1,1,2,1,0,0,1,72,1,1,1,83,0,0
8,80075,1,1,1,14,4,14,10,34,0,1,0,8,1,49,401,49401,14,1991,JT3VN39W0M80,J,T,3,V,N,3,9,W,0,M,8,0,0,P,TOYT,RUN,UT,91,17,0,,0,1033,,G,,0,0,000000000,00000000000,0,0,0,1,0,0,0,0,0,0,0,60,0,0,0,14,12,6,2,42,0,0,0,1,8,80301,6,2,0,0,3,0,72,150,0,0,0,0,1,10,2009,10,2009,1,92,0,0,0,1,2,45,1,1,2,1,0,0,1,13,1,1,4,1,1,0
8,80076,1,1,1,15,4,17,45,8,0,1,0,8,3,85,881,85881,63,2007,1NKDL09X47J1,1,N,K,D,L,0,9,X,4,7,J,1,0,T,KW,T80,TM,7,17,,8,2600,1600,CON,D,,0,57,00460943,5700460943,3,2,3,1,0,0,0,0,0,0,0,50,0,0,0,12,12,4,1,8,0,0,0,1,8,80549,6,1,6,1,3,0,72,180,0,0,0,0,0,0,0,0,0,0,0,0,0,0,2,3,55,1,6,2,1,0,0,1,80,8,1,1,13,0,0
8,80077,1,1,2,10,4,2,8,8,0,1,0,8,2,54,36,54036,4,1998,JH4KA9644WC0,J,H,4,K,A,9,6,4,4,W,C,0,0,P,ACUR,35R,4D,98,17,3640,,0,1146,,G,,0,0,000000000,00000000000,0,0,0,1,0,0,0,0,0,0,0,60,0,0,0,12,12,6,2,8,0,0,0,1,8,80644,6,1,0,0,3,3,70,180,0,0,0,0,1,2,2009,2,2009,0,0,0,0,0,1,2,65,1,1,2,1,0,0,1,80,1,1,1,13,0,0
8,80078,1,2,1,16,4,12,35,12,6,1,0,8,3,85,881,85881,66,1999,1XKDDU9X9XR8,1,X,K,D,D,U,9,X,9,X,R,8,1,T,KW,T80,DS,99,17,,8,2600,1600,CON,D,,1,57,1824383,571824383,3,6,97,1,0,0,0,0,0,0,0,65,0,0,0,1,1,6,2,12,0,0,1,1,8,80534,6,1,6,1,3,0,70,200,0,0,0,4,0,4,2007,3,2009,0,28,52,0,0,1,2,65,1,6,2,1,0,0,1,52,8,2,4,64,1,0
8,80078,2,2,1,16,4,12,35,12,6,1,0,8,3,85,881,85881,66,2009,1XKDDB0X99R2,1,X,K,D,D,B,0,X,9,9,R,2,1,T,KW,T80,DS,9,17,,8,2600,1600,CON,D,,1,57,235107,57235107,3,6,2,1,0,0,0,0,0,0,0,65,0,0,0,12,12,6,2,12,0,0,1,1,8,80620,6,1,6,1,3,1,71,220,0,0,0,0,0,0,0,0,0,0,0,0,0,0,1,2,65,1,5,2,1,0,0,1,62,9,2,4,65,1,0
8,80079,1,2,1,16,4,14,35,1,0,1,0,49,1,49,472,49472,30,2006,5TELU42NX6Z2,5,T,E,L,U,4,2,N,X,6,Z,2,1,T,TOYT,DCL,CW,6,17,,1,0,1219,TAC,G,,3,0,000000000,00000000000,0,0,0,1,0,0,0,0,0,0,0,65,0,2,3,0,0,6,2,54,0,0,0,1,49,84780,6,1,0,0,3,0,73,230,98,0,0,1,0,12,2007,12,2007,0,77,0,0,0,2,2,75,1,1,1,1,0,0,1,8,9,4,4,7,1,1
8,80079,2,2,1,16,4,14,35,1,0,1,0,8,1,22,20,22020,4,2006,2G2WP5526612,2,G,2,W,P,5,5,2,6,6,1,2,0,P,PONT,GRA,4D,6,17,3477,,0,1105,,G,,0,0,000000000,00000000000,0,0,0,1,0,0,0,0,0,0,0,75,0,0,0,18,18,6,2,54,0,0,0,1,8,80549,6,1,0,0,3,0,72,200,0,0,0,0,0,0,0,0,0,0,0,0,0,0,2,2,75,1,1,1,1,0,0,1,91,9,1,4,98,0,0
8,80080,1,1,1,18,4,1,17,24,0,1,0,8,1,49,40,49040,4,1999,JT2BF28K6X02,J,T,2,B,F,2,8,K,6,X,0,2,0,P,TOYT,XLL,4D,99,17,3175,,0,1051,,G,,0,0,000000000,00000000000,0,0,0,1,0,0,0,0,0,0,0,65,0,0,0,82,12,6,2,42,0,0,0,1,8,80918,6,1,0,0,3,3,75,240,0,0,0,1,0,10,2007,10,2007,1,92,0,0,0,3,3,40,2,1,2,2,0,0,14,13,1,1,4,1,1,1
8,80081,1,1,1,20,4,17,0,1,0,1,0,8,1,12,401,12401,14,1988,1FMCU14T9JUD,1,F,M,C,U,1,4,T,9,J,U,D,0,P,FORD,BII,UT,88,17,0,,0,940,,G,,0,0,000000000,00000000000,0,0,0,1,0,0,0,0,0,0,0,65,0,2,1,0,0,6,2,1,0,0,0,1,8,80461,6,1,0,0,3,1,72,230,0,1,0,0,1,6,2007,11,2007,0,28,58,0,0,1,2,65,1,1,2,1,0,0,1,13,8,4,6,98,1,0
8,80082,1,1,2,2,4,8,41,1,0,1,0,8,1,12,471,12471,30,2003,1FTZR45E53PB,1,F,T,Z,R,4,5,E,5,3,P,B,0,T,FORD,RNS,4C,3,17,,1,0,1259,RNG,G,,0,0,000000000,00000000000,0,0,0,1,0,0,0,0,0,0,0,55,0,2,5,0,0,6,2,1,0,0,0,1,8,80807,6,1,0,0,3,1,75,210,0,0,0,0,0,0,0,0,0,0,0,0,0,0,1,2,55,1,1,5,1,0,0,1,5,1,3,4,7,2,0
8,80083,1,1,1,12,4,8,50,35,0,1,0,8,1,48,34,48034,4,1993,JF1BJ6731PH9,J,F,1,B,J,6,7,3,1,P,H,9,0,P,SUBA,LDA,SW,93,17,3300,,0,1016,,G,,0,0,000000000,00000000000,0,0,0,1,0,0,0,0,0,0,0,75,0,2,5,14,0,6,2,1,0,0,0,1,8,81601,6,1,0,0,3,0,73,210,0,0,0,0,0,0,0,0,0,0,0,0,0,0,2,2,75,2,5,2,1,0,0,14,12,1,1,4,6,1,0
8,80084,1,2,1,22,4,13,50,12,6,1,0,8,3,12,481,12481,31,2000,1FDSF34S5YEE,1,F,D,S,F,3,4,S,5,Y,E,E,0,T,FORD,F3S,CB,0,17,,2,0,1410,SRW,G,,0,0,000000000,00000000000,0,0,0,1,0,0,0,0,0,0,0,48,0,1,5,4,4,6,2,12,0,0,0,1,8,81047,6,1,0,0,3,0,70,240,0,0,0,0,0,0,0,0,0,0,38,0,0,0,1,2,55,1,1,5,1,0,0,1,17,1,1,1,87,0,0
8,80084,2,2,1,22,4,13,50,12,6,1,0,8,1,12,422,12422,15,1999,1FMPU18LXXLA,1,F,M,P,U,1,8,L,X,X,L,A,0,P,FORD,EPT,UT,99,17,5177,,0,1191,,G,,0,0,000000000,00000000000,0,0,0,1,0,0,0,0,0,0,0,56,0,0,0,12,12,6,2,12,0,0,0,1,8,81036,6,1,0,0,3,0,67,154,0,0,0,0,0,0,0,0,0,0,0,0,0,0,1,2,55,1,1,5,1,0,0,1,66,1,1,1,86,1,0
8,80085,1,1,3,23,4,14,25,31,0,1,0,37,1,63,33,63033,4,2008,KNAFE1617850,K,N,A,F,E,1,6,1,7,8,5,0,0,P,KIA,SX5,4H,8,17,2950,,0,1028,,G,,0,0,000000000,00000000000,0,0,0,1,0,0,0,0,0,0,0,75,0,1,5,10,0,6,2,1,0,0,0,1,37,28715,6,1,0,0,3,3,69,999,0,0,0,0,0,0,0,0,0,1,87,0,0,0,2,2,75,1,1,1,2,0,0,1,6,2,3,4,2,1,0
8,80086,1,1,2,24,4,6,35,31,0,1,0,8,1,23,431,23431,16,2002,1GKFK16Z42J2,1,G,K,F,K,1,6,Z,4,2,J,2,0,T,GMC,KX1,4W,2,17,,2,0,1300,YUK,F,,0,0,000000000,00000000000,0,0,0,1,0,0,0,0,0,0,0,83,0,2,1,3,0,6,2,1,0,0,0,1,20,66106,6,1,0,0,3,0,72,260,0,0,0,0,0,0,0,0,0,1,52,0,0,0,2,2,75,3,1,2,1,0,0,14,13,6,1,4,1,2,0
8,80087,1,2,1,24,4,15,35,12,8,1,0,8,2,20,32,20032,4,1996,1Y1SK5265TZ0,1,Y,1,S,K,5,2,6,5,T,Z,0,0,P,GEO,GEP,4D,96,17,2359,,0,971,,G,,0,0,000000000,00000000000,0,0,0,1,0,0,0,0,0,0,0,65,0,0,0,62,12,6,2,12,0,0,0,1,8,80920,6,1,0,0,3,3,70,190,0,0,0,0,0,0,0,0,0,0,28,0,0,0,1,2,65,1,1,2,1,0,0,1,12,1,1,4,64,1,0
8,80087,2,2,1,24,4,15,35,12,8,1,0,18,3,84,881,84881,66,2007,1XP5DB9X07N8,1,X,P,5,D,B,9,X,0,7,N,8,1,T,PTRB,379,DS,7,17,,8,0,0,CON,D,,1,57,264184,57264184,3,6,1,1,0,0,0,0,0,0,0,63,0,0,0,10,9,6,2,12,0,0,0,1,37,27233,6,1,6,1,3,3,72,999,0,0,0,0,1,12,2007,12,2007,0,0,0,0,0,1,2,65,1,1,2,1,0,0,1,62,9,1,4,65,0,0
8,80088,1,1,1,25,4,1,59,8,0,1,0,8,1,23,401,23401,14,1994,1GKDT13WXR05,1,G,K,D,T,1,3,W,X,R,0,5,0,T,GMC,SJI,4W,94,17,,1,0,1070,S15,G,,0,0,000000000,00000000000,0,0,0,1,0,0,0,0,0,0,0,55,0,0,0,12,12,6,2,8,0,0,0,1,8,80212,2,1,0,0,2,2,69,190,0,8,0,1,0,10,2007,6,2009,0,74,0,0,0,3,5,55,1,5,2,1,0,0,1,80,1,1,1,13,0,1
8,80089,1,2,3,21,4,13,50,12,2,1,0,8,1,35,421,35421,15,2009,5N1BA08CX9N6,5,N,1,B,A,0,8,C,X,9,N,6,0,P,NISS,ARM,UT,9,17,5593,,0,1232,,G,,0,0,000000000,00000000000,0,0,0,1,0,0,0,0,0,0,0,35,0,0,0,12,12,6,2,12,0,0,0,1,8,80439,6,1,0,0,3,0,67,155,0,0,0,0,0,0,0,0,0,0,28,0,0,0,1,2,35,2,6,2,1,0,0,14,10,1,1,2,50,0,0
8,80089,2,2,1,21,4,13,50,12,2,1,0,8,1,48,34,48034,4,1993,JF1BC6338PG6,J,F,1,B,C,6,3,3,8,P,G,6,0,P,SUBA,LGL,4D,93,17,2970,,0,1016,,G,,0,0,000000000,00000000000,0,0,0,1,0,0,0,0,0,0,0,35,0,0,0,12,12,6,2,12,0,0,0,1,8,80454,6,1,0,0,3,0,63,155,0,0,0,0,0,0,0,0,0,0,0,0,0,0,1,2,35,3,5,2,1,0,0,14,62,1,1,1,51,1,0
8,80090,1,2,1,28,4,17,25,12,2,1,0,8,1,48,34,48034,6,1997,4S3BG6858V76,4,S,3,B,G,6,8,5,8,V,7,6,0,P,SUBA,UKK,SW,97,17,3155,,0,1035,,G,,0,0,000000000,00000000000,0,0,0,1,0,0,0,0,0,0,0,30,0,0,0,12,12,6,2,12,0,0,0,1,8,80222,6,1,0,0,3,0,72,230,0,0,0,1,0,8,2007,8,2007,0,28,0,0,0,5,4,30,1,1,2,1,0,0,99,10,1,1,2,50,1,0
8,80090,2,2,1,28,4,17,25,12,2,1,0,8,1,2,403,2403,14,1995,1J4FY19P9SP2,1,J,4,F,Y,1,9,P,9,S,P,2,0,T,JEEP,WSR,2W,95,17,,1,0,934,W/Y,G,,0,0,000000000,00000000000,0,0,0,1,0,0,0,0,0,0,0,20,0,0,0,12,12,6,2,12,0,0,0,1,8,80222,6,1,0,0,3,1,62,122,0,0,0,0,0,0,0,0,0,0,0,0,0,0,5,4,30,1,1,2,1,0,0,1,62,7,1,1,51,0,0
8,80091,1,1,2,24,4,22,16,1,0,1,0,8,1,49,421,49421,15,1988,JT3FJ62G6J00,J,T,3,F,J,6,2,G,6,J,0,0,0,P,TOYT,LCW,UT,88,17,4345,,0,1075,,G,,0,0,000000000,00000000000,0,0,0,1,0,0,0,0,0,0,0,50,0,2,5,0,0,6,2,1,0,0,0,1,8,80907,1,1,0,0,2,2,74,180,0,1,0,0,1,4,2009,6,2009,0,74,92,0,0,1,2,45,2,6,2,1,0,0,14,12,9,3,4,7,1,1
8,80092,1,1,1,6,4,21,46,9,0,1,0,8,3,92,981,92981,52,2008,15GGD3018810,1,5,G,G,D,3,0,1,8,8,1,0,0,U,,,,8,17,,,,,,,,0,57,157882,57157882,3,21,22,1,0,0,0,0,6,0,0,5,0,0,0,12,12,2,1,9,0,0,0,1,8,80030,6,1,6,1,3,3,71,182,0,0,0,0,0,0,0,0,0,0,53,0,0,0,1,2,25,1,1,2,1,2,3,11,83,2,1,1,13,0,0
8,80093,1,2,1,1,5,15,20,12,2,1,1,8,1,12,401,12401,14,1994,1FMDU34XXRUC,1,F,M,D,U,3,4,X,X,R,U,C,0,P,FORD,EPR,UT,94,17,4053,,0,1120,,G,,0,0,000000000,00000000000,0,0,0,1,0,0,0,0,0,0,0,45,0,0,0,12,12,2,1,12,0,0,0,1,8,80550,6,1,0,0,3,1,75,210,0,0,0,1,0,6,2007,6,2007,0,36,0,0,0,1,2,45,1,1,2,1,0,0,1,13,1,1,4,98,0,1
8,80093,2,2,2,1,5,15,20,12,2,1,0,92,0,37,702,37702,80,1999,JH2HE0102XK8,J,H,2,H,E,0,1,0,2,X,K,8,0,M,HOND,XR8,T,99,17,,,,,,,80,0,0,000000000,00000000000,0,0,0,1,0,0,0,0,0,0,0,10,0,0,0,12,12,4,3,12,0,0,0,1,8,80524,6,1,0,0,3,0,71,167,0,0,0,0,0,0,0,0,0,0,0,0,0,0,0,0,0,0,0,0,0,0,0,98,98,6,1,5,98,1,1
8,80094,1,1,1,3,5,6,14,53,0,1,0,8,2,12,442,12442,20,1995,2FMDA5142SBC,2,F,M,D,A,5,1,4,2,S,B,C,0,T,FORD,WWG,ES,95,17,,1,0,1207,WIN,G,,0,0,000000000,00000000000,0,0,0,1,0,0,0,0,0,0,0,55,0,1,6,12,12,6,2,35,0,0,0,1,8,80620,0,0,0,0,0,0,999,999,0,0,0,0,0,0,0,0,0,0,0,0,0,0,1,2,55,1,1,2,1,0,0,1,13,1,1,4,1,1,1
8,80095,1,1,2,5,5,6,20,31,0,1,0,8,2,35,481,35481,31,2007,1N6AA07B47N2,1,N,6,A,A,0,7,B,4,7,N,2,0,T,NISS,TXS,CW,7,17,,2,0,1398,TTN,G,,0,0,000000000,00000000000,0,0,0,1,0,0,0,0,0,0,0,65,0,2,5,7,0,6,2,1,0,0,0,1,8,81503,6,1,6,0,3,1,74,330,0,0,0,0,0,0,0,0,0,0,58,0,0,0,2,2,75,2,6,2,1,0,0,14,12,1,1,4,6,1,0
8,80096,1,2,1,5,5,8,5,12,1,1,0,30,1,48,34,48034,4,1999,4S3BD4355X72,4,S,3,B,D,4,3,5,5,X,7,2,0,P,SUBA,U4A,4D,99,17,2885,,0,1035,,G,,0,0,000000000,00000000000,0,0,0,1,0,0,0,0,0,0,0,75,0,0,0,12,12,6,2,12,0,0,0,1,30,59427,6,1,0,0,3,0,72,190,98,0,0,1,0,2,2009,11,2009,0,26,0,0,0,2,2,75,1,1,2,1,0,0,1,52,9,1,1,24,1,0
8,80096,2,2,1,5,5,8,5,12,1,1,0,8,1,49,472,49472,30,2002,5TEWN72N42Z0,5,T,E,W,N,7,2,N,4,2,Z,0,0,T,TOYT,XTR,PC,2,17,,1,0,1219,TAC,G,,0,0,000000000,00000000000,0,0,0,1,0,0,0,0,0,0,0,40,0,1,3,6,6,6,2,12,0,0,0,1,8,81008,6,1,0,0,3,0,71,220,0,0,0,0,1,9,2009,9,2009,0,0,0,0,0,2,2,75,1,1,2,1,0,0,2,53,1,1,1,25,0,0
8,80097,1,1,2,4,5,19,11,1,0,1,0,8,2,72,706,72706,80,1995,1HD1FDL12SY6,1,H,D,1,F,D,L,1,2,S,Y,6,0,M,HD,FHR,RS,95,17,,,,,,,1340,0,0,000000000,00000000000,0,0,0,1,0,0,0,0,0,0,0,998,0,0,0,0,0,6,2,1,0,0,0,1,8,80916,6,1,0,0,3,0,67,289,0,0,0,0,0,0,0,0,0,9,0,0,0,0,3,2,45,1,1,2,1,28,3,1,9,2,2,1,98,1,1
8,80098,1,1,2,5,5,22,0,24,0,1,0,8,1,37,31,37031,4,2002,1HGES16672L0,1,H,G,E,S,1,6,6,7,2,L,0,0,P,HOND,UCL,4D,2,17,2515,,0,1031,,G,,0,0,000000000,00000000000,0,0,0,1,0,0,0,0,0,0,0,60,0,0,0,12,12,6,2,24,0,0,0,1,8,80012,6,1,0,0,3,3,61,120,0,0,0,0,0,0,0,0,0,0,0,0,0,0,2,2,65,2,5,1,1,0,0,14,12,7,3,4,2,1,0
8,80099,1,1,1,8,5,17,35,1,0,1,0,8,1,20,401,20401,14,1999,1GNCS13W9X21,1,G,N,C,S,1,3,W,9,X,2,1,0,P,CHEV,BZR,UT,99,17,3692,,0,1070,,G,,0,0,000000000,00000000000,0,0,0,1,0,0,0,0,0,0,0,46,0,2,5,0,0,6,2,1,0,0,0,1,8,81639,6,1,0,0,3,0,61,112,0,0,0,0,0,0,0,0,0,1,0,0,0,0,1,2,30,3,3,4,1,0,0,14,6,6,3,4,2,1,1
8,80100,1,2,1,9,5,13,50,1,0,1,0,8,1,53,705,53705,80,2000,JS1VP52A8Y21,J,S,1,V,P,5,2,A,8,Y,2,1,0,M,SUZI,SV6,RS,0,17,,,,,,,645,0,0,000000000,00000000000,0,0,0,1,0,0,0,0,0,0,0,85,0,0,0,0,0,6,2,24,0,0,0,1,8,81601,6,1,6,0,3,0,72,235,0,0,0,3,0,6,2008,4,2010,1,8,0,0,0,1,2,45,3,5,2,1,0,0,14,6,1,1,1,98,1,0
8,80100,2,2,1,9,5,13,50,1,0,1,0,8,1,73,705,73705,80,2008,JKAZX4P1X8A0,J,K,A,Z,X,4,P,1,X,8,A,0,0,M,KAWK,ZXP,RS,8,17,,,,,,,599,0,0,000000000,00000000000,0,0,0,1,0,0,0,0,0,0,0,45,0,0,0,0,0,6,2,1,0,0,0,1,5,81650,6,1,0,0,3,0,71,190,0,0,0,3,1,8,2009,11,2009,0,0,0,0,0,1,2,45,3,5,2,1,0,0,14,8,2,1,1,98,0,0
8,80101,1,1,1,9,5,17,36,8,0,1,0,8,2,12,481,12481,31,1989,1FDHF38G9KKA,1,F,D,H,F,3,8,G,9,K,K,A,0,T,FORD,F35,CB,89,17,,2,1608,1330,COF,G,,0,0,000000000,00000000000,0,0,0,1,0,0,0,0,0,0,0,25,0,0,0,12,12,2,1,8,0,0,0,1,8,80219,6,1,0,0,3,0,68,160,0,0,0,0,0,0,0,0,0,0,0,0,0,0,1,2,25,1,1,2,1,0,0,1,80,1,1,1,13,0,0
8,80102,1,1,2,7,5,19,30,1,0,1,0,8,2,20,10,20010,2,1981,1G1AZ37K7BR4,1,G,1,A,Z,3,7,K,7,B,R,4,0,P,CHEV,MOC,CP,81,17,3102,,0,1081,,G,,0,0,000000000,00000000000,0,0,0,1,0,0,0,0,0,0,0,68,0,2,5,0,0,6,2,1,0,0,0,1,8,80231,0,0,0,0,0,0,71,215,0,16,0,0,1,5,2007,1,2010,1,36,0,0,0,3,2,55,1,1,2,1,0,0,1,6,7,3,4,2,1,0
8,80103,1,2,1,12,5,19,49,12,6,1,0,8,1,12,481,12481,31,2001,1FTRW08L41KC,1,F,T,R,W,0,8,L,4,1,K,C,0,T,FORD,F1S,CW,1,17,,2,0,1388,COF,G,,0,0,000000000,00000000000,0,0,0,1,0,0,0,0,0,0,0,40,0,1,5,10,10,6,2,12,0,0,0,1,8,80814,6,1,0,0,3,0,72,250,0,0,0,0,0,0,0,0,0,0,39,0,0,0,1,2,45,1,1,2,1,20,3,1,17,1,1,1,89,1,0
8,80103,2,2,2,12,5,19,49,12,6,1,0,8,2,55,36,55036,4,2004,KMHCG45C04U5,K,M,H,C,G,4,5,C,0,4,U,5,0,P,HYUN,AGL,4D,4,17,2290,,0,961,,G,,0,0,000000000,00000000000,0,0,0,1,0,0,0,0,0,0,0,45,0,0,0,12,12,6,2,12,0,0,0,1,8,80928,6,2,0,0,3,0,67,120,0,0,0,0,0,0,0,0,0,0,0,0,0,0,1,2,45,1,1,2,1,0,0,1,66,1,1,1,88,0,0
8,80104,1,1,1,22,5,7,50,24,0,1,0,8,1,72,706,72706,80,2010,1HD1GX417AC3,1,H,D,1,G,X,4,1,7,A,C,3,0,M,HD,FFB,RS,10,17,,,,,,,1584,0,0,000000000,00000000000,0,0,0,1,0,0,0,0,0,0,0,65,0,0,0,62,62,6,2,24,0,0,0,1,8,81321,2,8,0,0,2,2,68,180,0,1,0,0,0,4,2010,4,2010,0,77,0,0,0,3,3,65,2,5,2,1,0,0,14,12,1,1,4,6,1,0
8,80105,1,1,1,22,5,16,5,1,0,1,0,8,1,72,706,72706,80,2008,1HD1GM4128K3,1,H,D,1,G,M,4,1,2,8,K,3,0,M,HD,FDX,RS,8,17,,,,,,,1584,0,0,000000000,00000000000,0,0,0,1,0,0,0,0,0,0,0,45,0,0,0,0,0,6,2,1,0,0,0,1,8,80863,6,1,0,0,2,0,70,175,0,0,0,0,0,0,0,0,0,0,92,0,0,0,2,2,45,2,5,2,1,0,0,14,12,1,1,4,6,1,0
8,80106,1,1,1,22,5,19,31,1,0,1,0,35,1,12,401,12401,14,1995,1FMDU34X9SZB,1,F,M,D,U,3,4,X,9,S,Z,B,0,P,FORD,EPR,UT,95,17,4053,,0,1115,,G,,0,0,000000000,00000000000,0,0,0,1,0,0,0,0,0,0,0,65,0,2,5,0,0,6,2,1,0,0,0,1,8,87002,6,1,0,0,3,3,68,250,0,0,0,0,0,0,0,0,0,0,58,0,0,0,1,2,65,3,1,2,1,0,0,14,11,8,4,4,7,1,0
8,80107,1,1,2,22,5,1,36,9,0,1,1,8,2,52,37,52037,3,2003,4A3AC44G33E0,4,A,3,A,C,4,4,G,3,3,E,0,0,P,MITS,EGS,2H,3,17,2944,,0,1008,,G,,0,0,000000000,00000000000,0,0,0,1,0,0,0,0,0,0,0,35,0,0,0,1,81,2,1,9,0,0,0,1,8,81001,2,1,0,0,2,2,69,145,0,5,2,0,0,7,2007,3,2010,0,74,0,0,0,5,4,35,1,5,2,1,0,0,1,83,99,1,1,13,0,0
8,80108,1,1,1,25,5,1,0,35,0,1,0,8,2,6,52,6052,6,2007,3A4FY58B87T5,3,A,4,F,Y,5,8,B,8,7,T,5,0,P,CHRY,PTC,SV,7,17,3040,,0,1030,,G,,0,0,000000000,00000000000,0,0,0,1,0,0,0,0,0,0,0,80,0,1,6,12,0,6,2,1,0,0,0,1,8,81040,6,7,0,0,3,2,71,168,0,0,0,0,0,0,0,0,0,1,58,74,0,0,1,2,55,2,6,2,1,0,0,14,6,6,3,4,2,1,0
8,80109,1,1,1,22,5,16,8,1,0,1,0,8,1,72,706,72706,80,2007,1HD1GP4177K3,1,H,D,1,G,P,4,1,7,7,K,3,0,M,HD,FWG,RS,7,17,,,,,,,1584,0,0,000000000,00000000000,0,0,0,1,0,0,0,0,0,0,0,998,0,0,0,0,0,6,2,1,0,0,0,1,8,80634,6,1,0,0,3,0,73,200,0,0,0,1,1,6,2007,12,2008,9,85,0,0,0,1,4,35,1,1,2,1,0,0,1,50,9,1,2,98,1,0
8,80110,1,1,1,27,5,6,4,59,0,1,0,8,2,34,37,34037,4,2002,WBAGL63442DP,W,B,A,G,L,6,3,4,4,2,D,P,0,P,BMW,45I,4D,2,17,4376,,0,1177,,G,,0,0,000000000,00000000000,0,0,0,1,0,0,0,0,0,0,0,75,0,1,5,12,12,6,2,39,0,0,0,1,8,80021,0,0,0,0,0,0,66,215,0,2,0,0,0,5,2007,10,2008,1,0,0,0,0,1,2,40,3,5,2,1,40,3,14,6,1,1,4,1,1,1
8,80111,1,1,1,27,5,13,41,17,0,1,0,8,1,19,3,19003,4,1999,1G6KE54Y2XU7,1,G,6,K,E,5,4,Y,2,X,U,7,0,P,CADI,DDE,4D,99,17,4052,,0,1138,,G,,0,0,000000000,00000000000,0,0,0,1,0,0,0,0,0,0,0,60,0,0,0,14,12,6,2,35,0,0,0,1,8,80915,6,1,0,0,3,0,64,150,0,0,0,0,0,0,0,0,0,0,92,0,0,0,1,2,60,1,6,2,1,0,0,1,13,1,1,4,1,1,0