STATE,ST_CASE,VEH_NO,VE_FORMS,NUMOCCS,DAY,MONTH,HOUR,MINUTE,HARM_EV,MAN_COLL,UNITTYPE,HIT_RUN,REG_STAT,OWNER,MAKE,MODEL,MAK_MOD,BODY_TYP,MOD_YEAR,VIN,VIN_1,VIN_2,VIN_3,VIN_4,VIN_5,VIN_6,VIN_7,VIN_8,VIN_9,VIN_10,VIN_11,VIN_12,TOW_VEH,VINTYPE,VINMAKE,VINA_MOD,VIN_BT,VINMODYR,VIN_LNGT,VIN_WGT,WGTCD_TR,WHLBS_LG,WHLBS_SH,SER_TR,FUELCODE,MCYCL_DS,J_KNIFE,MCARR_I1,MCARR_I2,MCARR_ID,GVWR,V_CONFIG,CARGO_BT,HAZ_INV,HAZ_PLAC,HAZ_ID,HAZ_CNO,HAZ_REL,BUS_USE,SPEC_USE,EMER_USE,TRAV_SP,UNDERIDE,ROLLOVER,ROLINLOC,IMPACT1,IMPACT2,DEFORMED,TOWED,M_HARM,VEH_SC1,VEH_SC2,FIRE_EXP,DR_PRES,L_STATE,DR_ZIP,L_STATUS,L_TYPE,CDL_STAT,L_ENDORS,L_COMPL,L_RESTRI,DR_HGT,DR_WGT,PREV_ACC,PREV_SUS,PREV_DWI,PREV_SPD,PREV_OTH,FIRST_MO,FIRST_YR,LAST_MO,LAST_YR,SPEEDREL,DR_SF1,DR_SF2,DR_SF3,DR_SF4,VTRAFWAY,VNUM_LAN,VSPD_LIM,VALIGN,VPROFILE,VPAVETYP,VSURCOND,VTRAFCON,VTCONT_F,P_CRASH1,P_CRASH2,P_CRASH3,PCRASH4,PCRASH5,ACC_TYPE,DEATHS,DR_DRINK
8,80184,1,3,2,12,7,9,30,12,7,1,0,8,2,63,33,63033,4,2003,KNAFB121X352,K,N,A,F,B,1,2,1,X,3,5,2,0,P,KIA,STL,4D,3,17,2661,,0,1008,,G,,0,0,000000000,00000000000,0,0,0,1,0,0,0,0,0,0,0,65,0,0,0,7,12,6,2,12,0,0,0,1,8,80504,6,2,0,0,3,0,71,180,0,0,0,1,0,6,2008,6,2008,0,8,36,0,0,2,2,75,1,5,2,1,0,0,6,51,2,1,2,47,0,0
8,80184,2,3,1,12,7,9,30,12,7,1,0,8,1,20,34,20034,3,1993,2C1MR2469P67,2,C,1,M,R,2,4,6,9,P,6,7,0,P,GEO,GEM,2H,93,17,1650,,931,892,,G,,0,0,000000000,00000000000,0,0,0,1,0,0,0,0,0,0,0,65,0,0,0,1,1,6,2,12,0,0,0,1,8,80232,6,1,0,0,3,0,70,161,0,0,0,0,0,0,0,0,0,0,8,36,0,0,2,2,75,1,5,2,1,0,0,1,53,1,1,1,45,0,0
8,80184,3,3,2,12,7,9,30,12,7,1,0,29,4,20,22,20022,4,2010,1G1AF5F57A71,1,G,1,A,F,5,F,5,7,A,7,1,0,P,CHEV,BL2,4D,10,17,3216,,0,1033,,G,,0,0,000000000,00000000000,0,0,0,1,0,0,0,0,0,0,0,75,0,0,0,12,12,6,2,12,0,0,0,1,37,28607,6,1,0,0,3,0,71,999,0,0,0,0,0,0,0,0,0,0,0,0,0,0,2,2,75,1,6,2,1,0,0,1,54,7,1,1,98,1,0
8,80185,1,2,1,13,7,18,28,12,2,1,0,8,1,52,47,52047,6,2008,JA4MT41X38Z0,J,A,4,M,T,4,1,X,3,8,Z,0,0,P,MITS,OUT,UT,8,17,3781,,0,1051,,G,,0,0,000000000,00000000000,0,0,0,1,0,0,0,0,0,0,0,998,0,0,0,12,12,6,2,12,0,0,0,1,8,80919,6,1,0,0,3,3,73,220,0,0,0,0,0,0,0,0,0,0,38,0,0,0,3,2,55,1,1,2,1,2,3,11,15,1,1,2,68,0,0
8,80185,2,2,5,13,7,18,28,12,2,1,0,8,1,37,31,37031,4,1991,JHMED3653MS0,J,H,M,E,D,3,6,5,3,M,S,0,0,P,HOND,CLX,4D,91,17,2322,,0,906,,G,,0,0,000000000,00000000000,0,0,0,1,0,0,0,0,0,0,0,998,0,0,0,12,12,6,2,12,0,0,0,1,35,80906,6,1,0,0,3,0,64,170,98,0,0,0,0,0,0,0,0,0,92,0,0,0,3,2,55,1,1,2,1,2,3,1,62,1,1,1,69,1,0
8,80186,1,3,1,12,7,11,55,1,0,1,0,18,2,76,706,76706,80,2002,JYA2WEE012A0,J,Y,A,2,W,E,E,0,1,2,A,0,0,M,YAMA,VMX,RS,2,17,,,,,,,1198,0,0,000000000,00000000000,0,0,0,1,0,0,0,0,0,0,0,25,0,0,0,0,0,6,2,1,0,0,0,1,18,47846,6,1,0,0,3,0,70,190,0,0,0,0,0,0,0,0,0,1,28,53,0,0,1,2,25,2,6,2,1,40,3,14,6,1,3,2,98,1,1
8,80186,2,3,1,12,7,11,55,1,0,1,0,6,3,72,706,72706,80,2009,1HD1FR4369Y6,1,H,D,1,F,R,4,3,6,9,Y,6,0,M,HD,FKC,RS,9,17,,,,,,,1584,0,0,000000000,00000000000,0,0,0,1,0,0,0,0,0,0,0,25,0,0,0,62,1,2,3,1,0,0,0,1,97,0,9,9,99,0,9,9,999,999,99,99,99,99,99,99,9999,99,9999,0,0,0,0,0,1,2,25,3,5,2,1,40,3,14,62,99,1,1,98,0,0
8,80186,3,3,1,12,7,11,55,1,0,1,0,12,3,72,706,72706,80,2008,1HD1BX5178Y0,1,H,D,1,B,X,5,1,7,8,Y,0,0,M,HD,FLF,RS,8,17,,,,,,,1584,0,0,000000000,00000000000,0,0,0,1,0,0,0,0,0,0,0,25,0,0,0,0,0,2,3,1,0,0,0,1,97,0,9,9,99,0,9,9,999,999,99,99,99,99,99,99,9999,99,9999,0,0,0,0,0,1,2,25,3,5,2,1,40,3,14,62,9,1,1,98,0,0
8,80187,1,1,1,12,7,23,0,1,0,1,0,20,2,20,481,20481,31,2003,2GCEC19TX311,2,G,C,E,C,1,9,T,X,3,1,1,0,T,CHEV,SC1,4C,3,17,,2,1575,1435,SIL,G,,0,0,000000000,00000000000,0,0,0,1,0,0,0,0,0,0,0,55,0,2,5,0,0,6,2,1,0,0,0,1,8,81090,2,8,0,0,2,2,67,160,0,1,1,0,0,9,2008,1,2009,1,58,74,92,0,1,2,55,1,1,5,1,0,0,1,6,7,4,4,7,1,1
8,80188,1,2,1,14,7,20,19,12,7,1,0,8,2,9,20,9020,4,2001,1P3ES46C21D2,1,P,3,E,S,4,6,C,2,1,D,2,0,P,PLYM,NLX,4D,1,17,2585,,0,1050,,G,,0,0,000000000,00000000000,0,0,0,1,0,0,0,0,0,0,0,65,0,1,3,62,0,6,2,1,0,0,0,1,8,80219,6,1,0,0,3,0,65,270,0,1,1,1,2,8,2007,9,2009,0,27,92,0,0,2,2,65,1,1,2,1,0,0,15,10,1,1,2,47,0,0
8,80188,2,2,1,14,7,20,19,12,7,1,0,8,1,72,706,72706,80,1979,4E29712H9,4,E,2,9,7,1,2,H,9,,,,0,P,,,,,,,,,,,,,0,0,000000000,00000000000,0,0,0,1,0,0,0,0,0,0,0,65,0,0,0,81,0,6,2,2,0,0,1,1,8,80621,2,1,2,0,2,2,66,180,0,4,0,0,0,2,2009,7,2010,0,74,92,0,0,2,2,65,1,1,2,1,0,0,1,61,1,1,1,45,1,1
8,80189,1,1,1,16,7,9,55,10,0,1,0,8,1,7,472,7472,30,2003,1D7FL16X13S3,1,D,7,F,L,1,6,X,1,3,S,3,0,T,DODG,SXT,PK,3,17,,1,0,1119,DAK,G,,0,0,000000000,00000000000,0,0,0,1,0,0,0,0,0,0,0,30,0,0,0,81,81,6,2,10,0,0,0,1,8,81082,6,1,0,0,3,3,73,210,0,0,0,1,0,1,2010,1,2010,0,8,38,0,0,1,2,30,1,6,5,1,65,3,1,98,1,1,1,15,1,0
8,80190,1,2,2,16,7,21,53,12,2,1,1,8,2,14,15,14015,2,1992,1MEPM31XXNK6,1,M,E,P,M,3,1,X,X,N,K,6,0,P,MERC,TGS,2D,92,17,2544,,0,999,,G,,0,0,000000000,00000000000,0,0,0,1,0,0,0,0,0,0,0,20,0,0,0,12,12,4,1,12,0,0,0,1,8,80229,3,1,0,0,2,0,64,115,0,0,0,0,0,0,0,0,0,0,39,92,0,0,1,4,30,1,1,2,1,2,3,11,15,1,1,1,68,0,1
8,80190,2,2,2,16,7,21,53,12,2,1,0,8,1,72,706,72706,80,1998,1HD1DDL18WY6,1,H,D,1,D,D,L,1,8,W,Y,6,0,M,HD,FHT,RS,98,17,,,,,,,1340,0,0,000000000,00000000000,0,0,0,1,0,0,0,0,0,0,0,20,0,0,0,12,12,6,2,12,0,0,0,1,8,80231,6,1,0,0,3,0,72,210,1,0,0,1,0,8,2008,11,2009,0,0,0,0,0,1,4,30,1,1,2,1,2,3,1,62,1,1,1,69,1,0
8,80191,1,1,1,17,7,5,7,31,0,1,0,8,2,20,401,20401,14,2004,1GNDT13X74K1,1,G,N,D,T,1,3,X,7,4,K,1,0,P,CHEV,BZR,UT,4,17,4134,,0,1070,,G,,0,0,000000000,00000000000,0,0,0,1,0,0,0,0,0,0,0,66,0,2,5,9,0,6,2,1,0,0,0,1,8,80917,0,0,0,0,0,0,72,180,0,0,0,0,0,0,0,0,0,1,48,58,0,0,1,2,45,1,6,5,1,28,3,10,6,9,3,4,14,1,0
8,80192,1,2,3,19,7,14,15,12,1,1,0,8,2,12,3,12003,2,1996,1FALP4049TF1,1,F,A,L,P,4,0,4,9,T,F,1,0,P,FORD,MUS,CP,96,17,3057,,0,1013,,G,,0,0,000000000,00000000000,0,0,0,1,0,0,0,0,0,0,0,65,1,0,0,12,13,6,2,12,0,0,0,1,8,81649,6,1,0,0,3,0,69,160,0,0,0,0,0,0,0,0,0,0,26,0,0,0,3,2,65,1,5,2,1,28,3,1,51,8,1,1,24,1,0
8,80192,2,2,1,19,7,14,15,12,1,1,0,41,3,82,881,82881,66,2006,1FUJA6CK96LW,1,F,U,J,A,6,C,K,9,6,L,W,1,T,FRHT,COL,DS,6,17,,8,0,0,CON,D,,1,57,01544288,5701544288,3,6,1,1,0,0,0,0,0,0,0,35,0,0,0,6,6,4,1,12,0,0,0,1,36,11224,6,1,6,1,3,0,74,999,0,2,0,0,0,6,2008,9,2008,0,0,0,0,0,3,2,65,1,5,2,1,28,3,1,53,1,1,1,25,0,0
8,80193,1,1,4,27,7,22,48,1,0,1,0,8,2,23,431,23431,16,2002,1GKFK16Z52J2,1,G,K,F,K,1,6,Z,5,2,J,2,0,T,GMC,KX1,4W,2,17,,2,0,1300,YUK,F,,0,0,000000000,00000000000,0,0,0,1,0,0,0,0,0,0,0,80,0,2,1,0,0,6,2,1,0,0,0,1,8,80919,6,2,0,0,3,0,69,130,0,0,0,0,0,0,0,0,0,0,52,58,0,0,3,2,75,1,6,2,1,0,0,1,11,6,3,6,98,1,0
8,80194,1,2,1,21,7,22,57,12,2,1,0,8,1,7,482,7482,31,2009,1D3HV13T79S7,1,D,3,H,V,1,3,T,7,9,S,7,0,T,DODG,150,CW,9,17,,2,0,1400,RPC,G,,0,0,000000000,00000000000,0,0,0,1,0,0,0,0,0,0,0,20,0,0,0,12,12,6,2,12,0,0,0,1,8,80465,6,1,0,0,3,0,70,180,0,0,0,0,0,0,0,0,0,0,38,0,0,0,3,2,40,1,1,2,1,2,3,11,15,1,1,2,68,0,0
8,80194,2,2,2,21,7,22,57,12,2,1,0,8,1,12,13,12013,6,1995,1FASP15J7SW3,1,F,A,S,P,1,5,J,7,S,W,3,0,P,FORD,EST,SW,95,17,2451,,0,984,,G,,0,0,000000000,00000000000,0,0,0,1,0,0,0,0,0,0,0,40,0,0,0,12,12,6,2,12,0,0,0,1,8,80013,6,1,0,0,3,0,60,998,0,1,0,1,0,8,2007,11,2007,0,0,0,0,0,3,2,40,1,1,2,1,2,3,1,62,1,1,1,69,1,0
8,80195,1,1,2,21,7,13,1,1,0,1,0,8,1,72,706,72706,80,2003,1HD1FFW473Y6,1,H,D,1,F,F,W,4,7,3,Y,6,0,M,HD,TCA,RS,3,17,,,,,,,1450,0,0,000000000,00000000000,0,0,0,1,0,0,0,0,0,0,0,998,0,0,0,0,0,6,2,1,0,0,0,1,8,80020,6,1,0,0,3,0,71,280,1,0,0,1,1,10,2008,6,2010,1,52,0,0,0,6,1,55,4,6,2,1,28,3,2,6,3,3,1,98,1,0
8,80196,1,1,1,24,7,15,15,1,0,1,0,8,1,7,482,7482,31,2003,3D7KU28C03G7,3,D,7,K,U,2,8,C,0,3,G,7,0,T,DODG,SQ2,CW,3,17,,2,1605,1405,RPC,D,,0,0,000000000,00000000000,0,0,0,1,0,0,0,0,0,0,0,70,0,2,5,0,0,6,2,1,0,0,0,1,8,81416,2,1,0,0,2,2,69,150,0,4,1,0,0,11,2007,6,2009,1,37,74,0,0,1,2,45,2,6,2,1,28,3,14,6,7,3,4,7,1,1
8,80197,1,1,3,26,7,1,27,14,0,1,0,8,2,20,37,20037,4,1998,1G1NE52M9W62,1,G,1,N,E,5,2,M,9,W,6,2,0,P,CHEV,M/L,4D,98,17,3100,,0,1070,,G,,0,0,000000000,00000000000,0,0,0,1,0,0,0,0,0,0,0,85,0,0,0,83,83,6,2,14,0,0,0,1,8,80249,0,0,0,0,0,0,66,150,1,2,0,0,0,3,2009,10,2009,1,8,36,0,0,1,2,30,1,1,1,1,0,0,1,6,6,4,4,11,2,0
8,80198,1,1,1,26,7,2,0,31,0,1,0,4,1,37,705,37705,80,2005,JH2RC44505M8,J,H,2,R,C,4,4,5,0,5,M,8,0,M,HOND,T7D,RS,5,17,,,,,,,745,0,0,000000000,00000000000,0,0,0,1,0,0,0,0,0,0,0,65,0,0,0,3,0,6,2,1,0,0,0,1,4,80304,6,1,0,0,3,0,71,190,0,0,0,0,0,0,0,0,0,0,0,0,0,0,1,2,65,2,6,2,1,0,0,14,12,1,1,4,6,1,1
8,80199,1,2,2,27,7,21,23,8,0,1,0,8,1,18,18,18018,4,1997,1G4NJ52T0VC4,1,G,4,N,J,5,2,T,0,V,C,4,0,P,BUIC,SCL,4D,97,17,2985,,0,1034,,G,,0,0,000000000,00000000000,0,0,0,1,0,0,0,0,0,0,0,30,0,0,0,12,12,2,3,8,0,0,0,1,8,81004,6,1,0,0,3,1,61,135,0,0,0,0,0,0,0,0,0,0,0,0,0,0,5,4,35,1,6,2,1,0,0,1,80,1,1,1,13,0,0
8,80199,2,2,1,27,7,21,23,8,0,1,1,99,9,99,999,99999,99,9999,999999999999,9,9,9,9,9,9,9,9,9,9,9,9,0,U,,,,9,17,,,,,,,,0,0,000000000,00000000000,0,0,0,1,0,0,0,0,0,0,0,30,0,0,0,14,14,0,1,8,0,0,0,1,99,99999,9,9,99,0,9,9,999,999,99,99,99,99,99,99,9999,99,9999,0,0,0,0,0,5,4,35,1,6,2,1,0,0,1,80,99,1,1,98,0,0
8,80200,1,1,1,12,7,15,55,33,0,1,0,8,1,48,34,48034,6,1997,4S3BG6854V76,4,S,3,B,G,6,8,5,4,V,7,6,0,P,SUBA,UKK,SW,97,17,3155,,0,1035,,G,,0,0,000000000,00000000000,0,0,0,1,0,0,0,0,0,0,0,35,0,0,0,14,12,6,2,42,0,0,0,1,8,80907,6,1,0,0,3,0,65,120,0,0,0,0,0,0,0,0,0,0,0,0,0,0,5,2,45,1,1,2,1,0,0,1,13,1,1,4,1,1,0
8,80201,1,1,1,15,7,21,26,8,0,1,0,8,2,24,7,24007,4,2006,1G8AJ55F46Z1,1,G,8,A,J,5,5,F,4,6,Z,1,0,P,STRN,SI2,4D,6,17,2802,,0,1035,,G,,0,0,000000000,00000000000,0,0,0,1,0,0,0,0,0,0,0,60,0,0,0,12,12,2,3,8,0,0,0,1,8,80808,6,2,0,0,3,3,67,115,0,0,0,0,1,6,2008,6,2008,1,0,0,0,0,5,2,50,1,1,2,1,0,0,1,80,1,1,1,13,0,0
8,80202,1,1,1,28,7,19,25,31,0,1,0,8,3,22,20,22020,4,2002,1G2WR52152F2,1,G,2,W,R,5,2,1,5,2,F,2,0,P,PONT,GTP,4D,2,17,3559,,0,1105,,G,,0,0,000000000,00000000000,0,0,0,1,0,0,0,0,0,0,0,80,0,0,0,1,3,6,2,30,0,0,0,1,8,81501,6,1,0,0,3,0,74,210,1,0,0,3,0,7,2007,1,2010,1,87,0,0,0,2,2,65,1,1,2,2,0,0,1,6,1,4,4,7,1,0
8,80203,1,1,3,29,7,17,5,53,0,1,0,8,2,2,404,2404,14,1994,1J4FJ68S6RL1,1,J,4,F,J,6,8,S,6,R,L,1,0,T,JEEP,SPT,4W,94,17,,1,0,1014,CHK,G,,0,0,000000000,00000000000,0,0,0,1,0,0,0,0,0,0,0,55,0,2,5,12,0,6,2,1,0,0,0,1,8,81240,6,2,0,0,3,0,68,140,0,0,0,0,0,0,0,0,0,0,0,0,0,0,1,2,55,1,5,2,1,0,0,1,12,1,1,4,6,3,0
8,80204,1,1,1,7,7,21,29,8,0,1,0,8,2,24,2,24002,2,1994,1G8ZG1579RZ2,1,G,8,Z,G,1,5,7,9,R,Z,2,0,P,STRN,SC2,CP,94,17,2272,,0,992,,G,,0,0,000000000,00000000000,0,0,0,1,0,0,0,0,0,0,0,40,0,0,0,12,12,4,3,8,0,0,0,1,8,81321,6,1,0,0,3,0,65,135,0,0,0,0,0,0,0,0,0,0,0,0,0,0,5,4,40,1,1,2,1,0,0,1,80,1,1,1,13,0,0
8,80205,1,1,2,25,7,0,17,1,0,1,0,8,1,98,706,98706,80,2003,1L9SD49013W2,1,L,9,S,D,4,9,0,1,3,W,2,0,U,,,,3,17,,,,,,,,0,0,000000000,00000000000,0,0,0,1,0,0,0,0,0,0,0,60,0,0,0,0,0,6,2,32,0,0,0,1,8,80128,6,1,0,0,3,0,66,180,0,0,0,0,2,2,2008,5,2008,1,8,0,0,0,1,2,35,3,1,2,1,0,0,14,6,99,1,1,98,1,1
8,80206,1,1,1,2,7,5,40,24,0,1,0,8,1,53,705,53705,80,2008,JS1GN7EA7821,J,S,1,G,N,7,E,A,7,8,2,1,0,M,SUZI,G60,RS,8,17,,,,,,,599,0,0,000000000,00000000000,0,0,0,1,0,0,0,0,0,0,0,55,0,0,0,12,12,6,2,24,0,0,0,1,8,80601,6,1,3,0,2,3,71,170,0,2,1,1,2,12,2007,4,2009,0,52,92,0,0,6,2,55,3,5,1,1,0,0,14,9,3,1,4,1,1,0
8,80207,1,3,1,13,7,10,16,12,6,1,0,8,1,18,2,18002,4,2001,1G4HP54K3142,1,G,4,H,P,5,4,K,3,1,4,2,0,P,BUIC,LCF,4D,1,17,3567,,0,1122,,G,,0,0,000000000,00000000000,0,0,0,1,0,0,0,0,0,0,0,30,0,0,0,12,12,4,3,12,0,0,0,1,8,80224,6,1,0,0,3,3,62,145,0,0,0,0,2,12,2007,1,2008,0,38,0,0,0,3,3,30,1,1,2,1,2,3,11,15,1,1,2,68,0,0
8,80207,2,3,1,13,7,10,16,12,6,1,0,92,0,98,701,98701,80,2001,ZD4PFF1091S0,Z,D,4,P,F,F,1,0,9,1,S,0,0,U,,,,1,17,,,,,,,,0,0,000000000,00000000000,0,0,0,1,0,0,0,0,0,0,0,30,0,0,0,63,81,6,2,12,0,0,0,1,8,80014,2,1,0,0,2,2,70,175,1,9,0,0,0,7,2007,8,2009,0,74,92,0,0,3,3,30,1,1,2,1,2,3,1,62,1,1,1,69,1,0
8,80207,3,3,1,13,7,10,16,12,6,1,0,8,1,55,401,55401,14,2004,KM8SC73E44U6,K,M,8,S,C,7,3,E,4,4,U,6,0,P,HYUN,SAN,UT,4,17,3720,,0,1031,,G,,0,0,000000000,00000000000,0,0,0,1,0,0,0,0,0,0,0,0,0,0,0,12,12,2,1,12,0,0,0,1,8,80224,6,1,0,0,3,0,61,170,0,0,0,1,1,7,2007,3,2009,0,0,0,0,0,1,2,15,1,1,2,1,2,3,5,66,1,1,1,98,0,0
8,80208,1,1,1,23,7,11,1,8,0,1,0,8,1,37,32,37032,2,1998,1HGCG3152WA0,1,H,G,C,G,3,1,5,2,W,A,0,0,P,HOND,UEX,CP,98,17,2908,,0,1051,,G,,0,0,000000000,00000000000,0,0,0,1,0,0,0,0,0,0,0,15,0,0,0,12,12,2,1,8,0,0,0,1,8,80210,6,1,0,0,3,3,67,140,1,0,0,0,0,1,2010,1,2010,0,38,52,0,0,1,5,40,1,6,2,1,2,3,10,80,1,1,1,13,0,0
8,80209,1,2,1,2,8,21,35,12,6,1,0,8,1,7,481,7481,31,1986,JB7FP44EXGP0,J,B,7,F,P,4,4,E,X,G,P,0,0,T,DODG,D5R,PK,86,17,,1,0,1096,D5I,G,,0,0,000000000,00000000000,0,0,0,1,0,0,0,0,0,0,0,55,0,0,0,12,12,6,2,12,0,0,0,1,8,81504,6,1,0,0,3,0,74,175,0,0,0,1,0,11,2008,11,2008,1,23,0,0,0,5,4,45,1,1,2,1,0,0,1,17,1,1,1,83,0,1
8,80209,2,2,1,2,8,21,35,12,6,1,0,8,1,35,43,35043,4,2005,3N1CB51D45L4,3,N,1,C,B,5,1,D,4,5,L,4,0,P,NISS,S18,4D,5,17,2387,,0,998,,G,,0,0,000000000,00000000000,0,0,0,1,0,0,0,0,0,0,0,5,0,0,0,9,9,6,2,12,0,0,0,1,8,81504,6,2,0,0,3,0,64,118,0,0,0,0,0,0,0,0,0,0,38,0,0,0,1,2,30,1,1,2,1,20,3,11,66,1,1,1,82,1,0
8,80210,1,2,3,2,8,6,10,12,6,1,0,8,2,20,481,20481,31,1982,1GCGC24J5CJ1,1,G,C,G,C,2,4,J,5,C,J,1,0,T,CHEV,C20,PK,82,17,,2,0,1315,C20,D,,0,0,000000000,00000000000,0,0,0,1,0,0,0,0,0,0,0,65,0,0,0,12,12,6,2,12,0,0,0,1,8,81301,6,1,0,0,3,0,68,133,0,0,0,0,0,0,0,0,0,0,33,0,0,0,1,2,65,1,1,2,2,28,3,11,15,1,1,2,72,0,0
8,80210,2,2,1,2,8,6,10,12,6,1,0,35,2,20,16,20016,2,1994,1G1JC1440R72,1,G,1,J,C,1,4,4,0,R,7,2,0,P,CHEV,CRV,CP,94,17,2509,,0,1013,,G,,0,0,000000000,00000000000,0,0,0,1,0,0,0,0,0,0,0,15,0,0,0,9,9,6,2,12,0,0,0,1,35,87401,0,0,0,0,0,0,999,999,98,0,0,0,0,0,0,0,0,0,0,0,0,0,1,2,65,1,1,2,2,28,3,6,51,1,1,2,73,1,0
8,80211,1,2,2,3,8,22,46,12,2,1,0,8,1,41,37,41037,4,1990,1YVGD22B8L52,1,Y,V,G,D,2,2,B,8,L,5,2,0,P,MAZD,6DL,4D,90,17,2610,,0,1014,,G,,0,0,000000000,00000000000,0,0,0,1,0,0,0,0,0,0,0,40,0,0,0,12,12,6,2,12,0,0,0,1,8,80127,6,1,0,0,3,3,72,220,0,0,0,1,0,4,2009,4,2009,0,39,0,0,0,3,2,45,1,6,2,1,2,3,1,17,1,1,1,69,1,0
8,80211,2,2,1,3,8,22,46,12,2,1,0,8,4,12,422,12422,15,2010,1FMJK1J51AEB,1,F,M,J,K,1,J,5,1,A,E,B,0,P,FORD,EPT,UT,10,17,6155,,0,1310,,F,,0,0,000000000,00000000000,0,0,0,1,0,0,0,0,0,0,0,25,0,0,0,12,12,6,2,12,0,0,0,1,6,95035,6,1,0,0,3,3,73,195,0,0,0,0,0,0,0,0,0,0,0,0,0,0,3,2,40,1,1,2,1,2,3,11,61,1,1,1,68,0,0
8,80212,1,1,1,4,8,13,5,52,0,1,0,8,1,12,15,12015,4,1992,2FAPP36U5NB2,2,F,A,P,P,3,6,U,5,N,B,2,0,P,FORD,TGL,4D,92,17,2600,,0,999,,G,,0,0,000000000,00000000000,0,0,0,1,0,0,0,0,0,0,0,60,0,0,0,12,12,6,2,52,0,0,0,1,8,80749,6,1,0,0,3,0,66,180,0,0,0,0,0,0,0,0,0,0,0,0,0,0,1,2,65,1,1,2,1,28,3,1,13,1,1,4,1,1,0
8,80213,1,1,2,5,8,11,50,1,0,1,0,12,3,72,706,72706,80,2007,1HD1FC4147Y6,1,H,D,1,F,C,4,1,4,7,Y,6,0,M,HD,FLU,RS,7,17,,,,,,,1584,0,0,000000000,00000000000,0,0,0,1,0,0,0,0,0,0,0,75,0,0,0,0,0,6,2,1,0,0,0,1,97,0,9,9,99,0,9,9,999,999,99,99,99,99,99,99,9999,99,9999,0,53,0,0,0,3,2,75,1,5,2,1,40,3,15,5,8,4,2,98,1,0
8,80214,1,1,1,5,8,12,45,41,0,1,0,17,1,53,705,53705,80,2000,JS1GN7AAXY21,J,S,1,G,N,7,A,A,X,Y,2,1,0,M,SUZI,GF6,RS,0,17,,,,,,,600,0,0,000000000,00000000000,0,0,0,1,0,0,0,0,0,0,0,70,0,0,0,12,0,6,2,1,0,0,0,1,17,60202,6,1,0,0,3,1,70,145,0,0,0,1,0,6,2009,6,2009,1,52,0,0,0,1,3,45,3,6,2,1,40,3,14,6,8,1,4,1,1,0
8,80215,1,1,1,5,8,23,59,1,0,1,0,8,1,72,706,72706,80,2006,1HD1HCZ4X6K8,1,H,D,1,H,C,Z,4,X,6,K,8,0,M,HD,VRR,RS,6,17,,,,,,,1130,0,0,000000000,00000000000,0,0,0,1,0,0,0,0,0,0,0,45,0,0,0,0,0,2,3,1,0,0,0,1,8,81652,6,1,0,0,3,0,71,240,0,0,0,2,1,1,2008,4,2009,1,57,92,0,0,1,2,35,1,5,2,1,0,0,1,9,3,2,1,98,1,1
8,80216,1,1,1,7,8,20,50,31,0,1,0,8,1,2,403,2403,14,1987,2BCCL81J3HB5,2,B,C,C,L,8,1,J,3,H,B,5,0,T,AMER,WRA,UT,87,17,,1,0,935,WRA,G,,0,0,000000000,00000000000,0,0,0,1,0,0,0,0,0,0,0,55,0,1,1,12,0,6,2,1,0,0,0,1,8,81428,1,1,0,0,2,2,74,195,0,4,0,0,0,5,2008,6,2010,0,74,92,0,0,1,2,55,1,6,2,2,28,3,1,13,1,1,4,1,1,1
8,80217,1,2,3,8,8,14,50,12,6,1,0,8,4,35,51,35051,6,2010,JN8AS5MV5AW1,J,N,8,A,S,5,M,V,5,A,W,1,0,P,NISS,ROG,UT,10,17,3435,,0,1059,,G,,0,0,000000000,00000000000,0,0,0,1,0,0,0,0,0,0,0,45,0,1,5,9,9,6,2,12,0,0,0,1,1,35242,6,1,0,0,3,0,73,200,0,0,0,0,0,0,0,0,0,0,39,0,0,0,1,2,50,1,1,1,1,20,3,1,17,1,1,1,89,1,0
8,80217,2,2,1,8,8,14,50,12,6,1,0,46,3,82,881,82881,66,1996,1FV8C0Y94TH5,1,F,V,8,C,0,Y,9,4,T,H,5,1,T,FRHT,FLD,GL,96,17,,8,0,0,CON,,,3,57,400655,57400655,3,6,2,1,0,0,0,0,0,0,0,50,0,0,0,12,12,6,2,12,0,0,0,1,46,57783,6,1,6,1,3,1,70,210,0,0,0,0,0,0,0,0,0,0,0,0,0,0,1,2,55,1,1,1,1,0,0,1,67,3,1,1,88,0,0
8,80218,1,2,1,7,8,9,5,12,6,1,0,8,1,35,472,35472,30,2007,1N6AD09W07C4,1,N,6,A,D,0,9,W,0,7,C,4,0,T,NISS,CEO,CW,7,17,,1,0,1399,FRT,G,,0,0,000000000,00000000000,0,0,0,1,0,0,0,0,0,0,0,20,0,0,0,12,12,6,2,12,0,0,0,1,8,81004,6,1,0,0,3,0,68,250,0,0,0,0,0,0,0,0,0,0,39,0,0,0,3,2,35,3,6,2,1,1,3,11,15,1,1,2,68,0,0
8,80218,2,2,1,7,8,9,5,12,6,1,0,8,1,6,43,6043,2,1997,3C3EL55H7VT5,3,C,3,E,L,5,5,H,7,V,T,5,0,P,CHRY,SJI,CV,97,17,3376,,0,1060,,G,,0,0,000000000,00000000000,0,0,0,1,0,0,0,0,0,0,0,35,0,0,0,63,63,6,2,12,0,0,0,1,8,81007,6,1,0,0,3,3,70,180,0,0,0,0,0,0,0,0,0,0,0,0,0,0,3,2,35,3,5,2,1,1,3,14,62,1,1,1,69,1,0