STATE,ST_CASE,VEH_NO,VE_FORMS,NUMOCCS,DAY,MONTH,HOUR,MINUTE,HARM_EV,MAN_COLL,UNITTYPE,HIT_RUN,REG_STAT,OWNER,MAKE,MODEL,MAK_MOD,BODY_TYP,MOD_YEAR,VIN,VIN_1,VIN_2,VIN_3,VIN_4,VIN_5,VIN_6,VIN_7,VIN_8,VIN_9,VIN_10,VIN_11,VIN_12,TOW_VEH,VINTYPE,VINMAKE,VINA_MOD,VIN_BT,VINMODYR,VIN_LNGT,VIN_WGT,WGTCD_TR,WHLBS_LG,WHLBS_SH,SER_TR,FUELCODE,MCYCL_DS,J_KNIFE,MCARR_I1,MCARR_I2,MCARR_ID,GVWR,V_CONFIG,CARGO_BT,HAZ_INV,HAZ_PLAC,HAZ_ID,HAZ_CNO,HAZ_REL,BUS_USE,SPEC_USE,EMER_USE,TRAV_SP,UNDERIDE,ROLLOVER,ROLINLOC,IMPACT1,IMPACT2,DEFORMED,TOWED,M_HARM,VEH_SC1,VEH_SC2,FIRE_EXP,DR_PRES,L_STATE,DR_ZIP,L_STATUS,L_TYPE,CDL_STAT,L_ENDORS,L_COMPL,L_RESTRI,DR_HGT,DR_WGT,PREV_ACC,PREV_SUS,PREV_DWI,PREV_SPD,PREV_OTH,FIRST_MO,FIRST_YR,LAST_MO,LAST_YR,SPEEDREL,DR_SF1,DR_SF2,DR_SF3,DR_SF4,VTRAFWAY,VNUM_LAN,VSPD_LIM,VALIGN,VPROFILE,VPAVETYP,VSURCOND,VTRAFCON,VTCONT_F,P_CRASH1,P_CRASH2,P_CRASH3,PCRASH4,PCRASH5,ACC_TYPE,DEATHS,DR_DRINK
8,80219,1,1,2,10,8,17,0,31,0,1,0,8,2,12,481,12481,31,2000,1FTRX18L8YNB,1,F,T,R,X,1,8,L,8,Y,N,B,0,T,FORD,F15,4C,0,17,,2,1574,1388,COF,G,,0,0,000000000,00000000000,0,0,0,1,0,0,0,0,0,0,0,60,0,1,6,12,0,6,2,1,0,0,0,1,8,81401,0,0,0,0,0,0,999,999,0,0,0,0,0,0,0,0,0,0,52,92,0,0,1,2,60,1,1,2,1,28,3,1,13,8,1,4,1,1,0
8,80220,1,1,1,11,8,10,30,8,0,1,0,35,3,12,481,12481,31,2006,1FTSX21596EB,1,F,T,S,X,2,1,5,9,6,E,B,0,T,FORD,F2S,4C,6,17,,2,1580,1420,SRW,G,,0,0,000000000,00000000000,0,0,0,1,0,0,0,0,0,0,0,50,0,0,0,12,12,2,1,8,0,0,0,1,35,87401,6,1,0,0,3,0,67,250,98,0,0,0,1,11,2008,11,2008,0,0,0,0,0,1,2,55,1,1,2,1,40,1,1,80,8,1,1,13,0,0
8,80221,1,2,1,9,8,11,33,12,6,1,0,8,1,12,481,12481,31,1996,1FTHX26F5TEA,1,F,T,H,X,2,6,F,5,T,E,A,0,T,FORD,F25,PS,96,17,,2,1550,1390,COF,D,,0,0,000000000,00000000000,0,0,0,1,0,0,0,0,0,0,0,35,0,0,0,82,82,6,2,12,0,0,0,1,8,80456,6,1,6,0,3,0,66,155,0,0,0,0,0,0,0,0,0,0,38,0,0,0,1,2,50,1,1,2,1,20,3,1,17,1,1,1,87,1,0
8,80221,2,2,1,9,8,11,33,12,6,1,0,29,3,84,881,84881,66,2005,2HSCNAPR95C1,2,H,S,C,N,A,P,R,9,5,C,1,1,T,INTL,94I,DS,5,17,,8,0,0,940,D,,1,57,319304,57319304,3,6,1,1,0,0,0,0,0,0,0,45,0,0,0,12,12,6,2,12,0,0,0,1,29,65582,6,1,6,1,3,0,72,190,0,0,0,0,0,0,0,0,0,0,0,0,0,0,1,2,65,1,1,2,1,0,0,1,66,3,2,1,86,0,0
8,80222,1,1,2,12,8,4,58,1,0,1,0,8,2,20,36,20036,2,2007,2G1WJ15N6792,2,G,1,W,J,1,5,N,6,7,9,2,0,P,CHEV,MLS,CP,7,17,3461,,0,1105,,G,,0,0,000000000,00000000000,0,0,0,1,0,0,0,0,0,0,0,998,0,2,5,0,0,6,2,1,0,0,0,1,8,80022,0,0,0,0,0,0,999,999,0,0,0,0,1,8,2008,8,2008,0,58,81,92,0,1,2,50,1,1,2,1,28,3,1,90,8,3,4,4,1,1
8,80223,1,1,1,12,8,16,20,31,0,1,0,4,1,7,482,7482,31,2009,3D7MX48L29G5,3,D,7,M,X,4,8,L,2,9,G,5,0,T,DODG,Q35,CW,9,17,,3,1605,1405,RPC,D,,0,0,000000000,00000000000,0,0,0,1,0,0,0,0,0,0,0,50,0,1,5,12,0,6,2,1,0,0,1,1,4,80466,6,1,0,0,3,3,74,260,0,0,0,0,0,0,0,0,0,1,0,0,0,0,1,2,40,3,1,2,1,40,3,14,6,6,4,4,2,1,1
8,80224,1,1,1,13,8,3,0,38,0,1,0,8,2,73,706,73706,80,2005,JKAZXCC175A0,J,K,A,Z,X,C,C,1,7,5,A,0,0,M,KAWK,Z1R,RS,5,17,,,,,,,998,0,0,000000000,00000000000,0,0,0,1,0,0,0,0,0,0,0,998,0,0,0,12,12,6,2,42,0,0,0,1,8,80204,0,0,0,0,0,0,999,999,0,0,0,0,0,0,0,0,0,9,28,92,0,0,1,2,25,1,1,2,1,20,3,1,14,1,1,4,14,1,1
8,80225,1,1,2,13,8,20,7,1,0,1,0,8,1,49,40,49040,4,1996,4T1BF12K4TU1,4,T,1,B,F,1,2,K,4,T,U,1,0,P,TOYT,LXS,4D,96,17,3241,,0,1031,,G,,0,0,000000000,00000000000,0,0,0,1,0,0,0,0,0,0,0,65,0,2,5,0,0,6,2,1,0,0,0,1,8,81055,2,1,0,0,2,2,71,185,0,0,0,0,0,0,0,0,0,0,58,74,0,0,1,2,65,3,1,2,1,0,0,14,11,8,4,4,7,1,1
8,80226,1,1,5,14,8,1,30,38,0,1,0,8,2,12,481,12481,31,2003,1FTRX08L53KB,1,F,T,R,X,0,8,L,5,3,K,B,0,T,FORD,F15,4C,3,17,,2,0,1388,COF,G,,0,0,000000000,00000000000,0,0,0,1,0,0,0,0,0,0,0,100,0,1,5,12,0,6,2,1,0,0,0,1,8,81141,6,2,0,0,3,0,61,140,0,0,0,0,0,0,0,0,0,1,8,86,92,0,1,2,35,1,1,2,1,0,0,1,80,6,4,4,8,3,1
8,80227,1,1,1,14,8,6,15,1,0,1,0,8,2,6,52,6052,1,2001,3C4FY4BB81T5,3,C,4,F,Y,4,B,B,8,1,T,5,0,P,CHRY,PTC,SV,1,17,3109,,0,1030,,G,,0,0,000000000,00000000000,0,0,0,1,0,0,0,0,0,0,0,60,0,2,5,0,0,6,2,1,0,0,0,1,8,81047,6,7,0,0,3,2,63,145,0,0,0,0,0,0,0,0,0,1,73,0,0,0,1,2,55,1,6,5,1,0,0,1,6,7,4,4,2,1,0
8,80228,1,1,1,15,8,12,0,18,0,1,0,8,1,72,706,72706,80,2002,1HD1CGP3X2K1,1,H,D,1,C,G,P,3,X,2,K,1,0,M,HD,20C,RS,2,17,,,,,,,1200,0,0,000000000,00000000000,0,0,0,1,0,0,0,0,0,0,0,35,0,0,0,9,9,6,2,18,0,0,0,1,8,80433,6,1,0,0,3,0,68,190,0,0,0,4,2,1,2008,2,2010,0,92,0,0,0,1,2,35,3,5,2,1,40,3,14,13,1,1,4,1,1,0
8,80229,1,2,1,3,8,23,43,12,6,1,0,8,1,72,706,72706,80,2000,44721,4,4,7,2,1,,,,,,,,0,P,,,,,,,,,,,,,0,0,000000000,00000000000,0,0,0,1,0,0,0,0,0,0,0,50,0,0,0,12,12,6,2,12,35,0,0,1,8,80110,1,1,0,0,2,2,70,230,0,4,0,0,2,8,2008,6,2010,1,37,74,0,0,5,4,35,1,1,2,1,0,0,1,62,1,1,1,69,1,1
8,80229,2,2,1,3,8,23,43,12,6,1,0,8,3,49,43,49043,4,1996,4T1BF12B4TU0,4,T,1,B,F,1,2,B,4,T,U,0,0,P,TOYT,UVS,4D,96,17,3263,,0,1071,,G,,0,0,000000000,00000000000,0,0,0,1,0,0,0,0,0,0,0,5,0,0,0,1,82,6,2,12,0,0,0,1,8,80110,6,1,0,0,3,3,68,160,0,1,0,0,1,1,2010,8,2010,0,48,0,0,0,5,4,35,1,1,2,1,0,0,11,15,1,1,2,68,0,0
8,80230,1,1,1,18,8,11,5,1,0,1,0,8,1,23,401,23401,14,1998,1GKDT13W4W25,1,G,K,D,T,1,3,W,4,W,2,5,0,T,GMC,JMY,4W,98,17,,1,0,1070,JMY,G,,0,0,000000000,00000000000,0,0,0,1,0,0,0,0,0,0,0,55,0,2,5,0,0,6,2,1,0,0,1,1,8,80526,6,1,0,0,3,0,68,160,0,0,0,0,0,0,0,0,0,0,58,0,0,0,1,2,55,1,1,2,1,28,3,1,12,7,4,4,7,1,1
8,80231,1,1,3,13,8,19,36,1,0,1,0,8,1,20,402,20402,14,2001,2CNBJ7348169,2,C,N,B,J,7,3,4,8,1,6,9,0,P,CHEV,TKR,UT,1,17,2987,,0,976,,G,,0,0,000000000,00000000000,0,0,0,1,0,0,0,0,0,0,0,25,0,2,5,0,0,6,2,1,0,0,0,1,8,81503,6,1,0,0,3,0,63,118,0,0,0,0,0,0,0,0,0,0,53,92,0,0,1,2,25,2,6,5,1,0,0,14,12,3,2,4,7,1,0
8,80232,1,1,1,21,8,23,45,1,0,1,0,45,1,2,403,2403,14,2004,1J4FA39S84P7,1,J,4,F,A,3,9,S,8,4,P,7,0,T,JEEP,WXR,2W,4,17,,1,0,934,WRA,G,,0,0,000000000,00000000000,0,0,0,1,0,0,0,0,0,0,0,80,0,2,3,0,0,6,2,1,0,0,0,1,45,29732,6,1,0,0,3,0,70,180,2,0,0,0,1,11,2007,6,2009,1,92,0,0,0,2,2,55,3,6,2,1,28,3,14,12,7,3,4,7,1,1
8,80233,1,1,1,20,8,14,10,1,0,1,0,8,1,37,705,37705,80,2009,JH2RD06049K7,J,H,2,R,D,0,6,0,4,9,K,7,0,M,HOND,R6L,RT,9,17,,,,,,,644,0,0,000000000,00000000000,0,0,0,1,0,0,0,0,0,0,0,50,0,0,0,0,0,2,3,1,0,0,0,1,8,81505,6,1,0,0,3,1,73,210,0,0,0,0,1,8,2008,8,2008,0,57,0,0,0,1,2,55,2,6,2,1,0,0,14,9,3,2,1,98,1,1
8,80234,1,1,1,6,8,23,8,9,0,1,0,8,2,7,402,7402,14,2000,1B4HS28Z6YF1,1,B,4,H,S,2,8,Z,6,Y,F,1,0,P,DODG,DUR,UT,0,17,4462,,0,1159,,G,,0,0,000000000,00000000000,0,0,0,1,0,0,0,0,0,0,0,10,0,0,0,12,12,4,3,9,0,0,0,1,8,80601,6,7,0,0,3,2,61,109,0,0,0,0,0,0,0,0,0,0,33,39,52,73,1,2,30,1,1,2,1,20,3,6,50,7,1,1,13,0,0
8,80235,1,1,1,27,8,8,15,1,0,1,0,8,1,50,706,50706,80,2001,SMT500FM21J1,S,M,T,5,0,0,F,M,2,1,J,1,0,M,TRIU,SPD,RS,1,17,,,,,,,955,0,0,000000000,00000000000,0,0,0,1,0,0,0,0,0,0,0,65,0,0,0,0,12,6,2,43,0,0,0,1,8,80466,6,1,0,0,3,0,77,215,0,1,1,1,2,2,2008,8,2009,1,83,0,0,0,1,2,45,3,6,2,1,40,3,14,87,7,7,4,3,1,0
8,80236,1,1,2,28,8,0,15,8,0,1,0,8,1,30,40,30040,4,2000,3VWTE29M1YM1,3,V,W,T,E,2,9,M,1,Y,M,1,0,P,VOLK,JXG,4D,0,17,3033,,0,989,,G,,0,0,000000000,00000000000,0,0,0,1,0,0,0,0,0,0,0,80,0,0,0,12,12,6,2,8,0,0,0,1,8,80915,6,1,0,0,3,0,73,195,0,0,0,0,0,0,0,0,0,0,0,0,0,0,2,2,75,1,1,2,1,0,0,1,80,1,1,1,13,0,0
8,80237,1,1,2,29,8,6,30,1,0,1,0,8,2,37,31,37031,4,2009,19XFA16619E0,1,9,X,F,A,1,6,6,1,9,E,0,0,P,HOND,ULS,4D,9,17,2687,,0,1063,,G,,0,0,000000000,00000000000,0,0,0,1,0,0,0,0,0,0,0,80,0,2,3,0,0,6,2,1,0,0,0,1,8,81647,6,2,0,0,3,0,60,118,0,0,0,0,0,0,0,0,0,1,0,0,0,0,2,2,65,2,6,2,1,0,0,14,6,7,3,4,7,1,0
8,80238,1,2,1,30,8,9,40,12,6,1,0,8,4,63,32,63032,4,2009,KNADE2234965,K,N,A,D,E,2,2,3,4,9,6,5,0,P,KIA,RBL,4D,9,17,0,,0,984,,G,,0,0,000000000,00000000000,0,0,0,1,0,0,0,0,0,0,0,20,0,0,0,10,10,6,2,12,0,0,0,1,8,80454,6,1,0,0,3,1,64,152,0,0,0,0,0,0,0,0,0,0,38,0,0,0,1,2,30,1,1,2,1,20,3,11,15,1,1,1,82,0,0
8,80238,2,2,1,30,8,9,40,12,6,1,0,8,1,37,706,37706,80,2007,JH2SC57177M3,J,H,2,S,C,5,7,1,7,7,M,3,0,M,HOND,CBS,RS,7,17,,,,,,,998,0,0,000000000,00000000000,0,0,0,1,0,0,0,0,0,0,0,55,0,0,0,12,12,6,2,12,0,0,0,1,8,80421,6,1,0,0,3,0,71,185,0,0,0,0,0,0,0,0,0,1,0,0,0,0,2,2,55,3,6,1,1,0,0,14,67,2,2,1,83,1,0
8,80239,1,1,2,29,8,16,34,24,0,1,0,8,1,72,706,72706,80,1996,1HD1GEL11TY3,1,H,D,1,G,E,L,1,1,T,Y,3,0,M,HD,FWG,RS,96,17,,,,,,,1340,0,0,000000000,00000000000,0,0,0,1,0,0,0,0,0,0,0,60,0,0,0,61,61,6,2,24,0,0,0,1,8,80543,2,1,0,0,2,2,73,190,0,2,1,0,1,7,2009,10,2009,1,36,74,0,0,6,2,45,2,5,2,1,0,0,14,6,1,1,4,6,2,1
8,80240,1,1,1,31,8,2,0,11,0,1,0,20,3,85,881,85881,66,2003,1XKTDR0X63J3,1,X,K,T,D,R,0,X,6,3,J,3,1,T,KW,,DS,3,17,,8,,,,D,,1,57,667156,57667156,3,6,1,1,0,0,0,0,0,0,0,60,0,1,5,12,0,6,2,1,0,0,0,1,20,67505,6,1,6,1,3,3,70,190,0,0,0,0,0,0,0,0,0,0,83,0,0,0,1,2,65,1,1,2,1,0,0,1,87,1,1,1,13,1,0
8,80241,1,1,1,31,8,20,50,15,0,1,0,8,2,23,421,23421,15,1997,1GKEK13R3VJ7,1,G,K,E,K,1,3,R,3,V,J,7,0,T,GMC,YUK,4W,97,17,,2,0,1175,YUK,G,,0,0,000000000,00000000000,0,0,0,1,0,0,0,0,0,0,0,65,0,0,0,12,12,6,2,15,0,0,0,1,8,81090,6,2,0,0,3,0,70,152,0,0,0,0,0,0,0,0,0,0,0,0,0,0,1,2,65,1,1,2,1,0,0,1,83,1,1,1,13,0,0
8,80242,1,2,2,13,8,9,14,12,6,1,0,8,1,20,37,20037,4,1998,1G1NE52M1W61,1,G,1,N,E,5,2,M,1,W,6,1,0,P,CHEV,M/L,4D,98,17,3100,,0,1070,,G,,0,0,000000000,00000000000,0,0,0,1,0,0,0,0,0,0,0,15,0,0,0,83,83,6,2,12,0,0,0,1,8,80603,6,1,0,0,3,0,67,130,0,0,0,1,1,10,2008,2,2010,0,38,0,0,0,3,2,55,1,1,2,1,2,3,11,15,1,1,2,68,1,0
8,80242,2,2,1,13,8,9,14,12,6,1,0,8,2,20,471,20471,30,1996,1GCCS19W2T82,1,G,C,C,S,1,9,W,2,T,8,2,0,T,CHEV,S14,PC,96,17,,1,0,1229,S,G,,0,0,000000000,00000000000,0,0,0,1,0,0,0,0,0,0,0,40,0,0,0,12,12,6,2,12,0,0,0,1,8,80631,6,1,6,0,3,3,69,103,0,0,0,0,0,0,0,0,0,0,0,0,0,0,3,2,55,1,1,2,1,2,3,1,62,1,1,1,69,0,0
8,80243,1,1,3,22,8,23,44,35,0,1,0,8,3,12,471,12471,30,2005,1FTYR10U25PA,1,F,T,Y,R,1,0,U,2,5,P,A,0,T,FORD,RNG,PK,5,17,,1,1175,1116,RNG,G,,0,0,000000000,00000000000,0,0,0,1,0,0,0,0,0,0,0,60,0,1,5,12,0,6,2,1,0,0,0,1,8,80601,6,1,0,0,3,0,73,195,0,0,0,0,1,10,2009,10,2009,1,58,92,0,0,1,2,45,1,1,2,1,0,0,1,13,8,4,4,7,1,1
8,80244,1,1,4,28,8,1,9,1,0,1,0,8,2,20,401,20401,14,2000,1GNCT18W9YK2,1,G,N,C,T,1,8,W,9,Y,K,2,0,P,CHEV,BZR,UT,0,17,3848,,0,1005,,G,,0,0,000000000,00000000000,0,0,0,1,0,0,0,0,0,0,0,998,0,2,6,0,0,6,2,1,0,0,0,1,8,80918,6,1,0,0,3,0,76,210,0,2,0,0,0,9,2007,8,2008,1,0,0,0,0,1,2,25,3,6,2,1,40,3,14,13,6,4,4,2,1,0
8,80245,1,1,1,30,8,18,31,35,0,1,0,8,2,12,481,12481,31,2001,1FTNX21S91EA,1,F,T,N,X,2,1,S,9,1,E,A,0,T,FORD,F2S,4C,1,17,,2,1580,1418,SRW,G,,0,0,000000000,00000000000,0,0,0,1,0,0,0,0,0,0,0,45,0,1,5,12,0,6,2,1,0,0,0,1,8,81601,6,1,0,0,3,3,71,200,0,0,0,0,0,0,0,0,0,1,92,0,0,0,1,2,25,1,1,2,1,0,0,1,12,1,1,4,6,1,1
8,80246,1,2,1,22,8,1,25,12,2,1,0,8,1,7,41,7041,4,2002,2B3HD46R82H2,2,B,3,H,D,4,6,R,8,2,H,2,0,P,DODG,ISE,4D,2,17,3373,,0,1130,,G,,0,0,000000000,00000000000,0,0,0,1,0,0,0,0,0,0,0,10,0,0,0,12,12,6,2,12,0,0,0,1,8,80210,6,1,0,0,3,3,65,140,0,0,0,0,1,12,2008,12,2008,0,38,0,0,0,2,2,35,1,1,1,1,0,0,11,15,1,1,1,68,0,0
8,80246,2,2,2,22,8,1,25,12,2,1,0,8,1,73,706,73706,80,2002,JKAZX9B132A0,J,K,A,Z,X,9,B,1,3,2,A,0,0,M,KAWK,Z1B,RS,2,17,,,,,,,1200,0,0,000000000,00000000000,0,0,0,1,0,0,0,0,0,0,0,35,0,0,0,12,12,6,2,12,0,0,0,1,8,80012,6,1,6,0,3,0,69,190,0,0,0,0,0,0,0,0,0,0,0,0,0,0,2,2,35,1,1,1,1,0,0,1,62,1,1,1,69,2,0
8,80247,1,2,1,29,8,11,51,12,6,1,0,8,1,53,402,53402,14,2002,JS3TX92V4241,J,S,3,T,X,9,2,V,4,2,4,1,0,P,SUZI,XL7,UT,2,17,3682,,0,1102,,G,,0,0,000000000,00000000000,0,0,0,1,0,0,0,0,0,0,0,998,0,0,0,12,12,6,2,12,0,0,0,1,8,80516,6,1,0,0,3,3,64,145,0,0,0,0,0,0,0,0,0,9,28,0,0,0,1,2,35,2,6,2,1,0,0,14,12,7,1,4,64,0,0
8,80247,2,2,3,29,8,11,51,12,6,1,0,8,1,20,32,20032,4,1995,1Y1SK5284SZ0,1,Y,1,S,K,5,2,8,4,S,Z,0,0,P,GEO,PRL,4D,95,17,2348,,0,971,,G,,0,0,000000000,00000000000,0,0,0,1,0,0,0,0,0,0,0,998,0,0,0,10,10,6,2,12,0,0,0,1,8,80516,6,1,0,0,3,0,73,165,0,0,0,0,2,4,2009,8,2010,0,0,0,0,0,1,2,35,3,5,2,1,0,0,14,62,9,1,4,65,1,0
8,80248,1,1,2,31,8,22,45,42,0,1,0,8,1,23,481,23481,31,1978,TKR188F53071,T,K,R,1,8,8,F,5,3,0,7,1,0,P,,,,,,,,,,,,,0,0,000000000,00000000000,0,0,0,1,0,0,0,0,0,0,0,40,0,0,0,2,12,6,2,42,0,0,0,1,8,81235,6,1,0,0,3,0,71,170,0,1,0,0,0,12,2008,12,2008,1,92,0,0,0,1,2,25,3,6,2,1,0,0,14,6,1,1,4,1,1,1
8,80249,1,2,1,27,8,0,50,12,2,1,1,8,1,20,401,20401,14,1995,1GNDT13W8SK2,1,G,N,D,T,1,3,W,8,S,K,2,0,P,CHEV,BZR,UT,95,17,4071,,0,1070,,G,,0,0,000000000,00000000000,0,0,0,1,0,0,0,0,0,0,0,35,0,0,0,12,12,2,1,12,0,0,0,1,8,80223,2,2,0,0,2,2,62,130,1,8,0,0,0,12,2007,7,2010,0,38,74,0,0,1,4,35,1,1,1,1,2,3,11,15,1,1,1,68,0,1
8,80249,2,2,1,27,8,0,50,12,2,1,0,8,1,37,701,37701,80,2008,JH2AF60038K6,J,H,2,A,F,6,0,0,3,8,K,6,0,M,HOND,HF5,MS,8,17,,,,,,,49,0,0,000000000,00000000000,0,0,0,1,0,0,0,0,0,0,0,20,0,0,0,12,12,6,2,12,0,0,0,1,8,80211,6,1,0,0,2,0,73,180,0,1,0,1,0,2,2009,4,2009,0,0,0,0,0,1,4,35,1,1,1,1,2,3,1,62,1,1,1,69,1,1
8,80250,1,1,1,2,9,17,0,31,0,1,0,8,1,23,481,23481,31,2005,2GTEK13TX511,2,G,T,E,K,1,3,T,X,5,1,1,0,T,GMC,NK1,CW,5,17,,2,0,1435,SIE,G,,0,0,000000000,00000000000,0,0,0,1,0,0,0,0,0,0,0,55,0,2,1,12,0,6,2,1,0,0,0,1,8,81521,4,1,0,0,2,2,70,295,0,2,0,0,0,11,2008,11,2008,1,74,92,0,0,1,2,45,3,5,2,1,28,3,14,13,6,1,4,1,1,0
8,80251,1,1,1,2,9,22,12,33,0,1,0,8,1,73,705,73705,80,2004,JKBZXJB194A0,J,K,B,Z,X,J,B,1,9,4,A,0,0,M,KAWK,Z3B,RS,4,17,,,,,,,636,0,0,000000000,00000000000,0,0,0,1,0,0,0,0,0,0,0,998,0,0,0,14,0,6,2,33,0,0,0,1,8,80631,6,2,0,0,2,0,70,125,0,0,0,2,1,9,2007,10,2008,1,52,0,0,0,2,2,30,1,1,2,1,0,0,1,6,1,1,4,1,1,0
8,80252,1,1,1,4,9,15,45,1,0,1,0,8,2,12,471,12471,30,2000,1FTZR15V4YPA,1,F,T,Z,R,1,5,V,4,Y,P,A,0,T,FORD,RNS,PS,0,17,,1,0,1259,RNG,F,,0,0,000000000,00000000000,0,0,0,1,0,0,0,0,0,0,0,55,0,2,5,0,0,6,2,1,0,0,0,1,8,80801,6,2,0,0,3,0,72,165,0,0,0,0,0,0,0,0,0,0,52,0,0,0,1,2,55,1,6,5,1,0,0,1,13,6,4,4,7,1,0
8,80253,1,1,1,4,9,21,50,8,0,1,0,8,2,2,404,2404,14,1996,1J4FJ78S0TL1,1,J,4,F,J,7,8,S,0,T,L,1,0,T,JEEP,CTY,4W,96,17,,1,0,1014,CHK,G,,0,0,000000000,00000000000,0,0,0,1,0,0,0,0,0,0,0,30,0,0,0,12,12,6,2,8,0,0,0,1,8,81101,4,2,0,0,2,2,62,200,0,0,0,0,0,0,0,0,0,0,74,92,0,0,1,2,35,1,1,2,1,0,0,1,80,1,1,1,13,0,0
8,80254,1,1,4,6,9,5,10,17,0,1,0,8,2,49,482,49482,31,2005,5TBDT44105S4,5,T,B,D,T,4,4,1,0,5,S,4,0,T,TOYT,DBS,CW,5,17,,2,0,1283,TUN,G,,0,0,000000000,00000000000,0,0,0,1,0,0,0,0,0,0,0,65,0,1,5,12,0,6,2,1,0,0,0,1,8,81601,6,2,0,0,3,0,68,155,0,0,0,0,0,0,0,0,0,0,0,0,0,0,1,3,65,1,5,2,1,0,0,1,12,1,1,4,6,1,0
8,80255,1,2,5,4,9,15,5,1,0,1,0,8,2,2,404,2404,14,1997,1J4GZ78Y6VC6,1,J,4,G,Z,7,8,Y,6,V,C,6,0,T,JEEP,L/O,4W,97,17,,1,0,1059,GCK,G,,0,0,000000000,00000000000,0,0,0,1,0,0,0,0,0,0,0,80,0,2,3,0,0,6,2,1,0,0,0,1,8,80643,6,2,0,0,3,0,66,140,0,0,0,0,1,3,2009,3,2009,0,52,58,0,0,2,2,75,1,1,1,1,0,0,1,4,8,4,4,7,1,1
8,80255,2,2,2,4,9,15,5,1,0,1,0,19,1,55,33,55033,4,2008,5NPET46C58H3,5,N,P,E,T,4,6,C,5,8,H,3,0,P,HYUN,SGL,4D,8,17,3253,,0,1074,,G,,0,0,000000000,00000000000,0,0,0,1,0,0,0,0,0,0,0,75,0,0,0,12,12,4,1,18,0,0,0,1,19,52332,6,1,6,0,3,0,72,230,0,0,0,0,0,0,0,0,0,0,0,0,0,0,2,2,75,1,1,1,1,0,0,1,90,8,1,2,98,0,0
8,80256,1,1,3,4,9,19,5,1,0,1,0,8,1,23,481,23481,31,2003,1GTJK33133F1,1,G,T,J,K,3,3,1,3,3,F,1,0,T,GMC,NK3,CW,3,17,,3,0,1670,SIE,D,,0,0,000000000,00000000000,0,0,0,1,0,0,0,0,0,0,0,30,0,2,5,0,0,6,2,1,0,0,0,1,8,80138,6,2,0,0,3,0,73,140,0,0,0,1,0,11,2007,11,2007,1,92,0,0,0,1,2,20,3,6,5,1,0,0,14,6,8,4,4,2,1,1
8,80257,1,1,4,7,9,16,15,1,0,1,0,8,1,13,421,13421,15,1998,5LMPU28L0WLJ,5,L,M,P,U,2,8,L,0,W,L,J,0,P,LINC,NAV,UT,98,17,5557,,0,1190,,G,,0,0,000000000,00000000000,0,0,0,1,0,0,0,0,0,0,0,80,0,2,3,0,0,6,2,1,0,0,0,1,8,81089,6,1,0,0,3,0,66,120,0,1,0,0,0,9,2008,9,2008,0,58,92,0,0,2,2,75,3,1,2,1,0,0,14,13,8,4,4,7,1,0
8,80258,1,1,3,8,9,19,49,33,0,1,0,8,1,49,401,49401,14,1995,JT3VN29V8S00,J,T,3,V,N,2,9,V,8,S,0,0,0,P,TOYT,RUN,UT,95,17,3760,,0,1033,,G,,0,0,000000000,00000000000,0,0,0,1,0,0,0,0,0,0,0,998,0,1,5,14,0,6,2,1,0,0,0,1,8,80027,6,1,0,0,3,0,64,140,0,0,0,2,2,3,2008,9,2009,1,85,0,0,0,1,4,30,3,1,2,2,2,3,14,60,9,4,4,3,1,1
8,80259,1,2,1,9,9,20,30,1,0,1,0,17,2,12,3,12003,2,2005,1ZVFT80N3551,1,Z,V,F,T,8,0,N,3,5,5,1,0,P,FORD,MUS,CP,5,17,3300,,0,1071,,G,,0,0,000000000,00000000000,0,0,0,1,0,0,0,0,0,0,0,15,0,0,0,9,9,6,2,12,0,0,0,1,17,61739,6,1,0,0,3,1,67,145,0,0,0,2,0,2,2008,8,2009,0,39,48,0,0,1,2,25,1,1,2,1,20,3,11,15,1,1,2,98,0,0
8,80259,2,2,1,9,9,20,30,1,0,1,0,8,1,53,706,53706,80,2001,JS1GW71A3121,J,S,1,G,W,7,1,A,3,1,2,1,0,M,SUZI,GXR,RS,1,17,,,,,,,1299,0,0,000000000,00000000000,0,0,0,1,0,0,0,0,0,0,0,50,0,0,0,0,13,6,2,12,0,0,0,1,8,80908,6,1,0,0,3,0,74,220,0,0,0,0,0,0,0,0,0,0,0,0,0,0,2,2,55,1,1,2,1,0,0,1,67,8,2,1,98,1,0
8,80260,1,2,1,10,9,10,51,12,6,1,0,49,1,73,706,73706,80,1996,JKAZXBD13TB5,J,K,A,Z,X,B,D,1,3,T,B,5,0,M,KAWK,ZXD,RS,96,17,,,,,,,1100,0,0,000000000,00000000000,0,0,0,1,0,0,0,0,0,0,0,15,0,0,0,62,62,6,2,12,0,0,0,1,49,84405,6,1,0,0,3,0,73,220,98,0,0,0,0,0,0,0,0,0,38,0,0,0,3,2,35,1,1,2,1,20,3,11,15,99,1,1,82,1,0
8,80260,2,2,1,10,9,10,51,12,6,1,0,8,1,20,481,20481,31,1988,2GCGK39N4J12,2,G,C,G,K,3,9,N,4,J,1,2,0,T,CHEV,GK3,PC,88,17,,2,0,1555,GM4,G,,0,0,000000000,00000000000,0,0,0,1,0,0,0,0,0,0,0,35,0,0,0,12,12,6,2,12,0,0,0,1,8,81501,6,1,0,0,3,0,72,180,0,0,0,0,0,0,0,0,0,0,0,0,0,0,3,2,35,1,1,2,1,0,0,1,72,99,1,1,83,0,0
8,80261,1,3,1,11,9,19,59,12,6,1,0,8,2,12,481,12481,31,1999,1FTRF18W7XKA,1,F,T,R,F,1,8,W,7,X,K,A,0,T,FORD,F15,PK,99,17,,2,1388,1202,COF,G,,0,0,000000000,00000000000,0,0,0,1,0,0,0,0,0,0,0,15,0,0,0,12,12,6,2,12,0,0,0,1,8,81001,0,0,0,0,0,0,69,145,0,1,0,0,0,2,2010,2,2010,0,38,48,0,0,1,4,50,1,3,2,1,0,0,11,15,1,1,2,68,0,1