STATE,ST_CASE,VEH_NO,VE_FORMS,NUMOCCS,DAY,MONTH,HOUR,MINUTE,HARM_EV,MAN_COLL,UNITTYPE,HIT_RUN,REG_STAT,OWNER,MAKE,MODEL,MAK_MOD,BODY_TYP,MOD_YEAR,VIN,VIN_1,VIN_2,VIN_3,VIN_4,VIN_5,VIN_6,VIN_7,VIN_8,VIN_9,VIN_10,VIN_11,VIN_12,TOW_VEH,VINTYPE,VINMAKE,VINA_MOD,VIN_BT,VINMODYR,VIN_LNGT,VIN_WGT,WGTCD_TR,WHLBS_LG,WHLBS_SH,SER_TR,FUELCODE,MCYCL_DS,J_KNIFE,MCARR_I1,MCARR_I2,MCARR_ID,GVWR,V_CONFIG,CARGO_BT,HAZ_INV,HAZ_PLAC,HAZ_ID,HAZ_CNO,HAZ_REL,BUS_USE,SPEC_USE,EMER_USE,TRAV_SP,UNDERIDE,ROLLOVER,ROLINLOC,IMPACT1,IMPACT2,DEFORMED,TOWED,M_HARM,VEH_SC1,VEH_SC2,FIRE_EXP,DR_PRES,L_STATE,DR_ZIP,L_STATUS,L_TYPE,CDL_STAT,L_ENDORS,L_COMPL,L_RESTRI,DR_HGT,DR_WGT,PREV_ACC,PREV_SUS,PREV_DWI,PREV_SPD,PREV_OTH,FIRST_MO,FIRST_YR,LAST_MO,LAST_YR,SPEEDREL,DR_SF1,DR_SF2,DR_SF3,DR_SF4,VTRAFWAY,VNUM_LAN,VSPD_LIM,VALIGN,VPROFILE,VPAVETYP,VSURCOND,VTRAFCON,VTCONT_F,P_CRASH1,P_CRASH2,P_CRASH3,PCRASH4,PCRASH5,ACC_TYPE,DEATHS,DR_DRINK
8,80261,2,3,2,11,9,19,59,12,6,1,0,8,1,72,706,72706,80,2003,1HD1DJV113Y6,1,H,D,1,D,J,V,1,1,3,Y,6,0,M,HD,FHC,RS,3,17,,,,,,,1450,0,0,000000000,00000000000,0,0,0,1,0,0,0,0,0,0,0,50,0,0,0,62,63,6,2,12,0,0,0,1,8,81006,6,1,0,0,3,0,71,240,0,0,0,0,0,0,0,0,0,0,0,0,0,0,1,4,50,1,3,2,1,0,0,1,62,3,2,1,69,2,0
8,80261,3,3,1,11,9,19,59,12,6,1,0,8,1,20,37,20037,4,2005,1G1ZT62845F1,1,G,1,Z,T,6,2,8,4,5,F,1,0,P,CHEV,XLS,4D,5,17,3476,,0,1123,,G,,0,0,000000000,00000000000,0,0,0,1,0,0,0,0,0,0,0,5,0,0,0,12,13,4,1,18,0,0,0,1,8,81007,6,1,0,0,3,0,75,260,0,0,0,0,0,0,0,0,0,0,0,0,0,0,1,2,45,1,1,2,1,20,3,2,90,1,1,1,98,0,0
8,80262,1,2,2,11,9,18,26,12,6,1,0,8,1,53,33,53033,4,2003,JS2RA41S5351,J,S,2,R,A,4,1,S,5,3,5,1,0,P,SUZI,ASG,4D,3,17,2676,,0,976,,G,,0,0,000000000,00000000000,0,0,0,1,0,0,0,0,0,0,0,30,0,0,0,3,3,4,3,12,0,0,0,1,8,81005,6,1,0,0,3,3,63,180,0,0,0,0,0,0,0,0,0,0,38,0,0,0,3,2,30,1,1,2,1,2,3,11,15,1,1,1,68,0,1
8,80262,2,2,1,11,9,18,26,12,6,1,0,8,2,73,706,73706,80,1978,KZT0D000423,K,Z,T,0,D,0,0,0,4,2,3,,0,P,,,,,,,,,,,,,0,0,000000000,00000000000,0,0,0,1,0,0,0,0,0,0,0,30,0,0,0,12,12,6,2,12,0,0,0,1,8,81003,2,1,0,0,2,2,67,148,0,1,0,0,0,6,2008,6,2008,0,74,92,0,0,3,2,30,1,1,2,1,2,3,1,62,3,2,1,69,1,0
8,80263,1,1,2,13,9,17,10,1,0,1,0,8,1,2,403,2403,14,2000,1J4FA59SXYP7,1,J,4,F,A,5,9,S,X,Y,P,7,0,T,JEEP,SAW,2W,0,17,,1,0,934,W/T,G,,0,0,000000000,00000000000,0,0,0,1,0,0,0,0,0,0,0,65,0,2,5,0,0,6,2,1,0,0,0,1,8,81211,6,1,0,0,3,0,64,170,0,1,1,0,0,6,2008,8,2008,0,0,0,0,0,1,2,65,3,6,2,1,0,0,14,11,6,3,4,7,1,0
8,80264,1,1,1,15,9,22,27,1,0,1,0,8,1,73,705,73705,80,2007,JKAZX4P137A0,J,K,A,Z,X,4,P,1,3,7,A,0,0,M,KAWK,ZXP,RS,7,17,,,,,,,599,0,0,000000000,00000000000,0,0,0,1,0,0,0,0,0,0,0,65,0,0,0,0,0,6,2,1,0,0,0,1,8,80908,6,1,0,0,3,0,71,195,0,0,0,1,1,9,2009,6,2010,1,0,0,0,0,1,2,55,3,5,2,1,40,3,14,6,8,2,1,98,1,1
8,80265,1,1,1,16,9,15,38,18,0,1,0,8,1,49,404,49404,14,2008,JTEBU11F38K0,J,T,E,B,U,1,1,F,3,8,K,0,0,P,TOYT,FJC,UT,8,17,4290,,0,1059,,G,,0,0,000000000,00000000000,0,0,0,1,0,0,0,0,0,0,0,55,0,0,0,14,12,6,2,18,0,0,0,1,8,80104,6,1,0,0,3,0,71,195,0,0,0,0,1,2,2009,2,2009,0,92,0,0,0,1,2,55,1,1,2,1,0,0,1,12,1,1,4,6,1,0
8,80266,1,2,1,10,9,8,0,12,6,1,0,92,0,98,739,98739,90,2002,VG06X4X20240,V,G,0,6,X,4,X,2,0,2,4,0,0,P,,,,,,,,,,,,,0,0,000000000,00000000000,0,0,0,1,0,0,0,0,0,0,0,15,0,0,0,61,61,6,2,12,0,0,0,1,8,81522,6,1,0,0,1,0,71,200,0,0,0,0,0,0,0,0,0,0,8,38,0,0,1,2,99,1,1,5,1,0,0,1,17,3,1,1,89,1,0
8,80266,2,2,2,10,9,8,0,12,6,1,0,8,2,18,20,18020,4,2004,2G4WB52KX413,2,G,4,W,B,5,2,K,X,4,1,3,0,P,BUIC,RLS,4D,4,17,3418,,0,1090,,G,,0,0,000000000,00000000000,0,0,0,1,0,0,0,0,0,0,0,55,0,0,0,12,12,6,2,12,0,0,0,1,8,81424,6,1,6,0,3,0,68,170,0,0,0,0,1,6,2009,6,2009,0,0,0,0,0,1,2,55,1,6,2,1,0,0,1,71,3,1,1,88,0,0
8,80267,1,1,4,18,9,16,50,1,0,1,0,8,2,53,402,53402,14,1996,2S3TD03V7T64,2,S,3,T,D,0,3,V,7,T,6,4,0,P,SUZI,SDK,UT,96,17,2747,,0,976,,G,,0,0,000000000,00000000000,0,0,0,1,0,0,0,0,0,0,0,65,0,2,3,0,0,6,2,1,0,0,0,1,8,81401,6,1,0,0,3,0,65,200,0,0,0,0,0,0,0,0,0,0,0,0,0,0,2,2,65,2,1,2,1,28,3,14,12,7,3,4,7,1,0
8,80268,1,2,1,7,9,16,22,1,0,1,0,92,0,98,701,98701,88,2008,L8YTCBPM48Y0,L,8,Y,T,C,B,P,M,4,8,Y,0,0,U,,,,8,17,,,,,,,,0,0,000000000,00000000000,0,0,0,1,0,0,0,0,0,0,0,35,0,0,0,0,0,2,3,1,0,0,0,1,8,81004,2,1,0,0,2,2,67,175,0,3,0,0,0,8,2008,2,2010,0,26,74,0,0,5,4,35,1,5,2,1,0,0,1,51,3,2,1,98,1,0
8,80268,2,2,1,7,9,16,22,1,0,1,0,8,1,37,401,37401,14,1995,4S6CM58V4S44,4,S,6,C,M,5,8,V,4,S,4,4,0,P,HOND,PAS,UT,95,17,3835,,0,1085,,G,,0,0,000000000,00000000000,0,0,0,1,0,0,0,0,0,0,0,5,0,0,0,6,6,2,3,12,0,0,0,1,8,81006,6,1,0,0,3,0,69,150,0,0,0,0,1,5,2010,5,2010,0,0,0,0,0,5,4,35,1,5,2,1,0,0,4,53,1,1,1,98,0,0
8,80269,1,1,1,21,9,17,19,10,0,1,0,8,1,7,482,7482,31,1997,3B7HC13Y8VG7,3,B,7,H,C,1,3,Y,8,V,G,7,0,T,DODG,150,PC,97,17,,2,1547,1387,RPC,G,,0,0,000000000,00000000000,0,0,0,1,0,0,0,0,0,0,0,5,0,1,6,81,81,6,2,10,0,0,0,1,8,80543,6,1,0,0,3,0,67,150,0,0,0,2,0,5,2008,3,2009,0,39,0,0,0,1,2,55,1,1,2,1,65,3,1,98,1,1,1,15,1,0
8,80270,1,1,2,23,9,16,38,24,0,1,0,35,1,7,27,7027,6,2010,3D4PG4FB0AT1,3,D,4,P,G,4,F,B,0,A,T,1,0,P,DODG,JOU,UT,10,17,3796,,0,1138,,G,,0,0,000000000,00000000000,0,0,0,1,0,0,0,0,0,0,0,40,0,1,5,62,0,6,2,1,0,0,0,1,4,86409,6,1,0,0,3,3,67,170,0,0,0,0,0,0,0,0,0,1,53,92,0,0,1,2,25,2,6,2,1,40,3,14,13,6,3,4,7,1,0
8,80271,1,1,3,18,9,22,36,8,0,1,0,6,2,37,31,37031,3,1989,2HGED635XKH5,2,H,G,E,D,6,3,5,X,K,H,5,0,P,HOND,CID,2H,89,17,1927,,0,984,,G,,0,0,000000000,00000000000,0,0,0,1,0,0,0,0,0,0,0,37,0,0,0,12,12,6,2,8,0,0,0,1,34,7748,6,1,0,0,3,0,68,999,0,0,0,0,0,0,0,0,0,0,92,0,0,0,5,2,35,1,1,2,1,0,0,1,80,9,2,1,13,0,0
8,80272,1,1,1,25,9,2,25,1,0,1,0,8,1,23,481,23481,31,2007,2GTEK13V7711,2,G,T,E,K,1,3,V,7,7,1,1,0,T,GMC,NK1,CW,7,17,,2,0,1435,SIE,G,,0,0,000000000,00000000000,0,0,0,1,0,0,0,0,0,0,0,79,0,2,5,0,0,6,2,1,0,0,0,1,8,80906,6,1,0,0,3,3,76,285,0,0,0,0,0,0,0,0,0,0,0,0,0,0,2,2,75,3,1,2,1,0,0,14,13,6,4,4,2,1,1
8,80273,1,1,1,25,9,9,27,1,0,1,0,8,2,24,7,24007,4,2003,1G8AN12F93Z1,1,G,8,A,N,1,2,F,9,3,Z,1,0,P,STRN,SI2,C4,3,17,2751,,0,1032,,G,,0,0,000000000,00000000000,0,0,0,1,0,0,0,0,0,0,0,90,0,2,3,0,0,6,2,1,0,0,0,1,8,81212,6,1,0,0,3,0,73,200,0,0,0,0,0,0,0,0,0,1,92,0,0,0,2,2,75,2,1,2,1,0,0,14,6,7,4,4,7,1,0
8,80274,1,1,1,26,9,2,10,33,0,1,0,8,1,12,471,12471,30,2000,1FTZR15X6YTB,1,F,T,Z,R,1,5,X,6,Y,T,B,0,T,FORD,RNS,PS,0,17,,1,0,1259,RNG,G,,0,0,000000000,00000000000,0,0,0,1,0,0,0,0,0,0,0,40,0,1,6,14,0,6,2,1,0,0,0,1,8,80233,6,1,0,0,3,0,73,150,0,0,0,0,1,1,2008,1,2008,0,0,0,0,0,2,2,40,1,1,2,1,0,0,1,9,7,3,4,2,1,1
8,80275,1,2,1,9,9,15,52,12,6,1,0,8,1,37,706,37706,80,2002,1HFSC46072A0,1,H,F,S,C,4,6,0,7,2,A,0,0,M,HOND,XT8,RS,2,17,,,,,,,1795,0,0,000000000,00000000000,0,0,0,1,0,0,0,0,0,0,0,5,0,0,0,81,81,6,2,12,0,0,0,1,8,80227,6,1,0,0,3,0,71,220,0,0,0,0,0,0,0,0,0,0,38,0,0,0,3,2,40,1,1,2,1,2,3,11,15,1,1,2,68,1,0
8,80275,2,2,1,9,9,15,52,12,6,1,0,8,1,49,482,49482,31,2000,5TBBT4816YS0,5,T,B,B,T,4,8,1,6,Y,S,0,0,T,TOYT,TXL,4C,0,17,,2,0,1283,TUN,G,,0,0,000000000,00000000000,0,0,0,1,0,0,0,0,0,0,0,40,0,0,0,12,12,6,2,12,0,0,0,1,8,80226,6,1,0,0,3,0,71,190,0,0,0,0,0,0,0,0,0,0,0,0,0,0,3,2,40,1,1,2,1,2,3,1,62,2,1,1,69,0,0
8,80276,1,1,1,2,9,16,5,24,0,1,0,8,1,72,706,72706,80,1998,1HD1GEL18WY3,1,H,D,1,G,E,L,1,8,W,Y,3,0,M,HD,FWG,RS,98,17,,,,,,,1340,0,0,000000000,00000000000,0,0,0,1,0,0,0,0,0,0,0,75,0,0,0,62,0,6,2,1,0,0,0,1,30,80443,6,1,0,0,2,0,70,150,98,0,0,0,0,0,0,0,0,1,0,0,0,0,1,2,60,2,6,2,1,40,3,14,6,3,2,4,7,1,0
8,80277,1,2,2,16,9,16,40,12,6,1,0,8,1,21,17,21017,4,1996,1G3AJ55M4T63,1,G,3,A,J,5,5,M,4,T,6,3,0,P,OLDS,CRL,4D,96,17,2924,,0,1049,,G,,0,0,000000000,00000000000,0,0,0,1,0,0,0,0,0,0,0,55,0,0,0,12,12,6,2,12,0,0,0,1,8,80203,1,1,0,0,2,2,74,230,0,4,0,0,0,12,2008,1,2009,0,28,74,0,0,1,2,55,1,1,2,1,28,3,1,12,1,1,4,64,1,0
8,80277,2,2,1,16,9,16,40,12,6,1,0,40,3,85,881,85881,66,1997,1XKWDB9X1VR7,1,X,K,W,D,B,9,X,1,V,R,7,1,T,KW,W90,DS,97,17,,8,0,0,CON,D,,3,57,1068540,571068540,3,6,1,1,0,0,0,0,0,0,0,55,0,1,5,11,0,6,2,1,0,0,0,1,40,73735,6,1,6,1,3,0,65,175,0,0,0,0,0,0,0,0,0,0,0,0,0,0,1,2,55,1,1,2,1,28,3,1,62,9,1,4,65,0,0
8,80278,1,1,1,24,9,22,22,8,0,1,1,99,9,99,999,99999,99,9999,999999999999,9,9,9,9,9,9,9,9,9,9,9,9,0,U,,,,9,17,,,,,,,,0,0,000000000,00000000000,0,0,0,1,0,0,0,0,0,0,0,999,0,0,0,12,12,9,1,8,0,0,0,1,99,99999,9,9,99,0,9,9,999,999,99,99,99,99,99,99,9999,99,9999,9,8,0,0,0,2,2,35,1,1,1,1,0,0,1,80,1,1,1,13,0,0
8,80279,1,2,1,29,9,3,10,12,2,1,0,8,1,20,37,20037,4,2009,1G1ZG57B69F1,1,G,1,Z,G,5,7,B,6,9,F,1,0,P,CHEV,M/L,4D,9,17,3415,,0,1123,,G,,0,0,000000000,00000000000,0,0,0,1,0,0,0,0,0,0,0,65,0,0,0,12,12,6,2,12,0,0,0,1,8,80011,6,1,0,0,3,3,71,165,0,0,0,0,0,0,0,0,0,0,28,0,0,0,1,2,65,1,1,1,1,0,0,1,12,1,1,4,50,1,0
8,80279,2,2,1,29,9,3,10,12,2,1,0,48,3,84,881,84881,66,2006,2HSCNAPR16C2,2,H,S,C,N,A,P,R,1,6,C,2,1,T,INTL,94I,DS,6,17,,8,0,0,940,D,,1,57,2059752,572059752,3,6,1,1,0,0,0,0,0,0,0,65,0,0,0,12,12,6,2,12,0,0,0,1,48,76017,6,1,6,1,3,0,999,999,1,0,0,2,1,3,2008,8,2010,0,0,0,0,0,1,2,65,1,1,1,1,0,0,1,62,9,1,4,51,0,0
8,80280,1,1,1,4,9,20,40,1,0,1,0,8,2,76,709,76709,80,2003,48606,4,8,6,0,6,,,,,,,,0,P,,,,,,,,,,,,,0,0,000000000,00000000000,0,0,0,1,0,0,0,0,0,0,0,50,0,0,0,0,0,4,3,1,35,0,0,1,8,80229,6,2,0,0,2,0,72,200,0,2,0,1,2,6,2008,1,2010,1,36,0,0,0,1,2,25,1,1,2,1,0,0,1,6,1,1,2,98,1,0
8,80281,1,3,1,28,9,10,10,12,6,1,0,8,1,6,52,6052,6,2010,3A4GY5F91AT1,3,A,4,G,Y,5,F,9,1,A,T,1,0,P,CHRY,PTC,SV,10,17,3222,,0,1030,,G,,0,0,000000000,00000000000,0,0,0,1,0,0,0,0,0,0,0,40,0,0,0,12,12,6,2,12,0,0,0,1,8,80247,4,1,0,0,2,2,75,170,0,1,0,0,0,10,2007,10,2007,0,39,74,0,0,3,2,40,1,1,2,1,2,3,1,17,1,1,1,88,0,0
8,80281,2,3,1,28,9,10,10,12,6,1,0,8,1,22,18,22018,2,1997,1G2NW12M6VC7,1,G,2,N,W,1,2,M,6,V,C,7,0,P,PONT,GAG,CP,97,17,2808,,0,1034,,G,,0,0,000000000,00000000000,0,0,0,1,0,0,0,0,0,0,0,10,0,0,0,9,9,6,2,12,0,0,0,1,8,80017,6,1,0,0,3,3,65,180,0,0,0,0,1,12,2007,12,2007,0,0,0,0,0,1,2,30,1,1,2,1,2,3,1,66,1,1,1,89,1,0
8,80281,3,3,1,28,9,10,10,12,6,1,0,8,1,35,47,35047,4,2009,1N4AL21E49N4,1,N,4,A,L,2,1,E,4,9,N,4,0,P,NISS,ATS,4D,9,17,3179,,0,1093,,G,,0,0,000000000,00000000000,0,0,0,1,0,0,0,0,0,0,0,5,0,0,0,61,61,2,1,12,0,0,0,1,8,80017,6,1,0,0,3,0,62,185,0,0,0,0,0,0,0,0,0,0,0,0,0,0,1,2,30,1,1,2,1,2,3,1,60,1,1,1,98,0,0
8,80282,1,2,1,30,9,12,45,12,6,1,0,20,1,7,442,7442,20,2009,1D8HN44E19B5,1,D,8,H,N,4,4,E,1,9,B,5,0,P,DODG,CAR,SV,9,17,4321,,0,1212,,F,,0,0,000000000,00000000000,0,0,0,1,0,0,0,0,0,0,0,10,0,1,1,9,9,6,2,12,0,0,0,1,20,67735,6,1,0,0,3,0,67,150,0,0,0,0,0,0,0,0,0,0,48,53,0,0,5,4,65,1,1,1,1,0,0,12,98,1,1,2,98,1,0
8,80282,2,2,1,30,9,12,45,12,6,1,0,8,2,52,401,52401,14,2000,JA4MT31H0YP0,J,A,4,M,T,3,1,H,0,Y,P,0,0,P,MITS,MNS,UT,0,17,4075,,0,1073,,G,,0,0,000000000,00000000000,0,0,0,1,0,0,0,0,0,0,0,65,0,0,0,12,12,6,2,12,0,0,0,1,8,80516,6,1,0,0,3,0,65,120,0,0,0,0,1,8,2010,8,2010,0,0,0,0,0,5,4,65,1,1,1,1,0,0,1,61,1,1,1,98,0,0
8,80283,1,3,1,29,9,22,11,12,1,1,0,48,3,82,881,82881,66,2002,1FUJBBCG32LJ,1,F,U,J,B,B,C,G,3,2,L,J,1,T,FRHT,ST2,DS,2,17,,8,0,0,CON,D,,1,57,1507368,571507368,3,6,1,1,0,0,0,0,0,0,0,60,0,0,0,12,12,6,2,12,0,0,0,1,48,75208,6,1,6,1,3,3,999,999,0,0,0,0,1,11,2007,11,2007,1,26,0,0,0,1,2,45,1,1,2,1,40,3,1,50,1,1,1,20,1,0
8,80283,2,3,1,29,9,22,11,12,1,1,0,48,3,84,881,84881,66,2007,2HSCNAPR87C3,2,H,S,C,N,A,P,R,8,7,C,3,1,T,INTL,94I,DS,7,17,,8,0,0,940,D,,1,57,176015,57176015,3,6,3,1,0,0,0,0,0,0,0,0,0,0,0,6,6,6,2,12,0,0,0,1,48,77044,6,1,6,1,3,0,999,999,0,0,0,0,2,3,2008,8,2010,0,0,0,0,0,1,2,45,1,1,2,1,40,3,5,53,1,1,1,21,0,0
8,80283,3,3,1,29,9,22,11,12,1,1,0,48,3,51,881,51881,66,2000,4V4ND4JH8YN7,4,V,4,N,D,4,J,H,8,Y,N,7,1,T,VOLV,VVN,DS,0,17,,8,0,0,VVN,D,,1,57,598623,57598623,3,6,3,1,0,0,0,0,0,0,0,0,0,0,0,6,6,6,2,12,0,0,0,1,48,78521,6,1,6,1,3,3,999,999,1,0,0,0,1,6,2008,8,2008,0,0,0,0,0,1,2,45,1,1,2,1,40,3,5,50,1,1,1,98,0,0
8,80284,1,4,2,27,9,17,43,12,6,1,0,8,1,54,31,54031,3,1999,JH4DC4469XS0,J,H,4,D,C,4,4,6,9,X,S,0,0,P,ACUR,IGS,2H,99,17,2680,,0,1012,,G,,0,0,000000000,00000000000,0,0,0,1,0,0,0,0,0,0,0,998,0,0,0,81,81,6,2,12,0,0,0,1,8,80918,6,2,0,0,3,0,66,105,0,0,0,0,0,0,0,0,0,0,38,0,0,0,3,3,40,1,5,2,1,2,3,11,15,1,1,2,68,1,0
8,80284,2,4,1,27,9,17,43,12,6,1,0,8,1,14,401,14401,14,2000,4M2DU86PXYUJ,4,M,2,D,U,8,6,P,X,Y,U,J,0,P,MERC,MOU,UT,0,17,4250,,0,1116,,G,,0,0,000000000,00000000000,0,0,0,1,0,0,0,0,0,0,0,998,0,0,0,12,12,6,2,12,0,0,0,1,8,80920,6,1,0,0,3,1,62,135,0,0,0,0,0,0,0,0,0,0,0,0,0,0,3,3,40,1,5,2,1,2,3,1,62,1,1,1,69,0,0
8,80284,3,4,1,27,9,17,43,12,6,1,0,6,3,2,405,2405,14,2003,1J4GL48K33W6,1,J,4,G,L,4,8,K,3,3,W,6,0,T,JEEP,LSF,4W,3,17,,1,0,1043,LIB,G,,0,0,000000000,00000000000,0,0,0,1,0,0,0,0,0,0,0,0,0,0,0,12,12,6,2,12,0,0,0,1,8,80923,6,1,0,0,3,1,73,252,0,0,0,0,0,0,0,0,0,0,0,0,0,0,1,4,35,1,1,2,1,2,3,5,67,1,1,1,98,0,0
8,80284,4,4,1,27,9,17,43,12,6,1,0,8,1,2,404,2404,14,2000,1J4GW48S9YC2,1,J,4,G,W,4,8,S,9,Y,C,2,0,T,JEEP,LRO,4W,0,17,,1,0,1059,GCK,G,,0,0,000000000,00000000000,0,0,0,1,0,0,0,0,0,0,0,0,0,0,0,12,12,6,2,12,0,0,0,1,8,80920,6,1,0,0,3,0,67,200,0,0,0,0,0,0,0,0,0,0,0,0,0,0,1,4,35,1,1,2,1,2,3,5,66,1,1,1,98,0,0
8,80285,1,1,1,4,9,14,57,33,0,1,0,16,2,72,706,72706,80,2007,1HD1GN41X7K3,1,H,D,1,G,N,4,1,X,7,K,3,0,M,HD,FDL,RS,7,17,,,,,,,1584,0,0,000000000,00000000000,0,0,0,1,0,0,0,0,0,0,0,65,0,0,0,14,0,6,2,1,0,0,1,1,8,81652,6,1,0,0,2,0,71,250,0,0,0,0,0,0,0,0,0,1,52,92,0,0,1,2,25,2,6,2,1,28,3,14,6,3,3,4,7,1,0
8,80286,1,1,1,30,9,6,36,8,0,1,1,99,9,99,999,99999,99,9999,999999999999,9,9,9,9,9,9,9,9,9,9,9,9,0,U,,,,9,17,,,,,,,,0,0,000000000,00000000000,0,0,0,1,0,0,0,0,0,0,0,999,0,0,0,14,14,9,1,8,0,0,0,1,99,99999,9,9,99,0,9,9,999,999,99,99,99,99,99,99,9999,99,9999,0,0,0,0,0,1,1,10,1,1,1,1,0,0,1,80,99,1,1,13,0,0
8,80287,1,1,1,1,9,15,0,1,0,1,0,8,1,7,481,7481,31,1973,W24BF3S10999,W,2,4,B,F,3,S,1,0,9,9,9,0,P,,,,,,,,,,,,,0,0,000000000,00000000000,0,0,0,1,0,0,0,0,0,0,0,80,0,2,5,0,0,6,2,1,0,0,0,1,8,80611,6,1,6,0,3,0,64,155,0,0,0,0,1,9,2009,9,2009,1,0,0,0,0,1,2,55,1,1,4,1,0,0,1,6,1,4,4,7,1,1
8,80288,1,1,2,22,9,1,46,1,0,1,0,8,1,52,401,52401,14,1999,JA4LS31H6XP0,J,A,4,L,S,3,1,H,6,X,P,0,0,P,MITS,MNS,UT,99,17,3755,,0,1073,,G,,0,0,000000000,00000000000,0,0,0,1,0,0,0,0,0,0,0,58,0,2,1,0,0,6,2,1,0,0,0,1,8,80004,6,1,0,0,3,0,64,115,0,2,0,0,0,6,2008,6,2008,1,28,0,0,0,2,2,45,1,5,2,1,28,3,1,6,3,3,2,98,2,1
8,80289,1,1,3,19,9,1,54,1,0,1,0,8,2,12,422,12422,15,1996,1FMDU34X4TZA,1,F,M,D,U,3,4,X,4,T,Z,A,0,P,FORD,EPR,UT,96,17,4189,,0,1115,,G,,0,0,000000000,00000000000,0,0,0,1,0,0,0,0,0,0,0,31,0,2,1,0,0,6,2,1,0,0,0,1,8,80003,6,7,0,0,3,1,65,120,0,0,0,0,0,0,0,0,0,0,36,0,0,0,1,4,30,1,1,2,1,0,0,1,8,7,4,1,98,1,1
8,80290,1,1,1,27,9,17,20,9,0,1,0,8,1,12,481,12481,31,2003,1FTSW31P53EC,1,F,T,S,W,3,1,P,5,3,E,C,0,T,FORD,F3S,CW,3,17,,2,1724,1562,SRW,D,,0,0,000000000,00000000000,0,0,0,1,0,0,0,0,0,0,0,998,0,0,0,2,2,4,1,9,0,0,0,1,8,80534,6,1,0,0,3,0,74,207,0,0,0,1,0,11,2008,11,2008,0,38,92,0,0,1,2,35,1,1,2,1,0,0,11,15,1,1,2,13,0,0
8,80291,1,1,1,20,9,5,22,8,0,1,1,99,9,99,999,99999,99,9999,999999999999,9,9,9,9,9,9,9,9,9,9,9,9,0,U,,,,9,17,,,,,,,,0,0,000000000,00000000000,0,0,0,1,0,0,0,0,0,0,0,999,0,0,0,12,12,9,1,8,0,0,0,1,99,99999,9,9,99,0,9,9,999,999,99,99,99,99,99,99,9999,99,9999,9,0,0,0,0,1,5,35,1,5,2,1,0,0,1,80,1,1,1,13,0,0
8,80292,1,1,2,1,10,18,36,1,0,1,0,8,1,53,402,53402,14,2000,2S3TD52V0Y61,2,S,3,T,D,5,2,V,0,Y,6,1,0,P,SUZI,VIT,UT,0,17,2987,,0,976,,G,,0,0,000000000,00000000000,0,0,0,1,0,0,0,0,0,0,0,45,0,2,5,0,0,6,2,1,0,0,0,1,8,81120,6,1,0,0,3,0,65,165,0,0,0,0,0,0,0,0,0,0,52,0,0,0,1,2,45,1,1,5,1,0,0,1,9,7,4,4,7,1,0
8,80293,1,1,1,2,10,15,0,1,0,1,0,8,1,72,706,72706,80,1999,1HD1ETL47XY9,1,H,D,1,E,T,L,4,7,X,Y,9,0,M,HD,XR3,RS,99,17,,,,,,,1340,0,0,000000000,00000000000,0,0,0,1,0,0,0,0,0,0,0,50,0,0,0,0,0,4,3,1,0,0,0,1,8,81623,6,1,6,0,3,0,67,184,0,0,0,0,0,0,0,0,0,0,0,0,0,0,1,2,50,3,6,2,1,0,0,14,13,1,1,4,1,1,1
8,80294,1,2,1,3,10,14,58,12,2,1,0,8,1,73,706,73706,80,1986,JKAZGCA15GB5,J,K,A,Z,G,C,A,1,5,G,B,5,0,M,KAWK,ZG1,RS,86,17,,,,,,,1000,0,0,000000000,00000000000,0,0,0,1,0,0,0,0,0,0,0,60,0,0,0,12,12,6,2,12,0,0,0,1,8,80011,6,1,0,0,3,0,70,150,0,0,0,0,1,5,2009,5,2009,0,28,0,0,0,1,2,65,2,6,2,1,40,3,14,9,3,1,2,50,1,0
8,80294,2,2,2,3,10,14,58,12,2,1,0,48,1,23,481,23481,31,2007,1GTHK23D17F1,1,G,T,H,K,2,3,D,1,7,F,1,1,T,GMC,2KH,CW,7,17,,2,1670,1530,SIE,D,,1,0,000000000,00000000000,0,0,0,1,0,0,0,0,0,0,0,60,0,0,0,12,12,6,2,12,0,0,0,1,48,77356,6,1,0,0,3,0,999,999,0,0,0,2,1,12,2008,7,2009,0,0,0,0,0,1,2,65,3,5,2,1,40,3,14,62,7,1,1,51,0,0
8,80295,1,2,2,2,10,5,50,12,1,1,0,8,1,30,46,30046,4,1998,WVWMA63B0WE2,W,V,W,M,A,6,3,B,0,W,E,2,0,P,VOLK,PGS,4D,98,17,3025,,0,1033,,G,,0,0,000000000,00000000000,0,0,0,1,0,0,0,0,0,0,0,999,0,0,0,12,12,6,2,12,0,0,0,1,8,80219,6,1,0,0,3,3,66,170,0,0,0,0,0,0,0,0,0,9,36,92,0,0,1,2,25,1,1,2,1,0,0,1,51,99,1,1,24,1,1
8,80295,2,2,1,2,10,5,50,12,1,1,0,8,2,20,481,20481,31,2006,1GCJK33D96F1,1,G,C,J,K,3,3,D,9,6,F,1,1,T,CHEV,SK3,CW,6,17,,3,0,1670,SIL,D,,1,0,000000000,00000000000,0,0,0,1,0,0,0,0,0,0,0,1,0,0,0,6,6,6,2,12,0,0,0,1,8,80219,3,1,0,0,2,0,65,180,0,0,0,0,0,0,0,0,0,0,92,0,0,0,1,2,25,1,1,2,1,0,0,9,53,1,1,1,25,0,0