STATE,ST_CASE,VEH_NO,VE_FORMS,NUMOCCS,DAY,MONTH,HOUR,MINUTE,HARM_EV,MAN_COLL,UNITTYPE,HIT_RUN,REG_STAT,OWNER,MAKE,MODEL,MAK_MOD,BODY_TYP,MOD_YEAR,VIN,VIN_1,VIN_2,VIN_3,VIN_4,VIN_5,VIN_6,VIN_7,VIN_8,VIN_9,VIN_10,VIN_11,VIN_12,TOW_VEH,VINTYPE,VINMAKE,VINA_MOD,VIN_BT,VINMODYR,VIN_LNGT,VIN_WGT,WGTCD_TR,WHLBS_LG,WHLBS_SH,SER_TR,FUELCODE,MCYCL_DS,J_KNIFE,MCARR_I1,MCARR_I2,MCARR_ID,GVWR,V_CONFIG,CARGO_BT,HAZ_INV,HAZ_PLAC,HAZ_ID,HAZ_CNO,HAZ_REL,BUS_USE,SPEC_USE,EMER_USE,TRAV_SP,UNDERIDE,ROLLOVER,ROLINLOC,IMPACT1,IMPACT2,DEFORMED,TOWED,M_HARM,VEH_SC1,VEH_SC2,FIRE_EXP,DR_PRES,L_STATE,DR_ZIP,L_STATUS,L_TYPE,CDL_STAT,L_ENDORS,L_COMPL,L_RESTRI,DR_HGT,DR_WGT,PREV_ACC,PREV_SUS,PREV_DWI,PREV_SPD,PREV_OTH,FIRST_MO,FIRST_YR,LAST_MO,LAST_YR,SPEEDREL,DR_SF1,DR_SF2,DR_SF3,DR_SF4,VTRAFWAY,VNUM_LAN,VSPD_LIM,VALIGN,VPROFILE,VPAVETYP,VSURCOND,VTRAFCON,VTCONT_F,P_CRASH1,P_CRASH2,P_CRASH3,PCRASH4,PCRASH5,ACC_TYPE,DEATHS,DR_DRINK
8,80330,2,2,2,31,10,9,25,12,2,1,0,8,1,2,404,2404,14,1998,1J4FJ28S6WL1,1,J,4,F,J,2,8,S,6,W,L,1,0,T,JEEP,CSE,4W,98,17,,1,0,1014,CHK,G,,0,0,000000000,00000000000,0,0,0,1,0,0,0,0,0,0,0,55,0,0,0,12,12,6,2,12,0,0,1,1,8,80421,6,1,0,0,3,0,66,180,0,0,0,0,0,0,0,0,0,0,0,0,0,0,1,4,55,3,5,2,1,28,3,14,62,1,1,1,51,1,0
8,80331,1,2,1,31,10,15,26,12,6,1,0,8,1,72,706,72706,80,2007,4S9RB27577L0,4,S,9,R,B,2,7,5,7,7,L,0,0,U,,,,7,17,,,,,,,,0,0,000000000,00000000000,0,0,0,1,0,0,0,0,0,0,0,60,0,0,0,12,12,6,2,12,0,0,0,1,8,80237,6,1,0,0,3,3,70,190,0,0,0,0,0,0,0,0,0,1,8,0,0,0,3,3,40,1,1,2,1,2,3,1,63,1,1,1,69,1,0
8,80331,2,2,1,31,10,15,26,12,6,1,0,8,1,35,402,35402,14,2000,5N1ED28Y7YC5,5,N,1,E,D,2,8,Y,7,Y,C,5,0,P,NISS,XTR,UT,0,17,3811,,0,1043,,G,,0,0,000000000,00000000000,0,0,0,1,0,0,0,0,0,0,0,15,0,0,0,1,1,6,2,12,0,0,0,1,8,80014,6,1,0,0,3,0,67,142,0,0,0,0,1,10,2008,10,2008,0,0,0,0,0,3,3,40,1,1,2,1,2,3,11,15,1,1,1,68,0,0
8,80332,1,2,1,30,10,16,40,12,6,1,0,8,1,41,50,41050,4,2005,1YVFP80C855M,1,Y,V,F,P,8,0,C,8,5,5,M,0,P,MAZD,M6I,4D,5,17,3102,,0,1053,,G,,0,0,000000000,00000000000,0,0,0,1,0,0,0,0,0,0,0,10,0,0,0,9,9,6,2,12,0,0,0,1,8,80817,6,1,0,0,3,1,64,200,0,0,0,0,0,0,0,0,0,1,39,0,0,0,1,2,35,1,1,2,1,20,3,11,15,1,1,1,82,1,0
8,80332,2,2,4,30,10,16,40,12,6,1,0,8,1,3,421,3421,15,2003,5GRGN23U13H1,5,G,R,G,N,2,3,U,1,3,H,1,0,T,HUMM,HH2,4W,3,17,,2,0,1228,HUM,G,,0,0,000000000,00000000000,0,0,0,1,0,0,0,0,0,0,0,55,0,0,0,12,12,6,2,12,0,0,0,1,8,80922,6,1,0,0,3,0,64,150,0,0,0,0,2,4,2009,10,2010,0,0,0,0,0,1,2,55,1,1,2,1,0,0,1,67,6,1,1,83,0,0
8,80333,1,1,1,26,10,19,38,38,0,1,0,8,2,22,20,22020,2,1999,1G2WP12K0XF2,1,G,2,W,P,1,2,K,0,X,F,2,0,P,PONT,GPG,CP,99,17,3396,,0,1105,,G,,0,0,000000000,00000000000,0,0,0,1,0,0,0,0,0,0,0,55,0,1,6,12,0,6,2,1,0,0,0,1,8,81521,2,1,2,0,2,2,69,200,0,9,1,0,1,7,2008,10,2010,1,8,74,0,0,1,2,35,1,3,2,1,0,0,1,6,6,1,4,1,1,0
8,80334,1,1,4,31,10,20,32,8,0,1,0,8,1,20,481,20481,31,1998,1GCEK19R0WR1,1,G,C,E,K,1,9,R,0,W,R,1,0,T,CHEV,GK1,PC,98,17,,2,1555,1415,GM4,G,,0,0,000000000,00000000000,0,0,0,1,0,0,0,0,0,0,0,65,0,0,0,12,12,4,3,8,0,0,0,1,8,81631,6,1,0,0,3,0,65,165,0,0,0,0,1,8,2009,8,2009,0,0,0,0,0,3,2,65,1,5,2,1,0,0,1,80,6,1,1,13,0,0
8,80335,1,2,1,6,10,2,0,12,6,1,0,8,1,6,51,6051,4,2001,2C3HE66G01H6,2,C,3,H,E,6,6,G,0,1,H,6,0,P,CHRY,30M,4D,1,17,3512,,0,1130,,G,,0,0,000000000,00000000000,0,0,0,1,0,0,0,0,0,0,0,998,0,0,0,12,12,6,2,12,0,0,0,1,8,80205,6,1,0,0,3,0,70,190,0,0,0,0,0,0,0,0,0,1,36,0,0,0,3,3,35,1,1,2,1,2,3,1,66,1,1,1,86,0,1
8,80335,2,2,1,6,10,2,0,12,6,1,0,8,1,49,32,49032,4,1997,1NXBA02E1VZ5,1,N,X,B,A,0,2,E,1,V,Z,5,0,P,TOYT,UCC,4D,97,17,2337,,0,970,,G,,0,0,000000000,00000000000,0,0,0,1,0,0,0,0,0,0,0,998,0,0,0,3,3,6,2,12,0,0,0,1,8,80220,6,1,0,0,3,3,62,154,0,0,0,0,0,0,0,0,0,0,39,0,0,0,4,3,30,1,1,2,1,2,3,1,17,1,1,1,87,1,0
8,80336,1,1,1,21,10,10,10,15,0,1,0,8,1,12,481,12481,31,2007,1FTWW31P37EA,1,F,T,W,W,3,1,P,3,7,E,A,0,T,FORD,F3S,CW,7,17,,3,1720,1560,SRW,D,,0,0,000000000,00000000000,0,0,0,1,0,0,0,0,0,0,0,10,0,0,0,12,12,0,1,15,0,0,0,1,8,80631,6,1,0,0,3,1,67,140,0,2,0,0,0,5,2008,7,2010,0,38,0,0,0,4,3,30,1,1,2,1,2,3,10,83,1,1,1,13,0,0
8,80337,1,1,1,30,10,12,33,8,0,1,0,8,1,37,402,37402,14,2010,5J6RE4H79AL0,5,J,6,R,E,4,H,7,9,A,L,0,0,P,HOND,CRV,UT,10,17,3549,,0,1031,,G,,0,0,000000000,00000000000,0,0,0,1,0,0,0,0,0,0,0,20,0,0,0,12,12,2,3,8,0,0,0,1,8,80501,6,1,0,0,3,0,63,155,0,0,0,0,0,0,0,0,0,0,38,0,0,0,1,2,30,1,1,2,1,2,3,11,80,2,1,1,13,0,0
8,80338,1,2,1,21,10,5,52,12,6,1,0,8,2,63,34,63034,4,2004,KNAGD1268453,K,N,A,G,D,1,2,6,8,4,5,3,0,P,KIA,OLE,4D,4,17,3281,,0,1063,,G,,0,0,000000000,00000000000,0,0,0,1,0,0,0,0,0,0,0,60,0,0,0,61,61,6,2,12,0,0,0,1,8,80528,6,1,0,0,3,3,69,240,0,0,0,0,0,0,0,0,0,1,39,0,0,0,1,2,55,1,1,2,1,20,3,1,17,1,1,1,89,1,0
8,80338,2,2,1,21,10,5,52,12,6,1,0,8,1,49,421,49421,15,2001,JTEHT05J4120,J,T,E,H,T,0,5,J,4,1,2,0,0,P,TOYT,LCW,UT,1,17,5115,,0,1122,,G,,0,0,000000000,00000000000,0,0,0,1,0,0,0,0,0,0,0,55,0,1,5,12,12,6,2,12,0,0,0,1,8,80537,6,1,0,0,3,0,62,120,0,0,0,1,1,4,2008,10,2008,1,0,0,0,0,1,2,45,1,1,2,1,0,0,1,66,1,1,1,88,0,0
8,80339,1,1,1,4,10,10,6,25,0,1,0,8,1,49,442,49442,20,2001,4T3ZF13CX1U3,4,T,3,Z,F,1,3,C,X,1,U,3,0,P,TOYT,SIE,SV,1,17,3932,,0,1142,,G,,0,0,000000000,00000000000,0,0,0,1,0,0,0,0,0,0,0,60,0,1,1,12,0,6,2,25,0,0,0,1,8,80013,6,1,0,0,3,3,64,222,0,0,0,0,1,10,2007,10,2007,0,0,0,0,0,6,1,65,3,1,2,1,0,0,14,13,1,1,4,1,1,0
8,80340,1,1,1,29,10,17,47,33,0,1,0,8,1,37,31,37031,2,2008,2HGFG116X8H5,2,H,G,F,G,1,1,6,X,8,H,5,0,P,HOND,UCL,CP,8,17,2657,,0,1043,,G,,0,0,000000000,00000000000,0,0,0,1,0,0,0,0,0,0,0,70,0,0,0,14,13,6,2,50,0,0,0,1,8,80120,4,1,0,0,2,0,70,145,0,1,0,2,5,7,2008,10,2010,1,36,92,0,0,3,1,25,1,5,2,1,28,3,1,6,6,4,4,7,1,0
8,80341,1,2,2,1,11,13,40,12,2,1,0,8,1,12,16,12016,4,2002,2FAFP71W32X1,2,F,A,F,P,7,1,W,3,2,X,1,0,P,FORD,CVP,4D,2,17,0,,0,1147,,G,,0,0,000000000,00000000000,0,0,0,1,0,0,0,0,0,0,0,75,0,0,0,12,12,6,2,12,0,0,0,1,8,80229,4,1,0,0,2,2,72,175,1,1,0,2,0,7,2008,10,2010,1,33,74,92,0,1,2,65,1,1,2,1,0,0,6,51,6,1,2,51,0,0
8,80341,2,2,3,1,11,13,40,12,2,1,0,8,1,7,20,7020,4,2003,1B3ES56C13D1,1,B,3,E,S,5,6,C,1,3,D,1,0,P,DODG,NXT,4D,3,17,2639,,0,1040,,G,,0,0,000000000,00000000000,0,0,0,1,0,0,0,0,0,0,0,65,0,0,0,12,12,6,2,12,0,0,0,1,8,80514,2,1,0,0,2,2,63,160,0,4,0,1,3,11,2007,10,2010,0,74,0,0,0,1,2,65,1,1,2,1,0,0,6,54,8,2,2,50,2,0
8,80342,1,1,1,3,11,1,59,31,0,1,0,8,3,59,31,59031,4,2010,JTHBK1EG1A23,J,T,H,B,K,1,E,G,1,A,2,3,0,P,LEXS,E35,4D,10,17,3580,,0,1093,,G,,0,0,000000000,00000000000,0,0,0,1,0,0,0,0,0,0,0,100,0,0,0,12,12,6,2,42,0,0,0,1,8,80127,6,1,0,0,3,3,67,170,0,0,0,0,1,1,2009,1,2009,1,8,36,0,0,1,2,35,2,6,2,1,0,0,14,6,7,9,4,7,1,0
8,80343,1,2,1,3,11,20,24,12,2,1,0,8,1,48,34,48034,4,2002,4S3BE8967272,4,S,3,B,E,8,9,6,7,2,7,2,0,P,SUBA,UOC,4D,2,17,3610,,0,1043,,G,,0,0,000000000,00000000000,0,0,0,1,0,0,0,0,0,0,0,42,0,0,0,12,12,6,2,12,0,0,0,1,8,80433,6,1,0,0,3,0,60,105,0,0,0,2,1,1,2008,6,2008,0,51,0,0,0,2,2,55,1,5,1,1,0,0,1,54,1,1,1,52,1,1
8,80343,2,2,1,3,11,20,24,12,2,1,0,8,3,12,422,12422,15,2009,1FMFU16599LA,1,F,M,F,U,1,6,5,9,9,L,A,0,P,FORD,EPT,UT,9,17,5805,,0,1190,,F,,0,0,000000000,00000000000,0,0,0,1,0,0,0,0,0,5,0,61,0,1,3,12,12,6,2,12,0,0,0,1,8,80401,6,1,0,0,3,0,73,200,0,0,0,0,0,0,0,0,0,1,16,0,0,0,2,2,55,1,6,1,1,0,0,1,54,1,1,1,52,0,0
8,80344,1,3,1,3,11,7,0,12,2,1,0,8,2,24,2,24002,2,1997,1G8ZG127XVZ3,1,G,8,Z,G,1,2,7,X,V,Z,3,0,P,STRN,SC2,CP,97,17,2329,,0,1024,,G,,0,0,000000000,00000000000,0,0,0,1,0,0,0,0,0,0,0,998,0,0,0,12,12,6,2,12,0,0,0,1,8,80232,6,1,0,0,3,3,65,130,0,3,0,0,0,12,2007,3,2008,9,51,0,0,0,1,2,30,1,1,2,1,0,0,1,54,1,1,1,52,1,1
8,80344,2,3,1,3,11,7,0,12,2,1,0,8,1,20,461,20461,21,1984,1GBEG25HXE72,1,G,B,E,G,2,5,H,X,E,7,2,0,T,CHEV,SV2,IC,84,17,,2,1250,1100,S/V,G,,0,0,000000000,00000000000,0,0,0,1,0,0,0,0,0,0,0,30,0,0,0,12,12,6,2,12,0,0,0,1,8,80219,6,1,0,0,3,1,68,160,0,0,0,0,0,0,0,0,0,0,0,0,0,0,1,2,30,1,1,2,1,0,0,1,54,1,1,1,52,0,0
8,80344,3,3,1,3,11,7,0,12,2,1,0,8,1,12,481,12481,31,2003,1FTRX18L43NA,1,F,T,R,X,1,8,L,4,3,N,A,0,T,FORD,F15,4C,3,17,,2,1574,1388,COF,G,,0,0,000000000,00000000000,0,0,0,1,0,0,0,0,0,0,0,30,0,0,0,12,12,6,2,12,0,0,0,1,8,80215,6,1,0,0,3,0,74,270,0,0,0,0,0,0,0,0,0,0,0,0,0,0,1,2,30,1,1,2,1,0,0,1,50,1,1,1,98,0,0
8,80345,1,1,4,1,11,19,41,33,0,1,0,8,2,49,401,49401,14,1991,43965,4,3,9,6,5,,,,,,,,0,P,,,,,,,,,,,,,0,0,000000000,00000000000,0,0,0,1,0,0,0,0,0,0,0,63,0,2,1,14,0,6,2,1,35,0,0,1,8,80130,6,2,0,0,3,0,62,107,0,0,0,0,1,7,2009,7,2009,1,52,58,92,0,2,3,45,1,6,1,1,28,3,1,6,8,1,4,1,1,0
8,80346,1,1,1,8,11,23,43,1,0,1,0,8,1,12,423,12423,15,2002,1FMSU43F92EB,1,F,M,S,U,4,3,F,9,2,E,B,0,P,FORD,EXC,UT,2,17,7127,,0,1371,,D,,0,0,000000000,00000000000,0,0,0,1,0,0,0,0,0,0,0,55,0,1,5,0,0,6,2,1,0,0,0,1,8,80652,6,1,0,0,3,1,66,180,0,0,0,0,1,1,2008,1,2008,0,0,0,0,0,1,2,55,2,1,5,1,0,0,14,9,9,3,4,7,1,0
8,80347,1,1,1,11,11,8,25,1,0,1,0,31,1,2,404,2404,14,1996,1J4GZ58Y9TC3,1,J,4,G,Z,5,8,Y,9,T,C,3,0,T,JEEP,LRO,4W,96,17,,1,0,1059,GCK,G,,0,0,000000000,00000000000,0,0,0,1,0,0,0,0,0,0,0,45,0,2,5,0,0,6,2,1,0,0,0,1,31,68071,6,1,6,0,3,0,72,205,0,0,0,2,2,1,2008,4,2010,1,0,0,0,0,1,4,45,1,6,2,4,0,0,1,5,6,4,4,7,1,0
8,80348,1,1,1,12,11,9,0,35,0,1,0,8,1,20,23,20023,6,2009,3GNCA13B49S5,3,G,N,C,A,1,3,B,4,9,S,5,0,P,CHEV,HHR,UT,9,17,3155,,0,1035,,F,,0,0,000000000,00000000000,0,0,0,1,0,0,0,0,0,0,0,75,0,0,0,12,12,6,2,35,0,0,0,1,8,81635,6,1,0,0,3,3,71,300,0,0,0,1,0,4,2009,4,2009,0,0,0,0,0,2,2,75,1,1,2,1,28,3,1,12,1,1,4,6,1,0
8,80349,1,1,1,13,11,13,45,1,0,1,0,8,1,24,7,24007,4,2003,1G8AN14F03Z1,1,G,8,A,N,1,4,F,0,3,Z,1,0,P,STRN,SI2,C4,3,17,2751,,0,1032,,G,,0,0,000000000,00000000000,0,0,0,1,0,0,0,0,0,0,0,90,0,2,3,0,0,6,2,1,0,0,0,1,8,80501,6,2,0,0,3,0,68,130,0,0,0,0,0,0,0,0,0,1,8,0,0,0,2,2,75,1,1,1,1,0,0,1,6,3,4,4,7,1,0
8,80350,1,1,6,14,11,11,20,31,0,1,0,8,2,6,441,6441,20,2005,2C8GP44R45R1,2,C,8,G,P,4,4,R,4,5,R,1,0,P,CHRY,TWC,SV,5,17,4121,,0,1193,,G,,0,0,000000000,00000000000,0,0,0,1,0,0,0,0,0,0,0,75,0,1,3,9,0,6,2,1,0,0,0,1,8,81019,6,1,0,0,3,0,71,166,0,0,0,0,0,0,0,0,0,0,58,0,0,0,3,2,75,2,5,2,1,0,0,14,12,7,3,4,7,1,0
8,80351,1,1,1,12,11,17,15,1,0,1,0,8,2,35,471,35471,30,1995,1N6HD16Y2SC4,1,N,6,H,D,1,6,Y,2,S,C,4,0,T,NISS,KSX,PC,95,17,,1,0,1161,TRK,G,,0,0,000000000,00000000000,0,0,0,1,0,0,0,0,0,0,0,60,0,2,5,0,0,6,2,1,0,0,0,1,8,81147,6,1,0,0,3,0,69,160,0,0,0,0,0,0,0,0,0,0,58,0,0,0,1,2,60,1,1,2,1,0,0,1,13,6,4,4,5,1,0
8,80352,1,2,1,5,11,17,40,12,2,1,0,8,1,49,472,49472,30,1996,4TANL42N8TZ2,4,T,A,N,L,4,2,N,8,T,Z,2,0,T,TOYT,REG,PK,96,17,,1,0,1033,TAC,G,,0,0,000000000,00000000000,0,0,0,1,0,0,0,0,0,0,0,15,0,0,0,12,12,6,2,12,0,0,0,1,8,80733,6,1,0,0,3,0,71,115,0,0,0,0,0,0,0,0,0,0,8,38,92,0,1,2,40,1,1,2,1,0,0,11,15,99,1,1,68,1,0
8,80352,2,2,1,5,11,17,40,12,2,1,0,8,1,7,442,7442,20,1996,2B4GP4439TR6,2,B,4,G,P,4,4,3,9,T,R,6,0,P,DODG,CAR,SV,96,17,3663,,0,1193,,G,,0,0,000000000,00000000000,0,0,0,1,0,0,0,0,0,0,0,40,0,0,0,12,12,6,2,12,0,0,0,1,8,80757,6,1,0,0,3,0,66,130,0,0,0,0,0,0,0,0,0,0,0,0,0,0,1,2,40,1,1,2,1,0,0,1,62,99,1,1,69,0,0
8,80353,1,2,2,12,11,12,30,12,2,1,0,8,1,49,401,49401,14,1998,JT3HN86R2W01,J,T,3,H,N,8,6,R,2,W,0,1,0,P,TOYT,RUN,UT,98,17,3850,,0,1053,,G,,0,0,000000000,00000000000,0,0,0,1,0,0,0,0,0,0,0,45,0,0,0,12,12,6,2,12,0,0,0,1,8,80601,6,1,0,0,3,0,70,170,0,0,0,0,0,0,0,0,0,0,27,92,0,0,1,2,45,1,1,2,1,1,3,15,10,1,1,2,50,2,0
8,80353,2,2,1,12,11,12,30,12,2,1,0,8,2,20,481,20481,31,2000,1GCEK19T9YE3,1,G,C,E,K,1,9,T,9,Y,E,3,0,T,CHEV,SK1,PC,0,17,,2,1575,1435,SIL,G,,0,0,000000000,00000000000,0,0,0,1,0,0,0,0,0,0,0,45,0,0,0,12,12,6,2,12,0,0,0,1,8,80239,0,0,0,0,0,0,999,999,0,2,1,0,0,8,2008,8,2008,0,92,0,0,0,1,2,45,1,1,2,1,1,3,1,62,1,1,1,51,0,0
8,80354,1,1,4,19,11,21,55,42,0,1,0,35,2,20,2,20002,4,2007,2G1WC58R0791,2,G,1,W,C,5,8,R,0,7,9,1,0,P,CHEV,IMT,4D,7,17,3637,,0,1105,,G,,0,0,000000000,00000000000,0,0,0,1,0,0,0,0,0,0,0,60,0,1,5,10,0,6,2,1,0,0,0,1,35,87410,6,1,0,0,3,0,73,224,98,0,0,0,4,3,2008,8,2010,0,58,92,0,0,1,2,60,1,5,2,1,0,0,1,90,8,3,4,4,1,0
8,80355,1,2,1,20,11,8,40,12,6,1,0,8,1,12,481,12481,31,2002,1FTSW31F32ED,1,F,T,S,W,3,1,F,3,2,E,D,1,T,FORD,F3S,CW,2,17,,2,1724,1562,SRW,D,,3,0,000000000,00000000000,0,0,0,1,0,0,0,0,0,0,0,40,0,0,0,12,12,6,2,12,0,0,0,1,8,80815,6,1,0,0,3,1,76,238,0,0,0,1,0,12,2009,12,2009,0,39,0,0,0,1,2,55,1,1,2,1,20,3,1,17,1,1,1,86,1,0
8,80355,2,2,1,20,11,8,40,12,6,1,0,17,3,87,881,87881,66,2001,1XP5PBTX31N5,1,X,P,5,P,B,T,X,3,1,N,5,1,T,PTRB,379,DS,1,17,,8,0,0,CON,D,,1,57,216939,57216939,3,6,3,1,0,0,0,0,0,0,0,50,0,1,5,1,1,6,2,12,0,0,0,1,48,79538,6,1,6,1,3,0,999,999,0,0,0,0,0,0,0,0,0,0,0,0,0,0,1,2,65,3,1,2,1,0,0,14,66,8,1,1,87,0,0
8,80356,1,1,1,20,11,23,30,8,0,1,0,48,1,24,7,24007,4,2003,1G8AF52F23Z1,1,G,8,A,F,5,2,F,2,3,Z,1,0,P,STRN,SI1,4D,3,17,2653,,0,1032,,G,,0,0,000000000,00000000000,0,0,0,1,0,0,0,0,0,0,0,70,0,0,0,12,12,6,2,8,0,0,0,1,48,88021,6,1,0,0,3,0,999,999,0,1,0,2,0,6,2010,10,2010,0,0,0,0,0,3,2,75,1,6,2,1,0,0,1,80,2,1,1,13,0,0
8,80357,1,1,2,21,11,20,15,1,0,1,0,8,2,12,481,12481,31,2002,2FTRX18L02CA,2,F,T,R,X,1,8,L,0,2,C,A,0,T,FORD,F15,4C,2,17,,2,1574,1388,COF,G,,0,0,000000000,00000000000,0,0,0,1,0,0,0,0,0,0,0,75,0,2,5,0,0,6,2,1,0,0,0,1,8,80537,6,2,0,0,3,0,65,135,0,0,0,0,0,0,0,0,0,0,52,0,0,0,2,2,75,1,1,1,4,0,0,15,5,8,3,4,2,1,0
8,80358,1,1,5,22,11,7,40,31,0,1,0,18,2,6,441,6441,20,1999,1C4GP54L9XB8,1,C,4,G,P,5,4,L,9,X,B,8,0,P,CHRY,TWC,SV,99,17,3953,,0,1193,,G,,0,0,000000000,00000000000,0,0,0,1,0,0,0,0,0,0,0,65,0,1,5,11,0,6,2,1,0,0,0,1,18,80011,6,1,0,0,3,0,66,150,0,0,0,0,0,0,0,0,0,0,27,52,58,0,3,2,75,1,6,2,1,0,0,15,11,6,3,4,2,1,0
8,80359,1,1,2,22,11,20,30,1,0,1,0,8,1,20,481,20481,31,1999,1GCCS1440XK1,1,G,C,C,S,1,4,4,0,X,K,1,0,T,CHEV,S14,PK,99,17,,1,1179,1083,S,G,,0,0,000000000,00000000000,0,0,0,1,0,0,0,0,0,0,0,75,0,2,1,0,0,6,2,1,0,0,0,1,8,81424,2,1,0,0,2,0,71,220,1,4,0,1,0,3,2009,7,2010,1,58,92,0,0,1,2,50,2,6,2,1,28,3,14,13,8,3,6,98,1,1
8,80360,1,2,1,23,11,18,37,12,6,1,0,8,3,84,881,84881,66,2001,2HSCNAER21C0,2,H,S,C,N,A,E,R,2,1,C,0,1,T,INTL,94I,DS,1,17,,8,0,0,940,D,,1,57,1330434,571330434,3,6,2,1,0,0,0,0,0,0,0,5,0,0,0,7,7,6,2,12,0,0,0,1,8,81526,6,1,6,1,3,0,70,180,0,0,0,0,0,0,0,0,0,0,38,0,0,0,1,2,50,1,1,2,1,20,3,11,15,1,1,1,82,0,0
8,80360,2,2,6,23,11,18,37,12,6,1,0,8,2,7,402,7402,14,1998,1B4HS28Y1WF2,1,B,4,H,S,2,8,Y,1,W,F,2,0,P,DODG,DUR,UT,98,17,4349,,0,1159,,G,,0,0,000000000,00000000000,0,0,0,1,0,0,0,0,0,0,0,62,0,0,0,12,12,6,2,12,0,0,0,1,8,81630,6,2,0,0,3,3,61,105,0,0,0,1,0,10,2009,10,2009,1,0,0,0,0,1,2,50,1,1,2,1,0,0,1,72,1,1,1,83,1,1
8,80361,1,1,2,28,11,1,48,30,0,1,0,8,1,20,421,20421,15,1995,3GNEK18K6SG1,3,G,N,E,K,1,8,K,6,S,G,1,0,P,CHEV,KTA,UT,95,17,4747,,0,1115,,G,,0,0,000000000,00000000000,0,0,0,1,0,0,0,0,0,0,0,40,0,0,0,12,12,6,2,42,0,0,0,1,8,80031,6,1,0,0,3,0,66,225,0,0,0,0,3,10,2009,10,2009,1,0,0,0,0,1,2,25,1,5,2,1,0,0,1,6,6,4,4,7,1,1
8,80362,1,1,2,28,11,15,9,1,0,1,0,8,1,12,401,12401,14,2004,1FMZU73K34UA,1,F,M,Z,U,7,3,K,3,4,U,A,0,P,FORD,EPR,UT,4,17,4094,,0,1137,,F,,0,0,000000000,00000000000,0,0,0,1,0,0,0,0,0,0,0,65,0,2,5,0,0,6,2,1,0,0,0,1,8,80832,3,1,3,0,2,0,75,289,0,0,0,0,0,0,0,0,0,1,58,92,0,0,1,2,55,1,6,5,1,0,0,1,98,6,4,4,2,1,0
8,80363,1,1,2,18,11,11,54,42,0,1,0,8,1,12,402,12402,14,2005,1FMYU93115KA,1,F,M,Y,U,9,3,1,1,5,K,A,0,P,FORD,SPE,UT,5,17,3464,,0,1031,,G,,0,0,000000000,00000000000,0,0,0,1,0,0,0,0,0,0,0,55,0,1,5,12,12,6,2,42,0,0,0,1,8,80020,6,1,0,0,3,0,68,160,0,0,0,0,0,0,0,0,0,0,0,0,0,0,3,3,55,1,1,2,1,0,0,1,13,1,1,4,1,1,0
8,80364,1,1,2,28,11,22,10,38,0,1,0,8,1,24,1,24001,4,1999,1G8ZG5282XZ1,1,G,8,Z,G,5,2,8,2,X,Z,1,0,P,STRN,SL1,4D,99,17,0,,0,1024,,G,,0,0,000000000,00000000000,0,0,0,1,0,0,0,0,0,0,0,80,0,1,6,63,0,6,2,1,0,0,0,1,8,81211,6,2,0,0,3,0,76,313,0,0,0,0,0,0,0,0,0,1,0,0,0,0,1,2,50,2,1,2,1,0,0,14,12,7,3,4,7,1,1
8,80365,1,2,1,27,11,10,5,12,6,1,1,8,1,30,40,30040,4,1995,3VWWC81H5SM0,3,V,W,W,C,8,1,H,5,S,M,0,0,P,VOLK,J3B,4D,95,17,2570,,0,974,,G,,0,0,000000000,00000000000,0,0,0,1,0,0,0,0,0,0,0,60,0,0,0,12,12,6,2,12,0,0,0,1,8,80228,6,1,0,0,3,3,73,167,0,0,0,0,2,6,2009,3,2010,1,8,39,0,0,3,3,35,1,1,2,1,2,3,1,17,1,1,1,88,0,0
8,80365,2,2,1,27,11,10,5,12,6,1,0,8,2,22,18,22018,4,1998,1G2WP52K9WF3,1,G,2,W,P,5,2,K,9,W,F,3,0,P,PONT,GPG,4D,98,17,3414,,0,1105,,G,,0,0,000000000,00000000000,0,0,0,1,0,0,0,0,0,0,0,30,0,0,0,63,63,6,2,12,0,0,0,1,8,80214,0,0,0,0,0,0,999,999,0,0,0,0,0,0,0,0,0,0,92,0,0,0,5,4,35,1,1,2,1,2,3,1,66,1,1,1,89,1,0
8,80366,1,1,1,29,11,1,12,31,0,1,0,8,1,12,3,12003,2,2008,1ZVHT82H0851,1,Z,V,H,T,8,2,H,0,8,5,1,0,P,FORD,MGT,CP,8,17,3450,,0,1071,,G,,0,0,000000000,00000000000,0,0,0,1,0,0,0,0,0,0,0,65,0,2,5,12,0,6,2,1,0,0,0,1,8,80549,6,1,6,0,3,0,66,135,0,0,0,1,0,10,2010,10,2010,0,0,0,0,0,1,2,65,3,6,2,1,40,3,14,13,1,1,4,1,1,1
8,80367,1,2,1,7,11,8,0,12,1,1,0,8,1,18,18,18018,4,1998,1G4NJ52M6WC4,1,G,4,N,J,5,2,M,6,W,C,4,0,P,BUIC,SKC,4D,98,17,2910,,0,1034,,G,,0,0,000000000,00000000000,0,0,0,1,0,0,0,0,0,0,0,10,0,0,0,12,12,6,2,12,0,0,0,1,8,80212,6,1,0,0,3,0,71,170,0,0,0,0,0,0,0,0,0,0,26,0,0,0,2,2,35,1,1,1,1,2,3,1,50,1,1,1,20,1,0