STATE,ST_CASE,VEH_NO,VE_FORMS,NUMOCCS,DAY,MONTH,HOUR,MINUTE,HARM_EV,MAN_COLL,UNITTYPE,HIT_RUN,REG_STAT,OWNER,MAKE,MODEL,MAK_MOD,BODY_TYP,MOD_YEAR,VIN,VIN_1,VIN_2,VIN_3,VIN_4,VIN_5,VIN_6,VIN_7,VIN_8,VIN_9,VIN_10,VIN_11,VIN_12,TOW_VEH,VINTYPE,VINMAKE,VINA_MOD,VIN_BT,VINMODYR,VIN_LNGT,VIN_WGT,WGTCD_TR,WHLBS_LG,WHLBS_SH,SER_TR,FUELCODE,MCYCL_DS,J_KNIFE,MCARR_I1,MCARR_I2,MCARR_ID,GVWR,V_CONFIG,CARGO_BT,HAZ_INV,HAZ_PLAC,HAZ_ID,HAZ_CNO,HAZ_REL,BUS_USE,SPEC_USE,EMER_USE,TRAV_SP,UNDERIDE,ROLLOVER,ROLINLOC,IMPACT1,IMPACT2,DEFORMED,TOWED,M_HARM,VEH_SC1,VEH_SC2,FIRE_EXP,DR_PRES,L_STATE,DR_ZIP,L_STATUS,L_TYPE,CDL_STAT,L_ENDORS,L_COMPL,L_RESTRI,DR_HGT,DR_WGT,PREV_ACC,PREV_SUS,PREV_DWI,PREV_SPD,PREV_OTH,FIRST_MO,FIRST_YR,LAST_MO,LAST_YR,SPEEDREL,DR_SF1,DR_SF2,DR_SF3,DR_SF4,VTRAFWAY,VNUM_LAN,VSPD_LIM,VALIGN,VPROFILE,VPAVETYP,VSURCOND,VTRAFCON,VTCONT_F,P_CRASH1,P_CRASH2,P_CRASH3,PCRASH4,PCRASH5,ACC_TYPE,DEATHS,DR_DRINK
8,80367,2,2,1,7,11,8,0,12,1,1,0,8,1,35,402,35402,14,2004,5N1ED28Y54C6,5,N,1,E,D,2,8,Y,5,4,C,6,0,P,NISS,XTR,UT,4,17,3924,,0,1043,,G,,0,0,000000000,00000000000,0,0,0,1,0,0,0,0,0,0,0,0,0,0,0,6,6,6,2,12,0,0,0,1,8,80005,6,1,0,0,3,0,65,145,0,0,0,0,0,0,0,0,0,0,0,0,0,0,2,2,35,1,1,2,1,2,3,5,53,1,1,1,21,0,0
8,80368,1,1,1,16,11,17,5,35,0,1,0,8,3,84,881,84881,66,1987,1HSREX6R3HHB,1,H,S,R,E,X,6,R,3,H,H,B,1,T,INTL,C7E,TL,87,17,,8,1950,1420,C96,D,,3,57,1297484,571297484,3,6,3,1,0,0,0,0,0,0,0,55,0,0,0,12,12,6,2,35,0,0,0,1,8,81201,6,1,6,1,3,3,70,187,0,0,0,0,1,12,2007,12,2007,1,26,0,0,0,1,2,55,3,6,2,4,28,3,2,51,8,2,4,8,1,0
8,80369,1,2,1,19,11,11,29,12,2,1,0,8,2,37,32,37032,4,1993,JHMCB7673PC0,J,H,M,C,B,7,6,7,3,P,C,0,0,P,HOND,AEX,4D,93,17,2987,,0,1071,,G,,0,0,000000000,00000000000,0,0,0,1,0,0,0,0,0,0,0,998,0,0,0,12,12,6,2,12,0,0,1,1,8,81520,6,2,0,0,3,0,69,120,0,0,0,1,0,9,2010,9,2010,9,28,0,0,0,5,4,55,1,1,2,1,0,0,1,10,1,1,2,50,0,0
8,80369,2,2,2,19,11,11,29,12,2,1,0,8,1,13,1,13001,4,2005,1LNHM81W25Y6,1,L,N,H,M,8,1,W,2,5,Y,6,0,P,LINC,SIG,4D,5,17,4359,,0,1177,,G,,0,0,000000000,00000000000,0,0,0,1,0,0,0,0,0,0,0,998,0,0,0,12,12,6,2,12,0,0,0,1,8,81144,6,1,0,0,3,0,68,170,0,0,0,0,0,0,0,0,0,0,0,0,0,0,5,4,55,1,1,2,1,0,0,1,62,7,1,1,51,1,0
8,80370,1,1,1,10,11,19,35,33,0,1,0,8,3,32,42,32042,4,2004,WAULD64B44N0,W,A,U,L,D,6,4,B,4,4,N,0,0,P,AUDI,27Q,4D,4,17,3737,,0,1086,,G,,0,0,000000000,00000000000,0,0,0,1,0,0,0,0,0,0,0,30,0,0,0,14,12,6,2,30,0,0,0,1,8,80918,6,1,0,0,3,3,66,135,0,0,0,0,0,0,0,0,0,0,0,0,0,0,5,2,30,3,6,2,1,28,3,14,13,1,1,4,1,1,0
8,80371,1,1,1,1,12,19,53,1,0,1,0,8,1,7,20,7020,4,1995,1B3ES27C2SD6,1,B,3,E,S,2,7,C,2,S,D,6,0,P,DODG,NEO,4P,95,17,2392,,0,1040,,G,,0,0,000000000,00000000000,0,0,0,1,0,0,0,0,0,0,0,75,0,2,3,0,0,6,2,1,0,0,0,1,8,80233,6,1,0,0,3,0,66,135,0,0,0,0,0,0,0,0,0,0,26,0,0,0,3,3,75,1,1,1,1,0,0,4,51,6,3,4,8,1,0
8,80372,1,2,2,1,12,20,50,12,6,1,0,8,4,55,35,55035,4,2010,KMHDU4AD9AU1,K,M,H,D,U,4,A,D,9,A,U,1,0,P,HYUN,BGS,4D,10,17,2723,,0,1043,,G,,0,0,000000000,00000000000,0,0,0,1,0,0,0,0,0,0,0,50,0,0,0,83,83,6,2,12,0,0,0,1,26,60616,6,1,0,0,3,3,68,160,0,0,0,0,0,0,0,0,0,1,87,0,0,0,1,2,50,1,6,2,4,0,0,1,5,1,4,2,64,1,0
8,80372,2,2,1,1,12,20,50,12,6,1,0,8,1,37,421,37421,15,2003,2HKYF18633H5,2,H,K,Y,F,1,8,6,3,3,H,5,0,P,HOND,PIL,UT,3,17,4439,,0,1063,,G,,0,0,000000000,00000000000,0,0,0,1,0,0,0,0,0,0,0,40,0,0,0,12,12,6,2,12,0,0,0,1,8,80443,6,1,0,0,3,0,64,115,0,0,0,0,0,0,0,0,0,0,0,0,0,0,1,2,50,1,5,2,4,0,0,1,62,2,1,1,65,0,0
8,80373,1,1,1,4,12,14,0,48,0,1,0,8,2,12,401,12401,14,2000,1FMZU85P8YZB,1,F,M,Z,U,8,5,P,8,Y,Z,B,0,P,FORD,EPR,UT,0,17,4321,,0,1116,,G,,0,0,000000000,00000000000,0,0,0,1,0,0,0,0,0,0,0,50,0,1,5,12,0,6,2,1,0,0,0,1,8,80461,6,1,0,0,3,3,70,160,0,1,1,1,0,12,2008,7,2009,1,92,0,0,0,1,3,55,2,5,2,4,0,0,14,5,1,4,4,7,1,1
8,80374,1,1,2,5,12,2,30,1,0,1,0,4,2,12,481,12481,31,2004,1FTNX21P64EB,1,F,T,N,X,2,1,P,6,4,E,B,0,T,FORD,F2S,4C,4,17,,2,1580,1418,SRW,D,,0,0,000000000,00000000000,0,0,0,1,0,0,0,0,0,0,0,55,0,2,5,0,0,6,2,1,0,0,0,1,42,80807,0,0,0,0,0,0,72,999,0,0,0,0,0,0,0,0,0,0,92,0,0,0,1,2,55,1,1,4,1,0,0,1,9,5,3,4,7,1,1
8,80375,1,1,1,5,12,7,50,38,0,1,0,8,1,7,482,7482,31,2003,3D7KU28D23G8,3,D,7,K,U,2,8,D,2,3,G,8,0,T,DODG,SQ2,CW,3,17,,2,1605,1405,RPC,G,,0,0,000000000,00000000000,0,0,0,1,0,0,0,0,0,0,0,90,0,1,6,12,0,6,2,1,0,0,0,1,8,80125,6,1,6,0,3,3,71,215,0,0,0,0,2,1,2008,5,2008,1,8,0,0,0,1,2,55,2,1,2,1,0,0,14,12,7,3,4,2,1,1
8,80376,1,1,1,2,12,15,54,43,0,1,0,8,2,14,17,14017,4,1996,1MELM50U0TG6,1,M,E,L,M,5,0,U,0,T,G,6,0,P,MERC,SGS,4D,96,17,3358,,0,1085,,G,,0,0,000000000,00000000000,0,0,0,1,0,0,0,0,0,0,0,30,0,0,0,12,12,6,2,43,0,0,0,1,8,80033,6,1,0,0,3,3,61,108,1,0,0,0,0,7,2009,7,2009,0,0,0,0,0,1,2,30,3,1,2,1,0,0,14,13,1,1,4,1,1,0
8,80377,1,1,1,8,12,8,45,38,0,1,0,8,1,12,401,12401,14,2002,1FMZU75W82ZC,1,F,M,Z,U,7,5,W,8,2,Z,C,0,P,FORD,EPR,UT,2,17,4386,,0,1137,,G,,0,0,000000000,00000000000,0,0,0,1,0,0,0,0,0,0,0,60,0,1,6,61,0,6,2,30,0,0,0,1,8,81154,6,1,0,0,3,0,67,130,0,0,0,0,0,0,0,0,0,0,58,0,0,0,1,2,55,3,6,2,1,0,0,14,10,7,3,4,2,1,0
8,80378,1,2,1,8,12,14,45,12,6,1,0,8,1,37,32,37032,2,1991,1HGCB7253MA0,1,H,G,C,B,7,2,5,3,M,A,0,0,P,HOND,ALX,CP,91,17,2822,,0,1071,,G,,0,0,000000000,00000000000,0,0,0,1,0,0,0,0,0,0,0,65,0,0,0,3,3,6,2,12,0,0,0,1,8,81132,6,1,0,0,3,3,67,205,0,0,0,0,1,12,2007,12,2007,0,28,0,0,0,1,2,65,1,1,2,1,0,0,1,12,9,4,4,64,1,0
8,80378,2,2,1,8,12,14,45,12,6,1,0,8,1,32,42,32042,4,2001,WAUEH64B21N1,W,A,U,E,H,6,4,B,2,1,N,1,0,P,AUDI,28Q,4D,1,17,3668,,0,1086,,G,,0,0,000000000,00000000000,0,0,0,1,0,0,0,0,0,0,0,65,0,0,0,12,12,6,2,12,0,0,0,1,8,81144,6,1,0,0,3,3,69,150,0,0,0,0,0,0,0,0,0,0,0,0,0,0,1,2,65,1,1,2,1,0,0,1,62,9,1,4,65,0,0
8,80379,1,1,4,8,12,17,12,1,0,1,0,8,2,20,401,20401,14,2004,1GNDT13X14K1,1,G,N,D,T,1,3,X,1,4,K,1,0,P,CHEV,BZR,UT,4,17,4134,,0,1070,,G,,0,0,000000000,00000000000,0,0,0,1,0,0,0,0,0,0,0,55,0,2,1,0,0,6,2,1,0,0,0,1,8,80642,6,7,0,0,3,0,66,130,0,0,0,0,0,0,0,0,0,0,28,52,0,0,1,2,55,1,1,2,1,0,0,1,13,6,3,6,98,1,0
8,80380,1,1,1,5,12,19,31,1,0,1,0,8,1,49,401,49401,14,1999,JT3HN87R1X02,J,T,3,H,N,8,7,R,1,X,0,2,0,P,TOYT,RUN,UT,99,17,3930,,0,1053,,G,,0,0,000000000,00000000000,0,0,0,1,0,0,0,0,0,0,0,56,0,2,1,0,0,6,2,1,0,0,0,1,8,81226,6,1,0,0,3,3,62,145,0,0,0,0,0,0,0,0,0,1,28,0,0,0,1,2,30,1,1,5,1,28,3,1,12,7,3,6,98,1,1
8,80381,1,3,3,10,12,22,50,12,7,1,0,8,2,12,13,12013,4,1998,1FAFP13P9WW1,1,F,A,F,P,1,3,P,9,W,W,1,0,P,FORD,ESS,4D,98,17,2468,,0,984,,G,,0,0,000000000,00000000000,0,0,0,1,0,0,0,0,0,0,0,45,0,0,0,7,7,2,3,12,0,0,0,1,8,80123,6,2,0,0,3,1,67,150,0,0,0,1,0,6,2010,6,2010,0,27,92,0,0,3,4,45,1,1,1,1,0,0,15,10,1,1,2,47,0,0
8,80381,2,3,2,10,12,22,50,12,7,1,0,8,2,12,481,12481,31,1997,1FTDX18W2VKD,1,F,T,D,X,1,8,W,2,V,K,D,0,T,FORD,F15,3C,97,17,,1,1570,1390,COF,G,,0,0,000000000,00000000000,0,0,0,1,0,0,0,0,0,0,0,45,0,0,0,2,63,2,1,12,0,0,0,1,8,80227,0,0,0,0,0,0,999,999,0,0,0,0,0,0,0,0,0,0,92,0,0,0,3,4,45,1,1,1,1,0,0,1,61,6,1,1,45,0,0
8,80381,3,3,2,10,12,22,50,12,7,1,0,8,1,30,40,30040,4,1999,3VWRB81H4XM2,3,V,W,R,B,8,1,H,4,X,M,2,0,P,VOLK,UJG,4D,99,17,2574,,0,974,,G,,0,0,000000000,00000000000,0,0,0,1,0,0,0,0,0,0,0,45,0,1,5,82,0,6,2,1,0,0,0,1,8,80010,6,1,0,0,3,0,65,156,0,0,0,0,2,1,2009,8,2010,0,92,0,0,0,3,4,45,1,1,1,1,0,0,1,61,8,1,1,98,1,0
8,80382,1,1,1,11,12,17,30,35,0,1,0,8,1,38,402,38402,14,2001,4S2CK58W6143,4,S,2,C,K,5,8,W,6,1,4,3,0,P,ISU,ROD,UT,1,17,3856,,0,1064,,G,,0,0,000000000,00000000000,0,0,0,1,0,0,0,0,0,0,0,45,0,1,1,1,0,6,2,1,0,0,0,1,8,80466,6,1,0,0,3,0,70,135,0,0,0,0,0,0,0,0,0,0,0,0,0,0,1,2,45,1,1,2,3,0,0,1,13,1,1,4,1,1,1
8,80383,1,2,2,10,12,10,17,31,0,1,0,35,1,49,401,49401,14,1999,JT3HN86R7X02,J,T,3,H,N,8,6,R,7,X,0,2,0,P,TOYT,RUN,UT,99,17,3930,,0,1053,,G,,0,0,000000000,00000000000,0,0,0,1,0,0,0,0,0,0,0,65,0,0,0,12,12,6,2,12,0,0,0,1,35,87557,6,1,0,0,3,0,66,180,98,0,0,0,0,0,0,0,0,0,92,0,0,0,1,2,65,2,1,2,1,0,0,14,12,1,1,4,6,0,0
8,80383,2,2,2,10,12,10,17,31,0,1,0,8,1,63,32,63032,4,2006,KNADE1239660,K,N,A,D,E,1,2,3,9,6,6,0,0,P,KIA,RIO,4D,6,17,2365,,0,984,,G,,0,0,000000000,00000000000,0,0,0,1,0,0,0,0,0,0,0,40,0,1,5,3,3,6,2,12,0,0,0,1,8,81069,6,1,0,0,3,0,66,140,0,0,0,0,0,0,0,0,0,0,0,0,0,0,1,2,65,1,1,2,1,0,0,1,62,6,1,2,98,1,0
8,80384,1,1,2,13,12,6,5,24,0,1,0,8,2,12,21,12021,4,2005,1FAFP25125G1,1,F,A,F,P,2,5,1,2,5,G,1,0,P,FORD,5LM,4D,5,17,3643,,0,1129,,G,,0,0,000000000,00000000000,0,0,0,1,0,0,0,0,0,0,0,75,0,1,1,7,0,6,2,1,0,0,0,1,8,80017,6,1,0,0,3,0,63,165,0,0,0,0,0,0,0,0,0,0,58,92,0,0,2,2,75,1,1,2,1,0,0,1,12,7,3,4,7,1,0
8,80385,1,1,1,4,12,11,48,25,0,1,0,8,1,37,706,37706,80,1999,JH2SC3605XM1,J,H,2,S,C,3,6,0,5,X,M,1,0,M,HOND,VTF,RS,99,17,,,,,,,996,0,0,000000000,00000000000,0,0,0,1,0,0,0,0,0,0,0,55,0,0,0,81,81,4,3,25,0,0,0,1,8,80219,6,2,0,0,3,0,65,127,1,0,0,0,0,11,2008,11,2008,0,8,34,0,0,6,2,55,3,5,1,1,0,0,6,51,4,2,4,3,1,0
8,80386,1,1,1,13,12,3,35,33,0,1,0,20,1,7,482,7482,31,2002,1D7HA16N52J2,1,D,7,H,A,1,6,N,5,2,J,2,0,T,DODG,150,PK,2,17,,2,1405,1205,RPC,G,,0,0,000000000,00000000000,0,0,0,1,0,0,0,0,0,0,0,65,0,1,5,14,0,6,2,1,0,0,0,1,20,80013,6,1,0,0,3,0,73,225,1,0,0,2,1,6,2009,9,2010,1,36,92,0,0,3,3,40,1,5,2,1,0,0,1,6,1,1,4,6,1,1
8,80387,1,1,3,10,12,17,10,8,0,1,0,8,1,12,471,12471,30,2002,1FTZR45E22PB,1,F,T,Z,R,4,5,E,2,2,P,B,0,T,FORD,RNS,4C,2,17,,1,0,1259,RNG,G,,0,0,000000000,00000000000,0,0,0,1,0,0,0,0,0,0,0,35,0,0,0,12,12,2,3,8,0,0,0,1,8,80227,6,1,0,0,3,0,72,180,0,0,0,0,1,4,2010,4,2010,0,0,0,0,0,3,3,40,1,1,2,1,0,0,1,80,3,2,1,13,0,0
8,80388,1,1,2,14,12,6,22,8,0,1,0,8,1,20,461,20461,21,1983,1GCEG25H1D71,1,G,C,E,G,2,5,H,1,D,7,1,0,T,CHEV,G20,VN,83,17,,2,1250,1100,VAN,G,,0,0,000000000,00000000000,0,0,0,1,0,0,0,0,0,0,0,40,0,0,0,12,12,4,1,8,0,0,0,1,8,80012,6,1,0,0,3,3,62,110,0,0,0,0,0,0,0,0,0,0,0,0,0,0,2,3,40,1,1,2,1,2,3,1,80,1,1,1,13,0,0
8,80389,1,1,1,14,12,6,26,8,0,1,0,8,1,30,46,30046,4,2003,WVWPD63B33P2,W,V,W,P,D,6,3,B,3,3,P,2,0,P,VOLK,PGS,4D,3,17,3156,,0,1064,,G,,0,0,000000000,00000000000,0,0,0,1,0,0,0,0,0,0,0,35,0,0,0,12,12,2,1,8,0,0,0,1,8,80018,6,1,0,0,3,0,64,200,0,0,0,0,0,0,0,0,0,0,0,0,0,0,3,3,35,1,1,2,1,2,3,1,80,1,1,1,13,0,0
8,80390,1,2,1,7,12,17,31,12,6,1,0,8,1,23,481,23481,31,2002,1GTHK29G62E2,1,G,T,H,K,2,9,G,6,2,E,2,0,T,GMC,2KH,4C,2,17,,2,1575,1430,SIE,G,,0,0,000000000,00000000000,0,0,0,1,0,0,0,0,0,0,0,12,0,0,0,1,1,6,2,12,0,0,0,1,8,80501,6,1,0,0,3,3,60,190,0,0,0,1,0,11,2009,11,2009,0,38,0,0,0,1,2,45,1,1,2,1,2,3,11,15,1,1,1,68,0,0
8,80390,2,2,2,7,12,17,31,12,6,1,0,8,2,18,18,18018,4,1992,1G4NJ54N8NC6,1,G,4,N,J,5,4,N,8,N,C,6,0,P,BUIC,SKY,4D,92,17,2782,,0,1034,,G,,0,0,000000000,00000000000,0,0,0,1,0,0,0,0,0,0,0,45,0,0,0,12,12,6,2,12,0,0,0,1,8,80503,6,7,0,0,3,1,64,160,0,0,0,0,0,0,0,0,0,0,0,0,0,0,1,2,50,1,1,2,1,2,3,1,62,1,1,1,69,1,0
8,80391,1,1,1,17,12,0,30,1,0,1,0,48,1,7,482,7482,31,2009,1D3HV18T79S7,1,D,3,H,V,1,8,T,7,9,S,7,0,T,DODG,Q15,CW,9,17,,2,0,1400,RPC,G,,0,0,000000000,00000000000,0,0,0,1,0,0,0,0,0,0,0,65,0,1,5,0,0,6,2,42,0,0,0,1,8,81631,6,1,0,0,3,3,74,215,0,0,0,1,0,8,2010,8,2010,1,0,0,0,0,1,2,45,3,1,2,1,28,3,14,13,1,1,4,1,1,1
8,80392,1,1,1,17,12,3,45,31,0,1,0,8,1,48,34,48034,6,1999,4S3BG685XX76,4,S,3,B,G,6,8,5,X,X,7,6,0,P,SUBA,UVT,SW,99,17,3175,,0,1035,,G,,0,0,000000000,00000000000,0,0,0,1,0,0,0,0,0,0,0,80,0,1,5,11,0,6,2,1,0,0,0,1,8,80120,6,2,0,0,3,3,64,140,1,1,0,0,1,3,2010,10,2010,1,58,92,0,0,1,2,65,1,6,2,1,0,0,1,13,9,4,4,2,1,1
8,80393,1,2,1,17,12,5,55,12,6,1,0,8,1,35,43,35043,4,2001,3N1CB51D71L4,3,N,1,C,B,5,1,D,7,1,L,4,0,P,NISS,XGX,4D,1,17,2469,,0,998,,G,,0,0,000000000,00000000000,0,0,0,1,0,0,0,0,0,0,0,50,0,0,0,3,3,6,2,12,0,0,0,1,8,80911,6,1,6,0,3,3,67,170,0,0,0,0,0,0,0,0,0,0,87,0,0,0,1,2,60,2,1,2,4,0,0,14,5,1,4,2,64,1,0
8,80393,2,2,2,17,12,5,55,12,6,1,0,8,1,12,481,12481,31,2008,1FTSW21R98EC,1,F,T,S,W,2,1,R,9,8,E,C,0,T,FORD,F2S,CW,8,17,,2,1720,1560,SRW,D,,0,0,000000000,00000000000,0,0,0,1,0,0,0,0,0,0,0,50,0,0,0,12,12,6,2,12,0,0,0,1,8,81212,6,1,0,0,3,0,71,185,0,0,0,0,0,0,0,0,0,0,87,0,0,0,1,2,60,1,1,2,4,0,0,1,62,7,1,1,65,0,0
8,80394,1,2,1,19,12,6,40,12,2,1,0,8,2,55,36,55036,4,2009,KMHCN46C09U3,K,M,H,C,N,4,6,C,0,9,U,3,0,P,HYUN,ALS,4D,9,17,2365,,0,984,,G,,0,0,000000000,00000000000,0,0,0,1,0,0,0,0,0,0,0,60,3,0,0,12,12,6,2,12,0,0,1,1,8,80602,6,2,0,0,3,0,66,130,0,0,0,0,0,0,0,0,0,0,28,0,0,0,2,2,65,1,1,2,1,28,3,1,12,1,1,7,52,1,1
8,80394,2,2,1,19,12,6,40,12,2,1,0,8,3,85,881,85881,66,2007,1XKDDB0X77R2,1,X,K,D,D,B,0,X,7,7,R,2,1,T,KW,T80,DS,7,17,,8,2600,1600,CON,D,,3,57,0235107,570235107,3,6,2,1,0,0,0,0,0,0,0,60,0,0,0,12,12,6,2,12,0,0,1,1,8,80623,6,1,6,1,3,0,66,200,0,0,0,0,0,0,0,0,0,0,0,0,0,0,2,2,65,1,1,2,1,28,3,1,54,9,1,2,52,0,0
8,80395,1,2,1,20,12,17,12,12,6,1,0,8,1,22,20,22020,4,2006,2G2WP5526612,2,G,2,W,P,5,5,2,6,6,1,2,0,P,PONT,GRA,4D,6,17,3477,,0,1105,,G,,0,0,000000000,00000000000,0,0,0,1,0,0,0,0,0,0,0,17,0,0,0,82,82,6,2,12,0,0,0,1,8,81122,6,1,0,0,3,0,72,210,0,0,0,0,0,0,0,0,0,0,38,0,0,0,1,2,45,1,1,2,2,0,0,11,15,1,1,1,68,1,0
8,80395,2,2,1,20,12,17,12,12,6,1,0,8,3,12,481,12481,31,1996,1FTHX26G9TEB,1,F,T,H,X,2,6,G,9,T,E,B,0,T,FORD,F25,PS,96,17,,2,1550,1390,COF,G,,0,0,000000000,00000000000,0,0,0,1,0,0,0,0,0,0,0,56,0,0,0,12,12,6,2,12,0,0,0,1,8,81303,6,2,0,0,3,0,75,160,0,0,0,0,0,0,0,0,0,1,0,0,0,0,1,2,45,1,1,2,2,0,0,1,62,9,1,1,69,0,0
8,80396,1,1,1,20,12,3,43,33,0,1,0,8,1,20,401,20401,14,2001,1GNDT13W91K2,1,G,N,D,T,1,3,W,9,1,K,2,0,P,CHEV,BZR,UT,1,17,4133,,0,1070,,G,,0,0,000000000,00000000000,0,0,0,1,0,0,0,0,0,0,0,998,0,0,0,14,12,6,2,46,0,0,0,1,8,80123,6,1,0,0,3,0,68,155,0,0,0,0,0,0,0,0,0,9,92,0,0,0,3,2,45,1,1,2,1,2,3,1,13,1,1,4,1,1,1
8,80397,1,2,3,24,12,6,4,31,0,1,0,48,1,12,401,12401,14,1998,1FMZU34E4WZA,1,F,M,Z,U,3,4,E,4,W,Z,A,0,P,FORD,EPR,UT,98,17,4146,,0,1115,,G,,0,0,000000000,00000000000,0,0,0,1,0,0,0,0,0,0,0,65,0,1,1,12,12,6,2,12,0,0,0,1,8,75241,4,1,0,0,2,0,65,145,0,4,0,0,0,2,2008,7,2008,0,58,92,0,0,1,3,65,1,1,1,1,0,0,1,13,1,1,4,1,1,0
8,80397,2,2,1,24,12,6,4,31,0,1,0,48,3,85,881,85881,66,2010,1XKTD49X7AJ2,1,X,K,T,D,4,9,X,7,A,J,2,1,T,KW,T20,DS,10,17,,8,2600,1900,CON,D,,1,57,79466,5779466,3,6,1,1,0,0,0,0,0,0,0,65,0,0,0,7,14,6,2,58,0,0,0,1,48,77346,6,1,6,1,3,0,999,999,0,0,0,0,0,0,0,0,0,0,0,0,0,0,1,2,65,1,1,1,1,0,0,1,62,1,1,1,98,0,0
8,80398,1,2,1,26,12,20,5,12,2,1,0,18,3,82,881,82881,66,2010,1FUJGLDR2ASA,1,F,U,J,G,L,D,R,2,A,S,A,1,T,FRHT,125,DS,10,17,,8,0,0,CSC,D,,1,57,213754,57213754,3,6,1,1,0,0,0,0,0,0,0,50,0,0,0,12,12,6,2,12,0,0,0,1,29,63137,6,1,6,1,3,0,67,165,0,0,0,0,1,12,2008,12,2008,0,51,0,0,0,2,2,75,2,6,1,1,0,0,14,54,1,1,2,52,0,1
8,80398,2,2,3,26,12,20,5,12,2,1,0,8,1,18,3,18003,4,1993,1G4CW53L9P16,1,G,4,C,W,5,3,L,9,P,1,6,0,P,BUIC,PKA,4D,93,17,3441,,0,1108,,G,,0,0,000000000,00000000000,0,0,0,1,0,0,0,0,0,0,0,70,0,0,0,12,12,6,2,12,0,0,0,1,8,81052,6,1,0,0,3,0,69,178,0,0,0,0,0,0,0,0,0,0,0,0,0,0,2,2,75,3,5,1,1,0,0,14,54,1,1,1,52,1,0
8,80399,1,1,1,27,12,4,45,1,0,1,0,8,1,14,401,14401,14,2001,4M2ZU86P71UJ,4,M,2,Z,U,8,6,P,7,1,U,J,0,P,MERC,MOU,UT,1,17,4250,,0,1116,,G,,0,0,000000000,00000000000,0,0,0,1,0,0,0,0,0,0,0,55,0,2,1,0,0,6,2,1,0,0,0,1,8,80916,6,1,0,0,3,3,63,190,0,0,0,2,1,12,2008,11,2010,0,92,0,0,0,1,2,55,1,1,5,1,0,0,1,12,9,3,6,98,1,0
8,80400,1,4,2,25,12,12,1,12,6,1,0,8,1,48,34,48034,6,2004,4S3BH6251473,4,S,3,B,H,6,2,5,1,4,7,3,0,P,SUBA,LSE,SW,4,17,3395,,0,1043,,G,,0,0,000000000,00000000000,0,0,0,1,0,0,0,0,0,0,0,998,0,0,0,1,1,6,2,12,0,0,0,1,8,80538,6,1,0,0,3,3,71,150,0,0,0,0,0,0,0,0,0,9,39,0,0,0,1,4,35,1,1,2,1,2,3,1,17,1,1,1,87,1,0
8,80400,2,4,5,25,12,12,1,12,6,1,0,8,1,6,441,6441,20,2003,2C8GP64L93R1,2,C,8,G,P,6,4,L,9,3,R,1,0,P,CHRY,TWC,SV,3,17,4175,,0,1193,,G,,0,0,000000000,00000000000,0,0,0,1,0,0,0,0,0,0,0,998,0,0,0,12,12,6,2,12,0,0,0,1,8,80130,6,1,0,0,3,0,64,127,0,0,0,0,0,0,0,0,0,0,0,0,0,0,1,4,45,1,1,2,1,2,3,1,66,1,1,1,86,0,0
8,80400,3,4,2,25,12,12,1,12,6,1,0,8,2,35,402,35402,14,2006,5N1AN08WX6C5,5,N,1,A,N,0,8,W,X,6,C,5,0,P,NISS,XTR,UT,6,17,4165,,0,1063,,G,,0,0,000000000,00000000000,0,0,0,1,0,0,0,0,0,0,0,0,0,0,0,11,11,6,2,12,0,0,0,1,8,80911,6,1,0,0,3,0,69,155,0,0,0,0,0,0,0,0,0,0,0,0,0,0,1,4,35,1,1,2,1,2,3,5,66,1,1,1,98,0,0
8,80400,4,4,4,25,12,12,1,12,6,1,0,8,2,34,401,34401,14,2010,5UXFF0C50ALJ,5,U,X,F,F,0,C,5,0,A,L,J,0,P,BMW,BX5,UT,10,17,5225,,0,1155,,D,,0,0,000000000,00000000000,0,0,0,1,0,0,0,0,0,0,0,0,0,0,0,9,9,2,1,12,0,0,0,1,8,80122,6,7,0,0,3,1,68,135,0,0,0,0,0,0,0,0,0,0,0,0,0,0,1,4,35,1,1,2,1,2,3,5,60,1,1,1,98,0,0
8,80401,1,1,1,28,12,5,15,8,0,1,0,8,3,85,881,85881,66,2002,1XKWPBEX02R8,1,X,K,W,P,B,E,X,0,2,R,8,1,T,KW,W90,DS,2,17,,8,2850,1600,CON,D,,1,57,0239739,570239739,3,6,3,1,0,0,0,0,0,0,0,35,0,0,0,3,3,0,1,8,0,0,0,1,8,81625,6,1,6,1,3,0,72,180,0,0,0,0,3,4,2008,5,2010,0,21,0,0,0,1,2,50,1,1,2,1,0,0,1,81,6,1,1,13,0,0
8,80402,1,2,1,29,12,16,40,12,1,1,0,19,1,37,705,37705,80,2008,JH2PC40048M1,J,H,2,P,C,4,0,0,4,8,M,1,0,M,HOND,B60,RS,8,17,,,,,,,599,0,0,000000000,00000000000,0,0,0,1,0,0,0,0,0,0,0,50,0,0,0,12,12,6,2,12,0,0,0,1,19,50023,6,1,0,0,3,3,66,112,0,0,0,2,0,11,2008,11,2008,1,26,53,0,0,1,2,35,1,6,2,1,28,3,1,51,1,1,1,24,1,0
8,80402,2,2,1,29,12,16,40,12,1,1,0,8,1,49,472,49472,30,1995,4TAUN73C3SZ0,4,T,A,U,N,7,3,C,3,S,Z,0,0,T,TOYT,XTR,PC,95,17,,1,0,1219,TAC,G,,0,0,000000000,00000000000,0,0,0,1,0,0,0,0,0,0,0,30,0,0,0,6,6,6,2,12,0,0,0,1,8,80512,6,1,0,0,3,0,67,130,0,0,0,0,0,0,0,0,0,0,0,0,0,0,1,2,35,1,6,2,1,28,3,2,53,1,1,1,25,0,0