STATE,ST_CASE,VEH_NO,VE_FORMS,NUMOCCS,DAY,MONTH,HOUR,MINUTE,HARM_EV,MAN_COLL,UNITTYPE,HIT_RUN,REG_STAT,OWNER,MAKE,MODEL,MAK_MOD,BODY_TYP,MOD_YEAR,VIN,VIN_1,VIN_2,VIN_3,VIN_4,VIN_5,VIN_6,VIN_7,VIN_8,VIN_9,VIN_10,VIN_11,VIN_12,TOW_VEH,VINTYPE,VINMAKE,VINA_MOD,VIN_BT,VINMODYR,VIN_LNGT,VIN_WGT,WGTCD_TR,WHLBS_LG,WHLBS_SH,SER_TR,FUELCODE,MCYCL_DS,J_KNIFE,MCARR_I1,MCARR_I2,MCARR_ID,GVWR,V_CONFIG,CARGO_BT,HAZ_INV,HAZ_PLAC,HAZ_ID,HAZ_CNO,HAZ_REL,BUS_USE,SPEC_USE,EMER_USE,TRAV_SP,UNDERIDE,ROLLOVER,ROLINLOC,IMPACT1,IMPACT2,DEFORMED,TOWED,M_HARM,VEH_SC1,VEH_SC2,FIRE_EXP,DR_PRES,L_STATE,DR_ZIP,L_STATUS,L_TYPE,CDL_STAT,L_ENDORS,L_COMPL,L_RESTRI,DR_HGT,DR_WGT,PREV_ACC,PREV_SUS,PREV_DWI,PREV_SPD,PREV_OTH,FIRST_MO,FIRST_YR,LAST_MO,LAST_YR,SPEEDREL,DR_SF1,DR_SF2,DR_SF3,DR_SF4,VTRAFWAY,VNUM_LAN,VSPD_LIM,VALIGN,VPROFILE,VPAVETYP,VSURCOND,VTRAFCON,VTCONT_F,P_CRASH1,P_CRASH2,P_CRASH3,PCRASH4,PCRASH5,ACC_TYPE,DEATHS,DR_DRINK
8,80403,1,4,2,29,12,19,30,54,11,1,0,8,3,20,481,20481,31,2003,1GBJK34G33E1,1,G,B,J,K,3,4,G,3,3,E,1,1,T,CHEV,SK3,CB,3,17,,3,1615,1370,SIL,G,,1,57,892782,57892782,2,4,3,1,0,0,0,0,0,0,0,75,0,0,0,18,18,6,2,54,0,0,0,1,8,80906,6,1,0,0,3,3,68,170,0,0,0,0,0,0,0,0,0,0,22,0,0,0,2,2,75,1,1,2,1,0,0,1,98,1,1,1,98,0,0
8,80403,2,4,1,29,12,19,30,54,11,1,0,8,3,84,881,84881,66,1999,2HSFHAMR7XC0,2,H,S,F,H,A,M,R,7,X,C,0,1,T,INTL,940,TM,99,17,,8,2340,1600,90S,D,,1,57,245565,57245565,3,6,1,1,0,0,0,0,0,0,0,75,0,0,0,12,12,6,2,54,0,0,0,1,8,81054,6,1,6,1,3,1,68,180,0,0,0,0,0,0,0,0,0,0,0,0,0,0,2,2,75,1,1,2,1,0,0,1,90,6,1,1,98,1,0
8,80403,3,4,1,29,12,19,30,54,11,1,0,6,4,58,38,58038,4,2011,JN1BY1AR8BM3,J,N,1,B,Y,1,A,R,8,B,M,3,0,P,INFI,M7X,4D,11,17,4063,,0,1142,,G,,0,0,000000000,00000000000,0,0,0,1,0,0,0,0,0,0,0,75,0,0,0,3,3,4,1,54,0,0,0,1,8,80127,6,1,6,0,3,0,73,185,0,0,0,1,0,10,2009,10,2009,0,0,0,0,0,2,2,75,1,1,2,1,0,0,1,90,6,1,2,98,0,0
8,80403,4,4,2,29,12,19,30,54,11,1,0,6,3,35,50,35050,4,2010,3N1BC1AP3AL4,3,N,1,B,C,1,A,P,3,A,L,4,0,P,NISS,VSL,4D,10,17,2671,,0,1024,,G,,0,0,000000000,00000000000,0,0,0,1,0,0,0,0,0,0,0,65,0,0,0,12,12,2,1,54,0,0,0,1,8,80907,6,1,0,0,3,1,67,142,0,0,0,0,0,0,0,0,0,0,0,0,0,0,2,2,75,1,1,2,1,0,0,1,90,6,1,2,98,0,0
8,80404,1,2,1,14,12,17,8,12,2,1,0,8,2,20,471,20471,30,1995,1GCCS1447S81,1,G,C,C,S,1,4,4,7,S,8,1,0,T,CHEV,S14,PK,95,17,,1,1179,1083,S,G,,0,0,000000000,00000000000,0,0,0,1,0,0,0,0,0,0,0,59,0,1,3,12,12,6,2,12,0,0,0,1,8,80642,6,1,6,0,3,1,67,175,0,0,0,1,2,4,2008,10,2010,0,28,0,0,0,2,2,75,1,1,2,1,0,0,1,9,1,1,7,52,1,0
8,80404,2,2,1,14,12,17,8,12,2,1,0,8,3,85,881,85881,66,2007,1NKDLB0X57J1,1,N,K,D,L,B,0,X,5,7,J,1,1,T,KW,T80,TM,7,17,,8,2600,1600,CON,D,,1,57,630735,57630735,3,6,2,2,2,1267,3,1,0,0,0,70,0,2,1,12,12,6,2,12,0,0,0,1,8,80634,6,1,6,1,3,0,72,200,0,0,0,0,0,0,0,0,0,0,0,0,0,0,2,2,75,1,1,2,1,0,0,1,54,1,1,1,52,0,0
8,80405,1,2,1,9,12,11,0,12,6,1,0,8,1,12,36,12036,3,1995,KNJLT05H3S61,K,N,J,L,T,0,5,H,3,S,6,1,0,P,FORD,ASP,2H,95,17,2004,,0,907,,G,,0,0,000000000,00000000000,0,0,0,1,0,0,0,0,0,0,0,25,0,0,0,83,83,6,2,12,0,0,0,1,8,80906,6,1,0,0,3,3,68,85,0,0,0,0,0,0,0,0,0,0,38,0,0,0,3,3,45,1,1,2,1,0,0,12,10,1,1,1,98,1,0
8,80405,2,2,1,9,12,11,0,12,6,1,0,8,1,35,43,35043,4,1992,JN1EB31P1NU1,J,N,1,E,B,3,1,P,1,N,U,1,0,P,NISS,SEN,4D,92,17,2288,,0,956,,G,,0,0,000000000,00000000000,0,0,0,1,0,0,0,0,0,0,0,30,0,0,0,12,12,4,1,12,0,0,0,1,8,80910,6,1,0,0,3,3,71,157,0,0,0,0,0,0,0,0,0,0,0,0,0,0,3,3,45,1,1,2,1,0,0,1,62,1,1,1,98,0,0
8,80406,1,1,1,12,12,17,23,8,0,1,0,8,1,12,401,12401,14,1994,1FMDU34XXRUE,1,F,M,D,U,3,4,X,X,R,U,E,0,P,FORD,EPR,UT,94,17,4053,,0,1120,,G,,0,0,000000000,00000000000,0,0,0,1,0,0,0,0,0,0,0,30,0,0,0,12,12,0,1,8,0,0,0,1,8,80120,6,1,0,0,3,1,73,210,0,0,0,0,0,0,0,0,0,0,0,0,0,0,3,3,35,1,1,2,1,0,0,1,80,2,1,1,13,0,0
8,80407,1,2,3,22,12,10,50,12,6,1,0,8,2,18,2,18002,4,2001,1G4HR54K01U1,1,G,4,H,R,5,4,K,0,1,U,1,0,P,BUIC,LLF,4D,1,17,3591,,0,1122,,G,,0,0,000000000,00000000000,0,0,0,1,0,0,0,0,0,0,0,75,0,0,0,12,12,4,3,12,0,0,0,1,8,80723,6,1,6,0,3,1,63,147,0,0,0,0,0,0,0,0,0,0,27,92,0,0,2,2,75,3,6,2,1,0,0,15,9,7,4,2,48,0,0
8,80407,2,2,3,22,12,10,50,12,6,1,0,8,1,20,422,20422,15,2007,3GNFK16317G2,3,G,N,F,K,1,6,3,1,7,G,2,0,P,CHEV,K15,UT,7,17,5745,,0,1300,,F,,0,0,000000000,00000000000,0,0,0,1,0,0,0,0,0,0,0,75,0,1,1,5,0,6,2,1,0,0,0,1,8,80701,6,1,0,0,3,0,66,180,0,0,0,0,2,4,2008,2,2009,0,0,0,0,0,2,2,75,3,6,2,1,0,0,6,61,6,1,1,48,1,0
8,80408,1,2,1,14,12,19,43,12,6,1,0,8,1,35,472,35472,30,2006,1N6AD07W86C4,1,N,6,A,D,0,7,W,8,6,C,4,0,T,NISS,CEO,CW,6,17,,1,0,1259,FRT,G,,0,0,000000000,00000000000,0,0,0,1,0,0,0,0,0,0,0,41,0,0,0,12,12,6,2,12,0,0,0,1,8,80524,6,1,0,0,3,0,70,170,0,0,0,2,0,11,2009,7,2010,0,39,53,0,0,1,2,40,1,1,2,1,20,3,1,17,1,1,1,88,0,0
8,80408,2,2,1,14,12,19,43,12,6,1,0,8,1,24,2,24002,2,1999,1G8ZP1281XZ3,1,G,8,Z,P,1,2,8,1,X,Z,3,0,P,STRN,SC1,3P,99,17,0,,0,1024,,G,,0,0,000000000,00000000000,0,0,0,1,0,0,0,0,0,0,0,54,0,0,0,9,9,6,2,12,0,0,0,1,8,81036,6,1,6,0,3,3,68,145,0,0,0,0,0,0,0,0,0,0,0,0,0,0,1,2,55,1,1,2,1,0,0,1,66,7,1,1,89,1,0
8,80409,1,1,1,17,12,7,34,8,0,1,0,8,1,12,402,12402,14,2006,1FMCU93166KC,1,F,M,C,U,9,3,1,6,6,K,C,0,P,FORD,SPE,UT,6,17,3407,,0,1031,,G,,0,0,000000000,00000000000,0,0,0,1,0,0,0,0,0,0,0,15,0,0,0,12,12,2,1,8,0,0,0,1,8,80110,6,1,0,0,3,3,61,105,1,0,0,1,1,4,2010,11,2010,0,52,87,0,0,3,3,45,1,1,1,4,0,0,10,5,1,3,4,13,0,0
8,80410,1,1,1,15,11,22,10,1,0,1,0,8,1,9,442,9442,20,1995,2P4GH2539SR2,2,P,4,G,H,2,5,3,9,S,R,2,0,P,PLYM,VOF,SV,95,17,3181,,0,1123,,G,,0,0,000000000,00000000000,0,0,0,1,0,0,0,0,0,0,0,55,0,2,5,0,0,4,3,1,0,0,0,1,8,81652,6,1,0,0,3,0,66,123,0,0,0,0,1,9,2008,9,2008,0,58,0,0,0,1,2,55,1,1,2,1,0,0,1,13,8,4,4,7,1,1
8,80411,1,1,1,20,11,22,15,32,0,1,0,8,1,7,481,7481,31,1985,1B7HW14T1FS6,1,B,7,H,W,1,4,T,1,F,S,6,0,T,DODG,W51,PK,85,17,,2,1310,1150,W51,G,,0,0,000000000,00000000000,0,0,0,1,0,0,0,0,0,0,0,50,0,0,0,12,12,6,2,32,0,0,0,1,8,81022,1,1,0,0,2,1,74,189,0,1,0,0,0,8,2010,8,2010,0,92,0,0,0,1,2,65,1,1,2,1,0,0,1,13,8,1,4,1,1,0
9,90001,1,1,3,2,1,4,18,24,0,1,0,9,2,35,47,35047,4,2004,1N4AL11D44C1,1,N,4,A,L,1,1,D,4,4,C,1,0,P,NISS,ABS,4D,4,17,2913,,0,1102,,G,,0,0,000000000,00000000000,0,0,0,1,0,0,0,0,0,0,0,998,0,0,0,8,8,6,2,24,0,0,0,1,9,6516,6,1,0,0,3,0,63,999,98,0,0,0,3,10,2007,9,2009,1,58,0,0,0,3,2,65,1,1,2,2,0,0,1,90,7,3,4,3,2,0
9,90002,1,1,1,6,1,21,5,42,0,1,0,9,1,39,36,39036,4,2003,SAJEA51D63XD,S,A,J,E,A,5,1,D,6,3,X,D,0,P,JAGU,XT2,4D,3,17,3516,,0,1067,,G,,0,0,000000000,00000000000,0,0,0,1,0,0,0,0,0,0,0,998,0,0,0,12,12,6,2,2,0,0,1,1,9,6067,6,1,0,0,2,0,70,999,98,1,1,0,0,9,2009,9,2009,0,0,0,0,0,2,2,55,1,2,2,1,0,0,1,13,1,1,4,1,1,0
9,90004,1,2,1,8,1,1,25,12,6,1,0,33,4,82,883,82883,66,2004,1FUJA6CK34LN,1,F,U,J,A,6,C,K,3,4,L,N,1,T,FRHT,COL,DS,4,17,,8,0,0,CON,D,,1,57,0241411,570241411,3,6,1,1,0,0,0,0,0,0,0,998,0,0,0,12,12,6,2,12,0,0,0,1,25,2124,6,1,6,0,3,0,70,999,0,1,0,0,1,3,2007,4,2008,0,0,0,0,0,3,3,55,1,2,2,1,0,0,1,74,8,1,1,45,0,0
9,90004,2,2,1,8,1,1,25,12,6,1,0,9,2,48,34,48034,4,2009,4S3BL616X972,4,S,3,B,L,6,1,6,X,9,7,2,0,P,SUBA,25B,4D,9,17,3275,,0,1051,,G,,0,0,000000000,00000000000,0,0,0,1,0,0,0,0,0,0,0,998,0,0,0,10,10,6,2,12,0,0,0,1,9,6890,6,1,0,0,3,3,59,999,98,0,0,0,1,6,2007,6,2007,0,27,0,0,0,3,3,55,1,2,2,1,0,0,16,10,1,1,2,47,1,0
9,90005,1,1,1,9,1,6,25,33,0,1,0,9,2,6,41,6041,4,2001,2C3HD36J41H6,2,C,3,H,D,3,6,J,4,1,H,6,0,P,CHRY,CIX,4D,1,17,3480,,0,1130,,G,,0,0,000000000,00000000000,0,0,0,1,0,0,0,0,0,0,0,999,0,1,5,14,9,6,2,59,0,0,0,1,9,6071,1,1,0,0,2,3,64,999,98,1,0,0,1,5,2008,7,2008,1,58,0,0,0,1,2,35,2,1,2,1,0,0,1,6,7,3,4,2,1,1
9,90006,1,1,1,9,1,21,11,59,0,1,0,9,2,12,3,12003,2,2007,1ZVFT80NX753,1,Z,V,F,T,8,0,N,X,7,5,3,0,P,FORD,MUS,CP,7,17,3352,,0,1071,,G,,0,0,000000000,00000000000,0,0,0,1,0,0,0,0,0,0,0,113,0,0,0,12,8,6,2,42,0,0,0,1,9,6786,6,1,0,0,3,0,68,999,98,0,0,0,0,0,0,0,0,1,0,0,0,0,1,2,45,1,1,2,1,0,0,1,6,4,2,4,2,1,1
9,90007,1,1,1,10,1,10,6,53,0,1,0,9,1,37,32,37032,4,1990,1HGCB7550LA1,1,H,G,C,B,7,5,5,0,L,A,1,0,P,HOND,ALE,4D,90,17,2504,,0,1071,,G,,0,0,000000000,00000000000,0,0,0,1,0,0,0,0,0,0,0,60,0,0,0,12,12,6,2,39,0,0,0,1,9,6712,6,1,0,0,3,0,71,999,98,0,0,0,0,0,0,0,0,1,0,0,0,0,1,2,45,2,2,2,1,0,0,1,8,4,1,4,1,1,0
9,90008,1,1,1,10,1,11,56,38,0,1,0,9,2,14,17,14017,4,1997,1MELM50U0VA6,1,M,E,L,M,5,0,U,0,V,A,6,0,P,MERC,SGS,4D,97,17,3388,,0,1085,,G,,0,0,000000000,00000000000,0,0,0,1,0,0,0,0,0,0,0,998,0,0,0,12,12,6,2,3,0,0,0,1,9,6604,0,0,0,0,0,0,999,999,98,0,0,0,0,0,0,0,0,1,0,0,0,0,1,2,25,1,2,2,1,20,3,1,14,99,1,4,14,1,0
9,90009,1,2,1,22,1,1,22,8,0,1,0,9,1,20,471,20471,30,1992,1GCCT19Z9N01,1,G,C,C,T,1,9,Z,9,N,0,1,0,T,CHEV,S14,PC,92,17,,1,0,1229,S,G,,0,0,000000000,00000000000,0,0,0,1,0,0,0,0,0,0,0,998,0,0,0,12,12,6,2,8,0,0,0,1,9,6260,6,1,0,0,3,0,69,999,98,0,0,0,1,6,2009,6,2009,0,0,0,0,0,1,2,35,2,2,2,1,0,0,1,80,99,1,1,13,0,0
9,90009,2,2,1,22,1,1,22,8,0,1,0,9,1,51,43,51043,6,2006,YV4SZ5927612,Y,V,4,S,Z,5,9,2,7,6,1,2,0,P,VOLV,XC7,UT,6,17,3699,,0,1088,,G,,0,0,000000000,00000000000,0,0,0,1,0,0,0,0,0,0,0,998,0,0,0,12,12,6,2,8,0,0,0,1,9,6281,6,1,0,0,3,0,75,999,98,0,0,0,0,0,0,0,0,0,0,0,0,0,1,2,35,2,2,2,1,0,0,1,80,99,1,1,98,0,0
9,90010,1,1,2,22,1,6,44,30,0,1,0,9,1,23,471,23471,30,1994,1GTCS1447RK5,1,G,T,C,S,1,4,4,7,R,K,5,0,T,GMC,SON,PK,94,17,,1,1179,1083,SON,G,,0,0,000000000,00000000000,0,0,0,1,0,0,0,0,0,0,0,55,0,0,0,99,99,6,2,30,0,0,1,1,9,6256,6,1,0,0,3,0,71,999,98,0,0,2,3,3,2009,1,2010,1,0,0,0,0,1,2,35,1,2,2,2,0,0,1,12,99,1,4,6,1,0
9,90011,1,2,3,23,1,23,5,12,6,1,0,9,3,12,17,12017,4,2010,1FAHP2EW1AG1,1,F,A,H,P,2,E,W,1,A,G,1,0,P,FORD,TEL,4D,10,17,3985,,0,1129,,G,,0,0,000000000,00000000000,0,0,0,1,0,0,0,0,0,0,0,73,0,1,5,12,12,6,2,12,0,0,0,1,9,6104,0,0,0,0,0,0,68,999,98,0,0,0,0,0,0,0,0,1,36,91,92,0,1,2,25,1,1,2,1,0,0,1,17,1,1,1,91,1,1
9,90011,2,2,4,23,1,23,5,12,6,1,0,9,2,2,404,2404,14,2000,1J4GW48S9YC2,1,J,4,G,W,4,8,S,9,Y,C,2,0,T,JEEP,LRO,4W,0,17,,1,0,1059,GCK,G,,0,0,000000000,00000000000,0,0,0,1,0,0,0,0,0,0,0,998,0,0,0,1,82,6,2,12,0,0,0,1,9,6104,6,1,0,0,3,3,67,999,98,1,0,1,0,4,2009,6,2009,0,0,0,0,0,1,2,25,1,1,2,1,20,3,4,17,1,1,1,91,0,0
9,90012,1,3,1,25,1,6,24,12,6,1,0,9,1,20,22,20022,4,2005,1G1AL52F9575,1,G,1,A,L,5,2,F,9,5,7,5,0,P,CHEV,BLS,4D,5,17,3216,,0,1033,,G,,0,0,000000000,00000000000,0,0,0,1,0,0,0,0,0,0,0,0,0,0,0,61,61,6,2,12,0,0,0,1,9,6770,6,1,0,0,3,3,68,999,98,0,0,0,0,0,0,0,0,0,54,0,0,0,2,2,65,1,1,2,2,0,0,7,51,1,1,1,48,1,0
9,90012,2,3,1,25,1,6,24,12,6,1,0,9,1,41,50,41050,4,2007,1YVHP84D075M,1,Y,V,H,P,8,4,D,0,7,5,M,0,P,MAZD,M6S,4H,7,17,0,,0,1053,,G,,0,0,000000000,00000000000,0,0,0,1,0,0,0,0,0,0,0,998,0,0,0,12,12,6,2,12,0,0,0,1,9,6032,6,1,0,0,3,3,70,999,98,0,0,0,0,0,0,0,0,0,0,0,0,0,2,2,65,1,1,2,2,0,0,1,50,4,1,1,48,0,0
9,90012,3,3,1,25,1,6,24,12,6,1,0,9,1,35,47,35047,4,1997,1N4BU31D4VC1,1,N,4,B,U,3,1,D,4,V,C,1,0,P,NISS,AGS,4D,97,17,2756,,0,1031,,G,,0,0,000000000,00000000000,0,0,0,1,0,0,0,0,0,0,0,998,0,0,0,1,1,6,2,12,0,0,0,1,9,6052,6,1,0,0,3,3,74,999,98,0,0,0,0,0,0,0,0,0,0,0,0,0,2,2,65,1,1,2,2,0,0,1,50,4,1,1,98,0,0
9,90013,1,1,0,29,1,13,44,8,0,1,0,9,6,21,2,21002,4,1989,1G3HN54C3KW3,1,G,3,H,N,5,4,C,3,K,W,3,0,P,OLDS,DRF,4D,89,17,3105,,0,1108,,G,,0,0,000000000,00000000000,0,0,0,1,0,0,0,0,0,0,0,999,0,0,0,10,10,4,1,8,0,0,0,0,,,,,,,,,999,,,,,,,,,,,,20,0,0,0,1,2,25,1,1,2,1,0,0,0,82,0,0,0,98,0,0
9,90014,1,2,1,4,1,17,52,12,6,1,0,9,2,54,32,54032,4,1991,JH4KA7632MC0,J,H,4,K,A,7,6,3,2,M,C,0,0,P,ACUR,LEG,4D,91,17,3170,,0,1146,,G,,0,0,000000000,00000000000,0,0,0,1,0,0,0,0,0,0,0,998,0,0,0,11,11,6,2,12,0,0,0,1,9,6051,1,1,0,0,2,0,69,999,98,0,0,0,1,6,2008,6,2008,0,0,0,0,0,1,2,25,1,1,2,2,0,0,1,17,99,1,1,89,0,0
9,90014,2,2,1,4,1,17,52,12,6,1,0,9,1,35,402,35402,14,2005,5N1AN08W05C6,5,N,1,A,N,0,8,W,0,5,C,6,0,P,NISS,XTR,UT,5,17,5200,,0,1063,,G,,0,0,000000000,00000000000,0,0,0,1,0,0,0,0,0,0,0,998,0,1,1,12,12,6,2,1,0,0,0,1,9,6053,6,1,0,0,3,0,53,999,98,0,0,0,0,0,0,0,0,1,39,0,0,0,1,2,25,1,1,2,2,20,3,1,17,99,1,1,88,1,0
9,90015,1,1,1,12,1,2,39,39,0,1,0,9,2,20,32,20032,4,1993,1Y1SK5364PZ0,1,Y,1,S,K,5,3,6,4,P,Z,0,0,P,GEO,GEP,4D,93,17,2348,,0,971,,G,,0,0,000000000,00000000000,0,0,0,1,0,0,0,0,0,0,0,999,0,0,0,2,2,6,2,39,0,0,0,1,9,6340,2,1,0,0,2,0,68,999,98,4,1,0,0,2,2008,5,2009,0,0,0,0,0,1,2,25,2,2,2,1,0,0,1,12,1,1,4,6,1,1
9,90016,1,1,2,20,1,16,1,24,0,1,0,9,2,14,17,14017,4,2000,1MEFM53U6YA6,1,M,E,F,M,5,3,U,6,Y,A,6,0,P,MERC,SLS,4D,0,17,3375,,0,1085,,G,,0,0,000000000,00000000000,0,0,0,1,0,0,0,0,0,0,0,998,0,0,0,12,4,6,2,42,0,0,0,1,9,6483,6,1,0,0,3,3,65,999,98,0,0,0,1,6,2009,6,2009,0,0,0,0,0,3,3,65,1,2,2,1,0,0,1,12,99,1,4,6,1,0
9,90017,1,1,1,28,1,11,44,39,0,1,0,9,1,49,40,49040,4,2001,4T1BG22K91U8,4,T,1,B,G,2,2,K,9,1,U,8,0,P,TOYT,CXL,4D,1,17,2998,,0,1051,,G,,0,0,000000000,00000000000,0,0,0,1,0,0,0,0,0,0,0,998,0,0,0,12,12,6,2,39,0,0,0,1,9,6001,6,1,0,0,3,0,71,999,98,0,0,0,0,0,0,0,0,1,87,0,0,0,1,2,50,2,1,2,3,0,0,1,6,4,3,4,2,1,0
9,90018,1,1,1,4,2,0,27,24,0,1,0,9,2,35,39,35039,4,2007,1N4BA41E57C8,1,N,4,B,A,4,1,E,5,7,C,8,0,P,NISS,MEL,4D,7,17,3474,,0,1112,,G,,0,0,000000000,00000000000,0,0,0,1,0,0,0,0,0,0,0,998,0,1,5,12,12,6,2,42,0,0,0,1,9,6608,6,1,0,0,3,3,72,999,98,0,0,2,3,7,2007,10,2009,1,0,0,0,0,1,2,35,2,1,2,1,40,3,1,13,1,1,4,1,1,0
9,90019,1,1,1,4,2,3,3,53,0,1,0,9,2,49,442,49442,20,2000,4T3ZF13C3YU3,4,T,3,Z,F,1,3,C,3,Y,U,3,0,P,TOYT,SIE,SV,0,17,3890,,0,1142,,G,,0,0,000000000,00000000000,0,0,0,1,0,0,0,0,0,0,0,998,0,1,5,12,12,6,2,42,0,0,0,1,9,6360,0,0,0,0,0,0,66,999,98,8,1,0,0,1,2009,1,2010,0,0,0,0,0,1,2,45,2,2,2,1,0,0,14,13,1,1,4,1,1,1
9,90020,1,1,1,4,2,11,54,8,0,1,0,9,1,12,423,12423,15,2003,1FMSU41FX3EA,1,F,M,S,U,4,1,F,X,3,E,A,0,P,FORD,EXC,UT,3,17,6650,,0,1371,,D,,0,0,000000000,00000000000,0,0,0,1,0,0,0,0,0,0,0,5,0,0,0,12,12,0,1,8,0,0,0,1,9,6247,6,1,0,0,3,0,67,999,98,0,0,0,0,0,0,0,0,0,38,91,0,0,1,2,25,1,1,2,1,20,3,11,80,1,1,1,13,0,0
9,90021,1,2,1,7,2,17,12,12,2,1,0,9,3,7,481,7481,31,1988,1B7HW04Y4JS6,1,B,7,H,W,0,4,Y,4,J,S,6,0,T,DODG,W10,PK,88,17,,2,1310,1150,W10,G,,0,0,000000000,00000000000,0,0,0,1,0,0,0,0,0,0,0,998,0,0,0,12,12,6,2,12,0,0,0,1,9,6763,6,1,0,0,3,0,70,999,98,0,0,0,0,0,0,0,0,0,0,0,0,0,1,2,45,2,2,2,1,28,3,14,62,99,1,1,51,0,0
9,90021,2,2,1,7,2,17,12,12,2,1,0,9,2,20,481,20481,31,1988,2GCDC14Z7J11,2,G,C,D,C,1,4,Z,7,J,1,1,0,T,CHEV,GC1,PK,88,17,,1,1315,1175,GM4,G,,0,0,000000000,00000000000,0,0,0,1,0,0,0,0,0,0,0,998,0,1,1,12,12,6,2,12,0,0,0,1,36,6756,1,1,0,0,2,0,72,999,0,0,0,0,0,0,0,0,0,0,28,0,0,0,1,2,45,2,2,2,1,28,3,14,10,99,1,2,50,1,0
9,90022,1,2,1,11,2,10,12,12,2,1,0,9,2,41,35,41035,4,2001,JM1BJ2265104,J,M,1,B,J,2,2,6,5,1,0,4,0,P,MAZD,PLS,4D,1,17,2634,,0,1028,,G,,0,0,000000000,00000000000,0,0,0,1,0,0,0,0,0,0,0,999,0,0,0,12,12,6,2,12,0,0,0,1,9,6441,6,1,0,0,3,0,62,999,98,0,0,0,0,0,0,0,0,0,0,0,0,0,1,2,45,1,1,2,2,0,0,1,62,1,1,1,51,0,0
9,90022,2,2,1,11,2,10,12,12,2,1,0,9,1,49,47,49047,6,2006,2T1LR32EX6C5,2,T,1,L,R,3,2,E,X,6,C,5,0,P,TOYT,CTA,4H,6,17,2943,,0,1024,,G,,0,0,000000000,00000000000,0,0,0,1,0,0,0,0,0,0,0,999,0,0,0,12,12,6,2,12,0,0,0,1,9,6441,6,1,0,0,3,3,66,999,98,0,0,0,1,11,2008,11,2008,0,28,0,0,0,1,2,45,1,1,2,2,0,0,1,10,1,1,1,50,1,0
9,90023,1,1,1,16,2,2,32,42,0,1,0,9,2,2,404,2404,14,2004,1J4GW48S04C3,1,J,4,G,W,4,8,S,0,4,C,3,0,T,JEEP,LCF,4W,4,17,,1,0,1059,GCK,G,,0,0,000000000,00000000000,0,0,0,1,0,0,0,0,0,0,0,998,0,0,0,12,12,6,2,2,0,0,1,1,9,6384,6,1,0,0,3,0,70,999,98,0,0,0,3,10,2008,12,2008,1,0,0,0,0,1,2,30,1,1,2,3,0,0,1,12,99,1,4,6,1,1
9,90024,1,2,1,19,2,18,1,12,6,1,0,9,2,49,32,49032,4,1997,1NXBA02E5VZ5,1,N,X,B,A,0,2,E,5,V,Z,5,0,P,TOYT,UCC,4D,97,17,2337,,0,970,,G,,0,0,000000000,00000000000,0,0,0,1,0,0,0,0,0,0,0,7,0,0,0,10,10,6,2,12,0,0,0,1,9,6114,6,1,0,0,3,0,65,999,98,0,0,0,0,0,0,0,0,0,0,0,0,0,1,2,25,1,1,2,1,0,0,11,15,1,1,3,72,1,0
9,90024,2,2,1,19,2,18,1,12,6,1,1,92,0,19,3,19003,4,1997,1G6KE52Y5VU2,1,G,6,K,E,5,2,Y,5,V,U,2,0,P,CADI,DDE,4D,97,17,3946,,0,1138,,G,,0,0,000000000,00000000000,0,0,0,1,0,0,0,0,0,0,0,65,0,0,0,12,12,6,2,12,0,0,0,1,9,6040,6,1,6,0,3,0,65,999,98,0,0,0,1,7,2007,7,2007,1,33,91,92,0,1,2,25,1,1,2,1,0,0,6,17,1,1,1,73,0,1
9,90025,1,1,1,21,2,23,2,30,0,1,0,9,1,20,461,20461,21,1995,1GCEG25ZXSF1,1,G,C,E,G,2,5,Z,X,S,F,1,0,T,CHEV,G20,VN,95,17,,2,1250,1100,VAN,G,,0,0,000000000,00000000000,0,0,0,1,0,0,0,0,0,0,0,998,0,0,0,12,12,6,2,42,0,0,0,1,9,6076,6,1,0,0,3,3,66,999,98,0,0,0,1,9,2008,9,2008,1,0,0,0,0,1,2,30,1,1,2,1,0,0,1,13,99,1,4,1,1,1
9,90026,1,1,1,24,2,6,51,8,0,1,0,9,3,85,881,85881,63,2006,1NKDXTEX96J1,1,N,K,D,X,T,E,X,9,6,J,1,0,T,KW,T80,TM,6,17,,8,2600,1600,CON,D,,0,9,630480,09630480,3,2,7,1,0,0,0,0,0,0,0,5,0,0,0,6,6,0,1,8,0,0,0,1,9,6712,6,1,6,0,3,0,70,999,98,0,0,0,2,12,2008,10,2009,0,0,0,0,0,1,2,25,2,1,2,2,0,0,13,82,1,1,4,92,0,0
9,90027,1,2,3,19,1,14,30,24,0,1,0,37,2,22,16,22016,2,2005,3G2JB12F45S1,3,G,2,J,B,1,2,F,4,5,S,1,0,P,PONT,SFR,CP,5,17,2771,,0,1041,,G,,0,0,000000000,00000000000,0,0,0,1,0,0,0,0,0,0,0,998,0,0,0,7,7,4,1,12,0,0,0,1,37,27853,6,1,0,0,3,3,73,999,0,0,0,0,1,10,2009,10,2009,0,0,0,0,0,3,3,55,2,2,2,2,0,0,1,60,99,1,1,98,0,0
9,90027,2,2,1,19,1,14,30,24,0,1,0,9,1,49,38,49038,4,1995,JT2EL56E2S70,J,T,2,E,L,5,6,E,2,S,7,0,0,P,TOYT,TTX,4D,95,17,2005,,0,937,,G,,0,0,000000000,00000000000,0,0,0,1,0,0,0,0,0,0,0,998,0,0,0,2,12,6,2,25,0,0,0,1,9,6880,6,1,0,0,3,3,69,999,98,0,0,0,2,5,2008,9,2009,0,58,0,0,0,3,3,55,2,2,2,2,0,0,1,9,99,1,4,1,1,0