STATE,ST_CASE,VEH_NO,VE_FORMS,NUMOCCS,DAY,MONTH,HOUR,MINUTE,HARM_EV,MAN_COLL,UNITTYPE,HIT_RUN,REG_STAT,OWNER,MAKE,MODEL,MAK_MOD,BODY_TYP,MOD_YEAR,VIN,VIN_1,VIN_2,VIN_3,VIN_4,VIN_5,VIN_6,VIN_7,VIN_8,VIN_9,VIN_10,VIN_11,VIN_12,TOW_VEH,VINTYPE,VINMAKE,VINA_MOD,VIN_BT,VINMODYR,VIN_LNGT,VIN_WGT,WGTCD_TR,WHLBS_LG,WHLBS_SH,SER_TR,FUELCODE,MCYCL_DS,J_KNIFE,MCARR_I1,MCARR_I2,MCARR_ID,GVWR,V_CONFIG,CARGO_BT,HAZ_INV,HAZ_PLAC,HAZ_ID,HAZ_CNO,HAZ_REL,BUS_USE,SPEC_USE,EMER_USE,TRAV_SP,UNDERIDE,ROLLOVER,ROLINLOC,IMPACT1,IMPACT2,DEFORMED,TOWED,M_HARM,VEH_SC1,VEH_SC2,FIRE_EXP,DR_PRES,L_STATE,DR_ZIP,L_STATUS,L_TYPE,CDL_STAT,L_ENDORS,L_COMPL,L_RESTRI,DR_HGT,DR_WGT,PREV_ACC,PREV_SUS,PREV_DWI,PREV_SPD,PREV_OTH,FIRST_MO,FIRST_YR,LAST_MO,LAST_YR,SPEEDREL,DR_SF1,DR_SF2,DR_SF3,DR_SF4,VTRAFWAY,VNUM_LAN,VSPD_LIM,VALIGN,VPROFILE,VPAVETYP,VSURCOND,VTRAFCON,VTCONT_F,P_CRASH1,P_CRASH2,P_CRASH3,PCRASH4,PCRASH5,ACC_TYPE,DEATHS,DR_DRINK
9,90028,1,1,1,6,3,2,2,53,0,1,0,9,2,12,17,12017,4,1996,1FALP52U3TA3,1,F,A,L,P,5,2,U,3,T,A,3,0,P,FORD,TAG,4D,96,17,3347,,0,1085,,G,,0,0,000000000,00000000000,0,0,0,1,0,0,0,0,0,0,0,998,0,0,0,99,99,6,2,30,0,0,0,1,9,6098,6,1,6,0,3,0,66,999,98,1,0,0,2,12,2007,11,2009,0,0,0,0,0,1,2,30,1,1,2,1,0,0,1,13,1,1,4,1,1,1
9,90029,1,2,1,6,3,2,11,25,0,1,0,17,3,51,881,51881,66,2006,4V4MC9GF66N4,4,V,4,M,C,9,G,F,6,6,N,4,1,T,VOLV,VNM,DS,6,17,,8,0,0,VVN,D,,3,57,0535226,570535226,3,6,1,1,0,0,0,0,0,0,0,998,0,1,1,99,99,6,2,1,0,0,0,1,44,2889,6,1,6,0,3,0,69,200,0,0,0,0,0,0,0,0,0,0,0,0,0,0,3,3,55,2,2,2,1,0,0,14,64,7,3,2,98,1,0
9,90029,2,2,1,6,3,2,11,25,0,1,1,92,0,13,2,13002,2,1997,1LNLM91V3VY7,1,L,N,L,M,9,1,V,3,V,Y,7,0,P,LINC,MK8,CP,97,17,3778,,0,1130,,G,,0,0,000000000,00000000000,0,0,0,1,0,0,0,0,0,0,0,998,0,0,0,99,99,6,2,12,0,0,0,1,99,99999,9,9,99,9,9,9,999,999,99,99,99,99,99,99,9999,99,9999,0,99,99,99,99,3,3,55,2,2,2,1,0,0,14,9,99,9,4,7,0,0
9,90030,1,2,2,7,3,15,34,8,0,1,0,9,1,20,16,20016,2,1995,1G1JC1249S71,1,G,1,J,C,1,2,4,9,S,7,1,0,P,CHEV,CAV,CP,95,17,2617,,0,1041,,G,,0,0,000000000,00000000000,0,0,0,1,0,0,0,0,0,0,0,998,0,0,0,12,12,4,1,8,0,0,0,1,9,6075,6,1,0,0,3,0,63,999,98,0,0,0,0,0,0,0,0,0,0,0,0,0,1,2,35,2,2,2,1,0,0,14,80,99,1,1,13,0,0
9,90030,2,2,0,7,3,15,34,8,0,1,0,9,6,12,481,12481,31,1997,1FTDF1722VNC,1,F,T,D,F,1,7,2,2,V,N,C,0,T,FORD,F15,PK,97,17,,1,1390,1200,COF,G,,0,0,000000000,00000000000,0,0,0,1,0,0,0,0,0,0,0,0,0,0,0,6,6,4,1,12,0,0,0,0,,,,,,,,,999,,,,,,,,,,,,0,0,0,0,1,2,35,2,2,2,1,0,0,0,53,0,0,0,98,0,0
9,90031,1,1,1,8,3,23,39,33,0,1,0,9,1,54,38,54038,3,2002,JH4DC53872C0,J,H,4,D,C,5,3,8,7,2,C,0,0,P,ACUR,RSX,2H,2,17,2694,,0,1012,,G,,0,0,000000000,00000000000,0,0,0,1,0,0,0,0,0,0,0,999,0,0,0,14,12,6,2,19,0,0,0,1,9,6870,6,1,0,0,2,0,66,234,98,0,0,0,0,0,0,0,0,1,0,0,0,0,1,2,30,1,3,2,1,0,0,1,13,1,1,4,1,1,0
9,90032,1,1,1,11,3,11,57,24,0,1,0,9,1,49,40,49040,4,2007,4T1BK46K27U5,4,T,1,B,K,4,6,K,2,7,U,5,0,P,TOYT,CJS,4D,7,17,3164,,0,1093,,G,,0,0,000000000,00000000000,0,0,0,1,0,0,0,0,0,0,0,998,0,1,3,12,99,6,2,1,0,0,0,1,9,6514,6,1,0,0,3,3,66,999,98,1,1,0,0,8,2009,8,2009,0,0,0,0,0,2,2,65,1,2,2,1,0,0,1,12,99,1,4,6,1,0
9,90033,1,3,1,17,3,16,9,12,2,1,0,9,2,37,705,37705,80,2002,JH2PC35002M3,J,H,2,P,C,3,5,0,0,2,M,3,0,M,HOND,CF4,RS,2,17,,,,,,,599,0,0,000000000,00000000000,0,0,0,1,0,0,0,0,0,0,0,998,0,0,0,12,12,6,2,12,0,0,0,1,9,6073,6,1,0,0,2,0,74,999,98,0,0,0,2,4,2008,6,2009,0,0,0,0,0,1,2,35,1,2,2,1,0,0,1,54,99,1,1,51,0,0
9,90033,2,3,1,17,3,16,9,12,2,1,0,9,1,71,705,71705,80,2000,ZDM1SB3R9YB0,Z,D,M,1,S,B,3,R,9,Y,B,0,0,U,,,,0,17,,,,,,,,0,0,000000000,00000000000,0,0,0,1,0,0,0,0,0,0,0,998,0,0,0,12,12,6,2,12,0,0,0,1,9,6073,6,1,0,0,3,3,73,999,98,0,0,1,1,12,2007,7,2009,0,0,0,0,0,1,2,35,1,2,2,1,0,0,1,54,99,1,1,98,1,0
9,90033,3,3,1,17,3,16,9,12,2,1,0,9,1,51,40,51040,6,1993,YV1JW8702P00,Y,V,1,J,W,8,7,0,2,P,0,0,0,P,VOLV,940,SW,93,17,3177,,0,1091,,G,,0,0,000000000,00000000000,0,0,0,1,0,0,0,0,0,0,0,998,0,0,0,12,12,6,2,12,0,0,0,1,9,6279,6,1,0,0,3,0,68,999,98,0,0,0,0,0,0,0,0,0,28,0,0,0,1,2,35,1,2,2,1,0,0,1,10,99,1,2,50,0,0
9,90034,1,2,1,18,3,22,18,12,6,1,0,9,1,7,482,7482,31,1995,1B7KF26C7SS2,1,B,7,K,F,2,6,C,7,S,S,2,0,T,DODG,250,PK,95,17,,2,0,1347,RPC,D,,0,0,000000000,00000000000,0,0,0,1,0,0,0,0,0,0,0,998,0,0,0,4,4,6,2,12,0,0,0,1,9,6484,6,1,0,0,3,3,62,999,98,0,0,0,0,0,0,0,0,0,38,0,0,0,1,2,45,1,2,2,1,0,0,11,15,1,1,2,68,0,0
9,90034,2,2,1,18,3,22,18,12,6,1,0,9,1,37,703,37703,80,1991,JH2MD2204MK0,J,H,2,M,D,2,2,0,4,M,K,0,0,M,HOND,X50,RT,91,17,,,,,,,250,0,0,000000000,00000000000,0,0,0,1,0,0,0,0,0,0,0,998,0,0,0,12,12,6,2,12,0,0,0,1,9,6516,6,1,0,0,3,0,69,999,98,0,0,0,0,0,0,0,0,0,0,0,0,0,1,2,45,1,2,2,1,0,0,1,17,6,1,3,69,1,1
9,90035,1,1,1,20,3,8,0,24,0,1,0,4,3,82,883,82883,66,2007,1FUJA6CK07LY,1,F,U,J,A,6,C,K,0,7,L,Y,1,T,FRHT,COL,DS,7,17,,8,0,0,CON,D,,3,57,0299301,570299301,3,6,1,1,0,0,0,0,0,0,0,998,0,1,3,12,10,6,2,2,0,0,1,1,40,74401,6,1,6,0,3,0,70,175,0,0,0,0,1,1,2010,1,2010,0,0,0,0,0,3,2,65,1,2,2,1,0,0,1,12,1,1,4,6,1,0
9,90036,1,1,3,20,3,16,46,8,0,1,0,25,1,37,402,37402,14,2004,SHSRD788X4U2,S,H,S,R,D,7,8,8,X,4,U,2,0,P,HOND,CRV,UT,4,17,0,,0,1031,,G,,0,0,000000000,00000000000,0,0,0,1,0,0,0,0,0,0,0,65,0,0,0,12,12,6,2,8,0,0,0,1,25,2719,6,1,0,0,3,3,72,999,0,0,0,0,0,0,0,0,0,0,0,0,0,0,3,2,65,1,1,2,1,0,0,1,80,6,1,1,13,0,0
9,90037,1,2,2,21,3,4,53,33,0,1,1,9,2,41,51,41051,5,2007,JM1BK34M6717,J,M,1,B,K,3,4,M,6,7,1,7,0,P,MAZD,MS3,4H,7,17,3153,,0,1039,,G,,0,0,000000000,00000000000,0,0,0,1,0,0,0,0,0,0,0,85,0,0,0,14,12,6,2,12,0,0,0,1,9,6905,6,1,0,0,3,0,67,999,98,1,0,2,0,6,2009,8,2009,1,0,0,0,0,1,3,25,2,3,2,1,0,0,1,6,8,4,4,7,0,1
9,90037,2,2,3,21,3,4,53,33,0,1,0,9,3,49,402,49402,14,2003,JTEHH20VX301,J,T,E,H,H,2,0,V,X,3,0,1,0,P,TOYT,RV4,UT,3,17,2877,,0,980,,G,,0,0,000000000,00000000000,0,0,0,1,0,0,0,0,0,0,0,25,0,0,0,2,2,6,2,12,0,0,0,1,9,6902,6,1,0,0,3,0,64,999,98,0,0,1,1,2,2008,11,2009,0,0,0,0,0,1,3,25,2,3,2,1,0,0,1,54,6,1,1,98,1,0
9,90038,1,1,4,21,3,23,42,1,0,1,0,42,2,12,401,12401,14,2002,1FMDU75W82ZB,1,F,M,D,U,7,5,W,8,2,Z,B,0,P,FORD,EPR,UT,2,17,4386,,0,1137,,G,,0,0,000000000,00000000000,0,0,0,1,0,0,0,0,0,0,0,65,0,2,1,0,13,6,2,1,0,0,0,1,36,11432,0,0,0,0,0,0,70,175,0,0,0,0,1,5,2009,5,2009,0,0,0,0,0,3,2,65,1,2,2,1,0,0,1,9,99,9,3,98,1,1
9,90039,1,3,1,25,3,19,3,12,2,1,0,25,1,59,31,59031,4,2005,JTHBA30G7550,J,T,H,B,A,3,0,G,7,5,5,0,0,P,LEXS,E33,4D,5,17,3472,,0,1071,,G,,0,0,000000000,00000000000,0,0,0,1,0,0,0,0,0,0,0,998,0,0,0,12,12,6,2,12,0,0,0,1,25,2760,6,1,0,0,3,0,71,999,0,0,0,0,0,0,0,0,0,0,0,0,0,0,3,2,65,1,1,2,1,0,0,1,54,99,1,3,51,1,0
9,90039,2,3,1,25,3,19,3,12,2,1,0,9,1,35,43,35043,4,2006,3N1CB51D36L5,3,N,1,C,B,5,1,D,3,6,L,5,0,P,NISS,S18,4D,6,17,2509,,0,998,,G,,0,0,000000000,00000000000,0,0,0,1,0,0,0,0,0,0,0,998,0,0,0,12,12,6,2,12,0,0,0,1,9,6379,6,1,0,0,3,3,64,999,98,0,0,0,0,0,0,0,0,0,0,0,0,0,3,2,65,1,1,2,1,0,0,1,54,99,9,3,98,0,0
9,90039,3,3,1,25,3,19,3,12,2,1,0,36,1,37,402,37402,14,2009,5J6RE48379L0,5,J,6,R,E,4,8,3,7,9,L,0,0,P,HOND,CRV,UT,9,17,3501,,0,1031,,G,,0,0,000000000,00000000000,0,0,0,1,0,0,0,0,0,0,0,998,0,0,0,12,12,6,2,12,0,0,0,1,36,14020,6,1,0,0,3,0,72,999,0,0,0,0,0,0,0,0,0,0,51,0,0,0,3,2,65,1,1,2,1,0,0,1,54,1,1,3,50,1,0
9,90040,1,1,1,27,3,6,40,8,0,1,1,9,9,54,35,54035,4,1996,JH4UA265XTC0,J,H,4,U,A,2,6,5,X,T,C,0,0,P,ACUR,25T,4D,96,17,3184,,0,1118,,G,,0,0,000000000,00000000000,0,0,0,1,0,0,0,0,0,0,0,998,0,0,0,12,12,4,1,8,0,0,0,1,99,99999,9,9,99,9,9,9,999,999,99,99,99,99,99,99,9999,99,9999,1,0,0,0,0,1,2,25,1,2,2,1,0,0,1,80,1,1,1,13,0,0
9,90041,1,4,1,29,3,10,40,12,7,1,0,9,1,54,39,54039,4,2005,JH4CL96895C0,J,H,4,C,L,9,6,8,9,5,C,0,0,P,ACUR,TSX,4D,5,17,3318,,0,1051,,G,,0,0,000000000,00000000000,0,0,0,1,0,0,0,0,0,0,0,998,0,0,0,2,10,6,2,12,0,0,0,1,9,6883,6,1,0,0,3,0,72,999,98,0,0,0,0,0,0,0,0,0,28,0,0,0,3,3,65,1,1,2,2,0,0,1,11,1,1,2,44,1,0
9,90041,2,4,2,29,3,10,40,12,7,1,0,34,3,20,404,20404,14,2008,2CNDL13F9860,2,C,N,D,L,1,3,F,9,8,6,0,0,P,CHEV,EQU,UT,8,17,3699,,0,1125,,G,,0,0,000000000,00000000000,0,0,0,1,0,0,0,0,0,0,0,998,0,0,0,11,12,6,2,24,0,0,0,1,9,6851,6,1,0,0,3,3,67,999,98,0,0,0,0,0,0,0,0,0,0,0,0,0,3,3,65,1,1,2,2,0,0,1,61,1,1,1,45,0,0
9,90041,3,4,1,29,3,10,40,12,7,1,0,9,1,48,34,48034,6,2006,4S4BP62C1673,4,S,4,B,P,6,2,C,1,6,7,3,0,P,SUBA,LOL,SW,6,17,3310,,0,1051,,G,,0,0,000000000,00000000000,0,0,0,1,0,0,0,0,0,0,0,998,0,0,0,11,11,4,1,12,0,0,0,1,9,6851,6,1,0,0,3,0,72,999,98,0,0,0,0,0,0,0,0,0,0,0,0,0,3,3,65,1,1,2,2,0,0,1,60,7,1,2,98,0,0
9,90041,4,4,1,29,3,10,40,12,7,1,0,19,3,82,881,82881,66,2004,1FUJBBCG44LM,1,F,U,J,B,B,C,G,4,4,L,M,1,T,FRHT,ST2,DS,4,17,,8,0,0,CON,D,,1,99,999999999,99999999999,3,6,1,1,0,0,0,0,0,0,0,998,0,0,0,12,12,6,2,12,0,0,0,1,29,64110,6,1,6,0,3,3,71,185,0,1,0,1,0,4,2007,2,2010,0,0,0,0,0,3,3,65,1,1,2,2,0,0,1,61,7,1,2,98,0,0
9,90042,1,1,1,18,3,11,20,9,0,1,1,9,2,37,31,37031,2,1996,1HGEJ6125TL0,1,H,G,E,J,6,1,2,5,T,L,0,0,P,HOND,UCD,CP,96,17,2208,,0,1032,,G,,0,0,000000000,00000000000,0,0,0,1,0,0,0,0,0,0,0,40,0,0,0,12,12,4,1,9,0,0,0,1,9,6606,6,1,0,0,3,0,66,999,98,0,0,2,0,6,2008,4,2009,1,39,0,0,0,1,2,25,1,1,2,1,20,3,1,83,1,1,1,13,0,0
9,90043,1,1,4,13,3,19,17,16,0,1,0,34,2,35,49,35049,6,2009,JN8AZ18W19W1,J,N,8,A,Z,1,8,W,1,9,W,1,0,P,NISS,MUR,UT,9,17,4009,,0,1112,,G,,0,0,000000000,00000000000,0,0,0,1,0,0,0,0,0,0,0,999,0,0,0,0,13,6,2,16,0,0,0,1,34,7853,6,1,0,0,3,0,68,999,0,0,0,0,0,0,0,0,0,0,0,0,0,0,1,2,25,1,1,2,2,0,0,1,98,1,1,1,0,1,1
9,90044,1,1,1,3,1,11,5,42,0,1,0,9,1,9,442,9442,20,2000,2P4GP45R0YR6,2,P,4,G,P,4,5,R,0,Y,R,6,0,P,PLYM,VOF,SV,0,17,3772,,0,1133,,G,,0,0,000000000,00000000000,0,0,0,1,0,0,0,0,0,0,0,999,0,0,0,10,10,6,2,42,0,0,0,1,9,6051,6,1,0,0,3,0,65,999,98,0,0,1,0,11,2009,11,2009,1,0,0,0,0,2,2,65,2,1,2,3,0,0,14,6,4,2,4,7,1,0
9,90045,1,2,18,9,1,8,3,12,7,1,0,9,3,94,981,94981,50,2009,4UZABRDK49CA,4,U,Z,A,B,R,D,K,4,9,C,A,0,T,FRHT,B2B,IC,9,17,,7,0,0,CHA,D,,0,57,1545249,571545249,3,21,22,1,0,0,0,0,1,0,0,999,0,0,0,61,12,6,2,35,0,0,0,1,9,6033,6,1,6,1,3,1,67,999,98,0,0,0,0,0,0,0,0,0,0,0,0,0,3,3,50,2,2,2,1,0,0,14,61,9,1,1,45,1,0
9,90045,2,2,1,9,1,8,3,12,7,1,0,9,2,51,43,51043,6,2004,YV1SZ59HX411,Y,V,1,S,Z,5,9,H,X,4,1,1,0,P,VOLV,XC0,SW,4,17,3833,,0,1088,,G,,0,0,000000000,00000000000,0,0,0,1,0,0,0,0,0,0,0,999,0,0,0,81,81,6,2,12,0,0,0,1,9,6333,6,1,0,0,3,0,68,999,98,0,0,0,0,0,0,0,0,0,28,0,0,0,3,3,50,2,2,2,1,0,0,14,11,6,1,2,44,0,0
9,90046,1,2,2,10,1,2,26,12,1,1,0,9,3,98,806,98806,62,2006,5PVND8JP462S,5,P,V,N,D,8,J,P,4,6,2,S,0,T,HINO,238,CC,6,17,,6,0,0,HIN,D,,0,77,777777777,77777777777,2,1,98,1,0,0,0,0,0,0,0,50,0,0,0,6,6,6,2,12,0,0,0,1,9,6108,6,1,6,0,3,0,73,999,98,0,0,0,0,0,0,0,0,0,0,0,0,0,3,4,65,1,1,2,1,28,3,1,53,1,1,1,25,0,0
9,90046,2,2,1,10,1,2,26,12,1,1,0,9,1,49,401,49401,14,2005,JTEBT17R5500,J,T,E,B,T,1,7,R,5,5,0,0,0,P,TOYT,RUN,UT,5,17,4090,,0,1098,,G,,0,0,000000000,00000000000,0,0,0,1,0,0,0,0,0,0,0,100,0,0,0,12,12,6,2,12,0,0,0,1,9,6033,6,1,0,0,3,0,71,999,98,1,0,1,1,12,2007,9,2009,1,0,0,0,0,3,4,65,1,1,2,1,28,3,1,51,1,1,1,24,1,1
9,90047,1,2,1,16,1,5,21,12,7,1,0,25,3,82,883,82883,66,2004,1FUJA6CK14LM,1,F,U,J,A,6,C,K,1,4,L,M,1,T,FRHT,COL,DS,4,17,,8,0,0,CON,D,,3,57,0181975,570181975,3,6,1,1,0,0,0,0,0,0,0,998,0,1,1,1,81,6,2,1,0,0,0,1,25,1360,6,1,6,0,3,0,68,999,0,0,0,0,1,11,2008,11,2008,0,0,0,0,0,3,3,65,1,2,2,1,0,0,1,11,99,1,2,44,0,0
9,90047,2,2,1,16,1,5,21,12,7,1,0,9,1,2,405,2405,14,2002,1J4GL58K02W1,1,J,4,G,L,5,8,K,0,2,W,1,0,T,JEEP,LMD,4W,2,17,,1,0,1043,LIB,G,,0,0,000000000,00000000000,0,0,0,1,0,0,0,0,0,0,0,998,0,0,0,7,12,6,2,39,0,0,0,1,9,6082,6,1,0,0,3,0,68,999,98,0,0,0,0,0,0,0,0,0,0,0,0,0,3,3,65,1,2,2,1,0,0,1,60,99,1,1,45,1,0
9,90048,1,2,1,21,1,18,58,12,1,1,0,9,1,12,16,12016,4,2001,2FAFP71W81X1,2,F,A,F,P,7,1,W,8,1,X,1,0,P,FORD,CVP,4D,1,17,3996,,0,1147,,G,,0,0,000000000,00000000000,0,0,0,1,0,0,0,0,0,0,0,998,0,0,0,6,6,6,2,12,0,0,0,1,9,6786,6,1,0,0,3,0,69,999,98,0,0,0,0,0,0,0,0,0,0,0,0,0,3,3,50,1,1,2,1,0,0,1,53,1,1,1,25,0,0
9,90048,2,2,2,21,1,18,58,12,1,1,0,9,1,37,32,37032,4,2008,1HGCP26478A1,1,H,G,C,P,2,6,4,7,8,A,1,0,P,HOND,LXP,4D,8,17,3281,,0,1102,,G,,0,0,000000000,00000000000,0,0,0,1,0,0,0,0,0,0,0,998,0,1,5,12,12,6,2,1,0,0,0,1,9,6053,6,1,0,0,3,0,72,999,98,1,0,1,1,4,2008,12,2009,1,0,0,0,0,3,3,50,1,1,2,1,0,0,1,51,7,1,1,24,1,0
9,90049,1,3,1,27,1,16,39,12,6,1,0,9,1,22,5,22005,2,1985,1G2PF3796FP2,1,G,2,P,F,3,7,9,6,F,P,2,0,P,PONT,FRS,CP,85,17,2525,,0,934,,G,,0,0,000000000,00000000000,0,0,0,1,0,0,0,0,0,0,0,998,0,0,0,10,10,6,2,12,0,0,0,1,9,6064,6,1,0,0,3,0,64,999,98,0,0,0,0,0,0,0,0,0,38,0,0,0,2,2,45,3,1,2,1,28,3,11,15,1,1,9,82,1,0
9,90049,2,3,1,27,1,16,39,12,6,1,0,25,1,20,481,20481,31,2003,1GCEC14XX3Z2,1,G,C,E,C,1,4,X,X,3,Z,2,0,T,CHEV,SC1,PK,3,17,,2,1330,1190,SIL,G,,0,0,000000000,00000000000,0,0,0,1,0,0,0,0,0,0,0,998,0,0,0,12,12,6,2,12,0,0,0,1,9,6516,1,1,0,0,2,0,66,999,98,1,0,1,1,11,2008,8,2009,0,0,0,0,0,2,2,45,3,1,2,1,0,0,14,67,99,1,1,83,0,0
9,90049,3,3,2,27,1,16,39,12,6,1,0,9,1,12,481,12481,31,2003,1FTNX21L03ED,1,F,T,N,X,2,1,L,0,3,E,D,0,T,FORD,F2S,4C,3,17,,2,1580,1418,SRW,G,,0,0,000000000,00000000000,0,0,0,1,0,0,0,0,0,0,0,998,0,0,0,11,11,4,1,12,0,0,0,1,9,6026,6,1,0,0,3,0,73,999,98,0,0,0,0,0,0,0,0,0,0,0,0,0,2,2,45,2,1,2,1,0,0,14,65,9,1,1,98,0,0
9,90050,1,1,1,30,1,9,6,35,0,1,0,44,1,20,39,20039,5,2004,KL1TD52694B1,K,L,1,T,D,5,2,6,9,4,B,1,0,P,CHEV,AVO,4D,4,17,2343,,0,976,,G,,0,0,000000000,00000000000,0,0,0,1,0,0,0,0,0,0,0,63,0,1,5,14,13,6,2,42,0,0,0,1,44,2879,6,1,0,0,3,0,66,999,0,0,0,0,0,0,0,0,0,0,0,0,0,0,3,2,65,2,1,2,1,0,0,14,9,9,3,4,2,1,1
9,90051,1,3,1,7,1,15,34,12,6,1,0,9,2,49,32,49032,2,1980,TE720069662,T,E,7,2,0,0,6,9,6,6,2,,0,P,,,,,,,,,,,,,0,0,000000000,00000000000,0,0,0,1,0,0,0,0,0,0,0,998,0,0,0,12,12,6,2,12,0,0,0,1,9,6705,6,1,0,0,3,1,65,999,98,0,0,0,0,0,0,0,0,0,0,0,0,0,1,4,40,1,1,2,1,1,3,1,17,1,1,1,93,1,0
9,90051,2,3,1,7,1,15,34,12,6,1,0,42,3,87,881,87881,66,2007,1XP7DB9X87D7,1,X,P,7,D,B,9,X,8,7,D,7,1,T,PTRB,387,DS,7,17,,8,0,0,CON,D,,1,57,00988244,5700988244,3,6,3,1,0,0,0,0,0,0,0,998,0,0,0,5,5,6,2,12,0,0,0,1,42,17505,6,1,6,0,3,0,69,999,0,0,0,0,0,0,0,0,0,0,0,0,0,0,1,4,40,1,1,2,1,1,3,13,56,1,1,1,92,0,0
9,90051,3,3,1,7,1,15,34,12,6,1,0,9,1,37,31,37031,3,1991,2HGED6344MH5,2,H,G,E,D,6,3,4,4,M,H,5,0,P,HOND,CIV,2H,91,17,1867,,0,984,,G,,0,0,000000000,00000000000,0,0,0,1,0,0,0,0,0,0,0,35,0,0,0,12,12,4,1,12,0,0,0,1,9,6606,6,1,0,0,3,0,65,999,98,0,0,0,0,0,0,0,0,0,0,0,0,0,1,4,40,1,1,2,1,1,3,1,56,9,1,2,98,0,0
9,90052,1,2,2,9,2,14,54,12,1,1,0,9,3,20,482,20482,31,2002,3GNEK13T22G1,3,G,N,E,K,1,3,T,2,2,G,1,0,T,CHEV,KAV,CW,2,17,,2,0,1300,AVL,G,,0,0,000000000,00000000000,0,0,0,1,0,0,0,0,0,0,0,0,0,0,0,6,6,4,1,12,0,0,0,1,9,6498,6,1,0,0,3,0,71,999,98,0,0,0,0,0,0,0,0,0,0,0,0,0,1,2,45,1,1,2,1,8,3,5,53,1,1,1,21,0,0
9,90052,2,2,1,9,2,14,54,12,1,1,0,9,1,21,20,21020,2,1999,1G3NB52JXX63,1,G,3,N,B,5,2,J,X,X,6,3,0,P,OLDS,CGL,4D,99,17,3102,,0,1070,,G,,0,0,000000000,00000000000,0,0,0,1,0,0,0,0,0,0,0,999,0,0,0,12,12,6,2,12,0,0,0,1,9,6419,6,1,0,0,3,3,67,999,98,0,0,0,0,0,0,0,0,0,26,0,0,0,1,2,45,1,1,2,1,8,3,1,50,1,1,1,20,1,0
9,90053,1,2,1,2,4,15,54,1,0,1,0,9,1,37,706,37706,80,2008,JH2SC59078M0,J,H,2,S,C,5,9,0,7,8,M,0,0,M,HOND,CBS,RC,8,17,,,,,,,998,0,0,000000000,00000000000,0,0,0,1,0,0,0,0,0,0,0,998,0,0,0,12,12,6,2,12,0,0,0,1,9,6085,6,1,0,0,3,0,74,999,98,0,0,0,0,0,0,0,0,0,0,0,0,0,1,2,40,3,2,2,1,40,3,14,52,1,1,1,98,0,0
9,90053,2,2,1,2,4,15,54,1,0,1,0,9,1,76,706,76706,80,2008,JYARJ16E68A0,J,Y,A,R,J,1,6,E,6,8,A,0,0,M,YAMA,R6L,RS,8,17,,,,,,,599,0,0,000000000,00000000000,0,0,0,1,0,0,0,0,0,0,0,998,0,0,0,0,99,6,2,24,0,0,0,1,9,6062,6,1,0,0,3,0,72,999,98,0,0,0,0,0,0,0,0,1,0,0,0,0,1,2,40,3,2,2,1,40,3,14,6,99,1,1,98,1,0
9,90054,1,1,1,6,4,0,53,42,0,1,0,9,2,49,32,49032,4,1999,2T1BR12E2XC1,2,T,1,B,R,1,2,E,2,X,C,1,0,P,TOYT,UVL,4D,99,17,2414,,0,970,,G,,0,0,000000000,00000000000,0,0,0,1,0,0,0,0,0,0,0,998,0,0,0,99,99,6,2,42,0,0,0,1,9,6108,0,0,0,0,0,0,999,999,98,0,0,0,0,0,0,0,0,0,0,0,0,0,3,3,55,3,1,2,1,0,0,14,9,99,9,4,2,1,0
9,90055,1,1,1,7,4,0,8,24,0,1,0,9,1,20,403,20403,14,2004,1GNDT13S2421,1,G,N,D,T,1,3,S,2,4,2,1,0,P,CHEV,TRL,UT,4,17,4612,,0,1130,,G,,0,0,000000000,00000000000,0,0,0,1,0,0,0,0,0,0,0,93,0,1,5,12,12,6,2,1,0,0,0,1,9,6473,6,1,0,0,3,0,73,999,98,0,0,0,0,0,0,0,0,1,0,0,0,0,3,5,50,1,1,2,1,0,0,1,6,7,7,4,2,1,1
9,90056,1,2,1,7,4,3,52,50,0,1,0,92,0,51,999,51999,99,2007,VCEW160CK001,V,C,E,W,1,6,0,C,K,0,0,1,0,U,,,,,17,,,,,,,,0,0,000000000,00000000000,0,0,0,1,0,0,0,0,0,0,0,18,0,0,0,13,10,6,2,12,0,0,0,1,9,6085,6,1,6,0,3,3,70,999,98,0,0,0,0,0,0,0,0,0,41,0,0,0,3,2,55,1,1,2,1,40,3,1,4,1,1,2,12,1,0
9,90056,2,2,1,7,4,3,52,50,0,1,0,42,3,51,882,51882,66,1998,4VG7DERH1WN7,4,V,G,7,D,E,R,H,1,W,N,7,1,T,VOLV,VVN,DS,98,17,,8,0,0,VVN,D,,3,57,0511440,570511440,3,6,1,1,0,0,0,0,0,0,0,38,0,0,0,12,12,6,2,12,0,0,0,1,42,18210,6,1,6,0,3,0,999,999,99,99,99,99,99,99,9999,99,9999,0,0,0,0,0,3,2,55,1,1,2,1,40,3,1,60,9,1,3,98,0,0
9,90057,1,1,1,8,4,7,21,31,0,1,0,9,1,49,44,49044,2,2006,4T1CE38PX6U6,4,T,1,C,E,3,8,P,X,6,U,6,0,P,TOYT,CEE,CP,6,17,3175,,0,1051,,G,,0,0,000000000,00000000000,0,0,0,1,0,0,0,0,0,0,0,998,0,0,0,12,11,6,2,35,0,0,0,1,9,6790,6,1,0,0,3,0,66,999,98,0,0,0,1,9,2008,9,2008,0,0,0,0,0,2,2,65,2,1,2,1,0,0,14,12,99,1,4,6,1,1