STATE,ST_CASE,VEH_NO,VE_FORMS,NUMOCCS,DAY,MONTH,HOUR,MINUTE,HARM_EV,MAN_COLL,UNITTYPE,HIT_RUN,REG_STAT,OWNER,MAKE,MODEL,MAK_MOD,BODY_TYP,MOD_YEAR,VIN,VIN_1,VIN_2,VIN_3,VIN_4,VIN_5,VIN_6,VIN_7,VIN_8,VIN_9,VIN_10,VIN_11,VIN_12,TOW_VEH,VINTYPE,VINMAKE,VINA_MOD,VIN_BT,VINMODYR,VIN_LNGT,VIN_WGT,WGTCD_TR,WHLBS_LG,WHLBS_SH,SER_TR,FUELCODE,MCYCL_DS,J_KNIFE,MCARR_I1,MCARR_I2,MCARR_ID,GVWR,V_CONFIG,CARGO_BT,HAZ_INV,HAZ_PLAC,HAZ_ID,HAZ_CNO,HAZ_REL,BUS_USE,SPEC_USE,EMER_USE,TRAV_SP,UNDERIDE,ROLLOVER,ROLINLOC,IMPACT1,IMPACT2,DEFORMED,TOWED,M_HARM,VEH_SC1,VEH_SC2,FIRE_EXP,DR_PRES,L_STATE,DR_ZIP,L_STATUS,L_TYPE,CDL_STAT,L_ENDORS,L_COMPL,L_RESTRI,DR_HGT,DR_WGT,PREV_ACC,PREV_SUS,PREV_DWI,PREV_SPD,PREV_OTH,FIRST_MO,FIRST_YR,LAST_MO,LAST_YR,SPEEDREL,DR_SF1,DR_SF2,DR_SF3,DR_SF4,VTRAFWAY,VNUM_LAN,VSPD_LIM,VALIGN,VPROFILE,VPAVETYP,VSURCOND,VTRAFCON,VTCONT_F,P_CRASH1,P_CRASH2,P_CRASH3,PCRASH4,PCRASH5,ACC_TYPE,DEATHS,DR_DRINK
9,90058,1,1,1,11,4,13,57,35,0,1,0,9,1,32,43,32043,4,1996,WAUDA88DXTA1,W,A,U,D,A,8,8,D,X,T,A,1,0,P,AUDI,AA4,4D,96,17,2917,,0,1030,,G,,0,0,000000000,00000000000,0,0,0,1,0,0,0,0,0,0,0,998,0,0,0,12,12,6,2,35,0,0,0,1,9,6897,6,1,0,0,3,0,73,999,98,0,0,0,0,0,0,0,0,0,0,0,0,0,3,3,55,3,5,2,1,0,0,1,13,99,1,4,1,1,0
9,90059,1,1,4,17,4,23,1,19,0,1,0,9,2,12,3,12003,2,1995,1FALP42T6SF2,1,F,A,L,P,4,2,T,6,S,F,2,0,P,FORD,MGG,CP,95,17,3280,,0,1013,,G,,0,0,000000000,00000000000,0,0,0,1,0,0,0,0,0,0,0,998,0,1,5,12,12,6,2,1,0,0,0,1,9,6457,6,1,0,0,3,0,71,999,98,0,0,1,0,5,2009,5,2009,1,0,0,0,0,1,2,30,1,1,2,1,0,0,1,6,7,9,4,2,2,1
9,90060,1,1,1,16,4,23,11,53,0,1,0,9,1,37,31,37031,2,2005,1HGEM22575L0,1,H,G,E,M,2,2,5,7,5,L,0,0,P,HOND,UCL,CP,5,17,2587,,0,1031,,G,,0,0,000000000,00000000000,0,0,0,1,0,0,0,0,0,0,0,30,0,1,5,12,12,6,2,1,0,0,0,1,9,6088,6,1,0,0,3,0,66,999,98,0,0,0,0,0,0,0,0,0,0,0,0,0,1,2,25,3,1,2,2,40,3,1,13,1,1,4,1,1,1
9,90061,1,1,2,23,4,1,41,35,0,1,0,44,2,34,35,34035,4,1997,WBADD6320VBW,W,B,A,D,D,6,3,2,0,V,B,W,0,P,BMW,52A,4D,97,17,3505,,0,1114,,G,,0,0,000000000,00000000000,0,0,0,1,0,0,0,0,0,0,0,998,0,0,0,12,99,6,2,42,0,0,0,1,9,6106,6,1,0,0,3,0,66,999,98,1,0,0,1,8,2008,10,2008,0,0,0,0,0,2,3,65,1,5,2,1,0,0,1,9,99,9,4,2,1,0
9,90062,1,2,3,24,4,12,54,12,1,1,0,36,2,35,51,35051,6,2009,JN8AS58V89W1,J,N,8,A,S,5,8,V,8,9,W,1,0,P,NISS,ROG,UT,9,17,3435,,0,1059,,G,,0,0,000000000,00000000000,0,0,0,1,0,0,0,0,0,0,0,998,0,0,0,6,6,4,3,12,0,0,0,1,36,11377,6,1,0,0,3,0,64,999,0,0,0,0,0,0,0,0,0,0,0,0,0,0,3,3,40,2,5,2,1,40,3,15,53,1,1,2,25,0,0
9,90062,2,2,1,24,4,12,54,12,1,1,0,9,2,72,706,72706,80,2005,1HD1FVW165Y6,1,H,D,1,F,V,W,1,6,5,Y,6,0,M,HD,IUA,RS,5,17,,,,,,,1450,0,0,000000000,00000000000,0,0,0,1,0,0,0,0,0,0,0,998,0,0,0,12,12,6,2,12,0,0,0,1,9,6460,6,1,0,0,3,0,72,999,98,0,0,1,1,11,2007,7,2009,1,0,0,0,0,3,3,40,2,5,2,1,40,3,15,51,4,1,2,24,1,0
9,90063,1,2,1,24,4,15,34,12,7,1,0,9,1,72,706,72706,80,2007,1HD1FF4167Y6,1,H,D,1,F,F,4,1,6,7,Y,6,0,M,HD,FHC,RS,7,17,,,,,,,1584,0,0,000000000,00000000000,0,0,0,1,0,0,0,0,0,0,0,0,0,0,0,99,61,6,2,12,0,0,0,1,9,6108,6,1,0,0,3,0,69,999,98,0,0,0,0,0,0,0,0,0,0,0,0,0,1,4,45,1,1,2,1,1,3,5,53,1,1,1,45,0,0
9,90063,2,2,1,24,4,15,34,12,7,1,0,9,1,76,706,76706,80,2003,JYAVP11E23A0,J,Y,A,V,P,1,1,E,2,3,A,0,0,M,YAMA,XVA,RS,3,17,,,,,,,1063,0,0,000000000,00000000000,0,0,0,1,0,0,0,0,0,0,0,999,0,0,0,99,81,6,2,12,0,0,0,1,9,6095,6,1,0,0,3,0,70,999,98,0,0,1,1,11,2008,7,2009,1,0,0,0,0,1,4,45,1,1,2,1,1,3,1,50,8,1,2,44,1,0
9,90064,1,1,1,30,4,1,37,42,0,1,0,9,2,30,40,30040,4,2000,3VWSE29MXYM1,3,V,W,S,E,2,9,M,X,Y,M,1,0,P,VOLK,JGS,4D,0,17,3013,,0,989,,G,,0,0,000000000,00000000000,0,0,0,1,0,0,0,0,0,0,0,998,0,0,0,12,12,6,2,42,0,0,0,1,9,6084,6,1,0,0,3,0,62,999,98,0,0,1,0,12,2009,12,2009,0,0,0,0,0,1,2,30,1,5,2,1,0,0,1,12,99,1,4,6,1,1
9,90065,1,2,1,30,4,2,22,12,6,1,0,9,1,20,481,20481,31,2004,2GCEK19V0411,2,G,C,E,K,1,9,V,0,4,1,1,0,T,CHEV,SK1,4C,4,17,,2,1575,1435,SIL,G,,0,0,000000000,00000000000,0,0,0,1,0,0,0,0,0,0,0,998,0,1,1,12,12,6,2,12,0,0,0,1,9,6484,6,1,0,0,3,0,68,999,98,0,0,0,1,12,2009,12,2009,0,39,0,0,0,1,2,35,1,3,2,1,20,3,1,17,1,1,1,88,0,1
9,90065,2,2,1,30,4,2,22,12,6,1,0,9,1,12,402,12402,14,2005,1FMYU93185KA,1,F,M,Y,U,9,3,1,8,5,K,A,0,P,FORD,SPE,UT,5,17,3464,,0,1031,,G,,0,0,000000000,00000000000,0,0,0,1,0,0,0,0,0,0,0,998,0,0,0,10,10,6,2,12,0,0,0,1,9,6484,6,1,0,0,3,0,72,999,98,0,0,0,0,0,0,0,0,0,0,0,0,0,1,2,35,1,3,2,1,0,0,1,17,1,1,1,89,1,0
9,90066,1,1,1,15,4,9,1,42,0,1,0,9,1,20,20,20020,4,1996,2G1WL52M0T91,2,G,1,W,L,5,2,M,0,T,9,1,0,P,CHEV,LUM,4D,96,17,3330,,0,1075,,G,,0,0,000000000,00000000000,0,0,0,1,0,0,0,0,0,0,0,63,0,0,0,12,12,6,2,42,0,0,0,1,9,6443,6,1,0,0,3,0,72,999,98,0,0,0,0,0,0,0,0,0,0,0,0,0,3,2,65,1,1,2,1,0,0,1,13,1,1,4,1,1,0
9,90067,1,1,1,24,4,11,20,39,0,1,0,9,1,19,22,19022,4,2009,1G6KD57Y09U1,1,G,6,K,D,5,7,Y,0,9,U,1,0,P,CADI,TDS,4D,9,17,4009,,0,1156,,G,,0,0,000000000,00000000000,0,0,0,1,0,0,0,0,0,0,0,998,0,0,0,11,10,6,2,39,0,0,0,1,9,6710,6,1,0,0,3,0,67,999,98,0,0,0,0,0,0,0,0,0,0,0,0,0,1,2,25,1,1,2,1,0,0,10,8,1,9,4,6,1,0
9,90068,1,2,1,5,4,15,46,12,6,1,0,9,1,41,35,41035,4,2002,JM1BJ2255205,J,M,1,B,J,2,2,5,5,2,0,5,0,P,MAZD,PDS,4D,2,17,2493,,0,1028,,G,,0,0,000000000,00000000000,0,0,0,1,0,0,0,0,0,0,0,999,0,0,0,12,12,6,2,12,0,0,0,1,9,6359,6,1,0,0,3,0,65,999,98,0,0,0,0,0,0,0,0,0,0,0,0,0,1,4,25,1,1,2,1,0,0,11,15,1,1,2,76,0,0
9,90068,2,2,1,5,4,15,46,12,6,1,0,9,1,72,706,72706,80,2000,1HD1FBW10YY6,1,H,D,1,F,B,W,1,0,Y,Y,6,0,M,HD,LRI,RS,0,17,,,,,,,1450,0,0,000000000,00000000000,0,0,0,1,0,0,0,0,0,0,0,999,0,0,0,11,11,6,2,12,0,0,0,1,9,6385,6,1,6,0,3,3,73,999,98,0,0,0,0,0,0,0,0,0,0,0,0,0,1,4,25,1,1,2,1,0,0,1,70,1,1,1,77,1,1
9,90069,1,2,1,29,4,16,1,12,2,1,0,9,2,51,46,51046,4,2005,YV1MS3820520,Y,V,1,M,S,3,8,2,0,5,2,0,0,P,VOLV,S42,4D,5,17,3225,,0,1039,,G,,0,0,000000000,00000000000,0,0,0,1,0,0,0,0,0,0,0,999,0,0,0,12,12,6,2,12,0,0,0,1,36,6880,6,1,0,0,3,0,72,999,0,0,0,1,1,12,2008,9,2009,0,0,0,0,0,1,2,35,1,1,2,1,0,0,1,8,2,1,2,50,0,0
9,90069,2,2,1,29,4,16,1,12,2,1,0,9,1,54,32,54032,2,1990,JH4KA3175LC0,J,H,4,K,A,3,1,7,5,L,C,0,0,P,ACUR,LLS,CP,90,17,3263,,0,1087,,G,,0,0,000000000,00000000000,0,0,0,1,0,0,0,0,0,0,0,999,0,0,0,12,12,6,2,12,0,0,0,1,9,6880,6,1,0,0,3,0,72,999,98,0,0,0,0,0,0,0,0,0,0,0,0,0,1,2,35,1,1,2,1,0,0,1,62,9,1,1,51,1,0
9,90070,1,1,1,2,4,1,7,1,0,1,0,9,2,72,706,72706,80,2000,1HD1BHY1XYY0,1,H,D,1,B,H,Y,1,X,Y,Y,0,0,M,HD,FXT,RS,0,17,,,,,,,1450,0,0,000000000,00000000000,0,0,0,1,0,0,0,0,0,0,0,999,0,0,0,0,0,4,3,1,0,0,0,1,9,6412,6,1,0,0,3,0,72,999,98,2,1,1,2,3,2009,2,2010,1,0,0,0,0,1,2,0,2,1,2,1,0,0,14,6,1,9,3,98,1,1
9,90071,1,1,2,26,4,4,21,24,0,1,0,9,2,41,51,41051,4,2006,JM1BK3249614,J,M,1,B,K,3,2,4,9,6,1,4,0,P,MAZD,M3S,4D,6,17,2762,,0,1039,,G,,0,0,000000000,00000000000,0,0,0,1,0,0,0,0,0,0,0,110,0,1,5,12,12,6,2,30,0,0,0,1,9,6071,6,1,0,0,3,0,999,999,98,0,0,1,1,1,2008,12,2008,1,91,92,0,0,1,2,45,2,1,2,1,40,3,14,6,99,1,4,6,1,1
9,90072,1,1,2,1,5,1,39,24,0,1,0,55,1,48,34,48034,6,1996,4S3BG4851T63,4,S,3,B,G,4,8,5,1,T,6,3,0,P,SUBA,ULK,SW,96,17,3080,,0,1035,,G,,0,0,000000000,00000000000,0,0,0,1,0,0,0,0,0,0,0,998,0,1,5,12,13,6,2,42,0,0,0,1,9,6424,6,1,0,0,3,0,71,999,98,1,0,1,0,4,2008,10,2009,1,0,0,0,0,1,2,30,2,1,2,1,0,0,14,6,1,1,4,6,1,1
9,90073,1,1,2,1,5,13,16,34,0,1,0,9,1,72,706,72706,80,2000,1HD1BJY12YY0,1,H,D,1,B,J,Y,1,2,Y,Y,0,0,M,HD,STC,RS,0,17,,,,,,,1450,0,0,000000000,00000000000,0,0,0,1,0,0,0,0,0,0,0,999,0,0,0,12,12,6,2,34,0,0,0,1,9,6037,6,1,0,0,3,0,66,999,98,0,0,0,0,0,0,0,0,1,0,0,0,0,1,2,30,3,2,2,1,28,3,14,99,8,1,4,1,2,0
9,90074,1,1,1,1,5,13,46,25,0,1,0,9,1,76,706,76706,80,2008,JYARJ16E28A0,J,Y,A,R,J,1,6,E,2,8,A,0,0,M,YAMA,R6L,RS,8,17,,,,,,,599,0,0,000000000,00000000000,0,0,0,1,0,0,0,0,0,0,0,999,0,0,0,11,10,6,2,25,0,0,0,1,9,6111,6,1,0,0,3,0,70,999,98,0,0,0,2,6,2008,12,2008,1,0,0,0,0,3,2,50,2,1,2,1,0,0,14,6,7,1,4,6,1,0
9,90075,1,2,1,1,5,21,53,12,6,1,0,9,2,72,706,72706,80,2009,1HD1FR41X9Y6,1,H,D,1,F,R,4,1,X,9,Y,6,0,M,HD,FKC,RS,9,17,,,,,,,1584,0,0,000000000,00000000000,0,0,0,1,0,0,0,0,0,0,0,998,0,0,0,12,12,6,2,12,0,0,0,1,9,6365,2,1,0,0,2,0,74,999,98,0,0,0,0,0,0,0,0,1,0,0,0,0,1,2,45,1,3,2,1,0,0,1,62,1,1,1,69,1,1
9,90075,2,2,1,1,5,21,53,12,6,1,0,9,1,22,2,22002,4,2001,1G2HX54K6142,1,G,2,H,X,5,4,K,6,1,4,2,0,P,PONT,BVS,4D,1,17,3633,,0,1122,,G,,0,0,000000000,00000000000,0,0,0,1,0,0,0,0,0,0,0,998,0,0,0,4,4,6,2,12,0,0,0,1,9,6360,6,1,0,0,3,3,68,999,98,0,0,0,0,0,0,0,0,0,0,0,0,0,1,2,45,1,3,2,1,0,0,11,15,1,1,2,68,0,0
9,90076,1,1,2,1,5,22,45,33,0,1,0,92,0,98,739,98739,90,2008,2BVBXLL128V0,2,B,V,B,X,L,L,1,2,8,V,0,0,U,,,,8,17,,,,,,,,0,0,000000000,00000000000,0,0,0,1,0,0,0,0,0,0,0,999,0,0,0,14,99,4,3,30,0,0,0,1,9,6706,1,1,0,0,2,0,70,999,98,1,1,1,0,11,2007,12,2009,1,21,0,0,0,1,2,30,4,1,2,1,0,0,14,6,1,9,4,6,1,1
9,90077,1,2,1,2,5,12,13,12,1,1,0,9,1,18,7,18007,4,1995,1G4AG5541S64,1,G,4,A,G,5,5,4,1,S,6,4,0,P,BUIC,CSP,4D,95,17,2986,,0,1049,,G,,0,0,000000000,00000000000,0,0,0,1,0,0,0,0,0,0,0,998,0,0,0,12,12,6,2,12,0,0,0,1,9,6010,6,1,0,0,3,0,63,999,98,0,0,0,0,0,0,0,0,1,4,0,0,0,1,3,30,1,1,2,1,1,3,1,8,1,1,1,20,1,0
9,90077,2,2,2,2,5,12,13,12,1,1,0,44,2,12,13,12013,4,1997,1FALP13P1VW2,1,F,A,L,P,1,3,P,1,V,W,2,0,P,FORD,EST,4D,97,17,2503,,0,984,,G,,0,0,000000000,00000000000,0,0,0,1,0,0,0,0,0,0,0,0,0,0,0,6,6,6,2,12,0,0,0,1,9,6032,6,1,0,0,3,0,69,999,98,0,0,0,0,0,0,0,0,0,0,0,0,0,1,2,30,1,1,2,1,1,3,5,53,1,1,1,21,0,0
9,90078,1,1,1,3,5,13,40,35,0,1,0,9,1,37,31,37031,4,2008,2HGFA16528H3,2,H,G,F,A,1,6,5,2,8,H,3,0,P,HOND,UCL,4D,8,17,2751,,0,1063,,G,,0,0,000000000,00000000000,0,0,0,1,0,0,0,0,0,0,0,998,0,0,0,12,12,6,2,35,0,0,0,1,9,6804,6,1,0,0,3,0,67,999,98,0,0,1,0,8,2008,8,2008,0,0,0,0,0,2,4,65,1,5,2,1,0,0,1,13,1,1,4,1,1,0
9,90079,1,2,1,8,5,16,53,12,7,1,0,50,1,7,482,7482,31,2003,1D7HU16N63J6,1,D,7,H,U,1,6,N,6,3,J,6,0,T,DODG,S15,PK,3,17,,2,1405,1205,RPC,G,,0,0,000000000,00000000000,0,0,0,1,0,0,0,0,0,0,0,65,0,0,0,1,12,6,2,8,0,0,0,1,50,5143,6,1,0,0,3,0,73,999,0,0,0,0,1,4,2009,4,2009,0,0,0,0,0,3,3,65,1,1,2,1,0,0,1,60,1,1,1,44,0,0
9,90079,2,2,1,8,5,16,53,12,7,1,0,9,1,49,32,49032,4,1995,1NXAE09B4SZ2,1,N,X,A,E,0,9,B,4,S,Z,2,0,P,TOYT,LED,4D,95,17,2381,,0,970,,G,,0,0,000000000,00000000000,0,0,0,1,0,0,0,0,0,0,0,65,0,0,0,11,12,6,2,12,0,0,0,1,9,6051,6,1,0,0,3,3,68,999,98,0,0,0,0,0,0,0,0,9,0,0,0,0,3,3,65,1,1,2,1,0,0,1,10,1,1,2,45,0,0
9,90080,1,1,1,14,5,0,8,42,0,1,0,36,1,35,443,35443,20,2000,4N2XN11T1YD8,4,N,2,X,N,1,1,T,1,Y,D,8,0,P,NISS,QST,SV,0,17,3738,,0,1122,,G,,0,0,000000000,00000000000,0,0,0,1,0,0,0,0,0,0,0,998,0,0,0,10,10,6,2,42,0,0,0,1,36,11385,6,1,0,0,3,3,69,999,1,0,0,0,1,9,2008,2,2010,1,0,0,0,0,3,3,65,1,9,2,1,0,0,1,12,7,3,4,2,1,1
9,90081,1,1,1,15,5,20,36,1,0,1,0,9,1,7,461,7461,42,1990,2B6JB31Z9LK7,2,B,6,J,B,3,1,Z,9,L,K,7,0,T,DODG,B35,IC,90,17,,2,0,1276,RMV,G,,0,0,000000000,00000000000,0,0,0,1,0,0,0,0,0,0,0,999,0,1,3,0,99,6,2,35,0,0,0,1,9,6424,6,1,0,0,3,0,68,999,98,0,0,0,0,0,0,0,0,0,0,0,0,0,2,2,65,1,1,2,1,0,0,1,12,9,1,4,6,1,1
9,90082,1,1,4,17,5,3,50,42,0,1,0,9,2,35,47,35047,4,2000,1N4DL01D8YC1,1,N,4,D,L,0,1,D,8,Y,C,1,0,P,NISS,AGS,4D,0,17,2754,,0,1031,,G,,0,0,000000000,00000000000,0,0,0,1,0,0,0,0,0,0,0,81,0,0,0,9,9,6,2,42,0,0,0,1,9,6120,0,0,0,0,0,0,999,999,98,0,0,0,0,0,0,0,0,1,36,0,0,0,1,2,30,1,2,2,1,0,0,1,13,7,3,4,2,3,1
9,90083,1,4,1,15,5,22,16,12,7,1,0,9,2,49,40,49040,4,1994,4T1GK12C4RU0,4,T,1,G,K,1,2,C,4,R,U,0,0,P,TOYT,CLE,CP,94,17,3064,,0,1031,,G,,0,0,000000000,00000000000,0,0,0,1,0,0,0,0,0,0,0,998,0,0,0,83,83,6,2,12,0,0,0,1,9,6902,6,1,0,0,3,0,67,999,98,0,0,0,0,0,0,0,0,0,0,0,0,0,3,3,55,1,5,2,1,0,0,1,61,1,1,1,44,0,0
9,90083,2,4,1,15,5,22,16,12,7,1,0,9,1,37,403,37403,14,2003,5J6YH28233L0,5,J,6,Y,H,2,8,2,3,3,L,0,0,P,HOND,ELE,UT,3,17,3489,,0,1014,,G,,0,0,000000000,00000000000,0,0,0,1,0,0,0,0,0,0,0,998,0,0,0,6,6,4,3,12,0,0,0,1,9,6605,6,1,0,0,3,0,64,999,98,0,0,0,0,0,0,0,0,0,0,0,0,0,3,3,55,1,5,2,1,0,0,1,61,1,1,1,98,0,0
9,90083,3,4,1,15,5,22,16,12,7,1,0,9,2,76,706,76706,80,2003,JYARJ06E43A0,J,Y,A,R,J,0,6,E,4,3,A,0,0,M,YAMA,R6L,RS,3,17,,,,,,,599,0,0,000000000,00000000000,0,0,0,1,0,0,0,0,0,0,0,998,0,0,0,11,99,6,2,12,0,0,0,1,9,6824,6,1,0,0,3,3,68,999,98,0,0,1,0,10,2008,10,2008,1,0,0,0,0,3,3,55,1,5,2,1,0,0,6,6,99,1,2,45,1,0
9,90083,4,4,1,15,5,22,16,12,7,1,1,99,9,99,999,99999,99,9999,999999999999,9,9,9,9,9,9,9,9,9,9,9,9,0,U,,,,9,17,,,,,,,,0,0,000000000,00000000000,0,0,0,1,0,0,0,0,0,0,0,999,0,0,0,99,99,9,1,12,0,0,0,1,99,99999,9,9,99,9,9,9,999,999,99,99,99,99,99,99,9999,99,9999,0,0,0,0,0,3,3,55,1,5,2,1,0,0,1,61,99,1,1,98,0,0
9,90084,1,2,1,21,5,0,32,31,0,1,0,9,1,37,706,37706,80,2002,1HFSC46052A0,1,H,F,S,C,4,6,0,5,2,A,0,0,M,HOND,XT8,RS,2,17,,,,,,,1795,0,0,000000000,00000000000,0,0,0,1,0,0,0,0,0,0,0,998,0,0,0,12,12,6,2,31,0,0,0,1,9,6331,6,1,0,0,3,0,67,999,98,0,0,0,0,0,0,0,0,1,0,0,0,0,1,2,35,4,3,2,1,0,0,14,6,3,4,4,2,1,1
9,90084,2,2,1,21,5,0,32,31,0,1,0,9,1,37,706,37706,80,2007,1HFSC46B77A5,1,H,F,S,C,4,6,B,7,7,A,5,0,M,HOND,VCF,RS,7,17,,,,,,,1795,0,0,000000000,00000000000,0,0,0,1,0,0,0,0,0,0,0,998,0,0,0,0,99,6,2,1,0,0,0,1,9,6331,6,1,0,0,3,0,70,999,98,0,0,0,1,5,2009,5,2009,0,0,0,0,0,1,2,35,4,3,2,1,0,0,14,52,8,2,3,98,0,0
9,90085,1,2,1,5,5,23,47,12,6,1,0,9,1,7,422,7422,15,2004,1D8HB58DX4F1,1,D,8,H,B,5,8,D,X,4,F,1,0,P,DODG,DUR,UT,4,17,4972,,0,1192,,G,,0,0,000000000,00000000000,0,0,0,1,0,0,0,0,0,0,0,45,0,0,0,12,12,6,2,12,0,0,0,1,9,6450,6,1,0,0,3,3,72,999,98,0,0,0,0,0,0,0,0,0,39,91,0,0,1,2,40,1,1,2,1,1,3,1,17,1,1,1,88,0,1
9,90085,2,2,2,5,5,23,47,12,6,1,0,9,2,12,17,12017,4,1999,1FAFP53U4XA1,1,F,A,F,P,5,3,U,4,X,A,1,0,P,FORD,TSE,4D,99,17,3353,,0,1085,,G,,0,0,000000000,00000000000,0,0,0,1,0,0,0,0,0,0,0,998,0,0,0,10,10,6,2,12,0,0,0,1,9,6479,6,1,0,0,3,0,70,999,98,0,0,0,0,0,0,0,0,0,0,0,0,0,1,2,30,1,6,2,1,1,3,1,17,1,1,1,89,1,1
9,90086,1,1,2,16,5,1,25,33,0,1,0,9,2,12,401,12401,14,1996,1FMDU34XXTUC,1,F,M,D,U,3,4,X,X,T,U,C,0,P,FORD,EPR,UT,96,17,4189,,0,1115,,G,,0,0,000000000,00000000000,0,0,0,1,0,0,0,0,0,0,0,998,0,1,5,14,99,6,2,1,0,0,0,1,9,6710,0,0,0,0,0,0,70,210,98,0,0,0,0,0,0,0,0,1,0,0,0,0,1,2,30,3,1,2,1,2,3,6,6,9,2,4,2,1,1
9,90087,1,1,1,23,5,14,17,30,0,1,0,9,1,72,706,72706,80,2006,1HD1FRW196Y6,1,H,D,1,F,R,W,1,9,6,Y,6,0,M,HD,FCI,RS,6,17,,,,,,,1450,0,0,000000000,00000000000,0,0,0,1,0,0,0,0,0,0,0,998,0,0,0,12,12,6,2,30,0,0,0,1,9,6010,6,1,0,0,3,0,72,999,98,0,0,0,0,0,0,0,0,1,0,0,0,0,6,2,25,3,1,2,1,0,0,14,13,99,9,4,1,1,1
9,90088,1,1,1,24,5,21,57,33,0,1,0,36,2,59,32,59032,4,1992,JT8UF11E2N01,J,T,8,U,F,1,1,E,2,N,0,1,0,P,LEXS,LS4,4D,92,17,3759,,0,1108,,G,,0,0,000000000,00000000000,0,0,0,1,0,0,0,0,0,0,0,45,0,1,5,14,12,6,2,30,0,0,0,1,9,6905,1,1,0,0,2,0,68,999,98,1,0,0,0,0,0,0,0,1,0,0,0,0,1,2,30,2,1,2,1,0,0,14,6,9,2,4,2,1,1
9,90089,1,2,2,26,5,11,54,12,6,1,0,9,2,35,47,35047,4,2003,1N4AL11D93C1,1,N,4,A,L,1,1,D,9,3,C,1,0,P,NISS,ABS,4D,3,17,2913,,0,1102,,G,,0,0,000000000,00000000000,0,0,0,1,0,0,0,0,0,0,0,998,0,0,0,12,12,6,2,12,0,0,0,1,9,6712,6,1,0,0,3,0,69,999,98,0,0,0,0,0,0,0,0,0,0,0,0,0,1,2,45,1,3,2,1,0,0,1,17,3,1,2,83,0,0
9,90089,2,2,1,26,5,11,54,12,6,1,0,9,1,20,22,20022,4,2007,1G1AL55F6773,1,G,1,A,L,5,5,F,6,7,7,3,0,P,CHEV,BLT,4D,7,17,3216,,0,1033,,G,,0,0,000000000,00000000000,0,0,0,1,0,0,0,0,0,0,0,998,0,0,0,9,9,6,2,12,0,0,0,1,9,6705,6,1,0,0,3,0,67,999,98,0,0,0,0,0,0,0,0,0,38,0,0,0,1,2,25,1,1,2,1,20,3,11,15,1,1,3,82,1,0
9,90090,1,2,1,30,5,3,26,12,6,1,0,9,1,53,706,53706,80,2003,JS1GT75A3321,J,S,1,G,T,7,5,A,3,3,2,1,0,M,SUZI,XR1,RS,3,17,,,,,,,988,0,0,000000000,00000000000,0,0,0,1,0,0,0,0,0,0,0,998,0,0,0,12,12,6,2,12,0,0,0,1,9,6516,6,1,0,0,3,0,66,999,98,0,0,0,1,4,2008,4,2008,0,0,0,0,0,1,2,25,1,1,2,1,2,3,1,17,3,2,1,83,1,0
9,90090,2,2,1,30,5,3,26,12,6,1,1,9,2,23,431,23431,16,2002,999999999999,9,9,9,9,9,9,9,9,9,9,9,9,0,U,,,,9,17,,,,,,,,0,0,000000000,00000000000,0,0,0,1,0,0,0,0,0,0,0,998,0,0,0,11,11,4,1,12,0,0,0,1,9,6516,1,1,0,0,2,0,999,999,99,99,99,99,99,99,9999,99,9999,0,39,92,0,0,1,2,25,1,1,2,1,2,3,11,15,1,1,3,82,0,1
9,90091,1,3,1,26,5,23,51,9,0,1,0,9,1,37,421,37421,15,2003,2HKYF18523H5,2,H,K,Y,F,1,8,5,2,3,H,5,0,P,HOND,PIL,UT,3,17,4439,,0,1063,,G,,0,0,000000000,00000000000,0,0,0,1,0,0,0,0,0,0,0,998,0,0,0,12,12,4,1,9,0,0,0,1,9,6108,6,1,0,0,3,0,62,999,98,0,0,0,0,0,0,0,0,0,0,0,0,0,1,4,35,1,1,2,1,0,0,1,84,1,1,1,13,0,0
9,90091,2,3,2,26,5,23,51,9,0,1,0,9,1,20,16,20016,4,2004,1G1JC12F9471,1,G,1,J,C,1,2,F,9,4,7,1,0,P,CHEV,CAV,CP,4,17,2617,,0,1041,,G,,0,0,000000000,00000000000,0,0,0,1,0,0,0,0,0,0,0,998,0,0,0,14,14,4,1,9,0,0,0,1,9,6042,6,1,0,0,3,0,67,999,98,0,0,1,1,4,2008,10,2009,0,0,0,0,0,1,4,35,1,1,2,1,0,0,1,83,1,1,1,98,0,0
9,90091,3,3,1,26,5,23,51,9,0,1,1,99,9,99,999,99999,99,9999,999999999999,9,9,9,9,9,9,9,9,9,9,9,9,0,U,,,,9,17,,,,,,,,0,0,000000000,00000000000,0,0,0,1,0,0,0,0,0,0,0,999,0,0,0,14,14,9,1,9,0,0,0,1,99,99999,9,9,99,9,9,9,999,999,99,99,99,99,99,99,9999,99,9999,0,0,0,0,0,1,4,35,1,1,2,1,0,0,1,83,99,1,1,98,0,0
9,90092,1,1,1,31,5,12,19,33,0,1,0,44,1,73,706,73706,80,1990,JKAZXDF15LB5,J,K,A,Z,X,D,F,1,5,L,B,5,0,M,KAWK,Z7F,RS,90,17,,,,,,,750,0,0,000000000,00000000000,0,0,0,1,0,0,0,0,0,0,0,50,0,0,0,14,12,6,2,1,0,0,0,1,44,6255,6,1,6,0,3,0,74,999,99,99,99,99,99,99,9999,99,9999,1,0,0,0,0,1,2,30,3,3,2,1,0,0,14,6,3,2,4,2,1,0