STATE,ST_CASE,VEH_NO,VE_FORMS,NUMOCCS,DAY,MONTH,HOUR,MINUTE,HARM_EV,MAN_COLL,UNITTYPE,HIT_RUN,REG_STAT,OWNER,MAKE,MODEL,MAK_MOD,BODY_TYP,MOD_YEAR,VIN,VIN_1,VIN_2,VIN_3,VIN_4,VIN_5,VIN_6,VIN_7,VIN_8,VIN_9,VIN_10,VIN_11,VIN_12,TOW_VEH,VINTYPE,VINMAKE,VINA_MOD,VIN_BT,VINMODYR,VIN_LNGT,VIN_WGT,WGTCD_TR,WHLBS_LG,WHLBS_SH,SER_TR,FUELCODE,MCYCL_DS,J_KNIFE,MCARR_I1,MCARR_I2,MCARR_ID,GVWR,V_CONFIG,CARGO_BT,HAZ_INV,HAZ_PLAC,HAZ_ID,HAZ_CNO,HAZ_REL,BUS_USE,SPEC_USE,EMER_USE,TRAV_SP,UNDERIDE,ROLLOVER,ROLINLOC,IMPACT1,IMPACT2,DEFORMED,TOWED,M_HARM,VEH_SC1,VEH_SC2,FIRE_EXP,DR_PRES,L_STATE,DR_ZIP,L_STATUS,L_TYPE,CDL_STAT,L_ENDORS,L_COMPL,L_RESTRI,DR_HGT,DR_WGT,PREV_ACC,PREV_SUS,PREV_DWI,PREV_SPD,PREV_OTH,FIRST_MO,FIRST_YR,LAST_MO,LAST_YR,SPEEDREL,DR_SF1,DR_SF2,DR_SF3,DR_SF4,VTRAFWAY,VNUM_LAN,VSPD_LIM,VALIGN,VPROFILE,VPAVETYP,VSURCOND,VTRAFCON,VTCONT_F,P_CRASH1,P_CRASH2,P_CRASH3,PCRASH4,PCRASH5,ACC_TYPE,DEATHS,DR_DRINK
9,90093,1,2,1,25,5,15,15,12,6,1,0,9,2,20,16,20016,4,1997,1G1JF5244V72,1,G,1,J,F,5,2,4,4,V,7,2,0,P,CHEV,CAS,4D,97,17,2729,,0,1041,,G,,0,0,000000000,00000000000,0,0,0,1,0,0,0,0,0,0,0,999,0,0,0,1,1,6,2,12,0,0,0,1,9,6514,6,1,0,0,3,0,64,999,98,0,0,0,1,6,2009,6,2009,0,38,0,0,0,1,2,25,1,1,2,1,1,3,11,15,1,1,1,68,0,0
9,90093,2,2,1,25,5,15,15,12,6,1,0,9,2,53,705,53705,80,2008,JS1VP53A2821,J,S,1,V,P,5,3,A,2,8,2,1,0,M,SUZI,SV6,RS,8,17,,,,,,,645,0,0,000000000,00000000000,0,0,0,1,0,0,0,0,0,0,0,998,0,0,0,12,12,6,2,12,0,0,0,1,9,6519,0,0,0,0,0,0,999,999,98,0,0,0,0,0,0,0,0,1,0,0,0,0,1,2,25,1,1,2,1,1,3,1,17,3,9,3,69,1,0
9,90094,1,1,1,27,5,11,26,8,0,1,0,9,1,12,23,12023,4,2007,3FAHP06Z17R1,3,F,A,H,P,0,6,Z,1,7,R,1,0,P,FORD,F/S,4D,7,17,3101,,0,1074,,G,,0,0,000000000,00000000000,0,0,0,1,0,0,0,0,0,0,0,998,0,0,0,12,12,4,3,8,0,0,0,1,9,6016,6,1,0,0,3,3,63,999,98,0,0,0,0,0,0,0,0,0,91,0,0,0,1,2,0,1,1,2,1,0,0,3,80,1,1,1,13,0,0
9,90095,1,1,1,3,6,22,29,9,0,1,1,9,2,18,18,18018,4,1995,1G4NV55M5SC4,1,G,4,N,V,5,5,M,5,S,C,4,0,P,BUIC,SLG,4D,95,17,2941,,0,1034,,G,,0,0,000000000,00000000000,0,0,0,1,0,0,0,0,0,0,0,998,0,0,0,12,12,4,1,9,0,0,0,1,9,6470,6,1,0,0,3,0,72,999,98,0,0,0,0,0,0,0,0,0,91,92,0,0,1,2,45,1,1,2,1,0,0,1,13,1,1,4,13,0,0
9,90096,1,1,1,4,6,18,50,59,0,1,0,9,1,59,401,59401,14,1999,JT6HF10U3X00,J,T,6,H,F,1,0,U,3,X,0,0,0,P,LEXS,RX3,UT,99,17,3900,,0,1031,,G,,0,0,000000000,00000000000,0,0,0,1,0,0,0,0,0,0,0,999,0,0,0,12,12,6,2,2,0,0,1,1,9,6248,6,1,0,0,3,0,72,999,98,0,0,1,2,7,2007,2,2010,1,0,0,0,0,1,2,50,4,1,2,1,0,0,14,13,1,1,4,1,1,1
9,90097,1,2,2,5,6,15,57,12,2,1,0,36,1,51,45,51045,4,2001,YV1TS94D3111,Y,V,1,T,S,9,4,D,3,1,1,1,0,P,VOLV,S80,4D,1,17,3616,,0,1099,,G,,0,0,000000000,00000000000,0,0,0,1,0,0,0,0,0,0,0,999,0,0,0,12,12,6,2,12,0,0,0,1,36,10025,6,1,0,0,3,0,72,999,99,99,99,99,99,99,9999,99,9999,1,0,0,0,0,1,3,50,1,2,2,1,0,0,1,62,1,1,3,50,0,0
9,90097,2,2,1,5,6,15,57,12,2,1,0,9,2,73,705,73705,80,1983,JKAKZFC17DB5,J,K,A,K,Z,F,C,1,7,D,B,5,0,M,KAWK,Z5C,RS,83,17,,,,,,,550,0,0,000000000,00000000000,0,0,0,1,0,0,0,0,0,0,0,998,0,0,0,12,12,6,2,12,0,0,0,1,9,6258,6,1,0,0,2,0,72,999,98,1,0,0,4,9,2008,3,2009,0,0,0,0,0,1,3,50,1,4,2,1,0,0,1,62,3,2,3,51,1,0
9,90098,1,1,1,6,6,21,14,25,0,1,0,36,1,51,45,51045,4,2009,YV1AR9926910,Y,V,1,A,R,9,9,2,6,9,1,0,0,P,VOLV,S8T,4D,9,17,4016,,0,1116,,G,,0,0,000000000,00000000000,0,0,0,1,0,0,0,0,0,0,0,998,0,0,0,12,12,6,2,2,0,0,1,1,36,10514,6,1,0,0,3,0,999,999,99,99,99,99,99,99,9999,99,9999,0,0,0,0,0,3,3,55,3,5,2,1,0,0,1,13,1,1,4,1,1,1
9,90099,1,2,1,7,6,17,35,12,2,1,0,9,1,49,472,49472,30,2010,5TENX4CN4AZ6,5,T,E,N,X,4,C,N,4,A,Z,6,0,T,TOYT,REG,PK,10,17,,1,0,1094,TAC,G,,0,0,000000000,00000000000,0,0,0,1,0,0,0,0,0,0,0,998,0,0,0,12,12,6,2,12,0,0,0,1,9,6511,6,1,0,0,3,0,69,999,98,2,0,1,2,5,2008,1,2010,0,0,0,0,0,1,2,35,1,1,2,1,0,0,1,62,1,1,3,50,0,0
9,90099,2,2,1,7,6,17,35,12,2,1,0,8,2,49,32,49032,4,1991,2T1AE94A7MC1,2,T,1,A,E,9,4,A,7,M,C,1,0,P,TOYT,CDF,4D,91,17,2394,,0,957,,G,,0,0,000000000,00000000000,0,0,0,1,0,0,0,0,0,0,0,998,0,0,0,12,12,6,2,12,0,0,0,1,9,6418,6,1,0,0,3,0,63,999,98,2,0,1,0,9,2008,11,2008,0,0,0,0,0,1,2,35,1,1,2,1,0,0,1,62,1,1,3,51,1,0
9,90100,3,1,1,8,6,2,22,14,0,1,0,42,3,51,881,51881,66,2006,4V4NC9GH66N4,4,V,4,N,C,9,G,H,6,6,N,4,1,T,VOLV,VNL,DS,6,17,,8,0,0,VVN,D,,1,57,0178566,570178566,3,6,1,1,0,0,0,0,0,0,0,68,0,0,0,12,12,6,2,14,0,0,0,1,23,4401,6,1,6,0,3,0,69,999,0,0,0,1,2,4,2008,11,2009,0,28,0,0,0,3,4,65,1,1,2,1,0,0,1,11,1,1,4,11,0,0
9,90101,1,2,1,8,6,13,21,12,6,1,0,9,1,37,31,37031,4,2000,1HGEJ6679YL0,1,H,G,E,J,6,6,7,9,Y,L,0,0,P,HOND,UCL,4D,0,17,2456,,0,1032,,G,,0,0,000000000,00000000000,0,0,0,1,0,0,0,0,0,0,0,998,0,0,0,9,9,6,2,12,0,0,0,1,9,6790,6,1,0,0,3,0,64,999,98,0,0,0,0,0,0,0,0,0,38,0,0,0,1,2,25,1,5,2,1,20,3,1,17,1,1,1,89,1,0
9,90101,2,2,1,8,6,13,21,12,6,1,0,9,2,20,461,20461,21,2010,1GCUGADX9A11,1,G,C,U,G,A,D,X,9,A,1,1,0,T,CHEV,E15,CG,10,17,,2,0,1350,EXP,G,,0,0,000000000,00000000000,0,0,0,1,0,0,0,0,0,0,0,998,0,0,0,12,12,6,2,12,0,0,0,1,9,6779,6,1,0,0,3,0,68,999,98,1,1,0,0,7,2007,7,2007,0,0,0,0,0,1,2,40,1,5,2,1,0,0,1,66,1,1,1,88,0,0
9,90102,1,2,1,9,6,17,10,24,0,1,0,9,3,12,481,12481,31,2002,1FTSX31F42EC,1,F,T,S,X,3,1,F,4,2,E,C,0,T,FORD,F3S,4C,2,17,,2,1580,1418,SRW,D,,0,0,000000000,00000000000,0,0,0,1,0,0,0,0,0,0,0,998,0,1,5,8,8,6,2,12,0,0,0,1,9,6412,6,1,6,0,3,0,75,999,98,0,0,0,0,0,0,0,0,0,0,0,0,0,1,2,45,1,1,2,2,0,0,1,62,7,1,1,98,0,0
9,90102,2,2,1,9,6,17,10,24,0,1,0,9,2,37,402,37402,14,2002,JHLRD78862C0,J,H,L,R,D,7,8,8,6,2,C,0,0,P,HOND,CRV,UT,2,17,3347,,0,1031,,G,,0,0,000000000,00000000000,0,0,0,1,0,0,0,0,0,0,0,998,0,1,5,12,10,6,2,42,0,0,0,1,9,6417,6,1,0,0,3,3,66,999,98,0,0,0,0,0,0,0,0,1,28,0,0,0,1,2,45,1,1,2,2,0,0,15,6,7,3,4,2,1,1
9,90103,1,2,1,11,6,23,33,12,1,1,0,34,3,51,881,51881,66,2006,4V4NC9GH96N4,4,V,4,N,C,9,G,H,9,6,N,4,1,T,VOLV,VNL,DS,6,17,,8,0,0,VVN,D,,1,57,1200859,571200859,3,6,1,1,0,0,0,0,0,0,0,0,0,0,0,6,6,6,2,12,0,0,0,1,34,7111,6,1,6,0,3,3,72,999,0,0,0,0,1,6,2008,6,2008,0,0,0,0,0,3,3,40,1,1,2,1,0,0,5,53,1,1,1,21,0,0
9,90103,2,2,1,11,6,23,33,12,1,1,0,92,0,37,31,37031,4,1994,JHMEG854XRS0,J,H,M,E,G,8,5,4,X,R,S,0,0,P,HOND,CDL,4D,94,17,2250,,0,1032,,G,,0,0,000000000,00000000000,0,0,0,1,0,0,0,0,0,0,0,998,0,0,0,12,12,6,2,12,0,0,0,1,9,6519,6,1,0,0,3,3,69,999,98,0,0,0,0,0,0,0,0,9,0,0,0,0,3,3,40,1,1,2,1,0,0,1,50,99,9,1,20,1,1
9,90104,1,1,1,13,6,19,14,24,0,1,0,25,1,37,31,37031,4,1997,2HGEJ6670VH5,2,H,G,E,J,6,6,7,0,V,H,5,0,P,HOND,UCL,4D,97,17,2426,,0,1032,,G,,0,0,000000000,00000000000,0,0,0,1,0,0,0,0,0,0,0,999,0,1,5,12,3,6,2,1,0,0,0,1,25,1760,0,0,0,0,0,0,999,999,0,0,0,0,0,0,0,0,0,1,0,0,0,0,2,3,55,1,1,2,1,0,0,1,6,7,3,4,2,1,1
9,90105,1,2,1,17,6,16,37,12,1,1,0,44,1,37,31,37031,4,2002,2HGES15182H5,2,H,G,E,S,1,5,1,8,2,H,5,0,P,HOND,UCD,4D,2,17,2421,,0,1031,,G,,0,0,000000000,00000000000,0,0,0,1,0,0,0,0,0,0,0,998,0,0,0,6,6,4,1,12,0,0,0,1,44,2889,6,1,0,0,3,0,66,195,0,0,0,0,0,0,0,0,0,0,0,0,0,0,1,3,55,1,1,2,1,0,0,1,53,1,1,1,25,0,0
9,90105,2,2,1,17,6,16,37,12,1,1,0,9,1,76,706,76706,80,2001,JYARJ04E61A0,J,Y,A,R,J,0,4,E,6,1,A,0,0,M,YAMA,R6L,RS,1,17,,,,,,,599,0,0,000000000,00000000000,0,0,0,1,0,0,0,0,0,0,0,998,0,0,0,12,12,6,2,24,0,0,0,1,9,6340,6,1,0,0,2,0,68,999,98,0,0,0,2,1,2009,12,2009,1,0,0,0,0,3,3,55,1,1,2,1,0,0,1,51,99,9,1,24,1,0
9,90106,1,1,2,20,6,1,54,35,0,1,0,9,1,20,421,20421,15,1996,1GNEK13R4TJ3,1,G,N,E,K,1,3,R,4,T,J,3,0,P,CHEV,KTA,UT,96,17,5144,,0,1175,,G,,0,0,000000000,00000000000,0,0,0,1,0,0,0,0,0,0,0,998,0,0,0,12,12,6,2,42,0,0,0,1,9,6877,6,1,0,0,3,0,73,999,98,1,0,1,0,7,2009,12,2009,1,0,0,0,0,1,2,25,2,2,2,1,0,0,14,6,7,2,4,7,1,1
9,90107,1,2,3,14,6,15,24,12,2,1,0,9,1,49,40,49040,4,1993,JT2SK11E1P01,J,T,2,S,K,1,1,E,1,P,0,1,0,P,TOYT,CAX,4D,93,17,2943,,0,1031,,G,,0,0,000000000,00000000000,0,0,0,1,0,0,0,0,0,0,0,998,0,0,0,12,12,6,2,12,0,0,0,1,9,6473,6,1,0,0,3,0,64,999,98,0,0,0,0,0,0,0,0,0,28,0,0,0,1,2,40,1,1,2,1,0,0,1,10,1,1,2,50,1,0
9,90107,2,2,1,14,6,15,24,12,2,1,0,9,2,7,41,7041,4,2000,2B3HD56U4YH4,2,B,3,H,D,5,6,U,4,Y,H,4,0,P,DODG,IES,4D,0,17,3403,,0,1130,,G,,0,0,000000000,00000000000,0,0,0,1,0,0,0,0,0,0,0,998,0,0,0,12,12,6,2,12,0,0,0,1,9,6483,6,1,0,0,3,3,76,999,98,0,0,0,0,0,0,0,0,0,0,0,0,0,1,2,40,1,1,2,1,0,0,1,62,9,1,1,51,0,0
9,90108,1,1,1,15,6,12,16,30,0,1,0,9,2,72,706,72706,80,2007,1HD1CX3197K4,1,H,D,1,C,X,3,1,9,7,K,4,0,M,HD,C1U,RS,7,17,,,,,,,1199,0,0,000000000,00000000000,0,0,0,1,0,0,0,0,0,0,0,998,0,0,0,12,12,6,2,30,0,0,0,1,9,6515,6,1,0,0,3,0,69,999,98,0,0,0,0,0,0,0,0,1,0,0,0,0,1,2,25,2,2,2,1,0,0,14,6,9,2,4,7,1,1
9,90109,1,2,1,23,6,1,49,12,2,1,0,9,1,12,481,12481,31,1998,1FTRX18L9WNA,1,F,T,R,X,1,8,L,9,W,N,A,0,T,FORD,F15,3C,98,17,,2,1570,1390,COF,G,,0,0,000000000,00000000000,0,0,0,1,0,0,0,0,0,0,0,999,0,0,0,12,12,6,2,12,0,0,0,1,9,6360,6,1,0,0,3,0,67,999,98,0,0,0,0,0,0,0,0,0,0,0,0,0,1,2,45,2,1,2,2,0,0,14,62,7,1,1,51,0,0
9,90109,2,2,2,23,6,1,49,12,2,1,0,12,1,35,402,35402,14,2004,5N1ED28T14C6,5,N,1,E,D,2,8,T,1,4,C,6,0,P,NISS,XTR,UT,4,17,3638,,0,1043,,G,,0,0,000000000,00000000000,0,0,0,1,0,0,0,0,0,0,0,999,0,0,0,12,12,6,2,12,0,0,0,1,12,6340,6,1,0,0,3,0,71,999,0,0,0,1,0,6,2009,6,2009,0,28,0,0,0,1,2,45,2,1,2,2,0,0,1,10,1,1,2,50,1,1
9,90110,1,1,1,25,6,1,44,33,0,1,0,9,1,49,482,49482,31,2008,5TFBV58178X0,5,T,F,B,V,5,8,1,7,8,X,0,0,T,TOYT,DBL,CW,8,17,,2,0,1457,TUN,G,,0,0,000000000,00000000000,0,0,0,1,0,0,0,0,0,0,0,998,0,0,0,14,12,6,2,19,0,0,0,1,9,6238,6,1,0,0,3,0,72,999,98,0,0,0,0,0,0,0,0,1,37,39,0,0,1,2,35,3,1,2,1,20,3,14,6,8,4,4,2,1,1
9,90111,1,2,1,4,6,12,58,12,6,1,0,9,1,12,37,12037,4,2009,1FAHP35N19W1,1,F,A,H,P,3,5,N,1,9,W,1,0,P,FORD,FSE,4D,9,17,2623,,0,1029,,G,,0,0,000000000,00000000000,0,0,0,1,0,0,0,0,0,0,0,998,0,0,0,61,61,6,2,12,0,0,0,1,9,6281,6,1,0,0,3,3,71,999,98,0,0,0,0,0,0,0,0,0,38,0,0,0,1,2,25,1,1,2,1,20,3,11,15,1,1,1,82,1,0
9,90111,2,2,1,4,6,12,58,12,6,1,0,9,1,49,442,49442,20,2004,5TDZA23C24S0,5,T,D,Z,A,2,3,C,2,4,S,0,0,P,TOYT,SIE,SV,4,17,4120,,0,1193,,G,,0,0,000000000,00000000000,0,0,0,1,0,0,0,0,0,0,0,998,0,0,0,12,12,6,2,12,0,0,0,1,9,6281,6,1,0,0,3,0,71,999,98,0,0,0,0,0,0,0,0,0,0,0,0,0,1,2,45,1,1,2,1,0,0,17,67,3,1,2,83,0,0
9,90112,1,1,2,26,6,18,34,30,0,1,0,9,1,59,35,59035,4,2002,JTHBD1923200,J,T,H,B,D,1,9,2,3,2,0,0,0,P,LEXS,IS3,4D,2,17,3255,,0,1051,,G,,0,0,000000000,00000000000,0,0,0,1,0,0,0,0,0,0,0,998,0,1,5,99,99,6,2,30,0,0,0,1,9,6374,6,1,0,0,3,0,73,999,98,0,0,1,1,6,2008,12,2009,1,0,0,0,0,1,2,45,1,1,2,1,0,0,1,6,99,9,4,7,1,0
9,90113,2,1,1,26,6,3,29,14,0,1,0,9,2,12,3,12003,1,2004,1FAFP45X54F1,1,F,A,F,P,4,5,X,5,4,F,1,0,P,FORD,MGT,CV,4,17,3254,,0,1013,,G,,0,0,000000000,00000000000,0,0,0,1,0,0,0,0,0,0,0,65,0,0,0,12,12,6,2,8,0,0,0,1,9,6489,6,1,0,0,3,0,74,999,98,0,0,0,0,0,0,0,0,0,0,0,0,0,3,3,65,1,1,2,1,0,0,1,12,1,1,4,11,0,1
9,90114,1,3,3,27,6,0,31,12,2,1,0,9,1,35,47,35047,4,2006,1N4AL11D06N3,1,N,4,A,L,1,1,D,0,6,N,3,0,P,NISS,ASL,4D,6,17,2915,,0,1102,,G,,0,0,000000000,00000000000,0,0,0,1,0,0,0,0,0,0,0,998,0,0,0,12,12,6,2,12,0,0,0,1,9,6033,6,1,0,0,3,0,63,999,98,0,0,0,0,0,0,0,0,0,0,0,0,0,3,1,65,1,3,2,1,0,0,1,54,1,1,1,51,2,1
9,90114,2,3,2,27,6,0,31,12,2,1,0,9,1,35,47,35047,4,2007,1N4AL21E97C1,1,N,4,A,L,2,1,E,9,7,C,1,0,P,NISS,ATS,4D,7,17,3042,,0,1093,,G,,0,0,000000000,00000000000,0,0,0,1,0,0,0,0,0,0,0,998,0,0,0,11,12,6,2,12,0,0,0,1,9,6010,6,1,0,0,3,0,68,999,98,0,0,0,0,0,0,0,0,0,0,0,0,0,3,1,65,1,3,2,1,0,0,1,54,7,1,3,98,0,0
9,90114,3,3,1,27,6,0,31,12,2,1,0,9,1,35,39,35039,4,2001,JN1CA31D01T6,J,N,1,C,A,3,1,D,0,1,T,6,0,P,NISS,M20,4D,1,17,3071,,0,1083,,G,,0,0,000000000,00000000000,0,0,0,1,0,0,0,0,0,0,0,998,0,0,0,12,12,6,2,12,0,0,0,1,9,6480,6,1,0,0,3,0,67,999,98,0,0,0,0,0,0,0,0,0,51,0,0,0,3,1,65,1,3,2,1,0,0,1,54,1,1,1,50,0,1
9,90115,1,1,1,27,6,14,2,30,0,1,0,9,1,12,481,12481,31,2008,1FTPX14V88FA,1,F,T,P,X,1,4,V,8,8,F,A,0,T,FORD,F15,4C,8,17,,2,1630,1330,COF,F,,0,0,000000000,00000000000,0,0,0,1,0,0,0,0,0,0,0,999,0,0,0,10,10,6,2,30,0,0,0,1,9,6249,6,1,0,0,3,0,73,999,98,0,0,0,0,0,0,0,0,0,0,0,0,0,1,2,35,4,1,2,1,0,0,14,13,7,3,4,2,1,1
9,90116,1,2,1,25,6,22,22,12,1,1,0,9,1,53,705,53705,80,2004,JS1NP41A4421,J,S,1,N,P,4,1,A,4,4,2,1,0,M,SUZI,LS6,RS,4,17,,,,,,,652,0,0,000000000,00000000000,0,0,0,1,0,0,0,0,0,0,0,998,0,0,0,6,6,6,2,12,0,0,0,1,9,6095,6,1,0,0,3,0,61,999,98,0,0,0,0,0,0,0,0,0,0,0,0,0,3,2,65,1,1,2,1,0,0,1,53,1,1,1,25,1,0
9,90116,2,2,1,25,6,22,22,12,1,1,0,25,1,12,37,12037,4,2003,1FAHP36363W2,1,F,A,H,P,3,6,3,6,3,W,2,0,P,FORD,FST,SW,3,17,2564,,0,1030,,G,,0,0,000000000,00000000000,0,0,0,1,0,0,0,0,0,0,0,998,0,0,0,12,12,6,2,12,0,0,0,1,9,6042,6,1,0,0,3,3,70,999,98,0,0,0,0,0,0,0,0,0,26,0,0,0,3,2,65,1,1,2,1,0,0,1,51,2,1,1,24,0,0
9,90117,1,1,1,26,6,2,16,53,0,1,0,9,1,12,17,12017,4,2003,1FAFP55243G1,1,F,A,F,P,5,5,2,4,3,G,1,0,P,FORD,TSS,4D,3,17,3329,,0,1085,,F,,0,0,000000000,00000000000,0,0,0,1,0,0,0,0,0,0,0,999,0,0,0,12,12,6,2,42,0,0,0,1,9,6441,0,0,0,0,0,0,64,999,98,0,0,0,0,0,0,0,0,0,0,0,0,0,1,2,25,1,2,2,1,0,0,1,13,1,1,4,1,1,1
9,90118,1,1,0,10,6,23,21,19,0,1,0,9,6,35,47,35047,4,1998,1N4DL01D5WC1,1,N,4,D,L,0,1,D,5,W,C,1,0,P,NISS,AGS,4D,98,17,2766,,0,1031,,G,,0,0,000000000,00000000000,0,0,0,1,0,0,0,0,0,0,0,998,0,0,0,7,10,4,3,8,0,0,0,0,,,,,,,,,999,,,,,,,,,,,,0,0,0,0,1,2,25,1,1,2,1,0,0,0,8,0,0,0,98,0,0
9,90119,1,1,1,28,6,21,42,24,0,1,0,9,2,7,43,7043,4,2000,1B3EJ46X4YN2,1,B,3,E,J,4,6,X,4,Y,N,2,0,P,DODG,SSE,4D,0,17,2937,,0,1080,,G,,0,0,000000000,00000000000,0,0,0,1,0,0,0,0,0,0,0,999,0,0,0,12,12,6,2,42,0,0,0,1,9,6033,6,1,0,0,3,3,71,999,98,0,0,0,0,0,0,0,0,0,0,0,0,0,2,2,65,1,1,2,1,0,0,1,13,6,1,4,1,1,1
9,90120,1,1,1,28,6,18,30,30,0,1,0,9,1,53,706,53706,80,2002,JS1GR7HA4221,J,S,1,G,R,7,H,A,4,2,2,1,0,M,SUZI,SX7,RS,2,17,,,,,,,749,0,0,000000000,00000000000,0,0,0,1,0,0,0,0,0,0,0,998,0,0,0,99,99,6,2,30,0,0,0,1,9,6018,6,1,0,0,3,0,68,999,98,1,1,0,0,7,2009,7,2009,0,0,0,0,0,1,2,0,2,1,2,1,0,0,14,13,99,1,4,1,1,0
9,90121,1,1,3,28,6,22,22,5,0,1,0,9,2,37,31,37031,2,1998,1HGEJ8241WL1,1,H,G,E,J,8,2,4,1,W,L,1,0,P,HOND,UAX,CP,98,17,2511,,0,1032,,G,,0,0,000000000,00000000000,0,0,0,1,0,0,0,0,0,0,0,999,0,0,0,0,0,0,3,5,0,0,0,1,9,6712,6,2,0,0,3,2,65,999,98,0,0,0,0,0,0,0,0,0,21,73,0,0,1,2,25,1,1,2,1,0,0,8,98,1,1,1,0,1,0
9,90122,1,1,1,17,6,0,45,33,0,1,0,9,1,73,705,73705,80,2001,JKAZX4J181A0,J,K,A,Z,X,4,J,1,8,1,A,0,0,M,KAWK,ZXJ,RS,1,17,,,,,,,600,0,0,000000000,00000000000,0,0,0,1,0,0,0,0,0,0,0,998,0,0,0,14,12,6,2,43,0,0,0,1,9,6854,6,1,0,0,2,0,72,999,98,0,0,0,1,9,2008,9,2008,1,0,0,0,0,1,2,25,1,1,2,1,0,0,1,6,1,1,4,6,1,0
9,90123,1,2,1,30,6,12,8,12,6,1,0,9,1,53,705,53705,80,2006,JS1GN79A4621,J,S,1,G,N,7,9,A,4,6,2,1,0,M,SUZI,GX6,RS,6,17,,,,,,,600,0,0,000000000,00000000000,0,0,0,1,0,0,0,0,0,0,0,50,0,0,0,83,3,6,2,12,0,0,0,1,9,6019,6,1,0,0,2,0,72,999,98,1,0,2,5,4,2008,12,2008,1,33,0,0,0,1,2,35,1,1,2,1,0,0,6,60,3,4,2,73,1,0
9,90123,2,2,1,30,6,12,8,12,6,1,0,0,0,98,998,98998,92,9999,XL466680,X,L,4,6,6,6,8,0,,,,,0,P,,,,,,,,,,,,,0,0,000000000,00000000000,0,0,0,1,0,0,0,0,0,0,0,998,0,0,0,8,8,0,3,12,0,0,0,1,9,6035,6,1,0,0,1,0,71,999,98,0,0,0,0,0,0,0,0,0,0,0,0,0,1,2,35,1,1,2,1,0,0,11,15,1,1,2,72,0,0
9,90124,1,3,1,25,6,23,53,12,7,1,0,9,1,53,706,53706,80,2001,JS1GW71A3121,J,S,1,G,W,7,1,A,3,1,2,1,0,M,SUZI,GXR,RS,1,17,,,,,,,1299,0,0,000000000,00000000000,0,0,0,1,0,0,0,0,0,0,0,110,0,0,0,81,99,6,2,12,0,0,0,1,9,6708,6,1,0,0,3,0,73,999,98,0,0,0,0,0,0,0,0,1,26,36,28,0,1,2,35,1,2,2,1,0,0,1,6,8,1,2,44,1,0
9,90124,2,3,2,25,6,23,53,12,7,1,0,9,1,53,706,53706,80,2002,JS1GW71A6221,J,S,1,G,W,7,1,A,6,2,2,1,0,M,SUZI,GXR,RS,2,17,,,,,,,1299,0,0,000000000,00000000000,0,0,0,1,0,0,0,0,0,0,0,998,0,0,0,7,7,4,1,12,0,0,0,1,9,6705,1,1,0,0,2,0,76,999,98,1,0,2,0,4,2010,6,2010,0,0,0,0,0,1,2,35,1,2,2,1,0,0,2,53,4,1,1,45,0,0
9,90124,3,3,1,25,6,23,53,12,7,1,0,9,1,35,39,35039,4,2000,JN1CA31D7YT7,J,N,1,C,A,3,1,D,7,Y,T,7,0,P,NISS,MGS,4D,0,17,3071,,0,1083,,G,,0,0,000000000,00000000000,0,0,0,1,0,0,0,0,0,0,0,998,0,0,0,12,12,6,2,12,0,0,0,1,9,6704,6,1,0,0,3,0,64,999,98,0,0,0,0,0,0,0,0,0,0,0,0,0,1,2,35,1,2,2,1,0,0,1,62,9,1,1,98,0,0
9,90125,1,2,1,24,6,15,54,12,1,1,0,9,1,34,34,34034,4,1996,WDBJF55F9TJ0,W,D,B,J,F,5,5,F,9,T,J,0,0,P,MERZ,E32,4D,96,17,3485,,0,1115,,G,,0,0,000000000,00000000000,0,0,0,1,0,0,0,0,0,0,0,999,0,0,0,12,12,6,2,12,0,0,0,1,9,6457,6,1,0,0,3,0,70,999,98,1,0,1,1,1,2010,4,2010,0,0,0,0,0,3,2,55,1,1,2,1,0,0,1,51,1,1,1,24,0,0
9,90125,2,2,1,24,6,15,54,12,1,1,0,9,1,20,37,20037,4,2004,1G1ND52FX4M6,1,G,1,N,D,5,2,F,X,4,M,6,0,P,CHEV,CLA,4D,4,17,3106,,0,1070,,G,,0,0,000000000,00000000000,0,0,0,1,0,0,0,0,0,0,0,999,0,0,0,6,6,6,2,12,0,0,0,1,9,6450,6,1,0,0,3,0,64,999,98,0,0,0,0,0,0,0,0,0,0,0,0,0,3,2,55,1,1,2,1,0,0,1,53,1,1,1,25,1,0
9,90126,1,1,1,2,7,22,56,30,0,1,0,9,1,72,706,72706,80,1992,1HD1EAL16NY1,1,H,D,1,E,A,L,1,6,N,Y,1,0,M,HD,FXR,RS,92,17,,,,,,,1340,0,0,000000000,00000000000,0,0,0,1,0,0,0,0,0,0,0,998,0,0,0,12,12,6,2,30,0,0,0,1,9,6260,6,1,6,0,2,0,76,999,98,0,0,1,1,12,2008,12,2008,1,0,0,0,0,1,2,40,2,2,2,1,0,0,14,6,1,1,4,1,1,1
9,90127,1,1,1,3,7,15,2,8,0,1,0,9,1,76,706,76706,80,1999,JYARN02E7XA0,J,Y,A,R,N,0,2,E,7,X,A,0,0,M,YAMA,YFR,RS,99,17,,,,,,,998,0,0,000000000,00000000000,0,0,0,1,0,0,0,0,0,0,0,40,0,0,0,12,12,6,2,8,0,0,0,1,9,6076,6,1,0,0,2,0,70,999,98,0,0,0,0,0,0,0,0,0,0,0,0,0,1,2,30,9,9,2,1,0,0,1,83,3,1,3,13,1,1
9,90128,1,1,1,4,7,9,0,1,0,1,0,9,1,34,706,34706,80,2010,WD105170XAZV,W,D,1,0,5,1,7,0,X,A,Z,V,0,U,,,,,17,,,,,,,,0,0,000000000,00000000000,0,0,0,1,0,0,0,0,0,0,0,999,0,0,0,0,12,6,2,24,0,0,0,1,9,6902,6,1,0,0,2,0,77,999,98,0,0,2,0,6,2008,7,2009,1,0,0,0,0,1,2,45,3,1,2,1,0,0,14,6,3,4,4,98,1,0