STATE,ST_CASE,VEH_NO,VE_FORMS,NUMOCCS,DAY,MONTH,HOUR,MINUTE,HARM_EV,MAN_COLL,UNITTYPE,HIT_RUN,REG_STAT,OWNER,MAKE,MODEL,MAK_MOD,BODY_TYP,MOD_YEAR,VIN,VIN_1,VIN_2,VIN_3,VIN_4,VIN_5,VIN_6,VIN_7,VIN_8,VIN_9,VIN_10,VIN_11,VIN_12,TOW_VEH,VINTYPE,VINMAKE,VINA_MOD,VIN_BT,VINMODYR,VIN_LNGT,VIN_WGT,WGTCD_TR,WHLBS_LG,WHLBS_SH,SER_TR,FUELCODE,MCYCL_DS,J_KNIFE,MCARR_I1,MCARR_I2,MCARR_ID,GVWR,V_CONFIG,CARGO_BT,HAZ_INV,HAZ_PLAC,HAZ_ID,HAZ_CNO,HAZ_REL,BUS_USE,SPEC_USE,EMER_USE,TRAV_SP,UNDERIDE,ROLLOVER,ROLINLOC,IMPACT1,IMPACT2,DEFORMED,TOWED,M_HARM,VEH_SC1,VEH_SC2,FIRE_EXP,DR_PRES,L_STATE,DR_ZIP,L_STATUS,L_TYPE,CDL_STAT,L_ENDORS,L_COMPL,L_RESTRI,DR_HGT,DR_WGT,PREV_ACC,PREV_SUS,PREV_DWI,PREV_SPD,PREV_OTH,FIRST_MO,FIRST_YR,LAST_MO,LAST_YR,SPEEDREL,DR_SF1,DR_SF2,DR_SF3,DR_SF4,VTRAFWAY,VNUM_LAN,VSPD_LIM,VALIGN,VPROFILE,VPAVETYP,VSURCOND,VTRAFCON,VTCONT_F,P_CRASH1,P_CRASH2,P_CRASH3,PCRASH4,PCRASH5,ACC_TYPE,DEATHS,DR_DRINK
9,90167,1,1,1,18,8,6,51,42,0,1,0,36,1,55,35,55035,4,2001,KMHDN45D41U0,K,M,H,D,N,4,5,D,4,1,U,0,0,P,HYUN,EST,4D,1,17,2635,,0,1027,,G,,0,0,000000000,00000000000,0,0,0,1,0,0,0,0,0,0,0,70,0,0,0,12,12,6,2,42,0,0,1,1,36,10452,6,1,0,0,3,0,999,999,0,0,0,0,0,0,0,0,0,1,28,0,0,0,3,2,55,1,1,2,1,0,0,99,13,1,1,4,1,1,0
9,90168,1,1,1,26,9,17,43,34,0,1,0,9,1,77,706,77706,80,2008,5VPAB26D4830,5,V,P,A,B,2,6,D,4,8,3,0,0,M,VCTY,8BA,RS,8,17,,,,,,,1634,0,0,000000000,00000000000,0,0,0,1,0,0,0,0,0,0,0,998,0,0,0,12,12,6,2,43,0,0,0,1,9,6480,6,1,0,0,3,0,69,999,98,0,0,0,1,6,2009,6,2009,0,0,0,0,0,1,2,25,4,2,2,1,0,0,14,13,7,9,4,1,1,0
9,90169,1,1,1,18,8,16,41,8,0,1,1,36,2,58,421,58421,15,2008,5N3AA08C28N9,5,N,3,A,A,0,8,C,2,8,N,9,0,P,INFI,QX5,UT,8,17,5903,,0,1232,,G,,0,0,000000000,00000000000,0,0,0,1,0,0,0,0,0,0,0,998,0,0,0,3,3,2,1,8,0,0,0,1,36,6840,6,1,0,0,3,0,64,999,0,1,0,0,0,10,2008,10,2008,0,38,0,0,0,1,2,35,1,1,2,1,0,0,1,82,1,1,9,13,0,0
9,90170,1,1,1,30,9,4,32,8,0,1,0,45,3,84,881,84881,66,1999,2HSFHAER3XC0,2,H,S,F,H,A,E,R,3,X,C,0,1,T,INTL,940,TM,99,17,,8,2340,1600,90S,D,,1,57,1162196,571162196,3,6,1,1,0,0,0,0,0,0,0,998,0,0,0,12,12,2,1,8,0,0,0,1,12,33415,6,1,6,0,3,0,68,999,0,2,0,0,1,9,2009,2,2010,0,0,0,0,0,3,5,55,4,5,2,2,0,0,14,80,9,1,3,13,0,0
9,90171,1,1,2,9,9,18,42,9,0,1,0,9,2,49,46,49046,5,2010,JTDKN3DU1A00,J,T,D,K,N,3,D,U,1,A,0,0,0,P,TOYT,PRI,4H,10,17,3042,,0,1063,,B,,0,0,000000000,00000000000,0,0,0,1,0,0,0,0,0,0,0,998,0,0,0,12,12,6,2,9,36,0,0,1,9,6237,6,1,0,0,3,3,66,999,98,0,0,0,0,0,0,0,0,0,0,0,0,0,1,2,40,1,5,2,1,0,0,1,83,99,1,1,13,0,0
9,90172,1,2,2,18,9,12,31,12,2,1,0,9,1,12,18,12018,3,1993,1ZVCT20A4P51,1,Z,V,C,T,2,0,A,4,P,5,1,0,P,FORD,PBS,2H,93,17,0,,0,1029,,G,,0,0,000000000,00000000000,0,0,0,1,0,0,0,0,0,0,0,998,0,0,0,12,12,6,2,12,0,0,0,1,9,6484,6,1,6,0,3,0,67,999,98,0,0,0,3,12,2008,2,2010,0,0,0,0,0,1,2,45,1,1,2,1,0,0,1,62,99,1,1,51,2,0
9,90172,2,2,1,18,9,12,31,12,2,1,0,9,1,35,51,35051,6,2009,JN8AS58V39W1,J,N,8,A,S,5,8,V,3,9,W,1,0,P,NISS,ROG,UT,9,17,3435,,0,1059,,G,,0,0,000000000,00000000000,0,0,0,1,0,0,0,0,0,0,0,998,0,0,0,12,12,6,2,12,0,0,0,1,9,6512,6,1,0,0,3,0,64,999,98,0,0,0,1,6,2009,6,2009,0,28,0,0,0,1,2,45,1,1,2,1,0,0,1,10,99,1,2,50,0,0
9,90173,1,2,1,2,9,12,50,12,1,1,0,9,1,59,403,59403,14,2005,2T2HA31UX5C0,2,T,2,H,A,3,1,U,X,5,C,0,0,P,LEXS,R33,UT,5,17,3860,,0,1069,,G,,0,0,000000000,00000000000,0,0,0,1,0,0,0,0,0,0,0,5,0,0,0,6,12,6,2,25,0,0,0,1,9,6092,6,1,0,0,3,0,75,999,98,0,0,0,0,0,0,0,0,0,0,0,0,0,3,4,65,1,1,2,1,0,0,2,53,1,1,1,29,1,0
9,90173,2,2,1,2,9,12,50,12,1,1,0,9,1,12,401,12401,14,2002,1FMYU70E92UB,1,F,M,Y,U,7,0,E,9,2,U,B,0,P,FORD,EPR,UT,2,17,4060,,0,1018,,G,,0,0,000000000,00000000000,0,0,0,1,0,0,0,0,0,0,0,65,0,0,0,12,12,6,2,12,0,0,0,1,9,6109,6,1,0,0,3,0,68,999,98,0,0,0,0,0,0,0,0,0,0,0,0,0,3,4,65,1,1,2,1,0,0,1,52,7,1,1,28,0,0
9,90174,1,1,2,9,9,18,40,8,0,1,0,9,1,6,54,6054,6,2007,2A8GM68X17R2,2,A,8,G,M,6,8,X,1,7,R,2,0,P,CHRY,PIF,UT,7,17,4388,,0,1163,,G,,0,0,000000000,00000000000,0,0,0,1,0,0,0,0,0,0,0,999,0,0,0,6,6,0,1,8,0,0,0,1,9,6073,6,1,0,0,3,3,69,999,98,0,0,0,1,11,2009,11,2009,0,91,92,0,0,1,2,25,1,1,2,1,0,0,13,80,1,1,7,92,0,0
9,90175,1,1,1,19,9,1,27,24,0,1,0,9,2,20,401,20401,14,1992,1GNDT13W0N22,1,G,N,D,T,1,3,W,0,N,2,2,0,P,CHEV,S10,UT,92,17,3697,,0,1070,,G,,0,0,000000000,00000000000,0,0,0,1,0,0,0,0,0,0,0,998,0,2,2,12,12,6,2,30,0,0,0,1,9,6708,6,1,0,0,3,0,74,999,98,1,0,4,0,4,2009,11,2009,0,0,0,0,0,1,2,45,1,1,2,1,0,0,1,12,1,1,4,6,1,0
9,90176,1,1,1,17,9,21,31,8,0,1,0,9,2,2,404,2404,14,2000,1J4GW48S9YC2,1,J,4,G,W,4,8,S,9,Y,C,2,0,T,JEEP,LRO,4W,0,17,,1,0,1059,GCK,G,,0,0,000000000,00000000000,0,0,0,1,0,0,0,0,0,0,0,999,0,0,0,12,12,6,2,8,0,0,0,1,9,6053,6,1,0,0,3,0,68,999,98,0,0,0,0,0,0,0,0,0,28,0,0,0,1,2,40,1,1,2,1,0,0,1,13,1,1,4,13,0,0
9,90177,1,1,1,3,10,4,37,30,0,1,0,9,1,51,43,51043,4,1998,YV1LS5546W14,Y,V,1,L,S,5,5,4,6,W,1,4,0,P,VOLV,S70,4D,98,17,3152,,0,1049,,G,,0,0,000000000,00000000000,0,0,0,1,0,0,0,0,0,0,0,999,0,0,0,12,6,6,2,42,0,0,0,1,9,6604,6,1,0,0,3,3,71,999,98,0,0,0,0,0,0,0,0,1,0,0,0,0,2,3,55,1,1,2,1,0,0,1,13,3,9,4,1,1,1
9,90178,1,3,2,5,10,11,43,12,6,1,0,9,2,49,401,49401,14,2000,JT3HN86R4Y03,J,T,3,H,N,8,6,R,4,Y,0,3,0,P,TOYT,RUN,UT,0,17,3885,,0,1053,,G,,0,0,000000000,00000000000,0,0,0,1,0,0,0,0,0,0,0,999,0,0,0,12,12,4,3,12,0,0,0,1,9,6851,6,1,0,0,3,0,63,999,98,0,0,0,0,0,0,0,0,0,0,0,0,0,3,3,65,1,1,2,2,0,0,1,74,9,1,1,98,0,0
9,90178,2,3,1,5,10,11,43,12,6,1,0,37,3,82,881,82881,66,1998,1FUYSSZB9WL9,1,F,U,Y,S,S,Z,B,9,W,L,9,1,T,FRHT,FC2,DS,98,17,,8,0,0,CON,D,,1,57,1820310,571820310,3,6,1,1,0,0,0,0,0,0,0,998,0,0,0,12,12,6,2,12,0,0,0,1,37,27265,6,1,6,0,3,3,73,999,0,0,0,2,5,12,2008,7,2010,0,0,0,0,0,3,3,55,1,1,2,2,0,0,1,74,3,1,1,98,0,0
9,90178,3,3,1,5,10,11,43,12,6,1,0,9,1,30,40,30040,4,2000,3VWSC29M4YM1,3,V,W,S,C,2,9,M,4,Y,M,1,0,P,VOLK,JGS,4D,0,17,2870,,0,989,,G,,0,0,000000000,00000000000,0,0,0,1,0,0,0,0,0,0,0,999,0,0,0,11,3,6,2,12,0,0,0,1,9,6606,6,1,0,0,3,0,70,999,98,0,0,0,0,0,0,0,0,1,0,0,0,0,6,1,25,2,8,2,2,0,0,16,6,1,4,7,98,1,0
9,90179,1,2,1,9,10,9,28,12,2,1,0,9,2,48,401,48401,14,2003,JF1SG65683H7,J,F,1,S,G,6,5,6,8,3,H,7,0,P,SUBA,FOR,UT,3,17,3095,,0,994,,G,,0,0,000000000,00000000000,0,0,0,1,0,0,0,0,0,0,0,998,0,0,0,12,12,6,2,12,0,0,0,1,9,6226,6,1,0,0,3,3,77,999,98,0,0,0,0,0,0,0,0,0,28,0,0,0,1,2,30,4,2,2,1,0,0,14,10,7,9,2,50,0,0
9,90179,2,2,2,9,10,9,28,12,2,1,0,9,1,12,481,12481,31,1996,1FTEF15Y3TLA,1,F,T,E,F,1,5,Y,3,T,L,A,0,T,FORD,F15,PK,96,17,,2,1330,1170,COF,G,,0,0,000000000,00000000000,0,0,0,1,0,0,0,0,0,0,0,998,0,0,0,12,12,6,2,12,0,0,0,1,9,6238,6,1,0,0,3,0,70,999,98,0,0,1,1,7,2008,2,2010,0,0,0,0,0,1,2,30,2,4,2,1,0,0,14,62,1,1,1,51,1,0
9,90180,1,2,1,12,10,9,48,12,8,1,0,9,3,87,881,87881,63,2004,2NPNHD7X54M8,2,N,P,N,H,D,7,X,5,4,M,8,0,T,PTRB,330,CC,4,17,,7,0,0,CON,D,,0,57,0895221,570895221,3,2,4,1,0,0,0,0,0,0,0,25,0,0,0,11,12,6,2,12,0,0,0,1,9,6013,6,1,6,0,3,0,66,999,98,0,0,0,1,6,2009,6,2009,0,0,0,0,0,1,3,40,2,6,2,1,28,3,14,62,7,1,1,65,0,0
9,90180,2,2,1,12,10,9,48,12,8,1,0,9,2,37,32,37032,4,1994,1HGCD5648RA0,1,H,G,C,D,5,6,4,8,R,A,0,0,P,HOND,ULE,4D,94,17,2842,,0,1069,,G,,0,0,000000000,00000000000,0,0,0,1,0,0,0,0,0,0,0,999,0,0,0,10,10,6,2,12,0,0,0,1,9,6085,6,1,0,0,3,0,69,999,98,0,0,0,0,0,0,0,0,0,28,0,0,0,1,3,40,2,5,2,1,28,3,14,10,1,1,2,64,1,1
9,90181,1,2,2,5,8,20,20,12,6,1,0,9,2,37,31,37031,2,2004,1HGEM21184L0,1,H,G,E,M,2,1,1,8,4,L,0,0,P,HOND,CVP,CP,4,17,0,,0,1031,,G,,0,0,000000000,00000000000,0,0,0,1,0,0,0,0,0,0,0,999,0,0,0,9,9,6,2,12,0,0,0,1,9,6791,6,1,0,0,3,0,69,999,98,0,0,0,0,0,0,0,0,9,51,0,0,0,1,2,35,3,1,2,1,0,0,14,10,1,3,2,64,2,1
9,90181,2,2,1,5,8,20,20,12,6,1,0,9,3,20,481,20481,31,1997,2GCEC19R0V11,2,G,C,E,C,1,9,R,0,V,1,1,0,T,CHEV,GC1,PC,97,17,,2,1555,1415,GM4,G,,0,0,000000000,00000000000,0,0,0,1,0,0,0,0,0,0,0,999,0,0,0,12,12,6,2,12,0,0,0,1,9,6791,6,1,0,0,3,0,70,999,98,0,0,0,0,0,0,0,0,0,0,0,0,0,1,2,35,2,1,2,1,0,0,14,54,2,1,1,65,0,0
9,90182,1,2,1,13,10,8,4,12,6,1,0,9,1,12,481,12481,31,1997,1FTEX18L6VNB,1,F,T,E,X,1,8,L,6,V,N,B,0,T,FORD,F15,3C,97,17,,2,1570,1390,COF,G,,0,0,000000000,00000000000,0,0,0,1,0,0,0,0,0,0,0,999,0,0,0,11,12,6,2,12,0,0,0,1,9,6757,6,1,0,0,3,3,70,999,98,0,0,0,0,0,0,0,0,0,0,0,0,0,1,2,35,1,5,2,1,28,3,11,15,1,1,2,72,0,0
9,90182,2,2,2,13,10,8,4,12,6,1,0,9,2,12,481,12481,31,1996,2FTHF36F5TCA,2,F,T,H,F,3,6,F,5,T,C,A,0,T,FORD,F35,PK,96,17,,2,0,1330,COF,D,,0,0,000000000,00000000000,0,0,0,1,0,0,0,0,0,0,0,999,0,1,5,12,12,6,2,1,0,0,0,1,9,6777,6,1,0,0,3,0,66,999,98,0,0,0,3,3,2010,8,2010,0,33,0,0,0,1,2,35,1,5,2,1,28,3,6,60,7,1,2,73,1,0
9,90183,1,1,2,21,8,22,54,8,0,1,0,9,2,49,442,49442,20,2002,4T3ZF13C32U4,4,T,3,Z,F,1,3,C,3,2,U,4,0,P,TOYT,SIE,SV,2,17,3932,,0,1142,,G,,0,0,000000000,00000000000,0,0,0,1,0,0,0,0,0,0,0,60,0,0,0,12,12,4,3,8,0,0,0,1,9,6518,6,1,0,0,3,0,66,999,98,0,0,0,0,0,0,0,0,1,0,0,0,0,3,3,55,1,1,2,1,0,0,1,80,98,1,1,13,0,0
9,90184,1,2,1,14,10,20,9,12,6,1,0,9,1,73,706,73706,80,2005,JKBVNKB135A0,J,K,B,V,N,K,B,1,3,5,A,0,0,M,KAWK,KMS,RS,5,17,,,,,,,1552,0,0,000000000,00000000000,0,0,0,1,0,0,0,0,0,0,0,998,0,0,0,12,12,6,2,12,0,0,0,1,9,6238,6,1,0,0,3,0,69,999,98,2,0,1,1,7,2008,7,2009,0,0,0,0,0,1,3,40,1,5,2,2,0,0,1,70,1,1,1,77,1,0
9,90184,2,2,1,14,10,20,9,12,6,1,0,9,2,7,442,7442,20,1997,2B4GP45R0VR3,2,B,4,G,P,4,5,R,0,V,R,3,0,P,DODG,CAR,SV,97,17,3647,,0,1133,,G,,0,0,000000000,00000000000,0,0,0,1,0,0,0,0,0,0,0,998,0,0,0,5,5,6,2,12,0,0,0,1,9,6107,6,1,0,0,3,0,62,999,98,0,0,0,0,0,0,0,0,0,38,0,0,0,1,3,40,1,5,2,2,0,0,11,15,1,1,3,76,0,0
9,90185,1,1,1,21,8,22,4,57,0,1,0,9,2,73,705,73705,80,2005,JKAKLEA105DA,J,K,A,K,L,E,A,1,0,5,D,A,0,M,KAWK,KL6,RT,5,17,,,,,,,651,0,0,000000000,00000000000,0,0,0,1,0,0,0,0,0,0,0,999,0,0,0,12,12,6,2,57,35,0,0,1,9,6424,6,1,0,0,2,0,70,999,98,1,1,0,0,10,2008,10,2008,9,24,92,0,0,1,2,30,2,1,2,1,0,0,14,12,3,2,4,7,1,1
9,90186,3,1,1,16,10,2,26,8,0,1,1,9,1,13,401,13401,14,2003,5LMEU78H13ZJ,5,L,M,E,U,7,8,H,1,3,Z,J,0,P,LINC,AVI,UT,3,17,5002,,0,1137,,G,,0,0,000000000,00000000000,0,0,0,1,0,0,0,0,0,0,0,998,0,0,0,12,12,4,1,8,0,0,0,1,9,6905,6,1,0,0,3,3,65,999,98,0,0,1,2,9,2009,4,2010,0,91,0,0,0,3,3,55,1,3,2,2,0,0,1,13,1,1,4,13,0,1
9,90187,1,3,1,2,8,15,39,12,1,1,0,9,1,72,706,72706,80,2000,1HD1FBW12YY6,1,H,D,1,F,B,W,1,2,Y,Y,6,0,M,HD,LRI,RS,0,17,,,,,,,1450,0,0,000000000,00000000000,0,0,0,1,0,0,0,0,0,0,0,998,0,0,0,12,12,6,2,54,0,0,0,1,9,6351,6,1,0,0,3,0,69,999,98,0,0,0,0,0,0,0,0,0,0,0,0,0,1,2,45,1,1,2,1,0,0,1,62,1,1,1,98,1,0
9,90187,2,3,2,2,8,15,39,12,1,1,0,9,2,20,401,20401,14,1998,1GNDT13W2W21,1,G,N,D,T,1,3,W,2,W,2,1,0,P,CHEV,BZR,UT,98,17,4046,,0,1070,,G,,0,0,000000000,00000000000,0,0,0,1,0,0,0,0,0,0,0,0,0,0,0,6,12,6,2,12,0,0,0,1,9,6415,6,1,0,0,3,0,69,999,98,0,0,0,2,12,2008,4,2010,0,0,0,0,0,1,2,45,1,1,2,1,0,0,5,53,1,1,1,21,0,0
9,90187,3,3,1,2,8,15,39,12,1,1,0,9,1,23,421,23421,15,2007,1GKFK66847J2,1,G,K,F,K,6,6,8,4,7,J,2,0,T,GMC,DXL,LL,7,17,,2,0,1300,YUK,G,,0,0,000000000,00000000000,0,0,0,1,0,0,0,0,0,0,0,998,0,0,0,12,12,6,2,12,0,0,0,1,9,6419,6,1,0,0,3,0,71,999,98,0,0,1,0,9,2009,9,2009,9,26,0,0,0,1,2,45,1,1,2,1,0,0,1,50,4,1,1,20,0,0
9,90188,1,1,3,17,10,2,57,30,0,1,1,23,2,48,34,48034,4,2004,4S3BE6250472,4,S,3,B,E,6,2,5,0,4,7,2,0,P,SUBA,LSE,4D,4,17,3255,,0,1043,,G,,0,0,000000000,00000000000,0,0,0,1,0,0,0,0,0,0,0,998,0,0,0,2,2,4,1,30,0,0,0,1,23,4543,2,1,0,0,2,3,68,185,1,10,1,1,3,8,2008,8,2010,0,0,0,0,0,1,2,35,4,2,2,1,0,0,14,13,7,9,4,1,1,0
9,90189,1,2,1,25,8,2,32,12,6,1,0,37,3,84,881,84881,66,2006,1HSHXAHR66J2,1,H,S,H,X,A,H,R,6,6,J,2,1,T,INTL,860,DS,6,17,,8,0,0,80S,D,,1,57,0121018,570121018,3,6,1,1,0,0,0,0,0,0,0,55,9,0,0,12,12,6,2,12,99,99,0,1,42,18088,6,1,6,3,3,3,66,999,0,0,0,0,0,0,0,0,0,0,0,0,0,0,3,3,65,1,1,2,2,0,0,1,74,98,1,1,45,0,0
9,90189,2,2,3,25,8,2,32,12,6,1,0,9,2,2,404,2404,14,1997,1J4GZ58S5VC6,1,J,4,G,Z,5,8,S,5,V,C,6,0,T,JEEP,LRT,4W,97,17,,1,0,1059,GCK,G,,0,0,000000000,00000000000,0,0,0,1,0,0,0,0,0,0,0,998,9,0,0,83,83,6,2,12,0,0,0,1,9,6078,6,1,0,0,3,0,66,999,98,0,0,0,0,0,0,0,0,9,38,0,0,0,6,3,65,1,1,2,2,0,0,16,10,1,1,1,47,1,1
9,90190,1,1,4,17,10,20,3,1,0,1,0,9,1,49,401,49401,14,2005,JTEHD20V4500,J,T,E,H,D,2,0,V,4,5,0,0,0,P,TOYT,RV4,UT,5,17,3119,,0,980,,G,,0,0,000000000,00000000000,0,0,0,1,0,0,0,0,0,0,0,998,0,2,5,0,99,6,2,1,0,0,0,1,9,6109,6,1,0,0,3,0,69,999,98,0,0,0,1,6,2009,6,2009,1,0,0,0,0,6,1,65,1,5,2,1,0,0,15,6,99,9,4,98,3,1
9,90191,1,1,1,22,8,1,44,8,0,1,1,99,9,99,999,99999,99,9999,999999999999,9,9,9,9,9,9,9,9,9,9,9,9,0,U,,,,9,17,,,,,,,,0,0,000000000,00000000000,0,0,0,1,0,0,0,0,0,0,0,999,0,0,0,99,99,2,1,8,99,99,0,1,99,99999,9,9,99,9,9,9,999,999,99,99,99,99,99,99,9999,99,9999,9,99,99,99,99,2,4,25,1,1,2,1,0,0,99,82,99,9,9,13,0,0
9,90192,1,1,2,21,10,19,32,35,0,1,0,25,1,12,401,12401,14,2002,1FMZU73E52UB,1,F,M,Z,U,7,3,E,5,2,U,B,0,P,FORD,EPR,UT,2,17,4378,,0,1137,,G,,0,0,000000000,00000000000,0,0,0,1,0,0,0,0,0,0,0,998,0,0,0,14,12,6,2,42,0,0,0,1,9,6239,6,1,0,0,3,0,72,999,98,0,0,1,0,7,2008,7,2008,1,0,0,0,0,1,2,45,2,4,2,2,0,0,1,6,99,9,4,6,1,1
9,90193,1,2,2,27,10,14,39,12,6,1,0,9,2,7,472,7472,30,1998,1B7GG22Y2WS7,1,B,7,G,G,2,2,Y,2,W,S,7,0,T,DODG,DAK,PC,98,17,,1,0,1309,DAK,G,,0,0,000000000,00000000000,0,0,0,1,0,0,0,0,0,0,0,999,0,0,0,12,12,6,2,12,0,0,0,1,9,6068,0,0,0,0,0,0,999,999,98,0,0,0,0,0,0,0,0,0,0,0,0,0,1,2,40,1,1,2,2,0,0,1,62,9,1,1,65,1,0
9,90193,2,2,1,27,10,14,39,12,6,1,0,9,2,7,482,7482,31,1998,1B7KF23Z3WJ1,1,B,7,K,F,2,3,Z,3,W,J,1,0,T,DODG,Q25,4C,98,17,,2,1547,1387,RPC,G,,0,0,000000000,00000000000,0,0,0,1,0,0,0,0,0,0,0,998,0,0,0,3,3,6,2,12,0,0,0,1,9,6024,6,1,0,0,3,1,66,999,98,0,0,0,1,6,2010,6,2010,1,28,0,0,0,1,2,40,1,1,2,2,28,3,1,6,8,4,2,64,0,0
9,90194,1,1,2,27,8,1,2,42,0,1,0,9,3,54,38,54038,3,2003,JH4DC548X3C0,J,H,4,D,C,5,4,8,X,3,C,0,0,P,ACUR,RSX,2H,3,17,2771,,0,1012,,G,,0,0,000000000,00000000000,0,0,0,1,0,0,0,0,0,0,0,998,0,0,0,12,82,6,2,42,0,0,0,1,9,6902,6,1,0,0,3,3,68,999,98,0,0,0,1,8,2008,8,2008,1,0,0,0,0,1,2,35,1,1,2,1,28,3,1,13,99,9,4,1,1,0
9,90195,1,1,1,29,10,19,3,25,0,1,0,9,1,62,401,62401,14,1999,SALTY1244XA2,S,A,L,T,Y,1,2,4,4,X,A,2,0,T,LNDR,DII,4W,99,17,,2,0,1000,DIS,G,,0,0,000000000,00000000000,0,0,0,1,0,0,0,0,0,0,0,998,0,1,1,12,12,6,2,1,0,0,0,1,9,6473,6,1,0,0,3,0,64,999,98,0,0,0,0,0,0,0,0,0,0,0,0,0,3,4,50,4,1,2,1,0,0,14,13,3,3,4,2,1,0
9,90196,1,1,1,30,10,3,19,42,0,1,0,9,2,37,31,37031,4,2000,2HGEJ667XYH5,2,H,G,E,J,6,6,7,X,Y,H,5,0,P,HOND,UCL,4D,0,17,2456,,0,1032,,G,,0,0,000000000,00000000000,0,0,0,1,0,0,0,0,0,0,0,998,0,0,0,99,9,6,2,42,0,0,0,1,9,6812,6,1,0,0,3,0,71,999,98,0,0,0,0,0,0,0,0,0,0,0,0,0,2,2,55,1,1,2,1,0,0,1,13,99,1,4,1,1,1
9,90197,1,1,1,30,10,14,39,33,0,1,0,92,0,37,706,37706,80,2003,JH2SC50033M1,J,H,2,S,C,5,0,0,3,3,M,1,0,M,HOND,CR9,RS,3,17,,,,,,,954,0,0,000000000,00000000000,0,0,0,1,0,0,0,0,0,0,0,998,0,0,0,14,12,6,2,31,0,0,0,1,9,6484,0,0,0,0,0,0,74,999,98,0,0,0,0,0,0,0,0,1,36,0,0,0,1,2,35,1,1,2,1,0,0,1,6,3,2,4,2,1,0
9,90198,1,1,1,30,10,22,40,42,0,1,0,9,2,7,28,7028,2,2010,2B3CJ5DTXAH1,2,B,3,C,J,5,D,T,X,A,H,1,0,P,DODG,CRT,CP,10,17,4041,,0,1160,,G,,0,0,000000000,00000000000,0,0,0,1,0,0,0,0,0,0,0,998,0,0,0,12,12,6,2,2,0,0,1,1,9,6238,6,1,0,0,3,0,76,999,98,0,0,0,0,0,0,0,0,1,0,0,0,0,1,2,30,4,2,2,1,0,0,14,6,7,2,4,2,1,1
9,90199,1,2,1,29,10,18,15,12,6,1,0,42,2,49,40,49040,4,2004,4T1BE32K94U2,4,T,1,B,E,3,2,K,9,4,U,2,0,P,TOYT,UXS,4D,4,17,3086,,0,1071,,G,,0,0,000000000,00000000000,0,0,0,1,0,0,0,0,0,0,0,998,0,0,0,10,10,6,2,12,0,0,0,1,9,6226,6,1,0,0,3,0,69,999,98,0,0,0,0,0,0,0,0,0,38,0,0,0,1,2,25,1,1,2,1,20,3,11,15,1,1,1,82,0,0
9,90199,2,2,3,29,10,18,15,12,6,1,0,9,1,12,37,12037,4,2005,1FAFP34N15W1,1,F,A,F,P,3,4,N,1,5,W,1,0,P,FORD,ZX4,4D,5,17,2677,,0,1030,,G,,0,0,000000000,00000000000,0,0,0,1,0,0,0,0,0,0,0,998,0,0,0,12,12,6,2,12,0,0,0,1,9,6268,6,1,0,0,3,3,66,999,98,0,0,0,0,0,0,0,0,0,0,0,0,0,1,2,40,1,1,2,1,0,0,1,67,6,1,1,83,1,0
9,90200,1,1,3,30,10,7,21,24,0,1,0,9,1,12,21,12021,4,2006,1FAFP23106G1,1,F,A,F,P,2,3,1,0,6,G,1,0,P,FORD,5SE,4D,6,17,3664,,0,1129,,G,,0,0,000000000,00000000000,0,0,0,1,0,0,0,0,0,0,0,998,0,0,0,1,12,6,2,42,0,0,0,1,9,6610,6,1,0,0,3,0,71,999,98,0,0,0,0,0,0,0,0,0,58,81,0,0,3,2,55,1,1,2,4,0,0,1,90,8,2,4,2,1,0
9,90201,1,1,3,29,10,2,9,42,0,1,1,9,2,30,40,30040,4,2007,3VWGG71K37M1,3,V,W,G,G,7,1,K,3,7,M,1,0,P,VOLK,JET,4D,7,17,3193,,0,1015,,G,,0,0,000000000,00000000000,0,0,0,1,0,0,0,0,0,0,0,998,0,2,2,12,99,6,2,30,0,0,0,1,9,6851,6,1,0,0,3,0,75,999,98,0,0,0,1,10,2010,10,2010,1,0,0,0,0,3,3,55,1,5,2,1,0,0,15,6,99,1,4,1,1,0
9,90202,1,1,3,15,10,19,54,8,0,1,0,9,2,49,40,49040,4,2007,4T1BE46K17U1,4,T,1,B,E,4,6,K,1,7,U,1,0,P,TOYT,CMB,4D,7,17,3108,,0,1093,,G,,0,0,000000000,00000000000,0,0,0,1,0,0,0,0,0,0,0,998,0,0,0,12,12,6,2,8,0,0,0,1,9,6415,6,1,0,0,3,0,66,999,98,0,0,0,2,6,2009,1,2010,0,0,0,0,0,1,2,40,1,5,2,1,0,0,1,80,2,1,1,13,0,0
9,90203,1,2,1,27,8,7,38,12,6,1,0,9,3,7,482,7482,31,2007,1D7KS28C47J5,1,D,7,K,S,2,8,C,4,7,J,5,0,T,DODG,SQ2,CW,7,17,,2,1605,1405,RPC,D,,0,0,000000000,00000000000,0,0,0,1,0,0,0,0,0,0,0,998,0,0,0,12,12,2,1,12,0,0,0,1,9,6513,6,1,0,0,3,3,74,999,98,0,0,0,0,0,0,0,0,0,0,0,0,0,1,2,40,1,1,2,1,0,0,1,66,1,1,1,88,0,0