STATE,ST_CASE,VEH_NO,VE_FORMS,NUMOCCS,DAY,MONTH,HOUR,MINUTE,HARM_EV,MAN_COLL,UNITTYPE,HIT_RUN,REG_STAT,OWNER,MAKE,MODEL,MAK_MOD,BODY_TYP,MOD_YEAR,VIN,VIN_1,VIN_2,VIN_3,VIN_4,VIN_5,VIN_6,VIN_7,VIN_8,VIN_9,VIN_10,VIN_11,VIN_12,TOW_VEH,VINTYPE,VINMAKE,VINA_MOD,VIN_BT,VINMODYR,VIN_LNGT,VIN_WGT,WGTCD_TR,WHLBS_LG,WHLBS_SH,SER_TR,FUELCODE,MCYCL_DS,J_KNIFE,MCARR_I1,MCARR_I2,MCARR_ID,GVWR,V_CONFIG,CARGO_BT,HAZ_INV,HAZ_PLAC,HAZ_ID,HAZ_CNO,HAZ_REL,BUS_USE,SPEC_USE,EMER_USE,TRAV_SP,UNDERIDE,ROLLOVER,ROLINLOC,IMPACT1,IMPACT2,DEFORMED,TOWED,M_HARM,VEH_SC1,VEH_SC2,FIRE_EXP,DR_PRES,L_STATE,DR_ZIP,L_STATUS,L_TYPE,CDL_STAT,L_ENDORS,L_COMPL,L_RESTRI,DR_HGT,DR_WGT,PREV_ACC,PREV_SUS,PREV_DWI,PREV_SPD,PREV_OTH,FIRST_MO,FIRST_YR,LAST_MO,LAST_YR,SPEEDREL,DR_SF1,DR_SF2,DR_SF3,DR_SF4,VTRAFWAY,VNUM_LAN,VSPD_LIM,VALIGN,VPROFILE,VPAVETYP,VSURCOND,VTRAFCON,VTCONT_F,P_CRASH1,P_CRASH2,P_CRASH3,PCRASH4,PCRASH5,ACC_TYPE,DEATHS,DR_DRINK
9,90243,1,1,1,14,1,14,35,8,0,1,0,9,2,22,16,22016,2,2000,1G2JB1247Y71,1,G,2,J,B,1,2,4,7,Y,7,1,0,P,PONT,SFS,CP,0,17,2606,,0,1041,,G,,0,0,000000000,00000000000,0,0,0,1,0,0,0,0,0,0,0,49,0,0,0,12,12,6,2,8,0,0,0,1,9,6704,6,1,0,0,3,0,63,999,98,0,0,0,1,5,2008,5,2008,1,0,0,0,0,1,2,40,1,1,2,1,0,0,1,13,6,1,1,13,0,0
9,90244,1,1,1,18,2,20,43,8,0,1,0,9,1,54,39,54039,4,2010,JH4CU2F6XAC0,J,H,4,C,U,2,F,6,X,A,C,0,0,P,ACUR,TSX,4D,10,17,3470,,0,1064,,G,,0,0,000000000,00000000000,0,0,0,1,0,0,0,0,0,0,0,998,0,0,0,12,12,6,2,8,0,0,0,1,9,6026,6,1,0,0,3,0,64,999,98,0,0,0,1,6,2008,6,2008,0,0,0,0,0,1,4,40,1,1,2,1,0,0,1,80,1,1,1,13,0,0
9,90245,1,1,2,28,2,15,18,30,0,1,0,9,2,37,401,37401,14,1995,1HGEJ1231SL0,1,H,G,E,J,1,2,3,1,S,L,0,0,P,HOND,CEX,CP,95,17,2415,,0,1032,,G,,0,0,000000000,00000000000,0,0,0,1,0,0,0,0,0,0,0,50,0,0,0,10,10,6,2,30,0,0,0,1,9,6460,6,1,0,0,3,0,72,999,98,0,0,0,0,0,0,0,0,1,36,58,0,0,1,2,25,2,2,2,1,0,0,14,6,7,3,4,2,2,0
9,90246,1,2,1,2,3,2,32,12,1,1,0,36,1,49,442,49442,20,1998,4T3ZF13C1WU0,4,T,3,Z,F,1,3,C,1,W,U,0,0,P,TOYT,SIE,SV,98,17,3825,,0,1142,,G,,0,0,000000000,00000000000,0,0,0,1,0,0,0,0,0,0,0,998,0,0,0,6,6,6,2,12,0,0,0,1,36,11355,6,1,0,0,3,0,62,999,0,0,0,0,0,0,0,0,0,0,0,0,0,0,3,3,55,1,1,2,1,0,0,1,53,1,1,1,25,1,0
9,90246,2,2,1,2,3,2,32,12,1,1,0,34,3,82,881,82881,66,2000,1FUPDXZBXYPF,1,F,U,P,D,X,Z,B,X,Y,P,F,1,T,FRHT,FLD,DS,0,17,,8,0,0,CON,D,,1,25,0043405,250043405,3,6,1,1,0,0,0,0,0,0,0,998,0,0,0,12,12,6,2,12,0,0,0,1,34,8822,6,1,6,0,3,0,71,999,0,0,0,0,0,0,0,0,0,0,26,91,0,0,3,3,55,1,1,2,1,0,0,1,51,8,1,1,24,0,0
9,90247,1,1,2,5,4,11,53,42,0,1,0,9,2,2,404,2404,14,1994,1J4GZ58S4RC1,1,J,4,G,Z,5,8,S,4,R,C,1,0,T,JEEP,LRO,4W,94,17,,1,0,1059,GCK,G,,0,0,000000000,00000000000,0,0,0,1,0,0,0,0,0,0,0,998,0,1,2,12,12,6,2,42,0,0,0,1,9,6877,6,1,0,0,3,3,74,999,98,0,0,0,0,0,0,0,0,0,0,0,0,0,1,2,45,1,1,2,1,0,0,1,13,1,1,4,1,1,0
9,90248,1,1,1,20,4,14,24,53,0,1,0,36,1,52,46,52046,4,2006,JA3AJ26EX6U0,J,A,3,A,J,2,6,E,X,6,U,0,0,P,MITS,LES,4D,6,17,2745,,0,1024,,G,,0,0,000000000,00000000000,0,0,0,1,0,0,0,0,0,0,0,998,0,0,0,12,12,6,2,42,0,0,0,1,36,10507,6,1,0,0,3,0,62,999,0,0,0,0,0,0,0,0,0,0,0,0,0,0,1,2,30,1,2,2,1,0,0,1,13,1,1,4,1,1,0
9,90249,1,3,1,20,4,21,27,12,2,1,0,36,2,18,402,18402,14,2006,5GADT13S8621,5,G,A,D,T,1,3,S,8,6,2,1,0,P,BUIC,RNR,UT,6,17,4600,,0,1130,,G,,0,0,000000000,00000000000,0,0,0,1,0,0,0,0,0,0,0,998,0,0,0,12,12,4,1,12,0,0,0,1,36,10025,6,1,0,0,3,0,67,999,0,0,0,0,0,0,0,0,0,0,0,0,0,0,6,1,25,3,1,2,1,0,0,14,54,8,1,1,98,0,0
9,90249,2,3,2,20,4,21,27,12,2,1,0,36,1,7,422,7422,15,2004,1D4HB58D54F2,1,D,4,H,B,5,8,D,5,4,F,2,0,P,DODG,DUR,UT,4,17,4972,,0,1192,,G,,0,0,000000000,00000000000,0,0,0,1,0,0,0,0,0,0,0,998,0,0,0,12,12,6,2,12,0,0,0,1,36,12550,6,1,0,0,3,0,62,999,1,0,0,0,0,3,2010,3,2010,0,0,0,0,0,6,1,25,3,1,2,1,0,0,14,54,1,1,1,51,0,0
9,90249,3,3,1,20,4,21,27,12,2,1,0,36,1,12,402,12402,14,2006,1FMCU93186KB,1,F,M,C,U,9,3,1,8,6,K,B,0,P,FORD,SPE,UT,6,17,3407,,0,1031,,G,,0,0,000000000,00000000000,0,0,0,1,0,0,0,0,0,0,0,998,0,0,0,12,12,6,2,12,0,0,0,1,36,10512,6,1,0,0,3,3,73,999,0,1,0,0,0,1,2010,1,2010,0,51,0,0,0,3,3,40,2,1,2,1,0,0,1,54,1,1,1,50,1,1
9,90250,1,3,1,5,4,14,34,12,6,1,0,9,1,18,2,18002,4,1995,1G4HR52L3SH4,1,G,4,H,R,5,2,L,3,S,H,4,0,P,BUIC,LLF,4D,95,17,3442,,0,1108,,G,,0,0,000000000,00000000000,0,0,0,1,0,0,0,0,0,0,0,998,0,0,0,12,12,6,2,30,0,0,0,1,9,6492,6,1,0,0,3,0,61,999,98,0,0,0,0,0,0,0,0,0,38,0,0,0,1,2,40,1,1,2,1,1,3,11,15,1,1,1,68,1,0
9,90250,2,3,1,5,4,14,34,12,6,1,0,9,1,42,42,42042,4,1998,WDBHA23GXWA5,W,D,B,H,A,2,3,G,X,W,A,5,0,P,MERZ,C23,4D,98,17,3095,,0,1059,,G,,0,0,000000000,00000000000,0,0,0,1,0,0,0,0,0,0,0,998,0,0,0,11,12,6,2,12,0,0,0,1,9,6473,6,1,0,0,3,0,65,999,98,0,0,0,0,0,0,0,0,0,0,0,0,0,1,2,40,1,1,2,1,0,0,1,17,99,1,1,69,0,0
9,90250,3,3,1,5,4,14,34,12,6,1,0,9,1,12,401,12401,14,2004,1FMDU75K44UB,1,F,M,D,U,7,5,K,4,4,U,B,0,P,FORD,EPR,UT,4,17,4094,,0,1137,,F,,0,0,000000000,00000000000,0,0,0,1,0,0,0,0,0,0,0,0,0,0,0,12,12,4,1,12,0,0,0,1,9,6457,6,1,0,0,3,3,68,999,98,0,0,0,0,0,0,0,0,0,0,0,0,0,1,2,25,1,1,2,1,1,3,5,66,1,1,1,98,0,0
9,90251,1,1,1,15,4,17,5,8,0,1,0,9,2,55,401,55401,14,2004,KM8SC73D14U7,K,M,8,S,C,7,3,D,1,4,U,7,0,P,HYUN,SAN,UT,4,17,3720,,0,1031,,G,,0,0,000000000,00000000000,0,0,0,1,0,0,0,0,0,0,0,998,0,0,0,12,12,0,1,8,0,0,0,1,9,6710,6,1,0,0,3,0,62,999,98,0,0,0,0,0,0,0,0,0,0,0,0,0,1,2,25,1,5,2,1,0,0,1,80,1,1,1,13,0,0
9,90252,1,2,1,11,4,13,35,12,6,1,0,9,1,49,44,49044,2,2006,4T1CE30P56U7,4,T,1,C,E,3,0,P,5,6,U,7,0,P,TOYT,CEE,CP,6,17,3175,,0,1051,,G,,0,0,000000000,00000000000,0,0,0,1,0,0,0,0,0,0,0,998,0,0,0,10,10,6,2,12,0,0,0,1,9,6783,6,1,0,0,3,3,72,999,98,0,0,0,0,0,0,0,0,0,38,0,0,0,1,2,25,1,1,2,1,20,3,11,15,1,1,1,82,1,0
9,90252,2,2,2,11,4,13,35,12,6,1,0,9,1,20,421,20421,15,2007,1GNFK13017R1,1,G,N,F,K,1,3,0,1,7,R,1,0,P,CHEV,KTA,UT,7,17,5706,,0,1160,,F,,0,0,000000000,00000000000,0,0,0,1,0,0,0,0,0,0,0,998,0,0,0,12,12,6,2,12,0,0,0,1,9,6783,6,1,0,0,3,0,65,999,98,0,0,0,0,0,0,0,0,0,0,0,0,0,1,2,40,1,1,2,1,0,0,1,67,99,1,1,83,0,0
9,90253,1,2,1,8,5,12,42,12,6,1,0,9,2,34,34,34034,1,1999,WBABJ833XXEM,W,B,A,B,J,8,3,3,X,X,E,M,0,P,BMW,3A3,CV,99,17,3373,,0,1063,,G,,0,0,000000000,00000000000,0,0,0,1,0,0,0,0,0,0,0,999,0,0,0,2,2,6,2,12,0,0,1,1,9,6524,6,1,0,0,3,0,73,999,98,0,0,2,1,9,2008,8,2009,1,28,0,0,0,1,2,45,1,1,2,2,0,0,1,6,6,3,2,64,1,0
9,90253,2,2,3,8,5,12,42,12,6,1,0,9,1,19,3,19003,4,2000,1G6KD54Y0YU3,1,G,6,K,D,5,4,Y,0,Y,U,3,0,P,CADI,DFW,4D,0,17,4012,,0,1138,,G,,0,0,000000000,00000000000,0,0,0,1,0,0,0,0,0,0,0,998,0,0,0,12,12,6,2,12,0,0,0,1,9,6514,6,1,0,0,3,0,61,999,98,0,0,0,0,0,0,0,0,0,0,0,0,0,1,2,45,1,1,2,2,0,0,1,62,3,1,1,65,0,0
9,90254,1,1,1,24,7,19,52,33,0,1,0,9,2,55,36,55036,3,2010,KMHCM3AC0AU1,K,M,H,C,M,3,A,C,0,A,U,1,0,P,HYUN,ACB,2H,10,17,2467,,0,984,,G,,0,0,000000000,00000000000,0,0,0,1,0,0,0,0,0,0,0,80,0,1,5,14,12,6,2,42,0,0,0,1,9,6424,6,1,0,0,3,3,74,999,98,0,0,0,0,0,0,0,0,1,0,0,0,0,1,2,45,3,1,2,1,0,0,14,6,1,1,4,1,1,1
9,90255,1,1,1,13,8,19,57,8,0,1,0,9,2,72,706,72706,80,2004,1HD1CGP104K4,1,H,D,1,C,G,P,1,0,4,K,4,0,M,HD,20C,RS,4,17,,,,,,,1200,0,0,000000000,00000000000,0,0,0,1,0,0,0,0,0,0,0,25,0,0,0,12,12,4,1,8,0,0,0,1,9,6106,6,1,0,0,3,3,68,999,98,0,0,0,0,0,0,0,0,0,0,0,0,0,1,2,25,1,1,2,1,0,0,1,80,7,1,1,13,0,0
9,90256,1,1,1,20,8,10,45,15,0,1,0,9,3,20,481,20481,31,2002,1GCEC14W42Z1,1,G,C,E,C,1,4,W,4,2,Z,1,0,T,CHEV,SC1,PK,2,17,,2,1330,1190,SIL,G,,0,0,000000000,00000000000,0,0,0,1,0,0,0,0,0,0,0,998,0,0,0,12,12,2,1,15,0,0,0,1,9,6134,6,1,0,0,3,0,63,999,98,0,0,0,0,0,0,0,0,0,38,0,0,0,1,2,25,1,1,2,1,2,3,11,80,1,1,1,13,0,0
9,90257,1,1,1,19,9,2,45,42,0,1,0,92,0,49,403,49403,14,2004,JTEGD21A8401,J,T,E,G,D,2,1,A,8,4,0,1,0,P,TOYT,HIG,UT,4,17,3520,,0,1069,,G,,0,0,000000000,00000000000,0,0,0,1,0,0,0,0,0,0,0,998,0,0,0,99,99,6,2,42,0,0,0,1,9,6401,6,1,0,0,3,3,75,999,98,0,0,1,0,5,2010,5,2010,1,0,0,0,0,1,2,35,2,1,2,1,28,3,14,6,99,9,4,1,1,0
9,90258,1,1,2,28,8,22,11,1,0,1,0,9,1,72,706,72706,80,2003,1HD1FRW133Y7,1,H,D,1,F,R,W,1,3,3,Y,7,0,M,HD,FCI,RS,3,17,,,,,,,1450,0,0,000000000,00000000000,0,0,0,1,0,0,0,0,0,0,0,998,0,0,0,0,0,6,2,1,0,0,0,1,9,6331,6,1,0,0,3,0,66,999,98,0,0,0,0,0,0,0,0,0,0,0,0,0,1,2,25,2,2,2,1,0,0,14,10,9,3,2,98,1,1
9,90259,1,3,1,6,10,11,19,12,1,1,0,9,1,9,20,9020,4,2000,1P3ES46C1YD5,1,P,3,E,S,4,6,C,1,Y,D,5,0,P,PLYM,NLX,4D,0,17,2515,,0,1050,,G,,0,0,000000000,00000000000,0,0,0,1,0,0,0,0,0,0,0,0,0,0,0,6,3,6,2,12,0,0,0,1,9,6403,6,1,0,0,3,0,74,999,98,0,0,0,0,0,0,0,0,0,0,0,0,0,1,2,35,1,1,2,2,0,0,5,53,1,1,1,21,1,0
9,90259,2,3,1,6,10,11,19,12,1,1,0,9,3,7,472,7472,30,2005,1D7HW42N55S2,1,D,7,H,W,4,2,N,5,5,S,2,0,T,DODG,DSL,PC,5,17,,2,0,1309,DAK,G,,0,0,000000000,00000000000,0,0,0,1,0,0,0,0,0,0,0,998,0,0,0,12,12,6,2,12,0,0,0,1,9,6478,6,1,0,0,3,0,70,999,98,0,0,0,0,0,0,0,0,0,26,91,0,0,1,2,35,1,1,2,2,0,0,1,50,99,1,1,20,0,0
9,90259,3,3,2,6,10,11,19,12,1,1,0,9,1,23,8,23008,6,2007,1GKEV33727J1,1,G,K,E,V,3,3,7,2,7,J,1,0,T,GMC,S2A,4W,7,17,,2,0,1189,ACA,G,,0,0,000000000,00000000000,0,0,0,1,0,0,0,0,0,0,0,998,0,0,0,12,12,6,2,12,0,0,0,1,9,6478,6,1,0,0,3,0,62,999,98,0,0,1,1,12,2009,3,2010,0,0,0,0,0,1,2,35,1,1,2,2,0,0,1,54,4,1,1,98,0,0
9,90260,1,1,1,30,10,19,37,42,0,1,0,25,3,23,481,23481,31,2008,2GTEK13M5812,2,G,T,E,K,1,3,M,5,8,1,2,0,T,GMC,SK1,CW,8,17,,2,0,1435,SIE,G,,0,0,000000000,00000000000,0,0,0,1,0,0,0,0,0,0,0,998,0,0,0,12,12,6,2,42,0,0,0,1,25,1468,6,1,0,0,3,0,67,999,0,0,0,0,0,0,0,0,0,0,0,0,0,0,2,3,65,1,1,2,1,0,0,1,12,1,1,4,6,1,0
9,90261,1,1,1,31,10,5,5,42,0,1,0,9,1,48,38,48038,4,2008,JF1GE61638H5,J,F,1,G,E,6,1,6,3,8,H,5,0,P,SUBA,I25,4D,8,17,3064,,0,1031,,G,,0,0,000000000,00000000000,0,0,0,1,0,0,0,0,0,0,0,998,0,0,0,12,12,6,2,2,0,0,1,1,9,6478,6,1,0,0,3,0,75,999,98,0,0,0,1,9,2008,9,2008,1,0,0,0,0,1,2,45,1,5,2,1,0,0,1,13,1,1,4,1,1,1
9,90262,1,1,1,12,11,13,53,8,0,1,0,9,1,20,481,20481,31,2000,2GCEC19W5Y13,2,G,C,E,C,1,9,W,5,Y,1,3,0,T,CHEV,SC1,PC,0,17,,2,1575,1435,SIL,G,,0,0,000000000,00000000000,0,0,0,1,0,0,0,0,0,0,0,999,0,0,0,2,2,4,3,8,0,0,0,1,9,6385,6,1,0,0,3,0,64,999,98,0,0,0,0,0,0,0,0,1,36,38,0,0,1,2,35,1,5,2,1,0,0,1,80,8,4,2,13,0,0
9,90263,1,1,2,29,11,1,38,24,0,1,0,44,1,35,47,35047,4,2000,1N4DL01D6YC1,1,N,4,D,L,0,1,D,6,Y,C,1,0,P,NISS,AGS,4D,0,17,2754,,0,1031,,G,,0,0,000000000,00000000000,0,0,0,1,0,0,0,0,0,0,0,998,0,1,5,1,10,6,2,1,0,0,0,1,44,6460,6,1,0,0,3,0,999,999,99,99,99,99,99,99,9999,99,9999,0,0,0,0,0,2,2,65,1,1,2,1,0,0,1,13,1,1,4,1,1,0
9,90264,1,1,5,7,12,16,34,42,0,1,0,9,2,35,47,35047,4,2007,1N4AL21E07C1,1,N,4,A,L,2,1,E,0,7,C,1,0,P,NISS,ATS,4D,7,17,3042,,0,1093,,G,,0,0,000000000,00000000000,0,0,0,1,0,0,0,0,0,0,0,999,0,0,0,12,12,6,2,42,0,0,0,1,9,6351,6,7,0,0,2,2,70,999,98,0,0,0,0,0,0,0,0,1,73,0,0,0,1,2,30,4,3,2,1,0,0,14,6,7,9,4,1,4,0
9,90265,1,1,1,10,12,17,55,42,0,1,0,44,1,48,45,48045,4,2006,4S4BP61C2673,4,S,4,B,P,6,1,C,2,6,7,3,0,P,SUBA,LOI,SW,6,17,3310,,0,1051,,G,,0,0,000000000,00000000000,0,0,0,1,0,0,0,0,0,0,0,43,0,0,0,12,11,6,2,42,0,0,0,1,44,2882,6,1,0,0,3,0,999,999,99,99,99,99,99,99,9999,99,9999,0,0,0,0,0,2,1,50,1,2,2,1,0,0,1,12,1,1,4,6,1,0
9,90267,1,1,1,20,12,2,1,33,0,1,0,9,2,14,37,14037,4,1998,1MEFM66L9WK6,1,M,E,F,M,6,6,L,9,W,K,6,0,P,MERC,MLE,4D,98,17,0,,0,1065,,G,,0,0,000000000,00000000000,0,0,0,1,0,0,0,0,0,0,0,998,0,0,0,14,12,6,2,43,0,0,0,1,9,6032,1,1,0,0,2,0,72,999,98,0,0,0,0,0,0,0,0,1,0,0,0,0,1,4,40,4,1,2,1,0,0,1,12,6,1,4,6,1,1
9,90268,1,2,2,1,7,14,48,12,2,1,0,9,1,20,481,20481,31,2009,1GCHK53K49F1,1,G,C,H,K,5,3,K,4,9,F,1,0,T,CHEV,2K2,CW,9,17,,2,1670,1530,SIL,G,,0,0,000000000,00000000000,0,0,0,1,0,0,0,0,0,0,0,998,0,0,0,12,12,6,2,12,0,0,0,1,9,6751,6,1,0,0,3,0,73,999,98,0,0,0,1,12,2009,12,2009,0,28,91,0,0,1,2,25,2,2,2,1,0,0,14,10,1,1,2,50,0,0
9,90268,2,2,1,1,7,14,48,12,2,1,0,9,1,14,37,14037,4,1998,1MEFM6532WK6,1,M,E,F,M,6,5,3,2,W,K,6,0,P,MERC,MSS,4D,98,17,2808,,0,1065,,G,,0,0,000000000,00000000000,0,0,0,1,0,0,0,0,0,0,0,998,0,0,0,12,12,6,2,12,0,0,0,1,9,6704,6,1,0,0,3,0,64,999,98,0,0,0,0,0,0,0,0,0,0,0,0,0,1,2,25,3,2,2,1,0,0,14,62,1,1,1,51,1,0
9,90269,1,1,1,3,10,17,36,8,0,1,0,9,2,2,404,2404,14,1996,1J4GZ58S5TC3,1,J,4,G,Z,5,8,S,5,T,C,3,0,T,JEEP,LRO,4W,96,17,,1,0,1059,GCK,G,,0,0,000000000,00000000000,0,0,0,1,0,0,0,0,0,0,0,998,0,0,0,12,12,6,2,8,0,0,0,1,9,6611,1,1,0,0,2,0,61,110,98,1,0,2,0,5,2009,11,2009,0,38,91,0,0,1,4,40,1,1,2,2,0,0,1,80,1,1,1,13,0,1
9,90270,1,1,2,12,12,2,26,17,0,1,0,37,2,37,31,37031,3,1994,2HGEH2357RH5,2,H,G,E,H,2,3,5,7,R,H,5,0,P,HOND,UCC,2H,94,17,2051,,0,1013,,G,,0,0,000000000,00000000000,0,0,0,1,0,0,0,0,0,0,0,999,0,1,5,14,12,6,2,1,0,0,0,1,9,6405,0,0,0,0,0,0,999,999,98,1,0,0,1,5,2009,5,2009,1,0,0,0,0,1,2,25,2,1,2,2,0,0,1,6,1,1,4,6,1,1
9,90271,1,1,1,17,5,16,44,42,0,1,0,9,1,37,32,37032,4,2010,1HGCP2F81AA0,1,H,G,C,P,2,F,8,1,A,A,0,0,P,HOND,AXL,4D,10,17,3397,,0,1102,,G,,0,0,000000000,00000000000,0,0,0,1,0,0,0,0,0,0,0,998,0,0,0,12,12,6,2,42,0,0,0,1,9,6405,6,1,0,0,3,3,61,131,98,0,0,0,0,0,0,0,0,0,0,0,0,0,1,2,25,1,1,2,1,0,0,1,12,1,1,4,6,1,0
9,90272,1,1,1,1,5,20,32,30,0,1,0,9,1,37,31,37031,3,1995,2HGEJ1125SH5,2,H,G,E,J,1,1,2,5,S,H,5,0,P,HOND,CEX,CP,95,17,2371,,0,1032,,G,,0,0,000000000,00000000000,0,0,0,1,0,0,0,0,0,0,0,998,0,0,0,2,10,6,2,30,0,0,0,1,9,6604,1,1,0,0,2,0,68,999,98,4,0,2,4,8,2008,3,2010,1,0,0,0,0,1,2,25,1,1,2,1,0,0,1,13,4,1,4,1,1,0
9,90273,1,1,1,28,8,3,54,53,0,1,0,9,2,72,706,72706,80,1997,1HD1BJL43VY0,1,H,D,1,B,J,L,4,3,V,Y,0,0,M,HD,STC,RS,97,17,,,,,,,1340,0,0,000000000,00000000000,0,0,0,1,0,0,0,0,0,0,0,998,0,0,0,12,12,6,2,31,0,0,0,1,9,6704,6,1,0,0,2,0,72,999,98,0,0,0,0,0,0,0,0,0,0,0,0,0,1,2,40,4,1,2,1,40,3,14,13,1,1,4,1,1,1
9,90274,1,1,1,20,1,19,23,8,0,1,0,9,1,49,442,49442,20,2007,5TDZK23C17S0,5,T,D,Z,K,2,3,C,1,7,S,0,0,P,TOYT,SIE,SV,7,17,4177,,0,1193,,G,,0,0,000000000,00000000000,0,0,0,1,0,0,0,0,0,0,0,998,0,0,0,12,12,4,1,8,0,0,0,1,9,6098,6,1,0,0,3,0,69,999,98,0,0,2,0,10,2008,6,2009,0,92,0,0,0,1,4,30,1,1,2,1,2,3,1,80,1,1,1,13,0,0
9,90275,1,1,1,2,1,6,27,8,0,1,0,9,3,82,881,82881,66,2010,1FUJGBDV8ASA,1,F,U,J,G,B,D,V,8,A,S,A,1,T,FRHT,113,DS,10,17,,8,0,0,CSC,D,,1,57,19401,5719401,3,6,2,2,2,1203,3,1,0,0,0,998,0,0,0,14,14,0,1,8,0,0,0,1,9,6106,6,1,6,1,3,0,69,999,98,0,0,0,0,0,0,0,0,0,0,0,0,0,1,2,25,1,1,2,3,2,3,1,80,1,1,1,13,0,0
9,90277,1,1,1,3,7,1,33,1,0,1,0,9,1,72,706,72706,80,2004,1HD1DDV104Y6,1,H,D,1,D,D,V,1,0,4,Y,6,0,M,HD,FHT,RS,4,17,,,,,,,1450,0,0,000000000,00000000000,0,0,0,1,0,0,0,0,0,0,0,998,0,0,0,0,0,6,2,1,0,0,0,1,9,6478,6,1,0,0,3,0,69,999,98,0,0,1,1,12,2008,4,2009,1,0,0,0,0,1,2,40,3,9,2,1,0,0,14,6,9,9,1,98,1,1
9,90278,1,2,2,11,9,0,52,12,6,1,0,9,2,41,51,41051,4,2008,JM1BK32G6818,J,M,1,B,K,3,2,G,6,8,1,8,0,P,MAZD,M3I,4D,8,17,2780,,0,1039,,G,,0,0,000000000,00000000000,0,0,0,1,0,0,0,0,0,0,0,998,0,0,0,2,2,6,2,12,0,0,0,1,9,6460,6,1,0,0,3,3,73,999,98,0,0,0,0,0,0,0,0,0,38,91,0,0,1,4,35,1,1,2,1,0,0,11,15,1,1,1,68,0,0
9,90278,2,2,1,11,9,0,52,12,6,1,0,9,2,72,706,72706,80,2008,1HD1JL5118Y0,1,H,D,1,J,L,5,1,1,8,Y,0,0,M,HD,XTC,RS,8,17,,,,,,,1584,0,0,000000000,00000000000,0,0,0,1,0,0,0,0,0,0,0,999,0,0,0,12,12,6,2,12,0,0,0,1,9,6460,6,1,0,0,3,0,71,999,98,1,0,2,2,12,2008,6,2009,0,0,0,0,0,1,4,35,1,1,2,1,0,0,1,62,3,1,1,69,1,1
9,90279,1,1,1,26,5,11,42,30,0,1,0,92,0,98,709,98709,88,2008,LBBTABSA38B4,L,B,B,T,A,B,S,A,3,8,B,4,0,U,,,,8,17,,,,,,,,0,0,000000000,00000000000,0,0,0,1,0,0,0,0,0,0,0,998,0,0,0,12,12,6,2,30,0,0,0,1,9,6514,1,1,0,0,2,0,71,999,98,1,0,0,0,4,2008,4,2008,0,0,0,0,0,1,2,25,1,1,2,1,0,0,1,13,1,1,4,1,1,1
9,90280,1,1,1,21,3,0,42,33,0,1,0,9,2,22,9,22009,2,1993,2G2FV22P4P22,2,G,2,F,V,2,2,P,4,P,2,2,0,P,PONT,FFT,2H,93,17,3330,,0,1011,,G,,0,0,000000000,00000000000,0,0,0,1,0,0,0,0,0,0,0,998,0,0,0,14,9,6,2,30,0,0,0,1,9,6320,1,1,0,0,2,3,73,999,98,2,2,0,2,11,2007,1,2008,1,36,0,0,0,1,2,25,3,5,2,1,0,0,14,6,1,1,4,1,1,1
9,90281,1,2,1,18,6,23,37,12,1,1,0,9,1,72,706,72706,80,1997,1HD1BJL49VY0,1,H,D,1,B,J,L,4,9,V,Y,0,0,M,HD,STC,RS,97,17,,,,,,,1340,0,0,000000000,00000000000,0,0,0,1,0,0,0,0,0,0,0,998,0,0,0,12,12,6,2,59,0,0,0,1,9,6716,6,1,6,0,3,0,70,999,98,0,0,0,0,0,0,0,0,0,26,0,0,0,1,2,40,3,2,2,1,4,3,14,52,3,2,1,28,1,1
9,90281,2,2,1,18,6,23,37,12,1,1,0,9,1,72,706,72706,80,1992,1HD1BML10NY0,1,H,D,1,B,M,L,1,0,N,Y,0,0,M,HD,FLF,RS,92,17,,,,,,,1340,0,0,000000000,00000000000,0,0,0,1,0,0,0,0,0,0,0,998,0,0,0,6,6,6,2,12,0,0,0,1,9,6716,6,1,0,0,3,0,68,999,98,0,0,0,0,0,0,0,0,0,0,0,0,0,1,2,40,3,2,2,1,4,3,2,53,1,1,1,29,0,1
9,90282,1,1,1,29,6,22,56,8,0,1,0,9,2,37,441,37441,20,2010,5FNRL3H4XAB0,5,F,N,R,L,3,H,4,X,A,B,0,0,P,HOND,UDY,SV,10,17,4475,,0,1181,,G,,0,0,000000000,00000000000,0,0,0,1,0,0,0,0,0,0,0,998,0,0,0,12,12,6,2,8,0,0,0,1,9,6897,6,1,0,0,3,3,70,999,98,0,0,0,1,5,2009,5,2009,0,0,0,0,0,1,4,35,1,1,2,1,0,0,1,80,1,1,1,13,0,0
9,90283,1,3,2,8,7,17,9,12,2,1,0,9,1,59,31,59031,4,1996,JT8BF12G2T01,J,T,8,B,F,1,2,G,2,T,0,1,0,P,LEXS,ES3,4D,96,17,3374,,0,1031,,G,,0,0,000000000,00000000000,0,0,0,1,0,0,0,0,0,0,0,998,0,0,0,12,12,6,2,12,0,0,0,1,9,6076,6,1,0,0,3,3,77,999,98,0,0,1,0,9,2009,9,2009,0,28,91,92,0,1,2,45,1,1,2,1,0,0,1,10,1,1,2,50,0,0
9,90283,2,3,2,8,7,17,9,12,2,1,0,95,1,37,706,37706,80,2008,1HFSC47868A7,1,H,F,S,C,4,7,8,6,8,A,7,0,M,HOND,1AD,RS,8,17,,,,,,,1832,0,0,000000000,00000000000,0,0,0,1,0,0,0,0,0,0,0,998,0,0,0,12,12,6,2,12,0,0,0,1,95,0,6,1,99,9,3,9,999,999,99,99,99,99,99,99,9999,99,9999,0,0,0,0,0,1,2,45,1,1,2,1,0,0,1,62,4,1,1,51,1,0