STATE,ST_CASE,VEH_NO,VE_FORMS,NUMOCCS,DAY,MONTH,HOUR,MINUTE,HARM_EV,MAN_COLL,UNITTYPE,HIT_RUN,REG_STAT,OWNER,MAKE,MODEL,MAK_MOD,BODY_TYP,MOD_YEAR,VIN,VIN_1,VIN_2,VIN_3,VIN_4,VIN_5,VIN_6,VIN_7,VIN_8,VIN_9,VIN_10,VIN_11,VIN_12,TOW_VEH,VINTYPE,VINMAKE,VINA_MOD,VIN_BT,VINMODYR,VIN_LNGT,VIN_WGT,WGTCD_TR,WHLBS_LG,WHLBS_SH,SER_TR,FUELCODE,MCYCL_DS,J_KNIFE,MCARR_I1,MCARR_I2,MCARR_ID,GVWR,V_CONFIG,CARGO_BT,HAZ_INV,HAZ_PLAC,HAZ_ID,HAZ_CNO,HAZ_REL,BUS_USE,SPEC_USE,EMER_USE,TRAV_SP,UNDERIDE,ROLLOVER,ROLINLOC,IMPACT1,IMPACT2,DEFORMED,TOWED,M_HARM,VEH_SC1,VEH_SC2,FIRE_EXP,DR_PRES,L_STATE,DR_ZIP,L_STATUS,L_TYPE,CDL_STAT,L_ENDORS,L_COMPL,L_RESTRI,DR_HGT,DR_WGT,PREV_ACC,PREV_SUS,PREV_DWI,PREV_SPD,PREV_OTH,FIRST_MO,FIRST_YR,LAST_MO,LAST_YR,SPEEDREL,DR_SF1,DR_SF2,DR_SF3,DR_SF4,VTRAFWAY,VNUM_LAN,VSPD_LIM,VALIGN,VPROFILE,VPAVETYP,VSURCOND,VTRAFCON,VTCONT_F,P_CRASH1,P_CRASH2,P_CRASH3,PCRASH4,PCRASH5,ACC_TYPE,DEATHS,DR_DRINK
9,90283,3,3,2,8,7,17,9,12,2,1,0,95,1,72,706,72706,80,2003,1HD1FLW1X3Y6,1,H,D,1,F,L,W,1,X,3,Y,6,0,M,HD,CUS,RS,3,17,,,,,,,1450,0,0,000000000,00000000000,0,0,0,1,0,0,0,0,0,0,0,998,0,0,0,12,12,4,1,12,0,0,0,1,95,0,6,1,99,9,3,9,999,999,99,99,99,99,99,99,9999,99,9999,0,0,0,0,0,1,2,45,1,1,2,1,0,0,1,52,4,1,1,98,0,0
9,90284,1,1,1,29,7,18,16,8,0,1,1,9,1,49,482,49482,31,2000,5TBBT441XYS0,5,T,B,B,T,4,4,1,X,Y,S,0,0,T,TOYT,TRS,4C,0,17,,2,0,1283,TUN,G,,0,0,000000000,00000000000,0,0,0,1,0,0,0,0,0,0,0,998,0,0,0,12,12,4,1,8,0,0,0,1,9,6810,6,1,0,0,3,0,62,999,98,0,0,0,1,7,2008,7,2008,0,92,0,0,0,1,2,25,1,1,2,1,0,0,1,80,1,1,1,13,0,0
9,90285,1,1,1,22,7,20,0,30,0,1,0,92,0,37,703,37703,83,2005,9C2KE01005R0,9,C,2,K,E,0,1,0,0,5,R,0,0,M,HOND,15F,EN,5,17,,,,,,,156,0,0,000000000,00000000000,0,0,0,1,0,0,0,0,0,0,0,998,0,0,0,12,12,6,2,30,0,0,0,1,9,6053,6,1,0,0,2,0,68,999,98,0,0,1,1,11,2008,1,2009,0,0,0,0,0,2,2,25,4,1,2,1,0,0,14,13,1,1,4,1,1,1
9,90286,1,2,1,18,11,19,30,12,6,1,1,92,0,22,20,22020,2,1996,1G2WJ12X3TF2,1,G,2,W,J,1,2,X,3,T,F,2,0,P,PONT,GTP,CP,96,17,3159,,0,1075,,G,,0,0,000000000,00000000000,0,0,0,1,0,0,0,0,0,0,0,998,0,0,0,12,12,6,2,12,0,0,0,1,9,6114,1,1,0,0,2,0,69,999,98,0,0,0,0,0,0,0,0,1,39,0,0,0,1,2,25,1,1,2,1,2,3,6,67,1,1,2,83,0,0
9,90286,2,2,1,18,11,19,30,12,6,1,0,9,1,49,32,49032,4,1997,2T1BA02E1VC1,2,T,1,B,A,0,2,E,1,V,C,1,0,P,TOYT,UCC,4D,97,17,2337,,0,970,,G,,0,0,000000000,00000000000,0,0,0,1,0,0,0,0,0,0,0,999,0,0,0,10,10,6,2,12,0,0,0,1,9,6095,6,1,0,0,3,0,66,999,98,0,0,0,0,0,0,0,0,0,0,0,0,0,1,2,0,1,1,2,1,2,3,11,66,1,1,1,82,1,0
9,90287,1,1,1,12,11,21,20,8,0,1,0,9,2,18,7,18007,4,2002,2G4WS52J4212,2,G,4,W,S,5,2,J,4,2,1,2,0,P,BUIC,CCU,4D,2,17,3368,,0,1090,,G,,0,0,000000000,00000000000,0,0,0,1,0,0,0,0,0,0,0,999,0,0,0,12,12,6,2,8,0,0,0,1,9,6106,6,1,0,0,3,0,64,999,98,0,0,0,0,0,0,0,0,0,0,0,0,0,1,3,35,1,1,2,1,2,3,1,80,6,1,1,13,0,0
9,90288,1,2,1,26,11,6,58,12,2,1,0,9,1,35,47,35047,4,2005,1N4BL11DX5N4,1,N,4,B,L,1,1,D,X,5,N,4,0,P,NISS,ASR,4D,5,17,3101,,0,1102,,G,,0,0,000000000,00000000000,0,0,0,1,0,0,0,0,0,0,0,998,0,0,0,12,12,6,2,12,0,0,0,1,9,6010,6,1,0,0,3,3,71,999,98,0,0,0,0,0,0,0,0,0,28,0,0,0,1,2,40,4,2,2,2,0,0,14,10,1,1,2,50,1,0
9,90288,2,2,1,26,11,6,58,12,2,1,0,9,1,12,481,12481,31,2000,1FTNF21F1YED,1,F,T,N,F,2,1,F,1,Y,E,D,0,T,FORD,F2S,PK,0,17,,2,0,1370,SRW,D,,0,0,000000000,00000000000,0,0,0,1,0,0,0,0,0,0,0,998,0,0,0,12,12,6,2,12,0,0,0,1,9,6010,6,1,0,0,3,0,68,999,98,0,0,0,0,0,0,0,0,0,0,0,0,0,1,2,40,4,2,2,2,0,0,14,62,1,1,1,51,0,0
9,90289,1,1,1,11,12,17,36,8,0,1,0,9,1,35,47,35047,4,2003,1N4AL11DX3C3,1,N,4,A,L,1,1,D,X,3,C,3,0,P,NISS,ABS,4D,3,17,2913,,0,1102,,G,,0,0,000000000,00000000000,0,0,0,1,0,0,0,0,0,0,0,998,0,0,0,11,11,4,1,8,0,0,0,1,9,6880,6,1,0,0,3,0,70,999,98,0,0,0,0,0,0,0,0,0,0,0,0,0,1,4,25,1,1,2,1,0,0,1,80,1,1,1,13,0,0
9,90290,1,1,2,3,10,21,38,14,0,1,0,92,0,20,37,20037,4,1998,1G1ND52M9WY1,1,G,1,N,D,5,2,M,9,W,Y,1,0,P,CHEV,MAL,4D,98,17,3100,,0,1070,,G,,0,0,000000000,00000000000,0,0,0,1,0,0,0,0,0,0,0,998,4,0,0,12,12,6,2,14,0,0,0,1,9,6850,1,1,0,0,2,0,66,999,98,2,0,0,7,3,2008,6,2010,0,0,0,0,0,1,2,25,1,1,2,2,0,0,1,13,1,1,4,11,1,0
9,90291,1,1,2,15,10,1,40,42,0,1,0,9,1,42,41,42041,4,1992,WDBEA34E1NB7,W,D,B,E,A,3,4,E,1,N,B,7,0,P,MERZ,40E,4D,92,17,3550,,0,1102,,G,,0,0,000000000,00000000000,0,0,0,1,0,0,0,0,0,0,0,998,0,0,0,9,9,6,2,42,0,0,0,1,9,6516,1,1,0,0,2,0,71,999,98,1,1,0,1,4,2010,8,2010,1,0,0,0,0,1,2,25,1,1,2,2,0,0,1,6,99,9,4,6,2,1
9,90292,1,1,1,30,10,0,0,9,0,1,0,9,2,41,50,41050,4,2009,1YVHP80A395M,1,Y,V,H,P,8,0,A,3,9,5,M,0,P,MAZD,M6I,4D,9,17,3258,,0,1098,,G,,0,0,000000000,00000000000,0,0,0,1,0,0,0,0,0,0,0,69,0,0,0,12,12,6,2,9,0,0,0,1,9,6078,6,1,0,0,3,3,75,999,98,0,0,0,0,0,0,0,0,1,28,91,0,0,1,2,35,1,3,2,1,0,0,1,13,1,1,4,13,0,1
9,90293,1,1,2,27,10,23,46,5,0,1,0,9,1,12,481,12481,31,2004,1FTSX31L34EB,1,F,T,S,X,3,1,L,3,4,E,B,0,T,FORD,F3S,4C,4,17,,2,1580,1418,SRW,G,,0,0,000000000,00000000000,0,0,0,1,0,0,0,0,0,0,0,999,0,0,0,0,0,0,3,5,0,0,0,1,9,6480,6,1,0,0,3,0,70,999,98,0,0,0,0,0,0,0,0,0,0,0,0,0,2,2,35,2,1,2,2,0,0,1,98,1,1,1,0,1,1
9,90294,1,1,3,7,8,18,2,8,0,1,0,9,2,24,1,24001,4,2000,1G8ZH5289YZ2,1,G,8,Z,H,5,2,8,9,Y,Z,2,0,P,STRN,SL1,4D,0,17,2332,,0,1024,,G,,0,0,000000000,00000000000,0,0,0,1,0,0,0,0,0,0,0,998,0,0,0,12,12,6,2,8,0,0,0,1,9,6513,6,1,0,0,3,3,72,999,98,0,0,0,0,0,0,0,0,0,0,0,0,0,1,3,25,1,1,2,1,0,0,1,80,3,1,1,13,0,0
9,90295,1,3,1,10,8,18,11,12,1,1,1,9,1,48,34,48034,6,1997,4S3BG6855V76,4,S,3,B,G,6,8,5,5,V,7,6,0,P,SUBA,UKK,SW,97,17,3155,,0,1035,,G,,0,0,000000000,00000000000,0,0,0,1,0,0,0,0,0,0,0,65,0,0,0,12,12,6,2,12,0,0,0,1,9,6106,6,1,0,0,3,0,71,999,98,0,0,0,0,0,0,0,0,1,91,92,0,0,2,2,25,1,1,2,1,1,3,1,50,1,1,1,20,0,1
9,90295,2,3,2,10,8,18,11,12,1,1,0,9,2,49,32,49032,4,1999,1NXBR12E0XZ1,1,N,X,B,R,1,2,E,0,X,Z,1,0,P,TOYT,UVL,4D,99,17,2414,,0,970,,G,,0,0,000000000,00000000000,0,0,0,1,0,0,0,0,0,0,0,0,0,0,0,6,6,6,2,12,0,0,0,1,9,6120,6,7,0,0,3,2,66,999,98,0,0,0,0,0,0,0,0,0,73,0,0,0,2,2,25,1,1,2,1,1,3,5,53,1,1,1,21,1,0
9,90295,3,3,3,10,8,18,11,12,1,1,0,9,1,54,37,54037,2,1998,19UYA3242WL0,1,9,U,Y,A,3,2,4,2,W,L,0,0,P,ACUR,23C,CP,98,17,3064,,0,1069,,G,,0,0,000000000,00000000000,0,0,0,1,0,0,0,0,0,0,0,0,0,0,0,6,6,6,2,12,0,0,0,1,9,6120,6,1,0,0,3,0,69,999,98,0,0,0,0,0,0,0,0,0,0,0,0,0,2,2,25,1,1,2,1,1,3,5,53,1,1,1,98,0,0
9,90296,1,1,1,31,8,14,36,42,0,1,0,9,1,6,43,6043,4,2009,1C3LC46B79N5,1,C,3,L,C,4,6,B,7,9,N,5,0,P,CHRY,SLX,4D,9,17,3287,,0,1089,,G,,0,0,000000000,00000000000,0,0,0,1,0,0,0,0,0,0,0,998,0,0,0,12,12,6,2,42,0,0,1,1,9,6231,6,1,0,0,3,0,66,999,98,0,0,0,1,6,2009,6,2009,1,0,0,0,0,1,2,25,1,1,2,1,28,3,1,12,1,1,4,6,1,0
9,90297,1,1,3,29,8,19,14,42,0,1,0,9,1,49,50,49050,3,2009,JTKDE1675902,J,T,K,D,E,1,6,7,5,9,0,2,0,P,TOYT,SXC,LB,9,17,2905,,0,1063,,G,,0,0,000000000,00000000000,0,0,0,1,0,0,0,0,0,0,0,998,0,1,5,12,12,6,2,1,0,0,0,1,9,6401,6,1,0,0,3,0,72,999,98,0,0,0,0,0,0,0,0,0,0,0,0,0,1,2,30,1,2,2,1,0,0,1,12,7,9,4,6,1,0
9,90298,1,1,1,30,8,7,39,33,0,1,0,9,1,48,38,48038,4,2010,JF1GE6A68AH5,J,F,1,G,E,6,A,6,8,A,H,5,0,P,SUBA,I25,4D,10,17,3064,,0,1031,,G,,0,0,000000000,00000000000,0,0,0,1,0,0,0,0,0,0,0,998,0,1,2,14,12,6,2,1,0,0,0,1,9,6905,6,1,0,0,3,0,63,999,98,0,0,0,0,0,0,0,0,0,0,0,0,0,1,2,25,1,5,2,1,0,0,1,13,1,1,4,1,1,0
9,90299,1,1,2,4,4,1,0,5,0,1,0,9,3,12,16,12016,4,9999,999999999999,9,9,9,9,9,9,9,9,9,9,9,9,0,U,,,,9,17,,,,,,,,0,0,000000000,00000000000,0,0,0,1,0,0,0,0,0,1,0,998,0,0,0,0,0,0,1,5,0,0,0,1,9,6820,6,1,6,1,3,0,68,999,98,0,0,1,1,11,2007,1,2009,0,0,0,0,0,1,2,25,1,2,2,1,0,0,1,98,1,1,1,0,1,0
9,90300,1,1,1,20,5,16,3,53,0,1,0,9,1,12,999,12999,99,9999,999999999999,9,9,9,9,9,9,9,9,9,9,9,9,0,U,,,,9,17,,,,,,,,0,0,000000000,00000000000,0,0,0,1,0,0,0,0,0,0,0,998,0,0,0,12,12,6,2,30,0,0,0,1,9,6438,6,1,0,0,3,0,66,999,98,0,0,0,1,4,2009,4,2009,1,0,0,0,0,1,2,35,3,1,2,1,0,0,14,13,99,1,4,1,1,0
9,90301,1,2,1,23,12,17,16,12,7,1,0,25,3,20,481,20481,31,2007,1GCHC24K27E5,1,G,C,H,C,2,4,K,2,7,E,5,0,T,CHEV,2CH,PK,7,17,,2,0,1330,SIL,G,,0,0,000000000,00000000000,0,0,0,1,0,0,0,0,0,0,0,998,0,0,0,4,4,4,1,12,0,0,0,1,9,6095,6,1,6,0,3,0,72,999,98,0,0,0,0,0,0,0,0,0,0,0,0,0,3,3,65,2,1,2,1,0,0,14,60,1,1,1,44,0,0
9,90301,2,2,1,23,12,17,16,12,7,1,0,25,1,20,22,20022,4,2006,1G1AK55FX676,1,G,1,A,K,5,5,F,X,6,7,6,0,P,CHEV,BLS,4D,6,17,3216,,0,1033,,G,,0,0,000000000,00000000000,0,0,0,1,0,0,0,0,0,0,0,998,0,0,0,11,12,6,2,12,0,0,0,1,25,1013,6,1,0,0,3,0,72,999,0,0,0,0,0,0,0,0,0,1,0,0,0,0,3,3,65,2,1,2,1,0,0,14,10,1,1,2,45,1,1
9,90302,1,2,1,23,12,14,57,12,6,1,0,9,2,55,35,55035,4,2009,KMHDU46D39U8,K,M,H,D,U,4,6,D,3,9,U,8,0,P,HYUN,HEL,4D,9,17,2723,,0,1043,,G,,0,0,000000000,00000000000,0,0,0,1,0,0,0,0,0,0,0,30,0,0,0,12,12,6,2,12,0,0,0,1,9,6074,6,1,0,0,3,0,66,999,98,0,0,0,0,0,0,0,0,0,0,0,0,0,1,2,35,1,1,2,1,0,0,1,66,2,1,1,88,0,0
9,90302,2,2,1,23,12,14,57,12,6,1,0,9,1,18,7,18007,4,2001,2G4WS52J1112,2,G,4,W,S,5,2,J,1,1,1,2,0,P,BUIC,CCU,4D,1,17,3368,,0,1090,,G,,0,0,000000000,00000000000,0,0,0,1,0,0,0,0,0,0,0,999,0,0,0,10,10,6,2,12,0,0,0,1,9,6111,6,1,0,0,3,3,62,999,98,0,0,0,0,0,0,0,0,0,39,0,0,0,1,2,30,1,1,2,1,20,3,1,17,1,1,1,89,1,0
10,100001,1,1,1,2,1,2,26,8,0,1,0,10,1,20,421,20421,15,1997,1GNEK13R8VJ3,1,G,N,E,K,1,3,R,8,V,J,3,0,P,CHEV,KTA,UT,97,17,5225,,0,1175,,G,,0,0,000000000,00000000000,0,0,0,1,0,0,0,0,0,0,0,55,0,0,0,8,8,6,2,8,0,0,0,1,10,19808,6,1,0,0,3,0,74,201,0,3,0,2,0,1,2009,10,2009,0,0,0,0,0,3,4,55,1,2,2,1,0,0,1,80,1,1,1,13,0,0
10,100002,1,2,1,4,1,8,22,12,6,1,0,10,1,49,40,49040,4,2004,4T1BE32K94U3,4,T,1,B,E,3,2,K,9,4,U,3,0,P,TOYT,UXS,4D,4,17,3086,,0,1071,,G,,0,0,000000000,00000000000,0,0,0,1,0,0,0,0,0,0,0,40,0,0,0,9,12,6,2,12,0,0,0,1,10,19971,6,1,0,0,3,3,71,175,0,0,0,0,0,0,0,0,0,0,0,0,0,0,3,4,40,1,1,2,1,1,3,1,17,1,1,3,89,1,0
10,100002,2,2,1,4,1,8,22,12,6,1,0,10,1,49,403,49403,14,2008,JTEES43A0820,J,T,E,E,S,4,3,A,0,8,2,0,0,P,TOYT,HIG,UT,8,17,4255,,0,1098,,G,,0,0,000000000,00000000000,0,0,0,1,0,0,0,0,0,0,0,40,0,0,0,12,9,6,2,12,0,0,0,1,10,19971,6,1,0,0,3,3,71,206,0,0,0,1,0,2,2007,2,2007,0,0,0,0,0,3,4,40,1,1,2,1,1,3,1,17,1,1,2,88,0,0
10,100003,1,1,1,5,1,6,3,8,0,1,0,24,2,20,19,20019,2,1992,1G1LV13T4NY1,1,G,1,L,V,1,3,T,4,N,Y,1,0,P,CHEV,BER,CP,92,17,2649,,0,1034,,G,,0,0,000000000,00000000000,0,0,0,1,0,0,0,0,0,0,0,40,0,0,0,1,1,2,1,8,0,0,0,1,24,21620,6,1,0,0,3,0,69,180,0,1,0,8,1,2,2007,7,2007,0,0,0,0,0,3,4,40,1,1,2,11,0,0,1,83,1,1,1,13,0,0
10,100004,1,2,3,10,1,12,50,12,2,1,0,10,1,20,481,20481,31,2007,1GCHK23697F5,1,G,C,H,K,2,3,6,9,7,F,5,0,T,CHEV,2KH,CW,7,17,,2,1670,1530,SIL,D,,0,0,000000000,00000000000,0,0,0,1,0,0,0,0,0,0,0,49,0,0,0,12,12,6,2,12,0,0,0,1,10,19968,6,1,0,0,3,1,66,122,0,0,0,0,0,0,0,0,0,0,38,39,0,0,1,2,50,1,1,2,1,20,3,1,17,1,1,1,90,0,0
10,100004,2,2,2,10,1,12,50,12,2,1,0,10,1,63,402,63402,14,2005,KNDJC7335554,K,N,D,J,C,7,3,3,5,5,5,4,0,P,KIA,SOR,UT,5,17,4306,,0,1067,,G,,0,0,000000000,00000000000,0,0,0,1,0,0,0,0,0,0,0,49,0,0,0,12,12,6,2,12,0,0,0,1,10,19939,6,1,0,0,3,3,71,185,0,0,0,0,0,0,0,0,0,0,0,0,0,0,1,2,50,1,1,2,1,0,0,1,66,1,1,1,90,1,0
10,100005,1,1,3,9,1,14,46,9,0,1,0,10,2,20,2,20002,4,1991,999999999999,9,9,9,9,9,9,9,9,9,9,9,9,9,U,,,,9,17,,,,,,D,,0,0,000000000,00000000000,0,0,0,1,0,0,0,0,0,0,0,999,0,0,0,12,12,2,1,9,0,0,0,1,10,19802,0,0,0,0,0,0,999,999,0,0,0,0,0,0,0,0,0,0,39,36,0,0,1,4,25,1,1,2,1,20,3,3,15,1,1,1,13,0,0
10,100006,1,2,2,11,1,16,7,12,1,1,0,10,2,49,472,49472,30,1999,4TAPM62N5XZ4,4,T,A,P,M,6,2,N,5,X,Z,4,0,T,TOYT,REG,PK,99,17,,1,0,1033,TAC,G,,0,0,000000000,00000000000,0,0,0,1,0,0,0,0,0,0,0,45,0,1,2,6,6,6,2,1,0,0,0,1,42,19363,6,1,0,0,3,3,71,999,0,2,0,0,0,9,2008,10,2009,0,0,0,0,0,3,4,45,1,1,2,1,0,0,1,53,1,1,1,42,1,1
10,100006,2,2,1,11,1,16,7,12,1,1,0,10,2,54,31,54031,3,2001,JH4DC44511S0,J,H,4,D,C,4,4,5,1,1,S,0,0,P,ACUR,ILS,2H,1,17,2685,,0,1012,,G,,0,0,000000000,00000000000,0,0,0,1,0,0,0,0,0,0,0,45,2,0,0,12,12,6,2,12,0,0,0,1,10,19702,2,1,0,0,2,0,70,210,0,3,0,0,0,5,2009,8,2009,1,27,0,0,0,3,4,45,1,1,2,1,0,0,6,51,6,1,1,42,0,1
10,100007,1,2,1,12,1,7,45,12,8,1,0,9,3,34,401,34401,14,2001,WBAFA53591LP,W,B,A,F,A,5,3,5,9,1,L,P,0,P,BMW,BX5,UT,1,17,4519,,0,1110,,G,,0,0,000000000,00000000000,0,0,0,1,0,0,0,0,0,0,0,89,0,1,1,11,11,6,2,12,0,0,0,1,9,6460,6,1,0,0,3,0,67,999,98,0,0,0,0,0,0,0,0,1,8,28,0,0,1,2,50,1,1,2,2,0,0,16,10,1,1,2,65,0,1
10,100007,2,2,3,12,1,7,45,12,8,1,0,24,1,7,422,7422,15,2004,1D4HB58N14F1,1,D,4,H,B,5,8,N,1,4,F,1,0,P,DODG,DUR,UT,4,17,4972,,0,1192,,G,,0,0,000000000,00000000000,0,0,0,1,0,0,0,0,0,0,0,47,0,1,5,11,12,6,2,12,0,0,0,1,10,19962,6,1,0,0,3,3,72,260,0,0,0,0,0,0,0,0,0,0,0,0,0,0,1,2,50,1,1,2,2,0,0,1,62,1,1,3,64,2,0
10,100008,1,1,1,28,1,18,25,53,0,1,0,10,2,49,32,49032,4,1991,JT2AE94A8M34,J,T,2,A,E,9,4,A,8,M,3,4,0,P,TOYT,CDF,4D,91,17,2207,,0,957,,G,,0,0,000000000,00000000000,0,0,0,1,0,0,0,0,0,0,0,999,0,0,0,12,12,6,2,53,0,0,0,1,10,19977,6,1,0,0,3,3,64,135,0,2,0,1,0,8,2008,9,2009,1,0,0,0,0,1,2,50,1,1,2,1,0,0,1,12,1,9,5,6,1,1
10,100009,1,2,1,9,2,15,41,12,6,1,0,10,1,7,402,7402,14,2002,1B4HS58N72F1,1,B,4,H,S,5,8,N,7,2,F,1,0,P,DODG,DUR,UT,2,17,4678,,0,1160,,G,,0,0,000000000,00000000000,0,0,0,1,0,0,0,0,0,0,0,50,0,0,0,12,12,6,2,12,0,0,0,1,10,19977,6,1,0,0,3,3,60,134,0,0,0,0,0,0,0,0,0,0,0,0,0,0,3,4,55,1,1,2,1,0,0,98,71,1,1,4,88,0,0
10,100009,2,2,1,9,2,15,41,12,6,1,0,10,2,9,20,9020,4,2000,1P3ES46C1YD7,1,P,3,E,S,4,6,C,1,Y,D,7,0,P,PLYM,NLX,4D,0,17,2515,,0,1050,,G,,0,0,000000000,00000000000,0,0,0,1,0,0,0,0,0,0,0,999,0,0,0,9,9,6,2,12,0,0,0,1,10,19734,6,1,0,0,3,0,63,134,0,0,0,0,0,0,0,0,0,0,38,0,0,0,3,4,55,1,1,2,1,0,0,1,11,1,1,4,89,1,0
10,100010,1,1,1,17,2,23,10,8,0,1,0,10,1,35,39,35039,4,2000,JN1CA31A6YT0,J,N,1,C,A,3,1,A,6,Y,T,0,0,P,NISS,MGS,4D,0,17,3071,,0,1083,,G,,0,0,000000000,00000000000,0,0,0,1,0,0,0,0,0,0,0,50,0,0,0,12,12,6,2,8,0,0,0,1,10,19709,6,1,0,0,3,3,67,152,0,0,0,1,0,2,2007,2,2007,0,0,0,0,0,3,6,50,1,1,2,1,0,0,1,80,1,1,1,13,0,0
10,100011,1,3,2,20,2,1,14,12,2,1,0,10,1,18,7,18007,4,2001,2G4WY55J7113,2,G,4,W,Y,5,5,J,7,1,1,3,0,P,BUIC,CLM,4D,1,17,3368,,0,1090,,G,,0,0,000000000,00000000000,0,0,0,1,0,0,0,0,0,0,0,50,0,0,0,12,2,6,2,2,0,0,1,1,10,19808,6,1,0,0,3,3,67,180,0,0,0,0,1,9,2008,9,2008,0,0,0,0,0,3,4,50,2,2,2,1,0,0,0,62,0,0,0,52,2,1
10,100011,2,3,1,20,2,1,14,12,2,1,0,10,1,49,51,49051,4,2009,JTDBT9032940,J,T,D,B,T,9,0,3,2,9,4,0,0,P,TOYT,YAR,4D,9,17,2288,,0,1004,,G,,0,0,000000000,00000000000,0,0,0,1,0,0,0,0,0,0,0,50,0,0,0,3,3,4,1,12,0,0,0,1,10,19806,6,1,0,0,3,0,77,195,0,0,0,0,0,0,0,0,0,0,27,51,0,0,3,4,50,2,2,2,1,0,0,0,61,0,0,0,98,0,0
10,100011,3,3,1,20,2,1,14,12,2,1,0,10,1,12,3,12003,2,1996,1FALP4047TF1,1,F,A,L,P,4,0,4,7,T,F,1,0,P,FORD,MUS,CP,96,17,3057,,0,1013,,G,,0,0,000000000,00000000000,0,0,0,1,0,0,0,0,0,0,0,50,0,0,0,12,12,6,2,12,0,0,0,1,10,19808,6,2,0,0,3,0,66,140,0,0,0,0,0,0,0,0,0,0,0,0,0,0,3,4,50,2,2,2,1,0,0,15,11,6,1,2,52,0,0
10,100012,1,2,1,25,2,16,32,18,0,1,0,10,2,12,401,12401,14,1993,1FMDU34X6PUB,1,F,M,D,U,3,4,X,6,P,U,B,0,P,FORD,EPR,UT,93,17,3997,,0,1120,,G,,0,0,000000000,00000000000,0,0,0,1,0,0,0,0,0,0,0,72,7,0,0,12,12,6,2,12,0,0,0,1,10,19711,0,0,0,0,0,0,71,201,0,2,1,0,1,12,2007,11,2009,1,8,27,51,0,3,4,55,1,1,2,1,1,3,11,12,1,3,2,15,0,0
10,100012,2,2,2,25,2,16,32,18,0,1,0,10,1,48,38,48038,4,2006,JF1GD67606H5,J,F,1,G,D,6,7,6,0,6,H,5,0,P,SUBA,I25,4D,6,17,3016,,0,994,,G,,0,0,000000000,00000000000,0,0,0,1,0,0,0,0,0,0,0,30,0,0,0,12,12,6,2,12,0,0,0,1,10,19709,6,1,0,0,3,0,72,190,0,0,0,1,0,3,2009,3,2009,0,0,0,0,0,3,4,55,1,1,2,1,1,3,1,63,1,1,1,98,2,0
10,100013,1,1,1,27,2,18,32,8,0,1,0,10,1,20,404,20404,14,2006,2CNDL73F6660,2,C,N,D,L,7,3,F,6,6,6,0,0,P,CHEV,EQU,UT,6,17,3777,,0,1125,,G,,0,0,000000000,00000000000,0,0,0,1,0,0,0,0,0,0,0,35,0,0,0,12,12,4,3,8,0,0,0,1,10,19963,0,0,0,0,0,0,71,200,0,2,0,1,1,9,2007,7,2009,0,0,0,0,0,3,3,25,1,1,2,1,1,3,1,17,1,1,1,13,0,0
10,100014,1,1,3,6,3,23,51,8,0,1,0,42,1,35,39,35039,4,1995,JN1CA21D0ST0,J,N,1,C,A,2,1,D,0,S,T,0,0,P,NISS,MGS,4D,95,17,2886,,0,1063,,G,,0,0,000000000,00000000000,0,0,0,1,0,0,0,0,0,0,0,45,0,0,0,12,12,6,2,8,0,0,0,1,10,19720,6,1,0,0,3,0,74,206,0,0,0,0,2,5,2008,5,2008,0,0,0,0,0,3,5,50,1,1,2,1,1,3,1,80,1,1,1,13,0,0
10,100015,1,1,1,4,3,21,18,32,0,1,0,20,1,22,22,22022,4,2007,1G2AN15B6771,1,G,2,A,N,1,5,B,6,7,7,1,0,P,PONT,5GT,CP,7,17,2991,,0,1035,,G,,0,0,000000000,00000000000,0,0,0,1,0,0,0,0,0,0,0,104,0,1,5,12,12,6,2,1,0,0,0,1,10,19953,6,1,0,0,3,0,66,130,0,0,0,0,0,0,0,0,0,1,8,0,0,0,1,2,50,2,1,2,1,0,0,14,13,1,1,4,1,1,1
10,100016,1,1,1,18,3,23,20,42,0,1,0,10,2,12,481,12481,31,1998,1FTDX172XWNA,1,F,T,D,X,1,7,2,X,W,N,A,0,T,FORD,F15,3C,98,17,,1,1570,1390,COF,G,,0,0,000000000,00000000000,0,0,0,1,0,0,0,0,0,0,0,999,0,1,6,12,12,6,2,42,0,0,0,1,24,21640,0,0,0,0,2,0,69,150,0,3,0,0,0,8,2007,11,2009,1,8,0,0,0,1,2,50,1,1,2,1,0,0,15,12,1,1,4,6,1,0
10,100017,1,1,1,25,3,5,16,8,0,1,0,10,2,7,422,7422,15,2006,1D7KS28C56J1,1,D,7,K,S,2,8,C,5,6,J,1,0,T,DODG,SQ2,CW,6,17,,2,1605,1405,RPC,D,,0,0,000000000,00000000000,0,0,0,1,0,0,0,0,0,0,0,50,0,0,0,12,12,6,2,8,0,0,0,1,51,24484,6,1,0,0,3,0,68,200,0,0,0,4,0,11,2007,10,2008,0,0,0,0,0,1,2,50,1,1,2,1,0,0,1,80,1,1,1,13,0,0
10,100018,1,2,1,26,3,14,19,12,6,1,0,24,1,12,3,12003,2,2000,1FAFP4442YF1,1,F,A,F,P,4,4,4,2,Y,F,1,0,P,FORD,MUS,CV,0,17,3208,,0,1013,,G,,0,0,000000000,00000000000,0,0,0,1,0,0,0,0,0,0,0,50,0,0,0,9,9,6,2,12,0,0,0,1,24,21659,6,1,0,0,3,0,61,201,0,0,0,0,3,7,2009,8,2009,0,0,0,0,0,1,2,50,1,1,2,2,0,0,1,54,1,1,2,89,1,0