STATE,ST_CASE,VEH_NO,VE_FORMS,NUMOCCS,DAY,MONTH,HOUR,MINUTE,HARM_EV,MAN_COLL,UNITTYPE,HIT_RUN,REG_STAT,OWNER,MAKE,MODEL,MAK_MOD,BODY_TYP,MOD_YEAR,VIN,VIN_1,VIN_2,VIN_3,VIN_4,VIN_5,VIN_6,VIN_7,VIN_8,VIN_9,VIN_10,VIN_11,VIN_12,TOW_VEH,VINTYPE,VINMAKE,VINA_MOD,VIN_BT,VINMODYR,VIN_LNGT,VIN_WGT,WGTCD_TR,WHLBS_LG,WHLBS_SH,SER_TR,FUELCODE,MCYCL_DS,J_KNIFE,MCARR_I1,MCARR_I2,MCARR_ID,GVWR,V_CONFIG,CARGO_BT,HAZ_INV,HAZ_PLAC,HAZ_ID,HAZ_CNO,HAZ_REL,BUS_USE,SPEC_USE,EMER_USE,TRAV_SP,UNDERIDE,ROLLOVER,ROLINLOC,IMPACT1,IMPACT2,DEFORMED,TOWED,M_HARM,VEH_SC1,VEH_SC2,FIRE_EXP,DR_PRES,L_STATE,DR_ZIP,L_STATUS,L_TYPE,CDL_STAT,L_ENDORS,L_COMPL,L_RESTRI,DR_HGT,DR_WGT,PREV_ACC,PREV_SUS,PREV_DWI,PREV_SPD,PREV_OTH,FIRST_MO,FIRST_YR,LAST_MO,LAST_YR,SPEEDREL,DR_SF1,DR_SF2,DR_SF3,DR_SF4,VTRAFWAY,VNUM_LAN,VSPD_LIM,VALIGN,VPROFILE,VPAVETYP,VSURCOND,VTRAFCON,VTCONT_F,P_CRASH1,P_CRASH2,P_CRASH3,PCRASH4,PCRASH5,ACC_TYPE,DEATHS,DR_DRINK
10,100018,2,2,1,26,3,14,19,12,6,1,0,10,1,12,481,12481,31,1998,1FTRX18L8WNB,1,F,T,R,X,1,8,L,8,W,N,B,0,T,FORD,F15,3C,98,17,,2,1570,1390,COF,G,,0,0,000000000,00000000000,0,0,0,1,0,0,0,0,0,0,0,999,0,0,0,12,12,6,2,12,0,0,0,1,10,19956,6,1,0,0,3,0,71,194,0,0,0,1,0,10,2009,10,2009,0,39,0,0,0,1,2,50,1,1,2,2,20,3,1,17,1,1,2,88,0,0
10,100019,1,2,2,2,4,15,9,12,6,1,0,10,1,7,442,7442,20,1998,1B4GP45G5WB7,1,B,4,G,P,4,5,G,5,W,B,7,0,P,DODG,CAR,SV,98,17,3574,,0,1133,,F,,0,0,000000000,00000000000,0,0,0,1,0,0,0,0,0,0,0,50,0,0,0,3,3,6,2,12,0,0,0,1,10,19958,6,1,0,0,3,3,72,240,0,0,0,0,0,0,0,0,0,0,0,0,0,0,1,2,50,1,1,2,1,0,0,1,66,1,1,2,87,1,0
10,100019,2,2,1,2,4,15,9,12,6,1,0,10,1,6,43,6043,1,2004,1C3EL55RX4N4,1,C,3,E,L,5,5,R,X,4,N,4,0,P,CHRY,SLI,CV,4,17,3362,,0,1060,,G,,0,0,000000000,00000000000,0,0,0,1,0,0,0,0,0,0,0,50,0,0,0,12,12,6,2,12,0,0,0,1,10,19940,6,1,0,0,3,0,64,136,0,0,0,0,0,0,0,0,0,0,38,39,0,0,1,2,50,1,1,2,1,20,3,1,17,1,1,2,86,0,0
10,100021,1,1,1,6,4,20,47,8,0,1,0,10,1,49,40,49040,4,2007,JTNBB46K8730,J,T,N,B,B,4,6,K,8,7,3,0,0,P,TOYT,CHY,4D,7,17,3680,,0,1093,,B,,0,0,000000000,00000000000,0,0,0,1,0,0,0,0,0,0,0,35,0,0,0,12,12,6,2,8,0,0,0,1,10,19966,6,1,0,0,3,3,67,140,0,0,0,0,0,0,0,0,0,0,0,0,0,0,1,2,35,1,1,2,1,0,0,1,80,1,1,1,13,0,0
10,100022,1,1,1,6,4,21,49,8,0,1,1,99,9,99,999,99999,99,9999,999999999999,9,9,9,9,9,9,9,9,9,9,9,9,0,U,,,,9,17,,,,,,,,0,0,000000000,00000000000,0,0,0,1,0,0,0,0,0,0,0,999,0,0,0,12,12,9,1,8,0,0,0,1,99,99999,9,9,99,9,9,9,999,999,99,99,99,99,99,99,9999,99,9999,9,86,0,0,0,2,4,99,1,1,2,1,0,0,1,17,1,1,1,13,0,0
10,100023,1,1,2,8,4,1,4,30,0,1,0,10,1,12,402,12402,14,2004,1FMCU03194DA,1,F,M,C,U,0,3,1,9,4,D,A,0,P,FORD,SPE,UT,4,17,3346,,0,1031,,G,,0,0,000000000,00000000000,0,0,0,1,0,0,0,0,0,0,0,55,0,0,0,9,9,6,2,30,0,0,0,1,10,19701,6,1,0,0,3,0,64,156,0,0,0,1,0,5,2007,5,2007,1,28,0,0,0,2,4,55,1,1,2,2,0,0,1,13,1,3,4,2,1,1
10,100024,1,1,1,18,4,18,17,42,0,1,0,10,2,20,443,20443,20,2000,1GNDX03E5YD2,1,G,N,D,X,0,3,E,5,Y,D,2,0,T,CHEV,VTR,ES,0,17,,1,0,1200,VTR,G,,0,0,000000000,00000000000,0,0,0,1,0,0,0,0,0,0,0,65,0,0,0,12,12,6,2,42,0,0,0,1,10,19960,6,1,0,0,3,0,74,200,0,0,0,0,1,4,2010,4,2010,1,0,0,0,0,1,2,50,1,1,2,1,0,0,1,13,1,1,4,1,1,1
10,100025,1,2,1,21,4,16,12,12,6,1,1,10,2,42,36,42036,4,1993,WDBGA32E8PA1,W,D,B,G,A,3,2,E,8,P,A,1,0,P,MERZ,30S,4D,93,17,4475,,0,1197,,G,,0,0,000000000,00000000000,0,0,0,1,0,0,0,0,0,0,0,99,0,0,0,10,10,6,2,12,0,0,0,1,10,19801,0,0,0,0,0,0,999,999,0,2,0,0,2,5,2008,4,2010,1,8,36,0,0,4,2,25,1,1,2,2,1,3,98,54,1,1,2,98,0,0
10,100025,2,2,1,21,4,16,12,12,6,1,0,10,2,6,51,6051,4,2006,2C3KA53G16H3,2,C,3,K,A,5,3,G,1,6,H,3,0,P,CHRY,3TR,4D,6,17,3651,,0,1200,,G,,0,0,000000000,00000000000,0,0,0,1,0,0,0,0,0,0,0,999,0,0,0,12,12,6,2,8,0,0,0,1,10,19804,6,1,0,0,3,0,70,142,0,0,0,0,2,7,2008,1,2009,0,0,0,0,0,4,2,25,1,1,2,2,1,3,4,54,1,1,2,98,0,0
10,100026,1,2,1,27,4,9,0,12,6,1,0,24,3,87,898,87898,62,2006,1NP5LB0X56N8,1,N,P,5,L,B,0,X,5,6,N,8,0,T,PTRB,379,TM,6,17,,8,0,0,CON,D,,0,24,367148,24367148,2,1,4,1,0,0,0,0,0,0,0,50,0,0,0,12,12,4,3,12,0,0,0,1,24,21629,6,1,6,1,3,0,67,210,0,0,0,0,2,7,2007,7,2007,0,0,0,0,0,1,2,50,1,1,2,2,0,0,1,62,8,1,2,98,0,0
10,100026,2,2,1,27,4,9,0,12,6,1,0,10,1,20,16,20016,4,2001,1G1JC1246171,1,G,1,J,C,1,2,4,6,1,7,1,0,P,CHEV,CAV,CP,1,17,2617,,0,1041,,G,,0,0,000000000,00000000000,0,0,0,1,0,0,0,0,0,0,0,50,0,0,0,3,3,6,2,12,0,0,0,1,10,19958,6,1,0,0,3,0,62,105,0,0,0,1,0,10,2008,10,2008,0,27,0,0,0,1,2,50,1,1,2,2,0,0,1,10,1,4,2,98,1,0
10,100027,1,1,1,30,4,7,35,42,0,1,0,10,1,21,2,21002,4,1998,1G3HY52K3W48,1,G,3,H,Y,5,2,K,3,W,4,8,0,P,OLDS,LSS,4D,98,17,3547,,0,1108,,G,,0,0,000000000,00000000000,0,0,0,1,0,0,0,0,0,0,0,65,0,0,0,9,9,6,2,42,0,0,0,1,10,19966,6,1,0,0,3,3,67,175,0,1,1,1,0,12,2007,10,2009,1,99,99,99,99,1,2,50,2,1,2,1,0,0,14,12,99,4,4,7,1,0
10,100028,1,1,1,30,4,0,34,31,0,1,0,10,1,49,49,49049,6,2006,JTLKT3246640,J,T,L,K,T,3,2,4,6,6,4,0,0,P,TOYT,SXB,UT,6,17,2395,,0,984,,G,,0,0,000000000,00000000000,0,0,0,1,0,0,0,0,0,0,0,999,0,2,5,12,5,6,2,1,0,0,0,1,10,19707,6,1,0,0,3,0,65,120,0,0,0,1,0,1,2010,1,2010,1,51,0,0,0,3,4,45,2,1,1,1,1,3,14,12,7,3,4,7,1,1
10,100029,1,2,1,2,5,1,21,12,6,1,0,10,1,55,401,55401,14,2007,5NMSH73E37H0,5,N,M,S,H,7,3,E,3,7,H,0,0,P,HYUN,SAN,UT,7,17,4022,,0,1063,,G,,0,0,000000000,00000000000,0,0,0,1,0,0,0,0,0,0,0,0,0,0,0,12,12,6,2,12,0,0,0,1,10,19806,6,1,0,0,3,3,70,160,0,0,0,0,0,0,0,0,0,1,0,0,0,0,1,4,35,1,1,2,1,0,0,1,19,1,1,3,98,0,1
10,100029,2,2,2,2,5,1,21,12,6,1,0,10,1,7,442,7442,20,1999,2B4FP25B5XR3,2,B,4,F,P,2,5,B,5,X,R,3,0,P,DODG,CAR,SV,99,17,3415,,0,1133,,G,,0,0,000000000,00000000000,0,0,0,1,0,0,0,0,0,0,0,999,0,1,1,3,3,6,2,12,0,0,0,1,10,19720,6,1,0,0,3,3,68,189,0,0,0,1,1,7,2007,7,2007,1,48,0,0,0,8,4,35,1,1,2,1,0,0,0,54,0,0,0,98,1,1
10,100030,1,1,1,5,5,23,39,8,0,1,0,24,1,12,401,12401,14,1998,1FMZU34E1WUB,1,F,M,Z,U,3,4,E,1,W,U,B,0,P,FORD,EPR,UT,98,17,4146,,0,1115,,G,,0,0,000000000,00000000000,0,0,0,1,0,0,0,0,0,0,0,40,0,0,0,12,12,4,3,8,0,0,0,1,24,21014,6,1,0,0,3,0,80,205,0,0,0,0,0,0,0,0,0,0,0,0,0,0,2,4,45,1,1,2,1,0,0,15,80,1,1,1,13,0,0
10,100031,1,2,1,8,5,16,4,12,2,1,0,10,1,48,401,48401,14,2003,JF1SG63633H7,J,F,1,S,G,6,3,6,3,3,H,7,0,P,SUBA,FOR,UT,3,17,3090,,0,994,,G,,0,0,000000000,00000000000,0,0,0,1,0,0,0,0,0,0,0,35,0,0,0,12,12,6,2,12,0,0,0,1,10,19804,6,1,0,0,3,0,63,135,0,0,0,0,0,0,0,0,0,0,0,0,0,0,1,2,35,1,2,2,1,0,0,1,62,1,1,2,51,0,0
10,100031,2,2,2,8,5,16,4,12,2,1,0,42,1,20,471,20471,30,2001,1GCCS19W4182,1,G,C,C,S,1,9,W,4,1,8,2,0,T,CHEV,S14,PC,1,17,,1,0,1229,S,G,,0,0,000000000,00000000000,0,0,0,1,0,0,0,0,0,0,0,40,0,0,0,12,12,6,2,12,0,0,0,1,42,19380,6,1,0,0,3,0,73,999,0,0,0,0,0,0,0,0,0,0,0,0,0,0,1,2,40,1,2,2,1,0,0,15,11,1,1,2,50,1,0
10,100032,1,2,1,11,5,7,27,12,1,1,0,10,3,84,881,84881,61,1999,1HTTGAHTXXJ0,1,H,T,T,G,A,H,T,X,X,J,0,0,T,INTL,F57,TM,99,17,,8,2120,1640,PYS,D,,0,99,999999999,99999999999,2,2,5,1,0,0,0,0,0,0,0,0,0,0,0,6,6,6,2,12,0,0,0,1,10,19963,6,1,6,1,3,0,70,221,0,0,0,0,0,0,0,0,0,0,0,0,0,0,3,4,55,1,1,2,1,1,3,5,53,1,1,1,21,0,0
10,100032,2,2,1,11,5,7,27,12,1,1,0,10,1,23,471,23471,30,1998,1GTCS1940W85,1,G,T,C,S,1,9,4,0,W,8,5,0,T,GMC,SON,PC,98,17,,1,0,1229,SON,G,,0,0,000000000,00000000000,0,0,0,1,0,0,0,0,0,0,0,55,0,0,0,12,12,6,2,12,0,0,0,1,10,19973,6,1,0,0,3,0,72,260,0,0,0,0,0,0,0,0,0,0,0,0,0,0,3,4,55,1,1,2,1,1,3,1,50,7,1,1,20,1,1
10,100033,1,3,1,21,5,14,18,12,8,1,0,42,2,12,401,12401,14,1993,1FMDU34X7PUD,1,F,M,D,U,3,4,X,7,P,U,D,0,P,FORD,EPR,UT,93,17,3997,,0,1120,,G,,0,0,000000000,00000000000,0,0,0,1,0,0,0,0,0,0,0,50,0,1,1,1,12,6,2,12,0,0,0,1,10,19702,0,0,0,0,0,0,999,999,99,99,99,99,99,99,9999,99,9999,1,36,58,0,0,1,2,50,2,2,2,1,0,0,15,10,1,2,2,66,0,1
10,100033,2,3,9,21,5,14,18,12,8,1,0,10,2,84,981,84981,50,2001,1HVBBABP41H4,1,H,V,B,B,A,B,P,4,1,H,4,0,T,INTL,380,BU,1,17,,7,2760,1520,30S,D,,0,10,354406,10354406,3,21,22,1,0,0,0,0,1,0,0,50,0,0,0,7,5,6,2,12,0,0,0,1,10,19720,6,1,6,1,3,1,72,179,0,0,0,0,0,0,0,0,0,0,0,0,0,0,1,2,50,3,2,2,1,0,0,14,62,6,1,2,66,0,0
10,100033,3,3,1,21,5,14,18,12,8,1,0,42,1,12,481,12481,31,2006,1FTSW215X6EB,1,F,T,S,W,2,1,5,X,6,E,B,0,T,FORD,F2S,CW,6,17,,2,1720,1560,SRW,G,,0,0,000000000,00000000000,0,0,0,1,0,0,0,0,0,0,0,50,0,0,0,12,12,6,2,12,0,0,0,1,10,19709,6,1,0,0,3,0,67,250,0,0,0,2,0,5,2008,9,2008,0,0,0,0,0,1,2,50,3,2,2,1,0,0,2,54,4,2,1,98,1,0
10,100034,1,1,2,23,5,6,58,1,0,1,0,42,2,22,18,22018,4,2004,1G2NF52E94M6,1,G,2,N,F,5,2,E,9,4,M,6,0,P,PONT,SE1,4D,4,17,3066,,0,1070,,G,,0,0,000000000,00000000000,0,0,0,1,0,0,0,0,0,0,0,45,0,2,5,0,13,6,2,1,0,0,0,1,42,19363,1,1,0,0,2,0,66,999,0,2,0,0,2,3,2009,1,2010,1,36,0,0,0,1,2,45,1,1,2,2,0,0,1,13,1,2,4,2,1,1
10,100035,1,1,1,28,5,14,39,8,0,1,0,42,1,2,403,2403,14,1997,1J4FY19S3VP4,1,J,4,F,Y,1,9,S,3,V,P,4,0,T,JEEP,SPW,2W,97,17,,1,0,934,W/T,G,,0,0,000000000,00000000000,0,0,0,1,0,0,0,0,0,0,0,55,0,0,0,12,12,4,3,8,0,0,0,1,42,19382,6,1,0,0,3,0,69,999,0,0,0,1,0,4,2009,4,2009,0,0,0,0,0,1,2,50,1,1,2,1,0,0,1,80,2,1,2,13,0,0
10,100036,1,2,1,1,6,14,48,12,6,1,0,10,1,49,40,49040,4,1999,4T1BG22K5XU5,4,T,1,B,G,2,2,K,5,X,U,5,0,P,TOYT,UEX,4D,99,17,2998,,0,1051,,G,,0,0,000000000,00000000000,0,0,0,1,0,0,0,0,0,0,0,20,0,0,0,5,5,2,3,12,0,0,0,1,10,19971,6,1,0,0,3,0,61,150,0,0,0,1,0,5,2010,5,2010,0,0,0,0,0,3,4,55,1,1,2,1,0,0,10,64,1,1,5,79,0,0
10,100036,2,2,1,1,6,14,48,12,6,1,0,92,0,72,706,72706,80,1995,1HD1CAP18SY2,1,H,D,1,C,A,P,1,8,S,Y,2,0,M,HD,L12,RS,95,17,,,,,,,1200,0,0,000000000,00000000000,0,0,0,1,0,0,0,0,0,0,0,35,0,0,0,11,11,6,2,12,0,0,0,1,10,19707,1,1,0,0,2,0,70,215,0,2,0,1,0,5,2009,1,2010,1,27,30,33,35,3,4,55,1,1,2,1,0,0,10,11,98,1,4,78,1,0
10,100037,1,1,2,6,6,4,16,30,0,1,0,10,1,20,37,20037,4,1999,1G1NE52J0X61,1,G,1,N,E,5,2,J,0,X,6,1,0,P,CHEV,M/L,4D,99,17,3077,,0,1070,,G,,0,0,000000000,00000000000,0,0,0,1,0,0,0,0,0,0,0,50,0,0,0,9,9,6,2,30,0,0,0,1,10,19709,6,1,0,0,3,0,68,145,0,0,0,0,2,9,2009,3,2010,1,28,36,58,0,1,2,50,2,1,2,1,0,0,14,10,8,2,4,7,1,1
10,100038,1,1,1,7,6,14,40,1,0,1,0,24,2,76,706,76706,80,2005,JYAVP11E15A0,J,Y,A,V,P,1,1,E,1,5,A,0,0,M,YAMA,XVA,RS,5,17,,,,,,,1063,0,0,000000000,00000000000,0,0,0,1,0,0,0,0,0,0,0,65,0,0,0,0,0,6,2,1,0,0,0,1,24,21660,6,1,0,0,3,0,70,270,0,2,0,1,1,6,2008,3,2010,0,57,0,0,0,2,4,65,1,1,2,1,0,0,1,64,3,1,4,98,1,0
10,100039,1,2,1,8,6,14,45,12,2,1,0,10,1,20,421,20421,15,2000,1GNCT18W9YK2,1,G,N,C,T,1,8,W,9,Y,K,2,0,P,CHEV,BZR,UT,0,17,3848,,0,1005,,G,,0,0,000000000,00000000000,0,0,0,1,0,0,0,0,0,0,0,40,0,0,0,12,12,6,2,12,0,0,0,1,10,19702,6,1,0,0,3,3,67,180,0,0,0,0,1,8,2007,8,2007,0,28,0,0,0,1,2,40,3,1,2,1,0,0,15,8,1,1,2,50,0,0
10,100039,2,2,2,8,6,14,45,12,2,1,0,10,2,12,481,12481,31,1953,F10R3K18389,F,1,0,R,3,K,1,8,3,8,9,,0,P,,,,,,,,,,,,,0,0,000000000,00000000000,0,0,0,1,0,0,0,0,0,0,0,40,0,0,0,12,12,6,2,12,0,0,1,1,24,21915,6,1,0,0,3,3,68,200,0,0,0,0,0,0,0,0,0,0,0,0,0,0,1,2,40,1,1,2,1,0,0,1,54,1,1,1,51,1,0
10,100040,1,1,1,8,6,19,38,8,0,1,0,10,2,6,441,6441,20,1994,1C4GH54L1RX1,1,C,4,G,H,5,4,L,1,R,X,1,0,P,CHRY,TWC,SV,94,17,3873,,0,1193,,G,,0,0,000000000,00000000000,0,0,0,1,0,0,0,0,0,0,0,50,0,0,0,12,12,4,3,8,0,0,0,1,10,19702,6,1,0,0,3,0,74,238,0,0,0,1,1,1,2009,6,2009,0,0,0,0,0,1,2,50,1,1,2,1,0,0,1,80,2,1,1,13,0,0
10,100041,1,1,1,10,6,19,8,33,0,1,0,0,0,53,706,53706,80,2001,JS1GW71A8121,J,S,1,G,W,7,1,A,8,1,2,1,0,M,SUZI,GXR,RS,1,17,,,,,,,1299,0,0,000000000,00000000000,0,0,0,1,0,0,0,0,0,0,0,80,0,0,0,12,12,6,2,1,0,0,0,1,10,19802,1,1,0,0,2,0,71,191,0,3,1,0,2,10,2008,2,2010,1,52,0,0,0,2,4,55,2,1,1,1,0,0,14,13,1,2,4,2,1,0
10,100042,1,1,1,14,6,17,57,26,0,1,0,10,2,55,401,55401,14,2006,KM8SC13D96U1,K,M,8,S,C,1,3,D,9,6,U,1,0,P,HYUN,SAN,UT,6,17,3549,,0,1031,,G,,0,0,000000000,00000000000,0,0,0,1,0,0,0,0,0,0,0,999,0,1,6,12,61,6,2,1,0,0,0,1,10,19947,6,1,0,0,3,0,63,128,0,0,0,0,3,7,2007,4,2010,1,30,0,0,0,1,2,50,1,1,2,1,20,3,1,17,1,9,4,14,1,1
10,100043,1,3,1,23,6,12,34,12,6,1,0,10,3,2,403,2403,14,2007,1J4GA39127L1,1,J,4,G,A,3,9,1,2,7,L,1,0,T,JEEP,WXR,4W,7,17,,1,0,1160,WRA,G,,0,0,000000000,00000000000,0,0,0,1,0,0,0,0,0,0,0,999,0,0,0,12,12,6,2,12,0,0,0,1,10,19702,6,1,0,0,3,0,70,190,0,0,0,0,0,0,0,0,0,1,39,0,0,0,2,4,45,1,1,2,1,1,3,0,54,0,0,0,88,0,0
10,100043,2,3,2,23,6,12,34,12,6,1,0,10,1,37,32,37032,4,2005,1HGCM56815A1,1,H,G,C,M,5,6,8,1,5,A,1,0,P,HOND,UEX,4D,5,17,3203,,0,1079,,G,,0,0,000000000,00000000000,0,0,0,1,0,0,0,0,0,0,0,999,0,0,0,9,9,6,2,12,0,0,0,1,10,19711,6,1,0,0,3,0,65,141,0,0,0,0,0,0,0,0,0,0,0,0,0,0,2,4,45,4,4,2,1,1,3,0,17,0,0,0,89,1,0
10,100043,3,3,1,23,6,12,34,12,6,1,0,10,1,49,40,49040,4,2001,4T1BG28K41U8,4,T,1,B,G,2,8,K,4,1,U,8,0,P,TOYT,CXL,4D,1,17,2998,,0,1051,,G,,0,0,000000000,00000000000,0,0,0,1,0,0,0,0,0,0,0,0,0,0,0,12,12,6,2,12,0,0,0,1,10,19808,6,1,0,0,3,3,66,139,0,0,0,2,0,2,2008,9,2009,0,0,0,0,0,2,4,45,1,1,2,1,1,3,0,54,0,0,0,98,0,0
10,100044,1,2,1,25,6,13,19,12,2,1,0,10,1,72,706,72706,80,2003,1HD1BXB133Y0,1,H,D,1,B,X,B,1,3,3,Y,0,0,M,HD,ISF,RS,3,17,,,,,,,1450,0,0,000000000,00000000000,0,0,0,1,0,0,0,0,0,0,0,40,0,0,0,12,12,6,2,12,0,0,0,1,10,19956,6,1,0,0,3,0,70,180,0,0,0,1,1,7,2008,10,2008,0,99,99,99,99,1,2,45,1,1,2,1,0,0,1,10,1,9,2,50,1,0
10,100044,2,2,1,25,6,13,19,12,2,1,0,24,1,20,481,20481,31,2006,1GCHK24UX6E2,1,G,C,H,K,2,4,U,X,6,E,2,0,T,CHEV,2KH,PK,6,17,,2,0,1330,SIL,G,,0,0,000000000,00000000000,0,0,0,1,0,0,0,0,0,0,0,50,0,0,0,12,12,6,2,12,0,0,0,1,10,19939,6,1,0,0,3,0,75,240,0,0,0,0,0,0,0,0,0,0,0,0,0,0,1,2,25,1,1,2,1,0,0,99,62,99,1,3,51,0,0
10,100045,1,1,1,3,7,4,5,34,0,1,0,24,1,12,481,12481,31,1990,1FTHX26M8LKB,1,F,T,H,X,2,6,M,8,L,K,B,0,T,FORD,F25,PS,90,17,,2,0,1550,COF,D,,0,0,000000000,00000000000,0,0,0,1,0,0,0,0,0,0,0,45,0,0,0,12,81,6,2,30,0,0,0,1,24,21629,6,1,0,0,3,0,72,180,0,0,0,0,1,1,2010,1,2010,0,0,0,0,0,1,2,50,3,1,2,1,0,0,14,13,1,1,5,1,1,1
10,100046,1,1,1,4,7,18,11,42,0,1,0,10,1,72,706,72706,80,2005,1HD1FCW135Y6,1,H,D,1,F,C,W,1,3,5,Y,6,0,M,HD,FLU,RS,5,17,,,,,,,1450,0,0,000000000,00000000000,0,0,0,1,0,0,0,0,0,0,0,999,0,0,0,12,12,6,2,42,0,0,0,1,10,19958,6,1,0,0,3,3,67,176,0,0,0,0,0,0,0,0,0,1,28,0,0,0,3,4,55,1,1,2,1,0,0,1,13,1,1,4,1,1,1
10,100047,1,2,1,9,7,23,59,12,1,1,0,10,1,37,706,37706,80,1988,1HFSC2209JA0,1,H,F,S,C,2,2,0,9,J,A,0,0,M,HOND,G15,RS,88,17,,,,,,,1500,0,0,000000000,00000000000,0,0,0,1,0,0,0,0,0,0,0,55,0,0,0,6,6,6,2,12,0,0,0,1,10,19720,6,1,0,0,3,0,72,350,0,0,0,0,0,0,0,0,0,0,0,0,0,0,2,4,55,1,1,2,1,0,0,0,53,0,0,0,25,1,1
10,100047,2,2,1,9,7,23,59,12,1,1,1,10,1,47,36,47036,4,2001,YS3EH48G9130,Y,S,3,E,H,4,8,G,9,1,3,0,0,P,SAA,9/A,4D,1,17,3620,,0,1064,,G,,0,0,000000000,00000000000,0,0,0,1,0,0,0,0,0,0,0,99,0,0,0,12,12,9,1,12,0,0,0,1,10,19720,6,1,0,0,3,0,69,195,0,0,0,0,0,0,0,0,0,1,26,0,0,0,2,4,55,1,1,2,1,0,0,1,51,1,1,1,24,0,0
10,100048,1,2,1,11,7,7,43,12,2,1,0,24,1,35,47,35047,4,2000,1N4DL01D8YC2,1,N,4,D,L,0,1,D,8,Y,C,2,0,P,NISS,AGS,4D,0,17,2754,,0,1031,,G,,0,0,000000000,00000000000,0,0,0,1,0,0,0,0,0,0,0,60,0,0,0,12,12,6,2,12,0,0,0,1,24,21222,6,1,0,0,3,0,64,105,0,0,0,0,0,0,0,0,0,1,28,0,0,0,1,2,50,3,1,2,1,0,0,14,10,1,1,2,50,1,1
10,100048,2,2,2,11,7,7,43,12,2,1,0,10,1,20,471,20471,30,1998,1GCDT19X5W82,1,G,C,D,T,1,9,X,5,W,8,2,0,T,CHEV,S14,PC,98,17,,1,0,1229,S,G,,0,0,000000000,00000000000,0,0,0,1,0,0,0,0,0,0,0,50,0,0,0,12,12,6,2,12,0,0,0,1,10,19947,6,1,0,0,3,3,67,189,0,0,0,0,0,0,0,0,0,0,0,0,0,0,1,2,50,2,1,2,1,0,0,14,62,1,1,1,51,0,0
10,100049,1,1,1,16,7,8,29,8,0,1,0,10,2,14,36,14036,4,1999,1MEFM13P3XW6,1,M,E,F,M,1,3,P,3,X,W,6,0,P,MERC,TLP,4D,99,17,2498,,0,984,,G,,0,0,000000000,00000000000,0,0,0,1,0,0,0,0,0,0,0,50,0,0,0,12,12,4,3,8,0,0,0,1,10,19720,6,2,0,0,3,0,64,110,0,0,0,0,0,0,0,0,0,0,0,0,0,0,2,6,50,1,1,2,1,1,3,0,80,0,0,0,13,0,0
10,100050,1,1,1,16,7,16,19,8,0,1,0,10,1,6,441,6441,20,1996,1C4GP54L5TB2,1,C,4,G,P,5,4,L,5,T,B,2,0,P,CHRY,TWC,SV,96,17,3838,,0,1193,,G,,0,0,000000000,00000000000,0,0,0,1,0,0,0,0,0,0,0,999,0,0,0,3,3,2,1,8,0,0,0,1,10,19904,6,1,0,0,3,0,63,168,0,0,0,0,0,0,0,0,0,0,0,0,0,0,1,2,25,1,1,2,1,20,3,0,81,0,0,0,13,0,0
10,100051,1,2,2,14,7,12,10,12,6,1,0,10,1,2,403,2403,14,2008,1J4GA39188L5,1,J,4,G,A,3,9,1,8,8,L,5,0,T,JEEP,WUX,4W,8,17,,1,0,1160,WUL,G,,0,0,000000000,00000000000,0,0,0,1,0,0,0,0,0,0,0,50,0,0,0,9,9,6,2,12,0,0,0,1,10,19947,6,1,0,0,3,0,71,184,0,0,0,0,0,0,0,0,0,0,39,0,0,0,1,2,50,1,1,2,1,20,3,1,17,1,1,1,89,1,0
10,100051,2,2,1,14,7,12,10,12,6,1,0,10,3,86,881,86881,63,2007,1M2AG11C87M0,1,M,2,A,G,1,1,C,8,7,M,0,0,T,MACK,CV7,TM,7,17,,8,0,0,700,D,,0,99,999999999,99999999999,3,1,4,1,0,0,0,0,0,0,0,50,0,0,0,12,12,2,3,12,0,0,0,1,10,19973,6,1,6,1,3,0,72,186,0,0,0,1,0,4,2010,4,2010,0,0,0,0,0,1,2,50,1,1,2,1,20,3,0,66,0,0,0,88,0,0
10,100052,1,1,1,17,7,1,17,30,0,1,0,10,2,12,3,12003,2,1995,1FALP4047SF2,1,F,A,L,P,4,0,4,7,S,F,2,0,P,FORD,MUS,CP,95,17,3077,,0,1013,,G,,0,0,000000000,00000000000,0,0,0,1,0,0,0,0,0,0,0,999,0,0,0,3,3,6,2,30,0,0,0,1,10,19966,6,1,0,0,3,0,69,166,0,1,1,0,0,8,2007,8,2007,1,99,99,99,99,1,2,99,2,1,2,1,0,0,14,13,1,2,4,2,1,0
10,100053,1,1,1,20,7,20,49,8,0,1,0,10,1,22,2,22002,4,1985,1G2BL69H4FX2,1,G,2,B,L,6,9,H,4,F,X,2,0,P,PONT,PRS,4D,85,17,3350,,0,1160,,G,,0,0,000000000,00000000000,0,0,0,1,0,0,0,0,0,0,0,50,0,0,0,12,12,2,3,8,0,0,0,1,10,19713,6,1,0,0,3,0,63,143,0,0,0,0,0,0,0,0,0,0,0,0,0,0,3,4,50,1,1,1,1,0,0,0,80,0,0,0,13,0,0