STATE,ST_CASE,VEH_NO,VE_FORMS,NUMOCCS,DAY,MONTH,HOUR,MINUTE,HARM_EV,MAN_COLL,UNITTYPE,HIT_RUN,REG_STAT,OWNER,MAKE,MODEL,MAK_MOD,BODY_TYP,MOD_YEAR,VIN,VIN_1,VIN_2,VIN_3,VIN_4,VIN_5,VIN_6,VIN_7,VIN_8,VIN_9,VIN_10,VIN_11,VIN_12,TOW_VEH,VINTYPE,VINMAKE,VINA_MOD,VIN_BT,VINMODYR,VIN_LNGT,VIN_WGT,WGTCD_TR,WHLBS_LG,WHLBS_SH,SER_TR,FUELCODE,MCYCL_DS,J_KNIFE,MCARR_I1,MCARR_I2,MCARR_ID,GVWR,V_CONFIG,CARGO_BT,HAZ_INV,HAZ_PLAC,HAZ_ID,HAZ_CNO,HAZ_REL,BUS_USE,SPEC_USE,EMER_USE,TRAV_SP,UNDERIDE,ROLLOVER,ROLINLOC,IMPACT1,IMPACT2,DEFORMED,TOWED,M_HARM,VEH_SC1,VEH_SC2,FIRE_EXP,DR_PRES,L_STATE,DR_ZIP,L_STATUS,L_TYPE,CDL_STAT,L_ENDORS,L_COMPL,L_RESTRI,DR_HGT,DR_WGT,PREV_ACC,PREV_SUS,PREV_DWI,PREV_SPD,PREV_OTH,FIRST_MO,FIRST_YR,LAST_MO,LAST_YR,SPEEDREL,DR_SF1,DR_SF2,DR_SF3,DR_SF4,VTRAFWAY,VNUM_LAN,VSPD_LIM,VALIGN,VPROFILE,VPAVETYP,VSURCOND,VTRAFCON,VTCONT_F,P_CRASH1,P_CRASH2,P_CRASH3,PCRASH4,PCRASH5,ACC_TYPE,DEATHS,DR_DRINK
10,100054,1,1,6,28,7,21,48,1,0,1,0,10,1,20,431,20431,16,1999,1GNFK16R4XJ3,1,G,N,F,K,1,6,R,4,X,J,3,0,P,CHEV,K15,UT,99,17,5297,,0,1315,,G,,0,0,000000000,00000000000,0,0,0,1,0,0,0,0,0,0,0,74,0,2,3,0,0,6,2,1,0,0,0,1,10,19805,6,1,0,0,3,3,64,130,0,1,1,0,1,12,2007,8,2008,1,8,36,58,0,2,6,55,1,2,2,1,0,0,3,52,6,3,4,8,1,1
10,100055,1,1,3,1,8,17,45,42,0,1,0,10,1,12,481,12481,31,2002,1FTRX18LX2NA,1,F,T,R,X,1,8,L,X,2,N,A,0,T,FORD,F15,4C,2,17,,2,1574,1388,COF,G,,0,0,000000000,00000000000,0,0,0,1,0,0,0,0,0,0,0,70,0,1,6,3,3,6,2,42,0,0,0,1,10,19954,2,1,0,0,2,0,72,165,0,2,2,1,0,12,2008,6,2010,1,28,0,0,0,1,2,50,1,1,2,1,0,0,3,13,1,1,5,1,1,1
10,100056,1,1,1,1,8,21,10,9,0,1,0,10,2,23,401,23401,14,2003,1GKDT13S5323,1,G,K,D,T,1,3,S,5,3,2,3,0,T,GMC,ENV,4W,3,17,,1,0,1130,ENV,G,,0,0,000000000,00000000000,0,0,0,1,0,0,0,0,0,0,0,50,0,0,0,12,12,6,2,9,0,0,0,1,10,19968,6,1,0,0,3,0,68,142,0,0,0,1,0,5,2010,5,2010,0,30,0,0,0,1,2,50,1,1,2,1,0,0,1,85,1,1,1,13,0,0
10,100057,1,2,2,3,8,12,21,12,6,1,0,0,0,99,731,99731,90,2005,000000000000,0,0,0,0,0,0,0,0,0,0,0,0,0,U,,,,,17,,,,,,,,0,0,000000000,00000000000,0,0,0,1,0,0,0,0,0,0,0,44,0,0,0,62,62,6,2,12,0,0,0,1,10,19973,0,0,0,0,0,0,999,999,0,0,0,0,0,0,0,0,0,0,28,0,0,0,1,2,50,1,1,2,1,0,0,3,10,1,1,2,89,1,0
10,100057,2,2,1,3,8,12,21,12,6,1,0,10,2,20,22,20022,2,2006,1G1AK15F4676,1,G,1,A,K,1,5,F,4,6,7,6,0,P,CHEV,BLS,CP,6,17,2991,,0,1033,,G,,0,0,000000000,00000000000,0,0,0,1,0,0,0,0,0,0,0,50,0,0,0,12,12,6,2,12,0,0,0,1,10,19947,6,2,0,0,3,0,64,134,0,0,0,0,0,0,0,0,0,0,0,0,0,0,1,2,50,1,1,2,1,0,0,1,51,1,1,2,88,0,0
10,100058,1,2,1,5,8,6,44,12,6,1,0,10,2,20,481,20481,31,2008,1GCEC14X58Z3,1,G,C,E,C,1,4,X,5,8,Z,3,0,T,CHEV,SC1,PK,8,17,,2,1330,1190,SIL,G,,0,0,000000000,00000000000,0,0,0,1,0,0,0,0,0,0,0,65,0,0,0,3,3,6,2,12,0,0,0,1,10,19709,6,1,0,0,3,0,69,135,0,0,0,0,0,0,0,0,0,0,0,0,0,0,2,6,65,1,1,1,1,0,0,98,10,1,1,2,68,1,0
10,100058,2,2,1,5,8,6,44,12,6,1,0,10,3,87,881,87881,66,2006,1XP5DB0X06N8,1,X,P,5,D,B,0,X,0,6,N,8,1,T,PTRB,379,DS,6,17,,8,0,0,CON,D,,1,99,999999999,99999999999,3,6,1,1,0,0,0,0,0,0,0,55,0,1,6,12,12,6,2,12,0,0,0,1,42,19312,6,1,6,3,3,0,66,999,0,0,0,0,3,10,2008,5,2009,0,0,0,0,0,2,6,55,1,1,1,1,0,0,1,78,1,1,2,69,0,0
10,100059,1,2,1,6,8,20,55,12,6,1,0,10,1,20,481,20481,31,2004,1GCHK23U54F2,1,G,C,H,K,2,3,U,5,4,F,2,0,T,CHEV,2KH,CW,4,17,,2,1670,1530,SIL,G,,0,0,000000000,00000000000,0,0,0,1,0,0,0,0,0,0,0,999,0,0,0,12,12,6,2,12,0,0,0,1,10,19938,6,1,0,0,3,0,60,141,0,0,0,0,0,0,0,0,0,0,0,0,0,0,1,2,50,1,1,2,1,0,0,1,71,1,1,2,88,0,1
10,100059,2,2,2,6,8,20,55,12,6,1,0,10,2,20,481,20481,31,1991,2GCEK19K9M11,2,G,C,E,K,1,9,K,9,M,1,1,0,T,CHEV,GK1,PC,91,17,,2,1555,1415,GM4,G,,0,0,000000000,00000000000,0,0,0,1,0,0,0,0,0,0,0,99,0,0,0,9,9,6,2,12,0,0,0,1,10,19953,6,1,0,0,3,0,65,125,0,0,0,3,0,11,2008,12,2009,0,38,0,0,0,0,0,0,0,0,0,0,0,0,98,17,1,1,2,89,1,1
10,100060,1,2,1,15,8,1,9,12,2,1,0,10,2,41,471,41471,30,1994,4F4CR12A9RTM,4,F,4,C,R,1,2,A,9,R,T,M,0,T,MAZD,RGC,PK,94,17,,1,0,1079,B23,G,,0,0,000000000,00000000000,0,0,0,1,0,0,0,0,0,0,0,50,0,0,0,12,12,6,2,12,0,0,0,1,10,19901,0,0,0,0,0,0,999,999,99,99,99,99,99,99,9999,99,9999,1,28,0,0,0,1,2,50,2,1,2,1,0,0,14,10,1,1,2,50,1,1
10,100060,2,2,1,15,8,1,9,12,2,1,0,10,2,41,37,41037,4,2001,1YVGF22C2152,1,Y,V,G,F,2,2,C,2,1,5,2,0,P,MAZD,U6X,4D,1,17,2864,,0,1051,,G,,0,0,000000000,00000000000,0,0,0,1,0,0,0,0,0,0,0,50,0,0,0,12,12,6,2,12,0,0,0,1,10,19953,6,1,0,0,3,1,64,131,0,0,0,1,0,4,2010,4,2010,0,0,0,0,0,1,2,50,3,1,2,1,0,0,14,54,1,1,2,51,0,0
10,100061,1,1,1,18,8,15,42,42,0,1,0,10,1,42,42,42042,4,1995,WDBHA22E5SF2,W,D,B,H,A,2,2,E,5,S,F,2,0,P,MERZ,C22,4D,95,17,3055,,0,1059,,G,,0,0,000000000,00000000000,0,0,0,1,0,0,0,0,0,0,0,50,0,0,0,9,9,6,2,42,0,0,0,1,10,19963,6,1,0,0,3,0,68,155,0,0,0,1,0,3,2008,3,2008,0,0,0,0,0,1,2,50,1,1,2,2,0,0,1,12,1,3,4,7,1,1
10,100062,1,1,1,25,8,23,56,21,0,1,0,10,1,23,481,23481,31,2004,1GTEK14T64Z1,1,G,T,E,K,1,4,T,6,4,Z,1,0,T,GMC,NK1,PK,4,17,,2,1330,1190,SIE,G,,0,0,000000000,00000000000,0,0,0,1,0,0,0,0,0,0,0,35,0,0,0,1,1,6,2,21,0,0,0,1,10,19901,6,1,0,0,3,0,67,175,0,0,0,0,0,0,0,0,0,0,27,0,0,0,1,2,5,1,2,2,1,0,0,1,12,1,1,4,6,1,0
10,100063,1,2,4,27,8,16,34,12,2,1,0,10,1,21,21,21021,4,2001,1G3NL52T81C1,1,G,3,N,L,5,2,T,8,1,C,1,0,P,OLDS,A/G,4D,1,17,3022,,0,1070,,G,,0,0,000000000,00000000000,0,0,0,1,0,0,0,0,0,0,0,50,0,0,0,12,12,6,2,12,0,0,0,1,10,19953,6,1,0,0,3,0,64,180,0,0,0,3,0,12,2008,6,2010,0,0,0,0,0,1,2,50,1,1,2,1,0,0,1,54,1,1,3,51,2,0
10,100063,2,2,1,27,8,16,34,12,2,1,0,10,1,49,32,49032,4,1999,2T1BR12E5XC1,2,T,1,B,R,1,2,E,5,X,C,1,0,P,TOYT,UVL,4D,99,17,2414,,0,970,,G,,0,0,000000000,00000000000,0,0,0,1,0,0,0,0,0,0,0,50,0,0,0,12,12,6,2,12,0,0,0,1,10,19901,6,1,0,0,3,0,73,222,0,0,0,2,0,8,2008,6,2010,0,27,0,0,0,1,2,50,1,1,1,1,0,0,15,10,1,1,2,50,1,0
10,100064,1,2,3,29,8,16,12,12,6,1,0,10,1,12,401,12401,14,2000,1FMZU75E4YZC,1,F,M,Z,U,7,5,E,4,Y,Z,C,0,P,FORD,EPR,UT,0,17,4168,,0,1116,,G,,0,0,000000000,00000000000,0,0,0,1,0,0,0,0,0,0,0,50,0,0,0,12,12,6,2,12,0,0,1,1,10,19950,6,1,0,0,3,3,65,131,0,0,0,1,0,5,2010,5,2010,0,39,0,0,0,1,2,50,1,1,2,1,20,3,1,17,1,1,1,88,0,0
10,100064,2,2,3,29,8,16,12,12,6,1,0,10,1,14,21,14021,4,2007,3MEHM08Z17R6,3,M,E,H,M,0,8,Z,1,7,R,6,0,P,MERC,MPR,4D,7,17,3117,,0,1074,,G,,0,0,000000000,00000000000,0,0,0,1,0,0,0,0,0,0,0,50,0,0,0,9,9,6,2,12,0,0,1,1,10,19947,6,1,0,0,3,3,62,135,0,0,0,0,0,0,0,0,0,0,0,0,0,0,1,2,50,1,1,2,1,0,0,1,66,1,1,1,89,1,0
10,100065,1,1,1,9,9,5,5,8,0,1,1,99,9,99,999,99999,99,9999,999999999999,9,9,9,9,9,9,9,9,9,9,9,9,0,U,,,,9,17,,,,,,,,0,0,000000000,00000000000,0,0,0,1,0,0,0,0,0,0,0,999,0,0,0,12,99,9,1,8,0,0,0,1,99,99999,9,9,99,9,9,9,999,999,99,99,99,99,99,99,9999,99,9999,9,86,0,0,0,2,4,50,1,1,2,1,0,0,1,80,99,1,1,13,0,0
10,100066,1,1,1,9,9,20,42,34,0,1,0,10,1,2,404,2404,14,1996,1J4GZ58S1TC1,1,J,4,G,Z,5,8,S,1,T,C,1,0,T,JEEP,LRO,4W,96,17,,1,0,1059,GCK,G,,0,0,000000000,00000000000,0,0,0,1,0,0,0,0,0,0,0,40,0,1,5,12,12,6,2,1,0,0,0,1,10,19953,1,1,0,0,2,0,66,150,0,1,0,0,0,5,2010,5,2010,1,99,99,99,99,1,2,50,1,1,2,1,0,0,1,13,1,1,4,1,1,0
10,100067,1,2,2,15,9,22,6,12,6,1,0,10,2,20,441,20441,20,1993,1GNDM19W3PB1,1,G,N,D,M,1,9,W,3,P,B,1,0,T,CHEV,AST,ES,93,17,,1,0,1110,AST,G,,0,0,000000000,00000000000,0,0,0,1,0,0,0,0,0,0,0,50,0,0,0,12,12,6,2,12,0,0,0,1,10,19805,6,1,0,0,3,0,72,151,0,0,0,0,0,0,0,0,0,0,0,0,0,0,1,4,45,1,2,2,1,0,0,1,67,1,1,2,69,0,0
10,100067,2,2,4,15,9,22,6,12,6,1,0,24,1,20,16,20016,4,1996,3G1JF52T4TS9,3,G,1,J,F,5,2,T,4,T,S,9,0,P,CHEV,CAS,4D,96,17,2736,,0,1041,,G,,0,0,000000000,00000000000,0,0,0,1,0,0,0,0,0,0,0,50,0,0,0,9,9,6,2,12,0,0,0,1,10,19720,0,0,0,0,0,0,999,999,99,99,99,99,99,99,9999,99,9999,0,39,0,0,0,1,4,45,1,2,2,1,20,3,11,15,1,1,2,68,1,0
10,100068,1,1,2,12,9,12,38,42,0,1,0,24,1,20,2,20002,4,2007,2G1WB58K4792,2,G,1,W,B,5,8,K,4,7,9,2,0,P,CHEV,IPL,4D,7,17,3674,,0,1105,,F,,0,0,000000000,00000000000,0,0,0,1,0,0,0,0,0,0,0,50,0,0,0,3,12,6,2,42,0,0,0,1,24,21771,6,1,0,0,3,0,67,160,0,0,0,1,0,12,2009,12,2009,1,87,0,0,0,1,2,50,2,1,2,2,20,3,14,13,1,1,5,1,2,0
10,100069,1,1,1,29,9,19,19,34,0,1,0,10,1,7,43,7043,4,1999,1B3EJ46XXXN5,1,B,3,E,J,4,6,X,X,X,N,5,0,P,DODG,STR,4D,99,17,2857,,0,1080,,G,,0,0,000000000,00000000000,0,0,0,1,0,0,0,0,0,0,0,999,0,0,0,12,12,6,2,34,0,0,0,1,10,19953,6,1,0,0,3,3,63,185,0,0,0,0,0,0,0,0,0,1,0,0,0,0,1,2,50,1,1,2,1,0,0,1,13,99,2,5,2,1,1
10,100070,1,2,1,4,10,9,0,12,6,1,0,10,1,37,32,37032,4,2005,1HGCM66545A0,1,H,G,C,M,6,6,5,4,5,A,0,0,P,HOND,UEX,4D,5,17,3384,,0,1079,,G,,0,0,000000000,00000000000,0,0,0,1,0,0,0,0,0,0,0,999,0,0,0,3,3,6,2,12,0,0,0,1,10,19711,6,1,0,0,3,0,70,170,0,0,0,0,0,0,0,0,0,1,87,0,0,0,1,2,50,2,1,2,2,0,0,98,10,8,4,2,68,1,0
10,100070,2,2,1,4,10,9,0,12,6,1,0,10,1,48,398,48398,4,2010,4S3BMBK69A32,4,S,3,B,M,B,K,6,9,A,3,2,0,P,SUBA,25L,4D,10,17,3451,,0,1083,,G,,0,0,000000000,00000000000,0,0,0,1,0,0,0,0,0,0,0,999,0,0,0,12,12,6,2,12,0,0,0,1,10,19711,6,1,0,0,3,3,72,170,0,0,0,0,1,1,2008,1,2008,0,0,0,0,0,1,2,40,2,1,2,2,0,0,14,62,1,1,1,69,0,0
10,100071,1,2,1,7,10,1,37,12,1,1,0,9,3,82,881,82881,66,1998,1FUPCSZBXWL9,1,F,U,P,C,S,Z,B,X,W,L,9,1,T,FRHT,FLD,DS,98,17,,8,0,0,CON,D,,1,9,1059934,091059934,3,6,1,1,0,0,0,0,0,0,0,0,0,0,0,6,6,4,3,12,0,0,0,1,13,30052,6,1,6,0,3,0,69,165,98,0,0,0,0,0,0,0,0,0,0,0,0,0,2,4,55,1,1,2,1,1,3,5,53,1,1,1,21,0,0
10,100071,2,2,1,7,10,1,37,12,1,1,0,37,1,55,35,55035,4,2001,KMHDN45D51U0,K,M,H,D,N,4,5,D,5,1,U,0,0,P,HYUN,EST,4D,1,17,2635,,0,1027,,G,,0,0,000000000,00000000000,0,0,0,1,0,0,0,0,0,0,0,55,1,0,0,12,12,6,2,12,0,0,0,1,37,27834,6,1,0,0,3,0,71,999,0,1,0,0,1,12,2007,1,2008,1,99,99,99,99,2,4,55,1,1,2,1,1,3,1,50,1,1,1,20,1,1
10,100072,1,1,1,7,10,22,39,8,0,1,0,18,3,82,881,82881,66,2006,1FUBA5CK06LW,1,F,U,B,A,5,C,K,0,6,L,W,1,T,FRHT,COL,DS,6,17,,7,0,0,CON,D,,1,18,32574,1832574,3,6,1,1,0,0,0,0,0,0,0,55,0,0,0,12,12,0,1,8,0,0,0,1,42,17860,6,1,6,1,3,0,72,999,0,0,0,0,0,0,0,0,0,0,0,0,0,0,2,4,55,1,2,1,1,0,0,1,80,1,1,1,13,0,0
10,100073,1,2,2,15,10,21,33,8,0,1,1,10,2,55,35,55035,4,2000,KMHJF35F8YU9,K,M,H,J,F,3,5,F,8,Y,U,9,0,P,HYUN,EGS,4D,0,17,2626,,0,1004,,G,,0,0,000000000,00000000000,0,0,0,1,0,0,0,0,0,0,0,99,0,0,0,12,12,4,1,8,0,0,0,1,10,19973,6,1,0,0,3,0,70,150,0,0,0,4,2,1,2010,9,2010,0,86,0,0,0,1,2,50,1,1,2,1,0,0,1,80,1,1,1,13,0,0
10,100073,2,2,2,15,10,21,33,8,0,1,0,10,2,20,401,20401,14,2002,1GNDT13S5222,1,G,N,D,T,1,3,S,5,2,2,2,0,P,CHEV,TRL,UT,2,17,4628,,0,1130,,G,,0,0,000000000,00000000000,0,0,0,1,0,0,0,0,0,0,0,35,0,0,0,12,12,0,1,8,0,0,0,1,10,19973,6,1,0,0,3,0,69,196,0,0,0,0,0,0,0,0,0,0,86,0,0,0,1,2,50,1,1,2,1,0,0,1,80,2,1,1,98,0,0
10,100074,1,1,2,28,10,15,12,24,0,1,0,10,2,52,39,52039,2,1996,JA3AM84J7TY0,J,A,3,A,M,8,4,J,7,T,Y,0,0,P,MITS,3GT,2H,96,17,3252,,0,972,,G,,0,0,000000000,00000000000,0,0,0,1,0,0,0,0,0,0,0,100,0,1,5,12,13,6,2,1,0,0,0,1,10,19701,6,2,0,0,3,0,69,140,0,0,0,0,0,0,0,0,0,1,0,0,0,0,3,6,65,1,1,2,1,0,0,17,10,8,2,5,3,2,0
10,100075,1,3,2,31,10,20,12,12,6,1,0,10,3,12,401,12401,14,1997,1FMDU34X1VUC,1,F,M,D,U,3,4,X,1,V,U,C,0,P,FORD,EPR,UT,97,17,4166,2,0,1115,SIL,G,,0,0,000000000,00000000000,0,0,0,1,0,0,0,0,0,0,0,55,0,0,0,9,9,6,2,12,0,0,0,1,10,19952,6,1,0,0,3,0,76,250,0,0,0,0,0,0,0,0,0,1,34,0,0,0,3,4,55,1,1,2,1,0,0,1,64,1,1,3,48,2,0
10,100075,2,3,1,31,10,20,12,12,6,1,0,10,1,20,482,20482,31,2004,2GCEK19T7411,2,G,C,E,K,1,9,T,7,4,1,1,0,T,CHEV,SK1,4C,4,17,,2,1575,1435,SIL,G,,0,0,000000000,00000000000,0,0,0,1,0,0,0,0,0,0,0,84,0,0,0,12,12,6,2,12,0,0,0,1,10,19952,6,1,0,0,3,0,76,250,0,0,0,0,0,0,0,0,0,1,8,36,0,0,3,4,55,1,1,2,1,0,0,6,12,2,2,2,48,0,0
10,100075,3,3,1,31,10,20,12,12,6,1,0,10,1,19,3,19003,4,1993,1G6CD53B3P43,1,G,6,C,D,5,3,B,3,P,4,3,0,P,CADI,DFW,4D,93,17,3424,,0,1138,,G,,0,0,000000000,00000000000,0,0,0,1,0,0,0,0,0,0,0,55,0,0,0,1,1,6,2,12,0,0,0,1,10,19973,6,1,0,0,3,0,66,144,0,0,0,0,0,0,0,0,0,0,0,0,0,0,3,4,55,1,1,2,1,0,0,0,54,0,0,0,98,0,0
10,100076,1,1,1,7,11,9,0,8,0,1,1,10,1,20,471,20471,30,1988,1GNCT18R8J01,1,G,N,C,T,1,8,R,8,J,0,1,0,T,CHEV,SBZ,S2,88,17,,1,0,1005,S10,G,,0,0,000000000,00000000000,0,0,0,1,0,0,0,0,0,0,0,999,0,0,0,12,12,4,1,8,0,0,0,1,10,19943,6,1,0,0,3,0,71,90,0,0,0,0,0,0,0,0,0,9,91,0,0,0,1,2,50,1,1,2,1,0,0,99,80,1,1,9,13,0,0
10,100077,1,1,1,8,11,17,47,9,0,1,0,10,3,7,442,7442,20,2007,1D4GP25E47B1,1,D,4,G,P,2,5,E,4,7,B,1,0,P,DODG,CAR,SV,7,17,3821,,0,1133,,F,,0,0,000000000,00000000000,0,0,0,1,0,0,0,0,0,0,0,57,0,0,0,12,12,4,3,9,0,0,0,1,10,19973,6,1,0,0,3,0,67,180,0,0,0,2,0,12,2007,7,2010,0,86,0,0,0,1,2,45,1,1,2,1,0,0,1,80,1,1,1,13,0,0
10,100078,1,1,1,11,11,8,49,42,0,1,0,10,2,35,50,35050,4,2010,3N1BC1AP7AL3,3,N,1,B,C,1,A,P,7,A,L,3,0,P,NISS,VSL,4D,10,17,2671,,0,1024,,G,,0,0,000000000,00000000000,0,0,0,1,0,0,0,0,0,0,0,999,0,0,0,12,12,6,2,42,0,0,0,1,10,19958,6,1,0,0,3,0,69,175,0,0,0,0,0,0,0,0,0,1,36,0,0,0,1,2,35,1,1,2,1,0,0,99,13,3,4,4,2,1,0
10,100079,1,2,1,22,11,0,1,12,2,1,0,10,1,55,35,55035,6,2000,KMHJW35F3YU1,K,M,H,J,W,3,5,F,3,Y,U,1,0,P,HYUN,EGS,SW,0,17,2681,,0,1004,,G,,0,0,000000000,00000000000,0,0,0,1,0,0,0,0,0,0,0,999,0,0,0,12,12,6,2,12,0,0,0,1,10,19960,2,1,0,0,2,3,68,215,0,3,1,1,1,4,2009,1,2010,0,51,0,0,0,2,4,55,1,1,2,1,0,0,1,54,1,1,9,50,1,1
10,100079,2,2,1,22,11,0,1,12,2,1,0,10,1,52,37,52037,2,2001,4A3AC44G61E0,4,A,3,A,C,4,4,G,6,1,E,0,0,P,MITS,EGS,2H,1,17,2944,,0,1008,,G,,0,0,000000000,00000000000,0,0,0,1,0,0,0,0,0,0,0,999,0,0,0,12,12,6,2,12,0,0,0,1,10,19804,6,1,0,0,3,0,63,105,0,0,0,0,0,0,0,0,0,0,0,0,0,0,2,4,55,1,1,2,1,0,0,1,54,1,1,1,51,1,0
10,100080,1,2,2,22,11,15,40,12,2,1,0,10,1,37,31,37031,4,2001,2HGES267X1H5,2,H,G,E,S,2,6,7,X,1,H,5,0,P,HOND,UAX,4D,1,17,2615,,0,1031,,G,,0,0,000000000,00000000000,0,0,0,1,0,0,0,0,0,0,0,50,0,0,0,12,12,6,2,12,0,0,0,1,10,19904,6,1,0,0,3,0,73,190,0,0,0,0,0,0,0,0,0,0,99,99,99,99,1,2,50,2,1,2,1,0,0,14,11,1,1,2,50,1,0
10,100080,2,2,1,22,11,15,40,12,2,1,0,10,1,7,442,7442,20,2000,2B4GP25G9YR8,2,B,4,G,P,2,5,G,9,Y,R,8,0,P,DODG,CAR,SV,0,17,3432,,0,1133,,F,,0,0,000000000,00000000000,0,0,0,1,0,0,0,0,0,0,0,50,0,0,0,12,12,6,2,12,0,0,0,1,10,19960,1,1,0,0,2,3,64,114,0,2,0,1,0,2,2009,7,2010,0,84,0,0,0,1,2,50,2,1,2,1,0,0,14,54,2,2,1,51,0,0
10,100081,1,2,1,26,11,18,59,12,6,1,0,10,1,20,23,20023,6,2008,3GNDA23D78S5,3,G,N,D,A,2,3,D,7,8,S,5,0,P,CHEV,HHR,UT,8,17,3155,,0,1035,,G,,0,0,000000000,00000000000,0,0,0,1,0,0,0,0,0,0,0,99,0,0,0,11,11,6,2,12,0,0,0,1,10,19966,6,1,0,0,3,3,66,160,0,0,0,0,0,0,0,0,0,0,38,0,0,0,1,2,50,1,1,2,1,0,0,0,17,0,0,0,89,1,0
10,100081,2,2,5,26,11,18,59,12,6,1,1,10,1,21,20,21020,4,1995,1G3AJ55MXS64,1,G,3,A,J,5,5,M,X,S,6,4,0,P,OLDS,CRL,4D,95,17,2733,,0,1049,,G,,0,0,000000000,00000000000,0,0,0,1,0,0,0,0,0,0,0,999,0,0,0,12,12,6,2,12,0,0,0,1,10,19950,1,1,0,0,2,0,72,159,0,2,0,1,0,8,2009,10,2010,0,0,0,0,0,5,4,55,1,1,2,1,0,0,1,66,1,1,2,88,0,1
10,100082,1,2,1,21,11,9,21,12,6,1,0,10,1,37,31,37031,4,2005,JHLRD68585C0,J,H,L,R,D,6,8,5,8,5,C,0,0,P,HOND,CRV,UT,5,17,3318,,0,1033,,G,,0,0,000000000,00000000000,0,0,0,1,0,0,0,0,0,0,0,99,0,0,0,12,12,6,2,12,0,0,0,1,10,19966,6,1,0,0,3,3,59,125,0,0,0,0,0,0,0,0,0,0,38,0,0,0,5,2,45,1,1,2,1,1,3,11,15,1,1,2,68,0,0
10,100082,2,2,1,21,11,9,21,12,6,1,0,10,1,72,706,72706,80,2000,1HD1FCW15YY6,1,H,D,1,F,C,W,1,5,Y,Y,6,0,M,HD,FLU,RS,0,17,,,,,,,1450,0,0,000000000,00000000000,0,0,0,1,0,0,0,0,0,0,0,999,0,0,0,9,9,6,2,12,0,0,0,1,10,19966,6,1,6,0,3,3,71,221,0,0,0,0,0,0,0,0,0,0,0,0,0,0,5,2,45,1,1,2,1,0,0,1,67,1,1,2,69,1,0
10,100083,1,1,1,6,12,7,6,8,0,1,0,10,2,54,35,54035,4,1996,JH4UA2644TC0,J,H,4,U,A,2,6,4,4,T,C,0,0,P,ACUR,25T,4D,96,17,3151,,0,1118,,G,,0,0,000000000,00000000000,0,0,0,1,0,0,0,0,0,0,0,45,0,0,0,12,12,2,3,8,0,0,0,1,10,19711,6,1,0,0,3,0,66,150,0,0,0,0,0,0,0,0,0,0,29,38,39,0,2,4,99,1,1,7,1,20,3,0,12,0,0,0,13,0,0
10,100084,1,2,1,9,12,19,52,12,6,1,0,10,2,86,881,86881,66,1994,1M2AA14Y3RW0,1,M,2,A,A,1,4,Y,3,R,W,0,1,T,MACK,CH6,DS,94,17,,8,0,0,600,D,,1,57,397749,57397749,3,6,2,1,0,0,0,0,0,0,0,25,0,0,0,83,83,2,3,12,0,0,0,1,10,19709,6,1,6,8,3,3,72,150,0,0,0,0,1,1,2008,1,2008,0,0,0,0,0,3,4,50,1,1,2,1,1,3,0,66,0,0,0,87,0,0
10,100084,2,2,1,9,12,19,52,12,6,1,0,10,1,20,19,20019,4,1996,1G1LD5543TY1,1,G,1,L,D,5,5,4,3,T,Y,1,0,P,CHEV,CSA,4D,96,17,2745,,0,1034,,G,,0,0,000000000,00000000000,0,0,0,1,0,0,0,0,0,0,0,40,1,0,0,12,12,6,2,12,0,0,0,1,10,19709,6,1,0,0,3,0,72,160,0,0,0,0,0,0,0,0,0,0,38,39,0,0,1,2,45,1,1,2,1,1,3,0,17,0,0,0,86,1,0
10,100085,1,1,1,11,12,1,23,1,0,1,0,10,1,53,705,53705,80,2007,JS1GN7DA9721,J,S,1,G,N,7,D,A,9,7,2,1,0,M,SUZI,G60,RS,7,17,,,,,,,599,0,0,000000000,00000000000,0,0,0,1,0,0,0,0,0,0,0,65,0,0,0,0,3,6,2,1,0,0,0,1,10,19962,6,1,0,0,3,3,74,191,0,1,0,3,0,9,2009,1,2010,1,8,36,0,0,1,2,35,2,2,2,1,0,0,0,13,0,0,0,2,1,1
10,100086,1,1,1,11,12,5,47,33,0,1,0,10,1,55,35,55035,4,2010,KMHDU4AD2AU0,K,M,H,D,U,4,A,D,2,A,U,0,0,P,HYUN,BGS,4D,10,17,2723,,0,1043,,G,,0,0,000000000,00000000000,0,0,0,1,0,0,0,0,0,0,0,999,0,0,0,14,12,6,2,30,0,0,0,1,10,19808,6,1,0,0,3,0,64,120,0,1,0,0,1,11,2008,11,2008,0,0,0,0,0,3,4,50,1,1,2,1,0,0,0,11,0,0,0,2,1,1
10,100087,1,2,1,18,8,5,17,12,6,1,0,10,1,23,881,23881,63,1992,1GDM7H1J2NJ5,1,G,D,M,7,H,1,J,2,N,J,5,1,T,GMC,C7H,CC,92,17,,7,2610,1440,TOP,D,,1,57,522251,57522251,3,4,10,1,0,0,0,0,0,0,0,50,0,0,0,12,12,2,1,12,0,0,0,1,10,19947,6,1,6,0,3,1,68,190,0,0,0,0,0,0,0,0,0,1,0,0,0,0,1,2,50,1,1,2,2,0,0,1,66,1,1,1,86,0,0