STATE,ST_CASE,VEH_NO,VE_FORMS,NUMOCCS,DAY,MONTH,HOUR,MINUTE,HARM_EV,MAN_COLL,UNITTYPE,HIT_RUN,REG_STAT,OWNER,MAKE,MODEL,MAK_MOD,BODY_TYP,MOD_YEAR,VIN,VIN_1,VIN_2,VIN_3,VIN_4,VIN_5,VIN_6,VIN_7,VIN_8,VIN_9,VIN_10,VIN_11,VIN_12,TOW_VEH,VINTYPE,VINMAKE,VINA_MOD,VIN_BT,VINMODYR,VIN_LNGT,VIN_WGT,WGTCD_TR,WHLBS_LG,WHLBS_SH,SER_TR,FUELCODE,MCYCL_DS,J_KNIFE,MCARR_I1,MCARR_I2,MCARR_ID,GVWR,V_CONFIG,CARGO_BT,HAZ_INV,HAZ_PLAC,HAZ_ID,HAZ_CNO,HAZ_REL,BUS_USE,SPEC_USE,EMER_USE,TRAV_SP,UNDERIDE,ROLLOVER,ROLINLOC,IMPACT1,IMPACT2,DEFORMED,TOWED,M_HARM,VEH_SC1,VEH_SC2,FIRE_EXP,DR_PRES,L_STATE,DR_ZIP,L_STATUS,L_TYPE,CDL_STAT,L_ENDORS,L_COMPL,L_RESTRI,DR_HGT,DR_WGT,PREV_ACC,PREV_SUS,PREV_DWI,PREV_SPD,PREV_OTH,FIRST_MO,FIRST_YR,LAST_MO,LAST_YR,SPEEDREL,DR_SF1,DR_SF2,DR_SF3,DR_SF4,VTRAFWAY,VNUM_LAN,VSPD_LIM,VALIGN,VPROFILE,VPAVETYP,VSURCOND,VTRAFCON,VTCONT_F,P_CRASH1,P_CRASH2,P_CRASH3,PCRASH4,PCRASH5,ACC_TYPE,DEATHS,DR_DRINK
10,100087,2,2,1,18,8,5,17,12,6,1,0,24,2,63,32,63032,4,2005,KNADC1257563,K,N,A,D,C,1,2,5,7,5,6,3,0,P,KIA,RIO,4D,5,17,2403,,0,949,,G,,0,0,000000000,00000000000,0,0,0,1,0,0,0,0,0,0,0,50,0,0,0,3,3,6,2,12,0,0,0,1,24,21842,6,1,0,0,3,0,68,145,0,0,0,0,0,0,0,0,0,1,39,0,0,0,1,2,50,1,1,2,2,20,3,1,17,1,1,2,87,1,1
10,100088,1,1,1,15,12,20,4,8,0,1,0,10,2,12,481,12481,31,1999,1FTRF17W9XNA,1,F,T,R,F,1,7,W,9,X,N,A,0,T,FORD,F15,PK,99,17,,2,1385,1199,COF,G,,0,0,000000000,00000000000,0,0,0,1,0,0,0,0,0,0,0,50,0,0,0,12,12,2,3,8,0,0,0,1,10,19943,6,1,0,0,3,0,63,185,0,0,0,0,0,0,0,0,0,0,0,0,0,0,3,4,50,2,1,2,1,0,0,14,80,1,1,1,13,0,1
10,100089,1,1,1,16,12,2,7,8,0,1,0,10,3,98,981,98981,52,2002,1N90402282A1,1,N,9,0,4,0,2,2,8,2,A,1,0,U,,,,2,17,,,,,,,,0,99,999999999,99999999999,3,21,22,1,0,0,0,0,6,0,0,45,0,0,0,12,12,2,1,8,0,0,0,1,10,19701,6,1,6,0,3,3,67,165,0,0,0,0,0,0,0,0,0,0,0,0,0,0,3,4,45,1,1,2,1,0,0,1,80,1,1,1,13,0,0
10,100090,1,2,1,18,12,7,25,12,6,1,0,10,2,22,16,22016,2,2003,1G2JB12F5371,1,G,2,J,B,1,2,F,5,3,7,1,0,P,PONT,SFR,CP,3,17,2771,,0,1041,,G,,0,0,000000000,00000000000,0,0,0,1,0,0,0,0,0,0,0,998,0,0,0,3,3,6,2,12,0,0,0,1,10,19943,6,1,0,0,3,0,65,130,0,0,0,1,0,8,2009,8,2009,9,38,0,0,0,3,4,55,1,1,2,1,20,3,1,17,1,1,2,87,1,1
10,100090,2,2,1,18,12,7,25,12,6,1,0,10,1,12,870,12870,61,2002,1FDWE35L62HA,1,F,D,W,E,3,5,L,6,2,H,A,0,T,FORD,3DC,YY,2,17,,3,1760,1380,CTV,G,,0,88,888888888,88888888888,2,1,1,1,0,0,0,0,0,0,0,55,0,0,0,12,12,6,2,12,0,0,0,1,10,19973,6,1,0,0,3,0,69,130,0,0,0,1,1,5,2009,12,2009,0,0,0,0,0,3,4,55,1,1,2,1,0,0,0,66,0,0,0,86,0,0
10,100091,1,1,4,24,12,18,2,34,0,1,0,10,2,20,401,20401,14,2005,1GNET16S5561,1,G,N,E,T,1,6,S,5,5,6,1,0,P,CHEV,TRL,UT,5,17,4954,,0,1290,,G,,0,0,000000000,00000000000,0,0,0,1,0,0,0,0,0,0,0,50,0,0,0,12,12,6,2,32,0,0,0,1,10,19709,6,1,0,0,3,0,75,255,0,0,0,2,0,2,2009,12,2009,0,0,0,0,0,1,2,50,2,1,2,1,0,0,14,13,1,1,4,4,1,1
10,100092,1,1,1,30,12,1,2,1,0,1,0,10,1,35,43,35043,4,2004,3N1AB51D54L7,3,N,1,A,B,5,1,D,5,4,L,7,0,P,NISS,SSR,4D,4,17,2635,,0,998,,G,,0,0,000000000,00000000000,0,0,0,1,0,0,0,0,0,0,0,50,0,2,6,0,12,6,2,30,0,0,0,1,10,19709,6,1,0,0,3,0,67,143,0,0,0,0,0,0,0,0,0,1,8,0,0,0,2,4,50,1,1,2,1,0,0,1,13,1,2,4,2,1,1
10,100093,1,1,1,23,12,11,59,42,0,1,0,10,1,14,6,14006,4,2010,2MEBM7FV7AX6,2,M,E,B,M,7,F,V,7,A,X,6,0,P,MERC,MGL,4D,10,17,4131,,0,1146,,F,,0,0,000000000,00000000000,0,0,0,1,0,0,0,0,0,0,0,55,0,0,0,12,12,6,2,42,0,0,0,1,10,19810,6,1,0,0,3,0,60,115,0,0,0,0,0,0,0,0,0,0,0,0,0,0,2,3,55,3,1,2,1,0,0,15,10,1,1,4,6,1,0
11,110001,1,1,1,3,1,0,30,1,0,1,0,51,1,37,31,37031,2,2003,1HGEM219X3L0,1,H,G,E,M,2,1,9,X,3,L,0,0,P,HOND,UAX,CP,3,17,2553,,0,1031,,G,,0,0,000000000,00000000000,0,0,0,1,0,0,0,0,0,0,0,998,0,9,6,0,98,6,2,1,0,0,0,1,51,22205,6,1,0,0,3,0,999,999,0,0,0,0,0,0,0,0,0,1,99,99,99,99,1,4,35,4,8,2,98,0,0,14,6,99,9,4,1,1,1
11,110002,1,1,1,16,1,2,7,8,0,1,0,24,1,7,482,7482,31,2001,1B7HC16Y31S6,1,B,7,H,C,1,6,Y,3,1,S,6,0,T,DODG,150,PK,1,17,,2,1347,1187,RPC,G,,0,0,000000000,00000000000,0,0,0,1,0,0,0,0,0,0,0,999,0,0,0,12,12,6,2,8,0,0,0,1,24,20744,6,1,0,0,3,0,72,185,0,0,0,0,0,0,0,0,0,9,84,0,0,0,3,3,45,1,1,2,1,0,0,1,50,1,1,1,13,0,1
11,110003,1,1,2,20,2,2,35,30,0,1,0,24,1,37,31,37031,4,2002,2HGES26772H5,2,H,G,E,S,2,6,7,7,2,H,5,0,P,HOND,UAX,4D,2,17,2615,,0,1031,,G,,0,0,000000000,00000000000,0,0,0,1,0,0,0,0,0,0,0,998,0,0,0,1,1,6,2,30,0,0,0,1,11,20002,6,1,0,0,3,0,68,125,0,0,0,0,0,0,0,0,0,1,79,0,0,0,1,2,25,3,1,2,4,0,0,14,6,1,1,4,5,1,1
11,110004,1,1,1,2,3,4,20,8,0,1,0,24,2,86,883,86883,63,2005,1M2AG11C75M0,1,M,2,A,G,1,1,C,7,5,M,0,0,T,MACK,CV7,TM,5,17,,8,0,0,700,D,,0,1,277957,01277957,3,2,7,1,0,0,0,0,0,0,0,998,0,0,0,12,12,0,1,8,0,0,0,1,24,20613,6,1,6,1,3,0,69,200,99,99,99,99,99,99,9999,99,9999,0,0,0,0,0,1,2,25,1,1,2,1,0,0,1,18,3,1,1,13,0,0
11,110005,1,1,1,6,3,6,14,8,0,1,1,51,2,82,881,82881,66,2004,1FUJA6CK84LM,1,F,U,J,A,6,C,K,8,4,L,M,1,T,FRHT,COL,DS,4,17,,8,0,0,CON,D,,1,1,00503883,0100503883,3,6,3,1,0,0,0,0,0,0,0,998,0,0,0,83,83,0,1,8,0,0,0,1,51,20136,6,1,6,0,3,0,68,200,0,0,0,0,0,0,0,0,0,0,0,0,0,0,1,8,25,1,1,2,1,2,3,1,17,1,1,1,13,0,0
11,110006,1,1,1,30,3,21,30,8,0,1,0,11,1,30,46,30046,4,2000,WVWNA23B2YE3,W,V,W,N,A,2,3,B,2,Y,E,3,0,P,VOLK,PGS,SW,0,17,3050,,0,1066,,G,,0,0,000000000,00000000000,0,0,0,1,0,0,0,0,0,0,0,998,0,0,0,12,12,2,3,8,0,0,0,1,11,20016,6,1,0,0,3,1,77,205,0,0,0,0,0,0,0,0,0,0,0,0,0,0,1,4,25,1,1,2,1,2,3,1,15,1,1,1,13,0,0
11,110007,1,1,1,6,4,10,55,8,0,1,0,11,1,23,431,23431,16,2000,1GKEK13R1YR1,1,G,K,E,K,1,3,R,1,Y,R,1,0,T,GMC,Y/D,4W,0,17,,2,0,1160,Y/D,G,,0,0,000000000,00000000000,0,0,0,1,0,0,0,0,0,0,0,998,0,0,0,12,12,0,3,8,0,0,0,1,11,20032,6,1,0,0,3,0,74,210,0,0,0,0,0,0,0,0,0,0,0,0,0,0,4,2,25,3,1,2,1,0,0,14,18,2,1,1,13,0,0
11,110008,1,1,1,8,4,21,30,8,0,1,0,11,1,20,421,20421,15,1997,1GNEK13R4VJ3,1,G,N,E,K,1,3,R,4,V,J,3,0,P,CHEV,KTA,UT,97,17,5225,,0,1175,,G,,0,0,000000000,00000000000,0,0,0,1,0,0,0,0,0,0,0,998,0,0,0,12,12,2,1,8,0,0,0,1,11,20019,6,1,0,0,3,0,70,145,0,0,0,0,0,0,0,0,0,0,0,0,0,0,1,4,30,1,1,2,2,0,0,1,18,1,1,1,13,0,0
11,110009,1,2,1,10,4,6,30,12,6,1,0,24,1,53,706,53706,80,2003,JS1GR7HA4321,J,S,1,G,R,7,H,A,4,3,2,1,0,M,SUZI,SX7,RS,3,17,,,,,,,749,0,0,000000000,00000000000,0,0,0,1,0,0,0,0,0,0,0,998,0,0,0,12,12,6,2,12,0,0,0,1,24,20712,6,1,0,0,2,0,72,170,0,0,0,0,0,0,0,0,0,0,0,0,0,0,1,2,25,1,1,2,1,0,0,1,17,3,1,1,69,1,0
11,110009,2,2,1,10,4,6,30,12,6,1,0,24,1,49,472,49472,30,2006,5TEUX42N86Z2,5,T,E,U,X,4,2,N,8,6,Z,2,0,T,TOYT,ACC,PC,6,17,,1,0,1219,TAC,G,,0,0,000000000,00000000000,0,0,0,1,0,0,0,0,0,0,0,998,0,0,0,2,2,6,2,12,0,0,0,1,24,20906,6,1,0,0,3,0,63,130,0,0,0,0,0,0,0,0,0,0,0,0,0,0,1,2,25,1,1,2,1,0,0,11,15,1,1,1,68,0,0
11,110010,1,1,1,12,4,18,4,9,0,1,0,94,3,98,898,98898,64,2009,999999999999,9,9,9,9,9,9,9,9,9,9,9,9,0,U,,,,9,17,,,,,,,,0,99,999999999,99999999999,9,1,96,1,0,0,0,0,0,4,0,999,0,0,0,5,5,0,1,9,42,0,0,1,51,20175,6,1,0,0,3,1,67,180,0,0,0,0,0,0,0,0,0,0,86,0,0,0,3,5,25,1,1,2,1,2,3,9,16,1,1,2,13,0,0
11,110011,1,2,2,19,4,18,50,12,2,1,0,24,1,7,461,7461,21,1998,2B6HB11Y4WK1,2,B,6,H,B,1,1,Y,4,W,K,1,0,T,DODG,15B,IC,98,17,,2,1272,1096,RMV,G,,0,0,000000000,00000000000,0,0,0,1,0,0,0,0,0,0,0,51,0,0,0,12,12,6,2,12,0,0,1,1,98,0,0,0,0,0,0,0,68,195,99,99,99,99,99,99,9999,99,9999,1,34,0,0,0,1,2,25,1,1,2,1,0,0,6,54,1,1,1,52,0,0
11,110011,2,2,5,19,4,18,50,12,2,1,0,11,2,49,40,49040,4,1997,4T1BF22K4VU9,4,T,1,B,F,2,2,K,4,V,U,9,0,P,TOYT,UEX,4D,97,17,3086,,0,1051,,G,,0,0,000000000,00000000000,0,0,0,1,0,0,0,0,0,0,0,998,0,0,0,12,12,6,2,12,0,0,0,1,11,20019,6,1,0,0,3,0,66,999,0,0,0,0,0,0,0,0,0,1,0,0,0,0,1,2,25,1,1,2,1,0,0,1,62,1,1,1,52,1,0
11,110012,1,1,1,29,4,10,21,8,0,1,0,51,2,20,481,20481,40,2008,1GBE5C3928F4,1,G,B,E,5,C,3,9,2,8,F,4,0,T,CHEV,C5C,CB,8,17,,5,1940,1520,C55,D,,0,57,620907,57620907,2,1,3,1,0,0,0,0,0,0,0,998,0,0,0,12,12,0,3,8,0,0,0,1,51,22026,6,1,6,0,3,0,68,180,0,0,0,0,0,0,0,0,0,0,0,0,0,0,1,2,25,1,1,2,1,2,3,11,15,1,1,1,13,0,0
11,110013,1,1,3,1,6,18,12,42,0,1,0,11,1,49,40,49040,4,2001,4T1BG22K31U7,4,T,1,B,G,2,2,K,3,1,U,7,0,P,TOYT,CXL,4D,1,17,2998,,0,1051,,G,,0,0,000000000,00000000000,0,0,0,1,0,0,0,0,0,0,0,998,0,0,0,12,12,6,2,42,0,0,0,1,11,20011,6,1,0,0,3,0,61,164,0,0,0,0,0,0,0,0,0,0,0,0,0,0,1,4,25,3,1,2,1,0,0,14,13,1,1,4,1,1,0
11,110014,1,1,1,3,6,18,53,8,0,1,0,24,2,7,24,7024,4,2006,2B3KA53H46H3,2,B,3,K,A,5,3,H,4,6,H,3,0,P,DODG,CHR,4D,6,17,3995,,0,1200,,G,,0,0,000000000,00000000000,0,0,0,1,0,0,0,0,0,0,0,998,0,0,0,12,14,2,3,8,0,0,0,1,11,20018,6,1,0,0,3,0,76,225,0,0,0,2,0,9,2009,3,2010,0,0,0,0,0,4,1,25,1,1,2,1,0,0,1,80,1,1,1,13,0,0
11,110015,1,1,1,4,6,22,50,9,0,1,0,24,1,20,422,20422,15,2004,3GNFK16Z34G1,3,G,N,F,K,1,6,Z,3,4,G,1,0,P,CHEV,K15,UT,4,17,5219,,0,1300,,F,,0,0,000000000,00000000000,0,0,0,1,0,0,0,0,0,0,0,72,0,0,0,1,1,4,3,9,0,0,0,1,24,20747,6,1,0,0,3,0,75,245,0,0,0,0,0,0,0,0,0,1,86,0,0,0,1,4,30,1,1,2,1,0,0,1,83,1,1,1,13,0,1
11,110016,1,1,2,11,7,18,9,8,0,1,0,24,2,49,32,49032,4,2006,1NXBR32E96Z6,1,N,X,B,R,3,2,E,9,6,Z,6,0,P,TOYT,UCS,4D,6,17,2530,,0,1024,,G,,0,0,000000000,00000000000,0,0,0,1,0,0,0,0,0,0,0,998,0,0,0,1,1,2,3,8,0,0,0,1,24,20910,6,1,0,0,3,0,64,120,0,0,0,0,0,0,0,0,0,0,0,0,0,0,1,4,25,1,1,2,1,0,0,1,17,1,1,1,13,0,0
11,110017,1,3,1,26,7,4,20,12,7,1,0,24,1,37,32,37032,2,1993,1HGCB7158PA0,1,H,G,C,B,7,1,5,8,P,A,0,0,P,HOND,ALX,CP,93,17,2829,,0,1071,,G,,0,0,000000000,00000000000,0,0,0,1,0,0,0,0,0,0,0,0,0,0,0,3,12,6,2,12,0,0,0,1,24,20706,6,1,0,0,3,0,70,185,0,0,0,0,0,0,0,0,0,1,28,0,0,0,1,3,25,1,1,2,1,0,0,15,8,1,1,2,46,1,0
11,110017,2,3,1,26,7,4,20,12,7,1,0,24,1,59,31,59031,4,2007,JTHBJ46G7720,J,T,H,B,J,4,6,G,7,7,2,0,0,P,LEXS,E35,4D,7,17,3600,,0,1093,,G,,0,0,000000000,00000000000,0,0,0,1,0,0,0,0,0,0,0,998,0,0,0,9,9,2,1,12,0,0,0,1,24,20720,6,1,0,0,3,0,71,150,0,0,0,0,0,0,0,0,0,0,0,0,0,0,1,3,25,1,1,2,1,0,0,1,61,1,1,1,45,0,0
11,110017,3,3,1,26,7,4,20,12,7,1,0,24,1,6,441,6441,20,2008,2A8HR54P58R1,2,A,8,H,R,5,4,P,5,8,R,1,0,P,CHRY,TWC,SV,8,17,4507,,0,1212,,G,,0,0,000000000,00000000000,0,0,0,1,0,0,0,0,0,0,0,998,0,0,0,12,12,6,2,12,0,0,0,1,24,20785,6,1,0,0,3,0,66,198,0,0,0,0,0,0,0,0,0,0,0,0,0,0,1,3,25,1,1,2,1,0,0,1,62,1,1,2,98,0,0
11,110018,1,1,1,31,7,2,1,24,0,1,0,11,1,18,2,18002,4,1993,1G4HP53LXPH4,1,G,4,H,P,5,3,L,X,P,H,4,0,P,BUIC,L90,4D,93,17,3338,,0,1108,,G,,0,0,000000000,00000000000,0,0,0,1,0,0,0,0,0,0,0,999,0,1,1,12,12,6,2,24,0,0,1,1,24,20640,6,1,0,0,3,0,66,138,0,0,0,0,0,0,0,0,0,1,36,0,0,0,3,3,45,3,1,2,1,0,0,14,6,3,1,4,6,1,1
11,110019,1,1,1,8,9,20,38,33,0,1,0,24,2,7,25,7025,5,2007,1B3HB48B27D4,1,B,3,H,B,4,8,B,2,7,D,4,0,P,DODG,CXT,4D,7,17,3038,,0,1037,,G,,0,0,000000000,00000000000,0,0,0,1,0,0,0,0,0,0,0,998,0,0,0,14,12,4,3,8,0,0,0,1,24,20721,6,1,0,0,3,0,65,118,0,0,0,0,0,0,0,0,0,9,29,0,0,0,2,6,25,1,1,2,1,2,3,1,17,1,1,4,6,0,1
11,110020,1,1,2,30,10,1,33,33,0,1,0,11,2,12,16,12016,4,2005,2FAFP71W05X1,2,F,A,F,P,7,1,W,0,5,X,1,0,P,FORD,CVP,4D,5,17,0,,0,1147,,G,,0,0,000000000,00000000000,0,0,0,1,0,0,0,0,0,5,1,63,0,0,0,14,9,6,2,30,0,0,1,1,51,22192,6,1,0,0,3,0,72,200,0,0,0,0,0,0,0,0,0,1,51,0,0,0,1,4,25,1,1,2,1,0,0,3,50,6,3,4,3,1,0
11,110021,1,1,1,7,10,1,34,8,0,1,1,24,1,59,401,59401,14,2000,JT6HF10U2Y01,J,T,6,H,F,1,0,U,2,Y,0,1,0,P,LEXS,RX3,UT,0,17,3900,,0,1031,,G,,0,0,000000000,00000000000,0,0,0,1,0,0,0,0,0,0,0,998,0,0,0,82,82,4,1,8,0,0,0,1,24,20815,6,1,0,0,3,0,62,114,0,0,0,0,0,0,0,0,0,0,86,0,0,0,4,1,25,1,1,2,1,0,0,1,11,1,1,3,13,0,1
11,110022,1,1,1,5,11,17,50,33,0,1,0,11,2,12,16,12016,4,1999,2FAFP71W5XX1,2,F,A,F,P,7,1,W,5,X,X,1,0,P,FORD,CVP,4D,99,17,0,,0,1147,,G,,0,0,000000000,00000000000,0,0,0,1,0,0,0,0,0,0,0,998,0,0,0,98,12,6,2,30,0,0,0,1,11,20019,6,1,0,0,3,0,72,195,0,0,0,0,0,0,0,0,0,1,39,0,0,0,1,2,25,1,1,2,1,20,3,1,13,1,1,4,1,1,1
11,110023,1,1,1,8,11,0,45,8,0,1,1,24,1,42,421,42421,15,2010,4JGBF7BE0AA5,4,J,G,B,F,7,B,E,0,A,A,5,0,P,MERZ,GL4,UT,10,17,5346,,0,1211,,G,,0,0,000000000,00000000000,0,0,0,1,0,0,0,0,0,0,0,998,0,0,0,12,12,2,1,8,0,0,0,1,24,20744,6,1,0,0,3,0,71,210,0,0,0,0,0,0,0,0,0,0,86,0,0,0,3,2,40,1,1,2,1,0,0,1,80,99,1,1,13,0,0
11,110024,1,1,2,12,12,2,35,8,0,1,0,24,2,49,40,49040,4,2007,4T1BK46K57U5,4,T,1,B,K,4,6,K,5,7,U,5,0,P,TOYT,CJS,4D,7,17,3164,,0,1093,,G,,0,0,000000000,00000000000,0,0,0,1,0,0,0,0,0,0,0,998,0,0,0,12,12,4,3,8,0,0,0,1,24,20744,6,1,0,0,3,0,75,220,0,0,0,0,0,0,0,0,0,0,36,0,0,0,3,3,50,1,1,2,2,0,0,1,80,1,1,1,13,0,1
12,120001,1,1,2,1,1,12,58,24,0,1,0,9,2,49,40,49040,4,1993,JT2SK12E2P01,J,T,2,S,K,1,2,E,2,P,0,1,0,P,TOYT,CLE,4D,93,17,3053,,0,1031,,G,,0,0,000000000,00000000000,0,0,0,1,0,0,0,0,0,0,0,65,0,2,2,61,61,6,2,1,0,0,0,1,9,6902,6,1,0,0,3,3,62,999,98,0,0,0,0,0,0,0,0,0,0,0,0,0,3,3,65,1,2,2,1,28,3,15,13,1,1,4,1,1,0
12,120002,1,1,1,1,1,99,99,34,0,1,0,12,2,12,481,12481,31,1998,1FTZX0767WKA,1,F,T,Z,X,0,7,6,7,W,K,A,0,T,FORD,F15,3C,98,17,,1,0,1390,COF,G,,0,0,000000000,00000000000,0,0,0,1,0,0,0,0,0,0,0,35,0,1,2,12,12,6,2,3,0,0,0,1,12,32934,2,1,0,0,2,0,71,999,0,2,1,0,1,7,2008,10,2009,0,0,0,0,0,1,2,35,1,1,5,1,0,0,1,13,1,1,4,1,1,1
12,120003,1,1,2,1,1,16,2,30,0,1,0,12,1,38,402,38402,14,2002,4S2CK58W4243,4,S,2,C,K,5,8,W,4,2,4,3,0,P,ISU,ROD,UT,2,17,0,,0,1064,,G,,0,0,000000000,00000000000,0,0,0,1,0,0,0,0,0,0,0,45,0,0,0,9,9,4,3,30,0,0,0,1,12,33311,6,1,0,0,3,0,69,999,0,0,0,0,0,0,0,0,0,0,0,0,0,0,3,3,45,1,1,2,2,28,3,1,13,1,1,4,1,1,0
12,120004,1,1,2,1,1,6,45,46,0,1,0,12,2,49,44,49044,2,2000,2T1CG22P4YC3,2,T,1,C,G,2,2,P,4,Y,C,3,0,P,TOYT,CRE,CP,0,17,3120,,0,1051,,G,,0,0,000000000,00000000000,0,0,0,1,0,0,0,0,0,0,0,40,0,1,2,11,11,6,2,1,0,0,0,1,12,33143,1,1,0,0,2,3,70,999,1,1,0,0,0,8,2009,8,2009,0,36,0,0,0,2,3,40,1,1,2,1,3,3,1,13,1,1,4,1,1,1
12,120005,1,2,2,1,1,0,28,12,1,1,0,12,2,38,403,38403,14,1992,JACCY07E8N98,J,A,C,C,Y,0,7,E,8,N,9,8,0,P,ISU,AMI,UT,92,17,0,,0,917,,G,,0,0,000000000,00000000000,0,0,0,1,0,0,0,0,0,0,0,55,0,1,2,6,12,6,2,12,0,0,0,1,12,32703,6,1,0,0,3,0,66,999,0,0,0,0,0,0,0,0,0,0,38,0,0,0,1,2,55,1,1,5,2,28,3,10,98,1,1,1,78,2,1
12,120005,2,2,1,1,1,0,28,12,1,1,0,12,2,6,55,6055,2,2005,1C3AN79N55X0,1,C,3,A,N,7,9,N,5,5,X,0,0,P,CHRY,CR6,CP,5,17,3250,,0,945,,G,,0,0,000000000,00000000000,0,0,0,1,0,0,0,0,0,0,0,55,0,1,2,12,12,6,2,12,0,0,0,1,12,32712,1,1,0,0,2,0,66,999,0,2,1,0,0,5,2009,6,2009,0,0,0,0,0,1,2,55,1,1,2,2,28,3,1,66,1,1,1,79,0,1
12,120006,1,2,5,2,1,19,21,33,0,1,0,12,1,37,31,37031,4,2000,1HGEJ6572YL0,1,H,G,E,J,6,5,7,2,Y,L,0,0,P,HOND,UCL,4D,0,17,2410,,0,1032,,G,,0,0,000000000,00000000000,0,0,0,1,0,0,0,0,0,0,0,45,0,0,0,3,12,6,2,12,0,0,0,1,12,33068,6,1,0,0,3,0,65,999,0,0,0,0,2,9,2009,9,2009,0,36,0,0,0,1,2,45,1,1,2,1,28,3,1,13,1,1,4,1,1,0
12,120006,2,2,1,2,1,19,21,33,0,1,0,12,1,20,471,20471,30,1995,1GCCS194XS82,1,G,C,C,S,1,9,4,X,S,8,2,0,T,CHEV,S14,PC,95,17,,1,0,1229,S,G,,0,0,000000000,00000000000,0,0,0,1,0,0,0,0,0,0,0,40,0,0,0,12,12,6,2,12,0,0,0,1,12,32141,6,1,0,0,3,0,69,999,0,0,0,0,0,0,0,0,0,0,0,0,0,0,1,2,45,1,1,2,1,28,3,1,62,1,1,1,98,0,0
12,120007,1,2,2,3,1,17,15,12,2,1,0,1,2,20,481,20481,31,1998,2GCEK19R7W11,2,G,C,E,K,1,9,R,7,W,1,1,0,T,CHEV,GK1,PC,98,17,,2,1555,1415,GM4,G,,0,0,000000000,00000000000,0,0,0,1,0,0,0,0,0,0,0,45,0,0,0,12,12,6,2,12,0,0,0,1,47,37312,2,1,2,0,2,0,72,145,1,6,1,0,0,10,2007,1,2009,0,51,36,0,0,1,2,45,1,1,2,1,28,3,1,10,1,1,2,50,0,0
12,120007,2,2,1,3,1,17,15,12,2,1,0,1,1,7,472,7472,30,1997,1B7FL26P0VS1,1,B,7,F,L,2,6,P,0,V,S,1,0,T,DODG,DAK,PK,97,17,,1,1239,1119,DAK,G,,0,0,000000000,00000000000,0,0,0,1,0,0,0,0,0,0,0,45,0,0,0,12,11,6,2,12,0,0,0,1,1,36530,6,1,0,0,3,0,68,175,0,0,0,0,0,0,0,0,0,0,0,0,0,0,1,2,45,1,1,2,1,28,3,1,62,7,1,2,51,1,0
12,120009,1,1,1,3,1,0,0,43,0,1,0,12,1,53,706,53706,80,2006,JS1GT76A9621,J,S,1,G,T,7,6,A,9,6,2,1,0,M,SUZI,XR1,RS,6,17,,,,,,,999,0,0,000000000,00000000000,0,0,0,1,0,0,0,0,0,0,0,45,0,0,0,61,61,6,2,42,0,0,0,1,12,33029,6,1,0,0,3,0,71,999,0,0,0,0,0,0,0,0,0,1,0,0,0,0,2,3,45,2,1,2,1,28,3,14,12,1,1,4,6,1,1
12,120010,1,1,2,3,1,3,20,8,0,1,0,12,1,12,481,12481,31,2001,2FTZX17281CA,2,F,T,Z,X,1,7,2,8,1,C,A,0,T,FORD,F15,4C,1,17,,1,1571,1385,COF,G,,0,0,000000000,00000000000,0,0,0,1,0,0,0,0,0,0,0,60,0,0,0,12,12,4,1,8,0,0,0,1,12,32796,6,1,0,0,3,0,69,999,0,0,0,0,0,0,0,0,0,0,36,0,0,0,2,2,60,1,1,4,1,28,3,1,80,6,1,2,13,0,0
12,120011,1,2,1,3,1,0,1,12,2,1,0,12,1,20,16,20016,2,1999,1G1JC1244X71,1,G,1,J,C,1,2,4,4,X,7,1,0,P,CHEV,C/S,CP,99,17,2617,,0,1041,,G,,0,0,000000000,00000000000,0,0,0,1,0,0,0,0,0,0,0,55,0,0,0,12,12,6,2,12,0,0,0,1,97,0,9,9,99,9,9,9,999,999,99,99,99,99,99,99,9999,99,9999,0,51,0,0,0,2,2,55,1,2,2,1,28,3,1,54,1,1,1,52,1,1
12,120011,2,2,3,3,1,0,1,12,2,1,0,12,1,20,403,20403,14,2005,1GNES16S3561,1,G,N,E,S,1,6,S,3,5,6,1,0,P,CHEV,TRL,UT,5,17,4773,,0,1290,,G,,0,0,000000000,00000000000,0,0,0,1,0,0,0,0,0,0,0,55,0,0,0,12,12,6,2,12,0,0,0,1,12,32340,6,1,0,0,3,3,58,999,0,0,0,0,0,0,0,0,0,0,0,0,0,0,2,2,55,1,2,2,1,28,3,1,54,1,1,1,52,0,1
12,120012,1,2,1,4,1,7,40,12,6,1,0,12,1,6,43,6043,1,1998,3C3EL55H7WT3,3,C,3,E,L,5,5,H,7,W,T,3,0,P,CHRY,SJI,CV,98,17,3329,,0,1060,,G,,0,0,000000000,00000000000,0,0,0,1,0,0,0,0,0,0,0,45,0,0,0,11,11,6,2,12,0,0,0,1,12,32312,6,1,0,0,3,0,70,999,0,0,0,1,0,4,2007,4,2007,0,39,0,0,0,5,4,45,1,1,2,1,3,3,1,17,1,1,1,83,1,0
12,120012,2,2,1,4,1,7,40,12,6,1,0,12,3,82,883,82883,66,2004,1FUJA6CK84LM,1,F,U,J,A,6,C,K,8,4,L,M,1,T,FRHT,COL,DS,4,17,,8,0,0,CON,D,,1,77,777777777,77777777777,3,6,3,1,0,0,0,0,0,0,0,0,0,0,0,8,14,4,1,12,0,0,0,1,12,32680,6,1,6,0,3,0,73,999,0,0,0,0,0,0,0,0,0,0,0,0,0,0,1,2,45,1,1,2,1,3,3,11,67,1,1,1,82,0,0