STATE,ST_CASE,VEH_NO,VE_FORMS,NUMOCCS,DAY,MONTH,HOUR,MINUTE,HARM_EV,MAN_COLL,UNITTYPE,HIT_RUN,REG_STAT,OWNER,MAKE,MODEL,MAK_MOD,BODY_TYP,MOD_YEAR,VIN,VIN_1,VIN_2,VIN_3,VIN_4,VIN_5,VIN_6,VIN_7,VIN_8,VIN_9,VIN_10,VIN_11,VIN_12,TOW_VEH,VINTYPE,VINMAKE,VINA_MOD,VIN_BT,VINMODYR,VIN_LNGT,VIN_WGT,WGTCD_TR,WHLBS_LG,WHLBS_SH,SER_TR,FUELCODE,MCYCL_DS,J_KNIFE,MCARR_I1,MCARR_I2,MCARR_ID,GVWR,V_CONFIG,CARGO_BT,HAZ_INV,HAZ_PLAC,HAZ_ID,HAZ_CNO,HAZ_REL,BUS_USE,SPEC_USE,EMER_USE,TRAV_SP,UNDERIDE,ROLLOVER,ROLINLOC,IMPACT1,IMPACT2,DEFORMED,TOWED,M_HARM,VEH_SC1,VEH_SC2,FIRE_EXP,DR_PRES,L_STATE,DR_ZIP,L_STATUS,L_TYPE,CDL_STAT,L_ENDORS,L_COMPL,L_RESTRI,DR_HGT,DR_WGT,PREV_ACC,PREV_SUS,PREV_DWI,PREV_SPD,PREV_OTH,FIRST_MO,FIRST_YR,LAST_MO,LAST_YR,SPEEDREL,DR_SF1,DR_SF2,DR_SF3,DR_SF4,VTRAFWAY,VNUM_LAN,VSPD_LIM,VALIGN,VPROFILE,VPAVETYP,VSURCOND,VTRAFCON,VTCONT_F,P_CRASH1,P_CRASH2,P_CRASH3,PCRASH4,PCRASH5,ACC_TYPE,DEATHS,DR_DRINK
12,120076,2,2,1,14,1,3,30,12,2,1,0,12,3,12,16,12016,4,2007,2FAFP71WX7X1,2,F,A,F,P,7,1,W,X,7,X,1,0,P,FORD,CVP,4D,7,17,4129,,0,1146,,G,,0,0,000000000,00000000000,0,0,0,1,0,0,0,0,0,0,0,65,0,0,0,12,12,6,2,12,0,0,0,1,12,32084,6,1,0,0,3,0,74,999,0,0,0,0,0,0,0,0,0,0,0,0,0,0,2,2,65,1,1,1,1,28,3,1,54,7,1,1,52,1,0
12,120077,1,1,58,15,1,19,8,8,0,1,0,12,3,98,908,98908,51,1999,YE2TC63B4X20,Y,E,2,T,C,6,3,B,4,X,2,0,0,U,,,,99,17,,,,,,,,0,77,777777777,77777777777,3,21,22,1,0,0,0,0,5,0,0,65,0,0,0,1,1,4,1,8,0,0,0,1,12,33415,6,1,6,3,3,3,69,999,0,0,0,0,0,0,0,0,0,0,0,0,0,0,5,2,65,1,1,2,1,28,3,1,80,1,1,1,13,0,0
12,120078,1,2,1,16,1,6,32,12,1,1,0,12,2,35,421,35421,15,2010,5N1BA0ND8AN6,5,N,1,B,A,0,N,D,8,A,N,6,0,P,NISS,ARM,UT,10,17,5203,,0,1232,,F,,0,0,000000000,00000000000,0,0,0,1,0,0,0,0,0,0,0,110,0,0,0,12,6,6,2,12,0,0,0,1,12,33018,1,1,0,0,2,0,73,999,0,1,0,0,1,5,2008,8,2009,1,36,0,0,0,3,4,70,1,1,2,1,28,3,1,51,1,1,1,24,1,1
12,120078,2,2,1,16,1,6,32,12,1,1,0,12,3,89,881,89881,66,1995,4V1VBBRF8SN6,4,V,1,V,B,B,R,F,8,S,N,6,0,T,WHGM,WCA,DS,95,17,,8,0,0,ARO,D,,0,77,777777777,77777777777,3,5,96,1,0,0,0,0,0,0,0,57,0,0,0,6,6,4,3,12,0,0,0,1,12,33032,6,1,6,0,3,0,67,999,0,0,0,0,1,11,2007,11,2007,0,0,0,0,0,3,4,70,1,1,2,1,28,3,1,53,1,1,1,25,0,0
12,120079,1,3,1,17,1,22,1,12,1,1,0,40,1,53,706,53706,80,2007,JS1GT77A2721,J,S,1,G,T,7,7,A,2,7,2,1,0,M,SUZI,XR1,RS,7,17,,,,,,,999,0,0,000000000,00000000000,0,0,0,1,0,0,0,0,0,0,0,100,0,0,0,12,99,6,2,12,0,0,0,1,40,73160,6,1,6,0,3,0,69,999,0,0,0,0,0,0,0,0,0,1,27,0,0,0,3,5,70,1,1,2,2,28,3,15,51,1,1,1,24,1,0
12,120079,2,3,2,17,1,22,1,12,1,1,0,12,2,7,482,7482,31,2003,1D7HA18N33J5,1,D,7,H,A,1,8,N,3,3,J,5,0,T,DODG,SQ1,CW,3,17,,2,1605,1405,RPC,G,,0,0,000000000,00000000000,0,0,0,1,0,0,0,0,0,0,0,65,0,0,0,6,6,6,2,12,0,0,0,1,12,33179,6,1,0,0,3,0,67,999,0,5,0,0,1,7,2008,7,2009,0,0,0,0,0,3,5,70,1,1,2,2,28,3,1,53,1,1,1,25,0,0
12,120079,3,3,2,17,1,22,1,12,1,1,0,12,2,37,31,37031,4,2003,2HGES16593H5,2,H,G,E,S,1,6,5,9,3,H,5,0,P,HOND,UCL,4D,3,17,2513,,0,1031,,G,,0,0,000000000,00000000000,0,0,0,1,0,0,0,0,0,0,0,65,0,0,0,12,14,2,3,12,0,0,0,1,12,33445,6,1,0,0,3,0,67,999,0,0,0,0,0,0,0,0,0,0,0,0,0,0,3,5,70,1,1,2,2,28,3,1,17,8,1,4,98,0,0
12,120080,1,1,1,17,1,3,7,24,0,1,0,12,1,35,47,35047,4,2002,1N4AL11D32C2,1,N,4,A,L,1,1,D,3,2,C,2,0,P,NISS,ABS,4D,2,17,2873,,0,1102,,G,,0,0,000000000,00000000000,0,0,0,1,0,0,0,0,0,0,0,50,0,1,1,11,11,6,2,24,0,0,0,1,12,33193,6,1,0,0,3,3,72,999,0,2,0,0,0,2,2008,12,2009,0,36,0,0,0,1,2,50,1,1,2,1,28,3,1,12,1,1,4,6,1,0
12,120081,1,1,1,18,1,8,36,24,0,1,0,12,2,20,16,20016,4,2004,1G1JF52F2471,1,G,1,J,F,5,2,F,2,4,7,1,0,P,CHEV,CAS,4D,4,17,2676,,0,1041,,G,,0,0,000000000,00000000000,0,0,0,1,0,0,0,0,0,0,0,25,0,0,0,1,1,6,2,24,0,0,0,1,12,33317,0,0,0,0,0,0,999,999,0,0,0,0,0,0,0,0,0,0,36,0,0,0,6,3,25,3,1,2,1,28,3,14,13,1,1,4,1,1,0
12,120082,1,2,1,21,1,17,24,12,2,1,0,12,2,12,37,12037,4,2003,1FAFP34P33W3,1,F,A,F,P,3,4,P,3,3,W,3,0,P,FORD,FCS,4D,3,17,2564,,0,1030,,G,,0,0,000000000,00000000000,0,0,0,1,0,0,0,0,0,0,0,55,0,0,0,12,12,6,2,12,0,0,0,1,12,32901,6,1,0,0,3,3,70,999,0,1,0,1,0,7,2009,12,2009,0,36,0,0,0,2,2,55,1,1,2,1,28,3,1,10,1,2,6,50,1,0
12,120082,2,2,1,21,1,17,24,12,2,1,0,12,2,52,472,52472,31,2007,1Z7HC28K47S2,1,Z,7,H,C,2,8,K,4,7,S,2,0,T,MITS,RLS,CW,7,17,,2,0,1313,RAI,G,,0,0,000000000,00000000000,0,0,0,1,0,0,0,0,0,0,0,55,0,0,0,12,12,6,2,12,0,0,0,1,12,32937,6,1,0,0,3,3,67,999,0,0,0,0,1,5,2007,5,2007,0,0,0,0,0,2,2,55,1,1,2,1,28,3,1,62,1,1,1,51,0,0
12,120083,1,2,1,22,1,11,14,12,6,1,0,12,3,84,881,84881,66,1986,1HSLRTVN5GHA,1,H,S,L,R,T,V,N,5,G,H,A,0,T,INTL,9V5,DS,86,17,,7,1520,1400,SS,D,,0,77,777777777,77777777777,3,5,96,1,0,0,0,0,0,0,0,55,0,1,3,8,9,6,2,1,0,0,0,1,12,33610,6,1,6,3,3,0,69,999,0,0,0,0,1,12,2007,12,2007,0,36,0,0,0,3,2,70,1,1,2,2,28,3,1,10,6,1,2,48,1,0
12,120083,2,2,2,22,1,11,14,12,6,1,0,12,4,23,461,23461,21,2006,1GDHG31U7619,1,G,D,H,G,3,1,U,7,6,1,9,0,T,GMC,SCT,YY,6,17,,2,0,1390,STV,G,,0,0,000000000,00000000000,0,0,0,1,0,0,0,0,0,0,0,65,0,0,0,12,12,6,2,12,0,0,0,1,12,33584,6,1,0,0,3,0,70,999,0,0,0,1,0,3,2007,3,2007,0,0,0,0,0,3,2,70,1,1,2,2,28,3,1,60,1,1,1,48,0,0
12,120084,1,2,1,22,1,18,44,12,6,1,0,12,1,20,431,20431,16,1994,1GNGC26N5RJ3,1,G,N,G,C,2,6,N,5,R,J,3,0,P,CHEV,C25,UT,94,17,5227,,0,1315,,G,,0,0,000000000,00000000000,0,0,0,1,0,0,0,0,0,0,0,5,0,0,0,9,9,6,2,12,0,0,0,1,12,34488,6,1,0,0,3,0,72,999,0,0,0,0,1,4,2009,4,2009,0,36,0,0,0,1,2,55,1,2,2,1,20,3,1,17,1,1,1,89,1,0
12,120084,2,2,1,22,1,18,44,12,6,1,0,12,1,20,431,20431,16,1991,1GNER16KXMF1,1,G,N,E,R,1,6,K,X,M,F,1,0,P,CHEV,R15,UT,91,17,5036,,0,1295,,G,,0,0,000000000,00000000000,0,0,0,1,0,0,0,0,0,0,0,55,0,0,0,12,12,6,2,12,0,0,0,1,12,32617,6,1,0,0,3,0,70,999,0,0,0,1,1,1,2009,1,2009,0,0,0,0,0,1,2,55,1,2,2,1,20,3,1,66,1,1,1,88,0,0
12,120085,1,2,1,22,1,18,45,8,0,1,0,12,1,14,6,14006,4,1999,2MEFM74W6XX6,2,M,E,F,M,7,4,W,6,X,X,6,0,P,MERC,GMG,4D,99,17,3917,,0,1147,,G,,0,0,000000000,00000000000,0,0,0,1,0,0,0,0,0,0,0,55,0,0,0,12,10,4,3,8,0,0,0,1,12,33859,6,1,0,0,3,0,69,999,0,0,0,1,0,2,2008,2,2008,0,27,0,0,0,2,2,55,1,1,2,1,28,3,1,80,1,1,1,13,0,0
12,120085,2,2,1,22,1,18,45,8,0,1,0,12,1,53,34,53034,4,2006,KL5JD56Z16K3,K,L,5,J,D,5,6,Z,1,6,K,3,0,P,SUZI,FZB,4D,6,17,2701,,0,1024,,G,,0,0,000000000,00000000000,0,0,0,1,0,0,0,0,0,0,0,55,0,0,0,1,1,4,3,12,0,0,0,1,12,33859,6,1,0,0,3,3,57,999,0,4,0,0,0,9,2007,12,2008,0,0,0,0,0,2,2,55,1,1,2,1,28,3,1,60,1,1,1,98,0,0
12,120086,1,3,1,23,1,12,40,12,8,1,0,12,1,12,481,12481,31,1991,1FTDF15Y7MNA,1,F,T,D,F,1,5,Y,7,M,N,A,0,T,FORD,F15,PK,91,17,,1,1330,1170,COF,G,,0,0,000000000,00000000000,0,0,0,1,0,0,0,0,0,0,0,70,0,0,0,11,1,6,2,12,0,0,0,1,12,32038,6,1,0,0,3,3,74,999,0,1,0,1,1,10,2007,12,2009,1,28,0,0,0,1,2,60,1,1,2,1,28,3,1,10,1,1,2,64,1,0
12,120086,2,3,1,23,1,12,40,12,8,1,0,12,2,2,404,2404,14,1992,1J4FT88S9NL1,1,J,4,F,T,8,8,S,9,N,L,1,0,T,JEEP,SPT,4W,92,17,,1,0,1014,CHK,G,,0,0,000000000,00000000000,0,0,0,1,0,0,0,0,0,0,0,54,0,1,2,9,9,6,2,1,0,0,0,1,12,32038,6,1,0,0,3,3,68,999,0,0,0,0,0,0,0,0,0,0,0,0,0,0,1,2,60,1,1,2,1,28,3,1,62,1,1,1,65,0,0
12,120086,3,3,2,23,1,12,40,12,8,1,0,12,1,12,422,12422,15,1997,1FMEU18W8VLB,1,F,M,E,U,1,8,W,8,V,L,B,0,P,FORD,EPT,UT,97,17,4827,,0,1190,,G,,0,0,000000000,00000000000,0,0,0,1,0,0,0,0,0,0,0,46,0,0,0,12,12,6,2,12,0,0,0,1,12,32655,1,1,0,0,2,0,75,999,0,8,0,2,1,3,2007,12,2009,0,92,0,0,0,1,2,60,1,1,2,1,28,3,1,13,7,1,4,98,0,0
12,120087,1,1,6,23,1,0,15,1,0,1,0,12,9,20,422,20422,15,2007,1GNFC160X7R2,1,G,N,F,C,1,6,0,X,7,R,2,0,P,CHEV,C15,UT,7,17,5613,,0,1300,,F,,0,0,000000000,00000000000,0,0,0,1,0,0,0,0,0,0,0,95,0,2,2,0,0,6,2,1,0,0,0,1,12,33440,0,0,0,0,0,0,999,999,0,0,0,0,0,0,0,0,0,1,36,0,0,0,1,2,35,1,1,2,1,28,3,1,13,1,1,4,98,2,1
12,120088,1,1,1,23,1,14,54,1,0,1,0,13,1,72,706,72706,80,2005,1HD1JDB135Y0,1,H,D,1,J,D,B,1,3,5,Y,0,0,M,HD,FTN,RS,5,17,,,,,,,1450,0,0,000000000,00000000000,0,0,0,1,0,0,0,0,0,0,0,45,0,0,0,0,0,6,9,1,0,0,0,1,13,31793,6,8,0,0,3,3,69,160,98,0,2,0,3,8,2007,6,2009,0,36,0,0,0,1,2,45,3,2,2,1,28,3,14,13,99,4,4,1,1,1
12,120089,1,1,1,23,1,2,30,1,0,1,0,12,2,72,706,72706,80,2007,1HD1FC4187Y6,1,H,D,1,F,C,4,1,8,7,Y,6,0,M,HD,FLU,RS,7,17,,,,,,,1584,0,0,000000000,00000000000,0,0,0,1,0,0,0,0,0,0,0,60,0,0,0,0,61,6,2,1,0,0,0,1,12,32091,6,1,0,0,3,3,63,999,0,0,0,0,0,0,0,0,0,0,36,0,0,0,1,2,60,3,2,2,1,28,3,14,13,1,1,4,1,1,1
12,120090,1,1,2,23,1,11,5,1,0,1,0,12,2,12,401,12401,14,2005,1FMZU67K95UB,1,F,M,Z,U,6,7,K,9,5,U,B,0,P,FORD,EPR,UT,5,17,4095,,0,1259,,F,,0,0,000000000,00000000000,0,0,0,1,0,0,0,0,0,0,0,85,0,2,3,0,13,6,2,1,0,0,0,1,12,34608,6,1,0,0,3,0,68,999,0,0,0,2,0,2,2008,3,2009,0,36,0,0,0,3,2,70,1,1,2,1,0,0,1,12,6,2,4,6,2,0
12,120091,1,1,1,24,1,14,54,33,0,1,0,12,1,72,706,72706,80,2000,1HD1FDV14YY6,1,H,D,1,F,D,V,1,4,Y,Y,6,0,M,HD,FHR,RS,0,17,,,,,,,1450,0,0,000000000,00000000000,0,0,0,1,0,0,0,0,0,0,0,55,0,0,0,12,12,6,2,1,0,0,0,1,12,34746,6,1,0,0,3,0,71,999,0,0,0,0,0,0,0,0,0,0,36,0,0,0,2,2,55,2,2,2,1,28,3,14,12,1,1,4,6,1,1
12,120092,1,2,2,25,1,12,40,12,6,1,0,12,1,64,31,64031,3,2000,KLATA2267YB5,K,L,A,T,A,2,2,6,7,Y,B,5,0,P,DAEW,LNS,2H,0,17,2447,,0,992,,G,,0,0,000000000,00000000000,0,0,0,1,0,0,0,0,0,0,0,55,0,0,0,12,83,6,2,12,0,0,0,1,12,33917,6,1,0,0,3,0,67,999,0,0,0,0,0,0,0,0,0,0,39,0,0,0,2,2,55,1,1,2,1,3,3,1,17,1,1,1,88,1,1
12,120092,2,2,2,25,1,12,40,12,6,1,0,55,2,24,9,24009,4,2007,1G8ZV57757F2,1,G,8,Z,V,5,7,7,5,7,F,2,0,P,STRN,AXR,4D,7,17,3647,,0,1123,,G,,0,0,000000000,00000000000,0,0,0,1,0,0,0,0,0,0,0,5,0,0,0,10,10,6,2,12,0,0,0,1,55,54115,6,1,0,0,3,0,67,999,0,0,0,0,0,0,0,0,0,0,0,0,0,0,2,2,98,1,1,2,1,3,3,1,66,1,1,1,89,0,0
12,120093,1,2,1,25,1,18,32,12,6,1,0,12,3,82,883,82883,66,2006,1FUJA6CK66LW,1,F,U,J,A,6,C,K,6,6,L,W,1,T,FRHT,COL,DS,6,17,,8,0,0,CON,D,,1,77,777777777,77777777777,3,6,1,1,0,0,0,0,0,0,0,5,0,0,0,10,10,0,3,12,0,0,0,1,12,33881,6,1,6,3,3,3,71,999,0,0,0,0,1,2,2007,2,2007,0,38,0,0,0,1,2,45,1,1,2,1,28,3,11,15,1,1,1,68,0,0
12,120093,2,2,1,25,1,18,32,12,6,1,0,12,3,30,47,30047,3,2001,3VWCS21C01M4,3,V,W,C,S,2,1,C,0,1,M,4,0,P,VOLK,NGS,2H,1,17,2783,,0,989,,G,,0,0,000000000,00000000000,0,0,0,1,0,0,0,0,0,0,0,45,3,0,0,12,12,6,2,12,0,0,0,1,12,33825,6,1,0,0,3,3,66,999,0,0,0,0,0,0,0,0,0,0,0,0,0,0,1,2,45,1,1,2,1,28,3,1,67,1,1,1,69,1,0
12,120094,1,1,1,26,1,17,47,9,0,1,0,12,2,37,32,37032,4,2001,1HGCF86621A1,1,H,G,C,F,8,6,6,2,1,A,1,0,P,HOND,UVP,4D,1,17,3009,,0,1069,,G,,0,0,000000000,00000000000,0,0,0,1,0,0,0,0,0,0,0,999,0,0,0,1,1,4,3,9,0,0,0,1,12,33556,6,1,0,0,3,0,64,999,0,0,0,0,0,0,0,0,0,0,0,0,0,0,1,2,45,1,1,2,1,28,3,1,80,1,1,1,13,0,0
12,120095,1,2,2,26,1,20,48,8,0,1,0,12,1,63,31,63031,4,2000,KNAFB1218Y58,K,N,A,F,B,1,2,1,8,Y,5,8,0,P,KIA,SPL,4D,0,17,2478,,0,1008,,G,,0,0,000000000,00000000000,0,0,0,1,0,0,0,0,0,0,0,55,0,0,0,12,12,6,2,8,0,0,0,1,12,34448,6,1,0,0,3,0,70,999,0,1,0,0,0,8,2008,8,2008,0,0,0,0,0,2,2,55,1,1,2,1,28,3,1,80,1,1,1,13,0,0
12,120095,2,2,2,26,1,20,48,8,0,1,0,12,1,3,402,3402,14,2006,5GRGN23U76H1,5,G,R,G,N,2,3,U,7,6,H,1,0,T,HUMM,HH2,4W,6,17,,2,0,1228,HUM,G,,0,0,000000000,00000000000,0,0,0,1,0,0,0,0,0,0,0,55,0,0,0,14,14,0,1,8,0,0,0,1,12,34429,6,1,0,0,3,0,72,999,0,0,0,0,0,0,0,0,0,0,0,0,0,0,2,2,55,1,1,2,1,28,3,1,80,1,1,1,98,0,0
12,120096,1,2,1,26,1,4,55,12,1,1,0,12,3,82,883,82883,66,2005,1FUJA6CV55LV,1,F,U,J,A,6,C,V,5,5,L,V,1,T,FRHT,COL,DS,5,17,,8,0,0,CON,D,,1,77,777777777,77777777777,3,6,1,1,0,0,0,0,0,0,0,65,0,0,0,12,12,6,2,2,0,0,1,1,12,33029,6,1,6,0,3,0,73,999,0,0,0,1,0,4,2008,4,2008,0,0,0,0,0,3,2,70,1,1,2,1,0,0,6,51,1,1,1,24,1,0
12,120096,2,2,1,26,1,4,55,12,1,1,0,12,1,87,881,87881,66,1995,1XP5DR8X6SD3,1,X,P,5,D,R,8,X,6,S,D,3,1,T,PTRB,379,DS,95,17,,8,0,0,CON,D,,1,77,777777777,77777777777,3,6,1,1,0,0,0,0,0,0,0,19,0,0,0,6,6,4,3,12,0,0,0,1,12,33183,6,1,6,3,3,3,74,999,0,0,0,0,1,11,2008,11,2008,1,0,0,0,0,3,2,70,1,1,2,1,0,0,1,53,1,1,1,25,0,0
12,120097,1,2,1,27,1,20,33,12,1,1,0,12,2,19,3,19003,4,1999,1G6KD54Y1XU7,1,G,6,K,D,5,4,Y,1,X,U,7,0,P,CADI,DFW,4D,99,17,4012,,0,1138,,G,,0,0,000000000,00000000000,0,0,0,1,0,0,0,0,0,0,0,50,0,0,0,12,12,6,2,12,0,0,0,1,12,34450,6,1,0,0,3,0,72,999,0,0,0,0,0,0,0,0,0,0,27,0,0,0,2,2,50,1,1,2,1,28,3,1,17,1,1,1,79,1,1
12,120097,2,2,1,27,1,20,33,12,1,1,0,12,1,12,481,12481,31,1999,1FTNF20F1XEA,1,F,T,N,F,2,0,F,1,X,E,A,0,T,FORD,F2S,PK,99,17,,2,0,1370,SRW,D,,0,0,000000000,00000000000,0,0,0,1,0,0,0,0,0,0,0,15,0,0,0,6,6,6,2,12,0,0,0,1,12,34461,6,1,0,0,3,0,67,999,0,0,0,1,0,4,2009,4,2009,0,38,0,0,0,2,2,50,1,1,2,1,20,3,10,65,1,1,1,78,0,0
12,120098,1,2,2,27,1,13,50,12,6,1,0,12,1,7,442,7442,20,2006,1D4GP24R56B6,1,D,4,G,P,2,4,R,5,6,B,6,0,P,DODG,CAR,SV,6,17,4095,,0,1193,,G,,0,0,000000000,00000000000,0,0,0,1,0,0,0,0,0,0,0,25,0,1,1,3,3,6,2,12,0,0,0,1,12,34488,6,1,0,0,3,0,73,999,0,0,0,1,0,6,2009,6,2009,0,38,0,0,0,2,2,65,1,1,2,1,28,3,11,15,1,1,2,68,1,0
12,120098,2,2,1,27,1,13,50,12,6,1,0,12,1,2,404,2404,14,2001,1J4FT58SX1L5,1,J,4,F,T,5,8,S,X,1,L,5,0,T,JEEP,LCL,4W,1,17,,1,0,1014,CHK,G,,0,0,000000000,00000000000,0,0,0,1,0,0,0,0,0,0,0,65,0,0,0,12,12,6,2,12,0,0,0,1,12,32696,6,1,0,0,3,3,63,999,0,0,0,0,0,0,0,0,0,0,0,0,0,0,2,2,65,1,1,2,1,28,3,1,62,2,1,1,69,0,0
12,120099,1,1,1,27,1,2,10,42,0,1,0,12,1,12,441,12441,20,1993,1FMDA31U6PZB,1,F,M,D,A,3,1,U,6,P,Z,B,0,T,FORD,ARO,ES,93,17,,1,0,1190,ARO,G,,0,0,000000000,00000000000,0,0,0,1,0,0,0,0,0,0,0,81,0,0,0,12,12,6,2,42,0,0,0,1,12,32822,6,1,0,0,3,3,64,999,0,0,0,0,0,0,0,0,0,1,36,0,0,0,2,2,45,1,1,2,1,28,3,1,12,1,1,4,6,1,1
12,120100,1,1,3,29,1,22,40,8,0,1,1,13,4,14,443,14443,20,1999,4M2XV11T4XDJ,4,M,2,X,V,1,1,T,4,X,D,J,0,P,MERC,VLR,SV,99,17,3944,,0,1122,,G,,0,0,000000000,00000000000,0,0,0,1,0,0,0,0,0,0,0,70,0,0,0,12,12,4,3,8,0,0,0,1,13,30080,6,1,0,0,3,0,64,999,98,0,0,0,0,0,0,0,0,0,91,0,0,0,2,3,70,1,2,2,1,28,3,1,80,1,1,1,13,0,0
12,120101,1,2,1,29,1,10,13,12,6,1,0,12,3,82,881,82881,66,1998,1FUYDSYB9WL9,1,F,U,Y,D,S,Y,B,9,W,L,9,1,T,FRHT,FLD,DS,98,17,,8,0,0,CON,D,,3,77,777777777,77777777777,3,6,2,1,0,0,0,0,0,0,0,55,0,1,5,1,61,6,2,12,0,0,0,1,12,33896,6,1,6,3,3,0,70,999,0,0,0,2,0,1,2009,1,2009,1,36,0,0,0,1,2,55,1,1,2,1,28,3,1,52,8,1,2,73,1,0
12,120101,2,2,1,29,1,10,13,12,6,1,0,12,2,12,461,12461,21,1990,1FDEE14NXLHA,1,F,D,E,E,1,4,N,X,L,H,A,0,T,FORD,15V,IC,90,17,,2,1380,1240,VAN,G,,0,0,000000000,00000000000,0,0,0,1,0,0,0,0,0,0,0,15,0,0,0,9,12,6,2,12,0,0,0,1,12,34772,6,1,0,0,3,3,68,999,0,0,0,0,0,0,0,0,0,0,0,0,0,0,1,2,55,1,1,2,1,28,3,11,15,1,1,1,72,0,0
12,120102,1,2,2,29,1,6,30,12,2,1,0,12,2,12,471,12471,30,1999,1FTYR10C2XTA,1,F,T,Y,R,1,0,C,2,X,T,A,0,T,FORD,RNG,PK,99,17,,1,1175,1116,RNG,G,,0,0,000000000,00000000000,0,0,0,1,0,0,0,0,0,0,0,55,0,0,0,12,12,6,2,12,0,0,0,1,12,33409,1,1,0,0,2,0,64,999,0,3,1,0,0,3,2007,7,2007,0,28,0,0,0,1,2,55,1,1,2,1,28,3,1,10,1,1,2,50,2,1
12,120102,2,2,1,29,1,6,30,12,2,1,0,12,1,12,481,12481,31,2002,1FTRX17252NC,1,F,T,R,X,1,7,2,5,2,N,C,0,T,FORD,F15,4C,2,17,,2,1571,1385,COF,G,,0,0,000000000,00000000000,0,0,0,1,0,0,0,0,0,0,0,55,0,0,0,12,12,6,2,12,0,0,0,1,12,33414,6,1,0,0,3,3,71,999,0,0,0,1,0,5,2008,5,2008,0,0,0,0,0,1,2,55,1,1,2,1,28,3,1,62,9,1,2,51,0,0
12,120103,1,2,1,29,1,19,40,12,6,1,0,12,1,20,20,20020,4,1998,2G1WL52M2W92,2,G,1,W,L,5,2,M,2,W,9,2,0,P,CHEV,L/S,4D,98,17,3330,,0,1075,,G,,0,0,000000000,00000000000,0,0,0,1,0,0,0,0,0,0,0,25,0,1,5,3,98,6,2,1,0,0,0,1,12,32189,1,1,0,0,2,0,69,999,0,1,0,0,2,7,2009,12,2009,0,51,36,38,0,2,2,55,1,1,2,1,20,3,1,98,1,1,1,87,1,1
12,120103,2,2,1,29,1,19,40,12,6,1,0,12,1,12,481,12481,31,2003,1FTRW08LX3KD,1,F,T,R,W,0,8,L,X,3,K,D,0,T,FORD,F1S,CW,3,17,,2,0,1388,COF,G,,0,0,000000000,00000000000,0,0,0,1,0,0,0,0,0,0,0,55,0,0,0,12,12,6,2,12,0,0,0,1,12,32145,6,1,0,0,3,0,72,999,0,0,0,0,0,0,0,0,0,0,0,0,0,0,1,2,55,1,1,2,1,28,3,1,71,1,1,1,86,0,0
12,120104,1,1,1,31,1,13,15,1,0,1,0,12,2,72,706,72706,80,2008,1HD1FC4198Y7,1,H,D,1,F,C,4,1,9,8,Y,7,0,M,HD,FLU,RS,8,17,,,,,,,1584,0,0,000000000,00000000000,0,0,0,1,0,0,0,0,0,0,0,55,0,0,0,0,9,6,2,1,0,0,0,1,12,32179,6,1,0,0,3,3,71,999,0,0,0,0,0,0,0,0,0,0,36,0,0,0,1,2,55,3,2,2,1,28,3,14,13,1,1,4,1,1,0
12,120105,1,2,3,9,1,17,9,12,6,1,0,12,2,20,37,20037,4,2009,1G1ZH57BX9F2,1,G,1,Z,H,5,7,B,X,9,F,2,0,P,CHEV,ML1,4D,9,17,3436,,0,1123,,G,,0,0,000000000,00000000000,0,0,0,1,0,0,0,0,0,0,0,50,0,1,1,12,12,6,2,12,0,0,0,1,12,32114,0,0,0,0,0,0,999,999,0,0,0,0,0,0,0,0,0,0,37,39,0,0,1,2,25,1,1,2,1,20,3,10,16,1,1,1,78,0,0
12,120105,2,2,1,9,1,17,9,12,6,1,0,12,1,21,17,21017,4,1996,1G3AJ55M4T64,1,G,3,A,J,5,5,M,4,T,6,4,0,P,OLDS,CRL,4D,96,17,2924,,0,1049,,G,,0,0,000000000,00000000000,0,0,0,1,0,0,0,0,0,0,0,25,0,0,0,3,3,6,2,12,0,0,0,1,12,32130,6,1,0,0,3,0,74,999,0,0,0,0,0,0,0,0,0,0,0,0,0,0,1,2,25,1,1,2,1,0,0,1,65,1,1,1,79,1,0
12,120106,1,1,1,15,1,10,5,8,0,1,0,12,1,49,40,49040,4,2005,4T1BE30K95U4,4,T,1,B,E,3,0,K,9,5,U,4,0,P,TOYT,XLL,4D,5,17,3108,,0,1071,,G,,0,0,000000000,00000000000,0,0,0,1,0,0,0,0,0,0,0,45,0,0,0,12,12,4,1,8,0,0,0,1,12,32583,6,1,0,0,3,0,63,999,0,0,0,0,0,0,0,0,0,0,0,0,0,0,1,2,45,1,1,2,1,28,3,1,80,3,2,1,13,0,0
12,120107,1,2,4,16,1,20,50,12,1,1,0,1,2,20,481,20481,31,2003,2GCEC19X8312,2,G,C,E,C,1,9,X,8,3,1,2,0,T,CHEV,SC1,4C,3,17,,2,1575,1435,SIL,G,,0,0,000000000,00000000000,0,0,0,1,0,0,0,0,0,0,0,70,0,0,0,12,5,6,2,24,0,0,0,1,13,31709,0,0,0,0,0,0,999,999,98,0,0,0,0,0,0,0,0,0,36,0,0,0,3,3,70,1,1,2,2,28,3,1,51,1,1,1,24,1,1
12,120107,2,2,2,16,1,20,50,12,1,1,0,12,1,13,482,13482,31,2006,5LTPW16556FJ,5,L,T,P,W,1,6,5,5,6,F,J,0,T,LINC,MLT,CW,6,17,,2,0,1385,MRK,G,,0,0,000000000,00000000000,0,0,0,1,0,0,0,0,0,0,0,65,0,0,0,6,5,6,2,24,0,0,0,1,12,32641,6,1,0,0,3,0,68,999,0,0,0,0,0,0,0,0,0,0,0,0,0,0,3,3,70,1,1,2,2,28,3,1,53,1,1,1,25,0,0