STATE,ST_CASE,VEH_NO,VE_FORMS,NUMOCCS,DAY,MONTH,HOUR,MINUTE,HARM_EV,MAN_COLL,UNITTYPE,HIT_RUN,REG_STAT,OWNER,MAKE,MODEL,MAK_MOD,BODY_TYP,MOD_YEAR,VIN,VIN_1,VIN_2,VIN_3,VIN_4,VIN_5,VIN_6,VIN_7,VIN_8,VIN_9,VIN_10,VIN_11,VIN_12,TOW_VEH,VINTYPE,VINMAKE,VINA_MOD,VIN_BT,VINMODYR,VIN_LNGT,VIN_WGT,WGTCD_TR,WHLBS_LG,WHLBS_SH,SER_TR,FUELCODE,MCYCL_DS,J_KNIFE,MCARR_I1,MCARR_I2,MCARR_ID,GVWR,V_CONFIG,CARGO_BT,HAZ_INV,HAZ_PLAC,HAZ_ID,HAZ_CNO,HAZ_REL,BUS_USE,SPEC_USE,EMER_USE,TRAV_SP,UNDERIDE,ROLLOVER,ROLINLOC,IMPACT1,IMPACT2,DEFORMED,TOWED,M_HARM,VEH_SC1,VEH_SC2,FIRE_EXP,DR_PRES,L_STATE,DR_ZIP,L_STATUS,L_TYPE,CDL_STAT,L_ENDORS,L_COMPL,L_RESTRI,DR_HGT,DR_WGT,PREV_ACC,PREV_SUS,PREV_DWI,PREV_SPD,PREV_OTH,FIRST_MO,FIRST_YR,LAST_MO,LAST_YR,SPEEDREL,DR_SF1,DR_SF2,DR_SF3,DR_SF4,VTRAFWAY,VNUM_LAN,VSPD_LIM,VALIGN,VPROFILE,VPAVETYP,VSURCOND,VTRAFCON,VTCONT_F,P_CRASH1,P_CRASH2,P_CRASH3,PCRASH4,PCRASH5,ACC_TYPE,DEATHS,DR_DRINK
12,120108,1,2,3,22,1,23,17,12,1,1,0,12,1,24,1,24001,4,1998,1G8ZK5272WZ2,1,G,8,Z,K,5,2,7,2,W,Z,2,0,P,STRN,SL2,4D,98,17,2422,,0,1024,,G,,0,0,000000000,00000000000,0,0,0,1,0,0,0,0,0,0,0,3,0,0,0,6,7,6,2,12,0,0,0,1,12,32967,6,7,0,0,3,3,66,999,0,0,0,0,0,0,0,0,0,0,38,0,0,0,2,3,70,1,1,2,1,28,3,4,53,1,1,1,25,1,0
12,120108,2,2,1,22,1,23,17,12,1,1,0,12,3,85,881,85881,66,1998,1XKADB9X8WJ7,1,X,K,A,D,B,9,X,8,W,J,7,1,T,KW,T60,DS,98,17,,8,2600,1600,CON,D,,1,77,777777777,77777777777,3,6,1,1,0,0,0,0,0,0,0,70,0,0,0,12,12,4,3,12,0,0,0,1,1,35216,6,1,6,3,3,3,70,999,0,0,0,1,0,7,2007,7,2007,0,0,0,0,0,2,3,70,1,1,2,1,28,3,1,51,8,1,1,24,0,0
12,120109,1,1,1,24,1,22,15,9,0,1,0,12,1,34,34,34034,4,2003,WBAET37463NJ,W,B,A,E,T,3,7,4,6,3,N,J,0,P,BMW,325,4D,3,17,3219,,0,1073,,G,,0,0,000000000,00000000000,0,0,0,1,0,0,0,0,0,0,0,40,0,0,0,12,12,4,1,9,0,0,0,1,12,33323,6,1,0,0,3,3,69,999,0,0,0,0,0,0,0,0,0,0,0,0,0,0,2,3,45,1,1,2,1,0,0,1,80,1,1,1,13,0,1
12,120110,1,1,1,24,1,4,15,8,0,1,0,12,2,49,51,49051,4,2007,JTDBT9236710,J,T,D,B,T,9,2,3,6,7,1,0,0,P,TOYT,YAR,4D,7,17,2288,,0,969,,G,,0,0,000000000,00000000000,0,0,0,1,0,0,0,0,0,0,0,45,0,0,0,12,12,6,2,8,0,0,0,1,12,32136,6,1,0,0,3,0,71,999,0,1,0,0,1,9,2009,9,2009,0,0,0,0,0,2,2,45,1,1,2,1,3,3,1,80,6,1,1,13,0,0
12,120111,1,1,1,25,1,21,10,18,0,1,0,12,1,7,482,7482,31,1997,3B7KF23D8VM5,3,B,7,K,F,2,3,D,8,V,M,5,0,T,DODG,250,PC,97,17,,2,1547,1387,RPC,D,,0,0,000000000,00000000000,0,0,0,1,0,0,0,0,0,0,0,55,0,0,0,12,12,6,2,18,0,0,0,1,12,33830,6,1,0,0,3,0,72,999,0,0,0,0,0,0,0,0,0,0,28,0,0,0,1,1,55,1,1,5,1,0,0,1,90,1,1,1,12,1,1
12,120112,1,1,2,26,1,13,55,38,0,1,0,12,2,35,47,35047,4,2006,1N4BL11D06C1,1,N,4,B,L,1,1,D,0,6,C,1,0,P,NISS,ASR,4D,6,17,3101,,0,1102,,G,,0,0,000000000,00000000000,0,0,0,1,0,0,0,0,0,0,0,70,0,0,0,3,3,6,2,38,0,0,0,1,12,32433,6,1,0,0,3,0,69,999,0,0,0,0,1,3,2009,3,2009,1,36,0,0,0,1,2,50,2,2,2,1,28,3,14,12,8,4,4,7,1,0
12,120113,1,1,1,26,1,17,3,21,0,1,0,12,2,35,47,35047,4,2005,1N4AL11D05N4,1,N,4,A,L,1,1,D,0,5,N,4,0,P,NISS,ASL,4D,5,17,2915,,0,1102,,G,,0,0,000000000,00000000000,0,0,0,1,0,0,0,0,0,0,0,65,0,0,0,12,12,6,2,21,0,0,0,1,12,32725,1,1,0,0,2,3,63,999,0,0,0,0,0,0,0,0,0,0,0,0,0,0,6,3,65,1,1,2,1,28,3,1,13,1,1,4,1,1,0
12,120114,1,2,1,29,1,9,20,12,2,1,0,12,2,12,401,12401,14,1998,1FMZU32E9WZB,1,F,M,Z,U,3,2,E,9,W,Z,B,0,P,FORD,EPR,UT,98,17,3911,,0,1115,,G,,0,0,000000000,00000000000,0,0,0,1,0,0,0,0,0,0,0,55,0,0,0,12,12,6,2,12,0,0,0,1,12,34434,6,1,0,0,3,0,64,999,0,0,0,0,3,5,2007,11,2009,0,36,0,0,0,1,2,55,1,2,2,1,28,3,1,13,6,2,6,50,0,0
12,120114,2,2,2,29,1,9,20,12,2,1,0,12,1,12,442,12442,20,2000,2FMZA5347YBC,2,F,M,Z,A,5,3,4,7,Y,B,C,0,T,FORD,WSL,ES,0,17,,1,0,1207,WIN,G,,0,0,000000000,00000000000,0,0,0,1,0,0,0,0,0,0,0,55,0,1,5,12,13,6,2,1,0,0,0,1,12,34452,6,1,0,0,3,3,67,999,0,0,0,0,0,0,0,0,0,0,0,0,0,0,1,2,55,1,2,2,1,28,3,1,62,1,1,1,51,1,0
12,120115,1,1,1,30,1,14,6,5,0,1,0,12,1,98,706,98706,80,2003,4MZSX12JX334,4,M,Z,S,X,1,2,J,X,3,3,4,0,U,,,,3,17,,,,,,,,0,0,000000000,00000000000,0,0,0,1,0,0,0,0,0,0,0,65,0,0,0,0,12,6,2,5,0,0,0,1,12,33584,6,1,0,0,3,0,70,999,1,1,0,0,0,9,2009,9,2009,1,36,0,0,0,3,2,65,2,2,2,2,28,3,14,12,4,1,4,0,1,0
12,120116,1,1,1,30,1,18,0,5,0,1,0,12,2,72,706,72706,80,2009,1HD1MAM149Y8,1,H,D,1,M,A,M,1,4,9,Y,8,0,M,HD,UTG,RS,9,17,,,,,,,1690,0,0,000000000,00000000000,0,0,0,1,0,0,0,0,0,0,0,10,0,0,0,0,99,4,3,5,0,0,0,1,12,34691,0,0,0,0,0,0,999,999,0,0,0,0,0,0,0,0,0,0,0,0,0,0,2,3,45,1,1,2,1,28,3,1,98,1,1,2,0,1,1
12,120117,1,1,1,31,1,17,56,24,0,1,0,12,1,12,481,12481,31,1994,2FTEF15N5RCA,2,F,T,E,F,1,5,N,5,R,C,A,0,T,FORD,F15,PK,94,17,,2,1330,1170,COF,G,,0,0,000000000,00000000000,0,0,0,1,0,0,0,0,0,0,0,45,0,0,0,12,12,6,2,42,0,0,0,1,12,34140,6,1,0,0,3,3,71,999,1,0,0,0,0,7,2008,7,2008,0,36,0,0,0,1,2,45,1,1,2,1,28,3,1,13,1,1,4,1,1,1
12,120118,1,3,1,31,1,2,15,12,1,1,0,12,2,73,709,73709,80,2008,JKAEXEA158A0,J,K,A,E,X,E,A,1,5,8,A,0,0,M,KAWK,EX6,RS,8,17,,,,,,,649,0,0,000000000,00000000000,0,0,0,1,0,0,0,0,0,0,0,55,0,0,0,12,12,6,2,12,0,0,0,1,12,34983,6,1,0,0,3,0,70,999,0,0,0,0,0,0,0,0,0,0,36,0,0,0,2,4,45,1,1,2,1,28,3,1,51,1,1,1,24,1,1
12,120118,2,3,1,31,1,2,15,12,1,1,0,12,1,2,405,2405,14,2010,1J4PP2GK1AW1,1,J,4,P,P,2,G,K,1,A,W,1,0,T,JEEP,SPR,4W,10,17,,1,0,1061,LIB,G,,0,0,000000000,00000000000,0,0,0,1,0,0,0,0,0,0,0,15,0,0,0,6,6,4,3,12,0,0,0,1,12,34952,6,1,0,0,3,0,71,999,0,0,0,0,0,0,0,0,0,0,0,0,0,0,2,4,45,1,1,2,1,28,3,2,53,1,1,1,25,0,0
12,120118,3,3,1,31,1,2,15,12,1,1,1,99,9,99,999,99999,99,9999,999999999999,9,9,9,9,9,9,9,9,9,9,9,9,9,U,,,,9,17,,,,,,,,0,99,999999999,99999999999,9,99,99,1,0,0,0,0,99,99,9,999,0,0,0,14,99,9,1,12,99,99,0,1,99,99999,9,9,99,9,9,9,999,999,99,99,99,99,99,99,9999,99,9999,0,0,0,0,0,2,4,45,1,1,2,1,28,3,1,61,1,1,1,98,0,0
12,120119,1,1,1,31,1,2,0,1,0,1,0,12,1,49,472,49472,30,2007,3TMJU62NX7M0,3,T,M,J,U,6,2,N,X,7,M,0,0,T,TOYT,DCP,CW,7,17,,1,0,1278,TAC,G,,0,0,000000000,00000000000,0,0,0,1,0,0,0,0,0,0,0,65,0,2,3,0,0,6,2,1,0,0,0,1,12,32825,6,1,0,0,3,0,72,999,0,3,0,1,2,3,2007,3,2009,0,36,0,0,0,2,2,65,1,1,2,1,28,3,1,12,1,1,4,6,1,1
12,120120,1,2,1,2,2,9,25,12,2,1,0,12,2,73,709,73709,80,2009,JKAEXMJ149DA,J,K,A,E,X,M,J,1,4,9,D,A,0,M,KAWK,E2J,RC,9,17,,,,,,,249,0,0,000000000,00000000000,0,0,0,1,0,0,0,0,0,0,0,60,0,0,0,12,12,6,2,12,0,0,0,1,12,32174,6,1,0,0,3,0,71,999,0,0,0,2,0,7,2009,7,2009,0,35,0,0,0,1,2,60,2,1,2,2,28,3,6,10,1,1,2,50,1,0
12,120120,2,2,1,2,2,9,25,12,2,1,0,12,1,2,404,2404,14,1993,1J4FT78S5PL6,1,J,4,F,T,7,8,S,5,P,L,6,0,T,JEEP,CTY,4W,93,17,,1,0,1014,CHK,G,,0,0,000000000,00000000000,0,0,0,1,0,0,0,0,0,0,0,55,0,1,2,12,12,6,2,1,0,0,0,1,12,32180,6,1,0,0,3,0,62,999,0,0,0,0,0,0,0,0,0,0,0,0,0,0,1,2,60,3,1,2,2,28,3,14,62,7,1,1,51,0,0
12,120121,1,1,1,2,2,22,50,3,0,1,0,12,1,20,481,20481,31,2001,2GCEC19W7112,2,G,C,E,C,1,9,W,7,1,1,2,0,T,CHEV,SC1,4C,1,17,,2,1575,1435,SIL,G,,0,0,000000000,00000000000,0,0,0,1,0,0,0,0,0,0,0,65,0,0,0,0,0,6,2,3,0,0,0,1,12,32777,6,1,0,0,3,0,66,999,0,0,0,0,0,0,0,0,0,0,0,0,0,0,6,1,65,4,2,2,2,28,3,14,98,1,1,4,0,1,0
12,120122,1,1,2,2,2,8,1,1,0,1,0,12,2,49,32,49032,4,2003,1NXBR32E53Z1,1,N,X,B,R,3,2,E,5,3,Z,1,0,P,TOYT,UCS,4D,3,17,2502,2,0,1024,TTN,G,,0,0,000000000,00000000000,0,0,0,1,0,0,0,0,0,0,0,70,0,1,2,0,0,6,2,1,0,0,0,1,12,33713,6,1,0,0,3,3,67,999,0,0,0,0,1,8,2009,8,2009,0,0,0,0,0,2,3,70,1,1,2,2,28,3,1,90,7,1,4,98,1,0
12,120123,1,1,1,2,2,18,30,8,0,1,0,12,1,12,441,12441,20,1996,1FMDA41X7TZA,1,F,M,D,A,4,1,X,7,T,Z,A,0,T,FORD,ARO,ES,96,17,,1,0,1190,ARO,G,,0,0,000000000,00000000000,0,0,0,1,0,0,0,0,0,0,0,45,0,0,0,1,1,4,8,8,0,0,0,1,12,32209,6,1,0,0,3,3,66,999,0,0,0,0,1,9,2008,9,2008,0,0,0,0,0,2,2,45,1,1,2,1,28,3,1,80,6,1,1,13,0,0
12,120124,1,2,1,3,2,20,20,12,1,1,0,12,3,12,461,12461,21,2006,1FTNE24L46DB,1,F,T,N,E,2,4,L,4,6,D,B,0,T,FORD,25V,CG,6,17,,2,0,1380,VAN,G,,0,0,000000000,00000000000,0,0,0,1,0,0,0,0,0,0,0,76,0,0,0,12,12,6,2,2,0,0,1,1,12,32619,6,1,0,0,3,0,73,999,0,0,0,0,0,0,0,0,0,0,36,0,0,0,1,2,60,1,1,2,1,28,3,1,52,1,1,1,28,0,0
12,120124,2,2,1,3,2,20,20,12,1,1,0,12,1,20,401,20401,14,1997,1GNCS13W7VK1,1,G,N,C,S,1,3,W,7,V,K,1,0,P,CHEV,BZR,UT,97,17,3686,,0,1070,,G,,0,0,000000000,00000000000,0,0,0,1,0,0,0,0,0,0,0,35,0,0,0,6,6,6,2,12,0,0,0,1,12,32619,0,0,0,0,0,0,999,999,0,0,0,0,0,0,0,0,0,0,0,0,0,0,1,2,60,1,1,2,1,28,3,2,18,1,1,1,29,1,0
12,120125,1,2,1,6,2,0,13,42,0,1,0,12,1,7,472,7472,30,1997,1B7FL26X4VS1,1,B,7,F,L,2,6,X,4,V,S,1,0,T,DODG,DAK,PK,97,17,,1,1239,1119,DAK,G,,0,0,000000000,00000000000,0,0,0,1,0,0,0,0,0,0,0,70,0,2,2,12,12,6,2,1,0,0,0,1,12,33935,6,1,0,0,3,0,70,999,0,0,0,0,0,0,0,0,0,1,36,0,0,0,2,2,50,2,1,2,2,28,3,14,10,1,4,4,7,1,0
12,120125,2,2,1,6,2,0,13,42,0,1,0,12,2,51,46,51046,4,2006,YV1MS3900622,Y,V,1,M,S,3,9,0,0,6,2,2,0,P,VOLV,S42,4D,6,17,3225,,0,1039,,G,,0,0,000000000,00000000000,0,0,0,1,0,0,0,0,0,0,0,50,0,0,0,99,12,4,1,54,0,0,0,1,12,33912,6,1,0,0,3,0,71,999,0,0,0,0,0,0,0,0,0,0,0,0,0,0,2,2,50,2,1,2,2,0,0,14,98,1,1,1,98,0,0
12,120126,1,2,1,6,2,11,43,12,6,1,0,12,2,6,441,6441,20,2003,2C4GP54L73R3,2,C,4,G,P,5,4,L,7,3,R,3,0,P,CHRY,TWC,SV,3,17,4172,,0,1193,,G,,0,0,000000000,00000000000,0,0,0,1,0,0,0,0,0,0,0,25,0,0,0,3,3,4,1,12,0,0,0,1,12,32817,6,1,0,0,3,0,75,999,0,0,0,0,0,0,0,0,0,0,48,0,0,0,5,4,45,1,1,2,1,28,3,11,10,1,1,1,68,0,0
12,120126,2,2,1,6,2,11,43,12,6,1,0,12,1,53,705,53705,80,2007,JS1GN7DAX721,J,S,1,G,N,7,D,A,X,7,2,1,0,M,SUZI,G60,RS,7,17,,,,,,,599,0,0,000000000,00000000000,0,0,0,1,0,0,0,0,0,0,0,55,0,0,0,12,12,6,2,12,0,0,0,1,12,34219,6,1,0,0,3,3,66,999,0,0,0,2,0,9,2007,8,2008,0,0,0,0,0,5,4,45,1,1,2,1,28,3,1,62,1,1,1,69,1,0
12,120127,1,1,1,27,1,9,0,33,0,1,0,12,1,72,706,72706,80,2009,1HD1FC4149Y6,1,H,D,1,F,C,4,1,4,9,Y,6,0,M,HD,FLU,RS,9,17,,,,,,,1584,0,0,000000000,00000000000,0,0,0,1,0,0,0,0,0,0,0,55,0,0,0,81,81,6,2,1,0,0,0,1,12,34224,6,1,0,0,3,0,70,999,0,0,0,0,0,0,0,0,0,0,36,0,0,0,3,2,55,1,1,2,1,28,3,1,13,1,1,4,1,1,0
12,120128,1,1,4,30,1,22,25,8,0,1,0,12,3,12,461,12461,21,2003,1FDNS24L03HA,1,F,D,N,S,2,4,L,0,3,H,A,0,T,FORD,25V,IE,3,17,,2,0,1380,VAN,G,,0,0,000000000,00000000000,0,0,0,1,0,0,0,0,0,0,0,40,0,0,0,12,12,4,1,8,0,0,0,1,12,33778,6,1,0,0,3,0,70,999,0,0,0,0,0,0,0,0,0,0,0,0,0,0,5,6,40,1,1,2,2,0,0,1,80,6,1,1,13,0,0
12,120129,1,2,1,1,1,16,32,12,2,1,0,12,1,14,17,14017,4,2004,1MEFM55S74G6,1,M,E,F,M,5,5,S,7,4,G,6,0,P,MERC,SLP,4D,4,17,3369,,0,1085,,G,,0,0,000000000,00000000000,0,0,0,1,0,0,0,0,0,0,0,45,0,0,0,12,12,6,2,12,0,0,0,1,12,34205,6,1,0,0,3,3,70,999,0,1,0,2,0,4,2009,9,2009,0,28,0,0,0,1,2,45,1,1,2,1,0,0,1,10,1,1,2,50,1,0
12,120129,2,2,1,1,1,16,32,12,2,1,0,12,3,86,881,86881,66,1986,1M2N187YXGA0,1,M,2,N,1,8,7,Y,X,G,A,0,0,T,MACK,R60,DS,86,17,,8,0,0,600,D,,0,12,824146,12824146,3,5,96,1,0,0,0,0,0,0,0,40,0,0,0,12,12,6,2,12,0,0,0,1,12,34203,6,1,6,3,3,0,71,999,0,0,0,0,1,1,2008,1,2008,0,0,0,0,0,1,2,45,1,1,2,1,0,0,1,62,9,1,1,51,0,0
12,120131,1,2,2,20,1,21,50,12,6,1,0,12,1,35,39,35039,4,2001,JN1CA31DX1T6,J,N,1,C,A,3,1,D,X,1,T,6,0,P,NISS,M20,4D,1,17,3071,,0,1083,,G,,0,0,000000000,00000000000,0,0,0,1,0,0,0,0,0,0,0,999,0,0,0,4,4,4,3,12,0,0,0,1,12,33062,6,1,0,0,3,3,65,999,0,0,0,0,0,0,0,0,0,0,38,0,0,0,2,3,45,1,1,2,1,3,3,11,15,1,1,1,68,1,0
12,120131,2,2,1,20,1,21,50,12,6,1,0,12,3,12,16,12016,4,2007,2FAHP71W97X1,2,F,A,H,P,7,1,W,9,7,X,1,0,P,FORD,CVP,4D,7,17,4129,,0,1146,,G,,0,0,000000000,00000000000,0,0,0,1,0,0,0,0,0,0,0,999,0,0,0,12,12,6,2,12,0,0,0,1,12,33441,6,1,0,0,3,3,71,999,0,0,0,0,0,0,0,0,0,0,0,0,0,0,2,3,45,1,1,2,1,3,3,1,67,8,1,1,69,0,0
12,120132,1,6,1,20,1,16,51,12,7,1,0,12,1,55,401,55401,14,2001,KM8SB82B91U0,K,M,8,S,B,8,2,B,9,1,U,0,0,P,HYUN,SAN,UT,1,17,3455,,0,1031,,G,,0,0,000000000,00000000000,0,0,0,1,0,0,0,0,0,0,0,999,0,1,1,1,12,6,2,1,0,0,0,1,12,33407,6,1,0,0,3,0,59,999,0,2,0,0,1,7,2007,4,2009,1,36,0,0,0,5,2,35,1,1,2,1,28,3,1,11,1,1,2,44,1,0
12,120132,2,6,1,20,1,16,51,12,7,1,0,12,2,12,23,12023,4,2007,3FAHP07Z27R1,3,F,A,H,P,0,7,Z,2,7,R,1,0,P,FORD,F/E,4D,7,17,3101,,0,1074,,G,,0,0,000000000,00000000000,0,0,0,1,0,0,0,0,0,0,0,0,0,0,0,10,10,4,1,12,0,0,0,1,12,33409,6,1,0,0,3,3,62,999,0,0,0,1,0,5,2007,5,2007,0,0,0,0,0,5,2,35,1,1,2,1,28,3,5,60,1,1,1,45,0,0
12,120132,3,6,1,20,1,16,51,12,7,1,0,12,3,51,881,51881,66,1999,4VG7DARJ1XN7,4,V,G,7,D,A,R,J,1,X,N,7,1,T,VOLV,VVN,DS,99,17,,8,0,0,VVN,D,,1,12,01424059,1201424059,3,6,1,1,0,0,0,0,0,0,0,0,0,0,0,6,6,4,1,12,0,0,0,1,12,33013,6,1,6,3,3,0,67,999,0,0,0,0,2,2,2007,1,2009,0,0,0,0,0,5,2,35,1,1,2,1,28,3,5,60,1,1,1,98,0,0
12,120132,4,6,1,20,1,16,51,12,7,1,0,12,2,42,42,42042,4,1994,WDBHA28E8RF0,W,D,B,H,A,2,8,E,8,R,F,0,0,P,MERZ,C28,4D,94,17,3250,,0,1059,,G,,0,0,000000000,00000000000,0,0,0,1,0,0,0,0,0,0,0,0,0,0,0,3,3,4,3,12,0,0,0,1,12,33407,6,1,0,0,3,0,68,999,0,1,0,0,0,6,2009,6,2009,0,0,0,0,0,5,2,35,1,1,2,1,28,3,5,61,1,1,1,98,0,0
12,120132,5,6,2,20,1,16,51,12,7,1,0,12,1,35,47,35047,4,2007,1N4AL21E37N4,1,N,4,A,L,2,1,E,3,7,N,4,0,P,NISS,ATS,4D,7,17,3042,,0,1093,,G,,0,0,000000000,00000000000,0,0,0,1,0,0,0,0,0,0,0,0,0,0,0,6,6,4,1,12,0,0,0,1,12,33407,6,1,0,0,3,3,64,999,0,0,0,1,0,4,2008,4,2008,0,0,0,0,0,5,2,35,1,1,2,1,28,3,5,61,1,1,1,98,0,0
12,120132,6,6,1,20,1,16,51,12,7,1,0,12,1,54,35,54035,4,2007,19UUA66277A0,1,9,U,U,A,6,6,2,7,7,A,0,0,P,ACUR,ATL,4D,7,17,3623,,0,1079,,G,,0,0,000000000,00000000000,0,0,0,1,0,0,0,0,0,0,0,0,0,0,0,6,6,6,2,12,0,0,0,1,12,33408,6,1,0,0,3,0,64,999,0,0,0,0,0,0,0,0,0,0,0,0,0,0,5,2,35,1,1,2,1,28,3,5,61,1,1,1,98,0,0
12,120133,1,3,2,21,1,15,10,12,6,1,0,12,1,20,2,20002,4,2004,2G1WF52E3492,2,G,1,W,F,5,2,E,3,4,9,2,0,P,CHEV,IMP,4D,4,17,3389,,0,1105,,G,,0,0,000000000,00000000000,0,0,0,1,0,0,0,0,0,0,0,10,0,0,0,3,11,6,2,12,0,0,0,1,12,32256,6,1,0,0,3,3,71,999,0,0,0,0,0,0,0,0,0,0,38,0,0,0,2,2,45,1,1,2,2,0,0,11,15,1,1,1,68,1,0
12,120133,2,3,1,21,1,15,10,12,6,1,0,12,2,35,39,35039,4,1995,JN1CA21D9ST6,J,N,1,C,A,2,1,D,9,S,T,6,0,P,NISS,MGS,4D,95,17,2886,,0,1063,,G,,0,0,000000000,00000000000,0,0,0,1,0,0,0,0,0,0,0,40,0,0,0,12,12,6,2,12,0,0,0,1,12,32256,6,1,0,0,3,3,72,999,1,6,1,2,0,4,2008,8,2009,0,92,0,0,0,2,2,45,1,1,2,2,0,0,1,67,1,1,1,69,0,0
12,120133,3,3,1,21,1,15,10,12,6,1,0,12,1,23,481,23481,31,2007,1GTEC19T37Z1,1,G,T,E,C,1,9,T,3,7,Z,1,0,T,GMC,NC1,4C,7,17,,2,1575,1340,SIE,G,,0,0,000000000,00000000000,0,0,0,1,0,0,0,0,0,0,0,0,0,0,0,8,8,4,1,12,0,0,0,1,12,32216,6,1,0,0,3,3,69,999,0,0,0,0,0,0,0,0,0,0,0,0,0,0,2,2,99,1,1,2,2,0,0,5,67,1,1,1,98,0,0
12,120134,1,2,3,22,1,20,30,12,6,1,0,12,1,55,35,55035,4,2003,KMHDN45D93U6,K,M,H,D,N,4,5,D,9,3,U,6,0,P,HYUN,EST,4D,3,17,2635,,0,1027,,G,,0,0,000000000,00000000000,0,0,0,1,0,0,0,0,0,0,0,10,0,0,0,2,2,6,2,12,0,0,0,1,12,33496,6,1,0,0,3,0,71,999,0,1,0,1,1,1,2007,10,2007,0,38,48,0,0,5,3,40,1,1,2,1,3,3,11,15,1,1,1,68,1,0
12,120134,2,2,3,22,1,20,30,12,6,1,0,12,1,12,461,12461,21,2000,1FTNE2427YHB,1,F,T,N,E,2,4,2,7,Y,H,B,0,T,FORD,25V,CG,0,17,,2,0,1380,VAN,G,,0,0,000000000,00000000000,0,0,0,1,0,0,0,0,0,0,0,40,0,0,0,12,12,6,2,12,0,0,0,1,12,33064,6,1,0,0,3,0,64,999,0,0,0,0,0,0,0,0,0,0,92,0,0,0,5,3,40,1,1,2,1,3,3,1,67,1,1,1,69,0,0
12,120135,1,1,2,29,1,23,38,30,0,1,0,12,3,54,421,54421,15,2009,2HNYD28279H5,2,H,N,Y,D,2,8,2,7,9,H,5,0,P,ACUR,MDX,UT,9,17,4548,,0,1083,,G,,0,0,000000000,00000000000,0,0,0,1,0,0,0,0,0,0,0,60,0,0,0,12,12,6,2,30,0,0,0,1,12,33166,0,0,0,0,0,0,999,999,0,0,0,0,0,0,0,0,0,1,36,0,0,0,2,2,40,4,1,2,1,28,3,14,13,1,1,4,1,2,0
12,120136,1,3,1,30,1,14,32,12,1,1,1,99,9,37,32,37032,4,2010,5KBCP3F85AB0,5,K,B,C,P,3,F,8,5,A,B,0,0,P,HOND,AXL,4D,10,17,3583,,0,1102,,G,,0,0,000000000,00000000000,0,0,0,1,0,0,0,0,0,0,0,55,0,0,0,12,12,9,2,99,99,99,0,1,10,19709,6,1,0,0,3,0,74,999,0,0,0,2,0,9,2007,11,2007,0,0,0,0,0,2,3,45,1,1,2,1,3,3,1,51,1,1,1,24,0,0
12,120136,2,3,3,30,1,14,32,12,1,1,0,12,1,37,441,37441,20,1999,2HKRL1868XH5,2,H,K,R,L,1,8,6,8,X,H,5,0,P,HOND,UDY,SV,99,17,4288,,0,1181,,G,,0,0,000000000,00000000000,0,0,0,1,0,0,0,0,0,0,0,20,0,0,0,6,6,6,2,12,0,0,0,1,12,33415,6,1,0,0,3,0,65,999,0,0,0,0,0,0,0,0,0,0,0,0,0,0,2,3,45,1,1,2,1,3,3,2,53,1,1,1,25,1,0
12,120136,3,3,2,30,1,14,32,12,1,1,0,12,2,52,34,52034,4,1995,4A3AJ46G7SE2,4,A,3,A,J,4,6,G,7,S,E,2,0,P,MITS,GAS,4D,95,17,2822,,0,1037,,G,,0,0,000000000,00000000000,0,0,0,1,0,0,0,0,0,0,0,0,0,0,0,6,6,6,2,12,0,0,0,1,12,33415,9,9,99,9,9,9,999,999,99,99,99,99,99,99,9999,99,9999,0,0,0,0,0,2,3,45,1,1,1,1,3,3,5,53,1,1,1,98,0,0
12,120137,1,3,1,2,2,6,26,12,6,1,0,12,1,49,482,49482,31,2004,5TBET341X4S4,5,T,B,E,T,3,4,1,X,4,S,4,0,T,TOYT,DBS,CW,4,17,,2,0,1283,TUN,G,,0,0,000000000,00000000000,0,0,0,1,0,0,0,0,0,0,0,45,0,0,0,1,1,6,2,12,0,0,0,1,12,33810,6,1,0,0,3,0,68,999,1,1,0,0,1,11,2007,7,2009,0,36,0,0,0,2,2,45,3,1,2,2,0,0,14,10,1,1,2,64,1,0
12,120137,2,3,1,2,2,6,26,12,6,1,0,12,3,98,809,98809,66,2010,2FWJA3CK3AAA,2,F,W,J,A,3,C,K,3,A,A,A,1,T,STRG,A90,DS,10,17,,8,0,0,STE,D,,1,12,00439262,1200439262,3,6,1,1,0,0,0,0,0,0,0,30,0,0,0,9,8,6,2,12,0,0,0,1,12,33805,6,1,6,3,3,0,70,999,0,0,0,0,0,0,0,0,0,0,0,0,0,0,2,2,45,3,1,2,2,0,0,14,62,1,1,1,65,0,0
12,120137,3,3,1,2,2,6,26,12,6,1,0,12,3,12,498,12498,14,2006,1FMDK03176GA,1,F,M,D,K,0,3,1,7,6,G,A,0,P,FORD,FSL,UT,6,17,3960,,0,1129,,G,,0,0,000000000,00000000000,0,0,0,1,0,0,0,0,0,0,0,30,0,0,0,11,11,4,1,54,0,0,0,1,12,33810,6,1,0,0,3,0,66,999,0,0,0,0,0,0,0,0,0,0,0,0,0,0,2,2,45,3,1,2,2,0,0,14,17,1,1,1,98,0,0