STATE,ST_CASE,VEH_NO,VE_FORMS,NUMOCCS,DAY,MONTH,HOUR,MINUTE,HARM_EV,MAN_COLL,UNITTYPE,HIT_RUN,REG_STAT,OWNER,MAKE,MODEL,MAK_MOD,BODY_TYP,MOD_YEAR,VIN,VIN_1,VIN_2,VIN_3,VIN_4,VIN_5,VIN_6,VIN_7,VIN_8,VIN_9,VIN_10,VIN_11,VIN_12,TOW_VEH,VINTYPE,VINMAKE,VINA_MOD,VIN_BT,VINMODYR,VIN_LNGT,VIN_WGT,WGTCD_TR,WHLBS_LG,WHLBS_SH,SER_TR,FUELCODE,MCYCL_DS,J_KNIFE,MCARR_I1,MCARR_I2,MCARR_ID,GVWR,V_CONFIG,CARGO_BT,HAZ_INV,HAZ_PLAC,HAZ_ID,HAZ_CNO,HAZ_REL,BUS_USE,SPEC_USE,EMER_USE,TRAV_SP,UNDERIDE,ROLLOVER,ROLINLOC,IMPACT1,IMPACT2,DEFORMED,TOWED,M_HARM,VEH_SC1,VEH_SC2,FIRE_EXP,DR_PRES,L_STATE,DR_ZIP,L_STATUS,L_TYPE,CDL_STAT,L_ENDORS,L_COMPL,L_RESTRI,DR_HGT,DR_WGT,PREV_ACC,PREV_SUS,PREV_DWI,PREV_SPD,PREV_OTH,FIRST_MO,FIRST_YR,LAST_MO,LAST_YR,SPEEDREL,DR_SF1,DR_SF2,DR_SF3,DR_SF4,VTRAFWAY,VNUM_LAN,VSPD_LIM,VALIGN,VPROFILE,VPAVETYP,VSURCOND,VTRAFCON,VTCONT_F,P_CRASH1,P_CRASH2,P_CRASH3,PCRASH4,PCRASH5,ACC_TYPE,DEATHS,DR_DRINK
12,120138,1,1,1,3,2,5,57,8,0,1,0,12,1,59,421,59421,15,2004,JTJBT20X5400,J,T,J,B,T,2,0,X,5,4,0,0,0,P,LEXS,GX7,UT,4,17,4740,,0,1098,,G,,0,0,000000000,00000000000,0,0,0,1,0,0,0,0,0,0,0,999,0,0,0,12,12,4,3,8,0,0,0,1,12,32233,6,1,0,0,3,3,63,999,0,2,0,0,3,11,2008,10,2009,0,0,0,0,0,2,3,45,1,1,2,1,3,3,1,80,1,1,1,13,0,0
12,120139,1,1,1,3,2,11,54,14,0,1,0,12,2,53,733,53733,90,2006,JSAAK47A8621,J,S,A,A,K,4,7,A,8,6,2,1,0,M,SUZI,LTZ,AT,6,17,,,,,,,398,0,0,000000000,00000000000,0,0,0,1,0,0,0,0,0,0,0,30,0,0,0,1,1,6,2,14,0,0,0,1,12,32909,6,1,0,0,3,0,69,999,0,1,0,1,0,10,2008,11,2008,0,36,0,0,0,1,2,30,1,1,2,1,0,0,1,13,1,1,4,1,1,0
12,120140,1,1,1,7,2,22,4,1,0,1,0,12,1,6,43,6043,1,2004,1C3EL55R34N1,1,C,3,E,L,5,5,R,3,4,N,1,0,P,CHRY,SLI,CV,4,17,3362,,0,1060,,G,,0,0,000000000,00000000000,0,0,0,1,0,0,0,0,0,0,0,15,0,1,5,0,13,6,2,1,0,0,0,1,12,32444,6,1,0,0,3,3,71,999,0,0,0,0,0,0,0,0,0,0,0,0,0,0,1,2,30,1,1,2,1,28,3,1,12,1,1,4,6,1,1
12,120141,1,1,1,21,1,21,5,8,0,1,0,12,2,7,41,7041,4,2001,2B3HD46R01H5,2,B,3,H,D,4,6,R,0,1,H,5,0,P,DODG,ISE,4D,1,17,3393,,0,1130,,G,,0,0,000000000,00000000000,0,0,0,1,0,0,0,0,0,0,0,999,0,0,0,1,1,6,2,8,0,0,0,1,12,33868,6,1,0,0,3,3,72,999,0,0,0,0,0,0,0,0,0,0,0,0,0,0,2,2,45,1,1,2,1,3,3,1,80,1,1,1,13,0,0
12,120142,1,1,3,7,2,2,37,42,0,1,0,12,2,24,1,24001,4,1992,1G8ZJ5472NZ2,1,G,8,Z,J,5,4,7,2,N,Z,2,0,P,STRN,SL2,4D,92,17,0,,0,1024,,G,,0,0,000000000,00000000000,0,0,0,1,0,0,0,0,0,0,0,70,0,0,0,12,12,6,2,42,0,0,0,1,12,32433,1,1,0,0,2,0,69,999,0,1,0,0,0,1,2010,1,2010,1,36,0,0,0,1,2,30,2,5,2,1,28,3,14,13,1,1,4,1,2,0
12,120143,1,2,1,28,1,17,34,8,0,1,0,12,3,12,481,12481,31,2006,1FTSF20P76ED,1,F,T,S,F,2,0,P,7,6,E,D,0,T,FORD,F2S,PK,6,17,,2,0,1370,SRW,D,,0,0,000000000,00000000000,0,0,0,1,0,0,0,0,0,0,0,55,0,0,0,12,12,4,1,8,0,0,0,1,12,33012,6,1,0,0,3,0,70,999,0,1,0,2,0,6,2007,12,2007,0,0,0,0,0,2,6,55,1,2,1,1,28,3,1,80,1,1,1,13,0,0
12,120143,2,2,1,28,1,17,34,8,0,1,0,12,1,63,441,63441,20,2004,KNDUP1314465,K,N,D,U,P,1,3,1,4,4,6,5,0,P,KIA,SED,SV,4,17,4802,,0,1145,,G,,0,0,000000000,00000000000,0,0,0,1,0,0,0,0,0,0,0,55,0,0,0,12,12,4,1,8,0,0,0,1,12,33155,6,1,0,0,3,3,66,999,0,0,0,0,1,2,2007,2,2007,0,0,0,0,0,2,6,55,1,2,1,1,28,3,1,80,1,1,1,98,0,0
12,120144,1,1,1,30,1,21,27,8,0,1,0,12,1,7,403,7403,14,2008,1D8GT28KX8W2,1,D,8,G,T,2,8,K,X,8,W,2,0,P,DODG,NIT,UT,8,17,3932,,0,1088,,G,,0,0,000000000,00000000000,0,0,0,1,0,0,0,0,0,0,0,45,0,0,0,12,12,4,1,8,0,0,0,1,12,34683,6,1,0,0,3,3,67,999,0,0,0,0,0,0,0,0,0,0,0,0,0,0,2,3,45,1,1,2,2,28,3,1,80,1,1,1,13,0,0
12,120145,1,4,5,31,1,2,23,12,1,1,1,99,9,99,999,99999,99,9999,999999999999,9,9,9,9,9,9,9,9,9,9,9,9,9,U,,,,9,17,,,,,,,,0,99,999999999,99999999999,9,99,99,1,0,0,0,0,99,99,9,999,0,0,0,12,12,4,1,12,0,0,0,1,99,99999,9,9,99,9,9,9,999,999,99,99,99,99,99,99,9999,99,9999,0,36,0,0,0,2,5,65,1,2,2,1,28,3,1,51,1,1,1,24,0,0
12,120145,2,4,2,31,1,2,23,12,1,1,0,12,1,98,709,98709,80,2008,LFFWKT1C8810,L,F,F,W,K,T,1,C,8,8,1,0,0,U,,,,8,17,,,,,,,,0,0,000000000,00000000000,0,0,0,1,0,0,0,0,0,0,0,50,0,0,0,6,6,6,2,12,0,0,1,1,12,33069,6,1,0,0,3,0,73,999,0,0,0,0,0,0,0,0,0,0,0,0,0,0,2,5,65,1,2,2,1,28,3,1,53,1,1,1,25,1,1
12,120145,3,4,2,31,1,2,23,12,1,1,0,12,2,37,31,37031,4,2007,1HGFA165X7L0,1,H,G,F,A,1,6,5,X,7,L,0,0,P,HOND,UCL,4D,7,17,2751,,0,1063,,G,,0,0,000000000,00000000000,0,0,0,1,0,0,0,0,0,0,0,65,0,0,0,12,12,6,2,12,0,0,0,1,12,33312,6,1,0,0,3,3,69,999,0,0,0,1,0,2,2009,2,2009,0,0,0,0,0,2,5,65,1,2,2,1,28,3,1,61,1,1,1,98,0,0
12,120145,4,4,3,31,1,2,23,12,1,1,0,12,2,49,48,49048,5,2005,JTKKT6249500,J,T,K,K,T,6,2,4,9,5,0,0,0,P,TOYT,SXA,4H,5,17,2340,,0,933,,G,,0,0,000000000,00000000000,0,0,0,1,0,0,0,0,0,0,0,65,0,0,0,12,12,6,2,12,0,0,0,1,12,33497,6,1,0,0,3,3,74,999,0,1,0,0,2,10,2009,12,2009,0,0,0,0,0,2,5,65,1,2,2,1,28,3,1,61,1,1,1,98,0,0
12,120146,1,1,2,2,2,17,34,38,0,1,0,26,2,20,4,20004,2,2001,1G1YY32GX151,1,G,1,Y,Y,3,2,G,X,1,5,1,0,P,CHEV,CVT,CV,1,17,3248,,0,1045,,G,,0,0,000000000,00000000000,0,0,0,1,0,0,0,0,0,0,0,35,0,0,0,3,3,6,2,38,0,0,0,1,26,48183,6,1,0,0,3,3,71,999,0,0,0,0,0,0,0,0,0,0,36,0,0,0,1,2,35,1,1,2,2,28,3,1,13,1,1,4,1,1,1
12,120147,1,1,1,3,2,15,0,53,0,1,0,12,1,22,18,22018,4,1997,1G2NE52T0VC7,1,G,2,N,E,5,2,T,0,V,C,7,0,P,PONT,GAS,4D,97,17,2752,,0,1034,,G,,0,0,000000000,00000000000,0,0,0,1,0,0,0,0,0,0,0,80,0,2,6,12,12,6,2,53,0,0,0,1,12,34479,6,1,0,0,3,0,67,999,0,3,0,1,1,4,2007,9,2009,0,36,0,0,0,1,2,55,1,1,2,1,28,3,1,12,6,1,4,6,1,1
12,120148,1,1,2,4,2,19,30,34,0,1,0,12,1,72,706,72706,80,2009,1HD1MAM109Y8,1,H,D,1,M,A,M,1,0,9,Y,8,0,M,HD,UTG,RS,9,17,,,,,,,1690,0,0,000000000,00000000000,0,0,0,1,0,0,0,0,0,0,0,65,0,0,0,99,7,6,2,1,0,0,0,1,12,33715,6,1,0,0,3,0,69,999,0,0,0,0,0,0,0,0,0,0,0,0,0,0,2,3,65,2,1,1,1,28,3,14,12,1,1,4,6,1,0
12,120149,1,2,1,4,2,5,30,12,2,1,0,12,2,7,482,7482,31,1999,1B7MF3368XJ5,1,B,7,M,F,3,3,6,8,X,J,5,0,T,DODG,Q35,4C,99,17,,3,0,1547,RPC,D,,0,0,000000000,00000000000,0,0,0,1,0,0,0,0,0,0,0,55,0,0,0,12,12,6,2,12,0,0,0,1,12,32784,6,1,0,0,3,0,68,999,0,1,0,1,0,5,2008,12,2008,0,28,0,0,0,1,2,55,2,2,2,1,28,3,14,10,1,1,2,50,0,1
12,120149,2,2,1,4,2,5,30,12,2,1,0,12,1,38,402,38402,14,1993,4S2CG58E4P43,4,S,2,C,G,5,8,E,4,P,4,3,0,P,ISU,ROD,UT,93,17,0,,0,1087,,G,,0,0,000000000,00000000000,0,0,0,1,0,0,0,0,0,0,0,45,0,0,0,12,12,6,2,12,0,0,0,1,12,32179,6,1,0,0,3,3,63,999,0,0,0,0,0,0,0,0,0,0,0,0,0,0,1,2,55,3,2,2,1,28,3,14,62,1,1,1,51,1,0
12,120150,1,1,1,5,2,4,10,42,0,1,0,12,1,18,23,18023,4,2008,1G4HD57258U2,1,G,4,H,D,5,7,2,5,8,U,2,0,P,BUIC,UXL,4D,8,17,3792,,0,1156,,G,,0,0,000000000,00000000000,0,0,0,1,0,0,0,0,0,0,0,80,0,0,0,3,3,6,2,42,0,0,0,1,12,32504,6,1,0,0,3,3,65,999,0,1,0,0,0,2,2007,2,2007,1,0,0,0,0,3,2,70,1,2,2,6,28,3,1,5,1,4,4,7,1,0
12,120151,1,1,1,5,2,20,0,8,0,1,0,12,2,35,39,35039,4,1987,JN1HU11P3HX8,J,N,1,H,U,1,1,P,3,H,X,8,0,P,NISS,MAX,4D,87,17,2974,,0,1004,,G,,0,0,000000000,00000000000,0,0,0,1,0,0,0,0,0,0,0,30,0,0,0,12,12,4,9,8,0,0,0,1,12,32034,6,1,0,0,3,3,63,999,1,0,0,0,1,3,2008,4,2008,0,0,0,0,0,1,2,30,1,1,2,2,28,3,1,80,1,1,1,13,0,0
12,120152,1,1,2,5,2,15,20,34,0,1,0,12,2,37,31,37031,4,2002,1HGES16542L0,1,H,G,E,S,1,6,5,4,2,L,0,0,P,HOND,UCL,4D,2,17,2515,,0,1031,,G,,0,0,000000000,00000000000,0,0,0,1,0,0,0,0,0,0,0,70,0,0,0,7,9,6,2,42,0,0,0,1,12,33019,6,1,0,0,3,3,62,999,0,0,0,2,0,7,2008,1,2010,0,36,0,0,0,2,2,70,1,1,2,2,28,3,1,13,1,1,4,1,1,0
12,120153,1,1,2,6,2,21,35,34,0,1,0,12,2,20,421,20421,15,2002,1GNDS13SX222,1,G,N,D,S,1,3,S,X,2,2,2,0,P,CHEV,TRL,UT,2,17,4442,,0,1130,,G,,0,0,000000000,00000000000,0,0,0,1,0,0,0,0,0,0,0,65,0,1,5,12,61,6,2,1,0,0,0,1,13,39834,6,1,0,0,3,0,72,180,98,3,0,0,1,9,2008,9,2008,1,27,36,0,0,1,2,55,1,1,2,1,28,3,15,13,7,3,4,2,1,1
12,120154,1,1,4,6,2,9,47,8,0,1,0,12,1,7,482,7482,31,2003,1D7HA18D53S3,1,D,7,H,A,1,8,D,5,3,S,3,0,T,DODG,SQ1,CW,3,17,,2,1605,1405,RPC,G,,0,0,000000000,00000000000,0,0,0,1,0,0,0,0,0,0,0,15,0,0,0,6,6,4,1,8,0,0,0,1,12,34113,6,1,0,0,3,0,68,999,0,0,0,0,0,0,0,0,0,0,31,0,0,0,1,2,30,1,1,2,1,0,0,13,80,1,1,1,98,0,0
12,120155,1,2,1,6,2,8,17,12,1,1,0,12,1,69,54,69054,1,2005,WMWRF33445TF,W,M,W,R,F,3,3,4,4,5,T,F,0,P,MNNI,COO,CV,5,17,2701,,0,971,,G,,0,0,000000000,00000000000,0,0,0,1,0,0,0,0,0,0,0,60,0,0,0,12,12,6,2,12,0,0,0,1,12,33625,6,1,0,0,3,0,65,999,1,8,0,0,0,8,2007,5,2009,0,36,0,0,0,3,2,60,1,2,2,1,28,3,1,50,1,1,1,32,1,0
12,120155,2,2,0,6,2,8,17,12,1,1,0,12,3,86,881,86881,66,2005,1M1AA13Y55N1,1,M,1,A,A,1,3,Y,5,5,N,1,1,T,MACK,CH6,DS,5,17,,8,0,0,600,D,,1,77,777777777,77777777777,3,6,1,1,0,0,0,0,0,0,0,60,0,0,0,6,6,4,3,12,0,0,0,0,,,,,,,,,999,,,,,,,,,,,,20,0,0,0,3,2,60,1,2,2,1,28,3,0,53,0,0,0,32,0,0
12,120156,1,1,1,7,2,20,30,8,0,1,0,12,1,14,6,14006,4,1992,2MELM75W9NX7,2,M,E,L,M,7,5,W,9,N,X,7,0,P,MERC,MGL,4D,92,17,3780,,0,1144,,G,,0,0,000000000,00000000000,0,0,0,1,0,0,0,0,0,0,0,45,0,0,0,12,12,4,1,8,0,0,0,1,12,33916,6,1,0,0,3,3,72,999,0,0,0,0,0,0,0,0,0,0,0,0,0,0,2,3,45,1,1,2,1,0,0,1,80,1,1,1,13,0,0
12,120157,1,2,1,7,2,21,33,12,2,1,0,12,1,37,31,37031,2,2003,1HGEM22273L0,1,H,G,E,M,2,2,2,7,3,L,0,0,P,HOND,UCD,CP,3,17,2403,,0,1031,,G,,0,0,000000000,00000000000,0,0,0,1,0,0,0,0,0,0,0,45,0,0,0,12,12,6,2,12,0,0,0,1,12,32312,6,1,0,0,3,0,72,999,0,0,0,0,1,4,2007,4,2007,0,36,51,0,0,2,2,45,2,2,2,1,28,3,14,59,1,1,1,52,0,1
12,120157,2,2,2,7,2,21,33,12,2,1,0,12,1,37,31,37031,2,2008,2HGFG12968H5,2,H,G,F,G,1,2,9,6,8,H,5,0,P,HOND,CVL,CP,8,17,2769,,0,1043,,G,,0,0,000000000,00000000000,0,0,0,1,0,0,0,0,0,0,0,45,0,0,0,12,12,6,2,12,0,0,0,1,12,32311,6,1,0,0,3,0,62,999,0,0,0,0,0,0,0,0,0,0,0,0,0,0,2,2,45,2,2,2,1,28,3,14,54,1,1,1,52,1,0
12,120158,1,1,1,8,2,4,15,14,0,1,0,12,2,12,471,12471,30,1986,1FTCR14T1GPA,1,F,T,C,R,1,4,T,1,G,P,A,0,T,FORD,RNS,PS,86,17,,1,0,1250,RNG,G,,0,0,000000000,00000000000,0,0,0,1,0,0,0,0,0,0,0,35,0,0,0,11,11,6,2,14,0,0,0,1,12,32438,6,1,0,0,3,0,68,999,0,1,0,0,0,12,2009,12,2009,0,36,0,0,0,1,2,30,2,1,5,1,0,0,14,13,1,1,4,1,1,1
12,120159,1,1,1,8,2,19,7,8,0,1,0,17,1,20,421,20421,15,1998,1GNDT13W2W22,1,G,N,D,T,1,3,W,2,W,2,2,0,P,CHEV,BZR,UT,98,17,4046,,0,1070,,G,,0,0,000000000,00000000000,0,0,0,1,0,0,0,0,0,0,0,60,0,0,0,12,12,6,2,8,0,0,0,1,12,33834,6,1,0,0,3,3,69,999,0,0,0,0,0,0,0,0,0,0,92,0,0,0,5,4,60,1,1,2,1,21,3,1,80,1,1,1,13,0,0
12,120160,1,1,1,8,2,22,23,18,0,1,0,40,3,98,809,98809,66,2009,2FWBA2CV09AA,2,F,W,B,A,2,C,V,0,9,A,A,1,T,STRG,A90,DS,9,17,,7,0,0,STE,D,,1,77,777777777,77777777777,3,6,1,1,0,0,0,0,0,0,0,65,0,0,0,12,12,6,2,18,0,0,0,1,12,32738,6,1,6,3,3,0,73,999,1,0,0,0,1,9,2007,2,2008,0,0,0,0,0,2,2,65,1,1,2,1,28,3,1,90,2,1,1,12,1,0
12,120161,1,2,3,9,2,13,56,12,2,1,0,12,1,6,441,6441,20,2007,2A4GP54L17R3,2,A,4,G,P,5,4,L,1,7,R,3,0,P,CHRY,TWC,SV,7,17,4267,,0,1193,,G,,0,0,000000000,00000000000,0,0,0,1,0,0,0,0,0,0,0,20,0,0,0,12,12,6,2,12,0,0,0,1,12,32060,6,1,0,0,3,3,67,999,0,0,0,0,0,0,0,0,0,0,48,0,0,0,1,2,60,1,1,2,2,28,3,11,15,1,1,1,68,1,0
12,120161,2,2,1,9,2,13,56,12,2,1,0,12,3,49,49,49049,6,2006,JTLKT3240640,J,T,L,K,T,3,2,4,0,6,4,0,0,P,TOYT,SXB,UT,6,17,2395,,0,984,,G,,0,0,000000000,00000000000,0,0,0,1,0,0,0,0,0,0,0,60,0,1,5,12,12,6,2,1,0,0,0,1,12,32060,6,1,0,0,3,0,71,999,0,0,0,0,0,0,0,0,0,0,0,0,0,0,1,2,60,1,1,2,2,28,3,1,67,1,1,1,69,1,0
12,120162,1,1,1,9,2,20,35,8,0,1,1,12,2,49,40,49040,4,1999,4T1BF28KXXU0,4,T,1,B,F,2,8,K,X,X,U,0,0,P,TOYT,XLL,4D,99,17,3175,,0,1051,,G,,0,0,000000000,00000000000,0,0,0,1,0,0,0,0,0,0,0,999,0,0,0,12,12,4,1,8,0,0,0,1,1,35226,6,1,0,0,3,3,66,999,0,0,0,0,0,0,0,0,0,0,0,0,0,0,2,4,55,1,1,2,2,28,3,1,80,1,1,1,13,0,0
12,120163,1,2,1,9,2,20,55,42,0,1,0,12,2,37,31,37031,4,1995,1HGEG8641SL0,1,H,G,E,G,8,6,4,1,S,L,0,0,P,HOND,CDL,4D,95,17,2250,,0,1032,,G,,0,0,000000000,00000000000,0,0,0,1,0,0,0,0,0,0,0,55,0,0,0,11,11,6,2,12,0,0,0,1,12,32818,6,1,0,0,3,0,70,999,0,0,0,0,0,0,0,0,0,0,36,0,0,0,2,2,45,1,1,2,2,28,3,15,12,1,4,4,7,1,0
12,120163,2,2,3,9,2,20,55,42,0,1,0,12,1,20,481,20481,31,1989,1GCDK14K1KZ2,1,G,C,D,K,1,4,K,1,K,Z,2,0,T,CHEV,GK1,PK,89,17,,1,1315,1175,GM4,G,,0,0,000000000,00000000000,0,0,0,1,0,0,0,0,0,0,0,45,0,0,0,12,12,6,2,12,0,0,0,1,12,32810,6,1,0,0,3,3,74,999,0,0,0,0,0,0,0,0,0,0,0,0,0,0,2,2,45,1,1,2,2,28,3,1,64,1,1,1,98,1,0
12,120164,1,2,1,9,2,7,13,12,6,1,0,12,1,2,404,2404,14,1996,1J4FX58S5TC2,1,J,4,F,X,5,8,S,5,T,C,2,0,T,JEEP,LRO,4W,96,17,,1,0,1059,GCK,G,,0,0,000000000,00000000000,0,0,0,1,0,0,0,0,0,0,0,55,0,1,1,12,12,6,2,1,0,0,0,1,12,34773,2,1,0,0,2,0,64,999,0,6,1,2,0,4,2008,3,2009,0,39,38,0,0,2,2,55,1,1,2,1,3,3,1,65,1,1,1,77,0,0
12,120164,2,2,1,9,2,7,13,12,6,1,0,12,2,37,32,37032,4,1997,JHMCD5639VC0,J,H,M,C,D,5,6,3,9,V,C,0,0,P,HOND,ULE,4D,97,17,2864,,0,1069,,G,,0,0,000000000,00000000000,0,0,0,1,0,0,0,0,0,0,0,35,0,0,0,9,9,6,2,12,0,0,0,1,12,34771,0,0,0,0,0,0,999,999,0,0,0,0,0,0,0,0,0,0,0,0,0,0,2,2,55,1,1,2,1,3,3,11,15,1,1,1,76,1,0
12,120165,1,1,1,9,2,2,59,18,0,1,0,47,3,84,881,84881,66,2006,2HSCNAPR66C2,2,H,S,C,N,A,P,R,6,6,C,2,1,T,INTL,94I,DS,6,17,,8,0,0,940,D,,1,77,777777777,77777777777,3,6,1,1,0,0,0,0,0,0,0,65,0,0,0,1,1,6,2,39,0,0,0,1,12,33619,6,1,6,3,3,0,71,999,0,0,0,0,1,6,2007,6,2007,0,57,0,0,0,3,3,65,1,1,2,1,28,3,1,90,1,1,1,12,1,0
12,120166,1,2,2,11,2,11,13,12,6,1,0,12,1,12,16,12016,4,1996,2FALP74W4TX1,2,F,A,L,P,7,4,W,4,T,X,1,0,P,FORD,CVL,4D,96,17,3791,,0,1144,,G,,0,0,000000000,00000000000,0,0,0,1,0,0,0,0,0,0,0,25,0,0,0,9,9,6,2,12,0,0,0,1,12,33012,6,1,0,0,3,3,67,999,0,0,0,0,0,0,0,0,0,0,39,42,0,0,2,3,55,1,1,2,1,28,3,12,10,1,1,1,98,1,0
12,120166,2,2,4,11,2,11,13,12,6,1,0,12,2,6,51,6051,4,2005,2C3JA53GX5H1,2,C,3,J,A,5,3,G,X,5,H,1,0,P,CHRY,3TR,4D,5,17,3675,,0,1200,,G,,0,0,000000000,00000000000,0,0,0,1,0,0,0,0,0,0,0,45,0,0,0,12,12,6,2,12,0,0,0,1,12,34114,6,1,0,0,3,3,64,999,0,4,0,1,0,3,2007,1,2009,0,0,0,0,0,2,3,45,1,1,2,1,28,3,1,61,1,1,1,98,0,0
12,120167,1,1,1,12,2,2,18,8,0,1,1,99,9,99,999,99999,99,9999,999999999999,9,9,9,9,9,9,9,9,9,9,9,9,9,U,,,,9,17,,,,,,,,0,99,999999999,99999999999,9,99,99,1,0,0,0,0,99,99,9,999,0,0,0,12,99,9,1,8,99,99,0,1,99,99999,9,9,99,9,9,9,999,999,99,99,99,99,99,99,9999,99,9999,0,0,0,0,0,5,4,40,1,1,2,2,28,3,1,80,99,1,1,13,0,0
12,120168,1,5,1,2,3,23,15,12,1,1,0,12,1,2,402,2402,14,1985,1JCUM87A3FT1,1,J,C,U,M,8,7,A,3,F,T,1,0,T,AMER,CJ7,UT,85,17,,1,0,935,JEE,G,,0,0,000000000,00000000000,0,0,0,1,0,0,0,0,0,0,0,50,0,1,1,12,12,6,2,12,0,0,0,1,12,33913,2,1,0,0,2,0,68,999,0,4,0,0,0,10,2007,8,2009,0,0,0,0,0,2,3,50,1,1,2,1,3,3,1,52,7,1,1,28,1,1
12,120168,2,5,1,2,3,23,15,12,1,1,0,12,1,63,441,63441,20,2003,KNDUP1316364,K,N,D,U,P,1,3,1,6,3,6,4,0,P,KIA,SED,SV,3,17,4709,,0,1145,,G,,0,0,000000000,00000000000,0,0,0,1,0,0,0,0,0,0,0,20,0,0,0,6,6,4,1,12,0,0,0,1,12,33936,6,1,0,0,3,0,61,999,0,0,0,0,0,0,0,0,0,0,0,0,0,0,2,3,50,1,1,2,1,3,3,2,53,1,1,1,29,0,0
12,120168,3,5,1,2,3,23,15,12,1,1,0,12,1,20,401,20401,14,2002,1GNDS13S3225,1,G,N,D,S,1,3,S,3,2,2,5,0,P,CHEV,TRL,UT,2,17,4442,,0,1130,,G,,0,0,000000000,00000000000,0,0,0,1,0,0,0,0,0,0,0,10,0,2,5,6,99,6,2,1,0,0,0,1,12,33971,6,1,0,0,3,3,62,999,0,0,0,0,0,0,0,0,0,0,0,0,0,0,2,3,50,1,1,2,1,3,3,2,62,1,1,1,98,0,0
12,120168,4,5,1,2,3,23,15,12,1,1,0,12,2,30,46,30046,6,2008,WVWXK73C88E2,W,V,W,X,K,7,3,C,8,8,E,2,0,P,VOLK,PWT,SW,8,17,3468,,0,1067,,G,,0,0,000000000,00000000000,0,0,0,1,0,0,0,0,0,0,0,0,0,0,0,6,6,4,1,12,0,0,0,1,17,60618,6,1,0,0,3,3,60,999,0,0,0,0,0,0,0,0,0,0,0,0,0,0,2,3,50,1,1,2,1,3,3,5,61,1,1,1,98,0,0
12,120168,5,5,1,2,3,23,15,12,1,1,0,26,2,63,33,63033,4,2007,KNAFE121X753,K,N,A,F,E,1,2,1,X,7,5,3,0,P,KIA,SXC,4D,7,17,2701,,0,1028,,G,,0,0,000000000,00000000000,0,0,0,1,0,0,0,0,0,0,0,0,0,0,0,6,6,4,1,12,0,0,0,1,12,33901,6,1,0,0,3,3,73,999,0,1,0,0,0,6,2009,6,2009,0,0,0,0,0,2,3,50,1,1,2,1,3,3,5,50,1,1,1,98,0,0
12,120169,1,1,1,14,2,2,25,35,0,1,0,12,1,7,21,7021,6,2005,2D8FV48V35H5,2,D,8,F,V,4,8,V,3,5,H,5,0,P,DODG,MGN,UT,5,17,3811,,0,1200,,G,,0,0,000000000,00000000000,0,0,0,1,0,0,0,0,0,0,0,55,0,0,0,12,11,6,2,42,0,0,0,1,12,32966,2,1,0,0,2,0,65,999,0,1,0,0,0,8,2009,8,2009,0,36,0,0,0,1,2,55,2,1,2,1,28,3,14,12,1,1,4,6,1,1
12,120170,1,2,1,16,2,23,52,12,1,1,0,12,1,34,34,34034,6,2000,WBAAR3344YJM,W,B,A,A,R,3,3,4,4,Y,J,M,0,P,BMW,23T,SW,0,17,3351,,0,1073,,G,,0,0,000000000,00000000000,0,0,0,1,0,0,0,0,0,0,0,80,0,0,0,12,12,6,2,12,0,0,0,1,12,32068,6,1,0,0,3,0,68,999,0,0,0,2,2,9,2007,4,2008,1,36,0,0,0,2,3,45,1,1,2,1,3,8,1,51,1,1,1,24,1,1
12,120170,2,2,1,16,2,23,52,12,1,1,0,12,3,84,881,84881,62,2003,1HTMMAAM93H5,1,H,T,M,M,A,A,M,9,3,H,5,0,T,INTL,430,CC,3,17,,6,0,0,40S,D,,0,77,777777777,77777777777,2,1,3,1,0,0,0,0,0,0,0,40,0,0,0,6,6,6,2,12,0,0,0,1,12,32246,6,1,0,0,3,0,71,999,0,1,0,0,0,12,2008,12,2008,0,0,0,0,0,2,3,45,1,1,2,1,3,8,1,53,1,1,1,25,0,0
12,120171,1,5,1,14,1,16,29,30,0,1,0,12,1,23,401,23401,14,2008,1GKDS13S2821,1,G,K,D,S,1,3,S,2,8,2,1,0,T,GMC,ENV,4W,8,17,,1,0,1130,ENV,G,,0,0,000000000,00000000000,0,0,0,1,0,0,0,0,0,0,0,45,0,1,1,12,12,6,2,12,0,0,0,1,12,33010,6,1,0,0,3,3,68,999,0,0,0,0,1,6,2008,6,2008,0,0,0,0,0,2,3,45,1,1,2,1,0,0,1,13,1,1,4,1,1,0
12,120171,2,5,1,14,1,16,29,30,0,1,0,12,1,12,441,12441,20,1994,1FMDA31U5RZA,1,F,M,D,A,3,1,U,5,R,Z,A,0,T,FORD,ARO,ES,94,17,,1,0,1190,ARO,G,,0,0,000000000,00000000000,0,0,0,1,0,0,0,0,0,0,0,20,0,0,0,4,81,6,2,12,0,0,0,1,12,33012,6,1,0,0,3,3,66,999,0,0,0,0,0,0,0,0,0,0,0,0,0,0,2,2,30,1,1,2,1,0,0,4,66,1,1,1,98,0,0