STATE,ST_CASE,VEH_NO,VE_FORMS,NUMOCCS,DAY,MONTH,HOUR,MINUTE,HARM_EV,MAN_COLL,UNITTYPE,HIT_RUN,REG_STAT,OWNER,MAKE,MODEL,MAK_MOD,BODY_TYP,MOD_YEAR,VIN,VIN_1,VIN_2,VIN_3,VIN_4,VIN_5,VIN_6,VIN_7,VIN_8,VIN_9,VIN_10,VIN_11,VIN_12,TOW_VEH,VINTYPE,VINMAKE,VINA_MOD,VIN_BT,VINMODYR,VIN_LNGT,VIN_WGT,WGTCD_TR,WHLBS_LG,WHLBS_SH,SER_TR,FUELCODE,MCYCL_DS,J_KNIFE,MCARR_I1,MCARR_I2,MCARR_ID,GVWR,V_CONFIG,CARGO_BT,HAZ_INV,HAZ_PLAC,HAZ_ID,HAZ_CNO,HAZ_REL,BUS_USE,SPEC_USE,EMER_USE,TRAV_SP,UNDERIDE,ROLLOVER,ROLINLOC,IMPACT1,IMPACT2,DEFORMED,TOWED,M_HARM,VEH_SC1,VEH_SC2,FIRE_EXP,DR_PRES,L_STATE,DR_ZIP,L_STATUS,L_TYPE,CDL_STAT,L_ENDORS,L_COMPL,L_RESTRI,DR_HGT,DR_WGT,PREV_ACC,PREV_SUS,PREV_DWI,PREV_SPD,PREV_OTH,FIRST_MO,FIRST_YR,LAST_MO,LAST_YR,SPEEDREL,DR_SF1,DR_SF2,DR_SF3,DR_SF4,VTRAFWAY,VNUM_LAN,VSPD_LIM,VALIGN,VPROFILE,VPAVETYP,VSURCOND,VTRAFCON,VTCONT_F,P_CRASH1,P_CRASH2,P_CRASH3,PCRASH4,PCRASH5,ACC_TYPE,DEATHS,DR_DRINK
12,120171,3,5,1,14,1,16,29,30,0,1,0,12,1,34,34,34034,4,2003,WBAET37463NJ,W,B,A,E,T,3,7,4,6,3,N,J,0,P,BMW,325,4D,3,17,3219,,0,1073,,G,,0,0,000000000,00000000000,0,0,0,1,0,0,0,0,0,0,0,0,0,0,0,9,9,6,2,12,0,0,0,1,12,33015,6,1,0,0,3,3,70,999,0,0,0,2,0,8,2008,8,2009,0,0,0,0,0,2,2,30,1,1,2,1,0,0,11,66,1,1,1,98,0,0
12,120171,4,5,3,14,1,16,29,30,0,1,0,12,2,52,401,52401,14,2002,JA4LS31R92J0,J,A,4,L,S,3,1,R,9,2,J,0,0,P,MITS,MNS,UT,2,17,3970,,0,1073,,G,,0,0,000000000,00000000000,0,0,0,1,0,0,0,0,0,0,0,15,0,0,0,61,61,6,2,12,0,0,0,1,12,33147,6,1,0,0,3,0,67,999,0,0,0,0,2,3,2007,11,2009,0,0,0,0,0,2,2,30,1,1,2,1,0,0,1,62,1,1,1,98,0,0
12,120171,5,5,1,14,1,16,29,30,0,1,0,12,1,49,471,49471,30,1990,JT4RN81R2L00,J,T,4,R,N,8,1,R,2,L,0,0,0,T,TOYT,SWS,PK,90,17,,1,0,1033,HTP,G,,0,0,000000000,00000000000,0,0,0,1,0,0,0,0,0,0,0,20,0,0,0,12,12,6,2,12,0,0,0,1,12,33018,6,1,0,0,3,0,69,999,0,0,0,0,0,0,0,0,0,0,0,0,0,0,2,2,30,1,1,2,1,0,0,4,62,1,1,1,98,0,0
12,120172,1,1,4,25,1,1,13,8,0,1,0,12,2,49,43,49043,4,2006,4T1BK36B56U1,4,T,1,B,K,3,6,B,5,6,U,1,0,P,TOYT,UTS,4D,6,17,3490,,0,1071,,G,,0,0,000000000,00000000000,0,0,0,1,0,0,0,0,0,0,0,10,0,0,0,6,6,0,1,8,0,0,0,1,12,33409,6,1,0,0,3,0,62,999,0,0,0,0,0,0,0,0,0,0,0,0,0,0,1,2,30,1,1,2,1,0,0,1,80,1,1,1,13,0,0
12,120173,1,1,1,28,1,6,39,8,0,1,0,12,1,35,49,35049,6,2003,JN8AZ08T03W1,J,N,8,A,Z,0,8,T,0,3,W,1,0,P,NISS,MUR,UT,3,17,3663,,0,1112,,G,,0,0,000000000,00000000000,0,0,0,1,0,0,0,0,0,0,0,35,0,0,0,12,12,4,3,8,0,0,0,1,12,33160,6,1,0,0,3,3,69,999,0,0,0,0,0,0,0,0,0,0,0,0,0,0,2,4,35,1,1,1,1,3,3,2,80,1,1,1,13,0,0
12,120174,1,3,1,1,2,18,27,59,0,1,0,12,1,35,401,35401,14,2005,5N1AR18U45C7,5,N,1,A,R,1,8,U,4,5,C,7,0,P,NISS,PFI,UT,5,17,4242,,0,1122,,G,,0,0,000000000,00000000000,0,0,0,1,0,0,0,0,0,0,0,999,0,0,0,12,12,6,2,12,0,0,0,1,12,33177,6,1,6,0,3,3,71,999,1,2,0,0,0,11,2007,11,2008,1,39,36,0,0,2,2,30,1,1,2,1,20,3,1,17,1,1,1,12,0,0
12,120174,2,3,1,1,2,18,27,59,0,1,0,12,1,37,31,37031,4,2008,2HGFA16578H5,2,H,G,F,A,1,6,5,7,8,H,5,0,P,HOND,UCL,4D,8,17,2751,,0,1063,,G,,0,0,000000000,00000000000,0,0,0,1,0,0,0,0,0,0,0,998,0,0,0,3,3,6,2,12,0,0,0,1,12,33187,6,1,0,0,3,0,67,999,0,1,0,1,0,12,2009,12,2009,0,0,0,0,0,2,2,98,1,1,2,1,20,3,1,66,1,1,1,98,1,0
12,120174,3,3,1,1,2,18,27,59,0,1,0,12,1,20,421,20421,15,2004,1GNEC13V64R1,1,G,N,E,C,1,3,V,6,4,R,1,0,P,CHEV,CTA,UT,4,17,4828,,0,1160,,G,,0,0,000000000,00000000000,0,0,0,1,0,0,0,0,0,0,0,0,0,0,0,1,1,4,1,54,0,0,0,1,12,33190,6,1,0,0,3,3,67,999,0,0,0,0,0,0,0,0,0,0,0,0,0,0,2,2,98,1,1,2,1,20,3,5,17,1,1,1,98,0,0
12,120175,1,1,1,2,2,19,3,8,0,1,0,12,2,41,37,41037,4,2002,1YVGF22C8252,1,Y,V,G,F,2,2,C,8,2,5,2,0,P,MAZD,U6L,4D,2,17,2864,,0,1051,,G,,0,0,000000000,00000000000,0,0,0,1,0,0,0,0,0,0,0,998,0,0,0,12,12,4,1,8,0,0,0,1,12,33647,6,1,0,0,3,0,73,999,0,1,0,1,0,2,2007,7,2009,0,0,0,0,0,2,2,45,1,1,2,1,28,3,1,80,8,1,1,13,0,0
12,120176,1,1,1,6,2,21,25,8,0,1,0,12,1,2,404,2404,14,2000,1J4G248S7YC1,1,J,4,G,2,4,8,S,7,Y,C,1,0,T,JEEP,LRO,4W,0,17,,1,0,1059,GCK,G,,0,0,000000000,00000000000,0,0,0,1,0,0,0,0,0,0,0,998,0,0,0,12,12,4,3,8,0,0,0,1,12,33615,6,1,0,0,3,0,65,999,0,0,0,0,0,0,0,0,0,0,0,0,0,0,2,2,35,1,1,2,1,28,3,1,80,1,1,1,13,0,1
12,120177,1,1,1,6,2,13,37,1,0,1,0,12,2,76,706,76706,80,1985,JYA50H005FA0,J,Y,A,5,0,H,0,0,5,F,A,0,0,M,YAMA,FJ1,RS,85,17,,,,,,,1100,0,0,000000000,00000000000,0,0,0,1,0,0,0,0,0,0,0,25,0,0,0,0,98,6,2,1,0,0,0,1,12,32129,6,1,0,0,3,0,72,999,0,0,0,0,0,0,0,0,0,0,0,0,0,0,1,2,25,1,1,2,1,0,0,1,12,1,1,4,6,1,0
12,120178,1,2,1,10,2,16,40,12,2,1,0,12,2,53,706,53706,80,2008,JS1GT77A2821,J,S,1,G,T,7,7,A,2,8,2,1,0,M,SUZI,XR1,RS,8,17,,,,,,,999,0,0,000000000,00000000000,0,0,0,1,0,0,0,0,0,0,0,45,0,0,0,12,12,6,2,12,0,0,1,1,12,33614,6,1,0,0,3,0,67,999,0,3,0,4,1,7,2008,4,2009,1,0,0,0,0,1,4,45,1,2,2,1,0,0,1,61,3,2,1,79,1,1
12,120178,2,2,1,10,2,16,40,12,2,1,0,12,2,6,52,6052,6,2001,3C8FY4BBX1T5,3,C,8,F,Y,4,B,B,X,1,T,5,0,P,CHRY,PTC,SV,1,17,3109,,0,1030,,G,,0,0,000000000,00000000000,0,0,0,1,0,0,0,0,0,0,0,999,0,0,0,12,12,6,2,12,0,0,0,1,12,33647,6,1,0,0,3,0,71,999,0,1,0,2,1,2,2008,8,2009,0,0,0,0,0,1,4,45,1,2,2,1,0,0,10,16,1,1,1,78,0,0
12,120179,1,1,2,13,2,20,51,8,0,1,0,12,1,49,40,49040,4,2007,4T1BE46K87U1,4,T,1,B,E,4,6,K,8,7,U,1,0,P,TOYT,CMB,4D,7,17,3108,,0,1093,,G,,0,0,000000000,00000000000,0,0,0,1,0,0,0,0,0,0,0,999,0,0,0,12,12,4,3,8,0,0,0,1,12,32773,6,1,0,0,3,3,72,999,0,0,0,0,0,0,0,0,0,0,0,0,0,0,1,5,40,1,1,2,1,28,3,1,80,1,1,1,13,0,0
12,120180,1,1,2,14,2,6,20,23,0,1,0,12,2,6,55,6055,2,2004,1C3AN69LX4X0,1,C,3,A,N,6,9,L,X,4,X,0,0,P,CHRY,CRL,CP,4,17,2971,,0,945,,G,,0,0,000000000,00000000000,0,0,0,1,0,0,0,0,0,0,0,999,0,0,0,2,3,6,2,23,0,0,0,1,12,33470,6,1,0,0,3,0,66,999,0,0,0,0,0,0,0,0,0,0,0,0,0,0,6,2,35,2,2,2,1,0,0,14,13,1,1,4,1,1,1
12,120182,1,2,2,23,1,23,42,12,6,1,0,12,1,13,1,13001,4,1994,1LNLM81W7RY7,1,L,N,L,M,8,1,W,7,R,Y,7,0,P,LINC,EXC,4D,94,17,4039,,0,1174,,G,,0,0,000000000,00000000000,0,0,0,1,0,0,0,0,0,0,0,70,0,0,0,2,2,6,2,12,0,0,0,1,12,32317,6,1,0,0,3,0,73,999,0,0,0,0,0,0,0,0,0,0,0,0,0,0,2,2,70,1,2,2,2,28,3,1,10,1,2,6,64,1,0
12,120182,2,2,1,23,1,23,42,12,6,1,0,4,1,98,804,98804,66,2001,2WKEDDJHX1K9,2,W,K,E,D,D,J,H,X,1,K,9,1,T,WSTR,49E,DS,1,17,,8,0,0,CNV,D,,1,77,777777777,77777777777,3,6,1,1,0,0,0,0,0,0,0,60,0,0,0,11,11,6,2,12,0,0,0,1,12,34972,6,1,6,0,3,3,72,999,0,0,0,2,0,10,2007,12,2008,0,0,0,0,0,2,2,70,1,2,2,2,28,3,1,64,1,1,1,65,0,0
12,120183,1,1,2,23,1,22,49,8,0,1,0,12,1,19,22,19022,4,2006,1G6KD57Y66U1,1,G,6,K,D,5,7,Y,6,6,U,1,0,P,CADI,TDS,4D,6,17,4009,,0,1156,,G,,0,0,000000000,00000000000,0,0,0,1,0,0,0,0,0,0,0,35,0,0,0,14,14,0,1,8,0,0,0,1,12,34210,6,1,0,0,3,3,68,999,0,0,0,0,0,0,0,0,0,0,0,0,0,0,2,3,40,1,1,2,1,28,3,1,80,1,1,1,13,0,0
12,120184,1,2,2,23,1,0,46,12,6,1,0,12,2,63,33,63033,4,2002,KNAFB1218251,K,N,A,F,B,1,2,1,8,2,5,1,0,P,KIA,STL,4D,2,17,2661,,0,1008,,G,,0,0,000000000,00000000000,0,0,0,1,0,0,0,0,0,0,0,5,0,0,0,3,61,6,2,12,0,0,0,1,12,34953,6,1,0,0,3,3,69,999,0,7,0,1,2,3,2008,3,2009,0,38,0,0,0,4,1,30,1,1,4,1,20,3,1,17,1,1,1,87,1,1
12,120184,2,2,3,23,1,0,46,12,6,1,0,12,1,20,481,20481,31,2002,1GCHK29102E1,1,G,C,H,K,2,9,1,0,2,E,1,0,T,CHEV,2KH,4C,2,17,,2,1575,1435,SIL,D,,0,0,000000000,00000000000,0,0,0,1,0,0,0,0,0,0,0,40,0,1,1,12,12,6,2,12,0,0,0,1,12,32958,6,1,0,0,3,0,63,999,0,0,0,0,0,0,0,0,0,1,0,0,0,0,4,1,30,1,1,4,1,0,0,1,66,1,1,1,86,0,0
12,120185,1,1,2,17,1,7,46,8,0,1,0,12,1,9,442,9442,20,1994,1P4GH44R2RX3,1,P,4,G,H,4,4,R,2,R,X,3,0,P,PLYM,VOF,SV,94,17,3580,,0,1193,,G,,0,0,000000000,00000000000,0,0,0,1,0,0,0,0,0,0,0,40,0,0,0,12,12,6,2,8,0,0,0,1,12,33852,6,1,0,0,3,0,66,999,0,0,0,0,1,3,2008,3,2008,0,0,0,0,0,2,2,50,1,1,2,1,28,3,1,80,1,1,1,13,0,0
12,120186,1,5,2,2,2,18,55,12,6,1,0,12,1,7,422,7422,15,2005,1D4HB58D55F5,1,D,4,H,B,5,8,D,5,5,F,5,0,P,DODG,DUR,UT,5,17,4986,,0,1192,,G,,0,0,000000000,00000000000,0,0,0,1,0,0,0,0,0,0,0,45,0,0,0,12,12,6,2,12,0,0,0,1,12,33880,6,1,0,0,3,3,72,999,0,0,0,0,0,0,0,0,0,0,27,0,0,0,2,3,45,1,2,2,1,28,3,15,10,1,1,1,64,1,1
12,120186,2,5,2,2,2,18,55,12,6,1,0,12,1,7,24,7024,4,2007,2B3KA43RX7H6,2,B,3,K,A,4,3,R,X,7,H,6,0,P,DODG,CTL,4D,7,17,3648,,0,1200,,G,,0,0,000000000,00000000000,0,0,0,1,0,0,0,0,0,0,0,45,0,0,0,9,9,6,2,12,0,0,0,1,12,33823,6,1,0,0,3,0,70,999,0,0,0,0,0,0,0,0,0,0,0,0,0,0,2,3,45,1,2,2,1,28,3,1,62,1,1,1,65,0,0
12,120186,3,5,1,2,2,18,55,12,6,1,0,12,1,14,6,14006,4,1992,2MECM74W5NX6,2,M,E,C,M,7,4,W,5,N,X,6,0,P,MERC,GMG,4D,92,17,3768,,0,1144,,G,,0,0,000000000,00000000000,0,0,0,1,0,0,0,0,0,0,0,30,0,0,0,6,12,6,2,12,0,0,0,1,12,33881,6,1,0,0,3,0,69,999,0,1,0,0,0,1,2010,1,2010,0,0,0,0,0,2,3,45,1,2,2,1,28,3,1,62,1,1,1,98,0,0
12,120186,4,5,2,2,2,18,55,12,6,1,0,12,2,24,401,24401,14,2006,5GZCZ53486S8,5,G,Z,C,Z,5,3,4,8,6,S,8,0,P,STRN,VUE,UT,6,17,3478,,0,1066,,G,,0,0,000000000,00000000000,0,0,0,1,0,0,0,0,0,0,0,40,0,0,0,12,12,6,2,12,0,0,0,1,12,33880,6,1,0,0,3,0,68,999,0,0,0,0,0,0,0,0,0,0,0,0,0,0,2,3,45,1,2,2,1,28,3,1,62,1,1,1,98,0,0
12,120186,5,5,1,2,2,18,55,12,6,1,0,42,2,9,442,9442,20,1999,1P4GP44G6XB8,1,P,4,G,P,4,4,G,6,X,B,8,0,P,PLYM,VOF,SV,99,17,3856,,0,1193,,F,,0,0,000000000,00000000000,0,0,0,1,0,0,0,0,0,0,0,45,0,0,0,11,11,6,2,12,0,0,0,1,12,33880,6,1,0,0,3,0,68,999,0,0,0,0,0,0,0,0,0,0,0,0,0,0,2,3,45,1,2,2,1,28,3,1,62,1,1,1,98,0,0
12,120187,1,1,3,6,2,20,35,42,0,1,0,12,2,22,18,22018,4,2000,1G2NE52T3YM8,1,G,2,N,E,5,2,T,3,Y,M,8,0,P,PONT,GAS,4D,0,17,3116,,0,1070,,G,,0,0,000000000,00000000000,0,0,0,1,0,0,0,0,0,0,0,75,0,1,5,12,12,6,2,1,0,0,0,1,12,32112,2,1,0,0,2,0,68,999,0,5,0,0,0,3,2007,9,2009,1,36,0,0,0,1,2,35,3,2,2,1,28,3,14,13,1,1,4,1,1,1
12,120188,1,1,1,10,2,18,17,50,0,1,0,1,3,98,809,98809,63,2002,2FZHAZAV22AK,2,F,Z,H,A,Z,A,V,2,2,A,K,0,T,STRG,LT9,TM,2,17,,8,0,0,STE,D,,0,77,777777777,77777777777,3,2,4,1,0,0,0,0,0,0,0,70,0,1,2,13,13,6,2,1,0,0,0,1,12,32539,6,1,6,3,3,3,72,999,0,0,0,0,0,0,0,0,0,0,0,0,0,0,2,2,70,1,1,2,1,28,3,1,17,1,1,1,12,1,0
12,120189,1,1,1,10,2,3,5,8,0,1,1,99,9,99,999,99999,99,9999,999999999999,9,9,9,9,9,9,9,9,9,9,9,9,0,U,,,,9,17,,,,,,,,0,99,999999999,99999999999,9,99,99,1,0,0,0,0,99,99,9,45,0,0,0,12,12,4,1,8,99,99,0,1,99,99999,9,9,99,9,9,9,999,999,99,99,99,99,99,99,9999,99,9999,0,0,0,0,0,2,3,45,1,1,1,1,28,3,1,80,1,1,1,13,0,0
12,120190,1,2,1,13,2,18,30,12,6,1,0,6,1,51,42,51042,4,1994,YV1LS5710R11,Y,V,1,L,S,5,7,1,0,R,1,1,0,P,VOLV,850,4D,94,17,3287,,0,1049,,G,,0,0,000000000,00000000000,0,0,0,1,0,0,0,0,0,0,0,55,0,0,0,9,9,6,2,12,0,0,0,1,6,90027,6,1,0,0,3,0,74,180,0,0,0,0,0,0,0,0,0,0,39,0,0,0,1,2,55,1,1,2,1,20,3,1,66,1,1,1,89,1,1
12,120190,2,2,1,13,2,18,30,12,6,1,0,12,1,7,472,7472,30,1991,1B7FL23X4MS3,1,B,7,F,L,2,3,X,4,M,S,3,0,T,DODG,DAK,PC,91,17,,1,0,1309,DAK,G,,0,0,000000000,00000000000,0,0,0,1,0,0,0,0,0,0,0,55,0,0,0,12,12,6,2,12,0,0,0,1,12,32444,6,1,0,0,3,0,67,999,0,0,0,0,0,0,0,0,0,1,0,0,0,0,1,2,55,1,1,2,1,20,3,1,66,4,1,1,88,0,0
12,120191,1,2,2,13,2,18,45,12,6,1,0,24,1,37,441,37441,20,2007,5FNRL38297B1,5,F,N,R,L,3,8,2,9,7,B,1,0,P,HOND,UDY,SV,7,17,0,,0,1181,,G,,0,0,000000000,00000000000,0,0,0,1,0,0,0,0,0,0,0,10,0,0,0,9,9,6,2,12,0,0,0,1,24,21742,3,1,0,0,2,0,67,999,0,0,0,0,0,0,0,0,0,0,38,0,0,0,2,2,55,1,1,2,1,20,3,11,15,1,1,1,68,1,0
12,120191,2,2,3,13,2,18,45,12,6,1,0,12,2,20,422,20422,15,2005,1GNEC16Z45R1,1,G,N,E,C,1,6,Z,4,5,R,1,0,P,CHEV,C15,UT,5,17,5268,,0,1300,,F,,0,0,000000000,00000000000,0,0,0,1,0,0,0,0,0,0,0,55,0,0,0,12,12,6,2,12,0,0,0,1,12,33880,6,1,0,0,3,3,72,999,0,0,0,1,0,11,2009,11,2009,0,0,0,0,0,2,2,55,1,1,2,1,20,3,1,67,1,1,1,69,0,0
12,120192,1,1,1,14,2,0,45,42,0,1,0,12,2,12,481,12481,31,2004,1FTNW21P14ED,1,F,T,N,W,2,1,P,1,4,E,D,0,T,FORD,F2S,CW,4,17,,2,1724,1562,SRW,D,,0,0,000000000,00000000000,0,0,0,1,0,0,0,0,0,0,0,60,0,1,5,3,3,6,2,1,0,0,0,1,12,32195,6,1,0,0,3,0,70,999,0,4,0,2,2,3,2007,11,2009,0,36,0,0,0,1,2,30,1,2,2,1,28,3,1,13,1,1,4,1,1,1
12,120193,1,1,5,16,2,19,6,8,0,1,0,12,1,20,401,20401,14,2000,1GNDT13W5Y23,1,G,N,D,T,1,3,W,5,Y,2,3,0,P,CHEV,BZR,UT,0,17,4049,,0,1070,,G,,0,0,000000000,00000000000,0,0,0,1,0,0,0,0,0,0,0,40,0,0,0,12,12,4,1,8,0,0,0,1,12,32811,6,1,0,0,3,3,65,999,0,0,0,0,1,9,2009,9,2009,0,0,0,0,0,2,3,45,1,1,2,1,28,3,1,80,1,1,1,13,0,0
12,120194,1,1,1,16,2,21,48,8,0,1,0,12,1,18,7,18007,4,2001,2G4WY55JX111,2,G,4,W,Y,5,5,J,X,1,1,1,0,P,BUIC,CLM,4D,1,17,3368,,0,1090,,G,,0,0,000000000,00000000000,0,0,0,1,0,0,0,0,0,0,0,50,0,0,0,12,12,4,3,8,0,0,0,1,12,32218,6,1,0,0,3,0,67,999,0,0,0,0,0,0,0,0,0,0,38,0,0,0,3,2,50,1,1,2,1,28,3,15,80,1,1,1,13,0,0
12,120195,1,1,1,17,2,13,15,42,0,1,0,12,2,55,37,55037,2,2001,KMHJG25F11U2,K,M,H,J,G,2,5,F,1,1,U,2,0,P,HYUN,TIB,CP,1,17,2633,,0,974,,G,,0,0,000000000,00000000000,0,0,0,1,0,0,0,0,0,0,0,70,0,0,0,12,12,6,2,42,0,0,0,1,12,32425,6,1,0,0,3,3,62,999,0,0,0,0,0,0,0,0,0,0,36,0,0,0,3,2,70,1,1,2,1,28,3,1,13,1,1,4,1,1,0
12,120196,1,1,1,9,1,1,45,33,0,1,0,12,1,37,709,37709,80,2008,JH2SC59058M0,J,H,2,S,C,5,9,0,5,8,M,0,0,M,HOND,CBS,RC,8,17,,,,,,,998,0,0,000000000,00000000000,0,0,0,1,0,0,0,0,0,0,0,60,0,0,0,1,1,6,2,31,0,0,0,1,12,33776,2,1,0,0,2,0,72,999,0,0,0,0,0,0,0,0,0,1,36,0,0,0,2,3,45,3,1,2,1,28,3,14,13,1,1,4,1,1,1
12,120197,1,1,2,27,1,13,6,9,0,1,0,12,2,63,33,63033,5,2002,KNAFB1611250,K,N,A,F,B,1,6,1,1,2,5,0,0,P,KIA,SSX,4H,2,17,2686,,0,1008,,G,,0,0,000000000,00000000000,0,0,0,1,0,0,0,0,0,0,0,46,0,0,0,12,12,4,3,9,0,0,0,1,12,33616,6,1,0,0,3,3,61,999,0,0,0,0,0,0,0,0,0,0,0,0,0,0,2,2,45,1,1,2,1,0,0,1,83,1,1,1,13,0,0
12,120198,1,1,1,1,1,2,0,8,0,1,0,12,1,35,47,35047,2,2008,1N4AL24E28C1,1,N,4,A,L,2,4,E,2,8,C,1,0,P,NISS,A5S,CP,8,17,3052,,0,1053,,G,,0,0,000000000,00000000000,0,0,0,1,0,0,0,0,0,0,0,998,0,0,0,12,12,6,2,8,0,0,0,1,12,33618,6,1,0,0,3,0,67,999,0,0,0,1,0,2,2007,2,2007,0,0,0,0,0,2,2,45,1,2,2,1,28,3,1,80,1,1,1,13,0,0
12,120199,1,2,2,1,1,1,10,12,6,1,0,12,1,35,47,35047,4,1999,1N4DL01D7XC1,1,N,4,D,L,0,1,D,7,X,C,1,0,P,NISS,AGS,4D,99,17,2762,,0,1031,,G,,0,0,000000000,00000000000,0,0,0,1,0,0,0,0,0,0,0,998,0,0,0,12,12,4,3,12,0,0,0,1,12,33141,6,1,0,0,3,0,71,999,0,0,0,0,1,11,2009,11,2009,0,38,0,0,0,2,2,30,1,1,2,1,3,3,11,15,1,1,1,68,0,0
12,120199,2,2,1,1,1,1,10,12,6,1,0,12,1,98,709,98709,81,2008,LD5TCBPA6811,L,D,5,T,C,B,P,A,6,8,1,1,0,U,,,,8,17,,,,,,,,0,0,000000000,00000000000,0,0,0,1,0,0,0,0,0,0,0,998,0,0,0,11,11,6,2,12,0,0,0,1,12,33141,2,1,0,0,2,0,66,999,0,1,0,0,1,8,2007,3,2009,0,0,0,0,0,2,2,30,1,1,2,1,3,3,1,62,1,1,1,69,1,0
12,120200,1,2,1,13,1,14,47,12,6,1,0,12,1,12,402,12402,14,2003,1FMYU93133KA,1,F,M,Y,U,9,3,1,3,3,K,A,0,P,FORD,SPE,UT,3,17,3458,,0,1031,,G,,0,0,000000000,00000000000,0,0,0,1,0,0,0,0,0,0,0,40,0,0,0,12,12,6,2,12,0,0,0,1,12,32164,6,1,0,0,3,3,63,999,0,1,0,1,0,3,2007,7,2007,0,0,0,0,0,2,2,40,3,2,2,1,20,3,14,66,1,1,1,88,0,0
12,120200,2,2,1,13,1,14,47,12,6,1,0,12,1,7,442,7442,20,2001,1B4GP25391B1,1,B,4,G,P,2,5,3,9,1,B,1,0,P,DODG,CAR,SV,1,17,3815,,0,1133,,F,,0,0,000000000,00000000000,0,0,0,1,0,0,0,0,0,0,0,20,0,0,0,11,11,6,2,12,0,0,0,1,12,32174,6,1,0,0,3,3,73,999,0,0,0,0,0,0,0,0,0,0,38,0,0,0,2,2,25,1,2,2,1,20,3,1,17,1,1,1,89,1,0
12,120201,1,1,1,16,1,0,24,30,0,1,0,12,2,73,703,73703,83,2004,JKAKXMMC34A0,J,K,A,K,X,M,M,C,3,4,A,0,0,M,KAWK,X2M,MX,4,17,,,,,,,250,0,0,000000000,00000000000,0,0,0,1,0,0,0,0,0,0,0,998,0,0,0,81,81,6,2,30,0,0,0,1,12,33761,6,1,0,0,3,0,74,999,0,0,0,0,0,0,0,0,0,9,0,0,0,0,1,2,35,2,1,2,1,97,8,14,13,1,1,4,1,1,1
12,120202,1,1,1,20,1,1,8,42,0,1,0,12,1,6,41,6041,4,1999,2C3HD46J7XH5,2,C,3,H,D,4,6,J,7,X,H,5,0,P,CHRY,CIX,4D,99,17,3474,,0,1130,,G,,0,0,000000000,00000000000,0,0,0,1,0,0,0,0,0,0,0,45,0,0,0,12,12,6,2,42,0,0,0,1,12,32210,6,1,0,0,3,3,62,999,0,1,0,0,0,9,2008,9,2008,0,36,0,0,0,1,2,35,1,1,5,1,0,0,1,12,1,1,4,6,1,1
12,120203,1,1,2,20,1,18,50,8,0,1,0,12,1,72,706,72706,80,2008,1HD1FC4178Y6,1,H,D,1,F,C,4,1,7,8,Y,6,0,M,HD,FLU,RS,8,17,,,,,,,1584,0,0,000000000,00000000000,0,0,0,1,0,0,0,0,0,0,0,45,0,0,0,12,12,6,2,8,0,0,0,1,12,33417,6,1,0,0,3,3,69,999,0,0,0,0,0,0,0,0,0,0,38,0,0,0,2,3,45,1,1,2,1,0,0,15,80,3,1,2,13,0,0
12,120204,1,1,1,14,1,18,0,8,0,1,1,99,9,99,999,99999,99,9999,999999999999,9,9,9,9,9,9,9,9,9,9,9,9,9,U,,,,9,17,,,,,,,,0,99,999999999,99999999999,9,99,99,1,0,0,0,0,99,99,9,999,0,0,0,99,99,9,1,8,99,99,0,1,99,99999,9,9,99,9,9,9,999,999,99,99,99,99,99,99,9999,99,9999,9,0,0,0,0,1,2,25,1,1,2,1,28,3,99,80,99,9,9,13,0,0
12,120205,1,1,2,26,1,12,55,3,0,1,0,12,1,22,18,22018,4,2002,1G2NF52F62C2,1,G,2,N,F,5,2,F,6,2,C,2,0,P,PONT,SE1,4D,2,17,3116,,0,1070,,G,,0,0,000000000,00000000000,0,0,0,1,0,0,0,0,0,0,0,30,0,0,0,0,0,6,2,3,0,0,0,1,12,34102,6,1,0,0,3,0,69,999,0,1,0,0,2,9,2007,4,2008,0,36,0,0,0,1,2,30,1,1,2,1,28,3,1,14,8,1,4,0,1,0
12,120206,1,1,3,1,1,23,11,53,0,1,0,12,2,12,17,12017,4,1993,1FALP52U3PA1,1,F,A,L,P,5,2,U,3,P,A,1,0,P,FORD,TAG,4D,93,17,3117,,0,1060,,G,,0,0,000000000,00000000000,0,0,0,1,0,0,0,0,0,0,0,60,0,0,0,12,12,6,2,39,0,0,0,1,12,34293,2,1,0,0,2,0,63,999,0,5,0,1,1,8,2007,11,2009,0,37,0,0,0,1,2,30,1,1,2,1,0,0,1,12,3,1,4,6,1,1
12,120207,1,1,1,19,1,21,50,59,0,1,0,12,1,72,706,72706,80,2004,1HD1GPW144K3,1,H,D,1,G,P,W,1,4,4,K,3,0,M,HD,WGI,RS,4,17,,,,,,,1450,0,0,000000000,00000000000,0,0,0,1,0,0,0,0,0,0,0,999,0,0,0,12,12,6,2,1,0,0,0,1,12,33305,0,0,0,0,0,0,999,999,0,0,0,0,0,0,0,0,0,0,0,0,0,0,2,3,35,1,1,2,1,0,0,1,12,1,1,4,6,1,0
12,120208,1,1,1,3,1,11,52,1,0,1,0,12,1,73,706,73706,80,2005,JKAZXCC185A0,J,K,A,Z,X,C,C,1,8,5,A,0,0,M,KAWK,Z1R,RS,5,17,,,,,,,998,0,0,000000000,00000000000,0,0,0,1,0,0,0,0,0,0,0,999,0,0,0,0,0,6,2,1,0,0,0,1,12,33024,1,1,0,0,2,0,71,999,1,2,0,3,3,10,2007,12,2009,0,0,0,0,0,2,2,40,2,1,2,1,0,0,14,11,1,1,2,98,1,0