STATE,ST_CASE,VEH_NO,VE_FORMS,NUMOCCS,DAY,MONTH,HOUR,MINUTE,HARM_EV,MAN_COLL,UNITTYPE,HIT_RUN,REG_STAT,OWNER,MAKE,MODEL,MAK_MOD,BODY_TYP,MOD_YEAR,VIN,VIN_1,VIN_2,VIN_3,VIN_4,VIN_5,VIN_6,VIN_7,VIN_8,VIN_9,VIN_10,VIN_11,VIN_12,TOW_VEH,VINTYPE,VINMAKE,VINA_MOD,VIN_BT,VINMODYR,VIN_LNGT,VIN_WGT,WGTCD_TR,WHLBS_LG,WHLBS_SH,SER_TR,FUELCODE,MCYCL_DS,J_KNIFE,MCARR_I1,MCARR_I2,MCARR_ID,GVWR,V_CONFIG,CARGO_BT,HAZ_INV,HAZ_PLAC,HAZ_ID,HAZ_CNO,HAZ_REL,BUS_USE,SPEC_USE,EMER_USE,TRAV_SP,UNDERIDE,ROLLOVER,ROLINLOC,IMPACT1,IMPACT2,DEFORMED,TOWED,M_HARM,VEH_SC1,VEH_SC2,FIRE_EXP,DR_PRES,L_STATE,DR_ZIP,L_STATUS,L_TYPE,CDL_STAT,L_ENDORS,L_COMPL,L_RESTRI,DR_HGT,DR_WGT,PREV_ACC,PREV_SUS,PREV_DWI,PREV_SPD,PREV_OTH,FIRST_MO,FIRST_YR,LAST_MO,LAST_YR,SPEEDREL,DR_SF1,DR_SF2,DR_SF3,DR_SF4,VTRAFWAY,VNUM_LAN,VSPD_LIM,VALIGN,VPROFILE,VPAVETYP,VSURCOND,VTRAFCON,VTCONT_F,P_CRASH1,P_CRASH2,P_CRASH3,PCRASH4,PCRASH5,ACC_TYPE,DEATHS,DR_DRINK
12,120210,1,1,1,18,1,8,10,25,0,1,0,12,2,38,402,38402,14,1996,4S2CK58VXT43,4,S,2,C,K,5,8,V,X,T,4,3,0,P,ISU,ROD,UT,96,17,0,,0,1087,,G,,0,0,000000000,00000000000,0,0,0,1,0,0,0,0,0,0,0,45,0,1,5,12,14,6,2,3,0,0,0,1,12,33177,6,1,0,0,3,0,66,999,0,0,0,1,0,4,2009,4,2009,0,36,0,0,0,3,2,45,1,1,2,1,0,0,1,12,1,1,4,6,1,0
12,120211,1,1,5,20,1,14,12,1,0,1,0,12,2,12,421,12421,15,1990,1FMEU15NXLLB,1,F,M,E,U,1,5,N,X,L,L,B,0,P,FORD,BRO,UT,90,17,4348,,0,1050,,G,,0,0,000000000,00000000000,0,0,0,1,0,0,0,0,0,0,0,70,0,1,3,0,0,6,2,1,0,0,0,1,97,0,9,9,99,9,9,9,999,999,99,99,99,99,99,99,9999,99,9999,0,24,0,0,0,3,2,70,1,1,2,1,28,3,1,3,1,3,4,98,1,0
12,120212,1,2,1,31,1,2,30,12,2,1,0,12,1,76,706,76706,80,2003,JYARN10E73A0,J,Y,A,R,N,1,0,E,7,3,A,0,0,M,YAMA,YFR,RS,3,17,,,,,,,998,0,0,000000000,00000000000,0,0,0,1,0,0,0,0,0,0,0,998,0,0,0,12,12,6,2,12,0,0,0,1,12,32210,6,1,0,0,3,0,72,999,0,0,0,2,0,10,2008,7,2009,9,36,0,0,0,1,2,30,1,1,2,1,3,3,1,10,1,1,2,50,1,1
12,120212,2,2,1,31,1,2,30,12,2,1,0,12,2,12,481,12481,31,2004,1FTPW12514KD,1,F,T,P,W,1,2,5,1,4,K,D,0,T,FORD,F1S,CW,4,17,,2,1450,1260,COF,G,,0,0,000000000,00000000000,0,0,0,1,0,0,0,0,0,0,0,35,0,0,0,12,12,6,2,12,0,0,0,1,12,32205,6,1,0,0,3,0,70,999,0,0,0,0,0,0,0,0,0,0,0,0,0,0,1,2,30,1,1,2,1,3,3,1,62,1,1,1,51,0,0
12,120213,1,2,2,19,1,14,41,12,8,1,0,12,1,72,706,72706,80,2000,1HD1FCW17YY6,1,H,D,1,F,C,W,1,7,Y,Y,6,0,M,HD,FLU,RS,0,17,,,,,,,1450,0,0,000000000,00000000000,0,0,0,1,0,0,0,0,0,0,0,30,0,0,0,81,81,6,2,12,0,0,0,1,42,15650,6,1,6,0,3,0,69,999,0,0,0,0,0,0,0,0,0,0,28,0,0,0,1,2,30,2,1,2,1,0,0,14,10,1,1,2,64,1,0
12,120213,2,2,3,19,1,14,41,12,8,1,0,12,2,20,421,20421,15,1998,1GNCS13W2W21,1,G,N,C,S,1,3,W,2,W,2,1,0,P,CHEV,BZR,UT,98,17,3685,,0,1070,,G,,0,0,000000000,00000000000,0,0,0,1,0,0,0,0,0,0,0,30,0,0,0,81,81,4,1,12,0,0,0,1,12,34691,1,1,0,0,2,0,64,999,0,0,0,0,0,0,0,0,0,0,92,0,0,0,1,2,30,3,1,2,1,0,0,14,62,1,1,1,65,0,0
12,120214,1,1,2,26,1,22,0,8,0,1,0,12,1,22,16,22016,2,2003,1G2JB12F1373,1,G,2,J,B,1,2,F,1,3,7,3,0,P,PONT,SFR,CP,3,17,2771,,0,1041,,G,,0,0,000000000,00000000000,0,0,0,1,0,0,0,0,0,0,0,45,0,0,0,12,12,6,2,8,0,0,0,1,12,34251,6,1,0,0,3,3,63,999,0,0,0,1,0,10,2008,10,2008,0,0,0,0,0,2,2,45,1,1,2,1,0,0,1,80,6,1,1,13,0,1
12,120215,1,1,1,7,1,6,32,8,0,1,0,12,2,20,461,20461,21,2000,1GNFG15M7Y11,1,G,N,F,G,1,5,M,7,Y,1,1,0,P,CHEV,EXP,SV,0,17,5142,,0,1350,,G,,0,0,000000000,00000000000,0,0,0,1,0,0,0,0,0,0,0,999,0,0,0,12,12,0,1,8,0,0,0,1,12,33610,6,1,0,0,3,3,64,999,0,0,0,0,0,0,0,0,0,0,38,36,48,0,2,2,45,1,1,2,1,3,3,11,80,1,1,1,13,0,0
12,120216,1,1,1,12,1,14,45,8,0,1,0,12,1,35,402,35402,14,2005,5N1AN08U25C6,5,N,1,A,N,0,8,U,2,5,C,6,0,P,NISS,XTR,UT,5,17,5200,,0,1063,,G,,0,0,000000000,00000000000,0,0,0,1,0,0,0,0,0,0,0,10,0,0,0,12,12,4,8,8,0,0,0,1,12,33060,6,1,0,0,3,3,67,999,0,0,0,0,0,0,0,0,0,0,0,0,0,0,1,2,35,1,1,2,1,0,0,11,80,1,1,1,13,0,0
12,120217,1,2,1,2,1,12,35,12,6,1,0,12,1,53,706,53706,80,2000,JS1VY51A6Y21,J,S,1,V,Y,5,1,A,6,Y,2,1,0,M,SUZI,VL1,RS,0,17,,,,,,,1462,0,0,000000000,00000000000,0,0,0,1,0,0,0,0,0,0,0,10,0,0,0,9,9,6,2,12,0,0,0,1,12,32720,6,1,0,0,3,3,71,999,0,0,0,0,0,0,0,0,0,0,27,0,0,0,2,2,65,1,1,2,1,28,3,15,10,1,1,2,46,1,0
12,120217,2,2,3,2,1,12,35,12,6,1,0,12,1,63,401,63401,14,2000,KNDJB6236Y56,K,N,D,J,B,6,2,3,6,Y,5,6,0,P,KIA,SPO,UT,0,17,3108,,0,929,,G,,0,0,000000000,00000000000,0,0,0,1,0,0,0,0,0,0,0,55,0,0,0,1,1,6,2,12,0,0,0,1,12,32117,6,1,0,0,3,3,65,999,0,0,0,3,1,8,2007,9,2009,0,0,0,0,0,2,2,65,1,1,2,1,28,3,1,61,8,1,1,45,0,0
12,120218,1,2,1,6,1,23,15,8,0,1,0,12,1,35,401,35401,14,1998,JN8AR05S1WW2,J,N,8,A,R,0,5,S,1,W,W,2,0,P,NISS,PFI,UT,98,17,3714,,0,1063,,G,,0,0,000000000,00000000000,0,0,0,1,0,0,0,0,0,0,0,25,0,0,0,12,12,6,2,8,0,0,0,1,12,32303,6,1,0,0,3,0,68,999,1,0,0,0,1,9,2007,10,2007,0,36,0,0,0,2,3,35,1,2,2,1,0,0,1,80,1,1,1,13,0,0
12,120218,2,2,2,6,1,23,15,8,0,1,0,12,1,18,2,18002,4,1990,1G4HP54C5LH4,1,G,4,H,P,5,4,C,5,L,H,4,0,P,BUIC,LCF,4D,90,17,3175,,0,1108,,G,,0,0,000000000,00000000000,0,0,0,1,0,0,0,0,0,0,0,0,0,0,0,6,6,6,9,12,33,0,0,1,12,32305,6,1,0,0,3,0,68,999,0,2,0,0,2,10,2007,4,2009,0,54,0,0,0,2,3,35,1,2,2,1,0,0,7,53,1,1,1,98,0,0
12,120219,1,2,1,7,1,18,37,12,1,1,0,12,1,49,40,49040,4,2000,4T1BG22K2YU0,4,T,1,B,G,2,2,K,2,Y,U,0,0,P,TOYT,UEX,4D,0,17,2998,,0,1051,,G,,0,0,000000000,00000000000,0,0,0,1,0,0,0,0,0,0,0,45,0,0,0,12,12,6,2,12,0,0,0,1,12,33009,6,1,0,0,3,0,64,999,0,0,0,0,1,10,2007,10,2007,0,36,0,0,0,1,4,35,1,1,2,1,0,0,1,50,1,1,1,20,1,1
12,120219,2,2,1,7,1,18,37,12,1,1,0,12,3,98,882,98882,63,1997,4P1CT0254VAD,4,P,1,C,T,0,2,5,4,V,A,D,0,P,,,,,17,,,,,,,,0,77,777777777,77777777777,3,2,97,1,0,0,0,0,0,7,0,0,0,0,0,6,7,6,2,12,0,0,0,1,12,33004,6,1,0,0,3,0,74,999,0,0,0,0,0,0,0,0,0,0,0,0,0,0,1,4,35,1,1,2,1,0,0,5,53,1,1,1,21,0,0
12,120220,1,2,1,7,1,14,57,12,6,1,0,12,2,35,43,35043,4,2008,3N1AB61E68L6,3,N,1,A,B,6,1,E,6,8,L,6,0,P,NISS,SL2,4D,8,17,2804,,0,1057,,G,,0,0,000000000,00000000000,0,0,0,1,0,0,0,0,0,0,0,15,0,0,0,3,3,6,2,12,0,0,0,1,12,33414,6,1,0,0,3,0,64,999,0,0,0,0,0,0,0,0,0,0,36,0,0,0,2,4,45,1,1,2,1,3,3,11,15,1,1,2,68,0,0
12,120220,2,2,1,7,1,14,57,12,6,1,0,12,1,72,706,72706,80,2010,1HD1PZ815AB9,1,H,D,1,P,Z,8,1,5,A,B,9,0,M,HD,HSE,RS,10,17,,,,,,,1803,0,0,000000000,00000000000,0,0,0,1,0,0,0,0,0,0,0,60,0,0,0,12,12,6,2,12,0,0,0,1,12,33414,6,1,0,0,3,0,74,999,0,8,0,5,3,8,2007,10,2009,1,0,0,0,0,1,4,45,1,1,2,1,3,3,1,65,10,1,1,69,1,0
12,120221,1,1,3,7,1,20,39,8,0,1,0,12,1,12,481,12481,31,1999,2FTZX1725XCA,2,F,T,Z,X,1,7,2,5,X,C,A,0,T,FORD,F15,4C,99,17,,1,1571,1385,COF,G,,0,0,000000000,00000000000,0,0,0,1,0,0,0,0,0,0,0,25,0,0,0,12,12,0,1,8,0,0,0,1,12,32693,6,1,0,0,3,0,72,999,0,0,0,3,1,2,2008,6,2009,0,0,0,0,0,1,2,35,1,1,2,1,0,0,11,80,2,1,1,13,0,0
12,120222,1,2,1,9,1,17,38,12,2,1,0,12,1,63,402,63402,14,2008,KNDJD7359857,K,N,D,J,D,7,3,5,9,8,5,7,0,P,KIA,SOR,UT,8,17,4068,,0,1067,,G,,0,0,000000000,00000000000,0,0,0,1,0,0,0,0,0,0,0,35,0,0,0,12,12,6,2,12,0,0,0,1,12,33155,6,1,0,0,3,0,61,999,1,0,0,0,0,10,2009,10,2009,0,51,0,0,0,1,4,35,1,1,2,2,28,3,1,10,1,1,2,50,0,0
12,120222,2,2,1,9,1,17,38,12,2,1,0,12,2,49,32,49032,4,1991,1NXAE91AXMZ2,1,N,X,A,E,9,1,A,X,M,Z,2,0,P,TOYT,COA,4D,91,17,2390,,0,957,,G,,0,0,000000000,00000000000,0,0,0,1,0,0,0,0,0,0,0,35,0,0,0,12,12,6,2,12,0,0,0,1,12,33177,6,1,0,0,3,0,64,999,0,0,0,0,0,0,0,0,0,0,0,0,0,0,1,4,35,1,1,2,2,28,3,1,63,1,1,1,51,1,0
12,120223,1,1,1,11,1,6,46,8,0,1,0,12,2,12,422,12422,15,2001,1FMRU15W41LB,1,F,M,R,U,1,5,W,4,1,L,B,0,P,FORD,EPT,UT,1,17,4886,,0,1191,,G,,0,0,000000000,00000000000,0,0,0,1,0,0,0,0,0,0,0,38,0,0,0,12,12,4,1,8,0,0,0,1,12,33032,6,1,0,0,3,3,67,999,0,0,0,0,0,0,0,0,0,1,36,0,0,0,1,2,30,1,1,2,1,0,0,1,80,1,1,1,13,0,0
12,120224,1,2,2,11,1,14,11,12,6,1,0,12,2,49,40,49040,4,1998,4T1BG22K7WU8,4,T,1,B,G,2,2,K,7,W,U,8,0,P,TOYT,CXL,4D,98,17,2998,,0,1051,,G,,0,0,000000000,00000000000,0,0,0,1,0,0,0,0,0,0,0,999,0,0,0,12,12,6,2,12,0,0,0,1,12,33321,6,1,0,0,3,3,60,999,0,0,0,0,0,0,0,0,0,0,39,0,0,0,5,3,45,1,1,2,1,3,3,1,66,1,1,1,88,1,0
12,120224,2,2,1,11,1,14,11,12,6,1,0,12,1,49,32,49032,4,1998,1NXBR12E7WZ0,1,N,X,B,R,1,2,E,7,W,Z,0,0,P,TOYT,UVL,4D,98,17,2414,,0,970,,G,,0,0,000000000,00000000000,0,0,0,1,0,0,0,0,0,0,0,999,0,0,0,10,10,6,2,12,0,0,0,1,12,33322,6,1,0,0,3,3,65,999,0,0,0,0,0,0,0,0,0,0,0,0,0,0,5,3,30,1,1,2,1,3,3,1,66,1,1,1,89,0,0
12,120225,1,2,2,13,1,12,43,12,6,1,0,12,1,51,47,51047,4,2008,YV1RS5477826,Y,V,1,R,S,5,4,7,7,8,2,6,0,P,VOLV,ST5,4D,8,17,3501,,0,1069,,G,,0,0,000000000,00000000000,0,0,0,1,0,0,0,0,0,0,0,10,0,0,0,3,3,6,2,12,0,0,0,1,12,33133,6,1,0,0,3,3,72,999,0,0,0,0,0,0,0,0,0,0,38,0,0,0,1,2,30,1,1,2,1,20,3,1,66,1,1,1,87,1,0
12,120225,2,2,1,13,1,12,43,12,6,1,0,12,1,42,42,42042,4,2008,WDDGF56X18F0,W,D,D,G,F,5,6,X,1,8,F,0,0,P,MERZ,C3C,4D,8,17,3615,,0,1087,,G,,0,0,000000000,00000000000,0,0,0,1,0,0,0,0,0,0,0,30,0,0,0,12,12,6,2,12,0,0,0,1,12,33133,6,1,0,0,3,0,63,999,0,0,0,0,0,0,0,0,0,0,0,0,0,0,1,2,30,1,1,2,1,20,3,1,66,1,1,1,86,0,0
12,120226,1,1,1,17,1,99,99,30,0,1,0,42,1,24,7,24007,4,2007,1G8AJ55F47Z1,1,G,8,A,J,5,5,F,4,7,Z,1,0,P,STRN,SI2,4D,7,17,2805,,0,1032,,G,,0,0,000000000,00000000000,0,0,0,1,0,0,0,0,0,0,0,999,0,0,0,11,11,6,2,30,0,0,0,1,42,19119,6,1,0,0,3,0,71,999,0,0,0,0,0,0,0,0,0,0,36,0,0,0,1,2,45,1,1,2,2,28,3,1,12,1,1,4,6,1,1
12,120227,1,2,2,20,1,9,0,12,6,1,0,12,2,20,421,20421,15,2005,1GNEC13T85J1,1,G,N,E,C,1,3,T,8,5,J,1,0,P,CHEV,CTA,UT,5,17,4975,,0,1160,,G,,0,0,000000000,00000000000,0,0,0,1,0,0,0,0,0,0,0,40,0,0,0,12,12,6,2,12,0,0,0,1,12,33514,6,1,0,0,3,0,66,999,0,0,0,0,0,0,0,0,0,0,39,0,0,0,1,2,45,1,1,2,1,3,3,1,66,1,1,1,86,1,0
12,120227,2,2,1,20,1,9,0,12,6,1,0,12,1,12,481,12481,31,2003,2FTRF17253CA,2,F,T,R,F,1,7,2,5,3,C,A,0,T,FORD,F15,PK,3,17,,2,1385,1199,COF,G,,0,0,000000000,00000000000,0,0,0,1,0,0,0,0,0,0,0,40,0,0,0,2,2,6,2,12,0,0,0,1,36,14127,6,1,0,0,3,0,69,999,0,0,0,0,0,0,0,0,0,0,0,0,0,0,1,2,45,1,1,2,1,3,3,1,66,1,1,1,87,0,0
12,120229,1,1,1,23,1,10,13,9,0,1,0,12,1,22,24,22024,4,2009,6G2ER57749L2,6,G,2,E,R,5,7,7,4,9,L,2,0,P,PONT,G/8,4D,9,17,3885,,0,1148,,G,,0,0,000000000,00000000000,0,0,0,1,0,0,0,0,0,0,0,7,0,0,0,11,11,4,3,9,0,0,0,1,12,32605,6,1,0,0,3,0,64,999,1,0,0,1,1,9,2007,10,2008,0,38,0,0,0,2,3,25,1,2,2,1,20,3,10,83,1,1,1,13,0,0
12,120230,1,2,3,24,1,19,33,12,6,1,0,12,1,49,40,49040,4,2006,JTDBE30K0630,J,T,D,B,E,3,0,K,0,6,3,0,0,P,TOYT,XLL,4D,6,17,3108,,0,1071,,G,,0,0,000000000,00000000000,0,0,0,1,0,0,0,0,0,0,0,998,0,0,0,5,11,6,2,12,0,0,0,1,12,33321,6,1,0,0,3,0,61,999,0,1,0,0,1,11,2009,12,2009,0,48,0,0,0,2,3,45,1,1,2,1,3,3,11,15,1,1,1,68,1,0
12,120230,2,2,2,24,1,19,33,12,6,1,0,12,1,58,37,58037,4,2008,JNKBV61EX8M2,J,N,K,B,V,6,1,E,X,8,M,2,0,P,INFI,G35,4D,8,17,3497,,0,1122,,G,,0,0,000000000,00000000000,0,0,0,1,0,0,0,0,0,0,0,998,0,0,0,12,12,6,2,12,0,0,0,1,12,33321,6,1,0,0,3,0,68,999,0,0,0,0,1,3,2009,3,2009,0,0,0,0,0,2,3,45,1,1,2,1,3,3,1,65,1,1,1,69,0,0
12,120231,1,1,1,24,1,12,44,9,0,1,1,12,1,14,6,14006,4,2007,2MEHM75V97X6,2,M,E,H,M,7,5,V,9,7,X,6,0,P,MERC,MGL,4D,7,17,4135,,0,1147,,F,,0,0,000000000,00000000000,0,0,0,1,0,0,0,0,0,0,0,35,0,0,0,4,4,0,1,9,0,0,0,1,12,32223,6,1,0,0,3,3,65,999,0,0,0,0,0,0,0,0,0,0,0,0,0,0,1,2,35,1,1,2,1,20,3,1,80,1,1,1,13,0,0
12,120232,1,3,1,25,1,17,0,12,6,1,0,12,1,76,706,76706,80,2002,JYARN10E72A0,J,Y,A,R,N,1,0,E,7,2,A,0,0,M,YAMA,YFR,RS,2,17,,,,,,,998,0,0,000000000,00000000000,0,0,0,1,0,0,0,0,0,0,0,90,0,0,0,12,12,6,2,12,0,0,0,1,12,34990,1,1,0,0,2,0,73,999,0,5,1,1,0,5,2008,12,2009,1,36,0,0,0,2,2,35,1,1,2,1,20,3,1,17,1,1,1,69,1,1
12,120232,2,3,2,25,1,17,0,12,6,1,0,12,1,49,401,49401,14,1994,JT3VN39W5R01,J,T,3,V,N,3,9,W,5,R,0,1,0,P,TOYT,RUN,UT,94,17,4165,,0,1033,,G,,0,0,000000000,00000000000,0,0,0,1,0,0,0,0,0,0,0,20,0,1,1,5,5,6,2,12,0,0,0,1,12,33444,6,1,0,0,3,0,71,999,0,0,0,1,0,7,2007,7,2007,0,0,0,0,0,2,2,35,1,1,2,1,20,3,11,62,1,1,2,68,0,0
12,120232,3,3,1,25,1,17,0,12,6,1,0,12,3,12,471,12471,30,2006,1FTYR44U86PA,1,F,T,Y,R,4,4,U,8,6,P,A,0,T,FORD,RNS,4C,6,17,,1,0,1260,RNG,G,,0,0,000000000,00000000000,0,0,0,1,0,0,0,0,0,0,0,0,0,0,0,11,11,6,2,12,0,0,0,1,12,33484,6,1,0,0,3,3,70,999,0,0,0,0,0,0,0,0,0,0,0,0,0,0,2,2,25,1,1,2,1,20,3,5,15,1,1,1,98,0,0
12,120233,1,1,1,27,1,14,50,8,0,1,0,97,1,52,47,52047,6,2007,JA4MS31XX7Z6,J,A,4,M,S,3,1,X,X,7,Z,6,0,P,MITS,OUT,UT,7,17,3532,,0,1051,,G,,0,0,000000000,00000000000,0,0,0,1,0,0,0,0,0,0,0,5,0,0,0,12,12,4,9,8,0,0,0,1,97,0,9,9,99,9,9,9,999,999,99,99,99,99,99,99,9999,99,9999,0,38,0,0,0,1,2,10,1,1,2,1,0,0,11,80,1,1,1,13,0,0
12,120234,1,1,1,28,1,18,35,1,0,1,0,12,1,72,706,72706,80,2002,1HD1FCW162Y6,1,H,D,1,F,C,W,1,6,2,Y,6,0,M,HD,FLU,RS,2,17,,,,,,,1450,0,0,000000000,00000000000,0,0,0,1,0,0,0,0,0,0,0,60,0,0,0,0,0,6,2,1,0,0,0,1,12,32578,6,1,0,0,3,3,68,999,0,0,0,0,0,0,0,0,0,0,36,0,0,0,1,2,55,1,1,2,1,28,3,1,13,1,1,4,1,1,0
12,120236,1,3,1,31,1,16,52,12,1,1,1,12,9,12,422,12422,15,2004,1FMPU17L84LA,1,F,M,P,U,1,7,L,8,4,L,A,0,P,FORD,EPT,UT,4,17,5339,,0,1191,,G,,0,0,000000000,00000000000,0,0,0,1,0,0,0,0,0,0,0,100,0,1,5,12,12,6,2,1,0,0,0,1,99,99999,9,9,99,9,9,9,999,999,99,99,99,99,99,99,9999,99,9999,1,36,0,0,0,2,2,70,1,1,2,1,0,0,1,51,1,1,6,24,0,0
12,120236,2,3,2,31,1,16,52,12,1,1,0,12,1,37,706,37706,80,2003,1HFSC47053A2,1,H,F,S,C,4,7,0,5,3,A,2,0,M,HOND,GL8,RS,3,17,,,,,,,1832,0,0,000000000,00000000000,0,0,0,1,0,0,0,0,0,0,0,70,0,0,0,6,6,6,2,12,0,0,0,1,12,33919,6,1,0,0,3,0,70,999,0,0,0,0,0,0,0,0,0,0,0,0,0,0,2,2,70,1,1,2,1,0,0,1,53,1,1,1,25,1,0
12,120236,3,3,2,31,1,16,52,12,1,1,0,12,2,49,40,49040,4,2007,4T1BE46K77U5,4,T,1,B,E,4,6,K,7,7,U,5,0,P,TOYT,CMB,4D,7,17,3108,,0,1093,,G,,0,0,000000000,00000000000,0,0,0,1,0,0,0,0,0,0,0,70,0,0,0,9,9,6,2,12,0,0,0,1,24,20901,6,1,0,0,3,0,73,999,0,0,0,0,0,0,0,0,0,0,0,0,0,0,2,2,70,1,1,2,1,0,0,1,61,1,1,1,98,0,0
12,120237,1,1,1,2,1,12,16,33,0,1,0,12,1,41,51,41051,4,2008,JM1BK32F5811,J,M,1,B,K,3,2,F,5,8,1,1,0,P,MAZD,M3I,4D,8,17,2780,,0,1039,,G,,0,0,000000000,00000000000,0,0,0,1,0,0,0,0,0,0,0,40,0,0,0,12,12,6,2,8,0,0,0,1,12,32714,6,1,0,0,3,0,61,999,0,0,0,0,0,0,0,0,0,0,36,0,0,0,1,2,99,1,1,2,1,0,0,1,13,1,1,4,1,0,0
12,120238,1,1,2,4,1,18,48,8,0,1,0,12,1,12,3,12003,2,2005,1ZVFT80N6552,1,Z,V,F,T,8,0,N,6,5,5,2,0,P,FORD,MUS,CP,5,17,3300,,0,1071,,G,,0,0,000000000,00000000000,0,0,0,1,0,0,0,0,0,0,0,45,0,0,0,12,12,4,3,8,0,0,0,1,12,32118,6,1,0,0,3,0,69,999,0,0,0,0,0,0,0,0,0,0,0,0,0,0,2,2,45,1,1,2,1,0,0,1,80,1,1,1,13,0,0
12,120239,1,1,1,19,1,14,8,9,0,1,0,17,1,20,399,20399,9,2007,999999999999,9,9,9,9,9,9,9,9,9,9,9,9,0,U,,,,9,17,,,,,,,,0,0,000000000,00000000000,0,0,0,1,0,0,0,0,0,0,0,20,0,0,0,12,12,4,1,9,0,0,0,1,17,62807,6,1,0,0,3,0,71,999,0,0,0,0,0,0,0,0,0,0,0,0,0,0,1,2,30,1,1,2,1,3,3,1,83,1,1,1,13,0,0
12,120240,1,2,1,20,1,23,22,12,7,1,0,12,2,37,32,37032,4,1993,1HGCB7650PA0,1,H,G,C,B,7,6,5,0,P,A,0,0,P,HOND,ALX,4D,93,17,2504,,0,1071,,G,,0,0,000000000,00000000000,0,0,0,1,0,0,0,0,0,0,0,998,0,0,0,81,12,6,2,42,0,0,0,1,12,33313,1,1,0,0,2,0,71,999,0,1,0,0,0,11,2009,11,2009,1,36,0,0,0,2,3,45,1,1,2,1,0,0,1,51,6,1,2,48,1,0
12,120240,2,2,1,20,1,23,22,12,7,1,0,12,2,12,442,12442,20,1999,2FMZA51U9XBC,2,F,M,Z,A,5,1,U,9,X,B,C,0,T,FORD,WWG,ES,99,17,,1,0,1207,WIN,G,,0,0,000000000,00000000000,0,0,0,1,0,0,0,0,0,0,0,998,0,0,0,81,81,6,9,12,0,0,0,1,12,33319,6,1,6,0,3,0,67,999,0,1,0,1,1,8,2007,6,2009,0,0,0,0,0,2,3,45,1,1,2,1,0,0,1,53,1,1,1,48,0,0
12,120241,1,4,3,23,1,21,55,12,1,1,0,12,1,37,31,37031,4,1996,1HGEJ824XTL0,1,H,G,E,J,8,2,4,X,T,L,0,0,P,HOND,UAX,CP,96,17,2448,,0,1032,,G,,0,0,000000000,00000000000,0,0,0,1,0,0,0,0,0,0,0,998,0,0,0,6,6,6,2,12,0,0,0,1,12,33334,6,1,0,0,3,0,63,999,1,2,0,0,3,12,2008,9,2009,0,0,0,0,0,5,4,40,1,1,2,1,3,3,11,99,1,1,9,99,1,0
12,120241,2,4,1,23,1,21,55,12,1,1,0,12,3,12,16,12016,4,2005,2FAHP71W55X1,2,F,A,H,P,7,1,W,5,5,X,1,0,P,FORD,CVP,4D,5,17,0,,0,1147,,G,,0,0,000000000,00000000000,0,0,0,1,0,0,0,0,0,5,0,998,0,0,0,12,12,6,2,12,0,0,0,1,12,33311,6,1,0,0,3,0,68,999,0,0,0,1,0,3,2007,3,2007,0,0,0,0,0,5,4,40,1,1,2,1,3,3,1,99,99,1,1,99,0,0
12,120241,3,4,3,23,1,21,55,12,1,1,0,12,3,63,38,63038,4,2010,KNAFU4A26A58,K,N,A,F,U,4,A,2,6,A,5,8,0,P,KIA,FEX,4D,10,17,2707,,0,1043,,G,,0,0,000000000,00000000000,0,0,0,1,0,0,0,0,0,0,0,0,0,0,0,12,12,4,1,12,0,0,0,1,12,33308,6,1,0,0,3,0,73,999,0,5,0,2,2,6,2007,11,2009,0,0,0,0,0,5,4,30,1,1,2,1,3,3,5,99,1,1,1,98,0,0
12,120241,4,4,1,23,1,21,55,12,1,1,0,12,2,20,481,20481,31,2007,2GCEC13C8716,2,G,C,E,C,1,3,C,8,7,1,6,0,T,CHEV,1CW,CW,7,17,,2,0,1435,SIL,G,,0,0,000000000,00000000000,0,0,0,1,0,0,0,0,0,0,0,0,0,0,0,12,12,4,9,12,0,0,0,1,12,33308,6,1,0,0,3,0,70,999,0,1,0,1,0,10,2008,11,2008,0,0,0,0,0,5,4,30,1,1,2,1,3,3,5,99,1,1,1,98,0,0
12,120242,1,2,2,31,1,18,32,12,2,1,0,12,2,9,19,9019,4,1991,1P3XA46K5MF6,1,P,3,X,A,4,6,K,5,M,F,6,0,P,PLYM,ACC,4D,91,17,2716,,0,1033,,G,,0,0,000000000,00000000000,0,0,0,1,0,0,0,0,0,0,0,10,0,0,0,12,12,6,2,12,0,0,0,1,12,32926,6,7,0,0,3,0,69,999,0,0,0,0,0,0,0,0,0,0,38,0,0,0,5,4,40,1,1,2,1,3,3,11,15,1,1,1,68,0,0
12,120242,2,2,2,31,1,18,32,12,2,1,0,12,1,20,404,20404,14,2005,2CNDL63F4560,2,C,N,D,L,6,3,F,4,5,6,0,0,P,CHEV,EQU,UT,5,17,3660,,0,1125,,G,,0,0,000000000,00000000000,0,0,0,1,0,0,0,0,0,0,0,40,0,0,0,12,12,6,2,12,0,0,0,1,12,32922,6,1,0,0,3,0,71,999,0,0,0,1,0,3,2008,3,2008,0,0,0,0,0,5,4,40,1,1,2,1,3,3,1,66,1,1,1,69,1,0