STATE,ST_CASE,VEH_NO,VE_FORMS,NUMOCCS,DAY,MONTH,HOUR,MINUTE,HARM_EV,MAN_COLL,UNITTYPE,HIT_RUN,REG_STAT,OWNER,MAKE,MODEL,MAK_MOD,BODY_TYP,MOD_YEAR,VIN,VIN_1,VIN_2,VIN_3,VIN_4,VIN_5,VIN_6,VIN_7,VIN_8,VIN_9,VIN_10,VIN_11,VIN_12,TOW_VEH,VINTYPE,VINMAKE,VINA_MOD,VIN_BT,VINMODYR,VIN_LNGT,VIN_WGT,WGTCD_TR,WHLBS_LG,WHLBS_SH,SER_TR,FUELCODE,MCYCL_DS,J_KNIFE,MCARR_I1,MCARR_I2,MCARR_ID,GVWR,V_CONFIG,CARGO_BT,HAZ_INV,HAZ_PLAC,HAZ_ID,HAZ_CNO,HAZ_REL,BUS_USE,SPEC_USE,EMER_USE,TRAV_SP,UNDERIDE,ROLLOVER,ROLINLOC,IMPACT1,IMPACT2,DEFORMED,TOWED,M_HARM,VEH_SC1,VEH_SC2,FIRE_EXP,DR_PRES,L_STATE,DR_ZIP,L_STATUS,L_TYPE,CDL_STAT,L_ENDORS,L_COMPL,L_RESTRI,DR_HGT,DR_WGT,PREV_ACC,PREV_SUS,PREV_DWI,PREV_SPD,PREV_OTH,FIRST_MO,FIRST_YR,LAST_MO,LAST_YR,SPEEDREL,DR_SF1,DR_SF2,DR_SF3,DR_SF4,VTRAFWAY,VNUM_LAN,VSPD_LIM,VALIGN,VPROFILE,VPAVETYP,VSURCOND,VTRAFCON,VTCONT_F,P_CRASH1,P_CRASH2,P_CRASH3,PCRASH4,PCRASH5,ACC_TYPE,DEATHS,DR_DRINK
12,120346,1,2,2,15,3,0,10,12,1,1,0,12,1,20,37,20037,4,2006,1G1ZT51866F1,1,G,1,Z,T,5,1,8,6,6,F,1,0,P,CHEV,MLT,4D,6,17,3316,,0,1063,,G,,0,0,000000000,00000000000,0,0,0,1,0,0,0,0,0,0,0,85,0,1,5,12,13,6,2,42,0,0,0,1,12,33705,6,1,0,0,3,0,72,999,0,0,0,0,0,0,0,0,0,1,39,0,0,0,3,2,70,1,1,2,1,28,3,1,51,1,1,1,24,2,0
12,120346,2,2,1,15,3,0,10,12,1,1,0,12,1,37,32,37032,4,1996,1HGCE667XTA0,1,H,G,C,E,6,6,7,X,T,A,0,0,P,HOND,UER,4D,96,17,3184,,0,1069,,G,,0,0,000000000,00000000000,0,0,0,1,0,0,0,0,0,0,0,70,0,0,0,6,6,4,1,12,0,0,0,1,12,32209,6,1,6,0,3,0,63,999,0,0,0,0,0,0,0,0,0,0,0,0,0,0,3,2,70,1,1,2,1,28,3,1,53,1,1,1,25,0,0
12,120347,1,1,2,16,3,21,10,8,0,1,0,12,3,2,404,2404,14,1995,1J4GZ78S1SC5,1,J,4,G,Z,7,8,S,1,S,C,5,0,T,JEEP,L/O,4W,95,17,,1,0,1059,GCK,G,,0,0,000000000,00000000000,0,0,0,1,0,0,0,0,0,0,0,45,0,0,0,12,12,4,3,8,0,0,0,1,12,32533,6,1,0,0,3,0,65,999,0,0,0,0,0,0,0,0,0,0,0,0,0,0,1,2,45,1,1,2,1,28,3,1,80,1,1,1,13,0,0
12,120348,1,1,1,16,3,1,29,1,0,1,0,12,1,12,471,12471,30,2000,1FTYR14V6YPA,1,F,T,Y,R,1,4,V,6,Y,P,A,0,T,FORD,RNS,PS,0,17,,1,0,1257,RNG,F,,0,0,000000000,00000000000,0,0,0,1,0,0,0,0,0,0,0,76,0,2,2,0,0,6,2,3,0,0,0,1,12,34143,6,1,0,0,3,0,70,999,0,1,0,2,0,4,2009,9,2009,0,36,0,0,0,1,2,60,1,1,2,1,28,3,1,13,1,1,4,1,1,1
12,120350,1,1,2,18,3,0,30,38,0,1,0,12,2,20,36,20036,2,2004,2G1WX12K9492,2,G,1,W,X,1,2,K,9,4,9,2,0,P,CHEV,MSS,CP,4,17,3395,,0,1105,,G,,0,0,000000000,00000000000,0,0,0,1,0,0,0,0,0,0,0,55,0,1,5,1,1,6,2,3,0,0,0,1,12,34974,6,1,0,0,3,0,77,999,0,3,0,3,0,6,2007,5,2009,0,36,0,0,0,1,2,55,1,1,2,1,28,3,1,12,1,1,4,6,1,0
12,120351,1,3,4,18,3,20,54,12,2,1,0,12,1,37,32,37032,2,1995,1HGCD7253SA0,1,H,G,C,D,7,2,5,3,S,A,0,0,P,HOND,AEX,CP,95,17,2853,,0,1069,,G,,0,0,000000000,00000000000,0,0,0,1,0,0,0,0,0,0,0,40,0,0,0,12,12,6,2,12,0,0,0,1,12,32825,6,1,0,0,3,0,68,999,0,0,0,0,0,0,0,0,0,0,51,0,0,0,1,4,40,1,1,2,1,28,3,1,10,1,1,2,50,1,0
12,120351,2,3,1,18,3,20,54,12,2,1,0,12,1,22,9,22009,3,1992,1G2FS23E1NL2,1,G,2,F,S,2,3,E,1,N,L,2,0,P,PONT,FBF,2H,92,17,3281,,0,1010,,G,,0,0,000000000,00000000000,0,0,0,1,0,0,0,0,0,0,0,40,0,0,0,12,12,6,2,12,0,0,0,1,12,32839,6,1,0,0,3,0,66,999,0,0,0,0,0,0,0,0,0,0,0,0,0,0,1,4,40,1,1,2,1,28,3,1,62,1,1,1,51,0,0
12,120351,3,3,2,18,3,20,54,12,2,1,0,12,2,49,401,49401,14,1999,JT3GN87R7X01,J,T,3,G,N,8,7,R,7,X,0,1,0,P,TOYT,RUN,UT,99,17,3710,,0,1053,,G,,0,0,000000000,00000000000,0,0,0,1,0,0,0,0,0,0,0,40,0,0,0,12,12,6,2,12,0,0,0,1,12,32837,6,1,0,0,3,3,67,999,0,0,0,0,0,0,0,0,0,0,0,0,0,0,1,4,40,1,1,2,1,28,3,1,62,1,1,1,98,0,0
12,120352,1,2,1,18,3,14,5,12,1,1,0,12,3,12,481,12481,31,2008,1FTNF20548EA,1,F,T,N,F,2,0,5,4,8,E,A,0,T,FORD,F2S,PK,8,17,,2,0,1370,SRW,G,,0,0,000000000,00000000000,0,0,0,1,0,0,0,0,0,0,0,30,0,0,0,6,6,4,3,12,0,0,0,1,12,32824,6,1,0,0,3,3,69,999,0,0,0,0,0,0,0,0,0,0,38,0,0,0,2,2,55,1,1,2,1,28,3,1,53,1,1,1,25,0,0
12,120352,2,2,2,18,3,14,5,12,1,1,0,12,1,2,404,2404,14,1995,1J4FT27S6SL5,1,J,4,F,T,2,7,S,6,S,L,5,0,T,JEEP,CSE,2W,95,17,,1,0,1014,CHK,G,,0,0,000000000,00000000000,0,0,0,1,0,0,0,0,0,0,0,40,0,0,0,12,12,6,2,12,0,0,0,1,12,32771,6,1,0,0,3,0,73,999,0,0,0,0,0,0,0,0,0,0,0,0,0,0,2,2,55,1,1,2,1,28,3,1,51,6,1,1,24,1,0
12,120353,1,1,1,19,3,3,19,53,0,1,0,12,2,12,471,12471,30,2003,1FTYR44V73PA,1,F,T,Y,R,4,4,V,7,3,P,A,0,T,FORD,RNS,4C,3,17,,1,0,1257,RNG,F,,0,0,000000000,00000000000,0,0,0,1,0,0,0,0,0,0,0,70,0,0,0,12,12,6,2,14,0,0,0,1,12,32904,6,1,0,0,3,3,72,999,0,0,0,0,0,0,0,0,0,1,36,0,0,0,1,2,45,1,1,2,1,28,3,1,13,1,1,4,1,1,1
12,120354,1,1,1,19,3,21,30,1,0,1,0,12,2,30,40,30040,4,2000,3VWSA29M1YM0,3,V,W,S,A,2,9,M,1,Y,M,0,0,P,VOLK,JGS,4D,0,17,2861,,0,989,,G,,0,0,000000000,00000000000,0,0,0,1,0,0,0,0,0,0,0,55,0,1,5,0,9,6,2,1,0,0,0,1,12,33513,1,1,1,0,2,0,72,999,0,2,0,0,0,7,2007,2,2008,0,36,0,0,0,1,2,35,1,1,2,1,0,0,1,13,1,2,4,2,1,0
12,120355,1,1,3,20,3,19,12,5,0,1,0,12,1,23,401,23401,14,2004,1GKDS13S6423,1,G,K,D,S,1,3,S,6,4,2,3,0,T,GMC,ENV,4W,4,17,,1,0,1130,ENV,G,,0,0,000000000,00000000000,0,0,0,1,0,0,0,0,0,0,0,10,0,0,0,0,0,0,1,5,0,0,0,1,12,32817,6,1,0,0,3,0,70,999,0,0,0,3,0,4,2008,9,2009,0,36,0,0,0,1,2,25,1,1,2,1,0,0,13,98,1,1,1,0,1,0
12,120356,1,1,1,21,3,20,49,8,0,1,0,51,1,24,7,24007,4,2003,1G8AL52F23Z1,1,G,8,A,L,5,2,F,2,3,Z,1,0,P,STRN,SI3,4D,3,17,2802,,0,1032,,G,,0,0,000000000,00000000000,0,0,0,1,0,0,0,0,0,0,0,45,0,0,0,12,12,4,3,8,0,0,0,1,12,32506,6,1,0,0,3,0,67,999,0,0,0,0,1,9,2008,9,2008,0,0,0,0,0,5,6,45,1,1,2,1,28,3,1,80,8,1,1,13,0,0
12,120357,1,1,1,21,3,2,15,33,0,1,0,12,1,98,709,98709,80,2006,FLA59988,F,L,A,5,9,9,8,8,,,,,0,P,,,,,,,,,,,,,0,0,000000000,00000000000,0,0,0,1,0,0,0,0,0,0,0,45,0,0,0,12,12,6,2,1,0,0,0,1,12,32025,6,1,0,0,3,0,69,999,0,1,0,2,2,6,2007,10,2007,0,36,0,0,0,2,2,45,1,1,2,1,28,3,1,13,1,1,4,1,1,1
12,120359,1,3,1,22,2,6,50,12,6,1,0,12,1,18,3,18003,4,2002,1G4CW54K9241,1,G,4,C,W,5,4,K,9,2,4,1,0,P,BUIC,PKA,4D,2,17,3788,,0,1138,,G,,0,0,000000000,00000000000,0,0,0,1,0,0,0,0,0,0,0,45,0,0,0,12,12,6,2,12,0,0,0,1,12,32824,6,1,6,0,3,0,72,999,0,2,0,1,1,11,2007,3,2009,0,36,48,0,0,2,3,45,1,1,2,1,28,3,1,10,1,1,2,64,0,0
12,120359,2,3,1,22,2,6,50,12,6,1,0,12,1,37,31,37031,4,1998,1HGEJ6670WL0,1,H,G,E,J,6,6,7,0,W,L,0,0,P,HOND,UCL,4D,98,17,2426,,0,1032,,G,,0,0,000000000,00000000000,0,0,0,1,0,0,0,0,0,0,0,45,0,0,0,9,9,6,2,12,0,0,0,1,12,32825,6,1,0,0,3,0,70,999,0,0,0,0,0,0,0,0,0,0,0,0,0,0,2,3,45,1,1,2,1,28,3,1,62,1,1,1,65,1,0
12,120359,3,3,1,22,2,6,50,12,6,1,0,12,1,37,31,37031,2,2004,1HGEM22934L0,1,H,G,E,M,2,2,9,3,4,L,0,0,P,HOND,UAX,CP,4,17,0,,0,1031,,G,,0,0,000000000,00000000000,0,0,0,1,0,0,0,0,0,0,0,45,0,0,0,12,12,6,2,12,0,0,0,1,12,32820,6,1,0,0,3,3,66,999,0,0,0,0,0,0,0,0,0,0,0,0,0,0,2,3,45,1,1,2,1,28,3,1,62,1,1,1,98,0,0
12,120360,1,1,2,4,2,8,6,24,0,1,0,12,1,37,421,37421,15,2003,2HKYF18483H6,2,H,K,Y,F,1,8,4,8,3,H,6,0,P,HOND,PIL,UT,3,17,4439,,0,1063,,G,,0,0,000000000,00000000000,0,0,0,1,0,0,0,0,0,0,0,65,0,1,4,12,12,6,2,24,0,0,0,1,12,33436,6,1,0,0,3,3,65,999,0,0,0,1,0,9,2008,9,2008,0,36,0,0,0,2,3,65,1,2,2,1,28,3,1,13,8,3,4,2,1,0
12,120361,1,3,1,6,3,0,45,24,0,1,0,13,2,53,705,53705,80,2002,JS1GR7HA1221,J,S,1,G,R,7,H,A,1,2,2,1,0,M,SUZI,SX7,RS,2,17,,,,,,,749,0,0,000000000,00000000000,0,0,0,1,0,0,0,0,0,0,0,80,0,0,0,12,12,6,2,12,0,0,0,1,13,30238,2,1,0,0,2,0,72,999,98,3,0,1,0,3,2007,8,2007,1,0,0,0,0,1,2,40,1,2,2,1,0,0,6,12,1,1,4,6,1,0
12,120361,2,3,1,6,3,0,45,24,0,1,0,10,1,53,706,53706,80,2007,JS1GW71A5721,J,S,1,G,W,7,1,A,5,7,2,1,0,M,SUZI,GRZ,RS,7,17,,,,,,,1299,0,0,000000000,00000000000,0,0,0,1,0,0,0,0,0,0,0,5,0,0,0,11,11,4,1,12,0,0,0,1,10,19977,1,1,0,0,2,0,68,999,0,1,2,0,0,10,2008,10,2008,0,0,0,0,0,1,2,30,1,2,2,1,0,0,1,60,1,1,1,98,0,0
12,120361,3,3,1,6,3,0,45,24,0,1,0,10,2,53,705,53705,80,2008,JS1GR7LA7821,J,S,1,G,R,7,L,A,7,8,2,1,0,M,SUZI,SX7,RS,8,17,,,,,,,749,0,0,000000000,00000000000,0,0,0,1,0,0,0,0,0,0,0,5,0,0,0,11,11,4,1,12,0,0,0,1,10,19734,1,1,0,0,2,0,68,999,0,1,2,0,0,10,2008,10,2008,0,0,0,0,0,1,2,30,1,2,2,1,0,0,1,60,1,1,1,98,0,0
12,120362,1,1,1,14,3,0,45,8,0,1,0,12,1,12,402,12402,14,2003,1FMYU03153KA,1,F,M,Y,U,0,3,1,5,3,K,A,0,P,FORD,SPE,UT,3,17,3252,,0,1031,,G,,0,0,000000000,00000000000,0,0,0,1,0,0,0,0,0,0,0,45,0,0,0,11,1,4,3,8,0,0,0,1,12,33714,6,1,0,0,3,0,70,999,0,0,0,0,0,0,0,0,0,0,0,0,0,0,2,3,45,1,1,2,1,28,3,1,80,1,1,1,13,0,1
12,120363,1,1,2,20,3,16,22,1,0,1,0,12,2,2,403,2403,14,2005,1J4FA64S05P3,1,J,4,F,A,6,4,S,0,5,P,3,0,T,JEEP,RLG,2W,5,17,,1,0,1034,W/T,G,,0,0,000000000,00000000000,0,0,0,1,0,0,0,0,0,0,0,50,0,1,2,0,11,6,2,1,0,0,0,1,12,33440,6,1,0,0,3,0,67,999,0,0,0,0,0,0,0,0,0,1,36,0,0,0,4,1,25,1,1,5,99,0,0,1,12,1,1,4,6,1,0
12,120364,1,1,3,20,3,17,31,1,0,1,0,12,2,35,471,35471,30,1997,1N6SD16S1VC3,1,N,6,S,D,1,6,S,1,V,C,3,0,T,NISS,KSX,PC,97,17,,1,0,1161,TRK,G,,0,0,000000000,00000000000,0,0,0,1,0,0,0,0,0,0,0,50,0,1,1,0,0,6,2,1,0,0,0,1,12,34293,0,0,0,0,0,0,999,999,0,0,0,0,0,0,0,0,0,0,36,0,0,0,1,2,99,1,2,2,1,0,0,1,13,7,1,2,98,1,0
12,120365,1,1,1,19,3,20,20,9,0,1,0,12,1,6,43,6043,2,2004,4C3AG52HX4E0,4,C,3,A,G,5,2,H,X,4,E,0,0,P,CHRY,SLT,2P,4,17,3104,,0,1037,,G,,0,0,000000000,00000000000,0,0,0,1,0,0,0,0,0,0,0,40,0,0,0,12,12,4,3,9,0,0,0,1,12,32806,6,1,0,0,3,0,69,999,0,0,0,0,0,0,0,0,0,0,86,0,0,0,1,4,40,1,1,2,1,0,0,1,83,1,1,1,13,0,0
12,120366,1,2,2,21,3,14,10,12,6,1,0,12,1,51,43,51043,6,2006,YV1SW5921625,Y,V,1,S,W,5,9,2,1,6,2,5,0,P,VOLV,V5T,SW,6,17,3117,,0,1085,,G,,0,0,000000000,00000000000,0,0,0,1,0,0,0,0,0,0,0,20,0,0,0,11,11,6,2,12,0,0,0,1,12,34202,6,1,0,0,3,3,66,999,0,0,0,0,0,0,0,0,0,0,48,0,0,0,2,3,50,1,1,2,2,3,3,11,15,1,1,2,82,1,0
12,120366,2,2,1,21,3,14,10,12,6,1,0,12,3,12,401,12401,14,2007,1FMEU33817UA,1,F,M,E,U,3,3,8,1,7,U,A,0,P,FORD,EPR,UT,7,17,4516,,0,1305,,G,,0,0,000000000,00000000000,0,0,0,1,0,0,0,0,0,0,0,50,0,0,0,12,12,4,1,12,0,0,0,1,12,34212,6,1,0,0,3,0,67,999,0,0,0,0,0,0,0,0,0,0,0,0,0,0,2,3,50,1,1,2,2,3,3,1,61,1,1,1,83,0,0
12,120367,1,2,2,28,2,16,34,12,6,1,0,39,1,72,706,72706,80,1999,1HD1FRW14XY6,1,H,D,1,F,R,W,1,4,X,Y,6,0,M,HD,FCI,RS,99,17,,,,,,,1450,0,0,000000000,00000000000,0,0,0,1,0,0,0,0,0,0,0,40,0,0,0,11,11,4,3,12,0,0,0,1,39,44030,6,1,0,0,3,0,72,999,1,0,0,1,1,6,2007,9,2008,0,28,0,0,0,5,4,45,3,1,2,1,28,3,14,98,1,1,1,44,1,0
12,120367,2,2,2,28,2,16,34,12,6,1,0,39,1,72,706,72706,80,2004,1HD1FYW114Y7,1,H,D,1,F,Y,W,1,1,4,Y,7,0,M,HD,RSI,RS,4,17,,,,,,,1450,0,0,000000000,00000000000,0,0,0,1,0,0,0,0,0,0,0,40,0,0,0,4,4,6,2,12,0,0,0,1,39,44030,6,1,0,0,3,0,67,999,0,0,0,0,0,0,0,0,0,0,27,0,0,0,1,2,45,3,1,2,1,28,3,14,98,1,1,1,45,0,0
12,120368,1,2,2,6,3,5,27,12,1,1,0,12,1,6,51,6051,4,2007,2C3KA73W97H6,2,C,3,K,A,7,3,W,9,7,H,6,0,P,CHRY,308,4D,7,17,4088,,0,1200,,G,,0,0,000000000,00000000000,0,0,0,1,0,0,0,0,0,0,0,100,3,0,0,12,12,6,2,2,0,0,1,1,12,33476,6,1,0,0,3,0,71,999,0,0,0,0,0,0,0,0,0,1,36,0,0,0,3,2,55,1,1,2,1,0,0,1,51,1,1,1,24,2,1
12,120368,2,2,1,6,3,5,27,12,1,1,0,12,3,84,883,84883,66,1989,1HSZEGFR6KH6,1,H,S,Z,E,G,F,R,6,K,H,6,1,T,INTL,F75,DS,89,17,,8,2560,1440,SS,D,,1,12,01157208,1201157208,3,6,1,1,0,0,0,0,0,0,0,55,0,0,0,6,6,6,2,12,0,0,0,1,12,33401,6,1,6,0,3,3,70,999,0,0,0,0,0,0,0,0,0,0,0,0,0,0,3,2,55,1,1,2,1,0,0,1,53,1,1,1,25,0,0
12,120369,1,2,1,10,3,8,16,12,8,1,0,12,2,12,481,12481,31,2003,1FTRW08LX3KC,1,F,T,R,W,0,8,L,X,3,K,C,0,T,FORD,F1S,CW,3,17,3104,2,0,1388,COF,G,,0,0,000000000,00000000000,0,0,0,1,0,0,0,0,0,0,0,5,0,0,0,8,7,4,1,12,0,0,0,1,12,33981,6,1,0,0,3,3,67,999,1,1,1,0,0,11,2007,11,2008,0,38,0,0,0,2,2,55,1,1,2,1,20,3,1,17,1,1,2,64,0,0
12,120369,2,2,1,10,3,8,16,12,8,1,0,12,1,53,705,53705,80,1994,JS1GR7BA9R21,J,S,1,G,R,7,B,A,9,R,2,1,0,M,SUZI,SR7,RS,94,17,,,,,,,749,0,0,000000000,00000000000,0,0,0,1,0,0,0,0,0,0,0,55,0,0,0,4,4,6,2,12,0,0,0,1,12,33948,6,1,0,0,3,0,68,999,0,0,0,0,0,0,0,0,0,0,0,0,0,0,2,2,55,1,1,2,1,20,3,1,66,4,1,2,65,1,0
12,120370,1,1,1,15,3,23,45,8,0,1,0,12,1,21,17,21017,4,1996,1G3AJ55M2T63,1,G,3,A,J,5,5,M,2,T,6,3,0,P,OLDS,CRL,4D,96,17,2924,,0,1049,,G,,0,0,000000000,00000000000,0,0,0,1,0,0,0,0,0,0,0,45,0,0,0,12,12,4,3,8,0,0,0,1,12,34698,6,1,0,0,3,0,72,999,0,0,0,1,0,10,2007,10,2007,0,92,0,0,0,2,3,45,1,1,2,1,28,3,1,80,1,1,1,13,0,0
12,120371,1,1,1,21,3,3,28,59,0,1,0,12,1,6,51,6051,4,2006,2C3LA43R16H2,2,C,3,L,A,4,3,R,1,6,H,2,0,P,CHRY,C30,4D,6,17,3623,,0,1200,,G,,0,0,000000000,00000000000,0,0,0,1,0,0,0,0,0,0,0,70,0,0,0,9,12,6,2,59,0,0,0,1,12,33563,6,1,0,0,3,0,68,999,0,0,0,0,0,0,0,0,0,0,36,0,0,0,6,4,70,1,1,3,1,28,3,1,12,1,1,4,6,1,1
12,120372,1,1,1,22,3,7,50,42,0,1,0,12,1,48,34,48034,6,2001,4S3BH6868176,4,S,3,B,H,6,8,6,8,1,7,6,0,P,SUBA,UBK,SW,1,17,3510,,0,1043,,G,,0,0,000000000,00000000000,0,0,0,1,0,0,0,0,0,0,0,50,0,1,5,1,1,6,2,1,0,0,0,1,12,34434,6,1,0,0,3,0,59,999,0,0,0,0,0,0,0,0,0,0,36,0,0,0,1,2,55,2,1,2,1,28,3,14,13,1,1,4,1,1,0
12,120373,1,2,3,26,3,7,24,12,6,1,0,4,2,7,20,7020,4,2005,1B3ES56C85D1,1,B,3,E,S,5,6,C,8,5,D,1,0,P,DODG,NXT,4D,5,17,2634,,0,1040,,G,,0,0,000000000,00000000000,0,0,0,1,0,0,0,0,0,0,0,10,0,0,0,9,9,6,2,12,0,0,0,1,4,99999,9,9,99,9,9,9,999,999,99,99,99,99,99,99,9999,99,9999,0,38,0,0,0,2,2,45,2,2,2,1,4,3,11,15,1,1,1,68,1,0
12,120373,2,2,1,26,3,7,24,12,6,1,0,12,1,35,51,35051,6,2008,JN8AS58T28W0,J,N,8,A,S,5,8,T,2,8,W,0,0,P,NISS,ROG,UT,8,17,3267,,0,1059,,G,,0,0,000000000,00000000000,0,0,0,1,0,0,0,0,0,0,0,65,0,1,3,12,12,6,2,1,0,0,0,1,12,33471,6,1,0,0,3,3,67,999,0,0,0,0,0,0,0,0,0,0,0,0,0,0,2,2,65,3,2,2,1,4,3,14,67,8,1,1,69,0,0
12,120374,1,1,1,28,3,0,26,33,0,1,0,12,1,7,482,7482,31,1996,3B7HF13Z5TM1,3,B,7,H,F,1,3,Z,5,T,M,1,0,T,DODG,150,PC,96,17,,2,1547,1387,RPC,G,,0,0,000000000,00000000000,0,0,0,1,0,0,0,0,0,0,0,55,0,0,0,12,12,6,2,5,0,0,0,1,12,32583,6,1,0,0,3,0,70,999,0,0,0,0,0,0,0,0,0,0,36,0,0,0,2,2,55,1,1,2,1,3,3,1,16,1,1,4,6,1,1
12,120375,1,2,1,22,2,14,15,12,6,1,0,12,2,14,21,14021,4,2010,3MEHM0JAXAR6,3,M,E,H,M,0,J,A,X,A,R,6,0,P,MERC,MPR,4D,10,17,3117,,0,1074,,G,,0,0,000000000,00000000000,0,0,0,1,0,0,0,0,0,0,0,20,0,0,0,12,12,6,2,12,0,0,0,1,12,33852,6,1,0,0,3,0,64,999,0,0,0,0,0,0,0,0,0,0,38,0,0,0,2,2,65,1,1,2,1,20,3,11,15,1,1,1,76,0,0
12,120375,2,2,32,22,2,14,15,12,6,1,0,12,2,12,988,12988,58,2001,1FDAF56F21EC,1,F,D,A,F,5,6,F,2,1,E,C,0,T,FORD,F5D,CB,1,17,,5,2010,1410,DRW,D,,0,77,777777777,77777777777,2,21,22,1,0,0,0,0,5,0,0,65,0,1,5,11,11,6,2,1,0,0,0,1,12,33471,6,1,6,3,3,3,70,999,0,0,0,0,0,0,0,0,0,0,0,0,0,0,2,2,65,1,1,2,1,28,3,1,65,1,1,1,77,5,0
12,120376,1,1,1,22,2,19,55,8,0,1,0,12,1,12,481,12481,31,2007,1FTRF12257NA,1,F,T,R,F,1,2,2,5,7,N,A,0,T,FORD,F15,PK,7,17,,2,1450,1260,COF,G,,0,0,000000000,00000000000,0,0,0,1,0,0,0,0,0,0,0,40,0,0,0,12,12,6,2,8,0,0,0,1,12,34207,6,1,0,0,3,3,72,999,0,0,0,0,0,0,0,0,0,0,0,0,0,0,1,2,40,1,1,2,1,28,3,1,80,1,1,1,13,0,0
12,120377,1,1,1,12,3,2,40,8,0,1,0,12,1,20,471,20471,30,2000,1GCCS1443YK1,1,G,C,C,S,1,4,4,3,Y,K,1,0,T,CHEV,S14,PK,0,17,,1,1179,1083,S,G,,0,0,000000000,00000000000,0,0,0,1,0,0,0,0,0,0,0,50,0,0,0,12,12,6,2,8,0,0,0,1,12,33511,6,1,0,0,3,0,74,999,0,0,0,1,0,12,2009,12,2009,0,0,0,0,0,2,2,50,1,1,2,2,0,0,1,80,1,1,1,13,0,0
12,120378,1,1,1,16,3,6,50,8,0,1,1,99,9,99,999,99999,99,9999,999999999999,9,9,9,9,9,9,9,9,9,9,9,9,9,U,,,,9,17,,,,,,,,0,99,999999999,99999999999,9,99,99,1,0,0,0,0,99,99,9,999,0,0,0,12,99,9,1,8,99,99,0,1,99,99999,9,9,99,9,9,9,999,999,99,99,99,99,99,99,9999,99,9999,0,38,0,0,0,2,3,45,1,1,2,1,28,3,1,80,1,1,1,13,0,0
12,120379,1,1,2,21,3,0,47,30,0,1,0,22,2,63,37,63037,6,2010,KNDJT2A28A70,K,N,D,J,T,2,A,2,8,A,7,0,0,P,KIA,SOU,UT,10,17,2800,,0,1004,,G,,0,0,000000000,00000000000,0,0,0,1,0,0,0,0,0,0,0,65,0,0,0,12,12,6,2,30,0,0,0,1,12,33901,6,1,0,0,3,3,60,999,0,0,0,1,0,1,2008,1,2008,0,36,0,0,0,1,2,45,3,1,2,1,20,3,14,13,1,1,4,1,1,1
12,120380,1,1,1,14,2,23,3,8,0,1,0,12,1,12,37,12037,4,2003,1FAFP34313W3,1,F,A,F,P,3,4,3,1,3,W,3,0,P,FORD,FSP,4D,3,17,2564,,0,1030,,G,,0,0,000000000,00000000000,0,0,0,1,0,0,0,0,0,0,0,40,0,0,0,12,12,4,1,8,0,0,0,1,12,32835,6,1,0,0,3,3,70,999,0,0,0,2,1,10,2007,9,2009,0,0,0,0,0,3,3,35,1,2,2,1,3,3,1,80,8,1,1,13,0,0
12,120381,1,2,1,1,2,18,40,12,6,1,0,12,1,35,39,35039,4,1999,JN1CA21D3XT8,J,N,1,C,A,2,1,D,3,X,T,8,0,P,NISS,MGS,4D,99,17,2896,,0,1063,,G,,0,0,000000000,00000000000,0,0,0,1,0,0,0,0,0,0,0,999,0,0,0,9,9,6,2,12,0,0,0,1,12,33830,1,1,1,0,2,3,74,999,0,0,0,0,2,6,2007,8,2007,1,0,0,0,0,1,2,30,1,1,2,2,4,3,1,17,1,1,1,89,1,1
12,120381,2,2,1,1,2,18,40,12,6,1,0,12,1,19,3,19003,4,1997,1G6KD54Y9VU2,1,G,6,K,D,5,4,Y,9,V,U,2,0,P,CADI,DFW,4D,97,17,3911,,0,1138,,G,,0,0,000000000,00000000000,0,0,0,1,0,0,0,0,0,0,0,999,0,0,0,12,12,6,2,12,0,0,0,1,12,33844,6,1,0,0,3,0,67,999,0,0,0,2,0,5,2008,2,2009,0,0,0,0,0,2,3,55,1,1,2,2,4,3,1,66,1,1,1,88,0,0
12,120382,1,1,1,4,3,19,37,9,0,1,0,12,1,20,399,20399,9,1978,1N35L8J14984,1,N,3,5,L,8,J,1,4,9,8,4,0,P,,,,,,,,,,,,,0,0,000000000,00000000000,0,0,0,1,0,0,0,0,0,0,0,55,0,0,0,12,12,4,3,9,0,0,0,1,12,32348,6,1,0,0,3,0,74,999,0,1,0,1,1,6,2007,8,2009,0,0,0,0,0,2,2,40,1,1,2,1,0,0,1,83,1,1,1,13,0,0
12,120383,1,2,1,8,3,10,30,12,7,1,1,99,9,99,999,99999,99,9999,999999999999,9,9,9,9,9,9,9,9,9,9,9,9,9,U,,,,9,17,,,,,,,,0,99,999999999,99999999999,9,99,99,1,0,0,0,0,99,99,9,999,0,0,0,9,99,9,1,12,99,99,0,1,99,99999,9,9,99,9,9,9,999,999,99,99,99,99,99,99,9999,99,9999,9,0,0,0,0,3,3,50,1,1,2,1,0,0,15,11,1,1,2,47,0,0
12,120383,2,2,1,8,3,10,30,12,7,1,0,12,1,20,37,20037,4,2002,1G1ND52J8253,1,G,1,N,D,5,2,J,8,2,5,3,0,P,CHEV,MAL,4D,2,17,3053,,0,1070,,G,,0,0,000000000,00000000000,0,0,0,1,0,0,0,0,0,0,0,45,0,0,0,2,12,6,2,42,0,0,0,1,12,33027,6,1,0,0,3,3,62,999,0,0,0,0,0,0,0,0,0,0,0,0,0,0,2,3,50,1,1,2,1,0,0,1,61,1,1,1,45,1,0