STATE,ST_CASE,VEH_NO,VE_FORMS,NUMOCCS,DAY,MONTH,HOUR,MINUTE,HARM_EV,MAN_COLL,UNITTYPE,HIT_RUN,REG_STAT,OWNER,MAKE,MODEL,MAK_MOD,BODY_TYP,MOD_YEAR,VIN,VIN_1,VIN_2,VIN_3,VIN_4,VIN_5,VIN_6,VIN_7,VIN_8,VIN_9,VIN_10,VIN_11,VIN_12,TOW_VEH,VINTYPE,VINMAKE,VINA_MOD,VIN_BT,VINMODYR,VIN_LNGT,VIN_WGT,WGTCD_TR,WHLBS_LG,WHLBS_SH,SER_TR,FUELCODE,MCYCL_DS,J_KNIFE,MCARR_I1,MCARR_I2,MCARR_ID,GVWR,V_CONFIG,CARGO_BT,HAZ_INV,HAZ_PLAC,HAZ_ID,HAZ_CNO,HAZ_REL,BUS_USE,SPEC_USE,EMER_USE,TRAV_SP,UNDERIDE,ROLLOVER,ROLINLOC,IMPACT1,IMPACT2,DEFORMED,TOWED,M_HARM,VEH_SC1,VEH_SC2,FIRE_EXP,DR_PRES,L_STATE,DR_ZIP,L_STATUS,L_TYPE,CDL_STAT,L_ENDORS,L_COMPL,L_RESTRI,DR_HGT,DR_WGT,PREV_ACC,PREV_SUS,PREV_DWI,PREV_SPD,PREV_OTH,FIRST_MO,FIRST_YR,LAST_MO,LAST_YR,SPEEDREL,DR_SF1,DR_SF2,DR_SF3,DR_SF4,VTRAFWAY,VNUM_LAN,VSPD_LIM,VALIGN,VPROFILE,VPAVETYP,VSURCOND,VTRAFCON,VTCONT_F,P_CRASH1,P_CRASH2,P_CRASH3,PCRASH4,PCRASH5,ACC_TYPE,DEATHS,DR_DRINK
12,120487,1,2,1,2,4,15,48,12,1,1,0,12,1,49,40,49040,4,1999,4T1BG22K5XU5,4,T,1,B,G,2,2,K,5,X,U,5,0,P,TOYT,UEX,4D,99,17,2998,,0,1051,,G,,0,0,000000000,00000000000,0,0,0,1,0,0,0,0,0,0,0,20,0,0,0,6,6,6,2,12,0,0,0,1,12,33319,6,1,0,0,3,0,68,999,0,0,0,0,0,0,0,0,0,0,0,0,0,0,3,5,65,1,1,2,1,28,3,1,53,1,1,1,25,0,0
12,120487,2,2,1,2,4,15,48,12,1,1,0,12,1,49,32,49032,4,2003,1NXBR32E73Z0,1,N,X,B,R,3,2,E,7,3,Z,0,0,P,TOYT,UCS,4D,3,17,2502,,0,1024,,G,,0,0,000000000,00000000000,0,0,0,1,0,0,0,0,0,0,0,65,0,0,0,12,12,6,2,12,0,0,0,1,12,33319,6,1,0,0,3,3,65,999,0,0,0,0,0,0,0,0,0,0,0,0,0,0,3,5,65,1,1,2,1,28,3,1,51,6,1,1,24,1,0
12,120488,1,1,1,3,4,22,1,35,0,1,0,12,1,12,3,12003,2,2006,1ZVFT82H7652,1,Z,V,F,T,8,2,H,7,6,5,2,0,P,FORD,MGT,CP,6,17,3483,,0,1071,,G,,0,0,000000000,00000000000,0,0,0,1,0,0,0,0,0,0,0,90,0,1,3,81,81,6,2,35,0,0,0,1,12,33025,6,1,0,0,3,0,71,999,0,0,0,0,0,0,0,0,0,1,36,0,0,0,3,4,70,1,1,2,1,28,3,1,51,6,4,4,2,1,0
12,120489,1,1,1,3,4,0,20,1,0,1,0,12,2,23,431,23431,16,1994,1GKEK18K2RJ7,1,G,K,E,K,1,8,K,2,R,J,7,0,T,GMC,YUK,2W,94,17,,2,0,1115,YUK,G,,0,0,000000000,00000000000,0,0,0,1,0,0,0,0,0,0,0,60,0,1,5,0,13,6,2,42,0,0,0,1,12,32181,6,1,0,0,3,0,66,999,0,0,0,0,0,0,0,0,0,0,36,0,0,0,1,2,60,1,2,2,1,28,3,1,13,7,1,4,1,1,1
12,120490,1,3,2,3,4,11,9,12,6,1,0,12,1,37,402,37402,14,2001,JHLRD28411C0,J,H,L,R,D,2,8,4,1,1,C,0,0,P,HOND,CRV,UT,1,17,3126,,0,1032,,G,,0,0,000000000,00000000000,0,0,0,1,0,0,0,0,0,0,0,25,0,0,0,2,12,6,2,12,0,0,0,1,12,33972,6,1,0,0,3,0,65,999,0,0,0,1,0,9,2007,9,2007,0,38,0,0,0,1,2,35,1,1,2,1,20,3,1,17,1,1,1,87,0,0
12,120490,2,3,2,3,4,11,9,12,6,1,0,23,1,72,706,72706,80,1995,1HD1GGL15SY3,1,H,D,1,G,G,L,1,5,S,Y,3,0,M,HD,FDS,RS,95,17,,,,,,,1340,0,0,000000000,00000000000,0,0,0,1,0,0,0,0,0,0,0,45,0,0,0,12,12,6,2,12,0,0,0,1,23,4268,6,1,0,0,3,0,69,999,0,0,0,0,0,0,0,0,0,0,0,0,0,0,1,4,45,1,1,2,1,0,0,1,66,1,1,1,86,1,0
12,120490,3,3,2,3,4,11,9,12,6,1,0,12,1,20,23,20023,6,2006,3GNDA23D46S5,3,G,N,D,A,2,3,D,4,6,S,5,0,P,CHEV,HHR,UT,6,17,3155,,0,1035,,G,,0,0,000000000,00000000000,0,0,0,1,0,0,0,0,0,0,0,0,0,0,0,12,12,4,3,12,0,0,0,1,12,33935,6,1,0,0,3,3,59,999,0,0,0,0,0,0,0,0,0,0,92,0,0,0,1,2,35,1,1,2,1,20,3,5,62,1,1,1,98,0,0
12,120491,1,1,1,4,4,4,35,42,0,1,0,12,2,14,36,14036,4,1999,1MEFM10P3XW6,1,M,E,F,M,1,0,P,3,X,W,6,0,P,MERC,TGT,4D,99,17,2461,,0,984,,G,,0,0,000000000,00000000000,0,0,0,1,0,0,0,0,0,0,0,55,0,0,0,9,9,6,2,42,0,0,0,1,12,32134,1,1,0,0,2,0,71,999,0,8,0,1,2,10,2007,7,2009,0,36,0,0,0,1,2,55,1,1,2,1,0,0,1,13,7,3,5,2,1,1
12,120492,1,1,2,4,4,18,42,1,0,1,0,12,2,49,401,49401,14,2002,JT3HN86R4290,J,T,3,H,N,8,6,R,4,2,9,0,0,P,TOYT,RUN,UT,2,17,4070,,0,1053,,G,,0,0,000000000,00000000000,0,0,0,1,0,0,0,0,0,0,0,60,0,1,1,0,1,6,2,1,0,0,0,1,12,32940,6,1,0,0,3,0,72,999,1,0,0,1,2,2,2009,5,2009,1,36,0,0,0,6,1,35,1,2,2,1,21,3,1,11,7,2,6,98,1,1
12,120493,1,3,1,5,4,10,6,12,6,1,0,12,1,63,31,63031,4,2001,KNAFB121X150,K,N,A,F,B,1,2,1,X,1,5,0,0,P,KIA,SPL,4D,1,17,2478,,0,1008,,G,,0,0,000000000,00000000000,0,0,0,1,0,0,0,0,0,0,0,20,0,0,0,3,8,6,2,12,0,0,0,1,12,32112,6,1,0,0,3,3,60,999,0,0,0,0,0,0,0,0,0,0,38,39,0,0,1,2,25,1,1,2,1,20,3,1,17,1,1,1,87,1,0
12,120493,2,3,1,5,4,10,6,12,6,1,0,12,1,20,481,20481,31,1992,1GCEK14K8NZ1,1,G,C,E,K,1,4,K,8,N,Z,1,0,T,CHEV,GK1,PK,92,17,,2,1315,1175,GM4,G,,0,0,000000000,00000000000,0,0,0,1,0,0,0,0,0,0,0,25,0,0,0,12,12,4,3,12,0,0,0,1,12,32177,6,1,0,0,3,0,67,999,0,0,0,0,0,0,0,0,0,0,0,0,0,0,1,2,25,1,1,2,1,20,3,1,66,1,1,1,86,0,0
12,120493,3,3,2,5,4,10,6,12,6,1,0,12,2,20,481,20481,31,2001,3GNEC16T01G1,3,G,N,E,C,1,6,T,0,1,G,1,0,P,CHEV,C15,UT,1,17,4914,,0,1300,,G,,0,0,000000000,00000000000,0,0,0,1,0,0,0,0,0,0,0,35,0,0,0,12,12,6,2,12,0,0,0,1,12,32177,6,1,0,0,3,3,66,999,0,0,0,0,0,0,0,0,0,0,0,0,0,0,1,2,25,1,1,2,1,20,3,1,66,7,1,1,98,0,0
12,120494,1,2,1,5,4,11,31,12,6,1,0,12,2,2,403,2403,14,2001,1J4FA49S01P3,1,J,4,F,A,4,9,S,0,1,P,3,0,T,JEEP,SPW,2W,1,17,,1,0,934,W/T,G,,0,0,000000000,00000000000,0,0,0,1,0,0,0,0,0,0,0,15,0,0,0,10,10,6,2,12,0,0,0,1,12,32244,6,1,0,0,3,0,63,999,0,0,0,2,1,8,2007,3,2009,0,38,0,0,0,2,3,55,1,1,2,1,28,3,11,17,1,1,1,68,0,0
12,120494,2,2,1,5,4,11,31,12,6,1,0,12,1,53,705,53705,80,2007,JS1GN7DA5721,J,S,1,G,N,7,D,A,5,7,2,1,0,M,SUZI,G60,RS,7,17,,,,,,,599,0,0,000000000,00000000000,0,0,0,1,0,0,0,0,0,0,0,60,0,0,0,12,12,6,2,12,0,0,0,1,12,32244,6,1,0,0,3,0,71,999,0,0,0,1,0,8,2007,8,2007,1,0,0,0,0,2,3,55,1,1,2,1,28,3,1,66,1,1,1,69,1,0
12,120495,1,2,1,5,4,15,55,12,2,1,0,12,3,49,422,49422,15,2006,5TDBT48A86S2,5,T,D,B,T,4,8,A,8,6,S,2,0,P,TOYT,SEQ,UT,6,17,5330,,0,1181,,G,,0,0,000000000,00000000000,0,0,0,1,0,0,0,0,0,0,0,50,0,0,0,12,12,6,2,12,0,0,0,1,12,33967,6,1,0,0,3,0,67,999,0,0,0,1,0,7,2009,7,2009,0,51,0,0,0,1,2,60,1,1,2,1,0,0,1,10,1,1,2,50,0,0
12,120495,2,2,5,5,4,15,55,12,2,1,0,12,3,7,442,7442,20,2009,2D8HN54199R5,2,D,8,H,N,5,4,1,9,9,R,5,0,P,DODG,CAR,SV,9,17,4483,,0,1212,,G,,0,0,000000000,00000000000,0,0,0,1,0,0,0,0,0,0,0,60,0,0,0,12,12,6,2,12,0,0,0,1,12,33908,6,1,0,0,3,3,66,999,0,0,0,0,0,0,0,0,0,0,0,0,0,0,1,2,60,1,1,2,1,0,0,1,62,1,1,1,51,1,0
12,120496,1,1,1,7,4,18,30,24,0,1,0,12,1,37,706,37706,80,2006,JH2SC57026M2,J,H,2,S,C,5,7,0,2,6,M,2,0,M,HOND,CBS,RS,6,17,,,,,,,998,0,0,000000000,00000000000,0,0,0,1,0,0,0,0,0,0,0,100,0,0,0,12,12,6,2,24,0,0,0,1,12,33334,1,1,0,0,2,0,69,999,0,8,1,0,2,4,2008,5,2009,1,36,0,0,0,6,2,55,3,1,2,1,28,3,14,13,1,1,4,1,1,0
12,120497,1,2,2,7,4,12,30,12,6,1,0,12,2,41,471,41471,30,2000,4F4YR12V0YTM,4,F,4,Y,R,1,2,V,0,Y,T,M,0,T,MAZD,3RC,PK,0,17,,1,0,1116,B30,F,,0,0,000000000,00000000000,0,0,0,1,0,0,0,0,0,0,0,10,0,0,0,9,9,6,2,12,0,0,0,1,12,32011,6,1,0,0,3,3,64,999,0,0,0,0,0,0,0,0,0,0,38,0,0,0,2,2,45,1,1,2,1,28,3,11,15,1,1,1,68,2,0
12,120497,2,2,1,7,4,12,30,12,6,1,0,13,3,82,883,82883,66,2004,1FUJA6CK44LN,1,F,U,J,A,6,C,K,4,4,L,N,1,T,FRHT,COL,DS,4,17,,8,0,0,CON,D,,1,77,777777777,77777777777,3,6,1,1,0,0,0,0,0,0,0,45,0,0,0,12,12,4,3,12,0,0,0,1,12,32208,6,1,6,0,3,3,68,999,0,0,0,0,0,0,0,0,0,0,0,0,0,0,2,2,45,1,1,2,1,28,3,1,66,4,1,1,69,0,0
12,120498,1,1,1,7,4,13,53,1,0,1,0,12,1,38,403,38403,14,2000,4S2CK57W7Y43,4,S,2,C,K,5,7,W,7,Y,4,3,0,P,ISU,AMI,UT,0,17,3675,,0,969,,G,,0,0,000000000,00000000000,0,0,0,1,0,0,0,0,0,0,0,70,0,1,5,0,0,6,2,1,0,0,0,1,12,33545,6,1,0,0,3,3,64,999,0,0,0,0,0,0,0,0,0,0,0,0,0,0,3,2,70,1,1,2,1,28,3,1,12,6,1,4,1,1,0
12,120499,1,1,1,7,4,2,5,1,0,1,0,12,1,20,481,20481,31,2003,1GCHK29133E2,1,G,C,H,K,2,9,1,3,3,E,2,0,T,CHEV,2KH,4C,3,17,,2,1575,1435,SIL,D,,0,0,000000000,00000000000,0,0,0,1,0,0,0,0,0,0,0,83,0,1,5,0,99,6,2,1,0,0,0,1,12,32053,6,1,0,0,3,0,69,999,0,2,0,0,1,9,2009,9,2009,1,36,0,0,0,1,2,45,1,1,2,1,28,3,1,12,7,3,4,2,1,1
12,120500,1,1,1,8,4,15,25,24,0,1,0,12,2,13,1,13001,4,2000,1LNHM81WXYY8,1,L,N,H,M,8,1,W,X,Y,Y,8,0,P,LINC,EXC,4D,0,17,4047,,0,1177,,G,,0,0,000000000,00000000000,0,0,0,1,0,0,0,0,0,0,0,80,0,1,5,12,12,6,2,2,0,0,1,1,12,33054,6,1,0,0,3,0,72,999,0,0,0,0,1,8,2007,8,2007,1,36,0,0,0,3,3,60,3,1,2,1,28,3,14,13,1,1,4,1,1,0
12,120502,1,2,2,9,4,10,50,12,6,1,0,12,1,18,22,18022,4,2006,2G4WC5521612,2,G,4,W,C,5,5,2,1,6,1,2,0,P,BUIC,LCX,4D,6,17,3495,,0,1105,,G,,0,0,000000000,00000000000,0,0,0,1,0,0,0,0,0,0,0,45,0,0,0,3,3,6,2,12,0,0,0,1,12,32448,6,1,6,0,3,0,72,999,0,0,0,0,0,0,0,0,0,0,38,39,0,0,1,2,55,1,1,2,1,20,3,1,17,1,1,1,87,1,0
12,120502,2,2,2,9,4,10,50,12,6,1,0,12,2,12,37,12037,4,2006,1FAFP34N76W2,1,F,A,F,P,3,4,N,7,6,W,2,0,P,FORD,ZX4,4D,6,17,2676,,0,1029,,G,,0,0,000000000,00000000000,0,0,0,1,0,0,0,0,0,0,0,50,0,0,0,12,12,6,2,12,0,0,0,1,12,32423,6,1,6,0,3,3,67,999,0,0,0,0,0,0,0,0,0,0,0,0,0,0,1,2,55,1,1,2,1,28,3,1,66,1,1,1,86,0,0
12,120503,1,1,2,9,4,2,10,42,0,1,0,12,1,35,39,35039,4,2004,1N4BA41E64C8,1,N,4,B,A,4,1,E,6,4,C,8,0,P,NISS,MEL,4D,4,17,3310,,0,1112,,G,,0,0,000000000,00000000000,0,0,0,1,0,0,0,0,0,0,0,65,0,0,0,12,12,6,2,2,0,0,1,1,12,33442,6,1,0,0,3,0,65,999,0,5,0,2,1,6,2007,6,2009,0,0,0,0,0,3,4,65,1,1,2,1,28,3,1,13,1,1,4,1,1,0
12,120504,1,1,1,10,4,11,58,11,0,1,0,12,1,72,706,72706,80,2001,1HD1GHV191Y3,1,H,D,1,G,H,V,1,9,1,Y,3,0,M,HD,FDX,RS,1,17,,,,,,,1450,0,0,000000000,00000000000,0,0,0,1,0,0,0,0,0,0,0,45,0,0,0,12,12,6,2,11,0,0,0,1,12,32773,6,1,0,0,3,3,73,999,0,0,0,0,0,0,0,0,0,0,0,0,0,0,1,2,45,1,1,2,1,0,0,1,87,8,1,1,13,1,0
12,120505,1,1,1,11,4,14,48,42,0,1,0,12,2,20,22,20022,4,2005,1G1AZ54F6575,1,G,1,A,Z,5,4,F,6,5,7,5,0,P,CHEV,BLT,4D,5,17,3216,,0,1033,,G,,0,0,000000000,00000000000,0,0,0,1,0,0,0,0,0,0,0,75,0,0,0,4,4,6,2,42,0,0,0,1,12,33913,6,1,0,0,3,0,65,999,0,0,0,1,0,12,2008,12,2008,1,27,0,0,0,2,2,70,2,1,2,2,0,0,14,12,8,4,5,7,1,0
12,120506,1,1,1,12,4,7,42,8,0,1,0,12,1,37,31,37031,4,2007,1HGFA16507L1,1,H,G,F,A,1,6,5,0,7,L,1,0,P,HOND,UCL,4D,7,17,2751,,0,1063,,G,,0,0,000000000,00000000000,0,0,0,1,0,0,0,0,0,0,0,40,0,0,0,1,1,6,2,8,0,0,0,1,12,34109,6,1,0,0,3,0,61,999,0,0,0,0,0,0,0,0,0,0,0,0,0,0,2,2,45,1,1,2,1,28,3,1,80,1,1,1,13,0,0
12,120507,1,1,1,21,3,18,59,18,0,1,0,12,1,37,31,37031,4,1999,1HGEJ6676XL0,1,H,G,E,J,6,6,7,6,X,L,0,0,P,HOND,UCL,4D,99,17,2456,,0,1032,,G,,0,0,000000000,00000000000,0,0,0,1,0,0,0,0,0,0,0,15,0,0,0,12,12,6,2,30,0,0,0,1,12,33155,6,1,0,0,3,3,64,999,0,0,0,0,0,0,0,0,0,0,36,0,0,0,1,2,15,1,1,5,1,0,0,1,12,1,1,4,6,1,0
12,120508,1,1,1,4,4,3,26,30,0,1,0,12,1,41,51,41051,4,2008,JM1BK12FX818,J,M,1,B,K,1,2,F,X,8,1,8,0,P,MAZD,M3I,4D,8,17,2780,,0,1039,,G,,0,0,000000000,00000000000,0,0,0,1,0,0,0,0,0,0,0,999,0,0,0,3,3,6,2,30,0,0,0,1,12,33634,6,1,0,0,3,0,68,999,0,0,0,3,0,8,2007,3,2009,1,36,0,0,0,1,4,40,1,1,2,1,0,0,1,12,1,4,4,7,1,1
12,120509,1,1,2,26,2,21,0,8,0,1,0,12,1,20,24,20024,6,2010,1GNLRGED7AS1,1,G,N,L,R,G,E,D,7,A,S,1,0,P,CHEV,TRV,UT,10,17,4790,,0,1189,,G,,0,0,000000000,00000000000,0,0,0,1,0,0,0,0,0,0,0,999,0,0,0,12,12,6,2,8,0,0,0,1,12,33764,6,1,0,0,3,3,71,999,0,0,0,0,0,0,0,0,0,0,0,0,0,0,2,3,50,1,1,2,1,0,0,1,80,2,1,1,13,0,0
12,120510,1,2,2,10,3,16,0,12,6,1,0,12,1,13,1,13001,4,2000,1LNHM81W9YY8,1,L,N,H,M,8,1,W,9,Y,Y,8,0,P,LINC,EXC,4D,0,17,4047,,0,1177,,G,,0,0,000000000,00000000000,0,0,0,1,0,0,0,0,0,0,0,999,0,0,0,9,9,6,2,12,0,0,0,1,12,33810,6,1,0,0,3,3,66,999,0,0,0,0,0,0,0,0,0,0,38,0,0,0,1,2,35,1,1,2,1,20,3,11,15,1,1,1,68,1,0
12,120510,2,2,1,10,3,16,0,12,6,1,0,12,1,20,421,20421,15,1996,1GNDT13W1T22,1,G,N,D,T,1,3,W,1,T,2,2,0,P,CHEV,BZR,UT,96,17,4023,,0,1070,,G,,0,0,000000000,00000000000,0,0,0,1,0,0,0,0,0,0,0,999,0,0,0,12,12,6,2,12,0,0,0,1,12,33810,6,1,0,0,3,0,74,999,0,0,0,0,0,0,0,0,0,0,0,0,0,0,1,2,35,1,1,2,1,20,3,1,65,8,1,1,69,0,0
12,120511,1,1,1,13,4,1,39,14,0,1,0,12,1,12,17,12017,4,2003,1FAFP53293A1,1,F,A,F,P,5,3,2,9,3,A,1,0,P,FORD,TSE,4D,3,17,3336,,0,1085,,F,,0,0,000000000,00000000000,0,0,0,1,0,0,0,0,0,0,0,55,0,0,0,11,11,6,2,14,0,0,0,1,12,34233,6,1,0,0,3,3,68,999,0,0,1,0,1,2,2008,2,2008,0,36,0,0,0,6,1,70,1,1,2,1,98,3,1,12,1,1,4,11,1,0
12,120512,1,1,1,7,3,15,55,1,0,1,0,12,1,73,706,73706,80,2004,JKBVNAL124A0,J,K,B,V,N,A,L,1,2,4,A,0,0,M,KAWK,V5L,RS,4,17,,,,,,,1500,0,0,000000000,00000000000,0,0,0,1,0,0,0,0,0,0,0,70,0,0,0,0,0,6,2,1,0,0,0,1,12,33161,6,1,0,0,3,3,69,999,0,0,0,0,0,0,0,0,0,0,36,0,0,0,2,2,70,2,2,2,1,28,3,14,12,1,1,4,6,1,0
12,120513,1,1,1,10,2,6,10,9,0,1,0,17,3,84,881,84881,63,2005,1HTWYSAT15J0,1,H,T,W,Y,S,A,T,1,5,J,0,0,T,INTL,760,TM,5,17,,8,0,0,70S,D,,0,12,799118,12799118,3,2,1,1,0,0,0,0,0,0,0,10,0,0,0,1,1,4,1,9,0,0,0,1,12,33605,6,1,6,3,3,3,76,999,0,0,0,0,0,0,0,0,0,0,38,0,0,0,1,2,30,1,1,2,1,3,3,10,83,1,1,1,13,0,0
12,120514,1,1,1,9,3,21,29,8,0,1,1,12,2,63,31,63031,4,2001,KNAFB1210150,K,N,A,F,B,1,2,1,0,1,5,0,0,P,KIA,SPL,4D,1,17,2478,,0,1008,,G,,0,0,000000000,00000000000,0,0,0,1,0,0,0,0,0,0,0,45,0,0,0,12,12,4,3,8,99,99,0,1,12,34135,6,1,0,0,3,0,71,999,0,0,0,0,0,0,0,0,0,0,0,0,0,0,2,3,45,1,1,2,1,3,3,1,80,1,1,1,13,0,0
12,120515,1,2,4,20,3,2,31,8,0,1,1,12,2,35,47,35047,4,2008,1N4AL21E58C2,1,N,4,A,L,2,1,E,5,8,C,2,0,P,NISS,ATS,4D,8,17,3028,,0,1093,,G,,0,0,000000000,00000000000,0,0,0,1,0,0,0,0,0,0,0,35,0,0,0,1,1,0,1,8,99,99,0,1,12,32304,6,1,0,0,3,3,68,999,0,0,0,1,0,10,2009,10,2009,0,0,0,0,0,2,3,35,1,1,2,1,3,3,1,80,1,1,1,13,0,0
12,120515,2,2,1,20,3,2,31,8,0,1,1,12,1,20,16,20016,2,2001,1G1JC124X171,1,G,1,J,C,1,2,4,X,1,7,1,0,P,CHEV,CAV,CP,1,17,2617,,0,1041,,G,,0,0,000000000,00000000000,0,0,0,1,0,0,0,0,0,0,0,35,0,0,0,12,12,4,1,8,99,99,0,1,12,32301,1,1,0,0,2,3,61,999,0,1,0,0,1,4,2009,6,2009,0,0,0,0,0,2,3,35,1,1,2,1,3,3,1,80,1,1,1,98,0,0
12,120516,1,1,1,1,4,2,3,8,0,1,0,12,3,82,883,82883,66,2007,1FUJA6CG37LW,1,F,U,J,A,6,C,G,3,7,L,W,1,T,FRHT,COL,DS,7,17,,8,0,0,CON,D,,1,77,777777777,77777777777,3,6,2,1,0,0,0,0,0,0,0,10,0,0,0,5,5,4,1,8,0,0,0,1,12,34974,6,1,6,3,3,0,72,999,0,0,0,0,0,0,0,0,0,0,0,0,0,0,1,2,65,1,2,2,1,3,3,10,80,1,1,1,13,0,0
12,120517,1,1,1,1,4,6,46,8,0,1,0,12,1,23,431,23431,16,1996,3GKEC16R5TG5,3,G,K,E,C,1,6,R,5,T,G,5,0,T,GMC,SUB,4W,96,17,,2,0,1315,C15,G,,0,0,000000000,00000000000,0,0,0,1,0,0,0,0,0,0,0,30,0,0,0,12,12,4,3,8,0,0,0,1,12,33837,6,1,0,0,3,0,64,999,0,0,0,3,0,12,2008,12,2009,0,0,0,0,0,3,3,45,1,1,2,1,28,3,1,80,1,1,1,13,0,0
12,120518,1,2,1,2,4,13,40,12,1,1,0,12,2,19,3,19003,4,2004,1G6KD54Y04U2,1,G,6,K,D,5,4,Y,0,4,U,2,0,P,CADI,DFW,4D,4,17,3978,,0,1153,,G,,0,0,000000000,00000000000,0,0,0,1,0,0,0,0,0,0,0,45,0,0,0,12,12,6,2,12,0,0,0,1,12,32056,6,1,0,0,3,0,71,999,0,0,0,0,0,0,0,0,0,0,36,0,0,0,1,2,55,1,1,2,1,28,3,1,50,1,1,1,20,0,0
12,120518,2,2,1,2,4,13,40,12,1,1,0,12,1,72,706,72706,80,1992,1HD1CAP19NY1,1,H,D,1,C,A,P,1,9,N,Y,1,0,M,HD,XL2,RS,92,17,,,,,,,1200,0,0,000000000,00000000000,0,0,0,1,0,0,0,0,0,0,0,0,0,0,0,6,6,6,2,12,0,0,0,1,12,32024,6,1,0,0,3,0,70,999,0,0,0,0,0,0,0,0,0,0,0,0,0,0,1,2,55,1,1,2,1,28,3,5,53,1,1,1,21,1,0
12,120519,1,2,1,2,4,8,18,12,6,1,0,12,1,53,704,53704,80,2003,JS1CK43A1321,J,S,1,C,K,4,3,A,1,3,2,1,0,M,SUZI,A4K,MS,3,17,,,,,,,385,0,0,000000000,00000000000,0,0,0,1,0,0,0,0,0,0,0,45,0,0,0,12,12,6,2,12,0,0,0,1,12,34974,6,1,0,0,3,3,64,999,0,0,0,0,0,0,0,0,0,0,36,0,0,0,1,2,50,1,1,2,1,0,0,1,56,1,1,1,93,1,0
12,120519,2,2,1,2,4,8,18,12,6,1,0,1,3,82,881,82881,66,2007,1FUJA6CK07LW,1,F,U,J,A,6,C,K,0,7,L,W,1,T,FRHT,COL,DS,7,17,,8,0,0,CON,D,,1,1,273702,01273702,3,6,1,1,0,0,0,0,0,0,0,5,0,0,0,9,9,6,2,12,0,0,0,1,1,36695,6,1,6,3,3,0,66,999,0,0,0,0,1,10,2007,10,2007,0,0,0,0,0,1,2,45,1,1,2,1,0,0,13,53,1,1,1,92,0,0
12,120520,1,4,2,3,4,20,40,12,1,1,0,12,3,52,47,52047,6,2006,JA4LX31F76U0,J,A,4,L,X,3,1,F,7,6,U,0,0,P,MITS,OUT,UT,6,17,3241,,0,1033,,G,,0,0,000000000,00000000000,0,0,0,1,0,0,0,0,0,0,0,45,0,0,0,12,12,6,2,12,0,0,0,1,12,33184,1,1,0,0,2,3,64,999,0,1,0,0,4,11,2007,1,2009,0,36,92,0,0,2,3,45,1,1,2,1,0,0,1,50,1,1,2,20,1,1
12,120520,2,4,1,3,4,20,40,12,1,1,0,12,1,20,481,20481,31,1999,3GNEC16R6XG2,3,G,N,E,C,1,6,R,6,X,G,2,0,P,CHEV,C15,UT,99,17,4825,,0,1315,,G,,0,0,000000000,00000000000,0,0,0,1,0,0,0,0,0,0,0,0,0,0,0,6,6,6,2,12,0,0,0,1,12,33125,6,1,0,0,3,3,65,999,0,0,0,0,0,0,0,0,0,0,0,0,0,0,2,3,45,1,1,2,1,0,0,5,53,1,1,1,21,0,0
12,120520,3,4,2,3,4,20,40,12,1,1,0,12,2,55,39,55039,4,2008,KMHFC46F88A2,K,M,H,F,C,4,6,F,8,8,A,2,0,P,HYUN,AZL,4D,8,17,3629,,0,1094,,G,,0,0,000000000,00000000000,0,0,0,1,0,0,0,0,0,0,0,0,0,0,0,5,5,6,2,12,0,0,0,1,12,32304,6,1,0,0,3,0,71,999,0,0,0,0,0,0,0,0,0,0,0,0,0,0,2,3,45,1,1,2,1,0,0,5,61,1,1,1,98,0,0
12,120520,4,4,3,3,4,20,40,12,1,1,0,12,2,49,40,49040,4,2002,4T1BF32K52U0,4,T,1,B,F,3,2,K,5,2,U,0,0,P,TOYT,LXS,4D,2,17,3296,,0,1071,,G,,0,0,000000000,00000000000,0,0,0,1,0,0,0,0,0,0,0,0,0,0,0,11,11,6,2,12,0,0,0,1,53,98026,6,1,0,0,3,0,64,999,0,0,0,0,0,0,0,0,0,0,0,0,0,0,2,2,35,1,1,2,1,0,0,4,66,1,1,1,98,0,0
12,120521,1,2,5,4,4,3,3,12,6,1,0,12,2,12,422,12422,15,1997,1FMFU18LXVLC,1,F,M,F,U,1,8,L,X,V,L,C,0,P,FORD,EPT,UT,97,17,4827,,0,1190,,G,,0,0,000000000,00000000000,0,0,0,1,0,0,0,0,0,0,0,999,0,0,0,11,12,6,2,12,0,0,0,1,12,33612,0,0,0,0,0,0,999,999,0,0,0,0,0,0,0,0,0,9,0,0,0,0,1,2,30,1,1,2,1,20,3,1,17,1,1,1,89,1,1
12,120521,2,2,2,4,4,3,3,12,6,1,0,12,2,22,22,22022,4,2006,1G2ZG558X641,1,G,2,Z,G,5,5,8,X,6,4,1,0,P,PONT,GS1,4D,6,17,3419,,0,1123,,G,,0,0,000000000,00000000000,0,0,0,1,0,0,0,0,0,0,0,999,0,0,0,12,12,6,2,12,0,0,0,1,12,33610,6,1,0,0,3,0,66,999,0,1,0,0,0,5,2009,5,2009,0,0,0,0,0,1,4,45,1,1,2,1,0,0,1,66,1,1,1,88,0,0
12,120522,1,1,1,4,4,5,39,24,0,1,0,12,1,20,32,20032,4,1998,1Y1SK5280WZ4,1,Y,1,S,K,5,2,8,0,W,Z,4,0,P,CHEV,P/L,4D,98,17,0,,0,971,,G,,0,0,000000000,00000000000,0,0,0,1,0,0,0,0,0,0,0,70,0,0,0,6,6,6,2,3,0,0,0,1,12,32708,6,1,0,0,3,0,65,999,0,0,0,0,1,10,2009,10,2009,1,36,0,0,0,3,2,45,1,1,2,1,28,3,1,13,1,3,4,2,1,1