STATE,ST_CASE,VEH_NO,VE_FORMS,NUMOCCS,DAY,MONTH,HOUR,MINUTE,HARM_EV,MAN_COLL,UNITTYPE,HIT_RUN,REG_STAT,OWNER,MAKE,MODEL,MAK_MOD,BODY_TYP,MOD_YEAR,VIN,VIN_1,VIN_2,VIN_3,VIN_4,VIN_5,VIN_6,VIN_7,VIN_8,VIN_9,VIN_10,VIN_11,VIN_12,TOW_VEH,VINTYPE,VINMAKE,VINA_MOD,VIN_BT,VINMODYR,VIN_LNGT,VIN_WGT,WGTCD_TR,WHLBS_LG,WHLBS_SH,SER_TR,FUELCODE,MCYCL_DS,J_KNIFE,MCARR_I1,MCARR_I2,MCARR_ID,GVWR,V_CONFIG,CARGO_BT,HAZ_INV,HAZ_PLAC,HAZ_ID,HAZ_CNO,HAZ_REL,BUS_USE,SPEC_USE,EMER_USE,TRAV_SP,UNDERIDE,ROLLOVER,ROLINLOC,IMPACT1,IMPACT2,DEFORMED,TOWED,M_HARM,VEH_SC1,VEH_SC2,FIRE_EXP,DR_PRES,L_STATE,DR_ZIP,L_STATUS,L_TYPE,CDL_STAT,L_ENDORS,L_COMPL,L_RESTRI,DR_HGT,DR_WGT,PREV_ACC,PREV_SUS,PREV_DWI,PREV_SPD,PREV_OTH,FIRST_MO,FIRST_YR,LAST_MO,LAST_YR,SPEEDREL,DR_SF1,DR_SF2,DR_SF3,DR_SF4,VTRAFWAY,VNUM_LAN,VSPD_LIM,VALIGN,VPROFILE,VPAVETYP,VSURCOND,VTRAFCON,VTCONT_F,P_CRASH1,P_CRASH2,P_CRASH3,PCRASH4,PCRASH5,ACC_TYPE,DEATHS,DR_DRINK
12,120523,1,1,1,5,4,18,59,8,0,1,0,12,1,38,402,38402,14,1995,4S2CK58E3S43,4,S,2,C,K,5,8,E,3,S,4,3,0,P,ISU,ROD,UT,95,17,0,,0,1087,,G,,0,0,000000000,00000000000,0,0,0,1,0,0,0,0,0,0,0,10,0,0,0,12,12,4,3,8,0,0,0,1,12,32805,6,1,0,0,3,3,73,999,0,0,0,0,0,0,0,0,0,0,39,0,0,0,1,2,25,1,1,2,1,28,3,11,80,1,1,1,13,0,0
12,120524,1,2,2,6,4,18,31,1,0,1,0,12,2,6,43,6043,4,2004,1C3EL45R24N1,1,C,3,E,L,4,5,R,2,4,N,1,0,P,CHRY,SLX,CV,4,17,3303,,0,1060,,G,,0,0,000000000,00000000000,0,0,0,1,0,0,0,0,0,0,0,65,0,1,3,0,12,6,2,12,0,0,0,1,12,32408,6,1,0,0,3,0,57,999,0,0,0,0,0,0,0,0,0,0,36,0,0,0,2,2,65,1,1,2,1,0,0,1,12,1,1,4,6,1,1
12,120524,2,2,1,6,4,18,31,1,0,1,0,12,1,49,40,49040,4,2003,4T1BE32K63U1,4,T,1,B,E,3,2,K,6,3,U,1,0,P,TOYT,UXS,4D,3,17,2993,,0,1071,,G,,0,0,000000000,00000000000,0,0,0,1,0,0,0,0,0,0,0,55,0,0,0,12,12,6,2,12,0,0,0,1,12,32463,6,1,0,0,3,0,63,999,0,0,0,0,0,0,0,0,0,0,0,0,0,0,2,2,65,1,1,2,1,0,0,1,62,1,1,1,98,0,0
12,120525,1,1,1,8,4,14,9,3,0,1,0,12,1,19,3,19003,4,2004,1G6KD54Y34U2,1,G,6,K,D,5,4,Y,3,4,U,2,0,P,CADI,DFW,4D,4,17,3978,,0,1153,,G,,0,0,000000000,00000000000,0,0,0,1,0,0,0,0,0,0,0,10,0,0,0,0,0,6,2,3,0,0,0,1,12,33762,6,1,0,0,3,3,72,999,0,0,0,0,0,0,0,0,0,0,0,0,0,0,1,2,10,1,1,2,1,0,0,1,98,1,1,4,0,1,0
12,120526,1,2,1,8,4,22,54,12,1,1,0,13,2,39,31,39031,1,2006,SAJDA42C462A,S,A,J,D,A,4,2,C,4,6,2,A,0,P,JAGU,XK8,CV,6,17,3980,,0,1019,,G,,0,0,000000000,00000000000,0,0,0,1,0,0,0,0,0,0,0,65,0,0,0,12,12,6,2,12,0,0,0,1,13,31792,6,1,0,0,3,0,70,185,98,0,0,0,0,0,0,0,0,0,36,0,0,0,2,2,65,1,1,2,2,28,3,1,11,1,1,2,24,1,1
12,120526,2,2,1,8,4,22,54,12,1,1,0,13,1,20,473,20473,30,2006,1GCCS1988682,1,G,C,C,S,1,9,8,8,6,8,2,0,T,CHEV,RDO,4C,6,17,,1,0,1260,CAL,G,,0,0,000000000,00000000000,0,0,0,1,0,0,0,0,0,0,0,65,0,1,5,6,6,6,2,12,0,0,0,1,13,30024,6,1,0,0,3,0,72,162,98,0,0,0,1,7,2009,7,2009,0,0,0,0,0,2,2,65,1,1,2,2,28,3,1,60,1,1,1,25,0,0
12,120527,1,1,1,9,4,14,30,8,0,1,0,12,3,85,881,85881,66,1997,1XKWDB9X0VR7,1,X,K,W,D,B,9,X,0,V,R,7,1,T,KW,W90,DS,97,17,,8,0,0,CON,D,,1,77,777777777,77777777777,3,6,1,1,0,0,0,0,0,0,0,55,0,0,0,12,12,4,1,8,0,0,0,1,12,33033,6,1,6,0,3,0,69,999,0,0,0,0,1,4,2008,4,2008,0,38,0,0,0,3,3,70,1,2,2,1,28,3,1,80,1,1,1,13,0,0
12,120528,1,1,3,9,4,18,31,31,0,1,0,12,2,12,3,12003,2,2004,1FAFP42X64F1,1,F,A,F,P,4,2,X,6,4,F,1,0,P,FORD,MGT,CP,4,17,3114,,0,1013,,G,,0,0,000000000,00000000000,0,0,0,1,0,0,0,0,0,0,0,60,0,0,0,4,4,6,2,31,0,0,0,1,12,33405,6,1,0,0,3,0,73,999,0,0,0,1,1,9,2007,1,2008,1,0,0,0,0,1,2,30,1,1,2,1,28,3,6,13,1,1,4,1,1,0
12,120530,1,1,1,10,4,9,50,42,0,1,0,12,2,14,4,14004,2,1990,1MEPM6046LH6,1,M,E,P,M,6,0,4,6,L,H,6,0,P,MERC,CLS,2D,90,17,3608,,0,1130,,G,,0,0,000000000,00000000000,0,0,0,1,0,0,0,0,0,0,0,65,0,0,0,12,12,6,2,42,0,0,0,1,12,32693,6,1,0,0,3,0,61,999,0,1,0,0,1,12,2007,11,2009,0,36,0,0,0,2,2,65,1,1,2,1,28,3,1,13,1,1,4,1,1,0
12,120531,1,2,3,11,4,23,20,12,6,1,0,12,2,35,34,35034,3,1990,JN1RZ24A0LX0,J,N,1,R,Z,2,4,A,0,L,X,0,0,P,NISS,30X,2H,90,17,3125,,0,965,,G,,0,0,000000000,00000000000,0,0,0,1,0,0,0,0,0,0,0,90,0,0,0,11,6,6,2,12,0,0,0,1,12,33565,6,1,0,0,3,0,70,999,1,0,0,0,1,10,2008,12,2008,1,0,0,0,0,3,3,70,1,1,2,1,28,3,15,10,1,1,2,44,1,0
12,120531,2,2,1,11,4,23,20,12,6,1,0,12,2,12,37,12037,4,2005,1FAFP34N75W1,1,F,A,F,P,3,4,N,7,5,W,1,0,P,FORD,ZX4,4D,5,17,2677,,0,1030,,G,,0,0,000000000,00000000000,0,0,0,1,0,0,0,0,0,0,0,70,0,0,0,2,2,6,2,12,0,0,0,1,12,34202,6,1,6,0,3,0,72,999,0,0,0,0,0,0,0,0,0,0,0,0,0,0,3,3,70,1,1,2,1,28,3,1,61,1,1,1,45,0,0
12,120532,1,2,1,11,4,13,30,12,1,1,0,12,1,20,421,20421,15,1997,1GNEK13R7VJ4,1,G,N,E,K,1,3,R,7,V,J,4,0,P,CHEV,KTA,UT,97,17,5225,,0,1175,,G,,0,0,000000000,00000000000,0,0,0,1,0,0,0,0,0,0,0,70,0,1,5,12,12,6,2,12,0,0,0,1,12,32618,6,1,6,0,3,0,73,999,0,0,0,2,1,1,2009,9,2009,1,36,0,0,0,2,2,45,1,1,2,1,28,3,1,51,1,1,1,24,0,0
12,120532,2,2,1,11,4,13,30,12,1,1,0,12,1,49,40,49040,4,1996,4T1BG12K1TU8,4,T,1,B,G,1,2,K,1,T,U,8,0,P,TOYT,DLX,4D,96,17,2932,,0,1031,,G,,0,0,000000000,00000000000,0,0,0,1,0,0,0,0,0,0,0,45,0,0,0,6,10,6,2,12,0,0,0,1,12,32606,6,1,0,0,3,0,69,999,0,0,0,0,0,0,0,0,0,0,0,0,0,0,2,2,45,1,1,2,1,28,3,1,53,1,1,1,25,1,0
12,120533,1,1,3,12,4,6,35,9,0,1,0,12,2,12,481,12481,31,1999,1FTWW32F1XED,1,F,T,W,W,3,2,F,1,X,E,D,0,T,FORD,F3D,CW,99,17,,3,1720,1560,DRW,D,,0,0,000000000,00000000000,0,0,0,1,0,0,0,0,0,0,0,30,0,0,0,12,12,4,1,9,0,0,0,1,12,33811,6,1,6,0,3,3,70,999,0,0,0,0,0,0,0,0,0,0,0,0,0,0,1,2,45,1,1,2,1,0,0,1,80,1,1,1,13,0,0
12,120535,1,1,1,15,4,19,48,8,0,1,0,12,1,9,20,9020,4,1998,1P3ES47CXWD5,1,P,3,E,S,4,7,C,X,W,D,5,0,P,PLYM,NEH,4P,98,17,2537,,0,1040,,G,,0,0,000000000,00000000000,0,0,0,1,0,0,0,0,0,0,0,50,0,0,0,12,12,6,2,8,0,0,0,1,12,32526,6,1,0,0,3,0,63,999,1,0,0,0,1,6,2009,7,2009,0,0,0,0,0,1,2,45,1,1,2,1,28,3,1,80,1,1,1,13,0,0
12,120536,1,3,1,15,4,1,25,12,1,1,0,12,1,30,40,30040,4,2003,3VWTH69M03M0,3,V,W,T,H,6,9,M,0,3,M,0,0,P,VOLK,JXG,4D,3,17,3199,,0,989,,G,,0,0,000000000,00000000000,0,0,0,1,0,0,0,0,0,0,0,45,0,0,0,12,12,6,2,12,0,0,0,1,12,32765,6,1,0,0,3,3,73,999,0,0,0,1,0,10,2009,10,2009,0,36,0,0,0,2,2,40,1,1,2,1,3,3,1,50,1,1,1,20,0,0
12,120536,2,3,3,15,4,1,25,12,1,1,0,12,1,55,36,55036,3,1995,KMHVD14N4SU0,K,M,H,V,D,1,4,N,4,S,U,0,0,P,HYUN,ABL,2H,95,17,2163,,0,945,,G,,0,0,000000000,00000000000,0,0,0,1,0,0,0,0,0,0,0,0,0,0,0,6,6,6,2,12,0,0,0,1,12,33527,6,1,0,0,3,3,60,999,0,1,0,2,0,11,2007,10,2009,0,0,0,0,0,2,2,40,1,1,2,1,3,3,5,53,1,1,1,21,1,0
12,120536,3,3,1,15,4,1,25,12,1,1,0,12,2,20,2,20002,4,2007,2G1WT55N1792,2,G,1,W,T,5,5,N,1,7,9,2,0,P,CHEV,IMT,4D,7,17,3674,,0,1105,,G,,0,0,000000000,00000000000,0,0,0,1,0,0,0,0,0,0,0,0,0,0,0,6,6,4,1,12,0,0,0,1,12,32818,6,1,0,0,3,0,71,999,0,0,0,0,0,0,0,0,0,0,0,0,0,0,2,2,40,1,1,2,1,3,3,5,53,1,1,1,98,0,0
12,120537,1,2,1,16,4,16,16,12,2,1,0,12,2,49,50,49050,3,2005,JTKDE1771500,J,T,K,D,E,1,7,7,1,5,0,0,0,P,TOYT,SXC,LB,5,17,2905,,0,1063,,G,,0,0,000000000,00000000000,0,0,0,1,0,0,0,0,0,0,0,45,0,0,0,12,12,6,2,12,0,0,0,1,12,32308,6,1,0,0,3,0,71,999,0,0,0,0,0,0,0,0,0,0,28,0,0,0,1,2,45,2,1,2,1,28,3,14,10,1,1,2,50,1,0
12,120537,2,2,1,16,4,16,16,12,2,1,0,12,3,38,882,38882,61,2001,JALB4B149170,J,A,L,B,4,B,1,4,9,1,7,0,0,T,ISU,NPR,TB,1,17,,3,0,0,NPR,D,,0,77,777777777,77777777777,2,1,1,1,0,0,0,0,0,0,0,45,0,0,0,12,12,6,2,12,0,0,0,1,12,32333,6,1,0,0,3,3,66,999,0,0,0,0,0,0,0,0,0,0,0,0,0,0,1,2,45,3,1,2,1,28,3,14,62,1,1,1,51,0,0
12,120538,1,2,1,17,4,0,10,12,7,1,0,28,1,23,401,23401,14,2000,1GKCS13W2Y21,1,G,K,C,S,1,3,W,2,Y,2,1,0,T,GMC,JMY,4W,0,17,,1,0,1070,JMY,G,,0,0,000000000,00000000000,0,0,0,1,0,0,0,0,0,0,0,85,0,1,3,4,4,6,2,1,0,0,0,1,96,0,0,0,0,0,0,0,999,999,99,99,99,99,99,99,9999,99,9999,0,28,0,0,0,2,2,70,1,1,2,1,28,3,15,11,1,1,2,46,1,1
12,120538,2,2,1,17,4,0,10,12,7,1,0,12,1,2,404,2404,14,2005,1J4GS48K75C5,1,J,4,G,S,4,8,K,7,5,C,5,0,T,JEEP,LCF,4W,5,17,,1,0,1095,GCK,G,,0,0,000000000,00000000000,0,0,0,1,0,0,0,0,0,0,0,70,0,0,0,7,7,4,9,12,0,0,0,1,28,39470,6,1,0,0,3,0,71,999,0,0,0,0,0,0,0,0,0,0,0,0,0,0,2,2,70,1,1,2,1,28,3,1,61,1,1,1,45,0,0
12,120539,1,1,4,17,4,12,52,1,0,1,0,12,1,49,401,49401,14,1994,JT3VN29V3R00,J,T,3,V,N,2,9,V,3,R,0,0,0,P,TOYT,RUN,UT,94,17,3820,,0,1033,,G,,0,0,000000000,00000000000,0,0,0,1,0,0,0,0,0,0,0,70,0,1,2,0,0,6,2,1,0,0,0,1,12,34114,6,1,0,0,3,0,65,999,0,0,0,0,0,0,0,0,0,0,0,0,0,0,3,3,70,1,1,2,1,28,3,1,13,1,1,4,1,1,0
12,120540,1,1,1,17,4,23,30,38,0,1,0,12,3,6,43,6043,1,2010,1C3BC5ED7AN1,1,C,3,B,C,5,E,D,7,A,N,1,0,P,CHRY,STO,CV,10,17,3847,,0,1089,,G,,0,0,000000000,00000000000,0,0,0,1,0,0,0,0,0,0,0,70,0,0,0,11,11,6,2,42,0,0,0,1,12,34231,6,1,0,0,3,3,69,999,0,0,0,0,0,0,0,0,0,1,37,36,0,0,1,2,30,1,1,2,2,28,3,1,12,1,1,4,6,1,1
12,120541,1,1,2,18,4,22,50,1,0,1,0,12,1,20,481,20481,31,1997,1GCGK29R2VE1,1,G,C,G,K,2,9,R,2,V,E,1,0,T,CHEV,GK2,PC,97,17,,2,1555,1415,GM4,G,,0,0,000000000,00000000000,0,0,0,1,0,0,0,0,0,0,0,40,0,1,5,0,0,4,3,1,0,0,0,1,12,33523,6,1,0,0,3,0,74,999,1,0,0,0,1,5,2008,6,2008,0,36,0,0,0,1,2,30,1,1,2,1,28,3,1,87,7,1,4,3,1,1
12,120542,1,1,1,18,4,22,38,35,0,1,0,12,1,12,481,12481,31,2000,2FTZF0730YCA,2,F,T,Z,F,0,7,3,0,Y,C,A,0,T,FORD,1SV,PK,0,17,,1,0,1198,COF,G,,0,0,000000000,00000000000,0,0,0,1,0,0,0,0,0,0,0,70,0,1,5,11,11,6,2,1,0,0,0,1,12,33935,6,1,0,0,3,0,74,999,0,1,0,1,0,11,2007,10,2009,0,36,0,0,0,2,2,70,1,1,2,2,0,0,1,13,1,3,4,2,1,0
12,120543,1,2,2,18,2,9,30,12,2,1,0,12,1,54,35,54035,4,2006,19UUA66266A0,1,9,U,U,A,6,6,2,6,6,A,0,0,P,ACUR,32T,4D,6,17,3580,,0,1079,,G,,0,0,000000000,00000000000,0,0,0,1,0,0,0,0,0,0,0,999,0,0,0,12,12,6,2,12,0,0,0,1,12,32303,6,1,0,0,3,0,68,999,0,3,0,3,0,12,2007,5,2009,0,36,51,0,0,1,2,25,2,2,2,1,28,3,2,10,1,1,2,50,1,1
12,120543,2,2,1,18,2,9,30,12,2,1,0,12,3,20,881,20881,63,2008,1GBM8C1A98F4,1,G,B,M,8,C,1,A,9,8,F,4,0,T,CHEV,C8C,CC,8,17,,7,2960,1400,C85,D,,0,77,777777777,77777777777,3,1,1,1,0,0,0,0,0,0,0,20,0,0,0,12,12,6,2,12,0,0,0,1,12,32353,6,1,6,0,3,0,72,999,0,0,0,0,0,0,0,0,0,0,0,0,0,0,1,2,25,2,2,2,1,28,3,14,62,1,1,1,51,0,0
12,120545,1,1,1,9,4,10,20,39,0,1,0,12,1,6,51,6051,4,2007,2C3KA43R17H7,2,C,3,K,A,4,3,R,1,7,H,7,0,P,CHRY,C30,4D,7,17,3632,,0,1200,,G,,0,0,000000000,00000000000,0,0,0,1,0,0,0,0,0,0,0,50,0,0,0,12,12,6,2,39,0,0,0,1,12,33319,6,1,0,0,3,0,69,999,0,0,0,0,0,0,0,0,0,0,0,0,0,0,2,3,45,1,1,2,1,3,3,1,13,1,1,4,1,1,0
12,120546,1,1,2,2,2,19,48,9,0,1,0,12,1,55,402,55402,14,2006,KM8JN12D26U4,K,M,8,J,N,1,2,D,2,6,U,4,0,P,HYUN,TUC,UT,6,17,3548,,0,1035,,G,,0,0,000000000,00000000000,0,0,0,1,0,0,0,0,0,0,0,10,0,0,0,12,12,4,1,9,0,0,0,1,12,33309,6,1,0,0,3,3,68,999,0,0,0,0,0,0,0,0,0,0,0,0,0,0,2,2,35,1,1,2,2,3,3,11,55,1,1,1,13,0,0
12,120547,1,2,1,4,2,22,14,12,6,1,0,12,2,41,402,41402,14,2001,4F2YU07141KM,4,F,2,Y,U,0,7,1,4,1,K,M,0,P,MAZD,TRI,UT,1,17,3091,,0,1031,,G,,0,0,000000000,00000000000,0,0,0,1,0,0,0,0,0,0,0,999,0,1,1,9,9,6,2,1,0,0,0,1,12,34472,6,1,0,0,3,0,71,999,0,2,0,0,1,12,2007,8,2008,0,39,0,0,0,1,4,40,1,1,2,1,3,3,1,17,1,1,1,89,1,1
12,120547,2,2,1,4,2,22,14,12,6,1,0,12,1,49,401,49401,14,2003,JTEZU14R1300,J,T,E,Z,U,1,4,R,1,3,0,0,0,P,TOYT,RUN,UT,3,17,4025,,0,1098,,G,,0,0,000000000,00000000000,0,0,0,1,0,0,0,0,0,0,0,40,0,0,0,12,12,6,2,12,0,0,0,1,12,34472,6,1,0,0,3,0,67,999,0,0,0,0,0,0,0,0,0,0,0,0,0,0,1,4,40,1,1,2,1,3,3,1,66,1,1,1,88,0,0
12,120548,1,1,1,5,2,15,36,25,0,1,0,12,1,19,3,19003,4,2004,1G6KD54Y94U1,1,G,6,K,D,5,4,Y,9,4,U,1,0,P,CADI,DFW,4D,4,17,3978,,0,1153,,G,,0,0,000000000,00000000000,0,0,0,1,0,0,0,0,0,0,0,40,0,1,1,12,12,6,2,1,0,0,0,1,12,32724,6,1,0,0,3,0,68,999,0,0,0,0,2,2,2008,11,2009,0,87,0,0,0,3,2,40,1,1,2,2,28,3,1,5,1,1,4,6,1,1
12,120550,1,1,1,6,2,21,26,1,0,1,0,12,1,72,706,72706,80,2007,1HD1FHM107Y6,1,H,D,1,F,H,M,1,0,7,Y,6,0,M,HD,HPI,RS,7,17,,,,,,,1690,0,0,000000000,00000000000,0,0,0,1,0,0,0,0,0,0,0,80,0,0,0,0,0,6,2,1,0,0,0,1,12,32780,6,1,0,0,3,0,76,999,0,1,0,0,3,11,2008,5,2009,1,27,0,0,0,2,2,70,1,1,2,1,28,3,15,12,1,1,4,6,1,0
12,120551,1,1,1,10,2,15,36,39,0,1,0,12,1,18,7,18007,4,1995,1G4AG55MXS64,1,G,4,A,G,5,5,M,X,S,6,4,0,P,BUIC,CSP,4D,95,17,2986,,0,1049,,G,,0,0,000000000,00000000000,0,0,0,1,0,0,0,0,0,0,0,30,0,0,0,81,81,6,2,39,0,0,0,1,12,32746,6,1,0,0,3,3,69,999,0,0,0,0,0,0,0,0,0,0,36,0,0,0,2,3,45,1,2,2,1,0,0,1,13,1,1,4,1,1,0
12,120552,1,6,1,11,2,14,50,12,1,1,0,26,1,20,22,20022,4,2009,1G1AT58H1971,1,G,1,A,T,5,8,H,1,9,7,1,0,P,CHEV,BLT,4D,9,17,3216,,0,1033,,G,,0,0,000000000,00000000000,0,0,0,1,0,0,0,0,0,0,0,45,0,0,0,12,12,6,2,12,0,0,0,1,26,48036,6,1,0,0,3,3,70,999,0,0,0,0,0,0,0,0,0,0,36,0,0,0,2,3,50,1,1,2,1,3,3,1,50,7,1,2,20,1,0
12,120552,2,6,4,11,2,14,50,12,1,1,0,48,3,49,472,49472,30,2008,5TENX22N88Z5,5,T,E,N,X,2,2,N,8,8,Z,5,0,T,TOYT,REG,PK,8,17,,1,0,1094,TAC,G,,0,0,000000000,00000000000,0,0,0,1,0,0,0,0,0,0,0,0,0,0,0,6,6,6,2,12,0,0,0,1,12,34711,6,1,0,0,3,0,69,999,0,0,0,0,0,0,0,0,0,0,0,0,0,0,2,3,50,1,1,2,1,3,3,5,53,1,1,1,21,0,0
12,120552,3,6,1,11,2,14,50,12,1,1,0,13,2,37,441,37441,20,2006,5FNRL38766B0,5,F,N,R,L,3,8,7,6,6,B,0,0,P,HOND,UDY,SV,6,17,4537,,0,1181,,G,,0,0,000000000,00000000000,0,0,0,1,0,0,0,0,0,0,0,0,0,0,0,11,61,4,1,12,0,0,0,1,13,30005,6,1,0,0,3,3,64,999,98,0,0,0,0,0,0,0,0,0,0,0,0,0,2,3,50,1,1,2,1,3,3,5,53,1,1,1,98,0,0
12,120552,4,6,3,11,2,14,50,12,1,1,0,12,4,6,43,6043,1,2010,1C3BC5ED4AN1,1,C,3,B,C,5,E,D,4,A,N,1,0,P,CHRY,STO,CV,10,17,3847,,0,1089,,G,,0,0,000000000,00000000000,0,0,0,1,0,0,0,0,0,0,0,0,0,0,0,61,61,4,1,12,0,0,0,1,17,60073,6,1,0,0,3,3,73,999,0,0,0,0,0,0,0,0,0,0,0,0,0,0,2,3,50,1,1,2,1,3,3,5,60,1,1,1,98,0,0
12,120552,5,6,1,11,2,14,50,12,1,1,0,12,1,41,51,41051,4,2008,JM1BK3232811,J,M,1,B,K,3,2,3,2,8,1,1,0,P,MAZD,M3S,4D,8,17,2906,,0,1039,,G,,0,0,000000000,00000000000,0,0,0,1,0,0,0,0,0,0,0,0,0,0,0,81,81,4,1,12,0,0,0,1,12,34787,6,1,0,0,3,0,67,999,1,3,0,0,0,6,2008,7,2008,0,0,0,0,0,2,3,50,1,1,2,1,3,3,5,53,1,1,1,98,0,0
12,120552,6,6,1,11,2,14,50,12,1,1,0,48,1,49,482,49482,31,2007,5TBBV58137S4,5,T,B,B,V,5,8,1,3,7,S,4,0,T,TOYT,DBL,CW,7,17,,2,0,1457,TUN,G,,0,0,000000000,00000000000,0,0,0,1,0,0,0,0,0,0,0,0,0,0,0,6,6,4,1,12,0,0,0,1,48,75703,6,1,0,0,3,0,999,999,0,0,0,1,0,5,2007,5,2007,0,0,0,0,0,2,3,50,1,1,2,1,3,3,5,61,1,1,1,98,0,0
12,120553,1,1,1,11,2,16,24,5,0,1,0,12,1,53,705,53705,80,2000,JS1GN78A8Y21,J,S,1,G,N,7,8,A,8,Y,2,1,0,M,SUZI,G60,RS,0,17,,,,,,,600,0,0,000000000,00000000000,0,0,0,1,0,0,0,0,0,0,0,999,0,0,0,0,99,4,3,24,0,0,0,1,12,33511,6,1,0,0,3,0,69,999,0,4,0,2,1,4,2007,6,2009,9,36,0,0,0,1,2,30,1,1,2,1,28,3,1,98,3,2,4,0,1,0
12,120554,1,2,1,14,2,13,5,12,2,1,0,12,2,30,36,30036,3,2008,WVWBA71K78W1,W,V,W,B,A,7,1,K,7,8,W,1,0,P,VOLK,RAB,2H,8,17,3041,,0,1015,,G,,0,0,000000000,00000000000,0,0,0,1,0,0,0,0,0,0,0,999,0,0,0,12,12,6,2,12,0,0,0,1,12,33647,6,1,0,0,3,0,71,999,1,1,0,2,1,2,2008,12,2009,0,38,0,0,0,1,2,40,1,1,2,1,3,3,11,15,1,1,1,68,0,0
12,120554,2,2,1,14,2,13,5,12,2,1,0,12,1,20,16,20016,4,2004,1G1JC52F1471,1,G,1,J,C,5,2,F,1,4,7,1,0,P,CHEV,CAV,4D,4,17,2676,,0,1041,,G,,0,0,000000000,00000000000,0,0,0,1,0,0,0,0,0,0,0,999,0,0,0,12,12,6,2,12,0,0,0,1,12,33584,6,1,0,0,3,3,69,999,0,0,0,0,0,0,0,0,0,0,0,0,0,0,1,2,40,1,1,2,1,3,3,1,62,1,1,1,69,1,0
12,120555,1,1,5,15,2,11,47,1,0,1,0,12,2,37,401,37401,14,1997,4S6CK58V1V44,4,S,6,C,K,5,8,V,1,V,4,4,0,P,HOND,PAS,UT,97,17,3770,,0,1085,,G,,0,0,000000000,00000000000,0,0,0,1,0,0,0,0,0,0,0,55,0,1,1,0,0,6,2,1,0,0,0,1,12,32935,0,0,0,0,0,0,66,999,0,0,0,0,0,0,0,0,0,1,36,0,0,0,1,2,30,2,1,2,1,0,0,14,98,1,1,1,98,1,0
12,120556,1,1,1,15,2,20,12,8,0,1,0,12,2,12,16,12016,4,1992,2FACP72W0NX1,2,F,A,C,P,7,2,W,0,N,X,1,0,P,FORD,CVS,4D,92,17,0,,0,1144,,G,,0,0,000000000,00000000000,0,0,0,1,0,0,0,0,0,0,0,40,0,0,0,12,12,4,1,8,0,0,0,1,12,33161,6,7,0,0,2,0,66,999,0,0,0,0,0,0,0,0,0,0,0,0,0,0,2,2,40,1,1,2,1,0,0,1,80,1,1,1,13,0,0
12,120557,1,1,3,18,2,13,20,19,0,1,0,25,1,37,32,37032,4,2006,1HGCM723X6A0,1,H,G,C,M,7,2,3,X,6,A,0,0,P,HOND,ULX,CP,6,17,3122,,0,1051,,G,,0,0,000000000,00000000000,0,0,0,1,0,0,0,0,0,0,0,35,0,0,0,12,12,6,2,19,0,0,0,1,25,2152,6,1,0,0,3,0,73,999,1,0,0,0,0,8,2009,8,2009,0,36,0,0,0,2,3,35,8,8,8,98,97,8,4,13,1,1,4,1,2,0
12,120558,1,1,2,19,2,10,50,35,0,1,0,12,2,47,35,47035,1,2000,YS3DD78H5Y70,Y,S,3,D,D,7,8,H,5,Y,7,0,0,P,SAA,93,CV,0,17,3250,,0,1026,,G,,0,0,000000000,00000000000,0,0,0,1,0,0,0,0,0,0,0,65,0,1,5,1,1,6,2,1,0,0,0,1,12,32909,1,1,0,0,2,0,63,999,0,0,0,0,0,0,0,0,0,0,36,0,0,0,2,2,65,1,1,2,1,28,3,1,13,8,1,4,1,1,0
12,120560,1,3,3,20,2,12,38,12,2,1,0,12,1,49,40,49040,4,2003,4T1BE32KX3U1,4,T,1,B,E,3,2,K,X,3,U,1,0,P,TOYT,UXS,4D,3,17,2993,,0,1071,,G,,0,0,000000000,00000000000,0,0,0,1,0,0,0,0,0,0,0,20,0,0,0,12,12,6,2,12,0,0,0,1,12,33066,6,1,0,0,3,3,60,999,1,0,0,0,0,11,2009,11,2009,0,38,0,0,0,2,2,40,1,1,2,1,3,3,11,17,1,1,1,68,1,0
12,120560,2,3,1,20,2,12,38,12,2,1,0,12,1,69,54,69054,3,2004,WMWRE33484TD,W,M,W,R,E,3,3,4,8,4,T,D,0,P,MNNI,COS,2H,4,17,2679,,0,971,,G,,0,0,000000000,00000000000,0,0,0,1,0,0,0,0,0,0,0,40,0,0,0,12,11,6,2,12,0,0,0,1,12,33066,6,1,0,0,3,0,65,999,0,0,0,1,0,10,2007,10,2007,0,0,0,0,0,2,2,40,1,1,2,1,3,3,1,66,1,1,1,69,0,0
12,120560,3,3,1,20,2,12,38,12,2,1,0,12,1,14,21,14021,4,2007,3MEHM08Z07R6,3,M,E,H,M,0,8,Z,0,7,R,6,0,P,MERC,MPR,4D,7,17,3117,,0,1074,,G,,0,0,000000000,00000000000,0,0,0,1,0,0,0,0,0,0,0,0,0,0,0,12,12,4,1,12,0,0,0,1,12,33066,6,1,0,0,3,3,62,999,0,0,0,0,1,5,2008,5,2008,0,0,0,0,0,2,2,40,1,1,2,1,3,3,5,55,1,1,1,98,0,0