STATE,ST_CASE,VEH_NO,VE_FORMS,NUMOCCS,DAY,MONTH,HOUR,MINUTE,HARM_EV,MAN_COLL,UNITTYPE,HIT_RUN,REG_STAT,OWNER,MAKE,MODEL,MAK_MOD,BODY_TYP,MOD_YEAR,VIN,VIN_1,VIN_2,VIN_3,VIN_4,VIN_5,VIN_6,VIN_7,VIN_8,VIN_9,VIN_10,VIN_11,VIN_12,TOW_VEH,VINTYPE,VINMAKE,VINA_MOD,VIN_BT,VINMODYR,VIN_LNGT,VIN_WGT,WGTCD_TR,WHLBS_LG,WHLBS_SH,SER_TR,FUELCODE,MCYCL_DS,J_KNIFE,MCARR_I1,MCARR_I2,MCARR_ID,GVWR,V_CONFIG,CARGO_BT,HAZ_INV,HAZ_PLAC,HAZ_ID,HAZ_CNO,HAZ_REL,BUS_USE,SPEC_USE,EMER_USE,TRAV_SP,UNDERIDE,ROLLOVER,ROLINLOC,IMPACT1,IMPACT2,DEFORMED,TOWED,M_HARM,VEH_SC1,VEH_SC2,FIRE_EXP,DR_PRES,L_STATE,DR_ZIP,L_STATUS,L_TYPE,CDL_STAT,L_ENDORS,L_COMPL,L_RESTRI,DR_HGT,DR_WGT,PREV_ACC,PREV_SUS,PREV_DWI,PREV_SPD,PREV_OTH,FIRST_MO,FIRST_YR,LAST_MO,LAST_YR,SPEEDREL,DR_SF1,DR_SF2,DR_SF3,DR_SF4,VTRAFWAY,VNUM_LAN,VSPD_LIM,VALIGN,VPROFILE,VPAVETYP,VSURCOND,VTRAFCON,VTCONT_F,P_CRASH1,P_CRASH2,P_CRASH3,PCRASH4,PCRASH5,ACC_TYPE,DEATHS,DR_DRINK
12,120595,1,2,1,5,4,11,12,12,6,1,0,12,1,6,44,6044,4,2000,1C3EJ56H2YN1,1,C,3,E,J,5,6,H,2,Y,N,1,0,P,CHRY,CLI,4D,0,17,3115,,0,1080,,G,,0,0,000000000,00000000000,0,0,0,1,0,0,0,0,0,0,0,15,0,0,0,3,10,6,2,12,0,0,0,1,12,34608,6,1,0,0,3,3,64,999,0,0,0,0,0,0,0,0,0,0,39,0,0,0,2,2,30,1,1,2,1,20,3,11,15,1,1,1,68,1,0
12,120595,2,2,1,5,4,11,12,12,6,1,0,12,1,7,482,7482,31,1999,3B7HC13Y9XG2,3,B,7,H,C,1,3,Y,9,X,G,2,0,T,DODG,Q15,4C,99,17,,2,1547,1387,RPC,G,,0,0,000000000,00000000000,0,0,0,1,0,0,0,0,0,0,0,55,0,0,0,12,12,6,2,12,0,0,0,1,12,34698,6,1,0,0,3,0,72,999,0,0,0,0,0,0,0,0,0,0,0,0,0,0,2,2,55,1,1,2,1,20,3,1,67,3,1,1,69,0,0
12,120596,1,1,1,9,4,1,45,8,0,1,0,17,1,37,471,37471,30,2008,2HJYK16408H5,2,H,J,Y,K,1,6,4,0,8,H,5,0,T,HOND,RTS,PK,8,17,,2,0,1220,RID,G,,0,0,000000000,00000000000,0,0,0,1,0,0,0,0,0,0,0,35,0,0,0,1,1,4,1,8,0,0,0,1,12,34491,6,1,0,0,3,3,71,999,0,0,0,0,0,0,0,0,0,0,0,0,0,0,1,2,55,1,2,2,2,28,3,1,80,6,1,1,13,0,0
12,120597,1,1,2,10,4,16,45,1,0,1,0,12,1,72,706,72706,80,2003,1HD1GEV433K3,1,H,D,1,G,E,V,4,3,3,K,3,0,M,HD,FWA,RS,3,17,,,,,,,1450,0,0,000000000,00000000000,0,0,0,1,0,0,0,0,0,0,0,55,0,0,0,0,0,6,2,1,0,0,0,1,12,32421,6,1,0,0,3,0,73,999,0,0,0,0,0,0,0,0,0,0,36,0,0,0,1,2,55,3,1,2,1,28,3,14,13,1,1,4,98,1,0
12,120598,1,1,1,10,4,21,9,8,0,1,0,12,1,12,481,12481,31,2002,1FTRX17W52NB,1,F,T,R,X,1,7,W,5,2,N,B,0,T,FORD,F15,4C,2,17,,2,1571,1385,COF,G,,0,0,000000000,00000000000,0,0,0,1,0,0,0,0,0,0,0,999,0,1,2,1,13,6,2,8,0,0,0,1,12,33187,6,1,0,0,3,3,71,999,0,1,0,0,2,1,2008,11,2009,0,0,0,0,0,1,2,40,1,1,2,1,0,0,1,80,1,1,1,13,0,0
12,120599,1,1,1,14,4,20,25,8,0,1,0,12,1,55,401,55401,14,2001,KM8SC83DX1U0,K,M,8,S,C,8,3,D,X,1,U,0,0,P,HYUN,SAN,UT,1,17,3549,,0,1031,,G,,0,0,000000000,00000000000,0,0,0,1,0,0,0,0,0,0,0,32,0,0,0,11,11,6,2,8,0,0,0,1,12,34604,6,1,0,0,3,3,68,999,0,0,0,0,0,0,0,0,0,0,0,0,0,0,5,2,35,2,1,2,1,28,3,14,80,3,1,1,13,0,0
12,120600,1,1,2,15,4,17,44,42,0,1,0,12,1,41,402,41402,14,2001,4F2YU09181KM,4,F,2,Y,U,0,9,1,8,1,K,M,0,P,MAZD,TRI,UT,1,17,3291,,0,1031,,G,,0,0,000000000,00000000000,0,0,0,1,0,0,0,0,0,0,0,61,0,0,0,3,3,6,2,42,0,0,0,1,12,32901,6,1,0,0,3,0,66,999,0,0,0,0,0,0,0,0,0,0,36,0,0,0,2,2,70,1,1,2,1,28,3,1,12,1,1,5,6,1,0
12,120601,1,2,1,16,4,13,40,12,2,1,0,12,1,76,705,76705,80,1998,JYAVM01E6WA0,J,Y,A,V,M,0,1,E,6,W,A,0,0,M,YAMA,V6A,RS,98,17,,,,,,,649,0,0,000000000,00000000000,0,0,0,1,0,0,0,0,0,0,0,55,0,0,0,12,12,6,2,12,0,0,0,1,12,32034,6,1,0,0,3,0,72,999,0,0,0,0,0,0,0,0,0,1,36,0,0,0,1,2,45,1,2,2,1,28,3,1,10,1,1,2,50,1,0
12,120601,2,2,1,16,4,13,40,12,2,1,0,12,3,12,481,12481,31,2004,1FDSF30LX4EA,1,F,D,S,F,3,0,L,X,4,E,A,0,T,FORD,F3S,PK,4,17,,2,0,1370,SRW,G,,0,0,000000000,00000000000,0,0,0,1,0,0,0,0,0,0,0,45,0,0,0,12,11,6,2,12,0,0,0,1,12,32068,6,1,0,0,3,0,69,999,1,0,0,0,1,9,2008,11,2008,0,0,0,0,0,1,2,45,2,2,2,1,28,3,14,62,7,1,1,51,0,0
12,120602,1,1,2,17,4,5,23,18,0,1,0,12,1,35,49,35049,6,2004,JN8AZ08W14W3,J,N,8,A,Z,0,8,W,1,4,W,3,0,P,NISS,MUR,UT,4,17,3822,,0,1112,,G,,0,0,000000000,00000000000,0,0,0,1,0,0,0,0,0,0,0,60,0,1,2,1,1,6,2,1,0,0,0,1,12,33033,6,1,0,0,3,0,71,999,0,0,0,0,0,0,0,0,0,0,36,0,0,0,2,3,50,1,1,2,1,28,3,1,13,1,1,4,1,1,1
12,120603,1,1,3,17,4,15,40,42,0,1,0,12,2,55,37,55037,2,2001,KMHJG25F91U2,K,M,H,J,G,2,5,F,9,1,U,2,0,P,HYUN,TIB,CP,1,17,2633,,0,974,,G,,0,0,000000000,00000000000,0,0,0,1,0,0,0,0,0,0,0,63,0,0,0,3,3,6,2,42,0,0,0,1,12,32539,6,1,0,0,3,0,66,999,0,0,0,0,0,0,0,0,0,1,36,0,0,0,1,2,55,1,2,2,1,28,3,1,12,1,4,5,7,1,0
12,120604,1,1,3,18,4,18,11,32,0,1,0,12,1,12,3,12003,2,1996,1FALP42X0TF1,1,F,A,L,P,4,2,X,0,T,F,1,0,P,FORD,MGT,CP,96,17,3279,,0,1013,,G,,0,0,000000000,00000000000,0,0,0,1,0,0,0,0,0,0,0,67,0,1,5,8,8,6,2,32,0,0,0,1,12,34604,6,1,0,0,3,0,71,999,0,4,0,1,2,1,2008,10,2009,1,87,0,0,0,1,2,70,1,1,2,2,28,3,1,12,1,2,4,7,2,1
12,120605,1,2,2,20,4,21,28,12,6,1,0,12,1,41,50,41050,4,2006,JM1GG12L6611,J,M,1,G,G,1,2,L,6,6,1,1,0,P,MAZD,MZA,4D,6,17,3589,,0,1053,,G,,0,0,000000000,00000000000,0,0,0,1,0,0,0,0,0,0,0,10,0,0,0,12,12,6,2,12,0,0,0,1,12,33912,6,1,0,0,3,0,74,999,0,0,0,0,1,2,2008,2,2008,0,38,0,0,0,2,2,55,1,1,2,1,21,3,11,17,1,1,1,68,1,0
12,120605,2,2,1,20,4,21,28,12,6,1,0,12,2,12,35,12035,4,1995,1FALP6532SK1,1,F,A,L,P,6,5,3,2,S,K,1,0,P,FORD,CGL,4D,95,17,2769,,0,1065,,G,,0,0,000000000,00000000000,0,0,0,1,0,0,0,0,0,0,0,55,0,1,5,9,9,6,2,1,0,0,0,1,12,33950,1,1,0,0,2,0,71,999,0,6,0,0,2,7,2007,12,2009,0,0,0,0,0,2,2,55,1,1,2,1,28,3,1,66,7,1,1,69,1,1
12,120606,1,1,2,21,4,0,53,8,0,1,0,12,1,21,441,21441,20,1997,1GHDX03E5VD2,1,G,H,D,X,0,3,E,5,V,D,2,0,T,OLDS,SIL,ES,97,17,,1,0,1200,SIL,G,,0,0,000000000,00000000000,0,0,0,1,0,0,0,0,0,0,0,30,0,0,0,12,12,4,1,8,0,0,0,1,12,32771,6,1,0,0,3,3,62,999,0,0,0,0,0,0,0,0,0,0,0,0,0,0,2,2,45,1,1,2,2,28,3,1,80,1,1,1,13,0,0
12,120607,1,1,1,21,4,6,15,59,0,1,0,12,1,49,472,49472,30,2004,5TEWN72N64Z3,5,T,E,W,N,7,2,N,6,4,Z,3,0,T,TOYT,XTR,PC,4,17,,1,0,1219,TAC,G,,0,0,000000000,00000000000,0,0,0,1,0,0,0,0,0,0,0,70,0,1,5,3,3,6,2,1,0,0,0,1,12,32148,6,1,0,0,3,3,68,999,0,0,0,0,1,6,2009,6,2009,0,36,0,0,0,2,2,65,2,1,2,2,28,3,15,13,6,4,4,2,1,0
12,120608,1,2,1,23,4,9,42,12,6,1,0,12,1,49,40,49040,4,2002,4T1BE32KX2U5,4,T,1,B,E,3,2,K,X,2,U,5,0,P,TOYT,LXS,4D,2,17,3086,,0,1071,,G,,0,0,000000000,00000000000,0,0,0,1,0,0,0,0,0,0,0,10,0,0,0,3,3,6,2,12,0,0,0,1,12,34145,6,1,0,0,3,3,66,999,0,0,0,0,0,0,0,0,0,0,38,0,0,0,2,2,55,1,1,2,1,3,3,11,17,1,1,1,68,0,0
12,120608,2,2,2,23,4,9,42,12,6,1,0,12,1,53,706,53706,80,1997,JS1VX51L5V21,J,S,1,V,X,5,1,L,5,V,2,1,0,M,SUZI,VS4,RS,97,17,,,,,,,1360,0,0,000000000,00000000000,0,0,0,1,0,0,0,0,0,0,0,55,0,0,0,12,12,6,2,12,0,0,0,1,12,34119,6,1,0,0,3,0,71,999,0,0,0,0,0,0,0,0,0,0,0,0,0,0,2,2,55,1,1,2,1,3,3,1,66,1,1,1,69,1,0
12,120609,1,1,3,23,4,5,10,32,0,1,0,12,2,49,40,49040,4,1997,4T1BG22K9VU8,4,T,1,B,G,2,2,K,9,V,U,8,0,P,TOYT,UEX,4D,97,17,2976,,0,1051,,G,,0,0,000000000,00000000000,0,0,0,1,0,0,0,0,0,0,0,64,0,1,5,12,12,6,2,1,0,0,0,1,12,32446,0,0,0,0,0,0,999,999,0,0,0,0,0,0,0,0,0,1,92,36,0,0,1,2,55,1,1,2,1,28,3,1,13,6,4,5,2,1,0
12,120610,1,2,1,23,4,23,31,12,2,1,0,12,1,72,709,72709,80,1971,2A24322H1,2,A,2,4,3,2,2,H,1,,,,0,P,,,,,,,,,,,,,0,0,000000000,00000000000,0,0,0,1,0,0,0,0,0,0,0,60,0,0,0,12,12,6,2,12,0,0,0,1,12,34602,6,1,0,0,3,0,66,999,0,0,0,0,0,0,0,0,0,0,50,0,0,0,2,2,60,1,1,2,1,0,0,1,54,1,1,1,52,1,1
12,120610,2,2,1,23,4,23,31,12,2,1,0,12,1,7,482,7482,31,2003,1D7HA18DX3J5,1,D,7,H,A,1,8,D,X,3,J,5,0,T,DODG,SQ1,CW,3,17,,2,1605,1405,RPC,G,,0,0,000000000,00000000000,0,0,0,1,0,0,0,0,0,0,0,0,0,0,0,12,12,6,2,12,0,0,0,1,12,34609,6,1,6,0,3,0,75,999,0,0,0,1,1,6,2007,3,2009,0,0,0,0,0,2,2,60,1,1,2,1,0,0,1,62,2,1,1,52,0,0
12,120611,1,1,1,24,4,14,21,18,0,1,0,12,2,98,709,98709,82,2009,2BXJAXA159V0,2,B,X,J,A,X,A,1,5,9,V,0,0,U,,,,9,17,,,,,,,,0,0,000000000,00000000000,0,0,0,1,0,0,0,0,0,0,0,37,0,0,0,12,12,6,2,18,0,0,0,1,13,30097,6,1,0,0,3,0,69,999,98,0,0,1,0,5,2008,5,2008,0,36,0,0,0,1,2,25,2,1,2,1,0,0,14,12,1,1,5,6,1,1
12,120612,1,2,2,24,4,16,5,12,6,1,0,12,2,30,40,30040,4,2003,3VWSK69M73M0,3,V,W,S,K,6,9,M,7,3,M,0,0,P,VOLK,JGS,4D,3,17,2859,,0,989,,G,,0,0,000000000,00000000000,0,0,0,1,0,0,0,0,0,0,0,60,0,0,0,9,9,6,2,12,0,0,0,1,12,34736,6,1,0,0,3,0,66,999,0,0,0,3,0,10,2008,1,2009,0,36,0,0,0,1,2,60,1,2,2,1,28,3,1,10,6,4,2,64,1,0
12,120612,2,2,8,24,4,16,5,12,6,1,0,12,3,12,988,12988,58,2003,1FDXE45S63HA,1,F,D,X,E,4,5,S,6,3,H,A,0,T,FORD,4DC,YY,3,17,,4,1760,1580,CTV,G,,0,77,777777777,77777777777,2,21,22,1,0,0,0,0,7,0,0,60,0,0,0,12,12,6,2,12,0,0,0,1,12,33594,6,1,6,3,3,3,72,999,0,0,0,0,0,0,0,0,0,0,0,0,0,0,1,2,60,1,2,2,1,28,3,1,62,9,1,2,65,0,0
12,120613,1,2,2,24,4,12,20,12,6,1,0,12,1,7,43,7043,4,2004,1B3EL46X54N3,1,B,3,E,L,4,6,X,5,4,N,3,0,P,DODG,SRX,4D,4,17,3094,,0,1080,,G,,0,0,000000000,00000000000,0,0,0,1,0,0,0,0,0,0,0,20,0,0,0,8,8,4,9,12,0,0,0,1,12,33897,6,1,0,0,3,3,68,999,0,0,0,0,0,0,0,0,0,0,38,0,0,0,2,2,55,1,1,2,1,20,3,11,15,1,1,1,82,0,0
12,120613,2,2,1,24,4,12,20,12,6,1,0,12,1,53,706,53706,80,2007,JS1VY53A6721,J,S,1,V,Y,5,3,A,6,7,2,1,0,M,SUZI,ZR8,RS,7,17,,,,,,,1783,0,0,000000000,00000000000,0,0,0,1,0,0,0,0,0,0,0,55,0,0,0,12,12,6,2,12,0,0,0,1,12,33825,6,1,0,0,3,0,66,999,0,0,0,2,0,6,2008,8,2009,0,92,0,0,0,2,2,55,1,1,2,1,20,3,1,67,1,1,1,83,1,0
12,120615,1,1,1,7,2,0,3,42,0,1,0,12,1,37,441,37441,20,2003,5FNRL18653B1,5,F,N,R,L,1,8,6,5,3,B,1,0,P,HOND,UDY,SV,3,17,4354,,0,1181,,G,,0,0,000000000,00000000000,0,0,0,1,0,0,0,0,0,0,0,60,0,0,0,3,3,6,2,42,0,0,0,1,12,33043,6,1,0,0,3,3,66,999,0,0,0,0,0,0,0,0,0,1,36,0,0,0,5,3,45,2,1,2,1,28,3,14,12,1,1,4,6,1,1
12,120616,1,2,1,5,3,22,12,12,1,1,0,12,1,6,52,6052,6,2002,3C8FY68B62T2,3,C,8,F,Y,6,8,B,6,2,T,2,0,P,CHRY,PTC,SV,2,17,3119,,0,1033,,G,,0,0,000000000,00000000000,0,0,0,1,0,0,0,0,0,0,0,45,0,0,0,12,12,6,2,12,0,0,0,1,12,34223,6,1,0,0,3,0,66,999,0,0,0,0,0,0,0,0,0,0,0,0,0,0,3,2,45,1,1,2,1,3,3,1,50,1,1,1,20,1,0
12,120616,2,2,2,5,3,22,12,12,1,1,0,12,2,20,9,20009,1,1999,2G1FP32KXX21,2,G,1,F,P,3,2,K,X,X,2,1,0,P,CHEV,CAM,CV,99,17,3340,,0,1011,,G,,0,0,000000000,00000000000,0,0,0,1,0,0,0,0,0,0,0,0,0,0,0,6,6,6,2,12,0,0,0,1,12,34224,6,1,0,0,3,0,70,999,0,0,0,0,0,0,0,0,0,0,0,0,0,0,3,2,45,1,1,2,1,3,3,5,53,1,1,1,21,0,0
12,120617,1,2,1,26,4,17,44,12,2,1,0,12,1,2,404,2404,14,1996,1J4FT28S0TL2,1,J,4,F,T,2,8,S,0,T,L,2,0,T,JEEP,CSE,4W,96,17,,1,0,1014,CHK,G,,0,0,000000000,00000000000,0,0,0,1,0,0,0,0,0,0,0,999,0,0,0,12,12,6,2,12,0,0,0,1,12,33570,6,1,0,0,3,0,62,999,0,0,0,0,0,0,0,0,0,0,0,0,0,0,1,2,35,1,1,2,1,28,3,11,10,1,1,2,68,0,0
12,120617,2,2,2,26,4,17,44,12,2,1,0,92,0,53,705,53705,80,2001,JS1VP52A4121,J,S,1,V,P,5,2,A,4,1,2,1,0,M,SUZI,SVS,RS,1,17,,,,,,,645,0,0,000000000,00000000000,0,0,0,1,0,0,0,0,0,0,0,999,0,0,0,12,12,6,2,12,0,0,0,1,12,33570,6,1,0,0,2,0,70,999,0,0,0,0,0,0,0,0,0,0,0,0,0,0,1,2,35,1,1,2,1,28,3,1,62,1,1,1,69,2,0
12,120618,1,1,1,19,4,20,19,8,0,1,0,12,1,6,441,6441,20,2008,2A8HR64X28R6,2,A,8,H,R,6,4,X,2,8,R,6,0,P,CHRY,TWC,SV,8,17,4621,,0,1212,,G,,0,0,000000000,00000000000,0,0,0,1,0,0,0,0,0,0,0,40,0,0,0,12,12,4,3,8,0,0,0,1,12,32164,6,1,0,0,3,3,71,999,0,0,0,0,0,0,0,0,0,0,0,0,0,0,2,1,40,1,1,2,1,28,3,1,80,1,1,1,13,0,0
12,120619,1,1,1,4,4,1,55,8,0,1,1,12,9,37,39,37039,5,2009,JHMGE88279S0,J,H,M,G,E,8,8,2,7,9,S,0,0,P,HOND,FIT,4H,9,17,2489,,0,984,,G,,0,0,000000000,00000000000,0,0,0,1,0,0,0,0,0,0,0,999,0,0,0,12,12,4,3,8,0,0,0,1,99,99999,9,9,99,9,9,9,999,999,99,99,99,99,99,99,9999,99,9999,9,0,0,0,0,5,4,35,1,2,2,1,0,0,1,80,1,1,1,13,0,0
12,120620,1,2,1,20,4,6,43,12,6,1,0,12,1,14,6,14006,4,2002,2MEFM75W52X6,2,M,E,F,M,7,5,W,5,2,X,6,0,P,MERC,MGL,4D,2,17,3970,,0,1147,,G,,0,0,000000000,00000000000,0,0,0,1,0,0,0,0,0,0,0,999,0,0,0,9,9,6,2,12,0,0,0,1,12,32210,6,1,0,0,3,0,64,999,0,0,0,1,0,3,2008,3,2008,0,38,0,0,0,2,2,30,1,1,2,1,20,3,11,15,1,1,1,68,1,0
12,120620,2,2,1,20,4,6,43,12,6,1,0,12,2,7,482,7482,31,2004,1D7HA18D44S7,1,D,7,H,A,1,8,D,4,4,S,7,0,T,DODG,SQ1,CW,4,17,,2,1605,1405,RPC,G,,0,0,000000000,00000000000,0,0,0,1,0,0,0,0,0,0,0,999,0,0,0,12,12,6,2,12,0,0,0,1,12,32244,6,1,0,0,3,0,71,999,0,0,0,0,0,0,0,0,0,0,0,0,0,0,2,2,40,1,1,2,1,20,3,1,67,1,1,1,69,0,1
12,120621,1,1,1,21,4,22,30,33,0,1,0,12,1,2,404,2404,14,2004,1J4GW48NX4C1,1,J,4,G,W,4,8,N,X,4,C,1,0,T,JEEP,LCF,4W,4,17,,1,0,1059,GCK,G,,0,0,000000000,00000000000,0,0,0,1,0,0,0,0,0,0,0,64,0,0,0,1,9,6,2,42,0,0,0,1,12,34476,6,1,0,0,3,3,71,999,0,0,0,0,0,0,0,0,0,0,0,0,0,0,2,2,40,2,1,2,1,0,0,14,13,1,1,4,1,1,1
12,120622,1,3,1,22,4,15,45,12,6,1,0,12,2,52,34,52034,4,1999,4A3AA46G9XE0,4,A,3,A,A,4,6,G,9,X,E,0,0,P,MITS,GES,4D,99,17,2935,,0,1037,,G,,0,0,000000000,00000000000,0,0,0,1,0,0,0,0,0,0,0,45,0,0,0,11,11,6,2,12,0,0,0,1,12,33463,6,1,0,0,3,0,68,999,0,2,0,0,1,11,2007,3,2009,0,0,0,0,0,2,3,45,1,1,2,1,3,3,1,10,1,1,2,64,0,0
12,120622,2,3,2,22,4,15,45,12,6,1,0,12,1,12,422,12422,15,2005,1FMPU15515LA,1,F,M,P,U,1,5,5,1,5,L,A,0,P,FORD,EPT,UT,5,17,5352,,0,1191,,G,,0,0,000000000,00000000000,0,0,0,1,0,0,0,0,0,0,0,0,0,0,0,11,11,6,2,12,0,0,0,1,12,33464,6,1,6,0,3,0,64,999,0,0,0,0,0,0,0,0,0,0,0,0,0,0,2,3,45,1,1,2,1,3,3,5,62,1,1,1,65,1,0
12,120622,3,3,1,22,4,15,45,12,6,1,0,12,1,49,32,49032,4,1994,JT2AE04B4R00,J,T,2,A,E,0,4,B,4,R,0,0,0,P,TOYT,COA,4D,94,17,2359,,0,970,,G,,0,0,000000000,00000000000,0,0,0,1,0,0,0,0,0,0,0,0,0,0,0,11,11,6,2,12,0,0,0,1,12,33415,6,1,0,0,3,3,61,999,0,0,0,0,0,0,0,0,0,0,0,0,0,0,2,3,45,1,1,2,1,3,3,5,62,1,1,1,98,0,0
12,120623,1,3,1,24,4,23,10,12,1,1,0,12,2,34,402,34402,14,2004,WBXPA73464WC,W,B,X,P,A,7,3,4,6,4,W,C,0,P,BMW,BX3,UT,4,17,4001,,0,1101,,G,,0,0,000000000,00000000000,0,0,0,1,0,0,0,0,0,0,0,999,0,0,0,12,12,6,2,12,0,0,0,1,12,32822,0,0,0,0,0,0,69,999,0,2,0,0,0,6,2007,12,2007,0,39,0,0,0,2,3,40,1,1,2,1,3,3,1,50,1,1,1,20,0,0
12,120623,2,3,3,24,4,23,10,12,1,1,0,6,1,34,34,34034,2,2000,WBABM3343YJN,W,B,A,B,M,3,3,4,3,Y,J,N,0,P,BMW,3CI,CP,0,17,3153,,0,1073,,G,,0,0,000000000,00000000000,0,0,0,1,0,0,0,0,0,0,0,0,0,0,0,6,6,6,2,12,0,0,0,1,12,32804,6,1,0,0,3,3,70,999,0,0,0,0,0,0,0,0,0,0,0,0,0,0,2,3,40,1,1,2,1,3,3,5,53,1,1,1,21,2,0
12,120623,3,3,2,24,4,23,10,12,1,1,0,12,3,55,36,55036,4,2010,KMHCN4AC7AU4,K,M,H,C,N,4,A,C,7,A,U,4,0,P,HYUN,ALS,4D,10,17,2365,,0,984,,G,,0,0,000000000,00000000000,0,0,0,1,0,0,0,0,0,0,0,0,0,0,0,10,10,6,2,12,0,0,0,1,13,30022,6,1,0,0,3,3,64,126,98,0,0,0,0,0,0,0,0,0,0,0,0,0,2,3,40,1,1,2,1,3,3,5,60,1,1,1,98,0,0
12,120624,1,2,1,10,4,17,40,12,6,1,0,12,1,35,32,35032,2,1997,1N4AB42D6VC5,1,N,4,A,B,4,2,D,6,V,C,5,0,P,NISS,2SE,CP,97,17,2252,,0,998,,G,,0,0,000000000,00000000000,0,0,0,1,0,0,0,0,0,0,0,5,0,0,0,10,10,6,9,12,0,0,0,1,12,34471,6,1,0,0,3,0,64,999,1,0,0,0,1,8,2008,9,2008,0,38,0,0,0,2,2,55,1,2,2,1,28,3,10,16,1,1,1,78,0,0
12,120624,2,2,1,10,4,17,40,12,6,1,0,12,1,37,709,37709,80,2006,1HFSC47F06A5,1,H,F,S,C,4,7,F,0,6,A,5,0,M,HOND,GL8,RS,6,17,,,,,,,1832,0,0,000000000,00000000000,0,0,0,1,0,0,0,0,0,0,0,55,0,0,0,12,12,6,2,12,0,0,0,1,12,34472,6,1,0,0,3,0,71,999,0,0,0,0,0,0,0,0,0,0,0,0,0,0,2,2,55,1,2,2,1,28,3,1,70,1,1,1,79,1,0
12,120625,1,1,1,16,4,6,28,8,0,1,0,12,3,90,981,90981,50,2002,1BAGBCPA42F2,1,B,A,G,B,C,P,A,4,2,F,2,0,U,,,,2,17,,,,,,,,0,77,777777777,77777777777,3,21,22,1,0,0,0,0,1,0,0,15,0,0,0,1,1,4,3,8,0,0,0,1,12,33010,6,1,6,3,3,3,64,999,0,0,0,0,0,0,0,0,0,0,38,0,0,0,1,4,30,1,1,2,1,3,3,10,80,1,1,1,13,0,0
12,120626,1,1,1,16,4,23,56,42,0,1,0,12,2,12,16,12016,4,1991,2FACP74F6MX1,2,F,A,C,P,7,4,F,6,M,X,1,0,P,FORD,CVL,4D,91,17,3841,,0,1143,,G,,0,0,000000000,00000000000,0,0,0,1,0,0,0,0,0,0,0,70,0,0,0,12,12,6,2,42,0,0,0,1,12,32159,0,0,0,0,0,0,999,999,0,0,0,0,0,0,0,0,0,1,0,0,0,0,1,2,45,1,1,2,1,28,3,1,12,1,1,4,6,1,1
12,120627,1,1,1,20,4,13,21,42,0,1,0,12,1,49,40,49040,4,2010,4T1BF3EK6AU5,4,T,1,B,F,3,E,K,6,A,U,5,0,P,TOYT,CBA,4D,10,17,3263,,0,1093,,G,,0,0,000000000,00000000000,0,0,0,1,0,0,0,0,0,0,0,45,0,0,0,12,12,6,2,42,0,0,0,1,12,33433,6,1,0,0,3,3,61,999,0,0,0,0,0,0,0,0,0,0,36,0,0,0,3,3,45,1,1,2,1,0,0,1,12,1,1,4,6,1,0
12,120628,1,2,1,21,4,18,18,12,6,1,0,12,1,53,706,53706,80,2008,JS1GT77A4821,J,S,1,G,T,7,7,A,4,8,2,1,0,M,SUZI,XR1,RS,8,17,,,,,,,999,0,0,000000000,00000000000,0,0,0,1,0,0,0,0,0,0,0,79,0,0,0,11,11,6,2,12,0,0,0,1,12,34479,0,0,0,0,0,0,75,999,0,5,0,5,1,6,2007,12,2009,1,0,0,0,0,1,4,40,1,1,2,1,20,3,1,67,3,1,1,83,1,0
12,120628,2,2,1,21,4,18,18,12,6,1,0,12,1,35,47,35047,4,2007,1N4AL21E77N4,1,N,4,A,L,2,1,E,7,7,N,4,0,P,NISS,ATS,4D,7,17,3042,,0,1093,,G,,0,0,000000000,00000000000,0,0,0,1,0,0,0,0,0,0,0,10,0,0,0,8,8,6,2,12,0,0,0,1,12,34202,6,1,0,0,3,3,63,999,0,0,0,0,0,0,0,0,0,0,38,0,0,0,1,4,30,1,1,2,1,20,3,11,15,1,1,1,82,0,0
12,120629,1,1,1,25,4,13,5,42,0,1,0,12,2,12,17,12017,4,2009,1FMDK03W59GA,1,F,M,D,K,0,3,W,5,9,G,A,0,P,FORD,TRX,UT,9,17,3959,,0,1129,,G,,0,0,000000000,00000000000,0,0,0,1,0,0,0,0,0,0,0,70,0,0,0,12,12,6,2,42,0,0,0,1,12,32423,6,1,0,0,3,0,80,999,0,0,0,0,0,0,0,0,0,0,36,0,0,0,1,2,55,1,1,2,1,0,0,1,12,1,1,4,6,1,1
12,120630,1,1,1,27,4,19,47,1,0,1,0,12,2,12,471,12471,30,2002,1FTYR10UX2PA,1,F,T,Y,R,1,0,U,X,2,P,A,0,T,FORD,RNG,PK,2,17,,1,1175,1116,RNG,G,,0,0,000000000,00000000000,0,0,0,1,0,0,0,0,0,0,0,65,0,1,2,0,0,6,2,1,0,0,0,1,12,32246,6,1,0,0,3,0,73,999,0,0,0,0,0,0,0,0,0,0,36,0,0,0,6,1,65,1,1,2,1,0,0,1,12,1,1,4,6,1,1