STATE,ST_CASE,VEH_NO,VE_FORMS,NUMOCCS,DAY,MONTH,HOUR,MINUTE,HARM_EV,MAN_COLL,UNITTYPE,HIT_RUN,REG_STAT,OWNER,MAKE,MODEL,MAK_MOD,BODY_TYP,MOD_YEAR,VIN,VIN_1,VIN_2,VIN_3,VIN_4,VIN_5,VIN_6,VIN_7,VIN_8,VIN_9,VIN_10,VIN_11,VIN_12,TOW_VEH,VINTYPE,VINMAKE,VINA_MOD,VIN_BT,VINMODYR,VIN_LNGT,VIN_WGT,WGTCD_TR,WHLBS_LG,WHLBS_SH,SER_TR,FUELCODE,MCYCL_DS,J_KNIFE,MCARR_I1,MCARR_I2,MCARR_ID,GVWR,V_CONFIG,CARGO_BT,HAZ_INV,HAZ_PLAC,HAZ_ID,HAZ_CNO,HAZ_REL,BUS_USE,SPEC_USE,EMER_USE,TRAV_SP,UNDERIDE,ROLLOVER,ROLINLOC,IMPACT1,IMPACT2,DEFORMED,TOWED,M_HARM,VEH_SC1,VEH_SC2,FIRE_EXP,DR_PRES,L_STATE,DR_ZIP,L_STATUS,L_TYPE,CDL_STAT,L_ENDORS,L_COMPL,L_RESTRI,DR_HGT,DR_WGT,PREV_ACC,PREV_SUS,PREV_DWI,PREV_SPD,PREV_OTH,FIRST_MO,FIRST_YR,LAST_MO,LAST_YR,SPEEDREL,DR_SF1,DR_SF2,DR_SF3,DR_SF4,VTRAFWAY,VNUM_LAN,VSPD_LIM,VALIGN,VPROFILE,VPAVETYP,VSURCOND,VTRAFCON,VTCONT_F,P_CRASH1,P_CRASH2,P_CRASH3,PCRASH4,PCRASH5,ACC_TYPE,DEATHS,DR_DRINK
12,120666,2,2,1,13,4,16,16,53,0,1,0,12,1,35,43,35043,4,2006,3N1CB51D16L6,3,N,1,C,B,5,1,D,1,6,L,6,0,P,NISS,S18,4D,6,17,2509,,0,998,,G,,0,0,000000000,00000000000,0,0,0,1,0,0,0,0,0,0,0,999,0,0,0,9,3,6,9,12,0,0,0,1,12,32309,6,1,0,0,3,3,69,999,0,0,0,0,0,0,0,0,0,0,0,0,0,0,1,2,30,2,2,2,1,28,3,10,16,1,1,1,98,1,0
12,120668,1,2,1,22,4,8,10,12,6,1,0,12,1,55,35,55035,4,2006,KMHDN46D06U2,K,M,H,D,N,4,6,D,0,6,U,2,0,P,HYUN,GTL,4D,6,17,2784,,0,1027,,G,,0,0,000000000,00000000000,0,0,0,1,0,0,0,0,0,0,0,999,0,0,0,12,12,6,2,12,0,0,0,1,12,33859,6,1,0,0,3,0,64,999,0,0,0,0,0,0,0,0,0,0,38,0,0,0,1,2,45,1,1,2,1,20,3,1,17,1,1,1,88,1,0
12,120668,2,2,1,22,4,8,10,12,6,1,0,12,3,82,981,82981,50,2009,4UZABRDJ99CA,4,U,Z,A,B,R,D,J,9,9,C,A,0,T,FRHT,B2B,IC,9,17,,7,0,0,CHA,D,,0,77,777777777,77777777777,3,21,22,1,0,0,0,0,1,0,0,999,0,0,0,10,10,6,2,12,0,0,0,1,12,33853,6,1,6,3,3,3,70,999,0,1,0,0,0,2,2008,2,2008,0,0,0,0,0,1,2,40,1,1,2,1,20,3,1,66,1,1,1,89,0,0
12,120669,1,2,1,24,4,7,37,12,6,1,0,12,1,49,32,49032,4,1991,1NXAE94A4M21,1,N,X,A,E,9,4,A,4,M,2,1,0,P,TOYT,CDF,4D,91,17,2394,,0,957,,G,,0,0,000000000,00000000000,0,0,0,1,0,0,0,0,0,0,0,10,0,0,0,1,1,4,3,12,0,0,0,1,12,33125,6,1,0,0,3,3,63,999,0,0,0,0,0,0,0,0,0,0,38,0,0,0,2,5,30,1,1,2,1,28,3,11,15,1,1,1,68,1,0
12,120669,2,2,1,24,4,7,37,12,6,1,0,12,1,49,40,49040,4,2010,4T1BF3EK7AU5,4,T,1,B,F,3,E,K,7,A,U,5,0,P,TOYT,CBA,4D,10,17,3263,,0,1093,,G,,0,0,000000000,00000000000,0,0,0,1,0,0,0,0,0,0,0,30,0,0,0,12,12,6,2,12,0,0,0,1,6,91786,6,1,0,0,3,0,67,999,0,0,0,0,0,0,0,0,0,0,0,0,0,0,1,5,30,1,1,2,1,28,3,1,66,1,1,1,69,0,0
12,120670,1,1,1,24,4,23,10,33,0,1,0,12,2,59,36,59036,1,2002,JTHFN48YX200,J,T,H,F,N,4,8,Y,X,2,0,0,0,P,LEXS,S43,CV,2,17,3840,,0,1031,,G,,0,0,000000000,00000000000,0,0,0,1,0,0,0,0,0,0,0,999,0,0,0,12,12,6,2,46,0,0,0,1,12,32127,1,1,0,0,2,0,68,999,0,5,1,0,0,10,2007,6,2008,1,36,0,0,0,2,2,45,2,1,2,1,3,3,14,12,1,1,4,6,1,1
12,120671,1,2,2,27,4,9,27,12,6,1,0,12,1,19,3,19003,4,1993,1G6CD53B5P42,1,G,6,C,D,5,3,B,5,P,4,2,0,P,CADI,DFW,4D,93,17,3424,,0,1138,,G,,0,0,000000000,00000000000,0,0,0,1,0,0,0,0,0,0,0,999,0,0,0,9,9,6,2,12,0,0,0,1,12,32225,6,1,0,0,3,3,69,999,0,0,0,0,0,0,0,0,0,0,39,0,0,0,1,4,30,1,1,2,1,3,3,1,17,1,1,1,89,1,0
12,120671,2,2,1,27,4,9,27,12,6,1,0,12,3,20,882,20882,61,2005,J8BB4B165570,J,8,B,B,4,B,1,6,5,5,7,0,0,T,CHEV,W35,TB,5,17,,3,1760,1090,350,D,,0,77,777777777,77777777777,2,1,96,1,0,0,0,0,0,0,0,999,0,0,0,12,12,6,2,12,0,0,0,1,12,32211,6,1,6,0,3,3,70,999,0,0,0,0,0,0,0,0,0,0,0,0,0,0,1,4,35,1,1,2,1,3,3,1,66,1,1,1,88,0,0
12,120672,1,1,1,27,4,19,17,9,0,1,0,12,2,45,31,45031,2,2007,WP0AB29907S7,W,P,0,A,B,2,9,9,0,7,S,7,0,P,PORS,9NS,CP,7,17,3250,,0,925,,G,,0,0,000000000,00000000000,0,0,0,1,0,0,0,0,0,0,0,45,0,0,0,12,12,6,8,9,0,0,0,1,12,34134,6,1,0,0,3,3,63,999,0,1,0,0,1,5,2009,6,2009,0,0,0,0,0,2,3,45,1,1,2,1,0,0,1,83,1,1,1,13,0,0
12,120673,1,1,1,28,4,20,25,8,0,1,0,12,2,21,21,21021,4,2000,1G3NK52T7YC3,1,G,3,N,K,5,2,T,7,Y,C,3,0,P,OLDS,AGX,4D,0,17,3022,,0,1070,,G,,0,0,000000000,00000000000,0,0,0,1,0,0,0,0,0,0,0,30,0,0,0,12,12,4,1,8,0,0,0,1,12,33462,6,1,0,0,3,0,62,999,0,5,0,1,1,2,2008,11,2009,0,0,0,0,0,1,2,35,1,1,2,1,28,3,1,80,1,1,1,13,0,0
12,120674,1,1,1,28,4,2,30,42,0,1,0,12,1,24,7,24007,4,2004,1G8AM12F04Z1,1,G,8,A,M,1,2,F,0,4,Z,1,0,P,STRN,SI2,C4,4,17,2775,,0,1032,,G,,0,0,000000000,00000000000,0,0,0,1,0,0,0,0,0,0,0,999,0,0,0,11,9,6,2,42,0,0,0,1,12,32129,6,1,0,0,3,3,72,999,1,1,0,1,5,2,2008,11,2009,1,36,0,0,0,1,2,35,2,1,2,1,28,3,14,13,1,2,4,2,1,1
12,120675,1,1,5,28,4,21,14,8,0,1,0,12,1,49,472,49472,30,2002,5TEGN92N32Z0,5,T,E,G,N,9,2,N,3,2,Z,0,0,T,TOYT,DCP,CW,2,17,,1,0,1219,TAC,G,,0,0,000000000,00000000000,0,0,0,1,0,0,0,0,0,0,0,44,0,0,0,12,12,6,2,8,0,0,0,1,12,33036,6,1,0,0,3,0,70,999,0,0,0,0,0,0,0,0,0,0,0,0,0,0,2,2,50,1,1,2,1,28,3,1,80,1,1,1,13,0,0
12,120676,1,1,1,30,4,18,26,1,0,1,0,12,2,18,7,18007,4,1989,1G4AH51N1KT4,1,G,4,A,H,5,1,N,1,K,T,4,0,P,BUIC,CCU,4D,89,17,2725,,0,1049,,G,,0,0,000000000,00000000000,0,0,0,1,0,0,0,0,0,0,0,999,0,1,5,0,81,6,2,1,0,0,0,1,12,33811,6,1,0,0,3,0,66,999,0,0,0,2,0,5,2009,12,2009,9,36,0,0,0,1,2,40,2,1,2,1,28,3,14,12,99,4,4,7,1,0
12,120677,1,1,1,30,4,4,40,1,0,1,0,12,1,12,37,12037,4,2000,1FAFP3430YW2,1,F,A,F,P,3,4,3,0,Y,W,2,0,P,FORD,FSS,4D,0,17,2564,,0,1030,,G,,0,0,000000000,00000000000,0,0,0,1,0,0,0,0,0,0,0,55,0,1,5,0,0,6,2,3,0,0,0,1,12,33430,6,1,0,0,3,3,66,999,0,0,0,0,0,0,0,0,0,0,0,0,0,0,3,2,65,1,1,2,1,28,3,1,13,99,9,4,2,1,0
12,120678,1,2,1,30,4,23,35,8,0,1,0,12,2,52,46,52046,4,2009,JA3AU16U09U0,J,A,3,A,U,1,6,U,0,9,U,0,0,P,MITS,LDE,4D,9,17,2922,,0,1037,,G,,0,0,000000000,00000000000,0,0,0,1,0,0,0,0,0,0,0,55,0,0,0,12,12,6,2,8,0,0,0,1,12,34606,6,1,0,0,3,0,67,999,0,0,0,0,0,0,0,0,0,0,0,0,0,0,2,3,55,1,1,2,1,28,3,1,80,1,1,1,13,0,0
12,120678,2,2,2,30,4,23,35,8,0,1,0,12,1,35,39,35039,4,2006,1N4BA41E36C8,1,N,4,B,A,4,1,E,3,6,C,8,0,P,NISS,MEL,4D,6,17,3359,,0,1112,,G,,0,0,000000000,00000000000,0,0,0,1,0,0,0,0,0,0,0,40,0,0,0,14,14,4,1,8,0,0,0,1,12,34607,6,1,0,0,3,3,65,999,0,0,0,1,0,10,2007,10,2007,0,0,0,0,0,2,3,55,1,1,2,1,28,3,1,80,7,1,2,98,0,0
12,120679,1,2,2,30,4,19,15,12,2,1,0,12,1,6,52,6052,6,2006,3C3HY75S96T2,3,C,3,H,Y,7,5,S,9,6,T,2,0,P,CHRY,GTP,CV,6,17,3429,,0,1030,,G,,0,0,000000000,00000000000,0,0,0,1,0,0,0,0,0,0,0,25,0,0,0,12,12,6,2,12,0,0,0,1,12,34655,6,1,0,0,3,0,68,999,0,0,0,0,0,0,0,0,0,0,38,36,0,0,1,2,55,1,1,2,1,3,3,11,15,1,1,1,68,1,1
12,120679,2,2,1,30,4,19,15,12,2,1,0,12,1,20,481,20481,31,1998,1GCGC33J5WF0,1,G,C,G,C,3,3,J,5,W,F,0,0,T,CHEV,GC3,CW,98,17,,2,0,1685,GM4,G,,0,0,000000000,00000000000,0,0,0,1,0,0,0,0,0,0,0,45,0,0,0,12,12,6,2,12,0,0,0,1,12,34610,6,1,0,0,3,0,72,999,0,0,0,0,0,0,0,0,0,0,0,0,0,0,2,3,55,1,1,2,1,3,3,1,62,1,1,1,69,0,0
12,120680,1,2,1,1,5,2,25,12,2,1,0,12,2,49,482,49482,31,2004,5TBDT44134S4,5,T,B,D,T,4,4,1,3,4,S,4,0,T,TOYT,DBS,CW,4,17,,2,0,1283,TUN,G,,0,0,000000000,00000000000,0,0,0,1,0,0,0,0,0,0,0,60,0,0,0,12,11,6,2,12,0,0,0,1,12,32097,6,1,0,0,3,3,74,999,0,0,0,1,1,9,2007,6,2009,0,28,0,0,0,1,2,60,1,1,2,2,28,3,1,10,1,1,2,50,0,1
12,120680,2,2,3,1,5,2,25,12,2,1,0,12,1,37,32,37032,2,2004,1HGCM71224A0,1,H,G,C,M,7,1,2,2,4,A,0,0,P,HOND,ULX,CP,4,17,2994,,0,1051,,G,,0,0,000000000,00000000000,0,0,0,1,0,0,0,0,0,0,0,65,0,0,0,12,11,6,2,12,0,0,0,1,12,32256,6,1,0,0,3,3,73,999,0,0,0,1,0,9,2007,9,2007,0,0,0,0,0,1,2,65,1,1,2,2,28,3,1,62,1,1,1,51,1,0
12,120681,1,3,1,1,5,5,42,12,2,1,0,42,1,2,404,2404,14,2000,1J4FF68S7YL1,1,J,4,F,F,6,8,S,7,Y,L,1,0,T,JEEP,LIM,4W,0,17,,1,0,1014,CHK,G,,0,0,000000000,00000000000,0,0,0,1,0,0,0,0,0,0,0,55,0,0,0,12,12,6,2,12,0,0,0,1,42,19026,6,1,0,0,3,0,68,999,0,0,0,0,0,0,0,0,0,0,51,0,0,0,3,3,55,1,1,2,2,28,3,1,54,6,1,1,52,0,1
12,120681,2,3,1,1,5,5,42,12,2,1,0,12,1,6,43,6043,1,2005,1C3EL55R95N5,1,C,3,E,L,5,5,R,9,5,N,5,0,P,CHRY,STO,CV,5,17,3276,,0,1060,,G,,0,0,000000000,00000000000,0,0,0,1,0,0,0,0,0,0,0,55,0,0,0,12,12,6,2,12,0,0,0,1,12,32566,6,1,0,0,3,0,75,999,0,0,0,0,0,0,0,0,0,0,0,0,0,0,0,0,0,0,0,0,0,28,3,1,54,7,1,1,52,1,0
12,120681,3,3,1,1,5,5,42,12,2,1,0,12,1,53,405,53405,14,2005,JS3TY92V5541,J,S,3,T,Y,9,2,V,5,5,4,1,0,P,SUZI,XL7,UT,5,17,3582,,0,1102,,G,,0,0,000000000,00000000000,0,0,0,1,0,0,0,0,0,0,0,55,0,0,0,12,12,6,2,12,0,0,0,1,12,32503,6,1,0,0,3,0,70,999,0,0,0,1,0,3,2009,3,2009,0,0,0,0,0,3,3,55,1,1,2,2,28,3,1,51,8,1,1,98,0,0
12,120682,1,1,1,2,5,9,16,1,0,1,0,12,1,37,709,37709,80,2007,JH2PC40087M0,J,H,2,P,C,4,0,0,8,7,M,0,0,M,HOND,B60,RS,7,17,,,,,,,599,0,0,000000000,00000000000,0,0,0,1,0,0,0,0,0,0,0,70,0,0,0,0,0,6,2,1,0,0,0,1,12,33578,6,1,0,0,3,3,72,999,0,0,0,0,0,0,0,0,0,0,36,0,0,0,3,2,70,2,1,2,1,28,3,14,12,1,1,4,6,1,0
12,120684,1,2,1,2,5,22,0,12,6,1,0,12,2,58,35,58035,4,2000,JNKCA31A4YT2,J,N,K,C,A,3,1,A,4,Y,T,2,0,P,INFI,I30,4D,0,17,3227,,0,1063,,G,,0,0,000000000,00000000000,0,0,0,1,0,0,0,0,0,0,0,10,0,0,0,4,4,4,1,12,0,0,0,1,12,32812,6,1,0,0,3,0,76,999,0,0,0,0,2,6,2008,10,2009,0,38,0,0,0,2,2,40,1,1,2,1,3,3,11,15,1,1,2,68,0,0
12,120684,2,2,1,2,5,22,0,12,6,1,0,12,1,53,703,53703,83,2005,VTTNJ48A8521,V,T,T,N,J,4,8,A,8,5,2,1,0,M,SUZI,GZ2,RS,5,17,,,,,,,249,0,0,000000000,00000000000,0,0,0,1,0,0,0,0,0,0,0,40,0,0,0,12,12,6,2,12,0,0,0,1,12,32812,6,1,0,0,3,0,69,999,1,2,0,1,1,10,2008,2,2009,1,0,0,0,0,2,2,40,1,1,2,1,3,3,1,67,1,1,1,69,1,0
12,120685,1,4,1,3,5,20,40,12,6,1,0,45,1,49,44,49044,1,2000,2T1FF22P2YC3,2,T,1,F,F,2,2,P,2,Y,C,3,0,P,TOYT,CEE,CV,0,17,3405,,0,1051,,G,,0,0,000000000,00000000000,0,0,0,1,0,0,0,0,0,0,0,65,0,0,0,12,12,6,2,12,0,0,0,1,45,29577,6,1,0,0,3,0,71,999,0,0,0,0,0,0,0,0,0,0,27,0,0,0,1,2,55,4,1,2,1,28,3,15,10,1,1,2,64,1,0
12,120685,2,4,2,3,5,20,40,12,6,1,0,12,3,63,32,63032,4,2010,KNADH4A31A66,K,N,A,D,H,4,A,3,1,A,6,6,0,P,KIA,5SX,4D,10,17,0,,0,0,,G,,0,0,000000000,00000000000,0,0,0,1,0,0,0,0,0,0,0,45,0,0,0,9,9,4,3,12,0,0,0,1,45,29715,6,1,0,0,3,0,74,999,0,0,0,0,0,0,0,0,0,0,0,0,0,0,1,2,55,1,1,2,1,28,3,1,62,1,1,1,65,0,0
12,120685,3,4,2,3,5,20,40,12,6,1,0,51,4,63,34,63034,4,2009,KNAGE228X953,K,N,A,G,E,2,2,8,X,9,5,3,0,P,KIA,OLE,4D,9,17,3157,,0,1071,,G,,0,0,000000000,00000000000,0,0,0,1,0,0,0,0,0,0,0,50,0,0,0,12,12,6,2,12,0,0,0,1,41,97381,6,1,0,0,3,0,68,999,0,0,0,0,0,0,0,0,0,0,0,0,0,0,1,2,55,1,1,2,1,28,3,1,60,1,1,1,98,0,0
12,120685,4,4,2,3,5,20,40,12,6,1,0,12,1,12,481,12481,31,1992,1FTEF14Y9NNA,1,F,T,E,F,1,4,Y,9,N,N,A,0,T,FORD,F15,PK,92,17,,2,1330,1170,COF,G,,0,0,000000000,00000000000,0,0,0,1,0,0,0,0,0,0,0,50,0,0,0,12,12,6,2,12,0,0,0,1,12,33040,6,1,6,0,3,0,70,999,0,0,0,0,0,0,0,0,0,0,0,0,0,0,1,2,55,1,1,2,1,28,3,1,54,1,1,1,98,0,1
12,120686,1,2,1,3,5,16,18,12,6,1,0,12,1,19,5,19005,2,1985,1G6EL5781FE6,1,G,6,E,L,5,7,8,1,F,E,6,0,P,CADI,ELD,CP,85,17,3627,,0,1140,,G,,0,0,000000000,00000000000,0,0,0,1,0,0,0,0,0,0,0,10,0,0,0,9,9,6,2,12,0,0,0,1,12,32726,6,1,0,0,3,3,68,999,0,0,0,0,0,0,0,0,0,0,38,0,0,0,1,2,35,1,1,2,1,20,3,11,15,1,1,1,68,1,0
12,120686,2,2,1,3,5,16,18,12,6,1,0,12,2,20,481,20481,31,1994,1GNEC16K9RJ3,1,G,N,E,C,1,6,K,9,R,J,3,0,P,CHEV,C15,UT,94,17,4672,,0,1315,,G,,0,0,000000000,00000000000,0,0,0,1,0,0,0,0,0,0,0,35,0,0,0,12,12,6,2,12,0,0,0,1,12,32777,6,1,0,0,3,0,66,999,0,0,0,0,0,0,0,0,0,0,0,0,0,0,1,2,35,1,1,2,1,20,3,1,67,1,1,1,69,0,0
12,120687,1,2,1,3,5,18,8,12,1,1,0,12,1,37,32,37032,4,1996,1HGCD5633TA2,1,H,G,C,D,5,6,3,3,T,A,2,0,P,HOND,ULE,4D,96,17,2864,,0,1069,,G,,0,0,000000000,00000000000,0,0,0,1,0,0,0,0,0,0,0,45,0,0,0,12,12,4,1,12,0,0,0,1,12,34434,6,1,0,0,3,0,68,999,0,0,0,0,1,10,2009,10,2009,0,36,0,0,0,1,2,55,1,1,2,1,28,3,1,52,1,1,1,28,0,0
12,120687,2,2,1,3,5,18,8,12,1,1,0,12,1,37,706,37706,80,2003,1HFSC52073A0,1,H,F,S,C,5,2,0,7,3,A,0,0,M,HOND,V13,RS,3,17,,,,,,,1312,0,0,000000000,00000000000,0,0,0,1,0,0,0,0,0,0,0,15,0,0,0,6,6,6,2,1,0,0,0,1,12,34428,6,1,0,0,3,3,68,999,0,0,0,0,0,0,0,0,0,0,0,0,0,0,1,2,55,1,1,2,1,28,3,2,53,1,1,1,29,1,0
12,120688,1,2,3,3,5,18,2,24,0,1,0,17,1,32,42,32042,4,1998,WAUBA34B4WN1,W,A,U,B,A,3,4,B,4,W,N,1,0,P,AUDI,A6Q,4D,98,17,3603,,0,1086,,G,,0,0,000000000,00000000000,0,0,0,1,0,0,0,0,0,0,0,70,0,0,0,1,3,6,2,12,0,0,0,1,17,61111,6,1,0,0,3,0,61,122,0,0,0,2,0,12,2007,12,2009,0,36,0,0,0,3,2,70,1,1,2,1,28,3,1,51,6,1,4,3,1,0
12,120688,2,2,1,3,5,18,2,24,0,1,0,12,3,82,883,82883,66,2001,1FUJA6CG21PG,1,F,U,J,A,6,C,G,2,1,P,G,1,T,FRHT,COL,DS,1,17,,8,0,0,CON,D,,1,77,777777777,77777777777,3,6,1,1,0,0,0,0,0,0,0,70,0,0,0,12,10,6,2,12,0,0,0,1,12,32333,6,1,6,0,3,0,66,999,0,0,0,0,0,0,0,0,0,0,0,0,0,0,3,2,70,1,1,2,1,28,3,1,61,6,1,1,98,0,0
12,120689,1,2,1,3,5,12,10,12,6,1,0,12,1,7,43,7043,4,2000,1B3EJ56H1YN2,1,B,3,E,J,5,6,H,1,Y,N,2,0,P,DODG,STS,4D,0,17,3057,,0,1080,,G,,0,0,000000000,00000000000,0,0,0,1,0,0,0,0,0,0,0,70,0,0,0,11,11,6,2,12,0,0,0,1,12,33024,6,1,0,0,3,3,63,999,0,0,0,0,0,0,0,0,0,0,36,0,0,0,2,2,70,1,1,2,1,28,3,1,12,6,4,6,64,1,0
12,120689,2,2,1,3,5,12,10,12,6,1,0,12,3,84,881,84881,62,2003,1HTMMAAL13H5,1,H,T,M,M,A,A,L,1,3,H,5,1,T,INTL,430,CC,3,17,,6,0,0,40S,D,,1,77,777777777,77777777777,2,2,98,1,0,0,0,0,0,0,0,68,0,0,0,10,10,6,2,12,0,0,0,1,12,32141,6,1,6,0,3,0,69,999,0,0,0,1,0,6,2008,6,2008,0,0,0,0,0,2,2,70,1,1,2,1,28,3,1,62,7,1,1,65,0,0
12,120690,1,1,1,3,5,8,43,21,0,1,0,12,1,48,34,48034,6,2005,4S4BP68C3543,4,S,4,B,P,6,8,C,3,5,4,3,0,P,SUBA,OXT,SW,5,17,3415,,0,1051,,G,,0,0,000000000,00000000000,0,0,0,1,0,0,0,0,0,0,0,45,0,0,0,12,12,6,2,21,0,0,0,1,12,33982,6,1,0,0,3,0,67,999,0,0,0,0,0,0,0,0,0,0,36,0,0,0,1,2,45,2,1,2,1,0,0,14,12,1,4,4,7,1,0
12,120691,1,1,1,4,5,7,7,42,0,1,0,12,1,49,482,49482,31,2006,5TBET34116S5,5,T,B,E,T,3,4,1,1,6,S,5,0,T,TOYT,DBS,CW,6,17,,2,0,1283,TUN,G,,0,0,000000000,00000000000,0,0,0,1,0,0,0,0,0,0,0,70,0,0,0,9,9,6,2,42,0,0,0,1,12,32503,6,1,0,0,3,0,66,999,0,0,0,0,0,0,0,0,0,0,36,0,0,0,2,2,70,3,1,2,2,28,3,14,13,6,3,4,2,1,0
12,120692,1,2,1,4,5,21,24,14,0,1,0,12,2,35,402,35402,14,2006,5N1AN08U96C5,5,N,1,A,N,0,8,U,9,6,C,5,0,P,NISS,XTR,UT,6,17,4165,,0,1063,,G,,0,0,000000000,00000000000,0,0,0,1,0,0,0,0,0,0,0,65,0,0,0,12,18,6,2,14,0,0,0,1,12,33716,1,1,0,0,2,0,74,999,0,0,0,0,0,0,0,0,0,0,36,0,0,0,3,4,65,1,1,1,1,28,3,6,12,1,1,4,6,1,0
12,120692,3,2,1,4,5,21,24,14,0,1,0,12,1,35,47,35047,4,2000,1N4DL01D2YC2,1,N,4,D,L,0,1,D,2,Y,C,2,0,P,NISS,AGS,4D,0,17,2754,,0,1031,,G,,0,0,000000000,00000000000,0,0,0,1,0,0,0,0,0,0,0,65,0,0,0,81,81,4,1,54,0,0,0,1,12,33703,6,1,0,0,3,3,69,999,0,0,0,0,0,0,0,0,0,0,0,0,0,0,3,4,65,1,1,1,1,28,3,1,98,1,1,1,98,0,0
12,120693,1,1,1,4,5,99,99,8,0,1,1,99,9,99,999,99999,99,9999,999999999999,9,9,9,9,9,9,9,9,9,9,9,9,9,U,,,,9,17,,,,,,,,0,99,999999999,99999999999,9,99,99,1,0,0,0,0,99,99,9,999,0,0,0,99,99,9,1,8,99,99,0,1,99,99999,9,9,99,9,9,9,999,999,99,99,99,99,99,99,9999,99,9999,0,0,0,0,0,1,2,25,1,1,2,1,0,0,99,80,99,9,9,13,0,0
12,120694,1,2,1,4,5,7,41,12,6,1,1,12,2,37,32,37032,2,2005,1HGCM72635A0,1,H,G,C,M,7,2,6,3,5,A,0,0,P,HOND,UEX,CP,5,17,3124,,0,1051,,G,,0,0,000000000,00000000000,0,0,0,1,0,0,0,0,0,0,0,35,0,0,0,12,12,6,2,12,0,0,0,1,12,33174,6,1,0,0,3,0,69,999,0,0,0,1,0,8,2009,8,2009,0,36,39,38,51,2,4,35,1,1,2,1,3,3,1,17,1,1,1,86,0,0
12,120694,2,2,2,4,5,7,41,12,6,1,0,12,1,20,461,20461,21,2006,1GCGG25V5611,1,G,C,G,G,2,5,V,5,6,1,1,0,T,CHEV,E25,CG,6,17,,2,0,1350,EXP,G,,0,0,000000000,00000000000,0,0,0,1,0,0,0,0,0,0,0,40,0,1,1,3,3,6,2,12,0,0,0,1,12,33174,6,1,0,0,3,0,68,999,0,0,0,0,0,0,0,0,0,0,0,0,0,0,2,4,45,1,1,2,1,3,3,1,66,1,1,1,87,1,0
12,120695,1,1,1,5,5,9,55,8,0,1,1,12,1,7,482,7482,31,2005,1D7HA16N55J5,1,D,7,H,A,1,6,N,5,5,J,5,0,T,DODG,S15,PK,5,17,,2,1405,1205,RPC,G,,0,0,000000000,00000000000,0,0,0,1,0,0,0,0,0,0,0,55,0,0,0,12,12,4,3,8,0,0,0,1,12,33843,6,1,0,0,3,0,72,999,0,0,0,0,0,0,0,0,0,0,36,0,0,0,2,2,55,1,1,2,1,28,3,1,13,1,1,4,1,0,0
12,120696,1,1,1,6,5,2,30,24,0,1,0,12,1,72,706,72706,80,1999,1HD1FRW16XY6,1,H,D,1,F,R,W,1,6,X,Y,6,0,M,HD,FCI,RS,99,17,,,,,,,1450,0,0,000000000,00000000000,0,0,0,1,0,0,0,0,0,0,0,60,0,0,0,99,99,6,2,24,0,0,0,1,12,33325,6,1,0,0,3,0,75,999,1,0,0,0,0,12,2008,12,2008,1,0,0,0,0,1,2,45,2,1,2,1,0,0,14,12,1,1,4,6,1,0
12,120697,1,1,1,6,5,16,50,42,0,1,0,51,2,55,35,55035,4,2005,KMHDN46DX5U9,K,M,H,D,N,4,6,D,X,5,U,9,0,P,HYUN,EST,4D,5,17,2635,,0,1027,,G,,0,0,000000000,00000000000,0,0,0,1,0,0,0,0,0,0,0,81,0,0,0,3,3,6,2,42,0,0,0,1,51,23703,1,1,0,0,2,0,68,999,0,1,0,0,0,9,2009,9,2009,1,36,0,0,0,2,2,70,4,1,2,1,28,3,15,12,7,2,4,7,1,0
12,120698,1,3,3,6,5,23,50,8,0,1,1,12,2,23,471,23471,30,1998,1GTCS1442WK5,1,G,T,C,S,1,4,4,2,W,K,5,0,T,GMC,SON,PK,98,17,,1,1179,1083,SON,G,,0,0,000000000,00000000000,0,0,0,1,0,0,0,0,0,0,0,45,0,0,0,12,12,0,1,8,0,0,0,1,12,32533,0,0,0,0,0,0,999,999,0,0,0,0,0,0,0,0,0,0,36,0,0,0,1,2,45,1,1,2,1,28,3,1,80,1,1,1,13,0,0
12,120698,2,3,2,6,5,23,50,8,0,1,0,12,2,58,37,58037,4,2005,JNKCV51E55M2,J,N,K,C,V,5,1,E,5,5,M,2,0,P,INFI,G35,4D,5,17,3309,,0,1122,,G,,0,0,000000000,00000000000,0,0,0,1,0,0,0,0,0,0,0,45,0,0,0,14,14,4,3,8,0,0,0,1,12,32533,6,1,0,0,3,3,72,999,0,0,0,0,0,0,0,0,0,0,0,0,0,0,1,2,45,1,1,2,1,28,3,1,80,1,1,1,98,0,0
12,120698,3,3,1,6,5,23,50,8,0,1,0,12,1,37,32,37032,4,2002,1HGCG56792A0,1,H,G,C,G,5,6,7,9,2,A,0,0,P,HOND,USE,4D,2,17,3120,,0,1069,,G,,0,0,000000000,00000000000,0,0,0,1,0,0,0,0,0,0,0,45,0,0,0,14,14,4,3,8,0,0,0,1,12,32571,6,1,0,0,3,3,66,999,0,1,0,1,0,8,2008,9,2009,0,0,0,0,0,1,2,45,1,1,2,1,28,3,1,80,1,1,1,98,0,0