STATE,ST_CASE,VEH_NO,VE_FORMS,NUMOCCS,DAY,MONTH,HOUR,MINUTE,HARM_EV,MAN_COLL,UNITTYPE,HIT_RUN,REG_STAT,OWNER,MAKE,MODEL,MAK_MOD,BODY_TYP,MOD_YEAR,VIN,VIN_1,VIN_2,VIN_3,VIN_4,VIN_5,VIN_6,VIN_7,VIN_8,VIN_9,VIN_10,VIN_11,VIN_12,TOW_VEH,VINTYPE,VINMAKE,VINA_MOD,VIN_BT,VINMODYR,VIN_LNGT,VIN_WGT,WGTCD_TR,WHLBS_LG,WHLBS_SH,SER_TR,FUELCODE,MCYCL_DS,J_KNIFE,MCARR_I1,MCARR_I2,MCARR_ID,GVWR,V_CONFIG,CARGO_BT,HAZ_INV,HAZ_PLAC,HAZ_ID,HAZ_CNO,HAZ_REL,BUS_USE,SPEC_USE,EMER_USE,TRAV_SP,UNDERIDE,ROLLOVER,ROLINLOC,IMPACT1,IMPACT2,DEFORMED,TOWED,M_HARM,VEH_SC1,VEH_SC2,FIRE_EXP,DR_PRES,L_STATE,DR_ZIP,L_STATUS,L_TYPE,CDL_STAT,L_ENDORS,L_COMPL,L_RESTRI,DR_HGT,DR_WGT,PREV_ACC,PREV_SUS,PREV_DWI,PREV_SPD,PREV_OTH,FIRST_MO,FIRST_YR,LAST_MO,LAST_YR,SPEEDREL,DR_SF1,DR_SF2,DR_SF3,DR_SF4,VTRAFWAY,VNUM_LAN,VSPD_LIM,VALIGN,VPROFILE,VPAVETYP,VSURCOND,VTRAFCON,VTCONT_F,P_CRASH1,P_CRASH2,P_CRASH3,PCRASH4,PCRASH5,ACC_TYPE,DEATHS,DR_DRINK
12,120699,1,1,2,8,5,10,0,24,0,1,0,12,1,37,32,37032,4,2003,1HGCM56383A1,1,H,G,C,M,5,6,3,8,3,A,1,0,P,HOND,ULX,4D,3,17,3053,,0,1079,,G,,0,0,000000000,00000000000,0,0,0,1,0,0,0,0,0,0,0,70,0,0,0,12,12,6,2,3,0,0,0,1,12,34116,6,1,0,0,3,0,69,999,0,0,0,1,0,11,2007,11,2007,0,36,0,0,0,3,2,70,1,1,2,1,0,0,1,13,1,1,4,1,2,0
12,120700,1,1,1,8,5,5,0,8,0,1,1,99,9,99,999,99999,99,9999,999999999999,9,9,9,9,9,9,9,9,9,9,9,9,9,U,,,,9,17,,,,,,,,0,99,999999999,99999999999,9,99,99,1,0,0,0,0,99,99,9,999,0,0,0,99,99,9,9,99,99,99,0,1,99,99999,9,9,99,9,9,9,999,999,99,99,99,99,99,99,9999,99,9999,0,99,99,99,99,3,2,45,1,1,2,1,28,3,1,80,99,9,9,13,0,0
12,120701,1,2,1,8,5,22,58,12,6,1,0,12,1,20,481,20481,31,1994,1GBEC19K2RE1,1,G,B,E,C,1,9,K,2,R,E,1,0,T,CHEV,GC1,PC,94,17,,2,1555,1415,GM4,G,,0,0,000000000,00000000000,0,0,0,1,0,0,0,0,0,0,0,15,0,0,0,1,1,4,9,12,0,0,0,1,12,32504,6,1,0,0,3,0,68,999,0,0,0,0,0,0,0,0,0,0,38,48,0,0,2,2,45,1,2,2,1,3,3,11,15,1,1,1,68,0,0
12,120701,2,2,2,8,5,22,58,12,6,1,0,12,1,72,706,72706,80,2002,1HD1BXB192Y0,1,H,D,1,B,X,B,1,9,2,Y,0,0,M,HD,ISF,RS,2,17,,,,,,,1450,0,0,000000000,00000000000,0,0,0,1,0,0,0,0,0,0,0,45,0,0,0,12,12,6,9,12,0,0,0,1,12,32571,6,1,6,0,3,0,68,999,0,0,0,0,0,0,0,0,0,0,0,0,0,0,2,2,45,1,2,2,1,3,3,1,67,1,1,1,69,1,0
12,120702,1,2,2,9,5,9,20,12,6,1,0,12,1,12,461,12461,21,2000,1FMRE11W4YHA,1,F,M,R,E,1,1,W,4,Y,H,A,0,P,FORD,ECO,SV,0,17,5045,,0,1380,,G,,0,0,000000000,00000000000,0,0,0,1,0,0,0,0,0,0,0,3,0,0,0,3,3,4,1,12,0,0,0,1,12,32825,6,1,0,0,3,0,74,999,0,2,0,0,0,6,2009,6,2009,0,38,0,0,0,1,2,55,1,1,2,1,28,3,11,15,1,1,1,68,0,0
12,120702,2,2,1,9,5,9,20,12,6,1,0,12,1,37,705,37705,80,1995,JH2PC2114SM6,J,H,2,P,C,2,1,1,4,S,M,6,0,M,HOND,VT6,RS,95,17,,,,,,,600,0,0,000000000,00000000000,0,0,0,1,0,0,0,0,0,0,0,40,0,0,0,12,12,6,2,12,0,0,0,1,12,32819,6,1,6,0,3,0,72,999,0,0,0,0,0,0,0,0,0,0,38,0,0,0,5,4,55,1,1,2,1,28,3,1,67,1,1,1,69,1,0
12,120703,1,1,2,10,5,18,45,34,0,1,0,12,1,12,401,12401,14,2002,1FMZU67E32UD,1,F,M,Z,U,6,7,E,3,2,U,D,0,P,FORD,EPR,UT,2,17,4120,,0,1259,,G,,0,0,000000000,00000000000,0,0,0,1,0,0,0,0,0,0,0,60,0,1,2,14,14,6,2,1,0,0,0,1,12,34491,6,1,0,0,3,3,73,999,0,0,0,0,1,3,2009,3,2009,0,36,0,0,0,1,2,60,1,1,2,1,0,0,1,13,1,1,4,1,1,0
12,120704,1,2,1,10,5,7,52,12,6,1,0,12,2,23,481,23481,31,1998,1GTEC19M2WR5,1,G,T,E,C,1,9,M,2,W,R,5,0,T,GMC,SC1,PC,98,17,,2,1555,1415,SIE,G,,0,0,000000000,00000000000,0,0,0,1,0,0,0,0,0,0,0,60,0,1,2,3,3,6,2,12,0,0,0,1,12,33441,6,1,0,0,3,0,71,999,0,4,0,0,0,1,2008,9,2008,0,36,28,0,0,1,2,60,1,1,2,1,28,3,1,11,1,4,2,65,0,0
12,120704,2,2,2,10,5,7,52,12,6,1,0,12,2,14,6,14006,4,1993,2MELM74W6PX6,2,M,E,L,M,7,4,W,6,P,X,6,0,P,MERC,GMG,4D,93,17,3768,,0,1144,,G,,0,0,000000000,00000000000,0,0,0,1,0,0,0,0,0,0,0,60,0,0,0,12,12,6,2,12,0,0,0,1,12,34266,6,1,0,0,3,0,62,999,0,0,0,0,0,0,0,0,0,0,0,0,0,0,1,2,60,1,1,2,1,28,3,1,62,1,1,1,64,1,0
12,120705,1,3,1,4,5,11,49,12,6,1,0,12,1,49,471,49471,30,1994,4TARN01P3RZ2,4,T,A,R,N,0,1,P,3,R,Z,2,0,T,TOYT,SDX,PK,94,17,,1,0,1030,HTP,G,,0,0,000000000,00000000000,0,0,0,1,0,0,0,0,0,0,0,2,0,0,0,9,9,4,1,12,0,0,0,1,12,32040,6,1,0,0,3,0,72,999,0,1,0,0,0,3,2009,3,2009,0,31,0,0,0,1,2,30,1,1,2,1,3,3,11,10,1,1,2,72,0,0
12,120705,2,3,1,4,5,11,49,12,6,1,0,12,1,53,706,53706,80,2003,JS1VS52A7321,J,S,1,V,S,5,2,A,7,3,2,1,0,M,SUZI,VS8,RS,3,17,,,,,,,805,0,0,000000000,00000000000,0,0,0,1,0,0,0,0,0,0,0,25,0,0,0,12,12,6,2,12,0,0,0,1,12,32234,6,1,6,0,3,3,69,999,0,0,0,0,0,0,0,0,0,0,0,0,0,0,1,2,30,1,1,2,1,3,3,1,51,6,1,1,73,1,0
12,120705,3,3,1,4,5,11,49,12,6,1,0,12,1,7,442,7442,20,2006,1D4GP25BX6B6,1,D,4,G,P,2,5,B,X,6,B,6,0,P,DODG,CAR,SV,6,17,3821,,0,1133,,G,,0,0,000000000,00000000000,0,0,0,1,0,0,0,0,0,0,0,0,0,0,0,7,7,4,1,12,0,0,0,1,12,32063,6,1,0,0,3,3,75,999,0,1,0,2,0,8,2007,2,2008,0,0,0,0,0,1,2,30,1,1,2,1,3,3,5,62,1,1,1,98,0,0
12,120707,1,3,1,18,2,14,10,12,6,1,0,12,2,9,442,9442,20,1999,2P4GP44R0XR2,2,P,4,G,P,4,4,R,0,X,R,2,0,P,PLYM,VOF,SV,99,17,3856,,0,1193,,G,,0,0,000000000,00000000000,0,0,0,1,0,0,0,0,0,0,0,60,0,0,0,12,12,6,2,12,0,0,0,1,12,32725,6,1,0,0,3,0,62,999,0,0,0,0,1,10,2008,10,2008,1,0,0,0,0,1,5,45,2,1,2,1,20,3,14,66,1,1,1,88,0,0
12,120707,2,3,1,18,2,14,10,12,6,1,0,12,1,24,6,24006,6,2002,1G8JW84R72Y5,1,G,8,J,W,8,4,R,7,2,Y,5,0,P,STRN,LW3,SW,2,17,3272,,0,1065,,G,,0,0,000000000,00000000000,0,0,0,1,0,0,0,0,0,0,0,15,0,0,0,9,9,6,2,12,0,0,0,1,12,32725,6,1,0,0,3,3,72,999,0,0,0,0,0,0,0,0,0,0,38,0,0,0,1,5,45,1,1,2,1,20,3,1,17,1,1,1,89,1,0
12,120707,3,3,2,18,2,14,10,12,6,1,0,12,1,22,20,22020,2,2001,1G2WP12KX1F2,1,G,2,W,P,1,2,K,X,1,F,2,0,P,PONT,GPG,CP,1,17,3429,,0,1105,,G,,0,0,000000000,00000000000,0,0,0,1,0,0,0,0,0,0,0,40,0,0,0,12,12,4,1,12,0,0,0,1,12,32725,6,1,0,0,3,0,66,999,0,0,0,0,0,0,0,0,0,0,0,0,0,0,1,5,45,2,1,2,1,20,3,14,62,1,1,1,98,0,0
12,120708,1,2,2,26,3,13,35,12,6,1,0,12,2,19,14,19014,4,1998,1G6KY5498WU9,1,G,6,K,Y,5,4,9,8,W,U,9,0,P,CADI,STS,4D,98,17,3922,,0,1122,,G,,0,0,000000000,00000000000,0,0,0,1,0,0,0,0,0,0,0,35,0,0,0,12,11,6,2,12,0,0,0,1,12,33786,6,1,0,0,3,3,64,999,0,0,0,0,0,0,0,0,0,0,39,0,0,0,1,4,35,1,1,2,1,3,3,1,17,1,1,1,86,1,0
12,120708,2,2,4,26,3,13,35,12,6,1,0,12,4,20,481,20481,31,2010,1GNUCJE07AR1,1,G,N,U,C,J,E,0,7,A,R,1,0,P,CHEV,C15,UT,10,17,5607,,0,1300,,F,,0,0,000000000,00000000000,0,0,0,1,0,0,0,0,0,0,0,15,0,0,0,82,1,6,2,12,0,0,0,1,49,84065,6,1,0,0,3,0,67,999,98,0,0,0,0,0,0,0,0,0,0,0,0,0,1,4,35,1,1,2,1,3,3,1,66,1,1,1,87,0,0
12,120709,1,1,1,4,5,22,0,8,0,1,1,12,1,35,402,35402,14,2006,5N1AN08U56C5,5,N,1,A,N,0,8,U,5,6,C,5,0,P,NISS,XTR,UT,6,17,4165,,0,1063,,G,,0,0,000000000,00000000000,0,0,0,1,0,0,0,0,0,0,0,10,0,0,0,12,12,4,3,8,0,0,0,1,12,32708,1,1,0,0,2,3,64,999,0,0,0,0,1,12,2008,12,2008,0,36,0,0,0,1,9,99,1,1,2,1,0,0,1,80,1,1,1,13,0,0
12,120710,1,1,1,7,5,0,21,14,0,1,0,12,1,76,709,76709,80,2009,JYARJ16E09A0,J,Y,A,R,J,1,6,E,0,9,A,0,0,M,YAMA,R6L,RC,9,17,,,,,,,599,0,0,000000000,00000000000,0,0,0,1,0,0,0,0,0,0,0,100,0,0,0,12,12,6,9,14,0,0,0,1,12,32086,6,1,0,0,3,0,71,999,0,0,0,0,0,0,0,0,0,1,36,39,0,0,2,2,25,1,2,2,1,20,3,1,13,1,1,4,11,1,1
12,120711,1,2,1,10,5,14,4,12,6,1,0,12,1,20,39,20039,5,2007,KL1TD666X7B7,K,L,1,T,D,6,6,6,X,7,B,7,0,P,CHEV,ABS,5D,7,17,2343,,0,976,,G,,0,0,000000000,00000000000,0,0,0,1,0,0,0,0,0,0,0,10,0,0,0,9,9,6,2,12,0,0,0,1,12,33570,6,1,0,0,3,3,69,999,0,0,0,0,0,0,0,0,0,0,38,0,0,0,1,2,40,1,1,2,1,20,3,11,15,1,1,1,68,1,0
12,120711,2,2,3,10,5,14,4,12,6,1,0,12,1,37,31,37031,4,2005,JHMES96665S0,J,H,M,E,S,9,6,6,6,5,S,0,0,P,HOND,CHY,4D,5,17,2661,,0,1032,,B,,0,0,000000000,00000000000,0,0,0,1,0,0,0,0,0,0,0,35,0,0,0,12,12,6,2,12,36,0,0,1,12,33570,6,1,0,0,3,0,65,999,1,0,0,0,1,7,2009,9,2009,0,0,0,0,0,1,2,40,1,1,2,1,20,3,1,67,1,1,1,69,0,0
12,120712,1,2,1,13,5,21,20,12,2,1,0,12,1,12,3,12003,2,2007,1ZVFT80N5752,1,Z,V,F,T,8,0,N,5,7,5,2,0,P,FORD,MUS,CP,7,17,3352,,0,1071,,G,,0,0,000000000,00000000000,0,0,0,1,0,0,0,0,0,0,0,10,0,0,0,12,12,6,2,12,0,0,0,1,12,34219,6,1,0,0,3,0,75,999,0,0,0,0,0,0,0,0,0,0,38,0,0,0,2,3,40,1,1,2,1,3,3,11,15,1,1,1,68,0,0
12,120712,2,2,1,13,5,21,20,12,2,1,0,12,1,72,706,72706,80,1981,1HD1CAH16BY0,1,H,D,1,C,A,H,1,6,B,Y,0,0,M,HD,XLH,RS,81,17,,,,,,,1000,0,0,000000000,00000000000,0,0,0,1,0,0,0,0,0,0,0,40,0,0,0,12,12,6,2,12,0,0,0,1,12,34205,6,1,0,0,3,3,73,999,0,0,0,0,0,0,0,0,0,0,0,0,0,0,2,3,40,1,1,2,1,3,3,1,67,1,1,1,69,1,0
12,120713,1,1,1,25,4,1,17,24,0,1,0,12,1,76,706,76706,80,2005,JYARN13E35A0,J,Y,A,R,N,1,3,E,3,5,A,0,0,M,YAMA,YFR,RS,5,17,,,,,,,998,0,0,000000000,00000000000,0,0,0,1,0,0,0,0,0,0,0,64,0,0,0,10,10,6,2,24,0,0,0,1,12,34669,6,1,0,0,3,0,74,999,0,0,0,0,0,0,0,0,0,1,36,0,0,0,3,2,45,2,1,2,1,28,3,14,12,1,1,4,6,1,1
12,120714,1,1,1,1,5,6,44,42,0,1,0,12,2,49,442,49442,20,1998,4T3ZF13C2WU0,4,T,3,Z,F,1,3,C,2,W,U,0,0,P,TOYT,SIE,SV,98,17,3825,,0,1142,,G,,0,0,000000000,00000000000,0,0,0,1,0,0,0,0,0,0,0,45,0,0,0,12,12,6,2,42,0,0,0,1,12,33054,6,1,0,0,3,3,66,999,0,0,0,0,1,11,2008,11,2008,0,36,0,0,0,2,2,45,1,1,2,1,28,3,1,12,1,1,4,6,1,0
12,120715,1,1,4,2,5,13,30,1,0,1,0,12,1,12,401,12401,14,1995,1FMDU34X7SUB,1,F,M,D,U,3,4,X,7,S,U,B,0,P,FORD,EPR,UT,95,17,4053,,0,1115,,G,,0,0,000000000,00000000000,0,0,0,1,0,0,0,0,0,0,0,70,0,1,3,0,0,6,2,1,0,0,0,1,12,34208,6,1,6,0,3,0,68,999,0,0,0,0,0,0,0,0,0,0,0,0,0,0,2,3,70,1,1,2,1,28,3,1,13,1,1,4,98,1,0
12,120716,1,1,1,8,5,22,45,8,0,1,0,12,1,37,32,37032,4,2000,1HGCG5643YA0,1,H,G,C,G,5,6,4,3,Y,A,0,0,P,HOND,ULX,4D,0,17,3053,,0,1069,,G,,0,0,000000000,00000000000,0,0,0,1,0,0,0,0,0,0,0,45,0,0,0,12,12,6,2,8,0,0,0,1,12,32009,6,1,0,0,3,3,63,999,0,0,0,1,0,9,2008,9,2008,0,0,0,0,0,1,2,45,1,1,2,1,28,3,1,80,2,1,1,13,0,0
12,120717,1,1,1,8,5,2,25,42,0,1,0,12,3,7,27,7027,6,2010,3D4PG5FV0AT1,3,D,4,P,G,5,F,V,0,A,T,1,0,P,DODG,JOU,UT,10,17,4229,,0,1138,,G,,0,0,000000000,00000000000,0,0,0,1,0,0,0,0,0,0,0,100,0,0,0,12,12,6,2,42,0,0,0,1,12,34446,6,1,0,0,3,0,67,999,0,0,0,0,0,0,0,0,0,1,51,0,0,0,1,2,45,2,1,2,1,28,3,14,12,1,1,4,6,1,0
12,120718,1,2,1,8,5,22,4,12,2,1,0,12,2,18,2,18002,4,2000,1G4HP54KXYU1,1,G,4,H,P,5,4,K,X,Y,U,1,0,P,BUIC,LCF,4D,0,17,3567,,0,1122,,G,,0,0,000000000,00000000000,0,0,0,1,0,0,0,0,0,0,0,30,0,0,0,12,12,6,2,12,0,0,0,1,12,32305,6,1,0,0,3,0,69,999,0,0,0,0,0,0,0,0,0,0,51,0,0,0,2,2,70,1,1,2,1,28,3,1,54,1,1,1,52,0,1
12,120718,2,2,5,8,5,22,4,12,2,1,0,12,1,37,32,37032,4,2008,JHMCP26468C0,J,H,M,C,P,2,6,4,6,8,C,0,0,P,HOND,LXP,4D,8,17,3281,,0,1102,,G,,0,0,000000000,00000000000,0,0,0,1,0,0,0,0,0,0,0,70,0,1,1,12,12,6,2,1,0,0,0,1,12,31602,6,1,0,0,3,0,75,999,0,0,0,0,0,0,0,0,0,0,0,0,0,0,2,2,70,1,1,2,1,28,3,1,54,1,1,1,52,1,0
12,120719,1,1,1,9,5,23,0,8,0,1,0,12,2,12,461,12461,21,1997,1FTHE2429VHB,1,F,T,H,E,2,4,2,9,V,H,B,0,T,FORD,25V,CG,97,17,,2,0,1380,VAN,G,,0,0,000000000,00000000000,0,0,0,1,0,0,0,0,0,0,0,55,0,0,0,1,1,4,3,8,0,0,0,1,12,33155,6,1,0,0,3,0,66,999,0,1,1,0,3,6,2008,6,2009,0,91,0,0,0,2,5,55,1,2,2,1,0,0,1,80,1,1,1,13,0,1
12,120720,1,1,2,10,5,4,58,1,0,1,0,12,1,12,471,12471,30,2002,1FTYR10U82TA,1,F,T,Y,R,1,0,U,8,2,T,A,0,T,FORD,RNG,PK,2,17,,1,1175,1116,RNG,G,,0,0,000000000,00000000000,0,0,0,1,0,0,0,0,0,0,0,65,0,1,1,0,99,6,2,1,0,0,0,1,12,32043,6,1,0,0,3,0,70,999,1,0,0,1,0,11,2007,9,2009,0,36,0,0,0,2,2,65,1,1,2,1,28,3,1,98,1,1,1,98,1,0
12,120721,1,2,2,10,5,11,10,12,1,1,0,12,3,12,881,12881,62,2005,3FRNX65F25V1,3,F,R,N,X,6,5,F,2,5,V,1,0,T,FORD,F66,CC,5,17,,6,0,0,COF,D,,0,77,777777777,77777777777,2,1,1,1,0,0,0,0,0,0,0,0,0,0,0,6,6,4,3,12,0,0,0,1,12,33416,6,1,6,3,3,3,72,999,0,0,0,0,0,0,0,0,0,0,48,39,54,0,3,3,65,1,1,2,1,28,3,12,53,1,1,1,98,0,0
12,120721,2,2,1,10,5,11,10,12,1,1,0,12,3,20,461,20461,21,2007,1GCGG25V9711,1,G,C,G,G,2,5,V,9,7,1,1,0,T,CHEV,E25,CG,7,17,,2,0,1350,EXP,G,,0,0,000000000,00000000000,0,0,0,1,0,0,0,0,0,0,0,70,0,1,1,12,12,6,2,12,0,0,0,1,12,33467,6,1,0,0,3,0,76,999,0,2,0,1,1,10,2009,12,2009,0,36,0,0,0,3,3,65,1,1,2,1,28,3,1,50,1,1,1,98,1,0
12,120722,1,1,1,11,5,22,31,9,0,1,0,12,1,49,402,49402,14,1997,JT3HP10V5V70,J,T,3,H,P,1,0,V,5,V,7,0,0,P,TOYT,RV4,UT,97,17,2789,,0,949,,G,,0,0,000000000,00000000000,0,0,0,1,0,0,0,0,0,0,0,50,0,0,0,12,12,6,2,9,0,0,0,1,12,34205,6,1,0,0,3,3,65,999,0,0,0,1,0,8,2007,8,2007,0,0,0,0,0,2,2,55,1,1,2,1,20,3,1,83,1,1,1,13,0,0
12,120723,1,1,3,11,5,22,30,1,0,1,0,12,1,12,37,12037,3,2001,3FAFP31361R2,3,F,A,F,P,3,1,3,6,1,R,2,0,P,FORD,FZX,3P,1,17,2550,,0,1030,,G,,0,0,000000000,00000000000,0,0,0,1,0,0,0,0,0,0,0,65,0,1,5,0,0,6,2,1,0,0,0,1,12,34759,6,1,0,0,3,0,59,999,0,1,0,1,0,2,2009,7,2009,0,36,0,0,0,2,2,65,1,1,2,1,28,3,1,13,7,3,4,2,1,0
12,120724,1,1,1,12,5,21,15,8,0,1,0,12,1,20,481,20481,31,1999,1GCEC14T4XZ1,1,G,C,E,C,1,4,T,4,X,Z,1,0,T,CHEV,SC1,PK,99,17,,2,1330,1190,SIL,G,,0,0,000000000,00000000000,0,0,0,1,0,0,0,0,0,0,0,50,0,0,0,12,12,6,2,8,0,0,0,1,12,34484,6,1,0,0,3,3,71,999,0,0,0,0,0,0,0,0,0,1,0,0,0,0,1,2,40,1,1,2,1,28,3,1,80,1,1,1,13,0,0
12,120725,1,1,1,13,5,19,35,8,0,1,0,12,3,12,481,12481,31,2010,1FTMF1CW3AKC,1,F,T,M,F,1,C,W,3,A,K,C,0,T,FORD,F15,PK,10,17,,2,1450,1260,COF,G,,0,0,000000000,00000000000,0,0,0,1,0,0,0,0,0,0,0,65,0,0,0,12,12,6,2,8,0,0,0,1,12,33351,6,1,6,0,3,3,69,999,0,0,0,0,0,0,0,0,0,0,0,0,0,0,2,4,65,1,1,2,1,28,3,1,80,1,1,1,13,0,0
12,120726,1,1,1,15,5,18,15,24,0,1,0,12,2,99,999,99999,99,9999,999999999999,9,9,9,9,9,9,9,9,9,9,9,9,1,U,,,,9,17,,,,,,,,1,0,000000000,00000000000,0,0,0,1,0,0,0,0,0,0,0,55,0,1,2,12,12,6,2,1,0,0,0,1,12,34142,6,1,6,0,3,3,67,999,0,0,0,0,0,0,0,0,0,0,92,0,0,0,1,2,55,1,1,2,1,0,0,1,1,7,4,4,2,1,0
12,120727,1,2,1,16,5,13,20,12,6,1,0,12,1,19,421,19421,15,2008,1GYEC63808R2,1,G,Y,E,C,6,3,8,0,8,R,2,0,P,CADI,ESC,UT,8,17,5459,,0,1160,,G,,0,0,000000000,00000000000,0,0,0,1,0,0,0,0,0,0,0,50,0,1,2,12,12,6,2,12,0,0,0,1,12,32606,6,1,0,0,3,0,69,999,0,0,0,1,0,5,2008,5,2008,1,39,0,0,0,1,2,35,1,1,2,1,20,3,1,17,1,1,1,88,0,0
12,120727,2,2,3,16,5,13,20,12,6,1,0,12,1,49,32,49032,4,1991,1NXAE94A4MZ2,1,N,X,A,E,9,4,A,4,M,Z,2,0,P,TOYT,CDF,4D,91,17,2394,,0,957,,G,,0,0,000000000,00000000000,0,0,0,1,0,0,0,0,0,0,0,35,0,0,0,9,9,6,2,12,0,0,0,1,12,32054,6,1,0,0,3,0,61,999,0,0,0,0,0,0,0,0,0,0,0,0,0,0,1,2,35,1,1,2,1,20,3,1,66,1,1,1,89,2,0
12,120728,1,1,3,18,5,16,46,42,0,1,0,12,1,23,481,23481,31,2001,1GTEC14T91Z1,1,G,T,E,C,1,4,T,9,1,Z,1,0,T,GMC,NC1,PK,1,17,,2,1330,1190,SIE,G,,0,0,000000000,00000000000,0,0,0,1,0,0,0,0,0,0,0,60,0,0,0,12,12,6,2,42,0,0,0,1,12,32583,6,1,0,0,3,0,70,999,0,0,0,0,0,0,0,0,0,0,36,0,0,0,1,2,60,1,1,2,2,28,3,1,12,9,4,4,7,1,0
12,120730,1,1,1,17,4,20,33,8,0,1,1,12,2,37,32,37032,4,1997,1HGCD5600VA1,1,H,G,C,D,5,6,0,0,V,A,1,0,P,HOND,USE,4D,97,17,2864,,0,1069,,G,,0,0,000000000,00000000000,0,0,0,1,0,0,0,0,0,0,0,999,0,0,0,12,12,4,1,8,0,0,0,1,12,33311,0,0,0,0,0,0,999,999,0,0,0,0,0,0,0,0,0,9,0,0,0,0,2,2,45,1,1,2,1,28,3,99,80,99,1,1,13,0,0
12,120731,1,3,2,24,4,16,49,12,6,1,0,12,1,55,38,55038,4,2001,KMHFU45D61A1,K,M,H,F,U,4,5,D,6,1,A,1,0,P,HYUN,XG3,4D,1,17,3604,,0,1083,,G,,0,0,000000000,00000000000,0,0,0,1,0,0,0,0,0,0,0,10,0,0,0,1,1,6,2,12,0,0,0,1,12,32127,6,1,0,0,3,3,68,999,0,0,0,0,0,0,0,0,0,0,38,48,0,0,2,4,50,1,1,4,1,3,3,11,15,1,1,1,68,1,0
12,120731,2,3,2,24,4,16,49,12,6,1,0,12,2,7,482,7482,31,2002,1D7HA18N22S6,1,D,7,H,A,1,8,N,2,2,S,6,0,T,DODG,Q15,CW,2,17,,2,1605,1405,RPC,G,,0,0,000000000,00000000000,0,0,0,1,0,0,0,0,0,0,0,48,0,0,0,12,12,6,2,12,0,0,0,1,12,32724,6,1,0,0,3,0,64,999,0,0,0,0,0,0,0,0,0,0,0,0,0,0,2,4,50,1,1,4,1,3,3,1,66,1,1,1,69,0,0
12,120731,3,3,3,24,4,16,49,12,6,1,0,12,1,18,2,18002,4,2002,1G4HP54K22U1,1,G,4,H,P,5,4,K,2,2,U,1,0,P,BUIC,LCF,4D,2,17,3567,,0,1122,,G,,0,0,000000000,00000000000,0,0,0,1,0,0,0,0,0,0,0,48,0,0,0,61,61,6,2,12,0,0,0,1,12,32114,6,1,0,0,3,0,61,999,0,3,0,1,1,9,2007,10,2009,0,0,0,0,0,2,4,50,1,1,4,1,3,3,1,60,1,1,1,98,0,0
12,120732,1,1,1,17,1,8,8,9,0,1,1,12,2,30,40,30040,4,2007,3VWEF71K07M1,3,V,W,E,F,7,1,K,0,7,M,1,0,P,VOLK,JWE,4D,7,17,3290,,0,1015,,G,,0,0,000000000,00000000000,0,0,0,1,0,0,0,0,0,0,0,999,0,0,0,12,12,4,1,9,0,0,0,1,12,33149,6,1,0,0,3,0,72,999,0,7,0,2,4,7,2007,11,2009,9,36,28,0,0,3,2,45,1,1,2,1,0,0,1,13,1,1,4,13,0,1
12,120733,1,1,1,15,2,12,59,8,0,1,0,12,1,12,481,12481,31,1993,1FTEX15N9PKA,1,F,T,E,X,1,5,N,9,P,K,A,0,T,FORD,F15,PS,93,17,,2,1550,1390,COF,G,,0,0,000000000,00000000000,0,0,0,1,0,0,0,0,0,0,0,25,0,0,0,12,12,4,3,8,0,0,0,1,12,33313,6,1,6,0,3,0,75,999,0,0,0,0,0,0,0,0,0,0,0,0,0,0,1,2,25,1,1,2,1,28,3,1,80,1,1,1,13,0,0
12,120734,1,2,2,26,2,14,18,12,6,1,0,12,1,37,31,37031,4,2004,2HGES16374H5,2,H,G,E,S,1,6,3,7,4,H,5,0,P,HOND,UDV,4D,4,17,0,,0,1031,,G,,0,0,000000000,00000000000,0,0,0,1,0,0,0,0,0,0,0,15,0,0,0,9,9,6,2,12,0,0,0,1,12,34994,6,1,0,0,3,0,66,999,0,0,0,0,0,0,0,0,0,0,38,0,0,0,1,4,25,1,2,2,1,20,3,1,17,1,1,1,89,2,0
12,120734,2,2,1,26,2,14,18,12,6,1,0,12,1,12,16,12016,4,1998,2FAFP73W3WX1,2,F,A,F,P,7,3,W,3,W,X,1,0,P,FORD,CVI,4D,98,17,3917,,0,1144,,G,,0,0,000000000,00000000000,0,0,0,1,0,0,0,0,0,0,0,35,0,0,0,12,12,6,2,12,0,0,0,1,12,34953,6,1,0,0,3,3,61,999,0,0,0,0,0,0,0,0,0,0,0,0,0,0,1,4,35,1,2,2,1,20,3,1,66,1,1,1,88,0,0
12,120735,1,1,1,10,3,19,34,8,0,1,1,99,9,99,999,99999,99,9999,999999999999,9,9,9,9,9,9,9,9,9,9,9,9,9,U,,,,9,17,,,,,,,,0,99,999999999,99999999999,9,99,99,1,0,0,0,0,99,99,9,999,0,0,0,9,99,9,1,99,99,99,0,1,99,99999,9,9,99,9,9,9,999,999,99,99,99,99,99,99,9999,99,9999,0,0,0,0,0,1,2,30,1,2,2,1,20,3,1,80,1,1,1,13,0,0