STATE,ST_CASE,VEH_NO,VE_FORMS,NUMOCCS,DAY,MONTH,HOUR,MINUTE,HARM_EV,MAN_COLL,UNITTYPE,HIT_RUN,REG_STAT,OWNER,MAKE,MODEL,MAK_MOD,BODY_TYP,MOD_YEAR,VIN,VIN_1,VIN_2,VIN_3,VIN_4,VIN_5,VIN_6,VIN_7,VIN_8,VIN_9,VIN_10,VIN_11,VIN_12,TOW_VEH,VINTYPE,VINMAKE,VINA_MOD,VIN_BT,VINMODYR,VIN_LNGT,VIN_WGT,WGTCD_TR,WHLBS_LG,WHLBS_SH,SER_TR,FUELCODE,MCYCL_DS,J_KNIFE,MCARR_I1,MCARR_I2,MCARR_ID,GVWR,V_CONFIG,CARGO_BT,HAZ_INV,HAZ_PLAC,HAZ_ID,HAZ_CNO,HAZ_REL,BUS_USE,SPEC_USE,EMER_USE,TRAV_SP,UNDERIDE,ROLLOVER,ROLINLOC,IMPACT1,IMPACT2,DEFORMED,TOWED,M_HARM,VEH_SC1,VEH_SC2,FIRE_EXP,DR_PRES,L_STATE,DR_ZIP,L_STATUS,L_TYPE,CDL_STAT,L_ENDORS,L_COMPL,L_RESTRI,DR_HGT,DR_WGT,PREV_ACC,PREV_SUS,PREV_DWI,PREV_SPD,PREV_OTH,FIRST_MO,FIRST_YR,LAST_MO,LAST_YR,SPEEDREL,DR_SF1,DR_SF2,DR_SF3,DR_SF4,VTRAFWAY,VNUM_LAN,VSPD_LIM,VALIGN,VPROFILE,VPAVETYP,VSURCOND,VTRAFCON,VTCONT_F,P_CRASH1,P_CRASH2,P_CRASH3,PCRASH4,PCRASH5,ACC_TYPE,DEATHS,DR_DRINK
12,120950,1,1,1,2,5,3,25,42,0,1,0,12,2,24,1,24001,4,2001,1G8ZK52781Z2,1,G,8,Z,K,5,2,7,8,1,Z,2,0,P,STRN,SL2,4D,1,17,2426,,0,1024,,G,,0,0,000000000,00000000000,0,0,0,1,0,0,0,0,0,0,0,999,0,1,5,3,3,6,2,42,0,0,0,1,12,32257,6,1,0,0,3,0,68,999,1,3,0,0,1,7,2008,10,2009,0,36,0,0,0,5,2,35,3,1,2,1,0,0,14,13,1,1,4,1,1,0
12,120951,1,3,1,1,6,22,3,12,1,1,0,12,3,82,883,82883,66,2002,1FUJA6CG02LK,1,F,U,J,A,6,C,G,0,2,L,K,1,T,FRHT,COL,DS,2,17,,8,0,0,CON,D,,3,12,1198992,121198992,3,6,1,1,0,0,0,0,0,0,0,55,0,0,0,12,12,6,2,12,0,0,0,1,13,30344,6,1,6,0,3,0,69,999,98,0,0,0,3,3,2008,2,2009,0,0,0,0,0,2,4,55,1,1,4,2,28,3,1,51,1,1,1,28,0,0
12,120951,2,3,5,1,6,22,3,12,1,1,0,12,4,52,34,52034,4,2009,4A3AB36F29E0,4,A,3,A,B,3,6,F,2,9,E,0,0,P,MITS,GES,4D,9,17,3395,,0,1083,,G,,0,0,000000000,00000000000,0,0,0,1,0,0,0,0,0,0,0,40,0,0,0,6,6,6,2,12,0,0,0,1,16,83617,6,1,0,0,3,3,65,999,0,0,0,1,1,7,2008,9,2008,0,0,0,0,0,2,4,55,1,1,4,2,28,3,2,53,1,1,1,29,1,0
12,120951,3,3,1,1,6,22,3,12,1,1,0,12,3,82,881,82881,66,2002,1FUJBBCG82LJ,1,F,U,J,B,B,C,G,8,2,L,J,1,T,FRHT,ST2,DS,2,17,,8,0,0,CON,D,,1,12,1400121,121400121,3,6,1,1,0,0,0,0,0,0,0,40,0,0,0,6,6,6,2,12,0,0,0,1,12,33618,6,1,6,0,3,0,67,999,0,0,0,0,0,0,0,0,0,0,0,0,0,0,2,4,55,1,1,4,2,28,3,1,53,1,1,1,98,0,0
12,120952,1,1,2,5,6,3,2,8,0,1,0,12,2,22,18,22018,4,2005,1G2NE52E15M1,1,G,2,N,E,5,2,E,1,5,M,1,0,P,PONT,GAS,4D,5,17,3066,,0,1070,,G,,0,0,000000000,00000000000,0,0,0,1,0,0,0,0,0,0,0,40,0,0,0,12,12,4,1,8,0,0,0,1,12,33813,6,1,0,0,3,0,64,999,0,0,0,1,1,9,2008,6,2009,0,0,0,0,0,2,2,40,1,1,2,1,3,3,1,80,1,1,1,13,0,0
12,120953,1,2,1,6,6,22,12,12,6,1,0,12,2,20,2,20002,4,2007,2G1WB55K1791,2,G,1,W,B,5,5,K,1,7,9,1,0,P,CHEV,IPL,4D,7,17,3674,,0,1105,,F,,0,0,000000000,00000000000,0,0,0,1,0,0,0,0,0,0,0,55,0,0,0,12,12,6,2,12,0,0,0,1,28,39211,6,1,0,0,3,0,70,999,0,0,0,0,0,0,0,0,0,1,39,0,0,0,2,2,55,1,1,2,1,3,3,1,66,1,1,1,83,0,0
12,120953,2,2,1,6,6,22,12,12,6,1,0,12,1,49,35,49035,4,1987,JT2MX73E6H01,J,T,2,M,X,7,3,E,6,H,0,1,0,P,TOYT,CRL,4D,87,17,3296,,0,1045,,G,,0,0,000000000,00000000000,0,0,0,1,0,0,0,0,0,0,0,25,0,0,0,8,8,6,2,12,0,0,0,1,12,34229,6,1,0,0,3,0,68,999,0,0,0,0,0,0,0,0,0,0,0,0,0,0,2,2,25,1,1,2,1,3,3,11,15,1,1,1,82,1,0
12,120954,1,2,3,8,6,7,45,12,1,1,0,12,2,22,18,22018,2,2002,1G2NF12F22C1,1,G,2,N,F,1,2,F,2,2,C,1,0,P,PONT,SE1,CP,2,17,3066,,0,1070,,G,,0,0,000000000,00000000000,0,0,0,1,0,0,0,0,0,0,0,70,0,0,0,12,12,6,2,12,0,0,0,1,12,32145,6,1,0,0,3,0,62,999,0,0,0,0,0,0,0,0,0,1,36,0,0,0,1,4,55,1,1,2,1,3,3,1,52,1,1,1,28,1,0
12,120954,2,2,1,8,6,7,45,12,1,1,0,19,3,84,881,84881,66,2008,2HSCUAPR38C6,2,H,S,C,U,A,P,R,3,8,C,6,1,T,INTL,PPR,DS,8,17,,8,0,0,PRO,D,,1,77,777777777,77777777777,3,6,1,1,0,0,0,0,0,0,0,5,0,0,0,6,6,4,9,12,0,0,0,1,37,27888,6,1,6,0,3,0,70,999,0,0,0,1,1,10,2007,1,2009,0,0,0,0,0,1,4,55,1,1,2,1,3,3,2,53,1,1,1,29,0,0
12,120955,1,2,1,12,6,5,20,12,2,1,0,12,2,64,33,64033,4,1999,KLAVA6924XB1,K,L,A,V,A,6,9,2,4,X,B,1,0,P,DAEW,LCS,4D,99,17,0,,0,1051,,G,,0,0,000000000,00000000000,0,0,0,1,0,0,0,0,0,0,0,55,0,0,0,12,12,6,2,12,0,0,0,1,12,32714,6,1,0,0,3,0,77,999,0,0,0,0,0,0,0,0,0,0,28,0,0,0,1,2,55,1,1,2,1,28,3,1,10,1,1,2,50,1,0
12,120955,2,2,1,12,6,5,20,12,2,1,0,95,3,84,881,84881,66,2002,2HSCHAMR72C0,2,H,S,C,H,A,M,R,7,2,C,0,1,T,INTL,99I,DS,2,17,,8,0,0,990,D,,1,77,777777777,77777777777,3,6,1,1,0,0,0,0,0,0,0,55,0,0,0,12,12,6,2,42,0,0,0,1,95,0,9,9,99,9,9,9,999,999,99,99,99,99,99,99,9999,99,9999,0,0,0,0,0,1,2,55,1,1,2,1,28,3,1,62,1,1,1,51,0,0
12,120957,1,1,2,12,6,19,24,42,0,1,0,12,1,37,32,37032,2,2007,1HGCM72307A0,1,H,G,C,M,7,2,3,0,7,A,0,0,P,HOND,ULX,CP,7,17,3122,,0,1051,,G,,0,0,000000000,00000000000,0,0,0,1,0,0,0,0,0,0,0,70,0,0,0,12,12,6,2,42,0,0,0,1,12,32096,6,1,0,0,3,0,64,999,1,0,0,2,1,9,2009,2,2010,1,36,0,0,0,1,2,35,2,1,2,1,28,3,14,12,7,3,4,2,1,1
12,120958,1,1,1,13,6,2,46,34,0,1,0,12,2,12,16,12016,4,1999,2FAFP74W5XX1,2,F,A,F,P,7,4,W,5,X,X,1,0,P,FORD,CVL,4D,99,17,3917,,0,1147,,G,,0,0,000000000,00000000000,0,0,0,1,0,0,0,0,0,0,0,45,0,0,0,14,81,4,3,38,0,0,0,1,12,33917,6,1,0,0,3,0,70,999,0,0,0,0,0,0,0,0,0,0,36,0,0,0,1,2,45,1,1,2,1,0,0,1,13,7,3,4,2,1,1
12,120959,1,2,4,15,6,8,40,12,6,1,0,12,3,12,981,12981,50,1992,1FDXJ75C9NVA,1,F,D,X,J,7,5,C,9,N,V,A,0,T,FORD,B7F,BU,92,17,,7,2750,2370,BUS,D,,0,77,777777777,77777777777,3,21,22,1,0,0,0,0,8,0,0,10,0,0,0,82,82,6,2,12,0,0,0,1,12,34142,6,1,0,0,3,0,67,999,0,0,0,0,0,0,0,0,0,0,38,0,0,0,2,2,65,1,1,2,1,20,3,1,15,1,1,1,87,0,0
12,120959,2,2,2,15,6,8,40,12,6,1,0,12,1,20,481,20481,31,2004,2GCEC19V5413,2,G,C,E,C,1,9,V,5,4,1,3,0,T,CHEV,SC1,4C,4,17,,2,1575,1435,SIL,G,,0,0,000000000,00000000000,0,0,0,1,0,0,0,0,0,0,0,65,0,0,0,12,12,6,2,12,0,0,0,1,12,32344,6,1,0,0,3,3,59,999,0,0,0,0,0,0,0,0,0,0,0,0,0,0,2,2,65,1,1,2,1,28,3,1,66,1,1,1,86,1,1
12,120960,1,1,1,15,6,14,58,30,0,1,0,12,2,20,421,20421,15,2000,1GNEK13T2YJ1,1,G,N,E,K,1,3,T,2,Y,J,1,0,P,CHEV,KTA,UT,0,17,5333,,0,1160,,G,,0,0,000000000,00000000000,0,0,0,1,0,0,0,0,0,0,0,60,0,1,5,12,12,6,2,1,0,0,0,1,12,32696,6,1,0,0,3,0,75,999,0,0,0,0,0,0,0,0,0,0,36,0,0,0,1,2,60,1,1,2,1,28,3,1,13,1,1,4,1,1,0
12,120961,1,2,2,16,6,5,41,12,2,1,0,12,1,2,403,2403,14,2002,1J4FA59SX2P7,1,J,4,F,A,5,9,S,X,2,P,7,0,T,JEEP,SAW,2W,2,17,,1,0,934,W/T,G,,0,0,000000000,00000000000,0,0,0,1,0,0,0,0,0,0,0,10,0,0,0,12,12,6,2,12,0,0,0,1,12,34990,6,1,0,0,3,3,74,999,0,0,0,0,0,0,0,0,0,0,48,0,0,0,1,2,35,1,1,2,1,28,3,11,15,1,1,1,68,0,0
12,120961,2,2,1,16,6,5,41,12,2,1,0,12,1,37,705,37705,80,1983,JH2RC1017DM0,J,H,2,R,C,1,0,1,7,D,M,0,0,M,HOND,G6I,RS,83,17,,,,,,,650,0,0,000000000,00000000000,0,0,0,1,0,0,0,0,0,0,0,35,0,0,0,12,12,6,2,12,0,0,0,1,12,34990,6,1,0,0,3,0,68,999,0,0,0,0,0,0,0,0,0,0,0,0,0,0,1,2,35,1,1,2,1,28,3,1,62,1,1,1,69,1,0
12,120962,1,1,1,17,6,3,10,8,0,1,1,99,9,99,999,99999,99,9999,999999999999,9,9,9,9,9,9,9,9,9,9,9,9,0,U,,,,9,17,,,,,,,,0,0,000000000,00000000000,0,0,0,1,0,0,0,0,0,0,0,55,0,0,0,12,12,4,1,8,0,0,0,1,99,99999,9,9,99,9,9,9,999,999,99,99,99,99,99,99,9999,99,9999,0,0,0,0,0,1,2,55,1,2,2,1,28,3,1,80,1,1,1,13,0,0
12,120963,1,2,1,17,6,21,24,12,2,1,0,12,1,20,401,20401,14,2002,1GNDS13S3224,1,G,N,D,S,1,3,S,3,2,2,4,0,P,CHEV,TRL,UT,2,17,4442,,0,1130,,G,,0,0,000000000,00000000000,0,0,0,1,0,0,0,0,0,0,0,55,0,1,1,12,12,6,2,12,0,0,0,1,12,32503,6,1,0,0,3,3,69,999,1,3,1,0,0,3,2008,4,2010,0,28,0,0,0,1,2,55,1,1,2,1,28,3,1,54,7,1,2,52,1,0
12,120963,2,2,1,17,6,21,24,12,2,1,0,1,2,51,881,51881,66,2004,4V4NC9TH24N3,4,V,4,N,C,9,T,H,2,4,N,3,1,T,VOLV,VNL,DS,4,17,,8,0,0,VVN,D,,1,77,777777777,77777777777,3,6,10,1,0,0,0,0,0,0,0,50,0,1,1,12,12,6,2,12,0,0,0,1,1,36477,6,1,6,0,3,0,72,999,0,0,0,1,0,7,2007,7,2007,0,0,0,0,0,1,2,55,1,1,2,1,28,3,1,54,6,1,1,52,0,0
12,120964,1,2,1,18,6,21,16,12,1,1,0,12,2,12,461,12461,21,2008,1FTNE24W78DA,1,F,T,N,E,2,4,W,7,8,D,A,0,T,FORD,25V,CG,8,17,,2,0,1380,VAN,G,,0,0,000000000,00000000000,0,0,0,1,0,0,0,0,0,0,0,70,0,0,0,12,12,6,2,12,0,0,0,1,12,34287,6,1,0,0,3,0,69,999,0,0,0,0,0,0,0,0,0,0,36,0,0,0,3,2,70,1,1,2,1,28,3,1,51,1,1,1,24,1,0
12,120964,2,2,1,18,6,21,16,12,1,1,0,12,3,51,881,51881,66,2001,4V4NC9RH51N2,4,V,4,N,C,9,R,H,5,1,N,2,1,T,VOLV,VNL,DS,1,17,,8,0,0,VVN,D,,1,77,777777777,77777777777,3,6,1,1,0,0,0,0,0,0,0,50,0,0,0,6,6,6,2,12,0,0,0,1,12,33702,6,1,6,3,3,3,65,999,0,0,0,0,1,10,2009,10,2009,0,0,0,0,0,3,2,70,1,1,2,1,28,3,1,53,1,1,1,25,0,0
12,120965,1,1,5,19,6,12,35,1,0,1,0,12,1,12,401,12401,14,1993,1FMDU34X0PUD,1,F,M,D,U,3,4,X,0,P,U,D,0,P,FORD,EPR,UT,93,17,3997,,0,1120,,G,,0,0,000000000,00000000000,0,0,0,1,0,0,0,0,0,0,0,70,0,2,2,0,0,6,2,1,0,0,0,1,12,32808,6,1,6,0,3,3,68,999,0,0,0,0,0,0,0,0,0,0,80,36,0,0,3,2,70,1,1,2,1,28,3,1,1,1,3,4,2,1,0
12,120966,1,1,1,20,6,2,30,1,0,1,0,12,1,12,401,12401,14,1993,1FMDU32X6PUE,1,F,M,D,U,3,2,X,6,P,U,E,0,P,FORD,EPR,UT,93,17,3858,,0,1120,,G,,0,0,000000000,00000000000,0,0,0,1,0,0,0,0,0,0,0,55,0,2,1,0,0,6,2,1,0,0,0,1,12,32464,6,1,0,0,3,0,66,999,0,0,0,0,0,0,0,0,0,1,36,0,0,0,1,2,55,2,1,2,1,28,3,14,13,6,4,6,98,1,1
12,120967,1,1,2,20,6,3,7,8,0,1,0,12,2,24,1,24001,4,2002,1G8ZF528X2Z2,1,G,8,Z,F,5,2,8,X,2,Z,2,0,P,STRN,SSL,4D,2,17,2351,,0,1024,,G,,0,0,000000000,00000000000,0,0,0,1,0,0,0,0,0,0,0,36,0,0,0,1,1,6,2,8,0,0,0,1,12,32526,1,1,0,0,2,0,68,999,0,0,0,1,0,4,2008,4,2008,0,0,0,0,0,1,2,40,1,2,2,1,28,3,1,80,6,1,1,13,0,1
12,120968,1,1,1,20,6,18,45,42,0,1,0,12,1,20,481,20481,31,2006,3GCEC14X26G2,3,G,C,E,C,1,4,X,2,6,G,2,0,T,CHEV,SC1,PK,6,17,,2,1330,1190,SIL,G,,0,0,000000000,00000000000,0,0,0,1,0,0,0,0,0,0,0,66,0,0,0,1,1,6,2,42,0,0,0,1,12,32763,6,1,0,0,3,3,74,999,0,2,1,1,0,8,2008,12,2009,0,36,0,0,0,2,2,70,1,1,2,2,0,0,1,13,1,1,4,1,1,1
12,120969,1,2,2,20,6,17,0,12,6,1,0,12,1,2,404,2404,14,2000,1J4G248S2YC3,1,J,4,G,2,4,8,S,2,Y,C,3,0,T,JEEP,LRO,4W,0,17,,1,0,1059,GCK,G,,0,0,000000000,00000000000,0,0,0,1,0,0,0,0,0,0,0,60,0,0,0,9,9,6,2,12,0,0,0,1,12,33830,6,1,0,0,3,3,67,999,0,2,0,1,0,4,2009,4,2009,0,36,0,0,0,1,2,60,1,1,2,1,28,3,1,13,6,4,2,64,2,0
12,120969,2,2,2,20,6,17,0,12,6,1,0,12,1,23,481,23481,31,2007,1GTHK236X7F5,1,G,T,H,K,2,3,6,X,7,F,5,0,T,GMC,2KH,CW,7,17,,2,1670,1530,SIE,D,,0,0,000000000,00000000000,0,0,0,1,0,0,0,0,0,0,0,60,0,0,0,12,12,6,2,12,0,0,0,1,12,33830,6,1,0,0,3,3,70,999,0,0,0,0,0,0,0,0,0,0,0,0,0,0,1,2,60,1,1,2,1,28,3,1,62,7,1,2,65,0,0
12,120970,1,2,1,18,6,19,25,12,2,1,0,12,1,12,481,12481,31,2001,1FTRW08L91KE,1,F,T,R,W,0,8,L,9,1,K,E,0,T,FORD,F1S,CW,1,17,,2,0,1388,COF,G,,0,0,000000000,00000000000,0,0,0,1,0,0,0,0,0,0,0,55,0,0,0,12,12,6,2,12,0,0,0,1,12,34237,6,1,6,0,3,0,73,999,0,0,0,0,0,0,0,0,0,0,28,0,0,0,1,2,55,1,2,2,1,28,3,1,10,1,1,2,50,1,0
12,120970,2,2,1,18,6,19,25,12,2,1,0,12,1,49,47,49047,6,2006,2T1KR32E06C5,2,T,1,K,R,3,2,E,0,6,C,5,0,P,TOYT,CTR,4H,6,17,2679,,0,1024,,G,,0,0,000000000,00000000000,0,0,0,1,0,0,0,0,0,0,0,50,0,0,0,12,12,6,2,12,0,0,0,1,12,34240,6,1,0,0,3,0,66,999,0,0,0,0,2,10,2007,9,2009,0,0,0,0,0,1,2,55,1,2,2,1,28,3,1,62,1,1,1,51,1,0
12,120971,1,1,1,12,4,6,28,8,0,1,0,12,2,49,472,49472,30,2007,5TENX22NX7Z3,5,T,E,N,X,2,2,N,X,7,Z,3,0,T,TOYT,REG,PK,7,17,,1,0,1094,TAC,G,,0,0,000000000,00000000000,0,0,0,1,0,0,0,0,0,0,0,50,0,0,0,12,12,6,2,8,0,0,0,1,12,33914,6,1,0,0,3,3,70,999,0,0,0,2,0,1,2008,8,2008,0,91,0,0,0,2,2,45,1,1,2,1,99,9,15,50,1,1,1,13,0,0
12,120972,1,2,1,3,6,15,12,12,6,1,0,12,2,76,706,76706,80,2007,JYARN17E87A0,J,Y,A,R,N,1,7,E,8,7,A,0,0,M,YAMA,F1Z,RS,7,17,,,,,,,998,0,0,000000000,00000000000,0,0,0,1,0,0,0,0,0,0,0,999,0,0,0,12,12,6,2,12,0,0,0,1,12,33138,6,1,0,0,3,0,60,999,0,0,0,0,0,0,0,0,0,0,0,0,0,0,5,4,35,1,1,2,2,20,3,1,67,1,1,1,83,1,0
12,120972,2,2,1,3,6,15,12,12,6,1,0,12,3,94,981,94981,50,2003,1T7HN3B2X110,1,T,7,H,N,3,B,2,X,1,1,0,0,U,,,,1,17,,,,,,,,0,77,777777777,77777777777,2,21,22,1,0,0,0,0,1,0,0,5,0,0,0,9,9,4,3,12,0,0,0,1,12,33133,6,1,6,3,3,0,73,999,0,1,0,1,0,4,2008,12,2009,0,0,0,0,0,5,4,35,1,1,2,2,20,3,11,17,1,1,1,82,0,0
12,120973,1,1,1,9,6,9,48,33,0,1,0,12,1,98,709,98709,80,2008,LYDTCFPF6812,L,Y,D,T,C,F,P,F,6,8,1,2,0,U,,,,8,17,,,,,,,,0,0,000000000,00000000000,0,0,0,1,0,0,0,0,0,0,0,999,0,0,0,1,1,6,2,1,0,0,0,1,12,33534,6,1,0,0,3,3,64,999,0,0,0,0,0,0,0,0,0,0,36,0,0,0,5,4,45,1,1,2,1,0,0,1,13,7,1,4,98,1,0
12,120974,1,1,1,10,6,19,21,34,0,1,0,12,2,24,1,24001,4,1996,1G8ZK5271TZ1,1,G,8,Z,K,5,2,7,1,T,Z,1,0,P,STRN,SL2,4D,96,17,2350,,0,1024,,G,,0,0,000000000,00000000000,0,0,0,1,0,0,0,0,0,0,0,999,0,1,5,12,12,6,2,1,0,0,0,1,12,33570,0,0,0,0,0,0,999,999,0,0,0,0,0,0,0,0,0,0,36,0,0,0,1,2,45,3,1,2,1,28,3,6,13,1,3,4,2,1,1
12,120975,1,1,6,13,6,11,40,24,0,1,0,12,1,22,441,22441,20,2003,1GMDU23E83D1,1,G,M,D,U,2,3,E,8,3,D,1,0,P,PONT,MON,SV,3,17,3803,,0,1120,,G,,0,0,000000000,00000000000,0,0,0,1,0,0,0,0,0,0,0,55,0,0,0,12,6,6,2,24,0,0,0,1,12,33890,0,0,0,0,0,0,999,999,0,0,0,0,0,0,0,0,0,0,36,92,0,0,1,2,55,3,1,2,1,0,0,14,13,7,1,4,6,1,0
12,120976,1,1,1,21,6,14,34,24,0,1,0,12,2,12,401,12401,14,2000,1FMZU63E5YUB,1,F,M,Z,U,6,3,E,5,Y,U,B,0,P,FORD,EPR,UT,0,17,3906,,0,1116,,G,,0,0,000000000,00000000000,0,0,0,1,0,0,0,0,0,0,0,80,0,1,3,12,12,6,2,2,0,0,1,1,12,32771,6,1,0,0,3,0,70,999,0,0,0,1,0,8,2009,8,2009,1,36,0,0,0,3,2,70,1,1,2,1,28,3,1,1,1,1,4,6,1,0
12,120977,1,2,2,22,6,20,24,12,2,1,0,12,4,2,404,2404,14,2010,1J4PR4GK1AC1,1,J,4,P,R,4,G,K,1,A,C,1,0,T,JEEP,LRO,4W,10,17,,1,0,1095,GCK,G,,0,0,000000000,00000000000,0,0,0,1,0,0,0,0,0,0,0,999,0,0,0,12,12,4,3,12,0,0,0,1,95,0,9,9,99,9,9,9,999,999,99,99,99,99,99,99,9999,99,9999,9,0,0,0,0,5,4,35,1,1,2,1,3,3,11,15,1,1,1,68,0,0
12,120977,2,2,1,22,6,20,24,12,2,1,0,12,1,98,709,98709,88,2008,LBXTCK9G69X0,L,B,X,T,C,K,9,G,6,9,X,0,0,U,,,,9,17,,,,,,,,0,0,000000000,00000000000,0,0,0,1,0,0,0,0,0,0,0,999,0,0,0,12,12,6,2,12,0,0,0,1,12,33312,6,1,0,0,3,0,65,999,2,5,0,3,4,3,2008,2,2010,9,0,0,0,0,5,4,35,1,1,2,1,3,3,1,62,1,1,1,69,1,0
12,120978,1,1,2,5,3,0,1,30,0,1,0,12,1,35,401,35401,14,1988,1N6ND11S5JC3,1,N,6,N,D,1,1,S,5,J,C,3,0,T,NISS,U2S,PK,88,17,,1,0,1043,D21,G,,0,0,000000000,00000000000,0,0,0,1,0,0,0,0,0,0,0,49,0,0,0,12,12,6,2,30,0,0,0,1,12,32922,1,1,0,0,2,0,69,999,0,2,0,0,0,8,2008,1,2009,9,0,0,0,0,2,3,45,3,1,1,1,3,3,14,13,1,1,4,1,1,1
12,120979,1,1,1,8,3,5,11,8,0,1,0,12,1,20,481,20481,31,1999,3GNEC16R3XG1,3,G,N,E,C,1,6,R,3,X,G,1,0,P,CHEV,C15,UT,99,17,4825,,0,1315,,G,,0,0,000000000,00000000000,0,0,0,1,0,0,0,0,0,0,0,35,0,0,0,12,12,6,2,8,0,0,0,1,12,33776,6,1,0,0,3,0,63,999,0,0,0,0,0,0,0,0,0,0,0,0,0,0,1,2,35,1,1,2,1,0,0,1,80,98,1,1,13,0,0
12,120980,1,1,1,23,3,7,51,8,0,1,0,12,3,63,33,63033,4,2009,KNAFE2216956,K,N,A,F,E,2,2,1,6,9,5,6,0,P,KIA,SXC,4D,9,17,2701,,0,1028,,G,,0,0,000000000,00000000000,0,0,0,1,0,0,0,0,0,0,0,45,0,0,0,12,12,4,1,8,0,0,0,1,12,32304,6,1,0,0,3,0,66,999,0,0,0,0,1,8,2007,8,2007,0,39,0,0,0,2,2,45,1,1,2,1,3,3,1,80,1,1,1,13,0,0
12,120981,1,2,1,6,4,19,4,12,1,1,0,12,1,76,706,76706,80,1995,JYA1TEE04SA0,J,Y,A,1,T,E,E,0,4,S,A,0,0,M,YAMA,V11,RS,95,17,,,,,,,1063,0,0,000000000,00000000000,0,0,0,1,0,0,0,0,0,0,0,999,0,0,0,6,12,6,2,12,0,0,0,1,12,33801,6,1,0,0,3,3,69,999,0,0,0,0,0,0,0,0,0,0,38,0,0,0,1,2,45,1,1,2,1,98,8,10,98,1,1,1,78,1,1
12,120981,2,2,5,6,4,19,4,12,1,1,0,12,2,9,442,9442,20,2000,1P4GP45G5YB5,1,P,4,G,P,4,5,G,5,Y,B,5,0,P,PLYM,VOF,SV,0,17,3772,,0,1133,,F,,0,0,000000000,00000000000,0,0,0,1,0,0,0,0,0,0,0,999,0,0,0,12,12,6,2,12,0,0,0,1,12,33880,6,1,6,0,3,3,70,999,0,0,0,0,0,0,0,0,0,0,0,0,0,0,2,2,45,1,1,2,1,28,3,1,70,1,1,1,79,0,0
12,120982,1,2,1,18,5,8,25,12,6,1,0,12,1,14,6,14006,4,2004,2MEHM75W14X6,2,M,E,H,M,7,5,W,1,4,X,6,0,P,MERC,MGL,4D,4,17,4094,,0,1147,,G,,0,0,000000000,00000000000,0,0,0,1,0,0,0,0,0,0,0,999,0,0,0,1,1,6,2,12,0,0,0,1,12,33898,6,1,0,0,3,3,70,999,0,0,0,0,0,0,0,0,0,0,38,0,0,0,2,2,55,4,2,2,1,28,3,11,15,1,1,1,68,1,0
12,120982,2,2,1,18,5,8,25,12,6,1,0,12,1,53,404,53404,14,2006,JS3TE9479641,J,S,3,T,E,9,4,7,9,6,4,1,0,P,SUZI,GVT,UT,6,17,3505,,0,1039,,G,,0,0,000000000,00000000000,0,0,0,1,0,0,0,0,0,0,0,999,0,0,0,12,12,6,2,12,0,0,0,1,12,33898,6,1,0,0,3,3,64,999,0,0,0,0,0,0,0,0,0,0,0,0,0,0,2,2,55,1,2,2,1,28,3,1,67,1,1,1,69,0,0
12,120983,1,1,1,2,6,21,1,9,0,1,0,12,1,12,16,12016,4,2003,2FAHP71W13X1,2,F,A,H,P,7,1,W,1,3,X,1,0,P,FORD,CVP,4D,3,17,3946,,0,1147,,G,,0,0,000000000,00000000000,0,0,0,1,0,0,0,0,0,0,0,35,0,0,0,12,12,4,3,9,0,0,0,1,12,33126,6,1,6,0,3,3,67,999,0,0,0,0,0,0,0,0,0,0,0,0,0,0,2,2,40,1,1,2,2,20,3,1,83,1,1,1,13,0,0
12,120984,1,2,1,4,6,16,42,33,0,1,0,12,2,76,709,76709,80,2009,JYARJ16E59A0,J,Y,A,R,J,1,6,E,5,9,A,0,0,M,YAMA,R6L,RC,9,17,,,,,,,599,0,0,000000000,00000000000,0,0,0,1,0,0,0,0,0,0,0,70,0,0,0,14,14,6,2,42,0,0,0,1,12,34698,6,1,0,0,3,0,76,999,1,3,1,0,2,11,2007,2,2010,1,0,0,0,0,2,2,30,2,1,2,1,0,0,14,10,1,1,4,6,1,1
12,120984,2,2,1,4,6,16,42,33,0,1,0,12,3,35,47,35047,4,2008,1N4AL21E88C2,1,N,4,A,L,2,1,E,8,8,C,2,0,P,NISS,ATS,4D,8,17,3028,,0,1093,,G,,0,0,000000000,00000000000,0,0,0,1,0,0,0,0,0,0,0,40,0,0,0,12,12,6,2,12,0,0,0,1,12,33767,6,1,0,0,3,3,66,999,0,0,0,0,0,0,0,0,0,0,0,0,0,0,2,2,45,3,1,2,1,0,0,14,62,2,1,1,98,0,0
12,120985,1,2,1,5,6,22,57,12,2,1,1,12,2,12,422,12422,15,2000,1FMPU18L0YLB,1,F,M,P,U,1,8,L,0,Y,L,B,0,P,FORD,EPT,UT,0,17,5401,,0,1191,,G,,0,0,000000000,00000000000,0,0,0,1,0,0,0,0,0,0,0,999,0,0,0,12,12,4,1,12,0,0,0,1,12,33565,0,0,0,0,0,0,999,999,0,0,0,0,0,0,0,0,0,0,48,0,0,0,1,2,40,1,1,2,1,0,0,11,15,1,1,1,68,0,0
12,120985,2,2,2,5,6,22,57,12,2,1,0,12,1,76,706,76706,80,1981,4X7012518,4,X,7,0,1,2,5,1,8,,,,0,P,,,,,,,,,,,,,0,0,000000000,00000000000,0,0,0,1,0,0,0,0,0,0,0,999,0,0,0,12,12,6,2,12,0,0,0,1,12,33565,6,1,0,0,3,0,75,999,0,0,0,0,0,0,0,0,0,0,0,0,0,0,1,2,40,1,1,2,1,0,0,1,62,1,1,1,69,1,1