STATE,ST_CASE,VEH_NO,VE_FORMS,NUMOCCS,DAY,MONTH,HOUR,MINUTE,HARM_EV,MAN_COLL,UNITTYPE,HIT_RUN,REG_STAT,OWNER,MAKE,MODEL,MAK_MOD,BODY_TYP,MOD_YEAR,VIN,VIN_1,VIN_2,VIN_3,VIN_4,VIN_5,VIN_6,VIN_7,VIN_8,VIN_9,VIN_10,VIN_11,VIN_12,TOW_VEH,VINTYPE,VINMAKE,VINA_MOD,VIN_BT,VINMODYR,VIN_LNGT,VIN_WGT,WGTCD_TR,WHLBS_LG,WHLBS_SH,SER_TR,FUELCODE,MCYCL_DS,J_KNIFE,MCARR_I1,MCARR_I2,MCARR_ID,GVWR,V_CONFIG,CARGO_BT,HAZ_INV,HAZ_PLAC,HAZ_ID,HAZ_CNO,HAZ_REL,BUS_USE,SPEC_USE,EMER_USE,TRAV_SP,UNDERIDE,ROLLOVER,ROLINLOC,IMPACT1,IMPACT2,DEFORMED,TOWED,M_HARM,VEH_SC1,VEH_SC2,FIRE_EXP,DR_PRES,L_STATE,DR_ZIP,L_STATUS,L_TYPE,CDL_STAT,L_ENDORS,L_COMPL,L_RESTRI,DR_HGT,DR_WGT,PREV_ACC,PREV_SUS,PREV_DWI,PREV_SPD,PREV_OTH,FIRST_MO,FIRST_YR,LAST_MO,LAST_YR,SPEEDREL,DR_SF1,DR_SF2,DR_SF3,DR_SF4,VTRAFWAY,VNUM_LAN,VSPD_LIM,VALIGN,VPROFILE,VPAVETYP,VSURCOND,VTRAFCON,VTCONT_F,P_CRASH1,P_CRASH2,P_CRASH3,PCRASH4,PCRASH5,ACC_TYPE,DEATHS,DR_DRINK
12,121055,1,2,3,30,6,11,10,54,11,1,0,12,1,7,482,7482,31,2001,1B7MF33661J2,1,B,7,M,F,3,3,6,6,1,J,2,1,T,DODG,Q35,4C,1,17,,3,0,1547,RPC,D,,1,0,000000000,00000000000,0,0,0,1,0,0,0,0,0,0,0,55,0,0,0,18,18,0,1,54,0,0,0,1,12,34974,6,1,6,0,3,0,71,999,0,0,0,0,0,0,0,0,0,0,92,0,0,0,1,2,55,1,1,2,1,28,3,1,98,1,1,1,98,0,0
12,121055,2,2,2,30,6,11,10,54,11,1,0,12,2,49,43,49043,4,2001,4T1BF28B71U1,4,T,1,B,F,2,8,B,7,1,U,1,0,P,TOYT,UVS,4D,1,17,3428,,0,1071,,G,,0,0,000000000,00000000000,0,0,0,1,0,0,0,0,0,0,0,55,0,0,0,13,13,6,2,54,0,0,0,1,12,34972,6,1,0,0,3,0,67,999,0,0,0,0,0,0,0,0,0,0,0,0,0,0,1,2,55,1,1,2,1,28,3,1,98,1,1,1,98,1,0
12,121056,1,2,3,3,7,21,50,12,6,1,0,12,1,20,481,20481,31,2010,1GCSKREAXAZ1,1,G,C,S,K,R,E,A,X,A,Z,1,0,T,CHEV,4SK,4C,10,17,,2,0,1435,SIL,F,,0,0,000000000,00000000000,0,0,0,1,0,0,0,0,0,0,0,5,0,0,0,9,9,6,2,12,0,0,0,1,12,32535,6,1,0,0,3,0,69,999,0,0,0,0,0,0,0,0,0,0,38,0,0,0,1,2,35,1,1,2,1,20,3,11,15,1,1,1,82,0,0
12,121056,2,2,1,3,7,21,50,12,6,1,0,12,1,72,706,72706,80,1985,1HD1BHL12FY0,1,H,D,1,B,H,L,1,2,F,Y,0,0,M,HD,FXT,RS,85,17,,,,,,,1340,0,0,000000000,00000000000,0,0,0,1,0,0,0,0,0,0,0,60,0,0,0,12,12,6,2,12,0,0,0,1,12,32570,6,1,6,0,3,0,70,999,0,0,0,0,0,0,0,0,0,1,0,0,0,0,2,2,45,1,1,2,1,28,3,1,67,1,1,1,83,1,1
12,121057,1,1,1,4,7,22,16,8,0,1,0,12,1,20,443,20443,20,2000,1GNDX03E8YD2,1,G,N,D,X,0,3,E,8,Y,D,2,0,T,CHEV,VTR,ES,0,17,,1,0,1200,VTR,G,,0,0,000000000,00000000000,0,0,0,1,0,0,0,0,0,0,0,60,0,0,0,12,12,6,2,8,0,0,0,1,12,33597,6,1,0,0,3,0,71,999,0,0,0,0,0,0,0,0,0,0,0,0,0,0,5,2,55,1,1,2,1,28,3,1,80,6,1,1,13,0,0
12,121058,1,1,6,4,7,18,10,1,0,1,0,12,2,49,421,49421,15,1998,JT3HT05J8W00,J,T,3,H,T,0,5,J,8,W,0,0,0,P,TOYT,LCW,UT,98,17,4834,,0,1122,,G,,0,0,000000000,00000000000,0,0,0,1,0,0,0,0,0,0,0,65,0,1,5,0,99,6,2,1,0,0,0,1,12,32257,6,1,0,0,3,3,62,999,0,0,0,0,1,8,2008,8,2008,1,36,0,0,0,3,2,65,1,1,2,2,28,3,1,5,1,3,4,2,1,0
12,121059,1,2,4,4,7,14,33,1,0,1,0,12,1,14,6,14006,4,2006,2MEFM74V36X6,2,M,E,F,M,7,4,V,3,6,X,6,0,P,MERC,GMG,4D,6,17,4137,,0,1146,,F,,0,0,000000000,00000000000,0,0,0,1,0,0,0,0,0,0,0,65,0,1,5,0,13,6,2,1,0,0,0,1,12,32935,6,1,0,0,3,3,66,999,0,0,0,2,0,8,2007,6,2009,0,24,0,0,0,2,3,70,1,1,2,2,28,3,1,90,7,3,4,98,3,0
12,121059,2,2,1,4,7,14,33,1,0,1,0,12,1,49,472,49472,30,2005,3TMJU62NX5M0,3,T,M,J,U,6,2,N,X,5,M,0,0,T,TOYT,DCP,CW,5,17,,1,0,1219,TAC,G,,0,0,000000000,00000000000,0,0,0,1,0,0,0,0,0,0,0,65,0,0,0,6,0,4,1,54,0,0,0,1,12,32937,6,1,0,0,3,0,70,999,0,0,0,0,0,0,0,0,0,0,24,21,0,0,2,2,70,1,1,2,2,28,3,1,98,1,1,1,98,0,0
12,121060,1,2,1,2,5,13,57,12,6,1,0,12,1,20,421,20421,15,2007,1GNFC13047R3,1,G,N,F,C,1,3,0,4,7,R,3,0,P,CHEV,CTA,UT,7,17,5443,,0,1160,,F,,0,0,000000000,00000000000,0,0,0,1,0,0,0,0,0,0,0,998,0,0,0,12,12,6,9,12,0,0,0,1,12,32305,6,1,0,0,3,0,64,999,0,0,0,0,0,0,0,0,0,0,39,0,0,0,5,3,45,8,8,8,98,97,8,1,17,1,1,1,69,0,0
12,121060,2,2,3,2,5,13,57,12,6,1,0,12,1,13,12,13012,4,2004,1LNHM86S04Y6,1,L,N,H,M,8,6,S,0,4,Y,6,0,P,LINC,LLS,4D,4,17,3720,,0,1145,,G,,0,0,000000000,00000000000,0,0,0,1,0,0,0,0,0,0,0,998,0,0,0,3,3,6,2,12,0,0,0,1,12,32311,6,1,0,0,3,0,63,999,0,0,0,1,0,3,2009,3,2009,0,39,0,0,0,5,3,45,8,8,8,98,97,8,11,62,1,1,1,68,1,0
12,121061,1,3,1,11,5,19,40,12,7,1,1,12,2,23,481,23481,31,1997,1GTEC14W8VZ5,1,G,T,E,C,1,4,W,8,V,Z,5,0,T,GMC,SC1,PK,97,17,,2,1315,1175,SIE,G,,0,0,000000000,00000000000,0,0,0,1,0,0,0,0,0,0,0,998,0,0,0,10,10,4,1,12,0,0,0,1,12,33830,6,1,0,0,3,0,71,999,0,1,0,0,0,8,2009,8,2009,0,28,36,8,0,2,2,50,1,1,2,1,0,0,1,10,1,1,2,45,0,0
12,121061,2,3,1,11,5,19,40,12,7,1,0,12,2,7,482,7482,31,2002,1B7HA18N32J1,1,B,7,H,A,1,8,N,3,2,J,1,0,T,DODG,Q15,CW,2,17,,2,1605,1405,RPC,G,,0,0,000000000,00000000000,0,0,0,1,0,0,0,0,0,0,0,998,0,0,0,2,2,6,2,12,0,0,0,1,12,33830,6,1,0,0,3,3,70,999,0,0,0,0,0,0,0,0,0,0,8,36,0,0,2,2,50,1,1,2,1,0,0,1,61,1,1,1,44,0,0
12,121061,3,3,2,11,5,19,40,12,7,1,0,12,1,12,23,12023,4,2007,3FAHP07177R1,3,F,A,H,P,0,7,1,7,7,R,1,0,P,FORD,F/E,4D,7,17,3101,,0,1074,,G,,0,0,000000000,00000000000,0,0,0,1,0,0,0,0,0,0,0,998,0,1,5,12,12,6,2,12,0,0,0,1,12,33801,6,1,0,0,3,0,64,999,0,0,0,0,0,0,0,0,0,0,0,0,0,0,2,2,50,4,2,2,1,0,0,14,62,9,1,1,98,1,0
12,121062,1,1,3,14,5,16,49,5,0,1,0,12,2,20,421,20421,15,2001,1GNCS13WX121,1,G,N,C,S,1,3,W,X,1,2,1,0,P,CHEV,BZR,UT,1,17,3887,,0,1070,,G,,0,0,000000000,00000000000,0,0,0,1,0,0,0,0,0,0,0,15,0,0,0,0,6,4,1,5,0,0,0,1,12,33415,6,1,0,0,3,3,72,999,0,3,0,0,0,9,2009,9,2009,0,36,0,0,0,1,2,25,1,1,2,1,28,3,13,98,4,1,1,0,1,0
12,121063,1,2,1,15,5,4,57,12,2,1,0,12,1,20,481,20481,31,1995,1GCEK19K0SE2,1,G,C,E,K,1,9,K,0,S,E,2,0,T,CHEV,GK1,PC,95,17,,2,1555,1415,GM4,G,,0,0,000000000,00000000000,0,0,0,1,0,0,0,0,0,0,0,999,0,0,0,12,12,6,2,12,0,0,0,1,12,33177,6,1,0,0,3,0,67,999,0,1,0,4,1,9,2007,10,2009,0,36,0,0,0,2,2,40,1,1,2,1,0,0,1,10,1,1,4,50,0,0
12,121063,2,2,2,15,5,4,57,12,2,1,0,12,1,12,17,12017,4,2000,1FAFP55U6YA2,1,F,A,F,P,5,5,U,6,Y,A,2,0,P,FORD,TSS,4D,0,17,3333,,0,1085,,G,,0,0,000000000,00000000000,0,0,0,1,0,0,0,0,0,0,0,999,0,0,0,12,12,6,2,12,0,0,0,1,12,33170,6,1,0,0,3,0,65,999,0,0,0,0,0,0,0,0,0,0,0,0,0,0,2,2,40,1,1,2,1,0,0,1,62,1,1,1,51,1,0
12,121064,1,1,1,27,5,11,40,1,0,1,0,18,3,82,883,82883,66,2005,1FUJAPAV05DN,1,F,U,J,A,P,A,V,0,5,D,N,1,T,FRHT,FL3,DS,5,17,,8,0,0,CON,D,,1,77,777777777,77777777777,3,6,2,1,0,0,0,0,0,0,0,65,0,1,3,0,0,6,2,1,0,0,0,1,51,22960,6,1,3,0,3,0,69,999,0,0,0,0,0,0,0,0,0,0,36,0,0,0,2,3,70,1,1,2,1,28,3,1,12,6,1,4,6,1,0
12,121065,1,1,1,28,5,22,23,1,0,1,0,12,1,18,18,18018,4,1995,1G4NV55M8SC4,1,G,4,N,V,5,5,M,8,S,C,4,0,P,BUIC,SLG,4D,95,17,2941,,0,1034,,G,,0,0,000000000,00000000000,0,0,0,1,0,0,0,0,0,0,0,50,0,1,1,0,0,6,2,1,0,0,0,1,12,33540,6,1,0,0,3,0,65,999,0,0,0,0,0,0,0,0,0,1,0,0,0,0,1,2,30,1,1,5,2,28,3,1,12,7,1,6,98,1,1
12,121066,1,1,1,25,1,19,33,8,0,1,0,17,1,23,401,23401,14,2006,1GKES16SX661,1,G,K,E,S,1,6,S,X,6,6,1,0,T,GMC,EXL,4W,6,17,,2,0,1290,ENV,G,,0,0,000000000,00000000000,0,0,0,1,0,0,0,0,0,0,0,45,0,0,0,12,12,4,3,8,0,0,0,1,17,62896,6,1,0,0,3,3,62,999,0,0,0,0,0,0,0,0,0,0,0,0,0,0,2,3,45,1,1,2,1,0,0,1,80,1,1,1,13,0,0
12,121067,1,1,1,19,2,12,50,1,0,1,0,12,1,98,701,98701,81,2009,RFBB1A0479B5,R,F,B,B,1,A,0,4,7,9,B,5,0,U,,,,9,17,,,,,,,,0,0,000000000,00000000000,0,0,0,1,0,0,0,0,0,0,0,999,0,0,0,0,0,4,1,1,0,0,0,1,12,33473,6,1,0,0,3,3,71,999,0,0,0,0,2,2,2008,4,2008,9,0,0,0,0,1,2,98,1,1,2,1,0,0,1,19,99,1,4,98,1,0
12,121068,1,1,1,21,2,1,42,30,0,1,0,12,1,37,31,37031,3,1996,2HGEJ6447TH1,2,H,G,E,J,6,4,4,7,T,H,1,0,P,HOND,UCD,2H,96,17,2256,,0,1032,,G,,0,0,000000000,00000000000,0,0,0,1,0,0,0,0,0,0,0,70,0,0,0,1,1,6,2,30,0,0,0,1,12,32504,6,1,0,0,3,0,72,999,0,0,0,1,0,2,2008,2,2008,1,36,0,0,0,2,2,35,4,1,2,1,0,0,14,13,1,1,4,1,1,1
12,121069,1,1,1,28,2,22,44,8,0,1,0,12,2,49,40,49040,4,2004,4T1BE32K64U9,4,T,1,B,E,3,2,K,6,4,U,9,0,P,TOYT,UXS,4D,4,17,3086,,0,1071,,G,,0,0,000000000,00000000000,0,0,0,1,0,0,0,0,0,0,0,55,0,0,0,12,12,4,3,8,0,0,0,1,12,33012,6,1,0,0,3,0,66,999,0,0,0,0,0,0,0,0,0,1,38,0,0,0,2,3,40,1,1,2,1,3,3,1,80,1,1,1,13,0,0
12,121070,1,1,3,27,3,0,55,33,0,1,0,12,2,37,31,37031,4,1993,JHMEG8654PS0,J,H,M,E,G,8,6,5,4,P,S,0,0,P,HOND,CLX,4D,93,17,2319,,0,1013,,G,,0,0,000000000,00000000000,0,0,0,1,0,0,0,0,0,0,0,999,0,0,0,12,12,6,2,30,0,0,0,1,12,33351,6,1,0,0,3,3,67,999,0,0,0,0,0,0,0,0,0,0,36,0,0,0,2,3,45,1,1,2,1,3,3,1,13,1,1,4,1,1,0
12,121071,1,1,1,2,4,23,40,33,0,1,0,12,1,12,13,12013,4,1997,1FALP13P2VW3,1,F,A,L,P,1,3,P,2,V,W,3,0,P,FORD,EST,4D,97,17,2503,,0,984,,G,,0,0,000000000,00000000000,0,0,0,1,0,0,0,0,0,0,0,37,0,0,0,12,12,6,2,30,0,0,0,1,12,33054,1,1,0,0,2,0,66,999,0,1,0,0,1,3,2009,3,2009,0,0,0,0,0,5,4,35,1,1,2,1,20,3,1,12,1,1,4,6,1,0
12,121072,1,2,1,19,4,18,0,1,0,1,0,12,2,20,421,20421,15,1995,1GNCS18W6SK2,1,G,N,C,S,1,8,W,6,S,K,2,0,P,CHEV,BZR,UT,95,17,3509,,0,1005,,G,,0,0,000000000,00000000000,0,0,0,1,0,0,0,0,0,0,0,999,0,1,1,0,0,6,2,1,0,0,0,1,12,33830,6,1,0,0,3,3,69,999,0,0,0,1,0,9,2007,9,2007,0,0,0,0,0,1,2,60,1,2,2,1,28,3,6,10,1,1,6,98,1,0
12,121072,2,2,1,19,4,18,0,1,0,1,0,12,3,84,881,84881,66,2000,2HSCBAMR5YC0,2,H,S,C,B,A,M,R,5,Y,C,0,1,T,INTL,91I,DS,0,17,,8,0,0,910,D,,1,12,1618748,121618748,3,6,1,1,0,0,0,0,0,0,0,999,0,0,0,12,12,4,1,54,0,0,0,1,12,33853,6,1,6,0,3,0,68,999,0,0,0,1,0,9,2007,9,2007,0,0,0,0,0,1,2,60,1,2,2,1,28,3,1,98,1,1,1,98,0,0
12,121073,1,2,1,5,5,23,33,12,7,1,0,12,1,37,32,37032,4,2003,1HGCM563X3A0,1,H,G,C,M,5,6,3,X,3,A,0,0,P,HOND,ULX,4D,3,17,3053,,0,1079,,G,,0,0,000000000,00000000000,0,0,0,1,0,0,0,0,0,0,0,75,0,1,5,11,0,6,2,1,0,0,0,1,12,34203,6,1,0,0,3,0,72,999,0,2,0,1,0,6,2007,4,2010,0,0,0,0,0,1,2,30,1,1,2,1,0,0,1,11,1,1,1,44,0,0
12,121073,2,2,2,5,5,23,33,12,7,1,0,12,1,7,482,7482,31,2005,1D7HU18D55S3,1,D,7,H,U,1,8,D,5,5,S,3,0,T,DODG,SQ1,CW,5,17,,2,1605,1405,RPC,G,,0,0,000000000,00000000000,0,0,0,1,0,0,0,0,0,0,0,75,0,1,5,2,2,6,2,1,0,0,0,1,12,34209,6,1,0,0,3,0,72,999,0,0,0,0,0,0,0,0,0,0,0,0,0,0,1,2,30,1,1,2,1,0,0,1,10,1,1,1,45,1,0
12,121074,1,2,2,15,5,22,19,12,6,1,0,12,1,2,404,2404,14,2004,1J4GX48SX4C3,1,J,4,G,X,4,8,S,X,4,C,3,0,T,JEEP,LCF,4W,4,17,,1,0,1059,GCK,G,,0,0,000000000,00000000000,0,0,0,1,0,0,0,0,0,0,0,999,0,0,0,3,3,6,2,12,0,0,0,1,12,33837,6,1,0,0,3,3,68,999,0,0,0,0,0,0,0,0,0,0,38,0,0,0,2,3,55,1,1,2,1,28,3,11,15,1,1,1,68,1,0
12,121074,2,2,1,15,5,22,19,12,6,1,0,12,3,12,16,12016,4,2006,2FAHP71W66X1,2,F,A,H,P,7,1,W,6,6,X,1,0,P,FORD,CVP,4D,6,17,0,,0,1147,,G,,0,0,000000000,00000000000,0,0,0,1,0,0,0,0,0,5,1,999,0,0,0,12,12,6,2,12,0,0,0,1,12,33830,6,1,0,0,3,0,67,999,0,0,0,0,0,0,0,0,0,0,16,0,0,0,2,3,55,1,1,2,1,28,3,1,62,1,1,1,69,0,0
12,121075,1,1,2,16,5,1,1,8,0,1,0,12,1,49,32,49032,4,2007,JTDBR32E6701,J,T,D,B,R,3,2,E,6,7,0,1,0,P,TOYT,EEL,4D,7,17,2530,,0,1024,,G,,0,0,000000000,00000000000,0,0,0,1,0,0,0,0,0,0,0,999,0,0,0,1,1,4,3,8,0,0,0,1,12,33351,6,1,0,0,3,3,64,999,0,0,0,0,0,0,0,0,0,0,0,0,0,0,3,3,45,1,1,2,1,0,0,1,80,1,1,1,13,0,0
12,121076,1,2,2,22,5,22,2,12,6,1,0,12,2,20,404,20404,14,2006,2CNDL13F1661,2,C,N,D,L,1,3,F,1,6,6,1,0,P,CHEV,EQU,UT,6,17,3660,,0,1125,,G,,0,0,000000000,00000000000,0,0,0,1,0,0,0,0,0,0,0,15,0,0,0,11,11,6,2,12,0,0,0,1,12,32905,6,1,0,0,3,3,75,999,0,1,0,0,4,2,2008,12,2009,0,38,48,0,0,2,2,40,1,1,2,1,3,3,11,15,1,1,1,68,0,0
12,121076,2,2,2,22,5,22,2,12,6,1,0,12,2,53,706,53706,80,2004,JS1VS54A7421,J,S,1,V,S,5,4,A,7,4,2,1,0,M,SUZI,VL8,RS,4,17,,,,,,,805,0,0,000000000,00000000000,0,0,0,1,0,0,0,0,0,0,0,45,0,0,0,12,12,6,2,12,0,0,0,1,12,32904,6,1,0,0,3,0,72,999,0,0,0,0,0,0,0,0,0,0,0,0,0,0,2,2,45,1,1,2,1,3,3,1,62,1,1,1,69,1,0
12,121077,1,2,2,12,6,18,0,24,0,1,0,12,1,72,706,72706,80,1998,1HD1BML4XWY0,1,H,D,1,B,M,L,4,X,W,Y,0,0,M,HD,FLA,RS,98,17,,,,,,,1340,0,0,000000000,00000000000,0,0,0,1,0,0,0,0,0,0,0,65,0,0,0,12,12,6,2,12,0,0,0,1,12,33157,6,1,0,0,3,3,69,999,0,1,0,1,1,2,2009,3,2010,1,36,0,0,0,3,3,45,4,1,2,1,0,0,14,12,1,1,4,6,1,1
12,121077,2,2,2,12,6,18,0,24,0,1,0,12,1,7,43,7043,4,2005,1B3EL46X35N5,1,B,3,E,L,4,6,X,3,5,N,5,0,P,DODG,SRX,4D,5,17,3093,,0,1080,,G,,0,0,000000000,00000000000,0,0,0,1,0,0,0,0,0,0,0,45,0,0,0,4,4,4,1,12,0,0,0,1,12,33187,6,1,0,0,3,3,69,999,0,0,0,2,0,12,2007,9,2008,0,0,0,0,0,3,3,45,4,1,2,1,0,0,14,60,1,1,1,98,0,0
12,121078,1,2,1,18,6,13,51,12,6,1,0,12,1,19,3,19003,4,1986,1G6DW69Y3G97,1,G,6,D,W,6,9,Y,3,G,9,7,0,P,CADI,FBR,4D,86,17,3945,,0,1215,,G,,0,0,000000000,00000000000,0,0,0,1,0,0,0,0,0,0,0,10,0,0,0,4,4,4,3,12,0,0,0,1,12,33461,6,1,0,0,3,0,73,999,0,1,0,1,0,2,2009,5,2010,0,38,0,0,0,2,2,40,1,1,2,1,28,3,12,10,1,1,1,98,0,0
12,121078,2,2,1,18,6,13,51,12,6,1,0,12,1,37,706,37706,80,2004,JH2SC57064M0,J,H,2,S,C,5,7,0,6,4,M,0,0,M,HOND,CBS,RS,4,17,,,,,,,998,0,0,000000000,00000000000,0,0,0,1,0,0,0,0,0,0,0,999,0,0,0,12,12,6,2,12,0,0,0,1,12,33449,6,1,0,0,3,3,72,999,0,0,0,3,0,10,2007,10,2009,0,0,0,0,0,2,2,40,1,1,2,1,28,3,1,62,1,1,1,98,1,0
12,121079,1,1,1,20,6,2,8,8,0,1,0,12,1,2,405,2405,14,2002,1J4GK58K62W2,1,J,4,G,K,5,8,K,6,2,W,2,0,T,JEEP,LMD,4W,2,17,,1,0,1043,LIB,G,,0,0,000000000,00000000000,0,0,0,1,0,0,0,0,0,0,0,40,0,0,0,12,12,4,1,8,0,0,0,1,12,33417,6,1,0,0,3,3,64,999,0,0,0,0,0,0,0,0,0,0,0,0,0,0,2,3,40,1,1,2,1,28,3,1,80,1,1,1,13,0,0
12,121080,1,1,1,22,6,4,39,30,0,1,0,12,1,7,402,7402,14,2000,1B4HR28Y9YF1,1,B,4,H,R,2,8,Y,9,Y,F,1,0,P,DODG,DUR,UT,0,17,4225,,0,1159,,G,,0,0,000000000,00000000000,0,0,0,1,0,0,0,0,0,0,0,55,0,0,0,12,12,6,2,30,0,0,0,1,12,33162,6,1,0,0,3,0,70,999,0,0,0,0,0,0,0,0,0,0,36,0,0,0,1,2,30,1,1,2,1,0,0,1,13,1,1,4,1,1,0
12,121081,1,2,1,8,7,22,47,9,0,1,0,25,2,49,441,49441,20,1989,JT4YR29V3K50,J,T,4,Y,R,2,9,V,3,K,5,0,0,T,TOYT,VWC,VN,89,17,,1,0,880,VWG,G,,0,0,000000000,00000000000,0,0,0,1,0,0,0,0,0,0,0,35,0,0,0,12,12,4,3,9,0,0,0,1,12,33040,6,1,0,0,3,3,64,999,0,0,0,0,0,0,0,0,0,0,0,0,0,0,1,5,35,1,1,2,1,0,0,1,83,1,1,1,13,0,0
12,121081,2,2,1,8,7,22,47,9,0,1,0,12,1,41,471,41471,30,1994,4F4CR12U4RTM,4,F,4,C,R,1,2,U,4,R,T,M,0,T,MAZD,3RC,PK,94,17,,1,0,1079,B30,G,,0,0,000000000,00000000000,0,0,0,1,0,0,0,0,0,0,0,35,0,0,0,12,12,4,1,12,0,0,0,1,12,33040,6,1,0,0,3,0,64,999,0,0,0,0,0,0,0,0,0,0,0,0,0,0,1,5,35,1,1,2,1,0,0,1,51,1,1,1,98,0,0
12,121082,1,3,1,3,4,3,20,12,1,1,0,12,1,35,39,35039,4,1996,JN1CA21D5TT1,J,N,1,C,A,2,1,D,5,T,T,1,0,P,NISS,MGS,4D,96,17,2886,,0,1063,,G,,0,0,000000000,00000000000,0,0,0,1,0,0,0,0,0,0,0,80,0,0,0,12,12,6,2,12,0,0,0,1,12,33705,6,1,0,0,3,0,71,999,0,0,0,3,0,10,2007,5,2008,0,36,0,0,0,2,5,65,1,1,2,1,28,3,1,50,1,1,2,32,1,0
12,121082,2,3,0,3,4,3,20,12,1,1,0,12,6,98,806,98806,61,2006,5PVNB6JKX62S,5,P,V,N,B,6,J,K,X,6,2,S,0,T,HINO,165,CC,6,17,,4,0,0,HIN,D,,0,77,777777777,77777777777,2,1,1,1,0,0,0,0,0,0,0,0,0,0,0,6,6,6,2,12,0,0,0,0,,,,,,,,,999,,,,,,,,,,,,0,0,0,0,2,5,65,1,1,2,1,28,3,0,53,0,0,0,32,0,0
12,121082,3,3,1,3,4,3,20,12,1,1,0,12,2,34,34,34034,4,2004,WBAET37454NJ,W,B,A,E,T,3,7,4,5,4,N,J,0,P,BMW,325,4D,4,17,3219,,0,1073,,G,,0,0,000000000,00000000000,0,0,0,1,0,0,0,0,0,0,0,65,0,0,0,9,9,4,3,12,0,0,0,1,12,33324,6,1,0,0,3,0,71,999,0,0,0,0,0,0,0,0,0,0,0,0,0,0,2,5,65,1,1,2,1,28,3,1,61,1,1,1,98,0,0
12,121083,1,2,2,20,5,18,28,24,0,1,0,12,2,49,40,49040,4,2002,JTDBE32K5200,J,T,D,B,E,3,2,K,5,2,0,0,0,P,TOYT,LXS,4D,2,17,3086,,0,1071,,G,,0,0,000000000,00000000000,0,0,0,1,0,0,0,0,0,0,0,67,0,0,0,3,3,6,2,12,0,0,0,1,12,32234,6,1,0,0,3,0,62,999,0,0,0,0,0,0,0,0,0,0,36,0,0,0,1,2,55,1,1,2,1,28,3,1,13,1,1,4,1,1,0
12,121083,2,2,2,20,5,18,28,24,0,1,0,12,2,20,403,20403,14,2005,1GNDS13S2522,1,G,N,D,S,1,3,S,2,5,2,2,0,P,CHEV,TRL,UT,5,17,4425,,0,1130,,G,,0,0,000000000,00000000000,0,0,0,1,0,0,0,0,0,0,0,50,0,0,0,12,12,6,2,12,0,0,0,1,12,32009,6,1,0,0,3,0,68,999,0,1,0,1,0,6,2009,7,2009,0,0,0,0,0,1,2,55,1,1,2,1,28,3,1,62,1,1,1,98,0,0
12,121084,1,2,1,6,7,13,35,12,6,1,0,12,1,63,31,63031,4,2000,KNAFB1213Y58,K,N,A,F,B,1,2,1,3,Y,5,8,0,P,KIA,SPL,4D,0,17,2478,,0,1008,,G,,0,0,000000000,00000000000,0,0,0,1,0,0,0,0,0,0,0,20,0,0,0,12,12,6,2,12,0,0,0,1,12,33952,6,1,0,0,3,3,69,999,0,0,0,0,0,0,0,0,0,0,38,39,0,0,2,2,35,1,1,2,1,20,3,11,10,1,1,1,68,0,0
12,121084,2,2,1,6,7,13,35,12,6,1,0,12,1,53,705,53705,80,2003,JS1GR7HA6321,J,S,1,G,R,7,H,A,6,3,2,1,0,M,SUZI,SX7,RS,3,17,,,,,,,749,0,0,000000000,00000000000,0,0,0,1,0,0,0,0,0,0,0,55,0,0,0,3,3,6,2,1,0,0,0,1,12,33948,6,1,0,0,3,0,73,999,0,1,0,0,1,3,2010,4,2010,1,0,0,0,0,2,2,35,1,1,2,1,20,3,1,62,1,1,1,69,1,1
12,121085,1,1,1,16,6,22,50,8,0,1,1,12,1,23,471,23471,30,1991,1GTDT14Z1M05,1,G,T,D,T,1,4,Z,1,M,0,5,0,T,GMC,SON,PK,91,17,,1,1179,1083,SON,G,,0,0,000000000,00000000000,0,0,0,1,0,0,0,0,0,0,0,65,0,0,0,12,12,4,3,8,0,0,0,1,12,33823,6,1,0,0,3,0,67,999,0,0,0,1,0,7,2008,7,2008,1,36,91,0,0,2,3,55,1,1,2,1,0,0,1,80,1,1,1,13,0,1
12,121087,1,1,1,23,6,21,35,34,0,1,0,12,2,42,31,42031,1,1994,WDBEA66E5RC1,W,D,B,E,A,6,6,E,5,R,C,1,0,P,MERZ,E32,CV,94,17,3915,,0,1069,,G,,0,0,000000000,00000000000,0,0,0,1,0,0,0,0,0,0,0,55,0,1,5,12,6,6,2,1,0,0,0,1,12,34482,6,1,0,0,3,0,64,999,0,0,0,0,1,7,2008,7,2008,0,0,0,0,0,1,2,55,1,2,2,1,28,3,1,13,1,1,4,1,1,1
12,121088,1,2,1,24,6,10,15,12,6,1,0,12,1,19,3,19003,4,2004,1G6KE57Y54U2,1,G,6,K,E,5,7,Y,5,4,U,2,0,P,CADI,DHS,4D,4,17,4049,1,0,1153,DAK,G,,0,0,000000000,00000000000,0,0,0,1,0,0,0,0,0,0,0,15,0,0,0,9,9,6,2,12,0,0,0,1,12,32003,6,1,0,0,3,0,66,999,0,0,0,0,1,11,2007,11,2007,0,38,0,0,0,2,2,45,1,1,2,1,3,3,11,15,1,1,1,82,1,0
12,121088,2,2,1,24,6,10,15,12,6,1,0,12,1,7,472,7472,30,2001,1B7GL2AN41S1,1,B,7,G,L,2,A,N,4,1,S,1,1,T,DODG,QAD,4C,1,17,,1,0,1309,DAK,G,,1,0,000000000,00000000000,0,0,0,1,0,0,0,0,0,0,0,35,0,0,0,12,12,6,2,12,0,0,0,1,12,32003,6,1,0,0,3,0,71,999,0,0,0,0,0,0,0,0,0,0,0,0,0,0,2,2,45,1,1,2,1,3,3,1,67,6,1,1,83,0,0