STATE,ST_CASE,VEH_NO,VE_FORMS,NUMOCCS,DAY,MONTH,HOUR,MINUTE,HARM_EV,MAN_COLL,UNITTYPE,HIT_RUN,REG_STAT,OWNER,MAKE,MODEL,MAK_MOD,BODY_TYP,MOD_YEAR,VIN,VIN_1,VIN_2,VIN_3,VIN_4,VIN_5,VIN_6,VIN_7,VIN_8,VIN_9,VIN_10,VIN_11,VIN_12,TOW_VEH,VINTYPE,VINMAKE,VINA_MOD,VIN_BT,VINMODYR,VIN_LNGT,VIN_WGT,WGTCD_TR,WHLBS_LG,WHLBS_SH,SER_TR,FUELCODE,MCYCL_DS,J_KNIFE,MCARR_I1,MCARR_I2,MCARR_ID,GVWR,V_CONFIG,CARGO_BT,HAZ_INV,HAZ_PLAC,HAZ_ID,HAZ_CNO,HAZ_REL,BUS_USE,SPEC_USE,EMER_USE,TRAV_SP,UNDERIDE,ROLLOVER,ROLINLOC,IMPACT1,IMPACT2,DEFORMED,TOWED,M_HARM,VEH_SC1,VEH_SC2,FIRE_EXP,DR_PRES,L_STATE,DR_ZIP,L_STATUS,L_TYPE,CDL_STAT,L_ENDORS,L_COMPL,L_RESTRI,DR_HGT,DR_WGT,PREV_ACC,PREV_SUS,PREV_DWI,PREV_SPD,PREV_OTH,FIRST_MO,FIRST_YR,LAST_MO,LAST_YR,SPEEDREL,DR_SF1,DR_SF2,DR_SF3,DR_SF4,VTRAFWAY,VNUM_LAN,VSPD_LIM,VALIGN,VPROFILE,VPAVETYP,VSURCOND,VTRAFCON,VTCONT_F,P_CRASH1,P_CRASH2,P_CRASH3,PCRASH4,PCRASH5,ACC_TYPE,DEATHS,DR_DRINK
12,121089,1,1,1,26,6,1,26,1,0,1,0,12,1,7,482,7482,31,1998,3B7HC13Y5WG2,3,B,7,H,C,1,3,Y,5,W,G,2,0,T,DODG,Q15,4C,98,17,,2,1547,1387,RPC,G,,0,0,000000000,00000000000,0,0,0,1,0,0,0,0,0,0,0,55,0,1,3,0,0,6,2,1,0,0,0,1,12,32402,6,1,0,0,3,3,69,999,0,0,0,0,0,0,0,0,0,0,36,0,0,0,2,2,55,1,1,2,2,0,0,1,12,1,1,4,6,1,1
12,121090,1,1,7,1,7,17,25,1,0,1,0,12,2,12,422,12422,15,2000,1FMRU1660YLB,1,F,M,R,U,1,6,6,0,Y,L,B,0,P,FORD,EPT,UT,0,17,5275,,0,1191,,G,,0,0,000000000,00000000000,0,0,0,1,0,0,0,0,0,0,0,55,0,1,1,0,0,6,2,1,0,0,0,1,97,0,9,9,99,9,9,9,999,999,99,99,99,99,99,99,9999,99,9999,0,36,0,0,0,1,2,45,3,1,2,1,28,3,14,13,6,4,6,98,1,0
12,121091,1,1,2,5,7,22,40,38,0,1,0,12,2,12,401,12401,14,1993,1FMCU24X5PUB,1,F,M,C,U,2,4,X,5,P,U,B,0,P,FORD,EPR,UT,93,17,3890,,0,1020,,G,,0,0,000000000,00000000000,0,0,0,1,0,0,0,0,0,0,0,60,0,0,0,12,12,6,2,42,0,0,0,1,12,32025,6,1,0,0,3,0,67,999,0,1,0,0,0,7,2008,7,2008,1,36,0,0,0,1,2,45,2,1,2,1,28,3,14,13,1,1,4,1,1,0
12,121092,1,1,1,5,7,20,0,1,0,1,0,12,2,12,401,12401,14,1999,1FMYU22E2XUA,1,F,M,Y,U,2,2,E,2,X,U,A,0,P,FORD,EPR,UT,99,17,3675,,0,1017,,G,,0,0,000000000,00000000000,0,0,0,1,0,0,0,0,0,0,0,75,0,1,5,0,11,6,2,1,0,0,0,1,12,33064,6,1,0,0,3,3,67,999,0,0,0,0,1,7,2009,7,2009,1,0,0,0,0,6,1,65,2,1,2,2,21,3,14,12,7,3,4,2,1,0
12,121093,1,1,1,6,7,14,30,8,0,1,0,40,3,12,461,12461,21,2006,1FDWE35L16HB,1,F,D,W,E,3,5,L,1,6,H,B,0,T,FORD,3DC,YY,6,17,,3,1760,1380,CTV,G,,0,88,888888888,88888888888,2,1,1,1,0,0,0,0,0,0,0,5,0,0,0,12,12,4,1,8,0,0,0,1,12,32578,6,1,0,0,3,0,74,999,0,0,0,0,0,0,0,0,0,0,38,0,0,0,1,9,99,1,1,2,2,0,0,11,80,1,1,2,13,0,0
12,121094,1,2,1,8,7,8,30,12,1,1,0,12,1,20,22,20022,4,2008,1G1AK58F4871,1,G,1,A,K,5,8,F,4,8,7,1,0,P,CHEV,BLS,4D,8,17,3216,,0,1033,,G,,0,0,000000000,00000000000,0,0,0,1,0,0,0,0,0,0,0,85,0,0,0,12,12,6,2,12,0,0,0,1,12,32226,6,1,0,0,3,3,61,999,0,0,0,0,1,5,2008,5,2008,1,36,0,0,0,2,2,70,3,1,2,1,28,3,14,51,1,1,1,24,0,0
12,121094,2,2,9,8,7,8,30,12,1,1,0,5,2,7,402,7402,14,2001,1B4HR28N01F6,1,B,4,H,R,2,8,N,0,1,F,6,0,P,DODG,DUR,UT,1,17,4272,,0,1159,,G,,0,0,000000000,00000000000,0,0,0,1,0,0,0,0,0,0,0,70,0,1,5,6,6,6,2,1,0,0,0,1,5,72118,6,1,0,0,3,0,73,999,0,0,1,0,1,1,2009,7,2010,0,0,0,0,0,2,2,70,2,1,2,1,28,3,14,53,1,1,1,25,2,0
12,121095,1,1,1,8,7,16,43,59,0,1,0,12,1,53,706,53706,80,2006,JS1GW71A5621,J,S,1,G,W,7,1,A,5,6,2,1,0,M,SUZI,GXR,RS,6,17,,,,,,,1298,0,0,000000000,00000000000,0,0,0,1,0,0,0,0,0,0,0,40,0,0,0,12,12,6,2,1,0,0,0,1,12,32417,6,1,0,0,3,0,71,999,3,3,0,4,2,10,2007,12,2009,0,36,0,0,0,1,2,35,3,1,2,1,28,3,14,13,1,1,4,1,1,0
12,121096,1,1,1,10,7,23,15,8,0,1,0,12,1,24,9,24009,4,2007,1G8ZS57N37F1,1,G,8,Z,S,5,7,N,3,7,F,1,0,P,STRN,AXE,4D,7,17,3528,,0,1123,,G,,0,0,000000000,00000000000,0,0,0,1,0,0,0,0,0,0,0,30,0,0,0,12,12,4,1,8,0,0,0,1,12,33170,6,1,0,0,3,0,67,999,0,0,0,0,0,0,0,0,0,0,0,0,0,0,2,2,35,1,1,2,1,28,3,1,80,1,1,1,13,0,0
12,121098,1,3,1,10,7,8,30,12,6,1,0,12,1,6,41,6041,4,1999,2C3HD46J6XH7,2,C,3,H,D,4,6,J,6,X,H,7,0,P,CHRY,CIX,4D,99,17,3474,,0,1130,,G,,0,0,000000000,00000000000,0,0,0,1,0,0,0,0,0,0,0,15,0,0,0,12,12,6,2,12,0,0,0,1,12,33755,6,1,0,0,3,3,66,999,0,0,0,0,0,0,0,0,0,0,38,0,0,0,1,2,60,1,1,2,1,20,3,11,15,1,1,1,76,0,0
12,121098,2,3,3,10,7,8,30,12,6,1,0,12,2,52,34,52034,4,2005,4A3AB56S95E0,4,A,3,A,B,5,6,S,9,5,E,0,0,P,MITS,LSP,4D,5,17,3560,,0,1083,,G,,0,0,000000000,00000000000,0,0,0,1,0,0,0,0,0,0,0,60,0,0,0,3,3,6,2,12,0,0,0,1,12,33825,6,1,0,0,3,3,61,999,0,0,0,0,0,0,0,0,0,0,0,0,0,0,1,2,60,1,1,2,1,28,3,1,65,1,1,1,77,0,0
12,121098,3,3,1,10,7,8,30,12,6,1,0,12,2,20,461,20461,21,2002,1GBHG31R0211,1,G,B,H,G,3,1,R,0,2,1,1,0,T,CHEV,CT3,MY,2,17,,2,1770,1390,ETV,G,,0,0,000000000,00000000000,0,0,0,1,0,0,0,0,0,0,0,60,0,0,0,12,12,6,2,12,0,0,0,1,12,33876,6,1,6,3,3,3,62,999,1,0,0,0,1,8,2009,10,2009,0,0,0,0,0,1,2,60,1,1,2,1,28,3,1,50,1,1,1,98,1,0
12,121099,1,2,1,10,7,16,36,12,2,1,0,12,1,49,401,49401,14,1995,JT3VN39W3S01,J,T,3,V,N,3,9,W,3,S,0,1,0,P,TOYT,RUN,UT,95,17,4105,,0,1033,,G,,0,0,000000000,00000000000,0,0,0,1,0,0,0,0,0,0,0,55,0,0,0,12,12,6,2,12,0,0,0,1,12,33040,6,1,6,0,3,0,72,999,0,0,0,2,0,6,2008,12,2009,0,28,0,0,0,1,2,60,1,1,2,1,28,3,1,52,8,1,2,50,0,0
12,121099,2,2,6,10,7,16,36,12,2,1,0,42,1,12,442,12442,20,2003,2FMZA51443BB,2,F,M,Z,A,5,1,4,4,3,B,B,0,T,FORD,WLX,ES,3,17,,1,0,1207,WIN,G,,0,0,000000000,00000000000,0,0,0,1,0,0,0,0,0,0,0,50,0,0,0,12,12,6,2,12,0,0,0,1,42,15905,6,1,0,0,3,0,72,999,0,0,0,0,0,0,0,0,0,0,0,0,0,0,1,2,60,1,1,2,1,28,3,1,62,1,1,1,51,1,0
12,121100,1,1,2,11,7,20,55,8,0,1,0,37,2,51,45,51045,4,1999,YV1TS97D0X10,Y,V,1,T,S,9,7,D,0,X,1,0,0,P,VOLV,S80,4D,99,17,3569,,0,1099,,G,,0,0,000000000,00000000000,0,0,0,1,0,0,0,0,0,0,0,45,0,0,0,12,12,6,2,8,0,0,0,1,37,28451,6,1,0,0,3,0,63,999,0,0,0,0,0,0,0,0,0,0,0,0,0,0,5,4,45,1,1,2,1,28,3,1,80,3,1,1,13,0,0
12,121101,1,2,1,11,7,3,20,12,2,1,0,12,1,20,481,20481,31,2000,2GCEK19T3Y12,2,G,C,E,K,1,9,T,3,Y,1,2,0,T,CHEV,SK1,PC,0,17,,2,1575,1435,SIL,G,,0,0,000000000,00000000000,0,0,0,1,0,0,0,0,0,0,0,55,0,0,0,12,12,6,2,12,0,0,0,1,12,32060,6,1,0,0,3,0,72,999,0,2,1,1,0,4,2009,4,2009,0,28,0,0,0,1,2,60,1,1,2,1,28,3,1,10,1,1,2,50,0,1
12,121101,2,2,5,11,7,3,20,12,2,1,0,99,9,12,16,12016,4,1999,2FAFP71WXXX1,2,F,A,F,P,7,1,W,X,X,X,1,0,P,FORD,CVP,4D,99,17,0,,0,1147,,G,,0,0,000000000,00000000000,0,0,0,1,0,0,0,0,0,0,0,55,0,0,0,12,12,6,2,12,0,0,0,1,12,32038,0,0,0,0,0,0,999,999,0,0,0,0,0,0,0,0,0,0,0,0,0,0,1,2,60,1,1,2,1,28,3,1,62,1,1,1,51,1,1
12,121102,1,2,1,13,7,17,21,12,6,1,0,12,1,73,709,73709,80,2009,JKAZXCE109A0,J,K,A,Z,X,C,E,1,0,9,A,0,0,M,KAWK,Z0E,RC,9,17,,,,,,,998,0,0,000000000,00000000000,0,0,0,1,0,0,0,0,0,0,0,50,0,0,0,12,12,6,2,12,0,0,0,1,12,32955,6,1,0,0,3,0,72,999,0,5,0,3,1,8,2008,11,2009,1,33,0,0,0,1,2,30,1,1,2,1,28,3,6,61,1,1,2,73,1,0
12,121102,2,2,2,13,7,17,21,12,6,1,0,12,4,53,40,53040,5,2008,JS2YC4122851,J,S,2,Y,C,4,1,2,2,8,5,1,0,P,SUZI,SXC,4D,8,17,2668,,0,984,,G,,0,0,000000000,00000000000,0,0,0,1,0,0,0,0,0,0,0,10,0,0,0,9,9,6,2,12,0,0,0,1,17,60108,6,1,0,0,3,0,73,190,0,0,0,0,0,0,0,0,0,0,0,0,0,0,1,2,30,1,1,2,1,28,3,11,15,1,1,1,72,0,0
12,121103,1,2,2,26,4,16,5,12,6,1,1,12,3,7,402,7402,14,1999,1B4HR28Y6XF6,1,B,4,H,R,2,8,Y,6,X,F,6,0,P,DODG,DUR,UT,99,17,4144,,0,1159,,G,,0,0,000000000,00000000000,0,0,0,1,0,0,0,0,0,0,0,30,0,0,0,12,12,4,1,12,0,0,0,1,12,33317,6,1,0,0,3,3,69,999,0,1,0,0,0,11,2009,11,2009,0,39,0,0,0,1,2,25,1,1,2,1,20,3,1,17,1,1,1,88,0,0
12,121103,2,2,1,26,4,16,5,12,6,1,0,12,1,48,34,48034,4,1991,4S3BC6327M96,4,S,3,B,C,6,3,2,7,M,9,6,0,P,SUBA,LGX,4D,91,17,2650,,0,1016,,G,,0,0,000000000,00000000000,0,0,0,1,0,0,0,0,0,0,0,15,0,0,0,9,9,6,2,12,0,0,0,1,12,33461,1,1,0,0,2,3,69,999,0,1,0,0,0,11,2009,11,2009,0,0,0,0,0,1,2,25,1,1,2,1,0,0,1,66,1,1,1,89,1,0
12,121104,1,2,1,11,5,14,49,12,6,1,0,12,1,21,21,21021,4,2002,1G3NL52F52C1,1,G,3,N,L,5,2,F,5,2,C,1,0,P,OLDS,A/G,4D,2,17,3016,,0,1070,,G,,0,0,000000000,00000000000,0,0,0,1,0,0,0,0,0,0,0,25,0,0,0,12,12,4,1,12,0,0,0,1,12,33705,6,1,0,0,3,0,65,999,0,0,0,0,0,0,0,0,0,0,38,0,0,0,1,2,35,1,1,2,1,20,3,1,17,1,1,1,88,0,0
12,121104,2,2,1,11,5,14,49,12,6,1,0,12,1,53,705,53705,80,2005,JS1CP51A1521,J,S,1,C,P,5,1,A,1,5,2,1,0,M,SUZI,A6K,MS,5,17,,,,,,,638,0,0,000000000,00000000000,0,0,0,1,0,0,0,0,0,0,0,35,0,0,0,11,11,6,2,12,0,0,0,1,12,33713,6,1,0,0,3,0,69,999,0,0,0,1,0,2,2009,2,2009,0,0,0,0,0,2,3,35,1,1,2,1,0,0,1,66,1,1,1,89,1,0
12,121105,1,1,3,11,6,19,58,42,0,1,0,12,2,35,43,35043,4,1992,JN1EB31PXNU1,J,N,1,E,B,3,1,P,X,N,U,1,0,P,NISS,SEN,4D,92,17,2288,,0,956,,G,,0,0,000000000,00000000000,0,0,0,1,0,0,0,0,0,0,0,85,0,0,0,12,12,6,2,42,0,0,0,1,12,33903,6,1,0,0,3,0,73,999,0,0,0,0,0,0,0,0,0,0,92,0,0,0,2,2,50,1,1,2,1,28,3,1,13,1,2,4,2,1,1
12,121106,1,2,2,2,7,12,30,12,2,1,0,12,2,49,47,49047,6,2005,2T1KR32E05C4,2,T,1,K,R,3,2,E,0,5,C,4,0,P,TOYT,CTR,4H,5,17,2679,,0,1024,,G,,0,0,000000000,00000000000,0,0,0,1,0,0,0,0,0,0,0,65,0,0,0,12,12,6,2,12,0,0,0,1,12,32046,6,1,0,0,3,0,73,999,0,0,0,0,0,0,0,0,0,0,28,0,0,0,1,2,60,1,1,2,2,28,3,1,8,1,4,2,51,1,0
12,121106,2,2,1,2,7,12,30,12,2,1,0,12,2,6,43,6043,2,2000,4C3AU52N1YE0,4,C,3,A,U,5,2,N,1,Y,E,0,0,P,CHRY,SLI,2P,0,17,3115,,0,1037,,G,,0,0,000000000,00000000000,0,0,0,1,0,0,0,0,0,0,0,35,0,0,0,12,12,6,2,12,0,0,0,1,12,32046,6,1,0,0,3,0,63,999,0,0,0,0,0,0,0,0,0,0,0,0,0,0,1,2,60,2,1,2,2,28,3,14,62,1,1,1,50,0,0
12,121107,1,2,2,2,7,20,58,12,6,1,0,12,1,20,481,20481,31,1989,1GCDC14H5KE2,1,G,C,D,C,1,4,H,5,K,E,2,0,T,CHEV,GC1,PK,89,17,,1,1315,1175,GM4,G,,0,0,000000000,00000000000,0,0,0,1,0,0,0,0,0,0,0,70,0,0,0,12,12,6,2,12,0,0,0,1,12,32054,1,1,0,0,2,0,74,999,0,3,0,1,0,12,2007,2,2010,0,37,36,92,0,1,2,50,1,1,2,1,20,3,1,17,1,2,1,88,0,0
12,121107,2,2,2,2,7,20,58,12,6,1,0,12,2,2,407,2407,14,2008,1J8FT28W68D5,1,J,8,F,T,2,8,W,6,8,D,5,0,T,JEEP,SPO,4W,8,17,,1,0,1037,PRT,G,,0,0,000000000,00000000000,0,0,0,1,0,0,0,0,0,0,0,5,0,1,5,9,9,6,2,12,0,0,0,1,12,32091,6,1,0,0,3,0,63,999,0,0,0,0,0,0,0,0,0,0,0,0,0,0,1,2,50,1,1,2,1,20,3,1,66,1,1,1,89,1,0
12,121108,1,4,2,3,7,13,15,12,6,1,0,12,2,35,47,35047,4,2006,1N4AL11D06C1,1,N,4,A,L,1,1,D,0,6,C,1,0,P,NISS,ASL,4D,6,17,2915,,0,1102,,G,,0,0,000000000,00000000000,0,0,0,1,0,0,0,0,0,0,0,70,0,1,3,9,13,6,2,1,0,0,0,1,12,33870,6,1,0,0,3,0,76,999,0,0,0,0,0,0,0,0,0,1,39,37,0,0,2,2,45,3,1,2,1,3,3,14,17,1,1,1,83,1,0
12,121108,2,4,1,3,7,13,15,12,6,1,0,39,2,20,481,20481,31,2007,2GCEK13C9717,2,G,C,E,K,1,3,C,9,7,1,7,0,T,CHEV,1KW,CW,7,17,,2,0,1435,SIL,G,,0,0,000000000,00000000000,0,0,0,1,0,0,0,0,0,0,0,15,0,1,1,12,12,6,2,1,0,0,0,1,39,45648,6,1,0,0,3,0,62,999,0,0,0,0,0,0,0,0,0,0,0,0,0,0,2,2,45,1,1,2,1,3,3,11,66,1,1,1,82,0,0
12,121108,3,4,4,3,7,13,15,12,6,1,0,5,1,52,401,52401,14,2005,4A4MM21SX5E0,4,A,4,M,M,2,1,S,X,5,E,0,0,P,MITS,END,UT,5,17,3869,,0,1083,,G,,0,0,000000000,00000000000,0,0,0,1,0,0,0,0,0,0,0,20,0,0,0,12,12,6,2,12,0,0,0,1,5,72207,6,1,0,0,3,0,69,999,0,0,0,0,0,0,0,0,0,0,0,0,0,0,2,2,45,2,1,2,1,3,3,14,62,1,1,1,98,0,0
12,121108,4,4,1,3,7,13,15,12,6,1,0,1,2,59,32,59032,4,2008,JTHBL46F7850,J,T,H,B,L,4,6,F,7,8,5,0,0,P,LEXS,L46,4D,8,17,4244,,0,1169,,G,,0,0,000000000,00000000000,0,0,0,1,0,0,0,0,0,0,0,20,0,0,0,12,12,4,9,54,0,0,0,1,1,35801,6,1,0,0,3,0,67,999,0,0,0,0,0,0,0,0,0,0,0,0,0,0,2,2,45,2,1,2,1,3,3,14,98,7,1,2,98,0,0
12,121109,1,1,1,3,7,7,20,42,0,1,0,12,1,12,3,12003,2,2006,1ZVFT82H9652,1,Z,V,F,T,8,2,H,9,6,5,2,0,P,FORD,MGT,CP,6,17,3483,,0,1071,,G,,0,0,000000000,00000000000,0,0,0,1,0,0,0,0,0,0,0,70,0,0,0,12,12,6,2,42,0,0,0,1,47,37167,6,1,0,0,3,0,74,999,0,0,0,0,0,0,0,0,0,0,36,0,0,0,3,2,70,1,1,2,2,28,3,15,13,1,3,4,2,1,0
12,121110,1,2,1,4,7,5,4,12,2,1,0,12,1,55,33,55033,4,2011,5NPEB4AC6BH0,5,N,P,E,B,4,A,C,6,B,H,0,0,P,HYUN,SGL,4D,11,17,3161,,0,1100,,G,,0,0,000000000,00000000000,0,0,0,1,0,0,0,0,0,0,0,70,0,0,0,12,12,6,2,12,0,0,0,1,12,34957,6,1,0,0,3,3,46,999,0,0,0,0,0,0,0,0,0,0,51,0,0,0,3,3,70,1,1,2,1,28,3,1,54,1,1,1,52,0,1
12,121110,2,2,1,4,7,5,4,12,2,1,0,12,1,20,2,20002,4,2006,2G1WT55KX691,2,G,1,W,T,5,5,K,X,6,9,1,0,P,CHEV,IMT,4D,6,17,3477,,0,1105,,F,,0,0,000000000,00000000000,0,0,0,1,0,0,0,0,0,0,0,70,0,0,0,12,12,6,2,12,0,0,0,1,12,32920,6,1,0,0,3,0,68,999,0,0,0,0,0,0,0,0,0,0,0,0,0,0,3,3,70,1,1,2,1,28,3,1,54,1,1,1,52,1,0
12,121111,1,1,1,6,7,21,55,1,0,1,0,12,2,6,52,6052,6,2007,3A4FY48B37T5,3,A,4,F,Y,4,8,B,3,7,T,5,0,P,CHRY,PTC,SV,7,17,2985,,0,1030,,G,,0,0,000000000,00000000000,0,0,0,1,0,0,0,0,0,0,0,78,0,2,3,0,0,6,2,1,0,0,0,1,12,34950,6,1,0,0,3,3,68,999,0,1,0,0,0,10,2008,10,2008,1,0,0,0,0,2,2,55,1,2,2,1,28,3,1,6,6,3,4,7,1,0
12,121112,1,2,1,8,7,9,2,12,6,1,0,12,1,20,32,20032,4,1992,1Y1SK5463NZ0,1,Y,1,S,K,5,4,6,3,N,Z,0,0,P,GEO,GEP,4D,92,17,2435,,0,957,,G,,0,0,000000000,00000000000,0,0,0,1,0,0,0,0,0,0,0,15,0,0,0,9,9,6,2,12,0,0,0,1,12,32825,6,1,0,0,3,0,64,999,0,0,0,0,0,0,0,0,0,0,38,0,0,0,1,2,25,1,1,2,1,20,3,11,15,1,1,1,82,0,0
12,121112,2,2,1,8,7,9,2,12,6,1,0,12,2,53,705,53705,80,2008,JS1GN7EA7821,J,S,1,G,N,7,E,A,7,8,2,1,0,M,SUZI,G60,RS,8,17,,,,,,,599,0,0,000000000,00000000000,0,0,0,1,0,0,0,0,0,0,0,92,0,0,0,12,12,6,2,12,0,0,0,1,12,32812,1,1,0,0,2,0,70,999,0,3,0,1,0,7,2008,5,2010,1,0,0,0,0,5,4,45,1,1,2,1,28,3,1,67,1,1,1,83,1,0
12,121113,1,1,1,9,7,23,21,8,0,1,0,12,2,14,4,14004,2,1995,1MELM62W6SH6,1,M,E,L,M,6,2,W,6,S,H,6,0,P,MERC,XR7,2D,95,17,3533,,0,1130,,G,,0,0,000000000,00000000000,0,0,0,1,0,0,0,0,0,0,0,40,0,0,0,1,12,4,9,8,0,0,0,1,12,34653,1,1,1,0,2,3,67,999,0,1,0,3,4,1,2009,6,2010,0,0,0,0,0,1,2,40,1,1,2,1,0,0,1,80,8,1,1,13,0,0
12,121114,1,1,1,16,1,12,53,8,0,1,0,12,1,20,2,20002,4,2005,2G1WF52EX591,2,G,1,W,F,5,2,E,X,5,9,1,0,P,CHEV,IMP,4D,5,17,3389,,0,1105,,G,,0,0,000000000,00000000000,0,0,0,1,0,0,0,0,0,0,0,999,0,0,0,6,6,4,1,8,0,0,0,1,12,33311,6,1,0,0,3,0,65,999,1,3,0,0,1,10,2008,9,2009,0,0,0,0,0,1,2,99,1,1,2,1,99,9,13,80,1,1,1,92,0,0
12,121115,1,1,2,29,1,15,3,42,0,1,0,12,1,12,16,12016,4,1997,2FALP74W5VX1,2,F,A,L,P,7,4,W,5,V,X,1,0,P,FORD,CVL,4D,97,17,0,,0,1144,,G,,0,0,000000000,00000000000,0,0,0,1,0,0,0,0,0,0,0,40,0,0,0,12,12,6,2,42,0,0,0,1,12,33442,6,1,0,0,3,0,72,999,0,0,0,0,0,0,0,0,0,0,92,0,0,0,2,2,15,1,1,2,1,0,0,1,12,1,1,4,6,1,0
12,121116,1,1,1,25,5,13,32,8,0,1,0,12,1,87,881,87881,66,1994,1XP5DB9X3RN3,1,X,P,5,D,B,9,X,3,R,N,3,1,T,PTRB,379,DS,94,17,,8,0,0,CON,D,,1,12,767909,12767909,3,6,1,1,0,0,0,0,0,0,0,999,0,0,0,11,11,0,1,8,0,0,0,1,12,33578,6,1,6,3,3,0,73,999,0,0,0,0,0,0,0,0,0,0,0,0,0,0,2,2,45,1,1,2,1,3,3,11,80,1,1,1,13,0,0
12,121117,1,1,1,1,6,23,9,8,0,1,0,12,1,12,461,12461,21,1999,1FTRE1420XHB,1,F,T,R,E,1,4,2,0,X,H,B,0,T,FORD,15V,CG,99,17,,2,0,1380,VAN,G,,0,0,000000000,00000000000,0,0,0,1,0,0,0,0,0,0,0,10,0,0,0,12,12,4,3,8,0,0,0,1,12,33183,6,1,0,0,3,0,61,999,0,0,0,0,0,0,0,0,0,0,0,0,0,0,2,2,30,1,1,2,1,3,3,11,80,1,1,1,13,0,0
12,121118,1,2,1,8,6,6,5,12,6,1,0,12,1,20,481,20481,31,2006,2GCEC19N6611,2,G,C,E,C,1,9,N,6,6,1,1,0,T,CHEV,SC1,4C,6,17,,2,1575,1340,SIL,G,,0,0,000000000,00000000000,0,0,0,1,0,0,0,0,0,0,0,50,0,0,0,12,12,6,2,12,0,0,0,1,12,34141,6,1,0,0,3,3,69,999,0,0,0,1,0,12,2008,12,2008,0,39,0,0,0,2,3,40,1,1,2,1,3,3,6,17,1,1,1,83,0,1
12,121118,2,2,2,8,6,6,5,12,6,1,0,12,1,35,43,35043,4,1994,1N4EB31P4RC8,1,N,4,E,B,3,1,P,4,R,C,8,0,P,NISS,SEL,4D,94,17,2346,,0,957,,G,,0,0,000000000,00000000000,0,0,0,1,0,0,0,0,0,0,0,15,0,0,0,2,2,6,2,12,0,0,0,1,12,33143,6,1,6,0,3,0,61,999,0,0,0,0,0,0,0,0,0,0,0,0,0,0,2,3,40,1,1,2,1,3,3,11,66,1,1,1,82,1,0
12,121119,1,2,1,9,6,21,11,12,6,1,0,12,1,53,706,53706,80,2006,JS1GT76A3621,J,S,1,G,T,7,6,A,3,6,2,1,0,M,SUZI,XR1,RS,6,17,,,,,,,999,0,0,000000000,00000000000,0,0,0,1,0,0,0,0,0,0,0,999,0,0,0,12,12,6,2,12,0,0,0,1,12,33177,6,1,0,0,3,3,75,999,0,0,0,2,0,2,2008,11,2009,0,36,0,0,0,2,3,45,1,1,2,1,3,3,1,17,1,1,1,69,1,0
12,121119,2,2,1,9,6,21,11,12,6,1,0,12,1,54,39,54039,4,2006,JH4CL96866C0,J,H,4,C,L,9,6,8,6,6,C,0,0,P,ACUR,TSX,4D,6,17,3345,,0,1079,,G,,0,0,000000000,00000000000,0,0,0,1,0,0,0,0,0,0,0,15,0,0,0,3,3,6,2,12,0,0,0,1,12,33187,6,1,0,0,3,0,63,999,0,0,0,0,0,0,0,0,0,0,0,0,0,0,2,3,35,1,1,2,1,3,3,11,66,1,1,1,68,0,0
12,121120,1,1,3,23,6,8,35,8,0,1,0,12,1,49,442,49442,20,2005,5TDZA23C45S2,5,T,D,Z,A,2,3,C,4,5,S,2,0,P,TOYT,SIE,SV,5,17,4120,,0,1193,,G,,0,0,000000000,00000000000,0,0,0,1,0,0,0,0,0,0,0,25,0,0,0,11,11,4,3,8,0,0,0,1,12,33463,6,1,0,0,3,3,66,999,0,0,0,2,0,10,2007,2,2008,0,0,0,0,0,2,4,45,1,1,2,1,0,0,1,80,7,1,1,13,0,0
12,121121,1,1,1,24,6,22,58,9,0,1,0,12,2,52,34,52034,4,2004,4A3AB36S64E1,4,A,3,A,B,3,6,S,6,4,E,1,0,P,MITS,LSM,4D,4,17,3351,,0,1083,,G,,0,0,000000000,00000000000,0,0,0,1,0,0,0,0,0,0,0,999,0,0,0,1,1,4,3,9,0,0,0,1,12,33321,6,1,0,0,3,0,70,999,0,5,0,2,0,5,2009,3,2010,0,0,0,0,0,1,4,35,1,1,2,1,0,0,1,83,1,1,1,13,0,0
12,121122,1,1,1,25,6,23,57,42,0,1,0,12,2,20,481,20481,31,2005,2GCEK13T2511,2,G,C,E,K,1,3,T,2,5,1,1,0,T,CHEV,SK1,CW,5,17,,2,0,1435,SIL,G,,0,0,000000000,00000000000,0,0,0,1,0,0,0,0,0,0,0,70,0,1,1,11,11,6,2,42,0,0,0,1,12,34736,0,0,0,0,0,0,999,999,0,0,0,0,0,0,0,0,0,1,0,0,0,0,1,2,30,1,1,2,1,0,0,1,6,1,1,4,6,1,1
12,121123,1,2,1,27,6,5,29,12,2,1,0,12,2,37,31,37031,2,2001,1HGEM22931L0,1,H,G,E,M,2,2,9,3,1,L,0,0,P,HOND,SIX,CP,1,17,2590,,0,1031,,G,,0,0,000000000,00000000000,0,0,0,1,0,0,0,0,0,0,0,60,0,0,0,12,12,6,2,12,0,0,0,1,12,33324,2,1,0,0,2,0,69,999,0,1,0,1,0,2,2009,5,2010,0,51,0,0,0,2,2,40,1,1,2,1,28,3,1,54,1,1,1,52,1,0