STATE,ST_CASE,VEH_NO,VE_FORMS,NUMOCCS,DAY,MONTH,HOUR,MINUTE,HARM_EV,MAN_COLL,UNITTYPE,HIT_RUN,REG_STAT,OWNER,MAKE,MODEL,MAK_MOD,BODY_TYP,MOD_YEAR,VIN,VIN_1,VIN_2,VIN_3,VIN_4,VIN_5,VIN_6,VIN_7,VIN_8,VIN_9,VIN_10,VIN_11,VIN_12,TOW_VEH,VINTYPE,VINMAKE,VINA_MOD,VIN_BT,VINMODYR,VIN_LNGT,VIN_WGT,WGTCD_TR,WHLBS_LG,WHLBS_SH,SER_TR,FUELCODE,MCYCL_DS,J_KNIFE,MCARR_I1,MCARR_I2,MCARR_ID,GVWR,V_CONFIG,CARGO_BT,HAZ_INV,HAZ_PLAC,HAZ_ID,HAZ_CNO,HAZ_REL,BUS_USE,SPEC_USE,EMER_USE,TRAV_SP,UNDERIDE,ROLLOVER,ROLINLOC,IMPACT1,IMPACT2,DEFORMED,TOWED,M_HARM,VEH_SC1,VEH_SC2,FIRE_EXP,DR_PRES,L_STATE,DR_ZIP,L_STATUS,L_TYPE,CDL_STAT,L_ENDORS,L_COMPL,L_RESTRI,DR_HGT,DR_WGT,PREV_ACC,PREV_SUS,PREV_DWI,PREV_SPD,PREV_OTH,FIRST_MO,FIRST_YR,LAST_MO,LAST_YR,SPEEDREL,DR_SF1,DR_SF2,DR_SF3,DR_SF4,VTRAFWAY,VNUM_LAN,VSPD_LIM,VALIGN,VPROFILE,VPAVETYP,VSURCOND,VTRAFCON,VTCONT_F,P_CRASH1,P_CRASH2,P_CRASH3,PCRASH4,PCRASH5,ACC_TYPE,DEATHS,DR_DRINK
12,121123,2,2,3,27,6,5,29,12,2,1,0,12,2,37,441,37441,20,2002,2HKRL18722H5,2,H,K,R,L,1,8,7,2,2,H,5,0,P,HOND,UDY,SV,2,17,4376,,0,1181,,G,,0,0,000000000,00000000000,0,0,0,1,0,0,0,0,0,0,0,40,0,0,0,12,12,6,2,12,0,0,0,1,12,33071,6,1,0,0,3,0,67,999,0,0,0,1,0,10,2009,10,2009,0,0,0,0,0,2,2,40,1,1,2,1,28,3,1,54,1,1,1,52,0,0
12,121124,1,2,2,2,7,9,27,12,6,1,0,12,1,37,31,37031,4,2000,2HGEJ6618YH5,2,H,G,E,J,6,6,1,8,Y,H,5,0,P,HOND,UCE,4D,0,17,2388,,0,1032,,G,,0,0,000000000,00000000000,0,0,0,1,0,0,0,0,0,0,0,999,0,0,0,3,3,6,2,12,0,0,0,1,12,33647,6,1,0,0,3,0,69,999,0,0,0,0,0,0,0,0,0,1,28,0,0,0,1,2,40,3,1,2,2,28,3,14,6,1,1,2,64,1,0
12,121124,2,2,1,2,7,9,27,12,6,1,0,12,1,22,20,22020,4,2004,2G2WP5228413,2,G,2,W,P,5,2,2,8,4,1,3,0,P,PONT,GPG,4D,4,17,3477,,0,1105,,G,,0,0,000000000,00000000000,0,0,0,1,0,0,0,0,0,0,0,999,0,0,0,11,11,6,2,12,0,0,0,1,12,33544,6,1,0,0,3,0,61,999,0,0,0,0,0,0,0,0,0,0,0,0,0,0,1,2,40,3,1,2,2,28,3,14,62,1,1,1,65,0,0
12,121125,1,1,1,4,7,3,0,38,0,1,0,12,2,6,51,6051,4,2005,2C3JA43R95H6,2,C,3,J,A,4,3,R,9,5,H,6,0,P,CHRY,C30,4D,5,17,3629,,0,1200,,G,,0,0,000000000,00000000000,0,0,0,1,0,0,0,0,0,0,0,999,0,0,0,12,12,6,2,38,0,0,0,1,12,32224,6,1,0,0,3,0,62,999,0,0,0,0,0,0,0,0,0,0,36,0,0,0,5,4,45,1,1,2,1,0,0,1,12,1,1,4,6,1,0
12,121126,1,1,1,15,7,21,20,8,0,1,0,12,1,23,401,23401,14,2002,1GKDS13S6222,1,G,K,D,S,1,3,S,6,2,2,2,0,T,GMC,ENV,4W,2,17,,1,0,1130,ENV,G,,0,0,000000000,00000000000,0,0,0,1,0,0,0,0,0,0,0,35,0,0,0,12,12,4,1,8,0,0,0,1,12,33155,6,1,0,0,3,3,63,999,0,0,0,0,0,0,0,0,0,0,0,0,0,0,2,2,35,1,1,2,1,28,3,1,80,1,1,1,13,0,0
12,121127,1,2,1,19,6,22,55,1,0,1,0,12,2,53,706,53706,80,2004,JS1GT75A1421,J,S,1,G,T,7,5,A,1,4,2,1,0,M,SUZI,XR1,RS,4,17,,,,,,,988,0,0,000000000,00000000000,0,0,0,1,0,0,0,0,0,0,0,85,0,0,0,0,0,6,2,1,0,0,0,1,12,32211,6,1,0,0,3,0,69,999,0,0,0,3,0,3,2009,3,2010,1,36,0,0,0,3,3,65,1,2,2,2,28,3,1,6,1,1,1,98,1,0
12,121127,2,2,2,19,6,22,55,1,0,1,0,12,1,6,441,6441,20,1999,1C4GP54L4XB8,1,C,4,G,P,5,4,L,4,X,B,8,0,P,CHRY,TWC,SV,99,17,3953,,0,1193,,G,,0,0,000000000,00000000000,0,0,0,1,0,0,0,0,0,0,0,65,0,0,0,14,14,4,1,12,0,0,0,1,12,32244,6,1,0,0,3,0,67,999,0,0,0,0,0,0,0,0,0,0,0,0,0,0,3,3,65,1,2,2,2,28,3,1,60,1,1,1,98,0,0
12,121128,1,1,1,5,6,16,5,30,0,1,0,12,2,52,34,52034,4,2007,4A3AB36F07E0,4,A,3,A,B,3,6,F,0,7,E,0,0,P,MITS,GES,4D,7,17,3439,,0,1083,,G,,0,0,000000000,00000000000,0,0,0,1,0,0,0,0,0,0,0,80,0,0,0,11,11,6,2,30,0,0,0,1,12,33602,6,1,0,0,3,0,60,999,0,0,0,0,1,4,2010,4,2010,1,36,0,0,0,1,2,35,1,1,2,1,0,0,15,6,1,1,4,6,1,0
12,121129,1,1,1,22,6,6,0,8,0,1,0,12,2,20,471,20471,30,2000,1GCCS1446YK1,1,G,C,C,S,1,4,4,6,Y,K,1,0,T,CHEV,S14,PK,0,17,,1,1179,1083,S,G,,0,0,000000000,00000000000,0,0,0,1,0,0,0,0,0,0,0,999,0,0,0,12,12,4,1,8,0,0,0,1,12,32226,6,1,0,0,3,0,67,999,0,0,0,0,0,0,0,0,0,0,0,0,0,0,1,2,40,1,1,2,1,0,0,1,80,1,1,1,13,0,0
12,121130,1,3,1,4,7,23,17,12,2,1,0,48,2,35,472,35472,30,2003,1N6ED29X93C4,1,N,6,E,D,2,9,X,9,3,C,4,0,T,NISS,XSC,CW,3,17,,1,0,1311,FRT,G,,0,0,000000000,00000000000,0,0,0,1,0,0,0,0,0,0,0,999,0,0,0,12,12,6,2,12,0,0,0,1,48,75056,6,1,0,0,3,0,999,999,0,0,0,0,0,0,0,0,0,0,28,0,0,0,1,2,45,1,1,2,1,28,3,1,10,1,1,2,50,0,1
12,121130,2,3,1,4,7,23,17,12,2,1,0,12,1,6,441,6441,20,2000,1C4GP44G2YB5,1,C,4,G,P,4,4,G,2,Y,B,5,0,P,CHRY,TWC,SV,0,17,3948,,0,1193,,F,,0,0,000000000,00000000000,0,0,0,1,0,0,0,0,0,0,0,999,0,0,0,12,12,6,2,12,0,0,0,1,12,33558,6,1,0,0,3,3,65,999,0,0,0,0,0,0,0,0,0,0,0,0,0,0,1,2,45,1,1,2,1,28,3,1,62,1,1,1,51,1,0
12,121130,3,3,3,4,7,23,17,12,2,1,0,12,1,30,40,30040,4,1996,3VWWB81H0TM1,3,V,W,W,B,8,1,H,0,T,M,1,0,P,VOLK,JTK,4D,96,17,2577,,0,974,,G,,0,0,000000000,00000000000,0,0,0,1,0,0,0,0,0,0,0,999,0,0,0,12,12,6,2,12,0,0,0,1,12,33612,6,1,0,0,3,0,73,999,0,0,0,1,0,4,2008,4,2008,0,0,0,0,0,1,2,45,1,1,2,1,28,3,1,51,2,1,1,98,0,0
12,121131,1,1,1,5,7,4,37,8,0,1,1,12,2,21,441,21441,20,2000,1GHDX03E6YD2,1,G,H,D,X,0,3,E,6,Y,D,2,0,T,OLDS,SIL,ES,0,17,,1,0,1200,SIL,G,,0,0,000000000,00000000000,0,0,0,1,0,0,0,0,0,0,0,999,0,0,0,12,12,4,1,8,0,0,0,1,12,33619,1,7,0,0,2,3,69,999,1,1,0,0,0,12,2007,9,2008,0,0,0,0,0,1,2,45,1,1,2,2,0,0,1,80,1,1,1,13,0,0
12,121132,1,1,1,10,7,20,45,9,0,1,0,12,1,7,472,7472,30,2005,1D3HE42N85S1,1,D,3,H,E,4,2,N,8,5,S,1,0,T,DODG,DSL,PC,5,17,,2,0,1309,DAK,G,,0,0,000000000,00000000000,0,0,0,1,0,0,0,0,0,0,0,40,0,0,0,12,12,4,1,9,0,0,0,1,12,32218,6,1,0,0,3,3,64,999,0,0,0,0,0,0,0,0,0,0,0,0,0,0,1,2,45,1,1,2,1,0,0,1,83,1,1,2,13,0,0
12,121133,1,1,1,13,7,14,49,34,0,1,0,12,1,37,32,37032,4,2001,1HGCG16591A0,1,H,G,C,G,1,6,5,9,1,A,0,0,P,HOND,UEX,4D,1,17,3329,,0,1069,,G,,0,0,000000000,00000000000,0,0,0,1,0,0,0,0,0,0,0,999,0,0,0,12,12,6,2,3,0,0,0,1,12,33619,6,1,0,0,3,0,72,999,2,2,0,1,2,2,2008,11,2009,0,0,0,0,0,2,2,30,1,1,2,1,0,0,1,13,1,1,4,1,1,0
12,121134,1,2,1,3,2,16,46,12,1,1,0,37,1,20,421,20421,15,2003,1GNEK13Z93R2,1,G,N,E,K,1,3,Z,9,3,R,2,0,P,CHEV,KTA,UT,3,17,5050,,0,1160,,F,,0,0,000000000,00000000000,0,0,0,1,0,0,0,0,0,0,0,999,0,0,0,12,12,4,9,12,0,0,0,1,37,28584,1,1,0,0,2,0,70,999,0,7,0,1,5,3,2008,6,2009,0,26,36,0,0,2,2,40,1,1,2,1,3,3,4,51,1,1,1,24,0,0
12,121134,2,2,2,3,2,16,46,12,1,1,0,12,1,19,22,19022,4,2007,1G6KD57Y87U2,1,G,6,K,D,5,7,Y,8,7,U,2,0,P,CADI,TDS,4D,7,17,4009,,0,1156,,G,,0,0,000000000,00000000000,0,0,0,1,0,0,0,0,0,0,0,999,0,0,0,6,7,4,1,12,0,0,0,1,12,33326,6,1,0,0,3,0,66,999,0,0,0,0,0,0,0,0,0,0,0,0,0,0,2,2,40,1,1,2,1,3,3,4,53,1,1,1,25,1,0
12,121135,1,1,1,3,3,20,4,8,0,1,0,12,1,49,40,49040,4,2001,4T1BG22K9148,4,T,1,B,G,2,2,K,9,1,4,8,0,P,TOYT,CXL,4D,1,17,2998,,0,1051,,G,,0,0,000000000,00000000000,0,0,0,1,0,0,0,0,0,0,0,35,0,0,0,12,12,6,2,8,0,0,0,1,12,33312,6,1,0,0,3,0,65,999,0,0,0,0,0,0,0,0,0,0,0,0,0,0,2,2,40,1,1,2,1,0,0,1,80,1,1,1,13,0,0
12,121136,1,2,1,21,3,18,35,12,6,1,0,12,2,22,18,22018,2,2000,1G2NV12E6YM7,1,G,2,N,V,1,2,E,6,Y,M,7,0,P,PONT,GT1,CP,0,17,3091,,0,1070,,G,,0,0,000000000,00000000000,0,0,0,1,0,0,0,0,0,0,0,45,0,0,0,12,12,6,2,12,0,0,0,1,12,34953,6,1,0,0,3,0,69,999,0,0,0,0,1,9,2008,9,2008,0,0,0,0,0,2,5,45,1,1,2,2,3,3,11,15,1,1,1,68,0,0
12,121136,2,2,2,21,3,18,35,12,6,1,0,12,1,49,44,49044,1,2006,4T1FA38P66U0,4,T,1,F,A,3,8,P,6,6,U,0,0,P,TOYT,CEE,CV,6,17,3549,,0,1071,,G,,0,0,000000000,00000000000,0,0,0,1,0,0,0,0,0,0,0,30,0,0,0,11,11,6,2,12,0,0,0,1,12,34952,6,1,0,0,3,3,69,999,0,0,0,0,0,0,0,0,0,0,0,0,0,0,2,5,45,1,1,2,2,3,3,1,62,2,1,1,69,1,0
12,121137,1,1,1,31,3,12,45,8,0,1,0,12,3,23,481,23481,31,2007,1GTHK23DX7F1,1,G,T,H,K,2,3,D,X,7,F,1,0,T,GMC,2KH,CW,7,17,,2,1670,1530,SIE,D,,0,0,000000000,00000000000,0,0,0,1,0,0,0,0,0,0,0,999,0,0,0,12,12,4,3,8,0,0,0,1,12,33064,6,1,6,0,3,3,74,999,0,0,0,0,0,0,0,0,0,0,0,0,0,0,1,4,99,1,1,2,1,20,3,11,80,1,1,1,13,0,0
12,121138,1,1,1,6,4,22,24,8,0,1,0,12,1,20,482,20482,31,2002,3GNEC13T72G2,3,G,N,E,C,1,3,T,7,2,G,2,0,T,CHEV,CAV,CW,2,17,,2,0,1300,AVL,G,,0,0,000000000,00000000000,0,0,0,1,0,0,0,0,0,0,0,35,0,0,0,1,1,4,1,8,0,0,0,1,12,32534,6,1,0,0,3,0,72,999,0,1,0,2,1,11,2007,6,2009,0,0,0,0,0,1,4,35,1,1,2,1,28,3,1,80,1,1,1,13,0,0
12,121139,1,3,3,16,4,15,4,12,6,1,0,12,2,12,481,12481,31,2000,1FTNX20F0YEE,1,F,T,N,X,2,0,F,0,Y,E,E,0,T,FORD,F2S,4C,0,17,,2,1580,1418,SRW,D,,0,0,000000000,00000000000,0,0,0,1,0,0,0,0,0,0,0,40,0,1,5,83,12,6,2,1,0,0,0,1,12,34983,6,1,0,0,3,0,69,999,0,0,0,1,0,11,2007,11,2007,0,0,0,0,0,1,4,40,1,1,2,2,0,0,1,5,1,9,2,66,0,0
12,121139,2,3,2,16,4,15,4,12,6,1,0,12,1,13,1,13001,4,2006,1LNHM83V56Y6,1,L,N,H,M,8,3,V,5,6,Y,6,0,P,LINC,DES,4D,6,17,4413,,0,1177,,F,,0,0,000000000,00000000000,0,0,0,1,0,0,0,0,0,0,0,40,0,0,0,12,12,6,2,12,0,0,0,1,12,34982,6,1,0,0,3,3,71,999,0,0,0,0,0,0,0,0,0,0,0,0,0,0,1,4,40,1,1,2,2,0,0,1,62,1,1,1,98,1,0
12,121139,3,3,2,16,4,15,4,12,6,1,0,12,1,55,35,55035,4,2001,KMHDN45D01U0,K,M,H,D,N,4,5,D,0,1,U,0,0,P,HYUN,EST,4D,1,17,2635,,0,1027,,G,,0,0,000000000,00000000000,0,0,0,1,0,0,0,0,0,0,0,40,0,0,0,12,12,6,2,12,0,0,0,1,12,34982,6,1,0,0,3,3,64,999,0,0,0,0,0,0,0,0,0,0,0,0,0,0,1,4,40,1,1,2,2,0,0,1,62,1,1,1,66,0,0
12,121140,1,1,1,18,4,21,38,8,0,1,0,12,1,37,31,37031,2,2004,1HGEM21924L0,1,H,G,E,M,2,1,9,2,4,L,0,0,P,HOND,UAX,CP,4,17,0,,0,1031,,G,,0,0,000000000,00000000000,0,0,0,1,0,0,0,0,0,0,0,35,0,0,0,12,12,6,2,8,0,0,0,1,12,33324,6,1,0,0,3,0,66,999,0,1,0,0,1,6,2008,10,2008,0,0,0,0,0,2,2,35,1,1,2,2,20,3,1,80,1,1,1,13,0,0
12,121141,1,2,2,27,4,18,53,12,6,1,0,12,1,14,6,14006,4,2002,2MEFM74W92X6,2,M,E,F,M,7,4,W,9,2,X,6,0,P,MERC,GMG,4D,2,17,3957,,0,1147,,G,,0,0,000000000,00000000000,0,0,0,1,0,0,0,0,0,0,0,20,0,1,5,2,13,6,2,1,0,0,0,1,12,34243,6,1,0,0,3,3,71,999,0,0,0,0,0,0,0,0,0,0,38,0,0,0,1,2,30,1,1,2,1,20,3,1,17,1,1,1,87,1,0
12,121141,2,2,1,27,4,18,53,12,6,1,0,12,1,49,43,49043,4,1998,4T1BF18B3WU2,4,T,1,B,F,1,8,B,3,W,U,2,0,P,TOYT,UVS,4D,98,17,3340,,0,1071,,G,,0,0,000000000,00000000000,0,0,0,1,0,0,0,0,0,0,0,30,0,0,0,12,12,6,2,12,0,0,0,1,12,34207,6,1,0,0,3,0,67,999,0,0,0,1,0,1,2008,1,2008,0,0,0,0,0,1,2,35,1,1,2,1,0,0,1,66,1,1,1,86,0,0
12,121142,1,1,1,9,6,16,49,42,0,1,0,12,2,55,36,55036,3,2008,KMHCM36C38U0,K,M,H,C,M,3,6,C,3,8,U,0,0,P,HYUN,AGS,2H,8,17,2467,,0,984,,G,,0,0,000000000,00000000000,0,0,0,1,0,0,0,0,0,0,0,65,0,0,0,12,12,6,2,42,0,0,0,1,12,32210,0,0,0,0,0,0,999,999,0,0,0,0,0,0,0,0,0,0,0,0,0,0,3,3,65,1,2,2,1,28,3,1,13,1,1,4,1,1,0
12,121143,1,2,1,21,6,13,41,12,2,1,0,12,2,53,404,53404,14,2009,JS3TE0478941,J,S,3,T,E,0,4,7,8,9,4,1,0,P,SUZI,GVT,UT,9,17,3704,,0,1039,,G,,0,0,000000000,00000000000,0,0,0,1,0,0,0,0,0,0,0,40,0,0,0,12,12,6,2,12,0,0,0,1,12,32404,6,1,0,0,3,0,64,999,0,0,0,0,0,0,0,0,0,0,28,0,0,0,1,2,40,1,1,2,2,0,0,1,10,1,1,2,50,1,0
12,121143,2,2,3,21,6,13,41,12,2,1,0,12,1,35,471,35471,30,1994,1N6HD16Y8RC3,1,N,6,H,D,1,6,Y,8,R,C,3,0,T,NISS,KSX,PC,94,17,,1,0,1161,TRK,G,,0,0,000000000,00000000000,0,0,0,1,0,0,0,0,0,0,0,40,0,0,0,12,1,6,2,12,0,0,0,1,12,32465,6,1,0,0,3,3,61,999,0,0,0,0,0,0,0,0,0,0,0,0,0,0,1,2,40,1,1,2,2,0,0,1,62,1,1,1,51,0,0
12,121144,1,2,2,22,6,12,55,12,6,1,0,12,1,12,401,12401,14,2006,1FMEU63E56UA,1,F,M,E,U,6,3,E,5,6,U,A,0,P,FORD,EPR,UT,6,17,4301,,0,1137,,G,,0,0,000000000,00000000000,0,0,0,1,0,0,0,0,0,0,0,10,0,0,0,9,9,4,3,12,0,0,0,1,12,32320,6,1,0,0,3,0,67,999,0,0,0,0,0,0,0,0,0,0,48,0,0,0,1,2,35,1,2,2,1,28,3,15,10,1,1,2,48,0,0
12,121144,2,2,1,22,6,12,55,12,6,1,0,12,2,72,706,72706,80,2005,1HD4CMM125K4,1,H,D,4,C,M,M,1,2,5,K,4,0,M,HD,XLL,RS,5,17,,,,,,,883,0,0,000000000,00000000000,0,0,0,1,0,0,0,0,0,0,0,35,0,0,0,12,12,6,2,12,0,0,0,1,12,32320,6,1,6,0,3,0,70,999,0,4,0,1,2,8,2008,7,2009,0,0,0,0,0,1,2,35,1,2,2,1,28,3,15,61,1,1,2,48,1,0
12,121145,1,2,4,8,5,12,10,12,6,1,0,12,2,6,51,6051,4,2006,2C3KA43R46H4,2,C,3,K,A,4,3,R,4,6,H,4,0,P,CHRY,C30,4D,6,17,3623,,0,1200,,G,,0,0,000000000,00000000000,0,0,0,1,0,0,0,0,0,0,0,35,0,0,0,12,12,6,2,12,0,0,0,1,12,34749,6,1,0,0,3,3,69,999,1,1,0,1,1,11,2008,2,2009,0,0,0,0,0,5,4,35,1,1,2,1,3,3,1,51,6,1,4,64,1,0
12,121145,2,2,1,8,5,12,10,12,6,1,0,12,1,49,40,49040,4,2006,4T1BE32KX6U1,4,T,1,B,E,3,2,K,X,6,U,1,0,P,TOYT,UXS,4D,6,17,3108,,0,1071,,G,,0,0,000000000,00000000000,0,0,0,1,0,0,0,0,0,0,0,20,0,0,0,9,9,6,2,12,0,0,0,1,12,34748,6,1,0,0,3,0,67,999,0,0,0,1,0,3,2010,3,2010,0,0,0,0,0,5,4,35,1,1,2,1,3,3,2,62,3,1,1,65,0,0
12,121146,1,1,1,17,6,20,25,9,0,1,0,12,3,92,988,92988,52,1999,15GGD181XX10,1,5,G,G,D,1,8,1,X,X,1,0,0,U,,,,99,17,,,,,,,,0,88,888888888,88888888888,3,21,22,1,0,0,0,0,6,0,0,20,0,0,0,12,12,4,3,9,0,0,0,1,12,33025,6,1,6,3,3,0,72,999,0,0,0,0,0,0,0,0,0,0,0,0,0,0,3,3,35,1,2,2,1,29,3,15,83,1,1,2,13,0,0
12,121147,1,1,1,2,7,22,20,33,0,1,0,12,2,18,2,18002,4,1999,1G4HP52K3XH4,1,G,4,H,P,5,2,K,3,X,H,4,0,P,BUIC,LCF,4D,99,17,3443,,0,1108,,G,,0,0,000000000,00000000000,0,0,0,1,0,0,0,0,0,0,0,999,0,0,0,61,12,6,2,42,0,0,0,1,12,33486,6,1,0,0,3,0,70,999,0,0,0,1,0,1,2010,1,2010,0,0,0,0,0,2,3,45,1,1,2,2,28,3,1,12,1,1,4,6,1,0
12,121148,1,2,1,7,7,15,48,12,6,1,0,12,1,76,733,76733,90,2003,JY43GG0323C0,J,Y,4,3,G,G,0,3,2,3,C,0,0,M,YAMA,YFZ,AT,3,17,,,,,,,347,0,0,000000000,00000000000,0,0,0,1,0,0,0,0,0,0,0,999,0,0,0,12,12,6,2,12,0,0,0,1,12,33147,1,7,0,0,2,0,73,999,0,6,0,0,3,5,2008,4,2010,0,39,0,0,0,1,2,35,1,1,2,1,20,3,1,17,1,1,1,88,1,0
12,121148,2,2,1,7,7,15,48,12,6,1,0,12,2,54,35,54035,4,2001,19UUA566X1A0,1,9,U,U,A,5,6,6,X,1,A,0,0,P,ACUR,32T,4D,1,17,3483,,0,1081,,G,,0,0,000000000,00000000000,0,0,0,1,0,0,0,0,0,0,0,999,0,0,0,10,10,4,1,12,0,0,0,1,12,33147,6,1,0,0,3,0,76,999,1,0,0,0,0,7,2008,7,2008,0,0,0,0,0,1,2,35,1,1,2,1,20,3,1,66,1,1,1,89,0,0
12,121149,1,4,1,16,7,0,13,12,1,1,0,12,1,20,471,20471,30,1996,1GCCS19X0TK1,1,G,C,C,S,1,9,X,0,T,K,1,0,T,CHEV,S14,PC,96,17,,1,0,1229,S,G,,0,0,000000000,00000000000,0,0,0,1,0,0,0,0,0,0,0,65,0,0,0,12,12,6,2,12,0,0,0,1,12,32807,6,1,0,0,3,0,67,999,0,0,0,0,0,0,0,0,0,0,91,0,0,0,2,3,50,1,1,2,1,3,3,1,50,1,1,1,20,0,1
12,121149,2,4,3,16,7,0,13,12,1,1,0,12,1,59,31,59031,4,2002,JTHBF30G9200,J,T,H,B,F,3,0,G,9,2,0,0,0,P,LEXS,ES3,4D,2,17,3439,,0,1071,,G,,0,0,000000000,00000000000,0,0,0,1,0,0,0,0,0,0,0,0,0,0,0,6,6,6,2,12,0,0,0,1,12,34715,6,1,0,0,3,3,71,999,0,0,0,0,0,0,0,0,0,0,0,0,0,0,2,3,50,1,1,2,1,3,3,5,53,1,1,1,21,1,0
12,121149,3,4,3,16,7,0,13,12,1,1,0,12,2,35,47,35047,4,2010,1N4AL2AP4AN4,1,N,4,A,L,2,A,P,4,A,N,4,0,P,NISS,ATS,4D,10,17,3063,,0,1093,,G,,0,0,000000000,00000000000,0,0,0,1,0,0,0,0,0,0,0,0,0,0,0,6,6,6,2,12,0,0,0,1,12,32112,6,1,0,0,3,0,62,999,0,0,0,1,0,7,2008,7,2008,0,0,0,0,0,2,3,50,1,1,2,1,3,3,5,53,6,1,1,98,0,0
12,121149,4,4,7,16,7,0,13,12,1,1,0,12,1,37,441,37441,20,1999,2HKRL1857XH5,2,H,K,R,L,1,8,5,7,X,H,5,0,P,HOND,UDY,SV,99,17,4233,,0,1181,,G,,0,0,000000000,00000000000,0,0,0,1,0,0,0,0,0,0,0,0,0,0,0,6,6,4,3,12,0,0,0,1,12,32712,6,1,0,0,3,3,72,999,0,0,0,0,0,0,0,0,0,0,0,0,0,0,2,3,50,1,1,2,1,3,3,5,53,1,1,1,98,0,0
12,121150,1,2,1,17,7,2,47,12,6,1,0,12,1,98,709,98709,81,2002,RFBSCAAS72B1,R,F,B,S,C,A,A,S,7,2,B,1,0,U,,,,2,17,,,,,,,,0,0,000000000,00000000000,0,0,0,1,0,0,0,0,0,0,0,5,0,0,0,81,81,6,2,2,0,0,1,1,12,32608,6,1,0,0,3,3,77,999,0,0,0,0,0,0,0,0,0,0,38,0,0,0,1,2,45,1,1,2,1,20,3,11,15,1,1,1,76,1,0
12,121150,2,2,2,17,7,2,47,12,6,1,0,12,2,42,36,42036,4,1987,WDBCB25D2HA3,W,D,B,C,B,2,5,D,2,H,A,3,0,P,MERZ,SDL,4D,87,17,3680,,0,1211,,D,,0,0,000000000,00000000000,0,0,0,1,0,0,0,0,0,0,0,40,0,0,0,12,12,6,2,2,0,0,1,1,12,32608,6,1,0,0,3,0,68,999,0,0,0,0,0,0,0,0,0,0,0,0,0,0,2,2,45,1,1,2,1,0,0,1,65,1,1,1,77,0,1
12,121151,1,3,1,6,7,19,28,12,7,1,0,12,1,12,3,12003,2,2007,1ZVFT82H3752,1,Z,V,F,T,8,2,H,3,7,5,2,0,P,FORD,MGT,CP,7,17,3356,,0,1071,,G,,0,0,000000000,00000000000,0,0,0,1,0,0,0,0,0,0,0,80,0,0,0,9,12,6,2,12,0,0,0,1,12,33133,6,1,0,0,3,0,65,999,0,0,0,1,0,9,2007,9,2007,1,36,27,0,0,2,3,40,1,1,2,1,0,0,15,10,1,1,2,47,1,0
12,121151,2,3,2,6,7,19,28,12,7,1,0,12,2,37,31,37031,4,2008,2HGFA55518H7,2,H,G,F,A,5,5,5,1,8,H,7,0,P,HOND,UCS,4D,8,17,2945,,0,1063,,G,,0,0,000000000,00000000000,0,0,0,1,0,0,0,0,0,0,0,40,0,0,0,1,1,4,1,12,0,0,0,1,12,33196,6,1,0,0,3,0,70,999,0,0,0,0,0,0,0,0,0,0,0,0,0,0,2,3,40,1,1,2,1,0,0,1,61,1,1,1,45,0,0
12,121151,3,3,1,6,7,19,28,12,7,1,0,12,1,49,44,49044,1,2006,4T1FA38P36U0,4,T,1,F,A,3,8,P,3,6,U,0,0,P,TOYT,CEE,CV,6,17,3549,,0,1071,,G,,0,0,000000000,00000000000,0,0,0,1,0,0,0,0,0,0,0,40,0,0,0,11,11,6,2,12,0,0,0,1,12,33165,6,1,0,0,3,0,67,999,0,0,0,0,1,9,2008,9,2008,0,0,0,0,0,2,3,40,1,1,2,1,0,0,1,62,1,1,1,98,1,0
12,121152,1,2,2,15,5,15,16,12,1,1,0,12,1,37,706,37706,80,2005,1HFSC43065A5,1,H,F,S,C,4,3,0,6,5,A,5,0,M,HOND,VT2,RS,5,17,,,,,,,1099,0,0,000000000,00000000000,0,0,0,1,0,0,0,0,0,0,0,25,0,0,0,12,12,4,3,12,0,0,0,1,12,34788,6,1,0,0,3,3,73,999,1,0,0,0,1,8,2009,9,2009,0,36,0,0,0,1,2,55,4,1,2,1,28,3,2,52,1,1,1,28,1,0
12,121152,2,2,1,15,5,15,16,12,1,1,0,12,1,72,706,72706,80,2009,1HD1GX4119K3,1,H,D,1,G,X,4,1,1,9,K,3,0,M,HD,FXI,RS,9,17,,,,,,,1584,0,0,000000000,00000000000,0,0,0,1,0,0,0,0,0,0,0,20,0,0,0,6,6,4,9,12,0,0,0,1,12,33625,6,1,0,0,3,0,69,999,0,0,0,0,0,0,0,0,0,0,0,0,0,0,1,2,55,4,1,2,1,28,3,2,53,1,1,1,29,0,0
12,121153,1,3,1,1,7,13,0,12,6,1,0,12,2,49,401,49401,14,1992,JT3RN37W0N00,J,T,3,R,N,3,7,W,0,N,0,0,0,P,TOYT,RUN,UT,92,17,0,,0,1033,,G,,0,0,000000000,00000000000,0,0,0,1,0,0,0,0,0,0,0,30,0,0,0,12,11,4,1,12,0,0,0,1,12,33174,6,1,0,0,3,0,62,999,0,0,0,0,0,0,0,0,0,0,38,0,0,0,1,2,30,1,1,2,1,20,3,2,17,1,1,1,88,0,0