STATE,ST_CASE,VEH_NO,VE_FORMS,NUMOCCS,DAY,MONTH,HOUR,MINUTE,HARM_EV,MAN_COLL,UNITTYPE,HIT_RUN,REG_STAT,OWNER,MAKE,MODEL,MAK_MOD,BODY_TYP,MOD_YEAR,VIN,VIN_1,VIN_2,VIN_3,VIN_4,VIN_5,VIN_6,VIN_7,VIN_8,VIN_9,VIN_10,VIN_11,VIN_12,TOW_VEH,VINTYPE,VINMAKE,VINA_MOD,VIN_BT,VINMODYR,VIN_LNGT,VIN_WGT,WGTCD_TR,WHLBS_LG,WHLBS_SH,SER_TR,FUELCODE,MCYCL_DS,J_KNIFE,MCARR_I1,MCARR_I2,MCARR_ID,GVWR,V_CONFIG,CARGO_BT,HAZ_INV,HAZ_PLAC,HAZ_ID,HAZ_CNO,HAZ_REL,BUS_USE,SPEC_USE,EMER_USE,TRAV_SP,UNDERIDE,ROLLOVER,ROLINLOC,IMPACT1,IMPACT2,DEFORMED,TOWED,M_HARM,VEH_SC1,VEH_SC2,FIRE_EXP,DR_PRES,L_STATE,DR_ZIP,L_STATUS,L_TYPE,CDL_STAT,L_ENDORS,L_COMPL,L_RESTRI,DR_HGT,DR_WGT,PREV_ACC,PREV_SUS,PREV_DWI,PREV_SPD,PREV_OTH,FIRST_MO,FIRST_YR,LAST_MO,LAST_YR,SPEEDREL,DR_SF1,DR_SF2,DR_SF3,DR_SF4,VTRAFWAY,VNUM_LAN,VSPD_LIM,VALIGN,VPROFILE,VPAVETYP,VSURCOND,VTRAFCON,VTCONT_F,P_CRASH1,P_CRASH2,P_CRASH3,PCRASH4,PCRASH5,ACC_TYPE,DEATHS,DR_DRINK
12,121185,1,1,1,15,7,22,15,8,0,1,0,12,2,12,401,12401,14,1996,1FMDU34X6TUB,1,F,M,D,U,3,4,X,6,T,U,B,0,P,FORD,EPR,UT,96,17,4189,,0,1115,,G,,0,0,000000000,00000000000,0,0,0,1,0,0,0,0,0,0,0,45,0,0,0,1,1,4,1,8,0,0,0,1,12,32750,6,1,0,0,3,3,64,999,0,0,0,0,0,0,0,0,0,0,0,0,0,0,5,6,45,1,1,2,1,28,3,1,80,6,1,1,13,0,0
12,121186,1,2,2,15,7,22,43,8,0,1,0,12,2,35,47,35047,4,1998,1N4DL01D6WC2,1,N,4,D,L,0,1,D,6,W,C,2,0,P,NISS,AGS,4D,98,17,2766,,0,1031,,G,,0,0,000000000,00000000000,0,0,0,1,0,0,0,0,0,0,0,45,0,0,0,12,12,6,9,8,0,0,0,1,12,32714,6,1,0,0,3,0,59,999,0,0,0,0,0,0,0,0,0,0,0,0,0,0,3,2,55,1,1,2,1,28,3,1,80,9,1,1,13,0,0
12,121186,2,2,4,15,7,22,43,8,0,1,0,12,1,21,21,21021,4,2001,1G3NL52TX1C1,1,G,3,N,L,5,2,T,X,1,C,1,0,P,OLDS,A/G,4D,1,17,3022,,0,1070,,G,,0,0,000000000,00000000000,0,0,0,1,0,0,0,0,0,0,0,45,0,0,0,14,14,6,2,8,0,0,0,1,12,32703,6,1,0,0,3,0,70,999,0,0,0,0,0,0,0,0,0,0,0,0,0,0,3,2,55,1,1,2,1,28,3,1,80,1,1,1,98,0,0
12,121187,1,2,1,15,7,17,19,12,6,1,0,12,1,20,9,20009,2,2000,2G1FP22GXY21,2,G,1,F,P,2,2,G,X,Y,2,1,0,P,CHEV,Z28,CP,0,17,3439,,0,1011,,G,,0,0,000000000,00000000000,0,0,0,1,0,0,0,0,0,0,0,55,0,0,0,3,3,6,2,12,0,0,0,1,12,32776,6,1,0,0,3,0,75,999,0,0,0,1,0,3,2010,3,2010,0,0,0,0,0,5,2,55,1,2,2,2,28,3,1,5,1,4,2,64,1,0
12,121187,2,2,1,15,7,17,19,12,6,1,0,12,2,20,32,20032,4,1999,1Y1SK5286XZ4,1,Y,1,S,K,5,2,8,6,X,Z,4,0,P,CHEV,P/L,4D,99,17,2403,,0,971,,G,,0,0,000000000,00000000000,0,0,0,1,0,0,0,0,0,0,0,55,0,0,0,12,12,6,2,12,0,0,0,1,12,32776,6,2,0,0,3,0,75,999,0,0,0,1,0,3,2010,3,2010,0,0,0,0,0,5,2,55,1,2,2,2,28,3,1,62,1,1,1,65,0,0
12,121188,1,1,1,16,7,11,34,19,0,1,0,12,1,14,6,14006,4,2008,2MEFM74V98X6,2,M,E,F,M,7,4,V,9,8,X,6,0,P,MERC,GMG,4D,8,17,4135,,0,1146,,F,,0,0,000000000,00000000000,0,0,0,1,0,0,0,0,0,0,0,50,0,0,0,12,12,6,2,19,0,0,0,1,12,32244,6,1,0,0,3,3,66,999,0,0,0,0,2,12,2008,3,2009,0,36,0,0,0,2,3,45,1,1,2,1,3,3,1,13,1,1,4,1,1,0
12,121189,1,1,1,17,7,13,42,35,0,1,0,12,2,30,46,30046,4,2003,WVWMD63B73E4,W,V,W,M,D,6,3,B,7,3,E,4,0,P,VOLK,PGL,4D,3,17,3126,,0,1064,,G,,0,0,000000000,00000000000,0,0,0,1,0,0,0,0,0,0,0,80,0,1,5,6,6,6,2,2,0,0,1,1,17,62565,6,1,0,0,3,0,70,999,1,0,0,1,0,5,2008,5,2008,0,36,0,0,0,2,2,70,1,2,2,2,28,3,1,5,1,1,4,1,1,0
12,121190,1,1,9,17,7,21,40,1,0,1,0,12,1,12,461,12461,21,2005,1FBNE31L65HA,1,F,B,N,E,3,1,L,6,5,H,A,0,T,FORD,WSD,BU,5,17,,2,0,1380,ECO,G,,0,0,000000000,00000000000,0,0,0,1,0,0,0,0,0,0,0,70,0,1,5,0,99,6,2,42,0,0,0,1,12,34208,6,1,0,0,3,0,70,999,0,0,0,0,1,1,2008,1,2008,0,36,0,0,0,3,2,70,1,1,2,1,28,3,1,1,1,1,4,1,1,0
12,121191,1,1,1,18,7,15,18,8,0,1,0,12,1,7,482,7482,31,2003,1D7HU16N93J5,1,D,7,H,U,1,6,N,9,3,J,5,0,T,DODG,S15,PK,3,17,,2,1405,1205,RPC,G,,0,0,000000000,00000000000,0,0,0,1,0,0,0,0,0,0,0,10,0,0,0,1,1,0,3,8,0,0,0,1,12,32170,6,1,6,0,3,0,73,999,0,0,0,1,1,4,2008,8,2008,0,0,0,0,0,1,2,10,1,1,7,1,28,3,1,80,1,1,1,13,0,0
12,121192,1,3,1,18,7,1,22,12,2,1,0,12,2,20,441,20441,20,1992,1GBDM19Z0NB2,1,G,B,D,M,1,9,Z,0,N,B,2,0,T,CHEV,AST,IE,92,17,,1,0,1110,AST,G,,0,0,000000000,00000000000,0,0,0,1,0,0,0,0,0,0,0,70,0,0,0,12,12,6,2,12,0,0,0,1,12,34488,2,1,0,0,2,0,64,999,0,3,0,1,3,11,2007,8,2009,0,51,0,0,0,2,3,65,3,1,2,1,28,3,14,54,1,1,1,52,0,1
12,121192,2,3,4,18,7,1,22,12,2,1,0,54,1,63,34,63034,4,2007,KNAGE1230751,K,N,A,G,E,1,2,3,0,7,5,1,0,P,KIA,OLE,4D,7,17,3142,,0,1071,,G,,0,0,000000000,00000000000,0,0,0,1,0,0,0,0,0,0,0,70,0,0,0,12,12,6,2,12,0,0,0,1,54,26003,6,1,0,0,3,0,67,999,0,0,0,0,0,0,0,0,0,0,0,0,0,0,2,3,65,2,1,2,1,28,3,14,54,1,1,1,52,1,0
12,121192,3,3,4,18,7,1,22,12,2,1,0,54,2,63,34,63034,4,2006,KNAGE1244650,K,N,A,G,E,1,2,4,4,6,5,0,0,P,KIA,OLE,4D,6,17,3281,,0,1063,,G,,0,0,000000000,00000000000,0,0,0,1,0,0,0,0,0,0,0,75,0,0,0,12,12,4,3,54,0,0,0,1,54,26003,6,1,0,0,3,0,69,999,0,0,0,0,0,0,0,0,0,0,0,0,0,0,2,3,65,2,1,2,1,28,3,14,98,3,1,1,98,0,0
12,121193,1,2,1,18,7,22,50,12,6,1,0,12,1,20,22,20022,4,2006,1G1AK55FX677,1,G,1,A,K,5,5,F,X,6,7,7,0,P,CHEV,BLS,4D,6,17,3216,,0,1033,,G,,0,0,000000000,00000000000,0,0,0,1,0,0,0,0,0,0,0,50,0,0,0,11,11,6,2,12,0,0,0,1,12,32217,6,1,0,0,3,3,66,999,0,0,0,0,0,0,0,0,0,0,39,0,0,0,2,2,50,1,1,2,1,3,3,1,17,1,1,1,86,0,0
12,121193,2,2,6,18,7,22,50,12,6,1,0,13,1,20,401,20401,14,2000,1GNDT13W5Y22,1,G,N,D,T,1,3,W,5,Y,2,2,0,P,CHEV,BZR,UT,0,17,4049,,0,1070,,G,,0,0,000000000,00000000000,0,0,0,1,0,0,0,0,0,0,0,10,0,1,1,1,1,6,9,1,0,0,0,1,13,31562,6,1,0,0,3,0,67,999,98,0,0,1,0,12,2008,12,2008,0,92,0,0,0,2,2,50,1,1,2,1,3,3,1,66,1,1,1,87,1,0
12,121194,1,1,2,19,7,13,40,15,0,1,0,12,2,14,6,14006,4,1999,2MEFM75W5XX6,2,M,E,F,M,7,5,W,5,X,X,6,0,P,MERC,MGL,4D,99,17,3922,,0,1147,,G,,0,0,000000000,00000000000,0,0,0,1,0,0,0,0,0,0,0,45,0,0,0,12,12,6,2,15,0,0,0,1,12,34482,6,1,0,0,3,3,66,999,0,0,0,0,0,0,0,0,0,0,0,0,0,0,2,2,45,1,1,2,1,20,3,1,80,1,1,1,13,0,0
12,121195,1,2,4,19,7,18,45,12,6,1,0,47,2,20,443,20443,20,2004,1GNDX03E34D1,1,G,N,D,X,0,3,E,3,4,D,1,0,T,CHEV,VTR,ES,4,17,,1,0,1200,VTR,G,,0,0,000000000,00000000000,0,0,0,1,0,0,0,0,0,0,0,25,0,0,0,3,3,6,2,12,0,0,0,1,54,24716,6,1,0,0,3,0,70,999,0,0,0,0,0,0,0,0,0,0,38,0,0,0,2,2,45,1,1,2,1,3,3,11,15,1,1,1,68,1,0
12,121195,2,2,1,19,7,18,45,12,6,1,0,12,1,20,481,20481,31,2003,1GCHK23103F2,1,G,C,H,K,2,3,1,0,3,F,2,0,T,CHEV,2KH,CW,3,17,,2,1670,1530,SIL,D,,0,0,000000000,00000000000,0,0,0,1,0,0,0,0,0,0,0,40,0,0,0,1,1,6,2,12,0,0,0,1,12,32091,6,1,0,0,3,0,76,999,0,0,0,0,0,0,0,0,0,0,0,0,0,0,2,2,45,1,1,2,1,3,3,1,62,1,1,1,69,0,0
12,121196,1,2,1,19,7,13,20,12,6,1,0,12,1,18,20,18020,4,2000,2G4WB55K4Y11,2,G,4,W,B,5,5,K,4,Y,1,1,0,P,BUIC,RLS,4D,0,17,3438,,0,1090,,G,,0,0,000000000,00000000000,0,0,0,1,0,0,0,0,0,0,0,20,0,0,0,2,2,6,2,12,0,0,0,1,12,33982,6,1,0,0,3,3,71,999,0,0,0,0,0,0,0,0,0,0,38,0,0,0,2,2,45,1,1,2,1,3,3,11,15,1,1,1,68,1,0
12,121196,2,2,1,19,7,13,20,12,6,1,0,12,1,38,471,38471,30,1984,JAACL14S7E07,J,A,A,C,L,1,4,S,7,E,0,7,0,T,ISU,LBD,PK,84,17,,1,0,1179,PUP,D,,0,0,000000000,00000000000,0,0,0,1,0,0,0,0,0,0,0,35,0,0,0,12,12,6,2,12,0,0,0,1,12,33982,6,1,0,0,3,3,70,999,0,0,0,0,0,0,0,0,0,0,0,0,0,0,2,2,45,1,1,2,1,3,3,1,62,9,1,1,69,0,0
12,121197,1,1,1,20,7,4,30,52,0,1,0,12,2,49,401,49401,14,1999,JT3GM84R1X00,J,T,3,G,M,8,4,R,1,X,0,0,0,P,TOYT,RUN,UT,99,17,3485,,0,1053,,G,,0,0,000000000,00000000000,0,0,0,1,0,0,0,0,0,0,0,60,0,1,5,12,12,6,2,1,0,0,0,1,12,34950,6,1,0,0,3,3,69,999,0,1,0,0,0,1,2009,1,2009,0,36,0,0,0,1,2,60,3,1,2,1,28,3,14,13,1,1,4,1,1,0
12,121198,1,2,1,20,7,8,25,12,2,1,0,12,2,55,36,55036,4,2010,KMHCN4AC4AU4,K,M,H,C,N,4,A,C,4,A,U,4,0,P,HYUN,ALS,4D,10,17,2365,,0,984,,G,,0,0,000000000,00000000000,0,0,0,1,0,0,0,0,0,0,0,60,0,0,0,12,12,6,2,12,0,0,0,1,12,31720,6,1,0,0,3,3,71,999,0,0,0,0,0,0,0,0,0,0,28,0,0,0,1,2,60,1,1,1,1,28,3,1,10,1,1,2,50,1,0
12,121198,2,2,1,20,7,8,25,12,2,1,0,12,1,20,481,20481,31,2001,2GCEC19T5112,2,G,C,E,C,1,9,T,5,1,1,2,0,T,CHEV,SC1,4C,1,17,,2,1575,1435,SIL,G,,0,0,000000000,00000000000,0,0,0,1,0,0,0,0,0,0,0,60,0,0,0,12,3,6,2,12,0,0,0,1,12,32060,6,1,6,0,3,0,73,999,0,0,0,2,0,11,2008,2,2009,0,0,0,0,0,1,2,60,1,1,1,1,28,3,1,62,7,1,1,51,0,0
12,121199,1,1,1,20,7,21,5,1,0,1,0,12,1,12,481,12481,31,2007,1FTRF12267NA,1,F,T,R,F,1,2,2,6,7,N,A,0,T,FORD,F15,PK,7,17,,2,1450,1260,COF,G,,0,0,000000000,00000000000,0,0,0,1,0,0,0,0,0,0,0,80,0,2,5,0,13,6,2,1,0,0,0,1,12,32533,6,1,0,0,3,0,72,999,0,0,0,0,0,0,0,0,0,1,36,0,0,0,1,2,45,1,1,2,1,28,3,1,13,6,4,4,7,1,0
12,121200,1,1,1,21,7,11,30,32,0,1,0,12,1,2,404,2404,14,1995,1J4GZ78Y2SC5,1,J,4,G,Z,7,8,Y,2,S,C,5,0,T,JEEP,L/O,4W,95,17,,1,0,1059,GCK,G,,0,0,000000000,00000000000,0,0,0,1,0,0,0,0,0,0,0,15,0,0,0,6,6,4,9,5,0,0,0,1,12,32038,6,1,0,0,3,0,68,999,0,0,0,0,0,0,0,0,0,0,31,0,0,0,1,2,25,1,1,5,1,28,3,13,98,1,1,4,98,1,0
12,121201,1,3,1,21,7,2,53,12,1,1,0,12,1,20,4,20004,1,2004,1G1YY32GX451,1,G,1,Y,Y,3,2,G,X,4,5,1,0,P,CHEV,CVT,CV,4,17,3210,,0,1045,,G,,0,0,000000000,00000000000,0,0,0,1,0,0,0,0,0,0,0,85,0,0,0,12,12,6,2,12,0,0,0,1,12,33327,6,1,0,0,3,0,73,999,0,0,0,0,0,0,0,0,0,0,0,0,0,0,3,5,65,1,1,2,2,28,3,1,51,6,1,1,24,1,1
12,121201,2,3,1,21,7,2,53,12,1,1,0,12,3,89,881,89881,66,1994,4V1WDBRF2RN6,4,V,1,W,D,B,R,F,2,R,N,6,1,T,WHGM,WIA,DS,94,17,,8,0,0,ARO,D,,1,77,777777777,77777777777,3,6,1,1,0,0,0,0,0,0,0,60,0,0,0,6,6,4,3,12,0,0,0,1,12,33030,6,1,6,0,3,0,69,999,0,0,0,0,0,0,0,0,0,0,0,0,0,0,3,5,65,1,1,2,2,28,3,1,53,1,1,1,25,0,0
12,121201,3,3,1,21,7,2,53,12,1,1,0,12,1,82,881,82881,66,2000,1FUYSDYB6YLG,1,F,U,Y,S,D,Y,B,6,Y,L,G,1,T,FRHT,FC2,DS,0,17,,8,0,0,CON,D,,1,77,777777777,77777777777,3,6,1,1,0,0,0,0,0,0,0,55,0,0,0,9,9,6,2,12,0,0,0,1,12,33016,6,1,6,0,3,0,68,999,0,0,0,1,0,12,2009,12,2009,0,92,0,0,0,3,5,65,1,1,2,2,28,3,1,61,7,1,1,98,0,0
12,121202,1,1,1,22,7,23,11,30,0,1,0,12,1,12,481,12481,31,1993,2FTEF15N4PCA,2,F,T,E,F,1,5,N,4,P,C,A,0,T,FORD,F15,PK,93,17,,2,1330,1170,COF,G,,0,0,000000000,00000000000,0,0,0,1,0,0,0,0,0,0,0,45,0,0,0,12,11,6,2,30,0,0,0,1,12,33876,6,1,0,0,3,3,69,999,0,0,0,0,0,0,0,0,0,0,39,0,0,0,1,2,45,1,1,2,1,20,3,1,14,1,1,4,14,1,1
12,121203,1,1,7,22,7,14,49,1,0,1,0,12,2,12,401,12401,14,2003,1FMPU15L13LC,1,F,M,P,U,1,5,L,1,3,L,C,0,P,FORD,EPT,UT,3,17,5416,,0,1191,,G,,0,0,000000000,00000000000,0,0,0,1,0,0,0,0,0,0,0,85,0,1,1,0,0,6,2,2,0,0,1,1,12,33147,6,1,0,0,3,0,60,999,0,0,0,0,0,0,0,0,0,0,0,0,0,0,2,3,70,1,2,2,1,28,3,1,1,1,4,2,98,1,0
12,121204,1,2,3,23,7,21,6,8,0,1,0,12,2,6,441,6441,20,2005,2C4GP54L35R3,2,C,4,G,P,5,4,L,3,5,R,3,0,P,CHRY,TWC,SV,5,17,4256,,0,1193,,G,,0,0,000000000,00000000000,0,0,0,1,0,0,0,0,0,0,0,45,0,0,0,1,1,6,2,8,0,0,0,1,25,2072,6,1,0,0,3,0,64,999,0,0,0,0,0,0,0,0,0,0,0,0,0,0,1,2,55,1,1,2,1,28,3,1,80,7,1,1,13,0,0
12,121204,2,2,1,23,7,21,6,8,0,1,0,12,1,42,31,42031,4,1991,WDBEB28D5MB5,W,D,B,E,B,2,8,D,5,M,B,5,0,P,MERZ,30D,4D,91,17,3390,,0,1102,,D,,0,0,000000000,00000000000,0,0,0,1,0,0,0,0,0,0,0,45,0,0,0,12,12,6,2,12,0,0,0,1,12,32130,6,1,0,0,3,0,69,999,0,0,0,0,2,12,2008,6,2009,0,0,0,0,0,1,2,55,1,1,2,1,28,3,1,62,1,1,1,98,0,0
12,121205,1,1,1,23,7,4,25,1,0,1,0,37,3,98,806,98806,62,2008,5PVNE8JV382S,5,P,V,N,E,8,J,V,3,8,2,S,0,T,HINO,268,CC,8,17,,6,0,0,HIN,D,,0,39,77777777,3977777777,2,1,1,1,0,0,0,0,0,0,0,53,0,1,5,0,0,6,2,1,0,0,0,1,1,36117,6,1,0,0,3,0,72,999,1,0,0,0,0,7,2009,7,2009,1,36,0,0,0,2,2,45,2,1,2,1,28,3,14,12,7,4,4,2,1,0
12,121206,1,2,1,23,7,14,0,12,1,1,0,12,1,23,481,23481,31,1995,2GTEC19K4S15,2,G,T,E,C,1,9,K,4,S,1,5,0,T,GMC,SC1,PC,95,17,,2,1555,1415,SIE,G,,0,0,000000000,00000000000,0,0,0,1,0,0,0,0,0,0,0,55,0,0,0,12,12,6,2,30,0,0,0,1,12,32526,6,1,0,0,3,0,70,999,0,0,0,0,0,0,0,0,0,0,33,0,0,0,1,2,55,1,1,2,1,28,3,6,51,8,1,2,32,1,0
12,121206,2,2,1,23,7,14,0,12,1,1,0,12,3,98,898,98898,78,2004,T0310GX94138,T,0,3,1,0,G,X,9,4,1,3,8,0,P,,,,,,,,,,,,,0,88,888888888,88888888888,3,19,98,1,0,0,0,0,0,0,0,10,0,1,1,6,6,6,2,12,0,0,0,1,13,31064,6,1,0,0,3,0,67,999,98,1,0,1,1,3,2008,12,2009,0,0,0,0,0,1,2,55,1,1,2,1,28,3,11,61,1,1,1,32,0,0
12,121207,1,1,1,23,7,8,11,42,0,1,0,12,2,20,482,20482,31,2005,3GNEC12Z25G1,3,G,N,E,C,1,2,Z,2,5,G,1,0,P,CHEV,AVL,UT,5,17,5437,,0,1300,,F,,0,0,000000000,00000000000,0,0,0,1,0,0,0,0,0,0,0,80,0,0,0,12,12,6,2,42,0,0,0,1,12,32320,6,1,0,0,3,3,68,999,0,0,0,0,0,0,0,0,0,1,36,0,0,0,1,2,60,3,1,2,1,28,3,14,13,6,4,4,7,1,1
12,121208,1,1,1,23,7,20,5,58,0,1,0,12,2,49,40,49040,4,2005,4T1BE32K15U9,4,T,1,B,E,3,2,K,1,5,U,9,0,P,TOYT,XLL,4D,5,17,3108,,0,1071,,G,,0,0,000000000,00000000000,0,0,0,1,0,0,0,0,0,0,0,60,0,0,0,99,3,6,2,2,0,0,1,1,12,33193,1,1,0,0,2,0,69,999,0,7,0,0,5,9,2008,5,2010,1,36,0,0,0,1,2,25,3,1,2,2,28,3,14,13,1,1,4,1,1,1
12,121209,1,2,1,24,7,3,0,12,2,1,0,12,2,2,404,2404,14,1998,1J4FJ68S4WL2,1,J,4,F,J,6,8,S,4,W,L,2,0,T,JEEP,SPC,4W,98,17,,1,0,1014,CHK,G,,0,0,000000000,00000000000,0,0,0,1,0,0,0,0,0,0,0,70,0,0,0,12,12,6,2,12,0,0,0,1,12,33316,6,1,0,0,3,0,73,999,0,0,0,0,0,0,0,0,0,0,50,0,0,0,2,5,70,1,1,2,2,28,3,1,54,1,1,1,52,1,1
12,121209,2,2,1,24,7,3,0,12,2,1,0,12,3,51,881,51881,66,2009,4V4MC9DFX9N2,4,V,4,M,C,9,D,F,X,9,N,2,1,T,VOLV,VNM,DS,9,17,,8,0,0,VVN,D,,3,88,888888888,88888888888,3,6,1,1,0,0,0,0,0,0,0,63,0,0,0,12,12,6,2,12,0,0,0,1,12,33018,6,1,6,0,3,0,66,999,0,0,0,0,0,0,0,0,0,0,0,0,0,0,2,5,70,1,1,2,2,28,3,1,54,1,1,1,52,0,0
12,121210,1,1,3,24,7,0,40,1,0,1,0,12,1,12,481,12481,31,2002,1FTRX17212NA,1,F,T,R,X,1,7,2,1,2,N,A,0,T,FORD,F15,4C,2,17,,2,1571,1385,COF,G,,0,0,000000000,00000000000,0,0,0,1,0,0,0,0,0,0,0,55,0,1,5,0,99,6,2,1,0,0,0,1,12,32091,6,1,0,0,3,0,64,999,0,0,0,0,0,0,0,0,0,1,36,0,0,0,1,2,30,3,1,2,1,0,0,14,6,1,3,4,2,1,1
12,121211,1,2,1,25,7,3,55,12,1,1,0,12,1,19,3,19003,4,2003,1G6KE54Y93U1,1,G,6,K,E,5,4,Y,9,3,U,1,0,P,CADI,DHS,4D,3,17,3978,,0,1153,,G,,0,0,000000000,00000000000,0,0,0,1,0,0,0,0,0,0,0,90,0,0,0,12,12,6,2,12,0,0,0,1,12,32955,6,1,0,0,3,0,73,999,0,1,0,2,0,10,2009,1,2010,1,36,91,0,0,3,3,70,1,1,1,1,28,3,1,51,1,1,1,24,0,1
12,121211,2,2,1,25,7,3,55,12,1,1,0,12,1,12,3,12003,2,2003,1FAFP40463F3,1,F,A,F,P,4,0,4,6,3,F,3,0,P,FORD,MUS,CP,3,17,3114,,0,1013,,G,,0,0,000000000,00000000000,0,0,0,1,0,0,0,0,0,0,0,70,0,0,0,6,6,6,2,12,0,0,1,1,12,32934,6,1,0,0,3,0,71,999,0,0,0,0,1,10,2009,10,2009,0,0,0,0,0,3,3,70,1,1,1,1,28,3,1,53,1,1,1,25,1,0
12,121212,1,1,2,25,7,13,5,30,0,1,0,12,2,37,31,37031,4,2000,2HGEJ6615YH5,2,H,G,E,J,6,6,1,5,Y,H,5,0,P,HOND,UCE,4D,0,17,2388,,0,1032,,G,,0,0,000000000,00000000000,0,0,0,1,0,0,0,0,0,0,0,65,0,1,5,11,11,6,2,1,0,0,0,1,12,33037,6,1,0,0,3,0,72,999,0,0,0,0,2,7,2007,10,2009,1,28,0,0,0,2,2,50,1,1,2,8,28,3,1,12,7,1,4,1,2,1
12,121213,1,3,1,12,7,14,30,12,6,1,0,12,1,63,34,63034,4,2009,KNAGE2286953,K,N,A,G,E,2,2,8,6,9,5,3,0,P,KIA,OLE,4D,9,17,3157,,0,1071,,G,,0,0,000000000,00000000000,0,0,0,1,0,0,0,0,0,0,0,45,0,0,0,12,12,6,2,12,0,0,0,1,12,34667,6,1,0,0,3,3,72,999,0,0,0,0,0,0,0,0,0,0,39,0,0,0,2,3,45,1,1,2,1,3,3,1,17,1,1,1,83,1,0
12,121213,2,3,1,12,7,14,30,12,6,1,0,12,2,20,401,20401,14,2001,1GNCS18W21K1,1,G,N,C,S,1,8,W,2,1,K,1,0,P,CHEV,BZR,UT,1,17,3699,,0,1005,,G,,0,0,000000000,00000000000,0,0,0,1,0,0,0,0,0,0,0,15,0,1,1,9,9,6,2,2,0,0,1,1,12,33763,6,1,0,0,3,0,70,999,0,0,0,0,0,0,0,0,0,0,0,0,0,0,2,3,30,1,1,2,1,3,3,11,66,1,1,1,82,0,0
12,121213,3,3,1,12,7,14,30,12,6,1,0,12,1,14,36,14036,4,1992,3MAPM10J5NR6,3,M,A,P,M,1,0,J,5,N,R,6,0,P,MERC,TRA,4D,92,17,2356,,0,984,,G,,0,0,000000000,00000000000,0,0,0,1,0,0,0,0,0,0,0,15,0,0,0,9,9,6,2,12,0,0,0,1,12,34668,6,1,0,0,3,3,66,999,0,0,0,0,0,0,0,0,0,0,0,0,0,0,2,3,30,1,1,2,1,3,3,1,60,1,1,1,98,0,0
12,121214,1,1,2,12,7,16,50,5,0,1,0,12,1,76,739,76739,90,2010,JY4AJ44Y3AC0,J,Y,4,A,J,4,4,Y,3,A,C,0,0,M,YAMA,Z4X,AT,10,17,,,,,,,449,0,0,000000000,00000000000,0,0,0,1,0,0,0,0,0,0,0,999,0,0,0,0,0,0,3,30,0,0,0,1,12,33331,6,7,0,0,3,3,67,999,0,0,0,0,0,0,0,0,0,0,36,0,0,0,1,2,30,1,1,9,1,0,0,1,98,1,1,5,0,1,0
12,121215,1,2,2,26,3,22,19,12,1,1,0,12,1,7,442,7442,20,1998,2B4GP4435WR5,2,B,4,G,P,4,4,3,5,W,R,5,0,P,DODG,CAR,SV,98,17,3675,,0,1193,,G,,0,0,000000000,00000000000,0,0,0,1,0,0,0,0,0,0,0,999,0,0,0,12,12,6,2,12,0,0,0,1,12,34983,6,1,0,0,3,0,68,999,0,0,0,0,0,0,0,0,0,0,26,0,0,0,2,3,40,1,1,1,1,3,3,1,51,1,1,1,24,1,0
12,121215,2,2,1,26,3,22,19,12,1,1,0,12,3,87,881,87881,63,1996,1XPGD98X4TN4,1,X,P,G,D,9,8,X,4,T,N,4,0,T,PTRB,385,DS,96,17,,8,0,0,CON,D,,0,77,777777777,77777777777,3,2,7,1,0,0,0,0,0,0,0,999,0,0,0,6,6,4,1,12,0,0,0,1,12,34997,6,1,6,3,3,3,71,999,0,0,0,0,1,8,2009,8,2009,0,0,0,0,0,2,3,40,1,1,1,1,3,3,1,53,1,1,1,25,0,0
12,121216,1,2,1,10,4,11,40,12,6,1,0,12,1,12,461,12461,21,1998,1FMRE116XWHB,1,F,M,R,E,1,1,6,X,W,H,B,0,P,FORD,CLU,SV,98,17,5030,,0,1380,,G,,0,0,000000000,00000000000,0,0,0,1,0,0,0,0,0,0,0,999,0,0,0,1,1,6,2,12,0,0,0,1,12,33707,6,1,0,0,3,3,71,999,0,0,0,0,0,0,0,0,0,0,0,0,0,0,1,4,35,3,1,2,1,3,3,11,15,1,1,1,68,1,0
12,121216,2,2,2,10,4,11,40,12,6,1,0,12,2,59,34,59034,4,1994,JT8JS47E7R00,J,T,8,J,S,4,7,E,7,R,0,0,0,P,LEXS,GS3,4D,94,17,3660,,0,1094,,G,,0,0,000000000,00000000000,0,0,0,1,0,0,0,0,0,0,0,999,0,0,0,12,12,6,2,12,0,0,0,1,12,33711,6,1,0,0,3,0,69,999,0,0,0,1,0,11,2009,11,2009,0,0,0,0,0,1,4,35,2,1,2,1,3,3,14,62,1,1,1,69,0,0
12,121217,1,1,1,1,6,16,10,8,0,1,0,12,1,6,52,6052,6,2005,3C8FY688X5T5,3,C,8,F,Y,6,8,8,X,5,T,5,0,P,CHRY,PTC,SV,5,17,3099,,0,1030,,G,,0,0,000000000,00000000000,0,0,0,1,0,0,0,0,0,0,0,999,0,0,0,12,12,4,3,8,0,0,0,1,12,32724,6,1,0,0,3,0,76,999,0,0,0,0,0,0,0,0,0,0,0,0,0,0,1,2,35,1,2,2,1,28,3,1,80,1,1,1,13,0,0