STATE,ST_CASE,VEH_NO,VE_FORMS,NUMOCCS,DAY,MONTH,HOUR,MINUTE,HARM_EV,MAN_COLL,UNITTYPE,HIT_RUN,REG_STAT,OWNER,MAKE,MODEL,MAK_MOD,BODY_TYP,MOD_YEAR,VIN,VIN_1,VIN_2,VIN_3,VIN_4,VIN_5,VIN_6,VIN_7,VIN_8,VIN_9,VIN_10,VIN_11,VIN_12,TOW_VEH,VINTYPE,VINMAKE,VINA_MOD,VIN_BT,VINMODYR,VIN_LNGT,VIN_WGT,WGTCD_TR,WHLBS_LG,WHLBS_SH,SER_TR,FUELCODE,MCYCL_DS,J_KNIFE,MCARR_I1,MCARR_I2,MCARR_ID,GVWR,V_CONFIG,CARGO_BT,HAZ_INV,HAZ_PLAC,HAZ_ID,HAZ_CNO,HAZ_REL,BUS_USE,SPEC_USE,EMER_USE,TRAV_SP,UNDERIDE,ROLLOVER,ROLINLOC,IMPACT1,IMPACT2,DEFORMED,TOWED,M_HARM,VEH_SC1,VEH_SC2,FIRE_EXP,DR_PRES,L_STATE,DR_ZIP,L_STATUS,L_TYPE,CDL_STAT,L_ENDORS,L_COMPL,L_RESTRI,DR_HGT,DR_WGT,PREV_ACC,PREV_SUS,PREV_DWI,PREV_SPD,PREV_OTH,FIRST_MO,FIRST_YR,LAST_MO,LAST_YR,SPEEDREL,DR_SF1,DR_SF2,DR_SF3,DR_SF4,VTRAFWAY,VNUM_LAN,VSPD_LIM,VALIGN,VPROFILE,VPAVETYP,VSURCOND,VTRAFCON,VTCONT_F,P_CRASH1,P_CRASH2,P_CRASH3,PCRASH4,PCRASH5,ACC_TYPE,DEATHS,DR_DRINK
12,121218,1,1,2,5,7,3,25,8,0,1,0,12,2,7,482,7482,31,2004,1D7HA18D64S5,1,D,7,H,A,1,8,D,6,4,S,5,0,T,DODG,SQ1,CW,4,17,,2,1605,1405,RPC,G,,0,0,000000000,00000000000,0,0,0,1,0,0,0,0,0,0,0,45,0,0,0,8,8,0,3,8,0,0,0,1,12,34788,6,1,0,0,3,0,70,999,0,0,0,0,0,0,0,0,0,0,0,0,0,0,1,2,45,1,1,2,1,0,0,1,80,1,1,1,13,0,0
12,121219,1,2,2,10,7,12,6,12,6,1,0,12,1,6,52,6052,6,2003,3C4FY78G43T5,3,C,4,F,Y,7,8,G,4,3,T,5,0,P,CHRY,PTC,SV,3,17,3231,,0,1030,,G,,0,0,000000000,00000000000,0,0,0,1,0,0,0,0,0,0,0,999,0,0,0,9,9,6,2,12,0,0,0,1,12,32935,1,1,0,0,2,0,63,999,1,4,0,0,0,4,2010,6,2010,0,38,39,0,0,2,3,70,1,1,2,1,20,3,1,17,1,1,1,89,1,0
12,121219,2,2,1,10,7,12,6,12,6,1,0,12,3,85,881,85881,63,2003,1NKDXUEX43J3,1,N,K,D,X,U,E,X,4,3,J,3,0,T,KW,T80,TM,3,17,,8,2600,1600,CON,D,,0,77,777777777,77777777777,3,2,4,1,0,0,0,0,0,0,0,45,0,0,0,12,12,6,2,12,0,0,0,1,12,34743,6,1,6,3,3,0,74,999,0,1,0,0,0,3,2010,3,2010,0,0,0,0,0,2,3,45,1,1,2,1,0,0,1,66,1,1,1,88,0,0
12,121220,1,2,1,15,3,13,40,12,6,1,0,12,1,49,402,49402,14,2003,JTEGH20V1301,J,T,E,G,H,2,0,V,1,3,0,1,0,P,TOYT,RV4,UT,3,17,2711,,0,980,,G,,0,0,000000000,00000000000,0,0,0,1,0,0,0,0,0,0,0,45,0,0,0,12,12,6,2,12,0,0,0,1,12,33706,6,1,0,0,3,3,63,999,0,0,0,0,0,0,0,0,0,0,39,51,0,0,2,3,40,1,1,2,1,3,3,1,17,1,1,1,86,1,1
12,121220,2,2,2,15,3,13,40,12,6,1,0,12,1,2,404,2404,14,2009,1J8HR68T59C5,1,J,8,H,R,6,8,T,5,9,C,5,0,T,JEEP,OVR,4W,9,17,,2,0,1095,GCK,G,,0,0,000000000,00000000000,0,0,0,1,0,0,0,0,0,0,0,35,0,0,0,3,3,6,2,12,0,0,0,1,12,33781,6,1,0,0,3,0,70,999,0,0,0,0,0,0,0,0,0,0,0,0,0,0,2,3,35,1,1,2,1,3,3,1,66,1,1,1,87,0,0
12,121221,1,1,1,10,6,15,9,15,0,1,0,12,2,13,5,13005,4,1996,1LNLM97V8TY6,1,L,N,L,M,9,7,V,8,T,Y,6,0,P,LINC,CDS,4D,96,17,3881,,0,1090,,G,,0,0,000000000,00000000000,0,0,0,1,0,0,0,0,0,0,0,15,0,0,0,12,12,4,1,15,0,0,0,1,12,34135,6,1,0,0,3,0,63,999,0,2,0,2,2,8,2007,4,2010,0,0,0,0,0,1,2,15,1,1,2,1,28,3,1,83,7,1,1,13,0,0
12,121222,1,1,2,13,7,8,25,8,0,1,0,12,1,22,22,22022,4,2006,1G2ZG5586641,1,G,2,Z,G,5,5,8,6,6,4,1,0,P,PONT,GS1,4D,6,17,3419,,0,1123,,G,,0,0,000000000,00000000000,0,0,0,1,0,0,0,0,0,0,0,45,0,0,0,12,12,4,1,8,0,0,0,1,12,32817,6,1,0,0,3,0,68,999,0,0,0,0,0,0,0,0,0,0,0,0,0,0,2,3,45,1,1,2,1,3,3,1,80,1,1,1,13,0,0
12,121223,1,2,1,28,6,13,8,12,6,1,0,12,2,7,472,7472,31,1993,1B7GL23Y7PS2,1,B,7,G,L,2,3,Y,7,P,S,2,0,T,DODG,DAK,PC,93,17,,1,0,1309,DAK,G,,0,0,000000000,00000000000,0,0,0,1,0,0,0,0,0,0,0,25,0,0,0,12,12,6,2,12,0,0,0,1,12,33526,6,1,0,0,3,3,66,999,0,0,0,0,0,0,0,0,0,0,36,0,0,0,2,2,35,1,1,2,1,0,0,1,17,1,1,1,86,1,0
12,121223,2,2,1,28,6,13,8,12,6,1,0,12,3,99,999,99999,99,9999,999999999999,9,9,9,9,9,9,9,9,9,9,9,9,0,U,,,,9,17,,,,,,,,0,0,000000000,00000000000,0,0,0,1,0,0,0,0,0,0,0,30,0,0,0,3,3,4,1,12,0,0,0,1,12,33526,6,1,0,0,3,3,72,999,0,0,0,0,0,0,0,0,0,0,0,0,0,0,1,2,35,1,1,2,1,99,9,1,66,1,1,1,87,0,0
12,121224,1,2,1,6,7,19,49,12,6,1,0,12,2,58,35,58035,4,1996,JNKCA21D7TT0,J,N,K,C,A,2,1,D,7,T,T,0,0,P,INFI,I30,4D,96,17,2974,,0,1063,,G,,0,0,000000000,00000000000,0,0,0,1,0,0,0,0,0,0,0,60,0,0,0,12,11,6,2,12,0,0,0,1,12,33126,6,1,0,0,3,0,75,999,0,6,0,4,0,4,2008,12,2009,0,0,0,0,0,2,2,40,1,1,2,1,20,3,1,66,1,1,1,86,0,0
12,121224,2,2,1,6,7,19,49,12,6,1,0,12,2,20,22,20022,2,2007,1G1AL15F6774,1,G,1,A,L,1,5,F,6,7,7,4,0,P,CHEV,BLT,CP,7,17,2991,,0,1033,,G,,0,0,000000000,00000000000,0,0,0,1,0,0,0,0,0,0,0,20,0,0,0,1,5,6,2,12,0,0,0,1,12,33322,6,1,0,0,3,3,65,999,0,0,0,0,0,0,0,0,0,0,0,0,0,0,2,1,30,1,1,2,1,20,3,1,17,1,1,1,87,1,0
12,121225,1,1,1,14,7,2,0,34,0,1,0,12,1,18,20,18020,4,2000,2G4WB55K8Y11,2,G,4,W,B,5,5,K,8,Y,1,1,0,P,BUIC,RLS,4D,0,17,3438,,0,1090,,G,,0,0,000000000,00000000000,0,0,0,1,0,0,0,0,0,0,0,70,0,1,5,12,12,6,2,1,0,0,0,1,12,33950,6,1,0,0,3,0,72,999,0,0,0,0,2,7,2009,7,2009,0,36,0,0,0,1,2,99,2,1,2,1,0,0,14,12,1,1,4,6,1,1
12,121226,1,1,1,15,7,23,40,8,0,1,0,12,1,63,402,63402,14,2003,KNDJC7336351,K,N,D,J,C,7,3,3,6,3,5,1,0,P,KIA,SOR,UT,3,17,4255,,0,1067,,G,,0,0,000000000,00000000000,0,0,0,1,0,0,0,0,0,0,0,40,0,0,0,12,12,6,2,8,0,0,0,1,12,34652,6,1,0,0,3,0,67,999,0,0,0,0,0,0,0,0,0,0,0,0,0,0,2,3,45,1,1,2,2,28,3,1,80,1,1,1,13,0,0
12,121227,1,1,1,23,7,6,42,8,0,1,0,12,1,24,1,24001,4,2000,1G8ZH5283YZ1,1,G,8,Z,H,5,2,8,3,Y,Z,1,0,P,STRN,SL1,4D,0,17,2332,,0,1024,,G,,0,0,000000000,00000000000,0,0,0,1,0,0,0,0,0,0,0,45,0,0,0,12,12,4,3,8,0,0,0,1,12,33174,6,1,0,0,3,0,70,999,0,0,0,0,0,0,0,0,0,0,0,0,0,0,2,3,45,1,1,2,2,3,3,1,80,1,1,1,13,0,0
12,121228,1,1,4,23,7,9,36,1,0,1,0,45,2,20,401,20401,14,2002,1GNES16SX261,1,G,N,E,S,1,6,S,X,2,6,1,0,P,CHEV,TRL,UT,2,17,4836,,0,1290,,G,,0,0,000000000,00000000000,0,0,0,1,0,0,0,0,0,0,0,70,0,2,3,0,0,6,2,1,0,0,0,1,45,29587,6,1,0,0,3,0,62,220,0,0,0,0,0,0,0,0,0,0,36,0,0,0,2,2,70,3,1,2,1,28,3,14,12,1,4,4,7,2,0
12,121229,1,2,2,24,7,20,40,12,6,1,0,99,9,98,739,98739,90,2006,4UF06ATV76T2,4,U,F,0,6,A,T,V,7,6,T,2,0,U,,,,6,17,,,,,,,,0,0,000000000,00000000000,0,0,0,1,0,0,0,0,0,0,0,25,0,0,0,12,12,6,2,12,0,0,0,1,12,33525,6,1,0,0,3,3,73,999,0,0,0,0,0,0,0,0,0,0,39,0,0,0,1,2,30,1,2,2,2,20,3,1,17,1,1,1,88,2,0
12,121229,2,2,6,24,7,20,40,12,6,1,0,12,1,12,401,12401,14,2002,1FMDU75W42ZA,1,F,M,D,U,7,5,W,4,2,Z,A,0,P,FORD,EPR,UT,2,17,4386,,0,1137,,G,,0,0,000000000,00000000000,0,0,0,1,0,0,0,0,0,0,0,30,0,1,5,8,12,6,2,12,0,0,0,1,12,33597,6,1,0,0,3,0,69,999,0,0,0,0,0,0,0,0,0,0,0,0,0,0,1,2,30,1,2,2,2,0,0,1,66,1,1,1,89,0,0
12,121230,1,1,3,25,7,0,13,8,0,1,0,12,2,18,20,18020,2,1995,2G4WB12L4S14,2,G,4,W,B,1,2,L,4,S,1,4,0,P,BUIC,RCG,CP,95,17,3261,,0,1075,,G,,0,0,000000000,00000000000,0,0,0,1,0,0,0,0,0,0,0,35,0,0,0,12,12,4,3,8,0,0,0,1,12,32967,6,1,0,0,3,0,66,999,0,0,0,1,0,11,2008,11,2008,1,0,0,0,0,1,2,35,1,1,2,1,28,3,1,80,6,1,1,13,0,0
12,121232,1,2,2,26,7,22,30,12,1,1,0,12,1,59,32,59032,4,1993,JT8UF11E3P01,J,T,8,U,F,1,1,E,3,P,0,1,0,P,LEXS,LS4,4D,93,17,3858,,0,1108,,G,,0,0,000000000,00000000000,0,0,0,1,0,0,0,0,0,0,0,40,0,0,0,6,6,6,2,30,0,0,0,1,12,34207,6,1,0,0,3,0,75,999,0,2,0,0,0,1,2010,5,2010,0,36,0,0,0,1,2,40,1,1,2,1,28,3,1,53,1,1,1,25,1,0
12,121232,2,2,4,26,7,22,30,12,1,1,0,12,3,12,37,12037,5,2005,3FAFP37NX5R1,3,F,A,F,P,3,7,N,X,5,R,1,0,P,FORD,FX5,5D,5,17,2729,,0,1030,,G,,0,0,000000000,00000000000,0,0,0,1,0,0,0,0,0,0,0,40,0,0,0,12,12,4,3,12,0,0,0,1,12,33570,6,1,0,0,3,3,74,999,0,1,0,3,0,1,2009,4,2010,0,36,91,0,0,1,2,40,1,1,2,1,28,3,1,51,1,1,1,24,0,0
12,121233,1,1,6,27,7,18,49,1,0,1,0,12,1,38,402,38402,14,1998,4S2CK58W1W43,4,S,2,C,K,5,8,W,1,W,4,3,0,P,ISU,ROD,UT,98,17,3770,,0,1087,,G,,0,0,000000000,00000000000,0,0,0,1,0,0,0,0,0,0,0,70,0,1,3,0,0,6,2,1,0,0,0,1,12,34950,6,1,0,0,3,0,65,999,0,0,0,0,0,0,0,0,0,0,36,0,0,0,2,2,70,1,1,2,1,28,3,1,12,6,1,4,6,1,0
12,121235,1,1,1,29,7,9,50,8,0,1,0,12,1,12,471,12471,30,2001,1FTYR10D61PB,1,F,T,Y,R,1,0,D,6,1,P,B,0,T,FORD,RNG,PK,1,17,,1,1175,1116,RNG,G,,0,0,000000000,00000000000,0,0,0,1,0,0,0,0,0,0,0,45,0,0,0,12,12,4,1,8,0,0,0,1,12,34667,6,1,0,0,3,3,71,999,0,0,0,0,0,0,0,0,0,0,0,0,0,0,2,3,45,1,1,2,1,28,3,1,80,1,1,1,13,0,0
12,121236,1,1,1,30,7,4,15,42,0,1,0,12,2,35,43,35043,4,2009,3N1AB61E19L6,3,N,1,A,B,6,1,E,1,9,L,6,0,P,NISS,SL2,4D,9,17,2897,,0,1057,,G,,0,0,000000000,00000000000,0,0,0,1,0,0,0,0,0,0,0,45,0,0,0,12,12,6,2,42,0,0,1,1,12,32701,6,1,0,0,3,0,71,999,0,0,0,0,1,11,2009,11,2009,0,36,0,0,0,1,2,45,3,1,2,1,28,3,14,13,1,1,4,1,1,0
12,121237,1,2,1,30,7,11,18,12,6,1,0,12,1,49,32,49032,4,1996,2T1BA02E7TC1,2,T,1,B,A,0,2,E,7,T,C,1,0,P,TOYT,COA,4D,96,17,2315,,0,970,,G,,0,0,000000000,00000000000,0,0,0,1,0,0,0,0,0,0,0,60,0,0,0,3,3,6,2,12,0,0,0,1,12,32340,6,1,0,0,3,0,66,999,0,0,0,0,0,0,0,0,0,0,36,0,0,0,1,2,60,3,1,2,1,0,0,14,8,1,4,4,64,1,0
12,121237,2,2,1,30,7,11,18,12,6,1,0,12,1,12,481,12481,31,2008,1FTRF12288KF,1,F,T,R,F,1,2,2,8,8,K,F,0,T,FORD,F15,PK,8,17,,2,1450,1260,COF,G,,0,0,000000000,00000000000,0,0,0,1,0,0,0,0,0,0,0,0,0,0,0,11,11,6,2,12,0,0,0,1,12,32060,6,1,0,0,3,3,70,999,0,0,0,0,0,0,0,0,0,0,0,0,0,0,1,2,60,2,1,2,1,0,0,14,62,9,1,4,65,0,0
12,121238,1,2,3,30,7,16,0,12,6,1,0,12,2,62,401,62401,14,1998,SALJY124XWA7,S,A,L,J,Y,1,2,4,X,W,A,7,0,T,LNDR,DIS,4W,98,17,,2,0,1000,DIS,G,,0,0,000000000,00000000000,0,0,0,1,0,0,0,0,0,0,0,85,0,0,0,1,1,6,2,12,0,0,0,1,12,32209,0,0,0,0,0,0,999,999,0,0,0,0,0,0,0,0,0,1,36,92,0,0,2,2,70,1,1,2,1,28,3,1,10,1,1,6,64,1,0
12,121238,2,2,4,30,7,16,0,12,6,1,0,12,1,35,401,35401,14,2006,5N1AR18U36C6,5,N,1,A,R,1,8,U,3,6,C,6,0,P,NISS,PFI,UT,6,17,4373,,0,1122,,G,,0,0,000000000,00000000000,0,0,0,1,0,0,0,0,0,0,0,70,0,0,0,12,12,6,2,12,0,0,0,1,12,33431,6,1,0,0,3,0,69,999,0,0,0,0,0,0,0,0,0,0,0,0,0,0,2,2,70,1,1,2,1,28,3,1,62,1,1,1,65,0,0
12,121239,1,1,1,30,7,3,44,19,0,1,0,12,1,20,9,20009,2,1994,2G1FP22S2R21,2,G,1,F,P,2,2,S,2,R,2,1,0,P,CHEV,CAM,CP,94,17,3247,,0,1011,,G,,0,0,000000000,00000000000,0,0,0,1,0,0,0,0,0,0,0,69,0,0,0,1,1,6,2,19,0,0,0,1,12,32570,6,1,0,0,3,3,73,999,0,0,0,1,0,8,2008,8,2008,1,0,0,0,0,1,2,35,1,1,2,1,28,3,1,12,1,4,4,7,1,1
12,121240,1,1,1,31,7,0,50,8,0,1,0,12,1,52,34,52034,4,1999,4A3AA46GXXE0,4,A,3,A,A,4,6,G,X,X,E,0,0,P,MITS,GES,4D,99,17,2935,,0,1037,,G,,0,0,000000000,00000000000,0,0,0,1,0,0,0,0,0,0,0,45,0,0,0,12,12,6,2,8,0,0,0,1,12,32043,6,1,0,0,3,0,63,999,0,1,0,0,0,8,2009,8,2009,0,0,0,0,0,2,2,45,1,1,2,1,3,3,1,80,1,1,1,13,0,0
12,121241,1,1,9,31,7,7,36,59,0,1,0,12,2,12,422,12422,15,2003,1FMRU15W43LA,1,F,M,R,U,1,5,W,4,3,L,A,0,P,FORD,EPT,UT,3,17,5416,,0,1191,,G,,0,0,000000000,00000000000,0,0,0,1,0,0,0,0,0,0,0,70,0,1,5,9,9,6,2,1,0,0,0,1,12,33612,6,1,0,0,3,3,72,999,0,0,0,0,0,0,0,0,0,0,92,0,0,0,3,3,70,1,2,2,1,28,3,1,1,1,3,4,2,2,0
12,121242,1,1,1,31,7,20,29,1,0,1,0,12,1,53,705,53705,80,2007,JS1SP46A4721,J,S,1,S,P,4,6,A,4,7,2,1,0,M,SUZI,D6E,RT,7,17,,,,,,,644,0,0,000000000,00000000000,0,0,0,1,0,0,0,0,0,0,0,35,0,0,0,0,0,4,3,1,0,0,0,1,12,34221,6,1,0,0,3,3,68,999,0,0,0,0,0,0,0,0,0,0,36,0,0,0,1,2,30,1,1,2,1,0,0,1,98,1,1,1,98,1,0
12,121243,1,1,1,31,7,3,35,42,0,1,0,12,1,49,32,49032,4,1994,JT2AE04B4R00,J,T,2,A,E,0,4,B,4,R,0,0,0,P,TOYT,COA,4D,94,17,2359,,0,970,,G,,0,0,000000000,00000000000,0,0,0,1,0,0,0,0,0,0,0,50,0,0,0,11,9,6,2,42,0,0,0,1,12,33034,1,1,0,0,2,0,64,999,0,0,0,2,0,6,2008,8,2009,0,36,0,0,0,6,2,50,2,1,4,1,28,3,14,13,1,1,4,1,1,1
12,121244,1,1,1,1,8,10,15,42,0,1,0,12,2,72,706,72706,80,1995,1HD1DPL16SY5,1,H,D,1,D,P,L,1,6,S,Y,5,0,M,HD,UHB,RS,95,17,,,,,,,1340,0,0,000000000,00000000000,0,0,0,1,0,0,0,0,0,0,0,55,0,0,0,12,12,6,2,42,0,0,0,1,12,33876,6,1,6,0,3,0,65,999,0,0,0,1,0,10,2007,10,2007,0,36,0,0,0,1,2,55,3,1,2,1,28,3,14,13,1,1,4,1,1,1
12,121245,1,1,1,6,6,19,5,8,0,1,0,12,2,49,40,49040,4,2007,4T1BE46K27U0,4,T,1,B,E,4,6,K,2,7,U,0,0,P,TOYT,CMB,4D,7,17,3108,,0,1093,,G,,0,0,000000000,00000000000,0,0,0,1,0,0,0,0,0,0,0,5,0,0,0,12,12,4,1,8,0,0,0,1,36,10025,6,1,0,0,3,3,63,999,0,0,0,0,0,0,0,0,0,0,0,0,0,0,1,2,10,1,1,2,2,0,0,1,80,1,1,1,13,0,0
12,121246,1,2,3,2,3,18,43,12,7,1,0,13,2,58,32,58032,4,1994,JNKNG01D1RM2,J,N,K,N,G,0,1,D,1,R,M,2,0,P,INFI,Q45,4D,94,17,4039,,0,1132,,G,,0,0,000000000,00000000000,0,0,0,1,0,0,0,0,0,0,0,80,0,0,0,12,12,6,2,30,0,0,0,1,12,32643,6,1,0,0,3,3,69,999,0,0,0,0,0,0,0,0,0,0,0,0,0,0,2,2,45,1,1,2,1,28,3,1,51,1,1,1,44,3,0
12,121246,2,2,1,2,3,18,43,12,7,1,0,12,1,12,481,12481,31,2007,1FTPW12V67KD,1,F,T,P,W,1,2,V,6,7,K,D,0,T,FORD,F1S,CW,7,17,,2,0,1390,COF,F,,0,0,000000000,00000000000,0,0,0,1,0,0,0,0,0,0,0,45,0,0,0,11,11,4,1,12,0,0,0,1,12,32615,6,1,0,0,3,0,72,999,0,0,0,0,0,0,0,0,0,0,0,0,0,0,2,2,45,1,1,2,1,28,3,1,53,1,1,1,45,0,0
12,121247,1,1,1,22,5,14,50,1,0,1,0,12,2,12,401,12401,14,2002,1FMZU63E02UA,1,F,M,Z,U,6,3,E,0,2,U,A,0,P,FORD,EPR,UT,2,17,4163,,0,1137,,G,,0,0,000000000,00000000000,0,0,0,1,0,0,0,0,0,0,0,60,0,2,5,0,0,6,2,1,0,0,0,1,12,32736,0,0,0,0,0,0,999,999,0,0,0,0,0,0,0,0,0,0,0,0,0,0,1,2,30,1,1,2,1,28,3,1,13,6,4,4,2,1,1
12,121248,1,3,4,23,5,17,43,12,6,1,0,12,2,49,32,49032,4,2010,1NXBU4EE5AZ2,1,N,X,B,U,4,E,E,5,A,Z,2,0,P,TOYT,CBL,4D,10,17,2723,,0,1024,,G,,0,0,000000000,00000000000,0,0,0,1,0,0,0,0,0,0,0,10,0,0,0,3,3,6,2,12,0,0,0,1,12,33032,6,1,0,0,3,0,66,999,0,0,0,0,0,0,0,0,0,0,38,0,0,0,2,2,30,1,1,2,1,20,3,1,17,1,1,1,87,1,0
12,121248,2,3,1,23,5,17,43,12,6,1,0,12,1,37,441,37441,20,2009,5FNRL38749B0,5,F,N,R,L,3,8,7,4,9,B,0,0,P,HOND,UDY,SV,9,17,4574,,0,1181,,G,,0,0,000000000,00000000000,0,0,0,1,0,0,0,0,0,0,0,30,0,0,0,12,12,6,2,12,0,0,0,1,12,34983,6,1,0,0,3,3,65,999,0,0,0,1,0,12,2009,12,2009,0,0,0,0,0,2,2,30,1,1,2,1,0,0,1,66,1,1,1,86,0,0
12,121248,3,3,1,23,5,17,43,12,6,1,0,12,2,49,472,49472,30,2004,5TEGM92N84Z3,5,T,E,G,M,9,2,N,8,4,Z,3,0,T,TOYT,DCP,CW,4,17,,1,0,1219,TAC,G,,0,0,000000000,00000000000,0,0,0,1,0,0,0,0,0,0,0,0,0,0,0,12,12,6,2,12,0,0,0,1,12,34953,1,1,0,0,2,0,72,999,1,3,0,3,4,10,2007,2,2010,0,0,0,0,0,2,2,30,1,2,2,1,20,3,5,66,1,1,1,98,0,0
12,121249,1,2,1,25,5,15,2,12,6,1,0,12,1,12,401,12401,14,2000,1FMZU63E3YUA,1,F,M,Z,U,6,3,E,3,Y,U,A,0,P,FORD,EPR,UT,0,17,3906,,0,1116,,G,,0,0,000000000,00000000000,0,0,0,1,0,0,0,0,0,0,0,25,0,0,0,2,2,6,2,12,0,0,0,1,12,34994,6,1,0,0,3,3,72,999,0,0,0,0,0,0,0,0,0,0,48,0,0,0,5,4,35,1,1,2,1,28,3,11,15,1,1,1,68,1,0
12,121249,2,2,1,25,5,15,2,12,6,1,0,12,1,30,36,30036,3,2008,WVWBA71K68W1,W,V,W,B,A,7,1,K,6,8,W,1,0,P,VOLK,RAB,2H,8,17,3041,,0,1015,,G,,0,0,000000000,00000000000,0,0,0,1,0,0,0,0,0,0,0,40,0,0,0,12,12,6,2,12,0,0,0,1,12,34990,6,1,0,0,3,0,64,999,0,0,0,0,1,3,2010,3,2010,0,0,0,0,0,5,4,35,1,1,2,1,28,3,1,62,1,1,1,69,0,0
12,121250,1,1,1,30,5,4,25,25,0,1,0,12,1,53,705,53705,80,2001,JS1GN79A7121,J,S,1,G,N,7,9,A,7,1,2,1,0,M,SUZI,GX6,RS,1,17,,,,,,,600,0,0,000000000,00000000000,0,0,0,1,0,0,0,0,0,0,0,999,0,0,0,10,10,6,2,1,0,0,0,1,12,33009,1,1,0,0,2,3,72,999,1,5,0,1,1,11,2008,1,2010,0,0,0,0,0,3,2,25,2,1,2,1,28,3,14,12,1,1,4,6,1,1
12,121251,1,2,1,29,6,11,35,12,6,1,0,12,1,37,32,37032,4,2003,1HGCM56333A0,1,H,G,C,M,5,6,3,3,3,A,0,0,P,HOND,ULX,4D,3,17,3053,,0,1079,,G,,0,0,000000000,00000000000,0,0,0,1,0,0,0,0,0,0,0,999,0,0,0,9,9,4,1,12,0,0,0,1,12,33823,6,1,0,0,3,3,71,999,0,0,0,0,0,0,0,0,0,0,0,0,0,0,1,2,35,1,2,2,1,20,3,11,15,1,1,1,68,0,0
12,121251,2,2,1,29,6,11,35,12,6,1,0,12,1,73,705,73705,80,1997,JKAENVC15VA1,J,K,A,E,N,V,C,1,5,V,A,1,0,M,KAWK,E5C,RS,97,17,,,,,,,500,0,0,000000000,00000000000,0,0,0,1,0,0,0,0,0,0,0,999,0,0,0,12,12,6,2,12,0,0,0,1,12,33805,6,1,0,0,3,0,72,999,0,0,0,0,0,0,0,0,0,0,0,0,0,0,1,2,35,1,2,2,1,0,0,1,67,1,1,1,69,1,0
12,121252,1,1,1,19,7,2,10,8,0,1,0,12,3,84,881,84881,66,2004,3HSCEAPR54N0,3,H,S,C,E,A,P,R,5,4,N,0,1,T,INTL,92I,DS,4,17,,8,0,0,920,D,,1,88,888888888,88888888888,3,6,1,1,0,0,0,0,0,0,0,55,0,0,0,12,12,4,1,8,0,0,0,1,12,32117,6,1,6,3,3,3,70,999,0,0,0,0,0,0,0,0,0,0,0,0,0,0,1,2,60,1,1,2,1,28,3,1,80,6,1,1,13,0,0
12,121253,1,1,1,25,7,4,34,8,0,1,1,12,1,49,32,49032,4,2005,1NXBR32E15Z5,1,N,X,B,R,3,2,E,1,5,Z,5,0,P,TOYT,UCS,4D,5,17,2530,,0,1024,,G,,0,0,000000000,00000000000,0,0,0,1,0,0,0,0,0,0,0,45,0,0,0,12,12,4,1,8,0,0,0,1,12,33417,6,1,0,0,3,3,62,999,0,0,0,1,0,10,2009,10,2009,0,91,0,0,0,2,3,45,1,1,2,1,0,0,1,80,99,1,1,13,0,0
12,121254,1,1,1,26,7,13,6,9,0,1,0,12,1,18,2,18002,4,1991,1G4HP54C2MH4,1,G,4,H,P,5,4,C,2,M,H,4,0,P,BUIC,LCF,4D,91,17,3174,,0,1108,,G,,0,0,000000000,00000000000,0,0,0,1,0,0,0,0,0,0,0,999,0,0,0,3,3,4,1,9,0,0,0,1,12,33511,6,1,0,0,3,3,69,999,1,0,0,0,1,11,2007,6,2008,0,0,0,0,0,2,2,45,4,1,2,1,3,3,14,83,6,1,1,13,0,0
12,121255,1,1,1,27,7,12,27,42,0,1,0,12,1,37,421,37421,15,2004,2HKYF18504H5,2,H,K,Y,F,1,8,5,0,4,H,5,0,P,HOND,PIL,UT,4,17,4400,,0,1063,,G,,0,0,000000000,00000000000,0,0,0,1,0,0,0,0,0,0,0,45,0,0,0,12,12,6,2,42,0,0,0,1,12,33317,6,1,0,0,3,0,69,999,0,0,0,0,0,0,0,0,0,0,0,0,0,0,2,3,45,1,1,2,1,0,0,1,12,1,1,4,6,1,0
12,121256,1,1,1,28,7,21,51,8,0,1,1,99,9,99,999,99999,99,9999,999999999999,9,9,9,9,9,9,9,9,9,9,9,9,0,U,,,,9,17,,,,,,,,0,0,000000000,00000000000,0,0,0,1,0,0,0,0,0,0,0,999,0,0,0,12,12,4,1,8,0,0,0,1,99,99999,9,9,99,9,9,9,999,999,99,99,99,99,99,99,9999,99,9999,0,0,0,0,0,2,3,99,1,1,2,1,0,0,1,80,99,1,1,13,0,0
12,121257,1,1,3,28,7,22,0,1,0,1,0,12,1,20,481,20481,31,1997,2GCEK19R6V11,2,G,C,E,K,1,9,R,6,V,1,1,0,T,CHEV,GK1,PC,97,17,,2,1555,1415,GM4,G,,0,0,000000000,00000000000,0,0,0,1,0,0,0,0,0,0,0,80,0,2,5,0,0,6,2,1,0,0,0,1,12,32347,6,1,0,0,3,3,67,999,0,0,0,0,0,0,0,0,0,1,36,0,0,0,1,2,60,1,1,2,1,28,3,1,13,1,3,4,2,1,1
12,121258,1,2,1,29,7,23,51,12,6,1,0,12,2,20,471,20471,30,1991,1GCCS19Z3M82,1,G,C,C,S,1,9,Z,3,M,8,2,0,T,CHEV,S14,PC,91,17,,1,0,1229,S,G,,0,0,000000000,00000000000,0,0,0,1,0,0,0,0,0,0,0,60,0,0,0,12,12,6,2,12,0,0,1,1,12,32063,6,1,0,0,3,0,66,999,1,2,0,0,3,11,2007,3,2009,1,91,0,0,0,1,2,30,1,1,2,1,28,3,1,66,1,1,1,88,0,1