STATE,ST_CASE,VEH_NO,VE_FORMS,NUMOCCS,DAY,MONTH,HOUR,MINUTE,HARM_EV,MAN_COLL,UNITTYPE,HIT_RUN,REG_STAT,OWNER,MAKE,MODEL,MAK_MOD,BODY_TYP,MOD_YEAR,VIN,VIN_1,VIN_2,VIN_3,VIN_4,VIN_5,VIN_6,VIN_7,VIN_8,VIN_9,VIN_10,VIN_11,VIN_12,TOW_VEH,VINTYPE,VINMAKE,VINA_MOD,VIN_BT,VINMODYR,VIN_LNGT,VIN_WGT,WGTCD_TR,WHLBS_LG,WHLBS_SH,SER_TR,FUELCODE,MCYCL_DS,J_KNIFE,MCARR_I1,MCARR_I2,MCARR_ID,GVWR,V_CONFIG,CARGO_BT,HAZ_INV,HAZ_PLAC,HAZ_ID,HAZ_CNO,HAZ_REL,BUS_USE,SPEC_USE,EMER_USE,TRAV_SP,UNDERIDE,ROLLOVER,ROLINLOC,IMPACT1,IMPACT2,DEFORMED,TOWED,M_HARM,VEH_SC1,VEH_SC2,FIRE_EXP,DR_PRES,L_STATE,DR_ZIP,L_STATUS,L_TYPE,CDL_STAT,L_ENDORS,L_COMPL,L_RESTRI,DR_HGT,DR_WGT,PREV_ACC,PREV_SUS,PREV_DWI,PREV_SPD,PREV_OTH,FIRST_MO,FIRST_YR,LAST_MO,LAST_YR,SPEEDREL,DR_SF1,DR_SF2,DR_SF3,DR_SF4,VTRAFWAY,VNUM_LAN,VSPD_LIM,VALIGN,VPROFILE,VPAVETYP,VSURCOND,VTRAFCON,VTCONT_F,P_CRASH1,P_CRASH2,P_CRASH3,PCRASH4,PCRASH5,ACC_TYPE,DEATHS,DR_DRINK
12,121473,1,2,1,9,9,16,22,12,6,1,0,12,1,41,401,41401,14,1991,4F2CU44X3MUM,4,F,2,C,U,4,4,X,3,M,U,M,0,P,MAZD,NAV,UT,91,17,3841,,0,1021,,G,,0,0,000000000,00000000000,0,0,0,1,0,0,0,0,0,0,0,60,0,0,0,12,12,6,2,12,0,0,0,1,12,32615,6,1,0,0,3,0,71,999,0,0,0,0,1,5,2008,5,2008,1,39,0,0,0,1,4,45,1,1,2,1,3,3,1,17,1,1,1,69,0,0
12,121473,2,2,1,9,9,16,22,12,6,1,0,12,2,14,401,14401,14,2006,4M2EU38886UJ,4,M,2,E,U,3,8,8,8,6,U,J,0,P,MERC,MOU,UT,6,17,4504,,0,1137,,G,,0,0,000000000,00000000000,0,0,0,1,0,0,0,0,0,0,0,10,0,1,1,9,9,6,2,12,0,0,0,1,12,32608,6,1,0,0,3,0,64,999,0,0,0,0,0,0,0,0,0,0,0,0,0,0,1,4,45,1,1,2,1,3,3,11,66,1,1,1,68,1,0
12,121474,1,1,1,16,8,9,34,18,0,1,0,12,3,37,32,37032,4,2010,1HGCP2F82AA0,1,H,G,C,P,2,F,8,2,A,A,0,0,P,HOND,AXL,4D,10,17,3397,,0,1102,,G,,0,0,000000000,00000000000,0,0,0,1,0,0,0,0,0,0,0,30,0,0,0,12,12,6,2,10,0,0,0,1,12,33498,6,1,0,0,3,3,70,999,0,0,0,1,0,3,2008,3,2008,0,39,0,0,0,2,3,40,1,1,1,1,65,3,1,98,1,1,1,98,1,0
12,121475,1,2,5,19,8,18,4,12,6,1,0,12,1,12,422,12422,15,2000,1FMRU1764YLA,1,F,M,R,U,1,7,6,4,Y,L,A,0,P,FORD,EPT,UT,0,17,4833,,0,1191,,G,,0,0,000000000,00000000000,0,0,0,1,0,0,0,0,0,0,0,999,0,0,0,1,1,6,2,12,0,0,0,1,12,33150,6,1,0,0,3,0,62,999,0,1,0,1,0,12,2008,7,2009,0,36,0,0,0,2,3,40,1,1,2,1,0,0,12,10,1,1,2,98,1,0
12,121475,2,2,2,19,8,18,4,12,6,1,0,12,1,20,473,20473,30,2006,1GCCS1482681,1,G,C,C,S,1,4,8,2,6,8,1,0,T,CHEV,RDO,PK,6,17,,1,0,1113,CAL,G,,0,0,000000000,00000000000,0,0,0,1,0,0,0,0,0,0,0,999,0,1,5,12,12,6,2,12,0,0,0,1,12,33167,6,1,0,0,3,0,69,999,0,0,0,0,0,0,0,0,0,0,0,0,0,0,2,3,40,1,1,2,1,0,0,1,62,1,1,1,98,0,0
12,121476,1,1,2,2,8,5,55,8,0,1,0,12,1,7,472,7472,30,2002,1B7HG38X22S7,1,B,7,H,G,3,8,X,2,2,S,7,0,T,DODG,DSQ,4C,2,17,,2,0,1309,DAK,G,,0,0,000000000,00000000000,0,0,0,1,0,0,0,0,0,0,0,998,0,0,0,12,12,4,1,8,0,0,0,1,12,33157,6,1,0,0,3,3,66,999,0,0,0,0,0,0,0,0,0,0,0,0,0,0,2,3,30,1,1,2,1,0,0,1,80,1,1,1,13,0,0
12,121477,1,1,1,30,8,13,0,18,0,1,0,12,1,18,401,18401,14,2005,3G5DB03E05S5,3,G,5,D,B,0,3,E,0,5,S,5,0,P,BUIC,RZV,UT,5,17,4272,,0,1122,,G,,0,0,000000000,00000000000,0,0,0,1,0,0,0,0,0,0,0,35,0,0,0,12,12,6,2,10,0,0,0,1,12,33407,6,1,0,0,3,3,73,999,0,0,0,0,0,0,0,0,0,0,39,0,0,0,1,2,35,1,1,2,1,65,3,1,98,1,1,1,98,1,1
12,121478,1,2,1,3,9,14,26,12,6,1,0,12,1,55,35,55035,4,2007,KMHDU46D97U1,K,M,H,D,U,4,6,D,9,7,U,1,0,P,HYUN,GST,4D,7,17,2723,,0,1043,,G,,0,0,000000000,00000000000,0,0,0,1,0,0,0,0,0,0,0,70,0,0,0,10,10,6,2,12,0,0,0,1,12,33771,6,1,0,0,3,3,66,999,0,0,0,0,0,0,0,0,0,1,28,0,0,0,1,2,45,2,2,2,1,0,0,14,10,1,3,2,64,1,1
12,121478,2,2,2,3,9,14,26,12,6,1,0,12,1,49,401,49401,14,2002,JT3GN87R6202,J,T,3,G,N,8,7,R,6,2,0,2,0,P,TOYT,RUN,UT,2,17,3795,,0,1053,,G,,0,0,000000000,00000000000,0,0,0,1,0,0,0,0,0,0,0,45,0,0,0,11,6,6,2,12,0,0,0,1,12,33556,6,1,0,0,3,3,63,999,0,0,0,1,0,7,2009,7,2009,0,0,0,0,0,1,2,45,3,2,2,1,0,0,14,62,1,1,1,65,0,0
12,121479,1,1,2,4,9,2,53,33,0,1,0,12,1,77,706,77706,80,2007,5VPXB26D4730,5,V,P,X,B,2,6,D,4,7,3,0,0,M,VCTY,VJD,RS,7,17,,,,,,,1634,0,0,000000000,00000000000,0,0,0,1,0,0,0,0,0,0,0,999,0,0,0,3,3,4,3,5,0,0,0,1,12,33511,6,1,0,0,3,0,72,999,0,0,0,0,0,0,0,0,0,0,36,0,0,0,3,2,35,3,1,2,1,0,0,14,13,1,1,4,1,1,0
12,121480,1,1,1,28,8,1,25,8,0,1,0,12,1,12,471,12471,30,1991,1FTCR14U5MPA,1,F,T,C,R,1,4,U,5,M,P,A,0,T,FORD,RNS,PS,91,17,,1,0,1250,RNG,G,,0,0,000000000,00000000000,0,0,0,1,0,0,0,0,0,0,0,50,0,0,0,12,12,6,2,8,0,0,0,1,12,33567,6,1,6,0,3,0,70,999,0,0,0,0,0,0,0,0,0,0,0,0,0,0,2,2,55,1,1,2,1,28,3,1,80,1,1,1,13,0,0
12,121481,1,1,6,30,8,16,15,42,0,1,0,12,3,82,981,82981,50,2003,4UZAAXAK03CL,4,U,Z,A,A,X,A,K,0,3,C,L,0,T,FRHT,FS6,IC,3,17,,7,0,0,CHA,D,,0,77,777777777,77777777777,3,21,22,1,0,0,0,0,1,0,0,55,0,0,0,11,11,6,2,42,0,0,0,1,12,32344,6,1,6,3,3,3,64,999,0,0,0,0,0,0,0,0,0,0,36,0,0,0,1,2,55,1,2,2,1,28,3,1,13,6,3,4,2,1,0
12,121482,1,1,5,5,9,3,20,34,0,1,0,12,1,12,402,12402,14,2004,1FMCU04174KB,1,F,M,C,U,0,4,1,7,4,K,B,0,P,FORD,SPE,UT,4,17,3346,,0,1031,,G,,0,0,000000000,00000000000,0,0,0,1,0,0,0,0,0,0,0,69,0,1,5,14,14,6,2,1,0,0,0,1,12,32052,6,1,0,0,3,0,73,999,0,0,0,1,0,8,2008,8,2008,1,0,0,0,0,1,2,55,2,1,2,1,28,3,14,6,9,4,4,2,1,1
12,121483,1,2,2,6,9,16,55,12,1,1,0,12,2,34,34,34034,4,2006,WBAVB33566PS,W,B,A,V,B,3,3,5,6,6,P,S,0,P,BMW,30I,4D,6,17,3417,,0,1087,,G,,0,0,000000000,00000000000,0,0,0,1,0,0,0,0,0,0,0,55,0,0,0,12,12,6,2,25,0,0,0,1,12,33018,6,1,0,0,3,0,65,999,0,1,0,2,1,4,2009,2,2010,0,36,0,0,0,3,6,55,1,1,2,1,28,3,1,51,1,1,1,24,0,0
12,121483,2,2,2,6,9,16,55,12,1,1,0,12,2,49,403,49403,14,2005,JTEDD21A0501,J,T,E,D,D,2,1,A,0,5,0,1,0,P,TOYT,HIG,UT,5,17,3520,,0,1069,,G,,0,0,000000000,00000000000,0,0,0,1,0,0,0,0,0,0,0,55,0,0,0,6,6,6,2,12,0,0,0,1,12,33169,6,1,0,0,3,3,63,999,0,0,0,1,0,5,2008,5,2008,0,0,0,0,0,3,6,55,1,1,2,1,28,3,1,53,1,1,1,25,1,0
12,121484,1,2,1,7,9,22,32,12,6,1,0,99,2,98,709,98709,81,2003,LMFTCBPB7346,L,M,F,T,C,B,P,B,7,3,4,6,0,U,,,,3,17,,,,,,,,0,0,000000000,00000000000,0,0,0,1,0,0,0,0,0,0,0,5,0,0,0,9,9,6,2,12,0,0,0,1,12,33177,0,0,0,0,0,0,65,999,0,0,0,0,0,0,0,0,0,0,38,0,0,0,1,2,45,1,1,2,2,20,3,11,15,1,1,1,82,1,1
12,121484,2,2,1,7,9,22,32,12,6,1,0,12,1,38,402,38402,14,2002,4S2CK57W9243,4,S,2,C,K,5,7,W,9,2,4,3,0,P,ISU,ROD,UT,2,17,0,,0,969,,G,,0,0,000000000,00000000000,0,0,0,1,0,0,0,0,0,0,0,35,0,0,0,12,12,6,2,12,0,0,0,1,12,33035,6,1,0,0,3,3,74,999,0,0,0,0,0,0,0,0,0,0,0,0,0,0,1,2,45,1,1,2,2,28,3,1,72,1,1,1,83,0,0
12,121485,1,1,1,7,9,21,15,8,0,1,1,12,1,12,21,12021,4,2005,1FAHP27175G1,1,F,A,H,P,2,7,1,7,5,G,1,0,P,FORD,5AL,4D,5,17,3815,,0,1129,,G,,0,0,000000000,00000000000,0,0,0,1,0,0,0,0,0,0,0,45,0,0,0,12,12,4,3,8,0,0,0,1,12,32164,6,1,0,0,3,3,66,999,0,0,0,0,1,5,2010,5,2010,0,36,0,0,0,2,2,45,1,1,2,1,28,3,1,13,1,1,4,13,0,0
12,121486,1,1,3,9,9,15,30,10,0,1,0,12,1,37,402,37402,14,2009,5J6RE38519L0,5,J,6,R,E,3,8,5,1,9,L,0,0,P,HOND,CRV,UT,9,17,3415,,0,1031,,G,,0,0,000000000,00000000000,0,0,0,1,0,0,0,0,0,0,0,15,0,0,0,5,5,6,2,10,0,0,0,1,12,34953,6,1,6,0,3,0,67,999,0,0,0,0,1,7,2009,7,2009,0,39,0,0,0,1,2,30,1,2,5,1,65,3,1,98,1,1,1,98,1,0
12,121487,1,2,2,13,9,15,5,12,6,1,0,12,2,52,402,52402,14,2004,4A4MM21SX4E0,4,A,4,M,M,2,1,S,X,4,E,0,0,P,MITS,END,UT,4,17,3847,,0,1083,,G,,0,0,000000000,00000000000,0,0,0,1,0,0,0,0,0,0,0,50,0,0,0,12,12,6,2,12,0,0,0,1,12,32438,6,1,0,0,3,0,66,999,0,0,0,0,0,0,0,0,0,0,39,0,0,0,2,2,55,3,2,2,1,3,3,14,17,1,1,1,83,0,0
12,121487,2,2,4,13,9,15,5,12,6,1,0,22,3,20,22,20022,2,2010,1G1AF1F59A71,1,G,1,A,F,1,F,5,9,A,7,1,0,P,CHEV,BL2,CP,10,17,2991,,0,1033,,G,,0,0,000000000,00000000000,0,0,0,1,0,0,0,0,0,0,0,10,0,0,0,9,9,6,2,12,0,0,0,1,12,32444,6,1,0,0,3,0,66,999,0,0,0,0,0,0,0,0,0,0,0,0,0,0,2,2,55,4,2,2,1,3,3,11,67,1,1,1,82,1,0
12,121488,1,2,2,13,9,14,50,12,6,1,0,12,1,49,40,49040,4,1995,4T1SK12E8SU6,4,T,1,S,K,1,2,E,8,S,U,6,0,P,TOYT,CLE,4D,95,17,3086,,0,1031,,G,,0,0,000000000,00000000000,0,0,0,1,0,0,0,0,0,0,0,20,0,0,0,2,2,6,2,12,0,0,0,1,12,34638,6,1,0,0,3,3,62,999,0,0,0,0,0,0,0,0,0,0,38,0,0,0,2,3,55,1,1,2,1,3,3,11,15,1,1,1,68,1,0
12,121488,2,2,2,13,9,14,50,12,6,1,0,12,2,2,404,2404,14,2001,1J4GW48S81C5,1,J,4,G,W,4,8,S,8,1,C,5,0,T,JEEP,LRO,4W,1,17,,1,0,1059,GCK,G,,0,0,000000000,00000000000,0,0,0,1,0,0,0,0,0,0,0,55,0,1,1,12,12,6,2,1,0,0,0,1,12,34668,6,1,0,0,3,0,65,999,0,0,0,1,0,12,2008,12,2008,0,0,0,0,0,2,3,55,1,1,2,1,3,3,1,62,1,1,1,69,0,0
12,121489,1,2,1,26,7,23,52,12,1,1,0,12,2,2,404,2404,14,1998,1J4FT68SXWL1,1,J,4,F,T,6,8,S,X,W,L,1,0,T,JEEP,SPC,4W,98,17,,1,0,1014,CHK,G,,0,0,000000000,00000000000,0,0,0,1,0,0,0,0,0,0,0,70,0,0,0,12,12,6,2,12,0,0,0,1,12,33702,1,1,0,0,2,0,71,999,0,4,0,0,0,8,2007,10,2007,1,36,0,0,0,1,4,40,1,1,2,1,0,0,6,51,1,1,1,24,1,1
12,121489,2,2,1,26,7,23,52,12,1,1,0,12,3,7,442,7442,20,2004,1D4GP24R34B5,1,D,4,G,P,2,4,R,3,4,B,5,0,P,DODG,CAR,SV,4,17,3774,,0,1193,,G,,0,0,000000000,00000000000,0,0,0,1,0,0,0,0,0,1,0,40,0,0,0,6,6,6,2,12,0,0,0,1,12,33714,6,1,0,0,3,0,64,999,0,2,0,3,0,10,2007,11,2009,0,0,0,0,0,1,4,40,1,1,2,1,0,0,1,53,1,1,1,25,0,0
12,121490,1,1,1,9,9,7,13,9,0,1,0,12,1,49,442,49442,20,2005,5TDZA22CX5S3,5,T,D,Z,A,2,2,C,X,5,S,3,0,P,TOYT,SIE,SV,5,17,4165,,0,1193,,G,,0,0,000000000,00000000000,0,0,0,1,0,0,0,0,0,0,0,999,0,0,0,12,12,4,1,9,0,0,0,1,12,33647,6,1,0,0,3,0,68,999,0,0,0,0,0,0,0,0,0,0,0,0,0,0,2,3,45,3,2,2,1,28,3,15,83,1,1,1,13,0,0
12,121491,1,2,2,28,8,7,23,12,1,1,0,12,2,54,35,54035,4,2000,19UUA5669YA0,1,9,U,U,A,5,6,6,9,Y,A,0,0,P,ACUR,32T,4D,0,17,3483,,0,1081,,G,,0,0,000000000,00000000000,0,0,0,1,0,0,0,0,0,0,0,90,0,0,0,12,12,6,2,12,0,0,0,1,12,34953,1,1,0,0,2,0,65,999,0,5,2,0,0,2,2008,4,2008,1,36,0,0,0,2,3,70,1,1,2,1,28,3,1,51,1,1,1,24,0,1
12,121491,2,2,1,28,8,7,23,12,1,1,0,12,1,59,31,59031,4,2004,JTHBA30G5450,J,T,H,B,A,3,0,G,5,4,5,0,0,P,LEXS,E33,4D,4,17,3460,,0,1071,,G,,0,0,000000000,00000000000,0,0,0,1,0,0,0,0,0,0,0,70,0,0,0,6,6,6,2,12,0,0,0,1,12,33483,6,1,0,0,3,3,64,999,0,0,0,1,0,4,2010,4,2010,0,0,0,0,0,2,3,70,1,1,2,1,28,3,1,53,1,1,1,25,1,0
12,121492,1,1,1,2,9,23,10,8,0,1,0,12,1,51,46,51046,4,2005,YV1MS3829521,Y,V,1,M,S,3,8,2,9,5,2,1,0,P,VOLV,S42,4D,5,17,3225,,0,1039,,G,,0,0,000000000,00000000000,0,0,0,1,0,0,0,0,0,0,0,55,0,0,0,1,1,4,3,8,0,0,0,1,12,32080,6,1,6,0,3,3,73,999,0,0,0,0,0,0,0,0,0,0,0,0,0,0,2,2,55,1,1,2,1,28,3,1,80,1,1,1,13,0,0
12,121493,1,2,1,6,9,9,35,12,6,1,0,12,1,6,43,6043,1,2002,1C3EL55RX2N2,1,C,3,E,L,5,5,R,X,2,N,2,0,P,CHRY,SLI,CV,2,17,3383,,0,1060,,G,,0,0,000000000,00000000000,0,0,0,1,0,0,0,0,0,0,0,10,0,0,0,9,9,6,2,12,0,0,0,1,12,32164,6,1,0,0,3,3,65,999,0,0,0,0,0,0,0,0,0,0,38,0,0,0,6,1,99,1,1,2,1,20,3,1,17,1,1,1,89,1,0
12,121493,2,2,1,6,9,9,35,12,6,1,0,12,3,86,882,86882,63,2003,1M2K195C83M0,1,M,2,K,1,9,5,C,8,3,M,0,0,T,MACK,MR6,TL,3,17,,8,0,0,600,D,,0,77,777777777,77777777777,3,2,4,1,0,0,0,0,0,0,0,40,0,0,0,12,12,4,3,12,0,0,0,1,12,32927,6,1,6,3,3,0,75,999,0,0,0,1,1,2,2010,7,2010,0,0,0,0,0,2,1,45,1,1,2,1,28,3,1,66,2,1,1,88,0,0
12,121494,1,1,1,7,9,21,11,8,0,1,0,12,2,23,421,23421,15,2005,1GKEK63U55J2,1,G,K,E,K,6,3,U,5,5,J,2,0,T,GMC,NAL,4W,5,17,,2,0,1160,YUK,G,,0,0,000000000,00000000000,0,0,0,1,0,0,0,0,0,0,0,35,0,0,0,11,11,4,1,8,0,0,0,1,12,33434,6,1,0,0,3,0,75,999,0,1,0,1,0,3,2010,4,2010,0,0,0,0,0,2,2,40,1,1,2,2,98,8,1,80,1,1,1,13,0,0
12,121495,1,2,1,8,9,9,24,8,0,1,0,12,1,59,35,59035,4,2008,JTHBK2629850,J,T,H,B,K,2,6,2,9,8,5,0,0,P,LEXS,I25,4D,8,17,3455,,0,1075,,G,,0,0,000000000,00000000000,0,0,0,1,0,0,0,0,0,0,0,50,0,0,0,18,11,6,2,8,0,0,0,1,12,32669,6,1,0,0,3,0,65,999,0,0,0,2,0,12,2009,6,2010,0,36,0,0,0,2,2,50,1,1,2,1,28,3,1,80,1,1,1,13,0,0
12,121495,2,2,1,8,9,9,24,8,0,1,0,12,1,49,421,49421,15,2002,JTEHT05J0220,J,T,E,H,T,0,5,J,0,2,2,0,0,P,TOYT,LCW,UT,2,17,5115,,0,1122,,G,,0,0,000000000,00000000000,0,0,0,1,0,0,0,0,0,0,0,45,0,0,0,1,1,4,1,54,0,0,0,1,12,32686,6,1,0,0,3,0,75,999,0,0,0,0,0,0,0,0,0,0,0,0,0,0,2,2,50,1,1,2,1,28,3,1,90,1,1,1,98,0,0
12,121496,1,1,2,9,9,19,50,8,0,1,0,12,2,37,31,37031,2,1999,1HGEJ8149XL0,1,H,G,E,J,8,1,4,9,X,L,0,0,P,HOND,UAX,CP,99,17,2513,,0,1032,,G,,0,0,000000000,00000000000,0,0,0,1,0,0,0,0,0,0,0,30,0,0,0,12,12,4,1,8,0,0,0,1,12,34744,6,1,0,0,3,0,59,999,0,1,0,1,0,1,2009,5,2009,0,0,0,0,0,1,2,30,1,1,2,2,28,3,1,80,1,1,1,13,0,0
12,121498,1,1,2,13,9,12,30,1,0,1,0,12,1,35,401,35401,14,2005,5N1AR18UX5C7,5,N,1,A,R,1,8,U,X,5,C,7,0,P,NISS,PFI,UT,5,17,4242,,0,1122,,G,,0,0,000000000,00000000000,0,0,0,1,0,0,0,0,0,0,0,60,0,2,3,0,0,6,2,1,0,0,0,1,12,33812,6,1,0,0,3,0,65,999,0,0,0,0,0,0,0,0,0,0,36,0,0,0,2,2,60,1,1,2,1,28,3,1,13,6,4,4,7,1,0
12,121500,1,2,1,15,9,15,41,12,1,1,0,13,3,52,34,52034,4,2010,4A32B2FF7AE0,4,A,3,2,B,2,F,F,7,A,E,0,0,P,MITS,GFE,4D,10,17,3395,,0,0,,G,,0,0,000000000,00000000000,0,0,0,1,0,0,0,0,0,0,0,25,0,0,0,12,12,4,1,12,0,0,0,1,97,99999,9,9,99,9,9,9,999,999,99,99,99,99,99,99,9999,99,9999,0,36,0,0,0,3,4,55,1,2,2,1,28,3,1,52,1,1,1,28,0,0
12,121500,2,2,4,15,9,15,41,12,1,1,0,12,3,12,461,12461,21,2005,1FTNS24W75HA,1,F,T,N,S,2,4,W,7,5,H,A,0,T,FORD,25V,EC,5,17,,2,0,1380,VAN,G,,0,0,000000000,00000000000,0,0,0,1,0,0,0,0,0,0,0,20,0,0,0,6,6,4,1,12,0,0,0,1,12,33155,6,1,0,0,3,3,72,999,1,0,0,1,0,1,2010,5,2010,0,0,0,0,0,3,4,55,1,2,2,1,28,3,2,53,1,1,1,29,1,0
12,121501,1,1,1,15,9,23,16,8,0,1,0,12,1,49,32,49032,4,2001,1NXBR12E81Z5,1,N,X,B,R,1,2,E,8,1,Z,5,0,P,TOYT,UCS,4D,1,17,2410,,0,970,,G,,0,0,000000000,00000000000,0,0,0,1,0,0,0,0,0,0,0,45,0,0,0,12,12,6,2,8,0,0,0,1,12,32712,6,1,0,0,3,0,66,999,0,0,0,0,0,0,0,0,0,0,0,0,0,0,2,2,45,1,1,2,1,28,3,1,80,1,1,1,13,0,0
12,121502,1,2,1,15,9,7,16,12,2,1,0,13,1,49,482,49482,31,2007,5TFBV54177X0,5,T,F,B,V,5,4,1,7,7,X,0,0,T,TOYT,DBS,CW,7,17,,2,0,1457,TUN,G,,0,0,000000000,00000000000,0,0,0,1,0,0,0,0,0,0,0,55,0,0,0,12,12,6,2,12,0,0,0,1,13,31775,6,1,6,0,3,0,68,220,98,0,0,0,0,0,0,0,0,0,28,0,0,0,1,2,55,3,1,2,1,28,3,14,10,1,1,2,50,0,0
12,121502,2,2,1,15,9,7,16,12,2,1,0,12,1,41,471,41471,30,1992,JM2UF614XN02,J,M,2,U,F,6,1,4,X,N,0,2,1,T,MAZD,6CP,PC,92,17,,1,0,1181,B26,G,,1,0,000000000,00000000000,0,0,0,1,0,0,0,0,0,0,0,55,0,0,0,12,12,6,2,12,0,0,0,1,12,32322,6,1,0,0,3,0,73,999,0,0,0,0,0,0,0,0,0,0,0,0,0,0,1,2,55,2,1,2,1,28,3,14,62,1,1,1,51,1,0
12,121503,1,1,2,16,9,17,33,1,0,1,0,12,2,20,16,20016,2,1998,1G1JC1242WM1,1,G,1,J,C,1,2,4,2,W,M,1,0,P,CHEV,C/S,CP,98,17,2584,,0,1041,,G,,0,0,000000000,00000000000,0,0,0,1,0,0,0,0,0,0,0,70,0,2,5,0,0,6,2,1,0,0,0,1,12,32439,0,0,0,0,0,0,71,999,0,0,0,0,0,0,0,0,0,0,92,0,0,0,3,3,70,1,2,2,1,28,3,1,8,1,3,4,2,1,0
12,121505,1,1,1,18,9,14,40,43,0,1,0,12,1,12,471,12471,30,1999,1FTYR14V5XPA,1,F,T,Y,R,1,4,V,5,X,P,A,0,T,FORD,RNS,PS,99,17,,1,0,1257,RNG,F,,0,0,000000000,00000000000,0,0,0,1,0,0,0,0,0,0,0,55,0,0,0,12,12,6,2,42,0,0,0,1,12,32680,6,1,6,0,3,0,74,999,0,0,0,0,0,0,0,0,0,0,0,0,0,0,1,2,55,2,1,2,1,28,3,14,13,1,1,4,1,1,0
12,121506,1,1,1,18,9,11,35,52,0,1,0,12,1,73,706,73706,80,2004,JKAZXCC144A0,J,K,A,Z,X,C,C,1,4,4,A,0,0,M,KAWK,Z1R,RS,4,17,,,,,,,998,0,0,000000000,00000000000,0,0,0,1,0,0,0,0,0,0,0,100,0,0,0,11,11,6,2,52,0,0,0,1,12,33702,6,1,0,0,3,3,75,999,0,0,0,0,0,0,0,0,0,1,36,0,0,0,2,4,65,3,1,1,1,28,3,14,12,1,1,4,6,1,0
12,121507,1,2,1,4,9,22,22,12,2,1,0,12,1,7,482,7482,31,1998,1B7HC13Y0WJ2,1,B,7,H,C,1,3,Y,0,W,J,2,0,T,DODG,Q15,4C,98,17,,2,1547,1387,RPC,G,,0,0,000000000,00000000000,0,0,0,1,0,0,0,0,0,0,0,45,0,0,0,12,12,6,2,12,0,0,0,1,12,34654,1,1,0,0,2,0,67,999,0,0,0,1,1,1,2009,6,2009,0,39,0,0,0,2,2,45,1,1,2,1,3,3,1,17,1,1,1,69,0,1
12,121507,2,2,1,4,9,22,22,12,2,1,0,12,1,37,705,37705,80,2006,JH2PC37006M3,J,H,2,P,C,3,7,0,0,6,M,3,0,M,HOND,B60,RS,6,17,,,,,,,599,0,0,000000000,00000000000,0,0,0,1,0,0,0,0,0,0,0,10,0,0,0,12,12,6,2,12,0,0,0,1,12,34653,6,1,0,0,3,0,70,999,0,0,0,1,1,1,2008,4,2009,0,0,0,0,0,2,2,45,1,1,2,1,3,3,11,66,1,1,1,68,1,0
12,121508,1,2,1,11,9,3,10,12,2,1,0,12,1,59,34,59034,4,2002,JT8BL69S7200,J,T,8,B,L,6,9,S,7,2,0,0,0,P,LEXS,G43,4D,2,17,3715,,0,1102,,G,,0,0,000000000,00000000000,0,0,0,1,0,0,0,0,0,0,0,50,0,0,0,12,12,6,2,12,0,0,0,1,12,34222,6,1,0,0,3,3,71,999,0,0,0,1,0,6,2008,6,2008,0,51,0,0,0,3,2,50,1,2,1,1,28,3,1,54,1,1,1,52,1,1
12,121508,2,2,1,11,9,3,10,12,2,1,0,12,1,59,35,59035,4,2007,JTHBE2628720,J,T,H,B,E,2,6,2,8,7,2,0,0,P,LEXS,I35,4D,7,17,3527,,0,1074,,G,,0,0,000000000,00000000000,0,0,0,1,0,0,0,0,0,0,0,50,0,0,0,12,12,6,2,12,0,0,0,1,12,33781,6,1,0,0,3,0,65,999,0,0,0,0,0,0,0,0,0,0,92,0,0,0,3,2,50,1,2,1,1,28,3,1,54,1,1,1,52,0,1
12,121509,1,1,1,12,9,15,25,8,0,1,1,12,1,12,401,12401,14,2002,1FMZU63E32UC,1,F,M,Z,U,6,3,E,3,2,U,C,0,P,FORD,EPR,UT,2,17,4163,,0,1137,,G,,0,0,000000000,00000000000,0,0,0,1,0,0,0,0,0,0,0,45,0,0,0,12,12,6,2,8,0,0,0,1,12,32809,6,1,0,0,3,0,71,999,0,0,0,0,0,0,0,0,0,0,36,0,0,0,5,4,45,1,1,2,1,28,3,1,81,1,1,1,13,0,0
12,121510,1,3,1,17,9,14,40,12,1,1,0,12,2,12,423,12423,15,2000,1FMNU40L1YEA,1,F,M,N,U,4,0,L,1,Y,E,A,0,P,FORD,EXC,UT,0,17,6610,,0,1371,,G,,0,0,000000000,00000000000,0,0,0,1,0,0,0,0,0,0,0,45,0,0,0,12,12,6,2,12,0,0,0,1,12,32460,6,1,0,0,3,0,70,999,0,0,0,0,0,0,0,0,0,0,36,0,0,0,1,2,45,1,1,2,1,28,3,1,50,6,1,1,20,0,0
12,121510,2,3,1,17,9,14,40,12,1,1,0,12,1,49,403,49403,14,2006,JTEDP21A5601,J,T,E,D,P,2,1,A,5,6,0,1,0,P,TOYT,HIG,UT,6,17,3704,,0,1069,,G,,0,0,000000000,00000000000,0,0,0,1,0,0,0,0,0,0,0,0,0,0,0,6,6,6,2,12,0,0,0,1,12,32421,6,1,0,0,3,0,63,999,0,0,0,0,0,0,0,0,0,0,0,0,0,0,1,2,45,1,1,2,1,28,3,5,53,1,1,1,21,0,0