STATE,ST_CASE,VEH_NO,VE_FORMS,NUMOCCS,DAY,MONTH,HOUR,MINUTE,HARM_EV,MAN_COLL,UNITTYPE,HIT_RUN,REG_STAT,OWNER,MAKE,MODEL,MAK_MOD,BODY_TYP,MOD_YEAR,VIN,VIN_1,VIN_2,VIN_3,VIN_4,VIN_5,VIN_6,VIN_7,VIN_8,VIN_9,VIN_10,VIN_11,VIN_12,TOW_VEH,VINTYPE,VINMAKE,VINA_MOD,VIN_BT,VINMODYR,VIN_LNGT,VIN_WGT,WGTCD_TR,WHLBS_LG,WHLBS_SH,SER_TR,FUELCODE,MCYCL_DS,J_KNIFE,MCARR_I1,MCARR_I2,MCARR_ID,GVWR,V_CONFIG,CARGO_BT,HAZ_INV,HAZ_PLAC,HAZ_ID,HAZ_CNO,HAZ_REL,BUS_USE,SPEC_USE,EMER_USE,TRAV_SP,UNDERIDE,ROLLOVER,ROLINLOC,IMPACT1,IMPACT2,DEFORMED,TOWED,M_HARM,VEH_SC1,VEH_SC2,FIRE_EXP,DR_PRES,L_STATE,DR_ZIP,L_STATUS,L_TYPE,CDL_STAT,L_ENDORS,L_COMPL,L_RESTRI,DR_HGT,DR_WGT,PREV_ACC,PREV_SUS,PREV_DWI,PREV_SPD,PREV_OTH,FIRST_MO,FIRST_YR,LAST_MO,LAST_YR,SPEEDREL,DR_SF1,DR_SF2,DR_SF3,DR_SF4,VTRAFWAY,VNUM_LAN,VSPD_LIM,VALIGN,VPROFILE,VPAVETYP,VSURCOND,VTRAFCON,VTCONT_F,P_CRASH1,P_CRASH2,P_CRASH3,PCRASH4,PCRASH5,ACC_TYPE,DEATHS,DR_DRINK
12,121510,3,3,1,17,9,14,40,12,1,1,0,12,1,49,51,49051,4,2008,JTDBT9238812,J,T,D,B,T,9,2,3,8,8,1,2,0,P,TOYT,YAR,4D,8,17,2293,,0,969,,G,,0,0,000000000,00000000000,0,0,0,1,0,0,0,0,0,0,0,45,0,0,0,12,12,6,2,12,0,0,0,1,12,32460,6,1,0,0,3,3,65,999,0,0,0,0,0,0,0,0,0,0,0,0,0,0,1,2,45,1,1,2,1,28,3,1,62,1,1,1,98,1,0
12,121511,1,2,3,4,9,15,19,12,6,1,0,12,3,49,40,49040,4,2010,4T1BF3EK8AU0,4,T,1,B,F,3,E,K,8,A,U,0,0,P,TOYT,CBA,4D,10,17,3263,,0,1093,,G,,0,0,000000000,00000000000,0,0,0,1,0,0,0,0,0,0,0,998,0,0,0,3,3,6,2,12,0,0,0,1,12,32112,6,1,0,0,3,0,62,999,1,2,0,0,0,2,2009,2,2010,0,38,0,0,0,1,2,25,1,1,2,1,20,3,1,17,1,1,1,87,1,0
12,121511,2,2,1,4,9,15,19,12,6,1,0,12,1,12,481,12481,31,2001,1FTWW33F31EA,1,F,T,W,W,3,3,F,3,1,E,A,0,T,FORD,F3D,CW,1,17,,3,1720,1560,DRW,D,,0,0,000000000,00000000000,0,0,0,1,0,0,0,0,0,0,0,55,0,0,0,12,12,6,2,12,0,0,0,1,12,32348,6,1,0,0,3,0,71,999,0,0,0,0,0,0,0,0,0,0,0,0,0,0,1,2,55,1,1,2,1,0,0,1,66,1,1,1,86,0,0
12,121512,1,1,2,6,9,15,51,42,0,1,0,12,2,37,32,37032,4,1999,1HGCG5640XA1,1,H,G,C,G,5,6,4,0,X,A,1,0,P,HOND,ULX,4D,99,17,3053,,0,1069,,G,,0,0,000000000,00000000000,0,0,0,1,0,0,0,0,0,0,0,100,0,0,0,12,12,6,2,42,0,0,0,1,12,33321,6,1,0,0,3,0,67,999,0,0,0,0,0,0,0,0,0,1,0,0,0,0,2,2,40,1,1,2,2,28,3,1,6,1,2,4,2,1,0
12,121513,1,2,2,10,9,21,38,12,1,1,0,12,1,42,42,42042,4,2009,WDDDJ77X39A1,W,D,D,D,J,7,7,X,3,9,A,1,0,P,MERZ,C6A,C4,9,17,4210,,0,1124,,G,,0,0,000000000,00000000000,0,0,0,1,0,0,0,0,0,0,0,30,0,0,0,12,12,6,2,12,0,0,0,1,12,33312,6,1,0,0,3,0,68,999,0,0,0,0,0,0,0,0,0,0,27,0,0,0,6,1,35,1,1,2,1,0,0,15,51,1,1,1,24,0,1
12,121513,2,2,1,10,9,21,38,12,1,1,0,12,1,53,705,53705,80,2003,JS1GN7BA2321,J,S,1,G,N,7,B,A,2,3,2,1,0,M,SUZI,G60,RS,3,17,,,,,,,599,0,0,000000000,00000000000,0,0,0,1,0,0,0,0,0,0,0,30,0,0,0,6,6,6,2,12,0,0,0,1,12,33317,6,1,0,0,3,0,65,999,0,0,0,1,0,1,2008,1,2008,0,0,0,0,0,6,1,35,1,1,4,1,0,0,2,53,1,1,1,25,1,0
12,121514,1,3,1,30,8,12,12,12,6,1,0,12,1,7,402,7402,14,2003,1D4HS48Z93F6,1,D,4,H,S,4,8,Z,9,3,F,6,0,P,DODG,DUR,UT,3,17,4606,,0,1160,,G,,0,0,000000000,00000000000,0,0,0,1,0,0,0,0,0,0,0,15,0,0,0,11,11,4,3,12,0,0,0,1,12,32937,6,1,0,0,3,0,71,999,0,0,0,0,0,0,0,0,0,0,48,0,0,0,1,2,45,1,1,2,1,28,3,11,10,1,1,1,68,0,0
12,121514,2,3,1,30,8,12,12,12,6,1,0,12,1,72,706,72706,80,2004,1HD1GEV174K3,1,H,D,1,G,E,V,1,7,4,K,3,0,M,HD,FWG,RS,4,17,,,,,,,1450,0,0,000000000,00000000000,0,0,0,1,0,0,0,0,0,0,0,45,0,0,0,8,8,6,2,12,0,0,0,1,12,32940,6,1,0,0,3,3,73,999,0,0,0,0,0,0,0,0,0,0,0,0,0,0,1,2,45,1,1,2,1,28,3,1,62,1,1,1,69,1,0
12,121514,3,3,1,30,8,12,12,12,6,1,0,12,2,12,481,12481,31,2007,1FTPW14V27FA,1,F,T,P,W,1,4,V,2,7,F,A,0,T,FORD,F1S,CW,7,17,,2,0,1390,COF,F,,0,0,000000000,00000000000,0,0,0,1,0,0,0,0,0,0,0,0,0,0,0,14,14,0,1,12,0,0,0,1,12,32754,6,1,0,0,3,0,63,999,0,0,0,0,0,0,0,0,0,0,0,0,0,0,1,2,45,1,1,2,1,28,3,5,17,1,1,1,98,0,0
12,121515,1,1,5,15,9,7,10,42,0,1,0,12,2,49,40,49040,4,1997,4T1BG22K4VU0,4,T,1,B,G,2,2,K,4,V,U,0,0,P,TOYT,UEX,4D,97,17,2976,,0,1051,,G,,0,0,000000000,00000000000,0,0,0,1,0,0,0,0,0,0,0,93,0,1,5,8,8,6,2,42,0,0,0,1,12,34956,6,1,0,0,3,3,61,999,0,0,0,0,0,0,0,0,0,1,36,0,0,0,1,2,55,2,2,2,1,28,3,14,13,1,1,4,1,1,0
12,121516,1,3,1,19,9,22,30,12,1,1,0,13,2,72,706,72706,80,2002,1HD1GDV142Y3,1,H,D,1,G,D,V,1,4,2,Y,3,0,M,HD,FDL,RS,2,17,,,,,,,1450,0,0,000000000,00000000000,0,0,0,1,0,0,0,0,0,0,0,45,0,0,0,12,12,6,2,12,0,0,0,1,12,32526,6,1,6,0,3,0,72,999,0,0,0,0,0,0,0,0,0,0,36,0,0,0,1,2,45,1,1,2,1,28,3,1,50,1,1,1,20,1,1
12,121516,2,3,2,19,9,22,30,12,1,1,0,12,1,72,706,72706,80,2006,1HD1FFW166Y6,1,H,D,1,F,F,W,1,6,6,Y,6,0,M,HD,TCI,RS,6,17,,,,,,,1450,0,0,000000000,00000000000,0,0,0,1,0,0,0,0,0,0,0,45,0,0,0,12,12,6,2,12,0,0,0,1,12,32526,6,1,6,0,3,0,73,999,0,0,0,0,0,0,0,0,0,0,36,0,0,0,1,2,45,1,1,2,1,28,3,1,50,1,1,1,98,0,1
12,121516,3,3,1,19,9,22,30,12,1,1,0,12,1,12,401,12401,14,2000,1FMZU64E3YZA,1,F,M,Z,U,6,4,E,3,Y,Z,A,0,P,FORD,EPR,UT,0,17,3970,,0,1116,,G,,0,0,000000000,00000000000,0,0,0,1,0,0,0,0,0,0,0,0,0,0,0,6,6,6,2,12,0,0,0,1,12,32507,6,1,0,0,3,0,67,999,0,0,0,1,0,7,2008,7,2008,0,0,0,0,0,1,2,45,1,1,2,1,28,3,11,53,1,1,1,22,0,1
12,121517,1,2,1,20,9,13,1,12,7,1,0,12,3,12,461,12461,21,2006,1FTNS24W46DA,1,F,T,N,S,2,4,W,4,6,D,A,0,T,FORD,25V,EC,6,17,,2,0,1380,VAN,G,,0,0,000000000,00000000000,0,0,0,1,0,0,0,0,0,0,0,65,0,0,0,61,12,6,2,14,0,0,0,1,12,32009,6,1,0,0,3,3,68,999,0,0,0,0,1,8,2009,8,2009,0,27,0,0,0,1,2,65,1,1,2,1,28,3,15,10,1,1,2,47,1,0
12,121517,2,2,1,20,9,13,1,12,7,1,0,12,3,84,881,84881,66,2007,2HSCESBR27C5,2,H,S,C,E,S,B,R,2,7,C,5,1,T,INTL,92I,DS,7,17,,8,0,0,920,D,,1,77,777777777,77777777777,3,6,1,1,0,0,0,0,0,0,0,65,0,0,0,2,2,6,2,12,0,0,0,1,12,32009,6,1,6,3,3,3,71,999,0,0,0,0,0,0,0,0,0,0,0,0,0,0,6,1,65,3,1,2,1,28,3,14,61,1,1,1,45,0,0
12,121518,1,2,1,1,9,18,27,12,8,1,0,12,3,82,883,82883,66,2003,1FUJA6CG43LL,1,F,U,J,A,6,C,G,4,3,L,L,1,T,FRHT,COL,DS,3,17,,8,0,0,CON,D,,1,77,777777777,77777777777,3,6,1,1,0,0,0,0,0,0,0,45,0,1,1,61,61,6,2,12,0,0,0,1,12,32818,6,1,6,0,3,0,65,999,0,0,0,2,0,4,2009,12,2009,0,36,0,0,0,6,1,45,2,2,2,1,28,3,14,10,1,1,1,66,0,0
12,121518,2,2,2,1,9,18,27,12,8,1,0,12,2,20,481,20481,31,2004,2GCEC19T5413,2,G,C,E,C,1,9,T,5,4,1,3,0,T,CHEV,SC1,4C,4,17,,2,1575,1435,SIL,G,,0,0,000000000,00000000000,0,0,0,1,0,0,0,0,0,0,0,0,0,0,0,61,61,6,2,12,0,0,0,1,12,32818,6,1,0,0,3,0,67,999,0,1,0,1,0,1,2008,10,2008,0,0,0,0,0,1,2,25,1,1,2,1,20,3,5,62,1,1,1,66,2,0
12,121519,1,1,3,7,7,23,17,1,0,1,0,12,1,12,471,12471,30,2002,1FTYR44U62PB,1,F,T,Y,R,4,4,U,6,2,P,B,0,T,FORD,RNS,4C,2,17,,1,0,1257,RNG,G,,0,0,000000000,00000000000,0,0,0,1,0,0,0,0,0,0,0,998,0,1,1,0,0,9,2,1,0,0,0,1,12,33827,6,1,0,0,3,0,73,999,0,0,0,0,0,0,0,0,0,1,36,0,0,0,1,2,50,1,1,2,1,28,3,1,87,7,3,6,98,1,1
12,121520,1,1,1,13,9,6,53,34,0,1,0,12,1,12,401,12401,14,1999,1FMZU32E6XUC,1,F,M,Z,U,3,2,E,6,X,U,C,0,P,FORD,EPR,UT,99,17,3891,,0,1116,,G,,0,0,000000000,00000000000,0,0,0,1,0,0,0,0,0,0,0,60,0,0,0,99,12,6,2,42,0,0,0,1,12,33982,0,0,0,0,0,0,999,999,0,0,0,0,0,0,0,0,0,0,0,0,0,0,1,2,60,3,1,2,1,0,0,14,13,1,1,4,1,1,1
12,121521,1,2,3,2,9,20,40,12,6,1,0,12,1,7,24,7024,4,2008,2B3KA43R08H2,2,B,3,K,A,4,3,R,0,8,H,2,0,P,DODG,CHA,4D,8,17,3727,,0,1200,,G,,0,0,000000000,00000000000,0,0,0,1,0,0,0,0,0,0,0,84,0,0,0,12,12,6,2,12,0,0,0,1,12,33605,6,1,0,0,3,0,67,999,0,2,0,2,0,3,2009,1,2010,1,36,0,0,0,1,2,30,1,1,2,1,20,3,1,17,3,1,1,88,0,1
12,121521,2,2,3,2,9,20,40,12,6,1,0,12,1,18,7,18007,4,1995,1G4AG55M4S64,1,G,4,A,G,5,5,M,4,S,6,4,0,P,BUIC,CSP,4D,95,17,2986,,0,1049,,G,,0,0,000000000,00000000000,0,0,0,1,0,0,0,0,0,0,0,5,0,0,0,9,9,6,2,12,0,0,0,1,12,33606,6,1,0,0,3,0,70,999,0,0,0,0,0,0,0,0,0,0,0,0,0,0,1,2,30,1,1,2,1,20,3,1,66,1,1,1,89,3,1
12,121522,1,1,1,6,9,1,53,8,0,1,0,12,1,19,3,19003,4,1997,1G6KD54Y2VU5,1,G,6,K,D,5,4,Y,2,V,U,5,0,P,CADI,DFW,4D,97,17,3911,,0,1138,,G,,0,0,000000000,00000000000,0,0,0,1,0,0,0,0,0,0,0,40,0,0,0,12,12,4,3,8,0,0,0,1,12,32219,6,1,0,0,3,3,71,999,0,0,0,2,0,12,2007,1,2009,0,0,0,0,0,1,2,40,1,1,2,1,0,0,1,80,1,1,1,13,0,0
12,121523,1,1,2,10,9,0,5,24,0,1,0,12,2,20,481,20481,31,2001,1GCEC14W41Z1,1,G,C,E,C,1,4,W,4,1,Z,1,0,T,CHEV,SC1,PK,1,17,,2,1330,1190,SIL,G,,0,0,000000000,00000000000,0,0,0,1,0,0,0,0,0,0,0,70,0,1,5,5,5,6,2,1,0,0,0,1,12,32327,1,1,0,0,2,3,60,999,1,2,1,0,0,3,2009,5,2009,0,0,0,0,0,1,2,55,3,2,2,1,28,3,14,13,6,1,4,1,1,1
12,121524,1,1,1,12,9,9,1,34,0,1,0,12,2,12,481,12481,31,2006,1FTRF12286NB,1,F,T,R,F,1,2,2,8,6,N,B,0,T,FORD,F15,PK,6,17,,2,1450,1260,COF,G,,0,0,000000000,00000000000,0,0,0,1,0,0,0,0,0,0,0,82,0,0,0,1,1,6,2,42,0,0,0,1,12,32097,6,1,0,0,3,0,66,999,0,0,0,0,0,0,0,0,0,1,36,0,0,0,2,2,65,1,1,2,1,28,3,1,13,1,1,4,1,1,1
12,121525,1,1,1,13,9,0,29,8,0,1,0,12,3,12,16,12016,4,2010,2FABP7BV7AX1,2,F,A,B,P,7,B,V,7,A,X,1,0,P,FORD,CVP,4D,10,17,4128,,0,1147,,F,,0,0,000000000,00000000000,0,0,0,1,0,0,0,0,0,0,0,35,0,0,0,12,12,4,3,8,0,0,0,1,12,34450,6,1,0,0,3,0,71,999,0,0,0,0,0,0,0,0,0,0,0,0,0,0,5,4,45,1,1,2,1,0,0,1,80,1,1,1,13,0,0
12,121526,1,1,1,14,9,21,23,8,0,1,0,12,1,12,481,12481,31,2010,1FTFW1EVXAFB,1,F,T,F,W,1,E,V,X,A,F,B,0,T,FORD,F1S,CW,10,17,,2,1570,1450,COF,F,,0,0,000000000,00000000000,0,0,0,1,0,0,0,0,0,0,0,35,0,0,0,12,12,4,1,8,0,0,0,1,12,33030,6,1,0,0,3,3,66,999,0,0,0,1,0,6,2008,6,2008,0,0,0,0,0,2,2,40,1,1,2,1,28,3,1,80,1,1,1,13,0,0
12,121527,1,1,1,15,9,19,0,8,0,1,0,12,1,7,442,7442,20,2000,2B4GP2533YR8,2,B,4,G,P,2,5,3,3,Y,R,8,0,P,DODG,CAR,SV,0,17,3432,,0,1133,,G,,0,0,000000000,00000000000,0,0,0,1,0,0,0,0,0,0,0,40,0,0,0,12,12,4,3,8,0,0,0,1,12,34286,6,1,0,0,3,3,72,999,0,7,0,1,3,12,2007,12,2009,0,0,0,0,0,1,2,45,1,1,2,1,28,3,1,80,1,1,1,13,0,0
12,121528,1,1,3,16,9,16,40,1,0,1,0,13,4,35,43,35043,4,2010,3N1AB6APXAL6,3,N,1,A,B,6,A,P,X,A,L,6,0,P,NISS,SBL,4D,10,17,2862,,0,1057,,G,,0,0,000000000,00000000000,0,0,0,1,0,0,0,0,0,0,0,60,0,1,5,0,99,6,2,3,0,0,0,1,17,60564,6,1,0,0,3,0,66,999,0,0,0,0,0,0,0,0,0,0,36,0,0,0,2,2,50,1,1,2,1,28,3,1,12,7,1,4,1,1,0
12,121529,1,1,1,16,9,19,10,42,0,1,0,12,1,51,401,51401,14,2010,YV4982CY4A15,Y,V,4,9,8,2,C,Y,4,A,1,5,0,P,VOLV,XC9,UT,10,17,4450,,0,1126,,G,,0,0,000000000,00000000000,0,0,0,1,0,0,0,0,0,0,0,40,0,0,0,12,12,6,2,42,0,0,0,1,12,32967,6,1,0,0,3,3,70,999,0,0,0,0,0,0,0,0,0,0,0,0,0,0,2,2,25,2,1,2,1,28,3,14,8,1,1,4,6,1,1
12,121530,1,2,2,18,9,12,18,12,6,1,0,12,1,55,33,55033,4,2009,5NPET46F29H5,5,N,P,E,T,4,6,F,2,9,H,5,0,P,HYUN,SGL,4D,9,17,3494,,0,1074,,G,,0,0,000000000,00000000000,0,0,0,1,0,0,0,0,0,0,0,20,0,0,0,12,12,6,2,12,0,0,0,1,12,34668,6,1,0,0,3,3,68,999,0,0,0,0,0,0,0,0,0,0,38,0,0,0,1,2,45,1,1,2,1,28,3,11,98,1,1,1,82,1,0
12,121530,2,2,1,18,9,12,18,12,6,1,0,29,1,20,36,20036,2,1997,2G1WX12X8V92,2,G,1,W,X,1,2,X,8,V,9,2,0,P,CHEV,MZ3,CP,97,17,3455,,0,1075,,G,,0,0,000000000,00000000000,0,0,0,1,0,0,0,0,0,0,0,40,0,0,0,2,2,6,2,12,0,0,0,1,12,34667,1,1,0,0,2,0,67,999,0,0,0,0,0,0,0,0,0,0,0,0,0,0,1,2,45,1,1,2,1,28,3,1,72,1,1,1,83,0,0
12,121531,1,1,8,18,9,10,7,1,0,1,0,12,1,20,421,20421,15,2004,1GNEC13Z54R3,1,G,N,E,C,1,3,Z,5,4,R,3,0,P,CHEV,CTA,UT,4,17,4828,,0,1160,,F,,0,0,000000000,00000000000,0,0,0,1,0,0,0,0,0,0,0,65,0,1,1,0,13,6,2,1,0,0,0,1,12,33165,6,1,6,0,3,0,65,999,2,0,0,0,1,4,2008,7,2009,0,36,0,0,0,3,6,65,1,1,2,1,28,3,15,10,7,1,1,98,2,0
12,121532,1,1,5,8,7,12,49,38,0,1,0,12,4,58,37,58037,4,2010,JN1CV6AP5AM4,J,N,1,C,V,6,A,P,5,A,M,4,0,P,INFI,GBS,4D,10,17,3581,,0,1122,,G,,0,0,000000000,00000000000,0,0,0,1,0,0,0,0,0,0,0,999,0,0,0,3,3,6,2,2,0,0,1,1,12,33127,1,1,0,0,2,0,73,999,0,2,0,0,1,12,2008,10,2009,1,0,0,0,0,2,3,40,1,1,2,1,0,0,1,13,1,1,4,1,5,0
12,121533,1,1,1,9,7,14,9,42,0,1,0,12,1,20,37,20037,4,2007,1G1ZS58F77F1,1,G,1,Z,S,5,8,F,7,7,F,1,0,P,CHEV,M/L,4D,7,17,3122,,0,1063,,G,,0,0,000000000,00000000000,0,0,0,1,0,0,0,0,0,0,0,40,0,0,0,12,12,6,2,42,0,0,0,1,12,32168,6,1,0,0,3,3,63,999,0,0,0,0,0,0,0,0,0,0,0,0,0,0,2,1,45,1,1,2,1,28,3,1,12,1,1,4,6,1,0
12,121534,1,2,1,21,7,20,15,12,1,1,0,12,2,20,481,20481,31,1998,1GCEC19W4WE2,1,G,C,E,C,1,9,W,4,W,E,2,0,T,CHEV,GC1,PC,98,17,,2,1555,1415,GM4,G,,0,0,000000000,00000000000,0,0,0,1,0,0,0,0,0,0,0,999,0,0,0,12,12,6,2,12,0,0,0,1,12,33023,6,1,0,0,3,0,73,999,0,0,0,0,0,0,0,0,0,0,0,0,0,0,1,4,40,1,1,2,1,0,0,1,50,1,1,1,20,0,0
12,121534,2,2,6,21,7,20,15,12,1,1,0,12,1,19,3,19003,4,1992,1G6CD53B7N42,1,G,6,C,D,5,3,B,7,N,4,2,0,P,CADI,DFW,4D,92,17,3591,,0,1138,,G,,0,0,000000000,00000000000,0,0,0,1,0,0,0,0,0,0,0,0,0,0,0,6,6,6,2,19,0,0,0,1,12,33311,6,1,0,0,3,0,67,999,0,0,0,1,0,10,2009,10,2009,0,0,0,0,0,1,4,40,1,1,2,1,0,0,5,53,1,1,1,21,1,0
12,121535,1,1,1,27,7,11,54,43,0,1,0,12,1,49,43,49043,4,2001,4T1BF28B81U1,4,T,1,B,F,2,8,B,8,1,U,1,0,P,TOYT,UVS,4D,1,17,3428,,0,1071,,G,,0,0,000000000,00000000000,0,0,0,1,0,0,0,0,0,0,0,45,0,0,0,8,8,6,2,42,0,0,0,1,12,34293,6,1,0,0,3,3,68,999,0,0,0,0,0,0,0,0,0,0,0,0,0,0,2,2,45,1,2,2,1,3,3,1,13,1,1,4,1,1,0
12,121536,1,1,1,12,9,18,45,33,0,1,0,12,1,7,482,7482,31,2001,1B7HC16X61S2,1,B,7,H,C,1,6,X,6,1,S,2,0,T,DODG,150,PK,1,17,,2,1347,1187,RPC,G,,0,0,000000000,00000000000,0,0,0,1,0,0,0,0,0,0,0,90,0,0,0,12,12,6,8,31,0,0,0,1,12,32208,6,1,0,0,3,0,68,999,0,0,0,0,0,0,0,0,0,0,36,0,0,0,2,2,35,3,1,2,1,28,3,15,12,1,1,4,6,1,1
12,121537,1,1,1,12,9,11,3,3,0,1,0,12,2,24,1,24001,4,1996,1G8ZK527XTZ3,1,G,8,Z,K,5,2,7,X,T,Z,3,0,P,STRN,SL2,4D,96,17,2350,,0,1024,,G,,0,0,000000000,00000000000,0,0,0,1,0,0,0,0,0,0,0,999,0,0,0,0,0,6,2,3,0,0,0,1,12,34432,1,1,0,0,2,3,64,999,0,2,0,0,0,1,2010,1,2010,0,0,0,0,0,1,2,99,1,1,2,1,0,0,99,98,99,9,4,0,1,1
12,121538,1,2,1,16,9,9,45,12,6,1,0,12,1,12,401,12401,14,2001,1FMZU67E61UA,1,F,M,Z,U,6,7,E,6,1,U,A,0,P,FORD,EPR,UT,1,17,4117,,0,1259,,G,,0,0,000000000,00000000000,0,0,0,1,0,0,0,0,0,0,0,65,0,1,1,11,11,6,2,1,0,0,0,1,12,33432,6,1,0,0,3,0,69,999,0,0,0,1,1,11,2008,12,2008,0,36,92,0,0,3,5,65,1,1,2,1,28,3,15,10,1,1,2,47,1,0
12,121538,2,2,1,16,9,9,45,12,6,1,0,12,2,41,53,41053,5,2007,JM3ER2938701,J,M,3,E,R,2,9,3,8,7,0,1,0,P,MAZD,MCX,UT,7,17,3710,,0,1083,,G,,0,0,000000000,00000000000,0,0,0,1,0,0,0,0,0,0,0,45,0,0,0,3,3,4,1,12,0,0,0,1,12,33414,6,1,0,0,3,0,68,999,0,0,0,0,0,0,0,0,0,0,0,0,0,0,3,5,65,1,1,2,1,28,3,1,61,6,1,2,45,0,0
12,121539,1,2,1,6,8,13,57,12,6,1,0,12,1,49,32,49032,4,2010,1NXBU4EE5AZ3,1,N,X,B,U,4,E,E,5,A,Z,3,0,P,TOYT,CBL,4D,10,17,2723,,0,1024,,G,,0,0,000000000,00000000000,0,0,0,1,0,0,0,0,0,0,0,30,0,1,1,2,2,6,2,12,0,0,0,1,12,32835,6,1,0,0,3,0,66,999,0,0,0,0,0,0,0,0,0,0,38,0,0,0,2,3,45,1,1,2,1,28,3,11,15,1,1,1,68,1,0
12,121539,2,2,1,6,8,13,57,12,6,1,0,12,2,7,20,7020,4,2005,1B3ES26C15D2,1,B,3,E,S,2,6,C,1,5,D,2,0,P,DODG,BSE,4D,5,17,2584,,0,1040,,G,,0,0,000000000,00000000000,0,0,0,1,0,0,0,0,0,0,0,45,0,0,0,12,12,6,2,12,0,0,0,1,12,34741,6,1,0,0,3,0,71,999,0,0,0,0,0,0,0,0,0,0,0,0,0,0,2,3,45,1,1,2,1,28,3,1,62,1,1,1,69,0,0
12,121540,1,2,0,18,9,1,45,12,6,1,0,12,6,20,481,20481,31,1994,1GBDC14KXRZ2,1,G,B,D,C,1,4,K,X,R,Z,2,0,T,CHEV,GC1,PK,94,17,,1,1315,1175,GM4,G,,0,0,000000000,00000000000,0,0,0,1,0,0,0,0,0,0,0,0,0,0,0,3,3,6,2,12,0,0,0,0,,,,,,,,,999,,,,,,,,,,,,20,0,0,0,2,3,45,1,1,2,1,28,3,0,98,0,0,0,98,0,0
12,121540,2,2,2,18,9,1,45,12,6,1,0,12,1,72,706,72706,80,2001,1HD1BTY141Y0,1,H,D,1,B,T,Y,1,4,1,Y,0,0,M,HD,XTB,RS,1,17,,,,,,,1450,0,0,000000000,00000000000,0,0,0,1,0,0,0,0,0,0,0,45,0,0,0,12,12,6,2,12,0,0,0,1,12,32505,6,1,0,0,3,0,69,999,0,0,0,0,0,0,0,0,0,0,0,0,0,0,2,3,45,1,1,2,1,28,3,1,50,1,1,1,98,1,1
12,121541,1,1,2,18,9,18,55,1,0,1,0,42,1,72,706,72706,80,2011,1HD1KEM12BB6,1,H,D,1,K,E,M,1,2,B,B,6,0,M,HD,FTK,RS,11,17,,,,,,,1690,0,0,000000000,00000000000,0,0,0,1,0,0,0,0,0,0,0,30,0,0,0,0,0,6,2,1,0,0,0,1,42,16341,6,1,6,0,3,0,71,999,0,0,0,0,0,0,0,0,0,0,0,0,0,0,6,1,55,3,2,2,1,28,3,14,5,1,1,1,98,2,0
12,121542,1,1,4,19,9,13,53,1,0,1,0,12,1,12,401,12401,14,2000,1FMZU73E2YZA,1,F,M,Z,U,7,3,E,2,Y,Z,A,0,P,FORD,EPR,UT,0,17,4106,,0,1116,,G,,0,0,000000000,00000000000,0,0,0,1,0,0,0,0,0,0,0,60,0,1,5,0,0,6,2,1,0,0,0,1,12,34117,6,1,0,0,3,0,62,999,0,0,0,0,0,0,0,0,0,0,0,0,0,0,3,2,70,1,1,2,1,0,0,1,1,1,3,4,98,2,0
12,121543,1,1,3,19,9,14,48,1,0,1,0,12,1,9,442,9442,20,1999,2P4GP44G6XR2,2,P,4,G,P,4,4,G,6,X,R,2,0,P,PLYM,VOF,SV,99,17,3856,,0,1193,,F,,0,0,000000000,00000000000,0,0,0,1,0,0,0,0,0,0,0,70,0,1,3,0,0,6,2,1,0,0,0,1,12,33405,6,1,0,0,3,0,71,999,0,0,0,0,0,0,0,0,0,0,0,0,0,0,2,2,70,1,1,2,1,28,3,1,1,6,1,4,6,1,0
12,121545,1,2,1,20,9,20,10,12,1,1,0,12,2,20,16,20016,2,2005,1G1JC12F5571,1,G,1,J,C,1,2,F,5,5,7,1,0,P,CHEV,CAV,CP,5,17,2617,,0,1041,,G,,0,0,000000000,00000000000,0,0,0,1,0,0,0,0,0,0,0,5,0,0,0,6,6,6,2,12,0,0,0,1,12,34453,6,1,0,0,3,3,68,999,0,0,0,0,0,0,0,0,0,0,38,0,0,0,2,2,30,1,1,2,1,3,3,10,16,1,1,1,78,0,0
12,121545,2,2,1,20,9,20,10,12,1,1,0,12,1,37,706,37706,80,1986,1HFSC1466GA2,1,H,F,S,C,1,4,6,6,G,A,2,0,M,HOND,GLS,RS,86,17,,,,,,,1200,0,0,000000000,00000000000,0,0,0,1,0,0,0,0,0,0,0,50,0,0,0,12,1,6,2,1,0,0,0,1,12,34429,6,1,0,0,3,3,72,999,0,0,0,0,0,0,0,0,0,0,0,0,0,0,2,2,60,1,1,2,1,3,3,1,65,1,1,1,79,1,0
12,121546,1,4,1,21,9,15,18,12,1,1,0,12,3,86,881,86881,63,1998,1M2P267C6WM0,1,M,2,P,2,6,7,C,6,W,M,0,0,T,MACK,RD6,TM,98,17,,8,0,0,600,D,,0,77,777777777,77777777777,3,2,1,1,0,0,0,0,0,0,0,45,0,0,0,12,12,6,2,12,0,0,0,1,12,34654,6,1,6,0,3,3,71,999,0,0,0,0,0,0,0,0,0,0,36,0,0,0,2,2,45,1,1,2,1,3,3,1,50,1,1,1,20,0,0
12,121546,2,4,1,21,9,15,18,12,1,1,0,12,3,20,473,20473,30,2007,1GCCS1497781,1,G,C,C,S,1,4,9,7,7,8,1,0,T,CHEV,RDO,PK,7,17,,1,0,1113,CAL,G,,0,0,000000000,00000000000,0,0,0,1,0,0,0,0,0,0,0,0,0,0,0,6,6,6,2,12,0,0,0,1,12,34668,6,1,0,0,3,0,67,999,0,0,0,0,1,8,2009,8,2009,0,0,0,0,0,2,2,45,1,1,2,1,3,3,5,53,1,1,1,21,1,0