STATE,ST_CASE,VEH_NO,VE_FORMS,NUMOCCS,DAY,MONTH,HOUR,MINUTE,HARM_EV,MAN_COLL,UNITTYPE,HIT_RUN,REG_STAT,OWNER,MAKE,MODEL,MAK_MOD,BODY_TYP,MOD_YEAR,VIN,VIN_1,VIN_2,VIN_3,VIN_4,VIN_5,VIN_6,VIN_7,VIN_8,VIN_9,VIN_10,VIN_11,VIN_12,TOW_VEH,VINTYPE,VINMAKE,VINA_MOD,VIN_BT,VINMODYR,VIN_LNGT,VIN_WGT,WGTCD_TR,WHLBS_LG,WHLBS_SH,SER_TR,FUELCODE,MCYCL_DS,J_KNIFE,MCARR_I1,MCARR_I2,MCARR_ID,GVWR,V_CONFIG,CARGO_BT,HAZ_INV,HAZ_PLAC,HAZ_ID,HAZ_CNO,HAZ_REL,BUS_USE,SPEC_USE,EMER_USE,TRAV_SP,UNDERIDE,ROLLOVER,ROLINLOC,IMPACT1,IMPACT2,DEFORMED,TOWED,M_HARM,VEH_SC1,VEH_SC2,FIRE_EXP,DR_PRES,L_STATE,DR_ZIP,L_STATUS,L_TYPE,CDL_STAT,L_ENDORS,L_COMPL,L_RESTRI,DR_HGT,DR_WGT,PREV_ACC,PREV_SUS,PREV_DWI,PREV_SPD,PREV_OTH,FIRST_MO,FIRST_YR,LAST_MO,LAST_YR,SPEEDREL,DR_SF1,DR_SF2,DR_SF3,DR_SF4,VTRAFWAY,VNUM_LAN,VSPD_LIM,VALIGN,VPROFILE,VPAVETYP,VSURCOND,VTRAFCON,VTCONT_F,P_CRASH1,P_CRASH2,P_CRASH3,PCRASH4,PCRASH5,ACC_TYPE,DEATHS,DR_DRINK
12,121546,3,4,1,21,9,15,18,12,1,1,0,12,1,12,3,12003,2,1999,1FAFP42X5XF1,1,F,A,F,P,4,2,X,5,X,F,1,0,P,FORD,MGT,CP,99,17,3273,,0,1013,,G,,0,0,000000000,00000000000,0,0,0,1,0,0,0,0,0,0,0,0,0,0,0,6,6,6,2,12,0,0,0,1,12,34654,6,1,0,0,3,0,70,999,0,0,0,1,0,6,2009,6,2009,0,0,0,0,0,2,2,45,1,1,2,1,3,3,5,53,1,1,1,98,0,0
12,121546,4,4,2,21,9,15,18,12,1,1,0,12,1,24,401,24401,14,2007,5GZCZ53407S8,5,G,Z,C,Z,5,3,4,0,7,S,8,0,P,STRN,VUE,UT,7,17,3534,,0,1066,,G,,0,0,000000000,00000000000,0,0,0,1,0,0,0,0,0,0,0,0,0,0,0,6,6,4,1,12,0,0,0,1,12,34653,6,1,0,0,3,3,68,999,0,0,0,1,1,3,2009,1,2010,0,0,0,0,0,2,2,45,1,1,2,1,3,3,5,53,1,1,1,98,0,0
12,121547,1,1,1,18,9,2,12,32,0,1,0,12,1,52,37,52037,3,1997,4A3AK44Y5VE0,4,A,3,A,K,4,4,Y,5,V,E,0,0,P,MITS,EGS,2H,97,17,2855,,0,988,,G,,0,0,000000000,00000000000,0,0,0,1,0,0,0,0,0,0,0,55,0,1,5,14,99,6,2,1,0,0,0,1,12,34480,6,1,0,0,3,0,74,999,0,4,1,2,1,3,2008,3,2010,0,36,0,0,0,2,2,55,1,1,2,1,0,0,1,13,1,1,4,1,1,1
12,121548,1,1,3,18,9,2,35,42,0,1,0,12,2,7,482,7482,31,2005,1D7HA18N75S2,1,D,7,H,A,1,8,N,7,5,S,2,0,T,DODG,SQ1,CW,5,17,,2,1605,1405,RPC,G,,0,0,000000000,00000000000,0,0,0,1,0,0,0,0,0,0,0,85,0,0,0,3,3,6,2,42,0,0,0,1,12,33463,6,1,0,0,3,0,64,999,0,0,0,0,1,7,2008,7,2008,1,36,0,0,0,1,2,55,2,2,2,1,28,3,14,12,1,4,4,7,2,1
12,121549,1,1,1,20,9,0,12,8,0,1,0,12,1,20,481,20481,31,1997,1GCEC19RXVE1,1,G,C,E,C,1,9,R,X,V,E,1,0,T,CHEV,GC1,PC,97,17,,2,1555,1415,GM4,G,,0,0,000000000,00000000000,0,0,0,1,0,0,0,0,0,0,0,40,0,0,0,12,12,4,3,8,0,0,0,1,12,32065,6,1,0,0,3,3,70,999,0,3,1,0,1,10,2009,2,2010,0,0,0,0,0,2,3,45,1,1,2,1,0,0,1,80,1,1,1,13,0,0
12,121550,1,1,1,22,9,3,26,42,0,1,0,12,1,35,47,35047,4,1997,1N4BU31D7VC1,1,N,4,B,U,3,1,D,7,V,C,1,0,P,NISS,AGS,4D,97,17,2756,,0,1031,,G,,0,0,000000000,00000000000,0,0,0,1,0,0,0,0,0,0,0,70,0,0,0,82,12,6,2,42,0,0,0,1,12,33611,6,1,0,0,3,0,70,999,0,10,0,5,2,1,2008,3,2010,1,36,0,0,0,5,4,35,1,1,2,1,0,0,1,13,1,1,4,1,1,1
12,121551,1,1,1,20,6,3,20,1,0,1,0,12,1,20,421,20421,15,2001,1GNCS18WX1K2,1,G,N,C,S,1,8,W,X,1,K,2,0,P,CHEV,BZR,UT,1,17,3699,,0,1005,,G,,0,0,000000000,00000000000,0,0,0,1,0,0,0,0,0,0,0,60,0,1,1,0,99,6,2,2,0,0,1,1,12,33834,0,0,0,0,0,0,67,999,0,0,0,0,0,0,0,0,0,0,0,0,0,0,1,2,60,3,1,2,1,28,3,14,13,6,4,6,98,1,1
12,121552,1,1,1,15,7,16,48,9,0,1,0,12,1,37,403,37403,14,2003,5J6YH18523L0,5,J,6,Y,H,1,8,5,2,3,L,0,0,P,HOND,ELE,UT,3,17,3414,,0,1014,,G,,0,0,000000000,00000000000,0,0,0,1,0,0,0,0,0,0,0,5,0,0,0,3,3,4,1,9,0,0,0,1,12,33458,6,1,0,0,3,0,65,999,0,0,0,2,0,4,2008,7,2008,0,0,0,0,0,2,2,99,1,1,2,1,20,3,10,84,1,1,1,13,0,0
12,121553,1,2,2,24,7,2,1,12,1,1,1,12,2,35,47,35047,4,2004,1N4AL11D64C1,1,N,4,A,L,1,1,D,6,4,C,1,0,P,NISS,ABS,4D,4,17,2913,,0,1102,,G,,0,0,000000000,00000000000,0,0,0,1,0,0,0,0,0,0,0,60,0,1,1,12,12,6,2,1,0,0,0,1,12,33810,6,1,0,0,3,0,68,999,0,0,0,1,0,3,2008,3,2008,0,36,0,0,0,2,2,40,1,1,2,1,0,0,1,51,1,1,1,24,0,1
12,121553,2,2,1,24,7,2,1,12,1,1,0,12,1,37,706,37706,80,2004,JH2RC50334M0,J,H,2,R,C,5,0,3,3,4,M,0,0,M,HOND,VCA,RS,4,17,,,,,,,745,0,0,000000000,00000000000,0,0,0,1,0,0,0,0,0,0,0,40,0,0,0,6,6,6,2,1,0,0,0,1,12,33810,6,1,0,0,3,0,70,999,0,0,0,0,0,0,0,0,0,0,0,0,0,0,2,2,40,1,1,2,1,0,0,1,53,1,1,1,25,1,0
12,121554,1,2,1,7,8,19,5,12,6,1,0,12,1,20,16,20016,2,2000,3G1JC1243YS1,3,G,1,J,C,1,2,4,3,Y,S,1,0,P,CHEV,CAV,CP,0,17,2617,,0,1041,,G,,0,0,000000000,00000000000,0,0,0,1,0,0,0,0,0,0,0,999,0,0,0,9,9,6,2,12,0,0,0,1,12,33056,6,1,0,0,3,0,66,999,0,0,0,0,0,0,0,0,0,0,39,0,0,0,2,3,99,1,1,2,1,20,3,1,17,1,1,1,89,1,0
12,121554,2,2,1,7,8,19,5,12,6,1,0,12,1,49,472,49472,30,2005,5TENX22N55Z1,5,T,E,N,X,2,2,N,5,5,Z,1,0,T,TOYT,REG,PK,5,17,,1,0,1033,TAC,G,,0,0,000000000,00000000000,0,0,0,1,0,0,0,0,0,0,0,999,0,0,0,12,12,6,2,12,0,0,0,1,12,33027,6,1,0,0,3,3,68,999,0,0,0,0,0,0,0,0,0,0,0,0,0,0,2,3,99,1,1,2,1,0,0,1,66,1,1,1,88,0,0
12,121555,1,1,1,9,8,4,22,8,0,1,0,12,1,18,2,18002,4,2004,1G4HR54K2441,1,G,4,H,R,5,4,K,2,4,4,1,0,P,BUIC,LLF,4D,4,17,3591,,0,1122,,G,,0,0,000000000,00000000000,0,0,0,1,0,0,0,0,0,0,0,35,0,0,0,12,12,4,3,8,0,0,0,1,12,32127,6,1,0,0,3,0,70,999,0,0,0,0,1,4,2008,4,2008,0,0,0,0,0,5,4,35,1,1,2,1,28,3,1,80,1,1,1,13,0,0
12,121556,1,1,1,11,8,9,58,42,0,1,0,12,9,7,442,7442,20,2003,1D4GP24353B1,1,D,4,G,P,2,4,3,5,3,B,1,0,P,DODG,CAR,SV,3,17,3877,,0,1193,,F,,0,0,000000000,00000000000,0,0,0,1,0,0,0,0,0,0,0,25,0,0,0,1,1,6,2,42,0,0,0,1,12,33458,6,1,0,0,3,3,73,999,0,1,0,0,1,1,2010,2,2010,0,36,0,0,0,2,3,45,1,1,2,1,3,3,11,13,1,1,4,1,1,0
12,121557,1,2,1,15,8,22,51,12,1,1,0,12,2,49,40,49040,4,2004,4T1BE32K84U3,4,T,1,B,E,3,2,K,8,4,U,3,0,P,TOYT,UXS,4D,4,17,3086,,0,1071,,G,,0,0,000000000,00000000000,0,0,0,1,0,0,0,0,0,0,0,90,0,1,1,12,12,6,2,12,0,0,0,1,12,32176,6,1,0,0,3,0,71,999,0,2,0,1,2,1,2008,12,2009,0,36,0,0,0,2,4,70,1,1,2,1,0,0,1,51,1,1,1,24,1,1
12,121557,2,2,2,15,8,22,51,12,1,1,0,12,2,41,402,41402,14,2006,4F2YZ02Z56KM,4,F,2,Y,Z,0,2,Z,5,6,K,M,0,P,MAZD,TRI,UT,6,17,3192,,0,1031,,G,,0,0,000000000,00000000000,0,0,0,1,0,0,0,0,0,0,0,65,0,1,5,6,6,6,2,24,0,0,0,1,12,32114,6,1,0,0,3,3,63,999,0,0,0,1,0,1,2008,1,2008,0,0,0,0,0,2,4,70,1,1,2,1,0,0,1,53,1,1,1,25,0,0
12,121558,1,2,1,16,8,16,32,12,1,1,0,12,1,98,709,98709,80,2008,L8YTCKPZ98Y0,L,8,Y,T,C,K,P,Z,9,8,Y,0,0,U,,,,8,17,,,,,,,,0,0,000000000,00000000000,0,0,0,1,0,0,0,0,0,0,0,30,0,0,0,12,12,6,2,12,0,0,0,1,12,33436,6,1,0,0,3,0,66,999,0,0,0,0,0,0,0,0,0,0,0,0,0,0,3,2,30,1,2,1,1,28,3,1,50,1,1,1,20,1,0
12,121558,2,2,2,16,8,16,32,12,1,1,0,12,2,20,441,20441,20,1996,1GNDM19W3TB1,1,G,N,D,M,1,9,W,3,T,B,1,0,T,CHEV,AST,ES,96,17,,1,0,1110,AST,G,,0,0,000000000,00000000000,0,0,0,1,0,0,0,0,0,0,0,0,0,0,0,6,6,4,3,12,0,0,0,1,12,33401,6,1,0,0,3,0,67,999,0,0,0,0,0,0,0,0,0,0,0,0,0,0,3,2,30,1,2,1,1,28,3,5,53,1,1,1,21,0,0
12,121559,1,1,1,16,8,20,35,8,0,1,0,12,1,51,40,51040,4,1992,YV1JS8700NA0,Y,V,1,J,S,8,7,0,0,N,A,0,0,P,VOLV,9/G,4D,92,17,3073,,0,1090,,G,,0,0,000000000,00000000000,0,0,0,1,0,0,0,0,0,0,0,40,0,0,0,12,12,4,1,8,0,0,0,1,12,33510,6,1,0,0,3,3,60,999,0,0,0,0,0,0,0,0,0,0,0,0,0,0,2,3,45,1,1,2,1,0,0,1,80,6,1,1,13,0,0
12,121560,1,2,1,21,8,4,13,12,2,1,0,12,1,12,401,12401,14,2004,1FMRU17W94LA,1,F,M,R,U,1,7,W,9,4,L,A,0,P,FORD,EPT,UT,4,17,5339,,0,1191,,G,,0,0,000000000,00000000000,0,0,0,1,0,0,0,0,0,0,0,40,0,1,1,12,12,6,2,1,0,0,0,1,12,33055,6,1,0,0,3,0,70,999,0,0,0,0,0,0,0,0,0,0,0,0,0,0,5,4,40,1,1,2,2,3,3,1,54,1,1,1,52,0,0
12,121560,2,2,1,21,8,4,13,12,2,1,0,12,2,49,38,49038,4,1995,JT2EL55D4S00,J,T,2,E,L,5,5,D,4,S,0,0,0,P,TOYT,TSD,2D,95,17,1950,,0,937,,G,,0,0,000000000,00000000000,0,0,0,1,0,0,0,0,0,0,0,40,0,0,0,12,12,6,2,12,0,0,0,1,12,33147,6,1,6,0,3,0,66,999,0,0,0,0,0,0,0,0,0,0,0,0,0,0,5,4,40,1,1,2,2,28,3,1,54,2,1,1,52,1,0
12,121561,1,1,1,21,8,22,29,8,0,1,0,12,1,13,12,13012,4,2002,1LNHM86S42Y6,1,L,N,H,M,8,6,S,4,2,Y,6,0,P,LINC,LLS,4D,2,17,3602,,0,1145,,G,,0,0,000000000,00000000000,0,0,0,1,0,0,0,0,0,0,0,45,0,0,0,1,1,4,1,8,0,0,0,1,12,34482,6,1,0,0,3,3,63,999,0,0,0,0,0,0,0,0,0,0,0,0,0,0,2,2,40,1,1,2,1,0,0,1,80,6,1,1,13,0,0
12,121562,1,2,1,23,8,18,21,12,6,1,0,12,1,20,402,20402,14,1994,2CNBE18U4R69,2,C,N,B,E,1,8,U,4,R,6,9,0,P,GEO,GEO,UT,94,17,2189,,0,866,,G,,0,0,000000000,00000000000,0,0,0,1,0,0,0,0,0,0,0,40,0,0,0,10,10,6,2,12,0,0,0,1,12,32127,6,1,0,0,3,3,66,999,0,0,0,0,0,0,0,0,0,0,39,0,0,0,2,2,45,1,1,2,1,3,3,1,17,1,1,1,89,1,0
12,121562,2,2,7,23,8,18,21,12,6,1,0,12,1,20,461,20461,21,2005,1GBFG15T5512,1,G,B,F,G,1,5,T,5,5,1,2,0,T,CHEV,E15,IC,5,17,,2,0,1350,EXP,G,,0,0,000000000,00000000000,0,0,0,1,0,0,0,0,0,0,0,45,0,0,0,12,12,6,2,12,0,0,0,1,12,32127,6,1,0,0,3,3,66,999,0,0,0,0,0,0,0,0,0,0,0,0,0,0,2,2,45,1,1,2,1,3,3,1,66,1,1,1,88,0,0
12,121563,1,2,1,23,3,0,6,12,1,1,0,12,3,82,881,82881,66,2003,1FUJBBBG83PG,1,F,U,J,B,B,B,G,8,3,P,G,1,T,FRHT,ST2,DS,3,17,,8,0,0,CON,D,,1,12,992942,12992942,3,6,1,1,0,0,0,0,0,0,0,45,0,0,0,12,12,6,2,12,0,0,0,1,12,33010,6,1,6,3,3,0,69,999,0,0,0,0,1,7,2009,7,2009,0,36,0,0,0,2,3,45,1,1,2,1,3,3,1,51,1,1,1,24,0,0
12,121563,2,2,1,23,3,0,6,12,1,1,0,12,1,37,705,37705,80,1996,JH2PC2130TM3,J,H,2,P,C,2,1,3,0,T,M,3,0,M,HOND,VCD,RS,96,17,,,,,,,583,0,0,000000000,00000000000,0,0,0,1,0,0,0,0,0,0,0,999,0,0,0,6,6,6,2,12,0,0,0,1,12,33413,6,1,0,0,3,0,61,999,0,0,0,0,1,12,2009,12,2009,0,0,0,0,0,2,3,45,1,1,2,1,3,3,1,53,1,1,1,25,1,0
12,121564,1,1,1,31,8,2,20,34,0,1,0,12,1,12,481,12481,31,1997,1FTDF1726VNA,1,F,T,D,F,1,7,2,6,V,N,A,0,T,FORD,F15,PK,97,17,,1,1390,1200,COF,G,,0,0,000000000,00000000000,0,0,0,1,0,0,0,0,0,0,0,85,0,1,5,12,12,6,2,1,0,0,0,1,12,32905,6,1,6,0,3,3,72,999,0,0,0,0,0,0,0,0,0,1,0,0,0,0,5,4,40,1,1,2,1,28,3,1,13,1,1,4,1,1,1
12,121565,1,1,1,18,9,0,7,42,0,1,0,12,1,49,442,49442,20,2002,4T3ZF19C12U4,4,T,3,Z,F,1,9,C,1,2,U,4,0,P,TOYT,SIE,SV,2,17,3919,,0,1142,,G,,0,0,000000000,00000000000,0,0,0,1,0,0,0,0,0,0,0,30,0,0,0,9,9,6,2,42,0,0,0,1,12,34743,6,1,0,0,3,3,67,999,0,0,0,0,0,0,0,0,0,0,36,0,0,0,1,2,30,4,1,2,1,28,3,14,13,6,3,4,2,1,1
12,121566,1,2,1,12,4,1,44,12,6,1,0,12,2,7,482,7482,31,1998,3B7HF12Y1WG1,3,B,7,H,F,1,2,Y,1,W,G,1,0,T,DODG,150,PC,98,17,,2,1547,1387,RPC,G,,0,0,000000000,00000000000,0,0,0,1,0,0,0,0,0,0,0,50,0,0,0,12,12,6,2,12,0,0,0,1,12,33756,2,1,0,0,2,0,73,999,1,2,0,0,1,11,2008,3,2010,1,39,0,0,0,2,2,35,1,1,2,1,3,3,1,17,1,1,1,86,0,1
12,121566,2,2,1,12,4,1,44,12,6,1,0,12,4,20,2,20002,4,2005,2G1WF52E8591,2,G,1,W,F,5,2,E,8,5,9,1,0,P,CHEV,IMP,4D,5,17,3389,,0,1105,,G,,0,0,000000000,00000000000,0,0,0,1,0,0,0,0,0,0,0,40,0,0,0,3,3,6,2,12,0,0,0,1,12,34654,1,1,0,0,2,3,73,999,0,1,0,0,0,9,2009,9,2009,0,0,0,0,0,2,2,45,1,1,2,1,3,3,1,66,1,1,1,87,1,0
12,121567,1,3,1,16,9,18,18,12,6,1,0,12,1,20,481,20481,31,2004,1GCHC24U84E1,1,G,C,H,C,2,4,U,8,4,E,1,0,T,CHEV,2CH,PK,4,17,,2,0,1330,SIL,G,,0,0,000000000,00000000000,0,0,0,1,0,0,0,0,0,0,0,15,0,0,0,10,10,6,2,12,0,0,0,1,12,33593,6,1,0,0,3,0,75,999,0,0,0,0,0,0,0,0,0,0,38,0,0,0,2,2,55,1,1,2,1,20,3,11,15,1,1,1,82,1,0
12,121567,2,3,1,16,9,18,18,12,6,1,0,12,1,3,498,3498,42,1978,J8M25NP09382,J,8,M,2,5,N,P,0,9,3,8,2,0,P,,,,,,,,,,,,,0,0,000000000,00000000000,0,0,0,1,0,0,0,0,0,0,0,50,0,0,0,12,12,6,2,12,0,0,0,1,12,33597,6,1,0,0,3,0,69,999,0,0,0,0,0,0,0,0,0,0,0,0,0,0,2,2,55,1,1,2,1,28,3,1,67,6,1,1,83,0,0
12,121567,3,3,1,16,9,18,18,12,6,1,0,12,1,20,23,20023,6,2010,3GNBABDB9AS5,3,G,N,B,A,B,D,B,9,A,S,5,0,P,CHEV,HHR,UT,10,17,3208,,0,1035,,F,,0,0,000000000,00000000000,0,0,0,1,0,0,0,0,0,0,0,0,0,0,0,99,99,4,1,54,0,0,0,1,12,33523,6,1,0,0,3,3,66,999,0,0,0,1,2,1,2008,2,2009,0,0,0,0,0,2,2,55,1,1,2,1,28,3,5,15,1,1,1,98,0,0
12,121568,1,1,2,20,9,22,13,8,0,1,0,12,2,42,39,42039,4,1987,WDBDA28D6HF3,W,D,B,D,A,2,8,D,6,H,F,3,0,P,MERZ,19E,4D,87,17,2695,,0,1049,,G,,0,0,000000000,00000000000,0,0,0,1,0,0,0,0,0,0,0,45,0,0,0,12,12,4,1,8,0,0,0,1,12,33527,6,1,0,0,3,0,71,999,0,0,0,0,1,2,2009,2,2009,0,0,0,0,0,1,2,45,1,2,2,1,3,3,1,80,7,1,1,13,0,0
12,121569,1,4,1,21,9,14,15,12,2,1,0,12,2,37,32,37032,4,2001,1HGCG16431A0,1,H,G,C,G,1,6,4,3,1,A,0,0,P,HOND,ULX,4D,1,17,3274,,0,1069,,G,,0,0,000000000,00000000000,0,0,0,1,0,0,0,0,0,0,0,40,0,0,0,12,12,6,2,12,0,0,0,1,12,32832,6,1,0,0,3,3,59,999,0,0,0,1,0,3,2008,3,2008,0,28,0,0,0,1,2,40,1,1,2,1,98,3,1,10,1,1,2,50,1,0
12,121569,2,4,1,21,9,14,15,12,2,1,0,12,3,12,481,12481,31,2007,1FTPX14V27FA,1,F,T,P,X,1,4,V,2,7,F,A,0,T,FORD,F15,4C,7,17,,2,1630,1330,COF,F,,0,0,000000000,00000000000,0,0,0,1,0,0,0,0,0,0,0,40,0,0,0,12,12,4,1,59,0,0,0,1,12,32771,6,1,0,0,3,3,73,999,0,0,0,0,0,0,0,0,0,0,0,0,0,0,1,2,40,1,1,2,1,28,3,1,62,7,1,4,98,0,0
12,121569,3,4,1,21,9,14,15,12,2,1,0,12,1,18,401,18401,14,2007,3G5DA03L97S5,3,G,5,D,A,0,3,L,9,7,S,5,0,P,BUIC,RZV,UT,7,17,4096,,0,1122,,G,,0,0,000000000,00000000000,0,0,0,1,0,0,0,0,0,0,0,40,0,0,0,12,12,6,2,12,0,0,0,1,12,34771,6,1,0,0,3,3,66,999,0,0,0,0,0,0,0,0,0,0,0,0,0,0,1,2,40,1,1,2,1,28,3,1,62,1,1,1,51,0,0
12,121569,4,4,1,21,9,14,15,12,2,1,0,12,3,7,442,7442,20,2009,1D8HN44E89B5,1,D,8,H,N,4,4,E,8,9,B,5,0,P,DODG,CAR,SV,9,17,4321,,0,1212,,F,,0,0,000000000,00000000000,0,0,0,1,0,0,0,0,0,0,0,40,0,0,0,7,7,4,1,12,0,0,0,1,12,32789,6,1,0,0,3,0,75,999,0,0,0,0,0,0,0,0,0,0,0,0,0,0,1,2,40,1,1,2,1,28,3,1,51,7,1,1,98,0,0
12,121570,1,1,1,24,9,20,48,8,0,1,0,12,1,35,402,35402,14,2002,5N1ED28T22C5,5,N,1,E,D,2,8,T,2,2,C,5,0,P,NISS,XTR,UT,2,17,3638,,0,1043,,G,,0,0,000000000,00000000000,0,0,0,1,0,0,0,0,0,0,0,45,0,0,0,12,12,6,2,8,0,0,0,1,12,33567,6,1,0,0,3,0,75,999,0,0,0,0,0,0,0,0,0,0,0,0,0,0,2,4,45,1,1,2,1,28,3,1,80,1,1,1,13,0,0
12,121571,1,2,1,25,9,14,30,12,6,1,0,12,3,12,481,12481,31,2002,1FTNW21F22ED,1,F,T,N,W,2,1,F,2,2,E,D,0,T,FORD,F2S,CW,2,17,,2,1724,1562,SRW,D,,0,0,000000000,00000000000,0,0,0,1,0,0,0,0,0,0,0,10,0,0,0,1,1,4,1,12,0,0,0,1,12,32693,6,1,6,0,3,3,69,999,1,1,0,0,3,11,2009,2,2010,0,48,0,0,0,1,2,60,1,1,2,1,28,3,12,10,1,1,6,98,0,0
12,121571,2,2,1,25,9,14,30,12,6,1,0,12,2,72,706,72706,80,2003,1HD1BWB403Y1,1,H,D,1,B,W,B,4,0,3,Y,1,0,M,HD,FSA,RS,3,17,,,,,,,1450,0,0,000000000,00000000000,0,0,0,1,0,0,0,0,0,0,0,55,0,0,0,11,11,6,2,12,0,0,0,1,12,32693,6,1,0,0,3,3,72,999,0,0,0,0,0,0,0,0,0,0,0,0,0,0,1,2,60,1,1,2,1,28,3,1,62,1,1,1,98,1,1
12,121572,1,2,2,25,9,15,40,12,6,1,0,12,2,7,472,7472,30,2001,1B7FL22P01S1,1,B,7,F,L,2,2,P,0,1,S,1,0,T,DODG,DAK,PC,1,17,,1,0,1309,DAK,G,,0,0,000000000,00000000000,0,0,0,1,0,0,0,0,0,0,0,10,0,0,0,3,3,6,2,12,0,0,0,1,12,33912,6,1,0,0,3,0,70,999,0,0,0,0,0,0,0,0,0,0,48,0,0,0,1,2,30,1,1,2,1,0,0,11,10,1,1,1,68,0,0
12,121572,2,2,1,25,9,15,40,12,6,1,0,12,1,72,706,72706,80,1999,1HD1FSW12XY6,1,H,D,1,F,S,W,1,2,X,Y,6,0,M,HD,TRI,RS,99,17,,,,,,,1450,0,0,000000000,00000000000,0,0,0,1,0,0,0,0,0,0,0,30,0,0,0,12,12,6,2,12,0,0,0,1,12,33967,6,1,0,0,3,3,70,999,0,0,0,0,0,0,0,0,0,0,0,0,0,0,1,2,30,1,1,2,1,0,0,1,62,1,1,1,69,1,0
12,121573,1,2,2,26,9,21,35,12,2,1,0,12,1,24,1,24001,4,1995,1G8ZJ5279SZ3,1,G,8,Z,J,5,2,7,9,S,Z,3,0,P,STRN,SL2,4D,95,17,2308,,0,1024,,G,,0,0,000000000,00000000000,0,0,0,1,0,0,0,0,0,0,0,40,0,0,0,12,12,6,2,12,0,0,0,1,12,32507,6,1,0,0,3,3,70,999,0,0,0,0,0,0,0,0,0,0,51,0,0,0,1,2,55,1,1,2,2,28,3,1,51,6,1,2,50,1,1
12,121573,2,2,1,26,9,21,35,12,2,1,0,1,2,62,421,62421,15,2006,SALSH23406A9,S,A,L,S,H,2,3,4,0,6,A,9,0,T,LNDR,RSS,4W,6,17,,2,0,1080,RSP,G,,0,0,000000000,00000000000,0,0,0,1,0,0,0,0,0,0,0,45,0,0,0,12,12,6,2,12,0,0,0,1,1,35226,6,1,0,0,3,3,63,999,0,0,0,0,0,0,0,0,0,0,0,0,0,0,1,2,55,1,1,2,2,28,3,1,62,1,1,1,51,0,0
12,121574,1,1,1,31,8,20,34,9,0,1,0,12,1,12,481,12481,31,2002,1FTRX18L02NA,1,F,T,R,X,1,8,L,0,2,N,A,0,T,FORD,F15,4C,2,17,,2,1574,1388,COF,G,,0,0,000000000,00000000000,0,0,0,1,0,0,0,0,0,0,0,15,0,0,0,10,10,4,1,9,0,0,0,1,12,33409,6,1,6,0,3,3,73,999,0,0,0,0,1,2,2009,2,2009,0,38,0,0,0,2,3,45,1,1,2,1,3,3,3,83,1,1,1,13,0,0
12,121575,1,1,2,19,9,20,25,8,0,1,0,12,1,12,422,12422,15,2008,1FMFU17538LA,1,F,M,F,U,1,7,5,3,8,L,A,0,P,FORD,EPT,UT,8,17,5578,,0,1190,,G,,0,0,000000000,00000000000,0,0,0,1,0,0,0,0,0,0,0,45,0,0,0,12,12,4,1,8,0,0,0,1,12,33157,6,1,0,0,3,0,65,999,0,0,0,0,0,0,0,0,0,0,0,0,0,0,3,3,45,1,1,2,1,28,3,1,80,1,1,1,13,0,0
12,121576,1,2,1,20,9,13,10,12,7,1,0,24,1,6,43,6043,1,2001,1C3EL65U61N6,1,C,3,E,L,6,5,U,6,1,N,6,0,P,CHRY,SLT,CV,1,17,3452,,0,1060,,G,,0,0,000000000,00000000000,0,0,0,1,0,0,0,0,0,0,0,70,0,1,5,81,12,6,2,1,0,0,0,1,24,21921,6,1,0,0,3,0,62,999,0,0,0,0,0,0,0,0,0,0,27,0,0,0,3,2,70,1,1,2,1,0,0,15,11,1,1,2,46,1,1
12,121576,2,2,1,20,9,13,10,12,7,1,0,12,3,86,881,86881,66,2011,1M1AW09Y9BM0,1,M,1,A,W,0,9,Y,9,B,M,0,1,T,MACK,CXU,DS,11,17,,8,0,0,600,D,,1,77,777777777,77777777777,3,6,1,2,2,2319,3,1,0,0,0,62,0,0,0,62,62,4,1,12,0,0,0,1,12,33846,6,1,6,3,3,0,72,999,0,0,0,0,0,0,0,0,0,0,0,0,0,0,3,2,70,1,1,2,1,0,0,1,60,1,1,1,45,0,0
12,121578,1,1,1,25,9,11,38,8,0,1,0,12,1,12,471,12471,30,2000,1FTYR10V9YPA,1,F,T,Y,R,1,0,V,9,Y,P,A,0,T,FORD,RNG,PK,0,17,,1,1175,1116,RNG,F,,0,0,000000000,00000000000,0,0,0,1,0,0,0,0,0,0,0,40,0,0,0,3,3,4,1,8,0,0,0,1,12,32176,6,1,0,0,3,3,68,999,0,0,0,0,0,0,0,0,0,0,38,0,0,0,1,2,40,1,1,2,1,0,0,1,80,2,1,1,13,0,0
12,121579,1,1,1,26,9,20,50,34,0,1,0,12,1,22,20,22020,4,2001,1G2WK52J41F1,1,G,2,W,K,5,2,J,4,1,F,1,0,P,PONT,GFS,4D,1,17,3384,,0,1105,,G,,0,0,000000000,00000000000,0,0,0,1,0,0,0,0,0,0,0,40,0,0,0,11,11,6,2,42,0,0,0,1,12,34420,6,1,0,0,3,0,60,999,0,0,0,1,0,2,2010,2,2010,0,0,0,0,0,1,2,40,1,2,2,1,20,3,1,13,1,4,4,2,1,0