STATE,ST_CASE,VEH_NO,VE_FORMS,NUMOCCS,DAY,MONTH,HOUR,MINUTE,HARM_EV,MAN_COLL,UNITTYPE,HIT_RUN,REG_STAT,OWNER,MAKE,MODEL,MAK_MOD,BODY_TYP,MOD_YEAR,VIN,VIN_1,VIN_2,VIN_3,VIN_4,VIN_5,VIN_6,VIN_7,VIN_8,VIN_9,VIN_10,VIN_11,VIN_12,TOW_VEH,VINTYPE,VINMAKE,VINA_MOD,VIN_BT,VINMODYR,VIN_LNGT,VIN_WGT,WGTCD_TR,WHLBS_LG,WHLBS_SH,SER_TR,FUELCODE,MCYCL_DS,J_KNIFE,MCARR_I1,MCARR_I2,MCARR_ID,GVWR,V_CONFIG,CARGO_BT,HAZ_INV,HAZ_PLAC,HAZ_ID,HAZ_CNO,HAZ_REL,BUS_USE,SPEC_USE,EMER_USE,TRAV_SP,UNDERIDE,ROLLOVER,ROLINLOC,IMPACT1,IMPACT2,DEFORMED,TOWED,M_HARM,VEH_SC1,VEH_SC2,FIRE_EXP,DR_PRES,L_STATE,DR_ZIP,L_STATUS,L_TYPE,CDL_STAT,L_ENDORS,L_COMPL,L_RESTRI,DR_HGT,DR_WGT,PREV_ACC,PREV_SUS,PREV_DWI,PREV_SPD,PREV_OTH,FIRST_MO,FIRST_YR,LAST_MO,LAST_YR,SPEEDREL,DR_SF1,DR_SF2,DR_SF3,DR_SF4,VTRAFWAY,VNUM_LAN,VSPD_LIM,VALIGN,VPROFILE,VPAVETYP,VSURCOND,VTRAFCON,VTCONT_F,P_CRASH1,P_CRASH2,P_CRASH3,PCRASH4,PCRASH5,ACC_TYPE,DEATHS,DR_DRINK
12,121681,2,2,6,20,8,18,55,12,6,1,0,12,1,7,442,7442,20,1998,1B4GP54L0WB5,1,B,4,G,P,5,4,L,0,W,B,5,0,P,DODG,CAR,SV,98,17,3935,,0,1193,,G,,0,0,000000000,00000000000,0,0,0,1,0,0,0,0,0,0,0,999,0,1,5,11,11,6,2,12,0,0,0,1,12,33823,6,1,0,0,3,3,64,999,0,0,0,0,0,0,0,0,0,0,0,0,0,0,1,2,45,1,1,2,1,28,3,1,62,1,1,1,65,0,0
12,121682,1,2,1,30,8,19,59,12,6,1,0,12,1,20,2,20002,4,2009,2G1WB57K0912,2,G,1,W,B,5,7,K,0,9,1,2,0,P,CHEV,IPL,4D,9,17,3555,,0,1105,,F,,0,0,000000000,00000000000,0,0,0,1,0,0,0,0,0,0,0,999,0,0,0,3,3,6,2,12,0,0,0,1,12,33810,6,1,0,0,3,3,64,999,0,0,0,0,0,0,0,0,0,0,38,0,0,0,1,2,45,1,1,2,1,20,3,1,17,1,1,1,87,1,0
12,121682,2,2,1,30,8,19,59,12,6,1,0,12,4,82,883,82883,66,2004,1FUJA6AS04LM,1,F,U,J,A,6,A,S,0,4,L,M,1,T,FRHT,COL,DS,4,17,,8,0,0,CON,D,,1,12,165420,12165420,3,6,1,1,0,0,0,0,0,0,0,999,0,0,0,12,12,6,2,12,0,0,0,1,12,33809,6,1,6,0,3,0,65,999,0,0,0,0,1,6,2008,6,2008,0,0,0,0,0,1,2,60,1,1,2,1,28,3,1,66,1,1,1,86,0,0
12,121683,1,1,1,13,9,20,14,8,0,1,0,12,2,55,38,55038,4,2004,KMHFU45E44A3,K,M,H,F,U,4,5,E,4,4,A,3,0,P,HYUN,XG5,4D,4,17,3651,,0,1083,,G,,0,0,000000000,00000000000,0,0,0,1,0,0,0,0,0,0,0,30,0,0,0,12,12,4,3,8,0,0,0,1,12,33701,6,1,0,0,3,3,66,999,0,0,0,0,0,0,0,0,0,0,0,0,0,0,2,2,45,1,1,2,1,28,3,1,80,1,1,1,13,0,0
12,121684,1,2,1,2,10,21,31,12,6,1,0,12,1,52,39,52039,3,1991,JA3XD64B6MY0,J,A,3,X,D,6,4,B,6,M,Y,0,0,P,MITS,30S,2H,91,17,3350,,0,972,,G,,0,0,000000000,00000000000,0,0,0,1,0,0,0,0,0,0,0,10,0,0,0,2,2,6,2,12,0,0,0,1,12,34684,6,1,0,0,3,0,66,999,0,1,0,1,0,4,2010,4,2010,0,38,0,0,0,2,4,55,1,1,2,1,28,3,11,15,1,1,1,68,0,0
12,121684,2,2,2,2,10,21,31,12,6,1,0,12,1,53,706,53706,80,2006,JS1GT76A1621,J,S,1,G,T,7,6,A,1,6,2,1,0,M,SUZI,XR1,RS,6,17,,,,,,,999,0,0,000000000,00000000000,0,0,0,1,0,0,0,0,0,0,0,55,0,0,0,12,12,6,2,12,0,0,0,1,12,34669,1,1,0,0,2,0,69,999,0,0,0,0,2,3,2008,3,2010,0,0,0,0,0,2,4,55,1,1,2,1,28,3,1,62,1,1,1,69,1,0
12,121685,1,1,4,2,10,3,12,59,0,1,0,12,1,12,401,12401,14,2005,1FMZU63K65UA,1,F,M,Z,U,6,3,K,6,5,U,A,0,P,FORD,EPR,UT,5,17,4094,,0,1137,,F,,0,0,000000000,00000000000,0,0,0,1,0,0,0,0,0,0,0,50,0,0,0,12,12,6,2,42,0,0,0,1,12,33823,6,1,0,0,3,0,69,999,1,1,0,0,0,8,2008,11,2008,0,36,0,0,0,1,2,40,3,1,2,1,28,3,14,13,1,1,4,1,1,1
12,121686,1,2,1,8,10,12,5,1,0,1,0,99,1,12,461,12461,21,1998,1FTRE142XWHB,1,F,T,R,E,1,4,2,X,W,H,B,0,T,FORD,15V,CG,98,17,,2,0,1380,VAN,G,,0,0,000000000,00000000000,0,0,0,1,0,0,0,0,0,0,0,60,0,1,5,0,0,4,3,1,0,0,0,1,12,33020,6,1,0,0,3,0,76,999,0,3,0,0,0,3,2010,4,2010,0,80,0,0,0,1,2,65,1,1,2,1,32,3,1,1,1,1,4,1,1,0
12,121686,2,2,1,8,10,12,5,1,0,1,0,12,3,24,9,24009,4,2008,1G8ZS57N28F1,1,G,8,Z,S,5,7,N,2,8,F,1,0,P,STRN,AXE,4D,8,17,3525,,0,1123,,G,,0,0,000000000,00000000000,0,0,0,1,0,0,0,0,0,0,0,70,0,0,0,18,18,4,1,54,0,0,0,1,12,33461,6,1,0,0,3,3,66,999,0,0,0,0,0,0,0,0,0,0,0,0,0,0,2,4,65,1,1,2,1,32,3,1,90,1,1,1,98,0,0
12,121687,1,1,6,11,10,6,35,25,0,1,0,12,2,7,442,7442,20,1999,2B4GP24GXXR1,2,B,4,G,P,2,4,G,X,X,R,1,0,P,DODG,CAR,SV,99,17,3686,,0,1193,,F,,0,0,000000000,00000000000,0,0,0,1,0,0,0,0,0,0,0,70,0,1,1,11,11,6,2,1,0,0,0,1,12,34950,6,1,0,0,3,0,68,999,0,0,0,0,0,0,0,0,0,0,36,0,0,0,3,3,70,1,1,2,1,28,3,1,1,1,1,4,6,1,0
12,121688,1,1,3,12,10,18,48,39,0,1,0,12,2,20,37,20037,4,2002,1G1ND52J82M5,1,G,1,N,D,5,2,J,8,2,M,5,0,P,CHEV,MAL,4D,2,17,3053,,0,1070,,G,,0,0,000000000,00000000000,0,0,0,1,0,0,0,0,0,0,0,70,0,1,3,11,11,6,2,1,0,0,0,1,12,33311,1,1,0,0,2,0,67,999,0,3,0,0,3,2,2008,7,2010,0,36,0,0,0,3,4,65,1,2,2,1,28,3,1,12,1,1,4,6,1,0
12,121689,1,1,1,13,10,8,15,8,0,1,0,12,1,52,34,52034,4,2006,4A3AB56F36E0,4,A,3,A,B,5,6,F,3,6,E,0,0,P,MITS,ELP,4D,6,17,3351,,0,1083,,G,,0,0,000000000,00000000000,0,0,0,1,0,0,0,0,0,0,0,30,0,0,0,11,11,4,3,8,0,0,0,1,12,34637,6,1,0,0,3,3,71,999,0,0,0,0,0,0,0,0,0,1,36,0,0,0,1,2,20,1,1,2,1,28,3,1,80,1,1,1,13,0,0
12,121690,1,1,1,14,10,8,49,42,0,1,0,12,1,22,16,22016,1,1999,4G2JB32T8XB2,4,G,2,J,B,3,2,T,8,X,B,2,0,P,PONT,SFG,CV,99,17,2892,,0,1041,,G,,0,0,000000000,00000000000,0,0,0,1,0,0,0,0,0,0,0,15,0,0,0,12,12,6,2,42,0,0,0,1,12,34613,6,1,0,0,3,0,70,999,0,0,0,0,0,0,0,0,0,0,0,0,0,0,1,2,30,1,1,2,1,20,3,1,12,1,1,4,6,1,0
12,121691,1,2,2,9,10,15,25,1,0,1,0,12,2,24,7,24007,4,2007,1G8AW15F47Z1,1,G,8,A,W,1,5,F,4,7,Z,1,0,P,STRN,SI3,C4,7,17,2866,,0,1032,,G,,0,0,000000000,00000000000,0,0,0,1,0,0,0,0,0,0,0,999,0,0,0,11,12,6,2,12,0,0,0,1,12,32244,6,1,0,0,3,0,69,999,0,0,0,0,0,0,0,0,0,0,38,0,0,0,1,2,45,1,1,2,1,20,3,11,15,1,1,1,98,0,0
12,121691,2,2,1,9,10,15,25,1,0,1,0,12,2,37,705,37705,80,2008,JH2PC40028M1,J,H,2,P,C,4,0,0,2,8,M,1,0,M,HOND,B60,RS,8,17,,,,,,,599,0,0,000000000,00000000000,0,0,0,1,0,0,0,0,0,0,0,45,0,0,0,0,12,6,2,12,0,0,0,1,12,32210,6,1,0,0,3,0,69,999,0,1,0,0,0,7,2010,7,2010,0,0,0,0,0,5,4,45,1,1,2,1,28,3,1,67,8,1,1,98,1,0
12,121692,1,1,1,19,10,7,5,42,0,1,0,12,1,49,401,49401,14,2003,JTEZU14R5300,J,T,E,Z,U,1,4,R,5,3,0,0,0,P,TOYT,RUN,UT,3,17,4025,,0,1098,,G,,0,0,000000000,00000000000,0,0,0,1,0,0,0,0,0,0,0,65,0,0,0,12,12,6,2,2,0,0,1,1,12,32347,6,1,0,0,3,0,64,999,0,0,0,1,0,3,2010,3,2010,0,36,0,0,0,2,2,65,1,1,2,1,28,3,1,13,6,1,4,1,1,0
12,121693,1,2,1,3,4,22,53,12,6,1,0,12,1,49,41,49041,2,1991,JT2SW21NXM00,J,T,2,S,W,2,1,N,X,M,0,0,0,P,TOYT,MSR,CP,91,17,2758,,0,945,,G,,0,0,000000000,00000000000,0,0,0,1,0,0,0,0,0,0,0,998,0,0,0,2,2,6,2,12,0,0,0,1,12,34983,6,1,0,0,3,3,66,999,0,0,0,1,0,2,2008,2,2008,0,38,0,0,0,1,2,40,1,1,2,1,20,3,11,15,1,1,1,68,0,0
12,121693,2,2,1,3,4,22,53,12,6,1,0,12,1,98,709,98709,80,2004,LAEVCB235470,L,A,E,V,C,B,2,3,5,4,7,0,0,U,,,,4,17,,,,,,,,0,0,000000000,00000000000,0,0,0,1,0,0,0,0,0,0,0,998,0,0,0,12,12,6,2,12,0,0,0,1,12,34983,6,1,0,0,3,3,66,999,0,0,0,0,0,0,0,0,0,0,0,0,0,0,1,2,40,1,1,2,1,20,3,1,66,1,1,1,69,1,0
12,121694,1,2,1,8,10,10,19,12,1,1,0,12,1,53,705,53705,80,2006,JS1GN7DA1621,J,S,1,G,N,7,D,A,1,6,2,1,0,M,SUZI,K6R,RS,6,17,,,,,,,599,0,0,000000000,00000000000,0,0,0,1,0,0,0,0,0,0,0,45,0,0,0,12,12,6,2,12,0,0,0,1,12,33470,6,1,0,0,3,0,72,999,0,0,0,0,0,0,0,0,0,0,36,0,0,0,1,3,45,1,1,2,1,28,3,1,51,1,1,1,24,1,1
12,121694,2,2,1,8,10,10,19,12,1,1,0,12,2,37,31,37031,4,2003,1HGES267X3L0,1,H,G,E,S,2,6,7,X,3,L,0,0,P,HOND,UAX,4D,3,17,2601,,0,1031,,G,,0,0,000000000,00000000000,0,0,0,1,0,0,0,0,0,0,0,45,0,0,0,6,6,6,2,12,0,0,0,1,12,33411,6,1,0,0,3,3,65,999,0,0,0,0,0,0,0,0,0,0,0,0,0,0,1,3,45,1,1,2,1,28,3,10,53,1,1,1,25,0,0
12,121695,1,2,1,24,9,19,41,12,2,1,0,12,1,7,482,7482,31,2004,1D7HA18N54S6,1,D,7,H,A,1,8,N,5,4,S,6,0,T,DODG,SQ1,CW,4,17,,2,1605,1405,RPC,G,,0,0,000000000,00000000000,0,0,0,1,0,0,0,0,0,0,0,15,0,0,0,12,12,6,2,12,0,0,0,1,12,34117,6,1,0,0,3,0,65,999,0,0,0,2,0,4,2009,5,2009,0,38,0,0,0,2,2,30,1,1,2,2,3,3,11,15,1,1,1,68,0,0
12,121695,2,2,1,24,9,19,41,12,2,1,0,12,1,53,705,53705,80,2004,JS1GN7CAX421,J,S,1,G,N,7,C,A,X,4,2,1,0,M,SUZI,GSK,RS,4,17,,,,,,,599,0,0,000000000,00000000000,0,0,0,1,0,0,0,0,0,0,0,45,0,0,0,12,12,6,2,12,0,0,0,1,12,33167,6,1,0,0,3,0,74,999,0,3,0,0,1,1,2009,8,2010,0,0,0,0,0,2,2,30,1,1,2,2,3,3,1,62,1,1,1,69,1,0
12,121696,1,1,1,4,10,2,45,1,0,1,0,12,1,53,706,53706,80,2006,JS1GW71A3621,J,S,1,G,W,7,1,A,3,6,2,1,0,M,SUZI,GXR,RS,6,17,,,,,,,1298,0,0,000000000,00000000000,0,0,0,1,0,0,0,0,0,0,0,130,0,0,0,0,99,6,2,1,0,0,0,1,12,34759,6,1,6,0,3,3,65,999,0,0,0,2,0,12,2008,11,2009,1,36,0,0,0,2,3,50,4,2,1,1,0,0,14,12,1,1,4,6,1,1
12,121697,1,2,1,13,10,9,3,12,7,1,0,12,1,49,50,49050,3,2008,JTKDE1671802,J,T,K,D,E,1,6,7,1,8,0,2,0,P,TOYT,SXC,LB,8,17,2905,,0,1063,,G,,0,0,000000000,00000000000,0,0,0,1,0,0,0,0,0,0,0,50,0,0,0,2,2,4,3,12,0,0,0,1,12,33498,6,7,0,0,3,2,67,999,0,0,0,1,0,7,2010,7,2010,0,27,73,0,0,3,2,50,1,1,4,2,0,0,15,11,1,1,2,46,0,0
12,121697,2,2,1,13,10,9,3,12,7,1,0,12,1,45,31,45031,2,2004,WP0AA29924S6,W,P,0,A,A,2,9,9,2,4,S,6,0,P,PORS,9CS,CP,4,17,2959,,0,926,,G,,0,0,000000000,00000000000,0,0,0,1,0,0,0,0,0,0,0,50,0,0,0,11,12,4,3,8,0,0,0,1,12,33437,6,1,0,0,3,0,71,999,0,4,0,2,0,4,2009,1,2010,0,0,0,0,0,3,2,50,1,1,4,2,0,0,1,60,1,1,1,45,0,0
12,121698,1,1,3,3,10,1,40,43,0,1,0,12,2,20,9,20009,2,1995,2G1FP22P8S22,2,G,1,F,P,2,2,P,8,S,2,2,0,P,CHEV,Z28,CP,95,17,3390,,0,1011,,G,,0,0,000000000,00000000000,0,0,0,1,0,0,0,0,0,0,0,999,0,0,0,6,6,6,2,43,0,0,0,1,12,33169,6,7,0,0,3,2,67,999,0,0,0,0,0,0,0,0,0,0,36,73,0,0,3,4,55,1,1,2,1,28,3,1,8,1,4,4,2,2,0
12,121699,1,2,2,18,10,20,5,12,1,1,0,12,2,24,5,24005,4,2004,1G8JD54R04Y5,1,G,8,J,D,5,4,R,0,4,Y,5,0,P,STRN,L32,4D,4,17,3237,,0,1065,,G,,0,0,000000000,00000000000,0,0,0,1,0,0,0,0,0,0,0,100,0,0,0,12,12,6,2,59,0,0,0,1,12,32110,6,1,0,0,3,0,66,999,0,0,0,1,0,2,2010,2,2010,1,36,0,0,0,3,4,70,1,1,2,1,28,3,15,51,6,1,2,24,1,1
12,121699,2,2,1,18,10,20,5,12,1,1,0,12,1,12,481,12481,31,2010,1FTMF1CW5AKB,1,F,T,M,F,1,C,W,5,A,K,B,0,T,FORD,F15,PK,10,17,,2,1450,1260,COF,G,,0,0,000000000,00000000000,0,0,0,1,0,0,0,0,0,0,0,70,0,0,0,6,6,6,2,12,0,0,0,1,17,61401,6,1,0,0,3,0,66,999,0,0,0,0,0,0,0,0,0,0,0,0,0,0,3,4,70,1,1,2,1,28,3,1,53,7,1,1,25,0,0
12,121700,1,2,1,16,10,20,37,12,2,1,0,12,1,24,1,24001,4,2000,1G8ZH5285YZ1,1,G,8,Z,H,5,2,8,5,Y,Z,1,0,P,STRN,SL1,4D,0,17,2332,,0,1024,,G,,0,0,000000000,00000000000,0,0,0,1,0,0,0,0,0,0,0,55,0,0,0,12,12,6,2,12,0,0,0,1,12,33983,6,1,0,0,3,0,68,999,0,0,0,0,0,0,0,0,0,0,28,0,0,0,1,2,55,1,1,2,1,28,3,1,10,1,1,2,50,1,0
12,121700,2,2,3,16,10,20,37,12,2,1,0,12,2,7,24,7024,4,2010,2B3CA3CV8AH3,2,B,3,C,A,3,C,V,8,A,H,3,0,P,DODG,CHS,4D,10,17,3820,,0,1200,,G,,0,0,000000000,00000000000,0,0,0,1,0,0,0,0,0,0,0,55,0,0,0,12,12,6,2,12,0,0,0,1,97,99999,9,9,99,9,9,9,999,999,99,99,99,99,99,99,9999,99,9999,0,0,0,0,0,1,2,55,1,1,2,1,28,3,1,62,1,1,1,51,0,0
12,121701,1,3,1,7,8,20,39,12,1,1,0,12,2,6,43,6043,1,2006,1C3EL65R66N2,1,C,3,E,L,6,5,R,6,6,N,2,0,P,CHRY,SLT,CV,6,17,3322,,0,1060,,G,,0,0,000000000,00000000000,0,0,0,1,0,0,0,0,0,0,0,45,0,0,0,12,12,6,2,12,0,0,0,1,12,34952,6,1,0,0,3,0,72,999,0,0,0,1,0,7,2009,7,2009,0,36,0,0,0,2,3,45,1,1,2,2,3,3,1,50,1,1,1,20,0,0
12,121701,2,3,2,7,8,20,39,12,1,1,0,12,1,53,402,53402,14,2000,JS3TD62V5Y41,J,S,3,T,D,6,2,V,5,Y,4,1,0,P,SUZI,GVT,UT,0,17,3197,,0,976,,G,,0,0,000000000,00000000000,0,0,0,1,0,0,0,0,0,0,0,0,0,0,0,6,6,6,2,12,0,0,0,1,12,34981,6,1,6,0,3,0,77,999,0,0,0,0,0,0,0,0,0,0,0,0,0,0,2,3,45,1,1,2,2,3,3,5,53,1,1,1,21,1,0
12,121701,3,3,1,7,8,20,39,12,1,1,0,12,2,12,422,12422,15,2004,1FMRU15W74LB,1,F,M,R,U,1,5,W,7,4,L,B,0,P,FORD,EPT,UT,4,17,5218,,0,1191,,G,,0,0,000000000,00000000000,0,0,0,1,0,0,0,0,0,0,0,0,0,0,0,5,5,4,1,12,0,0,0,1,12,34990,6,1,0,0,3,0,75,999,0,0,0,0,0,0,0,0,0,0,0,0,0,0,2,3,45,1,1,2,2,3,3,5,53,1,1,1,98,0,0
12,121702,1,1,5,5,7,1,19,30,0,1,0,12,2,49,50,49050,3,2008,JTKDE1674802,J,T,K,D,E,1,6,7,4,8,0,2,0,P,TOYT,SXC,LB,8,17,2905,,0,1063,,G,,0,0,000000000,00000000000,0,0,0,1,0,0,0,0,0,0,0,999,0,0,0,5,5,6,2,30,0,0,0,1,12,34983,6,1,0,0,3,0,69,999,0,0,0,1,1,3,2010,3,2010,0,0,0,0,0,2,3,45,1,1,2,2,0,0,1,13,1,1,4,1,1,0
12,121703,1,3,2,8,9,12,12,12,6,1,0,12,1,20,20,20020,4,1998,2G1WL52M5W91,2,G,1,W,L,5,2,M,5,W,9,1,0,P,CHEV,L/S,4D,98,17,3330,,0,1075,,G,,0,0,000000000,00000000000,0,0,0,1,0,0,0,0,0,0,0,40,0,0,0,3,3,6,2,12,0,0,0,1,12,33844,6,1,0,0,3,3,67,999,0,0,0,0,0,0,0,0,0,0,48,0,0,0,1,6,45,1,1,2,1,3,3,11,15,1,1,1,68,2,0
12,121703,2,3,2,8,9,12,12,12,6,1,0,12,1,7,482,7482,31,2004,3D7KU28C34G1,3,D,7,K,U,2,8,C,3,4,G,1,1,T,DODG,SQ2,CW,4,17,,2,1605,1405,RPC,D,,1,0,000000000,00000000000,0,0,0,1,0,0,0,0,0,0,0,40,0,0,0,12,12,6,2,12,0,0,0,1,12,33809,6,1,0,0,3,0,65,999,0,0,0,2,0,3,2008,11,2008,0,0,0,0,0,1,6,40,1,1,2,1,3,3,1,62,2,1,1,69,0,0
12,121703,3,3,2,8,9,12,12,12,6,1,0,99,1,12,481,12481,31,1993,1FTDF15Y9PNA,1,F,T,D,F,1,5,Y,9,P,N,A,0,T,FORD,F15,PK,93,17,,1,1330,1170,COF,G,,0,0,000000000,00000000000,0,0,0,1,0,0,0,0,0,0,0,40,0,0,0,11,11,6,2,12,0,0,0,1,12,33877,6,1,0,0,3,0,65,999,0,0,0,0,0,0,0,0,0,0,0,0,0,0,1,6,40,1,1,2,1,3,3,1,62,1,1,1,98,0,0
12,121704,1,2,1,19,9,18,0,12,2,1,0,99,1,98,709,98709,82,9999,999999999999,9,9,9,9,9,9,9,9,9,9,9,9,0,U,,,,9,17,,,,,,,,0,0,000000000,00000000000,0,0,0,1,0,0,0,0,0,0,0,5,0,0,0,12,12,6,2,12,0,0,0,1,12,33462,0,0,0,0,0,0,999,999,0,0,0,0,0,0,0,0,0,0,36,0,0,0,2,3,40,1,1,2,1,28,3,1,54,1,1,1,50,1,0
12,121704,2,2,1,19,9,18,0,12,2,1,0,12,1,30,40,30040,4,2008,3VWRM71K98M1,3,V,W,R,M,7,1,K,9,8,M,1,0,P,VOLK,JSE,4D,8,17,3202,,0,1015,,G,,0,0,000000000,00000000000,0,0,0,1,0,0,0,0,0,0,0,45,0,0,0,12,12,4,3,12,0,0,0,1,12,33435,6,1,0,0,3,3,64,999,0,0,0,0,2,5,2008,9,2008,0,0,0,0,0,2,3,40,1,1,2,1,28,3,1,54,1,1,1,51,0,0
12,121706,1,1,18,3,9,9,4,8,0,1,0,12,3,93,981,93981,51,1982,1M89CM8A5CP0,1,M,8,9,C,M,8,A,5,C,P,0,0,U,,,,,17,,,,,,,,0,12,423545,12423545,3,21,22,1,0,0,0,0,98,0,0,15,0,0,0,1,1,4,3,8,0,0,0,1,12,33176,6,1,6,3,3,0,69,999,0,0,0,2,0,10,2008,4,2009,0,0,0,0,0,1,2,30,1,1,2,1,28,3,1,80,1,1,1,13,0,0
12,121707,1,1,1,3,9,4,15,30,0,1,0,12,2,35,32,35032,2,1996,1N4AB42D6TC5,1,N,4,A,B,4,2,D,6,T,C,5,0,P,NISS,2SE,CP,96,17,2252,,0,998,,G,,0,0,000000000,00000000000,0,0,0,1,0,0,0,0,0,0,0,999,0,0,0,12,12,6,2,30,0,0,0,1,12,33187,6,1,0,0,3,0,67,999,0,0,0,0,0,0,0,0,0,0,36,0,0,0,1,1,99,1,2,4,2,0,0,1,12,1,4,4,7,1,1
12,121708,1,1,1,12,10,6,45,11,0,1,0,12,2,49,43,49043,4,1995,4T1GB10E3SU0,4,T,1,G,B,1,0,E,3,S,U,0,0,P,TOYT,UAL,4D,95,17,3265,,0,1071,,G,,0,0,000000000,00000000000,0,0,0,1,0,0,0,0,0,0,0,70,0,0,0,99,12,6,2,38,0,0,0,1,12,34608,6,1,0,0,3,0,69,999,0,0,0,0,0,0,0,0,0,1,0,0,0,0,1,2,45,1,1,2,1,0,0,1,87,6,1,1,13,1,0
12,121709,1,1,1,10,9,22,6,30,0,1,0,12,2,12,422,12422,15,2004,1FMPU17L94LA,1,F,M,P,U,1,7,L,9,4,L,A,0,P,FORD,EPT,UT,4,17,5339,,0,1191,,G,,0,0,000000000,00000000000,0,0,0,1,0,0,0,0,0,0,0,80,0,0,0,9,9,6,2,30,0,0,0,1,12,33186,0,0,0,0,0,0,999,999,0,0,0,0,0,0,0,0,0,1,37,0,0,0,2,3,40,1,1,2,1,0,0,1,13,1,1,4,1,1,0
12,121710,1,1,2,16,9,16,5,42,0,1,0,12,2,12,461,12461,21,1998,1FTRE1427WHA,1,F,T,R,E,1,4,2,7,W,H,A,0,T,FORD,15V,CG,98,17,,2,0,1380,VAN,G,,0,0,000000000,00000000000,0,0,0,1,0,0,0,0,0,0,0,999,0,0,0,12,12,4,1,8,0,0,0,1,12,33033,6,1,0,0,3,0,71,999,0,1,0,0,0,10,2008,10,2008,0,0,0,0,0,8,8,30,1,1,2,1,0,0,1,13,1,1,4,1,0,0
12,121711,1,2,1,16,9,7,40,12,1,1,0,12,1,49,51,49051,4,2007,JTDBT9237711,J,T,D,B,T,9,2,3,7,7,1,1,0,P,TOYT,YAR,4D,7,17,2288,,0,969,,G,,0,0,000000000,00000000000,0,0,0,1,0,0,0,0,0,0,0,45,0,0,0,12,12,6,2,12,0,0,0,1,12,32460,6,1,0,0,3,3,71,999,0,0,0,0,0,0,0,0,0,0,36,26,0,0,1,8,45,1,1,2,1,0,0,1,50,1,1,1,20,1,0
12,121711,2,2,1,16,9,7,40,12,1,1,0,12,2,86,881,86881,63,2005,1M2AG11C05M0,1,M,2,A,G,1,1,C,0,5,M,0,0,T,MACK,CV7,TM,5,17,,8,0,0,700,D,,0,12,tkd3112,12tkd3112,3,2,4,1,0,0,0,0,0,0,0,0,0,0,0,6,6,4,1,12,0,0,0,1,12,32305,6,1,6,0,3,0,61,999,0,0,0,0,0,0,0,0,0,0,0,0,0,0,1,8,45,1,1,2,1,0,0,5,53,1,1,1,21,0,0
12,121712,1,1,2,18,9,22,13,42,0,1,0,12,2,20,22,20022,4,2008,1G1AL58F8873,1,G,1,A,L,5,8,F,8,8,7,3,0,P,CHEV,BLT,4D,8,17,3216,,0,1033,,G,,0,0,000000000,00000000000,0,0,0,1,0,0,0,0,0,0,0,55,0,0,0,12,12,6,2,42,0,0,0,1,12,33173,6,1,0,0,3,0,72,999,0,0,0,0,0,0,0,0,0,1,36,0,0,0,2,2,30,1,1,2,1,28,3,1,12,1,1,4,6,1,0
12,121713,1,3,3,29,9,6,10,8,0,1,0,12,1,52,34,52034,4,2003,4A3AA46G53E2,4,A,3,A,A,4,6,G,5,3,E,2,0,P,MITS,UEL,4D,3,17,3075,,0,1037,,G,,0,0,000000000,00000000000,0,0,0,1,0,0,0,0,0,0,0,30,0,0,0,12,12,4,1,8,0,0,0,1,12,33165,6,1,0,0,3,0,67,999,0,0,0,2,0,2,2009,6,2009,0,0,0,0,0,1,4,30,1,1,1,2,28,3,1,80,1,1,1,13,0,0
12,121713,2,3,1,29,9,6,10,8,0,1,0,12,2,35,43,35043,4,2006,3N1CB51D96L4,3,N,1,C,B,5,1,D,9,6,L,4,0,P,NISS,S18,4D,6,17,2509,1,0,998,GCK,G,,0,0,000000000,00000000000,0,0,0,1,0,0,0,0,0,0,0,999,0,0,0,12,12,4,1,8,0,0,0,1,12,33142,6,1,0,0,3,3,70,999,0,1,0,1,0,10,2009,10,2009,0,0,0,0,0,1,4,30,1,1,1,2,28,3,1,80,1,1,1,98,0,0
12,121713,3,3,1,29,9,6,10,8,0,1,0,12,1,2,404,2404,14,2001,1J4GW58S11C5,1,J,4,G,W,5,8,S,1,1,C,5,0,T,JEEP,LMT,4W,1,17,2509,1,0,1059,GCK,G,,0,0,000000000,00000000000,0,0,0,1,0,0,0,0,0,0,0,999,0,0,0,12,12,4,1,8,0,0,0,1,12,33142,6,1,0,0,3,3,70,999,0,1,0,0,0,10,2009,10,2009,0,0,0,0,0,1,4,30,1,1,1,2,28,3,1,80,1,1,1,98,0,0
12,121714,1,2,1,19,10,16,42,12,2,1,0,12,2,12,481,12481,31,1984,2FTHF25L5ECB,2,F,T,H,F,2,5,L,5,E,C,B,0,T,FORD,F25,PK,84,17,,2,1610,1330,COF,G,,0,0,000000000,00000000000,0,0,0,1,0,0,0,0,0,0,0,10,0,0,0,12,12,6,2,12,0,0,0,1,12,33513,6,1,0,0,3,0,70,999,0,2,0,0,0,4,2008,12,2009,0,38,0,0,0,1,2,45,1,2,2,1,28,3,11,15,1,1,1,68,0,0