STATE,ST_CASE,VEH_NO,VE_FORMS,NUMOCCS,DAY,MONTH,HOUR,MINUTE,HARM_EV,MAN_COLL,UNITTYPE,HIT_RUN,REG_STAT,OWNER,MAKE,MODEL,MAK_MOD,BODY_TYP,MOD_YEAR,VIN,VIN_1,VIN_2,VIN_3,VIN_4,VIN_5,VIN_6,VIN_7,VIN_8,VIN_9,VIN_10,VIN_11,VIN_12,TOW_VEH,VINTYPE,VINMAKE,VINA_MOD,VIN_BT,VINMODYR,VIN_LNGT,VIN_WGT,WGTCD_TR,WHLBS_LG,WHLBS_SH,SER_TR,FUELCODE,MCYCL_DS,J_KNIFE,MCARR_I1,MCARR_I2,MCARR_ID,GVWR,V_CONFIG,CARGO_BT,HAZ_INV,HAZ_PLAC,HAZ_ID,HAZ_CNO,HAZ_REL,BUS_USE,SPEC_USE,EMER_USE,TRAV_SP,UNDERIDE,ROLLOVER,ROLINLOC,IMPACT1,IMPACT2,DEFORMED,TOWED,M_HARM,VEH_SC1,VEH_SC2,FIRE_EXP,DR_PRES,L_STATE,DR_ZIP,L_STATUS,L_TYPE,CDL_STAT,L_ENDORS,L_COMPL,L_RESTRI,DR_HGT,DR_WGT,PREV_ACC,PREV_SUS,PREV_DWI,PREV_SPD,PREV_OTH,FIRST_MO,FIRST_YR,LAST_MO,LAST_YR,SPEEDREL,DR_SF1,DR_SF2,DR_SF3,DR_SF4,VTRAFWAY,VNUM_LAN,VSPD_LIM,VALIGN,VPROFILE,VPAVETYP,VSURCOND,VTRAFCON,VTCONT_F,P_CRASH1,P_CRASH2,P_CRASH3,PCRASH4,PCRASH5,ACC_TYPE,DEATHS,DR_DRINK
12,121750,1,1,2,1,10,7,52,8,0,1,0,12,1,20,481,20481,31,2002,1GCEC14V62Z1,1,G,C,E,C,1,4,V,6,2,Z,1,0,T,CHEV,SC1,PK,2,17,,2,1330,1190,SIL,G,,0,0,000000000,00000000000,0,0,0,1,0,0,0,0,0,0,0,20,0,0,0,12,12,6,2,8,0,0,0,1,12,33165,1,1,0,0,2,0,73,999,0,0,0,0,3,12,2008,5,2010,1,36,28,0,0,1,2,25,1,1,2,1,28,3,1,12,1,1,4,13,0,1
12,121751,1,1,1,2,10,15,29,24,0,1,0,12,2,37,705,37705,80,2006,JH2PC37006M3,J,H,2,P,C,3,7,0,0,6,M,3,0,M,HOND,B60,RS,6,17,,,,,,,599,0,0,000000000,00000000000,0,0,0,1,0,0,0,0,0,0,0,120,0,0,0,12,12,6,2,24,0,0,0,1,12,32231,1,1,0,0,2,0,70,999,0,2,0,0,0,2,2009,10,2009,1,36,37,0,0,1,2,35,3,1,2,1,28,3,14,13,1,1,4,1,1,1
12,121752,1,1,1,3,10,15,22,1,0,1,0,99,2,76,733,76733,90,2003,JY4AG02343C0,J,Y,4,A,G,0,2,3,4,3,C,0,0,M,YAMA,YFS,AT,3,17,,,,,,,195,0,0,000000000,00000000000,0,0,0,1,0,0,0,0,0,0,0,999,0,2,1,0,0,4,3,1,0,0,0,1,12,33663,6,1,0,0,3,0,77,999,0,0,1,0,0,8,2008,8,2008,0,0,0,0,0,1,2,30,1,1,2,1,28,3,1,10,98,1,1,98,1,0
12,121753,1,1,1,8,10,22,50,8,0,1,0,12,1,23,471,23471,30,2002,1GTCS19W1281,1,G,T,C,S,1,9,W,1,2,8,1,0,T,GMC,SON,3C,2,17,,1,0,1229,SON,G,,0,0,000000000,00000000000,0,0,0,1,0,0,0,0,0,0,0,999,0,0,0,12,12,4,3,8,0,0,0,1,12,33510,6,1,6,0,3,3,70,999,0,0,0,0,0,0,0,0,0,0,0,0,0,0,1,2,35,1,1,2,1,0,0,1,80,1,1,1,13,0,0
12,121754,1,3,2,11,10,7,59,12,6,1,0,12,2,18,2,18002,4,1998,1G4HP52KXWH4,1,G,4,H,P,5,2,K,X,W,H,4,0,P,BUIC,LCF,4D,98,17,3348,,0,1108,,G,,0,0,000000000,00000000000,0,0,0,1,0,0,0,0,0,0,0,999,0,0,0,12,12,6,2,12,0,0,0,1,12,33584,6,1,0,0,3,3,69,999,0,0,0,0,0,0,0,0,0,0,39,0,0,0,1,2,45,1,1,2,1,20,3,1,17,1,1,1,86,0,0
12,121754,2,3,1,11,10,7,59,12,6,1,0,12,1,12,23,12023,4,2008,3FAHP07Z28R1,3,F,A,H,P,0,7,Z,2,8,R,1,0,P,FORD,F/E,4D,8,17,3181,,0,1074,,G,,0,0,000000000,00000000000,0,0,0,1,0,0,0,0,0,0,0,999,0,0,0,3,3,6,2,12,0,0,0,1,12,33860,6,1,0,0,3,0,71,999,0,0,0,0,0,0,0,0,0,0,0,0,0,0,1,2,50,1,1,2,1,0,0,1,66,1,1,1,87,1,0
12,121754,3,3,1,11,10,7,59,12,6,1,0,12,2,12,481,12481,31,2003,2FTRX08WX3CA,2,F,T,R,X,0,8,W,X,3,C,A,0,T,FORD,F15,4C,3,17,,2,0,1388,COF,G,,0,0,000000000,00000000000,0,0,0,1,0,0,0,0,0,0,0,999,0,0,0,12,12,6,2,12,0,0,0,1,12,33860,6,1,6,0,3,3,71,999,0,0,0,0,0,0,0,0,0,0,0,0,0,0,1,2,50,1,1,2,1,0,0,1,54,1,1,1,98,0,0
12,121755,1,2,1,12,10,1,36,12,1,1,0,12,3,82,881,82881,66,2003,1FUJBBCG83LK,1,F,U,J,B,B,C,G,8,3,L,K,1,T,FRHT,ST2,DS,3,17,,8,0,0,CON,D,,1,77,777777777,77777777777,3,6,1,1,0,0,0,0,0,0,0,5,0,0,0,6,6,4,3,12,0,0,0,1,12,33568,6,1,6,0,3,0,62,999,0,0,0,0,0,0,0,0,0,0,47,0,0,0,1,2,45,1,1,2,1,20,3,10,16,1,1,1,25,0,0
12,121755,2,2,1,12,10,1,36,12,1,1,0,12,1,12,17,12017,4,1999,1FAFP52U3XA3,1,F,A,F,P,5,2,U,3,X,A,3,0,P,FORD,TAX,4D,99,17,3329,,0,1085,,G,,0,0,000000000,00000000000,0,0,0,1,0,0,0,0,0,0,0,80,0,0,0,12,12,6,2,12,0,0,0,1,12,33594,1,1,0,0,2,3,73,999,0,0,0,0,0,0,0,0,0,1,0,0,0,0,1,2,45,1,1,2,1,28,3,1,51,1,1,1,24,1,1
12,121757,1,2,1,10,10,1,55,12,1,1,1,12,1,12,880,12880,67,2006,1FTWW33P76EB,1,F,T,W,W,3,3,P,7,6,E,B,0,T,FORD,F3D,CW,6,17,,3,1720,1560,DRW,D,,0,77,777777777,77777777777,2,1,96,1,0,0,0,0,0,0,0,5,0,0,0,6,6,6,2,12,0,0,0,1,12,33412,6,1,0,0,3,0,73,999,0,0,0,2,0,3,2008,11,2008,0,54,92,0,0,1,2,55,1,1,2,1,0,0,1,53,1,1,1,25,0,1
12,121757,2,2,3,10,10,1,55,12,1,1,0,20,2,37,31,37031,4,2004,2HGES165X4H5,2,H,G,E,S,1,6,5,X,4,H,5,0,P,HOND,UCL,4D,4,17,2515,,0,1031,,G,,0,0,000000000,00000000000,0,0,0,1,0,0,0,0,0,0,0,50,0,0,0,12,12,6,2,12,0,0,0,1,12,33470,1,1,0,0,2,0,63,999,0,3,0,1,0,2,2009,2,2010,0,0,0,0,0,1,2,55,1,1,2,1,0,0,1,51,1,1,1,24,1,0
12,121758,1,1,5,11,10,16,15,42,0,1,0,12,2,35,47,35047,4,2008,1N4AL21E98N4,1,N,4,A,L,2,1,E,9,8,N,4,0,P,NISS,ATS,4D,8,17,3028,,0,1093,,G,,0,0,000000000,00000000000,0,0,0,1,0,0,0,0,0,0,0,999,0,1,3,12,12,6,2,42,0,0,0,1,12,33161,0,0,0,0,0,0,999,999,0,0,0,0,0,0,0,0,0,0,51,38,0,0,1,2,30,1,1,2,1,0,0,1,12,7,1,4,6,1,0
12,121759,1,2,5,28,9,7,55,12,2,1,0,12,2,12,401,12401,14,1998,1FMYU22X5WUC,1,F,M,Y,U,2,2,X,5,W,U,C,0,P,FORD,EPR,UT,98,17,3692,,0,1017,,G,,0,0,000000000,00000000000,0,0,0,1,0,0,0,0,0,0,0,999,0,0,0,12,12,6,2,12,0,0,0,1,12,33547,0,0,0,0,0,0,999,999,0,0,0,0,0,0,0,0,0,0,33,0,0,0,1,2,45,1,2,2,1,98,3,1,10,1,4,6,50,1,0
12,121759,2,2,1,28,9,7,55,12,2,1,0,12,1,12,481,12481,31,2008,1FTRW02W08KD,1,F,T,R,W,0,2,W,0,8,K,D,0,T,FORD,F1S,CW,8,17,,2,0,1500,COF,G,,0,0,000000000,00000000000,0,0,0,1,0,0,0,0,0,0,0,999,0,0,0,12,12,6,2,12,0,0,0,1,12,33569,6,1,0,0,3,3,69,999,0,0,0,0,0,0,0,0,0,0,0,0,0,0,1,2,45,1,2,2,1,98,3,1,62,1,1,1,51,0,0
12,121760,1,2,1,11,10,13,30,12,2,1,0,12,1,12,401,12401,14,2000,1FMYU60XXYUA,1,F,M,Y,U,6,0,X,X,Y,U,A,0,P,FORD,EPR,UT,0,17,3670,,0,1017,,G,,0,0,000000000,00000000000,0,0,0,1,0,0,0,0,0,0,0,999,0,1,5,12,12,6,2,1,0,0,0,1,12,33810,6,1,0,0,3,3,65,999,0,0,0,1,0,6,2008,6,2008,0,28,0,0,0,1,2,45,1,1,2,1,28,3,1,10,1,1,2,50,0,1
12,121760,2,2,2,11,10,13,30,12,2,1,0,12,1,14,6,14006,4,2010,2MEBM7FV7AX6,2,M,E,B,M,7,F,V,7,A,X,6,0,P,MERC,MGL,4D,10,17,4131,,0,1146,,F,,0,0,000000000,00000000000,0,0,0,1,0,0,0,0,0,0,0,999,0,0,0,12,12,6,2,12,0,0,0,1,12,33844,6,1,0,0,3,3,64,999,0,0,0,0,0,0,0,0,0,0,0,0,0,0,1,2,45,1,1,2,1,28,3,1,62,1,1,1,51,1,0
12,121761,1,1,1,16,10,3,18,8,0,1,1,12,1,49,32,49032,4,1998,1NXBR18E7WZ0,1,N,X,B,R,1,8,E,7,W,Z,0,0,P,TOYT,UVL,4D,98,17,2414,,0,970,,G,,0,0,000000000,00000000000,0,0,0,1,0,0,0,0,0,0,0,999,0,0,0,14,14,4,1,8,0,0,0,1,12,33189,6,1,0,0,3,3,70,999,0,1,0,0,1,11,2009,12,2009,0,0,0,0,0,2,3,45,1,1,2,1,28,3,1,80,1,1,1,13,0,0
12,121763,1,1,2,20,10,20,52,1,0,1,0,12,1,72,706,72706,80,2002,1HD1DJV162Y6,1,H,D,1,D,J,V,1,6,2,Y,6,0,M,HD,FHC,RS,2,17,,,,,,,1450,0,0,000000000,00000000000,0,0,0,1,0,0,0,0,0,0,0,70,0,0,0,0,0,6,2,1,0,0,0,1,12,33569,6,1,0,0,3,3,73,999,0,1,0,2,1,6,2008,5,2010,0,80,0,0,0,3,3,70,1,1,1,1,28,3,1,1,1,1,1,98,1,0
12,121764,1,1,1,7,9,3,17,8,0,1,0,12,1,12,37,12037,4,2003,1FAFP34353W1,1,F,A,F,P,3,4,3,5,3,W,1,0,P,FORD,FSP,4D,3,17,2564,,0,1030,,G,,0,0,000000000,00000000000,0,0,0,1,0,0,0,0,0,0,0,35,0,0,0,11,11,4,3,8,0,0,0,1,12,33168,6,1,0,0,3,0,63,999,0,1,0,1,0,7,2009,5,2010,0,0,0,0,0,2,3,35,1,1,2,2,0,0,1,80,1,1,1,13,0,0
12,121765,1,1,8,16,10,0,53,42,0,1,0,12,2,49,40,49040,4,2008,4T1BE46K68U2,4,T,1,B,E,4,6,K,6,8,U,2,0,P,TOYT,XSL,4D,8,17,3263,,0,1093,,G,,0,0,000000000,00000000000,0,0,0,1,0,0,0,0,0,0,0,70,0,0,0,12,12,6,2,42,0,0,0,1,12,33157,6,1,0,0,3,0,72,999,0,2,0,2,0,10,2008,5,2010,1,36,0,0,0,1,4,45,1,1,2,1,28,3,10,13,1,1,4,1,1,1
12,121766,1,1,1,16,4,20,57,8,0,1,0,12,3,87,881,87881,66,2007,1XP5DB9X07N6,1,X,P,5,D,B,9,X,0,7,N,6,1,T,PTRB,379,DS,7,17,,8,0,0,CON,D,,1,12,7n674294,127n674294,3,6,1,1,0,0,0,0,0,0,0,38,0,0,0,12,12,4,1,8,0,0,0,1,12,33825,6,1,6,3,3,3,71,999,0,0,0,0,1,3,2008,3,2008,0,0,0,0,0,1,4,40,1,1,2,1,0,0,1,80,1,1,1,13,0,0
12,121767,1,2,1,4,1,16,33,12,6,1,0,9,1,7,472,7472,30,2000,1B7GG26XXYS5,1,B,7,G,G,2,6,X,X,Y,S,5,0,T,DODG,DAK,PK,0,17,,1,0,1119,DAK,G,,0,0,000000000,00000000000,0,0,0,1,0,0,0,0,0,0,0,15,0,0,0,9,9,4,1,12,0,0,0,1,9,6039,6,1,0,0,3,0,70,999,98,0,0,0,0,0,0,0,0,0,38,0,0,0,1,4,25,1,1,2,1,28,3,1,17,1,1,1,89,1,0
12,121767,2,2,1,4,1,16,33,12,6,1,0,12,2,49,44,49044,2,1999,2T1CF28P8XC2,2,T,1,C,F,2,8,P,8,X,C,2,0,P,TOYT,CEE,CP,99,17,3230,,0,1051,,G,,0,0,000000000,00000000000,0,0,0,1,0,0,0,0,0,0,0,30,0,0,0,12,12,4,1,12,0,0,0,1,12,34488,6,1,0,0,3,0,70,999,0,0,0,0,0,0,0,0,0,0,0,0,0,0,1,4,45,1,1,2,1,28,3,1,55,1,1,1,88,0,0
12,121769,1,5,1,26,9,10,18,12,6,1,0,12,2,37,32,37032,4,2007,1HGCM568X7A1,1,H,G,C,M,5,6,8,X,7,A,1,0,P,HOND,UEX,4D,7,17,3228,,0,1079,,G,,0,0,000000000,00000000000,0,0,0,1,0,0,0,0,0,0,0,40,0,0,0,12,12,6,2,12,0,0,0,1,12,33609,6,1,0,0,3,3,65,999,0,0,0,0,0,0,0,0,0,0,39,0,0,0,1,4,40,1,1,2,1,3,3,1,17,1,1,1,88,0,0
12,121769,2,5,2,26,9,10,18,12,6,1,0,12,1,63,34,63034,4,2010,KNAGG4A85A54,K,N,A,G,G,4,A,8,5,A,5,4,0,P,KIA,OLX,4D,10,17,3157,,0,1071,,G,,0,0,000000000,00000000000,0,0,0,1,0,0,0,0,0,0,0,25,0,0,0,11,11,6,2,12,0,0,0,1,12,33607,6,1,0,0,3,3,65,999,0,0,0,0,0,0,0,0,0,0,0,0,0,0,1,4,25,1,1,2,1,3,3,1,66,1,1,1,89,1,0
12,121769,3,5,2,26,9,10,18,12,6,1,0,12,1,12,422,12422,15,2002,1FMRU15W42LA,1,F,M,R,U,1,5,W,4,2,L,A,0,P,FORD,EPT,UT,2,17,4891,,0,1191,,G,,0,0,000000000,00000000000,0,0,0,1,0,0,0,0,0,0,0,0,0,0,0,11,11,6,2,12,0,0,0,1,12,33584,6,1,0,0,3,0,64,999,0,0,0,0,0,0,0,0,0,0,0,0,0,0,1,4,40,1,1,2,1,3,3,5,62,1,1,1,98,0,0
12,121769,4,5,4,26,9,10,18,12,6,1,0,12,1,37,441,37441,20,2005,5FNRL38725B1,5,F,N,R,L,3,8,7,2,5,B,1,0,P,HOND,UDY,SV,5,17,4537,,0,1181,,G,,0,0,000000000,00000000000,0,0,0,1,0,0,0,0,0,0,0,0,0,0,0,11,11,6,2,12,0,0,0,1,12,33596,6,1,0,0,3,0,69,999,0,0,0,0,0,0,0,0,0,0,0,0,0,0,1,4,40,1,1,2,1,3,3,5,61,1,1,1,98,0,0
12,121769,5,5,2,26,9,10,18,12,6,1,0,12,1,35,43,35043,2,1993,1N4EB32HXPC7,1,N,4,E,B,3,2,H,X,P,C,7,0,P,NISS,UES,2D,93,17,2246,,0,956,,G,,0,0,000000000,00000000000,0,0,0,1,0,0,0,0,0,0,0,0,0,0,0,11,11,6,2,12,0,0,0,1,12,33609,6,1,0,0,3,0,71,999,0,4,0,0,0,1,2008,4,2009,0,0,0,0,0,1,4,40,1,1,2,1,3,3,5,62,1,1,1,98,0,0
12,121770,1,2,3,9,10,7,15,12,1,1,0,12,1,20,16,20016,2,1992,1G1JC1449N72,1,G,1,J,C,1,4,4,9,N,7,2,0,P,CHEV,CRV,CP,92,17,2509,,0,1013,,G,,0,0,000000000,00000000000,0,0,0,1,0,0,0,0,0,0,0,55,0,0,0,12,12,6,2,12,0,0,0,1,12,33319,6,1,0,0,3,0,63,999,0,0,0,1,0,8,2008,8,2008,1,36,0,0,0,1,4,35,1,1,2,1,0,0,1,51,1,1,1,24,1,1
12,121770,2,2,14,9,10,7,15,12,1,1,0,12,3,12,461,12461,21,2005,1FBSS31L25HB,1,F,B,S,S,3,1,L,2,5,H,B,0,T,FORD,WSD,BU,5,17,,2,0,1380,ECO,G,,0,0,000000000,00000000000,0,0,0,1,0,0,0,0,0,0,0,20,0,0,0,6,6,4,3,12,0,0,0,1,12,33024,6,1,0,0,3,0,70,999,0,0,0,0,0,0,0,0,0,0,0,0,0,0,1,4,35,1,1,2,1,0,0,1,53,1,1,1,25,0,0
12,121771,1,4,2,13,10,13,4,12,1,1,0,12,2,7,442,7442,20,1994,1B4GH44RXRX1,1,B,4,G,H,4,4,R,X,R,X,1,0,P,DODG,CAR,SV,94,17,3580,,0,1193,,G,,0,0,000000000,00000000000,0,0,0,1,0,0,0,0,0,0,0,45,0,0,0,12,12,6,2,12,0,0,0,1,12,34655,6,1,6,0,3,0,67,999,0,0,0,0,0,0,0,0,0,0,36,0,0,0,2,3,45,1,1,2,1,28,3,1,50,1,1,1,20,1,0
12,121771,2,4,1,13,10,13,4,12,1,1,0,12,1,49,403,49403,14,2004,JTEDP21A0400,J,T,E,D,P,2,1,A,0,4,0,0,0,P,TOYT,HIG,UT,4,17,3650,,0,1069,,G,,0,0,000000000,00000000000,0,0,0,1,0,0,0,0,0,0,0,0,0,0,0,6,12,6,2,12,0,0,0,1,12,34691,6,1,0,0,3,0,70,999,0,0,0,0,1,8,2008,8,2008,0,0,0,0,0,2,3,45,1,1,2,1,28,3,5,53,1,1,1,22,0,0
12,121771,3,4,1,13,10,13,4,12,1,1,0,12,1,37,32,37032,4,1999,1HGCG5640XA1,1,H,G,C,G,5,6,4,0,X,A,1,0,P,HOND,ULX,4D,99,17,3053,,0,1069,,G,,0,0,000000000,00000000000,0,0,0,1,0,0,0,0,0,0,0,0,0,0,0,6,12,6,2,12,0,0,0,1,12,34691,6,1,0,0,3,3,71,999,0,0,0,0,0,0,0,0,0,0,0,0,0,0,2,3,45,1,1,2,1,28,3,5,53,1,1,1,98,0,0
12,121771,4,4,1,13,10,13,4,12,1,1,0,12,1,37,32,37032,4,2003,1HGCM56673A1,1,H,G,C,M,5,6,6,7,3,A,1,0,P,HOND,UEX,4D,3,17,3109,,0,1079,,G,,0,0,000000000,00000000000,0,0,0,1,0,0,0,0,0,0,0,0,0,0,0,6,6,4,1,12,0,0,0,1,12,34691,6,1,0,0,3,3,64,999,1,0,0,1,0,2,2009,8,2009,0,0,0,0,0,2,3,45,1,1,2,1,28,3,5,53,1,1,1,98,0,0
12,121772,1,1,2,15,10,14,33,1,0,1,0,12,2,73,706,73706,80,2004,JKBVNAL164A0,J,K,B,V,N,A,L,1,6,4,A,0,0,M,KAWK,V5L,RS,4,17,,,,,,,1500,0,0,000000000,00000000000,0,0,0,1,0,0,0,0,0,0,0,50,0,0,0,0,0,6,2,1,0,0,0,1,12,32129,6,1,6,0,3,0,73,999,0,0,0,0,0,0,0,0,0,0,36,0,0,0,1,2,45,1,2,2,1,28,3,1,98,4,2,1,98,1,0
12,121773,1,1,2,18,10,5,44,8,0,1,0,12,2,59,35,59035,4,2010,JTHBF5C29A20,J,T,H,B,F,5,C,2,9,A,2,0,0,P,LEXS,I25,4D,10,17,3455,,0,1075,,G,,0,0,000000000,00000000000,0,0,0,1,0,0,0,0,0,0,0,35,0,0,0,12,12,4,1,8,0,0,0,1,12,33032,6,1,0,0,3,0,67,999,0,1,0,0,1,1,2010,9,2010,0,0,0,0,0,2,2,45,1,1,2,1,0,0,1,80,1,1,1,13,0,0
12,121774,1,1,2,19,10,16,10,42,0,1,0,12,2,22,20,22020,4,2000,1G2WR5213YF1,1,G,2,W,R,5,2,1,3,Y,F,1,0,P,PONT,GTP,4D,0,17,3523,,0,1105,,G,,0,0,000000000,00000000000,0,0,0,1,0,0,0,0,0,0,0,60,0,1,5,1,1,6,2,42,0,0,0,1,12,32046,6,1,0,0,3,0,73,999,0,2,1,0,0,9,2008,10,2009,0,36,0,0,0,1,2,60,1,1,2,1,28,3,1,13,1,1,4,1,1,0
12,121776,1,2,1,23,10,12,45,12,6,1,0,12,1,19,3,19003,4,2000,1G6KD54Y5YU2,1,G,6,K,D,5,4,Y,5,Y,U,2,0,P,CADI,DFW,4D,0,17,4012,,0,1138,,G,,0,0,000000000,00000000000,0,0,0,1,0,0,0,0,0,0,0,20,0,0,0,3,3,4,3,12,0,0,0,1,12,34479,1,1,0,0,2,0,69,999,0,3,0,0,1,6,2008,8,2009,0,38,0,0,0,1,2,55,2,2,2,1,28,3,11,15,1,1,1,68,0,1
12,121776,2,2,1,23,10,12,45,12,6,1,0,12,2,37,705,37705,80,2007,JH2PC21417M8,J,H,2,P,C,2,1,4,1,7,M,8,0,M,HOND,VCD,RS,7,17,,,,,,,583,0,0,000000000,00000000000,0,0,0,1,0,0,0,0,0,0,0,55,0,0,0,12,12,6,2,12,0,0,0,1,12,32640,6,1,0,0,3,3,70,999,0,0,0,0,0,0,0,0,0,0,0,0,0,0,1,2,55,2,2,2,1,28,3,14,66,1,1,1,69,1,0
12,121777,1,1,1,24,10,2,52,33,0,1,0,12,2,41,35,41035,4,2002,JM1BJ2252204,J,M,1,B,J,2,2,5,2,2,0,4,0,P,MAZD,PDS,4D,2,17,2493,,0,1028,,G,,0,0,000000000,00000000000,0,0,0,1,0,0,0,0,0,0,0,30,0,0,0,12,12,6,2,43,0,0,0,1,12,32828,6,1,0,0,3,0,70,999,0,1,0,0,0,3,2010,3,2010,1,0,0,0,0,2,2,30,2,1,2,1,28,3,14,13,1,1,4,1,1,1
12,121778,1,3,1,24,10,14,0,12,1,1,0,12,1,72,706,72706,80,2001,1HD1BXB141Y0,1,H,D,1,B,X,B,1,4,1,Y,0,0,M,HD,ISF,RS,1,17,,,,,,,1450,0,0,000000000,00000000000,0,0,0,1,0,0,0,0,0,0,0,45,0,0,0,12,12,6,2,12,0,0,0,1,12,34104,6,1,0,0,3,3,70,999,0,0,0,0,0,0,0,0,0,0,36,0,0,0,3,2,45,1,1,2,1,0,0,1,51,1,1,1,24,1,1
12,121778,2,3,2,24,10,14,0,12,1,1,0,12,2,49,482,49482,31,2002,5TBRT34192S3,5,T,B,R,T,3,4,1,9,2,S,3,0,T,TOYT,TRS,4C,2,17,,2,0,1283,TUN,G,,0,0,000000000,00000000000,0,0,0,1,0,0,0,0,0,0,0,30,0,0,0,6,6,4,3,12,0,0,0,1,12,34117,6,1,0,0,3,0,64,999,0,0,0,0,0,0,0,0,0,0,0,0,0,0,3,2,45,1,1,2,1,0,0,1,53,1,1,1,25,0,0
12,121778,3,3,1,24,10,14,0,12,1,1,0,12,1,72,706,72706,80,2010,1HD1KB41XAB6,1,H,D,1,K,B,4,1,X,A,B,6,0,M,HD,FHX,RS,10,17,,,,,,,1584,0,0,000000000,00000000000,0,0,0,1,0,0,0,0,0,0,0,45,0,0,0,4,4,4,3,1,0,0,0,1,12,34116,6,1,0,0,3,0,72,999,0,0,0,0,0,0,0,0,0,0,0,0,0,0,3,2,45,1,1,2,1,0,0,1,61,1,1,1,98,0,0
12,121779,1,1,2,24,10,1,38,42,0,1,0,12,2,23,471,23471,30,2001,1GTCS19WX181,1,G,T,C,S,1,9,W,X,1,8,1,0,T,GMC,SON,PC,1,17,2493,1,0,1229,SON,G,,0,0,000000000,00000000000,0,0,0,1,0,0,0,0,0,0,0,60,0,1,5,12,12,6,2,42,0,0,0,1,12,32179,6,1,6,0,3,0,67,999,0,2,0,1,0,3,2008,1,2009,1,36,0,0,0,1,2,45,2,1,2,1,28,3,14,13,1,1,4,1,1,0
12,121780,1,1,1,25,10,20,17,8,0,1,1,12,1,12,3,12003,2,1997,1FALP4048VF2,1,F,A,L,P,4,0,4,8,V,F,2,0,P,FORD,MUS,CP,97,17,3084,,0,1013,,G,,0,0,000000000,00000000000,0,0,0,1,0,0,0,0,0,0,0,45,0,0,0,11,11,4,3,8,0,0,0,1,12,32563,1,1,0,0,2,3,68,999,0,1,0,0,1,7,2010,8,2010,0,36,0,0,0,2,2,55,1,1,2,1,28,3,15,80,1,1,2,13,0,1
12,121781,1,5,2,26,10,16,58,12,1,1,0,12,1,73,709,73709,80,2008,JKAZX4P1X8A0,J,K,A,Z,X,4,P,1,X,8,A,0,0,M,KAWK,ZXP,RS,8,17,,,,,,,599,0,0,000000000,00000000000,0,0,0,1,0,0,0,0,0,0,0,45,0,0,0,12,12,6,2,12,0,0,0,1,12,34652,6,1,0,0,3,0,70,999,2,2,0,0,1,4,2008,2,2009,0,36,0,0,0,2,3,45,1,1,2,1,28,3,1,50,1,1,1,20,2,0
12,121781,2,5,1,26,10,16,58,12,1,1,0,12,1,37,31,37031,4,1999,2HGEJ8644XH5,2,H,G,E,J,8,6,4,4,X,H,5,0,P,HOND,UAX,4D,99,17,2562,,0,1032,,G,,0,0,000000000,00000000000,0,0,0,1,0,0,0,0,0,0,0,0,0,0,0,6,6,6,2,12,0,0,0,1,12,34668,6,1,0,0,3,3,64,999,0,0,0,0,0,0,0,0,0,0,0,0,0,0,2,3,45,1,1,2,1,28,3,2,53,1,1,1,21,0,0
12,121781,3,5,3,26,10,16,58,12,1,1,0,12,1,7,402,7402,14,2003,1D4HR38N33F5,1,D,4,H,R,3,8,N,3,3,F,5,0,P,DODG,DUR,UT,3,17,4256,,0,1160,,G,,0,0,000000000,00000000000,0,0,0,1,0,0,0,0,0,0,0,45,0,0,0,12,12,4,3,12,0,0,0,1,12,34655,6,1,0,0,3,3,66,999,0,0,0,0,0,0,0,0,0,0,36,0,0,0,2,3,45,1,1,2,1,28,3,1,50,1,1,1,98,0,0
12,121781,4,5,1,26,10,16,58,12,1,1,0,12,1,12,471,12471,30,1995,1FTCR10A8SPA,1,F,T,C,R,1,0,A,8,S,P,A,0,T,FORD,RNG,PK,95,17,,1,1140,1080,RNG,G,,0,0,000000000,00000000000,0,0,0,1,0,0,0,0,0,0,0,0,0,0,0,6,6,6,2,12,0,0,0,1,12,34655,6,1,0,0,3,0,68,999,0,0,0,0,0,0,0,0,0,0,0,0,0,0,2,3,45,1,1,2,1,28,3,5,53,1,1,1,98,0,0
12,121781,5,5,1,26,10,16,58,12,1,1,0,12,1,19,3,19003,4,2000,1G6KF5792YU2,1,G,6,K,F,5,7,9,2,Y,U,2,0,P,CADI,D/T,4D,0,17,4063,,0,1138,,G,,0,0,000000000,00000000000,0,0,0,1,0,0,0,0,0,0,0,0,0,0,0,6,6,4,1,12,0,0,0,1,12,34689,6,1,0,0,3,3,71,999,0,0,0,0,0,0,0,0,0,0,0,0,0,0,2,3,45,1,1,2,1,28,3,5,53,1,1,1,98,0,0
12,121782,1,1,1,27,10,0,30,35,0,1,0,12,1,52,37,52037,3,2006,4A3AK34T86E0,4,A,3,A,K,3,4,T,8,6,E,0,0,P,MITS,ECG,2H,6,17,3472,,0,1014,,G,,0,0,000000000,00000000000,0,0,0,1,0,0,0,0,0,0,0,60,0,1,5,14,12,6,2,1,0,0,0,1,12,33706,6,1,0,0,3,0,71,999,0,0,0,1,0,3,2008,3,2008,0,36,0,0,0,1,2,60,3,2,2,1,0,0,14,13,1,1,4,1,1,0
12,121783,1,1,1,4,10,23,6,24,0,1,0,12,1,12,401,12401,14,1998,1FMZU32P1WUC,1,F,M,Z,U,3,2,P,1,W,U,C,0,P,FORD,EPR,UT,98,17,3911,,0,1115,,G,,0,0,000000000,00000000000,0,0,0,1,0,0,0,0,0,0,0,80,0,0,0,11,11,6,2,24,0,0,0,1,12,34243,6,1,0,0,3,0,70,999,0,0,0,1,1,5,2009,11,2009,1,0,0,0,0,3,3,65,3,2,1,1,28,3,14,12,7,1,4,1,1,0