STATE,ST_CASE,VEH_NO,VE_FORMS,NUMOCCS,DAY,MONTH,HOUR,MINUTE,HARM_EV,MAN_COLL,UNITTYPE,HIT_RUN,REG_STAT,OWNER,MAKE,MODEL,MAK_MOD,BODY_TYP,MOD_YEAR,VIN,VIN_1,VIN_2,VIN_3,VIN_4,VIN_5,VIN_6,VIN_7,VIN_8,VIN_9,VIN_10,VIN_11,VIN_12,TOW_VEH,VINTYPE,VINMAKE,VINA_MOD,VIN_BT,VINMODYR,VIN_LNGT,VIN_WGT,WGTCD_TR,WHLBS_LG,WHLBS_SH,SER_TR,FUELCODE,MCYCL_DS,J_KNIFE,MCARR_I1,MCARR_I2,MCARR_ID,GVWR,V_CONFIG,CARGO_BT,HAZ_INV,HAZ_PLAC,HAZ_ID,HAZ_CNO,HAZ_REL,BUS_USE,SPEC_USE,EMER_USE,TRAV_SP,UNDERIDE,ROLLOVER,ROLINLOC,IMPACT1,IMPACT2,DEFORMED,TOWED,M_HARM,VEH_SC1,VEH_SC2,FIRE_EXP,DR_PRES,L_STATE,DR_ZIP,L_STATUS,L_TYPE,CDL_STAT,L_ENDORS,L_COMPL,L_RESTRI,DR_HGT,DR_WGT,PREV_ACC,PREV_SUS,PREV_DWI,PREV_SPD,PREV_OTH,FIRST_MO,FIRST_YR,LAST_MO,LAST_YR,SPEEDREL,DR_SF1,DR_SF2,DR_SF3,DR_SF4,VTRAFWAY,VNUM_LAN,VSPD_LIM,VALIGN,VPROFILE,VPAVETYP,VSURCOND,VTRAFCON,VTCONT_F,P_CRASH1,P_CRASH2,P_CRASH3,PCRASH4,PCRASH5,ACC_TYPE,DEATHS,DR_DRINK
12,121785,1,1,1,4,10,7,30,1,0,1,0,12,1,72,709,72709,80,2005,999999999999,9,9,9,9,9,9,9,9,9,9,9,9,0,U,,,,9,17,,,,,,,,0,0,000000000,00000000000,0,0,0,1,0,0,0,0,0,0,0,40,0,0,0,0,0,4,3,1,0,0,0,1,12,33411,6,1,6,0,3,3,999,999,0,0,0,0,0,0,0,0,0,0,0,0,0,0,2,2,35,1,1,2,1,0,0,1,13,1,1,4,1,1,0
12,121786,1,2,1,8,10,16,30,12,6,1,0,12,1,53,706,53706,80,2001,JS1GT74A0121,J,S,1,G,T,7,4,A,0,1,2,1,0,M,SUZI,XR1,RS,1,17,,,,,,,988,0,0,000000000,00000000000,0,0,0,1,0,0,0,0,0,0,0,998,0,0,0,12,12,6,2,12,0,0,0,1,12,32738,6,1,0,0,3,0,70,999,0,1,0,0,0,3,2008,3,2008,1,35,36,0,0,1,2,30,1,1,2,1,0,0,6,10,1,1,2,73,1,0
12,121786,2,2,1,8,10,16,30,12,6,1,0,12,1,35,43,35043,4,2007,3N1AB61EX7L6,3,N,1,A,B,6,1,E,X,7,L,6,0,P,NISS,SL2,4D,7,17,2853,,0,1057,,G,,0,0,000000000,00000000000,0,0,0,1,0,0,0,0,0,0,0,10,0,0,0,9,9,6,2,12,0,0,0,1,12,32738,6,1,0,0,3,0,73,999,0,0,0,0,0,0,0,0,0,0,0,0,0,0,1,2,30,1,1,2,1,0,0,11,60,1,1,1,72,0,0
12,121787,1,1,1,25,10,20,34,8,0,1,0,12,1,13,401,13401,14,2005,5LMEU68H65ZJ,5,L,M,E,U,6,8,H,6,5,Z,J,0,P,LINC,AVI,UT,5,17,4818,,0,1137,,G,,0,0,000000000,00000000000,0,0,0,1,0,0,0,0,0,0,0,45,0,0,0,12,12,4,1,8,0,0,0,1,12,32818,6,1,0,0,3,3,64,999,0,0,0,0,0,0,0,0,0,0,0,0,0,0,2,2,45,1,1,2,1,28,3,1,80,1,1,1,13,0,0
12,121788,1,2,1,28,10,10,48,12,6,1,0,12,1,12,471,12471,30,1999,1FTZR15V2XTA,1,F,T,Z,R,1,5,V,2,X,T,A,0,T,FORD,RNS,PS,99,17,,1,0,1259,RNG,F,,0,0,000000000,00000000000,0,0,0,1,0,0,0,0,0,0,0,45,0,0,0,12,12,6,2,12,0,0,0,1,12,33558,6,1,0,0,3,3,70,999,0,0,0,0,0,0,0,0,0,0,0,0,0,0,2,4,50,1,1,2,1,28,3,1,10,1,3,4,66,1,0
12,121788,2,2,2,28,10,10,48,12,6,1,0,12,3,38,882,38882,61,2005,JALB4B168570,J,A,L,B,4,B,1,6,8,5,7,0,0,T,ISU,NPR,TB,5,17,,3,0,0,NPR,D,,0,77,777777777,77777777777,2,1,1,1,0,0,0,0,0,0,0,50,0,0,0,9,9,4,1,12,0,0,0,1,12,33545,6,1,0,0,3,0,72,999,0,0,0,0,0,0,0,0,0,0,0,0,0,0,2,4,50,1,1,2,1,28,3,1,62,1,1,1,66,0,0
12,121789,1,2,2,8,10,9,14,12,6,1,0,28,3,49,40,49040,4,2011,4T1BF3EK2BU1,4,T,1,B,F,3,E,K,2,B,U,1,0,P,TOYT,CBA,4D,11,17,3263,,0,1093,,G,,0,0,000000000,00000000000,0,0,0,1,0,0,0,0,0,0,0,999,0,0,0,3,3,6,2,12,0,0,0,1,28,39553,6,1,0,0,3,0,66,999,0,0,0,0,0,0,0,0,0,0,38,0,0,0,2,3,45,1,1,2,1,0,0,11,15,1,1,1,68,1,1
12,121789,2,2,1,8,10,9,14,12,6,1,0,12,2,2,404,2404,14,1995,1J4GZ58S9SC5,1,J,4,G,Z,5,8,S,9,S,C,5,0,T,JEEP,LRO,4W,95,17,,1,0,1059,GCK,G,,0,0,000000000,00000000000,0,0,0,1,0,0,0,0,0,0,0,999,0,0,0,12,12,6,2,12,0,0,0,1,12,32223,6,1,0,0,3,0,68,999,0,0,0,0,0,0,0,0,0,0,0,0,0,0,2,3,45,1,1,2,1,0,0,1,66,1,1,1,69,0,0
12,121790,1,1,1,17,8,0,38,25,0,1,0,12,1,49,472,49472,30,1998,4TANL42N0WZ0,4,T,A,N,L,4,2,N,0,W,Z,0,0,T,TOYT,REG,PK,98,17,,1,0,1033,TAC,G,,0,0,000000000,00000000000,0,0,0,1,0,0,0,0,0,0,0,94,0,1,1,1,1,6,2,25,0,0,0,1,12,33166,1,1,0,0,2,0,66,999,0,0,0,0,0,0,0,0,0,0,36,0,0,0,3,2,45,1,1,1,2,28,3,1,11,6,4,4,2,1,1
12,121791,1,2,2,3,9,13,0,12,6,1,0,12,1,20,16,20016,4,1994,1G1JC5447R71,1,G,1,J,C,5,4,4,7,R,7,1,0,P,CHEV,CRV,4D,94,17,2509,,0,1013,,G,,0,0,000000000,00000000000,0,0,0,1,0,0,0,0,0,0,0,5,0,0,0,9,9,6,2,12,0,0,0,1,12,32796,6,1,0,0,3,3,65,999,0,1,0,0,0,11,2009,11,2009,0,38,0,0,0,2,2,25,1,1,2,1,20,3,1,17,1,1,1,89,1,0
12,121791,2,2,1,3,9,13,0,12,6,1,0,12,2,49,402,49402,14,2010,2T3ZF4DV7AW0,2,T,3,Z,F,4,D,V,7,A,W,0,0,P,TOYT,RG4,UT,10,17,3300,,0,1047,,G,,0,0,000000000,00000000000,0,0,0,1,0,0,0,0,0,0,0,45,0,0,0,12,12,4,3,12,0,0,0,1,12,32796,6,1,0,0,3,3,58,999,0,0,0,0,1,4,2008,4,2008,0,0,0,0,0,2,2,25,1,1,2,1,0,0,1,66,1,1,1,88,0,0
12,121792,1,2,1,10,9,20,49,12,1,1,1,10,2,12,18,12018,3,1997,1ZVLT20A3V51,1,Z,V,L,T,2,0,A,3,V,5,1,0,P,FORD,PRO,2H,97,17,2690,,0,1028,,G,,0,0,000000000,00000000000,0,0,0,1,0,0,0,0,0,0,0,57,0,0,0,12,12,4,1,12,0,0,0,1,10,19952,2,2,2,2,2,0,75,999,0,3,1,1,0,2,2008,1,2010,0,36,0,0,0,2,2,35,1,1,3,1,3,3,1,51,1,1,1,24,0,0
12,121792,2,2,1,10,9,20,49,12,1,1,0,12,1,53,705,53705,80,2000,JS1GN78A5Y21,J,S,1,G,N,7,8,A,5,Y,2,1,0,M,SUZI,G60,RS,0,17,,,,,,,600,0,0,000000000,00000000000,0,0,0,1,0,0,0,0,0,0,0,30,0,0,0,6,6,6,2,12,0,0,0,1,12,32174,6,1,0,0,3,0,62,999,0,0,0,0,1,12,2008,12,2008,0,0,0,0,0,2,2,35,1,1,3,1,3,3,1,53,1,1,1,25,1,0
12,121793,1,1,1,18,9,14,20,43,0,1,0,12,1,20,403,20403,14,2004,1GNDS13S9424,1,G,N,D,S,1,3,S,9,4,2,4,0,P,CHEV,TRL,UT,4,17,4425,,0,1130,,G,,0,0,000000000,00000000000,0,0,0,1,0,0,0,0,0,0,0,999,0,0,0,11,11,6,2,3,0,0,0,1,12,33839,6,1,6,0,3,3,69,999,0,0,0,0,0,0,0,0,0,0,27,0,0,0,1,2,35,1,1,2,1,28,3,1,12,1,1,4,6,1,0
12,121794,1,1,1,2,11,21,4,33,0,1,0,12,2,55,33,55033,4,2009,5NPET46C09H4,5,N,P,E,T,4,6,C,0,9,H,4,0,P,HYUN,SGL,4D,9,17,3292,,0,1074,,G,,0,0,000000000,00000000000,0,0,0,1,0,0,0,0,0,0,0,30,0,0,0,12,12,6,2,3,0,0,0,1,12,34114,6,1,0,0,3,0,66,999,0,0,0,1,0,9,2009,9,2009,0,39,36,0,0,2,2,30,1,1,2,1,20,3,1,14,1,1,4,14,1,0
12,121795,1,2,1,2,10,1,12,12,1,1,0,12,2,73,709,73709,80,2006,JKAVN2D156A0,J,K,A,V,N,2,D,1,5,6,A,0,0,M,KAWK,VD9,RS,6,17,,,,,,,903,0,0,000000000,00000000000,0,0,0,1,0,0,0,0,0,0,0,50,0,0,0,12,12,6,2,12,0,0,0,1,12,34743,6,1,0,0,3,0,74,999,0,0,0,0,0,0,0,0,0,0,0,0,0,0,3,3,45,1,1,2,1,0,0,1,51,1,1,1,24,1,1
12,121795,2,2,6,2,10,1,12,12,1,1,0,12,4,7,442,7442,20,2010,2D4RN5D13AR4,2,D,4,R,N,5,D,1,3,A,R,4,0,P,DODG,CAR,SV,10,17,4483,,0,1212,,G,,0,0,000000000,00000000000,0,0,0,1,0,0,0,0,0,0,0,35,0,0,0,6,6,6,2,12,0,0,0,1,97,99999,0,0,0,0,0,0,999,999,99,99,99,99,99,99,9999,99,9999,0,0,0,0,0,3,3,45,1,1,2,1,0,0,1,53,1,1,1,25,0,0
12,121796,1,2,1,7,10,2,54,12,6,1,0,12,3,84,881,84881,62,2007,1HTMMAAM97H3,1,H,T,M,M,A,A,M,9,7,H,3,0,T,INTL,430,CC,7,17,,6,0,0,40S,D,,0,77,777777777,77777777777,2,1,96,1,0,0,0,0,0,0,0,10,0,0,0,4,4,6,2,12,0,0,0,1,12,34743,6,1,0,0,3,0,70,999,0,1,0,0,0,6,2010,6,2010,0,0,0,0,0,2,3,45,1,2,2,1,0,0,12,11,1,1,1,98,0,0
12,121796,2,2,1,7,10,2,54,12,6,1,0,12,2,6,52,6052,6,2008,3A8FY48B58T1,3,A,8,F,Y,4,8,B,5,8,T,1,0,P,CHRY,PTC,SV,8,17,3076,,0,1030,,G,,0,0,000000000,00000000000,0,0,0,1,0,0,0,0,0,0,0,45,0,0,0,12,12,6,2,12,0,0,0,1,12,32174,6,1,0,0,3,0,72,999,0,0,0,0,0,0,0,0,0,0,0,0,0,0,2,3,45,1,2,2,1,0,0,1,62,1,1,1,98,1,1
12,121797,1,1,1,10,9,6,0,9,0,1,0,12,1,12,481,12481,31,1993,1FTJX35M7PKA,1,F,T,J,X,3,5,M,7,P,K,A,0,T,FORD,F35,PS,93,17,,2,0,1550,COF,D,,0,0,000000000,00000000000,0,0,0,1,0,0,0,0,0,0,0,55,0,0,0,2,2,4,1,9,0,0,0,1,12,32218,6,1,0,0,3,0,71,999,1,3,0,3,0,3,2008,1,2010,0,92,0,0,0,1,4,55,1,2,1,1,0,0,1,83,1,1,1,13,0,0
12,121798,1,1,2,10,10,1,53,59,0,1,0,12,1,23,421,23421,15,2000,1GKCS13W6Y21,1,G,K,C,S,1,3,W,6,Y,2,1,0,T,GMC,JMY,4W,0,17,,1,0,1070,JMY,G,,0,0,000000000,00000000000,0,0,0,1,0,0,0,0,0,0,0,998,0,1,5,12,12,6,2,1,0,0,0,1,12,34715,6,1,0,0,3,0,72,999,0,0,0,0,0,0,0,0,0,0,0,0,0,0,1,2,30,1,1,2,1,28,3,1,13,1,1,4,1,1,1
12,121799,1,1,1,27,8,16,19,8,0,1,0,12,1,20,482,20482,31,2005,3GNEC12Z55G2,3,G,N,E,C,1,2,Z,5,5,G,2,0,P,CHEV,AVL,UT,5,17,5437,,0,1300,,F,,0,0,000000000,00000000000,0,0,0,1,0,0,0,0,0,0,0,40,0,0,0,62,62,4,1,8,0,0,0,1,12,34209,6,1,0,0,3,3,66,999,0,0,0,0,0,0,0,0,0,0,0,0,0,0,2,2,40,1,1,2,1,28,3,1,80,6,1,1,13,0,0
12,121800,1,1,1,12,10,19,49,8,0,1,1,99,9,99,999,99999,99,9999,999999999999,9,9,9,9,9,9,9,9,9,9,9,9,0,U,,,,9,17,,,,,,,,0,0,000000000,00000000000,0,0,0,1,0,0,0,0,0,0,0,998,0,0,0,12,12,9,1,8,0,0,0,1,99,99999,9,9,99,9,9,9,999,999,99,99,99,99,99,99,9999,99,9999,0,0,0,0,0,5,2,99,1,1,2,2,0,0,1,80,99,1,1,13,0,0
12,121801,1,1,1,15,10,16,48,9,0,1,0,12,3,84,981,84981,50,1998,1HVBBAAN9WH6,1,H,V,B,B,A,A,N,9,W,H,6,0,T,INTL,380,BU,98,17,,7,2760,1520,30S,D,,0,77,777777777,77777777777,3,21,22,1,0,0,0,0,1,0,0,10,0,0,0,99,99,4,3,9,0,0,0,1,12,32210,6,1,6,3,3,3,67,999,0,0,0,0,0,0,0,0,0,0,99,99,99,99,1,4,30,1,1,2,1,0,0,1,83,1,1,1,13,0,0
12,121802,1,1,1,16,10,3,36,8,0,1,1,99,9,99,999,99999,99,9999,999999999999,9,9,9,9,9,9,9,9,9,9,9,9,9,U,,,,9,17,,,,,,,,0,99,999999999,99999999999,9,99,99,1,0,0,0,0,99,99,9,999,0,0,0,99,99,9,1,8,0,0,0,1,99,99999,9,9,99,9,9,9,999,999,99,99,99,99,99,99,9999,99,9999,0,0,0,0,0,2,2,45,3,1,1,1,28,3,14,82,1,1,9,13,0,0
12,121803,1,2,2,17,10,11,14,12,6,1,0,12,1,14,37,14037,4,1998,1MEFM66L4WK6,1,M,E,F,M,6,6,L,4,W,K,6,0,P,MERC,MLE,4D,98,17,0,,0,1065,,G,,0,0,000000000,00000000000,0,0,0,1,0,0,0,0,0,0,0,15,0,0,0,11,11,6,2,12,0,0,0,1,12,33020,6,1,0,0,3,3,66,999,0,0,0,0,0,0,0,0,0,0,38,0,0,0,1,2,40,1,1,2,1,20,3,11,15,1,1,1,68,1,0
12,121803,2,2,4,17,10,11,14,12,6,1,0,12,1,35,401,35401,14,1999,JN8AR07Y9XW3,J,N,8,A,R,0,7,Y,9,X,W,3,0,P,NISS,PFI,UT,99,17,0,,0,1063,,G,,0,0,000000000,00000000000,0,0,0,1,0,0,0,0,0,0,0,40,0,0,0,12,12,6,2,12,0,0,0,1,12,33025,6,1,0,0,3,0,66,999,0,0,0,0,0,0,0,0,0,0,0,0,0,0,2,2,40,1,1,2,1,20,3,1,65,1,1,1,69,0,0
12,121804,1,3,1,22,10,20,17,12,2,1,0,12,2,20,39,20039,4,2010,KL1TD5DE4AB0,K,L,1,T,D,5,D,E,4,A,B,0,0,P,CHEV,LTS,4D,10,17,2568,,0,976,,G,,0,0,000000000,00000000000,0,0,0,1,0,0,0,0,0,0,0,60,0,0,0,12,12,6,2,12,0,0,0,1,12,33436,6,1,0,0,3,0,74,999,0,0,0,0,0,0,0,0,0,0,28,0,0,0,1,2,60,1,1,2,1,28,3,1,10,1,1,2,50,1,0
12,121804,2,3,4,22,10,20,17,12,2,1,0,12,2,6,54,6054,6,2004,2C4GM68404R6,2,C,4,G,M,6,8,4,0,4,R,6,0,P,CHRY,PIF,UT,4,17,4334,,0,1163,,G,,0,0,000000000,00000000000,0,0,0,1,0,0,0,0,0,0,0,60,0,0,0,12,12,6,2,12,0,0,0,1,12,33434,6,1,0,0,3,0,73,999,0,0,0,0,0,0,0,0,0,0,0,0,0,0,1,2,60,1,1,2,1,28,3,1,62,1,1,1,51,0,0
12,121804,3,3,2,22,10,20,17,12,2,1,0,49,3,85,881,85881,66,2010,1XKAD49X1AJ2,1,X,K,A,D,4,9,X,1,A,J,2,1,T,KW,T60,DS,10,17,,8,2600,1600,CON,D,,1,77,777777777,77777777777,3,6,1,1,0,0,0,0,0,0,0,60,0,0,0,12,12,4,1,12,0,0,0,1,21,42519,6,1,6,3,3,3,72,999,0,0,0,0,0,0,0,0,0,0,0,0,0,0,1,2,60,1,1,2,1,28,3,1,62,1,1,1,98,0,0
12,121805,1,2,1,23,10,19,10,12,6,1,0,12,1,49,482,49482,31,2002,5TBRT34192S2,5,T,B,R,T,3,4,1,9,2,S,2,0,T,TOYT,TRS,4C,2,17,,2,0,1283,TUN,G,,0,0,000000000,00000000000,0,0,0,1,0,0,0,0,0,0,0,10,0,0,0,1,1,6,2,12,0,0,0,1,12,33594,6,1,0,0,3,0,62,999,0,1,0,2,1,2,2008,1,2010,0,38,0,0,0,1,2,45,1,1,2,1,0,0,11,15,1,1,1,68,0,1
12,121805,2,2,1,23,10,19,10,12,6,1,0,12,1,72,706,72706,80,2010,1HD1JN510AB0,1,H,D,1,J,N,5,1,0,A,B,0,0,M,HD,FBL,RS,10,17,,,,,,,1584,0,0,000000000,00000000000,0,0,0,1,0,0,0,0,0,0,0,45,0,0,0,12,12,6,2,12,0,0,0,1,12,33584,6,1,0,0,3,0,70,999,0,0,0,0,0,0,0,0,0,0,0,0,0,0,1,2,45,1,1,2,1,0,0,1,62,1,1,1,69,1,0
12,121806,1,2,2,25,10,12,46,12,6,1,0,12,1,12,17,12017,4,2006,1FAFP56U16A1,1,F,A,F,P,5,6,U,1,6,A,1,0,P,FORD,TEL,4D,6,17,3314,,0,1085,,G,,0,0,000000000,00000000000,0,0,0,1,0,0,0,0,0,0,0,15,0,0,0,10,10,6,2,12,0,0,0,1,12,34996,6,1,0,0,3,0,67,999,0,0,0,0,0,0,0,0,0,0,38,0,0,0,2,2,55,1,1,2,1,20,3,11,15,1,1,1,82,1,0
12,121806,2,2,1,25,10,12,46,12,6,1,0,12,2,12,401,12401,14,1995,1FMDU34X3SUA,1,F,M,D,U,3,4,X,3,S,U,A,0,P,FORD,EPR,UT,95,17,4053,,0,1115,,G,,0,0,000000000,00000000000,0,0,0,1,0,0,0,0,0,0,0,50,0,0,0,12,12,6,2,12,0,0,0,1,12,33455,6,1,0,0,3,0,63,999,0,0,0,0,0,0,0,0,0,0,0,0,0,0,2,2,55,1,1,2,1,28,3,1,67,1,1,1,83,0,0
12,121807,1,1,1,25,10,6,30,59,0,1,0,12,1,13,5,13005,4,1998,1LNFM97V9WY7,1,L,N,F,M,9,7,V,9,W,Y,7,0,P,LINC,CON,4D,98,17,3868,,0,1090,,G,,0,0,000000000,00000000000,0,0,0,1,0,0,0,0,0,0,0,50,0,0,0,11,11,6,2,59,0,0,0,1,12,34614,6,1,0,0,3,0,72,999,0,0,0,0,0,0,0,0,0,0,36,0,0,0,1,2,50,2,1,2,1,20,3,14,13,1,1,4,1,1,0
12,121808,1,1,1,26,10,18,0,1,0,1,0,12,1,12,401,12401,14,1998,1FMYU22E1WUC,1,F,M,Y,U,2,2,E,1,W,U,C,0,P,FORD,EPR,UT,98,17,3692,,0,1017,,G,,0,0,000000000,00000000000,0,0,0,1,0,0,0,0,0,0,0,65,0,1,1,0,0,6,2,1,0,0,0,1,12,32807,1,1,0,0,2,0,70,999,0,1,0,0,0,4,2008,4,2008,0,36,0,0,0,2,2,65,1,1,2,1,28,3,1,13,6,1,2,98,1,1
12,121809,1,2,2,27,10,5,53,12,6,1,0,12,1,55,36,55036,3,2010,KMHCM3AC7AU1,K,M,H,C,M,3,A,C,7,A,U,1,0,P,HYUN,ACB,2H,10,17,2467,,0,984,,G,,0,0,000000000,00000000000,0,0,0,1,0,0,0,0,0,0,0,55,0,0,0,9,9,6,2,12,0,0,0,1,12,34606,6,1,0,0,3,0,61,999,0,0,0,0,0,0,0,0,0,0,39,0,0,0,2,2,30,1,1,2,1,20,3,1,17,1,1,1,89,1,0
12,121809,2,2,1,27,10,5,53,12,6,1,0,12,2,12,461,12461,21,1993,1FDEE14N4PHB,1,F,D,E,E,1,4,N,4,P,H,B,0,T,FORD,15V,IC,93,17,,2,0,1380,VAN,G,,0,0,000000000,00000000000,0,0,0,1,0,0,0,0,0,0,0,55,0,0,0,12,12,6,2,12,0,0,0,1,12,34609,1,1,0,0,2,0,67,999,1,2,0,0,0,11,2009,11,2009,0,0,0,0,0,2,2,55,1,1,2,1,0,0,1,66,2,1,1,88,0,0
12,121810,1,1,1,28,10,16,43,42,0,1,0,12,1,53,705,53705,88,2007,JS1CP51B1721,J,S,1,C,P,5,1,B,1,7,2,1,0,M,SUZI,A6A,MS,7,17,,,,,,,638,0,0,000000000,00000000000,0,0,0,1,0,0,0,0,0,0,0,32,0,0,0,12,12,6,2,42,0,0,0,1,12,32034,6,1,0,0,3,0,72,999,0,0,0,0,0,0,0,0,0,0,36,0,0,0,1,2,30,1,1,2,1,28,3,1,13,6,1,5,1,1,0
12,121811,1,2,1,29,10,21,28,12,2,1,0,1,1,12,422,12422,15,1997,1FMEU18W9VLB,1,F,M,E,U,1,8,W,9,V,L,B,1,P,FORD,EPT,UT,97,17,4827,,0,1190,,G,,1,0,000000000,00000000000,0,0,0,1,0,0,0,0,0,0,0,45,0,0,0,12,12,6,2,12,0,0,0,1,1,36526,6,1,6,0,3,3,74,180,0,1,0,0,0,4,2008,4,2008,0,36,0,0,0,2,2,45,2,2,2,1,28,3,14,10,1,1,4,50,0,0
12,121811,2,2,1,29,10,21,28,12,2,1,0,12,1,7,482,7482,31,2001,3B7HC13Y41G7,3,B,7,H,C,1,3,Y,4,1,G,7,0,T,DODG,Q15,4C,1,17,,2,1547,1387,RPC,G,,0,0,000000000,00000000000,0,0,0,1,0,0,0,0,0,0,0,45,0,0,0,12,12,6,2,12,0,0,0,1,12,32571,6,1,6,0,3,0,68,999,0,0,0,1,0,9,2009,9,2009,0,0,0,0,0,2,2,45,3,2,2,1,28,3,14,62,6,1,2,51,1,1
12,121812,1,2,3,29,10,20,57,12,6,1,0,12,1,49,403,49403,14,2004,JTEDP21A1400,J,T,E,D,P,2,1,A,1,4,0,0,0,P,TOYT,HIG,UT,4,17,3650,,0,1069,,G,599,0,0,000000000,00000000000,0,0,0,1,0,0,0,0,0,0,0,45,0,0,0,5,12,6,2,12,0,0,0,1,12,32807,6,1,0,0,3,0,72,999,0,0,0,0,0,0,0,0,0,0,38,48,0,0,2,2,45,1,1,2,1,28,3,12,10,1,1,1,98,0,0
12,121812,2,2,1,29,10,20,57,12,6,1,0,12,1,76,705,76705,80,2002,JYARJ04E12A0,J,Y,A,R,J,0,4,E,1,2,A,0,0,M,YAMA,R6L,RS,2,17,,,,,,,599,0,0,000000000,00000000000,0,0,0,1,0,0,0,0,0,0,0,45,0,0,0,12,12,6,2,12,0,0,0,1,12,32807,6,1,0,0,3,0,72,999,0,2,0,0,0,2,2010,2,2010,0,0,0,0,0,2,2,45,1,1,2,1,28,3,1,62,1,1,1,98,1,1
12,121813,1,2,1,30,10,19,2,11,0,1,0,21,1,72,706,72706,80,2000,1HD1FCW13YY6,1,H,D,1,F,C,W,1,3,Y,Y,6,0,M,HD,FLU,RS,0,17,,,,,,,1450,0,0,000000000,00000000000,0,0,0,1,0,0,0,0,0,0,0,55,0,0,0,12,12,6,2,11,0,0,0,1,21,40330,6,1,0,0,3,0,73,999,0,0,0,0,0,0,0,0,0,0,0,0,0,0,1,2,55,1,1,2,1,28,3,1,87,6,1,2,13,1,0
12,121813,2,2,1,30,10,19,2,11,0,1,0,21,1,72,706,72706,80,2010,1HD1BW518AB0,1,H,D,1,B,W,5,1,8,A,B,0,0,M,HD,STC,RS,10,17,,,,,,,1584,0,0,000000000,00000000000,0,0,0,1,0,0,0,0,0,0,0,55,0,0,0,0,0,6,2,1,0,0,0,1,21,40503,6,1,6,0,3,0,72,999,0,0,0,0,0,0,0,0,0,0,0,0,0,0,1,2,55,1,1,2,1,28,3,1,52,7,1,2,98,0,0
12,121814,1,1,2,30,10,19,30,8,0,1,0,12,3,38,882,38882,61,2004,JALF5C136477,J,A,L,F,5,C,1,3,6,4,7,7,0,T,ISU,FRR,TB,4,17,,5,0,0,FRR,D,,0,77,777777777,77777777777,2,1,1,1,0,0,0,0,0,0,0,55,0,0,0,12,12,4,1,8,0,0,0,1,12,32117,6,1,0,0,3,3,71,999,0,0,0,0,0,0,0,0,0,0,0,0,0,0,2,2,55,1,1,2,1,28,3,1,80,1,1,1,13,0,0
12,121815,1,1,2,3,10,4,0,9,0,1,0,12,1,12,481,12481,31,2005,1FTRW12W25FA,1,F,T,R,W,1,2,W,2,5,F,A,0,T,FORD,F1S,CW,5,17,,2,1450,1260,COF,G,,0,0,000000000,00000000000,0,0,0,1,0,0,0,0,0,0,0,45,0,0,0,12,12,4,3,9,0,0,0,1,12,33030,6,1,0,0,3,0,67,999,0,0,0,0,0,0,0,0,0,0,0,0,0,0,2,2,45,1,1,2,1,3,3,1,83,1,1,1,13,0,1
12,121816,1,2,2,6,10,18,11,12,6,1,0,12,1,20,481,20481,31,2005,2GCEC13T9513,2,G,C,E,C,1,3,T,9,5,1,3,0,T,CHEV,SC1,CW,5,17,,2,0,1435,SIL,G,,0,0,000000000,00000000000,0,0,0,1,0,0,0,0,0,0,0,20,0,0,0,2,2,4,3,12,0,0,0,1,12,33035,6,1,0,0,3,0,73,999,0,0,0,0,0,0,0,0,0,0,38,0,0,0,1,2,40,1,1,2,1,3,3,11,15,1,1,1,68,0,1
12,121816,2,2,1,6,10,18,11,12,6,1,0,12,1,72,706,72706,80,2001,1HD1DDV161Y6,1,H,D,1,D,D,V,1,6,1,Y,6,0,M,HD,FHT,RS,1,17,,,,,,,1450,0,0,000000000,00000000000,0,0,0,1,0,0,0,0,0,0,0,40,0,0,0,12,12,4,3,12,0,0,0,1,12,32626,6,1,6,0,3,0,70,999,0,0,0,0,1,2,2008,2,2008,0,0,0,0,0,1,2,40,1,1,2,1,3,3,1,62,1,1,1,69,1,0
12,121817,1,1,1,26,10,1,5,42,0,1,0,12,1,7,442,7442,20,1996,1B4GP44R1TB4,1,B,4,G,P,4,4,R,1,T,B,4,0,P,DODG,CAR,SV,96,17,3663,,0,1193,,G,,0,0,000000000,00000000000,0,0,0,1,0,0,0,0,0,0,0,25,0,0,0,12,12,6,2,42,0,0,0,1,12,32808,6,1,0,0,3,3,68,999,0,0,0,0,0,0,0,0,0,0,0,0,0,0,1,2,40,3,1,2,1,0,0,14,13,1,1,4,1,1,1
12,121818,1,2,2,9,10,0,20,12,6,1,0,12,2,37,32,37032,2,2000,1HGCG224XYA0,1,H,G,C,G,2,2,4,X,Y,A,0,0,P,HOND,ULX,CP,0,17,3197,,0,1051,,G,,0,0,000000000,00000000000,0,0,0,1,0,0,0,0,0,0,0,5,0,0,0,4,4,6,2,12,0,0,0,1,12,33196,6,1,0,0,3,0,76,999,0,0,0,0,0,0,0,0,0,0,38,0,0,0,2,2,40,1,1,4,1,0,0,11,15,1,1,1,68,0,0