STATE,ST_CASE,VEH_NO,VE_FORMS,NUMOCCS,DAY,MONTH,HOUR,MINUTE,HARM_EV,MAN_COLL,UNITTYPE,HIT_RUN,REG_STAT,OWNER,MAKE,MODEL,MAK_MOD,BODY_TYP,MOD_YEAR,VIN,VIN_1,VIN_2,VIN_3,VIN_4,VIN_5,VIN_6,VIN_7,VIN_8,VIN_9,VIN_10,VIN_11,VIN_12,TOW_VEH,VINTYPE,VINMAKE,VINA_MOD,VIN_BT,VINMODYR,VIN_LNGT,VIN_WGT,WGTCD_TR,WHLBS_LG,WHLBS_SH,SER_TR,FUELCODE,MCYCL_DS,J_KNIFE,MCARR_I1,MCARR_I2,MCARR_ID,GVWR,V_CONFIG,CARGO_BT,HAZ_INV,HAZ_PLAC,HAZ_ID,HAZ_CNO,HAZ_REL,BUS_USE,SPEC_USE,EMER_USE,TRAV_SP,UNDERIDE,ROLLOVER,ROLINLOC,IMPACT1,IMPACT2,DEFORMED,TOWED,M_HARM,VEH_SC1,VEH_SC2,FIRE_EXP,DR_PRES,L_STATE,DR_ZIP,L_STATUS,L_TYPE,CDL_STAT,L_ENDORS,L_COMPL,L_RESTRI,DR_HGT,DR_WGT,PREV_ACC,PREV_SUS,PREV_DWI,PREV_SPD,PREV_OTH,FIRST_MO,FIRST_YR,LAST_MO,LAST_YR,SPEEDREL,DR_SF1,DR_SF2,DR_SF3,DR_SF4,VTRAFWAY,VNUM_LAN,VSPD_LIM,VALIGN,VPROFILE,VPAVETYP,VSURCOND,VTRAFCON,VTCONT_F,P_CRASH1,P_CRASH2,P_CRASH3,PCRASH4,PCRASH5,ACC_TYPE,DEATHS,DR_DRINK
12,121818,2,2,1,9,10,0,20,12,6,1,0,12,2,76,706,76706,80,2003,JYARN10E23A0,J,Y,A,R,N,1,0,E,2,3,A,0,0,M,YAMA,YFR,RS,3,17,,,,,,,998,0,0,000000000,00000000000,0,0,0,1,0,0,0,0,0,0,0,60,0,0,0,12,12,6,2,12,0,0,0,1,12,33032,1,1,0,0,2,0,69,999,1,5,0,1,1,4,2008,8,2010,1,0,0,0,0,2,2,40,1,1,4,1,0,0,1,62,1,1,1,69,1,0
12,121819,1,1,5,16,10,22,28,30,0,1,0,12,2,20,481,20481,31,2000,1GCEK19T6YZ1,1,G,C,E,K,1,9,T,6,Y,Z,1,0,T,CHEV,SK1,PC,0,17,,2,1575,1435,SIL,G,,0,0,000000000,00000000000,0,0,0,1,0,0,0,0,0,0,0,999,0,0,0,7,7,6,2,3,0,0,0,1,12,33461,0,0,0,0,0,0,999,999,99,99,99,99,99,99,9999,99,9999,1,48,0,0,0,1,2,35,1,1,2,1,20,3,11,12,1,1,4,6,1,1
12,121820,1,1,1,23,10,21,28,8,0,1,0,12,1,35,401,35401,14,2001,JN8DR09Y51W5,J,N,8,D,R,0,9,Y,5,1,W,5,0,P,NISS,PFI,UT,1,17,3997,,0,1063,,G,,0,0,000000000,00000000000,0,0,0,1,0,0,0,0,0,0,0,50,0,0,0,12,12,6,2,8,0,0,0,1,12,34202,6,1,0,0,3,0,71,999,0,0,0,0,0,0,0,0,0,0,0,0,0,0,2,3,50,1,1,2,1,3,3,1,80,1,1,1,13,0,0
12,121821,1,1,2,25,10,21,37,8,0,1,0,12,2,12,37,12037,4,2000,1FAFP3839YW2,1,F,A,F,P,3,8,3,9,Y,W,2,0,P,FORD,FZT,4D,0,17,2564,,0,1030,,G,,0,0,000000000,00000000000,0,0,0,1,0,0,0,0,0,0,0,55,0,0,0,12,12,4,3,8,0,0,0,1,12,33803,6,1,0,0,3,0,67,999,0,0,0,0,0,0,0,0,0,0,0,0,0,0,2,3,55,1,1,2,1,28,3,1,80,1,1,1,13,0,1
12,121822,1,1,1,29,10,18,56,38,0,1,0,12,1,37,32,37032,4,2009,1HGCP26359A1,1,H,G,C,P,2,6,3,5,9,A,1,0,P,HOND,ULX,4D,9,17,3230,,0,1102,,G,,0,0,000000000,00000000000,0,0,0,1,0,0,0,0,0,0,0,70,0,0,0,12,12,6,2,42,0,0,1,1,12,33707,6,1,0,0,3,3,75,999,0,1,0,1,0,2,2010,5,2010,0,0,0,0,0,3,4,70,1,1,2,1,28,3,1,13,1,1,4,1,1,0
12,121823,1,1,1,29,10,19,18,8,0,1,0,12,2,37,32,37032,4,1998,1HGCG564XWA0,1,H,G,C,G,5,6,4,X,W,A,0,0,P,HOND,ULX,4D,98,17,2952,,0,1069,,G,,0,0,000000000,00000000000,0,0,0,1,0,0,0,0,0,0,0,40,0,0,0,12,12,6,2,8,0,0,0,1,12,33619,6,1,0,0,3,3,69,999,0,0,0,0,0,0,0,0,0,0,0,0,0,0,1,2,40,1,1,2,1,0,0,1,80,1,1,1,13,0,0
12,121824,1,1,1,30,10,14,22,32,0,1,0,12,1,72,706,72706,80,2008,1HD1FC4198Y6,1,H,D,1,F,C,4,1,9,8,Y,6,0,M,HD,FLU,RS,8,17,,,,,,,1584,0,0,000000000,00000000000,0,0,0,1,0,0,0,0,0,0,0,65,0,0,0,12,12,6,2,32,0,0,0,1,12,33876,6,1,0,0,3,0,66,999,0,0,0,0,0,0,0,0,0,0,0,0,0,0,1,2,65,1,1,2,1,28,3,1,13,1,1,4,1,1,0
12,121825,1,2,1,31,10,2,15,12,1,1,0,12,1,6,52,6052,6,2002,3C8FY68B52T3,3,C,8,F,Y,6,8,B,5,2,T,3,0,P,CHRY,PTC,SV,2,17,3119,,0,1033,,G,,0,0,000000000,00000000000,0,0,0,1,0,0,0,0,0,0,0,65,0,0,0,12,12,6,2,8,0,0,0,1,12,32218,6,1,0,0,3,0,64,999,0,0,0,0,0,0,0,0,0,0,0,0,0,0,2,2,65,1,1,2,1,28,3,1,50,6,1,1,98,0,0
12,121825,2,2,1,31,10,2,15,12,1,1,0,12,6,49,472,49472,30,2009,5TETX22N59Z6,5,T,E,T,X,2,2,N,5,9,Z,6,0,T,TOYT,ACC,PC,9,17,,1,0,1272,TAC,G,,0,0,000000000,00000000000,0,0,0,1,0,0,0,0,0,0,0,0,0,0,0,6,6,6,2,12,0,0,0,0,,,,,,,,,999,,,,,,,,,,,,20,0,0,0,2,2,65,1,1,2,1,28,3,0,53,0,0,0,98,0,0
12,121826,1,1,1,31,10,1,40,8,0,1,1,99,9,99,999,99999,99,9999,999999999999,9,9,9,9,9,9,9,9,9,9,9,9,0,U,,,,9,17,,,,,,,,0,0,000000000,00000000000,0,0,0,1,0,0,0,0,0,0,0,70,0,0,0,12,12,4,1,8,0,0,0,1,99,99999,9,9,99,9,9,9,999,999,99,99,99,99,99,99,9999,99,9999,0,0,0,0,0,2,2,70,1,1,2,1,28,3,1,80,1,1,1,13,0,0
12,121827,1,4,1,1,11,7,15,12,2,1,0,12,1,7,41,7041,4,2002,2B3HD46RX2H1,2,B,3,H,D,4,6,R,X,2,H,1,0,P,DODG,ISE,4D,2,17,3373,,0,1130,,G,,0,0,000000000,00000000000,0,0,0,1,0,0,0,0,0,0,0,55,0,0,0,12,12,6,2,12,0,0,0,1,12,34653,6,1,0,0,3,3,71,999,0,0,0,0,0,0,0,0,0,0,51,0,0,0,2,3,55,1,1,2,1,28,3,1,54,1,1,1,52,1,0
12,121827,2,4,1,1,11,7,15,12,2,1,0,12,1,12,481,12481,31,2004,1FTSW31P24EB,1,F,T,S,W,3,1,P,2,4,E,B,0,T,FORD,F3S,CW,4,17,,2,1724,1562,SRW,D,,0,0,000000000,00000000000,0,0,0,1,0,0,0,0,0,0,0,50,0,0,0,12,12,6,2,12,0,0,0,1,12,34638,6,1,0,0,3,3,72,999,0,0,0,0,0,0,0,0,0,0,0,0,0,0,2,3,55,1,1,2,1,28,3,1,54,1,1,1,52,0,0
12,121827,3,4,1,1,11,7,15,12,2,1,0,12,2,38,882,38882,61,2003,JALB4B140370,J,A,L,B,4,B,1,4,0,3,7,0,0,T,ISU,NPR,TB,3,17,,3,0,0,NPR,D,,0,77,777777777,77777777777,2,1,96,1,0,0,0,0,0,0,0,50,0,0,0,11,11,4,1,12,0,0,0,1,12,34690,6,1,0,0,3,0,71,999,0,0,0,0,0,0,0,0,0,0,0,0,0,0,2,3,55,1,1,2,1,28,3,1,51,7,1,1,98,0,0
12,121827,4,4,1,1,11,7,15,12,2,1,0,12,1,12,37,12037,4,2002,1FAFP34312W1,1,F,A,F,P,3,4,3,1,2,W,1,0,P,FORD,FCS,4D,2,17,2604,,0,1030,,G,,0,0,000000000,00000000000,0,0,0,1,0,0,0,0,0,0,0,50,0,0,0,10,10,4,1,12,0,0,0,1,12,33625,6,1,0,0,3,0,71,999,0,0,0,0,0,0,0,0,0,0,0,0,0,0,2,3,55,1,1,2,1,28,3,1,61,1,1,1,98,0,0
12,121828,1,1,1,1,11,16,35,9,0,1,0,12,1,35,471,35471,30,1996,1N6SD11S5TC3,1,N,6,S,D,1,1,S,5,T,C,3,0,T,NISS,XES,PK,96,17,,1,0,1043,TRK,G,,0,0,000000000,00000000000,0,0,0,1,0,0,0,0,0,0,0,45,0,0,0,1,1,4,1,9,0,0,0,1,12,33572,6,1,6,0,3,0,70,999,0,0,0,0,0,0,0,0,0,0,27,0,0,0,1,4,55,1,1,2,1,28,3,15,83,7,1,4,13,0,0
12,121829,1,1,1,2,11,0,38,42,0,1,0,12,2,14,17,14017,4,1995,1MELM5343SG6,1,M,E,L,M,5,3,4,3,S,G,6,0,P,MERC,SLL,4D,95,17,3188,,0,1060,,G,,0,0,000000000,00000000000,0,0,0,1,0,0,0,0,0,0,0,92,0,0,0,9,9,6,2,42,0,0,0,1,12,32952,6,1,0,0,3,0,67,999,0,4,0,0,1,4,2008,5,2010,1,0,0,0,0,1,2,35,2,1,2,1,28,3,14,6,1,3,4,2,1,1
12,121830,1,1,2,7,10,1,48,53,0,1,0,12,2,37,705,37705,80,2003,JH2PC37023M0,J,H,2,P,C,3,7,0,2,3,M,0,0,M,HOND,B60,RS,3,17,,,,,,,599,0,0,000000000,00000000000,0,0,0,1,0,0,0,0,0,0,0,999,0,0,0,12,12,6,2,53,0,0,0,1,12,32224,1,1,0,0,2,0,65,999,0,0,0,0,0,0,0,0,0,0,0,0,0,0,1,2,40,1,1,2,1,3,3,1,14,1,1,4,14,1,1
12,121831,1,2,1,5,9,2,33,12,6,1,0,12,1,42,401,42401,14,1999,4JGAB54E2XA1,4,J,G,A,B,5,4,E,2,X,A,1,0,P,MERZ,ML3,UT,99,17,4387,,0,1110,,G,,0,0,000000000,00000000000,0,0,0,1,0,0,0,0,0,0,0,15,0,0,0,9,9,6,2,12,0,0,0,1,12,33713,6,1,0,0,3,0,68,999,0,0,0,0,0,0,0,0,0,0,38,0,0,0,2,3,30,1,1,2,1,20,3,1,17,1,1,1,89,0,1
12,121831,2,2,1,5,9,2,33,12,6,1,0,12,1,73,705,73705,80,2006,JKBZXJC156A0,J,K,B,Z,X,J,C,1,5,6,A,0,0,M,KAWK,X63,RS,6,17,,,,,,,636,0,0,000000000,00000000000,0,0,0,1,0,0,0,0,0,0,0,40,0,0,0,12,12,6,2,1,0,0,0,1,12,33703,6,1,0,0,3,0,74,999,0,4,0,2,2,5,2008,7,2010,0,0,0,0,0,2,3,40,1,1,2,1,28,3,1,66,1,1,1,88,1,1
12,121832,1,4,2,15,10,21,58,12,6,1,1,12,1,2,404,2404,14,1993,1J4FJ78S0PL5,1,J,4,F,J,7,8,S,0,P,L,5,0,T,JEEP,CTY,4W,93,17,,1,0,1014,CHK,G,,0,0,000000000,00000000000,0,0,0,1,0,0,0,0,0,0,0,20,0,0,0,3,3,4,3,12,0,0,0,1,12,32114,6,1,0,0,3,0,73,999,0,0,0,0,0,0,0,0,0,0,48,0,0,0,2,2,35,1,1,2,1,3,3,11,15,1,1,1,68,0,1
12,121832,2,4,2,15,10,21,58,12,6,1,0,12,1,50,709,50709,80,2008,SMTD00NS48J3,S,M,T,D,0,0,N,S,4,8,J,3,0,M,TRIU,DA5,RS,8,17,,,,,,,675,0,0,000000000,00000000000,0,0,0,1,0,0,0,0,0,0,0,35,0,0,0,12,12,6,2,12,0,0,0,1,12,32127,6,1,0,0,3,0,63,999,0,0,0,0,0,0,0,0,0,0,0,0,0,0,2,2,35,1,1,2,1,3,3,1,62,1,1,1,69,1,0
12,121832,3,4,1,15,10,21,58,12,6,1,0,12,1,37,705,37705,80,2006,JH2PC37016M3,J,H,2,P,C,3,7,0,1,6,M,3,0,M,HOND,B60,RS,6,17,,,,,,,599,0,0,000000000,00000000000,0,0,0,1,0,0,0,0,0,0,0,35,0,0,0,12,12,6,2,12,0,0,0,1,12,32127,6,1,0,0,3,0,71,999,0,0,0,1,0,5,2008,5,2008,0,0,0,0,0,2,2,35,1,1,2,1,3,3,1,62,1,1,1,98,0,0
12,121832,4,4,2,15,10,21,58,12,6,1,0,12,1,76,709,76709,80,2008,JYARJ16E18A0,J,Y,A,R,J,1,6,E,1,8,A,0,0,M,YAMA,R6L,RS,8,17,,,,,,,599,0,0,000000000,00000000000,0,0,0,1,0,0,0,0,0,0,0,35,0,0,0,12,12,6,2,12,0,0,0,1,12,32127,6,1,0,0,3,0,67,999,0,0,0,0,0,0,0,0,0,0,0,0,0,0,2,2,35,1,1,2,1,3,3,1,62,1,1,1,98,0,0
12,121833,1,1,1,18,10,22,15,8,0,1,0,12,1,21,20,21020,8,1994,1G3AJ85M5R64,1,G,3,A,J,8,5,M,5,R,6,4,0,P,OLDS,SCR,SW,94,17,3080,,0,1049,,G,,0,0,000000000,00000000000,0,0,0,1,0,0,0,0,0,0,0,999,0,0,0,12,12,4,1,8,0,0,0,1,12,33624,6,1,0,0,3,0,65,999,0,0,0,0,0,0,0,0,0,0,0,0,0,0,1,2,30,4,1,2,1,28,3,14,80,1,1,1,13,0,0
12,121834,1,1,1,20,10,6,45,8,0,1,1,12,2,12,471,12471,30,2001,1FTYR14E71TA,1,F,T,Y,R,1,4,E,7,1,T,A,0,T,FORD,RNS,PS,1,17,,1,0,1257,RNG,G,,0,0,000000000,00000000000,0,0,0,1,0,0,0,0,0,0,0,998,0,0,0,62,62,4,1,8,0,0,0,1,12,33836,6,1,6,0,3,3,71,999,0,0,0,0,0,0,0,0,0,0,36,0,0,0,1,2,50,1,1,2,1,28,3,1,80,1,1,1,13,0,0
12,121835,1,1,1,30,9,8,17,8,0,1,0,12,1,12,422,12422,15,1998,1FMRU1764WLB,1,F,M,R,U,1,7,6,4,W,L,B,0,P,FORD,EPT,UT,98,17,4808,,0,1190,,G,,0,0,000000000,00000000000,0,0,0,1,0,0,0,0,0,0,0,5,0,0,0,12,12,0,1,8,0,0,0,1,12,32807,6,1,0,0,3,3,67,999,0,1,0,0,2,4,2008,11,2009,0,0,0,0,0,1,2,25,1,1,2,1,3,3,10,80,1,1,1,13,0,0
12,121836,1,2,2,31,10,1,51,12,1,1,0,12,1,72,706,72706,80,2010,1HD1JD519AB0,1,H,D,1,J,D,5,1,9,A,B,0,0,M,HD,FLN,RS,10,17,,,,,,,1584,0,0,000000000,00000000000,0,0,0,1,0,0,0,0,0,0,0,75,0,0,0,12,12,6,2,12,0,0,0,1,12,34105,6,1,0,0,3,3,72,999,0,0,0,0,0,0,0,0,0,1,36,0,0,0,3,3,45,1,1,2,1,3,3,1,50,1,1,1,20,2,0
12,121836,2,2,1,31,10,1,51,12,1,1,0,12,1,38,472,38472,30,1997,1GGCS1447V86,1,G,G,C,S,1,4,4,7,V,8,6,0,T,ISU,HOM,PK,97,17,,1,0,1083,HOM,G,,0,0,000000000,00000000000,0,0,0,1,0,0,0,0,0,0,0,0,0,0,0,6,6,6,2,12,0,0,0,1,12,34105,6,1,0,0,3,0,68,999,0,0,0,0,0,0,0,0,0,0,0,0,0,0,3,3,45,1,1,2,1,3,3,5,53,1,1,1,21,0,0
12,121837,1,1,1,1,11,19,26,8,0,1,1,99,9,99,999,99999,99,9999,999999999999,9,9,9,9,9,9,9,9,9,9,9,9,0,U,,,,9,17,,,,,,,,0,0,000000000,00000000000,0,0,0,1,0,0,0,0,0,0,0,999,0,0,0,12,12,4,1,8,0,0,0,1,99,99999,9,9,99,9,9,9,999,999,99,99,99,99,99,99,9999,99,9999,0,0,0,0,0,2,3,45,1,1,2,1,28,3,1,80,1,1,1,13,0,0
12,121838,1,1,2,16,10,20,50,32,0,1,0,12,2,12,422,12422,15,1998,1FMRU17L6WLC,1,F,M,R,U,1,7,L,6,W,L,C,0,P,FORD,EPT,UT,98,17,4808,,0,1190,,G,,0,0,000000000,00000000000,0,0,0,1,0,0,0,0,0,0,0,999,0,0,0,12,12,6,2,34,0,0,0,1,12,32221,6,1,0,0,3,0,73,999,0,0,0,0,0,0,0,0,0,0,0,0,0,0,1,2,30,1,1,2,1,0,0,1,12,1,1,4,6,1,1
12,121839,1,1,1,28,8,1,9,14,0,1,0,12,1,73,706,73706,80,2003,JKAZXDP133A0,J,K,A,Z,X,D,P,1,3,3,A,0,0,M,KAWK,Z7P,RS,3,17,,,,,,,750,0,0,000000000,00000000000,0,0,0,1,0,0,0,0,0,0,0,73,0,0,0,12,12,6,2,14,0,0,0,1,12,33707,1,1,0,0,2,0,69,999,0,1,0,3,0,11,2008,6,2010,1,0,0,0,0,1,3,35,1,1,2,1,28,3,1,12,1,1,4,6,1,1
12,121840,1,2,2,30,8,22,48,12,6,1,0,12,2,12,402,12402,14,2008,1FMCU031X8KD,1,F,M,C,U,0,3,1,X,8,K,D,0,P,FORD,SPE,UT,8,17,3313,,0,1031,,G,,0,0,000000000,00000000000,0,0,0,1,0,0,0,0,0,0,0,60,0,1,5,3,3,6,2,1,0,0,0,1,12,33705,0,0,0,0,0,0,999,999,99,99,99,99,99,99,9999,99,9999,1,39,0,0,0,1,4,30,1,1,2,1,3,3,1,17,1,1,1,87,1,0
12,121840,2,2,2,30,8,22,48,12,6,1,0,12,1,20,481,20481,31,2000,1GCEC19T7YZ2,1,G,C,E,C,1,9,T,7,Y,Z,2,0,T,CHEV,SC1,PC,0,17,,2,1575,1435,SIL,G,,0,0,000000000,00000000000,0,0,0,1,0,0,0,0,0,0,0,30,0,0,0,12,12,6,2,12,0,0,0,1,12,33705,6,1,6,0,3,0,67,999,0,0,0,0,0,0,0,0,0,0,0,0,0,0,1,4,35,1,1,2,1,3,3,1,17,1,1,1,86,0,0
12,121841,1,3,1,16,10,10,27,12,7,1,0,12,1,13,1,13001,4,2000,1LNHM81W9YY7,1,L,N,H,M,8,1,W,9,Y,Y,7,0,P,LINC,EXC,4D,0,17,4047,,0,1177,,G,,0,0,000000000,00000000000,0,0,0,1,0,0,0,0,0,0,0,50,0,0,0,9,12,6,2,24,0,0,0,1,12,33411,6,1,0,0,3,3,72,999,0,0,0,0,0,0,0,0,0,0,0,0,0,0,2,4,50,1,1,2,1,0,0,1,10,1,1,1,45,1,0
12,121841,2,3,1,16,10,10,27,12,7,1,0,12,1,49,401,49401,14,2001,JT3GN86R2101,J,T,3,G,N,8,6,R,2,1,0,1,0,P,TOYT,RUN,UT,1,17,3600,,0,1053,,G,,0,0,000000000,00000000000,0,0,0,1,0,0,0,0,0,0,0,50,0,0,0,6,6,6,2,12,0,0,0,1,12,33414,6,1,0,0,3,3,69,999,0,0,0,0,0,0,0,0,0,0,0,0,0,0,2,4,50,1,1,2,1,0,0,1,53,1,1,1,98,0,0
12,121841,3,3,1,16,10,10,27,12,7,1,0,12,1,7,482,7482,31,2003,1D7HA18N03S2,1,D,7,H,A,1,8,N,0,3,S,2,0,T,DODG,SQ1,CW,3,17,,2,1605,1405,RPC,G,,0,0,000000000,00000000000,0,0,0,1,0,0,0,0,0,0,0,50,0,0,0,3,3,4,1,12,0,0,0,1,12,33415,6,1,0,0,3,3,64,999,0,0,0,0,0,0,0,0,0,0,0,0,0,0,2,4,50,1,1,2,1,0,0,1,60,1,1,1,44,0,0
12,121842,1,2,5,23,10,21,50,12,6,1,0,12,1,37,31,37031,4,2002,2HGES165X2H6,2,H,G,E,S,1,6,5,X,2,H,6,0,P,HOND,UCL,4D,2,17,2515,,0,1031,,G,,0,0,000000000,00000000000,0,0,0,1,0,0,0,0,0,0,0,999,0,0,0,8,8,6,2,12,0,0,0,1,12,32024,6,1,0,0,3,0,67,999,0,0,0,0,0,0,0,0,0,0,38,0,0,0,1,2,55,1,1,2,1,28,3,11,98,1,1,1,82,2,0
12,121842,2,2,2,23,10,21,50,12,6,1,0,12,2,12,481,12481,31,2003,1FTNX21F53EA,1,F,T,N,X,2,1,F,5,3,E,A,0,T,FORD,F2S,4C,3,17,,2,1580,1418,SRW,D,,0,0,000000000,00000000000,0,0,0,1,0,0,0,0,0,0,0,50,0,0,0,11,11,6,2,12,0,0,0,1,12,32327,6,1,0,0,3,0,70,999,0,0,0,0,0,0,0,0,0,0,0,0,0,0,1,2,55,1,1,2,1,28,3,1,72,1,1,1,83,0,0
12,121843,1,1,1,29,10,0,31,43,0,1,0,12,1,49,402,49402,14,1998,JT3GP10V0W70,J,T,3,G,P,1,0,V,0,W,7,0,0,P,TOYT,RV4,UT,98,17,2668,,0,949,,G,,0,0,000000000,00000000000,0,0,0,1,0,0,0,0,0,0,0,50,0,1,5,12,12,6,2,1,0,0,0,1,12,34480,6,1,0,0,3,0,66,999,0,0,0,1,0,1,2010,1,2010,0,36,0,0,0,2,2,45,1,1,2,1,0,0,6,13,7,1,4,1,1,1
12,121844,1,2,1,31,10,19,20,12,1,1,0,12,1,49,40,49040,4,2002,4T1BE32K42U5,4,T,1,B,E,3,2,K,4,2,U,5,0,P,TOYT,LXS,4D,2,17,3086,,0,1071,,G,,0,0,000000000,00000000000,0,0,0,1,0,0,0,0,0,0,0,40,0,0,0,12,12,6,2,12,0,0,0,1,12,33408,6,1,0,0,3,0,65,999,0,1,0,1,1,11,2008,7,2010,0,36,0,0,0,3,3,35,1,2,1,1,0,0,1,51,1,1,1,24,0,1
12,121844,2,2,1,31,10,19,20,12,1,1,0,12,2,98,709,98709,88,2010,L5NTCBPA4A14,L,5,N,T,C,B,P,A,4,A,1,4,0,U,,,,,17,,,,,,,,0,0,000000000,00000000000,0,0,0,1,0,0,0,0,0,0,0,35,0,0,0,6,6,6,2,12,0,0,0,1,12,33401,1,1,0,0,2,3,68,999,0,1,0,0,0,3,2010,3,2010,0,0,0,0,0,3,3,35,1,2,1,1,0,0,1,53,1,1,1,25,1,0
12,121845,1,1,1,22,10,2,5,30,0,1,0,12,2,54,38,54038,3,2003,JH4DC53083C0,J,H,4,D,C,5,3,0,8,3,C,0,0,P,ACUR,RST,2H,3,17,2767,,0,1012,,G,,0,0,000000000,00000000000,0,0,0,1,0,0,0,0,0,0,0,999,0,0,0,3,3,6,2,30,0,0,0,1,12,32216,6,1,0,0,3,3,71,999,0,1,0,2,0,2,2008,5,2009,1,0,0,0,0,2,2,45,3,1,2,1,0,0,14,13,1,9,4,1,1,1
12,121846,1,1,2,29,10,6,51,8,0,1,0,12,1,37,441,37441,20,2001,2HKRL18621H6,2,H,K,R,L,1,8,6,2,1,H,6,0,P,HOND,UDY,SV,1,17,4288,,0,1181,,G,,0,0,000000000,00000000000,0,0,0,1,0,0,0,0,0,0,0,999,0,0,0,12,12,6,2,8,0,0,0,1,12,32209,1,1,0,0,2,0,61,999,0,0,0,0,0,0,0,0,0,0,0,0,0,0,3,4,35,1,1,2,1,0,0,1,80,1,1,1,13,0,0
12,121847,1,1,1,30,10,23,45,38,0,1,0,12,2,20,20,20020,4,1998,2G1WL52M3W91,2,G,1,W,L,5,2,M,3,W,9,1,0,P,CHEV,L/S,4D,98,17,3330,,0,1075,,G,,0,0,000000000,00000000000,0,0,0,1,0,0,0,0,0,0,0,78,0,1,5,12,12,6,2,1,0,0,0,1,12,32696,6,1,0,0,3,0,74,999,0,0,0,0,0,0,0,0,0,1,36,0,0,0,1,2,45,3,2,2,1,28,3,14,12,1,4,4,7,1,1
12,121848,1,1,1,31,10,7,8,8,0,1,0,12,2,37,31,37031,2,2001,1HGEM21591L0,1,H,G,E,M,2,1,5,9,1,L,0,0,P,HOND,UCL,CP,1,17,2465,,0,1031,,G,,0,0,000000000,00000000000,0,0,0,1,0,0,0,0,0,0,0,35,0,0,0,12,12,4,3,8,0,0,0,1,12,32110,6,1,0,0,3,0,65,999,0,0,0,0,0,0,0,0,0,0,0,0,0,0,2,2,45,1,1,2,1,28,3,1,80,1,1,1,13,0,0
12,121849,1,1,2,31,10,2,20,24,0,1,0,12,2,20,401,20401,14,2002,1GNDS13S4221,1,G,N,D,S,1,3,S,4,2,2,1,0,P,CHEV,TRL,UT,2,17,4442,,0,1130,,G,,0,0,000000000,00000000000,0,0,0,1,0,0,0,0,0,0,0,80,0,1,5,12,12,6,2,1,0,0,0,1,12,33801,6,1,0,0,3,0,61,999,0,0,0,0,0,0,0,0,0,1,36,0,0,0,2,2,55,1,1,2,1,0,0,1,13,1,1,4,1,1,1
12,121850,1,2,1,3,11,3,25,8,0,1,1,12,9,7,442,7442,20,2001,1B4GP25331B1,1,B,4,G,P,2,5,3,3,1,B,1,0,P,DODG,CAR,SV,1,17,3815,,0,1133,,F,,0,0,000000000,00000000000,0,0,0,1,0,0,0,0,0,0,0,65,0,0,0,12,12,4,9,8,0,0,0,1,12,33317,6,1,0,0,3,3,66,999,0,0,0,0,0,0,0,0,0,0,0,0,0,0,3,5,65,1,2,2,1,28,3,1,80,1,1,1,13,0,0
12,121850,2,2,1,3,11,3,25,8,0,1,0,12,3,51,881,51881,66,2005,4V4MC9GF75N3,4,V,4,M,C,9,G,F,7,5,N,3,1,T,VOLV,VNM,DS,5,17,,8,0,0,VVN,D,,1,77,777777777,77777777777,3,6,1,1,0,0,0,0,0,0,0,60,0,0,0,12,12,0,8,8,0,0,0,1,12,33055,6,1,6,3,3,3,66,999,0,0,0,0,0,0,0,0,0,0,0,0,0,0,3,5,65,1,2,2,1,28,3,1,80,1,1,1,98,0,0
12,121851,1,2,2,3,11,21,14,12,6,1,0,12,1,12,3,12003,1,2005,1ZVFT84N4552,1,Z,V,F,T,8,4,N,4,5,5,2,0,P,FORD,MUS,CV,5,17,3476,,0,1071,,G,,0,0,000000000,00000000000,0,0,0,1,0,0,0,0,0,0,0,45,0,0,0,12,12,6,2,12,0,0,0,1,12,33144,6,1,0,0,3,3,70,999,0,0,0,0,0,0,0,0,0,0,39,0,0,0,1,2,45,1,1,2,2,50,3,1,10,1,1,1,98,1,1
12,121851,2,2,1,3,11,21,14,12,6,1,0,12,2,84,883,84883,66,1997,2HSFMATR6VC0,2,H,S,F,M,A,T,R,6,V,C,0,1,T,INTL,920,TM,97,17,,8,2340,1600,920,D,,1,77,777777777,77777777777,3,6,1,1,0,0,0,0,0,0,0,5,0,0,0,3,3,4,1,12,0,0,0,1,12,33018,6,1,6,3,3,0,68,999,0,0,0,0,0,0,0,0,0,0,0,0,0,0,1,2,45,1,1,2,2,50,3,12,62,1,1,1,98,0,0
12,121852,1,1,2,7,11,2,0,1,0,1,0,12,2,35,473,35473,31,2005,1N6BA07A25N5,1,N,6,B,A,0,7,A,2,5,N,5,0,T,NISS,TXS,CW,5,17,,2,0,1398,TTN,F,,0,0,000000000,00000000000,0,0,0,1,0,0,0,0,0,0,0,45,0,2,5,0,0,6,2,1,0,0,0,1,12,32206,1,1,0,0,2,0,68,999,0,5,0,0,0,12,2009,9,2010,0,36,0,0,0,2,2,45,2,1,2,1,28,3,14,12,7,1,4,1,2,1
12,121853,1,2,1,22,10,7,57,12,6,1,0,12,2,73,703,73703,80,2004,JKAEXMF104DA,J,K,A,E,X,M,F,1,0,4,D,A,0,M,KAWK,EXF,RS,4,17,,,,,,,250,0,0,000000000,00000000000,0,0,0,1,0,0,0,0,0,0,0,999,0,0,0,12,12,6,2,12,0,0,0,1,12,33619,1,1,0,0,2,0,72,999,0,0,0,0,0,0,0,0,0,1,0,0,0,0,1,4,40,1,1,2,1,0,0,1,67,3,1,1,83,1,0