STATE,ST_CASE,VEH_NO,VE_FORMS,NUMOCCS,DAY,MONTH,HOUR,MINUTE,HARM_EV,MAN_COLL,UNITTYPE,HIT_RUN,REG_STAT,OWNER,MAKE,MODEL,MAK_MOD,BODY_TYP,MOD_YEAR,VIN,VIN_1,VIN_2,VIN_3,VIN_4,VIN_5,VIN_6,VIN_7,VIN_8,VIN_9,VIN_10,VIN_11,VIN_12,TOW_VEH,VINTYPE,VINMAKE,VINA_MOD,VIN_BT,VINMODYR,VIN_LNGT,VIN_WGT,WGTCD_TR,WHLBS_LG,WHLBS_SH,SER_TR,FUELCODE,MCYCL_DS,J_KNIFE,MCARR_I1,MCARR_I2,MCARR_ID,GVWR,V_CONFIG,CARGO_BT,HAZ_INV,HAZ_PLAC,HAZ_ID,HAZ_CNO,HAZ_REL,BUS_USE,SPEC_USE,EMER_USE,TRAV_SP,UNDERIDE,ROLLOVER,ROLINLOC,IMPACT1,IMPACT2,DEFORMED,TOWED,M_HARM,VEH_SC1,VEH_SC2,FIRE_EXP,DR_PRES,L_STATE,DR_ZIP,L_STATUS,L_TYPE,CDL_STAT,L_ENDORS,L_COMPL,L_RESTRI,DR_HGT,DR_WGT,PREV_ACC,PREV_SUS,PREV_DWI,PREV_SPD,PREV_OTH,FIRST_MO,FIRST_YR,LAST_MO,LAST_YR,SPEEDREL,DR_SF1,DR_SF2,DR_SF3,DR_SF4,VTRAFWAY,VNUM_LAN,VSPD_LIM,VALIGN,VPROFILE,VPAVETYP,VSURCOND,VTRAFCON,VTCONT_F,P_CRASH1,P_CRASH2,P_CRASH3,PCRASH4,PCRASH5,ACC_TYPE,DEATHS,DR_DRINK
12,121853,2,2,1,22,10,7,57,12,6,1,0,12,3,82,881,82881,66,2005,1FUBA5CV95LU,1,F,U,B,A,5,C,V,9,5,L,U,1,T,FRHT,COL,DS,5,17,,7,0,0,CON,D,,1,12,864409,12864409,3,6,1,1,0,0,0,0,0,0,0,5,0,0,0,8,8,4,1,12,0,0,0,1,12,33604,6,1,6,3,3,0,72,999,0,0,0,0,1,9,2009,9,2009,0,0,0,0,0,1,2,40,1,1,2,1,20,3,11,15,1,1,1,82,0,0
12,121854,1,2,1,16,10,7,2,8,0,1,0,12,2,35,43,35043,4,2004,3N1CB51DX4L8,3,N,1,C,B,5,1,D,X,4,L,8,0,P,NISS,S18,4D,4,17,2387,,0,998,,G,,0,0,000000000,00000000000,0,0,0,1,0,0,0,0,0,0,0,40,0,0,0,12,12,4,1,8,0,0,0,1,12,33615,6,1,0,0,3,3,68,999,0,0,0,0,0,0,0,0,0,0,0,0,0,0,2,3,45,1,1,1,1,28,3,1,80,7,1,1,13,0,0
12,121854,2,2,3,16,10,7,2,8,0,1,0,12,1,20,16,20016,4,1999,1G1JC5244X72,1,G,1,J,C,5,2,4,4,X,7,2,0,P,CHEV,CAV,4D,99,17,2676,,0,1041,,G,,0,0,000000000,00000000000,0,0,0,1,0,0,0,0,0,0,0,40,0,0,0,11,11,4,1,8,0,0,0,1,12,33614,6,1,0,0,3,0,63,999,0,2,0,0,0,8,2009,9,2010,0,0,0,0,0,2,3,45,1,1,1,1,28,3,1,80,3,1,1,98,0,0
12,121855,1,1,1,24,10,4,25,30,0,1,0,12,1,12,481,12481,31,1997,1FTHX26F0VEB,1,F,T,H,X,2,6,F,0,V,E,B,0,T,FORD,F25,PS,97,17,,2,1550,1390,COF,D,,0,0,000000000,00000000000,0,0,0,1,0,0,0,0,0,0,0,70,0,1,1,62,62,6,2,1,0,0,0,1,12,32071,6,1,0,0,3,3,67,999,1,0,0,1,0,12,2009,5,2010,1,36,0,0,0,1,2,60,1,2,2,1,28,3,1,13,1,1,4,1,1,0
12,121856,1,1,1,25,10,17,9,1,0,1,0,12,1,35,32,35032,2,1996,1N4BB42D7TC5,1,N,4,B,B,4,2,D,7,T,C,5,0,P,NISS,2SR,CP,96,17,2413,,0,998,,G,,0,0,000000000,00000000000,0,0,0,1,0,0,0,0,0,0,0,998,0,1,5,0,13,6,2,1,0,0,0,1,12,34452,6,1,0,0,3,0,74,999,1,0,0,0,1,9,2009,9,2009,1,36,0,0,0,1,2,30,2,1,2,1,28,3,14,12,99,2,4,7,1,0
12,121857,1,2,1,31,10,21,44,12,2,1,0,12,2,12,401,12401,14,1997,1FMDU32X2VUB,1,F,M,D,U,3,2,X,2,V,U,B,0,P,FORD,EPR,UT,97,17,3939,,0,1115,,G,,0,0,000000000,00000000000,0,0,0,1,0,0,0,0,0,0,0,0,0,0,0,12,12,6,2,12,0,0,0,1,12,33565,6,1,0,0,3,0,68,999,1,0,0,0,0,4,2008,4,2008,0,38,0,0,0,1,2,99,1,1,2,1,28,3,11,98,1,1,1,82,0,1
12,121857,2,2,2,31,10,21,44,12,2,1,0,12,1,72,706,72706,80,2005,1HD1PKE145Y9,1,H,D,1,P,K,E,1,4,5,Y,9,0,M,HD,CS2,RS,5,17,,,,,,,1450,0,0,000000000,00000000000,0,0,0,1,0,0,0,0,0,0,0,66,0,0,0,12,12,6,2,12,0,0,0,1,12,33565,6,1,0,0,3,0,69,999,0,0,0,1,0,7,2008,7,2008,0,0,0,0,0,1,2,45,1,1,2,1,28,3,1,72,1,1,1,83,1,1
12,121858,1,1,2,1,11,18,0,1,0,1,0,12,1,49,40,49040,4,2009,4T1BE46K79U9,4,T,1,B,E,4,6,K,7,9,U,9,0,P,TOYT,CBA,4D,9,17,3263,,0,1090,,G,,0,0,000000000,00000000000,0,0,0,1,0,0,0,0,0,0,0,70,0,1,5,0,0,6,2,1,0,0,0,1,12,32052,6,1,0,0,3,3,65,999,0,0,0,2,0,11,2009,8,2010,1,36,0,0,0,1,2,55,1,2,2,1,28,3,1,13,6,4,4,7,1,1
12,121859,1,1,2,6,11,1,30,43,0,1,0,12,2,63,32,63032,5,2008,KNADE1634863,K,N,A,D,E,1,6,3,4,8,6,3,0,P,KIA,5SX,4H,8,17,2438,,0,984,,G,,0,0,000000000,00000000000,0,0,0,1,0,0,0,0,0,0,0,60,0,1,5,9,9,6,2,1,0,0,0,1,12,34433,6,1,0,0,3,0,69,999,0,0,0,0,0,0,0,0,0,1,36,0,0,0,1,2,55,3,1,2,1,28,3,14,13,1,3,4,2,2,0
12,121860,1,2,3,6,11,6,55,12,1,1,0,54,1,6,41,6041,4,1999,2C3HD46R2XH7,2,C,3,H,D,4,6,R,2,X,H,7,0,P,CHRY,CXL,4D,99,17,3362,,0,1130,,G,,0,0,000000000,00000000000,0,0,0,1,0,0,0,0,0,0,0,60,0,0,0,12,12,6,2,12,0,0,0,1,54,25107,6,1,0,0,3,0,74,999,0,1,0,0,1,11,2009,4,2010,0,36,0,0,0,2,2,55,1,1,2,1,3,3,1,50,1,1,1,20,1,0
12,121860,2,2,1,6,11,6,55,12,1,1,0,13,4,82,883,82883,66,2006,1FUJA6CK06LW,1,F,U,J,A,6,C,K,0,6,L,W,1,T,FRHT,COL,DS,6,17,,8,0,0,CON,D,,1,77,777777777,77777777777,3,6,1,1,0,0,0,0,0,0,0,0,0,0,0,6,6,4,1,12,0,0,0,1,13,30268,6,1,6,0,3,3,75,999,98,0,0,0,1,8,2009,8,2009,0,0,0,0,0,2,2,55,1,1,2,1,3,3,5,53,1,1,1,21,0,0
12,121861,1,1,1,12,11,17,22,1,0,1,0,12,1,7,39,7039,3,1993,JB3BM44H0PY0,J,B,3,B,M,4,4,H,0,P,Y,0,0,P,DODG,STL,2H,93,17,2976,,0,972,,G,,0,0,000000000,00000000000,0,0,0,1,0,0,0,0,0,0,0,55,0,2,5,0,0,6,2,1,0,0,0,1,12,34447,6,1,0,0,3,0,64,999,0,0,0,1,2,4,2008,2,2010,0,36,0,0,0,1,2,55,1,2,2,1,28,3,1,13,1,3,4,2,1,0
12,121862,1,1,1,27,10,20,59,1,0,1,0,37,2,72,706,72706,80,1990,1HD1BLL1XLY0,1,H,D,1,B,L,L,1,X,L,Y,0,0,M,HD,XST,RS,90,17,,,,,,,1340,0,0,000000000,00000000000,0,0,0,1,0,0,0,0,0,0,0,45,0,0,0,0,0,6,2,1,0,0,0,1,37,27587,6,1,0,0,3,3,73,999,0,0,0,0,0,0,0,0,0,0,36,0,0,0,2,2,65,1,1,2,1,28,3,1,11,1,1,4,1,1,0
12,121863,1,1,1,5,11,19,40,53,0,1,0,12,1,2,404,2404,14,1995,1J4FX58S0SC5,1,J,4,F,X,5,8,S,0,S,C,5,0,T,JEEP,LRO,4W,95,17,,1,0,1059,GCK,G,,0,0,000000000,00000000000,0,0,0,1,0,0,0,0,0,0,0,30,0,0,0,12,12,6,2,8,0,0,0,1,12,34667,6,1,0,0,3,0,64,999,0,0,0,0,0,0,0,0,0,0,36,0,0,0,1,2,30,1,1,2,1,0,0,1,12,1,1,4,6,0,0
12,121864,1,1,2,9,11,18,5,38,0,1,0,12,2,49,40,49040,4,1994,4T1GK13E5RU0,4,T,1,G,K,1,3,E,5,R,U,0,0,P,TOYT,XLE,4D,94,17,3131,,0,1031,,G,,0,0,000000000,00000000000,0,0,0,1,0,0,0,0,0,0,0,45,0,0,0,12,12,6,2,38,0,0,0,1,12,32566,1,1,0,0,2,0,67,999,0,7,0,0,1,3,2008,6,2010,0,36,0,0,0,1,2,30,4,1,2,1,28,3,14,12,1,1,4,6,1,1
12,121865,1,1,1,11,11,1,56,8,0,1,0,12,1,20,471,20471,30,1990,1GCCS14E8L21,1,G,C,C,S,1,4,E,8,L,2,1,0,T,CHEV,S14,PK,90,17,,1,1179,1083,S,G,,0,0,000000000,00000000000,0,0,0,1,0,0,0,0,0,0,0,998,0,0,0,12,12,4,3,8,0,0,0,1,12,32771,6,1,0,0,3,3,68,999,0,0,0,0,2,5,2009,7,2009,0,0,0,0,0,5,4,35,1,1,2,1,3,3,1,80,1,1,1,13,0,0
12,121866,1,1,2,5,10,1,54,1,0,1,0,12,2,37,31,37031,4,2009,2HGFA55579H7,2,H,G,F,A,5,5,5,7,9,H,7,0,P,HOND,UCS,4D,9,17,2959,,0,0,,G,,0,0,000000000,00000000000,0,0,0,1,0,0,0,0,0,0,0,90,0,1,5,0,99,6,2,19,0,0,0,1,12,33029,6,1,0,0,3,3,73,999,0,2,0,1,1,9,2009,10,2009,1,36,0,0,0,2,2,45,1,1,2,1,0,0,1,12,1,1,4,6,2,0
12,121867,1,1,2,29,10,22,36,1,0,1,0,12,1,73,706,73706,80,2009,JKBZXNC179A0,J,K,B,Z,X,N,C,1,7,9,A,0,0,M,KAWK,X4C,RC,9,17,,,,,,,1352,0,0,000000000,00000000000,0,0,0,1,0,0,0,0,0,0,0,999,0,0,0,0,0,6,2,1,0,0,0,1,12,32127,1,1,0,0,2,0,68,999,0,0,0,0,0,0,0,0,0,1,0,0,0,0,2,2,45,4,1,2,1,28,3,14,6,1,1,4,1,1,0
12,121868,1,1,1,11,11,19,30,8,0,1,0,12,2,2,404,2404,14,1998,1J4FX78SXWC2,1,J,4,F,X,7,8,S,X,W,C,2,0,T,JEEP,LMT,4W,98,17,,1,0,1059,GCK,G,,0,0,000000000,00000000000,0,0,0,1,0,0,0,0,0,0,0,998,0,0,0,12,12,4,9,8,0,0,0,1,12,32605,6,1,0,0,3,0,69,999,0,0,0,2,0,6,2008,8,2008,0,0,0,0,0,2,2,45,1,2,2,1,0,0,1,80,6,1,2,13,0,0
12,121869,1,1,2,13,11,15,59,1,0,1,0,12,2,12,401,12401,14,2001,1FMCU60E81UC,1,F,M,C,U,6,0,E,8,1,U,C,0,P,FORD,EPR,UT,1,17,3769,,0,1018,,G,,0,0,000000000,00000000000,0,0,0,1,0,0,0,0,0,0,0,70,0,1,5,0,0,6,2,1,0,0,0,1,12,32504,6,1,0,0,3,3,63,999,0,0,0,0,0,0,0,0,0,0,0,0,0,0,2,2,70,1,1,2,1,28,3,1,1,1,4,4,1,1,0
12,121870,1,2,2,21,10,23,30,12,2,1,0,12,1,37,32,37032,4,2002,1HGCG16582A0,1,H,G,C,G,1,6,5,8,2,A,0,0,P,HOND,UEX,4D,2,17,3329,,0,1069,,G,,0,0,000000000,00000000000,0,0,0,1,0,0,0,0,0,0,0,998,0,0,0,12,12,6,2,12,0,0,0,1,12,32960,6,1,0,0,3,0,61,999,0,0,0,0,0,0,0,0,0,0,38,0,0,0,2,3,45,1,1,2,1,3,3,11,15,1,1,1,68,0,0
12,121870,2,2,1,21,10,23,30,12,2,1,0,12,2,20,20,20020,4,1997,2G1WL52M1V11,2,G,1,W,L,5,2,M,1,V,1,1,0,P,CHEV,L/S,4D,97,17,3360,,0,1075,,G,,0,0,000000000,00000000000,0,0,0,1,0,0,0,0,0,0,0,998,0,0,0,12,12,6,2,12,0,0,0,1,12,32960,6,1,0,0,3,0,73,999,0,0,0,0,0,0,0,0,0,1,0,0,0,0,2,3,45,1,1,2,1,3,3,1,66,1,1,1,69,1,0
12,121871,1,1,1,1,11,11,40,8,0,1,0,12,2,7,422,7422,15,2006,1D4HD48N56F1,1,D,4,H,D,4,8,N,5,6,F,1,0,P,DODG,DUR,UT,6,17,4549,,0,1192,,G,,0,0,000000000,00000000000,0,0,0,1,0,0,0,0,0,0,0,10,0,0,0,3,3,4,3,8,0,0,0,1,12,33012,6,1,0,0,3,0,69,999,0,0,0,0,0,0,0,0,0,0,38,0,0,0,2,2,35,1,1,2,1,3,3,10,80,1,1,1,13,0,0
12,121872,1,1,1,7,11,2,49,1,0,1,0,12,2,52,401,52401,14,1998,JA4LS31P9WP0,J,A,4,L,S,3,1,P,9,W,P,0,0,P,MITS,MNS,UT,98,17,3755,,0,1073,,G,,0,0,000000000,00000000000,0,0,0,1,0,0,0,0,0,0,0,70,0,2,5,0,0,6,2,1,0,0,0,1,12,33572,6,1,0,0,3,0,62,999,0,0,0,2,1,12,2009,8,2010,1,36,0,0,0,2,3,50,1,1,2,1,28,3,1,13,6,3,4,2,1,1
12,121873,1,2,2,8,11,22,55,25,0,1,0,12,2,2,405,2405,14,2005,1J4GK48K55W6,1,J,4,G,K,4,8,K,5,5,W,6,0,T,JEEP,SPR,4W,5,17,,1,0,1043,LIB,G,,0,0,000000000,00000000000,0,0,0,1,0,0,0,0,0,0,0,84,0,1,3,11,11,6,2,1,0,0,0,1,12,33408,1,1,0,0,2,0,72,999,0,3,1,0,0,10,2009,1,2010,1,0,0,0,0,3,2,55,3,1,2,1,28,3,14,13,6,1,4,6,1,1
12,121873,2,2,1,8,11,22,55,25,0,1,0,12,1,7,482,7482,31,1997,3B7HF13Z9VG7,3,B,7,H,F,1,3,Z,9,V,G,7,0,T,DODG,150,PC,97,17,,2,1547,1387,RPC,G,,0,0,000000000,00000000000,0,0,0,1,0,0,0,0,0,0,0,30,0,0,0,14,14,0,1,12,0,0,0,1,12,33147,6,1,6,0,3,3,75,999,0,0,0,0,0,0,0,0,0,0,0,0,0,0,3,2,55,3,1,2,1,28,3,14,60,1,1,1,98,0,0
12,121874,1,1,1,11,11,5,50,42,0,1,0,12,1,41,50,41050,4,2007,1YVHP80D275M,1,Y,V,H,P,8,0,D,2,7,5,M,0,P,MAZD,M6S,4D,7,17,0,,0,1053,,G,,0,0,000000000,00000000000,0,0,0,1,0,0,0,0,0,0,0,55,0,0,0,9,9,6,2,42,0,0,0,1,12,34210,6,1,0,0,3,0,66,999,1,0,0,2,0,1,2008,9,2009,0,36,0,0,0,1,2,55,3,2,2,1,28,3,14,13,6,3,4,2,1,1
12,121875,1,2,2,11,11,10,30,12,6,1,0,12,1,14,21,14021,4,2010,3MEHM0JG3AR6,3,M,E,H,M,0,J,G,3,A,R,6,0,P,MERC,MPR,4D,10,17,3303,,0,1074,,F,,0,0,000000000,00000000000,0,0,0,1,0,0,0,0,0,0,0,15,0,0,0,9,9,6,2,12,0,0,0,1,12,32904,6,1,0,0,3,3,72,999,0,0,0,0,0,0,0,0,0,0,38,0,0,0,1,2,15,1,1,2,1,28,3,11,15,1,1,1,82,1,0
12,121875,2,2,1,11,11,10,30,12,6,1,0,12,1,7,482,7482,31,2003,3D7KA26D23G7,3,D,7,K,A,2,6,D,2,3,G,7,0,T,DODG,S25,PK,3,17,,2,0,1405,RPC,G,,0,0,000000000,00000000000,0,0,0,1,0,0,0,0,0,0,0,45,0,0,0,12,12,6,2,12,0,0,0,1,12,32952,6,1,0,0,3,3,70,999,0,0,0,0,0,0,0,0,0,0,0,0,0,0,1,2,45,1,1,2,1,28,3,1,66,1,1,1,83,0,0
12,121876,1,2,1,13,11,18,15,12,8,1,0,47,1,2,403,2403,14,1997,1J4FY19S4VP4,1,J,4,F,Y,1,9,S,4,V,P,4,0,T,JEEP,SPW,2W,97,17,,1,0,934,W/T,G,,0,0,000000000,00000000000,0,0,0,1,0,0,0,0,0,0,0,35,0,1,1,11,11,6,2,1,0,0,0,1,47,37862,6,1,0,0,3,0,68,999,0,0,0,0,0,0,0,0,0,0,27,0,0,0,5,5,45,1,1,2,1,28,3,15,11,1,1,2,64,1,1
12,121876,2,2,2,13,11,18,15,12,8,1,0,12,2,49,32,49032,4,2001,1NXBR12E21Z4,1,N,X,B,R,1,2,E,2,1,Z,4,0,P,TOYT,UCS,4D,1,17,2410,,0,970,,G,,0,0,000000000,00000000000,0,0,0,1,0,0,0,0,0,0,0,0,0,0,0,11,11,6,2,12,0,0,0,1,12,33990,6,1,0,0,3,0,72,999,0,0,0,0,0,0,0,0,0,0,0,0,0,0,5,5,45,1,1,2,1,28,3,5,62,1,1,1,65,0,0
12,121877,1,1,1,30,10,20,8,8,0,1,1,99,9,99,999,99999,99,9999,999999999999,9,9,9,9,9,9,9,9,9,9,9,9,0,U,,,,9,17,,,,,,,,0,0,000000000,00000000000,0,0,0,1,0,0,0,0,0,0,0,999,0,0,0,12,12,0,1,8,0,0,0,1,99,99999,9,9,99,9,9,9,999,999,99,99,99,99,99,99,9999,99,9999,0,0,0,0,0,1,2,50,1,1,2,1,0,0,1,80,1,1,1,13,0,0
12,121878,1,2,1,27,10,21,40,12,6,1,0,12,1,7,442,7442,20,2000,2B4GP44G7YR7,2,B,4,G,P,4,4,G,7,Y,R,7,0,P,DODG,CAR,SV,0,17,3863,,0,1193,,F,,0,0,000000000,00000000000,0,0,0,1,0,0,0,0,0,0,0,20,0,0,0,4,4,4,3,12,0,0,0,1,12,33024,6,1,0,0,3,0,74,999,0,0,0,1,0,3,2010,3,2010,0,38,0,0,0,2,3,45,1,1,2,1,3,3,11,62,1,1,1,68,0,0
12,121878,2,2,1,27,10,21,40,12,6,1,0,12,1,37,706,37706,80,2008,JH2SC59018M0,J,H,2,S,C,5,9,0,1,8,M,0,0,M,HOND,CBS,RC,8,17,,,,,,,998,0,0,000000000,00000000000,0,0,0,1,0,0,0,0,0,0,0,25,0,0,0,12,12,6,2,12,0,0,0,1,12,33027,6,1,0,0,3,0,67,999,1,2,0,3,0,9,2008,12,2009,0,0,0,0,0,2,3,45,1,1,2,1,3,3,1,17,1,1,1,69,1,0
12,121879,1,2,3,30,10,2,29,12,6,1,0,12,1,37,32,37032,4,2001,1HGCG16581A0,1,H,G,C,G,1,6,5,8,1,A,0,0,P,HOND,UEX,4D,1,17,3329,,0,1069,,G,,0,0,000000000,00000000000,0,0,0,1,0,0,0,0,0,0,0,30,0,0,0,9,9,6,2,12,0,0,0,1,12,33009,6,1,0,0,3,0,60,999,0,0,0,0,0,0,0,0,0,0,38,39,0,0,1,2,30,1,1,2,1,4,3,1,17,1,1,1,89,1,0
12,121879,2,2,1,30,10,2,29,12,6,1,0,12,3,84,881,84881,66,1999,2HSFRALR4XC0,2,H,S,F,R,A,L,R,4,X,C,0,1,T,INTL,910,TM,99,17,,8,2220,1580,910,D,,1,77,777777777,77777777777,3,6,3,1,0,0,0,0,0,0,0,35,0,0,0,12,12,4,3,12,0,0,0,1,12,33027,6,1,6,3,3,0,72,999,0,0,0,0,0,0,0,0,0,0,0,0,0,0,1,2,40,1,1,2,1,4,3,1,66,1,1,1,88,0,0
12,121880,1,1,1,9,11,7,15,1,0,1,0,12,1,52,34,52034,4,1994,4A3AJ46G4RE0,4,A,3,A,J,4,6,G,4,R,E,0,0,P,MITS,USG,4D,94,17,2822,,0,1037,,G,,0,0,000000000,00000000000,0,0,0,1,0,0,0,0,0,0,0,35,0,1,6,0,0,6,2,3,0,0,0,1,12,33476,1,1,0,0,2,0,75,999,0,11,0,1,0,6,2008,9,2010,0,48,0,0,0,1,2,35,1,1,5,1,0,0,1,13,1,1,4,1,1,0
12,121881,1,1,2,10,11,22,49,42,0,1,0,12,2,20,481,20481,31,2007,1GCJC33DX7F1,1,G,C,J,C,3,3,D,X,7,F,1,0,T,CHEV,SC3,CW,7,17,,3,0,1670,SIL,D,,0,0,000000000,00000000000,0,0,0,1,0,0,0,0,0,0,0,999,0,0,0,1,1,6,2,42,0,0,0,1,12,33510,6,1,0,0,3,0,66,999,0,0,0,0,0,0,0,0,0,1,36,0,0,0,1,4,30,3,2,2,1,28,3,14,13,1,1,4,1,1,1
12,121882,1,1,1,14,10,21,50,1,0,1,0,1,1,20,481,20481,31,2002,1GCEK19T02E2,1,G,C,E,K,1,9,T,0,2,E,2,0,T,CHEV,SK1,4C,2,17,,2,1575,1435,SIL,G,,0,0,000000000,00000000000,0,0,0,1,0,0,0,0,0,0,0,65,0,1,5,0,0,6,2,1,0,0,0,1,1,36442,6,1,0,0,3,0,66,999,0,0,0,0,1,9,2009,9,2009,1,36,0,0,0,1,2,55,1,2,2,1,28,3,1,12,7,4,4,7,1,1
12,121883,1,2,1,10,7,7,22,12,6,1,1,12,9,55,33,55033,4,2004,KMHWF35H24A9,K,M,H,W,F,3,5,H,2,4,A,9,0,P,HYUN,SGX,4D,4,17,3212,,0,1063,,G,,0,0,000000000,00000000000,0,0,0,1,0,0,0,0,0,0,0,45,0,0,0,83,5,4,1,8,0,0,0,1,99,99999,9,9,99,9,9,9,999,999,99,99,99,99,99,99,9999,99,9999,1,39,36,38,0,4,3,30,1,1,2,1,3,3,1,17,1,1,1,87,0,0
12,121883,2,2,4,10,7,7,22,12,6,1,0,12,1,7,482,7482,31,2004,1D7HA18N04S7,1,D,7,H,A,1,8,N,0,4,S,7,0,T,DODG,SQ1,CW,4,17,,2,1605,1405,RPC,G,,0,0,000000000,00000000000,0,0,0,1,0,0,0,0,0,0,0,30,0,0,0,12,12,6,2,12,0,0,0,1,12,33707,6,1,0,0,3,0,72,999,0,0,0,0,0,0,0,0,0,0,0,0,0,0,4,3,35,1,1,2,1,3,3,1,66,1,1,1,86,0,0
12,121884,1,2,1,4,9,3,12,12,1,1,0,12,1,73,705,73705,80,2008,JKAZX4P158A0,J,K,A,Z,X,4,P,1,5,8,A,0,0,M,KAWK,ZXP,RS,8,17,,,,,,,599,0,0,000000000,00000000000,0,0,0,1,0,0,0,0,0,0,0,100,0,0,0,12,12,6,2,12,0,0,0,1,12,34235,1,1,0,0,2,3,999,999,0,3,0,0,2,7,2008,10,2009,1,36,0,0,0,5,6,45,1,1,2,1,0,0,1,51,3,1,1,24,1,1
12,121884,2,2,1,4,9,3,12,12,1,1,0,12,1,35,401,35401,14,2007,5N1AR18U77C6,5,N,1,A,R,1,8,U,7,7,C,6,0,P,NISS,PFI,UT,7,17,4249,,0,1122,,G,,0,0,000000000,00000000000,0,0,0,1,0,0,0,0,0,0,0,40,0,0,0,6,6,4,3,12,0,0,0,1,97,0,9,9,99,9,9,9,999,999,99,99,99,99,99,99,9999,99,9999,0,0,0,0,0,5,6,45,1,1,2,1,0,0,1,53,1,1,1,25,0,0
12,121885,1,1,1,6,9,22,53,8,0,1,1,99,9,99,999,99999,99,9999,999999999999,9,9,9,9,9,9,9,9,9,9,9,9,0,U,,,,9,17,,,,,,,,0,0,000000000,00000000000,0,0,0,1,0,0,0,0,0,0,0,35,0,0,0,99,99,4,1,8,0,0,0,1,99,99999,9,9,99,9,9,9,999,999,99,99,99,99,99,99,9999,99,9999,0,0,0,0,0,1,4,40,1,1,2,2,0,0,1,80,99,1,1,13,0,0
12,121886,1,7,1,7,9,13,6,12,1,1,0,12,2,62,421,62421,15,2006,SALSF25476A9,S,A,L,S,F,2,5,4,7,6,A,9,0,T,LNDR,SPH,4W,6,17,,2,0,1080,RSP,G,,0,0,000000000,00000000000,0,0,0,1,0,0,0,0,0,0,0,50,0,1,1,12,12,6,2,1,0,0,0,1,12,33710,6,1,0,0,3,0,73,999,0,0,0,1,1,9,2009,5,2010,0,36,0,0,0,2,2,45,1,1,2,1,3,3,1,50,1,1,1,20,0,0
12,121886,2,7,1,7,9,13,6,12,1,1,0,12,1,49,32,49032,4,1999,2T1BR12E1XC1,2,T,1,B,R,1,2,E,1,X,C,1,0,P,TOYT,UVL,4D,99,17,2414,,0,970,,G,,0,0,000000000,00000000000,0,0,0,1,0,0,0,0,0,0,0,0,0,0,0,6,6,6,2,12,0,0,0,1,12,33710,6,1,0,0,3,3,62,999,0,0,0,0,0,0,0,0,0,0,0,0,0,0,2,2,45,1,1,2,1,3,3,5,53,1,1,1,21,1,0
12,121886,3,7,1,7,9,13,6,12,1,1,0,12,1,54,39,54039,4,2005,JH4CL96875C0,J,H,4,C,L,9,6,8,7,5,C,0,0,P,ACUR,TSX,4D,5,17,3318,,0,1051,,G,,0,0,000000000,00000000000,0,0,0,1,0,0,0,0,0,0,0,0,0,0,0,6,6,6,2,12,0,0,0,1,12,33710,6,1,0,0,3,3,72,999,0,0,0,0,0,0,0,0,0,0,0,0,0,0,2,2,45,1,1,2,1,3,3,5,53,1,1,1,98,0,0
12,121886,4,7,2,7,9,13,6,12,1,1,0,12,1,7,403,7403,14,2008,1D8GT58KX8W1,1,D,8,G,T,5,8,K,X,8,W,1,0,P,DODG,NIT,UT,8,17,3982,,0,1088,,G,,0,0,000000000,00000000000,0,0,0,1,0,0,0,0,0,0,0,0,0,0,0,6,6,4,1,12,0,0,0,1,12,33707,6,1,0,0,3,0,74,999,0,0,0,0,0,0,0,0,0,0,0,0,0,0,2,2,45,1,1,2,1,3,3,5,53,1,1,1,98,0,0
12,121886,5,7,1,7,9,13,6,12,1,1,0,12,2,6,43,6043,4,2006,1C3EL56R56N1,1,C,3,E,L,5,6,R,5,6,N,1,0,P,CHRY,STO,4D,6,17,3093,,0,1080,,G,,0,0,000000000,00000000000,0,0,0,1,0,0,0,0,0,0,0,0,0,0,0,9,9,4,1,12,0,0,0,1,12,33712,6,1,0,0,3,0,65,999,0,0,0,0,0,0,0,0,0,0,0,0,0,0,2,2,45,1,1,2,1,3,3,5,61,1,1,1,98,0,0
12,121886,6,7,2,7,9,13,6,12,1,1,0,12,3,12,461,12461,21,2005,1FTNE24W75HA,1,F,T,N,E,2,4,W,7,5,H,A,0,T,FORD,25V,CG,5,17,,2,0,1380,VAN,G,,0,0,000000000,00000000000,0,0,0,1,0,0,0,0,0,0,0,0,0,0,0,7,12,4,3,12,0,0,0,1,12,33967,6,1,0,0,3,3,72,999,1,1,0,0,1,2,2009,6,2009,0,0,0,0,0,2,2,45,1,1,2,1,3,3,5,61,1,1,1,98,0,0
12,121886,7,7,1,7,9,13,6,12,1,1,0,12,1,7,482,7482,31,2006,1D7HA18N16J1,1,D,7,H,A,1,8,N,1,6,J,1,0,T,DODG,SQ1,CW,6,17,,2,1405,1205,RPC,G,,0,0,000000000,00000000000,0,0,0,1,0,0,0,0,0,0,0,0,0,0,0,6,6,6,2,12,0,0,0,1,12,33707,6,1,0,0,3,3,69,999,0,0,0,0,0,0,0,0,0,0,0,0,0,0,2,2,45,1,1,2,1,3,3,5,60,1,1,1,98,0,0