STATE,ST_CASE,VEH_NO,VE_FORMS,NUMOCCS,DAY,MONTH,HOUR,MINUTE,HARM_EV,MAN_COLL,UNITTYPE,HIT_RUN,REG_STAT,OWNER,MAKE,MODEL,MAK_MOD,BODY_TYP,MOD_YEAR,VIN,VIN_1,VIN_2,VIN_3,VIN_4,VIN_5,VIN_6,VIN_7,VIN_8,VIN_9,VIN_10,VIN_11,VIN_12,TOW_VEH,VINTYPE,VINMAKE,VINA_MOD,VIN_BT,VINMODYR,VIN_LNGT,VIN_WGT,WGTCD_TR,WHLBS_LG,WHLBS_SH,SER_TR,FUELCODE,MCYCL_DS,J_KNIFE,MCARR_I1,MCARR_I2,MCARR_ID,GVWR,V_CONFIG,CARGO_BT,HAZ_INV,HAZ_PLAC,HAZ_ID,HAZ_CNO,HAZ_REL,BUS_USE,SPEC_USE,EMER_USE,TRAV_SP,UNDERIDE,ROLLOVER,ROLINLOC,IMPACT1,IMPACT2,DEFORMED,TOWED,M_HARM,VEH_SC1,VEH_SC2,FIRE_EXP,DR_PRES,L_STATE,DR_ZIP,L_STATUS,L_TYPE,CDL_STAT,L_ENDORS,L_COMPL,L_RESTRI,DR_HGT,DR_WGT,PREV_ACC,PREV_SUS,PREV_DWI,PREV_SPD,PREV_OTH,FIRST_MO,FIRST_YR,LAST_MO,LAST_YR,SPEEDREL,DR_SF1,DR_SF2,DR_SF3,DR_SF4,VTRAFWAY,VNUM_LAN,VSPD_LIM,VALIGN,VPROFILE,VPAVETYP,VSURCOND,VTRAFCON,VTCONT_F,P_CRASH1,P_CRASH2,P_CRASH3,PCRASH4,PCRASH5,ACC_TYPE,DEATHS,DR_DRINK
12,121955,2,2,1,21,11,13,25,12,1,1,0,12,3,20,481,20481,31,2009,1GCHC49K89E1,1,G,C,H,C,4,9,K,8,9,E,1,0,T,CHEV,2CH,4C,9,17,,2,1575,1435,SIL,G,,0,0,000000000,00000000000,0,0,0,1,0,0,0,0,0,0,0,0,0,0,0,6,6,4,3,12,42,0,0,1,12,33169,6,1,0,0,3,3,76,999,0,0,0,0,2,2,2008,4,2010,0,0,0,0,0,3,6,55,3,2,1,1,28,3,5,60,1,1,4,21,0,0
12,121956,1,2,1,22,11,18,5,12,6,1,0,12,1,37,705,37705,80,2006,JH2PC370X6M3,J,H,2,P,C,3,7,0,X,6,M,3,0,M,HOND,B60,RS,6,17,,,,,,,599,0,0,000000000,00000000000,0,0,0,1,0,0,0,0,0,0,0,85,0,0,0,12,12,6,2,12,0,0,0,1,12,33711,6,1,0,0,3,0,65,999,1,0,0,2,1,12,2008,3,2010,1,36,0,0,0,2,3,45,1,1,2,1,28,3,1,62,1,1,1,69,1,0
12,121956,2,2,1,22,11,18,5,12,6,1,0,12,2,20,2,20002,4,2004,2G1WF52E8492,2,G,1,W,F,5,2,E,8,4,9,2,0,P,CHEV,IMP,4D,4,17,3389,,0,1105,,G,,0,0,000000000,00000000000,0,0,0,1,0,0,0,0,0,0,0,10,0,0,0,4,4,6,2,12,0,0,0,1,12,33713,6,1,0,0,3,0,68,999,0,1,0,3,1,8,2008,5,2010,0,38,0,0,0,2,3,35,1,1,2,1,28,3,11,15,1,1,1,68,0,0
12,121957,1,2,1,22,11,6,15,12,6,1,0,12,1,20,481,20481,31,2004,1GCHK29214E3,1,G,C,H,K,2,9,2,1,4,E,3,0,T,CHEV,2KH,4C,4,17,,2,1575,1435,SIL,D,,0,0,000000000,00000000000,0,0,0,1,0,0,0,0,0,0,0,60,0,1,5,9,9,6,2,12,0,0,0,1,12,32615,6,1,0,0,3,0,71,999,0,0,0,0,0,0,0,0,0,0,36,28,0,0,1,2,60,2,1,2,1,28,3,14,12,7,3,6,64,1,1
12,121957,2,2,1,22,11,6,15,12,6,1,0,12,3,86,881,86881,66,1997,1M1AA08Y6VW0,1,M,1,A,A,0,8,Y,6,V,W,0,1,T,MACK,CH6,DS,97,17,,8,0,0,600,D,,1,77,777777777,77777777777,3,6,97,1,0,0,0,0,0,0,0,60,0,1,5,12,12,6,2,12,0,0,0,1,12,32622,6,1,6,3,3,0,70,999,0,0,0,0,0,0,0,0,0,0,0,0,0,0,1,2,60,2,1,2,1,28,3,14,62,1,1,1,65,0,0
12,121958,1,2,1,24,11,21,12,12,1,1,0,12,1,12,17,12017,4,1999,1FAFP54N3XA2,1,F,A,F,P,5,4,N,3,X,A,2,0,P,FORD,SHO,4D,99,17,3329,,0,1085,,G,,0,0,000000000,00000000000,0,0,0,1,0,0,0,0,0,0,0,80,0,0,0,12,12,6,2,12,0,0,0,1,48,76028,6,1,0,0,3,0,999,999,0,0,0,0,0,0,0,0,0,1,24,0,0,0,1,2,45,1,1,2,1,28,3,1,51,6,1,1,24,0,1
12,121958,2,2,3,24,11,21,12,12,1,1,0,12,1,52,401,52401,14,2000,JA4LS21H9YP0,J,A,4,L,S,2,1,H,9,Y,P,0,0,P,MITS,MNS,UT,0,17,3810,,0,1073,,G,,0,0,000000000,00000000000,0,0,0,1,0,0,0,0,0,0,0,45,0,1,5,6,6,6,2,1,0,0,0,1,12,32927,6,1,0,0,3,0,62,999,0,0,0,0,0,0,0,0,0,0,0,0,0,0,1,2,45,1,1,2,1,28,3,1,53,1,1,1,25,1,0
12,121959,1,1,1,25,11,3,2,34,0,1,0,12,2,49,40,49040,4,1999,4T1BG22K9XU4,4,T,1,B,G,2,2,K,9,X,U,4,0,P,TOYT,UEX,4D,99,17,2998,,0,1051,,G,,0,0,000000000,00000000000,0,0,0,1,0,0,0,0,0,0,0,999,0,0,0,12,12,6,2,53,0,0,0,1,12,33567,1,1,0,0,2,0,71,999,1,12,1,3,0,1,2008,9,2010,0,0,0,0,0,1,2,40,1,1,1,1,0,0,1,12,1,1,4,6,1,1
12,121960,1,2,2,25,11,11,5,12,7,1,0,12,1,20,882,20882,62,1988,J8BH6A1N4J31,J,8,B,H,6,A,1,N,4,J,3,1,0,T,CHEV,W6R,TB,88,17,,6,1860,1620,600,D,,0,77,777777777,77777777777,2,1,96,1,0,0,0,0,0,0,0,70,0,1,3,5,5,6,2,1,0,0,0,1,12,32720,6,1,0,0,3,0,72,999,0,0,0,0,0,0,0,0,0,0,80,0,0,0,3,3,70,1,1,2,1,28,3,1,1,1,1,2,48,1,0
12,121960,2,2,4,25,11,11,5,12,7,1,0,12,1,7,422,7422,15,2005,1D4HD48N95F5,1,D,4,H,D,4,8,N,9,5,F,5,0,P,DODG,DUR,UT,5,17,4479,,0,1192,,G,,0,0,000000000,00000000000,0,0,0,1,0,0,0,0,0,0,0,70,0,0,0,7,7,6,2,12,0,0,0,1,12,32011,6,1,0,0,3,3,63,999,0,0,0,0,0,0,0,0,0,0,0,0,0,0,3,3,70,1,1,2,1,28,3,1,61,1,1,1,48,0,0
12,121961,1,1,2,26,11,22,26,9,0,1,1,12,2,41,43,41043,4,1994,JM1HD4618R03,J,M,1,H,D,4,6,1,8,R,0,3,0,P,MAZD,929,4D,94,17,3627,,0,1122,,G,,0,0,000000000,00000000000,0,0,0,1,0,0,0,0,0,0,0,55,0,0,0,12,12,4,3,9,0,0,0,1,12,32563,2,1,0,0,2,0,73,999,0,1,1,1,0,4,2008,6,2010,0,28,0,0,0,2,2,55,1,1,2,1,28,3,1,11,1,1,4,13,0,1
12,121962,1,1,6,26,11,23,58,1,0,1,0,12,1,12,401,12401,14,2001,1FMZU67E11UC,1,F,M,Z,U,6,7,E,1,1,U,C,0,P,FORD,EPR,UT,1,17,4117,,0,1259,,G,,0,0,000000000,00000000000,0,0,0,1,0,0,0,0,0,0,0,60,0,1,5,0,0,6,2,1,0,0,1,1,12,32043,6,1,0,0,3,0,63,999,0,1,0,0,0,1,2010,1,2010,0,36,0,0,0,1,2,40,1,2,2,2,28,3,1,12,6,1,4,6,1,0
12,121963,1,1,1,27,11,22,7,8,0,1,0,12,2,20,23,20023,6,2008,3GNDA23D98S5,3,G,N,D,A,2,3,D,9,8,S,5,0,P,CHEV,HHR,UT,8,17,3155,,0,1035,,G,,0,0,000000000,00000000000,0,0,0,1,0,0,0,0,0,0,0,40,0,0,0,12,12,4,1,8,0,0,0,1,12,33183,6,1,0,0,3,3,64,999,0,1,0,1,1,5,2009,6,2010,0,0,0,0,0,2,3,45,1,1,2,1,0,0,1,80,1,1,1,13,0,0
12,121964,1,1,1,28,11,8,15,1,0,1,0,12,1,34,709,34709,80,2006,WB10597046ZN,W,B,1,0,5,9,7,0,4,6,Z,N,0,M,BMW,KGT,RS,6,17,,,,,,,1157,0,0,000000000,00000000000,0,0,0,1,0,0,0,0,0,0,0,45,0,0,0,0,0,6,2,1,0,0,0,1,12,34110,6,1,0,0,3,3,71,999,0,0,0,0,1,2,2009,2,2009,0,0,0,0,0,1,2,45,2,2,2,1,98,3,14,5,1,4,4,7,1,0
12,121965,1,2,1,30,11,7,55,12,6,1,0,12,1,49,32,49032,4,1998,1NXBR12EXWZ0,1,N,X,B,R,1,2,E,X,W,Z,0,0,P,TOYT,UVL,4D,98,17,2414,,0,970,,G,,0,0,000000000,00000000000,0,0,0,1,0,0,0,0,0,0,0,15,0,0,0,9,9,6,2,12,0,0,0,1,12,34653,6,1,0,0,3,3,62,999,0,0,0,0,0,0,0,0,0,0,38,0,0,0,2,3,45,1,1,2,1,0,0,15,10,1,1,2,47,1,0
12,121965,2,2,4,30,11,7,55,12,6,1,0,28,2,63,402,63402,14,2004,KNDJC7335451,K,N,D,J,C,7,3,3,5,4,5,1,0,P,KIA,SOR,UT,4,17,4112,,0,1067,,G,,0,0,000000000,00000000000,0,0,0,1,0,0,0,0,0,0,0,45,0,0,0,1,1,4,3,12,0,0,0,1,28,39083,6,1,0,0,3,0,63,999,0,0,0,0,0,0,0,0,0,0,0,0,0,0,2,3,45,1,1,2,1,0,0,1,60,1,1,1,45,0,0
12,121966,1,1,1,2,11,19,32,8,0,1,0,12,2,18,2,18002,4,2002,1G4HP54K52U3,1,G,4,H,P,5,4,K,5,2,U,3,0,P,BUIC,LCF,4D,2,17,3567,,0,1122,,G,,0,0,000000000,00000000000,0,0,0,1,0,0,0,0,0,0,0,40,0,0,0,12,12,4,3,8,0,0,0,1,12,32927,6,1,6,0,3,0,70,999,0,0,0,2,0,4,2008,4,2010,0,0,0,0,0,5,5,35,1,1,2,1,3,3,1,80,1,1,1,13,0,0
12,121967,1,1,1,9,11,19,18,53,0,1,0,92,0,98,709,98709,80,9999,L4BEGHDA7580,L,4,B,E,G,H,D,A,7,5,8,0,0,U,,,,5,17,,,,,,,,0,0,000000000,00000000000,0,0,0,1,0,0,0,0,0,0,0,999,0,0,0,11,11,6,2,53,0,0,0,1,12,33993,6,1,0,0,3,0,74,999,0,1,0,1,0,6,2009,1,2010,0,36,0,0,0,1,2,30,1,1,1,1,0,0,1,13,1,1,4,1,1,1
12,121968,1,1,2,13,11,23,54,8,0,1,0,12,1,2,405,2405,14,2006,1J4GK48K86W2,1,J,4,G,K,4,8,K,8,6,W,2,0,T,JEEP,SPR,4W,6,17,,1,0,1043,LIB,G,,0,0,000000000,00000000000,0,0,0,1,0,0,0,0,0,0,0,40,0,0,0,12,12,4,1,8,0,0,0,1,12,33714,6,1,0,0,3,3,72,999,0,0,0,1,0,3,2010,3,2010,0,0,0,0,0,2,3,40,1,1,2,1,0,0,1,80,1,1,1,13,0,0
12,121969,1,2,3,13,11,99,99,12,6,1,0,12,2,12,3,12003,3,1993,1FACP41E7PF2,1,F,A,C,P,4,1,E,7,P,F,2,0,P,FORD,MLX,2H,93,17,2834,,0,1005,,G,,0,0,000000000,00000000000,0,0,0,1,0,0,0,0,0,0,0,50,0,0,0,11,11,6,2,12,0,0,0,1,12,33165,6,1,0,0,3,0,67,999,0,1,0,0,0,2,2008,2,2008,1,0,0,0,0,1,2,35,1,1,2,1,0,0,1,66,1,1,1,86,0,0
12,121969,2,2,1,13,11,99,99,12,6,1,0,12,1,64,33,64033,4,2000,KLAVB6927YB2,K,L,A,V,B,6,9,2,7,Y,B,2,0,P,DAEW,LGS,4D,0,17,3086,,0,1051,,G,,0,0,000000000,00000000000,0,0,0,1,0,0,0,0,0,0,0,25,0,0,0,3,3,6,2,12,0,0,0,1,12,33126,6,1,0,0,3,0,66,999,0,0,0,0,1,9,2010,9,2010,0,39,0,0,0,1,2,30,1,1,2,1,20,3,1,17,1,1,1,87,1,0
12,121970,1,2,1,15,11,18,20,12,6,1,0,12,3,18,22,18022,4,2006,2G4WC5820612,2,G,4,W,C,5,8,2,0,6,1,2,0,P,BUIC,LCX,4D,6,17,3495,,0,1105,,G,,0,0,000000000,00000000000,0,0,0,1,0,0,0,0,0,0,0,15,0,0,0,61,61,4,1,12,0,0,0,1,12,32202,6,1,0,0,3,3,65,999,0,0,0,0,0,0,0,0,0,0,38,0,0,0,1,2,40,1,1,2,1,20,3,11,15,1,1,1,76,0,0
12,121970,2,2,1,15,11,18,20,12,6,1,0,12,1,53,704,53704,80,2005,JS1CK43A3521,J,S,1,C,K,4,3,A,3,5,2,1,0,M,SUZI,A4K,MS,5,17,,,,,,,385,0,0,000000000,00000000000,0,0,0,1,0,0,0,0,0,0,0,40,0,0,0,12,12,4,3,12,0,0,0,1,12,32210,6,1,6,0,3,0,72,999,0,0,0,0,0,0,0,0,0,0,0,0,0,0,2,2,40,1,1,2,1,0,0,1,65,1,1,1,77,1,0
12,121971,1,1,1,19,11,16,0,8,0,1,0,18,3,82,881,82881,66,2007,1FUTJBBCK07L,1,F,U,T,J,B,B,C,K,0,7,L,1,U,,,,,17,,,,,,,,1,18,264184,18264184,3,6,1,1,0,0,0,0,0,0,0,42,0,0,0,12,12,4,1,8,0,0,0,1,13,31313,6,1,6,3,3,3,76,999,98,0,0,0,0,0,0,0,0,0,0,0,0,0,2,3,45,1,1,2,1,0,0,1,80,4,1,1,13,0,0
12,121972,1,1,2,21,11,3,42,42,0,1,0,12,2,35,47,35047,4,2006,1N4AL11D76C2,1,N,4,A,L,1,1,D,7,6,C,2,0,P,NISS,ASL,4D,6,17,2915,,0,1102,,G,,0,0,000000000,00000000000,0,0,0,1,0,0,0,0,0,0,0,999,0,1,3,12,12,6,2,1,0,0,0,1,12,33193,6,1,0,0,3,0,75,999,0,0,0,0,0,0,0,0,0,0,36,51,0,0,2,3,40,1,1,2,1,0,0,11,15,1,1,4,6,1,0
12,121973,1,1,2,28,11,3,58,33,0,1,0,12,2,20,37,20037,4,2002,1G1ND52J72M6,1,G,1,N,D,5,2,J,7,2,M,6,0,P,CHEV,MAL,4D,2,17,3053,,0,1070,,G,,0,0,000000000,00000000000,0,0,0,1,0,0,0,0,0,0,0,50,0,1,5,12,12,6,2,1,0,0,0,1,12,33901,1,1,0,0,2,0,65,999,0,3,0,1,1,5,2008,2,2010,0,36,0,0,0,2,2,40,1,1,2,1,0,0,1,1,1,4,4,2,1,1
12,121974,1,1,1,3,12,2,49,42,0,1,0,12,2,20,471,20471,30,1998,1GCCS1446W81,1,G,C,C,S,1,4,4,6,W,8,1,0,T,CHEV,S14,PK,98,17,,1,1179,1083,S,G,,0,0,000000000,00000000000,0,0,0,1,0,0,0,0,0,0,0,30,0,0,0,12,12,6,2,42,0,0,0,1,12,33770,6,1,0,0,3,3,63,999,0,2,0,1,1,1,2008,2,2008,0,36,0,0,0,2,2,30,1,1,2,1,0,0,1,13,1,1,4,1,1,0
12,121975,1,2,1,6,12,11,12,12,6,1,0,12,1,7,402,7402,14,2000,1B4HS28ZXYF1,1,B,4,H,S,2,8,Z,X,Y,F,1,0,P,DODG,DUR,UT,0,17,4462,,0,1159,,G,,0,0,000000000,00000000000,0,0,0,1,0,0,0,0,0,0,0,30,0,0,0,12,12,6,2,12,0,0,0,1,12,32806,6,1,0,0,3,3,72,999,0,0,0,0,0,0,0,0,0,0,0,0,0,0,1,3,45,1,1,2,1,3,3,1,17,1,1,1,86,0,0
12,121975,2,2,2,6,12,11,12,12,6,1,0,12,1,22,20,22020,4,2007,2G2WP5526711,2,G,2,W,P,5,5,2,6,7,1,1,0,P,PONT,GRA,4D,7,17,3477,,0,1105,,G,,0,0,000000000,00000000000,0,0,0,1,0,0,0,0,0,0,0,25,0,0,0,3,3,6,2,12,0,0,0,1,12,32828,6,1,0,0,3,3,72,999,0,0,0,0,0,0,0,0,0,0,0,0,0,0,2,3,45,1,1,2,1,3,3,1,66,1,1,1,87,1,0
12,121976,1,2,3,19,11,20,54,42,0,1,0,12,2,49,50,49050,3,2008,JTKDE1676802,J,T,K,D,E,1,6,7,6,8,0,2,0,P,TOYT,SXC,LB,8,17,2905,,0,1063,,G,,0,0,000000000,00000000000,0,0,0,1,0,0,0,0,0,0,0,999,0,0,0,12,12,6,2,42,0,0,0,1,12,33185,6,1,0,0,3,0,66,999,0,1,0,1,0,9,2009,3,2010,0,36,0,0,0,2,2,40,1,1,2,1,0,0,1,12,1,1,4,6,2,0
12,121976,2,2,1,19,11,20,54,42,0,1,0,12,1,19,18,19018,4,2009,1G6DF5770901,1,G,6,D,F,5,7,7,0,9,0,1,0,P,CADI,C/T,4D,9,17,3872,,0,1134,,G,,0,0,000000000,00000000000,0,0,0,1,0,0,0,0,0,0,0,40,0,0,0,12,12,4,3,12,0,0,0,1,12,33183,6,1,0,0,3,0,64,999,0,0,0,0,0,0,0,0,0,0,0,0,0,0,2,2,40,1,1,2,1,0,0,1,60,1,1,1,98,0,0
12,121977,1,1,1,28,11,0,0,8,0,1,0,12,2,49,50,49050,3,2006,JTKDE1774601,J,T,K,D,E,1,7,7,4,6,0,1,0,P,TOYT,SXC,LB,6,17,2905,,0,1063,,G,,0,0,000000000,00000000000,0,0,0,1,0,0,0,0,0,0,0,45,0,0,0,1,1,6,2,8,0,0,0,1,12,33909,6,1,0,0,3,0,63,999,0,3,0,2,3,2,2008,8,2010,0,0,0,0,0,2,2,55,1,1,9,1,0,0,1,80,1,1,1,13,0,0
12,121978,1,1,2,22,11,2,40,8,0,1,0,12,1,12,422,12422,15,2008,1FMFK19558LA,1,F,M,F,K,1,9,5,5,8,L,A,0,P,FORD,EPT,UT,8,17,5928,,0,1310,,G,,0,0,000000000,00000000000,0,0,0,1,0,0,0,0,0,0,0,30,0,0,0,12,12,6,2,8,0,0,0,1,12,33037,6,1,0,0,3,0,74,999,0,0,0,1,0,12,2008,12,2008,0,0,0,0,0,2,2,40,1,1,2,1,3,3,1,80,1,1,1,13,0,0
12,121979,1,2,2,20,11,21,40,12,1,1,0,12,1,12,3,12003,2,2000,1FAFP4042YF1,1,F,A,F,P,4,0,4,2,Y,F,1,0,P,FORD,MUS,CP,0,17,3066,,0,1013,,G,,0,0,000000000,00000000000,0,0,0,1,0,0,0,0,0,0,0,75,0,0,0,6,6,6,2,12,0,0,0,1,12,32909,1,1,0,0,2,0,69,999,0,3,0,1,2,3,2008,6,2010,9,0,0,0,0,5,4,40,1,1,2,2,0,0,15,10,1,1,1,25,1,0
12,121979,2,2,2,20,11,21,40,12,1,1,0,12,1,12,401,12401,14,1997,1FMDU35P3VUB,1,F,M,D,U,3,5,P,3,V,U,B,0,P,FORD,EPR,UT,97,17,4166,,0,1115,,G,,0,0,000000000,00000000000,0,0,0,1,0,0,0,0,0,0,0,73,0,0,0,12,6,6,2,40,0,0,0,1,12,32901,6,1,0,0,3,0,67,999,0,4,0,1,0,4,2009,9,2010,9,0,0,0,0,5,4,40,1,1,2,2,0,0,1,51,1,1,1,24,0,0
12,121980,1,1,1,8,9,14,31,9,0,1,0,12,3,12,881,12881,61,1999,1FDXF46F3XEB,1,F,D,X,F,4,6,F,3,X,E,B,0,T,FORD,F4D,CB,99,17,,4,2010,1410,DRW,D,,0,77,777777777,77777777777,2,1,98,1,0,0,0,0,0,0,0,7,0,0,0,12,12,4,3,9,0,0,0,1,12,33023,6,1,0,0,3,0,72,999,0,2,0,2,0,6,2008,7,2009,0,0,0,0,0,1,2,45,1,1,2,1,20,3,10,83,1,1,1,13,0,0
12,121981,1,3,2,3,12,14,53,12,6,1,0,12,2,49,40,49040,4,2005,4T1BE32K75U5,4,T,1,B,E,3,2,K,7,5,U,5,0,P,TOYT,XLL,4D,5,17,3108,,0,1071,,G,,0,0,000000000,00000000000,0,0,0,1,0,0,0,0,0,0,0,10,0,0,0,3,3,6,2,12,0,0,0,1,12,33765,6,1,0,0,3,0,71,999,0,0,0,0,1,6,2008,6,2008,0,38,0,0,0,2,2,45,1,1,2,1,28,3,12,98,1,1,1,98,1,0
12,121981,2,3,2,3,12,14,53,12,6,1,0,36,2,7,442,7442,20,2002,1B4GP253X2B5,1,B,4,G,P,2,5,3,X,2,B,5,0,P,DODG,CAR,SV,2,17,3766,,0,1133,,F,,0,0,000000000,00000000000,0,0,0,1,0,0,0,0,0,0,0,25,0,0,0,12,12,4,1,12,0,0,0,1,36,12839,6,1,0,0,3,0,72,999,0,0,0,0,0,0,0,0,0,0,0,0,0,0,2,2,45,1,1,2,1,28,3,1,62,8,1,1,98,0,0
12,121981,3,3,2,3,12,14,53,12,6,1,0,12,1,12,401,12401,14,1994,1FMDU32X1RUA,1,F,M,D,U,3,2,X,1,R,U,A,0,P,FORD,EPR,UT,94,17,3863,,0,1120,,G,,0,0,000000000,00000000000,0,0,0,1,0,0,0,0,0,0,0,45,0,0,0,11,11,6,2,12,0,0,0,1,12,33773,6,1,0,0,3,0,67,999,0,0,0,0,0,0,0,0,0,0,0,0,0,0,2,2,45,1,1,2,1,28,3,1,62,1,1,1,98,0,0
12,121982,1,1,1,4,10,2,58,44,0,1,0,12,2,37,402,37402,14,2000,JHLRD1874YS0,J,H,L,R,D,1,8,7,4,Y,S,0,0,P,HOND,CRV,UT,0,17,3254,,0,1032,,G,,0,0,000000000,00000000000,0,0,0,1,0,0,0,0,0,0,0,80,0,1,5,0,0,6,2,23,0,0,0,1,12,32812,1,1,0,0,2,0,74,999,0,1,0,1,0,1,2010,6,2010,1,82,0,0,0,3,4,50,4,2,1,1,28,3,15,5,1,1,1,0,1,1
12,121983,1,1,1,19,11,15,53,8,0,1,0,12,1,12,481,12481,31,1994,2FTHF26H7RCA,2,F,T,H,F,2,6,H,7,R,C,A,0,T,FORD,F25,PK,94,17,,2,0,1330,COF,G,,0,0,000000000,00000000000,0,0,0,1,0,0,0,0,0,0,0,15,0,0,0,12,12,0,3,8,0,0,0,1,12,33935,6,1,0,0,3,0,66,999,0,0,0,0,0,0,0,0,0,0,0,0,0,0,1,2,25,1,1,1,1,0,0,1,80,1,1,1,13,0,0
12,121984,1,1,1,28,9,21,5,8,0,1,0,12,1,6,43,6043,1,1998,3C3EL45H2WT3,3,C,3,E,L,4,5,H,2,W,T,3,0,P,CHRY,SJX,CV,98,17,3267,,0,1060,,G,,0,0,000000000,00000000000,0,0,0,1,0,0,0,0,0,0,0,40,0,0,0,1,1,6,2,8,0,0,0,1,12,34974,6,1,0,0,3,3,64,999,0,0,0,0,0,0,0,0,0,1,0,0,0,0,1,2,25,1,1,2,2,28,3,1,80,1,1,1,13,0,1
12,121985,1,1,1,14,9,13,52,51,0,1,0,12,1,12,481,12481,31,2002,1FTSW31S52EB,1,F,T,S,W,3,1,S,5,2,E,B,1,T,FORD,F3S,CW,2,17,,2,1724,1562,SRW,G,,2,0,000000000,00000000000,0,0,0,1,0,0,0,0,0,0,0,65,0,1,3,0,0,6,2,1,0,0,0,1,12,33063,6,1,6,0,3,3,68,999,0,0,0,0,0,0,0,0,0,0,36,92,0,0,3,3,70,1,1,2,2,28,3,1,98,7,3,4,0,1,0
12,121986,1,1,1,15,8,17,20,8,0,1,1,99,9,20,481,20481,31,2006,1GCHK23256F1,1,G,C,H,K,2,3,2,5,6,F,1,0,T,CHEV,2KH,CW,6,17,,2,1670,1530,SIL,D,,0,0,000000000,00000000000,0,0,0,1,0,0,0,0,0,0,0,999,0,0,0,1,1,4,1,8,0,0,0,1,99,99999,9,9,99,9,9,9,999,999,99,99,99,99,99,99,9999,99,9999,0,36,0,0,0,1,2,30,1,1,2,1,0,0,1,82,1,1,9,13,0,0
12,121987,1,1,1,27,9,22,0,9,0,1,0,12,1,20,471,20471,30,1999,1GCCS14X3X82,1,G,C,C,S,1,4,X,3,X,8,2,0,T,CHEV,S14,PK,99,17,,1,1179,1083,S,G,,0,0,000000000,00000000000,0,0,0,1,0,0,0,0,0,0,0,35,0,0,0,12,12,4,3,9,0,0,0,1,12,34741,1,1,0,0,2,3,66,999,0,0,0,0,0,0,0,0,0,0,0,0,0,0,5,2,40,1,1,2,1,98,8,1,83,1,1,1,13,0,1
12,121989,1,2,1,20,11,21,37,12,6,1,0,12,2,19,14,19014,4,1997,1G6KS52Y7VU8,1,G,6,K,S,5,2,Y,7,V,U,8,0,P,CADI,SLS,4D,97,17,3797,,0,1110,,G,,0,0,000000000,00000000000,0,0,0,1,0,0,0,0,0,0,0,999,0,0,0,12,12,6,2,12,0,0,0,1,12,33604,6,1,0,0,3,3,72,999,0,0,0,0,0,0,0,0,0,1,0,0,0,0,1,2,25,1,1,2,1,20,3,1,17,1,1,1,88,0,1
12,121989,2,2,5,20,11,21,37,12,6,1,0,4,2,37,31,37031,3,1992,2HGEH235XNH5,2,H,G,E,H,2,3,5,X,N,H,5,0,P,HOND,UCD,2H,92,17,2178,,0,1013,,G,,0,0,000000000,00000000000,0,0,0,1,0,0,0,0,0,0,0,999,0,0,0,9,9,6,2,12,0,0,0,1,6,93703,6,1,0,0,3,0,69,999,0,0,0,0,0,0,0,0,0,0,0,0,0,0,1,2,25,1,1,2,1,0,0,1,66,1,1,1,89,1,0
12,121990,1,1,1,28,9,19,55,9,0,1,0,12,3,12,461,12461,21,2004,1FTRE14W14HA,1,F,T,R,E,1,4,W,1,4,H,A,0,T,FORD,15V,CG,4,17,,2,0,1380,VAN,G,,0,0,000000000,00000000000,0,0,0,1,0,0,0,0,0,0,0,35,0,0,0,12,12,4,9,9,0,0,0,1,12,33709,6,1,0,0,3,0,71,999,0,0,0,0,0,0,0,0,0,0,0,0,0,0,1,2,45,1,1,2,2,0,0,1,83,1,1,1,13,0,0
12,121991,1,2,2,15,10,20,30,12,6,1,0,12,1,72,706,72706,80,2005,1HD1BSY155Y0,1,H,D,1,B,S,Y,1,5,5,Y,0,0,M,HD,XTD,RS,5,17,,,,,,,1450,0,0,000000000,00000000000,0,0,0,1,0,0,0,0,0,0,0,20,0,0,0,2,2,6,2,12,0,0,0,1,12,33565,6,1,0,0,3,0,67,999,0,0,0,0,0,0,0,0,0,0,38,0,0,0,2,2,45,1,1,2,1,3,3,11,15,1,1,1,68,1,1
12,121991,2,2,1,15,10,20,30,12,6,1,0,12,2,12,471,12471,30,1999,1FTYR14X8XTA,1,F,T,Y,R,1,4,X,8,X,T,A,0,T,FORD,RNS,PS,99,17,,1,0,1257,RNG,G,,0,0,000000000,00000000000,0,0,0,1,0,0,0,0,0,0,0,40,0,0,0,12,12,6,2,12,0,0,0,1,12,33567,6,1,0,0,3,0,68,999,0,0,0,1,0,7,2010,7,2010,0,0,0,0,0,2,2,45,1,1,2,1,3,3,1,62,1,1,1,69,0,0
12,121992,1,1,1,27,11,16,30,8,0,1,0,12,3,98,988,98988,52,2005,1N904017X5A1,1,N,9,0,4,0,1,7,X,5,A,1,0,U,,,,5,17,,,,,,,,0,77,777777777,77777777777,3,21,22,1,0,0,0,0,6,0,0,10,0,0,0,4,4,4,1,8,0,0,0,1,12,33144,6,1,6,3,3,0,60,999,0,0,0,0,0,0,0,0,0,0,0,0,0,0,5,4,35,1,1,2,1,0,0,1,80,1,1,1,13,0,0