STATE,ST_CASE,VEH_NO,VE_FORMS,NUMOCCS,DAY,MONTH,HOUR,MINUTE,HARM_EV,MAN_COLL,UNITTYPE,HIT_RUN,REG_STAT,OWNER,MAKE,MODEL,MAK_MOD,BODY_TYP,MOD_YEAR,VIN,VIN_1,VIN_2,VIN_3,VIN_4,VIN_5,VIN_6,VIN_7,VIN_8,VIN_9,VIN_10,VIN_11,VIN_12,TOW_VEH,VINTYPE,VINMAKE,VINA_MOD,VIN_BT,VINMODYR,VIN_LNGT,VIN_WGT,WGTCD_TR,WHLBS_LG,WHLBS_SH,SER_TR,FUELCODE,MCYCL_DS,J_KNIFE,MCARR_I1,MCARR_I2,MCARR_ID,GVWR,V_CONFIG,CARGO_BT,HAZ_INV,HAZ_PLAC,HAZ_ID,HAZ_CNO,HAZ_REL,BUS_USE,SPEC_USE,EMER_USE,TRAV_SP,UNDERIDE,ROLLOVER,ROLINLOC,IMPACT1,IMPACT2,DEFORMED,TOWED,M_HARM,VEH_SC1,VEH_SC2,FIRE_EXP,DR_PRES,L_STATE,DR_ZIP,L_STATUS,L_TYPE,CDL_STAT,L_ENDORS,L_COMPL,L_RESTRI,DR_HGT,DR_WGT,PREV_ACC,PREV_SUS,PREV_DWI,PREV_SPD,PREV_OTH,FIRST_MO,FIRST_YR,LAST_MO,LAST_YR,SPEEDREL,DR_SF1,DR_SF2,DR_SF3,DR_SF4,VTRAFWAY,VNUM_LAN,VSPD_LIM,VALIGN,VPROFILE,VPAVETYP,VSURCOND,VTRAFCON,VTCONT_F,P_CRASH1,P_CRASH2,P_CRASH3,PCRASH4,PCRASH5,ACC_TYPE,DEATHS,DR_DRINK
12,121993,1,2,2,5,12,9,34,12,6,1,0,12,2,22,18,22018,4,2003,1G2NF52EX3M5,1,G,2,N,F,5,2,E,X,3,M,5,0,P,PONT,SE1,4D,3,17,3116,,0,1070,,G,,0,0,000000000,00000000000,0,0,0,1,0,0,0,0,0,0,0,999,0,0,0,9,9,6,2,12,0,0,0,1,12,34653,6,1,0,0,3,0,60,999,0,0,0,1,0,9,2009,9,2009,0,36,28,0,0,1,2,45,3,2,2,2,0,0,14,10,1,4,2,64,1,0
12,121993,2,2,1,5,12,9,34,12,6,1,0,12,1,58,37,58037,2,2008,JNKCV64E78M1,J,N,K,C,V,6,4,E,7,8,M,1,0,P,INFI,G3S,CP,8,17,3616,,0,1122,,G,,0,0,000000000,00000000000,0,0,0,1,0,0,0,0,0,0,0,999,0,0,0,12,12,6,2,12,0,0,0,1,12,34655,6,1,0,0,3,0,71,999,0,0,0,1,0,9,2008,9,2008,0,0,0,0,0,1,2,45,2,2,2,2,0,0,14,63,1,1,1,65,0,0
12,121994,1,2,2,20,11,19,28,12,6,1,0,12,2,35,47,35047,4,2009,1N4AL21E49N5,1,N,4,A,L,2,1,E,4,9,N,5,0,P,NISS,ATS,4D,9,17,3179,,0,1093,,G,,0,0,000000000,00000000000,0,0,0,1,0,0,0,0,0,0,0,25,0,0,0,2,2,6,2,12,0,0,0,1,6,92211,6,1,0,0,3,3,66,999,2,0,0,0,0,3,2008,4,2008,0,38,0,0,0,2,3,45,1,1,2,1,3,3,11,15,1,1,1,68,2,0
12,121994,2,2,1,20,11,19,28,12,6,1,0,12,2,7,482,7482,31,1999,3B7HF12Y0XG2,3,B,7,H,F,1,2,Y,0,X,G,2,0,T,DODG,150,PC,99,17,,2,1547,1387,RPC,G,,0,0,000000000,00000000000,0,0,0,1,0,0,0,0,0,0,0,999,0,1,5,12,12,6,2,12,0,0,0,1,12,33426,6,1,0,0,3,0,72,999,1,3,0,1,0,10,2008,6,2010,1,36,0,0,0,2,3,35,1,1,2,1,3,3,1,62,1,1,1,69,0,0
12,121995,1,1,1,26,11,18,48,8,0,1,0,12,1,12,401,12401,14,1998,1FMRU1769WLC,1,F,M,R,U,1,7,6,9,W,L,C,0,P,FORD,EPT,UT,98,17,4808,,0,1190,,G,,0,0,000000000,00000000000,0,0,0,1,0,0,0,0,0,0,0,45,0,0,0,12,12,4,1,8,0,0,0,1,12,33461,6,1,0,0,3,0,68,999,0,0,0,1,0,8,2008,8,2008,0,0,0,0,0,2,3,45,1,1,2,1,0,0,1,80,2,1,1,13,0,0
12,121996,1,1,1,9,12,1,18,42,0,1,0,12,1,49,50,49050,3,2006,JTKDE1778601,J,T,K,D,E,1,7,7,8,6,0,1,0,P,TOYT,SXC,LB,6,17,2905,,0,1063,,G,,0,0,000000000,00000000000,0,0,0,1,0,0,0,0,0,0,0,999,0,0,0,9,9,6,2,42,0,0,0,1,12,33064,6,1,0,0,3,0,68,999,0,0,0,0,1,4,2008,4,2008,1,0,0,0,0,2,2,40,1,1,2,1,28,3,1,12,1,1,4,6,1,1
12,121997,1,2,1,3,11,6,5,12,2,1,0,12,2,35,49,35049,6,2004,JN8AZ08T74W2,J,N,8,A,Z,0,8,T,7,4,W,2,0,P,NISS,MUR,UT,4,17,3690,,0,1112,,G,,0,0,000000000,00000000000,0,0,0,1,0,0,0,0,0,0,0,55,0,0,0,12,11,6,2,12,0,0,0,1,12,32137,6,1,0,0,3,3,62,999,0,0,0,0,0,0,0,0,0,0,28,0,0,0,1,2,55,3,1,2,1,28,3,14,10,1,1,2,50,1,0
12,121997,2,2,1,3,11,6,5,12,2,1,0,12,1,37,402,37402,14,2001,JHLRD28411C0,J,H,L,R,D,2,8,4,1,1,C,0,0,P,HOND,CRV,UT,1,17,3126,,0,1032,,G,,0,0,000000000,00000000000,0,0,0,1,0,0,0,0,0,0,0,55,0,1,2,12,11,6,2,12,0,0,0,1,12,32137,6,1,0,0,3,3,67,999,0,0,0,0,0,0,0,0,0,0,0,0,0,0,1,2,55,3,1,2,1,28,3,14,62,1,1,1,51,1,0
12,121998,1,1,1,29,11,22,29,10,0,1,0,12,1,98,709,98709,81,2008,LFGTCKPM1810,L,F,G,T,C,K,P,M,1,8,1,0,0,U,,,,8,17,,,,,,,,0,0,000000000,00000000000,0,0,0,1,0,0,0,0,0,0,0,35,0,0,0,12,12,6,2,10,0,0,0,1,12,33407,0,0,0,0,0,0,999,999,0,0,0,0,0,0,0,0,0,0,39,0,0,0,1,4,35,1,1,2,1,65,3,1,17,1,1,1,15,1,1
12,121999,1,2,1,2,12,8,14,12,7,1,0,12,2,20,403,20403,14,2003,1GNDS13S7321,1,G,N,D,S,1,3,S,7,3,2,1,0,P,CHEV,TRL,UT,3,17,4417,,0,1130,,G,,0,0,000000000,00000000000,0,0,0,1,0,0,0,0,0,0,0,65,0,1,3,3,3,6,2,1,0,0,0,1,12,33440,6,1,0,0,3,0,68,999,0,1,0,0,0,9,2009,9,2009,1,0,0,0,0,2,2,65,1,1,2,1,0,0,1,6,7,1,2,48,1,0
12,121999,2,2,1,2,12,8,14,12,7,1,0,12,2,49,40,49040,4,2010,4T1BF3EK0AU5,4,T,1,B,F,3,E,K,0,A,U,5,0,P,TOYT,CBA,4D,10,17,3263,,0,1093,,G,,0,0,000000000,00000000000,0,0,0,1,0,0,0,0,0,0,0,65,0,1,5,10,10,6,2,1,0,0,0,1,12,33440,6,1,0,0,3,0,68,999,0,0,0,0,0,0,0,0,0,0,0,0,0,0,2,2,65,1,1,2,1,0,0,1,60,1,1,1,48,0,0
12,122000,1,2,1,3,12,20,34,12,6,1,0,12,1,12,481,12481,31,2008,1FTRX14WX8FA,1,F,T,R,X,1,4,W,X,8,F,A,0,T,FORD,F15,4C,8,17,,2,1630,1330,COF,G,,0,0,000000000,00000000000,0,0,0,1,0,0,0,0,0,0,0,15,0,0,0,1,1,6,2,12,0,0,0,1,12,33461,6,1,0,0,3,0,72,999,0,0,0,1,0,9,2009,9,2009,0,38,0,0,0,2,3,45,1,1,2,1,28,3,11,15,1,1,1,68,0,0
12,122000,2,2,3,3,12,20,34,12,6,1,0,12,3,12,23,12023,4,2010,3FAHP0HA8AR4,3,F,A,H,P,0,H,A,8,A,R,4,0,P,FORD,F/E,4D,10,17,3285,,0,1074,,G,,0,0,000000000,00000000000,0,0,0,1,0,0,0,0,0,0,0,45,0,0,0,11,11,6,2,12,0,0,0,1,12,33467,6,1,0,0,3,0,74,999,0,0,0,0,0,0,0,0,0,0,0,0,0,0,2,3,45,1,1,2,1,28,3,1,62,1,1,1,69,1,0
12,122002,1,3,1,4,11,21,22,12,6,1,0,12,1,35,402,35402,14,2006,5N1AN08U16C5,5,N,1,A,N,0,8,U,1,6,C,5,0,P,NISS,XTR,UT,6,17,4165,,0,1063,,G,,0,0,000000000,00000000000,0,0,0,1,0,0,0,0,0,0,0,999,0,0,0,12,12,6,2,12,0,0,0,1,12,34606,6,1,0,0,3,0,71,999,0,0,0,0,0,0,0,0,0,0,39,0,0,0,1,4,40,1,1,2,2,3,3,1,17,1,1,1,83,0,1
12,122002,2,3,1,4,11,21,22,12,6,1,0,12,2,49,47,49047,6,2004,2T1KR32E74C2,2,T,1,K,R,3,2,E,7,4,C,2,0,P,TOYT,CTR,4H,4,17,2701,,0,1024,,G,,0,0,000000000,00000000000,0,0,0,1,0,0,0,0,0,0,0,999,0,0,0,9,9,6,2,12,0,0,0,1,12,33543,1,1,0,0,2,0,66,999,0,0,0,0,0,0,0,0,0,0,0,0,0,0,1,2,35,1,1,2,2,3,3,11,66,1,1,1,82,1,0
12,122002,3,3,10,4,11,21,22,12,6,1,0,12,3,92,981,92981,52,2004,15GGD2918410,1,5,G,G,D,2,9,1,8,4,1,0,0,U,,,,4,17,,,,,,,,0,12,46353411,1246353411,3,21,22,1,0,0,0,0,6,0,0,0,0,0,0,8,8,4,3,12,0,0,0,1,12,33713,6,1,6,3,3,3,75,999,0,0,0,0,0,0,0,0,0,0,0,0,0,0,1,4,40,1,1,2,2,3,3,5,62,1,1,1,98,0,0
12,122003,1,2,1,28,11,4,15,12,6,1,0,12,1,13,5,13005,4,1997,1LNLM97VXVY6,1,L,N,L,M,9,7,V,X,V,Y,6,0,P,LINC,CON,4D,97,17,3884,,0,1090,,G,,0,0,000000000,00000000000,0,0,0,1,0,0,0,0,0,0,0,45,0,0,0,12,12,6,2,12,0,0,0,1,12,33414,1,1,0,0,2,0,72,999,0,0,0,1,0,8,2008,8,2008,0,39,0,0,0,2,3,45,1,1,2,1,3,3,1,17,1,1,1,88,0,1
12,122003,2,2,1,28,11,4,15,12,6,1,0,12,1,20,461,20461,21,1995,1GBEG25K1SF1,1,G,B,E,G,2,5,K,1,S,F,1,0,T,CHEV,SV2,IC,95,17,,2,1250,1100,S/V,G,,0,0,000000000,00000000000,0,0,0,1,0,0,0,0,0,0,0,15,0,1,1,10,10,6,2,12,0,0,0,1,12,33415,6,1,0,0,3,0,66,999,0,0,0,0,0,0,0,0,0,0,0,0,0,0,2,2,40,1,1,2,1,3,3,1,66,1,1,1,89,1,0
12,122004,1,2,1,20,11,11,23,12,6,1,0,12,2,41,35,41035,4,2002,JM1BJ225X216,J,M,1,B,J,2,2,5,X,2,1,6,0,P,MAZD,PDS,4D,2,17,2493,,0,1028,,G,,0,0,000000000,00000000000,0,0,0,1,0,0,0,0,0,0,0,25,0,0,0,9,9,6,2,12,0,0,0,1,12,33409,6,1,0,0,3,3,61,999,0,0,0,0,0,0,0,0,0,0,39,0,0,0,1,2,15,1,1,2,1,20,3,1,17,1,1,1,89,1,0
12,122004,2,2,1,20,11,11,23,12,6,1,0,12,3,20,461,20461,21,2000,1GCHG35R0Y11,1,G,C,H,G,3,5,R,0,Y,1,1,0,T,CHEV,E35,CG,0,17,,2,0,1350,EXP,G,,0,0,000000000,00000000000,0,0,0,1,0,0,0,0,0,0,0,25,0,0,0,12,12,6,2,12,0,0,0,1,12,33418,6,1,0,0,3,0,69,999,0,0,0,0,0,0,0,0,0,0,0,0,0,0,1,2,40,1,1,2,1,28,3,1,66,1,1,1,88,0,0
12,122005,1,1,1,4,12,3,43,8,0,1,0,12,2,37,31,37031,4,1997,2HGEJ6670VH5,2,H,G,E,J,6,6,7,0,V,H,5,0,P,HOND,UCL,4D,97,17,2426,,0,1032,,G,,0,0,000000000,00000000000,0,0,0,1,0,0,0,0,0,0,0,40,0,0,0,12,12,4,3,8,0,0,0,1,12,32653,6,1,0,0,3,3,62,999,0,0,0,0,0,0,0,0,0,0,0,0,0,0,2,1,45,1,1,2,1,0,0,1,80,1,1,1,13,0,0
12,122006,1,3,1,10,12,15,28,12,7,1,1,12,1,7,4,7004,1,1994,1B3BR65E2RV1,1,B,3,B,R,6,5,E,2,R,V,1,0,P,DODG,RT1,CV,94,17,3377,,0,962,,G,,0,0,000000000,00000000000,0,0,0,1,0,0,0,0,0,0,0,45,0,0,0,62,62,4,3,12,0,0,0,1,12,34652,6,1,0,0,3,3,71,999,0,0,0,0,0,0,0,0,0,0,27,0,0,0,2,3,45,1,1,2,1,0,0,15,10,1,1,2,47,0,0
12,122006,2,3,1,10,12,15,28,12,7,1,0,12,1,24,2,24002,2,1995,1G8ZH1277SZ2,1,G,8,Z,H,1,2,7,7,S,Z,2,0,P,STRN,SC2,CP,95,17,2302,,0,992,,G,,0,0,000000000,00000000000,0,0,0,1,0,0,0,0,0,0,0,45,0,0,0,81,3,6,2,12,0,0,0,1,12,34667,6,1,0,0,3,3,63,999,0,0,0,0,0,0,0,0,0,0,0,0,0,0,2,3,45,1,1,2,1,0,0,1,61,1,1,1,45,1,0
12,122006,3,3,1,10,12,15,28,12,7,1,0,12,1,2,405,2405,14,2002,1J4GL58K42W2,1,J,4,G,L,5,8,K,4,2,W,2,0,T,JEEP,LMD,4W,2,17,,1,0,1043,LIB,G,,0,0,000000000,00000000000,0,0,0,1,0,0,0,0,0,0,0,45,0,0,0,12,12,6,2,12,0,0,0,1,12,34652,6,1,0,0,3,3,62,999,0,0,0,0,0,0,0,0,0,0,0,0,0,0,2,3,45,1,1,2,1,0,0,1,62,1,1,1,98,0,0
12,122007,1,1,2,12,9,6,37,30,0,1,0,12,2,49,40,49040,4,1993,4T1SK12E7PU2,4,T,1,S,K,1,2,E,7,P,U,2,0,P,TOYT,CLE,4D,93,17,3053,,0,1031,,G,,0,0,000000000,00000000000,0,0,0,1,0,0,0,0,0,0,0,998,0,0,0,12,12,6,2,30,0,0,0,1,12,32937,0,0,0,0,0,0,999,999,0,0,0,0,0,0,0,0,0,0,0,0,0,0,2,2,45,1,1,2,1,3,3,1,13,1,1,5,1,1,0
12,122008,1,1,1,30,8,2,53,8,0,1,1,12,1,37,32,37032,4,2007,1HGCM56437A0,1,H,G,C,M,5,6,4,3,7,A,0,0,P,HOND,ULX,4D,7,17,3197,,0,1079,,G,,0,0,000000000,00000000000,0,0,0,1,0,0,0,0,0,0,0,40,0,0,0,12,12,4,3,8,0,0,0,1,12,33157,6,1,0,0,3,3,63,999,0,2,0,1,0,10,2009,10,2009,0,0,0,0,0,1,2,40,1,1,2,2,0,0,1,80,1,1,1,13,0,0
12,122009,1,1,1,19,10,7,8,32,0,1,0,12,1,76,705,76705,80,2005,JYARJ06E85A0,J,Y,A,R,J,0,6,E,8,5,A,0,0,M,YAMA,R6L,RS,5,17,,,,,,,599,0,0,000000000,00000000000,0,0,0,1,0,0,0,0,0,0,0,55,0,0,0,99,81,6,2,18,0,0,0,1,12,33411,6,1,0,0,3,0,67,999,0,2,0,1,1,2,2008,6,2009,1,0,0,0,0,2,4,55,1,1,2,1,28,3,1,6,1,2,4,2,1,1
12,122010,1,3,1,3,11,7,55,12,2,1,0,12,1,35,473,35473,31,2006,1N6BA07B96N5,1,N,6,B,A,0,7,B,9,6,N,5,0,T,NISS,TXS,CW,6,17,,2,0,1398,TTN,F,,0,0,000000000,00000000000,0,0,0,1,0,0,0,0,0,0,0,55,0,0,0,12,12,6,2,12,0,0,0,1,12,32439,6,1,0,0,3,3,70,999,0,0,0,0,0,0,0,0,0,0,36,0,0,0,1,2,55,4,1,2,1,28,3,14,10,1,1,2,50,0,0
12,122010,2,3,1,3,11,7,55,12,2,1,0,12,1,20,32,20032,4,1993,1Y1SK5360PZ0,1,Y,1,S,K,5,3,6,0,P,Z,0,0,P,GEO,GEP,4D,93,17,2348,,0,971,,G,,0,0,000000000,00000000000,0,0,0,1,0,0,0,0,0,0,0,55,0,0,0,12,12,6,2,12,0,0,0,1,12,32435,6,1,0,0,3,0,66,999,0,0,0,0,0,0,0,0,0,0,0,0,0,0,1,2,55,1,1,2,1,28,3,1,62,9,1,1,51,1,0
12,122010,3,3,2,3,11,7,55,12,2,1,0,21,1,19,18,19018,4,2003,1G6DM57N5301,1,G,6,D,M,5,7,N,5,3,0,1,0,P,CADI,C/T,4D,3,17,3509,,0,1134,,G,,0,0,000000000,00000000000,0,0,0,1,0,0,0,0,0,0,0,55,0,0,0,12,12,6,2,12,0,0,0,1,21,40351,6,1,0,0,3,0,65,999,1,0,0,0,0,1,2008,1,2008,0,0,0,0,0,1,2,55,1,1,2,1,28,3,1,51,7,1,1,98,0,0
12,122011,1,4,1,7,11,16,20,12,7,1,0,12,2,12,461,12461,21,1995,1FBJS31H9SHA,1,F,B,J,S,3,1,H,9,S,H,A,0,T,FORD,CS3,BU,95,17,,2,0,1380,CWS,G,,0,0,000000000,00000000000,0,0,0,1,0,0,0,0,0,0,0,60,0,0,0,3,3,6,2,12,0,0,0,1,97,99999,9,9,99,9,9,9,999,999,99,99,99,99,99,99,9999,99,9999,0,39,0,0,0,2,3,45,1,1,8,1,3,3,1,11,1,1,2,45,0,1
12,122011,2,4,4,7,11,16,20,12,7,1,0,12,2,2,404,2404,14,2001,1J4GX48S31C7,1,J,4,G,X,4,8,S,3,1,C,7,0,T,JEEP,LRO,4W,1,17,,1,0,1059,GCK,G,,0,0,000000000,00000000000,0,0,0,1,0,0,0,0,0,0,0,999,0,0,0,9,9,0,9,12,0,0,0,1,12,34235,6,1,6,0,3,3,68,999,0,0,0,0,0,0,0,0,0,0,0,0,0,0,2,3,45,1,1,8,1,3,3,1,61,7,1,2,44,0,0
12,122011,3,4,1,7,11,16,20,12,7,1,0,12,1,37,31,37031,4,2009,2HGFA16809H3,2,H,G,F,A,1,6,8,0,9,H,3,0,P,HOND,UAX,4D,9,17,2747,,0,1063,,G,,0,0,000000000,00000000000,0,0,0,1,0,0,0,0,0,0,0,50,0,0,0,2,2,6,2,12,0,0,0,1,12,34238,6,7,0,0,3,3,66,999,0,0,0,0,0,0,0,0,0,0,0,0,0,0,2,3,50,1,1,8,1,3,3,1,66,1,1,1,98,0,0
12,122011,4,4,2,7,11,16,20,12,7,1,0,12,2,12,481,12481,31,2003,1FTRX17WX3NA,1,F,T,R,X,1,7,W,X,3,N,A,0,T,FORD,F15,4C,3,17,,2,1571,1385,COF,G,,0,0,000000000,00000000000,0,0,0,1,0,0,0,0,0,0,0,50,0,0,0,3,3,6,2,12,0,0,0,1,12,34232,6,1,0,0,3,0,64,999,0,0,0,0,0,0,0,0,0,0,0,0,0,0,2,3,50,1,1,8,1,3,3,1,66,1,1,1,98,1,0
12,122012,1,2,2,7,11,23,12,12,6,1,0,12,2,37,421,37421,15,2006,5FNYF28536B0,5,F,N,Y,F,2,8,5,3,6,B,0,0,P,HOND,PIL,UT,6,17,4341,,0,1063,,G,,0,0,000000000,00000000000,0,0,0,1,0,0,0,0,0,0,0,17,0,0,0,10,10,6,2,12,0,0,0,1,12,32703,6,1,0,0,3,0,63,999,0,0,0,0,0,0,0,0,0,0,38,0,0,0,1,2,50,1,5,8,1,20,3,11,15,1,1,1,82,1,0
12,122012,2,2,1,7,11,23,12,12,6,1,0,12,1,12,481,12481,31,1988,1FTEF14NXJNB,1,F,T,E,F,1,4,N,X,J,N,B,0,T,FORD,F15,PK,88,17,,2,1330,1170,COF,G,,0,0,000000000,00000000000,0,0,0,1,0,0,0,0,0,0,0,92,0,0,0,12,12,6,2,12,0,0,0,1,12,32703,1,1,0,0,2,0,73,999,0,5,0,0,0,9,2009,9,2010,0,36,0,0,0,1,2,50,1,6,8,1,0,0,1,67,1,1,1,83,1,1
12,122013,1,1,1,11,11,23,16,14,0,1,0,12,1,20,481,20481,31,2008,3GCEC13J28G1,3,G,C,E,C,1,3,J,2,8,G,1,0,T,CHEV,SC1,CW,8,17,,2,0,1435,SIL,G,,0,0,000000000,00000000000,0,0,0,1,0,0,0,0,0,0,0,60,0,0,0,12,12,6,2,14,0,0,0,1,12,33428,6,1,0,0,3,0,72,999,0,5,0,1,2,1,2009,4,2010,0,36,0,0,0,2,4,65,1,1,8,2,0,0,15,11,1,1,4,11,0,1
12,122014,1,2,1,12,11,18,51,12,6,1,0,12,1,23,481,23481,31,1993,1GTDC14Z7PE5,1,G,T,D,C,1,4,Z,7,P,E,5,0,T,GMC,SC1,PK,93,17,,1,1315,1175,SIE,G,,0,0,000000000,00000000000,0,0,0,1,0,0,0,0,0,0,0,10,0,0,0,9,9,6,2,12,0,0,0,1,12,34448,6,1,0,0,3,3,66,999,0,0,0,0,0,0,0,0,0,0,38,0,0,0,1,2,50,2,1,8,1,20,3,11,15,1,1,1,82,1,1
12,122014,2,2,1,12,11,18,51,12,6,1,0,12,3,12,16,12016,4,2010,2FABP7BV2AX1,2,F,A,B,P,7,B,V,2,A,X,1,0,P,FORD,CVP,4D,10,17,4128,,0,1147,,F,,0,0,000000000,00000000000,0,0,0,1,0,0,0,0,0,0,0,50,0,0,0,12,12,6,2,12,0,0,0,1,12,34450,6,1,0,0,3,0,72,999,0,0,0,0,0,0,0,0,0,0,0,0,0,0,5,4,50,2,1,8,1,0,0,14,67,1,1,1,83,0,0
12,122015,1,1,4,13,11,4,40,1,0,1,0,12,2,12,471,12471,30,1996,1FTCR11X5TTA,1,F,T,C,R,1,1,X,5,T,T,A,0,T,FORD,RNG,PK,96,17,,1,1140,1080,RNG,G,,0,0,000000000,00000000000,0,0,0,1,0,0,0,0,0,0,0,60,0,2,5,0,0,6,2,1,0,0,0,1,12,34736,6,1,0,0,3,0,73,999,0,2,0,0,1,2,2010,8,2010,0,0,0,0,0,1,2,55,1,1,8,1,0,0,1,13,6,1,4,1,2,0
12,122016,1,1,4,14,11,14,0,1,0,1,0,12,2,2,404,2404,14,1999,1J4FF28S2XL6,1,J,4,F,F,2,8,S,2,X,L,6,0,T,JEEP,CSE,4W,99,17,,1,0,1014,CHK,G,,0,0,000000000,00000000000,0,0,0,1,0,0,0,0,0,0,0,55,0,1,2,0,0,6,2,1,0,0,0,1,12,33068,6,1,0,0,3,0,71,999,0,0,0,0,0,0,0,0,0,0,36,0,0,0,1,2,35,1,1,8,11,0,0,1,12,1,3,4,7,1,0
12,122017,1,3,2,14,11,19,48,12,1,1,0,12,1,72,706,72706,80,1998,1HD1BKL14WY0,1,H,D,1,B,K,L,1,4,W,Y,0,0,M,HD,XTC,RS,98,17,,,,,,,1340,0,0,000000000,00000000000,0,0,0,1,0,0,0,0,0,0,0,60,0,0,0,12,12,6,2,1,0,0,0,1,12,33971,1,1,0,0,2,0,68,999,0,1,0,1,0,9,2010,10,2010,0,36,0,0,0,1,2,60,1,1,8,1,0,0,1,52,1,1,1,28,1,0
12,122017,2,3,2,14,11,19,48,12,1,1,0,12,2,24,5,24005,4,2002,1G8JS54F12Y5,1,G,8,J,S,5,4,F,1,2,Y,5,0,P,STRN,L10,4D,2,17,2989,,0,1065,,G,,0,0,000000000,00000000000,0,0,0,1,0,0,0,0,0,0,0,40,0,0,0,6,6,2,3,12,0,0,0,1,12,34142,6,1,0,0,3,0,66,999,0,0,0,0,0,0,0,0,0,0,0,0,0,0,1,2,60,1,1,8,1,0,0,2,53,1,1,1,29,0,0
12,122017,3,3,2,14,11,19,48,12,1,1,0,12,1,12,443,12443,20,2004,2FMZA52264BA,2,F,M,Z,A,5,2,2,6,4,B,A,0,P,FORD,FRE,SV,4,17,4275,,0,1208,,G,,0,0,000000000,00000000000,0,0,0,1,0,0,0,0,0,0,0,60,0,0,0,12,12,6,2,12,0,0,0,1,12,33953,6,1,0,0,3,0,73,999,0,0,0,0,0,0,0,0,0,0,0,0,0,0,1,2,60,1,1,8,1,0,0,1,62,1,1,1,98,0,0
12,122018,1,1,2,15,11,13,13,30,0,1,0,12,1,49,40,49040,4,2005,4T1BE32K45U6,4,T,1,B,E,3,2,K,4,5,U,6,0,P,TOYT,XLL,4D,5,17,3108,,0,1071,,G,,0,0,000000000,00000000000,0,0,0,1,0,0,0,0,0,0,0,45,0,0,0,12,12,6,2,30,0,0,0,1,12,32966,6,1,0,0,3,3,61,999,0,0,0,0,1,1,2008,1,2008,0,0,0,0,0,2,3,45,1,1,8,1,0,0,1,13,1,1,4,1,2,0
12,122019,1,1,2,16,11,5,1,9,0,1,0,12,1,2,404,2404,14,1997,1J4FX58S5VC7,1,J,4,F,X,5,8,S,5,V,C,7,0,T,JEEP,LRT,4W,97,17,,1,0,1059,GCK,G,,0,0,000000000,00000000000,0,0,0,1,0,0,0,0,0,0,0,50,0,0,0,12,12,6,2,9,0,0,0,1,12,33619,6,1,0,0,3,0,67,999,0,0,0,3,1,3,2008,9,2009,0,0,0,0,0,2,3,50,1,1,8,1,0,0,1,83,1,1,1,13,0,0
12,122020,1,1,4,16,11,4,5,42,0,1,0,12,1,37,32,37032,4,1993,1HGCB7556PA1,1,H,G,C,B,7,5,5,6,P,A,1,0,P,HOND,ALX,4D,93,17,2504,,0,1071,,G,,0,0,000000000,00000000000,0,0,0,1,0,0,0,0,0,0,0,70,0,0,0,1,1,6,2,42,0,0,0,1,12,32693,6,1,6,0,3,3,72,999,0,0,0,0,0,0,0,0,0,1,39,0,0,0,1,2,35,1,1,8,1,40,3,1,6,2,4,4,7,3,1
12,122021,1,1,1,17,11,17,59,8,0,1,0,12,1,12,481,12481,31,2001,1FTRW07L11KD,1,F,T,R,W,0,7,L,1,1,K,D,0,T,FORD,F1S,CW,1,17,,2,0,1385,COF,G,,0,0,000000000,00000000000,0,0,0,1,0,0,0,0,0,0,0,45,0,0,0,12,12,4,3,8,0,0,0,1,12,34761,6,1,0,0,3,0,70,999,0,0,0,0,0,0,0,0,0,0,0,0,0,0,2,2,45,1,1,8,1,0,0,1,80,1,1,1,13,0,0
12,122022,1,2,2,17,11,7,31,12,6,1,0,12,1,49,32,49032,4,1994,1NXAE04B8RZ1,1,N,X,A,E,0,4,B,8,R,Z,1,0,P,TOYT,COA,4D,94,17,2359,,0,970,,G,,0,0,000000000,00000000000,0,0,0,1,0,0,0,0,0,0,0,20,0,0,0,12,12,6,2,12,0,0,0,1,12,34475,6,1,0,0,3,3,61,999,0,1,0,1,0,8,2008,11,2008,0,38,0,0,0,2,2,55,1,1,8,1,0,0,11,15,1,1,1,82,1,0
12,122022,2,2,2,17,11,7,31,12,6,1,0,12,2,55,441,55441,20,2007,KNDMC233X760,K,N,D,M,C,2,3,3,X,7,6,0,0,P,HYUN,ENT,SV,7,17,4400,,0,1189,,G,,0,0,000000000,00000000000,0,0,0,1,0,0,0,0,0,0,0,55,0,1,5,3,3,6,2,1,0,0,0,1,12,34479,6,1,6,0,3,0,65,999,0,0,0,0,0,0,0,0,0,0,0,0,0,0,2,2,55,1,1,8,1,0,0,1,65,1,1,1,83,0,0
12,122023,1,1,4,19,11,18,45,1,0,1,0,12,1,12,401,12401,14,1995,1FMCU22X2SUC,1,F,M,C,U,2,2,X,2,S,U,C,0,P,FORD,EPR,UT,95,17,3646,,0,1017,,G,,0,0,000000000,00000000000,0,0,0,1,0,0,0,0,0,0,0,70,0,1,3,0,0,6,2,1,0,0,0,1,12,33705,6,1,0,0,3,3,58,999,0,0,0,0,0,0,0,0,0,0,0,0,0,0,3,2,70,1,1,1,1,0,0,1,1,1,3,4,7,1,0