STATE,ST_CASE,VEH_NO,VE_FORMS,NUMOCCS,DAY,MONTH,HOUR,MINUTE,HARM_EV,MAN_COLL,UNITTYPE,HIT_RUN,REG_STAT,OWNER,MAKE,MODEL,MAK_MOD,BODY_TYP,MOD_YEAR,VIN,VIN_1,VIN_2,VIN_3,VIN_4,VIN_5,VIN_6,VIN_7,VIN_8,VIN_9,VIN_10,VIN_11,VIN_12,TOW_VEH,VINTYPE,VINMAKE,VINA_MOD,VIN_BT,VINMODYR,VIN_LNGT,VIN_WGT,WGTCD_TR,WHLBS_LG,WHLBS_SH,SER_TR,FUELCODE,MCYCL_DS,J_KNIFE,MCARR_I1,MCARR_I2,MCARR_ID,GVWR,V_CONFIG,CARGO_BT,HAZ_INV,HAZ_PLAC,HAZ_ID,HAZ_CNO,HAZ_REL,BUS_USE,SPEC_USE,EMER_USE,TRAV_SP,UNDERIDE,ROLLOVER,ROLINLOC,IMPACT1,IMPACT2,DEFORMED,TOWED,M_HARM,VEH_SC1,VEH_SC2,FIRE_EXP,DR_PRES,L_STATE,DR_ZIP,L_STATUS,L_TYPE,CDL_STAT,L_ENDORS,L_COMPL,L_RESTRI,DR_HGT,DR_WGT,PREV_ACC,PREV_SUS,PREV_DWI,PREV_SPD,PREV_OTH,FIRST_MO,FIRST_YR,LAST_MO,LAST_YR,SPEEDREL,DR_SF1,DR_SF2,DR_SF3,DR_SF4,VTRAFWAY,VNUM_LAN,VSPD_LIM,VALIGN,VPROFILE,VPAVETYP,VSURCOND,VTRAFCON,VTCONT_F,P_CRASH1,P_CRASH2,P_CRASH3,PCRASH4,PCRASH5,ACC_TYPE,DEATHS,DR_DRINK
12,122059,1,1,1,4,12,21,0,1,0,1,0,12,2,37,31,37031,4,1997,2HGEJ6679VH5,2,H,G,E,J,6,6,7,9,V,H,5,0,P,HOND,UCL,4D,97,17,2426,,0,1032,,G,,0,0,000000000,00000000000,0,0,0,1,0,0,0,0,0,0,0,65,0,2,5,0,0,6,2,1,0,0,0,1,12,33523,6,1,0,0,3,0,70,999,0,0,0,2,0,8,2008,7,2010,0,36,0,0,0,1,2,55,2,1,8,1,0,0,14,12,7,3,4,7,1,0
12,122062,1,2,3,6,12,6,15,12,6,1,0,12,1,35,47,35047,4,2003,1N4AL11D13C2,1,N,4,A,L,1,1,D,1,3,C,2,0,P,NISS,ABS,4D,3,17,2913,,0,1102,,G,,0,0,000000000,00000000000,0,0,0,1,0,0,0,0,0,0,0,45,0,0,0,1,1,6,2,12,0,0,0,1,12,32805,6,1,0,0,3,0,64,999,0,0,0,0,0,0,0,0,0,0,39,0,0,0,2,2,45,1,1,8,1,3,3,1,17,1,1,1,83,1,0
12,122062,2,2,3,6,12,6,15,12,6,1,0,12,1,20,481,20481,31,2002,1GCHK23132F1,1,G,C,H,K,2,3,1,3,2,F,1,0,T,CHEV,2KH,CW,2,17,,2,1670,1530,SIL,D,,0,0,000000000,00000000000,0,0,0,1,0,0,0,0,0,0,0,15,0,0,0,11,11,6,2,12,0,0,0,1,12,32771,6,1,0,0,3,3,72,999,0,1,0,1,2,6,2009,8,2010,0,0,0,0,0,2,2,45,1,1,8,1,3,3,11,66,1,1,1,82,0,0
12,122063,1,1,1,10,12,16,38,8,0,1,1,12,9,42,36,42036,4,1991,WDBCA35E0MA5,W,D,B,C,A,3,5,E,0,M,A,5,0,P,MERZ,42S,4D,91,17,3915,,0,1211,,G,,0,0,000000000,00000000000,0,0,0,1,0,0,0,0,0,0,0,35,0,0,0,12,12,4,1,8,0,0,0,1,99,99999,9,9,99,9,9,9,999,999,99,99,99,99,99,99,9999,99,9999,0,0,0,0,0,1,2,35,1,1,8,1,0,0,1,80,99,1,1,13,0,0
12,122064,1,2,1,10,12,13,20,12,1,1,0,12,1,13,1,13001,4,2001,1LNHM81W51Y6,1,L,N,H,M,8,1,W,5,1,Y,6,0,P,LINC,EXC,4D,1,17,4057,,0,1177,,G,,0,0,000000000,00000000000,0,0,0,1,0,0,0,0,0,0,0,55,0,0,0,12,12,6,2,12,0,0,0,1,12,32086,6,1,0,0,3,3,70,999,0,0,0,1,0,7,2008,7,2008,0,0,0,0,0,2,2,55,1,6,8,2,0,0,1,10,1,1,2,20,0,0
12,122064,2,2,4,10,12,13,20,12,1,1,0,12,2,18,23,18023,4,2007,1G4HD57277U1,1,G,4,H,D,5,7,2,7,7,U,1,0,P,BUIC,UXL,4D,7,17,3969,,0,1156,,G,,0,0,000000000,00000000000,0,0,0,1,0,0,0,0,0,0,0,0,0,0,0,6,6,6,2,12,0,0,0,1,12,32137,6,1,0,0,3,3,65,999,0,0,0,0,0,0,0,0,0,0,0,0,0,0,2,2,55,1,6,8,2,0,0,5,61,1,1,1,22,1,0
12,122065,1,2,2,11,12,3,42,24,0,1,0,12,2,49,40,49040,4,1999,4T1BG28K5XU5,4,T,1,B,G,2,8,K,5,X,U,5,0,P,TOYT,UEX,4D,99,17,2998,,0,1051,,G,,0,0,000000000,00000000000,0,0,0,1,0,0,0,0,0,0,0,80,0,1,1,12,12,6,2,1,0,0,0,1,12,33713,1,1,0,0,2,3,68,999,0,0,0,2,1,7,2008,6,2010,0,36,0,0,0,3,2,70,1,1,8,1,0,0,1,12,1,1,4,6,1,1
12,122065,2,2,2,11,12,3,42,24,0,1,0,47,3,82,884,82884,66,2011,1FUJGLBG1BSA,1,F,U,J,G,L,B,G,1,B,S,A,1,T,FRHT,125,DS,11,17,,8,0,0,CSC,D,,1,57,36684,5736684,3,6,1,1,0,0,0,0,0,0,0,70,0,0,0,12,12,4,1,12,0,0,0,1,1,35950,6,1,6,3,3,3,72,999,0,0,0,0,0,0,0,0,0,0,0,0,0,0,3,2,70,2,1,8,1,0,0,14,60,1,1,1,98,0,0
12,122066,1,1,2,11,12,3,10,42,0,1,0,12,2,12,481,12481,31,1997,1FTDX1762VNB,1,F,T,D,X,1,7,6,2,V,N,B,0,T,FORD,F15,3C,97,17,,1,1570,1390,COF,G,,0,0,000000000,00000000000,0,0,0,1,0,0,0,0,0,0,0,55,0,0,0,12,12,6,2,2,0,0,1,1,12,32052,6,1,0,0,3,0,72,999,0,2,0,1,0,9,2008,9,2009,0,0,0,0,0,1,2,55,2,1,8,2,0,0,14,12,1,1,4,6,2,1
12,122067,1,1,1,17,12,12,0,24,0,1,0,12,2,12,17,12017,4,2004,1FAFP53U64A1,1,F,A,F,P,5,3,U,6,4,A,1,0,P,FORD,TSE,4D,4,17,3306,,0,1085,,G,,0,0,000000000,00000000000,0,0,0,1,0,0,0,0,0,0,0,55,0,1,5,5,5,6,2,1,0,0,0,1,12,32428,1,1,1,0,2,0,70,999,1,0,0,0,1,11,2008,12,2008,0,99,99,99,99,1,2,55,3,6,8,2,0,0,14,13,6,1,4,1,1,0
12,122068,1,5,1,6,11,20,28,1,0,1,0,12,2,35,39,35039,4,2004,1N4BA41E64C9,1,N,4,B,A,4,1,E,6,4,C,9,0,P,NISS,MEL,4D,4,17,3310,,0,1112,,G,,0,0,000000000,00000000000,0,0,0,1,0,0,0,0,0,0,0,100,0,1,3,0,0,6,2,1,0,0,0,1,12,32114,6,1,0,0,3,0,70,999,0,0,0,0,0,0,0,0,0,1,0,0,0,0,2,3,50,1,1,2,1,0,0,1,6,1,1,4,6,1,0
12,122068,2,5,1,6,11,20,28,1,0,1,0,12,2,37,403,37403,14,2003,5J6YH18593L0,5,J,6,Y,H,1,8,5,9,3,L,0,0,P,HOND,ELE,UT,3,17,3414,,0,1014,,G,,0,0,000000000,00000000000,0,0,0,1,0,0,0,0,0,0,0,50,0,0,0,12,12,6,2,12,0,0,0,1,97,99999,9,9,99,9,9,9,999,999,99,99,99,99,99,99,9999,99,9999,0,0,0,0,0,2,3,50,1,1,2,1,0,0,1,62,1,1,1,98,0,0
12,122068,3,5,6,6,11,20,28,1,0,1,0,12,1,12,422,12422,15,2002,1FMRU17L42LA,1,F,M,R,U,1,7,L,4,2,L,A,0,P,FORD,EPT,UT,2,17,4965,,0,1191,,G,,0,0,000000000,00000000000,0,0,0,1,0,0,0,0,0,0,0,50,0,0,0,2,2,4,1,12,0,0,0,1,12,34606,6,1,0,0,3,0,60,999,0,0,0,0,0,0,0,0,0,0,0,0,0,0,2,3,50,1,1,2,1,0,0,1,51,2,1,1,98,0,0
12,122068,4,5,3,6,11,20,28,1,0,1,0,12,2,23,471,23471,30,1997,1GTCS19X8V85,1,G,T,C,S,1,9,X,8,V,8,5,0,T,GMC,SON,PC,97,17,3622,1,0,1229,SON,G,,0,0,000000000,00000000000,0,0,0,1,0,0,0,0,0,0,0,50,0,0,0,3,3,4,1,12,0,0,0,1,12,32114,6,1,0,0,3,3,72,999,0,1,0,0,0,5,2009,5,2009,0,0,0,0,0,2,3,50,1,1,2,1,0,0,1,60,1,1,1,98,0,0
12,122068,5,5,1,6,11,20,28,1,0,1,0,12,1,12,6,12006,4,1977,7B63H282480,7,B,6,3,H,2,8,2,4,8,0,,0,P,,,,,,,,,,,,,0,0,000000000,00000000000,0,0,0,1,0,0,0,0,0,0,0,35,0,0,0,12,12,4,1,12,0,0,0,1,12,32141,6,1,0,0,3,3,76,999,0,0,0,0,0,0,0,0,0,0,0,0,0,0,2,3,50,1,1,2,1,0,0,1,51,1,1,1,98,0,0
12,122069,1,2,1,26,11,0,2,12,6,1,0,12,1,23,481,23481,31,2002,1GTEC14V52Z2,1,G,T,E,C,1,4,V,5,2,Z,2,0,T,GMC,NC1,PK,2,17,,2,1330,1190,SIE,G,,0,0,000000000,00000000000,0,0,0,1,0,0,0,0,0,0,0,50,0,0,0,12,12,6,2,12,0,0,0,1,12,33165,1,1,0,0,2,0,71,999,0,0,0,0,0,0,0,0,0,0,0,0,0,0,2,2,40,1,1,2,1,3,3,1,17,1,1,1,86,0,1
12,122069,2,2,2,26,11,0,2,12,6,1,0,12,1,49,40,49040,4,2007,4T1BK46K27U5,4,T,1,B,K,4,6,K,2,7,U,5,0,P,TOYT,CJS,4D,7,17,3164,,0,1093,,G,,0,0,000000000,00000000000,0,0,0,1,0,0,0,0,0,0,0,50,0,0,0,3,3,6,2,12,0,0,0,1,12,33177,6,1,0,0,3,0,71,999,0,0,0,1,0,1,2008,1,2008,0,0,0,0,0,2,2,40,1,1,2,1,3,3,1,66,1,1,1,87,2,0
12,122070,1,1,2,2,12,3,30,41,0,1,0,12,1,20,482,20482,31,2002,3GNEK13T62G1,3,G,N,E,K,1,3,T,6,2,G,1,0,T,CHEV,KAV,CW,2,17,,2,0,1300,AVL,G,,0,0,000000000,00000000000,0,0,0,1,0,0,0,0,0,0,0,85,0,1,4,12,12,6,2,1,0,0,0,1,12,33024,1,1,0,0,2,0,74,999,2,4,0,2,0,7,2009,4,2010,0,0,0,0,0,2,5,65,1,1,2,1,28,3,1,13,1,3,4,2,2,1
12,122071,1,1,2,5,12,21,22,8,0,1,0,12,1,48,401,48401,14,2004,JF1SG63694H7,J,F,1,S,G,6,3,6,9,4,H,7,0,P,SUBA,FOR,UT,4,17,3090,,0,994,,G,,0,0,000000000,00000000000,0,0,0,1,0,0,0,0,0,0,0,40,0,0,0,12,12,4,1,8,0,0,0,1,12,33175,6,1,0,0,3,3,64,999,0,0,0,0,0,0,0,0,0,0,0,0,0,0,1,3,45,1,1,2,1,28,3,1,80,1,1,1,13,0,0
12,122072,1,1,1,12,12,17,39,42,0,1,0,12,1,12,17,12017,4,2006,1FAFP53U96A1,1,F,A,F,P,5,3,U,9,6,A,1,0,P,FORD,TSE,4D,6,17,3307,,0,1085,,G,,0,0,000000000,00000000000,0,0,0,1,0,0,0,0,0,0,0,60,0,0,0,12,12,6,2,42,0,0,0,1,12,32615,6,1,0,0,3,3,70,999,0,0,0,0,0,0,0,0,0,0,0,0,0,0,2,2,65,1,1,2,1,0,0,1,12,1,1,4,6,1,0
12,122073,1,1,1,13,12,18,42,8,0,1,0,12,1,12,471,12471,30,1989,1FTCR10A5KUB,1,F,T,C,R,1,0,A,5,K,U,B,0,T,FORD,RNG,PK,89,17,,1,1140,1080,RNG,G,,0,0,000000000,00000000000,0,0,0,1,0,0,0,0,0,0,0,50,0,0,0,12,12,4,1,8,0,0,0,1,12,34452,6,1,0,0,3,0,70,999,0,0,0,0,0,0,0,0,0,0,0,0,0,0,5,4,35,1,1,8,1,0,0,1,80,1,1,1,13,0,0
12,122074,1,1,3,19,12,18,48,8,0,1,0,12,2,7,422,7422,15,2009,3D4GG47B89T2,3,D,4,G,G,4,7,B,8,9,T,2,0,P,DODG,JOU,UT,9,17,3796,,0,1138,,G,,0,0,000000000,00000000000,0,0,0,1,0,0,0,0,0,0,0,45,0,0,0,1,1,6,2,8,0,0,0,1,12,32792,6,1,0,0,3,0,68,999,0,1,0,0,1,1,2010,1,2010,0,0,0,0,0,2,3,45,1,1,8,1,3,3,1,80,1,1,1,13,0,0
12,122075,1,1,1,20,12,11,47,42,0,1,0,12,1,59,32,59032,4,1999,JT8BH28F2X01,J,T,8,B,H,2,8,F,2,X,0,1,0,P,LEXS,LS4,4D,99,17,3890,,0,1122,,G,,0,0,000000000,00000000000,0,0,0,1,0,0,0,0,0,0,0,45,0,1,1,1,1,6,2,42,0,0,0,1,12,34108,6,1,0,0,3,3,68,999,1,0,0,0,0,8,2010,8,2010,0,0,0,0,0,2,3,45,1,1,8,1,0,0,1,12,1,1,4,6,1,0
12,122076,1,2,1,18,8,14,40,12,6,1,0,12,1,49,40,49040,4,2007,JTNBB46K7730,J,T,N,B,B,4,6,K,7,7,3,0,0,P,TOYT,CHY,4D,7,17,3680,,0,1093,,B,,0,0,000000000,00000000000,0,0,0,1,0,0,0,0,0,0,0,999,0,0,0,3,3,6,2,12,0,0,0,1,12,33308,6,1,0,0,3,3,71,999,0,0,0,0,0,0,0,0,0,0,0,0,0,0,2,3,45,1,1,2,1,0,0,11,10,1,1,1,68,0,0
12,122076,2,2,1,18,8,14,40,12,6,1,0,12,1,19,18,19018,4,2007,1G6DP5771701,1,G,6,D,P,5,7,7,1,7,0,1,0,P,CADI,HF6,4D,7,17,3509,,0,1134,,G,,0,0,000000000,00000000000,0,0,0,1,0,0,0,0,0,0,0,999,0,0,0,12,12,6,2,12,0,0,0,1,12,33301,6,1,0,0,3,3,62,999,0,0,0,0,0,0,0,0,0,0,0,0,0,0,2,3,45,1,1,2,1,0,0,1,62,1,1,1,69,1,0
12,122078,1,1,1,5,11,12,34,30,0,1,0,12,1,12,401,12401,14,2003,1FMYU60E03UA,1,F,M,Y,U,6,0,E,0,3,U,A,0,P,FORD,EPR,UT,3,17,3828,,0,1018,,G,,0,0,000000000,00000000000,0,0,0,1,0,0,0,0,0,0,0,55,0,0,0,12,12,6,2,30,0,0,0,1,12,33981,1,1,0,0,2,0,66,999,0,0,0,0,0,0,0,0,0,0,36,0,0,0,2,2,55,1,1,2,1,28,3,1,13,1,1,4,1,1,0
12,122079,1,2,1,1,12,7,2,12,6,1,0,12,1,6,43,6043,4,2005,1C3EL46X35N6,1,C,3,E,L,4,6,X,3,5,N,6,0,P,CHRY,SEB,4D,5,17,3273,,0,1060,,G,,0,0,000000000,00000000000,0,0,0,1,0,0,0,0,0,0,0,25,0,0,0,3,3,6,2,12,0,0,0,1,12,32714,6,1,0,0,3,3,70,999,0,0,0,0,0,0,0,0,0,0,38,0,0,0,2,3,45,1,1,8,1,0,0,11,15,1,1,1,68,1,0
12,122079,2,2,3,1,12,7,2,12,6,1,0,12,1,63,401,63401,14,2009,KNDJF7244975,K,N,D,J,F,7,2,4,4,9,7,5,0,P,KIA,SPO,UT,9,17,3230,,0,1035,,G,,0,0,000000000,00000000000,0,0,0,1,0,0,0,0,0,0,0,45,0,0,0,12,12,6,2,12,0,0,0,1,12,32792,6,1,0,0,3,0,62,999,0,1,0,0,0,2,2010,2,2010,0,0,0,0,0,2,3,45,1,1,8,1,0,0,1,62,1,1,1,69,0,0
12,122080,1,1,3,1,12,19,50,30,0,1,0,12,1,20,403,20403,14,2005,1GNDS13S1523,1,G,N,D,S,1,3,S,1,5,2,3,0,P,CHEV,TRL,UT,5,17,4425,,0,1130,,G,,0,0,000000000,00000000000,0,0,0,1,0,0,0,0,0,0,0,65,0,0,0,11,11,6,2,2,0,0,1,1,12,33435,1,1,0,0,2,0,69,999,1,1,0,0,0,1,2010,2,2010,0,36,0,0,0,2,2,65,1,1,2,1,0,0,1,13,7,3,4,2,1,0
12,122081,1,2,1,2,12,9,32,12,1,1,0,12,1,49,32,49032,4,2000,1NXBR12E7YZ3,1,N,X,B,R,1,2,E,7,Y,Z,3,0,P,TOYT,UVL,4D,0,17,2403,,0,970,,G,,0,0,000000000,00000000000,0,0,0,1,0,0,0,0,0,0,0,40,0,0,0,12,12,6,2,12,0,0,0,1,12,32204,6,1,0,0,3,0,71,999,0,0,0,0,0,0,0,0,0,0,36,0,0,0,2,3,45,1,1,2,1,28,3,1,50,1,1,1,20,1,0
12,122081,2,2,9,2,12,9,32,12,1,1,0,12,3,98,988,98988,52,2000,4RKMNTGA8YR8,4,R,K,M,N,T,G,A,8,Y,R,8,0,U,,,,0,17,,,,,,,,0,77,777777777,77777777777,3,21,22,1,0,0,0,0,6,0,0,0,0,0,0,6,6,6,2,12,0,0,0,1,12,32203,6,1,6,3,3,0,61,999,0,0,0,2,0,8,2009,12,2009,0,0,0,0,0,2,3,45,1,1,2,1,28,3,5,53,1,1,1,21,0,0
12,122082,1,1,1,3,12,6,2,8,0,1,0,12,1,14,6,14006,4,2002,2MEFM74W52X6,2,M,E,F,M,7,4,W,5,2,X,6,0,P,MERC,GMG,4D,2,17,3957,,0,1147,,G,,0,0,000000000,00000000000,0,0,0,1,0,0,0,0,0,0,0,25,0,0,0,12,12,6,2,8,0,0,0,1,12,33440,6,1,6,0,3,0,77,999,0,0,0,0,0,0,0,0,0,0,0,0,0,0,5,4,35,1,1,8,1,99,9,1,80,1,1,1,13,0,0
12,122083,1,1,1,3,12,21,55,8,0,1,1,12,1,24,401,24401,14,2004,5GZCZ23D14S8,5,G,Z,C,Z,2,3,D,1,4,S,8,0,P,STRN,VUE,UT,4,17,3246,,0,1066,,G,,0,0,000000000,00000000000,0,0,0,1,0,0,0,0,0,0,0,45,0,0,0,12,12,4,3,8,0,0,0,1,12,34472,6,1,0,0,3,0,62,999,0,0,0,1,1,12,2009,7,2010,0,92,0,0,0,5,4,45,1,5,8,1,0,0,1,80,1,1,1,13,0,0
12,122084,1,1,3,6,12,19,20,1,0,1,0,12,2,38,402,38402,14,1995,4S2CK58E6S43,4,S,2,C,K,5,8,E,6,S,4,3,0,P,ISU,ROD,UT,95,17,0,,0,1087,,G,,0,0,000000000,00000000000,0,0,0,1,0,0,0,0,0,0,0,70,0,1,1,0,0,6,2,1,0,0,0,1,12,33313,1,1,0,0,2,0,68,999,0,0,0,0,0,0,0,0,0,0,92,0,0,0,3,2,70,3,1,8,1,28,3,14,12,7,1,1,98,1,1
12,122085,1,1,1,9,12,4,33,1,0,1,0,12,1,49,32,49032,4,2004,1NXBR32E54Z2,1,N,X,B,R,3,2,E,5,4,Z,2,0,P,TOYT,UCS,4D,4,17,2502,,0,1024,,G,,0,0,000000000,00000000000,0,0,0,1,0,0,0,0,0,0,0,85,0,1,1,0,0,6,2,1,0,0,0,1,12,33323,1,1,0,0,2,0,70,999,0,1,0,2,1,9,2009,3,2010,1,0,0,0,0,3,3,65,1,1,8,1,0,0,1,12,7,3,6,98,1,1
12,122086,1,3,4,9,12,0,19,12,1,1,0,12,2,54,31,54031,3,1998,JH4DC4458WS0,J,H,4,D,C,4,4,5,8,W,S,0,0,P,ACUR,ILS,2H,98,17,2608,,0,1012,,G,,0,0,000000000,00000000000,0,0,0,1,0,0,0,0,0,0,0,999,0,0,0,6,6,6,2,12,0,0,0,1,12,33166,1,1,0,0,2,0,65,999,1,0,0,3,0,4,2009,3,2010,0,0,0,0,0,2,2,65,1,1,8,1,0,0,2,53,1,1,1,29,3,0
12,122086,2,3,2,9,12,0,19,12,1,1,0,48,3,82,883,82883,66,2002,1FUJAHCG92LG,1,F,U,J,A,H,C,G,9,2,L,G,1,T,FRHT,FLD,DS,2,17,,8,0,0,CON,D,,1,48,8045640,488045640,3,6,1,1,0,0,0,0,0,0,0,65,0,0,0,12,12,6,2,12,0,0,0,1,48,77532,6,1,6,3,3,3,999,999,0,0,0,0,1,9,2010,9,2010,0,0,0,0,0,2,2,65,1,1,8,1,0,0,1,52,1,1,1,28,0,0
12,122086,3,3,2,9,12,0,19,12,1,1,0,12,2,37,31,37031,3,1994,1HGEJ2128RL0,1,H,G,E,J,2,1,2,8,R,L,0,0,P,HOND,CID,CP,94,17,2168,,0,1032,,G,,0,0,000000000,00000000000,0,0,0,1,0,0,0,0,0,0,0,0,0,0,0,6,6,6,2,12,0,0,0,1,12,33166,6,7,0,0,3,0,66,999,0,4,0,1,0,2,2009,10,2010,0,0,0,0,0,2,2,65,1,1,8,1,0,0,5,53,1,1,1,98,0,0
12,122087,1,2,5,10,12,8,5,12,1,1,0,12,1,37,31,37031,2,2006,2HGFG12886H5,2,H,G,F,G,1,2,8,8,6,H,5,0,P,HOND,UAX,CP,6,17,2767,,0,1043,,G,,0,0,000000000,00000000000,0,0,0,1,0,0,0,0,0,0,0,40,0,0,0,12,12,6,2,12,0,0,0,1,12,32439,6,1,0,0,3,3,64,999,0,2,0,1,0,8,2009,1,2010,0,36,0,0,0,2,2,40,1,1,8,1,0,0,1,51,1,1,1,24,1,0
12,122087,2,2,2,10,12,8,5,12,1,1,0,12,2,12,481,12481,31,2005,1FDXW47P65EA,1,F,D,X,W,4,7,P,6,5,E,A,0,T,FORD,F4D,CB,5,17,,4,0,1890,DRW,D,,0,0,000000000,00000000000,0,0,0,1,0,0,0,0,0,0,0,15,0,0,0,6,6,4,1,12,0,0,0,1,12,32578,6,1,0,0,3,3,75,999,0,0,0,0,1,4,2008,4,2008,0,0,0,0,0,2,2,40,1,1,8,1,0,0,1,53,1,1,1,25,0,0
12,122088,1,2,2,10,12,6,18,12,6,1,0,12,1,20,2,20002,4,2004,2G1WH52K3492,2,G,1,W,H,5,2,K,3,4,9,2,0,P,CHEV,IPL,4D,4,17,3466,,0,1105,,G,,0,0,000000000,00000000000,0,0,0,1,0,0,0,0,0,0,0,15,0,0,0,4,4,6,2,12,0,0,0,1,12,33916,6,1,0,0,3,0,71,999,0,0,0,1,0,1,2009,1,2009,0,38,0,0,0,2,1,45,1,1,8,1,3,3,11,15,1,1,1,68,1,0
12,122088,2,2,3,10,12,6,18,12,6,1,0,12,2,23,421,23421,15,2003,1GKFK16Z23J1,1,G,K,F,K,1,6,Z,2,3,J,1,0,T,GMC,KX1,4W,3,17,,2,0,1300,YUK,F,,0,0,000000000,00000000000,0,0,0,1,0,0,0,0,0,0,0,40,0,0,0,12,12,6,2,12,0,0,0,1,12,33913,6,1,0,0,3,3,67,999,0,0,0,0,0,0,0,0,0,0,0,0,0,0,2,1,45,1,1,8,1,3,3,1,62,1,1,1,69,0,0
12,122089,1,2,2,10,12,11,49,12,6,1,0,12,1,20,421,20421,15,1995,1GNCS13WXSK1,1,G,N,C,S,1,3,W,X,S,K,1,0,P,CHEV,BZR,UT,95,17,3666,,0,1070,,G,,0,0,000000000,00000000000,0,0,0,1,0,0,0,0,0,0,0,15,0,0,0,3,3,6,2,12,0,0,0,1,12,32810,6,1,0,0,3,0,60,999,0,0,0,0,0,0,0,0,0,0,38,0,0,0,1,2,45,1,1,8,1,20,3,1,17,1,1,1,87,0,0
12,122089,2,2,1,10,12,11,49,12,6,1,0,12,1,37,705,37705,80,1997,JH2PC2502VM6,J,H,2,P,C,2,5,0,2,V,M,6,0,M,HOND,RF3,RS,97,17,,,,,,,600,0,0,000000000,00000000000,0,0,0,1,0,0,0,0,0,0,0,45,0,0,0,12,12,6,2,12,0,0,0,1,12,32714,6,1,0,0,3,0,67,999,0,1,0,1,1,8,2008,4,2009,0,0,0,0,0,2,2,45,1,1,8,1,0,0,1,66,7,1,1,86,1,0
12,122090,1,1,2,11,12,4,25,43,0,1,0,12,2,30,40,30040,4,2003,3VWSE69M63M1,3,V,W,S,E,6,9,M,6,3,M,1,0,P,VOLK,JGS,4D,3,17,2963,,0,989,,G,,0,0,000000000,00000000000,0,0,0,1,0,0,0,0,0,0,0,90,0,0,0,9,9,6,2,43,0,0,0,1,12,32765,6,1,0,0,3,0,77,999,0,0,0,0,1,9,2010,9,2010,1,36,0,0,0,1,2,35,1,1,8,1,0,0,1,12,7,3,4,2,2,1
12,122091,1,2,1,11,12,9,17,12,6,1,0,12,1,76,705,76705,80,2003,JYARJ06E03A0,J,Y,A,R,J,0,6,E,0,3,A,0,0,M,YAMA,R6L,RS,3,17,,,,,,,599,0,0,000000000,00000000000,0,0,0,1,0,0,0,0,0,0,0,40,0,0,0,12,12,4,3,12,0,0,0,1,12,33463,1,1,0,0,2,0,65,999,0,4,0,0,1,2,2010,5,2010,0,36,33,0,0,2,2,40,1,1,8,1,0,0,6,10,6,1,1,69,1,1
12,122091,2,2,1,11,12,9,17,12,6,1,0,12,3,82,883,82883,66,2005,1FUJA6CK05LU,1,F,U,J,A,6,C,K,0,5,L,U,1,T,FRHT,COL,DS,5,17,,8,0,0,CON,D,,1,77,777777777,77777777777,3,6,1,1,0,0,0,0,0,0,0,5,0,0,0,5,5,4,1,12,0,0,0,1,12,33068,6,1,6,0,3,0,67,999,1,0,0,0,0,8,2009,8,2009,0,0,0,0,0,2,2,40,1,1,8,1,0,0,11,63,1,1,1,68,0,0
12,122092,1,1,1,12,12,2,20,33,0,1,0,12,2,20,401,20401,14,2002,1GNDS13S9221,1,G,N,D,S,1,3,S,9,2,2,1,0,P,CHEV,TRL,UT,2,17,4442,,0,1130,,G,,0,0,000000000,00000000000,0,0,0,1,0,0,0,0,0,0,0,89,0,1,1,81,81,6,2,1,0,0,0,1,12,32233,6,1,0,0,3,0,72,999,1,2,0,0,0,9,2008,9,2008,1,28,58,0,0,6,1,55,1,1,8,1,28,3,1,6,7,1,4,98,1,1
12,122093,1,2,1,14,12,23,53,12,7,1,0,12,1,49,48,49048,5,2005,JTKKT6242501,J,T,K,K,T,6,2,4,2,5,0,1,0,P,TOYT,SXA,4H,5,17,2340,,0,933,,G,,0,0,000000000,00000000000,0,0,0,1,0,0,0,0,0,0,0,65,0,0,0,11,62,4,1,12,0,0,0,1,12,33071,6,1,0,0,3,3,68,999,0,0,0,0,0,0,0,0,0,0,0,0,0,0,3,4,70,1,1,8,1,0,0,1,60,1,1,1,48,1,0
12,122093,2,2,1,14,12,23,53,12,7,1,0,12,1,35,472,35472,30,2000,1N6DD26S1YC4,1,N,6,D,D,2,6,S,1,Y,C,4,0,T,NISS,FKX,PC,0,17,,1,0,1161,FRT,G,,0,0,000000000,00000000000,0,0,0,1,0,0,0,0,0,0,0,70,0,0,0,2,82,4,1,12,0,0,0,1,12,33071,1,1,0,0,2,3,73,999,0,4,0,3,0,5,2009,7,2010,0,36,0,0,0,3,4,70,1,1,8,1,0,0,1,12,7,1,6,48,0,1
12,122094,1,1,1,14,12,23,50,18,0,1,0,12,1,12,461,12461,21,1996,1FTJE34H6THA,1,F,T,J,E,3,4,H,6,T,H,A,0,T,FORD,35V,CG,96,17,,2,0,1380,VAN,G,,0,0,000000000,00000000000,0,0,0,1,0,0,0,0,0,0,0,45,0,0,0,3,3,6,2,18,0,0,0,1,12,34715,6,1,0,0,3,0,68,999,0,1,0,0,1,3,2010,3,2010,0,0,0,0,0,1,2,45,1,1,8,1,0,0,1,12,1,1,4,6,1,1
12,122095,1,1,1,15,12,13,40,8,0,1,0,12,1,14,17,14017,4,2001,1MEFM50U21A6,1,M,E,F,M,5,0,U,2,1,A,6,0,P,MERC,SGS,4D,1,17,3366,,0,1085,,G,,0,0,000000000,00000000000,0,0,0,1,0,0,0,0,0,0,0,15,0,0,0,12,12,2,9,8,0,0,0,1,12,33617,6,1,0,0,3,0,66,999,0,0,0,0,0,0,0,0,0,0,38,39,0,0,5,4,45,1,1,8,1,0,0,11,80,1,1,1,13,0,0