STATE,ST_CASE,VEH_NO,VE_FORMS,NUMOCCS,DAY,MONTH,HOUR,MINUTE,HARM_EV,MAN_COLL,UNITTYPE,HIT_RUN,REG_STAT,OWNER,MAKE,MODEL,MAK_MOD,BODY_TYP,MOD_YEAR,VIN,VIN_1,VIN_2,VIN_3,VIN_4,VIN_5,VIN_6,VIN_7,VIN_8,VIN_9,VIN_10,VIN_11,VIN_12,TOW_VEH,VINTYPE,VINMAKE,VINA_MOD,VIN_BT,VINMODYR,VIN_LNGT,VIN_WGT,WGTCD_TR,WHLBS_LG,WHLBS_SH,SER_TR,FUELCODE,MCYCL_DS,J_KNIFE,MCARR_I1,MCARR_I2,MCARR_ID,GVWR,V_CONFIG,CARGO_BT,HAZ_INV,HAZ_PLAC,HAZ_ID,HAZ_CNO,HAZ_REL,BUS_USE,SPEC_USE,EMER_USE,TRAV_SP,UNDERIDE,ROLLOVER,ROLINLOC,IMPACT1,IMPACT2,DEFORMED,TOWED,M_HARM,VEH_SC1,VEH_SC2,FIRE_EXP,DR_PRES,L_STATE,DR_ZIP,L_STATUS,L_TYPE,CDL_STAT,L_ENDORS,L_COMPL,L_RESTRI,DR_HGT,DR_WGT,PREV_ACC,PREV_SUS,PREV_DWI,PREV_SPD,PREV_OTH,FIRST_MO,FIRST_YR,LAST_MO,LAST_YR,SPEEDREL,DR_SF1,DR_SF2,DR_SF3,DR_SF4,VTRAFWAY,VNUM_LAN,VSPD_LIM,VALIGN,VPROFILE,VPAVETYP,VSURCOND,VTRAFCON,VTCONT_F,P_CRASH1,P_CRASH2,P_CRASH3,PCRASH4,PCRASH5,ACC_TYPE,DEATHS,DR_DRINK
12,122134,2,2,0,17,12,1,48,12,1,1,0,12,6,23,481,23481,31,1990,1GTDC14K9LZ5,1,G,T,D,C,1,4,K,9,L,Z,5,0,T,GMC,SC1,PK,90,17,,1,1315,1175,SIE,G,,0,0,000000000,00000000000,0,0,0,1,0,0,0,0,0,0,0,999,0,0,0,6,6,6,2,12,0,0,0,0,,,,,,,,,999,,,,,,,,,,,,20,0,0,0,1,2,45,1,1,8,1,0,0,0,53,0,0,0,32,0,0
12,122135,1,1,2,18,12,21,50,34,0,1,0,12,2,35,443,35443,20,1998,4N2ZN1115WD8,4,N,2,Z,N,1,1,1,5,W,D,8,0,P,NISS,QST,SV,98,17,4007,,0,1122,,G,,0,0,000000000,00000000000,0,0,0,1,0,0,0,0,0,0,0,80,0,0,0,14,3,6,2,42,0,0,0,1,12,33538,6,1,0,0,3,0,74,999,0,0,0,0,0,0,0,0,0,0,36,0,0,0,1,2,45,1,1,8,1,0,0,1,13,6,1,4,6,1,0
12,122136,1,1,1,19,12,19,18,9,0,1,0,12,2,37,31,37031,3,1988,JHMED6348JS0,J,H,M,E,D,6,3,4,8,J,S,0,0,P,HOND,CIV,2H,88,17,1867,,0,984,,G,,0,0,000000000,00000000000,0,0,0,1,0,0,0,0,0,0,0,43,0,0,0,12,12,6,2,9,0,0,0,1,12,34668,6,1,0,0,3,0,67,999,0,0,0,2,1,7,2009,12,2009,0,0,0,0,0,2,3,45,1,1,8,1,3,3,1,83,2,1,1,13,0,0
12,122137,1,1,1,20,12,4,50,14,0,1,0,12,1,20,22,20022,2,2006,1G1AL15F3677,1,G,1,A,L,1,5,F,3,6,7,7,0,P,CHEV,BLT,CP,6,17,2991,,0,1033,,G,,0,0,000000000,00000000000,0,0,0,1,0,0,0,0,0,0,0,55,0,0,0,1,1,6,2,8,0,0,0,1,12,33174,6,1,0,0,3,0,65,999,0,4,0,0,1,8,2008,11,2009,0,0,0,0,0,3,4,55,1,1,8,1,0,0,1,11,1,1,4,1,0,1
12,122138,1,1,1,20,12,23,15,1,0,1,0,12,2,2,404,2404,14,1997,1J4GZ58S3VC5,1,J,4,G,Z,5,8,S,3,V,C,5,0,T,JEEP,LRT,4W,97,17,,1,0,1059,GCK,G,,0,0,000000000,00000000000,0,0,0,1,0,0,0,0,0,0,0,90,0,2,5,0,0,6,2,1,0,0,0,1,12,32254,1,1,0,0,2,0,73,999,0,0,0,0,0,0,0,0,0,0,36,37,0,0,2,2,50,1,1,8,1,0,0,1,13,6,3,4,2,1,1
12,122139,1,2,1,23,12,18,53,8,0,1,0,12,2,2,404,2404,14,2000,1J4G248S0YC3,1,J,4,G,2,4,8,S,0,Y,C,3,0,T,JEEP,LRO,4W,0,17,,1,0,1059,GCK,G,,0,0,000000000,00000000000,0,0,0,1,0,0,0,0,0,0,0,45,0,0,0,11,11,4,1,8,0,0,0,1,12,32810,6,1,0,0,3,0,63,999,0,0,0,0,0,0,0,0,0,0,0,0,0,0,2,2,45,1,1,8,1,2,3,1,80,1,1,1,13,0,0
12,122139,2,2,2,23,12,18,53,8,0,1,0,12,2,49,40,49040,2,2002,2T1CE22P22C0,2,T,1,C,E,2,2,P,2,2,C,0,0,P,TOYT,CRE,CP,2,17,3075,,0,1051,,G,,0,0,000000000,00000000000,0,0,0,1,0,0,0,0,0,0,0,45,0,0,0,14,14,0,1,8,0,0,0,1,12,32825,6,1,0,0,3,0,67,999,0,0,0,0,0,0,0,0,0,0,0,0,0,0,2,2,45,1,1,8,1,2,3,1,80,1,1,1,98,0,0
12,122140,1,1,1,24,12,14,32,14,0,1,0,12,1,12,481,12481,31,1995,1FTJW35F6SEA,1,F,T,J,W,3,5,F,6,S,E,A,0,T,FORD,F35,CW,95,17,,2,0,1680,COF,D,,0,0,000000000,00000000000,0,0,0,1,0,0,0,0,0,0,0,65,0,0,0,1,1,4,1,8,0,0,0,1,12,33406,1,1,0,0,2,0,70,999,0,0,0,0,0,0,0,0,0,0,0,0,0,0,3,5,65,1,1,8,1,0,0,1,11,1,1,4,1,0,1
12,122141,1,1,1,24,12,3,25,8,0,1,0,12,1,12,471,12471,30,1988,1FTBR10T5JUD,1,F,T,B,R,1,0,T,5,J,U,D,0,T,FORD,RNG,PK,88,17,,1,1140,1080,RNG,G,,0,0,000000000,00000000000,0,0,0,1,0,0,0,0,0,0,0,45,0,0,0,12,12,4,3,8,0,0,0,1,12,32113,6,1,0,0,3,0,60,999,0,0,0,0,0,0,0,0,0,0,0,0,0,0,1,2,45,1,1,8,1,0,0,1,80,1,1,1,13,0,0
12,122142,1,2,2,24,12,13,55,12,6,1,0,12,2,24,1,24001,4,1996,1G8ZK5275TZ1,1,G,8,Z,K,5,2,7,5,T,Z,1,0,P,STRN,SL2,4D,96,17,2350,,0,1024,,G,,0,0,000000000,00000000000,0,0,0,1,0,0,0,0,0,0,0,20,0,0,0,9,9,6,2,12,0,0,0,1,12,34654,6,1,0,0,3,3,61,999,0,0,0,0,0,0,0,0,0,0,38,0,0,0,3,2,30,3,1,8,1,20,3,11,15,1,1,1,68,1,0
12,122142,2,2,3,24,12,13,55,12,6,1,0,12,1,7,472,7472,30,2000,1B7GL22ZXYS6,1,B,7,G,L,2,2,Z,X,Y,S,6,0,T,DODG,DAK,PC,0,17,,1,0,1309,DAK,G,,0,0,000000000,00000000000,0,0,0,1,0,0,0,0,0,0,0,55,0,0,0,12,12,4,3,12,0,0,0,1,12,34601,6,1,0,0,3,0,75,999,0,0,0,0,0,0,0,0,0,0,0,0,0,0,3,2,30,1,1,8,1,0,0,1,67,2,1,1,69,0,0
12,122143,1,1,2,25,12,22,14,8,0,1,0,12,1,37,32,37032,4,2006,1HGCM56776A0,1,H,G,C,M,5,6,7,7,6,A,0,0,P,HOND,UEX,4D,6,17,3142,,0,1079,,G,,0,0,000000000,00000000000,0,0,0,1,0,0,0,0,0,0,0,45,0,0,0,12,12,4,9,8,0,0,0,1,12,33321,6,1,0,0,3,0,61,999,0,0,0,0,0,0,0,0,0,0,0,0,0,0,2,3,45,1,1,2,1,28,3,1,80,1,1,1,13,0,0
12,122144,1,1,1,25,12,13,0,24,0,1,0,12,1,76,705,76705,80,2007,JYARJ06E57A0,J,Y,A,R,J,0,6,E,5,7,A,0,0,M,YAMA,F6S,RS,7,17,,,,,,,600,0,0,000000000,00000000000,0,0,0,1,0,0,0,0,0,0,0,100,0,0,0,3,3,6,2,24,0,0,0,1,12,32221,6,1,0,0,3,0,69,999,1,0,0,0,1,10,2009,11,2009,1,36,0,0,0,6,2,45,3,5,8,1,0,0,14,6,1,1,4,1,1,0
12,122145,1,1,1,26,12,17,49,8,0,1,0,12,3,92,981,92981,52,2005,15GGD291X510,1,5,G,G,D,2,9,1,X,5,1,0,0,U,,,,5,17,,,,,,,,0,77,777777777,77777777777,3,21,22,1,0,0,0,0,7,0,0,15,0,0,0,12,12,0,1,8,0,0,0,1,12,33850,6,1,6,3,3,0,66,999,0,0,0,0,0,0,0,0,0,0,0,0,0,0,4,1,15,3,1,8,1,0,0,14,80,1,1,1,13,0,0
12,122146,1,2,3,27,12,18,38,12,2,1,0,12,1,12,481,12481,31,1999,1FTZX1728XNA,1,F,T,Z,X,1,7,2,8,X,N,A,0,T,FORD,F15,4C,99,17,,1,1571,1385,COF,G,,0,0,000000000,00000000000,0,0,0,1,0,0,0,0,0,0,0,55,0,0,0,12,12,6,2,12,0,0,0,1,12,33860,6,1,0,0,3,0,67,999,0,0,0,0,0,0,0,0,0,0,38,0,0,0,1,2,55,1,1,8,1,0,0,11,15,1,1,1,68,1,0
12,122146,2,2,1,27,12,18,38,12,2,1,0,12,3,20,481,20481,31,2006,1GCHK23D66F1,1,G,C,H,K,2,3,D,6,6,F,1,0,T,CHEV,2KH,CW,6,17,,2,1670,1530,SIL,D,,0,0,000000000,00000000000,0,0,0,1,0,0,0,0,0,0,0,55,0,0,0,12,12,6,2,19,0,0,0,1,12,33563,6,1,0,0,3,0,76,999,0,0,0,1,0,2,2010,2,2010,0,0,0,0,0,1,2,55,1,1,8,1,0,0,1,62,1,1,1,69,0,0
12,122147,1,1,9,5,12,23,0,1,0,1,0,12,2,12,422,12422,15,1999,1FMPU18L7XLA,1,F,M,P,U,1,8,L,7,X,L,A,0,P,FORD,EPT,UT,99,17,5177,,0,1191,,G,,0,0,000000000,00000000000,0,0,0,1,0,0,0,0,0,0,0,70,0,1,5,0,13,6,2,1,0,0,0,1,12,32726,6,1,0,0,3,0,67,999,0,0,0,0,1,12,2008,12,2008,0,0,0,0,0,2,3,70,1,1,8,1,0,0,1,1,1,3,4,2,5,0
12,122148,1,2,1,30,9,0,1,12,6,1,0,18,2,20,22,20022,4,2005,1G1AK52F5575,1,G,1,A,K,5,2,F,5,5,7,5,0,P,CHEV,CBT,4D,5,17,3216,,0,1033,,G,,0,0,000000000,00000000000,0,0,0,1,0,0,0,0,0,0,0,20,0,0,0,3,3,6,2,12,0,0,0,1,12,33712,6,1,0,0,3,0,69,999,0,1,0,0,0,10,2009,10,2009,0,38,0,0,0,2,2,35,1,1,2,1,28,3,11,15,1,1,1,68,0,0
12,122148,2,2,1,30,9,0,1,12,6,1,0,12,1,98,709,98709,80,2007,RFBT7S3737B3,R,F,B,T,7,S,3,7,3,7,B,3,0,U,,,,7,17,,,,,,,,0,0,000000000,00000000000,0,0,0,1,0,0,0,0,0,0,0,35,0,0,0,12,12,6,2,12,0,0,0,1,12,33712,6,1,6,0,3,0,74,999,0,1,0,1,0,7,2009,2,2010,0,0,0,0,0,2,2,35,1,1,2,1,28,3,1,62,2,1,1,69,1,0
12,122149,1,1,1,24,10,1,17,30,0,1,0,12,2,37,32,37032,2,1995,1HGCD7262SA0,1,H,G,C,D,7,2,6,2,S,A,0,0,P,HOND,AEX,CP,95,17,2853,,0,1069,,G,,0,0,000000000,00000000000,0,0,0,1,0,0,0,0,0,0,0,90,0,0,0,9,9,6,2,30,0,0,0,1,12,32907,1,1,0,0,2,0,68,999,0,3,1,1,0,1,2008,9,2008,1,36,0,0,0,2,2,45,1,1,2,1,3,3,1,6,1,1,4,6,1,0
12,122150,1,2,1,20,11,21,59,12,6,1,0,12,1,72,706,72706,80,1991,1HD1EBL19MY1,1,H,D,1,E,B,L,1,9,M,Y,1,0,M,HD,FRS,RS,91,17,,,,,,,1340,0,0,000000000,00000000000,0,0,0,1,0,0,0,0,0,0,0,15,0,0,0,12,12,6,2,12,0,0,0,1,12,32772,6,1,0,0,3,0,72,999,0,0,0,0,0,0,0,0,0,0,38,0,0,0,2,2,40,1,1,8,1,3,3,11,10,1,1,1,68,1,1
12,122150,2,2,2,20,11,21,59,12,6,1,0,12,2,37,31,37031,4,2010,2HGFA1F50AH5,2,H,G,F,A,1,F,5,0,A,H,5,0,P,HOND,UCL,4D,10,17,2754,,0,1063,,G,,0,0,000000000,00000000000,0,0,0,1,0,0,0,0,0,0,0,40,0,0,0,11,11,4,3,12,0,0,0,1,12,32771,6,1,0,0,3,3,61,999,0,0,0,0,0,0,0,0,0,0,0,0,0,0,2,2,40,1,1,8,1,3,3,1,62,1,1,1,69,0,0
12,122151,1,1,1,24,11,18,27,8,0,1,0,12,1,55,36,55036,3,2003,KMHCG35C13U2,K,M,H,C,G,3,5,C,1,3,U,2,0,P,HYUN,AGL,2H,3,17,2255,,0,961,,G,,0,0,000000000,00000000000,0,0,0,1,0,0,0,0,0,0,0,40,0,0,0,12,12,4,3,8,0,0,0,1,12,32901,6,1,0,0,3,3,62,999,0,0,0,2,0,5,2009,10,2009,0,0,0,0,0,2,3,45,1,1,2,1,0,0,1,80,1,1,1,13,0,0
12,122152,1,2,2,28,11,13,35,12,6,1,0,12,1,21,23,21023,4,2000,1G3WH52HXYF2,1,G,3,W,H,5,2,H,X,Y,F,2,0,P,OLDS,IGX,4D,0,17,3455,,0,1090,,G,,0,0,000000000,00000000000,0,0,0,1,0,0,0,0,0,0,0,35,0,0,0,3,3,6,2,12,0,0,0,1,12,33873,6,1,0,0,3,0,60,999,1,2,0,0,0,4,2009,10,2009,0,38,0,0,0,1,2,45,1,1,8,1,3,3,1,17,1,1,1,87,1,0
12,122152,2,2,2,28,11,13,35,12,6,1,0,12,1,98,850,98850,73,2005,5B4MP67G9533,5,B,4,M,P,6,7,G,9,5,3,3,0,U,,,,5,17,,,,,,,,0,0,000000000,00000000000,0,0,0,1,0,0,0,0,0,0,0,50,0,0,0,12,12,6,2,12,0,0,0,1,12,33993,6,1,0,0,3,0,69,999,0,0,0,0,0,0,0,0,0,0,0,0,0,0,2,3,55,1,1,8,1,3,3,1,66,1,1,1,86,0,0
12,122153,1,2,1,28,11,10,58,12,6,1,0,12,1,12,16,12016,4,1997,2FALP73W1VX1,2,F,A,L,P,7,3,W,1,V,X,1,0,P,FORD,CVI,4D,97,17,3776,,0,1144,,G,,0,0,000000000,00000000000,0,0,0,1,0,0,0,0,0,0,0,30,0,0,0,9,9,4,1,12,0,0,0,1,12,32726,6,1,0,0,3,3,63,999,0,0,0,0,0,0,0,0,0,0,39,0,0,0,1,2,30,1,1,8,1,20,3,1,17,1,1,1,89,0,0
12,122153,2,2,1,28,11,10,58,12,6,1,0,12,1,76,704,76704,88,2006,JYASH03Y26A0,J,Y,A,S,H,0,3,Y,2,6,A,0,0,M,YAMA,YP4,MS,6,17,,,,,,,400,0,0,000000000,00000000000,0,0,0,1,0,0,0,0,0,0,0,25,0,0,0,11,11,6,2,12,0,0,0,1,12,32744,6,1,0,0,3,0,74,999,0,0,0,0,0,0,0,0,0,0,0,0,0,0,1,2,30,1,1,8,1,0,0,1,66,3,2,1,88,1,0
12,122154,1,1,1,1,12,23,48,15,0,1,1,13,1,7,21,7021,6,2005,2D4FV48V75H1,2,D,4,F,V,4,8,V,7,5,H,1,0,P,DODG,MGN,UT,5,17,3811,,0,1200,,G,,0,0,000000000,00000000000,0,0,0,1,0,0,0,0,0,0,0,999,0,0,0,1,1,4,1,15,0,0,0,1,12,32246,6,1,0,0,3,3,62,999,0,0,0,2,0,2,2009,7,2010,0,0,0,0,0,3,2,55,1,1,2,1,99,9,1,83,1,1,1,13,0,0
12,122155,1,1,1,2,12,22,18,8,0,1,0,12,3,12,16,12016,4,2000,2FAFP71W5YX1,2,F,A,F,P,7,1,W,5,Y,X,1,0,P,FORD,CVP,4D,0,17,0,,0,1147,,G,,0,0,000000000,00000000000,0,0,0,1,0,0,0,0,0,0,0,55,0,0,0,1,1,4,1,8,0,0,0,1,12,34478,6,1,0,0,3,0,70,999,0,0,0,1,0,3,2008,3,2008,0,0,0,0,0,1,2,55,1,1,8,1,0,0,1,80,4,1,1,13,0,0
12,122156,1,2,1,7,12,10,58,12,6,1,0,12,1,20,404,20404,14,2008,2CNDL13F8863,2,C,N,D,L,1,3,F,8,8,6,3,0,P,CHEV,EQU,UT,8,17,3699,,0,1125,,G,,0,0,000000000,00000000000,0,0,0,1,0,0,0,0,0,0,0,40,0,0,0,12,12,6,2,12,0,0,0,1,12,32136,6,1,0,0,3,3,70,999,0,0,0,0,0,0,0,0,0,0,39,0,0,0,2,2,45,1,1,2,1,3,3,1,17,1,1,1,69,1,0
12,122156,2,2,2,7,12,10,58,12,6,1,0,12,2,20,421,20421,15,2002,1GNDT13S5223,1,G,N,D,T,1,3,S,5,2,2,3,0,P,CHEV,TRL,UT,2,17,4628,,0,1130,,G,,0,0,000000000,00000000000,0,0,0,1,0,0,0,0,0,0,0,20,0,1,1,2,2,6,2,12,0,0,0,1,12,32137,6,1,0,0,3,0,67,999,0,0,0,0,0,0,0,0,0,0,0,0,0,0,2,2,45,1,1,2,1,3,3,11,62,1,1,1,68,0,0
12,122157,1,1,1,9,12,0,0,1,0,1,0,12,1,47,36,47036,4,2004,YS3ED49A8430,Y,S,3,E,D,4,9,A,8,4,3,0,0,P,SAA,9/C,4D,4,17,3580,,0,1064,,G,,0,0,000000000,00000000000,0,0,0,1,0,0,0,0,0,0,0,80,0,1,5,0,13,6,2,1,0,0,0,1,12,34461,6,1,0,0,3,0,71,999,0,0,0,2,0,9,2008,4,2009,1,36,0,0,0,1,2,50,1,1,8,1,0,0,1,13,7,3,4,2,1,1
12,122158,1,2,1,16,12,23,26,12,1,1,0,12,1,72,706,72706,80,2004,1HD1FRW134Y7,1,H,D,1,F,R,W,1,3,4,Y,7,0,M,HD,FCI,RS,4,17,,,,,,,1450,0,0,000000000,00000000000,0,0,0,1,0,0,0,0,0,0,0,70,0,0,0,12,12,6,2,12,0,0,0,1,12,34207,1,1,0,0,2,3,73,999,0,0,0,0,0,0,0,0,0,1,0,0,0,0,5,4,45,1,1,2,1,0,0,1,51,1,1,1,24,1,1
12,122158,2,2,1,16,12,23,26,12,1,1,0,12,1,12,481,12481,31,2002,1FTRX17232NB,1,F,T,R,X,1,7,2,3,2,N,B,0,T,FORD,F15,4C,2,17,,2,1571,1385,COF,G,,0,0,000000000,00000000000,0,0,0,1,0,0,0,0,0,0,0,45,0,0,0,6,6,6,2,12,0,0,0,1,12,34209,1,1,0,0,2,0,73,999,0,1,0,1,0,6,2010,6,2010,0,0,0,0,0,5,4,45,1,1,2,1,0,0,1,53,1,1,1,25,0,0
12,122159,1,2,1,18,12,9,52,12,6,1,0,12,1,13,12,13012,4,2002,1LNHM86S22Y6,1,L,N,H,M,8,6,S,2,2,Y,6,0,P,LINC,LLS,4D,2,17,3602,2,0,1145,RPC,G,,0,0,000000000,00000000000,0,0,0,1,0,0,0,0,0,0,0,5,0,0,0,9,9,6,2,12,0,0,0,1,12,32940,6,1,0,0,3,3,70,999,0,0,0,0,0,0,0,0,0,0,38,0,0,0,2,1,15,1,1,8,2,20,3,11,15,1,1,1,82,1,0
12,122159,2,2,1,18,12,9,52,12,6,1,0,12,2,7,482,7482,31,2007,1D7HU16P07J5,1,D,7,H,U,1,6,P,0,7,J,5,0,T,DODG,S15,PK,7,17,,2,1405,1205,RPC,F,,0,0,000000000,00000000000,0,0,0,1,0,0,0,0,0,0,0,40,0,0,0,12,12,6,2,12,0,0,0,1,12,32907,6,1,0,0,3,0,73,999,0,0,0,0,0,0,0,0,0,0,0,0,0,0,2,2,45,1,1,8,2,0,0,1,67,1,1,1,83,0,0
12,122160,1,1,1,19,12,6,15,8,0,1,1,99,9,99,999,99999,99,9999,999999999999,9,9,9,9,9,9,9,9,9,9,9,9,0,U,,,,9,17,,,,,,,,0,0,000000000,00000000000,0,0,0,1,0,0,0,0,0,0,0,999,0,0,0,99,99,4,1,8,0,0,0,1,99,99999,9,9,99,9,9,9,999,999,99,99,99,99,99,99,9999,99,9999,0,0,0,0,0,5,2,99,1,1,2,1,20,3,99,80,99,9,9,13,0,0
12,122161,1,2,1,19,12,3,15,12,2,1,0,12,2,30,42,30042,1,2001,3VWDC21V31M8,3,V,W,D,C,2,1,V,3,1,M,8,0,P,VOLK,UGX,CV,1,17,2781,,0,974,,G,,0,0,000000000,00000000000,0,0,0,1,0,0,0,0,0,0,0,40,0,0,0,12,12,6,2,12,0,0,0,1,12,32819,6,1,0,0,3,0,61,999,0,0,0,0,0,0,0,0,0,0,51,0,0,0,2,2,35,1,2,4,2,28,3,1,54,1,1,1,52,1,0
12,122161,2,2,1,19,12,3,15,12,2,1,0,12,2,37,32,37032,4,2004,1HGCM56664A0,1,H,G,C,M,5,6,6,6,4,A,0,0,P,HOND,UEX,4D,4,17,0,,0,1079,,G,,0,0,000000000,00000000000,0,0,0,1,0,0,0,0,0,0,0,45,0,0,0,12,12,6,2,12,0,0,0,1,12,32819,6,1,0,0,3,0,71,999,0,1,0,0,0,10,2009,10,2009,0,0,0,0,0,2,2,35,1,2,4,2,28,3,1,54,1,1,1,52,0,0
12,122162,1,3,1,23,12,11,28,12,6,1,0,12,3,55,33,55033,4,2011,5NPEB4AC4BH2,5,N,P,E,B,4,A,C,4,B,H,2,0,P,HYUN,SGL,4D,11,17,3161,,0,1100,,G,,0,0,000000000,00000000000,0,0,0,1,0,0,0,0,0,0,0,20,0,0,0,3,3,6,2,12,0,0,0,1,12,33462,6,1,0,0,3,3,58,999,0,0,0,0,0,0,0,0,0,0,38,48,39,0,2,3,45,1,1,2,1,3,3,11,15,1,1,1,68,0,0
12,122162,2,3,2,23,12,11,28,12,6,1,0,12,2,49,40,49040,4,2009,4T1BE46K39U3,4,T,1,B,E,4,6,K,3,9,U,3,0,P,TOYT,CBA,4D,9,17,3263,,0,1090,,G,,0,0,000000000,00000000000,0,0,0,1,0,0,0,0,0,0,0,45,0,0,0,12,12,6,2,12,0,0,0,1,12,33311,6,1,0,0,3,0,62,999,0,1,0,1,0,2,2010,5,2010,0,0,0,0,0,2,3,45,1,1,2,1,3,3,1,67,1,1,1,69,1,0
12,122162,3,3,2,23,12,11,28,12,6,1,0,12,2,35,47,35047,4,2009,1N4AL21E89N5,1,N,4,A,L,2,1,E,8,9,N,5,0,P,NISS,ATS,4D,9,17,3179,,0,1093,,G,,0,0,000000000,00000000000,0,0,0,1,0,0,0,0,0,0,0,0,0,0,0,12,12,6,2,12,0,0,0,1,12,33446,6,1,0,0,3,0,63,999,0,0,0,0,0,0,0,0,0,0,0,0,0,0,2,3,45,1,1,2,1,3,3,5,65,1,1,1,98,0,0
12,122164,1,3,1,24,12,20,0,12,2,1,0,12,2,7,21,7021,6,2005,2D8GV58245H1,2,D,8,G,V,5,8,2,4,5,H,1,0,P,DODG,MGN,UT,5,17,4161,,0,1200,,G,,0,0,000000000,00000000000,0,0,0,1,0,0,0,0,0,0,0,55,0,0,0,12,12,6,2,12,0,0,0,1,12,34453,6,1,0,0,3,0,67,999,0,0,0,0,0,0,0,0,0,0,35,0,0,0,1,2,55,1,3,8,1,0,0,6,54,1,1,2,50,1,0
12,122164,2,3,4,24,12,20,0,12,2,1,0,12,1,20,481,20481,31,2006,1GCHK29U86E1,1,G,C,H,K,2,9,U,8,6,E,1,1,T,CHEV,2KH,4C,6,17,,2,1575,1435,SIL,G,,1,0,000000000,00000000000,0,0,0,1,0,0,0,0,0,0,0,55,0,0,0,12,12,6,2,12,0,0,0,1,12,34436,6,1,0,0,3,3,70,999,0,0,0,0,0,0,0,0,0,0,0,0,0,0,1,2,55,1,3,8,1,0,0,1,62,1,1,1,51,0,0
12,122164,3,3,1,24,12,20,0,12,2,1,0,12,2,35,402,35402,14,2005,5N1AN08U65C6,5,N,1,A,N,0,8,U,6,5,C,6,0,P,NISS,XTR,UT,5,17,5200,,0,1063,,G,,0,0,000000000,00000000000,0,0,0,1,0,0,0,0,0,0,0,55,0,0,0,3,3,6,2,12,0,0,0,1,12,34453,6,1,0,0,3,0,66,999,1,0,0,0,0,4,2010,4,2010,0,0,0,0,0,1,2,55,1,3,8,1,0,0,1,60,1,1,1,98,0,0
12,122165,1,1,1,24,12,18,50,8,0,1,0,12,1,49,442,49442,20,2001,4T3ZF13C11U3,4,T,3,Z,F,1,3,C,1,1,U,3,0,P,TOYT,SIE,SV,1,17,3932,,0,1142,,G,,0,0,000000000,00000000000,0,0,0,1,0,0,0,0,0,0,0,80,0,0,0,12,12,6,2,8,0,0,0,1,12,32692,6,1,0,0,3,0,68,999,0,0,0,0,0,0,0,0,0,0,36,0,0,0,2,2,25,1,1,2,1,3,3,1,80,1,1,1,13,0,1
12,122166,1,1,7,25,12,22,0,1,0,1,0,12,1,20,421,20421,15,2002,1GNEK13Z32J2,1,G,N,E,K,1,3,Z,3,2,J,2,0,P,CHEV,KTA,UT,2,17,5050,,0,1160,,F,,0,0,000000000,00000000000,0,0,0,1,0,0,0,0,0,0,0,999,0,1,5,0,7,6,2,1,0,0,0,1,12,33033,6,1,0,0,3,0,63,999,0,1,0,0,0,5,2008,5,2008,0,36,51,0,0,3,2,40,1,1,2,1,0,0,1,12,6,3,4,7,1,1
12,122167,1,1,1,28,12,13,5,33,0,1,0,12,1,76,734,76734,90,2003,JYARP07E33A0,J,Y,A,R,P,0,7,E,3,3,A,0,0,M,YAMA,F13,RS,3,17,,,,,,,1298,0,0,000000000,00000000000,0,0,0,1,0,0,0,0,0,0,0,35,0,1,5,12,12,6,2,1,0,0,0,1,12,34105,6,1,0,0,3,3,71,999,0,0,0,0,0,0,0,0,0,0,0,0,0,0,3,2,35,3,5,8,1,0,0,14,13,1,1,4,1,1,0
12,122168,1,1,1,29,12,20,35,1,0,1,0,12,1,20,401,20401,14,2005,1GNDS13S1522,1,G,N,D,S,1,3,S,1,5,2,2,0,P,CHEV,TRL,UT,5,17,4425,,0,1130,,G,,0,0,000000000,00000000000,0,0,0,1,0,0,0,0,0,0,0,80,0,1,1,0,0,6,2,1,0,0,0,1,12,32692,6,1,0,0,3,0,68,999,0,0,0,0,0,0,0,0,0,1,36,0,0,0,1,2,60,1,1,8,1,0,0,1,6,12,3,2,98,1,1
12,122169,1,1,1,30,12,17,15,8,0,1,0,12,1,7,461,7461,21,2001,2B7HB11X81K5,2,B,7,H,B,1,1,X,8,1,K,5,0,T,DODG,15B,CG,1,17,,2,1272,1093,RMV,G,,0,0,000000000,00000000000,0,0,0,1,0,0,0,0,0,0,0,35,0,0,0,2,2,4,8,8,0,0,0,1,12,33614,6,1,0,0,3,3,66,999,0,0,0,0,0,0,0,0,0,0,0,0,0,0,1,2,45,1,1,2,1,0,0,1,80,1,1,1,13,0,0
12,122170,1,1,1,30,12,11,40,42,0,1,0,12,2,37,706,37706,80,2006,JH2SC57056M2,J,H,2,S,C,5,7,0,5,6,M,2,0,M,HOND,CBS,RS,6,17,,,,,,,998,0,0,000000000,00000000000,0,0,0,1,0,0,0,0,0,0,0,25,0,0,0,12,12,6,2,42,0,0,0,1,12,32405,6,1,0,0,3,0,73,999,0,0,0,0,0,0,0,0,0,0,36,0,0,0,1,2,25,3,1,8,1,0,0,14,13,1,1,4,1,1,1