STATE,ST_CASE,VEH_NO,VE_FORMS,NUMOCCS,DAY,MONTH,HOUR,MINUTE,HARM_EV,MAN_COLL,UNITTYPE,HIT_RUN,REG_STAT,OWNER,MAKE,MODEL,MAK_MOD,BODY_TYP,MOD_YEAR,VIN,VIN_1,VIN_2,VIN_3,VIN_4,VIN_5,VIN_6,VIN_7,VIN_8,VIN_9,VIN_10,VIN_11,VIN_12,TOW_VEH,VINTYPE,VINMAKE,VINA_MOD,VIN_BT,VINMODYR,VIN_LNGT,VIN_WGT,WGTCD_TR,WHLBS_LG,WHLBS_SH,SER_TR,FUELCODE,MCYCL_DS,J_KNIFE,MCARR_I1,MCARR_I2,MCARR_ID,GVWR,V_CONFIG,CARGO_BT,HAZ_INV,HAZ_PLAC,HAZ_ID,HAZ_CNO,HAZ_REL,BUS_USE,SPEC_USE,EMER_USE,TRAV_SP,UNDERIDE,ROLLOVER,ROLINLOC,IMPACT1,IMPACT2,DEFORMED,TOWED,M_HARM,VEH_SC1,VEH_SC2,FIRE_EXP,DR_PRES,L_STATE,DR_ZIP,L_STATUS,L_TYPE,CDL_STAT,L_ENDORS,L_COMPL,L_RESTRI,DR_HGT,DR_WGT,PREV_ACC,PREV_SUS,PREV_DWI,PREV_SPD,PREV_OTH,FIRST_MO,FIRST_YR,LAST_MO,LAST_YR,SPEEDREL,DR_SF1,DR_SF2,DR_SF3,DR_SF4,VTRAFWAY,VNUM_LAN,VSPD_LIM,VALIGN,VPROFILE,VPAVETYP,VSURCOND,VTRAFCON,VTCONT_F,P_CRASH1,P_CRASH2,P_CRASH3,PCRASH4,PCRASH5,ACC_TYPE,DEATHS,DR_DRINK
12,122278,1,1,1,23,12,1,37,42,0,1,0,12,1,54,38,54038,2,2002,JH4DC530X2C0,J,H,4,D,C,5,3,0,X,2,C,0,0,P,ACUR,RST,2H,2,17,2767,,0,1012,,G,,0,0,000000000,00000000000,0,0,0,1,0,0,0,0,0,0,0,45,0,0,0,62,62,6,2,42,0,0,0,1,12,33803,6,1,0,0,3,0,72,999,0,0,0,0,0,0,0,0,0,0,36,0,0,0,2,2,35,1,2,2,1,0,0,1,13,1,1,4,1,1,1
12,122279,1,1,1,24,12,21,38,8,0,1,0,12,2,49,472,49472,30,2007,3TMJU62N57M0,3,T,M,J,U,6,2,N,5,7,M,0,0,T,TOYT,DCP,CW,7,17,,1,0,1278,TAC,G,,0,0,000000000,00000000000,0,0,0,1,0,0,0,0,0,0,0,26,0,0,0,12,12,4,1,8,0,0,0,1,12,33629,6,1,0,0,3,0,69,999,0,0,0,0,0,0,0,0,0,0,0,0,0,0,5,4,35,1,1,2,1,28,3,1,80,8,1,1,13,0,0
12,122280,1,1,1,29,12,0,40,8,0,1,1,99,9,99,999,99999,99,9999,999999999999,9,9,9,9,9,9,9,9,9,9,9,9,0,U,,,,9,17,,,,,,,,0,0,000000000,00000000000,0,0,0,1,0,0,0,0,0,0,0,45,0,0,0,12,12,4,1,8,0,0,0,1,99,99999,9,9,99,9,9,9,999,999,99,99,99,99,99,99,9999,99,9999,0,0,0,0,0,5,6,45,1,1,8,1,0,0,1,80,99,1,1,13,0,0
12,122281,1,2,1,29,11,17,12,12,6,1,0,12,1,24,1,24001,4,2002,1G8ZK52782Z1,1,G,8,Z,K,5,2,7,8,2,Z,1,0,P,STRN,SL2,4D,2,17,2431,,0,1024,,G,,0,0,000000000,00000000000,0,0,0,1,0,0,0,0,0,0,0,10,0,0,0,61,61,6,2,12,0,0,0,1,12,33702,6,1,0,0,3,0,64,999,0,0,0,0,0,0,0,0,0,0,38,0,0,0,1,2,30,1,1,2,1,20,3,11,15,1,1,1,82,1,0
12,122281,2,2,1,29,11,17,12,12,6,1,0,12,1,7,402,7402,14,2001,1B4HR28N31F5,1,B,4,H,R,2,8,N,3,1,F,5,0,P,DODG,DUR,UT,1,17,4272,,0,1159,,G,,0,0,000000000,00000000000,0,0,0,1,0,0,0,0,0,0,0,30,0,0,0,12,12,6,2,12,0,0,0,1,12,33710,6,1,0,0,3,0,73,999,0,0,0,0,0,0,0,0,0,0,0,0,0,0,2,2,30,1,1,2,1,0,0,1,67,1,1,1,83,0,0
12,122282,1,2,3,30,12,18,25,12,6,1,0,33,1,59,403,59403,14,2010,2T2BK1BA2AC0,2,T,2,B,K,1,B,A,2,A,C,0,0,P,LEXS,RX5,UT,10,17,4510,,0,1079,,G,,0,0,000000000,00000000000,0,0,0,1,0,0,0,0,0,0,0,20,0,0,0,2,2,6,2,12,0,0,0,1,33,3047,6,1,0,0,3,0,72,999,1,0,0,1,0,2,2008,7,2010,0,38,0,0,0,2,2,55,1,1,2,1,3,3,11,15,1,1,1,68,1,0
12,122282,2,2,2,30,12,18,25,12,6,1,0,36,1,12,481,12481,31,2008,1FTSX21568EA,1,F,T,S,X,2,1,5,6,8,E,A,0,T,FORD,F2S,4C,8,17,,2,1580,1420,SRW,G,,0,0,000000000,00000000000,0,0,0,1,0,0,0,0,0,0,0,50,0,0,0,12,12,6,2,12,0,0,0,1,36,14411,6,1,0,0,3,0,68,999,0,0,0,0,0,0,0,0,0,0,0,0,0,0,2,2,55,1,1,2,1,3,3,1,62,1,1,1,69,0,0
12,122283,1,2,1,29,12,18,50,12,2,1,0,12,1,20,2,20002,4,2004,2G1WH52K7494,2,G,1,W,H,5,2,K,7,4,9,4,0,P,CHEV,IPL,4D,4,17,3466,,0,1105,,G,,0,0,000000000,00000000000,0,0,0,1,0,0,0,0,0,0,0,35,0,0,0,12,12,6,2,12,0,0,0,1,12,33844,6,1,0,0,3,3,70,999,0,0,0,0,0,0,0,0,0,0,28,0,0,0,1,2,35,3,6,8,1,3,3,14,54,1,1,2,50,1,0
12,122283,2,2,1,29,12,18,50,12,2,1,0,12,1,49,47,49047,6,2006,2T1KR32E16C6,2,T,1,K,R,3,2,E,1,6,C,6,0,P,TOYT,CTR,4H,6,17,2679,,0,1024,,G,,0,0,000000000,00000000000,0,0,0,1,0,0,0,0,0,0,0,35,0,0,0,12,12,6,2,12,0,0,0,1,12,33898,6,1,0,0,3,3,64,999,0,0,0,0,0,0,0,0,0,0,0,0,0,0,1,2,35,2,1,8,1,3,3,14,54,1,1,1,51,1,0
12,122284,1,1,1,3,12,21,33,3,0,1,0,12,2,49,32,49032,4,2009,JTDBL40E19J0,J,T,D,B,L,4,0,E,1,9,J,0,0,P,TOYT,CLB,4D,9,17,2723,,0,1024,,G,,0,0,000000000,00000000000,0,0,0,1,0,0,0,0,0,0,0,7,0,0,0,0,0,6,2,3,0,0,0,1,12,33193,6,1,0,0,3,3,60,999,0,0,0,0,1,5,2009,5,2009,0,38,0,0,0,1,2,30,1,1,2,99,0,0,12,13,1,1,4,0,1,0
12,122285,1,2,2,22,12,14,14,12,6,1,0,97,1,12,481,12481,31,2010,1FTFX1EV5AFB,1,F,T,F,X,1,E,V,5,A,F,B,0,T,FORD,F15,4C,10,17,,2,1630,1330,COF,F,,0,0,000000000,00000000000,0,0,0,1,0,0,0,0,0,0,0,35,0,0,0,11,11,6,2,12,0,0,0,1,97,99999,9,9,99,9,9,9,999,999,99,99,99,99,99,99,9999,99,9999,0,27,0,0,0,2,2,40,1,1,2,1,28,3,15,10,1,1,2,47,0,0
12,122285,2,2,1,22,12,14,14,12,6,1,0,12,1,20,481,20481,31,2006,2GCEC13V2612,2,G,C,E,C,1,3,V,2,6,1,2,0,T,CHEV,SC1,CW,6,17,,2,0,1435,SIL,G,,0,0,000000000,00000000000,0,0,0,1,0,0,0,0,0,0,0,35,0,0,0,3,3,6,2,30,0,0,0,1,12,33597,6,1,6,0,3,3,69,999,0,0,0,0,0,0,0,0,0,0,0,0,0,0,2,2,40,1,1,2,1,28,3,1,61,6,1,1,45,1,0
12,122286,1,1,1,13,11,16,25,8,0,1,0,12,1,9,38,9038,4,1998,1P3EJ46X1WN1,1,P,3,E,J,4,6,X,1,W,N,1,0,P,PLYM,BEE,4D,98,17,2848,,0,1080,,G,,0,0,000000000,00000000000,0,0,0,1,0,0,0,0,0,0,0,15,0,0,0,9,9,4,3,8,0,0,0,1,12,32124,6,1,0,0,3,0,63,999,0,0,0,0,0,0,0,0,0,0,31,36,0,0,0,0,0,0,0,0,0,0,0,13,9,1,1,7,13,1,0
12,122287,1,1,1,30,12,14,15,1,0,1,0,12,2,23,421,23421,15,1999,1GKCS13W5X25,1,G,K,C,S,1,3,W,5,X,2,5,0,T,GMC,JMY,4W,99,17,,1,0,1070,JMY,G,,0,0,000000000,00000000000,0,0,0,1,0,0,0,0,0,0,0,70,0,2,5,0,0,6,2,1,0,0,0,1,12,32011,6,1,0,0,3,0,73,999,0,1,0,0,0,1,2010,1,2010,0,0,0,0,0,2,2,70,1,1,8,1,0,0,1,12,7,3,4,2,1,0
12,122288,1,1,1,24,10,0,24,8,0,1,0,12,1,35,47,35047,4,2007,1N4AL21E17N4,1,N,4,A,L,2,1,E,1,7,N,4,0,P,NISS,ATS,4D,7,17,3042,,0,1093,,G,,0,0,000000000,00000000000,0,0,0,1,0,0,0,0,0,0,0,35,0,0,0,12,12,4,1,8,0,0,0,1,12,33173,6,1,0,0,3,3,70,999,0,0,0,0,0,0,0,0,0,0,0,0,0,0,1,4,35,1,1,2,1,28,3,1,80,1,1,1,13,0,0
12,122289,1,1,2,7,11,2,5,1,0,1,0,12,2,21,1,21001,2,1987,2G3GR11A3H23,2,G,3,G,R,1,1,A,3,H,2,3,0,P,OLDS,CSU,CP,87,17,3203,,0,1081,,G,,0,0,000000000,00000000000,0,0,0,1,0,0,0,0,0,0,0,999,0,1,5,0,3,6,2,1,0,0,0,1,12,33523,2,1,0,0,2,0,65,999,0,7,1,1,1,2,2008,6,2010,1,36,37,0,0,2,3,55,1,1,2,1,98,3,1,13,1,1,4,1,1,0
12,122290,1,1,1,19,11,6,14,8,0,1,0,12,1,35,49,35049,6,2005,JN8AZ08T45W3,J,N,8,A,Z,0,8,T,4,5,W,3,0,P,NISS,MUR,UT,5,17,3697,,0,1112,,G,,0,0,000000000,00000000000,0,0,0,1,0,0,0,0,0,0,0,35,0,0,0,12,12,4,3,8,0,0,0,1,12,33169,6,1,0,0,3,3,63,999,0,1,0,0,0,2,2009,2,2009,0,0,0,0,0,2,3,40,1,1,4,1,3,3,1,80,1,1,1,13,0,0
12,122291,1,2,1,5,12,18,12,8,0,1,0,12,1,49,402,49402,14,2008,JTMZD33V1860,J,T,M,Z,D,3,3,V,1,8,6,0,0,P,TOYT,RG4,UT,8,17,3300,,0,1047,,G,,0,0,000000000,00000000000,0,0,0,1,0,0,0,0,0,0,0,45,0,0,0,12,12,6,2,8,0,0,0,1,12,33126,6,1,0,0,3,3,64,999,0,0,0,0,0,0,0,0,0,0,51,0,0,0,2,2,40,1,1,2,1,28,3,1,83,1,1,1,13,0,0
12,122291,2,2,4,5,12,18,12,8,0,1,0,12,3,7,442,7442,20,2010,2D4RN5D19AR1,2,D,4,R,N,5,D,1,9,A,R,1,0,P,DODG,CAR,SV,10,17,4483,,0,1212,,G,,0,0,000000000,00000000000,0,0,0,1,0,0,0,0,0,0,0,15,0,0,0,12,12,6,2,12,0,0,0,1,9,6119,6,1,0,0,3,0,71,999,98,0,0,0,0,0,0,0,0,0,0,0,0,0,2,2,40,1,1,2,1,28,3,1,54,1,1,1,98,0,0
12,122292,1,2,1,26,12,14,41,12,6,1,1,12,2,12,442,12442,20,1998,2FTDA54U2WBB,2,F,T,D,A,5,4,U,2,W,B,B,0,T,FORD,WVN,EC,98,17,,1,0,1207,WIN,G,,0,0,000000000,00000000000,0,0,0,1,0,0,0,0,0,0,0,35,0,0,0,12,12,6,4,12,0,0,0,1,12,33324,6,1,0,0,3,0,72,999,0,4,0,0,0,2,2010,4,2010,0,39,0,0,0,2,3,35,1,1,2,1,3,3,1,17,1,1,1,88,0,0
12,122292,2,2,1,26,12,14,41,12,6,1,0,12,1,49,40,49040,4,2004,4T1BE32K54U8,4,T,1,B,E,3,2,K,5,4,U,8,0,P,TOYT,UXS,4D,4,17,3086,,0,1071,,G,,0,0,000000000,00000000000,0,0,0,1,0,0,0,0,0,0,0,10,0,0,0,10,10,6,8,12,0,0,0,1,12,33060,6,1,0,0,3,3,67,999,0,0,0,0,0,0,0,0,0,0,0,0,0,0,2,3,35,1,1,2,1,3,3,1,66,1,1,1,89,1,0
12,122294,1,2,3,31,12,18,30,12,1,1,0,12,2,12,422,12422,15,2000,1FMRU1766YLA,1,F,M,R,U,1,7,6,6,Y,L,A,0,P,FORD,EPT,UT,0,17,4833,,0,1191,,G,,0,0,000000000,00000000000,0,0,0,1,0,0,0,0,0,0,0,25,0,1,1,6,6,6,2,1,0,0,0,1,12,33018,6,1,0,0,3,0,65,999,0,0,0,0,1,1,2010,1,2010,0,0,0,0,0,3,4,55,1,1,8,1,0,0,2,53,1,1,1,29,1,0
12,122294,2,2,1,31,12,18,30,12,1,1,0,12,2,6,441,6441,20,2008,2A8HR54P78R7,2,A,8,H,R,5,4,P,7,8,R,7,0,P,CHRY,TWC,SV,8,17,4507,,0,1212,,G,,0,0,000000000,00000000000,0,0,0,1,0,0,0,0,0,0,0,55,0,0,0,12,12,6,2,12,0,0,0,1,12,33156,6,1,0,0,3,3,66,999,0,0,0,0,0,0,0,0,0,0,0,0,0,0,3,4,55,1,1,8,1,0,0,1,52,1,1,1,28,0,0
12,122295,1,1,1,26,12,16,7,30,0,1,0,12,2,72,706,72706,80,2000,1HD1FSW12YY6,1,H,D,1,F,S,W,1,2,Y,Y,6,0,M,HD,TRI,RS,0,17,,,,,,,1450,0,0,000000000,00000000000,0,0,0,1,0,0,0,0,0,0,0,999,0,0,0,11,11,6,2,30,0,0,0,1,12,33064,6,1,0,0,3,3,72,999,0,1,1,1,1,7,2008,11,2008,0,0,0,0,0,1,2,25,1,1,2,1,0,0,1,13,1,1,4,1,1,0
12,122296,1,1,2,22,12,21,4,8,0,1,0,12,2,12,481,12481,31,2002,1FTRW07622KE,1,F,T,R,W,0,7,6,2,2,K,E,0,T,FORD,F1S,CW,2,17,,2,0,1385,COF,G,,0,0,000000000,00000000000,0,0,0,1,0,0,0,0,0,0,0,45,0,0,0,12,12,4,3,8,0,0,0,1,12,32707,6,1,0,0,3,3,68,999,0,0,0,0,0,0,0,0,0,0,0,0,0,0,5,5,45,1,1,8,1,0,0,1,80,1,1,1,13,0,0
12,122297,1,1,2,31,12,4,11,3,0,1,0,12,2,55,39,55039,4,2007,KMHFC46F57A1,K,M,H,F,C,4,6,F,5,7,A,1,0,P,HYUN,AZL,4D,7,17,3629,,0,1094,,G,,0,0,000000000,00000000000,0,0,0,1,0,0,0,0,0,0,0,999,0,0,0,0,12,9,2,3,0,0,0,1,99,99999,9,9,99,9,9,9,999,999,99,99,99,99,99,99,9999,99,9999,0,0,0,0,0,1,2,99,1,1,5,98,0,0,13,12,1,1,4,0,1,0
12,122298,1,1,2,5,12,6,28,33,0,1,0,12,2,42,31,42031,4,1996,WDBJF55F3TJ0,W,D,B,J,F,5,5,F,3,T,J,0,0,P,MERZ,E32,4D,96,17,3485,,0,1115,,G,,0,0,000000000,00000000000,0,0,0,1,0,0,0,0,0,0,0,55,0,0,0,14,14,6,2,30,0,0,0,1,99,99999,9,9,99,9,9,9,999,999,99,99,99,99,99,99,9999,99,9999,0,0,0,0,0,2,2,45,1,1,8,1,0,0,1,13,1,3,4,2,2,0
12,122299,1,1,1,7,12,1,40,1,0,1,0,12,2,12,481,12481,31,1998,1FTZX1724WNB,1,F,T,Z,X,1,7,2,4,W,N,B,0,T,FORD,F15,3C,98,17,,1,1570,1390,COF,G,,0,0,000000000,00000000000,0,0,0,1,0,0,0,0,0,0,0,65,0,1,5,0,3,6,8,1,0,0,0,1,12,32145,6,1,0,0,3,0,67,999,0,0,0,0,0,0,0,0,0,0,0,0,0,0,1,2,55,1,1,2,1,0,0,1,12,6,1,4,6,1,1
12,122300,1,2,1,10,12,16,55,12,6,1,0,12,1,49,402,49402,14,2002,JTEGH20V2200,J,T,E,G,H,2,0,V,2,2,0,0,0,P,TOYT,RV4,UT,2,17,2711,,0,980,,G,,0,0,000000000,00000000000,0,0,0,1,0,0,0,0,0,0,0,35,0,0,0,12,12,6,2,12,0,0,0,1,12,33319,6,1,0,0,3,0,72,999,0,0,0,0,0,0,0,0,0,0,38,0,0,0,2,3,45,1,1,2,1,3,3,11,15,1,1,1,68,1,0
12,122300,2,2,1,10,12,16,55,12,6,1,0,12,1,35,39,35039,4,1998,JN1CA21D8WT5,J,N,1,C,A,2,1,D,8,W,T,5,0,P,NISS,MGS,4D,98,17,3026,,0,1063,,G,,0,0,000000000,00000000000,0,0,0,1,0,0,0,0,0,0,0,35,0,0,0,9,9,0,3,12,0,0,0,1,12,33065,6,1,0,0,3,0,60,999,0,0,0,1,0,10,2010,10,2010,0,0,0,0,0,2,3,45,1,1,2,1,3,3,1,62,1,1,1,69,0,0
12,122301,1,1,1,15,12,23,52,15,0,1,0,12,2,20,401,20401,14,1996,1GCCS14X3TK1,1,G,C,C,S,1,4,X,3,T,K,1,0,T,CHEV,S14,PK,96,17,,1,1179,1083,S,G,,0,0,000000000,00000000000,0,0,0,1,0,0,0,0,0,0,0,35,0,0,0,12,12,4,1,15,0,0,0,1,12,34471,6,1,0,0,3,0,71,999,0,0,0,0,1,8,2010,8,2010,0,0,0,0,0,5,2,35,1,1,2,1,0,0,1,80,1,1,1,13,0,0
12,122302,1,1,1,21,12,18,41,15,0,1,0,12,1,35,39,35039,4,1995,JN1CA21D3ST6,J,N,1,C,A,2,1,D,3,S,T,6,0,P,NISS,MGS,4D,95,17,2886,,0,1063,,G,,0,0,000000000,00000000000,0,0,0,1,0,0,0,0,0,0,0,30,0,0,0,12,12,4,1,15,0,0,0,1,12,33021,6,1,0,0,3,0,68,999,0,1,0,0,0,2,2009,2,2009,0,0,0,0,0,5,4,40,1,1,2,1,0,0,1,80,3,1,1,13,0,0
12,122303,1,2,1,22,12,14,9,12,6,1,0,12,1,49,402,49402,14,2001,JTEGH20V2100,J,T,E,G,H,2,0,V,2,1,0,0,0,P,TOYT,RV4,UT,1,17,2877,,0,980,,G,,0,0,000000000,00000000000,0,0,0,1,0,0,0,0,0,0,0,15,0,0,0,9,9,6,2,12,0,0,0,1,12,34442,6,1,6,0,3,0,72,999,0,0,0,0,0,0,0,0,0,0,38,0,0,0,1,2,55,1,1,8,1,21,3,11,15,1,1,1,82,1,0
12,122303,2,2,2,22,12,14,9,12,6,1,0,12,3,12,881,12881,62,2000,3FDNF65A4YMA,3,F,D,N,F,6,5,A,4,Y,M,A,0,T,FORD,F6S,CC,0,17,,6,2600,1580,COF,D,,0,88,888888888,88888888888,2,1,96,1,0,0,0,0,0,0,0,45,0,0,0,12,12,6,8,12,0,0,0,1,12,33565,6,1,0,0,3,0,71,999,0,2,0,1,0,5,2008,8,2010,0,0,0,0,0,2,3,55,1,1,8,1,0,0,1,66,1,1,1,83,0,0
12,122304,1,1,2,12,11,18,5,8,0,1,0,12,3,49,46,49046,5,2008,JTDKB20U4878,J,T,D,K,B,2,0,U,4,8,7,8,0,P,TOYT,PRI,4H,8,17,2932,,0,1063,,B,,0,0,000000000,00000000000,0,0,0,1,0,0,0,0,0,0,0,35,0,0,0,11,11,6,2,8,36,0,0,1,12,32127,6,1,0,0,3,0,69,999,0,0,0,0,0,0,0,0,0,0,0,0,0,0,2,2,40,1,1,2,1,3,3,1,80,1,1,1,13,0,0
12,122305,1,1,2,21,10,6,48,8,0,1,0,12,1,12,481,12481,31,1993,1FTEF15Y7PNA,1,F,T,E,F,1,5,Y,7,P,N,A,0,T,FORD,F15,PK,93,17,,2,1330,1170,COF,G,,0,0,000000000,00000000000,0,0,0,1,0,0,0,0,0,0,0,30,0,0,0,1,1,4,1,8,0,0,0,1,12,33712,6,1,0,0,3,0,68,999,0,1,0,1,0,2,2009,3,2009,0,0,0,0,0,1,2,30,1,1,2,1,0,0,1,80,6,1,1,13,0,0
12,122306,1,1,1,19,12,13,28,9,0,1,0,12,2,24,1,24001,4,2001,1G8ZH52841Z2,1,G,8,Z,H,5,2,8,4,1,Z,2,0,P,STRN,SL1,4D,1,17,2360,,0,1024,,G,,0,0,000000000,00000000000,0,0,0,1,0,0,0,0,0,0,0,5,0,0,0,1,1,4,9,9,0,0,0,1,12,32130,6,1,0,0,3,0,62,999,0,0,0,0,0,0,0,0,0,0,0,0,0,0,2,2,45,1,1,2,1,0,0,1,83,1,1,1,13,0,0
12,122307,1,2,1,11,8,11,44,12,6,1,0,12,1,22,25,22025,5,2009,KL2TD66E29B6,K,L,2,T,D,6,6,E,2,9,B,6,0,P,PONT,G/3,4H,9,17,2546,,0,976,,G,,0,0,000000000,00000000000,0,0,0,1,0,0,0,0,0,0,0,999,0,0,0,3,3,6,2,12,0,0,0,1,12,34984,6,1,0,0,3,3,72,999,0,0,0,0,0,0,0,0,0,0,99,99,99,99,2,3,45,1,1,2,1,3,3,1,17,1,1,1,87,1,0
12,122307,2,2,2,11,8,11,44,12,6,1,1,12,2,12,422,12422,15,1998,1FMPU18L8WLA,1,F,M,P,U,1,8,L,8,W,L,A,0,P,FORD,EPT,UT,98,17,5177,,0,1190,,G,,0,0,000000000,00000000000,0,0,0,1,0,0,0,0,0,0,0,45,0,0,0,12,12,6,2,12,0,0,0,1,12,34952,6,1,0,0,3,0,76,999,0,0,0,0,0,0,0,0,0,0,99,99,99,99,2,3,45,1,1,2,1,3,3,1,17,1,1,1,86,0,0
12,122308,1,1,1,13,11,10,8,8,0,1,0,12,1,12,461,12461,21,2004,1FTNE24L74HB,1,F,T,N,E,2,4,L,7,4,H,B,0,T,FORD,25V,CG,4,17,,2,0,1380,VAN,G,,0,0,000000000,00000000000,0,0,0,1,0,0,0,0,0,0,0,25,0,0,0,1,1,4,3,8,0,0,0,1,12,33010,6,1,0,0,3,0,64,999,0,0,0,1,2,12,2009,2,2010,0,0,0,0,0,2,2,30,1,1,2,1,0,0,1,80,6,1,1,13,0,0
12,122309,1,1,1,27,11,11,34,9,0,1,0,12,1,49,482,49482,31,2010,5TFRM5F1XAX0,5,T,F,R,M,5,F,1,X,A,X,0,0,T,TOYT,DBS,CW,10,17,,2,0,1457,TUN,G,,0,0,000000000,00000000000,0,0,0,1,0,0,0,0,0,0,0,998,0,0,0,11,11,4,1,9,0,0,0,1,12,34434,6,1,0,0,3,0,64,999,0,0,0,0,0,0,0,0,0,0,0,0,0,0,2,3,45,1,1,2,1,3,3,1,83,1,1,1,13,0,0
12,122310,1,3,1,4,12,8,0,12,6,1,0,12,2,7,472,7472,30,2001,1B7GL22X21S2,1,B,7,G,L,2,2,X,2,1,S,2,0,T,DODG,DAK,PC,1,17,,1,0,1309,DAK,G,,0,0,000000000,00000000000,0,0,0,1,0,0,0,0,0,0,0,998,0,0,0,12,12,6,2,12,0,0,0,1,12,33884,6,1,0,0,3,0,71,999,0,2,0,2,0,1,2009,2,2010,0,39,0,0,0,2,2,50,1,1,2,1,3,3,1,17,1,1,1,83,0,0
12,122310,2,3,1,4,12,8,0,12,6,1,0,12,1,18,7,18007,4,2003,2G4WS52J2311,2,G,4,W,S,5,2,J,2,3,1,1,0,P,BUIC,CCU,4D,3,17,3368,,0,1090,,G,,0,0,000000000,00000000000,0,0,0,1,0,0,0,0,0,0,0,998,0,0,0,9,9,6,2,12,0,0,0,1,12,33830,6,1,0,0,3,3,64,999,0,0,0,0,0,0,0,0,0,0,0,0,0,0,5,2,35,1,1,2,1,3,3,11,66,1,1,1,82,1,0
12,122310,3,3,1,4,12,8,0,12,6,1,0,12,1,20,403,20403,14,2004,1GNDS13S2421,1,G,N,D,S,1,3,S,2,4,2,1,0,P,CHEV,TRL,UT,4,17,4425,,0,1130,,G,,0,0,000000000,00000000000,0,0,0,1,0,0,0,0,0,0,0,998,0,0,0,12,12,6,2,12,0,0,0,1,12,33846,6,1,0,0,3,3,66,999,0,0,0,0,0,0,0,0,0,0,0,0,0,0,5,2,35,1,1,2,1,3,3,11,51,1,1,1,98,0,0
12,122311,1,1,1,21,7,21,24,8,0,1,0,12,2,34,401,34401,14,2001,WBAFA535X1LM,W,B,A,F,A,5,3,5,X,1,L,M,0,P,BMW,BX5,UT,1,17,4519,,0,1110,,G,,0,0,000000000,00000000000,0,0,0,1,0,0,0,0,0,0,0,998,0,0,0,12,12,8,8,8,0,0,0,1,12,33312,6,1,0,0,3,0,70,999,0,0,0,0,0,0,0,0,0,0,0,0,0,0,2,3,35,1,1,2,1,0,0,1,80,1,1,1,13,0,0
12,122312,1,1,3,22,11,19,30,8,0,1,0,12,1,24,1,24001,4,1998,1G8ZF5284WZ1,1,G,8,Z,F,5,2,8,4,W,Z,1,0,P,STRN,SSL,4D,98,17,2326,,0,1024,,G,,0,0,000000000,00000000000,0,0,0,1,0,0,0,0,0,0,0,55,0,0,0,12,12,4,3,8,0,0,0,1,12,32304,6,1,0,0,3,0,66,999,0,0,0,0,0,0,0,0,0,0,0,0,0,0,1,2,55,1,1,2,1,0,0,1,80,1,1,1,13,0,0
12,122313,1,1,1,1,12,7,55,34,0,1,0,12,2,12,481,12481,31,1989,1FTDF15N2KNA,1,F,T,D,F,1,5,N,2,K,N,A,0,T,FORD,F15,PK,89,17,,1,1330,1170,COF,G,,0,0,000000000,00000000000,0,0,0,1,0,0,0,0,0,0,0,45,0,0,0,12,12,6,2,30,0,0,0,1,12,33809,6,1,0,0,3,0,69,999,0,0,0,0,0,0,0,0,0,0,0,0,0,0,1,2,45,1,1,2,1,0,0,1,12,1,1,4,6,1,0
12,122314,1,2,4,17,9,18,56,12,6,1,0,12,2,6,52,6052,6,2001,3C8FY4BB51T5,3,C,8,F,Y,4,B,B,5,1,T,5,0,P,CHRY,PTC,SV,1,17,3109,,0,1030,,G,,0,0,000000000,00000000000,0,0,0,1,0,0,0,0,0,0,0,10,0,0,0,9,9,6,2,12,0,0,0,1,12,34731,6,1,0,0,3,0,61,999,1,0,0,0,1,4,2010,4,2010,0,48,0,0,0,1,2,45,1,1,2,1,28,3,12,15,1,1,2,98,0,0
12,122314,2,2,1,17,9,18,56,12,6,1,0,12,2,53,705,53705,80,2008,JS1GR7LA5821,J,S,1,G,R,7,L,A,5,8,2,1,0,M,SUZI,SX7,RS,8,17,,,,,,,749,0,0,000000000,00000000000,0,0,0,1,0,0,0,0,0,0,0,45,0,0,0,12,12,6,2,12,0,0,0,1,12,34731,6,1,0,0,3,0,68,999,0,0,0,0,1,9,2008,9,2008,0,0,0,0,0,1,2,45,1,1,2,1,28,3,1,65,8,1,1,98,1,0
12,122316,1,3,2,3,12,13,21,12,6,1,0,12,1,49,43,49043,4,2011,4T1BK3DB3BU3,4,T,1,B,K,3,D,B,3,B,U,3,0,P,TOYT,ABL,4D,11,17,3572,,0,1110,,G,,0,0,000000000,00000000000,0,0,0,1,0,0,0,0,0,0,0,998,0,0,0,2,2,6,2,12,0,0,0,1,12,33844,6,1,0,0,3,3,68,999,0,0,0,0,0,0,0,0,0,0,38,0,0,0,1,2,55,1,1,2,1,20,3,1,17,1,1,1,87,1,0
12,122316,2,3,1,3,12,13,21,12,6,1,0,12,1,22,18,22018,4,1995,1G2NW55M0SC7,1,G,2,N,W,5,5,M,0,S,C,7,0,P,PONT,GAG,4D,95,17,3014,,0,1034,,G,,0,0,000000000,00000000000,0,0,0,1,0,0,0,0,0,0,0,40,0,0,0,12,12,6,2,12,0,0,0,1,12,33853,6,1,0,0,3,0,66,999,0,0,0,0,0,0,0,0,0,0,0,0,0,0,5,2,45,1,1,2,1,28,3,1,66,1,1,1,86,0,0