STATE,ST_CASE,VEH_NO,VE_FORMS,NUMOCCS,DAY,MONTH,HOUR,MINUTE,HARM_EV,MAN_COLL,UNITTYPE,HIT_RUN,REG_STAT,OWNER,MAKE,MODEL,MAK_MOD,BODY_TYP,MOD_YEAR,VIN,VIN_1,VIN_2,VIN_3,VIN_4,VIN_5,VIN_6,VIN_7,VIN_8,VIN_9,VIN_10,VIN_11,VIN_12,TOW_VEH,VINTYPE,VINMAKE,VINA_MOD,VIN_BT,VINMODYR,VIN_LNGT,VIN_WGT,WGTCD_TR,WHLBS_LG,WHLBS_SH,SER_TR,FUELCODE,MCYCL_DS,J_KNIFE,MCARR_I1,MCARR_I2,MCARR_ID,GVWR,V_CONFIG,CARGO_BT,HAZ_INV,HAZ_PLAC,HAZ_ID,HAZ_CNO,HAZ_REL,BUS_USE,SPEC_USE,EMER_USE,TRAV_SP,UNDERIDE,ROLLOVER,ROLINLOC,IMPACT1,IMPACT2,DEFORMED,TOWED,M_HARM,VEH_SC1,VEH_SC2,FIRE_EXP,DR_PRES,L_STATE,DR_ZIP,L_STATUS,L_TYPE,CDL_STAT,L_ENDORS,L_COMPL,L_RESTRI,DR_HGT,DR_WGT,PREV_ACC,PREV_SUS,PREV_DWI,PREV_SPD,PREV_OTH,FIRST_MO,FIRST_YR,LAST_MO,LAST_YR,SPEEDREL,DR_SF1,DR_SF2,DR_SF3,DR_SF4,VTRAFWAY,VNUM_LAN,VSPD_LIM,VALIGN,VPROFILE,VPAVETYP,VSURCOND,VTRAFCON,VTCONT_F,P_CRASH1,P_CRASH2,P_CRASH3,PCRASH4,PCRASH5,ACC_TYPE,DEATHS,DR_DRINK
13,130011,1,1,2,6,1,15,26,34,0,1,0,13,2,7,43,7043,4,2002,1B3EL46X22N3,1,B,3,E,L,4,6,X,2,2,N,3,0,P,DODG,SSP,4D,2,17,3136,,0,1080,,G,,0,0,000000000,00000000000,0,0,0,1,0,0,0,0,0,0,0,998,0,0,0,12,12,6,2,3,0,0,0,1,13,31027,0,0,0,0,0,0,71,219,98,0,0,0,0,0,0,0,0,0,29,58,0,0,1,2,55,2,1,8,1,0,0,14,8,6,1,4,1,1,1
13,130012,1,1,1,7,1,20,49,42,0,1,0,13,1,59,31,59031,4,1998,JT8BF28G5W50,J,T,8,B,F,2,8,G,5,W,5,0,0,P,LEXS,ES3,4D,98,17,3378,,0,1051,,G,,0,0,000000000,00000000000,0,0,0,1,0,0,0,0,0,0,0,998,0,0,0,10,10,4,3,42,0,0,0,1,13,30102,6,1,0,0,3,0,63,170,98,0,0,0,0,0,0,0,0,1,29,87,0,0,1,2,35,2,2,2,4,0,0,14,5,9,3,4,2,1,0
13,130013,1,1,1,7,1,19,10,8,0,1,0,13,2,12,461,12461,21,1997,1FTHE24L1VHB,1,F,T,H,E,2,4,L,1,V,H,B,9,T,FORD,25V,CG,97,17,,2,0,1380,VAN,G,,0,0,000000000,00000000000,0,0,0,1,0,0,0,0,0,0,0,998,0,0,0,12,12,2,1,8,0,0,0,1,13,31079,6,1,0,0,3,0,76,280,98,0,0,0,0,0,0,0,0,0,86,0,0,0,1,2,55,1,1,8,1,0,0,1,80,1,1,1,13,0,0
13,130014,1,1,1,7,1,18,5,23,0,1,0,13,2,37,31,37031,4,1991,JHMED3654MS0,J,H,M,E,D,3,6,5,4,M,S,0,0,P,HOND,CLX,4D,91,17,2322,,0,906,,G,,0,0,000000000,00000000000,0,0,0,1,0,0,0,0,0,0,0,998,0,0,0,12,12,6,2,23,0,0,0,1,13,30248,6,8,5,0,3,3,61,128,98,8,1,2,5,7,2007,7,2009,0,29,0,0,0,1,2,55,1,2,2,1,0,0,1,13,1,1,4,1,1,0
13,130015,1,1,3,7,1,0,18,35,0,1,0,13,1,12,481,12481,31,1989,2FTDF15N6KCA,2,F,T,D,F,1,5,N,6,K,C,A,0,T,FORD,F15,PK,89,17,,1,1330,1170,COF,G,,0,0,000000000,00000000000,0,0,0,1,0,0,0,0,0,0,0,998,0,0,0,12,1,6,2,35,32,0,0,1,13,30016,6,1,0,0,3,3,63,155,98,0,0,0,0,0,0,0,0,0,29,0,0,0,1,2,35,2,6,8,1,0,0,14,10,8,2,4,2,1,0
13,130016,1,1,1,7,1,22,23,35,0,1,0,13,2,7,482,7482,31,2002,1B7HA18Z72J1,1,B,7,H,A,1,8,Z,7,2,J,1,0,T,DODG,Q15,CW,2,17,,2,1605,1405,RPC,G,,0,0,000000000,00000000000,0,0,0,1,0,0,0,0,0,0,0,998,0,0,0,12,12,6,2,35,0,0,0,1,13,30411,1,1,0,0,2,0,71,275,98,2,0,0,1,4,2009,5,2009,0,39,0,0,0,1,2,55,1,1,8,1,20,3,1,14,1,1,4,14,1,1
13,130017,1,2,2,8,1,17,26,12,6,1,0,92,0,20,471,20471,30,1991,1GCCS14A1M22,1,G,C,C,S,1,4,A,1,M,2,2,0,T,CHEV,S14,PK,91,17,,1,1179,1083,S,G,,0,0,000000000,00000000000,0,0,0,1,0,0,0,0,0,0,0,998,0,0,0,3,3,6,2,12,0,0,0,1,13,30512,0,0,0,0,0,0,999,999,98,0,0,0,0,0,0,0,0,1,28,87,0,0,1,2,45,1,2,2,4,0,0,1,5,8,3,2,64,2,0
13,130017,2,2,3,8,1,17,26,12,6,1,0,92,0,12,471,12471,30,1994,1FTCR15UXRTA,1,F,T,C,R,1,5,U,X,R,T,A,0,T,FORD,RNS,PS,94,17,,1,0,1250,RNG,G,,0,0,000000000,00000000000,0,0,0,1,0,0,0,0,0,0,0,998,0,0,0,12,12,4,3,12,0,0,0,1,37,28645,6,2,0,0,3,3,71,999,0,0,0,0,1,9,2009,9,2009,0,0,0,0,0,1,2,45,1,2,2,4,0,0,1,62,1,1,1,65,0,0
13,130018,1,1,1,8,1,5,2,35,0,1,0,13,1,63,33,63033,4,2006,KNAFE1210653,K,N,A,F,E,1,2,1,0,6,5,3,0,P,KIA,SLE,4D,6,17,2701,,0,1028,,G,,0,0,000000000,00000000000,0,0,0,1,0,0,0,0,0,0,0,998,0,1,6,12,13,6,2,42,0,0,0,1,13,30223,6,1,0,0,3,3,60,210,98,1,0,0,4,12,2007,6,2008,1,29,87,0,0,1,2,55,2,5,8,4,0,0,14,5,1,4,4,7,1,0
13,130019,1,1,1,9,1,0,20,31,0,1,0,13,1,35,48,35048,2,2004,JN1AZ34DX4T1,J,N,1,A,Z,3,4,D,X,4,T,1,0,P,NISS,3ZC,CP,4,17,3062,,0,1043,,G,,0,0,000000000,00000000000,0,0,0,1,0,0,0,0,0,0,0,998,0,1,6,12,13,6,2,3,0,0,0,1,13,31639,6,1,0,0,3,0,68,225,98,0,0,0,0,0,0,0,0,1,29,39,0,0,1,2,35,1,5,8,1,20,3,10,12,7,3,4,7,1,1
13,130020,1,2,2,9,1,23,4,8,0,1,0,13,1,49,403,49403,14,2006,JTEDP21A7601,J,T,E,D,P,2,1,A,7,6,0,1,0,P,TOYT,HIG,UT,6,17,3704,,0,1069,,G,,0,0,000000000,00000000000,0,0,0,1,0,0,0,0,0,0,0,998,0,0,0,12,12,4,1,8,0,0,0,1,13,30809,6,1,0,0,3,3,71,200,98,0,0,0,0,0,0,0,0,0,86,0,0,0,1,4,45,1,1,2,1,3,3,15,80,1,1,2,13,0,0
13,130020,2,2,2,9,1,23,4,8,0,1,0,13,2,35,39,35039,4,1997,JN1CA21D4VM5,J,N,1,C,A,2,1,D,4,V,M,5,0,P,NISS,MGS,4D,97,17,2886,,0,1063,,G,,0,0,000000000,00000000000,0,0,0,1,0,0,0,0,0,0,0,998,0,0,0,14,14,4,1,8,0,0,0,1,13,30814,6,2,0,0,3,0,64,150,98,0,0,0,0,0,0,0,0,0,86,0,0,0,1,4,45,1,1,2,1,3,3,1,80,1,1,1,98,0,0
13,130021,1,1,1,9,1,14,30,42,0,1,0,0,0,37,739,37739,90,2007,000000000000,0,0,0,0,0,0,0,0,0,0,0,0,0,U,,,,,17,,,,,,,,0,0,000000000,00000000000,0,0,0,1,0,0,0,0,0,0,0,998,0,1,2,12,12,2,9,1,0,0,0,1,13,30540,6,1,0,0,1,0,70,200,98,0,0,0,0,0,0,0,0,0,29,87,0,0,1,2,99,2,2,2,4,0,0,14,5,9,3,4,2,1,0
13,130022,1,1,1,9,1,11,49,34,0,1,0,13,2,12,481,12481,31,2002,1FTRX17W12NB,1,F,T,R,X,1,7,W,1,2,N,B,0,T,FORD,F15,4C,2,17,,2,1571,1385,COF,G,,0,0,000000000,00000000000,0,0,0,1,0,0,0,0,0,0,0,998,0,0,0,12,12,4,3,34,32,0,0,1,13,30104,6,1,0,0,3,3,75,321,98,0,0,0,0,0,0,0,0,0,29,0,0,0,1,2,45,1,1,2,1,0,0,1,12,1,4,4,7,1,0
13,130023,1,1,1,10,1,17,29,8,0,1,1,99,9,99,999,99999,99,9999,999999999999,9,9,9,9,9,9,9,9,9,9,9,9,9,U,,,,9,17,,,,,,,,0,99,999999999,99999999999,9,99,99,1,0,0,0,0,99,99,9,999,0,0,0,99,99,9,9,8,99,99,0,1,99,99999,9,9,99,9,9,9,999,999,99,99,99,99,99,99,9999,99,9999,9,86,0,0,0,1,2,40,1,1,1,1,0,0,99,99,99,9,9,13,0,0
13,130024,1,2,1,11,1,12,32,12,2,1,0,13,1,24,2,24002,2,1996,1G8ZF1284TZ2,1,G,8,Z,F,1,2,8,4,T,Z,2,0,P,STRN,SC1,CP,96,17,2215,,0,992,,G,,0,0,000000000,00000000000,0,0,0,1,0,0,0,0,0,0,0,998,0,0,0,12,12,6,2,12,0,0,0,1,13,30540,6,1,0,0,3,0,64,125,98,0,0,0,0,0,0,0,0,0,38,0,0,0,1,2,35,1,1,2,1,3,3,11,15,1,1,2,82,1,0
13,130024,2,2,2,11,1,12,32,12,2,1,0,13,2,12,471,12471,30,2002,1FTYR14U92PA,1,F,T,Y,R,1,4,U,9,2,P,A,0,T,FORD,RNS,PS,2,17,,1,0,1257,RNG,G,,0,0,000000000,00000000000,0,0,0,1,0,0,0,0,0,0,0,998,0,0,0,12,12,6,2,12,0,0,0,1,13,30540,6,1,0,0,3,3,72,165,98,0,0,0,1,12,2007,12,2007,0,0,0,0,0,1,2,35,1,1,2,1,3,3,1,62,1,1,1,83,0,0
13,130025,1,1,1,11,1,23,1,34,0,1,0,13,2,42,44,42044,2,1997,WDBFA67F3VF1,W,D,B,F,A,6,7,F,3,V,F,1,0,P,MERZ,SL5,RD,97,17,4045,,0,990,,G,,0,0,000000000,00000000000,0,0,0,1,0,0,0,0,0,0,0,998,0,1,6,14,14,6,2,1,0,0,0,1,13,30642,6,1,0,0,3,3,69,200,98,0,0,0,0,0,0,0,0,0,29,0,0,0,1,2,50,2,2,2,1,0,0,14,8,6,4,4,7,1,1
13,130026,1,1,2,11,1,18,52,34,0,1,0,13,1,49,403,49403,14,2006,JTEDD21AX601,J,T,E,D,D,2,1,A,X,6,0,1,0,P,TOYT,HIG,UT,6,17,3516,,0,1069,,G,,0,0,000000000,00000000000,0,0,0,1,0,0,0,0,0,0,0,998,0,0,0,12,12,6,2,2,0,0,1,1,13,30017,6,1,0,0,3,0,64,125,98,1,0,2,0,3,2007,8,2008,0,29,0,0,0,1,2,45,2,2,2,1,0,0,14,13,1,1,4,1,1,1
13,130027,1,2,1,11,1,10,47,12,2,1,0,13,1,12,3,12003,1,1995,1FALP45TXSF1,1,F,A,L,P,4,5,T,X,S,F,1,0,P,FORD,MGG,CV,95,17,3451,,0,1013,,G,,0,0,000000000,00000000000,0,0,0,1,0,0,0,0,0,0,0,998,0,0,0,12,12,6,2,12,0,0,0,1,13,31021,6,1,0,0,3,0,70,185,98,0,0,0,0,0,0,0,0,0,28,0,0,0,1,2,55,1,6,8,1,0,0,1,10,1,1,2,50,0,0
13,130027,2,2,2,11,1,10,47,12,2,1,0,13,1,20,2,20002,4,2003,2G1WH52K5392,2,G,1,W,H,5,2,K,5,3,9,2,0,P,CHEV,IPL,4D,3,17,3466,,0,1105,,G,,0,0,000000000,00000000000,0,0,0,1,0,0,0,0,0,0,0,998,0,0,0,12,12,6,2,12,0,0,0,1,13,31014,6,1,6,0,3,0,70,195,98,0,0,0,0,0,0,0,0,0,0,0,0,0,1,2,55,1,6,8,1,0,0,1,62,1,1,1,51,1,0
13,130028,1,2,1,11,1,9,27,12,6,1,0,8,4,53,34,53034,4,2008,KL5JD56Z68K9,K,L,5,J,D,5,6,Z,6,8,K,9,0,P,SUZI,FCP,4D,8,17,2756,,0,1024,,G,,0,0,000000000,00000000000,0,0,0,1,0,0,0,0,0,0,0,998,0,0,0,12,12,6,2,12,0,0,0,1,13,30215,6,1,0,0,3,3,72,244,98,0,0,0,1,1,2009,1,2009,0,28,0,0,0,2,2,70,1,2,2,1,0,0,1,10,1,9,2,64,1,0
13,130028,2,2,1,11,1,9,27,12,6,1,0,21,3,82,883,82883,66,2007,1FUJA6CK27LY,1,F,U,J,A,6,C,K,2,7,L,Y,1,T,FRHT,COL,DS,7,17,,8,0,0,CON,D,,1,57,105257,57105257,3,6,1,1,0,0,0,0,0,0,0,998,0,0,0,8,8,4,1,12,0,0,0,1,13,30035,6,1,6,0,3,3,75,250,98,0,0,0,0,0,0,0,0,0,0,0,0,0,2,2,70,1,2,2,1,0,0,1,64,1,1,1,65,0,0
13,130029,1,2,1,11,1,14,25,12,2,1,0,13,1,19,3,19003,4,2005,1G6KF57925U2,1,G,6,K,F,5,7,9,2,5,U,2,0,P,CADI,D/T,4D,5,17,4047,,0,1153,,G,,0,0,000000000,00000000000,0,0,0,1,0,0,0,0,0,0,0,998,0,0,0,12,12,6,2,12,32,0,0,1,13,30906,6,1,0,0,3,0,69,240,98,0,0,0,0,0,0,0,0,0,38,0,0,0,1,4,45,1,1,2,1,3,3,11,15,1,1,2,68,1,0
13,130029,2,2,2,11,1,14,25,12,2,1,0,99,9,6,51,6051,4,2006,2C3KA73W66H3,2,C,3,K,A,7,3,W,6,6,H,3,0,P,CHRY,308,4D,6,17,4043,,0,1200,,G,,0,0,000000000,00000000000,0,0,0,1,0,0,0,0,0,0,0,998,0,0,0,12,12,6,2,12,0,0,0,1,45,29003,6,1,0,0,3,0,71,230,0,2,0,2,1,5,2007,8,2008,1,0,0,0,0,1,4,45,1,1,2,1,3,3,1,62,1,1,1,69,0,0
13,130030,1,2,2,14,1,15,19,12,6,1,0,13,2,49,40,49040,4,2003,4T1BE32K03U1,4,T,1,B,E,3,2,K,0,3,U,1,0,P,TOYT,UXS,4D,3,17,2993,,0,1071,,G,,0,0,000000000,00000000000,0,0,0,1,0,0,0,0,0,0,0,998,0,1,1,8,8,9,3,12,0,0,0,1,13,30274,6,1,0,0,3,0,65,170,98,0,0,0,0,0,0,0,0,0,38,0,0,0,1,2,35,1,1,2,1,20,3,11,15,1,1,1,82,1,0
13,130030,2,2,1,14,1,15,19,12,6,1,0,13,1,35,47,35047,4,2001,1N4DL01D11C2,1,N,4,D,L,0,1,D,1,1,C,2,0,P,NISS,AXE,4D,1,17,2754,,0,1031,,G,,0,0,000000000,00000000000,0,0,0,1,0,0,0,0,0,0,0,998,0,0,0,12,12,9,3,12,0,0,0,1,13,30274,6,1,0,0,3,3,62,140,98,0,0,0,0,0,0,0,0,0,0,0,0,0,1,2,35,1,1,2,1,0,0,1,65,6,1,2,83,0,0
13,130031,1,2,2,14,1,3,52,24,0,1,0,99,9,20,481,20481,31,2006,1GCHK23D66F2,1,G,C,H,K,2,3,D,6,6,F,2,0,T,CHEV,2KH,CW,6,17,,2,1670,1530,SIL,D,,0,0,000000000,00000000000,0,0,0,1,0,0,0,0,0,0,0,998,0,0,0,2,2,6,2,24,0,0,0,1,99,99999,9,9,99,0,9,9,999,999,99,99,99,99,99,99,9999,99,9999,0,29,0,0,0,3,4,65,1,2,2,1,0,0,1,13,1,1,4,1,2,0
13,130031,2,2,1,14,1,3,52,24,0,1,0,93,3,51,881,51881,66,2007,4V4NC9GH17N4,4,V,4,N,C,9,G,H,1,7,N,4,1,T,VOLV,VNL,DS,7,17,,8,0,0,VVN,D,,1,57,303024,57303024,3,6,98,1,0,0,0,0,0,0,0,998,0,0,0,5,5,2,1,12,0,0,0,1,13,30165,6,1,6,0,3,3,69,200,98,0,0,1,0,11,2007,11,2007,0,0,0,0,0,3,4,65,1,2,2,1,0,0,1,64,1,1,1,98,0,0
13,130032,1,2,1,14,1,13,27,12,2,1,0,13,1,35,43,35043,4,1994,JN1EB31P5RU3,J,N,1,E,B,3,1,P,5,R,U,3,0,P,NISS,SEL,4D,94,17,2346,,0,957,,G,,0,0,000000000,00000000000,0,0,0,1,0,0,0,0,0,0,0,998,0,0,0,12,12,6,2,12,32,0,0,1,13,30165,6,1,0,0,3,0,62,111,98,0,0,0,0,0,0,0,0,0,38,0,0,0,1,4,40,1,1,2,1,3,3,11,15,1,1,2,68,1,0
13,130032,2,2,1,14,1,13,27,12,2,1,0,13,1,20,2,20002,4,2001,2G1WF55E4193,2,G,1,W,F,5,5,E,4,1,9,3,0,P,CHEV,IMP,4D,1,17,3389,,0,1105,,G,,0,0,000000000,00000000000,0,0,0,1,0,0,0,0,0,0,0,998,0,0,0,12,12,6,2,12,0,0,0,1,13,30165,6,1,0,0,3,3,66,190,98,0,0,0,0,0,0,0,0,0,0,0,0,0,1,4,40,1,1,2,1,3,3,1,62,1,1,1,69,1,0
13,130033,1,1,1,15,1,15,22,23,0,1,0,13,1,37,706,37706,80,2003,1HFSC47043A2,1,H,F,S,C,4,7,0,4,3,A,2,0,M,HOND,GL8,RS,3,17,,,,,,,1832,0,0,000000000,00000000000,0,0,0,1,0,0,0,0,0,0,0,998,0,0,0,3,3,6,2,23,0,0,0,1,13,30161,6,1,6,0,3,0,73,125,98,0,0,0,0,0,0,0,0,0,29,79,0,0,1,2,40,3,2,2,11,0,0,14,5,6,4,4,2,1,0
13,130034,1,2,1,15,1,20,15,12,2,1,0,13,1,76,709,76709,80,2008,JYARJ16E78A0,J,Y,A,R,J,1,6,E,7,8,A,0,0,M,YAMA,R6L,RS,8,17,,,,,,,599,0,0,000000000,00000000000,0,0,0,1,0,0,0,0,0,0,0,998,0,0,0,12,12,6,2,12,0,0,0,1,13,30011,6,1,0,0,3,2,73,151,98,0,0,1,0,4,2007,4,2007,1,28,74,0,0,1,2,40,2,2,2,1,0,0,6,10,1,1,2,50,1,1
13,130034,2,2,1,15,1,20,15,12,2,1,0,13,1,12,481,12481,31,2004,1FTPX14554FA,1,F,T,P,X,1,4,5,5,4,F,A,0,T,FORD,F15,4C,4,17,,2,1450,1260,COF,G,,0,0,000000000,00000000000,0,0,0,1,0,0,0,0,0,0,0,998,0,0,0,12,11,6,2,12,0,0,0,1,13,30680,6,1,0,0,3,0,74,260,98,0,0,1,0,10,2009,10,2009,0,0,0,0,0,1,2,40,3,2,2,1,0,0,14,62,1,1,1,51,0,0
13,130035,1,1,2,15,1,16,3,42,0,1,0,92,0,20,481,20481,31,2003,1GCEC14V43Z2,1,G,C,E,C,1,4,V,4,3,Z,2,0,T,CHEV,SC1,PK,3,17,,2,1330,1190,SIL,G,,0,0,000000000,00000000000,0,0,0,1,0,0,0,0,0,0,0,998,0,0,0,12,12,6,2,42,0,0,0,1,13,30228,6,1,0,0,3,0,74,200,98,0,0,0,0,0,0,0,0,0,29,0,0,0,1,2,45,1,1,2,1,0,0,1,12,1,1,4,6,1,1
13,130036,1,1,1,15,1,2,56,34,0,1,0,13,2,12,481,12481,31,2001,1FTRW08LX1KA,1,F,T,R,W,0,8,L,X,1,K,A,0,T,FORD,F1S,CW,1,17,,2,0,1388,COF,G,,0,0,000000000,00000000000,0,0,0,1,0,0,0,0,0,0,0,998,0,2,1,4,13,6,2,1,0,0,0,1,13,30132,6,1,0,0,3,0,71,175,98,0,0,0,1,9,2007,9,2007,0,29,0,0,0,1,2,35,2,3,2,1,0,0,14,13,1,1,5,1,1,0
13,130037,1,2,1,15,1,18,44,12,6,1,0,13,3,86,881,86881,66,2000,1M1AA12Y7YW1,1,M,1,A,A,1,2,Y,7,Y,W,1,1,T,MACK,CH6,DS,0,17,,8,0,0,600,D,,1,57,1124236,571124236,3,6,1,1,0,0,0,0,0,0,0,998,0,0,0,5,5,4,1,12,0,0,0,1,13,31082,6,1,6,0,3,0,72,200,98,0,0,0,0,0,0,0,0,0,38,0,0,0,1,2,55,1,5,8,1,0,0,1,10,1,1,2,64,0,0
13,130037,2,2,2,15,1,18,44,12,6,1,0,13,2,7,20,7020,4,2000,1B3ES46C6YD8,1,B,3,E,S,4,6,C,6,Y,D,8,0,P,DODG,NSE,4D,0,17,2515,,0,1050,,G,,0,0,000000000,00000000000,0,0,0,1,0,0,0,0,0,0,0,998,0,0,0,12,12,6,2,12,32,0,0,1,13,31035,6,1,0,0,3,0,65,245,98,0,0,0,0,0,0,0,0,0,0,0,0,0,1,2,55,1,6,8,1,0,0,1,62,1,1,1,65,1,0
13,130038,1,2,1,16,1,11,30,12,2,1,0,13,1,21,17,21017,4,1993,1G3AG55N7P63,1,G,3,A,G,5,5,N,7,P,6,3,0,P,OLDS,CIS,4D,93,17,2776,,0,1049,,G,,0,0,000000000,00000000000,0,0,0,1,0,0,0,0,0,0,0,998,0,0,0,12,12,6,2,12,0,0,0,1,13,31024,6,1,0,0,3,0,70,160,98,0,0,0,0,0,0,0,0,0,28,0,0,0,1,4,55,1,2,2,2,0,0,1,10,1,1,2,50,1,0
13,130038,2,2,1,16,1,11,30,12,2,1,0,13,1,20,481,20481,31,2007,1GCEC14X97Z6,1,G,C,E,C,1,4,X,9,7,Z,6,0,T,CHEV,SC1,PK,7,17,,2,1330,1190,SIL,G,,0,0,000000000,00000000000,0,0,0,1,0,0,0,0,0,0,0,998,0,0,0,12,12,6,2,12,0,0,0,1,13,31061,6,1,0,0,3,0,74,230,98,1,0,1,1,1,2007,10,2008,0,0,0,0,0,1,4,55,1,2,2,2,0,0,1,62,1,1,1,51,0,0
13,130039,1,2,1,16,1,20,4,8,0,1,1,99,9,99,999,99999,99,9999,999999999999,9,9,9,9,9,9,9,9,9,9,9,9,9,U,,,,9,17,,,,,,,,0,99,999999999,99999999999,9,99,99,1,0,0,0,0,99,99,9,999,9,0,0,99,99,0,1,8,99,99,0,1,99,99999,9,9,99,9,9,9,999,999,99,99,99,99,99,99,9999,99,9999,9,38,91,86,0,1,5,35,1,1,2,2,3,3,1,80,99,1,1,13,0,0
13,130039,2,2,1,16,1,20,4,8,0,1,1,99,9,99,999,99999,99,9999,999999999999,9,9,9,9,9,9,9,9,9,9,9,9,9,U,,,,9,17,,,,,,,,0,99,999999999,99999999999,9,99,99,1,0,0,0,0,99,99,9,999,0,0,0,99,99,9,1,8,99,99,0,1,99,99999,9,9,99,9,9,9,999,999,99,99,99,99,99,99,9999,99,9999,9,38,91,86,0,1,5,35,1,1,2,2,3,3,1,80,99,1,1,98,0,0
13,130040,1,1,1,16,1,18,43,42,0,1,0,13,1,22,18,22018,4,1995,1G2NE55M7SC8,1,G,2,N,E,5,5,M,7,S,C,8,0,P,PONT,GAS,4D,95,17,2945,,0,1034,,G,,0,0,000000000,00000000000,0,0,0,1,0,0,0,0,0,0,0,998,0,0,0,5,5,6,2,42,0,0,0,1,13,30548,6,1,0,0,3,3,65,170,98,0,0,0,0,0,0,0,0,0,29,0,0,0,1,2,55,2,2,2,2,0,0,14,12,6,4,4,7,1,0
13,130041,1,1,1,16,1,4,30,8,0,1,1,13,1,12,422,12422,15,1998,1FMRU1765WLA,1,F,M,R,U,1,7,6,5,W,L,A,0,P,FORD,EPT,UT,98,17,4808,,0,1190,,G,,0,0,000000000,00000000000,0,0,0,1,0,0,0,0,0,0,0,998,0,0,0,12,12,4,1,8,0,0,0,1,13,31606,6,1,0,0,3,0,72,185,98,0,0,1,0,1,2008,1,2008,0,86,0,0,0,1,2,35,1,1,8,2,0,0,1,80,99,1,1,13,0,0
13,130042,1,1,1,17,1,10,34,9,0,1,0,9,2,35,39,35039,4,1998,JN1CA21D0WT5,J,N,1,C,A,2,1,D,0,W,T,5,0,P,NISS,MGS,4D,98,17,3026,,0,1063,,G,,0,0,000000000,00000000000,0,0,0,1,0,0,0,0,0,0,0,998,0,0,0,12,12,6,2,9,0,0,0,1,13,30067,6,1,0,0,3,3,66,150,98,0,0,0,0,0,0,0,0,0,86,0,0,0,2,2,45,1,1,2,2,0,0,1,83,6,1,2,13,0,0
13,130043,1,1,1,17,1,12,3,42,0,1,0,13,2,20,481,20481,31,1992,1GCDC14K9NZ1,1,G,C,D,C,1,4,K,9,N,Z,1,0,T,CHEV,GC1,PK,92,17,,1,1315,1175,GM4,G,,0,0,000000000,00000000000,0,0,0,1,0,0,0,0,0,0,0,998,0,1,6,12,12,6,2,1,0,0,0,1,13,30506,0,0,0,0,0,0,64,145,98,0,0,0,0,0,0,0,0,0,29,0,0,0,1,2,35,2,2,2,2,0,0,14,13,6,4,4,7,1,1
13,130044,1,2,3,17,1,11,22,54,11,1,0,13,1,20,481,20481,31,2005,1GCHC23U65F9,1,G,C,H,C,2,3,U,6,5,F,9,0,T,CHEV,2CH,CW,5,17,,2,1670,1530,SIL,G,,0,0,000000000,00000000000,0,0,0,1,0,0,0,0,0,0,0,998,0,0,0,18,18,0,1,54,0,0,0,1,13,31019,6,1,0,0,3,0,74,185,98,0,0,0,0,0,0,0,0,0,77,0,0,0,1,2,55,1,1,8,1,0,0,1,10,1,1,2,98,0,0
13,130044,2,2,2,17,1,11,22,54,11,1,0,13,1,12,481,12481,31,2005,1FTRX02W85KC,1,F,T,R,X,0,2,W,8,5,K,C,0,T,FORD,F15,4C,5,17,,2,1450,1260,COF,G,,0,0,000000000,00000000000,0,0,0,1,0,0,0,0,0,0,0,998,0,0,0,18,18,4,1,54,0,0,0,1,13,31023,6,1,0,0,3,3,68,300,98,0,0,0,0,0,0,0,0,0,0,0,0,0,1,2,55,1,1,8,1,0,0,1,62,1,1,1,98,1,0
13,130045,1,1,1,22,1,15,58,59,0,1,0,13,1,23,421,23421,15,1996,1GKEC13R7TJ7,1,G,K,E,C,1,3,R,7,T,J,7,0,T,GMC,YUK,4W,96,17,,2,0,1175,YUK,G,,0,0,000000000,00000000000,0,0,0,1,0,0,0,0,0,0,0,998,0,1,6,12,12,6,2,1,0,0,0,1,13,30906,6,1,0,0,3,3,72,200,98,0,0,0,0,0,0,0,0,0,0,0,0,0,1,4,55,1,1,2,1,0,0,1,13,99,1,4,1,1,1
13,130046,1,1,1,23,1,2,14,33,0,1,0,92,0,19,3,19003,4,1992,1G6CD53B7N42,1,G,6,C,D,5,3,B,7,N,4,2,0,P,CADI,DFW,4D,92,17,3591,,0,1138,,G,,0,0,000000000,00000000000,0,0,0,1,0,0,0,0,0,0,0,998,0,0,0,12,12,6,2,2,0,0,1,1,13,30349,6,1,0,0,3,0,72,195,98,0,0,0,0,0,0,0,0,0,0,0,0,0,1,4,35,2,2,2,1,0,0,14,13,7,1,4,1,1,0
13,130047,1,1,1,24,1,21,29,33,0,1,0,13,1,23,441,23441,20,1997,1GTDM19W3VB5,1,G,T,D,M,1,9,W,3,V,B,5,0,T,GMC,SXT,EC,97,17,,1,0,1110,SAF,G,,0,0,000000000,00000000000,0,0,0,1,0,0,0,0,0,0,0,998,0,1,6,12,13,6,2,42,0,0,0,1,13,31553,6,1,0,0,3,3,66,176,98,0,0,0,0,0,0,0,0,0,0,0,0,0,2,5,45,1,1,2,2,0,0,1,13,99,1,4,1,1,1