STATE,ST_CASE,VEH_NO,VE_FORMS,NUMOCCS,DAY,MONTH,HOUR,MINUTE,HARM_EV,MAN_COLL,UNITTYPE,HIT_RUN,REG_STAT,OWNER,MAKE,MODEL,MAK_MOD,BODY_TYP,MOD_YEAR,VIN,VIN_1,VIN_2,VIN_3,VIN_4,VIN_5,VIN_6,VIN_7,VIN_8,VIN_9,VIN_10,VIN_11,VIN_12,TOW_VEH,VINTYPE,VINMAKE,VINA_MOD,VIN_BT,VINMODYR,VIN_LNGT,VIN_WGT,WGTCD_TR,WHLBS_LG,WHLBS_SH,SER_TR,FUELCODE,MCYCL_DS,J_KNIFE,MCARR_I1,MCARR_I2,MCARR_ID,GVWR,V_CONFIG,CARGO_BT,HAZ_INV,HAZ_PLAC,HAZ_ID,HAZ_CNO,HAZ_REL,BUS_USE,SPEC_USE,EMER_USE,TRAV_SP,UNDERIDE,ROLLOVER,ROLINLOC,IMPACT1,IMPACT2,DEFORMED,TOWED,M_HARM,VEH_SC1,VEH_SC2,FIRE_EXP,DR_PRES,L_STATE,DR_ZIP,L_STATUS,L_TYPE,CDL_STAT,L_ENDORS,L_COMPL,L_RESTRI,DR_HGT,DR_WGT,PREV_ACC,PREV_SUS,PREV_DWI,PREV_SPD,PREV_OTH,FIRST_MO,FIRST_YR,LAST_MO,LAST_YR,SPEEDREL,DR_SF1,DR_SF2,DR_SF3,DR_SF4,VTRAFWAY,VNUM_LAN,VSPD_LIM,VALIGN,VPROFILE,VPAVETYP,VSURCOND,VTRAFCON,VTCONT_F,P_CRASH1,P_CRASH2,P_CRASH3,PCRASH4,PCRASH5,ACC_TYPE,DEATHS,DR_DRINK
13,130048,1,2,2,25,1,12,3,12,6,1,0,13,2,20,404,20404,14,2010,2CNALDEW6A62,2,C,N,A,L,D,E,W,6,A,6,2,0,P,CHEV,EQU,UT,10,17,3770,,0,1125,,G,,0,0,000000000,00000000000,0,0,0,1,0,0,0,0,0,0,0,998,0,0,0,2,2,6,2,12,0,0,0,1,13,39825,6,1,0,0,3,3,67,160,98,0,0,0,0,0,0,0,0,0,38,0,0,0,2,4,65,1,2,2,1,20,3,1,17,99,1,1,87,2,0
13,130048,2,2,1,25,1,12,3,12,6,1,0,99,9,84,884,84884,63,2007,1HTMMAAN87H5,1,H,T,M,M,A,A,N,8,7,H,5,1,T,INTL,430,CC,7,17,,7,0,0,40S,D,,1,57,828081,57828081,3,2,2,1,0,0,0,0,0,0,0,998,0,0,0,12,12,4,3,12,0,0,0,1,1,36048,6,1,6,0,3,0,71,200,0,0,0,1,0,6,2007,6,2007,0,0,0,0,0,2,4,65,1,2,2,1,0,0,1,66,99,1,1,86,0,0
13,130049,1,4,3,25,1,14,0,12,6,1,0,13,2,20,471,20471,30,1992,1GCCS14R5N82,1,G,C,C,S,1,4,R,5,N,8,2,0,T,CHEV,S14,PK,92,17,,1,1179,1083,S,G,,0,0,000000000,00000000000,0,0,0,1,0,0,0,0,0,0,0,998,0,1,1,12,12,6,2,12,0,0,0,1,13,30179,6,1,0,0,3,3,74,243,98,0,0,0,0,0,0,0,0,0,27,38,58,91,3,5,55,1,1,1,1,0,0,15,11,99,1,2,46,1,0
13,130049,2,4,1,25,1,14,0,12,6,1,0,13,1,42,31,42031,4,1983,WDBCB20A1DB0,W,D,B,C,B,2,0,A,1,D,B,0,0,P,MERZ,3SD,4D,83,17,3780,,0,1156,,D,,0,0,000000000,00000000000,0,0,0,1,0,0,0,0,0,0,0,998,0,0,0,3,3,4,3,12,0,0,0,1,13,30168,6,1,0,0,3,0,66,160,98,0,0,0,3,6,2009,7,2009,0,0,0,0,0,3,5,55,1,1,1,1,0,0,1,61,99,1,1,45,0,0
13,130049,3,4,1,25,1,14,0,12,6,1,0,13,2,20,22,20022,4,2007,1G1AK55F9772,1,G,1,A,K,5,5,F,9,7,7,2,0,P,CHEV,BLS,4D,7,17,3216,,0,1033,,G,,0,0,000000000,00000000000,0,0,0,1,0,0,0,0,0,0,0,998,0,0,0,62,62,6,2,12,0,0,0,1,13,30310,6,1,0,0,3,0,65,185,98,0,0,1,0,9,2008,9,2008,0,0,0,0,0,3,5,55,1,1,1,1,0,0,1,61,99,1,1,98,0,0
13,130049,4,4,1,25,1,14,0,12,6,1,0,13,1,87,881,87881,66,1995,1XPCDE9X3SD3,1,X,P,C,D,E,9,X,3,S,D,3,1,T,PTRB,377,DS,95,17,,8,0,0,CON,D,,1,88,888888888,88888888888,3,6,1,1,0,0,0,0,0,0,0,998,0,0,0,6,6,0,1,18,0,0,0,1,13,30060,6,1,6,0,3,0,72,240,98,0,0,0,0,0,0,0,0,0,0,0,0,0,3,5,55,1,1,1,1,0,0,1,90,99,1,4,98,0,0
13,130050,1,1,1,26,1,10,21,43,0,1,0,13,2,12,3,12003,2,2003,1FAFP42X73F3,1,F,A,F,P,4,2,X,7,3,F,3,0,P,FORD,MGT,CP,3,17,3114,,0,1013,,G,,0,0,000000000,00000000000,0,0,0,1,0,0,0,0,0,0,0,81,0,1,6,12,12,6,2,1,0,0,0,1,13,30523,6,1,0,0,3,0,73,250,98,0,0,0,0,0,0,0,0,1,0,0,0,0,2,2,55,2,2,2,1,0,0,14,10,99,1,5,6,1,0
13,130051,1,1,1,26,1,20,48,8,0,1,0,45,1,20,431,20431,16,1999,3GNGC26R4XG1,3,G,N,G,C,2,6,R,4,X,G,1,0,P,CHEV,C25,UT,99,17,5249,,0,1315,,G,,0,0,000000000,00000000000,0,0,0,1,0,0,0,0,0,0,0,998,0,0,0,12,12,4,3,8,0,0,0,1,45,29128,6,1,0,0,3,3,68,170,0,0,0,2,1,7,2008,1,2009,0,0,0,0,0,3,5,55,2,1,2,1,0,0,14,80,1,1,3,13,0,0
13,130052,1,2,1,27,1,22,55,12,6,1,0,13,1,23,481,23481,31,2004,1GTHK29U34E1,1,G,T,H,K,2,9,U,3,4,E,1,0,T,GMC,2KH,4C,4,17,,2,1575,1430,SIE,G,,0,0,000000000,00000000000,0,0,0,1,0,0,0,0,0,0,0,998,0,1,6,82,13,6,2,12,0,0,0,1,13,30263,6,1,0,0,3,0,74,190,98,1,0,1,1,12,2007,1,2008,0,28,0,0,0,2,3,70,1,3,2,1,0,0,1,10,1,1,4,64,1,0
13,130052,2,2,4,27,1,22,55,12,6,1,0,13,2,18,2,18002,4,2004,1G4HP52K44U2,1,G,4,H,P,5,2,K,4,4,U,2,0,P,BUIC,LCF,4D,4,17,3567,,0,1122,,G,,0,0,000000000,00000000000,0,0,0,1,0,0,0,0,0,0,0,998,0,0,0,12,12,6,2,12,0,0,0,1,13,30721,6,1,0,0,3,0,72,278,98,2,0,0,0,6,2007,8,2008,0,0,0,0,0,3,3,70,1,3,2,1,0,0,1,62,99,1,1,65,2,0
13,130053,1,1,2,28,1,20,39,8,0,1,0,13,1,12,481,12481,31,2001,2FTRX08L21CA,2,F,T,R,X,0,8,L,2,1,C,A,0,T,FORD,F15,4C,1,17,,2,0,1388,COF,G,,0,0,000000000,00000000000,0,0,0,1,0,0,0,0,0,0,0,998,0,0,0,12,12,4,3,8,0,0,0,1,13,31310,6,1,0,0,3,3,63,137,98,0,0,0,0,3,2007,3,2007,0,82,0,0,0,2,4,55,1,1,2,1,98,3,1,80,99,1,1,13,0,0
13,130054,1,1,1,28,1,10,0,34,0,1,0,13,1,12,471,12471,30,2003,1FTYR10U03PB,1,F,T,Y,R,1,0,U,0,3,P,B,0,T,FORD,RNG,PK,3,17,,1,1175,1116,RNG,G,,0,0,000000000,00000000000,0,0,0,1,0,0,0,0,0,0,0,998,0,1,6,14,13,6,2,1,0,0,0,1,13,31647,6,1,0,0,3,0,68,200,98,0,0,0,0,0,0,0,0,0,0,0,0,0,1,2,55,2,1,2,1,0,0,14,8,7,1,4,6,1,0
13,130055,1,1,1,28,1,20,17,30,0,1,0,13,1,20,431,20431,16,1998,3GNEC16R8WG1,3,G,N,E,C,1,6,R,8,W,G,1,0,P,CHEV,C15,UT,98,17,4825,,0,1315,,G,,0,0,000000000,00000000000,0,0,0,1,0,0,0,0,0,0,0,998,0,1,6,2,61,6,2,30,0,0,0,1,13,30542,6,1,0,0,3,3,72,165,98,0,0,0,0,0,0,0,0,0,0,0,0,0,1,2,45,1,1,2,1,97,8,1,13,1,1,4,1,1,1
13,130056,1,1,1,29,1,23,0,1,0,1,0,13,1,12,481,12481,31,1997,1FTEX17L0VNB,1,F,T,E,X,1,7,L,0,V,N,B,0,T,FORD,F15,3C,97,17,,2,1570,1390,COF,G,,0,0,000000000,00000000000,0,0,0,1,0,0,0,0,0,0,0,998,0,1,1,0,13,6,2,1,0,0,0,1,13,30808,6,1,0,0,3,0,74,211,98,0,0,0,0,0,0,0,0,0,28,0,0,0,1,2,55,3,5,2,2,98,3,14,13,1,1,6,98,1,1
13,130058,1,4,1,30,1,19,54,12,6,1,0,13,2,12,881,12881,62,2005,3FRNX65F25V1,3,F,R,N,X,6,5,F,2,5,V,1,0,T,FORD,F66,CC,5,17,,6,0,0,COF,D,,0,57,1422260,571422260,2,1,1,1,0,0,0,0,0,0,0,998,0,0,0,12,12,4,1,8,0,0,0,1,13,30088,6,1,6,0,3,0,75,235,98,0,0,0,3,12,2007,8,2009,0,0,0,0,0,3,3,55,1,1,2,2,0,0,1,50,2,1,1,48,0,0
13,130058,2,4,0,30,1,19,54,12,6,1,0,13,6,6,43,6043,4,2005,1C3EL66RX5N6,1,C,3,E,L,6,6,R,X,5,N,6,0,P,CHRY,SLT,4D,5,17,3164,,0,1080,,G,,0,0,000000000,00000000000,0,0,0,1,0,0,0,0,0,0,0,998,0,0,0,9,9,6,2,12,0,0,0,0,,,,,,,,,999,,,,,,,,,,,,0,0,0,0,3,3,55,1,1,2,2,0,0,0,98,0,0,0,48,0,0
13,130058,3,4,0,30,1,19,54,12,6,1,0,13,6,41,47,41047,4,2001,JM1TA2219117,J,M,1,T,A,2,2,1,9,1,1,7,0,P,MAZD,MIL,4D,1,17,3358,,0,1083,,G,,0,0,000000000,00000000000,0,0,0,1,0,0,0,0,0,0,0,0,0,0,0,6,6,6,2,12,0,0,0,0,,,,,,,,,999,,,,,,,,,,,,0,0,0,0,3,3,50,1,1,2,2,0,0,0,53,0,0,0,98,0,0
13,130058,4,4,1,30,1,19,54,12,6,1,0,13,2,20,481,20481,31,2003,2GCEC19V9311,2,G,C,E,C,1,9,V,9,3,1,1,0,T,CHEV,SC1,4C,3,17,,2,1575,1435,SIL,G,,0,0,000000000,00000000000,0,0,0,1,0,0,0,0,0,0,0,998,0,0,0,12,12,2,1,8,0,0,0,1,13,30168,6,1,0,0,3,3,64,172,98,0,0,0,0,0,0,0,0,0,0,0,0,0,3,3,55,1,1,2,2,0,0,1,80,1,1,1,98,0,0
13,130059,1,2,1,31,1,20,22,12,2,1,0,13,1,7,43,7043,4,2005,1B3EL46X85N5,1,B,3,E,L,4,6,X,8,5,N,5,0,P,DODG,SRX,4D,5,17,3093,,0,1080,,G,,0,0,000000000,00000000000,0,0,0,1,0,0,0,0,0,0,0,998,0,0,0,12,12,6,2,12,0,0,0,1,13,30501,6,1,0,0,3,0,68,150,98,1,0,0,2,11,2007,10,2009,0,28,0,0,0,1,2,55,1,2,2,1,0,0,1,10,1,1,2,50,0,1
13,130059,2,2,4,31,1,20,22,12,2,1,0,13,2,63,401,63401,14,2007,KNDJF723X774,K,N,D,J,F,7,2,3,X,7,7,4,0,P,KIA,SPO,UT,7,17,3351,,0,1035,,G,,0,0,000000000,00000000000,0,0,0,1,0,0,0,0,0,0,0,998,0,0,0,12,12,6,2,12,0,0,0,1,13,30040,6,1,0,0,3,0,71,210,98,0,0,1,0,5,2008,5,2008,0,0,0,0,0,1,2,55,1,2,2,1,0,0,1,62,1,1,1,51,2,1
13,130060,1,3,1,18,1,18,44,12,6,1,0,13,2,20,2,20002,4,2007,2G1WT55K1791,2,G,1,W,T,5,5,K,1,7,9,1,0,P,CHEV,IMT,4D,7,17,3674,,0,1105,,F,,0,0,000000000,00000000000,0,0,0,1,0,0,0,0,0,0,0,998,0,0,0,5,5,2,3,12,0,0,0,1,13,31087,6,2,0,0,3,0,64,195,98,0,0,0,0,0,0,0,0,0,38,91,0,0,1,4,45,1,3,2,1,3,3,11,15,1,1,2,68,0,0
13,130060,2,3,1,18,1,18,44,12,6,1,0,13,1,50,706,50706,80,2003,SMT500FS53J1,S,M,T,5,0,0,F,S,5,3,J,1,0,M,TRIU,SPD,RS,3,17,,,,,,,955,0,0,000000000,00000000000,0,0,0,1,0,0,0,0,0,0,0,998,0,0,0,12,10,6,2,12,0,0,0,1,13,30064,6,1,0,0,3,3,73,225,98,0,0,0,0,0,0,0,0,0,0,0,0,0,1,4,45,1,3,2,1,3,3,1,62,4,2,2,69,1,0
13,130060,3,3,1,18,1,18,44,12,6,1,0,13,2,41,37,41037,4,1998,1YVGF22C9W57,1,Y,V,G,F,2,2,C,9,W,5,7,0,P,MAZD,UDL,4D,98,17,2798,,0,1051,,G,,0,0,000000000,00000000000,0,0,0,1,0,0,0,0,0,0,0,0,0,0,0,10,10,4,3,12,0,0,0,1,13,31087,6,1,0,0,3,3,64,117,98,0,0,0,0,0,0,0,0,0,0,0,0,0,1,4,45,1,3,2,1,3,3,5,62,1,1,1,98,0,0
13,130061,1,1,1,18,1,10,45,35,0,1,0,13,1,18,2,18002,4,1997,1G4HR52K3VH4,1,G,4,H,R,5,2,K,3,V,H,4,0,P,BUIC,LLF,4D,97,17,3488,,0,1108,,G,,0,0,000000000,00000000000,0,0,0,1,0,0,0,0,0,0,0,998,0,1,6,12,12,6,2,35,0,0,0,1,13,30230,6,1,0,0,3,0,69,180,98,0,0,0,0,0,0,0,0,0,29,0,0,0,3,2,45,3,1,2,1,0,0,14,13,1,1,4,1,1,0
13,130062,1,1,1,19,1,16,12,15,0,1,0,13,3,20,421,20421,15,2007,1GNFK13097R3,1,G,N,F,K,1,3,0,9,7,R,3,0,P,CHEV,KTA,UT,7,17,5706,,0,1160,,F,,0,0,000000000,00000000000,0,0,0,1,0,0,0,0,0,0,0,998,0,0,0,12,12,4,1,15,0,0,0,1,13,30067,6,1,0,0,3,3,72,180,98,4,0,3,3,1,2007,8,2009,0,0,0,0,0,1,4,35,1,2,2,1,0,0,10,80,1,1,1,13,0,0
13,130063,1,1,1,19,1,5,46,33,0,1,0,13,2,12,481,12481,31,1995,1FTEF14N3SLA,1,F,T,E,F,1,4,N,3,S,L,A,0,T,FORD,F15,PK,95,17,,2,1330,1170,COF,G,,0,0,000000000,00000000000,0,0,0,1,0,0,0,0,0,0,0,998,0,0,0,14,12,4,3,30,0,0,0,1,13,30809,6,1,0,0,3,3,67,230,98,0,0,0,1,3,2008,3,2008,0,29,0,0,0,1,2,45,1,1,2,1,0,0,1,12,1,1,4,6,1,0
13,130064,1,1,1,20,1,15,17,8,0,1,0,13,2,12,16,12016,4,1995,2FALP73W2SX1,2,F,A,L,P,7,3,W,2,S,X,1,0,P,FORD,CVI,4D,95,17,3762,,0,1144,,G,,0,0,000000000,00000000000,0,0,0,1,0,0,0,0,0,0,0,998,0,0,0,3,6,6,2,8,0,0,0,1,13,30083,0,0,0,0,0,0,70,164,98,0,0,0,1,11,2009,11,2009,0,28,0,0,0,1,2,35,2,2,2,1,0,0,14,13,9,3,4,13,0,0
13,130065,1,1,1,20,1,21,5,8,0,1,0,13,1,52,34,52034,4,2004,4A3AB36F04E0,4,A,3,A,B,3,6,F,0,4,E,0,0,P,MITS,ELM,4D,4,17,3351,,0,1083,,G,,0,0,000000000,00000000000,0,0,0,1,0,0,0,0,0,0,0,998,0,0,0,12,12,4,1,8,0,0,0,1,13,30337,6,1,0,0,3,0,77,205,98,0,0,0,0,0,0,0,0,0,0,0,0,0,1,2,35,1,1,2,2,0,0,1,80,1,1,1,13,0,0
13,130066,1,1,1,21,1,19,4,8,0,1,0,13,2,12,402,12402,14,2003,1FMYU92103KA,1,F,M,Y,U,9,2,1,0,3,K,A,0,P,FORD,SPE,UT,3,17,3346,,0,1031,,G,,0,0,000000000,00000000000,0,0,0,1,0,0,0,0,0,0,0,998,0,0,0,12,12,4,3,8,0,0,0,1,13,30135,6,1,0,0,3,0,64,130,98,0,0,0,1,9,2008,9,2008,0,0,0,0,0,2,2,55,1,2,2,2,0,0,1,80,1,1,1,13,0,0
13,130067,1,1,1,21,1,23,36,34,0,1,0,13,2,12,481,12481,31,1981,1FTCF10E4BNA,1,F,T,C,F,1,0,E,4,B,N,A,0,T,FORD,F10,PK,81,17,,1,1330,1170,COF,G,,0,0,000000000,00000000000,0,0,0,1,0,0,0,0,0,0,0,998,0,0,0,14,4,6,2,30,0,0,0,1,13,30620,6,1,0,0,3,3,71,155,98,5,1,2,2,1,2007,4,2008,0,39,58,0,0,1,2,99,2,1,2,2,20,3,14,13,6,4,4,2,1,0
13,130068,1,3,1,21,1,18,51,25,0,1,0,13,1,37,402,37402,14,1998,JHLRD2848WC0,J,H,L,R,D,2,8,4,8,W,C,0,0,P,HOND,CRV,UT,98,17,3036,,0,1032,,G,,0,0,000000000,00000000000,0,0,0,1,0,0,0,0,0,0,0,998,0,0,0,12,3,6,2,12,0,0,0,1,13,30094,6,1,0,0,3,0,63,115,98,0,0,0,0,0,0,0,0,0,85,0,0,0,3,2,70,1,2,2,2,0,0,17,60,8,2,4,7,1,0
13,130068,2,3,1,21,1,18,51,25,0,1,0,94,3,7,26,7026,4,2008,1B3LC46R38N2,1,B,3,L,C,4,6,R,3,8,N,2,0,P,DODG,AVN,4D,8,17,3355,,0,1089,,F,,0,0,000000000,00000000000,0,0,0,1,0,0,0,0,0,0,0,998,0,0,0,12,12,6,2,12,0,0,0,1,13,30315,6,1,0,0,3,3,62,150,98,0,0,0,0,0,0,0,0,0,0,0,0,0,3,2,70,1,2,2,2,0,0,1,50,1,1,1,98,0,0
13,130068,3,3,1,21,1,18,51,25,0,1,1,99,9,99,999,99999,99,9999,999999999999,9,9,9,9,9,9,9,9,9,9,9,9,0,U,,,,9,17,,,,,,,,0,99,999999999,99999999999,9,99,99,1,0,0,0,0,99,99,9,998,0,0,0,12,12,4,1,12,0,0,0,1,99,99999,9,9,99,9,9,9,999,999,99,99,99,99,99,99,9999,99,9999,0,0,0,0,0,3,2,70,1,2,2,2,0,0,1,50,6,1,1,98,0,0
13,130069,1,1,1,22,1,20,13,34,0,1,0,13,1,58,35,58035,4,1997,JNKCA21DXVT5,J,N,K,C,A,2,1,D,X,V,T,5,0,P,INFI,I30,4D,97,17,2974,,0,1063,,G,,0,0,000000000,00000000000,0,0,0,1,0,0,0,0,0,0,0,998,0,1,6,1,1,6,2,1,0,0,0,1,13,30040,6,1,0,0,3,3,62,160,98,0,0,0,0,0,0,0,0,1,58,29,0,0,1,2,45,1,2,2,1,0,0,1,6,8,4,4,7,1,0
13,130070,1,1,1,24,1,99,99,33,0,1,0,13,2,37,32,37032,4,2007,1HGCM56307A0,1,H,G,C,M,5,6,3,0,7,A,0,0,P,HOND,ASE,4D,7,17,3192,,0,1079,,G,,0,0,000000000,00000000000,0,0,0,1,0,0,0,0,0,0,0,998,0,1,6,12,12,6,2,3,0,0,0,1,1,36075,6,7,0,0,3,0,63,161,0,3,1,0,0,4,2009,8,2009,1,29,0,0,0,1,2,45,2,2,2,2,0,0,14,13,1,1,4,1,1,1
13,130071,1,1,1,1,2,19,45,8,0,1,0,13,2,49,40,49040,4,1994,4T1SK12E2RU8,4,T,1,S,K,1,2,E,2,R,U,8,0,P,TOYT,CLE,4D,94,17,3086,,0,1031,,G,,0,0,000000000,00000000000,0,0,0,1,0,0,0,0,0,0,0,998,0,0,0,12,12,4,3,8,0,0,0,1,13,30060,6,1,0,0,3,3,69,172,98,0,0,0,0,0,0,0,0,0,0,0,0,0,3,3,45,1,2,1,1,0,0,1,80,1,1,1,13,0,0
13,130072,1,1,1,2,2,6,24,8,0,1,0,13,1,22,20,22020,4,2004,2G2WP5427413,2,G,2,W,P,5,4,2,7,4,1,3,0,P,PONT,GPG,4D,4,17,3477,,0,1105,,G,,0,0,000000000,00000000000,0,0,0,1,0,0,0,0,0,0,0,998,0,0,0,12,12,4,3,8,0,0,0,1,13,30354,6,1,0,0,3,3,74,185,98,0,0,0,0,0,0,0,0,0,0,0,0,0,1,2,45,4,2,2,2,3,3,14,80,1,1,1,13,0,0
13,130073,1,2,2,2,2,8,21,12,6,1,0,13,2,49,40,49040,4,2001,4T1BG22K91U0,4,T,1,B,G,2,2,K,9,1,U,0,0,P,TOYT,CXL,4D,1,17,2998,,0,1051,,G,,0,0,000000000,00000000000,0,0,0,1,0,0,0,0,0,0,0,998,0,0,0,9,9,6,2,12,0,0,0,1,13,30521,6,1,0,0,3,0,61,112,98,0,0,0,0,0,0,0,0,0,38,0,0,0,3,2,55,1,2,2,2,20,3,11,15,1,1,2,82,2,0
13,130073,2,2,1,2,2,8,21,12,6,1,0,13,2,35,39,35039,4,1990,JN1HJ01P0LT3,J,N,1,H,J,0,1,P,0,L,T,3,0,P,NISS,MAX,4D,90,17,3140,,0,1043,,G,,0,0,000000000,00000000000,0,0,0,1,0,0,0,0,0,0,0,998,0,0,0,12,12,6,2,12,0,0,0,1,13,30501,6,1,0,0,3,0,76,192,98,0,0,1,0,1,2010,1,2010,0,0,0,0,0,3,2,55,1,2,2,2,0,0,1,67,2,1,1,83,0,0
13,130074,1,1,1,3,2,18,36,35,0,1,0,39,1,12,471,12471,30,1991,1FTCR10A2MPA,1,F,T,C,R,1,0,A,2,M,P,A,0,T,FORD,RNG,PK,91,17,,1,1140,1080,RNG,G,,0,0,000000000,00000000000,0,0,0,1,0,0,0,0,0,0,0,998,0,1,6,12,13,6,2,1,0,0,0,1,45,29860,1,1,5,0,2,0,68,170,0,1,0,2,0,2,2007,7,2008,0,0,0,0,0,3,2,70,1,2,2,1,0,0,1,13,1,1,4,1,1,0
13,130075,1,2,1,3,2,14,47,35,0,1,0,13,3,12,881,12881,63,1997,1FDZU90L9VVA,1,F,D,Z,U,9,0,L,9,V,V,A,0,T,FORD,LT9,TM,97,17,,8,2580,1500,COL,D,,0,57,875976,57875976,3,2,4,1,0,0,0,0,0,0,0,998,0,0,0,12,12,6,2,42,0,0,0,1,13,30457,6,1,6,0,3,3,65,190,98,0,0,0,0,0,0,0,0,0,80,0,0,0,1,2,55,1,3,2,1,0,0,1,1,2,2,4,2,1,0
13,130075,2,2,1,3,2,14,47,35,0,1,0,13,1,55,401,55401,14,2001,KM8SC83D51U1,K,M,8,S,C,8,3,D,5,1,U,1,0,P,HYUN,SAN,UT,1,17,3549,,0,1031,,G,,0,0,000000000,00000000000,0,0,0,1,0,0,0,0,0,0,0,998,0,0,0,99,99,9,1,18,0,0,0,1,13,31031,6,1,0,0,3,0,69,160,98,0,0,0,0,0,0,0,0,0,0,0,0,0,1,2,55,1,3,2,1,0,0,1,90,1,1,1,98,0,0
13,130076,1,1,1,3,2,15,52,34,0,1,0,13,1,37,706,37706,80,2005,1HFSC180X5A9,1,H,F,S,C,1,8,0,X,5,A,9,0,M,HOND,VT1,RS,5,17,,,,,,,1099,0,0,000000000,00000000000,0,0,0,1,0,0,0,0,0,0,0,998,0,0,0,9,9,4,3,34,0,0,0,1,13,30728,6,1,0,0,3,0,72,225,98,0,0,0,1,1,2010,1,2010,1,0,0,0,0,1,2,35,2,2,2,1,0,0,14,13,1,1,4,1,1,1
13,130077,1,1,1,4,2,3,51,8,0,1,1,99,9,99,999,99999,99,9999,999999999999,9,9,9,9,9,9,9,9,9,9,9,9,0,U,,,,9,17,,,,,,,,0,99,999999999,99999999999,9,99,99,1,0,0,0,0,99,99,9,999,0,0,0,12,99,9,1,99,99,99,0,1,99,99999,9,9,99,9,9,9,999,999,99,99,99,99,99,99,9999,99,9999,9,99,99,99,99,3,2,45,1,1,2,1,0,0,99,99,99,9,9,13,0,0
13,130078,1,2,1,4,2,12,35,12,8,1,0,13,3,12,481,12481,31,2004,2FTRX17W64CA,2,F,T,R,X,1,7,W,6,4,C,A,0,T,FORD,HER,4C,4,17,,2,1570,1390,COF,G,,0,0,000000000,00000000000,0,0,0,1,0,0,0,0,0,0,0,998,0,1,6,11,13,6,2,1,0,0,0,1,13,30554,6,1,0,0,3,0,76,300,98,0,0,0,0,0,0,0,0,0,28,0,0,0,5,3,55,3,2,2,2,0,0,14,10,1,1,2,64,1,0
13,130078,2,2,1,4,2,12,35,12,8,1,0,13,1,20,481,20481,31,2008,2GCEC19C6812,2,G,C,E,C,1,9,C,6,8,1,2,0,T,CHEV,SC1,4C,8,17,,2,1575,1339,SIL,G,,0,0,000000000,00000000000,0,0,0,1,0,0,0,0,0,0,0,998,0,0,0,8,8,4,3,12,0,0,0,1,13,30575,6,1,0,0,3,3,72,190,98,0,0,0,0,0,0,0,0,0,0,0,0,0,5,3,55,2,2,2,2,0,0,14,62,1,1,1,65,0,0
13,130079,1,1,1,4,2,22,6,24,0,1,0,37,1,6,54,6054,6,2004,2C8GM68404R3,2,C,8,G,M,6,8,4,0,4,R,3,0,P,CHRY,PIF,UT,4,17,4334,,0,1163,,G,,0,0,000000000,00000000000,0,0,0,1,0,0,0,0,0,0,0,998,0,1,6,12,12,6,2,24,0,0,0,1,37,28462,6,1,0,0,3,0,71,999,0,0,0,0,0,0,0,0,0,1,0,0,0,0,2,2,70,1,2,2,2,0,0,1,13,1,1,4,1,1,0
13,130080,1,1,2,5,2,20,30,30,0,1,0,13,2,35,43,35043,4,1995,1N4AB41D5SC7,1,N,4,A,B,4,1,D,5,S,C,7,0,P,NISS,XGU,4D,95,17,2324,,0,998,,G,,0,0,000000000,00000000000,0,0,0,1,0,0,0,0,0,0,0,998,0,0,0,3,81,6,2,39,0,0,0,1,13,30312,0,0,0,0,0,0,72,150,98,0,0,0,0,0,0,0,0,1,27,87,0,0,1,2,45,1,1,2,2,0,0,15,6,7,1,5,1,1,1
13,130081,1,1,1,6,2,20,52,8,0,1,0,13,1,2,404,2404,14,2002,1J4GX48S92C1,1,J,4,G,X,4,8,S,9,2,C,1,0,T,JEEP,LRO,4W,2,17,,1,0,1059,GCK,G,,0,0,000000000,00000000000,0,0,0,1,0,0,0,0,0,0,0,998,0,0,0,12,12,4,3,8,0,0,0,1,13,30809,6,1,0,0,3,3,65,180,98,0,0,0,0,0,0,0,0,0,0,0,0,0,1,2,45,1,1,2,1,3,3,1,80,1,1,1,13,0,0
13,130082,1,1,2,6,2,10,0,24,0,1,0,13,1,35,47,35047,4,1997,1N4BU31D4VC2,1,N,4,B,U,3,1,D,4,V,C,2,0,P,NISS,AGS,4D,97,17,2756,,0,1031,,G,,0,0,000000000,00000000000,0,0,0,1,0,0,0,0,0,0,0,998,0,0,0,12,12,4,3,8,0,0,0,1,13,31714,6,1,0,0,3,0,65,125,98,1,0,1,1,10,2007,10,2008,0,91,0,0,0,1,4,45,1,1,2,2,0,0,1,90,7,1,4,4,0,1
13,130083,1,2,1,8,2,17,40,12,6,1,0,13,2,2,403,2403,14,2010,1J4AA2D14AL1,1,J,4,A,A,2,D,1,4,A,L,1,0,T,JEEP,WRS,2W,10,17,,1,0,954,WRA,G,,0,0,000000000,00000000000,0,0,0,1,0,0,0,0,0,0,0,998,0,0,0,12,12,6,2,12,0,0,0,1,13,31513,6,2,0,0,3,3,63,131,98,0,0,0,0,0,0,0,0,0,0,0,0,0,1,2,55,1,6,2,1,0,0,1,17,9,2,1,88,0,0