STATE,ST_CASE,VEH_NO,VE_FORMS,NUMOCCS,DAY,MONTH,HOUR,MINUTE,HARM_EV,MAN_COLL,UNITTYPE,HIT_RUN,REG_STAT,OWNER,MAKE,MODEL,MAK_MOD,BODY_TYP,MOD_YEAR,VIN,VIN_1,VIN_2,VIN_3,VIN_4,VIN_5,VIN_6,VIN_7,VIN_8,VIN_9,VIN_10,VIN_11,VIN_12,TOW_VEH,VINTYPE,VINMAKE,VINA_MOD,VIN_BT,VINMODYR,VIN_LNGT,VIN_WGT,WGTCD_TR,WHLBS_LG,WHLBS_SH,SER_TR,FUELCODE,MCYCL_DS,J_KNIFE,MCARR_I1,MCARR_I2,MCARR_ID,GVWR,V_CONFIG,CARGO_BT,HAZ_INV,HAZ_PLAC,HAZ_ID,HAZ_CNO,HAZ_REL,BUS_USE,SPEC_USE,EMER_USE,TRAV_SP,UNDERIDE,ROLLOVER,ROLINLOC,IMPACT1,IMPACT2,DEFORMED,TOWED,M_HARM,VEH_SC1,VEH_SC2,FIRE_EXP,DR_PRES,L_STATE,DR_ZIP,L_STATUS,L_TYPE,CDL_STAT,L_ENDORS,L_COMPL,L_RESTRI,DR_HGT,DR_WGT,PREV_ACC,PREV_SUS,PREV_DWI,PREV_SPD,PREV_OTH,FIRST_MO,FIRST_YR,LAST_MO,LAST_YR,SPEEDREL,DR_SF1,DR_SF2,DR_SF3,DR_SF4,VTRAFWAY,VNUM_LAN,VSPD_LIM,VALIGN,VPROFILE,VPAVETYP,VSURCOND,VTRAFCON,VTCONT_F,P_CRASH1,P_CRASH2,P_CRASH3,PCRASH4,PCRASH5,ACC_TYPE,DEATHS,DR_DRINK
13,130119,1,3,1,5,2,18,30,12,6,1,0,18,3,82,883,82883,66,2006,1FUJA6CV56PV,1,F,U,J,A,6,C,V,5,6,P,V,2,T,FRHT,COL,DS,6,17,,8,0,0,CON,D,,3,57,155682,57155682,3,7,2,1,0,0,0,0,0,0,0,998,0,0,0,1,12,6,2,8,0,0,0,1,13,30252,6,1,6,1,3,0,70,210,98,0,0,0,0,0,0,0,0,1,28,26,29,86,2,2,65,1,2,2,2,0,0,1,50,8,2,4,98,0,0
13,130119,2,3,0,5,2,18,30,12,6,1,0,13,6,49,32,49032,4,2003,1NXBR32E63Z0,1,N,X,B,R,3,2,E,6,3,Z,0,0,P,TOYT,UCS,4D,3,17,2502,,0,1024,,G,,0,0,000000000,00000000000,0,0,0,1,0,0,0,0,0,0,0,0,0,0,0,61,9,6,2,8,0,0,0,0,,,,,,,,,999,,,,,,,,,,,,0,0,0,0,2,2,65,1,2,2,2,0,0,0,98,0,0,0,98,0,0
13,130119,3,3,2,5,2,18,30,12,6,1,0,13,1,35,51,35051,6,2009,JN8AS58T79W0,J,N,8,A,S,5,8,T,7,9,W,0,0,P,NISS,ROG,UT,9,17,3281,,0,1059,,G,,0,0,000000000,00000000000,0,0,0,1,0,0,0,0,0,0,0,0,0,0,0,12,6,4,3,12,0,0,0,1,13,30114,6,1,0,0,3,3,67,130,98,0,0,0,1,1,2010,1,2010,0,0,0,0,0,2,2,65,1,2,2,2,0,0,0,98,0,0,0,98,0,0
13,130120,1,2,2,5,2,14,39,12,6,1,0,13,2,20,37,20037,4,2000,1G1NE52J1Y61,1,G,1,N,E,5,2,J,1,Y,6,1,0,P,CHEV,M/L,4D,0,17,3077,,0,1070,,G,,0,0,000000000,00000000000,0,0,0,1,0,0,0,0,0,0,0,998,0,0,0,9,9,6,2,12,0,0,0,1,13,31539,6,1,0,0,3,0,65,160,98,0,0,0,0,0,0,0,0,0,38,0,0,0,1,2,45,1,2,2,2,20,3,1,17,1,1,1,89,1,0
13,130120,2,2,2,5,2,14,39,12,6,1,0,13,1,20,481,20481,31,2006,3GCEC14V66G2,3,G,C,E,C,1,4,V,6,6,G,2,0,T,CHEV,SC1,PK,6,17,,2,1330,1190,SIL,G,,0,0,000000000,00000000000,0,0,0,1,0,0,0,0,0,0,0,998,0,0,0,12,12,6,2,12,0,0,0,1,13,31075,6,1,0,0,3,3,69,184,98,0,0,0,0,0,0,0,0,0,0,0,0,0,5,4,45,1,2,2,2,0,0,1,17,1,1,1,88,0,0
13,130121,1,2,2,7,2,20,41,12,6,1,0,13,1,24,1,24001,4,2001,1G8ZK52711Z2,1,G,8,Z,K,5,2,7,1,1,Z,2,0,P,STRN,SL2,4D,1,17,2426,,0,1024,,G,,0,0,000000000,00000000000,0,0,0,1,0,0,0,0,0,0,0,0,0,0,0,3,3,6,2,12,0,0,0,1,13,30116,6,1,5,0,3,0,69,165,98,3,1,0,0,9,2007,9,2007,0,38,54,0,0,1,2,55,1,5,8,1,20,3,5,15,1,1,2,87,2,0
13,130121,2,2,1,7,2,20,41,12,6,1,0,13,2,52,401,52401,14,2001,JA4LS31H21P0,J,A,4,L,S,3,1,H,2,1,P,0,0,P,MITS,MNS,UT,1,17,3945,,0,1073,,G,,0,0,000000000,00000000000,0,0,0,1,0,0,0,0,0,0,0,998,0,0,0,12,12,6,2,12,0,0,0,1,13,30165,6,2,0,0,3,0,64,130,98,1,0,0,0,7,2008,7,2008,0,0,0,0,0,2,2,55,2,3,8,1,0,0,14,50,1,1,1,86,0,0
13,130122,1,1,3,7,2,10,57,10,0,1,0,13,1,35,43,35043,4,1994,1N4EB31P1RC8,1,N,4,E,B,3,1,P,1,R,C,8,0,P,NISS,SEL,4D,94,17,2346,,0,957,,G,,0,0,000000000,00000000000,0,0,0,1,0,0,0,0,0,0,0,998,0,0,0,3,3,6,2,10,0,0,0,1,13,31794,6,2,0,0,3,0,69,145,98,0,0,0,0,0,0,0,0,0,39,0,0,0,1,2,35,1,1,8,1,65,3,1,91,1,1,1,15,2,0
13,130123,1,2,2,8,2,13,17,1,0,1,0,13,2,20,481,20481,31,1999,1GCEK19T3XE2,1,G,C,E,K,1,9,T,3,X,E,2,0,T,CHEV,SK1,3C,99,17,,2,1575,1435,SIL,G,,0,0,000000000,00000000000,0,0,0,1,0,0,0,0,0,0,0,998,0,2,3,0,12,6,2,12,0,0,0,1,13,39826,0,0,0,0,0,0,999,999,98,0,0,0,0,0,0,0,0,0,29,85,0,0,2,2,65,1,2,2,1,0,0,1,53,6,2,4,8,1,0
13,130123,2,2,1,8,2,13,17,1,0,1,1,99,9,99,999,99999,99,9999,999999999999,9,9,9,9,9,9,9,9,9,9,9,9,0,U,,,,9,17,,,,,,,,0,0,000000000,00000000000,0,0,0,1,0,0,0,0,0,0,0,999,0,0,0,12,12,9,1,12,0,0,0,1,99,99999,9,9,99,9,9,9,999,999,99,99,99,99,99,99,9999,99,9999,0,0,0,0,0,2,2,65,1,2,2,1,0,0,1,50,99,1,1,98,0,0
13,130124,1,2,3,8,2,9,53,12,6,1,0,45,1,20,471,20471,30,2000,1GCCS1948Y81,1,G,C,C,S,1,9,4,8,Y,8,1,0,T,CHEV,S14,PC,0,17,,1,0,1229,S,G,,0,0,000000000,00000000000,0,0,0,1,0,0,0,0,0,0,0,998,0,1,1,4,4,6,2,12,0,0,0,1,13,31408,0,0,0,0,0,0,999,999,98,0,0,0,0,0,0,0,0,0,38,48,0,0,3,2,55,1,2,2,1,0,0,11,15,1,1,1,68,1,0
13,130124,2,2,2,8,2,9,53,12,6,1,0,13,1,49,472,49472,30,2003,5TEHN72N13Z2,5,T,E,H,N,7,2,N,1,3,Z,2,0,T,TOYT,DCL,CW,3,17,,1,0,1219,TAC,G,,0,0,000000000,00000000000,0,0,0,1,0,0,0,0,0,0,0,998,0,0,0,12,12,6,2,12,0,0,0,1,13,31908,6,1,0,0,3,0,72,200,98,0,0,0,0,0,0,0,0,0,0,0,0,0,3,2,55,1,2,2,1,0,0,1,66,1,1,2,69,0,0
13,130125,1,2,2,8,2,10,19,12,2,1,0,13,2,18,7,18007,4,1999,2G4WS52M9X15,2,G,4,W,S,5,2,M,9,X,1,5,0,P,BUIC,CCU,4D,99,17,3353,,0,1090,,G,,0,0,000000000,00000000000,0,0,0,1,0,0,0,0,0,0,0,998,0,0,0,12,12,6,2,12,32,0,0,1,13,30014,6,1,6,0,3,0,67,165,98,0,0,0,0,0,0,0,0,1,28,0,0,0,1,2,55,1,1,8,1,98,3,17,10,99,1,2,58,0,0
13,130125,2,2,1,8,2,10,19,12,2,1,0,13,1,49,471,49471,30,1987,JT4RN55DXH70,J,T,4,R,N,5,5,D,X,H,7,0,0,T,TOYT,R5D,PK,87,17,,1,0,1122,HTP,G,,0,0,000000000,00000000000,0,0,0,1,0,0,0,0,0,0,0,998,0,0,0,12,12,6,2,12,0,0,0,1,13,30016,6,1,0,0,3,0,69,165,98,1,0,1,0,8,2007,8,2007,0,0,0,0,0,1,2,55,1,1,8,1,98,3,1,62,1,1,1,59,1,0
13,130126,1,2,1,8,2,11,2,12,1,1,0,13,3,20,881,20881,61,2008,1GBE4V1928F4,1,G,B,E,4,V,1,9,2,8,F,4,0,T,CHEV,C4V,CB,8,17,,5,1840,1660,C45,D,,0,88,888888888,88888888888,2,1,1,1,0,0,0,0,0,6,1,998,0,0,0,6,6,2,1,12,41,0,0,1,13,30094,6,1,6,0,3,0,73,220,98,0,0,0,1,7,2008,7,2008,0,31,0,0,0,1,2,55,1,1,8,1,0,0,13,50,1,1,1,92,1,0
13,130126,2,2,0,8,2,11,2,12,1,1,0,13,6,12,422,12422,15,2008,1FMFU15578LA,1,F,M,F,U,1,5,5,7,8,L,A,0,P,FORD,EPT,UT,8,17,5578,,0,1190,,G,,0,0,000000000,00000000000,0,0,0,1,0,0,0,0,0,0,0,0,0,0,0,12,12,2,1,12,41,0,0,0,,,,,,,,,999,,,,,,,,,,,,20,0,0,0,1,2,55,1,1,8,1,0,0,0,56,0,0,0,93,0,0
13,130127,1,1,1,12,2,17,31,21,0,1,0,13,3,12,16,12016,4,2009,2FAHP71V39X1,2,F,A,H,P,7,1,V,3,9,X,1,0,P,FORD,CVP,4D,9,17,0,,0,1147,,F,,0,0,000000000,00000000000,0,0,0,1,0,0,0,0,0,5,9,998,0,1,6,14,14,6,2,3,0,0,0,1,13,30108,6,1,6,0,3,3,70,270,98,0,0,0,0,0,0,0,0,1,29,87,0,0,1,2,45,3,6,8,3,0,0,14,6,8,2,4,2,1,0
13,130128,1,1,1,12,2,16,55,35,0,1,0,13,1,12,481,12481,31,1999,1FTNX21F9XEE,1,F,T,N,X,2,1,F,9,X,E,E,0,T,FORD,F2S,4C,99,17,,2,1580,1418,SRW,D,,0,0,000000000,00000000000,0,0,0,1,0,0,0,0,0,0,0,998,0,1,5,12,13,6,2,1,0,0,0,1,13,30268,6,1,0,0,3,0,75,176,98,0,0,0,0,0,0,0,0,1,29,0,0,0,1,2,55,2,2,2,3,0,0,14,6,1,1,4,1,1,0
13,130129,1,2,4,12,2,18,31,12,2,1,0,13,2,52,401,52401,14,1998,JA4LS31P2WP0,J,A,4,L,S,3,1,P,2,W,P,0,0,P,MITS,MNS,UT,98,17,3755,,0,1073,,G,,0,0,000000000,00000000000,0,0,0,1,0,0,0,0,0,0,0,998,0,0,0,12,12,6,2,12,0,0,0,1,13,31064,0,0,0,0,0,0,999,999,98,0,0,1,0,7,2009,7,2009,1,28,0,0,0,1,2,55,2,4,8,3,98,8,14,6,1,1,2,50,1,0
13,130129,2,2,2,12,2,18,31,12,2,1,0,13,3,84,881,84881,62,2002,1HTMMAAM42H5,1,H,T,M,M,A,A,M,4,2,H,5,5,T,INTL,430,CC,2,17,,6,0,0,40S,D,,0,88,888888888,88888888888,2,1,12,1,0,0,0,0,0,0,0,998,0,0,0,12,12,6,2,12,0,0,0,1,13,30650,6,1,0,0,3,0,73,180,98,0,0,0,0,0,0,0,0,0,0,0,0,0,1,2,55,3,4,8,3,98,8,14,62,1,1,1,51,0,0
13,130130,1,2,2,12,2,19,2,12,6,1,0,13,1,49,401,49401,14,1998,JT3GN86R4W00,J,T,3,G,N,8,6,R,4,W,0,0,0,P,TOYT,RUN,UT,98,17,3565,,0,1053,,G,,0,0,000000000,00000000000,0,0,0,1,0,0,0,0,0,0,0,998,0,0,0,3,3,6,2,12,0,0,0,1,13,30025,6,1,0,0,3,0,60,180,98,0,0,0,1,1,2009,1,2009,0,28,58,0,0,1,2,50,1,4,8,3,0,0,1,5,6,4,2,62,2,0
13,130130,2,2,1,12,2,19,2,12,6,1,0,13,1,20,481,20481,31,2002,1GCGK29U32Z1,1,G,C,G,K,2,9,U,3,2,Z,1,0,T,CHEV,SK2,4C,2,17,,2,0,1435,SIL,G,,0,0,000000000,00000000000,0,0,0,1,0,0,0,0,0,0,0,998,0,0,0,12,12,6,2,12,0,0,0,1,13,30025,6,1,0,0,3,0,75,220,98,0,0,1,0,10,2008,10,2008,0,0,0,0,0,1,2,50,1,4,8,3,0,0,1,62,99,1,1,62,0,0
13,130131,1,2,2,13,2,10,30,12,6,1,0,13,2,7,482,7482,31,1997,1B7HC16Y6VS1,1,B,7,H,C,1,6,Y,6,V,S,1,0,T,DODG,150,PK,97,17,,2,1347,1187,RPC,G,,0,0,000000000,00000000000,0,0,0,1,0,0,0,0,0,0,0,998,0,1,2,3,3,6,2,12,0,0,0,1,13,30180,6,1,0,0,3,3,67,145,98,0,0,0,2,10,2008,3,2009,0,28,0,0,0,1,2,55,1,6,8,10,98,8,1,5,99,4,2,87,1,0
13,130131,2,2,2,13,2,10,30,12,6,1,0,1,1,2,403,2403,14,1989,2J4FY29T4KJ1,2,J,4,F,Y,2,9,T,4,K,J,1,0,T,JEEP,W/Y,2W,89,17,,1,0,934,W/Y,G,,0,0,000000000,00000000000,0,0,0,1,0,0,0,0,0,0,0,998,0,0,0,12,12,6,2,12,0,0,0,1,1,36273,2,1,0,0,2,0,71,150,0,2,2,0,1,3,2007,10,2008,0,0,0,0,0,2,2,55,1,6,8,10,98,8,1,62,99,1,1,86,0,0
13,130132,1,1,2,13,2,6,10,34,0,1,0,13,1,52,401,52401,14,2003,JA4LS21H33J0,J,A,4,L,S,2,1,H,3,3,J,0,0,P,MITS,MNS,UT,3,17,3835,,0,1073,,G,,0,0,000000000,00000000000,0,0,0,1,0,0,0,0,0,0,0,998,0,1,5,12,13,6,2,42,0,0,0,1,13,30909,6,1,0,0,3,3,65,150,98,0,0,0,0,0,0,0,0,0,29,0,0,0,2,2,65,1,1,8,4,0,0,1,5,99,3,4,2,1,0
13,130133,1,2,2,16,2,10,28,12,6,1,0,13,1,14,6,14006,4,1987,2MEBM75F1HX6,2,M,E,B,M,7,5,F,1,H,X,6,0,P,MERC,MGL,4D,87,17,3764,,0,1143,,G,,0,0,000000000,00000000000,0,0,0,1,0,0,0,0,0,0,0,998,0,0,0,9,9,6,2,12,0,0,0,1,13,31082,6,1,0,0,3,3,71,145,98,0,0,0,0,0,0,0,0,0,99,99,99,99,4,4,55,1,5,8,1,3,3,1,17,1,1,1,89,1,0
13,130133,2,2,1,16,2,10,28,12,6,1,0,13,2,82,881,82881,66,1999,1FUYSSEB6XLA,1,F,U,Y,S,S,E,B,6,X,L,A,1,T,FRHT,FC2,DS,99,17,,8,0,0,CON,D,,1,57,1283405,571283405,3,6,1,1,0,0,0,0,0,0,0,998,0,1,1,12,12,6,2,12,0,0,0,1,13,30833,1,1,1,0,2,0,73,190,98,3,0,0,1,5,2008,7,2009,0,99,99,99,99,2,2,55,1,3,8,1,3,3,1,66,6,9,2,88,0,0
13,130134,1,1,2,17,2,11,23,34,0,1,0,13,1,12,17,12017,4,2001,1FAFP55U71A1,1,F,A,F,P,5,5,U,7,1,A,1,0,P,FORD,TSS,4D,1,17,3343,,0,1085,,G,,0,0,000000000,00000000000,0,0,0,1,0,0,0,0,0,0,0,998,0,1,5,14,3,6,2,42,0,0,0,1,13,30257,6,1,6,0,3,0,65,170,98,0,0,0,0,0,0,0,0,0,29,0,0,0,1,2,45,2,8,2,1,0,0,14,13,1,1,4,1,1,1
13,130135,1,1,2,19,2,23,37,33,0,1,0,13,2,12,17,12017,4,1996,1FALP52U6TG1,1,F,A,L,P,5,2,U,6,T,G,1,0,P,FORD,TAG,4D,96,17,3347,,0,1085,,G,,0,0,000000000,00000000000,0,0,0,1,0,0,0,0,0,0,0,998,0,1,9,14,99,6,2,31,0,0,0,1,13,31201,1,1,0,0,2,0,66,195,98,1,0,0,0,11,2009,11,2009,0,29,0,0,0,1,4,45,1,2,2,1,0,0,1,99,99,9,4,1,2,1
13,130136,1,1,1,19,2,14,55,34,0,1,0,13,1,37,706,37706,80,2001,JH2SC44051M1,J,H,2,S,C,4,4,0,5,1,M,1,0,M,HOND,CR9,RS,1,17,,,,,,,929,0,0,000000000,00000000000,0,0,0,1,0,0,0,0,0,0,0,998,0,0,0,14,9,6,2,42,0,0,0,1,13,30747,6,1,0,0,3,1,69,185,98,1,0,3,1,4,2008,7,2009,1,29,0,0,0,1,2,50,1,2,2,1,0,0,1,13,99,1,4,1,1,0
13,130137,1,1,1,19,2,2,12,34,0,1,0,13,2,23,471,23471,30,1999,1GTCS19X4X85,1,G,T,C,S,1,9,X,4,X,8,5,0,T,GMC,SON,PC,99,17,,1,0,1229,SON,G,,0,0,000000000,00000000000,0,0,0,1,0,0,0,0,0,0,0,998,0,1,2,12,12,6,2,1,0,0,0,1,13,30528,0,0,0,0,0,0,999,999,98,2,0,1,0,5,2007,8,2007,0,29,0,0,0,1,2,55,2,2,2,1,0,0,14,13,1,1,4,1,1,1
13,130138,1,2,4,20,2,19,9,12,6,1,0,13,2,21,441,21441,20,2001,1GHDX13E61D1,1,G,H,D,X,1,3,E,6,1,D,1,0,T,OLDS,LUX,ES,1,17,,1,0,1200,SIL,G,,0,0,000000000,00000000000,0,0,0,1,0,0,0,0,0,0,0,998,0,0,0,9,9,6,2,12,0,0,0,1,13,31565,6,1,0,0,3,0,62,150,98,0,0,1,0,8,2007,8,2007,0,38,0,0,0,1,2,35,1,1,8,1,20,3,11,15,99,1,1,68,3,0
13,130138,2,2,1,20,2,19,9,12,6,1,0,37,3,85,881,85881,66,2005,1XKDD09X65J0,1,X,K,D,D,0,9,X,6,5,J,0,1,T,KW,T80,DS,5,17,,8,2600,1600,CON,D,,1,57,0090792,570090792,3,6,1,1,0,0,0,0,0,0,0,998,0,0,0,12,12,2,3,12,0,0,0,1,13,30058,6,1,6,0,3,3,72,165,98,0,0,0,0,0,0,0,0,0,0,0,0,0,1,4,55,1,1,8,1,0,0,1,17,99,2,1,69,0,0
13,130139,1,3,1,20,2,15,7,12,6,1,0,13,1,9,17,9017,5,1990,1P3XP48K6LN1,1,P,3,X,P,4,8,K,6,L,N,1,0,P,PLYM,SUN,4H,90,17,2517,,0,970,,G,,0,0,000000000,00000000000,0,0,0,1,0,0,0,0,0,0,0,998,0,0,0,12,12,6,2,12,0,0,0,1,13,30172,6,1,0,0,3,0,64,134,98,0,0,0,0,0,0,0,0,0,28,0,0,0,1,4,55,1,2,2,1,0,0,1,10,99,1,2,64,1,0
13,130139,2,3,1,20,2,15,7,12,6,1,0,13,1,37,31,37031,4,1994,1HGEG8658RL0,1,H,G,E,G,8,6,5,8,R,L,0,0,P,HOND,CLX,4D,94,17,2340,,0,1032,,G,,0,0,000000000,00000000000,0,0,0,1,0,0,0,0,0,0,0,998,0,0,0,11,11,4,3,12,0,0,0,1,13,30161,6,2,0,0,3,0,65,119,98,0,0,0,0,0,0,0,0,0,0,0,0,0,1,4,55,1,2,2,1,0,0,1,62,9,2,2,65,0,0
13,130139,3,3,2,20,2,15,7,12,6,1,0,13,1,12,35,12035,4,1999,1FAFP6630XK1,1,F,A,F,P,6,6,3,0,X,K,1,0,P,FORD,CSE,4D,99,17,2774,,0,1065,,G,,0,0,000000000,00000000000,0,0,0,1,0,0,0,0,0,0,0,998,0,0,0,11,11,4,1,12,0,0,0,1,13,31065,6,1,0,0,3,0,69,210,98,0,0,0,1,6,2007,6,2007,0,0,0,0,0,1,4,55,1,2,2,1,0,0,1,62,99,1,1,98,0,0
13,130140,1,2,1,21,2,16,15,12,6,1,0,13,1,37,705,37705,80,2004,JH2PC35084M5,J,H,2,P,C,3,5,0,8,4,M,5,0,M,HOND,CF4,RS,4,17,,,,,,,599,0,0,000000000,00000000000,0,0,0,1,0,0,0,0,0,0,0,998,0,0,0,9,9,6,2,12,0,0,0,1,13,31008,6,1,0,0,3,1,68,130,98,0,0,0,0,0,0,0,0,0,48,91,0,0,1,2,55,1,1,8,1,0,0,12,98,1,1,6,98,0,0
13,130140,2,2,1,21,2,16,15,12,6,1,0,92,0,53,705,53705,80,2008,JS1GN7EA3821,J,S,1,G,N,7,E,A,3,8,2,1,0,M,SUZI,G60,RS,8,17,,,,,,,599,0,0,000000000,00000000000,0,0,0,1,0,0,0,0,0,0,0,998,0,0,0,12,12,6,2,12,0,0,0,1,13,31204,6,1,0,0,2,0,72,195,98,0,0,0,0,0,0,0,0,0,0,0,0,0,1,2,55,1,1,8,1,0,0,1,64,99,1,1,98,1,0
13,130141,1,2,1,22,2,21,0,12,2,1,0,92,0,37,33,37033,2,1993,JHMBB1179PC0,J,H,M,B,B,1,1,7,9,P,C,0,0,P,HOND,PTS,CP,93,17,2932,,0,1004,,G,,0,0,000000000,00000000000,0,0,0,1,0,0,0,0,0,0,0,998,0,0,0,12,12,6,2,12,0,0,0,1,13,30116,6,1,0,0,3,0,68,145,98,0,0,0,0,0,0,0,0,0,28,0,0,0,1,2,45,2,1,8,1,0,0,14,10,1,1,2,50,1,0
13,130141,2,2,1,22,2,21,0,12,2,1,0,13,1,35,39,35039,4,2000,JN1CA31D3YT5,J,N,1,C,A,3,1,D,3,Y,T,5,0,P,NISS,MGS,4D,0,17,3071,,0,1083,,G,,0,0,000000000,00000000000,0,0,0,1,0,0,0,0,0,0,0,998,0,0,0,12,12,6,2,12,0,0,0,1,13,30116,6,1,0,0,3,0,68,160,98,0,0,0,0,0,0,0,0,0,0,0,0,0,1,2,45,3,1,8,1,0,0,14,62,99,1,1,51,0,0
13,130142,1,1,2,22,2,20,10,59,0,1,0,92,0,35,471,35471,30,1980,KH720236283,K,H,7,2,0,2,3,6,2,8,3,,0,P,,,,,,,,,,,,,0,0,000000000,00000000000,0,0,0,1,0,0,0,0,0,0,0,998,0,1,5,12,12,6,2,34,0,0,0,1,13,31023,1,1,0,0,2,0,72,180,98,5,2,0,1,7,2008,3,2009,0,29,91,0,0,1,2,55,3,6,8,1,0,0,14,13,1,1,4,1,1,1
13,130143,1,1,1,22,2,20,16,35,0,1,0,13,1,12,37,12037,4,2005,1FAFP34N85W2,1,F,A,F,P,3,4,N,8,5,W,2,0,P,FORD,ZX4,4D,5,17,2677,,0,1030,,G,,0,0,000000000,00000000000,0,0,0,1,0,0,0,0,0,0,0,998,0,1,5,12,13,6,2,1,0,0,0,1,13,30656,6,1,0,0,3,3,67,254,98,0,0,0,0,0,0,0,0,1,39,0,0,0,1,2,45,1,1,8,1,20,3,1,14,99,9,4,14,1,1
13,130144,1,1,1,23,2,1,23,32,0,1,0,13,1,20,32,20032,4,1998,1Y1SK5283WZ4,1,Y,1,S,K,5,2,8,3,W,Z,4,0,P,CHEV,P/L,4D,98,17,0,,0,971,,G,,0,0,000000000,00000000000,0,0,0,1,0,0,0,0,0,0,0,998,0,0,0,12,12,6,2,32,0,0,0,1,13,31320,1,1,0,0,2,0,67,140,98,3,1,0,2,9,2008,9,2009,1,29,0,0,0,1,2,45,3,1,8,1,0,0,14,6,8,4,4,7,1,1
13,130145,1,2,2,23,2,19,21,12,6,1,1,13,2,35,39,35039,4,1996,JN1CA21D8TT1,J,N,1,C,A,2,1,D,8,T,T,1,0,P,NISS,MGS,4D,96,17,2886,,0,1063,,G,,0,0,000000000,00000000000,0,0,0,1,0,0,0,0,0,0,0,998,0,0,0,12,12,6,2,12,0,0,0,1,13,30058,1,1,0,0,2,0,71,160,98,1,0,1,1,7,2009,7,2009,1,37,39,91,0,1,4,45,1,1,8,1,3,3,1,17,99,1,3,88,0,0
13,130145,2,2,1,23,2,19,21,12,6,1,0,13,2,37,32,37032,4,1990,JHMCB7546LC1,J,H,M,C,B,7,5,4,6,L,C,1,0,P,HOND,ADL,4D,90,17,2733,,0,1071,,G,,0,0,000000000,00000000000,0,0,0,1,0,0,0,0,0,0,0,998,0,0,0,9,12,6,2,12,0,0,0,1,13,30016,6,1,0,0,3,0,65,140,98,0,0,0,0,0,0,0,0,0,0,0,0,0,1,4,45,1,1,8,1,3,3,1,17,99,9,3,89,1,0
13,130146,1,1,3,23,2,19,18,8,0,1,1,13,3,20,481,20481,31,1997,1GCGC29R7VE1,1,G,C,G,C,2,9,R,7,V,E,1,0,T,CHEV,GC2,PC,97,17,,2,1555,1415,GM4,G,,0,0,000000000,00000000000,0,0,0,1,0,0,0,0,0,0,0,998,0,0,0,3,3,2,3,8,0,0,0,1,13,31791,6,1,0,0,3,0,70,195,98,2,0,1,0,7,2007,1,2010,0,28,91,86,0,2,2,65,1,2,2,1,0,0,1,13,99,1,4,13,0,0
13,130147,1,2,1,24,2,16,52,12,6,1,0,13,1,55,35,55035,4,2002,KMHDN45D82U4,K,M,H,D,N,4,5,D,8,2,U,4,0,P,HYUN,EST,4D,2,17,2635,,0,1027,,G,,0,0,000000000,00000000000,0,0,0,1,0,0,0,0,0,0,0,998,0,0,0,10,10,6,2,12,0,0,0,1,13,30441,6,1,0,0,3,3,63,151,98,0,0,0,0,0,0,0,0,0,38,0,0,0,1,2,55,1,1,8,2,20,3,11,15,99,1,1,82,1,0
13,130147,2,2,1,24,2,16,52,12,6,1,0,13,1,12,481,12481,31,2005,1FTPX14595FA,1,F,T,P,X,1,4,5,9,5,F,A,0,T,FORD,F15,4C,5,17,,2,1450,1260,COF,G,,0,0,000000000,00000000000,0,0,0,1,0,0,0,0,0,0,0,998,0,0,0,12,12,6,2,12,0,0,0,1,13,30815,6,1,0,0,3,0,63,160,98,0,0,0,3,3,2008,3,2008,0,0,0,0,0,1,2,55,1,1,8,2,0,0,1,17,99,1,1,83,0,0
13,130148,1,1,1,24,2,6,54,8,0,1,0,13,2,6,51,6051,4,2005,2C3AA63H15H5,2,C,3,A,A,6,3,H,1,5,H,5,0,P,CHRY,30C,4D,5,17,4064,,0,1200,,G,,0,0,000000000,00000000000,0,0,0,1,0,0,0,0,0,0,0,998,0,0,0,12,12,4,1,8,0,0,0,1,13,30238,6,1,5,0,3,0,73,280,98,4,1,1,3,7,2007,3,2008,0,86,0,0,0,2,2,45,1,1,2,1,0,0,1,80,1,1,1,13,0,0
13,130149,1,2,2,25,2,19,28,12,6,1,0,13,1,12,3,12003,1,2004,1FAFP49Y24F1,1,F,A,F,P,4,9,Y,2,4,F,1,0,P,FORD,MCS,CV,4,17,3254,,0,1013,,G,,0,0,000000000,00000000000,0,0,0,1,0,0,0,0,0,0,0,998,0,0,0,3,3,6,2,12,0,0,0,1,13,30514,6,1,6,0,3,3,70,215,98,0,0,0,0,0,0,0,0,0,58,28,91,0,2,2,65,1,2,1,1,0,0,1,10,8,4,6,62,1,0
13,130149,2,2,1,25,2,19,28,12,6,1,0,13,1,38,402,38402,14,1995,4S2CY58V3S43,4,S,2,C,Y,5,8,V,3,S,4,3,0,P,ISU,ROD,UT,95,17,4050,,0,1087,,G,,0,0,000000000,00000000000,0,0,0,1,0,0,0,0,0,0,0,998,0,0,0,12,12,6,2,12,0,0,0,1,13,30512,6,1,0,0,3,0,61,150,98,0,0,0,0,0,0,0,0,0,0,0,0,0,2,2,65,1,2,1,1,0,0,1,64,99,9,3,62,0,0