STATE,ST_CASE,VEH_NO,VE_FORMS,NUMOCCS,DAY,MONTH,HOUR,MINUTE,HARM_EV,MAN_COLL,UNITTYPE,HIT_RUN,REG_STAT,OWNER,MAKE,MODEL,MAK_MOD,BODY_TYP,MOD_YEAR,VIN,VIN_1,VIN_2,VIN_3,VIN_4,VIN_5,VIN_6,VIN_7,VIN_8,VIN_9,VIN_10,VIN_11,VIN_12,TOW_VEH,VINTYPE,VINMAKE,VINA_MOD,VIN_BT,VINMODYR,VIN_LNGT,VIN_WGT,WGTCD_TR,WHLBS_LG,WHLBS_SH,SER_TR,FUELCODE,MCYCL_DS,J_KNIFE,MCARR_I1,MCARR_I2,MCARR_ID,GVWR,V_CONFIG,CARGO_BT,HAZ_INV,HAZ_PLAC,HAZ_ID,HAZ_CNO,HAZ_REL,BUS_USE,SPEC_USE,EMER_USE,TRAV_SP,UNDERIDE,ROLLOVER,ROLINLOC,IMPACT1,IMPACT2,DEFORMED,TOWED,M_HARM,VEH_SC1,VEH_SC2,FIRE_EXP,DR_PRES,L_STATE,DR_ZIP,L_STATUS,L_TYPE,CDL_STAT,L_ENDORS,L_COMPL,L_RESTRI,DR_HGT,DR_WGT,PREV_ACC,PREV_SUS,PREV_DWI,PREV_SPD,PREV_OTH,FIRST_MO,FIRST_YR,LAST_MO,LAST_YR,SPEEDREL,DR_SF1,DR_SF2,DR_SF3,DR_SF4,VTRAFWAY,VNUM_LAN,VSPD_LIM,VALIGN,VPROFILE,VPAVETYP,VSURCOND,VTRAFCON,VTCONT_F,P_CRASH1,P_CRASH2,P_CRASH3,PCRASH4,PCRASH5,ACC_TYPE,DEATHS,DR_DRINK
13,130150,1,2,1,27,2,10,29,12,2,1,0,13,1,7,482,7482,31,1998,3B7HC13Y7WG1,3,B,7,H,C,1,3,Y,7,W,G,1,0,T,DODG,Q15,4C,98,17,,2,1547,1387,RPC,G,,0,0,000000000,00000000000,0,0,0,1,0,0,0,0,0,0,0,998,0,0,0,12,12,6,2,12,0,0,0,1,13,31620,6,1,0,0,3,3,66,210,98,0,0,0,0,0,0,0,0,0,28,0,0,0,1,2,55,1,1,8,1,0,0,1,10,99,1,2,50,1,0
13,130150,2,2,1,27,2,10,29,12,2,1,0,13,2,20,481,20481,31,2004,1GCEK19V04Z2,1,G,C,E,K,1,9,V,0,4,Z,2,0,T,CHEV,SK1,4C,4,17,,2,1575,1435,SIL,G,,0,0,000000000,00000000000,0,0,0,1,0,0,0,0,0,0,0,998,0,0,0,12,12,6,2,12,0,0,0,1,13,31793,6,1,6,0,3,0,70,250,98,0,0,0,1,9,2007,9,2007,0,0,0,0,0,1,2,55,1,1,8,1,0,0,1,62,99,1,1,51,0,0
13,130151,1,2,1,28,2,18,25,12,2,1,0,13,1,9,442,9442,20,1993,2P4GH2530PR2,2,P,4,G,H,2,5,3,0,P,R,2,0,P,PLYM,VOF,SV,93,17,3129,,0,1123,,G,,0,0,000000000,00000000000,0,0,0,1,0,0,0,0,0,0,0,998,0,1,2,12,12,6,2,12,0,0,0,1,13,31021,6,1,0,0,3,0,68,200,98,1,0,0,1,7,2007,12,2008,1,27,36,28,37,1,3,55,1,3,2,1,0,0,15,10,1,1,4,50,1,0
13,130151,2,2,1,28,2,18,25,12,2,1,0,13,3,12,481,12481,31,1994,1FTEF14N5RNB,1,F,T,E,F,1,4,N,5,R,N,B,0,T,FORD,F15,PK,94,17,,2,1330,1170,COF,G,,0,0,000000000,00000000000,0,0,0,1,0,0,0,0,0,0,0,998,0,0,0,12,12,6,2,12,0,0,0,1,13,31768,6,1,6,0,3,0,70,180,98,0,0,0,0,0,0,0,0,0,0,0,0,0,1,3,55,1,3,8,1,0,0,1,62,7,1,4,51,0,0
13,130152,1,1,2,1,3,14,21,5,0,1,1,20,1,20,481,20481,31,1994,2GCEK19K0R11,2,G,C,E,K,1,9,K,0,R,1,1,0,T,CHEV,GK1,PC,94,17,,2,1555,1415,GM4,G,,0,0,000000000,00000000000,0,0,0,1,0,0,0,0,0,0,0,998,0,0,0,0,0,0,1,5,0,0,0,1,99,99999,9,9,99,9,9,9,999,999,99,99,99,99,99,99,9999,99,9999,0,0,0,0,0,1,2,25,1,1,2,1,0,0,1,98,1,1,1,0,1,0
13,130153,1,2,1,1,3,19,16,12,6,1,0,13,1,34,35,34035,4,2003,WBADT43433G0,W,B,A,D,T,4,3,4,3,3,G,0,0,P,BMW,A52,4D,3,17,3450,,0,1114,,G,,0,0,000000000,00000000000,0,0,0,1,0,0,0,0,0,0,0,998,0,0,0,3,3,6,2,12,0,0,0,1,13,30273,6,1,6,0,3,0,68,216,98,0,0,0,0,0,0,0,0,0,38,0,0,0,1,3,45,1,1,2,1,0,0,11,15,99,9,2,68,0,0
13,130153,2,2,2,1,3,19,16,12,6,1,0,13,1,53,705,53705,80,2007,JS1GR7KA4721,J,S,1,G,R,7,K,A,4,7,2,1,0,M,SUZI,SX7,RS,7,17,,,,,,,749,0,0,000000000,00000000000,0,0,0,1,0,0,0,0,0,0,0,998,0,0,0,12,12,6,2,12,0,0,0,1,13,30809,6,1,0,0,3,3,71,185,98,0,0,1,1,5,2007,5,2008,1,0,0,0,0,1,3,45,1,1,2,1,0,0,1,62,4,2,1,69,1,0
13,130154,1,1,1,2,3,1,44,8,0,1,1,99,9,99,999,99999,99,9999,999999999999,9,9,9,9,9,9,9,9,9,9,9,9,0,U,,,,9,17,,,,,,,,0,0,000000000,00000000000,0,0,0,1,0,0,0,0,0,0,0,999,0,0,0,12,12,4,1,8,0,0,0,1,99,99999,9,9,99,9,9,9,999,999,99,99,99,99,99,99,9999,99,9999,0,86,0,0,0,1,6,45,1,1,2,2,0,0,1,80,99,1,1,13,0,0
13,130155,1,1,2,6,3,2,43,53,0,1,0,13,1,19,14,19014,4,1997,1G6KY5299VU8,1,G,6,K,Y,5,2,9,9,V,U,8,0,P,CADI,STS,4D,97,17,3856,,0,1110,,G,,0,0,000000000,00000000000,0,0,0,1,0,0,0,0,0,0,0,998,0,0,0,11,11,6,2,53,0,0,0,1,13,30034,6,2,0,0,3,0,71,180,98,1,0,0,0,9,2007,9,2007,0,0,0,0,0,1,2,35,2,3,2,1,0,0,14,8,7,2,4,2,2,1
13,130156,1,2,3,6,3,9,25,12,6,1,0,13,2,20,2,20002,4,2005,1G1ND52F55M2,1,G,1,N,D,5,2,F,5,5,M,2,0,P,CHEV,CLA,4D,5,17,3106,,0,1070,,G,,0,0,000000000,00000000000,0,0,0,1,0,0,0,0,0,0,0,998,0,0,0,11,11,6,2,12,0,0,0,1,13,31036,6,1,0,0,3,0,69,208,98,0,0,0,0,0,0,0,0,0,39,0,0,0,1,2,35,1,2,2,1,20,3,1,17,2,2,1,89,1,0
13,130156,2,2,1,6,3,9,25,12,6,1,0,13,1,12,481,12481,31,2001,1FTRW07W91KE,1,F,T,R,W,0,7,W,9,1,K,E,0,T,FORD,F1S,CW,1,17,,2,0,1385,COF,G,,0,0,000000000,00000000000,0,0,0,1,0,0,0,0,0,0,0,998,0,1,6,12,12,6,2,1,0,0,0,1,13,31017,6,1,0,0,3,0,69,220,98,0,0,0,0,0,0,0,0,0,0,0,0,0,1,2,45,1,1,2,1,0,0,1,66,1,1,1,88,0,0
13,130157,1,1,1,7,3,19,5,35,0,1,0,13,1,12,17,12017,4,1999,1FAFP52U6XA2,1,F,A,F,P,5,2,U,6,X,A,2,0,P,FORD,TAX,4D,99,17,3329,,0,1085,,G,,0,0,000000000,00000000000,0,0,0,1,0,0,0,0,0,0,0,998,0,1,6,11,13,6,2,42,0,0,0,1,13,30646,6,1,0,0,3,0,67,130,98,0,0,1,1,7,2007,2,2009,1,0,0,0,0,1,2,55,2,2,2,10,0,0,14,8,4,2,4,7,1,0
13,130158,1,2,2,8,3,7,45,12,6,1,0,12,2,49,32,49032,4,2003,1NXBR32E03Z0,1,N,X,B,R,3,2,E,0,3,Z,0,0,P,TOYT,UCS,4D,3,17,2502,,0,1024,,G,,0,0,000000000,00000000000,0,0,0,1,0,0,0,0,0,0,0,998,0,0,0,9,9,2,3,12,0,0,0,1,12,33167,6,1,0,0,3,0,62,999,0,0,0,0,1,5,2008,5,2008,0,38,48,0,0,1,2,45,1,1,2,1,20,3,11,15,1,1,1,82,1,0
13,130158,2,2,1,8,3,7,45,12,6,1,0,13,1,12,481,12481,31,1990,1FTDF15NXLNB,1,F,T,D,F,1,5,N,X,L,N,B,0,T,FORD,F15,PK,90,17,,1,1330,1170,COF,G,,0,0,000000000,00000000000,0,0,0,1,0,0,0,0,0,0,0,998,0,0,0,12,12,2,3,12,0,0,0,1,13,30223,6,1,0,0,3,0,63,145,98,1,0,0,1,9,2008,9,2008,0,0,0,0,0,1,2,45,1,1,2,1,0,0,1,67,1,1,1,83,0,0
13,130159,1,2,1,10,3,16,53,12,6,1,0,13,1,20,9,20009,2,1994,2G1FP22S9R21,2,G,1,F,P,2,2,S,9,R,2,1,0,P,CHEV,CAM,CP,94,17,3247,,0,1011,,G,,0,0,000000000,00000000000,0,0,0,1,0,0,0,0,0,0,0,998,0,0,0,4,4,6,2,12,0,0,0,1,13,30317,6,1,0,0,3,0,70,185,98,0,0,0,1,1,2010,1,2010,0,28,87,0,0,3,4,45,1,2,2,2,0,0,1,8,1,1,2,64,1,0
13,130159,2,2,2,10,3,16,53,12,6,1,0,13,1,37,32,37032,4,2000,1HGCG1650YA0,1,H,G,C,G,1,6,5,0,Y,A,0,0,P,HOND,UEX,4D,0,17,3285,,0,1069,,G,,0,0,000000000,00000000000,0,0,0,1,0,0,0,0,0,0,0,998,0,0,0,12,12,6,2,12,0,0,0,1,13,30135,6,1,0,0,3,0,66,170,98,1,0,1,2,10,2008,3,2009,0,0,0,0,0,3,2,45,1,2,2,2,0,0,1,62,1,1,1,65,0,0
13,130160,1,2,1,10,3,19,27,12,6,1,0,13,1,20,22,20022,2,2005,1G1AL12F5575,1,G,1,A,L,1,2,F,5,5,7,5,0,P,CHEV,BLS,CP,5,17,2991,,0,1033,,G,,0,0,000000000,00000000000,0,0,0,1,0,0,0,0,0,0,0,998,0,0,0,4,4,6,2,12,0,0,0,1,13,30141,6,1,0,0,3,0,66,130,98,0,0,1,1,7,2007,2,2010,1,28,0,0,0,1,2,45,1,1,2,2,0,0,1,6,1,1,2,65,1,0
13,130160,2,2,3,10,3,19,27,12,6,1,0,13,3,12,37,12037,4,2002,1FAFP34372W2,1,F,A,F,P,3,4,3,7,2,W,2,0,P,FORD,FCS,4D,2,17,2604,,0,1030,,G,,0,0,000000000,00000000000,0,0,0,1,0,0,0,0,0,0,0,998,0,0,0,12,12,6,2,12,0,0,0,1,13,30102,6,1,0,0,3,0,64,220,98,1,0,2,0,8,2007,2,2009,0,0,0,0,0,1,2,45,1,1,2,2,0,0,1,62,1,1,1,64,0,0
13,130161,1,3,2,11,3,11,29,12,6,1,0,92,0,12,471,12471,30,2001,1FTYR10C51TA,1,F,T,Y,R,1,0,C,5,1,T,A,0,T,FORD,RNG,PK,1,17,,1,1175,1116,RNG,G,,0,0,000000000,00000000000,0,0,0,1,0,0,0,0,0,0,0,998,0,0,0,9,83,6,2,12,0,0,1,1,13,31406,6,1,0,0,3,0,65,145,98,0,0,0,0,0,0,0,0,0,39,0,0,0,1,2,45,1,1,2,2,3,3,11,17,1,1,1,68,1,0
13,130161,2,3,1,11,3,11,29,12,6,1,0,93,3,82,883,82883,66,2002,1FUJA6CGX2LH,1,F,U,J,A,6,C,G,X,2,L,H,1,T,FRHT,COL,DS,2,17,,8,0,0,CON,D,,1,57,00092818,5700092818,3,6,1,1,0,0,0,0,0,0,0,998,0,0,0,12,12,6,2,12,0,0,0,1,13,31061,6,1,6,0,3,0,71,295,98,0,0,0,2,11,2007,1,2009,0,0,0,0,0,1,2,45,1,1,2,2,3,3,1,67,1,1,1,69,0,0
13,130161,3,3,2,11,3,11,29,12,6,1,0,51,1,12,401,12401,14,2008,1FMEU51E28UB,1,F,M,E,U,5,1,E,2,8,U,B,0,P,FORD,EPR,UT,8,17,4687,,0,1305,,G,,0,0,000000000,00000000000,0,0,0,1,0,0,0,0,0,0,0,998,0,0,0,1,1,2,3,12,0,0,0,1,51,23601,0,0,0,0,0,0,999,999,0,0,0,0,1,11,2009,11,2009,0,0,0,0,0,1,2,45,1,1,2,2,3,3,10,67,1,1,1,98,0,0
13,130162,1,2,0,11,3,3,50,12,6,1,0,13,6,2,403,2403,14,1995,1J4FY49S3SP2,1,J,4,F,Y,4,9,S,3,S,P,2,0,T,JEEP,WYS,2W,95,17,,1,0,934,W/Y,G,,0,0,000000000,00000000000,0,0,0,1,0,0,0,0,0,0,0,0,0,0,0,7,7,6,2,12,0,0,0,0,,,,,,,,,999,,,,,,,,,,,,20,0,0,0,3,3,65,1,1,2,2,0,0,0,60,0,0,0,48,0,0
13,130162,2,2,1,11,3,3,50,12,6,1,0,40,1,85,881,85881,66,2001,1XKWDB9X71R8,1,X,K,W,D,B,9,X,7,1,R,8,1,T,KW,W90,DS,1,17,,8,2850,1600,CON,D,,1,57,109745,57109745,3,6,1,1,0,0,0,0,0,0,0,998,0,0,0,12,12,6,2,8,0,0,0,1,13,30680,6,1,6,0,3,0,71,200,98,0,0,0,0,0,0,0,0,0,0,0,0,0,3,3,65,1,1,2,2,0,0,1,50,1,1,1,48,0,0
13,130163,1,2,2,11,3,5,48,12,7,1,0,13,1,49,40,49040,4,1994,4T1SK11E2RU3,4,T,1,S,K,1,1,E,2,R,U,3,0,P,TOYT,CMX,4D,94,17,2976,,0,1031,,G,,0,0,000000000,00000000000,0,0,0,1,0,0,0,0,0,0,0,998,0,0,0,7,7,6,2,12,0,0,0,1,13,30620,6,1,0,0,3,0,69,160,98,0,0,1,0,3,2008,3,2008,0,28,91,0,0,3,7,55,1,2,2,2,0,0,15,8,1,1,2,46,0,0
13,130163,2,2,1,11,3,5,48,12,7,1,0,13,1,7,442,7442,20,2003,2D4GP44333R2,2,D,4,G,P,4,4,3,3,3,R,2,0,P,DODG,CAR,SV,3,17,3975,,0,1193,,F,,0,0,000000000,00000000000,0,0,0,1,0,0,0,0,0,0,0,998,0,1,1,11,11,6,2,1,0,0,0,1,13,30021,6,1,0,0,3,3,68,170,98,0,0,0,1,1,2009,1,2009,0,0,0,0,0,3,7,55,1,2,2,2,0,0,1,60,1,1,1,45,1,0
13,130164,1,1,1,11,3,17,50,15,0,1,0,13,1,12,13,12013,2,1998,3FAFP1134WR1,3,F,A,F,P,1,1,3,4,W,R,1,0,P,FORD,ZXS,CP,98,17,2478,,0,984,,G,,0,0,000000000,00000000000,0,0,0,1,0,0,0,0,0,0,0,998,0,0,0,12,12,4,3,15,32,0,0,1,13,31904,6,1,0,0,3,3,70,210,98,0,0,0,0,0,0,0,0,0,39,0,0,0,1,2,30,1,1,2,1,20,3,1,80,1,1,1,13,0,0
13,130165,1,1,2,12,3,19,47,8,0,1,0,92,0,35,39,35039,4,1996,JN1CA21D7TM4,J,N,1,C,A,2,1,D,7,T,M,4,0,P,NISS,MGS,4D,96,17,2886,,0,1063,,G,,0,0,000000000,00000000000,0,0,0,1,0,0,0,0,0,0,0,40,0,0,0,1,1,6,9,8,0,0,0,1,13,30058,6,1,5,0,3,0,71,188,98,2,0,2,1,6,2008,8,2009,0,0,0,0,0,1,2,40,1,3,2,2,0,0,1,80,7,1,3,13,0,0
13,130166,1,1,1,12,3,22,20,35,0,1,0,13,2,37,32,37032,4,1993,1HGCB7676PA0,1,H,G,C,B,7,6,7,6,P,A,0,0,P,HOND,AEX,4D,93,17,2987,,0,1071,,G,,0,0,000000000,00000000000,0,0,0,1,0,0,0,0,0,0,0,998,0,0,0,4,9,6,2,42,0,0,0,1,13,30257,6,1,0,0,3,0,69,150,98,0,0,0,4,4,2008,8,2009,0,58,0,0,0,1,2,45,3,3,2,2,0,0,14,8,6,4,4,2,1,0
13,130167,1,1,3,13,3,23,48,8,0,1,0,45,1,35,401,35401,14,1995,JN8HD17Y2SW0,J,N,8,H,D,1,7,Y,2,S,W,0,0,P,NISS,PFI,UT,95,17,3961,,0,1043,,G,,0,0,000000000,00000000000,0,0,0,1,0,0,0,0,0,0,0,998,0,0,0,12,12,4,3,8,0,0,0,1,13,31405,6,1,0,0,3,0,73,182,98,0,0,1,0,9,2009,9,2009,0,0,0,0,0,1,2,45,1,1,2,1,0,0,1,80,1,1,1,13,0,0
13,130168,1,2,2,15,3,11,50,12,6,1,0,13,2,20,481,20481,31,2004,2GCEK19T0413,2,G,C,E,K,1,9,T,0,4,1,3,0,T,CHEV,SK1,4C,4,17,,2,1575,1435,SIL,G,,0,0,000000000,00000000000,0,0,0,1,0,0,0,0,0,0,0,998,0,0,0,12,12,6,2,12,0,0,0,1,13,39824,6,1,0,0,3,0,69,168,98,0,0,0,0,0,0,0,0,0,38,0,0,0,1,2,55,1,1,2,1,20,3,1,17,1,1,1,86,0,0
13,130168,2,2,1,15,3,11,50,12,6,1,0,1,1,12,481,12481,31,1992,1FTDF15Y1NNB,1,F,T,D,F,1,5,Y,1,N,N,B,0,T,FORD,F15,PK,92,17,,1,1330,1170,COF,G,,0,0,000000000,00000000000,0,0,0,1,0,0,0,0,0,0,0,998,0,1,6,3,13,6,2,12,0,0,0,1,1,36303,6,1,0,0,3,0,74,170,0,0,0,3,0,3,2007,12,2009,0,0,0,0,0,1,2,55,1,1,2,1,0,0,1,66,1,1,1,87,1,0
13,130169,1,1,2,15,3,20,39,32,0,1,0,13,1,37,32,37032,4,1997,1HGCE6676VA0,1,H,G,C,E,6,6,7,6,V,A,0,0,P,HOND,UER,4D,97,17,3184,,0,1069,,G,,0,0,000000000,00000000000,0,0,0,1,0,0,0,0,0,0,0,998,0,1,6,12,13,6,2,1,0,0,0,1,13,30622,6,1,0,0,3,0,62,150,98,0,0,0,1,9,2008,9,2008,1,0,0,0,0,1,2,25,4,1,2,1,0,0,14,13,1,1,4,1,1,1
13,130170,1,1,1,15,3,23,59,42,0,1,0,13,2,55,37,55037,2,2006,KMHHN65F66U2,K,M,H,H,N,6,5,F,6,6,U,2,0,P,HYUN,GSL,CP,6,17,2969,,0,996,,G,,0,0,000000000,00000000000,0,0,0,1,0,0,0,0,0,0,0,998,0,0,0,3,3,6,2,42,0,0,0,1,13,30040,6,1,0,0,3,0,73,165,98,0,0,0,2,1,2008,10,2009,1,0,0,0,0,1,2,25,2,2,2,1,0,0,14,6,3,4,4,7,1,0
13,130171,1,2,1,16,3,22,38,8,0,1,0,13,1,12,481,12481,31,1996,1FTEF14NXTLC,1,F,T,E,F,1,4,N,X,T,L,C,0,T,FORD,F15,PK,96,17,,2,1330,1170,COF,G,,0,0,000000000,00000000000,0,0,0,1,0,0,0,0,0,0,0,998,0,0,0,12,12,2,3,8,0,0,0,1,13,30214,6,1,0,0,3,0,72,230,98,0,0,0,0,0,0,0,0,0,0,0,0,0,1,2,45,1,1,2,1,0,0,1,80,6,1,1,13,0,0
13,130171,2,2,1,16,3,22,38,8,0,1,0,13,2,7,482,7482,31,2006,1D7HA18K06J2,1,D,7,H,A,1,8,K,0,6,J,2,0,T,DODG,QS1,CW,6,17,,2,0,1405,RPC,G,,0,0,000000000,00000000000,0,0,0,1,0,0,0,0,0,0,0,998,0,0,0,10,10,2,1,12,0,0,0,1,13,30349,6,1,6,0,3,0,72,260,98,0,0,0,0,0,0,0,0,0,0,0,0,0,1,2,45,1,1,2,1,0,0,1,62,6,1,2,98,0,0
13,130172,1,2,1,16,3,8,45,12,6,1,0,13,1,55,33,55033,4,2008,5NPET46CX8H3,5,N,P,E,T,4,6,C,X,8,H,3,0,P,HYUN,SGL,4D,8,17,3253,,0,1074,,G,,0,0,000000000,00000000000,0,0,0,1,0,0,0,0,0,0,0,998,0,0,0,12,12,2,3,12,0,0,0,1,13,30088,6,1,0,0,3,0,72,180,98,0,0,0,0,0,0,0,0,0,38,0,0,0,1,2,25,1,1,2,1,20,3,11,15,1,1,1,68,0,0
13,130172,2,2,3,16,3,8,45,12,6,1,0,13,2,41,35,41035,4,2001,JM1BJ2223104,J,M,1,B,J,2,2,2,3,1,0,4,0,P,MAZD,PDL,4D,1,17,2493,,0,1028,,G,,0,0,000000000,00000000000,0,0,0,1,0,0,0,0,0,0,0,998,0,0,0,1,12,6,2,42,0,0,0,1,13,30034,6,1,0,0,3,0,68,138,98,1,0,0,0,4,2009,4,2009,0,0,0,0,0,1,2,25,1,1,2,1,0,0,1,17,1,1,1,69,1,0
13,130173,1,2,4,16,3,19,41,12,6,1,0,13,2,41,51,41051,4,2008,JM1BK12F8817,J,M,1,B,K,1,2,F,8,8,1,7,0,P,MAZD,M3I,4D,8,17,2780,,0,1039,,G,,0,0,000000000,00000000000,0,0,0,1,0,0,0,0,0,0,0,998,0,0,0,9,9,6,2,12,0,0,0,1,13,30553,6,2,0,0,3,3,63,185,98,0,0,0,0,0,0,0,0,0,38,0,0,0,1,2,55,1,2,2,1,20,3,1,17,1,1,1,89,1,0
13,130173,2,2,3,16,3,19,41,12,6,1,0,13,1,23,481,23481,31,1994,1GTHK39F1RE5,1,G,T,H,K,3,9,F,1,R,E,5,0,T,GMC,SK3,PC,94,17,,2,0,1555,SIE,D,,0,0,000000000,00000000000,0,0,0,1,0,0,0,0,0,0,0,998,0,0,0,12,12,6,2,12,0,0,0,1,13,30528,6,1,6,0,3,0,75,220,98,2,0,1,1,2,2009,3,2009,0,0,0,0,0,1,2,55,1,2,2,1,0,0,1,66,1,1,1,88,0,0
13,130174,1,1,1,17,3,18,0,30,0,1,0,13,1,12,481,12481,31,2004,1FTSX31P04EC,1,F,T,S,X,3,1,P,0,4,E,C,0,T,FORD,F3S,4C,4,17,,2,1580,1418,SRW,D,,0,0,000000000,00000000000,0,0,0,1,0,0,0,0,0,0,0,998,0,0,0,9,6,6,2,30,0,0,0,1,13,30103,6,1,0,0,3,0,75,240,98,1,0,1,0,12,2008,12,2008,0,0,0,0,0,1,2,55,3,2,2,2,0,0,14,8,1,1,4,1,1,0
13,130175,1,3,1,18,3,7,19,12,1,1,0,13,3,84,881,84881,62,2005,1HTMMAAM35H6,1,H,T,M,M,A,A,M,3,5,H,6,0,T,INTL,430,CC,5,17,,6,0,0,40S,D,,0,57,1967759,571967759,2,2,1,1,0,0,0,0,0,0,0,998,0,0,0,12,12,4,3,12,0,0,0,1,13,31794,6,1,0,0,3,3,67,185,98,2,0,2,0,3,2008,8,2009,0,26,91,0,0,2,2,65,1,1,2,1,0,0,1,51,1,1,1,24,0,0
13,130175,2,3,1,18,3,7,19,12,1,1,0,22,1,49,441,49441,20,1992,JT3AC11R8N10,J,T,3,A,C,1,1,R,8,N,1,0,0,P,TOYT,PRE,SV,92,17,3455,,0,1128,,G,,0,0,000000000,00000000000,0,0,0,1,0,0,0,0,0,0,0,998,0,0,0,6,6,6,2,12,0,0,0,1,13,31733,6,1,0,0,3,0,70,250,98,1,0,0,2,12,2007,4,2009,0,0,0,0,0,2,2,65,1,1,2,1,0,0,1,18,1,1,1,25,1,0
13,130175,3,3,2,18,3,7,19,12,1,1,0,13,3,20,481,20481,31,2009,1GCEC29C39Z1,1,G,C,E,C,2,9,C,3,9,Z,1,0,T,CHEV,2SC,4C,9,17,,2,1575,1339,SIL,G,,0,0,000000000,00000000000,0,0,0,1,0,0,0,0,0,0,0,998,0,0,0,1,1,2,1,18,0,0,0,1,13,31721,6,1,0,0,3,0,68,155,98,0,0,0,0,0,0,0,0,0,0,0,0,0,2,2,65,1,1,2,1,0,0,1,90,1,1,1,98,0,0
13,130176,1,1,1,19,3,21,0,42,0,1,0,92,0,20,461,20461,21,2006,1GCGG29U5612,1,G,C,G,G,2,9,U,5,6,1,2,0,T,CHEV,E25,EC,6,17,,2,0,1550,EXP,G,,0,0,000000000,00000000000,0,0,0,1,0,0,0,0,0,0,0,998,0,0,0,12,62,6,2,42,0,0,0,1,13,30265,0,0,0,0,0,0,999,999,98,0,0,0,0,0,0,0,0,0,58,0,0,0,1,2,45,3,1,2,1,0,0,14,13,1,1,4,1,1,1
13,130177,1,1,1,20,3,15,50,34,0,1,0,13,2,7,18,7018,4,1991,1B3XC46K4MD2,1,B,3,X,C,4,6,K,4,M,D,2,0,P,DODG,DYN,4D,91,17,2918,,0,1045,,G,,0,0,000000000,00000000000,0,0,0,1,0,0,0,0,0,0,0,998,0,1,6,14,13,6,2,34,0,0,0,1,13,31768,6,1,0,0,3,0,70,259,98,0,0,1,1,9,2007,2,2010,0,28,0,0,0,1,2,55,3,2,2,1,0,0,14,13,1,1,4,1,1,1
13,130178,1,2,1,20,3,12,8,8,0,1,0,13,1,7,471,7471,30,1979,9JL4U9710235,9,J,L,4,U,9,7,1,0,2,3,5,0,P,,,,,,,,,,,,,0,0,000000000,00000000000,0,0,0,1,0,0,0,0,0,0,0,998,0,0,0,12,12,6,2,8,0,0,0,1,13,30083,6,1,0,0,3,0,74,205,98,0,0,1,2,10,2007,2,2010,0,27,35,0,0,6,1,65,1,2,2,1,0,0,15,8,2,2,4,13,0,0
13,130178,2,2,1,20,3,12,8,8,0,1,0,13,1,12,461,12461,21,1984,1FBHS31G7EHB,1,F,B,H,S,3,1,G,7,E,H,B,0,P,FORD,CWS,SV,84,17,4788,,0,1380,,G,,0,0,000000000,00000000000,0,0,0,1,0,0,0,0,0,0,0,0,0,0,0,6,6,6,2,12,0,0,0,1,13,30274,6,1,0,0,3,0,72,150,98,0,0,0,1,4,2009,4,2009,0,0,0,0,0,6,1,65,1,2,2,1,0,0,7,3,1,2,6,98,0,0
13,130179,1,2,1,23,3,14,59,12,1,1,0,13,1,53,31,53031,4,2000,2S2AB21HXY66,2,S,2,A,B,2,1,H,X,Y,6,6,0,P,SUZI,UGL,2H,0,17,1895,,0,931,,G,,0,0,000000000,00000000000,0,0,0,1,0,0,0,0,0,0,0,998,0,0,0,12,12,6,2,12,0,0,0,1,13,30540,6,1,0,0,3,0,72,220,98,0,0,0,0,0,0,0,0,0,26,0,0,0,1,2,55,1,1,2,1,0,0,1,52,1,1,1,28,1,0
13,130179,2,2,1,23,3,14,59,12,1,1,0,13,3,20,461,20461,21,2001,1GCHG39R6111,1,G,C,H,G,3,9,R,6,1,1,1,0,T,CHEV,E35,EC,1,17,,2,0,1550,EXP,G,,0,0,000000000,00000000000,0,0,0,1,0,0,0,0,0,0,0,998,0,0,0,6,6,4,3,12,0,0,0,1,13,30004,6,1,0,0,3,0,72,215,98,0,0,0,0,0,0,0,0,0,0,0,0,0,1,2,55,1,1,2,1,0,0,2,18,1,1,1,29,0,0
13,130180,1,1,1,23,3,16,34,1,0,1,0,13,1,12,401,12401,14,1999,1FMYU22X2XUC,1,F,M,Y,U,2,2,X,2,X,U,C,0,P,FORD,EPR,UT,99,17,3675,,0,1017,,G,,0,0,000000000,00000000000,0,0,0,1,0,0,0,0,0,0,0,998,0,1,5,0,13,6,2,1,32,0,0,1,13,31030,6,1,0,0,3,0,66,180,98,0,0,0,0,0,0,0,0,0,0,0,0,0,1,2,55,3,1,2,1,0,0,14,8,1,4,4,7,1,0
13,130181,1,2,1,23,3,15,36,12,2,1,0,13,1,98,998,98998,92,9999,000000000000,0,0,0,0,0,0,0,0,0,0,0,0,0,U,,,,,17,,,,,,,,0,0,000000000,00000000000,0,0,0,1,0,0,0,0,0,0,0,998,0,1,1,12,98,6,2,1,0,0,0,1,13,31816,6,1,0,0,3,0,70,165,98,0,0,0,0,0,0,0,0,0,28,0,0,0,1,2,30,2,3,2,1,0,0,14,8,2,2,2,50,1,0