STATE,ST_CASE,VEH_NO,VE_FORMS,NUMOCCS,DAY,MONTH,HOUR,MINUTE,HARM_EV,MAN_COLL,UNITTYPE,HIT_RUN,REG_STAT,OWNER,MAKE,MODEL,MAK_MOD,BODY_TYP,MOD_YEAR,VIN,VIN_1,VIN_2,VIN_3,VIN_4,VIN_5,VIN_6,VIN_7,VIN_8,VIN_9,VIN_10,VIN_11,VIN_12,TOW_VEH,VINTYPE,VINMAKE,VINA_MOD,VIN_BT,VINMODYR,VIN_LNGT,VIN_WGT,WGTCD_TR,WHLBS_LG,WHLBS_SH,SER_TR,FUELCODE,MCYCL_DS,J_KNIFE,MCARR_I1,MCARR_I2,MCARR_ID,GVWR,V_CONFIG,CARGO_BT,HAZ_INV,HAZ_PLAC,HAZ_ID,HAZ_CNO,HAZ_REL,BUS_USE,SPEC_USE,EMER_USE,TRAV_SP,UNDERIDE,ROLLOVER,ROLINLOC,IMPACT1,IMPACT2,DEFORMED,TOWED,M_HARM,VEH_SC1,VEH_SC2,FIRE_EXP,DR_PRES,L_STATE,DR_ZIP,L_STATUS,L_TYPE,CDL_STAT,L_ENDORS,L_COMPL,L_RESTRI,DR_HGT,DR_WGT,PREV_ACC,PREV_SUS,PREV_DWI,PREV_SPD,PREV_OTH,FIRST_MO,FIRST_YR,LAST_MO,LAST_YR,SPEEDREL,DR_SF1,DR_SF2,DR_SF3,DR_SF4,VTRAFWAY,VNUM_LAN,VSPD_LIM,VALIGN,VPROFILE,VPAVETYP,VSURCOND,VTRAFCON,VTCONT_F,P_CRASH1,P_CRASH2,P_CRASH3,PCRASH4,PCRASH5,ACC_TYPE,DEATHS,DR_DRINK
13,130181,2,2,4,23,3,15,36,12,2,1,0,13,1,42,43,42043,4,2000,WDBNG70J0YA0,W,D,B,N,G,7,0,J,0,Y,A,0,0,P,MERZ,S43,4D,0,17,3890,,0,1215,,G,,0,0,000000000,00000000000,0,0,0,1,0,0,0,0,0,0,0,998,0,0,0,12,12,6,2,12,0,0,0,1,13,31816,6,1,0,0,3,3,65,130,98,0,0,0,0,0,0,0,0,0,0,0,0,0,1,2,30,3,3,2,1,0,0,14,62,1,1,1,51,0,0
13,130182,1,2,1,24,3,23,28,12,7,1,0,13,2,20,403,20403,14,2005,1GNDT13S1522,1,G,N,D,T,1,3,S,1,5,2,2,0,P,CHEV,TRL,UT,5,17,4612,,0,1130,,G,,0,0,000000000,00000000000,0,0,0,1,0,0,0,0,0,0,0,998,0,1,6,1,98,6,2,1,0,0,0,1,13,30324,6,1,0,0,3,0,69,143,98,0,0,0,0,0,0,0,0,0,28,0,0,0,3,4,55,3,2,2,1,0,0,15,11,1,1,2,46,1,0
13,130182,2,2,1,24,3,23,28,12,7,1,0,13,2,7,21,7021,6,2005,2D4FV48T05H5,2,D,4,F,V,4,8,T,0,5,H,5,0,P,DODG,MGN,UT,5,17,3763,,0,1200,,G,,0,0,000000000,00000000000,0,0,0,1,0,0,0,0,0,0,0,998,0,0,0,7,98,6,2,12,0,0,0,1,13,30318,6,1,0,0,3,0,66,170,98,0,0,0,0,0,0,0,0,0,0,0,0,0,3,4,55,3,2,2,1,0,0,14,61,1,1,1,45,0,0
13,130183,1,2,2,25,3,7,28,12,6,1,0,13,1,34,37,34037,4,1992,WBAGC4317NDC,W,B,A,G,C,4,3,1,7,N,D,C,0,P,BMW,73L,4D,92,17,4015,,0,1160,,G,,0,0,000000000,00000000000,0,0,0,1,0,0,0,0,0,0,0,998,0,0,0,3,3,6,2,12,0,0,0,1,13,30094,6,1,0,0,3,0,66,155,98,0,0,0,0,0,0,0,0,1,28,0,0,0,1,2,45,2,2,2,1,0,0,14,6,1,4,2,64,2,0
13,130183,2,2,1,25,3,7,28,12,6,1,0,13,2,12,481,12481,31,2008,1FTPW12VX8FA,1,F,T,P,W,1,2,V,X,8,F,A,0,T,FORD,F1S,CW,8,17,,2,1500,1390,COF,F,,0,0,000000000,00000000000,0,0,0,1,0,0,0,0,0,0,0,998,0,0,0,12,12,6,2,12,0,0,0,1,13,30016,6,1,0,0,3,0,71,215,98,0,0,0,0,0,0,0,0,0,0,0,0,0,1,2,45,1,2,2,1,0,0,1,62,1,1,1,65,0,0
13,130184,1,1,1,26,3,2,40,8,0,1,0,13,1,21,21,21021,2,2001,1G3NL12EX1C2,1,G,3,N,L,1,2,E,X,1,C,2,0,P,OLDS,A/G,CP,1,17,2958,,0,1070,,G,,0,0,000000000,00000000000,0,0,0,1,0,0,0,0,0,0,0,998,0,0,0,12,12,6,2,8,0,0,0,1,1,30309,6,1,0,0,3,3,73,193,0,0,0,0,0,0,0,0,0,0,0,0,0,0,6,1,55,1,1,2,1,0,0,1,80,1,1,1,13,0,0
13,130185,1,1,3,27,3,22,20,42,0,1,0,13,1,42,48,42048,4,2000,WDBJF65JXYB0,W,D,B,J,F,6,5,J,X,Y,B,0,0,P,MERZ,E32,4D,0,17,3440,,0,1115,,G,,0,0,000000000,00000000000,0,0,0,1,0,0,0,0,0,0,0,998,0,0,0,9,9,6,2,42,0,0,0,1,13,30115,6,1,0,0,3,0,72,170,98,0,0,0,0,0,0,0,0,1,58,0,0,0,1,2,45,1,2,2,1,0,0,1,8,6,2,4,7,2,0
13,130186,1,2,2,27,3,1,8,8,0,1,0,5,3,14,6,14006,4,2010,2MEBM7FV3AX6,2,M,E,B,M,7,F,V,3,A,X,6,0,P,MERC,MGL,4D,10,17,4131,,0,1146,,F,,0,0,000000000,00000000000,0,0,0,1,0,0,0,0,0,0,0,998,0,0,0,10,10,2,1,8,0,0,0,1,18,46385,6,1,0,0,3,3,66,185,0,0,0,0,0,0,0,0,0,0,0,0,0,0,2,3,55,1,1,2,1,0,0,1,80,1,1,1,13,0,0
13,130186,2,2,1,27,3,1,8,8,0,1,0,13,1,20,2,20002,4,2006,2G1WB58K0693,2,G,1,W,B,5,8,K,0,6,9,3,0,P,CHEV,IPL,4D,6,17,3477,,0,1105,,F,,0,0,000000000,00000000000,0,0,0,1,0,0,0,0,0,0,0,998,0,0,0,14,14,0,1,8,0,0,0,1,13,30022,6,1,0,0,3,0,70,180,98,0,0,0,0,0,0,0,0,0,0,0,0,0,3,3,55,1,1,2,1,0,0,1,80,1,1,1,98,0,0
13,130187,1,2,1,27,3,3,35,12,7,1,0,13,2,20,23,20023,6,2007,3GNDA23D37S5,3,G,N,D,A,2,3,D,3,7,S,5,0,P,CHEV,HHR,UT,7,17,3155,,0,1035,,G,,0,0,000000000,00000000000,0,0,0,1,0,0,0,0,0,0,0,998,0,0,0,2,12,6,2,8,0,0,0,1,13,30277,6,1,0,0,3,3,60,130,98,0,0,0,0,0,0,0,0,0,0,0,0,0,2,2,70,1,1,2,1,0,0,1,50,1,1,1,48,0,0
13,130187,2,2,0,27,3,3,35,12,7,1,0,13,6,37,32,37032,2,1991,1HGCB7266MA0,1,H,G,C,B,7,2,6,6,M,A,0,0,P,HOND,AER,CP,91,17,2888,,0,1071,,G,,0,0,000000000,00000000000,0,0,0,1,0,0,0,0,0,0,0,0,0,0,0,8,8,2,3,12,0,0,0,0,,,,,,,,,999,,,,,,,,,,,,20,0,0,0,2,2,70,1,1,2,1,0,0,0,53,0,0,0,48,0,0
13,130188,1,1,1,28,3,20,24,35,0,1,0,13,1,35,39,35039,4,1997,JN1CA21D3VT2,J,N,1,C,A,2,1,D,3,V,T,2,0,P,NISS,MGS,4D,97,17,2886,,0,1063,,G,,0,0,000000000,00000000000,0,0,0,1,0,0,0,0,0,0,0,998,0,0,0,14,12,6,2,2,0,0,1,1,13,39859,6,1,0,0,3,0,70,160,98,0,0,0,0,0,0,0,0,0,0,0,0,0,1,2,55,1,2,2,1,0,0,1,9,1,2,4,7,1,0
13,130189,1,1,1,29,3,13,9,42,0,1,0,13,2,20,431,20431,16,1999,3GNEC16R7XG2,3,G,N,E,C,1,6,R,7,X,G,2,0,P,CHEV,C15,UT,99,17,4825,,0,1315,,G,,0,0,000000000,00000000000,0,0,0,1,0,0,0,0,0,0,0,998,0,0,0,2,2,6,2,42,0,0,0,1,13,30736,1,1,0,0,2,0,999,999,98,4,2,0,0,7,2009,8,2009,1,0,0,0,0,1,2,40,2,2,2,1,0,0,14,6,6,4,4,7,1,1
13,130190,1,1,1,29,3,21,36,8,0,1,0,13,1,12,3,12003,2,1988,1FABP41A5JF1,1,F,A,B,P,4,1,A,5,J,F,1,0,P,FORD,MLX,2H,88,17,2818,,0,1004,,G,,0,0,000000000,00000000000,0,0,0,1,0,0,0,0,0,0,0,998,0,0,0,12,12,4,3,8,0,0,0,1,13,30291,6,1,0,0,3,3,72,190,98,0,0,0,0,0,0,0,0,0,91,0,0,0,1,2,55,1,1,2,1,0,0,1,80,1,1,1,13,0,1
13,130191,1,2,3,29,3,18,45,12,6,1,0,40,2,52,46,52046,4,2002,JA3AJ86E52U0,J,A,3,A,J,8,6,E,5,2,U,0,0,P,MITS,LZR,4D,2,17,2701,,0,1024,,G,,0,0,000000000,00000000000,0,0,0,1,0,0,0,0,0,0,0,998,0,0,0,9,9,6,2,12,0,0,0,1,40,74403,6,1,0,0,3,1,64,105,0,0,0,0,0,0,0,0,0,0,39,0,0,0,1,2,45,1,1,2,1,20,3,1,17,1,1,1,89,1,0
13,130191,2,2,1,29,3,18,45,12,6,1,0,13,1,12,481,12481,31,1999,1FTSW31FXXEC,1,F,T,S,W,3,1,F,X,X,E,C,0,T,FORD,F3S,CW,99,17,,2,1724,1562,SRW,D,,0,0,000000000,00000000000,0,0,0,1,0,0,0,0,0,0,0,998,0,0,0,12,12,6,2,12,0,0,0,1,13,31309,6,1,6,0,3,0,73,238,98,0,0,0,0,0,0,0,0,0,0,0,0,0,1,2,45,1,1,2,1,98,8,1,66,1,1,1,88,0,0
13,130192,1,2,1,29,3,19,18,12,7,1,0,13,1,14,6,14006,4,2004,2MEFM75W94X6,2,M,E,F,M,7,5,W,9,4,X,6,0,P,MERC,MGL,4D,4,17,4094,,0,1147,,G,,0,0,000000000,00000000000,0,0,0,1,0,0,0,0,0,0,0,998,0,0,0,1,12,6,2,42,0,0,0,1,13,30815,6,1,0,0,3,0,62,115,98,1,0,0,2,7,2009,2,2010,0,28,0,0,0,1,2,35,1,1,2,1,0,0,16,11,1,1,2,46,1,0
13,130192,2,2,1,29,3,19,18,12,7,1,0,13,2,20,401,20401,14,2001,1GNCS13WX121,1,G,N,C,S,1,3,W,X,1,2,1,0,P,CHEV,BZR,UT,1,17,3887,,0,1070,,G,,0,0,000000000,00000000000,0,0,0,1,0,0,0,0,0,0,0,998,0,0,0,10,10,6,2,12,0,0,0,1,13,30909,6,1,0,0,3,3,71,215,98,0,0,0,0,0,0,0,0,0,0,0,0,0,1,2,35,1,1,2,1,0,0,1,61,1,1,1,45,0,0
13,130193,1,1,1,31,3,20,17,15,0,1,0,13,1,6,43,6043,4,2002,1C3EL46X52N1,1,C,3,E,L,4,6,X,5,2,N,1,0,P,CHRY,SLX,4D,2,17,3118,,0,1080,,G,,0,0,000000000,00000000000,0,0,0,1,0,0,0,0,0,0,0,998,0,0,0,12,12,6,2,15,0,0,0,1,13,31750,6,1,0,0,3,3,64,170,98,0,0,0,0,0,0,0,0,0,0,0,0,0,1,2,45,1,1,2,1,0,0,1,83,1,1,1,13,0,0
13,130194,1,2,2,2,3,16,30,12,6,1,0,13,1,20,471,20471,30,1995,1GCCS1449SK1,1,G,C,C,S,1,4,4,9,S,K,1,0,T,CHEV,S14,PK,95,17,,1,1179,1083,S,G,,0,0,000000000,00000000000,0,0,0,1,0,0,0,0,0,0,0,998,0,0,0,9,9,6,2,12,0,0,0,1,13,31049,6,1,0,0,3,0,69,205,98,0,0,0,0,0,0,0,0,0,39,0,0,0,1,3,55,1,1,2,2,20,3,1,17,1,9,9,89,2,0
13,130194,2,2,1,2,3,16,30,12,6,1,0,93,3,82,881,82881,66,2004,1FUJBBCG24PM,1,F,U,J,B,B,C,G,2,4,P,M,1,T,FRHT,ST2,DS,4,17,,8,0,0,CON,D,,1,57,506414,57506414,3,6,1,1,0,0,0,0,0,0,0,998,0,0,0,12,12,6,2,12,0,0,0,1,13,31408,6,1,6,0,3,3,75,175,98,2,0,0,1,7,2008,11,2009,0,0,0,0,0,3,2,55,1,1,2,2,98,3,1,66,99,9,9,88,0,0
13,130195,1,4,1,3,3,19,51,12,7,1,1,99,9,22,9,22009,9,9999,999999999999,9,9,9,9,9,9,9,9,9,9,9,9,0,U,,,,9,17,,,,,,,,0,0,000000000,00000000000,0,0,0,1,0,0,0,0,0,0,0,998,0,0,0,5,5,4,1,12,0,0,0,1,99,99999,9,9,99,0,9,9,999,999,99,99,99,99,99,99,9999,99,9999,0,27,28,0,0,3,5,65,1,2,2,1,0,0,15,11,99,9,9,46,0,0
13,130195,2,4,1,3,3,19,51,12,7,1,0,13,1,37,32,37032,4,1994,JHMCD5544RC0,J,H,M,C,D,5,5,4,4,R,C,0,0,P,HOND,ALX,4D,94,17,2842,,0,1069,,G,,0,0,000000000,00000000000,0,0,0,1,0,0,0,0,0,0,0,998,0,0,0,11,3,4,1,12,0,0,0,1,13,30224,6,1,6,0,3,0,72,290,98,1,0,0,3,6,2008,3,2010,0,0,0,0,0,3,5,65,1,2,2,1,0,0,1,60,1,1,2,45,0,0
13,130195,3,4,1,3,3,19,51,12,7,1,0,13,2,37,32,37032,2,1999,1HGCG3240XA0,1,H,G,C,G,3,2,4,0,X,A,0,0,P,HOND,ULX,CP,99,17,3009,,0,1051,,G,,0,0,000000000,00000000000,0,0,0,1,0,0,0,0,0,0,0,998,0,0,0,11,2,4,3,12,0,0,0,1,13,30045,6,1,0,0,3,0,71,180,98,0,0,0,1,7,2009,7,2009,0,0,0,0,0,3,5,65,1,2,2,1,0,0,1,60,1,1,1,98,0,0
13,130195,4,4,1,3,3,19,51,12,7,1,0,13,1,12,461,12461,21,2002,1FTNE24232HB,1,F,T,N,E,2,4,2,3,2,H,B,0,T,FORD,25V,CG,2,17,,2,0,1380,VAN,G,,0,0,000000000,00000000000,0,0,0,1,0,0,0,0,0,0,0,998,0,1,1,8,8,6,2,1,0,0,0,1,13,30310,6,1,0,0,3,0,72,192,98,1,0,0,0,4,2007,4,2007,0,0,0,0,0,3,5,65,1,2,2,1,0,0,1,60,1,1,2,98,1,0
13,130196,1,1,1,4,3,17,58,8,0,1,0,13,1,12,401,12401,14,2006,1FMEU64EX6UA,1,F,M,E,U,6,4,E,X,6,U,A,0,P,FORD,EPR,UT,6,17,4301,,0,1137,,G,,0,0,000000000,00000000000,0,0,0,1,0,0,0,0,0,0,0,998,0,0,0,12,12,2,1,8,0,0,0,1,13,30558,6,1,0,0,3,0,68,180,98,0,0,0,0,0,0,0,0,0,86,0,0,0,1,2,45,2,1,2,1,0,0,14,80,1,1,1,13,0,0
13,130197,1,1,1,4,3,15,26,42,0,1,0,13,1,12,17,12017,4,1999,1FAFP53U8XA2,1,F,A,F,P,5,3,U,8,X,A,2,0,P,FORD,TSE,4D,99,17,3353,,0,1085,,G,,0,0,000000000,00000000000,0,0,0,1,0,0,0,0,0,0,0,998,0,0,0,12,12,6,2,42,0,0,0,1,13,39817,6,1,0,0,3,3,64,116,98,0,0,0,0,0,0,0,0,0,29,0,0,0,1,2,55,1,1,2,1,0,0,1,13,1,1,4,1,1,0
13,130198,1,4,1,4,3,13,49,12,11,1,0,13,3,12,461,12461,21,2007,1FBSS31L47DB,1,F,B,S,S,3,1,L,4,7,D,B,0,T,FORD,WSD,BU,7,17,,2,0,1380,ECO,G,,0,0,000000000,00000000000,0,0,0,1,0,0,0,0,0,0,0,998,0,0,0,12,12,6,2,12,0,0,0,1,13,30294,6,1,0,0,3,0,63,200,98,2,0,2,3,9,2007,12,2009,0,28,0,0,0,3,4,55,1,1,2,1,0,0,1,3,1,1,1,98,0,0
13,130198,2,4,1,4,3,13,49,12,11,1,0,51,1,55,33,55033,4,2004,KMHWF35H64A9,K,M,H,W,F,3,5,H,6,4,A,9,0,P,HYUN,SGX,4D,4,17,3212,,0,1063,,G,,0,0,000000000,00000000000,0,0,0,1,0,0,0,0,0,0,0,998,0,0,0,18,12,6,2,54,0,0,0,1,51,23060,6,1,0,0,3,0,66,130,0,0,0,0,0,0,0,0,0,0,0,0,0,0,3,4,55,1,1,2,1,0,0,1,60,1,1,1,98,1,0
13,130198,3,4,2,4,3,13,49,12,11,1,0,13,2,18,3,18003,4,1988,1G4CW51C6J16,1,G,4,C,W,5,1,C,6,J,1,6,0,P,BUIC,EPF,4D,88,17,3248,,0,1108,,G,,0,0,000000000,00000000000,0,0,0,1,0,0,0,0,0,0,0,998,0,0,0,18,18,6,2,54,0,0,0,1,13,30032,6,7,0,0,3,0,71,215,98,0,0,0,0,0,0,0,0,0,0,0,0,0,3,5,55,1,1,2,1,0,0,1,60,1,1,1,98,0,0
13,130198,4,4,1,4,3,13,49,12,11,1,1,99,9,99,999,99999,99,9999,999999999999,9,9,9,9,9,9,9,9,9,9,9,9,0,U,,,,9,17,,,,,,,,0,0,000000000,00000000000,0,0,0,1,0,0,0,0,0,0,0,998,0,0,0,18,18,9,1,54,0,0,0,1,99,99999,9,9,99,9,9,9,999,999,99,99,99,99,99,99,9999,99,9999,0,0,0,0,0,3,5,55,1,1,2,1,0,0,1,60,1,1,1,98,0,0
13,130200,1,1,1,13,1,16,35,8,0,1,0,42,1,54,36,54036,4,1996,JH4UA2650TC0,J,H,4,U,A,2,6,5,0,T,C,0,0,P,ACUR,25T,4D,96,17,3184,,0,1118,,G,,0,0,000000000,00000000000,0,0,0,1,0,0,0,0,0,0,0,998,0,0,0,1,1,2,9,8,0,0,0,1,42,16066,6,1,6,0,3,3,71,999,0,0,0,0,0,0,0,0,0,0,86,0,0,0,1,4,35,1,1,2,1,0,0,1,80,2,1,1,13,0,0
13,130201,1,1,1,25,1,5,3,42,0,1,0,13,2,49,40,49040,4,2000,4T1BG22K8YU6,4,T,1,B,G,2,2,K,8,Y,U,6,0,P,TOYT,UEX,4D,0,17,2998,,0,1051,,G,,0,0,000000000,00000000000,0,0,0,1,0,0,0,0,0,0,0,998,0,0,0,3,3,6,2,42,0,0,0,1,13,30458,6,1,0,0,3,0,65,100,98,0,0,0,2,7,2008,10,2009,0,29,0,0,0,2,2,55,1,1,8,2,0,0,1,12,1,3,4,7,1,0
13,130202,1,1,1,20,2,11,46,34,0,1,0,13,2,98,808,98808,61,2000,JNAMB33H7YGF,J,N,A,M,B,3,3,H,7,Y,G,F,0,T,UD,UD2,TB,0,17,,5,0,0,UDS,D,,0,57,1906756,571906756,2,1,1,1,0,0,0,0,0,0,0,998,0,0,0,12,12,6,2,42,0,0,0,1,13,30458,6,1,5,0,3,0,65,170,98,0,0,0,0,0,0,0,0,0,29,0,0,0,1,2,35,2,5,8,1,0,0,14,12,99,1,4,6,1,1
13,130203,1,1,1,13,2,22,57,42,0,1,0,13,1,20,481,20481,31,2004,2GCEK19N0413,2,G,C,E,K,1,9,N,0,4,1,3,0,T,CHEV,SK1,4C,4,17,,2,0,1435,SIL,G,,0,0,000000000,00000000000,0,0,0,1,0,0,0,0,0,0,0,998,0,0,0,3,3,6,2,42,0,0,0,1,13,31557,6,1,0,0,3,0,67,265,98,0,0,1,1,7,2009,9,2009,1,58,29,0,0,1,2,50,3,1,8,1,0,0,14,6,6,4,4,7,1,1
13,130204,1,2,1,21,2,19,38,12,1,1,0,13,1,12,880,12880,67,2004,1FTWX32PX4EC,1,F,T,W,X,3,2,P,X,4,E,C,0,T,FORD,F3D,4C,4,17,,3,0,1580,DRW,D,,0,88,888888888,88888888888,2,1,96,1,0,0,0,0,0,0,0,998,0,0,0,12,12,6,2,12,0,0,0,1,13,31525,6,1,0,0,3,0,72,300,98,0,0,0,0,0,0,0,0,0,26,0,0,0,2,2,55,1,6,8,1,0,0,1,52,1,1,1,28,1,0
13,130204,2,2,1,21,2,19,38,12,1,1,0,13,3,89,881,89881,66,1995,4V1WDBJF7SN6,4,V,1,W,D,B,J,F,7,S,N,6,1,T,WHGM,WIA,DS,95,17,,8,0,0,ARO,D,,1,57,1284357,571284357,3,6,1,1,0,0,0,0,0,0,0,998,0,0,0,6,6,4,1,12,0,0,0,1,13,30473,6,1,6,0,3,0,71,220,98,0,0,0,1,6,2007,6,2007,0,0,0,0,0,2,2,55,1,6,8,1,0,0,2,53,1,1,1,29,0,0
13,130205,1,1,7,26,2,2,56,24,0,1,0,13,2,12,481,12481,31,2001,1FTRW07L41KF,1,F,T,R,W,0,7,L,4,1,K,F,0,T,FORD,F1S,CW,1,17,,2,0,1385,COF,G,,0,0,000000000,00000000000,0,0,0,1,0,0,0,0,0,0,0,998,0,1,2,11,11,6,2,31,0,0,0,1,9,6447,6,1,0,0,3,0,999,999,98,1,0,1,0,1,2009,1,2009,0,29,0,0,0,3,2,55,3,1,1,1,0,0,14,12,99,9,4,7,1,0
13,130206,1,2,2,27,2,7,50,12,6,1,0,92,0,18,7,18007,4,2000,2G4WS52J6Y12,2,G,4,W,S,5,2,J,6,Y,1,2,0,P,BUIC,CCU,4D,0,17,3368,,0,1090,,G,,0,0,000000000,00000000000,0,0,0,1,0,0,0,0,0,0,0,998,0,0,0,9,0,6,2,12,0,0,0,1,13,30815,6,1,0,0,3,0,63,158,98,0,0,0,0,0,0,0,0,0,38,0,0,0,1,2,40,1,2,2,1,20,3,1,15,1,1,1,89,1,0
13,130206,2,2,2,27,2,7,50,12,6,1,0,13,2,12,481,12481,31,1994,1FTHX25M0RKB,1,F,T,H,X,2,5,M,0,R,K,B,0,T,FORD,F25,PS,94,17,,2,0,1550,COF,D,,0,0,000000000,00000000000,0,0,0,1,0,0,0,0,0,0,0,998,0,0,0,12,12,6,2,12,0,0,0,1,13,31407,6,1,5,0,3,3,68,145,98,0,0,1,0,6,2007,6,2007,0,0,0,0,0,1,4,45,1,2,2,1,0,0,1,17,4,2,1,88,0,0
13,130207,1,1,1,6,3,3,9,8,0,1,1,99,9,99,999,99999,99,9999,999999999999,9,9,9,9,9,9,9,9,9,9,9,9,0,U,,,,9,17,,,,,,,,0,0,000000000,00000000000,0,0,0,1,0,0,0,0,0,0,0,998,0,0,0,99,99,9,1,8,0,0,0,1,99,99999,9,9,99,9,9,9,999,999,99,99,99,99,99,99,9999,99,9999,9,28,86,0,0,9,9,99,9,9,9,99,0,0,99,99,99,9,9,13,0,0
13,130208,1,1,1,11,3,12,0,25,0,1,0,13,1,63,34,63034,4,2003,KNAGD126X352,K,N,A,G,D,1,2,6,X,3,5,2,0,P,KIA,OLS,4D,3,17,3281,,0,1063,,G,,0,0,000000000,00000000000,0,0,0,1,0,0,0,0,0,0,0,998,0,0,0,12,12,6,2,25,0,0,0,1,13,30134,6,1,0,0,3,0,65,280,98,0,0,0,0,0,0,0,0,0,29,0,0,0,3,3,60,1,1,8,1,0,0,1,12,99,4,4,7,1,0
13,130209,1,1,1,12,3,19,32,8,0,1,0,13,1,12,481,12481,31,1997,1FTDX1767VNB,1,F,T,D,X,1,7,6,7,V,N,B,0,T,FORD,F15,3C,97,17,,1,1570,1390,COF,G,,0,0,000000000,00000000000,0,0,0,1,0,0,0,0,0,0,0,998,0,0,0,12,12,4,1,8,0,0,0,1,13,30233,6,1,6,0,3,0,76,230,98,0,0,0,1,9,2007,9,2007,0,86,0,0,0,1,2,45,1,2,2,1,0,0,1,80,1,1,1,13,0,0
13,130210,1,2,2,13,3,16,51,12,2,1,0,13,1,20,481,20481,31,2008,3GCEC13J98G2,3,G,C,E,C,1,3,J,9,8,G,2,0,T,CHEV,SC1,CW,8,17,,2,0,1435,SIL,G,,0,0,000000000,00000000000,0,0,0,1,0,0,0,0,0,0,0,998,0,1,1,12,12,6,2,12,0,0,0,1,13,30180,6,1,0,0,3,3,70,140,98,0,0,0,0,0,0,0,0,0,51,91,0,0,3,4,60,1,1,2,1,0,0,1,54,4,2,2,50,0,1
13,130210,2,2,1,13,3,16,51,12,2,1,0,1,2,52,35,52035,2,2000,JA3AY11A4YU0,J,A,3,A,Y,1,1,A,4,Y,U,0,0,P,MITS,MDE,2D,0,17,2183,,0,951,,G,,0,0,000000000,00000000000,0,0,0,1,0,0,0,0,0,0,0,998,0,0,0,12,12,6,2,12,0,0,0,1,1,35803,1,1,0,0,2,0,60,175,1,2,0,1,0,10,2007,3,2010,0,0,0,0,0,3,4,60,1,2,2,1,0,0,1,54,99,1,1,51,1,0
13,130211,1,1,1,17,3,17,14,8,0,1,0,13,1,7,482,7482,31,2000,1B7HF16Y1YS5,1,B,7,H,F,1,6,Y,1,Y,S,5,0,T,DODG,150,PK,0,17,,2,1347,1187,RPC,G,,0,0,000000000,00000000000,0,0,0,1,0,0,0,0,0,0,0,998,0,0,0,12,12,6,2,8,0,0,0,1,13,30809,6,1,0,0,3,0,67,165,98,2,0,1,0,9,2007,10,2009,1,26,91,86,0,1,2,45,1,1,2,2,0,0,17,13,7,1,4,13,0,0
13,130212,1,2,3,19,3,7,42,12,6,1,0,13,1,20,37,20037,4,2004,1G1ZU54894F2,1,G,1,Z,U,5,4,8,9,4,F,2,0,P,CHEV,MLT,4D,4,17,3315,,0,1063,,G,,0,0,000000000,00000000000,0,0,0,1,0,0,0,0,0,0,0,998,0,0,0,9,9,6,2,12,0,0,0,1,13,31569,6,1,0,0,3,0,62,110,98,0,0,1,0,2,2009,2,2009,0,38,0,0,0,1,2,35,1,1,8,1,20,3,11,15,1,1,1,82,2,0
13,130212,2,2,3,19,3,7,42,12,6,1,0,13,2,12,881,12881,61,1999,1FDXW46F5XEC,1,F,D,X,W,4,6,F,5,X,E,C,0,T,FORD,F4D,CB,99,17,,4,0,1760,DRW,D,,0,88,888888888,88888888888,2,1,1,1,0,0,0,0,0,0,0,998,0,0,0,12,12,6,2,12,0,0,0,1,12,30240,6,1,0,0,3,0,68,999,0,0,0,0,1,3,2010,3,2010,0,0,0,0,0,1,2,55,1,1,8,1,0,0,1,17,4,2,1,83,0,0
13,130213,1,1,1,20,3,19,25,42,0,1,0,13,1,72,706,72706,80,1997,1HD1FCR10VY6,1,H,D,1,F,C,R,1,0,V,Y,6,0,M,HD,FLU,RS,97,17,,,,,,,1340,0,0,000000000,00000000000,0,0,0,1,0,0,0,0,0,0,0,998,0,0,0,12,12,6,2,42,0,0,0,1,13,31087,6,1,0,0,3,3,71,175,98,0,0,0,0,0,0,0,0,0,29,0,0,0,1,2,25,1,1,8,1,0,0,1,12,99,9,4,7,1,0
13,130214,1,1,1,21,3,4,13,10,0,1,0,13,1,23,401,23401,14,2000,1GKCS13W2Y21,1,G,K,C,S,1,3,W,2,Y,2,1,0,T,GMC,JMY,4W,0,17,,1,0,1070,JMY,G,,0,0,000000000,00000000000,0,0,0,1,0,0,0,0,0,0,0,998,0,1,6,2,2,6,2,10,0,0,0,1,13,30830,6,1,0,0,3,0,72,175,98,0,0,0,0,0,0,0,0,0,38,0,0,0,1,2,30,1,5,8,1,65,3,1,98,10,1,2,98,1,0
13,130215,1,1,1,24,3,22,16,34,0,1,0,13,1,23,481,23481,31,1996,1GTEC14W2TZ5,1,G,T,E,C,1,4,W,2,T,Z,5,0,T,GMC,SC1,PK,96,17,,2,1315,1175,SIE,G,,0,0,000000000,00000000000,0,0,0,1,0,0,0,0,0,0,0,998,0,1,2,12,6,6,2,1,32,0,0,1,13,31069,6,1,0,0,3,0,73,210,98,0,0,0,0,0,0,0,0,1,29,58,0,0,6,1,70,1,1,8,1,0,0,16,6,9,3,4,2,1,1