STATE,ST_CASE,VEH_NO,VE_FORMS,NUMOCCS,DAY,MONTH,HOUR,MINUTE,HARM_EV,MAN_COLL,UNITTYPE,HIT_RUN,REG_STAT,OWNER,MAKE,MODEL,MAK_MOD,BODY_TYP,MOD_YEAR,VIN,VIN_1,VIN_2,VIN_3,VIN_4,VIN_5,VIN_6,VIN_7,VIN_8,VIN_9,VIN_10,VIN_11,VIN_12,TOW_VEH,VINTYPE,VINMAKE,VINA_MOD,VIN_BT,VINMODYR,VIN_LNGT,VIN_WGT,WGTCD_TR,WHLBS_LG,WHLBS_SH,SER_TR,FUELCODE,MCYCL_DS,J_KNIFE,MCARR_I1,MCARR_I2,MCARR_ID,GVWR,V_CONFIG,CARGO_BT,HAZ_INV,HAZ_PLAC,HAZ_ID,HAZ_CNO,HAZ_REL,BUS_USE,SPEC_USE,EMER_USE,TRAV_SP,UNDERIDE,ROLLOVER,ROLINLOC,IMPACT1,IMPACT2,DEFORMED,TOWED,M_HARM,VEH_SC1,VEH_SC2,FIRE_EXP,DR_PRES,L_STATE,DR_ZIP,L_STATUS,L_TYPE,CDL_STAT,L_ENDORS,L_COMPL,L_RESTRI,DR_HGT,DR_WGT,PREV_ACC,PREV_SUS,PREV_DWI,PREV_SPD,PREV_OTH,FIRST_MO,FIRST_YR,LAST_MO,LAST_YR,SPEEDREL,DR_SF1,DR_SF2,DR_SF3,DR_SF4,VTRAFWAY,VNUM_LAN,VSPD_LIM,VALIGN,VPROFILE,VPAVETYP,VSURCOND,VTRAFCON,VTCONT_F,P_CRASH1,P_CRASH2,P_CRASH3,PCRASH4,PCRASH5,ACC_TYPE,DEATHS,DR_DRINK
13,130216,1,2,1,25,3,14,28,12,2,1,0,13,1,54,35,54035,4,1999,19UUA5642XA0,1,9,U,U,A,5,6,4,2,X,A,0,0,P,ACUR,32T,4D,99,17,3447,,0,1081,,G,,0,0,000000000,00000000000,0,0,0,1,0,0,0,0,0,0,0,998,0,0,0,12,12,6,2,12,0,0,0,1,13,30269,6,1,0,0,3,3,72,208,98,0,0,0,0,0,0,0,0,0,38,0,0,0,2,2,45,1,1,2,1,3,3,11,15,99,9,2,68,1,0
13,130216,2,2,2,25,3,14,28,12,2,1,0,13,1,49,401,49401,14,2008,JTEZU14RX8K0,J,T,E,Z,U,1,4,R,X,8,K,0,0,P,TOYT,RUN,UT,8,17,4045,,0,1098,,G,,0,0,000000000,00000000000,0,0,0,1,0,0,0,0,0,0,0,998,0,0,0,12,12,6,2,12,0,0,0,1,13,30265,6,1,0,0,3,0,60,103,98,0,0,1,0,1,2010,1,2010,0,0,0,0,0,2,2,45,1,1,2,1,3,3,1,17,99,1,1,69,0,0
13,130217,1,1,4,26,3,21,30,1,0,1,0,13,2,23,431,23431,16,1995,3GKEC16K1SG5,3,G,K,E,C,1,6,K,1,S,G,5,0,T,GMC,SUB,4W,95,17,,2,0,1315,C15,G,,0,0,000000000,00000000000,0,0,0,1,0,0,0,0,0,0,0,998,0,2,1,0,0,6,2,1,0,0,0,1,13,30501,6,7,0,0,3,0,66,152,98,0,0,0,0,0,0,0,0,0,28,0,0,0,1,2,40,2,2,2,1,0,0,14,9,9,3,2,98,1,0
13,130218,1,2,3,26,3,16,39,12,2,1,0,13,1,22,2,22002,4,2001,1G2HX54K4141,1,G,2,H,X,5,4,K,4,1,4,1,0,P,PONT,BVS,4D,1,17,3633,,0,1122,,G,,0,0,000000000,00000000000,0,0,0,1,0,0,0,0,0,0,0,998,0,0,0,12,12,6,2,12,0,0,0,1,12,33463,6,1,0,0,3,3,67,999,0,0,0,1,0,1,2010,1,2010,1,28,36,0,0,1,3,45,2,5,8,1,0,0,14,10,99,1,2,50,1,0
13,130218,2,2,1,26,3,16,39,12,2,1,0,13,2,55,401,55401,14,2009,5NMSG13D49H2,5,N,M,S,G,1,3,D,4,9,H,2,0,P,HYUN,SAN,UT,9,17,3727,,0,1063,,G,,0,0,000000000,00000000000,0,0,0,1,0,0,0,0,0,0,0,998,0,0,0,12,12,6,2,12,32,0,0,1,13,31830,6,1,6,0,3,3,69,180,98,0,0,0,0,0,0,0,0,0,0,0,0,0,1,2,55,3,6,8,1,0,0,14,62,7,1,2,51,0,0
13,130219,1,2,2,27,3,10,32,12,6,1,0,13,2,37,31,37031,4,1997,2HGEJ6679VH5,2,H,G,E,J,6,6,7,9,V,H,5,0,P,HOND,UCL,4D,97,17,2426,,0,1032,,G,,0,0,000000000,00000000000,0,0,0,1,0,0,0,0,0,0,0,998,0,0,0,3,3,0,3,12,0,0,0,1,13,30605,6,1,0,0,3,3,70,172,98,0,0,0,0,0,0,0,0,0,38,0,0,0,2,2,45,1,1,2,1,3,3,11,15,99,1,2,68,1,0
13,130219,2,2,3,27,3,10,32,12,6,1,0,13,1,49,40,49040,4,2009,4T1BE46K59U8,4,T,1,B,E,4,6,K,5,9,U,8,0,P,TOYT,CBA,4D,9,17,3263,,0,1090,,G,,0,0,000000000,00000000000,0,0,0,1,0,0,0,0,0,0,0,998,0,0,0,12,12,6,2,12,0,0,0,1,13,30605,6,1,0,0,3,3,65,160,98,0,0,0,0,0,0,0,0,0,0,0,0,0,2,2,45,1,1,2,1,3,3,1,17,99,1,1,69,0,0
13,130220,1,1,2,28,3,22,30,42,0,1,0,12,1,41,441,41441,20,2006,JM1CR2934601,J,M,1,C,R,2,9,3,4,6,0,1,0,P,MAZD,MA5,4H,6,17,3333,,0,1080,,G,,0,0,000000000,00000000000,0,0,0,1,0,0,0,0,0,0,0,998,0,0,0,9,9,6,2,42,0,0,0,1,12,33770,1,1,0,0,2,0,75,999,0,4,0,1,0,10,2007,5,2009,1,37,29,58,36,3,3,70,1,1,8,1,0,0,1,13,9,3,4,2,2,0
13,130221,1,2,1,28,3,19,13,12,11,1,0,13,2,20,10,20010,2,1985,1G1GZ37H4FR1,1,G,1,G,Z,3,7,H,4,F,R,1,0,P,CHEV,MOC,CP,85,17,3046,,0,1081,,G,,0,0,000000000,00000000000,0,0,0,1,0,0,0,0,0,0,0,998,0,0,0,8,8,4,3,12,0,0,0,1,13,30901,6,1,0,0,3,0,66,180,98,1,0,0,1,1,2008,2,2010,0,38,48,91,0,2,2,45,1,2,2,1,0,0,12,10,99,1,2,98,0,0
13,130221,2,2,1,28,3,19,13,12,11,1,0,92,0,53,706,53706,80,2003,JS1VT54A9321,J,S,1,V,T,5,4,A,9,3,2,1,0,M,SUZI,SK3,RS,3,17,,,,,,,996,0,0,000000000,00000000000,0,0,0,1,0,0,0,0,0,0,0,998,0,0,0,3,3,6,2,12,0,0,0,1,13,30909,1,1,0,0,2,1,73,205,98,1,0,0,0,2,2010,2,2010,0,0,0,0,0,2,2,45,1,2,2,1,0,0,1,55,8,2,2,98,1,0
13,130222,1,1,2,28,3,23,24,34,0,1,0,13,1,35,47,35047,4,2002,1N4BL11D42C1,1,N,4,B,L,1,1,D,4,2,C,1,0,P,NISS,ABE,4D,2,17,3099,,0,1102,,G,,0,0,000000000,00000000000,0,0,0,1,0,0,0,0,0,0,0,998,0,0,0,8,6,6,2,42,0,0,0,1,13,31501,6,1,0,0,3,0,68,98,98,0,0,0,0,0,0,0,0,0,87,28,0,0,2,2,65,1,1,8,2,0,0,1,5,99,3,4,2,1,0
13,130223,1,1,1,17,3,20,24,34,0,1,0,49,3,85,881,85881,66,2010,1XKAD49X0AJ2,1,X,K,A,D,4,9,X,0,A,J,2,1,T,KW,T60,DS,10,17,,8,2600,1600,CON,D,,1,57,097586,57097586,3,6,2,2,2,2187,2,2,0,0,0,998,0,0,0,12,12,0,3,34,0,0,0,1,13,30901,6,1,6,3,3,0,65,290,98,0,0,0,0,0,0,0,0,0,0,0,0,0,2,2,55,1,6,2,2,0,0,1,13,1,1,4,1,1,0
13,130224,1,2,1,1,4,7,40,12,6,1,0,13,2,20,421,20421,15,2005,1GNEC13T95R2,1,G,N,E,C,1,3,T,9,5,R,2,0,P,CHEV,CTA,UT,5,17,4975,,0,1160,,G,,0,0,000000000,00000000000,0,0,0,1,0,0,0,0,0,0,0,998,0,0,0,12,11,6,2,12,0,0,0,1,13,31049,6,2,0,0,3,0,67,165,98,0,0,0,0,0,0,0,0,0,39,0,0,0,2,2,55,1,1,2,1,3,3,1,17,1,1,1,86,1,0
13,130224,2,2,1,1,4,7,40,12,6,1,0,93,3,82,881,82881,66,2000,1FUYDSEB1YLG,1,F,U,Y,D,S,E,B,1,Y,L,G,1,T,FRHT,FLD,DS,0,17,,8,0,0,CON,D,,1,57,520844,57520844,3,6,1,1,0,0,0,0,0,0,0,998,0,0,0,2,11,6,2,12,0,0,0,1,13,31519,6,1,6,9,3,0,70,190,98,0,0,0,1,3,2010,3,2010,0,0,0,0,0,1,3,45,1,1,2,1,3,3,1,66,6,1,1,87,0,0
13,130225,1,1,1,1,4,17,13,1,0,1,0,13,1,21,1,21001,2,1981,1G3AR47A8BG4,1,G,3,A,R,4,7,A,8,B,G,4,0,P,OLDS,CSU,CP,81,17,3137,,0,1081,,G,,0,0,000000000,00000000000,0,0,0,1,0,0,0,0,0,0,0,998,0,1,6,0,12,6,2,1,0,0,0,1,13,31709,6,1,0,0,3,0,74,210,98,0,0,0,0,0,0,0,0,1,79,0,0,0,1,2,35,1,1,5,1,0,0,1,6,1,1,4,1,1,0
13,130226,1,1,2,3,4,17,23,42,0,1,0,13,2,12,422,12422,15,1999,1FMRU17L6XLA,1,F,M,R,U,1,7,L,6,X,L,A,0,P,FORD,EPT,UT,99,17,4808,,0,1191,,G,,0,0,000000000,00000000000,0,0,0,1,0,0,0,0,0,0,0,998,0,0,0,2,2,6,2,42,0,0,0,1,13,30014,6,1,5,0,3,0,64,135,98,4,2,0,0,1,2009,5,2009,1,0,0,0,0,1,2,25,2,2,2,1,0,0,14,6,1,2,4,2,1,0
13,130227,1,1,2,3,4,22,25,35,0,1,0,13,1,7,41,7041,4,1999,2B3HD56RXXH7,2,B,3,H,D,5,6,R,X,X,H,7,0,P,DODG,IES,4D,99,17,3435,,0,1130,,G,,0,0,000000000,00000000000,0,0,0,1,0,0,0,0,0,0,0,998,0,1,6,1,98,6,2,1,0,0,0,1,13,30165,6,1,0,0,3,0,70,152,98,0,0,1,0,5,2009,5,2009,1,91,0,0,0,1,2,40,1,2,2,1,0,0,1,13,1,1,4,1,1,1
13,130228,1,3,1,4,4,1,29,12,1,1,0,13,1,53,705,53705,80,2002,JS1GN7BA8221,J,S,1,G,N,7,B,A,8,2,2,1,0,M,SUZI,G60,RS,2,17,,,,,,,599,0,0,000000000,00000000000,0,0,0,1,0,0,0,0,0,0,0,998,0,0,0,6,6,4,3,12,0,0,0,1,13,30223,6,1,0,0,3,0,69,150,98,1,1,1,3,5,2007,10,2009,0,27,0,0,0,3,4,65,1,1,2,1,0,0,15,11,2,1,2,32,1,0
13,130228,2,3,1,4,4,1,29,12,1,1,0,13,1,37,706,37706,80,2004,JH2SC57044M0,J,H,2,S,C,5,7,0,4,4,M,0,0,M,HOND,CBS,RS,4,17,,,,,,,998,0,0,000000000,00000000000,0,0,0,1,0,0,0,0,0,0,0,998,0,0,0,6,6,4,3,12,0,0,0,1,13,30223,6,1,6,0,3,0,67,170,98,0,0,0,0,0,0,0,0,0,0,0,0,0,3,4,65,1,1,2,1,0,0,1,53,1,1,1,98,0,0
13,130228,3,3,2,4,4,1,29,12,1,1,0,13,1,22,16,22016,4,1998,1G2JB5246W75,1,G,2,J,B,5,2,4,6,W,7,5,0,P,PONT,SFS,4D,98,17,2674,,0,1041,,G,,0,0,000000000,00000000000,0,0,0,1,0,0,0,0,0,0,0,998,0,0,0,12,12,2,3,12,0,0,0,1,13,30354,6,1,0,0,3,0,63,137,98,0,0,0,0,0,0,0,0,0,0,0,0,0,3,4,55,1,1,2,1,0,0,1,51,2,1,1,32,0,0
13,130229,1,2,1,5,4,11,53,12,1,1,0,13,3,82,881,82881,63,2004,1FVHCYAK94HM,1,F,V,H,C,Y,A,K,9,4,H,M,0,T,FRHT,16M,TM,4,17,,8,0,0,FM2,D,,0,57,00678654,5700678654,3,2,1,1,0,0,0,0,0,0,0,998,0,0,0,12,12,4,3,12,0,0,0,1,13,30808,6,1,6,0,3,0,64,200,98,0,0,0,0,0,0,0,0,0,26,91,0,0,1,2,55,1,1,2,1,0,0,1,50,1,1,1,20,0,0
13,130229,2,2,2,5,4,11,53,12,1,1,0,13,1,20,16,20016,2,2000,1G1JC1248Y71,1,G,1,J,C,1,2,4,8,Y,7,1,0,P,CHEV,CAV,CP,0,17,2617,,0,1041,,G,,0,0,000000000,00000000000,0,0,0,1,0,0,0,0,0,0,0,0,0,0,0,6,6,6,2,12,0,0,0,1,13,30815,6,1,0,0,3,3,67,120,98,0,0,0,0,0,0,0,0,0,0,0,0,0,1,2,55,1,1,2,1,0,0,5,53,1,1,1,21,1,0
13,130230,1,1,1,6,4,10,54,43,0,1,0,13,2,12,401,12401,14,2001,1FMYU70E01UB,1,F,M,Y,U,7,0,E,0,1,U,B,0,P,FORD,EPR,UT,1,17,3959,,0,1018,,G,,0,0,000000000,00000000000,0,0,0,1,0,0,0,0,0,0,0,998,0,1,6,12,81,6,2,1,0,0,0,1,13,30680,6,1,0,0,3,0,66,224,98,2,0,1,3,5,2007,12,2009,0,0,0,0,0,1,2,55,1,2,2,1,0,0,1,13,1,1,4,1,1,0
13,130231,1,2,1,6,4,8,19,12,7,1,0,13,2,2,403,2403,14,2000,1J4FA29P8YP7,1,J,4,F,A,2,9,P,8,Y,P,7,0,T,JEEP,SEW,2W,0,17,,1,0,934,W/T,G,,0,0,000000000,00000000000,0,0,0,1,0,0,0,0,0,0,0,998,0,1,1,1,98,4,3,1,0,0,0,1,13,31406,6,2,0,0,3,0,70,220,98,0,0,0,0,0,0,0,0,0,27,0,0,0,2,2,55,1,1,2,1,0,0,15,11,1,1,2,46,1,0
13,130231,2,2,1,6,4,8,19,12,7,1,0,13,2,51,49,51049,3,2008,YV1MK6721820,Y,V,1,M,K,6,7,2,1,8,2,0,0,P,VOLV,30T,2H,8,17,2970,,0,1039,,G,,0,0,000000000,00000000000,0,0,0,1,0,0,0,0,0,0,0,0,0,0,0,7,7,4,3,12,0,0,0,1,34,8853,6,1,0,0,3,0,62,999,0,0,0,1,0,11,2008,11,2008,0,0,0,0,0,2,2,55,1,1,2,1,0,0,5,61,1,1,1,45,0,0
13,130232,1,2,2,29,3,14,15,12,2,1,0,13,2,7,25,7025,5,2008,1B3HB28B98D7,1,B,3,H,B,2,8,B,9,8,D,7,0,P,DODG,CLB,4D,8,17,2966,,0,1037,,G,,0,0,000000000,00000000000,0,0,0,1,0,0,0,0,0,0,0,998,0,0,0,12,12,6,2,12,0,0,0,1,13,30179,6,2,0,0,3,0,70,145,98,0,0,0,0,0,0,0,0,0,28,0,0,0,1,2,50,1,6,8,1,0,0,1,10,1,1,2,50,0,0
13,130232,2,2,4,29,3,14,15,12,2,1,0,13,2,35,43,35043,4,2005,3N1CB51D35L4,3,N,1,C,B,5,1,D,3,5,L,4,0,P,NISS,S18,4D,5,17,2387,,0,998,,G,,0,0,000000000,00000000000,0,0,0,1,0,0,0,0,0,0,0,998,0,0,0,12,12,6,2,12,0,0,0,1,13,30180,6,1,0,0,3,0,61,101,98,0,0,0,1,1,2009,1,2009,0,0,0,0,0,1,2,50,1,6,8,1,0,0,1,62,1,1,1,51,1,0
13,130233,1,1,2,30,3,15,48,32,0,1,0,13,1,18,2,18002,4,2005,1G4HP52K15U2,1,G,4,H,P,5,2,K,1,5,U,2,0,P,BUIC,LCF,4D,5,17,3567,,0,1122,,G,,0,0,000000000,00000000000,0,0,0,1,0,0,0,0,0,0,0,998,0,1,2,2,9,6,2,32,32,0,0,1,13,30828,6,1,0,0,3,3,70,195,98,0,0,0,0,0,0,0,0,0,29,0,0,0,1,2,55,3,1,8,1,0,0,14,13,8,4,4,2,1,0
13,130234,1,1,4,4,1,13,43,30,0,1,0,13,1,63,34,63034,4,2006,KNAGD1264654,K,N,A,G,D,1,2,6,4,6,5,4,0,P,KIA,OLE,4D,6,17,3279,,0,1063,,G,,0,0,000000000,00000000000,0,0,0,1,0,0,0,0,0,0,0,998,0,0,0,12,12,6,2,14,32,0,0,1,13,31904,6,1,0,0,3,0,69,237,98,0,0,1,2,11,2007,11,2008,0,29,0,0,0,1,4,35,1,1,2,1,0,0,1,12,1,9,4,7,1,0
13,130235,1,1,3,2,4,20,53,8,0,1,0,13,1,20,431,20431,16,1995,3GNEC16KXSG1,3,G,N,E,C,1,6,K,X,S,G,1,0,P,CHEV,C15,UT,95,17,4691,,0,1315,,G,,0,0,000000000,00000000000,0,0,0,1,0,0,0,0,0,0,0,998,0,0,0,1,1,4,1,8,0,0,0,1,13,31771,1,1,0,0,2,3,65,175,98,3,0,0,0,1,2008,12,2009,0,86,0,0,0,1,2,55,1,1,8,1,0,0,1,80,99,1,1,13,0,0
13,130236,1,1,2,3,4,2,46,42,0,1,0,13,1,7,24,7024,4,2009,2B3KA43D49H5,2,B,3,K,A,4,3,D,4,9,H,5,0,P,DODG,CHA,4D,9,17,3820,,0,1200,,G,,0,0,000000000,00000000000,0,0,0,1,0,0,0,0,0,0,0,998,0,0,0,12,12,6,2,2,0,0,1,1,13,31030,6,1,0,0,3,0,69,190,98,0,0,1,0,1,2010,1,2010,0,0,0,0,0,1,2,55,1,1,8,1,0,0,1,13,99,9,4,1,2,1
13,130237,1,2,1,3,4,20,44,12,2,1,0,13,1,20,23,20023,6,2008,3GNDA13D88S6,3,G,N,D,A,1,3,D,8,8,S,6,0,P,CHEV,HHR,UT,8,17,3155,,0,1035,,G,,0,0,000000000,00000000000,0,0,0,1,0,0,0,0,0,0,0,998,0,0,0,12,12,6,2,12,0,0,0,1,13,30533,6,1,0,0,3,0,64,250,98,0,0,0,0,0,0,0,0,0,28,0,0,0,1,2,55,2,2,2,1,0,0,14,10,99,1,2,50,1,0
13,130237,2,2,1,3,4,20,44,12,2,1,0,13,2,12,422,12422,15,2001,1FMRU15W71LB,1,F,M,R,U,1,5,W,7,1,L,B,0,P,FORD,EPT,UT,1,17,4886,,0,1191,,G,,0,0,000000000,00000000000,0,0,0,1,0,0,0,0,0,0,0,998,0,0,0,12,12,6,2,12,0,0,0,1,13,30041,0,0,0,0,0,0,999,999,98,0,0,0,0,0,0,0,0,0,0,0,0,0,1,2,55,3,2,2,1,0,0,14,62,7,1,2,51,0,0
13,130238,1,1,1,3,4,3,34,31,0,1,0,13,1,12,481,12481,31,2001,1FTRX07LX1KA,1,F,T,R,X,0,7,L,X,1,K,A,0,T,FORD,F15,4C,1,17,,2,0,1385,COF,G,,0,0,000000000,00000000000,0,0,0,1,0,0,0,0,0,0,0,998,0,1,5,12,12,6,2,1,0,0,1,1,13,30705,0,0,0,0,0,0,999,999,98,0,0,0,0,0,0,0,0,1,29,0,0,0,1,2,45,3,2,2,1,0,0,14,13,99,9,4,2,1,1
13,130239,1,1,1,5,4,13,55,34,0,1,0,13,1,35,473,35473,31,2005,1N6BA07A35N5,1,N,6,B,A,0,7,A,3,5,N,5,0,T,NISS,TXS,CW,5,17,,2,0,1398,TTN,F,,0,0,000000000,00000000000,0,0,0,1,0,0,0,0,0,0,0,998,0,1,2,14,7,6,2,1,0,0,0,1,13,31065,6,1,0,0,3,0,74,208,98,0,0,0,1,4,2009,4,2009,0,58,29,0,0,1,2,55,2,3,8,1,0,0,14,12,8,4,4,2,1,0
13,130240,1,2,1,7,4,0,32,12,2,1,0,13,1,49,51,49051,3,2007,JTDJT9235751,J,T,D,J,T,9,2,3,5,7,5,1,0,P,TOYT,YAR,2H,7,17,2290,,0,969,,G,,0,0,000000000,00000000000,0,0,0,1,0,0,0,0,0,0,0,998,0,0,0,12,12,6,2,12,0,0,0,1,13,30461,6,1,0,0,3,0,65,170,98,2,1,0,1,1,2008,1,2008,0,28,0,0,0,1,2,55,1,1,2,1,0,0,1,10,1,1,1,52,1,1
13,130240,2,2,1,7,4,0,32,12,2,1,0,93,1,85,881,85881,66,1995,1XKBDS9X9SS6,1,X,K,B,D,S,9,X,9,S,S,6,1,T,KW,T40,DS,95,17,,8,0,1600,CON,D,,1,57,1092264,571092264,3,6,1,1,0,0,0,0,0,0,0,998,0,0,0,12,12,6,2,12,0,0,0,1,13,31302,6,1,6,0,3,0,73,225,98,0,0,1,0,2,2010,2,2010,0,0,0,0,0,1,2,55,1,1,2,1,0,0,1,54,99,1,1,52,0,0
13,130241,1,1,1,7,4,11,20,34,0,1,0,13,1,14,6,14006,4,1997,2MELM74W8VX6,2,M,E,L,M,7,4,W,8,V,X,6,0,P,MERC,GMG,4D,97,17,3792,,0,1144,,G,,0,0,000000000,00000000000,0,0,0,1,0,0,0,0,0,0,0,998,0,0,0,12,12,4,3,34,0,0,0,1,13,30711,6,1,0,0,3,3,64,140,98,0,0,0,0,0,0,0,0,0,29,0,0,0,1,2,55,1,1,2,1,0,0,1,13,99,9,4,7,1,0
13,130242,1,1,1,8,4,14,42,35,0,1,0,13,2,63,33,63033,4,2002,KNAFB1217251,K,N,A,F,B,1,2,1,7,2,5,1,0,P,KIA,STL,4D,2,17,2661,,0,1008,,G,,0,0,000000000,00000000000,0,0,0,1,0,0,0,0,0,0,0,998,0,0,0,14,6,6,2,42,0,0,0,1,13,30121,6,1,0,0,3,0,60,124,98,0,0,0,0,0,0,0,0,0,87,58,29,0,1,2,55,1,1,2,6,0,0,1,5,4,2,4,7,1,0
13,130243,1,1,1,8,4,12,45,38,0,1,0,13,3,55,36,55036,3,2004,KMHCF35C74U3,K,M,H,C,F,3,5,C,7,4,U,3,0,P,HYUN,ACL,2H,4,17,2280,,0,961,,G,,0,0,000000000,00000000000,0,0,0,1,0,0,0,0,0,0,0,998,0,0,0,12,12,6,2,38,0,0,0,1,13,30043,6,1,0,0,3,0,68,195,98,0,0,1,3,10,2007,2,2010,0,29,0,0,0,1,2,35,1,1,9,1,0,0,1,8,1,1,4,1,1,0
13,130244,1,2,1,8,4,10,43,12,6,1,0,93,3,82,881,82881,63,2006,1FVACXDC86HW,1,F,V,A,C,X,D,C,8,6,H,W,0,T,FRHT,16M,CC,6,17,,7,0,0,FM2,D,,0,57,384261,57384261,3,1,1,1,0,0,0,0,0,0,0,998,0,0,0,12,12,6,2,12,0,0,0,1,13,31701,6,1,6,0,3,3,69,213,98,0,0,1,2,8,2007,2,2010,0,39,0,0,0,2,2,55,1,1,2,2,3,3,1,17,99,9,3,88,0,0
13,130244,2,2,1,8,4,10,43,12,6,1,0,13,1,20,471,20471,30,2003,1GCCS19X0382,1,G,C,C,S,1,9,X,0,3,8,2,0,T,CHEV,S14,3C,3,17,,1,0,1229,S,G,,0,0,000000000,00000000000,0,0,0,1,0,0,0,0,0,0,0,998,0,0,0,9,9,6,2,12,0,0,0,1,13,31716,6,1,0,0,3,0,67,160,98,0,0,0,1,4,2007,4,2007,0,0,0,0,0,2,2,55,1,1,2,2,3,3,1,66,99,9,3,89,1,0
13,130245,1,1,1,9,4,6,17,42,0,1,0,13,1,14,401,14401,14,2001,4M2DU66P01UJ,4,M,2,D,U,6,6,P,0,1,U,J,0,P,MERC,MOU,UT,1,17,3897,,0,1116,,G,,0,0,000000000,00000000000,0,0,0,1,0,0,0,0,0,0,0,998,0,0,0,12,12,6,2,42,0,0,0,1,13,30337,1,1,0,0,2,3,73,158,98,2,1,0,1,6,2009,6,2009,0,29,0,0,0,2,2,55,1,1,2,1,0,0,1,12,4,2,4,7,1,0
13,130246,1,1,1,9,4,15,32,32,0,1,0,13,3,12,881,12881,61,2005,1FDXF46P35EB,1,F,D,X,F,4,6,P,3,5,E,B,0,T,FORD,F4D,CB,5,17,,4,2010,1410,DRW,D,,0,57,367836,57367836,2,1,96,1,0,0,0,0,0,0,0,998,0,0,0,14,12,6,2,42,0,0,0,1,13,31033,6,1,0,0,3,0,72,235,98,0,0,0,0,0,0,0,0,0,29,80,0,0,2,2,70,1,1,8,1,0,0,1,1,4,2,4,2,1,0
13,130247,1,1,2,10,4,0,1,8,0,1,0,13,2,63,402,63402,14,2008,KNDJD7351857,K,N,D,J,D,7,3,5,1,8,5,7,0,P,KIA,SOR,UT,8,17,4068,,0,1067,,G,,0,0,000000000,00000000000,0,0,0,1,0,0,0,0,0,0,0,998,0,0,0,12,12,2,1,8,0,0,0,1,13,30310,6,1,0,0,3,0,75,180,98,2,0,0,3,6,2007,12,2009,0,86,0,0,0,1,5,35,1,2,2,1,0,0,1,80,1,1,1,13,0,0
13,130248,1,3,1,10,4,22,2,12,1,1,1,13,2,12,37,12037,4,2008,1FAHP34N58W2,1,F,A,H,P,3,4,N,5,8,W,2,0,P,FORD,FSN,4D,8,17,2623,,0,1029,,G,,0,0,000000000,00000000000,0,0,0,1,0,0,0,0,0,0,0,998,0,0,0,12,12,4,1,12,0,0,0,1,13,30213,0,0,0,0,0,0,74,245,98,1,0,0,0,2,2009,2,2009,0,28,27,91,0,3,3,60,1,2,2,1,0,0,15,11,99,9,4,32,0,0
13,130248,2,3,1,10,4,22,2,12,1,1,0,13,1,37,709,37709,80,1973,CB5002102292,C,B,5,0,0,2,1,0,2,2,9,2,0,P,,,,,,,,,,,,,0,0,000000000,00000000000,0,0,0,1,0,0,0,0,0,0,0,0,0,0,0,6,6,6,2,12,0,0,0,1,13,30135,6,1,0,0,3,0,70,180,98,0,0,0,0,0,0,0,0,0,0,0,0,0,3,3,60,1,2,2,1,0,0,98,60,1,1,5,32,1,0
13,130248,3,3,1,10,4,22,2,12,1,1,0,13,1,35,39,35039,4,1997,JN1CA21D8VT8,J,N,1,C,A,2,1,D,8,V,T,8,0,P,NISS,MGS,4D,97,17,2886,,0,1063,,G,,0,0,000000000,00000000000,0,0,0,1,0,0,0,0,0,0,0,998,0,0,0,12,12,4,1,12,0,0,0,1,13,30135,6,1,0,0,3,3,75,175,98,0,0,0,0,0,0,0,0,0,0,0,0,0,3,3,60,1,2,2,1,0,0,1,50,99,9,3,98,0,0
13,130249,1,1,1,11,4,16,3,33,0,1,0,13,1,73,706,73706,80,2007,JKAZXCD157A0,J,K,A,Z,X,C,D,1,5,7,A,0,0,M,KAWK,Z1D,RS,7,17,,,,,,,998,0,0,000000000,00000000000,0,0,0,1,0,0,0,0,0,0,0,998,0,0,0,14,8,6,2,33,0,0,0,1,13,30281,1,1,0,0,2,0,72,255,98,2,0,1,2,8,2008,4,2010,0,29,85,0,0,1,4,45,2,1,2,1,0,0,14,78,4,2,4,2,1,0
13,130250,1,3,3,11,4,15,17,12,6,1,0,13,2,14,443,14443,20,2000,4M2XV12T4YDJ,4,M,2,X,V,1,2,T,4,Y,D,J,0,P,MERC,VLR,SV,0,17,3944,,0,1122,,G,,0,0,000000000,00000000000,0,0,0,1,0,0,0,0,0,0,0,998,0,0,0,3,3,6,2,12,0,0,0,1,13,31419,6,1,0,0,3,0,64,260,98,0,0,0,0,0,0,0,0,0,38,0,0,0,2,3,45,1,1,1,1,3,3,11,15,99,9,2,68,1,0
13,130250,2,3,1,11,4,15,17,12,6,1,0,13,2,12,481,12481,31,1999,2FTRX07W0XCA,2,F,T,R,X,0,7,W,0,X,C,A,0,T,FORD,F15,4C,99,17,,2,0,1385,COF,G,,0,0,000000000,00000000000,0,0,0,1,0,0,0,0,0,0,0,998,0,0,0,12,12,6,2,12,0,0,0,1,13,31406,6,1,0,0,3,0,71,175,98,0,0,0,0,0,0,0,0,0,0,0,0,0,2,3,45,1,1,1,1,3,3,1,17,99,1,1,69,0,0