STATE,ST_CASE,VEH_NO,VE_FORMS,NUMOCCS,DAY,MONTH,HOUR,MINUTE,HARM_EV,MAN_COLL,UNITTYPE,HIT_RUN,REG_STAT,OWNER,MAKE,MODEL,MAK_MOD,BODY_TYP,MOD_YEAR,VIN,VIN_1,VIN_2,VIN_3,VIN_4,VIN_5,VIN_6,VIN_7,VIN_8,VIN_9,VIN_10,VIN_11,VIN_12,TOW_VEH,VINTYPE,VINMAKE,VINA_MOD,VIN_BT,VINMODYR,VIN_LNGT,VIN_WGT,WGTCD_TR,WHLBS_LG,WHLBS_SH,SER_TR,FUELCODE,MCYCL_DS,J_KNIFE,MCARR_I1,MCARR_I2,MCARR_ID,GVWR,V_CONFIG,CARGO_BT,HAZ_INV,HAZ_PLAC,HAZ_ID,HAZ_CNO,HAZ_REL,BUS_USE,SPEC_USE,EMER_USE,TRAV_SP,UNDERIDE,ROLLOVER,ROLINLOC,IMPACT1,IMPACT2,DEFORMED,TOWED,M_HARM,VEH_SC1,VEH_SC2,FIRE_EXP,DR_PRES,L_STATE,DR_ZIP,L_STATUS,L_TYPE,CDL_STAT,L_ENDORS,L_COMPL,L_RESTRI,DR_HGT,DR_WGT,PREV_ACC,PREV_SUS,PREV_DWI,PREV_SPD,PREV_OTH,FIRST_MO,FIRST_YR,LAST_MO,LAST_YR,SPEEDREL,DR_SF1,DR_SF2,DR_SF3,DR_SF4,VTRAFWAY,VNUM_LAN,VSPD_LIM,VALIGN,VPROFILE,VPAVETYP,VSURCOND,VTRAFCON,VTCONT_F,P_CRASH1,P_CRASH2,P_CRASH3,PCRASH4,PCRASH5,ACC_TYPE,DEATHS,DR_DRINK
13,130250,3,3,1,11,4,15,17,12,6,1,0,13,1,37,421,37421,15,2007,5FNYF28547B0,5,F,N,Y,F,2,8,5,4,7,B,0,0,P,HOND,PIL,UT,7,17,4356,,0,1063,,G,,0,0,000000000,00000000000,0,0,0,1,0,0,0,0,0,0,0,998,0,0,0,12,12,4,3,12,0,0,0,1,13,31302,6,1,0,0,3,3,66,140,98,0,0,0,0,0,0,0,0,0,0,0,0,0,2,3,45,1,1,1,1,3,3,1,17,99,1,1,98,0,0
13,130251,1,2,1,13,4,10,30,12,2,1,0,13,1,6,43,6043,1,1996,3C3EL45H6TT2,3,C,3,E,L,4,5,H,6,T,T,2,0,P,CHRY,SJX,CV,96,17,3262,,0,1060,,G,,0,0,000000000,00000000000,0,0,0,1,0,0,0,0,0,0,0,998,0,0,0,12,12,6,2,12,0,0,0,1,13,30707,6,1,0,0,3,3,63,107,98,0,0,0,0,0,0,0,0,0,28,0,0,0,1,2,45,1,2,2,1,0,0,1,10,99,1,2,50,1,0
13,130251,2,2,1,13,4,10,30,12,2,1,0,13,2,84,881,84881,62,2000,1HTSCAAL0YH3,1,H,T,S,C,A,A,L,0,Y,H,3,0,T,INTL,470,CC,0,17,,6,2540,1280,40S,D,,0,88,888888888,88888888888,2,1,1,1,0,0,0,0,0,0,0,998,0,0,0,12,12,6,2,12,0,0,0,1,13,30711,6,1,6,0,3,0,72,270,98,0,0,0,0,0,0,0,0,0,0,0,0,0,1,2,45,1,2,2,1,0,0,1,62,2,1,1,51,0,0
13,130252,1,2,1,15,4,7,37,12,6,1,0,8,1,6,43,6043,1,2000,3C3EL55HXYT2,3,C,3,E,L,5,5,H,X,Y,T,2,0,P,CHRY,SJI,CV,0,17,3364,,0,1060,,G,,0,0,000000000,00000000000,0,0,0,1,0,0,0,0,0,0,0,998,0,0,0,12,12,2,3,12,0,0,0,1,99,99999,9,9,99,0,9,9,999,999,99,99,99,99,99,99,9999,99,9999,0,38,0,0,0,1,2,45,1,2,2,1,0,0,11,15,99,1,2,82,0,0
13,130252,2,2,1,15,4,7,37,12,6,1,0,13,2,53,706,53706,80,2006,JS1VY52A6621,J,S,1,V,Y,5,2,A,6,6,2,1,0,M,SUZI,C90,RS,6,17,,,,,,,1462,0,0,000000000,00000000000,0,0,0,1,0,0,0,0,0,0,0,998,0,0,0,9,9,4,3,12,0,0,0,1,13,30277,6,1,0,0,3,1,69,145,98,0,0,0,0,0,0,0,0,0,0,0,0,0,1,2,45,2,1,2,1,0,0,14,67,8,2,2,83,1,0
13,130253,1,1,1,15,4,18,11,33,0,1,0,13,1,35,471,35471,30,1997,1N6SD11S1VC3,1,N,6,S,D,1,1,S,1,V,C,3,0,T,NISS,XES,PK,97,17,,1,0,1043,TRK,G,,0,0,000000000,00000000000,0,0,0,1,0,0,0,0,0,0,0,998,0,0,0,14,12,6,2,30,0,0,0,1,13,31516,6,1,0,0,3,0,74,195,98,0,0,0,0,0,0,0,0,0,29,0,0,0,1,4,35,1,1,2,1,0,0,1,13,99,1,4,1,1,1
13,130254,1,1,1,16,4,2,18,8,0,1,0,13,3,12,16,12016,4,2008,2FAHP71VX8X1,2,F,A,H,P,7,1,V,X,8,X,1,0,P,FORD,CVP,4D,8,17,0,,0,1146,,F,,0,0,000000000,00000000000,0,0,0,1,0,0,0,0,0,5,9,998,0,0,0,12,12,2,9,8,0,0,0,1,13,30038,6,1,0,0,3,0,67,180,98,0,0,0,0,0,0,0,0,0,86,0,0,0,1,4,45,1,2,2,1,0,0,1,80,7,9,2,13,0,0
13,130255,1,2,2,16,4,22,29,12,6,1,0,13,2,2,403,2403,14,1997,1J4FY29P4VP4,1,J,4,F,Y,2,9,P,4,V,P,4,0,T,JEEP,SEW,2W,97,17,,1,0,934,W/T,G,,0,0,000000000,00000000000,0,0,0,1,0,0,0,0,0,0,0,998,0,1,5,3,12,6,2,12,0,0,0,1,13,31512,6,2,0,0,3,0,72,260,98,0,0,0,0,0,0,0,0,0,39,0,0,0,1,2,55,1,1,8,1,20,3,1,17,99,1,1,87,2,0
13,130255,2,2,1,16,4,22,29,12,6,1,0,13,2,20,2,20002,4,2004,2G1WH52K0491,2,G,1,W,H,5,2,K,0,4,9,1,0,P,CHEV,IPL,4D,4,17,3466,,0,1105,,G,,0,0,000000000,00000000000,0,0,0,1,0,0,0,0,0,0,0,998,0,0,0,12,12,6,2,12,0,0,0,1,13,31602,6,1,0,0,3,3,73,140,98,0,0,0,0,0,0,0,0,0,0,0,0,0,1,2,55,1,1,8,1,0,0,1,17,99,1,1,86,0,0
13,130256,1,2,2,16,4,4,18,12,2,1,0,13,2,12,481,12481,31,1984,2FTCF15F1ECA,2,F,T,C,F,1,5,F,1,E,C,A,0,T,FORD,F15,PK,84,17,,1,1390,1170,COF,G,,0,0,000000000,00000000000,0,0,0,1,0,0,0,0,0,0,0,998,0,0,0,12,12,6,2,12,0,0,1,1,13,30294,3,2,0,0,2,0,73,200,98,0,0,0,0,0,0,0,0,0,28,0,0,0,1,2,45,1,1,2,1,0,0,1,10,99,9,2,50,0,0
13,130256,2,2,1,16,4,4,18,12,2,1,0,13,9,20,431,20431,16,1995,3GNEC16KXSG1,3,G,N,E,C,1,6,K,X,S,G,1,0,P,CHEV,C15,UT,95,17,4691,,0,1315,,G,,0,0,000000000,00000000000,0,0,0,1,0,0,0,0,0,0,0,998,0,0,0,12,12,6,2,12,0,0,1,1,99,99999,9,9,99,0,9,9,999,999,99,99,99,99,99,99,9999,99,9999,0,0,0,0,0,1,2,45,1,1,2,1,0,0,1,62,99,1,1,51,1,0
13,130257,1,2,1,16,4,13,48,12,6,1,0,13,1,12,16,12016,4,1991,2FACP74F5MX1,2,F,A,C,P,7,4,F,5,M,X,1,0,P,FORD,CVL,4D,91,17,3841,,0,1143,,G,,0,0,000000000,00000000000,0,0,0,1,0,0,0,0,0,0,0,998,0,0,0,9,9,6,2,12,0,0,0,1,13,30560,6,1,0,0,3,3,67,180,98,0,0,0,0,0,0,0,0,0,38,0,0,0,2,2,65,1,2,2,1,20,3,11,15,99,1,2,82,1,0
13,130257,2,2,1,16,4,13,48,12,6,1,0,13,1,12,481,12481,31,1989,1FTHX26M2KKB,1,F,T,H,X,2,6,M,2,K,K,B,0,T,FORD,F25,PS,89,17,,2,0,1550,COF,D,,0,0,000000000,00000000000,0,0,0,1,0,0,0,0,0,0,0,998,0,0,0,12,12,6,2,12,0,0,0,1,13,30540,6,1,0,0,3,0,66,190,98,0,0,0,0,0,0,0,0,0,0,0,0,0,2,2,65,1,2,2,1,0,0,1,67,8,2,2,83,0,0
13,130258,1,2,1,16,4,16,40,12,6,1,0,13,1,12,481,12481,31,2008,1FTYR44U78PA,1,F,T,Y,R,4,4,U,7,8,P,A,0,T,FORD,RNS,4C,8,17,,1,0,1260,RNG,G,,0,0,000000000,00000000000,0,0,0,1,0,0,0,0,0,0,0,998,0,0,0,12,12,6,2,12,0,0,0,1,13,30125,6,1,0,0,3,3,72,160,98,0,0,0,0,0,0,0,0,0,0,0,0,0,2,2,55,1,2,2,1,0,0,1,17,99,1,1,86,0,0
13,130258,2,2,1,16,4,16,40,12,6,1,0,92,0,12,481,12481,31,1979,F10BNEG1961,F,1,0,B,N,E,G,1,9,6,1,,0,P,,,,,,,,,,,,,0,0,000000000,00000000000,0,0,0,1,0,0,0,0,0,0,0,998,0,0,0,3,3,6,2,12,0,0,0,1,13,30110,6,1,0,0,3,0,72,170,98,0,0,0,0,0,0,0,0,0,38,0,0,0,1,2,55,1,2,2,1,20,3,1,17,99,1,1,87,1,0
13,130259,1,1,1,16,4,0,38,33,0,1,0,45,2,52,37,52037,2,2009,4A3AL25F39E0,4,A,3,A,L,2,5,F,3,9,E,0,0,P,MITS,SGS,CV,9,17,3477,,0,1014,,G,,0,0,000000000,00000000000,0,0,0,1,0,0,0,0,0,0,0,998,0,1,6,14,3,6,2,30,0,0,0,1,45,29803,6,1,0,0,3,0,69,220,1,0,0,0,0,12,2007,12,2007,0,58,0,0,0,3,3,45,1,1,2,1,0,0,1,8,7,3,4,2,1,0
13,130260,1,2,1,17,4,10,46,12,6,1,0,45,1,12,481,12481,31,2001,2FTRX07W61CA,2,F,T,R,X,0,7,W,6,1,C,A,0,T,FORD,F15,4C,1,17,,2,0,1385,COF,G,,0,0,000000000,00000000000,0,0,0,1,0,0,0,0,0,0,0,998,0,0,0,12,12,4,3,12,0,0,0,1,13,31401,0,0,0,0,0,0,999,999,98,0,0,0,0,0,0,0,0,0,38,91,0,0,1,2,30,1,1,2,1,0,0,11,15,1,1,1,68,0,0
13,130260,2,2,2,17,4,10,46,12,6,1,0,13,1,14,6,14006,4,1995,2MELM75W5SX6,2,M,E,L,M,7,5,W,5,S,X,6,0,P,MERC,MGL,4D,95,17,3796,,0,1144,,G,,0,0,000000000,00000000000,0,0,0,1,0,0,0,0,0,0,0,998,0,0,0,11,12,6,2,12,0,0,0,1,13,31404,6,1,0,0,3,3,67,200,98,0,0,0,0,0,0,0,0,0,0,0,0,0,1,2,30,1,1,2,1,0,0,1,62,1,1,1,69,2,0
13,130261,1,1,1,17,4,19,0,39,0,1,0,13,2,73,705,73705,80,2002,JKAZX4J132A0,J,K,A,Z,X,4,J,1,3,2,A,0,0,M,KAWK,ZXJ,RS,2,17,,,,,,,600,0,0,000000000,00000000000,0,0,0,1,0,0,0,0,0,0,0,998,0,0,0,1,1,2,3,39,0,0,0,1,13,30034,0,0,0,0,0,0,70,200,98,0,0,0,0,0,0,0,0,0,0,0,0,0,6,1,35,1,1,2,1,0,0,1,8,1,9,4,2,1,0
13,130262,1,1,4,18,4,2,37,43,0,1,0,13,2,20,401,20401,14,2002,1GNDS13S9224,1,G,N,D,S,1,3,S,9,2,2,4,0,P,CHEV,TRL,UT,2,17,4442,,0,1130,,G,,0,0,000000000,00000000000,0,0,0,1,0,0,0,0,0,0,0,998,0,1,6,9,9,6,2,43,0,0,0,1,13,30144,6,1,0,0,3,3,68,183,98,1,0,1,1,6,2007,2,2009,1,91,0,0,0,3,2,45,3,1,2,1,0,0,14,6,6,4,4,2,1,1
13,130263,1,1,2,18,4,3,30,30,0,1,0,13,2,20,4,20004,2,1999,1G1YY22G3X51,1,G,1,Y,Y,2,2,G,3,X,5,1,0,P,CHEV,CVT,CP,99,17,3221,,0,1045,,G,,0,0,000000000,00000000000,0,0,0,1,0,0,0,0,0,0,0,998,0,0,0,9,9,6,2,30,0,0,0,1,13,30087,6,1,0,0,3,0,68,185,98,0,0,0,0,0,0,0,0,1,0,0,0,0,1,3,35,2,1,2,1,0,0,14,6,2,2,4,2,1,1
13,130264,1,1,1,18,4,0,47,57,0,1,0,13,1,12,471,12471,30,2007,1FTYR14UX7PA,1,F,T,Y,R,1,4,U,X,7,P,A,0,T,FORD,RNS,PS,7,17,,1,0,1260,RNG,G,,0,0,000000000,00000000000,0,0,0,1,0,0,0,0,0,0,0,998,0,1,1,61,98,6,2,1,0,0,0,1,13,30052,6,1,0,0,3,0,71,144,98,0,0,0,0,0,0,0,0,0,28,0,0,0,3,2,70,1,2,2,1,0,0,1,12,1,1,4,98,1,0
13,130265,1,2,1,18,4,18,54,12,8,1,0,13,1,20,16,20016,4,1997,1G1JC5247V73,1,G,1,J,C,5,2,4,7,V,7,3,0,P,CHEV,CAV,4D,97,17,2630,,0,1041,,G,,0,0,000000000,00000000000,0,0,0,1,0,0,0,0,0,0,0,998,0,0,0,11,11,4,3,12,0,0,0,1,13,30331,6,1,0,0,3,3,71,222,98,0,0,0,0,0,0,0,0,0,28,0,0,0,1,2,55,3,1,2,1,0,0,14,10,1,1,2,64,1,0
13,130265,2,2,1,18,4,18,54,12,8,1,0,13,2,14,6,14006,4,1994,2MELM75W8RX6,2,M,E,L,M,7,5,W,8,R,X,6,0,P,MERC,MGL,4D,94,17,3796,,0,1144,,G,,0,0,000000000,00000000000,0,0,0,1,0,0,0,0,0,0,0,998,0,0,0,63,63,2,1,12,0,0,0,1,13,31830,6,1,0,0,3,0,71,196,98,0,0,0,0,0,0,0,0,0,0,0,0,0,1,2,55,3,1,2,1,0,0,14,62,1,1,1,65,0,0
13,130266,1,1,1,18,4,20,51,8,0,1,0,13,1,22,18,22018,4,1994,1G2NE55M5RC7,1,G,2,N,E,5,5,M,5,R,C,7,0,P,PONT,GAS,4D,94,17,2793,,0,1034,,G,,0,0,000000000,00000000000,0,0,0,1,0,0,0,0,0,0,0,998,0,0,0,14,14,4,1,8,0,0,0,1,13,31827,6,1,6,0,3,3,70,300,98,0,0,0,0,0,0,0,0,0,0,0,0,0,1,2,45,1,1,2,1,0,0,1,80,1,1,1,13,0,0
13,130267,1,1,1,18,4,3,57,38,0,1,0,13,1,24,1,24001,4,1998,1G8ZF5284WZ3,1,G,8,Z,F,5,2,8,4,W,Z,3,0,P,STRN,SSL,4D,98,17,2326,,0,1024,,G,,0,0,000000000,00000000000,0,0,0,1,0,0,0,0,0,0,0,998,0,1,6,12,81,6,2,30,0,0,0,1,13,31006,6,1,0,0,3,0,74,230,98,0,0,0,0,0,0,0,0,1,58,0,0,0,1,2,35,1,5,2,1,0,0,1,6,6,1,4,6,1,1
13,130268,1,1,1,19,4,23,26,8,0,1,0,92,0,24,5,24005,4,2000,1G8JW52R1YY6,1,G,8,J,W,5,2,R,1,Y,Y,6,0,P,STRN,LS2,4D,0,17,3152,,0,1065,,G,,0,0,000000000,00000000000,0,0,0,1,0,0,0,0,0,0,0,998,0,0,0,12,12,6,2,8,0,0,0,1,13,30106,6,1,0,0,3,0,69,200,98,0,0,1,0,11,2008,11,2008,0,0,0,0,0,2,2,55,1,2,2,1,0,0,1,80,1,1,1,13,0,0
13,130269,1,1,2,19,4,20,12,59,0,1,0,13,2,63,31,63031,4,2000,KNAFB1214Y58,K,N,A,F,B,1,2,1,4,Y,5,8,0,P,KIA,SPL,4D,0,17,2478,,0,1008,,G,,0,0,000000000,00000000000,0,0,0,1,0,0,0,0,0,0,0,998,0,0,0,9,9,6,2,42,0,0,0,1,13,30813,6,1,0,0,3,0,75,185,98,0,0,0,0,0,0,0,0,1,0,0,0,0,1,2,55,2,1,2,1,0,0,14,6,1,3,4,7,1,1
13,130270,1,1,1,19,4,6,52,42,0,1,0,13,1,18,402,18402,14,2004,5GADS13S3422,5,G,A,D,S,1,3,S,3,4,2,2,0,P,BUIC,RNR,UT,4,17,4417,,0,1130,,G,,0,0,000000000,00000000000,0,0,0,1,0,0,0,0,0,0,0,998,0,0,0,10,10,6,2,42,0,0,0,1,13,30337,6,1,0,0,3,0,63,180,98,0,0,0,0,0,0,0,0,0,0,0,0,0,2,3,65,1,1,1,1,0,0,1,9,1,2,4,2,1,0
13,130271,1,1,1,20,4,21,24,42,0,1,0,13,1,12,471,12471,30,2001,1FTYR10U81TB,1,F,T,Y,R,1,0,U,8,1,T,B,0,T,FORD,RNG,PK,1,17,,1,1175,1116,RNG,G,,0,0,000000000,00000000000,0,0,0,1,0,0,0,0,0,0,0,998,0,0,0,81,81,6,2,42,0,0,0,1,13,31064,6,1,0,0,3,0,70,245,98,0,0,0,0,0,0,0,0,1,58,87,0,0,1,2,45,2,1,2,2,0,0,14,6,6,4,4,7,1,0
13,130272,1,1,1,20,4,7,32,34,0,1,0,13,2,49,472,49472,30,2001,5TEHN72N61Z8,5,T,E,H,N,7,2,N,6,1,Z,8,0,T,TOYT,DCL,CW,1,17,,1,0,1219,TAC,G,,0,0,000000000,00000000000,0,0,0,1,0,0,0,0,0,0,0,998,0,1,6,14,3,6,2,42,0,0,0,1,13,30558,6,1,0,0,3,0,71,215,98,0,0,0,0,0,0,0,0,1,0,0,0,0,1,2,35,3,2,2,1,0,0,14,6,1,4,4,2,1,1
13,130273,1,1,1,24,4,17,14,32,0,1,0,13,2,12,481,12481,31,1996,1FTJW35G6TEA,1,F,T,J,W,3,5,G,6,T,E,A,0,T,FORD,F35,CW,96,17,,2,0,1680,COF,G,,0,0,000000000,00000000000,0,0,0,1,0,0,0,0,0,0,0,998,0,1,6,14,13,6,2,32,0,0,0,1,13,30635,6,1,0,0,3,0,63,163,98,0,0,0,0,0,0,0,0,1,58,87,0,0,1,2,55,3,2,2,2,0,0,14,6,2,2,4,2,1,1
13,130274,1,1,1,28,1,18,18,9,0,1,0,13,3,12,471,12471,30,2009,1FTYR10D69PA,1,F,T,Y,R,1,0,D,6,9,P,A,0,T,FORD,RNG,PK,9,17,,1,1180,1120,RNG,G,,0,0,000000000,00000000000,0,0,0,1,0,0,0,0,0,0,0,998,0,0,0,12,12,2,1,9,0,0,0,1,13,31201,6,1,0,0,3,3,71,359,98,0,0,0,0,0,0,0,0,0,86,0,0,0,2,4,50,1,1,2,1,0,0,1,83,1,1,1,13,0,0
13,130275,1,1,2,2,4,15,53,24,0,1,0,39,2,13,482,13482,31,2006,5LTPW18536FJ,5,L,T,P,W,1,8,5,3,6,F,J,0,T,LINC,MLT,CW,6,17,,2,0,1385,MRK,G,,0,0,000000000,00000000000,0,0,0,1,0,0,0,0,0,0,0,998,0,1,2,12,12,6,2,1,0,0,0,1,39,43213,1,1,0,0,2,0,59,145,1,2,0,0,0,11,2008,3,2009,0,29,0,0,0,3,3,70,1,1,2,1,0,0,1,12,8,4,4,7,1,1
13,130276,1,2,1,5,4,11,57,12,2,1,0,13,1,39,34,39034,4,2000,SAJDA01DXYGL,S,A,J,D,A,0,1,D,X,Y,G,L,0,P,JAGU,STP,4D,0,17,3770,,0,1145,,G,,0,0,000000000,00000000000,0,0,0,1,0,0,0,0,0,0,0,998,0,0,0,12,12,6,2,12,0,0,0,1,13,30656,6,1,0,0,3,3,66,180,98,0,0,0,0,0,0,0,0,0,28,0,0,0,1,2,45,2,3,8,1,0,0,14,10,1,1,2,50,1,0
13,130276,2,2,1,5,4,11,57,12,2,1,0,13,1,20,421,20421,15,2008,1GNFK13028R1,1,G,N,F,K,1,3,0,2,8,R,1,0,P,CHEV,KTA,UT,8,17,5524,,0,1160,,F,,0,0,000000000,00000000000,0,0,0,1,0,0,0,0,0,0,0,998,0,0,0,12,12,6,2,12,0,0,0,1,13,30024,6,1,0,0,3,0,67,130,98,3,0,2,1,12,2008,9,2009,0,0,0,0,0,1,2,45,3,3,8,1,0,0,14,62,99,1,1,51,0,0
13,130277,1,2,1,6,4,7,20,12,2,1,0,13,3,85,881,85881,66,2007,1XKWDB9X57J1,1,X,K,W,D,B,9,X,5,7,J,1,1,T,KW,W90,DS,7,17,,8,2850,1600,CON,D,,1,57,817790,57817790,3,6,1,1,0,0,0,0,0,0,0,998,0,0,0,12,12,6,2,12,0,0,0,1,13,30452,6,1,6,0,3,0,74,360,98,0,0,0,0,0,0,0,0,0,28,0,0,0,1,2,55,3,4,8,1,0,0,14,10,99,9,2,50,0,0
13,130277,2,2,1,6,4,7,20,12,2,1,0,13,2,20,481,20481,31,1994,1GCEK14K9RZ1,1,G,C,E,K,1,4,K,9,R,Z,1,0,T,CHEV,GK1,PK,94,17,,2,1315,1175,GM4,G,,0,0,000000000,00000000000,0,0,0,1,0,0,0,0,0,0,0,998,0,0,0,12,12,6,2,12,0,0,0,1,13,31560,6,1,0,0,3,0,62,120,98,1,0,1,1,1,2008,3,2010,0,28,0,0,0,1,2,55,2,4,8,1,0,0,14,10,99,9,2,51,1,0
13,130278,1,1,2,8,4,20,51,1,0,1,0,12,1,12,401,12401,14,2001,1FMZU64E31ZA,1,F,M,Z,U,6,4,E,3,1,Z,A,0,P,FORD,EPR,UT,1,17,3897,,0,1116,,G,,0,0,000000000,00000000000,0,0,0,1,0,0,0,0,0,0,0,998,0,2,5,0,0,6,2,1,0,0,0,1,12,32904,6,1,0,0,3,3,69,999,0,0,0,0,0,0,0,0,0,0,80,29,0,0,3,2,70,1,1,8,1,0,0,1,1,99,3,4,2,2,0
13,130279,1,1,1,10,4,12,7,38,0,1,0,0,0,73,739,73739,90,2001,000000000000,0,0,0,0,0,0,0,0,0,0,0,0,0,U,,,,,17,,,,,,,,0,0,000000000,00000000000,0,0,0,1,0,0,0,0,0,0,0,998,0,1,2,11,11,4,3,1,0,0,0,1,45,29072,6,1,0,0,3,0,70,140,0,0,0,1,0,1,2010,1,2010,0,29,0,0,0,1,2,35,1,1,8,5,0,0,1,13,99,9,4,2,1,0
13,130280,1,1,2,10,4,21,30,8,0,1,1,13,1,20,461,20461,21,1984,1GBEG25H3E71,1,G,B,E,G,2,5,H,3,E,7,1,0,T,CHEV,SV2,IC,84,17,,2,1250,1100,S/V,G,,0,0,000000000,00000000000,0,0,0,1,0,0,0,0,0,0,0,998,0,0,0,12,12,4,1,8,0,0,0,1,13,30066,6,1,0,0,3,3,73,236,98,0,0,0,0,0,0,0,0,0,91,92,86,0,2,2,45,1,2,2,1,0,0,1,80,1,1,3,13,0,0
13,130281,1,4,1,12,4,6,59,12,1,1,0,13,2,14,6,14006,4,2009,2MEHM75V59X6,2,M,E,H,M,7,5,V,5,9,X,6,0,P,MERC,MGL,4D,9,17,4117,,0,1146,,F,,0,0,000000000,00000000000,0,0,0,1,0,0,0,0,0,0,0,0,0,0,0,6,6,4,3,12,0,0,0,1,13,31210,6,1,0,0,3,0,65,155,98,0,0,0,1,8,2009,8,2009,0,85,0,0,0,1,2,55,1,6,8,1,0,0,5,50,1,1,1,98,0,0
13,130281,2,4,1,12,4,6,59,12,1,1,0,13,2,54,35,54035,4,2005,19UUA66285A0,1,9,U,U,A,6,6,2,8,5,A,0,0,P,ACUR,ATL,4D,5,17,3575,,0,1081,,G,,0,0,000000000,00000000000,0,0,0,1,0,0,0,0,0,0,0,0,0,0,0,6,12,6,2,12,0,0,0,1,13,31061,6,1,0,0,3,3,63,150,98,0,0,0,0,0,0,0,0,0,0,0,0,0,1,2,55,1,5,8,1,0,0,5,53,1,1,1,21,0,0
13,130281,3,4,1,12,4,6,59,12,1,1,0,93,1,82,881,82881,66,1994,1FUYDXYBXRH6,1,F,U,Y,D,X,Y,B,X,R,H,6,1,T,FRHT,FLD,DS,94,17,,8,0,0,CON,D,,3,57,1606394,571606394,3,6,1,1,0,0,0,0,0,0,0,998,0,0,0,12,2,6,2,12,0,0,0,1,13,31082,6,1,6,0,3,0,71,185,98,0,0,0,0,0,0,0,0,1,26,28,0,0,1,2,55,1,6,8,1,0,0,2,50,9,4,2,20,0,0
13,130281,4,4,1,12,4,6,59,12,1,1,0,13,1,55,36,55036,3,2004,KMHCG35C94U2,K,M,H,C,G,3,5,C,9,4,U,2,0,P,HYUN,AGL,2H,4,17,2339,,0,961,,G,,0,0,000000000,00000000000,0,0,0,1,0,0,0,0,0,0,0,998,0,0,0,12,12,6,2,12,0,0,0,1,13,31094,6,1,0,0,3,0,67,200,98,0,0,0,0,0,0,0,0,0,0,0,0,0,1,2,55,1,5,8,1,0,0,1,62,99,1,1,98,1,0
13,130282,1,1,1,12,4,3,0,35,0,1,0,13,5,49,40,49040,4,2005,4T1BE32K75U5,4,T,1,B,E,3,2,K,7,5,U,5,0,P,TOYT,XLL,4D,5,17,3108,,0,1071,,G,,0,0,000000000,00000000000,0,0,0,1,0,0,0,0,0,0,0,33,0,0,0,14,14,6,2,34,0,0,0,1,13,31525,3,1,0,0,2,0,72,200,98,0,0,0,0,0,0,0,0,0,28,40,0,0,1,2,45,1,1,2,11,40,3,1,14,99,9,4,14,1,1
13,130283,1,2,2,13,4,17,10,53,0,1,0,13,3,12,881,12881,61,2002,1FDAF57F22EA,1,F,D,A,F,5,7,F,2,2,E,A,0,T,FORD,F5D,CB,2,17,,5,2010,1410,DRW,D,,0,88,888888888,88888888888,2,2,1,1,0,0,0,0,0,0,0,998,0,0,0,5,99,4,3,12,0,0,0,1,13,30114,6,1,0,0,3,0,70,165,98,0,0,0,0,0,0,0,0,0,29,58,91,0,1,2,45,2,2,2,1,0,0,14,13,99,9,4,2,0,1
13,130283,2,2,1,13,4,17,10,53,0,1,0,13,1,72,706,72706,80,2003,1HD1FRW493Y7,1,H,D,1,F,R,W,4,9,3,Y,7,0,M,HD,FCA,RS,3,17,,,,,,,1450,0,0,000000000,00000000000,0,0,0,1,0,0,0,0,0,0,0,998,0,0,0,99,99,2,3,12,0,0,0,1,13,30542,6,1,0,0,3,0,72,175,98,0,0,0,0,0,0,0,0,0,0,0,0,0,1,2,45,2,2,2,1,0,0,14,62,98,1,1,98,1,0
13,130284,1,2,2,14,4,19,0,12,6,1,0,13,1,20,2,20002,4,2003,2G1WF52E5393,2,G,1,W,F,5,2,E,5,3,9,3,0,P,CHEV,IMP,4D,3,17,3389,,0,1105,,G,,0,0,000000000,00000000000,0,0,0,1,0,0,0,0,0,0,0,998,0,0,0,9,9,6,2,12,0,0,0,1,13,30434,6,1,0,0,3,0,70,176,98,3,0,0,2,6,2007,10,2008,0,28,0,0,0,1,2,55,1,1,2,1,0,0,1,10,99,3,6,64,2,1
13,130284,2,2,3,14,4,19,0,12,6,1,0,13,1,12,401,12401,14,2001,1FMZU67E71UC,1,F,M,Z,U,6,7,E,7,1,U,C,0,P,FORD,EPR,UT,1,17,4117,,0,1259,,G,,0,0,000000000,00000000000,0,0,0,1,0,0,0,0,0,0,0,998,0,0,0,12,12,4,3,12,32,0,0,1,13,30434,6,1,6,0,3,3,68,205,98,0,0,0,0,0,0,0,0,0,0,0,0,0,1,2,55,1,1,2,1,0,0,1,62,99,1,1,65,0,0
13,130285,1,1,1,17,4,4,42,59,0,1,0,13,3,12,401,12401,14,1997,1FMCU22E6VUC,1,F,M,C,U,2,2,E,6,V,U,C,0,P,FORD,EPR,UT,97,17,3707,,0,1017,,G,,0,0,000000000,00000000000,0,0,0,1,0,0,0,0,0,0,0,998,0,1,5,12,13,6,2,30,0,0,0,1,13,31210,0,0,0,0,0,0,999,999,98,0,0,0,0,0,0,0,0,0,29,0,0,0,2,3,50,2,2,2,1,0,0,14,13,1,1,4,1,1,0