STATE,ST_CASE,VEH_NO,VE_FORMS,NUMOCCS,DAY,MONTH,HOUR,MINUTE,HARM_EV,MAN_COLL,UNITTYPE,HIT_RUN,REG_STAT,OWNER,MAKE,MODEL,MAK_MOD,BODY_TYP,MOD_YEAR,VIN,VIN_1,VIN_2,VIN_3,VIN_4,VIN_5,VIN_6,VIN_7,VIN_8,VIN_9,VIN_10,VIN_11,VIN_12,TOW_VEH,VINTYPE,VINMAKE,VINA_MOD,VIN_BT,VINMODYR,VIN_LNGT,VIN_WGT,WGTCD_TR,WHLBS_LG,WHLBS_SH,SER_TR,FUELCODE,MCYCL_DS,J_KNIFE,MCARR_I1,MCARR_I2,MCARR_ID,GVWR,V_CONFIG,CARGO_BT,HAZ_INV,HAZ_PLAC,HAZ_ID,HAZ_CNO,HAZ_REL,BUS_USE,SPEC_USE,EMER_USE,TRAV_SP,UNDERIDE,ROLLOVER,ROLINLOC,IMPACT1,IMPACT2,DEFORMED,TOWED,M_HARM,VEH_SC1,VEH_SC2,FIRE_EXP,DR_PRES,L_STATE,DR_ZIP,L_STATUS,L_TYPE,CDL_STAT,L_ENDORS,L_COMPL,L_RESTRI,DR_HGT,DR_WGT,PREV_ACC,PREV_SUS,PREV_DWI,PREV_SPD,PREV_OTH,FIRST_MO,FIRST_YR,LAST_MO,LAST_YR,SPEEDREL,DR_SF1,DR_SF2,DR_SF3,DR_SF4,VTRAFWAY,VNUM_LAN,VSPD_LIM,VALIGN,VPROFILE,VPAVETYP,VSURCOND,VTRAFCON,VTCONT_F,P_CRASH1,P_CRASH2,P_CRASH3,PCRASH4,PCRASH5,ACC_TYPE,DEATHS,DR_DRINK
13,130286,1,2,1,17,4,1,21,8,0,1,0,13,1,59,33,59033,2,1995,JT8UZ30C8S00,J,T,8,U,Z,3,0,C,8,S,0,0,0,P,LEXS,SC4,CP,95,17,3625,,0,1059,,G,,0,0,000000000,00000000000,0,0,0,1,0,0,0,0,0,0,0,998,0,0,0,12,12,6,2,8,0,0,0,1,13,30349,6,1,6,0,3,0,70,220,98,0,0,1,0,7,2009,7,2009,0,86,0,0,0,3,4,65,1,1,1,1,0,0,1,80,1,1,1,13,0,1
13,130286,2,2,1,17,4,1,21,8,0,1,0,92,0,98,808,98808,62,2004,JNAMB33H14AH,J,N,A,M,B,3,3,H,1,4,A,H,0,T,UD,UD2,TB,4,17,,5,0,0,UDS,D,,0,88,888888888,88888888888,2,1,3,1,0,0,0,0,0,0,0,998,0,0,0,12,12,2,1,8,0,0,0,1,13,30315,6,1,0,0,3,0,70,200,98,0,0,0,1,1,2008,1,2008,0,86,0,0,0,3,4,65,1,1,1,1,0,0,1,80,7,1,2,98,0,0
13,130287,1,1,2,18,4,18,20,24,0,1,0,13,2,12,481,12481,31,2003,1FTRX18L13NB,1,F,T,R,X,1,8,L,1,3,N,B,0,T,FORD,F15,4C,3,17,,2,1574,1388,COF,G,,0,0,000000000,00000000000,0,0,0,1,0,0,0,0,0,0,0,998,0,1,2,12,12,6,2,1,0,0,0,1,13,30329,0,0,0,0,0,0,67,145,98,0,0,0,0,0,0,0,0,1,29,36,91,0,3,3,65,1,6,8,1,0,0,99,6,99,9,4,6,1,1
13,130288,1,3,1,19,4,20,22,12,8,1,0,13,1,19,3,19003,4,2003,1G6KD54Y53U1,1,G,6,K,D,5,4,Y,5,3,U,1,0,P,CADI,DFW,4D,3,17,3978,,0,1153,,G,,0,0,000000000,00000000000,0,0,0,1,0,0,0,0,0,0,0,998,0,0,0,11,12,6,2,12,0,0,0,1,13,31525,6,1,0,0,3,0,68,220,98,2,1,1,1,3,2008,1,2010,0,51,36,0,0,1,2,55,1,1,8,1,98,8,1,54,1,1,1,66,1,1
13,130288,2,3,1,19,4,20,22,12,8,1,0,13,1,35,472,35472,30,2001,1N6ED27T41C3,1,N,6,E,D,2,7,T,4,1,C,3,0,T,NISS,XSC,CW,1,17,,1,0,1161,FRT,G,,0,0,000000000,00000000000,0,0,0,1,0,0,0,0,0,0,0,998,0,0,0,8,8,4,1,12,0,0,0,1,13,31523,6,1,0,0,3,0,72,210,98,0,0,1,0,8,2009,8,2009,0,0,0,0,0,1,2,55,1,1,8,1,98,8,1,54,7,1,2,66,0,0
13,130288,3,3,2,19,4,20,22,12,8,1,0,13,2,12,422,12422,15,2001,1FMRU15W21LB,1,F,M,R,U,1,5,W,2,1,L,B,0,P,FORD,EPT,UT,1,17,4886,,0,1191,,G,,0,0,000000000,00000000000,0,0,0,1,0,0,0,0,0,0,0,998,0,0,0,12,12,6,2,12,0,0,0,1,13,31523,6,1,6,0,3,0,65,175,98,1,0,1,0,3,2008,3,2008,0,0,0,0,0,1,2,55,1,1,8,1,98,8,1,54,99,1,1,98,0,0
13,130289,1,2,1,21,4,8,5,12,2,1,0,13,1,37,32,37032,4,1991,1HGCB7648MA1,1,H,G,C,B,7,6,4,8,M,A,1,0,P,HOND,ADL,4D,91,17,2392,,0,1071,,G,,0,0,000000000,00000000000,0,0,0,1,0,0,0,0,0,0,0,998,0,0,0,12,12,6,2,12,0,0,0,1,13,30076,1,1,0,0,2,0,68,190,98,1,0,1,0,3,2010,3,2010,0,28,0,0,0,1,2,45,2,2,2,1,0,0,14,10,99,1,2,50,1,0
13,130289,2,2,1,21,4,8,5,12,2,1,0,13,1,2,406,2406,14,2006,1J8HH58236C3,1,J,8,H,H,5,8,2,3,6,C,3,0,T,JEEP,LTD,4W,6,17,,2,0,1095,CMD,G,,0,0,000000000,00000000000,0,0,0,1,0,0,0,0,0,0,0,998,0,1,5,12,7,6,2,12,0,0,0,1,13,30028,6,1,0,0,3,0,70,130,98,0,0,0,0,0,0,0,0,0,0,0,0,0,1,2,45,3,2,2,1,0,0,14,62,99,1,1,51,0,0
13,130290,1,2,1,22,4,16,36,12,6,1,0,13,2,22,2,22002,4,2001,1G2HX54K6142,1,G,2,H,X,5,4,K,6,1,4,2,0,P,PONT,BVS,4D,1,17,3633,,0,1122,,G,,0,0,000000000,00000000000,0,0,0,1,0,0,0,0,0,0,0,998,0,0,0,3,3,6,2,12,0,0,0,1,13,31310,6,2,0,0,3,0,69,147,98,0,0,1,0,7,2008,7,2008,0,39,0,0,0,1,2,55,1,1,8,1,20,3,1,17,1,1,1,87,0,0
13,130290,2,2,1,22,4,16,36,12,6,1,0,13,3,20,481,20481,31,2004,1GCHK23284F2,1,G,C,H,K,2,3,2,8,4,F,2,6,T,CHEV,2KH,CW,4,17,,2,1670,1530,SIL,D,,0,0,000000000,00000000000,0,0,0,1,0,0,0,0,0,0,0,998,0,0,0,12,12,6,2,12,0,0,0,1,13,30417,6,1,0,0,3,3,70,200,98,1,0,2,0,3,2008,2,2009,0,0,0,0,0,1,2,55,1,1,8,1,0,0,1,66,1,1,1,86,1,0
13,130291,1,3,2,23,4,16,52,12,8,1,0,13,1,12,401,12401,14,2000,1FMZU63E6YZA,1,F,M,Z,U,6,3,E,6,Y,Z,A,0,P,FORD,EPR,UT,0,17,3906,,0,1116,,G,,0,0,000000000,00000000000,0,0,0,1,0,0,0,0,0,0,0,998,0,0,0,11,11,6,2,12,0,0,0,1,13,30506,6,1,0,0,3,0,71,220,98,0,0,0,0,0,0,0,0,0,58,28,0,0,1,2,55,1,2,2,1,0,0,1,4,8,4,2,64,0,0
13,130291,2,3,1,23,4,16,52,12,8,1,0,13,1,20,421,20421,15,2005,1GNEK13T95R1,1,G,N,E,K,1,3,T,9,5,R,1,0,P,CHEV,KTA,UT,5,17,5192,,0,1160,,G,,0,0,000000000,00000000000,0,0,0,1,0,0,0,0,0,0,0,998,0,1,1,10,10,6,2,1,0,0,0,1,13,30533,6,1,0,0,3,3,74,194,98,0,0,0,0,0,0,0,0,0,0,0,0,0,1,2,55,1,2,2,1,0,0,1,62,99,1,1,65,1,0
13,130291,3,3,1,23,4,16,52,12,8,1,0,93,3,82,881,82881,66,2005,1FUJF6CG45DN,1,F,U,J,F,6,C,G,4,5,D,N,1,T,FRHT,CLC,DS,5,17,,8,0,0,CON,D,,1,57,807030,57807030,3,6,4,1,0,0,0,0,0,0,0,998,0,0,0,11,11,4,3,12,0,0,0,1,13,30511,6,1,6,0,3,3,69,230,98,0,0,0,1,8,2007,8,2007,0,0,0,0,0,1,2,55,1,2,2,1,0,0,1,50,99,1,1,98,0,0
13,130292,1,1,1,23,4,5,59,30,0,1,0,13,2,18,18,18018,4,1997,1G4NJ52M3VC4,1,G,4,N,J,5,2,M,3,V,C,4,0,P,BUIC,SLG,4D,97,17,2985,,0,1034,,G,,0,0,000000000,00000000000,0,0,0,1,0,0,0,0,0,0,0,998,0,1,5,2,2,6,2,30,0,0,0,1,13,31503,1,1,0,0,2,0,68,190,98,0,0,0,0,0,0,0,0,1,29,0,0,0,1,2,55,3,1,8,1,40,3,14,6,7,2,5,2,1,0
13,130293,1,2,1,24,4,23,23,12,2,1,0,13,2,22,32,22032,6,2007,5Y2SL65807Z4,5,Y,2,S,L,6,5,8,0,7,Z,4,0,P,PONT,VIB,4H,7,17,2700,,0,1024,,G,,0,0,000000000,00000000000,0,0,0,1,0,0,0,0,0,0,0,998,0,0,0,12,12,6,2,12,0,0,0,1,13,30076,1,1,0,0,2,0,71,180,98,0,0,0,0,0,0,0,0,1,28,0,0,0,1,2,55,2,2,2,1,0,0,14,6,99,1,2,50,1,0
13,130293,2,2,1,24,4,23,23,12,2,1,0,13,1,20,481,20481,31,1997,1GCEK19R6VE1,1,G,C,E,K,1,9,R,6,V,E,1,0,T,CHEV,GK1,PC,97,17,,2,1555,1415,GM4,G,,0,0,000000000,00000000000,0,0,0,1,0,0,0,0,0,0,0,998,0,0,0,12,12,6,2,12,0,0,0,1,13,30115,6,1,0,0,3,0,74,205,98,0,0,0,0,0,0,0,0,0,0,0,0,0,1,2,45,3,2,2,1,0,0,14,54,6,1,2,51,0,1
13,130294,1,1,1,24,4,19,6,32,0,1,0,13,1,9,38,9038,4,1999,1P3EJ46CXXN6,1,P,3,E,J,4,6,C,X,X,N,6,0,P,PLYM,BEE,4D,99,17,2862,,0,1080,,G,,0,0,000000000,00000000000,0,0,0,1,0,0,0,0,0,0,0,998,0,1,5,2,2,6,2,1,0,0,1,1,13,30542,6,1,6,0,3,3,72,270,98,0,0,0,0,0,0,0,0,1,29,0,0,0,1,2,45,3,2,2,2,0,0,14,6,6,4,4,2,1,1
13,130295,1,1,4,25,4,12,8,42,0,1,0,13,2,12,481,12481,31,2001,1FTRW07L71KB,1,F,T,R,W,0,7,L,7,1,K,B,0,T,FORD,F1S,CW,1,17,,2,0,1385,COF,G,,0,0,000000000,00000000000,0,0,0,1,0,0,0,0,0,0,0,998,0,0,0,3,3,6,2,42,0,0,0,1,13,31065,6,1,0,0,3,0,67,135,98,0,0,0,0,0,0,0,0,0,29,91,0,0,3,2,65,1,1,8,1,0,0,1,12,99,1,4,1,1,0
13,130296,1,1,1,26,4,10,59,1,0,1,0,13,3,87,881,87881,63,2004,1NPALU0X74N8,1,N,P,A,L,U,0,X,7,4,N,8,0,T,PTRB,357,TM,4,17,,8,0,0,CON,D,,0,57,830208,57830208,3,2,1,1,0,0,0,0,0,0,0,998,0,1,1,0,0,6,2,1,0,0,0,1,13,31503,6,1,6,0,3,3,71,195,98,0,0,0,0,0,0,0,0,0,28,58,0,0,1,2,55,3,1,8,1,0,0,14,13,6,4,2,98,1,0
13,130297,1,1,1,27,4,21,18,1,0,1,0,0,0,98,739,98739,90,9999,000000000000,0,0,0,0,0,0,0,0,0,0,0,0,0,U,,,,,17,,,,,,,,0,0,000000000,00000000000,0,0,0,1,0,0,0,0,0,0,0,998,0,2,1,0,99,6,2,1,0,0,0,1,13,31543,0,0,0,0,1,0,999,999,98,0,0,0,0,0,0,0,0,1,28,58,0,0,1,2,35,1,1,5,11,0,0,1,6,7,4,3,98,1,0
13,130298,1,1,1,27,4,18,58,42,0,1,0,13,1,37,31,37031,4,1999,2HGEJ6610XH5,2,H,G,E,J,6,6,1,0,X,H,5,0,P,HOND,UCE,4D,99,17,2388,,0,1032,,G,,0,0,000000000,00000000000,0,0,0,1,0,0,0,0,0,0,0,998,0,0,0,5,5,6,2,42,0,0,0,1,13,30513,6,1,0,0,3,3,61,110,98,0,0,0,1,12,2007,12,2007,1,29,0,0,0,1,2,55,3,2,2,2,0,0,14,6,8,4,4,2,1,1
13,130299,1,1,1,28,4,6,2,42,0,1,0,13,2,58,401,58401,14,2003,JNRDR09X83W2,J,N,R,D,R,0,9,X,8,3,W,2,0,P,INFI,QX4,UT,3,17,3940,,0,1063,,G,,0,0,000000000,00000000000,0,0,0,1,0,0,0,0,0,0,0,998,0,1,5,12,12,6,2,42,0,0,0,1,13,30642,6,1,0,0,3,0,67,160,98,0,0,0,0,0,0,0,0,0,29,0,0,0,1,2,55,1,1,8,1,0,0,1,12,99,9,4,6,1,0
13,130300,1,2,2,28,4,11,49,12,2,1,0,13,1,35,51,35051,6,2009,JN8AS58T79W0,J,N,8,A,S,5,8,T,7,9,W,0,0,P,NISS,ROG,UT,9,17,3281,,0,1059,,G,,0,0,000000000,00000000000,0,0,0,1,0,0,0,0,0,0,0,998,0,0,0,12,12,6,2,12,0,0,0,1,13,31005,6,1,0,0,3,3,70,185,98,0,0,0,0,0,0,0,0,0,28,0,0,0,1,2,55,1,1,2,1,0,0,1,10,1,1,2,50,1,0
13,130300,2,2,1,28,4,11,49,12,2,1,0,13,3,86,881,86881,63,2007,1M2AG11C57M0,1,M,2,A,G,1,1,C,5,7,M,0,0,T,MACK,CV7,TM,7,17,,8,0,0,700,D,,0,57,1976986,571976986,3,2,4,1,0,0,0,0,0,0,0,998,0,0,0,12,12,6,2,12,0,0,0,1,13,31204,6,1,6,0,3,3,70,244,98,0,0,0,0,0,0,0,0,0,0,0,0,0,1,2,55,1,1,2,1,0,0,1,62,4,2,1,51,0,0
13,130301,1,1,1,29,4,9,42,1,0,1,0,13,1,20,401,20401,14,1992,1GNCS13Z2N21,1,G,N,C,S,1,3,Z,2,N,2,1,0,P,CHEV,S10,UT,92,17,3312,,0,1070,,G,,0,0,000000000,00000000000,0,0,0,1,0,0,0,0,0,0,0,998,0,2,1,0,0,4,3,1,0,0,0,1,13,30016,6,1,0,0,3,3,72,190,98,2,0,0,2,11,2007,3,2008,0,28,58,0,0,3,2,70,1,1,8,1,0,0,1,12,8,4,6,98,1,0
13,130302,1,1,1,30,4,13,24,9,0,1,0,13,2,20,37,20037,4,2008,1G1ZH57B78F1,1,G,1,Z,H,5,7,B,7,8,F,1,0,P,CHEV,ML1,4D,8,17,3436,,0,1123,,G,,0,0,000000000,00000000000,0,0,0,1,0,0,0,0,0,0,0,998,0,0,0,2,2,2,1,9,0,0,0,1,13,31001,6,1,0,0,3,3,68,160,98,0,0,0,0,0,0,0,0,0,86,0,0,0,1,2,55,1,1,8,1,0,0,6,83,6,1,2,13,0,0
13,130303,1,2,1,6,1,17,46,12,6,1,0,13,1,12,13,12013,4,1999,1FAFP10PXXW2,1,F,A,F,P,1,0,P,X,X,W,2,0,P,FORD,LXE,4D,99,17,2468,,0,984,,G,,0,0,000000000,00000000000,0,0,0,1,0,0,0,0,0,0,0,998,0,0,0,9,9,6,2,12,0,0,0,1,13,30223,6,1,0,0,3,3,68,159,98,0,0,0,0,0,0,0,0,0,38,0,0,0,1,2,55,1,1,2,1,20,3,1,17,1,1,1,89,1,0
13,130303,2,2,1,6,1,17,46,12,6,1,0,13,1,49,402,49402,14,2000,JT3GP10V7Y00,J,T,3,G,P,1,0,V,7,Y,0,0,0,P,TOYT,RV4,UT,0,17,2668,,0,949,,G,,0,0,000000000,00000000000,0,0,0,1,0,0,0,0,0,0,0,998,0,0,0,12,12,6,2,12,0,0,0,1,13,30014,6,1,0,0,3,0,66,130,98,0,0,0,0,0,0,0,0,0,0,0,0,0,1,2,55,1,1,2,1,0,0,1,66,4,2,1,88,0,0
13,130304,1,2,1,24,2,17,28,12,1,1,0,13,1,35,401,35401,14,2008,5N1BR18A08C6,5,N,1,B,R,1,8,A,0,8,C,6,0,P,NISS,PFI,UT,8,17,4811,,0,1122,,G,,0,0,000000000,00000000000,0,0,0,1,0,0,0,0,0,0,0,998,0,0,0,12,12,6,2,12,32,0,0,1,13,30034,6,1,0,0,3,3,76,290,98,0,0,0,0,0,0,0,0,0,26,0,0,0,1,2,35,1,1,1,1,0,0,1,50,99,1,1,20,1,0
13,130304,2,2,1,24,2,17,28,12,1,1,0,13,1,35,402,35402,14,2001,5N1ED28T41C5,5,N,1,E,D,2,8,T,4,1,C,5,0,P,NISS,XTR,UT,1,17,3546,,0,1043,,G,,0,0,000000000,00000000000,0,0,0,1,0,0,0,0,0,0,0,0,0,0,0,6,6,4,3,12,32,0,0,1,13,30034,6,1,0,0,3,0,69,256,98,0,0,0,0,0,0,0,0,0,0,0,0,0,1,2,35,1,1,1,1,0,0,5,53,1,1,1,21,0,0
13,130305,1,1,1,23,3,21,19,8,0,1,0,13,2,12,401,12401,14,1999,1FMZU34E6XUA,1,F,M,Z,U,3,4,E,6,X,U,A,0,P,FORD,EPR,UT,99,17,4128,,0,1116,,G,,0,0,000000000,00000000000,0,0,0,1,0,0,0,0,0,0,0,998,0,0,0,12,12,2,3,8,0,0,0,1,13,31008,6,2,0,0,3,0,66,135,98,0,0,0,0,0,0,0,0,0,86,0,0,0,1,4,40,1,1,2,1,3,3,1,80,99,1,1,13,0,0
13,130306,1,2,1,11,4,12,20,12,6,1,0,13,1,14,15,14015,4,1990,1MEPM36X1LK6,1,M,E,P,M,3,6,X,1,L,K,6,0,P,MERC,TGS,4D,90,17,2602,,0,999,,G,,0,0,000000000,00000000000,0,0,0,1,0,0,0,0,0,0,0,998,0,0,0,9,9,6,2,12,32,0,0,1,13,31410,6,1,0,0,3,3,68,140,98,0,0,0,0,0,0,0,0,0,38,0,0,0,1,4,35,1,1,2,1,29,9,1,66,99,1,1,89,1,0
13,130306,2,2,1,11,4,12,20,12,6,1,0,13,1,7,21,7021,6,2006,2D4FV47T76H3,2,D,4,F,V,4,7,T,7,6,H,3,0,P,DODG,MGN,UT,6,17,3751,,0,1200,,G,,0,0,000000000,00000000000,0,0,0,1,0,0,0,0,0,0,0,998,0,0,0,12,12,6,2,12,0,0,0,1,13,31414,6,1,0,0,3,0,59,125,98,0,0,0,0,0,0,0,0,0,0,0,0,0,1,4,35,1,1,2,1,0,0,1,71,99,1,1,88,0,0
13,130308,1,3,1,19,4,17,30,12,6,1,0,13,1,63,32,63032,4,2007,KNADE1230762,K,N,A,D,E,1,2,3,0,7,6,2,0,P,KIA,RBL,4D,7,17,2365,,0,984,,G,,0,0,000000000,00000000000,0,0,0,1,0,0,0,0,0,0,0,998,0,0,0,1,9,6,2,12,32,0,0,1,13,31406,6,1,0,0,3,3,60,122,98,0,0,0,0,0,0,0,0,0,39,0,0,0,1,4,35,1,1,2,1,3,3,15,17,99,9,2,87,1,0
13,130308,2,3,1,19,4,17,30,12,6,1,0,92,0,41,37,41037,4,1991,1YVGD22B0M51,1,Y,V,G,D,2,2,B,0,M,5,1,0,P,MAZD,6DL,4D,91,17,2610,,0,1014,,G,,0,0,000000000,00000000000,0,0,0,1,0,0,0,0,0,0,0,998,0,0,0,12,12,4,3,12,0,0,0,1,13,31419,6,1,0,0,3,0,64,110,98,0,0,0,0,0,0,0,0,0,0,0,0,0,1,3,35,1,1,2,1,3,3,1,66,99,1,1,86,0,0
13,130308,3,3,2,19,4,17,30,12,6,1,0,51,1,59,401,59401,14,2001,JTJHF10U0101,J,T,J,H,F,1,0,U,0,1,0,1,0,P,LEXS,RX3,UT,1,17,3924,,0,1031,,G,,0,0,000000000,00000000000,0,0,0,1,0,0,0,0,0,0,0,0,0,0,0,11,11,2,1,12,0,0,0,1,51,23238,6,1,0,0,3,0,69,130,0,0,0,0,1,9,2008,9,2008,0,0,0,0,0,1,4,35,1,1,2,1,3,3,5,62,1,1,1,98,0,0
13,130309,1,1,2,24,4,20,6,1,0,1,0,13,2,12,37,12037,2,2003,3FAFP313X3R1,3,F,A,F,P,3,1,3,X,3,R,1,0,P,FORD,FZX,3P,3,17,2551,,0,1030,,G,,0,0,000000000,00000000000,0,0,0,1,0,0,0,0,0,0,0,998,0,2,3,0,0,4,3,1,0,0,0,1,13,30180,6,1,5,0,3,0,65,180,98,5,0,0,2,6,2007,6,2007,1,87,28,0,0,3,3,70,1,6,8,2,0,0,1,6,99,9,4,98,1,0
13,130310,1,2,1,25,4,4,7,12,2,1,0,13,2,34,37,34037,4,1998,WBAGJ8326WDM,W,B,A,G,J,8,3,2,6,W,D,M,0,P,BMW,7IL,4D,98,17,4288,,0,1209,,G,,0,0,000000000,00000000000,0,0,0,1,0,0,0,0,0,0,0,998,0,0,0,12,12,6,2,12,0,0,0,1,47,38120,9,9,99,9,9,9,999,999,99,99,99,99,99,99,9999,99,9999,0,51,0,0,0,3,5,55,1,1,2,2,0,0,1,98,1,1,1,52,0,1
13,130310,2,2,1,25,4,4,7,12,2,1,0,12,1,59,34,59034,4,1999,JT8BD68S5X00,J,T,8,B,D,6,8,S,5,X,0,0,0,P,LEXS,GS3,4D,99,17,3638,,0,1102,,G,,0,0,000000000,00000000000,0,0,0,1,0,0,0,0,0,0,0,998,0,0,0,12,12,6,2,12,0,0,0,1,12,30168,1,1,0,0,2,0,74,999,0,8,0,1,2,12,2007,1,2010,0,0,0,0,0,3,5,55,1,1,2,1,0,0,1,54,1,1,1,52,1,1
13,130311,1,1,1,25,4,2,41,42,0,1,0,13,2,37,31,37031,2,1994,1HGEJ2126RL0,1,H,G,E,J,2,1,2,6,R,L,0,0,P,HOND,CID,CP,94,17,2168,,0,1032,,G,,0,0,000000000,00000000000,0,0,0,1,0,0,0,0,0,0,0,998,0,1,6,1,13,6,2,1,0,0,0,1,13,30567,0,0,0,0,0,0,66,145,98,0,0,0,0,0,0,0,0,0,0,0,0,0,1,2,55,2,2,2,2,0,0,14,12,1,4,4,7,1,1
13,130312,1,2,1,25,4,13,34,12,6,1,0,13,1,59,32,59032,4,2002,JTHBN30F5200,J,T,H,B,N,3,0,F,5,2,0,0,0,P,LEXS,L43,4D,2,17,3955,,0,1152,,G,,0,0,000000000,00000000000,0,0,0,1,0,0,0,0,0,0,0,998,0,0,0,12,12,4,3,12,0,0,0,1,13,30721,6,1,0,0,3,3,70,180,98,0,0,0,1,11,2007,11,2007,0,38,0,0,0,1,2,55,1,1,2,1,20,3,1,17,1,1,1,86,0,0
13,130312,2,2,4,25,4,13,34,12,6,1,0,13,1,20,16,20016,4,2003,1G1JF52F2371,1,G,1,J,F,5,2,F,2,3,7,1,0,P,CHEV,CAS,4D,3,17,2676,,0,1041,,G,,0,0,000000000,00000000000,0,0,0,1,0,0,0,0,0,0,0,998,0,0,0,1,1,6,2,12,0,0,0,1,13,30540,6,1,0,0,3,0,63,120,98,0,0,0,0,0,0,0,0,0,0,0,0,0,1,2,55,1,1,2,1,0,0,1,66,1,1,1,87,2,0
13,130313,1,1,1,26,4,21,7,42,0,1,0,13,1,20,471,20471,30,1989,1GCCS19Z0K21,1,G,C,C,S,1,9,Z,0,K,2,1,0,T,CHEV,S14,PC,89,17,,1,0,1229,S,G,,0,0,000000000,00000000000,0,0,0,1,0,0,0,0,0,0,0,998,0,0,0,12,12,6,2,42,0,0,0,1,13,30066,6,1,0,0,3,0,60,103,98,0,0,0,1,1,2010,1,2010,0,0,0,0,0,1,2,45,3,1,2,1,0,0,14,13,7,1,4,1,1,0
13,130314,1,2,1,27,4,19,41,12,6,1,0,13,1,13,1,13001,4,1993,1LNLM81W1PY6,1,L,N,L,M,8,1,W,1,P,Y,6,0,P,LINC,EXC,4D,93,17,4024,,0,1174,,G,,0,0,000000000,00000000000,0,0,0,1,0,0,0,0,0,0,0,998,0,0,0,12,12,6,2,12,0,0,0,1,13,31706,6,1,0,0,3,0,63,185,98,0,0,0,1,4,2009,4,2009,0,39,91,0,0,1,4,45,1,1,2,1,3,3,1,17,1,1,1,86,0,0
13,130314,2,2,4,27,4,19,41,12,6,1,0,13,1,20,19,20019,4,1993,1G1LT53T3PY2,1,G,1,L,T,5,3,T,3,P,Y,2,0,P,CHEV,COL,4D,93,17,2763,,0,1034,,G,,0,0,000000000,00000000000,0,0,0,1,0,0,0,0,0,0,0,998,0,0,0,3,3,6,2,12,0,0,0,1,13,31705,6,1,6,0,3,3,64,236,98,0,0,1,2,8,2008,9,2008,0,0,0,0,0,1,4,45,1,1,2,1,0,0,1,66,1,1,1,87,1,0
13,130315,1,1,1,27,4,13,38,34,0,1,0,13,1,13,421,13421,15,2003,5LMFU27R23LJ,5,L,M,F,U,2,7,R,2,3,L,J,0,P,LINC,NAV,UT,3,17,5822,,0,1190,,G,,0,0,000000000,00000000000,0,0,0,1,0,0,0,0,0,0,0,998,0,0,0,14,12,6,2,2,32,0,1,1,13,31022,6,1,0,0,3,0,71,145,98,0,0,0,0,0,0,0,0,0,0,0,0,0,1,2,55,3,2,2,1,98,8,14,13,1,1,4,1,1,0
13,130316,1,2,2,28,4,21,41,12,1,1,0,13,1,13,1,13001,4,2001,1LNHM82W31Y6,1,L,N,H,M,8,2,W,3,1,Y,6,0,P,LINC,SIG,4D,1,17,4070,,0,1177,,G,,0,0,000000000,00000000000,0,0,0,1,0,0,0,0,0,0,0,998,0,0,0,12,12,6,2,2,32,0,1,1,13,31519,6,1,0,0,3,3,70,215,98,0,0,0,0,0,0,0,0,0,26,0,0,0,1,2,55,1,1,2,1,0,0,1,51,1,1,1,24,2,0
13,130316,2,2,1,28,4,21,41,12,1,1,0,93,3,87,881,87881,66,1994,1XPCDR9X0RN3,1,X,P,C,D,R,9,X,0,R,N,3,1,T,PTRB,377,DS,94,17,,8,0,0,CON,D,,1,57,1490520,571490520,3,6,3,1,0,0,0,0,0,0,0,998,0,0,0,6,6,2,1,12,0,0,0,1,12,32068,6,1,6,3,3,0,69,999,0,0,0,2,1,9,2007,2,2010,0,0,0,0,0,1,2,55,1,1,2,1,0,0,1,53,1,1,1,25,0,0
13,130317,1,1,1,28,4,13,30,34,0,1,0,12,1,20,16,20016,4,2004,1G1ZU64824F1,1,G,1,Z,U,6,4,8,2,4,F,1,0,P,CHEV,XLT,4D,4,17,3476,,0,1123,,G,,0,0,000000000,00000000000,0,0,0,1,0,0,0,0,0,0,0,998,0,1,6,14,13,6,2,42,0,0,0,1,12,33578,6,1,0,0,3,0,64,999,0,0,0,0,0,0,0,0,0,0,0,0,0,0,3,3,70,1,6,2,1,0,0,1,8,1,3,4,2,1,0
13,130318,1,1,2,28,4,8,58,34,0,1,0,13,1,21,21,21021,4,2002,1G3NL52F52C1,1,G,3,N,L,5,2,F,5,2,C,1,0,P,OLDS,A/G,4D,2,17,3016,,0,1070,,G,,0,0,000000000,00000000000,0,0,0,1,0,0,0,0,0,0,0,998,0,1,6,3,3,6,2,1,0,0,0,1,13,31075,6,1,0,0,3,0,59,120,98,0,0,0,0,0,0,0,0,0,0,0,0,0,1,2,45,1,2,2,1,0,0,1,8,1,1,4,6,1,0
13,130319,1,1,1,29,4,2,41,34,0,1,0,13,1,2,404,2404,14,2000,1J4GW58N9YC2,1,J,4,G,W,5,8,N,9,Y,C,2,0,T,JEEP,LMT,4W,0,17,,1,0,1059,GCK,G,,0,0,000000000,00000000000,0,0,0,1,0,0,0,0,0,0,0,998,0,1,6,14,61,6,2,2,0,0,1,1,13,30062,6,1,0,0,3,0,71,135,98,0,0,2,1,6,2007,11,2009,0,0,0,0,0,1,2,35,2,1,2,1,0,0,14,13,1,1,4,1,1,1