STATE,ST_CASE,VEH_NO,VE_FORMS,NUMOCCS,DAY,MONTH,HOUR,MINUTE,HARM_EV,MAN_COLL,UNITTYPE,HIT_RUN,REG_STAT,OWNER,MAKE,MODEL,MAK_MOD,BODY_TYP,MOD_YEAR,VIN,VIN_1,VIN_2,VIN_3,VIN_4,VIN_5,VIN_6,VIN_7,VIN_8,VIN_9,VIN_10,VIN_11,VIN_12,TOW_VEH,VINTYPE,VINMAKE,VINA_MOD,VIN_BT,VINMODYR,VIN_LNGT,VIN_WGT,WGTCD_TR,WHLBS_LG,WHLBS_SH,SER_TR,FUELCODE,MCYCL_DS,J_KNIFE,MCARR_I1,MCARR_I2,MCARR_ID,GVWR,V_CONFIG,CARGO_BT,HAZ_INV,HAZ_PLAC,HAZ_ID,HAZ_CNO,HAZ_REL,BUS_USE,SPEC_USE,EMER_USE,TRAV_SP,UNDERIDE,ROLLOVER,ROLINLOC,IMPACT1,IMPACT2,DEFORMED,TOWED,M_HARM,VEH_SC1,VEH_SC2,FIRE_EXP,DR_PRES,L_STATE,DR_ZIP,L_STATUS,L_TYPE,CDL_STAT,L_ENDORS,L_COMPL,L_RESTRI,DR_HGT,DR_WGT,PREV_ACC,PREV_SUS,PREV_DWI,PREV_SPD,PREV_OTH,FIRST_MO,FIRST_YR,LAST_MO,LAST_YR,SPEEDREL,DR_SF1,DR_SF2,DR_SF3,DR_SF4,VTRAFWAY,VNUM_LAN,VSPD_LIM,VALIGN,VPROFILE,VPAVETYP,VSURCOND,VTRAFCON,VTCONT_F,P_CRASH1,P_CRASH2,P_CRASH3,PCRASH4,PCRASH5,ACC_TYPE,DEATHS,DR_DRINK
13,130355,2,2,3,11,5,17,27,12,2,1,0,13,1,37,441,37441,20,2003,5FNRL18013B1,5,F,N,R,L,1,8,0,1,3,B,1,0,P,HOND,UDY,SV,3,17,4376,,0,1181,,G,,0,0,000000000,00000000000,0,0,0,1,0,0,0,0,0,0,0,998,0,0,0,12,12,6,2,12,0,0,0,1,13,30680,6,1,0,0,3,3,67,125,98,0,0,0,0,0,0,0,0,0,0,0,0,0,1,2,55,1,2,2,1,0,0,1,62,2,1,1,51,0,0
13,130356,1,2,2,11,5,15,58,12,6,1,0,13,2,20,37,20037,4,2000,1G1NE52J4Y61,1,G,1,N,E,5,2,J,4,Y,6,1,0,P,CHEV,M/L,4D,0,17,3077,,0,1070,,G,,0,0,000000000,00000000000,0,0,0,1,0,0,0,0,0,0,0,998,0,0,0,3,3,6,2,12,0,0,0,1,13,30062,6,1,0,0,3,0,63,142,98,0,0,0,0,0,0,0,0,0,38,91,0,0,1,2,35,2,2,2,1,3,3,11,15,1,1,1,82,1,0
13,130356,2,2,1,11,5,15,58,12,6,1,0,13,1,37,32,37032,4,2009,1HGCP26819A1,1,H,G,C,P,2,6,8,1,9,A,1,0,P,HOND,AXL,4D,9,17,3373,,0,1102,,G,,0,0,000000000,00000000000,0,0,0,1,0,0,0,0,0,0,0,998,0,0,0,12,12,6,2,12,0,0,0,1,13,30068,6,1,0,0,3,3,62,100,98,0,0,0,0,0,0,0,0,0,0,0,0,0,3,2,45,2,2,2,1,3,3,14,17,1,1,1,83,0,0
13,130357,1,1,1,12,5,16,36,35,0,1,0,13,1,20,481,20481,31,1989,1GCDC14HXKZ2,1,G,C,D,C,1,4,H,X,K,Z,2,0,T,CHEV,GC1,PK,89,17,,1,1315,1175,GM4,G,,0,0,000000000,00000000000,0,0,0,1,0,0,0,0,0,0,0,998,0,1,6,14,98,6,2,1,0,0,0,1,13,30121,6,1,0,0,3,0,72,185,98,0,0,0,0,0,0,0,0,0,0,0,0,0,2,2,65,3,2,2,2,0,0,14,10,7,2,4,2,1,0
13,130358,1,1,2,12,5,3,8,32,0,1,0,13,3,20,421,20421,15,2003,1GNEC13V13J2,1,G,N,E,C,1,3,V,1,3,J,2,0,P,CHEV,CTA,UT,3,17,4828,,0,1160,,G,,0,0,000000000,00000000000,0,0,0,1,0,0,0,0,0,0,0,998,0,0,0,14,12,6,2,42,0,0,0,1,13,31647,6,1,0,0,3,0,73,195,98,3,0,1,0,5,2007,5,2008,0,0,0,0,0,1,2,55,1,1,2,1,0,0,1,10,1,1,4,6,1,1
13,130359,1,1,1,14,5,3,51,59,0,1,0,13,1,12,471,12471,30,1997,1FTCR14U7VTA,1,F,T,C,R,1,4,U,7,V,T,A,0,T,FORD,RNS,PS,97,17,,1,0,1250,RNG,G,,0,0,000000000,00000000000,0,0,0,1,0,0,0,0,0,0,0,998,0,0,0,12,12,6,2,42,0,0,0,1,13,30662,6,1,6,0,3,0,69,240,98,0,0,0,3,7,2007,3,2010,0,0,0,0,0,1,2,55,2,2,2,1,0,0,14,10,1,1,4,6,1,1
13,130360,1,2,1,15,5,18,5,12,2,1,0,13,1,12,17,12017,4,2002,1FAHP56S02A1,1,F,A,H,P,5,6,S,0,2,A,1,0,P,FORD,TEL,4D,2,17,3408,,0,1085,,G,,0,0,000000000,00000000000,0,0,0,1,0,0,0,0,0,0,0,998,0,0,0,12,12,6,2,12,0,0,0,1,13,30817,6,1,0,0,3,0,66,240,98,0,0,0,0,0,0,0,0,0,0,0,0,0,1,2,55,1,2,2,1,28,3,1,62,1,1,1,51,1,0
13,130360,2,2,1,15,5,18,5,12,2,1,0,13,1,18,2,18002,4,1993,1G4HR53L7PH5,1,G,4,H,R,5,3,L,7,P,H,5,0,P,BUIC,LLF,4D,93,17,3360,,0,1108,,G,,0,0,000000000,00000000000,0,0,0,1,0,0,0,0,0,0,0,998,0,0,0,12,12,6,2,12,0,0,0,1,13,30909,1,1,0,0,2,0,64,155,98,1,0,0,0,11,2008,11,2008,0,28,0,0,0,1,2,55,1,2,2,1,28,3,1,10,1,1,2,50,1,0
13,130361,1,2,3,16,5,5,11,12,1,1,0,13,3,2,407,2407,14,2010,1J4NT2GBXAD5,1,J,4,N,T,2,G,B,X,A,D,5,0,T,JEEP,SPO,4W,10,17,,1,0,1037,PRT,G,,0,0,000000000,00000000000,0,0,0,1,0,0,0,0,0,0,0,998,0,0,0,12,12,6,2,12,0,0,0,1,37,28311,6,1,0,0,3,0,70,999,0,0,0,0,0,0,0,0,0,0,26,0,0,0,3,7,55,1,1,1,1,98,8,1,51,1,1,1,28,1,1
13,130361,2,2,1,16,5,5,11,12,1,1,0,13,3,82,883,82883,63,2003,1FVHA6CV73LL,1,F,V,H,A,6,C,V,7,3,L,L,0,T,FRHT,COL,TM,3,17,,8,0,0,CON,D,,0,57,1603346,571603346,3,2,4,1,0,0,0,0,0,0,0,998,0,0,0,6,6,4,1,12,0,0,0,1,13,30039,6,1,6,0,3,0,66,200,98,0,0,0,0,0,0,0,0,0,0,0,0,0,3,7,55,1,1,1,1,98,8,2,53,1,1,1,29,0,0
13,130362,1,2,1,17,5,4,48,24,0,1,0,13,2,59,33,59033,2,1993,JT8UZ30C5P00,J,T,8,U,Z,3,0,C,5,P,0,0,0,P,LEXS,SC4,CP,93,17,3585,,0,1059,,G,,0,0,000000000,00000000000,0,0,0,1,0,0,0,0,0,0,0,998,0,0,0,9,98,6,2,12,0,0,0,1,13,30318,6,1,0,0,3,3,71,220,98,3,0,0,0,12,2007,3,2010,1,28,0,0,0,3,3,55,1,2,2,2,98,8,6,8,1,3,4,98,1,0
13,130362,2,2,1,17,5,4,48,24,0,1,0,92,0,20,481,20481,31,1999,2GCEC19T4X11,2,G,C,E,C,1,9,T,4,X,1,1,0,T,CHEV,SC1,3C,99,17,,2,1575,1435,SIL,G,,0,0,000000000,00000000000,0,0,0,1,0,0,0,0,0,0,0,998,0,0,0,12,12,6,2,12,0,0,0,1,13,30814,6,1,0,0,3,0,65,150,98,0,0,0,0,0,0,0,0,0,0,0,0,0,3,3,55,1,2,2,5,98,8,1,60,1,1,1,98,0,0
13,130363,1,1,1,22,5,2,20,30,0,1,0,13,2,54,36,54036,4,1996,JH4KA9640TC0,J,H,4,K,A,9,6,4,0,T,C,0,0,P,ACUR,35R,4D,96,17,3554,,0,1146,,G,,0,0,000000000,00000000000,0,0,0,1,0,0,0,0,0,0,0,998,0,1,6,12,12,6,2,30,0,0,0,1,13,30043,6,1,0,0,3,0,71,215,98,0,0,0,0,0,0,0,0,0,0,0,0,0,1,2,45,2,1,2,2,0,0,14,13,1,1,4,1,1,1
13,130364,1,1,1,23,5,7,7,34,0,1,0,13,1,20,481,20481,31,1995,1GCGC24K1SZ2,1,G,C,G,C,2,4,K,1,S,Z,2,0,T,CHEV,GC2,PK,95,17,,2,0,1315,GM4,G,,0,0,000000000,00000000000,0,0,0,1,0,0,0,0,0,0,0,998,0,1,6,12,98,6,2,42,0,0,0,1,13,39817,6,1,0,0,3,3,68,175,98,6,2,1,3,3,2008,4,2009,1,0,0,0,0,1,2,55,2,2,2,1,0,0,14,6,7,1,4,1,1,0
13,130365,1,1,4,5,2,1,40,1,0,1,0,13,2,13,12,13012,4,2000,1LNHM87A9YY9,1,L,N,H,M,8,7,A,9,Y,Y,9,0,P,LINC,LLS,4D,0,17,3692,,0,1145,,G,,0,0,000000000,00000000000,0,0,0,1,0,0,0,0,0,0,0,998,0,2,5,0,0,6,2,1,0,0,0,1,13,31313,3,1,0,0,2,3,67,150,98,0,0,0,0,0,0,0,0,0,29,0,0,0,1,2,45,2,1,8,1,0,0,14,12,1,9,4,7,1,1
13,130366,1,4,1,30,4,12,15,12,1,1,0,13,2,98,709,98709,81,2008,000000000000,0,0,0,0,0,0,0,0,0,0,0,0,0,U,,,,,17,,,,,,,,0,0,000000000,00000000000,0,0,0,1,0,0,0,0,0,0,0,998,0,0,0,6,6,4,3,12,0,0,0,1,13,30214,6,1,0,0,3,3,62,200,98,0,0,0,0,0,0,0,0,0,0,0,0,0,1,2,55,1,1,2,1,0,0,2,18,1,1,1,29,0,0
13,130366,2,4,1,30,4,12,15,12,1,1,0,13,1,12,402,12402,14,2007,1FMYU03167KB,1,F,M,Y,U,0,3,1,6,7,K,B,0,P,FORD,SPE,UT,7,17,3156,,0,1031,,G,,0,0,000000000,00000000000,0,0,0,1,0,0,0,0,0,0,0,998,0,0,0,12,6,6,2,12,0,0,0,1,13,30187,6,1,0,0,3,0,64,105,98,0,0,0,0,0,0,0,0,0,26,0,0,0,1,2,55,1,1,2,1,0,0,1,52,99,1,1,28,0,0
13,130366,3,4,1,30,4,12,15,12,1,1,0,13,1,12,481,12481,31,2004,1FTPW14534KD,1,F,T,P,W,1,4,5,3,4,K,D,0,T,FORD,F1S,CW,4,17,,2,1450,1260,COF,G,,0,0,000000000,00000000000,0,0,0,1,0,0,0,0,0,0,0,998,0,0,0,12,12,6,2,12,0,0,0,1,13,30265,6,1,0,0,3,0,66,160,98,0,0,1,0,3,2010,3,2010,0,26,28,0,0,1,2,55,1,1,2,1,0,0,1,52,8,1,1,98,0,0
13,130366,4,4,1,30,4,12,15,12,1,1,0,13,2,35,47,35047,4,2004,1N4AL11D54C1,1,N,4,A,L,1,1,D,5,4,C,1,0,P,NISS,ABS,4D,4,17,2913,,0,1102,,G,,0,0,000000000,00000000000,0,0,0,1,0,0,0,0,0,0,0,998,0,0,0,12,12,6,2,12,0,0,0,1,13,30179,6,1,0,0,3,0,73,205,98,0,0,0,0,0,0,0,0,0,0,0,0,0,1,2,55,1,1,2,1,0,0,1,62,99,1,1,98,1,0
13,130367,1,2,1,2,5,20,22,12,2,1,0,99,9,35,43,35043,4,1994,JN1EB31P8RU3,J,N,1,E,B,3,1,P,8,R,U,3,0,P,NISS,SEL,4D,94,17,2346,,0,957,,G,,0,0,000000000,00000000000,0,0,0,1,0,0,0,0,0,0,0,998,0,0,0,12,12,6,2,12,0,0,0,1,13,31545,0,0,0,0,0,0,999,999,98,0,0,0,0,0,0,0,0,0,28,0,0,0,1,2,55,1,1,2,1,0,0,1,10,99,1,2,50,1,1
13,130367,2,2,1,2,5,20,22,12,2,1,0,13,1,19,3,19003,4,1989,1G6CD5157K42,1,G,6,C,D,5,1,5,7,K,4,2,0,P,CADI,DFW,4D,89,17,3302,,0,1138,,G,,0,0,000000000,00000000000,0,0,0,1,0,0,0,0,0,0,0,998,0,0,0,12,12,6,2,12,0,0,0,1,13,31502,6,1,0,0,3,0,68,180,98,0,0,0,0,0,0,0,0,0,0,0,0,0,1,2,55,1,1,2,1,0,0,1,62,99,1,1,51,0,0
13,130368,1,2,1,3,5,22,44,12,1,1,0,13,2,6,441,6441,20,1998,1C4GP64L0WB5,1,C,4,G,P,6,4,L,0,W,B,5,0,P,CHRY,TWC,SV,98,17,4090,,0,1193,,G,,0,0,000000000,00000000000,0,0,0,1,0,0,0,0,0,0,0,998,3,0,0,12,12,6,2,12,0,0,0,1,13,31217,6,1,0,0,3,0,73,160,98,0,0,0,0,0,0,0,0,0,26,0,0,0,1,2,45,1,1,2,2,0,0,1,51,1,1,1,24,1,1
13,130368,2,2,1,3,5,22,44,12,1,1,0,45,3,82,881,82881,66,1999,1FUPCSZB2XL9,1,F,U,P,C,S,Z,B,2,X,L,9,1,T,FRHT,FLD,DS,99,17,,8,0,0,CON,D,,1,57,692068,57692068,3,6,1,1,0,0,0,0,0,0,0,998,0,0,0,6,6,2,1,12,0,0,0,1,45,29812,6,1,6,0,3,0,76,196,0,0,0,0,2,3,2010,3,2010,0,0,0,0,0,1,2,45,1,1,2,2,0,0,1,53,1,1,1,25,0,0
13,130369,1,1,1,3,5,12,0,32,0,1,0,13,3,12,481,12481,31,2002,1FTRF17272KA,1,F,T,R,F,1,7,2,7,2,K,A,0,T,FORD,F15,PK,2,17,,2,1385,1199,COF,G,,0,0,000000000,00000000000,0,0,0,1,0,0,0,0,0,0,0,998,0,1,5,12,11,4,3,1,0,0,0,1,13,30205,6,1,0,0,3,3,70,280,98,0,0,1,1,5,2007,4,2009,0,29,0,0,0,1,2,55,3,1,8,2,0,0,14,12,1,9,4,7,1,0
13,130370,1,2,1,5,5,13,16,12,6,1,0,13,2,35,471,35471,30,1986,1N6ND01SXGC3,1,N,6,N,D,0,1,S,X,G,C,3,0,T,NISS,USS,PK,86,17,,1,1108,1014,720,G,,0,0,000000000,00000000000,0,0,0,1,0,0,0,0,0,0,0,998,0,0,0,3,3,6,2,12,0,0,0,1,13,30707,6,1,0,0,3,0,72,170,98,0,0,0,0,0,0,0,0,0,38,0,0,0,3,2,55,1,2,2,1,3,3,11,15,1,1,2,68,1,0
13,130370,2,2,4,5,5,13,16,12,6,1,0,13,3,20,431,20431,16,1997,1GBFK16R0VJ3,1,G,B,F,K,1,6,R,0,V,J,3,0,P,CHEV,K15,UT,97,17,0,,0,1315,,,,0,0,000000000,00000000000,0,0,0,1,0,0,0,0,0,0,0,998,0,0,0,12,12,6,2,12,0,0,0,1,13,30739,6,1,0,0,3,0,71,200,98,1,0,2,2,2,2008,8,2009,0,0,0,0,0,3,2,55,1,2,2,1,0,0,1,66,99,1,1,69,0,0
13,130371,1,2,1,7,5,13,18,12,6,1,0,13,1,49,472,49472,30,2001,5TEPM62N41Z7,5,T,E,P,M,6,2,N,4,1,Z,7,0,T,TOYT,REG,PK,1,17,,1,0,1033,TAC,G,,0,0,000000000,00000000000,0,0,0,1,0,0,0,0,0,0,0,998,0,0,0,8,8,4,3,12,0,0,0,1,13,30135,6,1,0,0,3,0,70,160,98,0,0,0,0,0,0,0,0,1,28,91,0,0,1,2,45,3,6,8,1,0,0,14,6,7,3,2,64,0,1
13,130371,2,2,1,7,5,13,18,12,6,1,0,13,1,72,706,72706,80,2009,1HD1CX3109K4,1,H,D,1,C,X,3,1,0,9,K,4,0,M,HD,C1U,RS,9,17,,,,,,,1202,0,0,000000000,00000000000,0,0,0,1,0,0,0,0,0,0,0,998,0,0,0,12,12,6,2,12,0,0,0,1,13,30135,6,1,6,0,3,3,67,180,98,0,0,0,0,0,0,0,0,0,0,0,0,0,1,2,45,1,5,8,1,0,0,1,62,99,2,1,65,1,0
13,130372,1,1,3,8,5,18,14,53,0,1,0,13,2,20,2,20002,4,2002,2G1WF55E7291,2,G,1,W,F,5,5,E,7,2,9,1,0,P,CHEV,IMP,4D,2,17,3389,,0,1105,,G,,0,0,000000000,00000000000,0,0,0,1,0,0,0,0,0,0,0,998,0,0,0,12,9,6,2,42,0,0,0,1,13,30014,6,2,0,0,3,0,69,230,98,0,0,1,1,3,2009,12,2009,0,29,0,0,0,1,2,45,3,1,8,1,0,0,14,13,1,1,4,1,2,0
13,130373,1,1,1,13,5,1,53,42,0,1,0,13,2,20,23,20023,6,2006,3GNDA23P96S5,3,G,N,D,A,2,3,P,9,6,S,5,0,P,CHEV,HHR,UT,6,17,3155,,0,1035,,G,,0,0,000000000,00000000000,0,0,0,1,0,0,0,0,0,0,0,998,0,1,5,12,12,6,2,42,0,0,0,1,13,30642,0,0,0,0,0,0,999,999,98,1,0,0,1,2,2008,2,2008,0,29,0,0,0,1,2,50,1,6,8,1,0,0,1,12,6,2,4,7,1,1
13,130374,1,1,2,13,5,21,21,32,0,1,0,13,2,2,403,2403,14,2008,1J4FA24198L6,1,J,4,F,A,2,4,1,9,8,L,6,0,T,JEEP,WXR,2W,8,17,,1,0,954,WRA,G,,0,0,000000000,00000000000,0,0,0,1,0,0,0,0,0,0,0,998,0,1,2,12,13,6,2,1,0,0,0,1,99,99999,9,9,99,0,9,9,999,999,99,99,99,99,99,99,9999,99,9999,0,29,0,0,0,1,2,35,1,1,8,1,0,0,1,13,9,3,4,2,2,0
13,130375,1,3,1,19,5,16,28,12,1,1,0,13,1,13,1,13001,4,2005,1LNHM81W65Y6,1,L,N,H,M,8,1,W,6,5,Y,6,0,P,LINC,SIG,4D,5,17,4359,,0,1177,,G,,0,0,000000000,00000000000,0,0,0,1,0,0,0,0,0,0,0,998,0,0,0,12,12,6,2,12,0,0,0,1,13,30222,6,1,0,0,3,3,74,240,98,0,0,0,0,0,0,0,0,0,26,0,0,0,1,2,55,1,6,8,1,0,0,1,50,1,1,1,20,0,0
13,130375,2,3,2,19,5,16,28,12,1,1,0,13,1,12,37,12037,4,2007,1FAFP34N17W1,1,F,A,F,P,3,4,N,1,7,W,1,0,P,FORD,FMS,4D,7,17,2636,,0,1029,,G,,0,0,000000000,00000000000,0,0,0,1,0,0,0,0,0,0,0,0,0,0,0,6,12,6,2,12,0,0,0,1,13,30259,6,1,6,0,3,3,76,208,98,0,0,0,0,0,0,0,0,0,0,0,0,0,1,2,55,1,6,8,1,0,0,5,53,1,1,1,22,1,0
13,130375,3,3,1,19,5,16,28,12,1,1,0,13,3,12,481,12481,31,2001,1FDNF20L11ED,1,F,D,N,F,2,0,L,1,1,E,D,0,T,FORD,F2S,PK,1,17,,2,0,1370,SRW,G,,0,0,000000000,00000000000,0,0,0,1,0,0,0,0,0,0,0,0,0,0,0,6,6,2,1,12,0,0,0,1,13,30259,6,1,6,0,3,0,70,190,98,0,0,0,0,0,0,0,0,0,0,0,0,0,1,2,55,1,6,8,1,0,0,5,53,1,1,1,98,0,0
13,130376,1,1,1,19,5,11,57,9,0,1,0,13,2,22,16,22016,2,2005,3G2JB12F15S1,3,G,2,J,B,1,2,F,1,5,S,1,0,P,PONT,SFR,CP,5,17,2771,,0,1041,,G,,0,0,000000000,00000000000,0,0,0,1,0,0,0,0,0,0,0,998,0,0,0,7,7,2,1,9,0,0,0,1,13,30815,6,1,0,0,3,0,68,125,98,0,0,2,0,3,2008,11,2008,0,86,0,0,0,1,4,35,2,2,2,1,0,0,11,83,1,1,1,13,0,0
13,130377,1,2,3,12,5,9,43,12,6,1,0,13,1,22,20,22020,4,2006,2G2WP552X611,2,G,2,W,P,5,5,2,X,6,1,1,0,P,PONT,GRA,4D,6,17,3477,,0,1105,,G,,0,0,000000000,00000000000,0,0,0,1,0,0,0,0,0,0,0,998,0,0,0,9,9,6,2,12,32,0,0,1,13,30297,6,1,0,0,3,3,60,130,98,0,0,0,0,0,0,0,0,0,48,0,0,0,1,2,55,1,6,2,1,0,0,12,98,1,1,2,98,1,0
13,130377,2,2,1,12,5,9,43,12,6,1,0,13,2,85,881,85881,66,2001,1XKWDB9X61J8,1,X,K,W,D,B,9,X,6,1,J,8,1,T,KW,W90,DS,1,17,,8,2850,1600,CON,D,,1,57,1885559,571885559,3,6,1,1,0,0,0,0,0,0,0,998,0,0,0,12,12,4,3,12,0,0,0,1,13,30411,6,1,6,0,3,0,72,310,98,0,0,0,0,0,0,0,0,0,0,0,0,0,1,2,55,1,6,2,1,0,0,1,51,2,1,1,98,0,0
13,130378,1,1,2,12,5,21,46,34,0,1,0,13,1,35,401,35401,14,1991,JN8HD17S9MW0,J,N,8,H,D,1,7,S,9,M,W,0,0,P,NISS,PFI,UT,91,17,3582,,0,1043,,G,,0,0,000000000,00000000000,0,0,0,1,0,0,0,0,0,0,0,998,0,1,6,14,98,6,2,1,0,0,0,1,13,31738,6,1,0,0,3,0,70,175,98,0,0,0,0,0,0,0,0,0,91,0,0,0,1,2,55,1,1,2,1,0,0,1,13,1,1,4,1,1,1
13,130379,1,2,1,13,5,16,1,12,8,1,0,13,1,20,404,20404,14,2006,2CNDL63F3660,2,C,N,D,L,6,3,F,3,6,6,0,0,P,CHEV,EQU,UT,6,17,3777,,0,1125,,G,,0,0,000000000,00000000000,0,0,0,1,0,0,0,0,0,0,0,998,0,0,0,10,12,6,2,42,32,0,0,1,13,31064,6,1,0,0,3,0,66,180,98,0,0,0,1,8,2009,8,2009,0,28,0,0,0,1,2,45,2,1,2,1,0,0,14,10,1,1,4,64,1,0
13,130379,2,2,1,13,5,16,1,12,8,1,0,13,1,35,47,35047,4,2008,1N4AL21E88N5,1,N,4,A,L,2,1,E,8,8,N,5,0,P,NISS,ATS,4D,8,17,3028,,0,1093,,G,,0,0,000000000,00000000000,0,0,0,1,0,0,0,0,0,0,0,998,0,0,0,9,9,2,1,12,0,0,0,1,13,31064,6,1,0,0,3,3,66,140,98,0,0,0,0,0,0,0,0,0,0,0,0,0,1,2,45,3,1,2,1,0,0,14,62,1,1,4,65,0,0
13,130380,1,1,2,14,5,23,15,8,0,1,0,13,1,21,23,21023,4,2000,1G3WH52H8YF2,1,G,3,W,H,5,2,H,8,Y,F,2,0,P,OLDS,IGX,4D,0,17,3455,,0,1090,,G,,0,0,000000000,00000000000,0,0,0,1,0,0,0,0,0,0,0,998,0,0,0,12,12,2,3,8,0,0,0,1,13,31806,6,1,0,0,3,3,66,160,98,5,0,1,0,7,2007,9,2008,0,0,0,0,0,1,2,55,1,6,2,1,0,0,99,80,1,1,1,13,0,0
13,130381,1,1,2,15,5,5,6,35,0,1,0,13,1,22,18,22018,2,1998,1G2NE12M3WC7,1,G,2,N,E,1,2,M,3,W,C,7,0,P,PONT,GAS,CP,98,17,2835,,0,1034,,G,,0,0,000000000,00000000000,0,0,0,1,0,0,0,0,0,0,0,998,0,1,1,14,98,6,2,1,0,0,0,1,13,31021,6,1,0,0,3,0,67,170,98,0,0,0,0,0,0,0,0,0,58,0,0,0,3,2,70,1,5,2,1,0,0,1,90,7,3,4,4,1,1
13,130382,1,2,1,16,5,4,7,12,6,1,0,13,1,12,17,12017,4,1999,1FAFP53U4XG1,1,F,A,F,P,5,3,U,4,X,G,1,0,P,FORD,TSE,4D,99,17,3353,,0,1085,,G,,0,0,000000000,00000000000,0,0,0,1,0,0,0,0,0,0,0,998,0,0,0,9,9,6,2,12,0,0,0,1,13,31721,6,1,0,0,3,0,63,120,98,1,0,1,3,7,2008,2,2010,0,39,0,0,0,5,2,30,1,1,2,1,3,3,1,17,1,1,1,89,1,0
13,130382,2,2,1,16,5,4,7,12,6,1,0,93,3,82,883,82883,66,2005,1FUJA6CK65LV,1,F,U,J,A,6,C,K,6,5,L,V,1,T,FRHT,COL,DS,5,17,,8,0,0,CON,D,,1,57,696116,57696116,3,6,1,1,0,0,0,0,0,0,0,998,0,0,0,12,12,4,3,12,0,0,0,1,13,31093,6,1,6,0,3,3,67,180,98,0,0,0,0,0,0,0,0,0,0,0,0,0,5,3,35,1,1,2,1,3,3,1,66,1,1,1,88,0,0
13,130383,1,1,1,16,5,0,6,33,0,1,0,13,2,35,39,35039,4,2007,1N4BA41E97C8,1,N,4,B,A,4,1,E,9,7,C,8,0,P,NISS,MEL,4D,7,17,3474,,0,1112,,G,,0,0,000000000,00000000000,0,0,0,1,0,0,0,0,0,0,0,998,0,0,0,14,11,6,2,42,0,0,0,1,13,30240,6,2,0,0,3,0,67,130,98,0,0,0,0,0,0,0,0,1,0,0,0,0,1,2,40,3,2,2,1,0,0,14,6,1,2,4,7,1,1
13,130384,1,2,1,17,5,9,0,12,6,1,0,13,1,18,3,18003,4,1988,1G4CW51C8J16,1,G,4,C,W,5,1,C,8,J,1,6,0,P,BUIC,EPF,4D,88,17,3248,,0,1108,,G,,0,0,000000000,00000000000,0,0,0,1,0,0,0,0,0,0,0,998,0,0,0,61,61,6,2,12,0,0,0,1,13,31008,6,1,0,0,3,3,70,170,98,0,0,0,0,0,0,0,0,0,51,0,0,0,3,3,70,1,1,2,1,0,0,1,98,1,1,2,64,1,0
13,130384,2,2,2,17,5,9,0,12,6,1,0,92,0,6,441,6441,20,2005,1C4GP45R95B4,1,C,4,G,P,4,5,R,9,5,B,4,0,P,CHRY,TWC,SV,5,17,3819,,0,1133,,G,,0,0,000000000,00000000000,0,0,0,1,0,0,0,0,0,0,0,998,0,0,0,12,12,6,2,12,0,0,0,1,12,33946,6,1,0,0,3,0,69,999,0,0,0,0,0,0,0,0,0,0,0,0,0,0,3,3,70,1,1,2,1,0,0,1,63,2,2,1,65,0,0
13,130385,1,2,1,19,5,15,18,12,6,1,0,12,3,85,881,85881,66,2007,1XKDDB9X27R2,1,X,K,D,D,B,9,X,2,7,R,2,1,T,KW,T80,DS,7,17,,8,2600,1600,CON,D,,1,57,1709260,571709260,3,6,1,1,0,0,0,0,0,0,0,998,0,0,0,12,12,6,2,12,0,0,0,1,12,32577,6,1,6,0,3,3,66,999,0,0,0,0,0,0,0,0,0,0,39,0,0,0,1,2,55,1,1,2,1,3,3,1,17,1,1,1,88,0,0
13,130385,2,2,1,19,5,15,18,12,6,1,0,13,1,12,481,12481,31,1992,1FTDF15Y2NNA,1,F,T,D,F,1,5,Y,2,N,N,A,0,T,FORD,F15,PK,92,17,,1,1330,1170,COF,G,,0,0,000000000,00000000000,0,0,0,1,0,0,0,0,0,0,0,998,0,0,0,10,10,6,2,12,0,0,0,1,13,31792,6,1,0,0,3,3,69,200,98,0,0,0,0,0,0,0,0,0,0,0,0,0,1,2,55,1,1,2,1,3,3,1,66,1,1,1,89,1,0
13,130386,1,1,1,20,5,20,12,34,0,1,0,13,1,72,709,72709,89,1977,9D393878H7,9,D,3,9,3,8,7,8,H,7,,,0,P,,,,,,,,,,,,,0,0,000000000,00000000000,0,0,0,1,0,0,0,0,0,0,0,998,0,0,0,14,12,6,2,1,0,0,0,1,13,30739,6,1,0,0,3,0,67,138,98,0,0,0,0,0,0,0,0,1,0,0,0,0,1,2,35,3,2,2,1,0,0,14,6,1,1,4,1,1,1
13,130387,1,1,1,21,5,18,48,42,0,1,0,13,1,7,481,7481,31,1982,1B7FD14E2CS2,1,B,7,F,D,1,4,E,2,C,S,2,0,T,DODG,D15,PK,82,17,,1,1490,1150,D15,G,,0,0,000000000,00000000000,0,0,0,1,0,0,0,0,0,0,0,998,0,1,1,12,12,6,2,1,32,0,0,1,13,30680,6,1,0,0,3,0,69,185,98,0,0,0,0,0,0,0,0,0,0,0,0,0,1,2,55,1,2,2,2,0,0,1,10,1,1,4,6,1,0