STATE,ST_CASE,VEH_NO,VE_FORMS,NUMOCCS,DAY,MONTH,HOUR,MINUTE,HARM_EV,MAN_COLL,UNITTYPE,HIT_RUN,REG_STAT,OWNER,MAKE,MODEL,MAK_MOD,BODY_TYP,MOD_YEAR,VIN,VIN_1,VIN_2,VIN_3,VIN_4,VIN_5,VIN_6,VIN_7,VIN_8,VIN_9,VIN_10,VIN_11,VIN_12,TOW_VEH,VINTYPE,VINMAKE,VINA_MOD,VIN_BT,VINMODYR,VIN_LNGT,VIN_WGT,WGTCD_TR,WHLBS_LG,WHLBS_SH,SER_TR,FUELCODE,MCYCL_DS,J_KNIFE,MCARR_I1,MCARR_I2,MCARR_ID,GVWR,V_CONFIG,CARGO_BT,HAZ_INV,HAZ_PLAC,HAZ_ID,HAZ_CNO,HAZ_REL,BUS_USE,SPEC_USE,EMER_USE,TRAV_SP,UNDERIDE,ROLLOVER,ROLINLOC,IMPACT1,IMPACT2,DEFORMED,TOWED,M_HARM,VEH_SC1,VEH_SC2,FIRE_EXP,DR_PRES,L_STATE,DR_ZIP,L_STATUS,L_TYPE,CDL_STAT,L_ENDORS,L_COMPL,L_RESTRI,DR_HGT,DR_WGT,PREV_ACC,PREV_SUS,PREV_DWI,PREV_SPD,PREV_OTH,FIRST_MO,FIRST_YR,LAST_MO,LAST_YR,SPEEDREL,DR_SF1,DR_SF2,DR_SF3,DR_SF4,VTRAFWAY,VNUM_LAN,VSPD_LIM,VALIGN,VPROFILE,VPAVETYP,VSURCOND,VTRAFCON,VTCONT_F,P_CRASH1,P_CRASH2,P_CRASH3,PCRASH4,PCRASH5,ACC_TYPE,DEATHS,DR_DRINK
13,130388,1,1,1,22,5,17,5,43,0,1,0,21,1,98,709,98709,89,2003,4K7S813503C0,4,K,7,S,8,1,3,5,0,3,C,0,0,U,,,,3,17,,,,,,,,0,0,000000000,00000000000,0,0,0,1,0,0,0,0,0,0,0,998,0,0,0,12,12,6,2,31,0,0,0,1,1,36870,6,1,0,0,3,0,71,220,0,0,0,0,0,0,0,0,0,0,0,0,0,0,1,2,55,3,1,2,1,0,0,14,13,1,1,4,1,1,0
13,130389,1,3,1,22,5,18,13,12,1,1,0,13,2,20,481,20481,31,2004,1GCHK29U04E2,1,G,C,H,K,2,9,U,0,4,E,2,0,T,CHEV,2KH,4C,4,17,,2,1575,1435,SIL,G,,0,0,000000000,00000000000,0,0,0,1,0,0,0,0,0,0,0,998,0,0,0,12,12,6,2,12,0,0,0,1,13,30286,6,1,0,0,3,0,73,215,98,0,0,0,0,0,0,0,0,0,26,91,0,0,1,2,55,1,1,2,1,0,0,1,52,1,1,1,24,0,1
13,130389,2,3,2,22,5,18,13,12,1,1,0,13,1,72,706,72706,80,1991,1HD4CEM18MY1,1,H,D,4,C,E,M,1,8,M,Y,1,0,M,HD,X8H,RS,91,17,,,,,,,883,0,0,000000000,00000000000,0,0,0,1,0,0,0,0,0,0,0,998,0,0,0,6,6,6,2,12,0,0,0,1,13,30258,6,1,6,0,3,0,70,200,98,0,0,0,0,0,0,0,0,0,0,0,0,0,1,2,55,1,1,2,1,0,0,2,53,1,1,1,25,0,0
13,130389,3,3,1,22,5,18,13,12,1,1,0,13,2,37,703,37703,80,1985,JH2MC1302FK0,J,H,2,M,C,1,3,0,2,F,K,0,0,M,HOND,CMX,RS,85,17,,,,,,,250,0,0,000000000,00000000000,0,0,0,1,0,0,0,0,0,0,0,998,0,0,0,6,6,6,2,12,0,0,0,1,13,30258,6,1,0,0,3,1,62,150,98,0,0,0,0,0,0,0,0,0,0,0,0,0,1,2,55,1,1,2,1,0,0,2,53,1,1,1,98,1,0
13,130390,1,2,1,23,5,7,4,12,6,1,0,13,1,51,45,51045,4,2000,YV1TS94D4Y11,Y,V,1,T,S,9,4,D,4,Y,1,1,0,P,VOLV,S80,4D,0,17,3589,,0,1099,,G,,0,0,000000000,00000000000,0,0,0,1,0,0,0,0,0,0,0,998,0,0,0,12,12,6,2,12,0,0,0,1,13,30666,6,1,0,0,3,0,63,130,98,2,0,0,1,10,2008,1,2009,0,39,0,0,0,2,2,55,1,1,1,1,3,3,1,17,1,1,1,88,0,0
13,130390,2,2,1,23,5,7,4,12,6,1,0,13,1,7,42,7042,2,2000,4B3AU42N7YE0,4,B,3,A,U,4,2,N,7,Y,E,0,0,P,DODG,AVS,2P,0,17,3047,,0,1037,,G,,0,0,000000000,00000000000,0,0,0,1,0,0,0,0,0,0,0,998,0,0,0,9,9,6,2,12,0,0,0,1,13,30622,6,1,0,0,3,3,74,195,98,0,0,0,2,2,2009,2,2009,0,0,0,0,0,1,2,55,1,1,1,1,3,3,1,66,1,1,1,89,1,0
13,130391,1,1,3,23,5,17,26,8,0,1,0,13,2,12,471,12471,30,1990,1FTCR10T1LUB,1,F,T,C,R,1,0,T,1,L,U,B,0,T,FORD,RNG,PK,90,17,,1,1140,1080,RNG,G,,0,0,000000000,00000000000,0,0,0,1,0,0,0,0,0,0,0,998,0,0,0,12,12,2,3,8,0,0,0,1,13,31206,6,1,0,0,3,0,61,115,98,0,0,0,0,0,0,0,0,0,0,0,0,0,3,2,45,1,2,2,1,0,0,1,80,98,1,1,13,0,0
13,130392,1,1,3,23,5,13,45,32,0,1,0,13,2,12,401,12401,14,1994,1FMDU34X5RUD,1,F,M,D,U,3,4,X,5,R,U,D,0,P,FORD,EPR,UT,94,17,4053,,0,1120,,G,,0,0,000000000,00000000000,0,0,0,1,0,0,0,0,0,0,0,998,0,1,6,12,13,6,2,1,0,0,0,1,13,31406,0,0,0,0,0,0,999,999,98,0,0,0,0,0,0,0,0,0,58,80,0,0,3,2,70,1,1,2,1,0,0,1,1,7,1,4,1,1,0
13,130393,1,1,1,23,5,15,19,1,0,1,0,13,2,20,401,20401,14,2000,1GNCS13W7Y21,1,G,N,C,S,1,3,W,7,Y,2,1,0,P,CHEV,BZR,UT,0,17,3671,,0,1070,,G,,0,0,000000000,00000000000,0,0,0,1,0,0,0,0,0,0,0,998,0,1,3,0,0,6,2,1,0,0,0,1,13,31406,6,1,0,0,3,0,63,116,98,0,0,0,0,0,0,0,0,0,0,0,0,0,2,2,55,3,1,2,1,0,0,14,10,1,1,4,6,1,0
13,130394,1,2,1,23,5,22,39,12,2,1,0,13,2,20,20,20020,4,1994,2G1WL54T1R91,2,G,1,W,L,5,4,T,1,R,9,1,0,P,CHEV,LUM,4D,94,17,3333,,0,1075,,G,,0,0,000000000,00000000000,0,0,0,1,0,0,0,0,0,0,0,998,0,0,0,12,12,6,2,12,0,0,0,1,13,30421,1,1,0,0,2,0,68,208,98,4,1,0,3,1,2008,11,2009,0,28,0,0,0,1,2,55,2,3,2,1,0,0,14,10,1,1,2,50,1,1
13,130394,2,2,2,23,5,22,39,12,2,1,0,13,2,51,46,51046,4,2006,YV1MS3820622,Y,V,1,M,S,3,8,2,0,6,2,2,0,P,VOLV,S42,4D,6,17,3225,,0,1039,,G,,0,0,000000000,00000000000,0,0,0,1,0,0,0,0,0,0,0,998,0,0,0,12,12,6,2,12,32,0,0,1,13,30421,6,2,0,0,3,0,61,140,98,0,0,0,0,0,0,0,0,0,0,0,0,0,1,2,55,3,3,2,1,0,0,14,62,1,1,1,51,1,0
13,130395,1,2,1,24,5,11,37,12,6,1,0,13,2,35,47,35047,4,2000,1N4DL01DXYC1,1,N,4,D,L,0,1,D,X,Y,C,1,0,P,NISS,AGS,4D,0,17,2754,,0,1031,,G,,0,0,000000000,00000000000,0,0,0,1,0,0,0,0,0,0,0,998,0,0,0,12,12,6,2,12,0,0,0,1,13,30161,6,2,0,0,3,0,66,120,98,0,0,0,0,0,0,0,0,0,0,0,0,0,1,2,55,1,2,2,1,3,3,1,66,1,1,1,88,0,0
13,130395,2,2,1,24,5,11,37,12,6,1,0,13,2,53,402,53402,14,1994,2S3TC01C8R64,2,S,3,T,C,0,1,C,8,R,6,4,0,P,SUZI,SDK,UT,94,17,2253,,0,866,,G,,0,0,000000000,00000000000,0,0,0,1,0,0,0,0,0,0,0,998,0,0,0,10,10,6,2,12,0,0,0,1,13,30145,6,1,0,0,3,3,65,145,98,0,0,0,0,0,0,0,0,0,39,0,0,0,2,2,55,1,2,2,1,3,3,1,17,1,1,1,89,1,0
13,130396,1,2,1,26,5,7,23,12,2,1,0,13,1,22,2,22002,4,2000,1G2HX54K2Y42,1,G,2,H,X,5,4,K,2,Y,4,2,0,P,PONT,BVS,4D,0,17,3633,,0,1122,,G,,0,0,000000000,00000000000,0,0,0,1,0,0,0,0,0,0,0,998,0,0,0,12,12,6,2,12,0,0,0,1,13,30916,6,1,0,0,3,0,70,175,98,0,0,0,0,0,0,0,0,0,28,0,0,0,1,2,55,1,1,2,1,0,0,1,10,1,1,2,50,1,0
13,130396,2,2,1,26,5,7,23,12,2,1,0,13,3,84,881,84881,66,2000,1HSSDAAN2YH2,1,H,S,S,D,A,A,N,2,Y,H,2,1,T,INTL,490,DS,0,17,,7,2540,1280,40S,D,,1,57,692947,57692947,3,6,1,1,0,0,0,0,0,0,0,998,0,0,0,12,12,4,3,12,0,0,0,1,13,30907,6,1,6,1,3,0,72,150,98,0,0,0,0,0,0,0,0,0,0,0,0,0,1,2,55,1,1,2,1,0,0,1,62,2,1,1,51,0,0
13,130397,1,1,1,26,5,23,54,30,0,1,0,13,2,20,39,20039,4,2006,KL1TD66676B6,K,L,1,T,D,6,6,6,7,6,B,6,0,P,CHEV,ABS,5D,6,17,2343,,0,976,,G,,0,0,000000000,00000000000,0,0,0,1,0,0,0,0,0,0,0,998,0,0,0,9,9,6,2,2,0,0,1,1,13,30906,6,1,0,0,3,0,65,160,98,0,0,0,0,0,0,0,0,0,0,0,0,0,1,2,55,1,1,2,1,0,0,1,8,7,3,4,2,1,0
13,130398,1,1,3,27,5,6,18,35,0,1,0,21,1,37,32,37032,4,1992,1HGCB7650NA1,1,H,G,C,B,7,6,5,0,N,A,1,0,P,HOND,ALX,4D,92,17,2504,,0,1071,,G,,0,0,000000000,00000000000,0,0,0,1,0,0,0,0,0,0,0,998,0,0,0,12,12,6,2,42,0,0,0,1,21,42206,6,1,0,0,3,0,65,250,4,0,0,2,0,2,2009,4,2010,0,0,0,0,0,3,3,70,3,1,2,1,0,0,14,13,1,1,4,1,2,0
13,130399,1,2,1,28,5,1,30,12,1,1,0,13,1,20,401,20401,14,2002,1GNDS13S5222,1,G,N,D,S,1,3,S,5,2,2,2,0,P,CHEV,TRL,UT,2,17,4442,,0,1130,,G,,0,0,000000000,00000000000,0,0,0,1,0,0,0,0,0,0,0,998,0,0,0,12,12,6,2,12,0,0,0,1,13,30318,6,1,0,0,3,3,69,175,98,0,0,0,0,0,0,0,0,0,26,91,0,0,3,5,55,1,1,2,1,0,0,1,51,1,1,1,24,0,1
13,130399,2,2,1,28,5,1,30,12,1,1,0,13,1,72,706,72706,80,2006,1HD1FCW106Y6,1,H,D,1,F,C,W,1,0,6,Y,6,0,M,HD,FLU,RS,6,17,,,,,,,1450,0,0,000000000,00000000000,0,0,0,1,0,0,0,0,0,0,0,998,0,0,0,6,6,6,2,12,0,0,0,1,13,30144,6,1,0,0,3,0,72,200,98,1,0,2,0,9,2009,2,2010,0,0,0,0,0,3,5,55,1,1,2,1,0,0,1,53,1,1,1,25,1,1
13,130400,1,2,1,31,5,7,42,12,1,1,0,13,2,35,43,35043,4,1996,3N1AB41D4TL0,3,N,1,A,B,4,1,D,4,T,L,0,0,P,NISS,XGX,4D,96,17,2334,,0,998,600,G,,0,0,000000000,00000000000,0,0,0,1,0,0,0,0,0,0,0,998,0,0,0,12,12,6,2,12,0,0,1,1,13,31707,6,1,0,0,3,3,61,186,98,3,0,1,0,10,2007,9,2008,1,26,0,0,0,1,2,45,1,1,2,1,0,0,1,51,1,1,1,24,1,0
13,130400,2,2,2,31,5,7,42,12,1,1,0,12,3,86,881,86881,66,2009,1M1AW02Y59N0,1,M,1,A,W,0,2,Y,5,9,N,0,1,T,MACK,CXU,DS,9,17,,8,0,0,600,D,,1,57,029628,57029628,3,6,2,2,2,1203,3,1,0,0,0,998,0,0,0,6,6,4,3,12,0,0,0,1,13,31701,6,1,6,2,3,0,67,185,98,0,0,0,1,2,2010,2,2010,0,0,0,0,0,1,2,45,1,1,2,1,0,0,1,53,1,1,1,25,0,0
13,130401,1,1,3,20,5,11,35,32,0,1,0,13,2,49,40,49040,4,1996,4T1BG12K5TU9,4,T,1,B,G,1,2,K,5,T,U,9,0,P,TOYT,DLX,4D,96,17,2932,,0,1031,,G,,0,0,000000000,00000000000,0,0,0,1,0,0,0,0,0,0,0,998,0,1,5,14,14,6,2,30,0,0,0,1,13,30241,3,7,0,0,2,3,70,142,98,3,0,0,1,7,2007,10,2008,1,58,29,35,0,1,2,55,1,5,8,1,0,0,17,6,7,3,4,7,2,0
13,130402,1,1,2,23,5,0,17,33,0,1,0,6,1,37,32,37032,2,2001,1HGCG22501A0,1,H,G,C,G,2,2,5,0,1,A,0,0,P,HOND,UEX,CP,1,17,3283,,0,1051,,G,,0,0,000000000,00000000000,0,0,0,1,0,0,0,0,0,0,0,998,0,0,0,14,12,6,2,39,0,0,0,1,13,30643,6,1,0,0,3,3,63,110,98,0,0,0,0,0,0,0,0,0,29,0,0,0,1,4,45,1,2,2,1,3,3,1,13,99,1,4,1,1,0
13,130403,1,1,1,26,5,0,30,42,0,1,0,92,0,20,401,20401,14,1992,1GNCT18W0N01,1,G,N,C,T,1,8,W,0,N,0,1,0,P,CHEV,S10,UT,92,17,3486,,0,1005,,G,,0,0,000000000,00000000000,0,0,0,1,0,0,0,0,0,0,0,998,9,0,0,12,12,6,2,42,0,0,0,1,13,31096,6,1,6,0,3,3,72,250,98,0,0,0,0,0,0,0,0,1,29,58,0,0,1,2,55,3,6,8,1,0,0,14,6,6,2,4,7,1,1
13,130404,1,2,1,31,5,12,20,12,2,1,0,13,1,37,32,37032,4,1996,1HGCD5631TA2,1,H,G,C,D,5,6,3,1,T,A,2,0,P,HOND,ULE,4D,96,17,2864,,0,1069,,G,,0,0,000000000,00000000000,0,0,0,1,0,0,0,0,0,0,0,998,0,0,0,12,12,6,2,12,0,0,0,1,13,30135,6,1,0,0,3,3,71,180,98,0,0,0,0,0,0,0,0,0,28,0,0,0,2,2,45,1,3,8,1,0,0,1,10,1,1,2,50,1,0
13,130404,2,2,1,31,5,12,20,12,2,1,0,13,3,12,881,12881,61,2008,3FRML55Z68V0,3,F,R,M,L,5,5,Z,6,8,V,0,0,T,FORD,550,TB,8,17,,5,1850,1150,LCF,D,,0,88,888888888,88888888888,2,1,1,1,0,0,0,0,0,0,0,998,0,0,0,12,12,6,2,12,0,0,0,1,13,30117,6,1,7,0,3,3,66,270,98,0,0,1,0,2,2009,2,2009,0,0,0,0,0,2,2,45,1,3,8,1,0,0,1,62,1,1,1,51,0,0
13,130405,1,1,1,31,5,6,16,8,0,1,1,99,9,99,999,99999,99,9999,999999999999,9,9,9,9,9,9,9,9,9,9,9,9,0,U,,,,9,17,,,,,,,,0,0,000000000,00000000000,0,0,0,1,0,0,0,0,0,0,0,998,0,0,0,99,99,9,1,8,0,0,0,1,99,99999,9,9,99,0,9,9,999,999,99,99,99,99,99,99,9999,99,9999,9,86,0,0,0,2,2,55,1,1,2,2,0,0,1,80,99,9,3,13,0,0
13,130406,1,2,1,5,1,14,47,12,6,1,0,13,1,7,20,7020,4,1997,1B3ES27C4VD1,1,B,3,E,S,2,7,C,4,V,D,1,0,P,DODG,NEE,4P,97,17,2419,,0,1040,,G,,0,0,000000000,00000000000,0,0,0,1,0,0,0,0,0,0,0,998,0,0,0,9,9,6,2,12,0,0,0,1,13,30415,6,1,6,0,3,3,71,150,98,1,0,0,0,12,2008,12,2008,0,38,0,0,0,2,2,55,1,1,2,1,0,0,99,53,99,9,7,89,1,1
13,130406,2,2,1,5,1,14,47,12,6,1,0,13,3,87,881,87881,66,1993,1XP5DB9X1PN3,1,X,P,5,D,B,9,X,1,P,N,3,1,T,PTRB,379,DS,93,17,,8,2750,1310,CON,D,,1,57,839274,57839274,3,6,10,1,0,0,0,0,0,0,0,998,0,0,0,12,12,2,1,12,0,0,0,1,13,30474,6,1,6,0,3,0,74,195,98,0,0,0,0,0,0,0,0,0,0,0,0,0,2,2,55,1,1,2,1,0,0,1,71,99,9,3,88,0,0
13,130407,1,2,1,6,1,18,24,12,1,1,0,13,1,14,17,14017,4,1992,1MECM50U2NA6,1,M,E,C,M,5,0,U,2,N,A,6,0,P,MERC,SGS,4D,92,17,3147,,0,1060,,G,,0,0,000000000,00000000000,0,0,0,1,0,0,0,0,0,0,0,998,0,0,0,12,12,6,2,12,0,0,0,1,13,30427,6,1,0,0,3,3,72,196,98,0,0,0,0,0,0,0,0,0,26,0,0,0,1,2,55,1,1,8,1,0,0,1,50,99,1,1,20,1,0
13,130407,2,2,1,6,1,18,24,12,1,1,0,13,3,98,804,98804,66,1993,2WKPDCCF0PK9,2,W,K,P,D,C,C,F,0,P,K,9,1,T,WSTR,490,DS,93,17,,8,0,0,CNV,D,,1,57,815000,57815000,3,6,10,1,0,0,0,0,0,0,0,0,0,0,0,6,6,2,1,12,0,0,0,1,13,30436,6,1,6,0,3,0,70,240,98,0,0,0,0,0,0,0,0,0,0,0,0,0,1,2,55,1,1,8,1,0,0,5,53,1,1,1,22,0,0
13,130408,1,2,1,8,1,15,26,12,7,1,0,13,3,12,461,12461,21,2007,1FTNE14W77DA,1,F,T,N,E,1,4,W,7,7,D,A,0,T,FORD,15V,CG,7,17,,2,0,1380,VAN,G,,0,0,000000000,00000000000,0,0,0,1,0,0,0,0,0,0,0,998,0,0,0,1,1,6,2,8,0,0,0,1,13,31701,6,1,0,0,3,3,67,165,98,0,0,0,0,0,0,0,0,0,41,91,86,0,1,2,55,1,1,2,1,0,0,1,50,8,2,2,48,0,0
13,130408,2,2,0,8,1,15,26,12,7,1,0,48,6,84,881,84881,66,2001,2HSCEAER81C0,2,H,S,C,E,A,E,R,8,1,C,0,1,T,INTL,92I,DS,1,17,,8,0,0,920,D,,1,57,1901080,571901080,3,6,1,1,0,0,0,0,0,0,0,0,0,0,0,7,10,6,2,12,0,0,0,0,,,,,,,,,999,,,,,,,,,,,,0,0,0,0,1,2,55,1,1,2,1,0,0,0,99,0,0,0,48,0,0
13,130409,1,1,3,14,2,6,14,52,0,1,1,92,0,13,1,13001,4,1997,1LNLM82W3VY6,1,L,N,L,M,8,2,W,3,V,Y,6,0,P,LINC,SET,4D,97,17,3977,,0,1174,,G,,0,0,000000000,00000000000,0,0,0,1,0,0,0,0,0,0,0,998,0,0,0,12,3,6,2,42,0,0,0,1,13,31907,6,1,0,0,3,3,73,179,98,0,0,1,0,3,2009,3,2009,1,29,0,0,0,6,1,70,2,1,8,1,0,0,14,6,99,1,4,6,1,0
13,130410,1,2,3,29,3,16,15,12,6,1,0,13,1,12,441,12441,20,1993,1FMCA11U9PZC,1,F,M,C,A,1,1,U,9,P,Z,C,0,P,FORD,ARO,SV,93,17,3481,,0,1190,,G,,0,0,000000000,00000000000,0,0,0,1,0,0,0,0,0,0,0,998,0,0,0,3,3,6,2,12,0,0,0,1,13,31502,6,1,0,0,3,0,71,214,98,0,0,0,1,2,2008,2,2008,0,38,0,0,0,1,2,35,1,1,2,1,20,3,1,17,99,1,1,87,1,0
13,130410,2,2,1,29,3,16,15,12,6,1,0,13,1,22,441,22441,20,2002,1GMDX03E72D1,1,G,M,D,X,0,3,E,7,2,D,1,0,T,PONT,MON,ES,2,17,,1,0,1200,MON,G,,0,0,000000000,00000000000,0,0,0,1,0,0,0,0,0,0,0,998,0,0,0,12,12,4,3,12,0,0,0,1,13,31501,6,1,0,0,3,0,66,157,98,0,0,0,0,0,0,0,0,0,0,0,0,0,1,4,45,1,1,2,1,0,0,1,66,99,1,1,86,0,0
13,130411,1,1,1,5,4,20,23,34,0,1,0,13,2,23,481,23481,31,2000,1GTGK23J2YF4,1,G,T,G,K,2,3,J,2,Y,F,4,0,T,GMC,SK2,CW,0,17,,2,0,1545,SIE,G,,0,0,000000000,00000000000,0,0,0,1,0,0,0,0,0,0,0,998,0,1,5,12,12,6,2,1,0,0,0,1,13,30233,6,1,0,0,3,0,74,175,98,0,0,0,3,12,2008,12,2008,0,29,58,0,0,1,2,45,2,2,2,1,0,0,14,13,7,1,4,1,1,1
13,130412,1,1,1,6,4,23,35,42,0,1,0,13,2,6,43,6043,4,2002,1C3EL46R42N2,1,C,3,E,L,4,6,R,4,2,N,2,0,P,CHRY,SLX,4D,2,17,3118,,0,1080,,G,,0,0,000000000,00000000000,0,0,0,1,0,0,0,0,0,0,0,998,0,0,0,9,9,6,2,42,0,0,0,1,13,30024,1,1,0,0,2,0,67,115,98,1,0,1,0,9,2007,1,2010,0,29,0,0,0,6,1,65,2,1,2,1,0,0,14,12,99,9,4,6,1,0
13,130413,1,2,2,15,4,11,34,12,7,1,0,13,2,37,32,37032,4,1999,JHMCG6672XC0,J,H,M,C,G,6,6,7,2,X,C,0,0,P,HOND,UEX,4D,99,17,3086,,0,1069,,G,,0,0,000000000,00000000000,0,0,0,1,0,0,0,0,0,0,0,998,0,1,5,11,11,6,2,12,0,0,0,1,13,30120,6,1,0,0,3,0,69,130,98,0,0,0,0,0,0,0,0,0,27,0,0,0,1,4,55,1,3,2,1,0,0,15,10,1,1,2,47,1,0
13,130413,2,2,1,15,4,11,34,12,7,1,0,13,3,84,881,84881,62,2007,1HTMMAAM77H4,1,H,T,M,M,A,A,M,7,7,H,4,0,T,INTL,430,CC,7,17,,6,0,0,40S,D,,0,88,888888888,88888888888,2,2,98,1,0,0,0,0,0,0,0,998,0,0,0,5,5,2,1,12,0,0,0,1,13,30740,6,1,0,0,3,0,71,230,98,0,0,0,0,0,0,0,0,0,0,0,0,0,1,4,55,1,3,2,1,0,0,1,61,1,1,1,45,0,0
13,130414,1,1,1,23,4,2,46,8,0,1,0,13,1,12,401,12401,14,2004,1FMZU63K54UB,1,F,M,Z,U,6,3,K,5,4,U,B,0,P,FORD,EPR,UT,4,17,4094,,0,1137,,F,,0,0,000000000,00000000000,0,0,0,1,0,0,0,0,0,0,0,998,0,0,0,12,12,2,1,8,0,0,0,1,13,30032,6,1,0,0,3,0,66,180,98,5,0,2,2,9,2007,8,2009,0,86,0,0,0,1,2,35,1,2,2,1,0,0,11,80,7,1,2,13,0,0
13,130415,1,2,1,23,4,6,49,12,2,1,0,13,1,12,402,12402,14,2008,1FMCU03Z38KB,1,F,M,C,U,0,3,Z,3,8,K,B,0,P,FORD,SPE,UT,8,17,3313,,0,1031,,G,,0,0,000000000,00000000000,0,0,0,1,0,0,0,0,0,0,0,998,0,0,0,12,12,4,3,12,0,0,0,1,12,30252,6,1,0,0,3,0,65,999,0,0,0,0,0,0,0,0,0,0,38,0,0,0,1,2,55,1,2,2,1,3,3,11,15,1,1,1,84,0,0
13,130415,2,2,1,23,4,6,49,12,2,1,0,13,2,98,709,98709,89,2009,RFBU6G1099B0,R,F,B,U,6,G,1,0,9,9,B,0,0,U,,,,9,17,,,,,,,,0,0,000000000,00000000000,0,0,0,1,0,0,0,0,0,0,0,998,0,0,0,12,12,6,2,12,0,0,0,1,13,30256,6,1,0,0,3,0,71,130,98,0,0,0,1,10,2009,10,2009,0,0,0,0,0,1,2,55,1,2,2,1,3,3,1,17,1,1,1,84,1,0
13,130416,1,1,1,14,5,11,24,43,0,1,0,13,1,49,40,49040,4,1995,JT2SK12E1S02,J,T,2,S,K,1,2,E,1,S,0,2,0,P,TOYT,CLE,4D,95,17,3086,,0,1031,,G,,0,0,000000000,00000000000,0,0,0,1,0,0,0,0,0,0,0,998,0,0,0,1,12,6,2,32,32,0,0,1,13,30281,6,1,0,0,3,0,62,150,98,0,0,0,0,0,0,0,0,0,0,0,0,0,1,2,50,1,2,2,1,20,3,1,13,1,1,4,1,1,0
13,130417,1,2,1,29,4,21,38,12,1,1,0,13,1,49,422,49422,15,2002,5TDZT38A92S0,5,T,D,Z,T,3,8,A,9,2,S,0,0,P,TOYT,SEQ,UT,2,17,5100,,0,1181,,G,,0,0,000000000,00000000000,0,0,0,1,0,0,0,0,0,0,0,998,0,0,0,12,12,6,2,12,0,0,0,1,13,31501,0,0,0,0,0,0,70,160,98,0,0,0,0,0,0,0,0,0,26,0,0,0,2,4,65,1,3,2,1,0,0,1,51,1,1,1,24,1,0
13,130417,2,2,1,29,4,21,38,12,1,1,0,13,3,84,881,84881,66,1989,2HSFEGUR6KC0,2,H,S,F,E,G,U,R,6,K,C,0,1,T,INTL,F93,TM,89,17,,8,0,0,930,D,,1,57,990853,57990853,3,6,1,1,0,0,0,0,0,0,0,998,0,0,0,6,6,0,1,12,0,0,0,1,13,31535,6,1,6,0,3,0,71,186,98,0,0,0,5,11,2007,3,2010,0,0,0,0,0,2,4,65,1,3,2,1,0,0,1,53,1,1,1,25,0,0
13,130418,1,2,1,30,4,16,54,12,8,1,0,13,1,49,471,49471,30,1992,4TARN81A4NZ0,4,T,A,R,N,8,1,A,4,N,Z,0,0,T,TOYT,USS,PK,92,17,,1,0,1029,UHT,G,,0,0,000000000,00000000000,0,0,0,1,0,0,0,0,0,0,0,998,0,0,0,63,63,6,2,12,0,0,0,1,13,31320,6,1,0,0,3,0,71,280,98,0,0,0,0,0,0,0,0,0,28,0,0,0,1,2,55,1,1,2,1,0,0,1,3,1,1,2,64,0,0
13,130418,2,2,1,30,4,16,54,12,8,1,0,13,1,12,471,12471,30,2001,1FTYR14U61TA,1,F,T,Y,R,1,4,U,6,1,T,A,0,T,FORD,RNS,PS,1,17,,1,0,1257,RNG,G,,0,0,000000000,00000000000,0,0,0,1,0,0,0,0,0,0,0,998,0,0,0,61,61,6,2,42,0,0,0,1,13,31309,6,1,6,0,3,0,67,210,98,0,0,0,0,0,0,0,0,0,0,0,0,0,1,2,55,1,1,2,1,0,0,1,62,1,1,1,65,1,0
13,130419,1,1,1,3,5,19,4,42,0,1,0,13,1,2,404,2404,14,1999,1J4FF68S2XL5,1,J,4,F,F,6,8,S,2,X,L,5,0,T,JEEP,SPC,4W,99,17,,1,0,1014,CHK,G,,0,0,000000000,00000000000,0,0,0,1,0,0,0,0,0,0,0,998,0,0,0,12,12,6,2,42,0,0,0,1,13,31308,6,1,0,0,3,0,74,210,98,0,0,0,0,0,0,0,0,0,27,0,0,0,1,2,45,1,1,2,2,0,0,1,8,1,1,4,6,1,1
13,130420,1,1,2,18,5,17,29,1,0,1,0,13,1,20,481,20481,31,1995,1GCEC14Z3SZ1,1,G,C,E,C,1,4,Z,3,S,Z,1,0,T,CHEV,GC1,PK,95,17,,2,1315,1175,GM4,G,,0,0,000000000,00000000000,0,0,0,1,0,0,0,0,0,0,0,998,0,1,3,0,0,6,2,1,0,0,0,1,13,31308,6,1,0,0,3,0,63,170,98,0,0,0,0,0,0,0,0,0,80,0,0,0,2,2,70,1,1,2,1,0,0,1,1,1,2,4,7,1,0
13,130421,1,1,1,29,5,23,44,33,0,1,0,13,1,72,706,72706,80,2001,1HD1BMY111Y0,1,H,D,1,B,M,Y,1,1,1,Y,0,0,M,HD,FLF,RS,1,17,,,,,,,1450,0,0,000000000,00000000000,0,0,0,1,0,0,0,0,0,0,0,998,0,0,0,14,98,4,3,33,0,0,0,1,13,31419,6,1,0,0,3,3,63,145,98,0,0,1,0,4,2009,4,2009,0,28,0,0,0,1,2,45,1,1,2,1,0,0,1,8,1,1,4,98,1,0