STATE,ST_CASE,VEH_NO,VE_FORMS,NUMOCCS,DAY,MONTH,HOUR,MINUTE,HARM_EV,MAN_COLL,UNITTYPE,HIT_RUN,REG_STAT,OWNER,MAKE,MODEL,MAK_MOD,BODY_TYP,MOD_YEAR,VIN,VIN_1,VIN_2,VIN_3,VIN_4,VIN_5,VIN_6,VIN_7,VIN_8,VIN_9,VIN_10,VIN_11,VIN_12,TOW_VEH,VINTYPE,VINMAKE,VINA_MOD,VIN_BT,VINMODYR,VIN_LNGT,VIN_WGT,WGTCD_TR,WHLBS_LG,WHLBS_SH,SER_TR,FUELCODE,MCYCL_DS,J_KNIFE,MCARR_I1,MCARR_I2,MCARR_ID,GVWR,V_CONFIG,CARGO_BT,HAZ_INV,HAZ_PLAC,HAZ_ID,HAZ_CNO,HAZ_REL,BUS_USE,SPEC_USE,EMER_USE,TRAV_SP,UNDERIDE,ROLLOVER,ROLINLOC,IMPACT1,IMPACT2,DEFORMED,TOWED,M_HARM,VEH_SC1,VEH_SC2,FIRE_EXP,DR_PRES,L_STATE,DR_ZIP,L_STATUS,L_TYPE,CDL_STAT,L_ENDORS,L_COMPL,L_RESTRI,DR_HGT,DR_WGT,PREV_ACC,PREV_SUS,PREV_DWI,PREV_SPD,PREV_OTH,FIRST_MO,FIRST_YR,LAST_MO,LAST_YR,SPEEDREL,DR_SF1,DR_SF2,DR_SF3,DR_SF4,VTRAFWAY,VNUM_LAN,VSPD_LIM,VALIGN,VPROFILE,VPAVETYP,VSURCOND,VTRAFCON,VTCONT_F,P_CRASH1,P_CRASH2,P_CRASH3,PCRASH4,PCRASH5,ACC_TYPE,DEATHS,DR_DRINK
13,130564,1,1,1,8,8,19,45,59,0,1,0,92,0,37,706,37706,80,2002,JH2SC50022M0,J,H,2,S,C,5,0,0,2,2,M,0,0,M,HOND,CR9,RS,2,17,,,,,,,954,0,0,000000000,00000000000,0,0,0,1,0,0,0,0,0,0,0,998,0,0,0,12,12,6,2,59,0,0,0,1,13,30093,6,1,0,0,3,3,71,150,98,0,0,1,0,3,2009,3,2009,0,27,0,0,0,2,2,50,4,1,2,1,0,0,6,8,1,1,4,1,1,0
13,130565,1,1,1,14,8,4,17,32,0,1,0,13,1,20,481,20481,31,2009,1GCEC19X99Z2,1,G,C,E,C,1,9,X,9,9,Z,2,0,T,CHEV,SC1,4C,9,17,,2,1575,1339,SIL,G,,0,0,000000000,00000000000,0,0,0,1,0,0,0,0,0,0,0,998,0,1,1,12,98,6,2,1,0,0,0,1,13,31031,6,1,0,0,3,0,71,156,98,0,0,0,0,0,0,0,0,0,0,0,0,0,1,2,55,1,2,2,1,0,0,1,12,1,1,4,6,1,1
13,130566,1,1,3,6,7,22,24,8,0,1,0,13,2,41,47,41047,4,1998,JM1TA2216W14,J,M,1,T,A,2,2,1,6,W,1,4,0,P,MAZD,MIL,4D,98,17,3216,,0,1083,,G,,0,0,000000000,00000000000,0,0,0,1,0,0,0,0,0,0,0,998,0,0,0,11,11,2,3,8,0,0,0,1,13,30067,6,1,0,0,3,0,69,250,98,5,1,0,0,11,2007,8,2009,0,86,0,0,0,1,4,35,1,2,2,1,0,0,1,80,1,1,1,13,0,0
13,130567,1,1,1,7,7,11,47,8,0,1,1,99,9,99,999,99999,99,9999,999999999999,9,9,9,9,9,9,9,9,9,9,9,9,0,U,,,,9,17,,,,,,,,0,0,000000000,00000000000,0,0,0,1,0,0,0,0,0,0,0,998,0,0,0,81,81,9,1,8,42,0,0,1,99,99999,9,9,99,0,9,9,999,999,99,99,99,99,99,99,9999,99,9999,0,86,0,0,0,1,4,40,1,1,2,1,0,0,1,99,99,1,1,13,0,0
13,130568,1,1,1,7,7,19,55,34,0,1,0,13,2,20,481,20481,31,1987,1GCDR14Z1HS1,1,G,C,D,R,1,4,Z,1,H,S,1,0,T,CHEV,R10,PK,87,17,,1,1315,1175,R10,G,,0,0,000000000,00000000000,0,0,0,1,0,0,0,0,0,0,0,998,0,1,5,14,14,6,2,1,0,0,0,1,13,30721,6,1,0,0,3,0,69,210,98,1,0,0,1,10,2008,8,2009,1,33,29,85,0,1,2,55,1,2,2,1,40,3,6,10,9,2,4,2,1,0
13,130569,1,1,1,9,7,7,7,33,0,1,0,13,2,20,16,20016,4,2000,1G1JC524XY73,1,G,1,J,C,5,2,4,X,Y,7,3,0,P,CHEV,CAV,4D,0,17,2676,,0,1041,,G,,0,0,000000000,00000000000,0,0,0,1,0,0,0,0,0,0,0,998,0,0,0,14,2,6,2,9,0,0,0,1,13,31558,6,1,0,0,3,0,72,160,98,0,0,0,0,0,0,0,0,0,29,86,0,0,1,4,45,1,1,2,1,0,0,1,8,99,1,4,1,0,0
13,130570,1,1,2,10,7,11,50,1,0,1,0,17,2,12,423,12423,15,2005,1FMNU43S05ED,1,F,M,N,U,4,3,S,0,5,E,D,0,P,FORD,EXC,UT,5,17,7190,,0,1371,,G,,0,0,000000000,00000000000,0,0,0,1,0,0,0,0,0,0,0,998,0,2,1,0,0,6,2,1,0,0,0,1,17,60521,6,1,0,0,3,0,67,120,0,0,0,0,0,0,0,0,0,0,58,28,0,0,3,3,70,1,1,2,1,0,0,1,4,6,9,2,98,1,0
13,130571,1,1,2,10,7,22,50,34,0,1,0,13,2,21,22,21022,4,1999,1G3GR62C0X41,1,G,3,G,R,6,2,C,0,X,4,1,0,P,OLDS,AUR,4D,99,17,3967,,0,1138,,G,,0,0,000000000,00000000000,0,0,0,1,0,0,0,0,0,0,0,998,0,1,5,14,14,6,2,1,0,0,0,1,13,30824,6,1,0,0,3,3,75,205,98,1,0,1,0,10,2009,11,2009,0,29,0,0,0,1,2,45,3,1,8,1,0,0,14,13,99,9,4,2,1,1
13,130572,1,1,2,11,7,17,44,42,0,1,0,45,1,49,49,49049,6,2005,JTLKT3245540,J,T,L,K,T,3,2,4,5,5,4,0,0,P,TOYT,SXB,UT,5,17,2395,,0,984,,G,,0,0,000000000,00000000000,0,0,0,1,0,0,0,0,0,0,0,998,0,0,0,9,9,6,2,42,0,0,0,1,45,29123,6,1,0,0,3,3,66,155,0,0,0,0,0,0,0,0,0,0,29,0,0,0,2,2,70,1,1,8,2,0,0,1,13,7,3,4,2,1,0
13,130573,1,1,2,17,7,4,8,35,0,1,0,12,1,49,442,49442,20,2005,5TDZA23C55S3,5,T,D,Z,A,2,3,C,5,5,S,3,0,P,TOYT,SIE,SV,5,17,4120,,0,1193,,G,,0,0,000000000,00000000000,0,0,0,1,0,0,0,0,0,0,0,998,0,0,0,12,12,6,2,35,32,44,0,1,12,33612,6,1,0,0,3,3,74,999,0,0,0,0,0,0,0,0,0,1,29,0,0,0,6,3,55,2,2,2,1,0,0,14,6,99,9,4,2,1,0
13,130574,1,1,1,18,7,19,31,1,0,1,0,92,0,20,471,20471,30,1984,1GCCS14B1E21,1,G,C,C,S,1,4,B,1,E,2,1,0,T,CHEV,S14,PK,84,17,,1,1229,1083,S,G,,0,0,000000000,00000000000,0,0,0,1,0,0,0,0,0,0,0,998,0,9,5,0,0,6,2,1,0,0,0,1,1,36280,6,1,0,0,3,3,69,210,0,0,0,1,0,1,2009,1,2009,1,29,0,0,0,1,2,55,1,6,8,1,0,0,1,6,6,2,4,7,1,1
13,130575,1,2,1,19,7,11,45,12,6,1,0,13,3,12,881,12881,61,2000,1FDAF56F2YEC,1,F,D,A,F,5,6,F,2,Y,E,C,0,T,FORD,F5D,CB,0,17,,5,2010,1410,DRW,D,,0,57,680114,57680114,2,1,96,1,0,0,0,0,0,0,0,998,0,0,0,2,2,6,2,12,0,0,0,1,13,31036,6,1,0,0,3,0,71,176,98,0,0,0,0,0,0,0,0,0,38,0,0,0,1,2,55,1,1,8,1,20,3,11,15,99,1,2,68,1,0
13,130575,2,2,1,19,7,11,45,12,6,1,0,13,3,86,881,86881,66,1989,1M2N277Y0KW0,1,M,2,N,2,7,7,Y,0,K,W,0,0,T,MACK,R60,DS,89,17,,8,0,0,600,D,,0,57,680114,57680114,3,5,96,1,0,0,0,0,0,0,0,998,0,1,1,12,12,6,2,12,0,0,0,1,13,31513,6,1,6,0,3,3,71,228,98,0,0,0,0,0,0,0,0,0,0,0,0,0,1,2,55,1,1,8,1,98,8,1,65,99,1,1,69,0,0
13,130576,1,2,3,20,7,11,42,59,0,1,0,13,3,7,482,7482,31,2004,3D7KA28C34G2,3,D,7,K,A,2,8,C,3,4,G,2,0,T,DODG,SQ2,CW,4,17,,2,1605,1405,RPC,D,,0,0,000000000,00000000000,0,0,0,1,0,0,0,0,0,0,0,998,0,1,5,1,13,6,2,1,0,0,0,1,13,31076,6,1,0,0,3,0,68,120,98,0,0,0,0,0,0,0,0,0,58,29,0,0,1,4,55,1,1,8,1,0,0,1,8,6,4,4,2,0,0
13,130576,2,2,2,20,7,11,42,59,0,1,0,13,1,20,403,20403,14,2004,1GNDS13S2421,1,G,N,D,S,1,3,S,2,4,2,1,0,P,CHEV,TRL,UT,4,17,4425,,0,1130,,G,,0,0,000000000,00000000000,0,0,0,1,0,0,0,0,0,0,0,998,0,0,0,12,12,6,2,12,0,0,0,1,13,30427,6,1,0,0,3,3,67,161,98,0,0,0,0,0,0,0,0,0,0,0,0,0,1,4,55,1,1,8,1,0,0,1,62,99,1,1,98,1,0
13,130577,1,3,5,22,7,16,30,12,6,1,0,13,1,12,13,12013,4,1997,1FALP13PXVW1,1,F,A,L,P,1,3,P,X,V,W,1,0,P,FORD,EST,4D,97,17,2503,,0,984,,G,,0,0,000000000,00000000000,0,0,0,1,0,0,0,0,0,0,0,998,0,0,0,7,7,6,2,12,0,0,0,1,13,30120,6,1,0,0,3,0,70,135,98,0,0,0,0,0,0,0,0,0,48,53,91,0,1,2,45,1,6,2,1,0,0,12,98,1,1,2,98,0,0
13,130577,2,3,1,22,7,16,30,12,6,1,0,1,1,72,706,72706,80,2007,1HD1FC4197Y7,1,H,D,1,F,C,4,1,9,7,Y,7,0,M,HD,FLU,RS,7,17,,,,,,,1584,0,0,000000000,00000000000,0,0,0,1,0,0,0,0,0,0,0,998,0,0,0,0,99,6,2,12,0,0,0,1,1,36206,6,1,0,0,3,0,68,190,0,0,0,0,0,0,0,0,0,0,0,0,0,0,1,2,45,1,6,2,1,0,0,1,60,4,2,2,98,1,0
13,130577,3,3,1,22,7,16,30,12,6,1,0,13,1,72,706,72706,80,2007,1HD1FC4127Y7,1,H,D,1,F,C,4,1,2,7,Y,7,0,M,HD,FLU,RS,7,17,,,,,,,1584,0,0,000000000,00000000000,0,0,0,1,0,0,0,0,0,0,0,998,0,0,0,12,12,6,2,12,0,0,0,1,13,30116,6,1,0,0,3,0,69,190,98,0,0,0,0,0,0,0,0,0,0,0,0,0,1,2,45,1,6,2,1,0,0,1,60,4,2,2,98,0,0
13,130578,1,1,1,22,7,3,50,34,0,1,0,45,1,23,441,23441,20,1986,1GTDM15Z4GB5,1,G,T,D,M,1,5,Z,4,G,B,5,0,T,GMC,SAF,VN,86,17,,1,0,1110,SAF,G,,0,0,000000000,00000000000,0,0,0,1,0,0,0,0,0,0,0,998,0,0,0,14,12,6,2,34,0,0,1,1,45,29902,6,1,6,0,3,3,74,325,0,0,0,0,0,0,0,0,0,0,29,0,0,0,1,2,45,1,2,2,99,0,0,1,13,6,9,4,2,1,0
13,130579,1,1,1,23,7,21,18,8,0,1,1,99,9,12,422,12422,15,9999,999999999999,9,9,9,9,9,9,9,9,9,9,9,9,0,U,,,,9,17,,,,,,,,0,0,000000000,00000000000,0,0,0,1,0,0,0,0,0,0,0,998,0,0,0,12,12,4,1,8,0,0,0,1,99,99999,9,9,99,0,9,9,999,999,99,99,99,99,99,99,9999,99,9999,9,38,86,0,0,1,2,35,1,1,1,1,0,0,1,80,99,9,9,13,0,0
13,130580,1,1,1,24,7,18,16,32,0,1,0,13,2,72,706,72706,80,2005,1HD4CMM195K4,1,H,D,4,C,M,M,1,9,5,K,4,0,M,HD,XLL,RS,5,17,,,,,,,883,0,0,000000000,00000000000,0,0,0,1,0,0,0,0,0,0,0,998,0,0,0,12,12,4,3,1,0,0,0,1,13,30734,1,1,0,0,2,0,68,185,98,1,0,0,2,3,2008,8,2008,0,29,0,0,0,1,2,35,2,2,2,1,0,0,14,13,99,1,4,1,1,0
13,130581,1,1,1,24,7,23,24,42,0,1,0,13,2,52,39,52039,2,1998,JA3AM84J6WY0,J,A,3,A,M,8,4,J,6,W,Y,0,0,P,MITS,30S,2H,98,17,3263,,0,972,,G,,0,0,000000000,00000000000,0,0,0,1,0,0,0,0,0,0,0,998,0,0,0,3,3,6,2,42,0,0,0,1,8,80226,6,1,0,0,3,3,73,208,0,0,0,0,0,0,0,0,0,1,58,29,0,0,1,2,45,3,6,8,1,0,0,14,6,6,4,4,7,1,0
13,130582,1,2,1,25,7,18,49,12,6,1,0,13,1,72,706,72706,80,2001,1HD1FCW181Y6,1,H,D,1,F,C,W,1,8,1,Y,6,0,M,HD,FLU,RS,1,17,,,,,,,1450,0,0,000000000,00000000000,0,0,0,1,0,0,0,0,0,0,0,998,0,0,0,9,9,6,2,12,0,0,0,1,13,31791,6,1,0,0,3,3,72,176,98,0,0,0,1,3,2010,3,2010,0,38,0,0,0,1,2,55,1,1,2,1,20,3,1,17,1,1,1,89,1,0
13,130582,2,2,4,25,7,18,49,12,6,1,0,13,2,7,442,7442,20,2006,1D4GP24R66B6,1,D,4,G,P,2,4,R,6,6,B,6,0,P,DODG,CAR,SV,6,17,4095,,0,1193,,G,,0,0,000000000,00000000000,0,0,0,1,0,0,0,0,0,0,0,998,0,0,0,12,12,6,2,12,0,0,0,1,13,31791,6,1,0,0,3,3,62,260,98,0,0,0,0,0,0,0,0,0,0,0,0,0,2,2,55,1,1,2,1,0,0,1,66,1,1,1,88,0,0
13,130583,1,1,1,31,7,20,42,3,0,1,0,13,1,37,32,37032,2,2002,1HGCG32092A0,1,H,G,C,G,3,2,0,9,2,A,0,0,P,HOND,USE,CP,2,17,3036,,0,1051,,G,,0,0,000000000,00000000000,0,0,0,1,0,0,0,0,0,0,0,998,0,0,0,0,0,6,9,3,0,0,0,1,13,31405,1,1,0,0,2,0,68,148,98,4,1,0,1,1,2009,5,2009,0,28,0,0,0,1,2,25,1,1,2,1,0,0,1,98,99,1,4,0,1,0
13,130584,1,2,1,31,7,13,27,12,6,1,0,13,3,18,2,18002,4,2004,1G4HP52K6441,1,G,4,H,P,5,2,K,6,4,4,1,0,P,BUIC,LCF,4D,4,17,3567,,0,1122,,G,,0,0,000000000,00000000000,0,0,0,1,0,0,0,0,0,0,0,998,0,0,0,9,9,6,2,12,0,0,0,1,13,30017,6,1,0,0,3,3,68,165,98,0,0,0,0,0,0,0,0,0,38,0,0,0,1,4,45,1,2,2,1,0,0,11,53,1,1,2,82,0,0
13,130584,2,2,2,31,7,13,27,12,6,1,0,13,1,49,401,49401,14,1996,JT3HN86R9T00,J,T,3,H,N,8,6,R,9,T,0,0,0,P,TOYT,RUN,UT,96,17,0,,0,1053,,G,,0,0,000000000,00000000000,0,0,0,1,0,0,0,0,0,0,0,998,0,0,0,12,12,6,2,12,0,0,0,1,13,30677,6,1,0,0,3,0,69,150,98,0,0,0,1,3,2008,3,2008,0,0,0,0,0,1,4,45,1,2,2,1,0,0,1,72,1,1,1,83,1,0
13,130585,1,1,5,1,8,12,2,1,0,1,0,92,0,12,401,12401,14,1999,1FMYU22X9XUB,1,F,M,Y,U,2,2,X,9,X,U,B,0,P,FORD,EPR,UT,99,17,3675,,0,1017,,G,,0,0,000000000,00000000000,0,0,0,1,0,0,0,0,0,0,0,998,0,2,1,0,0,6,2,1,0,0,0,1,13,30172,6,1,0,0,3,0,61,175,98,0,0,0,1,10,2007,10,2007,0,28,85,0,0,3,3,65,1,2,2,1,0,0,17,61,6,1,2,98,1,0
13,130586,1,1,2,2,8,17,11,34,0,1,0,13,2,12,21,12021,4,2007,1FAHP24137G1,1,F,A,H,P,2,4,1,3,7,G,1,0,P,FORD,5SL,4D,7,17,3649,,0,1129,,G,,0,0,000000000,00000000000,0,0,0,1,0,0,0,0,0,0,0,998,0,0,0,12,12,4,1,42,0,0,0,1,13,31092,0,0,0,0,0,0,999,999,98,0,0,0,0,0,0,0,0,1,29,0,0,0,1,2,35,1,1,8,11,0,0,1,6,99,1,4,6,1,0
13,130587,1,2,1,6,8,3,30,12,7,1,0,47,2,20,22,20022,4,2005,1G1AL52F5575,1,G,1,A,L,5,2,F,5,5,7,5,0,P,CHEV,BLS,4D,5,17,3216,,0,1033,,G,,0,0,000000000,00000000000,0,0,0,1,0,0,0,0,0,0,0,998,0,0,0,1,1,6,2,42,0,0,0,1,47,37419,6,1,0,0,3,0,66,215,0,0,0,0,0,0,0,0,0,0,28,91,0,0,3,3,70,3,1,8,1,0,0,14,11,99,9,2,44,0,1
13,130587,2,2,1,6,8,3,30,12,7,1,0,18,3,84,881,84881,66,2000,1HSCBAERXYJ0,1,H,S,C,B,A,E,R,X,Y,J,0,2,T,INTL,91I,DS,0,17,,8,0,0,910,D,,1,57,63391,5763391,3,7,1,1,0,0,0,0,0,0,0,998,0,1,2,11,11,6,2,1,0,0,0,1,12,32221,6,1,6,0,3,0,73,999,0,0,0,0,0,0,0,0,0,0,0,0,0,0,3,3,70,3,1,8,1,0,0,14,60,99,1,1,45,1,0
13,130588,1,1,1,7,8,4,34,34,0,1,0,13,1,20,482,20482,31,2004,3GNEC12T74G2,3,G,N,E,C,1,2,T,7,4,G,2,0,P,CHEV,AVL,UT,4,17,5437,,0,1300,,G,,0,0,000000000,00000000000,0,0,0,1,0,0,0,0,0,0,0,998,0,0,0,14,12,6,2,42,0,0,0,1,13,31015,6,1,0,0,3,3,68,250,98,2,0,3,0,4,2009,11,2009,0,29,0,0,0,1,2,55,1,1,2,1,0,0,1,12,99,9,4,6,1,0
13,130589,1,2,1,24,4,18,8,12,6,1,1,13,2,12,401,12401,14,1999,1FMZU35PXXZA,1,F,M,Z,U,3,5,P,X,X,Z,A,0,P,FORD,EPR,UT,99,17,4347,,0,1116,,G,,0,0,000000000,00000000000,0,0,0,1,0,0,0,0,0,0,0,998,0,0,0,12,12,4,1,12,0,0,0,1,13,31801,0,0,0,0,0,0,999,999,98,4,1,0,1,5,2009,7,2009,0,39,0,0,0,1,2,35,1,1,2,1,20,3,10,16,1,1,2,78,0,1
13,130589,2,2,2,24,4,18,8,12,6,1,0,13,2,12,401,12401,14,2000,1FMZU63X6YZB,1,F,M,Z,U,6,3,X,6,Y,Z,B,0,P,FORD,EPR,UT,0,17,3906,,0,1116,,G,,0,0,000000000,00000000000,0,0,0,1,0,0,0,0,0,0,0,998,0,1,1,3,3,6,2,12,0,0,0,1,13,31634,6,1,0,0,3,3,72,212,98,0,0,1,0,1,2009,1,2009,0,0,0,0,0,1,2,55,1,1,2,1,0,0,1,65,99,1,1,79,1,0
13,130590,1,1,1,20,5,4,38,9,0,1,1,13,2,19,3,19003,4,1997,1G6KD54YXVU2,1,G,6,K,D,5,4,Y,X,V,U,2,0,P,CADI,DFW,4D,97,17,3911,,0,1138,,G,,0,0,000000000,00000000000,0,0,0,1,0,0,0,0,0,0,0,998,0,0,0,12,12,4,3,9,0,0,0,1,13,31206,6,1,0,0,3,0,76,210,98,0,0,0,0,0,0,0,0,0,28,86,0,0,1,2,45,1,1,5,1,0,0,11,80,1,1,2,13,0,0
13,130591,1,2,1,1,6,13,20,12,6,1,0,13,1,23,421,23421,15,2002,1GKEC13Z52J1,1,G,K,E,C,1,3,Z,5,2,J,1,0,T,GMC,YUK,4W,2,17,,2,0,1160,YUK,F,,0,0,000000000,00000000000,0,0,0,1,0,0,0,0,0,0,0,998,0,1,1,4,4,6,2,1,0,0,0,1,13,30269,6,1,0,0,3,0,71,190,98,0,0,1,0,3,2009,3,2009,0,27,0,0,0,1,2,40,1,1,2,1,0,0,15,17,1,1,2,84,1,0
13,130591,2,2,1,1,6,13,20,12,6,1,0,13,2,37,401,37401,14,1998,4S6CK58W9W44,4,S,6,C,K,5,8,W,9,W,4,4,0,P,HOND,PAS,UT,98,17,3469,,0,1064,,G,,0,0,000000000,00000000000,0,0,0,1,0,0,0,0,0,0,0,998,0,0,0,12,12,4,3,12,0,0,0,1,13,30269,6,1,0,0,3,0,62,105,98,0,0,0,1,1,2008,1,2008,0,0,0,0,0,2,2,99,1,1,2,1,20,3,11,67,1,1,2,84,0,0
13,130592,1,1,4,1,7,19,0,34,0,1,0,99,9,7,43,7043,8,2000,1B3FJ46X9W27,1,B,3,F,J,4,6,X,9,W,2,7,0,P,DODG,,,98,17,,,,,,,,0,0,000000000,00000000000,0,0,0,1,0,0,0,0,0,0,0,998,0,0,0,14,3,6,2,42,0,0,0,1,12,32351,0,0,0,0,0,0,999,999,0,0,0,0,0,0,0,0,0,0,29,91,0,0,1,2,55,1,1,8,2,0,0,1,8,99,9,4,7,1,1
13,130593,1,1,1,1,7,4,3,1,0,1,0,13,1,72,706,72706,80,2001,1HD1FBW161Y6,1,H,D,1,F,B,W,1,6,1,Y,6,0,M,HD,LRI,RS,1,17,,,,,,,1450,0,0,000000000,00000000000,0,0,0,1,0,0,0,0,0,0,0,100,0,0,0,0,12,6,2,1,0,0,0,1,13,30725,6,1,0,0,2,0,70,175,98,0,0,1,0,6,2010,6,2010,1,37,28,36,0,1,2,45,2,2,2,1,0,0,14,6,1,1,2,98,1,1
13,130594,1,2,1,2,7,0,16,12,6,1,0,92,0,76,706,76706,80,2005,JYARN13E35A0,J,Y,A,R,N,1,3,E,3,5,A,0,0,M,YAMA,YFR,RS,5,17,,,,,,,998,0,0,000000000,00000000000,0,0,0,1,0,0,0,0,0,0,0,998,0,0,0,12,12,6,2,12,0,0,0,1,13,30102,6,1,0,0,3,2,69,180,98,4,0,1,1,12,2008,3,2010,1,36,37,74,91,2,3,65,2,5,8,1,0,0,14,61,99,1,1,45,1,0
13,130594,2,2,1,2,7,0,16,12,6,1,0,12,3,18,7,18007,4,2003,2G4WS52J4311,2,G,4,W,S,5,2,J,4,3,1,1,0,P,BUIC,CCU,4D,3,17,3368,,0,1090,,G,,0,0,000000000,00000000000,0,0,0,1,0,0,0,0,0,0,0,998,0,0,0,5,5,6,2,12,0,0,0,1,99,99999,9,9,99,0,9,9,999,999,99,99,99,99,99,99,9999,99,9999,0,0,0,0,0,2,3,65,2,5,8,1,0,0,15,11,1,1,2,46,0,0
13,130595,1,1,2,3,7,10,20,1,0,1,0,13,1,37,706,37706,80,2004,1HFSC47014A3,1,H,F,S,C,4,7,0,1,4,A,3,0,M,HOND,GL8,RS,4,17,,,,,,,1832,0,0,000000000,00000000000,0,0,0,1,0,0,0,0,0,0,0,998,0,0,0,0,99,6,2,1,0,0,0,1,13,30705,6,1,0,0,3,3,68,185,98,0,0,0,0,0,0,0,0,0,28,58,0,0,1,2,55,2,6,8,1,0,0,14,8,7,3,2,98,1,0
13,130596,1,1,2,2,7,23,45,34,0,1,0,13,1,12,481,12481,31,1997,1FTDF1724VND,1,F,T,D,F,1,7,2,4,V,N,D,0,T,FORD,F15,PK,97,17,,1,1390,1200,COF,G,,0,0,000000000,00000000000,0,0,0,1,0,0,0,0,0,0,0,998,0,9,5,14,9,6,2,1,0,0,0,1,13,31778,6,1,0,0,3,3,69,210,98,0,0,0,0,0,0,0,0,0,29,0,0,0,1,2,55,1,6,2,1,0,0,1,13,99,1,4,1,1,0
13,130597,1,1,5,6,7,16,25,1,0,1,0,37,2,12,401,12401,14,2004,1FMZU63K94UA,1,F,M,Z,U,6,3,K,9,4,U,A,0,P,FORD,EPR,UT,4,17,4094,,0,1137,,F,,0,0,000000000,00000000000,0,0,0,1,0,0,0,0,0,0,0,998,0,2,1,0,61,6,2,1,0,0,0,1,37,28525,6,1,0,0,3,3,74,999,0,0,0,0,0,0,0,0,0,0,80,28,0,0,2,3,70,1,1,8,1,0,0,1,1,7,3,6,98,2,0
13,130598,1,3,1,7,7,7,45,12,1,1,0,13,1,12,481,12481,31,1996,1FTHF25H5TLA,1,F,T,H,F,2,5,H,5,T,L,A,0,T,FORD,F25,PK,96,17,,2,0,1330,COF,G,,0,0,000000000,00000000000,0,0,0,1,0,0,0,0,0,0,0,998,0,0,0,12,12,6,2,12,0,0,0,1,13,30677,6,1,0,0,3,0,63,145,98,0,0,1,1,8,2008,6,2009,0,26,0,0,0,2,2,65,1,1,8,1,98,8,1,50,99,1,1,20,0,0
13,130598,2,3,4,7,7,7,45,12,1,1,0,13,1,37,32,37032,4,1995,1HGCE6661SA0,1,H,G,C,E,6,6,6,1,S,A,0,0,P,HOND,AEX,4D,95,17,3184,,0,1069,,G,,0,0,000000000,00000000000,0,0,0,1,0,0,0,0,0,0,0,0,0,0,0,6,6,6,2,12,0,0,0,1,13,30622,6,1,0,0,3,0,63,170,98,0,0,0,0,0,0,0,0,0,54,0,0,0,2,2,65,1,1,8,1,98,8,5,53,1,1,1,21,1,0
13,130598,3,3,1,7,7,7,45,12,1,1,0,13,1,20,431,20431,16,2003,1GNEC16Z33J1,1,G,N,E,C,1,6,Z,3,3,J,1,0,P,CHEV,C15,UT,3,17,4914,,0,1300,,F,,0,0,000000000,00000000000,0,0,0,1,0,0,0,0,0,0,0,998,0,0,0,4,4,6,2,12,0,0,0,1,13,30606,6,1,0,0,3,0,71,190,98,0,0,0,0,0,0,0,0,0,0,0,0,0,2,2,65,1,1,8,1,98,8,1,61,6,1,2,98,0,0
13,130599,1,1,1,8,7,21,50,34,0,1,0,13,2,53,705,53705,80,2002,JS1GN7BA8221,J,S,1,G,N,7,B,A,8,2,2,1,0,M,SUZI,G60,RS,2,17,,,,,,,599,0,0,000000000,00000000000,0,0,0,1,0,0,0,0,0,0,0,998,0,0,0,12,81,4,3,42,0,0,0,1,13,30605,6,1,5,0,2,0,71,193,98,6,0,5,2,10,2008,5,2010,1,29,0,0,0,1,2,45,1,1,8,1,0,0,1,6,99,1,4,1,1,0
13,130600,1,1,1,9,7,13,35,34,0,1,0,92,0,6,421,6421,15,2007,1A8HX58277F5,1,A,8,H,X,5,8,2,7,7,F,5,0,P,CHRY,ASP,UT,7,17,4762,,0,1191,,G,,0,0,000000000,00000000000,0,0,0,1,0,0,0,0,0,0,0,998,0,1,5,14,81,6,2,1,0,0,0,1,13,39817,6,1,0,0,3,0,71,158,98,0,0,0,0,0,0,0,0,1,29,58,0,0,3,2,55,1,1,8,1,0,0,1,6,6,4,4,2,1,0
13,130601,1,3,1,11,7,2,48,12,1,1,1,99,9,99,999,99999,99,9999,999999999999,9,9,9,9,9,9,9,9,9,9,9,9,0,U,,,,9,17,,,,,,,,0,0,000000000,00000000000,0,0,0,1,0,0,0,0,0,0,0,998,0,0,0,12,12,9,1,12,0,0,0,1,99,99999,9,9,99,9,9,9,999,999,99,99,99,99,99,99,9999,99,9999,0,26,0,0,0,1,4,55,1,1,2,1,0,0,1,51,99,1,1,24,0,0
13,130601,2,3,1,11,7,2,48,12,1,1,0,10,5,53,706,53706,80,2003,JS1GT75A1321,J,S,1,G,T,7,5,A,1,3,2,1,0,M,SUZI,XR1,RS,3,17,,,,,,,988,0,0,000000000,00000000000,0,0,0,1,0,0,0,0,0,0,0,998,0,0,0,6,12,4,3,12,0,0,0,1,13,30238,6,1,6,0,3,0,72,180,98,1,0,1,0,7,2008,4,2010,0,0,0,0,0,1,4,55,1,1,2,1,0,0,1,53,99,1,1,25,1,1