STATE,ST_CASE,VEH_NO,VE_FORMS,NUMOCCS,DAY,MONTH,HOUR,MINUTE,HARM_EV,MAN_COLL,UNITTYPE,HIT_RUN,REG_STAT,OWNER,MAKE,MODEL,MAK_MOD,BODY_TYP,MOD_YEAR,VIN,VIN_1,VIN_2,VIN_3,VIN_4,VIN_5,VIN_6,VIN_7,VIN_8,VIN_9,VIN_10,VIN_11,VIN_12,TOW_VEH,VINTYPE,VINMAKE,VINA_MOD,VIN_BT,VINMODYR,VIN_LNGT,VIN_WGT,WGTCD_TR,WHLBS_LG,WHLBS_SH,SER_TR,FUELCODE,MCYCL_DS,J_KNIFE,MCARR_I1,MCARR_I2,MCARR_ID,GVWR,V_CONFIG,CARGO_BT,HAZ_INV,HAZ_PLAC,HAZ_ID,HAZ_CNO,HAZ_REL,BUS_USE,SPEC_USE,EMER_USE,TRAV_SP,UNDERIDE,ROLLOVER,ROLINLOC,IMPACT1,IMPACT2,DEFORMED,TOWED,M_HARM,VEH_SC1,VEH_SC2,FIRE_EXP,DR_PRES,L_STATE,DR_ZIP,L_STATUS,L_TYPE,CDL_STAT,L_ENDORS,L_COMPL,L_RESTRI,DR_HGT,DR_WGT,PREV_ACC,PREV_SUS,PREV_DWI,PREV_SPD,PREV_OTH,FIRST_MO,FIRST_YR,LAST_MO,LAST_YR,SPEEDREL,DR_SF1,DR_SF2,DR_SF3,DR_SF4,VTRAFWAY,VNUM_LAN,VSPD_LIM,VALIGN,VPROFILE,VPAVETYP,VSURCOND,VTRAFCON,VTCONT_F,P_CRASH1,P_CRASH2,P_CRASH3,PCRASH4,PCRASH5,ACC_TYPE,DEATHS,DR_DRINK
13,130601,3,3,1,11,7,2,48,12,1,1,0,13,2,23,421,23421,15,2003,1GKEC13Z63J3,1,G,K,E,C,1,3,Z,6,3,J,3,0,T,GMC,YUK,4W,3,17,,2,0,1160,YUK,F,,0,0,000000000,00000000000,0,0,0,1,0,0,0,0,0,0,0,998,0,0,0,6,6,2,1,12,0,0,0,1,13,30286,6,1,0,0,3,0,67,160,98,0,0,0,0,0,0,0,0,0,0,0,0,0,1,4,55,1,1,2,1,0,0,1,53,99,1,1,98,0,0
13,130602,1,3,1,14,7,18,10,12,6,1,0,13,2,37,31,37031,4,2005,2HGES26745H5,2,H,G,E,S,2,6,7,4,5,H,5,0,P,HOND,UAX,4D,5,17,2668,,0,1031,,G,,0,0,000000000,00000000000,0,0,0,1,0,0,0,0,0,0,0,998,0,0,0,7,6,6,2,12,0,0,0,1,13,31220,6,1,0,0,3,0,69,180,98,0,0,0,0,0,0,0,0,0,38,27,0,0,1,4,55,1,1,2,1,0,0,15,10,1,1,2,47,1,0
13,130602,2,3,2,14,7,18,10,12,6,1,0,13,2,20,481,20481,31,2000,2GCEC19V5Y13,2,G,C,E,C,1,9,V,5,Y,1,3,0,T,CHEV,SC1,PC,0,17,,2,1575,1435,SIL,G,,0,0,000000000,00000000000,0,0,0,1,0,0,0,0,0,0,0,998,0,0,0,1,1,2,1,12,0,0,0,1,13,31023,6,1,0,0,3,0,72,200,98,2,0,0,0,10,2007,10,2007,0,0,0,0,0,1,4,55,1,1,2,1,0,0,1,61,99,1,1,45,0,0
13,130602,3,3,1,14,7,18,10,12,6,1,0,13,1,23,481,23481,31,1999,1GTEK19T4XE5,1,G,T,E,K,1,9,T,4,X,E,5,0,T,GMC,NK1,3C,99,17,,2,1575,1435,SIE,G,,0,0,000000000,00000000000,0,0,0,1,0,0,0,0,0,0,0,998,0,0,0,12,12,6,2,12,0,0,0,1,13,31031,6,1,6,0,3,0,71,215,98,0,0,0,0,0,0,0,0,0,0,0,0,0,1,4,55,1,1,2,1,0,0,1,62,99,1,1,98,0,0
13,130603,1,2,2,14,7,14,47,12,6,1,0,13,2,13,1,13001,4,1998,1LNFM97V2WY6,1,L,N,F,M,9,7,V,2,W,Y,6,0,P,LINC,CON,4D,98,17,3868,,0,1090,,G,,0,0,000000000,00000000000,0,0,0,1,0,0,0,0,0,0,0,998,0,0,0,3,3,6,2,12,32,0,0,1,13,30643,6,1,0,0,3,0,62,220,98,0,0,0,0,0,0,0,0,0,0,0,0,0,1,2,45,1,1,8,1,20,3,1,17,99,1,1,87,1,0
13,130603,2,2,2,14,7,14,47,12,6,1,0,13,1,7,442,7442,20,2002,1B4GP24312B5,1,B,4,G,P,2,4,3,1,2,B,5,0,P,DODG,CAR,SV,2,17,3906,,0,1193,,F,,0,0,000000000,00000000000,0,0,0,1,0,0,0,0,0,0,0,998,0,0,0,12,12,6,2,12,0,0,0,1,13,30577,6,1,0,0,3,0,66,200,98,0,0,0,0,0,0,0,0,0,0,0,0,0,2,2,55,1,3,8,1,0,0,1,66,99,1,1,86,0,0
13,130604,1,1,1,7,8,12,58,42,0,1,0,13,1,20,481,20481,31,2000,1GCEC14TXYZ1,1,G,C,E,C,1,4,T,X,Y,Z,1,0,T,CHEV,SC1,PK,0,17,,2,1330,1190,SIL,G,,0,0,000000000,00000000000,0,0,0,1,0,0,0,0,0,0,0,998,0,1,6,12,12,6,2,42,0,0,0,1,13,30436,6,1,6,0,3,0,72,220,98,0,0,0,0,0,0,0,0,0,0,0,0,0,1,2,55,1,1,2,1,0,0,1,8,1,9,4,7,1,0
13,130605,1,1,2,8,8,16,30,57,0,1,0,13,1,72,706,72706,80,2002,1HD1GEV112K4,1,H,D,1,G,E,V,1,1,2,K,4,0,M,HD,FWG,RS,2,17,,,,,,,1450,0,0,000000000,00000000000,0,0,0,1,0,0,0,0,0,0,0,998,0,0,0,9,9,6,2,57,0,0,0,1,13,30080,6,1,6,0,3,2,71,210,98,0,0,0,0,0,0,0,0,0,74,0,0,0,3,2,65,2,1,2,1,0,0,14,10,1,1,5,6,1,0
13,130606,1,2,1,9,8,17,10,12,6,1,0,13,2,23,431,23431,16,2001,1GKEC16T61J2,1,G,K,E,C,1,6,T,6,1,J,2,0,T,GMC,CX1,4W,1,17,,2,0,1300,YUK,G,,0,0,000000000,00000000000,0,0,0,1,0,0,0,0,0,0,0,998,0,0,0,9,9,4,3,12,0,0,0,1,13,30115,6,1,0,0,3,3,70,193,98,0,0,0,0,0,0,0,0,0,38,91,0,0,3,2,35,1,2,2,1,20,3,11,15,1,1,1,68,0,0
13,130606,2,2,1,9,8,17,10,12,6,1,0,13,1,72,706,72706,80,1990,1HD1DPL15LY5,1,H,D,1,D,P,L,1,5,L,Y,5,0,M,HD,UHB,RS,90,17,,,,,,,1340,0,0,000000000,00000000000,0,0,0,1,0,0,0,0,0,0,0,998,0,0,0,12,12,4,3,12,0,0,0,1,13,30041,6,1,0,0,3,0,70,205,98,0,0,0,0,0,0,0,0,0,0,0,0,0,3,2,35,1,2,2,1,0,0,1,67,2,1,1,69,1,1
13,130607,1,1,2,10,8,11,10,42,0,1,0,12,1,12,471,12471,30,1999,1FTZR15X7XTA,1,F,T,Z,R,1,5,X,7,X,T,A,0,T,FORD,RNS,PS,99,17,,1,0,1259,RNG,G,,0,0,000000000,00000000000,0,0,0,1,0,0,0,0,0,0,0,998,0,0,0,11,11,6,2,42,0,0,0,1,12,33189,6,1,6,0,3,0,74,999,0,0,0,0,0,0,0,0,0,0,0,0,0,0,3,2,45,1,2,2,1,0,0,1,10,1,1,4,6,1,0
13,130608,1,1,1,10,8,6,32,42,0,1,0,13,3,37,32,37032,4,1991,1HGCB7669MA0,1,H,G,C,B,7,6,6,9,M,A,0,0,P,HOND,AER,4D,91,17,2923,,0,1071,,G,,0,0,000000000,00000000000,0,0,0,1,0,0,0,0,0,0,0,998,0,0,0,12,12,6,2,42,0,0,1,1,13,30041,6,1,0,0,3,3,67,165,98,0,0,0,0,0,0,0,0,0,0,0,0,0,1,2,40,1,2,2,1,0,0,1,13,1,1,4,1,1,0
13,130609,1,2,2,12,8,1,38,18,0,1,0,1,1,12,3,12003,1,2003,1FAFP45X73F4,1,F,A,F,P,4,5,X,7,3,F,4,0,P,FORD,MGT,CV,3,17,3254,,0,1013,,G,,0,0,000000000,00000000000,0,0,0,1,0,0,0,0,0,0,0,998,1,0,0,12,13,6,2,12,0,0,0,1,1,35543,6,1,0,0,3,3,75,230,0,0,0,2,0,2,2010,6,2010,0,81,58,0,0,3,3,70,1,1,2,1,0,0,1,90,1,1,6,15,1,0
13,130609,2,2,1,12,8,1,38,18,0,1,0,93,2,82,881,82881,66,2005,1FUJBBAV05LU,1,F,U,J,B,B,A,V,0,5,L,U,1,T,FRHT,ST2,DS,5,17,,8,0,0,CON,D,,1,57,1400436,571400436,3,6,1,1,0,0,0,0,0,0,0,998,7,0,0,8,14,2,3,12,0,0,0,1,13,30044,6,1,6,0,3,0,72,200,98,0,0,2,3,8,2007,6,2010,0,0,0,0,0,3,3,70,1,1,2,1,0,0,1,61,1,1,1,98,0,0
13,130610,1,3,1,13,8,15,55,12,6,1,0,13,2,49,41,49041,2,1989,JT2AW15C3K01,J,T,2,A,W,1,5,C,3,K,0,1,0,P,TOYT,MR2,CP,89,17,2350,,0,913,,G,,0,0,000000000,00000000000,0,0,0,1,0,0,0,0,0,0,0,998,0,0,0,9,9,6,2,12,0,0,0,1,13,30269,6,1,0,0,3,3,67,145,98,0,0,0,0,0,0,0,0,0,39,0,0,0,1,2,25,1,1,2,1,20,3,1,17,1,1,1,89,1,0
13,130610,2,3,1,13,8,15,55,12,6,1,0,13,2,21,22,21022,4,1995,1G3GR62C2S41,1,G,3,G,R,6,2,C,2,S,4,1,0,P,OLDS,AUR,4D,95,17,3967,,0,1138,,G,,0,0,000000000,00000000000,0,0,0,1,0,0,0,0,0,0,0,998,0,0,0,12,12,6,2,12,0,0,0,1,13,30277,6,1,0,0,3,0,73,142,98,0,0,0,0,0,0,0,0,0,0,0,0,0,2,2,55,1,1,2,1,0,0,1,66,1,1,1,88,0,0
13,130610,3,3,2,13,8,15,55,12,6,1,0,13,1,54,402,54402,14,2007,5J8TB18247A0,5,J,8,T,B,1,8,2,4,7,A,0,0,P,ACUR,RDX,UT,7,17,3968,,0,1043,,G,,0,0,000000000,00000000000,0,0,0,1,0,0,0,0,0,0,0,998,0,0,0,12,12,2,1,18,0,0,0,1,13,30269,6,1,0,0,3,3,64,135,98,0,0,0,0,0,0,0,0,0,0,0,0,0,2,2,55,1,1,2,1,0,0,1,66,7,1,2,98,0,0
13,130611,1,2,1,13,8,19,41,12,6,1,0,13,1,41,50,41050,4,2003,1YVFP80C035M,1,Y,V,F,P,8,0,C,0,3,5,M,0,P,MAZD,M6I,4D,3,17,3042,,0,1053,,G,,0,0,000000000,00000000000,0,0,0,1,0,0,0,0,0,0,0,998,0,0,0,9,9,6,2,12,0,0,0,1,13,30213,6,1,0,0,3,0,67,135,98,0,0,1,0,12,2009,12,2009,0,39,0,0,0,2,2,55,2,2,2,1,20,3,14,17,1,1,1,89,1,0
13,130611,2,2,1,13,8,19,41,12,6,1,0,13,2,20,22,20022,4,2006,1G1AL55F7678,1,G,1,A,L,5,5,F,7,6,7,8,0,P,CHEV,BLT,4D,6,17,3216,,0,1033,,G,,0,0,000000000,00000000000,0,0,0,1,0,0,0,0,0,0,0,998,0,0,0,12,12,6,2,12,0,0,0,1,13,30117,6,2,0,0,3,0,65,170,98,0,0,0,0,0,0,0,0,1,0,0,0,0,2,2,55,2,2,2,1,0,0,14,66,1,1,1,88,0,0
13,130612,1,1,1,15,7,12,41,42,0,1,0,13,1,20,37,20037,4,2008,1G1ZS58F28F1,1,G,1,Z,S,5,8,F,2,8,F,1,0,P,CHEV,M/L,4D,8,17,3297,,0,1063,,G,,0,0,000000000,00000000000,0,0,0,1,0,0,0,0,0,0,0,998,0,0,0,12,12,6,2,42,32,0,0,1,13,30628,6,1,0,0,3,3,62,130,98,0,0,0,0,0,0,0,0,0,29,0,0,0,1,2,55,3,6,8,1,0,0,14,13,7,3,4,2,1,0
13,130613,1,2,1,17,7,16,55,12,6,1,0,13,2,12,481,12481,31,2006,1FTRF12226NB,1,F,T,R,F,1,2,2,2,6,N,B,0,T,FORD,F15,PK,6,17,,2,1450,1260,COF,G,,0,0,000000000,00000000000,0,0,0,1,0,0,0,0,0,0,0,998,0,1,1,3,81,6,2,12,0,0,0,1,13,30052,6,1,0,0,3,0,71,150,98,1,0,0,1,3,2009,3,2009,1,87,28,0,0,1,2,55,1,1,8,6,0,0,1,5,99,4,2,64,0,0
13,130613,2,2,2,17,7,16,55,12,6,1,0,13,1,20,443,20443,20,2003,1GNDX13EX3D1,1,G,N,D,X,1,3,E,X,3,D,1,0,T,CHEV,LUX,ES,3,17,,1,0,1200,VTR,G,,0,0,000000000,00000000000,0,0,0,1,0,0,0,0,0,0,0,998,0,0,0,12,12,4,3,12,0,0,0,1,13,30233,6,1,0,0,3,3,64,155,98,0,0,0,1,7,2009,7,2009,0,0,0,0,0,1,2,55,1,1,8,2,0,0,1,62,99,1,1,65,1,0
13,130614,1,2,1,14,8,18,56,12,2,1,0,13,2,7,20,7020,4,2005,1B3ES56CX5D2,1,B,3,E,S,5,6,C,X,5,D,2,0,P,DODG,NXT,4D,5,17,2634,,0,1040,,G,,0,0,000000000,00000000000,0,0,0,1,0,0,0,0,0,0,0,998,0,0,0,12,12,6,2,12,0,0,0,1,13,30132,6,1,0,0,3,0,72,145,98,0,0,0,0,0,0,0,0,0,28,91,0,0,1,2,45,2,2,2,1,0,0,14,10,1,1,2,50,0,0
13,130614,2,2,3,14,8,18,56,12,2,1,0,13,2,2,403,2403,14,2005,1J4FA39S95P3,1,J,4,F,A,3,9,S,9,5,P,3,0,T,JEEP,WXR,2W,5,17,,1,0,934,WRA,G,,0,0,000000000,00000000000,0,0,0,1,0,0,0,0,0,0,0,998,0,1,2,12,12,6,2,12,0,0,0,1,13,30157,6,2,0,0,3,0,71,173,98,0,0,0,0,0,0,0,0,0,0,0,0,0,1,2,45,1,2,2,1,0,0,1,62,1,1,1,51,1,0
13,130615,1,1,1,17,7,22,5,8,0,1,0,45,1,20,481,20481,31,2001,1GCEC14W21Z1,1,G,C,E,C,1,4,W,2,1,Z,1,0,T,CHEV,SC1,PK,1,17,,2,1330,1190,SIL,G,,0,0,000000000,00000000000,0,0,0,1,0,0,0,0,0,0,0,998,0,0,0,12,12,4,3,8,0,0,0,1,45,29672,6,1,0,0,3,0,68,170,0,0,0,1,0,6,2008,6,2008,0,86,0,0,0,3,2,70,1,5,8,1,0,0,1,80,1,1,1,13,0,0
13,130616,1,2,1,15,8,4,5,12,1,1,0,12,3,85,881,85881,66,2005,3WKADB9X25F0,3,W,K,A,D,B,9,X,2,5,F,0,1,T,KW,T60,DS,5,17,,8,2600,1600,CON,D,,1,57,1401213,571401213,3,6,1,1,0,0,0,0,0,0,0,998,0,0,0,12,12,6,2,12,0,0,0,1,37,27252,6,1,6,0,3,3,69,999,0,0,0,2,1,3,2009,2,2010,0,26,0,0,0,3,3,70,1,1,2,1,0,0,1,51,6,1,1,24,0,0
13,130616,2,2,1,15,8,4,5,12,1,1,0,99,9,84,981,84981,50,1991,1HVBBNPN5MH3,1,H,V,B,B,N,P,N,5,M,H,3,0,T,INTL,380,BU,91,17,,7,2760,1520,30S,D,,0,88,888888888,88888888888,2,21,22,1,0,0,0,0,8,0,0,998,0,0,0,6,12,6,2,42,35,0,0,1,47,37042,6,1,0,0,3,0,70,195,0,0,0,0,0,0,0,0,0,0,0,0,0,0,3,3,70,1,1,2,1,0,0,1,53,1,1,1,25,1,0
13,130617,1,1,1,18,7,16,42,38,0,1,0,13,2,76,706,76706,80,1998,JYARN02EXWA0,J,Y,A,R,N,0,2,E,X,W,A,0,0,M,YAMA,YFR,RS,98,17,,,,,,,998,0,0,000000000,00000000000,0,0,0,1,0,0,0,0,0,0,0,998,0,0,0,2,2,6,2,38,0,0,0,1,13,30830,6,1,5,0,3,3,70,185,98,3,0,3,2,8,2007,4,2010,1,29,0,0,0,1,2,25,3,1,8,1,0,0,14,13,99,1,4,1,1,0
13,130618,1,1,1,18,7,3,41,23,0,1,0,13,1,12,401,12401,14,2002,1FMZU63K12UD,1,F,M,Z,U,6,3,K,1,2,U,D,0,P,FORD,EPR,UT,2,17,4163,,0,1137,,F,,0,0,000000000,00000000000,0,0,0,1,0,0,0,0,0,0,0,88,0,1,5,11,11,6,2,1,0,0,0,1,13,30144,6,1,0,0,3,0,70,180,98,3,0,0,4,8,2008,10,2009,1,29,0,0,0,6,1,65,2,2,2,1,0,0,14,6,4,2,4,7,1,0
13,130619,1,1,1,21,7,7,30,53,0,1,0,13,1,49,472,49472,30,2001,5TEGN92N31Z7,5,T,E,G,N,9,2,N,3,1,Z,7,0,T,TOYT,DCP,CW,1,17,,1,0,1219,TAC,G,,0,0,000000000,00000000000,0,0,0,1,0,0,0,0,0,0,0,998,0,0,0,12,12,2,3,53,0,0,0,1,13,31523,6,1,0,0,3,0,67,194,98,0,0,0,0,0,0,0,0,0,29,0,0,0,1,2,35,1,1,2,1,0,0,1,13,99,1,4,1,1,0
13,130620,1,2,2,16,8,19,1,12,7,1,0,13,2,7,472,7472,30,2007,1D7HE48K27S1,1,D,7,H,E,4,8,K,2,7,S,1,0,T,DODG,DQS,CW,7,17,,2,0,1313,DAK,G,,0,0,000000000,00000000000,0,0,0,1,0,0,0,0,0,0,0,998,0,1,1,7,98,6,2,1,32,0,0,1,13,31312,6,1,0,0,3,0,67,195,98,0,0,0,0,0,0,0,0,0,27,0,0,0,3,3,55,1,1,1,1,0,0,15,10,1,1,2,47,2,0
13,130620,2,2,1,16,8,19,1,12,7,1,0,13,1,23,481,23481,31,2003,2GTEC19TX313,2,G,T,E,C,1,9,T,X,3,1,3,0,T,GMC,NC1,4C,3,17,,2,1575,1435,SIE,G,,0,0,000000000,00000000000,0,0,0,1,0,0,0,0,0,0,0,998,0,0,0,1,1,6,2,12,0,0,0,1,13,31419,6,1,6,0,3,3,71,210,98,0,0,0,0,0,0,0,0,0,0,0,0,0,3,3,55,1,1,1,1,0,0,1,60,1,1,1,45,0,0
13,130621,1,1,2,21,7,15,43,1,0,1,0,12,1,72,706,72706,80,2006,1HD1FFW106Y6,1,H,D,1,F,F,W,1,0,6,Y,6,0,M,HD,TCI,RS,6,17,,,,,,,1450,0,0,000000000,00000000000,0,0,0,1,0,0,0,0,0,0,0,998,0,0,0,0,0,6,2,1,0,0,0,1,12,33991,6,1,6,0,3,0,75,999,0,0,0,0,0,0,0,0,0,0,80,29,0,0,2,3,70,1,1,8,1,0,0,1,1,99,1,4,1,1,0
13,130622,1,1,1,17,8,5,27,11,0,1,0,13,1,37,31,37031,4,1995,JHMEG8554SS0,J,H,M,E,G,8,5,5,4,S,S,0,0,P,HOND,CLX,4D,95,17,2313,,0,1032,,G,,0,0,000000000,00000000000,0,0,0,1,0,0,0,0,0,0,0,998,0,0,0,12,12,6,2,11,0,0,0,1,13,30753,6,1,0,0,3,0,76,210,98,0,0,0,0,0,0,0,0,0,83,0,0,0,1,2,55,1,1,2,2,0,0,1,87,1,1,1,13,1,0
13,130623,1,2,4,23,7,14,44,12,6,1,0,13,2,12,481,12481,31,1999,1FTSX31F2XEE,1,F,T,S,X,3,1,F,2,X,E,E,0,T,FORD,F3S,4C,99,17,,2,1580,1418,SRW,D,,0,0,000000000,00000000000,0,0,0,1,0,0,0,0,0,0,0,998,0,0,0,12,12,2,3,12,0,0,0,1,13,30531,6,1,6,0,3,0,73,210,98,0,0,1,0,12,2007,12,2007,0,39,0,0,0,1,3,45,1,1,8,1,3,3,1,17,99,9,2,83,0,0
13,130623,2,2,2,23,7,14,44,12,6,1,0,13,1,6,43,6043,2,2001,4C3AG52H01E0,4,C,3,A,G,5,2,H,0,1,E,0,0,P,CHRY,SLI,2P,1,17,3093,,0,1037,,G,,0,0,000000000,00000000000,0,0,0,1,0,0,0,0,0,0,0,998,0,0,0,9,9,6,2,12,0,0,0,1,13,30680,6,1,0,0,3,3,61,120,98,0,0,0,0,0,0,0,0,0,0,0,0,0,1,3,25,1,1,8,1,3,3,11,67,99,9,2,82,1,0
13,130624,1,1,1,17,8,14,30,42,0,1,0,12,1,12,16,12016,4,1999,2FAFP74WXXX1,2,F,A,F,P,7,4,W,X,X,X,1,0,P,FORD,CVL,4D,99,17,3917,,0,1147,,G,,0,0,000000000,00000000000,0,0,0,1,0,0,0,0,0,0,0,998,0,0,0,9,9,6,2,42,0,0,0,1,12,32137,6,1,0,0,3,0,65,999,0,0,0,0,1,2,2010,2,2010,0,0,0,0,0,2,2,65,1,1,2,2,0,0,1,8,1,1,4,1,1,0
13,130625,1,1,1,24,7,21,0,34,0,1,0,13,2,9,19,9019,4,1990,1P3XA46K0LF8,1,P,3,X,A,4,6,K,0,L,F,8,0,P,PLYM,ACC,4D,90,17,2711,,0,1033,,G,,0,0,000000000,00000000000,0,0,0,1,0,0,0,0,0,0,0,998,0,1,5,12,12,6,2,34,0,0,0,1,13,31636,0,0,0,0,0,0,999,999,98,0,0,0,0,0,0,0,0,0,29,0,0,0,1,2,55,2,1,8,1,0,0,14,12,99,9,4,7,1,1
13,130626,1,1,1,24,7,16,30,35,0,1,0,13,1,37,706,37706,80,2006,1HFSC47L46A5,1,H,F,S,C,4,7,L,4,6,A,5,0,M,HOND,GL8,RS,6,17,,,,,,,1832,0,0,000000000,00000000000,0,0,0,1,0,0,0,0,0,0,0,998,0,0,0,14,9,6,2,1,0,0,0,1,13,31811,6,1,6,0,3,0,71,255,98,0,0,0,0,0,0,0,0,0,29,0,0,0,1,2,55,3,6,8,1,0,0,14,13,99,9,4,2,1,1
13,130627,1,2,2,24,7,16,6,12,2,1,0,13,3,23,401,23401,14,2005,1GTCS1363582,1,G,T,C,S,1,3,6,3,5,8,2,0,T,GMC,CAN,CW,5,17,,1,0,1260,CAN,G,,0,0,000000000,00000000000,0,0,0,1,0,0,0,0,0,0,0,998,0,1,1,12,12,6,2,12,0,0,0,1,13,31779,1,1,0,0,2,3,61,120,98,1,0,0,1,2,2008,5,2010,0,58,28,91,0,1,2,55,3,1,8,1,0,0,14,10,6,4,6,50,1,1
13,130627,2,2,1,24,7,16,6,12,2,1,0,13,2,12,37,12037,4,2004,1FAFP34364W1,1,F,A,F,P,3,4,3,6,4,W,1,0,P,FORD,FSP,4D,4,17,2604,,0,1030,,G,,0,0,000000000,00000000000,0,0,0,1,0,0,0,0,0,0,0,998,0,0,0,12,12,6,2,12,0,0,0,1,13,31730,6,1,0,0,3,0,67,175,98,2,1,0,3,6,2008,11,2008,0,0,0,0,0,1,2,55,1,1,8,1,0,0,1,62,99,1,1,51,0,0
13,130628,1,2,1,21,8,20,4,12,8,1,0,13,1,72,706,72706,80,2005,1HD1DJV125Y6,1,H,D,1,D,J,V,1,2,5,Y,6,0,M,HD,FHC,RS,5,17,,,,,,,1450,0,0,000000000,00000000000,0,0,0,1,0,0,0,0,0,0,0,998,0,0,0,11,11,4,3,12,0,0,0,1,13,30236,6,1,0,0,3,3,71,210,98,0,0,0,0,0,0,0,0,1,28,0,0,0,1,2,35,3,2,2,2,28,3,14,6,2,2,2,64,1,0
13,130628,2,2,4,21,8,20,4,12,8,1,0,13,2,12,37,12037,4,2008,1FAHP35N28W1,1,F,A,H,P,3,5,N,2,8,W,1,0,P,FORD,FMS,4D,8,17,2623,,0,1029,,G,,0,0,000000000,00000000000,0,0,0,1,0,0,0,0,0,0,0,998,0,0,0,11,11,2,3,12,32,0,0,1,13,30101,6,1,0,0,3,3,69,160,98,0,0,0,0,0,0,0,0,0,0,0,0,0,1,2,35,2,2,2,2,28,3,14,62,1,1,1,65,0,0
13,130629,1,1,1,27,7,23,0,34,0,1,0,13,2,20,401,20401,14,1988,1GNCT18Z6J01,1,G,N,C,T,1,8,Z,6,J,0,1,0,T,CHEV,SBZ,S2,88,17,,1,0,1005,S10,G,,0,0,000000000,00000000000,0,0,0,1,0,0,0,0,0,0,0,998,0,1,5,14,13,6,2,1,0,0,0,1,13,31636,6,1,0,0,3,0,64,180,98,0,0,0,0,0,0,0,0,0,29,0,0,0,1,2,55,1,1,8,2,0,0,1,13,99,1,4,1,1,1
13,130630,1,1,1,28,7,8,10,8,0,1,0,48,1,20,481,20481,31,2006,3GCEC14X76G2,3,G,C,E,C,1,4,X,7,6,G,2,0,T,CHEV,SC1,PK,6,17,,2,1330,1190,SIL,G,,0,0,000000000,00000000000,0,0,0,1,0,0,0,0,0,0,0,998,0,0,0,12,12,4,3,8,0,0,0,1,13,30314,6,1,0,0,3,3,72,185,98,0,0,0,0,0,0,0,0,0,28,91,86,0,2,2,35,1,1,2,1,98,8,1,12,99,1,4,13,0,0
13,130631,1,2,1,21,8,10,42,12,1,1,0,13,1,53,706,53706,80,2008,JS1GT77A2821,J,S,1,G,T,7,7,A,2,8,2,1,0,M,SUZI,XR1,RS,8,17,,,,,,,999,0,0,000000000,00000000000,0,0,0,1,0,0,0,0,0,0,0,998,0,0,0,12,12,4,3,12,0,0,0,1,13,31411,6,1,0,0,3,3,72,190,98,0,0,1,0,10,2007,10,2007,1,26,0,0,0,1,2,35,1,1,2,1,0,0,1,51,1,1,1,24,1,0
13,130631,2,2,1,21,8,10,42,12,1,1,0,13,2,49,401,49401,14,2007,JTEBU14RX780,J,T,E,B,U,1,4,R,X,7,8,0,0,P,TOYT,RUN,UT,7,17,4300,,0,1098,,G,,0,0,000000000,00000000000,0,0,0,1,0,0,0,0,0,0,0,998,0,0,0,6,6,4,3,12,0,0,0,1,13,31419,6,1,0,0,3,0,71,185,98,0,0,1,1,7,2008,7,2010,0,0,0,0,0,1,2,35,1,1,2,1,0,0,11,53,1,1,1,25,0,0
13,130632,1,1,1,21,8,11,50,21,0,1,0,13,1,12,15,12015,4,1992,1FAPP36X9NK1,1,F,A,P,P,3,6,X,9,N,K,1,0,P,FORD,TGL,4D,92,17,2600,,0,999,,G,,0,0,000000000,00000000000,0,0,0,1,0,0,0,0,0,0,0,998,0,0,0,12,12,6,2,21,0,0,0,1,13,30317,6,1,0,0,3,3,65,179,98,0,0,0,0,0,0,0,0,0,99,99,99,99,1,2,45,1,1,1,1,0,0,1,13,1,1,4,1,1,1
13,130633,1,2,1,21,8,15,26,12,6,1,0,1,1,37,709,37709,89,2008,JH2SC59028M0,J,H,2,S,C,5,9,0,2,8,M,0,0,M,HOND,CBS,RC,8,17,,,,,,,998,0,0,000000000,00000000000,0,0,0,1,0,0,0,0,0,0,0,998,0,0,0,12,12,6,2,12,0,0,0,1,1,35959,6,1,0,0,3,0,75,208,0,0,0,1,1,6,2008,11,2009,1,28,34,0,0,1,2,55,1,1,2,1,0,0,6,17,1,1,1,86,1,0
13,130633,2,2,2,21,8,15,26,12,6,1,0,13,2,35,43,35043,4,1994,1N4EB31F3RC7,1,N,4,E,B,3,1,F,3,R,C,7,0,P,NISS,SEL,4D,94,17,2346,,0,957,,G,,0,0,000000000,00000000000,0,0,0,1,0,0,0,0,0,0,0,998,0,0,0,4,4,6,2,12,0,0,0,1,13,30105,6,1,0,0,3,3,63,124,98,0,0,0,0,0,0,0,0,0,0,0,0,0,1,2,40,1,1,2,1,20,3,1,66,1,1,1,87,1,0
13,130634,1,1,1,22,8,0,40,11,0,1,0,13,1,72,706,72706,80,2004,1HD1BLY194Y0,1,H,D,1,B,L,Y,1,9,4,Y,0,0,M,HD,XST,RS,4,17,,,,,,,1450,0,0,000000000,00000000000,0,0,0,1,0,0,0,0,0,0,0,998,0,0,0,12,98,6,2,11,0,0,0,1,13,30223,6,1,0,0,3,1,69,228,98,0,0,0,0,0,0,0,0,0,83,0,0,0,1,2,45,1,6,2,1,0,0,1,87,1,1,1,13,1,1