STATE,ST_CASE,VEH_NO,VE_FORMS,NUMOCCS,DAY,MONTH,HOUR,MINUTE,HARM_EV,MAN_COLL,UNITTYPE,HIT_RUN,REG_STAT,OWNER,MAKE,MODEL,MAK_MOD,BODY_TYP,MOD_YEAR,VIN,VIN_1,VIN_2,VIN_3,VIN_4,VIN_5,VIN_6,VIN_7,VIN_8,VIN_9,VIN_10,VIN_11,VIN_12,TOW_VEH,VINTYPE,VINMAKE,VINA_MOD,VIN_BT,VINMODYR,VIN_LNGT,VIN_WGT,WGTCD_TR,WHLBS_LG,WHLBS_SH,SER_TR,FUELCODE,MCYCL_DS,J_KNIFE,MCARR_I1,MCARR_I2,MCARR_ID,GVWR,V_CONFIG,CARGO_BT,HAZ_INV,HAZ_PLAC,HAZ_ID,HAZ_CNO,HAZ_REL,BUS_USE,SPEC_USE,EMER_USE,TRAV_SP,UNDERIDE,ROLLOVER,ROLINLOC,IMPACT1,IMPACT2,DEFORMED,TOWED,M_HARM,VEH_SC1,VEH_SC2,FIRE_EXP,DR_PRES,L_STATE,DR_ZIP,L_STATUS,L_TYPE,CDL_STAT,L_ENDORS,L_COMPL,L_RESTRI,DR_HGT,DR_WGT,PREV_ACC,PREV_SUS,PREV_DWI,PREV_SPD,PREV_OTH,FIRST_MO,FIRST_YR,LAST_MO,LAST_YR,SPEEDREL,DR_SF1,DR_SF2,DR_SF3,DR_SF4,VTRAFWAY,VNUM_LAN,VSPD_LIM,VALIGN,VPROFILE,VPAVETYP,VSURCOND,VTRAFCON,VTCONT_F,P_CRASH1,P_CRASH2,P_CRASH3,PCRASH4,PCRASH5,ACC_TYPE,DEATHS,DR_DRINK
13,130673,1,1,1,22,8,5,45,8,0,1,0,93,3,82,881,82881,66,2009,1FUJGLCK69LA,1,F,U,J,G,L,C,K,6,9,L,A,1,T,FRHT,125,DS,9,17,,8,0,0,CSC,D,,3,57,003706,57003706,3,6,1,1,0,0,0,0,0,0,0,998,0,0,0,12,12,6,2,8,0,0,0,1,29,65803,6,1,6,0,3,0,70,160,0,0,0,0,0,0,0,0,0,0,86,0,0,0,3,3,70,1,2,2,2,0,0,1,80,99,1,1,13,0,0
13,130674,1,1,1,22,8,16,27,1,0,1,0,13,1,12,401,12401,14,2001,1FMYU60EX1UC,1,F,M,Y,U,6,0,E,X,1,U,C,0,P,FORD,EPR,UT,1,17,3769,,0,1018,,G,,0,0,000000000,00000000000,0,0,0,1,0,0,0,0,0,0,0,998,0,1,1,0,13,6,2,1,0,0,0,1,13,30080,6,1,0,0,3,3,71,285,98,0,0,0,3,12,2007,4,2010,0,80,28,0,0,3,3,60,1,2,2,1,0,0,1,1,7,3,2,98,1,0
13,130675,1,1,1,22,8,22,1,8,0,1,0,13,1,12,481,12481,31,2009,1FTPW14V09FA,1,F,T,P,W,1,4,V,0,9,F,A,0,T,FORD,F1S,CW,9,17,,2,1570,1450,COF,F,,0,0,000000000,00000000000,0,0,0,1,0,0,0,0,0,0,0,998,0,0,0,12,12,0,1,8,0,0,0,1,13,31519,6,1,0,0,3,0,72,205,98,0,0,1,0,3,2008,3,2008,0,86,0,0,0,1,2,55,1,1,8,2,0,0,1,80,1,1,1,13,0,0
13,130676,1,1,2,23,8,99,99,32,0,1,0,13,2,20,9,20009,2,1995,2G1FP22P7S21,2,G,1,F,P,2,2,P,7,S,2,1,0,P,CHEV,Z28,CP,95,17,3390,,0,1011,,G,,0,0,000000000,00000000000,0,0,0,1,0,0,0,0,0,0,0,998,0,1,5,81,81,6,2,32,0,0,0,1,13,30041,0,0,0,0,0,0,999,999,98,0,0,0,0,0,0,0,0,1,29,0,0,0,1,2,50,2,2,2,1,0,0,14,6,99,4,4,2,1,1
13,130677,1,1,2,26,8,2,13,32,0,1,0,13,1,12,471,12471,30,1986,1FTBR10T8GUB,1,F,T,B,R,1,0,T,8,G,U,B,0,T,FORD,RNG,PK,86,17,,1,1140,1080,RNG,G,,0,0,000000000,00000000000,0,0,0,1,0,0,0,0,0,0,0,998,0,0,0,12,12,6,2,32,0,0,0,1,13,31321,6,1,0,0,3,0,73,205,98,0,0,0,0,0,0,0,0,0,29,0,0,0,1,2,55,1,1,8,1,0,0,1,13,99,1,4,1,1,1
13,130678,1,1,2,29,8,2,4,42,0,1,0,92,0,20,2,20002,4,2005,2G1WF52E6593,2,G,1,W,F,5,2,E,6,5,9,3,0,P,CHEV,IMP,4D,5,17,3389,,0,1105,,G,,0,0,000000000,00000000000,0,0,0,1,0,0,0,0,0,0,0,998,0,0,0,12,12,6,2,2,0,0,1,1,13,31021,6,1,0,0,3,0,65,104,98,0,0,1,0,11,2008,11,2008,1,29,0,0,0,1,2,45,3,1,8,1,0,0,14,6,99,9,4,6,1,0
13,130679,1,2,1,30,8,13,7,12,8,1,0,12,1,86,881,86881,66,1997,1M2AA13Y3VW0,1,M,2,A,A,1,3,Y,3,V,W,0,1,T,MACK,CH6,DS,97,17,,8,0,0,600,D,,1,57,2066797,572066797,3,6,1,1,0,0,0,0,0,0,0,998,0,1,1,7,11,6,2,1,0,0,0,1,13,31065,6,1,6,0,3,0,70,190,98,0,0,1,0,10,2007,10,2007,0,28,0,0,0,1,2,55,2,4,2,1,0,0,14,62,1,1,2,67,0,0
13,130679,2,2,1,30,8,13,7,12,8,1,0,13,1,82,881,82881,66,1996,1FUYDCYB8TH8,1,F,U,Y,D,C,Y,B,8,T,H,8,1,T,FRHT,FLD,DS,96,17,,8,0,0,CON,D,,3,57,1198303,571198303,3,6,1,1,0,0,0,0,0,0,0,998,0,1,6,11,12,6,2,42,0,0,1,1,13,31042,6,1,6,0,3,0,67,165,98,0,0,0,3,4,2008,8,2010,0,28,0,0,0,1,2,55,3,4,2,1,0,0,14,62,1,1,2,67,1,0
13,130680,1,1,1,31,8,19,0,11,0,1,0,13,1,38,402,38402,14,2000,4S2CK58W0Y43,4,S,2,C,K,5,8,W,0,Y,4,3,0,P,ISU,ROD,UT,0,17,3848,,0,1064,,G,,0,0,000000000,00000000000,0,0,0,1,0,0,0,0,0,0,0,998,0,0,0,12,9,6,2,42,0,0,0,1,13,30459,6,1,0,0,3,0,64,185,98,0,0,0,0,0,0,0,0,0,83,0,0,0,1,2,55,1,1,2,1,0,0,1,87,1,1,1,13,1,0
13,130681,1,1,1,31,8,12,22,9,0,1,0,13,2,84,881,84881,66,2000,2HSCNAMR5YC0,2,H,S,C,N,A,M,R,5,Y,C,0,1,T,INTL,94I,DS,0,17,,8,0,0,940,D,,1,57,990434,57990434,3,6,1,1,0,0,0,0,0,0,0,998,0,0,0,12,12,2,1,9,0,0,0,1,13,31024,6,1,6,0,3,0,68,195,98,0,0,0,0,0,0,0,0,0,26,0,0,0,1,2,55,3,5,2,1,0,0,14,83,1,1,1,13,0,0
13,130682,1,2,4,1,9,18,30,12,6,1,0,13,2,41,471,41471,30,2003,4F4YR46V03TM,4,F,4,Y,R,4,6,V,0,3,T,M,0,T,MAZD,3CP,4C,3,17,4891,1,0,1257,B30,F,,0,0,000000000,00000000000,0,0,0,1,0,0,0,0,0,0,0,998,0,0,0,12,12,6,2,12,0,0,0,1,13,30286,6,1,0,0,3,0,65,116,98,1,0,1,2,3,2008,9,2008,0,0,0,0,0,1,2,45,1,6,2,1,0,0,1,66,1,1,1,88,0,0
13,130682,2,2,1,1,9,18,30,12,6,1,0,13,1,18,20,18020,4,1991,2G4WB54T8M19,2,G,4,W,B,5,4,T,8,M,1,9,0,P,BUIC,RGC,4D,91,17,3175,,0,1075,,G,,0,0,000000000,00000000000,0,0,0,1,0,0,0,0,0,0,0,998,0,0,0,8,8,6,2,12,0,0,0,1,13,30286,6,1,0,0,3,3,60,120,98,0,0,0,0,0,0,0,0,0,38,0,0,0,1,2,30,1,6,2,1,20,3,1,17,1,1,1,89,1,0
13,130683,1,1,2,2,9,15,31,42,0,1,1,92,0,12,17,12017,4,2002,1FAFP55U42G1,1,F,A,F,P,5,5,U,4,2,G,1,0,P,FORD,TSS,4D,2,17,3392,,0,1085,,G,,0,0,000000000,00000000000,0,0,0,1,0,0,0,0,0,0,0,998,0,0,0,12,12,6,2,2,0,0,1,1,13,30711,0,0,0,0,0,0,999,999,98,0,0,0,0,0,0,0,0,1,91,0,0,0,1,2,25,1,2,2,1,0,0,1,6,1,1,4,1,1,0
13,130684,1,2,1,4,9,18,11,12,7,1,1,99,9,20,36,20036,2,9999,999999999999,9,9,9,9,9,9,9,9,9,9,9,9,0,U,,,,9,17,,,,,,,,0,0,000000000,00000000000,0,0,0,1,0,0,0,0,0,0,0,998,0,0,0,82,82,4,1,12,0,0,0,1,99,99999,9,9,99,9,9,9,999,999,99,99,99,99,99,99,9999,99,9999,9,80,0,0,0,3,4,55,1,1,2,1,0,0,1,1,1,1,2,44,0,0
13,130684,2,2,3,4,9,18,11,12,7,1,0,13,1,49,40,49040,4,1996,4T1BG12K0T48,4,T,1,B,G,1,2,K,0,T,4,8,0,P,TOYT,DLX,4D,96,17,2932,,0,1031,,G,,0,0,000000000,00000000000,0,0,0,1,0,0,0,0,0,0,0,998,0,0,0,7,12,6,2,12,0,0,0,1,13,30311,1,1,1,0,2,2,72,190,98,2,0,0,0,12,2009,8,2010,0,74,0,0,0,3,4,55,1,1,2,1,0,0,1,61,1,1,1,45,1,0
13,130685,1,1,1,2,9,17,13,1,0,1,0,13,2,12,471,12471,30,1995,1FTCR10A7SUC,1,F,T,C,R,1,0,A,7,S,U,C,0,T,FORD,RNG,PK,95,17,,1,1140,1080,RNG,G,,0,0,000000000,00000000000,0,0,0,1,0,0,0,0,0,0,0,998,0,2,6,0,13,6,2,42,0,0,0,1,13,30474,6,1,0,0,3,0,72,210,98,0,0,1,0,10,2008,10,2008,0,58,0,0,0,1,2,55,1,6,2,1,0,0,1,8,7,4,4,7,1,1
13,130686,1,2,1,4,9,21,26,12,6,1,0,13,2,37,706,37706,80,2006,JH2SC57046M2,J,H,2,S,C,5,7,0,4,6,M,2,0,M,HOND,CBS,RS,6,17,,,,,,,998,0,0,000000000,00000000000,0,0,0,1,0,0,0,0,0,0,0,998,0,0,0,12,12,6,2,12,0,0,0,1,13,31027,6,1,0,0,3,2,68,140,98,0,0,0,0,0,0,0,0,0,74,0,0,0,1,2,55,1,3,2,1,0,0,1,17,1,1,1,69,1,0
13,130686,2,2,2,4,9,21,26,12,6,1,0,13,2,49,401,49401,14,1997,JT3GN87RXV00,J,T,3,G,N,8,7,R,X,V,0,0,0,P,TOYT,RUN,UT,97,17,3610,,0,1053,,G,,0,0,000000000,00000000000,0,0,0,1,0,0,0,0,0,0,0,998,0,0,0,82,82,6,2,12,0,0,0,1,13,31021,6,2,0,0,3,3,62,95,98,0,0,0,0,0,0,0,0,0,38,0,0,0,1,2,55,1,5,2,1,0,0,11,15,1,1,1,68,0,0
13,130687,1,1,2,5,9,19,21,34,0,1,0,0,0,73,739,73739,90,2007,000000000000,0,0,0,0,0,0,0,0,0,0,0,0,0,U,,,,,17,,,,,,,,0,0,000000000,00000000000,0,0,0,1,0,0,0,0,0,0,0,998,0,1,6,12,12,6,2,1,0,0,0,1,13,30125,6,1,0,0,1,0,64,138,98,0,0,0,0,0,0,0,0,1,58,0,0,0,1,2,25,2,1,5,1,0,0,14,6,1,1,4,6,1,1
13,130688,1,1,1,9,9,11,39,8,0,1,0,13,1,30,40,30040,4,2006,3VWST71K16M0,3,V,W,S,T,7,1,K,1,6,M,0,0,P,VOLK,JD1,4D,6,17,3085,,0,1015,,D,,0,0,000000000,00000000000,0,0,0,1,0,0,0,0,0,0,0,998,0,0,0,12,12,2,3,8,0,0,0,1,13,30549,6,1,0,0,3,0,67,140,98,0,0,0,0,0,0,0,0,0,86,0,0,0,1,2,40,1,1,2,1,3,3,1,80,6,1,1,13,0,0
13,130689,1,2,1,9,9,7,48,12,6,1,0,13,1,35,43,35043,4,2008,3N1AB61E98L6,3,N,1,A,B,6,1,E,9,8,L,6,0,P,NISS,SL2,4D,8,17,2804,,0,1057,,G,,0,0,000000000,00000000000,0,0,0,1,0,0,0,0,0,0,0,998,0,0,0,2,2,6,2,12,0,0,0,1,13,30606,6,1,0,0,3,3,72,200,98,0,0,0,0,0,0,0,0,0,38,0,0,0,1,3,55,1,1,2,1,0,0,11,15,1,1,1,68,1,0
13,130689,2,2,1,9,9,7,48,12,6,1,0,18,3,85,881,85881,66,2010,3WKAA48X0AF2,3,W,K,A,A,4,8,X,0,A,F,2,2,T,KW,T60,DS,10,17,,8,2600,1600,CON,D,,1,57,239039,57239039,3,7,1,1,0,0,0,0,0,0,0,998,0,0,0,12,12,6,2,12,0,0,0,1,13,30655,6,1,3,1,3,0,63,155,98,0,0,1,0,2,2010,2,2010,0,0,0,0,0,6,1,55,1,1,2,1,0,0,1,17,1,1,1,69,0,0
13,130690,1,2,1,10,9,21,20,8,0,1,1,13,1,22,16,22016,2,2000,1G2JB1247Y74,1,G,2,J,B,1,2,4,7,Y,7,4,0,P,PONT,SFS,CP,0,17,2606,,0,1041,,G,,0,0,000000000,00000000000,0,0,0,1,0,0,0,0,0,0,0,998,0,0,0,11,11,4,1,8,0,0,0,1,13,30062,6,1,0,0,3,0,65,224,98,0,0,0,1,7,2010,7,2010,0,86,0,0,0,5,4,45,1,2,2,1,0,0,1,80,1,1,1,13,0,0
13,130690,2,2,1,10,9,21,20,8,0,1,1,99,9,99,999,99999,99,9999,999999999999,9,9,9,9,9,9,9,9,9,9,9,9,0,U,,,,9,17,,,,,,,,0,0,000000000,00000000000,0,0,0,1,0,0,0,0,99,99,9,999,0,0,0,14,14,9,9,8,0,0,0,1,99,99999,9,9,99,9,9,9,999,999,99,99,99,99,99,99,9999,99,9999,9,0,0,0,0,5,4,45,1,2,2,1,0,0,1,80,1,1,1,98,0,0
13,130691,1,1,4,10,9,20,4,1,0,1,0,13,1,12,401,12401,14,1996,1FMDU32X4TUA,1,F,M,D,U,3,2,X,4,T,U,A,0,P,FORD,EPR,UT,96,17,3952,,0,1115,,G,,0,0,000000000,00000000000,0,0,0,1,0,0,0,0,0,1,0,998,0,1,1,0,0,6,2,1,0,0,0,1,13,39817,6,1,0,0,3,0,72,235,98,0,0,0,5,12,2008,1,2010,0,80,0,0,0,2,2,70,1,1,2,1,0,0,1,1,1,1,2,98,1,0
13,130692,1,2,2,12,9,12,32,12,6,1,0,13,1,12,481,12481,31,1999,1FTZF1723XNB,1,F,T,Z,F,1,7,2,3,X,N,B,0,T,FORD,F15,PK,99,17,,1,1385,1199,COF,G,,0,0,000000000,00000000000,0,0,0,1,0,0,0,0,0,0,0,998,0,0,0,9,9,6,2,12,0,0,0,1,13,30145,6,1,0,0,3,3,71,140,98,0,0,0,0,0,0,0,0,0,39,0,0,0,1,2,30,1,2,2,1,20,3,1,17,1,1,1,89,1,0
13,130692,2,2,4,12,9,12,32,12,6,1,0,13,1,37,32,37032,4,2006,1HGCM56886A1,1,H,G,C,M,5,6,8,8,6,A,1,0,P,HOND,UEX,4D,6,17,3239,,0,1079,,G,,0,0,000000000,00000000000,0,0,0,1,0,0,0,0,0,0,0,998,0,0,0,12,12,6,2,12,0,0,0,1,13,30144,6,1,0,0,3,3,68,155,98,0,0,0,0,0,0,0,0,0,0,0,0,0,1,2,55,1,2,2,1,0,0,1,66,1,1,1,88,0,0
13,130693,1,1,1,16,9,23,51,8,0,1,1,13,1,20,421,20421,15,2004,1GNEC13Z94J2,1,G,N,E,C,1,3,Z,9,4,J,2,0,P,CHEV,CTA,UT,4,17,4828,,0,1160,,F,,0,0,000000000,00000000000,0,0,0,1,0,0,0,0,0,0,0,998,0,0,0,1,1,9,1,8,0,0,0,1,13,30157,1,1,0,0,2,0,72,240,98,4,0,3,2,10,2007,5,2010,1,38,0,0,0,1,2,30,1,2,2,1,0,0,1,80,1,1,1,13,0,0
13,130694,1,2,1,17,9,6,52,12,2,1,0,13,1,21,20,21020,4,1999,1G3NG52J0X63,1,G,3,N,G,5,2,J,0,X,6,3,0,P,OLDS,GLS,4D,99,17,3009,,0,1070,,G,,0,0,000000000,00000000000,0,0,0,1,0,0,0,0,0,0,0,998,0,0,0,12,12,6,2,12,32,0,0,1,13,30153,6,1,0,0,3,3,67,375,98,0,0,0,0,0,0,0,0,0,0,0,0,0,1,2,55,1,1,2,1,0,0,1,62,1,1,1,51,1,0
13,130694,2,2,1,17,9,6,52,12,2,1,0,13,2,12,471,12471,30,1999,1FTZR15VXXPB,1,F,T,Z,R,1,5,V,X,X,P,B,0,T,FORD,RNS,PS,99,17,,1,0,1259,RNG,F,,0,0,000000000,00000000000,0,0,0,1,0,0,0,0,0,0,0,998,0,0,0,12,12,6,2,12,0,0,0,1,13,30173,6,2,0,0,3,0,73,170,98,0,0,1,0,7,2010,7,2010,0,28,0,0,0,1,2,55,1,1,2,1,0,0,1,10,1,1,2,50,0,0
13,130695,1,1,1,20,9,20,15,8,0,1,0,13,3,12,881,12881,61,1999,3FDXF46F6XMA,3,F,D,X,F,4,6,F,6,X,M,A,0,T,FORD,F4D,CB,99,17,,4,2010,1410,DRW,D,,0,57,1259245,571259245,2,1,1,1,0,0,0,0,0,0,0,998,0,0,0,12,12,2,3,8,0,0,0,1,13,30044,6,1,0,0,3,0,68,200,98,0,0,0,0,0,0,0,0,0,0,0,0,0,3,3,40,1,1,2,1,28,3,1,80,2,1,1,13,0,0
13,130696,1,1,1,24,9,0,19,11,0,1,0,13,2,73,706,73706,80,2003,JKAZRCA1X3A0,J,K,A,Z,R,C,A,1,X,3,A,0,0,M,KAWK,ZR0,RS,3,17,,,,,,,953,0,0,000000000,00000000000,0,0,0,1,0,0,0,0,0,0,0,998,0,0,0,12,12,4,3,11,0,0,0,1,13,30087,1,1,0,0,2,0,67,135,98,7,0,1,4,1,2008,8,2009,1,83,0,0,0,1,2,35,3,2,2,1,0,0,14,87,1,1,1,13,1,0
13,130697,1,4,3,27,9,15,52,12,1,1,0,13,1,37,32,37032,2,2000,1HGEJ8243YL0,1,H,G,E,J,8,2,4,3,Y,L,0,0,P,HOND,UAX,CP,0,17,2560,,0,1032,,G,,0,0,000000000,00000000000,0,0,0,1,0,0,0,0,0,0,0,998,0,0,0,12,12,6,2,12,0,0,0,1,13,30044,6,1,0,0,3,3,60,110,98,2,1,0,3,5,2008,5,2010,0,26,0,0,0,1,4,45,1,1,2,1,0,0,1,50,2,1,1,20,1,0
13,130697,2,4,1,27,9,15,52,12,1,1,0,13,1,20,9,20009,2,2010,2G1FK1EJ2A91,2,G,1,F,K,1,E,J,2,A,9,1,0,P,CHEV,SSM,CP,10,17,3913,,0,1123,,G,,0,0,000000000,00000000000,0,0,0,1,0,0,0,0,0,0,0,0,0,0,0,6,6,6,2,12,0,0,0,1,13,30519,6,1,0,0,3,0,70,180,98,0,0,0,0,0,0,0,0,0,0,0,0,0,1,4,45,1,1,2,1,0,0,5,53,1,1,1,21,0,0
13,130697,3,4,2,27,9,15,52,12,1,1,0,13,1,42,43,42043,4,2000,WDBNG75J0YA1,W,D,B,N,G,7,5,J,0,Y,A,1,0,P,MERZ,S50,4D,0,17,3900,,0,1215,,G,,0,0,000000000,00000000000,0,0,0,1,0,0,0,0,0,0,0,0,0,0,0,6,6,4,3,12,0,0,0,1,13,30044,6,1,0,0,3,3,62,130,98,0,0,1,0,1,2010,1,2010,0,0,0,0,0,1,4,45,1,1,2,1,0,0,5,53,1,1,1,98,0,0
13,130697,4,4,1,27,9,15,52,12,1,1,0,13,1,7,21,7021,6,2005,2D4GV58245H5,2,D,4,G,V,5,8,2,4,5,H,5,0,P,DODG,MGN,UT,5,17,4161,,0,1200,,G,,0,0,000000000,00000000000,0,0,0,1,0,0,0,0,0,0,0,0,0,0,0,6,6,4,1,12,0,0,0,1,13,30044,6,1,6,0,3,0,72,190,98,0,0,0,0,0,0,0,0,0,0,0,0,0,1,4,45,1,1,2,1,0,0,5,53,1,1,1,98,0,0
13,130698,1,2,1,1,10,16,1,12,1,1,0,13,1,12,481,12481,31,2004,2FTRX17234CA,2,F,T,R,X,1,7,2,3,4,C,A,0,T,FORD,HER,4C,4,17,,2,1570,1390,COF,G,,0,0,000000000,00000000000,0,0,0,1,0,0,0,0,0,0,0,998,0,0,0,12,12,6,2,12,0,0,0,1,13,31324,1,1,0,0,2,3,69,230,98,2,0,0,0,8,2010,8,2010,1,26,0,0,0,3,2,55,1,1,1,1,3,3,1,51,1,1,1,24,1,1
13,130698,2,2,1,1,10,16,1,12,1,1,0,13,1,20,481,20481,31,2010,1GCPKPEA4AZ1,1,G,C,P,K,P,E,A,4,A,Z,1,0,T,CHEV,SK1,PK,10,17,,2,1330,1190,SIL,F,,0,0,000000000,00000000000,0,0,0,1,0,0,0,0,0,0,0,998,0,0,0,6,6,6,2,12,0,0,0,1,13,31554,6,1,0,0,3,0,67,125,98,0,0,0,0,0,0,0,0,0,0,0,0,0,3,2,55,1,1,1,1,3,3,1,53,1,1,1,25,0,0
13,130699,1,2,1,1,10,23,22,12,6,1,0,13,1,37,705,37705,80,1989,JH2PC1900KM2,J,H,2,P,C,1,9,0,0,K,M,2,0,M,HOND,BR6,RS,89,17,,,,,,,600,0,0,000000000,00000000000,0,0,0,1,0,0,0,0,0,0,0,998,0,0,0,12,12,6,2,12,0,0,0,1,13,30147,6,1,6,0,3,0,73,160,98,0,0,0,0,0,0,0,0,0,0,0,0,0,5,4,55,1,1,2,1,0,0,1,62,2,2,1,69,1,0
13,130699,2,2,1,1,10,23,22,12,6,1,0,13,2,20,431,20431,16,1994,1GNFK16K4RJ3,1,G,N,F,K,1,6,K,4,R,J,3,0,P,CHEV,K15,UT,94,17,0,,0,1315,,G,,0,0,000000000,00000000000,0,0,0,1,0,0,0,0,0,0,0,998,0,0,0,2,2,4,3,12,0,0,0,1,13,30125,6,2,0,0,3,3,73,162,98,0,0,0,0,0,0,0,0,0,38,0,0,0,5,4,55,1,1,2,1,0,0,11,15,1,1,1,68,0,0
13,130700,1,1,2,6,8,22,2,42,0,1,0,13,2,34,35,34035,4,1997,WBADE6324VBW,W,B,A,D,E,6,3,2,4,V,B,W,0,P,BMW,540,4D,97,17,3803,,0,1114,,G,,0,0,000000000,00000000000,0,0,0,1,0,0,0,0,0,0,0,998,0,0,0,12,12,6,2,42,0,0,0,1,13,30506,6,1,0,0,3,0,71,150,98,1,0,0,0,5,2009,5,2009,0,0,0,0,0,1,2,30,3,5,2,1,0,0,14,13,1,1,4,1,1,1
13,130701,1,1,5,6,8,19,26,14,0,1,0,92,0,98,998,98998,97,2010,000000000000,0,0,0,0,0,0,0,0,0,0,0,0,0,U,,,,,17,,,,,,,,0,0,000000000,00000000000,0,0,0,1,0,0,0,0,0,0,0,998,0,1,1,11,11,6,2,1,0,0,0,1,13,30506,6,1,0,0,3,0,63,115,98,0,0,1,0,7,2009,7,2009,0,28,0,0,0,1,2,25,3,6,2,1,0,0,14,10,1,1,4,11,1,0
13,130702,1,1,1,22,8,8,15,30,0,1,0,13,1,59,401,59401,14,2003,JTJGF10U1301,J,T,J,G,F,1,0,U,1,3,0,1,0,P,LEXS,RX3,UT,3,17,3715,,0,1031,,G,,0,0,000000000,00000000000,0,0,0,1,0,0,0,0,0,0,0,998,0,0,0,12,12,6,2,30,0,0,0,1,13,31909,6,1,0,0,3,0,62,135,98,0,0,0,0,0,0,0,0,0,0,0,0,0,1,4,35,1,1,2,1,0,0,1,13,1,1,4,1,1,0
13,130703,1,2,1,27,8,19,20,12,6,1,0,13,2,50,709,50709,80,1995,SMT360DF2SJ0,S,M,T,3,6,0,D,F,2,S,J,0,0,M,TRIU,TR9,RS,95,17,,,,,,,885,0,0,000000000,00000000000,0,0,0,1,0,0,0,0,0,0,0,998,0,0,0,12,12,6,2,12,0,0,0,1,13,31909,6,1,0,0,3,0,70,165,98,2,1,1,0,9,2008,9,2008,0,39,0,0,0,3,3,45,1,2,2,1,3,3,1,17,2,1,1,69,1,0
13,130703,2,2,1,27,8,19,20,12,6,1,0,13,1,49,482,49482,31,2010,5TFRM5F1XAX0,5,T,F,R,M,5,F,1,X,A,X,0,0,T,TOYT,DBS,CW,10,17,,2,0,1457,TUN,G,,0,0,000000000,00000000000,0,0,0,1,0,0,0,0,0,0,0,998,0,0,0,2,2,4,3,12,0,0,0,1,13,31904,6,1,0,0,3,0,71,160,98,0,0,0,0,0,0,0,0,0,0,0,0,0,3,3,45,1,2,2,1,0,0,11,15,1,1,1,68,0,0
13,130704,1,1,2,31,1,19,57,42,0,1,0,13,1,35,473,35473,31,2005,1N6BA07A45N5,1,N,6,B,A,0,7,A,4,5,N,5,0,T,NISS,TXS,CW,5,17,,2,0,1398,TTN,F,,0,0,000000000,00000000000,0,0,0,1,0,0,0,0,0,0,0,998,0,0,0,12,12,4,3,42,0,0,0,1,13,31312,0,0,0,0,0,0,68,225,98,0,0,1,0,4,2008,4,2008,0,39,29,0,0,1,2,45,1,1,8,1,20,3,1,12,99,1,4,6,1,1
13,130705,1,2,1,22,3,13,14,12,2,1,0,92,0,35,471,35471,30,1986,1N6ND16S0GC4,1,N,6,N,D,1,6,S,0,G,C,4,0,T,NISS,U2K,PK,86,17,,1,0,0,D21,G,,0,0,000000000,00000000000,0,0,0,1,0,0,0,0,0,0,0,998,0,0,0,12,12,6,2,12,0,0,0,1,13,31085,6,1,0,0,3,0,58,117,98,1,0,2,0,8,2007,9,2008,0,28,0,0,0,1,2,55,1,1,2,1,0,0,1,10,99,1,2,50,1,0
13,130705,2,2,1,22,3,13,14,12,2,1,0,13,1,20,37,20037,4,2008,1G1ZT58NX8F1,1,G,1,Z,T,5,8,N,X,8,F,1,0,P,CHEV,MLT,4D,8,17,3297,,0,1063,,G,,0,0,000000000,00000000000,0,0,0,1,0,0,0,0,0,0,0,998,0,0,0,12,12,6,2,12,0,0,0,1,13,30534,6,1,0,0,3,0,69,160,98,0,0,0,0,0,0,0,0,0,0,0,0,0,1,2,55,1,1,2,1,0,0,1,62,99,1,1,51,0,0
13,130706,1,1,2,8,4,17,20,8,0,1,0,13,2,20,401,20401,14,2002,1GNDS13S5223,1,G,N,D,S,1,3,S,5,2,2,3,0,P,CHEV,TRL,UT,2,17,4442,,0,1130,,G,,0,0,000000000,00000000000,0,0,0,1,0,0,0,0,0,0,0,998,0,0,0,12,12,0,1,8,0,0,0,1,13,31634,6,2,0,0,3,0,60,121,98,0,0,0,0,0,0,0,0,0,86,0,0,0,1,2,15,1,1,8,1,0,0,1,80,99,1,1,13,0,0
13,130707,1,2,2,17,4,10,23,1,0,1,0,13,2,12,471,12471,30,1999,1FTYR10C7XPA,1,F,T,Y,R,1,0,C,7,X,P,A,0,T,FORD,RNG,PK,99,17,,1,1175,1116,RNG,G,,0,0,000000000,00000000000,0,0,0,1,0,0,0,0,0,0,0,998,0,2,1,0,18,6,2,1,0,0,0,1,13,30233,6,1,0,0,3,0,73,270,98,0,0,1,2,12,2007,8,2009,0,28,80,0,0,3,3,70,1,1,2,1,0,0,1,1,99,2,2,98,1,0
13,130707,2,2,1,17,4,10,23,1,0,1,0,47,3,84,881,84881,66,2006,2HSCNAPR66C2,2,H,S,C,N,A,P,R,6,6,C,2,1,T,INTL,94I,DS,6,17,,8,0,0,940,D,,1,57,277356,57277356,3,6,1,1,0,0,0,0,0,0,0,998,0,0,0,18,18,4,1,54,0,0,0,1,13,31535,6,1,6,0,3,3,75,390,98,0,0,1,0,6,2008,6,2008,0,0,0,0,0,3,3,70,1,1,2,1,0,0,1,60,99,1,1,98,0,0