STATE,ST_CASE,VEH_NO,VE_FORMS,NUMOCCS,DAY,MONTH,HOUR,MINUTE,HARM_EV,MAN_COLL,UNITTYPE,HIT_RUN,REG_STAT,OWNER,MAKE,MODEL,MAK_MOD,BODY_TYP,MOD_YEAR,VIN,VIN_1,VIN_2,VIN_3,VIN_4,VIN_5,VIN_6,VIN_7,VIN_8,VIN_9,VIN_10,VIN_11,VIN_12,TOW_VEH,VINTYPE,VINMAKE,VINA_MOD,VIN_BT,VINMODYR,VIN_LNGT,VIN_WGT,WGTCD_TR,WHLBS_LG,WHLBS_SH,SER_TR,FUELCODE,MCYCL_DS,J_KNIFE,MCARR_I1,MCARR_I2,MCARR_ID,GVWR,V_CONFIG,CARGO_BT,HAZ_INV,HAZ_PLAC,HAZ_ID,HAZ_CNO,HAZ_REL,BUS_USE,SPEC_USE,EMER_USE,TRAV_SP,UNDERIDE,ROLLOVER,ROLINLOC,IMPACT1,IMPACT2,DEFORMED,TOWED,M_HARM,VEH_SC1,VEH_SC2,FIRE_EXP,DR_PRES,L_STATE,DR_ZIP,L_STATUS,L_TYPE,CDL_STAT,L_ENDORS,L_COMPL,L_RESTRI,DR_HGT,DR_WGT,PREV_ACC,PREV_SUS,PREV_DWI,PREV_SPD,PREV_OTH,FIRST_MO,FIRST_YR,LAST_MO,LAST_YR,SPEEDREL,DR_SF1,DR_SF2,DR_SF3,DR_SF4,VTRAFWAY,VNUM_LAN,VSPD_LIM,VALIGN,VPROFILE,VPAVETYP,VSURCOND,VTRAFCON,VTCONT_F,P_CRASH1,P_CRASH2,P_CRASH3,PCRASH4,PCRASH5,ACC_TYPE,DEATHS,DR_DRINK
13,130708,1,2,1,5,5,10,2,12,1,1,0,13,1,73,709,73709,80,2009,JKAVN2D179A0,J,K,A,V,N,2,D,1,7,9,A,0,0,M,KAWK,VD9,RS,9,17,,,,,,,903,0,0,000000000,00000000000,0,0,0,1,0,0,0,0,0,0,0,998,0,0,0,12,12,4,3,12,0,0,0,1,13,30216,6,1,0,0,3,3,69,200,98,0,0,0,1,5,2010,5,2010,0,26,0,0,0,1,2,45,1,1,2,1,3,3,1,50,99,1,1,20,1,0
13,130708,2,2,1,5,5,10,2,12,1,1,0,13,1,12,481,12481,31,1996,1FTHX26F5TEA,1,F,T,H,X,2,6,F,5,T,E,A,0,T,FORD,F25,PS,96,17,,2,1550,1390,COF,D,,0,0,000000000,00000000000,0,0,0,1,0,0,0,0,0,0,0,0,0,0,0,6,6,2,1,12,0,0,0,1,13,30252,6,1,0,0,3,0,72,211,98,0,0,0,0,0,0,0,0,0,0,0,0,0,1,2,45,1,1,2,1,3,3,5,53,1,1,1,21,0,0
13,130709,1,1,1,8,5,0,50,34,0,1,0,13,1,20,481,20481,31,2006,1GCEC19ZX6Z2,1,G,C,E,C,1,9,Z,X,6,Z,2,0,T,CHEV,SC1,4C,6,17,,2,1575,1340,SIL,F,,0,0,000000000,00000000000,0,0,0,1,0,0,0,0,0,0,0,998,0,1,5,12,12,6,2,1,0,0,0,1,13,30250,6,1,0,0,3,0,66,175,98,0,0,0,1,12,2008,12,2008,0,58,29,0,0,1,2,55,2,1,8,1,0,0,14,13,7,2,4,2,1,1
13,130710,1,1,2,14,5,23,24,34,0,1,0,13,2,12,471,12471,30,1996,1FTCR14A8TPB,1,F,T,C,R,1,4,A,8,T,P,B,0,T,FORD,RNS,PS,96,17,,1,0,1250,RNG,G,,0,0,000000000,00000000000,0,0,0,1,0,0,0,0,0,0,0,998,0,1,5,12,12,6,2,34,0,0,0,1,13,30094,2,1,0,0,2,0,68,160,98,0,0,0,1,3,2009,3,2009,1,29,0,0,0,1,2,35,2,2,2,1,0,0,14,6,7,3,4,7,1,1
13,130711,1,2,2,17,5,16,16,12,6,1,0,13,2,12,481,12481,31,2000,1FTRX17W4YNB,1,F,T,R,X,1,7,W,4,Y,N,B,0,T,FORD,F15,4C,0,17,,2,1571,1385,COF,G,,0,0,000000000,00000000000,0,0,0,1,0,0,0,0,0,0,0,998,0,0,0,1,12,6,2,12,0,0,0,1,13,30417,6,1,0,0,3,3,72,290,98,0,0,0,0,0,0,0,0,0,87,28,0,0,2,2,65,1,1,8,2,0,0,1,5,99,9,6,64,1,0
13,130711,2,2,1,17,5,16,16,12,6,1,0,13,1,82,883,82883,66,2001,1FUJA3BD01PH,1,F,U,J,A,3,B,D,0,1,P,H,1,T,FRHT,FC2,DS,1,17,,8,0,0,CON,D,,3,57,0143756,570143756,3,6,1,1,0,0,0,0,0,0,0,999,0,0,0,12,12,6,2,12,0,0,0,1,13,31034,6,1,6,0,3,0,67,140,98,0,0,0,0,0,0,0,0,0,0,0,0,0,2,2,65,1,1,8,2,0,0,1,64,99,1,1,65,0,0
13,130712,1,2,1,20,5,14,32,12,6,1,0,34,1,63,401,63401,14,2005,KNDJE7231571,K,N,D,J,E,7,2,3,1,5,7,1,0,P,KIA,KMS,UT,5,17,3521,,0,1035,,G,,0,0,000000000,00000000000,0,0,0,1,0,0,0,0,0,0,0,998,0,0,0,11,11,2,1,12,0,0,0,1,34,30223,6,1,0,0,3,3,67,999,0,0,0,0,0,0,0,0,0,0,39,0,0,0,1,2,45,1,2,2,1,20,3,1,17,1,1,1,89,0,0
13,130712,2,2,1,20,5,14,32,12,6,1,0,13,1,73,706,73706,80,2002,JKBVNAN152A0,J,K,B,V,N,A,N,1,5,2,A,0,0,M,KAWK,V5N,RS,2,17,,,,,,,1500,0,0,000000000,00000000000,0,0,0,1,0,0,0,0,0,0,0,998,0,0,0,12,12,4,3,12,0,0,0,1,13,30228,6,1,0,0,3,0,74,205,98,0,0,0,0,0,0,0,0,0,0,0,0,0,1,2,45,1,2,2,1,0,0,1,66,99,1,1,88,1,1
13,130713,1,1,3,21,5,19,21,35,0,1,0,13,2,3,498,3498,31,1977,J7F25MC06825,J,7,F,2,5,M,C,0,6,8,2,5,0,P,,,,,,,,,,,,,0,0,000000000,00000000000,0,0,0,1,0,0,0,0,0,0,0,998,0,1,5,12,12,6,2,1,0,0,0,1,13,30228,6,2,0,0,3,0,71,155,98,0,0,0,0,0,0,0,0,1,29,58,0,0,1,2,35,2,2,2,1,0,0,14,6,99,2,4,7,2,0
13,130714,1,2,1,2,6,13,0,12,6,1,0,13,1,41,471,41471,30,1999,4F4ZR17X7XTM,4,F,4,Z,R,1,7,X,7,X,T,M,0,T,MAZD,4CP,PC,99,17,,1,0,1259,B40,G,,0,0,000000000,00000000000,0,0,0,1,0,0,0,0,0,0,0,998,0,0,0,12,12,6,2,12,0,0,0,1,13,31024,6,1,0,0,3,3,70,200,98,0,0,0,0,0,0,0,0,0,38,0,0,0,2,2,55,1,1,2,1,3,3,11,66,99,1,2,76,0,0
13,130714,2,2,1,2,6,13,0,12,6,1,0,13,1,42,45,42045,1,2000,WDBKK47F7YF1,W,D,B,K,K,4,7,F,7,Y,F,1,0,P,MERZ,SLK,RD,0,17,2920,,0,946,,G,,0,0,000000000,00000000000,0,0,0,1,0,0,0,0,0,0,0,998,0,0,0,11,11,6,2,12,0,0,0,1,13,31024,6,1,0,0,3,0,74,200,98,0,0,0,0,0,0,0,0,0,0,0,0,0,2,2,55,1,1,2,1,3,3,1,17,1,1,1,77,1,0
13,130715,1,2,1,11,6,6,50,12,8,1,0,13,2,12,401,12401,14,1999,1FMZU32E7XZA,1,F,M,Z,U,3,2,E,7,X,Z,A,0,P,FORD,EPR,UT,99,17,3891,,0,1116,,G,,0,0,000000000,00000000000,0,0,0,1,0,0,0,0,0,0,0,998,0,0,0,11,11,6,2,12,0,0,0,1,13,30034,6,1,0,0,3,0,65,140,98,1,0,2,0,11,2007,8,2008,0,33,0,0,0,1,2,55,2,2,2,1,0,0,6,10,99,9,2,64,0,0
13,130715,2,2,1,11,6,6,50,12,8,1,0,92,0,35,39,35039,4,1999,JN1CA21D2XT2,J,N,1,C,A,2,1,D,2,X,T,2,0,P,NISS,MGS,4D,99,17,2896,,0,1063,,G,,0,0,000000000,00000000000,0,0,0,1,0,0,0,0,0,0,0,998,0,0,0,11,11,6,2,12,0,0,0,1,13,30032,6,1,0,0,3,0,67,214,98,0,0,0,0,0,0,0,0,0,0,0,0,0,1,2,55,2,2,2,1,0,0,14,62,99,1,2,65,1,0
13,130716,1,1,2,17,6,14,18,24,0,1,0,13,2,12,17,12017,4,1998,1FAFP52U8WG1,1,F,A,F,P,5,2,U,8,W,G,1,0,P,FORD,TLS,4D,98,17,3359,,0,1085,,G,,0,0,000000000,00000000000,0,0,0,1,0,0,0,0,0,0,0,998,0,0,0,12,12,6,2,24,32,0,0,1,13,31064,6,1,0,0,3,3,70,175,98,0,0,0,0,0,0,0,0,1,29,0,0,0,6,2,65,1,1,2,1,20,3,10,6,1,1,4,6,2,0
13,130717,1,1,1,25,6,22,58,8,0,1,1,99,9,99,999,99999,99,9999,999999999999,9,9,9,9,9,9,9,9,9,9,9,9,0,U,,,,9,17,,,,,,,,0,0,000000000,00000000000,0,0,0,1,0,0,0,0,0,0,0,998,0,0,0,12,12,2,1,8,0,0,0,1,99,99999,9,9,99,0,9,9,999,999,99,99,99,99,99,99,9999,99,9999,0,28,86,0,0,1,4,35,1,1,2,1,0,0,1,13,99,9,4,13,0,0
13,130718,1,1,2,26,6,13,53,24,0,1,0,45,1,12,13,12013,6,1997,1FALP15P4VW1,1,F,A,L,P,1,5,P,4,V,W,1,0,P,FORD,LXE,SW,97,17,2571,,0,984,,G,,0,0,000000000,00000000000,0,0,0,1,0,0,0,0,0,0,0,998,0,0,0,12,12,6,2,24,0,0,0,1,45,29920,1,1,5,0,2,0,59,88,1,0,0,0,0,4,2008,4,2008,0,29,0,0,0,3,4,65,1,1,1,1,98,8,1,12,99,1,4,6,1,0
13,130719,1,1,1,27,6,20,52,18,0,1,0,13,1,12,471,12471,30,2001,1FTYR10D51PB,1,F,T,Y,R,1,0,D,5,1,P,B,0,T,FORD,RNG,PK,1,17,,1,1175,1116,RNG,G,,0,0,000000000,00000000000,0,0,0,1,0,0,0,0,0,0,0,998,0,0,0,12,12,6,2,18,0,0,0,1,13,31320,6,1,6,0,3,0,72,200,98,0,0,0,1,10,2007,10,2007,0,0,0,0,0,1,2,55,1,1,2,2,0,0,1,90,1,1,1,12,1,0
13,130720,1,1,1,16,7,14,0,43,0,1,0,13,1,37,706,37706,80,1984,1HFSC1427EA0,1,H,F,S,C,1,4,2,7,E,A,0,0,M,HOND,G2A,RS,84,17,,,,,,,1200,0,0,000000000,00000000000,0,0,0,1,0,0,0,0,0,0,0,998,0,0,0,14,14,2,9,43,0,0,0,1,13,30236,6,1,0,0,3,0,74,290,98,0,0,0,0,0,0,0,0,0,29,0,0,0,1,2,45,1,1,2,1,0,0,1,3,99,1,4,1,1,0
13,130721,1,2,1,19,7,16,9,12,6,1,0,13,2,12,471,12471,30,1996,1FTCR10A3TUD,1,F,T,C,R,1,0,A,3,T,U,D,0,T,FORD,RNG,PK,96,17,,1,1140,1080,RNG,G,,0,0,000000000,00000000000,0,0,0,1,0,0,0,0,0,0,0,998,0,0,0,3,3,6,2,12,0,0,0,1,13,31009,6,1,0,0,3,3,74,180,98,0,0,0,1,2,2010,2,2010,1,39,0,0,0,1,2,45,1,1,2,1,20,3,1,17,1,1,1,87,1,1
13,130721,2,2,1,19,7,16,9,12,6,1,0,13,3,23,882,23882,61,2000,J8DF5C135Y77,J,8,D,F,5,C,1,3,5,Y,7,7,0,T,GMC,WT5,TB,0,17,,5,0,0,WT5,D,,0,57,592860,57592860,2,1,1,1,0,0,0,0,0,0,0,998,7,0,0,12,12,6,2,12,0,0,0,1,99,99999,9,9,99,9,9,9,999,999,99,99,99,99,99,99,9999,99,9999,0,0,0,0,0,1,2,55,1,1,2,1,0,0,1,66,99,1,1,86,0,0
13,130722,1,1,2,24,7,16,4,53,0,1,0,92,0,20,401,20401,14,1996,1GNCS13W0T22,1,G,N,C,S,1,3,W,0,T,2,2,0,P,CHEV,BZR,UT,96,17,3691,,0,1070,,G,,0,0,000000000,00000000000,0,0,0,1,0,0,0,0,0,0,0,998,0,9,5,1,3,6,2,1,0,0,0,1,13,31503,0,0,0,0,0,0,69,180,98,0,0,1,0,12,2009,12,2009,0,58,29,91,0,1,2,55,3,1,8,1,0,0,14,13,99,9,4,2,1,1
13,130723,1,1,3,26,7,18,29,53,0,1,0,92,0,18,20,18020,4,2003,2G4WB52K1311,2,G,4,W,B,5,2,K,1,3,1,1,0,P,BUIC,RLS,4D,3,17,3543,,0,1090,,G,,0,0,000000000,00000000000,0,0,0,1,0,0,0,0,0,0,0,998,0,0,0,10,9,6,2,42,0,0,0,1,13,30045,6,1,6,0,3,0,65,140,98,0,0,0,3,3,2008,5,2009,0,29,0,0,0,1,2,45,1,1,2,2,0,0,1,13,99,3,4,2,1,1
13,130724,1,1,2,31,7,3,29,33,0,1,0,13,2,58,401,58401,14,2002,JNRDR09X12W2,J,N,R,D,R,0,9,X,1,2,W,2,0,P,INFI,QX4,UT,2,17,3940,,0,1063,,G,,0,0,000000000,00000000000,0,0,0,1,0,0,0,0,0,0,0,998,0,1,1,14,12,6,2,1,0,0,0,1,13,31419,0,0,0,0,0,0,72,258,98,0,0,0,0,0,0,0,0,1,37,36,0,0,1,2,25,1,1,8,1,0,0,1,6,99,9,4,7,1,1
13,130725,1,2,3,2,8,15,22,45,0,1,0,12,1,20,880,20880,67,2001,1GCJK33141F1,1,G,C,J,K,3,3,1,4,1,F,1,0,T,CHEV,SK3,CW,1,17,,3,0,1670,SIL,D,,0,88,888888888,88888888888,2,1,96,1,0,0,0,0,0,0,0,998,0,0,0,12,12,6,2,45,0,0,0,1,12,34667,6,1,6,0,3,0,72,999,0,0,0,0,1,8,2009,8,2009,0,29,0,0,0,3,3,70,1,1,8,1,98,8,1,12,99,9,4,6,1,0
13,130725,3,2,3,2,8,15,22,45,0,1,0,12,1,2,404,2404,14,2001,1J4GX58S21C5,1,J,4,G,X,5,8,S,2,1,C,5,0,T,JEEP,LMT,4W,1,17,,1,0,1059,GCK,G,,0,0,000000000,00000000000,0,0,0,1,0,0,0,0,0,0,0,998,0,0,0,1,1,2,1,12,0,0,0,1,12,32578,6,1,0,0,3,0,69,999,0,0,0,1,0,3,2010,3,2010,0,0,0,0,0,3,3,70,1,1,8,1,98,8,1,60,99,1,1,98,0,0
13,130726,1,1,1,2,8,7,0,42,0,1,0,13,1,20,421,20421,15,2001,1GNEC13T51R1,1,G,N,E,C,1,3,T,5,1,R,1,0,P,CHEV,CTA,UT,1,17,4828,,0,1160,,G,,0,0,000000000,00000000000,0,0,0,1,0,0,0,0,0,0,0,998,0,0,0,12,12,6,2,42,0,0,0,1,13,30549,6,1,6,0,3,0,71,175,98,0,0,1,1,10,2007,9,2009,0,29,0,0,0,1,2,25,1,5,8,1,0,0,1,12,99,9,4,6,1,0
13,130727,1,1,2,2,8,10,36,53,0,1,0,12,1,20,421,20421,15,1999,1GNEC13RXXJ3,1,G,N,E,C,1,3,R,X,X,J,3,0,P,CHEV,CTA,UT,99,17,4865,,0,1175,,G,,0,0,000000000,00000000000,0,0,0,1,0,0,0,0,0,0,0,998,0,1,4,12,13,6,2,42,0,0,0,1,12,32340,1,1,0,0,2,0,59,999,0,0,0,0,0,0,0,0,0,0,58,29,0,0,1,2,55,1,5,8,1,0,0,1,1,9,3,4,2,1,0
13,130728,1,1,1,2,8,21,17,34,0,1,0,92,0,34,34,34034,4,1992,WBACB4310NFF,W,B,A,C,B,4,3,1,0,N,F,F,0,P,BMW,25I,4D,92,17,4068,,0,1063,,G,,0,0,000000000,00000000000,0,0,0,1,0,0,0,0,0,0,0,998,0,1,5,14,3,6,2,42,0,0,0,1,13,30427,6,1,0,0,3,0,69,155,98,1,0,0,1,4,2009,4,2009,1,29,0,0,0,1,2,55,3,1,8,2,0,0,14,13,8,4,4,2,1,1
13,130729,1,1,1,4,8,6,55,33,0,1,0,13,1,20,404,20404,14,2006,2CNDL73F6660,2,C,N,D,L,7,3,F,6,6,6,0,0,P,CHEV,EQU,UT,6,17,3777,,0,1125,,G,,0,0,000000000,00000000000,0,0,0,1,0,0,0,0,0,0,0,998,0,0,0,14,12,6,2,42,0,0,0,1,13,31329,6,1,0,0,3,0,69,220,98,0,0,0,0,0,0,0,0,0,29,0,0,0,2,2,45,1,1,8,1,0,0,1,12,99,9,4,6,1,0
13,130730,1,1,2,5,8,20,44,35,0,1,0,13,1,20,471,20471,30,1998,1GCCS144XW82,1,G,C,C,S,1,4,4,X,W,8,2,0,T,CHEV,S14,PK,98,17,,1,1179,1083,S,G,,0,0,000000000,00000000000,0,0,0,1,0,0,0,0,0,0,0,998,0,0,0,14,5,6,2,30,0,0,0,1,13,30214,6,1,5,0,3,0,68,170,98,1,0,0,0,8,2007,8,2007,1,29,0,0,0,1,2,35,3,1,2,1,0,0,14,6,1,1,4,1,1,1
13,130731,1,1,1,7,8,3,30,8,0,1,0,12,1,37,31,37031,2,2004,SHHEP33574U5,S,H,H,E,P,3,3,5,7,4,U,5,0,P,HOND,CVS,2H,4,17,2744,,0,1012,,G,,0,0,000000000,00000000000,0,0,0,1,0,0,0,0,0,0,0,998,0,0,0,12,13,4,3,8,0,0,0,1,12,32225,6,1,0,0,3,0,72,999,0,2,0,3,0,7,2009,6,2010,0,86,0,0,0,1,4,45,1,1,8,2,0,0,1,80,1,1,1,13,0,0
13,130732,1,1,2,7,8,17,42,1,0,1,0,17,1,20,461,20461,21,2006,1GCFG15XX611,1,G,C,F,G,1,5,X,X,6,1,1,0,T,CHEV,E15,CG,6,17,,2,0,1350,EXP,G,,0,0,000000000,00000000000,0,0,0,1,0,0,0,0,0,0,0,998,0,2,1,0,0,6,2,1,0,0,0,1,17,60076,6,1,0,0,3,0,65,180,0,0,0,2,0,9,2009,10,2009,0,21,28,58,0,2,2,70,1,1,8,1,0,0,1,1,6,4,2,98,1,0
13,130733,1,1,2,8,9,8,14,42,0,1,0,18,1,55,37,55037,2,2006,KMHHN65F66U2,K,M,H,H,N,6,5,F,6,6,U,2,0,P,HYUN,GSL,CP,6,17,2969,,0,996,,G,,0,0,000000000,00000000000,0,0,0,1,0,0,0,0,0,0,0,998,0,0,0,9,9,6,2,42,0,0,0,1,18,47904,6,1,0,0,3,0,64,120,0,0,0,1,1,7,2008,7,2008,0,58,0,0,0,3,3,70,1,3,2,1,0,0,1,12,7,3,4,2,2,0
13,130734,1,1,2,10,9,3,48,42,0,1,0,13,2,32,43,32043,4,2003,WAUJC68E53A2,W,A,U,J,C,6,8,E,5,3,A,2,0,P,AUDI,41T,4D,3,17,3150,,0,1043,,G,,0,0,000000000,00000000000,0,0,0,1,0,0,0,0,0,0,0,998,0,0,0,12,12,4,3,38,0,0,0,1,13,30506,6,1,0,0,3,0,72,195,98,0,0,0,0,0,0,0,0,1,37,0,0,0,1,2,45,3,2,2,1,0,0,14,6,1,1,4,1,1,1
13,130735,1,1,1,10,9,20,30,35,0,1,0,92,0,20,20,20020,4,1996,2G1WL52MXT91,2,G,1,W,L,5,2,M,X,T,9,1,0,P,CHEV,LUM,4D,96,17,3330,,0,1075,,G,,0,0,000000000,00000000000,0,0,0,1,0,0,0,0,0,0,0,998,0,1,6,14,13,6,2,42,0,0,0,1,13,30180,6,2,0,0,3,0,72,350,98,1,0,1,0,6,2008,7,2008,0,0,0,0,0,1,2,55,1,1,2,1,0,0,1,8,1,3,4,7,1,0
13,130736,1,2,2,11,9,21,45,12,8,1,0,13,1,72,706,72706,80,2005,1HD1FVW165Y6,1,H,D,1,F,V,W,1,6,5,Y,6,0,M,HD,IUA,RS,5,17,,,,,,,1450,0,0,000000000,00000000000,0,0,0,1,0,0,0,0,0,0,0,998,0,0,0,1,1,6,2,12,0,0,0,1,13,30252,6,1,0,0,3,0,70,250,98,0,0,0,0,0,0,0,0,1,28,0,0,0,1,2,35,3,2,2,1,0,0,14,6,1,1,2,64,1,1
13,130736,2,2,4,11,9,21,45,12,8,1,0,13,1,7,482,7482,31,2006,1D7HA18236J2,1,D,7,H,A,1,8,2,3,6,J,2,0,T,DODG,SQ1,CW,6,17,,2,1605,1405,RPC,G,,0,0,000000000,00000000000,0,0,0,1,0,0,0,0,0,0,0,998,0,0,0,9,9,6,2,12,0,0,0,1,13,30248,6,1,0,0,3,0,73,230,98,0,0,0,0,0,0,0,0,0,0,0,0,0,1,2,35,2,2,2,1,0,0,14,62,1,1,1,65,0,0
13,130737,1,1,1,12,9,6,44,42,0,1,0,13,1,12,471,12471,30,1988,1FTCR14TXJPC,1,F,T,C,R,1,4,T,X,J,P,C,0,T,FORD,RNS,PS,88,17,,1,0,1250,RNG,G,,0,0,000000000,00000000000,0,0,0,1,0,0,0,0,0,0,0,998,0,0,0,12,12,6,2,42,0,0,0,1,13,31216,6,1,0,0,3,3,70,165,98,0,0,0,0,0,0,0,0,0,39,0,0,0,1,2,40,1,1,2,1,20,3,1,13,1,1,4,14,1,0
13,130738,1,1,1,12,9,16,46,24,0,1,0,13,1,53,706,53706,80,2001,JS1GV77A9121,J,S,1,G,V,7,7,A,9,1,2,1,0,M,SUZI,G/S,RS,1,17,,,,,,,1157,0,0,000000000,00000000000,0,0,0,1,0,0,0,0,0,0,0,998,0,0,0,2,81,4,3,24,0,0,0,1,13,31216,6,1,0,0,3,0,70,210,98,0,0,0,0,0,0,0,0,0,28,0,0,0,3,3,55,1,1,2,1,0,0,1,11,1,1,4,98,1,0
13,130739,1,2,1,12,9,17,46,12,6,1,0,13,1,72,706,72706,80,2005,1HD1FCW175Y6,1,H,D,1,F,C,W,1,7,5,Y,6,0,M,HD,FLU,RS,5,17,,,,,,,1450,0,0,000000000,00000000000,0,0,0,1,0,0,0,0,0,0,0,998,0,0,0,1,1,4,3,12,0,0,0,1,13,31017,6,1,0,0,3,0,73,185,98,0,0,0,0,0,0,0,0,0,0,0,0,0,1,2,30,1,1,2,1,0,0,1,66,1,1,1,87,1,0
13,130739,2,2,1,12,9,17,46,12,6,1,1,99,9,99,999,99999,99,9999,999999999999,9,9,9,9,9,9,9,9,9,9,9,9,0,U,,,,9,17,,,,,,,,0,0,000000000,00000000000,0,0,0,1,0,0,0,0,0,0,0,999,0,0,0,12,99,9,9,12,99,99,0,1,99,99999,9,9,99,9,9,9,999,999,99,99,99,99,99,99,9999,99,9999,9,99,99,99,99,1,2,30,1,1,2,1,20,3,1,17,1,1,1,86,0,0
13,130740,1,1,1,15,9,7,10,8,0,1,0,13,2,12,471,12471,30,1991,1FTCR14U4MTA,1,F,T,C,R,1,4,U,4,M,T,A,0,T,FORD,RNS,PS,91,17,,1,0,1250,RNG,G,,0,0,000000000,00000000000,0,0,0,1,0,0,0,0,0,0,0,998,0,0,0,12,12,4,1,8,0,0,0,1,13,30276,6,1,0,0,3,3,71,205,98,0,0,0,0,0,0,0,0,0,0,0,0,0,1,2,55,1,2,2,1,28,3,1,80,2,1,1,13,0,0
13,130741,1,1,1,19,9,20,43,8,0,1,0,13,2,38,401,38401,14,2002,JACDS58X927J,J,A,C,D,S,5,8,X,9,2,7,J,0,P,ISU,TRO,UT,2,17,0,,0,1087,,G,,0,0,000000000,00000000000,0,0,0,1,0,0,0,0,0,0,0,998,0,0,0,12,12,4,1,8,0,0,0,1,13,30092,6,1,0,0,3,0,71,235,98,0,0,0,0,0,0,0,0,0,0,0,0,0,1,4,45,1,3,2,1,0,0,1,80,8,1,1,13,0,0
13,130742,1,1,1,21,9,1,27,34,0,1,0,13,2,22,20,22020,4,2002,1G2WK52J82F1,1,G,2,W,K,5,2,J,8,2,F,1,0,P,PONT,GFS,4D,2,17,3384,,0,1105,,G,,0,0,000000000,00000000000,0,0,0,1,0,0,0,0,0,0,0,998,0,1,6,14,98,6,2,30,0,0,0,1,13,31643,1,1,0,0,2,0,70,170,98,2,1,0,0,9,2010,9,2010,1,58,0,0,0,1,2,35,1,1,2,1,0,0,1,12,1,1,4,6,1,0
13,130743,1,3,1,22,9,19,29,12,6,1,0,93,3,85,881,85881,66,1999,1XKADB9X4XJ7,1,X,K,A,D,B,9,X,4,X,J,7,1,T,KW,T60,DS,99,17,,8,2600,1600,CON,D,,1,57,692288,57692288,3,6,1,1,0,0,0,0,0,0,0,998,0,0,0,12,12,6,2,12,0,0,0,1,1,36804,6,1,6,0,3,0,70,210,0,0,0,0,0,0,0,0,0,0,39,0,0,0,6,2,45,1,1,2,1,3,3,1,17,1,1,1,86,0,0
13,130743,2,3,1,22,9,19,29,12,6,1,0,13,2,20,421,20421,15,2009,1GNEC23339R2,1,G,N,E,C,2,3,3,3,9,R,2,0,P,CHEV,CTA,UT,9,17,5265,,0,1160,,F,,0,0,000000000,00000000000,0,0,0,1,0,0,0,0,0,0,0,998,0,0,0,2,98,6,2,12,0,0,0,1,13,30115,6,1,0,0,3,0,65,180,98,0,0,0,0,0,0,0,0,0,0,0,0,0,1,2,35,1,1,2,1,3,3,1,66,1,1,1,87,0,0
13,130743,3,3,1,22,9,19,29,12,6,1,0,13,2,37,33,37033,2,1993,JHMBB2153PC0,J,H,M,B,B,2,1,5,3,P,C,0,0,P,HOND,SSR,CP,93,17,2866,,0,1004,,G,,0,0,000000000,00000000000,0,0,0,1,0,0,0,0,0,0,0,998,0,0,0,9,9,6,2,12,0,0,0,1,13,30115,0,0,0,0,0,0,999,999,98,0,0,0,0,0,0,0,0,0,0,0,0,0,1,2,35,1,1,2,1,3,3,1,62,1,1,1,98,1,0
13,130744,1,1,1,24,9,11,40,1,0,1,0,13,2,20,401,20401,14,1998,1GNDT13W0W22,1,G,N,D,T,1,3,W,0,W,2,2,0,P,CHEV,BZR,UT,98,17,4046,,0,1070,,G,,0,0,000000000,00000000000,0,0,0,1,0,0,0,0,0,0,0,998,0,1,1,0,0,6,2,1,0,0,0,1,13,30456,6,1,0,0,3,0,70,160,98,1,0,0,1,8,2008,8,2008,1,28,0,0,0,6,1,55,2,2,2,1,0,0,14,6,7,2,1,98,1,1
13,130745,1,2,1,25,9,11,40,12,6,1,0,13,1,73,705,73705,80,2006,JKBZXJC166A0,J,K,B,Z,X,J,C,1,6,6,A,0,0,M,KAWK,X63,RS,6,17,,,,,,,636,0,0,000000000,00000000000,0,0,0,1,0,0,0,0,0,0,0,998,0,0,0,12,12,6,2,12,0,0,0,1,13,30265,6,1,0,0,3,0,69,170,98,0,0,0,0,0,0,0,0,1,35,0,0,0,3,3,45,1,1,2,1,0,0,6,17,1,1,1,69,1,0
13,130745,2,2,2,25,9,11,40,12,6,1,0,13,2,35,43,35043,4,2004,3N1CB51D84L4,3,N,1,C,B,5,1,D,8,4,L,4,0,P,NISS,S18,4D,4,17,2387,,0,998,,G,,0,0,000000000,00000000000,0,0,0,1,0,0,0,0,0,0,0,998,0,0,0,62,62,6,2,12,0,0,0,1,13,30213,6,1,0,0,3,0,62,117,98,1,0,0,0,6,2009,6,2009,0,0,0,0,0,1,2,35,1,1,2,1,20,3,11,66,1,1,1,68,0,0
13,130746,1,1,1,25,9,2,5,33,0,1,0,13,1,7,25,7025,5,2009,1B3HB48A09D2,1,B,3,H,B,4,8,A,0,9,D,2,0,P,DODG,CXT,4D,9,17,3039,,0,1037,,G,,0,0,000000000,00000000000,0,0,0,1,0,0,0,0,0,0,0,998,0,1,6,14,9,6,2,30,0,0,0,1,13,30328,0,0,0,0,0,0,999,999,98,0,0,0,0,0,0,0,0,1,0,0,0,0,1,2,55,3,5,2,1,0,0,14,6,1,4,4,7,1,0