STATE,ST_CASE,VEH_NO,VE_FORMS,NUMOCCS,DAY,MONTH,HOUR,MINUTE,HARM_EV,MAN_COLL,UNITTYPE,HIT_RUN,REG_STAT,OWNER,MAKE,MODEL,MAK_MOD,BODY_TYP,MOD_YEAR,VIN,VIN_1,VIN_2,VIN_3,VIN_4,VIN_5,VIN_6,VIN_7,VIN_8,VIN_9,VIN_10,VIN_11,VIN_12,TOW_VEH,VINTYPE,VINMAKE,VINA_MOD,VIN_BT,VINMODYR,VIN_LNGT,VIN_WGT,WGTCD_TR,WHLBS_LG,WHLBS_SH,SER_TR,FUELCODE,MCYCL_DS,J_KNIFE,MCARR_I1,MCARR_I2,MCARR_ID,GVWR,V_CONFIG,CARGO_BT,HAZ_INV,HAZ_PLAC,HAZ_ID,HAZ_CNO,HAZ_REL,BUS_USE,SPEC_USE,EMER_USE,TRAV_SP,UNDERIDE,ROLLOVER,ROLINLOC,IMPACT1,IMPACT2,DEFORMED,TOWED,M_HARM,VEH_SC1,VEH_SC2,FIRE_EXP,DR_PRES,L_STATE,DR_ZIP,L_STATUS,L_TYPE,CDL_STAT,L_ENDORS,L_COMPL,L_RESTRI,DR_HGT,DR_WGT,PREV_ACC,PREV_SUS,PREV_DWI,PREV_SPD,PREV_OTH,FIRST_MO,FIRST_YR,LAST_MO,LAST_YR,SPEEDREL,DR_SF1,DR_SF2,DR_SF3,DR_SF4,VTRAFWAY,VNUM_LAN,VSPD_LIM,VALIGN,VPROFILE,VPAVETYP,VSURCOND,VTRAFCON,VTCONT_F,P_CRASH1,P_CRASH2,P_CRASH3,PCRASH4,PCRASH5,ACC_TYPE,DEATHS,DR_DRINK
13,130747,1,1,1,25,9,0,36,25,0,1,0,13,2,20,2,20002,4,2004,2G1WH52K7492,2,G,1,W,H,5,2,K,7,4,9,2,0,P,CHEV,IPL,4D,4,17,3466,,0,1105,,G,,0,0,000000000,00000000000,0,0,0,1,0,0,0,0,0,0,0,998,0,0,0,11,11,4,3,25,0,0,0,1,13,31701,6,1,0,0,3,0,71,201,98,0,0,0,0,0,0,0,0,0,28,0,0,0,3,3,70,1,1,2,1,98,8,1,10,1,1,4,98,1,0
13,130748,1,1,2,25,9,2,4,30,0,1,0,13,2,72,706,72706,80,2007,1HD1JL5117Y0,1,H,D,1,J,L,5,1,1,7,Y,0,0,M,HD,XTC,RS,7,17,,,,,,,1584,0,0,000000000,00000000000,0,0,0,1,0,0,0,0,0,0,0,998,0,0,0,81,81,6,2,30,0,0,0,1,13,30240,6,1,0,0,3,0,73,170,98,0,0,0,1,9,2009,9,2009,1,0,0,0,0,1,2,40,3,1,2,1,0,0,14,13,1,1,4,1,1,1
13,130749,1,2,1,26,9,16,30,12,6,1,0,1,2,20,9,20009,2,2001,2G1FP22K8121,2,G,1,F,P,2,2,K,8,1,2,1,0,P,CHEV,CAM,CP,1,17,3306,,0,1011,,G,,0,0,000000000,00000000000,0,0,0,1,0,0,0,0,0,0,0,998,0,0,0,8,8,6,2,12,0,0,0,1,13,30080,6,1,0,0,3,3,68,140,98,0,0,0,0,0,0,0,0,1,28,87,0,0,2,3,70,1,1,1,2,0,0,1,6,1,1,2,64,1,0
13,130749,2,2,2,26,9,16,30,12,6,1,0,99,9,59,32,59032,4,2008,JTHGL46F5850,J,T,H,G,L,4,6,F,5,8,5,0,0,P,LEXS,LSL,4D,8,17,4332,,0,1217,,G,,0,0,000000000,00000000000,0,0,0,1,0,0,0,0,0,0,0,998,0,0,0,12,12,6,2,12,0,0,0,1,99,99999,9,9,99,9,9,9,999,999,99,99,99,99,99,99,9999,99,9999,0,0,0,0,0,2,3,70,1,1,1,2,0,0,1,62,1,1,1,65,0,0
13,130750,1,2,2,8,8,21,38,12,6,1,0,13,2,63,31,63031,4,2000,KNAFB1210Y58,K,N,A,F,B,1,2,1,0,Y,5,8,0,P,KIA,SPL,4D,0,17,2478,,0,1008,,G,,0,0,000000000,00000000000,0,0,0,1,0,0,0,0,0,0,0,998,0,0,0,12,12,6,2,12,0,0,0,1,13,31763,6,1,0,0,3,0,74,180,98,0,0,0,1,7,2010,7,2010,0,39,28,0,0,1,2,35,1,6,2,1,20,3,10,10,1,1,2,84,2,0
13,130750,2,2,1,8,8,21,38,12,6,1,0,13,1,23,481,23481,31,2003,1GTEC19T43Z1,1,G,T,E,C,1,9,T,4,3,Z,1,0,T,GMC,NC1,4C,3,17,,2,1575,1435,SIE,G,,0,0,000000000,00000000000,0,0,0,1,0,0,0,0,0,0,0,998,0,0,0,11,11,6,2,12,0,0,0,1,13,31763,6,1,0,0,3,0,68,165,98,0,0,1,0,1,2009,1,2009,0,0,0,0,0,1,4,55,1,1,8,1,0,0,1,62,1,1,1,84,1,0
13,130751,1,1,1,26,9,3,20,25,0,1,0,13,1,12,17,12017,4,1996,1FALP53S3TA1,1,F,A,L,P,5,3,S,3,T,A,1,0,P,FORD,TAX,4D,96,17,3355,,0,1085,,G,,0,0,000000000,00000000000,0,0,0,1,0,0,0,0,0,0,0,998,0,0,0,12,12,6,2,25,0,0,0,1,13,30281,6,1,0,0,3,0,65,220,98,0,0,0,1,7,2010,7,2010,0,28,0,0,0,3,4,55,1,1,2,2,0,0,1,12,1,1,4,98,1,1
13,130752,1,1,1,9,8,7,8,34,0,1,0,12,1,49,40,49040,4,2002,4T1BE32K22U5,4,T,1,B,E,3,2,K,2,2,U,5,0,P,TOYT,LXS,4D,2,17,3086,,0,1071,,G,,0,0,000000000,00000000000,0,0,0,1,0,0,0,0,0,0,0,998,0,0,0,12,12,6,2,32,0,0,0,1,12,32303,6,1,0,0,3,3,63,999,0,0,0,0,0,0,0,0,0,0,29,0,0,0,2,2,65,3,3,8,1,0,0,14,13,99,9,4,1,1,0
13,130753,1,1,4,26,9,14,10,7,0,1,0,13,2,12,37,12037,4,2002,1FAFP33P82W2,1,F,A,F,P,3,3,P,8,2,W,2,0,P,FORD,FOX,4D,2,17,2604,,0,1030,,G,,0,0,000000000,00000000000,0,0,0,1,0,0,0,0,0,0,0,998,0,0,0,0,0,6,2,7,0,0,0,1,13,30060,6,1,0,0,3,3,65,220,98,0,0,0,0,0,0,0,0,0,80,28,0,0,2,2,70,1,1,2,1,0,0,1,3,1,1,4,0,1,0
13,130754,1,2,1,9,8,18,54,12,1,1,0,13,2,2,404,2404,14,1996,1J4EX58S0TC1,1,J,4,E,X,5,8,S,0,T,C,1,0,T,JEEP,LRO,4W,96,17,,1,0,1059,GCK,G,,0,0,000000000,00000000000,0,0,0,1,0,0,0,0,0,0,0,998,0,0,0,12,12,6,2,12,0,0,0,1,13,39828,6,1,0,0,3,3,73,210,98,0,0,0,2,8,2009,8,2010,0,26,0,0,0,2,2,65,1,2,2,1,0,0,1,51,1,1,1,24,0,0
13,130754,2,2,1,9,8,18,54,12,1,1,0,0,0,98,998,98998,92,1997,000000000000,0,0,0,0,0,0,0,0,0,0,0,0,0,U,,,,,17,,,,,,,,0,0,000000000,00000000000,0,0,0,1,0,0,0,0,0,0,0,998,0,0,0,6,6,4,3,12,0,0,0,1,13,31773,6,1,0,0,1,0,71,270,98,0,0,0,0,0,0,0,0,0,0,0,0,0,2,2,65,1,2,2,1,0,0,1,53,1,1,1,25,1,0
13,130755,1,2,1,11,8,12,35,12,6,1,0,13,2,49,401,49401,14,2007,JTEZU14R3780,J,T,E,Z,U,1,4,R,3,7,8,0,0,P,TOYT,RUN,UT,7,17,4045,,0,1098,,G,,0,0,000000000,00000000000,0,0,0,1,0,0,0,0,0,0,0,998,0,0,0,2,2,6,2,12,0,0,0,1,13,30560,6,1,0,0,3,0,67,168,98,0,0,0,0,0,0,0,0,0,39,0,0,0,1,4,45,1,1,2,1,20,3,1,17,1,1,1,87,1,0
13,130755,2,2,1,11,8,12,35,12,6,1,0,13,3,86,881,86881,63,2007,1M2AT04C87M0,1,M,2,A,T,0,4,C,8,7,M,0,0,T,MACK,CTP,TM,7,17,,8,0,0,700,D,,0,57,1510236,571510236,3,2,1,1,0,0,0,0,0,0,0,998,0,0,0,12,12,6,2,12,0,0,0,1,13,30560,6,1,6,0,3,0,73,265,98,0,0,0,0,0,0,0,0,0,0,0,0,0,1,4,65,1,1,8,1,0,0,1,66,1,1,1,86,0,0
13,130756,1,1,3,27,9,12,6,34,0,1,0,13,2,12,481,12481,31,2006,1FTPW14506FA,1,F,T,P,W,1,4,5,0,6,F,A,0,T,FORD,F1S,CW,6,17,,2,1500,1390,COF,G,,0,0,000000000,00000000000,0,0,0,1,0,0,0,0,0,0,0,998,0,0,0,14,3,2,3,42,0,0,0,1,13,30458,6,1,0,0,3,0,60,135,98,0,0,0,0,0,0,0,0,0,87,0,0,0,2,2,70,1,1,2,2,0,0,1,8,1,4,4,7,1,0
13,130757,1,1,1,11,8,17,14,34,0,1,0,13,1,35,32,35032,2,1992,JN1MS34P6NW1,J,N,1,M,S,3,4,P,6,N,W,1,0,P,NISS,240,CP,92,17,2699,,0,974,,G,,0,0,000000000,00000000000,0,0,0,1,0,0,0,0,0,0,0,998,0,1,5,12,13,6,2,1,0,0,0,1,13,30175,6,1,6,0,3,3,64,165,98,0,0,0,1,3,2009,3,2009,1,29,36,0,0,1,2,45,3,5,8,1,40,3,14,6,99,9,4,2,1,1
13,130758,1,2,1,27,9,19,42,12,6,1,0,26,1,35,402,35402,14,2006,5N1AN08W16C5,5,N,1,A,N,0,8,W,1,6,C,5,0,P,NISS,XTR,UT,6,17,4165,,0,1063,,G,,0,0,000000000,00000000000,0,0,0,1,0,0,0,0,0,0,0,998,0,1,6,12,12,6,2,12,0,0,0,1,26,49841,6,1,0,0,3,0,67,145,0,0,0,0,0,0,0,0,0,0,39,0,0,0,1,2,55,1,1,2,2,20,3,1,17,1,1,1,86,0,0
13,130758,2,2,1,27,9,19,42,12,6,1,0,13,2,49,32,49032,4,2009,1NXBU40E79Z1,1,N,X,B,U,4,0,E,7,9,Z,1,0,P,TOYT,CBL,4D,9,17,2723,,0,1024,,G,,0,0,000000000,00000000000,0,0,0,1,0,0,0,0,0,0,0,998,0,0,0,3,3,6,2,12,0,0,0,1,13,31405,6,1,0,0,3,0,71,270,98,1,0,1,0,5,2008,7,2010,0,0,0,0,0,1,2,55,1,1,2,2,0,0,1,66,1,1,1,87,1,0
13,130759,1,2,2,11,8,7,54,12,2,1,0,13,2,63,441,63441,20,2007,KNDMB2335761,K,N,D,M,B,2,3,3,5,7,6,1,0,P,KIA,SED,SV,7,17,4387,,0,1189,,G,,0,0,000000000,00000000000,0,0,0,1,0,0,0,0,0,0,0,998,0,0,0,12,12,6,2,12,0,0,0,1,13,30251,6,1,0,0,3,0,63,150,98,0,0,0,0,0,0,0,0,0,28,0,0,0,1,2,55,1,1,8,1,0,0,1,10,99,1,2,50,1,0
13,130759,2,2,1,11,8,7,54,12,2,1,0,93,3,87,881,87881,66,2007,1XP5D49X77N6,1,X,P,5,D,4,9,X,7,7,N,6,1,T,PTRB,379,DS,7,17,,8,0,0,CON,D,,1,57,859216,57859216,3,6,1,1,0,0,0,0,0,0,0,998,0,1,5,12,12,6,2,12,0,0,0,1,13,31831,6,1,6,0,3,3,72,250,98,0,0,0,0,0,0,0,0,0,0,0,0,0,1,2,55,1,1,8,1,0,0,1,62,6,9,2,51,0,0
13,130760,1,2,1,27,9,20,26,8,0,1,0,13,2,37,32,37032,2,1993,1HGCB7252PA0,1,H,G,C,B,7,2,5,2,P,A,0,0,P,HOND,ALX,CP,93,17,2829,,0,1071,,G,,0,0,000000000,00000000000,0,0,0,1,0,0,0,0,0,0,0,998,0,0,0,12,12,6,2,8,0,0,0,1,13,30127,6,1,0,0,3,3,62,190,98,1,0,1,2,5,2008,7,2010,0,86,0,0,0,1,2,55,1,6,2,2,0,0,1,80,2,1,1,13,0,0
13,130760,2,2,1,27,9,20,26,8,0,1,0,13,1,2,404,2404,14,2004,1J4GW48J74C2,1,J,4,G,W,4,8,J,7,4,C,2,0,T,JEEP,LCF,4W,4,17,,1,0,1059,GCK,G,,0,0,000000000,00000000000,0,0,0,1,0,0,0,0,0,0,0,998,0,0,0,14,14,2,1,8,0,0,0,1,13,30101,6,1,0,0,3,0,70,170,98,0,0,0,0,0,0,0,0,0,86,0,0,0,1,2,55,1,6,2,2,0,0,1,80,2,1,1,98,0,0
13,130761,1,2,1,28,9,14,49,12,6,1,0,13,1,54,31,54031,3,1990,JH4DA9454LS0,J,H,4,D,A,9,4,5,4,L,S,0,0,P,ACUR,ILS,2H,90,17,2491,,0,1004,,G,,0,0,000000000,00000000000,0,0,0,1,0,0,0,0,0,0,0,998,0,0,0,9,9,6,2,12,32,0,0,1,13,30179,6,1,0,0,3,3,73,318,98,0,0,0,1,5,2010,5,2010,0,38,0,0,0,1,2,55,1,6,2,1,0,0,11,15,1,1,1,82,1,0
13,130761,2,2,2,28,9,14,49,12,6,1,0,13,2,12,442,12442,20,2001,2FMZA51431BB,2,F,M,Z,A,5,1,4,3,1,B,B,0,T,FORD,WLX,ES,1,17,,1,0,1207,WIN,G,,0,0,000000000,00000000000,0,0,0,1,0,0,0,0,0,0,0,998,0,0,0,12,12,6,2,12,0,0,0,1,13,30179,6,1,0,0,3,0,60,163,98,0,0,1,0,1,2008,1,2008,0,0,0,0,0,1,2,55,3,5,2,1,0,0,14,72,1,1,1,83,0,0
13,130762,1,5,1,11,8,14,19,12,8,1,0,13,1,23,422,23422,15,2006,1GKEC16Z46J1,1,G,K,E,C,1,6,Z,4,6,J,1,0,T,GMC,CX1,LL,6,17,,2,0,1300,YUK,F,,0,0,000000000,00000000000,0,0,0,1,0,0,0,0,0,0,0,998,0,0,0,5,12,6,2,12,0,0,0,1,13,31024,6,1,6,0,3,0,68,130,98,0,0,1,1,2,2009,8,2009,0,28,0,0,0,1,2,55,2,1,2,1,0,0,14,10,99,1,2,64,0,1
13,130762,2,5,3,11,8,14,19,12,8,1,0,13,1,59,401,59401,14,2001,JTJGF10U7101,J,T,J,G,F,1,0,U,7,1,0,1,0,P,LEXS,RX3,UT,1,17,3715,,0,1031,,G,,0,0,000000000,00000000000,0,0,0,1,0,0,0,0,0,0,0,998,0,0,0,5,5,6,2,12,0,0,0,1,13,30650,6,1,0,0,3,0,65,155,98,0,0,0,0,0,0,0,0,0,0,0,0,0,1,3,55,2,1,2,1,0,0,14,62,1,1,1,65,0,0
13,130762,3,5,1,11,8,14,19,12,8,1,0,13,1,12,422,12422,15,1998,1FMRU1763WLB,1,F,M,R,U,1,7,6,3,W,L,B,0,P,FORD,EPT,UT,98,17,4808,,0,1190,,G,,0,0,000000000,00000000000,0,0,0,1,0,0,0,0,0,0,0,998,0,0,0,12,12,6,2,12,0,0,0,1,13,30066,6,1,0,0,3,0,67,300,98,1,0,2,1,11,2009,4,2010,0,0,0,0,0,1,3,55,2,1,2,1,0,0,14,62,1,1,1,98,1,0
13,130762,4,5,2,11,8,14,19,12,8,1,0,94,3,84,881,84881,62,2000,1HTSCABM0YH2,1,H,T,S,C,A,B,M,0,Y,H,2,0,T,INTL,470,CC,0,17,,6,2540,1280,40S,D,,0,88,888888888,88888888888,2,2,1,1,0,0,0,0,0,0,0,998,0,0,0,6,6,2,3,12,0,0,0,1,12,32003,6,1,0,0,3,0,72,999,0,0,0,0,0,0,0,0,0,0,0,0,0,0,1,3,55,3,2,3,2,0,0,17,53,4,2,1,98,0,0
13,130762,5,5,1,11,8,14,19,12,8,1,0,13,2,52,46,52046,4,2003,JA3AJ26EX3U0,J,A,3,A,J,2,6,E,X,3,U,0,0,P,MITS,LES,4D,3,17,2646,,0,1024,,G,,0,0,000000000,00000000000,0,0,0,1,0,0,0,0,0,0,0,998,0,0,0,12,12,4,3,12,0,0,0,1,99,99999,9,9,99,0,9,9,999,999,99,99,99,99,99,99,9999,99,9999,0,26,0,0,0,1,3,55,2,1,2,1,0,0,14,51,4,2,1,98,0,0
13,130763,1,5,1,29,9,17,34,12,2,1,0,13,2,20,2,20002,4,2007,2G1WT58K1791,2,G,1,W,T,5,8,K,1,7,9,1,0,P,CHEV,IMT,4D,7,17,3674,,0,1105,,F,,0,0,000000000,00000000000,0,0,0,1,0,0,0,0,0,0,0,998,0,0,0,12,12,6,2,12,0,0,0,1,13,30121,6,1,0,0,3,0,74,198,98,1,0,0,2,12,2007,6,2008,0,28,0,0,0,5,4,45,1,2,2,1,28,3,1,10,1,1,2,50,1,0
13,130763,2,5,1,29,9,17,34,12,2,1,0,13,1,49,442,49442,20,2006,5TDZA23C86S4,5,T,D,Z,A,2,3,C,8,6,S,4,0,P,TOYT,SIE,SV,6,17,4120,,0,1193,,G,,0,0,000000000,00000000000,0,0,0,1,0,0,0,0,0,0,0,998,0,0,0,12,12,6,2,12,0,0,0,1,13,30120,6,1,0,0,3,0,64,128,98,0,0,0,0,0,0,0,0,0,0,0,0,0,5,4,45,1,2,2,1,28,3,1,62,1,1,1,51,0,0
13,130763,3,5,3,29,9,17,34,12,2,1,0,13,2,12,401,12401,14,2002,1FMZU63E82UC,1,F,M,Z,U,6,3,E,8,2,U,C,0,P,FORD,EPR,UT,2,17,4163,,0,1137,,G,,0,0,000000000,00000000000,0,0,0,1,0,0,0,0,0,0,0,998,0,0,0,12,98,4,3,12,0,0,0,1,13,30121,6,1,0,0,3,0,999,999,98,0,0,0,0,0,0,0,0,0,0,0,0,0,5,4,45,1,2,2,1,28,3,1,50,2,1,1,98,0,0
13,130763,4,5,1,29,9,17,34,12,2,1,0,13,2,7,442,7442,20,2000,1B4GP44L6YB6,1,B,4,G,P,4,4,L,6,Y,B,6,0,P,DODG,CAR,SV,0,17,3863,,0,1193,,G,,0,0,000000000,00000000000,0,0,0,1,0,0,0,0,0,0,0,998,0,0,0,12,98,4,3,12,0,0,0,1,13,30121,0,0,0,0,0,0,999,999,98,0,0,0,0,0,0,0,0,0,92,0,0,0,5,4,45,1,2,2,1,28,3,1,51,1,1,1,98,0,0
13,130763,5,5,1,29,9,17,34,12,2,1,0,13,1,59,401,59401,14,2001,JTJGF10U6101,J,T,J,G,F,1,0,U,6,1,0,1,0,P,LEXS,RX3,UT,1,17,3715,,0,1031,,G,,0,0,000000000,00000000000,0,0,0,1,0,0,0,0,0,0,0,998,0,0,0,12,12,2,1,12,0,0,0,1,13,30161,6,1,0,0,3,0,66,120,98,0,0,0,0,0,0,0,0,0,0,0,0,0,5,4,45,1,2,2,1,28,3,1,50,1,1,1,98,0,0
13,130764,1,2,3,13,8,12,50,12,6,1,0,13,2,49,32,49032,4,1995,1NXAE04B5SZ2,1,N,X,A,E,0,4,B,5,S,Z,2,0,P,TOYT,COA,4D,95,17,2315,,0,970,,G,,0,0,000000000,00000000000,0,0,0,1,0,0,0,0,0,0,0,998,0,0,0,3,3,6,2,12,0,0,0,1,13,31321,6,1,0,0,3,0,57,175,98,0,0,0,0,0,0,0,0,0,38,0,0,0,1,4,45,1,1,2,1,3,3,11,15,99,9,2,68,2,0
13,130764,2,2,1,13,8,12,50,12,6,1,0,13,1,84,883,84883,66,1995,2HSFMALR8SC0,2,H,S,F,M,A,L,R,8,S,C,0,0,T,INTL,920,TM,95,17,,8,0,0,920,D,,0,99,999999999,99999999999,3,5,96,1,0,0,0,0,0,0,0,998,0,0,0,12,12,6,2,12,0,0,0,1,13,31303,6,1,6,0,3,0,71,300,98,0,0,0,0,0,0,0,0,0,0,0,0,0,1,4,45,1,1,2,1,3,3,1,17,8,2,2,69,0,0
13,130765,1,1,3,14,8,0,20,9,0,1,1,13,2,20,461,20461,21,1993,1GBEG25Z0PF3,1,G,B,E,G,2,5,Z,0,P,F,3,0,T,CHEV,SV2,IC,93,17,,2,1250,1100,S/V,G,,0,0,000000000,00000000000,0,0,0,1,0,0,0,0,0,0,0,998,0,0,0,1,1,4,1,9,0,0,0,1,13,30104,6,1,0,0,3,3,66,170,98,3,0,3,0,8,2008,3,2010,0,38,91,86,0,1,2,35,1,2,2,1,0,0,1,80,99,1,1,13,0,1
13,130766,1,1,4,16,8,20,54,43,0,1,0,13,1,20,401,20401,14,1999,1GNCS13W3X21,1,G,N,C,S,1,3,W,3,X,2,1,0,P,CHEV,BZR,UT,99,17,3692,,0,1070,,G,,0,0,000000000,00000000000,0,0,0,1,0,0,0,0,0,0,0,998,0,1,5,14,13,6,2,42,0,0,0,1,13,30642,6,1,0,0,3,3,70,202,98,0,0,1,1,4,2009,12,2009,0,58,29,0,0,1,2,55,3,6,2,1,0,0,14,13,6,4,4,7,3,1
13,130767,1,2,2,17,8,8,29,53,0,1,0,13,1,20,2,20002,4,2003,2G1WF52E3394,2,G,1,W,F,5,2,E,3,3,9,4,0,P,CHEV,IMP,4D,3,17,3389,,0,1105,,G,,0,0,000000000,00000000000,0,0,0,1,0,0,0,0,0,0,0,998,0,0,0,12,12,6,2,12,32,0,0,1,13,30553,6,1,0,0,3,0,66,244,98,0,0,0,2,2,2008,9,2008,0,29,58,0,0,1,2,55,1,6,8,2,0,0,1,13,6,1,4,1,0,0
13,130767,2,2,1,17,8,8,29,53,0,1,0,13,1,7,43,7043,4,2004,1B3EL46X34N2,1,B,3,E,L,4,6,X,3,4,N,2,0,P,DODG,SRX,4D,4,17,3094,,0,1080,,G,,0,0,000000000,00000000000,0,0,0,1,0,0,0,0,0,0,0,998,0,0,0,12,12,6,2,12,0,0,0,1,13,30647,6,1,6,0,3,0,70,203,98,0,0,0,0,0,0,0,0,0,0,0,0,0,1,2,55,1,6,8,2,0,0,1,62,99,1,1,98,1,0
13,130768,1,1,1,21,8,12,57,24,0,1,0,92,0,37,705,37705,80,2003,JH2PC370X3M0,J,H,2,P,C,3,7,0,X,3,M,0,0,M,HOND,B60,RS,3,17,,,,,,,599,0,0,000000000,00000000000,0,0,0,1,0,0,0,0,0,0,0,998,0,0,0,12,12,6,2,24,0,0,0,1,13,31211,6,1,0,0,2,0,74,210,98,1,0,0,0,5,2010,5,2010,0,29,0,0,0,6,1,99,1,2,1,1,0,0,1,13,99,1,4,1,1,0
13,130769,1,2,1,21,8,14,19,12,8,1,0,13,2,12,481,12481,31,2006,1FTSX20P46EC,1,F,T,S,X,2,0,P,4,6,E,C,0,T,FORD,F2S,4C,6,17,,2,1580,1420,SRW,D,,0,0,000000000,00000000000,0,0,0,1,0,0,0,0,0,0,0,998,0,1,5,11,61,6,2,12,0,0,0,1,13,30417,6,1,0,0,3,3,72,250,98,0,0,1,0,11,2007,11,2007,0,28,0,0,0,1,3,55,1,1,8,1,0,0,1,10,99,1,2,64,0,1
13,130769,2,2,2,21,8,14,19,12,8,1,0,13,2,49,472,49472,30,2006,5TENX22N96Z2,5,T,E,N,X,2,2,N,9,6,Z,2,0,T,TOYT,REG,PK,6,17,,1,0,1033,TAC,G,,0,0,000000000,00000000000,0,0,0,1,0,0,0,0,0,0,0,998,0,0,0,11,9,6,2,12,0,0,0,1,13,31405,6,1,0,0,3,0,69,140,98,0,0,0,0,0,0,0,0,0,0,0,0,0,1,3,55,1,1,8,1,0,0,1,62,1,1,1,65,1,0
13,130770,1,1,3,22,8,14,12,38,0,1,0,13,1,12,421,12421,15,1991,1FMEU15N1MLA,1,F,M,E,U,1,5,N,1,M,L,A,0,P,FORD,BRO,UT,91,17,4348,,0,1050,,G,,0,0,000000000,00000000000,0,0,0,1,0,0,0,0,0,0,0,998,0,1,5,12,13,6,2,1,0,0,0,1,13,30622,6,1,0,0,3,3,75,200,98,0,0,0,0,0,0,0,0,0,29,0,0,0,1,2,55,3,6,8,1,0,0,14,13,6,1,4,6,1,1
13,130771,1,2,5,24,8,4,15,12,99,1,0,13,2,14,6,14006,4,1999,2MEFM74W9XX7,2,M,E,F,M,7,4,W,9,X,X,7,0,P,MERC,GMG,4D,99,17,3917,,0,1147,,G,,0,0,000000000,00000000000,0,0,0,1,0,0,0,0,0,0,0,998,0,0,0,99,1,6,2,24,0,0,0,1,13,30297,0,0,0,0,0,0,74,170,98,0,0,0,0,0,0,0,0,0,28,0,0,0,3,4,55,1,1,2,1,0,0,15,11,1,1,2,46,1,1
13,130771,2,2,1,24,8,4,15,12,99,1,1,99,9,99,999,99999,99,9999,999999999999,9,9,9,9,9,9,9,9,9,9,9,9,0,U,,,,9,17,,,,,,,,0,0,000000000,00000000000,0,0,0,1,0,0,0,0,0,0,0,998,0,0,0,99,99,9,1,12,0,0,0,1,99,99999,9,9,99,9,9,9,999,999,99,99,99,99,99,99,9999,99,9999,9,99,99,99,99,3,4,55,1,1,2,1,0,0,99,60,99,1,1,45,0,0
13,130772,1,2,1,27,8,20,45,12,2,1,0,12,1,49,471,49471,30,1993,JT4RN81A8P51,J,T,4,R,N,8,1,A,8,P,5,1,0,T,TOYT,SWS,PK,93,17,,1,0,1033,HTP,G,,0,0,000000000,00000000000,0,0,0,1,0,0,0,0,0,0,0,998,0,0,0,12,12,6,2,12,0,0,0,1,13,31503,0,0,0,0,0,0,64,170,98,0,0,0,0,0,0,0,0,0,58,28,0,0,2,2,65,1,1,2,1,0,0,1,10,6,4,7,52,1,0
13,130772,2,2,1,27,8,20,45,12,2,1,0,12,1,49,40,49040,4,2004,1NXBR32EX4Z2,1,N,X,B,R,3,2,E,X,4,Z,2,0,P,TOYT,UCS,4D,4,17,2502,,0,1024,,G,,0,0,000000000,00000000000,0,0,0,1,0,0,0,0,0,0,0,998,0,0,0,12,12,6,2,12,0,0,0,1,12,32256,6,1,0,0,3,0,66,999,0,0,0,0,0,0,0,0,0,0,0,0,0,0,2,2,65,1,1,2,1,0,0,1,64,99,1,1,52,1,0
13,130773,1,1,1,28,8,99,99,1,0,1,0,13,1,72,706,72706,80,2006,1HD1FCW196Y6,1,H,D,1,F,C,W,1,9,6,Y,6,0,M,HD,FLU,RS,6,17,,,,,,,1450,0,0,000000000,00000000000,0,0,0,1,0,0,0,0,0,0,0,998,0,0,0,0,99,6,2,3,0,0,0,1,13,31510,6,1,0,0,3,0,67,200,98,0,0,1,1,1,2008,10,2008,1,58,28,0,0,1,2,35,1,1,5,11,0,0,1,5,6,1,3,98,1,1
13,130774,1,1,1,28,8,99,99,34,0,1,0,13,3,12,461,12461,21,1994,1FBJS31H8RHB,1,F,B,J,S,3,1,H,8,R,H,B,0,T,FORD,CS3,BU,94,17,,2,0,1380,CWS,G,,0,0,000000000,00000000000,0,0,0,1,0,0,0,0,0,0,0,998,0,0,0,14,11,6,2,42,0,0,0,1,12,32608,1,1,0,0,2,3,68,999,0,3,1,1,1,5,2008,6,2009,0,29,0,0,0,1,2,25,2,1,8,1,0,0,14,12,99,1,4,6,1,1
13,130775,1,1,1,29,8,8,17,33,0,1,0,51,1,22,18,22018,2,2001,1G2NF12E91M5,1,G,2,N,F,1,2,E,9,1,M,5,0,P,PONT,SE1,CP,1,17,3066,,0,1070,,G,,0,0,000000000,00000000000,0,0,0,1,0,0,0,0,0,0,0,998,0,1,5,14,12,6,2,1,0,0,0,1,13,30188,6,1,0,0,3,3,72,180,98,0,0,0,0,0,0,0,0,0,29,0,0,0,1,2,35,1,2,2,1,0,0,1,12,1,1,4,6,1,0
13,130776,1,1,1,30,8,4,18,52,0,1,0,13,1,20,9,20009,2,1995,2G1FP22S9S21,2,G,1,F,P,2,2,S,9,S,2,1,0,P,CHEV,CAM,CP,95,17,3251,,0,1011,,G,,0,0,000000000,00000000000,0,0,0,1,0,0,0,0,0,0,0,998,0,0,0,12,12,6,2,24,0,0,1,1,13,30028,0,0,0,0,0,0,999,999,98,2,1,0,0,6,2009,6,2009,1,36,29,0,0,3,5,65,1,1,2,1,98,8,1,6,1,1,4,6,1,0