STATE,ST_CASE,VEH_NO,VE_FORMS,NUMOCCS,DAY,MONTH,HOUR,MINUTE,HARM_EV,MAN_COLL,UNITTYPE,HIT_RUN,REG_STAT,OWNER,MAKE,MODEL,MAK_MOD,BODY_TYP,MOD_YEAR,VIN,VIN_1,VIN_2,VIN_3,VIN_4,VIN_5,VIN_6,VIN_7,VIN_8,VIN_9,VIN_10,VIN_11,VIN_12,TOW_VEH,VINTYPE,VINMAKE,VINA_MOD,VIN_BT,VINMODYR,VIN_LNGT,VIN_WGT,WGTCD_TR,WHLBS_LG,WHLBS_SH,SER_TR,FUELCODE,MCYCL_DS,J_KNIFE,MCARR_I1,MCARR_I2,MCARR_ID,GVWR,V_CONFIG,CARGO_BT,HAZ_INV,HAZ_PLAC,HAZ_ID,HAZ_CNO,HAZ_REL,BUS_USE,SPEC_USE,EMER_USE,TRAV_SP,UNDERIDE,ROLLOVER,ROLINLOC,IMPACT1,IMPACT2,DEFORMED,TOWED,M_HARM,VEH_SC1,VEH_SC2,FIRE_EXP,DR_PRES,L_STATE,DR_ZIP,L_STATUS,L_TYPE,CDL_STAT,L_ENDORS,L_COMPL,L_RESTRI,DR_HGT,DR_WGT,PREV_ACC,PREV_SUS,PREV_DWI,PREV_SPD,PREV_OTH,FIRST_MO,FIRST_YR,LAST_MO,LAST_YR,SPEEDREL,DR_SF1,DR_SF2,DR_SF3,DR_SF4,VTRAFWAY,VNUM_LAN,VSPD_LIM,VALIGN,VPROFILE,VPAVETYP,VSURCOND,VTRAFCON,VTCONT_F,P_CRASH1,P_CRASH2,P_CRASH3,PCRASH4,PCRASH5,ACC_TYPE,DEATHS,DR_DRINK
13,130777,1,3,0,31,8,5,46,12,1,1,0,13,6,35,47,35047,4,2005,1N4AL11D55C1,1,N,4,A,L,1,1,D,5,5,C,1,0,P,NISS,ASL,4D,5,17,2915,,0,1102,,G,,0,0,000000000,00000000000,0,0,0,1,0,0,0,0,0,0,0,0,0,0,0,6,2,2,3,12,0,0,0,0,,,,,,,,,999,,,,,,,,,,,,0,0,0,0,3,4,65,1,1,1,1,0,0,0,53,0,0,0,32,0,0
13,130777,2,3,2,31,8,5,46,12,1,1,0,13,1,55,35,55035,4,2009,KMHDU46D19U6,K,M,H,D,U,4,6,D,1,9,U,6,0,P,HYUN,HEL,4D,9,17,2723,,0,1043,,G,,0,0,000000000,00000000000,0,0,0,1,0,0,0,0,0,0,0,998,0,0,0,12,3,2,3,12,0,0,0,1,13,30263,6,1,6,0,3,0,68,230,98,0,0,0,0,0,0,0,0,0,0,0,0,0,3,4,65,1,1,1,1,0,0,1,50,7,1,2,98,0,0
13,130777,3,3,1,31,8,5,46,12,1,1,0,13,1,20,441,20441,20,1992,1GNDM15W8NB1,1,G,N,D,M,1,5,W,8,N,B,1,0,P,CHEV,AST,SV,92,17,3554,,0,1110,,G,,0,0,000000000,00000000000,0,0,0,1,0,0,0,0,0,0,0,998,0,0,0,12,12,4,3,8,0,0,0,1,13,30268,6,1,0,0,3,0,72,180,98,0,0,0,0,0,0,0,0,0,86,0,0,0,3,4,65,1,1,1,1,0,0,1,80,9,2,2,32,0,0
13,130778,1,2,1,6,7,11,40,12,6,1,0,13,1,72,706,72706,80,2002,1HD1GEV152Y3,1,H,D,1,G,E,V,1,5,2,Y,3,0,M,HD,FWG,RS,2,17,,,,,,,1450,0,0,000000000,00000000000,0,0,0,1,0,0,0,0,0,0,0,998,0,0,0,1,1,6,2,12,0,0,0,1,13,30501,6,1,0,0,3,3,76,225,98,0,0,0,0,0,0,0,0,0,38,0,0,0,5,4,45,1,1,2,1,3,3,11,15,1,1,1,68,1,0
13,130778,2,2,1,6,7,11,40,12,6,1,0,13,2,20,481,20481,31,2003,1GCEK19T23E2,1,G,C,E,K,1,9,T,2,3,E,2,0,T,CHEV,SK1,4C,3,17,,2,1575,1435,SIL,G,,0,0,000000000,00000000000,0,0,0,1,0,0,0,0,0,0,0,998,0,0,0,12,12,6,2,12,32,0,0,1,13,30501,6,1,0,0,3,3,72,215,98,0,0,0,0,0,0,0,0,0,0,0,0,0,5,4,45,1,1,2,1,3,3,1,17,1,1,1,69,0,0
13,130779,1,1,2,5,8,2,30,31,0,1,1,13,2,7,482,7482,31,2004,1D7HA16DX4J2,1,D,7,H,A,1,6,D,X,4,J,2,0,T,DODG,S15,PK,4,17,,2,1405,1205,RPC,G,,0,0,000000000,00000000000,0,0,0,1,0,0,0,0,0,0,0,998,0,0,0,3,3,6,2,31,0,0,0,1,13,31503,6,1,0,0,3,0,73,220,98,0,0,1,0,11,2009,11,2009,1,28,0,0,0,2,2,35,1,1,2,1,0,0,1,13,1,1,4,1,1,1
13,130780,1,1,1,13,8,5,11,34,0,1,0,13,1,18,7,18007,4,2003,2G4WS52J2311,2,G,4,W,S,5,2,J,2,3,1,1,0,P,BUIC,CCU,4D,3,17,3368,,0,1090,,G,,0,0,000000000,00000000000,0,0,0,1,0,0,0,0,0,0,0,56,0,1,6,14,98,6,2,1,0,0,0,1,13,31907,6,1,0,0,3,0,68,150,98,0,0,0,0,0,0,0,0,1,0,0,0,0,1,2,35,3,2,2,1,0,0,14,6,1,2,4,7,1,1
13,130781,1,1,2,30,8,12,48,34,0,1,0,13,1,49,403,49403,14,2007,JTEDP21A6701,J,T,E,D,P,2,1,A,6,7,0,1,0,P,TOYT,HIG,UT,7,17,3704,,0,1069,,G,,0,0,000000000,00000000000,0,0,0,1,0,0,0,0,0,0,0,998,0,0,0,14,12,6,2,43,0,0,0,1,13,31060,6,1,0,0,3,3,65,170,98,0,0,0,0,0,0,0,0,0,0,0,0,0,2,2,55,1,1,2,1,28,3,1,13,1,1,4,1,1,0
13,130782,1,2,1,1,9,10,26,12,6,1,0,13,1,49,472,49472,30,2003,5TENL42N03Z2,5,T,E,N,L,4,2,N,0,3,Z,2,0,T,TOYT,REG,PK,3,17,,1,0,1033,TAC,G,,0,0,000000000,00000000000,0,0,0,1,0,0,0,0,0,0,0,998,0,0,0,3,3,6,2,12,0,0,0,1,13,30506,6,1,0,0,3,3,69,180,98,0,0,0,0,0,0,0,0,0,38,0,0,0,2,2,55,1,1,2,1,0,0,11,15,1,1,2,68,1,0
13,130782,2,2,7,1,9,10,26,12,6,1,0,13,3,98,981,98981,51,2003,2PCY33497310,2,P,C,Y,3,3,4,9,7,3,1,0,0,U,,,,3,17,,,,,,,,0,57,587278,57587278,3,21,22,1,0,0,0,0,5,0,0,998,0,0,0,12,12,4,1,12,0,0,0,1,13,30533,6,1,6,0,3,3,70,190,98,0,0,0,0,0,0,0,0,0,0,0,0,0,2,2,55,1,1,2,1,0,0,1,66,1,1,1,69,0,0
13,130783,1,2,1,4,9,14,53,12,2,1,0,13,1,53,706,53706,80,2005,JS1VS55A3521,J,S,1,V,S,5,5,A,3,5,2,1,0,M,SUZI,C50,RS,5,17,,,,,,,805,0,0,000000000,00000000000,0,0,0,1,0,0,0,0,0,0,0,998,0,0,0,12,12,6,2,12,32,0,0,1,13,30188,6,1,0,0,3,3,61,180,98,0,0,0,0,0,0,0,0,0,28,0,0,0,1,2,55,1,3,2,1,0,0,1,10,99,1,2,50,1,0
13,130783,2,2,2,4,9,14,53,12,2,1,0,18,1,12,481,12481,31,2006,1FTPX045X6KB,1,F,T,P,X,0,4,5,X,6,K,B,0,T,FORD,F15,4C,6,17,,2,0,1450,COF,G,,0,0,000000000,00000000000,0,0,0,1,0,0,0,0,0,0,0,998,0,0,0,12,12,6,2,12,0,0,0,1,18,47552,6,1,0,0,3,3,65,160,0,0,0,0,0,0,0,0,0,0,0,0,0,0,1,2,55,1,3,2,1,0,0,1,62,9,2,2,51,0,0
13,130784,1,2,1,4,9,3,37,12,1,1,0,13,1,34,36,34036,2,2006,WBSEH93416B7,W,B,S,E,H,9,3,4,1,6,B,7,0,P,BMW,M6S,CP,6,17,0,,0,0,,G,,0,0,000000000,00000000000,0,0,0,1,0,0,0,0,0,0,0,998,0,0,0,12,12,6,2,12,0,0,1,1,13,30087,1,1,0,0,2,0,74,195,98,1,0,3,2,10,2008,8,2010,0,26,0,0,0,3,4,60,1,1,2,1,0,0,1,51,99,1,1,24,0,1
13,130784,2,2,4,4,9,3,37,12,1,1,0,13,2,6,41,6041,4,1996,2C3HD56T8TH3,2,C,3,H,D,5,6,T,8,T,H,3,0,P,CHRY,CXL,4D,96,17,3375,,0,1130,,G,,0,0,000000000,00000000000,0,0,0,1,0,0,0,0,0,0,0,998,0,0,0,6,6,6,2,12,0,0,1,1,13,30318,6,7,0,0,3,0,57,150,98,0,0,0,0,0,0,0,0,0,0,0,0,0,3,4,60,1,1,2,1,0,0,1,53,1,1,1,25,1,0
13,130785,1,2,1,5,9,9,28,12,6,1,0,13,2,12,471,12471,30,1992,1FTCR10A1NUB,1,F,T,C,R,1,0,A,1,N,U,B,0,T,FORD,RNG,PK,92,17,,1,1139,1079,RNG,G,,0,0,000000000,00000000000,0,0,0,1,0,0,0,0,0,0,0,998,0,0,0,11,11,6,2,12,32,0,0,1,13,31602,6,2,0,0,3,3,68,138,98,0,0,0,0,0,0,0,0,0,39,0,0,0,1,4,45,1,1,2,1,3,3,1,17,1,1,1,88,0,0
13,130785,2,2,1,5,9,9,28,12,6,1,0,13,1,6,43,6043,4,2004,1C3EL46XX4N3,1,C,3,E,L,4,6,X,X,4,N,3,0,P,CHRY,SLX,4D,4,17,3106,,0,1080,,G,,0,0,000000000,00000000000,0,0,0,1,0,0,0,0,0,0,0,998,0,0,0,11,11,6,2,12,32,0,0,1,13,31602,6,1,0,0,3,3,66,150,98,0,0,0,0,0,0,0,0,0,0,0,0,0,1,4,45,1,1,2,1,3,3,1,17,1,1,1,89,1,0
13,130786,1,1,2,5,9,13,46,24,0,1,0,13,2,77,706,77706,80,2003,5VPTD16DX330,5,V,P,T,D,1,6,D,X,3,3,0,0,M,VCTY,TDD,RS,3,17,,,,,,,1507,0,0,000000000,00000000000,0,0,0,1,0,0,0,0,0,0,0,998,0,0,0,12,12,4,3,24,0,0,0,1,13,30041,6,1,0,0,3,3,74,200,98,0,0,1,0,2,2008,2,2008,0,29,0,0,0,1,2,55,3,2,2,1,0,0,14,13,1,1,4,1,1,0
13,130787,1,2,1,5,9,4,14,12,2,1,0,13,2,24,1,24001,4,1995,1G8ZG5281SZ2,1,G,8,Z,G,5,2,8,1,S,Z,2,0,P,STRN,SL1,4D,95,17,2222,,0,1024,,G,,0,0,000000000,00000000000,0,0,0,1,0,0,0,0,0,0,0,998,0,0,0,12,12,6,2,12,0,0,0,1,13,30054,1,1,0,0,2,0,72,175,98,3,0,2,5,10,2008,6,2010,1,28,0,0,0,1,3,55,1,1,8,1,0,0,1,10,1,1,2,50,1,1
13,130787,2,2,2,5,9,4,14,12,2,1,0,13,1,23,421,23421,15,2002,1GKEK13ZX2R2,1,G,K,E,K,1,3,Z,X,2,R,2,0,T,GMC,YUK,4W,2,17,,2,0,1160,YUK,F,,0,0,000000000,00000000000,0,0,0,1,0,0,0,0,0,0,0,998,0,0,0,12,12,6,2,12,0,0,0,1,13,30601,6,1,0,0,3,0,65,125,98,0,0,0,1,12,2009,12,2009,0,0,0,0,0,1,3,55,1,1,8,1,0,0,1,62,1,1,1,51,0,1
13,130788,1,1,1,6,9,2,6,53,0,1,0,13,1,49,40,49040,4,2005,4T1BE32KX5U4,4,T,1,B,E,3,2,K,X,5,U,4,0,P,TOYT,XLL,4D,5,17,3108,,0,1071,,G,,0,0,000000000,00000000000,0,0,0,1,0,0,0,0,0,0,0,998,0,0,0,12,12,6,2,32,0,0,0,1,13,31602,0,0,0,0,0,0,999,999,98,0,0,0,0,0,0,0,0,1,29,0,0,0,1,2,55,2,1,8,1,0,0,14,6,99,1,4,6,1,1
13,130789,1,1,1,7,9,11,59,42,0,1,0,13,1,19,421,19421,15,2000,1GYEK63RXYR1,1,G,Y,E,K,6,3,R,X,Y,R,1,0,P,CADI,ESC,UT,0,17,5573,,0,1175,,G,,0,0,000000000,00000000000,0,0,0,1,0,0,0,0,0,0,0,998,0,0,0,9,9,6,2,42,0,0,1,1,13,30252,6,1,0,0,3,0,64,148,98,0,0,0,0,0,0,0,0,0,85,29,0,0,3,3,65,1,1,2,1,0,0,17,12,6,1,4,6,1,0
13,130790,1,2,1,1,10,8,58,12,6,1,0,13,1,41,45,41045,1,1999,JM1NB3531X01,J,M,1,N,B,3,5,3,1,X,0,1,0,P,MAZD,MIA,CV,99,17,2299,,0,892,,G,,0,0,000000000,00000000000,0,0,0,1,0,0,0,0,0,0,0,998,0,0,0,4,4,6,2,12,0,0,0,1,13,30108,6,1,0,0,3,0,67,135,98,0,0,0,0,0,0,0,0,0,28,0,0,0,1,4,55,1,3,2,1,0,0,15,10,1,4,2,64,1,0
13,130790,2,2,1,1,10,8,58,12,6,1,0,13,1,55,401,55401,14,2003,KM8SC13D23U3,K,M,8,S,C,1,3,D,2,3,U,3,0,P,HYUN,SAN,UT,3,17,3549,,0,1031,,G,,0,0,000000000,00000000000,0,0,0,1,0,0,0,0,0,0,0,998,0,0,0,12,12,6,2,12,0,0,0,1,13,30263,6,1,0,0,3,3,62,200,98,0,0,0,0,0,0,0,0,0,0,0,0,0,1,4,55,1,3,2,1,0,0,1,62,1,1,1,65,0,0
13,130791,1,2,2,1,10,11,25,12,1,1,0,13,2,13,1,13001,4,1991,1LNCM83W6MY7,1,L,N,C,M,8,3,W,6,M,Y,7,0,P,LINC,CAR,4D,91,17,4072,,0,1174,,G,,0,0,000000000,00000000000,0,0,0,1,0,0,0,0,0,0,0,998,0,0,0,6,63,6,2,12,0,0,0,1,13,39861,6,1,0,0,3,0,70,184,98,0,0,0,0,0,0,0,0,0,31,38,28,0,1,4,35,1,1,2,1,0,0,8,8,1,7,2,92,1,0
13,130791,2,2,1,1,10,11,25,12,1,1,0,13,3,85,881,85881,63,2006,1NKDLU9X76R1,1,N,K,D,L,U,9,X,7,6,R,1,1,T,KW,T80,TM,6,17,,8,2600,1600,CON,D,,1,57,718245,57718245,3,2,1,1,0,0,0,0,0,0,0,998,0,0,0,12,12,4,1,12,0,0,0,1,48,78577,6,1,6,0,9,0,999,999,0,0,0,0,1,7,2009,7,2009,0,0,0,0,0,1,4,35,1,1,2,1,0,0,1,62,1,1,1,93,0,0
13,130792,1,2,1,3,10,0,8,12,7,1,0,13,1,13,421,13421,15,2002,5LMFU28R52LJ,5,L,M,F,U,2,8,R,5,2,L,J,0,P,LINC,NAV,UT,2,17,5746,,0,1190,,G,,0,0,000000000,00000000000,0,0,0,1,0,0,0,0,0,0,0,998,0,1,1,2,98,6,2,1,0,0,0,1,13,30106,6,1,0,0,3,0,76,275,98,0,0,0,0,0,0,0,0,0,28,0,0,0,3,3,60,1,6,2,1,0,0,1,11,1,1,2,44,0,1
13,130792,2,2,1,3,10,0,8,12,7,1,0,13,2,12,422,12422,15,2002,1FMRU17L32LA,1,F,M,R,U,1,7,L,3,2,L,A,0,P,FORD,EPT,UT,2,17,4965,,0,1191,,G,,0,0,000000000,00000000000,0,0,0,1,0,0,0,0,0,0,0,998,0,0,0,7,7,6,2,12,0,0,0,1,13,30096,0,0,0,0,0,0,999,999,98,0,0,0,0,0,0,0,0,0,0,0,0,0,3,3,60,1,6,2,1,0,0,1,60,1,1,1,45,1,0
13,130793,1,1,16,4,10,13,39,32,0,1,0,94,3,90,981,90981,50,2010,1BAKGCPAXAF2,1,B,A,K,G,C,P,A,X,A,F,2,0,U,,,,,17,,,,,,,,0,88,888888888,88888888888,2,21,22,1,0,0,0,0,1,0,0,998,0,1,6,14,98,6,2,1,0,0,0,1,13,30180,6,1,6,1,3,0,61,170,98,0,0,0,0,0,0,0,0,0,58,0,0,0,1,2,55,1,1,2,1,0,0,1,13,8,1,4,1,1,0
13,130794,1,2,1,5,10,19,28,12,1,1,0,13,2,37,31,37031,4,2004,2HGES16514H5,2,H,G,E,S,1,6,5,1,4,H,5,0,P,HOND,UCL,4D,4,17,2515,,0,1031,,G,,0,0,000000000,00000000000,0,0,0,1,0,0,0,0,0,0,0,998,0,1,1,12,12,6,2,1,0,0,0,1,13,30736,6,1,0,0,3,0,69,140,98,0,0,0,1,8,2010,8,2010,0,26,0,0,0,1,3,55,2,2,2,1,0,0,14,51,1,1,1,24,0,1
13,130794,2,2,1,5,10,19,28,12,1,1,0,47,1,12,999,12999,99,1992,999999999999,9,9,9,9,9,9,9,9,9,9,9,9,0,U,,,,9,17,,,,,,,,0,0,000000000,00000000000,0,0,0,1,0,0,0,0,0,0,0,998,0,0,0,6,6,6,2,42,0,0,0,1,13,30736,6,1,0,0,3,3,74,215,98,0,0,0,0,0,0,0,0,0,0,0,0,0,1,3,55,2,2,2,1,0,0,14,53,1,1,1,25,1,0
13,130795,1,4,1,5,10,20,16,12,1,1,1,13,9,42,39,42039,4,1991,WDBDA28D8MF7,W,D,B,D,A,2,8,D,8,M,F,7,0,P,MERZ,19E,4D,91,17,2915,,0,1049,,G,,0,0,000000000,00000000000,0,0,0,1,0,0,0,0,0,0,0,998,0,0,0,12,12,6,4,12,0,0,0,1,99,99999,9,9,99,9,9,9,999,999,99,99,99,99,99,99,9999,99,9999,9,26,0,0,0,1,2,45,1,3,2,1,3,3,1,50,1,1,1,20,0,0
13,130795,2,4,1,5,10,20,16,12,1,1,0,13,1,12,37,12037,2,2001,3FAFP31361R1,3,F,A,F,P,3,1,3,6,1,R,1,0,P,FORD,FZX,3P,1,17,2550,,0,1030,,G,,0,0,000000000,00000000000,0,0,0,1,0,0,0,0,0,0,0,0,0,0,0,6,98,6,2,12,0,0,0,1,13,30088,6,1,0,0,3,3,76,225,98,0,0,0,0,0,0,0,0,0,0,0,0,0,1,2,45,1,3,2,1,3,3,5,53,1,1,1,21,1,0
13,130795,3,4,1,5,10,20,16,12,1,1,0,13,2,37,32,37032,4,1993,1HGCB7659PA1,1,H,G,C,B,7,6,5,9,P,A,1,0,P,HOND,ALX,4D,93,17,2504,,0,1071,,G,,0,0,000000000,00000000000,0,0,0,1,0,0,0,0,0,0,0,0,0,0,0,6,98,6,2,12,0,0,0,1,13,30310,6,1,0,0,3,0,63,140,98,0,0,0,0,0,0,0,0,0,0,0,0,0,1,2,45,1,3,2,1,3,3,5,53,1,1,1,98,0,0
13,130795,4,4,2,5,10,20,16,12,1,1,0,13,1,12,471,12471,30,1994,1FTCR10A6RTA,1,F,T,C,R,1,0,A,6,R,T,A,0,T,FORD,RNG,PK,94,17,,1,1140,1080,RNG,G,,0,0,000000000,00000000000,0,0,0,1,0,0,0,0,0,0,0,0,0,0,0,6,6,2,3,12,0,0,0,1,13,30038,6,1,0,0,3,0,69,195,98,0,0,0,1,8,2010,8,2010,0,0,0,0,0,1,2,45,1,3,2,1,3,3,5,53,1,1,1,98,0,0
13,130796,1,1,3,5,10,13,20,1,0,1,0,13,2,23,481,23481,31,1985,1GTGK24M4FS5,1,G,T,G,K,2,4,M,4,F,S,5,1,T,GMC,K25,PK,85,17,,2,0,1315,K25,G,,1,0,000000000,00000000000,0,0,0,1,0,0,0,0,0,0,0,998,0,2,3,0,0,6,2,1,0,0,0,1,13,31024,6,1,6,0,3,0,72,225,98,0,0,0,0,0,0,0,0,0,0,0,0,0,3,2,65,1,2,2,1,0,0,1,9,6,2,4,7,1,0
13,130797,1,1,1,5,10,8,8,59,0,1,0,93,3,51,881,51881,66,2006,4V4NC9GH76N4,4,V,4,N,C,9,G,H,7,6,N,4,1,T,VOLV,VNL,DS,6,17,,8,0,0,VVN,D,,1,57,1980141,571980141,3,6,2,1,0,0,0,0,0,0,0,998,0,1,6,3,12,6,2,42,0,0,0,1,1,35096,6,1,6,0,3,0,72,190,0,0,0,0,0,0,0,0,0,0,0,0,0,0,3,2,55,3,2,2,1,98,8,14,11,1,1,4,1,1,0
13,130798,1,1,1,5,10,22,33,33,0,1,0,13,1,72,706,72706,80,1994,1HD4CAM38RY2,1,H,D,4,C,A,M,3,8,R,Y,2,0,M,HD,XL8,RS,94,17,,,,,,,883,0,0,000000000,00000000000,0,0,0,1,0,0,0,0,0,0,0,998,0,0,0,12,12,6,2,5,0,0,0,1,13,30909,6,1,0,0,3,0,71,185,98,0,0,0,0,0,0,0,0,0,0,0,0,0,3,3,45,1,2,2,1,0,0,1,10,1,1,4,6,1,1
13,130799,1,1,1,6,10,6,25,8,0,1,0,48,1,12,481,12481,31,1995,1FTDF15Y3SNA,1,F,T,D,F,1,5,Y,3,S,N,A,0,T,FORD,F15,PK,95,17,,1,1330,1170,COF,G,,0,0,000000000,00000000000,0,0,0,1,0,0,0,0,0,0,0,998,0,0,0,12,12,4,3,8,0,0,0,1,48,76060,6,1,0,0,3,3,999,999,0,0,0,0,0,0,0,0,0,0,0,0,0,0,1,4,35,1,1,2,1,3,3,1,80,1,1,1,13,0,0
13,130800,1,2,2,6,10,17,18,12,1,1,0,13,2,49,40,49040,4,1994,JT2SK12E0R01,J,T,2,S,K,1,2,E,0,R,0,1,0,P,TOYT,CLE,4D,94,17,3086,,0,1031,,G,,0,0,000000000,00000000000,0,0,0,1,0,0,0,0,0,0,0,998,0,0,0,12,12,6,2,12,0,0,0,1,13,30248,6,2,0,0,3,0,72,145,98,0,0,0,0,0,0,0,0,0,28,58,0,0,1,2,55,1,2,2,1,0,0,1,51,1,2,2,24,1,0
13,130800,2,2,4,6,10,17,18,12,1,1,0,13,3,12,880,12880,67,1999,1FTWW32F0XEC,1,F,T,W,W,3,2,F,0,X,E,C,0,T,FORD,F3D,CW,99,17,,3,1720,1560,DRW,D,,0,57,1278514,571278514,2,1,97,1,0,0,0,0,0,0,0,998,0,0,0,6,6,6,2,12,0,0,0,1,13,30014,6,1,0,0,3,0,71,205,98,0,0,0,0,0,0,0,0,0,0,0,0,0,1,2,55,1,2,2,1,0,0,1,53,1,1,1,25,0,0
13,130801,1,1,1,7,10,17,43,8,0,1,1,13,2,2,404,2404,14,1996,1J4EZ78Y6TC1,1,J,4,E,Z,7,8,Y,6,T,C,1,0,T,JEEP,LMT,4W,96,17,,1,0,1059,GCK,G,,0,0,000000000,00000000000,0,0,0,1,0,0,0,0,0,0,0,998,0,0,0,12,12,4,3,8,32,0,0,1,13,30094,6,1,0,0,3,0,64,150,98,0,0,0,0,0,0,0,0,0,86,0,0,0,1,2,45,1,1,2,1,0,0,1,80,1,1,2,13,0,0
13,130802,1,1,1,8,10,15,12,35,0,1,0,13,1,12,471,12471,30,1996,1FTCR10A7TUD,1,F,T,C,R,1,0,A,7,T,U,D,0,T,FORD,RNG,PK,96,17,,1,1140,1080,RNG,G,,0,0,000000000,00000000000,0,0,0,1,0,0,0,0,0,0,0,998,0,1,6,14,98,6,2,1,32,0,0,1,13,30747,6,1,0,0,3,0,71,230,98,6,2,0,0,7,2008,6,2009,0,0,0,0,0,1,2,55,3,3,2,1,98,8,14,8,1,4,4,7,1,0
13,130803,1,2,1,8,10,8,0,12,6,1,0,13,1,12,17,12017,4,2005,1FAFP532X5A1,1,F,A,F,P,5,3,2,X,5,A,1,0,P,FORD,TSE,4D,5,17,3306,,0,1085,,F,,0,0,000000000,00000000000,0,0,0,1,0,0,0,0,0,0,0,998,0,0,0,9,9,6,2,12,0,0,0,1,13,31027,6,1,0,0,3,3,60,130,98,0,0,0,0,0,0,0,0,0,39,0,0,0,1,2,55,1,1,2,1,20,3,1,17,1,1,1,89,1,0
13,130803,2,2,2,8,10,8,0,12,6,1,0,13,2,12,442,12442,20,1999,2FMZA5249XBC,2,F,M,Z,A,5,2,4,9,X,B,C,0,T,FORD,WSE,ES,99,17,,1,0,1207,WIN,G,,0,0,000000000,00000000000,0,0,0,1,0,0,0,0,0,0,0,998,0,0,0,12,12,6,2,12,0,0,0,1,13,31021,6,1,0,0,3,0,65,180,98,0,0,0,0,0,0,0,0,0,0,0,0,0,1,2,45,1,1,2,1,0,0,1,66,1,1,1,88,0,0
13,130804,1,2,2,9,10,18,42,12,2,1,0,13,1,37,31,37031,4,1994,1HGEG8540RL0,1,H,G,E,G,8,5,4,0,R,L,0,0,P,HOND,CDL,4D,94,17,2250,,0,1032,,G,,0,0,000000000,00000000000,0,0,0,1,0,0,0,0,0,0,0,998,0,1,6,12,98,6,2,1,0,0,0,1,13,30814,6,1,0,0,3,0,70,130,98,1,0,1,2,4,2008,8,2009,1,0,0,0,0,1,2,45,1,2,2,1,0,0,1,17,2,1,1,69,1,0
13,130804,2,2,1,9,10,18,42,12,2,1,0,13,2,7,482,7482,31,1997,3B7HC13Y2VG7,3,B,7,H,C,1,3,Y,2,V,G,7,0,T,DODG,150,PC,97,17,,2,1547,1387,RPC,G,,0,0,000000000,00000000000,0,0,0,1,0,0,0,0,0,0,0,998,0,0,0,12,12,6,2,12,0,0,0,1,13,30907,6,1,0,0,3,3,74,135,98,0,0,0,0,0,0,0,0,0,48,0,0,0,1,2,45,1,2,2,1,0,0,11,15,1,1,2,68,0,0
13,130805,1,1,1,9,10,9,4,8,0,1,0,13,1,2,403,2403,14,2010,1J4BA3H18AL1,1,J,4,B,A,3,H,1,8,A,L,1,0,T,JEEP,WSS,4W,10,17,,1,0,1160,WUL,G,,0,0,000000000,00000000000,0,0,0,1,0,0,0,0,0,0,0,998,0,0,0,12,12,2,3,8,0,0,0,1,13,30052,6,1,6,0,3,0,68,193,98,0,0,0,0,0,0,0,0,0,86,0,0,0,1,2,35,1,2,2,1,0,0,1,80,1,1,1,13,0,0
13,130806,1,2,3,9,10,11,50,12,6,1,0,13,1,12,401,12401,14,2002,1FMZU63W42UB,1,F,M,Z,U,6,3,W,4,2,U,B,0,P,FORD,EPR,UT,2,17,4163,,0,1137,,G,,0,0,000000000,00000000000,0,0,0,1,0,0,0,0,0,0,0,998,0,0,0,12,12,4,3,12,0,0,0,1,13,30093,1,1,0,0,2,0,65,155,98,6,0,0,2,8,2008,9,2010,0,38,0,0,0,1,2,45,1,1,2,1,3,3,1,17,1,1,1,88,0,0
13,130806,2,2,2,9,10,11,50,12,6,1,0,13,2,47,35,47035,4,2001,YS3DF58K9120,Y,S,3,D,F,5,8,K,9,1,2,0,0,P,SAA,93E,4H,1,17,3120,,0,1026,,G,,0,0,000000000,00000000000,0,0,0,1,0,0,0,0,0,0,0,998,0,1,1,62,62,6,2,12,0,0,0,1,13,30046,6,2,0,0,3,0,70,135,98,0,0,0,0,0,0,0,0,0,0,0,0,0,1,3,40,1,1,2,1,3,3,1,17,1,1,1,89,1,0
13,130807,1,2,2,11,10,8,51,12,6,1,0,13,2,35,47,35047,4,1995,1N4BU31D0SC1,1,N,4,B,U,3,1,D,0,S,C,1,0,P,NISS,AGS,4D,95,17,2800,,0,1031,,G,,0,0,000000000,00000000000,0,0,0,1,0,0,0,0,0,0,0,998,0,1,6,12,12,6,2,12,0,0,0,1,13,30215,6,1,0,0,3,0,68,138,98,0,0,0,0,0,0,0,0,0,39,0,0,0,1,2,35,1,2,2,1,20,3,1,17,1,1,1,88,0,0
13,130807,2,2,1,11,10,8,51,12,6,1,0,13,3,49,422,49422,15,2004,5TDZT34AX4S2,5,T,D,Z,T,3,4,A,X,4,S,2,0,P,TOYT,SEQ,UT,4,17,5070,,0,1181,,G,,0,0,000000000,00000000000,0,0,0,1,0,0,0,0,0,0,0,998,0,0,0,11,11,6,2,12,0,0,0,1,13,30215,6,1,0,0,3,0,70,200,98,0,0,0,0,0,0,0,0,0,0,0,0,0,1,2,45,1,2,2,1,0,0,1,17,1,1,1,89,1,0
13,130808,1,1,1,12,10,23,22,35,0,1,0,13,1,20,481,20481,31,1988,1GCDC14K4JZ2,1,G,C,D,C,1,4,K,4,J,Z,2,0,T,CHEV,GC1,PK,88,17,,1,1315,1175,GM4,G,,0,0,000000000,00000000000,0,0,0,1,0,0,0,0,0,0,0,998,0,1,6,14,98,6,2,1,0,0,0,1,13,30143,6,1,0,0,3,0,69,150,98,0,0,0,0,0,0,0,0,0,58,0,0,0,1,2,55,3,2,2,1,98,8,14,13,6,1,4,6,1,1