STATE,ST_CASE,VEH_NO,VE_FORMS,NUMOCCS,DAY,MONTH,HOUR,MINUTE,HARM_EV,MAN_COLL,UNITTYPE,HIT_RUN,REG_STAT,OWNER,MAKE,MODEL,MAK_MOD,BODY_TYP,MOD_YEAR,VIN,VIN_1,VIN_2,VIN_3,VIN_4,VIN_5,VIN_6,VIN_7,VIN_8,VIN_9,VIN_10,VIN_11,VIN_12,TOW_VEH,VINTYPE,VINMAKE,VINA_MOD,VIN_BT,VINMODYR,VIN_LNGT,VIN_WGT,WGTCD_TR,WHLBS_LG,WHLBS_SH,SER_TR,FUELCODE,MCYCL_DS,J_KNIFE,MCARR_I1,MCARR_I2,MCARR_ID,GVWR,V_CONFIG,CARGO_BT,HAZ_INV,HAZ_PLAC,HAZ_ID,HAZ_CNO,HAZ_REL,BUS_USE,SPEC_USE,EMER_USE,TRAV_SP,UNDERIDE,ROLLOVER,ROLINLOC,IMPACT1,IMPACT2,DEFORMED,TOWED,M_HARM,VEH_SC1,VEH_SC2,FIRE_EXP,DR_PRES,L_STATE,DR_ZIP,L_STATUS,L_TYPE,CDL_STAT,L_ENDORS,L_COMPL,L_RESTRI,DR_HGT,DR_WGT,PREV_ACC,PREV_SUS,PREV_DWI,PREV_SPD,PREV_OTH,FIRST_MO,FIRST_YR,LAST_MO,LAST_YR,SPEEDREL,DR_SF1,DR_SF2,DR_SF3,DR_SF4,VTRAFWAY,VNUM_LAN,VSPD_LIM,VALIGN,VPROFILE,VPAVETYP,VSURCOND,VTRAFCON,VTCONT_F,P_CRASH1,P_CRASH2,P_CRASH3,PCRASH4,PCRASH5,ACC_TYPE,DEATHS,DR_DRINK
13,130809,1,1,1,13,10,7,38,35,0,1,0,13,1,12,471,12471,30,1990,1FTCR14X8LPB,1,F,T,C,R,1,4,X,8,L,P,B,0,T,FORD,RNS,PS,90,17,,1,0,1250,RNG,G,,0,0,000000000,00000000000,0,0,0,1,0,0,0,0,0,0,0,998,0,0,0,12,12,6,2,35,32,0,0,1,13,30108,6,1,0,0,3,3,67,150,98,0,0,0,0,0,0,0,0,0,0,0,0,0,1,2,55,1,6,2,1,98,8,1,8,1,9,4,6,1,0
13,130810,1,2,1,13,10,21,47,12,1,1,0,13,1,37,705,37705,80,1987,JH2RC190XHM3,J,H,2,R,C,1,9,0,X,H,M,3,0,M,HOND,V70,RS,87,17,,,,,,,700,0,0,000000000,00000000000,0,0,0,1,0,0,0,0,0,0,0,998,0,0,0,6,6,6,2,12,0,0,0,1,13,30134,6,1,0,0,3,0,70,170,98,0,0,0,0,0,0,0,0,0,23,0,0,0,1,4,55,1,1,1,1,0,0,1,53,1,1,1,25,1,0
13,130810,2,2,1,13,10,21,47,12,1,1,0,13,1,20,2,20002,4,2005,2G1WF55E3591,2,G,1,W,F,5,5,E,3,5,9,1,0,P,CHEV,IMP,4D,5,17,3389,,0,1105,,G,,0,0,000000000,00000000000,0,0,0,1,0,0,0,0,0,0,0,998,0,0,0,12,12,4,1,12,0,0,0,1,13,30135,6,1,0,0,3,0,74,275,98,0,0,1,0,1,2010,1,2010,0,0,0,0,0,1,4,55,1,1,1,1,0,0,1,51,1,1,1,24,0,0
13,130811,1,1,1,16,10,22,55,8,0,1,1,99,9,99,999,99999,99,9999,999999999999,9,9,9,9,9,9,9,9,9,9,9,9,9,U,,,,9,17,,,,,,,,0,99,999999999,99999999999,9,99,99,1,0,0,0,0,0,0,0,998,0,0,0,12,12,9,1,8,99,99,0,1,99,99999,9,9,99,9,9,9,999,999,99,99,99,99,99,99,9999,99,9999,9,86,0,0,0,1,2,50,1,2,2,1,0,0,1,80,99,1,1,13,0,0
13,130812,1,1,1,17,10,3,11,8,0,1,0,13,1,35,472,35472,30,2005,1N6AD06U95C4,1,N,6,A,D,0,6,U,9,5,C,4,0,T,NISS,KEO,PC,5,17,,1,0,1259,FRT,G,,0,0,000000000,00000000000,0,0,0,1,0,0,0,0,0,0,0,998,0,0,0,12,12,2,1,8,0,0,0,1,13,30127,6,1,6,0,3,0,71,275,98,0,0,0,0,0,0,0,0,0,86,0,0,0,2,4,65,1,1,1,1,0,0,1,80,1,1,1,13,0,0
13,130813,1,2,1,17,10,13,14,12,6,1,0,13,2,20,481,20481,31,1999,1GCEK19T5XE1,1,G,C,E,K,1,9,T,5,X,E,1,0,T,CHEV,SK1,3C,99,17,,2,1575,1435,SIL,G,,0,0,000000000,00000000000,0,0,0,1,0,0,0,0,0,0,0,998,0,0,0,12,12,6,2,12,0,0,0,1,13,30157,6,2,0,0,3,0,68,185,98,0,0,0,0,0,0,0,0,0,38,0,0,0,1,2,45,3,2,2,1,0,0,11,15,1,1,1,68,0,0
13,130813,2,2,4,17,10,13,14,12,6,1,0,13,2,30,46,30046,4,2010,WVWNN7AN4AE5,W,V,W,N,N,7,A,N,4,A,E,5,0,P,VOLK,CCS,4D,10,17,3330,,0,1067,,G,,0,0,000000000,00000000000,0,0,0,1,0,0,0,0,0,0,0,998,0,0,0,11,11,6,2,12,0,0,0,1,13,30134,6,1,0,0,3,0,74,225,98,1,0,2,0,1,2008,6,2008,0,0,0,0,0,1,2,45,3,2,2,1,0,0,14,62,1,1,2,69,1,0
13,130814,1,4,1,21,10,17,46,12,1,1,0,93,3,87,881,87881,66,2009,1XP7D49X29D7,1,X,P,7,D,4,9,X,2,9,D,7,1,T,PTRB,387,DS,9,17,,8,0,0,CON,D,,1,57,003706,57003706,3,6,1,1,0,0,0,0,0,0,0,998,0,0,0,12,12,4,3,12,0,0,0,1,45,28036,6,1,6,0,3,0,80,300,1,1,0,0,0,1,2008,9,2008,0,26,0,0,0,3,3,65,1,1,2,1,0,0,1,51,1,1,1,24,0,0
13,130814,2,4,1,21,10,17,46,12,1,1,0,13,1,20,471,20471,30,2003,1GCCS19H2381,1,G,C,C,S,1,9,H,2,3,8,1,0,T,CHEV,S14,3C,3,17,,1,0,1229,S,G,,0,0,000000000,00000000000,0,0,0,1,0,0,0,0,0,0,0,998,0,0,0,6,12,6,2,12,0,0,0,1,13,30458,6,1,0,0,3,3,66,114,98,0,0,3,0,12,2007,11,2009,0,0,0,0,0,3,3,65,1,1,2,1,0,0,1,53,1,1,1,25,1,0
13,130814,3,4,1,21,10,17,46,12,1,1,0,13,2,20,481,20481,31,2005,1GCHC23U25F8,1,G,C,H,C,2,3,U,2,5,F,8,0,T,CHEV,2CH,CW,5,17,,2,1670,1530,SIL,G,,0,0,000000000,00000000000,0,0,0,1,0,0,0,0,0,0,0,998,0,0,0,6,12,6,2,12,0,0,0,1,13,31326,6,1,0,0,3,0,64,120,98,0,0,0,0,0,0,0,0,0,0,0,0,0,3,3,65,1,1,2,1,0,0,1,53,1,1,1,98,0,0
13,130814,4,4,3,21,10,17,46,12,1,1,0,13,1,37,402,37402,14,2002,JHLRD68452C0,J,H,L,R,D,6,8,4,5,2,C,0,0,P,HOND,CRV,UT,2,17,3201,,0,1031,,G,,0,0,000000000,00000000000,0,0,0,1,0,0,0,0,0,0,0,998,0,0,0,6,6,6,2,12,0,0,0,1,13,31326,6,1,0,0,3,3,71,175,98,0,0,0,0,0,0,0,0,0,0,0,0,0,3,3,65,1,1,2,1,0,0,1,53,1,1,1,98,0,0
13,130815,1,1,1,21,10,13,49,38,0,1,0,13,1,12,471,12471,30,1986,1FTBR10T0GUA,1,F,T,B,R,1,0,T,0,G,U,A,0,T,FORD,RNG,PK,86,17,,1,1140,1080,RNG,G,,0,0,000000000,00000000000,0,0,0,1,0,0,0,0,0,0,0,998,0,0,0,12,12,6,2,42,0,0,0,1,13,30740,6,1,0,0,3,0,66,185,98,0,0,0,0,0,0,0,0,0,0,0,0,0,1,2,35,2,2,2,1,28,3,14,13,1,1,4,1,1,0
13,130817,1,1,1,24,10,6,33,42,0,1,0,13,1,20,481,20481,31,1990,1GCDK14K4LZ1,1,G,C,D,K,1,4,K,4,L,Z,1,0,T,CHEV,GK1,PK,90,17,,1,1415,1175,GM4,G,,0,0,000000000,00000000000,0,0,0,1,0,0,0,0,0,0,0,998,0,0,0,12,12,6,2,42,0,0,0,1,13,30179,6,1,0,0,3,0,76,280,98,0,0,0,0,0,0,0,0,0,0,0,0,0,1,2,45,3,2,2,1,28,3,14,8,1,2,4,7,1,0
13,130818,1,2,1,25,10,15,48,12,2,1,0,13,2,63,401,63401,14,1998,KNDJA7233W55,K,N,D,J,A,7,2,3,3,W,5,5,0,P,KIA,SPO,UT,98,17,3352,,0,1043,,G,,0,0,000000000,00000000000,0,0,0,1,0,0,0,0,0,0,0,998,0,0,0,12,12,6,2,12,32,0,0,1,13,30747,6,1,0,0,3,3,69,205,98,0,0,0,1,10,2010,10,2010,0,28,0,0,0,1,2,55,3,2,2,1,28,3,14,10,1,1,2,50,1,0
13,130818,2,2,3,25,10,15,48,12,2,1,0,13,1,18,2,18002,4,2003,1G4HP52KX3U1,1,G,4,H,P,5,2,K,X,3,U,1,0,P,BUIC,LCF,4D,3,17,3567,,0,1122,,G,,0,0,000000000,00000000000,0,0,0,1,0,0,0,0,0,0,0,998,0,0,0,12,12,6,2,12,0,0,0,1,13,30753,6,1,0,0,3,3,64,140,98,0,0,0,0,0,0,0,0,0,0,0,0,0,1,2,55,2,2,2,1,0,0,14,62,1,1,1,51,3,0
13,130819,1,2,1,25,10,22,9,12,6,1,0,13,1,12,481,12481,31,1998,1FTZX0762WKA,1,F,T,Z,X,0,7,6,2,W,K,A,0,T,FORD,F15,3C,98,17,,1,0,1390,COF,G,,0,0,000000000,00000000000,0,0,0,1,0,0,0,0,0,0,0,998,0,0,0,81,81,6,2,12,0,0,0,1,13,31015,6,8,0,0,3,3,78,305,98,2,1,0,2,8,2010,8,2010,0,28,58,0,0,1,2,55,1,1,2,1,0,0,1,8,1,1,6,66,1,0
13,130819,2,2,1,25,10,22,9,12,6,1,0,13,1,20,481,20481,31,2003,1GCHC29U93E1,1,G,C,H,C,2,9,U,9,3,E,1,0,T,CHEV,2CH,4C,3,17,,2,1575,1435,SIL,G,,0,0,000000000,00000000000,0,0,0,1,0,0,0,0,0,0,0,998,0,0,0,12,12,6,2,12,0,0,0,1,13,31719,6,1,0,0,3,0,71,180,98,0,0,1,0,9,2009,9,2009,0,0,0,0,0,1,2,55,1,1,2,1,0,0,1,62,1,1,1,66,0,0
13,130820,1,1,1,28,10,4,16,8,0,1,0,13,1,12,481,12481,31,2000,1FTRX17W4YNA,1,F,T,R,X,1,7,W,4,Y,N,A,0,T,FORD,F15,4C,0,17,,2,1571,1385,COF,G,,0,0,000000000,00000000000,0,0,0,1,0,0,0,0,0,0,0,998,0,0,0,1,1,4,3,8,0,0,0,1,13,30277,6,1,6,0,3,3,67,190,98,0,0,0,0,0,0,0,0,0,86,0,0,0,2,2,55,1,1,2,2,0,0,15,80,1,1,1,13,0,0
13,130821,1,1,0,29,10,12,38,8,0,1,0,13,6,12,881,12881,61,1988,1FDKF37M9JNA,1,F,D,K,F,3,7,M,9,J,N,A,0,T,FORD,F35,CB,88,17,,3,1610,1330,COF,D,,0,57,883721,57883721,2,1,1,1,0,0,0,0,0,0,0,998,0,0,0,14,14,0,3,8,42,0,0,0,,,,,,,,,999,,,,,,,,,,,,0,0,0,0,1,2,25,1,1,2,1,0,0,0,80,0,0,0,98,0,0
13,130822,1,1,2,1,11,19,56,33,0,1,0,12,1,76,706,76706,80,1983,JYA26H008DA0,J,Y,A,2,6,H,0,0,8,D,A,0,0,M,YAMA,X1T,RS,83,17,,,,,,,1198,0,0,000000000,00000000000,0,0,0,1,0,0,0,0,0,0,0,998,0,0,0,12,12,6,2,33,0,0,0,1,12,33406,6,1,0,0,3,0,65,999,0,0,0,1,0,7,2008,7,2008,1,0,0,0,0,1,2,40,1,1,2,1,0,0,1,6,1,1,4,6,1,1
13,130823,1,1,1,4,10,11,21,24,0,1,0,13,1,22,22,22022,4,2009,1G2ZH57N2941,1,G,2,Z,H,5,7,N,2,9,4,1,0,P,PONT,GGT,4D,9,17,3457,,0,1123,,G,,0,0,000000000,00000000000,0,0,0,1,0,0,0,0,0,0,0,998,0,1,6,12,13,6,2,1,0,0,0,1,13,30263,6,1,0,0,3,0,75,295,98,0,0,0,0,0,0,0,0,0,0,0,0,0,2,3,65,1,1,1,1,0,0,1,11,1,1,4,1,1,0
13,130824,1,1,1,7,5,14,17,35,0,1,0,92,0,37,31,37031,2,1993,1HGEJ1167PL0,1,H,G,E,J,1,1,6,7,P,L,0,0,P,HOND,CEX,CP,93,17,0,,0,1013,,G,,0,0,000000000,00000000000,0,0,0,1,0,0,0,0,0,0,0,998,0,1,5,12,13,6,2,35,0,0,0,1,13,30318,6,1,6,0,3,3,74,215,98,2,0,0,3,11,2007,4,2010,0,29,36,0,0,3,4,55,1,1,8,1,0,0,15,8,99,2,4,2,1,0
13,130825,1,2,3,23,5,2,19,5,0,1,0,99,9,99,999,99999,99,9999,999999999999,9,9,9,9,9,9,9,9,9,9,9,9,0,U,,,,9,17,,,,,,,,0,0,000000000,00000000000,0,0,0,1,0,0,0,0,0,0,0,998,0,0,0,0,0,0,3,5,0,0,0,1,13,30269,6,1,0,0,3,0,70,160,98,0,0,1,1,1,2009,9,2009,0,92,0,0,0,9,9,99,9,9,9,1,0,0,1,98,1,1,1,0,1,1
13,130825,2,2,1,23,5,2,19,5,0,1,1,99,9,99,999,99999,99,9999,999999999999,9,9,9,9,9,9,9,9,9,9,9,9,0,U,,,,9,17,,,,,,,,0,0,000000000,00000000000,0,0,0,1,0,0,0,0,0,0,0,998,0,0,0,18,18,9,1,54,0,0,0,1,99,99999,9,9,99,9,9,9,999,999,99,99,99,99,99,99,9999,99,9999,9,99,99,99,99,9,9,99,9,9,9,1,0,0,99,99,99,9,9,98,0,0
13,130826,1,1,2,4,6,1,11,8,0,1,0,13,2,12,481,12481,31,1997,1FTDF1722VKD,1,F,T,D,F,1,7,2,2,V,K,D,0,T,FORD,F15,PK,97,17,,1,1390,1200,COF,G,,0,0,000000000,00000000000,0,0,0,1,0,0,0,0,0,0,0,998,0,0,0,12,12,2,3,8,0,0,0,1,13,31206,6,1,0,0,3,0,65,190,98,0,0,0,0,0,0,0,0,0,86,0,0,0,1,2,30,1,1,2,1,0,0,1,80,6,1,1,13,0,0
13,130827,1,1,1,24,6,14,5,18,0,1,0,13,1,37,32,37032,2,2002,1HGCG225X2A0,1,H,G,C,G,2,2,5,X,2,A,0,0,P,HOND,UEX,CP,2,17,3283,,0,1051,,G,,0,0,000000000,00000000000,0,0,0,1,0,0,0,0,0,0,0,998,0,0,0,12,12,6,2,18,0,0,0,1,13,30501,6,1,0,0,3,0,69,235,98,0,0,0,0,0,0,0,0,0,18,40,4,0,1,2,35,1,2,2,1,0,0,1,14,99,9,4,14,1,0
13,130828,1,2,1,24,7,10,14,12,6,1,0,13,2,7,482,7482,31,1998,1B7HC13Y8WJ1,1,B,7,H,C,1,3,Y,8,W,J,1,0,T,DODG,Q15,4C,98,17,,2,1547,1387,RPC,G,,0,0,000000000,00000000000,0,0,0,1,0,0,0,0,0,0,0,998,0,0,0,11,11,6,2,12,0,0,0,1,13,31405,6,1,0,0,3,0,72,200,98,0,0,0,0,0,0,0,0,0,38,0,0,0,4,2,35,1,1,2,1,3,3,1,17,1,1,1,89,0,0
13,130828,2,2,3,24,7,10,14,12,6,1,0,13,2,12,461,12461,21,2006,1FTNE24W56HA,1,F,T,N,E,2,4,W,5,6,H,A,0,T,FORD,25V,CG,6,17,,2,0,1380,VAN,G,,0,0,000000000,00000000000,0,0,0,1,0,0,0,0,0,0,0,998,0,0,0,12,12,6,2,12,0,0,0,1,13,31401,6,1,0,0,3,0,63,180,98,1,0,1,0,10,2009,3,2010,0,38,0,0,0,1,2,25,1,1,2,1,3,3,1,17,1,1,1,88,1,0
13,130829,1,5,1,27,8,15,30,12,7,1,0,13,1,7,442,7442,20,2003,2D4GP44L23R1,2,D,4,G,P,4,4,L,2,3,R,1,0,P,DODG,CAR,SV,3,17,3975,,0,1193,,G,,0,0,000000000,00000000000,0,0,0,1,0,0,0,0,0,0,0,998,0,0,0,1,12,6,2,12,32,0,0,1,13,30259,6,1,0,0,3,0,71,200,98,0,0,0,0,0,0,0,0,0,26,28,0,0,3,2,55,1,1,2,1,0,0,15,11,1,1,2,46,1,0
13,130829,2,5,1,27,8,15,30,12,7,1,0,13,3,20,461,20461,21,2006,1GCGG25V1612,1,G,C,G,G,2,5,V,1,6,1,2,0,T,CHEV,E25,CG,6,17,,2,0,1350,EXP,G,,0,0,000000000,00000000000,0,0,0,1,0,0,0,0,0,0,0,998,0,0,0,7,7,2,1,12,0,0,0,1,13,30263,6,1,0,0,3,0,73,240,98,0,0,1,0,9,2007,9,2007,0,0,0,0,0,3,2,55,1,1,2,1,0,0,1,60,1,1,1,45,0,0
13,130829,3,5,1,27,8,15,30,12,7,1,0,13,3,20,481,20481,31,2007,1GCEC14C67Z5,1,G,C,E,C,1,4,C,6,7,Z,5,0,T,CHEV,SC1,PK,7,17,,2,1330,1190,SIL,G,,0,0,000000000,00000000000,0,0,0,1,0,0,0,0,0,0,0,998,0,0,0,7,7,2,1,12,0,0,0,1,13,30217,6,1,0,0,3,0,71,170,98,0,0,0,0,0,0,0,0,0,0,0,0,0,3,2,55,1,1,2,1,0,0,1,60,1,1,1,98,0,0
13,130829,4,5,2,27,8,15,30,12,7,1,0,13,1,2,405,2405,14,2006,1J4GL48K46W1,1,J,4,G,L,4,8,K,4,6,W,1,0,T,JEEP,SPR,4W,6,17,,1,0,1043,LIB,G,,0,0,000000000,00000000000,0,0,0,1,0,0,0,0,0,0,0,998,0,0,0,6,6,6,2,12,0,0,0,1,13,30263,6,1,0,0,3,0,65,135,98,0,0,0,0,0,0,0,0,0,0,0,0,0,3,2,55,1,1,2,1,0,0,1,61,1,1,1,98,0,0
13,130829,5,5,4,27,8,15,30,12,7,1,0,13,3,12,481,12481,31,2004,1FTNW21P94EC,1,F,T,N,W,2,1,P,9,4,E,C,0,T,FORD,F2S,CW,4,17,,2,1724,1562,SRW,D,,0,0,000000000,00000000000,0,0,0,1,0,0,0,0,0,0,0,0,0,0,0,6,6,4,1,12,0,0,0,1,13,30263,6,1,6,0,3,0,70,225,98,0,0,0,0,0,0,0,0,0,0,0,0,0,3,2,55,1,1,2,1,0,0,5,53,1,1,1,98,0,0
13,130830,1,1,1,2,9,99,99,8,0,1,1,99,9,99,999,99999,99,9999,999999999999,9,9,9,9,9,9,9,9,9,9,9,9,0,U,,,,9,17,,,,,,,,0,0,000000000,00000000000,0,0,0,1,0,0,0,0,0,0,0,998,0,0,0,99,99,9,1,8,0,0,0,1,99,99999,9,9,99,9,9,9,999,999,99,99,99,99,99,99,9999,99,9999,9,86,0,0,0,9,9,99,9,9,9,99,99,9,99,80,99,9,9,13,0,0
13,130831,1,1,1,3,9,20,40,9,0,1,0,13,1,19,3,19003,4,1994,1G6KF52YXRU2,1,G,6,K,F,5,2,Y,X,R,U,2,0,P,CADI,DCS,4D,94,17,3893,,0,1138,,G,,0,0,000000000,00000000000,0,0,0,1,0,0,0,0,0,0,0,998,0,0,0,12,12,4,1,9,0,0,0,1,13,31320,6,1,0,0,3,0,66,139,98,0,0,0,0,0,0,0,0,0,86,0,0,0,1,2,45,1,1,8,1,0,0,1,80,1,1,1,13,0,0
13,130832,1,2,0,6,9,22,40,8,0,1,0,13,6,12,471,12471,30,1990,1FTCR10A4LUB,1,F,T,C,R,1,0,A,4,L,U,B,0,T,FORD,RNG,PK,90,17,,1,1140,1080,RNG,G,,0,0,000000000,00000000000,0,0,0,1,0,0,0,0,0,0,0,0,0,0,0,61,61,6,2,12,0,0,0,0,,,,,,,,,999,,,,,,,,,,,,0,0,0,0,1,2,55,1,1,8,1,0,0,0,99,0,0,0,98,0,0
13,130832,2,2,1,6,9,22,40,8,0,1,0,13,1,37,32,37032,4,1990,1HGCB7667LA0,1,H,G,C,B,7,6,6,7,L,A,0,0,P,HOND,AER,4D,90,17,2923,,0,1071,,G,,0,0,000000000,00000000000,0,0,0,1,0,0,0,0,0,0,0,998,0,0,0,12,12,6,2,8,0,0,0,1,13,31730,6,1,5,0,3,3,73,347,98,0,0,1,1,4,2009,5,2010,0,86,0,0,0,1,2,55,1,1,8,1,0,0,1,80,99,1,1,13,0,0
13,130833,1,1,2,9,9,16,32,1,0,1,0,54,3,20,422,20422,15,2005,3GNFK16Z45G1,3,G,N,F,K,1,6,Z,4,5,G,1,0,P,CHEV,K15,UT,5,17,5474,,0,1300,,F,,0,0,000000000,00000000000,0,0,0,1,0,0,0,0,0,0,0,998,0,2,1,0,0,6,2,1,0,0,0,1,54,25312,6,1,0,0,3,3,63,155,0,0,0,0,0,0,0,0,0,0,58,28,0,0,3,3,70,1,1,8,1,0,0,1,12,7,3,2,98,2,0
13,130834,1,1,1,9,9,17,8,23,0,1,0,92,0,49,32,49032,4,2007,1NXBR32E57Z8,1,N,X,B,R,3,2,E,5,7,Z,8,0,P,TOYT,UCS,4D,7,17,2530,,0,1024,,G,,0,0,000000000,00000000000,0,0,0,1,0,0,0,0,0,0,0,998,0,0,0,2,10,6,2,23,0,0,0,1,12,32410,6,1,0,0,3,3,72,999,0,0,0,0,0,0,0,0,0,0,29,0,0,0,3,2,70,2,6,8,1,0,0,14,8,1,1,4,1,1,0
13,130835,1,1,1,10,9,20,35,34,0,1,0,13,1,12,421,12421,15,1980,U15GLHD0892,U,1,5,G,L,H,D,0,8,9,2,,0,P,,,,,,,,,,,,,0,0,000000000,00000000000,0,0,0,1,0,0,0,0,0,0,0,998,0,1,5,14,14,6,2,1,0,0,0,1,13,31784,6,1,0,0,3,0,72,180,98,0,0,0,0,0,0,0,0,0,29,58,0,0,1,2,55,1,1,8,1,0,0,1,11,7,2,4,2,1,1
13,130836,1,2,1,10,9,9,17,12,2,1,0,13,2,35,49,35049,6,2009,JN8AZ18U79W0,J,N,8,A,Z,1,8,U,7,9,W,0,0,P,NISS,MUR,UT,9,17,3855,,0,1112,,G,,0,0,000000000,00000000000,0,0,0,1,0,0,0,0,0,0,0,998,0,0,0,12,12,6,2,12,0,0,0,1,13,31793,6,1,0,0,3,0,71,150,98,0,0,0,0,0,0,0,0,0,28,0,0,0,5,4,45,1,5,2,1,0,0,1,10,1,1,2,52,1,0
13,130836,2,2,0,10,9,9,17,12,2,1,0,13,6,98,809,98809,63,2008,2FZHCHBS18AY,2,F,Z,H,C,H,B,S,1,8,A,Y,0,T,STRG,ACT,TM,8,17,,8,0,0,STE,D,,0,88,888888888,88888888888,3,1,7,1,0,0,0,0,0,0,0,0,0,0,0,12,12,6,2,12,42,0,0,0,,,,,,,,,999,,,,,,,,,,,,20,0,0,0,5,4,45,1,6,2,1,0,0,0,62,0,0,0,52,0,0
13,130837,1,2,2,11,9,10,32,12,6,1,0,13,1,7,402,7402,14,2000,1B4HR28Z6YF2,1,B,4,H,R,2,8,Z,6,Y,F,2,0,P,DODG,DUR,UT,0,17,4225,,0,1159,,G,,0,0,000000000,00000000000,0,0,0,1,0,0,0,0,0,0,0,998,0,0,0,2,2,6,2,12,0,0,0,1,13,30241,6,1,0,0,3,0,63,160,98,0,0,0,0,0,0,0,0,0,38,0,0,0,1,2,35,1,6,8,1,0,0,1,17,99,1,1,87,0,0
13,130837,2,2,2,11,9,10,32,12,6,1,0,13,2,20,444,20444,20,2005,1GNDV23L25D2,1,G,N,D,V,2,3,L,2,5,D,2,0,T,CHEV,DLS,ES,5,17,,1,0,1211,UPL,G,,0,0,000000000,00000000000,0,0,0,1,0,0,0,0,0,0,0,998,0,0,0,12,12,6,2,12,0,0,0,1,13,30241,6,1,0,0,3,0,68,290,98,0,0,0,2,5,2009,2,2010,0,0,0,0,0,1,2,55,1,1,8,1,0,0,1,66,1,1,1,86,1,0
13,130838,1,2,2,11,9,17,28,12,7,1,0,13,1,12,481,12481,31,2006,1FTRW12W36KB,1,F,T,R,W,1,2,W,3,6,K,B,0,T,FORD,F1S,CW,6,17,,2,0,1390,COF,G,,0,0,000000000,00000000000,0,0,0,1,0,0,0,0,0,0,0,998,0,9,5,11,13,6,2,42,0,0,0,1,13,30241,6,1,0,0,3,0,61,165,98,1,0,1,0,10,2008,11,2008,0,58,28,38,0,2,2,70,1,6,8,1,0,0,15,10,99,1,2,47,1,0
13,130838,2,2,3,11,9,17,28,12,7,1,0,48,2,41,51,41051,4,2008,JM1BK32F8811,J,M,1,B,K,3,2,F,8,8,1,1,0,P,MAZD,M3I,4D,8,17,2780,,0,1039,,G,,0,0,000000000,00000000000,0,0,0,1,0,0,0,0,0,0,0,998,0,0,0,2,2,4,1,12,0,0,0,1,48,78341,6,1,0,0,3,3,999,999,0,0,0,1,0,11,2008,11,2008,0,0,0,0,0,2,2,70,1,6,8,1,0,0,1,61,1,1,1,45,0,0
13,130839,1,2,2,12,9,9,16,12,6,1,0,13,1,13,1,13001,4,1997,1LNLM82W9VY6,1,L,N,L,M,8,2,W,9,V,Y,6,0,P,LINC,SET,4D,97,17,3977,,0,1174,,G,,0,0,000000000,00000000000,0,0,0,1,0,0,0,0,0,0,0,998,0,0,0,10,10,6,2,12,0,0,0,1,13,31404,6,1,0,0,3,0,72,170,98,0,0,0,0,0,0,0,0,0,39,0,0,0,2,2,30,1,1,2,2,3,3,1,17,1,1,1,89,1,0
13,130839,2,2,1,12,9,9,16,12,6,1,0,13,3,12,422,12422,15,2010,1FMJU1H56AEA,1,F,M,J,U,1,H,5,6,A,E,A,0,P,FORD,EPT,UT,10,17,5578,,0,1190,,F,,0,0,000000000,00000000000,0,0,0,1,0,0,0,0,0,0,0,998,0,0,0,12,12,4,1,12,0,0,0,1,13,31401,6,1,0,0,3,3,71,215,98,0,0,0,0,0,0,0,0,0,0,0,0,0,2,2,30,1,1,2,2,3,3,1,66,1,1,1,88,0,0
13,130840,1,2,1,14,9,15,1,12,8,1,0,13,2,12,481,12481,31,2008,1FTRF12248KB,1,F,T,R,F,1,2,2,4,8,K,B,0,T,FORD,F15,PK,8,17,,2,1450,1260,COF,G,,0,0,000000000,00000000000,0,0,0,1,0,0,0,0,0,0,0,998,0,1,5,11,11,6,2,12,0,0,1,1,13,31093,6,1,0,0,3,0,76,200,98,0,0,0,0,0,0,0,0,0,28,0,0,0,1,2,50,3,1,8,1,0,0,14,10,7,9,4,64,1,0
13,130840,2,2,1,14,9,15,1,12,8,1,0,13,3,84,881,84881,66,1988,2HSFEACR6JC0,2,H,S,F,E,A,C,R,6,J,C,0,1,T,INTL,F93,TM,88,17,,8,0,0,930,D,,1,57,1726681,571726681,3,6,6,1,0,0,0,0,0,0,0,998,0,0,0,11,11,6,2,12,0,0,0,1,13,31302,6,1,6,0,3,0,71,175,98,0,0,0,0,0,0,0,0,0,0,0,0,0,1,2,50,2,1,8,1,0,0,14,62,7,1,4,65,0,0
13,130841,1,1,1,17,9,23,5,8,0,1,0,13,2,20,421,20421,15,1995,1GNEC13K8SJ4,1,G,N,E,C,1,3,K,8,S,J,4,0,P,CHEV,CTA,UT,95,17,4769,,0,1175,,G,,0,0,000000000,00000000000,0,0,0,1,0,0,0,0,0,0,0,998,0,1,5,12,12,6,2,8,0,0,0,1,13,31768,6,1,0,0,3,0,71,187,98,0,0,1,2,9,2008,2,2009,0,28,91,86,36,1,2,55,1,1,8,1,0,0,1,13,1,1,4,13,0,1