STATE,ST_CASE,VEH_NO,VE_FORMS,NUMOCCS,DAY,MONTH,HOUR,MINUTE,HARM_EV,MAN_COLL,UNITTYPE,HIT_RUN,REG_STAT,OWNER,MAKE,MODEL,MAK_MOD,BODY_TYP,MOD_YEAR,VIN,VIN_1,VIN_2,VIN_3,VIN_4,VIN_5,VIN_6,VIN_7,VIN_8,VIN_9,VIN_10,VIN_11,VIN_12,TOW_VEH,VINTYPE,VINMAKE,VINA_MOD,VIN_BT,VINMODYR,VIN_LNGT,VIN_WGT,WGTCD_TR,WHLBS_LG,WHLBS_SH,SER_TR,FUELCODE,MCYCL_DS,J_KNIFE,MCARR_I1,MCARR_I2,MCARR_ID,GVWR,V_CONFIG,CARGO_BT,HAZ_INV,HAZ_PLAC,HAZ_ID,HAZ_CNO,HAZ_REL,BUS_USE,SPEC_USE,EMER_USE,TRAV_SP,UNDERIDE,ROLLOVER,ROLINLOC,IMPACT1,IMPACT2,DEFORMED,TOWED,M_HARM,VEH_SC1,VEH_SC2,FIRE_EXP,DR_PRES,L_STATE,DR_ZIP,L_STATUS,L_TYPE,CDL_STAT,L_ENDORS,L_COMPL,L_RESTRI,DR_HGT,DR_WGT,PREV_ACC,PREV_SUS,PREV_DWI,PREV_SPD,PREV_OTH,FIRST_MO,FIRST_YR,LAST_MO,LAST_YR,SPEEDREL,DR_SF1,DR_SF2,DR_SF3,DR_SF4,VTRAFWAY,VNUM_LAN,VSPD_LIM,VALIGN,VPROFILE,VPAVETYP,VSURCOND,VTRAFCON,VTCONT_F,P_CRASH1,P_CRASH2,P_CRASH3,PCRASH4,PCRASH5,ACC_TYPE,DEATHS,DR_DRINK
13,130842,1,1,5,17,9,20,12,8,0,1,0,13,1,20,422,20422,15,2004,1GNEC16Z44J2,1,G,N,E,C,1,6,Z,4,4,J,2,0,P,CHEV,C15,UT,4,17,4947,,0,1300,,F,,0,0,000000000,00000000000,0,0,0,1,0,0,0,0,0,0,0,998,0,0,0,12,12,9,3,8,0,0,0,1,13,30040,6,1,0,0,3,0,73,170,98,0,0,0,0,0,0,0,0,0,86,0,0,0,1,4,45,1,1,2,1,98,8,1,80,1,1,1,13,0,0
13,130843,1,1,1,18,9,7,12,34,0,1,0,13,2,35,39,35039,4,1996,JN1CA21D6TT1,J,N,1,C,A,2,1,D,6,T,T,1,0,P,NISS,MGS,4D,96,17,2886,,0,1063,,G,,0,0,000000000,00000000000,0,0,0,1,0,0,0,0,0,0,0,998,0,1,5,14,13,6,2,1,0,0,0,1,13,39827,6,1,0,0,3,3,64,130,98,0,0,0,2,10,2007,9,2009,0,29,0,0,0,1,2,55,1,6,8,1,0,0,1,12,99,4,4,7,1,1
13,130844,1,1,2,19,9,12,50,42,0,1,0,13,1,6,43,6043,4,2002,1C3EL46X02N1,1,C,3,E,L,4,6,X,0,2,N,1,0,P,CHRY,SLX,4D,2,17,3118,,0,1080,,G,,0,0,000000000,00000000000,0,0,0,1,0,0,0,0,0,0,0,998,0,0,0,12,12,6,2,42,0,0,0,1,13,39824,6,1,0,0,3,3,64,147,98,0,0,0,0,0,0,0,0,0,29,0,0,0,1,2,55,3,1,8,1,0,0,8,8,1,1,4,6,2,0
13,130845,1,1,2,19,9,16,0,1,0,1,0,13,2,49,482,49482,31,2006,5TBJU32146S4,5,T,B,J,U,3,2,1,4,6,S,4,0,T,TOYT,TUN,PK,6,17,,1,0,1283,TUN,G,,0,0,000000000,00000000000,0,0,0,1,0,0,0,0,0,0,0,998,0,2,1,0,0,6,2,1,0,0,0,1,13,30518,6,1,0,0,3,0,65,165,98,0,0,1,1,1,2009,9,2009,0,58,28,0,0,2,2,70,1,6,8,1,0,0,1,12,7,3,6,98,1,0
13,130846,1,2,1,20,9,11,54,12,2,1,0,13,2,7,472,7472,30,2006,1D7HE22K16S6,1,D,7,H,E,2,2,K,1,6,S,6,0,T,DODG,KST,PC,6,17,,2,0,1309,DAK,G,,0,0,000000000,00000000000,0,0,0,1,0,0,0,0,0,0,0,998,0,0,0,12,12,6,2,12,0,0,0,1,13,31088,6,1,0,0,3,0,69,180,98,2,0,1,0,6,2008,6,2008,0,28,0,0,0,1,2,40,1,2,2,1,99,9,1,10,1,1,2,50,0,0
13,130846,2,2,1,20,9,11,54,12,2,1,0,13,1,49,40,49040,4,2007,4T1BE46K27U0,4,T,1,B,E,4,6,K,2,7,U,0,0,P,TOYT,CMB,4D,7,17,3108,,0,1093,,G,,0,0,000000000,00000000000,0,0,0,1,0,0,0,0,0,0,0,998,0,0,0,12,12,6,2,12,0,0,0,1,13,31047,6,1,0,0,3,3,64,160,98,0,0,0,0,0,0,0,0,0,0,0,0,0,1,2,40,1,2,2,1,99,9,1,62,7,1,1,51,1,0
13,130847,1,2,1,20,9,18,10,12,1,1,0,13,1,99,709,99709,80,2007,KM1MP578X713,K,M,1,M,P,5,7,8,X,7,1,3,0,M,SUZI,,,7,17,,,,,,,,0,0,000000000,00000000000,0,0,0,1,0,0,0,0,0,0,0,998,0,0,0,6,6,6,2,12,0,0,0,1,13,31903,6,1,0,0,3,0,75,205,98,2,0,3,2,5,2008,6,2009,0,0,0,0,0,1,2,55,1,1,8,1,0,0,2,53,1,1,1,31,1,0
13,130847,2,2,1,20,9,18,10,12,1,1,0,13,2,20,401,20401,14,2002,1GNCS13WX2K1,1,G,N,C,S,1,3,W,X,2,K,1,0,P,CHEV,BZR,UT,2,17,3718,,0,1070,,G,,0,0,000000000,00000000000,0,0,0,1,0,0,0,0,0,0,0,998,0,0,0,12,12,4,1,12,0,0,0,1,13,31058,6,2,0,0,3,0,70,135,98,0,0,0,0,0,0,0,0,0,26,0,0,0,1,2,55,1,1,8,1,0,0,1,52,4,2,1,28,0,0
13,130848,1,1,2,20,9,8,40,34,0,1,0,13,2,6,41,6041,4,1995,1C3HD56F3SF6,1,C,3,H,D,5,6,F,3,S,F,6,0,P,CHRY,CND,4D,95,17,3325,,0,1130,,G,,0,0,000000000,00000000000,0,0,0,1,0,0,0,0,0,0,0,998,0,1,5,12,12,6,2,31,32,0,0,1,13,31749,6,1,0,0,3,0,72,180,98,0,0,0,1,2,2008,2,2008,0,29,0,0,0,3,3,70,1,1,2,1,0,0,1,13,99,4,4,2,1,0
13,130849,1,2,1,21,9,7,34,25,0,1,0,13,1,37,706,37706,80,2002,JH2PC35002M3,J,H,2,P,C,3,5,0,0,2,M,3,0,M,HOND,CF4,RS,2,17,,,,,,,599,0,0,000000000,00000000000,0,0,0,1,0,0,0,0,0,0,0,998,0,0,0,12,12,6,2,12,0,0,0,1,26,48602,6,1,0,0,3,0,69,165,0,0,0,0,0,0,0,0,0,1,36,29,58,0,3,2,55,1,1,1,1,98,3,6,6,1,1,4,6,1,0
13,130849,2,2,2,21,9,7,34,25,0,1,0,93,3,82,884,82884,66,2006,1FUJF0DE06LU,1,F,U,J,F,0,D,E,0,6,L,U,1,T,FRHT,112,DS,6,17,,8,0,0,COL,D,,1,57,184405,57184405,3,6,2,1,0,0,0,0,0,0,0,998,0,0,0,9,14,2,1,12,0,0,0,1,13,30204,6,1,6,0,3,0,73,245,98,0,0,0,0,0,0,0,0,0,0,0,0,0,3,2,55,1,1,1,1,98,3,1,60,1,1,1,98,0,0
13,130850,1,2,1,24,9,14,25,12,2,1,0,12,1,18,7,18007,4,2003,2G4WS52J8311,2,G,4,W,S,5,2,J,8,3,1,1,0,P,BUIC,CCU,4D,3,17,3368,,0,1090,,G,,0,0,000000000,00000000000,0,0,0,1,0,0,0,0,0,0,0,998,0,0,0,12,12,6,2,12,0,0,0,1,13,31558,1,1,0,0,2,0,68,999,98,2,0,2,0,10,2007,6,2009,0,51,0,0,0,3,3,70,1,2,2,1,0,0,1,54,99,1,1,52,1,0
13,130850,2,2,2,24,9,14,25,12,2,1,0,13,1,49,32,49032,4,2006,2T1BR32E66C6,2,T,1,B,R,3,2,E,6,6,C,6,0,P,TOYT,UCS,4D,6,17,2530,,0,1024,,G,,0,0,000000000,00000000000,0,0,0,1,0,0,0,0,0,0,0,998,0,0,0,12,12,6,2,12,0,0,0,1,12,32605,6,1,0,0,3,3,69,999,0,0,0,0,0,0,0,0,0,0,0,0,0,0,3,3,70,1,2,2,1,0,0,1,54,1,1,1,52,0,0
13,130851,1,2,1,26,9,19,22,12,6,1,0,13,2,37,32,37032,4,2005,1HGCM56445A0,1,H,G,C,M,5,6,4,4,5,A,0,0,P,HOND,ULX,4D,5,17,3177,,0,1079,,G,,0,0,000000000,00000000000,0,0,0,1,0,0,0,0,0,0,0,998,0,0,0,3,3,6,2,12,0,0,0,1,13,30016,6,1,0,0,3,0,68,175,98,0,0,0,0,0,0,0,0,1,33,28,0,0,1,2,55,1,1,8,2,40,3,6,10,1,1,2,64,1,0
13,130851,2,2,2,26,9,19,22,12,6,1,0,13,1,6,54,6054,6,2005,2C8GM68445R5,2,C,8,G,M,6,8,4,4,5,R,5,0,P,CHRY,PIF,UT,5,17,4361,,0,1160,,G,,0,0,000000000,00000000000,0,0,0,1,0,0,0,0,0,0,0,998,0,0,0,12,12,6,2,12,0,0,0,1,13,30016,6,1,0,0,3,0,72,240,98,0,0,1,0,6,2009,6,2009,0,0,0,0,0,1,2,55,1,1,8,2,40,3,1,62,1,1,1,65,1,0
13,130852,1,2,2,27,9,13,28,12,6,1,0,13,1,38,402,38402,14,2004,4S2CK58W2443,4,S,2,C,K,5,8,W,2,4,4,3,0,P,ISU,ROD,UT,4,17,3934,,0,1064,,G,,0,0,000000000,00000000000,0,0,0,1,0,0,0,0,0,0,0,998,0,0,0,12,12,6,2,12,0,0,0,1,13,30817,6,1,0,0,3,0,64,180,98,0,0,0,0,0,0,0,0,0,0,0,0,0,1,2,45,1,1,8,1,3,3,1,17,1,1,1,88,0,0
13,130852,2,2,1,27,9,13,28,12,6,1,0,13,1,23,461,23461,21,1994,1GKDM19Z6RB5,1,G,K,D,M,1,9,Z,6,R,B,5,0,T,GMC,SXT,ES,94,17,,1,0,1110,SAF,G,,0,0,000000000,00000000000,0,0,0,1,0,0,0,0,0,0,0,998,0,0,0,11,11,6,2,12,32,0,0,1,13,30635,6,1,6,0,3,3,68,240,98,0,0,0,1,2,2009,2,2009,0,39,0,0,0,1,2,45,1,1,8,1,3,3,1,17,1,1,1,89,1,0
13,130853,1,2,1,30,9,6,30,12,6,1,0,92,0,72,706,72706,80,2006,1HD1BMY136Y0,1,H,D,1,B,M,Y,1,3,6,Y,0,0,M,HD,FLF,RS,6,17,,,,,,,1450,0,0,000000000,00000000000,0,0,0,1,0,0,0,0,0,0,0,998,0,0,0,12,12,4,3,12,0,0,0,1,13,31320,6,1,6,0,3,0,73,275,98,0,0,0,0,0,0,0,0,0,39,0,0,0,2,2,45,1,1,2,2,3,3,1,17,4,2,1,69,1,0
13,130853,2,2,1,30,9,6,30,12,6,1,0,13,2,20,9,20009,2,1978,1Q87L8N53810,1,Q,8,7,L,8,N,5,3,8,1,0,0,P,,,,,,,,,,,,,0,0,000000000,00000000000,0,0,0,1,0,0,0,0,0,0,0,998,0,0,0,1,1,4,3,12,0,0,0,1,13,31322,6,1,0,0,3,0,72,220,98,0,0,0,0,0,0,0,0,0,0,0,0,0,2,2,45,1,1,2,2,3,3,11,54,99,1,1,68,0,0
13,130854,1,1,1,1,10,21,6,35,0,1,0,13,2,37,32,37032,4,1999,1HGCG5540XA1,1,H,G,C,G,5,5,4,0,X,A,1,0,P,HOND,ULX,4D,99,17,2987,,0,1069,,G,,0,0,000000000,00000000000,0,0,0,1,0,0,0,0,0,0,0,998,0,1,5,6,6,6,2,1,0,0,0,1,13,30107,6,1,0,0,3,0,75,250,98,0,0,0,0,0,0,0,0,0,29,0,0,0,1,2,45,2,1,2,1,40,3,14,12,1,4,4,7,1,1
13,130855,1,1,1,2,10,7,53,24,0,1,0,92,0,19,431,19431,16,2003,1GYEC63T33R2,1,G,Y,E,C,6,3,T,3,3,R,2,0,P,CADI,ESC,UT,3,17,5333,,0,1160,,G,,0,0,000000000,00000000000,0,0,0,1,0,0,0,0,0,0,0,998,0,1,5,12,12,6,2,1,0,0,0,1,12,32301,6,1,0,0,3,0,68,999,0,0,0,0,0,0,0,0,0,0,29,0,0,0,6,1,65,2,2,2,1,0,0,14,13,4,2,4,2,1,0
13,130856,1,2,2,3,10,23,44,12,2,1,0,13,2,20,22,20022,4,2010,1G1AD5F50A71,1,G,1,A,D,5,F,5,0,A,7,1,0,P,CHEV,BLT,4D,10,17,3216,,0,1033,,G,,0,0,000000000,00000000000,0,0,0,1,0,0,0,0,0,0,0,998,0,0,0,12,12,6,2,12,0,0,0,1,13,30277,6,1,0,0,3,0,66,115,98,0,0,0,0,0,0,0,0,0,28,27,0,0,2,2,55,1,1,2,1,0,0,15,54,99,1,2,52,1,1
13,130856,2,2,2,3,10,23,44,12,2,1,0,13,1,2,405,2405,14,2006,1J4GL48K36W2,1,J,4,G,L,4,8,K,3,6,W,2,0,T,JEEP,SPR,4W,6,17,,1,0,1043,LIB,G,,0,0,000000000,00000000000,0,0,0,1,0,0,0,0,0,0,0,998,0,0,0,12,12,6,2,12,0,0,0,1,13,30214,6,1,0,0,3,3,63,135,98,5,0,2,1,3,2009,12,2009,0,0,0,0,0,2,2,55,1,1,2,1,0,0,1,63,99,1,1,52,0,0
13,130857,1,3,2,6,10,13,1,12,6,1,0,13,1,7,442,7442,20,2003,2D4GP44L53R1,2,D,4,G,P,4,4,L,5,3,R,1,0,P,DODG,CAR,SV,3,17,3975,,0,1193,,G,,0,0,000000000,00000000000,0,0,0,1,0,0,0,0,0,0,0,998,0,0,0,1,2,6,2,12,32,0,0,1,13,30265,6,1,0,0,3,3,69,190,98,0,0,0,0,0,0,0,0,0,38,0,0,0,2,9,55,1,1,2,1,3,3,11,15,99,9,2,68,1,0
13,130857,2,3,2,6,10,13,1,12,6,1,0,13,2,12,481,12481,31,2000,1FTNX20L0YEC,1,F,T,N,X,2,0,L,0,Y,E,C,0,T,FORD,F2S,4C,0,17,,2,1580,1418,SRW,G,,0,0,000000000,00000000000,0,0,0,1,0,0,0,0,0,0,0,998,0,0,0,12,12,6,2,12,0,0,0,1,13,30263,6,1,0,0,3,0,68,220,98,1,0,0,0,12,2008,12,2008,0,0,0,0,0,2,9,55,1,1,2,1,3,3,1,62,4,2,3,69,0,0
13,130857,3,3,3,6,10,13,1,12,6,1,0,39,1,7,442,7442,20,2002,1B4GP24332B6,1,B,4,G,P,2,4,3,3,2,B,6,0,P,DODG,CAR,SV,2,17,3906,,0,1193,,F,,0,0,000000000,00000000000,0,0,0,1,0,0,0,0,0,0,0,0,0,0,0,11,11,4,1,12,0,0,0,1,13,30265,6,1,0,0,3,3,67,190,98,0,0,0,1,9,2008,9,2008,0,0,0,0,0,2,9,35,1,1,2,1,3,3,5,78,1,1,1,98,0,0
13,130858,1,1,2,6,10,16,34,24,0,1,0,13,2,20,481,20481,31,1978,CCL148A17885,C,C,L,1,4,8,A,1,7,8,8,5,0,P,,,,,,,,,,,,,0,0,000000000,00000000000,0,0,0,1,0,0,0,0,0,0,0,998,0,1,5,12,13,6,2,24,0,0,0,1,13,30268,6,1,0,0,3,0,73,150,98,4,0,1,2,12,2007,1,2010,0,80,29,0,0,3,4,55,1,1,8,1,0,0,1,1,99,2,4,2,1,0
13,130859,1,1,1,2,9,22,3,1,0,1,0,13,1,12,471,12471,30,2008,1FTZR45E18PA,1,F,T,Z,R,4,5,E,1,8,P,A,0,T,FORD,RNS,4C,8,17,,1,0,1260,RNG,G,,0,0,000000000,00000000000,0,0,0,1,0,0,0,0,0,0,0,998,0,9,5,0,0,6,2,1,0,0,0,1,13,30528,1,1,0,0,2,0,69,208,98,2,0,3,1,4,2008,6,2010,0,28,0,0,0,2,2,65,1,5,8,1,0,0,1,12,99,4,4,98,1,1
13,130860,1,1,1,4,9,6,45,9,0,1,0,13,1,20,473,20473,30,2005,1GCDS1360582,1,G,C,D,S,1,3,6,0,5,8,2,0,T,CHEV,RDO,CW,5,17,,1,0,1260,CAL,G,,0,0,000000000,00000000000,0,0,0,1,0,0,0,0,0,0,0,998,0,0,0,12,12,4,1,9,0,0,0,1,13,30507,6,1,6,0,3,0,73,185,98,0,0,0,0,0,0,0,0,0,86,0,0,0,1,2,40,1,5,8,1,0,0,1,80,99,9,9,13,0,0
13,130861,1,1,2,5,9,22,5,8,0,1,0,13,1,24,7,24007,4,2005,1G8AG52FX5Z1,1,G,8,A,G,5,2,F,X,5,Z,1,0,P,STRN,SI1,4D,5,17,2781,,0,1032,,G,,0,0,000000000,00000000000,0,0,0,1,0,0,0,0,0,0,0,998,0,0,0,12,12,4,3,8,0,0,0,1,13,30224,6,1,0,0,3,3,62,230,98,0,0,0,0,0,0,0,0,0,86,0,0,0,3,3,55,1,6,8,1,0,0,15,80,4,2,3,13,0,0
13,130862,1,1,2,8,9,19,53,32,0,1,0,13,2,7,42,7042,2,1995,4B3AU52N5SE1,4,B,3,A,U,5,2,N,5,S,E,1,0,P,DODG,AES,2P,95,17,2994,,0,1037,,G,,0,0,000000000,00000000000,0,0,0,1,0,0,0,0,0,0,0,998,0,1,5,12,13,6,2,1,0,0,0,1,13,31328,1,1,0,0,2,0,71,160,98,0,0,0,0,0,0,0,0,0,29,0,0,0,1,2,25,1,1,8,1,0,0,1,12,99,9,4,6,1,1
13,130863,1,2,4,11,9,18,54,12,2,1,0,47,1,12,23,12023,4,2006,3FAFP07Z76R2,3,F,A,F,P,0,7,Z,7,6,R,2,0,P,FORD,F/E,4D,6,17,3101,,0,1074,,G,,0,0,000000000,00000000000,0,0,0,1,0,0,0,0,0,0,0,998,0,0,0,12,12,6,2,12,0,0,0,1,13,30555,6,1,0,0,3,0,70,235,98,0,0,0,0,0,0,0,0,1,28,0,0,0,1,2,55,2,6,8,2,0,0,14,6,99,1,2,50,2,0
13,130863,2,2,2,11,9,18,54,12,2,1,0,13,2,6,441,6441,20,2002,2C4GP74L62R5,2,C,4,G,P,7,4,L,6,2,R,5,0,P,CHRY,TWC,SV,2,17,4171,,0,1193,,G,,0,0,000000000,00000000000,0,0,0,1,0,0,0,0,0,0,0,998,0,0,0,12,12,6,2,12,0,0,0,1,13,30533,6,1,0,0,3,3,63,145,98,0,0,0,0,0,0,0,0,0,0,0,0,0,1,2,55,3,5,8,2,0,0,14,62,99,1,1,51,0,0
13,130864,1,1,1,11,9,1,8,33,0,1,0,13,2,72,706,72706,80,1999,1HD1CGP19XK1,1,H,D,1,C,G,P,1,9,X,K,1,0,M,HD,20C,RS,99,17,,,,,,,1200,0,0,000000000,00000000000,0,0,0,1,0,0,0,0,0,0,0,998,0,0,0,12,12,6,2,1,0,0,0,1,13,30554,6,1,0,0,3,2,63,130,98,0,0,0,1,7,2010,7,2010,0,28,74,0,0,2,2,45,1,1,8,1,3,3,1,17,99,1,4,98,1,1
13,130865,1,1,1,11,9,1,45,8,0,1,0,13,1,76,709,76709,80,1997,JYA1TEE00VA0,J,Y,A,1,T,E,E,0,0,V,A,0,0,M,YAMA,11S,RS,97,17,,,,,,,1063,0,0,000000000,00000000000,0,0,0,1,0,0,0,0,0,0,0,998,0,0,0,1,1,6,2,8,0,0,0,1,13,31636,6,1,0,0,3,1,67,185,98,0,0,1,1,7,2008,12,2009,0,86,0,0,0,1,2,55,1,1,8,1,0,0,1,80,99,1,1,13,1,1
13,130866,1,1,1,12,9,12,8,34,0,1,0,13,1,72,706,72706,80,2006,1HD1BWB1X6Y0,1,H,D,1,B,W,B,1,X,6,Y,0,0,M,HD,FSI,RS,6,17,,,,,,,1450,0,0,000000000,00000000000,0,0,0,1,0,0,0,0,0,0,0,998,0,0,0,14,14,6,2,1,0,0,0,1,13,30025,6,1,6,0,3,3,70,176,98,0,0,0,0,0,0,0,0,0,29,0,0,0,1,2,45,3,6,8,1,0,0,14,13,99,2,4,2,1,0
13,130867,1,1,5,15,9,16,4,34,0,1,0,13,1,49,401,49401,14,1995,JT3VN39W4S02,J,T,3,V,N,3,9,W,4,S,0,2,0,P,TOYT,RUN,UT,95,17,4105,,0,1033,,G,,0,0,000000000,00000000000,0,0,0,1,0,0,0,0,0,0,0,998,0,1,3,14,13,6,2,1,0,0,0,1,37,28578,6,1,0,0,3,0,64,999,0,0,0,1,0,1,2008,1,2008,0,29,58,0,0,2,2,65,3,1,8,1,0,0,14,13,6,2,4,7,2,0
13,130868,1,3,1,18,9,7,26,12,6,1,0,29,2,2,404,2404,14,2002,1J4GW48N22C2,1,J,4,G,W,4,8,N,2,2,C,2,0,T,JEEP,LRO,4W,2,17,,1,0,1059,GCK,G,,0,0,000000000,00000000000,0,0,0,1,0,0,0,0,0,0,0,998,0,0,0,12,12,6,2,12,0,0,0,1,29,63130,6,1,0,0,3,0,69,160,0,0,0,0,0,0,0,0,0,0,28,0,0,0,1,2,55,3,1,8,1,0,0,14,10,99,1,2,64,0,1
13,130868,2,3,1,18,9,7,26,12,6,1,0,13,2,20,461,20461,21,1989,1GAFG35K1K71,1,G,A,F,G,3,5,K,1,K,7,1,0,T,CHEV,S30,8V,89,17,,2,0,1250,SPT,G,,0,0,000000000,00000000000,0,0,0,1,0,0,0,0,0,0,0,998,0,0,0,8,8,6,2,12,0,0,0,1,13,30265,6,1,0,0,3,3,67,155,98,0,0,0,0,0,0,0,0,0,0,0,0,0,1,2,55,2,1,8,1,0,0,14,62,99,1,9,65,0,0
13,130868,3,3,1,18,9,7,26,12,6,1,0,45,1,12,3,12003,2,2004,1FAFP40684F2,1,F,A,F,P,4,0,6,8,4,F,2,0,P,FORD,MUS,CP,4,17,3114,,0,1013,,G,,0,0,000000000,00000000000,0,0,0,1,0,0,0,0,0,0,0,998,0,0,0,12,12,6,2,12,0,0,0,1,45,29910,6,1,0,0,3,3,67,185,0,0,0,0,0,0,0,0,0,0,0,0,0,0,1,2,55,2,1,8,1,0,0,14,62,99,1,9,98,1,0
13,130869,1,1,1,21,9,9,19,42,0,1,0,13,1,54,31,54031,4,1995,JH4DB7653SS0,J,H,4,D,B,7,6,5,3,S,S,0,0,P,ACUR,ILS,4D,95,17,2709,,0,1031,,G,,0,0,000000000,00000000000,0,0,0,1,0,0,0,0,0,0,0,998,0,0,0,12,12,6,2,42,0,0,0,1,13,30540,6,1,0,0,3,3,65,135,98,0,0,0,0,0,0,0,0,0,29,0,0,0,1,2,35,3,6,8,1,0,0,14,12,99,1,4,6,1,0
13,130870,1,1,1,24,9,22,30,42,0,1,0,45,1,20,4,20004,2,1992,1G1YY23P9N51,1,G,1,Y,Y,2,3,P,9,N,5,1,0,P,CHEV,CVT,CP,92,17,3223,,0,962,,G,,0,0,000000000,00000000000,0,0,0,1,0,0,0,0,0,0,0,998,0,0,0,9,9,6,2,42,0,0,0,1,45,29180,6,1,0,0,3,0,68,145,0,0,0,1,0,6,2009,6,2009,1,27,29,36,0,2,2,70,1,1,8,1,0,0,15,6,4,3,4,2,1,0
13,130871,1,1,1,24,9,19,15,1,0,1,0,13,1,37,706,37706,80,1998,1HFSC2204WA0,1,H,F,S,C,2,2,0,4,W,A,0,0,M,HOND,G5A,RS,98,17,,,,,,,1520,0,0,000000000,00000000000,0,0,0,1,0,0,0,0,0,0,0,998,0,0,0,0,0,6,2,1,0,0,0,1,13,30648,6,1,0,0,3,0,71,180,98,0,0,1,0,7,2009,7,2009,0,28,0,0,0,1,2,55,1,5,8,1,0,0,1,13,6,1,6,98,1,0
13,130872,1,1,1,25,9,14,46,35,0,1,0,13,1,72,706,72706,80,2009,1HD1FC4189Y6,1,H,D,1,F,C,4,1,8,9,Y,6,0,M,HD,FLU,RS,9,17,,,,,,,1584,0,0,000000000,00000000000,0,0,0,1,0,0,0,0,0,0,0,998,0,0,0,10,10,6,2,35,0,0,0,1,13,30263,6,1,6,0,3,0,71,175,98,0,0,0,2,9,2008,10,2008,1,29,0,0,0,1,2,55,2,5,8,1,0,0,14,6,99,1,4,1,1,0
13,130873,1,1,1,25,9,1,46,34,0,1,0,13,1,20,16,20016,4,2004,1G1JC52FX471,1,G,1,J,C,5,2,F,X,4,7,1,0,P,CHEV,CAV,4D,4,17,2676,,0,1041,,G,,0,0,000000000,00000000000,0,0,0,1,0,0,0,0,0,0,0,998,0,1,5,3,3,6,2,1,0,0,0,1,13,31069,6,1,0,0,3,0,71,140,98,0,0,0,2,6,2010,8,2010,1,29,0,0,0,1,9,45,2,1,2,1,0,0,14,13,4,2,4,2,1,1
13,130874,1,1,1,30,9,9,20,32,0,1,0,37,1,20,2,20002,4,2004,2G1WH52K0492,2,G,1,W,H,5,2,K,0,4,9,2,0,P,CHEV,IPL,4D,4,17,3466,,0,1105,,G,,0,0,000000000,00000000000,0,0,0,1,0,0,0,0,0,0,0,998,0,0,0,11,3,6,2,42,0,0,0,1,37,28906,6,1,0,0,3,0,72,999,0,0,0,0,0,0,0,0,0,0,29,0,0,0,1,2,55,3,5,8,2,0,0,14,13,99,1,4,1,1,0
13,130875,1,1,2,2,10,3,7,32,0,1,0,13,1,35,472,35472,30,2006,1N6AD07U76C4,1,N,6,A,D,0,7,U,7,6,C,4,0,T,NISS,CEO,CW,6,17,,1,0,1259,FRT,G,,0,0,000000000,00000000000,0,0,0,1,0,0,0,0,0,0,0,998,0,1,5,1,1,6,2,32,0,0,0,1,13,31204,1,1,0,0,2,3,76,200,98,1,0,2,0,8,2009,8,2010,0,29,0,0,0,1,9,25,2,2,2,1,0,0,14,13,99,9,4,1,1,0
13,130876,1,1,1,18,6,99,99,8,0,1,1,99,9,99,999,99999,99,9999,999999999999,9,9,9,9,9,9,9,9,9,9,9,9,0,U,,,,9,17,,,,,,,,0,0,000000000,00000000000,0,0,0,1,0,0,0,0,0,0,0,998,0,0,0,99,99,9,1,8,0,0,0,1,99,99999,9,9,99,9,9,9,999,999,99,99,99,99,99,99,9999,99,9999,9,86,0,0,0,9,9,99,9,9,9,99,99,9,99,80,99,9,9,13,0,0
13,130877,1,1,1,29,8,20,19,33,0,1,0,92,0,73,709,73709,80,2007,JKAZX4P177A0,J,K,A,Z,X,4,P,1,7,7,A,0,0,M,KAWK,ZXP,RS,7,17,,,,,,,599,0,0,000000000,00000000000,0,0,0,1,0,0,0,0,0,0,0,998,0,0,0,12,12,4,3,33,0,0,0,1,13,30083,6,1,0,0,3,0,76,278,98,0,0,0,0,0,0,0,0,0,29,0,0,0,1,9,25,2,1,2,1,0,0,14,13,99,9,4,1,1,0
13,130878,1,1,2,13,8,18,40,35,0,1,0,13,3,23,481,23481,31,1988,1GTFC24K4JZ5,1,G,T,F,C,2,4,K,4,J,Z,5,0,T,GMC,GC2,PK,88,17,,2,0,1315,GM4,G,,0,0,000000000,00000000000,0,0,0,1,0,0,0,0,0,0,0,998,0,1,6,12,13,6,2,35,0,0,0,1,13,30240,6,2,0,0,3,0,65,140,98,0,0,0,0,0,0,0,0,0,58,0,0,0,1,2,45,2,6,2,1,0,0,14,13,7,1,4,1,1,0
13,130879,1,2,2,25,9,11,41,12,6,1,0,13,1,20,421,20421,15,2003,1GNEC13Z53J2,1,G,N,E,C,1,3,Z,5,3,J,2,0,P,CHEV,CTA,UT,3,17,4828,,0,1160,,F,,0,0,000000000,00000000000,0,0,0,1,0,0,0,0,0,0,0,998,0,0,0,12,12,6,2,12,0,0,0,1,13,30116,6,1,0,0,3,0,61,125,98,0,0,1,0,3,2009,3,2009,0,0,0,0,0,1,2,45,1,2,2,1,0,0,1,67,1,1,1,83,0,0