STATE,ST_CASE,VEH_NO,VE_FORMS,NUMOCCS,DAY,MONTH,HOUR,MINUTE,HARM_EV,MAN_COLL,UNITTYPE,HIT_RUN,REG_STAT,OWNER,MAKE,MODEL,MAK_MOD,BODY_TYP,MOD_YEAR,VIN,VIN_1,VIN_2,VIN_3,VIN_4,VIN_5,VIN_6,VIN_7,VIN_8,VIN_9,VIN_10,VIN_11,VIN_12,TOW_VEH,VINTYPE,VINMAKE,VINA_MOD,VIN_BT,VINMODYR,VIN_LNGT,VIN_WGT,WGTCD_TR,WHLBS_LG,WHLBS_SH,SER_TR,FUELCODE,MCYCL_DS,J_KNIFE,MCARR_I1,MCARR_I2,MCARR_ID,GVWR,V_CONFIG,CARGO_BT,HAZ_INV,HAZ_PLAC,HAZ_ID,HAZ_CNO,HAZ_REL,BUS_USE,SPEC_USE,EMER_USE,TRAV_SP,UNDERIDE,ROLLOVER,ROLINLOC,IMPACT1,IMPACT2,DEFORMED,TOWED,M_HARM,VEH_SC1,VEH_SC2,FIRE_EXP,DR_PRES,L_STATE,DR_ZIP,L_STATUS,L_TYPE,CDL_STAT,L_ENDORS,L_COMPL,L_RESTRI,DR_HGT,DR_WGT,PREV_ACC,PREV_SUS,PREV_DWI,PREV_SPD,PREV_OTH,FIRST_MO,FIRST_YR,LAST_MO,LAST_YR,SPEEDREL,DR_SF1,DR_SF2,DR_SF3,DR_SF4,VTRAFWAY,VNUM_LAN,VSPD_LIM,VALIGN,VPROFILE,VPAVETYP,VSURCOND,VTRAFCON,VTCONT_F,P_CRASH1,P_CRASH2,P_CRASH3,PCRASH4,PCRASH5,ACC_TYPE,DEATHS,DR_DRINK
13,130879,2,2,3,25,9,11,41,12,6,1,0,13,1,12,3,12003,2,1994,1FALP4048RF2,1,F,A,L,P,4,0,4,8,R,F,2,0,P,FORD,MUS,CP,94,17,3055,,0,1013,,G,,0,0,000000000,00000000000,0,0,0,1,0,0,0,0,0,0,0,998,0,0,0,9,9,6,2,12,0,0,0,1,13,30108,6,1,0,0,3,0,64,132,98,1,0,0,0,4,2008,4,2008,1,38,0,0,0,1,2,45,1,2,2,1,20,3,11,15,1,1,1,82,1,0
13,130880,1,1,1,27,9,4,21,33,0,1,0,13,1,49,482,49482,31,2005,5TBBT44115S4,5,T,B,B,T,4,4,1,1,5,S,4,0,T,TOYT,TT5,4C,5,17,,2,0,1283,TUN,G,,0,0,000000000,00000000000,0,0,0,1,0,0,0,0,0,0,0,998,0,0,0,14,1,6,2,2,0,0,1,1,13,31419,6,1,0,0,3,3,70,210,98,0,0,0,0,0,0,0,0,1,0,0,0,0,1,2,40,1,1,2,2,3,3,1,6,1,2,4,7,1,0
13,130881,1,1,1,1,10,19,56,8,0,1,0,92,0,20,401,20401,14,1985,1G8CS18B1F81,1,G,8,C,S,1,8,B,1,F,8,1,0,T,CHEV,SBZ,S1,85,17,,1,0,1005,S10,G,,0,0,000000000,00000000000,0,0,0,1,0,0,0,0,0,0,0,998,0,0,0,1,1,2,3,8,0,0,0,1,13,31217,6,8,0,0,2,9,68,180,98,3,1,0,1,5,2010,6,2010,0,86,0,0,0,1,2,25,1,2,2,1,0,0,1,80,1,1,1,13,0,1
13,130882,1,2,4,29,9,18,45,12,6,1,0,13,1,14,38,14038,2,1999,1ZWFT61L7X56,1,Z,W,F,T,6,1,L,7,X,5,6,0,P,MERC,CU6,2H,99,17,2941,,0,1064,,G,,0,0,000000000,00000000000,0,0,0,1,0,0,0,0,0,0,0,998,0,0,0,3,3,6,2,12,0,0,0,1,13,30646,6,1,0,0,3,0,69,180,98,0,0,0,2,7,2008,11,2008,0,38,0,0,0,2,2,45,1,1,2,2,20,3,1,17,1,1,1,87,2,0
13,130882,2,2,3,29,9,18,45,12,6,1,0,13,2,20,421,20421,15,2000,1GNEK13R7YR1,1,G,N,E,K,1,3,R,7,Y,R,1,0,P,CHEV,KTA,UT,0,17,5333,,0,1175,,G,,0,0,000000000,00000000000,0,0,0,1,0,0,0,0,0,0,0,998,0,0,0,12,12,6,2,12,0,0,0,1,13,30646,6,1,0,0,3,0,72,235,98,0,0,0,0,0,0,0,0,0,0,0,0,0,2,2,55,1,3,2,2,98,3,1,66,1,1,1,86,0,0
13,130883,1,1,1,1,10,7,5,1,0,1,0,13,2,76,705,76705,80,2008,JYAVM01E48A1,J,Y,A,V,M,0,1,E,4,8,A,1,0,M,YAMA,VS6,RS,8,17,,,,,,,649,0,0,000000000,00000000000,0,0,0,1,0,0,0,0,0,0,0,998,0,0,0,0,0,6,2,1,0,0,0,1,13,30535,6,1,0,0,3,0,63,175,98,0,0,0,0,0,0,0,0,0,85,0,0,0,1,2,35,2,1,8,1,0,0,14,67,4,2,1,98,1,0
13,130884,1,1,2,10,10,11,10,1,0,1,0,13,2,23,401,23401,14,1998,1GKCS13W2W25,1,G,K,C,S,1,3,W,2,W,2,5,0,T,GMC,JMY,4W,98,17,,1,0,1005,JMY,G,,0,0,000000000,00000000000,0,0,0,1,0,0,0,0,0,0,0,998,0,1,6,0,12,6,2,1,0,0,0,1,13,31023,6,1,0,0,3,0,64,115,98,0,0,0,0,0,0,0,0,0,99,99,99,99,1,2,55,1,4,2,1,0,0,1,9,1,7,4,7,1,1
13,130885,1,1,1,1,10,23,50,8,0,1,0,13,3,14,6,14006,4,1992,2MECM74W7NX7,2,M,E,C,M,7,4,W,7,N,X,7,0,P,MERC,GMG,4D,92,17,3768,,0,1144,,G,,0,0,000000000,00000000000,0,0,0,1,0,0,0,0,0,1,0,998,0,0,0,12,12,4,3,8,0,0,0,1,13,30217,6,1,0,0,3,3,71,368,98,0,0,1,0,1,2008,1,2008,0,86,0,0,0,3,2,45,1,1,8,1,3,3,1,80,1,1,1,13,0,0
13,130886,1,1,1,1,10,0,33,20,0,1,0,13,1,20,481,20481,31,2004,2GCEK13T4414,2,G,C,E,K,1,3,T,4,4,1,4,0,T,CHEV,SK1,CW,4,17,,2,0,1435,SIL,G,,0,0,000000000,00000000000,0,0,0,1,0,0,0,0,0,0,0,998,0,1,5,12,5,6,2,1,0,0,0,1,13,31545,6,1,0,0,3,3,69,160,98,0,0,0,0,0,0,0,0,0,29,58,0,0,1,2,55,1,1,8,1,40,3,1,13,99,1,4,1,1,1
13,130887,1,2,4,2,10,20,37,12,6,1,0,13,2,30,40,30040,4,2000,3VWSC29M5YM1,3,V,W,S,C,2,9,M,5,Y,M,1,0,P,VOLK,JGS,4D,0,17,2870,,0,989,,G,,0,0,000000000,00000000000,0,0,0,1,0,0,0,0,0,0,0,998,0,0,0,10,10,4,1,12,0,0,0,1,13,31775,0,0,0,0,0,0,999,999,98,0,0,0,0,0,0,0,0,0,39,0,0,0,1,2,55,1,1,8,1,20,3,10,16,99,1,1,74,1,0
13,130887,2,2,1,2,10,20,37,12,6,1,0,13,1,20,441,20441,20,1998,1GNDM19W3WB1,1,G,N,D,M,1,9,W,3,W,B,1,0,T,CHEV,AST,ES,98,17,,1,0,1112,AST,G,,0,0,000000000,00000000000,0,0,0,1,0,0,0,0,0,0,0,998,0,0,0,12,12,6,2,12,0,0,0,1,13,31775,0,0,0,0,0,0,999,999,98,0,0,0,0,0,0,0,0,0,92,0,0,0,1,2,55,1,1,8,1,0,0,1,65,99,1,1,74,0,0
13,130888,1,1,2,13,10,8,14,34,0,1,0,13,1,18,2,18002,4,1998,1G4HP52K9WH4,1,G,4,H,P,5,2,K,9,W,H,4,0,P,BUIC,LCF,4D,98,17,3348,,0,1108,,G,,0,0,000000000,00000000000,0,0,0,1,0,0,0,0,0,0,0,998,0,1,6,14,2,6,2,42,32,0,0,1,13,30475,6,1,0,0,3,0,74,160,98,0,0,0,0,0,0,0,0,0,58,0,0,0,1,2,55,3,1,2,1,0,0,14,13,1,1,4,6,1,0
13,130889,1,1,1,3,10,0,59,8,0,1,0,13,1,12,3,12003,2,2004,1FAFP40674F2,1,F,A,F,P,4,0,6,7,4,F,2,0,P,FORD,MUS,CP,4,17,3114,,0,1013,,G,,0,0,000000000,00000000000,0,0,0,1,0,0,0,0,0,0,0,998,0,0,0,12,12,6,2,8,0,0,0,1,13,30349,6,1,0,0,3,0,61,137,98,0,0,0,0,0,0,0,0,0,86,0,0,0,2,3,45,1,1,2,1,0,0,1,80,1,1,1,13,0,0
13,130890,1,1,19,3,10,18,38,1,0,1,0,13,3,7,461,7461,21,1987,2B5WB31W2HK2,2,B,5,W,B,3,1,W,2,H,K,2,0,P,DODG,RMW,SV,87,17,4423,,0,1276,,G,,0,0,000000000,00000000000,0,0,0,1,0,0,0,0,0,0,0,998,0,1,1,0,0,6,2,1,0,0,0,1,13,31826,6,1,0,0,3,3,68,207,98,0,0,0,0,0,0,0,0,0,80,28,58,0,2,2,65,1,1,8,1,0,0,1,1,99,9,7,98,4,0
13,130891,1,2,2,16,10,20,12,12,6,1,0,13,2,54,32,54032,4,1994,JH4KA7673RC0,J,H,4,K,A,7,6,7,3,R,C,0,0,P,ACUR,LLS,4D,94,17,3477,,0,1146,,G,,0,0,000000000,00000000000,0,0,0,1,0,0,0,0,0,0,0,998,0,0,0,12,12,6,2,12,0,0,0,1,13,30337,1,1,0,0,2,0,70,140,98,3,0,1,1,6,2009,4,2010,1,23,0,0,0,1,2,35,1,1,2,1,0,0,1,70,1,1,1,83,1,1
13,130891,2,2,3,16,10,20,12,12,6,1,0,13,2,42,401,42401,14,2000,4JGAB54E4YA2,4,J,G,A,B,5,4,E,4,Y,A,2,0,P,MERZ,ML3,UT,0,17,4210,,0,1110,,G,,0,0,000000000,00000000000,0,0,0,1,0,0,0,0,0,0,0,998,0,0,0,9,9,6,2,12,0,0,0,1,13,30291,6,1,0,0,3,3,64,140,98,1,0,0,0,3,2010,3,2010,0,38,0,0,0,1,2,35,1,1,2,1,29,9,11,16,1,1,1,82,0,0
13,130892,1,2,2,4,10,11,36,12,6,1,0,13,1,55,33,55033,4,2007,5NPET46C47H2,5,N,P,E,T,4,6,C,4,7,H,2,0,P,HYUN,SGL,4D,7,17,3253,,0,1074,,G,,0,0,000000000,00000000000,0,0,0,1,0,0,0,0,0,0,0,998,0,0,0,1,1,6,2,12,0,0,0,1,13,31088,6,1,0,0,3,3,67,155,98,0,0,0,0,0,0,0,0,0,38,0,0,0,1,4,35,1,1,2,1,3,3,1,15,1,1,1,87,1,0
13,130892,2,2,1,4,10,11,36,12,6,1,0,92,0,20,10,20010,2,1986,1G1GZ37H1GR1,1,G,1,G,Z,3,7,H,1,G,R,1,0,P,CHEV,MOC,CP,86,17,3078,,0,1081,,G,,0,0,000000000,00000000000,0,0,0,1,0,0,0,0,0,0,0,998,0,0,0,12,12,6,2,12,0,0,0,1,13,30459,6,1,0,0,3,0,67,230,98,3,0,3,1,10,2007,7,2009,0,0,0,0,0,1,4,35,1,1,2,1,3,3,1,66,1,1,1,86,0,0
13,130893,1,2,1,4,10,8,55,12,2,1,0,13,2,20,443,20443,20,2002,1GNDX13E62D2,1,G,N,D,X,1,3,E,6,2,D,2,0,T,CHEV,LUX,ES,2,17,,1,0,1200,VTR,G,,0,0,000000000,00000000000,0,0,0,1,0,0,0,0,0,0,0,998,0,0,0,12,12,6,2,12,0,0,0,1,13,31030,1,1,0,0,2,0,70,450,98,3,0,3,0,12,2007,9,2010,0,28,0,0,0,1,2,55,1,1,8,1,0,0,1,10,99,1,2,50,1,0
13,130893,2,2,2,4,10,8,55,12,2,1,0,13,1,20,481,20481,31,2008,1GCHC29K78E1,1,G,C,H,C,2,9,K,7,8,E,1,0,T,CHEV,2CH,4C,8,17,,2,1575,1435,SIL,G,,0,0,000000000,00000000000,0,0,0,1,0,0,0,0,0,0,0,998,0,0,0,12,8,6,2,12,0,0,0,1,13,31798,6,1,0,0,3,3,74,250,98,0,0,0,0,0,0,0,0,0,0,0,0,0,1,2,55,1,1,8,1,0,0,1,62,1,1,1,51,0,0
13,130894,1,1,1,16,10,20,53,8,0,1,1,99,9,99,999,99999,99,9999,999999999999,9,9,9,9,9,9,9,9,9,9,9,9,0,U,,,,9,17,,,,,,,,0,0,000000000,00000000000,0,0,0,1,0,0,0,0,0,0,0,999,9,0,0,12,12,4,1,8,0,0,0,1,99,99999,9,9,99,9,9,9,999,999,99,99,99,99,99,99,9999,99,9999,9,86,0,0,0,1,2,40,1,1,2,1,0,0,1,80,99,1,1,13,0,0
13,130895,1,1,2,17,10,16,56,18,0,1,0,47,1,73,706,73706,80,2002,JKBVNAE162A1,J,K,B,V,N,A,E,1,6,2,A,1,0,M,KAWK,V5E,RS,2,17,,,,,,,1500,0,0,000000000,00000000000,0,0,0,1,0,0,0,0,0,0,0,998,0,0,0,12,61,6,2,1,0,0,0,1,47,37415,6,1,0,0,3,0,76,235,0,0,0,2,0,1,2010,1,2010,0,28,0,0,0,2,2,65,1,1,2,1,0,0,1,8,2,2,1,12,1,0
13,130896,1,1,1,19,10,22,16,34,0,1,0,13,1,72,706,72706,80,2003,1HD1FMW1X3Y6,1,H,D,1,F,M,W,1,X,3,Y,6,0,M,HD,TPI,RS,3,17,,,,,,,1450,0,0,000000000,00000000000,0,0,0,1,0,0,0,0,0,0,0,998,0,0,0,12,12,6,2,1,0,0,0,1,13,30217,6,1,0,0,3,0,70,230,98,3,0,3,2,1,2008,2,2010,1,28,0,0,0,1,2,35,3,6,2,1,0,0,14,6,1,1,4,1,1,0
13,130897,1,2,1,19,10,20,41,12,6,1,0,13,2,49,422,49422,15,2001,5TDZT34A31S0,5,T,D,Z,T,3,4,A,3,1,S,0,0,P,TOYT,SEQ,UT,1,17,5070,,0,1181,,G,,0,0,000000000,00000000000,0,0,0,1,0,0,0,0,0,0,0,998,0,1,1,9,9,6,2,12,0,0,0,1,13,31313,6,1,0,0,3,3,66,157,98,0,0,0,1,3,2008,3,2008,0,38,0,0,0,1,2,30,1,1,2,1,20,3,1,17,1,1,1,89,1,0
13,130897,2,2,1,19,10,20,41,12,6,1,0,28,2,12,3,12003,2,2001,1FAFP42X21F2,1,F,A,F,P,4,2,X,2,1,F,2,0,P,FORD,MGT,CP,1,17,3241,,0,1013,,G,,0,0,000000000,00000000000,0,0,0,1,0,0,0,0,0,0,0,998,0,0,0,12,12,6,2,12,0,0,0,1,5,31313,6,1,0,0,3,0,66,155,0,0,0,0,1,8,2010,8,2010,1,0,0,0,0,5,4,45,1,1,2,1,0,0,1,66,1,1,1,88,0,0
13,130898,1,2,1,5,10,7,18,8,0,1,0,13,1,24,1,24001,4,2001,1G8ZH52841Z2,1,G,8,Z,H,5,2,8,4,1,Z,2,0,P,STRN,SL1,4D,1,17,2360,,0,1024,,G,,0,0,000000000,00000000000,0,0,0,1,0,0,0,0,0,0,0,998,0,0,0,12,12,6,2,8,0,0,0,1,13,30253,6,1,0,0,3,0,63,134,98,0,0,0,0,0,0,0,0,0,86,0,0,0,2,2,45,1,1,2,1,0,0,1,80,1,1,1,13,0,0
13,130898,2,2,1,5,10,7,18,8,0,1,0,13,1,12,471,12471,30,1994,1FTCR10X9RTB,1,F,T,C,R,1,0,X,9,R,T,B,0,T,FORD,RNG,PK,94,17,,1,1140,1080,RNG,G,,0,0,000000000,00000000000,0,0,0,1,0,0,0,0,0,0,0,998,0,0,0,14,14,2,3,8,0,0,0,1,13,30016,6,1,6,0,3,0,69,230,98,0,0,0,0,0,0,0,0,0,86,0,0,0,2,2,45,1,1,2,1,0,0,1,80,1,1,1,98,0,0
13,130899,1,1,2,5,10,13,58,34,0,1,0,13,1,12,17,12017,4,2003,1FAFP55253A2,1,F,A,F,P,5,5,2,5,3,A,2,0,P,FORD,TSS,4D,3,17,3329,,0,1085,,F,,0,0,000000000,00000000000,0,0,0,1,0,0,0,0,0,0,0,998,0,1,5,11,13,6,2,34,0,0,0,1,13,31096,6,1,0,0,3,0,63,160,98,0,0,0,0,0,0,0,0,0,29,58,0,0,1,2,55,1,3,8,1,0,0,1,11,7,4,4,2,1,0
13,130900,1,1,1,20,10,4,1,8,0,1,1,99,9,99,999,99999,99,9999,999999999999,9,9,9,9,9,9,9,9,9,9,9,9,0,U,,,,9,17,,,,,,,,0,0,000000000,00000000000,0,0,0,1,0,0,0,0,99,99,9,999,0,0,0,14,14,9,1,8,0,0,0,1,99,99999,9,9,99,9,9,9,999,999,99,99,99,99,99,99,9999,99,9999,9,86,0,0,0,1,2,55,1,2,2,2,98,8,1,80,99,1,1,13,0,0
13,130901,1,2,4,8,10,18,16,12,6,1,0,13,2,20,431,20431,16,1999,3GNEC16R4XG1,3,G,N,E,C,1,6,R,4,X,G,1,0,P,CHEV,C15,UT,99,17,4825,,0,1315,,G,,0,0,000000000,00000000000,0,0,0,1,0,0,0,0,0,0,0,998,0,0,0,12,12,6,2,12,0,0,0,1,13,31757,6,2,0,0,3,0,68,167,98,0,0,0,0,0,0,0,0,0,38,0,0,0,2,2,65,1,1,2,1,0,0,11,15,1,1,2,84,0,0
13,130901,2,2,3,8,10,18,16,12,6,1,0,13,1,35,421,35421,15,2006,5N1AA08A36N7,5,N,1,A,A,0,8,A,3,6,N,7,0,P,NISS,ARM,UT,6,17,5069,,0,1232,,G,,0,0,000000000,00000000000,0,0,0,1,0,0,0,0,0,0,0,998,0,1,5,9,9,6,2,12,0,0,0,1,13,39828,6,1,0,0,3,3,71,242,98,1,0,3,4,2,2008,6,2009,0,0,0,0,0,2,2,65,1,1,8,1,0,0,1,17,99,1,1,84,1,0
13,130902,1,2,1,21,10,15,26,12,2,1,0,13,3,12,21,12021,4,2006,1FAFP24146G1,1,F,A,F,P,2,4,1,4,6,G,1,0,P,FORD,5SL,4D,6,17,3664,,0,1129,,G,,0,0,000000000,00000000000,0,0,0,1,0,0,0,0,0,0,0,998,0,0,0,12,12,6,2,12,0,0,0,1,13,30907,6,1,0,0,3,0,65,155,98,0,0,1,0,3,2008,3,2008,0,28,0,0,0,1,4,55,1,1,2,1,0,0,1,10,1,1,2,50,0,0
13,130902,2,2,3,21,10,15,26,12,2,1,0,13,2,37,441,37441,20,2004,5FNRL18924B0,5,F,N,R,L,1,8,9,2,4,B,0,0,P,HOND,UDY,SV,4,17,4365,,0,1181,,G,,0,0,000000000,00000000000,0,0,0,1,0,0,0,0,0,0,0,998,0,0,0,12,12,6,2,12,0,0,0,1,13,30238,6,1,0,0,3,0,66,180,98,0,0,0,0,0,0,0,0,0,0,0,0,0,1,4,55,1,1,2,1,0,0,1,62,1,1,1,51,1,0
13,130903,1,2,1,22,10,14,34,12,8,1,0,45,2,37,706,37706,80,2005,1HFSC52075A2,1,H,F,S,C,5,2,0,7,5,A,2,0,M,HOND,V13,RS,5,17,,,,,,,1312,0,0,000000000,00000000000,0,0,0,1,0,0,0,0,0,0,0,998,0,0,0,62,62,6,2,12,0,0,0,1,45,29676,6,1,0,0,3,0,69,220,0,0,0,0,0,0,0,0,0,0,28,0,0,0,1,2,35,2,6,2,1,98,3,14,9,1,2,2,64,1,0
13,130903,2,2,1,22,10,14,34,12,8,1,0,37,1,19,3,19003,4,1988,1G6DW51Y3J97,1,G,6,D,W,5,1,Y,3,J,9,7,0,P,CADI,BRO,4D,88,17,3949,,0,1215,,G,,0,0,000000000,00000000000,0,0,0,1,0,0,0,0,0,0,0,998,0,0,0,62,62,6,2,12,0,0,0,1,37,28734,6,1,0,0,3,0,73,999,0,0,0,0,0,0,0,0,0,0,0,0,0,0,1,2,35,3,5,2,1,98,3,14,62,1,1,1,65,0,0
13,130904,1,3,1,24,10,1,18,12,7,1,0,93,3,86,881,86881,66,2007,1M1AK06Y97N0,1,M,1,A,K,0,6,Y,9,7,N,0,1,T,MACK,CXN,DS,7,17,,8,0,0,600,D,,1,57,982359,57982359,3,6,1,1,0,0,0,0,0,0,0,998,0,0,0,1,1,6,2,8,0,0,0,1,13,30421,6,1,6,0,3,3,65,200,98,0,0,0,0,0,0,0,0,0,28,0,0,0,2,4,70,1,1,2,1,0,0,1,11,1,1,2,45,0,0
13,130904,2,3,2,24,10,1,18,12,7,1,0,13,1,35,471,35471,30,1986,1N6ND11S9GC3,1,N,6,N,D,1,1,S,9,G,C,3,0,T,NISS,U2S,PK,86,17,,1,0,0,D21,G,,0,0,000000000,00000000000,0,0,0,1,0,0,0,0,0,0,0,0,0,0,0,10,10,4,3,12,0,0,0,1,13,31217,6,1,0,0,3,0,65,150,98,3,2,0,0,6,2008,6,2008,0,0,0,0,0,2,4,70,1,1,2,1,0,0,5,60,1,1,1,44,0,0
13,130904,3,3,3,24,10,1,18,12,7,1,0,0,6,7,482,7482,31,2005,3D7KR28C55G7,3,D,7,K,R,2,8,C,5,5,G,7,0,T,DODG,SQ2,CW,5,17,,2,1605,1405,RPC,D,,0,0,000000000,00000000000,0,0,0,1,0,0,0,0,0,0,0,0,0,0,0,63,63,6,2,12,0,0,0,0,,,,,,,,,999,,,,,,,,,,,,0,0,0,0,2,4,70,1,1,2,1,0,0,0,60,0,0,0,98,0,0
13,130905,1,3,1,25,10,22,15,8,0,1,0,13,2,30,47,30047,1,2003,3VWCK21Y43M3,3,V,W,C,K,2,1,Y,4,3,M,3,0,P,VOLK,NGS,CV,3,17,3008,,0,989,,G,,0,0,000000000,00000000000,0,0,0,1,0,0,0,0,0,0,0,998,0,0,0,14,14,2,1,8,0,0,0,1,13,30034,6,1,0,0,3,0,69,130,98,0,0,0,1,4,2010,4,2010,0,86,0,0,0,1,4,45,1,2,2,2,0,0,1,80,1,1,1,13,0,0
13,130905,2,3,1,25,10,22,15,8,0,1,0,13,1,20,441,20441,20,1999,1GNDM19W2XB1,1,G,N,D,M,1,9,W,2,X,B,1,0,T,CHEV,AST,ES,99,17,,1,0,1112,AST,G,,0,0,000000000,00000000000,0,0,0,1,0,0,0,0,0,0,0,998,0,0,0,14,14,2,1,8,0,0,0,1,13,30303,6,1,0,0,3,0,72,175,98,0,0,0,0,0,0,0,0,0,86,0,0,0,1,4,45,1,2,2,2,0,0,1,80,1,1,1,98,0,0
13,130905,3,3,1,25,10,22,15,8,0,1,0,13,2,49,43,49043,4,2002,4T1BF28B32U2,4,T,1,B,F,2,8,B,3,2,U,2,0,P,TOYT,UVS,4D,2,17,3417,,0,1071,,G,,0,0,000000000,00000000000,0,0,0,1,0,0,0,0,0,0,0,998,0,0,0,14,14,2,1,8,0,0,0,1,13,30038,6,1,0,0,3,0,63,160,98,0,0,0,0,0,0,0,0,0,86,0,0,0,1,4,45,1,2,2,2,0,0,1,80,1,1,1,98,0,0
13,130906,1,1,1,26,10,2,37,42,0,1,0,13,1,20,36,20036,2,2003,2G1WX12K2393,2,G,1,W,X,1,2,K,2,3,9,3,0,P,CHEV,MSS,CP,3,17,3395,,0,1105,,G,,0,0,000000000,00000000000,0,0,0,1,0,0,0,0,0,0,0,998,0,0,0,12,12,6,2,42,0,0,0,1,13,30035,6,1,0,0,3,0,62,170,98,0,0,0,0,0,0,0,0,0,28,0,0,0,1,2,35,1,2,2,1,3,3,1,14,1,1,4,14,1,0
13,130907,1,2,1,27,10,15,34,12,6,1,0,13,2,21,20,21020,4,1995,1G3WH52MXSD3,1,G,3,W,H,5,2,M,X,S,D,3,0,P,OLDS,SUL,4D,95,17,3354,,0,1075,,G,,0,0,000000000,00000000000,0,0,0,1,0,0,0,0,0,0,0,998,0,0,0,1,1,2,3,12,32,0,0,1,13,31406,0,0,0,0,0,0,72,142,98,0,0,0,0,0,0,0,0,1,26,38,0,0,1,2,35,1,1,2,1,0,0,11,15,1,1,1,68,0,1
13,130907,2,2,1,27,10,15,34,12,6,1,0,13,1,53,706,53706,80,2006,JS1VS55A4621,J,S,1,V,S,5,5,A,4,6,2,1,0,M,SUZI,C50,RS,6,17,,,,,,,805,0,0,000000000,00000000000,0,0,0,1,0,0,0,0,0,0,0,998,0,0,0,12,12,6,2,2,0,0,1,1,13,31410,6,1,6,0,3,0,71,200,98,1,0,1,0,11,2007,10,2008,0,0,0,0,0,1,2,35,1,1,2,1,0,0,1,17,1,1,1,69,1,0
13,130908,1,2,1,27,10,16,24,12,6,1,0,13,1,19,3,19003,4,2005,1G6KE54Y15U1,1,G,6,K,E,5,4,Y,1,5,U,1,0,P,CADI,DHS,4D,5,17,4049,,0,1153,,G,,0,0,000000000,00000000000,0,0,0,1,0,0,0,0,0,0,0,998,0,0,0,2,2,6,2,12,0,0,0,1,13,30747,6,1,0,0,3,3,65,130,98,0,0,0,0,0,0,0,0,0,38,0,0,0,1,2,55,1,1,2,2,20,3,1,17,1,1,1,87,1,0
13,130908,2,2,1,27,10,16,24,12,6,1,0,1,1,35,39,35039,4,2010,1N4AA5AP3AC8,1,N,4,A,A,5,A,P,3,A,C,8,0,P,NISS,MSV,4D,10,17,3556,,0,1093,,G,,0,0,000000000,00000000000,0,0,0,1,0,0,0,0,0,0,0,998,0,0,0,12,12,6,2,12,0,0,0,1,1,35907,6,1,0,0,3,0,65,120,0,0,0,2,0,11,2007,6,2008,0,0,0,0,0,1,2,55,3,1,2,2,0,0,14,66,1,1,1,86,0,0
13,130909,1,1,1,27,10,15,45,1,0,1,0,0,0,99,998,99998,92,1999,000000000000,0,0,0,0,0,0,0,0,0,0,0,0,0,U,,,,,17,,,,,,,,0,0,000000000,00000000000,0,0,0,1,0,0,0,0,0,0,0,998,0,1,6,0,0,6,2,1,0,0,0,1,13,31079,1,1,0,0,2,0,67,150,98,1,0,0,0,11,2007,11,2007,0,0,0,0,0,1,2,55,1,1,2,1,0,0,1,9,1,1,4,1,1,0
13,130910,1,2,1,28,10,18,30,12,6,1,0,92,0,53,703,53703,83,1999,JS1NJ48A0X21,J,S,1,N,J,4,8,A,0,X,2,1,0,M,SUZI,GZ2,RS,99,17,,,,,,,249,0,0,000000000,00000000000,0,0,0,1,0,0,0,0,0,0,0,998,0,0,0,12,12,6,2,12,0,0,0,1,13,31513,0,0,0,0,0,0,999,999,98,0,0,0,0,0,0,0,0,0,39,0,0,0,1,2,30,1,1,2,1,20,3,1,17,1,1,1,88,1,1
13,130910,2,2,1,28,10,18,30,12,6,1,0,13,1,18,7,18007,4,2001,2G4WS52J1112,2,G,4,W,S,5,2,J,1,1,1,2,0,P,BUIC,CCU,4D,1,17,3368,,0,1090,,G,,0,0,000000000,00000000000,0,0,0,1,0,0,0,0,0,0,0,998,0,0,0,9,9,4,3,12,0,0,0,1,13,31563,6,1,0,0,3,3,64,265,98,0,0,0,0,0,0,0,0,0,0,0,0,0,1,2,30,1,1,2,1,0,0,1,66,1,1,1,89,0,0
13,130911,1,2,1,28,10,21,0,12,6,1,0,6,1,12,401,12401,14,1998,1FMYU22X0WUA,1,F,M,Y,U,2,2,X,0,W,U,A,0,P,FORD,EPR,UT,98,17,3692,,0,1017,,G,,0,0,000000000,00000000000,0,0,0,1,0,0,0,0,0,0,0,998,0,0,0,3,3,4,3,12,0,0,0,1,6,30152,6,1,0,0,3,0,999,999,0,0,0,0,1,3,2009,3,2009,0,38,0,0,0,3,2,55,1,2,2,1,3,3,11,15,1,1,1,68,0,0
13,130911,2,2,2,28,10,21,0,12,6,1,0,13,1,76,706,76706,80,2000,JYARN05E4YA0,J,Y,A,R,N,0,5,E,4,Y,A,0,0,M,YAMA,YFR,RS,0,17,,,,,,,998,0,0,000000000,00000000000,0,0,0,1,0,0,0,0,0,0,0,998,0,0,0,12,12,6,2,12,0,0,0,1,13,30152,6,1,0,0,3,0,66,180,98,2,0,2,2,10,2008,6,2010,0,92,0,0,0,3,2,55,1,2,2,1,3,3,1,63,1,1,1,69,1,0