STATE,ST_CASE,VEH_NO,VE_FORMS,NUMOCCS,DAY,MONTH,HOUR,MINUTE,HARM_EV,MAN_COLL,UNITTYPE,HIT_RUN,REG_STAT,OWNER,MAKE,MODEL,MAK_MOD,BODY_TYP,MOD_YEAR,VIN,VIN_1,VIN_2,VIN_3,VIN_4,VIN_5,VIN_6,VIN_7,VIN_8,VIN_9,VIN_10,VIN_11,VIN_12,TOW_VEH,VINTYPE,VINMAKE,VINA_MOD,VIN_BT,VINMODYR,VIN_LNGT,VIN_WGT,WGTCD_TR,WHLBS_LG,WHLBS_SH,SER_TR,FUELCODE,MCYCL_DS,J_KNIFE,MCARR_I1,MCARR_I2,MCARR_ID,GVWR,V_CONFIG,CARGO_BT,HAZ_INV,HAZ_PLAC,HAZ_ID,HAZ_CNO,HAZ_REL,BUS_USE,SPEC_USE,EMER_USE,TRAV_SP,UNDERIDE,ROLLOVER,ROLINLOC,IMPACT1,IMPACT2,DEFORMED,TOWED,M_HARM,VEH_SC1,VEH_SC2,FIRE_EXP,DR_PRES,L_STATE,DR_ZIP,L_STATUS,L_TYPE,CDL_STAT,L_ENDORS,L_COMPL,L_RESTRI,DR_HGT,DR_WGT,PREV_ACC,PREV_SUS,PREV_DWI,PREV_SPD,PREV_OTH,FIRST_MO,FIRST_YR,LAST_MO,LAST_YR,SPEEDREL,DR_SF1,DR_SF2,DR_SF3,DR_SF4,VTRAFWAY,VNUM_LAN,VSPD_LIM,VALIGN,VPROFILE,VPAVETYP,VSURCOND,VTRAFCON,VTCONT_F,P_CRASH1,P_CRASH2,P_CRASH3,PCRASH4,PCRASH5,ACC_TYPE,DEATHS,DR_DRINK
13,130951,1,2,1,26,10,11,28,12,2,1,0,13,2,20,401,20401,14,2005,1GCDS1364582,1,G,C,D,S,1,3,6,4,5,8,2,0,T,CHEV,RDO,CW,5,17,,1,0,1260,CAL,G,,0,0,000000000,00000000000,0,0,0,1,0,0,0,0,0,0,0,998,0,0,0,12,12,6,2,12,0,0,0,1,13,30040,6,1,0,0,3,0,73,233,98,0,0,0,0,0,0,0,0,0,28,0,0,0,1,2,55,1,3,2,1,0,0,1,10,1,1,2,50,1,0
13,130951,2,2,2,26,10,11,28,12,2,1,0,13,3,84,881,84881,63,1999,1HTSDAAN5XH6,1,H,T,S,D,A,A,N,5,X,H,6,0,T,INTL,490,CC,99,17,,7,2540,1280,40S,D,,0,57,111722,57111722,3,2,7,1,0,0,0,0,0,0,0,998,0,0,0,12,12,6,2,12,0,0,0,1,13,30188,6,1,6,0,3,0,63,237,98,0,0,0,1,7,2009,7,2009,0,0,0,0,0,1,2,55,1,3,2,1,0,0,1,62,1,1,1,51,0,0
13,130952,1,2,1,1,11,15,45,12,6,1,0,13,1,12,17,12017,4,1996,1FALP52U8TA3,1,F,A,L,P,5,2,U,8,T,A,3,0,P,FORD,TAG,4D,96,17,3347,,0,1085,,G,,0,0,000000000,00000000000,0,0,0,1,0,0,0,0,0,0,0,998,0,0,0,12,12,6,2,12,0,0,0,1,13,30168,6,1,0,0,3,0,66,145,98,0,0,0,0,0,0,0,0,0,38,0,0,0,5,4,45,1,2,2,1,3,3,11,15,1,1,1,68,1,0
13,130952,2,2,1,1,11,15,45,12,6,1,0,93,1,84,883,84883,66,1995,1HSRKAER2SH2,1,H,S,R,K,A,E,R,2,S,H,2,1,T,INTL,970,TL,95,17,,8,1960,1360,90S,D,,1,57,00742910,5700742910,3,6,1,1,0,0,0,0,0,0,0,998,0,0,0,11,11,6,2,12,0,0,0,1,13,30127,6,1,6,0,3,0,73,255,98,0,0,0,1,1,2009,1,2009,0,0,0,0,0,5,4,45,1,2,2,1,3,3,1,62,1,1,1,69,0,0
13,130953,1,1,2,1,11,22,30,8,0,1,0,13,2,23,401,23401,14,2000,1GKCS18W7YK2,1,G,K,C,S,1,8,W,7,Y,K,2,0,T,GMC,JMY,2W,0,17,,1,0,1005,JMY,G,,0,0,000000000,00000000000,0,0,0,1,0,0,0,0,0,0,0,998,0,0,0,12,12,2,1,8,0,0,0,1,13,30132,6,1,0,0,3,0,70,160,98,0,0,0,0,0,0,0,0,0,86,0,0,0,1,2,55,1,2,2,1,28,3,1,80,1,1,1,13,0,0
13,130954,1,2,2,3,11,10,0,12,2,1,0,13,2,35,471,35471,30,1994,1N6SD11S0RC3,1,N,6,S,D,1,1,S,0,R,C,3,0,T,NISS,XES,PK,94,17,,1,0,1043,TRK,G,,0,0,000000000,00000000000,0,0,0,1,0,0,0,0,0,0,0,998,0,0,0,12,12,6,2,12,0,0,0,1,13,30032,0,0,0,0,0,0,70,250,98,0,0,0,0,0,0,0,0,0,28,0,0,0,1,2,35,1,2,2,2,28,8,1,10,1,1,2,50,1,0
13,130954,2,2,1,3,11,10,0,12,2,1,0,13,1,49,442,49442,20,2008,5TDZK23C68S1,5,T,D,Z,K,2,3,C,6,8,S,1,0,P,TOYT,SIE,SV,8,17,4177,,0,1193,,G,,0,0,000000000,00000000000,0,0,0,1,0,0,0,0,0,0,0,998,0,0,0,12,12,6,2,12,0,0,0,1,13,30281,6,1,0,0,3,0,61,155,98,0,0,0,0,0,0,0,0,0,0,0,0,0,1,2,35,1,2,2,2,0,0,1,62,1,1,1,51,0,0
13,130955,1,1,1,3,11,23,34,30,0,1,0,13,1,20,481,20481,31,2008,1GCEC14X28Z3,1,G,C,E,C,1,4,X,2,8,Z,3,0,T,CHEV,SC1,PK,8,17,,2,1330,1190,SIL,G,,0,0,000000000,00000000000,0,0,0,1,0,0,0,0,0,0,0,998,0,1,6,12,12,6,2,30,0,0,0,1,13,30022,6,1,0,0,3,0,70,185,98,0,0,0,0,0,0,0,0,0,99,99,99,99,1,2,45,3,1,2,2,0,0,14,8,1,1,4,6,1,1
13,130956,1,2,3,3,11,12,35,12,6,1,0,13,1,49,32,49032,6,1995,JT2AE09V4S00,J,T,2,A,E,0,9,V,4,S,0,0,0,P,TOYT,COX,SW,95,17,2403,,0,970,,G,,0,0,000000000,00000000000,0,0,0,1,0,0,0,0,0,0,0,998,0,0,0,3,3,6,2,12,0,0,0,1,13,30507,6,1,0,0,3,3,64,175,98,0,0,0,0,0,0,0,0,0,38,0,0,0,2,2,65,1,1,2,2,28,3,11,15,1,1,1,68,3,0
13,130956,2,2,1,3,11,12,35,12,6,1,0,13,1,12,441,12441,20,1993,1FMDA31U2PZB,1,F,M,D,A,3,1,U,2,P,Z,B,0,T,FORD,ARO,ES,93,17,,1,0,1190,ARO,G,,0,0,000000000,00000000000,0,0,0,1,0,0,0,0,0,0,0,998,0,0,0,12,12,6,2,12,0,0,0,1,13,30510,6,1,0,0,3,0,68,145,98,0,0,1,2,11,2009,6,2010,0,0,0,0,0,2,2,65,1,1,2,2,28,3,1,62,98,1,1,69,0,0
13,130957,1,1,2,4,11,15,17,42,0,1,0,13,2,12,3,12003,2,2006,1ZVFT82H6651,1,Z,V,F,T,8,2,H,6,6,5,1,0,P,FORD,MGT,CP,6,17,3483,,0,1071,,G,,0,0,000000000,00000000000,0,0,0,1,0,0,0,0,0,0,0,998,0,0,0,12,12,6,2,42,0,0,0,1,13,30143,2,1,0,0,2,0,69,185,98,1,3,0,3,2,2008,4,2008,0,99,99,99,99,1,2,45,1,1,2,1,28,3,1,9,1,1,4,6,1,0
13,130958,1,1,1,5,11,0,58,24,0,1,0,13,2,51,34,51034,6,1983,YV1AX8850D14,Y,V,1,A,X,8,8,5,0,D,1,4,0,P,VOLV,4DG,SW,83,17,3079,,0,1043,,G,,0,0,000000000,00000000000,0,0,0,1,0,0,0,0,0,0,0,998,0,0,0,12,12,6,2,42,0,0,0,1,13,30087,0,0,0,0,0,0,999,999,98,0,0,0,0,0,0,0,0,0,0,0,0,0,1,2,45,1,1,2,1,0,0,1,9,1,1,4,6,1,1
13,130959,1,1,1,5,11,13,0,8,0,1,0,13,1,35,401,35401,14,1999,JN8AR05S4XW2,J,N,8,A,R,0,5,S,4,X,W,2,0,P,NISS,PFI,UT,99,17,3566,,0,1063,,G,,0,0,000000000,00000000000,0,0,0,1,0,0,0,0,0,0,0,998,0,0,0,12,12,0,8,8,0,0,0,1,13,30035,6,1,0,0,3,0,66,172,98,0,0,0,0,0,0,0,0,0,86,0,0,0,3,3,45,1,1,2,1,0,0,1,80,1,1,1,13,0,0
13,130960,1,2,4,6,11,10,54,12,6,1,0,6,1,49,442,49442,20,2007,5TDZK23C17S0,5,T,D,Z,K,2,3,C,1,7,S,0,0,P,TOYT,SIE,SV,7,17,4177,,0,1193,,G,,0,0,000000000,00000000000,0,0,0,1,0,0,0,0,0,0,0,998,0,0,0,12,12,6,2,12,0,0,0,1,6,30813,6,1,0,0,3,3,68,190,0,0,0,0,0,0,0,0,0,0,0,0,0,0,1,2,55,1,1,2,1,0,0,1,72,1,1,1,83,0,0
13,130960,2,2,1,6,11,10,54,12,6,1,0,13,1,12,37,12037,6,2002,1FAFP36382W2,1,F,A,F,P,3,6,3,8,2,W,2,0,P,FORD,FZS,SW,2,17,2759,,0,1030,,G,,0,0,000000000,00000000000,0,0,0,1,0,0,0,0,0,0,0,998,0,0,0,10,10,6,2,12,0,0,0,1,13,30809,6,1,0,0,3,0,67,160,98,0,0,0,1,1,2009,1,2009,0,38,0,0,0,0,0,0,0,0,0,0,0,0,11,98,1,1,1,82,1,0
13,130961,1,1,1,9,11,21,38,8,0,1,0,13,1,2,404,2404,14,1999,1J4G268S1XC5,1,J,4,G,2,6,8,S,1,X,C,5,0,T,JEEP,LMT,4W,99,17,,1,0,1059,GCK,G,,0,0,000000000,00000000000,0,0,0,1,0,0,0,0,0,0,0,998,0,0,0,12,12,4,1,8,0,0,0,1,13,30236,6,1,0,0,3,0,71,170,98,3,0,2,3,2,2008,4,2010,0,85,86,0,0,3,2,45,1,1,2,1,0,0,1,80,98,1,1,13,0,0
13,130962,1,1,1,1,11,0,3,8,0,1,0,13,2,49,46,49046,4,2007,JTDKB20U7732,J,T,D,K,B,2,0,U,7,7,3,2,0,P,TOYT,PRI,4H,7,17,2932,,0,1063,,B,,0,0,000000000,00000000000,0,0,0,1,0,0,0,0,0,0,0,998,0,0,0,12,12,6,2,8,32,36,0,1,13,30236,6,1,0,0,3,0,65,110,98,0,0,0,1,5,2010,5,2010,0,86,0,0,0,1,4,45,1,1,2,1,3,3,1,80,1,1,1,13,0,0
13,130963,1,2,1,3,11,11,25,12,6,1,0,13,1,23,481,23481,31,2002,1GTEK19T42Z2,1,G,T,E,K,1,9,T,4,2,Z,2,0,T,GMC,NK1,4C,2,17,,2,1575,1435,SIE,G,,0,0,000000000,00000000000,0,0,0,1,0,0,0,0,0,0,0,998,0,0,0,12,12,2,3,12,0,0,0,1,13,30311,6,1,0,0,3,0,68,261,98,0,0,0,0,0,0,0,0,0,28,0,0,0,1,9,35,1,1,2,2,0,0,1,10,1,1,2,48,0,0
13,130963,2,2,2,3,11,11,25,12,6,1,0,13,1,24,1,24001,4,1993,1G8ZG5598PZ1,1,G,8,Z,G,5,5,9,8,P,Z,1,0,P,STRN,SL1,4D,93,17,0,,0,1024,,G,,0,0,000000000,00000000000,0,0,0,1,0,0,0,0,0,0,0,998,0,0,0,5,5,6,2,12,0,0,0,1,13,30311,6,1,0,0,3,0,71,125,98,0,0,0,0,0,0,0,0,0,0,0,0,0,1,9,35,1,1,2,2,0,0,99,61,99,1,1,48,1,0
13,130964,1,1,1,5,11,6,57,8,0,1,0,13,1,13,1,13001,4,1997,1LNLM82W6VY7,1,L,N,L,M,8,2,W,6,V,Y,7,0,P,LINC,SET,4D,97,17,3977,,0,1174,,G,,0,0,000000000,00000000000,0,0,0,1,0,0,0,0,0,0,0,998,0,0,0,12,12,2,3,8,0,0,0,1,13,31525,6,1,0,0,3,0,72,160,98,0,0,0,1,1,2010,1,2010,0,86,0,0,0,1,4,45,1,1,2,1,0,0,1,80,1,1,1,13,0,0
13,130965,1,1,2,5,11,16,38,8,0,1,0,13,2,20,481,20481,31,1987,1GCCR14Z3HF3,1,G,C,C,R,1,4,Z,3,H,F,3,0,T,CHEV,R10,PK,87,17,,1,1315,1175,R10,G,,0,0,000000000,00000000000,0,0,0,1,0,0,0,0,0,0,0,998,0,0,0,12,12,2,1,8,32,0,0,1,13,39828,6,1,0,0,3,0,68,190,98,0,0,0,0,0,0,0,0,0,86,0,0,0,1,2,35,1,1,8,1,0,0,1,80,1,1,1,13,0,0
13,130966,1,2,1,9,11,15,59,12,6,1,0,18,3,84,884,84884,63,2007,3HTWYAHR57N5,3,H,T,W,Y,A,H,R,5,7,N,5,0,T,INTL,760,TM,7,17,,8,0,0,70S,D,,0,57,329809,57329809,3,2,1,1,0,0,0,0,0,0,0,998,0,0,0,12,12,6,2,12,0,0,0,1,12,32578,6,1,6,0,3,0,69,999,0,0,0,0,0,0,0,0,0,0,39,0,0,0,1,2,55,1,1,8,1,20,3,1,17,1,1,1,86,0,0
13,130966,2,2,1,9,11,15,59,12,6,1,0,13,3,20,37,20037,4,2010,1G1ZA5E09AF1,1,G,1,Z,A,5,E,0,9,A,F,1,0,P,CHEV,M/L,4D,10,17,3415,,0,1123,,F,,0,0,000000000,00000000000,0,0,0,1,0,0,0,0,0,0,0,998,0,0,0,3,3,6,2,12,0,0,0,1,13,31779,6,1,0,0,3,0,66,190,98,0,0,0,0,0,0,0,0,0,0,0,0,0,1,2,55,1,1,8,1,0,0,1,17,99,1,1,87,1,0
13,130967,1,1,1,9,11,22,27,35,0,1,0,13,1,12,481,12481,31,1989,1FTHF25H5KNB,1,F,T,H,F,2,5,H,5,K,N,B,0,T,FORD,F25,PK,89,17,,2,0,1330,COF,G,,0,0,000000000,00000000000,0,0,0,1,0,0,0,0,0,0,0,998,0,0,0,12,12,6,2,35,0,0,0,1,13,30206,6,1,0,0,3,0,70,238,98,2,0,1,1,3,2008,6,2009,1,39,28,0,0,1,2,50,1,1,2,1,20,3,1,14,4,2,4,14,1,1
13,130968,1,1,1,10,11,23,57,52,0,1,0,13,2,20,401,20401,14,2001,1GNCS18W61K1,1,G,N,C,S,1,8,W,6,1,K,1,0,P,CHEV,BZR,UT,1,17,3699,,0,1005,,G,,0,0,000000000,00000000000,0,0,0,1,0,0,0,0,0,0,0,998,0,1,3,12,12,6,2,52,0,0,0,1,13,31322,6,1,0,0,3,0,71,189,98,0,0,0,0,0,0,0,0,0,29,0,0,0,2,3,65,1,1,2,1,98,8,1,12,99,9,4,6,1,0
13,130969,1,1,1,10,11,16,45,33,0,1,0,13,1,37,706,37706,80,1998,1HFSC2237WA0,1,H,F,S,C,2,2,3,7,W,A,0,0,M,HOND,G1E,RS,98,17,,,,,,,1520,0,0,000000000,00000000000,0,0,0,1,0,0,0,0,0,0,0,998,0,0,0,12,12,6,2,43,0,0,0,1,13,30062,6,1,0,0,3,3,70,280,98,0,0,0,0,0,0,0,0,0,85,0,0,0,2,2,45,2,2,2,1,0,0,14,60,7,9,4,2,1,0
13,130970,1,1,1,19,11,19,22,8,0,1,0,13,2,35,39,35039,4,1999,JN1CA21DXXT2,J,N,1,C,A,2,1,D,X,X,T,2,0,P,NISS,MGS,4D,99,17,2896,,0,1063,,G,,0,0,000000000,00000000000,0,0,0,1,0,0,0,0,0,0,0,998,0,0,0,12,12,6,2,8,0,0,0,1,13,30906,1,1,0,0,2,0,67,185,98,2,0,2,3,5,2010,8,2010,0,86,0,0,0,1,4,45,1,1,2,1,3,3,1,80,4,2,1,13,0,0
13,130971,1,2,1,21,11,20,16,12,2,1,0,13,1,72,706,72706,80,2001,1HD1CAP131K1,1,H,D,1,C,A,P,1,3,1,K,1,0,M,HD,L12,RS,1,17,,,,,,,1200,0,0,000000000,00000000000,0,0,0,1,0,0,0,0,0,0,0,998,0,0,0,12,12,6,2,12,0,0,1,1,13,30710,6,1,0,0,3,3,67,170,98,0,0,1,4,5,2008,4,2009,1,28,33,0,0,1,2,35,1,2,2,1,40,3,6,10,1,1,2,50,1,1
13,130971,2,2,2,21,11,20,16,12,2,1,0,13,2,55,36,55036,4,1999,KMHVF24N2XU5,K,M,H,V,F,2,4,N,2,X,U,5,0,P,HYUN,AGL,4D,99,17,2119,,0,945,,G,,0,0,000000000,00000000000,0,0,0,1,0,0,0,0,0,0,0,0,0,0,0,12,12,6,2,12,0,0,0,1,13,30736,6,1,0,0,3,0,64,98,98,0,0,0,2,7,2009,10,2010,0,0,0,0,0,1,2,35,1,2,2,1,40,3,1,62,1,1,1,51,0,0
13,130972,1,3,2,22,11,10,25,12,6,1,0,13,1,2,404,2404,14,1994,1J4FX58S2RC2,1,J,4,F,X,5,8,S,2,R,C,2,0,T,JEEP,LRO,4W,94,17,,1,0,1059,GCK,G,,0,0,000000000,00000000000,0,0,0,1,0,0,0,0,0,0,0,998,0,0,0,11,11,6,2,12,32,0,0,1,13,39815,6,1,0,0,3,3,70,192,98,0,0,0,0,0,0,0,0,0,39,0,0,0,1,2,35,1,2,2,1,20,3,11,15,1,1,2,82,1,0
13,130972,2,3,1,22,11,10,25,12,6,1,0,13,3,86,881,86881,66,1992,2M1P264Y3NC0,2,M,1,P,2,6,4,Y,3,N,C,0,1,T,MACK,RD6,TM,92,17,,8,0,0,600,D,,1,57,1171889,571171889,3,6,3,1,0,0,0,0,0,0,0,998,0,0,0,1,1,6,2,12,0,0,0,1,13,39817,6,1,6,0,3,0,67,240,98,0,0,0,1,3,2008,3,2008,0,0,0,0,0,1,2,35,1,2,2,1,0,0,1,67,6,1,2,83,0,0
13,130972,3,3,1,22,11,10,25,12,6,1,0,13,1,20,481,20481,31,2006,2GCEC13T5611,2,G,C,E,C,1,3,T,5,6,1,1,0,T,CHEV,SC1,CW,6,17,,2,0,1435,SIL,G,,0,0,000000000,00000000000,0,0,0,1,0,0,0,0,0,0,0,998,0,0,0,8,8,6,2,12,0,0,0,1,13,31717,6,1,0,0,3,3,69,230,98,0,0,0,0,0,0,0,0,0,0,0,0,0,1,2,35,1,2,2,1,0,0,1,62,7,1,2,98,0,0
13,130973,1,2,2,22,11,12,38,12,6,1,0,13,1,37,32,37032,4,2005,1HGCM56775A0,1,H,G,C,M,5,6,7,7,5,A,0,0,P,HOND,UEX,4D,5,17,3203,,0,1079,,G,,0,0,000000000,00000000000,0,0,0,1,0,0,0,0,0,0,0,998,0,0,0,3,3,6,2,12,0,0,0,1,13,30041,6,1,0,0,3,3,64,140,98,0,0,0,0,0,0,0,0,0,38,0,0,0,1,4,45,1,2,2,1,3,3,11,15,1,1,2,68,1,0
13,130973,2,2,1,22,11,12,38,12,6,1,0,13,1,12,481,12481,31,2004,1FTRW14W14KC,1,F,T,R,W,1,4,W,1,4,K,C,0,T,FORD,F1S,CW,4,17,,2,1450,1260,COF,G,,0,0,000000000,00000000000,0,0,0,1,0,0,0,0,0,0,0,998,0,0,0,12,12,6,2,12,0,0,0,1,13,30041,6,1,0,0,3,0,70,130,98,0,0,0,0,0,0,0,0,0,0,0,0,0,1,4,45,1,2,2,1,3,3,1,17,1,1,1,69,0,0
13,130974,1,2,1,24,11,8,15,12,8,1,0,12,1,42,46,42046,2,2005,WDBPJ76J85A0,W,D,B,P,J,7,6,J,8,5,A,0,0,P,MERZ,CL6,CP,5,17,4473,,0,1136,,G,,0,0,000000000,00000000000,0,0,0,1,0,0,0,0,0,0,0,998,0,0,0,11,11,6,2,12,0,0,0,1,12,34108,6,1,0,0,3,3,73,999,0,0,0,0,0,0,0,0,0,0,51,0,0,0,3,3,45,1,2,2,1,0,0,15,10,1,1,2,64,0,0
13,130974,2,2,1,24,11,8,15,12,8,1,0,13,2,35,472,35472,30,2004,1N6DD26T44C4,1,N,6,D,D,2,6,T,4,4,C,4,0,T,NISS,FKX,PC,4,17,,1,0,1161,FRT,G,,0,0,000000000,00000000000,0,0,0,1,0,0,0,0,0,0,0,998,0,0,0,10,10,6,2,12,0,0,1,1,13,30052,6,1,0,0,3,0,69,145,98,3,0,2,2,4,2008,12,2009,0,0,0,0,0,3,3,45,1,2,2,1,0,0,1,62,7,1,3,65,1,0
13,130975,1,2,2,24,11,18,30,12,6,1,0,13,2,2,404,2404,14,1990,1J4FJ28L7LL1,1,J,4,F,J,2,8,L,7,L,L,1,0,T,JEEP,CHK,4W,90,17,,1,0,1014,CHK,G,,0,0,000000000,00000000000,0,0,0,1,0,0,0,0,0,0,0,998,0,1,1,12,12,6,2,12,0,0,0,1,13,31064,6,2,0,0,3,0,69,165,98,0,0,0,0,0,0,0,0,0,39,0,0,0,1,2,45,2,1,8,1,20,3,14,17,4,2,2,86,0,0
13,130975,2,2,2,24,11,18,30,12,6,1,0,13,1,22,17,22017,4,1989,1G2AF51W3K62,1,G,2,A,F,5,1,W,3,K,6,2,0,P,PONT,6LE,4D,89,17,2676,,0,1049,,G,,0,0,000000000,00000000000,0,0,0,1,0,0,0,0,0,0,0,998,0,1,1,3,3,6,2,12,0,0,0,1,13,30014,6,1,0,0,3,0,66,225,98,0,0,0,0,0,0,0,0,0,0,0,0,0,1,2,45,1,1,8,1,0,0,1,68,99,9,9,87,2,0
13,130976,1,1,1,25,11,12,49,57,0,1,0,13,1,37,31,37031,4,2003,JHMES95613S0,J,H,M,E,S,9,5,6,1,3,S,0,0,P,HOND,CHY,4D,3,17,2643,,0,1032,,B,,0,0,000000000,00000000000,0,0,0,1,0,0,0,0,0,0,0,998,0,0,0,12,12,4,3,57,36,0,0,1,13,30339,6,1,0,0,3,3,72,210,98,0,0,0,0,0,0,0,0,0,29,0,0,0,3,3,65,2,2,2,1,0,0,14,12,1,1,4,6,1,0
13,130977,1,2,1,26,11,4,58,12,6,1,0,40,3,51,881,51881,66,2010,4V4MC9EH4AN2,4,V,4,M,C,9,E,H,4,A,N,2,1,T,VOLV,VNM,DS,10,17,,8,0,0,VVN,D,,1,57,1421875,571421875,3,6,1,1,0,0,0,0,0,0,0,998,0,0,0,12,12,4,3,12,0,0,0,1,13,31201,6,1,6,0,3,3,68,225,98,0,0,0,0,0,0,0,0,0,0,0,0,0,1,4,45,2,1,2,2,0,0,14,62,1,1,1,65,0,0
13,130977,2,2,2,26,11,4,58,12,6,1,0,13,2,12,471,12471,30,1991,1FTCR14X5MPA,1,F,T,C,R,1,4,X,5,M,P,A,0,T,FORD,RNS,PS,91,17,,1,0,1250,RNG,G,,0,0,000000000,00000000000,0,0,0,1,0,0,0,0,0,0,0,998,0,0,0,9,9,6,2,12,0,0,0,1,13,31217,6,1,0,0,3,0,71,215,98,2,0,2,1,11,2008,1,2010,1,28,87,0,0,1,4,45,2,1,2,2,3,3,14,6,4,2,2,64,1,0
13,130978,1,1,1,26,11,22,16,8,0,1,0,13,1,37,31,37031,4,1998,1HGEJ6674WL0,1,H,G,E,J,6,6,7,4,W,L,0,0,P,HOND,UCL,4D,98,17,2426,,0,1032,,G,,0,0,000000000,00000000000,0,0,0,1,0,0,0,0,0,0,0,998,0,0,0,12,12,4,3,8,0,0,0,1,13,30344,6,1,0,0,3,3,72,210,98,1,0,0,1,1,2009,3,2009,0,86,0,0,0,1,4,35,1,2,1,1,0,0,1,80,4,2,1,13,0,0
13,130979,1,3,1,30,11,15,30,12,1,1,0,47,1,37,32,37032,4,1998,1HGCG5641WA0,1,H,G,C,G,5,6,4,1,W,A,0,0,P,HOND,ULX,4D,98,17,2952,,0,1069,,G,,0,0,000000000,00000000000,0,0,0,1,0,0,0,0,0,0,0,998,0,0,0,12,12,6,2,12,0,0,0,1,13,30039,6,1,0,0,3,0,67,185,98,0,0,0,0,0,0,0,0,0,26,28,0,0,1,2,55,1,1,8,2,0,0,1,51,99,1,1,24,1,0
13,130979,2,3,1,30,11,15,30,12,1,1,0,13,2,12,481,12481,31,2001,1FTRX17WX1KF,1,F,T,R,X,1,7,W,X,1,K,F,0,T,FORD,F15,4C,1,17,,2,1571,1385,COF,G,,0,0,000000000,00000000000,0,0,0,1,0,0,0,0,0,0,0,998,0,0,0,6,6,2,1,12,0,0,0,1,13,30180,6,1,0,0,3,0,63,170,98,0,0,0,0,0,0,0,0,0,0,0,0,0,1,2,55,1,1,8,2,0,0,1,53,1,1,1,25,0,0
13,130979,3,3,4,30,11,15,30,12,1,1,0,13,3,20,461,20461,21,2004,1GAHG39U6411,1,G,A,H,G,3,9,U,6,4,1,1,0,T,CHEV,E35,ES,4,17,,2,0,1550,EXP,G,,0,0,000000000,00000000000,0,0,0,1,0,0,0,0,0,0,0,998,0,0,0,12,12,6,2,12,0,0,0,1,13,30117,6,1,6,1,3,3,69,220,98,0,0,1,0,11,2009,11,2009,0,0,0,0,0,1,2,55,1,1,8,2,0,0,1,62,1,1,1,98,0,0
13,130980,1,3,1,30,11,13,44,12,6,1,0,13,1,41,37,41037,4,2002,1YVGF22CX253,1,Y,V,G,F,2,2,C,X,2,5,3,0,P,MAZD,U6L,4D,2,17,2864,,0,1051,,G,,0,0,000000000,00000000000,0,0,0,1,0,0,0,0,0,0,0,998,0,0,0,3,3,6,2,12,0,0,0,1,13,30747,6,1,0,0,3,0,64,180,98,0,0,0,2,3,2010,7,2010,0,28,58,0,0,1,2,55,2,2,2,2,0,0,14,10,1,1,2,64,1,0
13,130980,2,3,1,30,11,13,44,12,6,1,0,13,2,35,47,35047,4,2006,1N4AL11DX6C2,1,N,4,A,L,1,1,D,X,6,C,2,0,P,NISS,ASL,4D,6,17,2915,,0,1102,,G,,0,0,000000000,00000000000,0,0,0,1,0,0,0,0,0,0,0,998,0,0,0,12,12,6,2,12,0,0,0,1,13,30753,6,1,0,0,3,0,63,210,98,0,0,0,0,0,0,0,0,0,0,0,0,0,1,2,55,2,2,2,2,0,0,14,62,1,1,1,65,0,0
13,130980,3,3,1,30,11,13,44,12,6,1,0,13,1,7,442,7442,20,1992,1B4GH44R6NX3,1,B,4,G,H,4,4,R,6,N,X,3,0,P,DODG,CAR,SV,92,17,3499,,0,1190,,G,,0,0,000000000,00000000000,0,0,0,1,0,0,0,0,0,0,0,998,0,0,0,12,12,4,3,12,0,0,0,1,13,30747,6,1,0,0,3,0,70,235,98,0,0,0,1,2,2009,2,2009,0,0,0,0,0,1,2,55,2,2,2,2,0,0,14,62,1,1,1,98,0,0
13,130981,1,1,1,1,12,21,12,8,0,1,0,13,1,49,401,49401,14,2000,JT3GN86R5Y01,J,T,3,G,N,8,6,R,5,Y,0,1,0,P,TOYT,RUN,UT,0,17,3600,,0,1053,,G,,0,0,000000000,00000000000,0,0,0,1,0,0,0,0,0,0,0,998,0,0,0,12,12,4,1,8,0,0,0,1,13,30126,6,1,0,0,3,3,68,155,98,0,0,0,1,6,2010,6,2010,0,86,0,0,0,1,4,45,1,1,2,1,0,0,1,80,7,1,1,13,0,0
13,130982,1,1,1,9,11,19,23,8,0,1,0,13,1,54,36,54036,4,2004,JH4KA96694C0,J,H,4,K,A,9,6,6,9,4,C,0,0,P,ACUR,35R,4D,4,17,3893,,0,1146,,G,,0,0,000000000,00000000000,0,0,0,1,0,0,0,0,0,0,0,998,0,0,0,12,12,4,3,8,0,0,0,1,13,30349,6,1,0,0,3,3,70,198,98,0,0,1,0,7,2008,7,2008,0,86,0,0,0,1,2,35,1,1,2,1,0,0,1,80,1,1,1,13,0,0
13,130983,1,1,1,9,11,21,32,33,0,1,0,13,1,23,471,23471,30,1998,1GTCS19X7W85,1,G,T,C,S,1,9,X,7,W,8,5,0,T,GMC,SON,PC,98,17,,1,0,1229,SON,G,,0,0,000000000,00000000000,0,0,0,1,0,0,0,0,0,0,0,998,0,1,6,14,98,6,2,1,0,0,0,1,13,30519,6,8,0,0,3,2,68,165,98,0,1,0,1,1,2008,1,2008,1,0,0,0,0,1,2,40,1,1,2,1,0,0,1,6,98,1,4,6,1,1