STATE,ST_CASE,VEH_NO,VE_FORMS,NUMOCCS,DAY,MONTH,HOUR,MINUTE,HARM_EV,MAN_COLL,UNITTYPE,HIT_RUN,REG_STAT,OWNER,MAKE,MODEL,MAK_MOD,BODY_TYP,MOD_YEAR,VIN,VIN_1,VIN_2,VIN_3,VIN_4,VIN_5,VIN_6,VIN_7,VIN_8,VIN_9,VIN_10,VIN_11,VIN_12,TOW_VEH,VINTYPE,VINMAKE,VINA_MOD,VIN_BT,VINMODYR,VIN_LNGT,VIN_WGT,WGTCD_TR,WHLBS_LG,WHLBS_SH,SER_TR,FUELCODE,MCYCL_DS,J_KNIFE,MCARR_I1,MCARR_I2,MCARR_ID,GVWR,V_CONFIG,CARGO_BT,HAZ_INV,HAZ_PLAC,HAZ_ID,HAZ_CNO,HAZ_REL,BUS_USE,SPEC_USE,EMER_USE,TRAV_SP,UNDERIDE,ROLLOVER,ROLINLOC,IMPACT1,IMPACT2,DEFORMED,TOWED,M_HARM,VEH_SC1,VEH_SC2,FIRE_EXP,DR_PRES,L_STATE,DR_ZIP,L_STATUS,L_TYPE,CDL_STAT,L_ENDORS,L_COMPL,L_RESTRI,DR_HGT,DR_WGT,PREV_ACC,PREV_SUS,PREV_DWI,PREV_SPD,PREV_OTH,FIRST_MO,FIRST_YR,LAST_MO,LAST_YR,SPEEDREL,DR_SF1,DR_SF2,DR_SF3,DR_SF4,VTRAFWAY,VNUM_LAN,VSPD_LIM,VALIGN,VPROFILE,VPAVETYP,VSURCOND,VTRAFCON,VTCONT_F,P_CRASH1,P_CRASH2,P_CRASH3,PCRASH4,PCRASH5,ACC_TYPE,DEATHS,DR_DRINK
13,131011,1,1,1,1,11,19,34,8,0,1,0,13,2,2,404,2404,14,1997,1J4FX58S3VC6,1,J,4,F,X,5,8,S,3,V,C,6,0,T,JEEP,LRT,4W,97,17,,1,0,1059,GCK,G,,0,0,000000000,00000000000,0,0,0,1,0,0,0,0,0,0,0,998,0,0,0,2,2,4,3,8,0,0,0,1,13,30185,6,1,0,0,3,0,76,198,98,0,0,0,1,3,2010,3,2010,0,86,92,0,0,1,2,55,1,1,2,1,0,0,1,80,1,1,1,13,0,1
13,131012,1,1,1,2,11,10,55,43,0,1,0,13,1,12,401,12401,14,1998,1FMYU22XXWUC,1,F,M,Y,U,2,2,X,X,W,U,C,0,P,FORD,EPR,UT,98,17,3692,,0,1017,,G,,0,0,000000000,00000000000,0,0,0,1,0,0,0,0,0,0,0,998,0,0,0,99,14,6,2,34,32,0,0,1,13,30117,6,1,0,0,3,3,66,240,98,0,0,0,0,0,0,0,0,0,29,0,0,0,1,2,25,1,2,2,1,0,0,1,12,1,1,4,6,1,0
13,131013,1,4,1,2,11,6,44,12,6,1,0,13,2,49,422,49422,15,2005,5TDZT34A95S2,5,T,D,Z,T,3,4,A,9,5,S,2,0,P,TOYT,SEQ,UT,5,17,3470,,0,1181,,G,,0,0,000000000,00000000000,0,0,0,1,0,0,0,0,0,0,0,998,0,0,0,7,7,4,3,12,0,0,0,1,13,31069,6,1,0,0,3,3,68,120,98,0,0,1,0,8,2010,8,2010,0,38,0,0,0,1,2,25,1,1,2,1,21,3,11,15,1,1,2,82,0,0
13,131013,2,4,1,2,11,6,44,12,6,1,0,13,1,37,706,37706,80,1996,1HFSC1807TA0,1,H,F,S,C,1,8,0,7,T,A,0,0,M,HOND,VT1,RS,96,17,,,,,,,1099,0,0,000000000,00000000000,0,0,0,1,0,0,0,0,0,0,0,998,0,0,0,12,12,6,2,12,0,0,0,1,13,31069,6,1,6,0,3,1,72,222,98,0,0,0,0,0,0,0,0,0,0,0,0,0,1,2,55,2,1,2,1,0,0,14,17,4,2,1,83,1,0
13,131013,3,4,3,2,11,6,44,12,6,1,0,13,2,7,482,7482,31,2010,1D7RV1CT2AS1,1,D,7,R,V,1,C,T,2,A,S,1,0,T,DODG,150,CW,10,17,,2,0,1400,RPC,G,,0,0,000000000,00000000000,0,0,0,1,0,0,0,0,0,0,0,998,0,0,0,14,14,2,1,12,0,0,0,1,13,30411,6,1,0,0,3,0,75,220,98,0,0,0,0,0,0,0,0,0,0,0,0,0,1,2,55,1,1,2,1,0,0,1,50,7,1,9,98,0,0
13,131013,4,4,1,2,11,6,44,12,6,1,0,13,1,20,481,20481,31,1998,1GCEC14M6WZ1,1,G,C,E,C,1,4,M,6,W,Z,1,0,T,CHEV,GC1,PK,98,17,,2,1315,1175,GM4,G,,0,0,000000000,00000000000,0,0,0,1,0,0,0,0,0,0,0,998,1,0,0,14,14,2,3,12,0,0,0,1,13,31501,6,1,6,0,3,3,71,180,98,0,0,0,0,0,0,0,0,0,0,0,0,0,1,2,55,1,1,2,1,0,0,1,50,99,9,9,98,0,0
13,131014,1,1,1,3,11,7,45,1,0,1,0,13,1,14,6,14006,4,1997,2MELM75W2VX6,2,M,E,L,M,7,5,W,2,V,X,6,0,P,MERC,MGL,4D,97,17,3796,,0,1144,,G,,0,0,000000000,00000000000,0,0,0,1,0,0,0,0,0,0,0,998,0,2,3,0,13,6,2,1,0,0,0,1,13,31705,6,7,0,0,3,0,63,213,98,0,0,0,0,0,0,0,0,0,58,29,0,0,2,2,65,1,5,8,1,0,0,1,13,6,9,4,7,1,0
13,131015,1,2,3,4,11,20,10,12,6,1,0,13,2,12,23,12023,4,2008,3FAHP08108R1,3,F,A,H,P,0,8,1,0,8,R,1,0,P,FORD,F/L,4D,8,17,3325,,0,1074,,G,,0,0,000000000,00000000000,0,0,0,1,0,0,0,0,0,0,0,998,0,0,0,4,4,6,2,12,0,0,0,1,13,30554,6,1,0,0,3,0,63,170,98,0,0,0,0,0,0,0,0,0,38,0,0,0,2,2,65,1,1,8,1,98,8,11,15,99,9,2,68,1,0
13,131015,2,2,1,4,11,20,10,12,6,1,0,13,1,2,404,2404,14,2005,1J8HS48N85C5,1,J,8,H,S,4,8,N,8,5,C,5,0,T,JEEP,LCF,4W,5,17,,1,0,1095,GCK,G,,0,0,000000000,00000000000,0,0,0,1,0,0,0,0,0,0,0,998,0,1,1,12,12,6,2,12,0,0,0,1,13,30535,6,1,0,0,3,0,63,167,98,0,0,0,0,0,0,0,0,0,0,0,0,0,2,2,65,1,1,8,1,98,8,1,17,99,1,1,69,0,0
13,131016,1,2,6,5,11,23,37,31,0,1,0,13,2,7,482,7482,31,1996,3B7HF13Z9TG1,3,B,7,H,F,1,3,Z,9,T,G,1,0,T,DODG,150,PC,96,17,,2,1547,1387,RPC,G,,0,0,000000000,00000000000,0,0,0,1,0,0,0,0,0,0,0,998,0,1,5,12,1,6,2,12,0,0,0,1,13,30621,6,2,0,0,3,0,73,165,98,1,0,1,0,1,2010,1,2010,0,29,0,0,0,1,2,35,3,1,8,2,0,0,14,13,99,1,4,1,1,0
13,131016,2,2,0,5,11,23,37,31,0,1,0,0,0,98,998,98998,91,2007,000000000000,0,0,0,0,0,0,0,0,0,0,0,0,0,U,,,,,17,,,,,,,,0,0,000000000,00000000000,0,0,0,1,0,0,0,0,0,0,0,998,0,0,0,7,7,2,9,12,0,0,0,0,,,,,,,,,999,,,,,,,,,,,,0,0,0,0,1,2,35,3,1,8,2,97,8,0,53,0,0,0,98,0,0
13,131017,1,2,1,5,11,7,44,12,2,1,0,13,2,12,401,12401,14,2004,1FMDU74K54UC,1,F,M,D,U,7,4,K,5,4,U,C,0,P,FORD,EPR,UT,4,17,4094,,0,1137,,F,,0,0,000000000,00000000000,0,0,0,1,0,0,0,0,0,0,0,998,0,0,0,12,12,6,2,12,0,0,0,1,13,30518,6,1,0,0,3,0,72,235,98,0,0,0,0,0,0,0,0,0,28,0,0,0,1,2,45,1,6,8,1,0,0,1,10,99,9,2,50,1,0
13,131017,2,2,1,5,11,7,44,12,2,1,0,13,1,12,23,12023,4,2007,3FAHP06Z57R1,3,F,A,H,P,0,6,Z,5,7,R,1,0,P,FORD,F/S,4D,7,17,3101,,0,1074,,G,,0,0,000000000,00000000000,0,0,0,1,0,0,0,0,0,0,0,998,0,0,0,12,12,6,2,12,0,0,0,1,13,30543,6,1,0,0,3,0,61,110,98,1,0,1,0,4,2009,5,2009,0,0,0,0,0,1,2,45,1,5,8,1,0,0,1,62,1,1,1,51,1,0
13,131018,1,1,1,17,11,16,0,8,0,1,0,13,1,12,401,12401,14,2006,1FMEU63E26UB,1,F,M,E,U,6,3,E,2,6,U,B,0,P,FORD,EPR,UT,6,17,4301,,0,1137,,G,,0,0,000000000,00000000000,0,0,0,1,0,0,0,0,0,0,0,998,0,0,0,12,12,6,2,8,0,0,0,1,13,30213,6,1,0,0,3,0,64,150,98,2,0,2,0,8,2008,3,2010,0,86,0,0,0,3,4,55,2,1,2,1,0,0,14,80,2,1,1,13,0,0
13,131019,1,1,1,18,11,23,50,25,0,1,0,13,2,12,13,12013,4,1997,1FALP10P0VW2,1,F,A,L,P,1,0,P,0,V,W,2,0,P,FORD,ESC,4D,97,17,2457,,0,984,,G,,0,0,000000000,00000000000,0,0,0,1,0,0,0,0,0,0,0,998,0,0,0,12,12,6,2,25,0,0,0,1,13,30080,6,1,6,0,3,0,68,200,98,0,0,1,3,12,2007,3,2010,0,0,0,0,0,3,4,55,1,1,2,1,0,0,1,12,1,1,4,6,1,0
13,131020,1,1,1,18,11,10,17,35,0,1,0,13,2,12,471,12471,30,1987,1FTCR15T4HPA,1,F,T,C,R,1,5,T,4,H,P,A,0,T,FORD,RNS,PS,87,17,,1,0,1250,RNG,G,,0,0,000000000,00000000000,0,0,0,1,0,0,0,0,0,0,0,998,0,0,0,14,12,6,2,42,0,0,0,1,13,30605,6,1,0,0,3,0,68,205,98,1,0,0,0,9,2008,9,2008,0,0,0,0,0,1,2,55,2,6,2,1,0,0,14,8,1,1,4,6,1,0
13,131021,1,2,1,19,11,7,19,12,6,1,0,13,1,73,706,73706,80,2009,JKBZGNB169A0,J,K,B,Z,G,N,B,1,6,9,A,0,0,M,KAWK,ZG4,RS,9,17,,,,,,,1352,0,0,000000000,00000000000,0,0,0,1,0,0,0,0,0,0,0,998,0,0,0,12,3,6,2,12,0,0,0,1,13,31324,6,1,0,0,3,3,76,230,98,0,0,0,0,0,0,0,0,0,34,51,0,0,1,2,55,1,1,2,1,0,0,6,10,1,1,2,73,1,0
13,131021,2,2,1,19,11,7,19,12,6,1,0,94,3,90,981,90981,50,1997,1BAAHCSA9VF0,1,B,A,A,H,C,S,A,9,V,F,0,0,U,,,,97,17,,,,,,,,0,88,888888888,88888888888,3,21,22,1,0,0,0,0,1,0,0,998,0,0,0,8,8,2,1,12,0,0,0,1,13,31324,6,1,6,1,3,1,66,170,98,0,0,0,1,3,2009,3,2009,0,0,0,0,0,1,2,55,1,1,2,1,0,0,11,60,1,1,1,72,0,0
13,131022,1,2,3,19,11,18,0,12,6,1,0,13,1,20,36,20036,2,2001,2G1WW12E1191,2,G,1,W,W,1,2,E,1,1,9,1,0,P,CHEV,MLS,CP,1,17,3340,,0,1075,,G,,0,0,000000000,00000000000,0,0,0,1,0,0,0,0,0,0,0,998,0,0,0,62,62,6,2,12,0,0,0,1,13,30228,6,1,0,0,3,0,69,190,98,0,0,0,0,0,0,0,0,0,38,0,0,0,1,2,55,1,2,2,1,3,3,11,15,1,1,1,68,1,0
13,131022,2,2,4,19,11,18,0,12,6,1,0,94,3,12,881,12881,61,2008,1FDXE45P38DB,1,F,D,X,E,4,5,P,3,8,D,B,0,T,FORD,4DC,YY,8,17,,4,1760,1580,CTV,D,,0,88,888888888,88888888888,2,1,1,1,0,0,0,0,0,6,0,998,0,0,0,12,12,6,2,12,0,0,0,1,13,30286,6,1,6,0,3,0,69,250,98,0,0,0,0,0,0,0,0,0,0,0,0,0,3,2,55,1,2,2,1,3,3,1,62,1,1,1,69,0,0
13,131023,1,2,1,19,11,10,55,12,6,1,0,0,0,37,739,37739,90,2007,000000000000,0,0,0,0,0,0,0,0,0,0,0,0,0,U,,,,,17,,,,,,,,0,0,000000000,00000000000,0,0,0,1,0,0,0,0,0,0,0,998,0,0,0,1,1,6,2,12,0,0,0,1,1,36830,6,1,0,0,3,0,73,270,0,0,0,0,0,0,0,0,0,0,38,0,0,0,0,0,0,0,0,0,0,0,0,1,98,1,1,1,87,1,0
13,131023,2,2,2,19,11,10,55,12,6,1,0,13,1,35,471,35471,30,1995,1N6SD11S9SC4,1,N,6,S,D,1,1,S,9,S,C,4,0,T,NISS,EXE,PK,95,17,,1,0,1043,TRK,G,,0,0,000000000,00000000000,0,0,0,1,0,0,0,0,0,0,0,998,0,0,0,12,12,4,3,12,0,0,0,1,13,31006,6,1,0,0,3,0,71,165,98,2,0,0,2,2,2008,2,2010,0,0,0,0,0,1,2,55,2,3,2,1,0,0,14,71,1,1,1,86,0,0
13,131024,1,2,1,19,11,6,31,12,2,1,0,13,2,20,481,20481,31,2006,1GCHK23D26F1,1,G,C,H,K,2,3,D,2,6,F,1,0,T,CHEV,2KH,CW,6,17,,2,1670,1530,SIL,D,,0,0,000000000,00000000000,0,0,0,1,0,0,0,0,0,0,0,998,0,0,0,12,12,6,2,12,32,0,0,1,13,31535,6,1,0,0,3,0,75,275,98,0,0,0,0,0,0,0,0,0,28,0,0,0,1,2,55,1,1,2,1,0,0,1,10,1,1,2,50,1,0
13,131024,2,2,1,19,11,6,31,12,2,1,0,13,2,82,884,82884,63,1988,1FUY2CYB4JH3,1,F,U,Y,2,C,Y,B,4,J,H,3,1,T,FRHT,FLD,DS,88,17,,8,0,0,CON,D,,1,57,1476810,571476810,3,2,1,1,0,0,0,0,0,0,0,998,0,0,0,12,12,6,2,12,0,0,0,1,13,31534,6,1,6,0,3,3,62,125,98,0,0,0,1,9,2009,9,2009,0,0,0,0,0,1,2,55,1,1,2,1,0,0,1,62,1,1,1,51,0,0
13,131025,1,1,1,20,11,15,0,1,0,1,0,13,2,20,401,20401,14,1999,1GNCS13W2X21,1,G,N,C,S,1,3,W,2,X,2,1,0,P,CHEV,BZR,UT,99,17,3692,,0,1070,,G,,0,0,000000000,00000000000,0,0,0,1,0,0,0,0,0,0,0,998,0,2,1,0,0,6,2,1,0,0,0,1,13,31014,6,1,0,0,3,0,59,190,98,0,0,0,1,7,2009,7,2009,0,58,0,0,0,1,2,55,1,1,2,1,0,0,1,8,7,1,6,98,1,0
13,131026,1,1,3,20,11,14,13,35,0,1,0,13,2,49,401,49401,14,2000,JT3GN86R1Y01,J,T,3,G,N,8,6,R,1,Y,0,1,0,P,TOYT,RUN,UT,0,17,3600,,0,1053,,G,,0,0,000000000,00000000000,0,0,0,1,0,0,0,0,0,0,0,998,0,1,6,6,13,6,2,30,0,0,0,1,13,30720,6,1,0,0,3,0,75,208,98,0,0,0,0,0,0,0,0,1,0,0,0,0,1,2,55,3,6,2,1,0,0,14,6,1,4,4,7,1,0
13,131027,1,1,1,21,11,21,43,34,0,1,0,13,1,7,472,7472,30,1988,1B7FN14X9JS6,1,B,7,F,N,1,4,X,9,J,S,6,0,T,DODG,DAK,PK,88,17,,1,1239,1119,DAK,G,,0,0,000000000,00000000000,0,0,0,1,0,0,0,0,0,0,0,998,0,0,0,14,12,6,2,42,0,0,0,1,13,31320,1,1,0,0,2,0,71,185,98,2,1,0,0,7,2009,7,2009,0,0,0,0,0,1,2,45,3,1,2,1,28,3,14,8,6,1,4,6,1,1
13,131028,1,2,2,22,11,15,0,12,6,1,0,13,1,20,16,20016,4,1990,1G1JC54G2LJ1,1,G,1,J,C,5,4,G,2,L,J,1,0,P,CHEV,CVL,4D,90,17,2436,,0,1012,,G,,0,0,000000000,00000000000,0,0,0,1,0,0,0,0,0,0,0,998,0,0,0,9,9,6,2,12,0,0,0,1,13,30543,6,1,0,0,3,0,69,128,98,0,0,1,0,11,2010,11,2010,0,28,58,0,0,1,2,45,3,6,2,1,0,0,14,8,1,1,6,48,1,0
13,131028,2,2,1,22,11,15,0,12,6,1,0,13,1,12,401,12401,14,1992,1FMDU34X1NUA,1,F,M,D,U,3,4,X,1,N,U,A,0,P,FORD,EPR,UT,92,17,3879,,0,1120,,G,,0,0,000000000,00000000000,0,0,0,1,0,0,0,0,0,0,0,998,0,0,0,12,12,6,2,12,0,0,0,1,13,30543,6,1,0,0,3,0,69,170,98,0,0,0,0,0,0,0,0,0,0,0,0,0,1,2,45,1,5,2,1,0,0,1,62,1,1,1,48,0,0
13,131029,1,1,1,22,11,22,38,59,0,1,0,13,2,59,31,59031,4,1998,JT8BF28G3W50,J,T,8,B,F,2,8,G,3,W,5,0,0,P,LEXS,ES3,4D,98,17,3378,,0,1051,,G,,0,0,000000000,00000000000,0,0,0,1,0,0,0,0,0,0,0,998,0,0,0,12,12,6,2,42,0,0,0,1,13,31601,6,1,0,0,3,0,65,135,98,6,1,0,2,8,2008,2,2009,0,39,0,0,0,1,2,45,1,1,2,1,20,3,1,14,2,2,4,14,1,1
13,131030,1,1,1,23,11,1,20,42,0,1,0,13,1,13,2,13002,2,1994,1LNLM91V2RY6,1,L,N,L,M,9,1,V,2,R,Y,6,0,P,LINC,MK8,CP,94,17,3768,,0,1130,,G,,0,0,000000000,00000000000,0,0,0,1,0,0,0,0,0,0,0,998,0,1,6,5,13,6,2,1,0,0,0,1,13,31569,6,1,0,0,3,0,58,108,98,0,0,0,1,10,2008,10,2008,1,58,0,0,0,1,2,55,3,1,2,1,0,0,14,6,7,1,4,1,1,1
13,131031,1,1,1,23,11,20,55,42,0,1,0,13,1,63,31,63031,4,1999,KNAFB1210X57,K,N,A,F,B,1,2,1,0,X,5,7,0,P,KIA,SPL,4D,99,17,2478,,0,1008,,G,,0,0,000000000,00000000000,0,0,0,1,0,0,0,0,0,0,0,998,0,0,0,12,12,6,2,42,0,0,1,1,13,30528,6,1,0,0,3,3,66,200,98,0,0,0,0,0,0,0,0,0,0,0,0,0,1,2,55,3,6,2,2,28,3,14,8,1,1,4,6,1,0
13,131032,1,2,2,23,11,19,10,12,6,1,0,13,2,12,422,12422,15,2007,1FMFU155X7LA,1,F,M,F,U,1,5,5,X,7,L,A,0,P,FORD,EPT,UT,7,17,5578,,0,1190,,G,,0,0,000000000,00000000000,0,0,0,1,0,0,0,0,0,0,0,998,0,0,0,4,4,6,2,12,0,0,0,1,13,31313,6,1,6,0,3,0,76,195,98,0,0,0,0,0,0,0,0,0,38,0,0,0,5,4,45,1,1,2,1,28,3,11,15,1,1,1,68,0,0
13,131032,2,2,1,23,11,19,10,12,6,1,0,13,1,72,706,72706,80,2005,1HD1FRW165Y6,1,H,D,1,F,R,W,1,6,5,Y,6,0,M,HD,FCI,RS,5,17,,,,,,,1450,0,0,000000000,00000000000,0,0,0,1,0,0,0,0,0,0,0,998,0,0,0,12,12,6,2,12,0,0,0,1,13,31560,6,1,0,0,3,0,69,210,98,0,0,0,0,0,0,0,0,0,0,0,0,0,5,4,45,1,1,2,1,28,3,1,62,1,1,1,69,1,0
13,131033,1,1,2,23,11,6,57,30,0,1,0,13,2,20,37,20037,4,2006,1G1ZT53806F2,1,G,1,Z,T,5,3,8,0,6,F,2,0,P,CHEV,MLT,4D,6,17,3316,,0,1063,,G,,0,0,000000000,00000000000,0,0,0,1,0,0,0,0,0,0,0,998,0,1,6,11,13,6,2,1,0,0,0,1,13,31794,1,1,0,0,2,0,62,145,98,4,2,0,1,11,2008,11,2009,0,58,0,0,0,1,2,55,2,1,2,1,28,3,14,8,1,3,4,2,1,1
13,131034,1,1,3,23,11,23,13,35,0,1,0,13,2,7,472,7472,30,2006,1D7HW48N86S5,1,D,7,H,W,4,8,N,8,6,S,5,0,T,DODG,DQS,CW,6,17,,2,0,1309,DAK,G,,0,0,000000000,00000000000,0,0,0,1,0,0,0,0,0,0,0,998,0,1,6,12,9,6,2,1,0,0,0,1,13,30545,6,8,0,0,3,3,72,210,98,0,0,0,0,0,0,0,0,0,58,0,0,0,1,2,45,2,6,2,2,0,0,14,8,1,3,4,2,1,1
13,131035,1,1,1,25,11,19,44,18,0,1,0,13,1,72,706,72706,80,2003,1HD1GEV403K3,1,H,D,1,G,E,V,4,0,3,K,3,0,M,HD,FWA,RS,3,17,,,,,,,1450,0,0,000000000,00000000000,0,0,0,1,0,0,0,0,0,0,0,998,0,0,0,10,10,6,2,34,0,0,0,1,13,30168,6,1,0,0,3,3,70,183,98,0,0,0,0,0,0,0,0,0,0,0,0,0,1,2,30,3,1,2,1,0,0,14,13,1,1,4,1,1,0
13,131036,1,2,1,25,11,11,40,12,1,1,0,13,2,2,404,2404,14,1999,1J4G258S7XC7,1,J,4,G,2,5,8,S,7,X,C,7,0,T,JEEP,LRO,4W,99,17,,1,0,1059,GCK,G,,0,0,000000000,00000000000,0,0,0,1,0,0,0,0,0,0,0,998,0,0,0,12,12,6,2,12,0,0,0,1,13,31027,6,2,0,0,3,0,69,128,98,0,0,0,0,0,0,0,0,0,26,0,0,0,1,2,55,1,6,2,1,0,0,1,51,1,1,1,24,0,0
13,131036,2,2,2,25,11,11,40,12,1,1,0,13,1,21,17,21017,4,1992,1G3AL54N6N64,1,G,3,A,L,5,4,N,6,N,6,4,0,P,OLDS,SCI,4D,92,17,2662,,0,1049,,G,,0,0,000000000,00000000000,0,0,0,1,0,0,0,0,0,0,0,998,0,0,0,6,6,6,2,12,0,0,0,1,13,31096,6,1,0,0,3,3,66,210,98,0,0,0,0,0,0,0,0,0,0,0,0,0,1,2,55,1,6,2,1,0,0,11,53,1,1,1,26,1,0
13,131037,1,1,1,26,11,21,43,8,0,1,0,13,2,35,47,35047,4,2003,1N4BL11D33C1,1,N,4,B,L,1,1,D,3,3,C,1,0,P,NISS,ABE,4D,3,17,3071,,0,1102,,G,,0,0,000000000,00000000000,0,0,0,1,0,0,0,0,0,0,0,998,0,0,0,1,1,4,1,8,0,0,0,1,13,30116,6,1,0,0,3,0,65,130,98,0,0,1,0,2,2008,2,2008,0,86,0,0,0,1,2,45,1,6,2,1,0,0,1,80,1,1,1,13,0,0
13,131038,1,2,2,24,11,18,33,12,7,1,0,13,2,52,34,52034,4,1999,4A3AA56L7XE0,4,A,3,A,A,5,6,L,7,X,E,0,0,P,MITS,ULS,4D,99,17,3185,,0,1037,,G,,0,0,000000000,00000000000,0,0,0,1,0,0,0,0,0,0,0,998,3,0,0,9,9,6,2,12,0,0,0,1,13,30906,6,1,0,0,3,3,67,218,98,0,0,0,0,0,0,0,0,0,48,0,0,0,2,2,55,1,1,2,1,3,3,11,15,1,1,1,72,1,0
13,131038,2,2,1,24,11,18,33,12,7,1,0,93,3,82,881,82881,66,2000,1FUPDSEB8YMB,1,F,U,P,D,S,E,B,8,Y,M,B,1,T,FRHT,FLD,DS,0,17,,8,0,0,CON,D,,2,57,092690,57092690,3,6,1,1,0,0,0,0,0,0,0,998,0,0,0,83,83,2,3,12,0,0,0,1,13,31031,6,1,6,0,3,0,61,114,98,0,0,0,0,0,0,0,0,0,0,0,0,0,2,2,55,1,1,2,1,3,3,1,61,1,1,1,73,0,0
13,131039,1,1,1,26,11,19,17,11,0,1,0,92,0,73,703,73703,83,2001,JKADXNHC01A0,J,K,A,D,X,N,H,C,0,1,A,0,0,M,KAWK,K0H,EN,1,17,,,,,,,200,0,0,000000000,00000000000,0,0,0,1,0,0,0,0,0,0,0,998,0,0,0,12,12,6,2,11,0,0,0,1,13,30634,6,7,0,0,2,0,69,190,98,0,0,0,0,0,0,0,0,0,83,0,0,0,1,2,55,2,5,2,1,0,0,14,87,1,1,1,13,1,0
13,131040,1,1,1,27,11,22,4,34,0,1,0,13,2,41,471,41471,30,2001,4F4YR12C81TM,4,F,4,Y,R,1,2,C,8,1,T,M,0,T,MAZD,5RC,PK,1,17,,1,0,1116,B25,G,,0,0,000000000,00000000000,0,0,0,1,0,0,0,0,0,0,0,998,0,1,6,14,13,6,2,1,32,0,0,1,13,31791,6,1,0,0,3,3,73,170,98,0,0,0,1,4,2009,4,2009,0,0,0,0,0,1,2,55,1,1,2,1,28,3,1,13,1,1,4,1,1,0
13,131041,1,3,1,29,11,18,15,12,6,1,0,13,1,22,22,22022,4,2008,1G2ZG57BX842,1,G,2,Z,G,5,7,B,X,8,4,2,0,P,PONT,6BS,4D,8,17,3305,,0,1123,,G,,0,0,000000000,00000000000,0,0,0,1,0,0,0,0,0,0,0,998,0,0,0,3,3,6,2,12,0,0,0,1,13,30223,6,1,0,0,3,3,70,230,98,0,0,0,0,0,0,0,0,0,38,0,0,0,2,2,55,1,6,2,2,3,3,11,15,1,1,1,68,1,0
13,131041,2,3,1,29,11,18,15,12,6,1,0,13,3,23,881,23881,62,2004,1GDJ6C1304F5,1,G,D,J,6,C,1,3,0,4,F,5,0,T,GMC,C6C,CB,4,17,,6,3080,1280,C65,D,,0,57,1268644,571268644,2,1,1,1,0,0,0,0,0,0,0,998,0,0,0,12,12,6,2,12,0,0,0,1,13,30223,6,1,0,0,3,0,72,185,98,1,0,2,0,6,2008,9,2009,0,0,0,0,0,2,2,55,1,6,2,2,3,3,1,62,1,1,1,69,0,0
13,131041,3,3,2,29,11,18,15,12,6,1,0,13,1,37,32,37032,4,1995,1HGCD5639SA0,1,H,G,C,D,5,6,3,9,S,A,0,0,P,HOND,ULE,4D,95,17,2809,,0,1069,,G,,0,0,000000000,00000000000,0,0,0,1,0,0,0,0,0,0,0,0,0,0,0,11,11,4,1,12,0,0,0,1,13,30223,6,1,0,0,3,0,60,200,98,0,0,0,0,0,0,0,0,0,0,0,0,0,2,2,55,1,6,2,2,3,3,5,98,1,1,1,98,0,0
13,131042,1,2,1,30,11,6,20,12,6,1,0,13,2,82,881,82881,66,1997,1FUY3MDB0VP6,1,F,U,Y,3,M,D,B,0,V,P,6,1,T,FRHT,FD1,DS,97,17,,8,0,0,CON,D,,1,57,2046052,572046052,3,6,1,1,0,0,0,0,0,0,0,998,0,0,0,5,5,2,3,12,0,0,0,1,13,30833,6,1,6,0,3,0,71,240,98,1,0,1,4,9,2009,6,2010,0,54,0,0,0,1,2,55,1,4,2,2,28,3,11,15,1,1,1,68,0,0
13,131042,2,2,2,30,11,6,20,12,6,1,0,13,2,12,37,12037,4,2010,1FAHP3EN1AW1,1,F,A,H,P,3,E,N,1,A,W,1,0,P,FORD,FKS,4D,10,17,2623,,0,1029,,G,,0,0,000000000,00000000000,0,0,0,1,0,0,0,0,0,0,0,998,0,0,0,12,12,6,2,12,0,0,0,1,13,30457,6,1,0,0,3,0,61,135,98,0,0,0,0,0,0,0,0,0,84,0,0,0,1,2,55,1,4,2,2,28,3,1,50,1,1,1,69,1,0
13,131043,1,2,1,30,11,7,24,12,8,1,0,13,3,85,881,85881,66,2004,1XKWDB9X04J0,1,X,K,W,D,B,9,X,0,4,J,0,1,T,KW,W90,DS,4,17,,8,2850,1600,CON,D,,1,57,554956,57554956,3,6,10,1,0,0,0,0,0,0,0,998,0,0,0,3,3,2,3,12,0,0,0,1,13,30817,6,1,6,0,3,3,71,180,98,0,0,0,0,0,0,0,0,0,0,0,0,0,1,2,55,1,6,2,2,0,0,11,15,1,1,1,68,0,0
13,131043,2,2,1,30,11,7,24,12,8,1,0,13,2,41,37,41037,4,2002,1YVGF22C7252,1,Y,V,G,F,2,2,C,7,2,5,2,0,P,MAZD,U6L,4D,2,17,2864,,0,1051,,G,,0,0,000000000,00000000000,0,0,0,1,0,0,0,0,0,0,0,998,0,0,0,2,2,6,2,12,0,0,0,1,13,30824,6,2,0,0,3,0,65,92,98,0,0,0,0,0,0,0,0,0,0,0,0,0,1,2,55,3,5,2,2,0,0,14,17,1,1,1,69,1,0
13,131044,1,1,2,27,11,21,39,42,0,1,0,13,2,6,51,6051,4,1999,2C3HE66GXXH7,2,C,3,H,E,6,6,G,X,X,H,7,0,P,CHRY,30M,4D,99,17,3474,,0,1130,,G,,0,0,000000000,00000000000,0,0,0,1,0,0,0,0,0,0,0,998,0,0,0,62,62,6,2,42,0,0,0,1,13,30004,6,1,0,0,3,0,72,230,98,0,0,0,0,0,0,0,0,1,0,0,0,0,1,2,45,4,2,2,1,0,0,14,6,1,3,4,2,2,1