STATE,ST_CASE,VEH_NO,VE_FORMS,NUMOCCS,DAY,MONTH,HOUR,MINUTE,HARM_EV,MAN_COLL,UNITTYPE,HIT_RUN,REG_STAT,OWNER,MAKE,MODEL,MAK_MOD,BODY_TYP,MOD_YEAR,VIN,VIN_1,VIN_2,VIN_3,VIN_4,VIN_5,VIN_6,VIN_7,VIN_8,VIN_9,VIN_10,VIN_11,VIN_12,TOW_VEH,VINTYPE,VINMAKE,VINA_MOD,VIN_BT,VINMODYR,VIN_LNGT,VIN_WGT,WGTCD_TR,WHLBS_LG,WHLBS_SH,SER_TR,FUELCODE,MCYCL_DS,J_KNIFE,MCARR_I1,MCARR_I2,MCARR_ID,GVWR,V_CONFIG,CARGO_BT,HAZ_INV,HAZ_PLAC,HAZ_ID,HAZ_CNO,HAZ_REL,BUS_USE,SPEC_USE,EMER_USE,TRAV_SP,UNDERIDE,ROLLOVER,ROLINLOC,IMPACT1,IMPACT2,DEFORMED,TOWED,M_HARM,VEH_SC1,VEH_SC2,FIRE_EXP,DR_PRES,L_STATE,DR_ZIP,L_STATUS,L_TYPE,CDL_STAT,L_ENDORS,L_COMPL,L_RESTRI,DR_HGT,DR_WGT,PREV_ACC,PREV_SUS,PREV_DWI,PREV_SPD,PREV_OTH,FIRST_MO,FIRST_YR,LAST_MO,LAST_YR,SPEEDREL,DR_SF1,DR_SF2,DR_SF3,DR_SF4,VTRAFWAY,VNUM_LAN,VSPD_LIM,VALIGN,VPROFILE,VPAVETYP,VSURCOND,VTRAFCON,VTCONT_F,P_CRASH1,P_CRASH2,P_CRASH3,PCRASH4,PCRASH5,ACC_TYPE,DEATHS,DR_DRINK
13,131120,1,2,1,20,12,11,11,12,6,1,0,13,2,63,34,63034,4,2007,KNAGE1236751,K,N,A,G,E,1,2,3,6,7,5,1,0,P,KIA,OLE,4D,7,17,3142,,0,1071,,G,,0,0,000000000,00000000000,0,0,0,1,0,0,0,0,0,0,0,998,2,0,0,12,12,6,2,12,0,0,0,1,13,30058,0,0,0,0,0,0,999,999,98,0,0,0,0,0,0,0,0,1,37,0,0,0,2,2,65,1,1,2,1,28,3,10,16,1,1,2,84,1,0
13,131120,2,2,2,20,12,11,11,12,6,1,0,13,4,82,881,82881,62,2007,1FVACWDC67HW,1,F,V,A,C,W,D,C,6,7,H,W,0,T,FRHT,16M,CC,7,17,,6,0,0,FM2,D,,0,57,16130,5716130,2,2,1,1,0,0,0,0,0,0,0,0,0,0,0,8,8,6,2,12,0,0,0,1,1,36870,6,1,6,0,3,3,73,260,0,0,0,1,0,12,2008,12,2008,0,0,0,0,0,3,2,55,1,1,2,1,20,3,5,62,1,1,1,84,0,0
13,131121,1,2,1,21,12,14,17,12,6,1,0,13,1,20,421,20421,15,2007,1GNFC13017J1,1,G,N,F,C,1,3,0,1,7,J,1,0,P,CHEV,CTA,UT,7,17,5443,,0,1160,,F,,0,0,000000000,00000000000,0,0,0,1,0,0,0,0,0,0,0,998,0,0,0,12,12,6,2,12,0,0,0,1,13,31092,6,1,0,0,3,0,70,150,98,0,0,0,0,0,0,0,0,0,39,0,0,0,1,2,55,1,5,2,1,20,3,1,17,1,1,1,86,0,0
13,131121,2,2,1,21,12,14,17,12,6,1,0,13,3,12,481,12481,31,1989,1FTDF15N1KNA,1,F,T,D,F,1,5,N,1,K,N,A,0,T,FORD,F15,PK,89,17,,1,1330,1170,COF,G,,0,0,000000000,00000000000,0,0,0,1,0,0,0,0,0,0,0,998,0,0,0,1,1,6,2,12,0,0,0,1,13,31092,6,1,0,0,3,0,73,220,98,0,0,0,0,0,0,0,0,0,0,0,0,0,1,2,55,1,6,2,1,0,0,1,66,1,1,1,87,1,0
13,131122,1,2,1,21,12,12,35,12,6,1,0,13,2,20,481,20481,31,2004,1GCEK19T04E1,1,G,C,E,K,1,9,T,0,4,E,1,0,T,CHEV,SK1,4C,4,17,,2,1575,1435,SIL,G,,0,0,000000000,00000000000,0,0,0,1,0,0,0,0,0,0,0,998,0,0,0,11,11,4,1,12,0,0,0,1,13,31520,6,2,0,0,3,0,72,185,98,0,0,0,0,0,0,0,0,0,38,0,0,0,1,2,45,1,1,2,1,20,3,11,15,1,1,1,68,0,0
13,131122,2,2,1,21,12,12,35,12,6,1,0,13,1,53,705,53705,80,2006,JS1GN7DA8621,J,S,1,G,N,7,D,A,8,6,2,1,0,M,SUZI,K6R,RS,6,17,,,,,,,599,0,0,000000000,00000000000,0,0,0,1,0,0,0,0,0,0,0,998,0,0,0,12,12,6,2,12,0,0,0,1,13,31523,6,1,0,0,3,0,68,180,98,0,0,0,0,0,0,0,0,0,0,0,0,0,1,2,45,1,1,2,1,0,0,1,65,2,1,1,69,1,0
13,131123,1,2,1,22,12,18,45,12,6,1,0,13,1,12,13,12013,6,1999,3FAFP15P3XR1,3,F,A,F,P,1,5,P,3,X,R,1,0,P,FORD,ESE,SW,99,17,2531,,0,984,,G,,0,0,000000000,00000000000,0,0,0,1,0,0,0,0,0,0,0,998,0,0,0,1,1,6,2,12,0,0,0,1,13,31634,6,1,0,0,3,3,66,210,98,0,0,0,0,0,0,0,0,0,39,0,0,0,1,2,55,1,1,2,1,20,3,1,17,1,1,1,87,1,0
13,131123,2,2,1,22,12,18,45,12,6,1,0,13,1,7,482,7482,31,2001,1B7KC23W21J2,1,B,7,K,C,2,3,W,2,1,J,2,0,T,DODG,Q25,4C,1,17,,2,1547,1387,RPC,G,,0,0,000000000,00000000000,0,0,0,1,0,0,0,0,0,0,0,998,0,1,6,12,12,6,2,12,0,0,0,1,13,31643,6,1,6,0,3,0,71,190,98,0,0,0,0,0,0,0,0,0,0,0,0,0,1,2,55,1,6,2,1,0,0,1,66,7,1,1,86,0,0
13,131124,1,1,1,22,12,14,46,34,0,1,0,13,1,20,481,20481,31,1994,1GCDC14Z0RZ1,1,G,C,D,C,1,4,Z,0,R,Z,1,0,T,CHEV,GC1,PK,94,17,,1,1315,1175,GM4,G,,0,0,000000000,00000000000,0,0,0,1,0,0,0,0,0,0,0,998,0,1,6,12,13,6,2,1,32,0,0,1,13,30286,6,1,0,0,3,0,70,300,98,0,0,0,0,0,0,0,0,0,0,0,0,0,1,2,45,1,1,2,1,28,3,1,12,1,1,4,6,1,0
13,131125,1,1,1,23,12,16,25,1,0,1,0,13,1,23,401,23401,14,1997,1GKCS13W0V25,1,G,K,C,S,1,3,W,0,V,2,5,0,T,GMC,JMY,4W,97,17,,1,0,1070,JMY,G,,0,0,000000000,00000000000,0,0,0,1,0,0,0,0,0,0,0,998,0,1,1,0,0,6,2,1,0,0,0,1,13,31088,1,1,0,0,2,0,64,210,98,1,0,0,0,8,2010,8,2010,0,28,0,0,0,2,3,65,1,1,2,1,0,0,15,8,1,1,2,98,1,0
13,131126,1,2,2,23,12,5,56,12,6,1,0,93,3,82,883,82883,66,2004,1FUJA6CG84LM,1,F,U,J,A,6,C,G,8,4,L,M,1,T,FRHT,COL,DS,4,17,,8,0,0,CON,D,,1,57,0201742,570201742,3,6,1,1,0,0,0,0,0,0,0,998,0,0,0,63,63,4,4,12,0,0,0,1,36,10467,6,1,6,0,3,0,999,999,0,3,0,0,1,1,2008,1,2009,0,48,0,0,0,1,2,55,1,2,2,1,0,0,12,10,1,1,1,98,0,0
13,131126,2,2,1,23,12,5,56,12,6,1,0,13,1,12,37,12037,4,2005,1FAFP34N55W1,1,F,A,F,P,3,4,N,5,5,W,1,0,P,FORD,ZX4,4D,5,17,2677,,0,1030,,G,,0,0,000000000,00000000000,0,0,0,1,0,0,0,0,0,0,0,998,3,0,0,12,12,6,2,12,0,0,0,1,13,30252,6,1,0,0,3,0,64,180,98,0,0,0,0,0,0,0,0,0,0,0,0,0,1,2,55,1,2,2,1,0,0,1,61,1,1,1,98,1,0
13,131127,1,2,4,23,12,18,0,12,2,1,0,13,1,37,32,37032,4,2006,1HGCM56106A0,1,H,G,C,M,5,6,1,0,6,A,0,0,P,HOND,UVP,4D,6,17,3192,,0,1079,,G,,0,0,000000000,00000000000,0,0,0,1,0,0,0,0,0,0,0,998,0,0,0,12,12,6,2,12,0,0,0,1,13,30705,6,1,0,0,3,3,71,150,98,0,0,0,0,0,0,0,0,0,0,0,0,0,1,2,55,1,6,2,1,0,0,1,62,1,1,1,51,1,0
13,131127,2,2,2,23,12,18,0,12,2,1,0,13,2,49,32,49032,4,1998,2T1BR18E8WC0,2,T,1,B,R,1,8,E,8,W,C,0,0,P,TOYT,UVL,4D,98,17,2414,,0,970,,G,,0,0,000000000,00000000000,0,0,0,1,0,0,0,0,0,0,0,998,0,0,0,12,12,6,2,12,0,0,0,1,13,30705,6,1,0,0,3,0,70,154,98,0,0,0,0,0,0,0,0,0,28,0,0,0,1,2,55,1,1,2,1,28,3,1,10,1,1,2,50,0,0
13,131128,1,2,2,24,12,17,25,12,6,1,0,13,3,12,16,12016,4,2003,2FAFP71W53X1,2,F,A,F,P,7,1,W,5,3,X,1,0,P,FORD,CVP,4D,3,17,3946,,0,1147,,G,,0,0,000000000,00000000000,0,0,0,1,0,0,0,0,0,1,0,998,0,0,0,9,9,6,2,12,0,0,0,1,13,31405,6,1,0,0,3,0,73,186,98,1,0,0,1,9,2009,10,2009,0,39,0,0,0,1,2,35,1,1,1,1,20,3,1,17,1,1,1,89,1,1
13,131128,2,2,1,24,12,17,25,12,6,1,0,13,1,23,421,23421,15,2003,1GKEC13Z73R2,1,G,K,E,C,1,3,Z,7,3,R,2,0,T,GMC,YUK,4W,3,17,,2,0,1160,YUK,F,,0,0,000000000,00000000000,0,0,0,1,0,0,0,0,0,0,0,998,0,0,0,12,12,6,2,12,0,0,0,1,13,31401,6,1,0,0,3,0,65,215,98,0,0,0,0,0,0,0,0,0,0,0,0,0,1,2,35,1,1,1,1,0,0,1,66,1,1,1,88,0,1
13,131129,1,1,1,24,12,16,20,1,0,1,0,13,2,20,481,20481,31,1989,1GCFC24K7KE2,1,G,C,F,C,2,4,K,7,K,E,2,0,T,CHEV,GC2,PK,89,17,,2,0,1315,GM4,G,,0,0,000000000,00000000000,0,0,0,1,0,0,0,0,0,0,0,998,0,2,1,0,0,6,2,1,0,0,0,1,13,31763,6,1,0,0,3,0,67,190,98,2,0,0,1,11,2008,4,2009,1,28,58,0,0,1,2,55,2,1,2,1,28,3,6,6,1,1,2,98,1,1
13,131130,1,1,1,25,12,8,41,53,0,1,0,92,0,7,472,7472,30,1997,1B7FL26P4VS3,1,B,7,F,L,2,6,P,4,V,S,3,0,T,DODG,DAK,PK,97,17,,1,1239,1119,DAK,G,,0,0,000000000,00000000000,0,0,0,1,0,0,0,0,0,0,0,998,0,1,6,12,13,6,2,1,0,0,0,1,13,30701,6,1,0,0,3,0,70,190,98,0,0,1,3,5,2009,8,2010,0,58,0,0,0,1,2,55,3,6,2,3,0,0,14,8,6,4,4,2,1,0
13,131131,1,1,2,27,12,13,30,35,0,1,0,13,2,53,36,53036,5,2008,KL5JD66Z28K8,K,L,5,J,D,6,6,Z,2,8,K,8,0,P,SUZI,RBC,4H,8,17,2745,,0,1024,,G,,0,0,000000000,00000000000,0,0,0,1,0,0,0,0,0,0,0,998,0,1,6,3,13,6,2,35,0,0,0,1,13,31815,6,2,0,0,3,0,66,130,98,0,0,0,0,0,0,0,0,0,58,0,0,0,1,2,55,2,5,2,1,0,0,14,13,6,4,4,7,2,0
13,131132,1,1,1,28,12,15,30,31,0,1,0,13,2,12,3,12003,2,1997,1FALP4046VF1,1,F,A,L,P,4,0,4,6,V,F,1,0,P,FORD,MUS,CP,97,17,3084,,0,1013,,G,,0,0,000000000,00000000000,0,0,0,1,0,0,0,0,0,0,0,998,0,0,0,4,2,6,2,42,0,0,0,1,13,30808,6,1,0,0,3,0,74,245,98,0,0,0,0,0,0,0,0,0,58,0,0,0,1,2,55,3,6,2,1,28,3,14,8,6,7,4,7,1,0
13,131133,1,1,1,29,12,3,38,43,0,1,0,13,1,20,481,20481,31,1985,1GCDC14H2FF3,1,G,C,D,C,1,4,H,2,F,F,3,0,T,CHEV,C10,PK,85,17,,1,1315,1175,C10,G,,0,0,000000000,00000000000,0,0,0,1,0,0,0,0,0,0,0,998,0,1,6,11,11,6,2,43,0,0,0,1,13,30310,6,1,0,0,3,0,63,140,98,0,0,0,0,0,0,0,0,0,58,0,0,0,1,2,35,1,1,2,1,0,0,1,8,7,1,4,1,1,1
13,131134,1,2,1,29,12,16,19,12,6,1,0,13,2,23,471,23471,30,1994,1GTCS19Z0R85,1,G,T,C,S,1,9,Z,0,R,8,5,0,T,GMC,SON,PC,94,17,,1,0,1229,SON,G,,0,0,000000000,00000000000,0,0,0,1,0,0,0,0,0,0,0,998,0,0,0,3,3,6,2,12,0,0,0,1,13,30553,6,1,0,0,3,0,68,135,98,0,0,0,0,0,0,0,0,0,28,0,0,0,1,2,55,1,1,2,1,28,3,1,10,1,4,4,66,1,0
13,131134,2,2,1,29,12,16,19,12,6,1,0,13,1,23,880,23880,67,2010,1GT7K3B68AF1,1,G,T,7,K,3,B,6,8,A,F,1,0,T,GMC,5K3,CW,10,17,,3,0,1670,SIE,D,,0,88,888888888,88888888888,2,1,97,1,0,0,0,0,0,0,0,998,0,0,0,12,12,6,2,12,0,0,0,1,13,30643,6,1,6,0,3,3,71,245,98,0,0,0,0,0,0,0,0,0,0,0,0,0,1,2,55,1,1,2,1,28,3,1,62,7,1,4,66,0,1
13,131135,1,2,2,29,12,19,16,12,2,1,0,13,2,13,421,13421,15,1999,5LMRU27A2XLJ,5,L,M,R,U,2,7,A,2,X,L,J,0,P,LINC,NAV,UT,99,17,5150,,0,1190,,G,,0,0,000000000,00000000000,0,0,0,1,0,0,0,0,0,0,0,998,0,0,0,12,12,6,2,12,0,0,0,1,13,31539,6,2,0,0,3,0,74,165,98,0,0,0,0,0,0,0,0,0,28,0,0,0,1,2,55,3,6,2,1,28,3,14,62,1,1,2,50,0,0
13,131135,2,2,1,29,12,19,16,12,2,1,0,13,2,20,34,20034,4,2001,2C1MR5223167,2,C,1,M,R,5,2,2,3,1,6,7,0,P,CHEV,MEL,4D,1,17,1984,,0,931,,G,,0,0,000000000,00000000000,0,0,0,1,0,0,0,0,0,0,0,998,0,0,0,12,12,6,2,12,32,0,0,1,13,31549,6,1,0,0,3,0,63,170,98,0,0,0,0,0,0,0,0,0,0,0,0,0,1,2,55,2,5,2,1,28,3,14,10,1,1,2,51,1,0
13,131136,1,1,1,31,12,16,49,42,0,1,0,13,1,23,481,23481,31,2000,1GTEC14V0YZ2,1,G,T,E,C,1,4,V,0,Y,Z,2,0,T,GMC,NC1,PK,0,17,,2,1330,1190,SIE,G,,0,0,000000000,00000000000,0,0,0,1,0,0,0,0,0,0,0,998,0,1,6,1,13,6,2,42,0,0,0,1,13,31721,6,1,0,0,3,3,71,220,98,0,0,0,1,6,2009,6,2009,0,0,0,0,0,1,2,35,1,1,2,1,0,0,1,13,1,1,4,1,1,0
13,131137,1,1,1,31,12,18,17,8,0,1,0,13,2,23,471,23471,30,1998,1GTCS14X2W85,1,G,T,C,S,1,4,X,2,W,8,5,0,T,GMC,SON,PK,98,17,,1,1179,1083,SON,G,,0,0,000000000,00000000000,0,0,0,1,0,0,0,0,0,0,0,998,0,0,0,12,12,4,1,8,0,0,0,1,13,31554,6,1,0,0,3,0,70,150,98,0,0,0,0,0,0,0,0,0,86,0,0,0,5,4,45,1,1,2,1,0,0,1,80,1,1,1,13,0,0
13,131138,1,2,1,31,12,14,36,12,2,1,0,13,2,12,481,12481,31,2003,1FTRX17LX3NA,1,F,T,R,X,1,7,L,X,3,N,A,0,T,FORD,F15,4C,3,17,,2,1571,1385,COF,G,,0,0,000000000,00000000000,0,0,0,1,0,0,0,0,0,0,0,998,0,0,0,12,12,6,2,12,0,0,0,1,13,30542,6,1,0,0,3,0,74,215,98,0,0,0,1,12,2010,12,2010,0,38,0,0,0,1,2,45,2,6,2,1,0,0,11,15,1,1,1,74,0,0
13,131138,2,2,1,31,12,14,36,12,2,1,0,13,1,34,706,34706,80,2004,WB10557A54ZG,W,B,1,0,5,5,7,A,5,4,Z,G,0,M,BMW,K12,RS,4,17,,,,,,,1171,0,0,000000000,00000000000,0,0,0,1,0,0,0,0,0,0,0,998,0,0,0,12,12,6,2,12,0,0,0,1,13,30519,6,1,0,0,3,0,70,195,98,0,0,0,0,0,0,0,0,0,0,0,0,0,1,2,45,3,5,2,1,0,0,14,62,1,1,1,74,1,0
13,131139,1,2,4,15,12,19,20,24,0,1,0,40,1,35,39,35039,4,2003,JN1DA31A23T4,J,N,1,D,A,3,1,A,2,3,T,4,0,P,NISS,MGL,4D,3,17,3124,,0,1083,,G,,0,0,000000000,00000000000,0,0,0,1,0,0,0,0,0,0,0,998,0,0,0,12,7,6,2,12,0,0,0,1,45,29210,6,1,0,0,3,0,64,137,0,0,0,0,0,0,0,0,0,0,28,87,0,0,3,2,65,3,1,2,4,0,0,14,5,1,1,4,98,1,0
13,131139,2,2,1,15,12,19,20,24,0,1,0,40,3,82,881,82881,66,2003,1FUJBBBGX3LJ,1,F,U,J,B,B,B,G,X,3,L,J,1,T,FRHT,ST2,TR,3,17,,8,0,0,CON,D,,1,57,109745,57109745,3,6,1,1,0,0,0,0,0,0,0,998,0,0,0,7,7,6,2,12,0,0,0,1,12,33016,6,1,6,0,3,0,66,999,0,0,0,0,0,0,0,0,0,0,0,0,0,0,3,2,65,3,1,2,4,0,0,14,60,1,1,1,98,0,0
13,131140,1,4,1,9,12,20,47,54,11,1,1,99,9,35,481,35481,31,9999,999999999999,9,9,9,9,9,9,9,9,9,9,9,9,0,U,,,,9,17,,,,,,,,0,0,000000000,00000000000,0,0,0,1,0,0,0,0,0,0,0,998,0,0,0,18,18,0,1,54,0,0,0,1,99,99999,9,9,99,9,9,9,999,999,99,99,99,99,99,99,9999,99,9999,1,21,0,0,0,3,4,70,1,1,2,1,0,0,1,98,1,1,1,98,0,0
13,131140,2,4,2,9,12,20,47,54,11,1,0,13,1,20,39,20039,4,2006,KL1TD66686B6,K,L,1,T,D,6,6,6,8,6,B,6,0,P,CHEV,ABS,5D,6,17,2343,,0,976,,G,,0,0,000000000,00000000000,0,0,0,1,0,0,0,0,0,0,0,998,0,0,0,12,12,6,2,54,0,0,0,1,13,30830,6,1,0,0,3,3,70,145,98,2,2,1,0,4,2008,11,2010,0,0,0,0,0,3,2,70,1,1,2,1,0,0,1,90,2,1,1,98,1,0
13,131140,3,4,1,9,12,20,47,54,11,1,0,13,1,12,401,12401,14,1998,1FMYU24X1WUB,1,F,M,Y,U,2,4,X,1,W,U,B,0,P,FORD,EPR,UT,98,17,3919,,0,1017,,G,,0,0,000000000,00000000000,0,0,0,1,0,0,0,0,0,0,0,998,0,0,0,1,1,6,2,12,0,0,0,1,13,30828,6,1,0,0,3,0,73,170,98,0,0,1,0,11,2009,11,2009,0,0,0,0,0,3,2,70,1,1,2,1,0,0,1,51,2,1,1,98,0,0
13,131140,4,4,1,9,12,20,47,54,11,1,0,12,3,30,40,30040,4,2010,3VWRZ7AJ9AM0,3,V,W,R,Z,7,A,J,9,A,M,0,0,P,VOLK,JSE,4D,10,17,3202,,0,1015,,G,,0,0,000000000,00000000000,0,0,0,1,0,0,0,0,0,0,0,998,0,0,0,2,2,2,1,12,0,0,0,1,13,30008,6,1,0,0,3,0,69,205,98,0,0,0,0,0,0,0,0,0,0,0,0,0,3,2,70,1,1,2,1,0,0,1,51,6,1,1,98,1,0
13,131141,1,2,1,25,12,20,55,8,0,1,0,13,1,14,402,14402,14,2005,4M2CU56155DJ,4,M,2,C,U,5,6,1,5,5,D,J,0,P,MERC,MRN,UT,5,17,3261,,0,1031,,G,,0,0,000000000,00000000000,0,0,0,1,0,0,0,0,0,0,0,998,0,0,0,12,12,2,8,8,0,0,0,1,13,31520,6,1,0,0,3,0,68,165,98,0,0,0,0,0,0,0,0,0,86,0,0,0,1,2,35,1,1,2,2,0,0,1,80,2,1,1,13,0,0
13,131141,2,2,1,25,12,20,55,8,0,1,0,13,2,20,482,20482,31,2004,3GNEC12T24G3,3,G,N,E,C,1,2,T,2,4,G,3,0,P,CHEV,AVL,UT,4,17,5437,,0,1300,,G,,0,0,000000000,00000000000,0,0,0,1,0,0,0,0,0,0,0,998,0,0,0,14,14,2,8,8,0,0,0,1,13,31522,6,1,0,0,3,0,68,235,98,0,0,0,0,0,0,0,0,0,86,0,0,0,1,2,35,1,1,2,2,0,0,1,80,1,1,1,98,0,0
13,131142,1,1,1,28,3,17,30,8,0,1,1,12,1,12,481,12481,31,2002,1FTNW21F52EC,1,F,T,N,W,2,1,F,5,2,E,C,0,T,FORD,F2S,CW,2,17,,2,1724,1562,SRW,D,,0,0,000000000,00000000000,0,0,0,1,0,0,0,0,0,0,0,998,0,0,0,63,63,0,1,8,0,0,0,1,12,32259,6,1,0,0,3,0,75,999,0,0,0,0,0,0,0,0,0,0,86,0,0,0,3,3,70,1,1,8,1,0,0,1,4,99,1,4,13,0,0
13,131143,1,3,1,4,4,13,51,12,6,1,0,13,1,20,4,20004,1,2001,1G1YY32G0151,1,G,1,Y,Y,3,2,G,0,1,5,1,0,P,CHEV,CVT,CV,1,17,3248,,0,1045,,G,,0,0,000000000,00000000000,0,0,0,1,0,0,0,0,0,0,0,998,0,0,0,10,98,6,2,12,0,0,0,1,13,31008,6,1,0,0,3,0,69,220,98,0,0,0,0,0,0,0,0,0,39,0,0,0,1,2,55,1,2,2,1,2,3,11,15,99,9,2,82,1,0
13,131143,2,3,2,4,4,13,51,12,6,1,0,13,1,49,472,49472,30,2005,5TEKU72N65Z0,5,T,E,K,U,7,2,N,6,5,Z,0,0,T,TOYT,PBD,CW,5,17,,1,0,1409,TAC,G,,0,0,000000000,00000000000,0,0,0,1,0,0,0,0,0,0,0,998,0,0,0,12,12,6,2,12,0,0,0,1,13,31088,6,1,6,0,3,3,64,158,98,0,0,0,0,0,0,0,0,0,0,0,0,0,1,2,55,1,2,2,1,2,3,1,17,6,1,9,83,0,0
13,131143,3,3,2,4,4,13,51,12,6,1,0,17,1,72,706,72706,80,2008,1HD1GX4158K3,1,H,D,1,G,X,4,1,5,8,K,3,0,M,HD,FXI,RS,8,17,,,,,,,1584,0,0,000000000,00000000000,0,0,0,1,0,0,0,0,0,0,0,998,0,0,0,12,98,6,2,12,0,0,0,1,17,62220,6,1,0,0,3,3,71,195,0,0,0,0,0,0,0,0,0,0,0,0,0,0,1,2,55,1,2,2,1,2,3,1,17,99,1,9,98,0,0
13,131144,1,1,2,25,6,22,20,5,0,1,0,13,1,2,402,2402,14,1976,J6F83AH02249,J,6,F,8,3,A,H,0,2,2,4,9,0,P,,,,,,,,,,,,,0,0,000000000,00000000000,0,0,0,1,0,0,0,0,0,0,0,998,0,0,0,0,0,0,3,5,0,0,0,1,13,30534,6,1,0,0,3,0,70,175,98,0,0,0,0,0,0,0,0,0,36,0,0,0,3,2,55,1,6,2,1,0,0,11,98,1,1,2,0,1,1
13,131145,1,1,1,10,7,15,55,42,0,1,0,12,1,53,705,53705,80,2009,JS1CP51B6921,J,S,1,C,P,5,1,B,6,9,2,1,0,M,SUZI,A6A,MS,9,17,,,,,,,638,0,0,000000000,00000000000,0,0,0,1,0,0,0,0,0,0,0,998,0,0,0,12,98,6,2,42,0,0,0,1,12,34476,6,1,0,0,3,0,72,999,0,0,0,0,0,0,0,0,0,1,29,0,0,0,1,3,45,3,5,8,1,0,0,14,13,99,1,4,1,1,0
13,131147,1,2,1,20,12,18,47,8,0,1,0,13,1,49,40,49040,4,1996,4T1BG12K8TU8,4,T,1,B,G,1,2,K,8,T,U,8,0,P,TOYT,DLX,4D,96,17,2932,,0,1031,,G,,0,0,000000000,00000000000,0,0,0,1,0,0,0,0,0,0,0,998,0,0,0,12,98,6,2,8,0,0,0,1,13,30058,6,1,0,0,3,0,71,170,98,0,0,0,0,0,0,0,0,0,86,0,0,0,1,2,45,1,1,2,1,0,0,1,80,4,1,1,13,0,0
13,131147,2,2,2,20,12,18,47,8,0,1,0,13,1,22,18,22018,4,2002,1G2NF52E52M5,1,G,2,N,F,5,2,E,5,2,M,5,0,P,PONT,SE1,4D,2,17,3116,,0,1070,,G,,0,0,000000000,00000000000,0,0,0,1,0,0,0,0,0,0,0,998,0,0,0,14,98,2,9,8,0,0,0,1,13,30083,6,1,0,0,3,3,63,180,98,0,0,0,0,0,0,0,0,0,86,0,0,0,1,2,45,1,1,2,1,0,0,1,80,99,1,1,98,0,0
13,131148,1,1,1,22,9,7,10,42,0,1,0,13,2,20,481,20481,31,1994,1GCEC14Z4RZ1,1,G,C,E,C,1,4,Z,4,R,Z,1,0,T,CHEV,GC1,PK,94,17,,2,1315,1175,GM4,G,,0,0,000000000,00000000000,0,0,0,1,0,0,0,0,0,0,0,998,0,0,0,9,9,6,2,42,0,0,0,1,40,30139,2,1,0,0,2,0,67,200,0,0,0,0,0,0,0,0,0,1,58,0,0,0,1,2,55,1,2,2,1,0,0,1,6,1,2,4,2,1,1
13,131149,1,1,1,4,10,16,26,31,0,1,0,13,2,12,481,12481,31,1999,1FTNF20L6XED,1,F,T,N,F,2,0,L,6,X,E,D,0,T,FORD,F2S,PK,99,17,,2,0,1370,SRW,G,,0,0,000000000,00000000000,0,0,0,1,0,0,0,0,0,0,0,998,0,0,0,12,12,6,2,31,0,0,0,1,13,30477,6,1,0,0,3,0,75,165,98,1,0,0,0,3,2010,3,2010,0,0,0,0,0,1,2,45,1,1,2,1,0,0,1,8,1,1,4,1,1,0
13,131150,1,2,1,19,10,10,39,24,0,1,0,13,2,6,14,6014,4,1985,1C3BF66P6FX6,1,C,3,B,F,6,6,P,6,F,X,6,0,P,CHRY,FAV,4D,85,17,3741,,0,1127,,G,,0,0,000000000,00000000000,0,0,0,1,0,0,0,0,0,0,0,998,0,0,0,1,12,6,2,12,0,0,0,1,13,30642,6,1,0,0,3,0,66,265,98,0,0,0,0,0,0,0,0,0,99,99,99,99,1,2,55,1,1,2,1,28,3,1,13,1,1,4,1,1,0
13,131150,2,2,1,19,10,10,39,24,0,1,0,13,3,86,881,86881,66,1994,1M2AA13YXRW0,1,M,2,A,A,1,3,Y,X,R,W,0,1,T,MACK,CH6,DS,94,17,,8,0,0,600,D,,1,57,814840,57814840,3,6,1,1,0,0,0,0,0,0,0,998,0,0,0,12,12,6,2,12,0,0,0,1,13,30669,6,1,6,0,3,3,72,150,98,0,0,0,0,0,0,0,0,0,0,0,0,0,1,2,55,1,1,2,1,28,3,1,62,1,1,1,98,0,0
13,131151,1,1,1,9,12,14,15,53,0,1,0,13,1,53,706,53706,80,2003,JS1GW71A3321,J,S,1,G,W,7,1,A,3,3,2,1,0,M,SUZI,GXR,RS,3,17,,,,,,,1298,0,0,000000000,00000000000,0,0,0,1,0,0,0,0,0,0,0,998,0,0,0,12,12,6,2,53,0,0,0,1,13,30310,6,1,6,0,3,1,71,300,98,2,0,1,2,4,2009,10,2009,1,0,0,0,0,1,2,25,1,1,2,1,0,0,1,6,3,2,4,2,1,0
13,131152,1,1,3,18,12,4,56,59,0,1,0,13,1,35,473,35473,31,2004,1N6AA06A84N5,1,N,6,A,A,0,6,A,8,4,N,5,0,T,NISS,TXS,PC,4,17,,2,0,1398,TTN,G,,0,0,000000000,00000000000,0,0,0,1,0,0,0,0,0,0,0,998,0,1,6,3,3,6,2,35,0,0,0,1,13,31730,6,1,0,0,3,0,69,155,98,0,0,0,1,2,2010,2,2010,0,87,0,0,0,2,2,65,1,1,2,2,28,3,1,5,1,4,4,7,1,0