STATE,ST_CASE,VEH_NO,VE_FORMS,NUMOCCS,DAY,MONTH,HOUR,MINUTE,HARM_EV,MAN_COLL,UNITTYPE,HIT_RUN,REG_STAT,OWNER,MAKE,MODEL,MAK_MOD,BODY_TYP,MOD_YEAR,VIN,VIN_1,VIN_2,VIN_3,VIN_4,VIN_5,VIN_6,VIN_7,VIN_8,VIN_9,VIN_10,VIN_11,VIN_12,TOW_VEH,VINTYPE,VINMAKE,VINA_MOD,VIN_BT,VINMODYR,VIN_LNGT,VIN_WGT,WGTCD_TR,WHLBS_LG,WHLBS_SH,SER_TR,FUELCODE,MCYCL_DS,J_KNIFE,MCARR_I1,MCARR_I2,MCARR_ID,GVWR,V_CONFIG,CARGO_BT,HAZ_INV,HAZ_PLAC,HAZ_ID,HAZ_CNO,HAZ_REL,BUS_USE,SPEC_USE,EMER_USE,TRAV_SP,UNDERIDE,ROLLOVER,ROLINLOC,IMPACT1,IMPACT2,DEFORMED,TOWED,M_HARM,VEH_SC1,VEH_SC2,FIRE_EXP,DR_PRES,L_STATE,DR_ZIP,L_STATUS,L_TYPE,CDL_STAT,L_ENDORS,L_COMPL,L_RESTRI,DR_HGT,DR_WGT,PREV_ACC,PREV_SUS,PREV_DWI,PREV_SPD,PREV_OTH,FIRST_MO,FIRST_YR,LAST_MO,LAST_YR,SPEEDREL,DR_SF1,DR_SF2,DR_SF3,DR_SF4,VTRAFWAY,VNUM_LAN,VSPD_LIM,VALIGN,VPROFILE,VPAVETYP,VSURCOND,VTRAFCON,VTCONT_F,P_CRASH1,P_CRASH2,P_CRASH3,PCRASH4,PCRASH5,ACC_TYPE,DEATHS,DR_DRINK
13,131153,1,1,1,16,12,16,20,32,0,1,0,13,1,55,33,55033,4,2008,5NPET46F38H3,5,N,P,E,T,4,6,F,3,8,H,3,0,P,HYUN,SGL,4D,8,17,3458,,0,1074,,G,,0,0,000000000,00000000000,0,0,0,1,0,0,0,0,0,0,0,998,0,1,5,1,98,6,2,1,32,0,0,1,13,30635,6,1,0,0,3,3,71,210,98,0,0,0,0,0,0,0,0,0,29,0,0,0,2,9,55,3,1,2,2,0,0,14,13,99,9,4,2,1,0
13,131154,1,1,3,1,5,12,33,33,0,1,0,13,3,7,25,7025,5,2010,1B3CB4HA9AD5,1,B,3,C,B,4,H,A,9,A,D,5,0,P,DODG,CXT,4D,10,17,3039,,0,1037,,G,,0,0,000000000,00000000000,0,0,0,1,0,0,0,0,0,0,0,998,0,0,0,14,98,4,3,3,0,0,0,1,13,30068,0,0,0,0,0,0,74,150,98,0,0,0,0,0,0,0,0,0,29,0,0,0,1,2,25,2,2,9,98,0,0,14,13,99,9,4,2,1,0
13,131155,1,1,5,19,11,22,30,1,0,1,0,12,2,20,401,20401,14,1998,999999999999,9,9,9,9,9,9,9,9,9,9,9,9,0,U,,,,9,17,,,,,,,,0,0,000000000,00000000000,0,0,0,1,0,0,0,0,0,0,0,998,0,1,1,0,0,6,2,1,0,0,0,1,12,31905,6,1,0,0,3,0,72,999,0,0,0,0,0,0,0,0,0,1,28,85,0,0,1,2,55,3,8,2,1,0,0,14,6,7,1,6,98,1,1
13,131156,1,1,1,30,11,8,45,42,0,1,0,13,1,22,18,22018,4,2001,1G2NW52E21C2,1,G,2,N,W,5,2,E,2,1,C,2,0,P,PONT,GAG,4D,1,17,3168,,0,1070,,G,,0,0,000000000,00000000000,0,0,0,1,0,0,0,0,0,0,0,998,0,0,0,12,12,6,2,42,0,0,0,1,13,30074,6,1,0,0,3,0,60,145,98,0,0,0,1,4,2009,4,2009,1,33,0,0,0,1,2,35,3,1,1,2,0,0,15,6,1,1,4,1,1,0
13,131157,1,2,1,30,11,17,59,12,6,1,0,13,3,85,881,85881,66,2011,1XKFD48X9BJ2,1,X,K,F,D,4,8,X,9,B,J,2,1,T,KW,T70,DS,11,17,,8,0,0,CON,D,,1,57,303024,57303024,3,6,1,1,0,0,0,0,0,0,0,998,0,0,0,3,3,0,1,12,0,0,0,1,47,37917,6,1,6,1,3,1,72,182,0,0,0,0,0,0,0,0,0,0,38,0,0,0,1,2,45,1,1,2,2,0,0,11,15,1,1,1,68,0,0
13,131157,2,2,2,30,11,17,59,12,6,1,0,13,1,7,482,7482,31,1997,3B7HF13Z2VG7,3,B,7,H,F,1,3,Z,2,V,G,7,0,T,DODG,150,PC,97,17,,2,1547,1387,RPC,G,,0,0,000000000,00000000000,0,0,0,1,0,0,0,0,0,0,0,998,0,0,0,12,12,4,3,12,0,0,0,1,13,30549,6,1,0,0,3,3,75,175,98,0,0,0,0,0,0,0,0,0,0,0,0,0,1,2,45,1,1,2,2,0,0,1,62,1,1,1,69,1,0
13,131158,1,2,1,13,12,18,37,12,6,1,0,13,1,73,705,73705,80,2005,JKAKLEA125DA,J,K,A,K,L,E,A,1,2,5,D,A,0,M,KAWK,KL6,T,5,17,,,,,,,651,0,0,000000000,00000000000,0,0,0,1,0,0,0,0,0,0,0,998,0,0,0,12,12,6,2,12,0,0,0,1,13,31905,6,1,0,0,3,0,65,185,98,0,0,0,0,0,0,0,0,0,0,0,0,0,2,4,55,1,1,2,1,3,3,1,62,1,1,1,69,1,0
13,131158,2,2,1,13,12,18,37,12,6,1,0,99,9,99,999,99999,99,9999,999999999999,9,9,9,9,9,9,9,9,9,9,9,9,0,U,,,,9,17,,,,,,,,0,0,000000000,00000000000,0,0,0,1,0,0,0,0,0,0,0,998,0,0,0,3,3,6,2,12,0,0,0,1,99,99999,9,9,99,9,9,9,999,999,99,99,99,99,99,99,9999,99,9999,0,38,0,0,0,2,4,55,1,1,2,1,3,3,11,15,1,1,1,68,0,0
15,150001,1,1,1,1,1,0,1,14,0,1,0,15,2,35,43,35043,2,1994,1N4EB32A7RC7,1,N,4,E,B,3,2,A,7,R,C,7,0,P,NISS,SXL,2D,94,17,2324,,0,957,,G,,0,0,000000000,00000000000,0,0,0,1,0,0,0,0,0,0,0,999,0,0,0,9,61,6,2,14,0,0,0,1,15,96777,6,1,0,0,3,0,67,150,0,0,0,0,2,2,2009,2,2009,1,36,0,0,0,1,2,25,1,6,2,1,0,0,1,6,1,9,4,7,1,1
15,150002,1,1,4,1,1,16,42,52,0,1,0,15,4,22,22,22022,4,2009,1G2ZK57K1942,1,G,2,Z,K,5,7,K,1,9,4,2,0,P,PONT,GGT,4D,9,17,3457,,0,1123,,F,,0,0,000000000,00000000000,0,0,0,1,0,0,0,0,0,0,0,999,0,0,0,12,12,6,2,52,0,0,0,1,97,0,6,1,99,9,3,0,999,999,99,99,99,99,99,99,9999,99,9999,0,36,0,0,0,1,2,35,1,1,2,1,0,0,99,13,99,1,4,1,1,0
15,150003,1,1,1,7,1,9,31,8,0,1,0,15,1,9,442,9442,20,2000,2P4FP25B3YR6,2,P,4,F,P,2,5,B,3,Y,R,6,0,P,PLYM,VOF,SV,0,17,3432,,0,1133,,G,,0,0,000000000,00000000000,0,0,0,1,0,0,0,0,0,0,0,22,0,0,0,12,12,0,1,8,0,0,0,1,15,96815,6,1,0,0,3,0,61,130,0,0,0,0,0,0,0,0,0,0,38,0,0,0,1,4,25,1,1,2,1,0,0,11,15,1,1,1,13,0,0
15,150004,1,1,1,10,1,15,1,8,0,1,0,15,2,72,706,72706,80,1998,1A9HS74A2TA3,1,A,9,H,S,7,4,A,2,T,A,3,0,U,,,,96,17,,,,,,,,0,0,000000000,00000000000,0,0,0,1,0,0,0,0,0,0,0,999,0,0,0,12,98,9,9,8,0,0,0,1,15,96704,2,1,0,0,2,0,75,225,0,1,1,1,0,9,2009,10,2009,1,36,0,0,0,1,2,30,1,1,2,1,0,0,1,80,1,1,1,13,1,1
15,150005,1,1,1,12,1,8,49,8,0,1,0,15,1,59,403,59403,14,2004,JTJGA31U9400,J,T,J,G,A,3,1,U,9,4,0,0,0,P,LEXS,R33,UT,4,17,3860,,0,1069,,G,,0,0,000000000,00000000000,0,0,0,1,0,0,0,0,0,0,0,999,0,0,0,12,12,4,1,8,0,0,0,1,15,96817,6,1,0,0,3,0,62,130,0,0,0,0,0,0,0,0,0,0,38,0,0,0,3,3,35,1,1,2,1,0,0,1,80,1,1,1,13,0,0
15,150006,1,1,2,14,1,14,15,24,0,1,0,15,4,72,706,72706,80,2009,1HD1FF4139Y6,1,H,D,1,F,F,4,1,3,9,Y,6,0,M,HD,FHC,RS,9,17,,,,,,,1584,0,0,000000000,00000000000,0,0,0,1,0,0,0,0,0,0,0,999,0,0,0,3,81,6,2,24,0,0,0,1,8,80221,6,1,0,0,3,3,70,220,0,0,0,0,2,12,2008,6,2009,9,0,0,0,0,1,2,35,3,6,2,1,0,0,14,9,1,1,9,5,1,0
15,150007,1,1,1,14,1,14,59,8,0,1,0,15,1,20,16,20016,4,2002,1G1JC5245273,1,G,1,J,C,5,2,4,5,2,7,3,0,P,CHEV,CAC,4D,2,17,2676,,0,1041,,C,,0,0,000000000,00000000000,0,0,0,1,0,0,0,0,0,0,0,999,0,0,0,12,12,2,1,8,0,0,0,1,15,96817,6,1,0,0,3,3,62,160,0,0,0,0,0,0,0,0,0,0,38,0,0,0,3,3,35,1,1,2,1,2,3,11,15,1,1,1,13,0,0
15,150008,1,1,1,18,1,23,15,8,0,1,0,15,1,20,2,20002,4,2005,2G1WF52E8591,2,G,1,W,F,5,2,E,8,5,9,1,0,P,CHEV,IMP,4D,5,17,3389,,0,1105,,G,,0,0,000000000,00000000000,0,0,0,1,0,0,0,0,0,0,0,999,0,0,0,12,12,4,3,8,0,0,0,1,15,96813,6,1,0,0,3,9,74,240,0,0,0,0,0,0,0,0,0,0,50,0,0,0,4,1,25,1,1,2,1,0,0,1,80,1,1,1,13,0,1
15,150009,1,2,3,19,1,18,53,12,2,1,0,15,1,7,472,7472,31,2009,1D7HW38K39S8,1,D,7,H,W,3,8,K,3,9,S,8,0,T,DODG,SXT,CW,9,17,,2,0,1313,DAK,G,,0,0,000000000,00000000000,0,0,0,1,0,0,0,0,0,0,0,999,0,0,0,12,12,6,2,12,0,0,0,1,15,96778,6,1,0,0,3,0,62,140,0,0,0,0,0,0,0,0,0,1,36,0,0,0,1,2,45,2,6,2,1,0,0,6,10,1,1,1,50,0,1
15,150009,2,2,2,19,1,18,53,12,2,1,0,15,2,48,36,48036,3,1989,JF1KA72A3KB7,J,F,1,K,A,7,2,A,3,K,B,7,0,P,SUBA,JDL,2H,89,17,1745,,0,900,,G,,0,0,000000000,00000000000,0,0,0,1,0,0,0,0,0,0,0,999,0,0,0,12,12,6,2,12,0,0,0,1,15,96778,0,0,0,0,0,0,999,999,0,0,0,0,0,0,0,0,0,0,0,0,0,0,1,2,45,3,5,2,1,0,0,14,54,1,1,1,51,1,0
15,150010,1,2,1,19,1,22,15,12,2,1,0,15,1,23,481,23481,31,2007,1GTHK33627F5,1,G,T,H,K,3,3,6,2,7,F,5,0,T,GMC,NK3,CW,7,17,,2,0,1670,SIE,D,,0,0,000000000,00000000000,0,0,0,1,0,0,0,0,0,0,0,999,0,1,1,12,12,6,2,12,0,0,0,1,15,96756,6,1,6,0,3,0,68,170,0,0,0,0,0,0,0,0,0,0,0,0,0,0,1,2,50,3,1,2,1,0,0,14,10,1,1,2,51,0,1
15,150010,2,2,2,19,1,22,15,12,2,1,0,15,3,12,471,12471,30,2001,1FTZR15U21PA,1,F,T,Z,R,1,5,U,2,1,P,A,0,T,FORD,RNS,PS,1,17,,1,0,1259,RNG,G,,0,0,000000000,00000000000,0,0,0,1,0,0,0,0,0,0,0,999,0,0,0,12,12,6,2,12,0,0,0,1,15,96746,6,1,6,0,3,1,66,140,1,0,0,1,0,8,2007,1,2009,0,0,0,0,0,1,2,50,2,1,2,1,0,0,14,62,9,1,2,50,1,0
15,150011,1,2,1,22,1,16,2,12,2,1,0,15,1,49,32,49032,4,2005,1NXBR32E05Z5,1,N,X,B,R,3,2,E,0,5,Z,5,0,P,TOYT,UCS,4D,5,17,2530,,0,1024,,G,,0,0,000000000,00000000000,0,0,0,1,0,0,0,0,0,0,0,999,0,0,0,12,12,6,2,12,0,0,0,1,15,96756,6,1,0,0,3,1,70,170,0,0,0,0,0,0,0,0,0,0,38,0,0,0,1,3,50,1,1,2,1,0,0,11,15,1,1,1,68,0,0
15,150011,2,2,1,22,1,16,2,12,2,1,0,15,1,73,706,73706,80,2001,JKBVNCA121B5,J,K,B,V,N,C,A,1,2,1,B,5,0,M,KAWK,VN8,RS,1,17,,,,,,,800,0,0,000000000,00000000000,0,0,0,1,0,0,0,0,0,0,0,999,0,0,0,12,12,6,2,12,0,0,0,1,15,96796,6,1,0,0,3,1,65,270,2,0,0,0,0,11,2007,5,2009,0,0,0,0,0,1,3,50,1,1,2,1,0,0,1,17,1,1,1,69,1,0
15,150012,1,1,2,23,1,17,40,33,0,1,0,15,2,12,481,12481,31,1997,1FTDX1768VKA,1,F,T,D,X,1,7,6,8,V,K,A,0,T,FORD,F15,3C,97,17,,1,1570,1390,COF,G,,0,0,000000000,00000000000,0,0,0,1,0,0,0,0,0,0,0,999,0,0,0,12,12,6,2,30,0,0,0,1,15,96792,6,1,0,0,3,0,76,172,1,2,0,2,1,5,2007,8,2008,1,0,0,0,0,1,2,25,3,1,2,1,0,0,14,6,1,1,4,1,1,1
15,150013,1,2,1,23,1,22,0,12,6,1,0,15,2,98,709,98709,81,2004,RFGBS1AJ94SF,R,F,G,B,S,1,A,J,9,4,S,F,0,U,,,,4,17,,,,,,,,0,0,000000000,00000000000,0,0,0,1,0,0,0,0,0,0,0,999,0,0,0,12,12,6,2,12,0,0,0,1,15,96819,0,0,0,0,0,0,65,115,0,0,0,0,0,0,0,0,0,0,39,0,0,0,1,2,25,1,5,2,1,20,3,1,17,1,1,1,69,1,0
15,150013,2,2,1,23,1,22,0,12,6,1,0,15,1,48,38,48038,6,2004,JF1GG65564H8,J,F,1,G,G,6,5,5,6,4,H,8,0,P,SUBA,ITS,SW,4,17,3045,,0,994,,G,,0,0,000000000,00000000000,0,0,0,1,0,0,0,0,0,0,0,999,0,0,0,9,9,4,1,12,0,0,0,1,15,96813,6,1,0,0,3,0,71,180,0,0,0,1,0,9,2009,9,2009,0,0,0,0,0,1,2,25,1,5,2,1,20,3,11,15,1,1,1,68,0,0
15,150014,1,1,1,26,1,21,9,8,0,1,0,15,2,35,49,35049,6,2005,JN8AZ08T55W3,J,N,8,A,Z,0,8,T,5,5,W,3,0,P,NISS,MUR,UT,5,17,3697,,0,1112,,G,,0,0,000000000,00000000000,0,0,0,1,0,0,0,0,0,0,0,999,0,0,0,12,12,6,2,8,0,0,0,1,15,96753,6,1,0,0,3,0,69,197,0,0,0,0,0,0,0,0,0,0,0,0,0,0,2,4,40,1,1,2,1,0,0,1,80,1,1,1,13,0,0
15,150015,1,2,1,27,1,11,54,12,6,1,0,15,1,7,20,7020,2,1995,1B3ES62Y4SD1,1,B,3,E,S,6,2,Y,4,S,D,1,0,P,DODG,NES,CP,95,17,2473,,0,1040,,G,,0,0,000000000,00000000000,0,0,0,1,0,0,0,0,0,0,0,999,0,0,0,3,3,6,2,12,0,0,0,1,15,96753,6,1,0,0,3,0,64,180,0,0,0,0,0,0,0,0,0,1,51,0,0,0,1,2,30,3,6,2,2,0,0,14,6,1,4,4,64,1,0
15,150015,2,2,1,27,1,11,54,12,6,1,0,15,2,12,471,12471,30,1994,1FTCR10A1RUC,1,F,T,C,R,1,0,A,1,R,U,C,0,T,FORD,RNG,PK,94,17,,1,1140,1080,RNG,G,,0,0,000000000,00000000000,0,0,0,1,0,0,0,0,0,0,0,999,0,0,0,12,12,6,2,12,0,0,0,1,15,96790,6,1,0,0,3,1,70,205,0,0,0,1,0,8,2007,8,2007,0,0,0,0,0,1,2,30,2,5,2,2,0,0,14,54,7,1,4,65,0,0
15,150016,1,1,1,8,2,4,2,42,0,1,0,15,1,34,709,34709,80,1988,WB1047802J61,W,B,1,0,4,7,8,0,2,J,6,1,0,M,BMW,RRG,RS,88,17,,,,,,,1000,0,0,000000000,00000000000,0,0,0,1,0,0,0,0,0,0,0,999,0,0,0,12,12,6,2,42,0,0,0,1,15,96704,6,1,0,0,3,1,64,165,0,0,0,0,0,0,0,0,0,1,33,36,0,0,1,2,30,3,1,2,1,0,0,6,6,1,1,4,1,1,0
15,150017,1,1,2,9,2,5,59,38,0,1,0,15,2,6,43,6043,1,2008,1C3LC55R98N1,1,C,3,L,C,5,5,R,9,8,N,1,0,P,CHRY,STO,CV,8,17,3376,,0,1089,,G,,0,0,000000000,00000000000,0,0,0,1,0,0,0,0,0,0,0,999,0,0,0,1,12,6,2,43,0,0,0,1,12,96734,6,1,0,0,3,0,63,999,0,0,0,0,0,0,0,0,0,0,0,0,0,0,1,2,30,1,1,2,1,0,0,1,13,1,1,4,1,1,0
15,150018,1,3,1,11,2,9,20,12,2,1,0,15,3,12,461,12461,21,2006,1FDXE45P76DA,1,F,D,X,E,4,5,P,7,6,D,A,0,T,FORD,4DC,YY,6,17,,4,1760,1580,CTV,D,,0,57,681613,57681613,2,1,1,1,0,0,0,0,0,0,0,999,0,0,0,12,12,6,2,12,0,0,0,1,15,96766,6,1,0,0,3,0,72,170,0,0,0,0,1,6,2009,6,2009,0,28,0,0,0,1,2,35,2,3,2,1,0,0,14,10,1,1,2,50,0,0
15,150018,2,3,1,11,2,9,20,12,2,1,0,15,1,12,3,12003,2,2006,1ZVHT82H2651,1,Z,V,H,T,8,2,H,2,6,5,1,0,P,FORD,MGT,CP,6,17,3483,,0,1071,,G,,0,0,000000000,00000000000,0,0,0,1,0,0,0,0,0,0,0,999,0,0,0,12,12,6,2,12,0,0,0,1,15,96741,6,1,0,0,3,1,67,134,1,0,0,0,0,8,2008,8,2008,0,0,0,0,0,1,2,35,3,3,2,1,0,0,14,54,9,1,1,51,1,0
15,150018,3,3,2,11,2,9,20,12,2,1,0,15,2,58,37,58037,4,2004,JNKCV51E34M6,J,N,K,C,V,5,1,E,3,4,M,6,0,P,INFI,G35,4D,4,17,3210,,0,1122,,G,,0,0,000000000,00000000000,0,0,0,1,0,0,0,0,0,0,0,999,0,0,0,61,61,6,2,12,0,0,0,1,15,96752,6,1,0,0,3,1,63,180,0,0,0,0,0,0,0,0,0,0,0,0,0,0,1,2,35,3,3,2,1,0,0,14,51,4,1,1,98,0,0
15,150019,1,1,1,19,2,6,35,8,0,1,0,15,3,94,981,94981,50,2007,1T7YU4C21712,1,T,7,Y,U,4,C,2,1,7,1,2,0,U,,,,7,17,,,,,,,,0,57,896559,57896559,2,21,22,1,0,0,0,0,1,0,0,999,0,0,0,12,12,2,1,8,0,0,0,1,15,96819,6,1,6,1,3,1,58,135,0,0,0,0,0,0,0,0,0,0,0,0,0,0,1,5,25,1,1,2,2,0,0,1,80,2,1,2,13,0,0
15,150020,1,2,1,19,2,9,56,12,2,1,0,15,1,23,471,23471,30,1992,1GTDT14Z2N85,1,G,T,D,T,1,4,Z,2,N,8,5,0,T,GMC,SON,PK,92,17,,1,1179,1083,SON,G,,0,0,000000000,00000000000,0,0,0,1,0,0,0,0,0,0,0,45,0,0,0,12,12,6,2,12,0,0,0,1,15,96765,6,1,0,0,3,1,70,169,0,0,0,0,0,0,0,0,0,0,0,0,0,0,1,2,50,1,6,2,1,0,0,1,10,1,1,2,50,1,0
15,150020,2,2,1,19,2,9,56,12,2,1,0,15,1,49,472,49472,30,2001,5TENL42N61Z8,5,T,E,N,L,4,2,N,6,1,Z,8,0,T,TOYT,REG,PK,1,17,,1,0,1033,TAC,G,,0,0,000000000,00000000000,0,0,0,1,0,0,0,0,0,0,0,0,0,0,0,12,12,6,2,12,0,0,0,1,15,96765,6,1,0,0,3,1,65,170,0,0,0,0,0,0,0,0,0,0,0,0,0,0,1,2,50,1,5,2,1,0,0,1,62,4,1,1,51,1,0
15,150021,1,2,1,23,2,20,0,12,2,1,0,15,1,55,401,55401,14,2005,KM8SC13055U9,K,M,8,S,C,1,3,0,5,5,U,9,0,P,HYUN,SAN,UT,5,17,3549,,0,1031,,,,0,0,000000000,00000000000,0,0,0,1,0,0,0,0,0,0,0,999,0,0,0,12,81,6,2,12,0,0,0,1,15,96740,2,1,0,0,2,1,65,170,0,0,0,2,1,1,2009,8,2009,1,33,36,0,0,1,2,55,1,1,2,1,0,0,6,13,1,1,7,72,0,1
15,150021,2,2,3,23,2,20,0,12,2,1,0,15,2,23,441,23441,20,2000,1GKDM19W4YB5,1,G,K,D,M,1,9,W,4,Y,B,5,0,T,GMC,SXT,ES,0,17,,1,0,1112,SAF,G,,0,0,000000000,00000000000,0,0,0,1,0,0,0,0,0,0,0,999,0,0,0,12,81,6,2,12,0,0,0,1,15,96738,6,1,0,0,3,1,64,180,0,0,0,0,0,0,0,0,0,0,0,0,0,0,1,2,55,1,1,2,1,0,0,1,64,1,1,2,73,1,0
15,150022,1,2,1,27,2,4,21,12,1,1,0,15,1,53,705,53705,80,2009,JS1GN7EA9921,J,S,1,G,N,7,E,A,9,9,2,1,0,M,SUZI,G60,RC,9,17,,,,,,,599,0,0,000000000,00000000000,0,0,0,1,0,0,0,0,0,0,0,86,0,0,0,12,12,6,2,12,0,0,0,1,12,96821,6,1,0,0,3,0,66,999,0,0,0,2,1,6,2009,6,2009,1,0,0,0,0,3,3,60,1,6,2,1,0,0,1,51,1,2,1,24,1,1
15,150022,2,2,1,27,2,4,21,12,1,1,0,15,1,53,405,53405,14,2006,JS3TY92V7641,J,S,3,T,Y,9,2,V,7,6,4,1,0,P,SUZI,XL7,UT,6,17,3638,,0,1102,,G,,0,0,000000000,00000000000,0,0,0,1,0,0,0,0,0,0,0,999,0,0,0,6,12,6,2,12,0,0,0,1,15,96707,6,1,0,0,3,0,65,130,0,0,0,0,0,0,0,0,0,0,0,0,0,0,3,3,60,1,6,2,1,0,0,1,53,1,1,1,26,0,0
15,150023,1,1,1,6,3,0,52,33,0,1,0,15,2,53,705,53705,80,1996,JS1GR7DA5T21,J,S,1,G,R,7,D,A,5,T,2,1,0,M,SUZI,SX7,RS,96,17,,,,,,,749,0,0,000000000,00000000000,0,0,0,1,0,0,0,0,0,0,0,999,0,0,0,12,81,6,2,43,0,0,0,1,15,96743,2,1,2,0,2,1,72,190,0,1,1,2,1,11,2008,6,2009,1,0,0,0,0,1,2,30,1,1,2,1,0,0,1,13,1,1,4,1,1,1
15,150024,1,1,1,12,3,11,13,25,0,1,0,6,2,12,3,12003,2,2004,1FAFP40684F1,1,F,A,F,P,4,0,6,8,4,F,1,0,P,FORD,MUS,CP,4,17,3114,,0,1013,,G,,0,0,000000000,00000000000,0,0,0,1,0,0,0,0,0,0,0,999,0,0,0,12,12,6,2,25,0,0,0,1,6,95307,6,1,3,0,3,0,72,240,0,0,0,2,0,1,2009,4,2009,1,34,37,0,0,3,2,60,2,6,1,1,7,3,15,12,6,1,4,6,1,0
15,150025,1,1,1,13,3,13,22,30,0,1,0,15,2,20,471,20471,30,1998,1GCCS1446W82,1,G,C,C,S,1,4,4,6,W,8,2,0,T,CHEV,S14,PK,98,17,,1,1179,1083,S,G,,0,0,000000000,00000000000,0,0,0,1,0,0,0,0,0,0,0,999,0,0,0,12,12,6,2,30,0,0,0,1,15,96792,6,1,0,0,3,0,76,250,0,0,0,0,0,0,0,0,0,1,36,0,0,0,1,2,25,1,6,2,1,0,0,1,13,1,1,4,1,1,0
15,150026,1,1,1,13,3,21,20,30,0,1,0,15,2,59,33,59033,2,1993,JT8UZ30CXP00,J,T,8,U,Z,3,0,C,X,P,0,0,0,P,LEXS,SC4,CP,93,17,3585,,0,1059,,G,,0,0,000000000,00000000000,0,0,0,1,0,0,0,0,0,0,0,999,0,0,0,9,9,6,2,30,0,0,0,1,15,96706,6,7,0,0,2,0,67,140,0,0,0,0,0,0,0,0,0,1,0,0,0,0,2,2,25,2,5,2,1,0,0,14,6,99,3,4,2,1,1
15,150027,1,2,1,17,3,5,39,8,0,1,0,15,2,49,32,49032,4,2006,1NXBR32E26Z6,1,N,X,B,R,3,2,E,2,6,Z,6,0,P,TOYT,UCS,4D,6,17,2530,,0,1024,,G,,0,0,000000000,00000000000,0,0,0,1,0,0,0,0,0,0,0,999,0,0,0,12,12,2,1,8,0,0,0,1,15,96761,6,1,0,0,3,0,60,155,0,0,0,0,0,0,0,0,0,0,0,0,0,0,2,4,30,1,1,2,1,0,0,1,80,1,1,1,13,0,0
15,150027,2,2,1,17,3,5,39,8,0,1,0,15,2,41,471,41471,30,1992,JM2UF1236N02,J,M,2,U,F,1,2,3,6,N,0,2,0,T,MAZD,22S,PK,92,17,,1,0,1087,B22,G,,0,0,000000000,00000000000,0,0,0,1,0,0,0,0,0,0,0,999,0,0,0,14,14,0,1,54,0,0,0,1,32,96751,6,1,0,0,3,1,69,180,0,0,0,1,1,9,2007,9,2008,0,0,0,0,0,2,4,30,1,1,2,1,0,0,1,80,1,1,1,98,0,0
15,150028,1,2,6,17,3,18,36,12,6,1,0,15,1,12,471,12471,30,2000,1FTZR15X1YPA,1,F,T,Z,R,1,5,X,1,Y,P,A,0,T,FORD,RNS,PK,0,17,,1,0,1259,RNG,G,,0,0,000000000,00000000000,0,0,0,1,0,0,0,0,0,0,0,999,0,0,0,9,9,6,2,12,0,0,0,1,15,96795,6,7,0,0,3,3,63,200,0,1,0,0,2,7,2008,3,2010,0,38,48,0,0,2,2,35,1,5,2,2,0,0,12,5,1,4,7,82,1,0
15,150028,2,2,1,17,3,18,36,12,6,1,0,15,1,34,34,34034,1,2009,WBAWL13599PX,W,B,A,W,L,1,3,5,9,9,P,X,0,P,BMW,28I,CV,9,17,3858,,0,1087,,G,,0,0,000000000,00000000000,0,0,0,1,0,0,0,0,0,0,0,999,0,0,0,12,12,6,2,12,0,0,0,1,15,96734,6,1,0,0,3,3,69,220,0,0,0,0,0,0,0,0,0,0,0,0,0,0,2,2,35,1,5,2,2,0,0,1,64,1,1,1,83,0,0
15,150029,1,1,2,17,3,23,24,59,0,1,0,15,1,35,48,35048,2,2006,JN1AZ34D56M3,J,N,1,A,Z,3,4,D,5,6,M,3,0,P,NISS,3ZC,CP,6,17,3339,,0,1043,,G,,0,0,000000000,00000000000,0,0,0,1,0,0,0,0,0,0,0,999,0,0,0,12,9,6,2,42,0,0,0,1,15,96744,6,1,0,0,3,3,68,172,0,0,0,0,0,0,0,0,0,1,0,0,0,0,3,2,45,1,1,2,2,0,0,1,6,1,4,4,2,1,1
15,150030,1,1,1,18,3,0,17,8,0,1,0,15,1,41,441,41441,20,2006,JM3LW28A8605,J,M,3,L,W,2,8,A,8,6,0,5,0,P,MAZD,MWG,SV,6,17,3754,,0,1118,,G,,0,0,000000000,00000000000,0,0,0,1,0,0,0,0,0,0,0,999,0,0,0,12,12,2,3,8,0,0,0,1,15,96761,6,1,0,0,3,1,64,158,0,0,0,1,2,6,2007,8,2009,0,0,0,0,0,2,4,40,1,1,2,1,98,3,1,80,1,1,1,13,0,0
15,150031,1,1,1,29,3,23,3,59,0,1,0,15,3,12,481,12481,31,1999,1FTZF1728XKB,1,F,T,Z,F,1,7,2,8,X,K,B,0,T,FORD,F15,PK,99,17,,1,1385,1199,COF,G,,0,0,000000000,00000000000,0,0,0,1,0,0,0,0,0,0,0,72,0,1,2,12,98,6,2,19,0,0,0,1,15,96757,6,1,0,0,3,0,73,260,0,0,0,1,1,12,2008,9,2009,1,58,0,0,0,1,2,98,1,1,2,1,0,0,1,12,1,1,4,6,1,1