STATE,ST_CASE,VEH_NO,VE_FORMS,NUMOCCS,DAY,MONTH,HOUR,MINUTE,HARM_EV,MAN_COLL,UNITTYPE,HIT_RUN,REG_STAT,OWNER,MAKE,MODEL,MAK_MOD,BODY_TYP,MOD_YEAR,VIN,VIN_1,VIN_2,VIN_3,VIN_4,VIN_5,VIN_6,VIN_7,VIN_8,VIN_9,VIN_10,VIN_11,VIN_12,TOW_VEH,VINTYPE,VINMAKE,VINA_MOD,VIN_BT,VINMODYR,VIN_LNGT,VIN_WGT,WGTCD_TR,WHLBS_LG,WHLBS_SH,SER_TR,FUELCODE,MCYCL_DS,J_KNIFE,MCARR_I1,MCARR_I2,MCARR_ID,GVWR,V_CONFIG,CARGO_BT,HAZ_INV,HAZ_PLAC,HAZ_ID,HAZ_CNO,HAZ_REL,BUS_USE,SPEC_USE,EMER_USE,TRAV_SP,UNDERIDE,ROLLOVER,ROLINLOC,IMPACT1,IMPACT2,DEFORMED,TOWED,M_HARM,VEH_SC1,VEH_SC2,FIRE_EXP,DR_PRES,L_STATE,DR_ZIP,L_STATUS,L_TYPE,CDL_STAT,L_ENDORS,L_COMPL,L_RESTRI,DR_HGT,DR_WGT,PREV_ACC,PREV_SUS,PREV_DWI,PREV_SPD,PREV_OTH,FIRST_MO,FIRST_YR,LAST_MO,LAST_YR,SPEEDREL,DR_SF1,DR_SF2,DR_SF3,DR_SF4,VTRAFWAY,VNUM_LAN,VSPD_LIM,VALIGN,VPROFILE,VPAVETYP,VSURCOND,VTRAFCON,VTCONT_F,P_CRASH1,P_CRASH2,P_CRASH3,PCRASH4,PCRASH5,ACC_TYPE,DEATHS,DR_DRINK
15,150032,1,1,1,3,4,19,55,14,0,1,0,15,1,72,706,72706,80,2007,1HD1CT3197K4,1,H,D,1,C,T,3,1,9,7,K,4,0,M,HD,20C,RS,7,17,,,,,,,1199,0,0,000000000,00000000000,0,0,0,1,0,0,0,0,0,0,0,999,0,0,0,12,12,6,2,14,0,0,0,1,15,96734,6,1,0,0,2,9,64,135,0,1,1,2,0,5,2007,9,2008,1,0,0,0,0,1,2,25,1,1,2,2,0,0,1,6,1,1,4,11,1,1
15,150033,1,4,1,11,4,10,20,12,1,1,0,94,3,12,461,12461,21,2002,1FTRE14272HB,1,F,T,R,E,1,4,2,7,2,H,B,0,T,FORD,15V,CG,2,17,,2,0,1380,VAN,G,,0,0,000000000,00000000000,0,0,0,1,0,0,0,0,0,0,0,999,0,0,0,12,12,6,2,12,0,0,0,1,15,96732,6,1,0,0,3,0,62,120,0,0,0,0,0,0,0,0,0,1,0,0,0,0,2,4,45,1,5,2,1,3,3,1,18,1,1,1,20,0,0
15,150033,2,4,1,11,4,10,20,12,1,1,0,15,1,49,45,49045,4,2004,JTDBT1238403,J,T,D,B,T,1,2,3,8,4,0,3,0,P,TOYT,ECH,4D,4,17,2055,,0,934,,G,,0,0,000000000,00000000000,0,0,0,1,0,0,0,0,0,0,0,0,0,0,0,6,6,6,2,12,0,0,0,1,15,96768,6,1,0,0,3,3,64,150,0,0,0,0,0,0,0,0,0,0,0,0,0,0,2,4,45,1,5,2,1,3,3,5,50,1,1,1,21,1,0
15,150033,3,4,1,11,4,10,20,12,1,1,0,15,2,35,43,35043,4,2008,3N1AB61E18L6,3,N,1,A,B,6,1,E,1,8,L,6,0,P,NISS,SL2,4D,8,17,2804,,0,1057,,G,,0,0,000000000,00000000000,0,0,0,1,0,0,0,0,0,0,0,0,0,0,0,6,6,6,2,12,0,0,0,1,15,96734,6,1,0,0,3,3,60,125,0,0,0,0,0,0,0,0,0,0,0,0,0,0,2,4,45,1,5,2,1,3,3,5,50,1,1,1,98,0,0
15,150033,4,4,3,11,4,10,20,12,1,1,0,15,1,49,472,49472,30,2010,5TEUU4EN7AZ7,5,T,E,U,U,4,E,N,7,A,Z,7,0,T,TOYT,ACC,PC,10,17,,1,0,1278,TAC,G,,0,0,000000000,00000000000,0,0,0,1,0,0,0,0,0,0,0,0,0,0,0,6,6,6,2,12,0,0,0,1,15,96732,6,1,0,0,3,0,65,124,1,0,0,0,0,3,2009,3,2009,0,0,0,0,0,2,4,45,1,5,2,1,3,3,5,50,1,1,1,98,0,0
15,150034,1,1,1,14,4,21,50,35,0,1,0,15,1,73,709,73709,80,2008,JKAZX4P168A0,J,K,A,Z,X,4,P,1,6,8,A,0,0,M,KAWK,ZXP,RS,8,17,,,,,,,599,0,0,000000000,00000000000,0,0,0,1,0,0,0,0,0,0,0,999,0,0,0,3,3,6,2,58,0,0,0,1,40,96706,2,1,0,0,2,0,67,160,0,1,1,0,1,10,2008,5,2009,1,0,0,0,0,4,1,30,2,6,2,1,0,0,14,12,1,1,4,6,1,1
15,150035,1,1,1,13,4,15,45,1,0,1,0,15,1,30,40,30040,4,1997,3VWWA81HXVM1,3,V,W,W,A,8,1,H,X,V,M,1,0,P,VOLK,JTK,4D,97,17,2507,,0,974,,G,,0,0,000000000,00000000000,0,0,0,1,0,0,0,0,0,0,0,999,0,2,5,0,99,6,2,2,0,0,1,1,15,96743,6,1,0,0,3,0,61,130,0,0,0,0,0,0,0,0,0,1,0,0,0,0,1,2,35,3,4,2,2,0,0,14,5,8,4,4,7,1,0
15,150036,1,1,1,16,4,22,30,24,0,1,0,15,2,76,709,76709,80,1998,JS1VX51L3W21,J,S,1,V,X,5,1,L,3,W,2,1,0,M,SUZI,VS4,RS,98,17,,,,,,,1360,0,0,000000000,00000000000,0,0,0,1,0,0,0,0,0,0,0,999,0,0,0,99,99,6,2,24,0,0,0,1,15,96737,2,1,2,0,2,0,70,205,1,4,1,1,2,11,2007,2,2010,0,0,0,0,0,1,2,45,1,5,2,1,0,0,1,12,1,1,4,6,1,1
15,150037,1,1,1,20,4,99,99,35,0,1,0,15,1,2,403,2403,14,1998,1J4FY49S4WP7,1,J,4,F,Y,4,9,S,4,W,P,7,0,T,JEEP,SAW,2W,98,17,,1,0,934,W/T,G,,0,0,000000000,00000000000,0,0,0,1,0,0,0,0,0,0,0,999,0,0,0,1,98,6,2,7,0,0,0,1,15,96753,6,1,0,0,3,3,71,155,0,0,0,0,0,0,0,0,0,9,99,99,99,99,1,2,45,3,5,2,1,0,0,14,13,1,1,4,1,1,1
15,150038,1,2,3,28,4,5,30,11,0,1,0,15,2,63,33,63033,4,2006,KNAFE1213652,K,N,A,F,E,1,2,1,3,6,5,2,0,P,KIA,SLE,4D,6,17,2701,,0,1028,,G,,0,0,000000000,00000000000,0,0,0,1,0,0,0,0,0,0,0,55,0,1,5,12,12,6,2,11,0,0,0,1,15,96740,6,1,0,0,3,0,68,200,0,0,0,2,0,5,2008,3,2009,0,0,0,0,0,2,2,55,1,1,2,1,0,0,1,87,8,1,2,13,1,0
15,150038,2,2,1,28,4,5,30,11,0,1,0,15,3,87,881,87881,66,1997,1XP5DB9X4VD4,1,X,P,5,D,B,9,X,4,V,D,4,1,T,PTRB,379,DS,97,17,,8,0,0,CON,D,,1,57,1187249,571187249,3,6,4,1,0,0,0,0,0,0,0,55,0,0,0,7,7,2,1,12,0,0,0,1,15,96773,6,1,6,1,3,0,69,170,1,0,0,0,0,2,2009,2,2009,0,0,0,0,0,2,2,55,1,1,2,1,0,0,2,54,9,1,1,98,0,0
15,150039,1,1,2,1,5,2,40,24,0,1,0,15,2,12,401,12401,14,1997,1FMCU22X4VUA,1,F,M,C,U,2,2,X,4,V,U,A,0,P,FORD,EPR,UT,97,17,3707,,0,1017,,G,,0,0,000000000,00000000000,0,0,0,1,0,0,0,0,0,0,0,999,0,1,2,12,98,6,2,1,0,0,0,1,15,96791,6,1,0,0,3,0,64,125,0,0,0,2,0,10,2007,1,2008,1,58,0,0,0,1,2,35,3,6,2,2,4,3,14,12,1,1,4,4,1,1
15,150040,1,1,11,7,5,1,30,33,0,1,0,15,2,49,472,49472,30,2005,5TEJU62N35Z0,5,T,E,J,U,6,2,N,3,5,Z,0,0,T,TOYT,DCP,CW,5,17,,1,0,1219,TAC,G,,0,0,000000000,00000000000,0,0,0,1,0,0,0,0,0,0,0,37,0,1,1,9,98,6,2,1,0,0,0,1,15,96816,6,1,0,0,3,0,70,200,0,0,0,0,0,0,0,0,0,1,0,0,0,0,1,2,25,1,1,2,1,0,0,1,13,6,1,4,4,1,0
15,150041,1,2,2,7,5,4,45,12,1,1,0,15,1,7,20,7020,4,2002,1B3ES26C62D5,1,B,3,E,S,2,6,C,6,2,D,5,0,P,DODG,NEO,4D,2,17,2604,,0,1050,,G,,0,0,000000000,00000000000,0,0,0,1,0,0,0,0,0,0,0,999,0,0,0,12,99,6,2,12,0,0,0,1,26,48054,6,1,0,0,3,0,69,120,0,0,0,1,0,12,2009,12,2009,9,26,0,0,0,3,2,60,1,5,1,1,0,0,1,51,1,1,1,24,1,0
15,150041,2,2,1,7,5,4,45,12,1,1,0,15,3,84,881,84881,66,2005,1HSHXAHR65J0,1,H,S,H,X,A,H,R,6,5,J,0,0,T,INTL,860,DS,5,17,,8,0,0,80S,D,,0,57,499210,57499210,3,5,96,1,0,0,0,0,0,0,0,999,0,0,0,6,99,6,2,12,0,0,0,1,15,96789,6,1,6,0,3,2,71,260,0,0,0,0,0,0,0,0,0,0,74,0,0,0,3,2,60,1,5,1,1,0,0,1,53,1,1,1,25,0,0
15,150042,1,2,1,8,5,15,50,12,6,1,0,15,2,37,701,37701,83,1995,3H1AF1610SD1,3,H,1,A,F,1,6,1,0,S,D,1,0,M,HOND,SAP,MS,95,17,,,,,,,50,0,0,000000000,00000000000,0,0,0,1,0,0,0,0,0,0,0,999,0,0,0,82,82,6,2,12,0,0,0,1,15,96744,0,0,0,0,0,0,68,190,0,0,0,0,0,0,0,0,0,0,0,0,0,0,2,4,35,1,1,2,1,9,3,12,10,1,1,2,98,1,0
15,150042,2,2,2,8,5,15,50,12,6,1,0,15,1,35,43,35043,4,2001,JN1CA31A91T1,J,N,1,C,A,3,1,A,9,1,T,1,0,P,NISS,M20,4D,1,17,3084,,0,1083,,G,,0,0,000000000,00000000000,0,0,0,1,0,0,0,0,0,0,0,999,0,0,0,12,12,9,9,12,0,0,0,1,15,96744,6,1,0,0,3,0,60,129,0,0,0,0,0,0,0,0,0,0,0,0,0,0,2,4,35,1,1,2,1,9,3,1,62,2,1,1,98,0,0
15,150043,1,2,1,9,5,15,35,12,6,1,0,15,1,72,706,72706,80,2005,1HD1FCW125Y6,1,H,D,1,F,C,W,1,2,5,Y,6,0,M,HD,FLU,RS,5,17,,,,,,,1450,0,0,000000000,00000000000,0,0,0,1,0,0,0,0,0,0,0,999,0,0,0,12,12,6,2,12,0,0,0,1,15,96786,6,1,0,0,3,0,70,175,0,0,0,0,0,0,0,0,0,1,39,0,0,0,2,4,35,1,1,2,1,2,3,1,66,1,1,1,69,1,1
15,150043,2,2,4,9,5,15,35,12,6,1,0,15,1,12,401,12401,14,2004,1FMDU75K94UC,1,F,M,D,U,7,5,K,9,4,U,C,0,P,FORD,EPR,UT,4,17,4094,,0,1137,,F,,0,0,000000000,00000000000,0,0,0,1,0,0,0,0,0,0,0,999,0,0,0,1,1,6,2,12,0,0,0,1,2,96818,6,1,0,0,3,0,64,120,0,0,0,0,0,0,0,0,0,0,0,0,0,0,2,4,35,3,1,2,1,2,3,11,15,1,1,1,68,0,0
15,150044,1,1,1,13,5,21,52,59,0,1,0,15,2,73,705,73705,80,2006,JKAZX4J166A0,J,K,A,Z,X,4,J,1,6,6,A,0,0,M,KAWK,ZXJ,RS,6,17,,,,,,,600,0,0,000000000,00000000000,0,0,0,1,0,0,0,0,0,0,0,999,0,0,0,9,9,4,3,59,0,0,0,1,15,96717,6,1,0,0,3,0,74,340,0,1,0,0,0,8,2008,8,2008,1,8,0,0,0,1,2,25,2,1,2,1,0,0,14,12,1,1,4,6,1,0
15,150045,1,2,1,13,5,22,55,12,6,1,0,15,2,98,709,98709,81,2005,RKPD10BF05B1,R,K,P,D,1,0,B,F,0,5,B,1,0,U,,,,5,17,,,,,,,,0,0,000000000,00000000000,0,0,0,1,0,0,0,0,0,0,0,999,0,0,0,12,12,6,2,12,0,0,0,1,15,96731,1,1,0,0,2,2,66,165,0,3,1,1,4,12,2007,9,2009,0,39,74,0,0,1,2,25,1,1,2,1,20,3,1,17,1,1,1,86,1,1
15,150045,2,2,3,13,5,22,55,12,6,1,0,15,1,49,422,49422,15,2007,5TDZT34A77S2,5,T,D,Z,T,3,4,A,7,7,S,2,0,P,TOYT,SEQ,UT,7,17,5100,,0,1181,,G,,0,0,000000000,00000000000,0,0,0,1,0,0,0,0,0,0,0,999,0,0,0,1,1,9,1,12,0,0,0,1,15,96786,6,1,0,0,3,0,64,160,0,0,0,0,0,0,0,0,0,0,0,0,0,0,1,2,25,1,1,2,1,20,3,1,17,1,1,1,87,0,0
15,150046,1,2,2,19,5,18,30,12,2,1,0,15,1,49,401,49401,14,1994,JT3VN39W3R01,J,T,3,V,N,3,9,W,3,R,0,1,0,P,TOYT,RUN,UT,94,17,4165,,0,1033,,G,,0,0,000000000,00000000000,0,0,0,1,0,0,0,0,0,0,0,999,0,0,0,12,12,6,2,12,0,0,0,1,15,96776,6,1,0,0,3,0,62,125,0,0,0,0,0,0,0,0,0,0,0,0,0,0,1,2,55,3,1,2,1,0,0,11,15,1,1,2,68,1,0
15,150046,2,2,4,19,5,18,30,12,2,1,0,15,2,12,3,12003,2,2010,1ZVBP8EN8A51,1,Z,V,B,P,8,E,N,8,A,5,1,0,P,FORD,MUS,CV,10,17,3401,,0,1071,,G,,0,0,000000000,00000000000,0,0,0,1,0,0,0,0,0,0,0,999,0,0,0,12,12,9,9,12,0,0,0,1,15,96778,6,1,0,0,3,0,66,178,0,0,0,0,0,0,0,0,0,0,0,0,0,0,1,2,55,2,1,2,1,0,0,14,17,9,1,1,69,0,0
15,150047,1,2,1,21,5,11,5,12,9,1,0,15,1,49,442,49442,20,2006,5TDZA23C46S4,5,T,D,Z,A,2,3,C,4,6,S,4,0,P,TOYT,SIE,SV,6,17,4120,,0,1193,,G,,0,0,000000000,00000000000,0,0,0,1,0,0,0,0,0,0,0,999,0,0,0,6,6,9,9,12,0,0,0,1,15,96720,6,1,0,0,3,0,72,175,0,0,0,0,0,0,0,0,0,0,38,0,0,0,1,2,35,1,1,2,1,0,0,11,10,1,1,7,76,0,0
15,150047,2,2,1,21,5,11,5,12,9,1,0,15,2,72,706,72706,80,1999,1HD1BJL52XY0,1,H,D,1,B,J,L,5,2,X,Y,0,0,M,HD,STC,RS,99,17,,,,,,,1340,0,0,000000000,00000000000,0,0,0,1,0,0,0,0,0,0,0,48,0,0,0,11,99,6,2,12,0,0,0,1,15,96720,6,1,6,1,3,0,75,208,0,0,0,1,0,4,2010,4,2010,1,0,0,0,0,1,2,35,1,1,2,1,0,0,1,70,2,1,1,77,1,0
15,150048,1,2,1,22,5,1,35,12,1,1,0,15,1,7,442,7442,20,1999,2B4GP44G7XR2,2,B,4,G,P,4,4,G,7,X,R,2,0,P,DODG,CAR,SV,99,17,3856,,0,1193,,F,,0,0,000000000,00000000000,0,0,0,1,0,0,0,0,0,0,0,20,0,0,0,12,12,6,2,12,0,0,0,1,15,96792,6,1,0,0,3,0,62,120,0,0,0,0,0,0,0,0,0,9,86,0,0,0,3,8,45,1,1,2,1,0,0,1,50,2,1,1,20,0,0
15,150048,2,2,1,22,5,1,35,12,1,1,0,15,2,12,481,12481,31,1991,2FTHF25YXMCA,2,F,T,H,F,2,5,Y,X,M,C,A,1,T,FORD,F25,PK,91,17,,2,0,1330,COF,G,,1,0,000000000,00000000000,0,0,0,1,0,0,0,0,0,0,0,0,0,0,0,6,6,2,3,54,0,0,0,1,15,96792,6,1,0,0,3,0,66,240,0,0,0,0,0,0,0,0,0,0,0,0,0,0,3,8,45,1,1,2,1,0,0,5,53,1,1,1,21,0,0
15,150049,1,3,2,22,5,23,54,12,8,1,0,15,1,37,33,37033,2,1997,JHMBB6142VC0,J,H,M,B,B,6,1,4,2,V,C,0,0,P,HOND,PRE,CP,97,17,2861,,0,1017,,G,,0,0,000000000,00000000000,0,0,0,1,0,0,0,0,0,0,0,999,0,1,1,3,3,6,2,12,0,0,0,1,15,96704,6,1,0,0,3,0,72,145,0,0,0,1,0,2,2010,2,2010,1,8,0,0,0,2,2,35,2,5,2,1,0,0,14,10,1,4,2,64,2,1
15,150049,2,3,4,22,5,23,54,12,8,1,0,15,2,49,49,49049,6,2006,JTLKT3248640,J,T,L,K,T,3,2,4,8,6,4,0,0,P,TOYT,SXB,UT,6,17,2395,,0,984,,G,,0,0,000000000,00000000000,0,0,0,1,0,0,0,0,0,0,0,999,0,0,0,11,11,4,1,12,0,0,0,1,15,96740,6,1,0,0,3,1,65,180,0,0,0,0,0,0,0,0,0,0,0,0,0,0,2,2,35,1,6,2,1,0,0,1,62,1,1,1,65,0,0
15,150049,3,3,2,22,5,23,54,12,8,1,0,15,2,6,51,6051,4,2007,2C3KA43R97H7,2,C,3,K,A,4,3,R,9,7,H,7,0,P,CHRY,C30,4D,7,17,3632,,0,1200,,G,,0,0,000000000,00000000000,0,0,0,1,0,0,0,0,0,0,0,999,0,0,0,12,12,6,2,12,0,0,0,1,15,96740,6,1,0,0,3,1,62,150,0,0,0,0,0,0,0,0,0,0,0,0,0,0,2,2,35,1,6,2,1,0,0,1,54,1,1,1,98,0,0
15,150050,1,2,1,23,5,18,45,12,6,1,0,15,1,72,709,72709,80,2000,2F66200H8,2,F,6,6,2,0,0,H,8,,,,0,P,,,,,,,,,,,,,0,0,000000000,00000000000,0,0,0,1,0,0,0,0,0,0,0,999,0,0,0,12,12,6,2,12,0,0,0,1,15,96740,6,1,0,0,3,0,71,180,0,0,0,0,0,0,0,0,0,0,8,33,0,0,1,2,35,1,1,2,1,0,0,6,10,1,1,2,83,1,1
15,150050,2,2,2,23,5,18,45,12,6,1,1,15,1,49,472,49472,30,2006,5TELU42N46Z2,5,T,E,L,U,4,2,N,4,6,Z,2,0,T,TOYT,DCL,CW,6,17,,1,0,1219,TAC,G,,0,0,000000000,00000000000,0,0,0,1,0,0,0,0,0,0,0,999,0,0,0,11,11,6,2,12,0,0,0,1,15,96740,1,1,2,0,2,0,70,175,0,0,0,1,0,9,2007,9,2007,0,0,0,0,0,1,2,35,1,1,2,1,0,0,11,15,1,1,2,82,0,1
15,150051,1,1,2,25,5,18,4,35,0,1,0,15,2,49,471,49471,30,1991,JT4RN81A7M51,J,T,4,R,N,8,1,A,7,M,5,1,0,T,TOYT,SWS,PK,91,17,,1,0,1033,HTP,G,,0,0,000000000,00000000000,0,0,0,1,0,0,0,0,0,0,0,999,0,1,2,1,0,6,2,1,0,0,0,1,15,96792,3,1,0,0,2,0,72,260,0,0,0,0,1,12,2009,12,2009,1,36,0,0,0,3,3,60,1,1,1,1,0,0,15,13,1,1,4,1,1,0
15,150052,1,1,2,28,5,7,15,35,0,1,0,15,1,49,472,49472,30,1999,4TAWN72N2XZ5,4,T,A,W,N,7,2,N,2,X,Z,5,0,T,TOYT,XTR,PC,99,17,,1,0,1219,TAC,G,,0,0,000000000,00000000000,0,0,0,1,0,0,0,0,0,0,0,999,0,1,5,62,0,6,2,1,0,0,0,1,15,96720,6,1,0,0,3,0,68,220,0,0,0,1,0,11,2008,11,2008,0,0,0,0,0,1,2,45,1,1,2,1,0,0,1,3,1,3,4,98,1,0
15,150053,1,1,4,31,5,17,32,5,0,1,0,0,0,76,998,76998,97,1998,000000000000,0,0,0,0,0,0,0,0,0,0,0,0,0,U,,,,,17,,,,,,,,0,0,000000000,00000000000,0,0,0,1,0,0,0,0,0,0,0,999,0,0,0,0,0,0,1,5,0,0,0,1,15,96743,0,0,0,0,0,0,999,999,0,0,0,0,0,0,0,0,0,0,0,0,0,0,1,2,99,1,1,2,1,0,0,11,15,1,1,1,0,1,0
15,150054,1,2,2,1,6,17,15,12,2,1,0,15,1,37,32,37032,4,1997,1HGCE1828VA0,1,H,G,C,E,1,8,2,8,V,A,0,0,P,HOND,ULX,SW,97,17,3019,,0,1069,,G,,0,0,000000000,00000000000,0,0,0,1,0,0,0,0,0,0,0,999,0,0,0,12,12,6,2,12,0,0,0,1,15,96756,6,1,0,0,3,0,66,160,0,0,0,1,0,1,2010,1,2010,0,0,0,0,0,1,2,50,3,1,2,1,0,0,14,54,9,1,1,51,1,0
15,150054,2,2,1,1,6,17,15,12,2,1,0,15,2,22,22,22022,4,2010,1G2ZA5EK4A41,1,G,2,Z,A,5,E,K,4,A,4,1,0,P,PONT,G/6,4D,10,17,3305,,0,1123,,F,,0,0,000000000,00000000000,0,0,0,1,0,0,0,0,0,0,0,999,0,0,0,12,12,6,2,12,0,0,0,1,34,7746,6,1,0,0,3,0,70,999,1,0,0,0,0,4,2009,4,2009,0,51,0,0,0,1,2,50,2,1,2,1,0,0,99,10,1,1,2,50,0,0
15,150055,1,2,1,2,6,14,49,12,6,1,0,99,9,98,709,98709,89,2007,RFG851AJ97SF,R,F,G,8,5,1,A,J,9,7,S,F,0,U,,,,7,17,,,,,,,,0,0,000000000,00000000000,0,0,0,1,0,0,0,0,0,0,0,999,0,0,0,11,11,6,9,12,0,0,0,1,15,96771,2,1,0,0,2,0,72,140,1,0,0,0,1,8,2007,12,2007,0,38,0,0,0,1,2,45,2,1,2,1,0,0,16,10,1,1,7,47,1,1
15,150055,2,2,2,2,6,14,49,12,6,1,0,15,1,12,473,12473,30,2005,1FMDU77K05UB,1,F,M,D,U,7,7,K,0,5,U,B,0,P,FORD,EPR,UT,5,17,4309,,0,1259,,F,,0,0,000000000,00000000000,0,0,0,1,0,0,0,0,0,0,0,999,0,0,0,1,1,2,3,12,0,0,0,1,15,96771,6,1,0,0,3,0,68,245,0,0,0,0,0,0,0,0,0,0,0,0,0,0,1,2,45,2,1,2,1,0,0,14,61,8,1,1,45,0,0
15,150056,1,1,1,18,6,2,15,41,0,1,0,15,2,20,37,20037,4,1998,1G1ND52M8W61,1,G,1,N,D,5,2,M,8,W,6,1,0,P,CHEV,MAL,4D,98,17,3100,,0,1070,,G,,0,0,000000000,00000000000,0,0,0,1,0,0,0,0,0,0,0,999,0,0,0,12,12,6,2,42,0,0,0,1,15,96792,6,7,0,0,3,2,72,211,0,0,0,0,0,0,0,0,0,1,74,0,0,0,1,2,35,1,1,2,2,0,0,1,6,1,9,4,2,1,1
15,150057,1,1,2,19,6,2,48,8,0,1,1,15,2,42,47,42047,2,2002,WDBLJ70G62T1,W,D,B,L,J,7,0,G,6,2,T,1,0,P,MERZ,CK4,CP,2,17,3265,,0,1059,,G,,0,0,000000000,00000000000,0,0,0,1,0,0,0,0,0,0,0,999,0,0,0,12,12,4,3,8,0,0,0,1,15,96815,6,1,0,0,3,0,71,200,0,0,0,0,2,10,2009,3,2010,0,0,0,0,0,1,6,35,1,1,2,1,2,3,1,80,1,1,1,13,0,1
15,150058,1,2,2,20,6,18,45,12,2,1,0,15,1,12,471,12471,30,2003,1FTZR45E73PB,1,F,T,Z,R,4,5,E,7,3,P,B,0,T,FORD,RNS,4C,3,17,,1,0,1259,RNG,G,,0,0,000000000,00000000000,0,0,0,1,0,0,0,0,0,0,0,999,0,0,0,12,12,6,2,12,0,0,0,1,15,96750,6,1,0,0,3,0,63,190,0,0,0,0,0,0,0,0,0,1,51,0,0,0,1,2,25,1,6,2,2,0,0,1,10,1,1,2,50,0,0
15,150058,2,2,1,20,6,18,45,12,2,1,0,15,1,49,33,49033,3,1994,JT2AT00N9R00,J,T,2,A,T,0,0,N,9,R,0,0,0,P,TOYT,LST,2H,94,17,2495,,0,999,,G,,0,0,000000000,00000000000,0,0,0,1,0,0,0,0,0,0,0,999,0,0,0,12,12,6,2,12,0,0,0,1,15,96737,6,1,6,1,3,1,61,205,1,0,0,0,0,3,2009,3,2009,0,0,0,0,0,1,2,25,1,3,2,2,0,0,1,62,1,1,1,51,1,0
15,150059,1,1,1,23,6,21,24,58,0,1,0,15,1,37,706,37706,80,2002,1HFSC43022A2,1,H,F,S,C,4,3,0,2,2,A,2,0,M,HOND,VT2,RS,2,17,,,,,,,1099,0,0,000000000,00000000000,0,0,0,1,0,0,0,0,0,0,0,42,0,0,0,12,12,6,2,58,0,0,0,1,15,96754,1,1,0,0,2,2,66,300,1,0,0,0,0,9,2007,9,2007,1,74,36,0,0,1,2,25,1,1,2,1,0,0,1,6,4,1,4,5,1,0
15,150060,1,2,2,20,5,20,59,8,0,1,0,15,2,53,40,53040,5,2007,JS2YA4130751,J,S,2,Y,A,4,1,3,0,7,5,1,0,P,SUZI,CXJ,4H,7,17,2800,,0,984,,G,,0,0,000000000,00000000000,0,0,0,1,0,0,0,0,0,0,0,999,0,0,0,12,12,4,1,8,0,0,0,1,15,96791,6,1,0,0,3,0,63,110,1,0,0,1,0,3,2009,5,2009,0,0,0,0,0,1,4,40,1,1,2,1,0,0,1,80,1,1,1,13,0,0
15,150060,2,2,2,20,5,20,59,8,0,1,0,15,1,19,18,19018,4,2004,1G6DM5779401,1,G,6,D,M,5,7,7,9,4,0,1,0,P,CADI,C/T,4D,4,17,3509,,0,1134,,G,,0,0,000000000,00000000000,0,0,0,1,0,0,0,0,0,0,0,999,0,0,0,12,12,2,1,54,0,0,0,1,15,96761,6,1,0,0,3,0,61,140,0,0,0,0,0,0,0,0,0,0,0,0,0,0,1,4,40,1,1,2,1,0,0,1,80,1,1,1,98,0,0
15,150061,1,1,2,28,6,13,10,5,0,1,0,92,0,98,998,98998,97,1992,000000000000,0,0,0,0,0,0,0,0,0,0,0,0,0,U,,,,,17,,,,,,,,0,0,000000000,00000000000,0,0,0,1,0,0,0,0,0,0,0,999,0,0,0,0,0,0,9,5,0,0,0,1,15,96701,0,0,0,0,0,0,65,150,0,0,0,0,0,0,0,0,0,1,0,0,0,0,1,2,25,1,6,2,1,0,0,1,98,2,1,1,0,1,0
15,150062,1,1,3,3,7,2,4,35,0,1,0,15,1,58,37,58037,4,2005,JNKCV51E85M2,J,N,K,C,V,5,1,E,8,5,M,2,0,P,INFI,G35,4D,5,17,3309,,0,1122,,G,,0,0,000000000,00000000000,0,0,0,1,0,0,0,0,0,0,0,104,0,1,2,9,9,6,2,35,0,0,0,1,15,96753,6,1,0,0,3,0,64,135,0,0,0,0,0,0,0,0,0,1,0,0,0,0,1,2,30,1,1,2,1,0,0,1,12,7,1,4,6,1,1
15,150063,1,2,1,5,7,9,43,12,2,1,0,15,2,24,1,24001,4,1999,1G8ZK5273XZ3,1,G,8,Z,K,5,2,7,3,X,Z,3,0,P,STRN,SL2,4D,99,17,2418,,0,1024,,G,,0,0,000000000,00000000000,0,0,0,1,0,0,0,0,0,0,0,999,0,0,0,12,12,6,2,12,0,0,0,1,32,89101,6,1,0,0,3,0,66,205,0,0,0,0,0,0,0,0,0,0,0,0,0,0,1,2,25,1,5,2,1,0,0,1,10,1,1,2,50,1,1
15,150063,2,2,1,5,7,9,43,12,2,1,0,15,1,37,403,37403,14,2007,5J6YH18977L0,5,J,6,Y,H,1,8,9,7,7,L,0,0,P,HOND,ELE,UT,7,17,3596,,0,1014,,G,,0,0,000000000,00000000000,0,0,0,1,0,0,0,0,0,0,0,999,0,0,0,12,12,6,2,12,0,0,0,1,15,96756,6,1,0,0,3,0,65,125,0,0,0,0,0,0,0,0,0,0,0,0,0,0,1,2,25,1,6,2,1,0,0,1,54,1,1,1,51,0,0
15,150064,1,1,1,6,7,6,10,8,0,1,0,15,1,49,472,49472,30,1997,4TAWM72N4VZ2,4,T,A,W,M,7,2,N,4,V,Z,2,0,T,TOYT,XTR,PC,97,17,,1,0,1219,TAC,G,,0,0,000000000,00000000000,0,0,0,1,0,0,0,0,0,0,0,20,0,0,0,12,12,0,1,8,0,0,0,1,15,96813,6,1,0,0,3,1,65,120,0,0,0,0,1,7,2007,7,2007,0,38,0,0,0,1,4,25,1,1,2,2,40,3,1,80,1,1,1,13,0,0