STATE,ST_CASE,VEH_NO,VE_FORMS,NUMOCCS,DAY,MONTH,HOUR,MINUTE,HARM_EV,MAN_COLL,UNITTYPE,HIT_RUN,REG_STAT,OWNER,MAKE,MODEL,MAK_MOD,BODY_TYP,MOD_YEAR,VIN,VIN_1,VIN_2,VIN_3,VIN_4,VIN_5,VIN_6,VIN_7,VIN_8,VIN_9,VIN_10,VIN_11,VIN_12,TOW_VEH,VINTYPE,VINMAKE,VINA_MOD,VIN_BT,VINMODYR,VIN_LNGT,VIN_WGT,WGTCD_TR,WHLBS_LG,WHLBS_SH,SER_TR,FUELCODE,MCYCL_DS,J_KNIFE,MCARR_I1,MCARR_I2,MCARR_ID,GVWR,V_CONFIG,CARGO_BT,HAZ_INV,HAZ_PLAC,HAZ_ID,HAZ_CNO,HAZ_REL,BUS_USE,SPEC_USE,EMER_USE,TRAV_SP,UNDERIDE,ROLLOVER,ROLINLOC,IMPACT1,IMPACT2,DEFORMED,TOWED,M_HARM,VEH_SC1,VEH_SC2,FIRE_EXP,DR_PRES,L_STATE,DR_ZIP,L_STATUS,L_TYPE,CDL_STAT,L_ENDORS,L_COMPL,L_RESTRI,DR_HGT,DR_WGT,PREV_ACC,PREV_SUS,PREV_DWI,PREV_SPD,PREV_OTH,FIRST_MO,FIRST_YR,LAST_MO,LAST_YR,SPEEDREL,DR_SF1,DR_SF2,DR_SF3,DR_SF4,VTRAFWAY,VNUM_LAN,VSPD_LIM,VALIGN,VPROFILE,VPAVETYP,VSURCOND,VTRAFCON,VTCONT_F,P_CRASH1,P_CRASH2,P_CRASH3,PCRASH4,PCRASH5,ACC_TYPE,DEATHS,DR_DRINK
15,150065,1,1,1,10,7,6,40,8,0,1,0,15,3,19,481,19481,31,2007,3GYFK628X7G3,3,G,Y,F,K,6,2,8,X,7,G,3,0,P,CADI,ESC,UT,7,17,5751,,0,1300,,G,,0,0,000000000,00000000000,0,0,0,1,0,0,0,0,0,0,0,999,0,0,0,12,0,2,1,8,0,0,0,1,15,96815,6,1,0,0,3,0,74,200,0,0,0,0,0,0,0,0,0,0,38,0,0,0,1,5,25,1,6,1,2,2,3,11,80,1,1,1,13,0,0
15,150066,1,1,2,18,7,0,55,17,0,1,0,15,1,6,52,6052,6,2002,3C8FY68B42T3,3,C,8,F,Y,6,8,B,4,2,T,3,0,P,CHRY,PTC,SV,2,17,3119,,0,1033,,G,,0,0,000000000,00000000000,0,0,0,1,0,0,0,0,0,0,0,61,0,0,0,6,6,6,2,17,0,0,0,1,15,96714,6,1,0,0,3,0,66,118,0,0,0,1,0,7,2010,7,2010,1,0,0,0,0,1,2,40,1,1,2,1,0,0,1,6,1,1,4,1,1,1
15,150067,1,2,1,23,7,22,42,12,2,1,0,15,2,99,709,99709,80,2009,L54ACBPA3911,L,5,4,A,C,B,P,A,3,9,1,1,0,U,,,,9,17,,,,,,,,0,0,000000000,00000000000,0,0,0,1,0,0,0,0,0,0,0,999,0,0,0,12,12,6,9,12,0,0,0,1,15,96813,3,1,0,0,2,2,68,140,0,1,0,0,1,7,2008,7,2009,0,74,0,0,0,1,5,25,1,6,2,1,3,3,11,15,1,1,1,68,1,0
15,150067,2,2,1,23,7,22,42,12,2,1,0,15,1,99,709,99709,81,2010,L4YTAAB5XAAB,L,4,Y,T,A,A,B,5,X,A,A,B,0,U,,,,,17,,,,,,,,0,0,000000000,00000000000,0,0,0,1,0,0,0,0,0,0,0,999,0,0,0,12,12,6,9,12,0,0,0,1,26,96816,6,1,0,0,3,0,64,135,1,0,0,1,0,11,2007,2,2009,0,0,0,0,0,1,5,25,1,5,2,1,3,3,1,17,1,1,1,69,0,0
15,150068,1,2,2,25,7,1,43,12,6,1,0,15,1,37,32,37032,4,1995,JHMCD5647SC0,J,H,M,C,D,5,6,4,7,S,C,0,0,P,HOND,ALX,4D,95,17,2842,,0,1069,,G,,0,0,000000000,00000000000,0,0,0,1,0,0,0,0,0,0,0,78,0,0,0,12,12,6,2,12,0,0,0,1,15,96795,6,1,0,0,3,0,67,185,0,0,0,1,2,5,2009,3,2010,1,33,0,0,0,1,2,35,1,1,2,1,0,0,1,50,1,1,2,73,0,1
15,150068,2,2,3,25,7,1,43,12,6,1,0,15,2,55,35,55035,4,2003,KMHDN45DX3U4,K,M,H,D,N,4,5,D,X,3,U,4,0,P,HYUN,EST,4D,3,17,2635,,0,1027,,G,,0,0,000000000,00000000000,0,0,0,1,0,0,0,0,0,0,0,999,0,0,0,7,7,6,2,12,0,0,0,1,15,96795,6,1,0,0,3,0,66,200,0,0,0,0,0,0,0,0,0,0,0,0,0,0,1,2,35,1,1,2,1,0,0,11,53,1,1,2,72,1,0
15,150069,1,1,1,26,7,17,27,8,0,1,0,15,1,24,7,24007,4,2004,1G8AL52F74Z1,1,G,8,A,L,5,2,F,7,4,Z,1,0,P,STRN,SI3,4D,4,17,2830,,0,1032,,G,,0,0,000000000,00000000000,0,0,0,1,0,0,0,0,0,0,0,999,0,0,0,12,12,0,1,8,0,0,0,1,12,96744,6,1,0,0,3,0,66,999,0,0,0,1,0,3,2010,3,2010,0,0,0,0,0,1,4,25,1,1,2,1,0,0,8,80,1,1,7,13,0,0
15,150070,1,2,1,28,7,21,40,12,6,1,0,15,1,41,45,41045,1,1994,JM1NA3531R05,J,M,1,N,A,3,5,3,1,R,0,5,0,P,MAZD,MIA,CV,94,17,2293,,0,892,,G,,0,0,000000000,00000000000,0,0,0,1,0,0,0,0,0,0,0,999,0,0,0,12,12,6,2,12,0,0,0,1,15,96712,6,1,0,0,3,0,70,210,0,1,0,0,1,10,2008,10,2008,0,39,0,0,0,3,4,35,1,1,2,2,2,3,1,17,1,1,1,83,1,1
15,150070,2,2,1,28,7,21,40,12,6,1,0,15,1,49,40,49040,4,2009,JTNBE46K8931,J,T,N,B,E,4,6,K,8,9,3,1,0,P,TOYT,CBA,4D,9,17,3263,,0,1090,,G,,0,0,000000000,00000000000,0,0,0,1,0,0,0,0,0,0,0,999,0,0,0,11,11,6,2,12,0,0,0,1,15,96818,6,1,0,0,3,0,72,212,0,0,0,0,0,0,0,0,0,0,0,0,0,0,3,4,35,1,1,2,2,2,3,11,15,1,1,1,82,0,0
15,150071,1,1,1,28,7,21,20,30,0,1,0,15,2,53,705,53705,80,2005,JS1SP46A9521,J,S,1,S,P,4,6,A,9,5,2,1,0,M,SUZI,D6E,RT,5,17,,,,,,,644,0,0,000000000,00000000000,0,0,0,1,0,0,0,0,0,0,0,999,0,0,0,12,12,6,2,30,0,0,0,1,15,96778,6,1,0,0,3,1,71,200,0,1,1,2,0,8,2007,8,2009,1,0,0,0,0,1,2,25,1,1,2,2,20,3,1,14,1,1,4,14,1,1
15,150072,1,1,2,30,7,0,55,17,0,1,0,15,2,49,44,49044,2,1999,2T1CF22P6XC0,2,T,1,C,F,2,2,P,6,X,C,0,0,P,TOYT,CEE,CP,99,17,3230,,0,1051,,G,,0,0,000000000,00000000000,0,0,0,1,0,0,0,0,0,0,0,999,0,0,0,12,12,6,2,17,0,0,0,1,15,96740,6,1,0,0,3,0,66,115,1,0,0,2,0,3,2008,12,2008,1,36,0,0,0,1,2,35,2,5,2,1,0,0,14,6,1,9,4,7,1,1
15,150073,1,1,1,30,7,0,30,35,0,1,0,15,1,49,482,49482,31,2002,5TBBT441X2S2,5,T,B,B,T,4,4,1,X,2,S,2,0,T,TOYT,TRS,4C,2,17,,2,0,1283,TUN,G,,0,0,000000000,00000000000,0,0,0,1,0,0,0,0,0,0,0,999,0,1,2,12,12,6,2,35,0,0,0,1,15,96754,6,1,0,0,3,0,68,155,0,0,0,0,0,0,0,0,0,1,0,0,0,0,1,2,35,2,6,2,1,0,0,14,12,4,9,4,7,1,1
15,150074,1,2,1,1,8,18,10,12,2,1,0,15,1,37,39,37039,5,2007,JHMGD37647S0,J,H,M,G,D,3,7,6,4,7,S,0,0,P,HOND,FIS,4H,7,17,2471,,0,965,,G,,0,0,000000000,00000000000,0,0,0,1,0,0,0,0,0,0,0,999,0,0,0,12,12,6,2,12,0,0,0,1,15,96737,2,1,0,0,2,2,67,140,0,1,1,1,2,9,2007,8,2008,1,74,0,0,0,2,2,55,1,5,2,1,0,0,1,10,1,1,2,50,0,1
15,150074,2,2,3,1,8,18,10,12,2,1,0,15,1,24,1,24001,4,1999,1G8ZF5287XZ1,1,G,8,Z,F,5,2,8,7,X,Z,1,0,P,STRN,SSL,4D,99,17,2326,,0,1024,,G,,0,0,000000000,00000000000,0,0,0,1,0,0,0,0,0,0,0,998,0,0,0,12,12,6,2,12,0,0,0,1,15,96750,6,1,0,0,3,0,68,200,0,0,0,0,0,0,0,0,0,0,0,0,0,0,2,2,55,1,6,2,1,0,0,1,62,1,1,1,51,1,0
15,150075,1,1,1,13,8,16,13,8,0,1,0,15,1,49,32,49032,4,1999,1NXBR12E9XZ2,1,N,X,B,R,1,2,E,9,X,Z,2,0,P,TOYT,UVL,4D,99,17,2414,,0,970,,G,,0,0,000000000,00000000000,0,0,0,1,0,0,0,0,0,0,0,999,0,0,0,12,12,2,1,8,0,0,0,1,6,94087,6,1,0,0,3,0,62,115,0,0,0,0,0,0,0,0,0,0,0,0,0,0,1,4,35,1,1,2,1,0,0,1,80,1,1,1,13,0,0
15,150076,1,1,2,22,8,8,27,33,0,1,1,15,2,12,17,12017,4,2002,1FAFP52U92G1,1,F,A,F,P,5,2,U,9,2,G,1,0,P,FORD,TAX,4D,2,17,3355,,0,1085,,G,,0,0,000000000,00000000000,0,0,0,1,0,0,0,0,0,0,0,999,0,0,0,12,12,6,2,8,0,0,0,1,15,96797,2,1,0,0,2,2,66,180,1,1,0,0,0,5,2010,5,2010,0,74,0,0,0,3,5,35,1,1,2,1,0,0,1,13,1,1,4,1,0,1
15,150077,1,2,2,29,8,11,26,12,6,1,0,15,2,7,25,7025,5,2010,1B3CB4HA7AD5,1,B,3,C,B,4,H,A,7,A,D,5,0,P,DODG,CXT,4D,10,17,3039,,0,1037,,G,,0,0,000000000,00000000000,0,0,0,1,0,0,0,0,0,0,0,50,0,0,0,11,11,6,2,12,0,0,0,1,25,2140,6,1,0,0,3,3,63,999,0,0,0,0,0,0,0,0,0,9,0,0,0,0,1,4,45,2,1,2,1,0,0,14,10,1,1,2,64,0,0
15,150077,2,2,1,29,8,11,26,12,6,1,0,15,1,14,36,14036,4,1996,3MESM10JXTR6,3,M,E,S,M,1,0,J,X,T,R,6,0,P,MERC,TTO,4D,96,17,2409,,0,984,,G,,0,0,000000000,00000000000,0,0,0,1,0,0,0,0,0,0,0,28,0,0,0,11,11,6,2,12,0,0,0,1,15,96788,6,1,0,0,3,0,71,169,0,0,0,0,0,0,0,0,0,0,0,0,0,0,1,4,45,3,1,2,1,0,0,14,62,1,1,1,65,1,0
15,150078,1,1,1,3,9,15,56,9,0,1,0,15,2,93,981,93981,51,2000,1M8TRMPA9YP0,1,M,8,T,R,M,P,A,9,Y,P,0,0,U,,,,0,17,,,,,,,,0,57,896559,57896559,3,21,22,1,0,0,0,0,5,0,0,999,0,0,0,81,81,0,1,9,0,0,0,1,15,96817,6,1,6,1,3,1,67,152,0,0,0,0,0,0,0,0,0,0,0,0,0,0,2,2,35,1,1,2,1,2,3,10,83,1,1,1,13,0,0
15,150079,1,1,1,12,9,1,9,33,0,1,0,15,2,53,705,53705,80,2002,JS1GN7BA7221,J,S,1,G,N,7,B,A,7,2,2,1,0,M,SUZI,G60,RS,2,17,,,,,,,599,0,0,000000000,00000000000,0,0,0,1,0,0,0,0,0,0,0,999,0,0,0,11,11,6,2,33,0,0,0,1,15,96731,0,0,0,0,0,0,73,231,0,2,0,0,1,11,2009,1,2010,1,0,0,0,0,1,2,25,2,1,2,1,0,0,14,6,1,9,4,2,1,1
15,150080,1,1,1,14,9,8,45,8,0,1,0,15,1,12,481,12481,31,2005,1FTPX14565KC,1,F,T,P,X,1,4,5,6,5,K,C,0,T,FORD,F15,4C,5,17,,2,1450,1260,COF,G,,0,0,000000000,00000000000,0,0,0,1,0,0,0,0,0,0,0,999,0,0,0,12,12,2,1,8,0,0,0,1,15,96720,6,1,0,0,3,0,73,200,0,0,0,1,0,9,2009,9,2009,0,38,0,0,0,1,2,25,1,1,2,2,2,3,11,80,1,1,1,13,0,0
15,150081,1,1,1,18,9,7,40,24,0,1,0,15,1,38,421,38421,15,2005,4NUDS13S8527,4,N,U,D,S,1,3,S,8,5,2,7,0,P,ISU,ASC,UT,5,17,4473,,0,1290,,G,,0,0,000000000,00000000000,0,0,0,1,0,0,0,0,0,0,0,999,0,0,0,1,12,6,2,24,0,0,0,1,15,96707,6,1,0,0,3,0,61,180,0,0,0,1,1,8,2009,7,2010,1,0,0,0,0,3,3,60,3,6,2,2,0,0,15,11,1,9,4,2,1,0
15,150082,1,2,2,22,9,10,0,12,6,1,0,15,1,12,37,12037,5,2002,1FAFP33P42W1,1,F,A,F,P,3,3,P,4,2,W,1,0,P,FORD,FOX,4D,2,17,2604,,0,1030,,G,,0,0,000000000,00000000000,0,0,0,1,0,0,0,0,0,0,0,999,0,0,0,82,82,6,2,12,0,0,0,1,15,96720,6,1,0,0,3,1,67,145,0,0,0,0,0,0,0,0,0,0,0,0,0,0,5,2,45,1,1,2,1,0,0,11,15,1,1,1,68,1,0
15,150082,2,2,1,22,9,10,0,12,6,1,0,15,1,12,471,12471,30,1988,1FTCR11T0JUB,1,F,T,C,R,1,1,T,0,J,U,B,0,T,FORD,RNG,PK,88,17,,1,1140,1080,RNG,G,,0,0,000000000,00000000000,0,0,0,1,0,0,0,0,0,0,0,999,9,0,0,12,12,6,2,12,0,0,0,1,15,96720,6,1,0,0,3,0,66,198,0,0,0,0,0,0,0,0,0,0,0,0,0,0,5,2,45,1,1,2,1,0,0,1,55,1,1,1,69,0,0
15,150083,1,1,2,27,9,5,20,33,0,1,0,15,1,22,403,22403,14,2008,2CKDL33FX860,2,C,K,D,L,3,3,F,X,8,6,0,0,P,PONT,TOR,UT,8,17,3660,,0,1125,,G,,0,0,000000000,00000000000,0,0,0,1,0,0,0,0,0,0,0,999,0,0,0,12,12,6,2,42,0,0,0,1,15,96789,6,1,0,0,3,0,69,240,0,0,0,0,0,0,0,0,0,0,0,0,0,0,3,2,25,1,1,2,1,0,0,1,13,1,1,4,1,1,0
15,150084,1,1,2,29,9,19,40,9,0,1,0,15,1,22,401,22401,14,2004,3G7DA03E04S5,3,G,7,D,A,0,3,E,0,4,S,5,0,P,PONT,AZT,UT,4,17,3779,,0,1083,,G,,0,0,000000000,00000000000,0,0,0,1,0,0,0,0,0,0,0,999,0,0,0,11,11,4,1,9,0,0,0,1,15,96819,6,1,0,0,3,1,63,105,0,0,0,0,0,0,0,0,0,0,0,0,0,0,6,1,35,1,1,2,2,0,0,1,85,1,1,1,13,0,0
15,150085,1,1,1,29,9,22,39,42,0,1,0,15,2,49,472,49472,30,1998,4TAWN74N1WZ0,4,T,A,W,N,7,4,N,1,W,Z,0,0,T,TOYT,XL5,PC,98,17,,1,0,1219,TAC,G,,0,0,000000000,00000000000,0,0,0,1,0,0,0,0,0,0,0,999,0,0,0,3,3,6,2,42,0,0,0,1,15,96744,4,1,0,0,2,2,74,185,0,0,0,1,1,6,2010,8,2010,1,74,0,0,0,2,2,35,3,1,2,2,0,0,14,6,1,9,4,7,1,1
15,150086,1,1,2,9,10,4,10,33,0,1,0,15,2,20,404,20404,14,2005,2CNDL63F3561,2,C,N,D,L,6,3,F,3,5,6,1,0,P,CHEV,EQU,UT,5,17,3660,,0,1125,,G,,0,0,000000000,00000000000,0,0,0,1,0,0,0,0,0,0,0,56,0,0,0,12,12,6,2,8,0,0,0,1,15,96792,6,1,0,0,3,0,57,105,0,0,0,0,0,0,0,0,0,1,0,0,0,0,2,4,35,1,1,2,1,0,0,1,13,1,9,4,1,0,1
15,150087,1,2,1,15,10,7,20,12,6,1,0,15,2,49,40,49040,4,1991,JT2VV21E3M01,J,T,2,V,V,2,1,E,3,M,0,1,0,P,TOYT,CMD,4D,91,17,2965,,0,1024,,G,,0,0,000000000,00000000000,0,0,0,1,0,0,0,0,0,0,0,999,0,0,0,1,1,6,2,39,0,0,0,1,15,96819,6,1,0,0,3,0,60,144,0,0,0,0,0,0,0,0,0,0,0,0,0,0,4,3,50,1,1,2,1,0,0,15,11,1,1,2,46,1,0
15,150087,2,2,1,15,10,7,20,12,6,1,0,15,2,85,881,85881,66,2005,1XKDDB0X05R0,1,X,K,D,D,B,0,X,0,5,R,0,9,T,KW,T80,DS,5,17,,8,2600,1600,CON,D,,0,15,682602,15682602,3,19,98,1,0,0,0,0,0,0,0,999,0,0,0,11,11,4,1,12,0,0,0,1,15,96792,6,1,6,1,3,0,67,185,0,0,0,0,1,6,2008,6,2008,0,0,0,0,0,6,1,50,1,1,2,1,0,0,1,61,1,1,1,45,0,0
15,150088,1,2,1,16,10,12,40,25,0,1,0,15,2,53,705,53705,80,2009,JS1GN7EA6921,J,S,1,G,N,7,E,A,6,9,2,1,0,M,SUZI,G60,RC,9,17,,,,,,,599,0,0,000000000,00000000000,0,0,0,1,0,0,0,0,0,0,0,999,0,0,0,12,12,2,1,25,0,0,0,1,15,96734,6,1,0,0,3,3,65,140,0,0,0,1,0,6,2010,6,2010,1,81,8,0,0,3,2,45,2,5,2,1,0,0,14,90,9,3,4,98,1,0
15,150088,2,2,1,16,10,12,40,25,0,1,0,15,1,53,705,53705,80,2007,JS1GN7DA3721,J,S,1,G,N,7,D,A,3,7,2,1,0,M,SUZI,G60,RS,7,17,,,,,,,599,0,0,000000000,00000000000,0,0,0,1,0,0,0,0,0,0,0,999,0,0,0,12,12,2,1,12,0,0,0,1,15,96863,6,1,0,0,3,0,74,180,0,0,0,1,0,8,2010,8,2010,1,8,0,0,0,3,2,45,2,5,2,1,0,0,14,50,6,9,9,98,0,0
15,150089,1,2,1,17,10,9,0,12,2,1,0,15,1,49,472,49472,30,2006,5TELU42N96Z2,5,T,E,L,U,4,2,N,9,6,Z,2,0,T,TOYT,DCL,CW,6,17,,1,0,1219,TAC,G,,0,0,000000000,00000000000,0,0,0,1,0,0,0,0,0,0,0,999,0,0,0,12,12,6,2,12,0,0,0,1,15,96740,6,1,0,0,3,1,68,160,0,0,0,0,0,0,0,0,0,0,33,51,0,0,1,2,55,1,1,2,1,0,0,6,10,1,1,2,50,1,0
15,150089,2,2,1,17,10,9,0,12,2,1,0,15,2,98,908,98908,51,2005,YE2CC15B4520,Y,E,2,C,C,1,5,B,4,5,2,0,0,U,,,,5,17,,,,,,,,0,57,1660739,571660739,2,21,22,1,0,0,0,0,5,0,0,999,0,0,0,12,12,6,2,12,0,0,0,1,15,96740,6,1,6,1,3,0,68,180,0,0,0,0,0,0,0,0,0,0,0,0,0,0,1,2,55,1,1,2,1,0,0,1,54,1,1,1,51,0,0
15,150090,1,1,1,25,10,16,40,8,0,1,0,15,2,90,981,90981,50,1999,1BAANB7A2XF0,1,B,A,A,N,B,7,A,2,X,F,0,0,U,,,,99,17,,,,,,,,0,15,000000047,15000000047,3,21,22,1,0,0,0,0,1,99,0,999,0,0,0,11,11,0,1,8,0,0,0,1,15,96822,6,1,6,1,3,3,71,360,0,0,0,1,0,11,2008,11,2008,0,38,0,0,0,1,4,25,1,1,2,1,2,3,11,80,1,1,1,13,0,0
15,150091,1,2,1,28,10,19,30,12,6,1,0,15,1,37,31,37031,2,1993,1HGEJ2243PL0,1,H,G,E,J,2,2,4,3,P,L,0,0,P,HOND,CID,CP,93,17,2224,,0,1013,,G,,0,0,000000000,00000000000,0,0,0,1,0,0,0,0,0,0,0,30,0,0,0,12,12,4,1,12,0,0,0,1,15,96826,6,1,0,0,3,0,68,175,0,0,0,0,0,0,0,0,0,0,38,0,0,0,2,3,25,1,1,2,2,2,3,11,15,1,1,1,68,0,0
15,150091,2,2,1,28,10,19,30,12,6,1,0,15,1,98,709,98709,81,2005,RFVPAP5A1510,R,F,V,P,A,P,5,A,1,5,1,0,0,U,,,,5,17,,,,,,,,0,0,000000000,00000000000,0,0,0,1,0,0,0,0,0,0,0,999,0,0,0,7,7,6,2,12,0,0,0,1,15,96826,6,1,0,0,3,0,66,140,0,0,0,0,1,9,2010,9,2010,0,0,0,0,0,2,3,25,1,1,2,2,2,3,1,17,1,1,1,69,1,0
15,150092,1,2,1,29,10,18,27,12,6,1,0,15,1,34,401,34401,14,2011,5UXZV4C59BL4,5,U,X,Z,V,4,C,5,9,B,L,4,0,P,BMW,BX5,UT,11,17,4960,,0,1155,,G,,0,0,000000000,00000000000,0,0,0,1,0,0,0,0,0,0,0,999,0,0,0,12,12,4,1,12,0,0,0,1,15,96732,6,1,0,0,3,0,68,175,0,0,0,0,0,0,0,0,0,0,38,0,0,0,5,4,20,1,1,2,1,0,0,11,15,1,1,1,68,0,0
15,150092,2,2,1,29,10,18,27,12,6,1,0,15,1,98,709,98709,81,2008,RFGBS1AJX8SF,R,F,G,B,S,1,A,J,X,8,S,F,0,U,,,,8,17,,,,,,,,0,0,000000000,00000000000,0,0,0,1,0,0,0,0,0,0,0,14,0,0,0,3,3,6,2,12,0,0,0,1,15,96732,6,1,0,0,3,0,69,280,0,0,0,0,0,0,0,0,0,0,0,0,0,0,5,4,20,1,1,2,1,0,0,1,17,1,1,1,69,1,0
15,150093,1,1,1,2,11,10,50,8,0,1,0,15,1,18,3,18003,4,1991,1G4CU53L3M16,1,G,4,C,U,5,3,L,3,M,1,6,0,P,BUIC,PAU,4D,91,17,3569,,0,1108,,G,,0,0,000000000,00000000000,0,0,0,1,0,0,0,0,0,0,0,39,0,0,0,12,12,2,1,8,0,0,0,1,15,96792,6,1,0,0,3,3,71,233,0,0,0,0,0,0,0,0,0,1,38,0,0,0,1,5,25,1,1,2,1,0,0,1,17,1,1,1,13,0,0
15,150094,1,1,2,12,11,5,49,8,0,1,0,15,1,37,32,37032,4,2002,1HGCG564X2A1,1,H,G,C,G,5,6,4,X,2,A,1,0,P,HOND,ULX,4D,2,17,3097,,0,1069,,G,,0,0,000000000,00000000000,0,0,0,1,0,0,0,0,0,0,0,25,0,0,0,12,12,4,1,8,0,0,0,1,15,96707,6,1,0,0,3,0,60,185,0,0,0,0,0,0,0,0,0,0,0,0,0,0,1,4,25,1,1,2,1,0,0,1,17,1,1,1,13,0,0
15,150095,1,1,1,14,11,20,22,24,0,1,0,15,1,49,471,49471,30,1985,JT4RN50R4F00,J,T,4,R,N,5,0,R,4,F,0,0,0,T,TOYT,RN5,PK,85,17,,1,0,1030,HTP,G,,0,0,000000000,00000000000,0,0,0,1,0,0,0,0,0,0,0,998,0,0,0,9,9,6,2,24,0,0,0,1,15,96781,6,1,0,0,3,0,70,138,0,0,0,1,1,12,2007,10,2008,1,0,0,0,0,1,2,55,1,1,2,2,0,0,1,6,1,1,4,6,1,1
15,150096,1,1,1,15,11,21,48,8,0,1,0,15,1,59,31,59031,4,2005,JTHBA30G0551,J,T,H,B,A,3,0,G,0,5,5,1,0,P,LEXS,E33,4D,5,17,3472,,0,1071,,G,,0,0,000000000,00000000000,0,0,0,1,0,0,0,0,0,0,0,999,0,0,0,12,12,4,1,8,0,0,0,1,15,96793,0,0,0,0,0,0,999,999,0,0,0,0,0,0,0,0,0,0,0,0,0,0,3,2,30,1,1,2,1,3,3,1,17,1,1,1,13,0,0
15,150097,1,1,1,18,11,5,19,8,0,1,0,15,1,49,422,49422,15,2002,5TDZT38A02S1,5,T,D,Z,T,3,8,A,0,2,S,1,0,P,TOYT,SEQ,UT,2,17,5100,,0,1181,,G,,0,0,000000000,00000000000,0,0,0,1,0,0,0,0,0,0,0,999,0,0,0,1,1,4,1,8,0,0,0,1,15,96744,6,1,0,0,3,1,64,128,0,0,0,0,0,0,0,0,0,0,8,0,0,0,1,2,35,1,1,2,1,0,0,1,13,1,9,4,13,0,0
15,150098,1,1,5,21,11,22,23,38,0,1,0,15,2,14,6,14006,4,2002,2MEFM75W32X6,2,M,E,F,M,7,5,W,3,2,X,6,0,P,MERC,MGL,4D,2,17,3970,,0,1147,,G,,0,0,000000000,00000000000,0,0,0,1,0,0,0,0,0,0,0,73,0,0,0,12,12,6,2,39,0,0,0,1,15,96816,6,1,2,0,2,2,65,188,0,1,1,4,3,4,2009,10,2010,1,8,74,0,0,1,2,35,1,1,2,1,0,0,1,6,1,1,4,6,1,1
15,150099,1,1,1,21,11,23,5,8,0,1,1,99,9,99,999,99999,99,9999,999999999999,9,9,9,9,9,9,9,9,9,9,9,9,9,U,,,,9,17,,,,,,,,0,99,999999999,99999999999,9,99,99,1,0,0,0,0,99,99,9,999,0,0,0,99,99,9,1,8,99,99,0,1,99,99999,9,9,99,9,9,9,999,999,99,99,99,99,99,99,9999,99,9999,1,99,99,99,99,4,6,30,1,1,2,1,2,3,99,99,99,9,9,13,0,0
15,150100,1,1,1,27,11,5,20,8,0,1,0,15,1,49,401,49401,14,2006,JTEZU14R7600,J,T,E,Z,U,1,4,R,7,6,0,0,0,P,TOYT,RUN,UT,6,17,4045,,0,1098,,G,,0,0,000000000,00000000000,0,0,0,1,0,0,0,0,0,0,0,37,0,0,0,12,12,6,2,8,0,0,0,1,15,96819,6,1,0,0,3,3,66,140,0,0,0,0,0,0,0,0,0,9,38,0,0,0,2,2,35,1,1,2,2,0,0,1,80,1,1,1,13,0,1
15,150101,1,1,4,28,11,0,52,30,0,1,0,15,2,49,49,49049,6,2006,JTLKT3244640,J,T,L,K,T,3,2,4,4,6,4,0,0,P,TOYT,SXB,UT,6,17,2395,,0,984,,G,,0,0,000000000,00000000000,0,0,0,1,0,0,0,0,0,0,0,999,0,0,0,12,12,6,2,30,0,0,0,1,15,96792,0,0,0,0,0,0,69,210,0,0,0,0,0,0,0,0,0,1,0,0,0,0,1,2,35,3,5,2,2,0,0,14,6,1,9,4,1,2,1
15,150102,1,1,1,28,11,19,52,14,0,1,0,15,1,72,706,72706,80,1994,1HD1CAP10RY2,1,H,D,1,C,A,P,1,0,R,Y,2,0,M,HD,L12,RS,94,17,,,,,,,1200,0,0,000000000,00000000000,0,0,0,1,0,0,0,0,0,0,0,999,0,0,0,12,12,6,2,14,41,0,0,1,15,96792,2,1,0,0,2,2,65,150,0,0,0,0,0,0,0,0,0,1,74,41,0,0,3,6,55,1,1,2,1,0,0,1,9,3,2,4,11,1,1
15,150103,1,1,1,1,12,6,14,35,0,1,0,15,1,12,401,12401,14,1995,1FMDU34XXSZB,1,F,M,D,U,3,4,X,X,S,Z,B,0,P,FORD,EPR,UT,95,17,4053,,0,1115,,G,,0,0,000000000,00000000000,0,0,0,1,0,0,0,0,0,0,0,999,0,0,0,62,62,6,2,21,0,0,0,1,15,96819,1,1,0,0,2,2,68,260,0,0,0,0,1,6,2009,6,2009,9,74,0,0,0,6,2,35,1,6,2,2,0,0,1,13,1,1,4,1,1,0
15,150104,1,1,1,10,12,4,21,35,0,1,0,15,1,49,472,49472,30,2002,5TEWN72NX2Z0,5,T,E,W,N,7,2,N,X,2,Z,0,0,T,TOYT,XTR,PC,2,17,,1,0,1219,TAC,G,,0,0,000000000,00000000000,0,0,0,1,0,0,0,0,0,0,0,50,0,0,0,12,0,6,2,35,0,0,0,1,15,96706,6,1,0,0,3,3,61,145,0,0,0,0,0,0,0,0,0,1,0,0,0,0,3,4,50,1,1,2,2,0,0,1,13,1,1,4,1,1,1