STATE,ST_CASE,VEH_NO,VE_FORMS,NUMOCCS,DAY,MONTH,HOUR,MINUTE,HARM_EV,MAN_COLL,UNITTYPE,HIT_RUN,REG_STAT,OWNER,MAKE,MODEL,MAK_MOD,BODY_TYP,MOD_YEAR,VIN,VIN_1,VIN_2,VIN_3,VIN_4,VIN_5,VIN_6,VIN_7,VIN_8,VIN_9,VIN_10,VIN_11,VIN_12,TOW_VEH,VINTYPE,VINMAKE,VINA_MOD,VIN_BT,VINMODYR,VIN_LNGT,VIN_WGT,WGTCD_TR,WHLBS_LG,WHLBS_SH,SER_TR,FUELCODE,MCYCL_DS,J_KNIFE,MCARR_I1,MCARR_I2,MCARR_ID,GVWR,V_CONFIG,CARGO_BT,HAZ_INV,HAZ_PLAC,HAZ_ID,HAZ_CNO,HAZ_REL,BUS_USE,SPEC_USE,EMER_USE,TRAV_SP,UNDERIDE,ROLLOVER,ROLINLOC,IMPACT1,IMPACT2,DEFORMED,TOWED,M_HARM,VEH_SC1,VEH_SC2,FIRE_EXP,DR_PRES,L_STATE,DR_ZIP,L_STATUS,L_TYPE,CDL_STAT,L_ENDORS,L_COMPL,L_RESTRI,DR_HGT,DR_WGT,PREV_ACC,PREV_SUS,PREV_DWI,PREV_SPD,PREV_OTH,FIRST_MO,FIRST_YR,LAST_MO,LAST_YR,SPEEDREL,DR_SF1,DR_SF2,DR_SF3,DR_SF4,VTRAFWAY,VNUM_LAN,VSPD_LIM,VALIGN,VPROFILE,VPAVETYP,VSURCOND,VTRAFCON,VTCONT_F,P_CRASH1,P_CRASH2,P_CRASH3,PCRASH4,PCRASH5,ACC_TYPE,DEATHS,DR_DRINK
15,150105,1,1,1,11,12,1,0,3,0,1,0,15,2,41,471,41471,30,2003,4F4YR17E63TM,4,F,4,Y,R,1,7,E,6,3,T,M,0,T,MAZD,4CP,PC,3,17,,1,0,1259,B40,G,,0,0,000000000,00000000000,0,0,0,1,0,0,0,0,0,0,0,998,0,0,0,0,0,6,2,3,0,0,0,1,15,96749,6,1,0,0,3,2,68,160,0,0,0,0,0,0,0,0,0,0,74,0,0,0,4,1,99,1,6,1,1,0,0,99,98,99,1,5,0,1,0
15,150107,1,2,9,18,12,15,50,12,6,1,0,15,1,12,880,12880,67,2005,1FTWW31P15ED,1,F,T,W,W,3,1,P,1,5,E,D,0,T,FORD,F3S,CW,5,17,,3,1724,1562,SRW,D,,0,88,888888888,88888888888,2,1,97,1,0,0,0,0,0,0,0,999,0,0,0,12,12,4,1,12,0,0,0,1,15,96740,6,1,6,0,3,0,67,191,0,0,0,0,0,0,0,0,0,0,38,0,0,0,1,2,35,1,1,2,1,3,3,11,15,1,1,1,68,0,0
15,150107,2,2,1,18,12,15,50,12,6,1,0,15,1,37,701,37701,88,2009,JH2AF60069K7,J,H,2,A,F,6,0,0,6,9,K,7,0,M,HOND,HF5,MS,9,17,,,,,,,49,0,0,000000000,00000000000,0,0,0,1,0,0,0,0,0,0,0,999,0,0,0,62,62,6,2,12,0,0,0,1,15,96740,6,1,0,0,3,0,67,160,1,0,0,0,0,4,2008,4,2008,0,0,0,0,0,1,4,45,1,1,2,1,3,3,1,17,1,1,1,69,1,0
15,150108,1,1,1,17,12,23,10,9,0,1,1,15,1,24,401,24401,14,2006,5GZCZ63456S8,5,G,Z,C,Z,6,3,4,5,6,S,8,0,P,STRN,VUE,UT,6,17,3630,,0,1066,,G,,0,0,000000000,00000000000,0,0,0,1,0,0,0,0,0,0,0,999,0,0,0,99,99,9,1,9,99,99,0,1,99,99999,9,9,99,9,9,9,999,999,99,99,99,99,99,99,9999,99,9999,9,36,0,0,0,1,2,35,1,1,2,1,0,0,1,83,1,1,1,13,0,0
15,150109,1,2,2,19,12,19,6,12,2,1,0,15,2,12,481,12481,31,2006,4LAAS202X650,4,L,A,A,S,2,0,2,X,6,5,0,1,U,,,,6,17,,,,,,,,1,0,000000000,00000000000,0,0,0,1,0,0,0,0,0,0,0,999,0,0,0,12,12,6,2,12,0,0,0,1,15,96740,6,1,0,0,3,0,67,140,1,0,0,1,0,4,2008,7,2010,0,51,0,0,0,1,2,35,1,1,2,1,0,0,1,10,1,1,2,50,0,0
15,150109,2,2,1,19,12,19,6,12,2,1,0,15,1,30,46,30046,4,2001,WVWRH63B61P1,W,V,W,R,H,6,3,B,6,1,P,1,0,P,VOLK,PGX,4D,1,17,3250,,0,1064,,G,,0,0,000000000,00000000000,0,0,0,1,0,0,0,0,0,0,0,999,0,1,5,12,12,6,2,12,0,0,0,1,15,96740,6,1,0,0,3,0,67,140,0,0,0,0,0,0,0,0,0,0,0,0,0,0,1,2,35,1,1,2,1,0,0,1,62,1,1,1,51,1,0
15,150110,1,1,3,30,12,13,0,1,0,1,0,15,2,73,739,73739,90,2007,000000000000,0,0,0,0,0,0,0,0,0,0,0,0,0,U,,,,,17,,,,,,,,0,0,000000000,00000000000,0,0,0,1,0,0,0,0,0,0,0,999,0,2,1,0,0,0,9,1,0,0,0,1,15,96740,6,7,0,0,1,0,59,122,0,0,0,0,0,0,0,0,0,0,0,0,0,0,9,1,25,2,1,5,11,0,0,14,98,1,9,9,98,1,0
16,160001,1,2,3,9,1,18,22,12,6,1,0,4,1,20,481,20481,31,2007,1GCEC19Z07Z1,1,G,C,E,C,1,9,Z,0,7,Z,1,0,T,CHEV,SC1,4C,7,17,,2,1575,1340,SIL,F,,0,0,000000000,00000000000,0,0,0,1,0,0,0,0,0,0,0,998,0,0,0,2,2,6,2,12,0,0,0,1,4,83639,6,1,0,0,3,3,65,175,0,0,0,0,0,0,0,0,0,0,89,0,0,0,2,5,55,1,1,2,1,20,3,1,66,99,1,1,87,0,0
16,160001,2,2,1,9,1,18,22,12,6,1,0,16,2,35,47,35047,4,2005,1N4AL11E05C1,1,N,4,A,L,1,1,E,0,5,C,1,0,P,NISS,ASL,4D,5,17,2915,,0,1102,,G,,0,0,000000000,00000000000,0,0,0,1,0,0,0,0,0,0,0,998,0,1,5,12,9,6,2,12,0,0,0,1,16,83607,6,1,6,0,3,3,76,290,1,0,0,2,1,6,2008,5,2009,0,39,0,0,0,1,2,45,1,1,2,1,0,0,1,17,99,1,1,86,1,0
16,160002,1,1,2,18,1,15,40,1,0,1,0,49,1,37,31,37031,2,1999,1HGEJ8242XL0,1,H,G,E,J,8,2,4,2,X,L,0,0,P,HOND,UAX,CP,99,17,2560,,0,1032,,G,,0,0,000000000,00000000000,0,0,0,1,0,0,0,0,0,0,0,998,0,9,3,0,13,6,2,1,0,0,0,1,49,84058,6,1,0,0,3,0,65,118,98,0,0,1,1,6,2009,11,2009,0,58,0,0,0,3,4,75,1,1,2,1,0,0,1,9,7,1,4,6,1,0
16,160003,1,1,1,20,1,10,20,9,0,1,0,30,3,98,809,98809,66,2006,2FWJAZCV46AV,2,F,W,J,A,Z,C,V,4,6,A,V,2,T,STRG,LT9,DS,6,17,,8,0,0,STE,D,,1,57,179858,57179858,3,7,4,1,0,0,0,0,0,0,0,998,0,0,0,4,63,2,1,9,0,0,0,1,16,83335,6,1,6,1,3,3,71,175,0,0,0,1,0,1,2010,1,2010,0,0,0,0,0,5,4,35,1,1,2,1,0,0,1,84,1,1,1,13,0,0
16,160004,1,1,1,23,1,2,0,42,0,1,0,16,1,23,481,23481,31,1994,2GTEK19K9R15,2,G,T,E,K,1,9,K,9,R,1,5,0,T,GMC,SK1,PC,94,17,,2,1555,1415,SIE,G,,0,0,000000000,00000000000,0,0,0,1,0,0,0,0,0,0,0,998,0,1,2,10,10,6,2,1,0,0,0,1,16,83253,6,1,0,0,3,0,71,150,1,0,1,0,0,11,2009,11,2009,0,99,99,99,99,1,2,65,3,1,2,4,0,0,14,10,99,1,4,6,1,0
16,160005,1,2,3,5,1,17,35,12,7,1,0,32,3,22,20,22020,4,2005,2G2WP5223511,2,G,2,W,P,5,2,2,3,5,1,1,0,P,PONT,GRA,4D,5,17,3477,,0,1105,,G,,0,0,000000000,00000000000,0,0,0,1,0,0,0,0,0,0,0,998,9,0,0,10,10,6,2,12,0,0,0,1,32,89509,6,1,0,0,3,3,64,190,0,0,0,0,0,0,0,0,0,1,28,87,0,0,3,2,75,1,2,2,4,0,0,1,6,99,2,2,48,1,0
16,160005,2,2,1,5,1,17,35,12,7,1,0,95,3,87,881,87881,66,2008,1XPXD49XX8D7,1,X,P,X,D,4,9,X,X,8,D,7,1,T,PTRB,389,DS,8,17,,8,0,0,CON,D,,1,77,777777777,77777777777,3,6,98,1,0,0,0,0,0,0,0,998,0,0,0,1,1,2,1,12,0,0,0,1,95,0,6,1,6,1,3,3,999,999,99,99,99,99,99,99,9999,99,9999,0,0,0,0,0,3,2,75,1,2,2,4,0,0,6,60,99,1,1,48,0,0
16,160006,1,1,3,26,1,22,4,43,0,1,0,16,1,34,34,34034,4,2000,WBAAM5342YJR,W,B,A,A,M,5,3,4,2,Y,J,R,0,P,BMW,28I,4D,0,17,3197,,0,1073,,G,,0,0,000000000,00000000000,0,0,0,1,0,0,0,0,0,0,0,998,0,1,6,1,13,6,2,1,0,0,0,1,16,83401,6,1,0,0,3,0,72,170,0,0,0,1,0,1,2010,1,2010,1,0,0,0,0,1,4,30,2,1,2,1,0,0,14,12,99,1,4,6,1,1
16,160007,1,1,1,29,1,23,36,11,0,1,0,16,1,12,13,12013,3,1995,1FASP11J4SW3,1,F,A,S,P,1,1,J,4,S,W,3,0,P,FORD,EST,2H,95,17,2355,,0,984,,G,,0,0,000000000,00000000000,0,0,0,1,0,0,0,0,0,0,0,998,0,0,0,12,13,6,2,11,0,0,0,1,48,83440,6,1,0,0,3,0,999,999,0,0,0,1,0,4,2009,4,2009,0,83,0,0,0,3,2,65,1,1,1,1,0,0,1,87,99,1,1,13,1,0
16,160008,1,1,2,14,1,9,41,35,0,1,0,16,1,14,6,14006,4,2001,2MEFM75W41X6,2,M,E,F,M,7,5,W,4,1,X,6,0,P,MERC,MGL,4D,1,17,3948,,0,1147,,G,,0,0,000000000,00000000000,0,0,0,1,0,0,0,0,0,0,0,998,0,0,0,2,4,6,2,35,0,0,0,1,16,83641,6,1,0,0,3,3,71,220,0,0,0,0,0,0,0,0,0,1,0,0,0,0,1,2,65,1,2,2,4,0,0,1,6,6,1,4,6,1,0
16,160009,1,1,1,10,2,99,99,35,0,1,0,16,2,20,35,20035,3,1989,JG1MR216XKK7,J,G,1,M,R,2,1,6,X,K,K,7,0,P,GEO,GMS,2H,89,17,0,,923,884,,G,,0,0,000000000,00000000000,0,0,0,1,0,0,0,0,0,0,0,80,0,1,3,1,13,6,2,1,0,0,0,1,16,83211,6,1,0,0,3,0,70,185,0,0,0,0,0,0,0,0,0,1,27,58,0,0,3,2,75,1,1,2,1,0,0,1,99,7,1,4,6,1,1
16,160010,1,1,1,22,2,15,15,35,0,1,0,30,2,12,3,12003,1,2004,1FAFP446X4F1,1,F,A,F,P,4,4,6,X,4,F,1,0,P,FORD,MUS,CV,4,17,3254,,0,1013,,G,,0,0,000000000,00000000000,0,0,0,1,0,0,0,0,0,0,0,998,0,1,2,11,13,6,2,1,0,0,0,1,30,59825,6,1,6,0,3,0,75,270,98,0,0,0,1,12,2009,12,2009,9,0,0,0,0,1,2,45,1,1,2,1,0,0,1,12,99,1,4,6,1,1
16,160011,1,2,1,13,2,13,49,12,6,1,0,16,1,18,7,18007,4,1998,2G4WS52M8W14,2,G,4,W,S,5,2,M,8,W,1,4,0,P,BUIC,CCU,4D,98,17,3255,,0,1090,,G,,0,0,000000000,00000000000,0,0,0,1,0,0,0,0,0,0,0,998,0,0,0,10,10,6,2,12,0,0,0,1,16,83646,6,1,0,0,3,3,62,135,0,0,0,0,0,0,0,0,0,0,39,38,0,0,5,3,55,3,1,2,1,20,3,11,15,99,1,1,82,1,0
16,160011,2,2,1,13,2,13,49,12,6,1,0,16,1,35,472,35472,30,2006,1N6AD06U36C4,1,N,6,A,D,0,6,U,3,6,C,4,0,T,NISS,KEO,PC,6,17,,1,0,1259,FRT,G,,0,0,000000000,00000000000,0,0,0,1,0,0,0,0,0,0,0,998,0,0,0,12,12,6,2,12,0,0,0,1,16,83704,6,1,0,0,3,3,66,135,0,0,0,0,0,0,0,0,0,0,84,0,0,0,2,4,55,3,1,2,1,0,0,14,67,9,1,1,83,0,0
16,160012,1,1,1,15,2,20,7,24,0,1,0,16,2,48,34,48034,6,1998,4S3BG685XW76,4,S,3,B,G,6,8,5,X,W,7,6,0,P,SUBA,UK3,SW,98,17,3155,,0,1035,,G,,0,0,000000000,00000000000,0,0,0,1,0,0,0,0,0,0,0,998,0,0,0,11,10,6,2,30,0,0,0,1,9,83703,6,1,0,0,3,0,71,165,98,0,0,0,0,0,0,0,0,0,89,0,0,0,5,2,30,1,1,2,1,0,0,1,12,99,9,4,6,1,0
16,160013,1,2,1,26,2,12,27,12,6,1,0,16,1,20,402,20402,14,2001,2CNBJ13C0169,2,C,N,B,J,1,3,C,0,1,6,9,0,P,CHEV,TKR,UT,1,17,2987,,0,976,,G,,0,0,000000000,00000000000,0,0,0,1,0,0,0,0,0,0,0,998,0,1,1,11,11,6,2,1,0,0,0,1,16,83262,6,1,0,0,3,0,66,150,0,0,0,0,0,0,0,0,0,0,0,0,0,0,1,2,60,1,1,2,1,0,0,1,66,99,1,1,89,1,0
16,160013,2,2,1,26,2,12,27,12,6,1,0,16,1,7,482,7482,31,2007,3D7KS29C87G7,3,D,7,K,S,2,9,C,8,7,G,7,0,T,DODG,ME2,CW,7,17,,2,0,1605,RPC,D,,0,0,000000000,00000000000,0,0,0,1,0,0,0,0,0,0,0,998,0,0,0,1,1,6,2,12,0,0,0,1,16,83262,6,1,0,0,3,0,66,150,0,0,0,0,0,0,0,0,0,0,39,0,0,0,1,2,50,1,1,2,1,20,3,1,17,99,1,1,88,0,0
16,160014,1,1,2,17,2,21,52,42,0,1,0,16,1,22,18,22018,2,1997,1G2WP12K4VF3,1,G,2,W,P,1,2,K,4,V,F,3,0,P,PONT,GPG,CP,97,17,3396,,0,1105,,G,,0,0,000000000,00000000000,0,0,0,1,0,0,0,0,0,0,0,998,0,1,6,9,9,6,2,42,0,0,0,1,16,83201,6,1,0,0,3,0,64,198,0,1,0,0,0,7,2007,7,2007,1,0,0,0,0,1,2,55,1,1,2,1,0,0,1,13,7,1,4,1,2,1
16,160015,1,1,5,1,3,9,40,1,0,1,0,49,4,20,22,20022,4,2008,1G1AL58F4871,1,G,1,A,L,5,8,F,4,8,7,1,0,P,CHEV,BLT,4D,8,17,3216,,0,1033,,G,,0,0,000000000,00000000000,0,0,0,1,0,0,0,0,0,0,0,68,0,1,3,0,13,6,2,1,0,0,0,1,49,84015,0,0,0,0,0,0,69,195,98,0,0,0,0,0,0,0,0,0,58,92,0,0,3,2,75,1,1,2,1,0,0,1,12,7,1,4,6,1,0
16,160016,1,1,1,7,3,10,22,42,0,1,0,16,1,24,401,24401,14,2005,5GZCZ23D65S8,5,G,Z,C,Z,2,3,D,6,5,S,8,0,P,STRN,VUE,UT,5,17,3246,,0,1066,,G,,0,0,000000000,00000000000,0,0,0,1,0,0,0,0,0,0,0,998,0,0,0,10,10,6,2,42,0,0,0,1,53,83536,6,1,0,0,3,3,66,195,0,0,0,0,0,0,0,0,0,1,58,0,0,0,1,2,55,3,2,2,1,0,0,14,6,6,1,4,6,1,0
16,160017,1,1,1,10,3,19,30,1,0,1,0,49,1,98,739,98739,90,2000,4XACH50A1YA0,4,X,A,C,H,5,0,A,1,Y,A,0,0,M,POL,SP5,AT,0,17,,,,,,,499,0,0,000000000,00000000000,0,0,0,1,0,0,0,0,0,0,0,998,0,9,1,0,62,2,9,1,0,0,0,1,49,84340,6,1,0,0,3,9,999,999,98,0,0,0,0,0,0,0,0,0,87,0,0,0,1,2,98,1,2,5,3,0,0,1,5,99,1,3,98,1,1
16,160018,1,1,2,10,3,7,54,1,0,1,0,16,1,12,481,12481,31,1997,1FTDX1863VKB,1,F,T,D,X,1,8,6,3,V,K,B,0,T,FORD,F15,3C,97,17,,1,1570,1390,COF,G,,0,0,000000000,00000000000,0,0,0,1,0,0,0,0,0,0,0,998,0,9,6,0,13,6,2,1,0,0,0,1,16,83318,6,1,0,0,3,0,72,180,0,0,0,1,1,2,2009,6,2009,1,0,0,0,0,1,2,65,1,1,2,4,0,0,1,6,8,1,4,6,1,0
16,160019,1,1,1,14,3,3,20,24,0,1,0,16,1,20,421,20421,15,1997,1GNEK13R4VJ3,1,G,N,E,K,1,3,R,4,V,J,3,0,P,CHEV,KTA,UT,97,17,5225,,0,1175,,G,,0,0,000000000,00000000000,0,0,0,1,0,0,0,0,0,0,0,998,0,1,3,8,11,6,2,1,0,0,0,1,16,83211,2,1,0,0,2,0,66,128,0,4,0,0,2,5,2007,11,2009,0,87,0,0,0,3,2,75,1,2,2,4,0,0,1,12,99,1,4,6,1,0
16,160020,1,1,2,11,3,14,26,1,0,1,1,16,2,2,403,2403,14,1997,1J4FY19S4VP4,1,J,4,F,Y,1,9,S,4,V,P,4,0,T,JEEP,SPW,2W,97,17,,1,0,934,W/T,G,,0,0,000000000,00000000000,0,0,0,1,0,0,0,0,0,0,0,998,0,2,5,0,13,6,2,1,0,0,0,1,16,83341,6,1,0,0,3,3,72,155,0,0,0,0,0,0,0,0,0,1,36,92,0,0,1,2,35,3,2,2,1,0,0,14,12,99,1,4,6,1,1
16,160021,1,1,1,20,3,8,8,34,0,1,0,16,2,24,2,24002,2,1996,1G8ZG1279TZ2,1,G,8,Z,G,1,2,7,9,T,Z,2,0,P,STRN,SC2,CP,96,17,2265,,0,992,,G,,0,0,000000000,00000000000,0,0,0,1,0,0,0,0,0,0,0,52,0,1,6,1,1,6,2,1,0,0,0,1,16,83401,6,1,0,0,3,3,64,103,0,0,0,0,0,0,0,0,0,9,0,0,0,0,1,2,50,1,1,2,1,0,0,1,11,99,1,4,1,1,1
16,160022,1,1,1,20,3,99,99,35,0,1,0,16,1,20,403,20403,14,2004,1GNDT13X94K1,1,G,N,D,T,1,3,X,9,4,K,1,0,P,CHEV,BZR,UT,4,17,4134,,0,1070,,G,,0,0,000000000,00000000000,0,0,0,1,0,0,0,0,0,0,0,998,0,1,6,12,11,6,2,1,0,0,0,1,16,83536,6,1,0,0,3,0,72,188,0,0,0,0,0,0,0,0,0,0,79,0,0,0,1,2,25,3,2,4,1,0,0,14,13,99,1,4,1,1,0
16,160023,1,1,1,27,3,18,9,33,0,1,0,16,2,72,706,72706,80,2008,1HD1BW5188Y0,1,H,D,1,B,W,5,1,8,8,Y,0,0,M,HD,STC,RS,8,17,,,,,,,1584,0,0,000000000,00000000000,0,0,0,1,0,0,0,0,0,0,0,998,0,0,0,1,10,6,2,30,0,0,0,1,16,83402,1,1,0,0,2,0,73,225,0,5,0,1,0,4,2007,4,2009,1,99,99,99,99,3,2,35,3,1,2,1,0,0,14,11,99,1,4,1,1,1
16,160024,1,1,3,26,3,19,49,18,0,1,0,49,2,41,47,41047,4,2001,JM1TA2216117,J,M,1,T,A,2,2,1,6,1,1,7,0,P,MAZD,MIL,4D,1,17,3358,,0,1083,,G,,0,0,000000000,00000000000,0,0,0,1,0,0,0,0,0,0,0,998,0,1,3,14,7,6,2,1,0,0,0,1,49,84067,6,1,0,0,3,0,62,120,98,0,0,0,0,0,0,0,0,0,81,0,0,0,3,2,75,1,2,2,1,0,0,6,90,99,1,1,12,1,0
16,160025,1,1,5,29,3,10,13,1,0,1,0,16,2,12,461,12461,21,2002,1FBSS31S22HA,1,F,B,S,S,3,1,S,2,2,H,A,0,T,FORD,WSD,BU,2,17,,2,0,1380,ECO,G,,0,0,000000000,00000000000,0,0,0,1,0,0,0,0,0,0,0,998,0,9,3,0,13,6,2,1,0,0,0,1,16,83616,6,2,0,0,3,1,64,115,0,0,0,0,0,0,0,0,0,0,58,0,0,0,3,2,75,1,1,2,1,0,0,1,12,7,3,4,9,1,0
16,160026,1,1,1,29,3,21,30,34,0,1,0,16,1,48,34,48034,6,2001,4S3BH6655176,4,S,3,B,H,6,6,5,5,1,7,6,0,P,SUBA,ULK,SW,1,17,3425,,0,1043,,G,,0,0,000000000,00000000000,0,0,0,1,0,0,0,0,0,0,0,998,0,1,5,12,13,6,2,1,0,0,0,1,16,83873,6,1,0,0,3,3,65,145,0,0,0,0,0,0,0,0,0,0,0,0,0,0,1,2,35,4,1,2,2,0,0,14,11,6,1,4,1,1,0
16,160027,1,1,1,29,3,18,5,38,0,1,0,16,1,35,47,35047,4,1996,1N4BU31D4TC1,1,N,4,B,U,3,1,D,4,T,C,1,0,P,NISS,AGS,4D,96,17,2756,,0,1031,,G,,0,0,000000000,00000000000,0,0,0,1,0,0,0,0,0,0,0,998,0,1,5,11,11,6,2,1,0,0,0,1,16,83835,6,1,0,0,3,3,74,170,0,0,0,0,0,0,0,0,0,0,0,0,0,0,1,2,35,1,1,2,1,0,0,1,12,1,1,4,6,1,0
16,160028,1,2,2,19,3,19,2,12,6,1,0,16,2,41,50,41050,4,2003,1YVHP80D035M,1,Y,V,H,P,8,0,D,0,3,5,M,0,P,MAZD,M6S,4D,3,17,3243,,0,1053,,G,,0,0,000000000,00000000000,0,0,0,1,0,0,0,0,0,0,0,998,0,0,0,9,9,6,2,12,0,0,0,1,16,83202,6,2,0,0,3,0,61,130,0,0,0,0,0,0,0,0,0,0,38,0,0,0,1,2,30,1,2,2,8,20,3,11,55,99,1,3,82,1,0
16,160028,2,2,1,19,3,19,2,12,6,1,0,30,3,7,880,7880,67,2008,3D7MX38A18G1,3,D,7,M,X,3,8,A,1,8,G,1,1,T,DODG,SQ3,CW,8,17,,3,1605,1405,RPC,D,,3,88,888888888,88888888888,2,4,97,1,0,0,0,0,0,0,0,999,0,0,0,12,12,6,2,12,0,0,0,1,30,59034,6,1,6,0,3,3,999,999,98,0,0,0,0,0,0,0,0,0,99,99,99,99,1,2,30,1,2,2,1,0,0,1,67,99,1,1,83,0,0
16,160029,1,1,1,22,3,16,36,42,0,1,0,53,2,98,998,98998,91,2004,2BPS401224V0,2,B,P,S,4,0,1,2,2,4,V,0,0,U,,,,4,17,,,,,,,,0,0,000000000,00000000000,0,0,0,1,0,0,0,0,0,0,0,55,0,0,0,12,12,6,2,42,0,0,0,1,53,98922,6,1,0,0,3,0,64,125,0,0,0,0,0,0,0,0,0,1,0,0,0,0,1,2,45,1,1,2,3,0,0,1,12,99,9,4,6,1,1
16,160030,1,1,5,2,4,18,25,1,0,1,0,32,2,7,482,7482,31,2006,1D7KS28C56J1,1,D,7,K,S,2,8,C,5,6,J,1,0,T,DODG,SQ2,CW,6,17,,2,1605,1405,RPC,D,,0,0,000000000,00000000000,0,0,0,1,0,0,0,0,0,0,0,998,0,9,5,0,13,6,2,1,0,0,0,1,12,89445,6,1,0,0,3,3,65,999,0,0,0,0,1,9,2008,9,2008,1,58,87,0,0,3,2,75,2,3,1,3,0,0,14,13,9,4,4,2,1,0
16,160031,1,1,1,4,4,15,7,35,0,1,0,30,3,20,481,20481,31,2004,1GCHK292X4E3,1,G,C,H,K,2,9,2,X,4,E,3,0,T,CHEV,2KH,4C,4,17,,2,1575,1435,SIL,D,,0,0,000000000,00000000000,0,0,0,1,0,0,0,0,0,0,0,998,0,1,5,12,13,6,2,3,0,0,0,1,30,59405,6,1,0,0,3,0,69,180,98,0,0,5,0,4,2007,2,2010,1,99,99,99,99,1,2,50,2,1,2,1,0,0,14,13,99,1,4,1,1,0
16,160032,1,2,1,11,4,9,18,12,2,1,0,16,1,20,16,20016,2,1999,3G1JF12T7XS8,3,G,1,J,F,1,2,T,7,X,S,8,0,P,CHEV,CZ2,CP,99,17,2596,,0,1041,,G,,0,0,000000000,00000000000,0,0,0,1,0,0,0,0,0,0,0,998,0,0,0,12,12,6,2,12,0,0,0,1,41,83651,6,1,0,0,3,0,65,160,0,0,0,0,0,0,0,0,0,0,28,0,0,0,1,2,55,1,1,2,1,0,0,1,10,99,1,2,50,1,0
16,160032,2,2,1,11,4,9,18,12,2,1,0,16,3,20,481,20481,31,2009,1GCHK53679F1,1,G,C,H,K,5,3,6,7,9,F,1,0,T,CHEV,2K2,CW,9,17,,2,1670,1530,SIL,D,,0,0,000000000,00000000000,0,0,0,1,0,0,0,0,0,0,0,998,0,0,0,12,12,6,2,12,0,0,0,1,16,83605,6,1,0,0,3,0,71,210,0,0,0,0,0,0,0,0,0,0,84,0,0,0,1,2,55,1,1,2,1,0,0,1,62,4,1,1,51,0,0
16,160033,1,1,4,15,4,12,45,1,0,1,0,8,2,12,481,12481,31,2006,1FTPW14VX6KE,1,F,T,P,W,1,4,V,X,6,K,E,0,T,FORD,F1S,CW,6,17,,2,1500,1390,COF,F,,0,0,000000000,00000000000,0,0,0,1,0,0,0,0,0,0,0,998,0,1,3,0,13,6,2,1,0,0,0,1,8,81650,6,1,0,0,3,3,65,133,0,0,0,0,0,0,0,0,0,1,80,58,0,0,3,2,75,1,1,2,1,0,0,1,1,6,7,4,7,2,0
16,160034,1,1,4,15,4,14,45,1,0,1,0,16,2,23,421,23421,15,1995,1GKEK13K9SJ7,1,G,K,E,K,1,3,K,9,S,J,7,0,T,GMC,YUK,4W,95,17,,2,0,1175,YUK,G,,0,0,000000000,00000000000,0,0,0,1,0,0,0,0,0,0,0,998,0,1,1,0,13,6,2,1,0,0,0,1,37,83467,6,1,0,0,3,3,65,999,0,0,0,0,0,0,0,0,0,1,28,58,0,0,1,2,65,3,1,2,1,0,0,14,12,7,1,6,98,1,0
16,160035,1,1,1,18,4,7,5,43,0,1,0,16,1,37,704,37704,80,1986,JH2PC1702GM0,J,H,2,P,C,1,7,0,2,G,M,0,0,M,HOND,MX4,RS,86,17,,,,,,,450,0,0,000000000,00000000000,0,0,0,1,0,0,0,0,0,0,0,998,0,0,0,11,11,2,3,1,0,0,0,1,16,83868,6,1,0,0,3,3,66,140,0,1,0,0,0,4,2008,4,2008,0,0,0,0,0,1,2,35,1,1,2,1,0,0,1,12,99,1,4,6,1,0
16,160036,1,1,3,19,4,5,34,8,0,1,0,16,1,37,31,37031,4,2002,1HGES16582L0,1,H,G,E,S,1,6,5,8,2,L,0,0,P,HOND,UCL,4D,2,17,2515,,0,1031,,G,,0,0,000000000,00000000000,0,0,0,1,0,0,0,0,0,0,0,998,0,0,0,12,13,6,2,8,0,0,0,1,16,83824,6,1,0,0,3,3,66,220,0,0,0,0,0,0,0,0,0,1,28,0,0,0,1,2,35,1,3,2,1,0,0,1,80,99,1,1,13,0,1
16,160037,1,2,1,21,4,7,21,12,2,1,0,16,2,19,14,19014,4,1992,1G6KS53B2NU8,1,G,6,K,S,5,3,B,2,N,U,8,0,P,CADI,SEV,4D,92,17,3648,,0,1110,,G,,0,0,000000000,00000000000,0,0,0,1,0,0,0,0,0,0,0,998,0,0,0,12,12,6,2,12,0,0,0,1,16,83709,6,1,0,0,3,0,73,185,0,0,0,0,0,0,0,0,0,0,28,0,0,0,1,4,35,1,2,2,1,0,0,1,10,99,1,2,50,0,0
16,160037,2,2,1,21,4,7,21,12,2,1,0,16,1,12,481,12481,31,1970,F26YRH14428,F,2,6,Y,R,H,1,4,4,2,8,,0,P,,,,,,,,,,,,,0,0,000000000,00000000000,0,0,0,1,0,0,0,0,0,0,0,998,0,0,0,12,12,6,2,12,0,0,0,1,16,83226,6,1,0,0,3,3,72,180,0,0,0,0,0,0,0,0,0,0,0,0,0,0,1,4,35,1,2,2,1,0,0,1,54,99,1,1,51,1,0
16,160038,1,2,1,23,4,20,41,12,2,1,0,16,1,20,32,20032,4,1994,1Y1SK536XRZ1,1,Y,1,S,K,5,3,6,X,R,Z,1,0,P,GEO,GEP,4D,94,17,2348,,0,971,,G,,0,0,000000000,00000000000,0,0,0,1,0,0,0,0,0,0,0,998,0,0,0,12,12,6,2,12,0,0,0,1,16,83854,6,1,0,0,3,0,73,200,0,1,0,0,1,4,2009,5,2009,0,28,51,0,0,2,3,55,1,1,2,1,0,0,1,10,99,1,2,50,1,1