STATE,ST_CASE,VEH_NO,VE_FORMS,NUMOCCS,DAY,MONTH,HOUR,MINUTE,HARM_EV,MAN_COLL,UNITTYPE,HIT_RUN,REG_STAT,OWNER,MAKE,MODEL,MAK_MOD,BODY_TYP,MOD_YEAR,VIN,VIN_1,VIN_2,VIN_3,VIN_4,VIN_5,VIN_6,VIN_7,VIN_8,VIN_9,VIN_10,VIN_11,VIN_12,TOW_VEH,VINTYPE,VINMAKE,VINA_MOD,VIN_BT,VINMODYR,VIN_LNGT,VIN_WGT,WGTCD_TR,WHLBS_LG,WHLBS_SH,SER_TR,FUELCODE,MCYCL_DS,J_KNIFE,MCARR_I1,MCARR_I2,MCARR_ID,GVWR,V_CONFIG,CARGO_BT,HAZ_INV,HAZ_PLAC,HAZ_ID,HAZ_CNO,HAZ_REL,BUS_USE,SPEC_USE,EMER_USE,TRAV_SP,UNDERIDE,ROLLOVER,ROLINLOC,IMPACT1,IMPACT2,DEFORMED,TOWED,M_HARM,VEH_SC1,VEH_SC2,FIRE_EXP,DR_PRES,L_STATE,DR_ZIP,L_STATUS,L_TYPE,CDL_STAT,L_ENDORS,L_COMPL,L_RESTRI,DR_HGT,DR_WGT,PREV_ACC,PREV_SUS,PREV_DWI,PREV_SPD,PREV_OTH,FIRST_MO,FIRST_YR,LAST_MO,LAST_YR,SPEEDREL,DR_SF1,DR_SF2,DR_SF3,DR_SF4,VTRAFWAY,VNUM_LAN,VSPD_LIM,VALIGN,VPROFILE,VPAVETYP,VSURCOND,VTRAFCON,VTCONT_F,P_CRASH1,P_CRASH2,P_CRASH3,PCRASH4,PCRASH5,ACC_TYPE,DEATHS,DR_DRINK
16,160076,1,1,2,11,7,2,0,38,0,1,0,16,2,37,32,37032,4,1999,1HGCG565XXA0,1,H,G,C,G,5,6,5,X,X,A,0,0,P,HOND,UEX,4D,99,17,3086,,0,1069,,G,,0,0,000000000,00000000000,0,0,0,1,0,0,0,0,0,0,0,998,0,1,6,6,13,6,2,1,0,0,0,1,16,83467,6,1,0,0,3,0,68,135,0,0,0,0,0,0,0,0,0,1,0,0,0,0,1,2,35,1,2,4,8,0,0,1,13,99,1,4,1,1,1
16,160077,1,1,3,11,7,13,46,1,0,1,0,16,1,49,401,49401,14,1997,JT3HN86R3V01,J,T,3,H,N,8,6,R,3,V,0,1,0,P,TOYT,RUN,UT,97,17,3850,,0,1053,,G,,0,0,000000000,00000000000,0,0,0,1,0,0,0,0,0,0,0,998,0,2,1,0,13,6,2,3,0,0,0,1,16,83860,6,1,0,0,3,0,67,160,0,0,0,0,0,0,0,0,0,1,58,0,0,0,1,2,55,2,1,2,1,0,0,14,11,8,3,6,98,1,0
16,160078,1,2,2,11,7,17,55,12,6,1,0,16,1,12,421,12421,15,1993,1FMEU15H1PLB,1,F,M,E,U,1,5,H,1,P,L,B,0,P,FORD,BRO,UT,93,17,4574,,0,1050,,G,,0,0,000000000,00000000000,0,0,0,1,0,0,0,0,0,0,0,998,0,0,0,2,2,6,2,12,0,0,0,1,53,83334,6,1,0,0,3,0,63,115,0,0,0,0,0,0,0,0,0,0,38,0,0,0,1,2,55,1,1,2,1,0,0,11,15,99,1,1,68,0,0
16,160078,2,2,1,11,7,17,55,12,6,1,0,16,1,76,704,76704,80,1982,JYA14V002CA0,J,Y,A,1,4,V,0,0,2,C,A,0,0,M,YAMA,X4S,RS,82,17,,,,,,,400,0,0,000000000,00000000000,0,0,0,1,0,0,0,0,0,0,0,998,0,0,0,12,12,6,2,12,0,0,0,1,16,83328,6,1,0,0,3,0,64,120,0,1,0,0,1,6,2010,6,2010,0,0,0,0,0,1,2,55,1,1,2,1,0,0,1,55,99,1,1,69,1,1
16,160079,1,1,1,12,7,14,52,1,0,1,0,16,1,72,706,72706,80,1998,1HD1GEL18WY3,1,H,D,1,G,E,L,1,8,W,Y,3,0,M,HD,FWG,RS,98,17,,,,,,,1340,0,0,000000000,00000000000,0,0,0,1,0,0,0,0,0,0,0,998,0,0,0,0,8,6,2,1,0,0,0,1,16,83201,6,1,0,0,3,0,67,150,0,0,1,0,0,8,2007,8,2007,0,58,0,0,0,1,2,35,2,2,2,1,0,0,14,13,3,1,4,1,1,1
16,160080,1,1,1,10,7,14,5,42,0,1,0,16,1,53,705,53705,80,1997,JS1GN77A6V21,J,S,1,G,N,7,7,A,6,V,2,1,0,M,SUZI,GF6,RS,97,17,,,,,,,599,0,0,000000000,00000000000,0,0,0,1,0,0,0,0,0,0,0,998,0,0,0,9,9,6,2,42,0,0,0,1,16,83301,6,1,0,0,3,0,74,225,1,3,2,1,0,8,2007,10,2009,1,0,0,0,0,1,2,35,3,2,2,1,0,0,14,12,3,1,4,6,1,1
16,160081,1,1,1,14,7,21,59,8,0,1,0,16,2,23,471,23471,30,1998,1GKDT13W6W25,1,G,K,D,T,1,3,W,6,W,2,5,0,T,GMC,JMY,4W,98,17,,1,0,1070,JMY,G,,0,0,000000000,00000000000,0,0,0,1,0,0,0,0,0,0,0,998,0,0,0,11,11,4,3,8,0,0,0,1,16,83262,6,2,0,0,3,3,60,115,0,0,0,1,0,1,2010,1,2010,0,0,0,0,0,1,2,50,1,1,2,1,0,0,1,80,99,1,1,13,0,0
16,160082,1,2,1,16,7,2,44,12,2,1,0,16,2,7,41,7041,4,1999,2B3HD46R2XH7,2,B,3,H,D,4,6,R,2,X,H,7,0,P,DODG,INT,4D,99,17,3338,,0,1130,,G,,0,0,000000000,00000000000,0,0,0,1,0,0,0,0,0,0,0,998,9,0,0,12,12,6,2,12,0,0,0,1,16,83433,6,1,0,0,3,3,67,170,0,1,0,0,1,5,2009,7,2009,0,28,0,0,0,1,2,65,1,3,2,1,0,0,1,10,99,1,2,50,1,1
16,160082,2,2,1,16,7,2,44,12,2,1,0,93,3,82,883,82883,66,2009,1FUJA6CK39DA,1,F,U,J,A,6,C,K,3,9,D,A,1,T,FRHT,COL,DS,9,17,,8,0,0,CON,D,,1,57,1390834,571390834,3,6,1,1,0,0,0,0,0,0,0,998,0,0,0,12,12,2,3,12,0,0,0,1,49,84116,6,1,0,0,2,1,69,180,98,0,0,0,1,6,2010,6,2010,0,0,0,0,0,1,2,65,1,3,2,1,0,0,1,62,99,1,1,51,0,0
16,160083,1,2,2,17,7,9,39,12,1,1,0,49,4,12,23,12023,4,2010,3FAHP0JG0AR3,3,F,A,H,P,0,J,G,0,A,R,3,0,P,FORD,F/L,4D,10,17,3591,,0,1074,,F,,0,0,000000000,00000000000,0,0,0,1,0,0,0,0,0,0,0,998,0,0,0,12,12,6,2,12,0,0,0,1,6,94538,6,1,0,0,3,0,62,200,0,0,0,0,0,0,0,0,0,1,0,0,0,0,1,4,25,1,1,2,1,3,3,1,17,99,1,1,24,2,0
16,160083,2,2,1,17,7,9,39,12,1,1,0,16,1,12,481,12481,31,2001,1FTNW21F61EB,1,F,T,N,W,2,1,F,6,1,E,B,0,T,FORD,F2S,CW,1,17,,2,1724,1562,SRW,D,,0,0,000000000,00000000000,0,0,0,1,0,0,0,0,0,0,0,998,0,0,0,6,6,6,2,12,0,0,0,1,16,83256,6,1,0,0,3,3,69,180,0,0,0,0,0,0,0,0,0,0,0,0,0,0,1,4,25,1,1,2,1,3,3,1,17,99,1,1,25,0,0
16,160084,1,1,1,10,7,16,0,42,0,1,0,16,2,53,733,53733,90,2001,JSAAK43A7121,J,S,A,A,K,4,3,A,7,1,2,1,0,M,SUZI,LF3,AT,1,17,,,,,,,280,0,0,000000000,00000000000,0,0,0,1,0,0,0,0,0,0,0,998,0,1,5,1,1,2,3,42,0,0,0,1,16,83854,6,1,0,0,3,0,69,220,0,0,0,1,0,3,2008,3,2008,1,52,53,0,0,1,2,25,2,1,5,1,0,0,14,6,99,1,4,1,1,1
16,160085,1,1,1,20,7,11,17,42,0,1,0,16,1,35,471,35471,30,1986,JN6ND12Y6GW0,J,N,6,N,D,1,2,Y,6,G,W,0,0,T,NISS,DL4,PK,86,17,,1,0,0,D21,G,,0,0,000000000,00000000000,0,0,0,1,0,0,0,0,0,0,0,998,0,1,6,12,3,6,2,1,0,0,0,1,16,83861,6,1,0,0,3,0,70,165,0,0,0,1,0,4,2010,4,2010,0,58,0,0,0,1,2,55,3,2,2,1,0,0,14,12,7,1,4,6,1,1
16,160086,1,1,2,22,7,9,45,1,0,1,0,6,1,34,706,34706,80,2002,WB10555A92ZD,W,B,1,0,5,5,5,A,9,2,Z,D,0,M,BMW,K1T,RS,2,17,,,,,,,1200,0,0,000000000,00000000000,0,0,0,1,0,0,0,0,0,0,0,998,0,0,0,0,12,6,2,1,0,0,0,1,6,95220,6,1,0,0,3,0,73,225,0,0,0,0,0,0,0,0,0,1,79,0,0,0,1,2,50,3,1,2,1,0,0,14,18,3,1,1,98,1,0
16,160087,1,1,5,26,6,17,12,1,0,1,0,16,2,48,34,48034,6,1996,4S3BG485XT63,4,S,3,B,G,4,8,5,X,T,6,3,0,P,SUBA,ULK,SW,96,17,3080,,0,1035,,G,,0,0,000000000,00000000000,0,0,0,1,0,0,0,0,0,0,0,998,0,9,2,0,13,6,2,1,0,0,0,1,16,83202,1,1,0,0,2,0,64,180,0,3,0,0,1,10,2008,12,2008,1,36,0,0,0,1,2,25,3,1,4,1,0,0,14,12,6,2,4,7,1,1
16,160088,1,1,1,24,7,22,34,1,0,1,0,16,2,12,481,12481,31,2004,1FTSW31PX4EC,1,F,T,S,W,3,1,P,X,4,E,C,0,T,FORD,F3S,CW,4,17,,2,1724,1562,SRW,D,,0,0,000000000,00000000000,0,0,0,1,0,0,0,0,0,0,0,998,0,9,2,0,13,6,2,1,0,0,0,1,8,83328,6,1,0,0,3,9,70,175,0,0,0,0,1,4,2009,4,2009,0,58,0,0,0,1,2,65,2,2,2,1,0,0,14,11,8,4,4,98,1,1
16,160089,1,1,2,1,7,3,17,38,0,1,0,16,1,55,35,55035,4,2004,KMHDN46D54U7,K,M,H,D,N,4,6,D,5,4,U,7,0,P,HYUN,EST,4D,4,17,2635,,0,1027,,G,,0,0,000000000,00000000000,0,0,0,1,0,0,0,0,0,0,0,998,0,0,0,11,9,6,2,42,0,0,0,1,16,83646,6,1,0,0,3,0,61,93,0,0,0,1,0,7,2010,7,2010,0,58,0,0,0,1,2,50,1,1,2,1,0,0,1,13,9,9,4,1,1,1
16,160090,1,1,1,30,7,23,58,9,0,1,0,16,2,23,431,23431,16,2001,1GKFK16T11J2,1,G,K,F,K,1,6,T,1,1,J,2,0,T,GMC,KX1,4W,1,17,,2,0,1300,YUK,G,,0,0,000000000,00000000000,0,0,0,1,0,0,0,0,0,0,0,998,0,0,0,1,1,4,3,9,0,0,0,1,16,83706,6,1,0,0,3,3,71,155,0,0,0,1,1,5,2009,7,2009,0,86,0,0,0,1,2,55,1,1,2,1,0,0,1,83,8,1,1,13,0,0
16,160091,1,1,1,25,6,19,25,35,0,1,0,49,2,72,706,72706,80,2001,1HD1BMY161Y0,1,H,D,1,B,M,Y,1,6,1,Y,0,0,M,HD,FLF,RS,1,17,,,,,,,1450,0,0,000000000,00000000000,0,0,0,1,0,0,0,0,0,0,0,998,0,0,0,12,1,4,3,1,0,0,0,1,49,84339,6,1,0,0,3,0,70,220,98,0,0,0,0,0,0,0,0,0,28,0,0,0,1,2,55,3,2,2,1,0,0,14,12,99,1,4,6,1,1
16,160092,1,2,1,31,7,17,47,12,6,1,0,16,1,72,706,72706,80,1991,1HD4CAM33MY1,1,H,D,4,C,A,M,3,3,M,Y,1,0,M,HD,XL8,RS,91,17,,,,,,,883,0,0,000000000,00000000000,0,0,0,1,0,0,0,0,0,0,0,998,0,0,0,3,3,6,2,12,0,0,0,1,16,83651,6,1,0,0,3,3,65,160,0,0,0,0,0,0,0,0,0,0,39,0,0,0,1,2,35,1,1,2,1,20,3,1,17,99,1,1,87,1,0
16,160092,2,2,5,31,7,17,47,12,6,1,0,16,2,49,472,49472,30,2006,5TELU42NX6Z2,5,T,E,L,U,4,2,N,X,6,Z,2,0,T,TOYT,DCL,CW,6,17,,1,0,1219,TAC,G,,0,0,000000000,00000000000,0,0,0,1,0,0,0,0,0,0,0,998,0,0,0,12,12,6,2,12,0,0,0,1,16,83686,6,1,0,0,3,3,65,120,0,0,0,1,0,8,2009,8,2009,0,0,0,0,0,1,2,35,1,1,2,1,0,0,1,66,99,1,1,86,0,0
16,160093,1,1,1,23,7,99,99,35,0,1,0,49,1,2,403,2403,14,2001,1J4FA49S21P3,1,J,4,F,A,4,9,S,2,1,P,3,0,T,JEEP,SPW,2W,1,17,,1,0,934,W/T,G,,0,0,000000000,00000000000,0,0,0,1,0,0,0,0,0,0,0,998,0,1,6,11,13,6,2,1,0,0,0,1,49,83261,4,1,0,0,2,0,71,180,98,1,1,0,0,4,2010,4,2010,0,0,0,0,0,1,2,35,3,2,4,1,0,0,14,12,99,1,4,6,1,1
16,160094,1,3,1,28,7,14,9,12,1,1,0,16,1,73,706,73706,80,2004,JKBVNKA174A0,J,K,B,V,N,K,A,1,7,4,A,0,0,M,KAWK,V6A,RS,4,17,,,,,,,1552,0,0,000000000,00000000000,0,0,0,1,0,0,0,0,0,0,0,998,0,0,0,12,12,6,2,12,0,0,0,1,16,83202,6,1,0,0,3,9,999,999,99,99,99,99,99,99,9999,99,9999,0,26,0,0,0,3,2,75,1,1,2,1,0,0,1,51,99,1,1,24,1,0
16,160094,2,3,1,28,7,14,9,12,1,1,0,16,1,37,706,37706,80,1981,1HFSC0214BA1,1,H,F,S,C,0,2,1,4,B,A,1,0,M,HOND,G1I,RS,81,17,,,,,,,1085,0,0,000000000,00000000000,0,0,0,1,0,0,0,0,0,0,0,998,0,0,0,6,6,6,2,12,0,0,0,1,16,83262,6,1,0,0,3,3,66,160,0,0,0,0,0,0,0,0,0,0,0,0,0,0,3,2,75,1,1,2,1,0,0,1,18,1,1,1,25,0,0
16,160094,3,3,1,28,7,14,9,12,1,1,0,16,1,72,706,72706,80,2003,1HD1BWB113Y0,1,H,D,1,B,W,B,1,1,3,Y,0,0,M,HD,FSI,RS,3,17,,,,,,,1450,0,0,000000000,00000000000,0,0,0,1,0,0,0,0,0,0,0,998,0,0,0,12,12,2,1,12,0,0,0,1,16,83250,6,1,0,0,3,3,71,165,0,0,0,0,0,0,0,0,0,0,0,0,0,0,3,2,75,1,1,2,1,0,0,1,52,3,1,1,98,0,0
16,160095,1,1,1,25,7,14,20,1,0,1,0,16,1,76,706,76706,80,2009,JYAVN01E89A0,J,Y,A,V,N,0,1,E,8,9,A,0,0,M,YAMA,V95,RS,9,17,,,,,,,942,0,0,000000000,00000000000,0,0,0,1,0,0,0,0,0,0,0,998,0,0,0,0,9,6,2,1,0,0,0,1,16,83647,6,1,0,0,3,0,68,200,0,0,0,0,0,0,0,0,0,0,0,0,0,0,1,2,35,3,2,2,1,0,0,14,13,3,1,4,1,1,1
16,160096,1,1,4,30,7,21,45,5,0,1,0,16,1,23,481,23481,31,1992,2GTEK19K3N15,2,G,T,E,K,1,9,K,3,N,1,5,0,T,GMC,SK1,PC,92,17,,2,1555,1415,SIE,G,,0,0,000000000,00000000000,0,0,0,1,0,0,0,0,0,0,0,998,0,0,0,0,0,0,1,5,0,0,0,1,16,83301,6,1,0,0,3,0,70,167,0,0,0,0,0,0,0,0,0,0,0,0,0,0,1,2,25,1,1,4,1,0,0,1,8,99,1,1,0,1,0
16,160097,1,2,1,5,8,17,45,12,2,1,0,16,2,7,442,7442,20,1997,1B4GP44R2VB4,1,B,4,G,P,4,4,R,2,V,B,4,0,P,DODG,CAR,SV,97,17,3748,,0,1193,,G,,0,0,000000000,00000000000,0,0,0,1,0,0,0,0,0,0,0,998,0,0,0,12,12,6,2,12,0,0,0,1,16,83869,6,1,0,0,3,0,71,130,1,0,0,0,1,6,2010,7,2010,0,28,84,0,0,1,2,60,3,2,2,1,0,0,14,10,3,1,2,50,1,0
16,160097,2,2,1,5,8,17,45,12,2,1,0,16,1,7,472,7472,30,2001,1B7GG2AN51S1,1,B,7,G,G,2,A,N,5,1,S,1,0,T,DODG,QAD,4C,1,17,,1,0,1309,DAK,G,,0,0,000000000,00000000000,0,0,0,1,0,0,0,0,0,0,0,998,0,0,0,12,12,6,2,12,0,0,0,1,16,83804,6,1,0,0,3,0,69,160,0,0,0,0,0,0,0,0,0,0,84,0,0,0,1,2,60,2,2,2,1,0,0,14,62,3,1,1,51,0,0
16,160098,1,2,1,8,8,12,40,12,2,1,0,53,1,34,705,34705,80,2010,WB1017902AZW,W,B,1,0,1,7,9,0,2,A,Z,W,0,M,BMW,G6S,EN,10,17,,,,,,,652,0,0,000000000,00000000000,0,0,0,1,0,0,0,0,0,0,0,998,0,0,0,12,12,6,2,12,0,0,0,1,53,99180,6,1,0,0,3,0,68,145,0,0,0,0,0,0,0,0,0,0,51,0,0,0,1,2,60,1,1,2,1,0,0,12,15,7,1,1,98,1,0
16,160098,2,2,3,8,8,12,40,12,2,1,0,53,2,12,481,12481,31,1999,1FTNX21L0XEC,1,F,T,N,X,2,1,L,0,X,E,C,1,T,FORD,F2S,4C,99,17,,2,1580,1418,SRW,G,,1,0,000000000,00000000000,9,0,0,1,0,0,0,0,0,0,0,998,0,0,0,12,12,6,2,12,0,0,0,1,53,98516,6,1,0,0,3,0,68,180,0,0,0,1,0,4,2008,4,2008,0,0,0,0,0,1,2,60,1,1,2,1,0,0,1,54,99,1,1,98,0,0
16,160099,1,1,1,7,8,12,25,1,0,1,0,41,1,72,706,72706,80,1999,1HD1GEV17XY3,1,H,D,1,G,E,V,1,7,X,Y,3,0,M,HD,FWG,RS,99,17,,,,,,,1450,0,0,000000000,00000000000,0,0,0,1,0,0,0,0,0,0,0,998,0,0,0,0,13,6,2,1,0,0,0,1,41,97007,6,1,0,0,3,0,69,150,0,0,0,0,0,0,0,0,0,0,58,0,0,0,1,2,50,2,1,2,1,0,0,14,13,4,1,4,1,1,0
16,160100,1,1,2,6,8,14,17,34,0,1,0,16,1,76,734,76734,90,2006,5Y4AH10Y76A0,5,Y,4,A,H,1,0,Y,7,6,A,0,0,M,YAMA,FMA,AT,6,17,,,,,,,349,0,0,000000000,00000000000,0,0,0,1,0,0,0,0,0,0,0,998,0,1,5,11,12,6,2,1,0,0,0,1,16,83328,6,1,6,0,3,3,68,280,0,0,0,0,0,0,0,0,0,1,0,0,0,0,1,2,35,3,1,4,1,0,0,14,12,99,1,4,6,1,0
16,160101,1,2,1,12,8,20,42,12,2,1,0,16,1,12,481,12481,31,2001,3FTNX20F91MA,3,F,T,N,X,2,0,F,9,1,M,A,0,T,FORD,F2S,4C,1,17,,2,1580,1418,SRW,D,,0,0,000000000,00000000000,0,0,0,1,0,0,0,0,0,0,0,998,0,0,0,12,12,6,2,12,0,0,0,1,16,83355,0,0,0,0,0,0,66,165,99,99,99,99,99,99,9999,99,9999,9,51,0,0,0,3,2,75,1,2,1,1,0,0,1,10,99,1,1,52,0,1
16,160101,2,2,4,12,8,20,42,12,2,1,0,6,4,41,50,41050,4,2010,1YVHZ8CH6A5M,1,Y,V,H,Z,8,C,H,6,A,5,M,0,P,MAZD,M6I,4D,10,17,3258,,0,1098,,G,,0,0,000000000,00000000000,0,0,0,1,0,0,0,0,0,0,0,998,0,0,0,12,11,6,2,12,0,0,0,1,6,91733,6,1,0,0,3,3,65,145,0,0,0,0,0,0,0,0,0,0,0,0,0,0,3,2,75,1,2,1,1,0,0,1,54,99,1,1,52,4,0
16,160102,1,1,3,12,8,1,56,18,0,1,0,16,2,12,481,12481,31,2001,1FTRX18L01NA,1,F,T,R,X,1,8,L,0,1,N,A,0,T,FORD,F15,4C,1,17,,2,1574,1388,COF,G,,0,0,000000000,00000000000,0,0,0,1,0,0,0,0,0,0,0,998,0,1,5,14,13,6,2,1,0,0,0,1,16,83316,3,1,0,0,2,0,63,130,0,0,0,0,0,0,0,0,0,1,0,0,0,0,1,2,50,1,1,2,1,0,0,1,13,4,1,4,1,1,1
16,160103,1,1,1,21,7,11,31,8,0,1,0,16,1,55,36,55036,4,2003,KMHCG45C13U4,K,M,H,C,G,4,5,C,1,3,U,4,0,P,HYUN,AGL,4D,3,17,2280,,0,961,,G,,0,0,000000000,00000000000,0,0,0,1,0,0,0,0,0,0,0,998,0,0,0,12,13,4,1,8,0,0,0,1,16,83651,6,1,0,0,3,3,68,155,0,0,0,0,0,0,0,0,0,0,99,99,99,99,1,4,35,1,1,2,1,0,0,1,80,99,1,1,13,0,0
16,160104,1,1,11,13,8,5,26,1,0,1,0,41,3,12,461,12461,21,2006,1FBNE31L76HA,1,F,B,N,E,3,1,L,7,6,H,A,0,T,FORD,WSD,BU,6,17,,2,0,1380,ECO,G,,0,88,888888888,88888888888,1,20,22,1,0,0,0,0,99,0,0,998,0,9,1,0,13,6,2,1,0,0,0,1,48,79907,6,1,0,0,3,3,999,999,0,0,0,0,0,0,0,0,0,0,58,0,0,0,5,4,65,2,1,2,1,0,0,14,10,8,1,6,98,2,0
16,160105,1,1,1,14,8,6,23,9,0,1,0,53,2,9,442,9442,20,1996,1P4GP45R5TB4,1,P,4,G,P,4,5,R,5,T,B,4,0,P,PLYM,VOF,SV,96,17,3578,,0,1133,,G,,0,0,000000000,00000000000,0,0,0,1,0,0,0,0,0,0,0,998,0,0,0,11,11,6,2,9,0,0,0,1,53,99156,6,1,0,0,3,0,64,180,0,0,0,0,1,5,2010,5,2010,0,27,91,0,0,1,2,60,1,1,2,1,0,0,1,83,99,9,4,13,0,1
16,160106,1,3,1,16,8,12,48,12,7,1,0,16,1,10,45,10045,6,1996,JE3AB30G6TZ0,J,E,3,A,B,3,0,G,6,T,Z,0,0,P,EGIL,SDL,SW,96,17,2651,,0,992,,G,,0,0,000000000,00000000000,0,0,0,1,0,0,0,0,0,0,0,998,0,0,0,1,12,6,2,12,0,0,0,1,16,83703,6,1,0,0,3,0,69,200,0,0,0,0,0,0,0,0,0,0,28,0,0,0,1,2,65,1,1,2,1,0,0,1,51,6,1,2,44,1,0
16,160106,2,3,3,16,8,12,48,12,7,1,0,16,1,35,481,35481,31,2007,1N6AA07B57N2,1,N,6,A,A,0,7,B,5,7,N,2,0,T,NISS,TXS,CW,7,17,,2,0,1398,TTN,G,,0,0,000000000,00000000000,0,0,0,1,0,0,0,0,0,0,0,998,0,0,0,12,12,6,2,12,0,0,0,1,16,83704,6,1,0,0,3,0,72,200,0,0,0,1,0,5,2010,5,2010,0,0,0,0,0,1,2,65,1,1,2,1,0,0,1,62,99,1,1,98,0,0
16,160106,3,3,2,16,8,12,48,12,7,1,0,53,1,19,22,19022,4,2006,1G6KD57Y26U1,1,G,6,K,D,5,7,Y,2,6,U,1,0,P,CADI,TDS,4D,6,17,4009,,0,1156,,G,,0,0,000000000,00000000000,0,0,0,1,0,0,0,0,0,0,0,998,0,0,0,7,7,2,8,12,0,0,0,1,53,98466,6,1,0,0,3,3,67,148,0,0,0,0,0,0,0,0,0,0,0,0,0,0,1,2,65,1,1,2,1,0,0,1,53,99,1,2,45,0,0
16,160107,1,2,3,21,8,17,35,12,6,1,0,53,2,22,9,22009,2,1986,1G2FS87H1GL2,1,G,2,F,S,8,7,H,1,G,L,2,0,P,PONT,FBD,2H,86,17,2888,,0,1010,,G,,0,0,000000000,00000000000,0,0,0,1,0,0,0,0,0,0,0,998,0,0,0,9,9,6,2,12,0,0,0,1,2,99207,6,1,0,0,3,0,68,130,0,0,0,0,0,0,0,0,0,0,38,89,0,0,1,2,60,2,2,2,1,0,0,11,15,99,1,7,82,1,1
16,160107,2,2,3,21,8,17,35,12,6,1,0,53,1,35,402,35402,14,2006,5N1AN08W86C5,5,N,1,A,N,0,8,W,8,6,C,5,0,P,NISS,XTR,UT,6,17,4165,,0,1063,,G,,0,0,000000000,00000000000,0,0,0,1,0,0,0,0,0,0,0,998,0,0,0,12,12,6,2,12,0,0,0,1,53,99223,6,1,0,0,3,0,67,124,0,0,0,3,0,10,2008,5,2010,0,0,0,0,0,1,2,60,3,2,2,1,0,0,14,55,6,1,2,83,0,0
16,160108,1,1,3,18,8,99,99,59,0,1,0,16,2,20,20,20020,4,1996,2G1WL52MXT11,2,G,1,W,L,5,2,M,X,T,1,1,0,P,CHEV,LUM,4D,96,17,3330,,0,1075,,G,,0,0,000000000,00000000000,0,0,0,1,0,0,0,0,0,0,0,998,0,0,0,10,1,6,2,3,0,0,0,1,16,83338,6,1,0,0,3,3,73,240,0,0,0,0,0,0,0,0,0,9,99,99,99,99,1,2,35,1,1,2,1,0,0,1,13,99,1,4,1,3,0
16,160109,1,2,1,24,8,5,15,12,6,1,0,16,1,2,404,2404,14,2004,1J4GW48S84C2,1,J,4,G,W,4,8,S,8,4,C,2,0,T,JEEP,LCF,4W,4,17,,1,0,1059,GCK,G,,0,0,000000000,00000000000,0,0,0,1,0,0,0,0,0,0,0,998,0,1,1,11,11,6,2,12,0,0,0,1,16,83646,6,1,0,0,3,0,61,125,0,0,0,0,0,0,0,0,0,0,38,39,0,0,5,4,35,1,1,2,1,1,2,1,17,99,1,1,86,1,0
16,160109,2,2,3,24,8,5,15,12,6,1,0,16,1,14,443,14443,20,2000,4M2XV11TXYDJ,4,M,2,X,V,1,1,T,X,Y,D,J,0,P,MERC,VLR,SV,0,17,3944,,0,1122,,G,,0,0,000000000,00000000000,0,0,0,1,0,0,0,0,0,0,0,998,0,0,0,2,2,6,2,12,0,0,0,1,16,83642,6,1,0,0,3,3,72,210,0,0,0,0,0,0,0,0,0,0,0,0,0,0,5,4,40,1,1,2,1,1,2,1,17,99,1,1,87,0,0
16,160110,1,2,1,25,8,21,7,12,2,1,0,16,2,35,47,35047,4,1994,1N4BU31D4RC1,1,N,4,B,U,3,1,D,4,R,C,1,0,P,NISS,AGS,4D,94,17,2729,,0,1031,,G,,0,0,000000000,00000000000,0,0,0,1,0,0,0,0,0,0,0,998,0,0,0,12,11,6,2,2,0,0,1,1,16,83301,6,2,0,0,3,2,72,165,0,0,0,0,0,0,0,0,0,1,51,73,0,0,2,2,55,1,1,2,1,0,0,1,10,99,1,2,52,1,0
16,160110,2,2,1,25,8,21,7,12,2,1,0,16,1,12,481,12481,31,1997,1FTDX1863VKA,1,F,T,D,X,1,8,6,3,V,K,A,0,T,FORD,F15,3C,97,17,,1,1570,1390,COF,G,,0,0,000000000,00000000000,0,0,0,1,0,0,0,0,0,0,0,998,0,0,0,12,11,6,2,12,0,0,0,1,16,83350,6,1,0,0,3,3,64,149,0,0,0,0,0,0,0,0,0,0,0,0,0,0,2,2,55,1,1,2,1,0,0,1,54,99,1,1,52,1,0
16,160111,1,1,1,28,8,19,30,31,0,1,1,16,1,72,706,72706,80,1991,1HD1BLL10MY0,1,H,D,1,B,L,L,1,0,M,Y,0,0,M,HD,XST,RS,91,17,,,,,,,1340,0,0,000000000,00000000000,0,0,0,1,0,0,0,0,0,0,0,998,0,0,0,12,13,6,2,1,0,0,0,1,16,83801,6,1,0,0,3,0,65,150,0,0,0,0,0,0,0,0,0,0,58,0,0,0,1,3,65,3,2,2,1,0,0,14,12,99,1,4,6,1,1
16,160112,1,1,2,29,8,3,12,1,0,1,0,16,2,49,401,49401,14,1990,JT3VN39W6L00,J,T,3,V,N,3,9,W,6,L,0,0,0,P,TOYT,RUN,UT,90,17,0,,0,1033,,G,,0,0,000000000,00000000000,0,0,0,1,0,0,0,0,0,0,0,998,0,2,1,0,13,6,2,1,0,0,0,1,16,83425,6,2,0,0,3,2,63,120,0,0,0,0,0,0,0,0,0,0,58,73,0,0,1,2,65,1,2,2,1,0,0,1,11,8,9,6,98,2,1