STATE,ST_CASE,VEH_NO,VE_FORMS,NUMOCCS,DAY,MONTH,HOUR,MINUTE,HARM_EV,MAN_COLL,UNITTYPE,HIT_RUN,REG_STAT,OWNER,MAKE,MODEL,MAK_MOD,BODY_TYP,MOD_YEAR,VIN,VIN_1,VIN_2,VIN_3,VIN_4,VIN_5,VIN_6,VIN_7,VIN_8,VIN_9,VIN_10,VIN_11,VIN_12,TOW_VEH,VINTYPE,VINMAKE,VINA_MOD,VIN_BT,VINMODYR,VIN_LNGT,VIN_WGT,WGTCD_TR,WHLBS_LG,WHLBS_SH,SER_TR,FUELCODE,MCYCL_DS,J_KNIFE,MCARR_I1,MCARR_I2,MCARR_ID,GVWR,V_CONFIG,CARGO_BT,HAZ_INV,HAZ_PLAC,HAZ_ID,HAZ_CNO,HAZ_REL,BUS_USE,SPEC_USE,EMER_USE,TRAV_SP,UNDERIDE,ROLLOVER,ROLINLOC,IMPACT1,IMPACT2,DEFORMED,TOWED,M_HARM,VEH_SC1,VEH_SC2,FIRE_EXP,DR_PRES,L_STATE,DR_ZIP,L_STATUS,L_TYPE,CDL_STAT,L_ENDORS,L_COMPL,L_RESTRI,DR_HGT,DR_WGT,PREV_ACC,PREV_SUS,PREV_DWI,PREV_SPD,PREV_OTH,FIRST_MO,FIRST_YR,LAST_MO,LAST_YR,SPEEDREL,DR_SF1,DR_SF2,DR_SF3,DR_SF4,VTRAFWAY,VNUM_LAN,VSPD_LIM,VALIGN,VPROFILE,VPAVETYP,VSURCOND,VTRAFCON,VTCONT_F,P_CRASH1,P_CRASH2,P_CRASH3,PCRASH4,PCRASH5,ACC_TYPE,DEATHS,DR_DRINK
16,160113,1,1,4,28,8,19,15,1,0,1,0,16,1,12,471,12471,30,1998,1FTZR15U1WPA,1,F,T,Z,R,1,5,U,1,W,P,A,0,T,FORD,RNS,PC,98,17,,1,0,1259,RNG,G,,0,0,000000000,00000000000,0,0,0,1,0,0,0,0,0,0,0,998,0,1,5,0,10,6,2,1,0,0,0,1,16,83634,6,1,0,0,3,0,70,145,0,4,0,0,1,12,2008,8,2010,1,0,0,0,0,1,2,30,3,1,5,1,0,0,14,12,99,1,4,6,3,1
16,160114,1,1,1,27,8,5,13,1,0,1,0,16,1,49,482,49482,31,2002,5TBBT481X2S2,5,T,B,B,T,4,8,1,X,2,S,2,0,T,TOYT,TXL,4C,2,17,,2,0,1283,TUN,G,,0,0,000000000,00000000000,0,0,0,1,0,0,0,0,0,0,0,998,0,1,6,0,13,6,2,1,0,0,0,1,16,83644,6,1,6,0,3,0,72,180,0,0,0,0,0,0,0,0,0,1,0,0,0,0,1,2,45,3,1,2,1,0,0,14,12,8,1,4,6,1,0
16,160115,1,2,2,26,8,17,0,12,7,1,0,16,1,21,21,21021,4,2004,1G3NL52E94C2,1,G,3,N,L,5,2,E,9,4,C,2,0,P,OLDS,A/G,4D,4,17,2950,,0,1070,,G,,0,0,000000000,00000000000,0,0,0,1,0,0,0,0,0,0,0,998,0,0,0,11,11,6,2,12,0,0,0,1,16,83323,6,1,0,0,3,0,69,160,1,0,1,0,0,1,2008,7,2008,0,26,0,0,0,2,2,75,1,1,2,1,0,0,1,50,1,1,1,48,1,0
16,160115,2,2,1,26,8,17,0,12,7,1,0,16,3,20,481,20481,31,2002,1GCHK24132E2,1,G,C,H,K,2,4,1,3,2,E,2,0,T,CHEV,2KH,PK,2,17,,2,0,1330,SIL,D,,0,0,000000000,00000000000,0,0,0,1,0,0,0,0,0,0,0,0,0,0,0,5,5,6,2,12,0,0,0,1,16,83318,6,1,0,0,3,0,69,165,0,0,0,0,0,0,0,0,0,0,0,0,0,0,2,2,75,1,1,2,1,0,0,5,52,1,1,1,48,0,0
16,160116,1,2,2,24,8,15,12,12,6,1,0,16,1,49,40,49040,4,1996,4T1BG12K9TU7,4,T,1,B,G,1,2,K,9,T,U,7,0,P,TOYT,DLX,4D,96,17,2932,,0,1031,,G,,0,0,000000000,00000000000,0,0,0,1,0,0,0,0,0,0,0,998,0,0,0,11,7,4,3,12,0,0,0,1,16,83716,6,1,0,0,3,3,72,160,0,0,0,0,0,0,0,0,0,0,38,0,0,0,1,2,45,1,1,2,1,0,0,4,66,99,1,1,86,1,0
16,160116,2,2,1,24,8,15,12,12,6,1,0,16,1,20,481,20481,31,1996,1GCEK19RXTE1,1,G,C,E,K,1,9,R,X,T,E,1,0,T,CHEV,GK1,PC,96,17,,2,1555,1415,GM4,G,,0,0,000000000,00000000000,0,0,0,1,0,0,0,0,0,0,0,998,0,0,0,1,1,4,3,12,0,0,0,1,16,83686,6,1,0,0,3,0,77,240,0,0,0,0,0,0,0,0,0,0,0,0,0,0,1,2,40,1,1,2,1,0,0,1,17,99,1,1,87,0,0
16,160117,1,2,2,5,9,0,25,52,0,1,0,16,1,10,37,10037,2,1993,4E3CG64F9PE0,4,E,3,C,G,6,4,F,9,P,E,0,0,P,EGIL,T44,2H,93,17,3109,,0,972,,G,,0,0,000000000,00000000000,0,0,0,1,0,0,0,0,0,0,0,0,0,0,0,12,12,6,2,52,0,0,0,1,16,83651,6,1,6,0,3,0,76,240,0,0,0,0,0,0,0,0,0,0,0,0,0,0,3,2,55,2,2,2,1,0,0,16,12,1,9,4,6,1,0
16,160117,2,2,2,5,9,0,25,52,0,1,0,16,2,52,35,52035,2,1995,JA3AA31C3SU0,J,A,3,A,A,3,1,C,3,S,U,0,0,P,MITS,MLS,2D,95,17,2160,,0,961,,G,,0,0,000000000,00000000000,0,0,0,1,0,0,0,0,0,0,0,998,0,0,0,13,13,2,1,54,0,0,0,1,16,83709,6,2,0,0,3,3,72,150,0,0,0,0,0,0,0,0,0,0,0,0,0,0,3,2,55,2,2,2,1,0,0,14,52,1,1,1,98,0,0
16,160118,1,1,1,5,9,3,31,26,0,1,0,16,2,48,34,48034,4,1990,4S4BC63C7L66,4,S,4,B,C,6,3,C,7,L,6,6,0,P,SUBA,L44,4D,90,17,2830,,0,1016,,G,,0,0,000000000,00000000000,0,0,0,1,0,0,0,0,0,0,0,998,0,0,0,9,9,6,2,52,0,0,0,1,5,71854,1,1,0,0,2,9,68,210,0,2,0,0,0,3,2010,3,2010,0,0,0,0,0,3,2,70,2,1,2,1,0,0,14,12,3,1,4,6,1,1
16,160119,1,1,4,5,9,6,55,34,0,1,0,16,1,20,481,20481,31,2005,2GCEK13T3513,2,G,C,E,K,1,3,T,3,5,1,3,0,T,CHEV,SK1,CW,5,17,,2,0,1435,SIL,G,,0,0,000000000,00000000000,0,0,0,1,0,0,0,0,0,0,0,998,0,1,5,11,11,6,2,1,0,0,0,1,16,83313,6,1,0,0,3,3,67,180,0,0,0,0,0,0,0,0,0,0,0,0,0,0,1,2,35,2,2,4,1,0,0,14,12,9,1,4,6,1,1
16,160120,1,1,2,4,9,17,30,42,0,1,0,53,1,37,705,37705,80,1985,JH2RC1306FM2,J,H,2,R,C,1,3,0,6,F,M,2,0,M,HOND,C65,RS,85,17,,,,,,,650,0,0,000000000,00000000000,0,0,0,1,0,0,0,0,0,0,0,998,0,0,0,12,12,6,2,42,0,0,0,1,53,98570,6,1,0,0,3,0,73,178,1,0,0,0,0,9,2009,9,2009,1,0,0,0,0,1,2,25,2,2,2,1,0,0,14,12,99,1,4,6,2,0
16,160121,1,1,1,10,9,2,45,1,0,1,0,16,2,20,401,20401,14,2000,1GNCT18WXYK1,1,G,N,C,T,1,8,W,X,Y,K,1,0,P,CHEV,BZR,UT,0,17,3848,,0,1005,,G,,0,0,000000000,00000000000,0,0,0,1,0,0,0,0,0,0,0,998,0,9,2,0,13,6,2,1,0,0,0,1,16,83644,6,1,0,0,3,3,72,175,0,0,0,0,0,0,0,0,0,0,58,0,0,0,1,2,55,1,1,2,1,0,0,1,12,3,1,4,6,1,0
16,160122,1,1,1,10,9,7,41,8,0,1,0,16,1,23,471,23471,30,1987,1GTBS14E1H25,1,G,T,B,S,1,4,E,1,H,2,5,0,T,GMC,S10,PK,87,17,,1,1229,1083,S,G,,0,0,000000000,00000000000,0,0,0,1,0,0,0,0,0,0,0,998,0,0,0,12,12,2,1,8,0,0,0,1,16,83605,6,1,0,0,3,3,65,165,0,0,0,0,0,0,0,0,0,0,38,91,0,0,5,2,25,1,1,2,1,0,0,1,80,99,1,1,13,0,0
16,160123,1,1,2,11,9,99,99,35,0,1,0,16,2,52,37,52037,2,2003,4A3AC74H63E0,4,A,3,A,C,7,4,H,6,3,E,0,0,P,MITS,GTS,2H,3,17,3120,,0,1008,,G,,0,0,000000000,00000000000,0,0,0,1,0,0,0,0,0,0,0,998,0,1,5,11,13,6,2,1,0,0,0,1,16,83336,6,1,0,0,3,0,65,120,1,1,1,0,0,9,2008,4,2009,1,0,0,0,0,1,2,65,3,2,2,1,0,0,14,13,3,1,4,1,2,1
16,160124,1,2,1,12,9,12,15,12,8,1,0,16,1,49,402,49402,14,2007,JTMBD32V5760,J,T,M,B,D,3,2,V,5,7,6,0,0,P,TOYT,RG4,UT,7,17,3514,,0,1047,,G,,0,0,000000000,00000000000,0,0,0,1,0,0,0,0,0,0,0,998,0,0,0,1,1,6,2,12,0,0,0,1,16,83555,6,1,0,0,3,0,67,200,0,0,0,1,0,5,2010,5,2010,0,28,0,0,0,1,3,65,3,2,1,1,0,0,14,10,99,1,2,64,0,0
16,160124,2,2,1,12,9,12,15,12,8,1,0,53,1,48,34,48034,6,1999,4S3BK4251X63,4,S,3,B,K,4,2,5,1,X,6,3,0,P,SUBA,UBE,SW,99,17,2905,,0,1035,,G,,0,0,000000000,00000000000,0,0,0,1,0,0,0,0,0,0,0,998,0,0,0,11,11,6,2,12,0,0,0,1,53,98370,6,1,0,0,3,0,70,145,0,0,0,0,0,0,0,0,0,0,0,0,0,0,1,3,65,2,2,1,1,0,0,14,62,99,1,1,65,1,0
16,160125,1,1,1,7,9,14,30,1,0,1,0,49,1,72,706,72706,80,2009,1HD1KB4169Y6,1,H,D,1,K,B,4,1,6,9,Y,6,0,M,HD,FHX,RS,9,17,,,,,,,1584,0,0,000000000,00000000000,0,0,0,1,0,0,0,0,0,0,0,998,0,0,0,0,9,6,2,35,0,0,0,1,49,84119,6,1,0,0,3,0,70,150,98,0,0,0,0,0,0,0,0,1,0,0,0,0,1,2,65,3,1,2,1,0,0,14,12,99,1,4,6,1,1
16,160126,1,1,2,15,9,15,40,31,0,1,0,30,1,12,423,12423,15,2004,1FMNU40P14EB,1,F,M,N,U,4,0,P,1,4,E,B,1,P,FORD,EXC,UT,4,17,6574,,0,1371,,D,,1,0,000000000,00000000000,0,0,0,1,0,0,0,0,0,0,0,998,0,1,3,7,13,6,2,1,0,0,0,1,6,92821,6,1,0,0,3,0,71,190,0,0,0,0,0,0,0,0,0,0,58,89,0,0,2,4,75,1,2,2,1,0,0,1,12,9,2,4,7,1,0
16,160127,1,1,3,12,9,1,0,58,0,1,0,16,1,49,40,49040,4,1998,4T1BG22K6WU3,4,T,1,B,G,2,2,K,6,W,U,3,0,P,TOYT,CXL,4D,98,17,2998,,0,1051,,G,,0,0,000000000,00000000000,0,0,0,1,0,0,0,0,0,0,0,998,0,1,6,14,13,6,2,1,0,0,0,1,16,83815,6,1,0,0,3,3,68,150,1,0,0,0,0,12,2007,12,2007,1,30,58,85,0,1,2,15,3,1,2,1,0,0,14,12,3,1,4,6,2,1
16,160128,1,2,1,18,9,17,14,12,6,1,0,16,1,98,709,98709,80,1997,IDO7451,I,D,O,7,4,5,1,,,,,,0,P,,,,,,,,,,,,,0,0,000000000,00000000000,0,0,0,1,0,0,0,0,0,0,0,998,0,0,0,11,11,6,2,12,0,0,0,1,16,83647,6,1,0,0,3,3,71,210,0,0,0,0,0,0,0,0,0,0,38,39,0,0,1,2,35,3,1,2,1,20,3,10,55,99,1,1,78,1,1
16,160128,2,2,2,18,9,17,14,12,6,1,0,16,2,12,461,12461,21,2000,1FTNE24L7YHA,1,F,T,N,E,2,4,L,7,Y,H,A,0,T,FORD,25V,CG,0,17,,2,0,1380,VAN,G,,0,0,000000000,00000000000,0,0,0,1,0,0,0,0,0,0,0,998,0,0,0,1,1,4,1,12,0,0,0,1,16,83330,6,1,0,0,3,0,67,135,0,0,0,0,0,0,0,0,0,0,0,0,0,0,1,2,35,1,1,2,1,0,0,1,65,3,1,1,79,0,0
16,160129,1,1,1,10,9,20,7,5,0,1,0,0,0,37,733,37733,90,1996,478TE1507TA8,4,7,8,T,E,1,5,0,7,T,A,8,0,M,HOND,T3F,AT,96,17,,,,,,,300,0,0,000000000,00000000000,0,0,0,1,0,0,0,0,0,0,0,998,0,0,0,0,0,0,1,5,0,0,0,1,16,83647,0,0,0,0,0,0,999,999,0,0,0,0,0,0,0,0,0,1,48,0,0,0,1,2,35,1,1,2,1,0,0,99,98,99,1,2,0,1,0
16,160130,1,1,1,21,9,17,51,1,0,1,0,16,1,12,481,12481,31,1993,1FTEF25N4PLA,1,F,T,E,F,2,5,N,4,P,L,A,0,T,FORD,F25,PK,93,17,,2,0,1330,COF,G,,0,0,000000000,00000000000,0,0,0,1,0,0,0,0,0,0,0,998,0,9,2,0,13,6,2,1,0,0,0,1,16,83703,6,1,0,0,3,3,61,130,0,0,0,0,0,0,0,0,0,0,58,0,0,0,2,2,75,1,1,2,1,0,0,1,10,9,3,4,2,1,0
16,160131,1,1,1,16,9,16,30,35,0,1,0,16,1,62,422,62422,15,2003,SALNY22283A2,S,A,L,N,Y,2,2,2,8,3,A,2,0,T,LNDR,FSE,4W,3,17,,1,0,1010,FRE,G,,0,0,000000000,00000000000,0,0,0,1,0,0,0,0,0,0,0,998,0,1,6,12,12,6,2,35,0,0,0,1,16,83276,6,1,0,0,3,0,66,106,0,0,0,0,0,0,0,0,0,0,58,0,0,0,1,2,45,2,1,4,1,0,0,14,10,7,1,4,1,1,1
16,160132,1,1,3,12,9,99,99,35,0,1,0,16,1,2,404,2404,14,1993,1J4FJ68S5PL5,1,J,4,F,J,6,8,S,5,P,L,5,0,T,JEEP,SPT,4W,93,17,,1,0,1014,CHK,G,,0,0,000000000,00000000000,0,0,0,1,0,0,0,0,0,0,0,998,0,1,5,11,10,6,2,1,0,0,0,1,16,83702,6,1,0,0,3,3,68,140,0,0,0,0,0,0,0,0,0,0,0,0,0,0,1,2,35,3,2,5,1,0,0,14,12,99,1,4,6,1,1
16,160133,1,2,1,25,9,13,7,12,2,1,0,16,1,53,705,53705,80,1985,JS1SN41A1F21,J,S,1,S,N,4,1,A,1,F,2,1,0,M,SUZI,SP6,EN,85,17,,,,,,,589,0,0,000000000,00000000000,0,0,0,1,0,0,0,0,0,0,0,998,0,0,0,12,12,6,2,12,0,0,0,1,16,83705,6,1,0,0,3,0,69,200,0,0,0,0,0,0,0,0,0,0,84,0,0,0,1,2,45,2,2,2,1,0,0,14,62,3,1,1,51,0,0
16,160133,2,2,1,25,9,13,7,12,2,1,0,16,1,53,705,53705,80,2008,JS1GR7LA6821,J,S,1,G,R,7,L,A,6,8,2,1,0,M,SUZI,SX7,RS,8,17,,,,,,,749,0,0,000000000,00000000000,0,0,0,1,0,0,0,0,0,0,0,998,0,0,0,12,13,6,2,12,0,0,0,1,16,83646,6,1,6,0,3,0,71,170,0,0,0,0,0,0,0,0,0,1,28,0,0,0,1,2,45,3,2,2,1,0,0,14,10,99,1,2,50,1,0
16,160134,1,2,1,28,9,8,21,12,6,1,0,16,1,20,37,20037,4,1998,1G1ND52T4W61,1,G,1,N,D,5,2,T,4,W,6,1,0,P,CHEV,MAL,4D,98,17,3100,,0,1070,,G,,0,0,000000000,00000000000,0,0,0,1,0,0,0,0,0,0,0,998,0,0,0,12,12,6,2,12,0,0,0,1,16,83330,6,1,0,0,3,0,61,110,0,4,0,3,0,9,2007,8,2010,0,39,0,0,0,1,2,55,1,1,2,1,20,3,1,17,99,1,1,86,0,0
16,160134,2,2,3,28,9,8,21,12,6,1,0,16,2,20,481,20481,31,1989,1GCDC14K2KE2,1,G,C,D,C,1,4,K,2,K,E,2,0,T,CHEV,GC1,PK,89,17,,1,1315,1175,GM4,G,,0,0,000000000,00000000000,0,0,0,1,0,0,0,0,0,0,0,998,0,1,2,3,3,6,2,1,0,0,0,1,35,83330,6,1,0,0,3,0,62,140,98,0,0,0,0,0,0,0,0,0,0,0,0,0,1,4,65,1,1,2,1,0,0,1,17,99,1,1,87,1,0
16,160135,1,1,1,29,9,19,55,8,0,1,0,16,1,2,403,2403,14,1994,1J4FY29S8RP4,1,J,4,F,Y,2,9,S,8,R,P,4,0,T,JEEP,WSE,2W,94,17,,1,0,934,W/Y,G,,0,0,000000000,00000000000,0,0,0,1,0,0,0,0,0,0,0,998,0,0,0,1,1,0,1,8,0,0,0,1,16,83350,6,1,0,0,3,0,66,135,0,0,0,0,0,0,0,0,0,0,0,0,0,0,1,2,55,1,1,2,1,0,0,1,80,4,9,1,13,0,0
16,160136,1,2,2,29,9,20,38,12,6,1,0,16,1,21,23,21023,4,2000,1G3WH52H4YF2,1,G,3,W,H,5,2,H,4,Y,F,2,0,P,OLDS,IGX,4D,0,17,3455,,0,1090,,G,,0,0,000000000,00000000000,0,0,0,1,0,0,0,0,0,0,0,998,0,0,0,3,3,6,2,12,0,0,0,1,16,83201,0,0,0,0,0,0,62,120,0,5,2,0,0,10,2008,7,2010,0,38,39,0,0,1,2,35,1,1,2,1,20,3,1,17,99,1,1,87,2,1
16,160136,2,2,2,29,9,20,38,12,6,1,0,16,3,7,24,7024,4,2009,2B3KA43V59H5,2,B,3,K,A,4,3,V,5,9,H,5,0,P,DODG,CHA,4D,9,17,3820,,0,1200,,G,,0,0,000000000,00000000000,0,0,0,1,0,0,0,0,0,0,0,998,0,0,0,12,12,6,2,12,0,0,0,1,16,83402,6,1,0,0,3,3,67,180,0,0,0,0,0,0,0,0,0,0,16,0,0,0,1,2,45,1,1,2,1,0,0,1,66,99,1,1,86,0,0
16,160137,1,1,1,29,9,99,99,35,0,1,0,16,1,12,471,12471,30,1983,1FTBR10A7DUB,1,F,T,B,R,1,0,A,7,D,U,B,0,T,FORD,RNG,PK,83,17,,1,1140,1080,RNG,G,,0,0,000000000,00000000000,0,0,0,1,0,0,0,0,0,0,0,998,0,1,2,12,13,6,2,1,0,0,0,1,16,83713,6,1,0,0,3,3,71,250,1,0,0,0,1,8,2009,8,2009,0,0,0,0,0,1,2,25,3,2,5,1,0,0,14,11,99,1,4,1,1,0
16,160138,1,2,1,26,9,20,10,12,8,1,0,16,1,7,472,7472,30,2001,1B7HG2AN61S2,1,B,7,H,G,2,A,N,6,1,S,2,0,T,DODG,QAD,4C,1,17,,2,0,1309,DAK,G,,0,0,000000000,00000000000,0,0,0,1,0,0,0,0,0,0,0,998,0,1,5,4,4,6,2,12,0,0,0,1,41,83301,6,1,0,0,3,0,72,175,0,0,0,0,0,0,0,0,0,0,28,58,0,0,1,2,65,2,1,2,1,0,0,14,13,8,2,2,64,0,1
16,160138,2,2,2,26,9,20,10,12,8,1,0,6,1,30,40,30040,4,2001,3VWSD69M51M1,3,V,W,S,D,6,9,M,5,1,M,1,0,P,VOLK,JGS,4D,1,17,2877,,0,989,,G,,0,0,000000000,00000000000,0,0,0,1,0,0,0,0,0,0,0,998,0,1,5,1,1,6,2,12,0,0,0,1,6,83648,6,1,0,0,3,0,72,175,0,0,0,0,0,0,0,0,0,0,0,0,0,0,1,2,65,3,1,2,1,0,0,14,62,1,1,1,65,1,0
16,160139,1,2,1,26,9,15,39,12,2,1,0,16,1,37,31,37031,2,1999,1HGEJ8240XL0,1,H,G,E,J,8,2,4,0,X,L,0,0,P,HOND,UAX,CP,99,17,2560,,0,1032,,G,,0,0,000000000,00000000000,0,0,0,1,0,0,0,0,0,0,0,998,0,0,0,12,12,6,2,12,0,0,0,1,16,83703,6,1,0,0,3,3,65,160,0,0,0,0,0,0,0,0,0,0,89,28,0,0,5,4,35,1,1,2,1,0,0,1,10,99,1,2,50,1,0
16,160139,2,2,1,26,9,15,39,12,2,1,0,16,1,7,472,7472,30,1994,1B7GG23YXRS5,1,B,7,G,G,2,3,Y,X,R,S,5,0,T,DODG,DAK,PC,94,17,,1,0,1309,DAK,G,,0,0,000000000,00000000000,0,0,0,1,0,0,0,0,0,0,0,998,0,0,0,12,12,6,2,12,0,0,0,1,16,83615,6,1,0,0,3,3,71,160,0,0,0,1,0,2,2008,2,2008,0,0,0,0,0,5,4,35,1,1,2,1,0,0,1,62,99,1,1,51,0,0
16,160140,1,1,1,4,10,8,40,1,0,1,0,53,3,82,883,82883,66,2002,1FUNA6AS12LJ,1,F,U,N,A,6,A,S,1,2,L,J,1,T,FRHT,COL,DS,2,17,,8,0,0,CON,D,,1,57,124419,57124419,3,6,2,2,2,331,88,1,0,0,0,998,0,9,2,0,13,6,2,1,0,0,0,1,53,99169,6,1,6,1,3,3,73,230,1,0,0,0,1,12,2007,12,2007,1,0,0,0,0,1,2,55,3,2,2,2,0,0,14,13,3,1,4,1,1,0
16,160141,1,2,1,4,10,11,30,12,8,1,0,16,3,23,481,23481,31,2010,1GT4C2B63AF1,1,G,T,4,C,2,B,6,3,A,F,1,0,T,GMC,SC3,CW,10,17,,2,0,1670,SIE,D,,0,0,000000000,00000000000,0,0,0,1,0,0,0,0,0,0,0,998,9,0,0,11,11,6,2,12,0,0,0,1,16,83429,6,1,6,0,3,0,72,155,1,0,0,0,0,6,2008,6,2008,0,28,0,0,0,1,2,65,1,1,2,1,0,0,1,10,99,1,2,64,1,0
16,160141,2,2,1,4,10,11,30,12,8,1,0,95,3,87,881,87881,66,2004,1XP7DB9X54D8,1,X,P,7,D,B,9,X,5,4,D,8,1,T,PTRB,387,DS,4,17,,8,0,0,CON,D,,1,55,71114669,5571114669,3,6,1,1,0,0,0,0,0,0,0,99,0,1,2,10,9,6,2,12,0,0,0,1,95,0,6,1,6,1,3,9,999,999,99,99,99,99,99,99,9999,99,9999,0,0,0,0,0,1,2,65,1,1,2,1,0,0,1,62,99,1,1,65,0,0
16,160142,1,2,1,4,10,18,52,12,6,1,0,16,1,23,471,23471,30,1998,1GTCT19WXW85,1,G,T,C,T,1,9,W,X,W,8,5,0,T,GMC,SON,PC,98,17,,1,0,1229,SON,G,,0,0,000000000,00000000000,0,0,0,1,0,0,0,0,0,0,0,998,0,0,0,12,12,6,2,12,0,0,0,1,16,83402,6,1,6,0,3,3,70,185,0,0,0,0,0,0,0,0,0,0,38,39,0,0,1,4,40,1,1,2,1,3,3,11,15,99,1,2,68,0,0
16,160142,2,2,1,4,10,18,52,12,6,1,0,16,1,98,706,98706,80,2006,5J11NBJ1X6W0,5,J,1,1,N,B,J,1,X,6,W,0,0,U,,,,6,17,,,,,,,,0,0,000000000,00000000000,0,0,0,1,0,0,0,0,0,0,0,998,0,0,0,11,11,6,2,12,0,0,0,1,16,83401,6,1,0,0,3,0,75,200,1,0,0,1,0,10,2008,12,2009,0,0,0,0,0,1,4,40,1,1,2,1,3,3,1,62,99,1,1,69,1,0
16,160143,1,1,1,5,10,15,54,42,0,1,0,16,1,49,471,49471,30,1993,4TARN01P1PZ1,4,T,A,R,N,0,1,P,1,P,Z,1,0,T,TOYT,SDX,PK,93,17,,1,0,1029,HTP,G,,0,0,000000000,00000000000,0,0,0,1,0,0,0,0,0,0,0,998,0,1,5,11,11,6,2,42,0,0,0,1,16,83544,6,1,0,0,3,3,61,120,0,0,0,0,0,0,0,0,0,0,0,0,0,0,1,2,25,2,2,2,1,0,0,14,10,99,1,4,6,1,1
16,160144,1,1,1,7,10,3,57,1,0,1,0,16,1,21,20,21020,4,1999,1G3NG52M1X63,1,G,3,N,G,5,2,M,1,X,6,3,0,P,OLDS,GLS,4D,99,17,3009,,0,1070,,G,,0,0,000000000,00000000000,0,0,0,1,0,0,0,0,0,0,0,998,0,9,2,0,13,6,2,1,0,0,0,1,16,83687,6,1,0,0,3,0,63,100,0,0,0,1,1,2,2009,10,2009,0,0,0,0,0,1,2,55,1,2,2,1,0,0,1,13,99,1,4,1,1,1
16,160145,1,1,1,7,10,23,39,33,0,1,0,16,1,37,31,37031,2,1996,1HGEJ8140TL0,1,H,G,E,J,8,1,4,0,T,L,0,0,P,HOND,UAX,CP,96,17,2397,,0,1032,,G,,0,0,000000000,00000000000,0,0,0,1,0,0,0,0,0,0,0,998,0,1,1,11,11,6,2,1,0,0,0,1,16,83706,6,1,6,0,3,0,66,160,0,7,1,8,1,9,2008,9,2010,1,89,0,0,0,1,2,30,1,1,2,1,0,0,10,10,99,2,4,9,1,1
16,160146,1,2,1,9,10,20,4,12,8,1,0,53,1,23,481,23481,31,2006,1GTHK29G76E1,1,G,T,H,K,2,9,G,7,6,E,1,0,T,GMC,2KH,4C,6,17,,2,1575,1435,SIE,G,,0,0,000000000,00000000000,0,0,0,1,0,0,0,0,0,0,0,998,0,1,1,1,11,6,2,12,0,0,0,1,53,98270,6,1,0,0,3,0,67,143,0,0,0,0,0,0,0,0,0,9,28,0,0,0,2,4,65,2,1,2,1,0,0,14,12,99,1,6,64,1,0
16,160146,2,2,5,9,10,20,4,12,8,1,0,41,2,7,442,7442,20,2001,2B4GP44301R3,2,B,4,G,P,4,4,3,0,1,R,3,0,P,DODG,CAR,SV,1,17,3989,,0,1193,,F,,0,0,000000000,00000000000,0,0,0,1,0,0,0,0,0,0,0,998,0,0,0,11,11,6,2,12,0,0,0,1,41,97913,0,0,0,0,0,0,999,999,0,0,0,0,0,0,0,0,0,0,89,0,0,0,2,4,65,3,1,2,1,0,0,14,18,99,1,1,65,1,0
16,160147,1,1,1,11,10,0,14,30,0,1,0,16,3,12,481,12481,31,2004,2FTRF17W24CA,2,F,T,R,F,1,7,W,2,4,C,A,0,T,FORD,HER,PK,4,17,,2,0,1200,COF,G,,0,0,000000000,00000000000,0,0,0,1,0,0,0,0,0,0,0,998,0,0,0,1,1,6,2,30,0,0,0,1,16,83661,6,1,6,0,3,0,73,200,1,0,0,0,0,8,2010,8,2010,1,37,0,0,0,1,2,55,1,1,2,2,0,0,1,11,99,1,4,1,1,1
16,160148,1,1,1,22,10,2,45,59,0,1,0,26,1,20,481,20481,31,2005,1GCHK24275E3,1,G,C,H,K,2,4,2,7,5,E,3,1,T,CHEV,2KH,PK,5,17,,2,0,1330,SIL,D,,1,0,000000000,00000000000,0,0,0,1,0,0,0,0,0,0,0,998,0,0,0,11,12,6,2,72,0,0,0,1,26,49245,6,1,6,0,3,0,72,200,2,0,0,0,0,3,2009,3,2010,0,0,0,0,0,1,2,65,1,1,2,1,0,0,1,8,99,1,4,1,1,1
16,160149,1,2,1,20,10,14,7,12,8,1,0,16,1,20,401,20401,14,1997,1GNDT13W1V21,1,G,N,D,T,1,3,W,1,V,2,1,0,P,CHEV,BZR,UT,97,17,4046,,0,1070,,G,,0,0,000000000,00000000000,0,0,0,1,0,0,0,0,0,0,0,998,0,0,0,11,11,6,2,12,0,0,0,1,16,83543,6,1,0,0,3,0,68,175,0,0,0,2,0,3,2010,6,2010,0,28,0,0,0,1,2,50,1,3,4,1,0,0,1,10,1,1,2,64,1,0
16,160149,2,2,1,20,10,14,7,12,8,1,0,16,3,12,881,12881,61,2003,1FDXF46FX3EA,1,F,D,X,F,4,6,F,X,3,E,A,0,T,FORD,F4D,CB,3,17,,4,2010,1410,DRW,D,,0,88,888888888,88888888888,2,1,3,1,0,0,0,0,0,0,0,998,0,0,0,9,14,6,2,12,0,0,0,1,16,83543,6,1,0,0,3,0,71,140,0,0,0,0,0,0,0,0,0,0,0,0,0,0,1,2,50,1,3,4,1,0,0,2,62,9,1,1,65,0,0