STATE,ST_CASE,VEH_NO,VE_FORMS,NUMOCCS,DAY,MONTH,HOUR,MINUTE,HARM_EV,MAN_COLL,UNITTYPE,HIT_RUN,REG_STAT,OWNER,MAKE,MODEL,MAK_MOD,BODY_TYP,MOD_YEAR,VIN,VIN_1,VIN_2,VIN_3,VIN_4,VIN_5,VIN_6,VIN_7,VIN_8,VIN_9,VIN_10,VIN_11,VIN_12,TOW_VEH,VINTYPE,VINMAKE,VINA_MOD,VIN_BT,VINMODYR,VIN_LNGT,VIN_WGT,WGTCD_TR,WHLBS_LG,WHLBS_SH,SER_TR,FUELCODE,MCYCL_DS,J_KNIFE,MCARR_I1,MCARR_I2,MCARR_ID,GVWR,V_CONFIG,CARGO_BT,HAZ_INV,HAZ_PLAC,HAZ_ID,HAZ_CNO,HAZ_REL,BUS_USE,SPEC_USE,EMER_USE,TRAV_SP,UNDERIDE,ROLLOVER,ROLINLOC,IMPACT1,IMPACT2,DEFORMED,TOWED,M_HARM,VEH_SC1,VEH_SC2,FIRE_EXP,DR_PRES,L_STATE,DR_ZIP,L_STATUS,L_TYPE,CDL_STAT,L_ENDORS,L_COMPL,L_RESTRI,DR_HGT,DR_WGT,PREV_ACC,PREV_SUS,PREV_DWI,PREV_SPD,PREV_OTH,FIRST_MO,FIRST_YR,LAST_MO,LAST_YR,SPEEDREL,DR_SF1,DR_SF2,DR_SF3,DR_SF4,VTRAFWAY,VNUM_LAN,VSPD_LIM,VALIGN,VPROFILE,VPAVETYP,VSURCOND,VTRAFCON,VTCONT_F,P_CRASH1,P_CRASH2,P_CRASH3,PCRASH4,PCRASH5,ACC_TYPE,DEATHS,DR_DRINK
16,160150,1,1,1,9,10,21,54,8,0,1,1,16,2,12,401,12401,14,1986,1FMCU14T7GUD,1,F,M,C,U,1,4,T,7,G,U,D,0,P,FORD,BII,UT,86,17,0,,0,940,,G,,0,0,000000000,00000000000,0,0,0,1,0,0,0,0,0,0,0,998,0,0,0,10,10,2,1,8,0,0,0,1,16,83704,6,1,0,0,3,3,70,165,0,2,1,2,0,12,2009,8,2010,0,99,99,99,99,5,4,35,1,1,2,1,0,0,1,80,99,1,1,13,0,0
16,160151,1,2,2,9,10,14,10,12,6,1,0,16,1,21,2,21002,4,1989,1G3HN54CXK18,1,G,3,H,N,5,4,C,X,K,1,8,0,P,OLDS,DRF,4D,89,17,3105,,0,1108,,G,,0,0,000000000,00000000000,0,0,0,1,0,0,0,0,0,0,0,998,0,0,0,3,2,6,2,12,0,0,0,1,16,83854,6,1,0,0,3,1,61,153,0,0,0,0,0,0,0,0,0,0,39,0,0,0,1,2,40,1,1,2,1,20,3,1,17,3,1,1,87,1,0
16,160151,2,2,1,9,10,14,10,12,6,1,0,16,1,7,482,7482,31,2003,3D7LU38663G7,3,D,7,L,U,3,8,6,6,3,G,7,0,T,DODG,SQ3,CW,3,17,,2,1605,1405,RPC,D,,0,0,000000000,00000000000,0,0,0,1,0,0,0,0,0,0,0,998,0,0,0,12,1,6,2,12,0,0,0,1,16,83809,6,1,0,0,3,0,71,180,0,0,0,0,0,0,0,0,0,0,0,0,0,0,1,2,45,1,1,2,1,0,0,1,66,99,1,1,86,0,0
16,160152,1,1,2,12,10,13,13,38,0,1,0,16,1,49,40,49040,4,1996,JT2BG12K1T03,J,T,2,B,G,1,2,K,1,T,0,3,0,P,TOYT,DLX,4D,96,17,2932,,0,1031,,G,,0,0,000000000,00000000000,0,0,0,1,0,0,0,0,0,0,0,998,0,0,0,3,3,6,2,30,0,0,0,1,16,83330,6,1,0,0,3,3,71,165,0,0,0,0,0,0,0,0,0,0,0,0,0,0,6,1,98,3,2,2,1,20,3,14,8,7,1,4,1,1,0
16,160153,1,1,1,13,10,21,1,1,0,1,0,16,2,20,481,20481,31,2007,1GCHK23D87F1,1,G,C,H,K,2,3,D,8,7,F,1,0,T,CHEV,2KH,CW,7,17,,2,1670,1530,SIL,D,,0,0,000000000,00000000000,0,0,0,1,0,0,0,0,0,0,0,998,0,2,5,0,11,6,2,1,0,0,0,1,48,75227,6,1,0,0,3,3,71,150,0,0,0,0,0,0,0,0,0,0,89,0,0,0,1,2,65,3,1,2,1,0,0,14,13,3,1,4,1,1,0
16,160154,1,1,1,17,10,99,99,34,0,1,0,16,1,12,481,12481,31,1999,1FTNW21S4XED,1,F,T,N,W,2,1,S,4,X,E,D,0,T,FORD,F2S,CW,99,17,,2,1724,1562,SRW,G,,0,0,000000000,00000000000,0,0,0,1,0,0,0,0,0,0,0,998,0,1,6,12,12,6,2,42,0,0,0,1,16,83843,6,1,0,0,3,3,70,190,0,0,0,2,0,4,2008,5,2009,0,0,0,0,0,1,2,55,1,1,2,1,0,0,1,13,4,1,4,1,1,0
16,160155,1,1,1,18,10,11,16,42,0,1,0,16,1,48,401,48401,14,1998,JF1SF6351WH7,J,F,1,S,F,6,3,5,1,W,H,7,0,P,SUBA,FOR,UT,98,17,3040,,0,994,,G,,0,0,000000000,00000000000,0,0,0,1,0,0,0,0,0,0,0,998,0,0,0,12,12,6,2,42,0,0,0,1,16,83628,6,1,0,0,3,3,65,170,0,1,0,0,1,3,2008,4,2008,9,0,0,0,0,1,2,60,1,1,2,1,0,0,1,12,99,1,4,6,1,0
16,160156,1,2,1,19,10,6,10,12,6,1,0,16,3,20,881,20881,63,1981,1GBN7D4E5BV1,1,G,B,N,7,D,4,E,5,B,V,1,0,T,CHEV,C76,CB,81,17,,8,2260,1490,M6V,G,,0,88,888888888,88888888888,3,2,4,1,0,0,0,0,0,0,0,998,0,0,0,12,12,6,2,12,0,0,0,1,16,83448,6,1,0,0,3,3,71,196,0,1,0,1,1,3,2010,4,2010,0,38,39,0,0,1,2,50,1,1,2,1,20,3,1,17,99,1,1,88,0,0
16,160156,2,2,1,19,10,6,10,12,6,1,0,16,1,30,36,30036,5,1981,1VWFG0171BV0,1,V,W,F,G,0,1,7,1,B,V,0,0,P,VOLK,URC,4H,81,17,1856,,0,945,,D,,0,0,000000000,00000000000,0,0,0,1,0,0,0,0,0,0,0,998,0,0,0,10,9,6,2,12,0,0,0,1,16,83440,6,1,0,0,3,0,74,265,0,0,0,0,0,0,0,0,0,0,0,0,0,0,2,4,65,1,1,2,1,0,0,1,17,99,1,1,89,1,0
16,160157,1,2,1,19,10,11,24,12,6,1,0,16,1,35,43,35043,4,2007,3N1AB61EX7L7,3,N,1,A,B,6,1,E,X,7,L,7,0,P,NISS,SL2,4D,7,17,2853,,0,1057,,G,,0,0,000000000,00000000000,0,0,0,1,0,0,0,0,0,0,0,998,0,0,0,3,3,6,2,12,0,0,0,1,16,83452,6,1,0,0,3,0,64,113,0,0,0,0,0,0,0,0,0,0,28,0,0,0,1,2,65,1,1,2,1,0,0,1,10,6,1,2,64,1,0
16,160157,2,2,1,19,10,11,24,12,6,1,0,16,3,12,481,12481,31,2003,1FTNX21L33EA,1,F,T,N,X,2,1,L,3,3,E,A,0,T,FORD,F2S,4C,3,17,,2,1580,1418,SRW,G,,0,0,000000000,00000000000,0,0,0,1,0,0,0,0,0,0,0,998,0,0,0,12,12,6,2,12,0,0,0,1,16,83436,6,1,6,0,3,0,66,220,0,0,0,0,0,0,0,0,0,0,0,0,0,0,1,2,65,1,1,2,1,0,0,1,62,99,1,1,65,0,0
16,160158,1,1,1,23,10,10,47,8,0,1,0,16,2,7,482,7482,31,2003,3D3MU48C63G8,3,D,3,M,U,4,8,C,6,3,G,8,0,T,DODG,SQ3,CW,3,17,,3,0,1600,RPC,D,,0,0,000000000,00000000000,0,0,0,1,0,0,0,0,0,0,0,998,0,0,0,12,12,2,1,8,0,0,0,1,16,83427,6,1,6,0,3,0,73,209,0,0,0,0,0,0,0,0,0,0,38,39,0,0,5,4,40,1,1,2,1,2,3,11,80,1,1,1,13,0,0
16,160159,1,2,3,26,10,7,30,12,6,1,0,16,3,18,7,18007,4,1996,1G4AG55M4T64,1,G,4,A,G,5,5,M,4,T,6,4,0,P,BUIC,CSL,4D,96,17,2951,,0,1049,,G,,0,0,000000000,00000000000,0,0,0,1,0,0,0,0,0,0,0,998,0,0,0,10,10,6,2,12,0,0,0,1,16,83320,6,7,0,0,3,1,64,120,0,0,0,0,0,0,0,0,0,0,52,48,28,0,1,2,65,1,1,2,4,0,0,12,54,99,1,2,98,1,0
16,160159,2,2,1,26,10,7,30,12,6,1,0,16,1,37,32,37032,4,1993,1HGCB7679PA0,1,H,G,C,B,7,6,7,9,P,A,0,0,P,HOND,AEX,4D,93,17,2987,,0,1071,,G,,0,0,000000000,00000000000,0,0,0,1,0,0,0,0,0,0,0,998,0,0,0,12,12,6,2,12,0,0,0,1,16,83330,6,1,0,0,3,0,64,130,0,4,0,3,0,3,2008,8,2010,0,28,0,0,0,1,2,65,1,1,2,4,0,0,1,52,6,1,2,98,0,0
16,160160,1,1,1,27,10,7,2,8,0,1,0,16,1,20,481,20481,31,2003,1GCHK29U73E1,1,G,C,H,K,2,9,U,7,3,E,1,0,T,CHEV,2KH,4C,3,17,,2,1575,1435,SIL,G,,0,0,000000000,00000000000,0,0,0,1,0,0,0,0,0,0,0,998,0,0,0,12,12,2,1,8,0,0,0,1,16,83605,6,1,0,0,3,0,66,155,0,0,0,0,0,0,0,0,0,0,0,0,0,0,5,4,35,1,1,2,1,0,0,15,80,1,1,3,13,0,0
16,160161,1,2,1,28,10,20,51,12,2,1,0,16,1,20,481,20481,31,1988,2GCFK24K0J11,2,G,C,F,K,2,4,K,0,J,1,1,0,T,CHEV,GK2,PK,88,17,,2,0,1315,GM4,G,,0,0,000000000,00000000000,0,0,0,1,0,0,0,0,0,0,0,998,0,0,0,12,12,6,2,12,0,0,0,1,16,83316,6,1,0,0,3,0,63,165,0,0,0,1,0,7,2010,7,2010,9,51,0,0,0,2,2,75,1,1,2,1,0,0,1,54,99,1,1,52,1,1
16,160161,2,2,1,28,10,20,51,12,2,1,0,16,2,48,34,48034,6,1995,4S3BK6356S73,4,S,3,B,K,6,3,5,6,S,7,3,0,P,SUBA,UOB,SW,95,17,2890,,0,1035,,G,,0,0,000000000,00000000000,0,0,0,1,0,0,0,0,0,0,0,998,0,0,0,12,12,6,2,12,0,0,0,1,16,83201,6,1,0,0,3,0,63,151,0,0,0,1,0,8,2008,8,2008,0,0,0,0,0,2,2,75,1,1,2,1,0,0,1,54,99,1,2,52,1,0
16,160162,1,3,2,16,9,23,11,12,6,1,0,16,1,54,31,54031,3,1991,JH4DA9350MS0,J,H,4,D,A,9,3,5,0,M,S,0,0,P,ACUR,ILS,2H,91,17,2491,,0,1004,,G,,0,0,000000000,00000000000,0,0,0,1,0,0,0,0,0,0,0,998,0,0,0,11,9,6,2,12,0,0,0,1,16,83651,6,1,0,0,3,0,66,176,0,1,0,0,0,7,2010,7,2010,1,39,0,0,0,5,4,40,1,1,2,1,3,3,1,55,99,1,1,86,0,0
16,160162,2,3,1,16,9,23,11,12,6,1,0,16,2,53,706,53706,80,1981,JS1GU71AXB21,J,S,1,G,U,7,1,A,X,B,2,1,0,M,SUZI,S1E,RS,81,17,,,,,,,1074,0,0,000000000,00000000000,0,0,0,1,0,0,0,0,0,0,0,998,0,0,0,1,12,6,2,12,0,0,0,1,16,83651,6,1,0,0,3,1,67,190,0,0,0,0,1,6,2008,6,2008,0,0,0,0,0,5,4,35,1,1,2,1,3,3,1,66,99,1,1,87,1,0
16,160162,3,3,1,16,9,23,11,12,6,1,0,16,2,37,32,37032,4,1988,JHMCA5531JC1,J,H,M,C,A,5,5,3,1,J,C,1,0,P,HOND,ALX,4D,88,17,2504,,0,1024,,G,,0,0,000000000,00000000000,0,0,0,1,0,0,0,0,0,0,0,998,0,0,0,12,12,6,2,12,0,0,0,1,16,83651,1,1,0,0,2,0,62,156,0,1,0,1,1,11,2008,7,2010,0,84,92,0,0,5,4,35,1,1,2,1,3,3,1,17,99,1,1,98,0,0
16,160163,1,2,1,30,10,17,25,12,8,1,0,16,1,49,471,49471,30,1989,JT4VN01D3K60,J,T,4,V,N,0,1,D,3,K,6,0,0,T,TOYT,SWD,PK,89,17,,1,0,1030,HTP,G,,0,0,000000000,00000000000,0,0,0,1,0,0,0,0,0,0,0,998,9,0,0,1,1,6,2,12,0,0,0,1,16,83301,6,1,0,0,3,0,62,120,0,0,0,2,0,11,2007,4,2010,0,28,51,0,0,2,4,75,1,1,1,1,0,0,1,99,99,1,6,64,1,0
16,160163,2,2,1,30,10,17,25,12,8,1,0,12,3,82,883,82883,66,2006,1FUJA6CK56LU,1,F,U,J,A,6,C,K,5,6,L,U,1,T,FRHT,COL,DS,6,17,,8,0,0,CON,D,,1,57,989545,57989545,3,6,1,1,0,0,0,0,0,0,0,998,0,0,0,11,11,6,2,12,0,0,0,1,12,33024,6,1,6,1,3,0,70,999,0,0,0,0,0,0,0,0,0,0,0,0,0,0,2,4,75,1,1,1,1,0,0,1,62,99,1,1,65,0,0
16,160164,1,1,1,18,10,12,32,42,0,1,0,16,1,12,481,12481,31,1997,1FTDX1860VKA,1,F,T,D,X,1,8,6,0,V,K,A,0,T,FORD,F15,3C,97,17,,1,1570,1390,COF,G,,0,0,000000000,00000000000,0,0,0,1,0,0,0,0,0,0,0,998,0,0,0,12,12,6,2,42,0,0,0,1,16,83861,6,1,0,0,3,3,72,200,0,0,0,0,0,0,0,0,0,0,0,0,0,0,1,2,55,3,1,2,1,0,0,14,12,6,1,4,6,1,0
16,160165,1,1,1,31,10,1,47,1,0,1,0,16,2,21,21,21021,4,2001,1G3NL52T11C1,1,G,3,N,L,5,2,T,1,1,C,1,0,P,OLDS,A/G,4D,1,17,3022,,0,1070,,G,,0,0,000000000,00000000000,0,0,0,1,0,0,0,0,0,0,0,998,0,1,2,0,13,6,2,1,0,0,0,1,16,83445,6,1,0,0,3,3,69,145,0,2,0,1,0,10,2007,7,2010,1,58,0,0,0,1,2,35,1,1,2,2,0,0,1,11,6,1,4,1,1,1
16,160166,1,2,2,16,10,17,35,12,6,1,0,16,2,22,441,22441,20,2000,1GMDU03EXYD3,1,G,M,D,U,0,3,E,X,Y,D,3,0,P,PONT,MON,SV,0,17,3803,,0,1120,,G,,0,0,000000000,00000000000,0,0,0,1,0,0,0,0,0,0,0,998,0,0,0,12,11,6,2,12,0,0,0,1,16,83854,6,1,0,0,3,0,72,300,0,0,0,0,0,0,0,0,0,0,39,84,0,0,1,2,45,1,1,2,1,20,3,1,55,9,1,1,86,1,0
16,160166,2,2,2,16,10,17,35,12,6,1,0,16,1,49,40,49040,4,2006,4T1BE32K96U7,4,T,1,B,E,3,2,K,9,6,U,7,0,P,TOYT,UXS,4D,6,17,3108,,0,1071,,G,,0,0,000000000,00000000000,0,0,0,1,0,0,0,0,0,0,0,998,0,0,0,1,1,6,2,12,0,0,0,1,53,83854,6,1,0,0,3,0,66,200,0,2,0,0,2,11,2007,10,2009,0,84,0,0,0,1,2,45,1,1,2,1,0,0,1,66,3,1,1,87,0,0
16,160167,1,2,1,1,11,18,45,12,2,1,0,16,1,6,54,6054,6,2007,2A8GF68X27R2,2,A,8,G,F,6,8,X,2,7,R,2,0,P,CHRY,PIF,UT,7,17,4593,,0,1163,,G,,0,0,000000000,00000000000,0,0,0,1,0,0,0,0,0,0,0,998,0,0,0,12,1,4,1,12,0,0,0,1,16,83402,6,1,0,0,3,0,69,160,0,0,0,0,0,0,0,0,0,0,0,0,0,0,1,2,25,1,2,2,1,0,0,11,54,1,1,2,68,0,0
16,160167,2,2,1,1,11,18,45,12,2,1,0,16,2,37,703,37703,80,2006,9C2ME09066R0,9,C,2,M,E,0,9,0,6,6,R,0,0,M,HOND,23F,TL,6,17,,,,,,,223,0,0,000000000,00000000000,0,0,0,1,0,0,0,0,0,0,0,998,0,0,0,12,12,4,8,12,0,0,0,1,16,83401,0,0,0,0,0,0,999,999,0,0,0,0,0,0,0,0,0,0,84,52,0,0,1,2,25,1,2,2,1,0,0,1,62,3,1,1,69,1,0
16,160168,1,1,1,3,11,99,99,35,0,1,0,16,1,30,40,30040,4,1995,3VWWC81H9SM0,3,V,W,W,C,8,1,H,9,S,M,0,0,P,VOLK,J3B,4D,95,17,2570,,0,974,,G,,0,0,000000000,00000000000,0,0,0,1,0,0,0,0,0,0,0,998,0,1,5,11,13,6,2,1,0,0,0,1,16,83660,6,1,0,0,3,0,71,220,0,0,0,0,0,0,0,0,0,1,0,0,0,0,1,2,55,1,1,2,1,0,0,1,13,99,1,4,1,1,1
16,160169,1,1,2,8,11,21,9,42,0,1,0,16,1,2,404,2404,14,1997,1J4FJ68S2VL5,1,J,4,F,J,6,8,S,2,V,L,5,0,T,JEEP,SPT,4W,97,17,,1,0,1014,CHK,G,,0,0,000000000,00000000000,0,0,0,1,0,0,0,0,0,0,0,998,0,1,5,9,13,6,2,42,0,0,0,1,16,83703,6,1,0,0,3,0,70,165,1,2,1,0,0,2,2009,2,2010,1,0,0,0,0,6,1,55,2,1,2,1,0,0,14,13,99,1,4,1,1,0
16,160170,1,2,1,11,11,18,40,12,2,1,0,16,1,49,471,49471,30,1988,JT4RN63A4J02,J,T,4,R,N,6,3,A,4,J,0,2,0,T,TOYT,R63,PK,88,17,,1,0,1030,44P,G,,0,0,000000000,00000000000,0,0,0,1,0,0,0,0,0,0,0,998,0,0,0,12,11,6,2,12,0,0,0,1,16,83251,6,1,0,0,3,0,70,160,0,0,0,0,0,0,0,0,0,0,28,0,0,0,1,2,65,2,2,2,1,0,0,11,54,1,1,2,84,0,1
16,160170,2,2,1,11,11,18,40,12,2,1,0,16,1,13,5,13005,4,1995,1LNLM97V7SY6,1,L,N,L,M,9,7,V,7,S,Y,6,0,P,LINC,CON,4D,95,17,3972,,0,1090,,G,,0,0,000000000,00000000000,0,0,0,1,0,0,0,0,0,0,0,998,0,0,0,12,11,6,2,12,0,0,0,1,16,83213,6,1,0,0,3,0,72,200,0,0,0,1,0,10,2008,10,2008,0,0,0,0,0,1,2,65,3,2,2,1,0,0,14,62,99,1,1,84,1,0
16,160171,1,1,1,14,11,6,35,31,0,1,0,17,3,51,881,51881,66,2000,4V4ND3JH4YN7,4,V,4,N,D,3,J,H,4,Y,N,7,0,T,VOLV,VVN,DS,0,17,,8,0,0,VVN,D,,0,57,600382,57600382,3,5,96,1,0,0,0,0,0,0,0,998,0,0,0,11,11,6,2,35,0,0,0,1,16,83705,6,1,6,1,3,3,65,160,0,0,0,0,0,0,0,0,0,0,0,0,0,0,1,2,65,2,1,2,2,0,0,14,8,8,1,4,6,1,0
16,160172,1,3,1,12,11,12,55,12,8,1,0,16,1,48,34,48034,6,1995,4S3BK6554S73,4,S,3,B,K,6,5,5,4,S,7,3,0,P,SUBA,SI4,SW,95,17,3120,,0,1035,,G,,0,0,000000000,00000000000,0,0,0,1,0,0,0,0,0,0,0,998,9,0,0,12,12,6,2,12,0,0,0,1,16,83333,6,1,0,0,3,0,70,170,0,2,0,1,1,5,2009,9,2010,0,28,0,0,0,1,2,65,1,2,2,1,0,0,1,10,99,1,2,64,1,0
16,160172,2,3,2,12,11,12,55,12,8,1,0,16,2,12,481,12481,31,2002,1FTNX21L72EB,1,F,T,N,X,2,1,L,7,2,E,B,1,T,FORD,F2S,4C,2,17,,2,1580,1418,SRW,G,,1,0,000000000,00000000000,9,0,0,1,0,0,0,0,0,0,0,998,0,0,0,8,14,6,2,12,0,0,0,1,16,83352,6,1,0,0,3,0,67,180,0,0,0,1,1,5,2008,7,2008,0,0,0,0,0,1,2,65,1,2,2,1,0,0,1,62,99,1,1,65,0,0
16,160172,3,3,1,12,11,12,55,12,8,1,0,17,3,82,881,82881,66,2009,1FUJGLDR79LA,1,F,U,J,G,L,D,R,7,9,L,A,1,T,FRHT,125,DS,9,17,,8,0,0,CSC,D,,1,57,1158026,571158026,3,6,1,1,0,0,0,0,0,0,0,998,0,0,0,11,11,6,2,12,0,0,0,1,17,60532,6,1,6,1,3,0,73,170,0,0,0,0,0,0,0,0,0,0,0,0,0,0,1,2,65,1,2,2,1,0,0,1,62,99,1,1,98,0,0
16,160173,1,1,3,20,11,8,45,1,0,1,0,41,1,20,481,20481,31,2001,2GCEK19T4113,2,G,C,E,K,1,9,T,4,1,1,3,0,T,CHEV,SK1,4C,1,17,,2,1575,1435,SIL,G,,0,0,000000000,00000000000,0,0,0,1,0,0,0,0,0,0,0,998,0,9,3,0,13,6,2,1,0,0,0,1,41,97838,6,1,0,0,3,3,65,189,0,0,0,0,0,0,0,0,0,1,58,0,0,0,2,2,75,3,2,2,4,0,0,14,12,7,1,4,6,1,0
16,160174,1,1,6,21,11,2,48,35,0,1,0,53,2,14,21,14021,4,2010,3MEHM0CG3AR6,3,M,E,H,M,0,C,G,3,A,R,6,0,P,MERC,MPA,4D,10,17,3303,,0,1074,,F,,0,0,000000000,00000000000,0,0,0,1,0,0,0,0,0,0,0,998,0,0,0,3,3,6,2,35,0,0,0,1,53,99161,6,1,0,0,3,0,72,175,0,0,0,4,1,5,2008,6,2010,1,36,0,0,0,1,2,50,3,1,2,1,0,0,14,13,9,4,4,2,1,1
16,160175,1,1,2,25,11,8,0,24,0,1,0,16,1,49,421,49421,15,1994,JT3DJ81W9R00,J,T,3,D,J,8,1,W,9,R,0,0,0,P,TOYT,LCW,UT,94,17,4762,,0,1122,,G,,0,0,000000000,00000000000,0,0,0,1,0,0,0,0,0,0,0,998,0,1,5,11,13,6,2,35,0,0,0,1,16,83805,6,1,0,0,3,3,63,113,0,0,0,0,0,0,0,0,0,1,28,0,0,0,1,4,45,3,2,2,3,0,0,14,6,99,9,4,6,1,0
16,160176,1,2,3,26,11,16,30,12,6,1,0,16,1,22,18,22018,4,2004,1G2NF52E14M6,1,G,2,N,F,5,2,E,1,4,M,6,0,P,PONT,SE1,4D,4,17,3066,,0,1070,,G,,0,0,000000000,00000000000,0,0,0,1,0,0,0,0,0,0,0,998,0,0,0,10,10,6,2,12,0,0,0,1,16,83854,6,1,6,0,3,3,72,320,0,0,0,1,0,10,2010,10,2010,1,28,0,0,0,1,4,60,2,2,2,3,0,0,14,10,99,2,2,64,2,0
16,160176,2,2,1,26,11,16,30,12,6,1,0,16,1,20,403,20403,14,2008,1GNDT13S1822,1,G,N,D,T,1,3,S,1,8,2,2,0,P,CHEV,TRL,UT,8,17,4523,,0,1130,,G,,0,0,000000000,00000000000,0,0,0,1,0,0,0,0,0,0,0,998,0,0,0,12,12,6,2,12,0,0,0,1,16,83854,6,1,0,0,3,0,72,205,0,0,0,0,0,0,0,0,0,0,0,0,0,0,1,4,60,3,2,2,3,0,0,14,62,99,1,1,65,0,0
16,160177,1,2,3,28,11,15,29,8,0,1,0,6,1,49,401,49401,14,1992,JT3VN39W5N80,J,T,3,V,N,3,9,W,5,N,8,0,0,P,TOYT,RUN,UT,92,17,0,,0,1033,,G,,0,0,000000000,00000000000,0,0,0,1,0,0,0,0,0,0,0,998,0,0,0,11,11,6,2,8,0,0,0,1,6,95662,6,1,0,0,3,0,73,150,0,0,0,0,0,0,0,0,0,1,36,30,0,0,2,2,75,3,1,2,4,0,0,14,5,99,2,4,7,0,0
16,160177,3,2,2,28,11,15,29,8,0,1,0,49,1,14,20,14020,4,2007,1MEHM42197G6,1,M,E,H,M,4,2,1,9,7,G,6,0,P,MERC,PRM,4D,7,17,3656,,0,1129,,G,,0,0,000000000,00000000000,0,0,0,1,0,0,0,0,0,0,0,998,0,0,0,11,11,6,2,12,0,0,0,1,49,84093,6,1,0,0,3,0,74,300,98,0,0,0,0,0,0,0,0,0,84,0,0,0,2,2,75,3,1,2,4,0,0,14,60,99,1,3,98,0,0
16,160178,1,1,1,11,11,9,0,24,0,1,0,16,1,54,32,54032,4,1988,JH4KA464XJC0,J,H,4,K,A,4,6,4,X,J,C,0,0,P,ACUR,LSR,4D,88,17,2998,,0,1087,,G,,0,0,000000000,00000000000,0,0,0,1,0,0,0,0,0,0,0,998,0,0,0,11,12,6,2,24,0,0,0,1,49,83263,6,1,6,0,3,0,73,210,98,0,0,4,0,2,2008,12,2008,0,36,0,0,0,1,2,55,2,1,2,1,0,0,14,12,99,1,4,6,1,0
16,160179,1,2,5,3,12,15,40,12,2,1,0,16,1,20,421,20421,15,2000,1GNEK13T4YJ1,1,G,N,E,K,1,3,T,4,Y,J,1,0,P,CHEV,KTA,UT,0,17,5333,,0,1160,,G,,0,0,000000000,00000000000,0,0,0,1,0,0,0,0,0,0,0,998,0,0,0,12,1,6,2,12,0,0,0,1,16,83801,6,1,0,0,3,3,69,150,1,0,0,1,0,9,2009,12,2009,1,28,0,0,0,1,3,60,1,5,2,4,0,0,1,10,99,2,2,50,0,0
16,160179,2,2,1,3,12,15,40,12,2,1,0,16,2,49,38,49038,2,1990,JT2EL31F3L04,J,T,2,E,L,3,1,F,3,L,0,4,0,P,TOYT,TER,CP,90,17,2000,,0,937,,G,,0,0,000000000,00000000000,0,0,0,1,0,0,0,0,0,0,0,998,0,0,0,12,12,6,2,12,0,0,0,1,16,83843,6,1,0,0,3,0,70,160,0,0,0,2,0,7,2009,5,2010,0,89,0,0,0,1,3,60,1,6,2,4,0,0,1,62,99,1,1,51,1,0
16,160180,1,1,1,28,11,17,53,8,0,1,0,16,2,49,401,49401,14,1998,JT3HN87R8W90,J,T,3,H,N,8,7,R,8,W,9,0,0,P,TOYT,RUN,UT,98,17,3940,,0,1053,,G,,0,0,000000000,00000000000,0,0,0,1,0,0,0,0,0,0,0,998,0,0,0,1,1,2,1,8,0,0,0,1,16,83301,6,2,0,0,3,0,71,160,0,0,0,0,0,0,0,0,0,0,86,87,0,0,1,2,25,1,2,2,4,0,0,1,5,4,9,1,13,0,0
16,160182,1,1,1,8,12,11,38,43,0,1,0,16,1,76,703,76703,80,2004,JYA3AWE064A0,J,Y,A,3,A,W,E,0,6,4,A,0,0,M,YAMA,TWE,RT,4,17,,,,,,,196,0,0,000000000,00000000000,0,0,0,1,0,0,0,0,0,0,0,998,0,0,0,12,12,6,2,43,0,0,0,1,16,83501,6,1,0,0,3,3,66,143,0,0,0,0,0,0,0,0,0,9,99,99,99,99,1,2,35,1,1,2,1,0,0,1,13,99,1,4,1,1,0
16,160183,1,2,1,18,12,8,57,12,2,1,0,16,1,12,401,12401,14,2000,1FMZU73E5YUA,1,F,M,Z,U,7,3,E,5,Y,U,A,0,P,FORD,EPR,UT,0,17,4106,,0,1116,,G,,0,0,000000000,00000000000,0,0,0,1,0,0,0,0,0,0,0,998,0,0,0,12,1,6,2,12,0,0,0,1,16,83501,6,1,0,0,3,3,64,185,0,0,0,0,0,0,0,0,0,0,28,87,0,0,1,2,65,1,2,2,4,0,0,1,10,99,1,2,50,1,1
16,160183,2,2,2,18,12,8,57,12,2,1,0,16,1,49,401,49401,14,2010,JTEBU5JR1A50,J,T,E,B,U,5,J,R,1,A,5,0,0,P,TOYT,RUN,UT,10,17,4675,,0,1098,,G,,0,0,000000000,00000000000,0,0,0,1,0,0,0,0,0,0,0,998,0,0,0,12,11,6,2,12,0,0,0,1,16,83522,6,1,0,0,3,0,72,220,0,0,0,0,0,0,0,0,0,0,0,0,0,0,1,2,65,1,2,2,4,0,0,1,62,99,1,1,51,0,0
16,160184,1,2,1,15,12,15,30,12,7,1,0,16,2,63,34,63034,4,2004,KNAGD1261453,K,N,A,G,D,1,2,6,1,4,5,3,0,P,KIA,OLE,4D,4,17,3281,,0,1063,,G,,0,0,000000000,00000000000,0,0,0,1,0,0,0,0,0,0,0,998,0,0,0,1,1,6,2,12,0,0,0,1,16,83814,6,1,0,0,3,0,68,210,0,0,0,0,0,0,0,0,0,0,26,35,0,0,3,2,70,3,1,2,1,0,0,6,11,99,1,3,48,0,0