STATE,ST_CASE,VEH_NO,VE_FORMS,NUMOCCS,DAY,MONTH,HOUR,MINUTE,HARM_EV,MAN_COLL,UNITTYPE,HIT_RUN,REG_STAT,OWNER,MAKE,MODEL,MAK_MOD,BODY_TYP,MOD_YEAR,VIN,VIN_1,VIN_2,VIN_3,VIN_4,VIN_5,VIN_6,VIN_7,VIN_8,VIN_9,VIN_10,VIN_11,VIN_12,TOW_VEH,VINTYPE,VINMAKE,VINA_MOD,VIN_BT,VINMODYR,VIN_LNGT,VIN_WGT,WGTCD_TR,WHLBS_LG,WHLBS_SH,SER_TR,FUELCODE,MCYCL_DS,J_KNIFE,MCARR_I1,MCARR_I2,MCARR_ID,GVWR,V_CONFIG,CARGO_BT,HAZ_INV,HAZ_PLAC,HAZ_ID,HAZ_CNO,HAZ_REL,BUS_USE,SPEC_USE,EMER_USE,TRAV_SP,UNDERIDE,ROLLOVER,ROLINLOC,IMPACT1,IMPACT2,DEFORMED,TOWED,M_HARM,VEH_SC1,VEH_SC2,FIRE_EXP,DR_PRES,L_STATE,DR_ZIP,L_STATUS,L_TYPE,CDL_STAT,L_ENDORS,L_COMPL,L_RESTRI,DR_HGT,DR_WGT,PREV_ACC,PREV_SUS,PREV_DWI,PREV_SPD,PREV_OTH,FIRST_MO,FIRST_YR,LAST_MO,LAST_YR,SPEEDREL,DR_SF1,DR_SF2,DR_SF3,DR_SF4,VTRAFWAY,VNUM_LAN,VSPD_LIM,VALIGN,VPROFILE,VPAVETYP,VSURCOND,VTRAFCON,VTCONT_F,P_CRASH1,P_CRASH2,P_CRASH3,PCRASH4,PCRASH5,ACC_TYPE,DEATHS,DR_DRINK
17,170066,2,2,1,1,2,9,28,12,6,1,0,17,2,20,481,20481,31,1999,1GCEC14T3XZ1,1,G,C,E,C,1,4,T,3,X,Z,1,0,T,CHEV,SC1,PK,99,17,,2,1330,1190,SIL,G,,0,0,000000000,00000000000,0,0,0,1,0,0,0,0,0,0,0,998,0,0,0,12,12,6,2,12,0,0,0,1,17,62638,6,1,0,0,3,3,71,155,0,0,0,0,0,0,0,0,0,0,0,0,0,0,1,2,55,1,1,2,1,0,0,1,66,1,1,1,86,0,0
17,170067,1,2,1,4,2,18,59,12,1,1,0,0,0,98,998,98998,92,9999,005896P,0,0,5,8,9,6,P,,,,,,0,P,,,,,,,,,,,,,0,0,000000000,00000000000,0,0,0,1,0,0,0,0,0,0,0,0,0,0,0,6,6,6,2,12,0,0,0,1,17,62563,6,2,0,0,3,3,72,210,0,0,0,0,0,0,0,0,0,0,23,0,0,0,1,2,55,1,1,2,1,0,0,7,53,1,1,1,21,0,0
17,170067,2,2,2,4,2,18,59,12,1,1,0,17,1,6,43,6043,1,2000,3C3EL45H4YT2,3,C,3,E,L,4,5,H,4,Y,T,2,0,P,CHRY,SJX,CV,0,17,3360,,0,1060,,G,,0,0,000000000,00000000000,0,0,0,1,0,0,0,0,0,0,0,65,2,0,0,12,12,6,2,12,0,0,0,1,17,62558,6,1,0,0,3,3,66,130,0,0,0,0,0,0,0,0,0,1,0,0,0,0,1,2,55,1,1,2,1,0,0,1,50,1,1,1,20,1,0
17,170068,1,1,2,9,2,20,7,10,0,1,0,17,1,18,2,18002,4,2001,1G4HP54K5142,1,G,4,H,P,5,4,K,5,1,4,2,0,P,BUIC,LCF,4D,1,17,3567,,0,1122,,G,,0,0,000000000,00000000000,0,0,0,1,0,0,0,0,0,0,0,0,0,0,0,82,82,6,2,10,0,0,0,1,17,60070,6,1,0,0,3,3,65,175,0,0,0,0,0,0,0,0,0,0,39,87,0,0,2,2,35,1,2,2,3,65,3,5,18,1,1,1,15,1,1
17,170069,1,1,1,29,1,19,13,34,0,1,0,17,1,22,441,22441,20,1992,1GMDU06L1NT2,1,G,M,D,U,0,6,L,1,N,T,2,0,P,PONT,TSP,SV,92,17,3599,,0,1098,,G,,0,0,000000000,00000000000,0,0,0,1,0,0,0,0,0,0,0,30,0,1,5,14,14,6,2,1,0,0,0,1,17,61832,6,1,6,0,1,0,68,250,0,0,0,0,0,0,0,0,0,0,0,0,0,0,1,2,55,1,1,2,1,0,0,1,9,1,9,4,1,1,1
17,170070,1,3,1,20,2,9,58,12,2,1,0,17,2,37,403,37403,14,2008,5J6YH28758L0,5,J,6,Y,H,2,8,7,5,8,L,0,0,P,HOND,ELE,UT,8,17,3661,,0,1014,,G,,0,0,000000000,00000000000,0,0,0,1,0,0,0,0,0,0,0,25,0,0,0,12,12,6,2,12,0,0,0,1,12,33410,6,1,0,0,3,0,69,999,0,0,0,1,0,8,2009,8,2009,0,39,0,0,0,2,2,45,2,1,2,2,20,3,14,15,1,1,2,90,1,1
17,170070,2,3,1,20,2,9,58,12,2,1,0,17,3,12,881,12881,61,2006,1FDAF56P16ED,1,F,D,A,F,5,6,P,1,6,E,D,0,T,FORD,F5D,CB,6,17,,5,2000,1410,DRW,D,,0,88,888888888,88888888888,2,1,1,1,0,0,0,0,0,0,0,45,0,0,0,12,12,6,2,12,0,0,0,1,17,60099,6,1,0,0,3,0,68,190,0,0,0,0,0,0,0,0,0,0,0,0,0,0,2,2,45,3,1,2,2,0,0,14,66,8,1,2,90,0,1
17,170070,3,3,4,20,2,9,58,12,2,1,0,55,1,13,421,13421,15,1999,5LMPU28L8XLJ,5,L,M,P,U,2,8,L,8,X,L,J,0,P,LINC,NAV,UT,99,17,5557,,0,1190,,G,,0,0,000000000,00000000000,0,0,0,1,0,0,0,0,0,0,0,998,0,0,0,12,12,6,2,12,0,0,0,1,55,53146,6,1,0,0,3,0,65,190,1,0,0,2,1,10,2007,12,2009,0,0,0,0,0,2,2,45,3,1,2,2,0,0,14,62,1,1,1,98,0,1
17,170071,1,1,2,10,1,1,52,33,0,1,0,17,2,35,39,35039,4,2000,JN1CA31A9YT0,J,N,1,C,A,3,1,A,9,Y,T,0,0,P,NISS,MGS,4D,0,17,3071,,0,1083,,G,,0,0,000000000,00000000000,0,0,0,1,0,0,0,0,0,0,0,998,0,1,5,14,13,6,2,1,0,0,0,1,17,60184,6,1,0,0,3,0,70,150,0,0,0,2,0,2,2009,4,2009,1,0,0,0,0,1,2,30,3,1,2,10,0,0,14,6,9,2,4,7,1,1
17,170072,1,1,1,15,1,7,50,34,0,1,0,17,3,23,481,23481,31,2003,1GTEK14T43Z1,1,G,T,E,K,1,4,T,4,3,Z,1,0,T,GMC,NK1,PK,3,17,,2,1330,1190,SIE,G,,0,0,000000000,00000000000,0,0,0,1,0,0,0,0,0,0,0,998,0,1,5,6,6,6,2,1,0,0,0,1,17,60444,6,1,0,0,3,0,64,250,0,0,0,0,0,0,0,0,0,1,0,0,0,0,1,2,55,1,1,2,4,0,0,1,6,1,4,4,2,1,0
17,170073,1,1,4,30,1,1,31,42,0,1,0,17,2,59,31,59031,4,2005,JTHBA30GX551,J,T,H,B,A,3,0,G,X,5,5,1,0,P,LEXS,E33,4D,5,17,3472,,0,1071,,G,,0,0,000000000,00000000000,0,0,0,1,0,0,0,0,0,0,0,998,0,1,5,3,13,6,2,1,0,0,0,1,17,60446,6,1,0,0,3,0,70,220,0,0,0,1,0,4,2009,4,2009,9,0,0,0,0,1,4,35,3,1,2,1,0,0,99,99,99,9,4,1,4,1
17,170075,1,4,2,4,2,12,38,12,6,1,0,17,1,41,47,41047,4,1995,JM1TA2224S11,J,M,1,T,A,2,2,2,4,S,1,1,0,P,MAZD,MLS,4D,95,17,3391,,0,1083,,G,,0,0,000000000,00000000000,0,0,0,1,0,0,0,0,0,0,0,998,0,0,0,12,62,6,2,12,0,0,0,1,17,60643,6,1,0,0,3,0,65,130,0,0,0,0,0,0,0,0,0,1,36,39,0,0,5,2,40,1,1,2,1,3,9,1,17,1,1,1,45,1,0
17,170075,2,4,1,4,2,12,38,12,6,1,0,17,3,98,809,98809,63,2009,2FZACGDT99AA,2,F,Z,A,C,G,D,T,9,9,A,A,0,T,STRG,ACT,CC,9,17,,7,0,0,STE,D,,0,99,999999999,99999999999,3,1,1,1,0,0,0,0,0,0,0,998,0,0,0,82,98,6,2,12,0,0,0,1,17,60629,6,1,6,0,3,0,71,420,0,0,0,0,0,0,0,0,0,0,0,0,0,0,2,2,40,1,1,2,1,3,3,1,17,1,1,1,44,0,0
17,170075,3,4,1,4,2,12,38,12,6,1,0,17,2,49,43,49043,4,2005,4T1BK36B95U0,4,T,1,B,K,3,6,B,9,5,U,0,0,P,TOYT,UTS,4D,5,17,3417,,0,1071,,G,,0,0,000000000,00000000000,0,0,0,1,0,0,0,0,0,0,0,998,0,0,0,82,82,6,2,12,0,0,0,1,17,60430,6,1,0,0,3,3,62,150,0,0,0,0,0,0,0,0,0,0,0,0,0,0,2,2,40,1,1,1,2,3,3,1,17,1,1,1,98,0,0
17,170075,4,4,1,4,2,12,38,12,6,1,0,17,2,13,1,13001,4,2001,1LNHM81W21Y7,1,L,N,H,M,8,1,W,2,1,Y,7,0,P,LINC,EXC,4D,1,17,4057,,0,1177,,G,,0,0,000000000,00000000000,0,0,0,1,0,0,0,0,0,0,0,998,0,0,0,62,62,2,1,12,0,0,0,1,17,60411,6,1,0,0,3,0,67,188,0,0,0,0,0,0,0,0,0,0,0,0,0,0,2,2,40,1,1,2,1,3,3,1,17,1,1,1,98,0,0
17,170076,1,2,1,25,2,19,4,12,2,1,0,17,1,2,404,2404,14,2005,1J4HR58205C6,1,J,4,H,R,5,8,2,0,5,C,6,0,T,JEEP,LMT,4W,5,17,,1,0,1095,GCK,G,,0,0,000000000,00000000000,0,0,0,1,0,0,0,0,0,0,0,998,0,0,0,12,98,6,2,2,0,0,1,1,17,61073,6,1,0,0,3,0,73,250,0,0,0,0,0,0,0,0,0,0,28,0,0,0,1,2,50,1,1,1,1,0,0,1,10,1,1,2,50,0,0
17,170076,2,2,3,25,2,19,4,12,2,1,0,17,1,12,401,12401,14,1999,1FMZU34E7XUB,1,F,M,Z,U,3,4,E,7,X,U,B,0,P,FORD,EPR,UT,99,17,4128,,0,1116,,G,,0,0,000000000,00000000000,0,0,0,1,0,0,0,0,0,0,0,998,0,0,0,12,98,6,2,2,0,0,1,1,17,61008,6,1,0,0,3,3,67,190,0,0,0,2,0,5,2007,5,2008,0,0,0,0,0,1,2,50,1,1,1,1,0,0,1,62,1,1,1,51,1,0
17,170077,1,1,2,27,2,0,16,1,0,1,0,17,1,22,20,22020,2,2000,1G2WR121XYF2,1,G,2,W,R,1,2,1,X,Y,F,2,0,P,PONT,GTP,CP,0,17,3455,,0,1105,,G,,0,0,000000000,00000000000,0,0,0,1,0,0,0,0,0,0,0,998,0,2,5,0,98,6,2,1,0,0,0,1,17,62230,6,1,6,0,3,0,71,150,0,0,0,1,0,11,2009,11,2009,1,0,0,0,0,1,2,55,1,1,2,1,0,0,1,6,6,2,4,2,2,1
17,170078,1,1,1,22,2,5,6,42,0,1,0,17,3,20,2,20002,4,2005,2G1WF55K2593,2,G,1,W,F,5,5,K,2,5,9,3,0,P,CHEV,IMP,4D,5,17,3389,,0,1105,,G,,0,0,000000000,00000000000,0,0,0,1,0,0,0,0,0,5,1,998,0,0,0,9,9,6,2,42,0,0,0,1,17,60641,6,1,0,0,3,3,72,185,0,0,0,0,0,0,0,0,0,0,37,0,0,0,3,4,40,1,3,1,3,0,0,1,5,1,4,4,2,1,0
17,170079,1,4,1,9,2,8,27,12,6,1,0,17,2,12,17,12017,4,2005,1FAFP56U75A2,1,F,A,F,P,5,6,U,7,5,A,2,0,P,FORD,TEL,4D,5,17,3313,,0,1085,,G,,0,0,000000000,00000000000,0,0,0,1,0,0,0,0,0,0,0,998,0,0,0,3,81,6,2,12,0,0,0,1,17,60432,6,1,0,0,3,0,64,130,0,0,0,0,0,0,0,0,0,0,0,0,0,0,1,4,45,1,1,2,3,0,0,1,10,1,3,2,64,1,1
17,170079,2,4,1,9,2,8,27,12,6,1,0,17,1,14,17,14017,4,2002,1MEHM55S92G6,1,M,E,H,M,5,5,S,9,2,G,6,0,P,MERC,SLP,4D,2,17,3387,,0,1085,,G,,0,0,000000000,00000000000,0,0,0,1,0,0,0,0,0,0,0,998,0,0,0,12,12,6,2,12,0,0,0,1,17,60053,6,1,0,0,3,3,71,280,0,0,0,0,0,0,0,0,0,0,0,0,0,0,1,4,45,1,1,2,3,0,0,1,62,1,1,1,65,0,0
17,170079,3,4,1,9,2,8,27,12,6,1,0,17,2,63,31,63031,4,2000,KNAFB1210Y58,K,N,A,F,B,1,2,1,0,Y,5,8,0,P,KIA,SPL,4D,0,17,2478,,0,1008,,G,,0,0,000000000,00000000000,0,0,0,1,0,0,0,0,0,0,0,998,0,0,0,12,12,6,2,12,0,0,0,1,17,60446,6,1,0,0,3,3,64,124,0,0,0,0,0,0,0,0,0,0,0,0,0,0,1,4,45,1,1,2,3,0,0,1,52,1,1,1,98,0,0
17,170079,4,4,1,9,2,8,27,12,6,1,0,17,1,41,51,41051,4,2009,JM1BK32F2912,J,M,1,B,K,3,2,F,2,9,1,2,0,P,MAZD,M3I,4D,9,17,2780,,0,1039,,G,,0,0,000000000,00000000000,0,0,0,1,0,0,0,0,0,0,0,998,0,0,0,14,14,6,2,41,0,0,0,1,17,60657,6,1,0,0,3,0,64,100,0,0,0,0,0,0,0,0,0,0,0,0,0,0,1,4,45,1,1,2,3,0,0,1,52,7,1,4,98,0,0
17,170080,1,1,2,6,3,3,18,8,0,1,0,13,1,24,1,24001,4,2000,1G8ZF5287YZ1,1,G,8,Z,F,5,2,8,7,Y,Z,1,0,P,STRN,SSL,4D,0,17,2332,,0,1024,,G,,0,0,000000000,00000000000,0,0,0,1,0,0,0,0,0,0,0,998,0,0,0,12,12,6,2,8,0,0,0,1,13,30904,6,1,0,0,3,0,70,225,98,0,0,0,0,0,0,0,0,0,0,0,0,0,2,2,65,1,1,1,1,0,0,1,80,9,1,2,13,0,0
17,170081,1,2,3,8,3,17,7,12,6,1,0,17,2,20,16,20016,2,1998,1G1JC1244WM1,1,G,1,J,C,1,2,4,4,W,M,1,0,P,CHEV,C/S,CP,98,17,2584,,0,1041,,G,,0,0,000000000,00000000000,0,0,0,1,0,0,0,0,0,0,0,998,0,0,0,3,3,6,2,12,0,0,0,1,17,60435,6,1,0,0,3,0,62,121,0,0,0,0,0,0,0,0,0,0,39,0,0,0,1,2,50,1,1,2,1,20,3,1,17,1,1,1,87,1,0
17,170081,2,2,1,8,3,17,7,12,6,1,0,17,3,12,481,12481,31,2004,1FDWF36LX4EC,1,F,D,W,F,3,6,L,X,4,E,C,0,T,FORD,F3D,CB,4,17,,3,1650,1410,DRW,G,,0,0,000000000,00000000000,0,0,0,1,0,0,0,0,0,0,0,998,0,0,0,12,12,6,2,12,0,0,0,1,17,60433,6,1,0,0,3,3,70,160,0,0,0,0,0,0,0,0,0,0,0,0,0,0,1,2,50,1,1,2,1,0,0,1,66,1,1,1,86,0,0
17,170082,1,2,3,12,3,16,28,12,6,1,0,29,2,18,2,18002,4,1995,1G4HP52L4SH5,1,G,4,H,P,5,2,L,4,S,H,5,0,P,BUIC,LCF,4D,95,17,3422,,0,1108,,G,,0,0,000000000,00000000000,0,0,0,1,0,0,0,0,0,0,0,998,0,0,0,3,3,6,2,12,0,0,0,1,29,63147,2,1,0,0,2,2,70,200,0,2,0,0,1,4,2008,11,2008,0,74,38,0,0,2,2,55,1,1,2,2,20,3,11,54,1,1,2,68,2,1
17,170082,2,2,1,12,3,16,28,12,6,1,0,17,2,20,481,20481,31,1999,3GNEK18R1XG1,3,G,N,E,K,1,8,R,1,X,G,1,0,P,CHEV,KTA,UT,99,17,4858,,0,1115,,G,,0,0,000000000,00000000000,0,0,0,1,0,0,0,0,0,0,0,998,0,0,0,12,12,6,2,12,0,0,0,1,17,62060,6,1,0,0,3,0,69,230,0,0,0,0,0,0,0,0,0,0,0,0,0,0,2,2,55,1,1,2,2,0,0,1,66,1,1,1,69,0,0
17,170083,1,1,3,6,3,16,21,1,0,1,0,17,1,53,402,53402,14,1999,JS3TD62V6X41,J,S,3,T,D,6,2,V,6,X,4,1,0,P,SUZI,GVT,UT,99,17,3197,,0,976,,G,,0,0,000000000,00000000000,0,0,0,1,0,0,0,0,0,0,0,998,0,1,3,0,98,6,2,1,0,0,0,1,17,61866,6,1,6,0,3,3,66,196,0,0,0,0,0,0,0,0,0,0,92,0,0,0,2,2,65,2,1,1,1,0,0,14,12,1,1,4,6,1,0
17,170084,1,2,1,20,1,7,53,12,6,1,0,17,2,21,3,21003,4,1988,1G3CW51C6J13,1,G,3,C,W,5,1,C,6,J,1,3,0,P,OLDS,RBF,4D,88,17,3253,,0,1108,,G,,0,0,000000000,00000000000,0,0,0,1,0,0,0,0,0,0,0,998,0,0,0,9,9,6,2,12,0,0,0,1,17,60616,6,1,0,0,3,0,70,230,0,0,0,0,0,0,0,0,0,0,0,0,0,0,1,2,30,1,1,2,1,20,3,1,17,1,1,1,89,1,0
17,170084,2,2,3,20,1,7,53,12,6,1,0,17,1,2,404,2404,14,1999,1J4GW68N3XC6,1,J,4,G,W,6,8,N,3,X,C,6,0,T,JEEP,LMT,4W,99,17,,1,0,1059,GCK,G,,0,0,000000000,00000000000,0,0,0,1,0,0,0,0,0,0,0,998,0,0,0,12,12,6,2,12,0,0,0,1,17,60619,6,1,0,0,3,2,62,120,0,0,0,1,2,11,2008,1,2010,0,74,0,0,0,1,2,30,1,1,2,1,0,0,1,66,1,1,1,88,0,0
17,170085,1,2,1,1,2,21,38,12,6,1,0,17,1,49,40,49040,4,1993,4T1VK13E8PU0,4,T,1,V,K,1,3,E,8,P,U,0,0,P,TOYT,XLE,4D,93,17,3097,,0,1031,,G,,0,0,000000000,00000000000,0,0,0,1,0,0,0,0,0,0,0,998,0,0,0,12,12,6,2,12,0,0,0,1,17,60077,6,1,0,0,3,3,67,140,0,0,0,0,0,0,0,0,0,1,36,0,0,0,5,4,30,1,1,2,1,0,0,1,66,1,1,1,86,0,1
17,170085,2,2,5,1,2,21,38,12,6,1,0,17,2,37,31,37031,3,1998,2HGEJ6347WH1,2,H,G,E,J,6,3,4,7,W,H,1,0,P,HOND,UCD,2H,98,17,2253,,0,1032,,G,,0,0,000000000,00000000000,0,0,0,1,0,0,0,0,0,0,0,998,0,0,0,82,82,6,2,12,0,0,0,1,17,60612,2,1,0,0,2,2,76,210,0,3,0,3,5,7,2008,1,2010,0,74,0,0,0,5,4,30,1,1,2,1,0,0,1,17,1,1,1,87,3,0
17,170086,1,1,1,2,2,22,0,9,0,1,1,99,9,99,999,99999,99,9999,999999999999,9,9,9,9,9,9,9,9,9,9,9,9,0,U,,,,9,17,,,,,,,,0,99,999999999,99999999999,9,99,99,1,0,0,0,0,99,99,9,999,0,0,0,12,99,9,1,99,99,99,0,1,99,99999,9,9,99,9,9,9,999,999,99,99,99,99,99,99,9999,99,9999,0,0,0,0,0,1,2,45,1,2,2,2,0,0,99,99,99,9,9,13,0,0
17,170087,1,1,1,2,2,4,30,8,0,1,0,17,3,86,998,86998,97,2003,1M2K189C53M0,1,M,2,K,1,8,9,C,5,3,M,0,0,T,MACK,MR6,TL,3,17,,8,0,0,600,D,,0,0,000000000,00000000000,0,0,0,1,0,0,0,0,0,0,0,998,0,0,0,6,6,0,1,8,0,0,0,1,17,60452,6,1,6,0,3,0,72,195,0,0,0,0,0,0,0,0,0,0,0,0,0,0,4,1,0,1,1,2,1,0,0,13,80,1,1,1,98,0,0
17,170088,1,1,2,4,2,2,16,21,0,1,0,17,2,19,3,19003,2,1989,1G6CD1159K42,1,G,6,C,D,1,1,5,9,K,4,2,0,P,CADI,DFW,CP,89,17,3302,,0,1108,,G,,0,0,000000000,00000000000,0,0,0,1,0,0,0,0,0,0,0,998,0,0,0,12,12,6,2,21,0,0,0,1,17,60621,0,0,0,0,0,0,999,999,0,0,0,0,0,0,0,0,0,0,0,0,0,0,3,2,30,1,1,2,1,0,0,1,12,1,1,4,6,2,1
17,170089,1,2,1,5,2,10,33,12,6,1,0,17,2,6,51,6051,4,2006,2C3KA63H96H2,2,C,3,K,A,6,3,H,9,6,H,2,0,P,CHRY,30C,4D,6,17,3980,,0,1200,,G,,0,0,000000000,00000000000,0,0,0,1,0,0,0,0,0,0,0,998,0,0,0,9,9,6,2,12,0,0,1,1,17,60901,6,1,0,0,3,3,63,135,0,0,0,0,0,0,0,0,0,0,28,0,0,0,1,4,55,1,1,2,1,0,0,15,10,1,1,2,46,1,0
17,170089,2,2,1,5,2,10,33,12,6,1,0,17,3,84,884,84884,66,1995,2HSFHALR4SC0,2,H,S,F,H,A,L,R,4,S,C,0,1,T,INTL,940,TM,95,17,,8,2340,1600,90S,D,,1,57,00244829,5700244829,3,6,1,1,0,0,0,0,0,0,0,998,0,0,0,1,1,6,2,12,0,0,1,1,17,60940,6,1,6,0,3,0,72,175,0,0,0,0,0,0,0,0,0,0,0,0,0,0,1,4,55,1,1,2,1,0,0,1,61,8,1,1,45,0,0
17,170090,1,1,1,9,2,14,15,8,0,1,0,17,1,20,481,20481,31,2005,1GBJC33U35F8,1,G,B,J,C,3,3,U,3,5,F,8,0,T,CHEV,SC3,CW,5,17,,3,0,1670,SIL,G,,0,0,000000000,00000000000,0,0,0,1,0,0,0,0,0,0,0,999,0,0,0,6,6,2,1,8,0,0,0,1,17,60626,6,1,0,0,3,0,72,187,0,0,0,1,1,4,2007,2,2010,0,0,0,0,0,1,2,30,1,1,2,3,0,0,13,80,1,1,1,98,0,0
17,170091,1,1,2,21,1,17,10,8,0,1,0,17,1,20,441,20441,20,1997,1GNDM19W2VB1,1,G,N,D,M,1,9,W,2,V,B,1,0,T,CHEV,AST,ES,97,17,,1,0,1110,AST,G,,0,0,000000000,00000000000,0,0,0,1,0,0,0,0,0,0,0,25,0,0,0,12,0,2,3,8,0,0,0,1,17,60625,0,0,0,0,0,0,999,999,0,0,0,0,0,0,0,0,0,0,38,0,0,0,2,2,30,1,1,2,2,20,3,1,80,1,1,1,13,0,0
17,170092,1,1,2,23,1,2,30,30,0,1,0,17,1,18,2,18002,4,1994,1G4HP52L0RH4,1,G,4,H,P,5,2,L,0,R,H,4,0,P,BUIC,LCF,4D,94,17,3449,,0,1108,,G,,0,0,000000000,00000000000,0,0,0,1,0,0,0,0,0,0,0,998,0,0,0,12,98,6,2,30,0,0,0,1,17,60154,6,1,0,0,3,0,64,145,1,0,0,0,1,8,2007,4,2008,1,0,0,0,0,2,2,30,1,1,2,2,0,0,1,6,1,2,4,2,1,1
17,170093,1,1,2,20,2,3,35,10,0,1,0,17,2,22,18,22018,2,1997,1G2NE12T1VC7,1,G,2,N,E,1,2,T,1,V,C,7,0,P,PONT,GAS,CP,97,17,2695,,0,1034,,G,,0,0,000000000,00000000000,0,0,0,1,0,0,0,0,0,0,0,0,0,0,0,3,98,6,2,10,0,0,0,1,17,62049,6,1,0,0,3,0,74,260,0,0,0,0,0,0,0,0,0,0,99,99,99,99,1,2,35,1,2,2,1,65,3,5,3,10,1,1,98,1,0
17,170094,1,2,1,13,1,1,15,12,6,1,0,17,1,21,2,21002,4,1995,1G3HN52K8SH3,1,G,3,H,N,5,2,K,8,S,H,3,0,P,OLDS,88R,4D,95,17,3439,,0,1108,,G,,0,0,000000000,00000000000,0,0,0,1,0,0,0,0,0,0,0,998,0,0,0,3,98,6,2,12,0,0,0,1,17,60174,6,1,0,0,3,0,77,200,1,0,0,1,0,4,2007,4,2007,0,28,0,0,0,1,2,45,1,1,2,1,0,0,1,10,1,1,2,64,1,1
17,170094,2,2,1,13,1,1,15,12,6,1,0,17,1,12,481,12481,31,2006,1FTSW21P26EA,1,F,T,S,W,2,1,P,2,6,E,A,0,T,FORD,F2S,CW,6,17,,2,1720,1560,SRW,D,,0,0,000000000,00000000000,0,0,0,1,0,0,0,0,0,0,0,998,0,0,0,12,12,6,2,12,0,0,0,1,17,60174,6,1,6,0,3,0,68,155,0,0,0,0,0,0,0,0,0,0,0,0,0,0,1,2,45,1,1,2,1,0,0,1,62,1,1,1,65,0,0
17,170095,1,1,2,19,1,2,26,14,0,1,0,17,2,7,442,7442,20,2006,1D4HB48266F1,1,D,4,H,B,4,8,2,6,6,F,1,0,P,DODG,DUR,UT,6,17,4859,,0,1192,,G,,0,0,000000000,00000000000,0,0,0,1,0,0,0,0,0,0,0,998,0,1,1,1,1,6,2,1,0,0,0,1,17,60641,6,1,0,0,3,0,66,140,0,0,0,1,1,4,2008,4,2009,0,38,0,0,0,1,4,30,1,1,2,1,0,0,1,11,1,1,4,1,1,1
17,170096,1,2,1,10,1,19,20,12,6,1,0,17,1,20,482,20482,31,2006,3GNEK12Z36G1,3,G,N,E,K,1,2,Z,3,6,G,1,0,P,CHEV,AVL,UT,6,17,5654,,0,1300,,F,,0,0,000000000,00000000000,0,0,0,1,0,0,0,0,0,0,0,998,0,0,0,12,12,6,2,12,0,0,0,1,17,60473,6,1,0,0,3,0,72,200,0,0,0,1,0,10,2008,10,2008,1,39,0,0,0,1,2,30,1,1,2,1,3,3,1,17,1,1,1,69,0,1
17,170096,2,2,2,10,1,19,20,12,6,1,0,17,2,18,7,18007,4,1999,2G4WS52M6X15,2,G,4,W,S,5,2,M,6,X,1,5,0,P,BUIC,CCU,4D,99,17,3353,,0,1090,,G,,0,0,000000000,00000000000,0,0,0,1,0,0,0,0,0,0,0,998,0,0,0,3,3,6,2,12,0,0,0,1,17,60628,6,1,0,0,3,3,67,195,0,0,0,0,0,0,0,0,0,0,0,0,0,0,1,2,30,1,1,2,1,3,3,11,66,1,1,1,68,1,0
17,170097,1,2,1,20,1,9,18,12,6,1,0,17,3,20,481,20481,31,2007,2GCEK13Z9711,2,G,C,E,K,1,3,Z,9,7,1,1,0,T,CHEV,1KW,CW,7,17,,2,0,1435,SIL,F,,0,0,000000000,00000000000,0,0,0,1,0,0,0,0,0,0,0,998,0,0,0,12,12,6,2,12,0,0,0,1,17,61334,6,1,0,0,3,3,70,200,0,0,0,1,0,5,2009,5,2009,0,39,0,0,0,1,2,55,1,1,2,1,20,3,1,17,1,1,1,88,0,0
17,170097,2,2,2,20,1,9,18,12,6,1,0,17,1,49,40,49040,4,2009,4T1BE46K09U9,4,T,1,B,E,4,6,K,0,9,U,9,0,P,TOYT,CBA,4D,9,17,3263,,0,1090,,G,,0,0,000000000,00000000000,0,0,0,1,0,0,0,0,0,0,0,998,0,0,0,11,61,6,2,12,0,0,0,1,17,61321,6,1,0,0,3,3,72,260,0,0,0,0,0,0,0,0,0,0,0,0,0,0,1,2,55,1,1,2,1,0,0,1,66,1,1,1,89,1,0
17,170098,1,1,1,12,2,15,7,33,0,1,0,17,1,18,7,18007,4,1992,1G4AG54NXN64,1,G,4,A,G,5,4,N,X,N,6,4,0,P,BUIC,CSP,4D,92,17,2914,,0,1047,,G,,0,0,000000000,00000000000,0,0,0,1,0,0,0,0,0,0,0,998,0,0,0,14,98,6,2,42,0,0,0,1,17,60426,6,1,0,0,3,3,72,230,0,0,0,0,0,0,0,0,0,0,99,99,99,99,2,2,40,2,1,2,1,0,0,14,9,1,1,4,6,1,0
17,170099,1,1,1,16,2,18,30,8,0,1,0,17,1,7,442,7442,20,1998,2B4GP44R3WR7,2,B,4,G,P,4,4,R,3,W,R,7,0,P,DODG,CAR,SV,98,17,3675,,0,1193,,G,,0,0,000000000,00000000000,0,0,0,1,0,0,0,0,0,0,0,998,0,0,0,12,12,6,2,8,0,0,0,1,17,60636,6,1,0,0,3,0,68,145,0,0,0,0,1,5,2007,5,2007,1,38,0,0,0,2,2,30,1,1,2,1,0,0,1,80,1,1,1,13,0,1
17,170100,1,1,1,16,3,7,26,32,0,1,0,17,2,20,403,20403,14,2003,1GNDT13S3321,1,G,N,D,T,1,3,S,3,3,2,1,0,P,CHEV,TRL,UT,3,17,4600,,0,1130,,G,,0,0,000000000,00000000000,0,0,0,1,0,0,0,0,0,0,0,998,0,0,0,14,81,6,2,42,0,0,0,1,17,62983,6,1,0,0,3,0,65,125,0,0,0,0,0,0,0,0,0,0,0,0,0,0,1,2,55,1,1,2,1,0,0,1,12,1,1,4,6,1,0