STATE,ST_CASE,VEH_NO,VE_FORMS,NUMOCCS,DAY,MONTH,HOUR,MINUTE,HARM_EV,MAN_COLL,UNITTYPE,HIT_RUN,REG_STAT,OWNER,MAKE,MODEL,MAK_MOD,BODY_TYP,MOD_YEAR,VIN,VIN_1,VIN_2,VIN_3,VIN_4,VIN_5,VIN_6,VIN_7,VIN_8,VIN_9,VIN_10,VIN_11,VIN_12,TOW_VEH,VINTYPE,VINMAKE,VINA_MOD,VIN_BT,VINMODYR,VIN_LNGT,VIN_WGT,WGTCD_TR,WHLBS_LG,WHLBS_SH,SER_TR,FUELCODE,MCYCL_DS,J_KNIFE,MCARR_I1,MCARR_I2,MCARR_ID,GVWR,V_CONFIG,CARGO_BT,HAZ_INV,HAZ_PLAC,HAZ_ID,HAZ_CNO,HAZ_REL,BUS_USE,SPEC_USE,EMER_USE,TRAV_SP,UNDERIDE,ROLLOVER,ROLINLOC,IMPACT1,IMPACT2,DEFORMED,TOWED,M_HARM,VEH_SC1,VEH_SC2,FIRE_EXP,DR_PRES,L_STATE,DR_ZIP,L_STATUS,L_TYPE,CDL_STAT,L_ENDORS,L_COMPL,L_RESTRI,DR_HGT,DR_WGT,PREV_ACC,PREV_SUS,PREV_DWI,PREV_SPD,PREV_OTH,FIRST_MO,FIRST_YR,LAST_MO,LAST_YR,SPEEDREL,DR_SF1,DR_SF2,DR_SF3,DR_SF4,VTRAFWAY,VNUM_LAN,VSPD_LIM,VALIGN,VPROFILE,VPAVETYP,VSURCOND,VTRAFCON,VTCONT_F,P_CRASH1,P_CRASH2,P_CRASH3,PCRASH4,PCRASH5,ACC_TYPE,DEATHS,DR_DRINK
17,170101,1,1,1,7,3,4,10,24,0,1,0,17,1,20,461,20461,21,1994,1GBEG25KXRF1,1,G,B,E,G,2,5,K,X,R,F,1,0,T,CHEV,SV2,IC,94,17,,2,1250,1100,S/V,G,,0,0,000000000,00000000000,0,0,0,1,0,0,0,0,0,0,0,998,0,0,0,11,12,6,2,21,0,0,0,1,17,60827,6,1,0,0,3,3,72,245,0,0,0,1,1,3,2008,8,2008,0,0,0,0,0,3,4,45,1,1,1,1,0,0,1,13,1,1,4,1,1,1
17,170102,1,2,1,20,2,4,10,12,6,1,0,17,1,55,401,55401,14,2008,5NMSG13D38H1,5,N,M,S,G,1,3,D,3,8,H,1,0,P,HYUN,SAN,UT,8,17,3727,,0,1063,,G,,0,0,000000000,00000000000,0,0,0,1,0,0,0,0,0,0,0,998,0,0,0,12,12,6,2,12,0,0,0,1,17,60707,6,1,0,0,3,3,62,120,0,0,0,0,0,0,0,0,0,1,39,0,0,0,2,2,30,1,1,2,3,3,3,1,17,1,1,1,86,0,1
17,170102,2,2,3,20,2,4,10,12,6,1,0,17,1,2,403,2403,14,2001,1J4FA49SX1P3,1,J,4,F,A,4,9,S,X,1,P,3,0,T,JEEP,SPW,2W,1,17,,1,0,934,W/T,G,,0,0,000000000,00000000000,0,0,0,1,0,0,0,0,0,0,0,998,0,0,0,3,3,6,2,12,0,0,0,1,17,60656,6,1,0,0,3,0,72,180,0,0,0,0,0,0,0,0,0,0,0,0,0,0,2,2,30,1,1,2,3,3,3,1,17,1,1,1,87,1,0
17,170103,1,1,1,23,2,5,25,8,0,1,1,17,2,7,25,7025,5,2008,1B3HB28B08D5,1,B,3,H,B,2,8,B,0,8,D,5,0,P,DODG,CLB,4D,8,17,2966,,0,1037,,G,,0,0,000000000,00000000000,0,0,0,1,0,0,0,0,0,0,0,65,0,0,0,12,12,2,1,8,0,0,0,1,17,60637,2,1,0,0,2,0,999,999,0,0,0,0,0,0,0,0,0,1,87,0,0,0,2,2,30,1,1,2,2,3,3,1,17,1,1,1,13,0,0
17,170104,1,1,1,23,2,17,4,8,0,1,0,17,3,98,983,98983,51,2008,YE2DG11B4820,Y,E,2,D,G,1,1,B,4,8,2,0,0,U,,,,8,17,,,,,,,,0,57,1538200,571538200,3,21,22,1,0,0,0,0,4,0,0,2,0,0,0,12,98,6,2,8,0,0,0,1,17,60411,6,1,6,3,3,3,62,265,0,0,0,1,0,6,2007,6,2007,0,38,0,0,0,4,2,30,1,1,2,1,3,3,1,81,1,1,1,13,0,0
17,170105,1,2,1,2,3,13,13,12,6,1,0,17,2,52,46,52046,4,2004,JA3AJ26E74U0,J,A,3,A,J,2,6,E,7,4,U,0,0,P,MITS,LES,4D,4,17,2656,,0,1024,,G,,0,0,000000000,00000000000,0,0,0,1,0,0,0,0,0,0,0,998,0,0,0,9,9,6,2,12,0,0,0,1,17,60142,6,1,0,0,3,0,69,170,0,0,0,0,1,4,2009,4,2009,0,38,39,0,0,5,2,55,1,1,2,1,20,3,11,15,1,1,1,82,1,0
17,170105,2,2,1,2,3,13,13,12,6,1,0,17,3,89,882,89882,63,2007,5VCHC6MF27H2,5,V,C,H,C,6,M,F,2,7,H,2,0,T,AUTC,WXL,TL,7,17,,8,0,0,XPD,D,,0,57,811901,57811901,3,1,7,1,0,0,0,0,0,0,0,60,0,0,0,12,12,6,2,12,0,0,0,1,17,61109,6,1,3,0,3,0,74,220,0,0,0,0,0,0,0,0,0,0,0,0,0,0,2,2,55,1,1,2,1,0,0,1,66,1,1,1,83,0,0
17,170106,1,1,1,10,3,0,4,35,0,1,0,17,2,22,16,22016,2,2005,3G2JB12F85S1,3,G,2,J,B,1,2,F,8,5,S,1,0,P,PONT,SFR,CP,5,17,2771,,0,1041,,G,,0,0,000000000,00000000000,0,0,0,1,0,0,0,0,0,0,0,998,0,1,5,14,98,6,2,1,0,0,0,1,17,62017,2,1,0,0,2,3,65,170,0,1,0,2,0,12,2008,3,2009,1,99,99,99,99,1,2,55,2,1,2,2,0,0,14,12,7,1,4,6,1,0
17,170108,1,1,2,15,3,0,44,42,0,1,0,17,1,20,2,20002,4,2003,2G1WH52K6393,2,G,1,W,H,5,2,K,6,3,9,3,0,P,CHEV,IPL,4D,3,17,3466,,0,1105,,G,,0,0,000000000,00000000000,0,0,0,1,0,0,0,0,0,0,0,998,0,0,0,3,98,6,2,42,0,0,0,1,17,60420,6,1,0,0,3,3,72,190,0,0,0,2,1,2,2008,12,2009,1,51,0,0,0,5,2,55,1,1,2,1,0,0,1,10,7,9,4,2,1,1
17,170109,1,1,1,23,3,7,35,14,0,1,0,17,1,20,481,20481,31,2005,2GCEC13T7511,2,G,C,E,C,1,3,T,7,5,1,1,0,T,CHEV,SC1,CW,5,17,,2,0,1435,SIL,G,,0,0,000000000,00000000000,0,0,0,1,0,0,0,0,0,0,0,998,0,0,0,12,12,6,2,14,0,0,0,1,17,61080,6,1,0,0,3,3,70,300,0,0,0,0,0,0,0,0,0,1,28,0,0,0,2,2,55,1,1,1,1,0,0,1,13,1,1,4,11,1,0
17,170110,1,1,1,26,3,5,48,42,0,1,0,5,1,23,481,23481,31,2004,1GTEK14T74Z3,1,G,T,E,K,1,4,T,7,4,Z,3,0,T,GMC,NK1,PK,4,17,,2,1330,1190,SIE,G,,0,0,000000000,00000000000,0,0,0,1,0,0,0,0,0,0,0,998,0,1,5,12,98,6,2,1,0,0,0,1,5,72837,6,1,0,0,3,3,71,260,0,0,0,0,0,0,0,0,0,0,0,0,0,0,1,4,55,1,1,2,1,0,0,1,13,1,1,4,1,1,1
17,170111,1,2,1,14,3,20,2,12,1,1,0,17,1,18,2,18002,4,1991,1G4HP54C6MH4,1,G,4,H,P,5,4,C,6,M,H,4,0,P,BUIC,LCF,4D,91,17,3174,,0,1108,,G,,0,0,000000000,00000000000,0,0,0,1,0,0,0,0,0,0,0,0,0,0,0,6,6,6,2,12,0,0,0,1,17,62205,6,1,0,0,3,3,69,165,0,0,0,0,0,0,0,0,0,1,54,0,0,0,3,2,55,1,1,2,1,0,0,5,53,1,1,1,21,1,0
17,170111,2,2,3,14,3,20,2,12,1,1,0,29,1,7,482,7482,31,2003,1D7HA18N83J5,1,D,7,H,A,1,8,N,8,3,J,5,0,T,DODG,SQ1,CW,3,17,,2,1605,1405,RPC,G,,0,0,000000000,00000000000,0,0,0,1,0,0,0,0,0,0,0,998,0,0,0,12,12,6,2,12,0,0,1,1,29,63031,6,1,0,0,3,0,71,240,0,0,0,0,0,0,0,0,0,1,84,0,0,0,3,2,55,1,1,2,1,0,0,1,50,1,1,1,20,0,0
17,170112,1,2,2,28,3,18,53,12,6,1,0,17,1,12,461,12461,21,1994,1FDEE14YXRHB,1,F,D,E,E,1,4,Y,X,R,H,B,0,T,FORD,15V,IC,94,17,,2,0,1380,VAN,G,,0,0,000000000,00000000000,0,0,0,1,0,0,0,0,0,0,0,998,0,0,0,12,12,6,2,12,0,0,0,1,18,60914,6,1,0,0,3,3,66,180,0,1,0,1,0,10,2007,1,2008,0,39,0,0,0,1,2,55,1,1,2,1,20,3,1,17,1,1,1,88,0,0
17,170112,2,2,1,28,3,18,53,12,6,1,0,17,2,20,16,20016,4,1998,1G1JF5241W71,1,G,1,J,F,5,2,4,1,W,7,1,0,P,CHEV,CAS,4D,98,17,2729,,0,1041,,G,,0,0,000000000,00000000000,0,0,0,1,0,0,0,0,0,0,0,998,0,0,0,9,9,6,2,12,0,0,0,1,17,60914,6,1,0,0,3,0,69,125,0,0,0,0,0,0,0,0,0,0,0,0,0,0,1,2,55,1,1,2,1,0,0,1,66,1,1,1,89,1,0
17,170113,1,1,2,18,3,18,28,9,0,1,1,17,2,12,481,12481,31,2008,1FTNF215X8EB,1,F,T,N,F,2,1,5,X,8,E,B,0,T,FORD,F2S,PK,8,17,,2,0,1370,SRW,G,,0,0,000000000,00000000000,0,0,0,1,0,0,0,0,0,0,0,998,0,0,0,12,12,2,1,9,0,0,0,1,17,60033,6,1,0,0,3,3,74,180,0,0,0,1,0,6,2008,6,2008,0,86,0,0,0,1,2,55,1,1,2,1,0,0,1,83,1,1,1,13,0,0
17,170114,1,2,2,17,3,7,0,12,6,1,0,17,2,12,461,12461,21,1995,1FDEE14N7SHA,1,F,D,E,E,1,4,N,7,S,H,A,0,T,FORD,15V,IC,95,17,,2,0,1380,VAN,G,,0,0,000000000,00000000000,0,0,0,1,0,0,0,0,0,0,0,998,0,0,0,12,98,6,2,12,0,0,0,1,17,60447,6,2,0,0,3,3,68,121,0,0,0,0,0,0,0,0,0,0,38,52,0,0,1,2,55,1,1,2,1,0,0,1,17,1,1,1,88,0,0
17,170114,2,2,1,17,3,7,0,12,6,1,0,17,1,20,32,20032,4,1993,1Y1SK536XPZ0,1,Y,1,S,K,5,3,6,X,P,Z,0,0,P,GEO,GEP,4D,93,17,2348,,0,971,,G,,0,0,000000000,00000000000,0,0,0,1,0,0,0,0,0,0,0,998,0,0,0,9,9,6,2,12,0,0,0,1,17,60541,6,1,0,0,3,0,70,185,0,0,0,0,0,0,0,0,0,0,0,0,0,0,1,2,55,1,1,2,1,20,3,4,17,1,1,1,89,1,0
17,170115,1,1,3,9,3,22,0,35,0,1,0,17,2,12,13,12013,4,1997,1FALP13P1VW4,1,F,A,L,P,1,3,P,1,V,W,4,0,P,FORD,EST,4D,97,17,2503,,0,984,,G,,0,0,000000000,00000000000,0,0,0,1,0,0,0,0,0,0,0,998,0,0,0,14,98,6,2,30,0,0,0,1,17,60621,1,1,0,0,2,3,65,150,0,1,0,0,0,7,2007,7,2007,1,27,0,0,0,3,3,65,1,1,2,1,0,0,1,6,1,4,4,2,1,1
17,170117,1,1,2,19,3,14,50,35,0,1,0,29,2,41,50,41050,4,2008,1YVHP80C985M,1,Y,V,H,P,8,0,C,9,8,5,M,0,P,MAZD,M6I,4D,8,17,3093,,0,1053,,G,,0,0,000000000,00000000000,0,0,0,1,0,0,0,0,0,0,0,998,0,1,5,14,98,6,2,1,0,0,1,1,29,63021,6,1,0,0,3,3,73,148,1,0,0,0,0,1,2010,1,2010,1,0,0,0,0,2,3,65,3,1,2,1,0,0,14,13,1,1,4,1,1,0
17,170118,1,2,1,19,3,18,30,12,6,1,0,17,1,72,706,72706,80,2003,1HD1FLW173Y6,1,H,D,1,F,L,W,1,7,3,Y,6,0,M,HD,CUS,RS,3,17,,,,,,,1450,0,0,000000000,00000000000,0,0,0,1,0,0,0,0,0,0,0,50,0,0,0,12,98,6,2,12,0,0,0,1,17,62260,6,1,0,0,3,3,67,170,0,0,0,0,0,0,0,0,0,1,28,0,0,0,2,2,50,2,1,2,1,0,0,14,54,3,2,1,69,1,1
17,170118,2,2,1,19,3,18,30,12,6,1,0,17,1,19,421,19421,15,2002,1GYEK63N12R1,1,G,Y,E,K,6,3,N,1,2,R,1,0,P,CADI,ESC,UT,2,17,5554,,0,1160,,G,,0,0,000000000,00000000000,0,0,0,1,0,0,0,0,0,0,0,5,0,0,0,9,98,6,2,12,0,0,0,1,17,62285,6,1,0,0,3,0,64,145,0,0,0,0,0,0,0,0,0,0,0,0,0,0,2,2,50,1,1,2,1,0,0,11,54,1,1,1,68,0,0
17,170119,1,2,1,17,2,8,37,12,2,1,0,17,3,20,20,20020,4,1997,2G1WL52M0V11,2,G,1,W,L,5,2,M,0,V,1,1,0,P,CHEV,L/S,4D,97,17,3360,,0,1075,,G,,0,0,000000000,00000000000,0,0,0,1,0,0,0,0,0,0,0,998,0,0,0,12,12,6,2,12,0,0,0,1,17,61068,6,1,0,0,3,0,69,170,0,0,0,1,0,3,2009,3,2009,1,28,0,0,0,1,2,55,3,1,2,3,0,0,14,10,1,1,2,50,1,0
17,170119,2,2,1,17,2,8,37,12,2,1,0,17,1,7,482,7482,31,2000,3B7HF13Z5YM2,3,B,7,H,F,1,3,Z,5,Y,M,2,0,T,DODG,Q15,4C,0,17,,2,1547,1387,RPC,G,,0,0,000000000,00000000000,0,0,0,1,0,0,0,0,0,0,0,998,0,0,0,12,12,6,2,12,0,0,0,1,17,61006,6,1,0,0,3,3,71,250,0,0,0,0,0,0,0,0,0,1,0,0,0,0,1,2,55,2,1,2,3,0,0,14,62,1,1,1,51,0,0
17,170120,1,1,1,14,3,0,23,19,0,1,0,17,2,22,9,22009,2,1998,2G2FS22K8W22,2,G,2,F,S,2,2,K,8,W,2,2,0,P,PONT,FBD,2H,98,17,3340,,0,1011,,G,,0,0,000000000,00000000000,0,0,0,1,0,0,0,0,0,0,0,60,0,0,0,12,12,6,2,8,0,0,0,1,17,62549,6,1,0,0,3,0,67,135,1,0,0,1,0,5,2008,5,2008,1,37,36,0,0,1,2,30,3,2,2,2,0,0,14,13,1,1,4,1,0,1
17,170121,1,1,1,9,3,4,13,30,0,1,1,17,2,9,20,9020,2,1997,1P3ES42Y3VD1,1,P,3,E,S,4,2,Y,3,V,D,1,0,P,PLYM,NHE,2P,97,17,2466,,0,1040,,G,,0,0,000000000,00000000000,0,0,0,1,0,0,0,0,0,0,0,998,0,0,0,12,12,6,2,30,0,0,0,1,12,32806,1,1,0,0,2,0,64,999,0,1,0,1,0,2,2009,12,2009,0,0,0,0,0,1,2,30,1,1,2,2,0,0,1,12,1,1,4,6,1,1
17,170122,1,2,1,13,3,0,39,12,6,1,1,17,3,12,461,12461,21,2007,1FTNE24W77DB,1,F,T,N,E,2,4,W,7,7,D,B,0,T,FORD,25V,CG,7,17,,2,0,1380,VAN,G,,0,0,000000000,00000000000,0,0,0,1,0,0,0,0,0,0,0,998,0,0,0,12,12,6,4,12,0,0,0,1,17,60639,0,0,0,0,0,0,999,999,0,0,0,0,3,5,2007,9,2007,1,39,0,0,0,1,2,30,1,1,2,2,3,3,1,17,1,1,1,88,0,0
17,170122,2,2,1,13,3,0,39,12,6,1,0,17,2,7,20,7020,4,2002,1B3ES46C52D5,1,B,3,E,S,4,6,C,5,2,D,5,0,P,DODG,SEN,4D,2,17,2645,,0,1050,,G,,0,0,000000000,00000000000,0,0,0,1,0,0,0,0,0,0,0,998,0,0,0,62,62,6,2,12,0,0,0,1,17,60610,6,1,0,0,3,3,66,200,0,0,0,0,0,0,0,0,0,0,0,0,0,0,1,2,30,1,1,2,2,3,3,1,66,1,1,1,89,1,0
17,170123,1,2,1,8,1,0,16,12,6,1,0,17,1,24,1,24001,4,2002,1G8ZF52872Z2,1,G,8,Z,F,5,2,8,7,2,Z,2,0,P,STRN,SSL,4D,2,17,2351,,0,1024,,G,,0,0,000000000,00000000000,0,0,0,1,0,0,0,0,0,0,0,998,0,0,0,82,82,6,2,12,0,0,0,1,17,61054,6,1,0,0,3,3,66,140,0,0,0,1,0,6,2008,6,2008,0,0,0,0,0,1,2,55,1,1,2,3,0,0,15,87,6,3,2,64,1,0
17,170123,2,2,1,8,1,0,16,12,6,1,0,17,1,20,481,20481,31,2006,1GCEK19Z16Z1,1,G,C,E,K,1,9,Z,1,6,Z,1,0,T,CHEV,SK1,4C,6,17,,2,1575,1340,SIL,F,,0,0,000000000,00000000000,0,0,0,1,0,0,0,0,0,0,0,998,0,0,0,12,12,6,2,12,0,0,0,1,17,61310,6,1,0,0,3,0,71,180,0,0,0,0,0,0,0,0,0,0,0,0,0,0,1,2,55,1,1,2,3,0,0,1,62,1,1,1,65,0,0
17,170124,1,1,2,29,1,19,45,30,0,1,0,17,2,12,23,12023,4,2008,3FAHP07128R2,3,F,A,H,P,0,7,1,2,8,R,2,0,P,FORD,F/E,4D,8,17,3325,,0,1074,,G,,0,0,000000000,00000000000,0,0,0,1,0,0,0,0,0,0,0,998,0,0,0,12,12,6,2,30,0,0,0,1,17,60137,6,1,0,0,3,3,70,188,0,0,0,1,0,6,2008,6,2008,1,35,0,0,0,1,2,40,4,2,2,4,0,0,6,6,6,1,4,8,1,1
17,170126,1,1,1,18,2,6,14,8,0,1,0,17,1,49,482,49482,31,2007,5TFBV54157X0,5,T,F,B,V,5,4,1,5,7,X,0,0,T,TOYT,DBS,CW,7,17,,2,0,1457,TUN,G,,0,0,000000000,00000000000,0,0,0,1,0,0,0,0,0,0,0,998,0,0,0,12,12,2,3,8,0,0,0,1,17,60195,6,1,0,0,3,0,71,190,0,0,0,0,0,0,0,0,0,0,0,0,0,0,1,4,35,1,1,2,1,3,3,1,80,1,1,1,13,0,0
17,170127,1,3,3,1,3,13,42,12,6,1,0,17,2,13,1,13001,4,1998,1LNFM81W4WY6,1,L,N,F,M,8,1,W,4,W,Y,6,0,P,LINC,EXC,4D,98,17,3860,,0,1177,,G,,0,0,000000000,00000000000,0,0,0,1,0,0,0,0,0,0,0,998,0,0,0,12,98,6,2,12,0,0,0,1,17,61104,6,1,0,0,3,3,74,261,0,0,0,0,0,0,0,0,0,1,39,0,0,0,2,2,45,1,1,2,1,3,3,1,16,1,1,2,88,0,0
17,170127,2,3,1,1,3,13,42,12,6,1,0,17,1,21,2,21002,4,1997,1G3HN52K6V48,1,G,3,H,N,5,2,K,6,V,4,8,0,P,OLDS,8LW,4D,97,17,3455,,0,1108,,G,,0,0,000000000,00000000000,0,0,0,1,0,0,0,0,0,0,0,0,0,0,0,62,98,6,2,12,0,0,0,1,17,61107,6,1,0,0,3,3,72,180,0,0,0,0,0,0,0,0,0,0,0,0,0,0,2,2,45,1,1,2,1,3,3,5,66,1,1,2,89,1,0
17,170127,3,3,1,1,3,13,42,12,6,1,0,17,1,49,40,49040,4,2010,4T1BK3EK4AU6,4,T,1,B,K,3,E,K,4,A,U,6,0,P,TOYT,LXS,4D,10,17,3461,,0,1093,,G,,0,0,000000000,00000000000,0,0,0,1,0,0,0,0,0,0,0,998,0,0,0,62,98,2,1,12,0,0,0,1,17,61107,6,1,0,0,3,3,69,204,0,0,0,0,0,0,0,0,0,0,0,0,0,0,2,2,45,1,1,2,1,3,3,1,16,1,1,2,98,0,0
17,170128,1,3,1,30,3,11,30,12,1,1,0,17,1,20,2,20002,4,2003,2G1WF52E1392,2,G,1,W,F,5,2,E,1,3,9,2,0,P,CHEV,IMP,4D,3,17,3389,,0,1105,,G,,0,0,000000000,00000000000,0,0,0,1,0,0,0,0,0,0,0,998,0,0,0,12,12,6,2,12,0,0,0,1,17,60403,6,1,0,0,3,3,71,180,1,0,0,0,1,4,2008,4,2008,1,0,0,0,0,1,2,50,1,1,2,1,0,0,1,18,1,1,1,20,1,0
17,170128,2,3,1,30,3,11,30,12,1,1,0,17,1,35,51,35051,6,2010,JN8AS5MT4AW5,J,N,8,A,S,5,M,T,4,A,W,5,0,P,NISS,ROG,UT,10,17,3281,,0,1059,,G,,0,0,000000000,00000000000,0,0,0,1,0,0,0,0,0,0,0,0,0,0,0,6,6,6,2,12,0,0,0,1,17,60441,6,1,0,0,3,0,75,230,0,0,0,0,0,0,0,0,0,0,0,0,0,0,1,2,50,1,1,2,1,0,0,5,53,1,1,1,21,0,0
17,170128,3,3,1,30,3,11,30,12,1,1,0,17,3,12,17,12017,4,2006,1FAHP53276A1,1,F,A,H,P,5,3,2,7,6,A,1,0,P,FORD,TSE,4D,6,17,3307,,0,1085,,F,,0,0,000000000,00000000000,0,0,0,1,0,0,0,0,0,0,0,0,0,0,0,6,6,2,1,12,0,0,0,1,17,60423,6,1,0,0,3,3,70,200,0,0,0,0,0,0,0,0,0,0,0,0,0,0,1,2,50,1,1,2,1,0,0,5,50,1,1,1,98,0,0
17,170129,1,1,1,4,3,8,7,8,0,1,0,17,3,12,461,12461,21,2000,1FTNE24L1YHA,1,F,T,N,E,2,4,L,1,Y,H,A,0,T,FORD,25V,CG,0,17,,2,0,1380,VAN,G,,0,0,000000000,00000000000,0,0,0,1,0,0,0,0,0,0,0,5,0,0,0,12,12,2,1,8,0,0,0,1,17,60804,6,1,0,0,3,3,67,160,0,0,1,0,1,8,2009,8,2009,0,38,52,0,0,2,2,30,1,1,2,1,3,3,11,15,1,1,1,13,0,0
17,170130,1,2,1,3,4,7,55,12,2,1,0,17,1,20,481,20481,31,2000,1GCHC33F8YF4,1,G,C,H,C,3,3,F,8,Y,F,4,0,T,CHEV,GC3,CW,0,17,,2,0,1685,GM4,D,,0,0,000000000,00000000000,0,0,0,1,0,0,0,0,0,0,0,998,0,0,0,12,12,6,2,12,0,0,0,1,17,62431,6,1,0,0,3,3,69,295,0,0,0,0,0,0,0,0,0,1,35,0,0,0,2,2,55,1,3,2,2,0,0,6,54,1,1,1,50,1,0
17,170130,2,2,1,3,4,7,55,12,2,1,0,17,1,23,481,23481,31,2001,1GTEC14V21E1,1,G,T,E,C,1,4,V,2,1,E,1,0,T,GMC,NC1,PK,1,17,,2,1330,1190,SIE,G,,0,0,000000000,00000000000,0,0,0,1,0,0,0,0,0,0,0,998,0,0,0,12,12,6,2,12,0,0,0,1,17,62565,6,1,0,0,3,3,71,155,0,0,0,0,0,0,0,0,0,0,0,0,0,0,1,2,55,1,3,2,2,0,0,1,62,1,1,1,51,1,0
17,170131,1,1,1,1,4,20,5,42,0,1,0,17,2,37,734,37734,90,2000,478TE2301Y40,4,7,8,T,E,2,3,0,1,Y,4,0,0,M,HOND,TRE,AT,0,17,,,,,,,397,0,0,000000000,00000000000,0,0,0,1,0,0,0,0,0,0,0,998,0,0,0,12,12,6,2,42,0,0,0,1,17,62919,0,0,0,0,0,0,999,999,0,0,0,0,0,0,0,0,0,0,0,0,0,0,1,1,55,4,2,4,1,0,0,14,13,1,1,4,1,1,0
17,170132,1,2,1,18,3,10,12,12,6,1,0,29,3,84,881,84881,66,2005,2HSCNAPR45C0,2,H,S,C,N,A,P,R,4,5,C,0,1,T,INTL,94I,DS,5,17,3375,8,0,0,940,D,,1,57,628072,57628072,3,6,1,1,0,0,0,0,0,0,0,998,0,0,0,63,63,2,1,12,0,0,0,1,29,63448,6,1,6,3,3,3,72,240,0,0,0,0,0,0,0,0,0,0,38,0,0,0,1,2,55,1,1,2,1,20,3,11,15,1,1,1,82,0,0
17,170132,2,2,1,18,3,10,12,12,6,1,0,17,2,6,41,6041,4,1996,2C3HD56T9TH2,2,C,3,H,D,5,6,T,9,T,H,2,0,P,CHRY,CXL,4D,96,17,3375,,0,1130,,G,,0,0,000000000,00000000000,0,0,0,1,0,0,0,0,0,0,0,998,0,0,0,12,98,6,2,12,0,0,0,1,17,61489,6,1,0,0,3,3,62,120,0,0,0,0,0,0,0,0,0,0,0,0,0,0,1,2,55,1,1,2,1,0,0,1,67,1,1,1,83,1,1
17,170133,1,1,1,20,3,0,26,34,0,1,0,17,2,2,405,2405,14,2003,1J4GL48KX3W7,1,J,4,G,L,4,8,K,X,3,W,7,0,T,JEEP,LSF,4W,3,17,,1,0,1043,LIB,G,,0,0,000000000,00000000000,0,0,0,1,0,0,0,0,0,0,0,72,0,1,5,14,98,6,2,1,0,0,0,1,17,60448,6,1,0,0,3,0,67,130,0,0,0,0,0,0,0,0,0,1,99,99,99,99,2,2,55,1,1,2,1,0,0,1,13,9,3,4,2,1,1
17,170134,1,1,1,24,3,13,50,9,0,1,0,17,1,7,442,7442,20,2006,2D4GP44L56R6,2,D,4,G,P,4,4,L,5,6,R,6,0,P,DODG,CAR,SV,6,17,4252,,0,1193,,G,,0,0,000000000,00000000000,0,0,0,1,0,0,0,0,0,0,0,998,0,0,0,12,12,4,3,9,0,0,0,1,17,62835,6,1,0,0,3,3,68,145,0,0,0,0,0,0,0,0,0,0,28,0,0,0,1,2,55,2,1,2,1,0,0,14,83,1,1,2,13,0,0
17,170135,1,1,1,6,4,23,45,24,0,1,0,17,2,71,705,71705,80,2004,ZDM1VABP84B0,Z,D,M,1,V,A,B,P,8,4,B,0,0,U,,,,4,17,,,,,,,,0,0,000000000,00000000000,0,0,0,1,0,0,0,0,0,0,0,998,0,0,0,12,12,6,2,24,0,0,0,1,17,60448,6,1,0,0,3,0,74,228,0,0,0,3,0,5,2007,10,2008,1,0,0,0,0,3,4,65,2,2,2,1,0,0,14,6,1,2,4,7,1,1
17,170136,1,1,1,2,4,10,44,43,0,1,0,17,3,13,13,13013,4,2007,3LNHM26TX7R6,3,L,N,H,M,2,6,T,X,7,R,6,0,P,LINC,MKZ,4D,7,17,3469,,0,1074,,G,,0,0,000000000,00000000000,0,0,0,1,0,0,0,0,0,0,0,998,0,1,5,14,61,6,2,1,0,0,0,1,17,60067,6,1,0,0,3,0,71,240,0,0,0,0,0,0,0,0,0,0,0,0,0,0,3,2,45,1,1,2,1,0,0,1,13,1,1,4,1,1,0
17,170137,1,2,1,8,4,20,31,12,2,1,0,17,1,7,472,7472,30,1995,1B7GL23Y6SW9,1,B,7,G,L,2,3,Y,6,S,W,9,0,T,DODG,DAK,PC,95,17,,1,0,1309,DAK,G,,0,0,000000000,00000000000,0,0,0,1,0,0,0,0,0,0,0,998,0,0,0,12,12,6,2,12,0,0,0,1,17,62216,6,1,0,0,3,3,72,160,0,0,0,0,0,0,0,0,0,0,28,0,0,0,1,2,55,1,1,2,1,0,0,1,10,1,1,2,50,1,1
17,170137,2,2,1,8,4,20,31,12,2,1,0,17,2,22,18,22018,4,2001,1G2NW52E31C1,1,G,2,N,W,5,2,E,3,1,C,1,0,P,PONT,GAG,4D,1,17,3168,,0,1070,,G,,0,0,000000000,00000000000,0,0,0,1,0,0,0,0,0,0,0,998,0,0,0,12,12,6,2,12,0,0,0,1,17,62231,6,1,0,0,3,3,64,117,0,0,0,0,0,0,0,0,0,0,0,0,0,0,1,2,55,1,1,2,1,0,0,1,62,1,1,1,51,0,0
17,170138,1,2,1,8,4,5,35,12,6,1,0,17,2,14,6,14006,4,1993,2MELM75W6PX6,2,M,E,L,M,7,5,W,6,P,X,6,0,P,MERC,MGL,4D,93,17,3780,,0,1144,,G,,0,0,000000000,00000000000,0,0,0,1,0,0,0,0,0,0,0,998,0,0,0,9,61,6,2,12,0,0,0,1,17,62278,6,1,0,0,3,3,64,115,0,0,0,0,0,0,0,0,0,0,39,0,0,0,1,2,55,1,1,2,1,20,3,1,17,1,1,1,89,1,1