STATE,ST_CASE,VEH_NO,VE_FORMS,NUMOCCS,DAY,MONTH,HOUR,MINUTE,HARM_EV,MAN_COLL,UNITTYPE,HIT_RUN,REG_STAT,OWNER,MAKE,MODEL,MAK_MOD,BODY_TYP,MOD_YEAR,VIN,VIN_1,VIN_2,VIN_3,VIN_4,VIN_5,VIN_6,VIN_7,VIN_8,VIN_9,VIN_10,VIN_11,VIN_12,TOW_VEH,VINTYPE,VINMAKE,VINA_MOD,VIN_BT,VINMODYR,VIN_LNGT,VIN_WGT,WGTCD_TR,WHLBS_LG,WHLBS_SH,SER_TR,FUELCODE,MCYCL_DS,J_KNIFE,MCARR_I1,MCARR_I2,MCARR_ID,GVWR,V_CONFIG,CARGO_BT,HAZ_INV,HAZ_PLAC,HAZ_ID,HAZ_CNO,HAZ_REL,BUS_USE,SPEC_USE,EMER_USE,TRAV_SP,UNDERIDE,ROLLOVER,ROLINLOC,IMPACT1,IMPACT2,DEFORMED,TOWED,M_HARM,VEH_SC1,VEH_SC2,FIRE_EXP,DR_PRES,L_STATE,DR_ZIP,L_STATUS,L_TYPE,CDL_STAT,L_ENDORS,L_COMPL,L_RESTRI,DR_HGT,DR_WGT,PREV_ACC,PREV_SUS,PREV_DWI,PREV_SPD,PREV_OTH,FIRST_MO,FIRST_YR,LAST_MO,LAST_YR,SPEEDREL,DR_SF1,DR_SF2,DR_SF3,DR_SF4,VTRAFWAY,VNUM_LAN,VSPD_LIM,VALIGN,VPROFILE,VPAVETYP,VSURCOND,VTRAFCON,VTCONT_F,P_CRASH1,P_CRASH2,P_CRASH3,PCRASH4,PCRASH5,ACC_TYPE,DEATHS,DR_DRINK
17,170179,1,1,2,12,4,4,5,31,0,1,0,17,2,22,20,22020,4,1999,1G2WR5215XF2,1,G,2,W,R,5,2,1,5,X,F,2,0,P,PONT,GTP,4D,99,17,3512,,0,1105,,G,,0,0,000000000,00000000000,0,0,0,1,0,0,0,0,0,0,0,998,0,0,0,12,98,6,2,42,0,0,0,1,17,60609,0,0,0,0,0,0,999,999,0,0,0,0,0,0,0,0,0,0,92,0,0,0,1,4,30,1,1,2,1,0,0,1,13,1,1,4,1,1,1
17,170180,1,2,1,15,4,2,35,12,6,1,0,17,1,53,706,53706,80,2002,JS1GW71A1221,J,S,1,G,W,7,1,A,1,2,2,1,0,M,SUZI,GXR,RS,2,17,,,,,,,1299,0,0,000000000,00000000000,0,0,0,1,0,0,0,0,0,0,0,998,0,0,0,12,98,6,2,12,0,0,0,1,17,60140,6,1,6,0,3,0,67,160,0,0,0,1,0,5,2007,5,2007,0,39,0,0,0,1,4,30,1,1,2,1,3,3,1,17,1,1,1,86,1,0
17,170180,2,2,1,15,4,2,35,12,6,1,0,17,1,14,17,14017,4,2005,1MEHM50U85A6,1,M,E,H,M,5,0,U,8,5,A,6,0,P,MERC,SGS,4D,5,17,3369,,0,1085,,G,,0,0,000000000,00000000000,0,0,0,1,0,0,0,0,0,0,0,998,0,0,0,3,81,6,2,12,0,0,0,1,17,60608,6,1,0,0,3,0,73,240,0,0,0,1,0,3,2008,3,2008,0,0,0,0,0,1,4,30,1,1,2,1,3,3,1,66,1,1,1,87,0,0
17,170181,1,2,4,10,4,23,47,12,6,1,0,17,2,22,9,22009,2,2001,2G2FV22G7121,2,G,2,F,V,2,2,G,7,1,2,1,0,P,PONT,FTA,2H,1,17,3452,,0,1011,,G,,0,0,000000000,00000000000,0,0,0,1,0,0,0,0,0,0,0,998,0,0,0,3,98,6,2,12,0,0,0,1,17,60004,6,1,0,0,3,0,77,200,0,0,0,0,0,0,0,0,0,1,36,0,0,0,1,2,35,1,2,2,1,0,0,1,6,1,4,2,64,1,1
17,170181,2,2,2,10,4,23,47,12,6,1,0,35,1,2,404,2404,14,1994,1J4GZ58S7RC2,1,J,4,G,Z,5,8,S,7,R,C,2,0,T,JEEP,LRO,4W,94,17,,1,0,1059,GCK,G,,0,0,000000000,00000000000,0,0,0,1,0,0,0,0,0,0,0,998,0,0,0,12,12,6,2,12,0,0,0,1,35,60014,6,1,0,0,3,0,68,165,98,0,0,0,0,0,0,0,0,0,0,0,0,0,1,2,35,1,2,2,1,0,0,1,62,1,1,1,65,0,0
17,170182,1,2,1,17,4,11,10,12,2,1,0,17,2,12,13,12013,2,2002,3FAFP11382R1,3,F,A,F,P,1,1,3,8,2,R,1,0,P,FORD,ZX2,CP,2,17,2478,,0,984,,G,,0,0,000000000,00000000000,0,0,0,1,0,0,0,0,0,0,0,998,0,0,0,12,12,6,2,12,0,0,0,1,17,62997,6,1,0,0,3,3,70,165,0,0,0,0,0,0,0,0,0,0,35,28,0,0,1,2,40,2,1,2,1,40,3,6,54,1,1,2,50,1,0
17,170182,2,2,4,17,4,11,10,12,2,1,0,17,1,20,431,20431,16,1992,1GNFK16K1NJ3,1,G,N,F,K,1,6,K,1,N,J,3,0,P,CHEV,K15,UT,92,17,5169,,0,1315,,G,,0,0,000000000,00000000000,0,0,0,1,0,0,0,0,0,0,0,998,0,0,0,12,12,6,2,12,0,0,0,1,17,62288,6,1,0,0,3,0,66,180,0,0,0,0,0,0,0,0,0,0,0,0,0,0,1,2,40,3,1,2,1,40,3,14,62,1,1,1,51,0,0
17,170183,1,2,1,12,2,8,43,12,6,1,0,17,1,52,37,52037,1,2004,4A3AE45G34E1,4,A,3,A,E,4,5,G,3,4,E,1,0,P,MITS,SGS,CV,4,17,3097,,0,1008,,G,,0,0,000000000,00000000000,0,0,0,1,0,0,0,0,0,0,0,50,0,0,0,3,98,6,2,12,0,0,0,1,17,60046,6,1,0,0,3,3,74,175,0,0,0,0,0,0,0,0,0,0,38,0,0,0,2,2,50,1,1,2,1,0,0,11,15,1,1,2,82,1,0
17,170183,2,2,1,12,2,8,43,12,6,1,0,17,1,12,423,12423,15,2003,1FMNU41S23ED,1,F,M,N,U,4,1,S,2,3,E,D,0,P,FORD,EXC,UT,3,17,6650,,0,1371,,G,,0,0,000000000,00000000000,0,0,0,1,0,0,0,0,0,0,0,50,0,0,0,12,12,6,2,12,0,0,0,1,17,60046,6,1,6,3,3,0,68,170,0,0,0,0,0,0,0,0,0,0,0,0,0,0,2,2,50,1,1,2,1,0,0,1,62,3,2,1,83,0,0
17,170184,1,1,1,1,4,18,56,34,0,1,0,17,1,23,481,23481,31,1987,1GTDR14H0HF7,1,G,T,D,R,1,4,H,0,H,F,7,0,T,GMC,R15,PK,87,17,,1,1315,1175,R15,G,,0,0,000000000,00000000000,0,0,0,1,0,0,0,0,0,0,0,59,0,0,0,14,12,6,2,30,0,0,0,1,17,62031,6,1,6,0,3,0,72,200,0,0,0,0,0,0,0,0,0,0,0,0,0,0,1,2,55,1,1,2,1,0,0,1,12,1,1,4,6,1,0
17,170185,1,1,8,18,4,10,44,7,0,1,0,17,1,13,421,13421,15,2000,5LMPU28A1YLJ,5,L,M,P,U,2,8,A,1,Y,L,J,0,P,LINC,NAV,UT,0,17,5723,,0,1190,,G,,0,0,000000000,00000000000,0,0,0,1,0,0,0,0,0,0,0,998,0,1,3,0,98,6,2,1,0,0,0,1,17,61103,6,1,6,0,3,0,69,160,1,0,0,0,0,3,2008,3,2008,0,28,0,0,0,3,4,65,1,1,1,1,0,0,1,98,7,4,4,0,1,0
17,170186,1,2,1,19,4,20,16,12,6,1,0,17,2,55,401,55401,14,2002,KM8SC73D22U2,K,M,8,S,C,7,3,D,2,2,U,2,0,P,HYUN,SAN,UT,2,17,3752,,0,1031,,G,,0,0,000000000,00000000000,0,0,0,1,0,0,0,0,0,0,0,98,0,1,5,12,98,6,2,8,0,0,0,1,17,60148,6,1,0,0,3,0,66,154,0,0,0,0,0,0,0,0,0,1,38,42,0,0,3,2,35,1,3,2,1,3,3,10,16,1,1,1,78,0,0
17,170186,2,2,1,19,4,20,16,12,6,1,0,17,3,82,881,82881,66,2000,1FUY3WDB7YPB,1,F,U,Y,3,W,D,B,7,Y,P,B,1,T,FRHT,FD1,DS,0,17,,8,0,0,CON,D,,1,57,467296,57467296,3,6,1,1,0,0,0,0,0,0,0,998,0,0,0,5,98,2,1,12,0,0,0,1,17,60056,6,1,6,3,3,0,71,200,0,0,0,0,0,0,0,0,0,0,0,0,0,0,3,2,35,1,3,2,1,3,3,1,65,1,1,1,79,0,0
17,170187,1,2,1,15,4,10,55,12,6,1,0,17,2,12,481,12481,31,2000,1FTNX21F8YEC,1,F,T,N,X,2,1,F,8,Y,E,C,0,T,FORD,F2S,4C,0,17,,2,1580,1418,SRW,D,,0,0,000000000,00000000000,0,0,0,1,0,0,0,0,0,0,0,998,0,0,0,9,98,6,2,12,0,0,0,1,17,62441,6,1,0,0,3,0,69,225,0,0,0,0,0,0,0,0,0,0,28,0,0,0,2,2,55,1,2,2,1,0,0,1,10,1,3,6,66,1,0
17,170187,2,2,1,15,4,10,55,12,6,1,0,17,3,86,881,86881,66,2001,1M1AA18Y71W1,1,M,1,A,A,1,8,Y,7,1,W,1,1,T,MACK,CH6,DS,1,17,,8,0,0,600,D,,1,57,319773,57319773,3,6,2,2,2,8888,3,2,0,0,0,998,0,1,5,12,98,6,2,1,0,0,0,1,17,62863,6,1,6,3,3,0,73,155,0,0,0,1,0,6,2009,6,2009,0,0,0,0,0,2,2,55,1,2,2,1,0,0,1,62,1,1,1,66,0,0
17,170188,1,1,1,16,4,12,27,23,0,1,0,17,2,20,20,20020,4,1997,2G1WN52M2V92,2,G,1,W,N,5,2,M,2,V,9,2,0,P,CHEV,L/Z,4D,97,17,3875,,0,1075,,G,,0,0,000000000,00000000000,0,0,0,1,0,0,0,0,0,0,0,998,0,1,5,12,98,6,2,1,0,0,0,1,17,62976,6,1,0,0,3,0,71,210,0,0,0,0,0,0,0,0,0,1,52,83,0,0,1,2,55,3,1,2,1,0,0,14,90,7,3,4,3,1,0
17,170189,1,3,1,23,4,4,20,12,2,1,0,17,1,41,471,41471,30,1999,4F4ZR17X5XTM,4,F,4,Z,R,1,7,X,5,X,T,M,0,T,MAZD,4CP,PC,99,17,,1,0,1259,B40,G,,0,0,000000000,00000000000,0,0,0,1,0,0,0,0,0,0,0,998,0,0,0,12,98,6,2,2,0,0,1,1,17,62982,6,1,0,0,3,3,65,155,0,0,0,0,0,0,0,0,0,0,28,38,0,0,1,2,55,3,1,2,1,0,0,6,10,1,1,2,50,1,0
17,170189,2,3,1,23,4,4,20,12,2,1,0,17,3,84,881,84881,66,2001,2HSCHAMR71C0,2,H,S,C,H,A,M,R,7,1,C,0,1,T,INTL,99I,DS,1,17,,8,0,0,990,D,,1,57,775017,57775017,3,6,4,1,0,0,0,0,0,0,0,998,0,1,5,12,98,6,2,1,0,0,0,1,17,62984,6,1,6,3,3,0,70,215,0,0,0,0,0,0,0,0,0,0,0,0,0,0,1,2,55,2,1,2,1,0,0,14,62,1,1,1,51,0,0
17,170189,3,3,1,23,4,4,20,12,2,1,0,17,3,85,881,85881,66,2000,1XKDD69X0YR8,1,X,K,D,D,6,9,X,0,Y,R,8,1,T,KW,T80,DS,0,17,,8,2600,1600,CON,D,,1,57,327557,57327557,3,6,4,1,0,0,0,0,0,0,0,998,0,0,0,9,9,6,2,12,0,0,0,1,17,62931,6,1,6,3,3,3,67,150,0,0,0,0,0,0,0,0,0,0,0,0,0,0,1,2,55,3,1,2,1,0,0,14,60,1,2,2,98,0,0
17,170190,1,1,1,30,4,14,3,1,0,1,0,17,1,72,706,72706,80,1998,1HD1CGP10WK1,1,H,D,1,C,G,P,1,0,W,K,1,0,M,HD,20C,RS,98,17,,,,,,,1200,0,0,000000000,00000000000,0,0,0,1,0,0,0,0,0,0,0,998,0,0,0,0,98,6,2,1,0,0,0,1,17,61866,6,1,6,0,3,3,69,210,0,0,0,2,0,8,2009,9,2009,1,52,0,0,0,1,2,45,1,1,2,1,50,3,1,98,3,2,2,98,1,0
17,170191,1,2,1,29,4,22,44,12,6,1,1,17,2,20,481,20481,31,1996,1GCEK19RXTE1,1,G,C,E,K,1,9,R,X,T,E,1,0,T,CHEV,GK1,PC,96,17,,2,1555,1415,GM4,G,,0,0,000000000,00000000000,0,0,0,1,0,0,0,0,0,0,0,998,0,1,5,12,98,6,2,12,0,0,0,1,17,62854,1,1,0,0,2,2,68,150,0,2,0,0,0,9,2007,6,2008,1,38,74,0,0,1,2,30,1,1,3,1,20,3,1,17,1,1,1,88,0,1
17,170191,2,2,1,29,4,22,44,12,6,1,0,17,1,12,471,12471,30,2001,1FTYR14V81TA,1,F,T,Y,R,1,4,V,8,1,T,A,0,T,FORD,RNS,PS,1,17,,1,0,1257,RNG,F,,0,0,000000000,00000000000,0,0,0,1,0,0,0,0,0,0,0,998,0,0,0,9,9,6,2,12,0,0,0,1,17,61802,6,1,0,0,3,3,71,150,0,0,0,0,0,0,0,0,0,0,0,0,0,0,1,2,30,1,1,2,1,0,0,1,66,1,1,1,89,1,0
17,170192,1,1,1,21,4,11,6,1,0,1,0,17,1,12,3,12003,2,2007,1ZVFT82H2752,1,Z,V,F,T,8,2,H,2,7,5,2,0,P,FORD,MGT,CP,7,17,3356,,0,1071,,G,,0,0,000000000,00000000000,0,0,0,1,0,0,0,0,0,0,0,998,0,1,5,0,98,6,2,1,0,0,0,1,17,60555,6,1,0,0,3,3,74,165,0,0,0,1,0,4,2008,4,2008,1,0,0,0,0,6,1,65,2,1,1,1,0,0,14,13,8,1,4,1,1,0
17,170193,1,2,2,1,5,2,35,12,1,1,0,55,2,63,441,63441,20,2002,KNDUP1313262,K,N,D,U,P,1,3,1,3,2,6,2,0,P,KIA,SED,SV,2,17,4709,,0,1145,,G,,0,0,000000000,00000000000,0,0,0,1,0,0,0,0,0,0,0,82,0,1,6,12,98,6,2,1,0,0,0,1,17,60085,6,1,0,0,3,0,71,190,0,0,0,1,0,1,2008,1,2008,1,0,0,0,0,3,3,55,1,1,1,1,0,0,1,51,1,1,1,24,1,1
17,170193,2,2,1,1,5,2,35,12,1,1,0,17,2,12,18,12018,3,1994,1ZVLT22B1R51,1,Z,V,L,T,2,2,B,1,R,5,1,0,P,FORD,PGT,2H,94,17,2921,,0,1028,,G,,0,0,000000000,00000000000,0,0,0,1,0,0,0,0,0,0,0,100,0,0,0,6,6,6,2,12,0,0,0,1,17,60048,2,1,0,0,2,2,75,198,0,1,0,2,0,1,2010,3,2010,0,74,0,0,0,3,3,55,1,1,1,1,0,0,1,53,1,1,1,25,0,0
17,170194,1,1,3,28,4,15,58,31,0,1,0,17,2,21,401,21401,14,2001,1GHDT13W8122,1,G,H,D,T,1,3,W,8,1,2,2,0,P,OLDS,BRA,UT,1,17,4068,,0,1070,,G,,0,0,000000000,00000000000,0,0,0,1,0,0,0,0,0,0,0,67,0,1,1,12,98,6,2,1,0,0,0,1,17,62473,6,2,0,0,3,0,65,120,0,0,0,0,0,0,0,0,0,0,52,58,0,0,3,2,65,1,2,1,1,0,0,1,13,6,3,4,3,1,0
17,170195,1,1,2,11,4,17,34,9,0,1,0,17,2,23,481,23481,31,2001,2GTEC19T1111,2,G,T,E,C,1,9,T,1,1,1,1,0,T,GMC,NC1,4C,1,17,,2,1575,1435,SIE,G,,0,0,000000000,00000000000,0,0,0,1,0,0,0,0,0,0,0,998,0,0,0,14,14,0,1,9,0,0,0,1,17,62040,6,1,0,0,3,0,64,145,0,0,0,0,0,0,0,0,0,0,0,0,0,0,1,2,30,1,1,2,1,0,0,4,83,1,1,1,13,0,0
17,170197,1,1,3,5,5,23,24,1,0,1,0,17,2,20,22,20022,4,2008,1G1AK58F3872,1,G,1,A,K,5,8,F,3,8,7,2,0,P,CHEV,BLS,4D,8,17,3216,,0,1033,,G,,0,0,000000000,00000000000,0,0,0,1,0,0,0,0,0,0,0,998,0,1,5,0,98,6,2,1,0,0,0,1,17,60624,2,1,0,0,2,2,69,167,0,3,0,0,0,5,2007,12,2007,1,74,0,0,0,6,1,65,1,1,1,1,40,3,16,13,1,1,4,1,1,1
17,170198,1,1,1,4,5,22,1,34,0,1,0,17,2,49,40,49040,4,2009,4T1BB46K89U1,4,T,1,B,B,4,6,K,8,9,U,1,0,P,TOYT,CHB,4D,9,17,3680,,0,1090,,B,,0,0,000000000,00000000000,0,0,0,1,0,0,0,0,0,0,0,998,0,0,0,14,12,6,2,42,0,0,0,1,17,60098,2,1,0,0,2,2,70,160,0,0,0,0,0,0,0,0,0,1,74,0,0,0,1,2,55,4,1,2,1,0,0,14,12,1,1,4,6,1,1
17,170200,1,2,2,29,3,9,55,12,2,1,0,17,2,22,20,22020,4,2006,2G2WP5524612,2,G,2,W,P,5,5,2,4,6,1,2,0,P,PONT,GRA,4D,6,17,3477,,0,1105,,G,,0,0,000000000,00000000000,0,0,0,1,0,0,0,0,0,0,0,998,0,0,0,12,12,6,2,12,0,0,0,1,17,62681,6,1,0,0,3,3,65,150,0,0,0,0,0,0,0,0,0,0,28,0,0,0,2,2,55,1,2,2,1,0,0,1,10,1,1,2,50,1,0
17,170200,2,2,1,29,3,9,55,12,2,1,0,19,3,86,881,86881,66,2009,1M1AW07Y69N0,1,M,1,A,W,0,7,Y,6,9,N,0,1,T,MACK,CXU,DS,9,17,,8,0,0,600,D,,1,57,346767,57346767,3,6,1,1,0,0,0,0,0,0,0,998,0,0,0,12,12,6,2,12,0,0,0,1,19,52640,6,1,6,0,3,3,72,225,0,0,0,0,0,0,0,0,0,0,0,0,0,0,2,2,55,1,2,2,1,0,0,1,62,7,1,1,51,0,0
17,170201,1,3,2,9,4,18,36,12,6,1,0,17,1,13,5,13005,4,2002,1LNHM97V52Y6,1,L,N,H,M,9,7,V,5,2,Y,6,0,P,LINC,CON,4D,2,17,3895,,0,1090,,G,,0,0,000000000,00000000000,0,0,0,1,0,0,0,0,0,0,0,998,0,0,0,3,3,6,2,12,0,0,0,1,17,60555,6,1,0,0,3,3,69,204,0,0,0,0,0,0,0,0,0,0,38,0,0,0,3,2,40,1,1,2,1,3,3,11,15,1,1,1,68,1,0
17,170201,2,3,2,9,4,18,36,12,6,1,0,17,1,19,421,19421,15,2002,1GYEK63N12R1,1,G,Y,E,K,6,3,N,1,2,R,1,0,P,CADI,ESC,UT,2,17,5554,,0,1160,,G,,0,0,000000000,00000000000,0,0,0,1,0,0,0,0,0,0,0,998,0,0,0,12,12,6,2,12,0,0,0,1,17,60184,6,1,0,0,3,3,72,180,0,0,0,0,0,0,0,0,0,0,0,0,0,0,3,2,40,1,1,2,1,3,3,1,67,1,1,1,69,0,0
17,170201,3,3,1,9,4,18,36,12,6,1,0,17,1,2,406,2406,14,2007,1J8HG48K87C6,1,J,8,H,G,4,8,K,8,7,C,6,0,T,JEEP,BSE,4W,7,17,,2,0,1095,CMD,G,,0,0,000000000,00000000000,0,0,0,1,0,0,0,0,0,0,0,0,0,0,0,12,12,6,2,12,0,0,0,1,17,60084,6,1,0,0,3,0,69,145,0,0,0,0,0,0,0,0,0,0,0,0,0,0,3,2,40,1,1,2,1,3,3,5,67,1,1,1,98,0,0
17,170202,1,2,1,21,4,13,0,12,6,1,0,17,1,9,19,9019,4,1993,3P3XA46K2PT6,3,P,3,X,A,4,6,K,2,P,T,6,0,P,PLYM,ACC,4D,93,17,2776,,0,1035,,G,,0,0,000000000,00000000000,0,0,0,1,0,0,0,0,0,0,0,998,0,0,0,9,9,6,2,12,0,0,0,1,17,62661,6,1,0,0,3,0,66,167,0,0,0,0,0,0,0,0,0,0,38,0,0,0,2,2,55,1,2,2,1,20,3,1,17,1,1,1,89,1,0
17,170202,2,2,1,21,4,13,0,12,6,1,0,17,1,20,880,20880,67,2004,1GCJK33114F1,1,G,C,J,K,3,3,1,1,4,F,1,1,T,CHEV,SK3,CW,4,17,,3,0,1670,SIL,D,,2,88,888888888,88888888888,2,4,3,1,0,0,0,0,0,0,0,998,0,1,5,12,98,6,2,12,0,0,0,1,17,62630,6,1,0,0,3,0,68,165,0,0,0,0,0,0,0,0,0,0,0,0,0,0,2,2,55,1,2,2,1,0,0,1,66,8,1,2,88,0,0
17,170203,1,1,1,22,4,6,14,53,0,1,0,17,1,49,32,49032,4,2005,1NXBR30E85Z5,1,N,X,B,R,3,0,E,8,5,Z,5,0,P,TOYT,UCS,4D,5,17,2530,,0,1024,,G,,0,0,000000000,00000000000,0,0,0,1,0,0,0,0,0,0,0,998,0,1,5,9,98,6,2,1,0,0,0,1,17,62703,6,1,0,0,3,0,63,120,0,0,0,1,0,7,2009,7,2009,1,58,0,0,0,1,2,40,1,2,2,2,0,0,1,6,7,3,4,7,1,1
17,170204,1,2,1,25,3,3,38,12,6,1,0,17,2,13,13,13013,4,2006,3LNHM26116R6,3,L,N,H,M,2,6,1,1,6,R,6,0,P,LINC,ZHR,4D,6,17,3406,,0,1074,,G,,0,0,000000000,00000000000,0,0,0,1,0,0,0,0,0,0,0,998,0,0,0,12,12,6,2,12,0,0,0,1,17,60004,6,1,0,0,3,0,71,177,0,1,0,1,0,8,2007,2,2008,1,39,0,0,0,1,2,40,1,1,2,2,3,3,1,17,1,1,1,88,1,1
17,170204,2,2,1,25,3,3,38,12,6,1,0,17,1,13,421,13421,15,2005,5LMFU28567LJ,5,L,M,F,U,2,8,5,6,7,L,J,0,P,LINC,NAV,UT,7,17,6070,,0,1190,,G,,0,0,000000000,00000000000,0,0,0,1,0,0,0,0,0,0,0,998,0,1,1,7,98,6,2,1,0,0,0,1,17,60015,6,1,0,0,3,3,76,240,0,0,0,1,1,6,2007,9,2009,0,0,0,0,0,1,2,40,1,1,2,2,3,3,1,66,1,1,1,89,0,0
17,170205,1,1,5,17,4,14,0,1,0,1,0,17,2,63,32,63032,6,2002,KNADC1632260,K,N,A,D,C,1,6,3,2,2,6,0,0,P,KIA,RIC,SW,2,17,2436,,0,949,,G,,0,0,000000000,00000000000,0,0,0,1,0,0,0,0,0,0,0,998,0,1,5,0,98,6,2,1,0,0,0,1,21,62960,6,1,0,0,3,3,66,175,0,0,0,0,0,0,0,0,0,1,36,0,0,0,4,1,15,1,1,2,8,0,0,3,6,1,4,4,7,3,1
17,170206,1,1,2,10,4,12,30,34,0,1,0,17,1,20,421,20421,15,1998,1GNDT13W8W22,1,G,N,D,T,1,3,W,8,W,2,2,0,P,CHEV,BZR,UT,98,17,4046,,0,1070,,G,,0,0,000000000,00000000000,0,0,0,1,0,0,0,0,0,0,0,998,0,1,5,14,98,6,2,1,0,0,0,1,17,62864,6,1,0,0,3,0,70,135,0,0,0,0,0,0,0,0,0,1,28,0,0,0,1,2,55,1,1,2,1,0,0,1,5,8,4,4,7,1,0
17,170207,1,1,1,18,4,20,25,9,0,1,0,17,1,12,481,12481,31,2006,1FTSW21516ED,1,F,T,S,W,2,1,5,1,6,E,D,0,T,FORD,F2S,CW,6,17,,2,1720,1560,SRW,G,,0,0,000000000,00000000000,0,0,0,1,0,0,0,0,0,0,0,998,0,0,0,12,12,2,1,9,0,0,0,1,17,60638,6,1,0,0,3,3,70,230,0,0,0,0,0,0,0,0,0,0,36,38,0,0,1,2,30,1,1,2,1,0,0,10,83,1,1,1,13,0,0
17,170208,1,1,1,20,4,17,38,8,0,1,0,17,4,12,461,12461,21,2001,1FTNE24L71HB,1,F,T,N,E,2,4,L,7,1,H,B,0,T,FORD,25V,CG,1,17,,2,0,1380,VAN,G,,0,0,000000000,00000000000,0,0,0,1,0,0,0,0,0,0,0,998,0,0,0,12,12,2,1,8,0,0,0,1,17,60445,6,1,0,0,3,0,74,210,0,0,0,1,1,10,2008,12,2009,0,0,0,0,0,3,4,30,1,1,2,1,0,0,11,80,1,1,1,13,0,0
17,170209,1,2,4,4,5,23,36,12,6,1,0,17,2,20,431,20431,16,2000,3GNFK16T3YG1,3,G,N,F,K,1,6,T,3,Y,G,1,0,P,CHEV,K15,UT,0,17,5123,,0,1300,,G,,0,0,000000000,00000000000,0,0,0,1,0,0,0,0,0,0,0,998,0,0,0,83,83,2,1,12,0,0,0,1,17,61455,6,1,0,0,3,0,63,298,1,1,0,0,0,9,2007,12,2009,0,38,0,0,0,5,4,30,1,1,2,1,0,0,11,15,1,1,1,68,0,0
17,170209,2,2,2,4,5,23,36,12,6,1,0,17,2,76,706,76706,80,2004,JYARN13E94A0,J,Y,A,R,N,1,3,E,9,4,A,0,0,M,YAMA,YFR,RS,4,17,,,,,,,998,0,0,000000000,00000000000,0,0,0,1,0,0,0,0,0,0,0,20,0,0,0,12,98,6,2,12,0,0,0,1,17,62367,6,1,0,0,3,0,76,210,0,0,0,0,0,0,0,0,0,0,0,0,0,0,5,4,30,1,1,2,1,0,0,1,62,2,1,1,69,1,0
17,170210,1,1,1,6,5,22,28,8,0,1,0,17,1,55,401,55401,14,2003,KM8SC13D73U5,K,M,8,S,C,1,3,D,7,3,U,5,0,P,HYUN,SAN,UT,3,17,3549,,0,1031,,G,,0,0,000000000,00000000000,0,0,0,1,0,0,0,0,0,0,0,38,0,0,0,12,12,2,3,8,0,0,0,1,17,62692,6,1,0,0,3,0,68,175,0,0,0,0,0,0,0,0,0,0,0,0,0,0,5,4,40,1,1,2,1,0,0,1,80,1,1,1,13,0,0
17,170211,1,1,1,3,5,23,30,41,0,1,0,17,2,41,50,41050,4,2003,1YVFP80C935M,1,Y,V,F,P,8,0,C,9,3,5,M,0,P,MAZD,M6I,4D,3,17,3042,,0,1053,,G,,0,0,000000000,00000000000,0,0,0,1,0,0,0,0,0,0,0,998,0,1,6,12,98,6,2,1,0,0,0,1,17,62294,6,1,0,0,3,0,65,135,1,0,0,0,0,10,2008,10,2008,1,0,0,0,0,1,2,55,1,2,2,99,0,0,1,13,1,1,4,1,1,1
17,170212,1,2,1,28,4,11,55,12,6,1,0,17,3,12,481,12481,31,2006,1FTRF12W56NA,1,F,T,R,F,1,2,W,5,6,N,A,1,T,FORD,F15,PK,6,17,,2,1450,1260,COF,G,,3,0,000000000,00000000000,0,0,0,1,0,0,0,0,0,0,0,998,0,0,0,5,5,6,2,12,0,0,0,1,17,61764,6,1,0,0,3,3,73,180,0,0,0,0,0,0,0,0,0,0,38,0,0,0,1,2,55,1,1,2,1,0,0,1,17,1,1,1,87,0,0
17,170212,2,2,1,28,4,11,55,12,6,1,0,17,1,12,422,12422,15,2005,1FMPU16595LA,1,F,M,P,U,1,6,5,9,5,L,A,0,P,FORD,EPT,UT,5,17,5607,,0,1191,,G,,0,0,000000000,00000000000,0,0,0,1,0,0,0,0,0,0,0,998,0,0,0,12,12,6,2,12,0,0,0,1,17,60968,6,1,0,0,3,0,65,170,0,0,0,0,0,0,0,0,0,0,0,0,0,0,1,2,55,1,1,2,1,0,0,1,66,1,1,1,86,1,0
17,170213,1,2,1,6,5,13,52,12,1,1,0,17,2,35,443,35443,20,2006,5N1BV28U06N1,5,N,1,B,V,2,8,U,0,6,N,1,0,P,NISS,QST,SV,6,17,3914,,0,1240,,G,,0,0,000000000,00000000000,0,0,0,1,0,0,0,0,0,0,0,998,0,0,0,12,12,6,2,12,0,0,0,1,17,60623,3,1,0,0,2,2,68,140,1,0,0,0,1,7,2007,10,2008,0,74,0,0,0,1,2,30,1,1,2,1,20,3,1,50,1,1,1,20,0,0
17,170213,2,2,4,6,5,13,52,12,1,1,0,17,2,63,32,63032,4,2005,KNADC125X564,K,N,A,D,C,1,2,5,X,5,6,4,0,P,KIA,RIO,4D,5,17,2403,,0,949,,G,,0,0,000000000,00000000000,0,0,0,1,0,0,0,0,0,0,0,0,0,0,0,6,6,6,2,12,0,0,0,1,17,60623,6,1,0,0,3,0,60,177,0,0,0,0,0,0,0,0,0,0,0,0,0,0,1,2,30,1,1,2,1,20,3,5,53,1,1,1,22,1,0