STATE,ST_CASE,VEH_NO,VE_FORMS,NUMOCCS,DAY,MONTH,HOUR,MINUTE,HARM_EV,MAN_COLL,UNITTYPE,HIT_RUN,REG_STAT,OWNER,MAKE,MODEL,MAK_MOD,BODY_TYP,MOD_YEAR,VIN,VIN_1,VIN_2,VIN_3,VIN_4,VIN_5,VIN_6,VIN_7,VIN_8,VIN_9,VIN_10,VIN_11,VIN_12,TOW_VEH,VINTYPE,VINMAKE,VINA_MOD,VIN_BT,VINMODYR,VIN_LNGT,VIN_WGT,WGTCD_TR,WHLBS_LG,WHLBS_SH,SER_TR,FUELCODE,MCYCL_DS,J_KNIFE,MCARR_I1,MCARR_I2,MCARR_ID,GVWR,V_CONFIG,CARGO_BT,HAZ_INV,HAZ_PLAC,HAZ_ID,HAZ_CNO,HAZ_REL,BUS_USE,SPEC_USE,EMER_USE,TRAV_SP,UNDERIDE,ROLLOVER,ROLINLOC,IMPACT1,IMPACT2,DEFORMED,TOWED,M_HARM,VEH_SC1,VEH_SC2,FIRE_EXP,DR_PRES,L_STATE,DR_ZIP,L_STATUS,L_TYPE,CDL_STAT,L_ENDORS,L_COMPL,L_RESTRI,DR_HGT,DR_WGT,PREV_ACC,PREV_SUS,PREV_DWI,PREV_SPD,PREV_OTH,FIRST_MO,FIRST_YR,LAST_MO,LAST_YR,SPEEDREL,DR_SF1,DR_SF2,DR_SF3,DR_SF4,VTRAFWAY,VNUM_LAN,VSPD_LIM,VALIGN,VPROFILE,VPAVETYP,VSURCOND,VTRAFCON,VTCONT_F,P_CRASH1,P_CRASH2,P_CRASH3,PCRASH4,PCRASH5,ACC_TYPE,DEATHS,DR_DRINK
17,170248,1,1,1,22,5,10,8,44,0,1,0,17,1,98,706,98706,80,1999,S0S304293ILL,S,0,S,3,0,4,2,9,3,I,L,L,0,P,,,,,,,,,,,,,0,0,000000000,00000000000,0,0,0,1,0,0,0,0,0,0,0,998,0,0,0,0,98,6,2,44,0,0,0,1,17,60955,6,1,0,0,3,3,70,225,0,0,0,1,0,5,2009,5,2009,1,52,0,0,0,3,2,65,1,1,1,1,28,3,6,98,1,1,2,0,1,0
17,170249,1,2,1,29,4,7,28,12,2,1,0,17,1,14,36,14036,6,1997,3MELM15P6VR6,3,M,E,L,M,1,5,P,6,V,R,6,0,P,MERC,TTR,SW,97,17,2569,,0,984,,G,,0,0,000000000,00000000000,0,0,0,1,0,0,0,0,0,0,0,998,0,0,0,12,12,6,2,12,0,0,0,1,17,61231,6,1,0,0,3,0,72,200,0,0,0,0,0,0,0,0,0,0,51,0,0,0,1,2,55,1,1,1,1,0,0,1,54,1,1,1,50,1,0
17,170249,2,2,1,29,4,7,28,12,2,1,0,17,3,87,881,87881,66,1997,1XP5DU9X6VD4,1,X,P,5,D,U,9,X,6,V,D,4,1,T,PTRB,379,DS,97,17,,8,0,0,CON,D,,1,57,00140639,5700140639,3,6,6,1,0,0,0,0,0,0,0,998,0,0,0,12,12,6,2,12,0,0,0,1,17,61279,6,1,6,0,3,3,71,195,0,0,0,0,0,0,0,0,0,0,0,0,0,0,1,2,55,1,1,1,1,0,0,1,62,1,1,1,51,0,0
17,170250,1,4,1,2,5,15,13,12,6,1,0,17,1,12,402,12402,14,2002,1FMYU01172KD,1,F,M,Y,U,0,1,1,7,2,K,D,0,P,FORD,SPE,UT,2,17,3035,,0,1031,,G,,0,0,000000000,00000000000,0,0,0,1,0,0,0,0,0,0,0,998,0,0,0,9,98,6,2,12,0,0,0,1,17,60428,6,1,0,0,3,3,70,180,0,0,0,0,0,0,0,0,0,0,99,99,99,99,1,4,30,1,1,2,1,3,3,1,17,1,1,1,89,1,0
17,170250,2,4,2,2,5,15,13,12,6,1,0,17,3,12,401,12401,14,1995,1FMDU34X4SUA,1,F,M,D,U,3,4,X,4,S,U,A,0,P,FORD,EPR,UT,95,17,4053,,0,1115,,G,,0,0,000000000,00000000000,0,0,0,1,0,0,0,0,0,0,0,998,0,0,0,12,98,6,2,12,0,0,0,1,17,60435,6,1,0,0,3,0,64,140,0,0,0,0,0,0,0,0,0,0,0,0,0,0,1,4,30,1,1,2,1,3,3,1,66,1,1,1,88,0,0
17,170250,3,4,1,2,5,15,13,12,6,1,0,17,1,13,12,13012,4,2001,1LNHM87A11Y6,1,L,N,H,M,8,7,A,1,1,Y,6,0,P,LINC,LLS,4D,1,17,3666,,0,1145,,G,,0,0,000000000,00000000000,0,0,0,1,0,0,0,0,0,0,0,998,0,0,0,12,12,6,2,12,0,0,0,1,17,60441,6,1,0,0,3,0,64,135,0,0,0,0,0,0,0,0,0,0,0,0,0,0,1,4,30,1,1,2,1,3,3,1,60,1,1,1,98,0,0
17,170250,4,4,2,2,5,15,13,12,6,1,0,17,1,7,482,7482,31,1998,1B7HF13Z7WJ1,1,B,7,H,F,1,3,Z,7,W,J,1,0,T,DODG,Q15,4C,98,17,,2,1547,1387,RPC,G,,0,0,000000000,00000000000,0,0,0,1,0,0,0,0,0,0,0,998,0,0,0,7,98,2,1,12,0,0,0,1,17,60181,6,1,0,0,3,3,70,220,0,0,0,0,0,0,0,0,0,0,0,0,0,0,1,4,30,1,1,2,1,3,3,1,66,1,1,1,98,0,0
17,170251,1,1,1,29,5,1,59,38,0,1,0,17,1,20,481,20481,31,1999,1GNCT18W3XK2,1,G,N,C,T,1,8,W,3,X,K,2,0,P,CHEV,BZR,UT,99,17,3814,,0,1005,,G,,0,0,000000000,00000000000,0,0,0,1,0,0,0,0,0,0,0,998,0,1,5,12,98,6,2,1,0,0,0,1,17,61281,6,1,0,0,3,0,72,170,0,0,1,0,1,2,2008,6,2009,0,0,0,0,0,1,2,55,1,1,1,1,0,0,1,12,1,1,4,6,1,1
17,170252,1,2,2,26,5,20,36,12,6,1,0,17,2,12,22,12022,6,2005,1FMZK06145GA,1,F,M,Z,K,0,6,1,4,5,G,A,0,P,FORD,FSL,UT,5,17,4112,,0,1129,,G,,0,0,000000000,00000000000,0,0,0,1,0,0,0,0,0,0,0,998,0,0,0,9,61,6,2,12,0,0,0,1,17,60942,0,0,0,0,0,0,999,999,99,99,99,99,99,99,9999,99,9999,0,38,0,0,0,1,2,55,1,1,1,1,20,3,1,17,1,1,1,89,0,0
17,170252,2,2,1,26,5,20,36,12,6,1,0,17,3,12,461,12461,21,2006,1FTSS34P76DB,1,F,T,S,S,3,4,P,7,6,D,B,0,T,FORD,3SD,EC,6,17,,2,0,1380,VAN,D,,0,0,000000000,00000000000,0,0,0,1,0,0,0,0,0,0,0,998,0,1,5,12,12,6,2,12,0,0,0,1,17,61832,6,1,0,0,3,0,74,300,0,0,0,1,0,1,2008,1,2008,0,0,0,0,0,1,2,55,1,1,1,1,0,0,1,66,1,1,1,88,1,0
17,170253,1,1,1,12,5,3,17,34,0,1,0,17,1,7,43,7043,4,2003,1B3EL36X73N5,1,B,3,E,L,3,6,X,7,3,N,5,0,P,DODG,SSE,4D,3,17,3108,,0,1080,,G,,0,0,000000000,00000000000,0,0,0,1,0,0,0,0,0,0,0,998,0,1,5,12,98,6,2,30,0,0,0,1,17,61238,6,1,0,0,3,3,65,130,0,0,0,0,0,0,0,0,0,1,99,99,99,99,1,2,55,1,2,2,1,0,0,1,6,99,2,4,7,1,1
17,170254,1,2,1,15,5,23,12,12,2,1,0,17,1,20,20,20020,4,1998,2G1WL52M6W11,2,G,1,W,L,5,2,M,6,W,1,1,0,P,CHEV,L/S,4D,98,17,3330,,0,1075,,G,,0,0,000000000,00000000000,0,0,0,1,0,0,0,0,0,0,0,998,0,0,0,12,12,6,2,12,0,0,0,1,17,61021,2,1,0,0,2,3,73,160,0,1,0,1,2,4,2008,12,2008,0,38,0,0,0,1,2,45,1,2,2,1,0,0,11,10,1,1,2,68,0,0
17,170254,2,2,1,15,5,23,12,12,2,1,0,17,1,77,709,77709,80,2008,5VPAB26D7830,5,V,P,A,B,2,6,D,7,8,3,0,0,M,VCTY,8BA,RS,8,17,,,,,,,1634,0,0,000000000,00000000000,0,0,0,1,0,0,0,0,0,0,0,998,0,0,0,12,98,6,2,12,0,0,0,1,17,61021,6,1,0,0,3,0,70,155,0,0,0,0,0,0,0,0,0,1,0,0,0,0,1,2,45,1,2,2,1,0,0,1,62,1,1,1,69,1,1
17,170255,1,2,2,25,5,21,48,12,6,1,0,17,1,22,22,22022,4,2007,1G2ZF58B2741,1,G,2,Z,F,5,8,B,2,7,4,1,0,P,PONT,6VB,4D,7,17,3305,,0,1123,,G,,0,0,000000000,00000000000,0,0,0,1,0,0,0,0,0,0,0,998,0,0,0,1,12,6,2,12,0,0,0,1,17,62899,6,1,0,0,3,3,63,140,0,0,0,0,0,0,0,0,0,0,39,0,0,0,1,2,55,1,1,2,1,20,3,1,17,1,1,1,87,1,0
17,170255,2,2,1,25,5,21,48,12,6,1,0,17,3,20,403,20403,14,2005,1GNDT13S9522,1,G,N,D,T,1,3,S,9,5,2,2,0,P,CHEV,TRL,UT,5,17,4612,,0,1130,,G,,0,0,000000000,00000000000,0,0,0,1,0,0,0,0,0,0,0,998,0,0,0,12,1,6,2,12,0,0,0,1,17,62294,6,1,0,0,3,0,68,175,0,0,0,0,0,0,0,0,0,0,0,0,0,0,1,2,55,1,1,2,1,0,0,1,66,1,1,1,86,0,0
17,170256,1,2,1,29,5,13,12,12,6,1,0,17,1,72,706,72706,80,2002,1HD1BYB142Y0,1,H,D,1,B,Y,B,1,4,2,Y,0,0,M,HD,ILF,RS,2,17,,,,,,,1450,0,0,000000000,00000000000,0,0,0,1,0,0,0,0,0,0,0,998,0,0,0,12,98,2,1,12,0,0,0,1,17,62233,6,1,0,0,3,3,68,170,0,0,0,0,0,0,0,0,0,0,27,0,0,0,2,2,55,1,1,2,1,0,0,6,10,1,1,2,73,1,0
17,170256,2,2,1,29,5,13,12,12,6,1,0,0,0,98,998,98998,92,2009,N04830X00337,N,0,4,8,3,0,X,0,0,3,3,7,0,P,,,,,,,,,,,,,0,0,000000000,00000000000,0,0,0,1,0,0,0,0,0,0,0,998,0,0,0,7,7,2,1,12,0,0,0,1,17,62035,6,1,6,0,3,0,69,200,0,0,0,0,0,0,0,0,0,0,0,0,0,0,1,2,55,1,1,2,1,0,0,11,51,1,1,2,72,0,0
17,170257,1,1,1,26,5,16,12,31,0,1,0,17,3,87,881,87881,66,1997,1XPCDT9X5VD3,1,X,P,C,D,T,9,X,5,V,D,3,1,T,PTRB,377,DS,97,17,,8,0,0,CON,D,,1,57,076544,57076544,3,6,3,2,2,3257,3,2,0,0,0,998,0,1,5,12,61,6,2,1,0,0,0,1,17,61816,6,1,6,1,3,0,68,200,0,0,0,0,0,0,0,0,0,0,0,0,0,0,1,2,55,3,1,2,1,0,0,14,13,8,1,4,1,1,0
17,170258,1,1,2,26,5,20,57,1,0,1,0,17,2,20,37,20037,4,2000,1G1ND52J2Y62,1,G,1,N,D,5,2,J,2,Y,6,2,0,P,CHEV,MAL,4D,0,17,3051,,0,1070,,G,,0,0,000000000,00000000000,0,0,0,1,0,0,0,0,0,0,0,998,0,1,5,0,98,6,2,1,0,0,0,1,17,60444,6,1,0,0,3,0,59,102,0,0,0,0,0,0,0,0,0,1,52,0,0,0,1,2,55,2,1,2,1,0,0,14,6,9,3,4,7,1,0
17,170259,1,1,1,29,5,18,57,35,0,1,0,17,1,72,706,72706,80,2004,1HD1CGP154K4,1,H,D,1,C,G,P,1,5,4,K,4,0,M,HD,20C,RS,4,17,,,,,,,1200,0,0,000000000,00000000000,0,0,0,1,0,0,0,0,0,0,0,998,0,0,0,12,12,6,2,1,0,0,0,1,17,61920,6,1,0,0,3,0,68,165,0,0,0,0,0,0,0,0,0,1,52,0,0,0,2,2,55,3,1,2,1,0,0,14,13,1,1,4,1,1,1
17,170260,1,1,1,30,5,20,3,1,0,1,0,17,1,37,706,37706,80,2002,JH2SC50072M0,J,H,2,S,C,5,0,0,7,2,M,0,0,M,HOND,CR9,RS,2,17,,,,,,,954,0,0,000000000,00000000000,0,0,0,1,0,0,0,0,0,0,0,80,0,0,0,0,0,6,2,1,0,0,0,1,17,61103,1,1,0,0,2,2,70,148,0,1,0,0,0,9,2007,9,2007,1,36,74,52,0,1,2,55,1,1,2,1,0,0,1,98,1,2,1,98,1,1
17,170261,1,1,3,26,5,16,33,34,0,1,0,17,1,18,402,18402,14,2004,5GAET13P5423,5,G,A,E,T,1,3,P,5,4,2,3,0,P,BUIC,RNR,UT,4,17,4600,,0,1130,,G,,0,0,000000000,00000000000,0,0,0,1,0,0,0,0,0,0,0,998,0,1,5,14,98,6,2,1,0,0,1,1,17,61270,6,1,0,0,3,3,64,300,0,0,0,0,0,0,0,0,0,1,0,0,0,0,1,2,55,1,2,2,1,0,0,1,6,1,4,4,7,1,0
17,170262,1,2,1,29,5,12,27,12,6,1,0,17,1,12,471,12471,30,2005,1FTYR14U05PB,1,F,T,Y,R,1,4,U,0,5,P,B,0,T,FORD,RNS,PS,5,17,,1,0,1257,RNG,G,,0,0,000000000,00000000000,0,0,0,1,0,0,0,0,0,0,0,998,0,1,5,12,98,6,2,30,0,0,0,1,17,62638,6,1,0,0,3,3,69,175,0,0,0,0,1,1,2008,1,2008,0,39,0,0,0,1,2,55,1,1,1,1,20,3,1,17,1,1,1,86,1,0
17,170262,2,2,1,29,5,12,27,12,6,1,0,29,1,55,33,55033,4,2006,5NPEU46F96H0,5,N,P,E,U,4,6,F,9,6,H,0,0,P,HYUN,SGX,4D,6,17,3458,,0,1074,,G,,0,0,000000000,00000000000,0,0,0,1,0,0,0,0,0,0,0,998,0,1,5,3,81,6,2,30,0,0,0,1,29,64093,6,1,0,0,3,0,66,200,0,0,0,0,0,0,0,0,0,0,0,0,0,0,1,2,55,1,1,2,1,0,0,1,66,1,1,1,87,0,0
17,170263,1,1,2,10,5,3,15,42,0,1,0,17,1,20,16,20016,2,1998,1G1JC1247W72,1,G,1,J,C,1,2,4,7,W,7,2,0,P,CHEV,C/S,CP,98,17,2584,,0,1041,,G,,0,0,000000000,00000000000,0,0,0,1,0,0,0,0,0,0,0,998,0,0,0,12,12,6,2,42,0,0,0,1,17,60475,6,1,0,0,3,0,68,140,0,0,0,0,0,0,0,0,0,1,0,0,0,0,1,4,30,1,1,2,1,0,0,1,13,1,1,4,1,1,1
17,170264,1,9,1,31,5,17,2,12,1,1,0,22,1,85,881,85881,66,1999,1XKAD69X5XR8,1,X,K,A,D,6,9,X,5,X,R,8,1,T,KW,T60,DS,99,17,,8,2600,1600,CON,D,,1,57,543824,57543824,3,6,2,1,0,0,0,0,0,0,0,998,0,0,0,12,12,6,2,12,0,0,0,1,22,70560,6,1,6,3,3,0,68,184,0,0,0,0,0,0,0,0,0,1,26,0,0,0,3,4,65,1,1,1,1,40,3,1,52,1,1,1,28,0,0
17,170264,2,9,4,31,5,17,2,12,1,1,0,28,2,23,401,23401,14,2006,1GKDS13S3621,1,G,K,D,S,1,3,S,3,6,2,1,0,T,GMC,ENV,4W,6,17,,1,0,1130,ENV,G,,0,0,000000000,00000000000,0,0,0,1,0,0,0,0,0,0,0,998,0,0,0,6,98,6,2,2,0,0,1,1,28,38666,6,1,0,0,3,0,62,125,0,0,0,0,0,0,0,0,0,0,0,0,0,0,3,4,65,1,1,1,1,40,3,2,53,1,1,1,29,3,0
17,170264,3,9,1,31,5,17,2,12,1,1,0,17,1,20,404,20404,14,2006,2CNDL63F8662,2,C,N,D,L,6,3,F,8,6,6,2,0,P,CHEV,EQU,UT,6,17,3777,,0,1125,,G,,0,0,000000000,00000000000,0,0,0,1,0,0,0,0,0,0,0,998,0,0,0,6,6,6,2,12,0,0,0,1,17,61878,6,1,0,0,3,0,61,105,0,0,0,0,0,0,0,0,0,0,0,0,0,0,3,4,65,1,1,1,1,40,3,2,53,1,1,1,98,0,0
17,170264,4,9,3,31,5,17,2,12,1,1,0,17,1,7,482,7482,31,2003,1D7HU18Z43S1,1,D,7,H,U,1,8,Z,4,3,S,1,0,T,DODG,SQ1,CW,3,17,,2,1605,1405,RPC,G,,0,0,000000000,00000000000,0,0,0,1,0,0,0,0,0,0,0,998,0,0,0,6,98,6,2,12,0,0,0,1,17,61878,6,1,6,0,3,3,69,190,0,0,0,0,0,0,0,0,0,0,0,0,0,0,3,4,65,1,1,1,1,40,3,2,53,1,1,1,98,0,0
17,170264,5,9,2,31,5,17,2,12,1,1,0,17,2,37,32,37032,4,2003,1HGCM66503A0,1,H,G,C,M,6,6,5,0,3,A,0,0,P,HOND,UEX,4D,3,17,3109,,0,1079,,G,,0,0,000000000,00000000000,0,0,0,1,0,0,0,0,0,0,0,998,0,0,0,6,6,6,2,12,0,0,0,1,17,60653,6,1,0,0,3,3,69,185,0,0,0,1,0,5,2009,5,2009,0,0,0,0,0,3,4,65,1,1,1,1,40,3,2,53,1,1,1,98,0,0
17,170264,6,9,3,31,5,17,2,12,1,1,0,17,2,20,422,20422,15,2006,1GNFK16ZX6J1,1,G,N,F,K,1,6,Z,X,6,J,1,0,P,CHEV,K15,UT,6,17,5505,,0,1300,,F,,0,0,000000000,00000000000,0,0,0,1,0,0,0,0,0,0,0,998,0,0,0,6,6,6,2,12,0,0,0,1,17,61070,6,1,0,0,3,0,74,215,0,0,0,0,0,0,0,0,0,0,0,0,0,0,3,4,65,1,1,1,1,40,3,2,53,1,1,1,98,0,0
17,170264,7,9,1,31,5,17,2,12,1,1,0,45,1,49,472,49472,30,1998,4TAWN74N4WZ1,4,T,A,W,N,7,4,N,4,W,Z,1,0,T,TOYT,XL5,PC,98,17,,1,0,1219,TAC,G,,0,0,000000000,00000000000,0,0,0,1,0,0,0,0,0,0,0,998,0,0,0,6,6,6,2,12,0,0,0,1,45,61820,6,1,0,0,3,0,76,230,0,0,0,0,0,0,0,0,0,0,0,0,0,0,3,4,65,1,1,1,1,40,3,2,53,1,1,1,98,0,0
17,170264,8,9,2,31,5,17,2,12,1,1,0,17,2,49,44,49044,2,2002,2T1CF28P82C5,2,T,1,C,F,2,8,P,8,2,C,5,0,P,TOYT,CEE,CP,2,17,3230,,0,1051,,G,,0,0,000000000,00000000000,0,0,0,1,0,0,0,0,0,0,0,998,0,0,0,6,6,6,2,12,0,0,0,1,47,61820,6,1,0,0,3,0,68,125,0,0,0,0,0,0,0,0,0,0,0,0,0,0,3,4,65,1,1,1,1,40,3,2,53,1,1,1,98,0,0
17,170264,9,9,4,31,5,17,2,12,1,1,0,17,2,18,2,18002,4,2000,1G4HR54K1YU1,1,G,4,H,R,5,4,K,1,Y,U,1,0,P,BUIC,LLF,4D,0,17,3591,,0,1122,,G,,0,0,000000000,00000000000,0,0,0,1,0,0,0,0,0,0,0,998,0,0,0,6,6,6,2,12,0,0,0,1,21,60949,6,1,0,0,3,0,62,130,0,0,0,0,1,2,2009,2,2009,0,0,0,0,0,3,4,65,1,1,1,1,40,3,2,53,1,1,1,98,0,0
17,170265,1,1,1,19,5,16,55,34,0,1,0,17,1,53,706,53706,80,2003,JS1GW71A3321,J,S,1,G,W,7,1,A,3,3,2,1,0,M,SUZI,GXR,RS,3,17,,,,,,,1298,0,0,000000000,00000000000,0,0,0,1,0,0,0,0,0,0,0,998,0,0,0,12,98,6,2,1,0,0,0,1,17,61821,6,1,0,0,3,3,69,190,0,0,0,1,0,2,2009,2,2009,1,0,0,0,0,2,2,45,3,3,2,1,0,0,14,12,1,2,4,7,1,0
17,170266,1,1,1,12,5,20,47,8,0,1,1,99,9,99,999,99999,99,9999,999999999999,9,9,9,9,9,9,9,9,9,9,9,9,9,U,,,,9,17,,,,,,,,0,99,999999999,99999999999,9,99,99,1,0,0,0,0,99,99,9,999,0,0,0,12,99,9,1,8,99,99,0,1,99,99999,9,9,99,9,9,9,999,999,99,99,99,99,99,99,9999,99,9999,0,99,99,99,99,1,2,30,1,1,2,2,0,0,1,17,1,1,1,13,0,0
17,170267,1,2,1,28,5,11,6,12,7,1,0,26,1,37,706,37706,80,2008,1HFSC47H28A7,1,H,F,S,C,4,7,H,2,8,A,7,0,M,HOND,GL8,RS,8,17,,,,,,,1832,0,0,000000000,00000000000,0,0,0,1,0,0,0,0,0,0,0,998,0,0,0,82,98,6,2,12,0,0,0,1,26,48419,6,1,0,0,3,3,72,200,0,0,0,0,0,0,0,0,0,1,0,0,0,0,3,3,55,1,1,1,1,98,8,6,51,1,1,2,46,1,0
17,170267,2,2,2,28,5,11,6,12,7,1,0,29,1,59,32,59032,4,2002,JTHBN30F6200,J,T,H,B,N,3,0,F,6,2,0,0,0,P,LEXS,L43,4D,2,17,3955,,0,1152,,G,,0,0,000000000,00000000000,0,0,0,1,0,0,0,0,0,0,0,998,0,0,0,63,63,2,1,12,0,0,0,1,29,65802,6,1,0,0,3,3,69,195,0,0,0,0,0,0,0,0,0,1,0,0,0,0,3,3,65,1,1,1,1,98,8,1,60,1,1,1,45,0,0
17,170268,1,2,1,27,5,12,44,12,6,1,0,17,1,21,2,21002,4,1991,1G3HN54C1MH3,1,G,3,H,N,5,4,C,1,M,H,3,0,P,OLDS,88R,4D,91,17,3105,,0,1108,,G,,0,0,000000000,00000000000,0,0,0,1,0,0,0,0,0,0,0,998,0,0,0,3,3,6,2,12,0,0,0,1,17,60520,6,1,0,0,3,0,67,210,0,0,0,0,0,0,0,0,0,0,39,0,0,0,1,2,55,1,1,2,1,20,3,1,17,1,1,1,87,1,0
17,170268,2,2,1,27,5,12,44,12,6,1,0,17,1,18,2,18002,4,2000,1G4HR54K5YU3,1,G,4,H,R,5,4,K,5,Y,U,3,0,P,BUIC,LLF,4D,0,17,3591,,0,1122,,G,,0,0,000000000,00000000000,0,0,0,1,0,0,0,0,0,0,0,50,0,0,0,12,12,6,2,12,0,0,0,1,17,60520,6,1,0,0,3,0,66,150,0,0,0,0,0,0,0,0,0,0,0,0,0,0,1,2,55,1,1,2,1,0,0,1,66,1,1,1,86,0,0
17,170269,1,2,2,22,5,15,40,12,2,1,0,17,1,12,481,12481,31,1995,2FTHF26F0SCA,2,F,T,H,F,2,6,F,0,S,C,A,0,T,FORD,F25,PK,95,17,,2,0,1330,COF,D,,0,0,000000000,00000000000,0,0,0,1,0,0,0,0,0,0,0,998,0,0,0,12,12,6,2,12,0,0,0,1,17,62353,6,1,6,0,3,0,68,195,0,0,0,0,0,0,0,0,0,1,28,0,0,0,1,2,55,2,2,2,1,0,0,14,10,1,1,1,51,0,0
17,170269,2,2,1,22,5,15,40,12,2,1,0,17,1,73,706,73706,80,2002,JKBVNCE152A0,J,K,B,V,N,C,E,1,5,2,A,0,0,M,KAWK,V8E,RS,2,17,,,,,,,800,0,0,000000000,00000000000,0,0,0,1,0,0,0,0,0,0,0,998,0,0,0,12,12,6,2,12,0,0,0,1,17,62340,6,1,0,0,3,0,71,210,0,0,0,0,0,0,0,0,0,0,0,0,0,0,1,2,55,3,2,2,1,0,0,14,62,1,1,1,50,1,0
17,170270,1,2,1,23,5,21,32,12,2,1,0,17,1,12,471,12471,30,1998,1FTYR10U4WUC,1,F,T,Y,R,1,0,U,4,W,U,C,0,T,FORD,RNG,PK,98,17,,1,1175,1116,RNG,G,,0,0,000000000,00000000000,0,0,0,1,0,0,0,0,0,0,0,998,0,0,0,12,12,6,2,12,0,0,0,1,17,62048,6,1,0,0,3,3,72,150,0,0,0,0,0,0,0,0,0,0,38,0,0,0,3,2,55,1,1,2,1,0,0,11,15,1,1,1,68,0,1
17,170270,2,2,1,23,5,21,32,12,2,1,0,20,1,72,706,72706,80,2004,1HD1BLY194Y0,1,H,D,1,B,L,Y,1,9,4,Y,0,0,M,HD,XST,RS,4,17,,,,,,,1450,0,0,000000000,00000000000,0,0,0,1,0,0,0,0,0,0,0,998,0,0,0,12,98,6,2,12,0,0,0,1,20,67119,6,1,0,0,3,0,66,190,0,0,1,3,1,11,2007,11,2007,0,0,0,0,0,1,2,55,1,1,2,1,20,3,1,66,1,1,1,69,1,0
17,170271,1,1,1,15,5,21,2,33,0,1,0,17,1,72,706,72706,80,2003,1HD1FFW103Y6,1,H,D,1,F,F,W,1,0,3,Y,6,0,M,HD,TCI,RS,3,17,,,,,,,1450,0,0,000000000,00000000000,0,0,0,1,0,0,0,0,0,0,0,998,0,0,0,12,98,6,2,1,0,0,0,1,17,60548,6,1,6,0,3,0,69,210,0,0,0,0,0,0,0,0,0,1,0,0,0,0,1,2,30,2,1,2,1,0,0,14,6,1,1,4,6,1,1
17,170272,1,1,1,28,5,0,0,34,0,1,0,17,1,37,402,37402,14,2004,JHLRD78874C0,J,H,L,R,D,7,8,8,7,4,C,0,0,P,HOND,CRV,UT,4,17,0,,0,1031,,G,,0,0,000000000,00000000000,0,0,0,1,0,0,0,0,0,0,0,998,0,1,5,14,98,6,2,1,0,0,0,1,17,62704,6,1,0,0,3,0,66,140,0,0,0,0,0,0,0,0,0,1,0,0,0,0,1,2,55,1,2,2,1,0,0,1,8,1,2,4,2,1,1
17,170273,1,1,1,4,6,13,24,42,0,1,0,17,1,20,403,20403,14,2003,1GNDS13S1323,1,G,N,D,S,1,3,S,1,3,2,3,0,P,CHEV,TRL,UT,3,17,4417,,0,1130,,G,,0,0,000000000,00000000000,0,0,0,1,0,0,0,0,0,0,0,998,0,0,0,12,98,6,2,42,0,0,0,1,17,60423,6,1,0,0,3,3,68,140,0,0,0,0,0,0,0,0,0,1,0,0,0,0,1,2,55,1,1,2,1,0,0,1,13,1,1,4,1,1,0
17,170274,1,1,1,28,5,6,0,35,0,1,0,17,1,20,23,20023,6,2007,3GNDA33P37S5,3,G,N,D,A,3,3,P,3,7,S,5,0,P,CHEV,HHR,UT,7,17,3155,,0,1035,,G,,0,0,000000000,00000000000,0,0,0,1,0,0,0,0,0,0,0,998,0,1,5,12,98,6,2,1,0,0,0,1,17,61611,6,1,0,0,3,3,74,160,0,0,0,0,0,0,0,0,0,1,28,0,0,0,1,2,55,1,1,2,1,20,3,1,14,1,1,4,14,1,1
17,170275,1,1,1,10,3,2,19,42,0,1,0,17,2,20,421,20421,15,2002,1GNEK13Z82R1,1,G,N,E,K,1,3,Z,8,2,R,1,0,P,CHEV,KTA,UT,2,17,5050,,0,1160,,F,,0,0,000000000,00000000000,0,0,0,1,0,0,0,0,0,0,0,71,0,1,5,12,98,6,2,2,0,0,1,1,17,60431,2,1,0,0,2,0,999,999,0,5,3,0,0,10,2007,12,2009,1,36,0,0,0,1,2,35,4,2,2,2,0,0,14,13,1,2,4,2,1,1
17,170276,1,1,1,18,5,20,34,8,0,1,1,17,2,55,33,55033,4,2008,5NPET46C38H3,5,N,P,E,T,4,6,C,3,8,H,3,0,P,HYUN,SGL,4D,8,17,3253,,0,1074,,G,,0,0,000000000,00000000000,0,0,0,1,0,0,0,0,0,0,0,998,0,0,0,12,12,2,1,8,0,0,0,1,17,62703,2,1,0,0,2,0,74,140,0,3,3,1,5,11,2007,3,2010,1,38,50,23,0,4,3,35,1,1,2,1,0,0,1,80,1,1,1,13,0,1
17,170277,1,1,1,13,5,22,55,8,0,1,1,17,1,20,16,20016,4,2003,1G1JF52F7372,1,G,1,J,F,5,2,F,7,3,7,2,0,P,CHEV,CAS,4D,3,17,2676,,0,1041,,G,,0,0,000000000,00000000000,0,0,0,1,0,0,0,0,0,0,0,998,0,0,0,12,12,2,1,8,99,99,0,1,17,60123,6,1,0,0,3,3,69,220,0,0,0,3,0,11,2009,3,2010,0,38,0,0,0,3,3,35,1,1,2,1,0,0,1,80,1,1,1,13,0,0