STATE,ST_CASE,VEH_NO,VE_FORMS,NUMOCCS,DAY,MONTH,HOUR,MINUTE,HARM_EV,MAN_COLL,UNITTYPE,HIT_RUN,REG_STAT,OWNER,MAKE,MODEL,MAK_MOD,BODY_TYP,MOD_YEAR,VIN,VIN_1,VIN_2,VIN_3,VIN_4,VIN_5,VIN_6,VIN_7,VIN_8,VIN_9,VIN_10,VIN_11,VIN_12,TOW_VEH,VINTYPE,VINMAKE,VINA_MOD,VIN_BT,VINMODYR,VIN_LNGT,VIN_WGT,WGTCD_TR,WHLBS_LG,WHLBS_SH,SER_TR,FUELCODE,MCYCL_DS,J_KNIFE,MCARR_I1,MCARR_I2,MCARR_ID,GVWR,V_CONFIG,CARGO_BT,HAZ_INV,HAZ_PLAC,HAZ_ID,HAZ_CNO,HAZ_REL,BUS_USE,SPEC_USE,EMER_USE,TRAV_SP,UNDERIDE,ROLLOVER,ROLINLOC,IMPACT1,IMPACT2,DEFORMED,TOWED,M_HARM,VEH_SC1,VEH_SC2,FIRE_EXP,DR_PRES,L_STATE,DR_ZIP,L_STATUS,L_TYPE,CDL_STAT,L_ENDORS,L_COMPL,L_RESTRI,DR_HGT,DR_WGT,PREV_ACC,PREV_SUS,PREV_DWI,PREV_SPD,PREV_OTH,FIRST_MO,FIRST_YR,LAST_MO,LAST_YR,SPEEDREL,DR_SF1,DR_SF2,DR_SF3,DR_SF4,VTRAFWAY,VNUM_LAN,VSPD_LIM,VALIGN,VPROFILE,VPAVETYP,VSURCOND,VTRAFCON,VTCONT_F,P_CRASH1,P_CRASH2,P_CRASH3,PCRASH4,PCRASH5,ACC_TYPE,DEATHS,DR_DRINK
17,170314,1,1,1,8,6,2,12,11,0,1,0,17,1,76,706,76706,80,1998,JYA4YEE06WA0,J,Y,A,4,Y,E,E,0,6,W,A,0,0,M,YAMA,XLT,RS,98,17,,,,,,,1294,0,0,000000000,00000000000,0,0,0,1,0,0,0,0,0,0,0,998,0,0,0,12,12,6,2,11,0,0,0,1,17,62966,6,1,0,0,3,0,65,230,0,0,0,0,0,0,0,0,0,0,0,0,0,0,1,2,55,4,2,2,1,0,0,14,87,1,1,1,13,1,0
17,170315,1,1,2,17,5,3,49,11,0,1,0,17,3,72,706,72706,80,2010,1HD1FC410AB6,1,H,D,1,F,C,4,1,0,A,B,6,0,M,HD,FTU,RS,10,17,,,,,,,1584,0,0,000000000,00000000000,0,0,0,1,0,0,0,0,0,0,0,998,0,0,0,12,12,6,2,11,0,0,0,1,17,61084,6,1,0,0,3,3,69,190,0,0,0,0,0,0,0,0,0,1,83,0,0,0,2,2,55,1,1,2,1,0,0,1,87,1,1,1,13,1,1
17,170316,1,1,2,13,6,19,40,1,0,1,0,17,1,72,706,72706,80,1998,1HD1CGP19WK1,1,H,D,1,C,G,P,1,9,W,K,1,0,M,HD,20C,RS,98,17,,,,,,,1200,0,0,000000000,00000000000,0,0,0,1,0,0,0,0,0,0,0,998,0,0,0,0,98,6,2,33,0,0,0,1,17,60193,6,1,0,0,3,0,68,145,0,0,0,0,1,11,2009,11,2009,1,0,0,0,0,1,2,40,3,2,2,1,0,0,14,6,1,4,4,2,2,1
17,170317,1,1,2,12,6,16,27,52,0,1,0,17,1,20,9,20009,2,1999,2G1FP22G3X21,2,G,1,F,P,2,2,G,3,X,2,1,0,P,CHEV,Z28,CP,99,17,3439,,0,1011,,G,,0,0,000000000,00000000000,0,0,0,1,0,0,0,0,0,0,0,55,0,0,0,12,98,6,2,52,0,0,0,1,17,60501,6,1,0,0,3,0,71,190,0,0,0,0,1,1,2008,1,2008,1,36,0,0,0,6,1,50,2,1,1,1,0,0,14,6,1,2,4,7,1,1
17,170318,1,1,1,13,6,21,51,8,0,1,0,17,1,14,6,14006,4,2000,2MEFM75W1YX7,2,M,E,F,M,7,5,W,1,Y,X,7,0,P,MERC,MGL,4D,0,17,3973,,0,1147,,G,,0,0,000000000,00000000000,0,0,0,1,0,0,0,0,0,0,0,998,0,0,0,12,12,6,2,8,0,0,0,1,17,62948,6,1,0,0,3,3,61,102,0,0,0,0,0,0,0,0,0,0,0,0,0,0,1,4,35,1,1,2,1,3,3,1,80,1,1,1,13,0,0
17,170319,1,2,2,25,5,20,41,12,2,1,0,17,2,37,32,37032,4,1995,JHMCD5657SC0,J,H,M,C,D,5,6,5,7,S,C,0,0,P,HOND,AEX,4D,95,17,2908,,0,1069,,G,,0,0,000000000,00000000000,0,0,0,1,0,0,0,0,0,0,0,998,0,1,5,12,98,6,2,1,0,0,0,1,17,60827,6,1,0,0,2,3,60,189,0,1,1,1,0,7,2009,7,2009,1,36,28,0,0,1,4,40,1,1,2,1,0,0,1,10,1,1,2,50,2,0
17,170319,2,2,2,25,5,20,41,12,2,1,0,17,1,59,31,59031,4,2001,JT8BF28G3102,J,T,8,B,F,2,8,G,3,1,0,2,0,P,LEXS,ES3,4D,1,17,3373,,0,1051,,G,,0,0,000000000,00000000000,0,0,0,1,0,0,0,0,0,0,0,998,0,0,0,12,12,6,2,12,0,0,0,1,17,60409,6,1,0,0,3,0,71,240,0,0,0,0,0,0,0,0,0,0,0,0,0,0,1,4,40,1,1,2,1,0,0,1,62,1,1,2,51,0,0
17,170320,1,2,1,10,6,9,2,12,2,1,0,17,1,18,2,18002,4,2003,1G4HP52K03U1,1,G,4,H,P,5,2,K,0,3,U,1,0,P,BUIC,LCF,4D,3,17,3567,,0,1122,,G,,0,0,000000000,00000000000,0,0,0,1,0,0,0,0,0,0,0,998,0,0,0,12,12,6,2,12,0,0,0,1,17,62927,6,1,0,0,3,0,68,150,0,0,0,0,0,0,0,0,0,0,28,51,0,0,1,2,55,2,1,2,1,0,0,14,54,1,1,2,50,1,0
17,170320,2,2,1,10,6,9,2,12,2,1,0,17,3,12,421,12421,15,1989,1FMCU14T2KUB,1,F,M,C,U,1,4,T,2,K,U,B,0,P,FORD,BII,UT,89,17,3050,,0,940,,G,,0,0,000000000,00000000000,0,0,0,1,0,0,0,0,0,0,0,998,0,0,0,12,12,6,2,12,0,0,0,1,17,62901,6,1,0,0,3,0,71,195,0,0,0,1,0,10,2009,10,2009,0,0,0,0,0,1,2,55,3,1,2,1,0,0,14,62,1,1,1,51,0,0
17,170321,1,2,1,4,6,9,18,12,2,1,0,17,1,35,49,35049,6,2010,JN8AZ1MW8AW1,J,N,8,A,Z,1,M,W,8,A,W,1,0,P,NISS,MUR,UT,10,17,3915,,0,1112,,G,,0,0,000000000,00000000000,0,0,0,1,0,0,0,0,0,0,0,998,0,0,0,12,98,6,2,12,0,0,0,1,17,60455,6,1,0,0,3,0,62,190,0,0,0,0,0,0,0,0,0,1,51,0,0,0,2,2,30,1,1,2,1,3,3,1,50,1,1,2,50,0,0
17,170321,2,2,2,4,6,9,18,12,2,1,0,17,1,22,16,22016,4,2000,1G2JB5242Y72,1,G,2,J,B,5,2,4,2,Y,7,2,0,P,PONT,SFS,4D,0,17,2644,,0,1041,,G,,0,0,000000000,00000000000,0,0,0,1,0,0,0,0,0,0,0,0,0,0,0,12,12,6,2,12,0,0,0,1,17,60619,6,1,0,0,3,0,65,220,0,0,0,1,0,7,2007,7,2007,0,0,0,0,0,2,2,30,1,1,2,1,3,3,5,62,1,1,1,51,1,0
17,170322,1,1,1,5,5,17,5,8,0,1,0,17,2,59,32,59032,4,2009,JTHCL46F7950,J,T,H,C,L,4,6,F,7,9,5,0,0,P,LEXS,46A,4D,9,17,4730,,0,1169,,G,,0,0,000000000,00000000000,0,0,0,1,0,0,0,0,0,0,0,998,0,0,0,12,12,2,1,8,0,0,0,1,17,60612,6,1,0,0,3,3,68,225,0,0,0,0,0,0,0,0,0,1,0,0,0,0,2,2,30,1,1,2,1,0,0,1,80,1,1,1,13,0,0
17,170323,1,1,2,21,6,17,34,5,0,1,1,17,2,20,481,20481,31,1992,1GCGK24K7NE1,1,G,C,G,K,2,4,K,7,N,E,1,0,T,CHEV,GK2,PK,92,17,,2,1555,1315,GM4,G,,0,0,000000000,00000000000,0,0,0,1,0,0,0,0,0,0,0,25,0,0,0,0,0,0,1,5,0,0,0,1,17,61533,2,1,0,0,2,0,72,140,0,0,0,0,2,7,2007,9,2007,0,21,36,0,0,1,2,65,1,1,2,1,0,0,1,98,1,1,1,0,1,0
17,170324,1,1,2,28,5,19,58,33,0,1,0,17,1,12,422,12422,15,1999,1FMRU1865XLB,1,F,M,R,U,1,8,6,5,X,L,B,0,P,FORD,EPT,UT,99,17,5177,,0,1191,,G,,0,0,000000000,00000000000,0,0,0,1,0,0,0,0,0,0,0,998,0,1,5,14,98,6,2,1,0,0,0,1,17,60104,0,0,0,0,0,0,999,999,0,0,0,0,0,0,0,0,0,1,92,0,0,0,3,4,35,1,3,2,1,0,0,1,6,1,3,4,2,1,1
17,170326,1,2,1,19,6,22,33,12,2,1,0,17,1,20,421,20421,15,1999,1GNDT13W1X22,1,G,N,D,T,1,3,W,1,X,2,2,0,P,CHEV,BZR,UT,99,17,4023,,0,1070,,G,,0,0,000000000,00000000000,0,0,0,1,0,0,0,0,0,0,0,998,0,0,0,12,12,6,2,2,0,0,1,1,17,61883,6,1,0,0,3,0,74,188,0,0,0,0,1,2,2010,2,2010,0,0,0,0,0,1,2,55,1,3,2,1,0,0,1,54,1,1,2,50,1,1
17,170326,2,2,2,19,6,22,33,12,2,1,0,17,1,12,4,12004,2,1995,1FALP6246SH1,1,F,A,L,P,6,2,4,6,S,H,1,0,P,FORD,THL,2D,95,17,3536,,0,1130,,G,,0,0,000000000,00000000000,0,0,0,1,0,0,0,0,0,0,0,998,0,0,0,12,12,6,2,12,0,0,0,1,17,61832,6,1,0,0,3,0,70,195,0,0,0,0,0,0,0,0,0,0,28,0,0,0,1,2,55,1,3,2,1,0,0,15,62,7,1,2,51,0,1
17,170327,1,1,2,19,6,22,3,31,0,1,0,17,1,12,481,12481,31,2001,2FTZF07201CA,2,F,T,Z,F,0,7,2,0,1,C,A,0,T,FORD,F15,PK,1,17,,1,0,1195,COF,G,,0,0,000000000,00000000000,0,0,0,1,0,0,0,0,0,0,0,52,0,1,5,12,98,6,2,1,0,0,0,1,17,62223,6,1,0,0,3,3,72,230,0,0,0,0,0,0,0,0,0,1,27,34,0,0,1,2,30,4,1,2,1,0,0,6,10,1,1,4,6,1,1
17,170329,1,1,4,23,6,19,45,1,0,1,0,27,1,22,19,22019,2,2007,1G2AL15F7771,1,G,2,A,L,1,5,F,7,7,7,1,0,P,PONT,G/5,CP,7,17,2991,,0,1035,,G,,0,0,000000000,00000000000,0,0,0,1,0,0,0,0,0,0,0,102,0,1,4,0,98,6,2,1,0,0,0,1,17,62225,6,1,0,0,3,0,72,162,0,0,0,0,0,0,0,0,0,1,0,0,0,0,6,1,65,2,2,1,1,0,0,14,12,1,1,4,6,1,1
17,170330,1,2,1,10,5,15,13,12,6,1,0,17,1,14,36,14036,4,1998,1MEFM13P1WW6,1,M,E,F,M,1,3,P,1,W,W,6,0,P,MERC,TLP,4D,98,17,2469,,0,984,,G,,0,0,000000000,00000000000,0,0,0,1,0,0,0,0,0,0,0,998,0,0,0,9,9,6,2,12,0,0,0,1,17,60411,6,1,0,0,3,3,62,140,0,0,0,0,0,0,0,0,0,0,30,38,0,0,1,2,40,1,1,2,1,20,3,4,55,1,1,2,89,1,0
17,170330,2,2,2,10,5,15,13,12,6,1,0,17,1,12,401,12401,14,1997,1FMDU34E0VUB,1,F,M,D,U,3,4,E,0,V,U,B,0,P,FORD,EPR,UT,97,17,4166,,0,1115,,G,,0,0,000000000,00000000000,0,0,0,1,0,0,0,0,0,0,0,998,0,0,0,12,12,6,2,12,0,0,0,1,17,60411,6,1,0,0,3,0,67,140,0,0,0,0,0,0,0,0,0,0,0,0,0,0,2,2,40,1,1,2,1,0,0,1,66,1,1,1,88,0,0
17,170331,1,2,1,18,6,15,30,12,2,1,0,17,1,19,5,19005,2,2000,1G6ET1299YU1,1,G,6,E,T,1,2,9,9,Y,U,1,0,P,CADI,ETC,CP,0,17,3876,,0,1080,,G,,0,0,000000000,00000000000,0,0,0,1,0,0,0,0,0,0,0,998,0,0,0,12,12,6,2,12,0,0,0,1,17,60463,6,1,0,0,3,3,71,165,0,0,0,0,0,0,0,0,0,0,38,0,0,0,1,4,45,3,2,2,1,3,3,11,15,1,1,2,84,1,0
17,170331,2,2,1,18,6,15,30,12,2,1,0,17,1,7,482,7482,31,2007,1D7KS28C57J5,1,D,7,K,S,2,8,C,5,7,J,5,0,T,DODG,SQ2,CW,7,17,,2,1605,1405,RPC,D,,0,0,000000000,00000000000,0,0,0,1,0,0,0,0,0,0,0,45,0,0,0,12,12,6,2,12,0,0,0,1,17,60439,6,1,6,0,3,3,74,210,0,0,0,0,0,0,0,0,0,0,0,0,0,0,1,4,45,3,2,2,1,3,3,14,62,1,1,1,84,0,0
17,170332,1,1,1,12,6,22,55,8,0,1,0,17,2,7,26,7026,4,2008,1B3LC46J38N2,1,B,3,L,C,4,6,J,3,8,N,2,0,P,DODG,AVN,4D,8,17,3355,,0,1089,,G,,0,0,000000000,00000000000,0,0,0,1,0,0,0,0,0,0,0,998,0,0,0,12,98,6,2,8,0,0,0,1,17,60181,0,0,0,0,0,0,999,999,0,0,0,0,0,0,0,0,0,1,52,0,0,0,2,2,30,1,1,2,1,0,0,4,80,1,1,1,13,0,0
17,170334,1,1,1,11,6,3,9,35,0,1,0,17,1,20,16,20016,2,2001,1G1JF12T9172,1,G,1,J,F,1,2,T,9,1,7,2,0,P,CHEV,CZ2,CP,1,17,2749,,0,1041,,G,,0,0,000000000,00000000000,0,0,0,1,0,0,0,0,0,0,0,998,0,1,5,82,98,6,2,1,0,0,0,1,17,62035,6,1,0,0,3,0,71,130,1,2,0,0,3,6,2007,3,2009,1,0,0,0,0,1,2,55,1,2,2,1,0,0,1,13,7,1,4,1,1,1
17,170335,1,1,1,26,6,13,51,25,0,1,0,17,1,72,706,72706,80,2003,1HD1FFW443Y6,1,H,D,1,F,F,W,4,4,3,Y,6,0,M,HD,TCA,RS,3,17,,,,,,,1450,0,0,000000000,00000000000,0,0,0,1,0,0,0,0,0,0,0,998,0,0,0,12,98,6,2,25,0,0,0,1,17,60108,6,1,0,0,3,0,70,180,0,0,0,0,1,9,2009,9,2009,0,0,0,0,0,3,3,45,1,1,1,1,0,0,15,61,7,1,4,3,1,1
17,170336,1,1,1,1,7,11,0,42,0,1,0,17,1,19,18,19018,4,2003,1G6DM57N9301,1,G,6,D,M,5,7,N,9,3,0,1,0,P,CADI,C/T,4D,3,17,3509,,0,1134,,G,,0,0,000000000,00000000000,0,0,0,1,0,0,0,0,0,0,0,998,0,0,0,12,12,6,2,42,0,0,0,1,17,61554,6,1,0,0,3,0,66,160,0,0,0,0,0,0,0,0,0,0,0,0,0,0,1,2,55,1,1,2,1,0,0,1,12,1,1,4,6,1,0
17,170337,1,2,1,30,6,19,6,12,6,1,0,17,1,6,51,6051,4,1999,2C3HE66G3XH7,2,C,3,H,E,6,6,G,3,X,H,7,0,P,CHRY,30M,4D,99,17,3474,,0,1130,,G,,0,0,000000000,00000000000,0,0,0,1,0,0,0,0,0,0,0,998,0,0,0,62,62,6,2,12,0,0,0,1,17,61910,6,1,0,0,3,3,63,190,0,0,0,0,1,9,2007,9,2007,0,38,0,0,0,1,2,55,1,1,2,1,20,3,4,55,1,1,1,89,0,0
17,170337,2,2,2,30,6,19,6,12,6,1,0,17,1,12,37,12037,4,2010,1FAHP3EN3AW1,1,F,A,H,P,3,E,N,3,A,W,1,0,P,FORD,FKS,4D,10,17,2623,,0,1029,,G,,0,0,000000000,00000000000,0,0,0,1,0,0,0,0,0,0,0,998,0,0,0,12,12,6,2,12,0,0,0,1,17,61802,6,1,0,0,3,3,68,170,0,0,0,0,0,0,0,0,0,0,0,0,0,0,1,2,55,1,1,2,1,0,0,1,66,1,1,1,88,1,0
17,170338,1,1,1,10,6,23,25,44,0,1,0,17,1,72,706,72706,80,1994,1HD1BJL46RY0,1,H,D,1,B,J,L,4,6,R,Y,0,0,M,HD,STC,RS,94,17,,,,,,,1340,0,0,000000000,00000000000,0,0,0,1,0,0,0,0,0,0,0,998,0,0,0,0,98,6,2,1,0,0,0,1,17,60922,6,1,0,0,3,0,72,290,0,0,0,0,1,7,2009,7,2009,1,0,0,0,0,3,2,65,2,1,1,1,98,3,6,98,1,1,2,0,1,0
17,170339,1,1,1,22,6,18,45,8,0,1,1,17,1,20,461,20461,21,1993,1GCEG25H1PF3,1,G,C,E,G,2,5,H,1,P,F,3,0,T,CHEV,G20,VN,93,17,,2,1250,1100,VAN,G,,0,0,000000000,00000000000,0,0,0,1,0,0,0,0,0,0,0,998,0,0,0,12,12,2,1,8,0,0,0,1,17,60608,6,1,0,0,3,0,65,212,0,0,0,0,0,0,0,0,0,1,38,0,0,0,1,2,30,1,1,2,1,3,3,1,17,1,1,1,13,0,0
17,170340,1,1,1,2,7,1,10,34,0,1,0,17,1,37,706,37706,80,2005,1HFSC55075A1,1,H,F,S,C,5,5,0,7,5,A,1,0,M,HOND,13V,RS,5,17,,,,,,,1312,0,0,000000000,00000000000,0,0,0,1,0,0,0,0,0,0,0,998,0,0,0,12,98,6,2,32,0,0,0,1,17,60012,6,1,0,0,3,3,74,205,0,0,0,0,0,0,0,0,0,1,0,0,0,0,1,2,30,4,2,2,1,0,0,14,12,1,1,4,6,1,1
17,170341,1,1,3,30,5,21,25,8,0,1,0,17,1,18,401,18401,14,2005,3G5DA03E85S5,3,G,5,D,A,0,3,E,8,5,S,5,0,P,BUIC,RZV,UT,5,17,4096,,0,1122,,G,,0,0,000000000,00000000000,0,0,0,1,0,0,0,0,0,0,0,998,0,0,0,12,12,6,2,8,0,0,0,1,17,60445,6,1,0,0,3,0,71,165,0,0,0,0,0,0,0,0,0,0,0,0,0,0,1,4,45,1,1,2,1,0,0,1,80,1,1,1,13,0,0
17,170343,1,2,1,28,6,9,41,12,1,1,0,17,2,12,471,12471,30,1999,1FTYR14X4XPC,1,F,T,Y,R,1,4,X,4,X,P,C,0,T,FORD,RNS,PS,99,17,,1,0,1257,RNG,G,,0,0,000000000,00000000000,0,0,0,1,0,0,0,0,0,0,0,998,0,0,0,12,12,6,2,35,0,0,0,1,17,62827,6,1,0,0,3,0,66,111,0,0,0,0,0,0,0,0,0,1,38,0,0,0,2,2,55,1,1,2,1,0,0,1,17,1,1,1,24,1,0
17,170343,2,2,3,28,6,9,41,12,1,1,0,21,2,49,40,49040,4,2003,4T1BE32K93U1,4,T,1,B,E,3,2,K,9,3,U,1,0,P,TOYT,UXS,4D,3,17,2993,,0,1071,,G,,0,0,000000000,00000000000,0,0,0,1,0,0,0,0,0,0,0,998,0,0,0,6,6,6,2,12,0,0,0,1,17,62946,6,1,0,0,3,0,68,180,0,0,0,0,0,0,0,0,0,0,0,0,0,0,2,2,55,1,1,2,1,0,0,10,16,1,1,1,27,0,0
17,170344,1,1,1,16,4,21,36,10,0,1,0,17,1,2,405,2405,14,2006,1J4GL38K26W1,1,J,4,G,L,3,8,K,2,6,W,1,0,T,JEEP,RNG,4W,6,17,,1,0,1043,LIB,G,,0,0,000000000,00000000000,0,0,0,1,0,0,0,0,0,0,0,0,0,0,0,9,98,6,2,10,0,0,0,1,17,60613,6,1,0,0,3,3,65,135,0,0,0,1,0,4,2009,4,2009,1,36,0,0,0,2,2,40,1,1,2,1,65,1,1,6,1,1,1,98,1,0
17,170345,1,1,1,21,6,16,59,42,0,1,0,17,1,20,461,20461,21,2001,1GCFG15W4111,1,G,C,F,G,1,5,W,4,1,1,1,0,T,CHEV,E15,CG,1,17,,2,0,1350,EXP,G,,0,0,000000000,00000000000,0,0,0,1,0,0,0,0,0,0,0,998,0,0,0,12,12,6,2,42,0,0,0,1,55,53104,6,1,0,0,3,0,69,150,0,0,0,0,0,0,0,0,0,0,0,0,0,0,2,2,50,1,1,2,1,0,0,1,13,1,1,4,1,1,1
17,170346,1,1,1,2,7,2,10,20,0,1,0,17,1,6,51,6051,4,2007,2C3KA63H47H8,2,C,3,K,A,6,3,H,4,7,H,8,0,P,CHRY,30C,4D,7,17,3998,,0,1200,,G,,0,0,000000000,00000000000,0,0,0,1,0,0,0,0,0,0,0,998,0,1,1,12,98,6,2,1,0,0,0,1,17,60620,6,1,0,0,3,0,72,230,0,0,0,1,0,12,2008,12,2008,1,36,27,0,0,6,1,65,1,1,1,1,0,0,1,6,1,3,4,7,1,1
17,170347,1,1,3,6,7,0,40,23,0,1,0,17,1,23,481,23481,31,1993,1GTCT14Z7P85,1,G,T,C,T,1,4,Z,7,P,8,5,0,T,GMC,SON,PK,93,17,,1,1179,1083,SON,G,,0,0,000000000,00000000000,0,0,0,1,0,0,0,0,0,0,0,998,0,1,2,12,98,6,2,23,0,0,0,1,17,62626,6,1,0,0,3,0,71,140,0,0,0,0,0,0,0,0,0,0,0,0,0,0,1,1,55,1,2,2,1,0,0,1,12,1,1,4,6,1,1
17,170348,1,2,1,3,7,13,55,12,6,1,0,17,1,20,20,20020,4,1998,2G1WL52KXW92,2,G,1,W,L,5,2,K,X,W,9,2,0,P,CHEV,L/S,4D,98,17,3330,,0,1075,,G,,0,0,000000000,00000000000,0,0,0,1,0,0,0,0,0,0,0,998,0,0,0,3,98,6,2,12,0,0,0,1,17,60156,6,1,0,0,3,0,72,320,0,0,0,1,0,8,2009,8,2009,0,38,0,0,0,1,2,55,1,2,2,1,3,3,11,54,1,1,2,68,0,0
17,170348,2,2,1,3,7,13,55,12,6,1,0,17,1,72,706,72706,80,2005,1HD1FBW105Y6,1,H,D,1,F,B,W,1,0,5,Y,6,0,M,HD,LRI,RS,5,17,,,,,,,1450,0,0,000000000,00000000000,0,0,0,1,0,0,0,0,0,0,0,998,0,0,0,12,98,6,2,12,0,0,0,1,17,60012,6,1,0,0,3,3,72,180,0,0,0,0,0,0,0,0,0,0,0,0,0,0,1,2,55,1,2,2,1,3,3,1,62,1,1,1,69,1,1
17,170349,1,1,1,11,6,11,44,35,0,1,0,17,1,13,421,13421,15,2002,5LMFU28R32LJ,5,L,M,F,U,2,8,R,3,2,L,J,0,P,LINC,NAV,UT,2,17,5746,,0,1190,,G,,0,0,000000000,00000000000,0,0,0,1,0,0,0,0,0,0,0,998,0,1,3,12,98,6,2,1,0,0,0,1,45,29803,6,1,0,0,3,3,73,245,0,0,0,0,0,0,0,0,0,1,99,99,99,99,2,2,65,1,1,1,2,0,0,1,12,1,1,4,6,1,0
17,170350,1,1,1,20,6,18,3,44,0,1,0,17,1,72,706,72706,80,2001,1HD1FCW111Y6,1,H,D,1,F,C,W,1,1,1,Y,6,0,M,HD,FLU,RS,1,17,,,,,,,1450,0,0,000000000,00000000000,0,0,0,1,0,0,0,0,0,0,0,998,0,0,0,0,98,6,2,1,0,0,0,1,17,60636,6,1,0,0,3,0,71,188,0,0,0,0,0,0,0,0,0,0,99,99,99,99,2,2,55,1,1,2,1,0,0,1,98,1,1,2,0,1,0
17,170351,1,1,4,23,6,17,29,34,0,1,0,17,2,12,4,12004,2,1993,1FAPP6243PH1,1,F,A,P,P,6,2,4,3,P,H,1,0,P,FORD,THL,2D,93,17,3566,,0,1130,,G,,0,0,000000000,00000000000,0,0,0,1,0,0,0,0,0,0,0,998,0,0,0,14,98,6,2,42,0,0,0,1,17,60020,6,1,0,0,3,3,78,245,0,0,0,1,0,12,2008,12,2008,1,36,0,0,0,1,2,55,3,2,2,1,0,0,14,6,9,3,4,2,1,1
17,170353,1,2,1,3,7,3,50,12,6,1,0,17,1,30,40,30040,4,2006,3VWXJ71K16M6,3,V,W,X,J,7,1,K,1,6,M,6,0,P,VOLK,JL2,4D,6,17,3215,,0,1015,,G,,0,0,000000000,00000000000,0,0,0,1,0,0,0,0,0,0,0,998,0,1,3,12,98,6,2,1,0,0,0,1,17,60804,6,1,0,0,3,0,68,180,0,0,0,1,1,8,2009,6,2010,0,0,0,0,0,3,3,65,4,2,1,1,0,0,14,61,1,1,1,45,1,1
17,170353,2,2,2,3,7,3,50,12,6,1,0,17,1,34,34,34034,2,1998,WBSBG9328WEY,W,B,S,B,G,9,3,2,8,W,E,Y,0,P,BMW,M3S,CP,98,17,3175,,0,1067,,G,,0,0,000000000,00000000000,0,0,0,1,0,0,0,0,0,0,0,998,0,0,0,83,98,6,2,12,0,0,0,1,17,60612,6,1,0,0,3,0,73,195,0,0,0,3,1,6,2008,6,2010,0,27,0,0,0,3,3,65,4,2,1,1,0,0,15,53,1,1,2,46,0,1
17,170354,1,1,3,10,7,19,15,1,0,1,0,17,1,12,401,12401,14,2001,1FMZU74E21ZA,1,F,M,Z,U,7,4,E,2,1,Z,A,1,P,FORD,EPR,UT,1,17,4097,,0,1116,,G,,3,0,000000000,00000000000,0,0,0,1,0,0,0,0,0,0,0,998,0,1,5,0,98,6,2,1,0,0,0,1,17,62901,6,1,0,0,3,3,69,165,0,0,0,0,0,0,0,0,0,0,0,0,0,0,2,2,65,1,2,2,1,0,0,1,4,99,4,4,2,2,0
17,170355,1,1,1,11,7,8,29,9,0,1,0,17,1,20,404,20404,14,2005,2CNDL73F2561,2,C,N,D,L,7,3,F,2,5,6,1,0,P,CHEV,EQU,UT,5,17,3776,,0,1125,,G,,0,0,000000000,00000000000,0,0,0,1,0,0,0,0,0,0,0,53,0,0,0,12,98,6,2,9,0,0,0,1,17,60559,6,1,0,0,3,3,61,155,0,0,0,0,0,0,0,0,0,1,26,0,0,0,2,6,55,1,1,2,1,0,0,15,83,1,1,2,13,0,0
17,170356,1,1,3,27,5,19,13,5,0,1,0,17,1,7,482,7482,31,2001,1B7HF13Z71J2,1,B,7,H,F,1,3,Z,7,1,J,2,0,T,DODG,Q15,4C,1,17,,2,1547,1387,RPC,G,,0,0,000000000,00000000000,0,0,0,1,0,0,0,0,0,0,0,998,0,0,0,0,0,0,1,5,0,0,0,1,17,62568,6,1,0,0,3,0,65,110,0,0,0,2,0,3,2008,4,2010,0,0,0,0,0,2,2,55,1,1,2,1,0,0,1,98,1,1,1,0,1,0
17,170357,1,2,1,17,5,18,20,12,6,1,0,17,1,24,5,24005,4,2001,1G8JW52R31Y5,1,G,8,J,W,5,2,R,3,1,Y,5,0,P,STRN,L30,4D,1,17,3183,,0,1065,,G,,0,0,000000000,00000000000,0,0,0,1,0,0,0,0,0,0,0,84,0,1,5,12,98,6,2,12,0,0,0,1,17,60918,6,1,6,0,3,3,72,190,0,0,0,0,0,0,0,0,0,1,38,0,0,0,2,2,55,1,1,2,2,0,0,1,55,1,1,1,88,0,1
17,170357,2,2,1,17,5,18,20,12,6,1,0,17,1,49,49,49049,6,2006,JTLKT3249640,J,T,L,K,T,3,2,4,9,6,4,0,0,P,TOYT,SXB,UT,6,17,2395,,0,984,,G,,0,0,000000000,00000000000,0,0,0,1,0,0,0,0,0,0,0,76,0,0,0,61,98,6,2,12,0,0,0,1,17,60948,6,1,0,0,3,3,66,275,0,0,0,0,0,0,0,0,0,0,0,0,0,0,2,2,55,1,1,2,2,0,0,1,66,1,1,1,89,1,0
17,170358,1,2,1,29,6,7,45,12,6,1,0,17,1,7,442,7442,20,1997,2B4GP4532VR1,2,B,4,G,P,4,5,3,2,V,R,1,0,P,DODG,CAR,SV,97,17,3647,,0,1133,,G,,0,0,000000000,00000000000,0,0,0,1,0,0,0,0,0,0,0,998,0,0,0,12,12,6,2,12,0,0,0,1,17,62447,6,1,0,0,3,0,71,240,0,0,0,2,0,3,2008,2,2010,0,35,52,0,0,2,2,55,1,1,2,1,0,0,6,52,1,1,2,73,1,0