STATE,ST_CASE,VEH_NO,VE_FORMS,NUMOCCS,DAY,MONTH,HOUR,MINUTE,HARM_EV,MAN_COLL,UNITTYPE,HIT_RUN,REG_STAT,OWNER,MAKE,MODEL,MAK_MOD,BODY_TYP,MOD_YEAR,VIN,VIN_1,VIN_2,VIN_3,VIN_4,VIN_5,VIN_6,VIN_7,VIN_8,VIN_9,VIN_10,VIN_11,VIN_12,TOW_VEH,VINTYPE,VINMAKE,VINA_MOD,VIN_BT,VINMODYR,VIN_LNGT,VIN_WGT,WGTCD_TR,WHLBS_LG,WHLBS_SH,SER_TR,FUELCODE,MCYCL_DS,J_KNIFE,MCARR_I1,MCARR_I2,MCARR_ID,GVWR,V_CONFIG,CARGO_BT,HAZ_INV,HAZ_PLAC,HAZ_ID,HAZ_CNO,HAZ_REL,BUS_USE,SPEC_USE,EMER_USE,TRAV_SP,UNDERIDE,ROLLOVER,ROLINLOC,IMPACT1,IMPACT2,DEFORMED,TOWED,M_HARM,VEH_SC1,VEH_SC2,FIRE_EXP,DR_PRES,L_STATE,DR_ZIP,L_STATUS,L_TYPE,CDL_STAT,L_ENDORS,L_COMPL,L_RESTRI,DR_HGT,DR_WGT,PREV_ACC,PREV_SUS,PREV_DWI,PREV_SPD,PREV_OTH,FIRST_MO,FIRST_YR,LAST_MO,LAST_YR,SPEEDREL,DR_SF1,DR_SF2,DR_SF3,DR_SF4,VTRAFWAY,VNUM_LAN,VSPD_LIM,VALIGN,VPROFILE,VPAVETYP,VSURCOND,VTRAFCON,VTCONT_F,P_CRASH1,P_CRASH2,P_CRASH3,PCRASH4,PCRASH5,ACC_TYPE,DEATHS,DR_DRINK
17,170397,1,1,1,22,7,6,0,1,0,1,0,17,1,12,481,12481,31,2002,1FTNF21FX2EB,1,F,T,N,F,2,1,F,X,2,E,B,0,T,FORD,F2S,PK,2,17,,2,0,1370,SRW,D,,0,0,000000000,00000000000,0,0,0,1,0,0,0,0,0,0,0,998,0,1,5,0,98,6,2,1,0,0,0,1,17,60142,6,1,0,0,3,3,69,150,1,0,0,1,0,9,2008,11,2009,0,51,52,0,0,1,2,55,1,1,2,1,0,0,1,9,6,4,4,7,1,1
17,170398,1,2,1,24,7,14,0,34,0,1,0,17,1,12,23,12023,4,2006,3FAFP07Z66R2,3,F,A,F,P,0,7,Z,6,6,R,2,0,P,FORD,F/E,4D,6,17,3101,,0,1074,,G,,0,0,000000000,00000000000,0,0,0,1,0,0,0,0,0,0,0,998,0,0,0,14,12,6,2,12,0,0,0,1,17,61102,6,1,0,0,3,3,65,125,0,0,0,0,0,0,0,0,0,1,0,0,0,0,1,2,45,4,1,2,1,0,0,14,13,1,1,4,1,0,0
17,170398,2,2,1,24,7,14,0,34,0,1,0,17,1,6,41,6041,4,2004,2C3HD46R94H6,2,C,3,H,D,4,6,R,9,4,H,6,0,P,CHRY,CXL,4D,4,17,3352,,0,1130,,G,,0,0,000000000,00000000000,0,0,0,1,0,0,0,0,0,0,0,0,0,0,0,62,98,6,2,12,0,0,0,1,17,61102,6,1,0,0,3,3,66,160,0,0,0,0,0,0,0,0,0,0,0,0,0,0,1,2,45,4,1,2,1,20,3,5,66,1,1,1,98,1,0
17,170399,1,1,1,22,7,0,40,8,0,1,0,17,2,51,881,51881,66,2007,4V4MC9GF87N4,4,V,4,M,C,9,G,F,8,7,N,4,1,T,VOLV,VNM,DS,7,17,,8,0,0,VVN,D,,1,57,75806,5775806,3,6,2,1,0,0,0,0,0,0,0,37,0,0,0,12,12,2,1,8,0,0,0,1,18,46237,6,1,6,0,3,0,69,194,0,0,0,0,0,0,0,0,0,0,86,0,0,0,1,2,55,1,1,2,1,0,0,1,80,1,1,1,13,0,0
17,170400,1,1,2,23,7,2,24,8,0,1,0,17,1,7,461,7461,21,2002,2B5WB35Y52K1,2,B,5,W,B,3,5,Y,5,2,K,1,0,T,DODG,35W,MP,2,17,,2,0,1272,RMW,G,,0,0,000000000,00000000000,0,0,0,1,0,0,0,0,0,0,0,998,0,0,0,12,12,6,2,8,0,0,0,1,17,60442,6,1,0,0,3,0,72,240,0,0,0,0,0,0,0,0,0,0,86,0,0,0,1,2,55,1,1,2,1,0,0,1,80,1,1,1,13,0,0
17,170401,1,2,3,23,7,20,0,12,1,1,0,17,1,20,481,20481,31,2010,3GCRKSE37AG2,3,G,C,R,K,S,E,3,7,A,G,2,0,T,CHEV,2SK,CW,10,17,,2,0,1435,SIL,F,,0,0,000000000,00000000000,0,0,0,1,0,0,0,0,0,0,0,998,0,1,1,12,98,6,2,1,0,0,0,1,17,61611,6,1,0,0,3,0,72,180,0,0,0,0,0,0,0,0,0,1,0,0,0,0,1,3,55,1,2,2,1,0,0,1,51,1,1,1,24,0,0
17,170401,2,2,1,23,7,20,0,12,1,1,0,17,1,24,1,24001,4,1997,1G8ZG5289VZ3,1,G,8,Z,G,5,2,8,9,V,Z,3,0,P,STRN,SL1,4D,97,17,2264,,0,1024,,G,,0,0,000000000,00000000000,0,0,0,1,0,0,0,0,0,0,0,998,0,1,1,6,98,6,2,1,0,0,0,1,17,61606,6,1,0,0,3,0,71,177,0,0,0,0,2,7,2007,10,2009,1,0,0,0,0,1,3,55,1,2,2,1,0,0,1,53,1,1,1,25,1,0
17,170402,1,1,2,24,7,12,39,1,0,1,0,29,2,35,401,35401,14,1994,JN8HD17Y1RW2,J,N,8,H,D,1,7,Y,1,R,W,2,0,P,NISS,PFI,UT,94,17,3772,,0,1043,,G,,0,0,000000000,00000000000,0,0,0,1,0,0,0,0,0,0,0,998,0,1,1,0,98,6,2,1,0,0,0,1,29,63033,0,0,0,0,0,0,64,240,0,0,0,0,0,0,0,0,0,0,52,27,0,0,3,3,65,1,1,1,1,0,0,15,12,7,4,2,98,1,0
17,170403,1,1,1,11,7,3,27,35,0,1,0,17,2,23,481,23481,31,1998,1GTEC14R1WZ5,1,G,T,E,C,1,4,R,1,W,Z,5,0,T,GMC,SC1,PK,98,17,,2,1315,1175,SIE,G,,0,0,000000000,00000000000,0,0,0,1,0,0,0,0,0,0,0,998,0,1,5,9,98,6,2,1,0,0,0,1,22,62297,6,1,0,0,3,3,68,125,0,0,0,0,0,0,0,0,0,1,0,0,0,0,1,2,45,2,1,4,11,0,0,14,6,9,3,4,7,1,1
17,170404,1,1,2,25,7,13,40,24,0,1,0,17,1,72,706,72706,80,2002,1HD1FLW142Y6,1,H,D,1,F,L,W,1,4,2,Y,6,0,M,HD,CUS,RS,2,17,,,,,,,1450,0,0,000000000,00000000000,0,0,0,1,0,0,0,0,0,0,0,50,0,0,0,12,98,6,2,24,0,0,0,1,17,60177,6,1,0,0,3,0,71,180,0,0,0,0,0,0,0,0,0,0,0,0,0,0,3,2,55,1,1,2,1,0,0,1,9,6,2,4,2,1,0
17,170405,1,7,1,15,7,14,1,12,1,1,0,29,3,85,881,85881,66,2009,1XKADB9X19J2,1,X,K,A,D,B,9,X,1,9,J,2,1,T,KW,T60,DS,9,17,,8,2600,1600,CON,D,,1,57,89164,5789164,3,6,2,1,0,0,0,0,0,0,0,998,0,1,1,12,98,6,2,2,0,0,1,1,29,63033,6,1,6,0,3,0,78,280,0,0,0,0,0,0,0,0,0,1,26,0,0,0,2,2,65,1,1,1,1,8,3,2,50,8,4,2,20,1,0
17,170405,2,7,1,15,7,14,1,12,1,1,0,17,3,84,883,84883,66,2000,3HSFMAMRXYN0,3,H,S,F,M,A,M,R,X,Y,N,0,1,T,INTL,920,DS,0,17,,8,2340,1600,920,D,,1,17,11367,1711367,3,6,4,1,0,0,0,0,0,0,0,998,0,0,0,12,98,6,2,2,0,0,1,1,17,62948,6,1,6,0,3,0,69,155,0,0,0,1,0,8,2009,8,2009,1,26,0,0,0,2,2,65,1,1,1,1,8,3,1,52,1,1,1,98,1,0
17,170405,3,7,1,15,7,14,1,12,1,1,0,17,3,82,881,82881,66,1993,1FUYDSEB7PP4,1,F,U,Y,D,S,E,B,7,P,P,4,1,T,FRHT,FLD,TR,93,17,,8,0,0,CON,D,,2,57,01787003,5701787003,3,6,4,1,0,0,0,0,0,0,0,998,0,0,0,1,98,6,2,2,0,0,1,1,17,62959,6,1,6,0,3,0,75,230,0,0,0,0,0,0,0,0,0,1,26,0,0,0,2,2,65,1,1,1,1,8,3,1,50,9,3,2,98,0,0
17,170405,4,7,1,15,7,14,1,12,1,1,0,18,3,51,881,51881,66,1999,4VG7DARH1XN7,4,V,G,7,D,A,R,H,1,X,N,7,1,T,VOLV,VVN,DS,99,17,,8,0,0,VVN,D,,1,57,113459,57113459,3,6,4,1,0,0,0,0,0,0,0,0,0,0,0,6,98,6,2,2,0,0,1,1,51,24477,6,1,6,0,3,3,73,225,0,0,0,3,0,7,2007,9,2009,0,0,0,0,0,2,2,65,1,1,1,1,8,3,5,53,1,1,1,21,0,0
17,170405,5,7,3,15,7,14,1,12,1,1,0,17,3,12,481,12481,31,2007,1FTWW33P87EA,1,F,T,W,W,3,3,P,8,7,E,A,0,T,FORD,F3D,CW,7,17,,3,1720,1560,DRW,D,,0,0,000000000,00000000000,0,0,0,1,0,0,0,0,0,0,0,0,0,0,0,6,98,6,2,12,0,0,0,1,17,60941,6,1,0,0,3,0,73,230,0,0,0,0,0,0,0,0,0,0,0,0,0,0,2,2,65,1,1,1,1,8,3,5,53,1,1,1,98,0,0
17,170405,6,7,3,15,7,14,1,12,1,1,0,17,3,12,481,12481,31,2008,1FTWW33R68EB,1,F,T,W,W,3,3,R,6,8,E,B,0,T,FORD,F3D,CW,8,17,,3,1720,1560,DRW,D,,0,0,000000000,00000000000,0,0,0,1,0,0,0,0,0,0,0,0,0,0,0,6,98,6,2,12,0,0,0,1,17,60491,6,1,0,0,3,0,70,220,0,0,0,0,0,0,0,0,0,0,0,0,0,0,3,2,65,1,1,1,1,8,3,5,53,1,1,1,98,0,0
17,170405,7,7,1,15,7,14,1,12,1,1,0,22,2,2,404,2404,14,2001,1J4GX48S81C5,1,J,4,G,X,4,8,S,8,1,C,5,0,T,JEEP,LRO,4W,1,17,,1,0,1059,GCK,G,,0,0,000000000,00000000000,0,0,0,1,0,0,0,0,0,0,0,0,0,0,0,6,98,6,2,12,0,0,0,1,19,50010,6,1,0,0,3,3,65,160,0,0,0,0,0,0,0,0,0,0,0,0,0,0,3,2,65,1,1,1,1,8,3,5,53,1,1,1,98,0,0
17,170406,1,1,2,12,6,12,8,5,0,1,0,17,1,12,481,12481,31,2000,2FTRX18L0YCA,2,F,T,R,X,1,8,L,0,Y,C,A,0,T,FORD,F15,4C,0,17,,2,1574,1388,COF,G,,0,0,000000000,00000000000,0,0,0,1,0,0,0,0,0,0,0,998,0,0,0,0,0,0,1,5,0,0,0,1,17,60933,6,1,0,0,3,3,65,130,0,0,0,0,0,0,0,0,0,0,0,0,0,0,1,4,30,1,1,2,1,3,3,11,98,1,1,1,0,1,0
17,170407,1,2,3,17,7,14,15,12,6,1,0,17,1,20,443,20443,20,2000,1GNDX03E3YD3,1,G,N,D,X,0,3,E,3,Y,D,3,0,T,CHEV,VTR,ES,0,17,,1,0,1200,VTR,G,,0,0,000000000,00000000000,0,0,0,1,0,0,0,0,0,0,0,998,0,1,1,9,98,6,2,12,0,0,0,1,17,60804,0,0,0,0,0,0,999,999,0,0,0,0,0,0,0,0,0,0,48,0,0,0,1,4,30,1,1,2,1,0,0,12,51,1,1,2,98,0,0
17,170407,2,2,2,17,7,14,15,12,6,1,0,17,1,53,705,53705,80,2007,JS1GN7DA9721,J,S,1,G,N,7,D,A,9,7,2,1,0,M,SUZI,G60,RS,7,17,,,,,,,599,0,0,000000000,00000000000,0,0,0,1,0,0,0,0,0,0,0,998,0,0,0,12,98,6,2,12,0,0,0,1,17,60804,6,1,0,0,3,0,69,230,0,0,0,0,0,0,0,0,0,1,0,0,0,0,1,4,30,1,1,2,1,0,0,1,60,1,1,1,98,1,0
17,170408,1,1,3,11,7,2,47,25,0,1,0,17,2,20,2,20002,4,2004,2G1WH52K8493,2,G,1,W,H,5,2,K,8,4,9,3,0,P,CHEV,IPL,4D,4,17,3466,,0,1105,,G,,0,0,000000000,00000000000,0,0,0,1,0,0,0,0,0,0,0,998,0,1,5,1,98,6,2,1,0,0,0,1,17,60644,6,1,0,0,3,3,76,225,0,0,0,0,0,0,0,0,0,1,8,0,0,0,2,4,65,1,1,1,1,0,0,1,60,7,1,4,3,1,1
17,170409,1,1,1,2,7,16,52,52,0,1,0,17,2,20,36,20036,2,2005,2G1WW12E6593,2,G,1,W,W,1,2,E,6,5,9,3,0,P,CHEV,MLS,CP,5,17,3340,,0,1105,,G,,0,0,000000000,00000000000,0,0,0,1,0,0,0,0,0,0,0,998,0,0,0,9,98,6,2,52,0,0,0,1,17,61756,6,1,0,0,3,3,72,185,0,0,0,0,0,0,0,0,0,1,52,0,0,0,1,2,55,1,1,2,1,0,0,1,13,1,1,4,1,1,0
17,170410,1,2,1,19,7,19,53,12,6,1,0,17,2,53,705,53705,80,2003,JS1GN7BA3321,J,S,1,G,N,7,B,A,3,3,2,1,0,M,SUZI,G60,RS,3,17,,,,,,,599,0,0,000000000,00000000000,0,0,0,1,0,0,0,0,0,0,0,998,0,0,0,12,98,6,2,12,0,0,0,1,17,60030,6,1,0,0,3,0,66,145,0,0,0,0,0,0,0,0,0,0,0,0,0,0,2,2,55,1,1,2,1,0,0,1,65,1,1,1,86,1,1
17,170410,2,2,3,19,7,19,53,12,6,1,0,17,1,35,43,35043,2,2002,3N1CB51D62L6,3,N,1,C,B,5,1,D,6,2,L,6,0,P,NISS,XGX,4D,2,17,2441,,0,998,,G,,0,0,000000000,00000000000,0,0,0,1,0,0,0,0,0,0,0,998,0,0,0,83,98,6,2,12,0,0,0,1,17,60085,6,1,6,0,3,0,62,120,0,0,0,0,0,0,0,0,0,0,42,38,0,0,2,2,55,1,1,2,1,0,0,4,51,1,1,2,87,0,0
17,170411,1,3,1,17,7,10,15,12,6,1,0,17,2,72,706,72706,80,2010,1HD1KB417AB6,1,H,D,1,K,B,4,1,7,A,B,6,0,M,HD,FHX,RS,10,17,,,,,,,1584,0,0,000000000,00000000000,0,0,0,1,0,0,0,0,0,0,0,998,0,0,0,12,98,6,2,1,0,0,0,1,17,62959,6,1,0,0,3,0,71,165,0,0,0,2,0,6,2009,5,2010,1,26,0,0,0,2,2,65,1,1,1,1,0,0,1,6,1,1,2,45,0,0
17,170411,2,3,1,17,7,10,15,12,6,1,0,17,1,72,706,72706,80,2001,1HD1DDV161Y6,1,H,D,1,D,D,V,1,6,1,Y,6,0,M,HD,FHT,RS,1,17,,,,,,,1450,0,0,000000000,00000000000,0,0,0,1,0,0,0,0,0,0,0,998,0,0,0,5,98,6,2,1,0,0,0,1,24,62966,6,1,0,0,3,0,73,200,0,0,0,0,0,0,0,0,0,0,0,0,0,0,2,2,65,1,1,1,1,0,0,2,52,1,7,2,44,0,0
17,170411,3,3,1,17,7,10,15,12,6,1,0,17,1,72,706,72706,80,2007,1HD1BW5167Y0,1,H,D,1,B,W,5,1,6,7,Y,0,0,M,HD,STC,RS,7,17,,,,,,,1584,0,0,000000000,00000000000,0,0,0,1,0,0,0,0,0,0,0,998,0,0,0,11,98,6,2,1,0,0,0,1,17,62832,6,1,6,0,3,0,71,260,0,0,0,1,0,5,2008,5,2008,0,0,0,0,0,2,2,65,1,1,1,1,0,0,2,51,1,1,3,98,1,1
17,170412,1,1,1,3,7,16,4,1,0,1,0,17,1,72,706,72706,80,2001,1HD1CAP111K1,1,H,D,1,C,A,P,1,1,1,K,1,0,M,HD,L12,RS,1,17,,,,,,,1200,0,0,000000000,00000000000,0,0,0,1,0,0,0,0,0,0,0,998,0,0,0,0,98,6,2,1,0,0,0,1,17,61073,6,1,0,0,3,0,72,170,0,0,0,0,0,0,0,0,0,1,99,99,99,99,2,2,55,1,2,2,1,0,0,1,98,1,2,3,98,1,0
17,170413,1,1,1,31,7,3,5,34,0,1,0,17,1,12,37,12037,4,2006,1FAHP34N96W1,1,F,A,H,P,3,4,N,9,6,W,1,0,P,FORD,ZX4,4D,6,17,2676,,0,1029,,G,,0,0,000000000,00000000000,0,0,0,1,0,0,0,0,0,0,0,998,0,0,0,14,12,6,2,42,0,0,1,1,17,60560,6,1,0,0,3,0,65,160,1,0,0,1,0,10,2008,2,2010,1,0,0,0,0,1,2,50,3,1,2,1,0,0,14,13,1,1,4,1,1,1
17,170414,1,2,1,29,7,21,13,12,6,1,0,17,1,58,37,58037,2,2005,JNKCV54E55M4,J,N,K,C,V,5,4,E,5,5,M,4,0,P,INFI,G35,CP,5,17,3360,,0,1122,,G,,0,0,000000000,00000000000,0,0,0,1,0,0,0,0,0,0,0,998,0,0,0,12,98,6,2,12,0,0,0,1,17,60188,6,1,0,0,3,3,70,130,0,0,0,1,0,5,2009,5,2009,1,36,0,0,0,5,4,35,1,2,2,1,0,0,1,66,1,1,1,88,1,0
17,170414,2,2,1,29,7,21,13,12,6,1,0,18,1,87,881,87881,66,2004,1XP5DU9X04D8,1,X,P,5,D,U,9,X,0,4,D,8,1,T,PTRB,379,DS,4,17,,8,0,0,CON,D,,1,57,267947,57267947,3,6,4,1,0,0,0,0,0,0,0,998,0,0,0,61,98,6,2,12,0,0,0,1,18,46320,6,1,6,0,3,0,70,190,0,0,0,0,0,0,0,0,0,0,0,0,0,0,3,2,35,1,1,2,1,20,3,4,55,1,1,2,89,0,0
17,170415,1,2,5,30,7,12,53,12,6,1,0,19,2,6,421,6421,15,2007,1A8HW58227F5,1,A,8,H,W,5,8,2,2,7,F,5,0,P,CHRY,ASP,UT,7,17,4972,,0,1191,,G,,0,0,000000000,00000000000,0,0,0,1,0,0,0,0,0,0,0,998,0,0,0,1,98,6,2,12,0,0,0,1,19,52065,6,1,0,0,3,0,73,205,0,0,0,0,0,0,0,0,0,0,39,0,0,0,3,4,25,1,1,2,1,1,3,1,65,8,1,2,79,0,0
17,170415,2,2,1,30,7,12,53,12,6,1,0,17,1,23,471,23471,30,2003,1GTCS19XX382,1,G,T,C,S,1,9,X,X,3,8,2,0,T,GMC,SON,3C,3,17,,1,0,1229,SON,G,,0,0,000000000,00000000000,0,0,0,1,0,0,0,0,0,0,0,998,0,1,1,11,98,6,2,1,0,0,0,1,17,61016,6,1,0,0,3,3,64,125,0,0,0,0,0,0,0,0,0,0,38,42,0,0,3,4,50,1,1,2,1,1,3,10,55,1,1,2,78,1,0
17,170416,1,1,1,29,7,20,40,9,0,1,0,17,1,49,40,49040,4,1998,JT2BG22K5W02,J,T,2,B,G,2,2,K,5,W,0,2,0,P,TOYT,CXL,4D,98,17,3120,,0,1051,,G,,0,0,000000000,00000000000,0,0,0,1,0,0,0,0,0,0,0,998,0,0,0,12,12,6,2,42,0,0,0,1,17,62640,6,1,0,0,3,0,72,195,0,0,0,1,0,9,2009,9,2009,1,0,0,0,0,1,2,55,1,1,2,1,0,0,1,83,1,1,1,13,0,0
17,170417,1,2,4,1,8,2,9,12,6,1,0,17,1,20,2,20002,4,1989,1G1BL51E1KR2,1,G,1,B,L,5,1,E,1,K,R,2,0,P,CHEV,CAP,4D,89,17,3693,,0,1160,,G,,0,0,000000000,00000000000,0,0,0,1,0,0,0,0,0,0,0,998,0,0,0,12,12,6,2,12,0,0,0,1,17,61103,6,1,0,0,3,0,72,145,1,0,0,0,0,3,2010,3,2010,1,36,39,0,0,4,4,30,1,1,2,1,3,3,1,17,1,1,1,86,0,1
17,170417,2,2,2,1,8,2,9,12,6,1,0,17,1,49,32,49032,4,1995,1NXAE09B4SZ2,1,N,X,A,E,0,9,B,4,S,Z,2,0,P,TOYT,LED,4D,95,17,2381,,0,970,,G,,0,0,000000000,00000000000,0,0,0,1,0,0,0,0,0,0,0,998,0,0,0,81,81,6,2,12,0,0,0,1,17,61103,6,1,0,0,3,0,64,170,0,0,0,0,0,0,0,0,0,0,0,0,0,0,1,2,30,1,1,2,1,3,3,1,66,1,1,1,87,1,1
17,170418,1,1,2,14,5,15,31,5,0,1,1,17,3,99,999,99999,99,9999,999999999999,9,9,9,9,9,9,9,9,9,9,9,9,0,U,,,,9,17,,,,,,,,0,0,000000000,00000000000,0,0,0,1,0,0,0,0,0,0,0,998,0,0,0,0,0,0,1,5,0,0,0,1,99,99999,9,9,99,9,9,9,999,999,99,99,99,99,99,99,9999,99,9999,0,99,99,99,99,1,4,30,1,1,2,1,0,0,8,98,1,1,7,0,1,0
17,170419,1,1,3,3,5,21,50,10,0,1,0,17,2,19,3,19003,4,1989,1G6CD515XK42,1,G,6,C,D,5,1,5,X,K,4,2,0,P,CADI,DFW,4D,89,17,3302,,0,1138,,G,,0,0,000000000,00000000000,0,0,0,1,0,0,0,0,0,0,0,998,0,0,0,61,98,6,2,10,0,0,0,1,17,60617,6,1,0,0,3,0,79,320,0,0,0,0,0,0,0,0,0,0,39,40,0,0,2,2,30,1,1,2,1,65,3,11,17,1,1,2,98,1,1
17,170420,1,2,1,29,7,22,31,12,6,1,0,17,1,12,35,12035,4,1999,1FAFP6532XK1,1,F,A,F,P,6,5,3,2,X,K,1,0,P,FORD,LXC,4D,99,17,2774,,0,1065,,G,,0,0,000000000,00000000000,0,0,0,1,0,0,0,0,0,0,0,19,0,0,0,9,9,6,2,12,0,0,0,1,17,62684,6,1,0,0,3,3,71,190,0,0,0,0,0,0,0,0,0,1,38,0,0,0,1,2,40,1,1,2,1,20,3,1,17,1,1,1,89,1,0
17,170420,2,2,1,29,7,22,31,12,6,1,0,17,2,37,421,37421,15,2007,2HKYF18467H5,2,H,K,Y,F,1,8,4,6,7,H,5,0,P,HOND,PIL,UT,7,17,4497,,0,1063,,G,,0,0,000000000,00000000000,0,0,0,1,0,0,0,0,0,0,0,30,0,0,0,12,12,6,2,12,0,0,0,1,17,62684,6,1,0,0,3,0,71,180,0,0,0,0,0,0,0,0,0,0,0,0,0,0,1,2,40,1,1,2,1,0,0,1,66,1,1,1,88,0,0
17,170421,1,2,2,26,6,23,35,12,8,1,0,17,1,12,3,12003,1,2000,1FAFP4443YF2,1,F,A,F,P,4,4,4,3,Y,F,2,0,P,FORD,MUS,CV,0,17,3208,,0,1013,,G,,0,0,000000000,00000000000,0,0,0,1,0,0,0,0,0,0,0,998,0,0,0,62,62,6,2,12,0,0,0,1,17,61571,1,1,0,0,2,2,60,110,0,0,0,0,0,0,0,0,0,0,52,28,74,0,1,2,45,4,1,2,1,0,0,14,10,1,1,2,64,0,0
17,170421,2,2,2,26,6,23,35,12,8,1,0,17,1,73,706,73706,80,2002,JKAZGCA162B5,J,K,A,Z,G,C,A,1,6,2,B,5,0,M,KAWK,ZG1,RS,2,17,,,,,,,1000,0,0,000000000,00000000000,0,0,0,1,0,0,0,0,0,0,0,998,0,0,0,62,98,6,2,1,0,0,0,1,17,61611,6,1,6,0,3,0,71,239,0,0,0,0,0,0,0,0,0,0,0,0,0,0,1,2,45,2,1,2,1,0,0,14,62,1,1,1,65,1,0
17,170422,1,3,2,30,6,10,25,12,8,1,0,17,2,35,39,35039,4,1996,JN1CA21D5TT7,J,N,1,C,A,2,1,D,5,T,T,7,0,P,NISS,MGS,4D,96,17,2886,,0,1063,,G,,0,0,000000000,00000000000,0,0,0,1,0,0,0,0,0,0,0,998,0,0,0,62,98,6,2,12,0,0,0,1,17,62902,6,1,0,0,3,0,65,175,1,0,0,1,1,8,2008,9,2008,0,28,0,0,0,1,2,35,1,1,2,1,0,0,15,54,1,1,2,64,1,0
17,170422,2,3,1,30,6,10,25,12,8,1,0,17,3,20,481,20481,31,2003,1GBE4E1173F5,1,G,B,E,4,E,1,1,7,3,F,5,1,T,CHEV,C4C,CB,3,17,,5,2060,1280,C45,D,,1,99,999999999,99999999999,2,1,3,1,0,0,0,0,0,0,0,998,0,0,0,63,98,2,1,12,0,0,0,1,17,62946,6,1,6,0,3,0,70,138,0,0,0,0,0,0,0,0,0,0,0,0,0,0,1,2,35,1,1,2,1,0,0,1,62,1,1,1,65,0,0
17,170422,3,3,1,30,6,10,25,12,8,1,0,17,1,22,20,22020,4,2000,1G2WP52K4YF3,1,G,2,W,P,5,2,K,4,Y,F,3,0,P,PONT,GPG,4D,0,17,3455,,0,1105,,G,,0,0,000000000,00000000000,0,0,0,1,0,0,0,0,0,0,0,998,0,0,0,12,98,2,1,12,0,0,0,1,17,62704,6,1,0,0,3,3,71,160,0,0,0,0,0,0,0,0,0,0,0,0,0,0,1,2,35,1,1,2,1,0,0,1,62,1,1,1,98,0,0
17,170423,1,1,1,4,7,22,12,1,0,1,0,0,0,98,739,98739,90,2007,4UF07ATV27T2,4,U,F,0,7,A,T,V,2,7,T,2,0,U,,,,7,17,,,,,,,,0,0,000000000,00000000000,0,0,0,1,0,0,0,0,0,0,0,998,0,1,1,0,98,6,2,1,0,0,0,1,17,62910,0,0,0,0,0,0,75,165,0,0,0,0,0,0,0,0,0,1,36,0,0,0,1,2,45,2,1,2,1,0,0,14,6,1,1,2,98,1,1
17,170424,1,1,2,2,8,13,10,34,0,1,0,17,3,12,881,12881,61,2004,1FDAF56P54EC,1,F,D,A,F,5,6,P,5,4,E,C,1,T,FORD,F5D,CB,4,17,,5,2010,1410,DRW,D,,1,99,999999999,99999999999,2,4,3,1,0,0,0,0,0,0,0,998,0,1,1,14,98,6,2,1,0,0,0,1,4,61874,6,1,6,0,3,3,74,225,0,2,0,0,0,5,2010,5,2010,0,0,0,0,0,1,2,55,1,1,2,1,0,0,17,54,7,1,4,3,1,0
17,170425,1,1,1,21,6,1,0,24,0,1,0,17,1,37,706,37706,80,2008,JH2SC59038M0,J,H,2,S,C,5,9,0,3,8,M,0,0,M,HOND,CBS,RC,8,17,,,,,,,998,0,0,000000000,00000000000,0,0,0,1,0,0,0,0,0,0,0,998,0,0,0,81,98,6,2,24,0,0,0,1,17,60629,0,0,0,0,0,0,999,999,0,0,0,0,0,0,0,0,0,1,0,0,0,0,6,1,65,1,2,1,1,40,3,1,13,1,1,4,1,1,0
17,170426,1,1,1,2,7,8,35,23,0,1,0,17,1,12,17,12017,4,2001,1FAFP55S31G1,1,F,A,F,P,5,5,S,3,1,G,1,0,P,FORD,TSS,4D,1,17,3343,,0,1085,,G,,0,0,000000000,00000000000,0,0,0,1,0,0,0,0,0,0,0,998,0,0,0,9,98,6,2,23,0,0,0,1,17,60959,6,1,0,0,3,0,67,135,0,0,0,0,0,0,0,0,0,0,53,0,0,0,1,2,55,1,1,4,1,0,0,1,5,1,2,4,2,1,0
17,170427,1,2,1,7,7,13,38,12,8,1,0,17,1,12,481,12481,31,2002,2FTRX08W72CA,2,F,T,R,X,0,8,W,7,2,C,A,0,T,FORD,F15,4C,2,17,,2,0,1388,COF,G,,0,0,000000000,00000000000,0,0,0,1,0,0,0,0,0,0,0,998,1,0,0,61,98,6,2,12,0,0,0,1,17,61443,6,1,0,0,3,0,71,210,0,0,0,0,0,0,0,0,0,0,28,0,0,0,1,2,55,1,1,2,1,0,0,1,10,1,1,2,64,1,0
17,170427,2,2,2,7,7,13,38,12,8,1,0,17,3,7,482,7482,31,2006,3D7LX38C66G1,3,D,7,L,X,3,8,C,6,6,G,1,1,T,DODG,SQ3,CW,6,17,,2,1605,1405,RPC,D,,1,99,999999999,99999999999,2,4,3,1,0,0,0,0,0,0,0,998,0,0,0,61,98,6,2,12,0,0,0,1,17,61254,6,1,6,0,3,0,71,200,0,0,0,0,0,0,0,0,0,0,0,0,0,0,1,2,55,1,1,2,1,0,0,1,62,7,1,2,65,0,0
17,170428,1,2,2,11,7,20,40,12,6,1,0,17,1,14,6,14006,4,2001,2MEFM74W01X7,2,M,E,F,M,7,4,W,0,1,X,7,0,P,MERC,GMG,4D,1,17,3927,,0,1147,,G,,0,0,000000000,00000000000,0,0,0,1,0,0,0,0,0,0,0,998,0,0,0,62,98,6,2,12,0,0,0,1,17,60185,6,1,0,0,3,3,70,180,0,0,0,0,0,0,0,0,0,0,38,0,0,0,1,2,50,1,1,2,2,0,0,11,55,1,1,2,82,1,0