STATE,ST_CASE,VEH_NO,VE_FORMS,NUMOCCS,DAY,MONTH,HOUR,MINUTE,HARM_EV,MAN_COLL,UNITTYPE,HIT_RUN,REG_STAT,OWNER,MAKE,MODEL,MAK_MOD,BODY_TYP,MOD_YEAR,VIN,VIN_1,VIN_2,VIN_3,VIN_4,VIN_5,VIN_6,VIN_7,VIN_8,VIN_9,VIN_10,VIN_11,VIN_12,TOW_VEH,VINTYPE,VINMAKE,VINA_MOD,VIN_BT,VINMODYR,VIN_LNGT,VIN_WGT,WGTCD_TR,WHLBS_LG,WHLBS_SH,SER_TR,FUELCODE,MCYCL_DS,J_KNIFE,MCARR_I1,MCARR_I2,MCARR_ID,GVWR,V_CONFIG,CARGO_BT,HAZ_INV,HAZ_PLAC,HAZ_ID,HAZ_CNO,HAZ_REL,BUS_USE,SPEC_USE,EMER_USE,TRAV_SP,UNDERIDE,ROLLOVER,ROLINLOC,IMPACT1,IMPACT2,DEFORMED,TOWED,M_HARM,VEH_SC1,VEH_SC2,FIRE_EXP,DR_PRES,L_STATE,DR_ZIP,L_STATUS,L_TYPE,CDL_STAT,L_ENDORS,L_COMPL,L_RESTRI,DR_HGT,DR_WGT,PREV_ACC,PREV_SUS,PREV_DWI,PREV_SPD,PREV_OTH,FIRST_MO,FIRST_YR,LAST_MO,LAST_YR,SPEEDREL,DR_SF1,DR_SF2,DR_SF3,DR_SF4,VTRAFWAY,VNUM_LAN,VSPD_LIM,VALIGN,VPROFILE,VPAVETYP,VSURCOND,VTRAFCON,VTCONT_F,P_CRASH1,P_CRASH2,P_CRASH3,PCRASH4,PCRASH5,ACC_TYPE,DEATHS,DR_DRINK
17,170533,2,2,1,12,8,1,26,12,2,1,0,17,1,52,37,52037,3,2000,4A3AC44G9YE1,4,A,3,A,C,4,4,G,9,Y,E,1,0,P,MITS,EGS,2H,0,17,2985,,0,1008,,G,,0,0,000000000,00000000000,0,0,0,1,0,0,0,0,0,0,0,998,0,0,0,12,98,6,2,12,0,0,0,1,17,60081,6,1,0,0,3,0,68,130,0,0,0,1,0,11,2008,11,2008,1,0,0,0,0,1,2,40,4,1,2,1,0,0,14,62,1,1,1,51,1,1
17,170534,1,1,2,25,8,14,7,1,0,1,0,17,1,72,706,72706,80,1998,1HD1BJL41WY0,1,H,D,1,B,J,L,4,1,W,Y,0,0,M,HD,STC,RS,98,17,,,,,,,1340,0,0,000000000,00000000000,0,0,0,1,0,0,0,0,0,0,0,998,0,0,0,0,98,6,2,1,0,0,0,1,17,62454,6,1,0,0,3,3,72,240,0,0,0,0,0,0,0,0,0,1,27,0,0,0,1,2,55,1,1,2,1,0,0,6,98,3,3,2,98,1,0
17,170535,1,1,2,4,9,13,17,1,0,1,0,17,1,37,706,37706,80,1998,1HFSC3905WA0,1,H,F,S,C,3,9,0,5,W,A,0,0,M,HOND,V3W,RS,98,17,,,,,,,1099,0,0,000000000,00000000000,0,0,0,1,0,0,0,0,0,0,0,50,0,0,0,0,98,6,2,1,0,0,0,1,17,60481,6,1,0,0,3,0,76,240,0,0,0,1,0,3,2009,3,2009,1,0,0,0,0,2,2,65,1,1,1,1,0,0,1,51,2,1,1,98,1,0
17,170536,1,2,1,20,7,23,24,12,6,1,0,17,1,20,481,20481,31,2004,1GCEC14T64Z3,1,G,C,E,C,1,4,T,6,4,Z,3,0,T,CHEV,SC1,PK,4,17,,2,1330,1190,SIL,G,,0,0,000000000,00000000000,0,0,0,1,0,0,0,0,0,0,0,998,0,0,0,3,3,6,2,12,0,0,0,1,17,60014,6,1,0,0,3,3,68,135,0,0,0,2,0,11,2007,4,2010,0,38,0,0,0,1,2,50,1,1,2,1,0,0,11,15,1,1,1,82,0,1
17,170536,2,2,1,20,7,23,24,12,6,1,0,17,1,72,706,72706,80,2006,JH2SC57036M2,J,H,2,S,C,5,7,0,3,6,M,2,0,M,HOND,CBS,RS,6,17,,,,,,,998,0,0,000000000,00000000000,0,0,0,1,0,0,0,0,0,0,0,998,0,0,0,12,98,6,2,12,0,0,0,1,17,60042,6,1,0,0,3,0,72,145,0,0,0,0,0,0,0,0,0,0,0,0,0,0,1,2,50,1,1,2,1,0,0,1,17,1,1,1,83,1,0
17,170537,1,3,1,10,8,15,55,12,6,1,0,17,2,23,461,23461,21,2005,1GDFG15T1512,1,G,D,F,G,1,5,T,1,5,1,2,0,T,GMC,SV1,IC,5,17,,2,0,1350,S/V,G,,0,0,000000000,00000000000,0,0,0,1,0,0,0,0,0,0,0,998,0,0,0,63,98,6,2,3,0,0,0,1,17,60532,6,1,0,0,3,0,67,135,0,0,0,0,0,0,0,0,0,0,38,0,0,0,1,4,40,1,1,2,1,0,0,1,55,1,1,2,89,1,0
17,170537,2,3,2,10,8,15,55,12,6,1,0,17,2,18,3,18003,4,1999,1G4CU521XX46,1,G,4,C,U,5,2,1,X,X,4,6,0,P,BUIC,PAU,4D,99,17,3884,,0,1138,,G,,0,0,000000000,00000000000,0,0,0,1,0,0,0,0,0,0,0,998,0,0,0,12,98,2,1,12,0,0,0,1,17,60565,6,1,0,0,3,3,67,140,0,0,0,0,0,0,0,0,0,0,0,0,0,0,1,4,40,1,1,2,1,0,0,1,71,1,1,1,88,0,0
17,170537,3,3,1,10,8,15,55,12,6,1,0,17,2,20,37,20037,4,2002,1G1NE52JX2M5,1,G,1,N,E,5,2,J,X,2,M,5,0,P,CHEV,M/L,4D,2,17,3053,,0,1070,,G,,0,0,000000000,00000000000,0,0,0,1,0,0,0,0,0,0,0,998,0,0,0,12,98,6,2,12,0,0,0,1,17,60490,6,1,0,0,3,3,69,150,0,0,0,0,0,0,0,0,0,0,0,0,0,0,1,4,40,1,1,2,1,0,0,1,52,1,1,1,98,0,0
17,170538,1,1,3,20,8,19,22,25,0,1,0,17,2,63,33,63033,4,2006,KNAFE1628652,K,N,A,F,E,1,6,2,8,6,5,2,0,P,KIA,SP5,4H,6,17,2701,,0,1028,,G,,0,0,000000000,00000000000,0,0,0,1,0,0,0,0,0,0,0,998,0,0,0,11,12,6,2,25,0,0,0,1,17,60634,6,1,0,0,3,0,68,180,0,0,0,0,0,0,0,0,0,0,92,0,0,0,3,4,55,1,1,1,1,0,0,1,10,1,1,4,6,1,0
17,170539,1,1,1,21,8,6,18,1,0,1,0,17,1,12,481,12481,31,2003,3FTNX21L03MB,3,F,T,N,X,2,1,L,0,3,M,B,0,T,FORD,F2S,4C,3,17,,2,1580,1418,SRW,G,,0,0,000000000,00000000000,0,0,0,1,0,0,0,0,0,0,0,998,0,1,5,0,98,6,2,1,0,0,0,1,17,62237,6,1,0,0,3,0,70,180,1,0,0,1,0,12,2007,7,2010,1,0,0,0,0,1,2,55,1,1,2,2,0,0,1,13,6,3,4,7,1,1
17,170540,1,2,1,21,8,18,52,1,0,1,0,17,1,71,706,71706,80,2009,ZDM1RACPX9B0,Z,D,M,1,R,A,C,P,X,9,B,0,0,U,,,,9,17,,,,,,,,0,0,000000000,00000000000,0,0,0,1,0,0,0,0,0,0,0,998,0,0,0,0,98,6,2,1,0,0,0,1,17,61701,6,1,0,0,3,0,70,185,0,0,0,0,0,0,0,0,0,0,0,0,0,0,5,3,45,1,1,8,1,3,3,1,67,6,4,2,98,1,0
17,170540,2,2,3,21,8,18,52,1,0,1,0,17,1,49,40,49040,4,2005,4T1BE32K35U0,4,T,1,B,E,3,2,K,3,5,U,0,0,P,TOYT,XLL,4D,5,17,3108,,0,1071,,G,,0,0,000000000,00000000000,0,0,0,1,0,0,0,0,0,0,0,998,0,0,0,61,98,6,2,12,0,0,0,1,17,61701,6,1,0,0,3,3,67,158,0,0,0,0,0,0,0,0,0,0,0,0,0,0,5,3,45,1,1,2,1,3,3,11,66,1,1,1,98,0,0
17,170541,1,2,1,25,8,18,56,12,8,1,0,17,2,72,706,72706,80,2000,1HD4CJM1XYK1,1,H,D,4,C,J,M,1,X,Y,K,1,0,M,HD,L8C,RS,0,17,,,,,,,883,0,0,000000000,00000000000,0,0,0,1,0,0,0,0,0,0,0,998,0,0,0,11,11,6,2,12,0,0,0,1,17,62257,6,1,0,0,3,3,68,138,0,0,0,0,0,0,0,0,0,0,52,0,0,0,1,2,40,2,2,2,1,0,0,14,10,1,1,2,64,1,0
17,170541,2,2,1,25,8,18,56,12,8,1,0,17,1,23,8,23008,6,2009,1GKER13D49J1,1,G,K,E,R,1,3,D,4,9,J,1,0,T,GMC,SLF,4W,9,17,,2,0,1189,ACA,G,,0,0,000000000,00000000000,0,0,0,1,0,0,0,0,0,0,0,998,0,0,0,10,10,6,2,12,0,0,0,1,17,62237,6,1,0,0,3,0,61,120,0,0,0,0,0,0,0,0,0,0,0,0,0,0,1,2,40,2,2,2,1,0,0,14,62,7,1,1,65,0,0
17,170543,1,1,1,8,9,18,27,8,0,1,0,17,1,20,481,20481,31,1974,CCE614V10933,C,C,E,6,1,4,V,1,0,9,3,3,0,P,,,,,,,,,,,,,0,0,000000000,00000000000,0,0,0,1,0,0,0,0,0,0,0,52,0,0,0,12,98,6,2,8,0,0,0,1,17,62439,6,1,0,0,3,0,70,215,0,0,0,0,0,0,0,0,0,1,0,0,0,0,1,2,55,1,1,2,1,98,3,1,50,7,1,4,13,0,0
17,170544,1,3,1,12,9,16,22,12,1,1,0,17,3,12,481,12481,31,2006,1FTWW31P16EC,1,F,T,W,W,3,1,P,1,6,E,C,0,T,FORD,F3S,CW,6,17,,3,1720,1560,SRW,D,,0,0,000000000,00000000000,0,0,0,1,0,0,0,0,0,0,0,998,0,0,0,12,98,6,2,12,0,0,0,1,17,60487,6,1,6,0,3,3,62,155,0,0,0,0,0,0,0,0,0,1,27,0,0,0,3,4,65,1,1,1,1,0,0,15,51,6,1,2,24,0,1
17,170544,2,3,1,12,9,16,22,12,1,1,0,17,1,20,37,20037,4,1998,1G1ND52T8W62,1,G,1,N,D,5,2,T,8,W,6,2,0,P,CHEV,MAL,4D,98,17,3100,,0,1070,,G,,0,0,000000000,00000000000,0,0,0,1,0,0,0,0,0,0,0,998,0,0,0,6,98,6,2,2,0,0,1,1,17,60422,6,1,0,0,3,0,72,235,0,0,0,1,0,3,2009,3,2009,1,0,0,0,0,3,4,65,1,1,1,1,0,0,2,53,1,1,2,25,1,0
17,170544,3,3,3,12,9,16,22,12,1,1,0,17,1,7,482,7482,31,2006,1D7HA18286S5,1,D,7,H,A,1,8,2,8,6,S,5,0,T,DODG,SQ1,CW,6,17,,2,1605,1405,RPC,G,,0,0,000000000,00000000000,0,0,0,1,0,0,0,0,0,0,0,998,0,0,0,12,98,6,2,12,0,0,0,1,17,60477,6,1,6,0,3,0,78,225,0,0,0,0,1,8,2009,8,2009,0,0,0,0,0,3,4,65,1,1,1,1,0,0,1,62,1,1,1,98,0,0
17,170547,1,2,6,12,9,2,51,12,6,1,1,17,2,12,401,12401,14,2003,1FMDU85W93ZA,1,F,M,D,U,8,5,W,9,3,Z,A,0,P,FORD,EPR,UT,3,17,4094,,0,1137,,G,,0,0,000000000,00000000000,0,0,0,1,0,0,0,0,0,0,0,998,0,0,0,12,98,2,1,12,0,0,0,1,17,60110,0,0,0,0,0,0,999,999,0,0,0,1,1,1,2010,4,2010,0,0,0,0,0,1,2,40,1,1,2,1,20,3,1,55,1,1,1,88,0,1
17,170547,2,2,1,12,9,2,51,12,6,1,0,17,1,12,13,12013,2,2001,3FAFP11361R1,3,F,A,F,P,1,1,3,6,1,R,1,0,P,FORD,ZX2,CP,1,17,2462,,0,984,,G,,0,0,000000000,00000000000,0,0,0,1,0,0,0,0,0,0,0,998,0,0,0,61,98,6,2,12,0,0,0,1,17,60107,6,1,0,0,3,3,61,160,0,0,0,0,1,5,2008,5,2008,0,0,0,0,0,1,2,45,1,1,2,1,2,3,1,66,1,1,1,89,1,1
17,170548,1,1,1,8,9,20,59,8,0,1,0,17,1,12,422,12422,15,2000,1FMRU1661YLA,1,F,M,R,U,1,6,6,1,Y,L,A,0,P,FORD,EPT,UT,0,17,5275,,0,1191,,G,,0,0,000000000,00000000000,0,0,0,1,0,0,0,0,0,0,0,25,0,0,0,12,12,2,1,8,0,0,0,1,17,62206,6,1,0,0,3,3,73,256,0,0,0,0,0,0,0,0,0,0,0,0,0,0,1,2,30,1,1,2,1,0,0,1,80,1,1,1,13,0,0
17,170549,1,1,1,2,9,21,32,8,0,1,0,17,1,19,14,19014,4,2003,1G6KS54Y53U2,1,G,6,K,S,5,4,Y,5,3,U,2,0,P,CADI,SLS,4D,3,17,3969,,0,1122,,G,,0,0,000000000,00000000000,0,0,0,1,0,0,0,0,0,0,0,45,0,0,0,12,98,6,2,8,0,0,0,1,17,62040,6,1,0,0,3,0,69,165,0,0,0,0,0,0,0,0,0,0,0,0,0,0,1,2,55,1,1,2,2,0,0,1,80,1,1,1,13,0,0
17,170551,1,2,1,13,9,18,53,12,6,1,0,17,1,35,47,35047,4,2002,1N4BL11D22C7,1,N,4,B,L,1,1,D,2,2,C,7,0,P,NISS,ABE,4D,2,17,3099,,0,1102,,G,,0,0,000000000,00000000000,0,0,0,1,0,0,0,0,0,0,0,998,0,0,0,2,82,6,2,12,0,0,0,1,17,62246,6,1,0,0,3,3,64,170,0,0,0,0,0,0,0,0,0,1,38,0,0,0,1,2,55,1,1,2,1,0,0,10,16,1,1,1,78,1,0
17,170551,2,2,1,13,9,18,53,12,6,1,0,17,3,85,881,85881,66,1994,1XKDDB9X3RJ6,1,X,K,D,D,B,9,X,3,R,J,6,0,T,KW,T80,DS,94,17,,8,0,1600,CON,D,,0,99,999999999,99999999999,3,19,96,1,0,0,0,0,0,0,0,998,0,0,0,12,12,6,2,12,0,0,0,1,17,62246,6,1,6,0,3,3,70,237,0,0,0,2,0,4,2008,10,2008,0,0,0,0,0,1,2,55,1,1,2,1,0,0,1,66,1,1,1,79,0,0
17,170552,1,1,1,27,8,19,27,35,0,1,0,17,1,72,706,72706,80,2004,1HD1FBW154Y7,1,H,D,1,F,B,W,1,5,4,Y,7,0,M,HD,LRI,RS,4,17,,,,,,,1450,0,0,000000000,00000000000,0,0,0,1,0,0,0,0,0,0,0,998,0,0,0,12,98,6,2,42,0,0,0,1,17,61345,6,1,6,3,3,3,70,200,0,0,0,0,0,0,0,0,0,0,0,0,0,0,1,2,55,3,2,2,1,0,0,14,13,1,1,4,1,1,0
17,170553,1,2,2,28,8,19,47,12,6,1,0,17,1,12,401,12401,14,2001,1FMCU70E41UA,1,F,M,C,U,7,0,E,4,1,U,A,0,P,FORD,EPR,UT,1,17,3959,,0,1018,,G,,0,0,000000000,00000000000,0,0,0,1,0,0,0,0,0,0,0,998,0,0,0,3,3,2,1,12,0,0,0,1,17,61760,6,1,0,0,3,0,75,250,0,0,0,0,0,0,0,0,0,0,39,0,0,0,1,2,30,1,1,2,1,21,3,1,17,1,1,1,87,0,0
17,170553,2,2,1,28,8,19,47,12,6,1,0,17,1,98,709,98709,80,2006,LHJLC13F86B0,L,H,J,L,C,1,3,F,8,6,B,0,0,U,,,,6,17,,,,,,,,0,0,000000000,00000000000,0,0,0,1,0,0,0,0,0,0,0,998,0,0,0,12,98,6,2,12,0,0,0,1,17,61760,6,1,0,0,3,3,72,155,1,0,0,0,1,11,2007,2,2010,0,0,0,0,0,1,2,30,1,1,2,1,0,0,1,66,1,1,1,86,1,0
17,170554,1,1,4,30,8,21,3,34,0,1,0,17,2,12,481,12481,31,1992,2FTJW36G6NCB,2,F,T,J,W,3,6,G,6,N,C,B,0,T,FORD,F35,CW,92,17,,2,0,1680,COF,G,,0,0,000000000,00000000000,0,0,0,1,0,0,0,0,0,0,0,998,0,1,5,13,98,6,2,1,0,0,0,1,17,61449,6,1,0,0,3,0,71,260,0,0,0,0,0,0,0,0,0,1,52,36,29,30,1,2,55,1,1,2,1,0,0,98,6,8,4,4,2,1,0
17,170555,1,1,1,31,8,16,19,1,0,1,0,17,1,72,706,72706,80,1993,1HD1BML12PY0,1,H,D,1,B,M,L,1,2,P,Y,0,0,M,HD,FLF,RS,93,17,,,,,,,1340,0,0,000000000,00000000000,0,0,0,1,0,0,0,0,0,0,0,998,0,0,0,0,98,6,2,1,0,0,1,1,17,62278,6,1,0,0,3,0,68,185,0,0,0,0,0,0,0,0,0,1,0,0,0,0,1,2,55,2,1,2,1,0,0,14,6,1,2,4,7,1,1
17,170556,1,1,1,9,9,6,30,11,0,1,0,17,1,72,706,72706,80,2007,1HD1PT9157Y9,1,H,D,1,P,T,9,1,5,7,Y,9,0,M,HD,ETA,RS,7,17,,,,,,,1800,0,0,000000000,00000000000,0,0,0,1,0,0,0,0,0,0,0,998,0,0,0,12,98,6,2,11,0,0,0,1,17,62864,6,1,0,0,3,3,66,230,0,0,0,0,0,0,0,0,0,0,0,0,0,0,1,2,55,1,1,2,1,0,0,1,87,1,1,1,13,1,0
17,170557,1,2,1,14,9,13,26,12,6,1,0,17,3,20,481,20481,31,1995,1GCCS1445S82,1,G,C,C,S,1,4,4,5,S,8,2,0,T,CHEV,S14,PK,95,17,,1,1179,1083,S,G,,0,0,000000000,00000000000,0,0,0,1,0,0,0,0,0,0,0,998,0,0,0,61,98,6,2,12,0,0,0,1,17,62233,6,1,0,0,3,0,69,200,0,0,0,0,0,0,0,0,0,0,38,0,0,0,1,2,55,4,1,2,1,20,3,14,55,1,1,1,89,1,0
17,170557,2,2,1,14,9,13,26,12,6,1,0,17,3,7,482,7482,31,2001,3B7KC26601M5,3,B,7,K,C,2,6,6,0,1,M,5,1,T,DODG,250,PK,1,17,,2,0,1347,RPC,D,,1,0,000000000,00000000000,0,0,0,1,0,0,0,0,0,0,0,998,0,0,0,12,98,6,2,12,0,0,0,1,17,62906,6,1,0,0,3,0,72,237,0,0,0,2,0,7,2008,1,2010,0,0,0,0,0,1,2,55,4,1,2,1,0,0,14,67,1,1,1,88,0,0
17,170558,1,1,1,29,8,17,15,24,0,1,0,17,1,20,4,20004,2,1974,1Z37J4S41139,1,Z,3,7,J,4,S,4,1,1,3,9,0,P,,,,,,,,,,,,,0,0,000000000,00000000000,0,0,0,1,0,0,0,0,0,0,0,998,0,0,0,12,98,6,2,24,0,0,0,1,17,61548,6,1,0,0,3,0,69,165,0,0,0,0,0,0,0,0,0,0,0,0,0,0,1,2,45,1,2,2,1,0,0,1,11,8,1,4,1,1,1
17,170559,1,4,1,25,8,15,15,12,7,1,0,17,1,12,4,12004,2,1995,1FALP62W3SH1,1,F,A,L,P,6,2,W,3,S,H,1,0,P,FORD,THL,2D,95,17,3536,,0,1130,,G,,0,0,000000000,00000000000,0,0,0,1,0,0,0,0,0,0,0,998,0,0,0,8,8,2,1,12,0,0,0,1,17,62035,6,7,0,0,3,0,69,180,0,0,0,0,0,0,0,0,0,0,28,0,0,0,1,4,45,1,1,2,1,0,0,15,60,1,1,2,47,0,0
17,170559,2,4,1,25,8,15,15,12,7,1,0,17,1,12,481,12481,31,1998,1FTZX18W3WNB,1,F,T,Z,X,1,8,W,3,W,N,B,0,T,FORD,F15,3C,98,17,,1,1570,1390,COF,G,,0,0,000000000,00000000000,0,0,0,1,0,0,0,0,0,0,0,998,0,1,1,3,98,6,2,12,0,0,0,1,17,62035,6,2,0,0,3,0,70,169,0,0,0,0,0,0,0,0,0,0,0,0,0,0,1,4,45,1,1,2,1,0,0,15,61,1,1,2,46,1,0
17,170559,3,4,2,25,8,15,15,12,7,1,0,17,2,23,431,23431,16,1995,3GKEK18KXSG5,3,G,K,E,K,1,8,K,X,S,G,5,0,T,GMC,YUK,2W,95,17,,2,0,1115,YUK,G,,0,0,000000000,00000000000,0,0,0,1,0,0,0,0,0,0,0,998,0,0,0,12,12,6,2,12,0,0,0,1,17,62002,6,1,0,0,3,0,73,215,0,0,0,0,0,0,0,0,0,0,92,0,0,0,1,4,45,1,1,2,1,0,0,1,62,1,1,1,98,0,0
17,170559,4,4,2,25,8,15,15,12,7,1,0,17,2,23,441,23441,20,1992,1GDDM15Z2NB5,1,G,D,D,M,1,5,Z,2,N,B,5,0,T,GMC,SAF,IC,92,17,,1,0,1110,SAF,G,,0,0,000000000,00000000000,0,0,0,1,0,0,0,0,0,0,0,0,0,0,0,12,12,2,1,12,0,0,0,1,17,62035,6,2,0,0,3,0,66,125,0,0,0,0,0,0,0,0,0,0,92,0,0,0,0,0,0,0,0,0,0,0,0,5,66,1,1,1,98,0,0
17,170560,1,1,2,15,8,1,55,33,0,1,0,17,1,12,481,12481,31,2005,1FTPW14515FA,1,F,T,P,W,1,4,5,1,5,F,A,0,T,FORD,F1S,CW,5,17,,2,1450,1260,COF,G,,0,0,000000000,00000000000,0,0,0,1,0,0,0,0,0,0,0,998,0,1,4,12,98,6,2,1,0,0,0,1,17,60643,6,1,0,0,3,0,73,216,0,0,0,0,0,0,0,0,0,0,0,0,0,0,6,1,65,1,2,1,1,0,0,1,9,1,3,4,2,1,1
17,170561,1,1,1,2,9,23,31,9,0,1,1,99,9,99,999,99999,99,9999,999999999999,9,9,9,9,9,9,9,9,9,9,9,9,9,U,,,,9,17,,,,,,,,0,0,000000000,00000000000,0,0,0,1,0,0,0,0,0,0,0,998,0,0,0,12,98,9,1,9,0,0,0,1,99,99999,9,9,99,9,9,9,999,999,99,99,99,99,99,99,9999,99,9999,9,99,99,99,99,1,4,30,1,1,2,2,0,0,99,99,99,9,9,13,0,0
17,170562,1,3,1,4,9,18,13,12,1,1,0,17,1,53,706,53706,80,2008,JS1GX72A4821,J,S,1,G,X,7,2,A,4,8,2,1,0,M,SUZI,GXR,RS,8,17,,,,,,,1340,0,0,000000000,00000000000,0,0,0,1,0,0,0,0,0,0,0,998,0,0,0,12,98,6,2,12,0,0,0,1,17,60035,6,1,0,0,3,3,72,225,0,0,0,1,0,9,2008,9,2008,1,26,0,0,0,1,4,30,1,1,2,1,3,3,1,50,1,1,1,20,1,0
17,170562,2,3,1,4,9,18,13,12,1,1,0,17,2,12,401,12401,14,1997,1FMDU35P4VZA,1,F,M,D,U,3,5,P,4,V,Z,A,0,P,FORD,EPR,UT,97,17,4166,,0,1115,,G,,0,0,000000000,00000000000,0,0,0,1,0,0,0,0,0,0,0,0,0,0,0,6,98,2,1,12,0,0,0,1,29,63701,6,1,0,0,3,0,70,140,0,0,0,1,0,6,2010,6,2010,1,0,0,0,0,1,4,30,1,1,2,1,3,3,5,53,1,1,1,21,0,0
17,170562,3,3,2,4,9,18,13,12,1,1,0,17,1,37,402,37402,14,2009,3CZRE48509G7,3,C,Z,R,E,4,8,5,0,9,G,7,0,P,HOND,CRV,UT,9,17,3532,,0,1031,,G,,0,0,000000000,00000000000,0,0,0,1,0,0,0,0,0,0,0,0,0,0,0,6,98,2,1,12,0,0,0,1,17,60621,6,1,0,0,3,3,66,278,0,0,0,0,0,0,0,0,0,1,0,0,0,0,1,4,30,1,1,2,1,3,3,5,53,1,1,1,98,0,0
17,170563,1,1,1,5,9,9,42,9,0,1,0,17,1,69,54,69054,3,2006,WMWRC33596TJ,W,M,W,R,C,3,3,5,9,6,T,J,0,P,MNNI,COO,2H,6,17,3340,,0,971,,G,,0,0,000000000,00000000000,0,0,0,1,0,0,0,0,0,0,0,998,0,0,0,12,98,2,1,9,0,0,0,1,17,60002,6,1,0,0,3,0,61,125,0,0,0,0,0,0,0,0,0,0,0,0,0,0,1,2,25,1,1,2,1,0,0,1,83,1,1,1,13,0,0
17,170564,1,1,1,6,9,20,7,9,0,1,0,55,2,19,421,19421,15,2004,1GYEK63N24R1,1,G,Y,E,K,6,3,N,2,4,R,1,0,P,CADI,ESC,UT,4,17,5571,,0,1160,,G,,0,0,000000000,00000000000,0,0,0,1,0,0,0,0,0,0,0,998,0,0,0,12,98,2,1,9,0,0,0,1,17,60202,6,1,0,0,3,0,76,220,0,1,0,2,2,7,2008,12,2008,0,0,0,0,0,1,4,35,1,1,2,1,0,0,1,83,1,1,1,13,0,0
17,170565,1,1,1,9,9,11,41,38,0,1,0,17,1,10,34,10034,3,1992,JE3CU14A0NU0,J,E,3,C,U,1,4,A,0,N,U,0,0,P,EGIL,SUM,2H,92,17,2172,,0,939,,G,,0,0,000000000,00000000000,0,0,0,1,0,0,0,0,0,0,0,998,0,0,0,12,98,6,2,14,0,0,0,1,17,62441,6,1,0,0,3,3,73,140,0,0,0,0,1,5,2009,5,2009,0,0,0,0,0,1,2,55,1,1,2,1,0,0,1,13,1,1,4,1,1,0
17,170566,1,2,1,12,9,2,58,12,2,1,0,26,1,12,23,12023,4,2010,3FAHP0HA6AR2,3,F,A,H,P,0,H,A,6,A,R,2,0,P,FORD,F/E,4D,10,17,3285,,0,1074,,G,,0,0,000000000,00000000000,0,0,0,1,0,0,0,0,0,0,0,998,0,0,0,12,98,6,2,12,0,0,0,1,26,48189,6,1,0,0,3,0,70,155,0,0,0,2,0,5,2008,1,2010,1,51,0,0,0,3,4,65,4,1,1,1,0,0,14,54,1,1,1,50,1,0
17,170566,2,2,1,12,9,2,58,12,2,1,0,17,1,21,401,21401,14,1997,1GHDT13W3V27,1,G,H,D,T,1,3,W,3,V,2,7,0,P,OLDS,BRA,UT,97,17,4184,,0,1070,,G,,0,0,000000000,00000000000,0,0,0,1,0,0,0,0,0,0,0,998,0,0,0,12,98,6,2,12,0,0,0,1,17,60638,6,1,0,0,3,3,72,205,0,0,0,0,0,0,0,0,0,0,0,0,0,0,3,4,65,1,1,1,1,0,0,1,63,1,1,1,51,1,0
17,170567,1,2,1,14,9,16,21,12,6,1,0,17,2,20,16,20016,2,1997,1G1JC1242VM1,1,G,1,J,C,1,2,4,2,V,M,1,0,P,CHEV,C/S,CP,97,17,2584,,0,1041,,G,,0,0,000000000,00000000000,0,0,0,1,0,0,0,0,0,0,0,998,0,0,0,11,98,6,2,12,0,0,0,1,17,61701,6,1,0,0,3,3,67,160,0,0,0,1,0,2,2009,2,2009,0,28,0,0,0,1,2,55,4,1,2,1,0,0,14,54,3,2,2,64,1,0
17,170567,2,2,2,14,9,16,21,12,6,1,0,17,1,22,18,22018,4,2001,1G2NF52T01M6,1,G,2,N,F,5,2,T,0,1,M,6,0,P,PONT,SE1,4D,1,17,3116,,0,1070,,G,,0,0,000000000,00000000000,0,0,0,1,0,0,0,0,0,0,0,998,0,0,0,62,98,6,2,12,0,0,0,1,17,61773,6,1,0,0,3,0,67,180,0,0,0,0,0,0,0,0,0,0,0,0,0,0,1,2,55,4,1,2,1,0,0,14,62,1,1,1,65,0,0
17,170568,1,1,1,19,9,2,36,32,0,1,0,17,1,7,482,7482,31,2004,3D7KU28C24G1,3,D,7,K,U,2,8,C,2,4,G,1,0,T,DODG,SQ2,CW,4,17,,2,1605,1405,RPC,D,,0,0,000000000,00000000000,0,0,0,1,0,0,0,0,0,0,0,998,0,1,5,14,98,6,2,2,0,0,1,1,17,62037,6,1,0,0,3,0,71,160,0,0,0,0,0,0,0,0,0,1,0,0,0,0,1,2,55,2,2,2,2,0,0,14,12,1,1,4,6,1,1
17,170570,1,2,5,5,9,9,25,12,6,1,0,17,2,37,32,37032,4,2002,1HGCG16562A0,1,H,G,C,G,1,6,5,6,2,A,0,0,P,HOND,UEX,4D,2,17,3329,,0,1069,,G,,0,0,000000000,00000000000,0,0,0,1,0,0,0,0,0,0,0,998,0,0,0,12,98,6,2,12,0,0,0,1,17,60645,6,1,0,0,3,0,66,140,1,0,0,0,0,9,2010,9,2010,1,52,0,0,0,2,3,45,1,1,2,1,3,3,11,55,1,1,1,68,1,0