STATE,ST_CASE,VEH_NO,VE_FORMS,NUMOCCS,DAY,MONTH,HOUR,MINUTE,HARM_EV,MAN_COLL,UNITTYPE,HIT_RUN,REG_STAT,OWNER,MAKE,MODEL,MAK_MOD,BODY_TYP,MOD_YEAR,VIN,VIN_1,VIN_2,VIN_3,VIN_4,VIN_5,VIN_6,VIN_7,VIN_8,VIN_9,VIN_10,VIN_11,VIN_12,TOW_VEH,VINTYPE,VINMAKE,VINA_MOD,VIN_BT,VINMODYR,VIN_LNGT,VIN_WGT,WGTCD_TR,WHLBS_LG,WHLBS_SH,SER_TR,FUELCODE,MCYCL_DS,J_KNIFE,MCARR_I1,MCARR_I2,MCARR_ID,GVWR,V_CONFIG,CARGO_BT,HAZ_INV,HAZ_PLAC,HAZ_ID,HAZ_CNO,HAZ_REL,BUS_USE,SPEC_USE,EMER_USE,TRAV_SP,UNDERIDE,ROLLOVER,ROLINLOC,IMPACT1,IMPACT2,DEFORMED,TOWED,M_HARM,VEH_SC1,VEH_SC2,FIRE_EXP,DR_PRES,L_STATE,DR_ZIP,L_STATUS,L_TYPE,CDL_STAT,L_ENDORS,L_COMPL,L_RESTRI,DR_HGT,DR_WGT,PREV_ACC,PREV_SUS,PREV_DWI,PREV_SPD,PREV_OTH,FIRST_MO,FIRST_YR,LAST_MO,LAST_YR,SPEEDREL,DR_SF1,DR_SF2,DR_SF3,DR_SF4,VTRAFWAY,VNUM_LAN,VSPD_LIM,VALIGN,VPROFILE,VPAVETYP,VSURCOND,VTRAFCON,VTCONT_F,P_CRASH1,P_CRASH2,P_CRASH3,PCRASH4,PCRASH5,ACC_TYPE,DEATHS,DR_DRINK
17,170570,2,2,2,5,9,9,25,12,6,1,0,17,1,19,20,19020,6,2010,3GYFNKE46AS5,3,G,Y,F,N,K,E,4,6,A,S,5,0,P,CADI,SRX,UT,10,17,4320,,0,1105,,G,,0,0,000000000,00000000000,0,0,0,1,0,0,0,0,0,0,0,998,0,0,0,61,98,6,2,12,0,0,0,1,17,60188,6,1,0,0,3,0,68,230,0,0,0,1,0,11,2009,11,2009,0,0,0,0,0,2,3,45,1,1,2,1,3,3,1,66,7,1,1,69,0,0
17,170571,1,1,1,23,8,0,56,24,0,1,0,17,1,12,471,12471,30,2001,1FTYR14V21PB,1,F,T,Y,R,1,4,V,2,1,P,B,0,T,FORD,RNS,PS,1,17,,1,0,1257,RNG,F,,0,0,000000000,00000000000,0,0,0,1,0,0,0,0,0,0,0,998,0,1,5,81,98,6,2,1,0,0,0,1,17,61610,6,1,0,0,3,0,77,230,0,0,0,1,0,4,2008,4,2008,1,92,0,0,0,1,2,55,1,1,2,1,0,0,1,13,1,1,4,1,1,0
17,170572,1,1,1,31,8,20,0,9,0,1,0,17,1,58,37,58037,2,2006,JNKCV54E46M7,J,N,K,C,V,5,4,E,4,6,M,7,0,P,INFI,G35,CP,6,17,3505,,0,1122,,G,,0,0,000000000,00000000000,0,0,0,1,0,0,0,0,0,0,0,998,0,0,0,12,12,2,1,9,0,0,0,1,17,60706,6,1,0,0,3,3,74,220,0,0,0,0,0,0,0,0,0,1,38,0,0,0,5,4,30,1,1,2,1,3,3,11,83,1,1,1,13,0,0
17,170573,1,1,1,26,8,2,10,9,0,1,0,17,1,18,7,18007,4,2001,2G4WS52J8112,2,G,4,W,S,5,2,J,8,1,1,2,0,P,BUIC,CCU,4D,1,17,3368,,0,1090,,G,,0,0,000000000,00000000000,0,0,0,1,0,0,0,0,0,0,0,998,0,0,0,12,98,6,2,9,0,0,0,1,17,60016,6,1,0,0,3,3,66,120,0,0,0,0,0,0,0,0,0,0,0,0,0,0,1,4,40,1,1,2,1,3,3,1,83,1,1,1,13,0,0
17,170574,1,2,1,9,9,9,47,12,2,1,0,17,1,35,473,35473,31,2005,1N6AD07U35C4,1,N,6,A,D,0,7,U,3,5,C,4,0,T,NISS,CEO,CW,5,17,,1,0,1259,FRT,G,,0,0,000000000,00000000000,0,0,0,1,0,0,0,0,0,0,0,998,0,0,0,12,98,6,2,12,0,0,0,1,17,60491,6,1,0,0,3,0,73,230,0,0,0,0,0,0,0,0,0,1,28,0,0,0,1,2,45,1,1,2,1,0,0,1,10,1,1,2,50,0,0
17,170574,2,2,2,9,9,9,47,12,2,1,0,17,1,49,442,49442,20,2007,5TDZK23C97S0,5,T,D,Z,K,2,3,C,9,7,S,0,0,P,TOYT,SIE,SV,7,17,4177,,0,1193,,G,,0,0,000000000,00000000000,0,0,0,1,0,0,0,0,0,0,0,998,0,0,0,12,98,6,2,12,0,0,0,1,17,60465,6,1,0,0,3,3,65,145,0,0,0,0,0,0,0,0,0,0,0,0,0,0,1,2,45,1,1,2,1,0,0,1,62,1,1,1,51,1,0
17,170575,1,2,4,6,8,15,30,12,6,1,0,19,2,12,442,12442,20,2003,2FMZA53493BB,2,F,M,Z,A,5,3,4,9,3,B,B,0,T,FORD,WSL,ES,3,17,2768,1,0,1207,WIN,G,,0,0,000000000,00000000000,0,0,0,1,0,0,0,0,0,0,0,998,0,0,0,82,98,6,2,12,0,0,0,1,19,52722,6,1,0,0,3,3,65,145,0,0,0,0,0,0,0,0,0,0,38,0,0,0,1,2,30,1,1,2,1,0,0,11,54,1,1,1,68,0,0
17,170575,2,2,2,6,8,15,30,12,6,1,0,17,1,12,37,12037,6,2005,1FAFP36NX5W1,1,F,A,F,P,3,6,N,X,5,W,1,0,P,FORD,ZXW,SW,5,17,2768,,0,1030,,G,,0,0,000000000,00000000000,0,0,0,1,0,0,0,0,0,0,0,998,0,0,0,12,98,6,2,12,0,0,0,1,17,61244,6,1,0,0,3,3,74,210,0,0,0,0,0,0,0,0,0,0,0,0,0,0,1,2,30,1,1,2,1,0,0,1,62,1,1,1,69,1,0
17,170576,1,1,3,28,8,18,30,30,0,1,0,17,2,19,5,19005,2,1993,1G6EL13B3PU6,1,G,6,E,L,1,3,B,3,P,U,6,0,P,CADI,ELD,CP,93,17,3518,,0,1080,,G,,0,0,000000000,00000000000,0,0,0,1,0,0,0,0,0,0,0,998,0,0,0,12,98,6,2,2,0,0,1,1,17,60636,6,1,0,0,3,0,63,256,0,0,0,0,0,0,0,0,0,1,0,0,0,0,5,4,30,1,1,2,1,0,0,1,6,1,1,4,6,1,0
17,170577,1,1,5,20,8,1,20,33,0,1,0,17,2,18,22,18022,4,2008,2G4WE5870811,2,G,4,W,E,5,8,7,0,8,1,1,0,P,BUIC,LAS,4D,8,17,3568,,0,1105,,G,,0,0,000000000,00000000000,0,0,0,1,0,0,0,0,0,0,0,998,0,1,1,14,98,6,2,1,0,0,0,1,17,60827,0,0,0,0,0,0,69,130,0,0,0,0,0,0,0,0,0,0,36,0,0,0,3,4,30,1,1,2,1,3,3,15,11,1,1,4,6,2,0
17,170578,1,1,1,29,8,5,25,8,0,1,0,17,1,41,35,41035,4,2001,JM1BJ222X104,J,M,1,B,J,2,2,2,X,1,0,4,0,P,MAZD,PDL,4D,1,17,2493,,0,1028,,G,,0,0,000000000,00000000000,0,0,0,1,0,0,0,0,0,0,0,998,0,0,0,12,12,6,2,8,0,0,0,1,17,60164,6,1,0,0,3,0,64,125,0,0,0,0,1,7,2009,7,2009,0,0,0,0,0,5,4,30,1,1,2,1,0,0,1,80,8,2,2,13,0,1
17,170579,1,3,2,31,8,13,47,12,6,1,0,17,1,35,43,35043,4,2003,3N1CB51D93L8,3,N,1,C,B,5,1,D,9,3,L,8,0,P,NISS,XGX,4D,3,17,2411,,0,998,,G,,0,0,000000000,00000000000,0,0,0,1,0,0,0,0,0,0,0,998,0,0,0,3,98,6,2,12,0,0,0,1,17,60647,0,0,0,0,0,0,61,160,0,0,0,0,0,0,0,0,0,1,39,0,0,0,1,2,30,1,1,2,1,3,3,1,17,1,1,2,87,1,0
17,170579,2,3,1,31,8,13,47,12,6,1,0,17,2,19,421,19421,15,2009,1GYFK26289R1,1,G,Y,F,K,2,6,2,8,9,R,1,0,P,CADI,ESC,UT,9,17,5866,,0,1300,,F,,0,0,000000000,00000000000,0,0,0,1,0,0,0,0,0,0,0,998,0,0,0,12,12,6,2,12,0,0,0,1,17,60035,6,1,0,0,3,0,66,175,0,0,0,0,0,0,0,0,0,0,0,0,0,0,1,2,30,1,1,2,1,3,3,4,66,1,1,2,86,0,0
17,170579,3,3,1,31,8,13,47,12,6,1,0,19,2,7,20,7020,4,2002,1B3ES26C22D5,1,B,3,E,S,2,6,C,2,2,D,5,0,P,DODG,NEO,4D,2,17,2604,,0,1050,,G,,0,0,000000000,00000000000,0,0,0,1,0,0,0,0,0,0,0,0,0,0,0,11,11,6,2,12,0,0,0,1,17,60618,2,1,0,0,2,0,66,130,0,0,0,0,0,0,0,0,0,0,0,0,0,0,1,2,30,1,1,2,1,3,3,5,62,1,1,2,98,0,0
17,170580,1,1,1,20,9,6,9,9,0,1,0,17,1,18,2,18002,4,2005,1G4HP52K05U1,1,G,4,H,P,5,2,K,0,5,U,1,0,P,BUIC,LCF,4D,5,17,3567,,0,1122,,G,,0,0,000000000,00000000000,0,0,0,1,0,0,0,0,0,0,0,51,0,0,0,12,98,2,3,9,0,0,0,1,17,60957,6,1,0,0,3,3,67,165,0,0,0,0,0,0,0,0,0,0,0,0,0,0,1,2,55,1,1,2,1,0,0,1,83,1,1,1,13,0,0
17,170581,1,1,1,21,9,19,49,1,0,1,0,17,1,23,481,23481,31,1990,2GTFK29K6L15,2,G,T,F,K,2,9,K,6,L,1,5,0,T,GMC,SK2,PC,90,17,,2,1555,1415,SIE,G,,0,0,000000000,00000000000,0,0,0,1,0,0,0,0,0,0,0,998,0,1,5,0,98,6,2,1,0,0,0,1,17,61938,6,1,0,0,3,3,68,170,0,0,0,0,0,0,0,0,0,1,0,0,0,0,2,2,55,3,1,2,1,0,0,6,6,1,4,4,2,1,1
17,170582,1,1,2,1,2,21,0,5,0,1,0,17,1,7,482,7482,31,1995,1B7HF16Z9SS2,1,B,7,H,F,1,6,Z,9,S,S,2,0,T,DODG,150,PK,95,17,,2,1347,1187,RPC,G,,0,0,000000000,00000000000,0,0,0,1,0,0,0,0,0,0,0,998,0,0,0,0,0,0,3,5,0,0,0,1,17,60505,6,1,0,0,3,0,76,300,0,0,0,0,0,0,0,0,0,1,0,0,0,0,1,2,25,1,2,1,2,0,0,1,98,1,1,1,0,1,0
17,170583,1,1,1,9,8,11,58,21,0,1,0,17,1,42,999,42999,99,1974,107044120207,1,0,7,0,4,4,1,2,0,2,0,7,0,P,,,,,,,,,,,,,0,0,000000000,00000000000,0,0,0,1,0,0,0,0,0,0,0,998,0,1,5,62,98,6,2,1,0,0,0,1,17,61525,6,1,0,0,3,0,71,200,0,0,0,0,0,0,0,0,0,0,0,0,0,0,1,2,55,1,2,2,1,0,0,1,12,1,1,4,6,1,1
17,170584,1,1,1,11,8,12,34,35,0,1,0,17,1,12,16,12016,4,1997,2FALP74WXVX2,2,F,A,L,P,7,4,W,X,V,X,2,0,P,FORD,CVL,4D,97,17,0,,0,1144,,G,,0,0,000000000,00000000000,0,0,0,1,0,0,0,0,0,0,0,998,0,1,5,14,98,6,2,1,0,0,0,1,17,61612,6,1,0,0,3,3,73,180,0,0,0,0,0,0,0,0,0,0,53,0,0,0,1,2,55,3,3,2,1,0,0,14,1,6,4,4,2,1,0
17,170585,1,2,1,13,9,15,44,12,6,1,0,17,1,6,51,6051,4,2008,2C3KA53G68H1,2,C,3,K,A,5,3,G,6,8,H,1,0,P,CHRY,3TR,4D,8,17,3762,,0,1200,,G,,0,0,000000000,00000000000,0,0,0,1,0,0,0,0,0,0,0,998,0,0,0,81,98,6,2,12,0,0,0,1,17,62966,6,1,0,0,3,3,66,200,0,0,0,0,0,0,0,0,0,0,39,0,0,0,5,3,35,1,1,2,1,3,3,11,55,11,1,1,68,0,0
17,170585,2,2,1,13,9,15,44,12,6,1,0,17,1,72,706,72706,80,2010,1HD1KB412AB6,1,H,D,1,K,B,4,1,2,A,B,6,0,M,HD,FHX,RS,10,17,,,,,,,1584,0,0,000000000,00000000000,0,0,0,1,0,0,0,0,0,0,0,998,0,0,0,12,98,6,2,12,0,0,0,1,17,62915,6,1,0,0,3,0,66,130,0,0,0,1,0,2,2009,2,2009,0,0,0,0,0,5,3,35,1,1,2,1,3,3,1,66,1,1,1,69,1,0
17,170588,1,2,1,21,9,0,58,12,2,1,0,17,2,20,36,20036,2,1998,2G1WX12K3W92,2,G,1,W,X,1,2,K,3,W,9,2,0,P,CHEV,MZ3,CP,98,17,3452,,0,1075,,G,,0,0,000000000,00000000000,0,0,0,1,0,0,0,0,0,0,0,998,0,0,0,12,12,6,2,12,0,0,0,1,17,60403,2,1,0,0,2,0,71,170,1,1,0,0,0,8,2008,3,2010,1,28,0,0,0,1,2,55,2,2,2,1,0,0,14,10,1,1,2,50,1,1
17,170588,2,2,1,21,9,0,58,12,2,1,0,17,1,22,401,22401,14,2001,3G7DB03E21S5,3,G,7,D,B,0,3,E,2,1,S,5,0,P,PONT,AZT,UT,1,17,3779,,0,1083,,G,,0,0,000000000,00000000000,0,0,0,1,0,0,0,0,0,0,0,998,0,0,0,12,12,6,2,12,0,0,0,1,17,60441,6,1,0,0,3,0,65,115,0,0,0,0,0,0,0,0,0,0,0,0,0,0,1,2,55,4,2,2,1,0,0,14,62,1,1,1,51,0,0
17,170589,1,3,1,24,9,7,31,11,0,1,0,17,1,72,706,72706,80,2002,1HD1GHV162K4,1,H,D,1,G,H,V,1,6,2,K,4,0,M,HD,FDX,RS,2,17,,,,,,,1450,0,0,000000000,00000000000,0,0,0,1,0,0,0,0,0,0,0,65,0,0,0,12,98,6,2,54,0,0,0,1,17,61542,6,1,0,0,3,3,64,200,0,0,0,0,0,0,0,0,0,0,0,0,0,0,2,2,65,1,1,2,1,0,0,1,87,1,1,1,13,1,0
17,170589,2,3,1,24,9,7,31,11,0,1,0,17,3,98,809,98809,66,2008,2FWJA3CV68AA,2,F,W,J,A,3,C,V,6,8,A,A,1,T,STRG,A90,DS,8,17,,8,0,0,STE,D,,1,57,620402,57620402,3,6,2,1,0,0,0,0,0,0,0,60,0,0,0,63,98,2,1,54,0,0,0,1,21,40071,6,1,6,0,3,0,70,182,0,0,0,0,0,0,0,0,0,0,0,0,0,0,2,2,65,1,1,1,1,0,0,1,90,1,1,1,98,0,0
17,170589,3,3,1,24,9,7,31,11,0,1,0,17,1,72,706,72706,80,2005,1HD1CGP1X5K4,1,H,D,1,C,G,P,1,X,5,K,4,0,M,HD,20C,RS,5,17,,,,,,,1199,0,0,000000000,00000000000,0,0,0,1,0,0,0,0,0,0,0,65,0,0,0,0,98,6,2,1,0,0,0,1,17,62803,6,1,0,0,3,3,70,215,0,0,0,0,0,0,0,0,0,0,0,0,0,0,2,2,65,1,1,1,1,0,0,1,90,6,1,4,98,0,0
17,170590,1,1,1,22,9,20,12,8,0,1,1,99,9,99,999,99999,99,9999,999999999999,9,9,9,9,9,9,9,9,9,9,9,9,9,U,,,,9,17,,,,,,,,0,99,999999999,99999999999,9,99,99,1,0,0,0,0,99,99,9,998,0,0,0,12,98,2,1,8,99,99,0,1,99,99999,9,9,99,9,9,9,999,999,99,99,99,99,99,99,9999,99,9999,0,99,99,99,99,3,3,65,1,1,1,1,0,0,1,80,99,1,1,13,0,0
17,170591,1,1,1,17,9,3,0,34,0,1,0,47,3,84,881,84881,66,2007,2HSCNAPR77C3,2,H,S,C,N,A,P,R,7,7,C,3,1,T,INTL,94I,DS,7,17,,8,0,0,940,D,,1,57,511412,57511412,3,6,3,1,0,0,0,0,0,0,0,998,0,0,0,12,98,6,2,72,0,0,0,1,4,85303,6,1,6,3,3,0,69,165,0,7,0,0,0,12,2007,6,2010,1,0,0,0,0,3,2,65,3,1,1,1,0,0,14,6,1,1,4,1,1,0
17,170592,1,1,1,17,8,19,37,31,0,1,0,17,2,20,421,20421,15,2009,1GNFC13C09R1,1,G,N,F,C,1,3,C,0,9,R,1,0,P,CHEV,CTA,UT,9,17,5265,,0,1160,,G,,0,0,000000000,00000000000,0,0,0,1,0,0,0,0,0,0,0,998,0,0,0,12,98,6,2,42,0,0,0,1,17,60505,6,1,0,0,3,0,72,180,0,0,0,0,0,0,0,0,0,1,0,0,0,0,1,2,30,1,1,2,1,0,0,1,13,1,1,4,1,1,0
17,170593,1,2,2,26,9,17,36,12,6,1,0,17,1,58,35,58035,4,1996,JNKCA21D4TT0,J,N,K,C,A,2,1,D,4,T,T,0,0,P,INFI,I30,4D,96,17,2974,,0,1063,,G,,0,0,000000000,00000000000,0,0,0,1,0,0,0,0,0,0,0,998,0,0,0,81,98,6,2,12,0,0,0,1,17,61263,6,1,0,0,3,0,68,150,0,0,0,0,0,0,0,0,0,0,39,0,0,0,1,2,55,1,1,2,1,20,3,1,55,1,1,1,87,1,0
17,170593,2,2,2,26,9,17,36,12,6,1,0,17,2,63,34,63034,4,2008,KNAGE1230852,K,N,A,G,E,1,2,3,0,8,5,2,0,P,KIA,OLE,4D,8,17,3142,,0,1071,,G,,0,0,000000000,00000000000,0,0,0,1,0,0,0,0,0,0,0,998,0,0,0,12,98,6,2,12,0,0,0,1,17,61264,6,1,0,0,3,3,69,200,0,0,0,0,0,0,0,0,0,0,0,0,0,0,1,2,55,1,1,2,1,0,0,1,66,1,1,1,86,0,0
17,170594,1,2,1,28,8,19,31,1,0,1,0,17,1,72,706,72706,80,1990,1HD4CEM17LY1,1,H,D,4,C,E,M,1,7,L,Y,1,0,M,HD,X8H,RS,90,17,,,,,,,883,0,0,000000000,00000000000,0,0,0,1,0,0,0,0,0,0,0,998,0,0,0,0,98,6,2,12,0,0,0,1,17,61201,6,1,0,0,3,3,64,180,0,0,0,0,0,0,0,0,0,1,28,0,0,0,1,4,30,1,1,1,1,0,0,1,98,1,4,2,98,1,1
17,170594,2,2,1,28,8,19,31,1,0,1,0,17,1,12,402,12402,14,2008,1FMCU94108KD,1,F,M,C,U,9,4,1,0,8,K,D,0,P,FORD,SPE,UT,8,17,3547,,0,1031,,G,,0,0,000000000,00000000000,0,0,0,1,0,0,0,0,0,0,0,20,0,0,0,12,98,6,2,12,0,0,0,1,17,61265,6,1,0,0,3,0,64,142,0,0,0,0,0,0,0,0,0,0,0,0,0,0,1,4,30,1,1,1,1,0,0,1,62,9,1,2,98,0,0
17,170595,1,1,1,14,9,8,10,8,0,1,0,17,1,49,32,49032,4,1993,1NXAE09E8PZ0,1,N,X,A,E,0,9,E,8,P,Z,0,0,P,TOYT,LED,4D,93,17,2370,,0,957,,G,,0,0,000000000,00000000000,0,0,0,1,0,0,0,0,0,0,0,20,0,0,0,82,98,2,3,8,0,0,0,1,17,60641,6,1,0,0,3,0,68,165,1,0,0,1,1,3,2009,5,2010,0,0,0,0,0,1,2,25,1,1,2,1,0,0,4,80,1,1,1,13,0,0
17,170596,1,2,2,24,9,20,44,12,6,1,0,17,1,52,46,52046,4,2008,JA3AU26U58U0,J,A,3,A,U,2,6,U,5,8,U,0,0,P,MITS,LES,4D,8,17,2943,,0,1037,,G,,0,0,000000000,00000000000,0,0,0,1,0,0,0,0,0,0,0,998,0,0,0,3,98,6,2,12,0,0,1,1,17,60468,6,1,0,0,3,3,71,195,0,0,0,0,0,0,0,0,0,0,38,0,0,0,1,2,55,1,1,2,1,0,0,11,54,1,1,1,68,0,1
17,170596,2,2,1,24,9,20,44,12,6,1,0,17,2,53,705,53705,80,1997,JS1GN72A5V21,J,S,1,G,N,7,2,A,5,V,2,1,0,M,SUZI,GX6,RS,97,17,,,,,,,599,0,0,000000000,00000000000,0,0,0,1,0,0,0,0,0,0,0,998,0,0,0,12,98,6,2,12,0,0,0,1,17,60449,6,1,0,0,3,0,68,135,0,0,0,0,0,0,0,0,0,0,0,0,0,0,1,2,55,1,1,2,1,0,0,1,62,1,1,1,69,1,0
17,170597,1,1,1,24,9,8,41,52,0,1,0,17,1,22,9,22009,3,1995,2G2FV22P6S22,2,G,2,F,V,2,2,P,6,S,2,2,0,P,PONT,FTA,2H,95,17,3373,,0,1011,,G,,0,0,000000000,00000000000,0,0,0,1,0,0,0,0,0,0,0,998,0,1,5,9,9,6,2,1,0,0,0,1,29,63367,6,1,0,0,3,3,70,255,0,0,0,0,0,0,0,0,0,1,0,0,0,0,3,2,65,3,2,1,2,0,0,14,6,1,3,4,2,1,0
17,170598,1,1,1,17,9,18,43,34,0,1,0,17,1,48,38,48038,4,2007,JF1GD61677H5,J,F,1,G,D,6,1,6,7,7,H,5,0,P,SUBA,I25,4D,7,17,3016,,0,994,,G,,0,0,000000000,00000000000,0,0,0,1,0,0,0,0,0,0,0,998,0,1,5,12,98,6,2,1,0,0,1,1,17,61115,6,1,0,0,3,3,75,180,0,0,0,0,0,0,0,0,0,0,0,0,0,0,1,2,55,1,1,2,1,0,0,1,10,1,1,4,6,1,1
17,170599,1,2,1,8,9,10,23,12,6,1,0,17,1,55,37,55037,2,2003,KMHHN65F03U0,K,M,H,H,N,6,5,F,0,3,U,0,0,P,HYUN,TGT,CP,3,17,3015,,0,996,,G,,0,0,000000000,00000000000,0,0,0,1,0,0,0,0,0,0,0,998,0,0,0,9,98,6,2,12,0,0,0,1,17,61032,6,1,0,0,3,0,65,195,0,1,0,1,0,6,2009,6,2009,0,38,0,0,0,1,2,55,1,1,2,1,20,3,4,55,1,1,1,89,0,0
17,170599,2,2,1,8,9,10,23,12,6,1,0,17,1,53,705,53705,80,2009,JS1VP55A9921,J,S,1,V,P,5,5,A,9,9,2,1,0,M,SUZI,SFV,RS,9,17,,,,,,,645,0,0,000000000,00000000000,0,0,0,1,0,0,0,0,0,0,0,998,0,0,0,12,98,6,2,12,0,0,0,1,17,60510,6,1,0,0,3,0,69,260,0,0,0,0,0,0,0,0,0,0,0,0,0,0,1,2,55,1,1,2,1,0,0,1,66,1,1,1,88,1,0
17,170600,1,1,1,20,9,0,9,19,0,1,0,17,1,13,421,13421,15,2004,5LMFU27R24LJ,5,L,M,F,U,2,7,R,2,4,L,J,0,P,LINC,NAV,UT,4,17,5714,,0,1190,,G,,0,0,000000000,00000000000,0,0,0,1,0,0,0,0,0,0,0,998,0,0,0,9,98,6,2,19,0,0,0,1,17,61108,6,1,0,0,3,0,65,125,0,0,0,2,0,4,2010,5,2010,0,0,0,0,0,1,2,15,1,1,2,1,0,0,1,9,1,7,4,7,1,0
17,170601,1,4,1,9,8,16,6,12,2,1,0,17,1,53,705,53705,80,2007,JS1GN7DA5721,J,S,1,G,N,7,D,A,5,7,2,1,0,M,SUZI,G60,RS,7,17,,,,,,,599,0,0,000000000,00000000000,0,0,0,1,0,0,0,0,0,0,0,998,0,0,0,12,98,6,2,12,0,0,0,1,17,60004,6,1,0,0,3,0,70,195,0,0,0,1,0,1,2010,1,2010,1,28,52,0,0,1,2,30,1,1,2,1,0,0,6,6,1,1,2,50,1,0
17,170601,2,4,1,9,8,16,6,12,2,1,0,17,1,55,402,55402,14,2009,KM8JN12D19U9,K,M,8,J,N,1,2,D,1,9,U,9,0,P,HYUN,TUC,UT,9,17,3370,,0,1035,,G,,0,0,000000000,00000000000,0,0,0,1,0,0,0,0,0,0,0,998,0,0,0,13,98,6,2,54,0,0,0,1,17,60707,6,1,0,0,3,3,62,150,0,0,0,0,0,0,0,0,0,0,0,0,0,0,1,2,30,1,1,2,1,0,0,1,90,1,1,1,98,0,0
17,170601,3,4,1,9,8,16,6,12,2,1,0,17,2,6,441,6441,20,1996,1C4GP55R0TB2,1,C,4,G,P,5,5,R,0,T,B,2,0,P,CHRY,TWC,SV,96,17,3738,,0,1133,,G,,0,0,000000000,00000000000,0,0,0,1,0,0,0,0,0,0,0,998,0,0,0,12,12,6,2,12,0,0,0,1,17,60647,0,0,0,0,0,0,999,999,0,0,0,0,0,0,0,0,0,0,92,0,0,0,1,2,30,1,1,2,1,0,0,1,54,1,1,1,51,0,0
17,170601,4,4,2,9,8,16,6,12,2,1,0,17,1,49,402,49402,14,2010,JTMBF4DV2AD0,J,T,M,B,F,4,D,V,2,A,D,0,0,P,TOYT,RG4,UT,10,17,3444,,0,1047,,G,,0,0,000000000,00000000000,0,0,0,1,0,0,0,0,0,0,0,998,0,0,0,12,12,8,8,54,0,0,0,1,17,60630,6,1,0,0,3,3,65,167,0,0,0,0,0,0,0,0,0,0,0,0,0,0,1,2,30,1,1,2,1,0,0,1,90,1,1,1,98,0,0
17,170603,1,2,1,29,9,13,59,24,0,1,0,17,3,20,2,20002,4,2007,2G1WB58K0792,2,G,1,W,B,5,8,K,0,7,9,2,0,P,CHEV,IPL,4D,7,17,3674,,0,1105,,F,,0,0,000000000,00000000000,0,0,0,1,0,0,0,0,0,0,0,998,0,0,0,83,98,6,2,12,0,0,0,1,17,62278,6,1,0,0,3,3,66,185,0,0,0,1,0,11,2008,11,2008,1,28,0,0,0,1,2,55,1,1,2,1,0,0,1,51,9,1,4,3,1,0
17,170603,2,2,1,29,9,13,59,24,0,1,0,17,1,2,403,2403,14,2008,1J4FA24148L5,1,J,4,F,A,2,4,1,4,8,L,5,0,T,JEEP,WXR,2W,8,17,,1,0,954,WRA,G,,0,0,000000000,00000000000,0,0,0,1,0,0,0,0,0,0,0,998,0,0,0,12,98,6,2,12,0,0,0,1,17,62644,6,1,0,0,3,0,73,115,0,0,0,0,0,0,0,0,0,0,0,0,0,0,1,2,55,1,1,2,1,0,0,1,62,1,1,1,98,0,0
17,170604,1,2,2,13,8,16,30,12,6,1,0,17,1,14,6,14006,4,1997,2MELM75W8VX6,2,M,E,L,M,7,5,W,8,V,X,6,0,P,MERC,MGL,4D,97,17,3796,,0,1144,,G,,0,0,000000000,00000000000,0,0,0,1,0,0,0,0,0,0,0,998,0,0,0,9,9,6,2,12,0,0,0,1,17,61074,6,1,0,0,3,3,68,160,0,0,0,0,0,0,0,0,0,0,38,87,0,0,1,2,55,1,2,2,2,0,0,12,54,1,1,1,98,1,0
17,170604,2,2,1,13,8,16,30,12,6,1,0,17,1,6,441,6441,20,2000,1C4GP54L7YB6,1,C,4,G,P,5,4,L,7,Y,B,6,0,P,CHRY,TWC,SV,0,17,3961,,0,1193,,G,,0,0,000000000,00000000000,0,0,0,1,0,0,0,0,0,0,0,998,0,0,0,12,12,6,2,12,0,0,0,1,17,61074,6,1,0,0,3,3,70,170,0,0,0,0,0,0,0,0,0,0,0,0,0,0,1,2,55,1,2,2,2,0,0,1,62,1,1,1,98,0,0
17,170605,1,1,4,15,8,18,8,1,0,1,0,17,2,20,401,20401,14,1996,1GNCT18W3TK1,1,G,N,C,T,1,8,W,3,T,K,1,0,P,CHEV,BZR,UT,96,17,3814,,0,1005,,G,,0,0,000000000,00000000000,0,0,0,1,0,0,0,0,0,0,0,998,0,1,1,0,98,6,2,1,0,0,0,1,17,60478,6,2,0,0,3,3,73,158,0,0,0,0,0,0,0,0,0,1,52,58,0,0,1,2,50,1,1,2,1,0,0,1,6,1,1,1,98,1,0
17,170606,1,1,1,2,10,11,18,24,0,1,0,17,2,72,706,72706,80,2003,1HD1GEV4X3K3,1,H,D,1,G,E,V,4,X,3,K,3,0,M,HD,FWA,RS,3,17,,,,,,,1450,0,0,000000000,00000000000,0,0,0,1,0,0,0,0,0,0,0,998,0,0,0,12,98,6,2,1,0,0,0,1,17,60532,6,1,0,0,3,3,71,225,0,0,0,0,0,0,0,0,0,0,52,0,0,0,2,2,65,4,1,1,1,0,0,14,12,1,1,4,6,1,0
17,170607,1,1,1,29,9,18,17,9,0,1,0,17,1,7,482,7482,31,2009,1D3HB18PX9S7,1,D,3,H,B,1,8,P,X,9,S,7,0,T,DODG,Q15,CW,9,17,,2,0,1400,RPC,G,,0,0,000000000,00000000000,0,0,0,1,0,0,0,0,0,0,0,998,0,0,0,12,98,2,3,9,0,0,0,1,17,61769,6,1,6,0,3,3,71,190,0,0,0,0,0,0,0,0,0,0,0,0,0,0,1,2,55,1,1,2,1,0,0,1,83,1,1,1,13,0,0