STATE,ST_CASE,VEH_NO,VE_FORMS,NUMOCCS,DAY,MONTH,HOUR,MINUTE,HARM_EV,MAN_COLL,UNITTYPE,HIT_RUN,REG_STAT,OWNER,MAKE,MODEL,MAK_MOD,BODY_TYP,MOD_YEAR,VIN,VIN_1,VIN_2,VIN_3,VIN_4,VIN_5,VIN_6,VIN_7,VIN_8,VIN_9,VIN_10,VIN_11,VIN_12,TOW_VEH,VINTYPE,VINMAKE,VINA_MOD,VIN_BT,VINMODYR,VIN_LNGT,VIN_WGT,WGTCD_TR,WHLBS_LG,WHLBS_SH,SER_TR,FUELCODE,MCYCL_DS,J_KNIFE,MCARR_I1,MCARR_I2,MCARR_ID,GVWR,V_CONFIG,CARGO_BT,HAZ_INV,HAZ_PLAC,HAZ_ID,HAZ_CNO,HAZ_REL,BUS_USE,SPEC_USE,EMER_USE,TRAV_SP,UNDERIDE,ROLLOVER,ROLINLOC,IMPACT1,IMPACT2,DEFORMED,TOWED,M_HARM,VEH_SC1,VEH_SC2,FIRE_EXP,DR_PRES,L_STATE,DR_ZIP,L_STATUS,L_TYPE,CDL_STAT,L_ENDORS,L_COMPL,L_RESTRI,DR_HGT,DR_WGT,PREV_ACC,PREV_SUS,PREV_DWI,PREV_SPD,PREV_OTH,FIRST_MO,FIRST_YR,LAST_MO,LAST_YR,SPEEDREL,DR_SF1,DR_SF2,DR_SF3,DR_SF4,VTRAFWAY,VNUM_LAN,VSPD_LIM,VALIGN,VPROFILE,VPAVETYP,VSURCOND,VTRAFCON,VTCONT_F,P_CRASH1,P_CRASH2,P_CRASH3,PCRASH4,PCRASH5,ACC_TYPE,DEATHS,DR_DRINK
17,170678,1,2,1,10,10,23,35,12,1,1,0,17,1,53,705,53705,80,2002,JS1GN79A1221,J,S,1,G,N,7,9,A,1,2,2,1,0,M,SUZI,GX6,RS,2,17,,,,,,,599,0,0,000000000,00000000000,0,0,0,1,0,0,0,0,0,0,0,998,0,0,0,12,98,6,2,12,0,0,0,1,17,60615,6,1,0,0,3,0,61,140,0,0,0,1,0,4,2010,4,2010,0,26,0,0,0,2,4,40,3,1,1,1,0,0,6,60,1,1,2,24,1,1
17,170678,2,2,1,10,10,23,35,12,1,1,0,26,2,12,37,12037,2,2003,3FAFP313X3R1,3,F,A,F,P,3,1,3,X,3,R,1,0,P,FORD,FZX,3P,3,17,2551,,0,1030,,G,,0,0,000000000,00000000000,0,0,0,1,0,0,0,0,0,0,0,998,0,0,0,6,98,6,2,12,0,0,0,1,26,48306,6,1,0,0,3,0,70,165,0,0,0,0,0,0,0,0,0,0,92,0,0,0,2,4,40,3,1,1,1,0,0,15,61,1,1,2,27,0,0
17,170679,1,1,1,13,10,1,1,1,0,1,0,19,2,72,706,72706,80,1998,1HD1BML13WY0,1,H,D,1,B,M,L,1,3,W,Y,0,0,M,HD,FLF,RS,98,17,,,,,,,1340,0,0,000000000,00000000000,0,0,0,1,0,0,0,0,0,0,0,998,0,0,0,0,98,6,2,1,0,0,0,1,19,52732,6,1,0,0,3,0,68,280,0,0,0,0,0,0,0,0,0,1,0,0,0,0,1,2,55,1,1,2,1,0,0,1,12,1,1,4,6,1,1
17,170680,1,2,1,20,10,11,30,12,6,1,0,0,0,98,998,98998,92,2004,999999999999,9,9,9,9,9,9,9,9,9,9,9,9,0,U,,,,9,17,,,,,,,,0,0,000000000,00000000000,0,0,0,1,0,0,0,0,0,0,0,998,0,0,0,82,98,2,1,12,0,0,0,1,17,61354,6,1,0,0,3,0,68,190,1,0,0,0,0,6,2009,6,2009,0,38,0,0,0,1,2,55,1,1,2,1,0,0,4,55,1,1,1,87,0,0
17,170680,2,2,1,20,10,11,30,12,6,1,0,17,2,20,481,20481,31,1981,1GCHC39M3BV1,1,G,C,H,C,3,9,M,3,B,V,1,0,T,CHEV,C30,ST,81,17,,2,0,1355,C30,G,,0,0,000000000,00000000000,0,0,0,1,0,0,0,0,0,0,0,998,0,0,0,12,98,6,2,12,0,0,0,1,17,61342,6,1,0,0,3,3,75,225,0,0,0,0,0,0,0,0,0,0,0,0,0,0,1,2,55,1,1,2,1,0,0,1,66,1,1,1,86,1,0
17,170681,1,2,1,23,10,18,53,12,8,1,0,17,2,18,7,18007,4,1997,2G4WS52M3V14,2,G,4,W,S,5,2,M,3,V,1,4,0,P,BUIC,CCU,4D,97,17,3348,,0,1090,,G,,0,0,000000000,00000000000,0,0,0,1,0,0,0,0,0,0,0,95,0,1,1,61,98,6,2,1,0,0,0,1,17,61938,1,1,0,0,2,0,69,160,0,3,1,1,3,7,2008,8,2010,1,36,0,0,0,2,2,55,1,1,1,1,0,0,1,12,1,1,4,98,1,0
17,170681,2,2,2,23,10,18,53,12,8,1,0,17,3,12,16,12016,4,2006,2FAFP71WX6X1,2,F,A,F,P,7,1,W,X,6,X,1,0,P,FORD,CVP,4D,6,17,0,,0,1147,,G,,0,0,000000000,00000000000,0,0,0,1,0,0,0,0,0,0,0,0,0,0,0,61,98,6,2,12,0,0,0,1,17,61874,6,1,0,0,3,3,71,195,0,0,0,0,0,0,0,0,0,0,0,0,0,0,2,2,55,1,1,1,1,0,0,98,98,98,1,5,98,0,0
17,170682,1,1,1,16,10,16,35,34,0,1,0,17,1,12,481,12481,31,2002,1FTRX18W92NB,1,F,T,R,X,1,8,W,9,2,N,B,0,T,FORD,F15,4C,2,17,,2,1574,1388,COF,G,,0,0,000000000,00000000000,0,0,0,1,0,0,0,0,0,0,0,998,0,0,0,14,98,6,2,42,0,0,0,1,17,62631,6,1,6,0,3,0,71,205,0,0,0,1,0,8,2008,8,2008,1,0,0,0,0,1,2,55,1,2,2,1,0,0,1,13,1,1,4,1,1,1
17,170683,1,2,1,20,10,8,14,12,6,1,0,17,1,18,2,18002,4,1997,1G4HR52K0VH5,1,G,4,H,R,5,2,K,0,V,H,5,0,P,BUIC,LLF,4D,97,17,3488,,0,1108,,G,,0,0,000000000,00000000000,0,0,0,1,0,0,0,0,0,0,0,11,0,0,0,3,98,6,2,12,0,0,0,1,17,61072,6,1,0,0,3,3,66,150,0,0,0,0,0,0,0,0,0,0,38,0,0,0,1,2,55,1,1,2,1,20,3,4,55,1,1,1,87,1,1
17,170683,2,2,1,20,10,8,14,12,6,1,0,17,3,20,481,20481,31,2010,1GCSCPEA3AZ1,1,G,C,S,C,P,E,A,3,A,Z,1,0,T,CHEV,SC1,4C,10,17,,2,1575,1435,SIL,F,,0,0,000000000,00000000000,0,0,0,1,0,0,0,0,0,0,0,71,0,0,0,12,12,6,2,12,0,0,0,1,17,61032,6,1,6,0,3,0,76,230,0,0,1,1,0,7,2009,9,2009,0,0,0,0,0,1,2,55,1,1,2,1,0,0,1,66,9,1,2,86,0,0
17,170684,1,2,2,22,10,4,46,12,1,1,0,17,1,19,3,19003,4,1985,1G6CB6988F42,1,G,6,C,B,6,9,8,8,F,4,2,0,P,CADI,FFL,4D,85,17,3268,,0,1108,,G,,0,0,000000000,00000000000,0,0,0,1,0,0,0,0,0,0,0,80,0,0,0,12,98,6,2,12,0,0,0,1,17,62095,2,1,0,0,2,0,64,120,0,3,0,0,0,12,2007,1,2008,1,26,0,0,0,1,2,55,1,1,2,1,0,0,1,51,1,1,1,24,1,1
17,170684,2,2,1,22,10,4,46,12,1,1,0,17,3,85,881,85881,66,2003,1NKDLU9X83J3,1,N,K,D,L,U,9,X,8,3,J,3,1,T,KW,T80,CC,3,17,,8,2600,1600,CON,D,,1,57,387102,57387102,3,6,7,1,0,0,0,0,0,0,0,998,0,0,0,6,98,2,1,12,0,0,0,1,17,62010,6,1,6,0,3,3,68,170,0,0,0,0,0,0,0,0,0,0,0,0,0,0,1,2,55,1,1,2,1,0,0,2,53,1,1,1,27,0,0
17,170685,1,1,1,22,10,22,9,42,0,1,0,17,2,20,481,20481,31,1997,1GCEK19R0VE2,1,G,C,E,K,1,9,R,0,V,E,2,0,T,CHEV,GK1,PC,97,17,,2,1555,1415,GM4,G,,0,0,000000000,00000000000,0,0,0,1,0,0,0,0,0,0,0,998,0,1,5,12,98,6,2,1,0,0,0,1,17,61054,2,1,0,0,2,0,63,108,0,1,0,1,3,10,2008,8,2010,0,36,0,0,0,1,2,30,4,1,2,1,0,0,14,12,1,1,4,6,1,0
17,170686,1,4,1,15,10,10,23,12,1,1,0,17,3,82,881,82881,66,2000,1FUYSZYB5YPF,1,F,U,Y,S,Z,Y,B,5,Y,P,F,1,T,FRHT,FC2,DS,0,17,,8,0,0,CON,D,,1,57,1338458,571338458,3,6,2,1,0,0,0,0,0,0,0,998,0,0,0,12,98,6,2,12,0,0,0,1,17,60608,6,1,6,0,3,3,72,210,1,0,0,2,0,5,2010,8,2010,1,26,0,0,0,3,2,65,1,1,1,1,0,0,1,52,1,1,1,24,0,0
17,170686,2,4,3,15,10,10,23,12,1,1,0,55,1,2,404,2404,14,2006,1J4GR48K36C2,1,J,4,G,R,4,8,K,3,6,C,2,0,T,JEEP,LCF,4W,6,17,,1,0,1095,GCK,G,,0,0,000000000,00000000000,0,0,0,1,0,0,0,0,0,0,0,998,0,0,0,6,98,6,2,12,0,0,0,1,55,53959,6,1,0,0,3,3,67,230,0,0,0,0,0,0,0,0,0,1,0,0,0,0,3,2,65,1,1,1,1,0,0,1,53,1,1,1,25,2,0
17,170686,3,4,2,15,10,10,23,12,1,1,0,17,2,34,34,34034,4,2006,WBAVB13526KX,W,B,A,V,B,1,3,5,2,6,K,X,0,P,BMW,325,4D,6,17,3285,,0,1087,,G,,0,0,000000000,00000000000,0,0,0,1,0,0,0,0,0,0,0,998,0,0,0,6,98,6,2,12,36,0,0,1,17,60555,6,1,0,0,3,0,68,225,0,0,0,0,0,0,0,0,0,1,0,0,0,0,3,2,65,1,1,1,1,0,0,1,53,1,1,1,98,0,0
17,170686,4,4,1,15,10,10,23,12,1,1,0,55,1,37,32,37032,4,2010,1HGCP2F33AA0,1,H,G,C,P,2,F,3,3,A,A,0,0,P,HOND,ULX,4D,10,17,3269,,0,1102,,G,,0,0,000000000,00000000000,0,0,0,1,0,0,0,0,0,0,0,998,0,0,0,6,98,6,2,12,0,0,0,1,55,53913,6,1,6,0,3,0,69,230,0,0,0,0,0,0,0,0,0,1,0,0,0,0,3,2,65,1,1,1,1,0,0,1,53,1,1,1,98,0,0
17,170687,1,2,1,29,10,10,15,12,2,1,0,17,1,18,7,18007,4,1995,1G4AG55M7S64,1,G,4,A,G,5,5,M,7,S,6,4,0,P,BUIC,CSP,4D,95,17,2986,,0,1049,,G,,0,0,000000000,00000000000,0,0,0,1,0,0,0,0,0,0,0,998,0,0,0,12,98,6,2,12,0,0,0,1,17,62920,6,1,0,0,3,3,67,150,0,0,0,0,0,0,0,0,0,0,27,0,0,0,1,2,55,2,1,2,1,0,0,14,10,1,1,2,50,1,0
17,170687,2,2,1,29,10,10,15,12,2,1,0,17,1,12,471,12471,30,1997,1FTCR10A1VPB,1,F,T,C,R,1,0,A,1,V,P,B,0,T,FORD,RNG,PK,97,17,,1,1140,1080,RNG,G,,0,0,000000000,00000000000,0,0,0,1,0,0,0,0,0,0,0,998,0,0,0,12,98,6,2,12,0,0,0,1,17,62926,6,1,0,0,3,3,63,100,0,0,0,0,0,0,0,0,0,0,0,0,0,0,1,2,55,3,1,2,1,0,0,14,62,3,1,1,51,0,0
17,170688,1,2,2,9,9,11,27,12,6,1,0,17,1,14,20,14020,4,2006,1MEFM40186G6,1,M,E,F,M,4,0,1,8,6,G,6,0,P,MERC,LUX,4D,6,17,3670,,0,1129,,G,,0,0,000000000,00000000000,0,0,0,1,0,0,0,0,0,0,0,998,0,0,0,62,98,6,2,12,0,0,0,1,17,60304,6,1,0,0,3,3,67,160,0,0,0,0,0,0,0,0,0,0,27,53,0,0,2,2,55,1,1,2,1,40,3,16,52,1,1,2,47,1,0
17,170688,2,2,1,9,9,11,27,12,6,1,0,17,3,86,881,86881,66,1993,1M2P267YXPM0,1,M,2,P,2,6,7,Y,X,P,M,0,1,T,MACK,RD6,TM,93,17,,8,0,0,600,D,,1,57,586678,57586678,3,6,1,1,0,0,0,0,0,0,0,998,0,0,0,12,98,2,1,12,0,0,0,1,17,60126,6,1,6,0,3,0,69,200,0,0,0,1,1,12,2007,1,2009,0,0,0,0,0,2,2,55,1,1,2,1,40,3,1,61,1,1,1,45,0,0
17,170689,1,1,1,31,10,1,28,31,0,1,0,17,1,20,481,20481,31,1998,2GCEK19R3W11,2,G,C,E,K,1,9,R,3,W,1,1,0,T,CHEV,GK1,PC,98,17,,2,1555,1415,GM4,G,,0,0,000000000,00000000000,0,0,0,1,0,0,0,0,0,0,0,998,0,1,5,12,98,6,2,2,0,0,1,1,17,61032,6,1,6,0,3,0,70,200,0,0,0,0,0,0,0,0,0,0,39,0,0,0,1,2,55,2,1,2,1,40,3,14,12,1,1,4,6,1,1
17,170690,1,2,1,29,10,10,30,12,6,1,0,18,3,84,881,84881,66,2009,2HSCUAPRX9C1,2,H,S,C,U,A,P,R,X,9,C,1,1,T,INTL,PPR,DS,9,17,,8,0,0,PRO,D,,1,57,00261902,5700261902,3,6,2,1,0,0,0,0,0,0,0,998,0,0,0,12,98,6,2,12,0,0,0,1,6,92563,6,1,6,0,3,3,73,210,0,0,0,0,0,0,0,0,0,0,0,0,0,0,2,2,65,1,1,1,1,0,0,1,61,8,1,2,45,0,0
17,170690,2,2,2,29,10,10,30,12,6,1,0,51,1,47,36,47036,4,2003,YS3EB49E8330,Y,S,3,E,B,4,9,E,8,3,3,0,0,P,SAA,9/L,4D,3,17,3560,,0,1064,,G,,0,0,000000000,00000000000,0,0,0,1,0,0,0,0,0,0,0,998,0,0,0,61,98,6,2,12,0,0,0,1,51,23227,6,1,0,0,3,0,68,170,0,0,0,0,0,0,0,0,0,0,27,0,0,0,2,2,65,1,1,1,1,0,0,16,51,1,1,2,47,1,0
17,170691,1,1,2,2,10,12,12,30,0,1,0,17,2,7,20,7020,2,1998,1B3ES42YXWD6,1,B,3,E,S,4,2,Y,X,W,D,6,0,P,DODG,HSR,2P,98,17,2469,,0,1040,,G,,0,0,000000000,00000000000,0,0,0,1,0,0,0,0,0,0,0,998,0,0,0,12,12,6,2,30,0,0,0,1,17,60304,6,1,0,0,3,0,69,210,1,0,0,0,0,9,2008,9,2008,1,92,0,0,0,3,3,45,2,1,2,2,0,0,14,13,1,1,4,1,1,0
17,170692,1,2,1,31,10,3,50,12,6,1,0,17,2,12,37,12037,4,2007,1FAFP34N37W1,1,F,A,F,P,3,4,N,3,7,W,1,0,P,FORD,FMS,4D,7,17,2636,,0,1029,,G,,0,0,000000000,00000000000,0,0,0,1,0,0,0,0,0,0,0,998,0,0,0,83,98,6,2,12,36,0,0,1,17,60656,6,1,0,0,3,3,66,130,0,0,0,0,1,12,2008,12,2008,1,52,36,0,0,3,4,65,2,1,1,1,0,0,15,51,1,1,2,46,1,1
17,170692,2,2,2,31,10,3,50,12,6,1,0,17,2,55,35,55035,4,2004,KMHDN46DX4U7,K,M,H,D,N,4,6,D,X,4,U,7,0,P,HYUN,EST,4D,4,17,2635,,0,1027,,G,,0,0,000000000,00000000000,0,0,0,1,0,0,0,0,0,0,0,998,0,0,0,11,98,6,2,12,0,0,0,1,17,60133,6,1,0,0,3,3,62,140,0,0,0,0,0,0,0,0,0,0,0,0,0,0,3,4,65,1,1,1,1,0,0,1,60,1,1,1,45,0,0
17,170693,1,1,2,25,10,0,40,32,0,1,0,17,1,2,403,2403,14,1998,1J4FY29P7WP7,1,J,4,F,Y,2,9,P,7,W,P,7,0,T,JEEP,SEW,2W,98,17,,1,0,934,W/T,G,,0,0,000000000,00000000000,0,0,0,1,0,0,0,0,0,0,0,998,0,1,5,14,98,6,2,1,0,0,0,1,17,60046,6,1,0,0,3,0,68,175,0,0,0,0,0,0,0,0,0,1,36,0,0,0,1,2,40,1,3,2,1,0,0,1,12,1,1,4,6,1,0
17,170695,1,1,1,1,11,13,17,1,0,1,0,18,3,86,882,86882,63,2001,1M2K195C21M0,1,M,2,K,1,9,5,C,2,1,M,0,0,T,MACK,MR6,TL,1,17,,8,0,0,600,D,,0,57,568782,57568782,3,2,7,1,0,0,0,0,0,0,0,998,0,1,1,0,98,6,2,1,0,0,0,1,17,62811,6,1,6,0,3,0,67,210,0,0,0,0,0,0,0,0,0,1,0,0,0,0,1,2,55,1,1,2,1,0,0,1,52,6,1,2,98,1,0
17,170696,1,2,4,2,10,18,6,12,6,1,0,17,1,55,33,55033,4,2010,5NPET4AC5AH6,5,N,P,E,T,4,A,C,5,A,H,6,0,P,HYUN,SGL,4D,10,17,3292,,0,1074,,G,,0,0,000000000,00000000000,0,0,0,1,0,0,0,0,0,0,0,998,0,0,0,81,98,6,2,12,0,0,0,1,17,62401,6,1,0,0,3,3,67,160,0,0,0,0,0,0,0,0,0,0,48,38,0,0,1,2,55,1,1,2,1,20,3,1,55,1,1,2,87,2,0
17,170696,2,2,5,2,10,18,6,12,6,1,0,17,1,20,403,20403,14,2004,1GNDT13S8422,1,G,N,D,T,1,3,S,8,4,2,2,0,P,CHEV,TRL,UT,4,17,4612,,0,1130,,G,,0,0,000000000,00000000000,0,0,0,1,0,0,0,0,0,0,0,998,0,0,0,12,98,6,2,12,0,0,0,1,17,62843,6,1,0,0,3,0,69,180,0,0,0,0,0,0,0,0,0,0,0,0,0,0,1,2,55,1,1,2,1,40,3,1,66,1,1,1,86,0,0
17,170697,1,2,1,23,8,13,4,12,6,1,0,17,2,7,482,7482,31,1999,1B7HF16Z5XS1,1,B,7,H,F,1,6,Z,5,X,S,1,0,T,DODG,150,PK,99,17,,2,1347,1187,RPC,G,,0,0,000000000,00000000000,0,0,0,1,0,0,0,0,0,0,0,998,0,0,0,83,98,6,2,12,0,0,0,1,17,60552,2,1,0,0,2,0,64,123,0,1,0,0,0,1,2008,1,2008,0,38,0,0,0,1,2,45,1,1,2,1,3,3,11,54,1,1,2,68,0,0
17,170697,2,2,1,23,8,13,4,12,6,1,0,17,1,53,706,53706,80,2001,JS1GR7HAX121,J,S,1,G,R,7,H,A,X,1,2,1,0,M,SUZI,SX7,RS,1,17,,,,,,,749,0,0,000000000,00000000000,0,0,0,1,0,0,0,0,0,0,0,998,0,0,0,12,98,6,2,12,0,0,0,1,17,60503,6,1,0,0,3,0,69,200,0,0,0,0,0,0,0,0,0,0,0,0,0,0,1,2,45,1,1,2,1,0,0,1,62,1,1,1,69,1,0
17,170698,1,1,1,8,10,19,3,1,0,1,0,17,1,72,706,72706,80,1991,1HD1BKL11MY0,1,H,D,1,B,K,L,1,1,M,Y,0,0,M,HD,XTC,RS,91,17,,,,,,,1340,0,0,000000000,00000000000,0,0,0,1,0,0,0,0,0,0,0,998,0,0,0,0,0,6,2,1,0,0,0,1,17,62216,6,1,6,0,2,0,71,190,0,0,0,1,0,3,2010,3,2010,1,0,0,0,0,1,2,55,1,1,2,1,0,0,1,6,1,1,4,1,1,1
17,170699,1,1,1,8,10,5,35,34,0,1,0,17,1,20,481,20481,31,1997,1GBEC19R6VE1,1,G,B,E,C,1,9,R,6,V,E,1,0,T,CHEV,GC1,PC,97,17,,2,1555,1415,GM4,G,,0,0,000000000,00000000000,0,0,0,1,0,0,0,0,0,0,0,998,0,1,5,14,98,6,2,1,0,0,0,1,17,62922,3,1,6,0,2,3,68,170,0,0,0,0,0,0,0,0,0,0,4,0,0,0,1,2,55,4,1,2,1,0,0,14,12,1,1,4,6,1,0
17,170700,1,2,2,15,10,16,0,12,6,1,0,17,2,20,22,20022,2,2006,1G1AL18F1676,1,G,1,A,L,1,8,F,1,6,7,6,0,P,CHEV,BLT,CP,6,17,2991,,0,1033,,G,,0,0,000000000,00000000000,0,0,0,1,0,0,0,0,0,0,0,998,0,0,0,82,98,6,2,12,0,0,0,1,17,62243,6,1,0,0,3,0,73,155,0,0,0,0,0,0,0,0,0,0,38,0,0,0,2,2,45,4,1,2,1,3,3,11,54,1,1,2,68,1,0
17,170700,2,2,1,15,10,16,0,12,6,1,0,17,1,12,423,12423,15,2002,1FMNU41S62ED,1,F,M,N,U,4,1,S,6,2,E,D,0,P,FORD,EXC,UT,2,17,7011,,0,1371,,G,,0,0,000000000,00000000000,0,0,0,1,0,0,0,0,0,0,0,998,0,0,0,12,98,6,2,12,0,0,0,1,17,62837,6,1,0,0,3,3,69,245,0,0,0,1,0,5,2010,5,2010,0,0,0,0,0,2,2,55,4,1,1,1,3,3,14,62,1,1,1,69,0,0
17,170701,1,1,1,25,10,10,35,9,0,1,0,17,1,18,23,18023,4,2008,1G4HD57238U1,1,G,4,H,D,5,7,2,3,8,U,1,0,P,BUIC,UXL,4D,8,17,3792,,0,1156,,G,,0,0,000000000,00000000000,0,0,0,1,0,0,0,0,0,0,0,998,0,0,0,82,98,2,1,9,0,0,0,1,17,60148,6,1,0,0,3,3,72,175,0,0,0,0,0,0,0,0,0,0,0,0,0,0,1,2,30,1,1,2,1,0,0,1,66,1,1,1,13,0,0
17,170703,1,1,2,24,10,4,21,11,0,1,0,17,2,35,32,35032,2,1995,JN1AS44D7SW0,J,N,1,A,S,4,4,D,7,S,W,0,0,P,NISS,2/S,CP,95,17,2659,,0,994,,G,,0,0,000000000,00000000000,0,0,0,1,0,0,0,0,0,0,0,998,0,0,0,12,12,6,2,42,0,0,0,1,17,60074,3,1,0,0,2,0,72,174,0,0,0,0,1,6,2009,6,2009,0,28,0,0,0,1,2,50,1,1,2,2,0,0,1,87,6,1,2,13,1,1
17,170704,1,1,1,18,8,13,40,8,0,1,0,17,1,18,7,18007,4,1989,1G4AL51N5K64,1,G,4,A,L,5,1,N,5,K,6,4,0,P,BUIC,CLM,4D,89,17,2704,,0,1049,,G,,0,0,000000000,00000000000,0,0,0,1,0,0,0,0,0,0,0,998,0,0,0,12,12,6,2,8,0,0,0,1,17,60804,6,1,0,0,3,3,71,160,0,0,0,0,0,0,0,0,0,0,39,52,0,0,1,2,30,1,1,2,1,20,3,10,80,1,1,1,13,0,0
17,170705,1,1,1,26,10,20,17,34,0,1,0,17,1,55,35,55035,4,2008,KMHDU46D08U4,K,M,H,D,U,4,6,D,0,8,U,4,0,P,HYUN,GST,4D,8,17,2723,,0,1043,,G,,0,0,000000000,00000000000,0,0,0,1,0,0,0,0,0,0,0,998,0,0,0,12,98,6,2,30,0,0,0,1,17,60041,6,1,0,0,3,3,68,150,0,0,0,0,0,0,0,0,0,1,0,0,0,0,1,2,50,1,1,2,1,0,0,1,6,6,2,4,7,1,1
17,170707,1,1,3,28,10,5,6,34,0,1,0,17,1,12,3,12003,2,2002,1FAFP42X52F2,1,F,A,F,P,4,2,X,5,2,F,2,0,P,FORD,MGT,CP,2,17,3241,,0,1013,,G,,0,0,000000000,00000000000,0,0,0,1,0,0,0,0,0,0,0,998,0,1,5,12,98,6,2,1,0,0,0,1,17,60423,6,1,0,0,3,0,72,165,0,0,0,1,0,11,2008,11,2008,1,52,0,0,0,1,2,55,1,2,2,1,0,0,1,6,1,1,4,1,1,0
17,170708,1,2,1,3,11,5,39,12,6,1,0,16,1,82,883,82883,66,2004,1FUJA6CK84PM,1,F,U,J,A,6,C,K,8,4,P,M,1,T,FRHT,COL,DS,4,17,,8,0,0,CON,D,,1,57,1828205,571828205,3,6,9,1,0,0,0,0,0,0,0,998,0,0,0,12,98,6,2,12,0,0,0,1,18,46528,6,1,6,0,3,0,74,240,0,0,0,1,0,6,2010,6,2010,1,39,0,0,0,2,2,65,1,1,2,1,3,3,1,55,1,1,1,88,0,0
17,170708,2,2,1,3,11,5,39,12,6,1,0,18,2,6,51,6051,4,2005,999999999999,9,9,9,9,9,9,9,9,9,9,9,9,0,U,,,,9,17,,,,,,,,0,0,000000000,00000000000,0,0,0,1,0,0,0,0,0,0,0,998,0,0,0,61,98,6,2,12,0,0,0,1,18,46373,6,1,0,0,3,3,63,180,0,2,1,1,1,5,2009,8,2010,0,0,0,0,0,2,2,65,1,1,2,1,3,3,1,66,1,1,1,89,1,0
17,170709,1,1,1,24,9,19,45,8,0,1,0,17,1,20,461,20461,21,2003,1GCHG35U6311,1,G,C,H,G,3,5,U,6,3,1,1,0,T,CHEV,E35,CG,3,17,,2,0,1350,EXP,G,,0,0,000000000,00000000000,0,0,0,1,0,0,0,0,0,0,0,998,0,0,0,12,98,6,2,8,0,0,0,1,17,60073,6,1,0,0,3,3,69,165,0,0,0,0,0,0,0,0,0,0,0,0,0,0,1,2,35,1,1,2,1,0,0,1,80,1,1,1,13,0,0
17,170710,1,1,1,4,10,1,30,42,0,1,0,17,1,52,401,52401,14,1995,JA4MR41H9SJ0,J,A,4,M,R,4,1,H,9,S,J,0,0,P,MITS,MON,UT,95,17,4275,,0,1073,,G,,0,0,000000000,00000000000,0,0,0,1,0,0,0,0,0,0,0,998,0,1,5,12,98,6,2,1,0,0,0,1,17,62851,6,1,0,0,3,3,68,235,0,0,0,3,0,1,2009,7,2010,0,0,0,0,0,1,2,55,1,2,2,1,0,0,1,12,1,1,4,6,1,1
17,170711,1,1,1,31,10,18,28,8,0,1,1,17,1,20,481,20481,31,1999,1GBGC34R7XR7,1,G,B,G,C,3,4,R,7,X,R,7,0,T,CHEV,GC3,CB,99,17,,2,1595,1315,GM4,G,,0,0,000000000,00000000000,0,0,0,1,0,0,0,0,0,0,0,998,0,0,0,12,98,2,1,8,0,0,0,1,99,99999,9,9,99,9,9,9,999,999,99,99,99,99,99,99,9999,99,9999,9,99,99,99,99,1,2,30,1,1,2,1,0,0,1,80,99,9,9,13,0,0
17,170712,1,2,2,1,11,12,25,12,2,1,0,29,3,7,462,7462,21,2005,WDYPD1440558,W,D,Y,P,D,1,4,4,0,5,5,8,0,T,FRHT,SPR,VN,5,17,,2,0,1180,SPR,D,,0,57,771623,57771623,2,20,22,1,0,0,0,0,0,0,0,998,0,1,5,12,98,6,2,12,0,0,0,1,17,62294,6,1,6,0,3,3,70,165,0,0,0,0,1,4,2008,4,2008,0,34,35,0,0,1,2,55,2,1,2,1,0,0,6,54,6,1,2,50,1,0
17,170712,2,2,1,1,11,12,25,12,2,1,0,17,3,84,881,84881,66,2005,2HSCNAPR25C1,2,H,S,C,N,A,P,R,2,5,C,1,1,T,INTL,94I,DS,5,17,,8,0,0,940,D,,3,57,94156,5794156,3,6,3,2,2,1005,6,2,0,0,0,998,0,1,5,12,98,6,2,2,0,0,1,1,17,62467,6,1,6,1,3,0,68,200,0,0,0,0,0,0,0,0,0,0,0,0,0,0,1,2,55,3,1,2,1,0,0,14,62,1,1,1,51,1,0
17,170713,1,1,2,1,10,0,5,23,0,1,0,17,2,20,2,20002,4,2004,2G1WH52K8494,2,G,1,W,H,5,2,K,8,4,9,4,0,P,CHEV,IPL,4D,4,17,3466,,0,1105,,G,,0,0,000000000,00000000000,0,0,0,1,0,0,0,0,0,0,0,998,0,1,5,82,98,6,2,1,0,0,0,1,17,61880,2,1,0,0,2,0,62,150,0,1,0,0,0,11,2007,11,2007,1,0,0,0,0,1,2,55,1,1,2,1,0,0,1,13,1,1,4,1,1,1
17,170714,1,3,1,21,10,14,22,12,1,1,0,29,1,20,2,20002,4,1986,1G1BL69H2GY1,1,G,1,B,L,6,9,H,2,G,Y,1,0,P,CHEV,CAP,4D,86,17,3423,,0,1160,,G,,0,0,000000000,00000000000,0,0,0,1,0,0,0,0,0,0,0,998,0,0,0,12,98,6,2,12,0,0,0,1,29,63088,6,1,0,0,3,0,72,160,0,0,0,0,0,0,0,0,0,1,26,0,0,0,6,1,65,1,2,1,1,0,0,1,51,1,1,1,20,1,0