STATE,ST_CASE,VEH_NO,VE_FORMS,NUMOCCS,DAY,MONTH,HOUR,MINUTE,HARM_EV,MAN_COLL,UNITTYPE,HIT_RUN,REG_STAT,OWNER,MAKE,MODEL,MAK_MOD,BODY_TYP,MOD_YEAR,VIN,VIN_1,VIN_2,VIN_3,VIN_4,VIN_5,VIN_6,VIN_7,VIN_8,VIN_9,VIN_10,VIN_11,VIN_12,TOW_VEH,VINTYPE,VINMAKE,VINA_MOD,VIN_BT,VINMODYR,VIN_LNGT,VIN_WGT,WGTCD_TR,WHLBS_LG,WHLBS_SH,SER_TR,FUELCODE,MCYCL_DS,J_KNIFE,MCARR_I1,MCARR_I2,MCARR_ID,GVWR,V_CONFIG,CARGO_BT,HAZ_INV,HAZ_PLAC,HAZ_ID,HAZ_CNO,HAZ_REL,BUS_USE,SPEC_USE,EMER_USE,TRAV_SP,UNDERIDE,ROLLOVER,ROLINLOC,IMPACT1,IMPACT2,DEFORMED,TOWED,M_HARM,VEH_SC1,VEH_SC2,FIRE_EXP,DR_PRES,L_STATE,DR_ZIP,L_STATUS,L_TYPE,CDL_STAT,L_ENDORS,L_COMPL,L_RESTRI,DR_HGT,DR_WGT,PREV_ACC,PREV_SUS,PREV_DWI,PREV_SPD,PREV_OTH,FIRST_MO,FIRST_YR,LAST_MO,LAST_YR,SPEEDREL,DR_SF1,DR_SF2,DR_SF3,DR_SF4,VTRAFWAY,VNUM_LAN,VSPD_LIM,VALIGN,VPROFILE,VPAVETYP,VSURCOND,VTRAFCON,VTCONT_F,P_CRASH1,P_CRASH2,P_CRASH3,PCRASH4,PCRASH5,ACC_TYPE,DEATHS,DR_DRINK
17,170714,2,3,1,21,10,14,22,12,1,1,0,17,2,35,47,35047,4,2008,1N4AL21E88N5,1,N,4,A,L,2,1,E,8,8,N,5,0,P,NISS,ATS,4D,8,17,3028,,0,1093,,G,,0,0,000000000,00000000000,0,0,0,1,0,0,0,0,0,0,0,0,0,1,5,6,98,6,2,1,0,0,0,1,17,62704,0,0,0,0,0,0,999,999,99,99,99,99,99,99,9999,99,9999,1,0,0,0,0,6,1,65,1,2,1,1,0,0,5,53,1,1,1,21,0,0
17,170714,3,3,1,21,10,14,22,12,1,1,0,17,3,82,883,82883,66,2004,1FUJA6CKX4DN,1,F,U,J,A,6,C,K,X,4,D,N,2,T,FRHT,COL,DS,4,17,,8,0,0,CON,D,,1,57,996517,57996517,3,7,2,1,0,0,0,0,0,0,0,0,0,0,0,6,98,2,1,12,0,0,0,1,17,60490,6,1,6,0,3,3,71,140,0,0,0,0,1,5,2010,5,2010,1,0,0,0,0,6,1,65,1,2,1,1,20,3,5,53,1,1,1,98,0,0
17,170715,1,1,1,4,10,17,43,33,0,1,0,17,2,20,2,20002,4,1991,1G1BN53E0MW1,1,G,1,B,N,5,3,E,0,M,W,1,0,P,CHEV,CLL,4D,91,17,3685,,0,1159,,G,,0,0,000000000,00000000000,0,0,0,1,0,0,0,0,0,0,0,998,0,0,0,14,98,6,2,3,0,0,0,1,17,62521,1,1,0,0,2,0,66,145,0,2,0,1,4,7,2009,7,2010,1,0,0,0,0,2,2,40,1,2,2,1,0,0,6,12,1,1,4,6,1,0
17,170716,1,2,2,30,10,18,35,12,6,1,0,17,2,7,442,7442,20,2000,2B4GP2534YR8,2,B,4,G,P,2,5,3,4,Y,R,8,0,P,DODG,CAR,SV,0,17,3432,,0,1133,,G,,0,0,000000000,00000000000,0,0,0,1,0,0,0,0,0,0,0,998,0,0,0,81,98,6,2,12,0,0,0,1,17,62034,6,1,0,0,3,0,64,189,0,0,0,0,0,0,0,0,0,0,38,0,0,0,1,2,45,1,1,2,1,3,3,11,55,1,1,2,68,1,0
17,170716,2,2,1,30,10,18,35,12,6,1,0,17,1,20,421,20421,15,2003,1GNEK13Z13J1,1,G,N,E,K,1,3,Z,1,3,J,1,0,P,CHEV,KTA,UT,3,17,5050,,0,1160,,F,,0,0,000000000,00000000000,0,0,0,1,0,0,0,0,0,0,0,998,0,0,0,12,98,6,2,12,0,0,0,1,17,62025,6,1,0,0,3,0,71,240,0,0,0,0,0,0,0,0,0,0,0,0,0,0,1,2,45,1,1,2,1,3,3,1,66,1,1,1,69,0,0
17,170718,1,1,2,6,11,23,32,33,0,1,0,17,1,7,20,7020,4,2002,1B3ES26C62D5,1,B,3,E,S,2,6,C,6,2,D,5,0,P,DODG,NEO,4D,2,17,2604,,0,1050,,G,,0,0,000000000,00000000000,0,0,0,1,0,0,0,0,0,0,0,998,0,0,0,14,98,6,2,19,0,0,0,1,17,62040,6,1,0,0,3,0,71,175,0,0,0,0,0,0,0,0,0,0,0,0,0,0,1,4,30,1,1,2,1,0,0,1,1,1,4,4,7,1,0
17,170719,1,2,2,1,11,14,42,12,2,1,0,17,1,13,12,13012,4,2000,1LNHM87A4YY8,1,L,N,H,M,8,7,A,4,Y,Y,8,0,P,LINC,LLS,4D,0,17,3692,,0,1145,,G,,0,0,000000000,00000000000,0,0,0,1,0,0,0,0,0,0,0,998,0,0,0,12,98,6,2,12,0,0,0,1,17,62236,6,1,0,0,3,3,71,170,0,0,0,0,0,0,0,0,0,0,28,0,0,0,1,2,30,4,3,2,1,0,0,14,62,1,1,2,50,1,0
17,170719,2,2,1,1,11,14,42,12,2,1,0,17,1,7,482,7482,31,1998,1B7HF16Z9WS7,1,B,7,H,F,1,6,Z,9,W,S,7,0,T,DODG,150,PK,98,17,,2,1347,1187,RPC,G,,0,0,000000000,00000000000,0,0,0,1,0,0,0,0,0,0,0,998,0,0,0,12,98,6,2,12,0,0,0,1,17,62236,6,1,0,0,3,3,69,135,0,0,0,0,0,0,0,0,0,0,28,0,0,0,1,2,30,4,3,2,1,0,0,14,62,1,1,2,51,0,0
17,170720,1,2,4,3,11,6,18,12,2,1,0,27,3,20,481,20481,31,2010,1GC4KVB66AF1,1,G,C,4,K,V,B,6,6,A,F,1,0,T,CHEV,2KH,CW,10,17,,2,1670,1530,SIL,D,,0,0,000000000,00000000000,0,0,0,1,0,0,0,0,0,0,0,998,0,0,0,12,98,6,2,12,0,0,0,1,27,55076,6,1,0,0,3,0,66,140,0,0,0,0,0,0,0,0,0,0,28,52,0,0,1,2,55,1,1,2,1,0,0,15,54,1,1,2,50,1,0
17,170720,2,2,1,3,11,6,18,12,2,1,0,18,3,86,881,86881,66,1996,1M2AA13Y2TW0,1,M,2,A,A,1,3,Y,2,T,W,0,1,T,MACK,CH6,DS,96,17,,8,0,0,600,D,,1,57,137974,57137974,3,6,3,2,2,1202,3,2,0,0,0,998,0,0,0,12,98,6,2,12,0,0,0,1,18,47842,6,1,6,1,3,0,69,180,0,0,0,0,0,0,0,0,0,0,0,0,0,0,1,2,55,1,1,2,1,0,0,1,62,7,1,2,51,0,0
17,170721,1,1,1,5,11,0,5,25,0,1,0,17,1,6,54,6054,6,2007,2A8GM68X67R2,2,A,8,G,M,6,8,X,6,7,R,2,0,P,CHRY,PIF,UT,7,17,4388,,0,1163,,G,,0,0,000000000,00000000000,0,0,0,1,0,0,0,0,0,0,0,998,0,0,0,12,98,6,2,25,0,0,0,1,17,60625,6,1,0,0,3,3,67,190,0,0,0,0,0,0,0,0,0,1,0,0,0,0,3,4,65,1,1,1,1,0,0,1,6,7,4,4,7,1,1
17,170722,1,1,2,31,10,23,20,1,0,1,0,17,1,13,2,13002,2,1998,1LNFM92V0WY6,1,L,N,F,M,9,2,V,0,W,Y,6,0,P,LINC,ML8,CP,98,17,3785,,0,1130,,G,,0,0,000000000,00000000000,0,0,0,1,0,0,0,0,0,0,0,998,0,1,1,0,98,6,2,1,0,0,0,1,17,60620,6,1,0,0,3,0,73,200,0,0,0,1,1,10,2007,2,2008,1,0,0,0,0,2,2,65,1,1,1,1,0,0,1,98,6,4,2,98,1,1
17,170723,1,3,2,2,11,15,40,12,6,1,0,17,1,6,441,6441,20,2005,2C4GP54L85R1,2,C,4,G,P,5,4,L,8,5,R,1,0,P,CHRY,TWC,SV,5,17,4256,,0,1193,,G,,0,0,000000000,00000000000,0,0,0,1,0,0,0,0,0,0,0,998,0,0,0,61,98,6,2,12,0,0,0,1,17,60438,6,1,0,0,3,3,64,180,0,0,0,0,0,0,0,0,0,0,38,39,0,0,1,2,55,4,1,2,1,20,3,11,55,1,1,2,82,1,0
17,170723,2,3,1,2,11,15,40,12,6,1,0,17,3,85,881,85881,62,2001,2NKMHD6X11M8,2,N,K,M,H,D,6,X,1,1,M,8,0,T,KW,T30,CC,1,17,,6,2800,1450,CON,D,,0,57,1316970,571316970,2,2,2,1,0,0,0,0,0,0,0,998,0,0,0,12,98,6,2,12,0,0,0,1,17,60101,6,1,6,0,3,0,83,220,0,0,0,0,0,0,0,0,0,0,0,0,0,0,1,2,55,1,1,2,1,0,0,1,66,1,1,1,83,0,0
17,170723,3,3,1,2,11,15,40,12,6,1,0,17,3,51,881,51881,66,2007,4V4M19GF17N4,4,V,4,M,1,9,G,F,1,7,N,4,1,T,VOLV,VNM,DS,7,17,,7,0,0,VVN,D,,1,57,71821,5771821,3,6,2,1,0,0,0,0,0,0,0,998,0,0,0,63,98,6,2,12,0,0,0,1,17,60914,6,1,6,0,3,3,69,190,0,0,0,0,0,0,0,0,0,0,0,0,0,0,1,2,55,1,1,2,1,0,0,1,62,7,1,2,98,0,0
17,170724,1,3,1,8,11,11,36,12,6,1,0,17,2,12,471,12471,30,1999,1FTZR15V1XPA,1,F,T,Z,R,1,5,V,1,X,P,A,0,T,FORD,RNS,PS,99,17,,1,0,1259,RNG,F,,0,0,000000000,00000000000,0,0,0,1,0,0,0,0,0,0,0,998,0,0,0,82,98,6,2,12,0,0,0,1,17,61614,6,1,0,0,3,0,69,200,0,0,0,1,0,3,2008,3,2008,1,28,0,0,0,5,4,50,4,1,2,1,0,0,14,87,6,1,2,64,0,0
17,170724,2,3,1,8,11,11,36,12,6,1,0,17,2,20,16,20016,2,1998,1G1JF12T8W71,1,G,1,J,F,1,2,T,8,W,7,1,0,P,CHEV,CZ2,CP,98,17,2749,,0,1041,,G,,0,0,000000000,00000000000,0,0,0,1,0,0,0,0,0,0,0,998,0,0,0,81,98,6,2,12,0,0,0,1,17,61604,6,1,0,0,3,0,76,210,0,0,0,0,0,0,0,0,0,0,0,0,0,0,5,4,50,4,1,2,1,0,0,14,62,6,1,2,65,1,0
17,170724,3,3,1,8,11,11,36,12,6,1,0,17,1,35,39,35039,4,2007,1N4BA41E77C8,1,N,4,B,A,4,1,E,7,7,C,8,0,P,NISS,MEL,4D,7,17,3474,,0,1112,,G,,0,0,000000000,00000000000,0,0,0,1,0,0,0,0,0,0,0,998,0,0,0,13,98,6,2,12,0,0,0,1,17,61614,6,1,0,0,3,0,67,150,0,0,0,2,0,2,2009,6,2009,0,0,0,0,0,5,4,50,4,1,2,1,0,0,14,62,1,1,1,98,0,0
17,170725,1,2,1,7,11,2,1,12,2,1,0,17,2,20,481,20481,31,2003,2GCEK19T9311,2,G,C,E,K,1,9,T,9,3,1,1,0,T,CHEV,SK1,4C,3,17,,2,1575,1435,SIL,G,,0,0,000000000,00000000000,0,0,0,1,0,0,0,0,0,0,0,998,0,0,0,12,98,6,2,12,0,0,0,1,17,62284,6,1,0,0,3,0,67,165,0,0,0,0,0,0,0,0,0,0,28,0,0,0,1,2,45,1,1,2,1,0,0,1,13,6,1,6,50,0,1
17,170725,2,2,1,7,11,2,1,12,2,1,0,17,2,7,43,7043,4,2006,1B3EL46X36N1,1,B,3,E,L,4,6,X,3,6,N,1,0,P,DODG,SRX,4D,6,17,3106,,0,1080,,G,,0,0,000000000,00000000000,0,0,0,1,0,0,0,0,0,0,0,998,0,0,0,12,98,6,2,12,0,0,0,1,17,62246,6,1,0,0,3,0,72,270,0,0,0,1,0,10,2010,10,2010,0,0,0,0,0,1,2,45,1,1,2,1,0,0,1,62,1,1,1,51,1,0
17,170728,1,1,1,5,11,1,16,25,0,1,0,17,2,49,42,49042,2,1992,JT2EL45F2N00,J,T,2,E,L,4,5,F,2,N,0,0,0,P,TOYT,PAS,CP,92,17,2070,,0,937,,G,,0,0,000000000,00000000000,0,0,0,1,0,0,0,0,0,0,0,998,0,0,0,62,98,6,2,25,0,0,0,1,17,60559,6,1,0,0,3,3,67,180,0,0,0,0,0,0,0,0,0,1,0,0,0,0,3,3,65,1,1,1,2,0,0,1,12,1,1,2,6,1,1
17,170729,1,1,3,11,11,6,40,8,0,1,0,18,1,7,482,7482,31,2006,3D7KS29C56G1,3,D,7,K,S,2,9,C,5,6,G,1,0,T,DODG,ME2,CW,6,17,,2,0,1605,RPC,D,,0,0,000000000,00000000000,0,0,0,1,0,0,0,0,0,0,0,998,0,0,0,12,98,6,2,8,0,0,0,1,18,46151,6,2,0,0,3,0,69,155,0,0,0,0,1,6,2008,6,2008,0,0,0,0,0,1,4,55,1,1,2,1,0,0,1,80,6,1,2,13,0,0
17,170730,1,1,1,13,11,7,5,14,0,1,0,31,3,82,883,82883,66,2009,1FUJA6CV89DA,1,F,U,J,A,6,C,V,8,9,D,A,1,T,FRHT,COL,DS,9,17,,8,0,0,CON,D,,3,57,53467,5753467,3,6,2,1,0,0,0,0,0,0,0,998,0,0,0,82,98,6,2,8,0,0,0,1,29,63368,6,1,6,0,3,3,72,280,0,0,0,2,0,3,2009,7,2009,0,28,0,0,0,2,2,65,1,1,1,1,0,0,1,13,6,1,4,1,0,0
17,170731,1,1,1,15,9,19,13,8,0,1,0,17,1,22,20,22020,4,2001,1G2WK52J71F1,1,G,2,W,K,5,2,J,7,1,F,1,0,P,PONT,GFS,4D,1,17,3384,,0,1105,,G,,0,0,000000000,00000000000,0,0,0,1,0,0,0,0,0,0,0,998,0,0,0,12,98,4,3,8,0,0,0,1,17,60432,6,1,0,0,3,0,69,200,0,0,0,3,0,7,2008,6,2010,0,0,0,0,0,1,2,30,1,1,2,1,0,0,15,80,1,1,2,13,0,0
17,170732,1,1,1,5,11,22,34,8,0,1,0,17,1,14,401,14401,14,1998,4M2ZU55P6WUJ,4,M,2,Z,U,5,5,P,6,W,U,J,0,P,MERC,MOU,UT,98,17,4374,,0,1120,,G,,0,0,000000000,00000000000,0,0,0,1,0,0,0,0,0,0,0,998,0,0,0,12,98,2,1,8,0,0,0,1,17,62231,6,1,0,0,3,3,75,155,0,0,0,0,0,0,0,0,0,0,0,0,0,0,1,2,55,4,3,2,1,0,0,14,80,1,1,1,13,0,0
17,170733,1,1,1,13,11,16,41,8,0,1,0,17,1,87,881,87881,66,2005,1XP5DB9X05D8,1,X,P,5,D,B,9,X,0,5,D,8,1,T,PTRB,379,DS,5,17,,8,0,0,CON,D,,1,57,241572,57241572,3,6,2,1,0,0,0,0,0,0,0,998,0,0,0,12,98,2,1,8,0,0,0,1,18,46375,6,1,6,0,3,0,72,180,0,0,0,0,0,0,0,0,0,0,0,0,0,0,2,2,65,1,1,1,1,0,0,1,80,6,1,1,13,0,0
17,170734,1,2,1,14,9,13,4,12,8,1,0,17,1,12,17,12017,4,2003,1FAFP55U93A2,1,F,A,F,P,5,5,U,9,3,A,2,0,P,FORD,TSS,4D,3,17,3329,,0,1085,,G,,0,0,000000000,00000000000,0,0,0,1,0,0,0,0,0,0,0,998,0,0,0,61,98,6,2,12,0,0,0,1,17,60051,6,1,0,0,3,3,70,240,0,0,0,0,0,0,0,0,0,0,28,0,0,0,1,2,55,1,1,2,1,0,0,1,54,1,1,2,64,1,1
17,170734,2,2,1,14,9,13,4,12,8,1,0,17,1,85,881,85881,66,2001,1XKWD49X21J8,1,X,K,W,D,4,9,X,2,1,J,8,1,T,KW,W90,DS,1,17,,8,2850,1600,CON,D,,1,17,144591,17144591,3,6,4,1,0,0,0,0,0,0,0,998,0,0,0,61,98,6,2,12,0,0,0,1,17,60014,6,1,6,0,3,0,66,160,0,0,0,1,1,8,2009,9,2010,0,0,0,0,0,1,2,55,1,1,2,1,0,0,1,62,7,1,2,65,0,0
17,170735,1,1,2,13,8,0,30,5,0,1,0,17,1,76,706,76706,80,2005,JYARN13E55A0,J,Y,A,R,N,1,3,E,5,5,A,0,0,M,YAMA,YFR,RS,5,17,,,,,,,998,0,0,000000000,00000000000,0,0,0,1,0,0,0,0,0,0,0,998,0,0,0,0,98,6,2,5,0,0,0,1,17,61701,6,1,0,0,3,3,70,140,0,0,0,1,0,7,2009,7,2009,0,26,0,0,0,1,4,55,1,1,2,1,0,0,1,98,3,7,2,0,1,0
17,170736,1,1,1,9,10,15,34,1,0,1,0,17,2,72,706,72706,80,2003,1HD1FCW143Y6,1,H,D,1,F,C,W,1,4,3,Y,6,0,M,HD,FLU,RS,3,17,,,,,,,1450,0,0,000000000,00000000000,0,0,0,1,0,0,0,0,0,0,0,998,0,0,0,0,98,6,2,1,0,0,0,1,17,61604,6,1,0,0,3,0,67,220,0,0,0,0,0,0,0,0,0,1,28,0,0,0,1,2,40,3,1,2,1,0,0,14,98,6,1,4,98,1,0
17,170737,1,2,2,15,11,0,5,12,2,1,0,17,1,12,3,12003,2,2001,1FAFP40461F1,1,F,A,F,P,4,0,4,6,1,F,1,0,P,FORD,MUS,CP,1,17,3066,,0,1013,,G,,0,0,000000000,00000000000,0,0,0,1,0,0,0,0,0,0,0,52,0,0,0,12,98,6,2,12,0,0,0,1,17,60089,6,1,0,0,3,0,65,160,0,0,0,1,0,7,2008,7,2008,0,28,0,0,0,1,2,40,1,4,2,2,0,0,15,54,1,1,2,50,1,1
17,170737,2,2,2,15,11,0,5,12,2,1,0,17,1,12,401,12401,14,1998,1FMYU24E4WUD,1,F,M,Y,U,2,4,E,4,W,U,D,0,P,FORD,EPR,UT,98,17,3919,,0,1017,,G,,0,0,000000000,00000000000,0,0,0,1,0,0,0,0,0,0,0,998,0,0,0,12,98,6,2,12,0,0,0,1,17,60133,6,1,0,0,3,0,62,95,0,0,0,0,0,0,0,0,0,0,0,0,0,0,1,2,40,1,4,2,2,0,0,1,62,1,1,1,51,0,0
17,170738,1,1,1,9,11,21,39,8,0,1,0,31,3,82,883,82883,66,2007,1FUJAPCK47DX,1,F,U,J,A,P,C,K,4,7,D,X,1,T,FRHT,FL3,DS,7,17,,8,0,0,CON,D,,1,57,320526,57320526,3,6,2,1,0,0,0,0,0,0,0,45,0,0,0,12,98,2,3,8,0,0,0,1,17,61111,6,1,6,0,3,0,71,240,0,0,0,1,0,1,2008,1,2008,0,0,0,0,0,2,3,45,1,4,2,1,0,0,1,80,9,1,2,13,0,0
17,170739,1,1,2,6,11,4,38,35,0,1,0,17,2,49,40,49040,4,1999,4T1BG22K1XU6,4,T,1,B,G,2,2,K,1,X,U,6,0,P,TOYT,UEX,4D,99,17,2998,,0,1051,,G,,0,0,000000000,00000000000,0,0,0,1,0,0,0,0,0,0,0,998,0,1,4,12,98,6,2,1,0,0,0,1,17,60169,6,1,0,0,3,3,67,130,0,0,0,1,0,8,2009,8,2009,0,0,0,0,0,6,2,45,2,1,1,1,0,0,14,12,1,1,4,6,1,1
17,170740,1,2,1,25,10,22,55,12,6,1,0,17,1,22,2,22002,4,1993,1G2HX53L2P12,1,G,2,H,X,5,3,L,2,P,1,2,0,P,PONT,BVS,4D,93,17,0,,0,1108,,G,,0,0,000000000,00000000000,0,0,0,1,0,0,0,0,0,0,0,998,0,0,0,12,12,6,2,12,0,0,0,1,17,60085,6,1,0,0,3,0,72,170,1,0,0,0,0,11,2008,11,2008,1,38,0,0,0,3,2,30,1,1,2,1,3,3,1,17,1,1,1,88,1,0
17,170740,2,2,1,25,10,22,55,12,6,1,0,17,1,49,40,49040,4,2002,4T1BE32K42U5,4,T,1,B,E,3,2,K,4,2,U,5,0,P,TOYT,LXS,4D,2,17,3086,,0,1071,,G,,0,0,000000000,00000000000,0,0,0,1,0,0,0,0,0,0,0,998,0,0,0,7,98,2,1,12,0,0,0,1,17,60634,6,1,0,0,3,0,68,168,0,0,0,0,0,0,0,0,0,0,0,0,0,0,3,2,30,1,1,2,1,3,3,1,54,1,1,1,89,0,0
17,170742,1,1,2,11,11,4,13,42,0,1,0,17,2,12,17,12017,4,1996,1FALP52UXTG2,1,F,A,L,P,5,2,U,X,T,G,2,0,P,FORD,TAG,4D,96,17,3347,,0,1085,,G,,0,0,000000000,00000000000,0,0,0,1,0,0,0,0,0,0,0,71,0,0,0,81,98,6,2,42,0,0,0,1,17,60914,6,1,0,0,3,0,68,125,0,0,0,1,0,6,2010,6,2010,1,28,0,0,0,1,2,55,3,1,2,1,0,0,14,6,1,4,4,2,1,1
17,170743,1,2,1,12,11,14,17,12,2,1,0,17,1,7,472,7472,30,2000,1B7GL22X5YS7,1,B,7,G,L,2,2,X,5,Y,S,7,0,T,DODG,DAK,PC,0,17,,1,0,1309,DAK,G,,0,0,000000000,00000000000,0,0,0,1,0,0,0,0,0,0,0,998,0,0,0,12,98,6,2,12,0,0,0,1,17,62330,6,1,0,0,3,0,75,210,0,0,0,0,0,0,0,0,0,0,28,0,0,0,1,2,55,1,1,2,1,0,0,15,10,1,1,2,50,1,0
17,170743,2,2,1,12,11,14,17,12,2,1,0,17,3,82,881,82881,66,1996,1FUYDZYBXTP7,1,F,U,Y,D,Z,Y,B,X,T,P,7,1,T,FRHT,FLD,DS,96,17,,8,0,0,CON,D,,1,57,1556220,571556220,3,6,97,1,0,0,0,0,0,0,0,998,0,0,0,12,98,6,2,12,0,0,0,1,17,62321,6,1,6,0,3,0,73,210,0,0,0,0,0,0,0,0,0,0,0,0,0,0,1,2,55,2,2,2,1,0,0,14,62,1,1,1,51,0,0
17,170744,1,2,1,12,11,16,55,12,8,1,0,17,3,85,881,85881,66,1994,1XKDDB9X1RS6,1,X,K,D,D,B,9,X,1,R,S,6,1,T,KW,T80,DS,94,17,,8,0,1600,CON,D,,1,57,129545,57129545,3,6,3,1,0,0,0,0,0,0,0,998,0,0,0,61,61,2,1,12,0,0,0,1,17,61938,6,1,6,3,3,0,78,225,0,0,0,0,0,0,0,0,0,0,51,36,0,0,1,2,55,1,2,2,1,0,0,1,10,1,1,1,65,0,0
17,170744,2,2,1,12,11,16,55,12,8,1,0,17,1,12,471,12471,30,1994,1FTCR14X7RPC,1,F,T,C,R,1,4,X,7,R,P,C,0,T,FORD,RNS,PS,94,17,,1,0,1250,RNG,G,,0,0,000000000,00000000000,0,0,0,1,0,0,0,0,0,0,0,998,0,1,5,61,98,6,2,1,0,0,0,1,17,62441,6,1,0,0,3,0,66,170,0,0,0,1,0,12,2007,12,2007,0,0,0,0,0,1,2,55,2,2,2,1,0,0,14,54,1,1,1,64,1,0
17,170745,1,1,2,16,11,23,10,35,0,1,0,17,2,20,37,20037,4,2006,1G1ZT53836F2,1,G,1,Z,T,5,3,8,3,6,F,2,0,P,CHEV,MLT,4D,6,17,3316,,0,1063,,G,,0,0,000000000,00000000000,0,0,0,1,0,0,0,0,0,0,0,83,0,1,5,12,98,6,2,1,0,0,0,1,17,62298,6,1,0,0,3,3,64,150,0,0,0,1,0,9,2008,9,2008,0,0,0,0,0,1,2,55,1,1,2,1,0,0,1,13,1,1,4,1,1,1
17,170746,1,1,1,19,11,22,19,30,0,1,0,17,1,12,481,12481,31,2010,1FTSX2BR9AEA,1,F,T,S,X,2,B,R,9,A,E,A,0,T,FORD,F2S,4C,10,17,,2,1580,1418,SRW,D,,0,0,000000000,00000000000,0,0,0,1,0,0,0,0,0,0,0,998,0,1,5,12,98,6,2,1,0,0,0,1,17,62233,6,1,6,0,3,0,77,160,0,0,0,0,0,0,0,0,0,0,0,0,0,0,1,2,55,4,1,2,1,0,0,14,13,6,4,4,2,1,1
17,170747,1,2,1,10,9,20,15,12,6,1,0,17,1,23,481,23481,31,1998,1GTEC19M0WE5,1,G,T,E,C,1,9,M,0,W,E,5,0,T,GMC,SC1,PC,98,17,,2,1555,1415,SIE,G,,0,0,000000000,00000000000,0,0,0,1,0,0,0,0,0,0,0,998,0,0,0,12,98,6,2,12,0,0,0,1,17,60423,6,1,0,0,3,0,72,190,0,0,0,0,0,0,0,0,0,0,39,0,0,0,1,2,40,1,1,2,1,3,3,1,55,1,1,1,86,0,1
17,170747,2,2,1,10,9,20,15,12,6,1,0,17,1,22,18,22018,4,2000,1G2NW52E3YM8,1,G,2,N,W,5,2,E,3,Y,M,8,0,P,PONT,GAG,4D,0,17,3168,,0,1070,,G,,0,0,000000000,00000000000,0,0,0,1,0,0,0,0,0,0,0,998,0,0,0,82,98,6,2,12,0,0,0,1,17,60471,6,1,0,0,3,3,75,220,0,0,0,1,0,1,2009,1,2009,0,0,0,0,0,1,2,40,1,1,2,1,3,3,1,66,1,1,1,87,1,0
17,170748,1,1,1,16,9,20,24,8,0,1,0,17,2,52,47,52047,6,2008,JA4MT31X98Z0,J,A,4,M,T,3,1,X,9,8,Z,0,0,P,MITS,OUT,UT,8,17,3675,,0,1051,,G,,0,0,000000000,00000000000,0,0,0,1,0,0,0,0,0,0,0,998,0,0,0,12,98,2,1,8,0,0,0,1,17,60042,6,1,0,0,3,0,64,125,0,0,0,2,0,4,2010,9,2010,0,0,0,0,0,1,2,30,1,1,2,1,0,0,1,80,1,1,1,13,0,0
17,170749,1,1,1,25,9,2,35,5,0,1,0,17,2,72,706,72706,80,1998,1HD1BKL13WY0,1,H,D,1,B,K,L,1,3,W,Y,0,0,M,HD,XTC,RS,98,17,,,,,,,1340,0,0,000000000,00000000000,0,0,0,1,0,0,0,0,0,0,0,998,0,0,0,0,98,6,2,5,0,0,0,1,17,61603,6,1,0,0,3,0,70,195,0,0,0,0,0,0,0,0,0,0,0,0,0,0,1,2,55,1,3,2,1,0,0,1,98,3,4,2,0,1,1
17,170750,1,2,1,17,11,4,53,12,2,1,0,29,3,20,24,20024,6,2010,1GNLREED3AS1,1,G,N,L,R,E,E,D,3,A,S,1,0,P,CHEV,TRV,UT,10,17,4790,,0,1189,,G,,0,0,000000000,00000000000,0,0,0,1,0,0,0,0,0,0,0,998,0,0,0,12,98,6,2,2,0,0,1,1,29,63128,6,1,0,0,3,3,70,180,0,0,0,1,0,3,2008,3,2008,1,51,0,0,0,2,2,65,1,1,1,1,0,0,1,12,1,1,4,98,1,1
17,170750,2,2,2,17,11,4,53,12,2,1,0,18,3,84,881,84881,66,2009,2HSCUAPR49C6,2,H,S,C,U,A,P,R,4,9,C,6,1,T,INTL,PPR,DS,9,17,,8,0,0,PRO,D,,1,57,1471807,571471807,3,6,1,1,0,0,0,0,0,0,0,998,0,0,0,12,98,6,2,2,0,0,1,1,12,32680,6,1,6,3,3,0,66,999,0,0,0,0,0,0,0,0,0,0,0,0,0,0,2,2,65,1,1,1,1,0,0,1,78,6,1,4,98,1,0
17,170751,1,1,1,26,9,3,41,33,0,1,0,17,2,49,40,49040,4,2007,JTNBE46KX730,J,T,N,B,E,4,6,K,X,7,3,0,0,P,TOYT,CMB,4D,7,17,3108,,0,1093,,G,,0,0,000000000,00000000000,0,0,0,1,0,0,0,0,0,0,0,998,0,0,0,14,98,6,2,2,0,0,1,1,17,60628,6,1,0,0,3,0,70,190,0,0,0,0,1,7,2008,7,2008,1,0,0,0,0,1,1,30,4,1,1,1,0,0,14,12,1,1,4,6,1,1
17,170752,1,1,5,4,7,19,55,8,0,1,0,17,1,12,401,12401,14,2004,1FMZU62K84UA,1,F,M,Z,U,6,2,K,8,4,U,A,0,P,FORD,EPR,UT,4,17,4304,,0,1137,,F,,0,0,000000000,00000000000,0,0,0,1,0,0,0,0,0,0,0,998,0,0,0,6,98,6,2,8,0,0,0,1,17,60466,6,1,0,0,3,0,64,205,0,0,0,0,0,0,0,0,0,0,0,0,0,0,1,2,30,1,1,2,1,0,0,13,80,1,1,1,98,0,0