STATE,ST_CASE,VEH_NO,VE_FORMS,NUMOCCS,DAY,MONTH,HOUR,MINUTE,HARM_EV,MAN_COLL,UNITTYPE,HIT_RUN,REG_STAT,OWNER,MAKE,MODEL,MAK_MOD,BODY_TYP,MOD_YEAR,VIN,VIN_1,VIN_2,VIN_3,VIN_4,VIN_5,VIN_6,VIN_7,VIN_8,VIN_9,VIN_10,VIN_11,VIN_12,TOW_VEH,VINTYPE,VINMAKE,VINA_MOD,VIN_BT,VINMODYR,VIN_LNGT,VIN_WGT,WGTCD_TR,WHLBS_LG,WHLBS_SH,SER_TR,FUELCODE,MCYCL_DS,J_KNIFE,MCARR_I1,MCARR_I2,MCARR_ID,GVWR,V_CONFIG,CARGO_BT,HAZ_INV,HAZ_PLAC,HAZ_ID,HAZ_CNO,HAZ_REL,BUS_USE,SPEC_USE,EMER_USE,TRAV_SP,UNDERIDE,ROLLOVER,ROLINLOC,IMPACT1,IMPACT2,DEFORMED,TOWED,M_HARM,VEH_SC1,VEH_SC2,FIRE_EXP,DR_PRES,L_STATE,DR_ZIP,L_STATUS,L_TYPE,CDL_STAT,L_ENDORS,L_COMPL,L_RESTRI,DR_HGT,DR_WGT,PREV_ACC,PREV_SUS,PREV_DWI,PREV_SPD,PREV_OTH,FIRST_MO,FIRST_YR,LAST_MO,LAST_YR,SPEEDREL,DR_SF1,DR_SF2,DR_SF3,DR_SF4,VTRAFWAY,VNUM_LAN,VSPD_LIM,VALIGN,VPROFILE,VPAVETYP,VSURCOND,VTRAFCON,VTCONT_F,P_CRASH1,P_CRASH2,P_CRASH3,PCRASH4,PCRASH5,ACC_TYPE,DEATHS,DR_DRINK
17,170753,1,2,1,21,8,16,46,12,6,1,0,17,1,12,443,12443,20,2005,2FMZA52235BA,2,F,M,Z,A,5,2,2,3,5,B,A,0,P,FORD,FRE,SV,5,17,4275,,0,1208,,G,,0,0,000000000,00000000000,0,0,0,1,0,0,0,0,0,0,0,998,0,0,0,82,98,6,2,12,0,0,0,1,17,60073,6,1,0,0,3,3,72,198,0,0,0,0,0,0,0,0,0,0,38,48,0,0,1,2,35,1,1,2,1,0,0,11,54,1,1,1,68,0,0
17,170753,2,2,1,21,8,16,46,12,6,1,0,17,2,72,706,72706,80,1985,1HD1DDL16FY5,1,H,D,1,D,D,L,1,6,F,Y,5,0,M,HD,FHC,RS,85,17,,,,,,,1340,0,0,000000000,00000000000,0,0,0,1,0,0,0,0,0,0,0,998,0,0,0,12,98,6,2,12,0,0,0,1,17,60046,6,1,0,0,3,0,72,220,0,0,0,0,0,0,0,0,0,0,0,0,0,0,1,2,35,1,1,2,1,0,0,1,62,1,1,1,69,1,1
17,170754,1,1,3,6,11,10,48,34,0,1,0,17,9,2,403,2403,14,2003,1J4FA39S13P3,1,J,4,F,A,3,9,S,1,3,P,3,0,T,JEEP,WXC,2W,3,17,,1,0,934,WRA,G,,0,0,000000000,00000000000,0,0,0,1,0,0,0,0,0,0,0,998,0,1,5,6,98,6,2,1,0,0,0,1,17,60137,6,1,0,0,3,0,66,153,0,0,0,0,0,0,0,0,0,1,83,0,0,0,1,2,55,1,1,4,1,0,0,1,87,6,4,4,3,1,1
17,170755,1,2,1,15,11,13,12,12,6,1,0,17,1,24,1,24001,4,1996,1G8ZH5287TZ3,1,G,8,Z,H,5,2,8,7,T,Z,3,0,P,STRN,SL1,4D,96,17,2277,,0,1024,,G,,0,0,000000000,00000000000,0,0,0,1,0,0,0,0,0,0,0,998,0,0,0,62,98,6,2,12,0,0,0,1,17,62095,6,1,0,0,3,0,67,180,0,0,0,0,0,0,0,0,0,0,38,36,0,0,1,4,30,1,1,2,1,20,3,11,55,1,1,2,82,0,0
17,170755,2,2,1,15,11,13,12,12,6,1,0,17,1,76,706,76706,80,2009,JYAVN01E49A0,J,Y,A,V,N,0,1,E,4,9,A,0,0,M,YAMA,V95,RS,9,17,,,,,,,942,0,0,000000000,00000000000,0,0,0,1,0,0,0,0,0,0,0,998,0,0,0,12,98,6,2,12,0,0,0,1,17,62002,6,1,0,0,3,0,70,185,0,0,0,0,0,0,0,0,0,0,0,0,0,0,1,4,30,4,1,2,1,0,0,14,66,8,1,2,83,1,0
17,170756,1,1,1,12,11,6,19,39,0,1,0,17,1,7,472,7472,30,1998,1B7FL26P0WS7,1,B,7,F,L,2,6,P,0,W,S,7,0,T,DODG,DAK,PK,98,17,,1,1239,1119,DAK,G,,0,0,000000000,00000000000,0,0,0,1,0,0,0,0,0,0,0,998,0,0,0,12,98,6,2,39,0,0,0,1,17,62221,0,0,0,0,0,0,999,999,0,0,0,0,0,0,0,0,0,0,0,0,0,0,1,2,30,1,1,2,1,0,0,1,14,1,1,4,14,1,1
17,170757,1,1,1,5,11,18,20,8,0,1,1,99,9,99,999,99999,99,9999,999999999999,9,9,9,9,9,9,9,9,9,9,9,9,0,U,,,,9,17,,,,,,,,0,99,999999999,99999999999,9,99,99,1,0,0,0,0,99,99,9,998,0,0,0,12,98,9,9,8,99,99,0,1,99,99999,9,9,99,9,9,9,999,999,99,99,99,99,99,99,9999,99,9999,9,99,99,99,99,1,2,25,1,1,2,1,0,0,1,80,1,1,1,13,0,0
17,170758,1,1,1,26,10,1,39,35,0,1,0,17,1,22,20,22020,4,2006,2G2WP5525612,2,G,2,W,P,5,5,2,5,6,1,2,0,P,PONT,GRA,4D,6,17,3477,,0,1105,,G,,0,0,000000000,00000000000,0,0,0,1,0,0,0,0,0,0,0,89,0,1,5,14,98,6,2,1,0,0,0,1,17,61063,6,1,0,0,3,0,69,150,0,0,0,0,1,9,2008,9,2008,0,0,0,0,0,1,2,55,1,1,2,1,0,0,1,12,1,4,4,7,1,1
17,170759,1,1,1,30,9,9,17,9,0,1,0,17,1,30,421,30421,15,2004,WVGBC67LX4D0,W,V,G,B,C,6,7,L,X,4,D,0,0,P,VOLK,TOU,UT,4,17,4890,,0,1124,,G,,0,0,000000000,00000000000,0,0,0,1,0,0,0,0,0,0,0,998,0,0,0,62,98,6,2,9,0,0,0,1,17,60714,6,1,0,0,3,3,63,140,0,0,0,0,0,0,0,0,0,0,0,0,0,0,1,4,40,1,1,2,1,3,3,1,83,1,1,1,13,0,0
17,170760,1,1,1,30,9,17,49,5,0,1,0,17,1,76,706,76706,80,2007,JYAVP20E07A0,J,Y,A,V,P,2,0,E,0,7,A,0,0,M,YAMA,VMX,RS,7,17,,,,,,,1198,0,0,000000000,00000000000,0,0,0,1,0,0,0,0,0,0,0,998,0,0,0,0,98,6,2,5,0,0,0,1,17,60171,6,1,0,0,3,0,70,175,0,0,0,0,0,0,0,0,0,1,0,0,0,0,1,2,30,1,1,2,1,0,0,1,98,1,4,2,0,1,0
17,170761,1,2,1,18,11,6,25,12,2,1,0,17,2,22,16,22016,4,1993,1G2JC54H4P75,1,G,2,J,C,5,4,H,4,P,7,5,0,P,PONT,SLE,4D,93,17,0,,0,1013,,G,,0,0,000000000,00000000000,0,0,0,1,0,0,0,0,0,0,0,998,0,0,0,12,98,6,2,12,0,0,0,1,17,62912,1,1,0,0,2,0,67,200,0,0,0,1,4,7,2008,6,2010,0,27,51,0,0,1,2,55,1,1,2,1,0,0,6,54,1,1,2,50,1,0
17,170761,2,2,1,18,11,6,25,12,2,1,0,17,3,86,881,86881,66,2003,1M1AA18Y43W1,1,M,1,A,A,1,8,Y,4,3,W,1,1,T,MACK,CH6,DS,3,17,,8,0,0,600,D,,1,57,1457803,571457803,3,6,1,1,0,0,0,0,0,0,0,998,0,0,0,12,98,6,2,12,0,0,0,1,17,62242,6,1,6,0,3,0,71,140,0,0,0,0,0,0,0,0,0,0,0,0,0,0,1,2,55,1,1,2,1,0,0,1,62,7,1,2,51,0,0
17,170762,1,1,1,18,11,14,58,8,0,1,0,18,3,87,881,87881,63,2006,1XPFDU9X76N8,1,X,P,F,D,U,9,X,7,6,N,8,0,T,PTRB,378,DS,6,17,,8,0,0,CON,D,,0,57,1006035,571006035,3,2,4,1,0,0,0,0,0,0,0,998,0,0,0,63,98,2,1,8,0,0,0,1,29,63123,6,1,6,0,3,3,73,205,0,0,0,0,0,0,0,0,0,0,0,0,0,0,2,2,55,1,1,2,1,3,3,11,80,1,1,1,13,0,0
17,170763,1,2,1,15,8,19,49,9,0,1,1,17,9,55,33,55033,4,2007,5NPET46C87H2,5,N,P,E,T,4,6,C,8,7,H,2,0,P,HYUN,SGL,4D,7,17,3253,,0,1074,,G,,0,0,000000000,00000000000,0,0,0,1,0,0,0,0,0,0,0,998,0,0,0,12,98,6,2,9,99,99,0,1,99,99999,9,9,99,9,9,9,999,999,99,99,99,99,99,99,9999,99,9999,1,99,99,99,99,1,2,40,1,1,2,1,0,0,99,99,99,9,9,13,0,0
17,170763,2,2,2,15,8,19,49,9,0,1,0,17,2,6,51,6051,4,2005,2C3JA43R75H1,2,C,3,J,A,4,3,R,7,5,H,1,0,P,CHRY,C30,4D,5,17,3629,,0,1200,,G,,0,0,000000000,00000000000,0,0,0,1,0,0,0,0,0,0,0,998,0,0,0,12,98,2,1,18,0,0,0,1,17,60409,6,1,0,0,3,3,74,180,0,0,0,0,0,0,0,0,0,0,0,0,0,0,1,2,40,1,1,2,1,0,0,99,99,99,9,9,98,0,0
17,170764,1,1,1,18,11,2,43,8,0,1,1,99,9,99,999,99999,99,9999,999999999999,9,9,9,9,9,9,9,9,9,9,9,9,9,U,,,,9,17,,,,,,,,0,99,999999999,99999999999,9,99,99,1,0,0,0,0,99,99,9,34,0,0,0,12,98,9,1,8,99,99,0,1,99,99999,9,9,99,9,9,9,999,999,99,99,99,99,99,99,9999,99,9999,9,99,99,99,99,2,2,45,1,1,2,2,0,0,99,99,99,9,2,13,0,0
17,170766,1,1,1,7,8,16,36,8,0,1,0,17,1,20,481,20481,31,2007,1GCEK19C67Z5,1,G,C,E,K,1,9,C,6,7,Z,5,0,T,CHEV,SK1,4C,7,17,,2,1575,1339,SIL,G,,0,0,000000000,00000000000,0,0,0,1,0,0,0,0,0,0,0,26,0,0,0,12,98,2,1,8,0,0,0,1,17,60452,6,1,0,0,3,0,73,250,0,0,0,0,0,0,0,0,0,0,38,0,0,0,1,2,20,1,1,2,1,3,3,11,80,1,1,2,13,0,0
17,170767,1,1,1,24,10,18,44,1,0,1,0,17,1,72,706,72706,80,2010,1HD1KEM10AB6,1,H,D,1,K,E,M,1,0,A,B,6,0,M,HD,FTK,RS,10,17,,,,,,,1690,0,0,000000000,00000000000,0,0,0,1,0,0,0,0,0,0,0,998,0,0,0,0,98,6,2,1,0,0,0,1,17,60543,6,1,0,0,3,3,72,180,0,0,0,0,0,0,0,0,0,1,28,0,0,0,1,2,55,4,1,2,1,0,0,14,98,1,4,2,98,1,1
17,170768,1,2,3,31,10,11,30,12,2,1,0,17,2,20,24,20024,6,2009,1GNER13D09S1,1,G,N,E,R,1,3,D,0,9,S,1,0,P,CHEV,TRV,UT,9,17,4790,,0,1189,,G,,0,0,000000000,00000000000,0,0,0,1,0,0,0,0,0,0,0,65,0,0,0,12,98,6,2,12,0,0,0,1,17,60543,6,1,0,0,3,0,78,280,0,0,0,2,0,1,2008,5,2010,0,51,0,0,0,1,2,55,1,3,2,1,0,0,15,54,1,1,2,50,0,0
17,170768,2,2,1,31,10,11,30,12,2,1,0,17,1,62,403,62403,14,2004,SALNY22214A2,S,A,L,N,Y,2,2,2,1,4,A,2,0,T,LNDR,FSE,4W,4,17,,1,0,1010,FRE,G,,0,0,000000000,00000000000,0,0,0,1,0,0,0,0,0,0,0,998,0,0,0,12,98,6,2,12,0,0,0,1,12,61360,6,1,0,0,3,3,67,999,0,0,0,1,0,12,2008,12,2008,0,0,0,0,0,1,2,55,1,3,2,1,0,0,1,62,1,1,1,51,1,0
17,170769,1,1,1,25,10,2,0,8,0,1,1,17,3,7,462,7462,21,2004,WD2PD5431456,W,D,2,P,D,5,4,3,1,4,5,6,0,T,SPNR,SP3,EC,4,17,,2,0,1580,SPR,D,,0,0,000000000,00000000000,0,0,0,1,0,0,0,0,0,0,0,998,0,0,0,12,98,4,1,8,0,0,0,1,17,60119,6,1,0,0,3,0,74,160,0,0,0,0,0,0,0,0,0,1,28,0,0,0,1,2,25,1,1,2,2,0,0,1,50,1,1,2,13,0,1
17,170770,1,1,1,6,11,2,13,8,0,1,0,17,2,14,6,14006,4,1994,2MELM74W6RX6,2,M,E,L,M,7,4,W,6,R,X,6,0,P,MERC,GMG,4D,94,17,3787,,0,1144,,G,,0,0,000000000,00000000000,0,0,0,1,0,0,0,0,0,0,0,998,0,0,0,12,12,6,2,8,0,0,0,1,17,60636,6,1,0,0,3,0,73,170,0,0,0,0,0,0,0,0,0,1,28,0,0,0,1,2,30,1,1,2,1,0,0,1,80,1,1,3,13,0,1
17,170771,1,1,1,14,10,16,20,1,0,1,0,17,1,20,23,20023,6,2006,3GNDA23P06S6,3,G,N,D,A,2,3,P,0,6,S,6,0,P,CHEV,HHR,UT,6,17,3155,,0,1035,,G,,0,0,000000000,00000000000,0,0,0,1,0,0,0,0,0,0,0,998,0,1,5,0,98,6,2,1,0,0,0,1,17,61362,6,1,0,0,3,0,67,134,0,0,0,0,0,0,0,0,0,1,0,0,0,0,1,2,55,1,1,2,1,0,0,1,13,1,1,4,1,1,0
17,170772,1,1,1,2,10,15,44,32,0,1,0,17,2,37,706,37706,80,1982,1HFSC0225CA2,1,H,F,S,C,0,2,2,5,C,A,2,0,M,HOND,G1A,RS,82,17,,,,,,,1085,0,0,000000000,00000000000,0,0,0,1,0,0,0,0,0,0,0,998,0,0,0,12,98,6,2,5,0,0,0,1,17,61356,6,1,0,0,3,0,73,175,0,0,0,0,0,0,0,0,0,1,0,0,0,0,1,2,55,4,1,2,1,0,0,14,13,1,1,4,1,1,1
17,170773,1,1,1,17,9,14,59,8,0,1,0,17,3,51,881,51881,66,2000,4V4ND4JH9YN7,4,V,4,N,D,4,J,H,9,Y,N,7,1,T,VOLV,VVN,DS,0,17,,8,0,0,VVN,D,,1,57,1281859,571281859,3,6,2,1,0,0,0,0,0,0,0,998,0,0,0,83,98,6,2,8,0,0,0,1,17,60630,6,1,6,0,3,0,68,200,0,0,0,0,0,0,0,0,0,0,38,0,0,0,2,2,40,1,1,2,1,3,3,10,80,1,1,2,13,0,0
17,170774,1,1,1,9,11,15,55,8,0,1,0,0,0,98,999,98999,99,9999,999999999999,9,9,9,9,9,9,9,9,9,9,9,9,0,U,,,,9,17,,,,,,,,0,0,000000000,00000000000,0,0,0,1,0,0,0,0,0,0,0,998,0,0,0,12,98,2,1,8,42,0,0,1,17,61021,6,1,6,0,3,3,72,200,0,0,0,1,0,10,2008,10,2008,0,0,0,0,0,1,2,55,1,1,2,1,0,0,1,80,1,1,1,13,0,0
17,170775,1,1,1,10,11,20,15,32,0,1,0,17,2,20,481,20481,31,1999,2GCEC19T4X12,2,G,C,E,C,1,9,T,4,X,1,2,0,T,CHEV,SC1,3C,99,17,,2,1575,1435,SIL,G,,0,0,000000000,00000000000,0,0,0,1,0,0,0,0,0,0,0,998,0,1,5,12,98,6,2,32,0,0,0,1,17,60444,6,2,0,0,3,3,68,155,0,0,0,0,0,0,0,0,0,1,21,0,0,0,1,2,55,3,1,2,1,0,0,14,12,1,1,4,6,1,0
17,170776,1,2,1,15,11,15,54,12,2,1,0,17,1,20,481,20481,31,2008,2GCEC19J1811,2,G,C,E,C,1,9,J,1,8,1,1,0,T,CHEV,SC1,4C,8,17,,2,1575,1339,SIL,G,,0,0,000000000,00000000000,0,0,0,1,0,0,0,0,0,0,0,998,0,0,0,12,12,6,2,12,0,0,0,1,17,62983,6,1,6,0,3,3,73,170,0,0,0,0,0,0,0,0,0,0,28,0,0,0,1,2,55,1,1,2,1,0,0,1,10,1,1,2,50,0,0
17,170776,2,2,1,15,11,15,54,12,2,1,0,17,1,20,16,20016,2,1999,1G1JC1249X72,1,G,1,J,C,1,2,4,9,X,7,2,0,P,CHEV,C/S,CP,99,17,2617,,0,1041,,G,,0,0,000000000,00000000000,0,0,0,1,0,0,0,0,0,0,0,998,0,0,0,12,98,6,2,12,0,0,0,1,97,65240,9,9,99,9,9,9,999,999,99,99,99,99,99,99,9999,99,9999,0,0,0,0,0,1,2,55,1,1,2,1,0,0,1,62,1,1,1,51,1,0
17,170777,1,1,1,27,10,16,56,1,0,1,0,17,3,82,881,82881,66,1997,1FUYDCXB9VP8,1,F,U,Y,D,C,X,B,9,V,P,8,1,T,FRHT,FLD,DS,97,17,,8,0,0,CON,D,,1,57,980094,57980094,3,6,4,1,0,0,0,0,0,0,0,998,0,1,5,0,98,6,2,1,0,0,1,1,17,62049,6,1,6,3,3,0,70,250,0,0,0,0,0,0,0,0,0,0,0,0,0,0,1,2,55,1,1,2,1,0,0,1,12,1,1,4,6,1,0
17,170778,1,2,3,26,11,13,0,12,2,1,0,17,2,12,17,12017,4,1998,1FAFP5227WG1,1,F,A,F,P,5,2,2,7,W,G,1,0,P,FORD,TLS,4D,98,17,3359,,0,1085,,F,,0,0,000000000,00000000000,0,0,0,1,0,0,0,0,0,0,0,72,0,0,0,12,98,6,2,12,0,0,0,1,17,62707,6,1,0,0,3,0,67,125,0,0,0,0,0,0,0,0,0,1,28,0,0,0,1,2,55,4,1,2,1,0,0,14,54,1,1,2,50,2,0
17,170778,2,2,2,26,11,13,0,12,2,1,0,17,1,2,403,2403,14,2010,1J4BA3H19AL1,1,J,4,B,A,3,H,1,9,A,L,1,0,T,JEEP,WSS,4W,10,17,,1,0,1160,WUL,G,,0,0,000000000,00000000000,0,0,0,1,0,0,0,0,0,0,0,998,0,0,0,12,98,6,2,12,0,0,0,1,17,62704,6,1,0,0,3,0,74,212,0,0,0,0,0,0,0,0,0,0,0,0,0,0,1,2,55,4,1,2,1,0,0,14,62,1,1,1,51,0,0
17,170779,1,2,2,26,11,16,40,12,2,1,0,17,1,7,20,7020,4,1996,1B3ES47C0TD5,1,B,3,E,S,4,7,C,0,T,D,5,0,P,DODG,NEH,4P,96,17,2443,,0,1040,,G,,0,0,000000000,00000000000,0,0,0,1,0,0,0,0,0,0,0,998,0,0,0,12,98,6,2,12,0,0,0,1,17,61111,6,1,0,0,3,0,66,140,0,0,0,0,0,0,0,0,0,0,38,0,0,0,1,2,55,1,1,2,1,0,0,11,54,1,1,2,68,1,1
17,170779,2,2,2,26,11,16,40,12,2,1,0,17,1,37,441,37441,20,2007,5FNRL38797B4,5,F,N,R,L,3,8,7,9,7,B,4,0,P,HOND,UDY,SV,7,17,0,,0,1181,,G,,0,0,000000000,00000000000,0,0,0,1,0,0,0,0,0,0,0,998,0,0,0,12,98,6,2,12,0,0,0,1,17,61001,6,1,0,0,3,3,60,170,0,0,0,0,0,0,0,0,0,0,0,0,0,0,1,2,55,1,1,2,1,0,0,1,62,1,1,1,69,0,0
17,170780,1,1,1,27,11,4,47,1,0,1,0,17,2,12,37,12037,4,2005,1FAFP34N35W2,1,F,A,F,P,3,4,N,3,5,W,2,0,P,FORD,ZX4,4D,5,17,2677,,0,1030,,G,,0,0,000000000,00000000000,0,0,0,1,0,0,0,0,0,0,0,998,0,1,5,0,98,6,2,1,0,0,0,1,17,62682,6,1,0,0,3,0,73,195,0,0,0,0,0,0,0,0,0,0,0,0,0,0,1,2,55,1,1,2,1,0,0,1,13,1,1,4,1,1,1
17,170781,1,2,1,28,11,21,53,12,7,1,0,17,2,22,18,22018,4,1998,1G2NE52T0WC7,1,G,2,N,E,5,2,T,0,W,C,7,0,P,PONT,GAS,4D,98,17,2877,,0,1034,,G,,0,0,000000000,00000000000,0,0,0,1,0,0,0,0,0,0,0,998,0,1,1,81,98,6,2,1,0,0,0,1,17,62049,6,1,0,0,3,3,65,110,0,0,0,0,0,0,0,0,0,0,28,0,0,0,3,2,65,1,1,1,1,0,0,1,11,1,1,2,44,1,0
17,170781,2,2,1,28,11,21,53,12,7,1,0,17,2,20,2,20002,4,2007,2G1WT58K2793,2,G,1,W,T,5,8,K,2,7,9,3,0,P,CHEV,IMT,4D,7,17,3674,,0,1105,,F,,0,0,000000000,00000000000,0,0,0,1,0,0,0,0,0,0,0,998,0,0,0,63,63,6,2,12,0,0,0,1,17,61910,6,1,0,0,3,3,73,180,0,0,0,0,0,0,0,0,0,0,0,0,0,0,3,2,65,1,1,1,1,0,0,1,60,1,1,1,45,0,0
17,170782,1,1,1,8,11,12,34,42,0,1,0,17,1,20,16,20016,2,2002,1G1JC1245272,1,G,1,J,C,1,2,4,5,2,7,2,0,P,CHEV,CAV,CP,2,17,2617,,0,1041,,G,,0,0,000000000,00000000000,0,0,0,1,0,0,0,0,0,0,0,998,0,0,0,9,98,6,2,42,0,0,0,1,17,62939,6,1,0,0,3,3,64,130,0,0,0,0,0,0,0,0,0,1,0,0,0,0,1,2,55,1,1,2,1,0,0,1,6,1,3,4,2,1,0
17,170783,1,1,1,2,11,6,41,1,0,1,0,17,2,6,44,6044,4,1998,1C3EJ56H0WN3,1,C,3,E,J,5,6,H,0,W,N,3,0,P,CHRY,CLI,4D,98,17,3117,,0,1080,,G,,0,0,000000000,00000000000,0,0,0,1,0,0,0,0,0,0,0,998,0,1,5,0,98,6,2,1,0,0,0,1,17,60115,6,1,0,0,3,0,74,240,0,0,0,1,0,3,2010,3,2010,1,0,0,0,0,1,2,55,1,1,2,1,0,0,1,6,6,3,4,2,1,0
17,170784,1,2,2,15,10,15,25,12,6,1,0,17,2,24,2,24002,2,2002,1G8ZP12822Z2,1,G,8,Z,P,1,2,8,2,2,Z,2,0,P,STRN,SC1,3P,2,17,2412,,0,1024,,G,,0,0,000000000,00000000000,0,0,0,1,0,0,0,0,0,0,0,998,0,0,0,3,81,6,2,12,0,0,0,1,17,60440,6,1,0,0,3,3,67,146,0,0,0,0,0,0,0,0,0,0,38,0,0,0,3,4,40,1,1,2,1,3,3,11,54,1,1,1,68,0,0
17,170784,2,2,1,15,10,15,25,12,6,1,0,17,1,98,706,98706,80,2009,4MZYL04D893C,4,M,Z,Y,L,0,4,D,8,9,3,C,0,U,,,,9,17,,,,,,,,0,0,000000000,00000000000,0,0,0,1,0,0,0,0,0,0,0,998,0,0,0,12,12,6,2,12,0,0,0,1,17,60440,6,1,0,0,3,3,75,194,0,0,0,0,0,0,0,0,0,0,0,0,0,0,3,4,40,1,1,2,1,3,3,1,62,10,1,1,69,1,0
17,170785,1,1,1,9,10,0,38,30,0,1,0,17,1,20,421,20421,15,2001,1GNDT13W8122,1,G,N,D,T,1,3,W,8,1,2,2,0,P,CHEV,BZR,UT,1,17,4133,,0,1070,,G,,0,0,000000000,00000000000,0,0,0,1,0,0,0,0,0,0,0,998,0,1,5,11,98,6,2,1,0,0,0,1,17,60449,6,1,0,0,3,3,66,125,0,0,0,0,1,8,2010,8,2010,1,51,0,0,0,1,4,35,2,1,2,1,0,0,14,12,1,1,4,6,1,1
17,170786,1,2,2,4,10,21,41,12,6,1,0,17,2,20,32,20032,4,1999,1Y1SK5287XZ4,1,Y,1,S,K,5,2,8,7,X,Z,4,0,P,CHEV,P/L,4D,99,17,2403,,0,971,,G,,0,0,000000000,00000000000,0,0,0,1,0,0,0,0,0,0,0,998,0,0,0,61,61,6,2,12,0,0,0,1,17,60655,6,1,0,0,3,0,68,170,0,0,0,0,0,0,0,0,0,0,0,0,0,0,1,2,30,1,1,2,1,20,3,1,55,1,1,1,89,1,0
17,170786,2,2,1,4,10,21,41,12,6,1,0,17,3,7,24,7024,4,2010,2B3AA4CTXAH1,2,B,3,A,A,4,C,T,X,A,H,1,0,P,DODG,CHA,4D,10,17,3820,,0,1200,,G,,0,0,000000000,00000000000,0,0,0,1,0,0,0,0,0,0,0,998,0,0,0,12,12,6,2,12,0,0,0,1,17,60452,6,1,0,0,3,0,69,175,0,0,0,0,0,0,0,0,0,0,0,0,0,0,1,3,30,1,1,2,1,0,0,1,66,1,1,1,88,0,0
17,170787,1,1,1,13,9,8,5,8,0,1,0,17,1,35,49,35049,6,2006,JN8AZ08W76W5,J,N,8,A,Z,0,8,W,7,6,W,5,0,P,NISS,MUR,UT,6,17,3855,,0,1112,,G,,0,0,000000000,00000000000,0,0,0,1,0,0,0,0,0,0,0,998,0,0,0,12,12,2,1,8,0,0,0,1,17,60637,6,1,6,0,3,3,72,179,0,0,0,0,0,0,0,0,0,0,0,0,0,0,1,2,30,1,1,2,1,20,3,1,80,1,1,1,13,0,0
17,170788,1,2,1,21,9,11,37,12,6,1,0,17,3,51,881,51881,66,2007,4V4NC9GH47N4,4,V,4,N,C,9,G,H,4,7,N,4,1,T,VOLV,VNL,DS,7,17,,8,0,0,VVN,D,,1,57,1927786,571927786,3,6,2,1,0,0,0,0,0,0,0,998,0,0,0,82,82,2,1,12,0,0,0,1,17,60067,6,1,6,1,3,0,72,230,0,0,0,0,0,0,0,0,0,0,28,0,0,0,5,4,45,1,1,2,1,0,0,15,11,1,1,2,46,0,0
17,170788,2,2,1,21,9,11,37,12,6,1,0,17,2,37,706,37706,80,2002,JH2SC48092M0,J,H,2,S,C,4,8,0,9,2,M,0,0,M,HOND,CB9,RS,2,17,,,,,,,919,0,0,000000000,00000000000,0,0,0,1,0,0,0,0,0,0,0,998,0,0,0,12,12,6,2,12,0,0,0,1,17,60007,6,1,6,0,3,0,67,200,0,0,0,1,0,5,2008,5,2008,0,0,0,0,0,5,4,45,1,1,8,1,0,0,1,60,1,1,1,45,1,0
17,170789,1,1,2,27,11,16,0,30,0,1,0,17,1,12,461,12461,21,1997,1FDEE14LXVHC,1,F,D,E,E,1,4,L,X,V,H,C,0,T,FORD,15V,IC,97,17,,2,0,1380,VAN,G,,0,0,000000000,00000000000,0,0,0,1,0,0,0,0,0,0,0,998,0,0,0,12,12,6,2,30,0,0,0,1,17,62704,6,1,0,0,3,3,72,210,0,0,0,0,0,0,0,0,0,0,0,0,0,0,2,2,65,1,1,1,1,0,0,1,13,1,1,4,1,1,0
17,170790,1,1,2,21,11,2,15,33,0,1,0,17,2,21,22,21022,4,1999,1G3GR62C5X41,1,G,3,G,R,6,2,C,5,X,4,1,0,P,OLDS,AUR,4D,99,17,3967,,0,1138,,G,,0,0,000000000,00000000000,0,0,0,1,0,0,0,0,0,0,0,998,0,0,0,14,98,6,2,39,0,0,0,1,17,60653,6,1,6,0,3,0,69,190,0,0,0,0,0,0,0,0,0,0,0,0,0,0,3,4,65,1,1,1,1,0,0,1,13,1,1,4,1,1,1
17,170791,1,1,1,27,11,22,29,34,0,1,0,17,1,48,45,48045,6,2004,4S3BH8069476,4,S,3,B,H,8,0,6,9,4,7,6,0,P,SUBA,ULB,SW,4,17,3715,,0,1043,,G,,0,0,000000000,00000000000,0,0,0,1,0,0,0,0,0,0,0,998,0,0,0,14,81,6,2,42,0,0,0,1,17,60034,6,1,0,0,3,0,66,145,0,0,0,0,0,0,0,0,0,1,0,0,0,0,1,2,55,1,1,2,1,0,0,1,12,1,1,4,6,1,1
17,170792,1,1,1,27,11,5,54,23,0,1,0,17,1,12,471,12471,30,2006,1FTZR45E06PA,1,F,T,Z,R,4,5,E,0,6,P,A,0,T,FORD,RNS,4C,6,17,,1,0,1260,RNG,G,,0,0,000000000,00000000000,0,0,0,1,0,0,0,0,0,0,0,998,0,1,5,9,98,6,2,1,0,0,0,1,17,60034,6,1,0,0,3,0,73,140,0,0,0,1,0,9,2009,9,2009,0,0,0,0,0,1,2,55,1,1,2,1,0,0,1,12,1,1,4,6,1,1