STATE,ST_CASE,VEH_NO,VE_FORMS,NUMOCCS,DAY,MONTH,HOUR,MINUTE,HARM_EV,MAN_COLL,UNITTYPE,HIT_RUN,REG_STAT,OWNER,MAKE,MODEL,MAK_MOD,BODY_TYP,MOD_YEAR,VIN,VIN_1,VIN_2,VIN_3,VIN_4,VIN_5,VIN_6,VIN_7,VIN_8,VIN_9,VIN_10,VIN_11,VIN_12,TOW_VEH,VINTYPE,VINMAKE,VINA_MOD,VIN_BT,VINMODYR,VIN_LNGT,VIN_WGT,WGTCD_TR,WHLBS_LG,WHLBS_SH,SER_TR,FUELCODE,MCYCL_DS,J_KNIFE,MCARR_I1,MCARR_I2,MCARR_ID,GVWR,V_CONFIG,CARGO_BT,HAZ_INV,HAZ_PLAC,HAZ_ID,HAZ_CNO,HAZ_REL,BUS_USE,SPEC_USE,EMER_USE,TRAV_SP,UNDERIDE,ROLLOVER,ROLINLOC,IMPACT1,IMPACT2,DEFORMED,TOWED,M_HARM,VEH_SC1,VEH_SC2,FIRE_EXP,DR_PRES,L_STATE,DR_ZIP,L_STATUS,L_TYPE,CDL_STAT,L_ENDORS,L_COMPL,L_RESTRI,DR_HGT,DR_WGT,PREV_ACC,PREV_SUS,PREV_DWI,PREV_SPD,PREV_OTH,FIRST_MO,FIRST_YR,LAST_MO,LAST_YR,SPEEDREL,DR_SF1,DR_SF2,DR_SF3,DR_SF4,VTRAFWAY,VNUM_LAN,VSPD_LIM,VALIGN,VPROFILE,VPAVETYP,VSURCOND,VTRAFCON,VTCONT_F,P_CRASH1,P_CRASH2,P_CRASH3,PCRASH4,PCRASH5,ACC_TYPE,DEATHS,DR_DRINK
17,170793,1,1,4,25,11,17,50,1,0,1,0,17,1,12,442,12442,20,2001,2FMZA57421BA,2,F,M,Z,A,5,7,4,2,1,B,A,0,T,FORD,SES,ES,1,17,,1,0,1207,WIN,G,,0,0,000000000,00000000000,0,0,0,1,0,0,0,0,0,0,0,998,0,1,5,0,98,6,2,1,0,0,0,1,17,61032,2,1,0,0,2,0,66,240,0,2,0,0,0,5,2010,11,2010,0,28,0,0,0,1,2,55,1,1,2,1,0,0,1,13,6,4,4,7,1,1
17,170794,1,2,1,24,11,12,30,12,6,1,0,17,1,12,17,12017,4,2006,1FAFP34N86W1,1,F,A,F,P,3,4,N,8,6,W,1,0,P,FORD,ZX4,4D,6,17,2676,,0,1029,,G,,0,0,000000000,00000000000,0,0,0,1,0,0,0,0,0,0,0,998,0,0,0,9,98,6,2,12,0,0,0,1,17,60560,6,1,0,0,3,3,66,160,0,0,0,0,0,0,0,0,0,0,0,0,0,0,2,2,65,1,3,1,4,0,0,15,5,1,4,2,47,1,0
17,170794,2,2,1,24,11,12,30,12,6,1,0,19,3,82,883,82883,66,2006,1FUJA6CV46LW,1,F,U,J,A,6,C,V,4,6,L,W,1,T,FRHT,COL,TR,6,17,,8,0,0,CON,D,,1,57,001674,57001674,3,6,1,1,0,0,0,0,0,0,0,998,0,0,0,12,12,6,2,12,0,0,0,1,55,53580,6,1,6,0,3,3,66,202,0,0,0,1,1,1,2010,7,2010,0,0,0,0,0,2,2,65,1,3,1,4,0,0,1,61,1,1,1,45,0,0
17,170795,1,1,1,27,11,3,30,8,0,1,0,17,1,23,481,23481,31,2003,1GTEK19T93E2,1,G,T,E,K,1,9,T,9,3,E,2,0,T,GMC,NK1,4C,3,17,,2,1575,1435,SIE,G,,0,0,000000000,00000000000,0,0,0,1,0,0,0,0,0,0,0,998,0,0,0,12,12,6,2,8,0,0,0,1,17,62208,6,1,0,0,3,0,70,170,1,5,1,1,5,12,2007,3,2010,0,28,0,0,0,1,2,45,3,1,2,1,0,0,14,13,1,1,4,13,0,1
17,170796,1,2,1,7,12,10,5,12,2,1,0,17,2,6,441,6441,20,1997,1C4GT64L7VB3,1,C,4,G,T,6,4,L,7,V,B,3,0,P,CHRY,TWC,SV,97,17,4344,,0,1193,,G,,0,0,000000000,00000000000,0,0,0,1,0,0,0,0,0,0,0,998,0,1,5,12,98,6,2,1,0,0,0,1,17,62040,2,1,0,0,2,0,999,999,99,99,99,99,99,99,9999,99,9999,0,28,0,0,0,1,2,45,1,1,2,1,0,0,1,10,1,1,2,50,1,0
17,170796,2,2,1,7,12,10,5,12,2,1,0,17,1,19,480,19480,31,2005,3GYEK62N65G2,3,G,Y,E,K,6,2,N,6,5,G,2,0,P,CADI,ESC,UT,5,17,5879,,0,1300,,G,,0,0,000000000,00000000000,0,0,0,1,0,0,0,0,0,0,0,998,0,0,0,12,12,6,2,12,0,0,0,1,17,62025,6,1,0,0,3,0,71,190,0,0,0,0,0,0,0,0,0,0,0,0,0,0,1,2,45,1,1,2,1,0,0,1,62,7,1,2,51,0,0
17,170797,1,1,1,24,11,6,8,8,0,1,0,17,1,37,32,37032,4,1991,1HGCB7660MA0,1,H,G,C,B,7,6,6,0,M,A,0,0,P,HOND,AER,4D,91,17,2923,,0,1071,,G,,0,0,000000000,00000000000,0,0,0,1,0,0,0,0,0,0,0,45,0,0,0,12,12,6,2,8,0,0,0,1,17,60085,6,1,0,0,3,0,71,250,0,0,0,0,0,0,0,0,0,0,0,0,0,0,1,2,50,1,2,2,1,0,0,1,80,6,1,2,13,0,0
17,170798,1,1,2,20,11,0,49,8,0,1,0,17,1,20,481,20481,31,1995,1GCGK29F7SE2,1,G,C,G,K,2,9,F,7,S,E,2,0,T,CHEV,GK2,PC,95,17,,2,1555,1415,GM4,D,,0,0,000000000,00000000000,0,0,0,1,0,0,0,0,0,0,0,998,0,0,0,12,12,6,2,8,0,0,0,1,17,62966,6,1,0,0,3,0,68,200,0,0,0,1,0,11,2007,11,2007,1,0,0,0,0,1,2,55,1,2,2,1,0,0,1,80,1,1,1,13,0,1
17,170799,1,1,1,5,11,10,36,43,0,1,0,17,2,35,39,35039,4,2002,JN1DA31A52T3,J,N,1,D,A,3,1,A,5,2,T,3,0,P,NISS,MGL,4D,2,17,3146,,0,1083,,G,,0,0,000000000,00000000000,0,0,0,1,0,0,0,0,0,0,0,998,0,0,0,12,12,6,2,3,0,0,0,1,17,60564,2,1,0,0,2,0,72,225,0,0,0,0,0,0,0,0,0,1,0,0,0,0,1,2,30,3,1,2,1,0,0,14,6,1,2,4,2,1,1
17,170800,1,2,1,4,11,7,18,12,6,1,0,17,1,12,401,12401,14,2005,1FMZU73K65UA,1,F,M,Z,U,7,3,K,6,5,U,A,0,P,FORD,EPR,UT,5,17,4094,,0,1137,,F,,0,0,000000000,00000000000,0,0,0,1,0,0,0,0,0,0,0,998,0,0,0,11,11,6,2,12,0,0,0,1,17,60544,6,1,0,0,3,3,71,240,0,0,0,0,2,7,2008,12,2009,1,28,0,0,0,1,4,30,1,1,2,1,0,0,15,54,1,1,2,64,0,0
17,170800,2,2,1,4,11,7,18,12,6,1,0,17,1,63,31,63031,4,2001,KNAFB1217150,K,N,A,F,B,1,2,1,7,1,5,0,0,P,KIA,SPL,4D,1,17,2478,,0,1008,,G,,0,0,000000000,00000000000,0,0,0,1,0,0,0,0,0,0,0,998,0,0,0,11,11,6,2,12,0,0,0,1,17,60804,6,1,6,0,3,3,60,100,0,0,0,0,0,0,0,0,0,0,0,0,0,0,1,4,30,1,1,2,1,0,0,1,62,1,1,1,65,1,0
17,170801,1,1,2,13,11,2,23,41,0,1,0,17,2,20,421,20421,15,2002,1GNDT13W02K2,1,G,N,D,T,1,3,W,0,2,K,2,0,P,CHEV,BZR,UT,2,17,4114,,0,1070,,G,,0,0,000000000,00000000000,0,0,0,1,0,0,0,0,0,0,0,998,0,0,0,12,12,6,2,8,0,0,0,1,17,60440,0,0,0,0,0,0,999,999,99,99,99,99,99,99,9999,99,9999,1,0,0,0,0,1,2,15,4,1,2,1,0,0,14,12,1,1,4,6,0,1
17,170802,1,2,1,15,11,7,28,12,2,1,0,17,1,12,3,12003,2,2001,1FAFP42X81F1,1,F,A,F,P,4,2,X,8,1,F,1,0,P,FORD,MGT,CP,1,17,3241,,0,1013,,G,,0,0,000000000,00000000000,0,0,0,1,0,0,0,0,0,0,0,998,0,0,0,12,98,6,2,12,0,0,0,1,17,60188,6,1,0,0,3,0,71,205,0,0,0,0,0,0,0,0,0,1,28,0,0,0,2,2,45,1,1,2,2,0,0,1,6,2,4,2,50,1,0
17,170802,2,2,1,15,11,7,28,12,2,1,0,17,2,7,482,7482,31,1997,1B7HF16YXVJ5,1,B,7,H,F,1,6,Y,X,V,J,5,0,T,DODG,150,PK,97,17,,2,1347,1187,RPC,G,,0,0,000000000,00000000000,0,0,0,1,0,0,0,0,0,0,0,998,0,0,0,12,12,6,2,12,0,0,0,1,17,60123,6,1,0,0,3,3,72,190,0,0,0,0,0,0,0,0,0,0,0,0,0,0,2,2,45,1,1,2,2,0,0,15,64,1,1,1,51,0,0
17,170803,1,1,1,4,11,18,50,10,0,1,0,17,1,7,482,7482,31,1997,1B7HC16Z5VS2,1,B,7,H,C,1,6,Z,5,V,S,2,1,T,DODG,150,PK,97,17,,2,1347,1187,RPC,G,,1,0,000000000,00000000000,0,0,0,1,0,0,0,0,0,0,0,998,0,0,0,9,61,6,2,10,0,0,0,1,17,62702,6,1,0,0,3,3,71,180,0,0,0,0,0,0,0,0,0,0,38,39,0,0,1,2,35,1,1,2,1,65,3,1,17,1,1,1,15,1,0
17,170804,1,1,4,19,11,13,47,33,0,1,0,17,2,21,21,21021,4,1997,1G3NL52T4VM3,1,G,3,N,L,5,2,T,4,V,M,3,0,P,OLDS,ASL,4D,97,17,2813,,0,1034,,G,,0,0,000000000,00000000000,0,0,0,1,0,0,0,0,0,0,0,998,0,1,5,14,13,6,2,42,0,0,0,1,17,60619,1,1,0,0,2,0,999,999,0,1,1,0,1,8,2009,9,2009,1,0,0,0,0,1,2,30,1,1,2,1,0,0,6,50,6,2,4,8,2,1
17,170805,1,1,1,29,11,17,43,8,0,1,0,17,2,18,2,18002,4,2000,1G4HR54K9YU2,1,G,4,H,R,5,4,K,9,Y,U,2,0,P,BUIC,LLF,4D,0,17,3591,,0,1122,,G,,0,0,000000000,00000000000,0,0,0,1,0,0,0,0,0,0,0,998,0,0,0,12,12,2,3,8,0,0,0,1,17,61832,6,1,0,0,3,0,72,198,0,0,0,1,2,9,2009,3,2010,0,0,0,0,0,1,4,35,1,1,2,2,0,0,1,80,1,1,1,13,0,0
17,170806,1,1,1,4,12,18,20,24,0,1,0,17,1,12,481,12481,31,1987,1FTCF15NXHLA,1,F,T,C,F,1,5,N,X,H,L,A,0,T,FORD,F15,PK,87,17,,1,1330,1170,COF,G,,0,0,000000000,00000000000,0,0,0,1,0,0,0,0,0,0,0,998,0,1,5,81,98,6,2,1,0,0,0,1,17,62028,6,1,0,0,3,0,73,200,0,0,0,0,1,3,2008,3,2008,0,0,0,0,0,1,2,55,2,2,2,1,0,0,14,13,6,4,4,7,1,1
17,170807,1,3,1,21,11,13,45,12,1,1,0,17,1,55,33,55033,4,2009,5NPET46C49H4,5,N,P,E,T,4,6,C,4,9,H,4,0,P,HYUN,SGL,4D,9,17,3292,,0,1074,,G,,0,0,000000000,00000000000,0,0,0,1,0,0,0,0,0,0,0,998,0,0,0,12,12,2,1,12,0,0,0,1,17,62095,6,1,0,0,3,3,65,135,0,0,0,2,1,1,2008,11,2009,1,26,0,0,0,1,2,35,1,1,2,1,0,0,1,50,1,1,1,20,0,1
17,170807,2,3,1,21,11,13,45,12,1,1,0,17,1,35,39,35039,4,2005,1N4BA41E95C8,1,N,4,B,A,4,1,E,9,5,C,8,0,P,NISS,MEL,4D,5,17,3321,,0,1112,,G,,0,0,000000000,00000000000,0,0,0,1,0,0,0,0,0,0,0,0,0,0,0,6,12,6,2,12,0,0,0,1,17,62035,6,1,0,0,3,3,70,190,0,0,0,0,0,0,0,0,0,0,0,0,0,0,1,2,35,1,1,2,1,0,0,5,53,1,1,1,21,1,0
17,170807,3,3,2,21,11,13,45,12,1,1,0,17,1,12,481,12481,31,2000,1FTRX17L3YKB,1,F,T,R,X,1,7,L,3,Y,K,B,0,T,FORD,F15,4C,0,17,,2,1571,1385,COF,G,,0,0,000000000,00000000000,0,0,0,1,0,0,0,0,0,0,0,998,0,0,0,11,11,6,2,12,0,0,0,1,17,62035,6,1,0,0,3,0,68,170,0,0,0,0,0,0,0,0,0,0,0,0,0,0,1,2,35,1,1,2,1,0,0,1,62,1,1,1,98,0,0
17,170808,1,2,1,27,11,12,10,12,6,1,0,17,3,51,881,51881,66,2001,4V4NC9RJ31N3,4,V,4,N,C,9,R,J,3,1,N,3,0,T,VOLV,VNL,DS,1,17,,8,0,0,VVN,D,,0,57,1114795,571114795,3,5,96,1,0,0,0,0,0,0,0,998,0,0,0,12,12,6,2,12,0,0,0,1,4,85024,6,1,3,0,2,0,67,250,0,0,0,1,1,9,2008,10,2010,0,39,0,0,0,5,4,40,1,1,2,1,3,3,1,55,1,1,1,83,0,0
17,170808,2,2,1,27,11,12,10,12,6,1,0,17,1,9,442,9442,20,1999,1P4GP45G7XB5,1,P,4,G,P,4,5,G,7,X,B,5,0,P,PLYM,VOF,SV,99,17,3768,,0,1133,,F,,0,0,000000000,00000000000,0,0,0,1,0,0,0,0,0,0,0,998,0,0,0,9,9,6,2,12,0,0,0,1,17,60626,6,1,0,0,3,0,67,180,0,0,0,0,0,0,0,0,0,0,0,0,0,0,5,2,40,1,1,2,1,3,3,11,67,1,1,1,82,1,0
17,170809,1,2,1,2,12,21,9,12,1,1,0,17,1,35,47,35047,4,1999,1N4DL01D2XC1,1,N,4,D,L,0,1,D,2,X,C,1,0,P,NISS,AGS,4D,99,17,2762,,0,1031,,G,,0,0,000000000,00000000000,0,0,0,1,0,0,0,0,0,0,0,0,0,0,0,6,6,6,2,12,0,0,0,1,17,60641,6,1,0,0,3,3,63,150,0,0,0,1,0,11,2009,11,2009,0,54,0,0,0,3,3,65,1,1,1,1,0,0,7,53,1,1,1,21,1,0
17,170809,2,2,2,2,12,21,9,12,1,1,0,17,1,37,421,37421,15,2005,5FNYF186X5B0,5,F,N,Y,F,1,8,6,X,5,B,0,0,P,HOND,PIL,UT,5,17,4431,,0,1063,,G,,0,0,000000000,00000000000,0,0,0,1,0,0,0,0,0,0,0,998,0,0,0,12,12,6,2,12,0,0,0,1,17,60647,6,1,0,0,3,0,67,200,0,0,0,0,0,0,0,0,0,0,0,0,0,0,3,3,65,1,1,1,1,0,0,1,50,1,1,1,20,0,0
17,170810,1,2,1,4,12,9,26,12,6,1,0,17,1,7,41,7041,4,1995,1B3HD46T2SF6,1,B,3,H,D,4,6,T,2,S,F,6,0,P,DODG,INT,4D,95,17,3219,,0,1130,,G,,0,0,000000000,00000000000,0,0,0,1,0,0,0,0,0,0,0,998,0,0,0,81,81,6,2,12,0,0,0,1,17,61356,6,1,0,0,3,0,70,240,0,0,0,0,0,0,0,0,0,1,87,0,0,0,1,2,55,3,2,2,3,0,0,14,6,1,4,2,64,1,0
17,170810,2,2,1,4,12,9,26,12,6,1,0,17,1,18,4,18004,4,1996,1G4BN52P3TR4,1,G,4,B,N,5,2,P,3,T,R,4,0,P,BUIC,RDM,4D,96,17,4211,,0,1159,,G,,0,0,000000000,00000000000,0,0,0,1,0,0,0,0,0,0,0,998,0,0,0,12,12,6,2,12,0,0,0,1,17,61349,6,1,0,0,3,0,62,185,0,0,0,0,0,0,0,0,0,0,87,0,0,0,1,2,55,2,2,2,3,0,0,14,62,1,1,1,65,0,0
17,170811,1,3,3,10,12,23,39,12,6,1,0,17,2,7,20,7020,4,2000,1B3ES46C9YD8,1,B,3,E,S,4,6,C,9,Y,D,8,0,P,DODG,NSE,4D,0,17,2515,,0,1050,,G,,0,0,000000000,00000000000,0,0,0,1,0,0,0,0,0,0,0,998,0,0,0,12,12,6,2,12,0,0,0,1,17,62221,6,1,0,0,3,0,67,170,0,0,0,0,0,0,0,0,0,1,28,0,0,0,5,4,55,1,1,2,1,0,0,1,10,1,1,2,64,0,1
17,170811,2,3,1,10,12,23,39,12,6,1,0,17,1,13,12,13012,4,2006,1LNHM87A66Y6,1,L,N,H,M,8,7,A,6,6,Y,6,0,P,LINC,LLS,4D,6,17,3772,,0,1145,,G,,0,0,000000000,00000000000,0,0,0,1,0,0,0,0,0,0,0,998,0,0,0,11,12,6,2,2,0,0,1,1,17,62226,6,1,0,0,3,0,73,240,0,0,0,0,0,0,0,0,0,0,0,0,0,0,5,4,55,1,1,2,1,0,0,1,62,1,1,1,65,1,1
17,170811,3,3,2,10,12,23,39,12,6,1,0,17,2,7,481,7481,31,1989,1B7FE06X1KS1,1,B,7,F,E,0,6,X,1,K,S,1,0,T,DODG,D10,PK,89,17,,1,1310,1150,D10,G,,0,0,000000000,00000000000,0,0,0,1,0,0,0,0,0,0,0,998,0,0,0,63,63,6,2,54,0,0,0,1,17,62220,6,1,0,0,3,3,70,148,0,0,0,0,0,0,0,0,0,0,0,0,0,0,5,4,55,1,1,2,1,0,0,1,91,1,1,1,98,0,0
17,170812,1,1,1,13,12,10,14,1,0,1,0,17,2,14,17,14017,4,2003,1MEFM50U73A6,1,M,E,F,M,5,0,U,7,3,A,6,0,P,MERC,SGS,4D,3,17,3369,,0,1085,,G,,0,0,000000000,00000000000,0,0,0,1,0,0,0,0,0,0,0,998,0,1,5,0,98,6,2,2,0,0,1,1,17,61822,6,1,0,0,3,0,67,158,0,0,0,0,0,0,0,0,0,0,87,0,0,0,1,2,55,2,2,2,1,0,0,14,13,6,3,4,2,1,1
17,170813,1,1,1,10,11,1,3,30,0,1,0,17,2,19,421,19421,15,2000,1GYEK63R9YR1,1,G,Y,E,K,6,3,R,9,Y,R,1,0,P,CADI,ESC,UT,0,17,5573,,0,1175,,G,,0,0,000000000,00000000000,0,0,0,1,0,0,0,0,0,0,0,998,0,0,0,12,12,6,2,30,0,0,0,1,17,61102,6,1,0,0,3,0,74,165,0,1,0,1,0,7,2009,9,2009,1,39,0,0,0,1,2,45,1,1,2,1,20,3,1,14,1,1,4,14,1,1
17,170814,1,2,2,22,11,12,38,12,6,1,0,17,2,12,17,12017,4,2000,1FAFP55UXYG2,1,F,A,F,P,5,5,U,X,Y,G,2,0,P,FORD,TSS,4D,0,17,3333,,0,1085,,G,,0,0,000000000,00000000000,0,0,0,1,0,0,0,0,0,0,0,998,0,0,0,61,61,6,2,12,0,0,0,1,17,62272,6,1,0,0,2,0,69,140,0,1,0,1,0,7,2008,2,2010,0,38,39,0,0,1,2,55,1,3,2,1,20,3,2,17,1,1,1,89,2,1
17,170814,2,2,1,22,11,12,38,12,6,1,0,17,3,87,881,87881,66,1994,1XPCDB8XXRN3,1,X,P,C,D,B,8,X,X,R,N,3,1,T,PTRB,377,TR,94,17,,8,0,0,CON,D,,1,57,929578,57929578,3,6,4,1,0,0,0,0,0,0,0,55,0,0,0,12,12,6,2,12,0,0,0,1,17,62966,6,1,6,3,3,3,73,235,0,0,0,0,0,0,0,0,0,0,0,0,0,0,1,2,55,1,1,2,1,0,0,1,66,1,1,1,88,0,0
17,170815,1,2,1,30,11,6,40,12,6,1,0,17,1,49,40,49040,4,1998,4T1BG22K8WU3,4,T,1,B,G,2,2,K,8,W,U,3,0,P,TOYT,CXL,4D,98,17,2998,,0,1051,,G,,0,0,000000000,00000000000,0,0,0,1,0,0,0,0,0,0,0,998,0,0,0,82,82,6,2,12,0,0,0,1,17,60162,2,1,0,0,2,3,71,160,0,1,0,2,0,5,2009,11,2010,0,30,42,0,0,1,2,35,1,1,2,2,20,3,11,15,1,1,2,82,0,1
17,170815,2,2,1,30,11,6,40,12,6,1,0,17,1,72,706,72706,80,2005,1HD1FSW165Y6,1,H,D,1,F,S,W,1,6,5,Y,6,0,M,HD,TRI,RS,5,17,2998,,0,1051,,G,1450,0,0,000000000,00000000000,0,0,0,1,0,0,0,0,0,0,0,33,0,0,0,12,98,6,2,12,0,0,0,1,17,60143,6,1,6,0,3,3,75,230,0,0,0,1,0,2,2008,2,2008,0,0,0,0,0,5,4,35,1,1,2,2,0,0,1,65,3,2,1,83,1,0
17,170816,1,1,5,22,10,16,34,31,0,1,0,17,2,20,2,20002,4,1989,1G1BL51E3KR2,1,G,1,B,L,5,1,E,3,K,R,2,0,P,CHEV,CAP,4D,89,17,3693,,0,1160,,G,,0,0,000000000,00000000000,0,0,0,1,0,0,0,0,0,0,0,998,0,0,0,12,12,6,2,42,0,0,0,1,17,60478,6,1,0,0,3,0,66,130,0,0,0,0,0,0,0,0,0,0,52,36,0,0,1,2,20,2,1,2,1,0,0,14,12,1,1,4,6,1,0
17,170817,1,1,1,8,11,22,46,1,0,1,0,17,1,2,405,2405,14,2003,1J4GL48K23W5,1,J,4,G,L,4,8,K,2,3,W,5,0,T,JEEP,LSF,4W,3,17,,1,0,1043,LIB,G,,0,0,000000000,00000000000,0,0,0,1,0,0,0,0,0,0,0,998,0,1,3,0,98,6,2,1,0,0,0,1,17,61462,6,1,0,0,3,3,63,180,0,0,0,0,0,0,0,0,0,1,0,0,0,0,2,2,65,3,1,2,1,0,0,14,12,7,1,4,6,1,0
17,170818,1,2,1,26,11,23,5,12,6,1,1,17,2,37,32,37032,4,1998,1HGCG5648WA2,1,H,G,C,G,5,6,4,8,W,A,2,0,P,HOND,ULX,4D,98,17,2952,,0,1069,,G,,0,0,000000000,00000000000,0,0,0,1,0,0,0,0,0,0,0,998,0,0,0,12,12,6,2,12,0,0,0,1,17,60638,0,0,0,0,0,0,999,999,99,99,99,99,99,99,9999,99,9999,1,39,0,0,0,1,2,35,1,1,2,1,3,3,1,55,1,1,1,86,0,0
17,170818,2,2,2,26,11,23,5,12,6,1,0,17,2,10,37,10037,3,1996,4E3AK44Y3TE2,4,E,3,A,K,4,4,Y,3,T,E,2,0,P,EGIL,TEI,2H,96,17,2789,,0,988,,G,,0,0,000000000,00000000000,0,0,0,1,0,0,0,0,0,0,0,998,0,0,0,3,3,6,2,12,0,0,0,1,17,60641,0,0,0,0,0,0,999,999,99,99,99,99,99,99,9999,99,9999,0,0,0,0,0,1,2,35,1,1,2,1,3,3,1,66,1,1,1,87,2,1
17,170819,1,2,2,30,11,16,55,18,0,1,0,17,2,12,471,12471,30,1987,1FTBR10A5HUC,1,F,T,B,R,1,0,A,5,H,U,C,0,T,FORD,RNG,PK,87,17,,1,1140,1080,RNG,G,,0,0,000000000,00000000000,0,0,0,1,0,0,0,0,0,0,0,998,0,1,3,14,98,6,2,1,0,0,0,1,17,62650,6,1,0,0,3,0,72,120,0,0,0,0,1,11,2009,11,2009,0,27,0,0,0,2,2,65,1,1,1,1,0,0,1,12,1,1,4,6,1,0
17,170819,2,2,1,30,11,16,55,18,0,1,1,99,9,99,999,99999,99,9999,999999999999,9,9,9,9,9,9,9,9,9,9,9,9,9,U,,,,9,17,,,,,,,,0,99,999999999,99999999999,9,99,99,1,0,0,0,0,99,99,9,998,0,0,0,12,99,2,1,54,99,99,0,1,99,99999,9,9,99,9,9,9,999,999,99,99,99,99,99,99,9999,99,9999,0,0,0,0,0,2,2,65,1,1,1,1,0,0,1,90,1,1,1,98,0,0
17,170820,1,1,1,5,12,8,58,35,0,1,0,17,2,20,421,20421,15,1994,1GNEK18K1RJ3,1,G,N,E,K,1,8,K,1,R,J,3,0,P,CHEV,K15,UT,94,17,4757,,0,1115,,G,,0,0,000000000,00000000000,0,0,0,1,0,0,0,0,0,0,0,998,0,1,5,14,98,6,2,1,0,0,0,1,17,62220,6,1,0,0,3,0,71,150,0,0,0,1,0,3,2008,3,2008,1,0,0,0,0,1,2,40,4,3,2,1,0,0,14,6,1,2,4,7,1,1
17,170821,1,2,1,7,11,1,46,12,2,1,0,17,1,20,481,20481,31,2000,1GCGK24U0YE1,1,G,C,G,K,2,4,U,0,Y,E,1,0,T,CHEV,SK2,PK,0,17,,2,0,1330,SIL,G,,0,0,000000000,00000000000,0,0,0,1,0,0,0,0,0,0,0,59,0,0,0,12,12,6,2,12,0,0,0,1,17,61074,6,1,0,0,3,0,70,210,0,0,0,0,0,0,0,0,0,0,0,0,0,0,1,2,50,3,3,2,1,0,0,14,10,1,1,2,50,0,1
17,170821,2,2,1,7,11,1,46,12,2,1,0,17,1,14,17,14017,4,1999,1MEFM53S9XG6,1,M,E,F,M,5,3,S,9,X,G,6,0,P,MERC,SLS,4D,99,17,3299,,0,1085,,G,,0,0,000000000,00000000000,0,0,0,1,0,0,0,0,0,0,0,998,0,0,0,12,12,6,2,12,0,0,0,1,17,61053,6,1,0,0,3,3,66,135,0,0,0,2,0,6,2008,11,2008,0,0,0,0,0,1,2,50,2,3,2,1,0,0,14,62,1,1,1,51,1,1
17,170822,1,1,3,21,11,23,2,34,0,1,0,17,1,22,22,22022,4,2008,1G2ZF57BX841,1,G,2,Z,F,5,7,B,X,8,4,1,0,P,PONT,6VB,4D,8,17,3305,,0,1123,,G,,0,0,000000000,00000000000,0,0,0,1,0,0,0,0,0,0,0,998,0,1,5,14,98,6,2,1,0,0,0,1,17,62703,6,1,0,0,3,0,71,165,0,0,0,0,0,0,0,0,0,1,36,0,0,0,1,2,55,1,3,2,1,0,0,1,6,1,4,4,2,1,1
17,170823,1,1,1,27,11,19,50,18,0,1,0,17,1,47,31,47031,4,1998,YS3DD58B4W20,Y,S,3,D,D,5,8,B,4,W,2,0,0,P,SAA,90S,4H,98,17,3040,,0,1024,,G,,0,0,000000000,00000000000,0,0,0,1,0,0,0,0,0,0,0,998,0,0,0,12,12,6,2,18,0,0,0,1,17,62560,6,1,0,0,3,0,61,160,0,0,0,0,0,0,0,0,0,1,0,0,0,0,1,2,55,3,2,2,1,0,0,14,13,1,1,4,1,1,1
17,170824,1,2,1,17,11,10,0,12,6,1,0,17,1,12,481,12481,31,2004,1FTPX14514NC,1,F,T,P,X,1,4,5,1,4,N,C,0,T,FORD,F15,4C,4,17,,2,1450,1260,COF,G,,0,0,000000000,00000000000,0,0,0,1,0,0,0,0,0,0,0,998,0,0,0,12,12,6,2,39,0,0,0,1,17,62806,6,1,0,0,3,0,73,215,0,0,0,0,0,0,0,0,0,0,28,0,0,0,1,2,30,1,1,2,1,0,0,1,11,1,1,4,88,1,0
17,170824,2,2,1,17,11,10,0,12,6,1,0,17,1,12,481,12481,31,2003,1FTRX17W13NB,1,F,T,R,X,1,7,W,1,3,N,B,0,T,FORD,F15,4C,3,17,,2,1571,1385,COF,G,,0,0,000000000,00000000000,0,0,0,1,0,0,0,0,0,0,0,0,0,0,0,11,11,6,2,12,0,0,0,1,17,62476,6,1,0,0,3,0,75,240,0,0,0,0,0,0,0,0,0,0,0,0,0,0,1,2,30,1,1,2,1,0,0,5,66,1,1,5,89,0,0
17,170825,1,2,1,9,12,16,39,12,6,1,0,55,1,7,472,7472,30,1996,1B7GG23Y7TS6,1,B,7,G,G,2,3,Y,7,T,S,6,0,T,DODG,DAK,PC,96,17,,1,0,1309,DAK,G,,0,0,000000000,00000000000,0,0,0,1,0,0,0,0,0,0,0,998,0,0,0,82,98,6,2,12,0,0,0,1,55,53144,6,1,0,0,3,3,71,195,1,0,0,3,0,1,2008,4,2010,0,0,0,0,0,1,2,45,2,1,2,3,0,0,14,5,1,4,2,64,1,0
17,170825,2,2,1,9,12,16,39,12,6,1,0,6,3,82,883,82883,66,2003,999999999999,9,9,9,9,9,9,9,9,9,9,9,9,1,U,,,,9,17,,,,,,,,1,57,1481667,571481667,3,6,2,1,0,0,0,0,0,0,0,998,0,0,0,12,12,6,2,12,0,0,0,1,6,94538,9,9,99,9,9,9,999,999,99,99,99,99,99,99,9999,99,9999,0,0,0,0,0,1,2,45,3,1,2,3,0,0,14,62,1,1,1,65,0,0