STATE,ST_CASE,VEH_NO,VE_FORMS,NUMOCCS,DAY,MONTH,HOUR,MINUTE,HARM_EV,MAN_COLL,UNITTYPE,HIT_RUN,REG_STAT,OWNER,MAKE,MODEL,MAK_MOD,BODY_TYP,MOD_YEAR,VIN,VIN_1,VIN_2,VIN_3,VIN_4,VIN_5,VIN_6,VIN_7,VIN_8,VIN_9,VIN_10,VIN_11,VIN_12,TOW_VEH,VINTYPE,VINMAKE,VINA_MOD,VIN_BT,VINMODYR,VIN_LNGT,VIN_WGT,WGTCD_TR,WHLBS_LG,WHLBS_SH,SER_TR,FUELCODE,MCYCL_DS,J_KNIFE,MCARR_I1,MCARR_I2,MCARR_ID,GVWR,V_CONFIG,CARGO_BT,HAZ_INV,HAZ_PLAC,HAZ_ID,HAZ_CNO,HAZ_REL,BUS_USE,SPEC_USE,EMER_USE,TRAV_SP,UNDERIDE,ROLLOVER,ROLINLOC,IMPACT1,IMPACT2,DEFORMED,TOWED,M_HARM,VEH_SC1,VEH_SC2,FIRE_EXP,DR_PRES,L_STATE,DR_ZIP,L_STATUS,L_TYPE,CDL_STAT,L_ENDORS,L_COMPL,L_RESTRI,DR_HGT,DR_WGT,PREV_ACC,PREV_SUS,PREV_DWI,PREV_SPD,PREV_OTH,FIRST_MO,FIRST_YR,LAST_MO,LAST_YR,SPEEDREL,DR_SF1,DR_SF2,DR_SF3,DR_SF4,VTRAFWAY,VNUM_LAN,VSPD_LIM,VALIGN,VPROFILE,VPAVETYP,VSURCOND,VTRAFCON,VTCONT_F,P_CRASH1,P_CRASH2,P_CRASH3,PCRASH4,PCRASH5,ACC_TYPE,DEATHS,DR_DRINK
17,170826,1,1,1,12,12,7,56,51,0,1,0,21,1,7,482,7482,31,2009,3D6WC68L09G5,3,D,6,W,C,6,8,L,0,9,G,5,1,T,DODG,L4T,CH,9,17,,4,1885,1645,RPC,D,,2,57,0471773,570471773,3,4,4,1,0,0,0,0,0,0,0,998,0,1,3,0,98,6,2,1,0,0,1,1,21,40229,6,1,6,0,3,0,74,270,0,0,0,0,0,0,0,0,0,1,0,0,0,0,2,2,65,3,2,1,3,0,0,14,98,1,4,4,0,1,0
17,170827,1,1,1,12,12,1,22,8,0,1,1,99,9,99,999,99999,99,9999,999999999999,9,9,9,9,9,9,9,9,9,9,9,9,9,U,,,,9,17,,,,,,,,0,99,999999999,99999999999,9,99,99,1,0,0,0,0,99,99,9,999,0,0,0,12,12,2,1,8,0,0,0,1,99,99999,9,9,99,9,9,9,999,999,99,99,99,99,99,99,9999,99,9999,9,99,99,99,99,1,2,25,1,1,2,3,0,0,1,80,99,1,1,13,0,0
17,170828,1,3,2,15,12,12,30,12,7,1,0,17,1,12,481,12481,31,2007,1FTYR14U47PA,1,F,T,Y,R,1,4,U,4,7,P,A,0,T,FORD,RNS,PS,7,17,,1,0,1260,RNG,G,,0,0,000000000,00000000000,0,0,0,1,0,0,0,0,0,0,0,998,0,0,0,11,12,6,2,12,0,0,0,1,17,61448,6,1,0,0,3,0,74,240,0,0,0,0,0,0,0,0,0,1,39,0,0,0,2,3,45,1,1,1,1,3,3,15,50,1,1,2,47,0,0
17,170828,2,3,1,15,12,12,30,12,7,1,0,17,1,35,443,35443,20,2008,5N1BV28U08N1,5,N,1,B,V,2,8,U,0,8,N,1,0,P,NISS,QST,SV,8,17,4174,,0,1240,,G,,0,0,000000000,00000000000,0,0,0,1,0,0,0,0,0,0,0,0,0,0,0,1,1,2,1,12,0,0,0,1,17,61614,6,1,0,0,3,0,65,165,0,0,0,0,0,0,0,0,0,0,0,0,0,0,2,3,45,1,1,1,1,3,3,5,61,1,1,1,45,0,0
17,170828,3,3,3,15,12,12,30,12,7,1,0,17,1,24,5,24005,4,2002,1G8JW54R92Y5,1,G,8,J,W,5,4,R,9,2,Y,5,0,P,STRN,L30,4D,2,17,3198,,0,1065,,G,,0,0,000000000,00000000000,0,0,0,1,0,0,0,0,0,0,0,998,0,0,0,3,3,6,2,12,0,0,0,1,17,61614,6,1,0,0,3,0,67,215,0,0,0,1,1,12,2009,4,2010,0,0,0,0,0,2,3,45,1,1,2,1,3,3,1,66,1,1,1,98,1,0
17,170829,1,3,1,6,11,22,50,12,2,1,0,17,1,18,7,18007,4,1999,2G4WS52MXX14,2,G,4,W,S,5,2,M,X,X,1,4,0,P,BUIC,CCU,4D,99,17,3353,,0,1090,,G,,0,0,000000000,00000000000,0,0,0,1,0,0,0,0,0,0,0,55,0,0,0,12,12,6,2,12,0,0,0,1,17,62520,6,1,0,0,3,0,71,250,0,0,0,0,0,0,0,0,0,0,28,0,0,0,1,2,55,1,1,2,1,0,0,1,10,1,1,2,50,1,0
17,170829,2,3,1,6,11,22,50,12,2,1,0,17,1,12,471,12471,30,1999,1FTYR14V2XTA,1,F,T,Y,R,1,4,V,2,X,T,A,0,T,FORD,RNS,PS,99,17,,1,0,1257,RNG,F,,0,0,000000000,00000000000,0,0,0,1,0,0,0,0,0,0,0,998,0,0,0,12,12,6,2,12,0,0,0,1,17,62561,6,1,0,0,3,3,63,90,0,0,0,0,0,0,0,0,0,0,0,0,0,0,1,2,55,1,1,2,1,0,0,1,62,1,1,1,51,0,0
17,170829,3,3,1,6,11,22,50,12,2,1,0,17,2,12,441,12441,20,1997,1FMDA11U3VZB,1,F,M,D,A,1,1,U,3,V,Z,B,0,P,FORD,ARO,SV,97,17,3646,,0,1190,,G,,0,0,000000000,00000000000,0,0,0,1,0,0,0,0,0,0,0,998,0,0,0,63,63,2,1,12,0,0,0,1,17,62515,6,1,0,0,3,0,67,200,0,0,0,0,0,0,0,0,0,0,0,0,0,0,1,2,55,1,1,2,1,0,0,1,62,7,1,1,98,0,0
17,170830,1,1,1,7,11,3,0,8,0,1,1,99,9,99,999,99999,99,9999,999999999999,9,9,9,9,9,9,9,9,9,9,9,9,0,U,,,,9,17,,,,,,,,0,0,000000000,00000000000,0,0,0,1,0,0,0,0,0,0,0,998,0,0,0,12,12,9,1,8,99,99,0,1,99,99999,9,9,99,9,9,9,999,999,99,99,99,99,99,99,9999,99,9999,9,99,99,99,99,5,4,40,1,1,2,1,0,0,99,80,99,9,3,13,0,0
17,170831,1,1,1,21,11,18,7,34,0,1,0,17,2,72,706,72706,80,1995,1HD1FDL17SY5,1,H,D,1,F,D,L,1,7,S,Y,5,0,M,HD,FHR,RS,95,17,,,,,,,1340,0,0,000000000,00000000000,0,0,0,1,0,0,0,0,0,0,0,998,0,0,0,14,98,6,2,1,0,0,0,1,17,61937,6,1,0,0,3,0,68,180,0,0,0,0,0,0,0,0,0,0,0,0,0,0,1,2,55,1,1,2,1,0,0,1,13,1,1,4,1,1,1
17,170832,1,1,1,1,12,18,14,8,0,1,0,17,1,37,32,37032,4,1995,1HGCD5637SA1,1,H,G,C,D,5,6,3,7,S,A,1,0,P,HOND,ULE,4D,95,17,2809,,0,1069,,G,,0,0,000000000,00000000000,0,0,0,1,0,0,0,0,0,0,0,998,0,0,0,12,12,6,2,8,0,0,0,1,17,60115,6,1,0,0,3,3,70,165,0,0,0,0,0,0,0,0,0,0,0,0,0,0,1,2,55,1,1,2,1,0,0,1,80,1,1,1,13,0,0
17,170833,1,1,3,4,12,5,20,33,0,1,0,17,1,21,2,21002,4,1998,1G3HN52K5W48,1,G,3,H,N,5,2,K,5,W,4,8,0,P,OLDS,8LW,4D,98,17,3455,,0,1108,,G,,0,0,000000000,00000000000,0,0,0,1,0,0,0,0,0,0,0,998,0,0,0,14,12,6,2,21,0,0,0,1,17,60608,1,1,0,0,2,0,68,195,0,0,0,0,0,0,0,0,0,1,87,0,0,0,4,2,30,1,1,2,3,0,0,1,6,1,1,4,6,1,1
17,170834,1,1,1,4,12,6,21,21,0,1,0,17,2,18,20,18020,4,1999,2G4WB52K1X15,2,G,4,W,B,5,2,K,1,X,1,5,0,P,BUIC,RLL,4D,99,17,3439,,0,1090,,G,,0,0,000000000,00000000000,0,0,0,1,0,0,0,0,0,0,0,998,0,0,0,61,99,6,2,21,0,0,0,1,17,60625,6,1,0,0,3,0,70,205,0,0,0,0,1,4,2009,4,2009,0,28,0,0,0,1,4,30,1,1,2,3,2,2,1,10,1,1,2,12,1,1
17,170835,1,1,2,27,10,20,20,24,0,1,0,17,2,20,481,20481,31,2000,1GCEC19V3YZ1,1,G,C,E,C,1,9,V,3,Y,Z,1,0,T,CHEV,SC1,PC,0,17,,2,1575,1435,SIL,G,,0,0,000000000,00000000000,0,0,0,1,0,0,0,0,0,0,0,998,0,0,0,82,82,6,2,24,0,0,0,1,17,61533,6,2,0,0,3,0,71,146,1,0,0,0,1,3,2010,7,2010,0,28,0,0,0,3,2,65,1,1,1,1,0,0,1,12,1,3,4,7,1,0
17,170836,1,1,3,16,12,11,49,1,0,1,0,25,2,20,403,20403,14,2004,1GNDT13S5422,1,G,N,D,T,1,3,S,5,4,2,2,0,P,CHEV,TRL,UT,4,17,4612,,0,1130,,G,,0,0,000000000,00000000000,0,0,0,1,0,0,0,0,0,0,0,998,0,1,5,0,98,6,2,1,0,0,0,1,25,1247,6,1,0,0,3,3,62,999,1,0,0,0,1,3,2009,3,2009,1,0,0,0,0,2,2,65,1,1,2,4,0,0,1,5,1,3,4,2,1,0
17,170837,1,1,1,20,11,1,0,1,0,1,0,17,1,20,481,20481,31,2001,1GCGK13U21F1,1,G,C,G,K,1,3,U,2,1,F,1,0,T,CHEV,1KH,CW,1,17,,2,0,1530,SIL,G,,0,0,000000000,00000000000,0,0,0,1,0,0,0,0,0,0,0,998,0,1,5,0,98,6,2,1,0,0,0,1,17,62889,6,1,0,0,3,0,70,135,0,0,0,0,0,0,0,0,0,0,0,0,0,0,1,2,55,3,2,2,1,0,0,14,13,1,1,4,1,1,1
17,170838,1,1,1,12,12,18,9,8,0,1,1,17,2,9,442,9442,20,1994,1C4GH54L1RX2,1,C,4,G,H,5,4,L,1,R,X,2,0,P,CHRY,TWC,SV,94,17,3873,,0,1193,,G,,0,0,000000000,00000000000,0,0,0,1,0,0,0,0,0,0,0,998,0,0,0,12,12,6,2,8,0,0,0,1,17,60016,6,1,0,0,3,3,68,150,0,0,0,1,0,10,2010,10,2010,1,28,38,0,0,2,2,35,1,1,2,2,3,3,1,80,1,1,1,13,0,0
17,170839,1,1,3,4,12,16,21,35,0,1,0,17,1,22,20,22020,4,2004,1G2NF52EX4C2,1,G,2,N,F,5,2,E,X,4,C,2,0,P,PONT,SE1,4D,4,17,3066,,0,1070,,G,,0,0,000000000,00000000000,0,0,0,1,0,0,0,0,0,0,0,998,0,1,5,12,13,6,2,42,0,0,0,1,17,61604,2,1,0,0,2,0,64,130,0,1,0,2,0,12,2007,2,2009,1,87,0,0,0,1,2,45,3,1,2,2,0,0,14,6,1,4,4,7,1,0
17,170840,1,3,1,7,12,17,3,12,2,1,0,17,1,48,38,48038,6,1993,JF1GF2444PK8,J,F,1,G,F,2,4,4,4,P,K,8,0,P,SUBA,ILP,SW,93,17,2460,,0,991,,G,,0,0,000000000,00000000000,0,0,0,1,0,0,0,0,0,0,0,70,0,0,0,12,12,6,2,12,0,0,0,1,17,61443,6,1,0,0,3,3,67,180,0,0,0,0,0,0,0,0,0,1,33,0,0,0,1,2,55,1,3,2,1,28,3,6,54,1,1,2,50,1,0
17,170840,2,3,2,7,12,17,3,12,2,1,0,17,1,37,31,37031,4,1994,1HGEG8658RL0,1,H,G,E,G,8,6,5,8,R,L,0,0,P,HOND,CLX,4D,94,17,2340,,0,1032,,G,,0,0,000000000,00000000000,0,0,0,1,0,0,0,0,0,0,0,55,0,0,0,12,12,6,2,12,0,0,0,1,17,61491,6,1,0,0,3,0,72,200,0,0,0,0,0,0,0,0,0,0,0,0,0,0,1,2,55,1,3,2,1,29,3,1,54,3,2,1,51,0,0
17,170840,3,3,1,7,12,17,3,12,2,1,0,17,1,35,39,35039,4,2010,1N4AA5APXAC8,1,N,4,A,A,5,A,P,X,A,C,8,0,P,NISS,MSV,4D,10,17,3556,,0,1093,,G,,0,0,000000000,00000000000,0,0,0,1,0,0,0,0,0,0,0,998,0,0,0,12,12,6,2,12,0,0,0,1,17,61379,6,1,0,0,3,3,67,135,0,0,0,0,0,0,0,0,0,0,0,0,0,0,1,2,55,1,3,2,1,28,3,1,59,1,1,1,98,0,0
17,170841,1,1,4,25,12,9,46,34,0,1,0,17,1,6,441,6441,20,1999,1C4GP54G2XB8,1,C,4,G,P,5,4,G,2,X,B,8,0,P,CHRY,TWC,SV,99,17,3953,,0,1193,,F,,0,0,000000000,00000000000,0,0,0,1,0,0,0,0,0,0,0,998,0,1,5,12,98,6,2,1,0,0,0,1,17,62530,6,1,0,0,3,0,65,155,0,0,0,0,0,0,0,0,0,1,87,0,0,0,1,2,55,1,2,2,4,0,0,1,5,1,2,4,7,1,0
17,170842,1,3,1,16,12,4,53,12,2,1,0,19,3,51,881,51881,66,1998,4VG7DARF1WN7,4,V,G,7,D,A,R,F,1,W,N,7,1,T,VOLV,VVN,DS,98,17,,8,0,0,VVN,D,,3,57,87413,5787413,3,6,1,1,0,0,0,0,0,0,0,50,1,0,0,12,98,6,2,12,0,0,0,1,19,50322,6,1,6,0,3,0,64,190,0,1,0,0,0,8,2008,8,2008,1,28,0,0,0,2,2,65,4,1,1,4,0,0,14,5,1,4,6,50,1,0
17,170842,2,3,1,16,12,4,53,12,2,1,0,95,3,98,804,98804,66,2007,5KJJALCK67PY,5,K,J,J,A,L,C,K,6,7,P,Y,1,T,WSTR,49S,DS,7,17,,8,0,0,CNV,D,,3,57,456043,57456043,3,6,1,1,0,0,0,0,0,0,0,998,0,0,0,12,98,6,2,12,0,0,0,1,95,99999,9,9,99,9,9,9,999,999,99,99,99,99,99,99,9999,99,9999,0,0,0,0,0,2,2,65,4,2,1,3,0,0,14,64,1,1,1,51,0,0
17,170842,3,3,1,16,12,4,53,12,2,1,0,18,3,82,881,82881,66,2010,1FUJGLDR1ASA,1,F,U,J,G,L,D,R,1,A,S,A,1,T,FRHT,125,DS,10,17,,8,0,0,CSC,D,,3,57,58406,5758406,3,6,1,1,0,0,0,0,0,0,0,998,0,0,0,12,98,6,2,12,0,0,0,1,6,92126,6,1,6,0,3,0,72,225,0,1,0,0,0,11,2009,11,2009,0,0,0,0,0,2,2,65,4,2,1,3,0,0,14,51,1,1,1,98,0,0
17,170843,1,3,1,23,12,17,19,12,1,1,0,37,1,35,47,35047,4,2006,1N4BL11E36C2,1,N,4,B,L,1,1,E,3,6,C,2,0,P,NISS,ASR,4D,6,17,3101,,0,1102,,G,,0,0,000000000,00000000000,0,0,0,1,0,0,0,0,0,0,0,998,0,0,0,12,98,6,2,12,0,0,0,1,19,52601,6,1,0,0,3,0,70,170,1,0,0,0,1,2,2009,5,2009,1,26,0,0,0,2,2,50,1,2,1,1,0,0,1,51,7,1,2,24,1,0
17,170843,2,3,2,23,12,17,19,12,1,1,0,12,1,51,881,51881,66,2005,4V4NC9GH95N3,4,V,4,N,C,9,G,H,9,5,N,3,1,T,VOLV,VNL,DS,5,17,,8,0,0,VVN,D,,1,57,1325231,571325231,3,6,1,1,0,0,0,0,0,0,0,998,0,0,0,6,98,6,2,12,0,0,0,1,4,85032,6,1,2,0,2,2,72,240,0,2,0,1,1,11,2008,9,2010,0,74,0,0,0,2,2,50,2,1,1,1,0,0,14,53,1,1,1,25,0,0
17,170843,3,3,2,23,12,17,19,12,1,1,0,46,1,38,401,38401,14,2001,JACDJ58X417J,J,A,C,D,J,5,8,X,4,1,7,J,0,P,ISU,TRO,UT,1,17,4455,,0,1087,,G,,0,0,000000000,00000000000,0,0,0,1,0,0,0,0,0,0,0,998,0,0,0,62,98,6,2,12,0,0,0,1,46,57751,6,1,6,0,3,0,73,210,0,0,0,0,0,0,0,0,0,0,0,0,0,0,2,2,50,2,1,1,1,0,0,14,60,1,1,1,98,0,0
17,170844,1,2,1,15,12,20,42,12,6,1,0,17,1,41,51,41051,4,2004,JM1BK12F4411,J,M,1,B,K,1,2,F,4,4,1,1,0,P,MAZD,M3I,4D,4,17,2696,,0,1039,,G,,0,0,000000000,00000000000,0,0,0,1,0,0,0,0,0,0,0,998,0,0,0,9,9,6,2,12,0,0,0,1,17,62231,6,1,0,0,3,0,64,140,0,0,0,0,0,0,0,0,0,0,28,51,87,0,3,4,65,1,1,1,4,0,0,1,5,1,2,2,66,1,0
17,170844,2,2,1,15,12,20,42,12,6,1,0,12,3,87,881,87881,66,2007,1XP5DB9X67N6,1,X,P,5,D,B,9,X,6,7,N,6,1,T,PTRB,379,DS,7,17,,8,0,0,CON,D,,1,57,1214759,571214759,3,6,1,1,0,0,0,0,0,0,0,998,0,0,0,12,12,6,2,12,0,0,0,1,12,33883,6,1,6,3,3,3,68,999,0,0,0,0,1,9,2008,9,2008,0,0,0,0,0,3,4,65,1,1,1,4,0,0,1,62,1,1,1,66,0,0
17,170845,1,1,1,24,12,11,47,1,0,1,0,17,1,35,401,35401,14,2007,5N1AR18W77C6,5,N,1,A,R,1,8,W,7,7,C,6,0,P,NISS,PFI,UT,7,17,4505,,0,1122,,G,,0,0,000000000,00000000000,0,0,0,1,0,0,0,0,0,0,0,998,0,1,4,0,98,6,2,1,0,0,0,1,17,60506,6,1,0,0,3,0,68,190,0,0,0,0,0,0,0,0,0,1,0,0,0,0,2,2,65,2,1,1,4,0,0,14,5,1,4,4,2,1,0
17,170846,1,4,2,15,12,22,0,12,6,1,0,17,2,49,472,49472,30,2007,5TEJU62N67Z4,5,T,E,J,U,6,2,N,6,7,Z,4,1,T,TOYT,DCP,CW,7,17,,1,0,1278,TAC,G,,3,0,000000000,00000000000,0,0,0,1,0,0,0,0,0,0,0,998,0,0,0,11,98,6,2,12,0,0,0,1,17,60431,6,1,0,0,3,0,66,160,0,0,0,0,0,0,0,0,0,1,87,0,0,0,2,2,65,1,1,1,4,0,0,1,5,1,2,2,45,1,0
17,170846,2,4,7,15,12,22,0,12,6,1,0,17,1,49,422,49422,15,2001,5TDBT48A01S0,5,T,D,B,T,4,8,A,0,1,S,0,1,P,TOYT,SEQ,UT,1,17,5295,,0,1181,,G,,3,0,000000000,00000000000,0,0,0,1,0,0,0,0,0,0,0,998,0,0,0,1,12,6,2,54,0,0,0,1,17,60060,6,1,6,0,3,3,66,170,0,0,0,1,0,9,2010,9,2010,1,0,0,0,0,2,2,65,1,1,1,2,0,0,1,53,1,2,3,44,1,0
17,170846,3,4,2,15,12,22,0,12,6,1,0,40,3,82,884,82884,66,2011,1FUJA6DR1BDA,1,F,U,J,A,6,D,R,1,B,D,A,1,T,FRHT,COL,DS,11,17,,8,0,0,CON,D,,3,57,00053773,5700053773,3,6,1,1,0,0,0,0,0,0,0,998,0,1,3,0,18,6,2,1,0,0,0,1,53,98290,6,1,6,3,3,3,73,200,0,0,0,0,0,0,0,0,0,0,0,0,0,0,2,2,65,1,1,1,2,0,0,1,53,6,1,4,98,0,0
17,170846,4,4,3,15,12,22,0,12,6,1,0,17,2,12,442,12442,20,2000,2FMDA534XYBB,2,F,M,D,A,5,3,4,X,Y,B,B,0,T,FORD,WSL,ES,0,17,,1,0,1207,WIN,G,,0,0,000000000,00000000000,0,0,0,1,0,0,0,0,0,0,0,998,0,0,0,12,12,6,2,12,0,0,0,1,96,60084,9,9,99,9,9,9,999,999,99,99,99,99,99,99,9999,99,9999,0,0,0,0,0,2,2,65,1,1,1,2,0,0,1,52,1,1,1,98,0,0
17,170847,1,2,3,24,12,19,22,12,2,1,0,17,1,35,49,35049,6,2009,JN8AZ18U19W0,J,N,8,A,Z,1,8,U,1,9,W,0,0,P,NISS,MUR,UT,9,17,3855,,0,1112,,G,,0,0,000000000,00000000000,0,0,0,1,0,0,0,0,0,0,0,998,0,0,0,12,98,6,2,12,0,0,0,1,17,60649,6,1,0,0,3,0,61,200,1,0,0,2,0,1,2008,1,2009,1,79,0,0,0,1,2,55,2,2,2,3,0,0,14,5,1,2,2,50,0,1
17,170847,2,2,3,24,12,19,22,12,2,1,0,17,1,22,20,22020,4,1993,1G2WH54T3PF2,1,G,2,W,H,5,4,T,3,P,F,2,0,P,PONT,GFL,4D,93,17,3219,,0,1075,,G,,0,0,000000000,00000000000,0,0,0,1,0,0,0,0,0,0,0,998,0,0,0,12,98,6,2,12,0,0,0,1,17,62426,6,1,0,0,3,0,69,179,0,0,0,0,0,0,0,0,0,0,0,0,0,0,1,2,55,3,2,2,4,0,0,14,62,1,1,1,51,2,0
17,170848,1,1,1,12,12,16,5,8,0,1,1,99,9,99,999,99999,99,9999,999999999999,9,9,9,9,9,9,9,9,9,9,9,9,0,U,,,,9,17,,,,,,,,0,0,000000000,00000000000,0,0,0,1,0,0,0,0,0,0,0,998,0,0,0,12,98,2,1,8,99,99,0,1,99,99999,9,9,99,9,9,9,999,999,99,99,99,99,99,99,9999,99,9999,0,99,99,99,99,2,2,65,1,3,1,4,0,0,1,50,7,1,4,13,0,0
17,170849,1,2,1,24,12,14,50,12,6,1,0,17,1,13,12,13012,4,2000,1LNHM87A6YY8,1,L,N,H,M,8,7,A,6,Y,Y,8,0,P,LINC,LLS,4D,0,17,3692,,0,1145,,G,,0,0,000000000,00000000000,0,0,0,1,0,0,0,0,0,0,0,998,0,0,0,9,9,6,2,12,0,0,0,1,17,62703,6,1,0,0,3,3,73,190,0,0,0,0,0,0,0,0,0,1,87,28,0,0,2,2,65,1,1,1,3,0,0,1,5,1,4,2,44,1,0
17,170849,2,2,1,24,12,14,50,12,6,1,0,29,3,89,881,89881,66,1995,4V1WDBGH6SN6,4,V,1,W,D,B,G,H,6,S,N,6,1,T,WHGM,WIA,DS,95,17,,8,0,0,ARO,D,,1,57,469016,57469016,3,6,1,1,0,0,0,0,0,0,0,998,0,0,0,12,12,6,2,12,0,0,0,1,29,65355,6,1,6,3,3,0,68,210,0,0,0,0,0,0,0,0,0,0,0,0,0,0,2,2,65,1,1,1,3,0,0,1,60,1,1,1,45,0,0
17,170850,1,1,3,29,12,20,9,42,0,1,0,17,2,49,32,49032,4,2007,1NXBR32E17Z8,1,N,X,B,R,3,2,E,1,7,Z,8,0,P,TOYT,UCS,4D,7,17,2530,,0,1024,,G,,0,0,000000000,00000000000,0,0,0,1,0,0,0,0,0,0,0,75,0,1,5,3,3,6,2,42,0,0,0,1,17,61938,6,2,0,0,3,3,64,120,0,0,0,0,0,0,0,0,0,1,52,0,0,0,1,2,55,1,2,2,2,0,0,1,6,1,4,4,7,1,0
17,170851,1,2,3,24,12,10,0,12,2,1,0,17,1,20,421,20421,15,2000,1GNDT13W1Y22,1,G,N,D,T,1,3,W,1,Y,2,2,0,P,CHEV,BZR,UT,0,17,4049,,0,1070,,G,,0,0,000000000,00000000000,0,0,0,1,0,0,0,0,0,0,0,998,0,0,0,12,12,6,2,12,0,0,0,1,17,62812,6,1,0,0,3,0,61,160,0,0,0,1,0,4,2010,4,2010,1,28,0,0,0,1,2,50,1,1,2,4,0,0,1,5,6,4,6,50,0,0
17,170851,2,2,1,24,12,10,0,12,2,1,0,17,1,12,442,12442,20,2000,2FMZA5240YBC,2,F,M,Z,A,5,2,4,0,Y,B,C,0,T,FORD,WSE,ES,0,17,,1,0,1207,WIN,G,,0,0,000000000,00000000000,0,0,0,1,0,0,0,0,0,0,0,998,0,0,0,12,12,6,2,12,0,0,0,1,17,62864,6,1,0,0,3,0,69,270,0,0,0,0,0,0,0,0,0,0,0,0,0,0,1,2,50,1,1,2,4,0,0,1,62,1,1,1,51,1,0
17,170852,1,1,3,26,12,1,50,33,0,1,0,37,1,7,25,7025,5,2010,1B3CB4HA0AD6,1,B,3,C,B,4,H,A,0,A,D,6,0,P,DODG,CXT,4D,10,17,3039,,0,1037,,G,,0,0,000000000,00000000000,0,0,0,1,0,0,0,0,0,0,0,998,0,0,0,14,98,6,2,19,0,0,0,1,17,60645,2,1,0,0,2,0,999,999,0,3,0,0,3,7,2010,10,2010,0,36,0,0,0,1,4,30,1,1,2,1,0,0,1,12,1,1,4,6,1,1
17,170853,1,1,1,27,12,8,0,8,0,1,0,17,4,63,38,63038,4,2010,KNAFU4A24A58,K,N,A,F,U,4,A,2,4,A,5,8,0,P,KIA,FEX,4D,10,17,2707,,0,1043,,G,,0,0,000000000,00000000000,0,0,0,1,0,0,0,0,0,0,0,998,0,0,0,12,12,2,1,8,0,0,0,1,17,60617,6,1,0,0,3,3,62,150,0,0,0,0,0,0,0,0,0,0,86,0,0,0,1,4,30,1,1,2,1,0,0,1,80,1,1,1,13,0,0
17,170854,1,2,2,27,12,17,15,12,2,1,0,17,2,2,404,2404,14,1995,1J4GZ58S3SC6,1,J,4,G,Z,5,8,S,3,S,C,6,0,T,JEEP,LRO,4W,95,17,,1,0,1059,GCK,G,,0,0,000000000,00000000000,0,0,0,1,0,0,0,0,0,0,0,998,0,0,0,12,12,6,2,12,0,0,0,1,17,62839,6,1,0,0,3,0,68,105,0,0,0,0,0,0,0,0,0,1,28,0,0,0,1,2,55,1,1,2,4,0,0,1,5,6,4,2,50,0,0
17,170854,2,2,1,27,12,17,15,12,2,1,0,17,1,49,472,49472,30,2005,5TETX22N55Z0,5,T,E,T,X,2,2,N,5,5,Z,0,0,T,TOYT,ACC,PC,5,17,,1,0,1219,TAC,G,,0,0,000000000,00000000000,0,0,0,1,0,0,0,0,0,0,0,998,0,0,0,12,12,6,2,12,0,0,0,1,17,62839,6,1,0,0,3,0,70,210,0,0,0,0,0,0,0,0,0,0,0,0,0,0,1,2,55,1,1,2,4,0,0,1,62,1,1,1,51,1,0
17,170855,1,2,1,28,12,19,21,12,6,1,0,18,1,87,881,87881,66,1999,1XP5DR9X5XN4,1,X,P,5,D,R,9,X,5,X,N,4,1,T,PTRB,379,DS,99,17,,8,0,0,CON,D,,1,57,944145,57944145,3,6,4,1,0,0,0,0,0,0,0,998,0,0,0,12,12,6,2,12,0,0,0,1,18,46319,6,1,6,0,3,0,65,230,0,0,0,2,0,3,2009,8,2010,1,38,53,0,0,1,2,50,1,1,2,1,3,1,1,66,1,1,1,88,0,0
17,170855,2,2,1,28,12,19,21,12,6,1,0,55,2,35,47,35047,4,1999,1N4DL01D2XC2,1,N,4,D,L,0,1,D,2,X,C,2,0,P,NISS,AGS,4D,99,17,2762,,0,1031,,G,,0,0,000000000,00000000000,0,0,0,1,0,0,0,0,0,0,0,998,0,0,0,61,98,6,2,12,0,0,0,1,55,53158,6,1,0,0,3,3,66,170,0,0,0,0,1,4,2008,4,2008,0,0,0,0,0,1,2,50,1,1,2,1,3,1,4,66,1,1,1,89,1,0
17,170856,1,1,1,4,5,9,42,33,0,1,0,17,1,12,17,12017,4,2000,1FAFP3439YW3,1,F,A,F,P,3,4,3,9,Y,W,3,0,P,FORD,FSS,4D,0,17,2564,,0,1030,,G,,0,0,000000000,00000000000,0,0,0,1,0,0,0,0,0,0,0,998,0,0,0,14,98,6,2,3,0,0,0,1,17,60148,6,1,0,0,3,0,70,220,0,0,0,1,0,3,2009,3,2009,1,0,0,0,0,1,2,30,1,3,2,1,0,0,1,14,1,1,4,14,1,0
17,170857,1,2,1,10,9,14,37,12,6,1,0,17,1,49,33,49033,2,1992,JT2ST87F7N01,J,T,2,S,T,8,7,F,7,N,0,1,0,P,TOYT,CGF,CP,92,17,2623,,0,994,,G,,0,0,000000000,00000000000,0,0,0,1,0,0,0,0,0,0,0,998,0,0,0,12,12,6,2,12,0,0,0,1,17,60120,6,2,0,0,3,3,72,140,0,0,0,0,0,0,0,0,0,0,39,0,0,0,1,2,55,1,1,2,1,20,3,1,17,1,1,1,86,0,0