STATE,ST_CASE,VEH_NO,VE_FORMS,NUMOCCS,DAY,MONTH,HOUR,MINUTE,HARM_EV,MAN_COLL,UNITTYPE,HIT_RUN,REG_STAT,OWNER,MAKE,MODEL,MAK_MOD,BODY_TYP,MOD_YEAR,VIN,VIN_1,VIN_2,VIN_3,VIN_4,VIN_5,VIN_6,VIN_7,VIN_8,VIN_9,VIN_10,VIN_11,VIN_12,TOW_VEH,VINTYPE,VINMAKE,VINA_MOD,VIN_BT,VINMODYR,VIN_LNGT,VIN_WGT,WGTCD_TR,WHLBS_LG,WHLBS_SH,SER_TR,FUELCODE,MCYCL_DS,J_KNIFE,MCARR_I1,MCARR_I2,MCARR_ID,GVWR,V_CONFIG,CARGO_BT,HAZ_INV,HAZ_PLAC,HAZ_ID,HAZ_CNO,HAZ_REL,BUS_USE,SPEC_USE,EMER_USE,TRAV_SP,UNDERIDE,ROLLOVER,ROLINLOC,IMPACT1,IMPACT2,DEFORMED,TOWED,M_HARM,VEH_SC1,VEH_SC2,FIRE_EXP,DR_PRES,L_STATE,DR_ZIP,L_STATUS,L_TYPE,CDL_STAT,L_ENDORS,L_COMPL,L_RESTRI,DR_HGT,DR_WGT,PREV_ACC,PREV_SUS,PREV_DWI,PREV_SPD,PREV_OTH,FIRST_MO,FIRST_YR,LAST_MO,LAST_YR,SPEEDREL,DR_SF1,DR_SF2,DR_SF3,DR_SF4,VTRAFWAY,VNUM_LAN,VSPD_LIM,VALIGN,VPROFILE,VPAVETYP,VSURCOND,VTRAFCON,VTCONT_F,P_CRASH1,P_CRASH2,P_CRASH3,PCRASH4,PCRASH5,ACC_TYPE,DEATHS,DR_DRINK
17,170857,2,2,2,10,9,14,37,12,6,1,0,37,1,18,7,18007,4,2003,2G4WS55J2311,2,G,4,W,S,5,5,J,2,3,1,1,0,P,BUIC,CCU,4D,3,17,3368,,0,1090,,G,,0,0,000000000,00000000000,0,0,0,1,0,0,0,0,0,0,0,998,0,0,0,2,2,6,2,12,0,0,0,1,37,27312,6,1,0,0,3,3,70,999,1,0,0,0,0,2,2010,2,2010,0,39,0,0,0,1,2,55,1,1,2,1,20,3,1,17,1,1,1,87,1,0
17,170858,1,1,1,13,11,18,9,8,0,1,0,17,2,20,481,20481,31,2001,1GCEK19T51E1,1,G,C,E,K,1,9,T,5,1,E,1,0,T,CHEV,SK1,4C,1,17,,2,1575,1435,SIL,G,,0,0,000000000,00000000000,0,0,0,1,0,0,0,0,0,0,0,998,0,0,0,12,12,6,8,8,0,0,0,1,17,60120,6,1,0,0,3,0,65,155,0,0,0,0,0,0,0,0,0,1,38,0,0,0,1,4,30,1,1,2,1,0,0,1,80,1,1,1,13,0,0
17,170859,1,1,1,16,11,23,42,34,0,1,0,17,2,22,20,22020,4,2002,1G2WP52K32F1,1,G,2,W,P,5,2,K,3,2,F,1,0,P,PONT,GPG,4D,2,17,3496,,0,1105,,G,,0,0,000000000,00000000000,0,0,0,1,0,0,0,0,0,0,0,998,0,1,5,12,12,6,2,2,0,0,1,1,4,61061,6,1,0,0,3,0,75,215,0,2,0,0,1,1,2008,9,2010,1,0,0,0,0,1,2,55,1,1,2,2,0,0,1,13,1,1,4,1,1,1
17,170860,1,2,1,21,11,14,15,12,6,1,0,17,2,24,1,24001,4,1995,1G8ZH5281SZ1,1,G,8,Z,H,5,2,8,1,S,Z,1,0,P,STRN,SL1,4D,95,17,2252,,0,1024,,G,,0,0,000000000,00000000000,0,0,0,1,0,0,0,0,0,0,0,998,0,0,0,9,9,6,2,12,0,0,0,1,17,61010,6,1,0,0,3,3,71,210,0,0,0,0,0,0,0,0,0,1,36,28,0,0,1,2,55,2,1,2,2,0,0,14,6,1,4,2,64,1,1
17,170860,2,2,2,21,11,14,15,12,6,1,0,17,1,63,31,63031,4,2001,KNAFB1212150,K,N,A,F,B,1,2,1,2,1,5,0,0,P,KIA,SPL,4D,1,17,2478,,0,1008,,G,,0,0,000000000,00000000000,0,0,0,1,0,0,0,0,0,0,0,998,0,0,0,12,12,6,2,12,0,0,0,1,17,61021,6,1,0,0,3,3,66,160,0,0,0,0,0,0,0,0,0,0,0,0,0,0,1,2,55,3,1,2,2,0,0,14,62,1,1,1,65,0,0
17,170861,1,2,2,13,12,9,22,12,6,1,0,17,1,13,421,13421,15,2008,5LMFU28508LJ,5,L,M,F,U,2,8,5,0,8,L,J,0,P,LINC,NAV,UT,8,17,6070,,0,1190,,G,,0,0,000000000,00000000000,0,0,0,1,0,0,0,0,0,0,0,998,0,0,0,12,12,6,2,12,0,0,0,1,17,60073,6,1,0,0,3,0,64,130,0,0,0,0,1,5,2008,5,2008,1,39,0,0,0,1,2,45,1,1,2,2,1,3,1,6,1,1,1,86,0,0
17,170861,2,2,5,13,12,9,22,12,6,1,0,17,1,2,404,2404,14,1995,1J4GZ78Y8SC7,1,J,4,G,Z,7,8,Y,8,S,C,7,0,T,JEEP,L/O,4W,95,17,,1,0,1059,GCK,G,,0,0,000000000,00000000000,0,0,0,1,0,0,0,0,0,0,0,998,0,0,0,83,83,6,2,12,0,0,0,1,17,60085,6,1,0,0,3,0,71,215,0,0,0,0,0,0,0,0,0,0,0,0,0,0,1,2,45,1,1,2,2,1,3,1,17,1,1,1,87,1,0
17,170862,1,2,1,23,12,14,52,12,8,1,0,17,1,51,881,51881,66,2005,4V4NC9TJ55N3,4,V,4,N,C,9,T,J,5,5,N,3,1,T,VOLV,VNL,DS,5,17,,8,0,0,VVN,D,,3,57,1972877,571972877,3,6,2,1,0,0,0,0,0,0,0,998,0,1,1,63,98,6,2,12,0,0,0,1,21,42519,6,1,6,0,3,0,69,130,0,0,0,0,0,0,0,0,0,1,28,0,0,0,1,2,40,2,2,2,1,0,0,14,10,1,1,2,64,0,0
17,170862,2,2,5,23,12,14,52,12,8,1,0,17,2,7,422,7422,15,2005,1D4HB48N95F5,1,D,4,H,B,4,8,N,9,5,F,5,0,P,DODG,DUR,UT,5,17,4958,,0,1192,,G,,0,0,000000000,00000000000,0,0,0,1,0,0,0,0,0,0,0,998,0,0,0,62,98,6,2,12,0,0,0,1,17,60901,2,1,0,0,2,2,72,170,0,1,0,0,1,1,2010,1,2010,0,74,0,0,0,1,2,40,3,2,2,1,0,0,14,62,1,1,1,65,1,1
17,170863,1,3,1,21,11,12,18,12,6,1,0,17,2,35,49,35049,6,2004,JN8AZ08W14W3,J,N,8,A,Z,0,8,W,1,4,W,3,0,P,NISS,MUR,UT,4,17,3822,,0,1112,,G,,0,0,000000000,00000000000,0,0,0,1,0,0,0,0,0,0,0,998,0,0,0,12,12,6,2,12,0,0,0,1,17,61523,6,1,0,0,3,3,62,115,0,0,0,0,0,0,0,0,0,0,39,0,0,0,5,4,40,1,1,2,2,3,3,1,55,1,1,1,83,0,0
17,170863,2,3,1,21,11,12,18,12,6,1,0,17,1,13,1,13001,4,2003,1LNHM82W03Y6,1,L,N,H,M,8,2,W,0,3,Y,6,0,P,LINC,SIG,4D,3,17,4156,,0,1177,,G,,0,0,000000000,00000000000,0,0,0,1,0,0,0,0,0,0,0,998,0,0,0,9,9,6,2,12,0,0,0,1,17,61523,6,1,0,0,3,3,70,170,0,0,0,0,0,0,0,0,0,0,0,0,0,0,1,2,40,1,1,2,2,3,3,11,66,1,1,1,82,1,0
17,170863,3,3,1,21,11,12,18,12,6,1,0,17,1,12,422,12422,15,1997,1FMFU18L9VLA,1,F,M,F,U,1,8,L,9,V,L,A,0,P,FORD,EPT,UT,97,17,4827,,0,1190,,G,,0,0,000000000,00000000000,0,0,0,1,0,0,0,0,0,0,0,998,0,0,0,63,63,6,2,12,0,0,0,1,17,61523,6,1,0,0,3,0,76,255,0,0,0,0,0,0,0,0,0,0,0,0,0,0,1,2,40,1,1,2,2,3,3,1,66,1,1,1,98,0,0
17,170864,1,1,2,5,12,1,42,30,0,1,0,17,2,7,20,7020,4,2001,1B3ES46C31D2,1,B,3,E,S,4,6,C,3,1,D,2,0,P,DODG,NSS,4D,1,17,2585,,0,1050,,G,,0,0,000000000,00000000000,0,0,0,1,0,0,0,0,0,0,0,998,0,0,0,6,6,6,2,30,0,0,0,1,17,60407,6,1,6,0,3,0,69,180,0,0,0,0,0,0,0,0,0,0,0,0,0,0,1,2,55,1,1,2,4,0,0,1,5,1,4,4,7,1,1
17,170865,1,1,2,17,12,6,20,34,0,1,0,17,1,12,481,12481,31,2001,1FTRX17L51NB,1,F,T,R,X,1,7,L,5,1,N,B,0,T,FORD,F15,4C,1,17,,2,1571,1385,COF,G,,0,0,000000000,00000000000,0,0,0,1,0,0,0,0,0,0,0,998,0,1,5,12,13,6,2,1,0,0,0,1,17,62454,6,1,0,0,3,3,76,280,0,0,0,0,0,0,0,0,0,0,87,0,0,0,1,2,55,1,1,2,4,0,0,1,5,1,2,4,2,1,0
17,170866,1,2,1,24,12,12,54,12,2,1,0,17,1,41,398,41398,9,1989,JM3LV5222K01,J,M,3,L,V,5,2,2,2,K,0,1,0,P,MAZD,MWG,SV,89,17,3316,,0,1104,,G,,0,0,000000000,00000000000,0,0,0,1,0,0,0,0,0,0,0,998,0,0,0,12,12,6,2,12,0,0,0,1,17,61604,6,1,0,0,3,3,71,165,0,0,0,0,0,0,0,0,0,1,87,0,0,0,1,2,55,1,1,2,3,0,0,1,5,1,2,2,50,1,0
17,170866,2,2,2,24,12,12,54,12,2,1,0,17,2,20,403,20403,14,2008,1GNDT13S1821,1,G,N,D,T,1,3,S,1,8,2,1,0,P,CHEV,TRL,UT,8,17,4523,,0,1130,,G,,0,0,000000000,00000000000,0,0,0,1,0,0,0,0,0,0,0,998,0,0,0,12,12,6,2,12,0,0,0,1,17,61523,6,1,0,0,3,3,74,230,0,0,0,0,0,0,0,0,0,0,0,0,0,0,1,2,55,1,1,2,3,0,0,1,60,7,1,2,51,0,0
17,170868,1,1,1,12,10,17,40,1,0,1,0,17,1,72,706,72706,80,2005,1HD1FCW115Y6,1,H,D,1,F,C,W,1,1,5,Y,6,0,M,HD,FLU,RS,5,17,,,,,,,1450,0,0,000000000,00000000000,0,0,0,1,0,0,0,0,0,0,0,45,0,0,0,0,98,6,2,1,0,0,0,1,17,60031,6,1,0,0,3,3,62,130,0,0,0,0,0,0,0,0,0,0,84,0,0,0,1,4,35,1,1,2,1,0,0,1,54,3,2,2,98,1,0
17,170869,1,1,1,4,11,9,30,19,0,1,0,17,1,18,401,18401,14,2006,3G5DA03L36S5,3,G,5,D,A,0,3,L,3,6,S,5,0,P,BUIC,RZV,UT,6,17,4096,,0,1122,,G,,0,0,000000000,00000000000,0,0,0,1,0,0,0,0,0,0,0,998,0,0,0,12,12,6,2,19,0,0,0,1,17,61530,6,1,0,0,3,3,58,195,0,0,0,0,0,0,0,0,0,0,0,0,0,0,1,2,55,1,1,2,1,0,0,1,12,1,1,4,6,1,0
17,170870,1,1,2,5,11,23,10,14,0,1,0,17,1,7,43,7043,2,2002,4B3AG42H72E0,4,B,3,A,G,4,2,H,7,2,E,0,0,P,DODG,SSE,2P,2,17,2949,,0,1037,,G,,0,0,000000000,00000000000,0,0,0,1,0,0,0,0,0,0,0,998,0,0,0,12,12,6,2,14,0,0,0,1,17,61701,6,1,0,0,3,3,60,150,0,0,0,3,0,7,2008,10,2010,0,28,0,0,0,1,2,30,1,1,2,1,0,0,1,11,1,1,4,98,1,1
17,170871,1,2,1,13,11,21,0,12,10,1,0,17,2,30,40,30040,4,2001,3VWPD69M71M1,3,V,W,P,D,6,9,M,7,1,M,1,0,P,VOLK,JWE,4D,1,17,2877,,0,989,,G,,0,0,000000000,00000000000,0,0,0,1,0,0,0,0,0,0,0,998,0,0,0,6,6,6,2,12,0,0,0,1,17,60109,6,2,0,0,3,3,72,135,0,0,0,0,0,0,0,0,0,1,52,0,0,0,1,2,35,1,1,2,1,0,0,1,6,1,3,2,98,1,0
17,170871,2,2,2,13,11,21,0,12,10,1,0,17,2,12,481,12481,31,1997,1FTDX18W5VKD,1,F,T,D,X,1,8,W,5,V,K,D,0,T,FORD,F15,3C,97,17,,1,1570,1390,COF,G,,0,0,000000000,00000000000,0,0,0,1,0,0,0,0,0,0,0,998,0,0,0,6,6,6,2,12,0,0,0,1,17,60187,6,1,6,3,3,0,72,250,0,0,0,0,0,0,0,0,0,0,0,0,0,0,1,2,35,1,1,2,1,0,0,13,61,1,1,1,98,0,0
17,170872,1,1,1,14,11,4,8,8,0,1,0,17,2,37,32,37032,2,1991,1HGCB7162MA0,1,H,G,C,B,7,1,6,2,M,A,0,0,P,HOND,AER,CP,91,17,2888,,0,1071,,G,,0,0,000000000,00000000000,0,0,0,1,0,0,0,0,0,0,0,40,0,0,0,12,12,6,2,8,0,0,0,1,17,60098,6,1,0,0,3,0,63,160,0,0,0,0,0,0,0,0,0,0,0,0,0,0,1,2,40,1,1,2,1,0,0,1,80,1,1,1,13,0,0
17,170873,1,2,2,4,12,10,50,12,2,1,0,17,1,12,442,12442,20,2002,2FMZA57432BA,2,F,M,Z,A,5,7,4,3,2,B,A,0,T,FORD,CSP,ES,2,17,,1,0,1207,CWN,G,,0,0,000000000,00000000000,0,0,0,1,0,0,0,0,0,0,0,998,0,0,0,12,12,6,2,12,0,0,0,1,17,61753,6,1,0,0,3,3,66,200,0,0,0,0,0,0,0,0,0,1,87,0,0,0,1,2,55,1,1,2,3,0,0,1,5,1,2,2,50,2,0
17,170873,2,2,1,4,12,10,50,12,2,1,0,17,3,12,481,12481,31,2011,1FT7W2BT6BEB,1,F,T,7,W,2,B,T,6,B,E,B,0,T,FORD,F2S,CW,11,17,,2,1724,1562,SRW,D,,0,0,000000000,00000000000,0,0,0,1,0,0,0,0,0,0,0,998,0,0,0,12,12,6,2,12,0,0,0,1,17,62627,6,1,6,0,3,0,70,180,0,0,0,1,1,4,2009,2,2010,0,0,0,0,0,1,2,55,1,1,2,3,0,0,1,62,1,1,1,51,0,0
17,170874,1,1,1,5,12,3,21,34,0,1,0,48,2,20,2,20002,4,2002,2G1WH55K3291,2,G,1,W,H,5,5,K,3,2,9,1,0,P,CHEV,IPL,4D,2,17,3466,,0,1105,,G,,0,0,000000000,00000000000,0,0,0,1,0,0,0,0,0,0,0,87,0,1,5,12,13,6,2,1,0,0,0,1,55,53109,9,9,99,9,9,9,999,999,99,99,99,99,99,99,9999,99,9999,1,0,0,0,0,2,2,55,1,1,2,1,0,0,1,13,1,1,4,1,1,1
17,170875,1,3,1,20,12,18,0,12,8,1,0,29,2,7,482,7482,31,1997,1B7HC16Y7VS1,1,B,7,H,C,1,6,Y,7,V,S,1,0,T,DODG,150,PK,97,17,,2,1347,1187,RPC,G,,0,0,000000000,00000000000,0,0,0,1,0,0,0,0,0,0,0,60,0,0,0,11,12,6,2,12,0,0,0,1,29,63703,6,2,0,0,3,3,67,125,0,0,0,0,0,0,0,0,0,0,28,0,0,0,1,2,55,1,2,2,1,0,0,1,10,1,1,2,64,1,0
17,170875,2,3,2,20,12,18,0,12,8,1,0,55,2,9,38,9038,4,1998,1P3EJ46C1WN2,1,P,3,E,J,4,6,C,1,W,N,2,0,P,PLYM,BEE,4D,98,17,2848,,0,1080,,G,,0,0,000000000,00000000000,0,0,0,1,0,0,0,0,0,0,0,55,0,0,0,61,61,2,1,12,0,0,0,1,55,63782,3,2,0,0,2,3,60,130,0,0,0,0,1,9,2010,9,2010,0,0,0,0,0,1,2,55,1,2,2,1,0,0,1,62,1,1,1,65,0,0
17,170875,3,3,3,20,12,18,0,12,8,1,0,17,2,20,404,20404,14,2007,2CNDL63F5760,2,C,N,D,L,6,3,F,5,7,6,0,0,P,CHEV,EQU,UT,7,17,3668,,0,1125,,G,,0,0,000000000,00000000000,0,0,0,1,0,0,0,0,0,0,0,57,0,0,0,12,12,6,2,12,0,0,0,1,17,62914,6,1,0,0,3,3,63,150,0,0,0,0,0,0,0,0,0,0,0,0,0,0,1,2,55,1,2,2,1,0,0,1,62,1,1,1,98,2,0
17,170876,1,1,1,9,7,22,12,11,0,1,0,17,2,37,733,37733,90,9999,999999999999,9,9,9,9,9,9,9,9,9,9,9,9,0,U,,,,9,17,,,,,,,,0,0,000000000,00000000000,0,0,0,1,0,0,0,0,0,0,0,998,0,0,0,12,12,6,2,11,0,0,0,1,17,62926,3,1,0,0,1,0,64,110,0,0,0,0,0,0,0,0,0,0,83,0,0,0,1,2,55,1,2,2,1,0,0,1,87,6,1,1,13,1,1
17,170877,1,1,1,22,11,19,24,8,0,1,0,17,1,12,481,12481,31,1999,1FTNX21FXXED,1,F,T,N,X,2,1,F,X,X,E,D,0,T,FORD,F2S,4C,99,17,,2,1580,1418,SRW,D,,0,0,000000000,00000000000,0,0,0,1,0,0,0,0,0,0,0,998,0,0,0,12,12,2,1,8,0,0,0,1,17,60123,6,1,0,0,3,0,64,145,0,0,0,0,1,7,2009,7,2009,0,0,0,0,0,2,2,35,1,1,2,2,0,0,1,80,3,2,1,13,0,0
17,170878,1,1,1,3,12,16,57,8,0,1,0,17,1,7,442,7442,20,2006,2D8GP44L76R8,2,D,8,G,P,4,4,L,7,6,R,8,0,P,DODG,CAR,SV,6,17,4252,,0,1193,,G,,0,0,000000000,00000000000,0,0,0,1,0,0,0,0,0,0,0,998,0,0,0,12,12,2,1,8,0,0,0,1,17,60464,6,1,0,0,3,3,69,200,0,0,0,0,0,0,0,0,0,0,0,0,0,0,1,2,15,1,1,2,1,0,0,1,80,1,1,1,13,0,0
17,170880,1,1,1,28,12,12,11,42,0,1,0,17,1,37,31,37031,4,2003,2HGES16523H5,2,H,G,E,S,1,6,5,2,3,H,5,0,P,HOND,UCL,4D,3,17,2513,,0,1031,,G,,0,0,000000000,00000000000,0,0,0,1,0,0,0,0,0,0,0,998,0,0,0,12,12,6,2,42,0,0,1,1,17,60515,6,1,0,0,3,3,67,118,0,0,0,0,0,0,0,0,0,1,0,0,0,0,1,2,30,1,1,2,1,0,0,1,13,1,1,4,1,1,0
17,170881,1,2,1,11,10,18,43,12,2,1,0,17,1,12,401,12401,14,1994,1FMCU24X4RUD,1,F,M,C,U,2,4,X,4,R,U,D,0,P,FORD,EPR,UT,94,17,3844,,0,1020,,G,,0,0,000000000,00000000000,0,0,0,1,0,0,0,0,0,0,0,998,0,0,0,12,12,6,2,12,0,0,0,1,17,60041,6,1,6,0,3,0,70,300,0,0,0,0,0,0,0,0,0,1,51,0,0,0,1,2,55,1,1,2,1,0,0,1,10,1,1,1,50,1,1
17,170881,2,2,1,11,10,18,43,12,2,1,0,17,1,9,38,9038,4,1998,1P3EJ46C2WN2,1,P,3,E,J,4,6,C,2,W,N,2,0,P,PLYM,BEE,4D,98,17,2848,,0,1080,,G,,0,0,000000000,00000000000,0,0,0,1,0,0,0,0,0,0,0,998,0,0,0,12,12,6,2,12,0,0,0,1,17,60030,6,1,0,0,3,0,69,200,0,0,0,0,1,5,2010,5,2010,0,0,0,0,0,1,2,55,1,1,2,1,0,0,1,54,3,2,1,51,0,0
17,170882,1,2,1,20,10,10,19,12,1,1,0,17,3,20,481,20481,31,2008,1GCEC190X8Z2,1,G,C,E,C,1,9,0,X,8,Z,2,0,T,CHEV,SC1,4C,8,17,,2,1575,1339,SIL,F,,0,0,000000000,00000000000,0,0,0,1,0,0,0,0,0,0,0,60,1,0,0,12,12,6,2,12,0,0,0,1,17,61614,6,1,0,0,3,0,71,175,0,0,0,0,0,0,0,0,0,1,26,0,0,0,3,1,55,1,1,1,1,29,3,1,51,1,1,1,24,1,0
17,170882,2,2,1,20,10,10,19,12,1,1,0,18,3,82,883,82883,66,2007,1FUJA6DE07LW,1,F,U,J,A,6,D,E,0,7,L,W,1,T,FRHT,COL,DS,7,17,,8,0,0,CON,D,,1,57,261902,57261902,3,6,1,1,0,0,0,0,0,0,0,15,0,0,0,6,5,2,1,12,0,0,0,1,48,78552,6,1,6,3,3,3,999,999,0,0,0,0,1,8,2010,8,2010,0,0,0,0,0,4,1,45,1,1,1,1,29,3,1,53,1,1,1,25,0,0
17,170883,1,2,1,15,11,1,55,12,6,1,0,17,1,14,6,14006,4,2001,2MEFM75W81X6,2,M,E,F,M,7,5,W,8,1,X,6,0,P,MERC,MGL,4D,1,17,3948,,0,1147,,G,,0,0,000000000,00000000000,0,0,0,1,0,0,0,0,0,0,0,998,0,0,0,62,62,6,2,12,0,0,0,1,17,60644,6,1,0,0,3,0,75,190,0,0,0,0,0,0,0,0,0,0,38,0,0,0,1,2,30,1,1,2,2,20,3,4,53,1,1,2,89,1,0
17,170883,2,2,2,15,11,1,55,12,6,1,0,17,1,12,17,12017,4,1997,1FALP52U1VG2,1,F,A,L,P,5,2,U,1,V,G,2,0,P,FORD,TAG,4D,97,17,3329,,0,1085,,G,,0,0,000000000,00000000000,0,0,0,1,0,0,0,0,0,0,0,998,0,0,0,12,12,6,2,12,0,0,0,1,17,60651,2,1,0,0,2,0,65,150,0,0,0,0,0,0,0,0,0,1,0,0,0,0,1,2,30,1,1,2,2,20,3,1,70,1,1,1,88,0,0
17,170884,1,2,1,6,11,19,20,12,1,1,0,17,1,6,441,6441,20,2003,2C4GP44L23R1,2,C,4,G,P,4,4,L,2,3,R,1,0,P,CHRY,TWC,SV,3,17,3963,,0,1193,,G,,0,0,000000000,00000000000,0,0,0,1,0,0,0,0,0,0,0,998,0,0,0,6,6,6,2,12,0,0,0,1,17,61554,6,1,0,0,3,0,75,200,0,0,0,2,0,5,2009,10,2009,0,38,0,0,0,5,4,30,1,1,2,1,0,0,11,53,1,1,1,76,0,0
17,170884,2,2,1,6,11,19,20,12,1,1,0,17,1,72,706,72706,80,2005,1HD1BVB115Y0,1,H,D,1,B,V,B,1,1,5,Y,0,0,M,HD,FTI,RS,5,17,,,,,,,1450,0,0,000000000,00000000000,0,0,0,1,0,0,0,0,0,0,0,998,0,0,0,12,12,6,2,12,0,0,0,1,17,61604,6,1,0,0,3,0,74,195,0,0,0,0,0,0,0,0,0,0,0,0,0,0,5,4,30,1,1,2,1,0,0,1,65,1,1,1,77,1,1
17,170885,1,2,1,30,10,18,4,12,2,1,0,17,1,20,2,20002,4,2007,2G1WB58K7792,2,G,1,W,B,5,8,K,7,7,9,2,0,P,CHEV,IPL,4D,7,17,3674,,0,1105,,F,,0,0,000000000,00000000000,0,0,0,1,0,0,0,0,0,0,0,998,0,0,0,12,12,6,2,12,0,0,0,1,17,60632,6,1,0,0,3,0,67,175,0,0,0,0,0,0,0,0,0,0,99,99,99,99,1,4,30,1,1,2,1,0,0,11,15,1,1,2,68,0,0
17,170885,2,2,2,30,10,18,4,12,2,1,0,17,2,73,705,73705,80,1997,JKAZX4C14VB5,J,K,A,Z,X,4,C,1,4,V,B,5,0,M,KAWK,ZCX,RS,97,17,,,,,,,600,0,0,000000000,00000000000,0,0,0,1,0,0,0,0,0,0,0,998,0,0,0,12,98,6,2,12,0,0,0,1,17,60634,1,1,0,0,2,0,999,999,0,0,0,0,0,0,0,0,0,0,0,0,0,0,1,4,30,1,1,2,1,0,0,1,62,1,1,1,69,1,0
17,170886,1,1,1,23,10,20,25,8,0,1,0,17,1,7,41,7041,4,2001,2B3HD56J61H6,2,B,3,H,D,5,6,J,6,1,H,6,0,P,DODG,IES,4D,1,17,3414,,0,1130,,G,,0,0,000000000,00000000000,0,0,0,1,0,0,0,0,0,0,0,998,0,0,0,12,12,6,2,8,0,0,0,1,17,60099,6,1,0,0,3,0,72,150,0,0,0,1,1,7,2010,10,2010,1,38,0,0,0,1,2,55,1,1,2,2,0,0,1,80,3,2,1,13,0,0
17,170887,1,2,1,8,11,11,50,44,0,1,0,17,1,72,706,72706,80,2010,1HD1LC326AC4,1,H,D,1,L,C,3,2,6,A,C,4,0,M,HD,X48,RS,10,17,,,,,,F,1202,0,0,000000000,00000000000,0,0,0,1,0,0,0,0,0,0,0,998,0,0,0,0,98,9,9,54,0,0,0,1,17,60446,6,1,0,0,3,0,69,180,0,0,0,0,0,0,0,0,0,0,82,0,0,0,1,4,30,1,1,2,1,98,3,1,98,1,1,1,0,1,0
17,170887,2,2,1,8,11,11,50,44,0,1,0,17,1,20,22,20022,4,2008,1G1AK58F0872,1,G,1,A,K,5,8,F,0,8,7,2,0,P,CHEV,BLS,4D,8,17,3216,,0,1033,,G,,0,0,000000000,00000000000,0,0,0,1,0,0,0,0,0,0,0,998,0,0,0,12,12,2,1,54,0,0,0,1,17,60632,6,1,0,0,3,3,67,230,0,0,0,0,0,0,0,0,0,0,0,0,0,0,1,4,30,1,1,2,1,98,3,1,90,3,2,1,98,0,0
17,170888,1,1,2,26,9,2,21,21,0,1,1,18,2,2,404,2404,14,1994,1J4FJ68S5RL2,1,J,4,F,J,6,8,S,5,R,L,2,0,T,JEEP,SPT,4W,94,17,,1,0,1014,CHK,G,,0,0,000000000,00000000000,0,0,0,1,0,0,0,0,0,0,0,998,0,0,0,12,12,6,2,21,0,0,0,1,17,60639,1,1,0,0,1,0,41,190,0,1,0,0,3,4,2010,7,2010,1,36,27,0,0,3,2,35,1,1,2,2,0,0,1,6,1,4,4,7,1,0
17,170889,1,2,1,11,12,14,33,12,6,1,0,17,1,20,37,20037,4,1998,1G1NE52M5W61,1,G,1,N,E,5,2,M,5,W,6,1,0,P,CHEV,M/L,4D,98,17,3100,,0,1070,,G,,0,0,000000000,00000000000,0,0,0,1,0,0,0,0,0,0,0,998,0,0,0,3,98,6,2,12,0,0,0,1,17,61061,6,1,0,0,3,3,71,195,0,0,0,0,0,0,0,0,0,1,0,0,0,0,1,2,55,1,1,2,4,0,0,1,5,1,4,2,64,1,0
17,170889,2,2,2,11,12,14,33,12,6,1,0,17,1,48,45,48045,6,2008,4S4BP61CX873,4,S,4,B,P,6,1,C,X,8,7,3,0,P,SUBA,O2I,SW,8,17,3350,,0,1051,,G,,0,0,000000000,00000000000,0,0,0,1,0,0,0,0,0,0,0,998,0,0,0,12,12,6,2,12,0,0,0,1,17,61078,6,1,0,0,3,3,70,185,0,0,0,0,0,0,0,0,0,0,0,0,0,0,1,2,55,1,1,2,4,0,0,1,62,1,1,1,65,0,0
17,170890,1,1,1,20,12,14,25,33,0,1,1,99,9,18,7,18007,9,9999,999999999999,9,9,9,9,9,9,9,9,9,9,9,9,0,U,,,,9,17,,,,,,,,0,0,000000000,00000000000,0,0,0,1,0,0,0,0,0,0,0,998,0,0,0,14,12,2,1,8,0,0,0,1,99,99999,9,9,99,9,9,9,999,999,99,99,99,99,99,99,9999,99,9999,0,99,99,99,99,1,2,30,1,1,2,1,20,3,1,9,1,2,4,2,0,0
17,170891,1,1,2,22,12,1,29,43,0,1,0,17,1,2,404,2404,14,1996,1J4GZ58Y1TC2,1,J,4,G,Z,5,8,Y,1,T,C,2,0,T,JEEP,LRO,4W,96,17,,1,0,1059,GCK,G,,0,0,000000000,00000000000,0,0,0,1,0,0,0,0,0,0,0,998,0,0,0,9,98,6,2,43,0,0,0,1,17,60428,6,1,0,0,3,0,71,195,0,0,0,0,0,0,0,0,0,0,0,0,0,0,1,4,50,1,1,2,4,0,0,1,5,1,3,4,2,1,1
17,170892,1,1,2,30,12,18,40,10,0,1,0,17,1,22,20,22020,4,1999,1G2WR5210XF2,1,G,2,W,R,5,2,1,0,X,F,2,0,P,PONT,GTP,4D,99,17,3512,,0,1105,,G,,0,0,000000000,00000000000,0,0,0,1,0,0,0,0,0,0,0,998,0,0,0,81,98,6,2,10,0,0,0,1,17,60617,0,0,0,0,0,0,999,999,99,99,99,99,99,99,9999,99,9999,0,39,0,0,0,1,2,30,1,3,2,2,65,3,1,17,1,1,1,98,1,1
17,170893,1,2,3,15,11,6,30,12,7,1,0,5,2,7,482,7482,31,2007,1D7HA18P97S1,1,D,7,H,A,1,8,P,9,7,S,1,1,T,DODG,SQ1,CW,7,17,,2,1605,1405,RPC,F,,3,0,000000000,00000000000,1,0,0,1,0,0,0,0,0,0,0,998,0,1,5,83,98,6,2,1,0,0,0,1,18,47283,1,1,0,0,2,0,70,150,99,99,99,99,99,99,9999,99,9999,1,28,0,0,0,3,4,65,1,1,1,8,0,0,6,11,1,1,2,44,1,0