STATE,ST_CASE,VEH_NO,VE_FORMS,NUMOCCS,DAY,MONTH,HOUR,MINUTE,HARM_EV,MAN_COLL,UNITTYPE,HIT_RUN,REG_STAT,OWNER,MAKE,MODEL,MAK_MOD,BODY_TYP,MOD_YEAR,VIN,VIN_1,VIN_2,VIN_3,VIN_4,VIN_5,VIN_6,VIN_7,VIN_8,VIN_9,VIN_10,VIN_11,VIN_12,TOW_VEH,VINTYPE,VINMAKE,VINA_MOD,VIN_BT,VINMODYR,VIN_LNGT,VIN_WGT,WGTCD_TR,WHLBS_LG,WHLBS_SH,SER_TR,FUELCODE,MCYCL_DS,J_KNIFE,MCARR_I1,MCARR_I2,MCARR_ID,GVWR,V_CONFIG,CARGO_BT,HAZ_INV,HAZ_PLAC,HAZ_ID,HAZ_CNO,HAZ_REL,BUS_USE,SPEC_USE,EMER_USE,TRAV_SP,UNDERIDE,ROLLOVER,ROLINLOC,IMPACT1,IMPACT2,DEFORMED,TOWED,M_HARM,VEH_SC1,VEH_SC2,FIRE_EXP,DR_PRES,L_STATE,DR_ZIP,L_STATUS,L_TYPE,CDL_STAT,L_ENDORS,L_COMPL,L_RESTRI,DR_HGT,DR_WGT,PREV_ACC,PREV_SUS,PREV_DWI,PREV_SPD,PREV_OTH,FIRST_MO,FIRST_YR,LAST_MO,LAST_YR,SPEEDREL,DR_SF1,DR_SF2,DR_SF3,DR_SF4,VTRAFWAY,VNUM_LAN,VSPD_LIM,VALIGN,VPROFILE,VPAVETYP,VSURCOND,VTRAFCON,VTCONT_F,P_CRASH1,P_CRASH2,P_CRASH3,PCRASH4,PCRASH5,ACC_TYPE,DEATHS,DR_DRINK
17,170893,2,2,1,15,11,6,30,12,7,1,0,48,3,85,881,85881,66,1981,1XKFD49X5BJ2,1,X,K,F,D,4,9,X,5,B,J,2,1,T,KW,T70,DS,11,17,,8,0,0,CON,D,,1,57,79466,5779466,3,6,2,1,0,0,0,0,0,0,0,998,0,0,0,62,98,2,1,12,0,0,0,1,53,98296,6,1,1,0,3,0,70,240,0,0,0,0,0,0,0,0,0,0,0,0,0,0,3,4,65,1,1,1,8,0,0,1,60,1,1,1,45,0,0
17,170894,1,2,2,16,8,7,49,12,6,1,0,17,1,6,52,6052,6,2007,3A4FY48B67T5,3,A,4,F,Y,4,8,B,6,7,T,5,0,P,CHRY,PTC,SV,7,17,2985,,0,1030,,G,,0,0,000000000,00000000000,0,0,0,1,0,0,0,0,0,0,0,998,0,0,0,9,61,6,2,12,0,0,0,1,17,61727,6,1,0,0,3,3,72,250,0,0,0,0,1,9,2009,9,2009,0,39,0,0,0,1,2,55,1,1,2,1,20,3,1,55,1,1,1,89,1,0
17,170894,2,2,1,16,8,7,49,12,6,1,0,17,1,6,43,6043,4,2010,1C3CC4FB1AN1,1,C,3,C,C,4,F,B,1,A,N,1,0,P,CHRY,STO,4D,10,17,3310,,0,1089,,G,,0,0,000000000,00000000000,0,0,0,1,0,0,0,0,0,0,0,998,0,0,0,12,12,6,2,12,0,0,0,1,17,61727,6,1,0,0,3,0,66,185,0,0,0,0,0,0,0,0,0,0,0,0,0,0,1,2,55,1,1,2,1,0,0,1,66,1,1,1,88,0,0
17,170895,1,2,2,3,12,20,31,12,6,1,0,17,1,20,37,20037,4,1998,1G1ND52M9W61,1,G,1,N,D,5,2,M,9,W,6,1,0,P,CHEV,MAL,4D,98,17,3100,,0,1070,,G,,0,0,000000000,00000000000,0,0,0,1,0,0,0,0,0,0,0,998,0,0,0,9,61,6,2,12,0,0,0,1,17,60067,1,1,0,0,2,0,71,280,0,1,0,0,0,9,2008,9,2008,0,39,0,0,0,2,2,35,1,1,2,1,3,3,1,55,1,1,1,89,1,1
17,170895,2,2,1,3,12,20,31,12,6,1,0,17,3,34,35,34035,6,2009,999999999999,9,9,9,9,9,9,9,9,9,9,9,9,0,U,,BX5,UT,9,17,4960,,0,1155,,G,,0,0,000000000,00000000000,0,0,0,1,0,0,0,0,0,0,0,998,0,0,0,12,12,6,2,12,0,0,0,1,17,60089,6,1,0,0,3,0,61,115,0,0,0,0,0,0,0,0,0,0,0,0,0,0,1,2,35,1,1,2,1,3,3,1,66,1,1,1,88,0,0
17,170896,1,2,1,25,12,21,9,12,2,1,0,17,1,63,32,63032,4,2003,KNADC1253362,K,N,A,D,C,1,2,5,3,3,6,2,0,P,KIA,RIO,4D,3,17,2403,,0,949,,G,,0,0,000000000,00000000000,0,0,0,1,0,0,0,0,0,0,0,998,0,0,0,12,98,6,2,12,0,0,0,1,17,60051,6,1,0,0,3,3,69,340,0,0,0,0,0,0,0,0,0,1,28,0,0,0,1,2,55,1,1,2,4,0,0,1,5,7,2,2,50,1,0
17,170896,2,2,3,25,12,21,9,12,2,1,0,17,1,49,403,49403,14,2004,JTEEP21A5400,J,T,E,E,P,2,1,A,5,4,0,0,0,P,TOYT,HIG,UT,4,17,3927,,0,1069,,G,,0,0,000000000,00000000000,0,0,0,1,0,0,0,0,0,0,0,998,0,0,0,12,98,6,2,12,0,0,0,1,17,60051,6,1,6,0,3,0,73,210,0,0,0,0,0,0,0,0,0,0,0,0,0,0,1,2,99,1,1,2,4,0,0,1,62,9,1,2,51,0,0
17,170897,1,2,1,23,12,2,4,12,6,1,0,27,2,41,51,41051,5,2010,JM1BL1H55A13,J,M,1,B,L,1,H,5,5,A,1,3,0,P,MAZD,M3S,4H,10,17,3005,,0,1039,,G,,0,0,000000000,00000000000,0,0,0,1,0,0,0,0,0,0,0,54,0,0,0,12,12,6,2,12,0,0,0,1,17,34952,2,1,0,0,2,2,73,185,0,0,0,0,0,0,0,0,0,1,23,36,74,89,1,4,35,1,1,2,1,3,3,1,55,1,1,1,88,0,1
17,170897,2,2,1,23,12,2,4,12,6,1,0,17,2,18,7,18007,4,1999,2G4WS52M9X16,2,G,4,W,S,5,2,M,9,X,1,6,0,P,BUIC,CCU,4D,99,17,3353,,0,1090,,G,,0,0,000000000,00000000000,0,0,0,1,0,0,0,0,0,0,0,40,0,0,0,9,98,6,2,12,0,0,0,1,17,60030,6,1,0,0,3,0,65,135,0,0,0,2,2,6,2009,3,2010,0,0,0,0,0,1,4,35,1,1,2,1,3,3,1,66,1,1,1,89,1,1
17,170898,1,2,2,9,5,0,14,12,1,1,0,0,0,98,739,98739,90,9999,999999999999,9,9,9,9,9,9,9,9,9,9,9,9,0,U,,,,9,17,,,,,,,,0,0,000000000,00000000000,0,0,0,1,0,0,0,0,0,0,0,998,0,1,1,12,98,6,2,12,0,0,0,1,17,62875,6,1,0,0,3,0,72,250,0,0,0,0,0,0,0,0,0,1,0,0,0,0,1,2,55,1,2,2,1,0,0,1,51,1,1,1,24,1,0
17,170898,2,2,2,9,5,0,14,12,1,1,0,0,0,73,739,73739,90,9999,999999999999,9,9,9,9,9,9,9,9,9,9,9,9,0,U,,,,9,17,,,,,,,,0,0,000000000,00000000000,0,0,0,1,0,0,0,0,0,0,0,998,0,0,0,6,98,6,2,12,0,0,0,1,17,62854,6,1,6,0,3,0,71,200,1,0,0,1,0,10,2009,10,2009,0,0,0,0,0,1,2,55,1,2,2,1,0,0,1,53,1,1,1,25,0,1
17,170899,1,1,1,3,12,7,48,42,0,1,0,17,1,49,32,49032,3,1986,JT2AE86C1G02,J,T,2,A,E,8,6,C,1,G,0,2,0,P,TOYT,CSS,2L,86,17,2183,,0,945,,G,,0,0,000000000,00000000000,0,0,0,1,0,0,0,0,0,0,0,998,0,0,0,9,9,6,2,42,0,0,0,1,17,60070,6,1,0,0,3,0,65,200,0,0,0,0,0,0,0,0,0,0,0,0,0,0,1,4,35,1,1,2,1,0,0,1,9,7,3,4,2,1,0
17,170900,1,2,1,14,12,17,42,12,6,1,0,17,2,35,39,35039,4,2007,1N4BA41EX7C8,1,N,4,B,A,4,1,E,X,7,C,8,0,P,NISS,MEL,4D,7,17,3474,,0,1112,,G,,0,0,000000000,00000000000,0,0,0,1,0,0,0,0,0,1,0,998,0,0,0,12,12,6,2,12,0,0,0,1,17,60428,1,2,0,0,2,2,999,999,0,1,0,1,2,8,2009,8,2009,1,74,39,0,0,1,4,35,1,1,2,3,2,3,1,17,1,1,1,83,1,0
17,170900,2,2,1,14,12,17,42,12,6,1,0,17,3,82,981,82981,50,1999,4UZ6CFAA1XCB,4,U,Z,6,C,F,A,A,1,X,C,B,0,T,FRHT,FS6,IC,99,17,,7,0,0,CHA,D,,0,77,777777777,77777777777,3,21,22,1,0,0,0,0,1,0,0,998,0,0,0,7,7,2,1,12,0,0,0,1,17,60426,6,1,6,3,3,0,66,145,0,0,0,0,0,0,0,0,0,0,0,0,0,0,1,4,35,1,1,2,3,2,3,11,54,1,1,1,82,0,0
17,170901,1,1,1,12,12,4,30,8,0,1,1,99,9,99,999,99999,99,9999,999999999999,9,9,9,9,9,9,9,9,9,9,9,9,0,U,,,,9,17,,,,,,,,0,0,000000000,00000000000,0,0,0,1,0,0,0,0,0,99,0,64,0,0,0,12,99,9,1,8,0,0,0,1,17,60126,2,1,0,0,2,3,73,160,1,1,1,3,3,6,2010,12,2010,0,28,0,0,0,1,2,55,1,1,2,3,40,3,1,11,1,1,4,13,0,0
17,170902,1,2,1,21,12,13,55,12,6,1,0,17,1,18,7,18007,4,1998,1G4HP52K6WH4,1,G,4,H,P,5,2,K,6,W,H,4,0,P,BUIC,LCF,4D,98,17,3348,,0,1108,,G,,0,0,000000000,00000000000,0,0,0,1,0,0,0,0,0,0,0,998,0,0,0,9,9,6,2,12,0,0,0,1,17,61920,6,1,0,0,3,3,64,170,0,0,0,0,0,0,0,0,0,0,38,0,0,0,1,2,55,1,1,2,2,20,3,11,55,1,1,1,82,1,0
17,170902,2,2,1,21,12,13,55,12,6,1,0,17,1,20,481,20481,31,1983,1GCGK24M6DJ1,1,G,C,G,K,2,4,M,6,D,J,1,0,T,CHEV,K20,PK,83,17,,2,0,1315,K20,G,,0,0,000000000,00000000000,0,0,0,1,0,0,0,0,0,0,0,998,0,0,0,12,12,6,2,12,0,0,0,1,17,61938,6,1,0,0,3,0,64,145,0,0,0,0,0,0,0,0,0,0,0,0,0,0,2,2,55,1,1,2,2,0,0,1,66,1,1,1,83,0,0
17,170903,1,2,1,13,12,16,20,12,6,1,0,17,2,20,421,20421,15,1995,1GNDT13W8S22,1,G,N,D,T,1,3,W,8,S,2,2,0,P,CHEV,BZR,UT,95,17,4071,,0,1070,,G,,0,0,000000000,00000000000,0,0,0,1,0,0,0,0,0,0,0,60,0,0,0,12,12,6,2,12,0,0,0,1,17,60099,6,1,0,0,3,0,66,135,0,0,0,0,0,0,0,0,0,1,0,0,0,0,1,4,35,1,1,2,1,0,0,1,66,1,1,1,83,0,1
17,170903,2,2,1,13,12,16,20,12,6,1,0,17,1,20,16,20016,4,2004,1G1JC52F6472,1,G,1,J,C,5,2,F,6,4,7,2,0,P,CHEV,CAV,4D,4,17,2676,,0,1041,,G,,0,0,000000000,00000000000,0,0,0,1,0,0,0,0,0,0,0,998,0,0,0,9,62,6,2,12,0,0,0,1,17,60085,6,1,0,0,3,3,62,143,0,0,0,0,0,0,0,0,0,0,0,0,0,0,1,2,35,1,1,2,1,20,3,11,55,1,1,1,82,1,1
17,170904,1,1,1,14,7,11,32,1,0,1,0,17,1,98,706,98706,80,2003,5CDMTB5143G0,5,C,D,M,T,B,5,1,4,3,G,0,0,U,,,,3,17,,,,,,,,0,0,000000000,00000000000,0,0,0,1,0,0,0,0,0,0,0,15,0,0,0,0,98,6,2,1,0,0,0,1,17,61360,6,1,0,0,3,0,77,250,0,0,0,2,0,10,2007,2,2008,0,0,0,0,0,1,2,25,1,1,2,1,20,3,1,3,1,2,1,98,1,0
17,170905,1,2,1,1,12,12,27,12,2,1,0,55,2,24,5,24005,4,2004,1G8JC54F84Y5,1,G,8,J,C,5,4,F,8,4,Y,5,0,P,STRN,L31,4D,4,17,3057,,0,1065,,G,,0,0,000000000,00000000000,0,0,0,1,0,0,0,0,0,0,0,998,0,0,0,12,12,6,2,12,0,0,0,1,17,60516,6,1,0,0,3,0,62,220,0,0,0,0,0,0,0,0,0,0,28,0,0,0,1,4,40,1,1,2,1,0,0,1,10,1,1,2,50,1,0
17,170905,2,2,1,1,12,12,27,12,2,1,0,17,1,2,404,2404,14,2005,1J4GR48K25C5,1,J,4,G,R,4,8,K,2,5,C,5,0,T,JEEP,LCF,4W,5,17,4356,1,0,1095,GCK,G,,0,0,000000000,00000000000,0,0,0,1,0,0,0,0,0,0,0,998,0,0,0,12,12,6,2,12,0,0,0,1,17,60440,6,1,0,0,3,3,63,135,0,0,0,0,0,0,0,0,0,0,0,0,0,0,1,4,40,1,1,2,1,0,0,1,62,8,1,2,51,0,0
17,170906,1,1,2,8,10,18,55,8,0,1,0,17,1,7,442,7442,20,2008,2D8HN54P98R1,2,D,8,H,N,5,4,P,9,8,R,1,0,P,DODG,CAR,SV,8,17,4483,,0,1212,,G,,0,0,000000000,00000000000,0,0,0,1,0,0,0,0,0,0,0,998,0,0,0,12,12,2,1,8,0,0,0,1,17,60643,6,1,0,0,3,3,70,336,0,0,0,0,0,0,0,0,0,0,0,0,0,0,1,3,99,1,1,2,1,3,3,1,80,1,1,1,13,0,0
17,170907,1,1,1,19,3,19,24,8,0,1,0,17,2,23,401,23401,14,2006,1GKET16S4661,1,G,K,E,T,1,6,S,4,6,6,1,0,T,GMC,EXL,4W,6,17,,2,0,1290,ENV,G,,0,0,000000000,00000000000,0,0,0,1,0,0,0,0,0,0,0,998,0,0,0,12,12,2,1,8,0,0,0,1,17,60659,6,1,0,0,3,3,65,114,0,0,0,0,0,0,0,0,0,0,38,0,0,0,1,3,30,1,1,2,1,3,3,10,80,1,1,1,13,0,0
17,170908,1,1,2,26,11,5,30,6,0,1,0,17,1,7,442,7442,20,2005,1D4GP24R05B1,1,D,4,G,P,2,4,R,0,5,B,1,0,P,DODG,CAR,SV,5,17,3867,,0,1193,,G,,0,0,000000000,00000000000,0,0,0,1,0,0,0,0,0,1,0,998,0,0,0,0,0,0,1,6,0,0,0,1,17,62448,6,1,0,0,3,0,69,260,0,0,0,1,0,8,2010,8,2010,0,54,0,0,0,1,2,55,3,2,2,1,0,0,14,87,3,1,1,0,1,0
17,170909,1,3,1,28,5,14,40,12,1,1,0,17,1,6,43,6043,1,2006,1C3EL45X26N1,1,C,3,E,L,4,5,X,2,6,N,1,0,P,CHRY,SEB,CV,6,17,3221,,0,1060,,G,,0,0,000000000,00000000000,0,0,0,1,0,0,0,0,0,0,0,998,0,0,0,12,12,6,2,12,0,0,0,1,17,60461,1,1,0,0,2,3,69,160,0,1,0,3,1,5,2010,5,2010,1,26,0,0,0,1,2,45,1,1,2,1,0,0,1,50,1,1,2,20,0,0
17,170909,2,3,1,28,5,14,40,12,1,1,0,17,1,20,403,20403,14,2009,2CNDL53F6962,2,C,N,D,L,5,3,F,6,9,6,2,0,P,CHEV,EQU,UT,9,17,3740,,0,1125,,G,,0,0,000000000,00000000000,0,0,0,1,0,0,0,0,0,0,0,0,0,0,0,6,6,6,2,12,0,0,0,1,17,60438,6,1,0,0,3,3,67,135,0,0,0,0,0,0,0,0,0,0,0,0,0,0,1,2,45,1,1,2,1,0,0,5,53,1,1,1,21,0,0
17,170909,3,3,2,28,5,14,40,12,1,1,0,17,1,39,34,39034,4,2006,SAJWA01B26HN,S,A,J,W,A,0,1,B,2,6,H,N,0,P,JAGU,ST4,4D,6,17,3826,,0,1145,,G,,0,0,000000000,00000000000,0,0,0,1,0,0,0,0,0,0,0,998,0,0,0,12,12,6,2,12,0,0,0,1,17,60411,6,1,0,0,3,0,67,145,0,0,0,0,0,0,0,0,0,0,0,0,0,0,1,2,45,1,1,2,1,0,0,1,62,1,1,1,98,1,0
17,170910,1,1,1,3,2,18,57,25,0,1,0,17,5,32,42,32042,4,2003,WAULT64B73N0,W,A,U,L,T,6,4,B,7,3,N,0,0,P,AUDI,30Q,4D,3,17,3724,,0,1086,,G,,0,0,000000000,00000000000,0,0,0,1,0,0,0,0,0,0,0,998,0,0,0,12,12,6,2,25,0,0,0,1,17,60446,6,1,0,0,3,0,72,250,0,0,0,0,0,0,0,0,0,1,36,0,0,0,3,3,65,1,1,1,1,0,0,1,6,1,2,4,7,1,0
17,170911,1,2,1,8,7,11,25,12,6,1,0,17,1,49,472,49472,30,2009,5TENX22N99Z5,5,T,E,N,X,2,2,N,9,9,Z,5,0,T,TOYT,REG,PK,9,17,,1,0,1094,TAC,G,,0,0,000000000,00000000000,0,0,0,1,0,0,0,0,0,0,0,998,0,0,0,9,9,6,2,12,0,0,0,1,17,61021,6,1,0,0,3,0,70,200,0,0,0,0,0,0,0,0,0,0,39,0,0,0,1,2,45,1,1,2,1,3,3,11,17,1,1,2,82,1,0
17,170911,2,2,1,8,7,11,25,12,6,1,0,17,3,84,881,84881,63,1996,1HTSDAAN8TH3,1,H,T,S,D,A,A,N,8,T,H,3,0,T,INTL,490,CC,96,17,,7,2540,1280,40S,D,,0,57,400084,57400084,3,1,1,1,0,0,0,0,0,0,0,998,0,0,0,12,12,2,1,12,0,0,0,1,17,61006,6,1,6,0,3,0,71,160,0,0,0,1,0,11,2008,11,2008,0,0,0,0,0,2,4,45,1,1,2,1,3,3,1,66,1,1,1,83,0,0
17,170912,1,1,1,23,12,13,12,10,0,1,0,17,1,20,2,20002,4,2008,2G1WB58K3812,2,G,1,W,B,5,8,K,3,8,1,2,0,P,CHEV,IPL,4D,8,17,3555,,0,1105,,F,,0,0,000000000,00000000000,0,0,0,1,0,0,0,0,0,0,0,998,0,0,0,3,3,6,2,10,0,0,0,1,17,62471,6,1,0,0,3,3,68,200,0,0,0,0,0,0,0,0,0,0,39,0,0,0,1,2,30,1,1,2,1,65,3,1,17,1,1,2,98,1,0
18,180001,1,1,2,1,1,4,9,24,0,1,0,18,2,34,37,34037,4,2003,WBAGL63423DP,W,B,A,G,L,6,3,4,2,3,D,P,0,P,BMW,45I,4D,3,17,4376,,0,1177,,G,,0,0,000000000,00000000000,0,0,0,1,0,0,0,0,0,0,0,998,0,1,1,12,12,6,2,24,0,0,0,1,18,46143,1,1,0,0,2,2,69,155,0,10,0,4,3,6,2007,10,2009,1,8,74,0,0,3,3,65,1,1,2,1,0,0,15,6,1,4,4,7,1,0
18,180002,1,1,2,5,1,21,54,31,0,1,0,18,2,37,32,37032,4,1997,1HGCD5637VA2,1,H,G,C,D,5,6,3,7,V,A,2,0,P,HOND,ULE,4D,97,17,2864,,0,1069,,G,,0,0,000000000,00000000000,0,0,0,1,0,0,0,0,0,0,0,998,0,1,6,9,61,6,2,31,0,0,0,1,18,47408,6,1,0,0,3,0,70,155,0,1,0,0,0,4,2008,4,2008,1,23,0,0,0,1,2,45,3,1,2,1,0,0,14,6,1,2,4,7,1,0
18,180003,1,2,1,5,1,5,45,12,1,1,0,18,1,12,13,12013,4,1999,1FAFP13PXXW1,1,F,A,F,P,1,3,P,X,X,W,1,0,P,FORD,ESE,4D,99,17,2468,,0,984,,G,,0,0,000000000,00000000000,0,0,0,1,0,0,0,0,0,0,0,998,0,0,0,6,13,6,2,12,0,0,0,1,18,47331,6,1,0,0,3,0,69,190,0,0,0,0,0,0,0,0,0,0,28,87,0,0,1,2,55,1,2,2,4,0,0,1,5,8,4,2,25,1,0
18,180003,2,2,1,5,1,5,45,12,1,1,0,18,3,84,883,84883,66,1993,2HSFMA7R2PC0,2,H,S,F,M,A,7,R,2,P,C,0,1,T,INTL,920,TM,93,17,,8,0,0,920,D,,1,57,49205,5749205,3,6,1,1,0,0,0,0,0,0,0,998,7,0,0,12,14,6,2,12,0,0,0,1,18,47331,6,1,6,1,3,0,69,170,0,0,0,0,0,0,0,0,0,0,0,0,0,0,1,2,55,1,2,2,4,0,0,1,52,4,1,1,24,0,0
18,180004,1,2,1,9,1,21,19,12,2,1,0,18,2,23,421,23421,15,1999,1GKEK13R3XJ7,1,G,K,E,K,1,3,R,3,X,J,7,0,T,GMC,YUK,4W,99,17,,2,0,1175,YUK,G,,0,0,000000000,00000000000,0,0,0,1,0,0,0,0,0,0,0,998,0,1,1,12,12,6,2,12,0,0,0,1,18,46544,1,1,0,0,2,2,73,200,0,4,0,0,1,6,2007,11,2008,1,74,8,37,92,1,2,30,1,1,2,3,0,0,6,10,1,1,2,50,0,1
18,180004,2,2,1,9,1,21,19,12,2,1,0,18,3,12,16,12016,4,2004,2FAFP71W94X1,2,F,A,F,P,7,1,W,9,4,X,1,0,P,FORD,CVP,4D,4,17,0,,0,1147,,G,,0,0,000000000,00000000000,0,0,0,1,0,0,0,0,0,5,1,998,0,0,0,12,12,6,2,12,0,0,0,1,18,46552,6,1,0,0,3,1,67,185,0,0,0,0,0,0,0,0,0,0,16,0,0,0,1,2,30,1,1,2,3,0,0,1,62,1,1,1,51,1,0
18,180005,1,2,2,8,1,11,20,12,2,1,0,18,1,20,22,20022,4,2008,1G1AL58F6871,1,G,1,A,L,5,8,F,6,8,7,1,0,P,CHEV,BLT,4D,8,17,3216,,0,1033,,G,,0,0,000000000,00000000000,0,0,0,1,0,0,0,0,0,0,0,998,0,0,0,12,62,6,2,12,0,0,0,1,18,46737,6,1,0,0,3,1,66,136,0,0,0,0,0,0,0,0,0,1,28,87,92,0,1,2,50,1,2,2,10,28,3,1,6,1,1,2,50,1,0
18,180005,2,2,1,8,1,11,20,12,2,1,0,18,2,20,443,20443,20,2001,1GNDX03E11D1,1,G,N,D,X,0,3,E,1,1,D,1,0,T,CHEV,VTR,ES,1,17,,1,0,1200,VTR,G,,0,0,000000000,00000000000,0,0,0,1,0,0,0,0,0,0,0,998,0,0,0,12,12,6,2,12,0,0,0,1,26,48618,6,1,0,0,3,1,67,150,0,3,0,0,0,8,2007,9,2008,0,87,92,0,0,1,2,50,1,2,2,10,28,3,1,62,1,1,1,51,0,0
18,180006,1,2,0,9,1,7,10,8,0,1,0,18,6,49,482,49482,31,2006,5TBET34146S5,5,T,B,E,T,3,4,1,4,6,S,5,0,T,TOYT,DBS,CW,6,17,,2,0,1283,TUN,G,,0,0,000000000,00000000000,0,0,0,1,0,0,0,0,0,0,0,0,0,0,0,12,12,6,2,12,0,0,0,0,,,,,,,,,999,,,,,,,,,,,,0,0,0,0,3,3,70,1,1,2,4,0,0,0,8,0,0,0,98,0,0
18,180006,2,2,4,9,1,7,10,8,0,1,0,13,3,63,441,63441,20,2010,KNDMG4C36A63,K,N,D,M,G,4,C,3,6,A,6,3,0,P,KIA,SED,SV,10,17,4387,,0,1189,,G,,0,0,000000000,00000000000,0,0,0,1,0,0,0,0,0,0,0,998,0,0,0,12,12,6,2,8,0,0,0,1,13,31907,6,1,0,0,3,0,71,250,98,0,0,0,0,0,0,0,0,0,87,86,84,0,3,3,70,1,1,2,4,0,0,1,80,2,1,1,13,0,0
18,180007,1,2,1,7,1,11,15,12,6,1,0,18,3,82,881,82881,66,2007,1FUJA6CV97LX,1,F,U,J,A,6,C,V,9,7,L,X,1,T,FRHT,COL,DS,7,17,,8,0,0,CON,D,,2,57,198033,57198033,3,6,3,1,0,0,0,0,0,0,0,998,0,0,0,8,8,6,2,12,0,0,0,1,26,48529,6,1,6,0,3,1,77,430,1,0,0,0,0,4,2009,4,2009,1,87,0,0,0,1,2,55,3,2,2,10,0,0,2,6,2,3,2,64,0,0
18,180007,2,2,1,7,1,11,15,12,6,1,0,18,1,12,481,12481,31,1998,1FTZX08W8WKA,1,F,T,Z,X,0,8,W,8,W,K,A,0,T,FORD,F15,3C,98,17,,1,0,1390,COF,G,,0,0,000000000,00000000000,0,0,0,1,0,0,0,0,0,0,0,998,0,0,0,12,12,6,2,12,0,0,0,1,18,47012,6,1,0,0,3,3,72,217,0,0,0,0,0,0,0,0,0,0,87,0,0,0,1,2,55,2,2,2,10,0,0,2,62,9,1,1,65,1,0
18,180008,1,2,1,8,1,7,23,12,6,1,0,18,1,20,22,20022,4,2006,1G1AK55F3678,1,G,1,A,K,5,5,F,3,6,7,8,0,P,CHEV,BLS,4D,6,17,3216,,0,1033,,G,,0,0,000000000,00000000000,0,0,0,1,0,0,0,0,0,0,0,998,0,0,0,3,83,6,2,12,0,0,0,1,18,46350,6,1,0,0,3,3,65,120,0,0,0,0,0,0,0,0,0,0,87,28,0,0,1,2,50,1,1,2,10,0,0,1,5,1,4,2,64,1,0
18,180008,2,2,3,8,1,7,23,12,6,1,0,18,1,12,17,12017,4,2000,1FAFP53U7YG1,1,F,A,F,P,5,3,U,7,Y,G,1,0,P,FORD,TSE,4D,0,17,3333,,0,1085,,G,,0,0,000000000,00000000000,0,0,0,1,0,0,0,0,0,0,0,50,0,0,0,12,12,6,2,12,0,0,0,1,18,46939,6,1,0,0,3,1,71,145,0,1,0,1,0,1,2008,9,2009,0,87,92,0,0,1,2,50,1,1,2,10,0,0,1,62,2,1,1,65,0,0
18,180009,1,3,1,11,1,19,21,54,11,1,0,18,3,87,881,87881,66,1998,1XP5DB9X9WN4,1,X,P,5,D,B,9,X,9,W,N,4,1,T,PTRB,379,DS,98,17,,8,0,0,CON,D,,1,51,01277115,5101277115,3,6,1,2,1,8888,88,2,0,0,0,998,0,0,0,18,18,0,1,54,0,0,0,1,18,47454,6,1,6,1,3,0,69,190,0,0,0,1,0,4,2008,4,2008,0,92,0,0,0,1,2,55,2,1,2,1,0,0,14,98,1,1,1,98,0,0
18,180009,2,3,3,11,1,19,21,54,11,1,0,18,1,20,471,20471,30,2003,1GCCS14H0382,1,G,C,C,S,1,4,H,0,3,8,2,0,T,CHEV,S14,PK,3,17,,1,0,1083,S,G,,0,0,000000000,00000000000,0,0,0,1,0,0,0,0,0,0,0,998,0,0,0,12,12,6,2,54,0,0,0,1,18,47421,6,1,0,0,3,0,68,150,0,0,0,0,0,0,0,0,0,0,0,0,0,0,1,2,55,3,1,2,1,0,0,14,90,1,1,1,98,2,0
18,180009,3,3,1,11,1,19,21,54,11,1,0,18,1,20,39,20039,5,2009,KL1TD66E39B6,K,L,1,T,D,6,6,E,3,9,B,6,0,P,CHEV,LTS,5D,9,17,2547,,0,976,,G,,0,0,000000000,00000000000,0,0,0,1,0,0,0,0,0,0,0,998,0,1,5,12,12,6,2,54,0,0,0,1,18,47446,6,1,0,0,3,0,70,170,0,0,0,0,0,0,0,0,0,0,0,0,0,0,1,2,55,3,1,2,1,0,0,14,90,1,1,1,98,1,0
18,180010,1,1,1,7,1,0,49,43,0,1,0,17,3,82,881,82881,66,2001,1FUPUDZB61LF,1,F,U,P,U,D,Z,B,6,1,L,F,1,T,FRHT,FLD,DS,1,17,,8,0,0,CON,D,,1,57,1184625,571184625,3,6,1,1,0,0,0,0,0,0,0,998,0,0,0,11,11,2,3,43,0,0,0,1,36,11580,6,1,0,0,2,3,999,999,0,0,0,0,0,0,0,0,0,0,59,0,0,0,3,4,5,1,1,1,1,0,0,1,10,1,1,1,15,1,0
18,180011,1,1,1,12,1,20,23,24,0,1,0,18,2,2,404,2404,14,1996,1J4FJ67S1TL1,1,J,4,F,J,6,7,S,1,T,L,1,0,T,JEEP,SPT,2W,96,17,,1,0,1014,CHK,G,,0,0,000000000,00000000000,0,0,0,1,0,0,0,0,0,0,0,998,0,1,5,12,12,6,2,1,0,0,0,1,18,46390,6,1,5,0,3,3,70,185,0,0,0,0,0,0,0,0,0,0,0,0,0,0,1,2,55,1,1,2,10,20,3,1,14,1,1,4,14,1,1