STATE,ST_CASE,VEH_NO,VE_FORMS,NUMOCCS,DAY,MONTH,HOUR,MINUTE,HARM_EV,MAN_COLL,UNITTYPE,HIT_RUN,REG_STAT,OWNER,MAKE,MODEL,MAK_MOD,BODY_TYP,MOD_YEAR,VIN,VIN_1,VIN_2,VIN_3,VIN_4,VIN_5,VIN_6,VIN_7,VIN_8,VIN_9,VIN_10,VIN_11,VIN_12,TOW_VEH,VINTYPE,VINMAKE,VINA_MOD,VIN_BT,VINMODYR,VIN_LNGT,VIN_WGT,WGTCD_TR,WHLBS_LG,WHLBS_SH,SER_TR,FUELCODE,MCYCL_DS,J_KNIFE,MCARR_I1,MCARR_I2,MCARR_ID,GVWR,V_CONFIG,CARGO_BT,HAZ_INV,HAZ_PLAC,HAZ_ID,HAZ_CNO,HAZ_REL,BUS_USE,SPEC_USE,EMER_USE,TRAV_SP,UNDERIDE,ROLLOVER,ROLINLOC,IMPACT1,IMPACT2,DEFORMED,TOWED,M_HARM,VEH_SC1,VEH_SC2,FIRE_EXP,DR_PRES,L_STATE,DR_ZIP,L_STATUS,L_TYPE,CDL_STAT,L_ENDORS,L_COMPL,L_RESTRI,DR_HGT,DR_WGT,PREV_ACC,PREV_SUS,PREV_DWI,PREV_SPD,PREV_OTH,FIRST_MO,FIRST_YR,LAST_MO,LAST_YR,SPEEDREL,DR_SF1,DR_SF2,DR_SF3,DR_SF4,VTRAFWAY,VNUM_LAN,VSPD_LIM,VALIGN,VPROFILE,VPAVETYP,VSURCOND,VTRAFCON,VTCONT_F,P_CRASH1,P_CRASH2,P_CRASH3,PCRASH4,PCRASH5,ACC_TYPE,DEATHS,DR_DRINK
18,180049,1,2,2,5,2,11,19,12,2,1,0,18,1,22,441,22441,20,2000,1GMDU03E9YD1,1,G,M,D,U,0,3,E,9,Y,D,1,0,P,PONT,MON,SV,0,17,3803,,0,1120,,G,,0,0,000000000,00000000000,0,0,0,1,0,0,0,0,0,0,0,55,0,0,0,12,12,6,2,12,0,0,0,1,18,47282,6,1,0,0,3,1,72,215,0,0,0,0,0,0,0,0,0,0,28,0,0,0,1,2,55,1,1,2,2,28,3,1,11,1,1,2,50,2,0
18,180049,2,2,1,5,2,11,19,12,2,1,0,18,1,7,472,7472,30,2004,1D7HG38N54S6,1,D,7,H,G,3,8,N,5,4,S,6,0,T,DODG,QSP,CW,4,17,,2,0,1309,DAK,G,,0,0,000000000,00000000000,0,0,0,1,0,0,0,0,0,0,0,998,0,0,0,12,12,6,2,12,0,0,0,1,18,47265,6,1,0,0,3,1,65,152,0,0,0,0,0,0,0,0,0,0,0,0,0,0,1,2,55,1,1,2,2,28,3,1,63,7,1,2,51,0,0
18,180051,1,1,1,11,2,6,40,42,0,1,0,18,2,7,41,7041,4,1999,2B3HD46R5XH7,2,B,3,H,D,4,6,R,5,X,H,7,0,P,DODG,INT,4D,99,17,3338,,0,1130,,G,,0,0,000000000,00000000000,0,0,0,1,0,0,0,0,0,0,0,998,0,0,0,12,12,6,2,2,0,0,1,1,18,47598,6,1,0,0,3,1,63,130,0,0,0,0,0,0,0,0,0,0,0,0,0,0,1,2,55,3,1,2,1,0,0,14,13,1,1,4,1,1,0
18,180052,1,1,1,15,2,19,50,38,0,1,0,18,1,12,35,12035,4,1997,1FALP653XVK1,1,F,A,L,P,6,5,3,X,V,K,1,0,P,FORD,CSG,4D,97,17,0,,0,1065,,G,,0,0,000000000,00000000000,0,0,0,1,0,0,0,0,0,0,0,998,0,0,0,12,12,6,2,3,0,0,0,1,18,46224,6,1,0,0,3,0,58,120,0,0,0,0,0,0,0,0,0,1,87,0,0,0,5,2,35,1,6,2,3,0,0,1,6,1,1,4,6,1,0
18,180053,1,3,1,15,2,8,0,12,6,1,0,39,2,37,31,37031,2,2006,2HGFG12226H5,2,H,G,F,G,1,2,2,2,6,H,5,0,P,HOND,UCD,CP,6,17,2655,,0,1043,,G,,0,0,000000000,00000000000,0,0,0,1,0,0,0,0,0,0,0,998,0,0,0,1,9,6,2,12,0,0,0,1,18,47847,6,1,0,0,3,0,71,158,0,0,0,1,0,7,2007,7,2007,0,28,87,0,0,1,2,45,1,2,1,3,0,0,2,5,1,2,2,64,1,0
18,180053,2,3,1,15,2,8,0,12,6,1,0,18,1,20,401,20401,14,2001,1GNCS18W01K2,1,G,N,C,S,1,8,W,0,1,K,2,0,P,CHEV,BZR,UT,1,17,3699,,0,1005,,G,,0,0,000000000,00000000000,0,0,0,1,0,0,0,0,0,0,0,998,0,0,0,3,3,0,1,12,0,0,0,1,18,46224,6,1,0,0,3,1,65,150,0,0,0,0,0,0,0,0,0,0,0,0,0,0,1,2,45,1,2,1,3,0,0,1,62,1,1,1,65,0,0
18,180053,3,3,1,15,2,8,0,12,6,1,0,18,1,20,421,20421,15,2005,1GNEK13T75R1,1,G,N,E,K,1,3,T,7,5,R,1,0,P,CHEV,KTA,UT,5,17,5192,,0,1160,,G,,0,0,000000000,00000000000,0,0,0,1,0,0,0,0,0,0,0,998,0,0,0,11,11,6,2,12,0,0,0,1,18,46147,6,1,0,0,3,1,66,154,0,0,0,0,0,0,0,0,0,0,0,0,0,0,1,2,45,1,2,1,3,0,0,1,62,1,1,1,98,0,0
18,180054,1,2,1,15,2,11,25,12,2,1,0,18,1,24,1,24001,4,1994,1G8ZJ5573RZ1,1,G,8,Z,J,5,5,7,3,R,Z,1,0,P,STRN,SL2,4D,94,17,2308,,0,1024,,G,,0,0,000000000,00000000000,0,0,0,1,0,0,0,0,0,0,0,998,0,0,0,12,12,6,2,12,0,0,0,1,18,47601,6,1,0,0,3,1,62,125,0,0,0,1,0,5,2007,5,2007,0,28,0,0,0,1,2,50,3,1,2,3,0,0,14,10,1,1,2,50,1,0
18,180054,2,2,2,15,2,11,25,12,2,1,0,18,2,20,481,20481,31,1988,1GCDK14Z3JZ2,1,G,C,D,K,1,4,Z,3,J,Z,2,0,T,CHEV,GK1,PK,88,17,,1,1315,1175,GM4,G,,0,0,000000000,00000000000,0,0,0,1,0,0,0,0,0,0,0,998,0,0,0,12,12,6,2,12,0,0,0,1,18,47630,6,2,0,0,3,0,77,172,0,0,0,0,0,0,0,0,0,0,0,0,0,0,1,2,50,2,1,2,3,0,0,14,62,98,1,1,51,0,0
18,180055,1,3,1,13,1,13,22,12,6,1,0,18,2,7,442,7442,20,1994,1B4GH44R3RX1,1,B,4,G,H,4,4,R,3,R,X,1,0,P,DODG,CAR,SV,94,17,3580,,0,1193,,G,,0,0,000000000,00000000000,0,0,0,1,0,0,0,0,0,0,0,998,0,0,0,12,12,6,2,12,0,0,0,1,18,46975,6,1,0,0,3,1,65,160,0,0,0,0,0,0,0,0,0,0,28,0,0,0,1,2,55,4,2,2,1,28,3,14,10,1,1,2,64,1,0
18,180055,2,3,1,13,1,13,22,12,6,1,0,48,1,12,35,12035,4,1998,1FALP6536WK1,1,F,A,L,P,6,5,3,6,W,K,1,0,P,FORD,LSG,4D,98,17,2769,,0,1065,,G,,0,0,000000000,00000000000,0,0,0,1,0,0,0,0,0,0,0,998,0,0,0,9,12,6,2,12,0,0,0,1,48,75098,6,1,0,0,3,1,999,999,0,0,0,0,0,0,0,0,0,0,0,0,0,0,1,2,55,4,2,2,1,28,3,14,62,1,1,1,65,0,0
18,180055,3,3,1,13,1,13,22,12,6,1,0,18,2,7,482,7482,31,2006,1D7HU18N66S6,1,D,7,H,U,1,8,N,6,6,S,6,0,T,DODG,SQ1,CW,6,17,,2,1405,1205,RPC,G,,0,0,000000000,00000000000,0,0,0,1,0,0,0,0,0,0,0,998,0,0,0,12,12,6,2,12,0,0,0,1,18,46992,6,1,0,0,3,0,61,160,0,0,0,0,1,12,2007,12,2007,0,0,0,0,0,1,2,55,4,2,2,1,28,3,14,62,1,1,2,98,0,0
18,180056,1,2,1,24,1,3,30,12,1,1,0,37,3,82,881,82881,66,2007,1FUJBBCK07LX,1,F,U,J,B,B,C,K,0,7,L,X,1,T,FRHT,ST2,DS,7,17,,8,0,0,CON,D,,1,57,396826,57396826,3,6,2,1,0,0,0,0,0,0,0,998,0,0,0,12,12,6,2,12,0,0,0,1,37,27316,6,1,6,1,3,0,72,999,0,0,0,1,0,7,2007,7,2007,1,92,0,0,0,3,3,65,1,1,2,2,0,0,1,6,6,1,1,24,0,0
18,180056,2,2,18,24,1,3,30,12,1,1,0,17,4,20,461,20461,21,2010,1GA2G1DG4A11,1,G,A,2,G,1,D,G,4,A,1,1,0,T,CHEV,E3L,ES,10,17,,2,0,1550,EXP,F,,0,0,000000000,00000000000,0,0,0,1,0,0,0,0,0,0,0,998,0,1,6,6,6,6,2,12,0,0,0,1,17,60455,6,1,0,0,3,1,62,145,0,0,0,0,0,0,0,0,0,1,8,0,0,0,3,3,70,1,1,2,2,0,0,1,53,1,1,1,25,2,0
18,180057,1,2,2,14,2,17,31,12,7,1,0,18,2,7,43,7043,4,2004,1B3EL36R34N4,1,B,3,E,L,3,6,R,3,4,N,4,0,P,DODG,SSE,4D,4,17,3088,,0,1080,,G,,0,0,000000000,00000000000,0,0,0,1,0,0,0,0,0,0,0,998,0,1,6,5,12,6,2,1,0,0,0,1,18,46164,6,1,0,0,3,0,68,135,0,5,0,0,5,3,2007,1,2008,0,8,35,0,0,1,2,50,1,2,2,1,0,0,6,11,1,1,2,44,1,0
18,180057,2,2,1,14,2,17,31,12,7,1,0,18,1,7,482,7482,31,2009,1D3HV13TX9J5,1,D,3,H,V,1,3,T,X,9,J,5,0,T,DODG,150,CW,9,17,,2,0,1400,RPC,G,,0,0,000000000,00000000000,0,0,0,1,0,0,0,0,0,0,0,998,0,0,0,11,11,2,1,12,0,0,0,1,18,46181,6,1,0,0,3,1,74,240,0,0,0,0,0,0,0,0,0,0,0,0,0,0,1,2,50,1,2,2,1,0,0,1,61,1,1,1,45,0,0
18,180058,1,2,1,17,2,13,0,12,2,1,0,18,1,37,32,37032,4,2009,1HGCP36819A0,1,H,G,C,P,3,6,8,1,9,A,0,0,P,HOND,AXL,4D,9,17,3600,,0,1102,,G,,0,0,000000000,00000000000,0,0,0,1,0,0,0,0,0,0,0,998,0,0,0,12,12,6,2,12,0,0,0,1,18,46044,6,1,8,0,3,1,72,220,0,0,0,0,0,0,0,0,0,0,50,0,0,0,6,1,55,1,2,2,1,0,0,1,54,6,1,1,62,1,0
18,180058,2,2,1,17,2,13,0,12,2,1,0,18,3,85,881,85881,66,1987,1NKAL29X0HJ3,1,N,K,A,L,2,9,X,0,H,J,3,1,T,KW,T60,TM,87,17,,8,0,0,CON,D,,1,57,996854,57996854,3,6,8,1,0,0,0,0,0,0,0,998,0,0,0,12,12,6,2,12,0,0,0,1,18,46777,6,1,5,2,2,0,70,175,0,0,0,0,0,0,0,0,0,0,92,0,0,0,3,2,55,1,1,2,1,0,0,1,54,6,1,2,62,0,0
18,180059,1,1,1,18,2,6,4,30,0,1,0,18,2,20,2,20002,4,2001,2G1WF55K7193,2,G,1,W,F,5,5,K,7,1,9,3,0,P,CHEV,IMP,4D,1,17,3389,,0,1105,,G,,0,0,000000000,00000000000,0,0,0,1,0,0,0,0,0,0,0,998,0,0,0,3,3,6,2,30,0,0,0,1,17,61554,6,1,0,0,3,1,70,168,0,0,0,0,0,0,0,0,0,1,35,0,0,0,1,3,50,1,1,2,2,28,3,6,6,1,4,4,7,1,0
18,180060,1,1,1,21,2,14,45,42,0,1,0,18,1,20,36,20036,2,2003,2G1WX12KX393,2,G,1,W,X,1,2,K,X,3,9,3,0,P,CHEV,MSS,CP,3,17,3395,,0,1105,,G,,0,0,000000000,00000000000,0,0,0,1,0,0,0,0,0,0,0,998,0,0,0,1,1,6,2,42,0,0,0,1,18,46819,6,1,0,0,3,1,74,275,0,0,0,0,0,0,0,0,0,1,35,0,0,0,1,2,40,1,3,2,1,28,3,6,11,6,2,4,3,1,1
18,180061,1,2,1,20,2,7,26,24,0,1,0,18,1,20,481,20481,31,1991,1GCCT14Z1M23,1,G,C,C,T,1,4,Z,1,M,2,3,0,T,CHEV,S14,PK,91,17,,1,1179,1083,S,G,,0,0,000000000,00000000000,0,0,0,1,0,0,0,0,0,0,0,998,0,0,0,12,12,6,2,12,0,0,0,1,18,46950,6,1,0,0,3,0,66,175,0,0,0,0,0,0,0,0,0,0,28,0,0,0,1,2,55,1,1,2,2,0,0,1,10,1,1,2,98,1,0
18,180061,2,2,21,20,2,7,26,24,0,1,0,18,3,84,981,84981,50,2009,4DRBUSKP19B6,4,D,R,B,U,S,K,P,1,9,B,6,0,U,,,,9,17,,,,,,,,0,99,999999999,99999999999,3,21,22,1,0,0,0,0,1,0,0,998,0,0,0,1,11,6,2,12,0,0,0,1,18,46947,6,1,6,1,3,0,64,151,0,0,0,0,0,0,0,0,0,0,0,0,0,0,1,2,55,1,1,2,2,0,0,1,62,7,1,5,3,0,0
18,180062,1,3,1,19,2,13,54,12,1,1,0,18,1,49,472,49472,30,2004,5TEVL52NX4Z4,5,T,E,V,L,5,2,N,X,4,Z,4,0,T,TOYT,XTR,PC,4,17,,1,0,1219,TAC,G,,0,0,000000000,00000000000,0,0,0,1,0,0,0,0,0,0,0,998,0,0,0,12,11,6,2,12,0,0,0,1,18,46166,6,1,0,0,3,0,70,135,0,0,0,0,0,0,0,0,0,0,26,0,0,0,6,1,35,2,2,2,1,0,0,16,51,1,1,1,24,1,0
18,180062,2,3,1,19,2,13,54,12,1,1,0,18,1,41,35,41035,3,1994,JM1BG2328R07,J,M,1,B,G,2,3,2,8,R,0,7,0,P,MAZD,323,2H,94,17,2271,,0,965,,G,,0,0,000000000,00000000000,0,0,0,1,0,0,0,0,0,0,0,998,0,0,0,6,7,2,1,12,0,0,0,1,18,46208,6,1,0,0,3,0,74,175,0,0,0,0,0,0,0,0,0,0,0,0,0,0,6,1,35,3,2,2,1,0,0,16,53,1,1,1,25,0,0
18,180062,3,3,1,19,2,13,54,12,1,1,0,18,2,24,1,24001,4,1992,1G8ZG5495NZ1,1,G,8,Z,G,5,4,9,5,N,Z,1,0,P,STRN,SL1,4D,92,17,0,,0,1024,,G,,0,0,000000000,00000000000,0,0,0,1,0,0,0,0,0,0,0,998,0,0,0,6,5,2,1,12,0,0,0,1,18,46214,6,1,0,0,3,0,70,145,0,2,1,0,0,5,2007,8,2007,0,0,0,0,0,6,1,35,3,2,2,1,0,0,16,53,1,1,1,98,0,0
18,180063,1,2,1,21,2,15,17,12,2,1,0,18,2,19,3,19003,4,1996,1G6KD52Y3TU2,1,G,6,K,D,5,2,Y,3,T,U,2,0,P,CADI,DFW,4D,96,17,3758,,0,1138,,G,,0,0,000000000,00000000000,0,0,0,1,0,0,0,0,0,0,0,998,0,0,0,12,12,6,2,12,0,0,0,1,18,46224,1,1,0,0,1,0,72,140,0,8,0,1,4,9,2007,7,2008,0,28,92,0,0,1,2,35,1,1,2,1,0,0,1,10,1,1,2,50,0,1
18,180063,2,2,4,21,2,15,17,12,2,1,0,18,1,20,421,20421,15,1992,1GNEK18K2NJ3,1,G,N,E,K,1,8,K,2,N,J,3,0,T,CHEV,K1B,S2,92,17,,2,0,1115,K15,G,,0,0,000000000,00000000000,0,0,0,1,0,0,0,0,0,0,0,998,0,0,0,12,12,6,2,12,0,0,0,1,18,46254,6,1,0,0,3,0,65,130,0,0,0,1,2,6,2008,7,2009,0,0,0,0,0,1,2,35,1,1,2,1,0,0,1,62,1,1,1,51,1,1
18,180064,1,2,1,19,2,16,24,12,6,1,0,18,1,35,46,35046,2,1993,JN1EB34C8PU2,J,N,1,E,B,3,4,C,8,P,U,2,0,P,NISS,NX1,CP,93,17,2350,,0,957,,G,,0,0,000000000,00000000000,0,0,0,1,0,0,0,0,0,0,0,998,0,0,0,3,3,6,2,12,0,0,0,1,18,47666,6,1,0,0,3,0,63,140,0,0,0,0,1,12,2008,12,2008,0,38,0,0,0,1,2,30,1,1,2,8,20,3,1,17,1,1,1,87,1,0
18,180064,2,2,1,19,2,16,24,12,6,1,0,18,1,12,481,12481,31,2003,1FTWW33FX3EA,1,F,T,W,W,3,3,F,X,3,E,A,0,T,FORD,F3D,CW,3,17,,3,1720,1560,DRW,D,,0,0,000000000,00000000000,0,0,0,1,0,0,0,0,0,0,0,998,0,1,1,12,12,6,2,12,0,0,0,1,18,47670,6,1,0,0,3,0,69,230,0,0,0,0,0,0,0,0,0,0,0,0,0,0,1,2,30,1,1,2,8,20,3,1,66,1,1,1,86,0,0
18,180065,1,2,2,22,2,7,55,12,6,1,0,18,2,2,405,2405,14,2004,1J4GL48K14W1,1,J,4,G,L,4,8,K,1,4,W,1,0,T,JEEP,SPR,4W,4,17,,1,0,1043,LIB,G,,0,0,000000000,00000000000,0,0,0,1,0,0,0,0,0,0,0,998,0,0,0,3,3,6,2,12,0,0,1,1,18,46550,6,1,0,0,3,1,65,125,0,0,0,0,0,0,0,0,0,1,28,87,0,0,1,2,55,1,1,2,3,0,0,1,5,1,1,2,64,0,0
18,180065,2,2,4,22,2,7,55,12,6,1,0,18,1,12,401,12401,14,2001,1FMZU73E21ZA,1,F,M,Z,U,7,3,E,2,1,Z,A,0,P,FORD,EPR,UT,1,17,4045,,0,1116,,G,,0,0,000000000,00000000000,0,0,0,1,0,0,0,0,0,0,0,998,0,0,0,12,12,6,2,12,0,0,0,1,18,46526,6,1,0,0,3,0,70,205,0,0,0,0,0,0,0,0,0,0,87,0,0,0,1,2,55,1,1,2,3,0,0,1,62,1,1,1,65,1,0
18,180066,1,3,1,23,2,9,5,12,6,1,0,17,4,20,22,20022,4,2008,1G1AL58F6872,1,G,1,A,L,5,8,F,6,8,7,2,0,P,CHEV,BLT,4D,8,17,3216,,0,1033,,G,,0,0,000000000,00000000000,0,0,0,1,0,0,0,0,0,0,0,998,0,0,0,3,12,6,2,12,0,0,0,1,18,46532,6,1,0,0,3,1,67,174,0,0,0,0,0,0,0,0,0,0,28,0,0,0,3,3,55,1,1,2,2,0,0,1,10,1,2,2,64,1,0
18,180066,2,3,3,23,2,9,5,12,6,1,0,18,3,23,401,23401,14,2003,1GKET16S6361,1,G,K,E,T,1,6,S,6,3,6,1,0,T,GMC,EXL,4W,3,17,,2,0,1290,ENV,G,,0,0,000000000,00000000000,0,0,0,1,0,0,0,0,0,0,0,998,0,0,0,12,12,6,2,12,0,0,0,1,18,46725,6,1,0,0,3,1,70,240,0,0,0,0,0,0,0,0,0,0,0,0,0,0,3,3,55,1,1,2,2,0,0,1,62,1,1,1,65,2,0
18,180066,3,3,1,23,2,9,5,12,6,1,0,18,1,20,481,20481,31,2005,1GCEK19B45E3,1,G,C,E,K,1,9,B,4,5,E,3,0,T,CHEV,SK1,4C,5,17,,2,1575,1435,SIL,G,,0,0,000000000,00000000000,0,0,0,1,0,0,0,0,0,0,0,998,0,0,0,63,63,6,2,12,0,0,0,1,18,46382,6,1,0,0,3,0,62,120,0,0,0,0,0,0,0,0,0,0,0,0,0,0,3,3,55,1,1,2,2,0,0,1,62,10,1,1,98,0,0
18,180067,1,1,1,23,2,7,40,1,0,1,0,18,2,12,401,12401,14,1996,1FMDU34X1TUD,1,F,M,D,U,3,4,X,1,T,U,D,0,P,FORD,EPR,UT,96,17,4189,,0,1115,,G,,0,0,000000000,00000000000,0,0,0,1,0,0,0,0,0,0,0,998,0,2,5,0,11,6,2,1,0,0,0,1,18,46732,6,1,0,0,3,1,53,90,0,0,0,0,0,0,0,0,0,0,0,0,0,0,1,2,55,2,1,2,2,0,0,14,12,1,1,4,6,1,0
18,180068,1,2,1,23,2,7,54,12,6,1,0,18,2,23,471,23471,30,1998,1GTCT14X7WK5,1,G,T,C,T,1,4,X,7,W,K,5,0,T,GMC,SON,PK,98,17,,1,1179,1083,SON,G,,0,0,000000000,00000000000,0,0,0,1,0,0,0,0,0,0,0,998,0,0,0,9,9,6,2,12,0,0,0,1,18,46760,6,1,0,0,3,1,73,130,0,0,0,0,0,0,0,0,0,1,87,28,0,0,1,2,50,2,3,2,4,0,0,14,5,1,2,2,64,1,0
18,180068,2,2,1,23,2,7,54,12,6,1,0,18,3,12,481,12481,31,1995,1FTJW35F2SEA,1,F,T,J,W,3,5,F,2,S,E,A,0,T,FORD,F35,CW,95,17,,2,0,1680,COF,D,,0,0,000000000,00000000000,0,0,0,1,0,0,0,0,0,0,0,998,0,0,0,12,12,6,2,12,0,0,0,1,18,46565,6,1,0,0,3,0,68,210,0,0,0,0,1,2,2009,2,2009,0,87,0,0,0,1,2,50,3,3,2,4,0,0,14,62,1,1,1,65,0,0
18,180069,1,1,1,23,2,22,0,1,0,1,0,18,1,63,31,63031,4,2000,KNAFB1211Y59,K,N,A,F,B,1,2,1,1,Y,5,9,0,P,KIA,SPL,4D,0,17,2478,,0,1008,,G,,0,0,000000000,00000000000,0,0,0,1,0,0,0,0,0,0,0,998,0,2,5,0,0,6,2,1,0,0,0,1,18,47429,6,1,0,0,3,1,64,130,0,0,0,0,0,0,0,0,0,0,0,0,0,0,1,2,50,2,1,2,1,0,0,14,8,1,1,5,1,1,1
18,180070,1,2,3,12,2,14,56,12,2,1,0,18,1,23,481,23481,31,1996,1GTEC14W9TZ5,1,G,T,E,C,1,4,W,9,T,Z,5,0,T,GMC,SC1,PK,96,17,,2,1315,1175,SIE,G,,0,0,000000000,00000000000,0,0,0,1,0,0,0,0,0,0,0,998,0,1,1,12,12,6,2,12,0,0,0,1,18,46714,6,1,0,0,3,1,65,173,0,0,0,0,2,5,2008,11,2008,0,28,0,0,0,1,2,55,1,1,2,1,0,0,1,62,1,1,1,51,1,0
18,180070,2,2,1,12,2,14,56,12,2,1,0,18,1,37,31,37031,3,1990,2HGED6358LH5,2,H,G,E,D,6,3,5,8,L,H,5,0,P,HOND,CID,2H,90,17,1927,,0,984,,G,,0,0,000000000,00000000000,0,0,0,1,0,0,0,0,0,0,0,998,0,0,0,12,12,6,2,12,0,0,0,1,18,47203,6,1,0,0,3,1,72,190,0,0,0,0,0,0,0,0,0,0,0,0,0,0,1,2,55,1,1,2,1,0,0,1,10,1,1,2,50,1,0
18,180071,1,1,1,22,2,10,35,32,0,1,0,18,1,23,481,23481,31,1993,2GTEK19Z4P15,2,G,T,E,K,1,9,Z,4,P,1,5,0,T,GMC,SK1,PC,93,17,,2,1555,1415,SIE,G,,0,0,000000000,00000000000,0,0,0,1,0,0,0,0,0,0,0,998,0,1,5,12,12,6,2,3,0,0,0,1,18,47933,6,1,0,0,3,0,70,185,0,0,0,0,1,4,2008,4,2008,0,0,0,0,0,1,2,45,1,2,2,2,0,0,1,13,1,1,5,1,1,1
18,180072,1,1,3,25,2,5,0,43,0,1,0,21,2,20,403,20403,14,2005,1GNDS13S3522,1,G,N,D,S,1,3,S,3,5,2,2,0,P,CHEV,TRL,UT,5,17,4425,,0,1130,,G,,0,0,000000000,00000000000,0,0,0,1,0,0,0,0,0,0,0,998,0,1,6,12,12,6,2,1,0,0,0,1,21,41017,1,1,0,0,2,0,70,999,0,1,0,0,0,11,2007,11,2007,1,87,0,0,0,3,3,70,1,1,2,4,0,0,1,5,1,2,5,7,1,0
18,180073,1,2,1,23,2,18,58,12,2,1,0,18,1,20,16,20016,2,2004,1G1JC12F1471,1,G,1,J,C,1,2,F,1,4,7,1,0,P,CHEV,CAV,CP,4,17,2617,,0,1041,,G,,0,0,000000000,00000000000,0,0,0,1,0,0,0,0,0,0,0,998,0,0,0,12,12,6,2,12,0,0,0,1,18,46217,6,1,0,0,3,0,71,161,0,0,0,0,0,0,0,0,0,1,28,8,58,0,1,2,35,1,1,2,1,0,0,1,10,1,1,2,50,1,0
18,180073,2,2,1,23,2,18,58,12,2,1,0,18,1,49,40,49040,4,1997,4T1BG22K9VU7,4,T,1,B,G,2,2,K,9,V,U,7,0,P,TOYT,UEX,4D,97,17,2976,,0,1051,,G,,0,0,000000000,00000000000,0,0,0,1,0,0,0,0,0,0,0,998,0,0,0,12,12,6,2,12,0,0,0,1,18,46142,6,1,0,0,3,1,76,230,0,0,0,1,0,12,2009,12,2009,0,0,0,0,0,1,2,35,1,1,2,1,0,0,1,62,1,1,1,51,0,0
18,180074,1,2,1,24,2,7,21,12,2,1,0,18,2,22,16,22016,2,2004,1G2JB12F9471,1,G,2,J,B,1,2,F,9,4,7,1,0,P,PONT,SFR,CP,4,17,2771,,0,1041,,G,,0,0,000000000,00000000000,0,0,0,1,0,0,0,0,0,0,0,998,0,0,0,12,12,6,2,12,0,0,0,1,18,47265,6,7,0,0,3,0,68,140,0,0,0,0,0,0,0,0,0,1,8,27,50,0,1,2,55,1,1,2,1,0,0,15,54,1,1,2,52,1,0
18,180074,2,2,1,24,2,7,21,12,2,1,0,18,2,20,37,20037,4,2005,1G1ZS52F35F3,1,G,1,Z,S,5,2,F,3,5,F,3,0,P,CHEV,MAL,4D,5,17,3174,,0,1063,,G,,0,0,000000000,00000000000,0,0,0,1,0,0,0,0,0,0,0,998,0,0,0,12,12,6,2,12,0,0,0,1,18,47244,6,1,0,0,3,1,68,140,0,0,0,1,0,4,2008,4,2008,0,0,0,0,0,1,2,55,1,1,2,1,0,0,1,54,6,1,2,52,0,0
18,180075,1,1,1,26,2,2,0,34,0,1,0,18,1,20,471,20471,30,1993,1GCCS19Z1P01,1,G,C,C,S,1,9,Z,1,P,0,1,0,T,CHEV,S14,PC,93,17,,1,0,1229,S,G,,0,0,000000000,00000000000,0,0,0,1,0,0,0,0,0,0,0,998,0,1,6,12,12,6,2,1,0,0,0,1,18,47454,6,1,0,0,3,1,70,137,0,0,0,0,0,0,0,0,0,0,8,0,0,0,1,2,40,1,2,2,1,0,0,1,12,1,1,5,6,1,1
18,180076,1,2,1,19,2,13,17,24,0,1,0,18,1,20,481,20481,31,2006,2GCEK13T9611,2,G,C,E,K,1,3,T,9,6,1,1,0,T,CHEV,SK1,CW,6,17,,2,0,1435,SIL,G,,0,0,000000000,00000000000,0,0,0,1,0,0,0,0,0,0,0,60,0,0,0,1,12,6,2,12,0,0,0,1,18,47112,1,1,0,0,2,0,71,178,0,2,0,1,0,5,2007,9,2008,1,28,0,0,0,1,2,40,3,2,1,1,28,3,14,13,1,1,4,1,0,0
18,180076,2,2,1,19,2,13,17,24,0,1,0,18,1,6,43,6043,1,2000,3C3EL55H1YT2,3,C,3,E,L,5,5,H,1,Y,T,2,0,P,CHRY,SJI,CV,0,17,3364,,0,1060,,G,,0,0,000000000,00000000000,0,0,0,1,0,0,0,0,0,0,0,33,0,0,0,12,12,6,2,12,0,0,0,1,18,47122,6,1,0,0,3,0,74,240,0,0,0,0,0,0,0,0,0,0,0,0,0,0,1,2,40,2,2,1,1,28,3,14,62,1,1,1,98,1,0
18,180077,1,2,2,24,2,7,20,12,6,1,0,18,2,12,3,12003,2,2000,1FAFP4046YF2,1,F,A,F,P,4,0,4,6,Y,F,2,0,P,FORD,MUS,CP,0,17,3066,,0,1013,,G,,0,0,000000000,00000000000,0,0,0,1,0,0,0,0,0,0,0,998,0,0,0,3,3,6,2,12,0,0,0,1,18,47523,6,2,0,0,3,0,69,135,0,0,0,0,0,0,0,0,0,1,87,28,0,0,1,2,35,2,1,2,3,28,3,14,5,1,2,2,64,1,0
18,180077,2,2,1,24,2,7,20,12,6,1,0,18,1,20,401,20401,14,1997,1GNCT18WXVK1,1,G,N,C,T,1,8,W,X,V,K,1,0,P,CHEV,BZR,UT,97,17,3880,,0,1005,,G,,0,0,000000000,00000000000,0,0,0,1,0,0,0,0,0,0,0,998,0,0,0,12,12,6,2,12,0,0,0,1,18,47523,6,1,0,0,3,1,63,165,0,0,0,0,0,0,0,0,0,0,0,0,0,0,1,2,35,1,1,2,3,28,3,1,62,1,1,1,65,0,0
18,180078,1,1,2,26,2,8,40,30,0,1,0,47,2,20,402,20402,14,1997,2CNBJ186XV69,2,C,N,B,J,1,8,6,X,V,6,9,0,P,GEO,GEO,UT,97,17,2555,,0,866,,G,,0,0,000000000,00000000000,0,0,0,1,0,0,0,0,0,0,0,998,0,1,6,3,3,6,2,30,0,0,0,1,18,46936,6,1,0,0,3,1,69,170,0,0,0,0,0,0,0,0,0,1,87,0,0,0,1,2,55,1,2,2,4,0,0,1,5,1,2,5,7,1,1