STATE,ST_CASE,VEH_NO,VE_FORMS,NUMOCCS,DAY,MONTH,HOUR,MINUTE,HARM_EV,MAN_COLL,UNITTYPE,HIT_RUN,REG_STAT,OWNER,MAKE,MODEL,MAK_MOD,BODY_TYP,MOD_YEAR,VIN,VIN_1,VIN_2,VIN_3,VIN_4,VIN_5,VIN_6,VIN_7,VIN_8,VIN_9,VIN_10,VIN_11,VIN_12,TOW_VEH,VINTYPE,VINMAKE,VINA_MOD,VIN_BT,VINMODYR,VIN_LNGT,VIN_WGT,WGTCD_TR,WHLBS_LG,WHLBS_SH,SER_TR,FUELCODE,MCYCL_DS,J_KNIFE,MCARR_I1,MCARR_I2,MCARR_ID,GVWR,V_CONFIG,CARGO_BT,HAZ_INV,HAZ_PLAC,HAZ_ID,HAZ_CNO,HAZ_REL,BUS_USE,SPEC_USE,EMER_USE,TRAV_SP,UNDERIDE,ROLLOVER,ROLINLOC,IMPACT1,IMPACT2,DEFORMED,TOWED,M_HARM,VEH_SC1,VEH_SC2,FIRE_EXP,DR_PRES,L_STATE,DR_ZIP,L_STATUS,L_TYPE,CDL_STAT,L_ENDORS,L_COMPL,L_RESTRI,DR_HGT,DR_WGT,PREV_ACC,PREV_SUS,PREV_DWI,PREV_SPD,PREV_OTH,FIRST_MO,FIRST_YR,LAST_MO,LAST_YR,SPEEDREL,DR_SF1,DR_SF2,DR_SF3,DR_SF4,VTRAFWAY,VNUM_LAN,VSPD_LIM,VALIGN,VPROFILE,VPAVETYP,VSURCOND,VTRAFCON,VTCONT_F,P_CRASH1,P_CRASH2,P_CRASH3,PCRASH4,PCRASH5,ACC_TYPE,DEATHS,DR_DRINK
18,180079,1,1,1,27,2,1,0,23,0,1,0,18,1,55,33,55033,4,2004,KMHWF35HX4A0,K,M,H,W,F,3,5,H,X,4,A,0,0,P,HYUN,SGX,4D,4,17,3212,,0,1063,,G,,0,0,000000000,00000000000,0,0,0,1,0,0,0,0,0,0,0,998,0,2,6,3,3,6,2,1,0,0,0,1,18,47978,6,1,0,0,3,0,76,175,0,0,0,1,0,9,2009,9,2009,1,8,58,28,0,1,2,55,1,1,2,3,0,0,1,5,1,2,5,7,1,1
18,180080,1,2,5,23,2,17,19,12,6,1,0,18,2,19,3,19003,4,1990,1G6CD5338L43,1,G,6,C,D,5,3,3,8,L,4,3,0,P,CADI,DFW,4D,90,17,3382,,0,1138,,G,,0,0,000000000,00000000000,0,0,0,1,0,0,0,0,0,0,0,998,0,0,0,3,3,6,2,12,0,0,0,1,18,46350,6,1,0,0,3,1,62,115,0,0,0,0,1,3,2008,3,2008,0,38,0,0,0,5,2,50,1,1,2,2,1,3,11,15,1,1,2,68,1,0
18,180080,2,2,1,23,2,17,19,12,6,1,0,17,3,82,881,82881,66,2000,1FUYDSEB2YPA,1,F,U,Y,D,S,E,B,2,Y,P,A,1,T,FRHT,FLD,DS,0,17,,8,0,0,CON,D,,1,57,603523,57603523,3,6,1,1,0,0,0,0,0,0,0,998,0,0,0,12,12,6,2,12,0,0,0,1,17,60652,6,1,6,0,3,0,68,180,0,0,0,0,1,12,2009,12,2009,0,0,0,0,0,5,2,50,1,1,2,2,1,3,1,67,4,1,1,69,0,0
18,180082,1,2,2,23,2,5,20,12,2,1,0,51,3,20,482,20482,31,2005,3GNEC12Z95G1,3,G,N,E,C,1,2,Z,9,5,G,1,0,P,CHEV,AVL,UT,5,17,5437,,0,1300,,F,,0,0,000000000,00000000000,0,0,0,1,0,0,0,0,0,0,0,998,0,0,0,12,12,6,2,12,0,0,0,1,17,60445,6,1,0,0,3,0,60,140,0,0,0,0,0,0,0,0,0,1,87,28,0,0,2,3,70,2,1,2,4,0,0,14,10,1,2,2,50,2,0
18,180082,2,2,1,23,2,5,20,12,2,1,0,18,3,86,881,86881,66,2006,1M1AK06Y66N0,1,M,1,A,K,0,6,Y,6,6,N,0,1,T,MACK,CXN,DS,6,17,,8,0,0,600,D,,1,57,020459,57020459,3,6,3,1,0,0,0,0,0,0,0,998,0,1,6,12,12,6,2,12,0,0,0,1,18,46143,6,1,6,1,3,0,71,220,0,0,0,0,0,0,0,0,0,0,0,0,0,0,2,3,70,3,1,2,4,0,0,14,62,1,1,1,51,0,0
18,180083,1,1,1,27,2,4,48,42,0,1,0,18,2,49,40,49040,4,1993,4T1VK14E8PU0,4,T,1,V,K,1,4,E,8,P,U,0,0,P,TOYT,CSE,4D,93,17,3153,,0,1031,,G,,0,0,000000000,00000000000,0,0,0,1,0,0,0,0,0,0,0,998,0,1,6,9,61,6,2,42,0,0,0,1,18,47304,1,1,0,0,2,2,74,155,0,1,1,0,0,4,2008,11,2009,1,74,87,0,0,1,2,55,1,1,2,3,0,0,1,6,1,3,4,2,1,0
18,180084,1,3,1,21,2,22,38,12,6,1,0,18,1,12,481,12481,31,2005,1FTPX04575KB,1,F,T,P,X,0,4,5,7,5,K,B,0,T,FORD,F15,4C,5,17,,2,1450,1260,COF,G,,0,0,000000000,00000000000,0,0,0,1,0,0,0,0,0,0,0,998,0,0,0,12,12,6,2,12,0,0,0,1,18,46236,6,1,0,0,3,0,71,195,0,0,0,0,0,0,0,0,0,0,92,0,0,0,0,0,0,0,0,0,0,0,0,1,51,1,1,1,48,0,1
18,180084,2,3,0,21,2,22,38,12,6,1,0,18,6,21,20,21020,4,1991,1G3WS54T0MD3,1,G,3,W,S,5,4,T,0,M,D,3,0,P,OLDS,SUL,4D,91,17,3067,,0,1075,,G,,0,0,000000000,00000000000,0,0,0,1,0,0,0,0,0,0,0,998,0,0,0,9,61,6,2,12,33,0,0,0,,,,,,,,,999,,,,,,,,,,,,22,0,0,0,3,3,45,1,1,1,1,0,0,0,51,0,0,0,48,0,0
18,180084,4,3,1,21,2,22,38,12,6,1,0,18,1,30,46,30046,6,2005,WVWCE63B15E0,W,V,W,C,E,6,3,B,1,5,E,0,0,P,VOLK,PST,SW,5,17,3422,,0,1064,,D,,0,0,000000000,00000000000,0,0,0,1,0,0,0,0,0,0,0,0,0,0,0,12,12,6,2,54,0,0,0,1,18,46227,6,1,0,0,3,1,64,125,0,0,0,0,0,0,0,0,0,0,0,0,0,0,3,3,45,1,1,1,1,0,0,1,90,1,1,1,98,0,0
18,180085,1,1,1,1,3,0,39,42,0,1,0,18,1,6,51,6051,4,2003,2C3AE76K93H5,2,C,3,A,E,7,6,K,9,3,H,5,0,P,CHRY,30S,4D,3,17,3545,,0,1130,,G,,0,0,000000000,00000000000,0,0,0,1,0,0,0,0,0,0,0,998,0,0,0,3,12,6,2,42,0,0,0,1,18,47715,1,1,0,0,2,0,69,175,0,1,1,2,1,1,2008,11,2009,0,58,0,0,0,1,2,30,1,1,2,1,7,3,1,12,1,1,5,6,1,1
18,180086,1,1,2,2,3,4,23,42,0,1,0,18,2,24,1,24001,4,1997,1G8ZJ527XVZ3,1,G,8,Z,J,5,2,7,X,V,Z,3,0,P,STRN,SL2,4D,97,17,2333,,0,1024,,G,,0,0,000000000,00000000000,0,0,0,1,0,0,0,0,0,0,0,998,0,0,0,3,3,6,2,42,0,0,0,1,18,46582,6,1,0,0,3,0,65,150,0,0,0,0,1,5,2009,5,2009,0,0,0,0,0,1,2,50,1,1,2,1,0,0,1,12,1,2,5,7,1,1
18,180087,1,1,1,2,3,18,0,53,0,1,0,18,1,20,481,20481,31,1998,2GCEK19R9W11,2,G,C,E,K,1,9,R,9,W,1,1,0,T,CHEV,GK1,PC,98,17,,2,1555,1415,GM4,G,,0,0,000000000,00000000000,0,0,0,1,0,0,0,0,0,0,0,998,0,0,0,12,12,6,2,42,0,0,0,1,18,46561,6,1,0,0,3,0,73,195,0,0,0,0,0,0,0,0,0,0,0,0,0,0,1,2,45,1,1,2,1,0,0,1,13,1,1,4,1,1,0
18,180088,1,1,1,2,3,0,5,43,0,1,0,18,1,14,17,14017,4,1999,1MEFM50U4XG6,1,M,E,F,M,5,0,U,4,X,G,6,0,P,MERC,SGS,4D,99,17,3299,,0,1085,,G,,0,0,000000000,00000000000,0,0,0,1,0,0,0,0,0,0,0,998,0,0,0,14,61,6,2,42,0,0,0,1,18,47302,6,1,0,0,3,0,70,160,0,0,0,1,0,10,2009,10,2009,1,0,0,0,0,1,2,30,1,2,2,1,20,3,1,6,1,1,1,12,1,1
18,180089,1,1,0,1,1,15,36,8,0,1,0,18,6,35,472,35472,30,2002,1N6ED26Y72C3,1,N,6,E,D,2,6,Y,7,2,C,3,0,T,NISS,KXS,PC,2,17,,1,0,1161,FRT,G,,0,0,000000000,00000000000,0,0,0,1,0,0,0,0,0,0,0,998,0,0,0,12,12,2,3,8,0,0,0,0,,,,,,,,,999,,,,,,,,,,,,0,0,0,0,4,3,35,1,2,2,10,0,0,0,80,0,0,0,98,0,0
18,180090,1,1,2,28,2,22,5,33,0,1,0,18,1,6,52,6052,6,2004,3C4FY58B84T2,3,C,4,F,Y,5,8,B,8,4,T,2,0,P,CHRY,PTC,SV,4,17,3037,,0,1030,,G,,0,0,000000000,00000000000,0,0,0,1,0,0,0,0,0,0,0,998,0,0,0,14,12,6,2,42,0,0,1,1,18,47948,6,1,6,0,3,0,69,230,0,0,0,0,0,0,0,0,0,1,8,0,0,0,1,2,35,1,1,2,2,0,0,1,6,4,2,4,7,2,0
18,180091,1,1,1,3,3,0,0,42,0,1,0,18,1,63,441,63441,20,2004,KNDUP1319465,K,N,D,U,P,1,3,1,9,4,6,5,0,P,KIA,SED,SV,4,17,4802,,0,1145,,G,,0,0,000000000,00000000000,0,0,0,1,0,0,0,0,0,0,0,998,0,0,0,9,9,6,2,42,0,0,0,1,18,47960,6,1,0,0,3,0,66,160,0,0,0,0,0,0,0,0,0,0,8,0,0,0,1,2,55,2,1,2,1,0,0,14,12,1,1,5,6,1,1
18,180092,1,1,3,11,2,11,25,42,0,1,0,18,1,12,401,12401,14,2005,1FMZU77K75UA,1,F,M,Z,U,7,7,K,7,5,U,A,0,P,FORD,EPR,UT,5,17,4309,,0,1259,,F,,0,0,000000000,00000000000,0,0,0,1,0,0,0,0,0,0,0,998,0,0,0,12,12,6,2,42,0,0,0,1,18,46580,6,1,0,0,3,1,70,200,0,0,0,0,0,0,0,0,0,1,87,0,0,0,1,2,55,1,1,2,4,0,0,1,6,1,2,4,7,1,0
18,180093,1,2,1,5,3,15,55,12,2,1,0,21,1,49,40,49040,4,2002,4T1BF30K22U0,4,T,1,B,F,3,0,K,2,2,U,0,0,P,TOYT,LXS,4D,2,17,3296,,0,1071,,G,,0,0,000000000,00000000000,0,0,0,1,0,0,0,0,0,0,0,998,0,0,0,12,62,6,2,12,0,0,0,1,21,40299,6,1,0,0,3,0,70,185,0,1,0,1,1,7,2008,3,2009,0,28,0,0,0,1,2,45,1,3,2,1,0,0,1,10,3,2,2,50,1,1
18,180093,2,2,1,5,3,15,55,12,2,1,0,18,2,12,401,12401,14,1997,1FMDU34X0VUB,1,F,M,D,U,3,4,X,0,V,U,B,0,P,FORD,EPR,UT,97,17,4166,,0,1115,,G,,0,0,000000000,00000000000,0,0,0,1,0,0,0,0,0,0,0,998,0,0,0,12,62,6,2,12,0,0,0,1,18,47111,6,1,0,0,3,3,70,250,0,0,0,0,0,0,0,0,0,0,0,0,0,0,1,2,45,1,3,2,1,0,0,1,62,1,1,1,51,1,0
18,180094,1,1,1,4,3,22,7,42,0,1,0,18,1,49,43,49043,4,1997,4T1BF12B3VU1,4,T,1,B,F,1,2,B,3,V,U,1,0,P,TOYT,UVS,4D,97,17,3263,,0,1071,,G,,0,0,000000000,00000000000,0,0,0,1,0,0,0,0,0,0,0,998,0,0,0,12,12,6,2,42,0,0,0,1,18,46814,6,1,0,0,3,0,73,155,0,0,0,1,0,5,2009,5,2009,1,0,0,0,0,1,2,55,1,2,2,1,1,3,1,13,1,1,4,1,1,1
18,180095,1,1,1,7,3,15,11,30,0,1,0,18,1,49,40,49040,4,2008,4T1BK46K98U0,4,T,1,B,K,4,6,K,9,8,U,0,0,P,TOYT,LXS,4D,8,17,3461,,0,1093,,G,,0,0,000000000,00000000000,0,0,0,1,0,0,0,0,0,0,0,998,0,0,0,12,12,6,2,30,0,0,1,1,18,46714,6,1,0,0,3,1,70,170,0,0,0,0,0,0,0,0,0,0,0,0,0,0,1,2,55,1,1,2,1,0,0,1,13,1,1,5,1,1,0
18,180096,1,2,2,2,3,16,20,12,2,1,0,18,1,20,481,20481,31,1995,1GCEK14K0SZ2,1,G,C,E,K,1,4,K,0,S,Z,2,0,T,CHEV,GK1,PK,95,17,,2,1315,1175,GM4,G,,0,0,000000000,00000000000,0,0,0,1,0,0,0,0,0,0,0,998,0,0,0,12,12,6,2,12,0,0,0,1,18,47231,6,1,0,0,3,0,78,185,3,13,0,2,8,1,2008,10,2009,0,28,0,0,0,1,2,55,3,3,2,1,28,3,6,11,1,1,2,50,0,0
18,180096,2,2,3,2,3,16,20,12,2,1,0,18,1,2,405,2405,14,2009,1J8GN58K59W5,1,J,8,G,N,5,8,K,5,9,W,5,0,T,JEEP,LMD,4W,9,17,,1,0,1061,LIB,G,,0,0,000000000,00000000000,0,0,0,1,0,0,0,0,0,0,0,998,0,0,0,12,12,6,2,12,0,0,0,1,18,47265,6,1,0,0,3,0,62,115,0,0,0,0,0,0,0,0,0,0,0,0,0,0,1,2,55,2,3,2,1,28,3,14,63,7,1,2,51,2,0
18,180097,1,1,1,6,3,23,48,42,0,1,0,18,1,22,16,22016,2,2000,1G2JB1243Y71,1,G,2,J,B,1,2,4,3,Y,7,1,0,P,PONT,SFS,CP,0,17,2606,,0,1041,,G,,0,0,000000000,00000000000,0,0,0,1,0,0,0,0,0,0,0,998,0,0,0,12,12,6,2,42,0,0,0,1,18,46036,1,1,0,0,2,1,65,125,0,5,0,0,3,7,2007,12,2009,0,39,0,0,0,5,2,55,1,2,2,1,20,3,1,13,1,1,5,1,1,1
18,180098,1,2,2,5,3,6,55,33,0,1,0,18,3,94,981,94981,50,2002,1T88N3B2X211,1,T,8,8,N,3,B,2,X,2,1,1,0,U,,,,2,17,,,,,,,,0,99,999999999,99999999999,3,21,22,1,0,0,0,0,1,0,0,998,0,0,0,12,12,6,2,12,0,0,0,1,18,46226,6,1,6,1,3,1,66,145,0,0,0,0,0,0,0,0,0,0,0,0,0,0,3,2,35,1,1,2,1,0,0,1,63,1,1,1,98,0,0
18,180098,2,2,1,5,3,6,55,33,0,1,0,18,2,12,37,12037,4,2002,1FAFP33PX2W1,1,F,A,F,P,3,3,P,X,2,W,1,0,P,FORD,FOX,4D,2,17,2604,,0,1030,,G,,0,0,000000000,00000000000,0,0,0,1,0,0,0,0,0,0,0,998,0,0,0,12,3,6,2,12,0,0,0,1,18,46205,0,0,0,0,0,0,999,999,0,0,0,0,0,0,0,0,0,0,28,0,0,0,1,2,35,1,1,2,1,0,0,1,8,1,1,4,6,1,0
18,180099,1,2,1,8,3,17,19,1,0,1,0,18,1,23,401,23401,14,2001,1GKDT13W6121,1,G,K,D,T,1,3,W,6,1,2,1,0,T,GMC,JMY,4W,1,17,,1,0,1070,JMY,G,,0,0,000000000,00000000000,0,0,0,1,0,0,0,0,0,0,0,998,0,2,5,0,18,6,2,1,0,0,0,1,18,47302,6,1,0,0,3,1,69,200,0,0,0,0,0,0,0,0,0,0,0,0,0,0,3,3,70,1,1,2,1,0,0,1,8,8,1,5,1,1,0
18,180099,2,2,2,8,3,17,19,1,0,1,0,18,1,20,37,20037,4,2009,1G1ZJ57B6941,1,G,1,Z,J,5,7,B,6,9,4,1,0,P,CHEV,ML2,4D,9,17,3436,,0,1123,,G,,0,0,000000000,00000000000,0,0,0,1,0,0,0,0,0,0,0,998,0,0,0,18,18,2,1,54,0,0,0,1,18,47396,6,1,0,0,3,0,72,220,0,0,0,0,0,0,0,0,0,0,0,0,0,0,3,3,70,1,1,2,1,0,0,1,90,1,1,1,98,0,0
18,180100,1,1,1,6,3,10,45,30,0,1,0,18,1,7,482,7482,31,2007,1D7HA16K47J5,1,D,7,H,A,1,6,K,4,7,J,5,0,T,DODG,S1T,PK,7,17,,2,1605,1405,RPC,G,,0,0,000000000,00000000000,0,0,0,1,0,0,0,0,0,0,0,998,0,0,0,1,1,6,2,30,0,0,0,1,18,47591,6,1,0,0,3,0,74,305,0,0,0,0,0,0,0,0,0,0,0,0,0,0,1,2,45,1,2,2,1,0,0,1,13,1,1,5,1,1,0
18,180101,1,2,1,8,3,6,55,12,6,1,0,18,2,20,20,20020,4,2001,2G1WL52J1111,2,G,1,W,L,5,2,J,1,1,1,1,0,P,CHEV,LUM,4D,1,17,3330,,0,1075,,G,,0,0,000000000,00000000000,0,0,0,1,0,0,0,0,0,0,0,998,0,0,0,9,81,6,2,12,0,0,0,1,18,46409,6,1,0,0,3,0,65,250,0,0,0,0,0,0,0,0,0,0,39,0,0,0,1,3,35,1,1,2,1,3,3,1,17,1,1,1,89,1,0
18,180101,2,2,1,8,3,6,55,12,6,1,0,18,1,37,32,37032,4,2005,1HGCM668X5A0,1,H,G,C,M,6,6,8,X,5,A,0,0,P,HOND,UEX,4D,5,17,3384,,0,1079,,G,,0,0,000000000,00000000000,0,0,0,1,0,0,0,0,0,0,0,998,0,0,0,12,12,6,2,12,0,0,0,1,18,46410,6,1,0,0,3,1,67,180,0,0,0,0,0,0,0,0,0,0,0,0,0,0,1,3,35,1,1,2,1,3,3,1,17,1,1,1,88,0,0
18,180102,1,1,2,1,3,12,56,34,0,1,0,18,1,12,16,12016,4,2008,2FAFP74V98X1,2,F,A,F,P,7,4,V,9,8,X,1,0,P,FORD,CVR,4D,8,17,0,,0,1147,,F,,0,0,000000000,00000000000,0,0,0,1,0,0,0,0,0,0,0,998,0,0,0,12,12,6,2,42,0,0,0,1,18,47265,6,1,0,0,3,3,68,175,0,0,0,0,0,0,0,0,0,0,0,0,0,0,1,2,55,3,1,2,1,0,0,14,13,1,1,4,1,1,0
18,180103,1,1,1,9,3,6,23,8,0,1,0,18,1,12,16,12016,4,1999,2FAFP71W8XX2,2,F,A,F,P,7,1,W,8,X,X,2,0,P,FORD,CVP,4D,99,17,0,,0,1147,,G,,0,0,000000000,00000000000,0,0,0,1,0,0,0,0,0,0,0,998,0,0,0,12,12,2,3,8,0,0,0,1,18,46168,6,1,0,0,3,0,71,155,0,1,0,3,0,3,2008,11,2009,1,0,0,0,0,1,2,30,1,1,2,2,4,3,2,80,4,1,1,13,0,0
18,180104,1,1,1,13,3,1,55,42,0,1,0,18,1,22,20,22020,2,1995,1G2WJ12M4SF2,1,G,2,W,J,1,2,M,4,S,F,2,0,P,PONT,GFS,CP,95,17,3275,,0,1075,,G,,0,0,000000000,00000000000,0,0,0,1,0,0,0,0,0,0,0,998,0,0,0,12,61,6,2,42,0,0,0,1,18,46582,6,1,0,0,3,0,67,140,0,1,0,0,0,5,2008,5,2008,0,0,0,0,0,1,2,55,1,2,2,2,0,0,1,13,1,1,4,1,1,1
18,180105,1,2,1,10,3,23,0,12,6,1,0,18,1,76,706,76706,80,2001,JYARN05E81A0,J,Y,A,R,N,0,5,E,8,1,A,0,0,M,YAMA,YFR,RS,1,17,,,,,,,998,0,0,000000000,00000000000,0,0,0,1,0,0,0,0,0,0,0,998,0,0,0,12,12,6,2,12,0,0,0,1,18,47111,6,1,0,0,2,0,70,130,1,1,0,0,2,10,2007,12,2008,1,8,35,0,0,1,2,45,1,2,2,1,0,0,6,10,1,1,2,77,1,0
18,180105,2,2,1,10,3,23,0,12,6,1,0,18,1,49,32,49032,4,2008,2T1BR32E38C8,2,T,1,B,R,3,2,E,3,8,C,8,0,P,TOYT,UCS,4D,8,17,2530,,0,1024,,G,,0,0,000000000,00000000000,0,0,0,1,0,0,0,0,0,0,0,998,0,0,0,9,9,6,2,12,0,0,0,1,18,47111,6,1,0,0,3,0,61,125,0,0,0,0,0,0,0,0,0,0,0,0,0,0,1,2,45,1,2,2,1,0,0,11,60,1,1,1,76,0,0
18,180106,1,1,1,8,3,9,0,10,0,1,0,18,2,12,881,12881,63,1995,1FDXF80E6SVA,1,F,D,X,F,8,0,E,6,S,V,A,0,T,FORD,F80,CC,95,17,,7,2560,1290,MHV,D,,0,99,999999999,99999999999,3,1,1,1,0,0,0,0,0,0,0,998,0,0,0,9,9,6,2,10,0,0,0,1,18,47959,6,1,0,0,3,0,66,160,0,1,0,1,1,8,2008,11,2009,0,38,0,0,0,1,2,55,1,3,2,2,65,3,1,90,1,1,1,15,1,0
18,180107,1,2,1,10,3,9,32,12,6,1,0,18,1,22,18,22018,4,2000,1G2NF52T4YC5,1,G,2,N,F,5,2,T,4,Y,C,5,0,P,PONT,SE1,4D,0,17,3116,,0,1070,,G,,0,0,000000000,00000000000,0,0,0,1,0,0,0,0,0,0,0,998,0,0,0,12,12,6,2,12,0,0,0,1,18,47446,6,1,0,0,3,0,62,110,0,0,0,0,0,0,0,0,0,0,0,0,0,0,1,2,30,1,1,2,1,0,0,1,67,1,1,1,83,0,0
18,180107,2,2,2,10,3,9,32,12,6,1,0,18,1,13,5,13005,4,1999,1LNHM97VXXY6,1,L,N,H,M,9,7,V,X,X,Y,6,0,P,LINC,CON,4D,99,17,3868,,0,1090,,G,,0,0,000000000,00000000000,0,0,0,1,0,0,0,0,0,0,0,998,0,0,0,9,9,6,2,12,0,0,0,1,18,47446,6,1,0,0,3,1,72,220,0,0,0,0,0,0,0,0,0,0,38,0,0,0,1,2,30,1,1,2,1,20,3,11,15,1,1,1,82,1,0
18,180109,1,2,1,12,3,14,48,12,2,1,0,21,3,84,883,84883,66,1996,2HSFMAMR5TC0,2,H,S,F,M,A,M,R,5,T,C,0,1,T,INTL,920,TM,96,17,,8,2340,1600,920,D,,3,57,423372,57423372,3,6,3,1,0,0,0,0,0,0,0,998,0,0,0,12,12,6,2,12,0,0,0,1,21,42101,6,1,6,1,3,0,68,160,0,0,0,2,2,2,2008,12,2008,0,28,87,92,0,1,2,45,1,2,2,2,0,0,1,10,1,1,2,50,0,0
18,180109,2,2,2,12,3,14,48,12,2,1,0,18,1,2,404,2404,14,2000,1J4GW48S8YC1,1,J,4,G,W,4,8,S,8,Y,C,1,0,T,JEEP,LRO,4W,0,17,,1,0,1059,GCK,G,,0,0,000000000,00000000000,0,0,0,1,0,0,0,0,0,0,0,998,0,0,0,12,12,6,2,12,0,0,0,1,18,47542,6,1,6,0,3,0,71,175,0,0,0,0,0,0,0,0,0,0,0,0,0,0,1,2,45,1,2,2,2,0,0,1,62,1,1,1,51,1,0
18,180110,1,1,1,19,3,8,53,34,0,1,0,18,1,7,482,7482,31,1998,1B7HC13Z0WJ1,1,B,7,H,C,1,3,Z,0,W,J,1,0,T,DODG,Q15,4C,98,17,,2,1547,1387,RPC,G,,0,0,000000000,00000000000,0,0,0,1,0,0,0,0,0,0,0,998,0,0,0,12,12,6,2,42,0,0,0,1,18,47394,6,1,0,0,3,0,73,185,0,0,0,0,0,0,0,0,0,0,0,0,0,0,1,2,55,1,1,2,1,28,3,1,13,1,1,4,1,1,0
18,180111,1,1,1,16,3,1,28,8,0,1,0,18,1,14,4,14004,2,1993,1MEPM6244PH6,1,M,E,P,M,6,2,4,4,P,H,6,0,P,MERC,XR7,2D,93,17,3800,,0,1130,,G,,0,0,000000000,00000000000,0,0,0,1,0,0,0,0,0,0,0,998,0,0,0,12,12,6,2,8,0,0,0,1,18,46323,6,1,0,0,3,0,67,150,0,0,0,0,0,0,0,0,0,1,91,40,41,0,3,3,45,1,1,2,1,98,3,1,80,1,1,1,13,0,0
18,180112,1,1,1,17,3,22,7,35,0,1,0,18,1,30,40,30040,4,1996,3VWRA81H7TM0,3,V,W,R,A,8,1,H,7,T,M,0,0,P,VOLK,UJG,4D,96,17,2573,,0,974,,G,,0,0,000000000,00000000000,0,0,0,1,0,0,0,0,0,0,0,998,0,1,5,12,81,6,2,42,0,0,0,1,18,47265,6,1,0,0,3,0,72,225,0,0,0,0,0,0,0,0,0,1,0,0,0,0,1,2,55,1,1,2,1,0,0,1,1,1,3,4,7,1,1
18,180113,1,2,2,20,3,6,31,12,6,1,0,18,2,21,21,21021,4,1999,1G3NL52T6XC3,1,G,3,N,L,5,2,T,6,X,C,3,0,P,OLDS,A/G,4D,99,17,2958,,0,1070,,G,,0,0,000000000,00000000000,0,0,0,1,0,0,0,0,0,0,0,998,0,0,0,12,12,6,2,12,0,0,0,1,18,46992,6,1,0,0,3,0,66,132,0,0,0,1,0,8,2008,8,2008,0,8,39,0,0,1,2,55,1,2,2,1,20,3,1,17,1,1,1,86,2,0
18,180113,2,2,1,20,3,6,31,12,6,1,0,18,3,87,881,87881,66,1990,999999999999,9,9,9,9,9,9,9,9,9,9,9,9,1,U,,375,DS,9,17,,8,0,0,CON,D,,1,57,755653,57755653,3,6,8,1,0,0,0,0,0,0,0,998,0,0,0,4,4,6,2,12,0,0,0,1,18,46992,6,1,3,0,3,1,72,260,0,0,0,1,0,11,2008,11,2008,0,0,0,0,0,1,2,55,1,2,2,1,0,0,1,17,1,1,1,87,0,0
18,180114,1,1,1,21,3,1,0,1,0,1,0,18,2,35,47,35047,4,2008,1N4BA41EX8C8,1,N,4,B,A,4,1,E,X,8,C,8,0,P,NISS,MEL,4D,8,17,3462,,0,1112,,G,,0,0,000000000,00000000000,0,0,0,1,0,0,0,0,0,0,0,998,0,2,5,0,0,6,2,1,0,0,0,1,18,46382,6,1,5,0,3,0,74,210,0,0,0,0,0,0,0,0,0,1,0,0,0,0,1,2,55,1,1,2,1,0,0,1,12,1,1,5,6,1,1
18,180115,1,1,1,16,3,15,4,8,0,1,0,18,1,18,7,18007,4,1999,2G4WY52MXX14,2,G,4,W,Y,5,2,M,X,X,1,4,0,P,BUIC,CLM,4D,99,17,3371,,0,1090,,G,,0,0,000000000,00000000000,0,0,0,1,0,0,0,0,0,0,0,998,0,0,0,12,12,6,2,8,0,0,0,1,18,46383,6,1,0,0,3,1,62,145,0,0,0,0,0,0,0,0,0,0,0,0,0,0,1,2,35,1,1,2,1,0,0,1,81,1,1,1,13,0,0
18,180116,1,1,2,10,3,0,47,42,0,1,0,18,2,14,17,14017,4,1999,1MEFM53S9XG6,1,M,E,F,M,5,3,S,9,X,G,6,0,P,MERC,SLS,4D,99,17,3299,,0,1085,,G,,0,0,000000000,00000000000,0,0,0,1,0,0,0,0,0,0,0,998,0,0,0,12,12,6,2,42,0,0,0,1,18,46953,6,1,0,0,3,0,75,160,0,0,0,0,0,0,0,0,0,0,8,58,0,0,1,2,30,1,1,2,2,0,0,1,13,4,1,5,1,1,1
18,180117,1,2,2,24,3,6,57,14,0,1,0,26,1,49,46,49046,4,2008,999999999999,9,9,9,9,9,9,9,9,9,9,9,9,0,U,,,,9,17,,,,,,,,0,0,000000000,00000000000,0,0,0,1,0,0,0,0,0,0,0,998,0,0,0,12,12,6,2,12,0,0,0,1,26,49512,6,1,0,0,3,1,72,200,0,0,0,0,1,5,2008,5,2008,0,0,0,0,0,2,3,70,1,1,2,1,0,0,1,11,1,1,4,11,1,0
18,180117,3,2,1,24,3,6,57,14,0,1,0,18,1,7,20,7020,4,2004,1B3ES26C44D5,1,B,3,E,S,2,6,C,4,4,D,5,0,P,DODG,BSE,4D,4,17,2584,,0,1040,,G,,0,0,000000000,00000000000,0,0,0,1,0,0,0,0,0,0,0,998,0,0,0,12,12,6,2,12,0,0,0,1,18,47102,6,1,0,0,3,0,68,120,0,0,0,0,0,0,0,0,0,0,0,0,0,0,2,3,70,1,1,2,1,0,0,1,60,1,1,1,98,1,0