STATE,ST_CASE,VEH_NO,VE_FORMS,NUMOCCS,DAY,MONTH,HOUR,MINUTE,HARM_EV,MAN_COLL,UNITTYPE,HIT_RUN,REG_STAT,OWNER,MAKE,MODEL,MAK_MOD,BODY_TYP,MOD_YEAR,VIN,VIN_1,VIN_2,VIN_3,VIN_4,VIN_5,VIN_6,VIN_7,VIN_8,VIN_9,VIN_10,VIN_11,VIN_12,TOW_VEH,VINTYPE,VINMAKE,VINA_MOD,VIN_BT,VINMODYR,VIN_LNGT,VIN_WGT,WGTCD_TR,WHLBS_LG,WHLBS_SH,SER_TR,FUELCODE,MCYCL_DS,J_KNIFE,MCARR_I1,MCARR_I2,MCARR_ID,GVWR,V_CONFIG,CARGO_BT,HAZ_INV,HAZ_PLAC,HAZ_ID,HAZ_CNO,HAZ_REL,BUS_USE,SPEC_USE,EMER_USE,TRAV_SP,UNDERIDE,ROLLOVER,ROLINLOC,IMPACT1,IMPACT2,DEFORMED,TOWED,M_HARM,VEH_SC1,VEH_SC2,FIRE_EXP,DR_PRES,L_STATE,DR_ZIP,L_STATUS,L_TYPE,CDL_STAT,L_ENDORS,L_COMPL,L_RESTRI,DR_HGT,DR_WGT,PREV_ACC,PREV_SUS,PREV_DWI,PREV_SPD,PREV_OTH,FIRST_MO,FIRST_YR,LAST_MO,LAST_YR,SPEEDREL,DR_SF1,DR_SF2,DR_SF3,DR_SF4,VTRAFWAY,VNUM_LAN,VSPD_LIM,VALIGN,VPROFILE,VPAVETYP,VSURCOND,VTRAFCON,VTCONT_F,P_CRASH1,P_CRASH2,P_CRASH3,PCRASH4,PCRASH5,ACC_TYPE,DEATHS,DR_DRINK
18,180148,1,1,1,3,4,21,8,30,0,1,0,18,2,7,442,7442,20,2000,2B4GP44G4YR6,2,B,4,G,P,4,4,G,4,Y,R,6,0,P,DODG,CAR,SV,0,17,3863,,0,1193,,F,,0,0,000000000,00000000000,0,0,0,1,0,0,0,0,0,0,0,998,0,0,0,12,62,6,2,32,0,0,0,1,18,46322,6,1,0,0,3,0,68,165,0,0,0,1,0,3,2008,3,2008,0,0,0,0,0,1,2,55,1,1,2,1,0,0,1,12,1,1,4,6,1,1
18,180149,1,2,1,15,4,13,20,12,6,1,0,18,1,12,13,12013,2,1998,3FAFP1132WR1,3,F,A,F,P,1,1,3,2,W,R,1,0,P,FORD,ZXS,CP,98,17,2478,,0,984,,G,,0,0,000000000,00000000000,0,0,0,1,0,0,0,0,0,0,0,998,0,0,0,9,9,6,2,12,0,0,0,1,18,47855,6,1,0,0,3,0,62,130,0,0,0,0,0,0,0,0,0,0,38,0,0,0,2,2,60,1,2,2,1,0,0,11,15,1,1,1,68,1,0
18,180149,2,2,4,15,4,13,20,12,6,1,0,18,2,12,461,12461,21,2002,1FDXE45F22HB,1,F,D,X,E,4,5,F,2,2,H,B,0,T,FORD,4DC,YY,2,17,,4,1760,1580,CTV,D,,0,0,000000000,00000000000,0,0,0,1,0,0,0,0,0,0,0,998,0,0,0,12,12,6,2,12,0,0,0,1,18,46227,6,1,0,0,3,0,67,220,0,0,0,0,0,0,0,0,0,0,0,0,0,0,2,2,60,1,2,2,1,0,0,1,67,6,1,1,69,0,0
18,180150,1,2,2,15,4,8,30,12,2,1,0,18,2,21,23,21023,4,1998,1G3WS52K2WF3,1,G,3,W,S,5,2,K,2,W,F,3,0,P,OLDS,IGL,4D,98,17,3455,,0,1090,,G,,0,0,000000000,00000000000,0,0,0,1,0,0,0,0,0,0,0,998,0,0,0,12,12,6,2,12,0,0,0,1,18,46567,6,1,0,0,3,0,74,270,0,0,0,1,0,11,2007,11,2007,0,8,28,0,0,1,2,55,2,2,2,1,0,0,14,10,1,1,2,50,2,0
18,180150,2,2,2,15,4,8,30,12,2,1,0,18,3,84,881,84881,63,2008,1HTWAAAN48J6,1,H,T,W,A,A,A,N,4,8,J,6,0,T,INTL,S30,CC,8,17,,7,0,0,70S,D,,0,57,322521,57322521,3,1,1,1,0,0,0,0,0,0,0,998,0,0,0,12,12,6,2,12,0,0,0,1,39,43430,6,1,6,0,3,0,71,185,0,0,0,0,0,0,0,0,0,0,0,0,0,0,1,2,55,3,2,2,1,0,0,14,62,1,1,1,51,0,0
18,180151,1,2,1,17,4,15,0,12,6,1,0,18,1,21,21,21021,4,1999,1G3NK52T1XC4,1,G,3,N,K,5,2,T,1,X,C,4,0,P,OLDS,AGX,4D,99,17,3022,,0,1070,,G,,0,0,000000000,00000000000,0,0,0,1,0,0,0,0,0,0,0,998,0,0,0,9,9,6,2,12,32,0,0,1,18,47933,6,1,0,0,3,3,62,140,0,0,0,0,0,0,0,0,0,0,38,0,0,0,1,3,30,1,2,2,1,20,3,4,17,1,1,1,89,1,0
18,180151,2,2,1,17,4,15,0,12,6,1,0,18,1,20,37,20037,4,2004,1G1ND52F74M5,1,G,1,N,D,5,2,F,7,4,M,5,0,P,CHEV,CLA,4D,4,17,3106,,0,1070,,G,,0,0,000000000,00000000000,0,0,0,1,0,0,0,0,0,0,0,998,0,0,0,12,12,6,2,12,0,0,0,1,18,47977,6,1,6,0,3,1,69,220,0,0,0,0,0,0,0,0,0,0,0,0,0,0,1,4,40,1,2,2,1,0,0,1,17,3,2,1,88,0,0
18,180152,1,1,1,16,4,12,25,42,0,1,0,18,2,12,37,12037,4,2004,3FAFP31Z64R1,3,F,A,F,P,3,1,Z,6,4,R,1,0,P,FORD,FZX,3P,4,17,2593,,0,1030,,G,,0,0,000000000,00000000000,0,0,0,1,0,0,0,0,0,0,0,998,0,0,0,12,12,6,2,2,0,0,1,1,18,46060,6,1,0,0,3,0,68,224,0,0,0,1,0,3,2008,3,2008,1,8,0,0,0,1,2,45,1,3,2,1,28,3,1,6,1,1,5,1,1,1
18,180153,1,1,1,22,3,20,30,30,0,1,0,18,2,6,42,6042,4,1996,2C3HC56F5TH2,2,C,3,H,C,5,6,F,5,T,H,2,0,P,CHRY,LHS,4D,96,17,3560,,0,1130,,G,,0,0,000000000,00000000000,0,0,0,1,0,0,0,0,0,0,0,998,0,0,0,12,12,6,2,30,0,0,0,1,18,47949,6,1,0,0,3,0,72,175,0,1,0,1,1,10,2008,10,2008,0,0,0,0,0,1,2,30,1,2,2,1,20,3,1,12,1,1,5,6,1,0
18,180154,1,2,1,16,4,15,51,1,0,1,0,18,1,72,706,72706,80,2003,1HD1JAB143Y0,1,H,D,1,J,A,B,1,4,3,Y,0,0,M,HD,TBI,RS,3,17,,,,,,,1450,0,0,000000000,00000000000,0,0,0,1,0,0,0,0,0,0,0,998,0,0,0,0,12,6,2,12,0,0,0,1,18,46307,6,1,0,0,3,1,75,205,0,0,0,1,0,11,2007,11,2007,0,0,0,0,0,5,2,55,1,1,2,1,1,3,1,50,3,1,1,98,1,1
18,180154,2,2,1,16,4,15,51,1,0,1,0,18,4,49,401,49401,14,2007,JTEBU14R4780,J,T,E,B,U,1,4,R,4,7,8,0,0,P,TOYT,RUN,UT,7,17,4300,,0,1098,,G,,0,0,000000000,00000000000,0,0,0,1,0,0,0,0,0,0,0,0,0,0,0,6,6,6,2,12,0,0,0,1,18,46307,6,1,0,0,3,0,72,238,0,0,0,0,0,0,0,0,0,0,0,0,0,0,5,2,55,1,1,2,1,1,3,5,18,10,1,1,98,0,0
18,180155,1,2,1,16,4,17,38,12,6,1,0,18,1,32,45,32045,1,2001,TRUTX28N6110,T,R,U,T,X,2,8,N,6,1,1,0,0,P,AUDI,ATN,RD,1,17,3057,,0,954,,G,,0,0,000000000,00000000000,0,0,0,1,0,0,0,0,0,0,0,998,0,0,0,9,61,6,2,12,0,0,0,1,18,47265,6,1,0,0,3,1,74,185,0,0,0,0,0,0,0,0,0,0,39,0,0,0,1,2,45,1,1,2,2,20,3,11,15,1,1,1,82,1,0
18,180155,2,2,2,16,4,17,38,12,6,1,0,18,1,20,481,20481,31,1999,1GCEK19T5XE1,1,G,C,E,K,1,9,T,5,X,E,1,0,T,CHEV,SK1,3C,99,17,,2,1575,1435,SIL,G,,0,0,000000000,00000000000,0,0,0,1,0,0,0,0,0,0,0,998,0,0,0,12,12,6,2,12,0,0,0,1,18,47282,6,1,0,0,3,0,70,160,0,0,0,0,0,0,0,0,0,0,0,0,0,0,1,2,45,3,1,2,2,20,3,14,67,4,1,1,83,0,0
18,180156,1,2,1,15,4,16,7,12,6,1,0,18,1,18,3,18003,4,1998,1G4CW52K8W46,1,G,4,C,W,5,2,K,8,W,4,6,0,P,BUIC,PKA,4D,98,17,3645,,0,1138,,G,,0,0,000000000,00000000000,0,0,0,1,0,0,0,0,0,0,0,998,0,0,0,3,3,6,2,12,0,0,0,1,18,47944,6,1,0,0,3,1,65,170,0,0,0,1,0,11,2007,11,2007,0,38,0,0,0,3,2,30,1,1,2,1,0,0,1,17,1,1,1,64,0,0
18,180156,2,2,1,15,4,16,7,12,6,1,0,18,1,53,705,53705,80,1981,JS1GP71L6B21,J,S,1,G,P,7,1,L,6,B,2,1,0,M,SUZI,G6L,RS,81,17,,,,,,,650,0,0,000000000,00000000000,0,0,0,1,0,0,0,0,0,0,0,998,0,0,0,12,12,6,2,12,0,0,0,1,18,47944,6,1,0,0,3,0,66,185,0,1,0,2,0,4,2007,6,2008,0,0,0,0,0,3,2,55,1,1,2,1,0,0,1,64,4,1,1,65,1,0
18,180157,1,2,1,12,4,16,12,12,6,1,0,18,1,63,401,63401,14,2002,KNDJB7230251,K,N,D,J,B,7,2,3,0,2,5,1,0,P,KIA,SPO,UT,2,17,3186,,0,1043,,G,,0,0,000000000,00000000000,0,0,0,1,0,0,0,0,0,0,0,998,0,0,0,3,3,6,2,12,0,0,0,1,18,47138,6,1,0,0,3,1,62,135,0,0,0,0,0,0,0,0,0,0,38,0,0,0,5,2,55,1,1,2,1,0,0,1,17,4,1,1,87,1,0
18,180157,2,2,1,12,4,16,12,12,6,1,0,18,3,84,881,84881,63,2004,1HTXHAXT44J0,1,H,T,X,H,A,X,T,4,4,J,0,0,T,INTL,56I,TM,4,17,,8,0,0,560,D,,0,57,297629,57297629,3,2,4,1,0,0,0,0,0,0,0,998,0,0,0,12,12,6,2,12,0,0,0,1,18,47147,6,1,6,1,3,1,71,240,0,0,0,0,0,0,0,0,0,0,0,0,0,0,5,2,55,1,1,2,1,20,3,1,66,1,1,1,86,0,0
18,180158,1,5,3,15,4,14,34,12,8,1,0,18,2,49,40,49040,4,1993,4T1VK13E9PU1,4,T,1,V,K,1,3,E,9,P,U,1,0,P,TOYT,XLE,4D,93,17,3097,,0,1031,,G,,0,0,000000000,00000000000,0,0,0,1,0,0,0,0,0,0,0,998,0,0,0,2,11,6,2,12,0,0,0,1,18,47117,0,0,0,0,0,0,73,290,0,0,0,0,0,0,0,0,0,0,92,0,0,0,1,2,55,1,1,2,1,0,0,1,10,1,1,2,64,0,0
18,180158,2,5,1,15,4,14,34,12,8,1,0,18,2,12,402,12402,14,2007,1FMYU02Z97KA,1,F,M,Y,U,0,2,Z,9,7,K,A,0,P,FORD,SPE,UT,7,17,3156,,0,1031,,G,,0,0,000000000,00000000000,0,0,0,1,0,0,0,0,0,0,0,998,0,0,0,2,2,6,2,12,0,0,0,1,18,47150,6,1,0,0,3,1,66,270,0,0,0,0,0,0,0,0,0,0,0,0,0,0,1,2,55,1,1,2,1,0,0,1,62,1,1,1,65,0,0
18,180158,3,5,1,15,4,14,34,12,8,1,0,18,1,63,34,63034,4,2008,KNAGE1235852,K,N,A,G,E,1,2,3,5,8,5,2,0,P,KIA,OLE,4D,8,17,3142,,0,1071,,G,,0,0,000000000,00000000000,0,0,0,1,0,0,0,0,0,0,0,998,0,0,0,3,3,6,2,12,0,0,0,1,18,47130,6,1,0,0,3,1,62,120,0,0,0,0,0,0,0,0,0,0,0,0,0,0,1,2,55,1,1,2,1,0,0,1,62,6,1,1,98,0,0
18,180158,4,5,1,15,4,14,34,12,8,1,0,18,1,76,706,76706,80,2002,JYARN07E82A0,J,Y,A,R,N,0,7,E,8,2,A,0,0,M,YAMA,FZS,RS,2,17,,,,,,,998,0,0,000000000,00000000000,0,0,0,1,0,0,0,0,0,0,0,998,0,0,0,12,12,6,2,12,0,0,0,1,18,47150,6,1,0,0,3,0,67,125,0,4,0,2,0,5,2007,11,2009,0,0,0,0,0,1,2,55,1,1,2,1,0,0,1,62,1,1,1,98,1,0
18,180158,5,5,4,15,4,14,34,12,8,1,0,28,1,2,407,2407,14,2009,1J4FT48BX9D1,1,J,4,F,T,4,8,B,X,9,D,1,0,T,JEEP,PTL,4W,9,17,,1,0,1037,PRT,G,,0,0,000000000,00000000000,0,0,0,1,0,0,0,0,0,0,0,998,0,0,0,12,12,6,2,12,0,0,0,1,28,39759,6,1,0,0,3,0,64,125,0,0,0,0,0,0,0,0,0,0,0,0,0,0,1,2,55,1,1,2,1,0,0,1,62,6,1,1,98,0,0
18,180159,1,2,1,19,4,16,51,12,6,1,0,18,2,18,3,18003,4,1993,1G4HP53L1PH4,1,G,4,H,P,5,3,L,1,P,H,4,0,P,BUIC,L90,4D,93,17,3338,,0,1108,,G,,0,0,000000000,00000000000,0,0,0,1,0,0,0,0,0,0,0,998,0,0,0,9,12,6,2,12,0,0,0,1,18,46001,6,1,0,0,3,1,74,200,0,0,0,0,0,0,0,0,0,0,28,0,0,0,1,2,55,1,2,2,1,0,0,1,10,8,2,6,64,1,0
18,180159,2,2,1,19,4,16,51,12,6,1,0,27,3,82,883,82883,66,2006,1FUJA6AV66LV,1,F,U,J,A,6,A,V,6,6,L,V,1,T,FRHT,COL,DS,6,17,,8,0,0,CON,D,,1,57,1980918,571980918,3,6,1,1,0,0,0,0,0,0,0,998,0,0,0,12,12,6,2,12,0,0,0,1,26,55382,6,1,6,1,3,1,62,200,0,0,0,0,0,0,0,0,0,0,0,0,0,0,1,2,55,1,2,2,1,0,0,1,62,1,1,1,65,0,0
18,180160,1,2,1,15,4,17,10,12,6,1,0,18,1,37,709,37709,80,2006,999999999999,9,9,9,9,9,9,9,9,9,9,9,9,0,U,,,,9,17,,,,,,,,0,0,000000000,00000000000,0,0,0,1,0,0,0,0,0,0,0,998,0,0,0,12,12,6,2,12,0,0,0,1,18,46163,6,1,0,0,2,0,68,145,0,2,0,2,3,3,2008,8,2009,1,8,0,0,0,1,2,30,1,1,2,1,0,0,1,67,1,1,1,69,1,0
18,180160,2,2,1,15,4,17,10,12,6,1,0,18,1,12,37,12037,4,2004,1FAFP38Z24W1,1,F,A,F,P,3,8,Z,2,4,W,1,0,P,FORD,FZT,4D,4,17,2586,,0,1030,,G,,0,0,000000000,00000000000,0,0,0,1,0,0,0,0,0,0,0,998,0,0,0,3,3,6,2,12,0,0,0,1,18,46143,6,1,0,0,3,0,67,118,0,0,0,1,0,7,2008,7,2008,0,38,0,0,0,1,2,30,1,1,2,1,0,0,11,15,1,1,2,68,0,0
18,180161,1,2,1,18,4,11,49,12,6,1,0,18,1,22,16,22016,4,1998,1G2JB5244W75,1,G,2,J,B,5,2,4,4,W,7,5,0,P,PONT,SFS,4D,98,17,2674,,0,1041,,G,,0,0,000000000,00000000000,0,0,0,1,0,0,0,0,0,0,0,998,0,1,1,3,3,6,2,12,32,0,0,1,18,47396,6,1,0,0,3,1,70,145,0,0,0,0,0,0,0,0,0,0,39,0,0,0,5,2,50,1,1,2,1,1,3,11,15,1,1,2,68,1,1
18,180161,2,2,3,18,4,11,49,12,6,1,0,18,1,20,461,20461,21,1995,1GBEG25K4SF1,1,G,B,E,G,2,5,K,4,S,F,1,0,T,CHEV,SV2,IC,95,17,,2,1250,1100,S/V,G,,0,0,000000000,00000000000,0,0,0,1,0,0,0,0,0,0,0,998,0,0,0,12,12,6,2,12,0,0,0,1,18,46017,6,1,6,0,3,0,73,249,0,0,0,0,0,0,0,0,0,0,0,0,0,0,5,2,50,1,1,2,1,1,3,1,67,1,1,1,69,0,0
18,180162,1,1,2,18,4,11,28,42,0,1,0,18,2,20,23,20023,6,2009,3GNCA23B79S5,3,G,N,C,A,2,3,B,7,9,S,5,0,P,CHEV,HHR,UT,9,17,3208,,0,1035,,F,,0,0,000000000,00000000000,0,0,0,1,0,0,0,0,0,0,0,998,0,0,0,12,12,6,2,42,0,0,0,1,18,46341,6,1,0,0,3,1,64,250,0,0,0,0,0,0,0,0,0,0,0,0,0,0,1,2,40,9,9,2,1,28,3,1,90,6,1,5,3,2,0
18,180163,1,1,1,21,4,15,30,35,0,1,0,18,1,20,17,20017,4,1985,2G1AW19X8F11,2,G,1,A,W,1,9,X,8,F,1,1,0,P,CHEV,CEL,4D,85,17,2605,,0,1049,,G,,0,0,000000000,00000000000,0,0,0,1,0,0,0,0,0,0,0,998,0,0,0,12,12,6,2,3,32,0,0,1,18,47531,6,1,0,0,3,0,61,140,0,0,0,0,0,0,0,0,0,1,27,39,0,0,1,2,35,2,1,2,1,20,3,14,6,1,1,4,14,1,0
18,180164,1,2,1,16,4,7,8,12,6,1,0,18,1,9,442,9442,20,1992,1P4GH44R8NX2,1,P,4,G,H,4,4,R,8,N,X,2,0,P,PLYM,VOF,SV,92,17,3499,,0,1193,,G,,0,0,000000000,00000000000,0,0,0,1,0,0,0,0,0,0,0,998,0,0,0,12,12,6,2,12,0,0,0,1,18,47167,6,1,0,0,3,0,66,125,0,0,0,0,3,11,2008,10,2009,0,0,0,0,0,1,2,45,1,3,2,1,0,0,1,67,3,2,1,83,0,0
18,180164,2,2,1,16,4,7,8,12,6,1,0,18,1,12,481,12481,31,2002,1FTRF17262NB,1,F,T,R,F,1,7,2,6,2,N,B,0,T,FORD,F15,PK,2,17,,2,1385,1199,COF,G,,0,0,000000000,00000000000,0,0,0,1,0,0,0,0,0,0,0,998,0,0,0,9,61,6,2,12,0,0,0,1,18,47167,6,1,0,0,3,3,70,300,0,0,0,0,0,0,0,0,0,0,38,0,0,0,1,2,45,1,3,2,1,20,3,11,15,1,1,2,82,1,0
18,180165,1,2,3,20,4,9,20,12,2,1,0,18,2,35,443,35443,20,1996,4N2DN11WXTD8,4,N,2,D,N,1,1,W,X,T,D,8,0,P,NISS,QST,SV,96,17,3745,,0,1122,,G,,0,0,000000000,00000000000,0,0,0,1,0,0,0,0,0,0,0,998,0,0,0,12,12,6,2,12,0,0,0,1,18,46203,1,1,0,0,2,0,69,180,0,1,0,0,0,6,2009,6,2009,1,8,28,37,0,1,2,35,2,2,1,1,0,0,14,10,1,1,2,50,1,0
18,180165,2,2,1,20,4,9,20,12,2,1,0,18,1,42,45,42045,1,2001,WDBKK65F01F1,W,D,B,K,K,6,5,F,0,1,F,1,0,P,MERZ,SK3,RD,1,17,3040,,0,946,,G,,0,0,000000000,00000000000,0,0,0,1,0,0,0,0,0,0,0,998,0,0,0,12,12,6,2,12,0,0,0,1,18,46228,6,1,0,0,3,0,62,120,0,0,0,0,0,0,0,0,0,0,0,0,0,0,1,2,35,3,2,1,1,0,0,14,62,1,1,1,51,0,0
18,180166,1,1,1,28,1,13,7,33,0,1,0,18,3,12,401,12401,14,2000,1FMYU60E6YUB,1,F,M,Y,U,6,0,E,6,Y,U,B,0,P,FORD,EPR,UT,0,17,3670,,0,1017,,G,,0,0,000000000,00000000000,0,0,0,1,0,0,0,0,0,0,0,998,0,0,0,12,12,6,2,3,0,0,0,1,18,46143,6,1,0,0,3,0,69,145,0,0,0,0,0,0,0,0,0,0,0,0,0,0,1,2,40,1,1,2,1,0,0,1,12,1,1,5,6,1,0
18,180167,1,2,3,16,4,14,47,12,8,1,0,18,1,53,34,53034,4,2006,KL5JD56Z66K3,K,L,5,J,D,5,6,Z,6,6,K,3,0,P,SUZI,FZB,4D,6,17,2701,,0,1024,,G,,0,0,000000000,00000000000,0,0,0,1,0,0,0,0,0,0,0,998,0,0,0,3,3,6,2,12,0,0,0,1,18,46975,6,1,0,0,3,0,66,130,0,0,0,0,3,5,2008,3,2010,1,28,0,0,0,1,2,55,1,2,2,1,28,3,1,10,6,1,2,64,1,0
18,180167,2,2,1,16,4,14,47,12,8,1,0,18,2,2,404,2404,14,2001,1J4GW48S21C5,1,J,4,G,W,4,8,S,2,1,C,5,0,T,JEEP,LRO,4W,1,17,,1,0,1059,GCK,G,,0,0,000000000,00000000000,0,0,0,1,0,0,0,0,0,0,0,998,0,1,6,9,9,6,2,12,0,0,0,1,18,46962,6,1,0,0,3,1,65,102,0,2,0,1,0,5,2007,5,2009,0,0,0,0,0,1,2,55,1,2,2,1,28,3,1,62,1,1,1,65,0,0
18,180168,1,1,1,17,4,23,0,30,0,1,0,18,1,54,38,54038,3,2002,JH4DC53002C0,J,H,4,D,C,5,3,0,0,2,C,0,0,P,ACUR,RST,2H,2,17,2767,,0,1012,,G,,0,0,000000000,00000000000,0,0,0,1,0,0,0,0,0,0,0,998,0,1,6,9,9,6,2,30,0,0,0,1,18,47408,6,1,0,0,3,1,72,135,0,0,0,1,0,11,2008,11,2008,1,8,0,0,0,1,2,45,2,1,2,1,0,0,14,13,1,1,4,1,1,0
18,180169,1,1,2,21,4,17,44,1,0,1,0,18,1,23,481,23481,31,1985,2GTEC24H2F15,2,G,T,E,C,2,4,H,2,F,1,5,0,T,GMC,C25,PK,85,17,,2,1645,1315,C25,G,,0,0,000000000,00000000000,0,0,0,1,0,0,0,0,0,0,0,998,0,2,5,0,12,6,2,1,0,0,0,1,18,47802,1,1,0,0,2,0,70,180,0,0,0,0,0,0,0,0,0,1,0,0,0,0,1,2,40,2,2,2,1,0,0,14,6,1,1,5,1,1,1
18,180170,1,1,1,24,4,20,59,42,0,1,0,18,1,23,481,23481,31,2007,1GTEK19J67Z5,1,G,T,E,K,1,9,J,6,7,Z,5,0,T,GMC,NK1,4C,7,17,,2,1575,1340,SIE,G,,0,0,000000000,00000000000,0,0,0,1,0,0,0,0,0,0,0,998,0,0,0,12,82,6,2,42,0,0,0,1,18,46409,6,1,0,0,3,0,67,230,0,0,0,0,0,0,0,0,0,0,87,0,0,0,1,2,30,1,1,2,2,0,0,1,13,1,3,4,2,1,1
18,180171,1,2,1,24,4,11,24,12,1,1,0,18,2,6,52,6052,6,2001,3C8FY4BB31T5,3,C,8,F,Y,4,B,B,3,1,T,5,0,P,CHRY,PTC,SV,1,17,3109,,0,1030,,G,,0,0,000000000,00000000000,0,0,0,1,0,0,0,0,0,0,0,998,0,0,0,12,12,6,2,12,0,0,0,1,18,46241,6,1,0,0,3,0,56,100,0,0,0,0,0,0,0,0,0,0,0,0,0,0,2,3,55,1,1,2,1,1,3,1,50,1,1,1,20,0,0
18,180171,2,2,2,24,4,11,24,12,1,1,0,39,1,12,23,12023,4,2008,3FAHP07Z28R1,3,F,A,H,P,0,7,Z,2,8,R,1,0,P,FORD,F/E,4D,8,17,3181,,0,1074,,G,,0,0,000000000,00000000000,0,0,0,1,0,0,0,0,0,0,0,0,0,0,0,6,6,6,2,12,0,0,0,1,39,43110,6,1,0,0,3,3,67,200,0,0,0,0,0,0,0,0,0,0,0,0,0,0,2,3,55,1,1,2,1,1,3,5,53,1,1,1,21,1,0
18,180172,1,1,1,17,4,1,44,34,0,1,0,18,2,14,38,14038,3,2001,1ZWFT61L4156,1,Z,W,F,T,6,1,L,4,1,5,6,0,P,MERC,CU6,2H,1,17,2996,,0,1064,,G,,0,0,000000000,00000000000,0,0,0,1,0,0,0,0,0,0,0,998,0,1,6,12,12,6,2,1,0,0,0,1,18,47803,6,1,0,0,3,1,67,105,0,0,0,2,0,7,2008,12,2009,0,0,0,0,0,1,2,40,1,1,2,1,0,0,1,12,1,1,5,6,1,0
18,180173,1,2,1,25,4,22,45,24,0,1,0,18,1,7,442,7442,20,1997,1B4GP44R4VB4,1,B,4,G,P,4,4,R,4,V,B,4,0,P,DODG,CAR,SV,97,17,3748,,0,1193,,G,,0,0,000000000,00000000000,0,0,0,1,0,0,0,0,0,0,0,998,0,0,0,12,12,6,2,12,0,0,0,1,18,46784,6,1,6,0,3,0,72,185,0,0,0,0,0,0,0,0,0,0,28,0,0,0,5,2,55,1,2,2,2,0,0,1,10,1,1,4,6,1,0
18,180173,2,2,2,25,4,22,45,24,0,1,0,47,4,82,881,82881,66,2005,1FUJBBCK05LN,1,F,U,J,B,B,C,K,0,5,L,N,1,T,FRHT,ST2,DS,5,17,,8,0,0,CON,D,,1,57,035568,57035568,3,6,1,1,0,0,0,0,0,0,0,998,0,0,0,12,12,6,2,12,0,0,0,1,18,46567,6,1,6,1,3,0,72,205,0,0,0,0,0,0,0,0,0,0,0,0,0,0,5,2,55,1,2,2,2,0,0,1,62,6,1,2,98,0,0
18,180174,1,2,2,27,4,12,5,12,6,1,0,18,1,20,16,20016,4,2002,1G1JF5249271,1,G,1,J,F,5,2,4,9,2,7,1,0,P,CHEV,CAS,4D,2,17,2676,,0,1041,,G,,0,0,000000000,00000000000,0,0,0,1,0,0,0,0,0,0,0,998,0,0,0,9,9,6,2,12,0,0,0,1,18,46975,6,1,0,0,3,0,71,205,0,0,0,0,1,11,2009,11,2009,0,38,0,0,0,2,2,55,1,1,2,1,20,3,1,17,1,1,1,89,1,0
18,180174,2,2,1,27,4,12,5,12,6,1,0,18,1,12,401,12401,14,1996,1FMDU34X9TUB,1,F,M,D,U,3,4,X,9,T,U,B,0,P,FORD,EPR,UT,96,17,4189,,0,1115,,G,,0,0,000000000,00000000000,0,0,0,1,0,0,0,0,0,0,0,998,0,0,0,12,12,6,2,12,0,0,0,1,18,46945,6,1,0,0,3,1,61,130,0,0,0,0,0,0,0,0,0,0,0,0,0,0,2,2,55,1,1,2,1,20,3,1,66,1,1,1,88,0,0
18,180175,1,2,1,14,4,18,55,12,6,1,0,18,1,12,401,12401,14,2003,1FMZU73KX3UC,1,F,M,Z,U,7,3,K,X,3,U,C,0,P,FORD,EPR,UT,3,17,4094,,0,1137,,F,,0,0,000000000,00000000000,0,0,0,1,0,0,0,0,0,0,0,998,0,0,0,12,12,6,2,12,0,0,0,1,18,47234,6,1,0,0,3,0,61,110,0,0,0,0,0,0,0,0,0,0,38,0,0,0,1,2,55,1,1,2,1,20,3,1,17,1,1,1,86,0,0
18,180175,2,2,2,14,4,18,55,12,6,1,0,18,1,20,471,20471,30,1994,1GCCS14Z6R81,1,G,C,C,S,1,4,Z,6,R,8,1,0,T,CHEV,S14,PK,94,17,,1,1179,1083,S,G,,0,0,000000000,00000000000,0,0,0,1,0,0,0,0,0,0,0,998,0,0,0,3,3,6,2,12,0,0,0,1,18,46176,6,1,0,0,3,1,69,255,0,0,0,0,1,2,2010,2,2010,0,0,0,0,0,1,2,55,1,1,2,1,0,0,1,66,1,1,1,87,1,0
18,180176,1,1,1,23,4,15,4,35,0,1,0,18,1,20,471,20471,30,1998,1GCCS1445WK1,1,G,C,C,S,1,4,4,5,W,K,1,0,T,CHEV,S14,PK,98,17,,1,1179,1083,S,G,,0,0,000000000,00000000000,0,0,0,1,0,0,0,0,0,0,0,998,0,1,6,12,12,6,2,42,0,0,0,1,18,47635,6,1,0,0,3,1,70,126,0,0,0,0,0,0,0,0,0,1,58,0,0,0,1,2,35,1,3,2,1,0,0,1,6,1,2,5,2,1,0
18,180177,1,1,1,24,4,10,24,9,0,1,0,18,1,52,34,52034,4,1994,4A3AJ56G0RE0,4,A,3,A,J,5,6,G,0,R,E,0,0,P,MITS,UEL,4D,94,17,3042,,0,1037,,G,,0,0,000000000,00000000000,0,0,0,1,0,0,0,0,0,0,0,998,0,0,0,3,3,2,1,9,0,0,0,1,18,46323,6,1,0,0,3,1,68,235,0,0,0,0,0,0,0,0,0,0,0,0,0,0,1,2,35,1,1,2,1,0,0,1,80,1,1,1,13,0,0