STATE,ST_CASE,VEH_NO,VE_FORMS,NUMOCCS,DAY,MONTH,HOUR,MINUTE,HARM_EV,MAN_COLL,UNITTYPE,HIT_RUN,REG_STAT,OWNER,MAKE,MODEL,MAK_MOD,BODY_TYP,MOD_YEAR,VIN,VIN_1,VIN_2,VIN_3,VIN_4,VIN_5,VIN_6,VIN_7,VIN_8,VIN_9,VIN_10,VIN_11,VIN_12,TOW_VEH,VINTYPE,VINMAKE,VINA_MOD,VIN_BT,VINMODYR,VIN_LNGT,VIN_WGT,WGTCD_TR,WHLBS_LG,WHLBS_SH,SER_TR,FUELCODE,MCYCL_DS,J_KNIFE,MCARR_I1,MCARR_I2,MCARR_ID,GVWR,V_CONFIG,CARGO_BT,HAZ_INV,HAZ_PLAC,HAZ_ID,HAZ_CNO,HAZ_REL,BUS_USE,SPEC_USE,EMER_USE,TRAV_SP,UNDERIDE,ROLLOVER,ROLINLOC,IMPACT1,IMPACT2,DEFORMED,TOWED,M_HARM,VEH_SC1,VEH_SC2,FIRE_EXP,DR_PRES,L_STATE,DR_ZIP,L_STATUS,L_TYPE,CDL_STAT,L_ENDORS,L_COMPL,L_RESTRI,DR_HGT,DR_WGT,PREV_ACC,PREV_SUS,PREV_DWI,PREV_SPD,PREV_OTH,FIRST_MO,FIRST_YR,LAST_MO,LAST_YR,SPEEDREL,DR_SF1,DR_SF2,DR_SF3,DR_SF4,VTRAFWAY,VNUM_LAN,VSPD_LIM,VALIGN,VPROFILE,VPAVETYP,VSURCOND,VTRAFCON,VTCONT_F,P_CRASH1,P_CRASH2,P_CRASH3,PCRASH4,PCRASH5,ACC_TYPE,DEATHS,DR_DRINK
18,180178,1,1,2,20,4,1,12,34,0,1,0,18,2,20,481,20481,31,2008,1GCEK14X98Z2,1,G,C,E,K,1,4,X,9,8,Z,2,0,T,CHEV,SK1,PK,8,17,,2,1330,1190,SIL,G,,0,0,000000000,00000000000,0,0,0,1,0,0,0,0,0,0,0,998,0,0,0,12,12,6,2,34,0,0,0,1,18,47838,1,1,0,0,2,0,73,191,0,2,0,0,5,9,2009,11,2009,1,8,0,0,0,1,2,99,1,1,2,1,21,3,1,12,1,1,5,6,1,1
18,180179,1,1,1,29,4,13,0,1,0,1,0,18,1,99,701,99701,81,2008,LL8SZN4W880G,L,L,8,S,Z,N,4,W,8,8,0,G,0,U,,,,8,17,,,,,,,,0,0,000000000,00000000000,0,0,0,1,0,0,0,0,0,0,0,998,0,0,0,0,12,6,2,1,0,0,0,1,18,47374,6,1,0,0,3,0,73,222,0,0,0,0,1,8,2008,8,2008,0,0,0,0,0,1,2,55,1,2,2,1,0,0,1,13,1,1,5,1,1,0
18,180180,1,2,2,2,4,21,46,12,6,1,0,18,9,18,3,18003,2,1970,999999999999,9,9,9,9,9,9,9,9,9,9,9,9,0,U,,,,9,17,,,,,,,,0,0,000000000,00000000000,0,0,0,1,0,0,0,0,0,0,0,998,0,1,1,12,12,6,2,12,0,0,0,1,18,46220,1,1,0,0,2,0,76,260,0,4,0,0,3,4,2009,12,2009,1,8,0,0,0,6,1,40,1,1,1,1,0,0,1,6,1,1,6,45,1,0
18,180180,2,2,1,2,4,21,46,12,6,1,0,18,1,20,2,20002,4,2007,2G1WT58K1792,2,G,1,W,T,5,8,K,1,7,9,2,0,P,CHEV,IMT,4D,7,17,3674,,0,1105,,F,,0,0,000000000,00000000000,0,0,0,1,0,0,0,0,0,0,0,998,0,0,0,2,2,6,2,12,0,0,0,1,18,46235,6,1,0,0,3,0,67,153,0,3,0,2,2,6,2007,9,2009,0,0,0,0,0,1,2,40,1,1,1,1,0,0,16,60,1,1,1,44,0,0
18,180181,1,2,3,28,4,19,23,12,6,1,0,18,1,20,481,20481,31,1992,1GCDC14Z0NZ2,1,G,C,D,C,1,4,Z,0,N,Z,2,0,T,CHEV,GC1,PK,92,17,,1,1315,1175,GM4,G,,0,0,000000000,00000000000,0,0,0,1,0,0,0,0,0,0,0,998,0,0,0,3,3,2,1,12,0,0,0,1,18,46120,6,1,0,0,3,1,73,180,0,0,0,0,0,0,0,0,0,0,0,0,0,0,1,2,30,1,1,2,1,20,3,1,66,1,1,1,87,0,0
18,180181,2,2,1,28,4,19,23,12,6,1,0,18,2,73,706,73706,80,1996,JKAZX2B1XTA0,J,K,A,Z,X,2,B,1,X,T,A,0,0,M,KAWK,ZX9,RS,96,17,,,,,,,900,0,0,000000000,00000000000,0,0,0,1,0,0,0,0,0,0,0,998,0,0,0,12,12,6,2,12,0,0,0,1,18,47807,0,0,0,0,0,0,999,999,0,0,0,0,0,0,0,0,0,1,39,0,0,0,1,2,30,1,1,2,1,20,3,1,17,4,1,1,86,1,0
18,180182,1,2,4,2,5,19,13,1,0,1,0,18,1,7,422,7422,15,2004,1D4HB48N64F2,1,D,4,H,B,4,8,N,6,4,F,2,0,P,DODG,DUR,UT,4,17,4958,,0,1192,,G,,0,0,000000000,00000000000,0,0,0,1,0,0,0,0,0,0,0,998,0,0,0,9,9,0,1,12,0,0,0,1,18,47803,6,1,0,0,3,1,68,135,0,0,0,1,0,11,2007,11,2007,0,0,0,0,0,1,2,30,1,2,2,1,0,0,2,54,7,1,2,98,0,0
18,180182,3,2,1,2,5,19,13,1,0,1,0,18,1,76,706,76706,80,2003,JYARN10E63A0,J,Y,A,R,N,1,0,E,6,3,A,0,0,M,YAMA,YFR,RS,3,17,,,,,,,998,0,0,000000000,00000000000,0,0,0,1,0,0,0,0,0,0,0,998,0,0,0,0,12,6,2,1,0,0,0,1,18,47805,6,1,0,0,3,0,70,190,0,0,0,1,0,4,2008,4,2008,0,8,0,0,0,1,2,30,1,2,2,1,0,0,1,10,1,1,2,98,1,1
18,180183,1,1,1,26,4,22,24,42,0,1,0,39,2,20,481,20481,31,2005,1GCGG25V3511,1,G,C,G,G,2,5,V,3,5,1,1,0,T,CHEV,E25,CG,5,17,,2,0,1350,EXP,G,,0,0,000000000,00000000000,0,0,0,1,0,0,0,0,0,0,0,998,0,1,6,12,12,6,2,42,0,0,0,1,18,47265,6,1,0,0,3,1,67,210,0,1,0,0,2,3,2008,3,2008,0,58,0,0,0,1,2,55,2,2,2,1,0,0,14,12,1,1,5,6,1,1
18,180184,1,1,1,28,4,13,28,1,0,1,0,18,1,12,881,12881,63,1991,1FDXK74PXMVA,1,F,D,X,K,7,4,P,X,M,V,A,0,T,FORD,F7F,CC,91,17,,7,2550,1290,MHV,D,,0,99,999999999,99999999999,3,2,4,1,0,0,0,0,0,0,0,998,0,2,5,0,6,6,2,1,0,0,0,1,18,46534,6,1,0,0,3,1,68,200,0,0,0,1,0,4,2008,4,2008,0,58,0,0,0,1,2,55,1,1,2,1,0,0,1,13,1,1,4,1,1,0
18,180185,1,1,1,3,5,10,0,42,0,1,0,18,2,18,20,18020,4,1999,2G4WB52K9X15,2,G,4,W,B,5,2,K,9,X,1,5,0,P,BUIC,RLL,4D,99,17,3439,,0,1090,,G,,0,0,000000000,00000000000,0,0,0,1,0,0,0,0,0,0,0,998,0,0,0,12,12,6,2,42,0,0,0,1,18,46788,6,1,0,0,3,3,76,170,0,0,0,0,0,0,0,0,0,1,0,0,0,0,1,2,55,1,2,2,1,0,0,1,12,1,1,4,6,1,0
18,180186,1,2,1,28,4,15,35,12,1,1,0,48,1,12,481,12481,31,2001,1FTSW31F81EC,1,F,T,S,W,3,1,F,8,1,E,C,0,T,FORD,F3S,CW,1,17,,2,1724,1562,SRW,D,,0,0,000000000,00000000000,0,0,0,1,0,0,0,0,0,0,0,998,1,0,0,12,12,6,2,12,0,0,0,1,48,75043,1,1,0,0,2,2,999,999,0,4,0,1,2,2,2009,4,2010,1,8,74,0,0,2,2,65,1,1,1,1,0,0,1,50,1,1,1,20,1,0
18,180186,2,2,1,28,4,15,35,12,1,1,0,29,3,86,881,86881,66,1999,1M1AA18Y5XW1,1,M,1,A,A,1,8,Y,5,X,W,1,1,T,MACK,CH6,DS,99,17,,8,0,0,600,D,,1,57,169578,57169578,3,6,1,1,0,0,0,0,0,0,0,0,0,0,0,6,14,4,1,12,0,0,0,1,19,52601,6,1,6,0,3,0,73,200,0,0,0,0,0,0,0,0,0,0,0,0,0,0,2,2,65,1,1,1,1,0,0,5,18,1,1,1,21,0,0
18,180187,1,1,1,2,5,21,32,14,0,1,0,18,1,14,443,14443,20,1998,4M2ZV1116WDJ,4,M,2,Z,V,1,1,1,6,W,D,J,0,P,MERC,VLR,SV,98,17,3979,,0,1122,,G,,0,0,000000000,00000000000,0,0,0,1,0,0,0,0,0,0,0,998,0,0,0,4,6,6,2,19,0,0,0,1,18,47331,6,1,0,0,3,1,71,160,0,0,0,0,0,0,0,0,0,0,8,51,0,0,1,2,30,1,1,2,2,0,0,13,50,1,1,4,98,1,1
18,180188,1,2,2,3,5,10,59,12,6,1,0,18,2,12,881,12881,61,2003,1FDXF46P83ED,1,F,D,X,F,4,6,P,8,3,E,D,0,T,FORD,F4D,CB,3,17,,4,2010,1410,DRW,D,,0,57,717663,57717663,2,1,3,1,0,0,0,0,0,0,0,998,0,0,0,12,12,6,2,12,0,0,0,1,18,47712,6,1,5,0,3,0,71,165,0,0,0,0,0,0,0,0,0,0,0,0,0,0,1,2,55,1,2,2,1,0,0,1,12,1,1,6,86,1,0
18,180188,2,2,1,3,5,10,59,12,6,1,0,18,3,86,882,86882,63,2003,1M2K195C73M0,1,M,2,K,1,9,5,C,7,3,M,0,0,T,MACK,MR6,TL,3,17,,8,0,0,600,D,,0,57,887804,57887804,3,2,7,1,0,0,0,0,0,0,0,0,0,0,0,1,82,6,2,12,0,0,0,1,18,47683,6,1,6,1,3,1,69,210,0,0,0,0,0,0,0,0,0,0,0,0,0,0,1,2,55,1,2,2,1,20,3,5,66,1,1,1,87,0,0
18,180189,1,1,2,30,4,3,3,8,0,1,1,18,1,20,16,20016,2,1998,1G1JF12T5W73,1,G,1,J,F,1,2,T,5,W,7,3,0,P,CHEV,CZ2,CP,98,17,2749,,0,1041,,G,,0,0,000000000,00000000000,0,0,0,1,0,0,0,0,0,0,0,998,0,0,0,12,12,4,1,8,0,0,0,1,18,46312,6,1,0,0,3,3,61,150,0,2,1,1,1,6,2007,11,2009,1,8,18,28,41,3,3,45,1,2,1,1,40,3,1,80,1,1,1,13,0,1
18,180190,1,5,2,6,5,11,45,12,1,1,0,18,3,87,882,87882,63,1998,1NPZLA0XXWD7,1,N,P,Z,L,A,0,X,X,W,D,7,0,T,PTRB,320,TL,98,17,,8,0,0,COE,D,,0,88,888888888,88888888888,3,2,7,1,0,0,0,0,0,0,0,998,0,0,0,12,12,6,2,12,0,0,0,1,18,47141,6,1,6,1,3,1,62,190,0,0,0,0,0,0,0,0,0,1,8,0,0,0,1,2,55,1,1,2,1,50,3,1,18,2,1,1,24,0,0
18,180190,2,5,1,6,5,11,45,12,1,1,0,18,2,12,36,12036,3,1994,KNJLT05H8R61,K,N,J,L,T,0,5,H,8,R,6,1,0,P,FORD,ASP,2H,94,17,2004,,0,907,,G,,0,0,000000000,00000000000,0,0,0,1,0,0,0,0,0,0,0,998,0,0,0,6,12,6,2,12,0,0,0,1,18,47106,6,1,0,0,3,0,68,120,0,0,0,0,0,0,0,0,0,0,0,0,0,0,1,2,55,1,1,2,1,50,3,2,18,1,1,1,25,1,0
18,180190,3,5,1,6,5,11,45,12,1,1,0,18,3,84,881,84881,62,2004,1HTMMAAL34H6,1,H,T,M,M,A,A,L,3,4,H,6,0,T,INTL,430,CC,4,17,,6,0,0,40S,D,,0,57,1258374,571258374,2,1,3,1,0,0,0,0,0,0,0,998,0,1,5,6,6,6,2,12,0,0,0,1,18,47452,6,1,6,1,3,1,70,180,0,0,0,0,0,0,0,0,0,0,0,0,0,0,1,2,55,1,1,2,1,50,3,2,18,1,1,1,98,0,0
18,180190,4,5,2,6,5,11,45,12,1,1,0,18,1,18,3,18003,4,2001,1G4CW54K9142,1,G,4,C,W,5,4,K,9,1,4,2,0,P,BUIC,PKA,4D,1,17,3778,,0,1138,,G,,0,0,000000000,00000000000,0,0,0,1,0,0,0,0,0,0,0,998,0,0,0,6,6,6,2,12,0,0,0,1,18,47165,6,1,0,0,3,0,66,170,0,0,0,0,0,0,0,0,0,0,0,0,0,0,1,2,55,1,1,2,1,50,3,2,18,1,1,1,98,0,0
18,180190,5,5,1,6,5,11,45,12,1,1,0,18,3,87,881,87881,63,2006,2NPLLD0X36M6,2,N,P,L,L,D,0,X,3,6,M,6,0,T,PTRB,335,TM,6,17,,8,0,0,CON,D,,0,88,888888888,88888888888,3,2,7,1,0,0,0,0,0,0,0,998,0,0,0,6,6,6,2,12,0,0,0,1,18,47130,6,1,6,1,3,0,68,180,0,0,0,0,0,0,0,0,0,0,0,0,0,0,1,2,55,1,1,2,1,50,3,2,18,1,1,1,98,0,0
18,180191,1,1,3,17,4,16,0,42,0,1,0,18,1,7,481,7481,31,1977,W24BE7S09923,W,2,4,B,E,7,S,0,9,9,2,3,0,P,,,,,,,,,,,,,0,0,000000000,00000000000,0,0,0,1,0,0,0,0,0,0,0,998,0,1,6,12,12,6,2,42,0,0,0,1,18,46120,6,1,0,0,3,0,77,250,0,0,0,0,1,7,2007,7,2007,0,0,0,0,0,5,2,55,1,1,2,1,0,0,1,13,1,1,5,1,1,1
18,180192,1,1,1,8,5,0,25,34,0,1,0,18,1,6,43,6043,2,2004,4C3AG42G64E1,4,C,3,A,G,4,2,G,6,4,E,1,0,P,CHRY,SLX,2P,4,17,2963,,0,1037,,G,,0,0,000000000,00000000000,0,0,0,1,0,0,0,0,0,0,0,998,0,1,6,12,3,6,2,1,0,0,0,1,18,47959,1,1,0,0,2,1,71,195,0,2,0,0,2,6,2008,11,2009,0,0,0,0,0,1,2,55,1,1,2,1,0,0,6,8,1,1,5,6,1,1
18,180193,1,1,1,5,5,3,15,31,0,1,0,18,2,49,33,49033,2,1991,JT2AT86F9M00,J,T,2,A,T,8,6,F,9,M,0,0,0,P,TOYT,CSF,CP,91,17,2500,,0,994,,G,,0,0,000000000,00000000000,0,0,0,1,0,0,0,0,0,0,0,55,0,0,0,9,9,6,2,19,0,0,0,1,18,46227,0,0,0,0,0,0,999,999,0,0,0,0,0,0,0,0,0,1,8,37,0,0,1,2,25,1,1,1,1,0,0,1,6,1,2,5,2,1,1
18,180194,1,1,1,8,5,21,59,1,0,1,0,18,1,49,34,49034,3,1985,JT2MA67L8F01,J,T,2,M,A,6,7,L,8,F,0,1,0,P,TOYT,SUP,2L,85,17,2855,,0,1029,,G,,0,0,000000000,00000000000,0,0,0,1,0,0,0,0,0,0,0,998,0,2,5,0,3,6,2,1,0,0,0,1,18,47170,6,1,0,0,3,0,72,160,0,1,0,0,4,7,2007,8,2008,1,8,0,0,0,1,2,55,1,1,2,1,0,0,1,6,1,2,5,2,1,0
18,180195,1,1,1,4,5,5,32,42,0,1,0,18,1,55,35,55035,4,2005,KMHDN46D75U0,K,M,H,D,N,4,6,D,7,5,U,0,0,P,HYUN,EST,4D,5,17,2635,,0,1027,,G,,0,0,000000000,00000000000,0,0,0,1,0,0,0,0,0,0,0,998,0,0,0,12,12,6,2,42,0,0,0,1,18,46932,6,1,5,0,3,0,73,196,0,0,0,0,0,0,0,0,0,0,0,0,0,0,1,2,55,1,1,2,1,0,0,1,12,1,1,5,6,1,0
18,180196,1,1,1,30,4,17,13,32,0,1,0,18,2,2,404,2404,14,1990,2J4FY19E3LJ5,2,J,4,F,Y,1,9,E,3,L,J,5,0,T,JEEP,W/S,2W,90,17,,1,0,934,W/Y,G,,0,0,000000000,00000000000,0,0,0,1,0,0,0,0,0,0,0,998,0,1,6,12,12,6,2,1,0,0,0,1,18,46036,6,1,0,0,3,0,65,150,0,0,0,0,0,0,0,0,0,0,0,0,0,0,1,2,55,1,1,2,1,0,0,1,13,1,1,5,1,1,0
18,180197,1,1,1,30,4,21,59,33,0,1,0,18,1,72,706,72706,80,1999,1HD1FDV17XY6,1,H,D,1,F,D,V,1,7,X,Y,6,0,M,HD,FHR,RS,99,17,,,,,,,1450,0,0,000000000,00000000000,0,0,0,1,0,0,0,0,0,0,0,998,0,0,0,12,12,6,2,53,0,0,0,1,18,47001,6,1,5,0,3,1,69,165,0,0,0,0,0,0,0,0,0,0,0,0,0,0,1,2,45,1,3,2,1,0,0,1,13,1,1,4,1,1,1
18,180198,1,1,1,30,4,22,32,30,0,1,0,18,2,20,16,20016,4,2004,1G1JH52F1471,1,G,1,J,H,5,2,F,1,4,7,1,0,P,CHEV,CLP,4D,4,17,2808,,0,1041,,G,,0,0,000000000,00000000000,0,0,0,1,0,0,0,0,0,0,0,998,0,1,6,9,9,6,2,30,0,0,0,1,18,47272,6,2,0,0,3,1,68,210,0,0,0,0,0,0,0,0,0,0,0,0,0,0,1,2,55,1,1,2,1,0,0,1,13,1,1,5,1,1,0
18,180199,1,1,1,11,5,0,15,33,0,1,0,18,1,72,706,72706,80,2009,1HD1FC4179Y6,1,H,D,1,F,C,4,1,7,9,Y,6,0,M,HD,FLU,RS,9,17,,,,,,,1584,0,0,000000000,00000000000,0,0,0,1,0,0,0,0,0,0,0,998,0,0,0,12,12,6,2,1,0,0,0,1,18,46163,6,1,0,0,3,1,70,215,0,0,0,0,0,0,0,0,0,0,0,0,0,0,5,2,35,1,1,2,2,0,0,1,12,1,1,5,6,1,1
18,180200,1,1,3,8,5,3,7,19,0,1,0,18,1,20,2,20002,4,2005,2G1WH52K2592,2,G,1,W,H,5,2,K,2,5,9,2,0,P,CHEV,IPL,4D,5,17,3466,,0,1105,,G,,0,0,000000000,00000000000,0,0,0,1,0,0,0,0,0,0,0,998,0,0,0,12,63,6,2,19,0,0,0,1,18,46052,6,1,3,0,3,0,70,180,0,1,0,0,1,1,2008,4,2008,1,8,39,0,0,1,3,40,1,1,2,1,20,3,1,14,1,1,4,14,1,1
18,180201,1,2,2,9,5,19,6,12,6,1,0,18,1,72,706,72706,80,1995,1HD1BJL48SY0,1,H,D,1,B,J,L,4,8,S,Y,0,0,M,HD,STC,RS,95,17,,,,,,,1340,0,0,000000000,00000000000,0,0,0,1,0,0,0,0,0,0,0,998,0,0,0,12,12,6,2,12,0,0,0,1,18,46615,6,1,5,0,3,1,75,200,0,0,0,0,0,0,0,0,0,0,0,0,0,0,1,2,30,1,1,2,1,20,3,1,66,1,1,1,88,1,1
18,180201,2,2,1,9,5,19,6,12,6,1,0,18,1,20,37,20037,4,2000,1G1ND52J7Y62,1,G,1,N,D,5,2,J,7,Y,6,2,0,P,CHEV,MAL,4D,0,17,3051,,0,1070,,G,,0,0,000000000,00000000000,0,0,0,1,0,0,0,0,0,0,0,998,0,0,0,9,9,6,2,12,0,0,0,1,18,46544,6,1,5,0,3,0,71,260,0,0,0,0,0,0,0,0,0,0,92,38,0,0,1,2,30,1,1,2,1,20,3,1,17,1,1,1,89,0,1
18,180202,1,1,1,10,4,6,28,34,0,1,0,18,1,21,401,21401,14,1994,1GHDT13W9R07,1,G,H,D,T,1,3,W,9,R,0,7,0,P,OLDS,BRA,UT,94,17,3887,,0,1070,,G,,0,0,000000000,00000000000,0,0,0,1,0,0,0,0,0,0,0,998,0,0,0,12,12,6,2,42,0,0,0,1,18,46237,6,1,0,0,3,0,74,195,0,0,0,0,0,0,0,0,0,0,0,0,0,0,1,2,35,1,1,2,1,0,0,1,13,1,1,4,1,1,1
18,180203,1,1,1,2,3,20,45,42,0,1,0,18,2,20,481,20481,31,1990,1GCDK14K0LE1,1,G,C,D,K,1,4,K,0,L,E,1,0,T,CHEV,GK1,PK,90,17,,1,1415,1175,GM4,G,,0,0,000000000,00000000000,0,0,0,1,0,0,0,0,0,0,0,998,0,0,0,3,3,6,2,42,32,0,0,1,18,47043,6,1,5,0,3,0,70,160,0,0,0,0,1,7,2009,7,2009,0,58,0,0,0,1,2,55,1,3,2,1,0,0,1,12,1,2,4,7,1,1
18,180204,1,1,1,10,5,17,0,9,0,1,0,18,1,20,481,20481,31,2004,2GCEK13T0413,2,G,C,E,K,1,3,T,0,4,1,3,0,T,CHEV,SK1,CW,4,17,,2,0,1435,SIL,G,,0,0,000000000,00000000000,0,0,0,1,0,0,0,0,0,0,0,998,0,0,0,12,12,4,3,9,0,0,0,1,18,47331,6,1,0,0,3,0,70,160,0,0,0,0,0,0,0,0,0,0,0,0,0,0,1,2,55,1,2,2,1,0,0,1,83,1,1,1,13,0,0
18,180205,1,2,1,13,5,16,49,12,2,1,0,18,1,20,401,20401,14,2002,1GNDT13S8224,1,G,N,D,T,1,3,S,8,2,2,4,0,P,CHEV,TRL,UT,2,17,4628,,0,1130,,G,,0,0,000000000,00000000000,0,0,0,1,0,0,0,0,0,0,0,45,0,0,0,12,12,6,2,12,0,0,0,1,18,47282,6,1,0,0,3,0,71,245,0,0,0,0,0,0,0,0,0,1,28,58,87,0,1,2,40,2,2,2,2,28,3,14,6,9,3,2,50,0,0
18,180205,2,2,1,13,5,16,49,12,2,1,0,18,1,37,31,37031,3,1991,JHMED8363MS0,J,H,M,E,D,8,3,6,3,M,S,0,0,P,HOND,CHF,2H,91,17,1967,,0,906,,G,,0,0,000000000,00000000000,0,0,0,1,0,0,0,0,0,0,0,998,0,0,0,12,12,6,2,12,0,0,0,1,18,47401,6,1,0,0,3,3,74,190,0,0,0,0,0,0,0,0,0,0,87,0,0,0,1,2,40,3,2,2,2,28,3,14,62,1,1,1,51,1,0
18,180206,1,1,1,12,5,19,40,53,0,1,0,18,1,12,471,12471,30,1994,1FTCR10AXRUD,1,F,T,C,R,1,0,A,X,R,U,D,0,T,FORD,RNG,PK,94,17,,1,1140,1080,RNG,G,,0,0,000000000,00000000000,0,0,0,1,0,0,0,0,0,0,0,998,0,0,0,12,62,6,2,42,0,0,0,1,18,47112,1,1,3,0,2,2,67,180,1,4,1,0,0,12,2007,3,2010,0,74,0,0,0,1,2,55,1,1,2,1,0,0,1,12,1,1,4,6,1,0
18,180207,1,2,1,15,5,15,52,57,0,1,0,39,2,82,881,82881,66,2008,1FUJGLCK88LZ,1,F,U,J,G,L,C,K,8,8,L,Z,1,T,FRHT,125,DS,8,17,,8,0,0,CSC,D,,1,57,220141,57220141,3,6,1,1,0,0,0,0,0,0,0,998,0,1,6,9,9,6,2,57,0,0,0,1,39,44221,6,1,6,1,3,1,74,260,0,0,0,0,0,0,0,0,0,0,28,0,0,0,3,2,65,1,1,1,1,0,0,1,10,1,1,4,6,1,0
18,180207,2,2,4,15,5,15,52,57,0,1,0,39,1,6,54,6054,6,2006,2A4GM68456R7,2,A,4,G,M,6,8,4,5,6,R,7,0,P,CHRY,PIF,UT,6,17,4311,,0,1160,,G,,0,0,000000000,00000000000,0,0,0,1,0,0,0,0,0,0,0,998,0,0,0,18,18,0,1,54,0,0,0,1,39,44129,6,1,0,0,3,0,66,135,0,0,0,0,0,0,0,0,0,0,0,0,0,0,3,2,65,1,1,1,1,0,0,1,63,1,1,1,98,0,0
18,180208,1,1,2,15,5,16,14,1,0,1,0,18,2,53,705,53705,80,2001,JS1GN7BA0121,J,S,1,G,N,7,B,A,0,1,2,1,0,M,SUZI,G60,RS,1,17,,,,,,,600,0,0,000000000,00000000000,0,0,0,1,0,0,0,0,0,0,0,998,0,0,0,0,0,6,2,1,0,0,0,1,18,46303,6,1,0,0,2,0,75,330,0,0,0,0,0,0,0,0,0,0,8,35,0,0,1,2,35,1,1,2,1,20,3,6,54,4,2,2,98,1,0
18,180209,1,2,1,30,4,23,0,12,1,1,0,18,1,22,22,22022,4,2006,1G2ZH5585641,1,G,2,Z,H,5,5,8,5,6,4,1,0,P,PONT,GGT,4D,6,17,3426,,0,1123,,G,,0,0,000000000,00000000000,0,0,0,1,0,0,0,0,0,0,0,998,3,0,0,12,12,6,2,12,0,0,0,1,18,47356,6,1,0,0,3,0,65,120,0,0,0,1,1,3,2008,3,2008,0,0,0,0,0,1,2,55,1,1,2,1,0,0,1,51,1,1,1,24,1,1
18,180209,2,2,1,30,4,23,0,12,1,1,0,18,2,99,998,99998,92,2010,999999999999,9,9,9,9,9,9,9,9,9,9,9,9,0,U,,,,9,17,,,,,,,,0,0,000000000,00000000000,0,0,0,1,0,0,0,0,0,0,0,998,0,0,0,6,6,6,2,12,0,0,0,1,18,47362,6,1,5,0,3,0,76,190,0,0,0,0,0,0,0,0,0,0,0,0,0,0,1,2,55,1,1,2,1,0,0,1,53,1,1,1,25,0,0
18,180210,1,2,1,14,5,20,53,12,2,1,0,18,1,76,706,76706,80,1981,JYA4R0005BA0,J,Y,A,4,R,0,0,0,5,B,A,0,0,M,YAMA,X1S,RS,81,17,,,,,,,1100,0,0,000000000,00000000000,0,0,0,1,0,0,0,0,0,0,0,998,0,0,0,12,12,6,2,12,0,0,1,1,18,46360,6,1,0,0,3,0,70,240,0,1,1,0,2,4,2008,4,2008,0,28,35,0,0,1,2,55,1,1,2,1,28,3,6,10,1,1,2,50,1,1
18,180210,2,2,1,14,5,20,53,12,2,1,0,18,1,20,37,20037,4,2005,1G1ZS54F75F1,1,G,1,Z,S,5,4,F,7,5,F,1,0,P,CHEV,MAL,4D,5,17,3174,,0,1063,,G,,0,0,000000000,00000000000,0,0,0,1,0,0,0,0,0,0,0,998,0,0,0,12,12,6,2,12,0,0,0,1,18,46390,6,1,5,0,3,0,79,230,0,0,0,0,0,0,0,0,0,0,0,0,0,0,1,2,55,1,1,2,1,0,0,1,62,7,1,1,51,0,0
18,180211,1,1,1,10,5,1,3,18,0,1,0,18,1,2,404,2404,14,2002,1J4GX58S32C3,1,J,4,G,X,5,8,S,3,2,C,3,0,T,JEEP,LMT,4W,2,17,,1,0,1059,GCK,G,,0,0,000000000,00000000000,0,0,0,1,0,0,0,0,0,0,0,998,0,0,0,12,12,6,2,39,0,0,0,1,18,46205,6,1,0,0,3,1,76,215,0,0,0,0,0,0,0,0,0,0,0,0,0,0,2,2,40,1,1,1,1,0,0,1,13,1,1,4,1,1,0
18,180212,1,1,5,2,5,0,14,33,0,1,0,18,2,20,2,20002,2,1964,41847R1,,,,,,4,1,8,4,7,R,1,0,U,,,,,12,,,,,,,,0,0,000000000,00000000000,0,0,0,1,0,0,0,0,0,0,0,998,0,0,0,14,61,6,2,30,0,0,0,1,17,60617,6,1,0,0,3,0,71,240,0,0,0,0,0,0,0,0,0,1,87,58,89,0,1,2,35,2,1,2,2,0,0,14,6,9,3,4,2,1,1
18,180213,1,1,1,15,5,2,14,42,0,1,0,18,1,21,21,21021,4,2003,1G3NK52F63C3,1,G,3,N,K,5,2,F,6,3,C,3,0,P,OLDS,AGX,4D,3,17,3021,,0,1070,,G,,0,0,000000000,00000000000,0,0,0,1,0,0,0,0,0,0,0,998,0,0,0,11,62,6,2,42,0,0,0,1,18,47408,6,1,0,0,3,0,64,125,0,0,0,1,0,12,2009,12,2009,0,0,0,0,0,1,2,40,3,6,2,1,28,3,14,8,1,4,4,7,1,1
18,180214,1,1,1,31,3,15,50,8,0,1,0,18,1,20,481,20481,31,2007,2GCEK13Y1716,2,G,C,E,K,1,3,Y,1,7,1,6,0,T,CHEV,1KW,CW,7,17,,2,0,1435,SIL,G,,0,0,000000000,00000000000,0,0,0,1,0,0,0,0,0,0,0,998,0,0,0,12,12,4,1,8,0,0,0,1,18,46565,6,1,0,0,3,1,75,220,0,0,0,0,0,0,0,0,0,0,0,0,0,0,1,2,55,1,3,2,1,0,0,1,80,2,1,1,13,0,0
18,180215,1,2,1,4,5,15,43,12,2,1,0,18,1,12,471,12471,30,1987,1FTBR10A0HUC,1,F,T,B,R,1,0,A,0,H,U,C,0,T,FORD,RNG,PK,87,17,,1,1140,1080,RNG,G,,0,0,000000000,00000000000,0,0,0,1,0,0,0,0,0,0,0,998,0,0,0,12,12,6,2,12,0,0,0,1,18,47250,6,1,0,0,3,0,69,120,0,0,0,0,0,0,0,0,0,0,28,0,0,0,1,2,40,1,2,2,1,0,0,1,10,1,1,2,50,1,0