STATE,ST_CASE,VEH_NO,VE_FORMS,NUMOCCS,DAY,MONTH,HOUR,MINUTE,HARM_EV,MAN_COLL,UNITTYPE,HIT_RUN,REG_STAT,OWNER,MAKE,MODEL,MAK_MOD,BODY_TYP,MOD_YEAR,VIN,VIN_1,VIN_2,VIN_3,VIN_4,VIN_5,VIN_6,VIN_7,VIN_8,VIN_9,VIN_10,VIN_11,VIN_12,TOW_VEH,VINTYPE,VINMAKE,VINA_MOD,VIN_BT,VINMODYR,VIN_LNGT,VIN_WGT,WGTCD_TR,WHLBS_LG,WHLBS_SH,SER_TR,FUELCODE,MCYCL_DS,J_KNIFE,MCARR_I1,MCARR_I2,MCARR_ID,GVWR,V_CONFIG,CARGO_BT,HAZ_INV,HAZ_PLAC,HAZ_ID,HAZ_CNO,HAZ_REL,BUS_USE,SPEC_USE,EMER_USE,TRAV_SP,UNDERIDE,ROLLOVER,ROLINLOC,IMPACT1,IMPACT2,DEFORMED,TOWED,M_HARM,VEH_SC1,VEH_SC2,FIRE_EXP,DR_PRES,L_STATE,DR_ZIP,L_STATUS,L_TYPE,CDL_STAT,L_ENDORS,L_COMPL,L_RESTRI,DR_HGT,DR_WGT,PREV_ACC,PREV_SUS,PREV_DWI,PREV_SPD,PREV_OTH,FIRST_MO,FIRST_YR,LAST_MO,LAST_YR,SPEEDREL,DR_SF1,DR_SF2,DR_SF3,DR_SF4,VTRAFWAY,VNUM_LAN,VSPD_LIM,VALIGN,VPROFILE,VPAVETYP,VSURCOND,VTRAFCON,VTCONT_F,P_CRASH1,P_CRASH2,P_CRASH3,PCRASH4,PCRASH5,ACC_TYPE,DEATHS,DR_DRINK
18,180286,1,2,1,17,6,6,38,12,1,1,0,18,1,6,441,6441,20,2001,2C4GP44361R2,2,C,4,G,P,4,4,3,6,1,R,2,0,P,CHRY,TWC,SV,1,17,3993,,0,1193,,F,,0,0,000000000,00000000000,0,0,0,1,0,0,0,0,0,0,0,998,0,0,0,12,12,6,2,12,0,0,0,1,18,46545,6,1,0,0,3,1,64,145,0,0,0,0,0,0,0,0,0,0,26,38,0,0,2,3,55,1,1,2,1,1,3,1,51,1,1,1,24,1,0
18,180286,2,2,1,17,6,6,38,12,1,1,0,17,3,87,881,87881,66,1998,1XPGDU9X7WN4,1,X,P,G,D,U,9,X,7,W,N,4,1,T,PTRB,385,DS,98,17,,8,0,0,CON,D,,1,57,502833,57502833,3,6,3,1,0,0,0,0,0,0,0,998,0,0,0,6,6,4,1,12,0,0,0,1,17,60409,6,1,6,0,3,0,69,200,0,0,0,0,0,0,0,0,0,0,0,0,0,0,2,3,55,1,1,2,1,1,3,3,17,1,1,1,25,0,0
18,180287,1,3,1,17,6,16,0,12,2,1,0,18,1,20,20,20020,4,1998,2G1WL52M6W91,2,G,1,W,L,5,2,M,6,W,9,1,0,P,CHEV,L/S,4D,98,17,3330,,0,1075,,G,,0,0,000000000,00000000000,0,0,0,1,0,0,0,0,0,0,0,998,0,0,0,12,12,6,2,12,0,0,0,1,18,46410,6,1,0,0,3,3,65,215,0,0,0,0,0,0,0,0,0,0,28,0,0,0,1,2,40,4,1,1,1,0,0,14,10,1,1,2,50,1,0
18,180287,2,3,1,17,6,16,0,12,2,1,0,18,3,84,881,84881,63,2001,1HTSHADT51H3,1,H,T,S,H,A,D,T,5,1,H,3,1,T,INTL,490,TM,1,17,,8,2540,1520,40S,D,,1,57,460922,57460922,3,2,2,1,0,0,0,0,0,0,0,998,0,0,0,12,12,6,2,12,0,0,0,1,18,46320,6,1,6,3,3,0,76,225,0,1,0,1,0,12,2009,12,2009,0,0,0,0,0,1,2,40,4,1,1,1,0,0,14,62,1,1,1,51,0,0
18,180287,3,3,1,17,6,16,0,12,2,1,0,18,1,20,481,20481,31,2002,1GCEK14V22Z1,1,G,C,E,K,1,4,V,2,2,Z,1,1,T,CHEV,SK1,PK,2,17,,2,1330,1190,SIL,G,,1,0,000000000,00000000000,0,0,0,1,0,0,0,0,0,0,0,998,0,0,0,12,12,6,2,12,0,0,0,1,18,46307,6,1,0,0,3,1,68,160,0,0,0,0,0,0,0,0,0,0,0,0,0,0,1,2,40,4,1,1,1,0,0,14,62,1,1,1,98,0,0
18,180288,1,1,2,15,6,23,45,14,0,1,0,1,1,98,850,98850,73,2003,999999999999,9,9,9,9,9,9,9,9,9,9,9,9,6,U,,,,9,17,,,,,,,,1,0,000000000,00000000000,0,0,0,1,0,0,0,0,0,0,0,998,0,1,2,1,82,6,2,14,0,0,0,1,1,36542,6,1,0,0,3,0,73,192,0,0,0,0,0,0,0,0,0,0,28,0,0,0,3,2,70,1,1,2,1,0,0,1,11,1,1,4,11,1,0
18,180289,1,1,3,18,6,19,12,42,0,1,0,18,2,20,2,20002,4,2001,2G1WF52EX192,2,G,1,W,F,5,2,E,X,1,9,2,0,P,CHEV,IMP,4D,1,17,3389,,0,1105,,G,,0,0,000000000,00000000000,0,0,0,1,0,0,0,0,0,0,0,998,0,0,0,3,3,6,2,42,0,0,0,1,18,46552,6,2,0,0,3,1,72,210,0,0,0,0,0,0,0,0,0,1,87,8,0,0,1,2,40,1,2,2,2,20,3,1,6,4,3,5,7,2,0
18,180290,1,2,2,20,6,22,36,12,6,1,0,18,1,12,402,12402,14,2010,1FMCU0C72AKA,1,F,M,C,U,0,C,7,2,A,K,A,0,P,FORD,SPE,UT,10,17,3299,,0,1031,,G,,0,0,000000000,00000000000,0,0,0,1,0,0,0,0,0,0,0,998,0,0,0,3,3,6,2,12,0,0,0,1,18,46112,6,1,0,0,3,1,68,230,0,0,0,1,0,8,2009,8,2009,0,38,0,0,0,3,2,35,1,1,2,1,1,3,11,15,1,1,2,68,1,0
18,180290,2,2,1,20,6,22,36,12,6,1,0,18,2,7,24,7024,4,2008,2B3KA33G78H1,2,B,3,K,A,3,3,G,7,8,H,1,0,P,DODG,CHS,4D,8,17,3800,,0,1200,,G,,0,0,000000000,00000000000,0,0,0,1,0,0,0,0,0,0,0,998,0,0,0,12,12,6,2,12,0,0,0,1,18,46112,6,2,0,0,3,0,64,155,0,0,0,0,0,0,0,0,0,0,0,0,0,0,3,2,35,1,1,2,1,1,3,1,67,1,1,1,69,0,0
18,180291,1,2,4,17,6,5,40,12,1,1,0,18,4,6,441,6441,20,2010,2A4RR5DX8AR3,2,A,4,R,R,5,D,X,8,A,R,3,0,P,CHRY,TWC,SV,10,17,4507,,0,1212,,G,,0,0,000000000,00000000000,0,0,0,1,0,0,0,0,0,0,0,998,0,0,0,12,12,6,2,12,0,0,0,1,18,47203,6,1,0,0,3,0,63,175,0,0,0,0,0,0,0,0,0,0,26,0,0,0,2,2,70,1,1,2,1,0,0,1,51,1,1,1,24,1,0
18,180291,2,2,1,17,6,5,40,12,1,1,0,47,1,87,881,87881,66,2000,1XP5DR9X4YN5,1,X,P,5,D,R,9,X,4,Y,N,5,1,T,PTRB,379,DS,0,17,,8,0,0,CON,D,,1,57,00063410,5700063410,3,6,3,1,0,0,0,0,0,0,0,998,0,0,0,6,6,0,1,12,0,0,0,1,47,37167,6,1,6,1,3,0,73,265,0,0,0,0,1,9,2007,9,2007,0,0,0,0,0,2,2,70,1,1,2,1,0,0,1,53,1,1,1,25,0,0
18,180292,1,2,4,9,6,11,54,12,6,1,0,18,1,9,442,9442,20,1998,2P4GP2439WR6,2,P,4,G,P,2,4,3,9,W,R,6,0,P,PLYM,VOF,SV,98,17,3591,,0,1193,,G,,0,0,000000000,00000000000,0,0,0,1,0,0,0,0,0,0,0,998,0,0,0,2,2,6,2,12,0,0,0,1,18,47265,6,1,0,0,3,0,60,200,0,0,0,0,0,0,0,0,0,0,39,0,0,0,1,2,45,1,1,2,1,20,3,1,17,1,1,1,87,1,0
18,180292,2,2,3,9,6,11,54,12,6,1,0,18,2,20,481,20481,31,1996,1GCGK29R4TE1,1,G,C,G,K,2,9,R,4,T,E,1,0,T,CHEV,GK2,PC,96,17,,2,0,1555,GM4,G,,0,0,000000000,00000000000,0,0,0,1,0,0,0,0,0,0,0,998,0,0,0,12,12,6,2,12,0,0,0,1,18,47265,6,1,0,0,3,0,72,200,0,0,0,0,0,0,0,0,0,0,0,0,0,0,1,2,45,1,1,2,1,0,0,1,17,1,1,1,86,0,0
18,180293,1,2,3,21,6,20,23,12,6,1,0,18,2,12,17,12017,4,2006,1FAHP53U16A1,1,F,A,H,P,5,3,U,1,6,A,1,0,P,FORD,TSE,4D,6,17,3307,,0,1085,,G,,0,0,000000000,00000000000,0,0,0,1,0,0,0,0,0,0,0,998,0,0,0,3,3,6,2,12,0,0,0,1,18,47201,6,1,0,0,3,0,69,158,0,0,0,0,1,5,2009,5,2009,0,50,8,0,0,1,2,40,1,1,2,1,1,3,1,54,1,1,1,64,1,1
18,180293,2,2,1,21,6,20,23,12,6,1,0,18,2,20,481,20481,31,1967,CS147F117188,C,S,1,4,7,F,1,1,7,1,8,8,0,P,,,,,,,,,,,,,0,0,000000000,00000000000,0,0,0,1,0,0,0,0,0,0,0,998,0,0,0,12,12,6,2,12,0,0,0,1,18,47281,6,1,0,0,3,1,73,165,0,0,0,0,0,0,0,0,0,0,0,0,0,0,1,2,40,1,1,2,1,1,3,1,54,6,1,1,65,0,0
18,180294,1,2,2,22,3,15,3,12,6,1,0,47,1,49,32,49032,4,1996,2T1BA02E5TC1,2,T,1,B,A,0,2,E,5,T,C,1,0,P,TOYT,COA,4D,96,17,2315,,0,970,,G,,0,0,000000000,00000000000,0,0,0,1,0,0,0,0,0,0,0,998,0,0,0,3,3,6,2,12,0,0,0,1,47,37617,1,1,1,0,2,0,69,160,0,1,0,0,0,11,2009,11,2009,9,28,92,35,0,1,2,55,1,3,2,1,28,3,6,10,6,1,2,64,1,0
18,180294,2,2,3,22,3,15,3,12,6,1,0,18,2,7,442,7442,20,1997,1B4GP54R3VB4,1,B,4,G,P,5,4,R,3,V,B,4,0,P,DODG,CAR,SV,97,17,3938,,0,1193,,G,,0,0,000000000,00000000000,0,0,0,1,0,0,0,0,0,0,0,998,0,0,0,12,12,6,2,12,0,0,0,1,18,46795,6,1,0,0,3,1,63,130,0,0,0,1,0,4,2007,4,2007,0,0,0,0,0,1,2,55,1,3,2,1,28,3,1,62,6,1,1,65,0,0
18,180295,1,1,1,23,4,3,10,42,0,1,0,18,1,7,482,7482,31,2000,3B7KF2366YG1,3,B,7,K,F,2,3,6,6,Y,G,1,0,T,DODG,Q25,4C,0,17,,2,1547,1387,RPC,D,,0,0,000000000,00000000000,0,0,0,1,0,0,0,0,0,0,0,998,0,1,6,12,12,6,2,42,0,0,0,1,18,46747,6,1,8,0,3,0,74,240,0,0,0,1,0,10,2008,10,2008,0,0,0,0,0,1,2,55,2,1,2,1,0,0,14,13,1,1,5,1,1,1
18,180296,1,1,1,27,4,16,9,49,0,1,0,18,1,13,2,13002,2,1989,1LNBM93EXKY6,1,L,N,B,M,9,3,E,X,K,Y,6,0,P,LINC,LSC,CP,89,17,3783,,0,1085,,G,,0,0,000000000,00000000000,0,0,0,1,0,0,0,0,0,0,0,998,0,0,0,12,12,6,2,49,0,0,0,1,18,46761,1,1,0,0,2,0,70,165,0,0,0,0,0,0,0,0,0,0,92,0,0,0,1,2,55,1,1,2,1,0,0,1,87,1,1,1,13,0,0
18,180297,1,1,2,4,6,21,12,42,0,1,0,18,1,12,481,12481,31,1997,2FTDX1760VCA,2,F,T,D,X,1,7,6,0,V,C,A,0,T,FORD,F15,3C,97,17,,1,1570,1390,COF,G,,0,0,000000000,00000000000,0,0,0,1,0,0,0,0,0,0,0,998,0,1,6,3,3,6,2,42,0,0,0,1,18,46737,6,1,0,0,3,0,71,215,0,0,0,0,0,0,0,0,0,1,92,0,0,0,1,2,30,3,1,2,1,0,0,14,6,1,4,4,2,1,1
18,180298,1,1,1,24,6,2,6,8,0,1,0,18,2,14,37,14037,4,1998,1MEFM6534WK6,1,M,E,F,M,6,5,3,4,W,K,6,0,P,MERC,MSS,4D,98,17,2808,,0,1065,,G,,0,0,000000000,00000000000,0,0,0,1,0,0,0,0,0,0,0,60,0,0,0,12,12,6,2,8,0,0,0,1,18,46360,6,1,0,0,3,1,70,224,1,2,0,1,0,8,2009,10,2009,0,0,0,0,0,2,2,55,1,1,2,2,0,0,1,80,1,1,1,13,0,0
18,180299,1,1,1,22,6,21,33,25,0,1,0,99,9,76,709,76709,80,2006,999999999999,9,9,9,9,9,9,9,9,9,9,9,9,0,U,,,,9,17,,,,,,,,0,0,000000000,00000000000,0,0,0,1,0,0,0,0,0,0,0,998,0,0,0,12,12,6,2,25,0,0,0,1,17,60417,1,1,0,0,2,0,72,200,0,0,0,0,2,1,2009,1,2009,0,0,0,0,0,3,3,45,1,1,2,1,0,0,1,12,1,1,5,6,1,0
18,180300,1,3,2,22,6,17,27,12,2,1,0,18,2,12,17,12017,4,2003,1FAFP52U73G2,1,F,A,F,P,5,2,U,7,3,G,2,0,P,FORD,TAX,4D,3,17,3336,,0,1085,,G,,0,0,000000000,00000000000,0,0,0,1,0,0,0,0,0,0,0,998,0,0,0,12,12,6,2,12,0,0,0,1,18,46324,6,1,0,0,3,0,65,150,0,0,0,0,0,0,0,0,0,1,28,35,36,0,5,3,45,1,1,2,1,0,0,6,11,1,4,2,50,1,0
18,180300,2,3,1,22,6,17,27,12,2,1,0,18,1,7,472,7472,30,2007,1D7HW42P57S1,1,D,7,H,W,4,2,P,5,7,S,1,0,T,DODG,DSL,PC,7,17,,2,0,1313,DAK,F,,0,0,000000000,00000000000,0,0,0,1,0,0,0,0,0,0,0,998,0,0,0,12,6,6,2,12,0,0,0,1,18,46307,6,1,0,0,3,1,67,230,0,0,0,0,0,0,0,0,0,0,0,0,0,0,5,3,45,1,1,2,1,0,0,1,63,1,1,1,51,0,0
18,180300,3,3,1,22,6,17,27,12,2,1,0,17,1,7,472,7472,30,2001,1B7GL22X21S3,1,B,7,G,L,2,2,X,2,1,S,3,0,T,DODG,DAK,PC,1,17,,1,0,1309,DAK,G,,0,0,000000000,00000000000,0,0,0,1,0,0,0,0,0,0,0,998,0,0,0,12,12,6,2,12,0,0,0,1,17,60429,6,1,3,0,3,0,69,200,1,0,0,0,0,6,2008,6,2008,0,0,0,0,0,5,2,45,1,1,2,1,0,0,1,63,1,1,1,98,0,0
18,180301,1,2,2,23,6,22,47,12,6,1,0,18,1,20,421,20421,15,1995,1GNEK13K7SJ3,1,G,N,E,K,1,3,K,7,S,J,3,0,P,CHEV,KTA,UT,95,17,5124,,0,1175,,G,,0,0,000000000,00000000000,0,0,0,1,0,0,0,0,0,0,0,998,0,0,0,12,12,6,2,12,0,0,0,1,18,46203,1,1,0,0,2,2,68,176,0,2,0,0,0,5,2009,8,2009,0,74,0,0,0,2,4,35,1,1,2,1,2,3,1,17,1,1,1,86,0,0
18,180301,2,2,1,23,6,22,47,12,6,1,0,18,2,12,401,12401,14,2001,1FMZU84P41ZA,1,F,M,Z,U,8,4,P,4,1,Z,A,0,P,FORD,EPR,UT,1,17,4250,,0,1116,,G,,0,0,000000000,00000000000,0,0,0,1,0,0,0,0,0,0,0,998,0,1,1,3,81,6,2,1,0,0,0,1,18,46143,1,1,0,0,2,2,66,122,0,1,0,0,0,6,2007,6,2007,0,39,74,8,0,2,4,35,1,1,2,1,2,3,1,17,1,1,1,87,1,1
18,180302,1,1,1,10,6,6,0,11,0,1,0,18,1,37,706,37706,80,1984,1HFSC1429EA0,1,H,F,S,C,1,4,2,9,E,A,0,0,M,HOND,G2A,RS,84,17,,,,,,,1200,0,0,000000000,00000000000,0,0,0,1,0,0,0,0,0,0,0,998,0,0,0,12,12,6,2,11,0,0,0,1,18,46151,6,1,0,0,3,1,73,210,0,0,0,0,1,6,2009,6,2009,0,0,0,0,0,1,2,45,1,3,2,1,0,0,1,87,1,1,1,13,1,0
18,180303,1,2,1,19,6,22,18,8,0,1,1,99,9,99,999,99999,99,9999,999999999999,9,9,9,9,9,9,9,9,9,9,9,9,0,U,,,,9,17,,,,,,,,0,0,000000000,00000000000,0,0,0,1,0,0,0,0,0,0,0,998,0,0,0,12,12,9,1,8,0,0,0,1,99,99999,9,9,99,9,9,9,999,999,99,99,99,99,99,99,9999,99,9999,0,0,0,0,0,5,2,99,1,2,1,1,0,0,1,80,99,1,1,13,0,0
18,180303,2,2,1,19,6,22,18,8,0,1,0,18,2,12,16,12016,4,2003,2FAFP71WX3X2,2,F,A,F,P,7,1,W,X,3,X,2,0,P,FORD,CVP,4D,3,17,3946,,0,1147,,G,,0,0,000000000,00000000000,0,0,0,1,0,0,0,0,0,0,0,998,0,0,0,12,12,6,2,8,0,0,0,1,18,46368,6,1,0,0,3,0,68,190,0,0,0,0,0,0,0,0,0,0,0,0,0,0,5,2,35,1,2,2,1,0,0,1,80,1,1,1,98,0,0
18,180304,1,2,2,24,6,2,17,12,6,1,0,18,1,12,481,12481,31,1997,1FTEF176XVLA,1,F,T,E,F,1,7,6,X,V,L,A,0,T,FORD,F15,PK,97,17,,2,1390,1200,COF,G,,0,0,000000000,00000000000,0,0,0,1,0,0,0,0,0,0,0,998,0,0,0,12,12,6,2,12,0,0,0,1,18,47921,6,1,0,0,3,1,66,185,0,0,0,0,0,0,0,0,0,0,38,0,0,0,1,2,55,1,1,2,1,21,3,1,17,1,1,1,88,1,0
18,180304,2,2,1,24,6,2,17,12,6,1,0,18,3,82,883,82883,66,1999,1FUWTMDA8XHB,1,F,U,W,T,M,D,A,8,X,H,B,1,T,FRHT,F12,DS,99,17,,7,0,0,MCV,D,,1,57,181582,57181582,3,6,1,1,0,0,0,0,0,0,0,998,0,0,0,8,8,6,2,12,0,0,0,1,21,42303,6,1,6,1,3,0,70,140,0,0,0,0,0,0,0,0,0,0,0,0,0,0,2,3,60,1,1,2,1,0,0,1,17,1,1,1,89,0,0
18,180305,1,1,2,22,6,23,0,5,0,1,0,18,2,12,17,12017,4,2000,1FAFP56S5YG1,1,F,A,F,P,5,6,S,5,Y,G,1,0,P,FORD,TEL,4D,0,17,3333,,0,1085,,G,,0,0,000000000,00000000000,0,0,0,1,0,0,0,0,0,0,0,998,0,0,0,0,0,0,1,5,0,0,0,1,18,46112,6,1,0,0,3,1,72,146,0,0,0,0,0,0,0,0,0,0,0,0,0,0,1,2,20,1,1,2,1,20,3,1,98,1,1,1,0,1,0
18,180306,1,1,2,26,6,17,25,8,0,1,0,18,2,7,442,7442,20,2005,2D4GP44L15R1,2,D,4,G,P,4,4,L,1,5,R,1,0,P,DODG,CAR,SV,5,17,4222,,0,1193,,G,,0,0,000000000,00000000000,0,0,0,1,0,0,0,0,0,0,0,45,0,0,0,12,12,4,3,8,0,0,0,1,21,40391,6,1,0,0,3,1,69,140,0,0,0,1,0,3,2008,3,2008,0,0,0,0,0,1,2,50,1,1,2,1,0,0,1,80,6,1,3,13,0,0
18,180307,1,1,2,26,6,15,37,30,0,1,0,18,2,72,709,72709,80,1975,3A49126H5000,3,A,4,9,1,2,6,H,5,0,0,0,0,U,,,,,17,,,,,,,,0,0,000000000,00000000000,0,0,0,1,0,0,0,0,0,0,0,45,0,0,0,12,12,6,2,30,0,0,0,1,18,47837,6,1,0,0,3,0,65,144,0,0,0,0,0,0,0,0,0,0,0,0,0,0,1,2,55,1,2,2,1,28,3,1,13,1,1,4,1,1,0
18,180308,1,1,1,26,6,6,47,53,0,1,0,18,2,37,706,37706,80,2008,JH2SC59048M0,J,H,2,S,C,5,9,0,4,8,M,0,0,M,HOND,CBS,RC,8,17,,,,,,,998,0,0,000000000,00000000000,0,0,0,1,0,0,0,0,0,0,0,80,0,0,0,12,12,6,2,53,0,0,0,1,18,47710,6,1,0,0,3,0,70,200,0,0,0,1,0,6,2009,6,2009,1,0,0,0,0,1,2,40,1,3,2,1,28,3,1,13,1,1,4,1,1,0
18,180309,1,1,1,24,6,13,9,25,0,1,0,21,2,12,17,12017,4,2005,999999999999,9,9,9,9,9,9,9,9,9,9,9,9,0,U,,,,9,17,,,,,,,,0,0,000000000,00000000000,0,0,0,1,0,0,0,0,0,0,0,998,0,0,0,12,12,6,2,25,0,0,0,1,21,40205,6,1,0,0,3,0,67,210,0,0,0,0,0,0,0,0,0,1,35,58,0,0,3,3,70,1,1,1,1,0,0,6,6,1,3,5,2,1,0
18,180310,1,2,4,12,6,18,51,12,1,1,0,18,6,7,442,7442,20,2005,1D4GP24R05B1,1,D,4,G,P,2,4,R,0,5,B,1,0,P,DODG,CAR,SV,5,17,3867,,0,1193,,G,,0,0,000000000,00000000000,0,0,0,1,0,0,0,0,0,0,0,0,0,0,0,6,6,6,2,8,0,0,0,0,,,,,,,,,999,,,,,,,,,,,,20,0,0,0,1,2,55,1,3,1,1,0,0,0,98,0,0,0,32,0,0
18,180310,2,2,1,12,6,18,51,12,1,1,0,18,1,37,31,37031,2,2003,1HGEM215X3L0,1,H,G,E,M,2,1,5,X,3,L,0,0,P,HOND,UCL,CP,3,17,2465,,0,1031,,G,,0,0,000000000,00000000000,0,0,0,1,0,0,0,0,0,0,0,998,0,0,0,12,12,6,2,54,0,0,0,1,18,47250,1,1,0,0,2,2,69,135,0,6,2,0,1,7,2007,11,2008,0,84,74,0,0,1,2,55,1,3,1,1,0,0,1,50,1,1,1,32,0,0
18,180311,1,2,1,27,6,8,21,12,6,1,0,18,2,20,481,20481,31,2002,1GCHK29U22E1,1,G,C,H,K,2,9,U,2,2,E,1,0,T,CHEV,2KH,4C,2,17,,2,1575,1435,SIL,G,,0,0,000000000,00000000000,0,0,0,1,0,0,0,0,0,0,0,998,0,0,0,12,12,6,2,12,0,0,0,1,18,47725,6,1,0,0,3,0,70,175,0,0,0,0,0,0,0,0,0,0,38,0,0,0,5,2,45,1,1,2,1,21,3,1,17,1,1,1,88,0,0
18,180311,2,2,1,27,6,8,21,12,6,1,0,18,1,37,705,37705,80,1996,JH2RC4306TM2,J,H,2,R,C,4,3,0,6,T,M,2,0,M,HOND,F7C,RS,96,17,,,,,,,748,0,0,000000000,00000000000,0,0,0,1,0,0,0,0,0,0,0,998,0,0,0,9,9,6,2,12,0,0,0,1,18,47714,6,1,0,0,3,1,72,154,0,0,0,0,0,0,0,0,0,0,0,0,0,0,5,2,60,1,1,2,1,21,3,1,66,1,1,1,89,1,0
18,180312,1,1,1,1,7,2,28,35,0,1,0,18,1,49,51,49051,4,2010,JTDBT4K33A40,J,T,D,B,T,4,K,3,3,A,4,0,0,P,TOYT,YAR,4D,10,17,2288,,0,1004,,G,,0,0,000000000,00000000000,0,0,0,1,0,0,0,0,0,0,0,998,0,1,3,12,12,6,2,1,0,0,0,1,18,46165,6,1,0,0,3,0,68,215,0,0,0,0,0,0,0,0,0,0,0,0,0,0,3,3,70,1,1,2,1,0,0,1,12,1,1,4,6,1,0
18,180313,1,1,2,12,6,12,49,5,0,1,0,18,1,76,701,76701,81,2007,LPRSA33A57A1,L,P,R,S,A,3,3,A,5,7,A,1,1,M,YAMA,XF5,MS,7,17,,,,,,,49,1,0,000000000,00000000000,0,0,0,1,0,0,0,0,0,0,0,998,0,0,0,0,0,0,1,5,0,0,0,1,18,46514,0,0,0,0,0,0,73,226,0,0,0,0,0,0,0,0,0,0,22,0,0,0,1,2,55,1,1,1,1,0,0,1,98,1,1,1,0,1,0
18,180315,1,1,5,25,6,0,29,38,0,1,0,18,2,20,36,20036,2,1999,2G1WW12M6X92,2,G,1,W,W,1,2,M,6,X,9,2,0,P,CHEV,MLS,CP,99,17,3306,,0,1075,,G,,0,0,000000000,00000000000,0,0,0,1,0,0,0,0,0,0,0,998,0,0,0,12,12,6,2,43,0,0,0,1,18,47265,0,0,0,0,0,0,999,999,0,0,0,0,0,0,0,0,0,1,8,37,39,92,1,2,55,1,2,2,1,28,3,1,6,1,3,5,2,1,0
18,180316,1,2,1,29,5,13,51,1,0,1,0,18,1,72,706,72706,80,2004,1HD4CJM174K4,1,H,D,4,C,J,M,1,7,4,K,4,0,M,HD,L8C,RS,4,17,,,,,,,883,0,0,000000000,00000000000,0,0,0,1,0,0,0,0,0,0,0,998,0,0,0,0,3,6,2,12,0,0,0,1,18,46135,6,1,0,0,3,0,63,120,0,0,0,0,0,0,0,0,0,0,79,0,0,0,5,2,45,3,1,2,11,0,0,14,8,4,4,4,2,1,0
18,180316,2,2,2,29,5,13,51,1,0,1,0,18,1,72,706,72706,80,2001,1HD1GEV101Y3,1,H,D,1,G,E,V,1,0,1,Y,3,0,M,HD,FWG,RS,1,17,,,,,,,1450,0,0,000000000,00000000000,0,0,0,1,0,0,0,0,0,0,0,998,0,0,0,12,12,6,2,12,0,0,0,1,18,47460,6,1,6,0,3,0,72,150,0,0,0,0,0,0,0,0,0,0,0,0,0,0,2,3,45,3,1,2,1,0,0,14,13,9,1,4,98,0,0
18,180317,1,1,1,1,7,18,45,1,0,1,0,18,3,72,706,72706,80,2009,1HD1KB4109Y6,1,H,D,1,K,B,4,1,0,9,Y,6,0,M,HD,FHX,RS,9,17,,,,,,,1584,0,0,000000000,00000000000,0,0,0,1,0,0,0,0,0,0,0,998,0,0,0,0,3,6,2,34,0,0,0,1,18,46974,6,1,0,0,3,0,68,180,0,0,0,0,0,0,0,0,0,0,0,0,0,0,1,2,55,1,1,2,1,0,0,1,13,6,1,4,1,1,0
18,180318,1,1,2,2,7,13,0,33,0,1,0,18,1,20,37,20037,4,2000,1G1ND52J2Y62,1,G,1,N,D,5,2,J,2,Y,6,2,0,P,CHEV,MAL,4D,0,17,3051,,0,1070,,G,,0,0,000000000,00000000000,0,0,0,1,0,0,0,0,0,0,0,998,0,0,0,14,81,6,2,42,0,0,0,1,18,46515,6,1,0,0,3,0,69,154,0,0,0,0,1,9,2009,9,2009,1,8,0,0,0,1,2,30,1,1,2,1,0,0,1,11,1,1,4,1,1,0
18,180319,1,1,1,3,7,4,6,42,0,1,0,18,2,20,421,20421,15,1998,1GNDT13W8W22,1,G,N,D,T,1,3,W,8,W,2,2,0,P,CHEV,BZR,UT,98,17,4046,,0,1070,,G,,0,0,000000000,00000000000,0,0,0,1,0,0,0,0,0,0,0,998,0,1,6,12,62,6,2,1,0,0,0,1,54,26040,3,1,1,0,2,0,71,145,0,0,0,0,0,0,0,0,0,1,8,0,0,0,1,2,15,4,1,2,1,0,0,14,13,1,1,4,1,1,1
18,180320,1,2,1,3,7,18,13,12,6,1,0,18,1,72,706,72706,80,2004,1HD1BHY164Y0,1,H,D,1,B,H,Y,1,6,4,Y,0,0,M,HD,FXT,RS,4,17,,,,,,,1450,0,0,000000000,00000000000,0,0,0,1,0,0,0,0,0,0,0,998,0,0,0,12,12,6,2,12,0,0,0,1,18,46203,6,1,5,0,3,0,73,170,0,0,0,0,2,7,2009,1,2010,0,0,0,0,0,1,2,35,1,1,1,1,0,0,1,72,1,1,1,69,1,1
18,180320,2,2,2,3,7,18,13,12,6,1,0,18,1,7,482,7482,31,1996,1B7HC16Y0TS6,1,B,7,H,C,1,6,Y,0,T,S,6,0,T,DODG,150,PK,96,17,,2,1347,1187,RPC,G,,0,0,000000000,00000000000,0,0,0,1,0,0,0,0,0,0,0,998,0,0,0,9,9,6,2,12,0,0,0,1,18,46239,6,1,0,0,3,1,72,190,0,0,0,1,1,4,2008,11,2009,0,38,48,0,0,1,2,35,1,1,1,1,0,0,11,98,1,1,2,68,0,0
18,180321,1,2,1,4,7,17,4,12,6,1,0,18,2,23,481,23481,31,2004,1GTHK23214F2,1,G,T,H,K,2,3,2,1,4,F,2,0,T,GMC,2KH,CW,4,17,,2,1670,1530,SIE,D,,0,0,000000000,00000000000,0,0,0,1,0,0,0,0,0,0,0,998,0,0,0,12,12,6,2,12,0,0,0,1,18,46542,6,1,0,0,3,0,64,210,0,0,0,0,0,0,0,0,0,0,0,0,0,0,1,2,55,1,1,1,1,0,0,6,56,1,1,1,93,0,0