STATE,ST_CASE,VEH_NO,VE_FORMS,NUMOCCS,DAY,MONTH,HOUR,MINUTE,HARM_EV,MAN_COLL,UNITTYPE,HIT_RUN,REG_STAT,OWNER,MAKE,MODEL,MAK_MOD,BODY_TYP,MOD_YEAR,VIN,VIN_1,VIN_2,VIN_3,VIN_4,VIN_5,VIN_6,VIN_7,VIN_8,VIN_9,VIN_10,VIN_11,VIN_12,TOW_VEH,VINTYPE,VINMAKE,VINA_MOD,VIN_BT,VINMODYR,VIN_LNGT,VIN_WGT,WGTCD_TR,WHLBS_LG,WHLBS_SH,SER_TR,FUELCODE,MCYCL_DS,J_KNIFE,MCARR_I1,MCARR_I2,MCARR_ID,GVWR,V_CONFIG,CARGO_BT,HAZ_INV,HAZ_PLAC,HAZ_ID,HAZ_CNO,HAZ_REL,BUS_USE,SPEC_USE,EMER_USE,TRAV_SP,UNDERIDE,ROLLOVER,ROLINLOC,IMPACT1,IMPACT2,DEFORMED,TOWED,M_HARM,VEH_SC1,VEH_SC2,FIRE_EXP,DR_PRES,L_STATE,DR_ZIP,L_STATUS,L_TYPE,CDL_STAT,L_ENDORS,L_COMPL,L_RESTRI,DR_HGT,DR_WGT,PREV_ACC,PREV_SUS,PREV_DWI,PREV_SPD,PREV_OTH,FIRST_MO,FIRST_YR,LAST_MO,LAST_YR,SPEEDREL,DR_SF1,DR_SF2,DR_SF3,DR_SF4,VTRAFWAY,VNUM_LAN,VSPD_LIM,VALIGN,VPROFILE,VPAVETYP,VSURCOND,VTRAFCON,VTCONT_F,P_CRASH1,P_CRASH2,P_CRASH3,PCRASH4,PCRASH5,ACC_TYPE,DEATHS,DR_DRINK
18,180448,1,1,3,31,8,1,15,42,0,1,0,18,1,12,471,12471,30,2000,1FTYR10C2YPA,1,F,T,Y,R,1,0,C,2,Y,P,A,0,T,FORD,RNG,PK,0,17,,1,1175,1116,RNG,G,,0,0,000000000,00000000000,0,0,0,1,0,0,0,0,0,0,0,998,0,0,0,9,62,6,2,42,0,0,0,1,18,46975,6,1,0,0,3,0,68,160,0,0,0,0,0,0,0,0,0,0,0,0,0,0,1,2,55,1,1,2,1,0,0,1,12,1,1,4,6,1,1
18,180449,1,2,2,21,8,8,58,12,6,1,0,20,1,14,17,14017,4,2002,1MEFM50U02G6,1,M,E,F,M,5,0,U,0,2,G,6,0,P,MERC,SGP,4D,2,17,3379,,0,1085,,G,,0,0,000000000,00000000000,0,0,0,1,0,0,0,0,0,0,0,998,0,0,0,9,62,6,2,12,0,0,0,1,20,66203,6,1,0,0,3,0,70,200,0,0,0,0,0,0,0,0,0,0,38,0,0,0,1,2,55,1,1,1,1,20,3,11,15,1,1,1,82,1,0
18,180449,2,2,1,21,8,8,58,12,6,1,0,18,1,86,881,86881,66,1997,1M2AA13YXVW0,1,M,2,A,A,1,3,Y,X,V,W,0,1,T,MACK,CH6,DS,97,17,,8,0,0,600,D,,1,57,073155,57073155,3,6,2,1,0,0,0,0,0,0,0,50,0,0,0,12,12,6,2,12,0,0,0,1,17,62858,6,1,6,0,3,0,70,165,0,0,0,0,1,1,2008,1,2008,0,0,0,0,0,5,3,55,1,1,1,1,0,0,1,17,9,1,2,83,0,0
18,180450,1,2,2,25,8,17,55,12,1,1,0,18,2,20,421,20421,15,1995,1GNDT13W1S21,1,G,N,D,T,1,3,W,1,S,2,1,0,P,CHEV,BZR,UT,95,17,4071,,0,1070,,G,,0,0,000000000,00000000000,0,0,0,1,0,0,0,0,0,0,0,998,0,0,0,6,6,6,2,12,0,0,0,1,18,46227,1,1,0,0,2,2,65,130,0,1,0,0,1,7,2010,7,2010,1,74,0,0,0,3,3,70,1,1,2,1,0,0,2,18,1,1,1,25,2,0
18,180450,2,2,1,25,8,17,55,12,1,1,0,12,3,82,881,82881,66,2000,1FUPCDZB2YLB,1,F,U,P,C,D,Z,B,2,Y,L,B,1,T,FRHT,FLD,DS,0,17,,8,0,0,CON,D,,1,57,345512,57345512,3,6,1,1,0,0,0,0,0,0,0,998,0,1,3,12,12,6,2,2,0,0,1,1,9,6779,6,1,6,0,3,0,71,999,98,0,0,0,1,7,2008,8,2008,0,0,0,0,0,3,3,70,1,1,2,1,0,0,1,52,1,1,1,24,0,0
18,180451,1,1,1,27,8,2,14,42,0,1,0,18,3,20,481,20481,31,2006,1GCJK33266F1,1,G,C,J,K,3,3,2,6,6,F,1,0,T,CHEV,SK3,CW,6,17,,3,0,1670,SIL,D,,0,0,000000000,00000000000,0,0,0,1,0,0,0,0,0,0,0,998,0,0,0,9,62,6,2,42,0,0,0,1,18,46126,6,1,6,0,3,0,70,200,0,1,0,0,0,3,2010,3,2010,0,0,0,0,0,1,2,55,1,1,2,1,0,0,1,12,1,1,4,6,1,1
18,180452,1,1,1,27,8,1,50,8,0,1,0,18,2,20,2,20002,4,2006,2G1WS5517694,2,G,1,W,S,5,5,1,7,6,9,4,0,P,CHEV,I/P,4D,6,17,3466,,0,1105,,G,,0,0,000000000,00000000000,0,0,0,1,0,0,0,0,0,5,0,998,0,0,0,12,12,6,2,8,0,0,0,1,18,46750,6,1,0,0,3,0,76,240,0,0,0,0,0,0,0,0,0,0,0,0,0,0,5,2,35,2,1,2,1,0,0,14,80,1,1,1,13,0,0
18,180453,1,1,3,26,8,17,51,1,0,1,0,18,1,20,481,20481,31,1994,1GCEK14Z7RZ2,1,G,C,E,K,1,4,Z,7,R,Z,2,0,T,CHEV,GK1,PK,94,17,,2,1315,1175,GM4,G,,0,0,000000000,00000000000,0,0,0,1,0,0,0,0,0,0,0,998,0,2,1,0,0,6,2,1,0,0,0,1,18,47220,6,2,0,0,3,1,68,160,0,0,0,0,0,0,0,0,0,0,0,0,0,0,1,2,55,1,1,4,1,0,0,1,13,1,1,6,98,1,0
18,180454,1,2,2,1,9,11,30,12,1,1,0,18,2,22,18,22018,2,2002,1G2NW12E52C1,1,G,2,N,W,1,2,E,5,2,C,1,0,P,PONT,GAG,CP,2,17,3091,,0,1070,,G,,0,0,000000000,00000000000,0,0,0,1,0,0,0,0,0,0,0,998,0,0,0,12,12,6,2,12,0,0,0,1,18,46992,6,1,0,0,3,2,71,165,0,0,0,0,0,0,0,0,0,0,74,0,0,0,1,2,30,1,1,2,1,0,0,1,8,6,1,2,32,1,0
18,180454,2,2,1,1,9,11,30,12,1,1,0,18,1,12,481,12481,31,2008,1FTRX12W68FC,1,F,T,R,X,1,2,W,6,8,F,C,0,T,FORD,F15,4C,8,17,,2,1630,1330,COF,G,,0,0,000000000,00000000000,0,0,0,1,0,0,0,0,0,0,0,998,0,0,0,6,6,6,2,12,0,0,0,1,18,46974,6,1,0,0,3,0,74,200,0,0,0,0,1,5,2010,5,2010,0,0,0,0,0,1,2,30,1,1,2,1,0,0,1,61,1,1,1,32,0,0
18,180455,1,2,2,2,9,13,20,12,6,1,0,18,1,49,442,49442,20,2001,4T3ZF13C51U3,4,T,3,Z,F,1,3,C,5,1,U,3,0,P,TOYT,SIE,SV,1,17,3932,,0,1142,,G,,0,0,000000000,00000000000,0,0,0,1,0,0,0,0,0,0,0,998,0,0,0,1,1,6,2,12,0,0,0,1,18,46017,6,1,0,0,3,0,70,200,0,0,0,0,0,0,0,0,0,0,39,0,0,0,1,2,40,1,1,1,1,20,3,1,17,1,1,1,87,1,0
18,180455,2,2,3,2,9,13,20,12,6,1,0,18,2,12,880,12880,67,2002,1FTWW33F62EC,1,F,T,W,W,3,3,F,6,2,E,C,1,T,FORD,F3D,CW,2,17,,3,1720,1560,DRW,D,,1,99,999999999,99999999999,2,4,1,1,0,0,0,0,0,0,0,998,0,0,0,12,12,6,2,12,0,0,0,1,18,46540,6,1,0,0,3,2,71,230,1,0,0,0,1,11,2009,2,2010,0,74,0,0,0,1,2,40,1,1,1,1,0,0,1,66,1,1,1,86,0,0
18,180456,1,1,1,7,9,0,1,19,0,1,0,18,1,58,32,58032,4,1999,JNKBY31A7XM6,J,N,K,B,Y,3,1,A,7,X,M,6,0,P,INFI,Q4T,4D,99,17,3871,,0,1114,,G,,0,0,000000000,00000000000,0,0,0,1,0,0,0,0,0,0,0,998,0,0,0,1,81,4,1,19,0,0,0,1,18,46637,6,1,0,0,3,3,74,235,0,3,0,0,2,10,2007,2,2008,0,0,0,0,0,1,2,30,1,1,2,1,0,0,1,14,1,1,4,14,1,0
18,180457,1,2,1,6,8,3,55,12,2,1,0,18,2,12,3,12003,2,2004,1FAFP40624F1,1,F,A,F,P,4,0,6,2,4,F,1,0,P,FORD,MUS,CP,4,17,3114,,0,1013,,G,,0,0,000000000,00000000000,0,0,0,1,0,0,0,0,0,0,0,998,0,0,0,12,12,6,2,12,0,0,0,1,18,46260,6,1,0,0,3,0,72,200,1,0,0,1,2,7,2008,9,2008,0,50,0,0,0,3,4,50,1,1,2,1,0,0,1,54,1,1,1,52,1,1
18,180457,2,2,1,6,8,3,55,12,2,1,0,39,1,18,7,18007,4,1998,2G4WS52M4W14,2,G,4,W,S,5,2,M,4,W,1,4,0,P,BUIC,CCU,4D,98,17,3255,,0,1090,,G,,0,0,000000000,00000000000,0,0,0,1,0,0,0,0,0,0,0,998,0,0,0,12,12,6,2,12,0,0,0,1,39,45503,6,1,0,0,3,0,69,140,1,0,0,0,2,4,2009,4,2010,0,0,0,0,0,3,4,50,1,1,1,1,0,0,1,54,1,1,1,52,0,0
18,180458,1,2,1,26,8,18,1,12,6,1,0,18,1,20,443,20443,20,2000,1GNDX03E6YD2,1,G,N,D,X,0,3,E,6,Y,D,2,0,T,CHEV,VTR,ES,0,17,,1,0,1200,VTR,G,,0,0,000000000,00000000000,0,0,0,1,0,0,0,0,0,0,0,998,0,0,0,12,12,6,2,12,0,0,0,1,18,46241,6,1,0,0,3,0,72,194,0,1,0,2,1,7,2009,5,2010,0,39,0,0,0,1,2,40,1,1,2,1,20,3,1,17,1,1,1,88,0,0
18,180458,2,2,1,26,8,18,1,12,6,1,0,18,1,37,31,37031,4,2004,2HGES26774H5,2,H,G,E,S,2,6,7,7,4,H,5,0,P,HOND,UAX,4D,4,17,2668,,0,1031,,G,,0,0,000000000,00000000000,0,0,0,1,0,0,0,0,0,0,0,998,0,0,0,9,9,6,2,12,0,0,0,1,18,46158,6,1,0,0,3,1,62,110,0,0,0,0,0,0,0,0,0,0,0,0,0,0,1,2,35,1,1,2,1,0,0,1,66,1,1,1,89,1,0
18,180460,1,2,6,4,9,17,19,12,6,1,0,21,2,6,54,6054,6,2005,2C4GM684X5R3,2,C,4,G,M,6,8,4,X,5,R,3,0,P,CHRY,PIF,UT,5,17,4361,,0,1160,,G,,0,0,000000000,00000000000,0,0,0,1,0,0,0,0,0,0,0,998,0,0,0,5,5,2,1,12,0,0,0,1,21,40222,6,1,6,0,3,0,69,170,1,0,0,0,0,12,2008,12,2008,0,38,0,0,0,1,2,45,1,1,2,1,20,3,1,17,10,1,1,87,0,0
18,180460,2,2,1,4,9,17,19,12,6,1,0,18,1,72,706,72706,80,2007,1HD1KB4137Y6,1,H,D,1,K,B,4,1,3,7,Y,6,0,M,HD,FHX,RS,7,17,,,,,,,1584,0,0,000000000,00000000000,0,0,0,1,0,0,0,0,0,0,0,998,0,0,0,12,12,6,2,12,0,0,0,1,18,46217,6,1,0,0,3,0,71,240,0,0,0,0,0,0,0,0,0,0,0,0,0,0,1,2,55,1,1,2,1,28,3,1,66,4,1,1,86,1,0
18,180461,1,1,1,2,9,5,50,8,0,1,0,39,3,82,881,82881,66,2001,1FUYDCYB31LH,1,F,U,Y,D,C,Y,B,3,1,L,H,1,T,FRHT,FLD,DS,1,17,,8,0,0,CON,D,,1,57,120670,57120670,3,6,3,1,0,0,0,0,0,0,0,998,0,0,0,12,12,0,1,8,0,0,0,1,17,60651,6,1,6,0,3,0,68,174,0,0,0,0,0,0,0,0,0,0,0,0,0,0,0,0,0,0,0,0,0,0,0,1,82,1,1,9,13,0,0
18,180462,1,1,1,7,9,15,31,8,0,1,1,18,2,20,482,20482,31,2004,1D7HU18N14J1,1,D,7,H,U,1,8,N,1,4,J,1,0,T,DODG,SQ1,CW,4,17,,2,1605,1405,RPC,G,,0,0,000000000,00000000000,0,0,0,1,0,0,0,0,0,0,0,998,0,0,0,12,12,0,1,8,0,0,0,1,18,47041,6,1,0,0,3,0,70,160,0,0,0,0,0,0,0,0,0,1,92,0,0,0,1,2,45,4,1,2,1,0,0,14,80,1,1,1,13,0,0
18,180463,1,2,1,1,9,12,9,12,6,1,0,18,1,2,405,2405,14,2006,1J4GL48K36W2,1,J,4,G,L,4,8,K,3,6,W,2,0,T,JEEP,SPR,4W,6,17,,1,0,1043,LIB,G,,0,0,000000000,00000000000,0,0,0,1,0,0,0,0,0,0,0,998,0,0,0,3,3,6,2,12,0,0,0,1,18,46940,6,1,0,0,3,0,63,145,0,0,0,0,0,0,0,0,0,0,38,0,0,0,1,2,55,1,1,2,1,0,0,1,17,1,1,1,87,0,0
18,180463,2,2,2,1,9,12,9,12,6,1,0,18,1,37,706,37706,80,2003,1HFSC46083A1,1,H,F,S,C,4,6,0,8,3,A,1,0,M,HOND,XT8,RS,3,17,,,,,,,1795,0,0,000000000,00000000000,0,0,0,1,0,0,0,0,0,0,0,998,0,0,0,12,12,6,2,12,0,0,0,1,18,46952,6,1,0,0,3,0,68,180,0,0,0,1,0,11,2008,11,2008,1,0,0,0,0,1,2,55,1,1,2,1,20,3,1,17,4,1,1,86,2,0
18,180464,1,2,1,4,9,17,55,12,6,1,0,18,1,30,47,30047,3,2003,3VWBK21C43M4,3,V,W,B,K,2,1,C,4,3,M,4,0,P,VOLK,NGL,2H,3,17,3001,,0,989,,G,,0,0,000000000,00000000000,0,0,0,1,0,0,0,0,0,0,0,998,0,0,0,12,12,6,2,12,0,0,0,1,18,46982,6,1,0,0,3,1,66,135,0,0,0,0,0,0,0,0,0,0,38,0,0,0,1,2,55,1,1,2,1,20,3,4,17,1,1,1,88,0,0
18,180464,2,2,1,4,9,17,55,12,6,1,0,18,2,37,706,37706,80,1981,JH2PC0207BM0,J,H,2,P,C,0,2,0,7,B,M,0,0,M,HOND,GL5,RS,81,17,,,,,,,500,0,0,000000000,00000000000,0,0,0,1,0,0,0,0,0,0,0,998,0,0,0,9,61,6,2,12,0,0,0,1,18,46725,1,1,0,0,2,2,72,170,0,4,0,0,2,7,2009,12,2009,0,74,0,0,0,1,2,55,1,1,2,1,0,0,1,17,1,1,1,89,1,0
18,180465,1,1,1,13,9,2,0,30,0,1,0,18,2,72,706,72706,80,1986,1HD4CAM18GY1,1,H,D,4,C,A,M,1,8,G,Y,1,0,M,HD,XL8,RS,86,17,,,,,,,883,0,0,000000000,00000000000,0,0,0,1,0,0,0,0,0,0,0,998,0,0,0,12,12,6,2,30,0,0,0,1,18,46545,0,0,0,0,0,0,68,165,0,2,0,0,2,7,2008,7,2008,0,0,0,0,0,1,2,55,2,1,2,1,0,0,14,13,1,1,5,1,1,1
18,180466,1,1,1,11,9,0,40,1,0,1,0,18,1,72,706,72706,80,1995,1HD1BKL1XSY0,1,H,D,1,B,K,L,1,X,S,Y,0,0,M,HD,XTC,RS,95,17,,,,,,,1340,0,0,000000000,00000000000,0,0,0,1,0,0,0,0,0,0,0,998,0,0,0,0,12,6,2,1,0,0,0,1,18,47167,6,1,0,0,2,0,68,135,0,2,1,1,2,11,2007,5,2008,0,0,0,0,0,1,2,30,3,1,2,1,0,0,14,13,1,1,5,1,1,1
18,180467,1,2,4,6,9,18,36,12,6,1,1,18,2,12,471,12471,30,1997,1FTCR10U5VPA,1,F,T,C,R,1,0,U,5,V,P,A,0,T,FORD,RNG,PK,97,17,,1,1140,1080,RNG,G,,0,0,000000000,00000000000,0,0,0,1,0,0,0,0,0,0,0,998,0,0,0,12,12,6,2,12,0,0,0,1,12,32712,1,1,0,0,2,0,63,999,0,0,0,0,0,0,0,0,0,0,92,0,0,0,5,2,50,1,1,2,1,0,0,1,71,1,1,1,88,0,1
18,180467,2,2,1,6,9,18,36,12,6,1,0,18,1,20,16,20016,4,2002,1G1JC5246274,1,G,1,J,C,5,2,4,6,2,7,4,0,P,CHEV,CAC,4D,2,17,2676,,0,1041,,C,,0,0,000000000,00000000000,0,0,0,1,0,0,0,0,0,0,0,998,0,0,0,9,9,6,2,12,0,0,0,1,18,46012,6,1,0,0,3,2,65,170,1,1,0,0,0,2,2008,4,2008,0,38,74,0,0,5,2,50,1,1,2,1,20,3,1,19,1,1,1,89,1,0
18,180468,1,2,1,11,9,22,27,12,2,1,0,18,1,20,4,20004,2,2002,1G1YY12S3251,1,G,1,Y,Y,1,2,S,3,2,5,1,0,P,CHEV,Z06,2T,2,17,3116,,0,1045,,G,,0,0,000000000,00000000000,0,0,0,1,0,0,0,0,0,0,0,998,0,0,0,12,12,6,2,12,0,0,0,1,18,46383,1,1,5,0,2,1,74,165,0,1,0,0,1,4,2010,4,2010,0,28,0,0,0,1,2,55,1,1,2,1,0,0,1,10,1,1,2,50,1,1
18,180468,2,2,1,11,9,22,27,12,2,1,0,18,2,12,401,12401,14,1994,1FMDU34X0RUC,1,F,M,D,U,3,4,X,0,R,U,C,0,P,FORD,EPR,UT,94,17,4053,,0,1120,,G,,0,0,000000000,00000000000,0,0,0,1,0,0,0,0,0,0,0,998,0,0,0,12,12,6,2,12,0,0,0,1,18,46383,1,1,0,0,2,0,64,132,0,4,1,0,2,11,2008,9,2010,0,0,0,0,0,1,2,55,1,1,2,1,0,0,1,62,99,1,1,51,0,1
18,180469,1,1,1,12,9,2,8,30,0,1,0,18,1,53,706,53706,80,1982,JS1GU73A5C21,J,S,1,G,U,7,3,A,5,C,2,1,0,M,SUZI,S1E,RS,82,17,,,,,,,1074,0,0,000000000,00000000000,0,0,0,1,0,0,0,0,0,0,0,998,0,0,0,12,12,6,2,30,0,0,0,1,18,46235,6,1,0,0,2,0,66,175,0,0,0,0,0,0,0,0,0,1,0,0,0,0,1,2,30,3,1,2,1,0,0,14,12,1,1,5,6,1,1
18,180470,1,1,1,12,9,15,6,30,0,1,0,18,1,63,441,63441,20,2007,KNDMB2330761,K,N,D,M,B,2,3,3,0,7,6,1,0,P,KIA,SED,SV,7,17,4387,,0,1189,,G,,0,0,000000000,00000000000,0,0,0,1,0,0,0,0,0,0,0,998,0,1,6,12,12,6,2,30,0,0,0,1,18,46733,6,1,0,0,3,0,66,130,0,0,0,1,1,9,2008,3,2010,0,0,0,0,0,1,2,55,1,1,2,1,0,0,1,11,1,1,5,1,1,0
18,180471,1,1,1,13,9,13,55,32,0,1,0,21,1,7,41,7041,4,2001,2B3HD46R41H6,2,B,3,H,D,4,6,R,4,1,H,6,0,P,DODG,ISE,4D,1,17,3393,,0,1130,,G,,0,0,000000000,00000000000,0,0,0,1,0,0,0,0,0,0,0,998,0,1,5,1,12,6,2,1,0,0,0,1,21,40324,6,1,0,0,3,3,70,200,0,0,0,0,0,0,0,0,0,0,0,0,0,0,3,3,70,1,1,2,1,0,0,1,13,1,1,4,1,1,0
18,180472,1,2,2,6,9,13,35,12,6,1,0,35,2,37,32,37032,4,2000,1HGCG3250YA0,1,H,G,C,G,3,2,5,0,Y,A,0,0,P,HOND,UEX,CP,0,17,3042,,0,1051,,G,,0,0,000000000,00000000000,0,0,0,1,0,0,0,0,0,0,0,998,0,0,0,3,3,6,2,12,0,0,0,1,18,47136,6,2,0,0,3,0,65,165,0,0,0,0,0,0,0,0,0,0,28,0,0,0,1,2,55,1,1,2,1,0,0,17,87,6,4,2,64,0,0
18,180472,2,2,2,6,9,13,35,12,6,1,0,18,1,37,706,37706,80,1984,1HFSC1422EA0,1,H,F,S,C,1,4,2,2,E,A,0,0,M,HOND,G2A,RS,84,17,,,,,,,1200,0,0,000000000,00000000000,0,0,0,1,0,0,0,0,0,0,0,998,0,0,0,12,12,6,2,12,0,0,0,1,18,47117,6,1,0,0,2,2,70,230,0,0,0,0,0,0,0,0,0,0,74,0,0,0,1,2,55,1,1,2,1,0,0,1,62,1,1,1,65,1,0
18,180473,1,1,1,26,8,3,17,42,0,1,0,18,2,22,20,22020,2,1994,1G2WJ12M3RF3,1,G,2,W,J,1,2,M,3,R,F,3,0,P,PONT,GFS,CP,94,17,3275,,0,1075,,G,,0,0,000000000,00000000000,0,0,0,1,0,0,0,0,0,0,0,998,0,1,1,12,12,6,2,42,0,0,0,1,18,46226,1,1,0,0,2,0,65,260,0,0,0,2,10,9,2007,8,2009,0,58,0,0,0,1,2,35,2,1,2,1,0,0,14,59,7,2,4,2,1,1
18,180474,1,2,1,13,9,19,46,12,6,1,0,18,1,21,21,21021,4,1999,1G3NF52E4XC3,1,G,3,N,F,5,2,E,4,X,C,3,0,P,OLDS,AGS,4D,99,17,3018,,0,1070,,G,,0,0,000000000,00000000000,0,0,0,1,0,0,0,0,0,0,0,998,0,0,0,9,61,6,2,12,0,0,0,1,18,46902,6,1,0,0,3,0,61,160,0,0,0,0,0,0,0,0,0,0,38,0,0,0,1,2,55,1,1,2,1,20,3,4,17,1,1,1,89,1,0
18,180474,2,2,2,13,9,19,46,12,6,1,0,39,3,87,881,87881,66,1997,1XP5DB9X1VN4,1,X,P,5,D,B,9,X,1,V,N,4,1,T,PTRB,379,DS,97,17,,8,0,0,CON,D,,1,57,879925,57879925,3,6,1,1,0,0,0,0,0,0,0,998,0,0,0,12,12,6,2,12,0,0,0,1,39,45311,6,1,6,1,3,1,70,180,1,0,0,1,0,11,2009,7,2010,0,92,89,0,0,1,2,55,1,1,2,1,0,0,1,17,1,1,1,88,0,0
18,180475,1,1,1,14,9,16,10,42,0,1,0,18,1,12,481,12481,31,1995,1FTEX14H1SKC,1,F,T,E,X,1,4,H,1,S,K,C,0,T,FORD,F15,PS,95,17,,2,1550,1390,COF,G,,0,0,000000000,00000000000,0,0,0,1,0,0,0,0,0,0,0,998,0,0,0,12,12,6,2,42,0,0,0,1,18,46743,6,1,0,0,3,0,62,115,1,1,0,0,0,11,2007,6,2008,0,0,0,0,0,1,2,40,1,1,2,1,0,0,1,12,1,1,4,6,1,0
18,180476,1,2,1,8,9,9,55,12,1,1,0,18,1,7,442,7442,20,2000,1B4GP44G0YB5,1,B,4,G,P,4,4,G,0,Y,B,5,0,P,DODG,CAR,SV,0,17,3863,,0,1193,,F,,0,0,000000000,00000000000,0,0,0,1,0,0,0,0,0,0,0,998,0,0,0,12,12,6,2,12,0,0,0,1,18,46112,6,1,0,0,3,0,70,170,1,1,0,0,0,3,2008,6,2008,0,0,0,0,0,3,3,65,1,1,2,1,0,0,1,52,1,1,1,24,0,0
18,180476,2,2,2,8,9,9,55,12,1,1,0,18,1,34,706,34706,80,2009,WB10559A69ZL,W,B,1,0,5,5,9,A,6,9,Z,L,0,M,BMW,K1T,RS,9,17,,,,,,,1172,0,0,000000000,00000000000,0,0,0,1,0,0,0,0,0,0,0,998,0,0,0,6,6,6,2,12,0,0,0,1,18,46706,6,1,0,0,3,1,72,230,0,1,0,2,0,5,2010,7,2010,0,0,0,0,0,3,3,65,1,1,2,1,0,0,2,18,1,1,1,25,1,0
18,180477,1,2,1,25,6,16,37,12,6,1,0,39,3,6,52,6052,6,2009,3A8FY48919T6,3,A,8,F,Y,4,8,9,1,9,T,6,0,P,CHRY,PTC,SV,9,17,3147,,0,1030,,G,,0,0,000000000,00000000000,0,0,0,1,0,0,0,0,0,0,0,998,0,0,0,3,3,6,2,12,0,0,0,1,18,46526,6,1,0,0,3,0,66,145,0,0,0,1,0,8,2007,8,2007,0,38,0,0,0,1,2,45,1,1,2,1,0,0,11,15,1,1,1,68,0,0
18,180477,2,2,2,25,6,16,37,12,6,1,0,18,1,72,706,72706,80,2008,1HD1KB4148Y6,1,H,D,1,K,B,4,1,4,8,Y,6,0,M,HD,FHX,RS,8,17,,,,,,,1584,0,0,000000000,00000000000,0,0,0,1,0,0,0,0,0,0,0,998,0,0,0,12,12,6,2,12,0,0,0,1,18,46507,6,1,6,0,3,0,71,230,0,0,0,0,0,0,0,0,0,0,0,0,0,0,1,2,45,1,1,2,1,0,0,1,17,1,1,1,69,1,0
18,180478,1,2,2,20,8,21,35,12,1,1,0,18,1,20,16,20016,2,1994,1G1JC1442R72,1,G,1,J,C,1,4,4,2,R,7,2,0,P,CHEV,CRV,CP,94,17,2509,,0,1013,,G,,0,0,000000000,00000000000,0,0,0,1,0,0,0,0,0,0,0,998,0,0,0,12,12,6,2,12,0,0,0,1,18,46360,6,1,0,0,3,0,65,140,0,0,0,0,0,0,0,0,0,0,39,26,0,0,5,3,50,1,1,2,1,3,3,1,50,1,1,1,20,1,1
18,180478,2,2,2,20,8,21,35,12,1,1,0,18,1,49,403,49403,14,2003,JTEHF21A8301,J,T,E,H,F,2,1,A,8,3,0,1,0,P,TOYT,HIG,UT,3,17,3880,,0,1069,,G,,0,0,000000000,00000000000,0,0,0,1,0,0,0,0,0,0,0,0,0,0,0,6,6,6,2,12,0,0,0,1,18,46304,6,1,0,0,3,1,67,140,0,0,0,0,0,0,0,0,0,0,0,0,0,0,5,3,50,1,1,2,1,3,3,5,53,1,1,1,21,0,0
18,180479,1,2,2,19,9,10,51,12,6,1,0,17,2,47,35,47035,1,2001,YS3DF78K7170,Y,S,3,D,F,7,8,K,7,1,7,0,0,P,SAA,93E,CV,1,17,3300,,0,1026,,G,,0,0,000000000,00000000000,0,0,0,1,0,0,0,0,0,0,0,998,0,0,0,3,81,6,2,12,0,0,0,1,18,47905,6,1,0,0,3,3,68,160,0,0,0,0,0,0,0,0,0,0,39,0,0,0,1,2,50,1,1,2,1,20,3,1,17,1,1,1,87,2,0
18,180479,2,2,2,19,9,10,51,12,6,1,0,18,3,82,881,82881,66,2000,1FUPDXZB3YLB,1,F,U,P,D,X,Z,B,3,Y,L,B,1,T,FRHT,FLD,DS,0,17,,8,0,0,CON,D,,1,57,473182,57473182,3,6,8,1,0,0,0,0,0,0,0,998,0,0,0,12,12,6,2,12,0,0,0,1,18,46030,6,1,6,1,3,0,72,240,0,0,0,0,1,4,2009,4,2009,0,0,0,0,0,1,2,55,1,1,2,1,0,0,1,17,4,1,1,86,0,0
18,180480,1,1,1,20,9,12,5,34,0,1,0,18,1,20,473,20473,30,2005,1GCDT1366581,1,G,C,D,T,1,3,6,6,5,8,1,0,T,CHEV,RDO,CW,5,17,,1,0,1260,CAL,G,,0,0,000000000,00000000000,0,0,0,1,0,0,0,0,0,0,0,998,0,0,0,12,12,6,2,42,0,0,0,1,18,47562,6,1,0,0,3,3,65,166,0,0,0,1,0,2,2010,2,2010,0,0,0,0,0,1,2,55,1,1,2,1,0,0,1,13,1,1,4,1,1,0
18,180481,1,1,1,12,9,20,10,9,0,1,1,18,1,20,481,20481,31,2008,1GCEK19098E1,1,G,C,E,K,1,9,0,9,8,E,1,0,T,CHEV,SK1,4C,8,17,,2,1575,1339,SIL,F,,0,0,000000000,00000000000,0,0,0,1,0,0,0,0,0,0,0,998,0,0,0,1,1,4,1,9,0,0,0,1,18,46143,6,1,0,0,3,0,68,185,0,1,0,0,0,1,2010,1,2010,0,92,0,0,0,1,2,40,1,2,2,1,0,0,1,83,1,1,1,13,0,0
18,180482,1,2,1,17,9,19,51,12,2,1,0,39,1,48,38,48038,6,2004,JF1GG65514G8,J,F,1,G,G,6,5,5,1,4,G,8,0,P,SUBA,ITS,SW,4,17,3045,,0,994,,G,,0,0,000000000,00000000000,0,0,0,1,0,0,0,0,0,0,0,998,0,0,0,12,12,6,2,12,0,0,0,1,39,45846,6,1,0,0,3,0,74,170,1,2,1,1,2,2,2008,7,2010,1,27,89,0,0,1,2,55,1,1,2,1,0,0,1,10,4,2,2,50,1,1