STATE,ST_CASE,VEH_NO,VE_FORMS,NUMOCCS,DAY,MONTH,HOUR,MINUTE,HARM_EV,MAN_COLL,UNITTYPE,HIT_RUN,REG_STAT,OWNER,MAKE,MODEL,MAK_MOD,BODY_TYP,MOD_YEAR,VIN,VIN_1,VIN_2,VIN_3,VIN_4,VIN_5,VIN_6,VIN_7,VIN_8,VIN_9,VIN_10,VIN_11,VIN_12,TOW_VEH,VINTYPE,VINMAKE,VINA_MOD,VIN_BT,VINMODYR,VIN_LNGT,VIN_WGT,WGTCD_TR,WHLBS_LG,WHLBS_SH,SER_TR,FUELCODE,MCYCL_DS,J_KNIFE,MCARR_I1,MCARR_I2,MCARR_ID,GVWR,V_CONFIG,CARGO_BT,HAZ_INV,HAZ_PLAC,HAZ_ID,HAZ_CNO,HAZ_REL,BUS_USE,SPEC_USE,EMER_USE,TRAV_SP,UNDERIDE,ROLLOVER,ROLINLOC,IMPACT1,IMPACT2,DEFORMED,TOWED,M_HARM,VEH_SC1,VEH_SC2,FIRE_EXP,DR_PRES,L_STATE,DR_ZIP,L_STATUS,L_TYPE,CDL_STAT,L_ENDORS,L_COMPL,L_RESTRI,DR_HGT,DR_WGT,PREV_ACC,PREV_SUS,PREV_DWI,PREV_SPD,PREV_OTH,FIRST_MO,FIRST_YR,LAST_MO,LAST_YR,SPEEDREL,DR_SF1,DR_SF2,DR_SF3,DR_SF4,VTRAFWAY,VNUM_LAN,VSPD_LIM,VALIGN,VPROFILE,VPAVETYP,VSURCOND,VTRAFCON,VTCONT_F,P_CRASH1,P_CRASH2,P_CRASH3,PCRASH4,PCRASH5,ACC_TYPE,DEATHS,DR_DRINK
18,180516,1,2,2,10,9,16,12,12,2,1,0,18,2,20,481,20481,31,1993,1GCDC14ZXPE1,1,G,C,D,C,1,4,Z,X,P,E,1,0,T,CHEV,GC1,PK,93,17,,1,1315,1175,GM4,G,,0,0,000000000,00000000000,0,0,0,1,0,0,0,0,0,0,0,998,0,0,0,12,12,6,2,12,0,0,0,1,18,47946,6,1,0,0,3,0,65,120,0,0,0,0,0,0,0,0,0,0,0,0,0,0,1,2,55,4,2,2,1,0,0,14,62,9,1,2,51,0,0
18,180516,2,2,1,10,9,16,12,12,2,1,0,18,1,37,706,37706,80,1983,1HFSC0221DA3,1,H,F,S,C,0,2,2,1,D,A,3,0,M,HOND,G1A,RS,83,17,,,,,,,1100,0,0,000000000,00000000000,0,0,0,1,0,0,0,0,0,0,0,998,0,0,0,12,12,6,2,12,0,0,0,1,18,46563,6,1,0,0,3,0,71,170,0,0,0,0,0,0,0,0,0,0,28,0,0,0,1,2,55,4,2,2,1,0,0,14,10,1,1,2,50,1,1
18,180517,1,2,1,6,9,15,52,12,6,1,0,18,1,22,20,22020,4,1994,1G2WJ12M7RF2,1,G,2,W,J,1,2,M,7,R,F,2,0,P,PONT,GFS,CP,94,17,3275,,0,1075,,G,,0,0,000000000,00000000000,0,0,0,1,0,0,0,0,0,0,0,998,0,0,0,12,12,6,2,12,0,0,0,1,18,47585,6,1,0,0,3,1,66,130,0,0,0,0,0,0,0,0,0,1,0,0,0,0,1,2,45,1,2,2,1,20,3,1,17,1,1,1,88,0,0
18,180517,2,2,4,6,9,15,52,12,6,1,0,18,1,59,31,59031,4,2001,JT8BF28GX151,J,T,8,B,F,2,8,G,X,1,5,1,0,P,LEXS,ES3,4D,1,17,3373,,0,1051,,G,,0,0,000000000,00000000000,0,0,0,1,0,0,0,0,0,0,0,998,0,0,0,9,9,6,2,12,0,0,0,1,18,47542,6,1,0,0,3,2,75,175,0,0,0,0,0,0,0,0,0,0,74,0,0,0,1,2,45,1,2,2,1,20,3,1,66,1,1,1,89,1,0
18,180518,1,1,1,24,9,21,48,1,0,1,0,18,1,53,706,53706,80,2004,JS1GT75A1421,J,S,1,G,T,7,5,A,1,4,2,1,0,M,SUZI,XR1,RS,4,17,,,,,,,988,0,0,000000000,00000000000,0,0,0,1,0,0,0,0,0,0,0,998,0,0,0,0,0,6,2,1,0,0,0,1,18,46013,6,1,6,0,3,0,70,190,0,0,0,2,0,10,2008,10,2009,1,8,0,0,0,1,2,55,1,1,2,1,0,0,1,6,1,1,5,6,1,0
18,180519,1,1,4,30,9,0,34,9,0,1,1,18,1,49,442,49442,20,1998,4T3ZF13C6WU0,4,T,3,Z,F,1,3,C,6,W,U,0,0,P,TOYT,SIE,SV,98,17,3825,,0,1142,,G,,0,0,000000000,00000000000,0,0,0,1,0,0,0,0,0,0,0,998,0,0,0,12,12,4,1,9,0,0,0,1,18,46229,6,1,0,0,3,1,65,160,0,0,0,0,0,0,0,0,0,0,8,92,0,0,3,2,60,1,1,2,1,0,0,1,83,1,1,1,13,0,0
18,180520,1,1,4,27,9,20,10,32,0,1,0,18,1,7,42,7042,2,1996,4B3AU52N0TE2,4,B,3,A,U,5,2,N,0,T,E,2,0,P,DODG,AES,2P,96,17,2892,,0,1037,,G,,0,0,000000000,00000000000,0,0,0,1,0,0,0,0,0,0,0,998,0,0,0,12,12,6,2,42,0,0,0,1,18,47465,6,1,0,0,3,1,68,120,0,0,0,0,0,0,0,0,0,0,82,0,0,0,1,2,55,1,2,2,1,0,0,1,3,1,2,4,2,1,0
18,180521,1,1,1,6,9,21,47,8,0,1,0,18,3,84,881,84881,62,2004,1HTMMAAM14H6,1,H,T,M,M,A,A,M,1,4,H,6,0,T,INTL,430,CC,4,17,,6,0,0,40S,D,,0,88,888888888,88888888888,2,1,3,1,0,0,0,0,0,0,0,998,0,0,0,10,10,2,1,8,0,0,0,1,18,46072,6,1,0,0,3,1,70,157,0,0,0,0,0,0,0,0,0,0,0,0,0,0,2,3,40,1,1,2,1,0,0,1,80,1,1,4,9,0,0
18,180522,1,1,2,7,10,23,15,34,0,1,0,18,2,39,36,39036,4,2003,SAJEA51DX3XD,S,A,J,E,A,5,1,D,X,3,X,D,0,P,JAGU,XT2,4D,3,17,3516,,0,1067,,G,,0,0,000000000,00000000000,0,0,0,1,0,0,0,0,0,0,0,998,0,0,0,12,12,6,2,3,0,0,0,1,18,47106,6,1,0,0,3,0,63,120,1,0,0,0,0,12,2009,12,2009,0,0,0,0,0,1,2,30,4,1,2,1,0,0,14,13,1,1,4,1,1,0
18,180523,1,1,1,2,10,21,35,30,0,1,0,18,2,20,441,20441,20,1997,1GNDM19W7VB1,1,G,N,D,M,1,9,W,7,V,B,1,0,T,CHEV,AST,ES,97,17,,1,0,1110,AST,G,,0,0,000000000,00000000000,0,0,0,1,0,0,0,0,0,0,0,998,0,1,6,1,12,6,2,2,0,0,1,1,18,46126,6,1,0,0,3,0,65,105,1,2,0,0,0,5,2008,8,2009,0,0,0,0,0,1,2,55,1,1,2,1,0,0,1,13,1,1,4,1,1,0
18,180524,1,1,1,10,10,3,33,35,0,1,0,18,2,7,471,7471,30,1993,1B7KE26C5PS2,1,B,7,K,E,2,6,C,5,P,S,2,0,T,DODG,D20,PK,93,17,,2,0,1310,D20,D,,0,0,000000000,00000000000,0,0,0,1,0,0,0,0,0,0,0,998,0,1,6,11,12,6,2,1,0,0,0,1,18,47265,6,1,0,0,3,0,72,250,0,0,0,0,0,0,0,0,0,0,58,0,0,0,1,2,45,3,2,2,1,0,0,14,12,6,1,4,6,1,1
18,180525,1,2,2,1,10,12,30,12,1,1,0,18,1,20,471,20471,30,1999,1GCCS19X5XK1,1,G,C,C,S,1,9,X,5,X,K,1,0,T,CHEV,S14,PC,99,17,,1,0,1229,S,G,,0,0,000000000,00000000000,0,0,0,1,0,0,0,0,0,0,0,45,0,0,0,12,12,6,2,12,0,0,0,1,18,46989,6,1,0,0,3,1,63,130,0,0,0,0,0,0,0,0,0,1,0,0,0,0,1,2,45,1,1,2,1,20,3,1,50,4,1,1,20,1,0
18,180525,2,2,1,1,10,12,30,12,1,1,0,18,3,12,881,12881,61,1999,1FDWF36L3XED,1,F,D,W,F,3,6,L,3,X,E,D,0,T,FORD,F3D,CB,99,17,,3,1650,1410,DRW,G,,0,99,999999999,99999999999,2,1,96,1,0,0,0,0,0,0,0,0,0,0,0,6,6,6,2,12,0,0,0,1,18,46050,6,1,6,0,3,0,69,200,0,0,0,3,0,2,2008,11,2009,0,0,0,0,0,1,2,45,1,1,2,1,20,3,5,53,1,1,1,21,0,0
18,180526,1,1,2,10,10,16,12,42,0,1,0,18,1,42,48,42048,4,1997,WDBJF55F9VA3,W,D,B,J,F,5,5,F,9,V,A,3,0,P,MERZ,E32,4D,97,17,3485,,0,1115,,G,,0,0,000000000,00000000000,0,0,0,1,0,0,0,0,0,0,0,998,0,0,0,9,61,6,2,2,0,0,1,1,18,47201,6,1,0,0,3,0,69,190,0,0,0,0,0,0,0,0,0,1,8,58,0,0,1,2,45,1,1,2,1,0,0,1,6,6,1,4,6,2,1
18,180527,1,2,1,8,10,20,3,12,6,1,0,18,2,41,50,41050,5,2007,1YVHP84C575M,1,Y,V,H,P,8,4,C,5,7,5,M,0,P,MAZD,M6I,4H,7,17,0,,0,1053,,G,,0,0,000000000,00000000000,0,0,0,1,0,0,0,0,0,0,0,998,0,0,0,12,12,6,2,12,0,0,0,1,18,46356,1,1,0,0,2,2,68,140,0,4,1,0,2,6,2010,8,2010,1,39,28,8,74,5,5,35,1,1,2,1,3,3,15,10,1,1,2,64,1,1
18,180527,2,2,2,8,10,20,3,12,6,1,0,18,1,23,421,23421,15,2008,1GKFK130X8R1,1,G,K,F,K,1,3,0,X,8,R,1,0,T,GMC,YUK,4W,8,17,,2,0,1160,YUK,F,,0,0,000000000,00000000000,0,0,0,1,0,0,0,0,0,0,0,998,0,0,0,10,14,6,2,12,0,0,0,1,18,46311,6,1,0,0,3,1,71,200,0,0,0,1,0,9,2008,9,2008,0,0,0,0,0,5,5,35,1,1,2,1,3,3,1,62,1,1,1,65,0,0
18,180528,1,2,1,7,10,15,28,12,2,1,0,18,1,37,32,37032,2,1990,1HGCB7244LA0,1,H,G,C,B,7,2,4,4,L,A,0,0,P,HOND,ADL,CP,90,17,2399,,0,1071,,G,,0,0,000000000,00000000000,0,0,0,1,0,0,0,0,0,0,0,998,0,0,0,12,12,6,2,12,0,0,0,1,18,47460,1,1,0,0,2,2,75,180,0,1,0,0,2,4,2010,9,2010,0,28,74,0,0,1,2,45,2,1,2,1,0,0,14,10,1,1,2,50,1,0
18,180528,2,2,1,7,10,15,28,12,2,1,0,18,1,12,481,12481,31,2000,1FTSX31F6YEB,1,F,T,S,X,3,1,F,6,Y,E,B,0,T,FORD,F3S,4C,0,17,,2,1580,1418,SRW,D,,0,0,000000000,00000000000,0,0,0,1,0,0,0,0,0,0,0,998,0,0,0,12,12,6,2,12,0,0,0,1,18,47460,6,2,0,0,3,0,63,120,0,0,0,0,0,0,0,0,0,0,0,0,0,0,1,2,45,3,1,2,1,0,0,14,62,1,1,1,51,0,0
18,180529,1,2,1,9,10,18,45,12,8,1,0,18,1,72,706,72706,80,2009,1HD1BW5139Y0,1,H,D,1,B,W,5,1,3,9,Y,0,0,M,HD,STC,RS,9,17,,,,,,,1584,0,0,000000000,00000000000,0,0,0,1,0,0,0,0,0,0,0,998,0,0,0,9,9,6,2,12,0,0,0,1,18,46112,6,1,6,0,3,2,70,160,0,0,0,1,1,10,2009,1,2010,1,28,74,0,0,1,2,40,4,1,2,1,0,0,14,10,1,1,2,64,1,1
18,180529,2,2,1,9,10,18,45,12,8,1,0,34,2,87,881,87881,66,2005,1XPFDB9XX5N8,1,X,P,F,D,B,9,X,X,5,N,8,1,T,PTRB,378,DS,5,17,,8,0,0,CON,D,,1,57,442398,57442398,3,6,1,1,0,0,0,0,0,0,0,998,0,0,0,3,3,6,2,12,0,0,0,1,13,30906,6,1,6,0,3,0,69,340,98,0,0,0,1,4,2008,4,2008,0,0,0,0,0,1,2,40,4,1,2,1,0,0,14,62,7,1,1,65,0,0
18,180530,1,2,1,10,10,14,15,12,6,1,1,18,1,2,404,2404,14,1998,1J4GZ48S1WC3,1,J,4,G,Z,4,8,S,1,W,C,3,0,T,JEEP,LSE,4W,98,17,,1,0,1059,GCK,G,,0,0,000000000,00000000000,0,0,0,1,0,0,0,0,0,0,0,998,0,0,0,12,12,6,2,12,0,0,0,1,18,46235,1,1,0,0,2,0,73,165,0,1,0,0,0,4,2008,4,2008,0,8,39,0,0,5,2,35,1,1,2,1,1,3,1,17,1,1,1,88,0,1
18,180530,2,2,1,10,10,14,15,12,6,1,0,18,1,24,401,24401,14,2008,3GSCL33P88S5,3,G,S,C,L,3,3,P,8,8,S,5,0,P,STRN,VUE,UT,8,17,3825,,0,1066,,G,,0,0,000000000,00000000000,0,0,0,1,0,0,0,0,0,0,0,998,0,0,0,9,9,6,2,12,0,0,0,1,18,46260,6,1,0,0,3,2,61,140,0,0,0,0,0,0,0,0,0,0,74,0,0,0,5,2,35,1,1,2,1,0,0,1,66,1,1,1,89,1,0
18,180531,1,2,2,2,10,20,22,12,6,1,0,18,2,23,431,23431,16,1997,1GKFK16R7VJ7,1,G,K,F,K,1,6,R,7,V,J,7,0,T,GMC,KSU,4W,97,17,,2,0,1315,K15,G,,0,0,000000000,00000000000,0,0,0,1,0,0,0,0,0,0,0,998,0,0,0,3,3,6,2,12,0,0,0,1,18,46360,6,2,0,0,3,2,77,302,0,0,0,0,0,0,0,0,0,0,38,74,0,0,5,2,55,1,1,2,2,1,3,11,15,1,1,2,68,0,0
18,180531,2,2,2,2,10,20,22,12,6,1,0,18,2,9,20,9020,4,2000,1P3ES46CXYD5,1,P,3,E,S,4,6,C,X,Y,D,5,0,P,PLYM,NLX,4D,0,17,2515,,0,1050,,G,,0,0,000000000,00000000000,0,0,0,1,0,0,0,0,0,0,0,998,0,0,0,12,12,6,2,12,0,0,0,1,18,46360,6,2,0,0,3,2,63,110,0,0,0,0,0,0,0,0,0,0,74,0,0,0,5,2,55,1,1,2,2,1,3,1,67,1,1,1,69,1,0
18,180532,1,2,1,10,10,16,19,12,1,1,0,18,2,22,32,22032,6,2003,5Y2SL62853Z4,5,Y,2,S,L,6,2,8,5,3,Z,4,0,P,PONT,VIB,4H,3,17,2700,,0,1024,,G,,0,0,000000000,00000000000,0,0,0,1,0,0,0,0,0,0,0,998,0,0,0,12,12,6,2,12,0,0,0,1,18,46567,6,1,0,0,3,1,60,102,0,0,0,0,0,0,0,0,0,0,26,0,0,0,5,3,60,1,1,2,1,1,3,1,52,1,1,1,28,1,0
18,180532,2,2,1,10,10,16,19,12,1,1,0,18,3,51,881,51881,66,2007,4V4NC9TG07N4,4,V,4,N,C,9,T,G,0,7,N,4,1,T,VOLV,VNL,DS,7,17,,8,0,0,VVN,D,,1,57,054283,57054283,3,6,1,1,0,0,0,0,0,0,0,998,0,0,0,6,6,6,2,12,0,0,0,1,29,64133,1,1,5,0,2,0,71,135,0,0,0,0,0,0,0,0,0,0,92,0,0,0,5,3,60,1,1,2,1,1,3,2,18,1,1,1,29,0,0
18,180533,1,1,2,10,10,21,24,42,0,1,0,18,2,12,481,12481,31,2003,1FTNX20LX3EB,1,F,T,N,X,2,0,L,X,3,E,B,0,T,FORD,F2S,4C,3,17,,2,1580,1418,SRW,G,,0,0,000000000,00000000000,0,0,0,1,0,0,0,0,0,0,0,998,0,0,0,12,12,6,2,42,0,0,0,1,18,46151,6,7,0,0,2,0,75,173,0,0,0,0,0,0,0,0,0,0,0,0,0,0,1,2,45,2,2,2,1,0,0,14,87,7,1,5,3,1,0
18,180534,1,2,2,28,9,20,15,12,1,1,0,18,1,55,37,55037,2,2003,KMHHM65D93U0,K,M,H,H,M,6,5,D,9,3,U,0,0,P,HYUN,TIB,CP,3,17,2940,,0,996,,G,,0,0,000000000,00000000000,0,0,0,1,0,0,0,0,0,0,0,998,0,0,0,12,12,6,2,12,0,0,0,1,18,46975,6,1,0,0,3,2,71,240,0,0,0,0,1,5,2008,5,2008,0,26,74,0,0,1,2,55,1,1,2,1,0,0,1,51,1,1,1,32,1,0
18,180534,2,2,2,28,9,20,15,12,1,1,0,18,2,99,998,99998,92,1992,000000000000,0,0,0,0,0,0,0,0,0,0,0,0,0,U,,,,,17,,,,,,,,0,0,000000000,00000000000,0,0,0,1,0,0,0,0,0,0,0,998,0,0,0,6,6,0,1,12,0,0,0,1,18,46975,6,1,6,0,3,1,70,235,0,0,0,0,0,0,0,0,0,0,0,0,0,0,1,2,55,1,1,2,1,0,0,1,53,1,1,1,32,0,0
18,180536,1,1,2,7,10,23,50,24,0,1,0,18,1,12,461,12461,21,2003,1FTNE24L83HB,1,F,T,N,E,2,4,L,8,3,H,B,0,T,FORD,25V,CG,3,17,,2,0,1380,VAN,G,,0,0,000000000,00000000000,0,0,0,1,0,0,0,0,0,0,0,998,0,1,6,12,12,6,2,1,0,0,0,1,18,47018,6,1,0,0,3,0,75,170,0,0,0,0,0,0,0,0,0,1,0,0,0,0,3,2,55,3,2,2,1,0,0,14,13,1,1,5,1,1,1
18,180537,1,1,1,18,9,5,27,19,0,1,0,18,2,2,404,2404,14,1997,1J4GZ78YXVC5,1,J,4,G,Z,7,8,Y,X,V,C,5,0,T,JEEP,L/O,4W,97,17,,1,0,1059,GCK,G,,0,0,000000000,00000000000,0,0,0,1,0,0,0,0,0,0,0,998,0,0,0,12,12,6,2,2,0,0,1,1,18,46516,6,1,0,0,3,0,67,135,0,2,1,1,2,8,2008,11,2009,1,0,0,0,0,5,2,40,1,1,2,1,28,3,1,6,1,1,5,1,1,1
18,180538,1,2,1,24,9,6,46,12,1,1,0,39,2,9,442,9442,20,1996,2P4GP44R8TR5,2,P,4,G,P,4,4,R,8,T,R,5,0,P,PLYM,VOF,SV,96,17,3663,,0,1193,,G,,0,0,000000000,00000000000,0,0,0,1,0,0,0,0,0,0,0,998,0,0,0,6,6,6,2,12,0,0,0,1,39,45237,6,1,0,0,3,0,67,160,0,0,0,0,0,0,0,0,0,1,0,0,0,0,2,3,70,1,1,2,1,0,0,1,53,1,1,1,32,1,0
18,180538,2,2,1,24,9,6,46,12,1,1,0,40,3,82,881,82881,66,2010,1FUJGBDV9ALA,1,F,U,J,G,B,D,V,9,A,L,A,1,T,FRHT,113,DS,10,17,,8,0,0,CSC,D,,1,57,0080806,570080806,3,6,1,1,0,0,0,0,0,0,0,998,0,0,0,12,12,6,2,12,0,0,0,1,18,46158,1,1,1,1,2,1,73,190,0,0,0,0,0,0,0,0,0,0,92,0,0,0,2,3,70,1,1,2,1,0,0,1,51,1,1,1,32,0,0
18,180539,1,2,1,9,10,8,45,12,6,1,0,18,2,18,20,18020,4,1994,2G4WF55L7R14,2,G,4,W,F,5,5,L,7,R,1,4,0,P,BUIC,RGS,4D,94,17,3335,,0,1075,,G,,0,0,000000000,00000000000,0,0,0,1,0,0,0,0,0,0,0,998,0,0,0,12,12,6,2,12,0,0,0,1,18,46933,6,2,0,0,3,0,66,131,0,0,0,0,0,0,0,0,0,0,38,0,0,0,1,2,45,1,1,2,1,20,3,11,15,1,1,2,82,0,0
18,180539,2,2,1,9,10,8,45,12,6,1,0,18,1,72,706,72706,80,2011,1HD1FF411BB6,1,H,D,1,F,F,4,1,1,B,B,6,0,M,HD,HTF,RS,11,17,,,,,,,1584,0,0,000000000,00000000000,0,0,0,1,0,0,0,0,0,0,0,998,0,0,0,3,3,6,2,12,0,0,0,1,18,46928,6,1,0,0,3,0,72,190,0,0,0,0,0,0,0,0,0,0,0,0,0,0,1,2,45,1,1,2,1,28,3,1,67,4,1,1,83,1,0
18,180540,1,2,1,13,10,23,50,12,1,1,0,18,2,35,47,35047,4,2007,1N4BL21E07C1,1,N,4,B,L,2,1,E,0,7,C,1,0,P,NISS,ATL,4D,7,17,3294,2,0,1093,K15,G,,0,0,000000000,00000000000,0,0,0,1,0,0,0,0,0,0,0,998,0,0,0,12,12,6,2,12,0,0,0,1,18,46168,6,1,0,0,3,0,67,130,0,1,0,1,3,6,2008,6,2008,0,39,0,0,0,5,2,45,1,1,2,1,1,3,1,65,1,1,1,32,1,0
18,180540,2,2,1,13,10,23,50,12,1,1,0,18,1,7,422,7422,15,2006,1D4HB48N56F1,1,D,4,H,B,4,8,N,5,6,F,1,0,P,DODG,DUR,UT,6,17,4859,,0,1192,,G,,0,0,000000000,00000000000,0,0,0,1,0,0,0,0,0,0,0,998,0,0,0,6,6,6,2,12,0,0,0,1,18,46168,6,1,0,0,3,0,64,125,0,0,0,0,0,0,0,0,0,0,0,0,0,0,5,2,45,1,1,2,1,1,3,11,15,1,1,1,32,0,0
18,180541,1,2,2,23,9,5,13,12,6,1,0,18,1,23,431,23431,16,1995,3GKEC16K1SG5,3,G,K,E,C,1,6,K,1,S,G,5,0,T,GMC,SUB,4W,95,17,,2,0,1315,C15,G,,0,0,000000000,00000000000,0,0,0,1,0,0,0,0,0,0,0,998,0,1,5,12,12,6,2,12,0,0,0,1,18,47230,6,1,0,0,3,0,62,130,1,2,0,0,0,6,2008,8,2008,0,38,92,0,0,1,2,35,1,1,2,1,20,3,4,17,4,1,1,88,0,0
18,180541,2,2,1,23,9,5,13,12,6,1,0,18,2,21,20,21020,4,1998,1G3NG52MXW63,1,G,3,N,G,5,2,M,X,W,6,3,0,P,OLDS,GLS,4D,98,17,3102,,0,1070,,G,,0,0,000000000,00000000000,0,0,0,1,0,0,0,0,0,0,0,998,0,0,0,11,62,6,2,12,0,0,0,1,18,47232,6,1,0,0,3,0,72,285,0,0,0,1,0,6,2010,6,2010,0,0,0,0,0,1,2,55,1,1,2,1,0,0,1,17,1,1,1,89,1,0
18,180542,1,1,2,1,10,5,24,42,0,1,0,18,1,7,442,7442,20,2007,2D4GP44L47R1,2,D,4,G,P,4,4,L,4,7,R,1,0,P,DODG,CAR,SV,7,17,4252,,0,1193,,G,,0,0,000000000,00000000000,0,0,0,1,0,0,0,0,0,0,0,998,0,0,0,12,12,6,2,42,0,0,0,1,18,46946,6,1,0,0,3,3,72,275,0,0,0,0,0,0,0,0,0,0,0,0,0,0,1,2,30,1,1,2,2,0,0,1,12,1,1,4,6,1,0
18,180543,1,1,5,16,10,15,58,5,0,1,0,18,1,20,481,20481,31,1994,1GCGK24K3RE1,1,G,C,G,K,2,4,K,3,R,E,1,0,T,CHEV,GK2,PK,94,17,,2,0,1315,GM4,G,,0,0,000000000,00000000000,0,0,0,1,0,0,0,0,0,0,0,998,0,0,0,0,0,0,1,5,0,0,0,1,18,46208,1,1,0,0,2,0,70,155,0,2,0,0,2,8,2008,1,2009,0,0,0,0,0,5,2,35,1,1,2,1,0,0,1,98,1,1,1,0,1,0
18,180544,1,1,1,16,10,8,53,8,0,1,0,40,3,87,881,87881,66,2010,1XP7D49X1AD7,1,X,P,7,D,4,9,X,1,A,D,7,1,T,PTRB,387,DS,10,17,,8,0,0,CON,D,,1,57,303324,57303324,3,6,1,1,0,0,0,0,0,0,0,998,0,0,0,12,12,6,2,8,0,0,0,1,18,47374,6,1,6,1,3,0,64,200,0,0,0,0,0,0,0,0,0,0,0,0,0,0,3,3,65,1,1,2,1,0,0,1,80,1,1,1,13,0,0
18,180545,1,1,1,16,10,23,51,5,0,1,0,18,1,72,706,72706,80,2008,1HD1JA5128Y0,1,H,D,1,J,A,5,1,2,8,Y,0,0,M,HD,XTB,RS,8,17,,,,,,,1584,0,0,000000000,00000000000,0,0,0,1,0,0,0,0,0,0,0,998,0,0,0,0,0,6,2,5,0,0,0,1,18,46259,6,1,6,0,3,0,72,190,0,0,0,0,0,0,0,0,0,0,0,0,0,0,1,2,40,1,1,2,1,0,0,1,98,1,1,5,0,1,1
18,180546,1,1,1,16,10,23,28,8,0,1,1,18,1,20,471,20471,30,2000,1GCCS1457YK2,1,G,C,C,S,1,4,5,7,Y,K,2,0,T,CHEV,S14,PK,0,17,,1,1179,1083,S,F,,0,0,000000000,00000000000,0,0,0,1,0,0,0,0,0,0,0,998,0,0,0,12,12,6,2,8,0,0,0,1,18,46342,6,1,0,0,3,0,67,150,0,0,0,0,0,0,0,0,0,1,8,92,0,0,5,2,35,1,2,1,1,0,0,1,80,1,1,1,13,0,1
18,180547,1,2,1,17,10,23,0,12,1,1,0,18,1,99,709,99709,80,2004,LAEVCB23347O,L,A,E,V,C,B,2,3,3,4,7,O,0,U,,,,4,17,,,,,,,,0,0,000000000,00000000000,0,0,0,1,0,0,0,0,0,0,0,998,0,0,0,6,6,6,2,12,0,0,0,1,18,46342,1,1,0,0,2,0,65,230,0,1,0,0,1,4,2009,4,2009,0,0,0,0,0,1,2,55,1,2,2,1,0,0,1,53,1,1,1,32,1,0
18,180547,2,2,4,17,10,23,0,12,1,1,0,18,1,20,481,20481,31,2006,1GCHK23D06F2,1,G,C,H,K,2,3,D,0,6,F,2,0,T,CHEV,2KH,CW,6,17,,2,1670,1530,SIL,D,,0,0,000000000,00000000000,0,0,0,1,0,0,0,0,0,0,0,998,0,0,0,12,12,6,2,12,0,0,0,1,18,46390,6,1,6,0,3,0,72,180,0,0,0,0,1,7,2008,7,2008,0,8,38,92,0,1,2,55,1,2,2,1,0,0,1,51,1,1,1,32,0,1
18,180548,1,1,2,16,10,17,26,1,0,1,0,18,2,53,705,53705,80,2002,JS1VP52A0221,J,S,1,V,P,5,2,A,0,2,2,1,0,M,SUZI,SVS,RS,2,17,,,,,,,645,0,0,000000000,00000000000,0,0,0,1,0,0,0,0,0,0,0,998,0,0,0,0,12,6,2,1,0,0,0,1,18,46107,1,1,0,0,2,0,70,210,0,4,0,0,3,12,2008,3,2010,0,0,0,0,0,1,2,20,2,1,2,1,28,3,17,90,6,1,1,98,1,0
18,180549,1,2,2,15,10,13,17,12,6,1,0,1,4,49,32,49032,4,2010,2T1BU4EE0AC3,2,T,1,B,U,4,E,E,0,A,C,3,0,P,TOYT,CBL,4D,10,17,2723,,0,1024,,G,,0,0,000000000,00000000000,0,0,0,1,0,0,0,0,0,0,0,998,0,0,0,3,81,6,2,12,0,0,0,1,47,37174,6,1,0,0,3,0,74,228,0,0,0,0,0,0,0,0,0,0,0,0,0,0,1,2,45,1,1,2,1,0,0,1,17,1,1,1,87,1,0
18,180549,2,2,1,15,10,13,17,12,6,1,0,18,3,82,881,82881,60,2000,4UZA4FA47YCF,4,U,Z,A,4,F,A,4,7,Y,C,F,0,T,FRHT,MWV,IC,0,17,,4,0,0,CHA,D,,0,57,01457995,5701457995,2,1,1,1,0,0,0,0,0,0,0,998,0,0,0,12,12,4,3,12,0,0,0,1,18,47842,6,1,0,0,3,1,69,150,0,1,0,2,0,5,2009,7,2010,0,39,0,0,0,1,2,45,1,1,2,1,1,3,1,17,1,1,1,86,0,0
18,180550,1,1,1,16,10,19,39,33,0,1,0,18,1,53,705,53705,80,2006,JS1GN7DA0621,J,S,1,G,N,7,D,A,0,6,2,1,0,M,SUZI,K6R,RS,6,17,,,,,,,599,0,0,000000000,00000000000,0,0,0,1,0,0,0,0,0,0,0,998,0,0,0,12,12,6,2,3,0,0,0,1,18,47942,6,1,0,0,3,0,70,150,0,0,0,0,0,0,0,0,0,1,0,0,0,0,1,2,25,2,1,1,1,0,0,14,6,1,1,4,6,1,0
18,180551,1,1,1,19,10,1,30,1,0,1,0,18,1,35,39,35039,4,1996,JN1CA21D7TT7,J,N,1,C,A,2,1,D,7,T,T,7,0,P,NISS,MGS,4D,96,17,2886,,0,1063,,G,,0,0,000000000,00000000000,0,0,0,1,0,0,0,0,0,0,0,998,0,2,6,0,13,6,2,42,0,0,0,1,18,46310,6,1,0,0,3,1,68,185,0,0,0,0,0,0,0,0,0,0,8,0,0,0,1,2,55,1,1,2,1,0,0,1,11,1,2,5,2,1,1