STATE,ST_CASE,VEH_NO,VE_FORMS,NUMOCCS,DAY,MONTH,HOUR,MINUTE,HARM_EV,MAN_COLL,UNITTYPE,HIT_RUN,REG_STAT,OWNER,MAKE,MODEL,MAK_MOD,BODY_TYP,MOD_YEAR,VIN,VIN_1,VIN_2,VIN_3,VIN_4,VIN_5,VIN_6,VIN_7,VIN_8,VIN_9,VIN_10,VIN_11,VIN_12,TOW_VEH,VINTYPE,VINMAKE,VINA_MOD,VIN_BT,VINMODYR,VIN_LNGT,VIN_WGT,WGTCD_TR,WHLBS_LG,WHLBS_SH,SER_TR,FUELCODE,MCYCL_DS,J_KNIFE,MCARR_I1,MCARR_I2,MCARR_ID,GVWR,V_CONFIG,CARGO_BT,HAZ_INV,HAZ_PLAC,HAZ_ID,HAZ_CNO,HAZ_REL,BUS_USE,SPEC_USE,EMER_USE,TRAV_SP,UNDERIDE,ROLLOVER,ROLINLOC,IMPACT1,IMPACT2,DEFORMED,TOWED,M_HARM,VEH_SC1,VEH_SC2,FIRE_EXP,DR_PRES,L_STATE,DR_ZIP,L_STATUS,L_TYPE,CDL_STAT,L_ENDORS,L_COMPL,L_RESTRI,DR_HGT,DR_WGT,PREV_ACC,PREV_SUS,PREV_DWI,PREV_SPD,PREV_OTH,FIRST_MO,FIRST_YR,LAST_MO,LAST_YR,SPEEDREL,DR_SF1,DR_SF2,DR_SF3,DR_SF4,VTRAFWAY,VNUM_LAN,VSPD_LIM,VALIGN,VPROFILE,VPAVETYP,VSURCOND,VTRAFCON,VTCONT_F,P_CRASH1,P_CRASH2,P_CRASH3,PCRASH4,PCRASH5,ACC_TYPE,DEATHS,DR_DRINK
18,180618,1,1,4,31,10,4,13,8,0,1,1,17,2,47,35,47035,4,2004,YS3FB49S3410,Y,S,3,F,B,4,9,S,3,4,1,0,0,P,SAA,93L,4D,4,17,3285,,0,1053,,G,,0,0,000000000,00000000000,0,0,0,1,0,0,0,0,0,0,0,998,0,0,0,12,12,2,3,8,0,0,0,1,18,46368,1,1,0,0,2,0,74,215,1,7,0,2,2,6,2009,10,2010,0,92,0,0,0,5,2,45,1,1,2,1,0,0,1,80,1,1,1,13,0,0
18,180620,1,1,3,20,11,21,1,1,0,1,0,18,1,20,36,20036,2,2000,2G1WX12K4Y93,2,G,1,W,X,1,2,K,4,Y,9,3,0,P,CHEV,MSS,CP,0,17,3391,,0,1075,,G,,0,0,000000000,00000000000,0,0,0,1,0,0,0,0,0,0,0,998,0,1,3,0,14,6,2,2,0,0,1,1,18,46254,0,0,0,0,0,0,65,141,0,0,0,0,0,0,0,0,0,1,0,0,0,0,3,4,70,1,1,1,1,0,0,1,12,6,3,4,7,1,0
18,180621,1,1,1,25,7,7,35,42,0,1,0,18,1,12,471,12471,30,1998,1FTZR15X4WPA,1,F,T,Z,R,1,5,X,4,W,P,A,0,T,FORD,RNS,PS,98,17,,1,0,1259,RNG,G,,0,0,000000000,00000000000,0,0,0,1,0,0,0,0,0,0,0,998,0,0,0,11,62,6,2,2,0,0,1,1,18,46176,6,1,0,0,3,0,62,135,0,0,0,0,0,0,0,0,0,0,0,0,0,0,1,2,55,4,1,2,1,0,0,10,12,1,1,4,6,1,0
18,180622,1,2,1,22,11,14,44,12,6,1,0,18,1,21,21,21021,4,1999,1G3NL52EXXC4,1,G,3,N,L,5,2,E,X,X,C,4,0,P,OLDS,A/G,4D,99,17,2958,,0,1070,,G,,0,0,000000000,00000000000,0,0,0,1,0,0,0,0,0,0,0,998,0,0,0,9,9,6,2,12,0,0,0,1,18,47421,6,1,0,0,3,2,61,114,0,0,0,1,0,6,2009,6,2009,0,38,74,0,0,5,2,55,1,1,1,1,20,3,1,17,1,1,1,89,1,0
18,180622,2,2,1,22,11,14,44,12,6,1,0,18,2,12,17,12017,4,1997,1FALP52U6VA1,1,F,A,L,P,5,2,U,6,V,A,1,0,P,FORD,TAG,4D,97,17,3329,,0,1085,,G,,0,0,000000000,00000000000,0,0,0,1,0,0,0,0,0,0,0,998,0,0,0,12,12,6,2,12,0,0,0,1,18,47446,6,1,0,0,3,0,70,135,0,0,0,1,0,9,2009,9,2009,0,0,0,0,0,5,2,55,1,1,1,1,0,0,1,71,1,1,1,88,0,0
18,180623,1,1,1,5,7,7,15,35,0,1,0,18,1,20,20,20020,4,1998,2G1WL52MXW91,2,G,1,W,L,5,2,M,X,W,9,1,0,P,CHEV,L/S,4D,98,17,3330,,0,1075,,G,,0,0,000000000,00000000000,0,0,0,1,0,0,0,0,0,0,0,998,0,1,6,12,12,6,2,1,0,0,0,1,18,47904,6,1,0,0,3,1,65,213,0,0,0,0,0,0,0,0,0,0,0,0,0,0,1,2,55,1,1,2,1,0,0,1,12,1,1,5,6,1,0
18,180624,1,1,1,28,8,6,0,43,0,1,0,18,2,55,34,55034,2,1995,KMHVE32NXSU2,K,M,H,V,E,3,2,N,X,S,U,2,0,P,HYUN,SLS,CP,95,17,2266,,0,938,,G,,0,0,000000000,00000000000,0,0,0,1,0,0,0,0,0,0,0,998,0,1,6,12,12,6,2,1,0,0,0,1,18,47240,6,1,0,0,3,0,72,135,0,9,1,0,8,6,2008,4,2009,0,0,0,0,0,1,2,30,2,2,2,1,0,0,14,12,1,1,5,6,1,1
18,180625,1,1,1,17,11,13,34,8,0,1,0,18,2,20,481,20481,31,1995,2GCEC19K0S11,2,G,C,E,C,1,9,K,0,S,1,1,0,T,CHEV,GC1,PC,95,17,,2,1555,1415,GM4,G,,0,0,000000000,00000000000,0,0,0,1,0,0,0,0,0,0,0,998,0,0,0,12,12,6,2,8,0,0,0,1,18,46368,6,1,6,0,3,1,68,145,0,0,0,0,1,7,2010,7,2010,1,29,0,0,0,5,2,35,1,1,2,1,0,0,1,11,1,1,5,13,0,0
18,180626,1,1,1,23,11,14,30,8,0,1,0,18,1,22,2,22002,4,1986,1G2BL69H3GX2,1,G,2,B,L,6,9,H,3,G,X,2,0,P,PONT,PRS,4D,86,17,3458,,0,1160,,G,,0,0,000000000,00000000000,0,0,0,1,0,0,0,0,0,0,0,998,0,0,0,12,12,0,1,8,0,0,0,1,18,46040,6,1,0,0,3,1,62,135,0,0,0,0,0,0,0,0,0,0,0,0,0,0,1,2,45,1,1,2,1,28,3,1,81,6,1,1,13,0,0
18,180627,1,1,1,22,11,3,10,34,0,1,0,18,2,2,403,2403,14,2000,1J4FA49S7YP7,1,J,4,F,A,4,9,S,7,Y,P,7,0,T,JEEP,SPW,2W,0,17,,1,0,934,W/T,G,,0,0,000000000,00000000000,0,0,0,1,0,0,0,0,0,0,0,998,0,1,5,12,14,6,2,1,0,0,0,1,18,47882,6,1,0,0,3,3,69,150,0,0,0,0,0,0,0,0,0,0,0,0,0,0,1,2,55,1,3,1,1,0,0,1,9,8,4,4,7,1,1
18,180628,1,1,1,7,11,20,8,8,0,1,0,18,1,12,17,12017,4,1999,1FAFP53S9XG2,1,F,A,F,P,5,3,S,9,X,G,2,0,P,FORD,SCS,4D,99,17,3353,,0,1085,,G,,0,0,000000000,00000000000,0,0,0,1,0,0,0,0,0,0,0,998,0,0,0,12,82,4,1,8,0,0,0,1,18,47438,6,1,0,0,3,1,74,275,0,0,0,0,0,0,0,0,0,0,0,0,0,0,1,2,25,1,2,1,1,0,0,1,80,6,1,1,13,0,0
18,180629,1,1,1,25,11,22,13,14,0,1,0,18,1,12,13,12013,4,1998,1FAFP10P6WW2,1,F,A,F,P,1,0,P,6,W,W,2,0,P,FORD,LXE,4D,98,17,2457,,0,984,,G,,0,0,000000000,00000000000,0,0,0,1,0,0,0,0,0,0,0,998,0,0,0,12,12,4,3,14,0,0,0,1,18,46563,6,1,0,0,3,1,65,120,0,0,0,0,0,0,0,0,0,0,0,0,0,0,1,2,40,1,1,2,1,0,0,11,13,1,1,4,1,1,0
18,180630,1,4,1,27,11,11,50,12,1,1,0,18,1,7,442,7442,20,2007,2D4GP44L57R1,2,D,4,G,P,4,4,L,5,7,R,1,0,P,DODG,CAR,SV,7,17,4252,,0,1193,,G,,0,0,000000000,00000000000,0,0,0,1,0,0,0,0,0,0,0,998,0,0,0,12,12,6,2,12,0,0,0,1,18,46164,6,1,0,0,3,1,65,116,0,0,0,1,0,12,2009,12,2009,0,28,0,0,0,1,2,55,1,1,2,1,28,3,1,50,6,1,1,20,0,0
18,180630,2,4,1,27,11,11,50,12,1,1,0,18,3,20,481,20481,31,2007,1GCEK19V17E1,1,G,C,E,K,1,9,V,1,7,E,1,0,T,CHEV,SK1,4C,7,17,,2,1575,1340,SIL,G,,0,0,000000000,00000000000,0,0,0,1,0,0,0,0,0,0,0,0,0,0,0,6,6,6,2,12,0,0,0,1,18,46181,6,1,3,0,3,1,71,210,0,0,0,1,0,8,2008,8,2008,0,0,0,0,0,1,2,55,1,1,2,1,28,3,5,53,1,1,1,21,0,0
18,180630,3,4,2,27,11,11,50,12,1,1,0,18,1,12,481,12481,31,1986,1FTDF15Y5GKB,1,F,T,D,F,1,5,Y,5,G,K,B,0,T,FORD,F15,PK,86,17,,1,1330,1170,COF,G,,0,0,000000000,00000000000,0,0,0,1,0,0,0,0,0,0,0,998,0,1,1,12,61,6,2,1,0,0,0,1,18,46131,6,1,0,0,3,0,67,150,0,0,0,0,0,0,0,0,0,0,0,0,0,0,1,2,55,1,1,2,1,0,0,1,62,1,1,1,98,1,0
18,180630,4,4,2,27,11,11,50,12,1,1,0,18,1,20,481,20481,31,2001,1GCEK19T01E2,1,G,C,E,K,1,9,T,0,1,E,2,0,T,CHEV,SK1,4C,1,17,,2,1575,1435,SIL,G,,0,0,000000000,00000000000,0,0,0,1,0,0,0,0,0,0,0,998,0,0,0,12,12,4,1,12,0,0,0,1,18,46151,6,1,6,0,3,0,74,200,0,0,0,0,0,0,0,0,0,0,0,0,0,0,1,2,55,1,1,2,1,0,0,1,52,1,1,1,98,0,0
18,180631,1,1,4,27,11,21,23,8,0,1,0,18,1,22,17,22017,4,1991,1G2AF54T1M62,1,G,2,A,F,5,4,T,1,M,6,2,0,P,PONT,6LE,4D,91,17,2758,,0,1049,,G,,0,0,000000000,00000000000,0,0,0,1,0,0,0,0,0,0,0,998,0,0,0,12,12,4,3,8,0,0,0,1,18,46901,6,1,0,0,3,1,68,167,0,0,0,0,0,0,0,0,0,0,86,0,0,0,1,2,35,1,1,2,1,0,0,1,80,3,2,1,13,0,0
18,180632,1,2,1,15,10,15,36,12,6,1,0,18,2,12,481,12481,31,2001,1FTNF21L21ED,1,F,T,N,F,2,1,L,2,1,E,D,0,T,FORD,F2S,PK,1,17,,2,0,1370,SRW,G,,0,0,000000000,00000000000,0,0,0,1,0,0,0,0,0,0,0,998,0,0,0,12,12,6,2,12,0,0,0,1,18,47950,6,1,6,0,3,0,71,150,0,0,0,0,0,0,0,0,0,0,39,0,0,0,1,2,55,1,2,2,1,20,3,1,17,1,1,1,86,0,0
18,180632,2,2,1,15,10,15,36,12,6,1,0,18,1,23,481,23481,31,1995,1GTEC14Z3SZ5,1,G,T,E,C,1,4,Z,3,S,Z,5,0,T,GMC,SC1,PK,95,17,,2,1315,1175,SIE,G,,0,0,000000000,00000000000,0,0,0,1,0,0,0,0,0,0,0,998,0,0,0,3,9,6,2,30,0,0,0,1,18,47995,6,1,0,0,3,2,72,200,0,0,0,0,0,0,0,0,0,0,74,0,0,0,1,2,55,1,2,2,1,0,0,1,66,1,1,1,87,1,0
18,180633,1,1,1,16,10,1,14,42,0,1,0,18,1,6,441,6441,20,2005,2C4GP64L65R2,2,C,4,G,P,6,4,L,6,5,R,2,0,P,CHRY,TWC,SV,5,17,4344,,0,1193,,G,,0,0,000000000,00000000000,0,0,0,1,0,0,0,0,0,0,0,998,0,0,0,12,12,6,2,42,0,0,1,1,18,47712,6,1,0,0,3,0,71,165,0,1,1,1,0,7,2008,9,2009,0,0,0,0,0,1,2,35,3,2,2,1,0,0,14,13,1,1,4,1,1,1
18,180634,1,2,2,24,11,19,59,12,2,1,0,18,2,20,403,20403,14,2004,1GNDT13S6423,1,G,N,D,T,1,3,S,6,4,2,3,0,P,CHEV,TRL,UT,4,17,4612,,0,1130,,G,,0,0,000000000,00000000000,0,0,0,1,0,0,0,0,0,0,0,998,0,0,0,12,12,6,2,12,0,0,0,1,18,46260,6,2,0,0,3,0,66,120,0,0,0,0,0,0,0,0,0,1,8,28,0,0,1,2,40,1,1,2,2,0,0,1,6,1,2,2,50,1,0
18,180634,2,2,1,24,11,19,59,12,2,1,0,18,1,23,401,23401,14,2007,1GKDT13S1721,1,G,K,D,T,1,3,S,1,7,2,1,0,T,GMC,ENV,4W,7,17,,1,0,1130,ENV,G,,0,0,000000000,00000000000,0,0,0,1,0,0,0,0,0,0,0,998,0,0,0,12,12,6,2,12,0,0,0,1,18,46038,6,1,0,0,3,1,64,160,0,0,0,0,0,0,0,0,0,0,0,0,0,0,1,2,40,1,1,2,2,0,0,1,62,1,1,1,51,0,0
18,180635,1,2,1,21,11,4,29,12,6,1,0,18,1,20,481,20481,31,2001,3GNFK16T71G2,3,G,N,F,K,1,6,T,7,1,G,2,0,P,CHEV,K15,UT,1,17,5123,,0,1300,,G,,0,0,000000000,00000000000,0,0,0,1,0,0,0,0,0,0,0,998,0,0,0,12,12,6,2,12,0,0,0,1,18,46013,6,1,0,0,3,0,65,149,0,0,0,0,0,0,0,0,0,0,0,0,0,0,5,2,45,1,1,2,4,0,0,1,63,1,1,1,64,1,0
18,180635,2,2,1,21,11,4,29,12,6,1,0,18,1,49,50,49050,3,2007,JTKDE1773702,J,T,K,D,E,1,7,7,3,7,0,2,0,P,TOYT,SXC,LB,7,17,2905,,0,1063,,G,,0,0,000000000,00000000000,0,0,0,1,0,0,0,0,0,0,0,998,0,0,0,9,9,6,2,12,0,0,0,1,18,46236,6,1,0,0,3,0,67,115,0,0,0,0,0,0,0,0,0,0,28,87,0,0,5,2,45,1,1,2,4,0,0,1,5,1,2,2,65,1,1
18,180636,1,6,1,24,11,7,45,12,2,1,0,17,1,49,40,49040,2,2003,2T1CF22P53C6,2,T,1,C,F,2,2,P,5,3,C,6,0,P,TOYT,CEE,CP,3,17,3164,,0,1051,,G,,0,0,000000000,00000000000,0,0,0,1,0,0,0,0,0,0,0,998,0,0,0,12,12,6,2,12,0,0,0,1,17,60046,6,1,0,0,3,1,71,200,0,0,0,1,1,1,2008,4,2009,0,28,0,0,0,5,2,50,1,1,2,1,1,3,1,10,1,1,2,50,1,0
18,180636,2,6,1,24,11,7,45,12,2,1,0,18,1,42,401,42401,14,2007,4JGBB86E37A1,4,J,G,B,B,8,6,E,3,7,A,1,0,P,MERZ,M35,UT,7,17,4705,,0,1147,,G,,0,0,000000000,00000000000,0,0,0,1,0,0,0,0,0,0,0,998,0,0,0,12,12,6,2,12,0,0,0,1,18,46385,6,1,0,0,3,0,66,210,0,0,0,0,0,0,0,0,0,0,0,0,0,0,5,2,50,1,1,2,1,1,3,2,62,1,1,1,51,0,0
18,180636,3,6,1,24,11,7,45,12,2,1,0,18,1,37,402,37402,14,2010,5J6RE4H73AL0,5,J,6,R,E,4,H,7,3,A,L,0,0,P,HOND,CRV,UT,10,17,3549,2,0,1031,CMD,G,,0,0,000000000,00000000000,0,0,0,1,0,0,0,0,0,0,0,998,0,0,0,13,13,6,2,12,0,0,0,1,18,46385,6,1,0,0,3,2,62,145,0,0,0,0,0,0,0,0,0,0,74,0,0,0,5,2,50,1,1,2,1,1,3,2,62,1,1,1,98,0,0
18,180636,4,6,1,24,11,7,45,12,2,1,0,18,1,2,406,2406,14,2007,1J8HG48K87C5,1,J,8,H,G,4,8,K,8,7,C,5,0,T,JEEP,BSE,4W,7,17,,2,0,1095,CMD,G,,0,0,000000000,00000000000,0,0,0,1,0,0,0,0,0,0,0,998,0,0,0,12,12,6,2,12,0,0,0,1,18,46383,6,1,0,0,3,2,64,160,0,0,0,1,0,8,2010,8,2010,0,74,0,0,0,5,2,50,1,1,2,1,1,3,2,62,1,1,1,98,0,0
18,180636,5,6,1,24,11,7,45,12,2,1,0,18,1,20,2,20002,4,2004,2G1WF52E6491,2,G,1,W,F,5,2,E,6,4,9,1,0,P,CHEV,IMP,4D,4,17,3389,,0,1105,,G,,0,0,000000000,00000000000,0,0,0,1,0,0,0,0,0,0,0,998,0,0,0,12,12,6,2,12,0,0,0,1,18,46383,6,1,0,0,3,0,61,180,0,0,0,0,0,0,0,0,0,0,0,0,0,0,5,2,50,1,1,2,1,1,3,2,62,1,1,1,98,0,0
18,180636,6,6,1,24,11,7,45,12,2,1,0,17,2,51,881,51881,66,1998,4VG7DARG6WN7,4,V,G,7,D,A,R,G,6,W,N,7,1,T,VOLV,VVN,DS,98,17,,8,0,0,VVN,D,,1,57,1259801,571259801,3,6,1,1,0,0,0,0,0,0,0,998,0,0,0,10,10,0,1,12,0,0,0,1,17,60634,6,1,6,0,3,0,77,200,0,0,0,0,0,0,0,0,0,0,0,0,0,0,5,2,50,1,1,2,1,1,3,2,62,1,1,1,98,0,0
18,180637,1,3,3,24,10,13,11,12,1,1,0,18,2,20,401,20401,14,2005,2CNDL13F3560,2,C,N,D,L,1,3,F,3,5,6,0,0,P,CHEV,EQU,UT,5,17,3660,,0,1125,,G,,0,0,000000000,00000000000,0,0,0,1,0,0,0,0,0,0,0,998,0,0,0,12,12,6,2,12,0,0,0,1,18,46545,6,1,0,0,3,2,67,160,0,0,0,0,0,0,0,0,0,0,26,74,0,0,1,2,35,1,1,2,1,0,0,1,52,1,1,1,28,1,0
18,180637,2,3,3,24,10,13,11,12,1,1,0,18,1,2,404,2404,14,2011,1J4RR4GG2BC5,1,J,4,R,R,4,G,G,2,B,C,5,0,T,JEEP,LRO,4W,11,17,,2,0,1148,GCK,F,,0,0,000000000,00000000000,0,0,0,1,0,0,0,0,0,0,0,998,0,0,0,6,12,6,2,12,0,0,0,1,18,46563,6,1,0,0,3,0,65,125,0,2,2,2,4,11,2007,6,2009,0,0,0,0,0,1,2,35,1,1,2,1,0,0,2,53,1,1,1,29,0,0
18,180637,3,3,2,24,10,13,11,12,1,1,0,18,1,20,481,20481,31,2002,1GCEK19V82Z2,1,G,C,E,K,1,9,V,8,2,Z,2,0,T,CHEV,SK1,4C,2,17,,2,1575,1435,SIL,G,,0,0,000000000,00000000000,0,0,0,1,0,0,0,0,0,0,0,998,0,0,0,6,6,0,1,12,0,0,0,1,18,46563,6,1,0,0,3,2,64,150,0,0,0,0,0,0,0,0,0,0,74,0,0,0,1,2,35,1,1,2,1,0,0,2,53,1,1,1,98,0,0
18,180638,1,2,2,25,11,16,32,12,6,1,0,18,2,23,431,23431,16,2002,1GKEK13ZX2J2,1,G,K,E,K,1,3,Z,X,2,J,2,0,T,GMC,YUK,4W,2,17,,2,0,1160,YUK,F,,0,0,000000000,00000000000,0,0,0,1,0,0,0,0,0,0,0,998,0,0,0,12,12,6,2,12,0,0,0,1,18,46392,6,2,0,0,3,0,68,135,0,0,0,0,0,0,0,0,0,0,8,39,0,0,5,2,30,1,1,2,2,1,3,1,17,1,1,1,88,0,0
18,180638,2,2,1,25,11,16,32,12,6,1,0,18,1,20,36,20036,2,2005,2G1WX12K9593,2,G,1,W,X,1,2,K,9,5,9,3,0,P,CHEV,M/T,CP,5,17,3395,,0,1105,,G,,0,0,000000000,00000000000,0,0,0,1,0,0,0,0,0,0,0,998,0,0,0,9,9,6,2,12,0,0,0,1,18,46323,6,1,0,0,3,1,70,200,0,0,0,0,0,0,0,0,0,0,0,0,0,0,5,2,30,1,1,2,2,1,3,1,66,1,1,1,89,1,0
18,180639,1,2,1,25,11,12,3,12,6,1,0,18,2,84,881,84881,66,1999,2HSFHAMR0XC0,2,H,S,F,H,A,M,R,0,X,C,0,1,T,INTL,940,TM,99,17,,8,2340,1600,90S,D,,1,57,547721,57547721,3,6,1,1,0,0,0,0,0,0,0,998,0,0,0,8,8,6,2,12,0,0,0,1,18,47460,6,1,6,1,3,0,67,185,0,0,0,1,3,2,2009,5,2010,0,28,92,0,0,1,2,45,2,2,2,2,0,0,14,10,1,1,2,64,0,0
18,180639,2,2,1,25,11,12,3,12,6,1,0,18,1,41,35,41035,4,1991,JM1BG2242M02,J,M,1,B,G,2,2,4,2,M,0,2,0,P,MAZD,PDX,4D,91,17,2249,,0,984,,G,,0,0,000000000,00000000000,0,0,0,1,0,0,0,0,0,0,0,998,0,0,0,12,12,6,2,12,0,0,0,1,18,47579,6,1,0,0,3,0,70,190,0,0,0,0,0,0,0,0,0,0,0,0,0,0,1,2,45,3,2,2,2,0,0,14,62,1,1,1,65,1,0
18,180640,1,1,1,30,11,6,44,11,0,1,0,18,1,73,705,73705,80,2007,JKAKLEA177DA,J,K,A,K,L,E,A,1,7,7,D,A,0,M,KAWK,KL6,RT,7,17,,,,,,,651,0,0,000000000,00000000000,0,0,0,1,0,0,0,0,0,0,0,998,0,0,0,12,12,6,2,11,0,0,0,1,18,46140,6,1,0,0,3,0,71,180,0,0,0,1,0,2,2010,2,2010,0,83,0,0,0,1,2,45,1,2,2,2,0,0,1,87,3,2,1,13,1,0
18,180641,1,2,1,2,12,17,30,12,2,1,0,18,2,22,32,22032,6,2004,5Y2SL62854Z4,5,Y,2,S,L,6,2,8,5,4,Z,4,0,P,PONT,VIB,4H,4,17,2700,,0,1024,,G,,0,0,000000000,00000000000,0,0,0,1,0,0,0,0,0,0,0,998,0,0,0,12,12,6,2,12,0,0,0,1,18,46825,0,0,0,0,0,0,999,999,99,99,99,99,99,99,9999,99,9999,0,28,0,0,0,1,2,55,1,1,2,1,28,3,1,10,1,1,2,50,0,0
18,180641,2,2,1,2,12,17,30,12,2,1,0,18,2,12,36,12036,3,1997,KNJLT05H1V62,K,N,J,L,T,0,5,H,1,V,6,2,0,P,FORD,ASP,2H,97,17,2056,,0,907,,G,,0,0,000000000,00000000000,0,0,0,1,0,0,0,0,0,0,0,998,0,0,0,12,12,6,2,12,0,0,0,1,18,46723,6,1,0,0,3,0,73,170,0,0,0,1,0,7,2010,7,2010,0,0,0,0,0,1,2,55,1,1,2,1,28,3,1,62,1,1,1,51,1,0
18,180642,1,3,2,17,6,15,45,12,6,1,0,18,1,7,20,7020,4,2004,1B3ES56C44D6,1,B,3,E,S,5,6,C,4,4,D,6,0,P,DODG,NXT,4D,4,17,2634,,0,1040,,G,,0,0,000000000,00000000000,0,0,0,1,0,0,0,0,0,0,0,998,0,0,0,2,82,6,2,12,0,0,0,1,18,46168,6,1,0,0,3,1,63,130,0,0,0,0,0,0,0,0,0,0,38,0,0,0,1,2,45,1,1,2,1,0,0,11,15,1,1,1,68,1,0
18,180642,2,3,1,17,6,15,45,12,6,1,0,18,3,22,22,22022,4,2008,1G2ZF57B2841,1,G,2,Z,F,5,7,B,2,8,4,1,0,P,PONT,6VB,4D,8,17,3305,,0,1123,,G,,0,0,000000000,00000000000,0,0,0,1,0,0,0,0,0,0,0,998,0,0,0,12,12,6,2,12,0,0,0,1,18,46113,6,1,0,0,3,1,68,200,0,0,0,0,0,0,0,0,0,0,0,0,0,0,1,2,45,1,1,2,1,0,0,1,17,1,1,1,69,0,0
18,180642,3,3,2,17,6,15,45,12,6,1,0,18,3,23,481,23481,31,2007,1GTHK33D57F1,1,G,T,H,K,3,3,D,5,7,F,1,0,T,GMC,NK3,CW,7,17,,2,0,1670,SIE,D,,0,0,000000000,00000000000,0,0,0,1,0,0,0,0,0,0,0,0,0,0,0,12,12,6,2,12,0,0,0,1,18,46123,6,1,0,0,3,1,71,165,0,0,0,0,0,0,0,0,0,0,0,0,0,0,1,2,45,1,1,2,1,20,3,5,62,1,1,1,98,0,0
18,180643,1,1,1,30,11,18,30,8,0,1,0,18,1,20,431,20431,16,1997,3GNEC16R7VG1,3,G,N,E,C,1,6,R,7,V,G,1,0,P,CHEV,C15,UT,97,17,4802,,0,1315,,G,,0,0,000000000,00000000000,0,0,0,1,0,0,0,0,0,0,0,998,0,0,0,12,12,4,1,8,0,0,0,1,18,46222,6,1,5,0,3,0,71,245,0,0,0,0,0,0,0,0,0,0,0,0,0,0,1,2,35,1,1,2,1,0,0,1,80,1,1,1,13,0,0
18,180644,1,1,2,20,11,13,28,31,0,1,0,18,1,49,402,49402,14,1997,JT3HP10V1V01,J,T,3,H,P,1,0,V,1,V,0,1,0,P,TOYT,RV4,UT,97,17,2789,,0,949,,G,,0,0,000000000,00000000000,0,0,0,1,0,0,0,0,0,0,0,998,0,0,0,12,2,6,2,42,0,0,1,1,18,47201,6,2,0,0,3,0,70,155,0,0,0,0,0,0,0,0,0,0,0,0,0,0,1,2,45,1,1,2,1,0,0,1,12,1,1,4,6,1,0
18,180645,1,1,1,21,11,17,9,34,0,1,0,18,2,24,401,24401,14,2003,5GZCZ23D23S8,5,G,Z,C,Z,2,3,D,2,3,S,8,0,P,STRN,VUE,UT,3,17,3172,,0,1066,,G,,0,0,000000000,00000000000,0,0,0,1,0,0,0,0,0,0,0,998,0,1,5,14,12,6,2,1,0,0,0,1,18,47542,1,1,0,0,2,0,72,140,0,8,0,2,2,5,2008,4,2010,0,58,0,0,0,1,2,45,3,2,2,1,0,0,14,12,1,1,4,6,1,0
18,180646,1,2,2,25,11,15,50,12,2,1,0,18,2,20,481,20481,31,2003,2GCEK19V1313,2,G,C,E,K,1,9,V,1,3,1,3,0,T,CHEV,SK1,4C,3,17,,2,1575,1435,SIL,G,,0,0,000000000,00000000000,0,0,0,1,0,0,0,0,0,0,0,998,0,0,0,12,12,6,2,12,0,0,0,1,18,46130,1,1,0,0,2,2,73,200,0,0,0,2,5,8,2009,6,2010,1,28,58,74,0,1,2,35,1,1,2,2,0,0,1,10,1,1,2,50,0,0
18,180646,2,2,1,25,11,15,50,12,2,1,0,18,1,7,461,7461,21,2000,2B7HB11Y4YK1,2,B,7,H,B,1,1,Y,4,Y,K,1,0,T,DODG,15B,CG,0,17,,2,1272,1093,RMV,G,,0,0,000000000,00000000000,0,0,0,1,0,0,0,0,0,0,0,998,0,0,0,12,12,6,2,12,0,0,0,1,18,46176,6,1,0,0,3,1,71,250,0,0,0,0,0,0,0,0,0,0,0,0,0,0,1,2,35,1,1,2,2,0,0,1,63,1,1,1,51,1,0
18,180647,1,1,4,27,11,3,30,30,0,1,0,18,2,7,482,7482,31,2001,1B7KF23711J2,1,B,7,K,F,2,3,7,1,1,J,2,0,T,DODG,Q25,4C,1,17,,2,1547,1387,RPC,D,,0,0,000000000,00000000000,0,0,0,1,0,0,0,0,0,0,0,998,0,0,0,12,12,6,2,30,0,0,0,1,18,46725,6,1,0,0,3,0,70,250,0,0,0,0,1,5,2008,5,2008,0,0,0,0,0,1,2,55,1,2,2,1,0,0,1,9,1,9,4,1,1,1
18,180648,1,2,1,27,11,22,54,12,1,1,1,18,2,35,47,35047,4,1995,1N4BU31D1SC2,1,N,4,B,U,3,1,D,1,S,C,2,0,P,NISS,AGS,4D,95,17,2800,,0,1031,,G,,0,0,000000000,00000000000,0,0,0,1,0,0,0,0,0,0,0,998,3,0,0,12,12,6,2,12,0,0,0,1,18,46227,0,0,0,0,0,0,999,999,0,0,0,0,0,0,0,0,0,0,26,92,0,0,5,3,35,1,1,2,1,1,3,1,52,1,1,1,28,0,0
18,180648,2,2,2,27,11,22,54,12,1,1,0,18,2,23,421,23421,15,1999,1GKDT13W4X25,1,G,K,D,T,1,3,W,4,X,2,5,0,T,GMC,JMY,4W,99,17,,1,0,1070,JMY,G,,0,0,000000000,00000000000,0,0,0,1,0,0,0,0,0,0,0,998,0,1,5,6,6,6,2,1,0,0,0,1,18,46217,6,2,0,0,3,0,68,180,0,0,0,0,0,0,0,0,0,0,0,0,0,0,5,3,35,1,1,2,1,0,0,2,53,1,1,1,29,1,0