STATE,ST_CASE,VEH_NO,VE_FORMS,NUMOCCS,DAY,MONTH,HOUR,MINUTE,HARM_EV,MAN_COLL,UNITTYPE,HIT_RUN,REG_STAT,OWNER,MAKE,MODEL,MAK_MOD,BODY_TYP,MOD_YEAR,VIN,VIN_1,VIN_2,VIN_3,VIN_4,VIN_5,VIN_6,VIN_7,VIN_8,VIN_9,VIN_10,VIN_11,VIN_12,TOW_VEH,VINTYPE,VINMAKE,VINA_MOD,VIN_BT,VINMODYR,VIN_LNGT,VIN_WGT,WGTCD_TR,WHLBS_LG,WHLBS_SH,SER_TR,FUELCODE,MCYCL_DS,J_KNIFE,MCARR_I1,MCARR_I2,MCARR_ID,GVWR,V_CONFIG,CARGO_BT,HAZ_INV,HAZ_PLAC,HAZ_ID,HAZ_CNO,HAZ_REL,BUS_USE,SPEC_USE,EMER_USE,TRAV_SP,UNDERIDE,ROLLOVER,ROLINLOC,IMPACT1,IMPACT2,DEFORMED,TOWED,M_HARM,VEH_SC1,VEH_SC2,FIRE_EXP,DR_PRES,L_STATE,DR_ZIP,L_STATUS,L_TYPE,CDL_STAT,L_ENDORS,L_COMPL,L_RESTRI,DR_HGT,DR_WGT,PREV_ACC,PREV_SUS,PREV_DWI,PREV_SPD,PREV_OTH,FIRST_MO,FIRST_YR,LAST_MO,LAST_YR,SPEEDREL,DR_SF1,DR_SF2,DR_SF3,DR_SF4,VTRAFWAY,VNUM_LAN,VSPD_LIM,VALIGN,VPROFILE,VPAVETYP,VSURCOND,VTRAFCON,VTCONT_F,P_CRASH1,P_CRASH2,P_CRASH3,PCRASH4,PCRASH5,ACC_TYPE,DEATHS,DR_DRINK
18,180681,1,2,2,27,12,9,30,12,6,1,0,18,1,20,2,20002,4,2008,2G1WB58N9891,2,G,1,W,B,5,8,N,9,8,9,1,0,P,CHEV,IPL,4D,8,17,3555,,0,1105,,G,,0,0,000000000,00000000000,0,0,0,1,0,0,0,0,0,0,0,998,0,0,0,9,61,6,2,12,0,0,0,1,18,47408,6,1,0,0,3,1,62,120,0,0,0,0,0,0,0,0,0,0,38,0,0,0,1,2,55,1,1,2,1,20,3,4,17,1,1,1,89,1,0
18,180681,2,2,2,27,12,9,30,12,6,1,0,18,2,41,441,41441,20,2004,JM3LW28A7405,J,M,3,L,W,2,8,A,7,4,0,5,0,P,MAZD,MWG,SV,4,17,3794,,0,1118,,G,,0,0,000000000,00000000000,0,0,0,1,0,0,0,0,0,0,0,998,0,0,0,12,12,6,2,12,0,0,0,1,18,47404,6,1,0,0,3,0,61,125,0,0,0,0,0,0,0,0,0,0,0,0,0,0,2,3,60,1,1,2,1,0,0,1,17,1,1,1,88,0,0
18,180682,1,1,3,26,12,22,25,21,0,1,0,18,1,22,20,22020,4,2003,1G2WK52J03F1,1,G,2,W,K,5,2,J,0,3,F,1,0,P,PONT,GFS,4D,3,17,3384,,0,1105,,G,,0,0,000000000,00000000000,0,0,0,1,0,0,0,0,0,0,0,998,0,0,0,11,62,6,2,21,32,0,0,1,18,46219,6,1,0,0,3,0,67,220,0,0,0,0,0,0,0,0,0,0,50,0,0,0,4,2,35,1,1,2,3,0,0,1,10,1,1,4,6,1,1
18,180683,1,1,2,24,12,20,5,35,0,1,0,18,1,2,404,2404,14,1999,1J4FF68S7XL6,1,J,4,F,F,6,8,S,7,X,L,6,0,T,JEEP,SPC,4W,99,17,,1,0,1014,CHK,G,,0,0,000000000,00000000000,0,0,0,1,0,0,0,0,0,0,0,998,0,0,0,14,9,4,3,41,0,0,0,1,18,47454,6,1,0,0,3,1,64,315,0,0,0,0,0,0,0,0,0,0,58,87,0,0,1,2,55,1,5,2,4,0,0,1,5,6,3,4,7,1,0
18,180684,1,1,1,27,12,8,52,43,0,1,0,18,5,12,3,12003,2,1999,1FAFP4042XF2,1,F,A,F,P,4,0,4,2,X,F,2,0,P,FORD,MUS,CP,99,17,3069,,0,1013,,G,,0,0,000000000,00000000000,0,0,0,1,0,0,0,0,0,0,0,998,0,0,0,12,12,6,2,19,0,0,0,1,18,47240,6,1,0,0,3,0,71,160,1,1,0,0,1,2,2008,1,2009,1,8,0,0,0,1,3,30,1,1,2,1,3,3,1,14,1,1,4,14,1,1
18,180685,1,1,2,24,12,1,17,42,0,1,0,12,1,19,18,19018,4,2006,1G6DN57U1601,1,G,6,D,N,5,7,U,1,6,0,1,0,P,CADI,CTV,4D,6,17,3850,,0,1134,,G,,0,0,000000000,00000000000,0,0,0,1,0,0,0,0,0,0,0,50,0,0,0,12,12,6,2,42,0,0,0,1,18,47803,6,1,0,0,3,1,70,155,1,2,0,1,2,6,2008,8,2009,1,8,58,27,91,4,2,30,1,1,2,1,0,0,15,6,7,3,4,2,1,1
18,180686,1,2,4,10,12,1,20,12,6,1,0,18,1,18,4,18004,4,1995,1G4BN52P6SR4,1,G,4,B,N,5,2,P,6,S,R,4,0,P,BUIC,RDM,4D,95,17,4211,,0,1159,,G,,0,0,000000000,00000000000,0,0,0,1,0,0,0,0,0,0,0,998,0,0,0,9,62,6,2,12,0,0,0,1,18,46806,6,1,0,0,3,1,79,295,1,1,0,0,0,8,2010,11,2010,1,8,28,87,0,1,2,35,1,1,2,3,0,0,1,6,9,3,2,64,1,0
18,180686,2,2,2,10,12,1,20,12,6,1,1,18,2,22,2,22002,4,1997,1G2HX52K2VH2,1,G,2,H,X,5,2,K,2,V,H,2,0,P,PONT,BVS,4D,97,17,3350,,0,1108,,G,,0,0,000000000,00000000000,0,0,0,1,0,0,0,0,0,0,0,998,0,0,0,12,12,6,2,12,0,0,0,1,99,99999,9,9,99,9,9,9,999,999,99,99,99,99,99,99,9999,99,9999,0,0,0,0,0,1,2,35,1,1,2,3,0,0,1,62,4,1,1,65,0,0
18,180687,1,2,2,10,12,12,20,12,1,1,0,18,1,49,32,49032,4,2004,2T1BR32E94C2,2,T,1,B,R,3,2,E,9,4,C,2,0,P,TOYT,UCS,4D,4,17,2502,,0,1024,,G,,0,0,000000000,00000000000,0,0,0,1,0,0,0,0,0,0,0,30,0,0,0,12,12,6,2,12,0,0,0,1,18,46151,6,1,0,0,3,0,68,200,0,0,0,0,0,0,0,0,0,0,0,0,0,0,2,3,30,1,1,2,1,4,3,1,51,1,1,1,24,1,0
18,180687,2,2,3,10,12,12,20,12,1,1,0,18,2,22,22,22022,2,2007,1G2ZH3611742,1,G,2,Z,H,3,6,1,1,7,4,2,0,P,PONT,GGT,CV,7,17,3855,,0,1123,,G,,0,0,000000000,00000000000,0,0,0,1,0,0,0,0,0,0,0,998,0,0,0,6,6,6,2,12,0,0,0,1,18,47404,6,1,0,0,3,0,68,150,0,0,0,0,0,0,0,0,0,0,0,0,0,0,2,3,30,1,1,2,1,4,3,1,53,1,1,1,25,0,0
18,180688,1,1,1,19,12,18,0,8,0,1,0,18,1,12,401,12401,14,2005,1FMZU62K35UB,1,F,M,Z,U,6,2,K,3,5,U,B,0,P,FORD,EPR,UT,5,17,4094,,0,1137,,F,,0,0,000000000,00000000000,0,0,0,1,0,0,0,0,0,0,0,998,0,0,0,12,12,6,2,8,0,0,0,1,18,46217,6,1,0,0,3,0,70,160,0,2,0,2,0,10,2008,4,2009,0,92,0,0,0,1,2,45,1,1,2,2,0,0,1,13,1,1,4,13,0,1
18,180689,1,1,1,23,12,8,23,8,0,1,0,18,1,14,401,14401,14,2002,4M2ZU86E92ZJ,4,M,2,Z,U,8,6,E,9,2,Z,J,0,P,MERC,MOU,UT,2,17,4410,,0,1138,,G,,0,0,000000000,00000000000,0,0,0,1,0,0,0,0,0,0,0,998,0,0,0,12,12,6,2,8,0,0,0,1,18,46254,6,1,0,0,3,0,70,224,0,0,0,0,0,0,0,0,0,0,0,0,0,0,2,2,35,1,1,2,1,0,0,1,80,1,1,1,13,0,0
18,180690,1,1,1,28,12,19,17,8,0,1,0,18,1,6,441,6441,20,2001,2C4GP74L71R3,2,C,4,G,P,7,4,L,7,1,R,3,0,P,CHRY,TWC,SV,1,17,4167,,0,1193,,G,,0,0,000000000,00000000000,0,0,0,1,0,0,0,0,0,0,0,998,0,0,0,12,12,0,1,8,0,0,0,1,18,47130,6,1,0,0,3,1,72,250,0,0,0,0,0,0,0,0,0,0,0,0,0,0,1,2,35,1,1,2,1,0,0,1,83,1,1,1,13,0,0
18,180691,1,1,2,29,12,23,38,42,0,1,0,17,2,52,46,52046,4,2010,JA32W5FVXAU0,J,A,3,2,W,5,F,V,X,A,U,0,0,P,MITS,LEM,4D,10,17,3594,,0,1043,,G,,0,0,000000000,00000000000,0,0,0,1,0,0,0,0,0,0,0,998,0,0,0,12,12,6,2,42,0,0,0,1,18,46031,6,2,0,0,3,1,68,180,0,0,0,0,0,0,0,0,0,1,8,0,0,0,1,2,55,1,3,2,2,0,0,1,6,1,1,4,1,1,0
18,180692,1,2,2,18,12,18,6,20,0,1,0,18,1,6,441,6441,20,2006,2A4GP54LX6R8,2,A,4,G,P,5,4,L,X,6,R,8,0,P,CHRY,TWC,SV,6,17,4267,,0,1193,,G,,0,0,000000000,00000000000,0,0,0,1,0,0,0,0,0,0,0,998,0,0,0,1,1,6,2,12,0,0,0,1,18,46403,6,1,0,0,3,0,69,210,0,0,0,0,0,0,0,0,0,0,28,0,0,0,6,1,45,1,1,1,1,7,3,2,13,1,1,4,1,1,0
18,180692,2,2,1,18,12,18,6,20,0,1,0,37,1,49,40,49040,4,2003,4T1BE32K13U2,4,T,1,B,E,3,2,K,1,3,U,2,0,P,TOYT,UXS,4D,3,17,2993,,0,1071,,G,,0,0,000000000,00000000000,0,0,0,1,0,0,0,0,0,0,0,998,0,0,0,7,7,6,2,12,0,0,0,1,37,28412,6,1,0,0,3,0,66,999,1,0,0,0,2,1,2008,9,2009,0,0,0,0,0,3,3,45,1,1,1,1,7,3,2,62,4,1,1,98,0,0
18,180693,1,2,2,29,12,19,6,12,2,1,0,18,1,12,3,12003,2,1997,1FALP4441VF1,1,F,A,L,P,4,4,4,1,V,F,1,0,P,FORD,MUS,CV,97,17,3264,,0,1013,,G,,0,0,000000000,00000000000,0,0,0,1,0,0,0,0,0,0,0,998,0,0,0,12,12,6,2,12,0,0,0,1,18,46036,6,1,0,0,3,1,60,170,0,0,0,0,0,0,0,0,0,0,92,50,0,0,1,2,55,1,1,2,1,0,0,1,54,1,1,2,50,0,0
18,180693,2,2,2,29,12,19,6,12,2,1,0,18,1,13,5,13005,4,2000,1LNHM97V2YY8,1,L,N,H,M,9,7,V,2,Y,Y,8,0,P,LINC,CON,4D,0,17,3848,,0,1090,,G,,0,0,000000000,00000000000,0,0,0,1,0,0,0,0,0,0,0,998,0,0,0,12,12,6,2,12,0,0,0,1,18,46070,6,1,0,0,3,1,64,192,0,0,0,0,0,0,0,0,0,0,0,0,0,0,1,2,55,1,1,2,1,0,0,1,54,99,1,1,51,1,0
18,180694,1,2,2,31,12,22,37,12,6,1,0,18,1,12,461,12461,21,1996,1FMEE11H6THB,1,F,M,E,E,1,1,H,6,T,H,B,0,P,FORD,CLU,SV,96,17,5121,,0,1380,,G,,0,0,000000000,00000000000,0,0,0,1,0,0,0,0,0,0,0,998,0,0,0,3,3,6,2,12,0,0,0,1,18,46307,6,1,0,0,3,2,68,160,0,0,0,0,0,0,0,0,0,0,38,74,0,0,1,2,55,1,1,2,2,0,0,11,15,1,1,2,68,2,1
18,180694,2,2,1,31,12,22,37,12,6,1,0,18,1,20,403,20403,14,2004,1GNET16SX462,1,G,N,E,T,1,6,S,X,4,6,2,0,P,CHEV,TRL,UT,4,17,4954,,0,1290,,G,,0,0,000000000,00000000000,0,0,0,1,0,0,0,0,0,0,0,998,0,0,0,12,12,6,2,12,0,0,0,1,18,46303,6,1,5,0,3,0,66,170,0,0,0,0,1,6,2010,6,2010,0,0,0,0,0,1,2,55,1,1,2,2,0,0,1,67,99,1,1,69,0,0
18,180695,1,1,1,31,12,15,28,42,0,1,0,18,2,20,37,20037,4,1999,1G1ND52M1XY1,1,G,1,N,D,5,2,M,1,X,Y,1,0,P,CHEV,MAL,4D,99,17,3051,,0,1070,,G,,0,0,000000000,00000000000,0,0,0,1,0,0,0,0,0,0,0,998,0,0,0,12,12,6,2,42,0,0,0,1,18,46350,6,2,0,0,3,0,65,112,0,0,0,1,0,10,2009,10,2009,0,0,0,0,0,1,2,55,3,1,2,2,0,0,14,13,1,1,5,1,1,0
18,180696,1,1,1,22,8,3,21,8,0,1,1,18,2,7,422,7422,15,2005,1D4HB48N35F5,1,D,4,H,B,4,8,N,3,5,F,5,0,P,DODG,DUR,UT,5,17,4958,,0,1192,,G,,0,0,000000000,00000000000,0,0,0,1,0,0,0,0,0,0,0,998,0,0,0,12,12,6,2,8,0,0,0,1,18,46226,1,1,0,0,2,0,74,210,0,0,0,0,0,0,0,0,0,0,8,48,0,0,1,2,30,1,1,1,1,0,0,1,12,1,1,4,13,0,1
18,180697,1,2,1,17,12,9,50,12,2,1,0,18,1,22,17,22017,4,1987,1G2AG51RXHT2,1,G,2,A,G,5,1,R,X,H,T,2,0,P,PONT,6LE,4D,87,17,2804,,0,1049,,G,,0,0,000000000,00000000000,0,0,0,1,0,0,0,0,0,0,0,998,0,0,0,12,13,6,2,12,0,0,0,1,18,47042,6,1,0,0,3,0,66,140,0,1,0,0,0,1,2008,1,2008,1,28,87,0,0,1,2,55,3,1,2,4,0,0,14,6,1,2,2,50,1,0
18,180697,2,2,1,17,12,9,50,12,2,1,0,18,3,82,881,82881,63,2006,1FVHALDE16DX,1,F,V,H,A,L,D,E,1,6,D,X,0,T,FRHT,FLD,TM,6,17,,8,0,0,CON,D,,0,57,722226,57722226,3,2,7,1,0,0,0,0,0,0,0,998,7,0,0,12,14,6,2,12,42,0,0,1,18,47037,6,1,6,0,3,1,72,210,0,0,0,0,0,0,0,0,0,0,87,0,0,0,1,2,55,2,1,2,4,0,0,14,62,2,1,1,51,0,0
18,180698,1,2,2,31,12,14,46,12,6,1,0,18,2,21,3,21003,4,1992,1G3CW53L3N43,1,G,3,C,W,5,3,L,3,N,4,3,0,P,OLDS,9RE,4D,92,17,3491,,0,1108,,G,,0,0,000000000,00000000000,0,0,0,1,0,0,0,0,0,0,0,998,0,0,0,12,12,6,2,12,0,0,0,1,18,46806,6,1,0,0,3,1,66,192,0,0,0,0,0,0,0,0,0,0,38,0,0,0,5,2,30,1,1,2,2,1,3,1,67,1,1,1,69,1,0
18,180698,2,2,3,31,12,14,46,12,6,1,0,18,2,12,880,12880,67,2000,1FTWW33F0YEA,1,F,T,W,W,3,3,F,0,Y,E,A,0,T,FORD,F3D,CW,0,17,,3,1720,1560,DRW,D,,0,99,999999999,99999999999,2,1,97,1,0,0,0,0,0,0,0,998,0,0,0,3,12,6,2,12,0,0,0,1,18,46563,6,1,0,0,3,1,73,305,0,0,0,2,1,4,2009,8,2010,0,38,0,0,0,5,2,30,1,1,2,2,1,3,11,66,1,1,1,68,0,0
18,180699,1,2,2,27,12,15,28,12,6,1,0,18,2,22,20,22020,4,2006,2G2WP5520611,2,G,2,W,P,5,5,2,0,6,1,1,0,P,PONT,GRA,4D,6,17,3477,,0,1105,,G,,0,0,000000000,00000000000,0,0,0,1,0,0,0,0,0,0,0,998,0,0,0,12,12,6,2,12,0,0,0,1,18,46123,6,2,0,0,3,0,67,135,0,0,0,0,0,0,0,0,0,0,38,0,0,0,1,2,55,1,1,2,1,20,3,1,66,1,1,1,86,1,0
18,180699,2,2,2,27,12,15,28,12,6,1,0,18,1,20,481,20481,31,1997,1GCHC33J5VF0,1,G,C,H,C,3,3,J,5,V,F,0,0,T,CHEV,GC3,CW,97,17,,2,0,1685,GM4,G,,0,0,000000000,00000000000,0,0,0,1,0,0,0,0,0,0,0,998,0,0,0,3,9,6,2,12,0,0,0,1,18,46996,6,1,0,0,3,0,67,135,0,1,0,0,2,5,2008,5,2009,0,0,0,0,0,1,2,55,1,1,2,1,0,0,1,66,1,1,1,87,0,0
18,180700,1,2,1,26,12,13,45,12,6,1,0,18,1,20,471,20471,30,2000,1GCCS145XYK2,1,G,C,C,S,1,4,5,X,Y,K,2,0,T,CHEV,S14,PK,0,17,,1,1179,1083,S,F,,0,0,000000000,00000000000,0,0,0,1,0,0,0,0,0,0,0,998,0,0,0,12,12,6,2,12,0,0,0,1,18,46996,6,1,0,0,3,1,68,170,0,0,0,0,0,0,0,0,0,0,0,0,0,0,1,2,55,1,1,2,1,0,0,1,66,1,1,1,88,0,0
18,180700,2,2,2,26,12,13,45,12,6,1,0,18,1,20,37,20037,4,2000,1G1NE52J8Y62,1,G,1,N,E,5,2,J,8,Y,6,2,0,P,CHEV,M/L,4D,0,17,3077,,0,1070,,G,,0,0,000000000,00000000000,0,0,0,1,0,0,0,0,0,0,0,998,0,0,0,9,9,6,2,12,0,0,0,1,17,60450,6,1,0,0,3,0,62,120,0,0,0,0,0,0,0,0,0,0,0,0,0,0,1,2,99,1,1,2,1,20,3,1,17,1,1,1,89,1,0
18,180701,1,1,1,29,12,15,11,59,0,1,0,18,1,41,45,41045,1,1996,JM1NA3532T07,J,M,1,N,A,3,5,3,2,T,0,7,0,P,MAZD,MIA,CV,96,17,2293,,0,892,,G,,0,0,000000000,00000000000,0,0,0,1,0,0,0,0,0,0,0,998,0,0,0,12,12,6,2,30,32,0,0,1,18,46203,6,1,0,0,3,1,67,160,1,5,0,1,1,1,2008,6,2009,0,8,0,0,0,1,2,55,1,2,2,1,0,0,6,13,1,1,4,1,1,0
18,180702,1,1,1,30,10,22,58,52,0,1,0,21,1,22,20,22020,4,2000,1G2NW52E8YC5,1,G,2,N,W,5,2,E,8,Y,C,5,0,P,PONT,GAG,4D,0,17,3168,,0,1070,,G,,0,0,000000000,00000000000,0,0,0,1,0,0,0,0,0,0,0,998,0,1,5,12,13,6,2,1,0,0,0,1,21,40165,6,1,0,0,3,0,65,107,0,0,0,0,0,0,0,0,0,0,0,0,0,0,1,2,30,1,1,2,1,0,0,1,13,1,1,4,1,1,1
18,180703,1,1,1,10,12,0,40,42,0,1,0,18,2,22,18,22018,4,2002,1G2WP52K12F2,1,G,2,W,P,5,2,K,1,2,F,2,0,P,PONT,GPG,4D,2,17,3496,,0,1105,,G,,0,0,000000000,00000000000,0,0,0,1,0,0,0,0,0,0,0,998,0,0,0,9,9,6,2,42,0,0,0,1,18,46036,6,1,0,0,3,0,71,150,0,0,0,0,0,0,0,0,0,0,8,87,0,0,1,2,45,1,1,2,3,0,0,1,12,1,1,4,6,1,0
18,180704,1,2,1,22,11,23,30,12,6,1,0,18,1,12,17,12017,4,2003,1FAFP53U93G1,1,F,A,F,P,5,3,U,9,3,G,1,0,P,FORD,TSE,4D,3,17,3336,,0,1085,,G,,0,0,000000000,00000000000,0,0,0,1,0,0,0,0,0,0,0,998,0,0,0,1,82,6,2,12,0,0,0,1,18,46342,1,1,0,0,2,0,66,155,0,2,0,0,1,1,2010,9,2010,0,51,28,0,0,3,3,35,1,1,2,1,0,0,1,54,6,1,2,64,0,1
18,180704,2,2,2,22,11,23,30,12,6,1,0,18,1,2,404,2404,14,1992,1J4FJ58S7NL1,1,J,4,F,J,5,8,S,7,N,L,1,0,T,JEEP,LAR,4W,92,17,,1,0,1014,CHK,G,,0,0,000000000,00000000000,0,0,0,1,0,0,0,0,0,0,0,998,0,0,0,1,82,6,2,12,0,0,0,1,18,46410,0,0,0,0,0,0,999,999,99,99,99,99,99,99,9999,99,9999,0,0,0,0,0,3,3,35,1,1,2,1,0,0,1,54,6,1,2,65,1,1
18,180705,1,1,1,31,12,22,22,34,0,1,0,18,1,20,16,20016,2,1998,1G1JC1242W71,1,G,1,J,C,1,2,4,2,W,7,1,0,P,CHEV,C/S,CP,98,17,2584,,0,1041,,G,,0,0,000000000,00000000000,0,0,0,1,0,0,0,0,0,0,0,998,0,0,0,14,12,6,2,42,0,0,0,1,18,47037,6,1,0,0,3,0,72,250,0,0,0,0,0,0,0,0,0,1,87,0,0,0,1,2,45,1,1,2,2,0,0,1,6,1,2,4,2,1,1
18,180706,1,1,2,29,12,19,30,5,0,1,0,18,1,22,18,22018,2,2002,1G2NW12E22C2,1,G,2,N,W,1,2,E,2,2,C,2,0,P,PONT,GAG,CP,2,17,3091,,0,1070,,G,,0,0,000000000,00000000000,0,0,0,1,0,0,0,0,0,0,0,998,0,0,0,0,0,0,1,5,0,0,0,1,18,46239,6,1,0,0,3,0,66,150,0,0,0,0,0,0,0,0,0,0,92,0,0,0,1,2,45,1,1,1,2,0,0,1,98,1,1,1,0,1,0
18,180707,1,2,1,26,11,16,32,12,6,1,0,18,2,20,2,20002,4,2008,2G1WS553X812,2,G,1,W,S,5,5,3,X,8,1,2,0,P,CHEV,I/P,4D,8,17,0,,0,1105,,F,,0,0,000000000,00000000000,0,0,0,1,0,0,0,0,0,5,1,50,0,0,0,12,12,6,2,12,0,0,0,1,18,47586,6,1,0,0,3,0,67,130,0,0,0,0,0,0,0,0,0,1,16,0,0,0,5,2,35,1,1,2,1,0,0,1,66,4,1,1,83,0,0
18,180707,2,2,1,26,11,16,32,12,6,1,0,18,1,35,401,35401,14,2001,JN8DR09X71W5,J,N,8,D,R,0,9,X,7,1,W,5,0,P,NISS,PFI,UT,1,17,3737,,0,1063,,G,,0,0,000000000,00000000000,0,0,0,1,0,0,0,0,0,0,0,998,0,0,0,9,9,6,2,12,0,0,0,1,18,47586,6,1,0,0,3,1,66,135,0,0,0,0,0,0,0,0,0,0,38,0,0,0,5,2,35,1,1,2,1,20,3,11,15,1,1,2,82,1,0
18,180708,1,1,1,23,7,0,45,30,0,1,0,18,1,53,706,53706,80,2001,999999999999,9,9,9,9,9,9,9,9,9,9,9,9,0,U,,,,9,17,,,,,,,,0,0,000000000,00000000000,0,0,0,1,0,0,0,0,0,0,0,998,0,0,0,12,12,6,2,30,0,0,0,1,18,46142,6,1,0,0,3,0,67,128,0,0,0,0,0,0,0,0,0,1,0,0,0,0,2,3,45,1,1,2,1,0,0,1,13,1,1,4,1,1,0
18,180709,1,1,1,20,12,18,30,8,0,1,0,18,4,2,404,2404,14,2011,1J4RR4GG4BC5,1,J,4,R,R,4,G,G,4,B,C,5,0,T,JEEP,LRO,4W,11,17,,2,0,1148,GCK,F,,0,0,000000000,00000000000,0,0,0,1,0,0,0,0,0,0,0,998,0,0,0,12,12,2,1,8,0,0,0,1,18,46074,6,1,0,0,3,0,72,175,0,0,0,0,0,0,0,0,0,0,0,0,0,0,1,2,10,1,1,2,2,0,0,11,80,1,1,1,13,0,0
18,180710,1,1,3,4,9,1,0,34,0,1,0,39,2,12,471,12471,30,2000,1FTYR14V2YPA,1,F,T,Y,R,1,4,V,2,Y,P,A,0,T,FORD,RNS,PS,0,17,,1,0,1257,RNG,F,,0,0,000000000,00000000000,0,0,0,1,0,0,0,0,0,0,0,998,0,1,6,14,12,6,2,42,0,0,0,1,39,45014,6,1,0,0,3,0,66,132,0,0,0,3,0,8,2008,9,2009,0,0,0,0,0,1,2,55,2,2,2,1,28,3,14,13,1,1,4,1,1,1
18,180711,1,1,6,26,12,9,38,35,0,1,0,21,2,20,20,20020,4,1996,2G1WN52M6T92,2,G,1,W,N,5,2,M,6,T,9,2,0,P,CHEV,LLS,4D,96,17,3372,,0,1075,,G,,0,0,000000000,00000000000,0,0,0,1,0,0,0,0,0,0,0,998,0,1,6,14,14,6,2,1,0,0,0,1,21,40065,6,2,0,0,3,0,63,124,0,0,0,0,0,0,0,0,0,0,58,92,0,0,3,3,70,1,1,2,1,0,0,1,8,6,3,4,2,1,0
18,180712,1,2,1,30,12,17,51,12,2,1,0,18,2,12,481,12481,31,2000,1FTZX1723YNA,1,F,T,Z,X,1,7,2,3,Y,N,A,0,T,FORD,F15,4C,0,17,,1,1571,1385,COF,G,,0,0,000000000,00000000000,0,0,0,1,0,0,0,0,0,0,0,998,0,0,0,12,12,6,2,12,0,0,0,1,18,46118,6,1,0,0,3,1,66,150,0,0,0,0,0,0,0,0,0,0,0,0,0,0,3,3,45,1,1,2,2,3,3,11,15,1,1,1,68,0,0
18,180712,2,2,1,30,12,17,51,12,2,1,0,18,1,98,709,98709,80,2004,0000MVIN3076,0,0,0,0,M,V,I,N,3,0,7,6,0,U,,,,,17,,,,,,,,0,0,000000000,00000000000,0,0,0,1,0,0,0,0,0,0,0,998,0,0,0,12,12,6,2,12,35,0,0,1,18,46241,6,1,6,0,3,0,75,285,0,0,0,1,0,3,2008,3,2008,0,39,0,0,0,3,3,45,1,1,2,2,3,3,1,17,1,1,1,69,1,0
18,180713,1,2,1,21,12,1,0,12,6,1,0,17,3,87,881,87881,66,2000,1XP5DB9X2YD4,1,X,P,5,D,B,9,X,2,Y,D,4,1,T,PTRB,379,DS,0,17,,8,0,0,CON,D,,1,57,1526773,571526773,3,6,1,1,0,0,0,0,0,0,0,998,0,0,0,12,12,6,2,12,0,0,0,1,17,61880,6,1,6,0,3,0,69,130,0,0,0,1,0,8,2009,8,2009,0,87,0,0,0,3,3,70,1,1,1,3,0,0,1,61,1,1,1,45,0,0
18,180713,2,2,1,21,12,1,0,12,6,1,0,18,1,37,31,37031,4,2001,1HGES16531L0,1,H,G,E,S,1,6,5,3,1,L,0,0,P,HOND,UCL,4D,1,17,2515,,0,1031,,G,,0,0,000000000,00000000000,0,0,0,1,0,0,0,0,0,0,0,998,0,0,0,3,3,6,2,12,0,0,0,1,18,46236,6,2,0,0,3,0,61,115,0,0,0,0,0,0,0,0,0,0,87,0,0,0,3,3,70,1,1,1,3,0,0,1,11,1,1,6,44,1,0
18,180714,1,1,1,5,11,6,30,53,0,1,0,36,4,20,22,20022,2,2010,1G1AD1F56A72,1,G,1,A,D,1,F,5,6,A,7,2,0,P,CHEV,BLT,CP,10,17,2991,,0,1033,,G,,0,0,000000000,00000000000,0,0,0,1,0,0,0,0,0,0,0,998,0,1,5,14,14,6,2,1,0,0,0,1,45,29680,6,1,0,0,3,1,67,170,0,0,0,1,0,5,2008,5,2008,0,0,0,0,0,1,2,55,1,1,2,2,0,0,1,13,1,1,4,1,1,0
19,190001,1,2,2,6,1,15,20,12,11,1,0,19,3,51,881,51881,66,2005,4V4NC9GH45N3,4,V,4,N,C,9,G,H,4,5,N,3,1,T,VOLV,VNL,DS,5,17,,8,0,0,VVN,D,,1,57,776426,57776426,3,6,3,1,0,0,0,0,0,0,0,998,0,0,0,6,6,2,1,12,0,0,0,1,95,0,9,9,99,9,9,9,999,999,99,99,99,99,99,99,9999,99,9999,0,0,0,0,0,3,3,65,1,1,1,4,0,0,2,53,1,1,1,32,0,0
19,190001,2,2,1,6,1,15,20,12,11,1,0,19,1,20,22,20022,4,2005,1G1AL52F6575,1,G,1,A,L,5,2,F,6,5,7,5,0,P,CHEV,BLS,4D,5,17,3216,,0,1033,,G,,0,0,000000000,00000000000,0,0,0,1,0,0,0,0,0,0,0,998,0,0,0,9,9,6,2,12,0,0,0,1,19,50111,6,1,0,0,3,3,76,150,0,0,0,1,0,11,2008,11,2008,1,0,0,0,0,3,2,65,1,1,1,4,0,0,1,5,9,2,1,32,1,0
19,190002,1,3,1,7,1,3,38,12,1,1,0,19,3,84,883,84883,63,1985,1HTZPGCT5FHA,1,H,T,Z,P,G,C,T,5,F,H,A,0,T,INTL,F74,TM,85,17,,8,2520,1800,SS,D,,0,57,1741913,571741913,3,2,4,1,0,0,0,0,0,0,0,98,0,0,0,12,12,6,2,12,0,0,0,1,19,51577,6,1,6,1,3,3,66,260,0,0,0,0,0,0,0,0,0,1,87,0,0,0,3,2,70,1,2,1,4,0,0,1,6,99,1,1,33,1,0