STATE,ST_CASE,VEH_NO,VE_FORMS,NUMOCCS,DAY,MONTH,HOUR,MINUTE,HARM_EV,MAN_COLL,UNITTYPE,HIT_RUN,REG_STAT,OWNER,MAKE,MODEL,MAK_MOD,BODY_TYP,MOD_YEAR,VIN,VIN_1,VIN_2,VIN_3,VIN_4,VIN_5,VIN_6,VIN_7,VIN_8,VIN_9,VIN_10,VIN_11,VIN_12,TOW_VEH,VINTYPE,VINMAKE,VINA_MOD,VIN_BT,VINMODYR,VIN_LNGT,VIN_WGT,WGTCD_TR,WHLBS_LG,WHLBS_SH,SER_TR,FUELCODE,MCYCL_DS,J_KNIFE,MCARR_I1,MCARR_I2,MCARR_ID,GVWR,V_CONFIG,CARGO_BT,HAZ_INV,HAZ_PLAC,HAZ_ID,HAZ_CNO,HAZ_REL,BUS_USE,SPEC_USE,EMER_USE,TRAV_SP,UNDERIDE,ROLLOVER,ROLINLOC,IMPACT1,IMPACT2,DEFORMED,TOWED,M_HARM,VEH_SC1,VEH_SC2,FIRE_EXP,DR_PRES,L_STATE,DR_ZIP,L_STATUS,L_TYPE,CDL_STAT,L_ENDORS,L_COMPL,L_RESTRI,DR_HGT,DR_WGT,PREV_ACC,PREV_SUS,PREV_DWI,PREV_SPD,PREV_OTH,FIRST_MO,FIRST_YR,LAST_MO,LAST_YR,SPEEDREL,DR_SF1,DR_SF2,DR_SF3,DR_SF4,VTRAFWAY,VNUM_LAN,VSPD_LIM,VALIGN,VPROFILE,VPAVETYP,VSURCOND,VTRAFCON,VTCONT_F,P_CRASH1,P_CRASH2,P_CRASH3,PCRASH4,PCRASH5,ACC_TYPE,DEATHS,DR_DRINK
19,190095,2,2,5,22,5,15,47,12,6,1,0,19,1,22,441,22441,20,2002,1GMDX03E42D2,1,G,M,D,X,0,3,E,4,2,D,2,0,T,PONT,MON,ES,2,17,,1,0,1200,MON,G,,0,0,000000000,00000000000,0,0,0,1,0,0,0,0,0,0,0,998,0,0,0,12,12,6,2,12,0,0,0,1,19,52778,6,1,0,0,3,0,69,150,1,0,0,2,0,11,2007,10,2008,0,0,0,0,0,1,2,50,1,1,2,1,0,0,1,62,1,1,1,65,0,0
19,190096,1,3,1,22,5,3,2,12,6,1,0,17,3,51,881,51881,66,2005,4V4NC9GH75N3,4,V,4,N,C,9,G,H,7,5,N,3,1,T,VOLV,VNL,DS,5,17,,8,0,0,VVN,D,,1,57,1639157,571639157,3,6,1,1,0,0,0,0,0,0,0,998,0,0,0,9,9,2,3,12,0,0,0,1,36,11223,6,1,6,0,3,0,70,999,0,0,0,0,0,0,0,0,0,0,48,0,0,0,3,2,65,1,1,1,1,0,0,12,10,1,1,2,98,0,0
19,190096,2,3,3,22,5,3,2,12,6,1,0,19,1,12,21,12021,4,2006,1FAFP25116G1,1,F,A,F,P,2,5,1,1,6,G,1,0,P,FORD,5LM,4D,6,17,3664,,0,1129,,G,,0,0,000000000,00000000000,0,0,0,1,0,0,0,0,0,0,0,998,2,0,0,12,13,6,2,12,0,0,0,1,19,52722,6,1,0,0,3,0,79,300,0,0,0,1,0,8,2008,8,2008,0,0,0,0,0,3,2,65,1,1,1,1,0,0,15,51,6,1,1,98,1,0
19,190096,3,3,1,22,5,3,2,12,6,1,0,17,2,12,401,12401,14,2002,1FMZU74E62ZA,1,F,M,Z,U,7,4,E,6,2,Z,A,0,P,FORD,EPR,UT,2,17,4388,,0,1137,,G,,0,0,000000000,00000000000,0,0,0,1,0,0,0,0,0,0,0,998,0,0,0,11,2,6,2,12,0,0,0,1,17,61244,6,1,0,0,3,3,75,170,0,0,0,0,0,0,0,0,0,0,0,0,0,0,3,2,65,1,1,1,1,0,0,1,52,99,1,1,98,0,0
19,190097,1,1,1,22,5,1,24,1,0,1,0,19,1,98,706,98706,80,2008,5VPCD26D8830,5,V,P,C,D,2,6,D,8,8,3,0,0,M,VCTY,CBD,RS,8,17,,,,,,,1634,0,0,000000000,00000000000,0,0,0,1,0,0,0,0,0,0,0,998,0,0,0,0,99,6,2,1,0,0,0,1,19,51501,6,1,0,0,3,0,65,165,0,0,0,0,0,0,0,0,0,1,28,0,0,0,3,2,65,2,1,2,1,0,0,6,13,1,1,4,1,1,0
19,190098,1,1,1,23,5,20,0,1,0,1,0,19,1,72,706,72706,80,2006,1HD1GN1176K3,1,H,D,1,G,N,1,1,7,6,K,3,0,M,HD,DLI,RS,6,17,,,,,,,1450,0,0,000000000,00000000000,0,0,0,1,0,0,0,0,0,0,0,998,0,0,0,0,99,4,3,1,0,0,0,1,19,50501,6,1,0,0,3,3,70,185,0,0,0,0,0,0,0,0,0,1,0,0,0,0,1,2,55,2,1,2,1,0,0,14,12,2,1,4,6,1,0
19,190099,1,1,1,23,5,13,25,51,0,1,0,19,1,98,739,98739,90,2006,4XAMH76A56A6,4,X,A,M,H,7,6,A,5,6,A,6,1,M,POL,P80,AT,6,17,,,,,,,760,2,0,000000000,00000000000,0,0,0,1,0,0,0,0,0,0,0,998,0,0,0,0,12,4,1,51,0,0,0,1,19,51047,6,1,6,0,3,3,72,220,0,0,0,0,0,0,0,0,0,0,0,0,0,0,1,2,55,1,2,4,1,0,0,1,13,1,1,1,0,1,0
19,190100,1,1,1,23,5,19,55,1,0,1,0,19,2,20,20,20020,4,1999,2G1WN52K1X92,2,G,1,W,N,5,2,K,1,X,9,2,0,P,CHEV,L/Z,4D,99,17,3372,,0,1075,,G,,0,0,000000000,00000000000,0,0,0,1,0,0,0,0,0,0,0,998,0,1,5,0,13,6,2,1,0,0,0,1,19,52136,6,1,0,0,3,3,68,135,1,0,0,0,0,2,2008,2,2008,0,0,0,0,0,1,2,55,1,2,2,1,0,0,1,10,7,1,4,1,1,0
19,190101,1,2,1,24,5,15,33,12,2,1,0,19,2,19,421,19421,15,2000,1GYEK63R3YR2,1,G,Y,E,K,6,3,R,3,Y,R,2,0,P,CADI,ESC,UT,0,17,5573,,0,1175,,G,,0,0,000000000,00000000000,0,0,0,1,0,0,0,0,0,0,0,998,0,0,0,12,11,6,2,12,0,0,0,1,19,51041,2,1,0,0,2,0,64,139,0,4,0,1,3,2,2008,5,2010,0,28,92,0,0,1,2,55,1,2,2,1,0,0,1,10,7,1,1,50,1,0
19,190101,2,2,1,24,5,15,33,12,2,1,0,19,3,87,881,87881,66,2005,1XPFDU9X65N8,1,X,P,F,D,U,9,X,6,5,N,8,1,T,PTRB,378,DS,5,17,,8,0,0,CON,D,,1,57,329406,57329406,3,6,2,1,0,0,0,0,0,0,0,998,0,0,0,12,11,6,2,12,0,0,0,1,19,51250,6,1,6,1,3,0,75,210,0,0,0,0,0,0,0,0,0,0,0,0,0,0,1,2,55,1,2,2,1,0,0,1,62,1,1,1,51,0,0
19,190102,1,1,1,26,5,19,58,9,0,1,0,19,2,37,32,37032,4,2002,JHMCG56692C0,J,H,M,C,G,5,6,6,9,2,C,0,0,P,HOND,UEX,4D,2,17,3142,,0,1069,,G,,0,0,000000000,00000000000,0,0,0,1,0,0,0,0,0,0,0,998,0,0,0,13,13,6,2,9,0,0,0,1,19,50565,6,1,0,0,3,0,63,125,0,0,0,0,0,0,0,0,0,0,38,0,0,0,1,2,55,1,1,2,1,0,0,1,83,1,1,1,13,0,0
19,190103,1,2,2,26,5,17,0,12,6,1,0,19,1,72,709,72709,80,1980,999999999999,9,9,9,9,9,9,9,9,9,9,9,9,0,U,,,,9,17,,,,,,,,0,0,000000000,00000000000,0,0,0,1,0,0,0,0,0,0,0,998,0,0,0,12,12,6,2,12,0,0,0,1,19,52175,6,1,0,0,3,3,70,170,0,0,0,0,0,0,0,0,0,0,35,0,0,0,1,2,55,2,2,2,1,0,0,14,51,4,1,2,73,1,0
19,190103,2,2,1,26,5,17,0,12,6,1,0,19,2,20,481,20481,31,1998,1GCGK24R5WZ1,1,G,C,G,K,2,4,R,5,W,Z,1,1,T,CHEV,GK2,PK,98,17,,2,0,1315,GM4,G,,1,0,000000000,00000000000,0,0,0,1,0,0,0,0,0,0,0,998,0,0,0,8,6,2,1,12,0,0,0,1,19,52175,6,1,6,0,3,0,77,210,0,0,0,1,0,9,2009,9,2009,0,0,0,0,0,1,2,55,2,2,2,1,0,0,11,15,1,1,3,72,0,0
19,190104,1,2,1,27,5,13,3,12,6,1,0,19,2,20,36,20036,2,1997,2G1WW12M4V92,2,G,1,W,W,1,2,M,4,V,9,2,0,P,CHEV,MLS,CP,97,17,3320,,0,1075,,G,,0,0,000000000,00000000000,0,0,0,1,0,0,0,0,0,0,0,998,0,0,0,12,2,6,2,12,0,0,0,1,19,51543,6,1,0,0,3,0,70,120,0,0,0,0,0,0,0,0,0,0,39,0,0,0,1,2,55,1,1,2,1,20,3,1,17,1,1,1,88,0,0
19,190104,2,2,1,27,5,13,3,12,6,1,0,19,1,72,706,72706,80,2004,1HD1GMW104K3,1,H,D,1,G,M,W,1,0,4,K,3,0,M,HD,FDI,RS,4,17,,,,,,,1450,0,0,000000000,00000000000,0,0,0,1,0,0,0,0,0,0,0,998,0,0,0,11,11,6,2,12,0,0,0,1,19,50076,6,1,0,0,3,3,70,185,0,0,0,0,0,0,0,0,0,0,0,0,0,0,5,4,55,1,1,2,1,0,0,1,17,1,1,1,89,1,0
19,190105,1,1,1,29,5,21,30,1,0,1,0,19,2,72,706,72706,80,2006,1HD1JAB166Y0,1,H,D,1,J,A,B,1,6,6,Y,0,0,M,HD,TBI,RS,6,17,,,,,,,1450,0,0,000000000,00000000000,0,0,0,1,0,0,0,0,0,0,0,998,0,0,0,0,9,4,3,1,0,0,0,1,19,52224,2,1,0,0,2,0,78,220,0,0,5,0,0,1,2009,2,2010,0,0,0,0,0,1,2,55,1,2,2,1,0,0,1,13,1,1,4,1,1,1
19,190106,1,1,2,31,5,13,16,31,0,1,0,31,1,72,706,72706,80,2005,1HD1FRW105Y6,1,H,D,1,F,R,W,1,0,5,Y,6,0,M,HD,FCI,RS,5,17,,,,,,,1450,0,0,000000000,00000000000,0,0,0,1,0,0,0,0,0,0,0,998,0,0,0,2,2,4,3,31,0,0,0,1,31,68505,6,1,6,0,3,3,75,185,0,0,0,0,0,0,0,0,0,0,0,0,0,0,1,2,55,2,2,2,1,0,0,14,13,1,1,4,1,1,0
19,190107,1,2,2,1,6,16,23,12,6,1,0,19,1,22,20,22020,4,2000,1G2WR5213YF2,1,G,2,W,R,5,2,1,3,Y,F,2,0,P,PONT,GTP,4D,0,17,3523,,0,1105,,G,,0,0,000000000,00000000000,0,0,0,1,0,0,0,0,0,0,0,998,0,0,0,3,3,6,2,12,0,0,0,1,19,50525,6,2,0,0,3,3,75,165,0,0,0,0,0,0,0,0,0,0,38,0,0,0,1,2,55,1,1,4,1,0,0,1,17,1,1,1,87,1,0
19,190107,2,2,1,1,6,16,23,12,6,1,0,19,2,6,41,6041,4,1997,2C3HD56FXVH5,2,C,3,H,D,5,6,F,X,V,H,5,0,P,CHRY,L/L,4D,97,17,3460,,0,1130,,G,,0,0,000000000,00000000000,0,0,0,1,0,0,0,0,0,0,0,998,0,0,0,12,12,6,2,12,0,0,0,1,19,50525,6,2,0,0,3,3,68,160,0,0,0,0,0,0,0,0,0,0,0,0,0,0,1,2,55,1,1,4,1,0,0,1,17,1,1,1,86,0,0
19,190108,1,1,2,3,6,11,44,1,0,1,0,31,2,38,402,38402,14,2001,4S2CK58W6143,4,S,2,C,K,5,8,W,6,1,4,3,0,P,ISU,ROD,UT,1,17,3856,,0,1064,,G,,0,0,000000000,00000000000,0,0,0,1,0,0,0,0,0,0,0,998,0,1,3,0,13,6,2,1,0,0,0,1,27,56001,6,1,0,0,3,0,70,180,0,0,0,0,0,0,0,0,0,0,0,0,0,0,3,6,65,1,1,1,1,0,0,1,12,6,3,4,7,1,0
19,190109,1,2,4,4,6,14,30,12,6,1,0,19,1,18,2,18002,4,1992,1G4HP53L4NH4,1,G,4,H,P,5,3,L,4,N,H,4,0,P,BUIC,LCF,4D,92,17,3417,,0,1108,,G,,0,0,000000000,00000000000,0,0,0,1,0,0,0,0,0,0,0,9,0,0,0,11,11,4,3,12,0,0,0,1,19,52651,6,1,0,0,3,0,64,160,0,0,0,1,0,4,2008,4,2008,0,48,38,0,0,1,2,55,1,1,2,1,20,3,12,53,1,1,1,98,0,0
19,190109,2,2,1,4,6,14,30,12,6,1,0,19,2,37,705,37705,80,1984,JH2PC1308EM0,J,H,2,P,C,1,3,0,8,E,M,0,0,M,HOND,V5C,RS,84,17,,,,,,,500,0,0,000000000,00000000000,0,0,0,1,0,0,0,0,0,0,0,998,0,0,0,12,12,6,2,12,0,0,0,1,19,52630,6,1,0,0,3,0,64,140,0,0,0,0,0,0,0,0,0,0,0,0,0,0,1,2,55,1,1,2,1,0,0,1,17,1,1,1,98,1,0
19,190110,1,1,2,4,6,17,32,31,0,1,0,19,1,2,403,2403,14,2010,1J4AA2D18AL1,1,J,4,A,A,2,D,1,8,A,L,1,0,T,JEEP,WRS,2W,10,17,,1,0,954,WRA,G,,0,0,000000000,00000000000,0,0,0,1,0,0,0,0,0,0,0,998,0,1,5,3,3,6,2,1,0,0,0,1,19,51535,6,1,0,0,3,0,63,110,0,0,0,0,0,0,0,0,0,0,0,0,0,0,1,2,30,2,1,2,1,0,0,14,13,1,1,4,1,1,1
19,190111,1,1,1,5,6,12,54,21,0,1,0,19,2,12,17,12017,4,2002,1FAFP55U42A1,1,F,A,F,P,5,5,U,4,2,A,1,0,P,FORD,TSS,4D,2,17,3392,,0,1085,,G,,0,0,000000000,00000000000,0,0,0,1,0,0,0,0,0,0,0,998,0,0,0,12,12,6,2,21,0,0,0,1,19,52072,6,1,0,0,3,3,63,190,0,0,0,0,0,0,0,0,0,0,28,0,0,0,1,2,25,1,1,2,2,0,0,1,12,1,1,4,6,1,0
19,190112,1,4,1,6,6,14,0,12,6,1,0,19,1,76,706,76706,80,2007,JYAVP11E57A0,J,Y,A,V,P,1,1,E,5,7,A,0,0,M,YAMA,XVS,RS,7,17,,,,,,,1063,0,0,000000000,00000000000,0,0,0,1,0,0,0,0,0,0,0,998,0,0,0,9,9,6,2,12,0,0,0,1,19,50320,6,1,6,0,3,0,66,150,0,0,0,0,0,0,0,0,0,0,38,0,0,0,3,3,65,1,1,2,1,0,0,16,51,1,1,7,48,0,0
19,190112,2,4,3,6,6,14,0,12,6,1,0,29,1,7,24,7024,4,2007,2B3KA43G87H7,2,B,3,K,A,4,3,G,8,7,H,7,0,P,DODG,CTL,4D,7,17,3720,,0,1200,,G,,0,0,000000000,00000000000,0,0,0,1,0,0,0,0,0,0,0,998,0,0,0,3,3,4,3,12,0,0,0,1,29,64014,6,1,0,0,3,3,64,190,0,0,0,0,0,0,0,0,0,0,0,0,0,0,3,3,65,1,1,2,1,0,0,1,74,1,1,1,48,0,0
19,190112,3,4,1,6,6,14,0,12,6,1,0,19,1,73,706,73706,80,2003,JKBVNAL193A0,J,K,B,V,N,A,L,1,9,3,A,0,0,M,KAWK,V5L,RS,3,17,,,,,,,1500,0,0,000000000,00000000000,0,0,0,1,0,0,0,0,0,0,0,998,0,0,0,9,9,4,3,12,0,0,0,1,19,50310,6,1,0,0,3,3,72,240,0,0,0,0,0,0,0,0,0,0,28,0,0,0,6,1,65,1,1,2,1,0,0,16,51,6,1,7,98,1,0
19,190112,4,4,2,6,6,14,0,12,6,1,0,55,4,85,881,85881,66,2007,1XKTD49X57J1,1,X,K,T,D,4,9,X,5,7,J,1,1,T,KW,T20,DS,7,17,,8,2600,1900,CON,D,,1,57,427949,57427949,3,6,1,1,0,0,0,0,0,0,0,998,0,0,0,12,12,2,1,12,0,0,0,1,55,53520,6,1,6,0,3,3,65,150,0,0,0,0,0,0,0,0,0,0,0,0,0,0,3,3,65,1,1,2,1,0,0,1,80,1,1,1,98,0,0
19,190113,1,1,1,7,6,17,33,1,0,1,0,19,1,12,401,12401,14,2001,1FMZU77E91UC,1,F,M,Z,U,7,7,E,9,1,U,C,0,P,FORD,EPR,UT,1,17,4332,,0,1259,,G,,0,0,000000000,00000000000,0,0,0,1,0,0,0,0,0,0,0,998,0,1,5,0,13,6,2,1,0,0,0,1,19,52556,6,1,0,0,3,3,66,155,0,2,0,0,2,11,2007,6,2008,0,82,28,0,0,1,2,55,1,2,2,1,0,0,1,13,9,1,4,98,1,0
19,190114,1,2,1,11,6,16,5,12,6,1,0,19,1,12,17,12017,4,1997,1FALP52U9VG1,1,F,A,L,P,5,2,U,9,V,G,1,0,P,FORD,TAG,4D,97,17,3329,,0,1085,,G,,0,0,000000000,00000000000,0,0,0,1,0,0,0,0,0,0,0,998,0,0,0,9,9,6,2,12,0,0,0,1,19,52035,6,1,0,0,3,3,73,230,1,1,1,0,0,7,2007,7,2007,0,38,0,0,0,2,5,65,1,1,1,1,20,3,1,17,1,1,1,89,1,0
19,190114,2,2,1,11,6,16,5,12,6,1,0,19,1,20,403,20403,14,2007,1GNDT13SX722,1,G,N,D,T,1,3,S,X,7,2,2,0,P,CHEV,TRL,UT,7,17,4523,,0,1130,,G,,0,0,000000000,00000000000,0,0,0,1,0,0,0,0,0,0,0,998,0,0,0,12,12,6,2,12,0,0,0,1,19,52050,6,1,0,0,3,3,65,125,0,0,0,0,0,0,0,0,0,0,0,0,0,0,5,5,65,1,1,1,1,20,3,1,17,1,1,1,88,0,0
19,190115,1,1,1,12,6,10,39,57,0,1,0,19,1,7,4,7004,2,2004,1B3JZ65Z74V1,1,B,3,J,Z,6,5,Z,7,4,V,1,0,P,DODG,ST1,CV,4,17,3309,,0,988,,G,,0,0,000000000,00000000000,0,0,0,1,0,0,0,0,0,0,0,998,0,0,0,13,13,6,2,57,0,0,0,1,19,50613,6,1,0,0,3,3,66,182,0,0,0,0,0,0,0,0,0,0,0,0,0,0,3,4,55,1,1,1,2,0,0,6,12,1,7,4,7,1,0
19,190116,1,2,1,8,6,20,15,12,2,1,0,19,1,22,20,22020,2,1995,1G2WJ12M0SF2,1,G,2,W,J,1,2,M,0,S,F,2,0,P,PONT,GFS,CP,95,17,3275,,0,1075,,G,,0,0,000000000,00000000000,0,0,0,1,0,0,0,0,0,0,0,998,0,0,0,12,12,6,2,12,0,0,0,1,19,52064,6,1,0,0,3,0,64,110,0,0,1,1,1,6,2009,6,2009,0,51,0,0,0,1,2,50,1,2,4,2,0,0,1,54,1,1,1,50,0,1
19,190116,2,2,1,8,6,20,15,12,2,1,0,17,4,76,739,76739,90,2009,JY4AM14Y19C0,J,Y,4,A,M,1,4,Y,1,9,C,0,0,M,YAMA,AM0,AT,9,17,,,,,,,686,0,0,000000000,00000000000,0,0,0,1,0,0,0,0,0,0,0,998,0,0,0,12,12,6,2,12,0,0,1,1,17,61074,6,1,0,0,3,0,67,120,0,0,0,0,0,0,0,0,0,0,0,0,0,0,1,2,50,1,2,4,2,0,0,1,54,1,1,2,51,1,0
19,190117,1,1,2,9,6,22,48,7,0,1,0,19,2,76,706,76706,80,1985,JYA1FK003FA0,J,Y,A,1,F,K,0,0,3,F,A,0,0,M,YAMA,VMX,RS,85,17,,,,,,,1198,0,0,000000000,00000000000,0,0,0,1,0,0,0,0,0,0,0,998,0,0,0,0,9,6,2,7,0,0,0,1,19,50459,6,1,0,0,3,0,68,150,0,0,0,0,0,0,0,0,0,0,28,0,0,0,3,2,70,1,1,2,1,0,0,1,18,9,9,4,0,1,0
19,190118,1,2,1,10,6,17,8,12,6,1,0,19,1,84,881,84881,66,1992,2HSFBMUR7NC0,2,H,S,F,B,M,U,R,7,N,C,0,1,T,INTL,930,TM,92,17,,8,1850,1540,90S,D,,1,57,1446525,571446525,3,6,8,1,0,0,0,0,0,0,0,998,0,0,0,12,12,6,2,12,0,0,0,1,19,50859,6,1,6,1,3,3,72,185,0,0,0,0,1,7,2009,7,2009,0,0,0,0,0,1,2,55,1,2,2,1,0,0,1,17,1,1,1,86,0,0
19,190118,2,2,1,10,6,17,8,12,6,1,0,19,2,7,43,7043,4,2005,1B3EL46R75N5,1,B,3,E,L,4,6,R,7,5,N,5,0,P,DODG,SRX,4D,5,17,3093,,0,1080,,G,,0,0,000000000,00000000000,0,0,0,1,0,0,0,0,0,0,0,998,0,0,0,3,3,6,2,12,0,0,0,1,19,50841,6,1,0,0,3,0,64,120,0,0,0,0,0,0,0,0,0,0,39,0,0,0,1,2,55,1,2,2,1,20,3,1,17,1,1,1,87,1,0
19,190119,1,1,2,17,6,0,30,33,0,1,0,19,1,71,709,71709,80,2005,1HD1FYW115Y6,1,H,D,1,F,Y,W,1,1,5,Y,6,0,M,HD,RSI,RS,5,17,,,,,,,1450,0,0,000000000,00000000000,0,0,0,1,0,0,0,0,0,0,0,998,0,0,0,12,12,2,3,33,0,0,0,1,19,52804,6,1,0,0,3,0,73,400,0,0,0,0,0,0,0,0,0,1,0,0,0,0,1,2,30,2,1,2,1,0,0,14,6,7,1,4,1,1,0
19,190120,1,2,1,12,6,3,47,12,2,1,0,19,1,20,16,20016,2,1998,1G1JC124XW71,1,G,1,J,C,1,2,4,X,W,7,1,0,P,CHEV,C/S,CP,98,17,2584,,0,1041,,G,,0,0,000000000,00000000000,0,0,0,1,0,0,0,0,0,0,0,998,0,0,0,12,12,6,2,12,0,0,0,1,19,52601,1,1,5,0,2,0,71,160,0,0,0,0,0,0,0,0,0,0,51,0,0,0,3,3,65,1,1,1,1,0,0,1,54,1,1,1,50,1,0
19,190120,2,2,1,12,6,3,47,12,2,1,0,27,3,84,881,84881,66,1999,1FUYSSEB3XL9,1,F,U,Y,S,S,E,B,3,X,L,9,1,T,FRHT,FC2,DS,99,17,,8,0,0,CON,D,,1,57,146000,57146000,3,6,1,1,0,0,0,0,0,0,0,998,0,0,0,12,12,6,2,12,0,0,0,1,55,54956,6,1,6,1,3,3,73,160,0,0,0,1,1,6,2007,12,2008,0,0,0,0,0,3,3,65,1,1,1,1,0,0,1,54,4,1,1,51,0,0
19,190121,1,1,1,18,6,19,51,42,0,1,0,19,1,37,709,37709,80,2006,1HFSC526X6A3,1,H,F,S,C,5,2,6,X,6,A,3,0,M,HOND,X13,RS,6,17,,,,,,,1312,0,0,000000000,00000000000,0,0,0,1,0,0,0,0,0,0,0,998,0,0,0,6,6,6,2,42,0,0,0,1,19,50836,6,1,0,0,3,3,70,150,0,0,0,0,0,0,0,0,0,0,28,0,0,0,1,2,55,2,2,2,1,0,0,14,12,99,1,4,6,1,1
19,190122,1,2,1,19,6,13,32,35,0,1,0,17,1,37,706,37706,80,2002,1HFSC47432A1,1,H,F,S,C,4,7,4,3,2,A,1,1,M,HOND,GLA,RS,2,17,,,,,,,1832,1,0,000000000,00000000000,0,0,0,1,0,0,0,0,0,0,0,998,0,0,0,2,2,4,3,12,0,0,0,1,17,61738,6,1,6,0,3,3,71,210,0,0,0,0,0,0,0,0,0,0,28,0,0,0,3,3,65,1,1,2,1,0,0,1,8,1,1,4,98,1,0
19,190122,2,2,1,19,6,13,32,35,0,1,1,99,9,99,399,99399,9,9999,999999999999,9,9,9,9,9,9,9,9,9,9,9,9,0,U,,,,9,17,,,,,,,,0,0,000000000,00000000000,0,0,0,1,0,0,0,0,0,0,0,998,0,0,0,12,12,9,1,12,0,0,0,1,99,99999,9,9,99,9,9,9,999,999,99,99,99,99,99,99,9999,99,9999,0,92,0,0,0,3,3,65,1,1,2,1,0,0,1,80,1,1,1,98,0,0
19,190123,1,1,7,21,6,9,38,57,0,1,0,41,1,49,442,49442,20,2006,5TDZA23C76S5,5,T,D,Z,A,2,3,C,7,6,S,5,0,P,TOYT,SIE,SV,6,17,4120,,0,1193,,G,,0,0,000000000,00000000000,0,0,0,1,0,0,0,0,0,0,0,998,0,0,0,12,3,6,2,50,0,0,0,1,41,97116,6,1,0,0,3,3,70,205,0,0,0,0,0,0,0,0,0,0,0,0,0,0,3,2,70,1,2,2,2,0,0,1,8,1,2,4,7,1,0
19,190124,1,2,1,22,6,12,10,12,2,1,0,19,1,20,481,20481,31,1999,2GCEK19T1X11,2,G,C,E,K,1,9,T,1,X,1,1,0,T,CHEV,SK1,3C,99,17,,2,1575,1435,SIL,G,,0,0,000000000,00000000000,0,0,0,1,0,0,0,0,0,0,0,998,0,1,5,12,13,6,9,12,0,0,0,1,19,51008,6,1,0,0,3,3,68,240,0,0,0,0,0,0,0,0,0,0,28,0,0,0,1,2,55,1,2,2,1,0,0,1,10,1,1,2,50,1,0
19,190124,2,2,2,22,6,12,10,12,2,1,0,19,1,18,3,18003,4,1998,1G4CW52K2W46,1,G,4,C,W,5,2,K,2,W,4,6,0,P,BUIC,PKA,4D,98,17,3645,,0,1138,,G,,0,0,000000000,00000000000,0,0,0,1,0,0,0,0,0,0,0,998,0,0,0,12,9,6,9,12,0,0,0,1,19,50568,6,1,0,0,3,0,67,190,0,0,0,1,0,3,2010,3,2010,0,0,0,0,0,1,2,55,1,2,2,1,0,0,1,18,9,1,3,51,0,0
19,190125,1,2,3,25,6,5,45,12,2,1,0,19,2,20,32,20032,4,1995,1Y1SK5263SZ0,1,Y,1,S,K,5,2,6,3,S,Z,0,0,P,GEO,GEP,4D,95,17,2348,,0,971,,G,,0,0,000000000,00000000000,0,0,0,1,0,0,0,0,0,0,0,998,0,0,0,12,12,6,2,12,0,0,0,1,19,52544,6,1,0,0,3,0,73,275,1,1,0,0,1,10,2007,5,2010,0,28,0,0,0,1,2,55,1,2,1,1,0,0,1,10,1,1,1,50,2,0
19,190125,2,2,1,25,6,5,45,12,2,1,0,19,1,20,37,20037,4,1998,1G1ND52T8WY1,1,G,1,N,D,5,2,T,8,W,Y,1,0,P,CHEV,MAL,4D,98,17,3100,,0,1070,,G,,0,0,000000000,00000000000,0,0,0,1,0,0,0,0,0,0,0,998,0,0,0,12,12,6,2,12,0,0,0,1,19,52577,6,1,0,0,3,0,63,185,1,0,0,1,1,7,2007,12,2007,0,0,0,0,0,1,2,55,1,2,1,1,0,0,1,62,1,1,2,51,0,0
19,190126,1,1,1,25,6,3,55,8,0,1,0,19,1,12,481,12481,31,1998,1FTPX28L1WNA,1,F,T,P,X,2,8,L,1,W,N,A,0,T,FORD,F25,3C,98,17,,2,0,1390,COF,G,,0,0,000000000,00000000000,0,0,0,1,0,0,0,0,0,0,0,998,0,0,0,12,12,2,3,8,0,0,0,1,19,52205,6,1,0,0,3,0,74,250,1,0,0,0,0,12,2009,12,2009,0,0,0,0,0,5,5,40,1,1,2,1,0,0,1,80,1,1,1,13,0,0
19,190127,1,2,1,26,6,13,6,54,11,1,0,19,1,53,706,53706,80,2008,JS1VS52A0821,J,S,1,V,S,5,2,A,0,8,2,1,0,M,SUZI,V80,RS,8,17,,,,,,,819,0,0,000000000,00000000000,0,0,0,1,0,0,0,0,0,0,0,998,0,0,0,99,2,4,3,54,0,0,0,1,19,52404,6,1,0,0,3,3,70,170,0,0,0,0,0,0,0,0,0,0,0,0,0,0,1,2,55,1,1,2,1,0,0,1,98,1,1,1,98,1,0
19,190127,2,2,1,26,6,13,6,54,11,1,0,19,1,41,471,41471,30,2000,4F4ZR17V4YTM,4,F,4,Z,R,1,7,V,4,Y,T,M,0,T,MAZD,3CP,PC,0,17,,1,0,1259,B30,F,,0,0,000000000,00000000000,0,0,0,1,0,0,0,0,0,0,0,998,0,0,0,18,0,9,9,54,0,0,0,1,19,52323,6,1,0,0,3,0,66,155,0,0,0,0,0,0,0,0,0,0,21,0,0,0,1,2,55,1,1,2,1,0,0,1,98,1,1,1,98,0,0
19,190128,1,2,1,26,6,13,4,12,6,1,0,19,2,98,998,98998,92,1961,999999999999,9,9,9,9,9,9,9,9,9,9,9,9,0,U,,,,9,17,,,,,,,,0,0,000000000,00000000000,0,0,0,1,0,0,0,0,0,0,0,998,0,0,0,2,2,0,3,12,0,0,0,1,19,51573,6,7,0,0,3,3,68,150,0,0,0,0,0,0,0,0,0,0,38,0,0,0,1,2,25,1,1,2,1,0,0,11,15,2,1,2,68,0,0