STATE,ST_CASE,VEH_NO,VE_FORMS,NUMOCCS,DAY,MONTH,HOUR,MINUTE,HARM_EV,MAN_COLL,UNITTYPE,HIT_RUN,REG_STAT,OWNER,MAKE,MODEL,MAK_MOD,BODY_TYP,MOD_YEAR,VIN,VIN_1,VIN_2,VIN_3,VIN_4,VIN_5,VIN_6,VIN_7,VIN_8,VIN_9,VIN_10,VIN_11,VIN_12,TOW_VEH,VINTYPE,VINMAKE,VINA_MOD,VIN_BT,VINMODYR,VIN_LNGT,VIN_WGT,WGTCD_TR,WHLBS_LG,WHLBS_SH,SER_TR,FUELCODE,MCYCL_DS,J_KNIFE,MCARR_I1,MCARR_I2,MCARR_ID,GVWR,V_CONFIG,CARGO_BT,HAZ_INV,HAZ_PLAC,HAZ_ID,HAZ_CNO,HAZ_REL,BUS_USE,SPEC_USE,EMER_USE,TRAV_SP,UNDERIDE,ROLLOVER,ROLINLOC,IMPACT1,IMPACT2,DEFORMED,TOWED,M_HARM,VEH_SC1,VEH_SC2,FIRE_EXP,DR_PRES,L_STATE,DR_ZIP,L_STATUS,L_TYPE,CDL_STAT,L_ENDORS,L_COMPL,L_RESTRI,DR_HGT,DR_WGT,PREV_ACC,PREV_SUS,PREV_DWI,PREV_SPD,PREV_OTH,FIRST_MO,FIRST_YR,LAST_MO,LAST_YR,SPEEDREL,DR_SF1,DR_SF2,DR_SF3,DR_SF4,VTRAFWAY,VNUM_LAN,VSPD_LIM,VALIGN,VPROFILE,VPAVETYP,VSURCOND,VTRAFCON,VTCONT_F,P_CRASH1,P_CRASH2,P_CRASH3,PCRASH4,PCRASH5,ACC_TYPE,DEATHS,DR_DRINK
19,190128,2,2,1,26,6,13,4,12,6,1,0,19,1,98,709,98709,88,2008,L5YTCKPA3812,L,5,Y,T,C,K,P,A,3,8,1,2,0,U,,,,8,17,,,,,,,,0,0,000000000,00000000000,0,0,0,1,0,0,0,0,0,0,0,998,0,0,0,12,12,6,2,12,0,0,0,1,19,51566,6,1,6,0,3,0,69,200,0,0,0,0,0,0,0,0,0,0,0,0,0,0,1,2,25,1,1,2,1,0,0,1,17,8,1,2,69,1,1
19,190129,1,1,6,2,6,20,20,1,0,1,0,29,1,12,481,12481,31,1999,1FTNX21L9XED,1,F,T,N,X,2,1,L,9,X,E,D,0,T,FORD,F2S,4C,99,17,,2,1580,1418,SRW,G,,0,0,000000000,00000000000,0,0,0,1,0,0,0,0,0,0,0,998,0,1,5,0,13,6,2,1,0,0,0,1,29,65270,6,1,0,0,3,0,68,254,1,0,0,0,0,5,2009,5,2009,0,58,0,0,0,2,4,65,1,1,1,1,0,0,1,13,1,1,4,6,2,0
19,190131,1,1,1,28,6,13,5,1,0,1,0,19,1,53,739,53739,90,2009,5SAAR41AX971,5,S,A,A,R,4,1,A,X,9,7,1,0,M,SUZI,L75,AT,9,17,,,,,,,722,0,0,000000000,00000000000,0,0,0,1,0,0,0,0,0,0,0,998,0,1,5,0,2,4,1,1,0,0,0,1,19,50273,6,1,6,0,3,3,75,220,0,0,0,0,0,0,0,0,0,0,0,0,0,0,1,2,55,1,2,4,1,0,0,1,12,7,3,4,7,1,0
19,190132,1,3,3,19,6,13,35,12,1,1,0,31,2,20,22,20022,4,2006,1G1AK55F7678,1,G,1,A,K,5,5,F,7,6,7,8,0,P,CHEV,BLS,4D,6,17,3216,,0,1033,,G,,0,0,000000000,00000000000,0,0,0,1,0,0,0,0,0,0,0,0,0,0,0,6,3,6,2,12,0,0,0,1,31,68135,6,1,0,0,3,0,73,170,0,0,0,0,0,0,0,0,0,0,0,0,0,0,1,2,55,1,2,2,1,0,0,5,8,1,1,1,22,1,0
19,190132,2,3,1,19,6,13,35,12,1,1,0,19,3,82,881,82881,66,2005,1FUJF6CV65DN,1,F,U,J,F,6,C,V,6,5,D,N,1,T,FRHT,CLC,DS,5,17,,8,0,0,CON,D,,1,57,261738,57261738,3,6,1,1,0,0,0,0,0,0,0,998,0,0,0,12,12,4,3,12,0,0,0,1,19,50036,6,1,6,1,3,0,73,200,0,0,0,0,0,0,0,0,0,1,38,0,0,0,1,2,55,1,2,2,1,0,0,1,50,1,1,1,20,0,0
19,190132,3,3,2,19,6,13,35,12,1,1,0,20,1,7,402,7402,14,2001,1B4HS28N01F6,1,B,4,H,S,2,8,N,0,1,F,6,0,P,DODG,DUR,UT,1,17,4512,,0,1159,,G,,0,0,000000000,00000000000,0,0,0,1,0,0,0,0,0,0,0,998,0,0,0,12,12,6,2,12,0,0,0,1,20,66835,6,1,0,0,3,0,73,240,1,0,0,1,0,8,2007,7,2008,0,0,0,0,0,1,2,55,1,2,2,1,0,0,1,62,99,1,1,98,0,0
19,190133,1,2,2,19,6,16,9,12,1,1,0,19,1,72,706,72706,80,1996,1HD1BNL11TY0,1,H,D,1,B,N,L,1,1,T,Y,0,0,M,HD,FLN,RS,96,17,,,,,,,1340,0,0,000000000,00000000000,0,0,0,1,0,0,0,0,0,0,0,998,0,0,0,12,12,6,2,12,0,0,0,1,19,52001,6,1,0,0,3,0,70,250,0,0,0,0,0,0,0,0,0,0,26,0,0,0,1,4,55,1,1,1,1,0,0,1,52,1,1,1,24,1,0
19,190133,2,2,2,19,6,16,9,12,1,1,0,19,1,18,22,18022,4,2006,2G4WD582X612,2,G,4,W,D,5,8,2,X,6,1,2,0,P,BUIC,LAL,4D,6,17,3502,,0,1105,,G,,0,0,000000000,00000000000,0,0,0,1,0,0,0,0,0,0,0,998,0,0,0,6,6,6,2,12,0,0,0,1,19,52101,6,1,0,0,3,0,70,190,0,0,0,0,0,0,0,0,0,0,0,0,0,0,1,4,55,1,1,1,1,0,0,11,18,1,1,1,26,0,0
19,190134,1,2,1,28,6,19,7,12,6,1,0,19,1,37,709,37709,80,1981,SC0214BA1049,S,C,0,2,1,4,B,A,1,0,4,9,0,P,,T60,DS,,17,,8,2600,1600,CON,D,,0,0,000000000,00000000000,0,0,0,1,0,0,0,0,0,0,0,998,0,0,0,12,12,6,2,12,0,0,0,1,19,50139,6,1,0,0,3,0,66,140,0,0,0,0,0,0,0,0,0,1,38,0,0,0,1,2,55,1,2,2,1,0,0,1,17,9,1,2,83,1,0
19,190134,2,2,1,28,6,19,7,12,6,1,0,93,3,85,881,85881,66,2007,1XKADB9X67R1,1,X,K,A,D,B,9,X,6,7,R,1,1,T,KW,T60,DS,7,17,,8,2600,1600,CON,D,,1,57,1302491,571302491,3,6,1,1,0,0,0,0,0,0,0,998,0,0,0,9,9,2,1,12,0,0,0,1,6,95307,6,1,6,0,3,3,69,180,0,0,0,1,1,7,2008,12,2009,0,0,0,0,0,1,2,55,1,2,2,1,20,3,11,15,1,1,2,82,0,0
19,190135,1,1,1,29,6,17,35,9,0,1,0,19,1,12,481,12481,31,2005,1FTPX12595NA,1,F,T,P,X,1,2,5,9,5,N,A,0,T,FORD,F15,4C,5,17,,2,1450,1260,COF,G,,0,0,000000000,00000000000,0,0,0,1,0,0,0,0,0,0,0,998,0,0,0,12,12,2,3,9,0,0,0,1,19,51040,6,1,0,0,3,0,69,190,0,0,0,0,0,0,0,0,0,0,0,0,0,0,1,2,55,1,1,2,1,0,0,1,83,8,1,2,13,0,0
19,190136,1,1,2,30,6,15,40,24,0,1,0,19,1,37,706,37706,80,1983,1HFSC0220DA3,1,H,F,S,C,0,2,2,0,D,A,3,0,M,HOND,G1A,RS,83,17,,,,,,,1100,0,0,000000000,00000000000,0,0,0,1,0,0,0,0,0,0,0,998,0,0,0,9,9,6,2,24,0,0,0,1,19,52732,6,1,0,0,3,3,71,165,1,0,0,0,0,5,2010,5,2010,9,0,0,0,0,1,5,65,1,1,1,1,0,0,1,10,1,1,4,6,2,0
19,190137,1,1,3,1,7,19,30,1,0,1,0,19,2,14,443,14443,20,1996,4M2DV11W8TDJ,4,M,2,D,V,1,1,W,8,T,D,J,0,P,MERC,VLR,SV,96,17,0,,0,1122,,G,,0,0,000000000,00000000000,0,0,0,1,0,0,0,0,0,0,0,998,0,1,5,0,13,6,2,1,0,0,0,1,19,50533,0,0,0,0,0,0,999,999,0,0,0,1,1,11,2009,11,2009,9,0,0,0,0,1,2,55,1,1,2,1,0,0,1,12,1,1,4,6,1,0
19,190138,1,1,0,2,7,16,34,33,0,1,0,19,6,12,17,12017,6,1999,1FAFP58U6XA2,1,F,A,F,P,5,8,U,6,X,A,2,0,P,FORD,TSE,SW,99,17,3480,,0,1085,,G,,0,0,000000000,00000000000,0,0,0,1,0,0,0,0,0,0,0,998,0,0,0,5,6,2,1,8,0,0,0,0,,,,,,,,,999,,,,,,,,,,,,0,0,0,0,1,2,25,1,1,1,1,0,0,0,98,0,0,0,98,0,0
19,190139,1,1,1,3,7,20,30,21,0,1,0,19,1,12,401,12401,14,2006,1FMEU73E16UA,1,F,M,E,U,7,3,E,1,6,U,A,0,P,FORD,EPR,UT,6,17,4456,,0,1137,,G,,0,0,000000000,00000000000,0,0,0,1,0,0,0,0,0,0,0,998,0,0,0,2,2,6,2,21,0,0,1,1,19,52317,6,1,0,0,3,0,67,158,0,0,0,0,0,0,0,0,0,0,99,99,99,99,3,2,70,1,1,2,1,0,0,1,13,1,1,4,1,1,0
19,190140,1,1,1,5,7,20,16,1,0,1,0,19,2,14,38,14038,2,2000,1ZWHT61L8Y56,1,Z,W,H,T,6,1,L,8,Y,5,6,0,P,MERC,CU6,2H,0,17,2881,,0,1064,,G,,0,0,000000000,00000000000,0,0,0,1,0,0,0,0,0,0,0,998,0,1,1,0,13,6,2,1,0,0,0,1,19,52306,6,1,0,0,3,0,64,999,0,0,0,0,0,0,0,0,0,0,28,58,0,0,1,2,55,2,1,4,1,0,0,14,13,6,1,6,98,1,0
19,190141,1,1,3,6,7,4,0,1,0,1,0,19,1,22,20,22020,4,1998,1G2WP52K6WF2,1,G,2,W,P,5,2,K,6,W,F,2,0,P,PONT,GPG,4D,98,17,3414,,0,1105,,G,,0,0,000000000,00000000000,0,0,0,1,0,0,0,0,0,0,0,998,0,1,5,0,3,6,2,1,0,0,0,1,19,50035,6,1,0,0,3,0,70,150,1,1,0,0,2,10,2008,7,2009,0,0,0,0,0,1,2,55,1,1,2,1,0,0,1,13,1,1,4,1,1,0
19,190142,1,3,1,30,6,9,40,12,6,1,0,27,1,37,706,37706,80,1993,1HFSC1814PA7,1,H,F,S,C,1,8,1,4,P,A,7,0,M,HOND,VT1,RS,93,17,,,,,,,1100,0,0,000000000,00000000000,0,0,0,1,0,0,0,0,0,0,0,998,0,0,0,9,9,6,2,12,0,0,0,1,27,55113,6,1,0,0,3,0,65,145,0,0,0,0,0,0,0,0,0,0,0,0,0,0,1,2,55,1,1,1,1,0,0,1,62,7,1,6,64,1,0
19,190142,2,3,1,30,6,9,40,12,6,1,0,55,3,84,881,84881,63,2009,1HTMMAAN19H0,1,H,T,M,M,A,A,N,1,9,H,0,0,T,INTL,430,CC,9,17,,7,0,0,40S,D,,0,57,99905,5799905,3,2,97,1,0,0,0,0,0,0,0,998,0,0,0,12,99,2,1,12,0,0,0,1,19,50158,6,1,6,1,3,0,70,200,0,0,0,0,0,0,0,0,0,0,0,0,0,0,1,2,55,1,1,1,1,0,0,1,62,1,1,1,65,0,0
19,190142,3,3,1,30,6,9,40,12,6,1,0,55,3,84,881,84881,63,2009,1HTMMAAN59H0,1,H,T,M,M,A,A,N,5,9,H,0,0,T,INTL,430,CC,9,17,,7,0,0,40S,D,,0,57,99905,5799905,3,2,98,1,0,0,0,0,0,0,0,998,0,0,0,12,99,2,1,12,0,0,0,1,19,50316,6,1,6,1,3,0,70,175,0,0,0,0,0,0,0,0,0,0,0,0,0,0,1,2,55,1,1,1,1,0,0,1,18,1,1,1,98,0,0
19,190143,1,1,1,28,6,14,38,43,0,1,0,19,1,37,706,37706,80,2004,1HFSC47074A3,1,H,F,S,C,4,7,0,7,4,A,3,0,M,HOND,GL8,RS,4,17,,,,,,,1832,0,0,000000000,00000000000,0,0,0,1,0,0,0,0,0,0,0,998,0,0,0,12,3,4,3,43,0,0,0,1,19,50321,6,1,0,0,3,0,66,200,0,0,0,0,0,0,0,0,0,0,81,0,0,0,1,2,35,1,1,2,1,40,2,1,90,4,1,1,15,1,0
19,190144,1,2,2,5,7,7,55,12,6,1,0,19,1,12,17,12017,4,2002,1FAFP53U12A1,1,F,A,F,P,5,3,U,1,2,A,1,0,P,FORD,TSE,4D,2,17,3355,,0,1085,,G,,0,0,000000000,00000000000,0,0,0,1,0,0,0,0,0,0,0,998,0,0,0,2,2,6,2,12,0,0,0,1,19,52310,6,1,0,0,3,3,67,170,0,0,0,0,0,0,0,0,0,0,28,0,0,0,2,4,55,1,1,2,2,0,0,1,10,9,2,2,64,1,0
19,190144,2,2,1,5,7,7,55,12,6,1,0,19,1,20,444,20444,20,2005,1GNDV23L35D1,1,G,N,D,V,2,3,L,3,5,D,1,0,T,CHEV,DLS,ES,5,17,,1,0,1211,UPL,G,,0,0,000000000,00000000000,0,0,0,1,0,0,0,0,0,0,0,998,0,0,0,12,12,6,2,12,0,0,0,1,19,52002,6,1,6,1,3,0,70,205,0,0,0,2,0,6,2009,10,2009,0,0,0,0,0,2,4,55,1,1,2,2,0,0,1,62,1,1,1,65,0,0
19,190145,1,3,2,25,6,17,40,12,6,1,0,19,2,21,2,21002,4,1994,1G3HN52L1RH3,1,G,3,H,N,5,2,L,1,R,H,3,0,P,OLDS,88R,4D,94,17,3344,,0,1108,,G,,0,0,000000000,00000000000,0,0,0,1,0,0,0,0,0,0,0,998,0,0,0,3,3,6,2,12,0,0,0,1,6,95677,6,1,0,0,3,3,67,155,1,0,0,0,0,6,2008,6,2008,0,38,0,0,0,1,4,50,1,1,2,1,3,3,11,15,1,1,1,68,1,0
19,190145,2,3,1,25,6,17,40,12,6,1,0,19,3,12,471,12471,30,2009,1FTYR10D49PA,1,F,T,Y,R,1,0,D,4,9,P,A,0,T,FORD,RNG,PK,9,17,,1,1180,1120,RNG,G,,0,0,000000000,00000000000,0,0,0,1,0,0,0,0,0,0,0,998,0,0,0,12,12,6,2,12,0,0,0,1,19,50702,6,1,0,0,3,3,74,210,0,0,0,0,0,0,0,0,0,0,0,0,0,0,1,4,50,1,1,2,1,3,3,1,17,1,1,1,69,0,0
19,190145,3,3,1,25,6,17,40,12,6,1,0,19,1,19,14,19014,4,2001,1G6KS54YX1U2,1,G,6,K,S,5,4,Y,X,1,U,2,0,P,CADI,SLS,4D,1,17,3986,,0,1122,,G,,0,0,000000000,00000000000,0,0,0,1,0,0,0,0,0,0,0,0,0,0,0,12,12,2,1,12,0,0,0,1,19,50701,6,1,0,0,3,3,66,160,0,0,0,0,0,0,0,0,0,0,0,0,0,0,1,4,50,1,1,2,1,3,3,5,99,1,1,1,98,0,0
19,190146,1,2,1,7,7,8,44,12,2,1,0,19,2,20,36,20036,2,2000,2G1WW12E5Y91,2,G,1,W,W,1,2,E,5,Y,9,1,0,P,CHEV,MLS,CP,0,17,3340,,0,1075,,G,,0,0,000000000,00000000000,0,0,0,1,0,0,0,0,0,0,0,998,0,0,0,12,12,6,2,12,0,0,0,1,19,50139,6,7,0,0,3,3,72,167,0,0,0,0,0,0,0,0,0,0,58,0,0,0,1,2,55,1,3,2,1,0,0,6,54,9,9,2,50,0,0
19,190146,2,2,1,7,7,8,44,12,2,1,0,19,3,12,461,12461,21,2006,1FTSS34S76HB,1,F,T,S,S,3,4,S,7,6,H,B,0,T,FORD,3SD,EC,6,17,,2,0,1380,VAN,G,,0,0,000000000,00000000000,0,0,0,1,0,0,0,0,0,0,0,998,0,0,0,12,12,6,2,12,0,0,0,1,19,50049,6,1,6,0,3,3,67,250,1,0,0,0,2,11,2007,3,2010,0,0,0,0,0,1,2,55,1,3,2,1,0,0,1,54,1,1,1,51,1,0
19,190147,1,2,1,8,7,17,5,12,1,1,0,19,1,72,706,72706,80,1993,1HD1DJL19PY5,1,H,D,1,D,J,L,1,9,P,Y,5,0,M,HD,FHC,RS,93,17,,,,,,,1340,0,0,000000000,00000000000,0,0,0,1,0,0,0,0,0,0,0,998,0,0,0,12,12,6,2,12,0,0,0,1,19,52175,6,1,0,0,3,0,69,140,2,0,0,0,2,10,2007,1,2010,0,26,0,0,0,3,2,70,1,1,2,1,0,0,15,51,1,1,1,28,1,0
19,190147,2,2,2,8,7,17,5,12,1,1,0,19,1,13,12,13012,4,2002,1LNHM87A22Y6,1,L,N,H,M,8,7,A,2,2,Y,6,0,P,LINC,LLS,4D,2,17,3734,,0,1145,,G,,0,0,000000000,00000000000,0,0,0,1,0,0,0,0,0,0,0,998,0,0,0,6,6,2,1,12,0,0,0,1,19,50266,3,1,0,0,2,0,65,140,0,0,0,1,0,7,2008,7,2008,0,0,0,0,0,3,2,70,1,1,2,1,0,0,2,60,1,1,1,30,0,0
19,190148,1,2,1,8,7,11,15,12,2,1,0,19,2,7,25,7025,5,2007,1B3HB78KX7D2,1,B,3,H,B,7,8,K,X,7,D,2,0,P,DODG,CFT,4D,7,17,0,,0,1037,,G,,0,0,000000000,00000000000,0,0,0,1,0,0,0,0,0,0,0,998,0,0,0,12,12,6,2,12,0,0,0,1,19,52639,6,1,0,0,3,3,64,145,1,0,0,0,0,1,2010,1,2010,0,28,51,0,0,1,4,45,1,1,1,1,0,0,1,10,1,1,2,50,0,0
19,190148,2,2,3,8,7,11,15,12,2,1,0,19,1,12,37,12037,4,2001,1FAFP36341W1,1,F,A,F,P,3,6,3,4,1,W,1,0,P,FORD,FSC,SW,1,17,2723,,0,1030,,G,,0,0,000000000,00000000000,0,0,0,1,0,0,0,0,0,0,0,998,0,0,0,12,11,6,2,12,0,0,0,1,19,52639,6,1,0,0,3,3,66,360,0,0,0,0,0,0,0,0,0,0,0,0,0,0,1,4,45,1,1,1,1,0,0,1,62,1,1,1,51,1,0
19,190149,1,1,1,9,7,17,5,9,0,1,0,19,1,20,421,20421,15,2007,1GNFK13077J3,1,G,N,F,K,1,3,0,7,7,J,3,0,P,CHEV,KTA,UT,7,17,5706,,0,1160,,F,,0,0,000000000,00000000000,0,0,0,1,0,0,0,0,0,0,0,998,0,0,0,3,3,4,3,9,0,0,0,1,19,50263,6,1,0,0,3,0,70,200,0,0,0,0,0,0,0,0,0,0,0,0,0,0,1,2,55,1,2,2,1,0,0,1,17,1,1,1,98,0,0
19,190150,1,2,1,12,7,11,46,12,1,1,0,18,3,51,881,51881,66,2005,4V4NC9GH75N3,4,V,4,N,C,9,G,H,7,5,N,3,1,T,VOLV,VNL,DS,5,17,,8,0,0,VVN,D,,1,57,545167,57545167,3,6,1,1,0,0,0,0,0,0,0,998,0,0,0,12,12,6,2,12,0,0,0,1,19,52732,6,1,6,1,3,3,70,235,0,0,0,0,0,0,0,0,0,0,26,0,0,0,1,4,65,1,2,1,1,0,0,1,51,1,1,1,24,0,0
19,190150,2,2,1,12,7,11,46,12,1,1,0,19,1,99,998,99998,93,1992,999999999999,9,9,9,9,9,9,9,9,9,9,9,9,0,U,,,,9,17,,,,,,,,0,0,000000000,00000000000,0,0,0,1,0,0,0,0,0,0,0,998,0,0,0,6,6,4,3,12,0,0,0,1,19,52732,6,1,6,0,3,3,66,180,0,0,0,0,0,0,0,0,0,0,0,0,0,0,1,4,65,1,2,1,1,0,0,1,18,1,1,1,25,1,0
19,190151,1,3,1,12,7,15,15,12,8,1,0,19,1,14,17,14017,4,2000,1MEFM53S9YA6,1,M,E,F,M,5,3,S,9,Y,A,6,0,P,MERC,SLS,4D,0,17,3375,,0,1085,,G,,0,0,000000000,00000000000,0,0,0,1,0,0,0,0,0,0,0,998,0,0,0,11,11,6,2,12,0,0,0,1,19,50579,6,1,0,0,3,3,65,140,0,0,0,0,0,0,0,0,0,0,28,0,0,0,1,2,55,1,1,2,1,0,0,1,10,1,1,2,64,1,0
19,190151,2,3,1,12,7,15,15,12,8,1,0,8,3,7,482,7482,31,2006,1D7KS28C66J1,1,D,7,K,S,2,8,C,6,6,J,1,0,T,DODG,SQ2,CW,6,17,,2,1605,1405,RPC,D,,0,0,000000000,00000000000,0,0,0,1,0,0,0,0,0,0,0,998,0,0,0,63,7,4,1,12,0,0,0,1,46,57747,6,1,0,0,3,0,71,145,0,0,0,0,0,0,0,0,0,0,0,0,0,0,1,2,55,1,1,2,1,0,0,1,62,1,1,1,65,0,0
19,190151,3,3,1,12,7,15,15,12,8,1,0,19,1,20,481,20481,31,2002,2GCEK19T2212,2,G,C,E,K,1,9,T,2,2,1,2,0,T,CHEV,SK1,4C,2,17,,2,1575,1435,SIL,G,,0,0,000000000,00000000000,0,0,0,1,0,0,0,0,0,0,0,998,0,0,0,12,12,6,2,12,0,0,0,1,19,50551,6,1,0,0,3,3,69,250,0,0,0,0,0,0,0,0,0,0,0,0,0,0,1,2,55,1,1,2,1,0,0,1,62,1,1,1,98,0,0
19,190152,1,2,1,13,7,10,57,12,6,1,0,19,1,21,3,21003,4,1986,1G3CW69B7G43,1,G,3,C,W,6,9,B,7,G,4,3,0,P,OLDS,RBF,4D,86,17,3166,,0,1108,,G,,0,0,000000000,00000000000,0,0,0,1,0,0,0,0,0,0,0,998,0,0,0,3,3,6,2,12,0,0,0,1,19,52651,6,1,0,0,3,3,64,125,0,0,0,0,0,0,0,0,0,0,39,38,0,0,1,2,55,1,1,2,1,20,3,1,17,1,1,1,87,1,0
19,190152,2,2,1,13,7,10,57,12,6,1,0,19,1,87,881,87881,66,1999,1XP5DB9X7XD4,1,X,P,5,D,B,9,X,7,X,D,4,1,T,PTRB,379,DS,99,17,,8,0,0,CON,D,,1,57,767227,57767227,3,6,1,1,0,0,0,0,0,0,0,998,0,0,0,12,12,4,1,12,0,0,0,1,19,52530,6,1,6,1,3,3,75,220,0,0,0,0,0,0,0,0,0,0,0,0,0,0,1,2,55,1,1,2,1,0,0,1,17,1,1,1,86,0,0
19,190153,1,2,2,13,7,8,35,12,8,1,0,19,1,20,16,20016,4,2001,1G1JC5240172,1,G,1,J,C,5,2,4,0,1,7,2,0,P,CHEV,CAC,4D,1,17,2676,,0,1041,,C,,0,0,000000000,00000000000,0,0,0,1,0,0,0,0,0,0,0,998,0,0,0,11,11,6,2,12,0,0,0,1,19,51638,6,2,0,0,3,0,63,118,0,0,0,0,0,0,0,0,0,0,28,0,0,0,3,2,55,1,2,2,1,0,0,1,10,1,1,2,64,1,0
19,190153,2,2,1,13,7,8,35,12,8,1,0,19,1,87,881,87881,66,2002,1XP5DB9X02D5,1,X,P,5,D,B,9,X,0,2,D,5,1,T,PTRB,379,DS,2,17,,8,0,0,CON,D,,1,88,888888888,88888888888,3,6,2,1,0,0,0,0,0,0,0,998,0,0,0,8,8,4,1,12,0,0,0,1,19,51560,6,1,6,0,3,3,73,200,0,0,0,0,0,0,0,0,0,0,0,0,0,0,1,2,55,1,2,2,1,0,0,1,17,1,1,1,65,0,0
19,190154,1,2,1,17,7,15,23,12,8,1,0,19,2,98,809,98809,66,2001,2FWJA3AS51AH,2,F,W,J,A,3,A,S,5,1,A,H,1,T,STRG,AT9,DS,1,17,,8,0,0,STE,D,,1,88,888888888,88888888888,3,6,1,1,0,0,0,0,0,0,0,998,0,0,0,1,5,2,3,12,0,0,0,1,19,52073,6,1,6,0,3,3,67,200,0,0,0,0,0,0,0,0,0,0,28,0,0,0,1,2,45,2,2,1,1,0,0,14,10,1,1,2,64,0,0
19,190154,2,2,2,17,7,15,23,12,8,1,0,19,1,6,51,6051,4,2005,2C3JA53G45H1,2,C,3,J,A,5,3,G,4,5,H,1,0,P,CHRY,3TR,4D,5,17,3675,,0,1200,,G,,0,0,000000000,00000000000,0,0,0,1,0,0,0,0,0,0,0,998,0,0,0,8,9,6,2,12,0,0,0,1,19,50014,6,1,0,0,3,0,71,175,0,0,0,0,0,0,0,0,0,0,0,0,0,0,1,2,45,2,2,1,1,0,0,14,62,1,1,1,65,1,0
19,190155,1,1,1,17,7,8,10,42,0,1,0,19,1,20,401,20401,14,1992,1GNDT13W1N22,1,G,N,D,T,1,3,W,1,N,2,2,0,P,CHEV,S10,UT,92,17,3697,,0,1070,,G,,0,0,000000000,00000000000,0,0,0,1,0,0,0,0,0,0,0,998,0,0,0,12,12,6,2,42,0,0,0,1,19,52172,6,1,0,0,3,3,70,175,0,12,0,0,1,9,2007,3,2009,0,0,0,0,0,1,2,45,1,1,2,1,0,0,1,12,1,1,4,6,1,0
19,190156,1,1,2,18,7,6,36,42,0,1,0,19,1,7,482,7482,31,1997,1B7KF26D6VJ6,1,B,7,K,F,2,6,D,6,V,J,6,0,T,DODG,250,PK,97,17,,2,0,1347,RPC,D,,0,0,000000000,00000000000,0,0,0,1,0,0,0,0,0,0,0,998,0,0,0,12,12,6,2,42,0,0,0,1,19,50125,2,1,5,0,2,0,68,140,1,1,0,0,1,8,2009,6,2010,1,0,0,0,0,1,2,55,2,2,2,2,0,0,14,12,1,1,4,6,1,0
19,190157,1,1,1,21,7,12,9,35,0,1,0,19,1,37,706,37706,80,2006,1HFSC52006A3,1,H,F,S,C,5,2,0,0,6,A,3,0,M,HOND,V13,RS,6,17,,,,,,,1312,0,0,000000000,00000000000,0,0,0,1,0,0,0,0,0,0,0,998,0,0,0,3,3,4,3,35,0,0,0,1,19,50247,6,1,0,0,3,3,70,180,0,0,0,1,1,7,2008,11,2008,1,0,0,0,0,3,2,65,2,1,1,1,0,0,14,12,1,1,4,6,1,0
19,190158,1,1,1,16,7,1,59,30,0,1,0,19,1,52,37,52037,2,2001,4A3AE85H61E1,4,A,3,A,E,8,5,H,6,1,E,1,0,P,MITS,STG,CV,1,17,3241,,0,1008,,G,,0,0,000000000,00000000000,0,0,0,1,0,0,0,0,0,0,0,998,0,1,2,12,12,6,2,30,0,0,0,1,19,50208,6,1,0,0,3,0,70,140,0,0,0,2,1,12,2008,5,2009,1,36,0,0,0,1,3,35,1,1,2,1,0,0,1,13,1,1,4,1,1,1
19,190159,1,1,1,23,7,6,30,1,0,1,0,19,1,35,43,35043,4,2001,3N1CB51D31L4,3,N,1,C,B,5,1,D,3,1,L,4,0,P,NISS,XGX,4D,1,17,2469,,0,998,,G,,0,0,000000000,00000000000,0,0,0,1,0,0,0,0,0,0,0,998,0,1,5,0,13,6,2,1,0,0,0,1,19,52720,6,1,0,0,3,0,72,235,0,3,0,1,1,11,2008,8,2009,0,39,0,0,0,1,2,55,1,2,2,99,0,0,1,13,9,3,4,2,1,0
19,190160,1,1,3,24,7,1,30,31,0,1,0,19,2,20,2,20002,4,2004,1G1ND52FX4M5,1,G,1,N,D,5,2,F,X,4,M,5,0,P,CHEV,CLA,4D,4,17,3106,,0,1070,,G,,0,0,000000000,00000000000,0,0,0,1,0,0,0,0,0,0,0,998,0,1,5,11,13,6,2,1,0,0,0,1,19,52353,2,1,5,0,2,0,74,177,0,7,1,1,1,10,2007,3,2010,0,28,58,0,0,1,2,55,2,2,4,1,20,3,14,11,8,2,4,7,1,0
19,190161,1,2,1,24,6,21,23,11,0,1,0,19,1,72,706,72706,80,2005,1HD1FCW175Y6,1,H,D,1,F,C,W,1,7,5,Y,6,0,M,HD,FLU,RS,5,17,,,,,,,1450,0,0,000000000,00000000000,0,0,0,1,0,0,0,0,0,0,0,998,0,0,0,12,12,2,3,11,0,0,0,1,19,52732,6,1,6,0,3,3,69,160,1,0,0,0,0,12,2009,12,2009,0,83,0,0,0,1,2,55,1,1,1,1,0,0,1,17,1,2,1,13,1,0