STATE,ST_CASE,VEH_NO,VE_FORMS,NUMOCCS,DAY,MONTH,HOUR,MINUTE,HARM_EV,MAN_COLL,UNITTYPE,HIT_RUN,REG_STAT,OWNER,MAKE,MODEL,MAK_MOD,BODY_TYP,MOD_YEAR,VIN,VIN_1,VIN_2,VIN_3,VIN_4,VIN_5,VIN_6,VIN_7,VIN_8,VIN_9,VIN_10,VIN_11,VIN_12,TOW_VEH,VINTYPE,VINMAKE,VINA_MOD,VIN_BT,VINMODYR,VIN_LNGT,VIN_WGT,WGTCD_TR,WHLBS_LG,WHLBS_SH,SER_TR,FUELCODE,MCYCL_DS,J_KNIFE,MCARR_I1,MCARR_I2,MCARR_ID,GVWR,V_CONFIG,CARGO_BT,HAZ_INV,HAZ_PLAC,HAZ_ID,HAZ_CNO,HAZ_REL,BUS_USE,SPEC_USE,EMER_USE,TRAV_SP,UNDERIDE,ROLLOVER,ROLINLOC,IMPACT1,IMPACT2,DEFORMED,TOWED,M_HARM,VEH_SC1,VEH_SC2,FIRE_EXP,DR_PRES,L_STATE,DR_ZIP,L_STATUS,L_TYPE,CDL_STAT,L_ENDORS,L_COMPL,L_RESTRI,DR_HGT,DR_WGT,PREV_ACC,PREV_SUS,PREV_DWI,PREV_SPD,PREV_OTH,FIRST_MO,FIRST_YR,LAST_MO,LAST_YR,SPEEDREL,DR_SF1,DR_SF2,DR_SF3,DR_SF4,VTRAFWAY,VNUM_LAN,VSPD_LIM,VALIGN,VPROFILE,VPAVETYP,VSURCOND,VTRAFCON,VTCONT_F,P_CRASH1,P_CRASH2,P_CRASH3,PCRASH4,PCRASH5,ACC_TYPE,DEATHS,DR_DRINK
19,190226,1,2,1,7,9,17,45,12,1,1,0,19,3,82,883,82883,63,2009,1FUJBBCKX9LA,1,F,U,J,B,B,C,K,X,9,L,A,1,T,FRHT,ST2,DS,9,17,,8,0,0,CON,D,,1,57,606159,57606159,3,4,1,1,0,0,0,0,0,0,0,998,0,0,0,6,6,2,1,12,0,0,0,1,40,74951,6,1,6,0,3,0,70,220,0,0,0,1,1,8,2008,7,2010,0,0,0,0,0,3,2,70,1,2,2,1,0,0,1,61,1,1,1,25,0,0
19,190226,2,2,1,7,9,17,45,12,1,1,0,27,1,37,706,37706,80,2002,1HFSC46092A0,1,H,F,S,C,4,6,0,9,2,A,0,0,M,HOND,XT8,RS,2,17,,,,,,,1795,0,0,000000000,00000000000,0,0,0,1,0,0,0,0,0,0,0,998,0,0,0,12,12,6,2,12,0,0,0,1,20,67864,6,1,0,0,3,0,74,165,0,0,0,0,0,0,0,0,0,0,28,0,0,0,3,2,70,1,2,2,1,0,0,1,11,1,1,1,24,1,0
19,190227,1,1,3,6,9,3,45,1,0,1,0,19,1,7,482,7482,31,1998,3B7HF13Z9WG1,3,B,7,H,F,1,3,Z,9,W,G,1,0,T,DODG,Q15,4C,98,17,,2,1547,1387,RPC,G,,0,0,000000000,00000000000,0,0,0,1,0,0,0,0,0,0,0,998,0,1,5,0,13,6,2,1,0,0,0,1,19,50433,6,1,0,0,3,0,67,150,0,0,0,0,1,7,2010,7,2010,1,79,0,0,0,1,2,50,1,1,4,1,0,0,1,6,1,1,4,6,1,1
19,190229,1,2,1,9,9,9,49,12,7,1,0,19,1,12,15,12015,4,1991,2FAPP36X8MB1,2,F,A,P,P,3,6,X,8,M,B,1,0,P,FORD,TGL,4D,91,17,2587,,0,999,,G,,0,0,000000000,00000000000,0,0,0,1,0,0,0,0,0,0,0,998,0,0,0,11,1,6,2,12,0,0,0,1,19,52247,6,1,0,0,3,3,68,275,0,0,0,0,0,0,0,0,0,1,38,0,0,0,1,2,40,1,1,1,1,0,0,1,51,1,1,1,44,1,0
19,190229,2,2,1,9,9,9,49,12,7,1,0,19,3,41,53,41053,5,2010,JM3ER4W31A03,J,M,3,E,R,4,W,3,1,A,0,3,0,P,MAZD,MCX,UT,10,17,3929,,0,1083,,G,,0,0,000000000,00000000000,0,0,0,1,0,0,0,0,0,0,0,998,0,0,0,4,4,2,3,12,0,0,0,1,53,98011,1,1,0,0,2,0,71,170,0,1,0,1,0,10,2009,2,2010,0,0,0,0,0,1,2,40,1,1,1,1,0,0,1,18,1,1,1,45,0,0
19,190230,1,2,1,10,9,14,16,12,6,1,0,19,2,21,3,21003,4,1990,1G3CX54C9L43,1,G,3,C,X,5,4,C,9,L,4,3,0,P,OLDS,9RF,4D,90,17,3237,,0,1108,,G,,0,0,000000000,00000000000,0,0,0,1,0,0,0,0,0,0,0,998,0,0,0,12,12,6,2,12,0,0,0,1,19,51533,6,1,6,0,3,0,74,350,0,0,0,1,0,2,2010,2,2010,0,28,0,0,0,1,2,55,1,1,2,1,0,0,1,10,1,1,2,64,1,0
19,190230,2,2,2,10,9,14,16,12,6,1,0,19,3,82,883,82883,66,2007,1FUJAPAV27DX,1,F,U,J,A,P,A,V,2,7,D,X,1,T,FRHT,FL3,DS,7,17,,8,0,0,CON,D,,1,57,232855,57232855,3,6,3,1,0,0,0,0,0,0,0,998,0,0,0,8,8,4,3,12,0,0,0,1,19,51534,6,1,6,0,3,0,71,204,0,0,0,0,0,0,0,0,0,0,0,0,0,0,1,2,55,1,1,2,1,0,0,1,62,1,1,1,65,0,0
19,190231,1,1,2,11,9,18,2,1,0,1,0,19,1,72,706,72706,80,2007,1HD1BW51X7Y0,1,H,D,1,B,W,5,1,X,7,Y,0,0,M,HD,STC,RS,7,17,,,,,,,1584,0,0,000000000,00000000000,0,0,0,1,0,0,0,0,0,0,0,998,0,0,0,0,9,4,3,1,0,0,0,1,19,52306,6,1,0,0,3,3,72,190,1,0,0,0,0,2,2009,2,2009,0,0,0,0,0,1,2,55,1,1,2,1,0,0,1,51,4,2,3,98,1,0
19,190232,1,1,1,12,9,20,37,35,0,1,0,19,1,76,706,76706,80,2006,JYAVP17E66A0,J,Y,A,V,P,1,7,E,6,6,A,0,0,M,YAMA,X17,RS,6,17,,,,,,,1670,0,0,000000000,00000000000,0,0,0,1,0,0,0,0,0,0,0,998,0,0,0,3,3,2,3,35,0,0,0,1,19,50633,6,1,6,0,3,0,72,185,0,0,0,1,0,4,2008,4,2008,0,0,0,0,0,6,1,70,1,1,2,1,0,0,1,12,1,1,4,6,1,0
19,190233,1,1,1,13,9,18,26,35,0,1,0,19,1,72,706,72706,80,2000,1HD1DDV15YY6,1,H,D,1,D,D,V,1,5,Y,Y,6,0,M,HD,FHT,RS,0,17,,,,,,,1450,0,0,000000000,00000000000,0,0,0,1,0,0,0,0,0,0,0,998,0,0,0,12,12,6,2,35,0,0,0,1,19,52501,6,1,0,0,3,0,74,235,0,0,0,1,0,6,2009,6,2009,9,0,0,0,0,1,2,65,1,1,1,1,0,0,1,90,6,9,4,9,1,0
19,190234,1,2,2,16,9,10,0,12,2,1,0,19,1,12,37,12037,4,2004,1FAFP343X4W1,1,F,A,F,P,3,4,3,X,4,W,1,0,P,FORD,FSP,4D,4,17,2604,,0,1030,,G,,0,0,000000000,00000000000,0,0,0,1,0,0,0,0,0,0,0,998,0,0,0,12,12,6,2,12,0,0,0,1,19,50605,6,1,0,0,3,0,65,115,0,0,0,0,0,0,0,0,0,1,28,0,0,0,3,2,55,1,1,1,1,0,0,1,10,1,1,2,50,1,0
19,190234,2,2,1,16,9,10,0,12,2,1,0,19,3,87,881,87881,63,2010,1NPSX0EXXAD1,1,N,P,S,X,0,E,X,X,A,D,1,1,T,PTRB,365,TM,10,17,,8,0,0,CON,D,,1,57,00532689,5700532689,3,2,2,1,0,0,0,0,0,0,0,998,0,0,0,12,11,6,2,12,0,0,0,1,19,50461,6,1,6,0,3,3,71,195,1,0,0,0,0,8,2010,8,2010,0,0,0,0,0,3,2,55,1,1,1,1,0,0,1,62,1,1,1,51,0,0
19,190235,1,1,1,16,9,22,21,1,0,1,0,19,1,2,403,2403,14,2002,1J4FA29P22P7,1,J,4,F,A,2,9,P,2,2,P,7,0,T,JEEP,SEW,2W,2,17,,1,0,934,W/T,G,,0,0,000000000,00000000000,0,0,0,1,0,0,0,0,0,0,0,998,0,1,1,0,12,6,2,1,0,0,0,1,19,52739,6,1,0,0,3,0,71,280,0,0,0,0,0,0,0,0,0,0,28,0,0,0,1,2,50,1,1,4,1,0,0,1,12,7,1,1,98,1,0
19,190236,1,1,1,24,9,5,0,52,0,1,0,19,1,72,706,72706,80,2006,1HD1FSW1X6Y6,1,H,D,1,F,S,W,1,X,6,Y,6,0,M,HD,TRI,RS,6,17,,,,,,,1450,0,0,000000000,00000000000,0,0,0,1,0,0,0,0,0,0,0,998,0,0,0,12,12,6,2,52,0,0,0,1,19,50321,6,8,0,0,3,3,70,206,0,0,1,0,0,7,2010,7,2010,1,0,0,0,0,3,2,65,2,1,1,1,0,0,14,13,1,1,4,1,1,0
19,190237,1,1,1,24,9,17,58,8,0,1,0,19,2,54,35,54035,4,2006,19UUA66256A0,1,9,U,U,A,6,6,2,5,6,A,0,0,P,ACUR,32T,4D,6,17,3580,,0,1079,,G,,0,0,000000000,00000000000,0,0,0,1,0,0,0,0,0,0,0,998,0,0,0,6,6,0,1,8,0,0,0,1,19,50263,6,1,0,0,3,3,60,96,0,0,0,0,0,0,0,0,0,0,0,0,0,0,1,2,25,1,1,1,1,28,3,13,80,1,1,3,98,0,0
19,190238,1,2,1,20,9,8,40,12,6,1,0,31,1,23,472,23472,30,2008,1GTCS1999882,1,G,T,C,S,1,9,9,9,8,8,2,0,T,GMC,CAN,4C,8,17,,1,0,1260,CAN,G,,0,0,000000000,00000000000,0,0,0,1,0,0,0,0,0,0,0,998,0,0,0,9,9,6,2,12,0,0,0,1,31,68122,6,1,0,0,3,3,71,999,0,0,0,0,0,0,0,0,0,0,48,0,0,0,1,2,55,1,1,2,1,28,3,12,53,1,1,3,98,1,0
19,190238,2,2,1,20,9,8,40,12,6,1,0,31,3,86,881,86881,66,1994,1M1AA13Y8RW0,1,M,1,A,A,1,3,Y,8,R,W,0,1,T,MACK,CH6,DS,94,17,,8,0,0,600,D,,1,57,29272,5729272,3,6,4,1,0,0,0,0,0,0,0,998,0,0,0,12,12,6,9,12,0,0,0,1,31,68147,0,0,0,0,0,0,67,165,0,0,0,1,0,10,2009,10,2009,0,0,0,0,0,1,2,55,1,1,2,1,28,3,1,59,99,1,1,98,0,0
19,190239,1,2,1,24,9,16,15,12,6,1,0,19,1,12,37,12037,4,2000,1FAFP33P6YW4,1,F,A,F,P,3,3,P,6,Y,W,4,0,P,FORD,FOX,4D,0,17,2564,,0,1030,,G,,0,0,000000000,00000000000,0,0,0,1,0,0,0,0,0,0,0,998,0,0,0,9,9,6,2,12,0,0,0,1,19,50047,6,1,0,0,3,3,65,135,0,0,0,0,0,0,0,0,0,0,38,0,0,0,3,5,65,1,2,1,1,20,3,1,17,1,1,1,89,1,0
19,190239,2,2,1,24,9,16,15,12,6,1,0,19,2,20,443,20443,20,2001,1GNDX03E51D1,1,G,N,D,X,0,3,E,5,1,D,1,0,T,CHEV,VTR,ES,1,17,,1,0,1200,VTR,G,,0,0,000000000,00000000000,0,0,0,1,0,0,0,0,0,0,0,998,0,0,0,12,12,6,2,12,0,0,0,1,19,50315,6,1,0,0,3,0,68,325,2,0,0,1,1,9,2009,8,2010,0,0,0,0,0,3,4,65,1,2,1,1,40,3,1,17,1,1,1,88,0,0
19,190240,1,1,1,25,9,0,45,1,0,1,0,19,1,72,706,72706,80,2009,1HD1JA5149Y0,1,H,D,1,J,A,5,1,4,9,Y,0,0,M,HD,XTB,RS,9,17,,,,,,,1584,0,0,000000000,00000000000,0,0,0,1,0,0,0,0,0,0,0,998,0,0,0,0,13,2,3,1,0,0,0,1,19,52233,6,1,0,0,3,3,73,230,0,0,0,0,0,0,0,0,0,0,99,99,99,99,1,2,30,1,1,1,1,40,3,1,13,1,1,4,1,1,0
19,190241,1,3,1,27,9,9,35,12,6,1,0,19,3,84,881,84881,63,2007,1HTXLAHTX7J4,1,H,T,X,L,A,H,T,X,7,J,4,0,T,INTL,55I,TM,7,17,,8,0,0,550,D,,0,57,437737,57437737,3,2,5,1,0,0,0,0,0,0,0,998,0,0,0,12,12,2,1,12,0,0,0,1,19,50130,6,1,6,1,3,0,69,300,0,0,0,0,0,0,0,0,0,0,0,0,0,0,1,4,45,1,1,1,1,0,0,1,17,1,1,1,88,0,0
19,190241,2,3,1,27,9,9,35,12,6,1,0,19,3,35,471,35471,30,1995,1N6SD16S7SC3,1,N,6,S,D,1,6,S,7,S,C,3,0,T,NISS,KXE,PC,95,17,,1,0,1161,TRK,G,,0,0,000000000,00000000000,0,0,0,1,0,0,0,0,0,0,0,998,0,0,0,9,9,6,2,12,0,0,0,1,19,50638,6,1,0,0,3,0,68,165,0,0,0,0,0,0,0,0,0,0,38,0,0,0,1,2,35,1,1,1,1,20,3,1,17,1,1,1,89,1,0
19,190241,3,3,2,27,9,9,35,12,6,1,0,19,1,7,482,7482,31,1997,3B7HF13Z3VM5,3,B,7,H,F,1,3,Z,3,V,M,5,0,T,DODG,150,PC,97,17,,2,1547,1387,RPC,G,,0,0,000000000,00000000000,0,0,0,1,0,0,0,0,0,0,0,998,0,0,0,8,8,2,1,12,0,0,0,1,19,50638,6,1,0,0,3,0,70,180,0,0,0,0,0,0,0,0,0,0,0,0,0,0,1,4,45,1,1,1,1,0,0,1,17,1,1,1,98,0,0
19,190242,1,1,1,28,9,17,51,42,0,1,0,19,2,21,2,21002,4,1989,1G3HN54C0K18,1,G,3,H,N,5,4,C,0,K,1,8,0,P,OLDS,DRF,4D,89,17,3105,,0,1108,,G,,0,0,000000000,00000000000,0,0,0,1,0,0,0,0,0,0,0,998,0,1,5,6,6,6,2,1,0,0,0,1,19,52349,6,1,6,0,3,3,71,260,0,0,0,0,0,0,0,0,0,1,0,0,0,0,1,2,55,1,1,2,1,0,0,6,13,6,1,4,1,1,1
19,190243,1,1,1,30,9,6,13,30,0,1,0,19,1,72,706,72706,80,2009,1HD1FC4169Y6,1,H,D,1,F,C,4,1,6,9,Y,6,0,M,HD,FLU,RS,9,17,,,,,,,1584,0,0,000000000,00000000000,0,0,0,1,0,0,0,0,0,0,0,998,0,0,0,9,9,6,2,30,0,0,0,1,19,50320,6,1,0,0,3,3,69,185,0,0,0,0,0,0,0,0,0,0,0,0,0,0,1,2,30,1,1,1,1,0,0,1,13,1,1,4,1,1,0
19,190244,1,1,2,1,10,23,1,32,0,1,0,19,2,9,38,9038,4,1997,1P3EJ46C5VN6,1,P,3,E,J,4,6,C,5,V,N,6,0,P,PLYM,BRE,4D,97,17,2909,,0,1080,,G,,0,0,000000000,00000000000,0,0,0,1,0,0,0,0,0,0,0,998,0,1,5,12,13,6,2,30,0,0,0,1,19,50129,6,1,0,0,3,0,70,230,1,0,0,2,0,4,2010,9,2010,0,28,0,0,0,1,2,55,1,1,1,1,0,0,1,13,1,1,4,1,2,1
19,190245,1,2,1,1,10,15,39,12,6,1,0,19,1,73,706,73706,80,2001,JKAZX2E121A0,J,K,A,Z,X,2,E,1,2,1,A,0,0,M,KAWK,Z9E,RS,1,17,,,,,,,900,0,0,000000000,00000000000,0,0,0,1,0,0,0,0,0,0,0,998,0,0,0,12,12,6,2,12,0,0,0,1,19,50022,6,1,0,0,3,0,72,155,0,0,0,1,0,9,2009,9,2009,1,39,0,0,0,1,4,35,1,1,2,1,0,0,1,62,1,1,1,69,1,0
19,190245,2,2,1,1,10,15,39,12,6,1,0,19,1,18,3,18003,4,1982,1G4AW6944CH4,1,G,4,A,W,6,9,4,4,C,H,4,0,P,BUIC,EPK,4D,82,17,3734,,0,1189,,G,,0,0,000000000,00000000000,0,0,0,1,0,0,0,0,0,0,0,998,0,0,0,2,2,2,3,12,0,0,0,1,19,50022,6,1,0,0,3,3,72,203,0,0,0,0,0,0,0,0,0,0,38,0,0,0,1,4,35,1,1,2,1,0,0,11,15,1,1,2,68,0,0
19,190246,1,3,1,1,10,13,0,12,6,1,0,19,3,20,443,20443,20,2004,1GNDU03E54D2,1,G,N,D,U,0,3,E,5,4,D,2,0,P,CHEV,VTR,SV,4,17,3699,,0,1120,,G,,0,0,000000000,00000000000,0,0,0,1,0,0,0,0,0,0,0,998,0,0,0,12,12,6,2,12,0,0,0,1,19,50317,6,1,0,0,3,3,71,168,0,0,0,1,0,7,2009,7,2009,1,39,0,0,0,1,2,35,1,1,2,1,20,3,1,17,1,1,1,88,0,0
19,190246,2,3,2,1,10,13,0,12,6,1,0,19,1,19,3,19003,4,1993,1G6CD53BXP43,1,G,6,C,D,5,3,B,X,P,4,3,0,P,CADI,DFW,4D,93,17,3424,,0,1138,,G,,0,0,000000000,00000000000,0,0,0,1,0,0,0,0,0,0,0,998,1,0,0,9,9,6,2,12,0,0,0,1,19,50595,6,1,6,0,3,3,66,230,0,0,0,0,0,0,0,0,0,0,0,0,0,0,1,2,45,1,1,2,1,20,3,1,66,1,1,1,89,1,0
19,190246,3,3,1,1,10,13,0,12,6,1,0,17,3,98,809,98809,66,1999,2FZWJECB9XAB,2,F,Z,W,J,E,C,B,9,X,A,B,1,T,STRG,A95,DS,99,17,,8,2560,1360,STE,D,,1,57,75806,5775806,3,6,1,1,0,0,0,0,0,0,0,0,0,0,0,11,11,2,3,12,0,0,0,1,19,50317,6,1,6,1,3,0,69,200,0,0,0,0,0,0,0,0,0,0,0,0,0,0,1,2,35,1,1,2,1,20,3,5,62,1,1,1,98,0,0
19,190247,1,1,1,6,10,12,15,9,0,1,0,19,3,84,881,84881,63,1998,1HTSHAAR7WH4,1,H,T,S,H,A,A,R,7,W,H,4,0,T,INTL,490,TM,98,17,,8,2540,1520,40S,D,,0,57,29517,5729517,3,2,1,1,0,0,0,0,0,0,0,998,0,1,5,11,11,6,2,9,0,0,0,1,19,52339,6,1,6,1,3,0,69,285,0,0,0,0,0,0,0,0,0,0,80,0,0,0,1,2,55,1,1,2,1,0,0,1,1,4,7,1,13,0,0
19,190248,1,1,1,6,10,14,1,2,0,1,0,48,2,12,881,12881,61,1999,1FDXF46S0XED,1,F,D,X,F,4,6,S,0,X,E,D,0,T,FORD,F4D,CC,99,17,,4,2010,1410,DRW,G,,0,99,999999999,99999999999,2,2,1,1,0,0,0,0,0,0,0,998,0,0,0,0,99,6,2,2,0,0,1,1,28,38930,1,1,0,0,2,0,74,164,0,0,0,0,0,0,0,0,0,0,0,0,0,0,1,2,55,1,2,4,1,0,0,1,98,99,1,1,0,1,0
19,190249,1,2,1,7,10,16,12,12,1,1,0,19,1,20,403,20403,14,2004,1GNDT13S2423,1,G,N,D,T,1,3,S,2,4,2,3,0,P,CHEV,TRL,UT,4,17,4612,,0,1130,,G,,0,0,000000000,00000000000,0,0,0,1,0,0,0,0,0,0,0,998,0,0,0,12,12,6,2,12,0,0,0,1,19,50316,6,1,0,0,3,0,66,125,0,0,0,0,0,0,0,0,0,0,38,0,0,0,3,2,60,1,1,2,1,0,0,16,10,1,1,1,24,0,0
19,190249,2,2,2,7,10,16,12,12,1,1,0,19,2,55,36,55036,5,2003,KMHCG35C23U2,K,M,H,C,G,3,5,C,2,3,U,2,0,P,HYUN,AGL,2H,3,17,2255,,0,961,,G,,0,0,000000000,00000000000,0,0,0,1,0,0,0,0,0,0,0,998,0,0,0,6,6,6,2,12,0,0,0,1,32,89102,6,1,0,0,3,0,68,160,0,0,0,0,0,0,0,0,0,0,0,0,0,0,6,2,60,1,1,2,1,0,0,1,74,1,1,1,25,1,0
19,190250,1,1,3,7,10,11,0,1,0,1,0,19,2,23,431,23431,16,2003,1GKEC16Z23J1,1,G,K,E,C,1,6,Z,2,3,J,1,0,T,GMC,CX1,4W,3,17,,2,0,1300,YUK,F,,0,0,000000000,00000000000,0,0,0,1,0,0,0,0,0,0,0,998,0,1,1,0,1,6,2,1,0,0,0,1,12,34288,6,1,0,0,3,0,71,999,0,0,0,0,0,0,0,0,0,0,28,58,0,0,3,4,65,1,2,2,1,0,0,1,13,6,2,6,98,1,0
19,190251,1,1,1,7,10,20,35,1,0,1,0,27,2,20,481,20481,31,2005,1GCEK14X75Z1,1,G,C,E,K,1,4,X,7,5,Z,1,0,T,CHEV,SK1,PK,5,17,,2,1330,1190,SIL,G,,0,0,000000000,00000000000,0,0,0,1,0,0,0,0,0,0,0,998,0,1,5,0,13,6,2,1,0,0,0,1,27,55944,9,9,99,9,9,9,999,999,99,99,99,99,99,99,9999,99,9999,0,0,0,0,0,1,2,55,2,2,1,1,0,0,14,12,1,1,4,6,1,0
19,190252,1,1,1,8,10,16,56,30,0,1,0,19,1,37,705,37705,80,2003,JH2RC44533M7,J,H,2,R,C,4,4,5,3,3,M,7,0,M,HOND,T7B,RS,3,17,,,,,,,745,0,0,000000000,00000000000,0,0,0,1,0,0,0,0,0,0,0,998,0,0,0,12,12,6,2,30,0,0,0,1,19,50613,6,1,0,0,3,0,71,167,0,0,0,0,0,0,0,0,0,0,0,0,0,0,3,4,45,1,1,1,1,0,0,1,13,1,7,4,2,1,1
19,190253,1,2,1,8,10,18,10,12,2,1,0,19,2,22,20,22020,4,2004,2G2WP5224411,2,G,2,W,P,5,2,2,4,4,1,1,0,P,PONT,GPG,4D,4,17,3477,,0,1105,,G,,0,0,000000000,00000000000,0,0,0,1,0,0,0,0,0,0,0,998,2,0,0,12,12,6,2,12,0,0,0,1,19,51249,6,1,0,0,3,0,74,165,0,0,0,0,0,0,0,0,0,0,28,0,0,0,1,2,55,1,1,2,1,0,0,1,10,1,1,2,50,1,0
19,190253,2,2,1,8,10,18,10,12,2,1,0,19,3,82,881,82881,66,1996,2FUPCXYB1TA6,2,F,U,P,C,X,Y,B,1,T,A,6,1,T,FRHT,FLD,DS,96,17,,8,0,0,CON,D,,1,57,1653975,571653975,3,6,1,1,0,0,0,0,0,0,0,998,0,0,0,12,12,6,2,12,0,0,0,1,19,50278,6,1,6,1,3,0,76,350,0,0,0,3,0,8,2008,6,2009,9,28,0,0,0,1,2,55,1,1,2,1,0,0,1,62,1,1,1,51,0,0
19,190254,1,1,3,8,10,22,9,35,0,1,0,19,2,20,19,20019,2,1995,1G1LV15M5SY1,1,G,1,L,V,1,5,M,5,S,Y,1,0,P,CHEV,BER,CP,95,17,2756,,0,1034,,G,,0,0,000000000,00000000000,0,0,0,1,0,0,0,0,0,0,0,998,0,1,5,12,13,6,2,1,0,0,0,1,19,52641,6,1,0,0,3,0,72,185,0,0,0,0,0,0,0,0,0,0,28,0,0,0,1,2,55,2,2,1,1,0,0,14,13,1,1,4,1,1,1
19,190255,1,1,2,9,10,8,49,1,0,1,0,19,1,41,471,41471,30,1998,4F4ZR17X7WTM,4,F,4,Z,R,1,7,X,7,W,T,M,0,T,MAZD,4CP,PC,98,17,,1,0,1259,B40,G,,0,0,000000000,00000000000,0,0,0,1,0,0,0,0,0,0,0,998,0,1,1,0,99,6,9,1,0,0,0,1,19,51534,6,1,0,0,3,0,69,150,0,0,0,0,0,0,0,0,0,0,28,58,0,0,1,2,55,2,1,2,1,0,0,14,13,6,2,6,98,1,1
19,190256,1,2,3,9,10,13,20,12,6,1,0,19,1,20,32,20032,4,2002,1Y1SK52822Z4,1,Y,1,S,K,5,2,8,2,2,Z,4,0,P,CHEV,P/L,4D,2,17,2403,,0,970,,G,,0,0,000000000,00000000000,0,0,0,1,0,0,0,0,0,0,0,998,0,0,0,12,12,6,2,12,0,0,0,1,19,51301,6,1,0,0,3,0,60,122,0,0,0,0,0,0,0,0,0,0,38,0,0,0,1,2,35,1,1,1,1,0,0,11,15,1,1,2,68,0,0
19,190256,2,2,1,9,10,13,20,12,6,1,0,19,1,72,706,72706,80,1990,1HD1DJL13LY5,1,H,D,1,D,J,L,1,3,L,Y,5,0,M,HD,FHC,RS,90,17,,,,,,,1340,0,0,000000000,00000000000,0,0,0,1,0,0,0,0,0,0,0,998,0,0,0,1,1,6,2,12,0,0,0,1,19,51024,6,1,0,0,3,0,71,210,0,0,0,1,0,5,2010,5,2010,0,0,0,0,0,1,2,35,1,1,1,1,0,0,1,17,1,1,1,69,1,0
19,190257,1,1,1,10,10,13,43,1,0,1,0,19,2,20,421,20421,15,1996,1GNEK13R3TJ4,1,G,N,E,K,1,3,R,3,T,J,4,0,P,CHEV,KTA,UT,96,17,5144,,0,1175,,G,,0,0,000000000,00000000000,0,0,0,1,0,0,0,0,0,0,0,998,0,1,5,0,12,6,2,1,0,0,0,1,19,51501,0,0,0,0,0,0,999,999,0,0,0,0,0,0,0,0,0,0,28,0,0,0,3,2,55,1,1,1,1,0,0,1,13,1,9,4,1,1,1
19,190258,1,1,4,8,10,14,33,1,0,1,0,19,1,6,441,6441,20,2001,2C8GP64L61R1,2,C,8,G,P,6,4,L,6,1,R,1,0,P,CHRY,TWC,SV,1,17,4261,,0,1193,,G,,0,0,000000000,00000000000,0,0,0,1,0,0,0,0,0,0,0,998,0,1,5,0,13,6,9,1,0,0,0,1,19,52249,6,1,0,0,3,0,67,140,0,0,0,0,0,0,0,0,0,0,0,0,0,0,1,2,55,1,1,4,1,0,0,1,12,1,3,4,7,1,0
19,190259,1,2,4,10,10,19,35,12,6,1,0,19,1,7,880,7880,67,2005,3D7MS48C05G7,3,D,7,M,S,4,8,C,0,5,G,7,1,T,DODG,SQ3,CW,5,17,,3,0,1600,RPC,D,,1,88,888888888,88888888888,2,4,98,1,0,0,0,0,0,0,0,998,0,0,0,9,9,6,2,12,0,0,0,1,19,51503,6,1,0,0,3,0,63,165,0,0,0,0,0,0,0,0,0,0,36,0,0,0,1,2,55,1,2,2,1,0,0,11,15,1,1,1,72,1,0
19,190259,2,2,1,10,10,19,35,12,6,1,0,19,1,35,472,35472,30,2010,1N6AD0EV7AC4,1,N,6,A,D,0,E,V,7,A,C,4,0,T,NISS,CEN,CW,10,17,,1,0,0,FRT,G,,0,0,000000000,00000000000,0,0,0,1,0,0,0,0,0,0,0,998,0,0,0,12,12,6,2,12,0,0,0,1,19,51534,6,1,0,0,3,0,76,325,0,0,0,0,0,0,0,0,0,0,38,91,0,0,1,2,55,1,2,2,1,0,0,6,61,6,9,3,73,0,1
19,190260,1,2,1,11,10,5,46,12,2,1,0,19,1,13,1,13001,4,2005,1LNHM81W65Y6,1,L,N,H,M,8,1,W,6,5,Y,6,0,P,LINC,SIG,4D,5,17,4359,,0,1177,,G,,0,0,000000000,00000000000,0,0,0,1,0,0,0,0,0,0,0,998,0,0,0,12,12,6,2,12,0,0,0,1,19,50108,6,1,0,0,3,3,68,200,0,0,0,0,0,0,0,0,0,0,28,0,0,0,1,2,55,1,1,2,2,0,0,1,10,1,1,2,50,1,0
19,190260,2,2,1,11,10,5,46,12,2,1,0,19,3,20,481,20481,31,2009,1GCHC59K69E1,1,G,C,H,C,5,9,K,6,9,E,1,0,T,CHEV,2C2,4C,9,17,,2,1575,1435,SIL,G,,0,0,000000000,00000000000,0,0,0,1,0,0,0,0,0,0,0,998,0,0,0,12,12,6,2,12,0,0,0,1,19,50854,6,1,6,0,3,0,73,230,0,0,0,0,0,0,0,0,0,0,0,0,0,0,1,2,55,1,1,2,2,0,0,1,62,1,1,1,51,0,0
19,190261,1,3,1,11,10,6,25,12,6,1,0,27,3,82,883,82883,66,2006,1FUJA6CK66PV,1,F,U,J,A,6,C,K,6,6,P,V,1,T,FRHT,COL,DS,6,17,,8,0,0,CON,D,,1,57,309893,57309893,3,6,1,1,0,0,0,0,0,0,0,998,0,0,0,11,11,2,3,12,0,0,0,1,27,55107,6,1,6,0,3,3,73,205,0,0,0,0,0,0,0,0,0,0,38,0,0,0,3,4,40,1,1,2,1,0,0,15,11,1,1,2,45,0,0
19,190261,2,3,1,11,10,6,25,12,6,1,0,19,1,12,481,12481,31,1995,1FTEX14N1SKA,1,F,T,E,X,1,4,N,1,S,K,A,0,T,FORD,F15,PS,95,17,,2,1550,1390,COF,G,,0,0,000000000,00000000000,0,0,0,1,0,0,0,0,0,0,0,998,0,0,0,12,12,6,2,12,0,0,0,1,19,50125,6,1,6,0,3,0,68,255,0,0,0,0,0,0,0,0,0,0,0,0,0,0,3,4,40,1,1,2,1,0,0,1,62,1,1,1,98,0,0