STATE,ST_CASE,VEH_NO,VE_FORMS,NUMOCCS,DAY,MONTH,HOUR,MINUTE,HARM_EV,MAN_COLL,UNITTYPE,HIT_RUN,REG_STAT,OWNER,MAKE,MODEL,MAK_MOD,BODY_TYP,MOD_YEAR,VIN,VIN_1,VIN_2,VIN_3,VIN_4,VIN_5,VIN_6,VIN_7,VIN_8,VIN_9,VIN_10,VIN_11,VIN_12,TOW_VEH,VINTYPE,VINMAKE,VINA_MOD,VIN_BT,VINMODYR,VIN_LNGT,VIN_WGT,WGTCD_TR,WHLBS_LG,WHLBS_SH,SER_TR,FUELCODE,MCYCL_DS,J_KNIFE,MCARR_I1,MCARR_I2,MCARR_ID,GVWR,V_CONFIG,CARGO_BT,HAZ_INV,HAZ_PLAC,HAZ_ID,HAZ_CNO,HAZ_REL,BUS_USE,SPEC_USE,EMER_USE,TRAV_SP,UNDERIDE,ROLLOVER,ROLINLOC,IMPACT1,IMPACT2,DEFORMED,TOWED,M_HARM,VEH_SC1,VEH_SC2,FIRE_EXP,DR_PRES,L_STATE,DR_ZIP,L_STATUS,L_TYPE,CDL_STAT,L_ENDORS,L_COMPL,L_RESTRI,DR_HGT,DR_WGT,PREV_ACC,PREV_SUS,PREV_DWI,PREV_SPD,PREV_OTH,FIRST_MO,FIRST_YR,LAST_MO,LAST_YR,SPEEDREL,DR_SF1,DR_SF2,DR_SF3,DR_SF4,VTRAFWAY,VNUM_LAN,VSPD_LIM,VALIGN,VPROFILE,VPAVETYP,VSURCOND,VTRAFCON,VTCONT_F,P_CRASH1,P_CRASH2,P_CRASH3,PCRASH4,PCRASH5,ACC_TYPE,DEATHS,DR_DRINK
19,190261,3,3,1,11,10,6,25,12,6,1,0,19,1,52,37,52037,2,2000,4A3AC44G8YE1,4,A,3,A,C,4,4,G,8,Y,E,1,0,P,MITS,EGS,2H,0,17,2985,,0,1008,,G,,0,0,000000000,00000000000,0,0,0,1,0,0,0,0,0,0,0,998,0,0,0,7,9,6,2,12,0,0,0,1,19,50313,0,0,0,0,0,0,999,999,0,0,0,0,1,7,2010,7,2010,0,0,0,0,0,3,4,40,1,1,2,1,0,0,1,61,1,1,1,44,1,0
19,190262,1,1,1,2,10,21,59,8,0,1,0,27,1,49,48,49048,5,2006,JTLKT3340640,J,T,L,K,T,3,3,4,0,6,4,0,0,P,TOYT,SXB,UT,6,17,2395,,0,984,,G,,0,0,000000000,00000000000,0,0,0,1,0,0,0,0,0,0,0,998,0,0,0,12,12,2,3,8,0,0,0,1,27,55044,6,1,0,0,3,0,76,205,0,0,0,1,0,3,2008,3,2008,0,0,0,0,0,1,4,35,1,1,1,1,0,0,1,80,1,1,1,13,0,0
19,190263,1,4,2,11,10,18,35,12,1,1,0,19,3,82,883,82883,66,2008,1FUJA6CK28DZ,1,F,U,J,A,6,C,K,2,8,D,Z,1,T,FRHT,COL,DS,8,17,,8,0,0,CON,D,,1,57,578821,57578821,3,6,1,1,0,0,0,0,0,0,0,998,7,0,0,12,12,6,2,12,0,0,0,1,48,79927,6,1,6,1,3,3,999,999,0,1,0,0,2,12,2007,7,2010,1,92,0,0,0,3,4,70,1,1,1,1,98,3,1,51,1,1,1,24,0,0
19,190263,2,4,1,11,10,18,35,12,1,1,0,19,1,23,481,23481,31,1993,1GTEC14Z9PE5,1,G,T,E,C,1,4,Z,9,P,E,5,0,T,GMC,SC1,PK,93,17,,2,1315,1175,SIE,G,,0,0,000000000,00000000000,0,0,0,1,0,0,0,0,0,0,0,998,0,0,0,6,6,6,2,12,0,0,1,1,19,50257,6,1,0,0,3,0,64,150,0,0,0,1,0,12,2008,12,2008,0,0,0,0,0,3,4,70,1,1,1,1,98,3,1,51,1,1,1,25,1,0
19,190263,3,4,1,11,10,18,35,12,1,1,0,6,1,12,461,12461,21,1989,1FDGS24H6KHC,1,F,D,G,S,2,4,H,6,K,H,C,0,T,FORD,S2V,IE,89,17,,2,0,1380,CVS,G,,0,0,000000000,00000000000,0,0,0,1,0,0,0,0,0,0,0,998,0,0,0,6,6,6,2,12,0,0,1,1,6,94708,6,1,0,0,3,0,70,165,0,0,0,0,1,3,2009,3,2009,0,0,0,0,0,3,4,70,1,1,1,1,98,3,1,10,1,1,1,98,0,0
19,190263,4,4,1,11,10,18,35,12,1,1,0,40,3,51,881,51881,66,2009,4V4NC9TG19N2,4,V,4,N,C,9,T,G,1,9,N,2,1,T,VOLV,VNL,DS,9,17,,8,0,0,VVN,D,,1,56,54283,5654283,3,6,1,1,0,0,0,0,0,0,0,998,0,0,0,6,6,4,1,12,0,0,0,1,13,31709,6,1,6,0,3,3,66,160,98,0,0,0,0,0,0,0,0,0,0,0,0,0,3,4,70,1,1,1,1,98,3,1,60,1,1,1,98,0,0
19,190264,1,1,1,12,10,2,49,30,0,1,0,19,2,7,472,7472,30,1999,1B7GL26Z8XS2,1,B,7,G,L,2,6,Z,8,X,S,2,0,T,DODG,DAK,PK,99,17,,1,1239,1119,DAK,G,,0,0,000000000,00000000000,0,0,0,1,0,0,0,0,0,0,0,998,0,1,5,12,13,6,2,1,0,0,0,1,19,50310,0,0,0,0,0,0,999,999,0,0,0,0,0,0,0,0,0,9,0,0,0,0,3,4,65,1,1,2,1,0,0,1,12,1,1,4,6,1,1
19,190265,1,2,1,14,10,5,55,12,2,1,0,19,1,18,2,18002,4,2000,1G4HP54K2Y41,1,G,4,H,P,5,4,K,2,Y,4,1,0,P,BUIC,LCF,4D,0,17,3567,,0,1122,,G,,0,0,000000000,00000000000,0,0,0,1,0,0,0,0,0,0,0,998,0,0,0,12,11,6,2,12,0,0,0,1,19,52151,6,1,6,0,3,0,72,160,0,0,0,1,0,2,2009,2,2009,0,28,0,0,0,1,2,55,2,2,2,1,0,0,14,10,1,1,2,50,1,1
19,190265,2,2,1,14,10,5,55,12,2,1,0,19,1,20,16,20016,2,2002,1G1JC1249273,1,G,1,J,C,1,2,4,9,2,7,3,0,P,CHEV,CAV,CP,2,17,2617,,0,1041,,G,,0,0,000000000,00000000000,0,0,0,1,0,0,0,0,0,0,0,998,0,0,0,12,11,6,2,12,0,0,0,1,19,52151,6,1,0,0,3,3,69,225,0,0,0,0,0,0,0,0,0,0,0,0,0,0,1,2,55,2,2,2,1,0,0,14,62,1,1,1,51,1,1
19,190266,1,1,1,16,10,2,56,43,0,1,0,19,1,76,705,76705,80,2002,JYARJ04E52A0,J,Y,A,R,J,0,4,E,5,2,A,0,0,M,YAMA,R6L,RS,2,17,,,,,,,599,0,0,000000000,00000000000,0,0,0,1,0,0,0,0,0,0,0,998,0,0,0,12,12,6,2,43,0,0,0,1,19,52047,6,1,0,0,3,3,73,220,0,0,0,1,2,6,2009,8,2010,1,0,0,0,0,1,2,55,2,2,2,1,0,0,14,12,1,1,4,6,1,1
19,190267,1,2,3,15,10,11,21,12,1,1,0,19,3,7,442,7442,20,2008,1D8HN54P68B1,1,D,8,H,N,5,4,P,6,8,B,1,0,P,DODG,CAR,SV,8,17,4483,,0,1212,,G,,0,0,000000000,00000000000,0,0,0,1,0,0,0,0,0,0,0,998,0,0,0,12,12,6,2,12,0,0,0,1,19,51237,6,1,6,0,3,3,72,200,0,0,0,0,0,0,0,0,0,0,38,0,0,0,1,2,55,1,2,2,1,0,0,1,51,1,1,1,24,1,0
19,190267,2,2,1,15,10,11,21,12,1,1,0,19,2,98,998,98998,92,2005,999999999999,9,9,9,9,9,9,9,9,9,9,9,9,0,U,,,,9,17,,,,,,,,0,0,000000000,00000000000,0,0,0,1,0,0,0,0,0,0,0,998,0,0,0,6,6,2,9,12,0,0,0,1,19,51041,6,1,0,0,3,0,74,195,0,0,0,0,0,0,0,0,0,0,0,0,0,0,1,2,55,1,2,2,1,0,0,1,18,1,1,1,25,0,0
19,190268,1,2,1,16,10,15,0,12,1,1,0,19,1,73,709,73709,80,2008,JKAZX4P148A0,J,K,A,Z,X,4,P,1,4,8,A,0,0,M,KAWK,ZXP,RC,8,17,,,,,,,599,0,0,000000000,00000000000,0,0,0,1,0,0,0,0,0,0,0,998,0,0,0,12,12,4,3,12,0,0,0,1,19,52501,6,1,0,0,3,0,75,185,1,0,0,1,0,1,2010,1,2010,1,26,0,0,0,1,2,45,1,1,1,1,0,0,1,51,1,1,1,28,1,0
19,190268,2,2,1,16,10,15,0,12,1,1,0,19,1,76,709,76709,80,2007,JYAVP24E07A0,J,Y,A,V,P,2,4,E,0,7,A,0,0,M,YAMA,X13,RS,7,17,,,,,,,1304,0,0,000000000,00000000000,0,0,0,1,0,0,0,0,0,0,0,998,0,0,0,6,6,2,3,12,0,0,0,1,19,52577,6,1,0,0,2,3,68,190,0,0,0,0,0,0,0,0,0,0,92,0,0,0,1,2,45,1,1,1,1,0,0,2,18,1,1,1,29,0,0
19,190269,1,1,2,16,10,18,23,42,0,1,0,19,1,37,35,37035,1,2002,JHMAP11402T0,J,H,M,A,P,1,1,4,0,2,T,0,0,P,HOND,S20,CV,2,17,2810,,0,945,,G,,0,0,000000000,00000000000,0,0,0,1,0,0,0,0,0,0,0,998,0,1,5,9,9,6,2,42,0,0,0,1,19,51503,6,1,0,0,3,0,72,160,0,0,0,0,0,0,0,0,0,0,58,0,0,0,1,2,50,2,2,2,1,0,0,14,12,7,2,4,7,2,0
19,190270,1,1,2,22,10,23,40,42,0,1,0,19,1,19,3,19003,4,1996,1G6KD52YXTU2,1,G,6,K,D,5,2,Y,X,T,U,2,0,P,CADI,DFW,4D,96,17,3758,,0,1138,,G,,0,0,000000000,00000000000,0,0,0,1,0,0,0,0,0,0,0,998,0,0,0,12,12,6,2,42,0,0,0,1,19,52002,6,1,0,0,3,0,68,190,0,0,0,0,0,0,0,0,0,0,0,0,0,0,1,2,30,2,1,2,1,0,0,14,12,1,1,4,6,1,1
19,190271,1,1,3,24,10,0,20,59,0,1,0,19,2,20,37,20037,4,2001,1G1ND52J91M6,1,G,1,N,D,5,2,J,9,1,M,6,0,P,CHEV,MAL,4D,1,17,3051,,0,1070,,G,,0,0,000000000,00000000000,0,0,0,1,0,0,0,0,0,0,0,998,0,1,5,12,12,6,2,1,0,0,0,1,19,51031,2,1,0,0,2,0,71,156,0,3,2,0,1,6,2008,4,2010,0,0,0,0,0,1,2,55,1,2,2,1,0,0,1,13,1,1,4,1,2,1
19,190272,1,1,1,22,9,17,0,1,0,1,0,19,1,18,22,18022,4,2005,2G4WD5328511,2,G,4,W,D,5,3,2,8,5,1,1,0,P,BUIC,LAL,4D,5,17,3502,,0,1138,,G,,0,0,000000000,00000000000,0,0,0,1,0,0,0,0,0,0,0,998,0,1,5,0,2,6,2,1,0,0,0,1,19,51026,6,1,0,0,3,3,60,115,1,0,0,0,0,9,2007,9,2007,0,0,0,0,0,1,2,55,1,1,2,1,0,0,1,12,1,1,4,6,1,0
19,190273,1,1,1,5,10,17,10,8,0,1,0,19,1,49,53,49053,5,2009,4T3BK11A09U0,4,T,3,B,K,1,1,A,0,9,U,0,0,P,TOYT,VEN,UT,9,17,4045,,0,1093,,G,,0,0,000000000,00000000000,0,0,0,1,0,0,0,0,0,0,0,998,0,0,0,12,12,2,1,8,0,0,0,1,19,50263,6,1,0,0,3,3,62,150,2,0,0,0,0,12,2007,9,2009,9,36,38,0,0,2,4,25,1,1,2,1,3,3,11,80,1,1,2,13,0,0
19,190274,1,1,1,24,10,2,56,8,0,1,0,19,2,34,34,34034,4,2004,WBAEU33484PR,W,B,A,E,U,3,3,4,8,4,P,R,0,P,BMW,32X,4D,4,17,3461,,0,1073,,G,,0,0,000000000,00000000000,0,0,0,1,0,0,0,0,0,0,0,998,0,0,0,11,11,2,3,8,0,0,0,1,19,52804,6,1,0,0,3,0,68,200,0,0,0,0,0,0,0,0,0,0,80,0,0,0,5,4,35,1,1,2,2,0,0,1,80,1,1,1,13,0,1
19,190275,1,1,1,25,10,7,45,15,0,1,0,19,3,85,881,85881,66,1993,1XKADB9X2PS5,1,X,K,A,D,B,9,X,2,P,S,5,1,T,KW,T60,DS,93,17,,8,2600,1600,CON,D,,1,57,875623,57875623,3,6,8,1,0,0,0,0,0,0,0,998,0,0,0,4,8,2,3,15,0,0,0,1,19,50009,6,1,6,0,3,3,71,210,1,0,0,0,0,12,2009,12,2009,0,38,0,0,0,1,4,40,1,1,2,1,3,3,10,15,1,1,2,13,0,0
19,190276,1,1,1,25,10,2,13,43,0,1,0,19,1,76,706,76706,80,2007,JYAVP17E47A0,J,Y,A,V,P,1,7,E,4,7,A,0,0,M,YAMA,X17,RS,7,17,,,,,,,1670,0,0,000000000,00000000000,0,0,0,1,0,0,0,0,0,0,0,998,0,0,0,12,12,4,3,43,0,0,0,1,19,50317,6,1,6,0,3,0,70,150,1,0,0,0,0,5,2010,5,2010,0,0,0,0,0,1,2,25,1,1,1,1,0,0,1,90,1,1,1,12,1,1
19,190277,1,1,1,8,9,15,50,14,0,1,0,19,1,19,3,19003,4,1988,1G6CD5156J43,1,G,6,C,D,5,1,5,6,J,4,3,0,P,CADI,DFW,4D,88,17,3241,,0,1108,,G,,0,0,000000000,00000000000,0,0,0,1,0,0,0,0,0,0,0,998,4,0,0,12,12,6,2,14,0,0,0,1,19,50588,6,1,0,0,3,3,74,180,0,0,0,0,0,0,0,0,0,1,40,41,0,0,1,2,55,1,2,2,1,28,3,1,10,1,1,2,11,1,0
19,190278,1,1,2,27,10,12,19,42,0,1,0,19,2,22,20,22020,4,1999,1G2WP52K3XF3,1,G,2,W,P,5,2,K,3,X,F,3,0,P,PONT,GPG,4D,99,17,3428,,0,1105,,G,,0,0,000000000,00000000000,0,0,0,1,0,0,0,0,0,0,0,998,0,1,5,1,13,6,2,1,0,0,0,1,19,50401,6,2,0,0,3,3,70,167,1,0,0,0,1,1,2010,10,2010,1,0,0,0,0,1,2,15,1,1,2,1,0,0,1,13,1,3,4,2,1,0
19,190279,1,3,1,28,10,8,50,12,6,1,0,19,1,41,44,41044,2,1993,1YVGE31B1P51,1,Y,V,G,E,3,1,B,1,P,5,1,0,P,MAZD,UML,CP,93,17,2700,,0,1028,,G,,0,0,000000000,00000000000,0,0,0,1,0,0,0,0,0,0,0,998,0,0,0,12,12,6,2,12,0,0,0,1,19,50322,6,1,0,0,3,0,69,175,0,0,0,0,0,0,0,0,0,0,28,0,0,0,2,5,45,1,1,2,1,0,0,1,10,1,1,2,64,0,0
19,190279,2,3,3,28,10,8,50,12,6,1,0,19,1,22,22,22022,4,2008,1G2ZH57N7841,1,G,2,Z,H,5,7,N,7,8,4,1,0,P,PONT,GGT,4D,8,17,3457,,0,1123,,G,,0,0,000000000,00000000000,0,0,0,1,0,0,0,0,0,0,0,998,0,0,0,9,9,6,2,12,0,0,0,1,19,50211,6,1,0,0,3,9,69,239,0,0,0,0,0,0,0,0,0,0,0,0,0,0,2,5,45,1,1,2,1,0,0,1,62,1,1,1,65,0,0
19,190279,3,3,1,28,10,8,50,12,6,1,0,19,2,20,37,20037,4,2001,1G1ND52J4161,1,G,1,N,D,5,2,J,4,1,6,1,0,P,CHEV,MAL,4D,1,17,3051,,0,1070,,G,,0,0,000000000,00000000000,0,0,0,1,0,0,0,0,0,0,0,998,0,0,0,12,12,6,2,12,0,0,0,1,19,50125,6,1,0,0,3,3,69,180,0,0,0,0,0,0,0,0,0,0,0,0,0,0,2,5,45,1,1,2,1,0,0,1,62,1,1,1,98,1,0
19,190280,1,1,2,30,10,12,1,35,0,1,0,19,1,12,481,12481,31,2008,1FTSW20508ED,1,F,T,S,W,2,0,5,0,8,E,D,0,T,FORD,F2S,CW,8,17,,2,1720,1560,SRW,G,,0,0,000000000,00000000000,0,0,0,1,0,0,0,0,0,0,0,998,0,0,0,4,4,0,1,5,0,0,0,1,19,52601,6,1,0,0,3,0,67,194,0,0,0,1,0,2,2008,2,2008,0,0,0,0,0,1,2,25,1,1,2,1,0,0,13,19,1,1,2,98,1,0
19,190281,1,2,1,29,10,14,27,12,6,1,0,19,1,9,442,9442,20,1997,1P4GP45R0VB3,1,P,4,G,P,4,5,R,0,V,B,3,0,P,PLYM,VOF,SV,97,17,3587,,0,1133,,G,,0,0,000000000,00000000000,0,0,0,1,0,0,0,0,0,0,0,998,0,0,0,12,12,6,2,12,0,0,0,1,19,50162,6,1,0,0,3,3,72,165,1,0,0,0,0,1,2008,1,2008,0,0,0,0,0,1,2,35,2,2,2,1,0,0,14,17,1,1,1,86,0,0
19,190281,2,2,1,29,10,14,27,12,6,1,0,19,1,18,3,18003,4,2000,1G4CW52K2Y41,1,G,4,C,W,5,2,K,2,Y,4,1,0,P,BUIC,PKA,4D,0,17,3778,,0,1138,,G,,0,0,000000000,00000000000,0,0,0,1,0,0,0,0,0,0,0,998,0,0,0,2,2,6,2,12,0,0,0,1,19,51360,6,1,0,0,3,3,62,112,0,0,0,0,0,0,0,0,0,0,38,0,0,0,1,2,35,2,2,2,1,20,3,14,17,1,1,1,87,1,0
19,190282,1,1,1,3,10,0,12,34,0,1,0,19,3,20,481,20481,31,2001,1GCHK23G41F1,1,G,C,H,K,2,3,G,4,1,F,1,0,T,CHEV,2KH,CW,1,17,,2,1670,1530,SIL,G,,0,0,000000000,00000000000,0,0,0,1,0,0,0,0,0,0,0,998,0,0,0,99,99,0,9,34,0,0,0,1,19,50171,0,0,0,0,0,0,70,150,0,0,0,0,0,0,0,0,0,0,0,0,0,0,1,2,55,1,2,1,1,0,0,1,12,99,1,4,6,1,1
19,190283,1,1,1,19,10,11,4,8,0,1,0,19,3,98,898,98898,63,1991,1L9AF51B2MK0,1,L,9,A,F,5,1,B,2,M,K,0,0,U,,,,91,17,,,,,,,,0,57,1991883,571991883,3,2,7,1,0,0,0,0,0,0,0,998,0,0,0,6,99,2,1,8,0,0,0,1,19,50636,6,1,6,1,3,0,72,235,3,0,0,0,0,10,2007,10,2010,0,0,0,0,0,1,2,25,1,1,2,1,0,0,13,17,1,1,2,98,0,0
19,190284,1,2,3,31,10,10,30,12,6,1,0,19,1,21,441,21441,20,2000,1GHDX03E7YD3,1,G,H,D,X,0,3,E,7,Y,D,3,0,T,OLDS,SIL,ES,0,17,,1,0,1200,SIL,G,,0,0,000000000,00000000000,0,0,0,1,0,0,0,0,0,0,0,998,0,0,0,3,3,6,2,12,0,0,0,1,19,50313,6,1,0,0,3,0,68,210,0,0,0,0,0,0,0,0,0,0,38,0,0,0,1,2,45,1,1,1,1,3,3,11,15,1,1,2,68,1,0
19,190284,2,2,1,31,10,10,30,12,6,1,0,19,1,12,37,12037,4,2005,1FAFP34N25W1,1,F,A,F,P,3,4,N,2,5,W,1,0,P,FORD,ZX4,4D,5,17,2677,,0,1030,,G,,0,0,000000000,00000000000,0,0,0,1,0,0,0,0,0,0,0,998,0,0,0,12,12,6,2,12,0,0,0,1,19,50313,6,1,0,0,3,0,65,190,0,0,0,1,1,3,2008,5,2008,0,0,0,0,0,1,2,45,1,1,1,1,3,3,1,17,1,1,1,69,0,0
19,190285,1,2,1,1,11,15,15,12,2,1,0,19,2,6,41,6041,4,1997,2C3HD56F0VH5,2,C,3,H,D,5,6,F,0,V,H,5,0,P,CHRY,L/L,4D,97,17,3460,,0,1130,,G,,0,0,000000000,00000000000,0,0,0,1,0,0,0,0,0,0,0,998,0,0,0,12,12,6,2,12,0,0,0,1,19,50542,6,1,0,0,3,3,73,210,0,0,0,0,0,0,0,0,0,0,38,0,0,0,1,2,55,1,1,2,1,0,0,11,15,1,1,2,68,1,0
19,190285,2,2,1,1,11,15,15,12,2,1,0,19,1,7,43,7043,4,2004,1B3EL46X64N2,1,B,3,E,L,4,6,X,6,4,N,2,0,P,DODG,SRX,4D,4,17,3094,,0,1080,,G,,0,0,000000000,00000000000,0,0,0,1,0,0,0,0,0,0,0,998,0,0,0,12,12,6,2,12,0,0,0,1,19,50501,6,1,0,0,3,0,74,225,0,0,0,1,0,4,2010,4,2010,0,0,0,0,0,1,2,55,1,1,2,1,0,0,1,17,1,1,1,69,0,0
19,190286,1,1,1,1,11,20,59,1,0,1,0,19,1,20,481,20481,31,1994,2GCEK19K5R12,2,G,C,E,K,1,9,K,5,R,1,2,0,T,CHEV,GK1,PC,94,17,,2,1555,1415,GM4,G,,0,0,000000000,00000000000,0,0,0,1,0,0,0,0,0,0,0,998,0,1,5,0,12,6,2,1,0,0,0,1,19,51062,6,1,0,0,3,0,72,220,0,0,0,0,0,0,0,0,0,1,28,58,0,0,1,2,55,1,1,2,1,0,0,1,13,6,2,4,98,1,1
19,190287,1,2,2,2,11,0,36,12,6,1,0,27,2,7,24,7024,4,2010,2B3CA3CV5AH2,2,B,3,C,A,3,C,V,5,A,H,2,0,P,DODG,CHS,4D,10,17,3820,,0,1200,,G,,0,0,000000000,00000000000,0,0,0,1,0,0,0,0,0,0,0,998,0,0,0,9,9,6,2,12,0,0,0,1,17,61201,6,1,0,0,3,0,68,157,0,1,0,0,0,4,2008,4,2008,1,39,0,0,0,3,5,35,1,1,1,1,3,3,1,17,1,1,1,89,1,0
19,190287,2,2,2,2,11,0,36,12,6,1,0,19,1,23,401,23401,14,2003,1GKDS13S6322,1,G,K,D,S,1,3,S,6,3,2,2,0,T,GMC,ENV,4W,3,17,,1,0,1130,ENV,G,,0,0,000000000,00000000000,0,0,0,1,0,0,0,0,0,0,0,998,0,0,0,12,2,6,2,12,0,0,0,1,19,52806,6,1,0,0,3,0,67,198,0,0,0,0,0,0,0,0,0,0,0,0,0,0,3,5,35,1,1,1,1,3,3,1,17,1,1,1,88,0,0
19,190288,1,2,1,2,11,9,58,12,6,1,0,19,3,82,881,82881,66,2000,1FUYDSEB9YLA,1,F,U,Y,D,S,E,B,9,Y,L,A,1,T,FRHT,FLD,DS,0,17,,8,0,0,CON,D,,1,57,65832,5765832,3,6,1,1,0,0,0,0,0,0,0,998,0,0,0,12,12,6,2,12,0,0,0,1,19,51436,6,1,6,0,3,3,74,265,0,0,0,0,0,0,0,0,0,0,0,0,0,0,1,2,55,1,2,2,1,0,0,1,17,1,1,1,88,0,0
19,190288,2,2,1,2,11,9,58,12,6,1,0,19,1,20,481,20481,31,2006,1GCEK19ZX6Z1,1,G,C,E,K,1,9,Z,X,6,Z,1,0,T,CHEV,SK1,4C,6,17,,2,1575,1340,SIL,F,,0,0,000000000,00000000000,0,0,0,1,0,0,0,0,0,0,0,998,0,0,0,9,9,6,2,12,0,0,1,1,19,51537,6,1,0,0,3,0,72,160,0,0,0,0,0,0,0,0,0,0,39,0,0,0,1,2,55,1,2,2,1,20,3,1,17,1,1,1,89,1,0
19,190289,1,1,1,2,11,16,25,35,0,1,0,19,1,12,17,12017,4,2000,1FAFP5522YA1,1,F,A,F,P,5,5,2,2,Y,A,1,0,P,FORD,TSS,4D,0,17,3333,,0,1085,,F,,0,0,000000000,00000000000,0,0,0,1,0,0,0,0,0,0,0,998,0,0,0,12,12,6,2,35,0,0,0,1,19,50166,6,1,0,0,3,3,71,225,0,0,0,0,0,0,0,0,0,9,99,99,99,99,1,2,55,1,2,4,1,0,0,1,13,1,2,4,2,1,0
19,190290,1,1,1,5,11,9,14,30,0,1,0,19,2,49,32,49032,4,1995,1NXAE09B0SZ2,1,N,X,A,E,0,9,B,0,S,Z,2,0,P,TOYT,LED,4D,95,17,2381,,0,970,,G,,0,0,000000000,00000000000,0,0,0,1,0,0,0,0,99,99,0,998,0,1,5,12,13,6,2,1,0,0,0,1,19,51601,6,1,0,0,3,0,65,130,0,0,0,1,0,8,2010,8,2010,0,0,0,0,0,3,4,55,1,1,1,1,0,0,1,13,1,1,4,1,1,0
19,190291,1,1,1,5,11,23,30,8,0,1,0,19,2,20,481,20481,31,1996,1GCEK14R0TZ1,1,G,C,E,K,1,4,R,0,T,Z,1,0,T,CHEV,GK1,PK,96,17,,2,1315,1175,GM4,G,,0,0,000000000,00000000000,0,0,0,1,0,0,0,0,99,99,0,998,0,0,0,2,2,4,9,8,0,0,0,1,19,51640,6,1,6,0,3,0,74,145,0,0,0,0,0,0,0,0,0,0,0,0,0,0,3,4,70,1,1,1,1,0,0,1,80,1,1,1,13,0,0
19,190292,1,1,2,5,11,6,0,1,0,1,0,19,1,35,47,35047,4,1997,1N4BU31D7VC2,1,N,4,B,U,3,1,D,7,V,C,2,0,P,NISS,AGS,4D,97,17,2756,,0,1031,,G,,0,0,000000000,00000000000,0,0,0,1,0,0,0,0,0,0,0,998,0,1,5,0,13,6,2,1,0,0,0,1,19,50315,6,7,0,0,3,1,69,140,0,0,0,0,0,0,0,0,0,0,83,0,0,0,1,2,55,1,1,4,1,0,0,1,12,8,2,4,8,2,0
19,190293,1,2,1,5,11,15,51,12,1,1,0,19,2,30,36,30036,6,1983,1VWFB0173DV0,1,V,W,F,B,0,1,7,3,D,V,0,0,P,VOLK,ULC,4H,83,17,1850,,0,945,,G,,0,0,000000000,00000000000,0,0,0,1,0,0,0,0,0,0,0,0,0,0,0,6,6,6,2,12,0,0,0,1,19,52354,6,7,0,0,3,3,64,160,0,0,0,0,0,0,0,0,0,0,0,0,0,0,1,2,55,1,1,2,1,0,0,5,18,1,1,1,23,1,0
19,190293,2,2,1,5,11,15,51,12,1,1,0,19,1,12,17,12017,4,2003,1FAFP55213A1,1,F,A,F,P,5,5,2,1,3,A,1,0,P,FORD,TSS,4D,3,17,3329,,0,1085,,F,,0,0,000000000,00000000000,0,0,0,1,0,0,0,0,0,0,0,998,0,0,0,12,12,4,3,12,0,0,0,1,19,52318,6,2,0,0,3,3,72,250,0,0,0,0,0,0,0,0,0,9,26,0,0,0,1,2,55,1,1,2,1,0,0,1,50,4,1,1,20,0,0
19,190294,1,1,4,8,11,1,40,1,0,1,0,19,2,12,17,12017,4,1997,1FALP54N1VA1,1,F,A,L,P,5,4,N,1,V,A,1,0,P,FORD,SHO,4D,97,17,3440,,0,1085,,G,,0,0,000000000,00000000000,0,0,0,1,0,0,0,0,0,0,0,998,0,1,5,0,6,6,2,1,0,0,0,1,19,52403,6,7,0,0,3,3,74,230,0,0,0,0,0,0,0,0,0,0,28,0,0,0,1,2,30,1,1,1,1,0,0,1,12,6,2,4,98,1,1
19,190295,1,3,1,7,11,11,49,12,6,1,0,19,2,12,17,12017,4,2003,1FAHP55U73G1,1,F,A,H,P,5,5,U,7,3,G,1,0,P,FORD,TSS,4D,3,17,3329,,0,1085,,G,,0,0,000000000,00000000000,0,0,0,1,0,0,0,0,0,0,0,998,0,0,0,9,9,4,1,12,0,0,0,1,19,52803,6,1,0,0,3,0,60,160,0,0,0,0,0,0,0,0,0,9,39,38,0,0,3,5,35,1,1,1,1,3,3,1,17,1,1,1,89,1,0
19,190295,2,3,3,7,11,11,49,12,6,1,0,19,3,22,22,22022,4,2006,1G2ZH5783641,1,G,2,Z,H,5,7,8,3,6,4,1,0,P,PONT,GGT,4D,6,17,3426,,0,1123,,G,,0,0,000000000,00000000000,0,0,0,1,0,0,0,0,0,0,0,998,0,0,0,12,12,6,9,12,0,0,0,1,19,52806,6,7,0,0,3,0,71,135,0,0,0,0,0,0,0,0,0,0,0,0,0,0,3,5,35,1,1,1,1,3,3,1,66,1,1,1,88,0,0
19,190295,3,3,1,7,11,11,49,12,6,1,0,19,1,12,21,12021,4,2006,1FAFP28186G1,1,F,A,F,P,2,8,1,8,6,G,1,0,P,FORD,5AM,4D,6,17,3814,,0,1129,,G,,0,0,000000000,00000000000,0,0,0,1,0,0,0,0,0,0,0,0,0,0,0,12,12,4,9,12,0,0,0,1,19,52804,6,1,0,0,3,3,66,170,0,0,0,0,1,11,2009,11,2009,0,0,0,0,0,3,5,35,1,1,1,1,3,3,5,66,1,1,1,98,0,0