STATE,ST_CASE,VEH_NO,VE_FORMS,NUMOCCS,DAY,MONTH,HOUR,MINUTE,HARM_EV,MAN_COLL,UNITTYPE,HIT_RUN,REG_STAT,OWNER,MAKE,MODEL,MAK_MOD,BODY_TYP,MOD_YEAR,VIN,VIN_1,VIN_2,VIN_3,VIN_4,VIN_5,VIN_6,VIN_7,VIN_8,VIN_9,VIN_10,VIN_11,VIN_12,TOW_VEH,VINTYPE,VINMAKE,VINA_MOD,VIN_BT,VINMODYR,VIN_LNGT,VIN_WGT,WGTCD_TR,WHLBS_LG,WHLBS_SH,SER_TR,FUELCODE,MCYCL_DS,J_KNIFE,MCARR_I1,MCARR_I2,MCARR_ID,GVWR,V_CONFIG,CARGO_BT,HAZ_INV,HAZ_PLAC,HAZ_ID,HAZ_CNO,HAZ_REL,BUS_USE,SPEC_USE,EMER_USE,TRAV_SP,UNDERIDE,ROLLOVER,ROLINLOC,IMPACT1,IMPACT2,DEFORMED,TOWED,M_HARM,VEH_SC1,VEH_SC2,FIRE_EXP,DR_PRES,L_STATE,DR_ZIP,L_STATUS,L_TYPE,CDL_STAT,L_ENDORS,L_COMPL,L_RESTRI,DR_HGT,DR_WGT,PREV_ACC,PREV_SUS,PREV_DWI,PREV_SPD,PREV_OTH,FIRST_MO,FIRST_YR,LAST_MO,LAST_YR,SPEEDREL,DR_SF1,DR_SF2,DR_SF3,DR_SF4,VTRAFWAY,VNUM_LAN,VSPD_LIM,VALIGN,VPROFILE,VPAVETYP,VSURCOND,VTRAFCON,VTCONT_F,P_CRASH1,P_CRASH2,P_CRASH3,PCRASH4,PCRASH5,ACC_TYPE,DEATHS,DR_DRINK
19,190296,1,2,1,9,11,19,4,12,1,1,0,19,3,86,881,86881,66,2005,1M1AK07Y75N0,1,M,1,A,K,0,7,Y,7,5,N,0,1,T,MACK,CXN,DS,5,17,,8,0,0,600,D,,1,57,00725365,5700725365,3,6,1,1,0,0,0,0,0,0,0,998,0,0,0,12,12,4,3,12,0,0,0,1,19,52641,6,1,6,0,3,3,71,280,0,0,0,0,0,0,0,0,0,9,26,0,0,0,3,4,65,1,2,1,1,0,0,1,51,1,1,1,24,0,0
19,190296,2,2,3,9,11,19,4,12,1,1,0,19,1,12,17,12017,4,1993,1FACP52U5PG3,1,F,A,C,P,5,2,U,5,P,G,3,0,P,FORD,TAG,4D,93,17,3117,,0,1060,,G,,0,0,000000000,00000000000,0,0,0,1,0,0,0,0,0,0,0,998,0,0,0,6,6,6,2,12,0,0,0,1,19,52641,6,1,0,0,3,3,67,209,0,0,0,0,0,0,0,0,0,0,0,0,0,0,3,4,65,1,2,1,1,0,0,1,18,1,1,1,25,1,0
19,190297,1,1,1,10,11,19,22,1,0,1,0,19,3,82,881,82881,66,1992,1FVXJLBB1NL4,1,F,V,X,J,L,B,B,1,N,L,4,1,T,FRHT,F80,TM,92,17,,8,0,0,MCV,D,,1,57,01043068,5701043068,3,6,8,1,0,0,0,0,0,0,0,998,0,1,5,0,1,6,2,1,0,0,0,1,19,52001,1,1,5,0,2,0,73,170,0,3,0,3,3,7,2008,12,2009,0,58,28,0,0,1,2,35,1,2,2,1,20,3,1,12,1,1,4,98,1,0
19,190298,1,2,1,10,11,15,35,12,6,1,0,19,2,22,16,22016,2,1996,3G2JB124XTS9,3,G,2,J,B,1,2,4,X,T,S,9,0,P,PONT,SFS,CP,96,17,2611,,0,1041,,G,,0,0,000000000,00000000000,0,0,0,1,0,0,0,0,0,0,0,998,0,1,5,3,3,0,3,12,0,0,0,1,19,51301,0,0,0,0,0,0,999,999,0,0,0,0,0,0,0,0,0,0,38,0,0,0,1,2,55,1,1,4,1,0,0,1,17,1,1,1,87,1,0
19,190298,2,2,1,10,11,15,35,12,6,1,0,19,1,7,482,7482,31,2009,1D3HV13T29S7,1,D,3,H,V,1,3,T,2,9,S,7,0,T,DODG,150,CW,9,17,,2,0,1400,RPC,G,,0,0,000000000,00000000000,0,0,0,1,0,0,0,0,0,0,0,998,0,0,0,12,12,6,2,12,0,0,0,1,19,50014,0,0,0,0,0,0,72,215,0,0,0,0,0,0,0,0,0,0,0,0,0,0,1,2,55,1,1,4,1,0,0,1,17,1,1,1,86,0,0
19,190299,1,2,1,11,11,8,47,12,8,1,0,19,1,12,481,12481,31,2007,1FTSX21Y27EB,1,F,T,S,X,2,1,Y,2,7,E,B,0,T,FORD,F2S,4C,7,17,,2,1580,1420,SRW,G,,0,0,000000000,00000000000,0,0,0,1,0,0,0,0,0,0,0,998,0,0,0,11,9,6,2,12,0,0,0,1,19,51555,6,1,0,0,3,3,72,220,0,0,0,0,0,0,0,0,0,0,28,58,0,0,1,2,55,1,2,2,1,0,0,1,10,6,1,2,64,1,0
19,190299,2,2,1,11,11,8,47,12,8,1,0,19,2,82,883,82883,66,2003,1FUJA6CG23LK,1,F,U,J,A,6,C,G,2,3,L,K,1,T,FRHT,COL,DS,3,17,,8,0,0,CON,D,,1,57,476790,57476790,3,6,8,1,0,0,0,0,0,0,0,998,0,1,4,11,11,6,2,12,0,0,0,1,19,51528,6,1,6,1,3,0,73,230,1,0,0,0,0,10,2010,10,2010,0,0,0,0,0,1,2,55,1,2,2,1,0,0,1,62,7,1,2,65,0,0
19,190300,1,2,1,11,11,8,43,12,2,1,0,19,1,20,2,20002,4,2007,2G1WT58K2791,2,G,1,W,T,5,8,K,2,7,9,1,0,P,CHEV,IMT,4D,7,17,3674,,0,1105,,F,,0,0,000000000,00000000000,0,0,0,1,0,0,0,0,0,0,0,998,0,0,0,12,3,6,2,12,0,0,0,1,19,52625,6,1,0,0,3,0,67,165,0,0,0,0,0,0,0,0,0,0,0,0,0,0,1,2,55,1,2,1,1,0,0,1,62,6,1,1,51,0,0
19,190300,2,2,1,11,11,8,43,12,2,1,0,19,1,20,443,20443,20,2003,1GNDX03E73D1,1,G,N,D,X,0,3,E,7,3,D,1,0,T,CHEV,VTR,ES,3,17,,1,0,1200,VTR,G,,0,0,000000000,00000000000,0,0,0,1,0,0,0,0,0,0,0,998,0,0,0,12,12,6,2,12,0,0,0,1,19,52625,6,1,0,0,3,3,70,175,0,0,0,0,0,0,0,0,0,0,28,0,0,0,1,2,55,1,2,1,1,0,0,1,10,1,1,2,50,1,0
19,190301,1,1,1,12,11,1,7,42,0,1,0,19,1,20,16,20016,4,1997,1G1JC5249V72,1,G,1,J,C,5,2,4,9,V,7,2,0,P,CHEV,CAV,4D,97,17,2630,,0,1041,,G,,0,0,000000000,00000000000,0,0,0,1,0,0,0,0,0,0,0,998,0,0,0,9,9,6,2,42,0,0,0,1,19,50501,6,1,0,0,3,0,73,158,0,0,0,1,0,10,2010,10,2010,0,0,0,0,0,1,2,55,1,1,2,1,0,0,1,12,1,2,4,7,1,0
19,190302,1,1,2,13,11,1,23,14,0,1,0,19,1,12,481,12481,31,2003,2FTRX18L63CA,2,F,T,R,X,1,8,L,6,3,C,A,0,T,FORD,F15,4C,3,17,,2,1574,1388,COF,G,,0,0,000000000,00000000000,0,0,0,1,0,0,0,0,0,0,0,998,0,0,0,12,12,6,2,14,0,0,0,1,19,50669,6,1,6,0,3,3,77,200,0,4,0,0,0,8,2009,8,2009,1,0,0,0,0,1,2,25,1,1,2,2,0,0,1,13,1,2,4,2,1,1
19,190303,1,1,1,16,11,19,44,35,0,1,0,19,1,20,2,20002,2,1985,1G1BN47H4FY1,1,G,1,B,N,4,7,H,4,F,Y,1,0,P,CHEV,CCL,CP,85,17,3389,,0,1160,,G,,0,0,000000000,00000000000,0,0,0,1,0,0,0,0,0,0,0,998,0,0,0,12,12,6,2,35,0,0,0,1,19,50853,6,1,0,0,3,3,63,140,0,0,0,0,0,0,0,0,0,0,58,0,0,0,1,2,55,1,2,2,1,0,0,1,13,6,1,4,1,1,0
19,190304,1,1,1,17,11,3,48,31,0,1,0,19,1,63,33,63033,4,2006,KNAFE1215653,K,N,A,F,E,1,2,1,5,6,5,3,0,P,KIA,SLE,4D,6,17,2701,,0,1028,,G,,0,0,000000000,00000000000,0,0,0,1,0,0,0,0,0,0,0,998,0,1,5,12,12,6,2,31,0,0,0,1,19,50266,6,1,0,0,3,0,72,220,0,0,0,2,0,6,2008,1,2010,0,28,0,0,0,1,2,45,2,2,2,1,0,0,14,12,1,1,4,98,1,0
19,190305,1,1,2,18,11,10,0,1,0,1,0,19,1,20,9,20009,2,1998,2G1FP32G4W21,2,G,1,F,P,3,2,G,4,W,2,1,0,P,CHEV,Z28,CV,98,17,3574,,0,1011,,G,,0,0,000000000,00000000000,0,0,0,1,0,0,0,0,0,0,0,998,0,1,3,0,13,6,2,1,0,0,0,1,19,50323,6,1,0,0,3,3,69,187,1,2,0,2,2,3,2008,10,2010,1,28,0,0,0,3,4,55,1,1,1,1,0,0,1,12,8,1,4,98,1,0
19,190306,1,1,1,19,11,2,15,32,0,1,0,19,2,20,16,20016,2,1996,1G1JC1244T72,1,G,1,J,C,1,2,4,4,T,7,2,0,P,CHEV,CAV,CP,96,17,2617,,0,1041,,G,,0,0,000000000,00000000000,0,0,0,1,0,0,0,0,0,0,0,998,0,1,5,12,13,6,2,1,0,0,0,1,19,52045,6,1,0,0,3,3,69,160,0,0,0,0,0,0,0,0,0,1,28,0,0,0,1,2,45,2,1,2,1,0,0,14,13,1,1,4,98,1,1
19,190307,1,2,3,19,11,1,22,12,6,1,0,19,2,6,52,6052,6,2003,3C8FY68B33T5,3,C,8,F,Y,6,8,B,3,3,T,5,0,P,CHRY,PTC,SV,3,17,3121,,0,1030,,G,,0,0,000000000,00000000000,0,0,0,1,0,0,0,0,0,0,0,998,0,0,0,3,3,6,2,12,0,0,0,1,19,50035,6,1,0,0,3,0,62,100,0,0,0,0,0,0,0,0,0,0,38,0,0,0,3,4,55,1,1,1,1,20,3,1,17,1,1,1,87,1,1
19,190307,2,2,1,19,11,1,22,12,6,1,0,19,1,85,881,85881,66,1992,1XKWDB9XXNS5,1,X,K,W,D,B,9,X,X,N,S,5,1,T,KW,W90,DS,92,17,,8,2600,1600,CON,D,,1,57,992653,57992653,3,6,2,1,0,0,0,0,0,0,0,998,0,0,0,12,12,4,3,12,0,0,0,1,19,52572,6,1,6,1,3,0,76,265,1,0,0,0,2,4,2008,8,2009,0,0,0,0,0,3,4,55,1,1,1,1,0,0,1,17,7,1,2,86,0,0
19,190308,1,2,2,19,11,18,1,12,6,1,0,19,2,37,31,37031,4,2004,JHMES96644S0,J,H,M,E,S,9,6,6,4,4,S,0,0,P,HOND,CHY,4D,4,17,2732,,0,1032,,B,,0,0,000000000,00000000000,0,0,0,1,0,0,0,0,0,0,0,998,0,0,0,9,9,6,2,12,0,0,0,1,19,52411,6,1,0,0,3,0,63,124,0,0,0,0,0,0,0,0,0,0,38,0,0,0,3,5,65,1,1,1,1,20,3,1,17,1,1,1,89,1,0
19,190308,2,2,2,19,11,18,1,12,6,1,0,19,1,7,482,7482,31,2006,1D7HA18N06S6,1,D,7,H,A,1,8,N,0,6,S,6,0,T,DODG,SQ1,CW,6,17,,2,1405,1205,RPC,G,,0,0,000000000,00000000000,0,0,0,1,0,0,0,0,0,0,0,998,0,0,0,12,12,6,2,12,0,0,0,1,19,50158,6,1,0,0,3,0,71,190,0,0,0,0,0,0,0,0,0,0,0,0,0,0,3,5,65,1,1,1,1,0,0,1,17,1,1,1,88,0,0
19,190309,1,1,1,19,11,19,40,1,0,1,0,19,1,20,481,20481,31,2002,1GCEK14T12Z2,1,G,C,E,K,1,4,T,1,2,Z,2,0,T,CHEV,SK1,PK,2,17,,2,1330,1190,SIL,G,,0,0,000000000,00000000000,0,0,0,1,0,0,0,0,0,0,0,998,0,1,5,0,9,6,2,1,0,0,0,1,19,50138,6,1,0,0,3,0,69,160,0,0,0,1,0,4,2010,4,2010,0,28,0,0,0,1,2,55,2,2,2,1,20,3,14,13,7,3,4,98,1,1
19,190310,1,2,1,19,11,17,48,12,8,1,0,19,1,12,402,12402,14,2006,1FMYU94196KB,1,F,M,Y,U,9,4,1,9,6,K,B,0,P,FORD,SPE,UT,6,17,3492,,0,1031,,G,,0,0,000000000,00000000000,0,0,0,1,0,0,0,0,0,0,0,998,0,0,0,11,12,6,2,12,0,0,0,1,19,51351,6,1,0,0,3,3,65,135,1,0,0,0,1,3,2008,3,2008,1,28,0,0,0,1,4,30,2,1,1,1,0,0,14,10,1,1,2,64,1,0
19,190310,2,2,1,19,11,17,48,12,8,1,0,19,1,12,481,12481,31,2000,1FTWW33F2YEA,1,F,T,W,W,3,3,F,2,Y,E,A,0,T,FORD,F3D,CW,0,17,,3,1720,1560,DRW,D,,0,0,000000000,00000000000,0,0,0,1,0,0,0,0,0,0,0,998,0,0,0,9,9,6,2,12,0,0,0,1,19,51351,6,1,0,0,3,0,75,215,0,0,0,0,0,0,0,0,0,0,0,0,0,0,1,4,30,2,1,1,1,0,0,14,62,1,1,1,65,0,0
19,190311,1,2,7,19,11,11,42,12,1,1,0,19,3,12,461,12461,21,1999,1FDWE30L2XHB,1,F,D,W,E,3,0,L,2,X,H,B,0,T,FORD,3VC,MY,99,17,,3,1760,1380,CTV,G,,0,0,000000000,00000000000,0,0,0,1,0,0,0,0,0,0,0,998,0,0,0,12,12,2,9,12,0,0,0,1,19,52806,6,1,6,1,3,3,71,240,0,0,0,0,0,0,0,0,0,9,38,0,0,0,3,4,35,1,1,2,1,8,3,1,50,1,1,1,20,1,0
19,190311,2,2,1,19,11,11,42,12,1,1,0,19,1,18,2,18002,4,2001,1G4HP54K91U1,1,G,4,H,P,5,4,K,9,1,U,1,0,P,BUIC,LCF,4D,1,17,3567,,0,1122,,G,,0,0,000000000,00000000000,0,0,0,1,0,0,0,0,0,0,0,0,0,0,0,6,6,2,9,12,0,0,0,1,19,52803,6,1,0,0,3,3,71,140,0,0,0,0,0,0,0,0,0,0,0,0,0,0,3,4,35,1,1,2,1,8,3,5,53,1,1,1,21,0,0
19,190312,1,1,2,20,11,8,42,43,0,1,0,19,1,41,43,41043,4,1992,JM1HD4610N01,J,M,1,H,D,4,6,1,0,N,0,1,0,P,MAZD,929,4D,92,17,3596,,0,1122,,G,,0,0,000000000,00000000000,0,0,0,1,0,0,0,0,0,0,0,998,0,1,5,12,13,6,2,1,0,0,0,1,19,50271,6,1,6,0,3,0,72,185,0,0,0,4,0,10,2008,8,2010,9,0,0,0,0,1,2,55,1,2,2,1,0,0,1,13,7,1,4,1,2,0
19,190313,1,1,1,20,11,0,40,1,0,1,0,19,1,45,421,45421,15,2004,WP1AB29P44LA,W,P,1,A,B,2,9,P,4,4,L,A,0,P,PORS,POR,UT,4,17,6493,,0,1124,,G,,0,0,000000000,00000000000,0,0,0,1,0,0,0,0,0,0,0,998,0,1,5,0,14,6,2,1,0,0,0,1,19,50061,6,1,0,0,3,0,72,230,0,0,0,0,0,0,0,0,0,0,0,0,0,0,3,4,65,1,1,1,1,0,0,1,13,1,1,4,1,1,0
19,190314,1,1,1,20,11,14,0,23,0,1,0,19,1,12,481,12481,31,2007,1FTSW21P77EB,1,F,T,S,W,2,1,P,7,7,E,B,0,T,FORD,F2S,CW,7,17,,2,1720,1560,SRW,D,,0,0,000000000,00000000000,0,0,0,1,0,0,0,0,0,0,0,998,0,1,5,1,13,6,2,1,0,0,0,1,19,51535,6,1,0,0,3,0,65,145,0,0,0,1,0,12,2007,12,2007,0,0,0,0,0,1,2,55,1,2,5,6,0,0,1,13,1,1,4,1,1,0
19,190315,1,2,1,21,11,12,48,12,6,1,0,19,1,12,401,12401,14,2003,1FMZU73W43ZA,1,F,M,Z,U,7,3,W,4,3,Z,A,0,P,FORD,EPR,UT,3,17,4094,,0,1137,,G,,0,0,000000000,00000000000,0,0,0,1,0,0,0,0,0,0,0,998,0,0,0,2,2,6,2,12,0,0,0,1,19,50543,6,1,0,0,3,3,66,200,1,0,0,0,1,10,2008,10,2008,0,38,0,0,0,1,2,50,1,1,4,1,0,0,1,17,1,1,1,87,1,0
19,190315,2,2,1,21,11,12,48,12,6,1,0,19,1,20,481,20481,31,2005,1GCHK23235F8,1,G,C,H,K,2,3,2,3,5,F,8,0,T,CHEV,2KH,CW,5,17,,2,1670,1530,SIL,D,,0,0,000000000,00000000000,0,0,0,1,0,0,0,0,0,0,0,998,0,0,0,12,12,6,2,12,0,0,0,1,19,50217,6,1,0,0,3,3,70,156,0,0,0,2,0,5,2008,2,2009,9,0,0,0,0,1,2,50,1,1,4,1,0,0,1,17,1,1,1,86,0,0
19,190316,1,1,1,21,11,23,46,42,0,1,0,19,2,12,481,12481,31,1999,2FTRX18W2XCA,2,F,T,R,X,1,8,W,2,X,C,A,0,T,FORD,F15,4C,99,17,,2,1574,1388,COF,G,,0,0,000000000,00000000000,0,0,0,1,0,0,0,0,0,0,0,998,0,1,6,99,6,6,2,1,0,0,0,1,19,52565,6,1,6,0,3,0,69,168,1,0,0,0,0,7,2010,7,2010,0,0,0,0,0,1,2,55,2,2,4,1,0,0,14,13,1,1,4,1,1,0
19,190317,1,2,1,22,11,6,35,12,2,1,0,19,3,87,883,87883,66,2007,1XPHDU9X27D7,1,X,P,H,D,U,9,X,2,7,D,7,1,T,PTRB,386,DS,7,17,,8,0,0,CON,D,,1,57,1463016,571463016,3,6,1,1,0,0,0,0,0,0,0,998,0,0,0,12,12,6,2,12,0,0,0,1,19,51002,6,1,6,1,3,0,70,200,0,0,0,0,0,0,0,0,0,0,0,0,0,0,1,2,55,1,1,2,4,0,0,1,62,1,1,1,51,0,0
19,190317,2,2,1,22,11,6,35,12,2,1,0,19,1,20,471,20471,30,1995,1GCCS1442S81,1,G,C,C,S,1,4,4,2,S,8,1,0,T,CHEV,S14,PK,95,17,,1,1179,1083,S,G,,0,0,000000000,00000000000,0,0,0,1,0,0,0,0,0,0,0,998,0,0,0,12,12,6,2,12,0,0,0,1,19,50554,6,1,0,0,3,0,71,225,0,0,0,0,0,0,0,0,0,0,28,0,0,0,1,2,55,1,1,2,4,0,0,1,10,1,1,2,50,1,0
19,190318,1,2,1,23,11,15,50,12,2,1,0,19,1,23,481,23481,31,1994,1GTEK14H4RZ5,1,G,T,E,K,1,4,H,4,R,Z,5,0,T,GMC,SK1,PK,94,17,,2,1315,1175,SIE,G,,0,0,000000000,00000000000,0,0,0,1,0,0,0,0,0,0,0,998,0,0,0,12,12,6,2,12,0,0,1,1,19,51639,6,1,6,0,3,0,68,160,0,0,0,0,0,0,0,0,0,0,28,0,0,0,1,2,55,1,2,1,1,0,0,1,10,1,1,2,50,1,0
19,190318,2,2,1,23,11,15,50,12,2,1,0,31,3,82,881,82881,66,2009,1FUJGLCK79LA,1,F,U,J,G,L,C,K,7,9,L,A,1,T,FRHT,125,DS,9,17,,8,0,0,CSC,D,,1,57,53467,5753467,3,6,1,1,0,0,0,0,0,0,0,998,0,0,0,12,12,6,2,12,0,0,0,1,49,84029,6,1,0,0,3,0,72,216,98,0,0,0,0,0,0,0,0,0,0,0,0,0,1,2,55,1,2,1,1,0,0,1,62,1,1,1,51,0,0
19,190319,1,1,1,23,11,7,18,42,0,1,0,19,2,12,481,12481,31,2001,1FTRX17W11NA,1,F,T,R,X,1,7,W,1,1,N,A,0,T,FORD,F15,4C,1,17,,2,1571,1385,COF,G,,0,0,000000000,00000000000,0,0,0,1,0,0,0,0,0,0,0,998,0,0,0,2,1,6,2,42,0,0,0,1,19,52501,6,1,0,0,3,0,72,200,0,0,0,0,0,0,0,0,0,0,0,0,0,0,1,2,55,1,2,4,11,0,0,1,13,6,1,4,1,1,0
19,190320,1,2,1,24,11,10,47,12,2,1,0,19,3,87,883,87883,66,2006,1XP5DB9X06D8,1,X,P,5,D,B,9,X,0,6,D,8,1,T,PTRB,379,DS,6,17,,8,0,0,CON,D,,1,58,331,58331,3,6,2,1,0,0,0,0,0,0,0,998,7,0,0,12,12,6,2,12,0,0,0,1,19,50244,6,1,6,1,3,3,70,300,0,0,0,0,0,0,0,0,0,0,0,0,0,0,1,2,55,1,2,2,4,0,0,1,62,2,1,1,51,0,0
19,190320,2,2,1,24,11,10,47,12,2,1,0,19,1,63,35,63035,4,2004,KNALD1248450,K,N,A,L,D,1,2,4,8,4,5,0,0,P,KIA,AV6,4D,4,17,4021,,0,1102,,G,,0,0,000000000,00000000000,0,0,0,1,0,0,0,0,0,0,0,998,1,0,0,12,12,6,2,12,0,0,0,1,19,50156,6,1,0,0,3,0,62,155,0,0,0,0,0,0,0,0,0,1,28,0,0,0,1,2,55,1,2,2,4,0,0,1,10,1,1,2,50,1,0
19,190321,1,1,1,25,11,1,15,1,0,1,0,19,1,20,481,20481,31,2004,1GCEK19Z14Z2,1,G,C,E,K,1,9,Z,1,4,Z,2,0,T,CHEV,SK1,4C,4,17,,2,1575,1435,SIL,F,,0,0,000000000,00000000000,0,0,0,1,0,0,0,0,0,0,0,998,0,1,5,0,13,6,2,1,0,0,0,1,19,51546,6,1,0,0,3,0,72,170,1,0,0,1,0,1,2008,11,2009,0,0,0,0,0,1,2,55,1,2,2,1,0,0,1,15,6,2,4,2,1,1
19,190322,1,2,2,24,11,12,8,12,6,1,0,19,1,20,481,20481,31,2007,1GCEK19007Z5,1,G,C,E,K,1,9,0,0,7,Z,5,0,T,CHEV,SK1,4C,7,17,,2,1575,1339,SIL,F,,0,0,000000000,00000000000,0,0,0,1,0,0,0,0,0,0,0,998,0,1,5,2,13,6,2,12,0,0,0,1,19,50472,6,1,0,0,3,0,73,230,0,0,0,0,0,0,0,0,0,0,28,0,0,0,1,2,55,1,1,2,4,0,0,1,10,6,4,2,66,1,0
19,190322,2,2,1,24,11,12,8,12,6,1,0,19,3,82,883,82883,66,2009,1FUJA6DR29DA,1,F,U,J,A,6,D,R,2,9,D,A,1,T,FRHT,COL,DS,9,17,,8,0,0,CON,D,,1,57,403881,57403881,3,6,3,1,0,0,0,0,0,0,0,998,0,0,0,12,12,6,2,12,0,0,0,1,19,50438,6,1,6,1,3,0,72,185,0,0,0,0,0,0,0,0,0,0,0,0,0,0,1,2,55,1,1,2,4,0,0,1,62,7,1,2,66,0,0
19,190323,1,1,1,24,11,11,30,1,0,1,0,26,2,23,401,23401,14,2005,1GKDT13S5523,1,G,K,D,T,1,3,S,5,5,2,3,0,T,GMC,ENV,4W,5,17,,1,0,1130,ENV,G,,0,0,000000000,00000000000,0,0,0,1,0,0,0,0,0,0,0,998,0,1,3,0,13,6,2,1,0,0,0,1,26,49696,6,1,0,0,3,3,63,156,0,0,0,0,0,0,0,0,0,0,87,0,0,0,3,4,70,1,1,2,4,0,0,1,12,1,4,4,7,1,0
19,190324,1,2,1,27,11,10,24,12,6,1,0,19,1,13,1,13001,4,1994,1LNLM82WXRY7,1,L,N,L,M,8,2,W,X,R,Y,7,0,P,LINC,STE,4D,94,17,4057,,0,1174,,G,,0,0,000000000,00000000000,0,0,0,1,0,0,0,0,0,0,0,998,0,0,0,3,3,6,2,12,0,0,0,1,19,50220,6,1,0,0,3,0,69,215,0,0,0,0,0,0,0,0,0,0,38,0,0,0,1,2,25,1,1,1,1,20,3,1,17,1,1,1,87,1,0
19,190324,2,2,1,27,11,10,24,12,6,1,0,19,1,20,431,20431,16,2001,3GNFK16T01G2,3,G,N,F,K,1,6,T,0,1,G,2,0,P,CHEV,K15,UT,1,17,5123,,0,1300,,G,,0,0,000000000,00000000000,0,0,0,1,0,0,0,0,0,0,0,998,0,0,0,12,12,6,2,12,0,0,0,1,19,50220,6,1,0,0,3,0,60,130,0,0,0,2,0,9,2008,9,2010,0,0,0,0,0,1,2,25,1,1,1,1,0,0,1,17,1,1,1,86,0,0
19,190325,1,2,1,28,11,17,41,12,2,1,0,19,1,35,47,35047,4,2005,1N4AL11D95N4,1,N,4,A,L,1,1,D,9,5,N,4,0,P,NISS,ASL,4D,5,17,2915,,0,1102,,G,,0,0,000000000,00000000000,0,0,0,1,0,0,0,0,0,0,0,998,0,0,0,12,12,6,2,12,0,0,0,1,19,51638,6,1,0,0,3,0,64,145,0,0,0,0,0,0,0,0,0,1,36,0,0,0,1,2,55,1,2,2,1,0,0,6,54,1,1,1,50,0,0
19,190325,2,2,3,28,11,17,41,12,2,1,0,19,1,63,33,63033,4,2001,KNAFB1613150,K,N,A,F,B,1,6,1,3,1,5,0,0,P,KIA,SSX,4H,1,17,2560,,0,1008,,G,,0,0,000000000,00000000000,0,0,0,1,0,0,0,0,0,0,0,998,0,0,0,12,12,6,2,12,0,0,0,1,19,50843,6,1,0,0,3,3,67,220,0,1,0,1,0,9,2008,6,2010,0,0,0,0,0,1,2,55,1,2,2,1,0,0,1,54,1,1,1,51,2,0
19,190326,1,1,1,28,11,0,1,24,0,1,0,19,1,12,422,12422,15,1999,1FMPU18L6XLB,1,F,M,P,U,1,8,L,6,X,L,B,0,P,FORD,EPT,UT,99,17,5177,,0,1191,,G,,0,0,000000000,00000000000,0,0,0,1,0,0,0,0,0,0,0,998,0,1,5,3,3,6,2,24,0,0,0,1,46,57034,6,1,6,1,3,0,73,220,0,0,0,0,0,0,0,0,0,0,58,0,0,0,1,2,55,2,1,1,1,0,0,14,13,6,1,4,6,1,1
19,190327,1,1,1,28,11,19,41,1,0,1,0,31,2,23,441,23441,20,1998,1GKEL19W8WB5,1,G,K,E,L,1,9,W,8,W,B,5,0,T,GMC,SXT,ES,98,17,,2,0,1112,SAF,G,,0,0,000000000,00000000000,0,0,0,1,0,0,0,0,0,0,0,998,0,1,5,0,13,6,2,1,0,0,0,1,31,69153,6,1,0,0,3,3,66,185,0,0,0,0,0,0,0,0,0,0,99,99,99,99,1,2,45,1,1,4,11,0,0,1,12,1,1,4,6,1,0
19,190328,1,1,1,28,11,4,29,1,0,1,0,20,3,84,881,84881,66,2009,2HSCUAPR59C0,2,H,S,C,U,A,P,R,5,9,C,0,1,T,INTL,PPR,DS,9,17,,8,0,0,PRO,D,,1,57,214440,57214440,3,6,1,1,0,0,0,0,0,0,0,998,0,1,5,0,3,6,2,1,0,0,0,1,20,66861,6,1,6,1,3,0,72,240,0,0,0,0,0,0,0,0,0,0,0,0,0,0,3,4,70,1,1,2,1,0,0,1,13,1,1,4,1,1,0
19,190329,1,1,2,4,12,7,37,1,0,1,0,19,1,12,481,12481,31,1997,1FTFX28L4VKB,1,F,T,F,X,2,8,L,4,V,K,B,0,T,FORD,F25,3C,97,17,,2,0,1390,COF,G,,0,0,000000000,00000000000,0,0,0,1,0,0,0,0,0,0,0,998,0,1,5,0,3,6,2,1,0,0,0,1,19,50703,6,1,6,1,3,3,69,240,0,0,0,0,0,0,0,0,0,1,58,0,0,0,1,2,55,1,2,2,4,0,0,1,13,6,2,4,1,1,0
19,190330,1,1,1,24,9,2,0,14,0,1,0,19,1,7,472,7472,30,1999,1B7FL26X0XS2,1,B,7,F,L,2,6,X,0,X,S,2,0,T,DODG,DAK,PK,99,17,,1,1239,1119,DAK,G,,0,0,000000000,00000000000,0,0,0,1,0,0,0,0,0,0,0,998,0,0,0,12,12,6,2,14,0,0,0,1,19,52317,6,1,0,0,3,3,72,201,1,0,0,0,0,6,2009,6,2009,0,38,0,0,0,1,2,55,1,1,2,1,28,3,1,19,1,1,2,11,1,1
19,190331,1,3,1,29,11,14,14,12,6,1,0,19,1,21,2,21002,4,1996,1G3HN52KXT48,1,G,3,H,N,5,2,K,X,T,4,8,0,P,OLDS,8LW,4D,96,17,3455,,0,1108,,G,,0,0,000000000,00000000000,0,0,0,1,0,0,0,0,0,0,0,998,0,0,0,9,9,6,2,12,0,0,0,1,19,51041,6,1,0,0,3,3,71,165,0,0,0,0,0,0,0,0,0,0,38,0,0,0,1,2,25,1,1,1,3,20,3,1,17,1,1,1,89,1,0