STATE,ST_CASE,VEH_NO,VE_FORMS,NUMOCCS,DAY,MONTH,HOUR,MINUTE,HARM_EV,MAN_COLL,UNITTYPE,HIT_RUN,REG_STAT,OWNER,MAKE,MODEL,MAK_MOD,BODY_TYP,MOD_YEAR,VIN,VIN_1,VIN_2,VIN_3,VIN_4,VIN_5,VIN_6,VIN_7,VIN_8,VIN_9,VIN_10,VIN_11,VIN_12,TOW_VEH,VINTYPE,VINMAKE,VINA_MOD,VIN_BT,VINMODYR,VIN_LNGT,VIN_WGT,WGTCD_TR,WHLBS_LG,WHLBS_SH,SER_TR,FUELCODE,MCYCL_DS,J_KNIFE,MCARR_I1,MCARR_I2,MCARR_ID,GVWR,V_CONFIG,CARGO_BT,HAZ_INV,HAZ_PLAC,HAZ_ID,HAZ_CNO,HAZ_REL,BUS_USE,SPEC_USE,EMER_USE,TRAV_SP,UNDERIDE,ROLLOVER,ROLINLOC,IMPACT1,IMPACT2,DEFORMED,TOWED,M_HARM,VEH_SC1,VEH_SC2,FIRE_EXP,DR_PRES,L_STATE,DR_ZIP,L_STATUS,L_TYPE,CDL_STAT,L_ENDORS,L_COMPL,L_RESTRI,DR_HGT,DR_WGT,PREV_ACC,PREV_SUS,PREV_DWI,PREV_SPD,PREV_OTH,FIRST_MO,FIRST_YR,LAST_MO,LAST_YR,SPEEDREL,DR_SF1,DR_SF2,DR_SF3,DR_SF4,VTRAFWAY,VNUM_LAN,VSPD_LIM,VALIGN,VPROFILE,VPAVETYP,VSURCOND,VTRAFCON,VTCONT_F,P_CRASH1,P_CRASH2,P_CRASH3,PCRASH4,PCRASH5,ACC_TYPE,DEATHS,DR_DRINK
19,190331,2,3,1,29,11,14,14,12,6,1,0,19,3,20,481,20481,31,1996,1GCHK34J8TZ1,1,G,C,H,K,3,4,J,8,T,Z,1,0,T,CHEV,GK3,PK,96,17,,2,0,1315,GM4,G,,0,0,000000000,00000000000,0,0,0,1,0,0,0,0,0,0,0,998,0,0,0,12,12,4,3,12,0,0,0,1,19,51234,6,1,6,1,3,3,75,240,0,0,0,0,0,0,0,0,0,0,0,0,0,0,1,2,45,1,1,1,3,0,0,1,17,1,1,1,88,0,0
19,190331,3,3,1,29,11,14,14,12,6,1,0,19,2,12,37,12037,4,2001,1FAFP34371W3,1,F,A,F,P,3,4,3,7,1,W,3,0,P,FORD,FSS,4D,1,17,2563,,0,1030,,G,,0,0,000000000,00000000000,0,0,0,1,0,0,0,0,0,0,0,998,0,0,0,12,12,6,2,12,0,0,0,1,19,51001,6,1,0,0,3,3,64,153,0,0,0,0,0,0,0,0,0,0,0,0,0,0,1,2,45,1,1,1,3,0,0,1,17,1,1,1,98,0,0
19,190332,1,1,2,4,12,7,27,1,0,1,0,19,3,12,481,12481,31,2003,1FTSW31P93EC,1,F,T,S,W,3,1,P,9,3,E,C,1,T,FORD,F3S,CW,3,17,,2,1724,1562,SRW,D,,1,0,000000000,00000000000,0,0,0,1,0,0,0,0,0,0,0,998,0,1,3,0,3,6,2,1,0,0,0,1,19,52240,6,1,0,0,3,0,70,245,1,0,0,0,0,11,2009,11,2009,0,87,28,0,0,3,4,65,1,2,1,4,0,0,1,5,1,9,4,7,1,0
19,190333,1,1,1,5,12,0,24,53,0,1,0,19,2,20,473,20473,30,2007,1GCDT13E6781,1,G,C,D,T,1,3,E,6,7,8,1,0,T,CHEV,RDO,CW,7,17,,1,0,1260,CAL,G,,0,0,000000000,00000000000,0,0,0,1,0,0,0,0,0,0,0,998,0,1,5,12,12,6,2,1,0,0,0,1,19,50028,6,2,0,0,3,3,62,106,1,0,0,0,1,11,2010,11,2010,0,28,0,0,0,1,2,55,1,2,2,1,0,0,1,12,1,1,4,6,1,0
19,190334,1,2,1,5,12,12,50,12,6,1,0,19,2,2,404,2404,14,1999,1J4GW58S2XC6,1,J,4,G,W,5,8,S,2,X,C,6,0,T,JEEP,LRO,4W,99,17,,1,0,1059,GCK,G,,0,0,000000000,00000000000,0,0,0,1,0,0,0,0,0,0,0,998,0,0,0,9,9,6,2,12,0,0,0,1,19,52778,6,2,0,0,3,0,65,117,1,1,0,0,1,3,2009,6,2009,0,39,0,0,0,1,2,55,1,2,2,3,20,3,1,17,1,1,1,89,1,0
19,190334,2,2,1,5,12,12,50,12,6,1,0,19,1,12,481,12481,31,2003,1FTNW21F63EB,1,F,T,N,W,2,1,F,6,3,E,B,0,T,FORD,F2S,CW,3,17,,2,1724,1562,SRW,D,,0,0,000000000,00000000000,0,0,0,1,0,0,0,0,0,0,0,998,0,0,0,12,12,4,3,12,0,0,0,1,19,52721,6,1,0,0,3,3,78,230,0,0,0,0,0,0,0,0,0,0,0,0,0,0,1,2,55,1,2,2,3,0,0,1,17,1,1,1,88,0,0
19,190335,1,1,1,6,12,18,20,1,0,1,0,19,3,37,31,37031,4,2006,1HGFA16536L1,1,H,G,F,A,1,6,5,3,6,L,1,0,P,HOND,UCL,4D,6,17,2751,,0,1063,,G,,0,0,000000000,00000000000,0,0,0,1,0,0,0,0,0,0,0,998,0,1,5,0,13,6,2,1,0,0,0,1,31,68124,6,1,0,0,3,3,69,210,0,0,0,0,0,0,0,0,0,0,58,0,0,0,3,4,70,1,2,2,1,0,0,1,13,6,1,4,1,1,0
19,190336,1,1,1,5,12,3,26,42,0,1,0,19,2,22,20,22020,4,2000,1G2WP52KXYF1,1,G,2,W,P,5,2,K,X,Y,F,1,0,P,PONT,GPG,4D,0,17,3455,,0,1105,,G,,0,0,000000000,00000000000,0,0,0,1,0,0,0,0,0,0,0,998,0,0,0,12,12,6,2,42,0,0,0,1,19,50701,6,1,0,0,3,0,72,140,1,0,0,0,0,2,2010,2,2010,0,0,0,0,0,1,2,25,2,1,1,4,0,0,14,13,1,1,4,1,1,0
19,190337,1,1,1,9,12,21,33,8,0,1,0,19,1,49,32,49032,4,2010,1NXBU4EE3AZ2,1,N,X,B,U,4,E,E,3,A,Z,2,0,P,TOYT,CBL,4D,10,17,2723,,0,1024,,G,,0,0,000000000,00000000000,0,0,0,1,0,0,0,0,0,0,0,998,0,0,0,12,12,6,2,8,0,0,0,1,19,50014,6,1,6,0,3,0,55,115,0,0,0,0,0,0,0,0,0,0,0,0,0,0,3,4,70,1,1,2,1,0,0,1,80,1,1,1,13,0,0
19,190338,1,2,1,9,12,21,29,12,6,1,0,19,1,37,31,37031,4,1994,JHMEH6261RS0,J,H,M,E,H,6,2,6,1,R,S,0,0,P,HOND,DSI,CP,94,17,2351,,0,933,,G,,0,0,000000000,00000000000,0,0,0,1,0,0,0,0,0,0,0,998,0,0,0,3,3,6,2,12,0,0,0,1,19,51579,6,1,0,0,3,3,70,160,0,0,0,1,0,6,2010,6,2010,0,39,0,0,0,3,4,65,1,2,1,1,20,3,1,17,1,1,1,87,1,0
19,190338,2,2,1,9,12,21,29,12,6,1,0,19,3,84,881,84881,66,2006,2HSCEAPR76C2,2,H,S,C,E,A,P,R,7,6,C,2,1,T,INTL,92I,DS,6,17,,8,0,0,920,D,,1,57,430485,57430485,3,6,2,1,0,0,0,0,0,0,0,998,7,0,0,12,12,6,2,12,0,0,0,1,19,52060,6,1,6,1,3,0,68,235,0,0,0,1,0,1,2010,1,2010,0,0,0,0,0,3,4,65,1,2,1,1,0,0,1,17,1,1,1,86,0,0
19,190339,1,1,1,9,12,16,0,42,0,1,0,19,1,12,17,12017,4,1994,1FALP52U4RA1,1,F,A,L,P,5,2,U,4,R,A,1,0,P,FORD,TAG,4D,94,17,3104,,0,1060,,G,,0,0,000000000,00000000000,0,0,0,1,0,0,0,0,0,0,0,998,0,0,0,12,12,6,2,42,0,0,0,1,19,51034,6,1,0,0,3,0,72,165,0,0,0,0,0,0,0,0,0,0,0,0,0,0,1,2,55,1,1,2,1,0,0,1,13,1,1,4,1,1,0
19,190340,1,1,2,10,12,17,49,11,0,1,0,19,1,18,23,18023,4,2007,1G4HD572X7U2,1,G,4,H,D,5,7,2,X,7,U,2,0,P,BUIC,UXL,4D,7,17,3969,,0,1156,,G,,0,0,000000000,00000000000,0,0,0,1,0,0,0,0,0,0,0,998,0,0,0,12,12,6,2,11,0,0,0,1,19,52351,6,1,6,0,3,3,69,215,0,0,0,0,0,0,0,0,0,0,83,0,0,0,1,2,55,1,2,2,1,0,0,1,12,1,1,1,13,1,0
19,190341,1,1,1,13,12,18,25,1,0,1,0,20,1,20,403,20403,14,2004,1GNDT13S6424,1,G,N,D,T,1,3,S,6,4,2,4,0,P,CHEV,TRL,UT,4,17,4612,,0,1130,,G,,0,0,000000000,00000000000,0,0,0,1,0,0,0,0,0,0,0,998,0,1,5,0,9,6,2,1,0,0,0,1,20,66606,6,1,0,0,3,3,71,230,0,0,0,0,0,0,0,0,0,0,0,0,0,0,3,4,70,1,1,2,1,0,0,1,13,1,2,4,2,1,0
19,190342,1,2,1,21,12,13,39,12,6,1,0,19,1,49,32,49032,6,1993,JT2AE09W6P00,J,T,2,A,E,0,9,W,6,P,0,0,0,P,TOYT,COX,SW,93,17,2392,,0,957,,G,,0,0,000000000,00000000000,0,0,0,1,0,0,0,0,0,0,0,998,0,0,0,9,9,6,2,12,0,0,0,1,19,50310,6,1,0,0,3,0,65,115,0,0,0,0,0,0,0,0,0,0,38,0,0,0,2,4,35,1,1,2,1,0,0,11,15,1,1,2,82,1,0
19,190342,2,2,1,21,12,13,39,12,6,1,0,19,1,19,480,19480,31,2004,1GYEK63N54R1,1,G,Y,E,K,6,3,N,5,4,R,1,0,P,CADI,ESC,UT,4,17,5571,,0,1160,,G,,0,0,000000000,00000000000,0,0,0,1,0,0,0,0,0,0,0,998,0,0,0,12,12,6,2,12,0,0,0,1,19,50325,6,1,0,0,3,0,74,215,0,0,0,0,0,0,0,0,0,0,0,0,0,0,2,4,35,1,1,2,1,0,0,1,72,1,1,2,83,0,0
19,190343,1,1,1,21,12,21,25,8,0,1,0,19,1,23,401,23401,14,2005,1GKDT13S1521,1,G,K,D,T,1,3,S,1,5,2,1,0,T,GMC,ENV,4W,5,17,,1,0,1130,ENV,G,,0,0,000000000,00000000000,0,0,0,1,0,0,0,0,0,0,0,998,0,0,0,12,12,4,3,8,0,0,0,1,19,52632,6,1,0,0,3,0,67,175,0,0,0,0,0,0,0,0,0,0,0,0,0,0,2,4,65,1,2,2,1,0,0,1,80,1,1,1,13,0,0
19,190344,1,1,1,22,12,19,30,8,0,1,0,19,3,85,881,85881,66,2003,1XKADU9X23J7,1,X,K,A,D,U,9,X,2,3,J,7,1,T,KW,T60,DS,3,17,,8,2600,1600,CON,D,,1,57,000322258,57000322258,3,6,1,1,0,0,0,0,0,0,0,998,0,0,0,12,11,4,1,8,0,0,0,1,19,50008,6,1,6,1,3,3,73,225,0,0,0,1,1,2,2008,7,2009,0,0,0,0,0,1,2,55,1,1,1,1,0,0,1,80,1,1,2,13,0,0
19,190345,1,1,1,23,12,2,40,19,0,1,0,19,1,22,20,22020,2,1998,1G2WP12K3WF3,1,G,2,W,P,1,2,K,3,W,F,3,0,P,PONT,GPG,CP,98,17,3396,,0,1105,,G,,0,0,000000000,00000000000,0,0,0,1,0,0,0,0,0,0,0,998,0,0,0,12,12,6,2,2,0,0,1,1,19,52342,6,1,0,0,3,0,69,160,0,0,0,0,0,0,0,0,0,1,0,0,0,0,1,2,50,1,2,4,3,0,0,1,13,1,1,4,1,1,1
19,190346,1,2,1,26,12,15,14,12,2,1,0,19,1,63,441,63441,20,2005,KNDUP132X566,K,N,D,U,P,1,3,2,X,5,6,6,0,P,KIA,SED,SV,5,17,4802,,0,1145,,G,,0,0,000000000,00000000000,0,0,0,1,0,0,0,0,0,0,0,998,0,0,0,12,12,6,2,12,0,0,0,1,19,50158,6,1,0,0,3,0,72,200,0,0,0,0,0,0,0,0,0,0,28,0,0,0,1,2,55,1,3,4,3,0,0,1,18,1,1,2,52,0,0
19,190346,2,2,3,26,12,15,14,12,2,1,0,19,1,20,16,20016,4,1999,1G1JC5245X71,1,G,1,J,C,5,2,4,5,X,7,1,0,P,CHEV,CAV,4D,99,17,2676,,0,1041,,G,,0,0,000000000,00000000000,0,0,0,1,0,0,0,0,0,0,0,998,0,0,0,12,12,6,2,12,0,0,0,1,31,68776,6,1,0,0,3,3,69,160,0,0,0,0,0,0,0,0,0,0,28,0,0,0,1,2,55,1,3,4,3,0,0,1,18,1,1,2,52,1,0
19,190347,1,2,1,23,12,14,35,12,2,1,0,19,1,7,482,7482,31,2001,3B7HF13Z91G1,3,B,7,H,F,1,3,Z,9,1,G,1,0,T,DODG,Q15,4C,1,17,,2,1547,1387,RPC,G,,0,0,000000000,00000000000,0,0,0,1,0,0,0,0,0,0,0,998,0,0,0,12,12,6,9,12,0,0,0,1,19,50153,6,1,0,0,3,3,66,125,0,0,0,0,0,0,0,0,0,0,28,0,0,0,1,2,55,1,2,2,1,0,0,1,10,1,1,2,50,0,0
19,190347,2,2,1,23,12,14,35,12,2,1,0,19,1,20,20,20020,4,1996,2G1WL52M8T12,2,G,1,W,L,5,2,M,8,T,1,2,0,P,CHEV,LUM,4D,96,17,3330,,0,1075,,G,,0,0,000000000,00000000000,0,0,0,1,0,0,0,0,0,0,0,998,0,0,0,12,12,6,2,12,0,0,0,1,19,50153,6,1,0,0,3,3,70,225,0,0,0,0,0,0,0,0,0,0,0,0,0,0,1,2,55,1,2,2,1,0,0,1,62,1,1,1,51,1,0
19,190348,1,2,1,27,12,12,53,12,2,1,0,19,1,18,20,18020,4,1991,2G4WB54T5M18,2,G,4,W,B,5,4,T,5,M,1,8,0,P,BUIC,RGC,4D,91,17,3175,,0,1075,,G,,0,0,000000000,00000000000,0,0,0,1,0,0,0,0,0,0,0,998,0,0,0,12,12,6,2,12,0,0,0,1,19,50522,6,1,0,0,3,0,72,225,0,0,0,0,0,0,0,0,0,0,28,0,0,0,1,2,55,1,2,4,11,0,0,1,10,1,1,2,50,1,0
19,190348,2,2,1,27,12,12,53,12,2,1,0,19,2,20,481,20481,31,2003,1GCEK14V13Z2,1,G,C,E,K,1,4,V,1,3,Z,2,0,T,CHEV,SK1,PK,3,17,,2,1330,1190,SIL,G,,0,0,000000000,00000000000,0,0,0,1,0,0,0,0,0,0,0,998,0,0,0,12,12,6,2,12,0,0,0,1,19,50597,6,1,0,0,3,0,71,205,0,0,0,0,0,0,0,0,0,0,0,0,0,0,1,2,55,1,2,4,1,0,0,1,62,1,1,1,51,0,0
19,190349,1,1,1,30,12,12,43,21,0,1,0,19,2,20,481,20481,31,2003,1GCHK23113F1,1,G,C,H,K,2,3,1,1,3,F,1,0,T,CHEV,2KH,CW,3,17,,2,1670,1530,SIL,D,,0,0,000000000,00000000000,0,0,0,1,0,0,0,0,0,0,0,998,0,0,0,12,12,6,2,21,0,0,0,1,19,50310,6,1,0,0,3,0,70,200,0,0,0,0,0,0,0,0,0,0,0,0,0,0,3,6,65,1,1,1,2,0,0,1,13,1,1,4,1,1,0
19,190350,1,1,1,30,12,19,0,8,0,1,0,19,1,13,1,13001,4,1995,1LNLM82W1SY7,1,L,N,L,M,8,2,W,1,S,Y,7,0,P,LINC,SES,4D,95,17,4057,,0,1174,,G,,0,0,000000000,00000000000,0,0,0,1,0,0,0,0,0,0,0,998,0,0,0,2,2,2,3,8,0,0,0,1,19,50126,6,1,0,0,3,3,68,164,0,0,0,0,0,0,0,0,0,0,0,0,0,0,1,2,25,1,1,2,4,0,0,1,80,1,1,1,13,0,0
19,190351,1,2,1,14,12,17,17,12,6,1,0,19,1,12,471,12471,30,2002,1FTZR45E72PB,1,F,T,Z,R,4,5,E,7,2,P,B,0,T,FORD,RNS,4C,2,17,,1,0,1259,RNG,G,,0,0,000000000,00000000000,0,0,0,1,0,0,0,0,0,0,0,998,0,0,0,2,2,6,2,12,0,0,0,1,19,52205,6,1,0,0,3,3,72,270,0,0,0,0,0,0,0,0,0,0,38,0,0,0,3,5,65,1,1,2,1,20,3,1,17,1,1,1,87,1,0
19,190351,2,2,1,14,12,17,17,12,6,1,0,55,1,37,441,37441,20,2004,5FNRL18064B0,5,F,N,R,L,1,8,0,6,4,B,0,0,P,HOND,UDY,SV,4,17,4365,,0,1181,,G,,0,0,000000000,00000000000,0,0,0,1,0,0,0,0,0,0,0,998,0,0,0,12,12,6,2,12,0,0,0,1,55,53097,6,1,0,0,3,0,70,165,0,0,0,0,0,0,0,0,0,0,0,0,0,0,3,5,65,1,1,2,1,0,0,1,17,1,1,1,86,0,0
20,200001,1,1,1,9,1,7,0,52,0,1,0,20,3,12,17,12017,4,2005,1FAFP53U15A2,1,F,A,F,P,5,3,U,1,5,A,2,0,P,FORD,TSE,4D,5,17,3306,,0,1085,,G,,0,0,000000000,00000000000,0,0,0,1,0,0,0,0,0,0,0,84,0,1,1,12,3,6,2,1,0,0,0,1,20,67147,6,1,0,0,3,0,74,165,0,0,0,2,0,5,2008,5,2009,1,0,0,0,0,2,4,65,2,2,1,1,0,0,14,6,2,1,4,6,1,1
20,200002,1,1,1,8,1,19,1,1,0,1,0,20,1,23,401,23401,14,2000,1GKCS13W8Y21,1,G,K,C,S,1,3,W,8,Y,2,1,0,T,GMC,JMY,4W,0,17,,1,0,1070,JMY,G,,0,0,000000000,00000000000,0,0,0,1,0,0,0,0,0,0,0,998,0,1,5,0,9,6,2,1,0,0,0,1,20,66839,6,1,0,0,3,0,66,195,0,0,0,0,0,0,0,0,0,0,39,58,0,0,1,2,55,1,1,2,1,0,0,1,8,6,1,4,6,1,1
20,200003,1,1,1,12,1,13,26,42,0,1,0,20,2,20,2,20002,4,2001,2G1WF55E7191,2,G,1,W,F,5,5,E,7,1,9,1,0,P,CHEV,IMP,4D,1,17,3389,,0,1105,,G,,0,0,000000000,00000000000,0,0,0,1,0,0,0,0,0,0,0,998,0,0,0,82,1,6,2,42,0,0,0,1,20,67212,6,1,6,1,3,1,67,170,0,0,0,0,0,0,0,0,0,1,39,58,0,0,1,2,55,1,1,2,1,0,0,1,6,6,1,4,6,1,1
20,200004,1,2,1,13,1,15,19,12,6,1,0,20,1,7,472,7472,30,1998,1B7GL22X8WS7,1,B,7,G,L,2,2,X,8,W,S,7,0,T,DODG,DAK,PC,98,17,,1,0,1309,DAK,G,,0,0,000000000,00000000000,0,0,0,1,0,0,0,0,0,0,0,998,0,0,0,12,12,6,2,12,0,0,0,1,20,67052,6,1,0,0,3,0,64,140,0,0,0,0,0,0,0,0,0,0,0,0,0,0,1,2,55,1,1,2,1,20,3,1,68,9,1,2,83,0,0
20,200004,2,2,4,13,1,15,19,12,6,1,0,20,1,22,18,22018,2,1997,1G2NE12M1VC8,1,G,2,N,E,1,2,M,1,V,C,8,0,P,PONT,GAS,CP,97,17,2695,,0,1034,,G,,0,0,000000000,00000000000,0,0,0,1,0,0,0,0,0,0,0,998,0,0,0,7,8,6,2,12,0,0,0,1,20,67217,6,1,0,0,3,0,63,125,0,0,0,2,1,7,2008,1,2010,0,38,0,0,0,1,2,55,1,1,2,1,0,0,11,66,6,1,1,82,1,0
20,200005,1,1,1,1,1,4,18,33,0,1,0,20,1,13,2,13002,2,1989,1LNBM93E5KY6,1,L,N,B,M,9,3,E,5,K,Y,6,0,P,LINC,LSC,CP,89,17,3783,,0,1085,,G,,0,0,000000000,00000000000,0,0,0,1,0,0,0,0,0,0,0,998,0,0,0,2,2,6,2,2,0,0,1,1,20,67208,6,1,0,0,3,0,76,220,0,0,0,2,1,10,2007,9,2009,1,36,0,0,0,1,2,30,1,1,1,4,0,0,1,6,1,1,4,1,1,1
20,200006,1,2,1,5,1,9,10,12,6,1,0,20,1,49,472,49472,30,2004,5TENL42N24Z4,5,T,E,N,L,4,2,N,2,4,Z,4,0,T,TOYT,REG,PK,4,17,,1,0,1033,TAC,G,,0,0,000000000,00000000000,0,0,0,1,0,0,0,0,0,0,0,998,0,0,0,3,3,6,2,12,0,0,0,1,20,66536,6,1,0,0,3,1,71,170,0,0,0,0,0,0,0,0,0,0,39,0,0,0,1,2,30,1,2,2,2,20,3,1,68,1,1,1,87,1,0
20,200006,2,2,1,5,1,9,10,12,6,1,0,20,3,12,481,12481,31,2006,1FTRF14WX6NA,1,F,T,R,F,1,4,W,X,6,N,A,1,T,FORD,F15,PK,6,17,,2,1450,1260,COF,G,,1,57,1914149,571914149,2,4,3,1,0,0,0,0,0,0,0,33,0,0,0,12,12,6,2,12,0,0,0,1,20,66418,6,1,0,0,3,0,70,200,0,0,0,0,0,0,0,0,0,0,0,0,0,0,1,2,30,1,2,2,2,0,0,1,78,4,1,1,86,0,0
20,200007,1,1,1,16,1,2,0,35,0,1,0,20,1,12,37,12037,4,2006,1FAFP34N36W1,1,F,A,F,P,3,4,N,3,6,W,1,0,P,FORD,ZX4,4D,6,17,2676,,0,1029,,G,,0,0,000000000,00000000000,0,0,0,1,0,0,0,0,0,0,0,998,0,1,5,82,13,6,2,1,0,0,0,1,20,67432,6,1,0,0,3,0,74,260,0,0,0,0,0,0,0,0,0,0,0,0,0,0,1,2,55,1,1,4,4,0,0,1,9,8,4,4,7,1,1
20,200008,1,1,1,12,1,22,35,1,0,1,0,20,2,23,481,23481,31,2001,1GTHC23UX1F1,1,G,T,H,C,2,3,U,X,1,F,1,0,T,GMC,2CH,CW,1,17,,2,1670,1530,SIE,G,,0,0,000000000,00000000000,0,0,0,1,0,0,0,0,0,0,0,998,0,9,5,0,0,6,2,1,0,0,0,1,20,67870,6,1,6,0,3,0,68,200,0,0,0,0,1,9,2008,9,2008,0,0,0,0,0,1,2,65,3,2,2,1,0,0,14,9,6,4,4,7,1,1
20,200009,1,2,1,13,1,10,27,12,6,1,0,20,2,59,31,59031,4,2005,JTHBA30G8550,J,T,H,B,A,3,0,G,8,5,5,0,0,P,LEXS,E33,4D,5,17,3472,,0,1071,,G,,0,0,000000000,00000000000,0,0,0,1,0,0,0,0,0,0,0,40,0,0,0,12,12,6,2,12,0,0,0,1,20,66217,6,1,0,0,3,0,64,121,0,0,0,1,1,1,2008,4,2009,0,0,0,0,0,2,6,45,1,1,2,1,0,0,1,17,1,1,1,83,0,0
20,200009,2,2,1,13,1,10,27,12,6,1,0,20,1,20,1,20001,4,1977,1D29U7K52943,1,D,2,9,U,7,K,5,2,9,4,3,0,P,,,,,,,,,,,,,0,0,000000000,00000000000,0,0,0,1,0,0,0,0,0,0,0,10,0,0,0,9,9,6,2,12,0,0,0,1,20,66203,6,1,0,0,3,1,72,136,0,0,0,0,1,1,2009,1,2009,0,38,0,0,0,1,2,25,3,1,2,1,0,0,11,15,1,1,1,82,1,0
20,200010,1,1,1,13,1,9,0,43,0,1,0,20,1,12,481,12481,31,1991,1FTEX15N9MKA,1,F,T,E,X,1,5,N,9,M,K,A,0,T,FORD,F15,PS,91,17,,2,1550,1390,COF,G,,0,0,000000000,00000000000,0,0,0,1,0,0,0,0,0,0,0,998,0,0,0,12,12,6,2,43,0,0,0,1,20,67060,6,1,0,0,3,0,69,140,1,0,0,0,0,8,2008,8,2008,0,0,0,0,0,1,2,55,1,1,1,4,0,0,1,5,1,1,4,1,1,1
20,200011,1,1,1,20,1,21,5,43,0,1,0,20,1,21,2,21002,4,1986,1G3HY6935G18,1,G,3,H,Y,6,9,3,5,G,1,8,0,P,OLDS,FRB,4D,86,17,3069,,0,1108,,G,,0,0,000000000,00000000000,0,0,0,1,0,0,0,0,0,0,0,998,0,0,0,12,12,6,2,43,0,0,0,1,20,67460,6,1,0,0,3,1,66,180,0,0,0,0,0,0,0,0,0,0,0,0,0,0,1,2,35,1,1,1,1,21,3,1,14,1,1,4,14,1,1
20,200012,1,1,1,19,1,17,23,21,0,1,0,20,1,54,421,54421,15,2003,2HNYD18953H5,2,H,N,Y,D,1,8,9,5,3,H,5,0,P,ACUR,MDX,UT,3,17,4504,,0,1063,,G,,0,0,000000000,00000000000,0,0,0,1,0,0,0,0,0,0,0,998,0,0,0,12,12,6,2,21,0,0,0,1,20,66061,6,1,0,0,3,0,72,150,1,0,0,0,0,11,2008,11,2008,0,0,0,0,0,2,4,70,1,2,1,1,0,0,1,13,1,1,4,1,1,0
20,200013,1,2,2,16,1,9,44,12,6,1,0,20,1,6,441,6441,20,2005,2C4GP44R15R5,2,C,4,G,P,4,4,R,1,5,R,5,0,P,CHRY,TWC,SV,5,17,4121,,0,1193,,G,,0,0,000000000,00000000000,0,0,0,1,0,0,0,0,0,0,0,998,0,1,2,3,13,6,2,1,0,0,0,1,20,67846,6,1,0,0,3,1,66,155,0,0,0,0,0,0,0,0,0,0,38,0,0,0,1,2,55,1,1,1,1,20,3,1,17,1,1,1,87,0,0
20,200013,2,2,8,16,1,9,44,12,6,1,0,95,1,6,441,6441,20,1993,1P4GH54RXPX5,1,P,4,G,H,5,4,R,X,P,X,5,0,P,PLYM,VOF,SV,93,17,3676,,0,1193,,G,,0,0,000000000,00000000000,0,0,0,1,0,0,0,0,0,0,0,998,0,0,0,12,12,6,2,12,0,0,0,1,95,69334,6,1,0,0,3,0,999,999,99,99,99,99,99,99,9999,99,9999,0,0,0,0,0,1,2,55,1,1,1,1,0,0,1,68,1,1,1,86,1,0
20,200014,1,1,2,31,1,12,28,43,0,1,0,20,1,18,20,18020,4,1994,2G4WB55L7R14,2,G,4,W,B,5,5,L,7,R,1,4,0,P,BUIC,RGC,4D,94,17,3240,,0,1075,,G,,0,0,000000000,00000000000,0,0,0,1,0,0,0,0,0,0,0,998,0,0,0,12,12,6,2,43,0,0,0,1,20,66502,6,1,0,0,3,1,59,116,0,0,0,0,0,0,0,0,0,0,0,0,0,0,1,2,40,9,9,1,1,21,3,1,14,1,1,4,14,1,0
20,200015,1,1,1,26,1,15,47,8,0,1,0,20,1,20,403,20403,14,2005,1GNET16S0561,1,G,N,E,T,1,6,S,0,5,6,1,0,P,CHEV,TRL,UT,5,17,4954,,0,1290,,G,,0,0,000000000,00000000000,0,0,0,1,0,0,0,0,0,0,0,15,0,0,0,12,12,0,9,8,0,0,0,1,20,67114,6,1,0,0,3,0,72,220,0,0,0,0,0,0,0,0,0,0,39,91,0,0,1,2,30,1,1,2,1,2,3,11,15,1,1,1,13,0,0
20,200016,1,2,2,29,1,12,28,12,6,1,0,20,2,34,39,34039,1,1998,4USCH7326WLE,4,U,S,C,H,7,3,2,6,W,L,E,0,P,BMW,UZ9,CV,98,17,2723,,0,963,,G,,0,0,000000000,00000000000,0,0,0,1,0,0,0,0,0,0,0,998,0,0,0,4,6,6,2,12,0,0,0,1,20,67124,6,1,0,0,3,0,69,103,0,0,0,0,0,0,0,0,0,1,0,0,0,0,2,2,65,1,1,2,4,40,3,1,5,1,4,2,64,1,0
20,200016,2,2,1,29,1,12,28,12,6,1,0,16,2,12,402,12402,14,2006,1FMYU93196KB,1,F,M,Y,U,9,3,1,9,6,K,B,0,P,FORD,SPE,UT,6,17,3407,,0,1031,,G,,0,0,000000000,00000000000,0,0,0,1,0,0,0,0,0,0,0,998,0,0,0,12,12,6,2,12,0,0,0,1,16,83330,6,1,0,0,3,0,62,120,0,0,0,3,1,1,2009,12,2009,0,0,0,0,0,1,2,65,1,1,2,4,40,3,1,62,1,1,1,65,0,0
20,200017,1,4,1,16,1,7,16,12,1,1,0,29,3,98,809,98809,66,2007,2FWBA2CV37AZ,2,F,W,B,A,2,C,V,3,7,A,Z,2,T,STRG,A90,DS,7,17,,7,0,0,STE,D,,1,57,082866,57082866,3,7,1,1,0,0,0,0,0,0,0,998,0,0,0,6,6,6,2,12,0,0,0,1,29,64070,6,1,6,1,3,0,72,220,0,0,0,0,0,0,0,0,0,0,0,0,0,0,2,4,70,1,2,1,4,0,0,1,50,2,1,1,25,0,0