STATE,ST_CASE,VEH_NO,VE_FORMS,NUMOCCS,DAY,MONTH,HOUR,MINUTE,HARM_EV,MAN_COLL,UNITTYPE,HIT_RUN,REG_STAT,OWNER,MAKE,MODEL,MAK_MOD,BODY_TYP,MOD_YEAR,VIN,VIN_1,VIN_2,VIN_3,VIN_4,VIN_5,VIN_6,VIN_7,VIN_8,VIN_9,VIN_10,VIN_11,VIN_12,TOW_VEH,VINTYPE,VINMAKE,VINA_MOD,VIN_BT,VINMODYR,VIN_LNGT,VIN_WGT,WGTCD_TR,WHLBS_LG,WHLBS_SH,SER_TR,FUELCODE,MCYCL_DS,J_KNIFE,MCARR_I1,MCARR_I2,MCARR_ID,GVWR,V_CONFIG,CARGO_BT,HAZ_INV,HAZ_PLAC,HAZ_ID,HAZ_CNO,HAZ_REL,BUS_USE,SPEC_USE,EMER_USE,TRAV_SP,UNDERIDE,ROLLOVER,ROLINLOC,IMPACT1,IMPACT2,DEFORMED,TOWED,M_HARM,VEH_SC1,VEH_SC2,FIRE_EXP,DR_PRES,L_STATE,DR_ZIP,L_STATUS,L_TYPE,CDL_STAT,L_ENDORS,L_COMPL,L_RESTRI,DR_HGT,DR_WGT,PREV_ACC,PREV_SUS,PREV_DWI,PREV_SPD,PREV_OTH,FIRST_MO,FIRST_YR,LAST_MO,LAST_YR,SPEEDREL,DR_SF1,DR_SF2,DR_SF3,DR_SF4,VTRAFWAY,VNUM_LAN,VSPD_LIM,VALIGN,VPROFILE,VPAVETYP,VSURCOND,VTRAFCON,VTCONT_F,P_CRASH1,P_CRASH2,P_CRASH3,PCRASH4,PCRASH5,ACC_TYPE,DEATHS,DR_DRINK
20,200017,2,4,9,16,1,7,16,12,1,1,0,29,1,12,441,12441,20,1994,1FMDA41X5RZA,1,F,M,D,A,4,1,X,5,R,Z,A,0,T,FORD,ARO,ES,94,17,,1,0,1190,ARO,G,,0,0,000000000,00000000000,0,0,0,1,0,0,0,0,0,0,0,998,0,0,0,12,6,6,2,12,0,0,0,1,29,64503,0,0,0,0,0,0,67,200,0,0,0,0,0,0,0,0,0,1,0,0,0,0,2,4,70,1,2,1,4,0,0,1,50,2,1,1,24,1,0
20,200017,3,4,3,16,1,7,16,12,1,1,0,20,1,37,31,37031,4,2008,1HGFA168X8L0,1,H,G,F,A,1,6,8,X,8,L,0,0,P,HOND,UAX,4D,8,17,2806,,0,1063,,G,,0,0,000000000,00000000000,0,0,0,1,0,0,0,0,0,0,0,998,0,0,0,12,12,6,2,12,0,0,0,1,20,66213,6,1,0,0,3,0,65,150,2,0,0,0,1,8,2007,1,2010,1,0,0,0,0,2,4,70,1,2,1,4,0,0,1,50,2,1,1,98,0,0
20,200017,4,4,1,16,1,7,16,12,1,1,0,20,2,12,13,12013,4,1995,1FASP14J3SW2,1,F,A,S,P,1,4,J,3,S,W,2,0,P,FORD,EST,4H,95,17,2385,,0,984,,G,,0,0,000000000,00000000000,0,0,0,1,0,0,0,0,0,0,0,998,0,0,0,12,12,6,2,12,0,0,0,1,99,99999,9,9,99,9,9,9,999,999,99,99,99,99,99,99,9999,99,9999,1,0,0,0,0,2,4,70,1,2,1,4,0,0,1,50,2,1,1,98,0,0
20,200018,1,2,3,1,2,14,16,12,2,1,0,20,1,20,481,20481,31,2001,1GCGK13U81F1,1,G,C,G,K,1,3,U,8,1,F,1,0,T,CHEV,1KH,CW,1,17,,2,0,1530,SIL,G,,0,0,000000000,00000000000,0,0,0,1,0,0,0,0,0,0,0,998,0,0,0,12,10,6,2,12,0,0,0,1,20,66967,6,1,0,0,3,1,72,205,1,0,0,2,0,2,2009,10,2009,0,51,0,0,0,2,2,65,1,2,2,1,0,0,1,10,1,1,2,50,3,1
20,200018,2,2,1,1,2,14,16,12,2,1,0,95,3,82,881,82881,66,1999,1FVXDSZBXXPA,1,F,V,X,D,S,Z,B,X,X,P,A,1,T,FRHT,FLD,TM,99,17,,8,0,0,CON,D,,1,57,152993,57152993,3,6,6,1,0,0,0,0,0,0,0,998,0,0,0,12,10,6,2,12,0,0,0,1,4,85207,6,1,6,9,3,1,68,150,0,0,0,1,0,2,2008,2,2008,0,0,0,0,0,2,2,65,1,2,1,1,28,3,1,62,6,1,1,51,0,0
20,200019,1,2,1,2,2,14,4,12,2,1,0,95,3,82,883,82883,66,2004,1FUJA6CG14LM,1,F,U,J,A,6,C,G,1,4,L,M,1,T,FRHT,COL,DS,4,17,,8,0,0,CON,D,,3,57,377638,57377638,3,6,1,1,0,0,0,0,0,0,0,998,0,0,0,12,12,6,2,12,0,0,0,1,95,68333,6,1,6,1,3,0,999,999,99,99,99,99,99,99,9999,99,9999,0,39,51,0,0,2,2,65,2,1,2,1,0,0,14,8,1,1,2,50,0,0
20,200019,2,2,1,2,2,14,4,12,2,1,0,20,1,6,441,6441,20,2006,2A4GP54L06R9,2,A,4,G,P,5,4,L,0,6,R,9,0,P,CHRY,TWC,SV,6,17,4267,,0,1193,,G,,0,0,000000000,00000000000,0,0,0,1,0,0,0,0,0,0,0,998,0,0,0,12,12,6,2,12,0,0,0,1,20,66839,6,1,0,0,3,0,67,172,0,0,0,0,0,0,0,0,0,0,0,0,0,0,2,2,65,3,1,2,1,0,0,14,62,1,1,2,51,1,0
20,200020,1,1,1,2,2,19,46,35,0,1,0,20,1,12,481,12481,31,2004,1FTRF12W24NB,1,F,T,R,F,1,2,W,2,4,N,B,0,T,FORD,F15,PK,4,17,,2,1450,1260,COF,G,,0,0,000000000,00000000000,0,0,0,1,0,0,0,0,0,0,0,998,0,1,5,2,13,6,2,1,0,0,0,1,20,67003,6,1,6,0,3,0,71,215,0,0,0,1,1,6,2009,6,2009,0,8,39,33,58,1,2,40,1,1,2,2,0,0,6,8,6,3,4,8,1,1
20,200021,1,1,1,3,2,9,50,42,0,1,0,20,1,12,23,12023,4,2009,3FAHP081X9R1,3,F,A,H,P,0,8,1,X,9,R,1,0,P,FORD,F/L,4D,9,17,3325,,0,1074,,G,,0,0,000000000,00000000000,0,0,0,1,0,0,0,0,0,0,0,998,0,0,0,12,12,6,2,42,0,0,0,1,20,67439,6,1,0,0,3,0,63,160,0,0,0,1,0,5,2008,5,2008,0,0,0,0,0,1,2,55,1,1,2,1,0,0,1,8,1,1,4,6,1,0
20,200022,1,2,1,5,2,7,25,12,2,1,0,20,1,23,481,23481,31,2001,1GTEC14W31Z3,1,G,T,E,C,1,4,W,3,1,Z,3,0,T,GMC,NC1,PK,1,17,,2,1330,1190,SIE,G,,0,0,000000000,00000000000,0,0,0,1,0,0,0,0,0,0,0,998,0,0,0,12,12,6,2,12,0,0,0,1,20,67801,6,1,0,0,3,0,74,290,0,0,0,0,0,0,0,0,0,0,35,0,0,0,1,2,65,1,1,2,1,0,0,6,10,1,1,1,50,1,0
20,200022,2,2,1,5,2,7,25,12,2,1,0,20,1,49,40,49040,4,2000,JT2BG22K6Y04,J,T,2,B,G,2,2,K,6,Y,0,4,0,P,TOYT,CXL,4D,0,17,3120,,0,1051,,G,,0,0,000000000,00000000000,0,0,0,1,0,0,0,0,0,0,0,998,0,0,0,12,12,6,2,12,0,0,0,1,20,67834,6,1,0,0,3,0,68,165,0,0,0,1,0,2,2008,2,2008,0,0,0,0,0,1,2,65,1,1,2,1,0,0,1,62,1,1,1,51,1,0
20,200023,1,2,1,5,2,7,10,12,2,1,0,20,1,12,37,12037,4,2008,1FAHP35N68W1,1,F,A,H,P,3,5,N,6,8,W,1,0,P,FORD,FMS,4D,8,17,2623,,0,1029,,G,,0,0,000000000,00000000000,0,0,0,1,0,0,0,0,0,0,0,998,0,0,0,12,12,6,2,12,0,0,0,1,20,66414,6,1,0,0,3,0,65,290,0,0,0,0,0,0,0,0,0,1,0,0,0,0,1,2,60,1,2,2,3,0,0,1,5,1,2,2,50,1,0
20,200023,2,2,1,5,2,7,10,12,2,1,0,20,1,37,32,37032,4,2010,1HGCP2F30AA0,1,H,G,C,P,2,F,3,0,A,A,0,0,P,HOND,ULX,4D,10,17,3269,,0,1102,,G,,0,0,000000000,00000000000,0,0,0,1,0,0,0,0,0,0,0,998,0,0,0,12,12,6,2,12,0,0,0,1,20,66414,6,1,0,0,3,1,66,170,0,0,0,0,0,0,0,0,0,0,0,0,0,0,1,2,60,1,2,2,3,0,0,1,62,6,1,1,51,0,0
20,200026,1,2,1,12,2,17,35,12,2,1,0,20,3,18,22,18022,4,2008,2G4WC582X812,2,G,4,W,C,5,8,2,X,8,1,2,0,P,BUIC,LCX,4D,8,17,3495,,0,1105,,G,,0,0,000000000,00000000000,0,0,0,1,0,0,0,0,0,0,0,998,0,0,0,12,12,6,2,12,0,0,0,1,20,66221,6,1,0,0,3,0,67,170,0,0,0,0,0,0,0,0,0,1,0,0,0,0,1,2,55,1,2,2,2,0,0,1,10,1,1,1,50,0,1
20,200026,2,2,1,12,2,17,35,12,2,1,0,20,1,49,472,49472,30,2002,5TENL42N22Z1,5,T,E,N,L,4,2,N,2,2,Z,1,0,T,TOYT,REG,PK,2,17,,1,0,1033,TAC,G,,0,0,000000000,00000000000,0,0,0,1,0,0,0,0,0,0,0,998,0,0,0,12,12,6,2,12,0,0,0,1,20,66070,6,1,0,0,3,1,64,150,0,0,0,0,0,0,0,0,0,0,0,0,0,0,1,2,55,1,2,2,2,0,0,1,62,3,1,1,51,1,1
20,200027,1,1,4,12,2,1,25,1,0,1,0,8,2,12,401,12401,14,1996,1FMDU32P5TZA,1,F,M,D,U,3,2,P,5,T,Z,A,0,P,FORD,EPR,UT,96,17,3952,,0,1115,,G,,0,0,000000000,00000000000,0,0,0,1,0,0,0,0,0,0,0,998,0,9,3,0,3,6,2,1,0,0,0,1,40,74849,6,7,0,0,3,1,999,999,0,0,0,0,0,0,0,0,0,0,0,0,0,0,2,4,70,1,1,2,1,0,0,1,8,7,2,4,7,2,1
20,200028,1,3,1,17,2,20,30,12,1,1,0,20,1,7,442,7442,20,2000,2B4FP25B0YR5,2,B,4,F,P,2,5,B,0,Y,R,5,0,P,DODG,CAR,SV,0,17,3432,,0,1133,,G,,0,0,000000000,00000000000,0,0,0,1,0,0,0,0,0,0,0,998,0,0,0,6,6,6,2,12,0,0,0,1,20,67585,6,1,0,0,3,1,67,180,0,0,0,0,1,10,2008,10,2008,0,51,0,0,0,2,4,65,2,1,2,1,0,0,14,18,1,1,1,25,1,0
20,200028,2,3,1,17,2,20,30,12,1,1,0,20,3,9,442,9442,20,1999,1P4GP44G1XB5,1,P,4,G,P,4,4,G,1,X,B,5,0,P,PLYM,VOF,SV,99,17,3856,5,0,1193,C55,F,,0,0,000000000,00000000000,0,0,0,1,0,0,0,0,0,0,0,998,0,0,0,12,61,6,2,12,0,0,0,1,20,67124,6,1,6,1,3,0,68,180,0,0,0,0,0,0,0,0,0,0,0,0,0,0,2,4,65,2,1,2,1,0,0,14,62,1,1,2,24,0,0
20,200028,3,3,1,17,2,20,30,12,1,1,0,20,3,20,881,20881,61,2007,1GBE5C1297F4,1,G,B,E,5,C,1,2,9,7,F,4,0,T,CHEV,C5C,CB,7,17,,5,2240,1280,C55,D,,0,57,53175,5753175,2,1,3,1,0,0,0,0,0,0,0,998,0,0,0,12,12,6,2,12,0,0,0,1,20,67124,6,1,6,1,3,0,68,180,0,0,0,0,0,0,0,0,0,0,0,0,0,0,2,4,65,2,1,2,1,0,0,14,62,1,1,1,98,0,0
20,200029,1,2,2,19,2,19,55,12,1,1,0,20,2,18,20,18020,4,1994,2G4WB55M4R14,2,G,4,W,B,5,5,M,4,R,1,4,0,P,BUIC,RGC,4D,94,17,3240,,0,1075,,G,,0,0,000000000,00000000000,0,0,0,1,0,0,0,0,0,0,0,70,0,0,0,12,12,2,9,12,0,0,0,1,20,67013,6,1,0,0,3,1,67,160,1,0,0,1,0,5,2008,11,2008,1,26,0,0,0,2,4,65,1,2,2,1,0,0,1,50,1,1,1,20,0,1
20,200029,2,2,1,19,2,19,55,12,1,1,0,20,1,99,709,99709,81,2004,LAATAB1B54C0,L,A,A,T,A,B,1,B,5,4,C,0,0,U,,,,4,17,,,,,,,,0,0,000000000,00000000000,0,0,0,1,0,0,0,0,0,0,0,0,0,0,0,6,6,6,2,12,0,0,0,1,20,67217,2,1,0,0,7,2,66,127,0,0,0,0,0,0,0,0,0,0,74,0,0,0,2,4,65,1,2,2,1,0,0,5,53,1,1,1,21,1,0
20,200030,1,2,2,20,2,17,15,12,6,1,0,20,1,20,2,20002,4,2005,2G1WH52K7593,2,G,1,W,H,5,2,K,7,5,9,3,0,P,CHEV,IPL,4D,5,17,3466,,0,1105,,G,,0,0,000000000,00000000000,0,0,0,1,0,0,0,0,0,0,0,998,0,0,0,2,3,6,2,12,0,0,0,1,20,67052,6,1,0,0,3,0,64,135,0,0,0,0,0,0,0,0,0,0,0,0,0,0,1,2,65,1,2,1,4,0,0,1,10,1,1,2,64,2,0
20,200030,2,2,1,20,2,17,15,12,6,1,0,20,2,85,881,85881,66,2001,1XKWD49X51R8,1,X,K,W,D,4,9,X,5,1,R,8,1,T,KW,W90,DS,1,17,,8,2850,1600,CON,D,,1,57,297611,57297611,3,6,1,1,0,0,0,0,0,0,0,998,0,0,0,11,11,6,2,12,0,0,0,1,20,66801,6,1,6,1,3,0,69,300,0,0,0,0,0,0,0,0,0,0,0,0,0,0,1,2,65,1,2,1,4,0,0,1,62,9,1,2,65,0,0
20,200031,1,2,3,20,2,14,35,12,1,1,0,20,1,7,482,7482,31,2002,3B7MC33C32M3,3,B,7,M,C,3,3,C,3,2,M,3,1,T,DODG,Q35,4C,2,17,,3,0,1547,RPC,D,,1,88,888888888,88888888888,2,2,97,1,0,0,0,0,0,0,0,998,0,0,0,12,12,6,2,12,0,0,0,1,20,66701,6,1,0,0,3,0,75,220,0,0,0,0,0,0,0,0,0,0,0,0,0,0,2,6,70,1,1,1,2,0,0,1,60,1,1,1,32,0,0
20,200031,2,2,1,20,2,14,35,12,1,1,0,20,1,7,461,7461,21,2000,2B6HB11X3YK1,2,B,6,H,B,1,1,X,3,Y,K,1,0,T,DODG,15B,IC,0,17,,2,1272,1093,RMV,G,,0,0,000000000,00000000000,0,0,0,1,0,0,0,0,0,0,0,998,0,0,0,6,12,6,2,12,0,0,0,1,20,66111,6,1,0,0,3,1,66,195,1,0,0,0,0,7,2007,7,2007,0,0,0,0,0,2,6,70,1,1,1,2,0,0,1,9,1,4,2,32,1,0
20,200032,1,1,6,21,2,9,2,35,0,1,0,20,2,7,422,7422,15,2005,1D4HB48D95F5,1,D,4,H,B,4,8,D,9,5,F,5,0,P,DODG,DUR,UT,5,17,4958,,0,1192,,G,,0,0,000000000,00000000000,0,0,0,1,0,0,0,0,0,0,0,55,0,1,5,11,11,6,2,1,0,0,0,1,20,67846,6,1,0,0,3,0,69,230,0,0,0,0,0,0,0,0,0,0,87,0,0,0,1,2,65,2,1,2,3,0,0,14,5,1,2,4,7,1,0
20,200033,1,1,7,21,2,14,6,24,0,1,0,20,1,12,422,12422,15,2003,1FMFU18L23LB,1,F,M,F,U,1,8,L,2,3,L,B,0,P,FORD,EPT,UT,3,17,5686,,0,1191,,G,,0,0,000000000,00000000000,0,0,0,1,0,0,0,0,0,0,0,60,0,0,0,12,7,6,2,24,0,0,0,1,20,66441,3,1,0,0,2,0,65,155,0,0,0,1,1,8,2007,11,2009,1,0,0,0,0,3,3,70,1,2,1,10,0,0,1,6,1,1,4,1,1,0
20,200034,1,1,2,27,2,1,20,1,0,1,0,40,2,12,481,12481,31,2003,1FTRX17203NB,1,F,T,R,X,1,7,2,0,3,N,B,0,T,FORD,F15,4C,3,17,,2,1571,1385,COF,G,,0,0,000000000,00000000000,0,0,0,1,0,0,0,0,0,0,0,50,0,1,5,0,3,6,2,1,0,0,0,1,40,73938,0,0,0,0,0,0,999,999,99,99,99,99,99,99,9999,99,9999,0,0,0,0,0,1,2,45,3,1,2,1,40,3,14,8,6,1,4,1,1,1
20,200035,1,1,1,21,2,2,50,38,0,1,0,30,3,82,883,82883,66,2006,1FUJA6CK16LV,1,F,U,J,A,6,C,K,1,6,L,V,1,T,FRHT,COL,DS,6,17,,8,0,0,CON,D,,1,77,777777777,77777777777,3,6,1,1,0,0,0,0,0,0,0,60,0,0,0,12,12,6,2,2,0,0,1,1,30,59714,6,1,6,1,3,1,73,220,98,0,0,0,0,0,0,0,0,0,0,0,0,0,3,2,70,3,2,2,10,0,0,14,5,1,1,4,1,1,0
20,200036,1,2,5,24,2,21,20,12,6,1,0,20,1,7,21,7021,6,2006,2D8GZ47V36H1,2,D,8,G,Z,4,7,V,3,6,H,1,0,P,DODG,MGN,UT,6,17,4055,,0,1200,,G,,0,0,000000000,00000000000,0,0,0,1,0,0,0,0,0,0,0,998,0,0,0,9,9,6,2,12,0,0,0,1,20,67135,6,1,6,0,3,0,71,190,0,0,0,0,0,0,0,0,0,0,39,48,0,0,3,2,70,1,1,2,1,0,0,11,55,1,1,2,82,4,1
20,200036,2,2,1,24,2,21,20,12,6,1,0,20,3,82,883,82883,66,2005,1FUJA6CKX5LN,1,F,U,J,A,6,C,K,X,5,L,N,1,T,FRHT,COL,DS,5,17,,8,0,0,CON,D,,1,57,01430410,5701430410,3,6,97,1,0,0,0,0,0,0,0,70,0,0,0,12,12,6,2,12,0,0,0,1,20,67214,6,1,6,1,3,0,66,189,0,0,0,1,0,11,2007,11,2007,0,0,0,0,0,3,2,70,1,1,2,1,0,0,1,67,1,1,1,83,0,0
20,200038,1,1,1,10,3,18,35,1,0,1,0,20,1,2,404,2404,14,1999,1J4GW58S4XC6,1,J,4,G,W,5,8,S,4,X,C,6,0,T,JEEP,LRO,4W,99,17,,1,0,1059,GCK,G,,0,0,000000000,00000000000,0,0,0,1,0,0,0,0,0,0,0,998,0,9,5,0,13,6,2,1,0,0,0,1,20,66854,6,1,6,0,3,1,69,290,1,0,0,0,0,5,2009,5,2009,0,0,0,0,0,1,2,60,1,1,2,2,0,0,1,9,1,1,4,1,1,1
20,200039,1,1,1,7,3,2,49,34,0,1,0,20,1,20,4,20004,3,1987,1G1YY2187H51,1,G,1,Y,Y,2,1,8,7,H,5,1,0,P,CHEV,CVT,2H,87,17,3216,,0,960,,G,,0,0,000000000,00000000000,0,0,0,1,0,0,0,0,0,0,0,998,0,0,0,12,4,6,2,34,0,0,0,1,20,66093,6,1,0,0,3,0,71,180,0,0,0,0,0,0,0,0,0,0,0,0,0,0,1,2,55,1,1,2,1,0,0,1,9,1,1,4,6,1,1
20,200040,1,1,2,11,3,16,24,1,0,1,0,8,2,20,471,20471,30,1999,1GCCS1442XK1,1,G,C,C,S,1,4,4,2,X,K,1,0,T,CHEV,S14,PK,99,17,,1,1179,1083,S,G,,0,0,000000000,00000000000,0,0,0,1,0,0,0,0,0,0,0,998,0,1,1,0,0,6,2,1,0,0,0,1,8,80916,2,1,0,0,2,0,61,110,0,3,1,0,1,12,2009,2,2010,1,58,0,0,0,1,2,65,2,1,2,1,0,0,14,6,1,4,6,98,1,1
20,200041,1,2,1,11,3,13,10,12,6,1,0,20,1,7,482,7482,31,2004,3D7KU28D94G2,3,D,7,K,U,2,8,D,9,4,G,2,0,T,DODG,SQ2,CW,4,17,,2,1605,1405,RPC,G,,0,0,000000000,00000000000,0,0,0,1,0,0,0,0,0,0,0,20,0,0,0,1,3,6,2,12,0,0,0,1,20,67147,6,1,0,0,3,1,63,120,0,0,0,0,0,0,0,0,0,0,38,0,0,0,1,2,55,1,1,2,1,21,3,1,17,1,1,2,88,0,0
20,200041,2,2,1,11,3,13,10,12,6,1,0,20,2,23,471,23471,30,1987,1GTCS14R8H85,1,G,T,C,S,1,4,R,8,H,8,5,0,T,GMC,S10,PK,87,17,,1,1229,1083,S,G,,0,0,000000000,00000000000,0,0,0,1,0,0,0,0,0,0,0,70,0,0,0,11,10,6,2,12,0,0,0,1,20,67217,6,1,0,0,3,1,72,180,0,0,0,0,0,0,0,0,0,0,0,0,0,0,2,4,70,1,1,2,1,0,0,1,54,1,1,2,89,1,0
20,200042,1,2,1,8,3,5,20,12,2,1,0,20,1,20,473,20473,30,2006,1GCDS1963681,1,G,C,D,S,1,9,6,3,6,8,1,0,T,CHEV,RDO,4C,6,17,,1,0,1260,CAL,G,,0,0,000000000,00000000000,0,0,0,1,0,0,0,0,0,0,0,998,0,0,0,12,12,6,2,12,0,0,0,1,20,66512,6,1,0,0,3,1,72,175,0,0,0,0,0,0,0,0,0,0,39,0,0,0,1,2,65,3,1,2,1,0,0,14,8,1,1,2,50,0,1
20,200042,2,2,1,8,3,5,20,12,2,1,0,20,1,49,40,49040,4,1996,4T1BG12K7TU7,4,T,1,B,G,1,2,K,7,T,U,7,0,P,TOYT,DLX,4D,96,17,2932,,0,1031,,G,,0,0,000000000,00000000000,0,0,0,1,0,0,0,0,0,0,0,998,0,0,0,12,11,6,2,12,0,0,0,1,20,66617,6,1,0,0,3,1,72,185,0,0,0,0,0,0,0,0,0,0,0,0,0,0,1,2,65,2,1,2,1,0,0,14,62,1,1,2,51,1,0
20,200043,1,2,1,12,3,13,22,12,6,1,0,20,1,12,481,12481,31,2001,1FTNX21S31ED,1,F,T,N,X,2,1,S,3,1,E,D,0,T,FORD,F2S,4C,1,17,,2,1580,1418,SRW,G,,0,0,000000000,00000000000,0,0,0,1,0,0,0,0,0,0,0,60,0,0,0,12,11,6,2,12,0,0,0,1,20,67031,6,1,0,0,3,0,72,190,0,0,0,0,0,0,0,0,0,0,39,0,0,0,3,4,60,1,2,2,1,2,3,1,17,1,1,1,86,1,0
20,200043,2,2,1,12,3,13,22,12,6,1,0,20,1,37,402,37402,14,2003,JHLRD78493C0,J,H,L,R,D,7,8,4,9,3,C,0,0,P,HOND,CRV,UT,3,17,3258,,0,1031,,G,,0,0,000000000,00000000000,0,0,0,1,0,0,0,0,0,0,0,40,0,0,0,3,3,6,2,12,0,0,0,1,20,67212,6,1,0,0,3,0,70,200,0,0,0,0,0,0,0,0,0,0,0,0,0,0,1,3,50,1,2,2,1,2,3,1,54,1,1,1,87,0,0
20,200044,1,3,1,15,3,4,32,12,2,1,0,20,2,20,421,20421,15,1995,1GNEK13K4SJ4,1,G,N,E,K,1,3,K,4,S,J,4,0,P,CHEV,KTA,UT,95,17,5124,,0,1175,,G,,0,0,000000000,00000000000,0,0,0,1,0,0,0,0,0,0,0,998,0,0,0,12,12,6,2,12,0,0,1,1,20,67217,6,1,0,0,3,0,69,141,0,0,0,0,2,12,2009,12,2009,0,36,0,0,0,3,4,70,1,1,2,1,0,0,1,54,1,1,2,52,1,1
20,200044,2,3,4,15,3,4,32,12,2,1,0,20,2,7,442,7442,20,2005,2D4GP44L45R1,2,D,4,G,P,4,4,L,4,5,R,1,0,P,DODG,CAR,SV,5,17,4222,,0,1193,,G,,0,0,000000000,00000000000,0,0,0,1,0,0,0,0,0,0,0,998,0,0,0,12,11,6,2,12,0,0,0,1,20,67206,6,1,0,0,3,1,64,112,0,0,0,0,0,0,0,0,0,0,0,0,0,0,3,4,70,1,1,2,1,0,0,1,78,1,1,2,52,3,0
20,200044,3,3,1,15,3,4,32,12,2,1,0,18,3,82,881,82881,66,2008,1FUJBBCK18LY,1,F,U,J,B,B,C,K,1,8,L,Y,1,T,FRHT,ST2,DS,8,17,,8,0,0,CON,D,,1,57,28406,5728406,3,6,1,1,0,0,0,0,0,0,0,998,0,0,0,12,81,6,2,12,0,0,0,1,45,29061,6,1,6,0,3,0,69,236,0,0,0,1,1,8,2007,7,2008,0,0,0,0,0,3,4,70,1,1,2,1,0,0,1,78,1,1,2,98,0,0
20,200045,1,1,3,16,3,1,7,33,0,1,0,20,1,13,12,13012,4,2004,1LNHM86S44Y6,1,L,N,H,M,8,6,S,4,4,Y,6,0,P,LINC,LLS,4D,4,17,3720,,0,1145,,G,,0,0,000000000,00000000000,0,0,0,1,0,0,0,0,0,0,0,998,0,1,5,81,3,6,2,2,0,0,1,1,20,66062,6,1,0,0,3,0,71,190,1,0,0,0,0,12,2007,12,2007,1,0,0,0,0,1,2,35,1,2,2,1,0,0,1,8,1,1,4,6,2,1
20,200046,1,2,1,16,3,5,55,12,2,1,0,40,2,12,461,12461,21,2006,1FTNS24L46HA,1,F,T,N,S,2,4,L,4,6,H,A,0,T,FORD,25V,EC,6,17,,2,0,1380,VAN,G,,0,0,000000000,00000000000,0,0,0,1,0,0,0,0,0,0,0,998,0,0,0,12,12,6,2,12,0,0,1,1,40,74112,6,1,6,0,3,1,71,240,0,0,0,1,0,4,2007,4,2007,0,50,0,0,0,1,2,65,2,1,2,1,0,0,14,9,1,1,2,50,1,0
20,200046,2,2,1,16,3,5,55,12,2,1,0,19,3,84,881,84881,66,2007,2HSCNAPR17C4,2,H,S,C,N,A,P,R,1,7,C,4,1,T,INTL,94I,DS,7,17,,8,0,0,940,D,,1,57,768565,57768565,3,6,1,1,0,0,0,0,0,0,0,65,0,0,0,12,12,6,2,12,0,0,0,1,95,68982,6,1,6,1,3,0,999,999,99,99,99,99,99,99,9999,99,9999,0,0,0,0,0,1,2,65,3,1,2,1,0,0,16,62,6,1,1,51,0,0
20,200047,1,2,1,20,3,4,18,12,1,1,0,20,1,20,2,20002,4,2004,2G1WF52E8493,2,G,1,W,F,5,2,E,8,4,9,3,0,P,CHEV,IMP,4D,4,17,3389,,0,1105,,G,,0,0,000000000,00000000000,0,0,0,1,0,0,0,0,0,0,0,998,0,0,0,12,12,6,2,12,0,0,0,1,20,66214,6,1,0,0,3,0,67,195,0,0,0,1,0,2,2009,2,2009,1,87,0,0,0,2,4,65,3,1,1,3,0,0,14,6,6,1,2,32,1,0
20,200047,2,2,1,20,3,4,18,12,1,1,0,20,3,82,881,82881,62,2006,1FVACWCT16HV,1,F,V,A,C,W,C,T,1,6,H,V,0,T,FRHT,16M,CC,6,17,,6,0,0,FM2,D,,0,57,724771,57724771,2,2,3,1,0,0,0,0,0,0,0,998,0,0,0,6,6,9,9,12,0,0,0,1,29,66062,6,1,0,0,3,1,72,150,0,0,0,0,1,10,2007,10,2007,0,87,0,0,0,2,4,65,3,1,1,3,0,0,14,10,1,1,2,32,0,0
20,200048,1,1,1,20,3,16,57,42,0,1,0,20,1,7,472,7472,30,2000,1B7GL22X4YS5,1,B,7,G,L,2,2,X,4,Y,S,5,0,T,DODG,DAK,PC,0,17,,1,0,1309,DAK,G,,0,0,000000000,00000000000,0,0,0,1,0,0,0,0,0,0,0,27,0,0,0,12,12,6,2,42,0,0,0,1,20,66083,6,1,0,0,3,0,67,175,0,0,0,2,1,6,2007,10,2009,0,0,0,0,0,1,2,25,1,1,2,3,0,0,1,9,1,1,4,1,1,1
20,200049,1,2,1,23,3,3,15,12,2,1,0,20,1,6,52,6052,6,2001,3C8FY4BB61T5,3,C,8,F,Y,4,B,B,6,1,T,5,0,P,CHRY,PTC,SV,1,17,3109,,0,1030,,G,,0,0,000000000,00000000000,0,0,0,1,0,0,0,0,0,0,0,998,0,0,0,12,12,6,2,12,0,0,0,1,20,67801,6,1,0,0,3,0,71,210,0,0,0,0,0,0,0,0,0,0,51,0,0,0,2,2,65,1,1,2,1,0,0,1,9,1,1,2,50,1,1
20,200049,2,2,1,23,3,3,15,12,2,1,0,18,3,51,881,51881,66,2010,4V4N19TG2AN2,4,V,4,N,1,9,T,G,2,A,N,2,2,T,VOLV,VNL,DS,10,17,,7,0,0,VVN,D,,1,57,239039,57239039,3,7,1,1,0,0,0,0,0,0,0,65,0,0,0,12,12,6,2,12,0,0,0,1,48,75249,6,1,6,0,3,0,999,999,0,0,0,0,1,11,2009,11,2009,0,0,0,0,0,2,2,65,1,1,2,1,0,0,1,62,8,1,1,51,0,0