STATE,ST_CASE,VEH_NO,VE_FORMS,NUMOCCS,DAY,MONTH,HOUR,MINUTE,HARM_EV,MAN_COLL,UNITTYPE,HIT_RUN,REG_STAT,OWNER,MAKE,MODEL,MAK_MOD,BODY_TYP,MOD_YEAR,VIN,VIN_1,VIN_2,VIN_3,VIN_4,VIN_5,VIN_6,VIN_7,VIN_8,VIN_9,VIN_10,VIN_11,VIN_12,TOW_VEH,VINTYPE,VINMAKE,VINA_MOD,VIN_BT,VINMODYR,VIN_LNGT,VIN_WGT,WGTCD_TR,WHLBS_LG,WHLBS_SH,SER_TR,FUELCODE,MCYCL_DS,J_KNIFE,MCARR_I1,MCARR_I2,MCARR_ID,GVWR,V_CONFIG,CARGO_BT,HAZ_INV,HAZ_PLAC,HAZ_ID,HAZ_CNO,HAZ_REL,BUS_USE,SPEC_USE,EMER_USE,TRAV_SP,UNDERIDE,ROLLOVER,ROLINLOC,IMPACT1,IMPACT2,DEFORMED,TOWED,M_HARM,VEH_SC1,VEH_SC2,FIRE_EXP,DR_PRES,L_STATE,DR_ZIP,L_STATUS,L_TYPE,CDL_STAT,L_ENDORS,L_COMPL,L_RESTRI,DR_HGT,DR_WGT,PREV_ACC,PREV_SUS,PREV_DWI,PREV_SPD,PREV_OTH,FIRST_MO,FIRST_YR,LAST_MO,LAST_YR,SPEEDREL,DR_SF1,DR_SF2,DR_SF3,DR_SF4,VTRAFWAY,VNUM_LAN,VSPD_LIM,VALIGN,VPROFILE,VPAVETYP,VSURCOND,VTRAFCON,VTCONT_F,P_CRASH1,P_CRASH2,P_CRASH3,PCRASH4,PCRASH5,ACC_TYPE,DEATHS,DR_DRINK
20,200050,1,1,3,25,3,12,33,34,0,1,0,20,2,12,481,12481,31,1999,1FTZF1726XKA,1,F,T,Z,F,1,7,2,6,X,K,A,0,T,FORD,F15,PK,99,17,,1,1385,1199,COF,G,,0,0,000000000,00000000000,0,0,0,1,0,0,0,0,0,0,0,65,0,1,1,10,13,6,2,1,0,0,0,1,20,66550,6,1,0,0,3,0,67,200,0,0,0,1,0,7,2009,7,2009,1,0,0,0,0,1,2,55,3,2,2,1,0,0,14,6,6,1,4,6,1,0
20,200051,1,1,1,13,3,14,41,43,0,1,0,20,3,7,20,7020,4,2004,1B3ES56C34D5,1,B,3,E,S,5,6,C,3,4,D,5,0,P,DODG,NXT,4D,4,17,2634,,0,1040,,G,,0,0,000000000,00000000000,0,0,0,1,0,0,0,0,0,0,0,998,0,1,5,9,13,6,2,1,0,0,0,1,20,67068,6,1,0,0,3,0,73,220,1,0,0,0,0,6,2008,6,2008,0,58,0,0,0,1,2,55,1,5,2,1,0,0,1,9,6,1,4,1,1,0
20,200052,1,2,1,25,3,13,30,12,6,1,0,20,1,7,482,7482,31,2006,1D7KS28C56J1,1,D,7,K,S,2,8,C,5,6,J,1,0,T,DODG,SQ2,CW,6,17,,2,1605,1405,RPC,D,,0,0,000000000,00000000000,0,0,0,1,0,0,0,0,0,0,0,28,0,0,0,12,12,6,2,12,0,0,0,1,20,67859,6,1,0,0,3,0,70,220,0,0,0,0,1,12,2009,12,2009,0,39,0,0,0,1,2,55,1,1,2,1,20,3,1,66,1,1,1,88,1,0
20,200052,2,2,1,25,3,13,30,12,6,1,0,20,3,87,881,87881,66,2000,1XP5DB9X4YD4,1,X,P,5,D,B,9,X,4,Y,D,4,1,T,PTRB,379,DS,0,17,,8,0,0,CON,D,,1,57,1644214,571644214,3,6,1,1,0,0,0,0,0,0,0,998,0,0,0,9,9,6,2,12,0,0,0,1,20,67901,6,1,6,1,3,0,72,250,0,0,0,0,0,0,0,0,0,0,0,0,0,0,1,2,55,1,1,2,1,0,0,1,66,9,1,1,89,0,0
20,200053,1,2,1,26,3,13,4,12,6,1,0,17,1,87,881,87881,66,2003,1XP5DB9XX3D5,1,X,P,5,D,B,9,X,X,3,D,5,1,T,PTRB,379,DS,3,17,,8,0,0,CON,D,,1,57,000007833,57000007833,3,6,1,1,0,0,0,0,0,0,0,30,0,0,0,12,12,6,2,12,0,0,0,1,19,52501,6,1,6,1,3,1,999,999,99,99,99,99,99,99,9999,99,9999,1,36,35,0,0,2,2,65,1,2,1,1,0,0,6,67,7,1,1,90,0,0
20,200053,2,2,3,26,3,13,4,12,6,1,0,20,1,7,442,7442,20,2001,1B4GP24331B1,1,B,4,G,P,2,4,3,3,1,B,1,0,P,DODG,CAR,SV,1,17,3917,,0,1193,,F,,0,0,000000000,00000000000,0,0,0,1,0,0,0,0,0,0,0,998,0,0,0,3,3,6,2,12,0,0,0,1,20,66801,6,1,0,0,3,0,60,105,0,0,0,1,0,9,2008,9,2008,0,0,0,0,0,2,2,65,1,2,1,1,0,0,1,54,99,1,2,90,1,0
20,200054,1,1,3,26,3,15,0,38,0,1,0,20,2,49,401,49401,14,2000,JT3HN87R3Y02,J,T,3,H,N,8,7,R,3,Y,0,2,0,P,TOYT,RUN,UT,0,17,3975,,0,1053,,G,,0,0,000000000,00000000000,0,0,0,1,0,0,0,0,0,0,0,90,0,1,6,12,13,6,2,1,0,0,0,1,20,67058,0,0,0,0,0,0,70,160,0,0,0,0,0,0,0,0,0,1,36,0,0,0,1,2,55,1,2,5,1,0,0,1,6,1,1,4,1,1,0
20,200055,1,2,1,29,3,22,19,12,1,1,0,20,2,37,32,37032,4,2004,1HGCM563X4A0,1,H,G,C,M,5,6,3,X,4,A,0,0,P,HOND,ULX,4D,4,17,3113,,0,1079,,G,,0,0,000000000,00000000000,0,0,0,1,0,0,0,0,0,0,0,998,0,0,0,12,12,6,9,12,0,0,0,1,20,67483,6,1,0,0,3,0,68,120,0,0,0,0,0,0,0,0,0,0,36,0,0,0,1,2,60,1,1,2,1,0,0,1,51,1,1,1,24,0,0
20,200055,2,2,1,29,3,22,19,12,1,1,0,20,2,37,701,37701,88,1985,JH2AF0607FS1,J,H,2,A,F,0,6,0,7,F,S,1,0,M,HOND,NQ5,MS,85,17,,,,,,,50,0,0,000000000,00000000000,0,0,0,1,0,0,0,0,0,0,0,998,0,0,0,6,6,6,9,12,0,0,0,1,20,67107,6,1,0,0,3,0,73,200,0,0,0,0,0,0,0,0,0,0,0,0,0,0,1,2,60,1,1,2,1,0,0,1,53,1,1,1,25,1,0
20,200056,1,2,2,30,3,9,24,12,6,1,0,20,2,18,2,18002,4,1998,1G4HP52K4WH4,1,G,4,H,P,5,2,K,4,W,H,4,0,P,BUIC,LCF,4D,98,17,3348,,0,1108,,G,,0,0,000000000,00000000000,0,0,0,1,0,0,0,0,0,0,0,998,0,0,0,3,3,6,2,12,0,0,0,1,20,67022,6,1,0,0,3,1,64,180,2,0,1,1,4,8,2007,3,2010,0,38,0,0,0,2,4,70,1,1,2,1,21,3,1,17,1,1,1,87,1,0
20,200056,2,2,1,30,3,9,24,12,6,1,0,20,3,87,881,87881,66,1993,1XP5DR9X9PD3,1,X,P,5,D,R,9,X,9,P,D,3,1,T,PTRB,379,DS,93,17,,8,2750,1310,CON,D,,1,57,1157095,571157095,3,6,97,1,0,0,0,0,0,0,0,998,0,0,0,12,12,6,2,12,0,0,0,1,20,67058,6,1,6,1,3,0,70,200,1,0,0,0,0,7,2009,7,2009,0,0,0,0,0,2,4,70,1,1,2,1,0,0,1,55,4,1,1,86,0,0
20,200057,1,2,1,2,4,14,35,12,6,1,0,20,1,49,40,49040,4,1991,4T1SV21E9MU3,4,T,1,S,V,2,1,E,9,M,U,3,0,P,TOYT,CMD,4D,91,17,2734,,0,1024,,G,,0,0,000000000,00000000000,0,0,0,1,0,0,0,0,0,0,0,998,0,0,0,9,9,6,2,12,0,0,0,1,20,66509,6,1,0,0,3,1,67,180,0,0,0,0,0,0,0,0,0,0,38,0,0,0,2,4,50,1,1,1,1,20,3,1,17,1,1,1,89,1,0
20,200057,2,2,2,2,4,14,35,12,6,1,0,48,1,49,40,49040,4,1994,4T1GK13E0RU0,4,T,1,G,K,1,3,E,0,R,U,0,0,P,TOYT,XLE,4D,94,17,3131,,0,1031,,G,,0,0,000000000,00000000000,0,0,0,1,0,0,0,0,0,0,0,70,0,0,0,12,12,6,2,12,0,0,0,1,48,76306,6,1,0,0,3,0,999,999,0,0,0,0,0,0,0,0,0,0,0,0,0,0,2,4,70,3,1,1,1,0,0,14,66,2,1,1,88,0,0
20,200058,1,2,2,4,4,19,53,25,0,1,0,29,1,35,39,35039,4,2002,JN1DA31DX2T4,J,N,1,D,A,3,1,D,X,2,T,4,0,P,NISS,MGS,4D,2,17,3103,,0,1083,,G,,0,0,000000000,00000000000,0,0,0,1,0,0,0,0,0,0,0,40,0,0,0,12,62,6,2,12,0,0,0,1,29,64117,6,1,0,0,3,1,71,220,1,0,0,0,0,1,2010,1,2010,1,38,0,0,0,6,1,99,1,1,2,1,21,3,16,6,6,4,7,98,0,1
20,200058,2,2,1,4,4,19,53,25,0,1,0,20,1,72,706,72706,80,2008,1HD1PR8188Y9,1,H,D,1,P,R,8,1,8,8,Y,9,0,M,HD,FL3,RS,8,17,,,,,,,1802,0,0,000000000,00000000000,0,0,0,1,0,0,0,0,0,0,0,60,0,0,0,12,12,6,2,12,0,0,0,1,20,66102,6,1,0,0,3,0,73,190,0,0,0,0,0,0,0,0,0,0,0,0,0,0,3,4,70,1,1,2,1,0,0,1,50,1,1,1,98,1,0
20,200059,1,1,1,5,4,10,30,43,0,1,0,20,2,22,18,22018,4,1997,1G2NE52TXVC8,1,G,2,N,E,5,2,T,X,V,C,8,0,P,PONT,GAS,4D,97,17,2752,,0,1034,,G,,0,0,000000000,00000000000,0,0,0,1,0,0,0,0,0,0,0,998,0,0,0,12,13,6,2,42,0,0,0,1,20,66783,6,1,0,0,3,1,62,125,1,0,0,0,0,9,2008,9,2008,1,0,0,0,0,1,2,55,1,3,4,1,0,0,1,6,1,1,4,6,1,0
20,200060,1,1,1,6,4,13,38,58,0,1,0,20,1,20,461,20461,21,1993,2GBEG25KXP41,2,G,B,E,G,2,5,K,X,P,4,1,0,T,CHEV,SV2,IC,93,17,,2,1250,1100,S/V,G,,0,0,000000000,00000000000,0,0,0,1,0,0,0,0,0,0,0,998,0,1,3,10,10,6,9,1,0,0,0,1,20,67556,6,1,0,0,3,0,70,180,0,0,0,1,0,11,2007,11,2007,0,0,0,0,0,2,4,70,1,1,2,1,0,0,1,9,1,1,4,6,1,0
20,200061,1,2,1,22,4,10,45,12,1,1,0,20,1,20,461,20461,21,2009,1GBHG31K3911,1,G,B,H,G,3,1,K,3,9,1,1,0,T,CHEV,CT3,YY,9,17,,2,1590,1390,ETV,G,,0,0,000000000,00000000000,0,0,0,1,0,0,0,0,0,0,0,0,0,0,0,6,6,4,1,12,0,0,0,1,20,67216,6,1,0,0,3,1,73,195,0,0,0,0,0,0,0,0,0,0,0,0,0,0,1,2,55,1,1,2,1,0,0,5,15,1,1,1,22,0,0
20,200061,2,2,1,22,4,10,45,12,1,1,0,20,2,37,32,37032,4,1995,JHMCD5550SC0,J,H,M,C,D,5,5,5,0,S,C,0,0,P,HOND,AEX,4D,95,17,2908,,0,1069,,G,,0,0,000000000,00000000000,0,0,0,1,0,0,0,0,0,0,0,998,0,0,0,12,12,6,2,12,0,0,0,1,20,67114,6,1,0,0,3,0,72,165,1,0,0,1,1,5,2007,3,2009,0,26,0,0,0,1,2,55,1,1,2,1,0,0,1,50,1,1,1,20,1,0
20,200062,1,1,2,12,4,20,58,11,0,1,0,20,1,23,481,23481,31,1954,E248265358,E,2,4,8,2,6,5,3,5,8,,,0,P,,,,,,,,,,,,,0,0,000000000,00000000000,0,0,0,1,0,0,0,0,0,0,0,45,0,1,5,12,12,6,2,1,0,0,0,1,20,67068,6,1,0,0,3,0,70,165,0,0,0,0,1,8,2008,8,2008,0,83,0,0,0,1,2,65,1,1,2,1,0,0,1,88,1,1,2,13,1,0
20,200063,1,2,3,24,1,6,53,12,6,1,0,20,2,14,15,14015,4,1986,1MEBP76X0GK6,1,M,E,B,P,7,6,X,0,G,K,6,0,P,MERC,TLS,4D,86,17,2464,,0,999,,G,,0,0,000000000,00000000000,0,0,0,1,0,0,0,0,0,0,0,998,0,0,0,11,3,6,2,2,0,0,1,1,20,67124,1,1,0,0,2,0,66,200,1,0,0,0,0,6,2009,6,2009,0,39,0,0,0,2,2,55,1,1,2,1,2,3,1,54,1,1,1,88,3,1
20,200063,2,2,1,24,1,6,53,12,6,1,0,20,3,87,881,87881,66,2004,1XP5DB9X04D8,1,X,P,5,D,B,9,X,0,4,D,8,1,T,PTRB,379,DS,4,17,,8,0,0,CON,D,,1,57,01644214,5701644214,3,6,97,1,0,0,0,0,0,0,0,998,0,0,0,8,8,6,2,2,0,0,1,1,20,67851,6,1,6,0,3,0,67,190,0,0,0,0,0,0,0,0,0,0,0,0,0,0,2,2,55,1,1,2,1,2,3,1,68,1,1,1,89,0,0
20,200064,1,2,1,28,1,11,2,12,6,1,0,29,3,12,461,12461,21,2003,1FTNS24L73HA,1,F,T,N,S,2,4,L,7,3,H,A,0,T,FORD,25V,EC,3,17,,2,0,1380,VAN,G,,0,0,000000000,00000000000,0,0,0,1,0,0,0,0,0,0,0,998,0,0,0,12,12,6,2,12,0,0,0,1,29,64507,6,1,0,0,3,0,72,200,0,0,0,0,0,0,0,0,0,0,51,0,0,0,2,2,65,1,1,2,1,0,0,1,54,1,1,2,64,1,0
20,200064,2,2,1,28,1,11,2,12,6,1,0,16,3,51,881,51881,66,1999,4VA7BAPF4XN7,4,V,A,7,B,A,P,F,4,X,N,7,1,T,VOLV,VVN,DS,99,17,,7,0,0,VVN,D,,1,57,71821,5771821,3,6,1,1,0,0,0,0,0,0,0,60,0,0,0,10,10,6,2,12,0,0,0,1,29,64448,6,1,6,2,3,0,71,275,0,0,0,0,0,0,0,0,0,0,0,0,0,0,2,2,65,1,1,2,1,0,0,1,62,1,1,1,65,0,0
20,200065,1,1,3,11,1,23,50,25,0,1,0,20,2,22,18,22018,4,1999,1G2NE52TXXM9,1,G,2,N,E,5,2,T,X,X,M,9,0,P,PONT,GAS,4D,99,17,3102,,0,1071,,G,,0,0,000000000,00000000000,0,0,0,1,0,0,0,0,0,0,0,63,0,0,0,1,3,6,2,25,0,0,0,1,20,67114,6,1,0,0,3,1,65,230,0,0,0,2,0,3,2007,2,2009,0,0,0,0,0,3,2,30,3,1,1,1,20,3,11,9,1,1,4,1,1,1
20,200066,1,1,3,12,1,23,40,38,0,1,0,22,1,12,481,12481,31,1999,1FTSW31F7XEA,1,F,T,S,W,3,1,F,7,X,E,A,0,T,FORD,F3S,CW,99,17,,2,1724,1562,SRW,D,,0,0,000000000,00000000000,0,0,0,1,0,0,0,0,0,0,0,65,0,9,5,10,10,6,2,1,0,0,0,1,20,66716,6,1,0,0,3,0,72,195,3,0,1,0,0,3,2009,8,2009,1,87,0,0,0,1,2,55,1,1,4,4,0,0,1,6,1,1,4,1,1,1
20,200067,1,2,4,17,1,19,19,12,6,1,0,20,2,12,473,12473,30,2001,1FMZU77E21UC,1,F,M,Z,U,7,7,E,2,1,U,C,0,P,FORD,EPR,UT,1,17,4332,,0,1259,,G,,0,0,000000000,00000000000,0,0,0,1,0,0,0,0,0,0,0,998,0,0,0,12,12,6,2,12,0,0,0,1,20,66212,4,1,0,0,2,0,69,170,1,0,0,0,0,1,2010,1,2010,1,39,36,87,37,2,2,20,1,2,2,2,2,3,1,17,1,1,1,86,0,0
20,200067,2,2,2,17,1,19,19,12,6,1,0,29,1,7,482,7482,31,2009,1D3HB18P19S8,1,D,3,H,B,1,8,P,1,9,S,8,0,T,DODG,Q15,CW,9,17,,2,0,1400,RPC,G,,0,0,000000000,00000000000,0,0,0,1,0,0,0,0,0,0,0,998,0,0,0,2,2,6,2,12,0,0,0,1,29,64155,6,1,0,0,3,0,68,165,0,0,0,0,1,11,2008,11,2008,0,0,0,0,0,2,2,30,1,2,2,2,2,3,1,54,1,1,1,87,1,0
20,200068,1,1,1,21,1,22,29,8,0,1,0,20,1,20,881,20881,61,2002,1G8JW54R02Y5,1,G,8,J,W,5,4,R,0,2,Y,5,0,P,STRN,L30,4D,2,17,3198,,0,1065,,G,,0,88,888888888,88888888888,2,1,1,1,0,0,0,0,0,0,0,998,0,0,0,12,12,6,2,8,0,0,0,1,20,66216,6,1,0,0,3,0,67,150,0,0,0,0,0,0,0,0,0,0,0,0,0,0,1,4,40,1,1,2,2,0,0,1,80,1,1,1,13,0,1
20,200069,1,1,1,7,2,23,0,38,0,1,0,20,2,12,481,12481,31,1997,1FTDX1860VKA,1,F,T,D,X,1,8,6,0,V,K,A,0,T,FORD,F15,3C,97,17,,1,1570,1390,COF,G,,0,0,000000000,00000000000,0,0,0,1,0,0,0,0,0,0,0,998,0,1,5,3,13,6,2,1,0,0,0,1,20,67860,6,1,0,0,3,1,68,350,0,0,0,0,0,0,0,0,0,1,87,0,0,0,1,2,65,3,1,2,4,0,0,14,5,1,1,4,6,1,0
20,200070,1,1,1,7,2,2,58,33,0,1,0,20,2,20,4,20004,1,2003,1G1YY32G0351,1,G,1,Y,Y,3,2,G,0,3,5,1,0,P,CHEV,CVT,CV,3,17,3210,,0,1045,,G,,0,0,000000000,00000000000,0,0,0,1,0,0,0,0,0,0,0,998,0,0,0,1,12,6,2,2,0,0,1,1,20,67204,6,1,0,0,3,0,63,160,0,1,0,4,3,7,2007,12,2009,1,36,0,0,0,2,3,35,1,1,2,1,0,0,1,6,1,1,4,1,1,1
20,200071,1,1,1,31,3,23,25,10,0,1,0,20,3,7,482,7482,31,1997,3B7KC23D1VM5,3,B,7,K,C,2,3,D,1,V,M,5,0,T,DODG,250,PC,97,17,,2,1547,1387,RPC,D,,0,0,000000000,00000000000,0,0,0,1,0,0,0,0,0,0,0,998,0,0,0,9,9,6,2,10,0,0,0,1,20,66842,6,1,0,0,3,1,68,225,0,0,0,0,0,0,0,0,0,0,38,0,0,0,1,2,55,1,2,4,1,65,3,2,18,1,1,1,98,1,0
20,200072,1,1,1,21,3,4,30,30,0,1,0,20,2,20,481,20481,31,1972,CCE142F36115,C,C,E,1,4,2,F,3,6,1,1,5,0,P,,,,,,,,,,,,,0,0,000000000,00000000000,0,0,0,1,0,0,0,0,0,0,0,998,0,0,0,10,10,6,2,2,0,0,1,1,20,67214,6,1,0,0,3,1,74,175,0,0,0,0,2,7,2007,9,2009,1,36,0,0,0,1,2,30,1,1,1,1,40,3,1,6,1,1,4,14,1,1
20,200073,1,1,6,4,3,8,9,8,0,1,0,20,3,84,981,84981,50,2000,1HVBBAAP0YH2,1,H,V,B,B,A,A,P,0,Y,H,2,0,T,INTL,380,BU,0,17,,7,2760,1520,30S,D,,0,88,888888888,88888888888,3,21,22,1,0,0,0,0,1,0,0,998,0,0,0,2,2,9,3,8,0,0,0,1,20,66104,6,1,6,1,3,0,70,190,0,0,0,0,0,0,0,0,0,0,86,0,0,0,1,2,20,1,2,2,1,20,3,1,13,1,1,4,13,0,1
20,200074,1,1,8,7,3,3,59,33,0,1,0,20,2,20,401,20401,14,1998,1GNDT13W2W22,1,G,N,D,T,1,3,W,2,W,2,2,0,P,CHEV,BZR,UT,98,17,4046,,0,1070,,G,,0,0,000000000,00000000000,0,0,0,1,0,0,0,0,0,0,0,998,0,1,3,2,13,6,2,33,0,0,0,1,20,66106,0,0,0,0,0,0,999,999,99,99,99,99,99,99,9999,99,9999,1,0,0,0,0,2,4,30,2,6,2,1,0,0,14,87,6,1,4,8,1,1
20,200075,1,1,1,1,4,3,53,35,0,1,0,20,1,12,401,12401,14,1997,1FMDU35P9VUC,1,F,M,D,U,3,5,P,9,V,U,C,0,P,FORD,EPR,UT,97,17,4166,,0,1115,,G,,0,0,000000000,00000000000,0,0,0,1,0,0,0,0,0,0,0,998,0,1,5,1,13,6,2,1,0,0,0,1,20,66543,6,1,0,0,3,1,72,245,1,0,0,1,2,1,2008,10,2009,1,58,0,0,0,1,2,65,1,1,2,1,0,0,1,6,6,1,4,6,1,1
20,200076,1,1,2,2,4,2,13,33,0,1,0,20,2,20,481,20481,31,2003,2GCEC19X4311,2,G,C,E,C,1,9,X,4,3,1,1,0,T,CHEV,SC1,4C,3,17,,2,1575,1435,SIL,G,,0,0,000000000,00000000000,0,0,0,1,0,0,0,0,0,0,0,55,0,1,1,11,12,6,2,1,0,0,0,1,20,67219,0,0,0,0,0,0,999,999,99,99,99,99,99,99,9999,99,9999,1,0,0,0,0,1,2,35,1,1,1,1,0,0,1,6,1,1,4,1,1,1
20,200077,1,1,1,5,4,14,45,32,0,1,0,20,2,37,402,37402,14,1998,JHLRD1867WC0,J,H,L,R,D,1,8,6,7,W,C,0,0,P,HOND,CRV,UT,98,17,3155,,0,1032,,G,,0,0,000000000,00000000000,0,0,0,1,0,0,0,0,0,0,0,998,0,1,1,1,11,6,2,1,0,0,0,1,20,66061,6,1,0,0,3,0,74,155,0,0,0,0,0,0,0,0,0,1,0,0,0,0,2,2,40,1,1,2,1,0,0,1,12,1,1,4,6,1,1
20,200078,1,2,1,11,4,13,0,12,2,1,0,20,1,12,481,12481,31,1993,1FTHX26H5PKB,1,F,T,H,X,2,6,H,5,P,K,B,0,T,FORD,F25,PS,93,17,,2,0,1550,COF,G,,0,0,000000000,00000000000,0,0,0,1,0,0,0,0,0,0,0,998,0,0,0,12,12,6,2,12,0,0,0,1,20,66423,6,1,0,0,3,1,72,254,0,0,0,1,1,12,2009,3,2010,0,33,0,0,0,2,2,55,1,3,2,1,0,0,6,62,3,1,2,52,0,0
20,200078,2,2,1,11,4,13,0,12,2,1,0,20,1,37,705,37705,80,2008,JH2RC53048M1,J,H,2,R,C,5,3,0,4,8,M,1,0,M,HOND,V72,RS,8,17,,,,,,,745,0,0,000000000,00000000000,0,0,0,1,0,0,0,0,0,0,0,998,0,0,0,12,12,6,2,12,0,0,0,1,20,66614,6,1,0,0,3,0,69,185,0,0,0,0,0,0,0,0,0,0,0,0,0,0,2,2,55,1,3,2,1,0,0,1,54,1,1,1,52,1,0
20,200079,1,3,1,13,4,15,0,12,7,1,0,39,1,37,31,37031,4,2002,2HGES16152H5,2,H,G,E,S,1,6,1,5,2,H,5,0,P,HOND,UCD,4D,2,17,2471,,0,1031,,G,,0,0,000000000,00000000000,0,0,0,1,0,0,0,0,0,0,0,998,0,0,0,7,9,6,2,12,0,0,0,1,39,45036,6,1,0,0,3,1,62,120,0,0,0,0,0,0,0,0,0,0,33,0,0,0,2,2,65,1,1,1,1,0,0,6,10,1,1,2,46,1,0
20,200079,2,3,1,13,4,15,0,12,7,1,0,20,3,85,881,85881,66,2005,1XKDDB9X55J1,1,X,K,D,D,B,9,X,5,5,J,1,1,T,KW,T80,DS,5,17,,8,2600,1600,CON,D,,1,57,01786261,5701786261,3,6,98,1,0,0,0,0,0,0,0,998,0,0,0,1,1,2,9,12,0,0,0,1,20,67132,6,1,6,1,3,1,74,200,0,0,0,0,1,2,2010,2,2010,0,0,0,0,0,2,2,65,1,1,1,1,0,0,1,60,1,1,1,45,0,0
20,200079,3,3,1,13,4,15,0,12,7,1,0,20,1,23,421,23421,15,2002,1GKEK13Z02R2,1,G,K,E,K,1,3,Z,0,2,R,2,0,T,GMC,YUK,4W,2,17,,2,0,1160,YUK,F,,0,0,000000000,00000000000,0,0,0,1,0,0,0,0,0,0,0,998,0,0,0,12,12,6,2,12,0,0,0,1,20,67846,6,1,0,0,3,1,73,205,0,0,0,1,0,7,2007,7,2007,0,0,0,0,0,2,2,65,1,1,1,1,0,0,1,62,7,1,2,98,0,0
20,200080,1,1,1,14,4,16,0,35,0,1,0,20,2,2,404,2404,14,2000,1J4GW58S2YC1,1,J,4,G,W,5,8,S,2,Y,C,1,0,T,JEEP,LMT,4W,0,17,,1,0,1059,GCK,G,,0,0,000000000,00000000000,0,0,0,1,0,0,0,0,0,0,0,50,0,1,5,98,6,6,2,1,0,0,0,1,20,67530,6,1,0,0,3,1,66,120,0,0,0,0,0,0,0,0,0,1,0,0,0,0,1,2,55,1,1,4,1,0,0,1,6,6,4,4,7,1,0
20,200081,1,1,2,15,4,17,30,34,0,1,0,20,2,12,17,12017,4,2007,1FAFP53U17A2,1,F,A,F,P,5,3,U,1,7,A,2,0,P,FORD,TSE,4D,7,17,3307,,0,1085,,G,,0,0,000000000,00000000000,0,0,0,1,0,0,0,0,0,0,0,998,0,1,5,1,13,6,2,1,0,0,0,1,20,66102,6,1,0,0,3,0,65,130,0,0,0,0,0,0,0,0,0,1,0,0,0,0,1,2,55,1,2,4,1,0,0,1,6,1,1,4,1,1,0
20,200082,1,1,2,16,4,13,36,43,0,1,0,8,1,23,431,23431,16,1999,1GKFK16R0XJ8,1,G,K,F,K,1,6,R,0,X,J,8,0,T,GMC,KSU,4W,99,17,,2,0,1315,K15,G,,0,0,000000000,00000000000,0,0,0,1,0,0,0,0,0,0,0,998,0,1,5,12,4,6,2,1,0,0,0,1,8,80214,6,1,0,0,3,1,63,145,0,0,0,0,0,0,0,0,0,0,0,0,0,0,3,2,70,1,1,2,1,0,0,1,13,6,1,4,1,1,0
20,200083,1,1,1,17,4,12,43,38,0,1,0,20,1,24,7,24007,4,2004,1G8AW12F54Z1,1,G,8,A,W,1,2,F,5,4,Z,1,0,P,STRN,SI3,C4,4,17,2854,,0,1032,,G,,0,0,000000000,00000000000,0,0,0,1,0,0,0,0,0,0,0,998,0,0,0,2,82,6,2,42,0,0,0,1,20,67578,6,1,0,0,3,1,69,135,0,0,0,0,0,0,0,0,0,0,58,0,0,0,1,2,55,3,2,2,1,0,0,14,12,6,1,4,6,1,0
20,200084,1,3,1,21,4,13,4,12,8,1,0,20,4,12,481,12481,31,2010,1FTFX1EV8AFA,1,F,T,F,X,1,E,V,8,A,F,A,0,T,FORD,F15,4C,10,17,,2,1630,1330,COF,F,,0,0,000000000,00000000000,0,0,0,1,0,0,0,0,0,0,0,998,0,0,0,10,1,6,9,12,0,0,0,1,20,66956,6,1,0,0,3,0,73,200,0,0,0,0,0,0,0,0,0,0,0,0,0,0,2,2,65,1,1,2,1,0,0,1,55,1,1,2,66,1,1
20,200084,2,3,1,21,4,13,4,12,8,1,0,95,1,87,881,87881,66,2001,1XP5DB9X81D5,1,X,P,5,D,B,9,X,8,1,D,5,1,T,PTRB,379,DS,1,17,,8,0,0,CON,D,,1,57,92129,5792129,3,6,8,1,0,0,0,0,0,0,0,998,0,0,0,8,8,6,9,12,0,0,0,1,95,68959,6,1,6,0,3,1,999,999,99,99,99,99,99,99,9999,99,9999,0,0,0,0,0,2,2,65,1,1,2,1,0,0,1,62,7,1,2,66,0,1
20,200084,3,3,1,21,4,13,4,12,8,1,0,95,3,87,881,87881,66,2010,1XPXD49X9AD1,1,X,P,X,D,4,9,X,9,A,D,1,1,T,PTRB,389,DS,10,17,,8,0,0,CON,D,,1,57,581965,57581965,3,6,8,1,0,0,0,0,0,0,0,998,0,0,0,12,12,6,9,12,0,0,0,1,95,68959,6,1,6,0,3,1,999,999,99,99,99,99,99,99,9999,99,9999,0,0,0,0,0,2,2,65,1,1,2,1,0,0,1,62,1,1,1,98,0,1
20,200085,1,2,1,21,4,5,5,12,2,1,0,40,3,84,881,84881,66,2005,3HSCNAPR85N0,3,H,S,C,N,A,P,R,8,5,N,0,1,T,INTL,94I,DS,5,17,,8,0,0,940,D,,1,57,1235056,571235056,3,6,8,1,0,0,0,0,0,0,0,65,0,0,0,12,12,6,2,12,0,0,0,1,40,66012,6,1,6,1,3,0,72,240,0,0,0,0,0,0,0,0,0,0,0,0,0,0,2,2,65,1,1,1,1,0,0,1,62,3,1,2,51,0,1
20,200085,2,2,1,21,4,5,5,12,2,1,0,20,2,54,35,54035,4,2002,19UUA56802A0,1,9,U,U,A,5,6,8,0,2,A,0,0,P,ACUR,3TS,4D,2,17,3558,,0,1081,,G,,0,0,000000000,00000000000,0,0,0,1,0,0,0,0,0,0,0,998,0,0,0,12,12,6,2,2,0,0,1,1,20,66213,1,1,0,0,2,1,70,150,1,0,0,2,0,10,2009,11,2009,0,51,0,0,0,2,2,65,1,1,1,1,0,0,2,10,1,1,2,50,1,1