STATE,ST_CASE,VEH_NO,VE_FORMS,NUMOCCS,DAY,MONTH,HOUR,MINUTE,HARM_EV,MAN_COLL,UNITTYPE,HIT_RUN,REG_STAT,OWNER,MAKE,MODEL,MAK_MOD,BODY_TYP,MOD_YEAR,VIN,VIN_1,VIN_2,VIN_3,VIN_4,VIN_5,VIN_6,VIN_7,VIN_8,VIN_9,VIN_10,VIN_11,VIN_12,TOW_VEH,VINTYPE,VINMAKE,VINA_MOD,VIN_BT,VINMODYR,VIN_LNGT,VIN_WGT,WGTCD_TR,WHLBS_LG,WHLBS_SH,SER_TR,FUELCODE,MCYCL_DS,J_KNIFE,MCARR_I1,MCARR_I2,MCARR_ID,GVWR,V_CONFIG,CARGO_BT,HAZ_INV,HAZ_PLAC,HAZ_ID,HAZ_CNO,HAZ_REL,BUS_USE,SPEC_USE,EMER_USE,TRAV_SP,UNDERIDE,ROLLOVER,ROLINLOC,IMPACT1,IMPACT2,DEFORMED,TOWED,M_HARM,VEH_SC1,VEH_SC2,FIRE_EXP,DR_PRES,L_STATE,DR_ZIP,L_STATUS,L_TYPE,CDL_STAT,L_ENDORS,L_COMPL,L_RESTRI,DR_HGT,DR_WGT,PREV_ACC,PREV_SUS,PREV_DWI,PREV_SPD,PREV_OTH,FIRST_MO,FIRST_YR,LAST_MO,LAST_YR,SPEEDREL,DR_SF1,DR_SF2,DR_SF3,DR_SF4,VTRAFWAY,VNUM_LAN,VSPD_LIM,VALIGN,VPROFILE,VPAVETYP,VSURCOND,VTRAFCON,VTCONT_F,P_CRASH1,P_CRASH2,P_CRASH3,PCRASH4,PCRASH5,ACC_TYPE,DEATHS,DR_DRINK
20,200086,1,2,1,25,4,0,10,12,2,1,0,20,2,9,3,9003,4,1967,PM41F7419704,P,M,4,1,F,7,4,1,9,7,0,4,0,P,,,,,,,,,,,,,0,0,000000000,00000000000,0,0,0,1,0,0,0,0,0,0,0,998,0,0,0,12,11,6,2,12,0,0,0,1,48,66502,6,1,0,0,3,0,999,999,0,4,0,0,0,10,2007,3,2010,0,51,0,0,0,2,2,65,1,2,2,1,0,0,15,10,1,1,2,50,1,1
20,200086,2,2,4,25,4,0,10,12,2,1,0,20,1,12,481,12481,31,2001,1FTNW21F61EC,1,F,T,N,W,2,1,F,6,1,E,C,0,T,FORD,F2S,CW,1,17,,2,1724,1562,SRW,D,,0,0,000000000,00000000000,0,0,0,1,0,0,0,0,0,0,0,998,0,0,0,12,12,6,2,12,0,0,0,1,20,66861,6,1,0,0,3,0,73,190,0,0,0,0,0,0,0,0,0,0,0,0,0,0,2,2,65,1,2,2,1,0,0,1,62,1,1,2,51,0,0
20,200087,1,1,2,25,4,0,45,30,0,1,0,20,2,22,20,22020,2,1995,1G2WJ12X3SF2,1,G,2,W,J,1,2,X,3,S,F,2,0,P,PONT,GTP,CP,95,17,3275,,0,1075,,G,,0,0,000000000,00000000000,0,0,0,1,0,0,0,0,0,0,0,76,0,0,0,4,3,6,2,30,0,0,0,1,20,67801,6,1,0,0,3,0,75,160,1,0,0,0,0,12,2008,12,2008,0,51,0,0,0,1,2,50,1,2,2,1,0,0,1,13,6,1,4,1,1,1
20,200088,1,2,1,26,4,17,45,12,6,1,0,20,2,20,471,20471,30,1998,1GCDT19X8W82,1,G,C,D,T,1,9,X,8,W,8,2,0,T,CHEV,S14,PC,98,17,,1,0,1229,S,G,,0,0,000000000,00000000000,0,0,0,1,0,0,0,0,0,0,0,998,0,0,0,12,12,6,2,12,0,0,0,1,40,67853,6,1,0,0,3,1,65,150,0,0,0,0,0,0,0,0,0,0,38,39,0,0,1,2,55,1,1,4,1,21,3,1,55,1,1,2,88,1,1
20,200088,2,2,1,26,4,17,45,12,6,1,0,20,2,20,481,20481,31,1991,2GCFC29K2M11,2,G,C,F,C,2,9,K,2,M,1,1,0,T,CHEV,GC2,PC,91,17,,2,1555,1415,GM4,G,,0,0,000000000,00000000000,0,0,0,1,0,0,0,0,0,0,0,998,0,0,0,9,9,6,2,12,0,0,0,1,20,67853,6,1,0,0,3,1,72,180,1,0,0,0,0,8,2007,8,2007,0,0,0,0,0,1,2,55,1,1,4,1,0,0,1,66,1,1,2,89,1,1
20,200089,1,1,4,30,4,22,10,42,0,1,0,19,1,20,9,20009,2,2001,2G1FP22G2121,2,G,1,F,P,2,2,G,2,1,2,1,0,P,CHEV,Z28,CP,1,17,3439,,0,1011,,G,,0,0,000000000,00000000000,0,0,0,1,0,0,0,0,0,0,0,998,0,0,0,12,12,6,2,42,0,0,0,1,19,52641,6,1,0,0,3,0,73,176,0,0,0,2,1,2,2009,5,2009,1,36,0,0,0,1,2,30,1,1,4,1,0,0,1,6,1,1,4,6,1,1
20,200090,1,1,1,17,4,1,0,35,0,1,0,20,1,12,481,12481,31,2008,1FTPX14V78FC,1,F,T,P,X,1,4,V,7,8,F,C,0,T,FORD,F15,4C,8,17,,2,1630,1330,COF,F,,0,0,000000000,00000000000,0,0,0,1,0,0,0,0,0,0,0,998,0,1,5,11,13,6,2,1,0,0,0,1,20,67601,6,1,0,0,3,0,69,185,0,0,0,1,0,4,2010,4,2010,1,58,0,0,0,1,2,55,1,1,4,1,0,0,1,6,6,4,4,2,1,1
20,200091,1,2,1,18,4,13,36,12,2,1,0,20,1,2,404,2404,14,1991,1J4FJ78S9ML6,1,J,4,F,J,7,8,S,9,M,L,6,0,T,JEEP,LIM,4W,91,17,,1,0,1014,CHK,G,,0,0,000000000,00000000000,0,0,0,1,0,0,0,0,0,0,0,998,0,0,0,12,1,6,2,12,0,0,0,1,20,66052,6,1,0,0,3,0,63,104,1,0,0,0,0,12,2008,12,2008,0,51,0,0,0,2,2,65,1,1,2,1,0,0,1,10,1,1,2,50,0,0
20,200091,2,2,2,18,4,13,36,12,2,1,0,20,1,20,2,20002,4,2009,2G1WB57K2913,2,G,1,W,B,5,7,K,2,9,1,3,0,P,CHEV,IPL,4D,9,17,3555,,0,1105,,F,,0,0,000000000,00000000000,0,0,0,1,0,0,0,0,0,0,0,998,0,0,0,12,1,6,2,12,0,0,0,1,20,66012,6,1,0,0,3,1,65,220,0,0,0,0,0,0,0,0,0,0,0,0,0,0,2,2,65,1,1,2,1,0,0,1,62,1,1,1,51,1,0
20,200092,1,2,1,20,4,10,55,12,6,1,0,20,1,14,443,14443,20,1997,4M2DV1115VDJ,4,M,2,D,V,1,1,1,5,V,D,J,0,P,MERC,VLR,SV,97,17,0,,0,1122,,G,,0,0,000000000,00000000000,0,0,0,1,0,0,0,0,0,0,0,67,0,0,0,12,12,6,2,12,0,0,0,1,20,66762,6,1,0,0,3,0,68,165,0,0,0,0,0,0,0,0,0,0,0,0,0,0,2,4,65,1,1,2,1,0,0,1,55,3,1,1,88,0,0
20,200092,2,2,1,20,4,10,55,12,6,1,0,20,1,35,471,35471,30,1991,1N6SD11S9MC3,1,N,6,S,D,1,1,S,9,M,C,3,0,T,NISS,SWB,PK,91,17,,1,0,1043,TRK,G,,0,0,000000000,00000000000,0,0,0,1,0,0,0,0,0,0,0,998,0,0,0,10,9,6,2,12,0,0,0,1,20,66701,6,1,0,0,3,0,68,145,0,0,0,0,0,0,0,0,0,0,38,0,0,0,2,4,65,1,1,2,1,0,0,1,17,1,1,1,89,1,0
20,200093,1,1,3,21,4,23,50,32,0,1,0,20,2,12,481,12481,31,1989,1FTDF15Y9KLB,1,F,T,D,F,1,5,Y,9,K,L,B,0,T,FORD,F15,PK,89,17,,1,1330,1170,COF,G,,0,0,000000000,00000000000,0,0,0,1,0,0,0,0,0,0,0,998,0,0,0,12,12,6,2,42,0,0,0,1,20,66868,6,1,0,0,3,1,66,175,1,0,0,1,2,11,2008,5,2009,1,36,0,0,0,1,2,55,1,2,4,1,0,0,1,6,1,1,4,6,1,1
20,200094,1,1,2,3,4,18,33,42,0,1,0,20,1,29,399,29399,2,1998,CU1869600R10,C,U,1,8,6,9,6,0,0,R,1,0,0,U,,,,94,17,,,,,,,,0,0,000000000,00000000000,0,0,0,1,0,0,0,0,0,0,0,998,0,0,0,9,9,6,2,42,0,0,0,1,20,66109,6,1,0,0,3,0,70,150,0,0,0,0,0,0,0,0,0,0,8,36,0,0,1,2,30,1,2,2,1,0,0,1,5,1,1,4,6,1,0
20,200095,1,1,1,3,4,19,20,42,0,1,0,20,2,72,706,72706,80,1995,1HD4CEM18SY2,1,H,D,4,C,E,M,1,8,S,Y,2,0,M,HD,L8H,RS,95,17,,,,,,,883,0,0,000000000,00000000000,0,0,0,1,0,0,0,0,0,0,0,998,0,0,0,81,81,6,2,42,0,0,0,1,20,66056,6,1,0,0,3,0,67,210,0,0,0,0,0,0,0,0,0,1,0,0,0,0,1,2,30,2,9,1,1,0,0,14,6,1,1,4,6,1,1
20,200097,1,1,1,1,5,22,0,32,0,1,0,20,1,12,473,12473,30,2005,1FMZU77K45UB,1,F,M,Z,U,7,7,K,4,5,U,B,0,P,FORD,EPR,UT,5,17,4309,,0,1259,,F,,0,0,000000000,00000000000,0,0,0,1,0,0,0,0,0,0,0,998,0,1,5,12,11,6,2,1,0,0,0,1,20,66938,1,1,0,0,2,0,73,195,1,1,0,4,0,12,2008,4,2010,1,0,0,0,0,1,2,55,1,1,2,1,0,0,1,12,1,1,4,6,1,1
20,200098,1,1,1,1,5,22,30,32,0,1,0,20,2,7,43,7043,4,2002,1B3EL36X22N3,1,B,3,E,L,3,6,X,2,2,N,3,0,P,DODG,SSE,4D,2,17,3114,,0,1080,,G,,0,0,000000000,00000000000,0,0,0,1,0,0,0,0,0,0,0,998,0,0,0,6,9,6,2,32,0,0,0,1,20,67025,6,1,0,0,3,1,64,111,0,0,0,0,0,0,0,0,0,0,0,0,0,0,1,2,55,3,1,1,1,0,0,14,13,6,4,4,2,1,1
20,200099,1,1,4,18,2,23,7,1,0,1,0,20,1,22,16,22016,2,1999,1G2JB1244X75,1,G,2,J,B,1,2,4,4,X,7,5,0,P,PONT,SFS,CP,99,17,2630,,0,1041,,G,,0,0,000000000,00000000000,0,0,0,1,0,0,0,0,0,0,0,998,0,1,5,0,9,6,2,1,0,0,0,1,20,66749,1,1,0,0,2,0,72,130,0,0,0,0,0,0,0,0,0,0,0,0,0,0,1,2,55,3,1,2,1,0,0,14,13,6,4,4,2,1,1
20,200100,1,2,1,25,4,17,49,12,6,1,0,20,1,12,3,12003,2,1967,7R01C150948,7,R,0,1,C,1,5,0,9,4,8,,0,P,,,,,,,,,,,,,0,0,000000000,00000000000,0,0,0,1,0,0,0,0,0,0,0,52,0,1,1,11,10,6,2,12,0,0,0,1,20,66085,6,1,0,0,3,0,73,195,0,0,0,0,0,0,0,0,0,0,0,0,0,0,2,2,65,1,1,2,1,0,0,1,17,1,1,2,90,1,0
20,200100,2,2,1,25,4,17,49,12,6,1,0,20,2,20,881,20881,61,1963,3C653S205676,3,C,6,5,3,S,2,0,5,6,7,6,0,P,,,,,,,,,,,,,0,88,888888888,88888888888,2,1,97,1,0,0,0,0,0,0,0,998,0,0,0,98,98,6,2,12,0,0,0,1,20,66064,1,1,0,0,2,0,69,180,0,0,0,0,0,0,0,0,0,0,36,39,0,0,1,2,55,1,2,2,1,20,3,1,55,1,1,1,90,0,0
20,200101,1,2,1,27,4,7,48,12,6,1,0,20,1,20,36,20036,2,1995,2G1WW12M7S91,2,G,1,W,W,1,2,M,7,S,9,1,0,P,CHEV,MLS,CP,95,17,3276,,0,1075,,G,,0,0,000000000,00000000000,0,0,0,1,0,0,0,0,0,0,0,998,0,0,0,12,12,6,2,12,0,0,0,1,20,67510,6,1,6,0,3,0,69,190,1,0,0,0,0,8,2009,8,2009,0,0,0,0,0,1,2,55,1,1,2,1,0,0,1,55,1,1,1,88,0,0
20,200101,2,2,2,27,4,7,48,12,6,1,0,20,1,18,3,18003,4,2004,1G4CW54K7441,1,G,4,C,W,5,4,K,7,4,4,1,0,P,BUIC,PKA,4D,4,17,3778,,0,1138,,G,,0,0,000000000,00000000000,0,0,0,1,0,0,0,0,0,0,0,58,0,0,0,9,9,6,2,12,0,0,0,1,20,67570,6,1,0,0,3,1,66,140,0,0,0,0,0,0,0,0,0,0,38,39,0,0,1,2,55,1,1,2,1,20,3,1,17,1,1,1,89,2,0
20,200102,1,1,1,1,5,21,4,8,0,1,0,20,1,37,32,37032,2,1994,1HGCD7161RA0,1,H,G,C,D,7,1,6,1,R,A,0,0,P,HOND,AEX,CP,94,17,2853,,0,1069,,G,,0,0,000000000,00000000000,0,0,0,1,0,0,0,0,0,0,0,998,0,0,0,12,12,6,2,8,0,0,0,1,20,67203,6,1,0,0,3,0,67,190,0,0,0,0,0,0,0,0,0,0,0,0,0,0,2,4,30,1,1,1,1,0,0,1,80,1,1,1,13,0,0
20,200103,1,1,1,2,5,0,35,34,0,1,0,20,1,72,706,72706,80,1999,1HD1DDV12XY6,1,H,D,1,D,D,V,1,2,X,Y,6,0,M,HD,FHT,RS,99,17,,,,,,,1450,0,0,000000000,00000000000,0,0,0,1,0,0,0,0,0,0,0,998,0,0,0,1,1,6,2,1,0,0,0,1,20,66956,6,1,0,0,3,0,65,180,1,0,0,0,0,11,2008,11,2008,0,0,0,0,0,1,2,60,1,2,2,1,0,0,1,13,1,1,4,1,1,1
20,200104,1,1,1,2,5,17,10,1,0,1,0,20,1,76,705,76705,80,2008,JYARJ16EX8A0,J,Y,A,R,J,1,6,E,X,8,A,0,0,M,YAMA,R6L,RS,8,17,,,,,,,599,0,0,000000000,00000000000,0,0,0,1,0,0,0,0,0,0,0,998,0,0,0,0,9,6,2,1,0,0,0,1,20,66226,0,0,0,0,0,0,999,999,99,99,99,99,99,99,9999,99,9999,1,36,0,0,0,2,4,65,3,1,2,1,0,0,6,6,1,1,1,98,1,0
20,200105,1,2,1,3,4,21,53,8,0,1,0,20,1,21,20,21020,4,1992,1G3WH54T4ND3,1,G,3,W,H,5,4,T,4,N,D,3,0,P,OLDS,SUS,4D,92,17,3004,,0,1075,,G,,0,0,000000000,00000000000,0,0,0,1,0,0,0,0,0,0,0,35,0,0,0,12,12,4,3,8,0,0,0,1,20,67207,1,1,0,0,2,0,72,220,0,0,0,0,1,3,2008,3,2008,0,36,0,0,0,1,2,30,1,1,2,1,0,0,1,80,1,1,1,13,0,1
20,200105,2,2,1,3,4,21,53,8,0,1,1,99,9,20,36,20036,2,9999,999999999999,9,9,9,9,9,9,9,9,9,9,9,9,0,U,,,,9,17,,,,,,,,0,0,000000000,00000000000,0,0,0,1,0,0,0,0,0,0,0,998,0,0,0,12,12,9,9,8,0,0,0,1,99,99999,9,9,99,9,9,9,999,999,99,99,99,99,99,99,9999,99,9999,0,36,0,0,0,1,2,30,1,1,2,1,0,0,1,80,1,1,1,98,0,0
20,200106,1,2,4,4,5,14,5,12,8,1,0,20,1,7,422,7422,15,2005,1D4HB48D25F5,1,D,4,H,B,4,8,D,2,5,F,5,0,P,DODG,DUR,UT,5,17,4958,,0,1192,,G,,0,0,000000000,00000000000,0,0,0,1,0,0,0,0,0,0,0,998,0,0,0,4,4,6,2,12,0,0,1,1,20,67870,0,0,0,0,0,0,999,999,99,99,99,99,99,99,9999,99,9999,0,51,0,0,0,2,2,65,1,1,2,1,0,0,1,10,1,1,2,64,1,0
20,200106,2,2,1,4,5,14,5,12,8,1,0,20,3,87,881,87881,66,2001,1XP5DB9X91D5,1,X,P,5,D,B,9,X,9,1,D,5,1,T,PTRB,379,DS,1,17,,8,0,0,CON,D,,1,57,271955,57271955,3,6,2,1,0,0,0,0,0,0,0,998,0,0,0,2,2,6,2,12,0,0,0,1,20,67879,6,1,6,1,3,0,76,200,0,0,0,0,0,0,0,0,0,0,0,0,0,0,2,2,65,1,1,2,1,0,0,1,62,7,1,2,65,0,0
20,200107,1,2,1,3,5,8,45,12,6,1,0,20,1,12,442,12442,20,1998,2FMZA5148WBE,2,F,M,Z,A,5,1,4,8,W,B,E,0,T,FORD,WWG,ES,98,17,,1,0,1207,WIN,G,,0,0,000000000,00000000000,0,0,0,1,0,0,0,0,0,0,0,5,0,0,0,9,9,6,2,12,0,0,0,1,56,82410,1,1,0,0,2,0,72,130,0,0,0,0,0,0,0,0,0,0,0,0,0,0,2,4,40,1,1,1,1,20,3,1,17,1,1,2,89,1,0
20,200107,2,2,1,3,5,8,45,12,6,1,0,20,3,86,881,86881,66,2009,1M2AX04Y29M0,1,M,2,A,X,0,4,Y,2,9,M,0,1,T,MACK,GU7,DS,9,17,,8,0,0,700,D,,1,57,383895,57383895,3,6,2,1,0,0,0,0,0,0,0,40,0,0,0,11,11,2,9,12,0,0,0,1,20,67951,6,1,6,0,3,1,71,280,0,0,0,0,0,0,0,0,0,0,0,0,0,0,2,4,40,1,1,1,1,0,0,1,66,1,1,2,88,0,0
20,200108,1,2,1,7,5,7,12,12,1,1,0,17,3,82,883,82883,66,1997,1FUPBDYB9VL5,1,F,U,P,B,D,Y,B,9,V,L,5,1,T,FRHT,FLB,DS,97,17,,8,0,0,COE,D,,3,57,773524,57773524,3,6,1,1,0,0,0,0,0,0,0,50,0,0,0,12,1,6,2,12,0,0,0,1,20,66869,6,1,6,0,3,1,76,180,0,0,0,0,0,0,0,0,0,0,0,0,0,0,2,2,55,1,1,2,1,0,0,1,50,6,1,2,20,0,0
20,200108,2,2,1,7,5,7,12,12,1,1,0,20,1,20,481,20481,31,1998,1GCHK34R1WF0,1,G,C,H,K,3,4,R,1,W,F,0,0,T,CHEV,GK3,PK,98,17,,2,1595,1315,GM4,G,,0,0,000000000,00000000000,0,0,0,1,0,0,0,0,0,0,0,0,0,0,0,6,6,6,2,12,0,0,0,1,20,67530,6,1,6,0,3,0,70,215,0,0,0,0,0,0,0,0,0,0,0,0,0,0,1,2,55,1,1,2,1,0,0,5,18,1,1,2,21,1,0
20,200109,1,2,2,14,5,12,4,12,2,1,0,20,1,14,443,14443,20,1996,4M2DV11W3TDJ,4,M,2,D,V,1,1,W,3,T,D,J,0,P,MERC,VLR,SV,96,17,0,,0,1122,,G,,0,0,000000000,00000000000,0,0,0,1,0,0,0,0,0,0,0,998,0,0,0,12,12,6,2,12,0,0,0,1,20,67203,6,1,0,0,3,0,71,212,0,0,0,0,0,0,0,0,0,0,0,0,0,0,2,4,40,1,1,1,1,0,0,1,10,1,1,1,51,2,0
20,200109,2,2,2,14,5,12,4,12,2,1,0,20,1,35,401,35401,14,1999,JN8AR05Y4XW2,J,N,8,A,R,0,5,Y,4,X,W,2,0,P,NISS,PFI,UT,99,17,3826,,0,1063,,G,,0,0,000000000,00000000000,0,0,0,1,0,0,0,0,0,0,0,998,0,0,0,12,12,6,2,12,0,0,0,1,20,67204,1,1,0,0,2,0,72,240,0,0,0,0,0,0,0,0,0,0,51,0,0,0,2,4,40,1,1,1,1,0,0,1,62,1,1,2,50,0,0
20,200110,1,2,1,14,5,13,47,12,6,1,0,20,1,12,3,12003,2,2006,1ZVHT85H8651,1,Z,V,H,T,8,5,H,8,6,5,1,0,P,FORD,MGT,CV,6,17,3613,,0,1071,,G,,0,0,000000000,00000000000,0,0,0,1,0,0,0,0,0,0,0,998,0,0,0,9,9,6,2,12,0,0,0,1,20,67301,6,1,0,0,3,1,69,185,0,0,0,1,0,12,2009,12,2009,0,38,0,0,0,1,2,65,1,1,2,1,20,3,1,17,1,1,2,89,1,0
20,200110,2,2,1,14,5,13,47,12,6,1,0,29,3,87,881,87881,66,2007,1XPHDB9X17N7,1,X,P,H,D,B,9,X,1,7,N,7,1,T,PTRB,386,DS,7,17,,8,0,0,CON,D,,1,57,452325,57452325,3,6,4,1,0,0,0,0,0,0,0,998,0,0,0,12,12,6,2,12,0,0,0,1,29,65722,6,1,6,0,3,0,75,250,0,0,0,0,0,0,0,0,0,0,0,0,0,0,2,4,65,1,2,2,1,0,0,1,55,6,1,1,88,0,0
20,200111,1,2,1,18,5,15,42,32,0,1,0,20,2,23,481,23481,31,2004,1GTEK19T04E3,1,G,T,E,K,1,9,T,0,4,E,3,0,T,GMC,NK1,4C,4,17,,2,1575,1435,SIE,G,,0,0,000000000,00000000000,0,0,0,1,0,0,0,0,0,0,0,998,0,1,5,10,10,6,2,1,0,0,0,1,20,67107,6,1,0,0,3,0,66,120,0,0,0,4,1,8,2007,5,2009,1,36,39,0,0,2,4,65,2,2,2,1,40,3,14,12,1,1,4,6,1,0
20,200111,2,2,1,18,5,15,42,32,0,1,0,20,1,12,481,12481,31,2001,1FTNW21S41EB,1,F,T,N,W,2,1,S,4,1,E,B,0,T,FORD,F2S,CW,1,17,,2,1724,1562,SRW,G,,0,0,000000000,00000000000,0,0,0,1,0,0,0,0,0,0,0,998,0,0,0,12,13,2,1,54,0,0,0,1,20,67546,6,1,0,0,3,1,68,175,0,0,0,0,0,0,0,0,0,0,92,0,0,0,2,4,65,1,2,2,1,0,0,1,54,1,1,1,98,0,0
20,200112,1,2,1,19,5,1,39,12,1,1,0,20,1,37,32,37032,4,1991,1HGCB7641MA1,1,H,G,C,B,7,6,4,1,M,A,1,0,P,HOND,ADL,4D,91,17,2392,,0,1071,,G,,0,0,000000000,00000000000,0,0,0,1,0,0,0,0,0,0,0,0,0,0,0,6,6,6,2,12,0,0,0,1,20,67211,6,1,0,0,3,1,65,156,2,0,0,0,0,2,2010,2,2010,0,45,0,0,0,3,6,60,1,1,1,2,0,0,7,3,1,1,1,21,1,0
20,200112,2,2,1,19,5,1,39,12,1,1,0,20,1,7,442,7442,20,2006,1D4GP25B86B6,1,D,4,G,P,2,5,B,8,6,B,6,0,P,DODG,CAR,SV,6,17,3821,,0,1133,,G,,0,0,000000000,00000000000,0,0,0,1,0,0,0,0,0,0,0,60,0,0,0,12,12,6,2,12,0,0,0,1,20,67214,6,1,6,0,3,0,72,250,0,0,0,1,0,8,2007,8,2007,0,0,0,0,0,3,6,60,1,1,1,2,0,0,1,50,8,1,2,20,0,0
20,200113,1,1,3,19,5,2,30,1,0,1,0,20,2,12,481,12481,31,2000,1FTPX18L7YNA,1,F,T,P,X,1,8,L,7,Y,N,A,0,T,FORD,F15,4C,0,17,,2,1574,1388,COF,G,,0,0,000000000,00000000000,0,0,0,1,0,0,0,0,0,0,0,998,0,1,2,0,13,6,2,1,0,0,0,1,20,66087,6,1,0,0,3,0,69,220,1,0,0,0,0,9,2008,9,2008,0,58,0,0,0,1,2,55,1,2,4,1,0,0,1,13,6,1,4,1,1,1
20,200114,1,1,1,19,5,20,50,53,0,1,0,20,2,20,2,20002,4,1978,1N69U8J17472,1,N,6,9,U,8,J,1,7,4,7,2,0,P,,,,,,,,,,,,,0,0,000000000,00000000000,0,0,0,1,0,0,0,0,0,0,0,998,0,0,0,9,9,6,2,30,0,0,0,1,20,66104,0,0,0,0,0,0,74,190,0,0,0,0,0,0,0,0,0,1,87,0,0,0,1,2,35,1,2,2,2,0,0,1,6,7,3,4,2,1,0
20,200115,1,1,1,20,5,17,15,38,0,1,0,20,1,12,17,12017,4,1996,1FALP52U6TG2,1,F,A,L,P,5,2,U,6,T,G,2,0,P,FORD,TAG,4D,96,17,3347,,0,1085,,G,,0,0,000000000,00000000000,0,0,0,1,0,0,0,0,0,0,0,70,0,1,5,12,12,6,2,1,0,0,0,1,20,67152,6,1,6,0,3,0,65,150,0,0,0,0,0,0,0,0,0,0,0,0,0,0,3,4,70,1,2,2,1,0,0,1,13,1,1,4,1,1,1
20,200117,1,1,1,21,5,14,57,1,0,1,0,20,1,72,706,72706,80,1995,1HD1DDL19SY6,1,H,D,1,D,D,L,1,9,S,Y,6,0,M,HD,FHT,RS,95,17,,,,,,,1340,0,0,000000000,00000000000,0,0,0,1,0,0,0,0,0,0,0,998,0,0,0,0,12,6,2,43,0,0,0,1,40,73012,6,1,0,0,3,1,999,999,99,99,99,99,99,99,9999,99,9999,0,0,0,0,0,3,4,70,3,1,2,1,0,0,14,13,1,1,4,1,1,0
20,200118,1,5,4,22,5,14,55,12,6,1,0,20,1,20,481,20481,31,2001,2GCEK19T6112,2,G,C,E,K,1,9,T,6,1,1,2,0,T,CHEV,SK1,4C,1,17,,2,1575,1435,SIL,G,,0,0,000000000,00000000000,0,0,0,1,0,0,0,0,0,0,0,55,0,0,0,3,3,6,2,12,0,0,0,1,20,66087,6,1,6,0,3,0,74,350,0,0,0,0,0,0,0,0,0,0,39,0,0,0,5,2,55,1,1,2,1,20,3,1,17,1,3,2,87,2,0
20,200118,2,5,1,22,5,14,55,12,6,1,0,20,1,23,421,23421,15,1996,1GKEK13R9TJ7,1,G,K,E,K,1,3,R,9,T,J,7,0,T,GMC,YUK,4W,96,17,,2,0,1175,YUK,G,,0,0,000000000,00000000000,0,0,0,1,0,0,0,0,0,0,0,65,0,0,0,12,12,6,2,12,0,0,0,1,20,66012,6,1,0,0,3,1,68,240,0,0,0,0,0,0,0,0,0,0,0,0,0,0,5,2,65,1,1,2,1,0,0,1,55,1,1,1,86,0,1
20,200118,3,5,3,22,5,14,55,12,6,1,0,20,2,49,401,49401,14,1995,JT3VN39W2S02,J,T,3,V,N,3,9,W,2,S,0,2,0,P,TOYT,RUN,UT,95,17,4105,,0,1033,,G,,0,0,000000000,00000000000,0,0,0,1,0,0,0,0,0,0,0,5,0,0,0,12,12,6,2,12,0,0,0,1,20,66086,6,1,0,0,3,0,73,205,0,0,0,0,0,0,0,0,0,0,0,0,0,0,9,2,99,1,1,2,1,0,0,1,78,1,1,1,98,0,0
20,200118,4,5,2,22,5,14,55,12,6,1,0,20,1,72,706,72706,80,2004,1HD1FCW124Y6,1,H,D,1,F,C,W,1,2,4,Y,6,0,M,HD,FLU,RS,4,17,,,,,,,1450,0,0,000000000,00000000000,0,0,0,1,0,0,0,0,0,0,0,998,0,0,0,12,12,6,2,12,0,0,0,1,20,66066,6,1,6,0,3,1,72,200,0,0,0,0,0,0,0,0,0,0,0,0,0,0,9,2,99,1,1,2,1,0,0,1,78,1,1,1,98,0,0
20,200118,5,5,1,22,5,14,55,12,6,1,0,39,2,20,16,20016,2,2003,1G1JC12F6372,1,G,1,J,C,1,2,F,6,3,7,2,0,P,CHEV,CAV,CP,3,17,2617,,0,1041,,G,,0,0,000000000,00000000000,0,0,0,1,0,0,0,0,0,0,0,998,0,0,0,12,12,6,2,12,0,0,0,1,39,43512,6,1,0,0,3,0,68,145,0,0,0,0,0,0,0,0,0,0,0,0,0,0,9,2,99,1,1,2,1,0,0,1,78,1,1,2,98,0,0
20,200119,1,1,1,22,5,17,30,1,0,1,0,20,1,19,17,19017,4,2001,W06VR54R01R0,W,0,6,V,R,5,4,R,0,1,R,0,0,P,CADI,CTS,4D,1,17,3770,,0,1075,,G,,0,0,000000000,00000000000,0,0,0,1,0,0,0,0,0,0,0,998,0,9,5,0,99,6,2,1,0,0,0,1,20,66076,6,1,0,0,3,0,70,180,0,1,0,0,1,7,2008,4,2010,1,58,0,0,0,1,2,55,1,3,2,1,0,0,17,54,6,1,4,8,1,1
20,200120,1,1,3,25,5,20,40,35,0,1,0,20,2,6,16,6016,1,1994,1C3EU4539RF1,1,C,3,E,U,4,5,3,9,R,F,1,0,P,CHRY,LLG,CV,94,17,3122,,0,1006,,G,,0,0,000000000,00000000000,0,0,0,1,0,0,0,0,0,0,0,998,0,1,5,1,13,6,2,1,0,0,0,1,20,66090,6,1,0,0,3,0,71,184,0,0,0,0,0,0,0,0,0,1,0,0,0,0,1,2,55,1,2,4,1,0,0,1,6,1,4,4,2,1,0