STATE,ST_CASE,VEH_NO,VE_FORMS,NUMOCCS,DAY,MONTH,HOUR,MINUTE,HARM_EV,MAN_COLL,UNITTYPE,HIT_RUN,REG_STAT,OWNER,MAKE,MODEL,MAK_MOD,BODY_TYP,MOD_YEAR,VIN,VIN_1,VIN_2,VIN_3,VIN_4,VIN_5,VIN_6,VIN_7,VIN_8,VIN_9,VIN_10,VIN_11,VIN_12,TOW_VEH,VINTYPE,VINMAKE,VINA_MOD,VIN_BT,VINMODYR,VIN_LNGT,VIN_WGT,WGTCD_TR,WHLBS_LG,WHLBS_SH,SER_TR,FUELCODE,MCYCL_DS,J_KNIFE,MCARR_I1,MCARR_I2,MCARR_ID,GVWR,V_CONFIG,CARGO_BT,HAZ_INV,HAZ_PLAC,HAZ_ID,HAZ_CNO,HAZ_REL,BUS_USE,SPEC_USE,EMER_USE,TRAV_SP,UNDERIDE,ROLLOVER,ROLINLOC,IMPACT1,IMPACT2,DEFORMED,TOWED,M_HARM,VEH_SC1,VEH_SC2,FIRE_EXP,DR_PRES,L_STATE,DR_ZIP,L_STATUS,L_TYPE,CDL_STAT,L_ENDORS,L_COMPL,L_RESTRI,DR_HGT,DR_WGT,PREV_ACC,PREV_SUS,PREV_DWI,PREV_SPD,PREV_OTH,FIRST_MO,FIRST_YR,LAST_MO,LAST_YR,SPEEDREL,DR_SF1,DR_SF2,DR_SF3,DR_SF4,VTRAFWAY,VNUM_LAN,VSPD_LIM,VALIGN,VPROFILE,VPAVETYP,VSURCOND,VTRAFCON,VTCONT_F,P_CRASH1,P_CRASH2,P_CRASH3,PCRASH4,PCRASH5,ACC_TYPE,DEATHS,DR_DRINK
20,200221,3,3,1,11,6,20,31,12,6,1,0,20,1,37,31,37031,4,2004,JHMES26704S0,J,H,M,E,S,2,6,7,0,4,S,0,0,P,HOND,UAX,4D,4,17,2668,,0,1031,,G,,0,0,000000000,00000000000,0,0,0,1,0,0,0,0,0,0,0,0,0,0,0,11,11,2,9,12,0,0,0,1,20,67448,6,1,0,0,3,1,67,210,0,0,0,4,0,3,2008,3,2010,0,0,0,0,0,1,2,35,1,1,2,1,20,3,5,68,1,1,2,98,0,0
20,200222,1,1,1,27,6,22,0,38,0,1,0,20,1,38,402,38402,14,1996,4S2CM58V0T43,4,S,2,C,M,5,8,V,0,T,4,3,0,P,ISU,ROD,UT,96,17,0,,0,1087,,G,,0,0,000000000,00000000000,0,0,0,1,0,0,0,0,0,0,0,998,0,1,5,12,9,6,2,1,0,0,0,1,20,67455,6,1,0,0,3,0,71,200,0,0,0,0,0,0,0,0,0,0,39,0,0,0,1,2,55,3,1,4,1,0,0,14,12,7,1,4,6,1,1
20,200223,1,1,1,22,7,4,0,32,0,1,0,20,1,12,481,12481,31,2005,1FTPW14595FB,1,F,T,P,W,1,4,5,9,5,F,B,0,T,FORD,F1S,CW,5,17,,2,1450,1260,COF,G,,0,0,000000000,00000000000,0,0,0,1,0,0,0,0,0,0,0,998,0,1,5,12,12,6,2,1,0,0,0,1,20,67901,6,1,0,0,3,0,65,145,0,0,0,1,0,6,2010,6,2010,0,0,0,0,0,1,2,55,1,1,2,1,0,0,1,13,1,1,4,1,1,1
20,200224,1,2,2,29,7,14,55,12,6,1,0,20,2,20,401,20401,14,2001,1GNDT13WX122,1,G,N,D,T,1,3,W,X,1,2,2,0,P,CHEV,BZR,UT,1,17,4133,,0,1070,,G,,0,0,000000000,00000000000,0,0,0,1,0,0,0,0,0,0,0,60,0,0,0,8,8,6,9,12,0,0,0,1,20,67005,6,1,0,0,3,0,71,380,0,0,0,0,0,0,0,0,0,0,87,92,0,0,1,2,65,1,1,2,2,0,0,1,5,1,1,2,64,1,0
20,200224,2,2,2,29,7,14,55,12,6,1,0,20,1,20,421,20421,15,2007,1GNFC13057R3,1,G,N,F,C,1,3,0,5,7,R,3,0,P,CHEV,CTA,UT,7,17,5443,,0,1160,,F,,0,0,000000000,00000000000,0,0,0,1,0,0,0,0,0,0,0,55,0,0,0,12,12,6,9,12,0,0,0,1,20,67110,6,1,0,0,3,0,65,120,1,0,0,2,0,1,2008,6,2010,0,0,0,0,0,1,2,55,1,2,2,2,0,0,1,54,1,1,2,65,0,0
20,200225,1,3,3,25,7,22,45,12,8,1,0,20,2,24,7,24007,4,2005,1G8AL54F75Z1,1,G,8,A,L,5,4,F,7,5,Z,1,0,P,STRN,SI3,4D,5,17,2831,,0,1032,,G,,0,0,000000000,00000000000,0,0,0,1,0,0,0,0,0,0,0,998,0,0,0,2,12,6,2,12,0,0,0,1,20,67220,1,1,0,0,2,1,70,150,0,0,0,0,2,6,2009,6,2009,1,33,0,0,0,5,5,40,1,1,2,2,1,3,6,54,1,1,2,64,0,1
20,200225,2,3,2,25,7,22,45,12,8,1,0,20,2,13,13,13013,4,2008,3LNHM26T28R6,3,L,N,H,M,2,6,T,2,8,R,6,0,P,LINC,MKZ,4D,8,17,3469,,0,1074,,G,,0,0,000000000,00000000000,0,0,0,1,0,0,0,0,0,0,0,998,0,0,0,9,9,2,1,12,0,0,0,1,20,67214,1,1,0,0,2,0,69,160,0,0,0,0,1,1,2010,1,2010,0,0,0,0,0,5,5,40,1,1,2,2,1,3,1,62,1,1,2,65,0,0
20,200225,3,3,3,25,7,22,45,12,8,1,0,20,2,35,43,35043,4,1992,JN1EB31PXNU1,J,N,1,E,B,3,1,P,X,N,U,1,0,P,NISS,SEN,4D,92,17,2288,,0,956,,G,,0,0,000000000,00000000000,0,0,0,1,0,0,0,0,0,0,0,998,0,0,0,11,11,6,2,12,0,0,0,1,20,67140,6,1,0,0,3,0,66,120,0,0,0,0,0,0,0,0,0,0,0,0,0,0,5,5,40,1,1,2,2,0,0,1,62,1,1,2,98,1,0
20,200226,1,3,1,16,8,16,38,12,7,1,0,20,1,76,705,76705,80,2000,JYARJ04E2YA0,J,Y,A,R,J,0,4,E,2,Y,A,0,0,M,YAMA,R6L,RS,0,17,,,,,,,599,0,0,000000000,00000000000,0,0,0,1,0,0,0,0,0,0,0,998,0,0,0,10,3,6,2,12,0,0,0,1,20,67208,6,1,0,0,3,0,73,165,0,1,0,3,3,8,2009,4,2010,0,36,0,0,0,2,4,50,1,1,1,1,0,0,1,60,1,1,2,45,1,0
20,200226,2,3,1,16,8,16,38,12,7,1,0,20,1,20,481,20481,31,2007,1GCEC14X47Z1,1,G,C,E,C,1,4,X,4,7,Z,1,0,T,CHEV,SC1,PK,7,17,,2,1330,1190,SIL,G,,0,0,000000000,00000000000,0,0,0,1,0,0,0,0,0,0,0,998,0,0,0,1,1,2,3,12,0,0,0,1,20,67147,6,1,0,0,3,0,75,200,0,0,0,0,0,0,0,0,0,0,27,0,0,0,2,4,50,1,1,1,1,0,0,15,51,1,1,2,46,0,0
20,200226,3,3,1,16,8,16,38,12,7,1,0,20,1,23,471,23471,30,2003,1GTCS19X8382,1,G,T,C,S,1,9,X,8,3,8,2,0,T,GMC,SON,3C,3,17,,1,0,1229,SON,G,,0,0,000000000,00000000000,0,0,0,1,0,0,0,0,0,0,0,998,0,0,0,4,4,2,4,12,0,0,0,1,20,67235,6,1,0,0,3,0,68,170,0,0,0,0,0,0,0,0,0,0,0,0,0,0,2,4,50,1,1,1,1,0,0,1,61,1,1,2,98,0,0
20,200227,1,3,1,5,8,16,45,12,6,1,0,29,2,37,32,37032,4,2010,1HGCP2F35AA0,1,H,G,C,P,2,F,3,5,A,A,0,0,P,HOND,ULX,4D,10,17,3269,,0,1102,,G,,0,0,000000000,00000000000,0,0,0,1,0,0,0,0,0,0,0,35,0,0,0,12,12,6,2,12,0,0,0,1,6,66202,6,1,0,0,3,1,999,999,99,99,99,99,99,99,9999,99,9999,0,0,0,0,0,2,4,35,1,1,2,1,0,0,1,17,1,1,2,83,0,0
20,200227,2,3,2,5,8,16,45,12,6,1,0,20,1,14,17,14017,6,2004,1MEFM58U04A6,1,M,E,F,M,5,8,U,0,4,A,6,0,P,MERC,SGS,SW,4,17,3514,,0,1085,,G,,0,0,000000000,00000000000,0,0,0,1,0,0,0,0,0,0,0,998,0,0,0,3,12,6,2,12,0,0,0,1,20,66202,6,1,0,0,3,0,999,999,99,99,99,99,99,99,9999,99,9999,0,38,0,0,0,1,2,35,1,1,2,1,20,3,11,15,1,1,2,82,1,0
20,200227,3,3,2,5,8,16,45,12,6,1,0,20,1,37,402,37402,14,2002,JHLRD78822C0,J,H,L,R,D,7,8,8,2,2,C,0,0,P,HOND,CRV,UT,2,17,3347,,0,1031,,G,,0,0,000000000,00000000000,0,0,0,1,0,0,0,0,0,0,0,0,0,0,0,12,11,6,2,12,0,0,0,1,20,66202,6,1,0,0,3,1,66,150,0,0,0,1,0,2,2008,2,2008,0,0,0,0,0,2,4,35,1,1,2,1,0,0,5,55,1,1,2,98,0,0
20,200228,1,1,1,6,8,7,12,43,0,1,0,20,1,20,19,20019,4,1991,1G1LT53G5MY1,1,G,1,L,T,5,3,G,5,M,Y,1,0,P,CHEV,COL,4D,91,17,2569,,0,1034,,G,,0,0,000000000,00000000000,0,0,0,1,0,0,0,0,0,0,0,998,0,0,0,99,12,6,2,2,0,0,1,1,48,67016,6,1,0,0,3,0,999,999,99,99,99,99,99,99,9999,99,9999,0,80,0,0,0,1,2,55,1,1,2,1,0,0,1,13,1,1,4,1,1,0
20,200229,1,1,2,30,8,13,45,35,0,1,0,40,1,19,22,19022,4,2006,1G6KD57Y46U1,1,G,6,K,D,5,7,Y,4,6,U,1,0,P,CADI,TDS,4D,6,17,4009,,0,1156,,G,,0,0,000000000,00000000000,0,0,0,1,0,0,0,0,0,0,0,998,0,0,0,12,14,6,2,35,0,0,0,1,40,74631,6,1,0,0,3,1,68,166,0,0,0,0,0,0,0,0,0,0,0,0,0,0,1,2,55,1,1,2,1,0,0,1,13,1,1,4,1,1,0
20,200230,1,1,1,14,8,0,55,23,0,1,0,20,2,12,17,12017,6,2002,1FAHP56S82G1,1,F,A,H,P,5,6,S,8,2,G,1,0,P,FORD,TEL,4D,2,17,3408,,0,1085,,G,,0,0,000000000,00000000000,0,0,0,1,0,0,0,0,0,0,0,998,0,0,0,1,9,6,2,35,0,0,0,1,20,66938,6,1,0,0,3,0,66,179,0,0,0,0,0,0,0,0,0,0,51,0,0,0,1,2,55,1,1,2,1,0,0,1,12,1,1,4,6,1,1
20,200231,1,1,1,15,8,1,33,23,0,1,0,20,1,7,881,7881,61,2005,3D7MR48CX5G7,3,D,7,M,R,4,8,C,X,5,G,7,0,T,DODG,SQ3,CW,5,17,,3,0,1600,RPC,D,,0,88,888888888,88888888888,2,1,96,1,0,0,0,0,0,0,0,998,0,0,0,11,11,6,2,23,0,0,0,1,20,67127,6,1,0,0,3,0,74,260,1,0,0,0,0,9,2009,9,2009,0,51,0,0,0,1,2,65,1,1,2,1,0,0,1,12,1,1,4,6,1,1
20,200232,1,2,2,16,8,2,20,12,6,1,0,20,2,20,403,20403,14,2005,1GNES16S0562,1,G,N,E,S,1,6,S,0,5,6,2,0,P,CHEV,TRL,UT,5,17,4773,,0,1290,,G,,0,0,000000000,00000000000,0,0,0,1,0,0,0,0,0,0,0,998,0,0,0,1,1,6,2,12,0,0,0,1,20,66842,6,1,0,0,3,0,72,185,0,0,0,0,0,0,0,0,0,0,0,0,0,0,2,2,70,1,1,2,1,0,0,1,17,6,1,2,88,0,0
20,200232,2,2,1,16,8,2,20,12,6,1,0,20,1,52,34,52034,4,2004,4A3AB36F34E0,4,A,3,A,B,3,6,F,3,4,E,0,0,P,MITS,ELM,4D,4,17,3351,,0,1083,,G,,0,0,000000000,00000000000,0,0,0,1,0,0,0,0,0,0,0,998,0,0,0,11,11,6,2,12,0,0,0,1,20,67220,6,1,0,0,3,1,67,160,1,0,0,2,1,2,2008,9,2008,0,39,0,0,0,1,2,55,1,1,2,1,20,3,1,55,1,1,2,89,1,1
20,200233,1,2,1,19,8,8,20,12,2,1,0,20,1,12,13,12013,4,1998,1FALP13P7WW1,1,F,A,L,P,1,3,P,7,W,W,1,0,P,FORD,ESS,4D,98,17,2468,,0,984,,G,,0,0,000000000,00000000000,0,0,0,1,0,0,0,0,0,0,0,998,0,0,0,12,12,6,2,12,0,0,0,1,20,66047,1,1,0,0,2,0,65,135,0,0,0,0,1,5,2010,5,2010,0,51,0,0,0,2,4,70,1,2,2,1,0,0,1,10,1,1,2,50,1,0
20,200233,2,2,1,19,8,8,20,12,2,1,0,20,3,82,881,82881,60,1999,4UZA4FF47XCB,4,U,Z,A,4,F,F,4,7,X,C,B,0,T,FRHT,MWV,IC,99,17,,4,0,0,CHA,D,,0,57,86876,5786876,2,1,1,1,0,0,0,0,0,0,0,998,0,0,0,12,12,6,2,12,0,0,0,1,29,64116,6,1,6,0,3,0,72,205,0,0,0,1,0,9,2009,9,2009,0,0,0,0,0,2,4,70,1,2,2,1,0,0,1,62,99,1,2,51,0,0
20,200234,1,2,1,20,8,12,31,12,2,1,0,20,3,12,461,12461,21,2000,1FTRE14L2YHB,1,F,T,R,E,1,4,L,2,Y,H,B,0,T,FORD,15V,CG,0,17,,2,0,1380,VAN,G,,0,0,000000000,00000000000,0,0,0,1,0,0,0,0,0,0,0,998,0,0,0,12,11,6,2,12,0,0,0,1,20,66451,6,1,0,0,3,1,68,184,0,0,0,0,0,0,0,0,0,0,0,0,0,0,1,2,65,2,2,2,1,0,0,14,10,1,1,2,50,0,0
20,200234,2,2,3,20,8,12,31,12,2,1,0,20,1,18,2,18002,4,1999,1G4HR52K2XH4,1,G,4,H,R,5,2,K,2,X,H,4,0,P,BUIC,LLF,4D,99,17,3468,,0,1108,,G,,0,0,000000000,00000000000,0,0,0,1,0,0,0,0,0,0,0,998,0,0,0,12,11,6,2,12,0,0,0,1,20,67665,6,1,0,0,3,1,63,225,0,0,0,0,0,0,0,0,0,0,0,0,0,0,1,2,65,3,2,2,1,0,0,14,62,1,1,2,51,2,0
20,200235,1,1,1,20,8,17,31,31,0,1,0,20,1,21,21,21021,4,2000,1G3NL52T4YC3,1,G,3,N,L,5,2,T,4,Y,C,3,0,P,OLDS,A/G,4D,0,17,3022,,0,1070,,G,,0,0,000000000,00000000000,0,0,0,1,0,0,0,0,0,0,0,998,0,1,5,12,9,6,2,1,0,0,0,1,20,66210,6,1,0,0,3,1,68,220,0,0,0,0,0,0,0,0,0,1,87,0,0,0,3,6,70,1,2,1,2,0,0,1,6,1,1,4,1,1,0
20,200236,1,1,4,21,8,19,45,1,0,1,0,20,1,20,481,20481,31,1987,1GCEV14K9HF3,1,G,C,E,V,1,4,K,9,H,F,3,0,T,CHEV,V10,PK,87,17,,2,1315,1175,V10,G,,0,0,000000000,00000000000,0,0,0,1,0,0,0,0,0,0,0,998,0,1,5,0,14,6,2,1,0,0,0,1,20,67333,6,1,0,0,3,0,74,180,0,0,0,0,0,0,0,0,0,0,58,0,0,0,1,2,55,1,2,4,1,0,0,1,13,6,1,4,1,1,0
20,200237,1,1,1,21,8,6,35,35,0,1,0,20,1,2,404,2404,14,1993,1J4GZ58S5PC1,1,J,4,G,Z,5,8,S,5,P,C,1,0,T,JEEP,LRO,4W,93,17,,1,0,1059,GCK,G,,0,0,000000000,00000000000,0,0,0,1,0,0,0,0,0,0,0,998,0,1,5,12,12,6,2,1,0,0,0,1,20,67213,6,1,0,0,3,0,71,241,0,0,0,1,0,8,2010,8,2010,0,58,0,0,0,2,4,65,1,1,2,1,0,0,1,12,1,1,4,6,1,1
20,200238,1,1,1,23,8,1,0,34,0,1,0,20,1,72,706,72706,80,2001,1HD1CGP121K1,1,H,D,1,C,G,P,1,2,1,K,1,0,M,HD,20C,RS,1,17,,,,,,,1200,0,0,000000000,00000000000,0,0,0,1,0,0,0,0,0,0,0,998,0,0,0,99,99,6,2,34,0,0,0,1,20,67661,1,1,0,0,2,0,68,195,1,0,0,0,1,11,2008,12,2008,1,0,0,0,0,1,2,65,3,1,2,1,0,0,14,6,1,1,4,1,1,1
20,200239,1,1,1,23,8,1,0,34,0,1,0,20,1,72,706,72706,80,2007,1HD1GX4167K3,1,H,D,1,G,X,4,1,6,7,K,3,0,M,HD,FXI,RS,7,17,,,,,,,1584,0,0,000000000,00000000000,0,0,0,1,0,0,0,0,0,0,0,998,0,0,0,99,99,6,2,34,0,0,0,1,20,67661,6,1,0,0,3,1,69,200,0,0,0,0,0,0,0,0,0,1,0,0,0,0,1,2,65,3,1,2,1,0,0,14,6,1,1,4,1,1,1
20,200240,1,2,2,24,8,16,7,12,6,1,0,20,1,12,13,12013,4,1998,1FAFP10P4WW3,1,F,A,F,P,1,0,P,4,W,W,3,0,P,FORD,LXE,4D,98,17,2457,,0,984,,G,,0,0,000000000,00000000000,0,0,0,1,0,0,0,0,0,0,0,998,0,0,0,9,9,6,2,12,0,0,0,1,20,66111,6,1,0,0,3,1,69,200,0,0,0,0,0,0,0,0,0,0,38,0,0,0,2,4,45,1,1,2,1,0,0,12,17,1,1,2,98,2,0
20,200240,2,2,1,24,8,16,7,12,6,1,0,20,1,22,18,22018,4,1996,1G2NE52M1TC7,1,G,2,N,E,5,2,M,1,T,C,7,0,P,PONT,GAS,4D,96,17,2719,,0,1034,,G,,0,0,000000000,00000000000,0,0,0,1,0,0,0,0,0,0,0,998,0,0,0,12,12,6,2,12,0,0,0,1,20,66102,6,1,0,0,3,0,68,140,1,0,0,0,1,9,2009,3,2010,0,0,0,0,0,2,4,45,1,1,2,1,0,0,1,55,1,1,2,98,0,0
20,200242,1,2,1,27,8,17,47,12,2,1,0,20,2,49,40,49040,4,2000,4T1BG22K3YU6,4,T,1,B,G,2,2,K,3,Y,U,6,0,P,TOYT,UEX,4D,0,17,2998,,0,1051,,G,,0,0,000000000,00000000000,0,0,0,1,0,0,0,0,0,0,0,998,0,0,0,12,12,6,2,12,0,0,0,1,20,66547,6,1,0,0,3,1,69,200,0,0,0,0,0,0,0,0,0,0,51,0,0,0,1,2,65,1,1,2,1,0,0,1,10,1,1,2,50,1,0
20,200242,2,2,1,27,8,17,47,12,2,1,0,29,1,85,881,85881,66,2000,1XKWDB9X1YR8,1,X,K,W,D,B,9,X,1,Y,R,8,1,T,KW,W90,DS,0,17,,8,2850,1600,CON,D,,1,57,01007378,5701007378,3,6,1,1,0,0,0,0,0,0,0,998,0,0,0,12,12,6,2,12,0,0,0,1,29,63138,6,1,6,0,3,1,68,160,0,0,0,3,2,10,2008,10,2008,0,0,0,0,0,1,2,65,1,1,2,1,0,0,1,62,7,1,1,51,0,0
20,200243,1,1,1,29,8,1,55,1,0,1,0,20,1,12,481,12481,31,2003,1FTRF17213NA,1,F,T,R,F,1,7,2,1,3,N,A,0,T,FORD,F15,PK,3,17,,2,1385,1199,COF,G,,0,0,000000000,00000000000,0,0,0,1,0,0,0,0,0,0,0,70,0,1,5,0,0,6,2,1,0,0,0,1,20,67901,6,1,0,0,3,0,69,180,0,0,0,0,0,0,0,0,0,1,39,0,0,0,1,2,55,2,2,2,1,0,0,14,12,1,1,4,6,1,1
20,200244,1,1,3,29,8,7,7,1,0,1,0,20,1,35,401,35401,14,2000,JN8AR07Y4YW4,J,N,8,A,R,0,7,Y,4,Y,W,4,0,P,NISS,PFI,UT,0,17,3977,,0,1063,,G,,0,0,000000000,00000000000,0,0,0,1,0,0,0,0,0,0,0,998,0,1,5,0,3,6,2,1,0,0,0,1,20,67846,6,1,0,0,3,0,62,165,0,0,0,2,0,3,2009,4,2009,0,0,0,0,0,1,2,65,3,1,2,1,0,0,14,13,1,1,4,1,1,0
20,200245,1,3,1,28,8,20,13,12,8,1,0,20,1,20,481,20481,31,1984,1GCCC14HXES1,1,G,C,C,C,1,4,H,X,E,S,1,0,T,CHEV,C10,PK,84,17,,1,1315,1175,C10,G,,0,0,000000000,00000000000,0,0,0,1,0,0,0,0,0,0,0,998,0,0,0,2,12,6,2,12,0,0,1,1,20,66067,6,1,0,0,3,0,75,180,0,0,0,0,0,0,0,0,0,0,51,36,0,0,1,2,55,1,1,2,1,0,0,1,54,1,1,2,64,1,0
20,200245,2,3,3,28,8,20,13,12,8,1,0,20,1,6,441,6441,20,2003,2C4GP243X3R2,2,C,4,G,P,2,4,3,X,3,R,2,0,P,CHRY,TWC,SV,3,17,3970,,0,1193,,F,,0,0,000000000,00000000000,0,0,0,1,0,0,0,0,0,0,0,998,0,0,0,10,10,6,2,12,0,0,0,1,20,66080,6,1,0,0,3,0,70,250,0,0,0,0,0,0,0,0,0,0,0,0,0,0,1,2,55,1,1,2,1,0,0,1,62,99,1,2,65,0,0
20,200245,3,3,5,28,8,20,13,12,8,1,0,20,2,7,482,7482,31,1996,1B7KF23C5TJ1,1,B,7,K,F,2,3,C,5,T,J,1,0,T,DODG,250,PC,96,17,,2,1547,1387,RPC,D,,0,0,000000000,00000000000,0,0,0,1,0,0,0,0,0,0,0,998,0,0,0,12,12,6,2,12,0,0,0,1,20,66040,6,1,0,0,3,0,62,114,0,0,0,0,0,0,0,0,0,0,0,0,0,0,1,2,55,1,1,2,1,0,0,1,62,99,1,2,98,0,0
20,200246,1,2,1,3,9,9,15,12,6,1,0,20,1,22,18,22018,4,2004,1G2NE52FX4M5,1,G,2,N,E,5,2,F,X,4,M,5,0,P,PONT,GAS,4D,4,17,3066,,0,1070,,G,,0,0,000000000,00000000000,0,0,0,1,0,0,0,0,0,0,0,998,0,0,0,9,9,6,2,12,0,0,0,1,20,67118,6,1,0,0,3,1,68,105,0,0,0,0,0,0,0,0,0,0,39,0,0,0,1,2,30,1,1,2,1,20,3,11,15,1,1,2,82,1,0
20,200246,2,2,1,3,9,9,15,12,6,1,0,48,2,87,881,87881,66,1998,1XP5DB9X8WN4,1,X,P,5,D,B,9,X,8,W,N,4,1,T,PTRB,379,DS,98,17,,8,0,0,CON,D,,1,57,00860165,5700860165,3,6,97,1,0,0,0,0,0,0,0,998,0,0,0,12,12,6,2,12,0,0,0,1,48,79040,6,1,6,1,3,0,999,999,0,0,0,1,2,10,2009,2,2010,0,0,0,0,0,1,2,60,1,1,2,1,0,0,1,55,1,1,2,83,0,0
20,200247,1,1,1,20,8,18,7,43,0,1,0,20,2,13,1,13001,4,1990,1LNCM82F4LY7,1,L,N,C,M,8,2,F,4,L,Y,7,0,P,LINC,SIG,4D,90,17,4053,,0,1174,,G,,0,0,000000000,00000000000,0,0,0,1,0,0,0,0,0,0,0,998,0,0,0,12,11,6,2,42,0,0,0,1,20,66072,6,1,0,0,3,0,77,180,0,0,0,0,0,0,0,0,0,0,0,0,0,0,1,2,45,1,2,2,99,0,0,1,14,1,1,4,14,1,1
20,200250,1,2,1,22,4,16,10,12,2,1,0,20,1,20,16,20016,4,2003,1G1JC52F6373,1,G,1,J,C,5,2,F,6,3,7,3,0,P,CHEV,CAV,4D,3,17,2971,,0,1041,,G,,0,0,000000000,00000000000,0,0,0,1,0,0,0,0,0,0,0,998,0,0,0,12,12,6,2,12,0,0,0,1,20,66783,6,1,0,0,3,1,68,160,0,0,0,0,0,0,0,0,0,1,51,0,0,0,1,2,65,2,2,2,2,0,0,14,10,1,1,2,50,1,0
20,200250,2,2,1,22,4,16,10,12,2,1,0,29,1,2,404,2404,14,2004,1J4GW58N34C1,1,J,4,G,W,5,8,N,3,4,C,1,0,T,JEEP,LMT,4W,4,17,,1,0,1059,GCK,G,,0,0,000000000,00000000000,0,0,0,1,0,0,0,0,0,0,0,998,0,0,0,12,12,6,2,12,0,0,0,1,29,65616,6,1,0,0,3,1,69,200,0,0,0,0,0,0,0,0,0,0,0,0,0,0,1,2,65,3,2,2,2,0,0,14,62,1,1,2,51,0,0
20,200251,1,2,1,20,8,18,0,12,6,1,0,20,2,37,706,37706,80,1990,JH2SC2409LM0,J,H,2,S,C,2,4,0,9,L,M,0,0,M,HOND,BR1,RS,90,17,,,,,,,1000,0,0,000000000,00000000000,0,0,0,1,0,0,0,0,0,0,0,998,0,0,0,12,12,6,2,12,0,0,0,1,20,67214,2,1,0,0,2,0,73,200,0,1,0,0,4,6,2009,6,2009,1,0,0,0,0,2,4,35,1,1,2,1,0,0,1,17,1,1,2,83,1,0
20,200251,2,2,2,20,8,18,0,12,6,1,0,20,1,7,442,7442,20,2000,2B4GP253XYR7,2,B,4,G,P,2,5,3,X,Y,R,7,0,P,DODG,CAR,SV,0,17,3432,,0,1133,,G,,0,0,000000000,00000000000,0,0,0,1,0,0,0,0,0,0,0,998,0,0,0,7,7,4,3,12,0,0,0,1,20,67214,6,1,0,0,3,1,67,173,0,0,0,0,1,7,2008,7,2008,0,38,0,0,0,1,2,30,1,1,2,1,20,3,11,15,1,1,2,82,0,0
20,200252,1,2,1,5,9,18,46,12,2,1,0,29,1,24,7,24007,4,2007,1G8AJ55F77Z1,1,G,8,A,J,5,5,F,7,7,Z,1,0,P,STRN,SI2,4D,7,17,2805,,0,1032,,G,,0,0,000000000,00000000000,0,0,0,1,0,0,0,0,0,0,0,998,0,0,0,12,12,6,2,12,0,0,0,1,29,64503,1,1,0,0,2,1,64,140,1,0,0,0,0,6,2010,6,2010,0,58,0,0,0,1,2,65,2,1,2,1,0,0,14,10,1,1,2,50,1,0
20,200252,2,2,1,5,9,18,46,12,2,1,0,20,1,18,22,18022,4,2005,2G4WC5324512,2,G,4,W,C,5,3,2,4,5,1,2,0,P,BUIC,LCX,4D,5,17,3495,,0,1138,,G,,0,0,000000000,00000000000,0,0,0,1,0,0,0,0,0,0,0,998,0,0,0,12,12,6,2,12,0,0,0,1,17,61727,6,1,0,0,3,0,69,140,0,0,0,1,1,7,2008,1,2010,0,0,0,0,0,1,2,65,3,1,2,1,0,0,14,62,1,1,2,51,0,0
20,200253,1,2,2,5,9,23,20,24,0,1,0,20,1,20,481,20481,31,2007,1GCEK19Z77Z2,1,G,C,E,K,1,9,Z,7,7,Z,2,0,T,CHEV,SK1,4C,7,17,,2,1575,1340,SIL,F,,0,0,000000000,00000000000,0,0,0,1,0,0,0,0,0,0,0,66,0,0,0,1,3,6,2,12,0,0,0,1,20,66109,6,1,0,0,3,0,70,160,0,0,0,1,0,3,2008,3,2008,0,0,0,0,0,1,2,35,3,2,2,1,0,0,14,10,1,1,4,98,1,1
20,200253,2,2,3,5,9,23,20,24,0,1,0,20,2,21,401,21401,14,2002,1GHDS13S4223,1,G,H,D,S,1,3,S,4,2,2,3,0,P,OLDS,BRA,UT,2,17,4442,,0,1130,,G,,0,0,000000000,00000000000,0,0,0,1,0,0,0,0,0,0,0,40,0,0,0,12,12,6,2,12,0,0,0,1,20,66217,1,1,0,0,2,0,65,175,0,0,0,0,0,0,0,0,0,0,0,0,0,0,1,2,35,2,2,2,1,0,0,14,62,1,1,2,98,0,1
20,200254,1,1,4,7,9,18,10,35,0,1,0,20,1,7,482,7482,31,1999,3B7HF16Y6XM5,3,B,7,H,F,1,6,Y,6,X,M,5,0,T,DODG,150,PK,99,17,,2,1347,1187,RPC,G,,0,0,000000000,00000000000,0,0,0,1,0,0,0,0,0,0,0,998,0,1,5,1,13,6,2,1,0,0,0,1,20,67104,3,1,0,0,2,0,74,145,1,0,0,1,0,7,2008,7,2008,1,0,0,0,0,1,2,55,1,2,5,1,0,0,1,6,6,4,4,2,1,1
20,200255,1,2,4,8,9,15,31,12,8,1,0,20,2,49,32,49032,4,1996,1NXBB02EXTZ4,1,N,X,B,B,0,2,E,X,T,Z,4,0,P,TOYT,CRD,4D,96,17,2381,,0,970,,G,,0,0,000000000,00000000000,0,0,0,1,0,0,0,0,0,0,0,998,0,0,0,9,8,6,2,12,0,0,0,1,20,66835,0,0,0,0,0,0,999,999,99,99,99,99,99,99,9999,99,9999,1,58,0,0,0,1,2,55,1,1,2,1,0,0,1,6,6,3,7,66,3,0