STATE,ST_CASE,VEH_NO,VE_FORMS,NUMOCCS,DAY,MONTH,HOUR,MINUTE,HARM_EV,MAN_COLL,UNITTYPE,HIT_RUN,REG_STAT,OWNER,MAKE,MODEL,MAK_MOD,BODY_TYP,MOD_YEAR,VIN,VIN_1,VIN_2,VIN_3,VIN_4,VIN_5,VIN_6,VIN_7,VIN_8,VIN_9,VIN_10,VIN_11,VIN_12,TOW_VEH,VINTYPE,VINMAKE,VINA_MOD,VIN_BT,VINMODYR,VIN_LNGT,VIN_WGT,WGTCD_TR,WHLBS_LG,WHLBS_SH,SER_TR,FUELCODE,MCYCL_DS,J_KNIFE,MCARR_I1,MCARR_I2,MCARR_ID,GVWR,V_CONFIG,CARGO_BT,HAZ_INV,HAZ_PLAC,HAZ_ID,HAZ_CNO,HAZ_REL,BUS_USE,SPEC_USE,EMER_USE,TRAV_SP,UNDERIDE,ROLLOVER,ROLINLOC,IMPACT1,IMPACT2,DEFORMED,TOWED,M_HARM,VEH_SC1,VEH_SC2,FIRE_EXP,DR_PRES,L_STATE,DR_ZIP,L_STATUS,L_TYPE,CDL_STAT,L_ENDORS,L_COMPL,L_RESTRI,DR_HGT,DR_WGT,PREV_ACC,PREV_SUS,PREV_DWI,PREV_SPD,PREV_OTH,FIRST_MO,FIRST_YR,LAST_MO,LAST_YR,SPEEDREL,DR_SF1,DR_SF2,DR_SF3,DR_SF4,VTRAFWAY,VNUM_LAN,VSPD_LIM,VALIGN,VPROFILE,VPAVETYP,VSURCOND,VTRAFCON,VTCONT_F,P_CRASH1,P_CRASH2,P_CRASH3,PCRASH4,PCRASH5,ACC_TYPE,DEATHS,DR_DRINK
20,200331,2,2,1,10,11,8,38,12,8,1,0,40,3,87,881,87881,66,2005,1XP5DB9X15N8,1,X,P,5,D,B,9,X,1,5,N,8,1,T,PTRB,379,DS,5,17,,8,0,0,CON,D,,1,57,961154,57961154,3,6,1,1,0,0,0,0,0,0,0,998,0,0,0,99,99,0,1,12,0,0,0,1,40,73521,6,1,6,1,3,0,65,250,0,0,0,1,2,3,2008,3,2010,0,0,0,0,0,1,2,65,1,3,2,1,0,0,1,62,7,1,2,66,0,1
20,200332,1,2,1,10,11,16,3,12,1,1,0,29,1,37,32,37032,2,1992,1HGCB7172NA0,1,H,G,C,B,7,1,7,2,N,A,0,0,P,HOND,AEX,CP,92,17,2948,,0,1071,,G,,0,0,000000000,00000000000,0,0,0,1,0,0,0,0,0,0,0,998,0,0,0,12,12,6,2,12,0,0,0,1,29,64102,1,1,0,0,2,0,69,150,1,1,0,0,2,7,2008,1,2009,0,0,0,0,0,3,4,55,1,1,2,1,0,0,1,50,1,1,1,20,1,1
20,200332,2,2,1,10,11,16,3,12,1,1,0,20,1,12,481,12481,31,2008,1FTPW14V58FB,1,F,T,P,W,1,4,V,5,8,F,B,0,T,FORD,F1S,CW,8,17,,2,1500,1390,COF,F,,0,0,000000000,00000000000,0,0,0,1,0,0,0,0,0,0,0,0,0,0,0,6,6,6,2,12,0,0,0,1,40,66227,6,1,0,0,3,0,68,130,0,0,0,0,0,0,0,0,0,0,0,0,0,0,3,4,55,1,1,2,1,0,0,5,53,1,1,1,21,0,1
20,200333,1,1,1,14,11,6,30,34,0,1,0,20,1,12,481,12481,31,2000,1FTRX17W4YNA,1,F,T,R,X,1,7,W,4,Y,N,A,0,T,FORD,F15,4C,0,17,,2,1571,1385,COF,G,,0,0,000000000,00000000000,0,0,0,1,0,0,0,0,0,0,0,998,0,1,5,11,1,6,2,1,0,0,0,1,20,67870,6,1,0,0,3,1,69,194,0,0,0,1,0,7,2008,7,2008,0,0,0,0,0,1,2,55,1,3,2,2,0,0,1,13,6,1,4,6,1,1
20,200334,1,1,2,16,11,7,15,8,0,1,1,20,1,7,472,7472,30,1999,1B7GL22X9XS1,1,B,7,G,L,2,2,X,9,X,S,1,0,T,DODG,DAK,PC,99,17,,1,0,1309,DAK,G,,0,0,000000000,00000000000,0,0,0,1,0,0,0,0,0,0,0,998,0,0,0,1,1,2,1,8,0,0,0,1,20,66103,0,0,0,0,0,0,74,185,0,1,0,1,1,7,2009,12,2009,0,0,0,0,0,1,2,25,1,2,2,1,0,0,1,82,99,1,4,13,0,0
20,200335,1,2,1,18,11,11,20,12,6,1,0,20,3,23,481,23481,31,2006,1GTHK23226F1,1,G,T,H,K,2,3,2,2,6,F,1,0,T,GMC,2KH,CW,6,17,,2,1670,1530,SIE,D,,0,0,000000000,00000000000,0,0,0,1,0,0,0,0,0,0,0,55,0,0,0,12,12,6,2,12,0,0,0,1,20,67520,6,1,0,0,3,0,71,190,0,0,0,0,0,0,0,0,0,0,39,0,0,0,1,2,55,1,1,4,1,0,0,1,17,1,1,2,88,0,1
20,200335,2,2,2,18,11,11,20,12,6,1,0,20,1,20,481,20481,31,2000,1GCGK23RXYF4,1,G,C,G,K,2,3,R,X,Y,F,4,0,T,CHEV,GK2,CW,0,17,,2,0,1545,GM4,G,,0,0,000000000,00000000000,0,0,0,1,0,0,0,0,0,0,0,998,0,0,0,9,9,6,2,12,0,0,0,1,20,66033,6,1,6,0,3,0,69,220,1,0,0,0,0,2,2008,2,2008,0,0,0,0,0,1,2,55,1,1,4,1,0,0,1,17,1,1,2,89,2,1
20,200336,1,1,2,18,11,3,20,1,0,1,0,20,1,12,481,12481,31,1990,1FTHF26M4LKA,1,F,T,H,F,2,6,M,4,L,K,A,0,T,FORD,F25,PK,90,17,,2,0,1330,COF,D,,0,0,000000000,00000000000,0,0,0,1,0,0,0,0,0,0,0,998,0,1,3,0,13,6,2,1,0,0,0,1,20,66943,6,1,0,0,3,0,73,180,0,0,0,0,0,0,0,0,0,0,0,0,0,0,2,4,55,1,1,2,2,0,0,1,12,3,4,4,7,2,0
20,200337,1,1,2,18,11,99,99,1,0,1,0,20,2,20,401,20401,14,1999,1GNCS18W5XK1,1,G,N,C,S,1,8,W,5,X,K,1,0,P,CHEV,BZR,UT,99,17,3536,,0,1005,,G,,0,0,000000000,00000000000,0,0,0,1,0,0,0,0,0,0,0,998,0,1,6,0,1,6,2,1,0,0,0,1,20,67209,1,1,0,0,2,1,71,145,0,1,0,0,0,2,2009,2,2009,0,0,0,0,0,1,2,55,1,1,5,1,0,0,1,14,4,1,4,1,2,1
20,200338,1,1,1,20,11,13,56,31,0,1,0,20,1,72,706,72706,80,1994,1HD1DTL1XRY5,1,H,D,1,D,T,L,1,X,R,Y,5,0,M,HD,UHS,RS,94,17,,,,,,,1340,0,0,000000000,00000000000,0,0,0,1,0,0,0,0,0,0,0,998,0,0,0,12,12,6,2,31,0,0,0,1,20,66861,6,1,0,0,3,1,73,250,0,0,0,0,0,0,0,0,0,0,0,0,0,0,1,2,65,1,1,1,1,0,0,1,12,1,1,4,6,1,1
20,200339,1,1,1,20,11,1,2,53,0,1,1,20,1,22,18,22018,2,1993,1G2NW14N2PC7,1,G,2,N,W,1,4,N,2,P,C,7,0,P,PONT,GAG,CP,93,17,0,,0,1034,,G,,0,0,000000000,00000000000,0,0,0,1,0,0,0,0,0,0,0,998,0,0,0,12,12,6,2,8,0,0,0,1,20,67209,6,1,0,0,3,0,67,135,0,0,0,0,1,10,2008,10,2008,0,36,0,0,0,1,2,30,1,1,2,1,0,0,1,12,1,1,4,1,0,1
20,200340,1,1,2,21,11,6,13,30,0,1,0,20,2,20,36,20036,2,2007,2G1WK15K2794,2,G,1,W,K,1,5,K,2,7,9,4,0,P,CHEV,M/T,CP,7,17,3461,,0,1105,,F,,0,0,000000000,00000000000,0,0,0,1,0,0,0,0,0,0,0,998,0,1,5,2,13,6,2,1,0,0,0,1,20,66103,0,0,0,0,0,0,999,999,99,99,99,99,99,99,9999,99,9999,1,0,0,0,0,1,2,20,1,2,2,2,0,0,1,13,1,1,4,1,1,0
20,200341,1,2,1,22,11,6,33,12,6,1,0,20,1,49,402,49402,14,1997,JT3GP10V5V70,J,T,3,G,P,1,0,V,5,V,7,0,0,P,TOYT,RV4,UT,97,17,2612,,0,949,,G,,0,0,000000000,00000000000,0,0,0,1,0,0,0,0,0,0,0,0,0,0,0,9,9,6,2,12,0,0,0,1,20,66428,6,1,0,0,3,1,60,120,0,0,0,1,0,6,2008,6,2008,0,39,38,0,0,1,2,55,1,2,2,2,20,3,11,16,1,1,2,82,1,1
20,200341,2,2,2,22,11,6,33,12,6,1,0,20,1,20,473,20473,30,2007,1GCCS1498781,1,G,C,C,S,1,4,9,8,7,8,1,0,T,CHEV,RDO,PK,7,17,,1,0,1113,CAL,G,,0,0,000000000,00000000000,0,0,0,1,0,0,0,0,0,0,0,65,0,0,0,12,12,6,2,12,0,0,0,1,20,66439,6,1,6,0,3,1,68,253,0,0,0,0,0,0,0,0,0,0,0,0,0,0,1,2,65,1,1,2,2,0,0,1,65,1,1,1,83,0,1
20,200342,1,2,1,22,11,13,30,12,6,1,0,20,2,37,705,37705,80,2001,JH2PC350X1M2,J,H,2,P,C,3,5,0,X,1,M,2,0,M,HOND,CF4,RS,1,17,,,,,,,599,0,0,000000000,00000000000,0,0,0,1,0,0,0,0,0,0,0,998,0,0,0,12,12,6,2,12,0,0,0,1,20,67023,1,1,0,0,2,0,71,170,0,0,0,0,0,0,0,0,0,1,0,0,0,0,5,3,30,1,1,2,1,0,0,1,66,1,1,1,69,1,0
20,200342,2,2,3,22,11,13,30,12,6,1,0,20,3,23,881,23881,62,1994,1GDG6H1J5RJ5,1,G,D,G,6,H,1,J,5,R,J,5,0,T,GMC,C6H,CC,94,17,,6,2610,1320,TOP,D,,0,57,1071300,571071300,2,1,1,1,0,0,0,0,0,0,0,998,0,0,0,5,5,4,1,12,0,0,0,1,20,67060,6,1,6,0,3,0,73,165,0,0,0,0,0,0,0,0,0,0,38,0,0,0,1,2,30,1,1,2,1,20,3,11,15,1,1,1,68,0,1
20,200343,1,2,4,23,11,16,19,12,6,1,0,20,1,37,31,37031,4,1992,JHMEH9691NS0,J,H,M,E,H,9,6,9,1,N,S,0,0,P,HOND,CXV,4D,92,17,2480,,0,1031,,G,,0,0,000000000,00000000000,0,0,0,1,0,0,0,0,0,0,0,998,0,0,0,3,4,6,2,12,0,0,0,1,20,67550,6,1,0,0,3,0,71,200,0,0,0,0,0,0,0,0,0,0,0,0,0,0,1,2,55,1,1,4,1,0,0,1,17,1,1,2,87,2,1
20,200343,2,2,1,23,11,16,19,12,6,1,0,20,3,12,481,12481,31,2009,1FTRX14889KB,1,F,T,R,X,1,4,8,8,9,K,B,0,T,FORD,F15,4C,9,17,,2,1630,1330,COF,G,,0,0,000000000,00000000000,0,0,0,1,0,0,0,0,0,0,0,998,0,0,0,12,1,6,2,12,0,0,0,1,20,67550,6,1,6,0,3,0,71,195,0,0,0,0,0,0,0,0,0,0,0,0,0,0,1,2,55,1,1,4,1,0,0,1,17,1,1,1,86,0,1
20,200344,1,2,2,23,11,3,40,12,1,1,1,20,2,49,482,49482,31,2008,5TFRV54118X0,5,T,F,R,V,5,4,1,1,8,X,0,0,T,TOYT,DLS,CW,8,17,,2,0,1457,TUN,G,,0,0,000000000,00000000000,0,0,0,1,0,0,0,0,0,0,0,998,0,0,0,12,12,6,2,12,0,0,0,1,5,72023,6,1,0,0,3,0,68,175,0,0,0,0,0,0,0,0,0,0,92,0,0,0,2,2,55,3,2,2,1,0,0,14,51,1,1,1,24,0,1
20,200344,2,2,3,23,11,3,40,12,1,1,0,31,2,41,37,41037,4,1999,1YVGF22C7X58,1,Y,V,G,F,2,2,C,7,X,5,8,0,P,MAZD,U6X,4D,99,17,2798,,0,1051,,G,,0,0,000000000,00000000000,0,0,0,1,0,0,0,0,0,0,0,998,0,0,0,6,6,6,2,12,0,0,0,1,31,68506,6,1,0,0,3,0,72,165,0,0,0,0,1,10,2010,10,2010,0,0,0,0,0,2,2,55,3,2,2,1,0,0,14,53,1,1,2,25,1,0
20,200345,1,2,1,25,11,10,44,12,8,1,0,20,1,7,482,7482,31,2006,1D7HU18216J1,1,D,7,H,U,1,8,2,1,6,J,1,0,T,DODG,SQ1,CW,6,17,,2,1605,1405,RPC,G,,0,0,000000000,00000000000,0,0,0,1,0,0,0,0,0,0,0,45,0,0,0,11,62,6,2,12,0,0,0,1,20,66416,6,1,0,0,3,0,71,230,0,0,0,0,0,0,0,0,0,0,51,0,0,0,1,2,55,1,3,4,1,0,0,1,13,6,4,2,66,0,0
20,200345,2,2,4,25,11,10,44,12,8,1,0,20,1,49,44,49044,2,2000,2T1CG22P7YC3,2,T,1,C,G,2,2,P,7,Y,C,3,0,P,TOYT,CRE,CP,0,17,3120,,0,1051,,G,,0,0,000000000,00000000000,0,0,0,1,0,0,0,0,0,0,0,998,0,0,0,10,61,6,2,12,0,0,0,1,20,66416,6,1,6,0,3,0,76,200,0,0,0,0,0,0,0,0,0,0,0,0,0,0,1,2,55,1,3,4,1,0,0,1,62,1,1,1,66,1,0
20,200346,1,1,1,25,11,2,11,31,0,1,0,20,1,20,481,20481,31,2003,2GCEK19T8311,2,G,C,E,K,1,9,T,8,3,1,1,0,T,CHEV,SK1,4C,3,17,,2,1575,1435,SIL,G,,0,0,000000000,00000000000,0,0,0,1,0,0,0,0,0,0,0,998,0,0,0,11,10,6,2,42,0,0,0,1,20,66414,6,1,0,0,3,1,66,140,0,0,0,0,0,0,0,0,0,0,0,0,0,0,1,2,55,1,2,4,1,0,0,1,12,1,1,4,6,1,1
20,200347,1,1,3,27,11,23,38,1,0,1,0,20,3,49,482,49482,31,2002,5TBBT44162S2,5,T,B,B,T,4,4,1,6,2,S,2,0,T,TOYT,TRS,4C,2,17,,2,0,1283,TUN,G,,0,0,000000000,00000000000,0,0,0,1,0,0,0,0,0,0,0,998,0,1,1,0,13,6,2,1,0,0,0,1,20,67834,6,1,0,0,3,0,68,120,0,0,0,1,0,6,2010,6,2010,1,36,0,0,0,1,2,55,1,1,4,1,0,0,1,6,1,1,2,98,1,1
20,200348,1,2,3,23,11,14,35,12,6,1,0,20,2,41,441,41441,20,2001,JM3LW28YX101,J,M,3,L,W,2,8,Y,X,1,0,1,0,P,MAZD,MWG,SV,1,17,3657,,0,1118,,G,,0,0,000000000,00000000000,0,0,0,1,0,0,0,0,0,0,0,998,0,0,0,12,12,6,2,12,0,0,0,1,20,67068,6,1,0,0,3,1,70,170,0,0,0,0,0,0,0,0,0,0,0,0,0,0,1,2,55,1,1,2,1,0,0,1,55,1,1,1,90,0,0
20,200348,2,2,1,23,11,14,35,12,6,1,0,20,3,37,733,37733,90,1984,JH3TB0551EC4,J,H,3,T,B,0,5,5,1,E,C,4,0,M,HOND,AES,AT,84,17,,,,,,,200,0,0,000000000,00000000000,0,0,0,1,0,0,0,0,0,0,0,998,0,0,0,9,9,6,2,12,0,0,0,1,20,67212,1,1,0,0,2,0,76,160,0,1,0,2,1,2,2009,8,2010,0,0,0,0,0,1,2,55,1,1,2,1,20,3,1,55,1,1,1,90,1,0
20,200349,1,2,1,28,11,1,15,12,2,1,0,20,2,30,46,30046,6,2002,WVWYH63B22E4,W,V,W,Y,H,6,3,B,2,2,E,4,0,P,VOLK,PX4,SW,2,17,3672,,0,1064,,G,,0,0,000000000,00000000000,0,0,0,1,0,0,0,0,0,0,0,998,0,0,0,12,12,6,2,12,0,0,0,1,20,66062,6,1,0,0,3,1,68,145,0,0,0,0,0,0,0,0,0,0,51,39,0,0,3,6,60,1,2,1,1,0,0,1,54,1,1,1,52,0,1
20,200349,2,2,1,28,11,1,15,12,2,1,0,29,1,12,16,12016,4,2006,2FAFP74V76X1,2,F,A,F,P,7,4,V,7,6,X,1,0,P,FORD,CVR,4D,6,17,3964,,0,1147,,F,,0,0,000000000,00000000000,0,0,0,1,0,0,0,0,0,0,0,998,0,0,0,12,12,6,2,12,0,0,0,1,29,64127,6,1,0,0,3,0,65,170,0,0,0,0,0,0,0,0,0,0,0,0,0,0,3,6,60,1,2,1,1,0,0,1,54,1,1,1,52,1,0
20,200350,1,1,1,29,11,13,50,34,0,1,0,20,2,35,43,35043,4,2002,3N1AB51D32L7,3,N,1,A,B,5,1,D,3,2,L,7,0,P,NISS,SSR,4D,2,17,2652,,0,998,,G,,0,0,000000000,00000000000,0,0,0,1,0,0,0,0,0,0,0,998,0,1,5,11,1,6,2,1,0,0,0,1,20,67010,6,1,0,0,3,0,67,135,0,0,0,1,0,11,2009,11,2009,0,0,0,0,0,1,2,45,1,3,2,1,0,0,1,12,1,1,4,6,1,1
20,200351,1,2,3,1,12,10,27,12,2,1,0,20,2,55,35,55035,4,2001,KMHDN45D41U2,K,M,H,D,N,4,5,D,4,1,U,2,0,P,HYUN,EST,4D,1,17,2635,,0,1027,,G,,0,0,000000000,00000000000,0,0,0,1,0,0,0,0,0,0,0,998,0,0,0,12,12,6,2,12,0,0,0,1,20,66062,6,1,0,0,3,0,66,120,0,0,0,0,0,0,0,0,0,1,36,51,0,0,1,2,25,2,2,2,1,0,0,14,54,1,1,2,52,1,1
20,200351,2,2,1,1,12,10,27,12,2,1,0,20,1,7,43,7043,4,1998,1B3EJ46X5WN2,1,B,3,E,J,4,6,X,5,W,N,2,0,P,DODG,STR,4D,98,17,2837,,0,1080,,G,,0,0,000000000,00000000000,0,0,0,1,0,0,0,0,0,0,0,998,0,0,0,12,12,6,2,12,0,0,0,1,20,66061,6,1,0,0,3,0,66,213,0,0,0,1,0,11,2008,11,2008,0,51,0,0,0,1,2,25,2,2,2,1,0,0,6,54,99,1,2,52,0,1
20,200352,1,1,1,2,12,23,15,26,0,1,0,29,1,20,401,20401,14,1997,1GNDT13W0V21,1,G,N,D,T,1,3,W,0,V,2,1,0,P,CHEV,BZR,UT,97,17,4046,,0,1070,,G,,0,0,000000000,00000000000,0,0,0,1,0,0,0,0,0,0,0,998,0,0,0,11,11,6,2,26,0,0,0,1,29,64124,2,1,0,0,2,0,62,160,0,4,1,0,1,3,2008,2,2010,0,39,0,0,0,3,6,55,1,1,1,1,0,0,1,12,1,1,4,6,1,1
20,200353,1,2,2,3,12,16,10,12,6,1,0,20,3,85,881,85881,66,2004,1XKADB9X54R0,1,X,K,A,D,B,9,X,5,4,R,0,1,T,KW,T60,DS,4,17,,8,2600,1600,CON,D,,1,57,1193394,571193394,3,6,8,1,0,0,0,0,0,0,0,998,0,0,0,10,10,6,2,12,0,0,0,1,20,67901,6,1,6,0,3,0,67,200,0,0,0,0,0,0,0,0,0,0,38,0,0,0,1,2,55,1,1,5,1,20,3,1,17,1,1,2,89,0,0
20,200353,2,2,1,3,12,16,10,12,6,1,0,20,2,12,16,12016,4,1989,2FABP74F6KX2,2,F,A,B,P,7,4,F,6,K,X,2,0,P,FORD,CVL,4D,89,17,3770,,0,1143,,G,,0,0,000000000,00000000000,0,0,0,1,0,0,0,0,0,0,0,998,0,0,0,12,12,6,2,12,0,0,0,1,20,67901,6,1,0,0,3,0,69,190,1,0,0,1,1,9,2008,3,2010,0,0,0,0,0,1,2,55,1,1,5,1,0,0,1,66,1,1,2,88,1,0
20,200354,1,1,1,4,12,0,30,26,0,1,0,29,1,37,31,37031,2,2006,2HGFG12646H5,2,H,G,F,G,1,2,6,4,6,H,5,0,P,HOND,UCL,CP,6,17,2716,,0,1043,,G,,0,0,000000000,00000000000,0,0,0,1,0,0,0,0,0,0,0,998,0,0,0,12,12,6,2,26,0,0,0,1,29,64119,6,1,0,0,3,0,67,165,0,0,0,0,0,0,0,0,0,0,58,0,0,0,3,6,65,1,1,1,1,0,0,1,51,7,1,4,8,1,1
20,200355,1,2,1,8,12,17,8,12,2,1,0,20,1,7,481,7481,31,1988,1B7HD14YXJS6,1,B,7,H,D,1,4,Y,X,J,S,6,0,T,DODG,D15,PK,88,17,,2,1310,1150,D15,G,,0,0,000000000,00000000000,0,0,0,1,0,0,0,0,0,0,0,61,0,0,0,12,1,6,2,12,0,0,0,1,20,66030,6,1,0,0,3,1,69,208,0,0,0,0,0,0,0,0,0,0,0,0,0,0,2,4,55,3,2,1,1,0,0,14,10,1,1,2,50,1,1
20,200355,2,2,4,8,12,17,8,12,2,1,0,20,2,12,17,12017,4,1999,1FAFP53U5XA1,1,F,A,F,P,5,3,U,5,X,A,1,0,P,FORD,TSE,4D,99,17,3353,,0,1085,,G,,0,0,000000000,00000000000,0,0,0,1,0,0,0,0,0,0,0,57,0,0,0,12,12,6,2,12,0,0,0,1,20,66030,6,1,0,0,3,1,65,165,0,0,0,0,0,0,0,0,0,0,0,0,0,0,2,4,55,2,2,1,1,0,0,14,62,1,1,1,51,1,1
20,200356,1,1,1,2,11,19,13,15,0,1,0,20,2,13,1,13001,4,1988,1LNBM81F7JY8,1,L,N,B,M,8,1,F,7,J,Y,8,0,P,LINC,TNC,4D,88,17,4093,,0,1174,,G,,0,0,000000000,00000000000,0,0,0,1,0,0,0,0,0,0,0,30,0,0,0,12,1,2,1,15,0,0,0,1,20,67901,6,1,0,0,3,0,65,180,0,0,0,0,0,0,0,0,0,0,92,0,0,0,2,4,30,1,1,2,1,0,0,1,80,1,1,2,13,0,0
20,200357,1,2,1,9,12,9,8,12,1,1,0,20,3,18,7,18007,4,2003,2G4WS52J1312,2,G,4,W,S,5,2,J,1,3,1,2,0,P,BUIC,CCU,4D,3,17,3368,,0,1090,,G,,0,0,000000000,00000000000,0,0,0,1,0,0,0,0,0,0,0,998,0,0,0,12,12,6,2,12,0,0,0,1,20,67330,6,1,0,0,3,1,61,130,0,0,0,0,0,0,0,0,0,0,36,39,0,0,2,4,65,1,1,2,1,98,3,1,50,1,1,1,20,1,0
20,200357,2,2,1,9,12,9,8,12,1,1,0,20,3,84,881,84881,63,2005,1HTWHAAR65J1,1,H,T,W,H,A,A,R,6,5,J,1,0,T,INTL,740,TM,5,17,,8,0,0,70S,D,,0,77,777777777,77777777777,3,2,4,1,0,0,0,0,0,0,0,0,0,0,0,6,6,6,9,12,0,0,0,1,20,66724,6,1,6,1,3,0,67,160,0,0,0,0,0,0,0,0,0,0,0,0,0,0,2,4,65,1,1,2,1,98,3,5,53,1,1,1,21,0,1
20,200358,1,1,2,9,12,3,22,32,0,1,0,20,1,85,881,85881,66,1996,1XKWDB9X1TR7,1,X,K,W,D,B,9,X,1,T,R,7,1,T,KW,W90,DS,96,17,,8,0,0,CON,D,,1,57,1808081,571808081,3,6,1,1,0,0,0,0,0,0,0,998,0,0,0,98,1,6,2,2,0,0,1,1,20,67753,6,1,6,1,3,1,75,290,0,0,0,1,0,10,2010,10,2010,0,0,0,0,0,5,2,30,1,1,2,1,40,3,1,13,1,1,4,1,1,1
20,200359,1,2,1,11,12,2,24,12,2,1,0,20,2,20,22,20022,2,2007,1G1AL15FX772,1,G,1,A,L,1,5,F,X,7,7,2,0,P,CHEV,BLT,CP,7,17,2991,,0,1033,,G,,0,0,000000000,00000000000,0,0,0,1,0,0,0,0,0,0,0,998,0,0,0,12,12,6,2,12,0,0,0,1,20,67663,6,1,0,0,3,1,65,120,0,0,0,0,0,0,0,0,0,0,51,0,0,0,2,4,70,1,2,2,1,0,0,1,54,1,1,1,52,1,1
20,200359,2,2,1,11,12,2,24,12,2,1,0,18,3,82,883,82883,66,2005,1FUJBBCG95LU,1,F,U,J,B,B,C,G,9,5,L,U,1,T,FRHT,ST2,DS,5,17,,8,0,0,CON,D,,1,57,2644184,572644184,3,6,1,1,0,0,0,0,0,0,0,998,0,0,0,12,12,6,2,12,0,0,0,1,20,66604,6,1,6,1,3,0,73,205,0,0,0,0,0,0,0,0,0,0,0,0,0,0,2,4,70,1,2,2,1,0,0,1,54,1,1,1,52,0,0
20,200360,1,2,2,15,12,18,15,12,7,1,0,20,2,7,472,7472,31,2008,1D7HW68N78S5,1,D,7,H,W,6,8,N,7,8,S,5,0,T,DODG,SPT,CW,8,17,,2,0,1313,DAK,G,,0,0,000000000,00000000000,0,0,0,1,0,0,0,0,0,0,0,70,0,1,3,1,13,6,2,12,0,0,0,1,20,66603,6,1,0,0,3,1,67,212,0,0,0,0,0,0,0,0,0,0,87,0,0,0,2,4,70,1,1,1,4,0,0,6,5,6,1,6,46,1,0
20,200360,2,2,1,15,12,18,15,12,7,1,0,37,3,85,881,85881,66,1999,1XKTDR9X3XJ7,1,X,K,T,D,R,9,X,3,X,J,7,1,T,KW,T20,DS,99,17,,8,2600,1900,CON,D,,1,57,951258,57951258,3,6,1,1,0,0,0,0,0,0,0,70,0,0,0,10,10,6,9,12,0,0,0,1,37,28630,6,1,6,0,3,0,77,999,0,0,0,0,0,0,0,0,0,0,0,0,0,0,2,4,70,1,1,1,4,0,0,1,60,1,1,1,45,0,0
20,200361,1,2,1,16,12,16,51,12,6,1,0,17,1,12,481,12481,31,2010,1FTEX1E88AFA,1,F,T,E,X,1,E,8,8,A,F,A,0,T,FORD,F15,4C,10,17,,2,1630,1330,COF,G,,0,0,000000000,00000000000,0,0,0,1,0,0,0,0,0,0,0,60,0,0,0,12,12,6,2,12,0,0,0,1,31,68028,6,1,0,0,3,0,72,185,0,0,0,0,0,0,0,0,0,1,0,0,0,0,2,4,50,1,1,2,1,0,0,1,62,1,1,1,66,0,1
20,200361,2,2,1,16,12,16,51,12,6,1,0,20,1,6,52,6052,6,2003,3C8FY78G83T5,3,C,8,F,Y,7,8,G,8,3,T,5,0,P,CHRY,PTC,SV,3,17,3231,,0,1030,,G,,0,0,000000000,00000000000,0,0,0,1,0,0,0,0,0,0,0,60,0,0,0,2,2,6,2,12,0,0,0,1,20,66012,6,1,0,0,3,1,66,140,0,0,0,0,0,0,0,0,0,1,38,27,0,0,2,4,50,1,1,2,1,0,0,1,10,1,1,2,66,1,1
20,200362,1,3,1,16,12,17,8,12,6,1,0,20,2,22,20,22020,4,1993,1G2WH54T9PF2,1,G,2,W,H,5,4,T,9,P,F,2,0,P,PONT,GFL,4D,93,17,3219,,0,1075,,G,,0,0,000000000,00000000000,0,0,0,1,0,0,0,0,0,0,0,998,0,0,0,8,63,6,2,12,0,0,0,1,20,67502,6,1,0,0,3,1,60,110,0,0,0,0,0,0,0,0,0,0,39,0,0,0,1,2,30,1,1,2,1,20,3,1,54,1,1,2,89,1,0
20,200362,2,3,1,16,12,17,8,12,6,1,0,20,1,2,404,2404,14,2006,1J4HR58N36C1,1,J,4,H,R,5,8,N,3,6,C,1,0,T,JEEP,LMT,4W,6,17,,1,0,1095,GCK,G,,0,0,000000000,00000000000,0,0,0,1,0,0,0,0,0,0,0,998,0,0,0,12,12,6,2,12,0,0,0,1,20,67502,6,1,0,0,3,0,62,150,0,0,0,0,0,0,0,0,0,0,0,0,0,0,2,4,35,1,1,2,1,0,0,1,66,1,1,2,88,0,0
20,200362,3,3,1,16,12,17,8,12,6,1,0,20,3,12,481,12481,31,2010,1FTNX2A55AEB,1,F,T,N,X,2,A,5,5,A,E,B,0,T,FORD,F2S,4C,10,17,,2,1580,1418,SRW,G,,0,0,000000000,00000000000,0,0,0,1,0,0,0,0,0,0,0,998,0,0,0,11,12,6,2,12,0,0,0,1,20,67502,6,1,0,0,3,0,72,220,0,0,0,0,0,0,0,0,0,0,0,0,0,0,2,4,35,1,1,2,1,0,0,1,62,1,1,2,98,0,0
20,200363,1,2,2,17,12,22,0,12,8,1,0,6,1,72,706,72706,80,2000,1HD1BMY31YY0,1,H,D,1,B,M,Y,3,1,Y,Y,0,0,M,HD,FLF,RS,0,17,,,,,,,1450,0,0,000000000,00000000000,0,0,0,1,0,0,0,0,0,0,0,998,0,0,0,11,11,6,2,12,0,0,0,1,20,67216,1,1,0,0,2,0,76,240,0,0,0,1,2,11,2010,11,2010,1,0,0,0,0,2,4,40,1,2,1,1,0,0,1,62,1,1,2,66,1,1