STATE,ST_CASE,VEH_NO,VE_FORMS,NUMOCCS,DAY,MONTH,HOUR,MINUTE,HARM_EV,MAN_COLL,UNITTYPE,HIT_RUN,REG_STAT,OWNER,MAKE,MODEL,MAK_MOD,BODY_TYP,MOD_YEAR,VIN,VIN_1,VIN_2,VIN_3,VIN_4,VIN_5,VIN_6,VIN_7,VIN_8,VIN_9,VIN_10,VIN_11,VIN_12,TOW_VEH,VINTYPE,VINMAKE,VINA_MOD,VIN_BT,VINMODYR,VIN_LNGT,VIN_WGT,WGTCD_TR,WHLBS_LG,WHLBS_SH,SER_TR,FUELCODE,MCYCL_DS,J_KNIFE,MCARR_I1,MCARR_I2,MCARR_ID,GVWR,V_CONFIG,CARGO_BT,HAZ_INV,HAZ_PLAC,HAZ_ID,HAZ_CNO,HAZ_REL,BUS_USE,SPEC_USE,EMER_USE,TRAV_SP,UNDERIDE,ROLLOVER,ROLINLOC,IMPACT1,IMPACT2,DEFORMED,TOWED,M_HARM,VEH_SC1,VEH_SC2,FIRE_EXP,DR_PRES,L_STATE,DR_ZIP,L_STATUS,L_TYPE,CDL_STAT,L_ENDORS,L_COMPL,L_RESTRI,DR_HGT,DR_WGT,PREV_ACC,PREV_SUS,PREV_DWI,PREV_SPD,PREV_OTH,FIRST_MO,FIRST_YR,LAST_MO,LAST_YR,SPEEDREL,DR_SF1,DR_SF2,DR_SF3,DR_SF4,VTRAFWAY,VNUM_LAN,VSPD_LIM,VALIGN,VPROFILE,VPAVETYP,VSURCOND,VTRAFCON,VTCONT_F,P_CRASH1,P_CRASH2,P_CRASH3,PCRASH4,PCRASH5,ACC_TYPE,DEATHS,DR_DRINK
21,210010,2,2,1,5,1,7,55,12,2,1,0,21,1,20,37,20037,4,2000,1G1NE52J4Y63,1,G,1,N,E,5,2,J,4,Y,6,3,0,P,CHEV,M/L,4D,0,17,3077,,0,1070,,G,,0,0,000000000,00000000000,0,0,0,1,0,0,0,0,0,0,0,998,0,0,0,12,12,6,2,12,0,0,0,1,21,40475,6,1,0,0,3,1,66,195,0,0,0,2,0,8,2009,8,2009,0,0,0,0,0,2,2,55,1,2,2,2,0,0,1,62,1,1,1,51,1,0
21,210011,1,2,1,5,1,9,5,12,2,1,0,21,1,12,17,12017,4,2002,1FAFP55S52A2,1,F,A,F,P,5,5,S,5,2,A,2,0,P,FORD,TSS,4D,2,17,3392,,0,1085,,G,,0,0,000000000,00000000000,0,0,0,1,0,0,0,0,0,0,0,998,0,0,0,12,12,6,2,12,0,0,0,1,21,42437,6,1,0,0,3,0,62,145,0,0,0,0,0,0,0,0,0,0,38,0,0,0,1,2,55,1,1,2,1,0,0,1,62,1,1,2,52,1,0
21,210011,2,2,1,5,1,9,5,12,2,1,0,21,2,85,881,85881,63,1999,1NKDLB0X4XJ8,1,N,K,D,L,B,0,X,4,X,J,8,0,T,KW,T80,TM,99,17,,8,2600,1600,CON,D,,0,57,01030075,5701030075,3,2,4,1,0,0,0,0,0,0,0,998,0,0,0,12,12,2,1,12,0,0,0,1,21,42743,6,1,6,0,3,1,72,230,1,0,0,0,1,1,2007,2,2007,0,0,0,0,0,1,2,55,3,1,2,1,0,0,14,62,4,1,2,52,0,0
21,210012,1,1,1,4,1,21,0,42,0,1,0,21,1,20,401,20401,14,1994,1GNDT13W2R21,1,G,N,D,T,1,3,W,2,R,2,1,0,P,CHEV,S10,UT,94,17,3811,,0,1070,,G,,0,0,000000000,00000000000,0,0,0,1,0,0,0,0,0,0,0,998,0,0,0,12,12,6,2,42,0,0,0,1,21,42160,6,1,0,0,3,0,67,128,0,0,0,0,0,0,0,0,0,1,0,0,0,0,1,2,45,4,1,2,1,0,0,14,13,3,2,4,2,1,0
21,210013,1,1,1,7,1,15,39,42,0,1,0,21,1,7,482,7482,31,1999,1B7HF16Y0XS3,1,B,7,H,F,1,6,Y,0,X,S,3,0,T,DODG,150,PK,99,17,,2,1347,1187,RPC,G,,0,0,000000000,00000000000,0,0,0,1,0,0,0,0,0,0,0,49,0,0,0,3,3,6,2,42,0,0,0,1,21,42127,6,1,0,0,3,0,71,185,0,0,0,0,0,0,0,0,0,0,87,0,0,0,1,2,55,2,3,2,3,0,0,14,12,1,1,4,6,1,0
21,210014,1,1,1,6,1,12,27,35,0,1,0,21,1,21,20,21020,4,1995,1G3WH52M0SD3,1,G,3,W,H,5,2,M,0,S,D,3,0,P,OLDS,SUL,4D,95,17,3354,,0,1075,,G,,0,0,000000000,00000000000,0,0,0,1,0,0,0,0,0,0,0,998,0,1,5,12,12,6,2,35,0,0,0,1,21,41143,6,1,0,0,3,1,66,115,1,0,0,0,0,5,2009,5,2009,0,99,99,99,99,2,2,70,1,3,2,1,0,0,1,12,1,1,4,6,1,0
21,210015,1,1,1,6,1,23,4,8,0,1,0,39,2,49,471,49471,30,1993,4TARN81A5PZ1,4,T,A,R,N,8,1,A,5,P,Z,1,0,T,TOYT,USS,PK,93,17,,1,0,1029,UHT,G,,0,0,000000000,00000000000,0,0,0,1,0,0,0,0,0,0,0,50,0,0,0,12,12,4,3,8,0,0,0,1,21,42633,6,1,0,0,3,0,64,189,1,0,0,1,0,10,2007,2,2008,0,0,0,0,0,1,2,55,1,1,2,1,0,0,1,80,2,1,1,13,0,0
21,210016,1,1,2,8,1,19,38,8,0,1,0,21,1,7,472,7472,30,1993,1B7FL23X2PS1,1,B,7,F,L,2,3,X,2,P,S,1,0,T,DODG,DAK,PC,93,17,,1,0,1309,DAK,G,,0,0,000000000,00000000000,0,0,0,1,0,0,0,0,0,0,0,998,0,0,0,12,12,2,1,8,0,0,0,1,21,40219,6,1,0,0,3,0,72,205,0,0,0,0,0,0,0,0,0,0,0,0,0,0,2,2,45,1,1,2,2,0,0,1,80,3,1,1,13,0,0
21,210017,1,1,1,8,1,19,45,42,0,1,0,21,2,53,402,53402,14,2002,JS3TD62V0241,J,S,3,T,D,6,2,V,0,2,4,1,0,P,SUZI,GVT,UT,2,17,3285,,0,976,,G,,0,0,000000000,00000000000,0,0,0,1,0,0,0,0,0,0,0,998,0,0,0,62,62,6,2,42,0,0,0,1,21,42079,6,1,0,0,3,1,72,185,0,0,0,0,1,6,2009,6,2009,0,0,0,0,0,1,2,55,1,1,2,1,0,0,1,13,1,1,4,1,1,1
21,210018,1,2,1,10,1,9,53,12,2,1,0,18,2,37,402,37402,14,2001,JHLRD18691C0,J,H,L,R,D,1,8,6,9,1,C,0,0,P,HOND,CRV,UT,1,17,3245,,0,1032,,G,,0,0,000000000,00000000000,0,0,0,1,0,0,0,0,0,0,0,998,0,0,0,12,12,6,2,12,0,0,0,1,21,42101,1,1,0,0,2,0,69,168,0,3,2,0,1,2,2007,11,2008,0,28,0,0,0,1,2,35,1,1,2,2,28,3,1,10,1,1,2,50,0,1
21,210018,2,2,2,10,1,9,53,12,2,1,0,21,1,41,471,41471,30,1999,4F4YR16V3XTM,4,F,4,Y,R,1,6,V,3,X,T,M,0,T,MAZD,3CP,PC,99,17,,1,0,1257,B30,F,,0,0,000000000,00000000000,0,0,0,1,0,0,0,0,0,0,0,998,0,0,0,12,12,6,2,12,0,0,0,1,21,42101,6,1,0,0,3,0,71,170,0,0,0,0,0,0,0,0,0,0,0,0,0,0,1,2,35,1,1,2,2,28,3,1,62,1,1,1,51,1,0
21,210019,1,2,1,12,1,17,6,12,6,1,0,21,2,22,2,22002,4,1995,1G2HX52KXS42,1,G,2,H,X,5,2,K,X,S,4,2,0,P,PONT,BVS,4D,95,17,3446,,0,1108,,G,,0,0,000000000,00000000000,0,0,0,1,0,0,0,0,0,0,0,998,0,0,0,3,3,6,2,12,0,0,0,1,21,40769,6,1,0,0,3,0,69,170,0,0,0,0,0,0,0,0,0,0,99,99,99,99,1,2,55,1,1,2,1,0,0,1,10,6,1,2,64,1,1
21,210019,2,2,3,12,1,17,6,12,6,1,0,21,1,20,481,20481,31,1997,1GCEK14R4VE2,1,G,C,E,K,1,4,R,4,V,E,2,0,T,CHEV,GK1,PK,97,17,,2,1315,1175,GM4,G,,0,0,000000000,00000000000,0,0,0,1,0,0,0,0,0,0,0,998,0,0,0,12,12,6,2,12,0,0,0,1,21,40769,6,1,0,0,3,0,67,155,0,0,0,0,0,0,0,0,0,0,0,0,0,0,1,2,55,1,1,2,1,0,0,1,62,1,1,1,65,0,0
21,210020,1,2,1,13,1,8,59,12,6,1,0,21,2,49,471,49471,30,1994,4TARN81A6RZ1,4,T,A,R,N,8,1,A,6,R,Z,1,0,T,TOYT,USS,PK,94,17,,1,0,1030,UHT,G,,0,0,000000000,00000000000,0,0,0,1,0,0,0,0,0,0,0,55,0,0,0,12,12,6,2,12,0,0,0,1,21,41040,1,1,0,0,2,0,71,185,0,2,1,0,0,6,2007,4,2009,0,0,0,0,0,1,4,55,1,1,2,1,97,8,1,67,3,2,1,88,0,0
21,210020,2,2,1,13,1,8,59,12,6,1,0,21,1,12,17,12017,4,2004,1FAFP55U54A1,1,F,A,F,P,5,5,U,5,4,A,1,0,P,FORD,TSS,4D,4,17,3306,,0,1085,,G,,0,0,000000000,00000000000,0,0,0,1,0,0,0,0,0,0,0,5,0,0,0,9,9,6,2,12,0,0,0,1,21,41001,6,1,0,0,3,0,62,140,0,0,0,0,0,0,0,0,0,0,38,0,0,0,1,4,55,1,1,2,1,97,8,4,15,1,1,3,89,1,0
21,210021,1,2,4,13,1,15,18,12,6,1,0,21,1,21,17,21017,4,1990,1G3AJ54N1L63,1,G,3,A,J,5,4,N,1,L,6,3,0,P,OLDS,CIS,4D,90,17,2642,,0,1049,,G,,0,0,000000000,00000000000,0,0,0,1,0,0,0,0,0,0,0,998,0,1,1,11,11,6,2,12,0,0,0,1,21,41144,6,1,0,0,3,0,72,165,1,0,0,0,0,9,2008,9,2008,0,38,0,0,0,1,2,55,1,1,2,1,20,3,1,17,1,1,1,89,1,0
21,210021,2,2,2,13,1,15,18,12,6,1,0,37,1,12,21,12021,4,2005,1FAFP24155G2,1,F,A,F,P,2,4,1,5,5,G,2,0,P,FORD,5SL,4D,5,17,3643,,0,1129,,G,,0,0,000000000,00000000000,0,0,0,1,0,0,0,0,0,0,0,998,0,0,0,12,12,2,3,12,0,0,0,1,37,28625,6,1,0,0,3,0,67,999,0,0,0,0,0,0,0,0,0,0,0,0,0,0,1,2,55,1,1,2,1,98,3,1,66,6,1,1,88,0,0
21,210022,1,1,1,13,1,18,22,35,0,1,0,21,1,14,37,14037,4,1998,1MEFM66L4WK6,1,M,E,F,M,6,6,L,4,W,K,6,0,P,MERC,MLE,4D,98,17,0,,0,1065,,G,,0,0,000000000,00000000000,0,0,0,1,0,0,0,0,0,0,0,998,0,1,5,12,12,6,2,1,0,0,0,1,21,40972,6,1,0,0,3,0,66,210,0,2,2,0,0,1,2008,5,2008,0,58,0,0,0,1,2,55,1,1,2,1,0,0,1,13,9,2,4,2,1,1
21,210023,1,2,1,13,1,18,22,12,6,1,0,21,1,20,37,20037,4,1998,1G1NE52M5W62,1,G,1,N,E,5,2,M,5,W,6,2,0,P,CHEV,M/L,4D,98,17,3100,,0,1070,,G,,0,0,000000000,00000000000,0,0,0,1,0,0,0,0,0,0,0,13,0,0,0,9,9,6,2,12,0,0,0,1,21,40372,6,1,0,0,3,0,60,115,0,0,0,0,0,0,0,0,0,0,38,0,0,0,3,2,55,1,1,2,1,0,0,11,98,1,1,7,82,1,0
21,210023,2,2,1,13,1,18,22,12,6,1,0,21,2,49,40,49040,4,1999,4T1BG22K4XU5,4,T,1,B,G,2,2,K,4,X,U,5,0,P,TOYT,UEX,4D,99,17,2998,,0,1051,,G,,0,0,000000000,00000000000,0,0,0,1,0,0,0,0,0,0,0,66,0,0,0,12,12,6,2,12,0,0,0,1,21,40004,6,1,0,0,3,0,70,150,0,0,0,0,0,0,0,0,0,0,0,0,0,0,3,2,55,1,1,2,1,0,0,1,72,3,2,1,83,0,0
21,210024,1,2,1,13,1,19,20,12,8,1,0,47,1,6,51,6051,4,2007,2C3LA43R77H6,2,C,3,L,A,4,3,R,7,7,H,6,0,P,CHRY,C30,4D,7,17,3632,,0,1200,,G,,0,0,000000000,00000000000,0,0,0,1,0,0,0,0,0,0,0,998,0,0,0,62,62,6,2,12,0,0,0,1,47,42223,6,1,0,0,3,0,69,185,0,0,0,0,0,0,0,0,0,0,28,0,0,0,1,2,55,2,2,2,1,28,3,14,10,1,1,2,64,0,1
21,210024,2,2,2,13,1,19,20,12,8,1,0,21,1,49,43,49043,4,2002,4T1BF28B82U2,4,T,1,B,F,2,8,B,8,2,U,2,0,P,TOYT,UVS,4D,2,17,3417,,0,1071,,G,,0,0,000000000,00000000000,0,0,0,1,0,0,0,0,0,0,0,998,0,0,0,62,62,6,2,12,0,0,0,1,21,42240,6,1,0,0,3,0,66,160,0,0,0,0,0,0,0,0,0,0,0,0,0,0,1,2,55,3,2,2,1,28,3,14,62,1,1,1,65,1,0
21,210025,1,2,1,14,1,6,55,12,2,1,0,21,1,20,481,20481,31,1999,1GCEK19T5XE1,1,G,C,E,K,1,9,T,5,X,E,1,0,T,CHEV,SK1,3C,99,17,,2,1575,1435,SIL,G,,0,0,000000000,00000000000,0,0,0,1,0,0,0,0,0,0,0,998,0,0,0,12,12,6,2,12,0,0,0,1,21,40741,6,1,0,0,3,0,73,158,3,0,0,0,1,10,2007,6,2009,0,0,0,0,0,1,2,55,1,2,2,2,40,3,1,10,1,1,2,50,0,1
21,210025,2,2,1,14,1,6,55,12,2,1,0,21,2,20,481,20481,31,1988,1GCDK14K0JZ3,1,G,C,D,K,1,4,K,0,J,Z,3,0,T,CHEV,GK1,PK,88,17,,1,1315,1175,GM4,G,,0,0,000000000,00000000000,0,0,0,1,0,0,0,0,0,0,0,998,0,1,5,12,12,6,2,12,0,0,1,1,21,40741,6,1,0,0,3,0,72,210,0,0,0,0,0,0,0,0,0,1,0,0,0,0,1,2,55,1,2,2,2,0,0,1,62,1,1,1,51,1,0
21,210026,1,2,1,14,1,9,40,12,6,1,0,21,1,21,2,21002,4,1992,1G3HY53L2NH3,1,G,3,H,Y,5,3,L,2,N,H,3,0,P,OLDS,RLS,4D,92,17,3391,,0,1108,,G,,0,0,000000000,00000000000,0,0,0,1,0,0,0,0,0,0,0,998,0,0,0,3,3,6,2,12,0,0,0,1,21,40741,6,1,0,0,3,0,67,138,0,0,0,0,0,0,0,0,0,1,58,87,0,0,1,2,55,2,1,2,4,0,0,14,5,9,4,2,64,1,0
21,210026,2,2,1,14,1,9,40,12,6,1,0,47,1,23,481,23481,31,2002,2GTEK19T1212,2,G,T,E,K,1,9,T,1,2,1,2,0,T,GMC,NK1,4C,2,17,,2,1575,1435,SIE,G,,0,0,000000000,00000000000,0,0,0,1,0,0,0,0,0,0,0,998,0,0,0,12,12,6,2,12,0,0,0,1,47,37870,6,1,0,0,3,0,67,160,0,0,0,0,0,0,0,0,0,0,0,0,0,0,1,2,55,2,1,2,4,0,0,14,62,3,2,1,65,0,0
21,210027,1,1,1,14,1,19,49,17,0,1,0,21,2,7,43,7043,4,2006,1B3EL46X06N2,1,B,3,E,L,4,6,X,0,6,N,2,0,P,DODG,SRX,4D,6,17,3106,,0,1080,,G,,0,0,000000000,00000000000,0,0,0,1,0,0,0,0,0,0,0,998,0,1,5,1,12,6,2,35,0,0,0,1,21,40962,1,1,0,0,2,2,72,234,0,0,0,0,0,0,0,0,0,0,74,0,0,0,1,2,55,1,1,2,1,0,0,1,13,1,1,4,1,1,0
21,210028,1,1,4,15,1,20,15,8,0,1,0,21,2,12,17,12017,4,2002,1FAHP53UX2A2,1,F,A,H,P,5,3,U,X,2,A,2,0,P,FORD,TSE,4D,2,17,3355,,0,1085,,G,,0,0,000000000,00000000000,0,0,0,1,0,0,0,0,0,0,0,57,0,0,0,12,12,2,3,8,0,0,0,1,21,40146,6,7,0,0,2,2,67,135,0,0,0,0,0,0,0,0,0,0,73,0,0,0,1,2,55,1,2,2,1,0,0,1,80,1,1,1,13,0,0
21,210029,1,2,1,17,1,11,44,12,6,1,0,21,2,24,1,24001,4,1997,1G8ZG5289VZ1,1,G,8,Z,G,5,2,8,9,V,Z,1,0,P,STRN,SL1,4D,97,17,2264,,0,1024,,G,,0,0,000000000,00000000000,0,0,0,1,0,0,0,0,0,0,0,998,0,0,0,83,83,6,2,12,0,0,0,1,21,40503,6,1,0,0,3,0,58,183,0,0,0,0,0,0,0,0,0,0,87,0,0,0,3,2,55,1,2,1,2,3,3,11,9,6,4,2,68,1,0
21,210029,2,2,1,17,1,11,44,12,6,1,0,21,3,12,461,12461,21,1999,1FTSE34F7XHC,1,F,T,S,E,3,4,F,7,X,H,C,0,T,FORD,3SD,CG,99,17,,2,0,1380,VAN,D,,0,0,000000000,00000000000,0,0,0,1,0,0,0,0,0,0,0,998,0,0,0,12,12,4,3,12,0,0,0,1,21,40258,6,1,0,0,3,0,71,185,0,0,0,0,0,0,0,0,0,0,87,0,0,0,1,2,55,1,2,1,2,3,3,1,66,3,2,1,69,0,0
21,210030,1,1,1,17,1,13,30,24,0,1,0,21,1,12,17,12017,4,2003,1FAHP53U43A2,1,F,A,H,P,5,3,U,4,3,A,2,0,P,FORD,TSE,4D,3,17,3336,,0,1085,,G,,0,0,000000000,00000000000,0,0,0,1,0,0,0,0,0,0,0,998,0,1,5,61,61,6,2,1,0,0,0,1,21,40868,6,1,0,0,3,0,68,155,1,0,0,0,0,1,2007,1,2007,0,0,0,0,0,1,2,55,3,2,2,2,0,0,14,12,1,1,4,6,1,0
21,210031,1,2,1,17,1,16,24,8,0,1,0,21,2,12,481,12481,31,2000,1FTZX1725YNB,1,F,T,Z,X,1,7,2,5,Y,N,B,0,T,FORD,F15,4C,0,17,,1,1571,1385,COF,G,,0,0,000000000,00000000000,0,0,0,1,0,0,0,0,0,0,0,39,0,0,0,12,12,6,2,12,0,0,0,1,21,40216,6,1,0,0,3,0,74,250,0,0,0,0,0,0,0,0,0,0,4,0,0,0,1,4,35,1,1,2,2,0,0,1,80,2,1,1,13,0,0
21,210031,2,2,0,17,1,16,24,8,0,1,0,21,6,12,481,12481,31,2005,1FTRX12W95NB,1,F,T,R,X,1,2,W,9,5,N,B,0,T,FORD,F15,4C,5,17,,2,1450,1260,COF,G,,0,0,000000000,00000000000,0,0,0,1,0,0,0,0,0,0,0,0,0,0,0,6,6,4,3,12,0,0,0,0,,,,,,,,,999,,,,,,,,,,,,0,0,0,0,1,4,35,1,1,2,2,0,0,0,53,0,0,0,98,0,0
21,210032,1,1,1,18,1,0,7,10,0,1,0,21,1,12,481,12481,31,2004,1FTRX14WX4NC,1,F,T,R,X,1,4,W,X,4,N,C,0,T,FORD,F15,4C,4,17,,2,1450,1260,COF,G,,0,0,000000000,00000000000,0,0,0,1,0,0,0,0,0,0,0,0,0,1,5,61,61,6,2,10,0,0,0,1,21,41175,6,1,0,0,3,0,66,120,0,0,0,0,0,0,0,0,0,0,23,0,0,0,1,2,15,1,3,2,1,65,8,5,91,1,1,1,98,1,1
21,210033,1,1,1,18,1,5,0,1,0,1,0,21,2,82,881,82881,66,1999,1FUYDCXB1XLA,1,F,U,Y,D,C,X,B,1,X,L,A,1,T,FRHT,FLD,DS,99,17,,8,0,0,CON,D,,1,57,00671507,5700671507,3,6,97,1,0,0,0,0,0,0,0,998,0,2,5,0,0,6,2,1,0,0,0,1,21,42240,6,1,6,0,3,0,65,275,2,0,0,0,0,9,2007,11,2007,1,58,0,0,0,1,2,55,1,3,2,1,0,0,1,13,3,1,4,1,1,0
21,210034,1,3,1,18,1,12,55,12,2,1,0,21,1,6,441,6441,20,2001,2C8GP44GX1R1,2,C,8,G,P,4,4,G,X,1,R,1,0,P,CHRY,TWC,SV,1,17,3993,,0,1193,,G,,0,0,000000000,00000000000,0,0,0,1,0,0,0,0,0,0,0,998,0,0,0,12,12,6,2,12,0,0,0,1,21,40511,6,1,0,0,3,0,64,230,1,0,0,0,0,11,2007,11,2007,0,0,0,0,0,1,2,55,1,2,2,1,0,0,1,10,1,1,2,50,1,0
21,210034,2,3,1,18,1,12,55,12,2,1,0,18,4,23,461,23461,21,2008,1GDJG31KX819,1,G,D,J,G,3,1,K,X,8,1,9,0,T,GMC,SCT,YY,8,17,,3,1770,1390,STV,G,,0,57,0327574,570327574,2,1,1,1,0,0,0,0,0,0,0,998,0,0,0,12,12,6,2,12,0,0,0,1,21,40311,6,1,6,1,3,1,69,218,1,0,0,0,0,5,2008,5,2008,0,0,0,0,0,1,2,55,1,2,2,1,0,0,1,62,9,2,1,51,0,0
21,210034,3,3,1,18,1,12,55,12,2,1,0,21,2,38,402,38402,14,1999,4S2CK58W1X43,4,S,2,C,K,5,8,W,1,X,4,3,0,P,ISU,ROD,UT,99,17,3528,,0,1064,,G,,0,0,000000000,00000000000,0,0,0,1,0,0,0,0,0,0,0,998,0,0,0,11,11,2,1,12,0,0,0,1,21,40324,6,1,0,0,3,0,68,190,0,0,0,0,0,0,0,0,0,0,0,0,0,0,1,2,55,1,2,2,1,0,0,1,61,9,1,4,98,0,0
21,210035,1,1,1,5,1,21,37,8,0,1,0,21,2,35,43,35043,4,2001,3N1CB51D41L4,3,N,1,C,B,5,1,D,4,1,L,4,0,P,NISS,XGX,4D,1,17,2469,,0,998,,G,,0,0,000000000,00000000000,0,0,0,1,0,0,0,0,0,0,0,25,0,0,0,12,12,2,1,8,0,0,0,1,21,40220,6,1,0,0,3,0,63,120,0,0,0,0,0,0,0,0,0,0,0,0,0,0,1,2,35,1,1,2,1,0,0,1,80,98,1,1,13,0,0
21,210036,1,4,1,19,1,23,15,12,8,1,0,21,1,55,38,55038,4,2004,KMHFU45E54A3,K,M,H,F,U,4,5,E,5,4,A,3,0,P,HYUN,XG5,4D,4,17,3651,,0,1083,,G,,0,0,000000000,00000000000,0,0,0,1,0,0,0,0,0,0,0,998,0,0,0,10,12,6,2,12,0,0,0,1,21,40515,6,1,0,0,3,1,66,132,0,0,0,0,0,0,0,0,0,0,51,92,0,0,3,4,55,1,2,2,2,0,0,1,54,1,1,1,66,0,1
21,210036,2,4,1,19,1,23,15,12,8,1,0,21,1,20,37,20037,4,2005,1G1ZU64845F2,1,G,1,Z,U,6,4,8,4,5,F,2,0,P,CHEV,XLT,4D,5,17,3476,,0,1123,,G,,0,0,000000000,00000000000,0,0,0,1,0,0,0,0,0,0,0,998,0,0,0,9,9,6,2,12,0,0,0,1,21,40503,6,1,0,0,3,1,60,115,0,0,0,0,0,0,0,0,0,0,0,0,0,0,3,4,55,1,2,2,2,0,0,1,54,7,1,1,66,0,0
21,210036,3,4,1,19,1,23,15,12,8,1,0,21,1,53,34,53034,4,2006,KL5JD56Z16K3,K,L,5,J,D,5,6,Z,1,6,K,3,0,P,SUZI,FZB,4D,6,17,2701,,0,1024,,G,,0,0,000000000,00000000000,0,0,0,1,0,0,0,0,0,0,0,998,0,0,0,12,12,6,2,12,0,0,0,1,21,40503,6,1,0,0,3,1,67,250,1,0,0,0,0,3,2008,3,2008,0,0,0,0,0,3,4,55,1,2,2,2,0,0,1,62,1,1,1,98,1,0
21,210036,4,4,1,19,1,23,15,12,8,1,0,21,1,37,31,37031,4,1996,2HGEJ6672TH5,2,H,G,E,J,6,6,7,2,T,H,5,0,P,HOND,UCL,4D,96,17,2426,,0,1032,,G,,0,0,000000000,00000000000,0,0,0,1,0,0,0,0,0,0,0,998,0,0,0,12,12,6,2,54,0,0,0,1,21,40502,6,1,0,0,3,1,69,195,1,0,0,0,0,8,2007,8,2007,0,0,0,0,0,3,4,55,1,2,2,2,0,0,1,98,1,1,1,98,0,0
21,210037,1,2,1,21,1,7,20,12,2,1,0,21,2,20,441,20441,20,1991,1GNDM19Z1MB2,1,G,N,D,M,1,9,Z,1,M,B,2,0,T,CHEV,AST,ES,91,17,,1,0,1110,AST,G,,0,0,000000000,00000000000,0,0,0,1,0,0,0,0,0,0,0,998,0,0,0,12,12,6,2,12,0,0,0,1,21,40383,1,1,0,0,2,0,67,145,0,3,2,0,0,6,2009,10,2009,0,28,0,0,0,1,2,35,1,2,2,2,0,0,1,10,1,1,2,50,1,0
21,210037,2,2,4,21,1,7,20,12,2,1,0,21,3,84,981,84981,50,2007,4DRBUAAL97A4,4,D,R,B,U,A,A,L,9,7,A,4,0,U,,,,7,17,,,,,,,,0,88,888888888,88888888888,2,21,22,1,0,0,0,0,1,0,0,998,0,0,0,12,12,6,2,12,0,0,0,1,21,40383,6,1,6,1,3,1,64,150,2,0,0,0,0,4,2007,9,2007,0,0,0,0,0,1,2,35,1,2,2,2,0,0,1,62,3,2,1,51,0,0
21,210038,1,1,1,21,1,8,58,30,0,1,0,21,2,51,34,51034,4,1991,YV1AA8847M14,Y,V,1,A,A,8,8,4,7,M,1,4,0,P,VOLV,240,4D,91,17,2919,,0,1043,,G,,0,0,000000000,00000000000,0,0,0,1,0,0,0,0,0,0,0,998,0,0,0,81,81,6,2,38,0,0,0,1,21,40026,6,1,0,0,3,0,64,124,0,0,0,0,0,0,0,0,0,0,99,99,99,99,1,2,55,4,2,2,2,0,0,14,13,1,1,4,1,1,0
21,210039,1,2,1,21,1,10,20,12,2,1,0,21,2,63,401,63401,14,1999,KNDJA7236X55,K,N,D,J,A,7,2,3,6,X,5,5,0,P,KIA,SPO,UT,99,17,3352,,0,1043,,G,,0,0,000000000,00000000000,0,0,0,1,0,0,0,0,0,0,0,998,0,0,0,12,12,6,2,12,0,0,1,1,21,41616,6,1,0,0,3,1,64,95,0,1,1,0,0,8,2007,8,2007,0,50,0,0,0,2,2,55,1,2,2,1,0,0,1,10,1,1,2,50,1,0
21,210039,2,2,1,21,1,10,20,12,2,1,0,21,3,86,881,86881,66,1991,1M3AY57K8MM0,1,M,3,A,Y,5,7,K,8,M,M,0,1,T,MACK,R7W,GL,91,17,,8,0,0,700,,,1,57,01289224,5701289224,3,6,4,1,0,0,0,0,0,0,0,998,0,0,0,12,12,6,2,12,0,0,0,1,21,41655,6,1,6,0,3,0,69,135,0,0,0,0,0,0,0,0,0,0,0,0,0,0,2,2,55,1,2,2,1,0,0,1,64,6,1,2,51,0,0
21,210040,1,2,1,17,1,12,56,12,6,1,0,21,1,35,47,35047,4,2005,1N4AL11D05C2,1,N,4,A,L,1,1,D,0,5,C,2,0,P,NISS,ASL,4D,5,17,2915,,0,1102,,G,,0,0,000000000,00000000000,0,0,0,1,0,0,0,0,0,0,0,998,0,0,0,12,12,6,2,12,0,0,0,1,21,41129,6,1,0,0,3,0,68,140,0,0,0,0,0,0,0,0,0,0,38,0,0,0,1,2,55,1,1,2,2,20,3,1,17,1,1,1,88,0,0
21,210040,2,2,3,17,1,12,56,12,6,1,0,21,1,49,53,49053,5,2009,4T3BK11A09U0,4,T,3,B,K,1,1,A,0,9,U,0,0,P,TOYT,VEN,UT,9,17,4045,,0,1093,,G,,0,0,000000000,00000000000,0,0,0,1,0,0,0,0,0,0,0,998,0,0,0,9,9,6,2,12,0,0,0,1,21,41169,6,1,0,0,3,1,63,110,1,0,0,0,0,1,2008,1,2008,0,0,0,0,0,3,2,55,1,1,2,2,0,0,1,66,1,1,1,89,1,0
21,210041,1,1,2,22,1,15,7,35,0,1,0,21,1,49,32,49032,4,1993,1NXAE09E6PZ0,1,N,X,A,E,0,9,E,6,P,Z,0,0,P,TOYT,LED,4D,93,17,2370,,0,957,,G,,0,0,000000000,00000000000,0,0,0,1,0,0,0,0,0,0,0,55,0,1,5,3,3,6,2,1,0,0,0,1,21,40965,6,1,0,0,3,1,62,150,0,0,0,0,0,0,0,0,0,0,87,0,0,0,1,2,45,1,1,2,2,40,3,1,8,6,4,4,7,1,0