STATE,ST_CASE,VEH_NO,VE_FORMS,NUMOCCS,DAY,MONTH,HOUR,MINUTE,HARM_EV,MAN_COLL,UNITTYPE,HIT_RUN,REG_STAT,OWNER,MAKE,MODEL,MAK_MOD,BODY_TYP,MOD_YEAR,VIN,VIN_1,VIN_2,VIN_3,VIN_4,VIN_5,VIN_6,VIN_7,VIN_8,VIN_9,VIN_10,VIN_11,VIN_12,TOW_VEH,VINTYPE,VINMAKE,VINA_MOD,VIN_BT,VINMODYR,VIN_LNGT,VIN_WGT,WGTCD_TR,WHLBS_LG,WHLBS_SH,SER_TR,FUELCODE,MCYCL_DS,J_KNIFE,MCARR_I1,MCARR_I2,MCARR_ID,GVWR,V_CONFIG,CARGO_BT,HAZ_INV,HAZ_PLAC,HAZ_ID,HAZ_CNO,HAZ_REL,BUS_USE,SPEC_USE,EMER_USE,TRAV_SP,UNDERIDE,ROLLOVER,ROLINLOC,IMPACT1,IMPACT2,DEFORMED,TOWED,M_HARM,VEH_SC1,VEH_SC2,FIRE_EXP,DR_PRES,L_STATE,DR_ZIP,L_STATUS,L_TYPE,CDL_STAT,L_ENDORS,L_COMPL,L_RESTRI,DR_HGT,DR_WGT,PREV_ACC,PREV_SUS,PREV_DWI,PREV_SPD,PREV_OTH,FIRST_MO,FIRST_YR,LAST_MO,LAST_YR,SPEEDREL,DR_SF1,DR_SF2,DR_SF3,DR_SF4,VTRAFWAY,VNUM_LAN,VSPD_LIM,VALIGN,VPROFILE,VPAVETYP,VSURCOND,VTRAFCON,VTCONT_F,P_CRASH1,P_CRASH2,P_CRASH3,PCRASH4,PCRASH5,ACC_TYPE,DEATHS,DR_DRINK
21,210042,1,1,3,23,1,19,55,42,0,1,0,21,2,7,43,7043,2,2001,4B3AG52H81E0,4,B,3,A,G,5,2,H,8,1,E,0,0,P,DODG,SRS,2P,1,17,3098,,0,1037,,G,,0,0,000000000,00000000000,0,0,0,1,0,0,0,0,0,0,0,70,0,0,0,3,3,6,2,42,0,0,0,1,21,41095,6,2,0,0,3,0,73,180,0,0,0,0,0,0,0,0,0,1,52,0,0,0,1,2,45,1,1,2,2,0,0,1,6,1,4,4,7,2,1
21,210043,1,2,1,26,1,6,13,12,6,1,0,21,2,22,20,22020,4,1998,1G2WJ52M8WF2,1,G,2,W,J,5,2,M,8,W,F,2,0,P,PONT,GFS,4D,98,17,3373,,0,1105,,G,,0,0,000000000,00000000000,0,0,0,1,0,0,0,0,0,0,0,50,0,0,0,10,10,6,2,12,0,0,0,1,21,42303,6,1,0,0,3,0,63,175,0,0,0,0,0,0,0,0,0,0,87,0,0,0,1,2,55,1,2,2,4,0,0,1,5,7,2,6,64,1,0
21,210043,2,2,1,26,1,6,13,12,6,1,0,21,1,6,43,6043,4,2004,1C3EL46XX4N3,1,C,3,E,L,4,6,X,X,4,N,3,0,P,CHRY,SLX,4D,4,17,3106,,0,1080,,G,,0,0,000000000,00000000000,0,0,0,1,0,0,0,0,0,0,0,25,0,0,0,12,12,6,2,12,0,0,0,1,21,42366,6,1,0,0,3,1,60,170,0,0,0,0,0,0,0,0,0,0,87,0,0,0,1,2,55,1,1,2,4,0,0,1,62,3,2,1,65,0,0
21,210044,1,2,7,26,1,9,42,12,1,1,0,21,3,12,441,12441,20,1996,1FMDA31X2TZB,1,F,M,D,A,3,1,X,2,T,Z,B,0,T,FORD,ARO,ES,96,17,,1,0,1190,ARO,G,,0,0,000000000,00000000000,0,0,0,1,0,0,0,0,0,0,0,30,0,0,0,6,12,6,2,21,0,0,0,1,21,40210,6,1,0,0,3,0,72,240,0,0,0,0,0,0,0,0,0,0,28,87,0,0,2,2,35,1,2,2,4,0,0,1,5,7,3,2,27,1,0
21,210044,2,2,2,26,1,9,42,12,1,1,0,21,1,49,40,49040,4,1993,4T1SK12E1PU2,4,T,1,S,K,1,2,E,1,P,U,2,0,P,TOYT,CLE,4D,93,17,3053,,0,1031,,G,,0,0,000000000,00000000000,0,0,0,1,0,0,0,0,0,0,0,20,0,0,0,12,12,6,2,12,0,0,0,1,21,40213,6,1,0,0,3,1,69,140,0,0,0,0,0,0,0,0,0,0,0,0,0,0,2,2,35,1,2,2,4,0,0,1,60,6,1,1,24,0,0
21,210045,1,1,2,7,1,14,6,42,0,1,0,21,2,53,40,53040,5,2007,JS2YB4139751,J,S,2,Y,B,4,1,3,9,7,5,1,0,P,SUZI,SXA,4H,7,17,2800,,0,984,,G,,0,0,000000000,00000000000,0,0,0,1,0,0,0,0,0,0,0,998,0,0,0,12,12,6,2,42,0,0,0,1,21,40486,6,1,0,0,3,0,61,170,0,0,0,0,0,0,0,0,0,0,87,0,0,0,1,2,55,1,3,2,4,0,0,1,5,1,1,4,6,1,0
21,210046,1,1,2,21,1,7,5,8,0,1,0,21,1,12,401,12401,14,2005,1FMZU74W35UA,1,F,M,Z,U,7,4,W,3,5,U,A,0,P,FORD,EPR,UT,5,17,4094,,0,1137,,G,,0,0,000000000,00000000000,0,0,0,1,0,0,0,0,0,0,0,25,0,0,0,12,12,2,1,8,0,0,0,1,21,41101,6,1,0,0,3,0,72,250,0,0,0,0,0,0,0,0,0,0,0,0,0,0,1,2,35,1,2,2,1,0,0,1,80,3,2,1,13,0,0
21,210047,1,1,1,27,1,8,45,14,0,1,0,39,1,12,13,12013,2,1993,1FAPP11J8PW2,1,F,A,P,P,1,1,J,8,P,W,2,0,P,FORD,EST,2H,93,17,2312,,0,984,,G,,0,0,000000000,00000000000,0,0,0,1,0,0,0,0,0,0,0,55,0,0,0,61,61,6,2,14,0,0,0,1,39,45242,6,1,0,0,3,0,70,150,1,0,0,3,0,8,2007,3,2009,0,87,0,0,0,1,2,55,3,1,2,4,0,0,14,5,1,3,4,2,1,0
21,210048,1,1,1,19,1,12,41,3,0,1,0,12,1,12,471,12471,30,2003,1FTYR44V03PA,1,F,T,Y,R,4,4,V,0,3,P,A,0,T,FORD,RNS,4C,3,17,,1,0,1257,RNG,F,,0,0,000000000,00000000000,0,0,0,1,0,0,0,0,0,0,0,35,0,0,0,0,0,6,2,3,0,0,0,1,12,34972,6,1,0,0,3,1,71,999,0,0,0,0,0,0,0,0,0,0,0,0,0,0,1,2,55,1,1,2,1,0,0,1,13,1,1,4,0,1,0
21,210049,1,1,2,28,1,22,2,59,0,1,0,21,1,7,482,7482,31,2007,3D7MX48A47G7,3,D,7,M,X,4,8,A,4,7,G,7,0,T,DODG,SQ3,CW,7,17,,3,0,1600,RPC,D,,0,0,000000000,00000000000,0,0,0,1,0,0,0,0,0,0,0,100,0,1,5,12,12,6,2,42,0,0,0,1,21,41164,6,1,0,0,3,1,72,210,0,0,0,0,0,0,0,0,0,1,39,0,0,0,1,2,45,1,2,2,1,20,3,1,6,1,1,4,14,2,1
21,210050,1,2,1,27,1,13,20,12,6,1,0,21,1,12,481,12481,31,2004,1FTRW14W84KC,1,F,T,R,W,1,4,W,8,4,K,C,0,T,FORD,F1S,CW,4,17,,2,1450,1260,COF,G,,0,0,000000000,00000000000,0,0,0,1,0,0,0,0,0,0,0,998,0,0,0,9,9,6,2,12,0,0,0,1,21,41858,6,1,0,0,3,1,74,235,0,1,1,0,0,8,2009,9,2009,0,38,0,0,0,1,2,55,1,1,2,1,0,0,16,98,1,1,7,89,0,0
21,210050,2,2,2,27,1,13,20,12,6,1,0,21,1,20,481,20481,31,1978,CCL448F33053,C,C,L,4,4,8,F,3,3,0,5,3,0,P,,,,,,,,,,,,,0,0,000000000,00000000000,0,0,0,1,0,0,0,0,0,0,0,998,0,0,0,12,12,6,2,12,0,0,0,1,21,40729,6,1,0,0,3,0,70,145,0,0,0,0,0,0,0,0,0,0,0,0,0,0,1,2,55,1,1,2,1,0,0,1,64,1,1,1,88,1,0
21,210051,1,2,2,31,1,8,35,12,1,1,0,47,2,7,43,7043,4,1996,1B3EJ46X7TN1,1,B,3,E,J,4,6,X,7,T,N,1,0,P,DODG,STR,4D,96,17,2859,,0,1080,,G,,0,0,000000000,00000000000,0,0,0,1,0,0,0,0,0,0,0,70,1,0,0,12,12,6,2,12,0,0,1,1,21,40509,0,0,0,0,0,0,70,999,0,0,0,0,0,0,0,0,0,1,0,0,0,0,1,2,55,1,5,2,1,0,0,1,50,1,1,1,32,1,1
21,210051,2,2,0,31,1,8,35,12,1,1,0,21,3,23,881,23881,63,2000,1GDP7H1C2YJ5,1,G,D,P,7,H,1,C,2,Y,J,5,0,T,GMC,7H4,CC,0,17,,8,2810,1450,CSR,D,,0,88,888888888,88888888888,3,1,96,1,0,0,0,0,0,0,0,0,0,0,0,6,6,6,2,12,0,0,0,0,,,,,,,,,999,,,,,,,,,,,,20,0,0,0,1,2,55,1,5,2,1,0,0,0,53,0,0,0,32,0,0
21,210052,1,1,2,26,1,11,32,42,0,1,0,21,2,22,18,22018,4,2000,1G2NF52T4YM7,1,G,2,N,F,5,2,T,4,Y,M,7,0,P,PONT,SE1,4D,0,17,3116,,0,1070,,G,,0,0,000000000,00000000000,0,0,0,1,0,0,0,0,0,0,0,998,0,0,0,12,12,6,2,42,0,0,0,1,21,42764,6,1,0,0,3,0,69,120,0,0,0,0,0,0,0,0,0,0,87,0,0,0,1,2,55,1,1,2,3,0,0,1,5,98,9,4,1,1,0
21,210053,1,2,1,23,1,18,12,12,6,1,0,21,1,7,482,7482,31,1995,1B7HF16Y0SS1,1,B,7,H,F,1,6,Y,0,S,S,1,0,T,DODG,150,PK,95,17,,2,1347,1187,RPC,G,,0,0,000000000,00000000000,0,0,0,1,0,0,0,0,0,0,0,998,0,0,0,12,12,6,2,12,0,0,0,1,21,40997,6,1,0,0,3,0,65,110,0,0,0,0,0,0,0,0,0,0,38,0,0,0,2,2,55,1,1,2,1,3,3,11,15,1,1,2,68,0,0
21,210053,2,2,2,23,1,18,12,12,6,1,0,21,2,49,40,49040,4,1998,4T1BG22K8WU8,4,T,1,B,G,2,2,K,8,W,U,8,0,P,TOYT,CXL,4D,98,17,2998,,0,1051,,G,,0,0,000000000,00000000000,0,0,0,1,0,0,0,0,0,0,0,998,0,0,0,11,11,6,2,12,0,0,0,1,21,40906,6,1,0,0,3,0,66,140,0,0,0,0,0,0,0,0,0,0,0,0,0,0,2,2,55,1,1,2,1,3,3,1,66,1,1,1,69,1,0
21,210054,1,2,1,9,1,8,20,12,2,1,0,21,2,37,401,37401,14,2000,4S6DM58W2Y44,4,S,6,D,M,5,8,W,2,Y,4,4,0,P,HOND,PAS,UT,0,17,4041,,0,1064,,G,,0,0,000000000,00000000000,0,0,0,1,0,0,0,0,0,0,0,65,0,1,5,12,12,6,2,12,0,0,0,1,21,42035,6,1,0,0,3,0,74,180,1,1,1,0,0,4,2007,4,2009,0,0,0,0,0,1,2,55,1,2,2,1,0,0,1,10,1,1,2,50,0,1
21,210054,2,2,1,9,1,8,20,12,2,1,0,21,2,12,3,12003,2,2000,1FAFP4049YF2,1,F,A,F,P,4,0,4,9,Y,F,2,0,P,FORD,MUS,CP,0,17,3066,,0,1013,,G,,0,0,000000000,00000000000,0,0,0,1,0,0,0,0,0,0,0,65,0,0,0,12,12,6,2,12,0,0,0,1,21,42021,6,1,0,0,3,0,67,129,0,0,0,0,0,0,0,0,0,0,0,0,0,0,1,2,55,1,2,2,1,0,0,1,62,1,1,1,51,1,0
21,210055,1,2,1,2,2,12,31,12,6,1,0,21,1,37,709,37709,81,1983,JH2AB1017DS1,J,H,2,A,B,1,0,1,7,D,S,1,0,M,HOND,N5I,RS,83,17,,,,,,,50,0,0,000000000,00000000000,0,0,0,1,0,0,0,0,0,0,0,998,0,0,0,12,12,6,4,12,0,0,0,1,21,41824,0,0,0,0,0,0,999,999,0,0,0,0,0,0,0,0,0,1,28,0,0,0,1,3,55,1,3,2,2,40,3,15,8,1,1,2,46,1,0
21,210055,2,2,1,2,2,12,31,12,6,1,0,21,3,86,881,86881,63,1993,1M2B209CXPM0,1,M,2,B,2,0,9,C,X,P,M,0,0,T,MACK,DM6,DP,93,17,,8,0,0,600,D,,0,77,777777777,77777777777,3,1,7,1,0,0,0,0,0,0,0,998,0,0,0,9,9,2,1,12,0,0,0,1,21,41339,6,1,6,0,3,0,66,180,0,0,0,0,0,0,0,0,0,0,0,0,0,0,1,3,55,1,3,2,2,40,3,1,61,2,1,1,45,0,0
21,210056,1,1,1,3,2,10,21,8,0,1,0,21,3,20,881,20881,63,2001,1GBM7H1E91J5,1,G,B,M,7,H,1,E,9,1,J,5,0,T,CHEV,7H4,CC,1,17,,7,2810,1450,CSR,G,,0,57,00706036,5700706036,3,1,2,2,2,1075,2,1,0,0,0,998,0,0,0,12,12,2,1,8,0,0,0,1,21,40006,6,1,6,1,3,0,73,216,0,0,0,1,0,9,2009,9,2009,0,38,0,0,0,1,2,55,1,1,2,1,3,3,10,80,1,1,1,13,0,0
21,210057,1,2,1,5,2,7,33,12,8,1,0,21,2,23,471,23471,30,1995,1GTDT19W3S85,1,G,T,D,T,1,9,W,3,S,8,5,0,T,GMC,SON,PC,95,17,,1,0,1229,SON,G,,0,0,000000000,00000000000,0,0,0,1,0,0,0,0,0,0,0,998,0,0,0,11,11,6,2,12,0,0,0,1,21,42503,6,1,0,0,3,0,63,160,1,0,0,0,0,10,2009,10,2009,0,0,0,0,0,1,2,55,4,1,2,2,0,0,14,10,1,1,2,64,0,0
21,210057,2,2,1,5,2,7,33,12,8,1,0,21,1,14,6,14006,4,1997,2MELM75W4VX6,2,M,E,L,M,7,5,W,4,V,X,6,0,P,MERC,MGL,4D,97,17,3796,,0,1144,,G,,0,0,000000000,00000000000,0,0,0,1,0,0,0,0,0,0,0,998,0,0,0,10,10,6,2,12,0,0,0,1,21,42501,6,1,0,0,3,1,74,195,0,0,0,0,0,0,0,0,0,0,0,0,0,0,1,2,55,4,1,2,2,0,0,14,62,1,1,1,65,1,0
21,210058,1,2,1,5,2,12,18,12,6,1,0,21,1,20,2,20002,4,2000,2G1WF52EXY92,2,G,1,W,F,5,2,E,X,Y,9,2,0,P,CHEV,IMP,4D,0,17,3389,,0,1110,,G,,0,0,000000000,00000000000,0,0,0,1,0,0,0,0,0,0,0,998,0,0,0,62,62,6,2,12,0,0,0,1,21,41129,6,1,0,0,3,1,67,270,1,0,0,0,0,8,2009,8,2009,0,0,0,0,0,1,2,98,1,1,2,2,20,3,1,17,1,1,1,89,1,0
21,210058,2,2,1,5,2,12,18,12,6,1,0,21,3,87,881,87881,66,2001,1XP5DB0X51N5,1,X,P,5,D,B,0,X,5,1,N,5,1,T,PTRB,379,DS,1,17,,8,0,0,CON,D,,1,57,01101969,5701101969,3,6,4,1,0,0,0,0,0,0,0,998,7,0,0,12,12,2,3,12,0,0,0,1,21,41240,6,1,6,0,3,0,68,230,0,0,0,0,0,0,0,0,0,0,0,0,0,0,3,2,55,1,1,2,2,0,0,1,66,9,1,1,88,0,0
21,210059,1,1,3,7,2,18,29,35,0,1,0,21,1,37,31,37031,4,1995,1HGCD5536SA0,1,H,G,C,D,5,5,3,6,S,A,0,0,P,HOND,ULE,4D,95,17,2809,,0,1069,,G,,0,0,000000000,00000000000,0,0,0,1,0,0,0,0,0,0,0,998,0,1,5,9,9,6,2,35,0,0,0,1,21,42436,6,1,0,0,3,0,70,150,0,0,0,0,0,0,0,0,0,0,35,85,0,0,1,2,55,2,1,2,1,40,3,6,12,7,1,4,6,1,0
21,210060,1,1,1,11,2,12,25,21,0,1,0,21,1,20,20,20020,4,1993,2G1WN54T2P91,2,G,1,W,N,5,4,T,2,P,9,1,0,P,CHEV,EUR,4D,93,17,3193,,0,1075,,G,,0,0,000000000,00000000000,0,0,0,1,0,0,0,0,0,0,0,998,0,1,5,61,61,6,2,1,0,0,0,1,21,41173,6,1,0,0,3,0,67,150,0,0,0,0,0,0,0,0,0,1,87,0,0,0,1,2,55,2,2,2,3,0,0,14,13,7,1,4,1,1,1
21,210061,1,1,1,13,2,3,51,52,0,1,0,18,1,12,481,12481,31,2003,1FTNX21P63ED,1,F,T,N,X,2,1,P,6,3,E,D,0,T,FORD,F2S,4C,3,17,,2,1580,1418,SRW,D,,0,0,000000000,00000000000,0,0,0,1,0,0,0,0,0,0,0,998,0,1,3,12,12,6,2,1,0,0,0,1,21,42452,6,1,0,0,3,0,70,140,0,0,0,1,1,4,2009,12,2009,0,0,0,0,0,3,2,70,1,1,2,1,0,0,1,12,1,1,4,6,1,1
21,210062,1,1,2,14,2,3,25,52,0,1,0,21,2,53,34,53034,6,2005,KL5JD56Z95K1,K,L,5,J,D,5,6,Z,9,5,K,1,0,P,SUZI,FZS,4D,5,17,2700,,0,1024,,G,,0,0,000000000,00000000000,0,0,0,1,0,0,0,0,0,0,0,998,0,1,5,12,12,6,2,1,0,0,0,1,21,42240,6,1,0,0,3,1,72,175,0,0,0,0,0,0,0,0,0,1,0,0,0,0,3,2,70,2,1,2,1,0,0,14,12,1,1,4,6,1,0
21,210063,1,1,1,15,2,14,6,1,0,1,0,21,1,52,37,52037,2,1999,4A3AK34Y0XE1,4,A,3,A,K,3,4,Y,0,X,E,1,0,P,MITS,ERS,2H,99,17,2754,,0,988,,G,,0,0,000000000,00000000000,0,0,0,1,0,0,0,0,0,0,0,998,0,2,5,0,0,6,2,1,0,0,0,1,21,40033,1,1,0,0,2,2,70,999,0,1,0,0,1,10,2008,12,2008,0,74,0,0,0,1,2,55,3,1,2,10,0,0,14,13,1,1,4,1,1,0
21,210064,1,2,1,16,2,14,14,12,2,1,0,21,1,20,16,20016,4,1993,1G1JF14T8P72,1,G,1,J,F,1,4,T,8,P,7,2,0,P,CHEV,CZ2,CP,93,17,2695,,0,1013,,G,,0,0,000000000,00000000000,0,0,0,1,0,0,0,0,0,0,0,50,1,0,0,12,12,6,2,12,0,0,0,1,21,40403,1,1,0,0,2,2,64,160,0,1,0,0,1,11,2009,11,2009,0,87,74,0,0,1,2,55,3,2,2,2,40,3,14,10,1,1,2,50,1,1
21,210064,2,2,1,16,2,14,14,12,2,1,0,21,1,7,442,7442,20,1994,1B4GK44R5RX3,1,B,4,G,K,4,4,R,5,R,X,3,0,P,DODG,CAR,SV,94,17,3915,,0,1193,,G,,0,0,000000000,00000000000,0,0,0,1,0,0,0,0,0,0,0,40,7,0,0,12,12,6,2,12,0,0,0,1,21,40403,6,1,0,0,3,0,72,235,0,0,0,0,0,0,0,0,0,0,87,0,0,0,1,2,55,2,2,2,2,40,3,14,62,2,1,1,51,0,0
21,210065,1,1,3,16,2,15,26,30,0,1,0,21,2,35,47,35047,4,1995,1N4BU31D8SC2,1,N,4,B,U,3,1,D,8,S,C,2,0,P,NISS,AGS,4D,95,17,2800,,0,1031,,G,,0,0,000000000,00000000000,0,0,0,1,0,0,0,0,0,0,0,50,0,0,0,9,9,6,2,30,0,0,0,1,21,40391,6,2,0,0,3,1,61,116,0,0,0,0,0,0,0,0,0,0,58,87,0,0,1,2,55,1,1,2,10,0,0,1,13,7,1,4,1,1,0
21,210066,1,2,1,15,2,16,30,12,6,1,0,47,1,35,47,35047,4,1993,1N4BU31FXPC1,1,N,4,B,U,3,1,F,X,P,C,1,0,P,NISS,AGS,4D,93,17,2729,,0,1031,,G,,0,0,000000000,00000000000,0,0,0,1,0,0,0,0,0,0,0,5,0,0,0,62,62,6,2,12,0,0,0,1,21,40965,6,1,0,0,3,0,70,188,0,0,0,0,0,0,0,0,0,0,38,0,0,0,1,2,35,1,3,2,3,20,3,4,17,1,1,1,89,1,0
21,210066,2,2,1,15,2,16,30,12,6,1,0,21,1,20,481,20481,31,2004,1GCHK29U74E3,1,G,C,H,K,2,9,U,7,4,E,3,0,T,CHEV,2KH,4C,4,17,,2,1575,1435,SIL,G,,0,0,000000000,00000000000,0,0,0,1,0,0,0,0,0,0,0,30,7,0,0,12,12,2,3,12,0,0,0,1,21,40965,6,1,0,0,3,0,70,180,1,0,0,0,0,12,2007,12,2007,0,0,0,0,0,1,2,55,1,3,2,3,20,3,1,66,2,1,1,88,0,0
21,210067,1,1,2,17,2,2,26,42,0,1,0,48,2,20,481,20481,31,2004,1GCHK23184F1,1,G,C,H,K,2,3,1,8,4,F,1,0,T,CHEV,2KH,CW,4,17,,2,1670,1530,SIL,D,,0,0,000000000,00000000000,0,0,0,1,0,0,0,0,0,0,0,998,0,0,0,1,1,6,2,42,0,0,0,1,48,76853,6,1,0,0,3,0,999,999,0,0,0,0,0,0,0,0,0,0,0,0,0,0,3,3,70,3,1,2,1,0,0,14,13,1,1,4,1,1,0
21,210068,1,2,1,16,2,13,34,12,6,1,0,47,2,22,20,22020,4,2004,2G2WP5227411,2,G,2,W,P,5,2,2,7,4,1,1,0,P,PONT,GPG,4D,4,17,3477,,0,1105,,G,,0,0,000000000,00000000000,0,0,0,1,0,0,0,0,0,0,0,70,0,0,0,12,12,6,2,12,0,0,0,1,47,37042,3,1,0,0,2,0,76,210,0,0,0,0,0,0,0,0,0,1,51,0,0,0,1,2,45,1,1,2,1,0,0,1,67,1,1,1,83,0,1
21,210068,2,2,1,16,2,13,34,12,6,1,0,16,2,22,18,22018,4,2002,1G2NW12E52C2,1,G,2,N,W,1,2,E,5,2,C,2,0,P,PONT,GAG,CP,2,17,3091,,0,1070,,G,,0,0,000000000,00000000000,0,0,0,1,0,0,0,0,0,0,0,15,0,1,1,10,10,6,2,12,0,0,0,1,48,75979,6,1,0,0,3,0,999,999,0,0,0,0,1,5,2009,5,2009,0,0,0,0,0,1,2,35,1,1,2,1,20,3,11,15,1,1,2,82,1,0
21,210069,1,3,2,12,2,13,10,12,6,1,0,21,1,7,43,7043,4,1998,1B3EJ46X0WN2,1,B,3,E,J,4,6,X,0,W,N,2,0,P,DODG,STR,4D,98,17,2837,,0,1080,,G,,0,0,000000000,00000000000,0,0,0,1,0,0,0,0,0,0,0,20,0,0,0,9,10,6,2,12,0,0,0,1,21,42001,6,1,0,0,3,0,69,165,0,0,0,0,1,12,2007,12,2007,0,38,0,0,0,5,4,55,1,1,2,1,0,0,11,98,1,1,1,82,1,0
21,210069,2,3,1,12,2,13,10,12,6,1,0,21,1,55,33,55033,4,2003,KMHWF25H03A7,K,M,H,W,F,2,5,H,0,3,A,7,0,P,HYUN,SOL,4D,3,17,3181,,0,1063,,G,,0,0,000000000,00000000000,0,0,0,1,0,0,0,0,0,0,0,55,0,0,0,12,12,4,3,12,0,0,0,1,21,42001,6,1,0,0,3,0,61,130,0,0,0,0,0,0,0,0,0,0,0,0,0,0,5,4,55,1,1,2,1,0,0,1,72,3,2,1,83,0,0
21,210069,3,3,1,12,2,13,10,12,6,1,0,21,2,7,482,7482,31,2008,1D7HU18298S5,1,D,7,H,U,1,8,2,9,8,S,5,0,T,DODG,SQ1,CW,8,17,,2,1605,1405,RPC,G,,0,0,000000000,00000000000,0,0,0,1,0,0,0,0,0,0,0,55,7,0,0,12,12,2,3,12,0,0,0,1,21,42058,6,1,0,0,3,0,72,150,0,2,0,3,0,8,2008,6,2009,0,0,0,0,0,5,4,55,1,1,2,1,0,0,1,70,3,2,1,98,0,0
21,210070,1,1,1,12,2,5,3,14,0,1,0,47,2,55,35,55035,4,2008,KMHDU46D08U4,K,M,H,D,U,4,6,D,0,8,U,4,0,P,HYUN,GST,4D,8,17,2723,,0,1043,,G,,0,0,000000000,00000000000,0,0,0,1,0,0,0,0,0,0,0,70,0,0,0,12,12,6,2,14,0,0,0,1,47,42134,1,1,1,0,2,1,71,150,0,0,0,1,0,9,2007,9,2007,0,0,0,0,0,6,1,70,3,2,2,1,0,0,14,13,1,1,4,1,1,1
21,210071,1,1,2,19,2,10,3,34,0,1,0,21,1,20,481,20481,31,2001,1GCEC14WX1Z1,1,G,C,E,C,1,4,W,X,1,Z,1,0,T,CHEV,SC1,PK,1,17,,2,1330,1190,SIL,G,,0,0,000000000,00000000000,0,0,0,1,0,0,0,0,0,0,0,55,0,1,5,12,12,6,2,1,0,0,0,1,21,42001,6,1,0,0,3,0,66,150,1,1,1,0,1,4,2008,7,2009,1,51,0,0,0,1,2,25,3,2,2,1,40,3,14,54,9,4,4,3,1,1
21,210072,1,2,4,20,2,4,29,12,6,1,0,21,5,12,17,12017,4,2006,1FAFP53U96A1,1,F,A,F,P,5,3,U,9,6,A,1,0,P,FORD,TSE,4D,6,17,3307,,0,1085,,G,,0,0,000000000,00000000000,0,0,0,1,0,0,0,0,0,0,0,998,0,0,0,12,12,6,2,12,0,0,0,1,21,42431,1,1,0,0,2,2,71,175,1,0,0,0,0,8,2009,8,2009,1,37,39,74,0,1,2,35,1,1,2,1,20,3,1,17,3,2,1,88,1,1
21,210072,2,2,1,20,2,4,29,12,6,1,0,21,3,85,881,85881,66,2000,1XKWDB9X5YJ8,1,X,K,W,D,B,9,X,5,Y,J,8,1,T,KW,W90,DS,0,17,,8,2850,1600,CON,D,,1,57,01266793,5701266793,3,6,4,1,0,0,0,0,0,0,0,998,0,0,0,10,10,6,2,12,0,0,0,1,21,42408,6,1,6,0,3,0,73,275,2,0,0,0,0,8,2008,1,2009,0,0,0,0,0,1,2,98,1,1,2,1,20,3,1,66,3,2,1,89,0,0
21,210073,1,1,1,21,2,21,10,42,0,1,0,21,2,12,471,12471,30,2002,1FTZR45E22PA,1,F,T,Z,R,4,5,E,2,2,P,A,0,T,FORD,RNS,4C,2,17,,1,0,1259,RNG,G,,0,0,000000000,00000000000,0,0,0,1,0,0,0,0,0,0,0,70,0,1,5,2,9,6,2,42,0,0,0,1,21,40361,6,1,0,0,3,1,72,250,0,0,0,2,0,10,2007,3,2008,1,87,0,0,0,1,2,55,3,2,2,1,40,3,14,13,9,1,4,1,1,1
21,210074,1,1,1,19,2,23,50,8,0,1,1,99,9,99,999,99999,99,9999,999999999999,9,9,9,9,9,9,9,9,9,9,9,9,9,U,,,,9,17,,,,,,,,0,99,999999999,99999999999,9,99,99,1,0,0,0,0,99,99,9,999,9,0,0,99,99,9,1,99,99,99,0,1,99,99999,9,9,99,9,9,9,999,999,99,99,99,99,99,99,9999,99,9999,9,99,99,99,99,4,2,45,1,1,2,1,0,0,99,82,99,9,9,13,0,0
21,210075,1,1,2,27,2,0,26,50,0,1,0,21,1,63,441,63441,20,2004,KNAGD1289453,K,N,A,G,D,1,2,8,9,4,5,3,0,P,KIA,OLE,4D,4,17,3279,,0,1063,,G,,0,0,000000000,00000000000,0,0,0,1,0,0,0,0,0,0,0,65,0,0,0,6,6,6,2,50,0,0,0,1,21,41554,6,1,0,0,3,1,62,130,0,2,1,0,0,10,2008,7,2009,1,87,0,0,0,1,2,55,3,1,2,4,0,0,14,5,3,1,4,1,1,1
21,210076,1,1,2,28,2,1,50,8,0,1,0,48,3,7,24,7024,4,2009,2B3KA43D59H5,2,B,3,K,A,4,3,D,5,9,H,5,0,P,DODG,CHA,4D,9,17,3820,,0,1200,,G,,0,0,000000000,00000000000,0,0,0,1,0,0,0,0,0,0,0,30,0,0,0,12,12,2,3,8,0,0,0,1,21,40219,6,1,0,0,3,1,72,185,0,0,0,0,0,0,0,0,0,0,0,0,0,0,1,2,35,1,1,2,1,40,3,1,80,1,1,1,13,0,0
21,210077,1,1,5,28,2,4,25,25,0,1,0,21,1,41,37,41037,4,1998,1YVGF22C2W56,1,Y,V,G,F,2,2,C,2,W,5,6,0,P,MAZD,UDL,4D,98,17,2798,,0,1051,,G,,0,0,000000000,00000000000,0,0,0,1,0,0,0,0,0,0,0,998,0,1,5,61,13,6,2,1,0,0,0,1,21,40117,6,1,0,0,3,0,71,210,0,0,0,0,0,0,0,0,0,1,58,80,0,0,3,2,55,3,1,2,1,28,3,14,12,6,1,4,6,3,1