STATE,ST_CASE,VEH_NO,VE_FORMS,NUMOCCS,DAY,MONTH,HOUR,MINUTE,HARM_EV,MAN_COLL,UNITTYPE,HIT_RUN,REG_STAT,OWNER,MAKE,MODEL,MAK_MOD,BODY_TYP,MOD_YEAR,VIN,VIN_1,VIN_2,VIN_3,VIN_4,VIN_5,VIN_6,VIN_7,VIN_8,VIN_9,VIN_10,VIN_11,VIN_12,TOW_VEH,VINTYPE,VINMAKE,VINA_MOD,VIN_BT,VINMODYR,VIN_LNGT,VIN_WGT,WGTCD_TR,WHLBS_LG,WHLBS_SH,SER_TR,FUELCODE,MCYCL_DS,J_KNIFE,MCARR_I1,MCARR_I2,MCARR_ID,GVWR,V_CONFIG,CARGO_BT,HAZ_INV,HAZ_PLAC,HAZ_ID,HAZ_CNO,HAZ_REL,BUS_USE,SPEC_USE,EMER_USE,TRAV_SP,UNDERIDE,ROLLOVER,ROLINLOC,IMPACT1,IMPACT2,DEFORMED,TOWED,M_HARM,VEH_SC1,VEH_SC2,FIRE_EXP,DR_PRES,L_STATE,DR_ZIP,L_STATUS,L_TYPE,CDL_STAT,L_ENDORS,L_COMPL,L_RESTRI,DR_HGT,DR_WGT,PREV_ACC,PREV_SUS,PREV_DWI,PREV_SPD,PREV_OTH,FIRST_MO,FIRST_YR,LAST_MO,LAST_YR,SPEEDREL,DR_SF1,DR_SF2,DR_SF3,DR_SF4,VTRAFWAY,VNUM_LAN,VSPD_LIM,VALIGN,VPROFILE,VPAVETYP,VSURCOND,VTRAFCON,VTCONT_F,P_CRASH1,P_CRASH2,P_CRASH3,PCRASH4,PCRASH5,ACC_TYPE,DEATHS,DR_DRINK
21,210078,1,2,1,23,2,19,3,12,1,1,0,21,1,23,471,23471,30,1998,1GKDT13W5W25,1,G,K,D,T,1,3,W,5,W,2,5,1,T,GMC,JMY,4W,98,17,,1,0,1070,JMY,G,,1,0,000000000,00000000000,0,0,0,1,0,0,0,0,0,0,0,35,0,0,0,12,12,2,3,12,0,0,0,1,21,40214,6,1,0,0,3,0,68,185,0,0,0,0,0,0,0,0,0,0,0,0,0,0,1,2,35,1,1,2,1,0,0,1,51,2,1,1,24,0,0
21,210078,2,2,1,23,2,19,3,12,1,1,0,92,0,98,998,98998,97,1999,999999999999,9,9,9,9,9,9,9,9,9,9,9,9,0,U,,,,9,17,,,,,,,,0,0,000000000,00000000000,0,0,0,1,0,0,0,0,0,0,0,20,0,0,0,6,6,2,3,12,0,0,0,1,21,40214,0,0,0,0,1,0,999,999,99,99,99,99,99,99,9999,99,9999,0,0,0,0,0,1,2,35,1,1,2,1,0,0,1,53,1,1,1,25,1,0
21,210079,1,2,1,1,2,17,21,12,2,1,0,21,3,20,481,20481,31,1996,1GCFC24R8TZ1,1,G,C,F,C,2,4,R,8,T,Z,1,0,T,CHEV,GC2,PK,96,17,,2,0,1315,GM4,G,,0,0,000000000,00000000000,0,0,0,1,0,0,0,0,0,0,0,998,0,0,0,12,12,6,2,12,0,0,0,1,21,40165,1,1,0,0,3,0,70,210,1,2,0,0,0,12,2007,1,2009,0,28,0,0,0,1,2,35,4,3,2,1,0,0,14,10,1,1,2,50,1,0
21,210079,2,2,3,1,2,17,21,12,2,1,0,21,1,22,20,22020,4,2001,1G2WK52J71F1,1,G,2,W,K,5,2,J,7,1,F,1,0,P,PONT,GFS,4D,1,17,3384,,0,1105,,G,,0,0,000000000,00000000000,0,0,0,1,0,0,0,0,0,0,0,998,0,0,0,12,12,6,2,12,0,0,0,1,21,40219,6,1,0,0,3,0,69,220,2,0,0,0,0,4,2008,10,2008,0,0,0,0,0,1,2,35,4,3,2,1,0,0,14,62,1,1,1,51,0,0
21,210080,1,1,1,18,2,14,17,42,0,1,0,21,2,35,402,35402,14,2001,5N1ED28Y41C5,5,N,1,E,D,2,8,Y,4,1,C,5,0,P,NISS,XTR,UT,1,17,3811,,0,1043,,G,,0,0,000000000,00000000000,0,0,0,1,0,0,0,0,0,0,0,998,0,1,5,12,12,6,2,42,0,0,0,1,21,40769,1,1,0,0,2,1,70,200,0,1,0,0,0,1,2009,1,2009,0,0,0,0,0,1,2,35,1,1,2,1,0,0,1,12,1,1,4,6,1,0
21,210081,1,1,1,19,2,8,7,42,0,1,0,21,1,22,9,22009,2,2000,2G2FV22G0Y21,2,G,2,F,V,2,2,G,0,Y,2,1,0,P,PONT,FTA,2H,0,17,3441,,0,1011,,G,,0,0,000000000,00000000000,0,0,0,1,0,0,0,0,0,0,0,998,0,0,0,61,61,6,2,42,0,0,0,1,21,40503,6,1,0,0,3,1,71,210,1,0,0,0,0,10,2009,10,2009,0,0,0,0,0,2,2,55,1,1,2,1,0,0,1,9,1,3,4,2,1,0
21,210082,1,2,1,31,1,14,25,12,2,1,0,21,2,7,41,7041,4,1996,2B3HD46F2TH2,2,B,3,H,D,4,6,F,2,T,H,2,0,P,DODG,INT,4D,96,17,3311,,0,1130,,G,,0,0,000000000,00000000000,0,0,0,1,0,0,0,0,0,0,0,998,0,0,0,12,12,6,2,12,0,0,0,1,21,40475,6,1,0,0,3,0,69,200,0,0,0,0,0,0,0,0,0,0,28,0,0,0,1,2,55,1,1,2,1,0,0,1,10,1,1,2,50,1,0
21,210082,2,2,3,31,1,14,25,12,2,1,0,21,2,7,25,7025,5,2007,1B3HB48B27D4,1,B,3,H,B,4,8,B,2,7,D,4,0,P,DODG,CXT,4D,7,17,3038,,0,1037,,G,,0,0,000000000,00000000000,0,0,0,1,0,0,0,0,0,0,0,998,0,1,5,12,12,6,2,12,0,0,0,1,21,40977,6,1,0,0,3,0,71,170,0,0,0,0,0,0,0,0,0,0,0,0,0,0,1,2,55,1,1,2,1,0,0,1,62,7,1,1,51,0,0
21,210083,1,1,2,16,1,5,56,1,0,1,0,21,1,12,481,12481,31,2001,1FTRW08L11KF,1,F,T,R,W,0,8,L,1,1,K,F,0,T,FORD,F1S,CW,1,17,,2,0,1388,COF,G,,0,0,000000000,00000000000,0,0,0,1,0,0,0,0,0,0,0,998,0,2,1,0,0,6,2,1,0,0,0,1,21,40165,6,1,0,0,3,0,72,200,0,0,0,0,0,0,0,0,0,0,28,0,0,0,2,3,70,1,1,1,1,0,0,1,8,6,1,2,98,1,0
21,210084,1,3,4,27,2,13,55,12,1,1,0,21,2,20,481,20481,31,1998,1GCEC19W9WE2,1,G,C,E,C,1,9,W,9,W,E,2,0,T,CHEV,GC1,PC,98,17,,2,1555,1415,GM4,G,,0,0,000000000,00000000000,0,0,0,1,0,0,0,0,0,0,0,50,0,0,0,12,12,6,2,12,0,0,0,1,21,42141,6,1,0,0,3,0,69,200,1,0,0,2,0,12,2007,3,2008,0,0,0,0,0,1,2,55,1,5,2,1,0,0,1,51,1,1,1,24,0,0
21,210084,2,3,2,27,2,13,55,12,1,1,0,47,2,20,37,20037,4,2010,1G1ZB5EB5A41,1,G,1,Z,B,5,E,B,5,A,4,1,0,P,CHEV,M/L,4D,10,17,3415,,0,1123,,G,,0,0,000000000,00000000000,0,0,0,1,0,0,0,0,0,0,0,10,0,0,0,6,6,6,2,12,0,0,0,1,47,38577,6,1,6,0,3,1,72,290,1,0,0,0,0,2,2009,2,2009,0,0,0,0,0,1,2,55,1,5,2,1,0,0,2,18,1,1,1,25,1,0
21,210084,3,3,1,27,2,13,55,12,1,1,0,21,2,87,881,87881,66,2000,1XP5DB9X0YD4,1,X,P,5,D,B,9,X,0,Y,D,4,0,T,PTRB,379,DS,0,17,,8,0,0,CON,D,,0,57,01574140,5701574140,3,5,96,1,0,0,0,0,0,0,0,55,0,0,0,8,8,6,2,12,0,0,0,1,21,42141,6,1,6,0,3,0,67,171,0,0,0,4,0,6,2008,11,2008,0,0,0,0,0,1,2,55,1,5,2,1,0,0,1,62,3,2,1,98,0,0
21,210085,1,3,2,26,2,7,26,12,6,1,0,21,1,48,34,48034,4,1998,4S3BD4359W72,4,S,3,B,D,4,3,5,9,W,7,2,0,P,SUBA,ULW,4D,98,17,2885,,0,1035,,G,,0,0,000000000,00000000000,0,0,0,1,0,0,0,0,0,0,0,55,0,0,0,61,61,6,2,12,0,0,0,1,21,40065,6,1,0,0,3,0,67,135,0,0,0,0,0,0,0,0,0,0,28,0,0,0,2,2,70,1,2,2,1,0,0,16,10,7,1,2,47,0,0
21,210085,2,3,3,26,2,7,26,12,6,1,0,21,1,63,441,63441,20,2005,KNDUP1322567,K,N,D,U,P,1,3,2,2,5,6,7,0,P,KIA,SED,SV,5,17,4802,,0,1145,,G,,0,0,000000000,00000000000,0,0,0,1,0,0,0,0,0,0,0,70,0,0,0,12,12,6,2,12,0,0,0,1,21,40242,6,1,0,0,3,0,71,265,0,0,0,0,0,0,0,0,0,0,0,0,0,0,2,2,70,1,2,2,1,0,0,1,61,3,1,1,45,1,0
21,210085,3,3,1,26,2,7,26,12,6,1,0,21,1,49,40,49040,4,1998,JT2BG22K2W02,J,T,2,B,G,2,2,K,2,W,0,2,0,P,TOYT,CXL,4D,98,17,3120,,0,1051,,G,,0,0,000000000,00000000000,0,0,0,1,0,0,0,0,0,0,0,70,0,0,0,81,81,2,1,12,0,0,0,1,21,40241,6,1,0,0,3,0,70,155,0,0,0,0,0,0,0,0,0,0,0,0,0,0,2,2,70,1,2,2,1,0,0,1,61,6,1,4,98,0,0
21,210086,1,2,1,15,2,12,47,12,1,1,0,51,1,49,40,49040,5,1994,JT2SK12E1R01,J,T,2,S,K,1,2,E,1,R,0,1,0,P,TOYT,CLE,4D,94,17,3086,,0,1031,,G,,0,0,000000000,00000000000,0,0,0,1,0,0,0,0,0,0,0,998,0,0,0,12,12,6,2,12,0,0,0,1,51,24060,6,1,0,0,3,0,73,170,0,0,0,0,0,0,0,0,0,0,0,0,0,0,3,2,70,1,1,2,3,0,0,1,51,1,1,1,24,1,0
21,210086,2,2,1,15,2,12,47,12,1,1,0,21,2,20,881,20881,63,1995,1GBM7H1JXSJ1,1,G,B,M,7,H,1,J,X,S,J,1,0,T,CHEV,C7H,CC,95,17,,7,2610,1440,KOD,D,,0,57,00726414,5700726414,3,2,4,1,0,0,0,0,0,0,0,55,0,0,0,6,6,4,1,12,0,0,0,1,21,41164,6,1,6,0,3,0,69,185,0,0,0,0,0,0,0,0,0,0,0,0,0,0,3,2,70,1,1,2,3,0,0,1,53,1,1,1,25,0,0
21,210087,1,1,1,19,1,14,29,35,0,1,0,21,1,20,481,20481,31,1998,2GCEK19R8W12,2,G,C,E,K,1,9,R,8,W,1,2,0,T,CHEV,GK1,PC,98,17,,2,1555,1415,GM4,G,,0,0,000000000,00000000000,0,0,0,1,0,0,0,0,0,0,0,998,0,1,5,12,12,6,2,35,0,0,0,1,21,41143,6,1,8,0,3,1,71,210,0,0,0,0,0,0,0,0,0,0,0,0,0,0,1,2,55,3,1,2,1,20,3,14,13,1,1,4,1,1,0
21,210088,1,1,1,26,1,10,40,42,0,1,0,21,1,12,17,12017,4,2003,1FAFP53253A1,1,F,A,F,P,5,3,2,5,3,A,1,0,P,FORD,TSE,4D,3,17,3336,,0,1085,,F,,0,0,000000000,00000000000,0,0,0,1,0,0,0,0,0,0,0,998,0,0,0,12,12,6,2,42,0,0,0,1,21,41527,6,1,0,0,3,0,74,190,0,0,0,0,0,0,0,0,0,0,92,0,0,0,1,2,35,2,2,2,1,0,0,14,13,1,1,4,1,1,1
21,210089,1,1,3,9,1,3,22,1,0,1,0,21,1,2,404,2404,14,1995,1J4FJ68S0SL5,1,J,4,F,J,6,8,S,0,S,L,5,0,T,JEEP,SPT,4W,95,17,,1,0,1014,CHK,G,,0,0,000000000,00000000000,0,0,0,1,0,0,0,0,0,0,0,998,0,2,5,0,0,6,2,1,0,0,0,1,21,40111,6,1,0,0,3,0,72,160,0,0,0,0,0,0,0,0,0,0,87,0,0,0,1,2,55,4,2,2,3,0,0,14,5,6,2,4,7,1,1
21,210090,1,1,4,17,2,23,38,31,0,1,0,21,1,49,401,49401,14,1996,JT3HN86R3T00,J,T,3,H,N,8,6,R,3,T,0,0,0,P,TOYT,RUN,UT,96,17,0,,0,1053,,G,,0,0,000000000,00000000000,0,0,0,1,0,0,0,0,0,0,0,50,0,0,0,12,14,6,2,32,0,0,0,1,21,42519,6,1,0,0,3,0,60,80,1,0,0,0,0,8,2009,8,2009,0,0,0,0,0,3,2,45,3,2,2,1,40,3,14,13,6,1,4,1,1,0
21,210091,1,3,1,12,2,15,46,12,6,1,0,21,2,21,2,21002,4,1996,1G3HN52K0T48,1,G,3,H,N,5,2,K,0,T,4,8,0,P,OLDS,8LW,4D,96,17,3455,,0,1108,,G,,0,0,000000000,00000000000,0,0,0,1,0,0,0,0,0,0,0,55,0,0,0,12,12,6,2,12,0,0,0,1,21,41097,6,1,0,0,3,0,69,185,0,0,0,0,0,0,0,0,0,0,38,39,0,0,5,2,55,1,1,2,1,3,3,1,17,1,1,2,88,1,0
21,210091,2,3,1,12,2,15,46,12,6,1,0,21,1,20,16,20016,2,2004,1G1JH12F4471,1,G,1,J,H,1,2,F,4,4,7,1,0,P,CHEV,CLP,CP,4,17,2749,,0,1041,,G,,0,0,000000000,00000000000,0,0,0,1,0,0,0,0,0,0,0,10,0,0,0,62,62,6,2,12,0,0,0,1,21,41040,6,1,0,0,3,1,62,108,0,0,0,0,0,0,0,0,0,0,0,0,0,0,1,2,98,1,1,2,1,3,3,1,67,1,1,3,89,0,0
21,210091,3,3,4,12,2,15,46,12,6,1,0,21,1,7,422,7422,15,2005,1D4HB58N15F5,1,D,4,H,B,5,8,N,1,5,F,5,0,P,DODG,DUR,UT,5,17,4986,,0,1192,,G,,0,0,000000000,00000000000,0,0,0,1,0,0,0,0,0,0,0,0,0,0,0,12,12,6,2,12,0,0,0,1,21,41097,6,1,0,0,3,1,74,180,0,0,0,1,0,11,2007,11,2007,0,0,0,0,0,5,2,55,1,1,2,1,3,3,5,62,1,1,1,98,0,0
21,210092,1,1,2,20,2,22,0,1,0,1,0,21,2,20,401,20401,14,1994,1GNCS13W1R01,1,G,N,C,S,1,3,W,1,R,0,1,0,P,CHEV,S10,UT,94,17,3446,,0,1070,,G,,0,0,000000000,00000000000,0,0,0,1,0,0,0,0,0,0,0,81,0,2,1,0,13,6,2,1,0,0,0,1,21,42071,0,0,0,0,0,0,63,115,0,0,0,0,0,0,0,0,0,1,58,80,0,0,2,2,70,1,2,2,1,0,0,1,1,1,3,2,98,1,1
21,210093,1,2,1,1,3,16,18,12,6,1,0,21,1,23,471,23471,30,2000,1GTDT19W4Y81,1,G,T,D,T,1,9,W,4,Y,8,1,0,T,GMC,SON,PC,0,17,,1,0,1229,SON,G,,0,0,000000000,00000000000,0,0,0,1,0,0,0,0,0,0,0,998,0,0,0,1,1,6,2,12,0,0,0,1,21,42133,6,1,0,0,3,0,69,130,0,0,0,0,0,0,0,0,0,0,38,0,0,0,1,2,55,1,3,2,1,0,0,11,15,1,1,2,68,1,0
21,210093,2,2,1,1,3,16,18,12,6,1,0,21,3,85,881,85881,63,2008,1NKDX4EX28J2,1,N,K,D,X,4,E,X,2,8,J,2,0,T,KW,T80,TM,8,17,,8,2600,1600,CON,D,,0,57,01175429,5701175429,3,1,8,1,0,0,0,0,0,0,0,998,0,0,0,12,12,2,1,12,0,0,0,1,21,42133,6,1,6,0,3,0,72,165,2,0,0,1,0,8,2008,2,2009,0,0,0,0,0,1,2,55,1,3,2,1,0,0,1,62,9,2,1,69,0,0
21,210094,1,2,1,2,3,18,20,12,2,1,0,21,1,20,34,20034,4,1998,2C1MR522XW67,2,C,1,M,R,5,2,2,X,W,6,7,0,P,CHEV,MEL,4D,98,17,1984,,0,931,,G,,0,0,000000000,00000000000,0,0,0,1,0,0,0,0,0,0,0,998,0,0,0,12,12,6,2,12,0,0,0,1,21,41171,6,1,0,0,3,0,68,180,0,0,0,0,0,0,0,0,0,0,0,0,0,0,1,4,55,4,3,2,1,0,0,14,10,1,1,2,50,1,0
21,210094,2,2,3,2,3,18,20,12,2,1,0,21,1,20,2,20002,4,2006,2G1WT58K8693,2,G,1,W,T,5,8,K,8,6,9,3,0,P,CHEV,IMT,4D,6,17,3477,,0,1105,,F,,0,0,000000000,00000000000,0,0,0,1,0,0,0,0,0,0,0,998,0,0,0,12,12,6,2,12,0,0,0,1,21,41171,6,1,0,0,3,1,62,126,0,0,0,0,0,0,0,0,0,0,0,0,0,0,1,4,55,4,3,2,1,0,0,14,62,8,2,1,51,0,0
21,210095,1,1,4,4,3,7,31,34,0,1,0,21,1,49,402,49402,14,1997,JT3HP10V0V70,J,T,3,H,P,1,0,V,0,V,7,0,0,P,TOYT,RV4,UT,97,17,2789,,0,949,,G,,0,0,000000000,00000000000,0,0,0,1,0,0,0,0,0,0,0,998,0,1,5,61,61,6,2,1,0,0,0,1,21,40729,6,1,0,0,3,0,63,120,0,0,0,0,0,0,0,0,0,0,0,0,0,0,1,2,55,2,1,2,2,0,0,14,5,2,2,4,2,1,0
21,210096,1,2,3,5,3,0,24,12,1,1,0,29,3,51,881,51881,66,2009,4V4NC9TG59N2,4,V,4,N,C,9,T,G,5,9,N,2,1,T,VOLV,VNL,DS,9,17,,8,0,0,VVN,D,,1,57,01266329,5701266329,3,6,1,1,0,0,0,0,0,0,0,998,0,0,0,12,12,6,2,12,0,0,0,1,29,63841,6,1,6,0,3,0,61,160,0,0,0,0,0,0,0,0,0,0,0,0,0,0,3,2,70,1,1,2,1,0,0,1,52,9,2,1,28,1,0
21,210096,2,2,1,5,3,0,24,12,1,1,0,17,3,87,881,87881,66,2010,1XPHD49X4AD1,1,X,P,H,D,4,9,X,4,A,D,1,1,T,PTRB,386,DS,10,17,,8,0,0,CON,D,,1,57,00076507,5700076507,3,6,1,1,0,0,0,0,0,0,0,998,0,0,0,6,6,4,3,12,0,0,0,1,17,62859,6,1,6,0,3,0,72,230,0,0,0,0,0,0,0,0,0,0,0,0,0,0,3,2,70,1,1,2,1,0,0,2,53,1,1,1,29,0,0
21,210097,1,2,2,7,3,13,15,12,6,1,0,21,1,49,40,49040,4,1993,4T1SK12E3PU2,4,T,1,S,K,1,2,E,3,P,U,2,0,P,TOYT,CLE,4D,93,17,3053,,0,1031,,G,,0,0,000000000,00000000000,0,0,0,1,0,0,0,0,0,0,0,998,0,0,0,9,9,6,2,12,0,0,0,1,21,40356,6,1,0,0,3,0,73,215,0,0,0,0,0,0,0,0,0,0,39,0,0,0,1,2,98,2,2,2,1,20,3,14,17,3,2,1,89,1,0
21,210097,2,2,2,7,3,13,15,12,6,1,0,21,1,20,20,20020,4,1990,2G1WL54R9L11,2,G,1,W,L,5,4,R,9,L,1,1,0,P,CHEV,LUM,4D,90,17,3042,,0,1075,,G,,0,0,000000000,00000000000,0,0,0,1,0,0,0,0,0,0,0,998,0,0,0,12,12,6,2,12,0,0,0,1,21,40484,6,1,0,0,3,0,73,156,0,0,0,0,0,0,0,0,0,0,0,0,0,0,1,3,45,1,2,2,1,0,0,1,66,6,1,1,88,0,0
21,210098,1,2,1,8,3,22,44,12,1,1,0,21,3,20,471,20471,30,1996,1GCCS1945T82,1,G,C,C,S,1,9,4,5,T,8,2,0,T,CHEV,S14,PC,96,17,,1,0,1229,S,G,,0,0,000000000,00000000000,0,0,0,1,0,0,0,0,0,0,0,0,0,1,5,6,12,6,2,12,0,0,0,1,21,40701,6,1,0,0,3,0,74,275,0,0,0,0,0,0,0,0,0,0,0,0,0,0,3,2,70,1,3,2,1,0,0,5,53,1,1,1,21,1,0
21,210098,2,2,1,8,3,22,44,12,1,1,0,18,3,82,883,82883,66,2007,1FUJA6CK17LX,1,F,U,J,A,6,C,K,1,7,L,X,1,T,FRHT,COL,DS,7,17,,8,0,0,CON,D,,1,57,0087472,570087472,3,6,1,1,0,0,0,0,0,0,0,998,7,0,0,12,12,6,2,12,0,0,0,1,39,45404,6,1,6,0,3,0,71,148,0,0,0,0,0,0,0,0,0,0,0,0,0,0,3,2,70,1,3,2,1,0,0,1,50,1,1,1,20,0,0
21,210099,1,2,2,10,3,7,59,12,6,1,0,21,1,7,41,7041,4,1997,2B3HD46T7VH7,2,B,3,H,D,4,6,T,7,V,H,7,0,P,DODG,INT,4D,97,17,3319,,0,1130,,G,,0,0,000000000,00000000000,0,0,0,1,0,0,0,0,0,0,0,998,0,0,0,3,3,6,2,12,0,0,0,1,21,40484,6,1,0,0,3,0,63,110,0,0,0,0,1,1,2008,1,2008,0,38,0,0,0,1,2,55,1,3,2,2,20,3,1,17,1,1,1,87,1,0
21,210099,2,2,1,10,3,7,59,12,6,1,0,21,1,49,422,49422,15,2002,5TDBT48A42S0,5,T,D,B,T,4,8,A,4,2,S,0,0,P,TOYT,SEQ,UT,2,17,5295,2,0,1181,TUN,G,,0,0,000000000,00000000000,0,0,0,1,0,0,0,0,0,0,0,998,0,0,0,12,12,6,2,12,0,0,0,1,21,40437,6,1,0,0,3,0,67,145,0,0,0,0,0,0,0,0,0,0,0,0,0,0,1,3,55,1,3,2,2,0,0,1,66,1,1,1,86,0,0
21,210100,1,1,1,10,3,8,45,1,0,1,0,21,2,24,1,24001,4,1997,1G8ZK5272VZ1,1,G,8,Z,K,5,2,7,2,V,Z,1,0,P,STRN,SL2,4D,97,17,2362,,0,1024,,G,,0,0,000000000,00000000000,0,0,0,1,0,0,0,0,0,0,0,45,0,2,3,0,0,6,2,1,0,0,0,1,21,40218,6,1,0,0,3,1,57,228,0,0,0,0,0,0,0,0,0,0,58,0,0,0,3,4,50,1,1,2,2,0,0,1,12,6,1,4,6,1,0
21,210101,1,2,1,11,3,6,50,12,6,1,0,21,1,49,32,49032,4,1998,1NXBR12E4WZ0,1,N,X,B,R,1,2,E,4,W,Z,0,0,P,TOYT,UVL,4D,98,17,2414,,0,970,,G,,0,0,000000000,00000000000,0,0,0,1,0,0,0,0,0,0,0,998,0,0,0,9,9,6,2,12,0,0,0,1,21,40204,6,1,0,0,3,1,64,130,2,0,0,0,0,4,2007,8,2009,0,38,0,0,0,1,2,98,1,1,2,1,20,3,1,17,1,1,1,89,1,0
21,210101,2,2,1,11,3,6,50,12,6,1,0,21,1,12,401,12401,14,1999,1FMZU32E4XUC,1,F,M,Z,U,3,2,E,4,X,U,C,0,P,FORD,EPR,UT,99,17,3891,,0,1116,,G,,0,0,000000000,00000000000,0,0,0,1,0,0,0,0,0,0,0,998,0,0,0,12,12,6,2,12,0,0,0,1,21,42701,6,1,0,0,3,0,66,155,0,0,0,0,0,0,0,0,0,0,0,0,0,0,3,2,55,1,1,2,1,0,0,1,66,3,2,1,88,0,0
21,210102,1,2,2,11,3,19,55,12,2,1,0,21,1,23,471,23471,30,1995,1GTCS1447S85,1,G,T,C,S,1,4,4,7,S,8,5,0,T,GMC,SON,PK,95,17,,1,1179,1083,SON,G,,0,0,000000000,00000000000,0,0,0,1,0,0,0,0,0,0,0,998,0,0,0,12,12,6,2,12,0,0,1,1,21,40447,6,1,0,0,3,0,68,220,0,0,0,0,0,0,0,0,0,0,0,0,0,0,1,2,55,3,2,2,5,0,0,14,10,1,1,2,50,1,1
21,210102,2,2,1,11,3,19,55,12,2,1,0,21,1,49,40,49040,4,2006,4T1BE32K96U7,4,T,1,B,E,3,2,K,9,6,U,7,0,P,TOYT,UXS,4D,6,17,3108,,0,1071,,G,,0,0,000000000,00000000000,0,0,0,1,0,0,0,0,0,0,0,998,0,0,0,12,12,6,2,12,0,0,0,1,21,40914,6,1,0,0,3,0,66,120,0,0,0,0,0,0,0,0,0,1,58,0,0,0,1,2,55,2,2,2,2,0,0,14,62,8,2,1,51,1,0
21,210103,1,1,1,6,3,17,9,38,0,1,0,0,0,37,739,37739,90,2005,000000000000,0,0,0,0,0,0,0,0,0,0,0,0,0,U,,,,,17,,,,,,,,0,0,000000000,00000000000,0,0,0,1,0,0,0,0,0,0,0,998,0,1,5,12,12,2,3,38,0,0,0,1,21,40337,0,0,0,0,0,0,999,999,0,0,0,0,0,0,0,0,0,0,58,0,0,0,1,2,55,1,1,2,1,0,0,1,9,98,2,4,2,1,0
21,210104,1,2,1,12,3,0,20,12,6,1,0,21,1,20,36,20036,2,1996,2G1WX12X2T92,2,G,1,W,X,1,2,X,2,T,9,2,0,P,CHEV,MZ3,CP,96,17,3436,,0,1075,,G,,0,0,000000000,00000000000,0,0,0,1,0,0,0,0,0,0,0,998,0,0,0,3,3,6,2,12,0,0,0,1,21,41094,6,1,0,0,3,0,74,185,0,2,1,1,0,6,2007,11,2008,0,38,0,0,0,1,2,55,1,1,2,2,40,3,11,98,1,1,2,68,1,1
21,210104,2,2,1,12,3,0,20,12,6,1,0,21,1,49,38,49038,2,1997,JT2AC52L5V02,J,T,2,A,C,5,2,L,5,V,0,2,0,P,TOYT,TCE,2D,97,17,2010,,0,937,,G,,0,0,000000000,00000000000,0,0,0,1,0,0,0,0,0,0,0,998,0,0,0,12,12,6,2,12,0,0,0,1,21,41094,6,1,0,0,3,1,75,220,0,0,0,2,1,1,2009,1,2010,0,0,0,0,0,1,2,55,1,1,2,2,40,3,1,62,3,2,1,69,0,0
21,210105,1,1,2,11,3,15,10,59,0,1,0,21,1,18,10,18010,2,1985,1G4GJ47A4FH4,1,G,4,G,J,4,7,A,4,F,H,4,0,P,BUIC,REG,CP,85,17,3064,,0,1081,,G,,0,0,000000000,00000000000,0,0,0,1,0,0,0,0,0,0,0,998,0,0,0,2,12,6,2,39,0,0,0,1,21,40324,6,1,0,0,3,0,73,215,1,0,0,0,0,10,2009,10,2009,1,0,0,0,0,2,2,55,1,1,2,1,0,0,1,12,6,1,4,8,1,0
21,210106,1,1,1,6,3,18,10,8,0,1,1,99,9,99,999,99999,99,9999,999999999999,9,9,9,9,9,9,9,9,9,9,9,9,9,U,,,,9,17,,,,,,,,0,99,999999999,99999999999,9,99,99,1,0,0,0,0,99,99,9,999,0,0,0,12,99,9,1,99,99,99,0,1,99,99999,9,9,99,9,9,9,999,999,99,99,99,99,99,99,9999,99,9999,0,99,99,99,99,1,2,45,1,2,2,1,40,3,1,80,99,1,1,13,0,0
21,210107,1,1,3,13,3,12,42,1,0,1,0,21,1,12,401,12401,14,1994,1FMCU22X5RUA,1,F,M,C,U,2,2,X,5,R,U,A,0,P,FORD,EPR,UT,94,17,3646,,0,1020,,G,,0,0,000000000,00000000000,0,0,0,1,0,0,0,0,0,0,0,50,0,2,3,0,0,6,2,1,0,0,0,1,21,42053,6,1,0,0,3,0,74,270,0,0,0,0,0,0,0,0,0,0,0,0,0,0,3,2,55,1,1,2,1,0,0,1,12,1,1,4,6,1,0
21,210108,1,3,1,14,3,16,52,12,6,1,0,21,2,23,481,23481,31,1996,2GTEC19W6T15,2,G,T,E,C,1,9,W,6,T,1,5,0,T,GMC,SC1,PC,96,17,,2,1555,1415,SIE,G,,0,0,000000000,00000000000,0,0,0,1,0,0,0,0,0,0,0,998,0,1,1,9,9,6,2,12,0,0,0,1,21,42166,6,1,0,0,3,0,74,220,0,0,0,0,0,0,0,0,0,0,58,0,0,0,1,2,55,2,2,2,2,40,3,14,5,1,4,2,64,0,0
21,210108,2,3,2,14,3,16,52,12,6,1,0,21,1,12,13,12013,2,2000,3FAKP1134YR1,3,F,A,K,P,1,1,3,4,Y,R,1,0,P,FORD,ZX2,CP,0,17,2478,,0,984,,G,,0,0,000000000,00000000000,0,0,0,1,0,0,0,0,0,0,0,998,0,0,0,12,12,6,2,12,0,0,0,1,21,42129,6,1,0,0,3,1,65,135,0,0,0,0,0,0,0,0,0,0,0,0,0,0,1,2,55,3,2,2,2,0,0,14,62,3,2,1,65,1,0
21,210108,3,3,1,14,3,16,52,12,6,1,0,21,1,18,7,18007,4,1991,1G4AH54N3M64,1,G,4,A,H,5,4,N,3,M,6,4,0,P,BUIC,CCU,4D,91,17,2770,,0,1049,,G,,0,0,000000000,00000000000,0,0,0,1,0,0,0,0,0,0,0,998,0,0,0,12,12,2,1,12,0,0,0,1,21,42129,6,1,0,0,3,0,71,161,1,0,0,1,0,10,2009,2,2010,0,0,0,0,0,1,2,55,3,2,2,2,0,0,14,62,2,1,1,98,0,0