STATE,ST_CASE,VEH_NO,VE_FORMS,NUMOCCS,DAY,MONTH,HOUR,MINUTE,HARM_EV,MAN_COLL,UNITTYPE,HIT_RUN,REG_STAT,OWNER,MAKE,MODEL,MAK_MOD,BODY_TYP,MOD_YEAR,VIN,VIN_1,VIN_2,VIN_3,VIN_4,VIN_5,VIN_6,VIN_7,VIN_8,VIN_9,VIN_10,VIN_11,VIN_12,TOW_VEH,VINTYPE,VINMAKE,VINA_MOD,VIN_BT,VINMODYR,VIN_LNGT,VIN_WGT,WGTCD_TR,WHLBS_LG,WHLBS_SH,SER_TR,FUELCODE,MCYCL_DS,J_KNIFE,MCARR_I1,MCARR_I2,MCARR_ID,GVWR,V_CONFIG,CARGO_BT,HAZ_INV,HAZ_PLAC,HAZ_ID,HAZ_CNO,HAZ_REL,BUS_USE,SPEC_USE,EMER_USE,TRAV_SP,UNDERIDE,ROLLOVER,ROLINLOC,IMPACT1,IMPACT2,DEFORMED,TOWED,M_HARM,VEH_SC1,VEH_SC2,FIRE_EXP,DR_PRES,L_STATE,DR_ZIP,L_STATUS,L_TYPE,CDL_STAT,L_ENDORS,L_COMPL,L_RESTRI,DR_HGT,DR_WGT,PREV_ACC,PREV_SUS,PREV_DWI,PREV_SPD,PREV_OTH,FIRST_MO,FIRST_YR,LAST_MO,LAST_YR,SPEEDREL,DR_SF1,DR_SF2,DR_SF3,DR_SF4,VTRAFWAY,VNUM_LAN,VSPD_LIM,VALIGN,VPROFILE,VPAVETYP,VSURCOND,VTRAFCON,VTCONT_F,P_CRASH1,P_CRASH2,P_CRASH3,PCRASH4,PCRASH5,ACC_TYPE,DEATHS,DR_DRINK
21,210179,2,2,2,24,4,11,2,12,6,1,0,21,2,12,17,12017,4,1999,1FAFP54N5XA1,1,F,A,F,P,5,4,N,5,X,A,1,0,P,FORD,SHO,4D,99,17,3329,,0,1085,,G,,0,0,000000000,00000000000,0,0,0,1,0,0,0,0,0,0,0,998,0,0,0,12,12,6,2,12,0,0,0,1,21,40517,6,1,6,0,3,2,68,190,0,0,0,1,0,1,2010,1,2010,0,74,0,0,0,2,2,70,2,2,2,2,0,0,14,64,1,1,1,65,1,0
21,210180,1,1,1,13,4,15,35,42,0,1,0,0,0,98,998,98998,97,9999,000000000000,0,0,0,0,0,0,0,0,0,0,0,0,1,U,,,,,17,,,,,,,,1,0,000000000,00000000000,0,0,0,1,0,0,0,0,0,0,0,10,0,1,5,12,12,6,2,1,0,0,1,1,21,41018,0,0,0,0,0,0,71,147,0,0,0,0,0,0,0,0,0,1,0,0,0,0,1,2,35,4,6,2,1,0,0,14,6,1,1,4,2,1,0
21,210181,1,1,1,29,4,22,7,8,0,1,1,21,1,20,421,20421,15,1998,1GNEK13R3WJ3,1,G,N,E,K,1,3,R,3,W,J,3,0,P,CHEV,KTA,UT,98,17,4865,,0,1175,,G,,0,0,000000000,00000000000,0,0,0,1,0,0,0,0,0,0,0,998,0,0,0,12,12,4,3,8,0,0,0,1,21,40505,6,1,0,0,3,0,73,175,0,0,0,0,0,0,0,0,0,0,91,0,0,0,4,2,35,1,2,2,1,0,0,1,80,1,1,1,13,0,1
21,210182,1,1,4,30,4,0,5,35,0,1,0,21,2,7,43,7043,4,2005,1B3AL46T85N5,1,B,3,A,L,4,6,T,8,5,N,5,0,P,DODG,SRX,4D,5,17,3093,,0,1080,,F,,0,0,000000000,00000000000,0,0,0,1,0,0,0,0,0,0,0,85,0,1,5,12,12,6,2,35,0,0,0,1,39,45880,1,1,0,0,2,0,69,195,0,1,0,0,1,10,2008,3,2009,1,91,0,0,0,1,2,55,3,2,2,1,40,3,14,13,7,1,4,1,1,1
21,210183,1,1,2,30,4,17,37,34,0,1,0,0,0,98,998,98998,97,2003,000000000000,0,0,0,0,0,0,0,0,0,0,0,0,0,U,,,,,17,,,,,,,,0,0,000000000,00000000000,0,0,0,1,0,0,0,0,0,0,0,998,0,0,0,12,12,4,3,32,0,0,0,1,21,40272,0,0,0,0,0,0,64,125,0,0,0,0,0,0,0,0,0,0,52,0,0,0,1,2,35,3,2,2,1,40,3,14,13,1,1,4,1,1,1
21,210184,1,2,1,29,4,15,37,12,6,1,0,0,0,37,702,37702,83,2004,000000000000,0,0,0,0,0,0,0,0,0,0,0,0,0,U,,,,,17,,,,,,,,0,0,000000000,00000000000,0,0,0,1,0,0,0,0,0,0,0,998,0,0,0,9,9,4,1,12,0,0,0,1,21,40741,0,0,0,0,0,0,999,999,0,0,0,0,0,0,0,0,0,0,0,0,0,0,1,2,55,4,2,2,1,0,0,98,98,1,1,1,64,1,0
21,210184,2,2,1,29,4,15,37,12,6,1,0,21,1,49,50,49050,3,2007,JTKDE1772701,J,T,K,D,E,1,7,7,2,7,0,1,0,P,TOYT,SXC,LB,7,17,2905,,0,1063,,G,,0,0,000000000,00000000000,0,0,0,1,0,0,0,0,0,0,0,998,0,0,0,12,12,4,1,12,0,0,0,1,21,40741,6,1,0,0,3,0,68,200,0,0,0,1,0,10,2007,10,2007,0,0,0,0,0,1,2,55,4,2,2,1,0,0,14,78,1,1,1,65,0,0
21,210185,1,1,1,24,4,22,55,1,0,1,0,21,1,7,472,7472,30,1994,1B7GG26X7RW1,1,B,7,G,G,2,6,X,7,R,W,1,0,T,DODG,DAK,PK,94,17,,1,1239,1119,DAK,G,,0,0,000000000,00000000000,0,0,0,1,0,0,0,0,0,0,0,998,0,2,1,0,0,6,2,1,0,0,0,1,21,40741,6,1,0,0,3,0,68,162,0,0,0,0,0,0,0,0,0,0,0,0,0,0,1,2,55,2,2,2,1,0,0,14,13,9,1,7,98,1,1
21,210186,1,1,3,30,4,11,45,5,0,1,0,21,3,87,881,87881,63,2004,2NPNLD9X94M8,2,N,P,N,L,D,9,X,9,4,M,8,0,T,PTRB,330,TM,4,17,,8,0,0,CON,D,,0,77,777777777,77777777777,3,2,7,1,0,0,0,0,0,0,0,10,0,0,0,0,0,0,1,5,0,0,0,1,21,40322,6,1,6,1,3,0,70,140,1,0,0,0,0,9,2008,9,2008,0,0,0,0,0,1,2,55,1,2,2,1,0,0,2,98,1,1,1,0,1,0
21,210187,1,1,1,26,3,8,43,9,0,1,0,21,2,14,17,14017,4,1997,1MELM50UXVG6,1,M,E,L,M,5,0,U,X,V,G,6,0,P,MERC,SGS,4D,97,17,3388,,0,1085,,G,,0,0,000000000,00000000000,0,0,0,1,0,0,0,0,0,0,0,40,0,0,0,12,12,2,3,9,0,0,0,1,21,42003,6,1,0,0,3,0,67,170,0,0,0,0,0,0,0,0,0,0,86,0,0,0,5,4,45,1,1,2,1,0,0,1,13,1,1,4,13,0,0
21,210188,1,1,1,23,4,18,6,42,0,1,0,21,1,21,17,21017,4,1994,1G3AG55M9R64,1,G,3,A,G,5,5,M,9,R,6,4,0,P,OLDS,CIS,4D,94,17,2818,,0,1049,,G,,0,0,000000000,00000000000,0,0,0,1,0,0,0,0,0,0,0,998,0,1,5,61,61,6,2,42,0,0,0,1,21,42066,6,1,0,0,3,0,66,172,0,0,0,0,0,0,0,0,0,0,0,0,0,0,1,2,55,1,2,2,1,0,0,1,13,1,1,4,1,1,0
21,210189,1,1,1,6,3,22,32,8,0,1,0,21,1,12,17,12017,4,2005,1FAFP53205A2,1,F,A,F,P,5,3,2,0,5,A,2,0,P,FORD,TSE,4D,5,17,3306,,0,1085,,F,,0,0,000000000,00000000000,0,0,0,1,0,0,0,0,0,0,0,45,0,1,5,12,12,6,2,8,0,0,0,1,21,40740,6,1,0,0,3,0,64,110,0,0,0,0,0,0,0,0,0,0,0,0,0,0,3,2,45,1,2,1,1,2,3,1,80,7,1,1,13,0,0
21,210190,1,2,2,4,3,14,20,12,1,1,0,21,1,35,47,35047,4,2008,3N1AB61E48L6,3,N,1,A,B,6,1,E,4,8,L,6,0,P,NISS,SL2,4D,8,17,2804,,0,1057,,G,,0,0,000000000,00000000000,0,0,0,1,0,0,0,0,0,0,0,55,0,0,0,12,12,6,2,12,0,0,0,1,21,42236,6,1,0,0,3,0,69,200,1,0,0,0,0,10,2007,10,2007,0,0,0,0,0,1,2,55,1,2,2,1,0,0,1,56,3,2,1,32,1,0
21,210190,2,2,2,4,3,14,20,12,1,1,0,21,3,87,881,87881,66,1996,1XPFDR8X7TN4,1,X,P,F,D,R,8,X,7,T,N,4,1,T,PTRB,378,DS,96,17,,8,0,0,CON,D,,1,57,00323970,5700323970,3,6,2,1,0,0,0,0,0,0,0,5,0,0,0,6,6,4,1,12,0,0,0,1,21,42266,6,1,6,0,3,0,72,215,1,0,0,0,0,10,2007,10,2007,0,0,0,0,0,1,2,55,1,2,2,1,0,0,13,53,1,1,1,32,0,0
21,210191,1,2,1,28,4,12,40,12,6,1,0,21,2,37,31,37031,4,1993,JHMEH9599PS0,J,H,M,E,H,9,5,9,9,P,S,0,0,P,HOND,CXV,4D,93,17,2520,,0,1013,,G,,0,0,000000000,00000000000,0,0,0,1,0,0,0,0,0,0,0,25,0,0,0,1,12,4,3,12,0,0,0,1,21,42029,1,1,0,0,2,2,68,152,0,4,1,1,3,6,2007,12,2009,0,58,74,0,0,5,4,55,1,1,2,1,0,0,11,10,1,1,2,68,1,1
21,210191,2,2,1,28,4,12,40,12,6,1,0,21,2,12,401,12401,14,2000,1FMZU83P8YZB,1,F,M,Z,U,8,3,P,8,Y,Z,B,0,P,FORD,EPR,UT,0,17,4274,,0,1116,,G,,0,0,000000000,00000000000,0,0,0,1,0,0,0,0,0,0,0,50,0,0,0,11,11,4,3,12,0,0,0,1,21,42001,6,1,6,0,3,0,67,155,0,0,0,0,0,0,0,0,0,0,0,0,0,0,5,4,55,1,1,2,1,0,0,1,62,3,2,1,69,0,0
21,210192,1,1,1,4,4,9,21,32,0,1,0,21,1,6,441,6441,20,2000,1C4GP44G5YB6,1,C,4,G,P,4,4,G,5,Y,B,6,0,P,CHRY,TWC,SV,0,17,3948,,0,1193,,F,,0,0,000000000,00000000000,0,0,0,1,0,0,0,0,0,0,0,998,0,0,0,12,12,6,2,32,0,0,0,1,21,41317,6,1,0,0,3,1,63,200,0,0,0,0,0,0,0,0,0,0,0,0,0,0,1,2,55,2,2,2,1,0,0,14,13,1,1,4,1,1,0
21,210193,1,1,2,3,5,20,40,8,0,1,0,21,1,18,7,18007,4,1997,2G4WS52M7V14,2,G,4,W,S,5,2,M,7,V,1,4,0,P,BUIC,CCU,4D,97,17,3348,,0,1090,,G,,0,0,000000000,00000000000,0,0,0,1,0,0,0,0,0,0,0,998,0,0,0,12,12,2,3,8,0,0,0,1,21,41653,6,1,0,0,3,0,71,195,0,0,0,0,0,0,0,0,0,0,0,0,0,0,1,4,35,1,1,2,1,0,0,1,80,7,1,1,13,0,0
21,210194,1,1,3,2,5,3,14,38,0,1,0,21,2,20,403,20403,14,2003,1GNDT13S4321,1,G,N,D,T,1,3,S,4,3,2,1,0,P,CHEV,TRL,UT,3,17,4600,,0,1130,,G,,0,0,000000000,00000000000,0,0,0,1,0,0,0,0,0,0,0,60,0,0,0,61,61,6,2,38,0,0,0,1,21,42071,0,0,0,0,0,0,999,999,0,0,0,0,0,0,0,0,0,0,87,0,0,0,1,2,55,1,1,2,2,40,3,1,5,1,4,4,7,1,1
21,210195,1,3,2,5,5,7,55,12,6,1,0,21,2,23,481,23481,31,1989,1GTDC14H0KZ5,1,G,T,D,C,1,4,H,0,K,Z,5,0,T,GMC,SC1,PK,89,17,,1,1315,1175,SIE,G,,0,0,000000000,00000000000,0,0,0,1,0,0,0,0,0,0,0,998,0,0,0,11,11,6,2,12,0,0,0,1,21,40356,6,1,0,0,3,0,62,151,0,0,0,0,0,0,0,0,0,0,0,0,0,0,1,2,55,1,2,2,1,0,0,1,10,1,1,2,64,1,1
21,210195,2,3,3,5,5,7,55,12,6,1,0,21,3,12,481,12481,31,2009,1FTSW20559EA,1,F,T,S,W,2,0,5,5,9,E,A,1,T,FORD,F2S,CW,9,17,,2,1720,1560,SRW,G,,1,0,000000000,00000000000,0,0,0,1,0,0,0,0,0,0,0,998,0,0,0,11,7,4,1,12,0,0,0,1,21,40383,6,1,0,0,3,0,68,195,1,0,0,0,0,4,2010,4,2010,0,0,0,0,0,1,2,55,1,2,2,1,0,0,1,62,7,1,1,65,0,0
21,210195,3,3,1,5,5,7,55,12,6,1,0,21,3,49,482,49482,31,2007,5TBBT54107S4,5,T,B,B,T,5,4,1,0,7,S,4,0,T,TOYT,DBS,CW,7,17,,2,0,1457,TUN,G,,0,0,000000000,00000000000,0,0,0,1,0,0,0,0,0,0,0,998,0,0,0,11,11,6,2,12,0,0,0,1,21,40390,6,1,0,0,3,0,63,135,1,0,0,0,0,8,2007,8,2007,0,0,0,0,0,1,2,55,1,2,2,1,0,0,1,54,9,1,1,98,0,0
21,210196,1,1,1,5,5,15,36,35,0,1,0,21,1,52,39,52039,2,1995,JA3AM84J7SY0,J,A,3,A,M,8,4,J,7,S,Y,0,0,P,MITS,3GT,2H,95,17,3390,,0,972,,G,,0,0,000000000,00000000000,0,0,0,1,0,0,0,0,0,0,0,998,0,1,5,61,61,6,2,35,0,0,0,1,21,42134,6,1,0,0,3,0,69,230,0,0,0,0,0,0,0,0,0,0,58,0,0,0,1,2,55,1,2,2,1,0,0,1,13,8,1,4,1,1,1
21,210197,1,2,1,6,5,12,48,33,0,1,0,21,1,72,706,72706,80,2007,1HD1BW5127Y0,1,H,D,1,B,W,5,1,2,7,Y,0,0,M,HD,STC,RS,7,17,,,,,,,1584,0,0,000000000,00000000000,0,0,0,1,0,0,0,0,0,0,0,998,0,0,0,98,98,6,2,12,0,0,0,1,21,40213,6,1,0,0,3,2,71,225,0,0,0,0,0,0,0,0,0,0,74,0,0,0,2,3,35,1,1,2,1,3,3,11,15,1,1,4,98,1,0
21,210197,2,2,1,6,5,12,48,33,0,1,0,21,3,51,883,51883,66,2000,4V4ND1JH0YN7,4,V,4,N,D,1,J,H,0,Y,N,7,1,T,VOLV,VVN,DS,0,17,,8,0,0,VVN,D,,1,57,00105258,5700105258,3,6,1,1,0,0,0,0,0,0,0,998,7,0,0,7,7,2,1,12,0,0,0,1,21,42129,6,1,6,1,3,0,66,235,0,0,0,0,0,0,0,0,0,0,0,0,0,0,2,3,35,1,1,2,1,3,3,11,60,3,2,1,98,0,0
21,210198,1,3,1,5,5,12,43,12,6,1,0,21,1,24,2,24002,2,1997,1G8ZK5275VZ3,1,G,8,Z,K,5,2,7,5,V,Z,3,0,P,STRN,SL2,4D,97,17,2362,,0,1024,,G,,0,0,000000000,00000000000,0,0,0,1,0,0,0,0,0,0,0,998,0,0,0,9,9,6,2,12,0,0,0,1,21,42345,6,1,0,0,3,0,67,218,0,0,0,0,0,0,0,0,0,0,38,39,0,0,5,4,55,1,2,2,1,3,3,1,17,1,1,2,89,1,0
21,210198,2,3,1,5,5,12,43,12,6,1,0,21,1,22,20,22020,4,2007,2G2WP5527711,2,G,2,W,P,5,5,2,7,7,1,1,0,P,PONT,GRA,4D,7,17,3477,,0,1105,,G,,0,0,000000000,00000000000,0,0,0,1,0,0,0,0,0,0,0,998,0,0,0,12,12,6,2,12,0,0,0,1,21,42345,6,1,0,0,3,0,64,155,3,0,0,0,0,4,2008,1,2009,0,0,0,0,0,5,4,55,1,2,2,1,3,3,1,66,1,1,2,88,0,0
21,210198,3,3,1,5,5,12,43,12,6,1,0,21,1,18,401,18401,14,2007,3G5DA03L67S5,3,G,5,D,A,0,3,L,6,7,S,5,0,P,BUIC,RZV,UT,7,17,4096,,0,1122,,G,,0,0,000000000,00000000000,0,0,0,1,0,0,0,0,0,0,0,0,0,0,0,12,12,2,1,12,0,0,0,1,21,42345,6,1,0,0,3,0,69,165,0,0,0,0,0,0,0,0,0,0,0,0,0,0,5,4,55,1,2,2,1,3,3,5,62,1,1,1,98,0,0
21,210199,1,1,1,7,5,18,45,32,0,1,0,21,1,2,404,2404,14,2001,1J4GX58S11C7,1,J,4,G,X,5,8,S,1,1,C,7,0,T,JEEP,LMT,4W,1,17,,1,0,1059,GCK,G,,0,0,000000000,00000000000,0,0,0,1,0,0,0,0,0,0,0,998,0,1,5,11,13,6,2,42,0,0,0,1,21,42134,6,1,0,0,3,1,72,150,1,0,0,0,0,10,2008,10,2008,0,0,0,0,0,1,2,55,1,1,2,1,0,0,1,13,1,1,4,1,1,0
21,210200,1,3,4,8,5,15,29,12,6,1,0,21,2,12,13,12013,2,1994,1FARP1281RW2,1,F,A,R,P,1,2,8,1,R,W,2,0,P,FORD,EGT,2H,94,17,2447,,0,984,,G,,0,0,000000000,00000000000,0,0,0,1,0,0,0,0,0,0,0,998,0,9,1,81,81,6,2,12,0,0,0,1,21,41056,6,1,0,0,3,0,69,175,0,0,0,0,0,0,0,0,0,0,92,0,0,0,1,2,55,1,1,2,1,0,0,1,8,8,4,2,64,1,0
21,210200,2,3,1,8,5,15,29,12,6,1,0,21,1,55,35,55035,4,2006,KMHDN46D86U2,K,M,H,D,N,4,6,D,8,6,U,2,0,P,HYUN,GTL,4D,6,17,2784,,0,1027,,G,,0,0,000000000,00000000000,0,0,0,1,0,0,0,0,0,0,0,998,0,0,0,12,12,6,2,12,0,0,0,1,21,41055,6,1,0,0,3,0,68,125,0,0,0,0,0,0,0,0,0,0,0,0,0,0,1,2,55,1,1,2,1,0,0,1,62,9,2,1,65,0,0
21,210200,3,3,1,8,5,15,29,12,6,1,0,21,1,49,38,49038,2,1996,JT2AC52L6T01,J,T,2,A,C,5,2,L,6,T,0,1,0,P,TOYT,TTD,2D,96,17,1950,,0,937,,G,,0,0,000000000,00000000000,0,0,0,1,0,0,0,0,0,0,0,998,0,0,0,5,5,2,1,12,0,0,0,1,21,40356,6,1,0,0,3,1,63,130,0,0,0,0,0,0,0,0,0,0,0,0,0,0,1,2,55,1,1,2,1,0,0,1,62,6,1,2,98,0,0
21,210201,1,3,1,8,5,17,53,12,8,1,0,21,1,72,706,72706,80,2001,1HD1GHV181Y3,1,H,D,1,G,H,V,1,8,1,Y,3,0,M,HD,FDX,RS,1,17,,,,,,,1450,0,0,000000000,00000000000,0,0,0,1,0,0,0,0,0,0,0,998,0,0,0,81,12,6,2,12,0,0,0,1,21,40175,1,1,0,0,2,0,70,190,0,4,2,0,2,10,2007,5,2009,0,0,0,0,0,1,2,35,3,2,1,1,0,0,14,10,1,1,2,64,1,1
21,210201,2,3,3,8,5,17,53,12,8,1,0,21,1,6,441,6441,20,2009,2A8HR54169R6,2,A,8,H,R,5,4,1,6,9,R,6,0,P,CHRY,TWC,SV,9,17,4507,,0,1212,,G,,0,0,000000000,00000000000,0,0,0,1,0,0,0,0,0,0,0,30,0,0,0,61,61,2,1,12,0,0,0,1,21,40258,6,1,0,0,3,0,74,235,0,0,0,0,0,0,0,0,0,0,0,0,0,0,1,2,35,2,2,1,1,0,0,14,62,7,1,1,65,0,0
21,210201,3,3,2,8,5,17,53,12,8,1,0,21,3,35,47,35047,4,2010,1N4AL2AP1AC1,1,N,4,A,L,2,A,P,1,A,C,1,0,P,NISS,ATS,4D,10,17,3063,,0,1093,,G,,0,0,000000000,00000000000,0,0,0,1,0,0,0,0,0,0,0,30,0,0,0,12,12,6,2,12,0,0,0,1,21,40216,6,1,0,0,3,0,72,165,0,0,0,0,0,0,0,0,0,0,0,0,0,0,1,2,35,2,2,1,1,0,0,14,62,3,2,1,98,0,0
21,210202,1,1,1,9,5,13,25,42,0,1,0,21,2,12,481,12481,31,1994,1FTHX26F2RKB,1,F,T,H,X,2,6,F,2,R,K,B,0,T,FORD,F25,PS,94,17,,2,0,1550,COF,D,,0,0,000000000,00000000000,0,0,0,1,0,0,0,0,0,0,0,998,0,0,0,12,12,6,2,42,0,0,0,1,21,40324,6,1,0,0,3,0,63,220,0,0,0,0,1,4,2010,4,2010,1,0,0,0,0,1,2,55,4,2,2,1,40,3,14,12,7,1,4,6,1,0
21,210203,1,1,1,9,5,17,15,1,0,1,0,21,2,73,705,73705,80,2006,JKAZX4J186A0,J,K,A,Z,X,4,J,1,8,6,A,0,0,M,KAWK,ZXJ,RS,6,17,,,,,,,600,0,0,000000000,00000000000,0,0,0,1,0,0,0,0,0,0,0,998,0,0,0,0,0,6,2,1,0,0,0,1,21,41314,6,1,0,0,3,1,74,160,0,0,0,1,0,4,2009,4,2009,1,0,0,0,0,1,2,55,3,1,2,1,0,0,14,13,6,1,4,1,1,0
21,210204,1,2,1,10,5,1,30,12,1,1,0,21,3,84,884,84884,66,2011,3HSCUAPR2BN1,3,H,S,C,U,A,P,R,2,B,N,1,1,T,INTL,PPR,DS,11,17,,8,0,0,PRO,D,,1,57,00260901,5700260901,3,6,1,1,0,0,0,0,0,0,0,998,0,0,0,12,12,6,2,12,0,0,0,1,21,40737,6,1,6,0,3,0,72,225,0,0,0,0,0,0,0,0,0,0,0,0,0,0,3,3,70,1,1,2,1,0,0,1,51,3,2,1,24,0,0
21,210204,2,2,4,10,5,1,30,12,1,1,0,26,2,12,461,12461,21,1985,1FTDE14F0FHA,1,F,T,D,E,1,4,F,0,F,H,A,0,T,FORD,15V,CG,85,17,,1,1380,1240,VAN,G,,0,0,000000000,00000000000,0,0,0,1,0,0,0,0,0,0,0,998,0,0,0,6,6,6,2,12,0,0,0,1,26,48314,6,1,0,0,3,0,67,150,0,0,0,0,1,5,2007,5,2007,0,0,0,0,0,3,3,70,1,1,2,1,0,0,1,53,1,1,1,25,1,0
21,210205,1,1,2,10,5,18,13,1,0,1,0,21,2,38,402,38402,14,2001,4S2DM58W8143,4,S,2,D,M,5,8,W,8,1,4,3,0,P,ISU,ROD,UT,1,17,4124,,0,1064,,G,,0,0,000000000,00000000000,0,0,0,1,0,0,0,0,0,0,0,55,0,2,5,0,13,6,2,42,0,0,0,1,21,41824,6,1,0,0,3,1,70,165,0,0,0,0,0,0,0,0,0,0,58,0,0,0,1,2,55,3,1,2,1,0,0,14,12,7,1,4,6,1,1
21,210206,1,2,3,15,5,21,56,12,6,1,0,21,1,21,2,21002,4,1994,1G3HN52L9R48,1,G,3,H,N,5,2,L,9,R,4,8,0,P,OLDS,88R,4D,94,17,3344,,0,1108,,G,,0,0,000000000,00000000000,0,0,0,1,0,0,0,0,0,0,0,5,0,0,0,10,10,6,2,12,0,0,0,1,21,42134,6,1,0,0,3,0,71,170,0,0,0,0,0,0,0,0,0,0,38,0,0,0,1,2,55,1,2,2,1,20,3,3,17,1,1,1,89,0,0
21,210206,2,2,1,15,5,21,56,12,6,1,0,21,1,76,706,76706,80,1982,JYA10L001CA0,J,Y,A,1,0,L,0,0,1,C,A,0,0,M,YAMA,X92,RS,82,17,,,,,,,920,0,0,000000000,00000000000,0,0,0,1,0,0,0,0,0,0,0,55,0,0,0,12,12,6,2,12,0,0,0,1,21,42120,6,1,0,0,3,0,71,162,0,0,0,0,0,0,0,0,0,0,0,0,0,0,1,2,55,1,2,2,1,0,0,1,66,1,1,1,88,1,0
21,210207,1,1,4,14,5,21,42,21,0,1,0,21,2,12,17,12017,4,2000,1FAFP53U4YG1,1,F,A,F,P,5,3,U,4,Y,G,1,0,P,FORD,TSE,4D,0,17,3333,,0,1085,,G,,0,0,000000000,00000000000,0,0,0,1,0,0,0,0,0,0,0,998,0,1,5,1,1,4,3,3,0,0,0,1,21,41031,6,1,0,0,3,0,62,150,0,0,0,0,0,0,0,0,0,0,0,0,0,0,1,2,45,3,1,2,1,40,3,14,8,6,4,4,2,1,0
21,210208,1,2,1,17,5,19,30,12,2,1,0,21,2,23,471,23471,30,1998,1GTCS1449WK5,1,G,T,C,S,1,4,4,9,W,K,5,0,T,GMC,SON,PK,98,17,,1,1179,1083,SON,G,,0,0,000000000,00000000000,0,0,0,1,0,0,0,0,0,0,0,998,0,1,1,12,12,6,2,12,0,0,0,1,21,41861,6,2,0,0,2,1,70,200,0,0,0,0,0,0,0,0,0,0,0,0,0,0,1,2,35,2,1,2,2,0,0,14,8,9,2,2,50,0,0
21,210208,2,2,3,17,5,19,30,12,2,1,0,21,1,20,20,20020,4,1995,2G1WL52M2S11,2,G,1,W,L,5,2,M,2,S,1,1,0,P,CHEV,LUM,4D,95,17,3330,,0,1075,,G,,0,0,000000000,00000000000,0,0,0,1,0,0,0,0,0,0,0,998,0,0,0,12,12,6,2,12,0,0,0,1,21,41828,6,1,0,0,3,0,74,190,0,0,0,0,0,0,0,0,0,0,0,0,0,0,1,2,35,2,1,2,2,0,0,14,62,2,1,1,51,1,0
21,210209,1,1,2,20,5,17,0,30,0,1,0,21,1,6,16,6016,4,1994,1C3AA3630RF1,1,C,3,A,A,3,6,3,0,R,F,1,0,P,CHRY,LEA,4D,94,17,2892,,0,1035,,G,,0,0,000000000,00000000000,0,0,0,1,0,0,0,0,0,0,0,50,0,1,5,12,12,6,2,30,0,0,0,1,21,42437,6,1,0,0,3,0,70,210,0,0,0,0,1,8,2008,8,2008,0,0,0,0,0,1,2,55,1,3,2,1,0,0,1,13,6,1,4,1,1,1
21,210210,1,3,1,20,5,22,0,12,6,1,0,21,2,37,32,37032,4,1994,JHMCD5657RC0,J,H,M,C,D,5,6,5,7,R,C,0,0,P,HOND,AEX,4D,94,17,2908,,0,1069,,G,,0,0,000000000,00000000000,0,0,0,1,0,0,0,0,0,0,0,998,0,0,0,9,9,6,2,12,0,0,0,1,21,40504,0,0,0,0,0,0,999,999,99,99,99,99,99,99,9999,99,9999,0,38,0,0,0,1,2,55,1,1,2,2,20,3,11,17,1,1,1,82,1,0
21,210210,2,3,1,20,5,22,0,12,6,1,0,21,1,7,472,7472,30,2001,1B7GL22X31S3,1,B,7,G,L,2,2,X,3,1,S,3,0,T,DODG,DAK,PC,1,17,,1,0,1309,DAK,G,,0,0,000000000,00000000000,0,0,0,1,0,0,0,0,0,0,0,998,0,0,0,12,12,6,2,12,0,0,0,1,21,40342,6,1,0,0,3,0,72,150,0,0,0,0,0,0,0,0,0,0,0,0,0,0,1,2,55,1,1,2,2,0,0,1,67,3,2,1,83,0,0
21,210210,3,3,1,20,5,22,0,12,6,1,0,21,1,35,43,35043,4,2003,3N1CB51D93L8,3,N,1,C,B,5,1,D,9,3,L,8,0,P,NISS,XGX,4D,3,17,2411,,0,998,,G,,0,0,000000000,00000000000,0,0,0,1,0,0,0,0,0,0,0,998,0,0,0,12,12,2,1,12,0,0,0,1,21,40347,6,1,0,0,3,0,68,130,0,0,0,0,0,0,0,0,0,0,0,0,0,0,1,2,55,1,1,2,2,0,0,1,52,3,2,1,98,0,0
21,210211,1,1,3,21,5,13,51,30,0,1,0,21,1,20,401,20401,14,1996,1GNDT13W4T23,1,G,N,D,T,1,3,W,4,T,2,3,0,P,CHEV,BZR,UT,96,17,4023,,0,1070,,G,,0,0,000000000,00000000000,0,0,0,1,0,0,0,0,0,0,0,998,0,0,0,61,61,6,2,30,0,0,0,1,21,41719,6,1,0,0,3,0,64,120,0,0,0,0,0,0,0,0,0,1,0,0,0,0,1,2,35,3,6,2,1,0,0,14,6,9,4,4,7,1,1
21,210212,1,1,2,21,5,21,21,8,0,1,0,21,1,21,2,21002,4,1995,1G3HN52K7SH3,1,G,3,H,N,5,2,K,7,S,H,3,0,P,OLDS,88R,4D,95,17,3439,,0,1108,,G,,0,0,000000000,00000000000,0,0,0,1,0,0,0,0,0,0,0,998,0,0,0,12,12,4,3,8,0,0,0,1,21,40503,6,1,0,0,3,0,72,215,0,0,0,0,1,5,2010,5,2010,0,0,0,0,0,3,4,70,1,2,2,2,0,0,1,80,1,1,1,13,0,0
21,210213,1,2,1,23,5,15,51,12,6,1,0,21,1,35,47,35047,4,2002,JN1DA31DX2T4,J,N,1,D,A,3,1,D,X,2,T,4,0,P,NISS,MGS,4D,2,17,3103,,0,1083,,G,,0,0,000000000,00000000000,0,0,0,1,0,0,0,0,0,0,0,998,0,0,0,9,9,6,2,12,0,0,0,1,21,41701,6,1,0,0,3,1,64,117,1,0,0,0,0,11,2008,11,2008,0,38,0,0,0,1,8,98,8,8,8,98,98,8,11,15,1,1,1,82,1,0