STATE,ST_CASE,VEH_NO,VE_FORMS,NUMOCCS,DAY,MONTH,HOUR,MINUTE,HARM_EV,MAN_COLL,UNITTYPE,HIT_RUN,REG_STAT,OWNER,MAKE,MODEL,MAK_MOD,BODY_TYP,MOD_YEAR,VIN,VIN_1,VIN_2,VIN_3,VIN_4,VIN_5,VIN_6,VIN_7,VIN_8,VIN_9,VIN_10,VIN_11,VIN_12,TOW_VEH,VINTYPE,VINMAKE,VINA_MOD,VIN_BT,VINMODYR,VIN_LNGT,VIN_WGT,WGTCD_TR,WHLBS_LG,WHLBS_SH,SER_TR,FUELCODE,MCYCL_DS,J_KNIFE,MCARR_I1,MCARR_I2,MCARR_ID,GVWR,V_CONFIG,CARGO_BT,HAZ_INV,HAZ_PLAC,HAZ_ID,HAZ_CNO,HAZ_REL,BUS_USE,SPEC_USE,EMER_USE,TRAV_SP,UNDERIDE,ROLLOVER,ROLINLOC,IMPACT1,IMPACT2,DEFORMED,TOWED,M_HARM,VEH_SC1,VEH_SC2,FIRE_EXP,DR_PRES,L_STATE,DR_ZIP,L_STATUS,L_TYPE,CDL_STAT,L_ENDORS,L_COMPL,L_RESTRI,DR_HGT,DR_WGT,PREV_ACC,PREV_SUS,PREV_DWI,PREV_SPD,PREV_OTH,FIRST_MO,FIRST_YR,LAST_MO,LAST_YR,SPEEDREL,DR_SF1,DR_SF2,DR_SF3,DR_SF4,VTRAFWAY,VNUM_LAN,VSPD_LIM,VALIGN,VPROFILE,VPAVETYP,VSURCOND,VTRAFCON,VTCONT_F,P_CRASH1,P_CRASH2,P_CRASH3,PCRASH4,PCRASH5,ACC_TYPE,DEATHS,DR_DRINK
21,210213,2,2,2,23,5,15,51,12,6,1,0,21,1,7,482,7482,31,2001,1B7HF16Y61S6,1,B,7,H,F,1,6,Y,6,1,S,6,0,T,DODG,150,PK,1,17,,2,1347,1187,RPC,G,,0,0,000000000,00000000000,0,0,0,1,0,0,0,0,0,0,0,998,0,0,0,12,12,6,2,12,0,0,0,1,21,41759,6,1,0,0,3,0,72,150,0,0,0,0,0,0,0,0,0,0,0,0,0,0,1,3,55,2,2,2,1,0,0,14,67,3,2,1,83,0,0
21,210214,1,1,1,23,5,18,48,24,0,1,0,21,1,53,706,53706,80,2002,JS1VS52A7221,J,S,1,V,S,5,2,A,7,2,2,1,0,M,SUZI,VS8,RS,2,17,,,,,,,805,0,0,000000000,00000000000,0,0,0,1,0,0,0,0,0,0,0,998,0,0,0,12,12,6,4,24,0,0,0,1,21,40403,6,1,6,0,3,0,70,166,0,0,0,0,0,0,0,0,0,0,0,0,0,0,1,2,55,3,2,2,1,0,0,14,8,3,1,4,1,1,0
21,210215,1,1,1,24,5,4,41,11,0,1,0,21,1,37,705,37705,80,2007,JH2RC44037M1,J,H,2,R,C,4,4,0,3,7,M,1,0,M,HOND,T7D,RS,7,17,,,,,,,745,0,0,000000000,00000000000,0,0,0,1,0,0,0,0,0,0,0,55,0,0,0,12,12,6,2,11,0,0,0,1,21,42104,6,1,0,0,3,0,68,165,0,0,0,0,0,0,0,0,0,0,0,0,0,0,3,2,55,1,1,2,1,40,3,1,87,1,1,1,13,1,0
21,210216,1,1,1,25,5,1,11,24,0,1,0,21,1,12,3,12003,3,2000,1FAFP4040YF2,1,F,A,F,P,4,0,4,0,Y,F,2,0,P,FORD,MUS,CP,0,17,3066,,0,1013,,G,,0,0,000000000,00000000000,0,0,0,1,0,0,0,0,0,0,0,998,0,1,4,12,12,6,2,24,0,0,0,1,21,41560,6,1,0,0,3,0,74,190,0,0,0,0,0,0,0,0,0,0,0,0,0,0,1,2,45,3,1,2,1,0,0,14,8,8,4,4,7,1,0
21,210217,1,2,1,22,5,23,32,12,6,1,0,21,2,51,42,51042,4,1995,YV1LS5713S22,Y,V,1,L,S,5,7,1,3,S,2,2,0,P,VOLV,850,4D,95,17,3287,,0,1049,,G,,0,0,000000000,00000000000,0,0,0,1,0,0,0,0,0,0,0,998,0,0,0,3,3,6,2,12,0,0,0,1,21,40242,6,1,0,0,3,1,67,140,0,0,0,1,1,10,2007,7,2009,0,38,0,0,0,2,2,45,1,2,2,1,21,3,11,15,1,1,2,68,1,1
21,210217,2,2,1,22,5,23,32,12,6,1,0,21,3,12,24,12024,6,2010,2FMDK3GC1ABB,2,F,M,D,K,3,G,C,1,A,B,B,0,P,FORD,EDG,UT,10,17,4078,,0,1112,,G,,0,0,000000000,00000000000,0,0,0,1,0,0,0,0,0,0,0,998,0,0,0,12,12,6,2,12,0,0,0,1,21,40204,6,1,0,0,3,1,68,185,2,0,0,0,0,6,2008,5,2010,1,0,0,0,0,2,2,45,1,2,2,1,0,0,1,66,3,2,1,69,0,0
21,210218,1,1,1,26,5,4,15,8,0,1,1,99,9,99,999,99999,99,9999,999999999999,9,9,9,9,9,9,9,9,9,9,9,9,9,U,,,,9,17,,,,,,,,0,99,999999999,99999999999,9,99,99,1,0,0,0,0,99,99,9,999,0,0,0,12,12,9,1,8,99,99,0,1,99,99999,9,9,99,9,9,9,999,999,99,99,99,99,99,99,9999,99,9999,9,99,99,99,99,3,2,70,1,1,2,1,0,0,1,80,99,9,9,13,0,0
21,210219,1,1,3,26,5,20,20,30,0,1,0,21,2,35,471,35471,30,1986,1N6ND11SXGC3,1,N,6,N,D,1,1,S,X,G,C,3,0,T,NISS,U2S,PK,86,17,,1,0,0,D21,G,,0,0,000000000,00000000000,0,0,0,1,0,0,0,0,0,0,0,998,0,1,5,81,81,6,2,30,0,0,0,1,21,42701,6,1,0,0,3,1,72,132,1,0,0,0,0,11,2008,11,2008,0,58,0,0,0,1,2,45,2,1,2,1,0,0,14,8,8,4,4,2,1,1
21,210220,1,2,1,27,5,16,45,12,2,1,0,21,1,49,471,49471,30,1994,4TARN81A1RZ2,4,T,A,R,N,8,1,A,1,R,Z,2,0,T,TOYT,USS,PK,94,17,,1,0,1030,UHT,G,,0,0,000000000,00000000000,0,0,0,1,0,0,0,0,0,0,0,998,0,0,0,12,12,6,2,12,0,0,0,1,21,41121,6,1,0,0,3,0,70,190,0,0,0,0,1,1,2008,1,2008,0,0,0,0,0,1,2,55,1,1,2,1,0,0,1,10,1,1,2,50,1,1
21,210220,2,2,1,27,5,16,45,12,2,1,0,21,1,18,4,18004,4,1993,1G4BN5379PR4,1,G,4,B,N,5,3,7,9,P,R,4,0,P,BUIC,RDM,4D,93,17,3973,,0,1159,,G,,0,0,000000000,00000000000,0,0,0,1,0,0,0,0,0,0,0,998,0,0,0,12,12,6,2,12,0,0,0,1,21,41121,6,1,0,0,3,1,58,130,0,0,0,0,0,0,0,0,0,0,0,0,0,0,1,2,55,1,1,2,1,0,0,1,62,7,1,1,51,0,0
21,210221,1,1,2,27,5,23,12,30,0,1,0,21,2,20,36,20036,2,2000,2G1WX12K9Y93,2,G,1,W,X,1,2,K,9,Y,9,3,0,P,CHEV,MSS,CP,0,17,3391,,0,1075,,G,,0,0,000000000,00000000000,0,0,0,1,0,0,0,0,0,0,0,998,0,1,5,12,12,6,2,1,0,0,0,1,21,41030,6,1,0,0,3,0,68,130,0,0,0,0,1,3,2008,3,2008,1,0,0,0,0,1,2,55,2,2,2,1,0,0,14,12,6,1,4,6,1,1
21,210222,1,1,1,28,5,14,40,35,0,1,0,21,1,18,22,18022,4,2005,2G4WC5327512,2,G,4,W,C,5,3,2,7,5,1,2,0,P,BUIC,LCX,4D,5,17,3495,,0,1138,,G,,0,0,000000000,00000000000,0,0,0,1,0,0,0,0,0,0,0,998,0,1,6,12,12,6,2,14,0,0,0,1,21,40769,6,1,0,0,3,0,66,175,0,0,0,0,0,0,0,0,0,0,0,0,0,0,1,2,55,4,1,2,1,0,0,14,12,1,1,4,6,1,0
21,210223,1,2,3,29,5,14,19,1,0,1,0,21,1,7,880,7880,67,2005,3D7MS48C55G7,3,D,7,M,S,4,8,C,5,5,G,7,0,T,DODG,SQ3,CW,5,17,,3,0,1600,RPC,D,,0,77,777777777,77777777777,2,1,97,1,0,0,0,0,0,0,0,998,0,0,0,5,5,2,1,54,0,0,0,1,21,41031,6,1,0,0,3,0,70,148,1,1,0,3,2,5,2007,3,2010,0,91,0,0,0,1,2,55,1,2,2,1,0,0,11,15,1,1,2,98,0,0
21,210223,2,2,2,29,5,14,19,1,0,1,0,21,1,72,706,72706,80,2005,1HD1CGP115K4,1,H,D,1,C,G,P,1,1,5,K,4,0,M,HD,20C,RS,5,17,,,,,,,1199,0,0,000000000,00000000000,0,0,0,1,0,0,0,0,0,0,0,998,0,0,0,0,81,2,3,12,0,0,0,1,21,41472,6,1,0,0,3,0,67,160,0,0,0,0,0,0,0,0,0,0,0,0,0,0,1,2,55,1,2,2,1,0,0,1,62,3,2,1,98,1,0
21,210224,1,2,2,29,5,15,10,12,6,1,0,21,2,14,15,14015,4,1988,2MEPM36X4JB6,2,M,E,P,M,3,6,X,4,J,B,6,0,P,MERC,TGS,4D,88,17,2565,,0,999,,G,,0,0,000000000,00000000000,0,0,0,1,0,0,0,0,0,0,0,50,0,0,0,12,12,6,2,12,0,0,0,1,21,40391,6,1,0,0,3,0,63,180,0,0,0,0,0,0,0,0,0,0,39,0,0,0,5,4,98,1,1,2,1,3,3,1,17,3,2,1,83,1,1
21,210224,2,2,4,29,5,15,10,12,6,1,0,21,1,12,473,12473,30,2006,1FMEU73EX6UA,1,F,M,E,U,7,3,E,X,6,U,A,0,P,FORD,EPR,UT,6,17,4456,,0,1137,,G,,0,0,000000000,00000000000,0,0,0,1,0,0,0,0,0,0,0,15,0,0,0,11,11,6,2,12,0,0,0,1,21,40391,6,1,0,0,3,1,74,220,0,0,0,0,0,0,0,0,0,0,0,0,0,0,5,4,45,1,3,1,1,3,3,11,66,98,1,1,82,0,0
21,210225,1,1,1,28,5,21,51,35,0,1,0,0,0,73,739,73739,90,1995,999999999999,9,9,9,9,9,9,9,9,9,9,9,9,0,U,,,,9,17,,,,,,,,0,0,000000000,00000000000,0,0,0,1,0,0,0,0,0,0,0,998,0,1,5,12,12,2,4,35,0,0,0,1,21,41339,0,0,0,0,0,0,999,999,0,0,0,0,0,0,0,0,0,0,58,0,0,0,1,2,55,4,8,2,2,0,0,14,13,6,1,4,1,1,1
21,210226,1,2,1,30,5,13,19,12,6,1,0,21,1,53,705,53705,80,2001,JS1GR7HA2121,J,S,1,G,R,7,H,A,2,1,2,1,0,M,SUZI,SX7,RS,1,17,,,,,,,749,0,0,000000000,00000000000,0,0,0,1,0,0,0,0,0,0,0,998,0,0,0,12,12,6,2,12,0,0,0,1,21,40031,6,1,0,0,3,1,70,200,0,0,0,0,0,0,0,0,0,0,0,0,0,0,1,2,45,1,1,2,1,3,3,1,62,3,2,1,69,1,0
21,210226,2,2,1,30,5,13,19,12,6,1,0,21,1,49,40,49040,4,2001,4T1BF28K21U1,4,T,1,B,F,2,8,K,2,1,U,1,0,P,TOYT,XLL,4D,1,17,3175,,0,1051,,G,,0,0,000000000,00000000000,0,0,0,1,0,0,0,0,0,0,0,998,0,0,0,81,81,6,2,12,0,0,0,1,21,40014,6,1,0,0,3,1,75,230,0,0,0,1,0,7,2008,7,2008,0,0,0,0,0,1,2,45,1,1,2,1,3,3,11,10,1,1,2,68,0,1
21,210227,1,2,1,31,5,13,30,12,6,1,0,21,1,20,16,20016,4,2002,1G1JF524X271,1,G,1,J,F,5,2,4,X,2,7,1,0,P,CHEV,CAS,4D,2,17,2676,,0,1041,,G,,0,0,000000000,00000000000,0,0,0,1,0,0,0,0,0,0,0,998,0,0,0,9,9,6,2,12,0,0,0,1,21,42431,6,1,0,0,3,0,64,145,0,0,0,0,0,0,0,0,0,0,38,0,0,0,4,2,99,1,1,2,1,20,3,11,15,1,1,2,82,1,0
21,210227,2,2,1,31,5,13,30,12,6,1,0,21,2,20,421,20421,15,2003,1GNEK132X3J1,1,G,N,E,K,1,3,2,X,3,J,1,0,P,CHEV,,,3,17,,,,,,,,0,0,000000000,00000000000,0,0,0,1,0,0,0,0,0,0,0,998,0,0,0,12,12,2,3,12,0,0,0,1,21,42410,6,1,0,0,3,0,72,220,1,0,0,1,0,9,2009,3,2010,0,0,0,0,0,1,2,35,1,1,2,1,0,0,1,67,2,1,1,83,0,0
21,210228,1,2,1,31,5,21,9,12,6,1,0,21,1,20,20,20020,4,1998,2G1WL52M4W91,2,G,1,W,L,5,2,M,4,W,9,1,0,P,CHEV,L/S,4D,98,17,3330,,0,1075,,G,,0,0,000000000,00000000000,0,0,0,1,0,0,0,0,0,0,0,998,0,1,1,11,11,6,2,12,0,0,0,1,21,41472,6,1,0,0,3,0,67,125,0,0,0,0,0,0,0,0,0,0,0,0,0,0,1,3,55,1,2,2,1,0,0,1,10,1,1,2,64,0,0
21,210228,2,2,2,31,5,21,9,12,6,1,0,21,1,20,16,20016,4,2004,1G1JC52F2471,1,G,1,J,C,5,2,F,2,4,7,1,0,P,CHEV,CAV,4D,4,17,2676,,0,1041,,G,,0,0,000000000,00000000000,0,0,0,1,0,0,0,0,0,0,0,998,0,0,0,10,10,6,2,12,0,0,0,1,21,41472,6,1,0,0,3,0,64,125,0,0,0,0,0,0,0,0,0,0,0,0,0,0,1,3,55,1,2,2,1,0,0,1,62,7,1,1,65,1,0
21,210229,1,1,1,24,5,21,6,17,0,1,0,12,1,72,706,72706,80,1997,1HD1BML18VY0,1,H,D,1,B,M,L,1,8,V,Y,0,0,M,HD,FLF,RS,97,17,,,,,,,1340,0,0,000000000,00000000000,0,0,0,1,0,0,0,0,0,0,0,60,0,0,0,12,12,6,2,17,0,0,0,1,12,32092,6,1,0,0,3,0,70,999,0,0,0,0,0,0,0,0,0,0,0,0,0,0,1,2,35,3,2,2,1,40,3,14,13,3,1,4,1,1,1
21,210230,1,1,5,28,5,8,3,24,0,1,0,18,1,13,421,13421,15,2002,5LMFU28R62LJ,5,L,M,F,U,2,8,R,6,2,L,J,0,P,LINC,NAV,UT,2,17,5746,,0,1190,,G,,0,0,000000000,00000000000,0,0,0,1,0,0,0,0,0,0,0,998,0,0,0,81,81,4,1,24,0,0,0,1,18,47283,6,1,0,0,3,1,71,220,0,0,0,0,0,0,0,0,0,0,0,0,0,0,3,2,70,1,2,2,1,0,0,1,12,9,1,4,6,1,0
21,210231,1,1,1,29,5,11,35,32,0,1,0,0,0,99,709,99709,82,9999,999999999999,9,9,9,9,9,9,9,9,9,9,9,9,0,U,,,,9,17,,,,,,,,0,0,000000000,00000000000,0,0,0,1,0,0,0,0,0,0,0,998,0,0,0,12,12,6,2,32,0,0,0,1,21,42134,6,1,0,0,3,0,72,190,0,0,0,0,0,0,0,0,0,0,0,0,0,0,1,2,35,1,1,2,1,0,0,1,13,1,1,4,1,1,0
21,210232,1,2,2,26,5,14,30,12,6,1,0,21,1,20,2,20002,4,2008,2G1WB58KX891,2,G,1,W,B,5,8,K,X,8,9,1,0,P,CHEV,IPL,4D,8,17,3555,,0,1105,,F,,0,0,000000000,00000000000,0,0,0,1,0,0,0,0,0,0,0,998,0,0,0,11,11,6,2,12,0,0,0,1,21,40313,6,1,0,0,3,0,64,999,0,0,0,0,0,0,0,0,0,0,38,0,0,0,1,2,98,1,3,2,1,20,3,11,15,1,1,1,82,2,0
21,210232,2,2,1,26,5,14,30,12,6,1,0,21,1,23,481,23481,31,2000,2GTEK19T7Y11,2,G,T,E,K,1,9,T,7,Y,1,1,0,T,GMC,NK1,3C,0,17,,2,1575,1435,SIE,G,,0,0,000000000,00000000000,0,0,0,1,0,0,0,0,0,0,0,45,0,0,0,12,12,6,2,12,0,0,0,1,21,41135,6,1,0,0,3,0,66,165,1,1,1,0,0,1,2008,4,2008,0,0,0,0,0,5,4,45,1,3,2,1,0,0,1,67,1,1,1,83,0,1
21,210233,1,1,5,31,5,5,52,52,0,1,0,17,1,20,421,20421,15,2005,1GNEK13T35J1,1,G,N,E,K,1,3,T,3,5,J,1,0,P,CHEV,KTA,UT,5,17,5192,,0,1160,,G,,0,0,000000000,00000000000,0,0,0,1,0,0,0,0,0,0,0,998,0,1,3,12,12,6,2,52,0,0,0,1,17,62839,6,1,0,0,3,0,61,160,0,0,0,0,0,0,0,0,0,0,0,0,0,0,3,2,70,1,1,1,1,0,0,1,12,2,1,4,6,1,0
21,210234,1,2,1,16,5,7,37,12,2,1,0,21,1,12,35,12035,4,1999,1FAFP6633XK1,1,F,A,F,P,6,6,3,3,X,K,1,0,P,FORD,CSE,4D,99,17,2774,,0,1065,,G,,0,0,000000000,00000000000,0,0,0,1,0,0,0,0,0,0,0,998,0,0,0,12,12,6,2,12,0,0,0,1,21,40107,6,1,0,0,3,0,60,150,1,0,0,0,0,3,2009,3,2009,0,0,0,0,0,1,2,55,1,2,2,1,0,0,1,10,1,1,2,50,1,0
21,210234,2,2,1,16,5,7,37,12,2,1,0,21,3,82,881,82881,62,2005,1FVACWDC55HU,1,F,V,A,C,W,D,C,5,5,H,U,0,T,FRHT,16M,CC,5,17,,6,0,0,FM2,D,,0,77,777777777,77777777777,2,1,98,1,0,0,0,0,0,0,0,40,0,0,0,12,12,6,2,12,0,0,0,1,21,40107,6,1,6,0,3,0,66,228,0,0,0,0,0,0,0,0,0,0,0,0,0,0,1,2,55,1,2,2,1,0,0,1,62,2,2,1,51,0,0
21,210235,1,3,1,5,5,23,5,12,2,1,0,21,1,37,31,37031,2,1997,1HGEJ6128VL0,1,H,G,E,J,6,1,2,8,V,L,0,0,P,HOND,UCD,CP,97,17,2271,,0,1032,,G,,0,0,000000000,00000000000,0,0,0,1,0,0,0,0,0,0,0,55,0,0,0,12,12,6,2,12,0,0,0,1,21,42366,6,1,0,0,3,0,62,112,1,0,0,0,0,2,2009,2,2009,1,0,0,0,0,1,2,45,2,1,2,1,40,3,14,10,1,1,2,50,1,1
21,210235,2,3,1,5,5,23,5,12,2,1,0,21,1,2,404,2404,14,1996,1J4GZ58S0TC1,1,J,4,G,Z,5,8,S,0,T,C,1,0,T,JEEP,LRO,4W,96,17,,1,0,1059,GCK,G,,0,0,000000000,00000000000,0,0,0,1,0,0,0,0,0,0,0,50,0,0,0,12,12,6,2,12,0,0,0,1,21,42376,6,1,0,0,3,0,70,153,2,0,0,0,0,9,2007,5,2008,0,0,0,0,0,1,2,45,3,1,2,1,40,3,14,54,1,1,1,51,0,0
21,210235,3,3,1,5,5,23,5,12,2,1,0,21,1,20,403,20403,14,2004,1GNDT13S3423,1,G,N,D,T,1,3,S,3,4,2,3,0,P,CHEV,TRL,UT,4,17,4612,,0,1130,,G,,0,0,000000000,00000000000,0,0,0,1,0,0,0,0,0,0,0,50,0,0,0,3,3,6,2,12,0,0,0,1,21,42376,6,1,0,0,3,0,68,125,0,0,0,1,0,9,2007,9,2007,0,0,0,0,0,1,2,45,2,1,2,1,40,3,14,50,11,2,1,98,0,0
21,210236,1,1,1,6,5,9,50,34,0,1,0,21,1,53,706,53706,80,2007,JS1VY53A8721,J,S,1,V,Y,5,3,A,8,7,2,1,0,M,SUZI,ZR8,RS,7,17,,,,,,,1783,0,0,000000000,00000000000,0,0,0,1,0,0,0,0,0,0,0,75,0,0,0,12,12,6,2,1,0,0,0,1,21,42261,6,1,0,0,3,1,68,230,0,0,0,0,0,0,0,0,0,1,0,0,0,0,1,2,55,1,1,2,1,0,0,3,6,6,4,4,7,1,0
21,210237,1,1,1,24,3,17,30,42,0,1,0,21,1,22,9,22009,2,1994,2G2FS22S2R22,2,G,2,F,S,2,2,S,2,R,2,2,0,P,PONT,FBD,2H,94,17,3232,,0,1011,,G,,0,0,000000000,00000000000,0,0,0,1,0,0,0,0,0,0,0,69,0,0,0,12,12,6,2,2,0,0,1,1,21,40336,2,1,0,0,2,0,73,203,1,5,1,1,1,9,2007,8,2009,1,0,0,0,0,1,2,35,2,1,2,1,0,0,14,6,3,2,4,7,1,0
21,210238,1,1,1,17,4,20,50,30,0,1,0,0,0,37,739,37739,90,1998,000000000000,0,0,0,0,0,0,0,0,0,0,0,0,0,U,,,,,17,,,,,,,,0,0,000000000,00000000000,0,0,0,1,0,0,0,0,0,0,0,998,0,0,0,12,12,6,2,30,0,0,0,1,21,40930,6,1,0,0,3,1,72,240,1,0,0,0,1,6,2007,8,2009,0,0,0,0,0,1,2,55,2,1,2,1,40,3,14,12,1,1,4,6,1,1
21,210239,1,2,1,22,5,7,6,12,2,1,0,21,2,18,402,18402,14,2004,5GADT13S6422,5,G,A,D,T,1,3,S,6,4,2,2,0,P,BUIC,RNR,UT,4,17,4600,,0,1130,,G,,0,0,000000000,00000000000,0,0,0,1,0,0,0,0,0,0,0,998,0,0,0,12,12,6,2,12,0,0,0,1,21,42544,6,7,0,0,3,0,72,147,0,0,0,0,0,0,0,0,0,0,58,79,0,0,1,2,55,3,2,2,2,0,0,14,8,3,4,2,50,0,0
21,210239,2,2,1,22,5,7,6,12,2,1,0,21,1,24,1,24001,4,1997,1G8ZK5275VZ2,1,G,8,Z,K,5,2,7,5,V,Z,2,0,P,STRN,SL2,4D,97,17,2362,,0,1024,,G,,0,0,000000000,00000000000,0,0,0,1,0,0,0,0,0,0,0,998,0,0,0,12,12,6,2,12,0,0,0,1,21,42544,6,1,0,0,3,0,62,124,1,0,0,0,0,10,2008,10,2008,0,0,0,0,0,1,2,55,2,2,2,2,0,0,14,62,9,2,1,51,1,0
21,210240,1,1,1,25,5,22,22,32,0,1,0,21,2,7,472,7472,30,1998,1B7FL26P1WS5,1,B,7,F,L,2,6,P,1,W,S,5,0,T,DODG,DAK,PK,98,17,,1,1239,1119,DAK,G,,0,0,000000000,00000000000,0,0,0,1,0,0,0,0,0,0,0,998,0,1,5,12,13,6,2,1,0,0,0,1,21,42064,2,1,0,0,2,0,72,136,1,1,1,0,0,11,2007,1,2008,0,58,0,0,0,1,2,55,4,2,2,1,0,0,14,13,8,1,4,6,1,1
21,210241,1,1,1,29,6,22,44,1,0,1,0,47,1,2,404,2404,14,2001,1J4GX48S41C6,1,J,4,G,X,4,8,S,4,1,C,6,0,T,JEEP,LRO,4W,1,17,,1,0,1059,GCK,G,,0,0,000000000,00000000000,0,0,0,1,0,0,0,0,0,0,0,998,0,2,5,0,11,6,2,1,0,0,0,1,47,37042,6,1,0,0,3,0,64,110,0,1,1,0,0,8,2007,8,2007,0,0,0,0,0,1,2,45,1,2,2,1,40,3,1,13,8,1,4,6,1,1
21,210242,1,1,2,1,6,5,28,53,0,1,0,21,1,12,16,12016,4,1999,2FAFP74WXXX2,2,F,A,F,P,7,4,W,X,X,X,2,0,P,FORD,CVL,4D,99,17,3917,,0,1147,,G,,0,0,000000000,00000000000,0,0,0,1,0,0,0,0,0,0,0,65,0,0,0,12,12,6,2,19,0,0,0,1,21,40203,6,1,0,0,3,0,65,140,1,0,0,0,0,12,2007,12,2007,1,0,0,0,0,1,3,35,3,1,2,1,0,0,14,13,6,1,4,1,1,1
21,210243,1,1,1,3,6,5,52,35,0,1,0,21,2,37,31,37031,2,1991,2HGED6343MH5,2,H,G,E,D,6,3,4,3,M,H,5,0,P,HOND,CIV,2H,91,17,1867,,0,984,,G,,0,0,000000000,00000000000,0,0,0,1,0,0,0,0,0,0,0,60,0,1,5,12,12,6,2,1,0,0,0,1,21,40019,6,1,0,0,3,1,68,145,2,0,0,1,0,12,2007,4,2009,0,0,0,0,0,1,2,55,1,1,2,1,0,0,1,12,1,1,4,6,1,0
21,210244,1,2,1,4,6,8,20,12,6,1,0,0,0,98,998,98998,97,9999,999999999999,9,9,9,9,9,9,9,9,9,9,9,9,0,U,,,,9,17,,,,,,,,0,0,000000000,00000000000,0,0,0,1,0,0,0,0,0,0,0,998,0,0,0,12,12,0,1,12,0,0,0,1,21,40336,6,1,0,0,1,0,72,220,0,0,0,0,0,0,0,0,0,0,0,0,0,0,1,2,55,1,3,2,1,0,0,98,11,1,1,1,66,0,0
21,210244,2,2,1,4,6,8,20,12,6,1,0,21,2,12,481,12481,31,1999,1FTZF1726XNB,1,F,T,Z,F,1,7,2,6,X,N,B,0,T,FORD,F15,PK,99,17,,1,1385,1199,COF,G,,0,0,000000000,00000000000,0,0,0,1,0,0,0,0,0,0,0,998,0,0,0,11,11,4,3,54,0,0,0,1,21,40472,6,1,0,0,3,0,74,186,0,0,0,0,0,0,0,0,0,0,0,0,0,0,1,2,55,1,3,2,1,0,0,1,62,9,2,1,66,1,0
21,210245,1,1,2,4,6,14,6,53,0,1,0,21,1,12,481,12481,31,2010,1FTEX1C88AFA,1,F,T,E,X,1,C,8,8,A,F,A,0,T,FORD,F15,4C,10,17,,2,1630,1330,COF,G,,0,0,000000000,00000000000,0,0,0,1,0,0,0,0,0,0,0,998,0,0,0,81,12,6,2,38,0,0,0,1,21,40516,6,1,0,0,3,0,72,205,0,0,0,0,0,0,0,0,0,0,0,0,0,0,1,2,55,1,1,2,1,40,3,1,13,6,1,4,1,1,0
21,210246,1,2,1,4,6,18,47,12,6,1,0,95,1,85,881,85881,66,2008,1XKADU0X38J9,1,X,K,A,D,U,0,X,3,8,J,9,1,T,KW,T60,DS,8,17,,8,2600,1600,CON,D,,1,57,00480119,5700480119,3,6,1,1,0,0,0,0,0,0,0,55,7,0,0,12,12,6,2,12,0,0,0,1,95,0,9,9,99,9,9,9,999,999,99,99,99,99,99,99,9999,99,9999,0,39,0,0,0,3,4,55,1,1,2,1,3,3,1,17,8,1,1,88,0,0
21,210246,2,2,1,4,6,18,47,12,6,1,0,21,1,20,481,20481,31,1988,2GCFC29Z7J12,2,G,C,F,C,2,9,Z,7,J,1,2,0,T,CHEV,GC2,PC,88,17,,2,0,1555,GM4,G,,0,0,000000000,00000000000,0,0,0,1,0,0,0,0,0,0,0,10,0,0,0,11,11,6,2,12,0,0,0,1,21,40342,6,1,6,0,3,1,67,170,0,0,0,0,0,0,0,0,0,0,0,0,0,0,3,4,55,1,1,2,1,3,3,1,66,3,2,1,89,1,0
21,210247,1,2,5,3,6,13,28,12,6,1,0,21,2,49,44,49044,2,1999,2T1CF28P0XC2,2,T,1,C,F,2,8,P,0,X,C,2,0,P,TOYT,CEE,CP,99,17,3230,,0,1051,,G,,0,0,000000000,00000000000,0,0,0,1,0,0,0,0,0,0,0,5,0,0,0,61,61,6,2,12,0,0,0,1,21,40336,6,1,0,0,3,0,67,155,0,0,0,0,0,0,0,0,0,0,38,0,0,0,1,2,98,1,2,2,1,3,3,11,15,1,1,1,82,3,1
21,210247,2,2,2,3,6,13,28,12,6,1,0,21,2,20,481,20481,31,1996,1GCEK19M6TE1,1,G,C,E,K,1,9,M,6,T,E,1,0,T,CHEV,GK1,PC,96,17,,2,1555,1415,GM4,G,,0,0,000000000,00000000000,0,0,0,1,0,0,0,0,0,0,0,60,9,0,0,12,12,6,2,12,0,0,0,1,21,40385,6,1,0,0,3,0,67,152,1,0,0,0,0,4,2009,4,2009,0,0,0,0,0,1,4,55,1,2,2,1,3,3,1,67,3,2,1,83,0,0
21,210248,1,1,1,5,6,17,37,42,0,1,0,0,0,98,739,98739,90,9999,000000000000,0,0,0,0,0,0,0,0,0,0,0,0,0,U,,,,,17,,,,,,,,0,0,000000000,00000000000,0,0,0,1,0,0,0,0,0,0,0,998,0,0,0,12,12,6,2,42,0,0,0,1,21,41144,0,0,0,0,1,0,999,999,0,0,0,0,0,0,0,0,0,1,58,0,0,0,1,2,35,2,2,4,1,0,0,14,6,7,3,4,7,1,0