STATE,ST_CASE,VEH_NO,VE_FORMS,NUMOCCS,DAY,MONTH,HOUR,MINUTE,HARM_EV,MAN_COLL,UNITTYPE,HIT_RUN,REG_STAT,OWNER,MAKE,MODEL,MAK_MOD,BODY_TYP,MOD_YEAR,VIN,VIN_1,VIN_2,VIN_3,VIN_4,VIN_5,VIN_6,VIN_7,VIN_8,VIN_9,VIN_10,VIN_11,VIN_12,TOW_VEH,VINTYPE,VINMAKE,VINA_MOD,VIN_BT,VINMODYR,VIN_LNGT,VIN_WGT,WGTCD_TR,WHLBS_LG,WHLBS_SH,SER_TR,FUELCODE,MCYCL_DS,J_KNIFE,MCARR_I1,MCARR_I2,MCARR_ID,GVWR,V_CONFIG,CARGO_BT,HAZ_INV,HAZ_PLAC,HAZ_ID,HAZ_CNO,HAZ_REL,BUS_USE,SPEC_USE,EMER_USE,TRAV_SP,UNDERIDE,ROLLOVER,ROLINLOC,IMPACT1,IMPACT2,DEFORMED,TOWED,M_HARM,VEH_SC1,VEH_SC2,FIRE_EXP,DR_PRES,L_STATE,DR_ZIP,L_STATUS,L_TYPE,CDL_STAT,L_ENDORS,L_COMPL,L_RESTRI,DR_HGT,DR_WGT,PREV_ACC,PREV_SUS,PREV_DWI,PREV_SPD,PREV_OTH,FIRST_MO,FIRST_YR,LAST_MO,LAST_YR,SPEEDREL,DR_SF1,DR_SF2,DR_SF3,DR_SF4,VTRAFWAY,VNUM_LAN,VSPD_LIM,VALIGN,VPROFILE,VPAVETYP,VSURCOND,VTRAFCON,VTCONT_F,P_CRASH1,P_CRASH2,P_CRASH3,PCRASH4,PCRASH5,ACC_TYPE,DEATHS,DR_DRINK
21,210249,1,1,6,5,6,21,59,8,0,1,0,21,1,37,421,37421,15,2005,5FNYF18675B0,5,F,N,Y,F,1,8,6,7,5,B,0,0,P,HOND,PIL,UT,5,17,4431,,0,1063,,G,,0,0,000000000,00000000000,0,0,0,1,0,0,0,0,0,0,0,998,0,0,0,12,12,6,4,8,0,0,0,1,21,41042,6,1,0,0,3,0,67,155,0,0,0,0,0,0,0,0,0,0,0,0,0,0,3,2,70,2,1,2,1,40,3,14,80,8,1,1,13,0,0
21,210250,1,2,2,6,6,23,45,12,1,1,0,21,2,49,40,49040,4,2007,4T1BE46K47U6,4,T,1,B,E,4,6,K,4,7,U,6,0,P,TOYT,CMB,4D,7,17,3108,,0,1093,,G,,0,0,000000000,00000000000,0,0,0,1,0,0,0,0,0,0,0,998,1,0,0,12,12,6,2,12,0,0,0,1,21,40383,6,1,0,0,3,1,70,155,1,1,0,0,0,4,2008,8,2008,1,0,0,0,0,3,4,65,1,1,2,1,0,0,15,51,6,1,2,24,1,1
21,210250,2,2,1,6,6,23,45,12,1,1,0,18,3,84,881,84881,66,2008,2HSCUAPR78C5,2,H,S,C,U,A,P,R,7,8,C,5,1,T,INTL,PPR,DS,8,17,,8,0,0,PRO,D,,1,57,00125430,5700125430,3,6,1,1,0,0,0,0,0,0,0,998,0,0,0,6,6,2,1,12,0,0,0,1,18,46975,6,1,6,1,3,1,71,280,0,0,0,0,0,0,0,0,0,0,0,0,0,0,3,4,65,1,1,2,1,0,0,1,61,7,1,2,27,0,0
21,210251,1,1,2,7,6,17,5,1,0,1,0,21,1,20,421,20421,15,1997,1GNEK13R3VJ4,1,G,N,E,K,1,3,R,3,V,J,4,0,P,CHEV,KTA,UT,97,17,5225,,0,1175,,G,,0,0,000000000,00000000000,0,0,0,1,0,0,0,0,0,0,0,998,0,1,2,0,61,6,2,1,0,0,0,1,21,42420,6,1,0,0,3,0,73,170,0,0,0,0,0,0,0,0,0,1,0,0,0,0,1,2,55,3,1,4,1,0,0,14,6,6,7,4,2,1,1
21,210252,1,1,2,7,6,19,30,34,0,1,0,21,1,13,1,13001,4,1993,1LNLM81W8PY7,1,L,N,L,M,8,1,W,8,P,Y,7,0,P,LINC,EXC,4D,93,17,4024,,0,1174,,G,,0,0,000000000,00000000000,0,0,0,1,0,0,0,0,0,0,0,998,0,1,5,61,61,6,2,34,0,0,0,1,21,42347,6,1,0,0,3,1,71,230,0,0,0,0,0,0,0,0,0,0,0,0,0,0,1,2,55,4,1,2,1,0,0,14,13,99,9,4,5,2,0
21,210253,1,2,1,8,6,7,13,12,2,1,0,21,2,30,40,30040,4,2003,3VWSK69M13M0,3,V,W,S,K,6,9,M,1,3,M,0,0,P,VOLK,JGS,4D,3,17,2859,,0,989,,G,,0,0,000000000,00000000000,0,0,0,1,0,0,0,0,0,0,0,998,0,0,0,12,12,6,2,12,0,0,0,1,21,41858,6,1,0,0,3,0,68,180,0,0,0,0,0,0,0,0,0,0,28,0,0,0,1,2,55,1,1,2,1,0,0,1,10,1,1,2,50,1,0
21,210253,2,2,3,8,6,7,13,12,2,1,0,21,2,53,404,53404,14,2003,JS3TX92V6341,J,S,3,T,X,9,2,V,6,3,4,1,0,P,SUZI,XL7,UT,3,17,3533,,0,1102,,G,,0,0,000000000,00000000000,0,0,0,1,0,0,0,0,0,0,0,998,0,0,0,12,12,6,2,12,0,0,0,1,21,41838,6,1,0,0,3,1,70,140,0,0,0,0,0,0,0,0,0,0,0,0,0,0,1,2,55,1,1,2,1,0,0,1,62,7,1,1,51,0,0
21,210254,1,1,1,7,6,20,23,8,0,1,0,21,2,49,32,49032,4,2009,JTDBL40EX9J0,J,T,D,B,L,4,0,E,X,9,J,0,0,P,TOYT,CLB,4D,9,17,2723,,0,1024,,G,,0,0,000000000,00000000000,0,0,0,1,0,0,0,0,0,0,0,998,0,0,0,12,12,2,1,8,0,0,0,1,21,41101,6,1,0,0,3,1,63,140,0,0,0,0,0,0,0,0,0,0,0,0,0,0,1,2,35,1,3,2,1,20,3,1,80,2,1,1,13,0,0
21,210255,1,1,1,9,6,20,29,53,0,1,0,21,2,49,51,49051,4,2008,JTDBT9232840,J,T,D,B,T,9,2,3,2,8,4,0,0,P,TOYT,YAR,4D,8,17,2293,,0,969,,G,,0,0,000000000,00000000000,0,0,0,1,0,0,0,0,0,0,0,998,0,1,5,12,12,6,2,38,0,0,0,1,21,42701,6,1,0,0,3,0,65,123,0,0,0,0,0,0,0,0,0,0,0,0,0,0,1,2,55,1,1,2,1,0,0,1,9,1,2,4,2,1,0
21,210256,1,3,2,10,6,16,57,12,8,1,0,21,1,22,18,22018,2,2002,1G2NW12E02C2,1,G,2,N,W,1,2,E,0,2,C,2,0,P,PONT,GAG,CP,2,17,3091,,0,1070,,G,,0,0,000000000,00000000000,0,0,0,1,0,0,0,0,0,0,0,998,0,0,0,5,5,2,1,12,0,0,0,1,21,40336,1,1,0,0,2,0,69,139,1,2,0,0,0,9,2007,1,2010,0,38,0,0,0,1,3,55,1,2,2,1,0,0,11,15,1,1,2,68,0,0
21,210256,2,3,1,10,6,16,57,12,8,1,0,21,1,20,9,20009,2,1997,2G1FP22K8V21,2,G,1,F,P,2,2,K,8,V,2,1,0,P,CHEV,C/R,CP,97,17,3294,,0,1011,,G,,0,0,000000000,00000000000,0,0,0,1,0,0,0,0,0,0,0,998,0,0,0,5,12,6,2,12,0,0,0,1,21,40385,6,1,0,0,3,0,69,135,0,0,0,2,0,6,2009,3,2010,0,0,0,0,0,1,3,55,1,2,2,1,0,0,1,62,6,1,2,69,0,0
21,210256,3,3,1,10,6,16,57,12,8,1,0,21,1,49,471,49471,30,1986,JT4RN50R3G01,J,T,4,R,N,5,0,R,3,G,0,1,0,T,TOYT,RN5,PK,86,17,,1,0,1029,HTP,G,,0,0,000000000,00000000000,0,0,0,1,0,0,0,0,0,0,0,998,0,0,0,12,12,6,2,12,0,0,0,1,21,40336,6,1,0,0,3,0,72,180,1,0,0,0,0,8,2007,8,2007,0,0,0,0,0,1,3,55,1,1,2,1,0,0,1,62,1,1,1,98,1,0
21,210257,1,2,1,9,6,12,0,12,2,1,0,21,1,35,47,35047,4,1996,1N4BU31D8TC1,1,N,4,B,U,3,1,D,8,T,C,1,0,P,NISS,AGS,4D,96,17,2756,,0,1031,,G,,0,0,000000000,00000000000,0,0,0,1,0,0,0,0,0,0,0,50,0,0,0,12,12,6,2,12,0,0,0,1,21,42171,1,1,0,0,2,0,63,103,0,1,0,0,0,3,2009,3,2009,0,87,0,0,0,1,2,55,4,2,2,2,40,3,14,5,1,2,2,50,1,0
21,210257,2,2,1,9,6,12,0,12,2,1,0,21,1,37,421,37421,15,2003,2HKYF18603H5,2,H,K,Y,F,1,8,6,0,3,H,5,0,P,HOND,PIL,UT,3,17,4439,,0,1063,,G,,0,0,000000000,00000000000,0,0,0,1,0,0,0,0,0,0,0,50,0,0,0,12,12,6,2,12,0,0,0,1,21,42171,6,1,0,0,3,1,64,120,0,0,0,0,0,0,0,0,0,0,0,0,0,0,1,2,55,4,2,2,2,40,3,14,62,7,1,1,51,0,0
21,210258,1,2,1,12,6,3,4,12,6,1,0,21,1,53,706,53706,80,2002,JS1GT74A1221,J,S,1,G,T,7,4,A,1,2,2,1,0,M,SUZI,XR1,RS,2,17,,,,,,,988,0,0,000000000,00000000000,0,0,0,1,0,0,0,0,0,0,0,60,0,0,0,12,12,6,2,12,0,0,0,1,21,42420,6,1,0,0,3,0,68,160,2,1,1,0,0,11,2007,10,2008,1,39,0,0,0,5,4,45,1,1,2,1,3,3,1,17,98,1,1,69,1,1
21,210258,2,2,2,12,6,3,4,12,6,1,0,21,1,2,405,2405,14,2005,1J4GL58KX5W5,1,J,4,G,L,5,8,K,X,5,W,5,0,T,JEEP,LMD,4W,5,17,,1,0,1043,LIB,G,,0,0,000000000,00000000000,0,0,0,1,0,0,0,0,0,0,0,15,0,0,0,3,3,6,2,12,0,0,0,1,21,42420,6,1,0,0,3,0,64,150,0,0,0,0,0,0,0,0,0,0,0,0,0,0,5,4,45,1,1,2,1,3,3,11,66,1,1,1,68,0,0
21,210259,1,1,1,12,6,14,30,24,0,1,0,39,1,72,706,72706,80,2004,1HD1FCW1X4Y6,1,H,D,1,F,C,W,1,X,4,Y,6,0,M,HD,FLU,RS,4,17,,,,,,,1450,0,0,000000000,00000000000,0,0,0,1,0,0,0,0,0,0,0,998,0,0,0,12,12,2,3,24,0,0,0,1,39,45805,6,1,0,0,3,0,68,180,0,0,0,0,0,0,0,0,0,0,58,0,0,0,1,2,55,3,1,2,1,0,0,14,13,3,2,4,2,1,0
21,210260,1,1,1,12,6,14,28,53,0,1,0,21,1,12,402,12402,14,2001,1FMYU041X1KB,1,F,M,Y,U,0,4,1,X,1,K,B,0,P,FORD,SPE,UT,1,17,3186,,0,1031,,G,,0,0,000000000,00000000000,0,0,0,1,0,0,0,0,0,0,0,998,0,1,5,61,13,6,2,42,0,0,0,1,21,41129,6,1,0,0,3,0,70,165,1,0,0,0,0,3,2009,3,2009,0,58,0,0,0,1,2,35,1,1,2,2,0,0,1,12,7,1,4,6,1,1
21,210261,1,3,2,12,6,16,39,12,6,1,0,21,1,12,471,12471,30,1998,1FTYR14X8WPA,1,F,T,Y,R,1,4,X,8,W,P,A,0,T,FORD,RNS,PS,98,17,,1,0,1257,RNG,G,,0,0,000000000,00000000000,0,0,0,1,0,0,0,0,0,0,0,998,0,0,0,12,12,6,2,12,0,0,0,1,21,40140,6,1,0,0,3,0,66,121,0,0,0,0,0,0,0,0,0,0,38,0,0,0,2,2,55,1,2,2,1,0,0,1,10,1,1,2,64,0,1
21,210261,2,3,2,12,6,16,39,12,6,1,0,21,1,49,482,49482,31,2008,5TFBV54158X0,5,T,F,B,V,5,4,1,5,8,X,0,1,T,TOYT,DBS,CW,8,17,,2,0,1457,TUN,G,,1,0,000000000,00000000000,0,0,0,1,0,0,0,0,0,0,0,998,0,0,0,7,7,6,2,12,0,0,0,1,21,40299,6,1,0,0,3,0,65,175,0,0,0,0,0,0,0,0,0,0,0,0,0,0,1,2,55,1,2,2,1,0,0,1,62,9,1,1,65,0,0
21,210261,3,3,1,12,6,16,39,12,6,1,0,21,1,37,32,37032,4,2008,1HGCP26868A1,1,H,G,C,P,2,6,8,6,8,A,1,0,P,HOND,AXL,4D,8,17,3416,,0,1102,,G,,0,0,000000000,00000000000,0,0,0,1,0,0,0,0,0,0,0,998,0,0,0,12,12,6,2,12,0,0,0,1,21,40213,6,1,0,0,3,0,72,190,0,0,0,0,0,0,0,0,0,0,0,0,0,0,1,2,55,1,2,2,1,0,0,1,62,1,1,1,98,1,0
21,210262,1,1,1,12,6,20,7,35,0,1,0,21,1,53,705,53705,80,1997,JS1GN78A8V21,J,S,1,G,N,7,8,A,8,V,2,1,0,M,SUZI,G60,RS,97,17,,,,,,,600,0,0,000000000,00000000000,0,0,0,1,0,0,0,0,0,0,0,998,0,0,0,12,12,2,3,33,0,0,0,1,21,40213,6,1,0,0,2,0,73,195,1,0,0,0,0,5,2010,5,2010,1,0,0,0,0,1,2,25,3,2,2,1,40,3,14,6,3,2,4,2,1,0
21,210263,1,2,1,14,6,10,30,12,2,1,0,21,1,12,461,12461,21,2004,1FTWW33P84ED,1,F,T,W,W,3,3,P,8,4,E,D,0,T,FORD,F3D,CW,4,17,,3,1720,1560,DRW,D,,0,0,000000000,00000000000,0,0,0,1,0,0,0,0,0,0,0,40,7,0,0,12,12,6,2,12,0,0,0,1,21,40489,6,1,0,0,3,0,65,123,0,0,0,0,0,0,0,0,0,0,58,0,0,0,1,2,55,2,2,2,2,0,0,14,10,2,1,2,50,0,0
21,210263,2,2,1,14,6,10,30,12,2,1,0,21,2,35,472,35472,30,1998,1N6DD21Y2WC3,1,N,6,D,D,2,1,Y,2,W,C,3,0,T,NISS,F/X,PK,98,17,,1,0,1043,FRT,G,,0,0,000000000,00000000000,0,0,0,1,0,0,0,0,0,0,0,40,0,0,0,12,12,6,2,12,0,0,0,1,21,40489,6,1,0,0,3,0,69,230,0,0,0,0,0,0,0,0,0,0,0,0,0,0,1,2,55,3,2,2,2,0,0,14,62,3,2,1,51,1,0
21,210264,1,1,1,14,6,22,42,8,0,1,0,21,1,22,441,22441,20,2000,1GMDX03E1YD2,1,G,M,D,X,0,3,E,1,Y,D,2,0,T,PONT,MON,ES,0,17,,1,0,1200,MON,G,,0,0,000000000,00000000000,0,0,0,1,0,0,0,0,0,0,0,45,0,0,0,12,12,4,3,8,0,0,0,1,21,40258,6,1,0,0,3,1,63,194,0,0,0,0,0,0,0,0,0,0,0,0,0,0,5,4,50,1,1,2,2,0,0,1,80,6,1,1,13,0,0
21,210265,1,1,1,10,6,13,40,45,0,1,0,39,1,2,404,2404,14,2002,1J4GW48S32C3,1,J,4,G,W,4,8,S,3,2,C,3,0,T,JEEP,LRO,4W,2,17,,1,0,1059,GCK,G,,0,0,000000000,00000000000,0,0,0,1,0,0,0,0,0,0,0,65,1,0,0,12,12,6,2,45,0,0,0,1,39,45011,6,1,0,0,3,0,73,195,1,0,0,1,2,9,2008,4,2010,0,27,0,0,0,3,3,70,2,1,2,1,40,3,15,11,1,1,4,15,1,0
21,210266,1,2,1,16,6,4,15,12,2,1,0,21,1,53,706,53706,80,2001,JS1GT74A2121,J,S,1,G,T,7,4,A,2,1,2,1,0,M,SUZI,XR1,RS,1,17,,,,,,,988,0,0,000000000,00000000000,0,0,0,1,0,0,0,0,0,0,0,90,0,0,0,12,12,6,2,12,0,0,0,1,21,40118,2,1,0,0,2,0,70,180,1,1,0,1,0,9,2008,11,2009,1,51,0,0,0,1,2,25,1,1,2,1,0,0,1,54,1,1,1,50,1,1
21,210266,2,2,1,16,6,4,15,12,2,1,0,21,2,12,481,12481,31,1997,3FTHF25F7VMA,3,F,T,H,F,2,5,F,7,V,M,A,0,T,FORD,F25,PK,97,17,,2,0,1330,COF,D,,0,0,000000000,00000000000,0,0,0,1,0,0,0,0,0,0,0,3,0,0,0,12,12,2,1,12,0,0,0,1,21,40065,6,1,0,0,3,0,67,180,1,2,1,0,0,1,2008,4,2010,0,0,0,0,0,1,2,25,1,1,2,1,0,0,1,54,1,1,1,51,0,0
21,210267,1,1,4,15,6,22,5,1,0,1,0,21,1,12,401,12401,14,1999,1FMDU35P1XZC,1,F,M,D,U,3,5,P,1,X,Z,C,0,P,FORD,EPR,UT,99,17,4347,,0,1116,,G,,0,0,000000000,00000000000,0,0,0,1,0,0,0,0,0,0,0,998,0,1,5,0,0,6,2,1,0,0,0,1,21,42082,6,1,0,0,3,0,66,180,0,0,0,0,0,0,0,0,0,1,33,58,0,0,1,2,45,4,1,2,2,40,3,6,6,6,1,4,1,2,1
21,210268,1,1,1,17,6,17,51,1,0,1,0,21,1,49,472,49472,30,1999,4TANL42N7XZ5,4,T,A,N,L,4,2,N,7,X,Z,5,0,T,TOYT,REG,PK,99,17,,1,0,1033,TAC,G,,0,0,000000000,00000000000,0,0,0,1,0,0,0,0,0,0,0,45,0,2,5,0,3,6,2,1,0,0,0,1,21,40219,6,1,0,0,3,0,66,120,0,0,0,0,0,0,0,0,0,1,58,85,0,0,1,2,25,2,1,2,1,0,0,6,12,7,1,4,6,1,1
21,210269,1,3,1,6,6,7,55,12,6,1,0,21,5,52,47,52047,6,2010,JA4AS3AW1AZ0,J,A,4,A,S,3,A,W,1,A,Z,0,0,P,MITS,OUT,UT,10,17,3406,,0,1051,,G,,0,0,000000000,00000000000,0,0,0,1,0,0,0,0,0,0,0,125,0,1,2,12,12,6,2,12,0,0,0,1,21,42154,6,1,0,0,3,0,74,150,0,1,0,0,0,12,2007,12,2007,1,37,39,0,0,5,4,55,1,1,2,1,3,3,1,17,1,1,1,88,0,1
21,210269,2,3,1,6,6,7,55,12,6,1,0,21,1,13,1,13001,4,1995,1LNLM81W3SY7,1,L,N,L,M,8,1,W,3,S,Y,7,0,P,LINC,EXC,4D,95,17,4031,,0,1174,,G,,0,0,000000000,00000000000,0,0,0,1,0,0,0,0,0,0,0,55,0,0,0,9,9,6,2,12,0,0,0,1,21,40160,3,1,0,0,2,0,71,140,0,1,1,0,1,12,2007,9,2008,0,0,0,0,0,5,4,55,1,1,2,1,3,3,1,66,1,1,1,89,1,1
21,210269,3,3,4,6,6,7,55,12,6,1,0,21,1,6,441,6441,20,1997,1C4GP54L3VB2,1,C,4,G,P,5,4,L,3,V,B,2,0,P,CHRY,TWC,SV,97,17,3973,,0,1193,,G,,0,0,000000000,00000000000,0,0,0,1,0,0,0,0,0,0,0,10,0,0,0,11,11,6,2,12,0,0,0,1,21,40160,6,1,0,0,3,1,66,225,0,0,0,0,0,0,0,0,0,0,0,0,0,0,5,4,55,1,1,2,1,3,3,2,62,1,1,1,98,0,0
21,210270,1,1,1,18,6,5,45,14,0,1,0,17,3,84,881,84881,66,2001,2HSCHAER01C0,2,H,S,C,H,A,E,R,0,1,C,0,1,T,INTL,99I,DS,1,17,,8,0,0,990,D,,1,57,00081361,5700081361,3,6,3,1,0,0,0,0,0,0,0,70,4,0,0,12,12,6,2,14,0,0,0,1,18,47167,6,1,6,1,3,0,68,170,0,0,0,0,0,0,0,0,0,0,0,0,0,0,3,2,70,1,1,2,1,0,0,1,11,1,1,4,11,1,0
21,210271,1,2,1,18,6,7,12,12,6,1,0,21,1,12,471,12471,30,1997,1FTCR14U5VPA,1,F,T,C,R,1,4,U,5,V,P,A,0,T,FORD,RNS,PS,97,17,,1,0,1250,RNG,G,,0,0,000000000,00000000000,0,0,0,1,0,0,0,0,0,0,0,10,0,0,0,9,9,6,2,12,0,0,0,1,21,42303,6,1,0,0,3,0,70,180,1,0,0,0,0,12,2007,12,2007,0,39,0,0,0,1,2,98,1,1,2,1,20,3,11,15,1,1,2,82,1,0
21,210271,2,2,1,18,6,7,12,12,6,1,0,21,3,86,881,86881,66,1995,1M2AA13Y7SW0,1,M,2,A,A,1,3,Y,7,S,W,0,1,T,MACK,CH6,DS,95,17,,8,0,0,600,D,,1,57,01206634,5701206634,3,6,3,1,0,0,0,0,0,0,0,56,0,0,0,12,12,6,2,12,0,0,0,1,21,42368,6,1,6,0,3,0,67,165,0,0,0,0,0,0,0,0,0,0,0,0,0,0,3,2,55,1,1,2,1,0,0,1,67,3,2,2,83,0,0
21,210272,1,2,4,18,6,10,10,12,6,1,0,21,1,35,443,35443,20,2008,5N1BV28U38N1,5,N,1,B,V,2,8,U,3,8,N,1,0,P,NISS,QST,SV,8,17,4174,,0,1240,,G,,0,0,000000000,00000000000,0,0,0,1,0,0,0,0,0,0,0,998,0,0,0,9,9,6,2,12,0,0,0,1,21,42420,6,1,0,0,3,0,63,125,2,0,0,0,0,11,2007,3,2009,0,38,39,0,0,1,2,55,1,1,2,1,20,3,1,17,1,1,1,89,3,0
21,210272,2,2,1,18,6,10,10,12,6,1,0,17,2,84,881,84881,66,2000,2HSCHASRXYC0,2,H,S,C,H,A,S,R,X,Y,C,0,1,T,INTL,99I,DS,0,17,,8,0,0,990,D,,1,57,00216572,5700216572,3,6,8,1,0,0,0,0,0,0,0,998,0,1,1,12,12,6,2,12,0,0,0,1,17,62919,6,1,6,1,3,0,73,275,0,0,0,0,0,0,0,0,0,0,0,0,0,0,1,2,98,1,1,2,1,0,0,1,66,3,2,1,88,0,0
21,210273,1,2,1,18,6,12,19,12,2,1,0,21,2,20,443,20443,20,2000,1GNDX03E0YD2,1,G,N,D,X,0,3,E,0,Y,D,2,0,T,CHEV,VTR,ES,0,17,,1,0,1200,VTR,G,,0,0,000000000,00000000000,0,0,0,1,0,0,0,0,0,0,0,35,0,0,0,12,12,6,2,12,0,0,0,1,21,41102,6,1,0,0,3,1,72,220,0,0,0,0,0,0,0,0,0,0,0,0,0,0,1,2,35,4,1,2,1,0,0,14,10,1,1,2,50,1,0
21,210273,2,2,3,18,6,12,19,12,2,1,0,21,1,7,422,7422,15,2005,1D4HB58D85F5,1,D,4,H,B,5,8,D,8,5,F,5,0,P,DODG,DUR,UT,5,17,4986,,0,1192,,G,,0,0,000000000,00000000000,0,0,0,1,0,0,0,0,0,0,0,35,0,0,0,12,12,6,2,12,0,0,1,1,21,41129,6,1,0,0,3,0,64,115,0,0,0,0,0,0,0,0,0,0,0,0,0,0,1,2,35,4,1,2,1,0,0,14,62,2,1,1,51,0,0
21,210274,1,2,3,19,6,0,16,1,0,1,0,18,1,37,31,37031,4,2007,2HGFG11637H5,2,H,G,F,G,1,1,6,3,7,H,5,0,P,HOND,UCL,CP,7,17,2657,,0,1043,,G,,0,0,000000000,00000000000,0,0,0,1,0,0,0,0,0,0,0,998,0,2,3,0,13,6,2,12,0,0,0,1,18,47150,6,1,0,0,3,0,70,145,0,0,0,0,0,0,0,0,0,0,58,0,0,0,3,4,70,1,1,2,1,0,0,6,12,1,1,4,6,1,0
21,210274,2,2,1,19,6,0,16,1,0,1,0,21,1,12,481,12481,31,2002,1FTRF17212NB,1,F,T,R,F,1,7,2,1,2,N,B,1,T,FORD,F15,PK,2,17,,2,1385,1199,COF,G,,1,0,000000000,00000000000,0,0,0,1,0,0,0,0,0,0,0,998,0,0,0,12,12,6,2,12,0,0,0,1,21,42330,6,1,0,0,3,0,72,210,1,0,0,0,0,5,2010,5,2010,0,0,0,0,0,3,4,70,1,1,2,1,0,0,1,62,7,1,1,98,1,0
21,210275,1,1,2,19,6,19,5,42,0,1,0,0,0,37,733,37733,90,9999,999999999999,9,9,9,9,9,9,9,9,9,9,9,9,0,U,,,,9,17,,,,,,,,0,0,000000000,00000000000,0,0,0,1,0,0,0,0,0,0,0,998,0,0,0,12,12,6,2,42,0,0,0,1,21,41602,0,0,0,0,1,0,999,999,0,0,0,0,0,0,0,0,0,0,0,0,0,0,4,1,55,3,2,4,1,0,0,14,8,1,2,4,2,1,0
21,210276,1,1,1,20,6,12,40,14,0,1,0,27,3,84,881,84881,66,2009,2HSCUAPR89C1,2,H,S,C,U,A,P,R,8,9,C,1,1,T,INTL,PPR,DS,9,17,,8,0,0,PRO,D,,1,57,00116455,5700116455,3,6,1,1,0,0,0,0,0,0,0,998,0,1,5,12,12,6,2,1,0,0,0,1,18,46792,6,1,6,1,3,1,68,340,0,0,0,2,0,6,2007,3,2009,0,99,99,99,99,2,2,70,1,1,2,1,0,0,1,13,3,2,4,11,1,0
21,210277,1,1,2,20,6,13,6,1,0,1,0,21,1,37,706,37706,80,2005,1HFSC49H85A3,1,H,F,S,C,4,9,H,8,5,A,3,0,M,HOND,XTV,RS,5,17,,,,,,,1795,0,0,000000000,00000000000,0,0,0,1,0,0,0,0,0,0,0,55,0,0,0,0,61,6,2,1,0,0,0,1,21,41002,6,1,0,0,3,0,72,200,1,0,0,0,0,9,2008,9,2008,0,0,0,0,0,2,2,55,1,1,2,1,0,0,1,1,3,2,1,98,1,0
21,210278,1,1,1,20,6,15,24,24,0,1,0,21,1,37,705,37705,80,1984,JH2RC1908EM0,J,H,2,R,C,1,9,0,8,E,M,0,0,M,HOND,V70,RS,84,17,,,,,,,700,0,0,000000000,00000000000,0,0,0,1,0,0,0,0,0,0,0,998,0,0,0,81,81,4,1,24,0,0,0,1,21,41230,6,1,0,0,3,0,71,170,0,0,0,0,0,0,0,0,0,0,0,0,0,0,1,2,55,2,2,2,1,0,0,14,13,6,1,4,1,1,0
21,210279,1,1,1,16,6,13,0,35,0,1,0,21,1,37,705,37705,80,2002,JH2RC44372M6,J,H,2,R,C,4,4,3,7,2,M,6,0,M,HOND,V7A,RS,2,17,,,,,,,745,0,0,000000000,00000000000,0,0,0,1,0,0,0,0,0,0,0,998,0,0,0,81,81,6,2,35,0,0,0,1,21,42003,6,1,8,0,3,1,69,172,0,0,0,1,0,7,2009,7,2009,0,0,0,0,0,1,2,55,3,2,2,1,40,3,14,8,4,2,4,2,1,0
21,210280,1,2,2,21,6,11,23,12,2,1,0,21,2,72,706,72706,80,2009,1HD1GY4119K3,1,H,D,1,G,Y,4,1,1,9,K,3,0,M,HD,FTB,RS,9,17,,,,,,,1584,0,0,000000000,00000000000,0,0,0,1,0,0,0,0,0,0,0,998,0,0,0,12,12,6,2,12,0,0,0,1,21,40216,6,1,4,0,3,1,69,173,0,0,0,1,0,3,2009,3,2009,0,0,0,0,0,1,2,55,4,2,2,1,0,0,14,9,1,2,2,50,2,0
21,210280,2,2,1,21,6,11,23,12,2,1,0,21,3,12,461,12461,21,1998,1FDWE37L5WHC,1,F,D,W,E,3,7,L,5,W,H,C,0,T,FORD,35C,YY,98,17,,3,1580,1380,CTV,G,,0,88,888888888,88888888888,2,1,1,1,0,0,0,0,0,0,0,998,0,0,0,12,12,6,2,12,0,0,0,1,21,42754,6,1,0,0,3,0,73,238,0,0,0,0,0,0,0,0,0,0,0,0,0,0,1,2,55,4,1,2,1,0,0,14,62,9,1,1,51,0,0
21,210281,1,1,1,19,6,6,20,1,0,1,0,37,2,20,481,20481,31,1999,2GCEK19V3X12,2,G,C,E,K,1,9,V,3,X,1,2,0,T,CHEV,SK1,3C,99,17,,2,1575,1435,SIL,G,,0,0,000000000,00000000000,0,0,0,1,0,0,0,0,0,0,0,998,0,2,2,0,0,6,2,1,0,0,0,1,54,25526,9,9,99,9,9,9,999,999,99,99,99,99,99,99,9999,99,9999,0,58,0,0,0,3,2,55,1,1,2,1,0,0,1,9,8,4,4,2,1,1
21,210282,1,2,1,19,6,8,59,12,6,1,0,21,2,37,32,37032,4,1995,1HGCD5624SA0,1,H,G,C,D,5,6,2,4,S,A,0,0,P,HOND,UDX,4D,95,17,2699,,0,1069,,G,,0,0,000000000,00000000000,0,0,0,1,0,0,0,0,0,0,0,998,0,0,0,12,12,6,2,12,0,0,0,1,21,40108,6,2,0,0,3,0,72,135,0,0,0,0,0,0,0,0,0,0,0,0,0,0,1,2,55,4,2,2,1,0,0,14,10,1,1,2,64,0,0