STATE,ST_CASE,VEH_NO,VE_FORMS,NUMOCCS,DAY,MONTH,HOUR,MINUTE,HARM_EV,MAN_COLL,UNITTYPE,HIT_RUN,REG_STAT,OWNER,MAKE,MODEL,MAK_MOD,BODY_TYP,MOD_YEAR,VIN,VIN_1,VIN_2,VIN_3,VIN_4,VIN_5,VIN_6,VIN_7,VIN_8,VIN_9,VIN_10,VIN_11,VIN_12,TOW_VEH,VINTYPE,VINMAKE,VINA_MOD,VIN_BT,VINMODYR,VIN_LNGT,VIN_WGT,WGTCD_TR,WHLBS_LG,WHLBS_SH,SER_TR,FUELCODE,MCYCL_DS,J_KNIFE,MCARR_I1,MCARR_I2,MCARR_ID,GVWR,V_CONFIG,CARGO_BT,HAZ_INV,HAZ_PLAC,HAZ_ID,HAZ_CNO,HAZ_REL,BUS_USE,SPEC_USE,EMER_USE,TRAV_SP,UNDERIDE,ROLLOVER,ROLINLOC,IMPACT1,IMPACT2,DEFORMED,TOWED,M_HARM,VEH_SC1,VEH_SC2,FIRE_EXP,DR_PRES,L_STATE,DR_ZIP,L_STATUS,L_TYPE,CDL_STAT,L_ENDORS,L_COMPL,L_RESTRI,DR_HGT,DR_WGT,PREV_ACC,PREV_SUS,PREV_DWI,PREV_SPD,PREV_OTH,FIRST_MO,FIRST_YR,LAST_MO,LAST_YR,SPEEDREL,DR_SF1,DR_SF2,DR_SF3,DR_SF4,VTRAFWAY,VNUM_LAN,VSPD_LIM,VALIGN,VPROFILE,VPAVETYP,VSURCOND,VTRAFCON,VTCONT_F,P_CRASH1,P_CRASH2,P_CRASH3,PCRASH4,PCRASH5,ACC_TYPE,DEATHS,DR_DRINK
21,210282,2,2,2,19,6,8,59,12,6,1,0,21,1,20,481,20481,31,1986,2GCDC14H8G11,2,G,C,D,C,1,4,H,8,G,1,1,0,T,CHEV,C10,PK,86,17,,1,1315,1175,C10,G,,0,0,000000000,00000000000,0,0,0,1,0,0,0,0,0,0,0,998,0,1,5,61,61,6,2,12,0,0,0,1,21,40146,6,1,0,0,3,0,73,240,0,0,0,0,0,0,0,0,0,0,0,0,0,0,1,2,55,4,2,2,1,0,0,14,62,7,1,1,65,1,0
21,210283,1,1,1,13,6,1,20,42,0,1,0,21,1,38,471,38471,30,1992,4S1CL11LXN42,4,S,1,C,L,1,1,L,X,N,4,2,0,T,ISU,UNS,PK,92,17,,1,0,1056,CON,G,,0,0,000000000,00000000000,0,0,0,1,0,0,0,0,0,0,0,998,0,0,0,12,12,6,2,42,0,0,0,1,21,40962,6,1,0,0,3,1,66,200,0,2,0,0,2,6,2007,9,2008,0,0,0,0,0,1,2,55,2,1,2,1,0,0,14,12,1,1,4,6,1,1
21,210284,1,1,2,13,6,9,9,30,0,1,0,21,1,20,481,20481,31,2005,1GCHK29UX5E3,1,G,C,H,K,2,9,U,X,5,E,3,0,T,CHEV,2KH,4C,5,17,,2,1575,1435,SIL,G,,0,0,000000000,00000000000,0,0,0,1,0,0,0,0,0,0,0,50,0,0,0,61,12,6,2,42,0,0,0,1,21,42301,6,1,0,0,3,0,74,250,0,0,0,1,0,9,2009,9,2009,0,0,0,0,0,1,2,55,1,2,2,1,0,0,1,12,1,1,4,6,1,0
21,210285,1,1,2,21,6,22,51,30,0,1,0,92,0,98,739,98739,90,2007,4XARH68A87D0,4,X,A,R,H,6,8,A,8,7,D,0,0,M,POL,RXP,AT,7,17,,,,,,,683,0,0,000000000,00000000000,0,0,0,1,0,0,0,0,0,0,0,998,0,1,4,81,81,6,4,30,0,0,0,1,21,41314,6,1,0,0,3,0,68,230,0,0,0,0,0,0,0,0,0,0,0,0,0,0,1,2,55,1,1,2,1,0,0,1,13,1,1,4,1,1,1
21,210286,1,1,1,21,6,7,38,1,0,1,0,21,1,72,706,72706,80,2005,1HD1FFW195Y6,1,H,D,1,F,F,W,1,9,5,Y,6,0,M,HD,TCI,RS,5,17,,,,,,,1450,0,0,000000000,00000000000,0,0,0,1,0,0,0,0,0,0,0,65,0,0,0,0,61,6,2,1,0,0,0,1,21,41042,6,1,0,0,3,0,63,160,1,0,0,0,0,9,2009,9,2009,0,85,0,0,0,3,3,65,1,1,2,1,0,0,1,8,8,2,2,98,1,0
21,210287,1,2,1,22,6,18,19,12,6,1,0,21,1,73,706,73706,80,2007,JKAZXCD167A0,J,K,A,Z,X,C,D,1,6,7,A,0,0,M,KAWK,Z1D,RS,7,17,,,,,,,998,0,0,000000000,00000000000,0,0,0,1,0,0,0,0,0,0,0,60,0,0,0,12,12,6,2,12,0,0,0,1,21,40228,6,1,0,0,3,0,74,158,1,1,0,3,0,10,2007,10,2008,1,0,0,0,0,2,4,35,1,1,2,1,0,0,1,66,3,2,1,69,1,0
21,210287,2,2,8,22,6,18,19,12,6,1,0,21,3,92,981,92981,52,2005,15GGD2119510,1,5,G,G,D,2,1,1,9,5,1,0,0,U,,,,5,17,,,,,,,,0,88,888888888,88888888888,2,21,22,1,0,0,0,0,6,0,0,10,0,0,0,4,4,4,3,12,0,0,0,1,21,40214,6,1,6,1,3,1,72,240,0,0,0,0,0,0,0,0,0,0,38,0,0,0,2,4,35,1,1,2,1,0,0,11,15,2,1,2,68,0,0
21,210288,1,2,1,23,6,14,52,12,2,1,0,21,1,2,405,2405,14,2002,1J8GL58K82W1,1,J,8,G,L,5,8,K,8,2,W,1,0,T,JEEP,LMD,4W,2,17,,1,0,1043,LIB,G,,0,0,000000000,00000000000,0,0,0,1,0,0,0,0,0,0,0,55,0,0,0,12,12,6,2,12,0,0,0,1,21,40023,6,1,0,0,3,0,64,215,0,0,0,0,0,0,0,0,0,0,0,0,0,0,1,2,55,1,2,2,1,0,0,1,10,1,1,4,50,0,0
21,210288,2,2,1,23,6,14,52,12,2,1,0,21,1,12,17,12017,4,1996,1FALP52U4TG3,1,F,A,L,P,5,2,U,4,T,G,3,0,P,FORD,TAG,4D,96,17,3347,,0,1085,,G,,0,0,000000000,00000000000,0,0,0,1,0,0,0,0,0,0,0,55,0,0,0,12,12,6,2,12,0,0,0,1,21,40014,6,1,0,0,3,1,64,140,0,0,0,0,0,0,0,0,0,0,0,0,0,0,1,2,55,1,2,2,1,0,0,1,62,7,1,4,51,1,0
21,210289,1,2,1,25,6,12,9,12,6,1,0,92,0,76,704,76704,80,2008,JYACJ10C88A0,J,Y,A,C,J,1,0,C,8,8,A,0,0,M,YAMA,Y5F,MX,8,17,,,,,,,449,0,0,000000000,00000000000,0,0,0,1,0,0,0,0,0,0,0,998,0,0,0,12,12,4,3,12,0,0,0,1,21,41465,0,0,0,0,0,0,999,999,0,0,0,0,0,0,0,0,0,0,0,0,0,0,1,2,35,4,1,2,1,0,0,14,10,1,1,2,64,1,0
21,210289,2,2,2,25,6,12,9,12,6,1,0,21,1,12,422,12422,15,2003,1FMPU16L93LB,1,F,M,P,U,1,6,L,9,3,L,B,0,P,FORD,EPT,UT,3,17,5686,,0,1191,,G,,0,0,000000000,00000000000,0,0,0,1,0,0,0,0,0,0,0,998,0,0,0,9,9,4,3,12,0,0,0,1,21,41465,6,1,0,0,3,0,71,179,1,0,0,0,0,12,2009,12,2009,1,0,0,0,0,1,2,35,4,1,2,1,0,0,14,62,2,1,1,65,0,0
21,210290,1,2,2,11,6,13,18,12,2,1,0,21,1,12,17,12017,6,1993,1FALP52U5PA2,1,F,A,L,P,5,2,U,5,P,A,2,0,P,FORD,TAG,4D,93,17,3117,,0,1060,,G,,0,0,000000000,00000000000,0,0,0,1,0,0,0,0,0,0,0,71,1,0,0,12,12,6,2,12,0,0,0,1,21,40108,6,1,0,0,3,0,61,118,0,0,0,0,0,0,0,0,0,0,0,0,0,0,1,2,55,4,1,2,2,0,0,14,10,1,1,2,50,1,0
21,210290,2,2,2,11,6,13,18,12,2,1,0,21,1,82,881,82881,66,1987,1FUYYCYB4HP3,1,F,U,Y,Y,C,Y,B,4,H,P,3,1,T,FRHT,FLC,DS,87,17,,8,0,0,CON,D,,1,77,777777777,77777777777,3,6,2,1,0,0,0,0,0,0,0,50,0,0,0,12,12,6,2,12,0,0,0,1,21,40108,6,1,6,0,3,0,69,205,0,0,0,0,0,0,0,0,0,0,0,0,0,0,1,2,55,4,1,2,2,0,0,14,62,9,1,1,51,0,0
21,210291,1,1,1,26,6,7,25,1,0,1,0,21,1,72,706,72706,80,2007,1HD1FC4157Y7,1,H,D,1,F,C,4,1,5,7,Y,7,0,M,HD,FLU,RS,7,17,,,,,,,1584,0,0,000000000,00000000000,0,0,0,1,0,0,0,0,0,0,0,45,0,0,0,0,0,4,3,5,0,0,0,1,21,40065,6,1,6,0,3,0,72,221,0,0,0,0,0,0,0,0,0,0,0,0,0,0,6,1,98,2,2,2,1,40,3,14,10,7,1,4,6,1,0
21,210292,1,2,1,26,6,11,7,12,2,1,0,21,1,72,709,72709,80,1973,1D13216C010,1,D,1,3,2,1,6,C,0,1,0,,0,P,,,,,,,,,,,,,0,0,000000000,00000000000,0,0,0,1,0,0,0,0,0,0,0,998,0,0,0,12,12,6,2,12,0,0,0,1,21,42366,6,1,0,0,3,0,72,267,0,0,0,0,0,0,0,0,0,0,0,0,0,0,1,2,55,2,2,2,1,0,0,14,12,3,2,2,50,1,0
21,210292,2,2,1,26,6,11,7,12,2,1,0,21,1,7,482,7482,31,1997,1B7HC16Z0VS2,1,B,7,H,C,1,6,Z,0,V,S,2,0,T,DODG,150,PK,97,17,,2,1347,1187,RPC,G,,0,0,000000000,00000000000,0,0,0,1,0,0,0,0,0,0,0,998,0,0,0,12,12,4,3,12,0,0,0,1,21,42280,6,1,8,0,3,0,66,180,0,0,0,0,0,0,0,0,0,0,0,0,0,0,1,2,55,2,2,2,1,0,0,14,62,3,2,1,51,0,0
21,210293,1,1,5,26,6,15,17,1,0,1,0,21,2,12,401,12401,14,1996,1FMDU34XXTUA,1,F,M,D,U,3,4,X,X,T,U,A,0,P,FORD,EPR,UT,96,17,4189,,0,1115,,G,,0,0,000000000,00000000000,0,0,0,1,0,0,0,0,0,0,0,998,0,2,5,0,13,6,2,1,0,0,0,1,21,40336,6,2,0,0,3,2,64,228,0,0,0,0,0,0,0,0,0,0,58,73,74,0,1,2,55,4,1,2,1,0,0,14,9,9,3,4,2,1,0
21,210294,1,1,2,26,6,16,26,34,0,1,0,21,2,37,733,37733,90,1999,478TE1409XA0,4,7,8,T,E,1,4,0,9,X,A,0,0,M,HOND,T3X,AT,99,17,,,,,,,300,0,0,000000000,00000000000,0,0,0,1,0,0,0,0,0,0,0,998,0,1,5,12,12,2,1,34,0,0,0,1,21,40997,0,0,0,0,1,0,999,999,0,0,0,0,0,0,0,0,0,1,0,0,0,0,1,2,55,2,1,2,1,40,3,14,9,1,2,4,2,1,0
21,210295,1,2,1,28,6,20,11,12,2,1,0,21,1,37,31,37031,2,1990,1HGED3546LA0,1,H,G,E,D,3,5,4,6,L,A,0,0,P,HOND,CID,4D,90,17,1973,,0,984,,G,,0,0,000000000,00000000000,0,0,0,1,0,0,0,0,0,0,0,55,0,0,0,12,12,6,2,12,0,0,0,1,21,40391,6,1,0,0,3,0,69,150,0,2,0,1,0,8,2007,5,2009,0,28,0,0,0,1,2,55,1,1,2,1,40,3,1,10,1,1,2,50,1,1
21,210295,2,2,1,28,6,20,11,12,2,1,0,21,1,55,33,55033,4,2008,5NPET46C38H3,5,N,P,E,T,4,6,C,3,8,H,3,0,P,HYUN,SGL,4D,8,17,3253,,0,1074,,G,,0,0,000000000,00000000000,0,0,0,1,0,0,0,0,0,0,0,55,0,0,0,12,12,6,2,12,0,0,0,1,21,40391,6,1,0,0,3,0,67,270,0,0,0,0,0,0,0,0,0,0,0,0,0,0,1,2,55,1,1,2,1,40,3,1,62,98,1,1,51,0,0
21,210296,1,2,2,28,6,17,24,24,0,1,0,21,2,12,17,12017,4,2001,1FAFP53U31G2,1,F,A,F,P,5,3,U,3,1,G,2,0,P,FORD,TSE,4D,1,17,3354,,0,1085,,G,,0,0,000000000,00000000000,0,0,0,1,0,0,0,0,0,0,0,998,1,0,0,10,1,6,2,12,0,0,0,1,21,40437,6,1,0,0,3,0,74,130,1,0,0,0,0,6,2009,6,2009,0,87,0,0,0,1,2,55,2,2,2,2,0,0,14,5,1,2,4,7,1,0
21,210296,2,2,1,28,6,17,24,24,0,1,0,21,1,20,36,20036,2,1998,2G1WW12M9W92,2,G,1,W,W,1,2,M,9,W,9,2,0,P,CHEV,MLS,CP,98,17,3239,,0,1075,,G,,0,0,000000000,00000000000,0,0,0,1,0,0,0,0,0,0,0,998,0,0,0,12,12,6,2,12,0,0,0,1,21,40437,6,1,0,0,3,2,62,110,0,0,0,0,0,0,0,0,0,0,74,0,0,0,1,2,55,3,2,2,2,0,0,14,64,1,1,1,98,1,0
21,210297,1,1,1,27,6,17,40,35,0,1,0,92,0,98,739,98739,90,2006,999999999999,9,9,9,9,9,9,9,9,9,9,9,9,0,U,,,,9,17,,,,,,,,0,0,000000000,00000000000,0,0,0,1,0,0,0,0,0,0,0,998,0,0,0,12,12,6,2,35,0,0,0,1,21,42459,6,1,6,0,1,0,71,200,0,0,0,0,0,0,0,0,0,1,0,0,0,0,1,2,55,3,2,2,1,0,0,14,11,1,1,4,1,1,1
21,210298,1,1,1,15,6,19,30,42,0,1,0,21,1,22,9,22009,2,1998,2G2FV22G1W22,2,G,2,F,V,2,2,G,1,W,2,2,0,P,PONT,FTA,2H,98,17,3444,,0,1011,,G,,0,0,000000000,00000000000,0,0,0,1,0,0,0,0,0,0,0,998,0,1,5,61,61,4,3,42,0,0,0,1,21,41006,6,1,0,0,3,0,73,185,0,0,0,0,0,0,0,0,0,1,0,0,0,0,1,2,55,1,1,2,1,0,0,1,9,6,3,4,2,1,1
21,210299,1,2,4,28,6,11,25,12,6,1,0,39,1,12,401,12401,14,2005,1FMDU74K75UB,1,F,M,D,U,7,4,K,7,5,U,B,0,P,FORD,EPR,UT,5,17,4094,,0,1137,,F,,0,0,000000000,00000000000,0,0,0,1,0,0,0,0,0,0,0,998,0,0,0,12,12,6,2,12,0,0,0,1,39,40121,6,1,0,0,3,0,73,160,0,0,0,0,0,0,0,0,0,0,0,0,0,0,1,2,55,1,2,2,1,0,0,1,10,7,1,2,64,1,0
21,210299,2,2,1,28,6,11,25,12,6,1,0,21,3,98,804,98804,66,1999,2WKPDDJJ9XK9,2,W,K,P,D,D,J,J,9,X,K,9,1,T,WSTR,490,DS,99,17,,8,0,0,CNV,D,,1,57,0024177,570024177,3,6,8,1,0,0,0,0,0,0,0,998,0,0,0,1,1,6,2,12,0,0,1,1,21,42210,6,1,6,0,3,0,65,190,0,0,0,1,0,4,2009,4,2009,0,0,0,0,0,1,2,55,1,2,2,1,0,0,1,62,8,1,1,65,0,0
21,210300,1,1,1,26,6,20,3,9,0,1,0,21,1,12,13,12013,2,2003,3FAFP11363R1,3,F,A,F,P,1,1,3,6,3,R,1,0,P,FORD,ZX2,CP,3,17,2478,,0,984,,G,,0,0,000000000,00000000000,0,0,0,1,0,0,0,0,0,0,0,998,0,0,0,12,12,6,2,9,0,0,0,1,21,40215,6,1,0,0,3,1,64,130,0,0,0,0,0,0,0,0,0,0,0,0,0,0,1,2,25,4,1,2,1,40,3,14,83,98,2,1,13,0,1
21,210301,1,1,1,16,6,4,50,39,0,1,0,51,2,20,471,20471,30,1999,1GCCS1443XK2,1,G,C,C,S,1,4,4,3,X,K,2,0,T,CHEV,S14,PK,99,17,,1,1179,1083,S,G,,0,0,000000000,00000000000,0,0,0,1,0,0,0,0,0,0,0,998,0,0,0,12,12,6,2,39,0,0,1,1,21,41520,6,1,0,0,3,0,70,175,0,0,0,1,0,7,2009,7,2009,0,99,99,99,99,2,4,55,1,1,2,1,0,0,1,12,1,1,4,6,1,0
21,210302,1,1,2,30,6,2,17,1,0,1,0,21,2,49,32,49032,6,1994,JT2AE09V9R00,J,T,2,A,E,0,9,V,9,R,0,0,0,P,TOYT,COX,SW,94,17,2480,,0,970,,G,,0,0,000000000,00000000000,0,0,0,1,0,0,0,0,0,0,0,998,0,2,5,0,0,6,2,1,0,0,0,1,21,40214,6,1,0,0,3,0,71,175,1,1,0,0,1,6,2007,6,2008,1,0,0,0,0,1,2,35,3,1,2,1,0,0,14,12,7,1,4,6,1,1
21,210303,1,2,1,30,6,18,37,12,2,1,0,21,2,12,481,12481,31,2006,1FTRF12216NA,1,F,T,R,F,1,2,2,1,6,N,A,0,T,FORD,F15,PK,6,17,,2,1450,1260,COF,G,,0,0,000000000,00000000000,0,0,0,1,0,0,0,0,0,0,0,998,0,1,1,12,12,6,2,12,0,0,0,1,21,40324,6,1,0,0,3,0,73,190,1,6,0,1,5,10,2007,6,2010,0,0,0,0,0,1,2,55,1,1,2,1,0,0,1,10,1,1,2,50,0,0
21,210303,2,2,2,30,6,18,37,12,2,1,0,21,2,49,471,49471,30,1993,4TARN81A5PZ0,4,T,A,R,N,8,1,A,5,P,Z,0,0,T,TOYT,USS,PK,93,17,,1,0,1029,UHT,G,,0,0,000000000,00000000000,0,0,0,1,0,0,0,0,0,0,0,998,0,0,0,12,12,6,2,12,0,0,0,1,21,40502,6,1,0,0,3,0,76,240,0,0,0,1,0,12,2007,12,2007,0,0,0,0,0,1,2,55,1,1,2,1,0,0,1,62,9,1,1,51,2,0
21,210304,1,2,1,20,6,12,45,12,2,1,0,21,1,20,9,20009,3,1986,1G1FP87H7GL1,1,G,1,F,P,8,7,H,7,G,L,1,0,P,CHEV,CAM,CP,86,17,2909,,0,1010,,G,,0,0,000000000,00000000000,0,0,0,1,0,0,0,0,0,0,0,998,0,0,0,12,12,6,2,12,0,0,0,1,21,42064,6,1,0,0,3,1,74,180,0,0,0,0,0,0,0,0,0,0,0,0,0,0,1,2,55,1,1,2,1,4,3,11,15,2,1,1,82,0,0
21,210304,2,2,2,20,6,12,45,12,2,1,0,21,1,20,36,20036,2,2003,2G1WW12E2391,2,G,1,W,W,1,2,E,2,3,9,1,0,P,CHEV,MLS,CP,3,17,3340,,0,1105,,G,,0,0,000000000,00000000000,0,0,0,1,0,0,0,0,0,0,0,998,0,0,0,12,12,6,2,12,0,0,0,1,21,42445,6,1,0,0,3,0,70,170,0,0,0,0,0,0,0,0,0,0,0,0,0,0,3,2,55,1,1,2,1,4,3,1,67,1,1,1,83,1,0
21,210305,1,1,1,26,6,20,15,5,0,1,0,21,1,72,709,72709,80,1978,9D17143H8,9,D,1,7,1,4,3,H,8,,,,0,P,,,,,,,,,,,,,0,0,000000000,00000000000,0,0,0,1,0,0,0,0,0,0,0,998,0,0,0,0,0,4,3,5,0,0,0,1,21,40069,6,1,0,0,3,0,67,140,0,0,0,0,0,0,0,0,0,1,0,0,0,0,1,2,35,3,2,2,1,0,0,14,11,1,1,6,0,1,1
21,210306,1,2,1,26,6,7,30,12,6,1,0,21,1,63,441,63441,20,2004,KNDUP131X465,K,N,D,U,P,1,3,1,X,4,6,5,0,P,KIA,SED,SV,4,17,4802,,0,1145,,G,,0,0,000000000,00000000000,0,0,0,1,0,0,0,0,0,0,0,7,0,0,0,10,10,6,2,12,0,0,0,1,21,40213,6,1,0,0,3,0,72,210,0,0,0,0,0,0,0,0,0,0,38,0,0,0,5,2,45,1,1,2,1,40,3,11,54,1,1,1,72,1,0
21,210306,2,2,1,26,6,7,30,12,6,1,0,21,1,20,9,20009,2,1992,1G1FP23T0NL1,1,G,1,F,P,2,3,T,0,N,L,1,0,P,CHEV,CAR,CP,92,17,3103,,0,1010,,G,,0,0,000000000,00000000000,0,0,0,1,0,0,0,0,0,0,0,55,0,0,0,12,12,6,2,12,0,0,0,1,21,40219,6,1,0,0,3,0,67,250,1,1,0,0,0,10,2007,8,2009,1,0,0,0,0,5,2,45,1,1,2,1,40,3,1,63,3,2,1,73,0,0
21,210307,1,2,1,25,6,17,28,12,2,1,0,21,2,12,481,12481,31,2007,1FTPX14V77FB,1,F,T,P,X,1,4,V,7,7,F,B,0,T,FORD,F15,4C,7,17,,2,1630,1330,COF,F,,0,0,000000000,00000000000,0,0,0,1,0,0,0,0,0,0,0,998,0,0,0,12,12,6,2,12,0,0,0,1,21,41224,6,1,0,0,3,0,67,125,0,2,0,0,1,12,2007,12,2007,0,38,0,0,0,1,2,35,1,1,2,1,40,3,1,10,1,1,2,50,0,1
21,210307,2,2,4,25,6,17,28,12,2,1,0,21,2,52,401,52401,14,2002,JA4MT31R52J0,J,A,4,M,T,3,1,R,5,2,J,0,0,P,MITS,MNS,UT,2,17,4240,,0,1073,,G,,0,0,000000000,00000000000,0,0,0,1,0,0,0,0,0,0,0,998,0,1,1,12,12,6,2,12,0,0,0,1,21,41231,6,1,0,0,3,0,64,130,0,0,0,0,0,0,0,0,0,0,0,0,0,0,1,2,35,1,1,2,1,40,3,1,62,1,1,1,51,1,0
21,210308,1,2,2,12,6,13,45,12,2,1,0,21,1,37,706,37706,80,2007,JH2RC50407M3,J,H,2,R,C,5,0,4,0,7,M,3,0,M,HOND,VT7,RS,7,17,,,,,,,745,0,0,000000000,00000000000,0,0,0,1,0,0,0,0,0,0,0,998,0,0,0,12,12,6,2,12,0,0,0,1,21,40475,6,1,0,0,3,0,70,182,1,0,0,1,0,11,2008,9,2009,0,0,0,0,0,1,2,55,3,1,2,1,0,0,14,10,1,1,2,50,2,0
21,210308,2,2,1,12,6,13,45,12,2,1,0,21,1,53,404,53404,14,2003,JS3TD62V0341,J,S,3,T,D,6,2,V,0,3,4,1,0,P,SUZI,GVT,UT,3,17,3025,,0,976,,G,,0,0,000000000,00000000000,0,0,0,1,0,0,0,0,0,0,0,998,0,0,0,12,12,6,2,12,0,0,0,1,21,40422,6,1,0,0,3,0,62,250,0,0,0,0,0,0,0,0,0,0,0,0,0,0,1,2,55,2,1,2,1,0,0,14,62,2,1,1,51,0,0
21,210309,1,1,1,16,6,19,21,1,0,1,0,21,1,20,481,20481,31,2004,1GCHK23174F1,1,G,C,H,K,2,3,1,7,4,F,1,0,T,CHEV,2KH,CW,4,17,,2,1670,1530,SIL,D,,0,0,000000000,00000000000,0,0,0,1,0,0,0,0,0,0,0,50,0,2,5,0,0,6,2,1,0,0,0,1,21,40143,6,1,0,0,3,0,72,230,0,0,0,0,0,0,0,0,0,0,0,0,0,0,1,2,55,3,2,2,1,0,0,14,10,1,1,4,1,1,0
21,210310,1,1,1,1,7,13,50,1,0,1,0,17,2,73,705,73705,80,1983,JKAKZDF19DA0,J,K,A,K,Z,D,F,1,9,D,A,0,0,M,KAWK,K7F,RS,83,17,,,,,,,750,0,0,000000000,00000000000,0,0,0,1,0,0,0,0,0,0,0,998,0,0,0,0,0,4,3,1,0,0,0,1,21,41465,6,1,8,0,3,0,71,192,0,0,0,0,0,0,0,0,0,0,0,0,0,0,3,2,70,1,1,2,1,0,0,1,11,1,1,4,1,1,0
21,210311,1,1,1,2,7,1,39,35,0,1,0,21,1,49,471,49471,30,1986,JT4RN50R8G01,J,T,4,R,N,5,0,R,8,G,0,1,0,T,TOYT,RN5,PK,86,17,,1,0,1029,HTP,G,,0,0,000000000,00000000000,0,0,0,1,0,0,0,0,0,0,0,998,0,0,0,12,12,4,3,35,0,0,0,1,21,41008,6,1,0,0,3,1,68,113,1,0,0,1,0,3,2008,1,2010,0,58,0,0,0,1,2,55,3,2,2,1,40,3,14,8,2,2,4,7,1,0
21,210312,1,1,1,2,7,9,17,1,0,1,0,21,3,86,881,86881,66,1996,1M2AA13Y8TW0,1,M,2,A,A,1,3,Y,8,T,W,0,1,T,MACK,CH6,DS,96,17,,8,0,0,600,D,,1,57,01535901,5701535901,3,6,10,1,0,0,0,0,0,0,0,50,0,2,2,0,0,6,2,1,0,0,0,1,21,42028,6,1,3,0,3,0,73,213,0,0,0,2,0,8,2009,4,2010,0,0,0,0,0,1,2,55,1,1,2,1,0,0,1,11,2,1,4,1,1,0
21,210313,1,1,2,2,7,14,34,42,0,1,0,21,2,12,481,12481,31,2002,1FTNW21F62EA,1,F,T,N,W,2,1,F,6,2,E,A,0,T,FORD,F2S,CW,2,17,,2,1724,1562,SRW,D,,0,0,000000000,00000000000,0,0,0,1,0,0,0,0,0,0,0,998,0,0,0,3,3,6,2,42,0,0,0,1,21,42064,0,0,0,0,0,0,999,999,99,99,99,99,99,99,9999,99,9999,1,58,0,0,0,1,2,55,3,1,2,1,0,0,14,6,6,1,4,6,2,1
21,210314,1,2,1,3,7,23,28,12,1,1,0,21,2,73,709,73709,80,2006,JKBZXJD136A0,J,K,B,Z,X,J,D,1,3,6,A,0,0,M,KAWK,X63,RS,6,17,,,,,,,636,0,0,000000000,00000000000,0,0,0,1,0,0,0,0,0,0,0,998,0,0,0,12,12,6,2,12,0,0,0,1,21,40513,2,1,0,0,2,0,66,160,0,2,0,0,2,2,2010,6,2010,0,0,0,0,0,1,4,40,1,1,2,1,0,0,1,51,8,2,1,24,1,1
21,210314,2,2,1,3,7,23,28,12,1,1,0,18,3,51,881,51881,66,1998,4VG7DARJ6WN7,4,V,G,7,D,A,R,J,6,W,N,7,0,T,VOLV,VVN,DS,98,17,,8,0,0,VVN,D,,0,5,700223377,05700223377,3,5,96,1,0,0,0,0,0,0,0,998,0,0,0,6,6,2,1,12,0,0,0,1,21,40510,6,1,6,0,3,0,69,290,0,0,0,0,1,5,2009,5,2009,0,0,0,0,0,1,4,40,1,1,2,1,0,0,4,53,1,1,1,25,0,0
21,210315,1,1,1,4,7,0,43,42,0,1,0,21,1,20,2,20002,6,1983,2G1AN69H5D11,2,G,1,A,N,6,9,H,5,D,1,1,0,P,CHEV,CCL,4D,83,17,3537,,0,1160,,G,,0,0,000000000,00000000000,0,0,0,1,0,0,0,0,0,0,0,998,0,0,0,12,12,6,2,42,0,0,0,1,21,40208,6,1,0,0,3,0,67,220,0,0,0,0,0,0,0,0,0,0,0,0,0,0,1,2,55,1,2,2,1,0,0,1,12,1,1,4,6,1,0
21,210316,1,1,2,4,7,5,58,35,0,1,0,47,1,18,7,18007,4,1994,3G4AG55M3RS6,3,G,4,A,G,5,5,M,3,R,S,6,0,P,BUIC,CSP,4D,94,17,2974,,0,1049,,G,,0,0,000000000,00000000000,0,0,0,1,0,0,0,0,0,0,0,998,0,1,5,61,61,6,2,35,0,0,0,1,47,37040,6,1,0,0,3,0,72,145,0,0,0,0,0,0,0,0,0,0,99,99,99,99,2,2,70,4,1,2,1,0,0,14,13,1,1,4,1,1,1
21,210317,1,1,1,4,7,14,5,42,0,1,0,21,1,20,16,20016,4,1999,3G1JC524XXS8,3,G,1,J,C,5,2,4,X,X,S,8,0,P,CHEV,CAV,4D,99,17,2676,,0,1041,,G,,0,0,000000000,00000000000,0,0,0,1,0,0,0,0,0,0,0,998,0,1,5,12,12,6,2,42,0,0,0,1,21,40965,6,1,0,0,3,0,66,176,1,0,0,0,0,1,2010,1,2010,0,0,0,0,0,1,2,55,1,1,2,1,0,0,1,13,1,1,4,1,1,0
21,210318,1,1,1,5,7,4,14,24,0,1,0,21,1,20,471,20471,30,1996,1GCCS19X8T81,1,G,C,C,S,1,9,X,8,T,8,1,0,T,CHEV,S14,PC,96,17,,1,0,1229,S,G,,0,0,000000000,00000000000,0,0,0,1,0,0,0,0,0,0,0,998,0,1,5,12,12,6,2,1,0,0,0,1,21,42134,6,1,0,0,3,0,71,225,2,0,0,0,1,1,2008,11,2008,0,0,0,0,0,1,2,55,2,2,1,1,0,0,14,10,3,2,4,7,1,0
21,210319,1,1,1,7,7,16,29,42,0,1,0,21,2,12,471,12471,30,1999,1FTYR11V7XPB,1,F,T,Y,R,1,1,V,7,X,P,B,0,T,FORD,RNG,PK,99,17,,1,1176,1116,RNG,F,,0,0,000000000,00000000000,0,0,0,1,0,0,0,0,0,0,0,998,0,0,0,13,13,6,2,42,0,0,0,1,21,41143,6,1,0,0,3,0,67,125,1,0,0,0,0,7,2009,7,2009,0,0,0,0,0,1,2,55,2,1,2,1,0,0,14,12,1,1,4,6,1,0