STATE,ST_CASE,VEH_NO,VE_FORMS,NUMOCCS,DAY,MONTH,HOUR,MINUTE,HARM_EV,MAN_COLL,UNITTYPE,HIT_RUN,REG_STAT,OWNER,MAKE,MODEL,MAK_MOD,BODY_TYP,MOD_YEAR,VIN,VIN_1,VIN_2,VIN_3,VIN_4,VIN_5,VIN_6,VIN_7,VIN_8,VIN_9,VIN_10,VIN_11,VIN_12,TOW_VEH,VINTYPE,VINMAKE,VINA_MOD,VIN_BT,VINMODYR,VIN_LNGT,VIN_WGT,WGTCD_TR,WHLBS_LG,WHLBS_SH,SER_TR,FUELCODE,MCYCL_DS,J_KNIFE,MCARR_I1,MCARR_I2,MCARR_ID,GVWR,V_CONFIG,CARGO_BT,HAZ_INV,HAZ_PLAC,HAZ_ID,HAZ_CNO,HAZ_REL,BUS_USE,SPEC_USE,EMER_USE,TRAV_SP,UNDERIDE,ROLLOVER,ROLINLOC,IMPACT1,IMPACT2,DEFORMED,TOWED,M_HARM,VEH_SC1,VEH_SC2,FIRE_EXP,DR_PRES,L_STATE,DR_ZIP,L_STATUS,L_TYPE,CDL_STAT,L_ENDORS,L_COMPL,L_RESTRI,DR_HGT,DR_WGT,PREV_ACC,PREV_SUS,PREV_DWI,PREV_SPD,PREV_OTH,FIRST_MO,FIRST_YR,LAST_MO,LAST_YR,SPEEDREL,DR_SF1,DR_SF2,DR_SF3,DR_SF4,VTRAFWAY,VNUM_LAN,VSPD_LIM,VALIGN,VPROFILE,VPAVETYP,VSURCOND,VTRAFCON,VTCONT_F,P_CRASH1,P_CRASH2,P_CRASH3,PCRASH4,PCRASH5,ACC_TYPE,DEATHS,DR_DRINK
21,210381,2,2,1,2,8,5,11,12,2,1,0,21,1,12,481,12481,31,2005,1FTPX14505FA,1,F,T,P,X,1,4,5,0,5,F,A,0,T,FORD,F15,4C,5,17,,2,1450,1260,COF,G,,0,0,000000000,00000000000,0,0,0,1,0,0,0,0,0,0,0,998,0,1,1,12,12,6,2,12,0,0,1,1,21,41754,6,1,0,0,3,1,70,170,0,0,0,0,0,0,0,0,0,0,0,0,0,0,1,2,55,4,2,2,1,40,3,14,62,7,1,1,51,0,0
21,210382,1,2,1,2,8,5,0,12,6,1,0,21,1,49,401,49401,14,1997,JT3HN87R1V01,J,T,3,H,N,8,7,R,1,V,0,1,0,P,TOYT,RUN,UT,97,17,3940,,0,1053,,G,,0,0,000000000,00000000000,0,0,0,1,0,0,0,0,0,0,0,998,0,0,0,12,12,6,2,12,0,0,0,1,21,41055,6,1,0,0,3,0,67,160,2,3,0,1,6,8,2007,7,2010,0,0,0,0,0,1,2,55,3,1,2,1,0,0,14,10,1,1,2,64,1,0
21,210382,2,2,1,2,8,5,0,12,6,1,0,24,3,51,881,51881,66,2010,4V4NC9EJ7AN2,4,V,4,N,C,9,E,J,7,A,N,2,1,T,VOLV,VNL,DS,10,17,,8,0,0,VVN,D,,1,57,0054880,570054880,3,6,97,1,0,0,0,0,0,0,0,998,0,0,0,10,10,6,2,12,0,0,0,1,21,41056,6,1,6,0,3,0,71,235,0,0,0,0,1,3,2009,3,2009,0,0,0,0,0,1,2,55,2,1,2,1,0,0,14,62,1,1,1,65,0,0
21,210383,1,1,1,2,8,14,28,1,0,1,0,21,1,35,47,35047,4,1997,1N4BU31D3VC2,1,N,4,B,U,3,1,D,3,V,C,2,0,P,NISS,AGS,4D,97,17,2756,,0,1031,,G,,0,0,000000000,00000000000,0,0,0,1,0,0,0,0,0,0,0,998,0,2,2,0,0,6,2,1,0,0,0,1,21,42085,6,1,0,0,3,0,62,140,0,0,0,0,0,0,0,0,0,0,58,0,0,0,1,2,55,3,2,2,1,0,0,14,11,8,4,4,7,1,0
21,210384,1,1,4,2,8,15,35,53,0,1,0,21,2,37,32,37032,2,1993,1HGCB7272PA0,1,H,G,C,B,7,2,7,2,P,A,0,0,P,HOND,AEX,CP,93,17,2948,,0,1071,,G,,0,0,000000000,00000000000,0,0,0,1,0,0,0,0,0,0,0,998,0,1,5,12,12,6,2,53,0,0,0,1,21,40383,6,7,0,0,2,0,63,150,0,0,0,0,0,0,0,0,0,1,58,0,0,0,1,2,55,1,3,2,1,0,0,1,12,7,1,4,6,3,0
21,210385,1,2,1,2,8,20,45,12,6,1,0,21,1,49,32,49032,4,2005,4T1BE32K65U5,4,T,1,B,E,3,2,K,6,5,U,5,0,P,TOYT,XLL,4D,5,17,3108,,0,1071,,G,,0,0,000000000,00000000000,0,0,0,1,0,0,0,0,0,0,0,60,0,1,5,12,12,6,2,12,0,0,0,1,21,42301,6,1,0,0,3,1,68,155,0,0,0,0,0,0,0,0,0,0,51,0,0,0,4,2,45,1,1,2,1,0,0,1,54,2,1,1,65,1,0
21,210385,2,2,1,2,8,20,45,12,6,1,0,21,1,22,20,22020,4,2002,1G2WP52K32F2,1,G,2,W,P,5,2,K,3,2,F,2,0,P,PONT,GPG,4D,2,17,3496,,0,1105,,G,,0,0,000000000,00000000000,0,0,0,1,0,0,0,0,0,0,0,30,0,0,0,9,9,6,2,12,0,0,0,1,21,42301,6,1,0,0,3,0,66,135,0,0,0,2,0,8,2009,2,2010,0,0,0,0,0,4,2,35,1,1,2,1,0,0,1,54,9,1,1,64,0,0
21,210386,1,2,1,4,8,7,49,12,2,1,0,21,1,22,18,22018,2,2005,1G2NV12E85M1,1,G,2,N,V,1,2,E,8,5,M,1,0,P,PONT,GT1,CP,5,17,3091,,0,1070,,G,,0,0,000000000,00000000000,0,0,0,1,0,0,0,0,0,0,0,55,0,0,0,12,12,6,2,12,0,0,0,1,21,40515,6,1,0,0,3,1,70,188,1,0,0,2,0,5,2008,11,2008,0,0,0,0,0,1,2,55,1,1,2,1,0,0,1,10,98,1,2,50,1,1
21,210386,2,2,2,4,8,7,49,12,2,1,0,21,1,63,401,63401,14,2008,KNDJE7231874,K,N,D,J,E,7,2,3,1,8,7,4,0,P,KIA,SPO,UT,8,17,3527,,0,1035,,G,,0,0,000000000,00000000000,0,0,0,1,0,0,0,0,0,0,0,55,0,1,5,12,12,6,2,12,0,0,0,1,21,40023,6,1,0,0,3,0,66,120,0,0,0,0,0,0,0,0,0,0,0,0,0,0,1,2,55,1,1,2,1,0,0,1,62,7,1,1,51,0,0
21,210387,1,1,2,3,8,5,45,34,0,1,0,21,1,12,481,12481,31,1998,1FTRX17L9WNA,1,F,T,R,X,1,7,L,9,W,N,A,0,T,FORD,F15,3C,98,17,,2,1570,1390,COF,G,,0,0,000000000,00000000000,0,0,0,1,0,0,0,0,0,0,0,998,0,1,5,12,12,6,2,1,0,0,0,1,21,42461,6,1,0,0,3,0,68,170,0,0,0,0,0,0,0,0,0,0,0,0,0,0,3,2,70,1,2,2,1,0,0,1,1,3,2,4,2,2,0
21,210388,1,1,1,4,8,15,27,42,0,1,0,21,1,35,39,35039,4,2007,1N4BA41E97C8,1,N,4,B,A,4,1,E,9,7,C,8,0,P,NISS,MEL,4D,7,17,3474,,0,1112,,G,,0,0,000000000,00000000000,0,0,0,1,0,0,0,0,0,0,0,40,0,0,0,12,12,6,2,19,0,0,0,1,21,40258,6,1,6,0,3,0,65,159,0,0,0,0,0,0,0,0,0,0,0,0,0,0,1,2,25,1,2,2,1,0,0,1,9,1,2,4,2,1,1
21,210389,1,1,1,5,8,15,7,16,0,1,0,21,1,20,401,20401,14,1995,1GNDT13W0SK1,1,G,N,D,T,1,3,W,0,S,K,1,0,P,CHEV,BZR,UT,95,17,4071,,0,1070,,G,,0,0,000000000,00000000000,0,0,0,1,0,0,0,0,0,0,0,998,0,0,0,0,0,6,2,16,0,0,0,1,21,41554,1,1,0,0,2,1,68,147,0,0,0,0,0,0,0,0,0,0,0,0,0,0,1,2,35,3,1,2,2,0,0,14,98,1,1,1,0,1,0
21,210390,1,2,1,5,8,18,15,12,6,1,0,21,1,63,31,63031,4,1998,KNAFB1217W57,K,N,A,F,B,1,2,1,7,W,5,7,0,P,KIA,SPL,4D,98,17,2478,,0,1008,,G,,0,0,000000000,00000000000,0,0,0,1,0,0,0,0,0,0,0,5,0,0,0,11,11,6,2,12,0,0,0,1,21,41006,6,1,0,0,3,0,74,200,0,0,0,0,0,0,0,0,0,0,0,0,0,0,1,2,55,1,1,2,1,0,0,8,98,1,1,1,66,1,1
21,210390,2,2,2,5,8,18,15,12,6,1,0,21,1,23,880,23880,67,2009,1GTJK83669F1,1,G,T,J,K,8,3,6,6,9,F,1,0,T,GMC,5K3,CW,9,17,,3,0,1670,SIE,D,,0,77,777777777,77777777777,2,1,98,1,0,0,0,0,0,0,0,55,0,0,0,12,12,6,2,12,0,0,0,1,21,41006,6,1,0,0,3,0,70,200,0,0,0,0,0,0,0,0,0,0,0,0,0,0,1,2,55,1,1,2,1,0,0,1,71,3,2,1,66,0,0
21,210391,1,1,3,7,8,3,38,8,0,1,0,21,2,37,31,37031,4,1995,JHMEH9693SS0,J,H,M,E,H,9,6,9,3,S,S,0,0,P,HOND,CEX,4D,95,17,2459,,0,1032,,G,,0,0,000000000,00000000000,0,0,0,1,0,0,0,0,0,0,0,55,0,0,0,12,12,2,3,8,0,0,0,1,21,40347,3,1,0,0,2,1,69,150,0,0,0,0,0,0,0,0,0,0,92,0,0,0,1,2,55,1,3,2,1,0,0,1,80,1,1,1,13,0,1
21,210392,1,1,1,7,8,16,30,24,0,1,0,21,1,76,705,76705,80,2003,JYARJ06E63A0,J,Y,A,R,J,0,6,E,6,3,A,0,0,M,YAMA,R6L,RS,3,17,,,,,,,599,0,0,000000000,00000000000,0,0,0,1,0,0,0,0,0,0,0,998,0,0,0,61,61,6,2,24,0,0,0,1,21,41501,6,1,0,0,3,0,69,245,0,0,0,0,0,0,0,0,0,0,0,0,0,0,1,2,55,2,1,2,1,0,0,14,12,1,1,4,6,1,1
21,210393,1,1,2,8,8,8,23,35,0,1,0,21,2,12,402,12402,14,2007,1FMYU03127KA,1,F,M,Y,U,0,3,1,2,7,K,A,0,P,FORD,SPE,UT,7,17,3156,,0,1031,,G,,0,0,000000000,00000000000,0,0,0,1,0,0,0,0,0,0,0,998,0,1,5,12,12,6,2,1,0,0,0,1,21,42633,6,1,0,0,3,0,65,145,0,0,0,1,0,7,2008,7,2008,1,0,0,0,0,1,2,45,1,2,2,1,0,0,1,11,6,1,4,1,1,0
21,210394,1,1,1,8,8,20,49,42,0,1,0,21,2,7,442,7442,20,1996,2B4FP2533TR8,2,B,4,F,P,2,5,3,3,T,R,8,0,P,DODG,CAR,SV,96,17,3425,,0,1133,,G,,0,0,000000000,00000000000,0,0,0,1,0,0,0,0,0,0,0,55,0,0,0,61,61,6,2,42,0,0,0,1,21,40065,0,0,0,0,0,0,999,999,0,0,0,0,0,0,0,0,0,0,58,0,0,0,1,2,55,3,2,2,1,0,0,14,11,6,2,4,7,1,1
21,210395,1,1,1,9,8,15,16,1,0,1,0,21,1,12,471,12471,30,2002,1FTZR45E72TA,1,F,T,Z,R,4,5,E,7,2,T,A,0,T,FORD,RNS,4C,2,17,,1,0,1259,RNG,G,,0,0,000000000,00000000000,0,0,0,1,0,0,0,0,0,0,0,50,0,2,5,0,9,6,2,42,0,0,0,1,21,42376,6,1,0,0,3,0,66,135,0,0,0,1,0,12,2008,12,2008,0,58,0,0,0,1,2,55,3,1,2,1,0,0,14,13,6,2,4,2,1,0
21,210396,1,1,2,9,8,23,40,1,0,1,0,21,2,23,471,23471,30,2002,1GKDT13S1224,1,G,K,D,T,1,3,S,1,2,2,4,0,T,GMC,ENV,4W,2,17,,1,0,1130,ENV,G,,0,0,000000000,00000000000,0,0,0,1,0,0,0,0,0,0,0,998,0,2,1,0,0,6,2,1,0,0,0,1,21,41653,6,2,0,0,3,0,60,125,1,0,0,0,0,12,2009,12,2009,0,58,0,0,0,1,2,55,1,1,2,1,40,3,1,11,6,1,2,98,1,0
21,210397,1,3,3,6,8,13,0,12,6,1,0,21,1,2,404,2404,14,2003,1J4GW48S13C5,1,J,4,G,W,4,8,S,1,3,C,5,0,T,JEEP,LRO,4W,3,17,,1,0,1059,GCK,G,,0,0,000000000,00000000000,0,0,0,1,0,0,0,0,0,0,0,998,0,0,0,2,2,6,2,12,0,0,0,1,21,41230,6,1,0,0,3,0,69,185,1,0,0,0,0,2,2009,2,2009,0,38,0,0,0,5,4,45,1,1,2,1,98,3,11,15,2,1,2,68,0,0
21,210397,2,3,1,6,8,13,0,12,6,1,0,21,1,37,706,37706,80,2006,1HFSC47H46A5,1,H,F,S,C,4,7,H,4,6,A,5,0,M,HOND,GL8,RS,6,17,,,,,,,1832,0,0,000000000,00000000000,0,0,0,1,0,0,0,0,0,0,0,998,0,0,0,12,12,6,2,12,0,0,0,1,21,41701,6,1,0,0,3,0,78,260,0,0,0,0,0,0,0,0,0,0,0,0,0,0,5,4,45,1,1,2,1,98,3,1,66,7,1,2,69,1,0
21,210397,3,3,5,6,8,13,0,12,6,1,0,21,2,22,20,22020,4,2006,2G2WP5528611,2,G,2,W,P,5,5,2,8,6,1,1,0,P,PONT,GRA,4D,6,17,3477,,0,1105,,G,,0,0,000000000,00000000000,0,0,0,1,0,0,0,0,0,0,0,0,0,0,0,12,12,2,3,12,0,0,0,1,21,41265,6,1,0,0,3,0,63,160,0,0,0,0,0,0,0,0,0,0,0,0,0,0,1,2,99,1,1,8,1,98,3,5,66,1,1,1,98,0,0
21,210398,1,3,2,11,8,15,6,12,6,1,0,39,1,20,2,20002,4,2005,2G1WH52K9591,2,G,1,W,H,5,2,K,9,5,9,1,0,P,CHEV,IPL,4D,5,17,3466,,0,1105,,G,,0,0,000000000,00000000000,0,0,0,1,0,0,0,0,0,0,0,65,0,0,0,7,7,6,2,12,0,0,0,1,39,43029,6,1,0,0,3,0,65,165,0,0,0,0,1,6,2008,6,2008,1,58,87,0,0,2,4,70,1,6,2,2,0,0,1,5,1,2,4,64,2,0
21,210398,2,3,1,11,8,15,6,12,6,1,0,13,3,51,881,51881,66,2007,4V4NC9GH87N4,4,V,4,N,C,9,G,H,8,7,N,4,1,T,VOLV,VNL,DS,7,17,,8,0,0,VVN,D,,3,57,00467100,5700467100,3,6,1,1,0,0,0,0,0,0,0,60,7,0,0,12,12,6,2,12,0,0,0,1,37,28144,6,1,6,0,3,1,70,999,0,0,0,0,0,0,0,0,0,0,0,0,0,0,2,4,70,1,5,2,2,0,0,1,54,1,1,1,65,0,0
21,210398,3,3,1,11,8,15,6,12,6,1,0,39,3,82,881,82881,66,1999,1FUYSCYB5XL9,1,F,U,Y,S,C,Y,B,5,X,L,9,1,T,FRHT,FC2,DS,99,17,,8,0,0,CON,D,,1,57,00508388,5700508388,3,6,2,1,0,0,0,0,0,0,0,60,0,0,0,12,12,6,2,12,0,0,0,1,39,45013,6,1,6,0,3,0,67,150,0,0,0,0,0,0,0,0,0,0,0,0,0,0,2,4,70,1,5,2,2,0,0,1,52,3,2,1,98,0,0
21,210399,1,2,1,11,8,17,55,24,0,1,0,21,1,7,27,7027,6,2009,3D4GG57V09T5,3,D,4,G,G,5,7,V,0,9,T,5,0,P,DODG,JOU,UT,9,17,4229,,0,1138,,G,,0,0,000000000,00000000000,0,0,0,1,0,0,0,0,0,0,0,998,0,0,0,12,98,6,2,12,0,0,0,1,21,40601,6,1,0,0,3,0,64,170,0,0,0,0,0,0,0,0,0,0,87,0,0,0,3,3,70,1,1,2,2,0,0,1,5,7,4,4,7,1,0
21,210399,2,2,5,11,8,17,55,24,0,1,0,48,3,93,981,93981,51,1999,1M8PDMRA8XP0,1,M,8,P,D,M,R,A,8,X,P,0,0,U,,,,99,17,,,,,,,,0,57,00044110,5700044110,3,21,22,1,0,0,0,0,4,0,0,998,0,0,0,12,12,4,3,12,0,0,0,1,39,45239,6,1,6,0,3,0,63,180,0,0,0,0,0,0,0,0,0,0,87,0,0,0,3,3,70,1,1,2,2,0,0,1,60,2,1,1,98,0,0
21,210400,1,1,1,8,8,9,41,1,0,1,0,20,1,37,706,37706,80,1983,1HFSC0215DA3,1,H,F,S,C,0,2,1,5,D,A,3,0,M,HOND,G1I,RS,83,17,,,,,,,1100,0,0,000000000,00000000000,0,0,0,1,0,0,0,0,0,0,0,50,0,0,0,0,0,4,3,1,0,0,0,1,21,41035,6,1,0,0,3,0,70,150,2,0,0,0,0,12,2007,11,2008,0,58,0,0,0,1,2,55,3,1,2,1,0,0,14,4,3,2,4,2,1,0
21,210401,1,1,1,12,8,14,49,30,0,1,0,21,1,7,442,7442,20,1995,1B4GH54R5SX5,1,B,4,G,H,5,4,R,5,S,X,5,0,P,DODG,CAR,SV,95,17,3673,,0,1193,,G,,0,0,000000000,00000000000,0,0,0,1,0,0,0,0,0,0,0,998,0,1,5,12,12,6,2,1,0,0,0,1,21,40422,6,1,0,0,3,0,65,156,0,1,0,0,1,2,2008,2,2008,0,58,0,0,0,1,2,55,3,2,2,1,0,0,14,12,1,1,4,6,1,0
21,210402,1,1,1,12,8,17,21,1,0,1,0,47,1,20,37,20037,4,2003,1G1ND52J73M6,1,G,1,N,D,5,2,J,7,3,M,6,0,P,CHEV,MAL,4D,3,17,3106,,0,1070,,G,,0,0,000000000,00000000000,0,0,0,1,0,0,0,0,0,0,0,998,0,1,3,0,98,6,2,1,0,0,0,1,47,42408,6,1,0,0,3,1,70,230,0,0,0,0,0,0,0,0,0,0,0,0,0,0,2,2,70,1,2,2,1,0,0,1,12,6,1,4,6,1,0
21,210403,1,1,1,3,8,16,21,1,0,1,0,21,2,20,401,20401,14,1999,1GNDT13W1X21,1,G,N,D,T,1,3,W,1,X,2,1,0,P,CHEV,BZR,UT,99,17,4023,,0,1070,,G,,0,0,000000000,00000000000,0,0,0,1,0,0,0,0,0,0,0,998,0,2,2,0,0,6,2,1,0,0,0,1,21,40051,6,1,0,0,3,1,71,235,0,0,0,0,0,0,0,0,0,0,58,0,0,0,1,2,55,1,2,2,1,0,0,1,8,6,2,4,7,1,0
21,210404,1,1,2,1,8,18,9,32,0,1,0,21,1,72,706,72706,80,2004,1HD4CJM194K4,1,H,D,4,C,J,M,1,9,4,K,4,0,M,HD,L8C,RS,4,17,,,,,,,883,0,0,000000000,00000000000,0,0,0,1,0,0,0,0,0,0,0,998,0,0,0,12,12,6,2,1,0,0,0,1,21,40078,6,1,0,0,3,0,69,190,0,0,0,0,0,0,0,0,0,0,0,0,0,0,1,2,55,3,1,2,1,40,3,14,13,1,1,4,1,2,1
21,210405,1,1,1,1,8,21,59,8,0,1,0,21,3,12,16,12016,4,2009,2FAHP71VX9X1,2,F,A,H,P,7,1,V,X,9,X,1,0,P,FORD,CVP,4D,9,17,0,,0,1147,,F,,0,0,000000000,00000000000,0,0,0,1,0,0,0,0,0,0,0,998,0,0,0,12,12,6,2,8,0,0,0,1,21,41179,6,1,0,0,3,0,67,130,0,0,0,0,0,0,0,0,0,0,0,0,0,0,1,2,45,1,1,2,1,0,0,1,80,1,1,1,13,0,0
21,210406,1,1,1,13,8,0,35,42,0,1,0,21,1,35,471,35471,30,1995,1N6HD16Y0SC4,1,N,6,H,D,1,6,Y,0,S,C,4,0,T,NISS,KSX,PC,95,17,,1,0,1161,TRK,G,,0,0,000000000,00000000000,0,0,0,1,0,0,0,0,0,0,0,998,0,0,0,11,12,6,2,42,0,0,0,1,21,40403,6,1,0,0,3,1,69,125,5,0,0,0,0,4,2008,4,2010,0,0,0,0,0,1,2,55,1,1,2,1,0,0,1,12,1,1,4,6,1,1
21,210407,1,1,2,13,8,4,42,1,0,1,0,21,2,52,37,52037,2,2003,4A3AC74H03E0,4,A,3,A,C,7,4,H,0,3,E,0,0,P,MITS,GTS,2H,3,17,3120,,0,1008,,G,,0,0,000000000,00000000000,0,0,0,1,0,0,0,0,0,0,0,100,0,1,5,0,0,6,2,1,0,0,0,1,21,40228,6,1,0,0,3,0,72,247,0,0,0,0,0,0,0,0,0,1,0,0,0,0,6,1,98,2,2,2,1,0,0,14,12,7,1,4,6,1,1
21,210408,1,1,1,13,8,14,50,42,0,1,0,21,1,12,481,12481,31,1993,1FTDF15N3PNA,1,F,T,D,F,1,5,N,3,P,N,A,0,T,FORD,F15,PK,93,17,,1,1330,1170,COF,G,,0,0,000000000,00000000000,0,0,0,1,0,0,0,0,0,0,0,998,0,0,0,12,12,6,2,42,0,0,0,1,21,42420,6,1,0,0,3,0,75,243,0,0,0,1,0,10,2009,10,2009,0,0,0,0,0,1,2,55,1,1,2,1,0,0,1,13,1,1,4,1,1,1
21,210409,1,1,1,13,8,0,0,35,0,1,0,21,1,12,4,12004,2,1991,1FAPP60T7MH1,1,F,A,P,P,6,0,T,7,M,H,1,0,P,FORD,THU,2D,91,17,3550,,0,1130,,G,,0,0,000000000,00000000000,0,0,0,1,0,0,0,0,0,0,0,998,0,1,5,81,81,6,2,35,0,0,0,1,21,41739,6,1,0,0,3,0,71,199,0,0,0,0,0,0,0,0,0,0,87,0,0,0,1,2,55,2,1,2,2,40,3,14,12,1,1,4,6,1,0
21,210410,1,1,3,14,8,2,45,5,0,1,0,21,2,20,10,20010,2,1986,1G1GZ37H1GR2,1,G,1,G,Z,3,7,H,1,G,R,2,0,P,CHEV,MOC,CP,86,17,3078,,0,1081,,G,,0,0,000000000,00000000000,0,0,0,1,0,0,0,0,0,0,0,998,0,0,0,0,0,0,3,5,0,0,0,1,21,41164,1,1,0,0,2,0,65,115,0,1,0,0,0,5,2010,5,2010,0,36,0,0,0,1,2,45,1,1,2,1,0,0,1,8,1,1,2,0,1,0
21,210411,1,1,4,14,8,4,1,35,0,1,0,21,2,49,40,49040,4,2009,4T4BE46K79R1,4,T,4,B,E,4,6,K,7,9,R,1,0,P,TOYT,CBA,4D,9,17,3263,,0,1090,,G,,0,0,000000000,00000000000,0,0,0,1,0,0,0,0,0,0,0,998,0,0,0,12,12,6,2,42,0,0,0,1,21,40391,6,1,0,0,3,1,69,150,0,0,0,0,0,0,0,0,0,0,0,0,0,0,1,2,55,1,3,2,1,40,3,1,12,1,1,4,6,1,1
21,210412,1,1,2,14,8,7,11,38,0,1,0,21,1,22,9,22009,2,2001,2G2FV22G7121,2,G,2,F,V,2,2,G,7,1,2,1,0,P,PONT,FTA,2H,1,17,3452,,0,1011,,G,,0,0,000000000,00000000000,0,0,0,1,0,0,0,0,0,0,0,75,0,0,0,61,61,6,2,38,0,0,0,1,21,41051,6,1,0,0,3,0,72,175,0,0,0,1,0,8,2008,8,2008,1,0,0,0,0,1,2,35,3,2,2,1,40,3,14,6,2,4,4,2,1,1
21,210413,1,1,1,15,8,1,5,1,0,1,0,21,1,12,471,12471,30,1996,1FTCR10A3TPB,1,F,T,C,R,1,0,A,3,T,P,B,0,T,FORD,RNG,PK,96,17,,1,1140,1080,RNG,G,,0,0,000000000,00000000000,0,0,0,1,0,0,0,0,0,0,0,35,0,1,5,0,12,6,2,32,0,0,0,1,21,40489,6,1,0,0,3,0,72,135,0,0,0,0,0,0,0,0,0,0,0,0,0,0,1,2,35,1,1,2,1,0,0,1,13,1,1,4,1,1,1
21,210414,1,2,1,16,8,15,41,12,2,1,0,21,1,76,705,76705,80,2009,JYAVM01E79A1,J,Y,A,V,M,0,1,E,7,9,A,1,0,M,YAMA,VS6,RS,9,17,,,,,,,649,0,0,000000000,00000000000,0,0,0,1,0,0,0,0,0,0,0,40,0,0,0,12,12,6,2,12,0,0,0,1,21,41301,6,1,0,0,3,0,66,170,0,0,0,0,0,0,0,0,0,0,0,0,0,0,1,2,25,2,6,2,1,0,0,14,10,1,1,2,50,1,0
21,210414,2,2,1,16,8,15,41,12,2,1,0,21,3,84,981,84981,50,2004,4DRBRAANX4A9,4,D,R,B,R,A,A,N,X,4,A,9,0,U,,,,4,17,,,,,,,,0,77,777777777,77777777777,3,21,22,1,0,0,0,0,1,0,0,10,0,0,0,12,12,2,1,12,0,0,0,1,21,41301,6,1,1,1,3,1,73,155,0,0,0,0,0,0,0,0,0,0,0,0,0,0,1,2,25,3,5,2,1,0,0,14,62,8,1,1,51,0,0
21,210415,1,1,1,16,8,17,49,8,0,1,0,21,1,37,441,37441,20,2003,5FNRL18513B0,5,F,N,R,L,1,8,5,1,3,B,0,0,P,HOND,UDY,SV,3,17,4299,,0,1181,,G,,0,0,000000000,00000000000,0,0,0,1,0,0,0,0,0,0,0,35,0,0,0,12,12,4,3,8,0,0,0,1,21,40291,6,1,0,0,3,0,64,140,0,0,0,0,0,0,0,0,0,0,0,0,0,0,1,2,35,1,4,2,1,0,0,1,80,9,1,1,13,0,0
21,210416,1,1,2,17,8,20,3,1,0,1,0,21,2,20,401,20401,14,1997,1GNDT13WXV22,1,G,N,D,T,1,3,W,X,V,2,2,0,P,CHEV,BZR,UT,97,17,4046,,0,1070,,G,,0,0,000000000,00000000000,0,0,0,1,0,0,0,0,0,0,0,998,0,1,5,0,0,6,2,1,0,0,0,1,21,40962,6,1,0,0,3,0,65,95,0,0,0,0,1,7,2009,7,2009,0,87,0,0,0,1,2,35,3,1,2,2,0,0,14,13,1,1,4,1,1,0
21,210417,1,2,1,8,8,9,45,12,2,1,0,21,2,20,481,20481,31,1992,1GCDC14K0NZ1,1,G,C,D,C,1,4,K,0,N,Z,1,0,T,CHEV,GC1,PK,92,17,,1,1315,1175,GM4,G,,0,0,000000000,00000000000,0,0,0,1,0,0,0,0,0,0,0,998,0,0,0,12,12,6,2,12,0,0,0,1,21,40165,6,1,0,0,3,0,61,100,0,0,0,0,0,0,0,0,0,0,0,0,0,0,1,2,55,1,2,2,1,40,3,1,10,1,1,2,50,0,0
21,210417,2,2,2,8,8,9,45,12,2,1,0,21,1,6,441,6441,20,2001,2C8GP64L71R2,2,C,8,G,P,6,4,L,7,1,R,2,0,P,CHRY,TWC,SV,1,17,4261,,0,1193,,G,,0,0,000000000,00000000000,0,0,0,1,0,0,0,0,0,0,0,998,0,1,5,12,12,6,2,42,0,0,0,1,21,40109,6,1,0,0,3,0,69,165,1,0,0,0,0,3,2009,3,2009,0,0,0,0,0,1,2,55,1,2,2,1,40,3,1,62,1,1,1,51,1,0
21,210418,1,1,1,8,8,16,27,42,0,1,0,21,1,72,706,72706,80,2001,1HD4CAM1X1K1,1,H,D,4,C,A,M,1,X,1,K,1,0,M,HD,X88,RS,1,17,,,,,,,883,0,0,000000000,00000000000,0,0,0,1,0,0,0,0,0,0,0,998,0,0,0,12,12,6,4,42,0,0,0,1,21,42642,6,1,0,0,3,1,67,160,0,0,0,0,0,0,0,0,0,0,0,0,0,0,1,2,55,3,2,2,1,0,0,14,13,6,1,4,1,1,0
21,210419,1,2,2,20,8,16,20,12,2,1,0,21,2,7,472,7472,30,1999,1B7GL22X5XS2,1,B,7,G,L,2,2,X,5,X,S,2,0,T,DODG,DAK,PC,99,17,,1,0,1309,DAK,G,,0,0,000000000,00000000000,0,0,0,1,0,0,0,0,0,0,0,998,0,0,0,12,12,6,2,12,0,0,0,1,21,40360,6,1,0,0,3,0,66,130,0,0,0,0,0,0,0,0,0,0,0,0,0,0,1,2,55,1,1,2,1,40,3,1,10,1,1,4,50,2,0
21,210419,2,2,1,20,8,16,20,12,2,1,0,21,2,20,461,20461,21,2008,1GBHG31K5811,1,G,B,H,G,3,1,K,5,8,1,1,0,T,CHEV,CT3,MY,8,17,,2,0,1500,ETV,G,,0,0,000000000,00000000000,0,0,0,1,0,0,0,0,0,0,0,998,0,0,0,12,12,6,2,12,0,0,0,1,21,41041,6,1,0,0,3,0,72,160,0,0,0,0,0,0,0,0,0,0,0,0,0,0,1,2,55,1,1,2,1,40,3,1,62,7,1,4,51,0,0