STATE,ST_CASE,VEH_NO,VE_FORMS,NUMOCCS,DAY,MONTH,HOUR,MINUTE,HARM_EV,MAN_COLL,UNITTYPE,HIT_RUN,REG_STAT,OWNER,MAKE,MODEL,MAK_MOD,BODY_TYP,MOD_YEAR,VIN,VIN_1,VIN_2,VIN_3,VIN_4,VIN_5,VIN_6,VIN_7,VIN_8,VIN_9,VIN_10,VIN_11,VIN_12,TOW_VEH,VINTYPE,VINMAKE,VINA_MOD,VIN_BT,VINMODYR,VIN_LNGT,VIN_WGT,WGTCD_TR,WHLBS_LG,WHLBS_SH,SER_TR,FUELCODE,MCYCL_DS,J_KNIFE,MCARR_I1,MCARR_I2,MCARR_ID,GVWR,V_CONFIG,CARGO_BT,HAZ_INV,HAZ_PLAC,HAZ_ID,HAZ_CNO,HAZ_REL,BUS_USE,SPEC_USE,EMER_USE,TRAV_SP,UNDERIDE,ROLLOVER,ROLINLOC,IMPACT1,IMPACT2,DEFORMED,TOWED,M_HARM,VEH_SC1,VEH_SC2,FIRE_EXP,DR_PRES,L_STATE,DR_ZIP,L_STATUS,L_TYPE,CDL_STAT,L_ENDORS,L_COMPL,L_RESTRI,DR_HGT,DR_WGT,PREV_ACC,PREV_SUS,PREV_DWI,PREV_SPD,PREV_OTH,FIRST_MO,FIRST_YR,LAST_MO,LAST_YR,SPEEDREL,DR_SF1,DR_SF2,DR_SF3,DR_SF4,VTRAFWAY,VNUM_LAN,VSPD_LIM,VALIGN,VPROFILE,VPAVETYP,VSURCOND,VTRAFCON,VTCONT_F,P_CRASH1,P_CRASH2,P_CRASH3,PCRASH4,PCRASH5,ACC_TYPE,DEATHS,DR_DRINK
21,210420,1,1,1,20,8,15,0,35,0,1,0,21,1,76,705,76705,80,2009,JYAVM01E09A1,J,Y,A,V,M,0,1,E,0,9,A,1,0,M,YAMA,VS6,RS,9,17,,,,,,,649,0,0,000000000,00000000000,0,0,0,1,0,0,0,0,0,0,0,998,0,0,0,12,12,6,2,35,0,0,0,1,21,42021,6,1,6,0,3,0,70,285,0,0,0,0,0,0,0,0,0,0,0,0,0,0,1,2,55,3,2,2,1,0,0,14,9,1,2,4,2,1,0
21,210421,1,3,1,6,8,9,55,12,7,1,0,21,1,53,40,53040,5,2009,JS2YB4175951,J,S,2,Y,B,4,1,7,5,9,5,1,0,P,SUZI,SXT,4H,9,17,2855,,0,984,,G,,0,0,000000000,00000000000,0,0,0,1,0,0,0,0,0,0,0,998,0,0,0,61,61,4,1,12,0,0,0,1,21,41042,6,1,0,0,3,0,63,140,1,0,0,0,0,7,2010,7,2010,0,0,0,0,0,1,4,45,1,1,2,1,0,0,15,10,1,1,2,45,0,0
21,210421,2,3,1,6,8,9,55,12,7,1,0,21,1,20,22,20022,2,2007,1G1AK15FX774,1,G,1,A,K,1,5,F,X,7,7,4,0,P,CHEV,BLS,CP,7,17,2991,,0,1033,,G,,0,0,000000000,00000000000,0,0,0,1,0,0,0,0,0,0,0,998,0,0,0,81,81,6,2,12,0,0,0,1,21,41018,6,1,0,0,3,0,69,175,0,0,0,1,0,12,2009,12,2009,0,0,0,0,0,1,4,45,1,1,2,1,0,0,1,61,6,1,2,44,1,0
21,210421,3,3,3,6,8,9,55,12,7,1,0,21,1,49,40,49040,4,2008,4T1BE46K28U2,4,T,1,B,E,4,6,K,2,8,U,2,0,P,TOYT,XSL,4D,8,17,3263,,0,1093,,G,,0,0,000000000,00000000000,0,0,0,1,0,0,0,0,0,0,0,998,0,0,0,12,12,6,2,12,0,0,0,1,21,41075,6,1,0,0,3,1,61,158,0,0,0,0,0,0,0,0,0,0,0,0,0,0,1,4,45,1,1,2,1,0,0,1,62,1,1,1,98,0,0
21,210422,1,1,1,21,8,6,25,35,0,1,0,21,2,12,471,12471,30,2007,1FTYR44UX7PA,1,F,T,Y,R,4,4,U,X,7,P,A,0,T,FORD,RNS,4C,7,17,,1,0,1260,RNG,G,,0,0,000000000,00000000000,0,0,0,1,0,0,0,0,0,0,0,998,0,1,5,61,61,6,2,35,0,0,0,1,21,42041,0,0,0,0,0,0,69,235,0,0,0,0,0,0,0,0,0,0,58,0,0,0,1,2,55,1,3,2,1,0,0,1,8,8,2,4,7,1,0
21,210423,1,1,1,21,8,12,43,1,0,1,0,54,2,22,16,22016,2,2000,1G2JB1245Y71,1,G,2,J,B,1,2,4,5,Y,7,1,0,P,PONT,SFS,CP,0,17,2606,,0,1041,,G,,0,0,000000000,00000000000,0,0,0,1,0,0,0,0,0,0,0,998,0,2,3,0,0,6,2,1,0,0,0,1,54,25304,6,1,0,0,3,0,70,145,0,0,0,0,0,0,0,0,0,0,87,0,0,0,3,4,70,2,2,2,2,40,3,14,12,1,1,4,6,1,0
21,210424,1,2,1,22,8,22,11,12,2,1,0,0,0,37,733,37733,90,1991,478TE1502MA3,4,7,8,T,E,1,5,0,2,M,A,3,0,M,HOND,T3F,AT,91,17,,,,,,,300,0,0,000000000,00000000000,0,0,0,1,0,0,0,0,0,0,0,998,0,1,5,12,12,6,2,12,0,0,0,1,21,40906,2,1,0,0,2,0,69,129,0,2,0,0,1,3,2009,6,2009,0,23,0,0,0,1,2,55,1,6,2,1,0,0,1,54,6,1,1,52,0,0
21,210424,2,2,2,22,8,22,11,12,2,1,0,0,0,37,739,37739,90,1985,999999999999,9,9,9,9,9,9,9,9,9,9,9,9,0,U,,,,9,17,,,,,,,,0,0,000000000,00000000000,0,0,0,1,0,0,0,0,0,0,0,998,0,0,0,12,12,6,2,12,0,0,0,1,21,40923,0,0,0,0,0,0,69,150,0,0,0,0,0,0,0,0,0,0,23,0,0,0,1,2,55,1,1,2,1,0,0,1,54,7,1,1,52,1,0
21,210425,1,4,0,25,8,0,49,12,2,1,0,39,6,6,41,6041,4,2003,2C3AD36M33H5,2,C,3,A,D,3,6,M,3,3,H,5,0,P,CHRY,CIX,4D,3,17,3392,,0,1130,,G,,0,0,000000000,00000000000,0,0,0,1,0,0,0,0,0,0,0,0,0,0,0,12,12,6,2,12,0,0,0,0,,,,,,,,,999,,,,,,,,,,,,0,0,0,0,3,4,70,1,1,2,1,40,3,0,54,0,0,0,52,0,0
21,210425,2,4,2,25,8,0,49,12,2,1,0,4,2,55,36,55036,3,2010,KMHCM3AC9AU1,K,M,H,C,M,3,A,C,9,A,U,1,0,P,HYUN,ACB,2H,10,17,2467,,0,984,,G,,0,0,000000000,00000000000,0,0,0,1,0,0,0,0,0,0,0,998,1,0,0,12,12,6,2,8,0,0,0,1,4,85249,6,1,0,0,3,1,70,120,0,1,0,1,1,4,2009,8,2010,0,84,0,0,0,3,4,70,1,1,2,1,40,3,1,50,3,2,1,52,0,0
21,210425,3,4,1,25,8,0,49,12,2,1,1,99,9,99,999,99999,99,9999,999999999999,9,9,9,9,9,9,9,9,9,9,9,9,9,U,,,,9,17,,,,,,,,0,99,999999999,99999999999,9,99,99,1,0,0,0,0,99,99,9,999,0,0,0,12,12,9,1,12,99,99,0,1,99,99999,9,9,99,9,9,9,999,999,99,99,99,99,99,99,9999,99,9999,9,99,99,99,99,3,4,70,1,1,2,1,40,3,1,51,99,1,1,98,0,0
21,210425,4,4,1,25,8,0,49,12,2,1,0,21,2,24,1,24001,4,2000,1G8ZK5272YZ1,1,G,8,Z,K,5,2,7,2,Y,Z,1,0,P,STRN,SL2,4D,0,17,2425,,0,1024,,G,,0,0,000000000,00000000000,0,0,0,1,0,0,0,0,0,0,0,998,0,0,0,12,12,2,1,12,0,0,0,1,21,40514,6,1,0,0,3,0,67,150,1,0,0,0,0,6,2010,6,2010,0,84,0,0,0,3,4,70,1,1,2,1,40,3,17,80,8,1,2,98,0,0
21,210426,1,3,3,25,8,0,35,12,8,1,0,21,2,7,880,7880,67,1998,1B7MF33D7WJ1,1,B,7,M,F,3,3,D,7,W,J,1,0,T,DODG,Q35,4C,98,17,,3,0,1547,RPC,D,,0,88,888888888,88888888888,2,1,97,1,0,0,0,0,0,0,0,998,0,0,0,11,12,4,3,8,0,0,0,1,21,41045,6,1,0,0,3,0,70,130,1,1,0,2,0,6,2008,12,2008,0,84,0,0,0,1,2,55,1,1,2,1,0,0,1,50,1,1,1,66,0,1
21,210426,2,3,0,25,8,0,35,12,8,1,0,21,6,12,880,12880,67,1999,1FTWW32F4XEE,1,F,T,W,W,3,2,F,4,X,E,E,0,T,FORD,F3D,CW,99,17,,3,1720,1560,DRW,D,,0,88,888888888,88888888888,2,1,97,1,0,0,0,0,0,0,0,0,0,0,0,11,11,2,4,12,0,0,0,0,,,,,,,,,999,,,,,,,,,,,,0,0,0,0,1,2,55,1,1,2,1,0,0,0,54,0,0,0,66,0,0
21,210426,3,3,0,25,8,0,35,12,8,1,0,21,6,21,21,21021,4,2002,1G3NK52F02C1,1,G,3,N,K,5,2,F,0,2,C,1,0,P,OLDS,AGX,4D,2,17,3021,,0,1070,,G,,0,0,000000000,00000000000,0,0,0,1,0,0,0,0,0,0,0,0,0,0,0,6,6,4,3,12,0,0,0,0,,,,,,,,,999,,,,,,,,,,,,0,0,0,0,1,2,55,1,1,2,1,0,0,0,54,0,0,0,98,0,0
21,210427,1,2,1,25,8,10,43,12,6,1,0,21,1,21,441,21441,20,2002,1GHDX13E32D1,1,G,H,D,X,1,3,E,3,2,D,1,0,T,OLDS,LUX,ES,2,17,,1,0,1200,SIL,G,,0,0,000000000,00000000000,0,0,0,1,0,0,0,0,0,0,0,30,0,0,0,8,8,6,2,12,0,0,0,1,21,40211,6,1,0,0,3,1,74,250,0,0,0,0,0,0,0,0,0,0,39,0,0,0,1,2,35,1,1,2,1,20,3,1,17,1,1,1,89,0,0
21,210427,2,2,2,25,8,10,43,12,6,1,0,21,2,7,41,7041,4,1996,2B3HD46T2TH2,2,B,3,H,D,4,6,T,2,T,H,2,0,P,DODG,INT,4D,96,17,3311,,0,1130,,G,,0,0,000000000,00000000000,0,0,0,1,0,0,0,0,0,0,0,35,0,0,0,12,12,6,2,12,0,0,0,1,21,40212,1,1,0,0,2,0,74,228,0,0,0,0,0,0,0,0,0,0,0,0,0,0,1,2,35,1,1,2,1,0,0,1,66,1,1,1,88,0,0
21,210428,1,2,1,25,8,22,1,8,0,1,0,37,1,49,44,49044,2,2008,4T1FA38P48U1,4,T,1,F,A,3,8,P,4,8,U,1,0,P,TOYT,CES,CV,8,17,3615,,0,1071,,G,,0,0,000000000,00000000000,0,0,0,1,0,0,0,0,0,0,0,998,0,0,0,12,12,2,3,8,0,0,0,1,37,28078,6,1,0,0,3,1,72,999,0,0,0,0,0,0,0,0,0,0,0,0,0,0,1,2,55,1,1,2,1,0,0,1,80,2,1,1,13,0,0
21,210428,2,2,1,25,8,22,1,8,0,1,0,21,2,22,18,22018,4,2001,1G2NW52E01C2,1,G,2,N,W,5,2,E,0,1,C,2,0,P,PONT,GAG,4D,1,17,3168,,0,1070,,G,,0,0,000000000,00000000000,0,0,0,1,0,0,0,0,0,0,0,998,0,0,0,14,14,2,1,8,0,0,0,1,21,41501,6,1,0,0,3,1,69,145,0,0,0,0,0,0,0,0,0,0,0,0,0,0,1,2,55,1,1,2,1,0,0,1,80,8,1,1,98,0,0
21,210429,1,2,2,26,8,7,36,12,8,1,0,21,2,49,471,49471,30,1989,JT4VN01D6K60,J,T,4,V,N,0,1,D,6,K,6,0,0,T,TOYT,SWD,PK,89,17,,1,0,1030,HTP,G,,0,0,000000000,00000000000,0,0,0,1,0,0,0,0,0,0,0,998,0,1,1,61,61,6,2,12,0,0,0,1,21,42081,6,7,0,0,3,2,70,160,0,0,0,0,0,0,0,0,0,0,73,0,0,0,1,2,55,3,2,2,1,0,0,14,10,1,1,2,64,1,0
21,210429,2,2,1,26,8,7,36,12,8,1,0,21,3,12,881,12881,61,2003,1FDWF36P73EC,1,F,D,W,F,3,6,P,7,3,E,C,0,T,FORD,F3D,CB,3,17,,3,1650,1410,DRW,D,,0,57,00087929,5700087929,2,1,10,1,0,0,0,0,0,0,0,998,0,0,0,61,61,6,2,12,0,0,0,1,21,42003,6,1,0,0,2,1,68,180,0,0,0,0,0,0,0,0,0,0,92,0,0,0,1,2,55,3,2,2,1,0,0,14,62,1,1,1,65,0,0
21,210430,1,1,1,26,8,21,12,35,0,1,0,21,1,12,481,12481,31,2000,1FTNX21L6YEC,1,F,T,N,X,2,1,L,6,Y,E,C,0,T,FORD,F2S,4C,0,17,,2,1580,1418,SRW,G,,0,0,000000000,00000000000,0,0,0,1,0,0,0,0,0,0,0,55,0,1,5,98,98,6,2,1,0,0,0,1,21,40071,6,1,6,0,3,0,72,265,0,0,0,0,0,0,0,0,0,0,58,0,0,0,1,2,55,2,2,2,1,0,0,14,12,9,1,4,6,1,0
21,210431,1,1,1,26,8,22,15,8,0,1,0,39,1,87,881,87881,66,1998,1XP5DB9X3WN4,1,X,P,5,D,B,9,X,3,W,N,4,1,T,PTRB,379,DS,98,17,,8,0,0,CON,D,,1,57,00223943,5700223943,3,6,8,1,0,0,0,0,0,0,0,67,0,0,0,2,2,2,1,8,0,0,0,1,39,43543,6,1,6,0,3,1,75,250,0,0,0,0,0,0,0,0,0,0,0,0,0,0,2,3,70,1,2,2,1,0,0,1,80,6,1,2,13,0,0
21,210432,1,1,1,18,8,3,15,1,0,1,0,21,2,23,471,23471,30,1988,1GTCT19R1J85,1,G,T,C,T,1,9,R,1,J,8,5,0,T,GMC,S10,PC,88,17,,1,0,1229,S,G,,0,0,000000000,00000000000,0,0,0,1,0,0,0,0,0,0,0,65,0,1,5,0,0,6,2,1,0,0,0,1,21,41007,6,1,0,0,3,0,67,177,1,0,0,0,1,6,2008,8,2009,1,58,0,0,0,1,2,55,3,2,2,1,0,0,14,13,8,1,4,1,1,1
21,210433,1,1,2,14,8,21,11,10,0,1,0,39,1,37,32,37032,4,2003,1HGCM56303A0,1,H,G,C,M,5,6,3,0,3,A,0,0,P,HOND,ULX,4D,3,17,3053,,0,1079,,G,,0,0,000000000,00000000000,0,0,0,1,0,0,0,0,0,0,0,20,0,0,0,83,83,6,2,10,0,0,0,1,39,45239,6,1,0,0,3,0,71,170,0,0,0,0,0,0,0,0,0,0,0,0,0,0,1,2,55,1,2,1,2,65,3,1,98,1,1,1,98,1,1
21,210434,1,2,1,28,8,7,5,12,6,1,0,21,1,20,473,20473,30,2007,1GCCS149X781,1,G,C,C,S,1,4,9,X,7,8,1,0,T,CHEV,RDO,PK,7,17,,1,0,1113,CAL,G,,0,0,000000000,00000000000,0,0,0,1,0,0,0,0,0,0,0,998,0,0,0,12,12,6,2,12,0,0,0,1,21,40828,6,1,0,0,3,0,65,118,1,0,0,0,0,2,2008,2,2008,0,0,0,0,0,1,2,55,1,1,2,1,0,0,1,10,1,1,2,64,1,0
21,210434,2,2,1,28,8,7,5,12,6,1,0,51,3,84,881,84881,66,2009,3HSCHAPT99N0,3,H,S,C,H,A,P,T,9,9,N,0,1,T,INTL,99I,DS,9,17,,8,0,0,990,D,,1,57,00085605,5700085605,3,6,4,1,0,0,0,0,0,0,0,998,0,0,0,7,7,2,1,12,0,0,0,1,21,40854,6,1,6,0,3,1,68,245,0,0,0,0,0,0,0,0,0,0,0,0,0,0,1,2,55,1,1,2,1,0,0,1,62,9,1,1,65,0,0
21,210435,1,2,3,28,8,12,35,12,6,1,0,18,1,2,405,2405,14,2008,1J8GN28K78W1,1,J,8,G,N,2,8,K,7,8,W,1,0,T,JEEP,SPR,4W,8,17,,1,0,1061,LIB,G,1340,0,0,000000000,00000000000,0,0,0,1,0,0,0,0,0,0,0,50,0,0,0,5,5,4,3,12,0,0,0,1,18,46142,6,1,6,1,3,1,74,185,0,0,0,0,0,0,0,0,0,0,38,0,0,0,1,2,35,3,3,2,1,40,3,11,15,10,1,2,68,0,0
21,210435,2,2,1,28,8,12,35,12,6,1,0,21,1,76,709,76709,80,2009,JYARN23EX9A0,J,Y,A,R,N,2,3,E,X,9,A,0,0,M,YAMA,YFR,RC,9,17,,,,,,,998,0,0,000000000,00000000000,0,0,0,1,0,0,0,0,0,0,0,50,0,0,0,12,12,4,3,12,0,0,0,1,21,41005,6,1,0,0,3,0,69,145,0,0,0,0,0,0,0,0,0,1,0,0,0,0,1,2,35,2,3,2,1,40,3,14,62,3,2,1,69,1,0
21,210436,1,1,1,28,8,20,1,42,0,1,0,21,1,12,481,12481,31,1996,1FTEF14N1TLA,1,F,T,E,F,1,4,N,1,T,L,A,0,T,FORD,F15,PK,96,17,,2,1330,1170,COF,G,,0,0,000000000,00000000000,0,0,0,1,0,0,0,0,0,0,0,60,0,1,5,12,12,6,2,42,0,0,0,1,21,40299,6,1,0,0,3,0,69,160,0,0,0,0,0,0,0,0,0,1,0,0,0,0,1,2,35,1,1,2,1,0,0,1,6,6,2,4,2,1,1
21,210437,1,1,1,28,8,21,13,8,0,1,0,21,2,20,36,20036,2,1995,2G1WW12M5S93,2,G,1,W,W,1,2,M,5,S,9,3,0,P,CHEV,MLS,CP,95,17,3276,,0,1075,,G,,0,0,000000000,00000000000,0,0,0,1,0,0,0,0,0,0,0,998,0,0,0,12,12,4,3,8,0,0,0,1,21,41332,6,1,0,0,3,0,67,129,1,0,0,0,1,10,2008,10,2009,0,0,0,0,0,1,2,55,1,1,1,1,0,0,1,80,3,2,1,13,0,0
21,210438,1,1,2,26,8,2,55,31,0,1,0,21,2,6,43,6043,4,2004,1C3EL56R44N2,1,C,3,E,L,5,6,R,4,4,N,2,0,P,CHRY,SLI,4D,4,17,3167,,0,1080,,G,,0,0,000000000,00000000000,0,0,0,1,0,0,0,0,0,0,0,998,0,0,0,6,6,6,2,31,0,0,0,1,21,41005,1,1,0,0,2,0,70,999,0,13,0,1,0,8,2007,8,2010,1,37,0,0,0,3,3,55,4,2,1,1,0,0,14,6,3,1,4,1,1,1
21,210439,1,2,3,30,8,20,49,12,2,1,0,51,2,48,37,48037,2,1994,JF1CX3236RK1,J,F,1,C,X,3,2,3,6,R,K,1,0,P,SUBA,XLE,CP,94,17,0,,0,1028,,G,,0,0,000000000,00000000000,0,0,0,1,0,0,0,0,0,0,0,998,0,0,0,12,12,6,2,12,0,0,0,1,51,24279,1,1,0,0,2,0,70,180,0,0,0,0,0,0,0,0,0,0,0,0,0,0,1,4,55,4,2,2,1,0,0,14,10,1,1,2,50,1,1
21,210439,2,2,2,30,8,20,49,12,2,1,0,21,2,20,16,20016,4,2000,1G1JC524XY72,1,G,1,J,C,5,2,4,X,Y,7,2,0,P,CHEV,CAV,4D,0,17,2676,,0,1041,,G,,0,0,000000000,00000000000,0,0,0,1,0,0,0,0,0,0,0,998,0,0,0,12,12,6,2,12,0,0,0,1,21,41858,6,1,0,0,3,0,70,160,0,0,0,0,0,0,0,0,0,0,0,0,0,0,1,4,55,4,2,2,1,0,0,14,62,2,1,1,51,1,0
21,210440,1,1,1,30,8,21,52,42,0,1,0,21,1,7,41,7041,4,1995,2B3HD46F6SH6,2,B,3,H,D,4,6,F,6,S,H,6,0,P,DODG,INT,4D,95,17,3219,,0,1130,,G,,0,0,000000000,00000000000,0,0,0,1,0,0,0,0,0,0,0,998,0,0,0,12,12,6,2,42,0,0,0,1,21,41539,6,1,0,0,3,0,62,110,0,0,0,0,0,0,0,0,0,0,53,0,0,0,1,2,55,4,2,2,1,0,0,14,13,1,1,4,1,1,0
21,210441,1,2,1,28,8,3,22,12,1,1,0,39,3,86,881,86881,63,2005,1M2AG11C65M0,1,M,2,A,G,1,1,C,6,5,M,0,0,T,MACK,CV7,TM,5,17,,8,0,0,700,D,,0,57,0030912,570030912,3,2,7,1,0,0,0,0,0,0,0,50,0,0,0,12,12,6,2,12,0,0,0,1,39,45121,6,1,6,0,3,0,72,285,0,0,0,0,1,8,2010,8,2010,1,26,0,0,0,5,4,45,1,2,2,1,3,3,1,50,1,1,1,20,0,0
21,210441,2,2,1,28,8,3,22,12,1,1,0,21,1,49,40,49040,4,1998,4T1BG22K5WU2,4,T,1,B,G,2,2,K,5,W,U,2,0,P,TOYT,CXL,4D,98,17,2998,,0,1051,,G,,0,0,000000000,00000000000,0,0,0,1,0,0,0,0,0,0,0,0,0,0,0,6,6,6,2,12,0,0,0,1,21,41075,6,1,0,0,3,1,75,280,1,0,0,0,0,4,2010,4,2010,0,0,0,0,0,5,4,45,1,2,2,1,3,3,5,53,1,1,1,21,1,0
21,210442,1,1,4,5,8,13,12,1,0,1,0,21,2,20,471,20471,30,1998,1GCCS1441WK1,1,G,C,C,S,1,4,4,1,W,K,1,0,T,CHEV,S14,PK,98,17,,1,1179,1083,S,G,,0,0,000000000,00000000000,0,0,0,1,0,0,0,0,0,0,0,998,0,2,5,0,0,6,2,1,0,0,0,1,21,42167,6,1,0,0,3,0,68,171,0,0,0,0,0,0,0,0,0,0,0,0,0,0,1,2,55,3,2,2,1,40,3,14,9,1,2,4,7,1,0
21,210443,1,1,1,17,8,16,53,35,0,1,0,21,1,37,706,37706,80,2007,1HFSC52077A4,1,H,F,S,C,5,2,0,7,7,A,4,0,M,HOND,13S,RS,7,17,,,,,,,1312,0,0,000000000,00000000000,0,0,0,1,0,0,0,0,0,0,0,998,0,0,0,81,81,2,3,35,0,0,0,1,21,40383,6,1,0,0,3,0,62,165,0,0,0,0,0,0,0,0,0,0,85,0,0,0,1,2,50,3,2,2,1,0,0,14,62,7,2,4,2,1,1
21,210444,1,1,1,25,8,12,0,24,0,1,0,21,1,20,471,20471,30,1998,1GCCS1444WK1,1,G,C,C,S,1,4,4,4,W,K,1,0,T,CHEV,S14,PK,98,17,,1,1179,1083,S,G,,0,0,000000000,00000000000,0,0,0,1,0,0,0,0,0,0,0,998,0,0,0,12,12,6,2,24,0,0,0,1,21,40360,6,1,0,0,3,0,74,175,2,1,0,0,1,10,2007,6,2009,0,0,0,0,0,1,2,55,3,1,2,1,0,0,14,8,1,2,4,2,1,0
21,210445,1,1,1,6,8,2,5,42,0,1,0,21,2,12,422,12422,15,1999,1FMPU18L8XLC,1,F,M,P,U,1,8,L,8,X,L,C,0,P,FORD,EPT,UT,99,17,5177,,0,1191,,G,,0,0,000000000,00000000000,0,0,0,1,0,0,0,0,0,0,0,998,0,0,0,12,12,6,2,42,0,0,0,1,21,40486,0,0,0,0,0,0,999,999,0,0,0,0,0,0,0,0,0,0,0,0,0,0,1,2,55,1,1,2,1,0,0,1,9,1,2,4,7,1,0
21,210446,1,1,2,23,8,20,55,1,0,1,0,21,2,37,402,37402,14,2003,SHSRD78893U1,S,H,S,R,D,7,8,8,9,3,U,1,0,P,HOND,CRV,UT,3,17,3287,,0,1031,,G,,0,0,000000000,00000000000,0,0,0,1,0,0,0,0,0,0,0,998,0,2,3,0,0,6,2,1,0,0,0,1,21,40701,6,1,0,0,3,0,65,132,1,1,1,0,0,11,2009,12,2009,0,58,0,0,0,2,2,70,1,1,2,1,0,0,1,12,6,1,4,6,1,0
21,210447,1,1,1,11,8,11,13,10,0,1,0,21,3,12,481,12481,31,2007,1FTNF20517EB,1,F,T,N,F,2,0,5,1,7,E,B,0,T,FORD,F2S,PK,7,17,,2,0,1370,SRW,G,,0,0,000000000,00000000000,0,0,0,1,0,0,0,0,0,0,0,20,0,0,0,11,11,6,2,10,0,0,0,1,21,42728,6,1,0,0,3,1,63,115,0,0,0,1,0,4,2008,4,2008,0,39,0,0,0,1,2,35,1,1,2,1,65,3,1,98,1,1,1,98,1,0
21,210448,1,2,1,24,8,6,37,12,2,1,0,21,1,73,706,73706,80,2001,JKAZR9A181A0,J,K,A,Z,R,9,A,1,8,1,A,0,0,M,KAWK,ZRA,RS,1,17,,,,,,,1200,0,0,000000000,00000000000,0,0,0,1,0,0,0,0,0,0,0,998,0,0,0,12,12,6,2,12,0,0,0,1,21,42501,6,1,0,0,3,0,72,230,1,0,0,0,0,11,2009,11,2009,1,33,0,0,0,1,2,55,2,2,2,1,40,3,14,10,1,1,2,50,1,0
21,210448,2,2,1,24,8,6,37,12,2,1,0,21,1,49,472,49472,30,2003,5TEWM72N73Z2,5,T,E,W,M,7,2,N,7,3,Z,2,0,T,TOYT,XTR,PC,3,17,,1,0,1219,TAC,G,,0,0,000000000,00000000000,0,0,0,1,0,0,0,0,0,0,0,998,0,0,0,12,12,6,2,12,0,0,0,1,21,40701,6,1,0,0,3,0,70,145,0,0,0,0,0,0,0,0,0,0,0,0,0,0,1,2,55,3,2,2,1,40,3,14,62,7,1,1,51,0,0
21,210449,1,2,4,3,8,19,23,12,6,1,0,21,2,22,20,22020,4,2001,1G2WK52J41F1,1,G,2,W,K,5,2,J,4,1,F,1,0,P,PONT,GFS,4D,1,17,3384,,0,1105,,G,,0,0,000000000,00000000000,0,0,0,1,0,0,0,0,0,0,0,50,0,0,0,12,12,6,2,12,0,0,0,1,21,42754,6,7,0,0,3,0,65,130,0,0,0,0,0,0,0,0,0,0,39,0,0,0,2,2,55,1,1,2,1,1,3,1,66,3,2,1,86,0,0
21,210449,2,2,2,3,8,19,23,12,6,1,0,21,2,20,16,20016,4,2005,1G1JC52F8571,1,G,1,J,C,5,2,F,8,5,7,1,0,P,CHEV,CAV,4D,5,17,2676,,0,1041,,G,,0,0,000000000,00000000000,0,0,0,1,0,0,0,0,0,0,0,15,0,0,0,3,3,6,2,12,0,0,0,1,21,42701,6,1,0,0,3,1,67,110,0,0,0,0,0,0,0,0,0,0,0,0,0,0,2,2,99,1,1,2,1,1,3,1,17,1,1,1,87,1,0
21,210450,1,2,1,13,8,7,15,12,7,1,0,39,3,82,883,82883,66,2003,1FUJA6CG43LK,1,F,U,J,A,6,C,G,4,3,L,K,1,T,FRHT,COL,DS,3,17,,8,0,0,CON,D,,1,57,00350455,5700350455,3,6,3,1,0,0,0,0,0,0,0,998,0,0,0,1,1,2,1,12,0,0,0,1,39,45891,6,1,6,0,3,0,70,210,0,1,0,0,1,9,2008,5,2010,0,38,0,0,0,2,3,70,1,1,2,1,0,0,15,11,1,1,2,46,0,0
21,210450,2,2,2,13,8,7,15,12,7,1,0,48,1,20,4,20004,2,2010,1G1YW2DW2A51,1,G,1,Y,W,2,D,W,2,A,5,1,0,P,CHEV,CGS,CP,10,17,3311,,0,1057,,G,,0,0,000000000,00000000000,0,0,0,1,0,0,0,0,0,0,0,998,0,1,5,8,5,6,2,24,0,0,0,1,48,75703,6,1,0,0,3,0,999,999,0,0,0,0,0,0,0,0,0,0,0,0,0,0,2,3,70,1,1,2,1,0,0,1,60,1,1,1,45,1,0
21,210451,1,2,1,25,8,15,46,12,2,1,0,21,1,7,442,7442,20,1999,2B4GP45GXXR3,2,B,4,G,P,4,5,G,X,X,R,3,0,P,DODG,CAR,SV,99,17,3768,,0,1133,,F,,0,0,000000000,00000000000,0,0,0,1,0,0,0,0,0,0,0,55,0,0,0,12,12,6,2,12,0,0,0,1,21,40004,6,1,0,0,3,0,66,157,0,1,1,0,1,3,2009,4,2010,0,0,0,0,0,1,2,55,1,1,2,1,0,0,1,10,1,1,2,50,0,0
21,210451,2,2,1,25,8,15,46,12,2,1,0,21,1,12,402,12402,14,2006,1FMYU03ZX6KC,1,F,M,Y,U,0,3,Z,X,6,K,C,0,P,FORD,SPE,UT,6,17,3300,,0,1031,,G,,0,0,000000000,00000000000,0,0,0,1,0,0,0,0,0,0,0,55,0,0,0,12,12,6,2,12,0,0,0,1,21,40013,6,1,0,0,3,0,65,210,0,0,0,0,0,0,0,0,0,0,0,0,0,0,1,2,55,1,1,2,1,0,0,1,62,1,1,1,51,1,0
21,210452,1,1,2,1,9,15,15,42,0,1,0,21,1,55,35,55035,4,2001,KMHDN45D61U1,K,M,H,D,N,4,5,D,6,1,U,1,0,P,HYUN,EST,4D,1,17,2635,,0,1027,,G,,0,0,000000000,00000000000,0,0,0,1,0,0,0,0,0,0,0,55,0,0,0,3,3,6,2,42,0,0,0,1,21,42164,6,7,0,0,2,0,64,131,0,0,0,0,0,0,0,0,0,1,0,0,0,0,1,2,55,2,2,2,1,0,0,14,6,1,2,4,7,1,0