STATE,ST_CASE,VEH_NO,VE_FORMS,NUMOCCS,DAY,MONTH,HOUR,MINUTE,HARM_EV,MAN_COLL,UNITTYPE,HIT_RUN,REG_STAT,OWNER,MAKE,MODEL,MAK_MOD,BODY_TYP,MOD_YEAR,VIN,VIN_1,VIN_2,VIN_3,VIN_4,VIN_5,VIN_6,VIN_7,VIN_8,VIN_9,VIN_10,VIN_11,VIN_12,TOW_VEH,VINTYPE,VINMAKE,VINA_MOD,VIN_BT,VINMODYR,VIN_LNGT,VIN_WGT,WGTCD_TR,WHLBS_LG,WHLBS_SH,SER_TR,FUELCODE,MCYCL_DS,J_KNIFE,MCARR_I1,MCARR_I2,MCARR_ID,GVWR,V_CONFIG,CARGO_BT,HAZ_INV,HAZ_PLAC,HAZ_ID,HAZ_CNO,HAZ_REL,BUS_USE,SPEC_USE,EMER_USE,TRAV_SP,UNDERIDE,ROLLOVER,ROLINLOC,IMPACT1,IMPACT2,DEFORMED,TOWED,M_HARM,VEH_SC1,VEH_SC2,FIRE_EXP,DR_PRES,L_STATE,DR_ZIP,L_STATUS,L_TYPE,CDL_STAT,L_ENDORS,L_COMPL,L_RESTRI,DR_HGT,DR_WGT,PREV_ACC,PREV_SUS,PREV_DWI,PREV_SPD,PREV_OTH,FIRST_MO,FIRST_YR,LAST_MO,LAST_YR,SPEEDREL,DR_SF1,DR_SF2,DR_SF3,DR_SF4,VTRAFWAY,VNUM_LAN,VSPD_LIM,VALIGN,VPROFILE,VPAVETYP,VSURCOND,VTRAFCON,VTCONT_F,P_CRASH1,P_CRASH2,P_CRASH3,PCRASH4,PCRASH5,ACC_TYPE,DEATHS,DR_DRINK
21,210625,2,2,1,24,11,1,11,12,2,1,0,21,1,23,471,23471,30,1998,1GKDT13WXW25,1,G,K,D,T,1,3,W,X,W,2,5,0,T,GMC,JMY,4W,98,17,,1,0,1070,JMY,G,,0,0,000000000,00000000000,0,0,0,1,0,0,0,0,0,0,0,998,0,0,0,12,12,6,2,12,0,0,0,1,21,41030,6,1,0,0,3,0,59,120,0,0,0,0,0,0,0,0,0,0,0,0,0,0,1,2,55,1,1,2,1,0,0,1,62,1,1,1,51,0,0
21,210626,1,1,1,24,11,22,25,42,0,1,0,21,2,20,22,20022,2,2006,1G1AL15FX676,1,G,1,A,L,1,5,F,X,6,7,6,0,P,CHEV,BLT,CP,6,17,2991,,0,1033,,G,,0,0,000000000,00000000000,0,0,0,1,0,0,0,0,0,0,0,55,0,0,0,81,81,6,2,42,0,0,0,1,21,42348,6,1,0,0,3,0,63,125,1,0,0,0,0,8,2009,8,2009,0,87,0,0,0,1,2,55,2,2,2,2,0,0,14,12,9,3,4,7,1,0
21,210627,1,1,1,3,11,8,44,34,0,1,0,21,1,20,37,20037,4,1999,1G1NE52J4X61,1,G,1,N,E,5,2,J,4,X,6,1,0,P,CHEV,M/L,4D,99,17,3077,,0,1070,,G,,0,0,000000000,00000000000,0,0,0,1,0,0,0,0,0,0,0,998,0,0,0,6,12,6,2,42,0,0,0,1,21,41102,6,1,0,0,3,0,74,210,0,0,0,0,0,0,0,0,0,0,0,0,0,0,1,2,55,3,1,2,1,0,0,14,87,7,1,4,3,1,0
21,210628,1,1,2,25,11,2,50,42,0,1,0,21,1,7,482,7482,31,1995,3B7HC13Z8SM1,3,B,7,H,C,1,3,Z,8,S,M,1,0,T,DODG,150,PC,95,17,,2,1547,1387,RPC,G,,0,0,000000000,00000000000,0,0,0,1,0,0,0,0,0,0,0,55,0,0,0,2,2,6,2,42,0,0,0,1,21,42240,6,1,0,0,3,0,71,175,0,0,0,0,0,0,0,0,0,0,58,0,0,0,1,2,40,2,2,2,1,40,3,14,13,9,3,4,2,1,1
21,210629,1,1,4,25,11,20,29,1,0,1,0,24,2,55,37,55037,2,2001,KMHJG25F41U2,K,M,H,J,G,2,5,F,4,1,U,2,0,P,HYUN,TIB,CP,1,17,2633,,0,974,,G,,0,0,000000000,00000000000,0,0,0,1,0,0,0,0,0,0,0,998,0,2,5,0,0,6,2,1,0,0,0,1,24,21001,6,1,0,0,3,0,999,999,0,0,0,0,0,0,0,0,0,0,87,0,0,0,1,2,55,1,2,2,2,0,0,1,8,1,2,4,2,1,1
21,210630,1,1,1,26,11,11,43,42,0,1,0,21,2,49,32,49032,4,1994,1NXAE04B5RZ2,1,N,X,A,E,0,4,B,5,R,Z,2,0,P,TOYT,COA,4D,94,17,2359,,0,970,,G,,0,0,000000000,00000000000,0,0,0,1,0,0,0,0,0,0,0,55,0,1,5,12,12,6,2,1,0,0,0,1,21,40003,0,0,0,0,0,0,999,999,0,0,0,0,0,0,0,0,0,0,58,0,0,0,1,2,55,1,2,2,1,0,0,1,13,7,1,4,1,1,0
21,210631,1,2,2,25,11,16,29,12,8,1,0,21,1,20,403,20403,14,2005,1GNDT13S6521,1,G,N,D,T,1,3,S,6,5,2,1,0,P,CHEV,TRL,UT,5,17,4612,,0,1130,,G,,0,0,000000000,00000000000,0,0,0,1,0,0,0,0,0,0,0,998,0,1,1,81,81,6,2,12,0,0,0,1,21,40010,6,1,0,0,3,0,75,215,1,0,0,1,0,7,2008,3,2009,0,0,0,0,0,2,4,70,1,2,2,2,0,0,15,8,6,2,7,64,0,1
21,210631,2,2,2,25,11,16,29,12,8,1,0,21,2,35,47,35047,4,2000,1N4DL01D5YC1,1,N,4,D,L,0,1,D,5,Y,C,1,0,P,NISS,AGS,4D,0,17,2754,,0,1031,,G,,0,0,000000000,00000000000,0,0,0,1,0,0,0,0,0,0,0,998,0,0,0,61,61,6,2,12,0,0,0,1,21,40220,6,1,0,0,3,0,68,143,0,0,0,0,0,0,0,0,0,0,0,0,0,0,2,4,70,1,2,2,2,0,0,1,64,1,1,1,65,2,0
21,210632,1,1,2,27,11,20,21,35,0,1,0,21,1,20,481,20481,31,1971,CS141A631340,C,S,1,4,1,A,6,3,1,3,4,0,0,P,,,,,,,,,,,,,0,0,000000000,00000000000,0,0,0,1,0,0,0,0,0,0,0,69,0,0,0,12,12,6,2,35,0,0,0,1,21,42025,6,1,0,0,3,0,69,190,0,0,0,0,0,0,0,0,0,0,91,0,0,0,1,2,55,3,3,2,1,40,3,14,13,1,7,4,1,1,1
21,210633,1,2,1,28,11,16,15,12,6,1,0,49,1,20,403,20403,14,2008,1GNDT13S0821,1,G,N,D,T,1,3,S,0,8,2,1,0,P,CHEV,TRL,UT,8,17,4523,,0,1130,,G,,0,0,000000000,00000000000,0,0,0,1,0,0,0,0,0,0,0,40,0,0,0,12,12,6,2,12,0,0,0,1,49,84022,6,1,0,0,3,0,71,260,98,0,0,1,1,1,2010,4,2010,0,0,0,0,0,5,2,55,1,1,2,1,20,3,11,15,1,1,2,68,0,0
21,210633,2,2,2,28,11,16,15,12,6,1,0,21,1,20,16,20016,4,1999,1G1JC5248X71,1,G,1,J,C,5,2,4,8,X,7,1,0,P,CHEV,CAV,4D,99,17,2676,,0,1041,,G,,0,0,000000000,00000000000,0,0,0,1,0,0,0,0,0,0,0,55,0,0,0,10,10,6,2,12,0,0,0,1,21,42220,6,1,0,0,3,0,72,185,0,0,0,0,0,0,0,0,0,0,0,0,0,0,5,2,55,1,1,2,1,40,3,1,62,7,1,1,69,1,0
21,210634,1,3,2,28,11,19,16,12,2,1,0,21,1,20,37,20037,4,2006,1G1ZT51856F1,1,G,1,Z,T,5,1,8,5,6,F,1,0,P,CHEV,MLT,4D,6,17,3316,,0,1063,,G,,0,0,000000000,00000000000,0,0,0,1,0,0,0,0,0,0,0,998,0,0,0,12,12,6,2,12,0,0,0,1,21,41164,6,1,6,0,3,0,72,150,0,0,0,0,0,0,0,0,0,0,0,0,0,0,1,2,55,2,3,2,1,0,0,14,10,1,1,2,50,1,0
21,210634,2,3,1,28,11,19,16,12,2,1,0,21,1,6,51,6051,4,2002,2C3HE66G42H3,2,C,3,H,E,6,6,G,4,2,H,3,0,P,CHRY,30M,4D,2,17,3484,,0,1130,,G,,0,0,000000000,00000000000,0,0,0,1,0,0,0,0,0,0,0,998,0,0,0,12,12,6,2,12,0,0,0,1,21,41179,6,1,0,0,3,0,68,155,0,0,0,0,0,0,0,0,0,0,0,0,0,0,1,2,55,1,5,2,1,0,0,1,62,1,1,1,51,0,0
21,210634,3,3,1,28,11,19,16,12,2,1,0,21,2,21,2,21002,4,1998,1G3HN52K1W48,1,G,3,H,N,5,2,K,1,W,4,8,0,P,OLDS,8LW,4D,98,17,3455,,0,1108,,G,,0,0,000000000,00000000000,0,0,0,1,0,0,0,0,0,0,0,998,0,0,0,12,12,2,3,12,0,0,0,1,21,41179,6,2,0,0,2,0,64,115,0,0,0,0,0,0,0,0,0,0,0,0,0,0,1,2,55,1,6,2,1,0,0,1,50,7,1,1,98,0,0
21,210635,1,2,1,29,11,10,53,12,6,1,0,21,1,12,23,12023,4,2007,3FAHP07ZX7R2,3,F,A,H,P,0,7,Z,X,7,R,2,0,P,FORD,F/E,4D,7,17,3101,,0,1074,,G,,0,0,000000000,00000000000,0,0,0,1,0,0,0,0,0,0,0,998,0,0,0,61,61,6,2,12,0,0,0,1,21,40022,6,1,0,0,3,0,70,220,1,0,0,0,0,10,2009,10,2009,0,38,39,0,0,1,2,98,1,1,2,1,0,0,11,15,1,1,1,82,1,0
21,210635,2,2,1,29,11,10,53,12,6,1,0,18,3,98,881,98881,63,2004,5DG8AC4T8400,5,D,G,8,A,C,4,T,8,4,0,0,0,U,,,,4,17,,,,,,,,0,57,00942415,5700942415,3,2,5,1,0,0,0,0,0,0,0,998,7,0,0,12,12,4,3,12,0,0,0,1,21,40701,6,1,6,0,3,0,67,200,0,0,0,0,0,0,0,0,0,0,0,0,0,0,1,2,45,1,1,2,1,0,0,1,67,8,1,1,83,0,0
21,210636,1,1,3,29,11,13,6,1,0,1,0,34,1,20,403,20403,14,2005,1GNDT13S0522,1,G,N,D,T,1,3,S,0,5,2,2,0,P,CHEV,TRL,UT,5,17,4612,,0,1130,,G,,0,0,000000000,00000000000,0,0,0,1,0,0,0,0,0,0,0,998,0,1,5,0,13,6,2,42,0,0,0,1,34,8852,6,1,0,0,3,0,73,999,0,0,0,0,0,0,0,0,0,0,58,0,0,0,2,2,70,1,1,2,1,0,0,1,13,6,1,4,1,3,0
21,210637,1,1,1,29,11,15,54,8,0,1,0,21,2,35,39,35039,4,2001,JN1CA31A81T3,J,N,1,C,A,3,1,A,8,1,T,3,0,P,NISS,M20,4D,1,17,3084,,0,1083,,G,,0,0,000000000,00000000000,0,0,0,1,0,0,0,0,0,0,0,998,0,0,0,12,12,2,3,8,0,0,0,1,21,42701,6,1,0,0,3,1,65,135,0,0,0,1,0,7,2010,7,2010,0,0,0,0,0,1,4,35,1,2,2,1,40,3,1,80,2,1,1,13,0,0
21,210638,1,1,1,7,11,3,25,52,0,1,0,21,1,6,43,6043,4,2009,1C3LC46B89N5,1,C,3,L,C,4,6,B,8,9,N,5,0,P,CHRY,SLX,4D,9,17,3287,,0,1089,,G,,0,0,000000000,00000000000,0,0,0,1,0,0,0,0,0,0,0,65,0,1,5,81,81,6,2,52,0,0,0,1,21,40380,6,1,0,0,3,0,63,174,1,0,0,0,0,5,2008,5,2008,0,0,0,0,0,1,2,70,1,1,2,1,0,0,1,13,1,1,4,1,1,1
21,210639,1,2,2,9,11,16,34,12,6,1,0,21,1,14,6,14006,4,2007,2MEFM75V07X6,2,M,E,F,M,7,5,V,0,7,X,6,0,P,MERC,MGL,4D,7,17,4135,,0,1147,,F,,0,0,000000000,00000000000,0,0,0,1,0,0,0,0,0,0,0,998,0,0,0,61,61,6,2,12,0,0,0,1,21,40701,3,1,0,0,2,0,65,146,1,0,0,0,0,8,2008,8,2008,0,38,39,0,0,1,2,98,1,1,2,1,20,3,1,17,1,1,1,89,1,0
21,210639,2,2,2,9,11,16,34,12,6,1,0,21,2,20,481,20481,31,1991,1GCDC14K2MZ2,1,G,C,D,C,1,4,K,2,M,Z,2,0,T,CHEV,GC1,PK,91,17,,1,1315,1175,GM4,G,,0,0,000000000,00000000000,0,0,0,1,0,0,0,0,0,0,0,998,0,0,0,12,12,2,3,12,0,0,0,1,21,40734,6,1,8,0,3,1,67,165,0,0,0,0,0,0,0,0,0,0,0,0,0,0,1,2,45,1,1,2,1,0,0,1,66,3,2,1,88,0,0
21,210640,1,1,5,15,11,14,45,35,0,1,0,21,1,20,431,20431,16,2003,3GNFK16Z73G2,3,G,N,F,K,1,6,Z,7,3,G,2,1,P,CHEV,K15,UT,3,17,5123,,0,1300,,F,,1,0,000000000,00000000000,0,0,0,1,0,0,0,0,0,0,0,998,0,1,5,4,4,2,3,1,0,0,0,1,21,41039,6,1,0,0,3,0,67,220,0,0,0,1,0,4,2010,4,2010,0,0,0,0,0,1,2,55,3,1,2,1,0,0,14,13,1,1,4,1,1,0
21,210641,1,1,1,30,11,16,58,1,0,1,0,21,2,13,482,13482,31,2006,5LTPW16556FJ,5,L,T,P,W,1,6,5,5,6,F,J,0,T,LINC,MLT,CW,6,17,,2,0,1385,MRK,G,,0,0,000000000,00000000000,0,0,0,1,0,0,0,0,0,0,0,85,0,9,5,0,12,6,2,1,0,0,0,1,21,42021,6,1,0,0,3,1,69,165,0,0,0,0,0,0,0,0,0,1,0,0,0,0,1,2,55,1,1,2,2,0,0,1,12,1,1,4,6,1,1
21,210642,1,2,1,15,11,17,58,20,0,1,0,18,1,14,6,14006,4,2000,2MEFM74WXYX7,2,M,E,F,M,7,4,W,X,Y,X,7,0,P,MERC,GMG,4D,0,17,3958,,0,1147,,G,,0,0,000000000,00000000000,0,0,0,1,0,0,0,0,0,0,0,50,0,0,0,12,12,6,2,20,0,0,0,1,18,46060,6,1,0,0,3,1,76,245,0,1,0,1,1,5,2008,12,2008,0,0,0,0,0,3,4,55,1,2,2,1,0,0,16,8,1,7,4,2,1,0
21,210642,2,2,2,15,11,17,58,20,0,1,0,40,3,51,881,51881,66,2008,4V4NC9TH78N4,4,V,4,N,C,9,T,H,7,8,N,4,1,T,VOLV,VNL,DS,8,17,,8,0,0,VVN,D,,1,57,01199147,5701199147,3,6,98,1,0,0,0,0,0,0,0,50,0,0,0,12,12,6,2,12,0,0,0,1,26,49640,6,1,6,1,3,0,64,145,0,0,0,0,0,0,0,0,0,0,0,0,0,0,3,4,55,1,2,2,1,0,0,1,60,3,2,1,98,0,0
21,210643,1,2,2,13,11,21,30,12,6,1,0,21,1,58,401,58401,14,2000,JNRAR07Y0YW0,J,N,R,A,R,0,7,Y,0,Y,W,0,0,P,INFI,QX4,UT,0,17,4186,,0,1063,,G,,0,0,000000000,00000000000,0,0,0,1,0,0,0,0,0,0,0,998,9,0,0,2,2,6,2,12,0,0,0,1,21,42765,6,1,0,0,3,1,70,170,0,0,0,0,0,0,0,0,0,0,0,0,0,0,5,4,45,1,1,2,1,3,3,11,15,1,1,1,68,1,0
21,210643,2,2,1,13,11,21,30,12,6,1,0,21,1,18,7,18007,4,2002,2G4WS52J4212,2,G,4,W,S,5,2,J,4,2,1,2,0,P,BUIC,CCU,4D,2,17,3368,,0,1090,,G,,0,0,000000000,00000000000,0,0,0,1,0,0,0,0,0,0,0,998,9,0,0,12,12,6,2,12,0,0,0,1,21,42167,6,1,0,0,3,0,64,165,0,0,0,0,0,0,0,0,0,0,0,0,0,0,5,4,45,1,1,2,1,3,3,1,66,1,1,1,69,0,0
21,210644,1,2,1,1,5,10,30,12,6,1,0,0,0,99,739,99739,90,9999,000000000000,0,0,0,0,0,0,0,0,0,0,0,0,0,U,,,,,17,,,,,,,,0,0,000000000,00000000000,0,0,0,1,0,0,0,0,0,0,0,998,0,0,0,61,61,4,1,12,0,0,0,1,21,40741,6,1,0,0,3,0,70,160,0,0,0,0,0,0,0,0,0,0,38,0,0,0,1,2,55,1,2,2,1,0,0,98,98,1,1,7,98,1,0
21,210644,2,2,1,1,5,10,30,12,6,1,0,21,1,20,471,20471,30,2000,1GCCS1452Y81,1,G,C,C,S,1,4,5,2,Y,8,1,0,T,CHEV,S14,PK,0,17,,1,1179,1083,S,F,,0,0,000000000,00000000000,0,0,0,1,0,0,0,0,0,0,0,998,0,0,0,12,12,4,1,12,0,0,0,1,21,40741,6,1,0,0,3,0,69,200,0,0,0,0,0,0,0,0,0,0,0,0,0,0,1,2,55,1,2,2,1,0,0,1,71,2,2,1,98,0,0
21,210645,1,1,0,1,11,15,4,8,0,1,0,21,6,7,472,7472,30,2000,1B7GG22X8YS6,1,B,7,G,G,2,2,X,8,Y,S,6,0,T,DODG,DAK,PC,0,17,,1,0,1309,DAK,G,,0,0,000000000,00000000000,0,0,0,1,0,0,0,0,0,0,0,5,0,0,0,6,6,2,3,8,0,0,0,0,,,,,,,,,999,,,,,,,,,,,,20,0,0,0,1,2,15,1,2,2,1,0,0,0,80,0,0,0,98,0,0
21,210646,1,1,1,2,11,5,12,1,0,1,0,99,9,41,441,41441,20,1992,999999999999,9,9,9,9,9,9,9,9,9,9,9,9,0,U,,,,9,17,,,,,,,,0,0,000000000,00000000000,0,0,0,1,0,0,0,0,0,0,0,998,0,2,1,0,0,6,2,1,0,0,0,1,21,42635,6,7,0,0,3,0,59,80,2,0,0,0,0,3,2008,5,2008,0,58,0,0,0,1,2,55,4,1,2,1,0,0,14,19,1,1,6,98,1,0
21,210647,1,2,3,22,11,14,21,12,2,1,0,21,2,20,481,20481,31,1990,2GCEK19C9L11,2,G,C,E,K,1,9,C,9,L,1,1,0,T,CHEV,GK1,PC,90,17,,2,1555,1415,GM4,D,,0,0,000000000,00000000000,0,0,0,1,0,0,0,0,0,0,0,998,0,1,1,12,12,6,2,12,0,0,0,1,21,40051,1,1,0,0,2,0,72,188,0,2,0,0,0,3,2008,10,2010,0,91,0,0,0,1,2,55,1,1,2,1,0,0,1,10,2,1,2,50,1,0
21,210647,2,2,1,22,11,14,21,12,2,1,0,21,3,82,881,82881,66,2002,1FUBBFAS42HK,1,F,U,B,B,F,A,S,4,2,H,K,0,T,FRHT,F12,DS,2,17,,7,0,0,MCV,D,,0,57,00654955,5700654955,3,19,98,1,0,0,0,0,0,0,0,998,0,0,0,12,12,6,2,12,0,0,0,1,21,42748,6,1,6,0,3,0,72,270,0,0,0,0,0,0,0,0,0,0,0,0,0,0,1,2,55,1,1,2,1,0,0,1,62,3,2,1,51,0,0
21,210648,1,1,2,16,9,15,25,35,0,1,0,21,2,73,705,73705,80,1981,JKAKZDH13BA0,J,K,A,K,Z,D,H,1,3,B,A,0,0,M,KAWK,KZ7,RS,81,17,,,,,,,750,0,0,000000000,00000000000,0,0,0,1,0,0,0,0,0,0,0,50,0,0,0,12,12,4,3,1,0,0,0,1,21,42330,1,1,0,0,2,0,70,999,0,2,1,0,1,1,2008,5,2010,0,91,0,0,0,1,2,55,3,2,2,1,0,0,14,9,1,2,4,2,1,1
21,210649,1,2,1,1,12,14,40,12,6,1,0,21,1,12,17,12017,4,2004,1FAFP55S24G1,1,F,A,F,P,5,5,S,2,4,G,1,0,P,FORD,TSS,4D,4,17,3306,,0,1085,,G,,0,0,000000000,00000000000,0,0,0,1,0,0,0,0,0,0,0,15,0,0,0,10,10,6,2,12,0,0,0,1,21,42071,6,1,0,0,3,0,65,175,1,0,0,0,0,5,2010,5,2010,0,38,0,0,0,1,2,98,1,1,2,1,20,3,1,17,1,1,1,89,1,0
21,210649,2,2,1,1,12,14,40,12,6,1,0,21,3,12,481,12481,31,2010,1FTEX1CW7AFA,1,F,T,E,X,1,C,W,7,A,F,A,0,T,FORD,F15,4C,10,17,,2,1630,1330,COF,G,,0,0,000000000,00000000000,0,0,0,1,0,0,0,0,0,0,0,30,0,0,0,12,12,6,2,12,0,0,0,1,21,42071,6,1,6,0,3,0,70,145,0,0,0,0,0,0,0,0,0,0,0,0,0,0,1,2,35,1,2,2,1,0,0,1,66,1,1,1,88,0,0
21,210650,1,1,1,3,12,1,20,35,0,1,0,21,2,23,481,23481,31,1995,1GTEC14H7SZ5,1,G,T,E,C,1,4,H,7,S,Z,5,0,T,GMC,SC1,PK,95,17,,2,1315,1175,SIE,G,,0,0,000000000,00000000000,0,0,0,1,0,0,0,0,0,0,0,998,0,1,5,12,12,6,2,35,0,0,0,1,21,40701,6,1,0,0,3,1,64,115,0,0,0,0,0,0,0,0,0,0,0,0,0,0,1,4,55,3,3,2,1,40,3,14,13,1,1,4,1,1,1
21,210651,1,2,2,2,12,14,18,12,2,1,0,21,1,20,422,20422,15,2008,3GNFK163X8G1,3,G,N,F,K,1,6,3,X,8,G,1,0,P,CHEV,K15,UT,8,17,5743,,0,1300,,F,,0,0,000000000,00000000000,0,0,0,1,0,0,0,0,0,0,0,50,0,0,0,12,12,6,2,12,0,0,0,1,21,42050,6,1,0,0,3,0,74,190,0,0,0,1,0,3,2010,3,2010,0,0,0,0,0,1,2,55,1,1,2,1,0,0,11,15,6,1,1,68,0,0
21,210651,2,2,1,2,12,14,18,12,2,1,0,47,2,12,13,12013,3,1995,1FASP11J9SW2,1,F,A,S,P,1,1,J,9,S,W,2,0,P,FORD,EST,2H,95,17,2355,,0,984,,G,,0,0,000000000,00000000000,0,0,0,1,0,0,0,0,0,0,0,50,0,0,0,12,12,6,2,12,0,0,1,1,21,42041,6,1,0,0,3,0,71,150,0,0,0,0,1,2,2010,2,2010,0,0,0,0,0,1,2,55,1,1,2,1,0,0,1,60,8,2,1,69,1,0
21,210652,1,1,2,4,12,13,17,38,0,1,0,21,2,20,471,20471,30,1996,1GCCS14X8TK1,1,G,C,C,S,1,4,X,8,T,K,1,0,T,CHEV,S14,PK,96,17,,1,1179,1083,S,G,,0,0,000000000,00000000000,0,0,0,1,0,0,0,0,0,0,0,998,0,0,0,9,9,6,2,42,0,0,0,1,21,42743,6,2,0,0,2,0,75,250,0,0,0,0,0,0,0,0,0,0,87,0,0,0,1,2,55,2,3,2,2,0,0,14,13,3,3,4,2,1,0
21,210653,1,1,1,5,12,1,50,42,0,1,0,21,2,12,37,12037,4,2008,1FAHP35N68W1,1,F,A,H,P,3,5,N,6,8,W,1,0,P,FORD,FMS,4D,8,17,2623,,0,1029,,G,,0,0,000000000,00000000000,0,0,0,1,0,0,0,0,0,0,0,998,0,0,0,12,12,6,2,42,0,0,0,1,21,42629,6,1,0,0,3,0,68,185,0,0,0,0,0,0,0,0,0,0,58,87,0,0,1,2,55,3,1,2,2,0,0,14,13,1,1,4,6,1,1
21,210654,1,1,1,8,12,4,55,8,0,1,0,21,2,35,47,35047,4,2005,1N4AL11D85C3,1,N,4,A,L,1,1,D,8,5,C,3,0,P,NISS,ASL,4D,5,17,2915,,0,1102,,G,,0,0,000000000,00000000000,0,0,0,1,0,0,0,0,0,0,0,50,0,0,0,12,12,4,3,8,0,0,0,1,21,40211,6,1,0,0,3,0,72,210,0,0,0,0,0,0,0,0,0,0,92,0,0,0,2,4,55,1,1,2,1,0,0,1,80,1,1,1,13,0,0
21,210655,1,2,1,8,12,9,3,12,6,1,0,21,1,20,471,20471,30,1998,1GCCS14X2WK1,1,G,C,C,S,1,4,X,2,W,K,1,0,T,CHEV,S14,PK,98,17,,1,1179,1083,S,G,,0,0,000000000,00000000000,0,0,0,1,0,0,0,0,0,0,0,998,0,0,0,81,81,6,2,12,0,0,0,1,21,42712,6,1,0,0,3,0,71,135,0,0,0,0,0,0,0,0,0,0,0,0,0,0,1,2,55,4,1,2,1,40,3,14,10,8,1,2,66,1,0
21,210655,2,2,2,8,12,9,3,12,6,1,0,21,1,12,881,12881,62,1986,1FDWK70U5GVA,1,F,D,W,K,7,0,U,5,G,V,A,0,T,FORD,F7M,CC,86,17,,6,2370,1290,MHV,D,,0,77,777777777,77777777777,2,1,7,1,0,0,0,0,0,0,0,0,0,0,0,12,12,2,1,12,0,0,0,1,21,42754,6,1,0,0,3,0,67,150,0,0,0,0,0,0,0,0,0,0,0,0,0,0,1,2,55,4,1,2,1,40,3,5,62,1,1,1,66,0,0
21,210656,1,1,1,8,12,18,8,14,0,1,0,0,0,99,739,99739,90,9999,000000000000,0,0,0,0,0,0,0,0,0,0,0,0,0,U,,,,,17,,,,,,,,0,0,000000000,00000000000,0,0,0,1,0,0,0,0,0,0,0,998,0,0,0,12,12,6,2,14,0,0,0,1,21,41722,1,1,0,0,2,0,74,165,0,1,1,0,0,10,2010,11,2010,0,0,0,0,0,1,4,55,1,3,2,1,0,0,1,50,3,2,1,11,1,1
21,210657,1,1,2,9,12,1,15,30,0,1,0,21,2,12,37,12037,4,2005,1FAFP34N65W1,1,F,A,F,P,3,4,N,6,5,W,1,0,P,FORD,ZX4,4D,5,17,2677,,0,1030,,G,,0,0,000000000,00000000000,0,0,0,1,0,0,0,0,0,0,0,998,0,0,0,9,9,6,2,30,0,0,0,1,21,40208,6,1,0,0,3,0,65,145,0,1,0,0,0,3,2008,3,2008,1,0,0,0,0,2,4,35,1,2,2,1,0,0,1,6,98,2,4,2,1,1
21,210658,1,2,1,9,12,22,27,8,0,1,0,21,1,20,403,20403,14,2005,1GNDT13SX521,1,G,N,D,T,1,3,S,X,5,2,1,0,P,CHEV,TRL,UT,5,17,4612,,0,1130,,G,,0,0,000000000,00000000000,0,0,0,1,0,0,0,0,0,0,0,998,0,0,0,12,12,2,3,8,0,0,0,1,21,41501,6,1,0,0,3,0,66,195,1,0,0,0,0,7,2009,7,2009,0,0,0,0,0,2,3,45,1,1,2,1,0,0,1,80,2,1,1,13,0,0
21,210658,2,2,1,9,12,22,27,8,0,1,0,22,2,49,32,49032,4,2003,1NXBR32E93Z0,1,N,X,B,R,3,2,E,9,3,Z,0,0,P,TOYT,UCS,4D,3,17,2502,,0,1024,,G,,0,0,000000000,00000000000,0,0,0,1,0,0,0,0,0,0,0,998,0,0,0,14,14,2,1,8,0,0,0,1,21,41501,6,1,0,0,3,0,66,125,0,0,0,0,0,0,0,0,0,0,0,0,0,0,2,3,45,1,1,2,1,3,3,1,80,2,1,1,98,0,0
21,210659,1,1,2,10,12,17,26,8,0,1,0,21,1,84,881,84881,62,2003,1HTMMAAM43H5,1,H,T,M,M,A,A,M,4,3,H,5,0,T,INTL,430,CC,3,17,,6,0,0,40S,D,,0,57,00630420,5700630420,2,1,3,1,0,0,0,0,0,0,0,998,0,0,0,12,12,4,3,8,0,0,0,1,21,42266,6,1,0,0,3,0,74,225,0,0,0,0,0,0,0,0,0,0,0,0,0,0,1,2,45,1,1,2,1,0,0,1,80,3,2,1,13,0,0
21,210660,1,1,1,11,12,17,43,8,0,1,0,21,1,63,441,63441,20,2004,KNDUP1316465,K,N,D,U,P,1,3,1,6,4,6,5,0,P,KIA,SED,SV,4,17,4802,,0,1145,,G,,0,0,000000000,00000000000,0,0,0,1,0,0,0,0,0,0,0,30,0,0,0,12,12,4,1,8,0,0,0,1,21,40241,6,1,0,0,3,1,72,170,0,0,0,0,0,0,0,0,0,0,0,0,0,0,1,2,35,1,1,2,2,0,0,1,80,4,2,1,13,0,0
21,210661,1,1,1,11,12,17,47,42,0,1,0,21,2,30,47,30047,3,2002,3VWCB21CX2M4,3,V,W,C,B,2,1,C,X,2,M,4,0,P,VOLK,NGS,2H,2,17,2783,,0,989,,G,,0,0,000000000,00000000000,0,0,0,1,0,0,0,0,0,0,0,998,0,0,0,5,5,6,2,42,0,0,0,1,21,40475,6,2,0,0,2,0,61,104,0,0,0,0,0,0,0,0,0,1,87,0,0,0,1,2,55,2,2,2,2,0,0,14,6,9,3,4,7,1,0
21,210662,1,2,1,8,12,15,59,12,6,1,0,21,2,20,481,20481,31,1991,2GCEC19K9M11,2,G,C,E,C,1,9,K,9,M,1,1,0,T,CHEV,GC1,PC,91,17,,2,1555,1415,GM4,G,,0,0,000000000,00000000000,0,0,0,1,0,0,0,0,0,0,0,85,0,1,9,11,11,6,2,12,0,0,0,1,21,42301,6,1,0,0,3,1,69,200,0,0,0,0,1,10,2010,10,2010,1,38,0,0,0,1,2,98,1,6,2,1,0,0,1,17,3,2,1,89,1,0