STATE,ST_CASE,VEH_NO,VE_FORMS,NUMOCCS,DAY,MONTH,HOUR,MINUTE,HARM_EV,MAN_COLL,UNITTYPE,HIT_RUN,REG_STAT,OWNER,MAKE,MODEL,MAK_MOD,BODY_TYP,MOD_YEAR,VIN,VIN_1,VIN_2,VIN_3,VIN_4,VIN_5,VIN_6,VIN_7,VIN_8,VIN_9,VIN_10,VIN_11,VIN_12,TOW_VEH,VINTYPE,VINMAKE,VINA_MOD,VIN_BT,VINMODYR,VIN_LNGT,VIN_WGT,WGTCD_TR,WHLBS_LG,WHLBS_SH,SER_TR,FUELCODE,MCYCL_DS,J_KNIFE,MCARR_I1,MCARR_I2,MCARR_ID,GVWR,V_CONFIG,CARGO_BT,HAZ_INV,HAZ_PLAC,HAZ_ID,HAZ_CNO,HAZ_REL,BUS_USE,SPEC_USE,EMER_USE,TRAV_SP,UNDERIDE,ROLLOVER,ROLINLOC,IMPACT1,IMPACT2,DEFORMED,TOWED,M_HARM,VEH_SC1,VEH_SC2,FIRE_EXP,DR_PRES,L_STATE,DR_ZIP,L_STATUS,L_TYPE,CDL_STAT,L_ENDORS,L_COMPL,L_RESTRI,DR_HGT,DR_WGT,PREV_ACC,PREV_SUS,PREV_DWI,PREV_SPD,PREV_OTH,FIRST_MO,FIRST_YR,LAST_MO,LAST_YR,SPEEDREL,DR_SF1,DR_SF2,DR_SF3,DR_SF4,VTRAFWAY,VNUM_LAN,VSPD_LIM,VALIGN,VPROFILE,VPAVETYP,VSURCOND,VTRAFCON,VTCONT_F,P_CRASH1,P_CRASH2,P_CRASH3,PCRASH4,PCRASH5,ACC_TYPE,DEATHS,DR_DRINK
22,220110,1,2,1,17,3,22,40,12,2,1,0,22,1,20,401,20401,14,2001,1GNCS13W81K1,1,G,N,C,S,1,3,W,8,1,K,1,0,P,CHEV,BZR,UT,1,17,3887,,0,1070,,G,,0,0,000000000,00000000000,0,0,0,1,0,0,0,0,0,0,0,55,0,0,0,12,12,6,2,12,0,0,0,1,22,71220,6,1,0,0,3,3,65,160,0,0,0,0,1,8,2007,8,2007,0,99,99,99,99,1,2,55,1,1,2,1,0,0,1,10,1,1,2,50,1,0
22,220110,2,2,1,17,3,22,40,12,2,1,0,47,3,51,881,51881,66,2008,4V4NC9GH78N4,4,V,4,N,C,9,G,H,7,8,N,4,1,T,VOLV,VNL,DS,8,17,,8,0,0,VVN,D,,1,57,36684,5736684,3,6,1,1,0,0,0,0,0,0,0,55,0,0,0,12,12,6,2,2,0,0,1,1,28,38901,6,1,6,0,3,0,70,180,0,0,0,0,0,0,0,0,0,0,0,0,0,0,1,2,55,1,1,2,1,0,0,1,62,1,1,1,51,0,0
22,220111,1,2,3,18,3,20,31,12,2,1,0,22,2,20,16,20016,2,2000,1G1JF12T6Y71,1,G,1,J,F,1,2,T,6,Y,7,1,0,P,CHEV,CZ2,CP,0,17,2617,,0,1041,,G,,0,0,000000000,00000000000,0,0,0,1,0,0,0,0,0,0,0,70,0,0,0,12,12,6,2,12,0,0,0,1,22,70726,6,1,0,0,3,0,67,140,0,0,0,0,0,0,0,0,0,1,24,91,92,0,1,2,45,1,1,2,1,0,0,1,10,1,1,2,50,1,1
22,220111,2,2,2,18,3,20,31,12,2,1,0,22,1,23,481,23481,31,1994,1GTDC14Z0RZ5,1,G,T,D,C,1,4,Z,0,R,Z,5,0,T,GMC,SC1,PK,94,17,,1,1315,1175,SIE,G,,0,0,000000000,00000000000,0,0,0,1,0,0,0,0,0,0,0,45,0,0,0,12,12,6,2,12,0,0,0,1,22,70726,6,1,0,0,3,0,68,240,0,0,0,1,0,11,2009,11,2009,0,0,0,0,0,1,2,45,1,1,2,1,0,0,1,62,1,1,1,51,0,0
22,220112,1,1,1,19,3,4,46,35,0,1,0,22,1,20,9,20009,2,1994,2G1FP22S6R22,2,G,1,F,P,2,2,S,6,R,2,2,0,P,CHEV,CAM,CP,94,17,3247,,0,1011,,G,,0,0,000000000,00000000000,0,0,0,1,0,0,0,0,0,0,0,45,0,1,5,9,9,6,2,1,0,0,0,1,22,71266,6,1,0,0,3,0,65,175,0,0,0,0,0,0,0,0,0,1,24,58,0,0,1,2,30,1,1,2,1,0,0,1,6,7,3,4,2,1,0
22,220113,1,1,2,19,3,20,34,32,0,1,0,5,2,37,31,37031,4,1992,1HGEG8550NL0,1,H,G,E,G,8,5,5,0,N,L,0,0,P,HOND,CLX,4D,92,17,2319,,0,1031,,G,,0,0,000000000,00000000000,0,0,0,1,0,0,0,0,0,0,0,999,0,1,5,12,12,6,2,35,0,0,0,1,22,72952,1,1,0,0,2,2,72,170,0,3,0,0,0,1,2008,9,2008,9,24,74,91,92,1,2,35,1,1,2,1,0,0,1,9,3,2,4,7,1,1
22,220114,1,2,2,20,3,16,20,12,6,1,0,22,1,20,481,20481,31,1994,2GCEC19KXR12,2,G,C,E,C,1,9,K,X,R,1,2,0,T,CHEV,GC1,PC,94,17,,2,1555,1415,GM4,G,,0,0,000000000,00000000000,0,0,0,1,0,0,0,0,0,0,0,30,0,0,0,3,3,6,2,12,0,0,0,1,28,70427,6,1,0,0,3,0,68,185,0,0,0,0,0,0,0,0,0,0,24,38,0,0,2,2,65,1,1,2,1,21,3,11,17,1,1,1,68,2,1
22,220114,2,2,1,20,3,16,20,12,6,1,0,22,3,87,881,87881,66,2000,1XP5DB9X0YD5,1,X,P,5,D,B,9,X,0,Y,D,5,1,T,PTRB,379,DS,0,17,,8,0,0,CON,D,,1,57,1158486,571158486,3,6,4,1,0,0,0,0,0,0,0,55,0,0,0,12,12,2,1,12,0,0,0,1,28,39466,6,1,6,0,3,0,70,200,0,0,0,0,0,0,0,0,0,0,0,0,0,0,2,2,65,1,1,2,1,0,0,1,66,9,2,1,69,0,0
22,220115,1,1,3,20,3,16,14,9,0,1,0,22,1,63,441,63441,20,2005,KNDUP132X567,K,N,D,U,P,1,3,2,X,5,6,7,0,P,KIA,SED,SV,5,17,4802,,0,1145,,G,,0,0,000000000,00000000000,0,0,0,1,0,0,0,0,0,0,0,65,0,0,0,12,12,2,3,9,0,0,0,1,22,70503,6,1,0,0,3,3,65,124,0,0,0,0,0,0,0,0,0,0,0,0,0,0,2,2,65,3,1,2,1,0,0,14,83,11,2,1,13,0,0
22,220116,1,1,1,15,3,2,34,42,0,1,0,22,1,20,2,20002,4,2005,2G1WH52K4592,2,G,1,W,H,5,2,K,4,5,9,2,0,P,CHEV,IPL,4D,5,17,3466,,0,1105,,G,,0,0,000000000,00000000000,0,0,0,1,0,0,0,0,0,0,0,999,0,0,0,3,3,6,2,2,0,0,1,1,22,70583,6,1,0,0,3,0,66,220,0,0,0,0,0,0,0,0,0,1,0,0,0,0,6,1,70,4,1,1,1,0,0,14,12,1,1,4,6,1,1
22,220117,1,2,1,11,3,8,23,12,2,1,0,22,2,12,471,12471,30,1992,1FTCR10A8NTA,1,F,T,C,R,1,0,A,8,N,T,A,0,T,FORD,RNG,PK,92,17,,1,1139,1079,RNG,G,,0,0,000000000,00000000000,0,0,0,1,0,0,0,0,0,0,0,55,0,0,0,12,12,6,2,12,0,0,0,1,22,71343,6,1,0,0,3,0,71,160,0,1,0,0,0,1,2008,1,2008,0,24,0,0,0,1,2,55,1,1,2,1,0,0,1,10,1,1,2,50,1,0
22,220117,2,2,1,11,3,8,23,12,2,1,0,22,3,87,881,87881,66,1996,1XP5DB9X1TN4,1,X,P,5,D,B,9,X,1,T,N,4,1,T,PTRB,379,DS,96,17,,8,0,0,CON,D,,1,57,1885390,571885390,3,6,1,1,0,0,0,0,0,0,0,55,0,2,5,12,12,6,2,12,0,0,0,1,22,71378,6,1,6,1,3,0,66,211,0,0,0,0,0,0,0,0,0,0,0,0,0,0,1,2,55,1,1,2,1,0,0,1,62,7,1,1,51,0,0
22,220118,1,2,2,12,3,16,25,12,1,1,0,22,2,6,421,6421,15,2008,1A8HX58298F1,1,A,8,H,X,5,8,2,9,8,F,1,0,P,CHRY,ASP,UT,8,17,4859,,0,1192,,G,,0,0,000000000,00000000000,0,0,0,1,0,0,0,0,0,0,0,55,0,0,0,12,12,6,2,12,0,0,0,1,22,70346,6,1,6,0,3,0,68,220,0,0,0,1,0,5,2007,5,2007,0,91,0,0,0,2,2,55,1,1,2,1,0,0,1,51,1,1,1,24,0,0
22,220118,2,2,1,12,3,16,25,12,1,1,0,92,0,98,998,98998,92,2004,999999999999,9,9,9,9,9,9,9,9,9,9,9,9,0,U,,,,9,17,,,,,,,,0,0,000000000,00000000000,0,0,0,1,0,0,0,0,0,0,0,15,0,0,0,6,6,6,2,12,0,0,0,1,22,70778,6,1,0,0,3,0,73,290,0,0,0,0,0,0,0,0,0,0,24,0,0,0,2,2,55,1,1,2,1,0,0,1,53,1,1,1,25,1,0
22,220119,1,1,2,17,3,6,41,8,0,1,0,22,1,52,37,52037,2,1999,4A3AK34Y8XE0,4,A,3,A,K,3,4,Y,8,X,E,0,0,P,MITS,ERS,2H,99,17,2754,,0,988,,G,,0,0,000000000,00000000000,0,0,0,1,0,0,0,0,0,0,0,999,0,0,0,12,12,4,3,8,0,0,0,1,22,70819,6,1,0,0,3,0,64,132,0,0,0,0,0,0,0,0,0,0,0,0,0,0,2,3,50,1,1,2,1,0,0,1,80,99,1,1,13,0,0
22,220120,1,1,1,16,3,20,43,59,0,1,0,22,2,2,404,2404,14,2002,1J4GX48S32C1,1,J,4,G,X,4,8,S,3,2,C,1,0,T,JEEP,LRO,4W,2,17,,1,0,1059,GCK,G,,0,0,000000000,00000000000,0,0,0,1,0,0,0,0,0,0,0,999,0,0,0,10,10,6,2,3,0,0,0,1,22,71353,6,1,0,0,3,0,71,177,0,0,0,0,0,0,0,0,0,0,0,0,0,0,1,2,98,2,1,2,1,0,0,14,12,1,1,4,6,1,0
22,220121,1,2,7,20,3,19,20,12,6,1,0,22,2,12,17,12017,4,2000,1FAFP56S8YG1,1,F,A,F,P,5,6,S,8,Y,G,1,0,P,FORD,TEL,4D,0,17,3333,,0,1085,,G,,0,0,000000000,00000000000,0,0,0,1,0,0,0,0,0,0,0,20,0,0,0,8,8,6,2,12,0,0,0,1,22,70465,6,1,0,0,3,3,66,198,0,0,0,0,0,0,0,0,0,0,24,0,0,0,1,2,55,1,1,2,2,0,0,11,98,1,1,7,98,1,0
22,220121,2,2,1,20,3,19,20,12,6,1,0,22,3,98,804,98804,66,2007,5KJJAECG37PZ,5,K,J,J,A,E,C,G,3,7,P,Z,0,T,WSTR,49F,DS,7,17,,8,0,0,CNV,D,,0,57,1703538,571703538,3,5,96,1,0,0,0,0,0,0,0,40,0,0,0,12,12,2,3,12,0,0,0,1,22,70726,6,1,6,0,3,0,72,220,0,0,0,0,0,0,0,0,0,0,0,0,0,0,1,2,55,1,1,2,2,0,0,1,72,9,2,1,98,0,0
22,220122,1,1,2,21,3,5,15,8,0,1,0,48,2,35,47,35047,4,2000,1N4DL01D3YC1,1,N,4,D,L,0,1,D,3,Y,C,1,0,P,NISS,AGS,4D,0,17,2754,,0,1031,,G,,0,0,000000000,00000000000,0,0,0,1,0,0,0,0,0,0,0,70,0,0,0,12,13,6,2,8,0,0,0,1,1,36091,6,1,0,0,3,0,61,150,0,0,0,0,0,0,0,0,0,0,86,0,0,0,2,2,70,1,1,1,2,0,0,1,80,9,2,1,13,0,0
22,220123,1,2,1,22,3,23,2,12,2,1,0,22,2,12,481,12481,31,1996,1FTHW25F4TEB,1,F,T,H,W,2,5,F,4,T,E,B,0,T,FORD,F25,CW,96,17,,2,0,1520,COF,D,,0,0,000000000,00000000000,0,0,0,1,0,0,0,0,0,0,0,60,0,0,0,12,12,6,2,12,0,0,0,1,22,71456,1,1,0,0,2,0,73,225,0,2,2,0,0,3,2009,4,2009,0,51,0,0,0,1,2,55,1,1,2,1,0,0,1,10,7,1,2,50,0,1
22,220123,2,2,5,22,3,23,2,12,2,1,0,22,1,20,431,20431,16,1999,1GNEC16R2XJ4,1,G,N,E,C,1,6,R,2,X,J,4,0,P,CHEV,C15,UT,99,17,4825,,0,1315,,G,,0,0,000000000,00000000000,0,0,0,1,0,0,0,0,0,0,0,15,0,0,0,12,12,6,2,12,0,0,0,1,22,71457,6,1,0,0,3,0,61,200,0,0,0,0,0,0,0,0,0,0,0,0,0,0,1,2,55,1,1,2,1,0,0,1,62,8,2,1,51,1,0
22,220124,1,3,1,23,3,7,41,12,6,1,0,22,2,18,3,18003,4,1994,1G4CW52L2R16,1,G,4,C,W,5,2,L,2,R,1,6,0,P,BUIC,PKA,4D,94,17,3533,,0,1108,,G,,0,0,000000000,00000000000,0,0,0,1,0,0,0,0,0,0,0,60,1,0,0,12,12,6,2,12,0,0,0,1,22,71055,6,1,0,0,3,0,64,165,0,0,0,0,0,0,0,0,0,1,24,39,38,0,1,2,25,1,1,2,1,20,3,1,17,1,1,1,86,1,1
22,220124,2,3,1,23,3,7,41,12,6,1,0,22,3,90,981,90981,50,1995,1GDM7T1J5SJ5,1,G,D,M,7,T,1,J,5,S,J,5,0,T,GMC,042,BU,95,17,,7,2740,1570,B7T,D,,0,88,888888888,88888888888,2,21,22,1,0,0,0,0,1,0,0,50,0,1,1,83,14,6,2,12,0,0,0,1,22,71037,6,1,6,1,3,1,71,182,0,0,0,0,0,0,0,0,0,0,0,0,0,0,1,2,55,1,1,2,1,0,0,1,66,1,1,1,87,0,0
22,220124,3,3,2,23,3,7,41,12,6,1,0,22,1,23,431,23431,16,2003,1GKEC16Z03J1,1,G,K,E,C,1,6,Z,0,3,J,1,0,T,GMC,CX1,4W,3,17,,2,0,1300,YUK,F,,0,0,000000000,00000000000,0,0,0,1,0,0,0,0,0,0,0,45,0,0,0,12,12,6,2,54,0,0,0,1,22,71037,6,1,0,0,3,0,65,150,0,0,0,0,0,0,0,0,0,0,0,0,0,0,1,2,55,1,1,2,1,0,0,1,62,7,1,4,98,0,0
22,220125,1,1,2,24,3,17,35,34,0,1,0,22,9,35,473,35473,31,2004,1N6AA07A84N5,1,N,6,A,A,0,7,A,8,4,N,5,0,T,NISS,TXS,CW,4,17,,2,0,1398,TTN,G,,0,0,000000000,00000000000,0,0,0,1,0,0,0,0,0,0,0,55,0,1,5,12,13,6,2,1,0,0,0,1,99,99999,9,9,99,9,9,9,999,999,99,99,99,99,99,99,9999,99,9999,1,24,0,0,0,1,2,55,2,1,2,1,40,3,14,6,1,3,4,2,1,0
22,220126,1,1,3,29,3,0,20,34,0,1,0,22,2,20,22,20022,4,2007,1G1AK55F3773,1,G,1,A,K,5,5,F,3,7,7,3,0,P,CHEV,BLS,4D,7,17,3216,,0,1033,,G,,0,0,000000000,00000000000,0,0,0,1,0,0,0,0,0,0,0,76,0,1,5,12,13,6,2,30,0,0,0,1,22,71373,6,1,0,0,3,0,69,120,0,0,0,0,0,0,0,0,0,1,24,79,0,0,1,2,25,2,1,4,1,40,3,14,6,1,3,4,2,1,1
22,220127,1,2,2,29,3,7,53,12,2,1,0,22,2,7,472,7472,30,2000,1B7GL2AN2YS6,1,B,7,G,L,2,A,N,2,Y,S,6,0,T,DODG,QAD,4C,0,17,,1,0,1309,DAK,G,,0,0,000000000,00000000000,0,0,0,1,0,0,0,0,0,0,0,55,0,0,0,12,12,6,2,12,0,0,0,1,22,70582,6,1,0,0,3,0,63,130,0,0,0,0,0,0,0,0,0,0,51,0,0,0,1,2,55,1,1,2,1,0,0,1,10,1,1,2,50,0,0
22,220127,2,2,4,29,3,7,53,12,2,1,0,22,2,20,421,20421,15,1995,1GNEC13K0SJ3,1,G,N,E,C,1,3,K,0,S,J,3,0,P,CHEV,CTA,UT,95,17,4769,,0,1175,,G,,0,0,000000000,00000000000,0,0,0,1,0,0,0,0,0,0,0,55,0,0,0,12,12,6,2,12,0,0,0,1,22,70506,9,9,99,9,9,9,999,999,99,99,99,99,99,99,9999,99,9999,0,0,0,0,0,1,2,55,1,1,2,1,0,0,1,62,7,1,4,51,2,0
22,220128,1,1,1,25,3,2,56,42,0,1,0,22,1,24,1,24001,4,1996,1G8ZG5287TZ1,1,G,8,Z,G,5,2,8,7,T,Z,1,0,P,STRN,SL1,4D,96,17,2247,,0,1024,,G,,0,0,000000000,00000000000,0,0,0,1,0,0,0,0,0,0,0,80,0,1,5,11,9,6,2,1,0,0,0,1,22,70554,6,1,0,0,3,0,72,210,0,0,0,1,0,3,2010,3,2010,1,24,0,0,0,2,2,70,1,1,1,1,0,0,6,6,1,2,4,2,1,1
22,220129,1,2,1,26,3,10,40,12,6,1,0,22,2,49,40,49040,4,1997,4T1BG22K1VU7,4,T,1,B,G,2,2,K,1,V,U,7,0,P,TOYT,UEX,4D,97,17,2976,,0,1051,,G,,0,0,000000000,00000000000,0,0,0,1,0,0,0,0,0,0,0,55,0,1,5,5,5,6,2,12,0,0,0,1,22,70583,6,1,0,0,3,0,70,165,0,0,0,0,0,0,0,0,0,0,58,91,0,0,1,2,55,3,1,2,1,40,3,14,8,1,4,2,64,0,1
22,220129,2,2,1,26,3,10,40,12,6,1,0,55,3,72,706,72706,80,2010,1HD1GP418AC3,1,H,D,1,G,P,4,1,8,A,C,3,0,M,HD,FWG,RS,10,17,,,,,,,1584,0,0,000000000,00000000000,0,0,0,1,0,0,0,0,0,0,0,55,0,0,0,12,12,6,2,12,0,0,0,1,22,70555,6,1,0,0,3,3,71,195,0,0,0,0,0,0,0,0,0,0,0,0,0,0,1,2,55,1,1,2,1,40,3,1,62,1,1,1,65,1,0
22,220130,1,1,1,27,3,2,19,35,0,1,0,22,1,20,404,20404,14,2005,2CNDL13F8561,2,C,N,D,L,1,3,F,8,5,6,1,0,P,CHEV,EQU,UT,5,17,3660,,0,1125,,G,,0,0,000000000,00000000000,0,0,0,1,0,0,0,0,0,0,0,55,0,1,5,12,62,6,2,1,0,0,0,1,22,70052,6,1,0,0,3,0,67,185,0,0,0,0,0,0,0,0,0,0,24,0,0,0,1,2,55,1,1,1,1,0,0,1,13,1,1,4,1,1,1
22,220131,1,1,1,27,3,23,25,8,0,1,1,99,9,12,399,12399,9,9999,999999999999,9,9,9,9,9,9,9,9,9,9,9,9,0,U,,,,9,17,,,,,,,,0,0,000000000,00000000000,0,0,0,1,0,0,0,0,0,0,0,999,0,0,0,12,99,9,1,8,99,99,0,1,99,99999,9,9,99,9,9,9,999,999,99,99,99,99,99,99,9999,99,9999,9,0,0,0,0,2,2,45,1,1,1,1,0,0,1,80,99,1,1,13,0,0
22,220132,1,1,1,25,3,10,50,30,0,1,0,22,3,20,481,20481,31,2006,3GCEC14V06G1,3,G,C,E,C,1,4,V,0,6,G,1,0,T,CHEV,SC1,PK,6,17,,2,1330,1190,SIL,G,,0,0,000000000,00000000000,0,0,0,1,0,0,0,0,0,0,0,75,0,0,0,12,1,6,2,19,99,99,0,1,22,70578,6,1,0,0,3,3,71,175,0,0,0,0,0,0,0,0,0,1,0,0,0,0,1,2,45,3,1,2,1,28,3,14,13,99,2,4,5,1,0
22,220133,1,1,1,24,2,19,50,8,0,1,0,22,1,12,3,12003,2,2002,1FAFP40482F1,1,F,A,F,P,4,0,4,8,2,F,1,0,P,FORD,MUS,CP,2,17,3066,,0,1013,,G,,0,0,000000000,00000000000,0,0,0,1,0,0,0,0,0,0,0,999,0,0,0,12,12,2,3,8,0,0,0,1,22,70819,6,1,0,0,3,0,58,130,0,0,0,0,0,0,0,0,0,0,0,0,0,0,1,2,30,1,1,2,1,0,0,1,80,1,1,1,13,0,0
22,220134,1,3,1,10,3,16,15,12,2,1,0,48,1,20,481,20481,31,2004,2GCEK19T0411,2,G,C,E,K,1,9,T,0,4,1,1,0,T,CHEV,SK1,4C,4,17,,2,1575,1435,SIL,G,,0,0,000000000,00000000000,0,0,0,1,0,0,0,0,0,0,0,42,0,0,0,12,12,6,2,12,0,0,0,1,48,79761,6,1,0,0,3,0,999,999,1,2,0,2,1,12,2007,2,2010,0,51,0,0,0,1,2,55,1,1,2,1,0,0,1,10,1,1,2,50,0,0
22,220134,2,3,1,10,3,16,15,12,2,1,0,22,3,82,882,82882,66,2000,1FUYDDZB5YDA,1,F,U,Y,D,D,Z,B,5,Y,D,A,1,T,FRHT,FLD,DS,0,17,,8,0,0,CON,D,,1,57,1842513,571842513,3,6,10,1,0,0,0,0,0,0,0,55,0,1,1,12,12,6,2,12,0,0,0,1,13,71052,6,1,6,0,3,3,74,145,98,0,0,1,0,6,2008,6,2008,0,0,0,0,0,1,2,55,1,1,2,1,0,0,1,62,1,1,1,51,0,0
22,220134,3,3,1,10,3,16,15,12,2,1,0,22,1,6,43,6043,4,2007,1C3LC56K07N5,1,C,3,L,C,5,6,K,0,7,N,5,0,P,CHRY,STO,4D,7,17,3419,,0,1089,,G,,0,0,000000000,00000000000,0,0,0,1,0,0,0,0,0,0,0,44,0,0,0,11,11,6,2,12,0,0,0,1,22,71049,6,1,0,0,3,0,64,176,0,0,0,0,0,0,0,0,0,0,0,0,0,0,1,2,55,1,1,2,1,0,0,1,62,9,1,1,98,1,0
22,220135,1,2,1,24,3,10,35,12,1,1,0,22,1,49,403,49403,14,2001,JTEGF21A0100,J,T,E,G,F,2,1,A,0,1,0,0,0,P,TOYT,HIG,UT,1,17,3660,,0,1069,,G,,0,0,000000000,00000000000,0,0,0,1,0,0,0,0,0,0,0,999,0,0,0,12,12,6,2,12,0,0,0,1,22,71112,6,1,0,0,3,0,65,145,0,0,0,1,0,10,2009,10,2009,1,24,27,0,0,5,4,50,1,1,1,1,3,3,1,50,99,1,1,20,1,1
22,220135,2,2,1,24,3,10,35,12,1,1,0,22,3,85,881,85881,66,2010,1XKWD40X6AJ2,1,X,K,W,D,4,0,X,6,A,J,2,1,T,KW,W90,DS,10,17,,8,2850,1600,CON,D,,1,57,854586,57854586,3,6,2,1,0,0,0,0,0,0,0,0,0,0,0,6,6,2,1,12,0,0,0,1,22,71107,6,1,6,1,3,3,75,200,0,0,0,0,0,0,0,0,0,0,0,0,0,0,5,4,50,1,1,1,1,3,3,5,53,1,1,1,21,0,0
22,220136,1,1,1,30,3,22,17,9,0,1,0,99,9,99,999,99999,99,9999,999999999999,9,9,9,9,9,9,9,9,9,9,9,9,9,U,,,,9,17,,,,,,,,0,99,999999999,99999999999,9,99,99,1,0,0,0,0,0,0,0,999,0,0,0,12,99,9,1,9,99,99,0,1,99,99999,9,9,99,9,9,9,999,999,99,99,99,99,99,99,9999,99,9999,9,99,99,99,99,1,2,35,4,1,2,1,97,8,99,83,99,9,3,13,0,0
22,220137,1,1,1,13,1,14,56,35,0,1,0,0,0,37,734,37734,90,2008,1HFTE3441841,1,H,F,T,E,3,4,4,1,8,4,1,0,M,HOND,TEM,AT,8,17,,,,,,,420,0,0,000000000,00000000000,0,0,0,1,0,0,0,0,0,0,0,999,0,1,5,11,11,4,1,1,0,0,0,1,22,70789,6,1,0,0,3,0,67,180,0,0,0,0,0,0,0,0,0,1,18,0,0,0,1,2,35,2,2,2,1,28,3,14,12,99,1,4,6,1,0
22,220138,1,2,2,13,3,15,9,12,2,1,0,22,1,35,472,35472,30,2003,1N6DD26T03C4,1,N,6,D,D,2,6,T,0,3,C,4,0,T,NISS,FKX,PC,3,17,,1,0,1161,FRT,G,,0,0,000000000,00000000000,0,0,0,1,0,0,0,0,0,0,0,999,0,0,0,12,12,6,2,12,0,0,0,1,22,70776,6,1,0,0,3,0,63,145,0,0,0,0,0,0,0,0,0,0,51,0,0,0,1,2,55,1,1,2,1,0,0,1,10,1,1,2,50,0,0
22,220138,2,2,2,13,3,15,9,12,2,1,0,22,1,7,20,7020,4,2005,1B3ES56C95D2,1,B,3,E,S,5,6,C,9,5,D,2,0,P,DODG,NXT,4D,5,17,2634,,0,1040,,G,,0,0,000000000,00000000000,0,0,0,1,0,0,0,0,0,0,0,999,0,0,0,12,12,6,2,12,0,0,0,1,22,70341,6,1,0,0,3,3,60,197,0,0,0,1,0,7,2008,7,2008,0,0,0,0,0,1,2,55,1,1,2,1,0,0,1,62,9,2,1,51,1,0
22,220139,1,1,1,5,4,3,54,42,0,1,0,22,2,20,421,20421,15,2003,1GNDS13SX322,1,G,N,D,S,1,3,S,X,3,2,2,0,P,CHEV,TRL,UT,3,17,4417,,0,1130,,G,,0,0,000000000,00000000000,0,0,0,1,0,0,0,0,0,0,0,70,0,1,5,12,13,6,2,42,0,0,1,1,22,70068,0,0,0,0,0,0,999,999,99,99,99,99,99,99,9999,99,9999,0,24,85,0,0,2,2,70,1,1,2,1,0,0,15,13,7,3,4,2,1,1
22,220140,1,1,2,1,4,20,20,24,0,1,0,93,3,82,881,82881,66,2000,1FUYDSEB1YLF,1,F,U,Y,D,S,E,B,1,Y,L,F,0,T,FRHT,FLD,DS,0,17,,8,0,0,CON,D,,0,57,345177,57345177,3,5,96,1,0,0,0,0,0,0,0,70,0,0,0,82,12,6,2,42,0,0,0,1,47,37724,6,1,6,0,3,0,67,155,0,0,0,0,0,0,0,0,0,0,24,0,0,0,2,2,70,1,1,2,1,0,0,1,13,4,1,4,1,1,0
22,220141,1,3,3,7,4,5,35,12,2,1,0,22,2,22,20,22020,4,2006,2G2WP5520611,2,G,2,W,P,5,5,2,0,6,1,1,0,P,PONT,GRA,4D,6,17,3477,,0,1105,,G,,0,0,000000000,00000000000,0,0,0,1,0,0,0,0,0,0,0,55,0,0,0,12,12,6,2,12,0,0,0,1,22,71075,6,1,0,0,3,0,70,205,0,0,0,0,0,0,0,0,0,0,24,51,0,0,1,2,55,1,1,2,1,0,0,1,10,1,1,2,50,0,0
22,220141,2,3,1,7,4,5,35,12,2,1,0,22,1,22,18,22018,4,2004,1G2NE52F74C1,1,G,2,N,E,5,2,F,7,4,C,1,0,P,PONT,GAS,4D,4,17,3066,,0,1070,,G,,0,0,000000000,00000000000,0,0,0,1,0,0,0,0,0,0,0,55,0,0,0,12,12,6,2,12,0,0,0,1,22,71055,6,1,0,0,3,0,63,135,0,0,0,0,0,0,0,0,0,0,0,0,0,0,1,2,55,1,1,2,1,0,0,1,62,7,1,1,51,1,0
22,220141,3,3,1,7,4,5,35,12,2,1,0,22,1,20,37,20037,4,2005,1G1ZT52845F2,1,G,1,Z,T,5,2,8,4,5,F,2,0,P,CHEV,M/L,4D,5,17,3297,,0,1063,,G,,0,0,000000000,00000000000,0,0,0,1,0,0,0,0,0,0,0,55,0,0,0,12,12,6,2,12,0,0,0,1,22,71024,6,1,0,0,3,0,63,145,0,0,0,0,0,0,0,0,0,0,0,0,0,0,1,2,55,1,1,2,1,0,0,1,52,8,1,1,98,0,0
22,220142,1,2,1,1,4,18,35,12,6,1,0,22,2,37,706,37706,80,2009,JH2SC59019K1,J,H,2,S,C,5,9,0,1,9,K,1,0,M,HOND,CBS,RC,9,17,,,,,,,999,0,0,000000000,00000000000,0,0,0,1,0,0,0,0,0,0,0,85,0,0,0,11,3,6,2,12,0,0,0,1,22,70706,6,1,0,0,3,0,66,160,0,0,0,0,0,0,0,0,0,1,0,0,0,0,5,4,35,1,1,1,1,40,3,15,62,6,2,1,69,1,0
22,220142,2,2,1,1,4,18,35,12,6,1,0,22,1,12,481,12481,31,2008,1FTRW12W48FB,1,F,T,R,W,1,2,W,4,8,F,B,0,T,FORD,F1S,CW,8,17,,2,1500,1390,COF,G,,0,0,000000000,00000000000,0,0,0,1,0,0,0,0,0,0,0,20,0,0,0,5,3,4,3,12,0,0,0,1,22,70770,6,1,0,0,3,3,64,179,0,0,0,0,0,0,0,0,0,0,0,0,0,0,5,4,35,1,1,1,1,40,3,11,54,1,1,2,68,0,0