STATE,ST_CASE,VEH_NO,VE_FORMS,NUMOCCS,DAY,MONTH,HOUR,MINUTE,HARM_EV,MAN_COLL,UNITTYPE,HIT_RUN,REG_STAT,OWNER,MAKE,MODEL,MAK_MOD,BODY_TYP,MOD_YEAR,VIN,VIN_1,VIN_2,VIN_3,VIN_4,VIN_5,VIN_6,VIN_7,VIN_8,VIN_9,VIN_10,VIN_11,VIN_12,TOW_VEH,VINTYPE,VINMAKE,VINA_MOD,VIN_BT,VINMODYR,VIN_LNGT,VIN_WGT,WGTCD_TR,WHLBS_LG,WHLBS_SH,SER_TR,FUELCODE,MCYCL_DS,J_KNIFE,MCARR_I1,MCARR_I2,MCARR_ID,GVWR,V_CONFIG,CARGO_BT,HAZ_INV,HAZ_PLAC,HAZ_ID,HAZ_CNO,HAZ_REL,BUS_USE,SPEC_USE,EMER_USE,TRAV_SP,UNDERIDE,ROLLOVER,ROLINLOC,IMPACT1,IMPACT2,DEFORMED,TOWED,M_HARM,VEH_SC1,VEH_SC2,FIRE_EXP,DR_PRES,L_STATE,DR_ZIP,L_STATUS,L_TYPE,CDL_STAT,L_ENDORS,L_COMPL,L_RESTRI,DR_HGT,DR_WGT,PREV_ACC,PREV_SUS,PREV_DWI,PREV_SPD,PREV_OTH,FIRST_MO,FIRST_YR,LAST_MO,LAST_YR,SPEEDREL,DR_SF1,DR_SF2,DR_SF3,DR_SF4,VTRAFWAY,VNUM_LAN,VSPD_LIM,VALIGN,VPROFILE,VPAVETYP,VSURCOND,VTRAFCON,VTCONT_F,P_CRASH1,P_CRASH2,P_CRASH3,PCRASH4,PCRASH5,ACC_TYPE,DEATHS,DR_DRINK
22,220276,1,1,1,10,6,22,4,32,0,1,0,6,2,12,401,12401,14,2002,1FMZU63E22ZA,1,F,M,Z,U,6,3,E,2,2,Z,A,0,P,FORD,EPR,UT,2,17,4163,,0,1137,,G,,0,0,000000000,00000000000,0,0,0,1,0,0,0,0,0,0,0,70,0,1,5,12,12,6,2,1,0,0,0,1,22,70532,6,1,0,0,3,0,75,240,0,0,0,0,0,0,0,0,0,1,24,0,0,0,1,2,55,1,1,2,1,0,0,1,6,1,3,4,2,1,1
22,220277,1,2,2,11,6,14,53,12,6,1,0,22,3,51,881,51881,66,2007,4V4NC9GH17N4,4,V,4,N,C,9,G,H,1,7,N,4,1,T,VOLV,VNL,DS,7,17,,8,0,0,VVN,D,,1,57,1031868,571031868,3,6,1,1,0,0,0,0,0,0,0,65,0,0,0,12,12,6,2,2,0,0,1,1,22,71220,6,1,6,0,3,0,72,300,0,0,0,2,0,10,2008,10,2008,1,0,0,0,0,1,2,55,1,1,2,1,0,0,1,10,1,1,2,64,2,0
22,220277,2,2,1,11,6,14,53,12,6,1,0,22,1,20,481,20481,31,2003,1GCHK29U73E1,1,G,C,H,K,2,9,U,7,3,E,1,0,T,CHEV,2KH,4C,3,17,,2,1575,1435,SIL,G,,0,0,000000000,00000000000,0,0,0,1,0,0,0,0,0,0,0,50,0,0,0,11,11,6,2,12,0,0,0,1,22,71264,6,1,0,0,3,0,69,175,0,0,0,1,0,10,2007,10,2007,0,0,0,0,0,1,2,55,1,1,2,1,0,0,1,62,7,1,1,65,0,0
22,220278,1,1,1,12,6,7,30,34,0,1,0,48,3,84,881,84881,63,2010,1HTWYAHT4AJ2,1,H,T,W,Y,A,H,T,4,A,J,2,0,T,INTL,760,TM,10,17,,8,0,0,70S,D,,0,57,122486,57122486,3,2,2,2,2,1993,3,2,0,0,0,45,0,1,5,5,5,6,2,1,0,0,0,1,48,75604,6,1,6,1,3,1,999,999,0,2,0,1,0,4,2008,10,2009,0,24,0,0,0,1,2,55,3,2,2,1,0,0,14,13,1,1,4,1,1,0
22,220279,1,1,2,12,6,21,10,24,0,1,0,22,1,20,481,20481,31,1988,1GCDC14Z3JZ2,1,G,C,D,C,1,4,Z,3,J,Z,2,0,T,CHEV,GC1,PK,88,17,,1,1315,1175,GM4,G,,0,0,000000000,00000000000,0,0,0,1,0,0,0,0,0,0,0,60,0,1,2,12,12,4,3,1,0,0,0,1,22,70601,6,1,0,0,3,0,64,140,0,0,0,0,1,1,2008,1,2008,1,24,58,0,0,6,1,60,2,2,1,1,40,3,14,6,1,3,4,2,1,1
22,220280,1,2,1,13,6,2,35,12,2,1,0,22,2,2,403,2403,14,2000,1J4FA49S8YP7,1,J,4,F,A,4,9,S,8,Y,P,7,0,T,JEEP,SPW,2W,0,17,,1,0,934,W/T,G,,0,0,000000000,00000000000,0,0,0,1,0,0,0,0,0,0,0,65,0,0,0,12,12,6,2,12,0,0,0,1,22,70783,1,1,0,0,2,0,69,161,0,3,0,0,0,10,2007,3,2009,1,24,51,0,0,1,2,55,2,1,2,1,0,0,14,10,1,1,2,50,0,0
22,220280,2,2,3,13,6,2,35,12,2,1,0,22,2,20,2,20002,4,2006,2G1WC5815691,2,G,1,W,C,5,8,1,5,6,9,1,0,P,CHEV,IMT,4D,6,17,3477,,0,1105,,G,,0,0,000000000,00000000000,0,0,0,1,0,0,0,0,0,0,0,55,0,0,0,12,12,6,2,12,0,0,0,1,22,70760,1,1,0,0,2,0,64,190,0,2,0,0,0,2,2009,8,2009,0,24,0,0,0,1,2,55,3,1,2,1,0,0,14,62,7,1,1,51,1,0
22,220281,1,2,2,13,6,18,35,35,0,1,0,22,1,23,481,23481,31,2005,2GTEC13T7511,2,G,T,E,C,1,3,T,7,5,1,1,1,T,GMC,NC1,CW,5,17,,2,0,1435,SIE,G,,3,0,000000000,00000000000,0,0,0,1,0,0,0,0,0,0,0,80,0,1,1,14,14,6,2,1,0,0,0,1,22,70508,1,1,0,0,2,0,72,150,0,2,0,0,2,10,2007,6,2010,1,24,0,0,0,2,2,70,1,1,2,1,0,0,1,13,1,1,4,9,1,1
22,220281,2,2,6,13,6,18,35,35,0,1,0,22,1,12,401,12401,14,2007,1FMEU63EX7UB,1,F,M,E,U,6,3,E,X,7,U,B,1,P,FORD,EPR,UT,7,17,4440,,0,1137,,G,,3,0,000000000,00000000000,0,0,0,1,0,0,0,0,0,0,0,65,0,0,0,12,12,4,3,54,0,0,0,1,22,70583,6,1,0,0,3,0,61,180,0,0,0,0,0,0,0,0,0,0,0,0,0,0,2,2,70,1,1,2,1,0,0,1,61,6,1,1,98,0,0
22,220282,1,1,1,14,6,17,15,34,0,1,0,22,2,12,13,12013,4,1996,3FASP13J3TR1,3,F,A,S,P,1,3,J,3,T,R,1,0,P,FORD,LXE,4D,96,17,2378,,0,984,,G,,0,0,000000000,00000000000,0,0,0,1,0,0,0,0,0,0,0,55,0,0,0,12,12,6,2,42,0,0,0,1,22,71234,6,1,0,0,3,0,64,140,0,0,0,0,0,0,0,0,0,1,0,0,0,0,1,2,55,3,2,2,1,40,3,14,13,1,1,4,1,1,0
22,220283,1,2,1,20,6,20,10,12,2,1,0,22,2,35,48,35048,2,2003,JN1AZ34D03T1,J,N,1,A,Z,3,4,D,0,3,T,1,0,P,NISS,3ZC,CP,3,17,3062,,0,1083,,G,,0,0,000000000,00000000000,0,0,0,1,0,0,0,0,0,0,0,999,0,0,0,12,12,6,2,12,0,0,0,1,22,70560,6,1,0,0,3,3,68,143,1,1,0,5,2,5,2008,5,2010,0,0,0,0,0,2,2,50,1,1,1,1,0,0,1,10,1,1,6,50,1,0
22,220283,2,2,2,20,6,20,10,12,2,1,0,22,2,20,403,20403,14,2004,1GNES16S7461,1,G,N,E,S,1,6,S,7,4,6,1,0,P,CHEV,TRL,UT,4,17,4773,,0,1290,,G,,0,0,000000000,00000000000,0,0,0,1,0,0,0,0,0,0,0,999,0,0,0,12,12,6,2,12,0,0,0,1,22,70560,6,1,0,0,3,3,67,125,0,0,0,0,0,0,0,0,0,0,0,0,0,0,2,2,50,1,1,1,1,0,0,1,62,7,1,1,51,0,0
22,220284,1,2,1,21,6,16,17,12,2,1,0,22,3,20,481,20481,31,2010,1GC3CVBG4AF1,1,G,C,3,C,V,B,G,4,A,F,1,0,T,CHEV,2CH,PK,10,17,,2,0,1330,SIL,F,,0,0,000000000,00000000000,0,0,0,1,0,0,0,0,0,0,0,55,0,0,0,12,12,6,2,12,0,0,0,1,22,71303,6,1,0,0,3,0,70,180,0,5,0,3,0,4,2008,6,2010,0,51,0,0,0,1,2,55,1,1,1,1,0,0,1,10,1,1,2,50,0,0
22,220284,2,2,1,21,6,16,17,12,2,1,0,22,1,23,481,23481,31,2008,1GTJK34638E1,1,G,T,J,K,3,4,6,3,8,E,1,0,T,GMC,SK3,PK,8,17,,3,1615,1370,SIE,D,,0,0,000000000,00000000000,0,0,0,1,0,0,0,0,0,0,0,55,0,0,0,12,9,6,2,12,0,0,0,1,22,70535,6,1,0,0,3,0,72,200,0,0,0,0,0,0,0,0,0,0,0,0,0,0,1,2,55,1,1,1,1,0,0,1,62,1,1,1,51,1,1
22,220285,1,2,1,22,6,7,0,12,2,1,0,22,1,23,422,23422,15,2004,1GKEC13Z74R3,1,G,K,E,C,1,3,Z,7,4,R,3,0,T,GMC,YUK,4W,4,17,,2,0,1160,YUK,F,,0,0,000000000,00000000000,0,0,0,1,0,0,0,0,0,0,0,55,0,0,0,12,12,6,2,12,0,0,0,1,22,70775,6,1,0,0,3,0,60,115,0,0,0,0,0,0,0,0,0,1,51,91,0,0,1,2,45,1,1,2,1,28,3,1,10,1,1,2,50,0,0
22,220285,2,2,1,22,6,7,0,12,2,1,0,22,1,21,17,21017,4,1989,2G3AJ51N8K24,2,G,3,A,J,5,1,N,8,K,2,4,0,P,OLDS,CCI,4D,89,17,2642,,0,1049,,G,,0,0,000000000,00000000000,0,0,0,1,0,0,0,0,0,0,0,45,0,0,0,12,12,6,2,12,0,0,0,1,22,70775,6,1,0,0,3,0,63,195,0,0,0,0,0,0,0,0,0,0,0,0,0,0,1,2,45,1,1,2,1,28,3,1,62,4,2,1,51,1,0
22,220286,1,2,1,23,6,0,32,12,2,1,0,22,2,42,401,42401,14,2001,4JGAB54E11A2,4,J,G,A,B,5,4,E,1,1,A,2,0,P,MERZ,ML3,UT,1,17,4586,,0,1110,,G,,0,0,000000000,00000000000,0,0,0,1,0,0,0,0,0,0,0,80,0,0,0,12,12,6,2,12,0,0,0,1,22,70401,6,1,0,0,3,0,61,174,0,0,0,0,0,0,0,0,0,1,51,0,0,0,2,2,70,1,1,1,1,28,3,1,10,1,1,1,52,0,0
22,220286,2,2,1,23,6,0,32,12,2,1,0,22,1,55,36,55036,3,2007,KMHCM36C17U0,K,M,H,C,M,3,6,C,1,7,U,0,0,P,HYUN,AGS,2H,7,17,2467,,0,984,,G,,0,0,000000000,00000000000,0,0,0,1,0,0,0,0,0,0,0,70,0,1,5,12,12,6,2,12,0,0,0,1,22,70454,6,1,0,0,3,0,68,160,0,0,0,0,0,0,0,0,0,0,0,0,0,0,2,2,70,1,1,1,1,28,3,1,54,7,1,1,52,1,0
22,220287,1,2,1,23,6,15,45,12,2,1,0,22,3,12,471,12471,30,2008,1FTYR14U18PB,1,F,T,Y,R,1,4,U,1,8,P,B,0,T,FORD,RNS,PS,8,17,,1,0,1260,RNG,G,,0,0,000000000,00000000000,0,0,0,1,0,0,0,0,0,0,0,55,0,0,0,12,12,6,2,12,0,0,0,1,22,70118,6,1,0,0,3,0,69,170,0,0,0,0,0,0,0,0,0,0,51,0,0,0,2,2,55,1,1,2,1,0,0,1,10,1,1,2,50,1,0
22,220287,2,2,2,23,6,15,45,12,2,1,0,22,2,20,36,20036,2,2004,2G1WZ1210492,2,G,1,W,Z,1,2,1,0,4,9,2,0,P,CHEV,MSP,CP,4,17,3395,,0,1105,,G,,0,0,000000000,00000000000,0,0,0,1,0,0,0,0,0,0,0,45,0,0,0,12,12,6,2,12,0,0,0,1,22,70047,6,1,0,0,3,0,74,160,0,0,0,0,0,0,0,0,0,0,0,0,0,0,2,2,55,1,1,2,1,0,0,1,62,4,1,1,51,0,0
22,220288,1,1,5,25,6,1,28,34,0,1,0,22,2,19,18,19018,4,2004,1G6DM5777401,1,G,6,D,M,5,7,7,7,4,0,1,0,P,CADI,C/T,4D,4,17,3509,,0,1134,,G,,0,0,000000000,00000000000,0,0,0,1,0,0,0,0,0,0,0,35,0,1,5,12,12,6,2,32,0,0,0,1,22,70353,6,1,0,0,3,0,68,160,0,0,0,0,0,0,0,0,0,0,24,0,0,0,1,2,35,4,1,2,1,28,3,14,13,1,1,4,1,1,1
22,220289,1,1,1,24,6,12,4,1,0,1,0,22,3,86,881,86881,66,2002,1M2AA13Y02W1,1,M,2,A,A,1,3,Y,0,2,W,1,1,T,MACK,CH6,DS,2,17,,8,0,0,600,D,,1,57,656957,57656957,3,6,4,1,0,0,0,0,0,0,0,50,0,1,2,0,12,6,2,52,0,0,0,1,5,71753,6,1,6,0,3,0,68,215,0,0,0,0,0,0,0,0,0,0,58,0,0,0,1,2,55,1,1,2,2,0,0,1,13,6,4,7,7,1,0
22,220290,1,3,1,26,6,22,25,12,6,1,0,22,2,20,401,20401,14,2002,1GNES16S6261,1,G,N,E,S,1,6,S,6,2,6,1,0,P,CHEV,TRL,UT,2,17,4836,,0,1290,,G,,0,0,000000000,00000000000,0,0,0,1,0,0,0,0,0,0,0,55,0,1,2,5,9,6,2,1,0,0,0,1,22,70525,6,2,0,0,3,2,70,198,0,0,0,0,0,0,0,0,0,0,73,39,38,24,1,2,55,1,1,2,1,20,3,1,17,1,1,1,87,1,0
22,220290,2,3,2,26,6,22,25,12,6,1,0,22,2,49,40,49040,4,2007,4T1BE46K97U1,4,T,1,B,E,4,6,K,9,7,U,1,0,P,TOYT,CMB,4D,7,17,3108,,0,1093,,G,,0,0,000000000,00000000000,0,0,0,1,0,0,0,0,0,0,0,55,0,1,5,12,13,6,2,1,0,0,0,1,22,70578,6,1,0,0,3,0,70,200,0,0,0,2,0,7,2008,1,2010,0,0,0,0,0,1,2,55,1,1,2,1,0,0,1,66,1,1,1,86,0,0
22,220290,3,3,4,26,6,22,25,12,6,1,0,22,1,23,421,23421,15,2009,1GKFC03259R1,1,G,K,F,C,0,3,2,5,9,R,1,0,T,GMC,NAL,4W,9,17,,2,0,1160,YUK,F,,0,0,000000000,00000000000,0,0,0,1,0,0,0,0,0,0,0,10,0,0,0,11,11,6,2,12,0,0,0,1,22,70508,6,1,0,0,3,0,71,235,0,0,0,0,0,0,0,0,0,0,0,0,0,0,1,2,55,1,1,2,1,20,3,1,62,1,1,1,98,0,1
22,220291,1,1,3,26,6,23,55,32,0,1,0,22,1,23,481,23481,31,2008,3GTEC13J78G2,3,G,T,E,C,1,3,J,7,8,G,2,0,T,GMC,SC1,CW,8,17,,2,0,1435,SIE,G,,0,0,000000000,00000000000,0,0,0,1,0,0,0,0,0,0,0,112,0,0,0,12,11,6,2,42,0,0,0,1,22,70739,6,8,0,0,3,0,69,140,0,0,0,0,0,0,0,0,0,1,24,0,0,0,1,2,45,3,1,2,1,40,3,14,13,1,1,4,1,1,1
22,220292,1,1,2,27,6,11,10,1,0,1,0,22,1,19,3,19003,4,1990,1G6CD5335L42,1,G,6,C,D,5,3,3,5,L,4,2,0,P,CADI,DFW,4D,90,17,3382,,0,1138,,G,,0,0,000000000,00000000000,0,0,0,1,0,0,0,0,0,0,0,70,0,1,5,0,83,6,2,1,0,0,0,1,22,71270,6,1,0,0,3,3,66,100,0,0,0,0,0,0,0,0,0,0,80,58,0,0,2,2,70,1,1,1,1,0,0,1,1,7,3,4,2,1,0
22,220293,1,1,3,27,6,4,50,42,0,1,0,22,1,20,481,20481,31,1997,1GCEC14W3VZ1,1,G,C,E,C,1,4,W,3,V,Z,1,0,T,CHEV,GC1,PK,97,17,,2,1315,1175,GM4,G,,0,0,000000000,00000000000,0,0,0,1,0,0,0,0,0,0,0,80,0,0,0,3,3,6,2,42,0,0,0,1,22,70438,6,1,0,0,3,0,73,160,0,0,0,0,1,9,2008,9,2008,1,24,58,0,0,1,2,55,2,2,2,1,40,3,14,6,7,3,5,7,2,1
22,220294,1,3,2,28,6,16,13,12,6,1,0,22,1,49,43,49043,4,2000,4T1BF28B9YU1,4,T,1,B,F,2,8,B,9,Y,U,1,0,P,TOYT,UVS,4D,0,17,3335,,0,1071,,G,,0,0,000000000,00000000000,0,0,0,1,0,0,0,0,0,0,0,65,0,0,0,4,3,6,2,12,0,0,0,1,22,70128,6,1,0,0,3,0,66,269,0,0,0,1,0,10,2008,10,2008,0,0,0,0,0,2,2,65,3,1,2,2,28,3,14,9,1,4,4,64,1,0
22,220294,2,3,1,28,6,16,13,12,6,1,0,22,2,49,472,49472,30,2002,5TENL42N02Z1,5,T,E,N,L,4,2,N,0,2,Z,1,0,T,TOYT,REG,PK,2,17,,1,0,1033,TAC,G,,0,0,000000000,00000000000,0,0,0,1,0,0,0,0,0,0,0,50,0,0,0,12,12,6,2,12,0,0,0,1,22,70359,6,1,0,0,3,0,64,150,0,0,0,0,0,0,0,0,0,0,0,0,0,0,2,2,65,2,1,2,2,28,3,14,62,1,1,1,65,0,0
22,220294,3,3,1,28,6,16,13,12,6,1,0,22,3,12,481,12481,31,2008,1FTSX20R88EA,1,F,T,S,X,2,0,R,8,8,E,A,0,T,FORD,F2S,4C,8,17,,2,1580,1420,SRW,D,,0,0,000000000,00000000000,0,0,0,1,0,0,0,0,0,0,0,65,0,0,0,11,11,4,3,12,0,0,0,1,22,70030,6,1,0,0,3,0,72,350,0,0,0,0,0,0,0,0,0,0,0,0,0,0,2,2,65,2,1,2,2,28,3,14,50,7,1,1,98,0,0
22,220295,1,1,1,25,6,14,45,34,0,1,0,22,1,12,401,12401,14,2002,1FMYU60E52UD,1,F,M,Y,U,6,0,E,5,2,U,D,0,P,FORD,EPR,UT,2,17,3860,,0,1018,,G,,0,0,000000000,00000000000,0,0,0,1,0,0,0,0,0,0,0,45,0,1,5,2,13,6,2,1,0,0,0,1,22,70071,6,1,0,0,3,0,70,225,0,0,0,0,0,0,0,0,0,0,0,0,0,0,1,2,45,1,1,2,1,28,3,1,13,1,1,4,1,1,0
22,220296,1,1,1,28,6,99,99,38,0,1,0,28,2,7,482,7482,31,2006,1D7HA18K26J2,1,D,7,H,A,1,8,K,2,6,J,2,0,T,DODG,QS1,CW,6,17,,2,0,1405,RPC,G,,0,0,000000000,00000000000,0,0,0,1,0,0,0,0,0,0,0,70,0,0,0,1,9,6,2,42,0,0,0,1,22,71282,6,1,0,0,3,3,66,172,0,0,0,0,0,0,0,0,0,0,24,0,0,0,2,2,70,1,1,1,1,0,0,1,13,99,1,4,5,1,0
22,220297,1,3,3,30,6,17,10,12,2,1,0,22,2,20,481,20481,31,1994,1GCEC14Z6RZ2,1,G,C,E,C,1,4,Z,6,R,Z,2,0,T,CHEV,GC1,PK,94,17,,2,1315,1175,GM4,G,,0,0,000000000,00000000000,0,0,0,1,0,0,0,0,0,0,0,50,0,0,0,12,12,6,2,12,0,0,0,1,22,70548,6,2,0,0,3,2,66,140,0,0,0,0,0,0,0,0,0,0,73,24,0,0,1,2,55,1,1,2,2,0,0,1,50,8,1,2,50,1,0
22,220297,2,3,4,30,6,17,10,12,2,1,0,22,1,7,481,7481,31,1993,3B7KE23CXPM1,3,B,7,K,E,2,3,C,X,P,M,1,0,T,DODG,D20,PC,93,17,,2,1490,1330,D20,D,,0,0,000000000,00000000000,0,0,0,1,0,0,0,0,0,0,0,45,0,0,0,12,12,6,2,12,0,0,0,1,22,70510,6,1,0,0,3,0,69,180,0,0,0,0,0,0,0,0,0,0,92,0,0,0,1,2,55,1,1,2,2,0,0,1,62,1,1,1,51,0,0
22,220297,3,3,1,30,6,17,10,12,2,1,0,22,2,12,481,12481,31,1998,1FTRX18L6WKC,1,F,T,R,X,1,8,L,6,W,K,C,0,T,FORD,F15,3C,98,17,,2,1570,1390,COF,G,,0,0,000000000,00000000000,0,0,0,1,0,0,0,0,0,0,0,45,0,0,0,10,10,2,1,12,0,0,0,1,22,70510,1,1,0,0,2,0,74,205,0,1,0,1,1,4,2008,5,2010,0,92,0,0,0,1,2,55,1,1,2,2,0,0,1,62,1,1,1,98,0,0
22,220298,1,2,1,2,6,11,56,12,6,1,0,22,1,13,1,13001,4,1985,1LNBP96F8FY7,1,L,N,B,P,9,6,F,8,F,Y,7,0,P,LINC,TNC,4D,85,17,3883,,0,1173,,G,,0,0,000000000,00000000000,0,0,0,1,0,0,0,0,0,0,0,999,0,1,5,3,3,6,2,1,0,0,0,1,22,71052,6,1,0,0,3,3,63,130,0,0,0,0,0,0,0,0,0,0,38,24,0,0,1,2,25,1,1,2,1,20,3,1,17,1,1,1,87,1,0
22,220298,2,2,1,2,6,11,56,12,6,1,0,22,3,23,481,23481,31,2009,3GTEK13C39G2,3,G,T,E,K,1,3,C,3,9,G,2,0,T,GMC,5NK,CW,9,17,,2,0,1435,SIE,G,,0,0,000000000,00000000000,0,0,0,1,0,0,0,0,0,0,0,61,0,0,0,12,12,6,2,12,0,0,0,1,22,70526,6,1,0,0,3,3,71,215,0,0,0,1,1,6,2007,7,2008,1,0,0,0,0,2,2,45,1,1,1,1,0,0,1,66,1,1,1,86,0,0
22,220300,1,1,2,29,6,15,47,42,0,1,0,22,1,59,32,59032,4,1991,JT8UF11E7M00,J,T,8,U,F,1,1,E,7,M,0,0,0,P,LEXS,LS4,4D,91,17,3591,,0,1108,,G,,0,0,000000000,00000000000,0,0,0,1,0,0,0,0,0,0,0,999,0,0,0,3,3,6,2,42,0,0,0,1,22,71118,0,0,0,0,0,0,999,999,99,99,99,99,99,99,9999,99,9999,9,85,0,0,0,2,2,98,3,1,2,2,0,0,14,78,99,2,4,8,1,0
22,220301,1,2,1,7,5,22,38,12,1,1,0,22,1,72,706,72706,80,2007,1HD1CX3137K4,1,H,D,1,C,X,3,1,3,7,K,4,0,M,HD,C1U,RS,7,17,,,,,,,1199,0,0,000000000,00000000000,0,0,0,1,0,0,0,0,0,0,0,60,0,0,0,12,12,6,2,12,0,0,0,1,22,71107,6,1,0,0,3,0,67,180,0,0,0,0,0,0,0,0,0,1,26,0,0,0,6,1,60,1,3,1,1,21,3,16,52,1,1,1,28,1,1
22,220301,2,2,1,7,5,22,38,12,1,1,0,22,1,21,21,21021,4,2001,1G3NF52E61C2,1,G,3,N,F,5,2,E,6,1,C,2,0,P,OLDS,AGS,4D,1,17,3022,,0,1070,,G,,0,0,000000000,00000000000,0,0,0,1,0,0,0,0,0,0,0,30,0,0,0,6,6,2,1,12,0,0,0,1,22,71106,6,1,0,0,3,0,63,185,0,0,0,0,0,0,0,0,0,0,92,0,0,0,6,1,60,1,3,1,1,21,3,2,53,1,1,1,29,0,0
22,220302,1,2,1,2,7,2,19,12,7,1,0,28,1,12,422,12422,15,1998,1FMRU17L3WLA,1,F,M,R,U,1,7,L,3,W,L,A,0,P,FORD,EPT,UT,98,17,4808,,0,1190,,G,,0,0,000000000,00000000000,0,0,0,1,0,0,0,0,0,0,0,70,0,0,0,63,6,6,2,38,0,0,0,1,28,70356,6,1,0,0,3,0,68,180,0,0,0,0,0,0,0,0,0,1,27,0,0,0,4,2,50,1,1,2,1,28,3,15,10,6,1,2,47,1,1
22,220302,2,2,2,2,7,2,19,12,7,1,0,22,1,49,472,49472,30,2007,5TEJU62N17Z4,5,T,E,J,U,6,2,N,1,7,Z,4,0,T,TOYT,DCP,CW,7,17,,1,0,1278,TAC,G,,0,0,000000000,00000000000,0,0,0,1,0,0,0,0,0,0,0,70,0,0,0,82,12,6,2,42,0,0,0,1,22,70364,6,1,0,0,3,0,71,150,0,0,0,0,0,0,0,0,0,1,36,0,0,0,4,2,50,1,1,2,1,28,3,1,60,1,1,1,45,2,0
22,220303,1,1,1,2,7,12,53,1,0,1,0,5,2,12,401,12401,14,1994,1FMDU34X4RUC,1,F,M,D,U,3,4,X,4,R,U,C,0,P,FORD,EPR,UT,94,17,4053,,0,1120,,G,,0,0,000000000,00000000000,0,0,0,1,0,0,0,0,0,0,0,48,0,1,5,0,9,6,2,1,0,0,0,1,5,72010,6,1,0,0,3,0,70,180,0,0,0,1,0,8,2009,8,2009,1,58,24,0,0,1,2,55,3,2,2,1,40,3,14,13,6,1,4,1,1,1
22,220304,1,1,1,8,7,99,99,34,0,1,0,22,1,7,482,7482,31,2003,1D7HA18D83S2,1,D,7,H,A,1,8,D,8,3,S,2,0,T,DODG,SQ1,CW,3,17,,2,1605,1405,RPC,G,,0,0,000000000,00000000000,0,0,0,1,0,0,0,0,0,0,0,62,0,1,5,81,83,6,2,42,0,0,0,1,22,71270,1,1,0,0,2,0,74,210,0,2,2,1,0,12,2008,2,2010,1,24,58,0,0,1,2,55,3,5,2,1,40,3,14,13,6,3,4,7,1,1
22,220305,1,3,1,9,7,9,0,12,2,1,0,93,3,82,883,82883,66,2003,1FUJA6AV83LL,1,F,U,J,A,6,A,V,8,3,L,L,1,T,FRHT,COL,DS,3,17,,8,0,0,CON,D,,3,57,8046564,578046564,3,6,1,1,0,0,0,0,0,0,0,65,0,0,0,12,12,6,2,12,0,0,0,1,48,77386,6,1,6,0,3,0,999,999,0,0,0,0,1,4,2009,4,2009,0,80,91,57,0,2,2,70,1,1,1,1,0,0,1,1,8,2,7,50,0,0
22,220305,2,3,1,9,7,9,0,12,2,1,0,22,1,54,35,54035,4,2002,2HNYD18652H5,2,H,N,Y,D,1,8,6,5,2,H,5,0,P,ACUR,MDX,UT,2,17,4436,,0,1063,,G,,0,0,000000000,00000000000,0,0,0,1,0,0,0,0,0,0,0,70,0,0,0,12,12,2,1,54,0,0,0,1,22,70053,6,1,0,0,3,0,67,170,0,0,0,0,0,0,0,0,0,0,0,0,0,0,2,2,70,1,1,1,1,0,0,1,62,12,1,1,98,0,0
22,220305,3,3,4,9,7,9,0,12,2,1,0,28,2,7,482,7482,31,2003,1D7HA18DX3J5,1,D,7,H,A,1,8,D,X,3,J,5,0,T,DODG,SQ1,CW,3,17,,2,1605,1405,RPC,G,,0,0,000000000,00000000000,0,0,0,1,0,0,0,0,0,0,0,70,0,0,0,12,12,6,2,12,0,0,0,1,28,39426,6,1,0,0,3,0,70,165,0,0,0,0,0,0,0,0,0,0,24,0,0,0,2,2,70,1,1,1,1,0,0,1,62,9,2,1,51,4,0
22,220306,1,1,1,9,7,22,40,34,0,1,0,22,2,22,18,22018,4,1996,1G2NE52M5TC7,1,G,2,N,E,5,2,M,5,T,C,7,0,P,PONT,GAS,4D,96,17,2719,,0,1034,,G,,0,0,000000000,00000000000,0,0,0,1,0,0,0,0,0,0,0,55,0,0,0,81,12,4,3,32,0,0,0,1,22,70552,6,1,0,0,3,0,70,320,0,0,0,0,0,0,0,0,0,0,24,0,0,0,1,2,55,4,1,2,1,0,0,14,13,1,1,4,1,1,1
22,220307,1,3,2,12,7,10,40,1,0,1,0,22,2,13,5,13005,4,1993,1LNLM9748PY6,1,L,N,L,M,9,7,4,8,P,Y,6,0,P,LINC,EXE,4D,93,17,3628,,0,1090,,G,,0,0,000000000,00000000000,0,0,0,1,0,0,0,0,0,0,0,70,0,1,3,0,13,4,3,12,0,0,0,1,22,70422,1,1,0,0,2,0,62,140,0,1,0,0,0,8,2009,8,2009,0,24,58,80,0,2,2,70,1,1,1,1,0,0,1,1,7,2,7,7,1,0
22,220307,2,3,1,12,7,10,40,1,0,1,0,22,1,20,16,20016,4,1996,1G1JC5242T72,1,G,1,J,C,5,2,4,2,T,7,2,0,P,CHEV,CAV,4D,96,17,2676,,0,1041,,G,,0,0,000000000,00000000000,0,0,0,1,0,0,0,0,0,0,0,70,0,0,0,9,9,4,3,12,0,0,0,1,22,70809,6,1,0,0,3,0,63,130,0,0,0,0,0,0,0,0,0,0,92,0,0,0,2,2,70,1,1,1,1,0,0,1,62,1,1,1,98,0,0