STATE,ST_CASE,VEH_NO,VE_FORMS,NUMOCCS,DAY,MONTH,HOUR,MINUTE,HARM_EV,MAN_COLL,UNITTYPE,HIT_RUN,REG_STAT,OWNER,MAKE,MODEL,MAK_MOD,BODY_TYP,MOD_YEAR,VIN,VIN_1,VIN_2,VIN_3,VIN_4,VIN_5,VIN_6,VIN_7,VIN_8,VIN_9,VIN_10,VIN_11,VIN_12,TOW_VEH,VINTYPE,VINMAKE,VINA_MOD,VIN_BT,VINMODYR,VIN_LNGT,VIN_WGT,WGTCD_TR,WHLBS_LG,WHLBS_SH,SER_TR,FUELCODE,MCYCL_DS,J_KNIFE,MCARR_I1,MCARR_I2,MCARR_ID,GVWR,V_CONFIG,CARGO_BT,HAZ_INV,HAZ_PLAC,HAZ_ID,HAZ_CNO,HAZ_REL,BUS_USE,SPEC_USE,EMER_USE,TRAV_SP,UNDERIDE,ROLLOVER,ROLINLOC,IMPACT1,IMPACT2,DEFORMED,TOWED,M_HARM,VEH_SC1,VEH_SC2,FIRE_EXP,DR_PRES,L_STATE,DR_ZIP,L_STATUS,L_TYPE,CDL_STAT,L_ENDORS,L_COMPL,L_RESTRI,DR_HGT,DR_WGT,PREV_ACC,PREV_SUS,PREV_DWI,PREV_SPD,PREV_OTH,FIRST_MO,FIRST_YR,LAST_MO,LAST_YR,SPEEDREL,DR_SF1,DR_SF2,DR_SF3,DR_SF4,VTRAFWAY,VNUM_LAN,VSPD_LIM,VALIGN,VPROFILE,VPAVETYP,VSURCOND,VTRAFCON,VTCONT_F,P_CRASH1,P_CRASH2,P_CRASH3,PCRASH4,PCRASH5,ACC_TYPE,DEATHS,DR_DRINK
22,220345,1,1,1,9,8,22,20,42,0,1,0,22,1,41,34,41034,2,1988,JM1FC331XJ06,J,M,1,F,C,3,3,1,X,J,0,6,0,P,MAZD,RX7,CP,88,17,2451,,0,957,,G,,0,0,000000000,00000000000,0,0,0,1,0,0,0,0,0,0,0,66,0,0,0,9,9,6,2,42,0,0,0,1,22,71055,6,1,0,0,3,0,64,112,0,0,0,0,0,0,0,0,0,1,51,84,0,0,1,2,45,3,3,2,1,28,3,14,54,7,3,4,2,1,1
22,220346,1,1,2,11,8,2,2,8,0,1,0,22,1,82,881,82881,66,2000,1FUYSDYB8YLB,1,F,U,Y,S,D,Y,B,8,Y,L,B,1,T,FRHT,FC2,DS,0,17,,8,0,0,CON,D,,1,57,306543,57306543,3,6,3,1,0,0,0,0,0,0,0,55,0,0,0,14,14,0,1,8,0,0,0,1,22,70592,6,1,6,0,3,3,68,180,0,0,0,0,0,0,0,0,0,0,0,0,0,0,2,2,55,1,1,2,1,0,0,1,80,8,2,1,13,0,0
22,220347,1,1,3,12,8,0,35,1,0,1,0,22,2,7,482,7482,31,2004,3D7MA46C14G1,3,D,7,M,A,4,6,C,1,4,G,1,0,T,DODG,S35,PK,4,17,,3,0,1405,RPC,D,,0,0,000000000,00000000000,0,0,0,1,0,0,0,0,0,0,0,85,0,1,5,0,13,6,2,1,0,0,0,1,22,71342,6,1,0,0,3,0,72,160,0,0,0,0,0,0,0,0,0,1,36,0,0,0,1,2,55,1,1,2,1,0,0,6,12,7,2,4,2,1,1
22,220348,1,2,2,13,8,11,10,12,2,1,0,22,2,35,471,35471,30,1992,1N6SD11S5NC3,1,N,6,S,D,1,1,S,5,N,C,3,0,T,NISS,SWB,PK,92,17,,1,0,1043,TRK,G,,0,0,000000000,00000000000,0,0,0,1,0,0,0,0,0,0,0,50,0,0,0,12,12,6,2,12,0,0,0,1,22,70301,1,1,0,0,2,0,64,210,0,3,0,0,0,9,2007,7,2010,0,84,0,0,0,1,2,50,1,1,2,2,0,0,2,54,1,2,2,50,1,1
22,220348,2,2,1,13,8,11,10,12,2,1,0,22,1,7,482,7482,31,2007,1D7HA18P57S1,1,D,7,H,A,1,8,P,5,7,S,1,0,T,DODG,SQ1,CW,7,17,,2,1605,1405,RPC,F,,0,0,000000000,00000000000,0,0,0,1,0,0,0,0,0,0,0,50,0,0,0,12,12,6,2,12,0,0,0,1,22,70364,6,1,6,0,3,0,70,205,0,0,0,0,0,0,0,0,0,0,0,0,0,0,1,2,50,1,1,2,2,0,0,1,62,7,1,1,51,0,0
22,220349,1,2,1,13,8,21,0,12,1,1,0,22,2,49,472,49472,30,1998,4TAVL52N5WZ0,4,T,A,V,L,5,2,N,5,W,Z,0,0,T,TOYT,XTR,PC,98,17,,1,0,1219,TAC,G,,0,0,000000000,00000000000,0,0,0,1,0,0,0,0,0,0,0,70,0,1,2,12,98,4,3,1,0,0,0,1,22,70711,6,1,0,0,3,0,63,134,0,0,0,0,0,0,0,0,0,0,26,0,0,0,2,2,70,1,1,1,1,0,0,1,51,1,1,1,24,1,1
22,220349,2,2,1,13,8,21,0,12,1,1,0,22,1,20,19,20019,4,1996,1G1LD5548TY1,1,G,1,L,D,5,5,4,8,T,Y,1,0,P,CHEV,CSA,4D,96,17,2745,,0,1034,,G,,0,0,000000000,00000000000,0,0,0,1,0,0,0,0,0,0,0,65,0,0,0,6,6,4,3,12,0,0,0,1,22,70454,3,1,0,0,2,3,66,180,0,0,0,0,0,0,0,0,0,0,0,0,0,0,2,2,70,1,1,1,1,0,0,1,53,1,1,1,25,0,0
22,220350,1,1,1,13,8,22,50,1,0,1,0,22,1,37,706,37706,80,1994,JH2PC2135RM1,J,H,2,P,C,2,1,3,5,R,M,1,0,M,HOND,VCD,RS,94,17,,,,,,,600,0,0,000000000,00000000000,0,0,0,1,0,0,0,0,0,0,0,38,0,0,0,0,61,4,3,1,0,0,0,1,22,71016,6,1,0,0,3,0,78,300,0,0,0,0,0,0,0,0,0,0,52,0,0,0,1,2,55,1,1,2,1,40,3,1,9,99,1,1,98,1,0
22,220351,1,1,1,14,8,1,51,32,0,1,0,22,1,7,24,7024,4,2006,2B3KA53H36H4,2,B,3,K,A,5,3,H,3,6,H,4,0,P,DODG,CHR,4D,6,17,3995,,0,1200,,G,,0,0,000000000,00000000000,0,0,0,1,0,0,0,0,0,0,0,100,0,1,5,12,81,6,2,1,0,0,0,1,22,70072,3,1,0,0,2,0,71,220,1,0,0,0,0,6,2008,6,2008,1,24,0,0,0,1,2,45,4,1,2,1,28,3,14,12,1,2,4,2,1,1
22,220352,1,2,1,14,8,13,30,12,7,1,1,99,9,99,999,99999,99,9999,999999999999,9,9,9,9,9,9,9,9,9,9,9,9,0,U,,,,9,17,,,,,,,,0,0,000000000,00000000000,0,0,0,1,0,0,0,0,0,0,0,70,0,0,0,61,99,2,1,12,99,99,0,1,99,99999,9,9,99,9,9,9,999,999,99,99,99,99,99,99,9999,99,9999,0,27,0,0,0,2,2,70,1,1,2,1,0,0,15,10,1,1,2,45,0,0
22,220352,2,2,1,14,8,13,30,12,7,1,0,22,1,20,16,20016,4,2004,1G1JC52FX471,1,G,1,J,C,5,2,F,X,4,7,1,0,P,CHEV,CAV,4D,4,17,2676,,0,1041,,G,,0,0,000000000,00000000000,0,0,0,1,0,0,0,0,0,0,0,75,0,0,0,81,81,4,3,8,0,0,0,1,22,70570,6,1,0,0,3,3,67,130,0,1,0,1,0,5,2009,6,2009,0,0,0,0,0,2,2,70,1,1,2,1,0,0,6,60,1,1,1,47,0,0
22,220353,1,1,1,15,8,2,15,35,0,1,0,48,2,20,481,20481,31,1995,1GCEC14Z2SZ2,1,G,C,E,C,1,4,Z,2,S,Z,2,0,T,CHEV,GC1,PK,95,17,,2,1315,1175,GM4,G,,0,0,000000000,00000000000,0,0,0,1,0,0,0,0,0,0,0,55,0,1,5,12,12,6,2,1,0,0,0,1,48,77657,0,0,0,0,0,0,999,999,99,99,99,99,99,99,9999,99,9999,0,24,0,0,0,1,2,55,4,1,2,1,40,3,14,13,99,1,4,1,1,1
22,220354,1,1,1,15,8,13,27,1,0,1,0,22,1,37,705,37705,80,2003,JH2RC44693M7,J,H,2,R,C,4,4,6,9,3,M,7,0,M,HOND,VCC,RS,3,17,,,,,,,745,0,0,000000000,00000000000,0,0,0,1,0,0,0,0,0,0,0,45,0,0,0,0,81,4,4,1,0,0,0,1,22,71040,6,1,0,0,3,0,67,130,0,0,0,1,0,10,2007,10,2007,0,87,0,0,0,1,2,55,4,1,2,2,0,0,14,4,99,2,2,98,1,0
22,220355,1,1,1,16,8,12,25,38,0,1,0,22,3,82,881,82881,60,2006,4UZAANCPX6CX,4,U,Z,A,A,N,C,P,X,6,C,X,0,T,FRHT,MWV,IC,6,17,,4,0,0,CHA,D,,0,57,021800,57021800,2,1,1,1,0,0,0,0,0,0,0,55,0,1,5,12,13,4,3,1,0,0,0,1,22,71292,6,1,0,0,3,0,69,200,0,0,0,0,0,0,0,0,0,1,58,0,0,0,1,2,55,4,3,2,1,40,3,14,13,6,4,4,7,1,0
22,220356,1,1,1,17,8,22,12,42,0,1,0,22,1,49,40,49040,4,2002,4T1BF32K82U5,4,T,1,B,F,3,2,K,8,2,U,5,0,P,TOYT,LXS,4D,2,17,3296,,0,1071,,G,,0,0,000000000,00000000000,0,0,0,1,0,0,0,0,0,0,0,70,0,0,0,12,12,6,2,2,0,0,1,1,22,70816,6,1,0,0,3,3,74,200,0,0,0,0,0,0,0,0,0,0,99,99,99,99,2,2,70,1,1,1,1,0,0,1,13,99,1,4,1,1,0
22,220357,1,1,1,19,8,19,24,42,0,1,0,22,2,12,471,12471,30,1998,1FTYR14C3WPB,1,F,T,Y,R,1,4,C,3,W,P,B,0,T,FORD,RNS,PS,98,17,,1,0,1257,RNG,G,,0,0,000000000,00000000000,0,0,0,1,0,0,0,0,0,0,0,50,0,1,5,62,62,6,2,42,0,0,0,1,22,70639,6,1,0,0,3,0,74,250,0,0,0,0,0,0,0,0,0,1,58,0,0,0,1,2,35,4,1,4,1,28,3,14,8,8,4,4,7,1,0
22,220358,1,1,2,20,8,19,50,1,0,1,0,22,2,76,739,76739,90,2004,0003831,0,0,0,3,8,3,1,,,,,,0,P,,,,,17,,,,,,,,0,0,000000000,00000000000,0,0,0,1,0,0,0,0,0,0,0,25,0,2,1,0,13,4,1,1,0,0,0,1,22,71340,6,1,0,0,3,0,64,140,0,0,0,0,0,0,0,0,0,0,58,52,24,18,1,2,55,4,1,2,1,0,0,14,13,6,4,6,98,1,0
22,220359,1,1,2,21,8,11,10,42,0,1,0,22,2,22,18,22018,4,2001,1G2WK52J11F1,1,G,2,W,K,5,2,J,1,1,F,1,0,P,PONT,GFS,4D,1,17,3384,,0,1105,,G,,0,0,000000000,00000000000,0,0,0,1,0,0,0,0,0,0,0,47,0,1,5,9,9,6,2,42,0,0,0,1,22,71411,0,0,0,0,0,0,999,999,99,99,99,99,99,99,9999,99,9999,1,52,58,92,0,1,2,35,1,1,4,1,0,0,1,6,7,3,4,7,1,0
22,220360,1,1,1,21,8,18,3,42,0,1,0,22,2,12,481,12481,31,1999,1FTRX18L6XNB,1,F,T,R,X,1,8,L,6,X,N,B,0,T,FORD,F15,4C,99,17,,2,1574,1388,COF,G,,0,0,000000000,00000000000,0,0,0,1,0,0,0,0,0,0,0,45,0,1,5,10,6,6,2,1,0,0,0,1,22,71270,0,0,0,0,0,0,999,999,99,99,99,99,99,99,9999,99,9999,0,58,0,0,0,1,2,45,4,1,2,1,28,3,14,13,7,3,4,2,1,1
22,220361,1,1,4,22,8,18,35,1,0,1,0,1,2,12,401,12401,14,1996,1FMDU34X8TUA,1,F,M,D,U,3,4,X,8,T,U,A,0,P,FORD,EPR,UT,96,17,4189,,0,1115,,G,,0,0,000000000,00000000000,0,0,0,1,0,0,0,0,0,0,0,70,0,1,1,0,9,6,2,1,0,0,0,1,1,35670,6,1,0,0,3,3,61,125,0,0,0,0,0,0,0,0,0,0,80,58,0,0,2,2,70,1,1,2,1,0,0,1,1,7,3,2,98,1,0
22,220362,1,2,1,23,8,17,30,12,6,1,0,22,1,20,37,20037,4,2005,1G1ZT62835F3,1,G,1,Z,T,6,2,8,3,5,F,3,0,P,CHEV,XLS,4D,5,17,3476,,0,1123,,G,,0,0,000000000,00000000000,0,0,0,1,0,0,0,0,0,0,0,75,0,0,0,3,3,6,2,12,0,0,0,1,22,70040,6,1,0,0,3,3,66,164,0,0,0,0,0,0,0,0,0,1,87,0,0,0,1,2,55,1,1,2,2,0,0,1,6,99,4,2,64,1,0
22,220362,2,2,1,23,8,17,30,12,6,1,0,22,1,12,481,12481,31,2000,1FTWW32F6YEA,1,F,T,W,W,3,2,F,6,Y,E,A,1,T,FORD,F3D,CW,0,17,,3,1720,1560,DRW,D,,1,0,000000000,00000000000,0,0,0,1,0,0,0,0,0,0,0,35,0,0,0,12,12,6,2,12,0,0,0,1,22,70040,6,1,0,0,3,0,68,165,0,0,0,0,0,0,0,0,0,0,0,0,0,0,1,2,55,1,1,2,2,0,0,1,62,7,2,1,65,0,0
22,220363,1,2,1,26,8,10,30,12,6,1,0,22,3,23,881,23881,61,2004,1GDC4C1134F5,1,G,D,C,4,C,1,1,3,4,F,5,0,T,GMC,C4C,CB,4,17,,4,2060,1280,C45,D,,0,88,888888888,88888888888,2,1,1,1,0,0,0,0,0,0,0,15,0,0,0,7,7,2,1,12,0,0,0,1,22,70605,6,1,0,0,3,3,66,145,1,1,0,1,0,9,2008,8,2010,0,38,0,0,0,2,2,65,1,1,2,1,0,0,11,98,1,1,1,72,0,0
22,220363,2,2,2,26,8,10,30,12,6,1,0,22,1,37,706,37706,80,2002,1HFSC47032A1,1,H,F,S,C,4,7,0,3,2,A,1,0,M,HOND,GL8,RS,2,17,,,,,,,1832,0,0,000000000,00000000000,0,0,0,1,0,0,0,0,0,0,0,55,0,0,0,12,12,6,2,12,0,0,0,1,22,70648,6,1,0,0,3,3,73,204,0,0,0,0,0,0,0,0,0,0,0,0,0,0,2,2,65,1,1,2,1,0,0,1,64,8,2,2,73,1,0
22,220364,1,1,1,29,8,6,40,35,0,1,0,28,2,41,37,41037,4,1994,1YVGE22C2R51,1,Y,V,G,E,2,2,C,2,R,5,1,0,P,MAZD,UDL,4D,94,17,2637,7,0,1028,20S,G,,0,0,000000000,00000000000,0,0,0,1,0,0,0,0,0,0,0,60,0,1,2,12,12,6,2,1,0,0,0,1,22,70810,1,1,0,0,2,0,75,165,0,1,0,0,0,7,2010,7,2010,1,24,0,0,0,1,2,50,2,1,2,2,0,0,14,12,1,1,4,6,1,0
22,220365,1,1,1,2,7,16,1,42,0,1,0,5,1,20,481,20481,31,2003,1GCEC14V63Z2,1,G,C,E,C,1,4,V,6,3,Z,2,0,T,CHEV,SC1,PK,3,17,,2,1330,1190,SIL,G,,0,0,000000000,00000000000,0,0,0,1,0,0,0,0,0,0,0,55,0,1,5,12,12,6,2,1,0,0,0,1,5,71701,6,1,0,0,3,0,70,200,0,0,0,0,0,0,0,0,0,0,51,0,0,0,1,2,55,1,1,2,1,0,0,1,9,1,1,4,6,1,0
22,220366,1,1,1,29,8,22,36,8,0,1,0,48,1,37,402,37402,14,2009,JHLRE38559C0,J,H,L,R,E,3,8,5,5,9,C,0,0,P,HOND,CRV,UT,9,17,3415,,0,1031,,G,,0,0,000000000,00000000000,0,0,0,1,0,0,0,0,0,0,0,999,0,0,0,1,1,2,3,8,0,0,0,1,48,77091,6,1,0,0,3,3,999,999,0,0,0,0,0,0,0,0,0,0,0,0,0,0,2,2,70,1,1,2,1,0,0,1,80,1,1,1,13,0,0
22,220367,1,1,2,5,8,6,30,30,0,1,0,48,2,7,482,7482,31,2001,1B7HC16X61S2,1,B,7,H,C,1,6,X,6,1,S,2,0,T,DODG,150,PK,1,17,,2,1347,1187,RPC,G,,0,0,000000000,00000000000,0,0,0,1,0,0,0,0,0,0,0,55,0,0,0,3,12,6,2,42,0,0,0,1,22,71429,0,0,0,0,0,0,999,999,99,99,99,99,99,99,9999,99,9999,0,0,0,0,0,1,2,55,4,1,2,1,0,0,14,13,1,1,4,1,1,0
22,220368,1,1,2,23,1,1,30,1,0,1,0,22,2,20,431,20431,16,2001,3GNGC26UX1G2,3,G,N,G,C,2,6,U,X,1,G,2,0,P,CHEV,C25,UT,1,17,5447,,0,1300,,G,,0,0,000000000,00000000000,0,0,0,1,0,0,0,0,0,0,0,999,0,1,3,0,99,6,2,1,0,0,0,1,22,70112,6,1,0,0,3,0,62,98,0,0,0,0,0,0,0,0,0,9,36,0,0,0,2,3,60,1,1,1,1,28,3,1,8,1,2,4,2,1,1
22,220369,1,1,1,26,9,99,99,42,0,1,0,22,2,23,401,23401,14,2001,1GKDT13W9121,1,G,K,D,T,1,3,W,9,1,2,1,0,T,GMC,JMY,4W,1,17,,1,0,1070,JMY,G,,0,0,000000000,00000000000,0,0,0,1,0,0,0,0,0,0,0,55,0,1,6,62,98,6,2,1,0,0,0,1,22,71038,6,1,0,0,3,0,64,120,0,0,0,0,0,0,0,0,0,0,58,0,0,0,1,2,55,4,1,2,1,28,3,14,13,6,4,4,7,1,0
22,220370,1,2,1,8,9,17,3,12,6,1,0,22,3,7,482,7482,31,2005,3D7KR28D45G8,3,D,7,K,R,2,8,D,4,5,G,8,1,T,DODG,SQ2,CW,5,17,,2,1605,1405,RPC,G,,1,0,000000000,00000000000,0,0,0,1,0,0,0,0,0,0,0,20,0,0,0,62,62,6,2,12,0,0,0,1,22,70518,6,1,0,0,3,3,71,160,0,0,0,0,0,0,0,0,0,0,39,38,24,0,1,2,45,1,1,2,1,20,3,1,17,1,1,1,89,1,1
22,220370,2,2,1,8,9,17,3,12,6,1,0,22,3,84,881,84881,62,2006,1HTMMAAM46H2,1,H,T,M,M,A,A,M,4,6,H,2,1,T,INTL,430,CC,6,17,,6,0,0,40S,D,,1,57,517509,57517509,3,4,3,1,0,0,0,0,0,0,0,40,0,0,0,12,12,6,2,12,0,0,0,1,22,70355,6,1,6,0,3,3,70,259,0,0,0,1,0,6,2008,6,2008,0,0,0,0,0,2,2,40,1,1,2,1,0,0,1,66,2,1,1,88,0,0
22,220371,1,1,2,11,9,14,8,10,0,1,0,22,2,20,16,20016,4,2004,1G1JC52F5472,1,G,1,J,C,5,2,F,5,4,7,2,0,P,CHEV,CAV,4D,4,17,2676,,0,1041,,G,,0,0,000000000,00000000000,0,0,0,1,0,0,0,0,0,0,0,8,0,0,0,82,82,6,2,10,0,0,0,1,22,71220,6,1,0,0,3,0,71,180,0,0,0,0,0,0,0,0,0,0,38,0,0,0,1,2,35,1,1,2,1,65,3,1,91,1,1,1,15,2,0
22,220372,1,1,1,12,9,2,50,42,0,1,0,22,1,12,471,12471,30,1992,1FTCR14U7NPA,1,F,T,C,R,1,4,U,7,N,P,A,0,T,FORD,RNS,PS,92,17,,1,0,1250,RNG,G,,0,0,000000000,00000000000,0,0,0,1,0,0,0,0,0,0,0,70,0,0,0,12,98,6,2,42,0,0,0,1,22,71269,6,1,0,0,3,0,71,175,0,0,0,0,0,0,0,0,0,1,24,0,0,0,1,2,55,3,1,2,1,40,3,14,13,1,1,4,1,1,1
22,220373,1,2,2,11,9,23,31,12,2,1,0,22,2,7,482,7482,31,2001,1B7HC16X51S2,1,B,7,H,C,1,6,X,5,1,S,2,0,T,DODG,150,PK,1,17,,2,1347,1187,RPC,G,,0,0,000000000,00000000000,0,0,0,1,0,0,0,0,0,0,0,55,0,0,0,12,12,6,2,2,0,0,1,1,22,71052,0,0,0,0,0,0,999,999,99,99,99,99,99,99,9999,99,9999,0,51,0,0,0,1,2,55,2,1,2,1,0,0,14,10,1,1,2,50,2,1
22,220373,2,2,1,11,9,23,31,12,2,1,0,48,3,87,881,87881,66,2007,1XP5DB9XX7N6,1,X,P,5,D,B,9,X,X,7,N,6,1,T,PTRB,379,DS,7,17,,8,0,0,CON,D,,1,57,1331300,571331300,3,6,2,1,0,0,0,0,0,0,0,55,0,0,0,12,12,4,3,12,0,0,0,1,22,71073,6,1,6,0,3,0,67,210,0,0,0,1,0,5,2009,5,2009,0,0,0,0,0,1,2,55,2,1,2,1,0,0,14,62,3,2,1,51,0,0
22,220374,1,1,1,12,9,14,10,42,0,1,0,28,2,20,431,20431,16,1995,1GNEC16KXSJ3,1,G,N,E,C,1,6,K,X,S,J,3,0,P,CHEV,C15,UT,95,17,4691,,0,1315,,G,,0,0,000000000,00000000000,0,0,0,1,0,0,0,0,0,0,0,70,0,0,0,62,9,6,2,42,0,0,0,1,28,39071,6,1,0,0,3,3,69,180,0,0,0,0,0,0,0,0,0,0,27,58,0,0,2,2,70,1,1,2,1,0,0,15,10,7,4,4,2,1,0
22,220375,1,1,1,15,9,20,35,53,0,1,0,22,2,35,39,35039,4,2005,1N4BA41E75C8,1,N,4,B,A,4,1,E,7,5,C,8,0,P,NISS,MEL,4D,5,17,3321,,0,1112,,G,,0,0,000000000,00000000000,0,0,0,1,0,0,0,0,0,0,0,55,0,0,0,12,12,6,2,30,0,0,1,1,22,70426,1,1,0,0,2,0,66,185,0,0,0,0,0,0,0,0,0,0,58,0,0,0,1,2,55,1,2,2,1,0,0,6,10,7,2,4,2,1,1
22,220376,1,1,3,17,9,20,10,72,0,1,0,22,2,49,482,49482,31,2008,5TFRV54138X0,5,T,F,R,V,5,4,1,3,8,X,0,0,T,TOYT,DBS,CW,8,17,,2,0,1457,TUN,G,,0,0,000000000,00000000000,0,0,0,1,0,0,0,0,0,0,0,45,0,0,0,0,0,0,1,5,0,0,0,1,22,70380,6,1,0,0,3,0,71,200,0,0,0,0,0,0,0,0,0,0,21,0,0,0,3,2,70,1,1,1,1,0,0,1,98,1,1,1,0,1,0
22,220377,1,1,1,18,9,0,10,35,0,1,0,22,1,20,481,20481,31,2003,1GCEK19T33Z1,1,G,C,E,K,1,9,T,3,3,Z,1,0,T,CHEV,SK1,4C,3,17,,2,1575,1435,SIL,G,,0,0,000000000,00000000000,0,0,0,1,0,0,0,0,0,0,0,68,0,1,6,12,12,6,2,1,0,0,0,1,22,70360,1,1,0,0,2,0,64,136,0,0,0,0,0,0,0,0,0,1,24,0,0,0,1,2,55,1,1,2,1,28,3,1,12,1,1,4,6,1,1
22,220378,1,2,1,13,9,17,55,12,2,1,0,22,1,49,472,49472,30,2007,5TENX22N17Z3,5,T,E,N,X,2,2,N,1,7,Z,3,0,T,TOYT,REG,PK,7,17,,1,0,1094,TAC,G,,0,0,000000000,00000000000,0,0,0,1,0,0,0,0,0,0,0,60,0,0,0,12,12,6,2,12,0,0,0,1,22,71465,6,1,0,0,3,0,77,210,0,0,0,0,0,0,0,0,0,0,51,0,0,0,1,2,55,4,1,2,1,0,0,14,10,1,1,2,50,1,0
22,220378,2,2,1,13,9,17,55,12,2,1,0,22,3,12,481,12481,31,1995,1FTJW35F4SEA,1,F,T,J,W,3,5,F,4,S,E,A,0,T,FORD,F35,CW,95,17,,2,0,1680,COF,D,,0,0,000000000,00000000000,0,0,0,1,0,0,0,0,0,0,0,60,0,0,0,12,12,6,2,12,0,0,0,1,22,71435,6,1,0,0,3,0,72,220,0,0,0,0,0,0,0,0,0,0,0,0,0,0,1,2,55,4,1,2,1,0,0,14,62,1,1,1,51,0,0
22,220379,1,2,1,15,9,18,0,12,6,1,0,45,2,49,32,49032,4,2001,2T1BR12E11C4,2,T,1,B,R,1,2,E,1,1,C,4,0,P,TOYT,UCS,4D,1,17,2410,,0,970,,G,,0,0,000000000,00000000000,0,0,0,1,0,0,0,0,0,0,0,15,0,0,0,9,9,6,2,12,0,0,0,1,42,70555,6,1,0,0,3,0,70,999,0,0,0,0,0,0,0,0,0,0,38,0,0,0,1,2,55,1,1,1,2,20,3,4,17,10,1,1,89,1,0
22,220379,2,2,3,15,9,18,0,12,6,1,0,22,1,41,402,41402,14,2006,4F2YZ02Z76KM,4,F,2,Y,Z,0,2,Z,7,6,K,M,0,P,MAZD,TRI,UT,6,17,3192,,0,1031,,G,,0,0,000000000,00000000000,0,0,0,1,0,0,0,0,0,0,0,65,0,0,0,12,12,6,2,12,0,0,0,1,22,70533,6,1,0,0,3,0,64,130,0,0,0,0,2,12,2008,8,2009,0,0,0,0,0,2,2,65,1,1,2,1,4,3,1,55,4,1,1,88,0,0
22,220380,1,3,1,19,9,16,30,12,1,1,0,22,2,49,472,49472,30,1999,4TASN92N0XZ4,4,T,A,S,N,9,2,N,0,X,Z,4,0,T,TOYT,XPR,PC,99,17,,1,0,1219,TAC,G,,0,0,000000000,00000000000,0,0,0,1,0,0,0,0,0,0,0,68,0,0,0,12,12,4,3,12,0,0,0,1,22,70538,6,2,0,0,3,3,63,165,0,0,0,0,0,0,0,0,0,0,26,0,0,0,2,2,65,1,1,1,1,0,0,1,51,1,1,1,24,0,0
22,220380,2,3,1,19,9,16,30,12,1,1,0,22,2,20,431,20431,16,1992,1GNEC16K6NJ3,1,G,N,E,C,1,6,K,6,N,J,3,0,P,CHEV,C15,UT,92,17,4701,,0,1315,,G,,0,0,000000000,00000000000,0,0,0,1,0,0,0,0,0,0,0,60,0,0,0,6,12,6,2,12,0,0,0,1,22,70544,6,1,0,0,3,0,67,178,0,0,0,0,0,0,0,0,0,0,0,0,0,0,2,2,65,1,1,1,1,0,0,1,53,1,1,1,25,0,0
22,220380,3,3,1,19,9,16,30,12,1,1,0,22,3,12,461,12461,21,2008,1FBSS31L38DA,1,F,B,S,S,3,1,L,3,8,D,A,0,T,FORD,WSD,BU,8,17,,2,0,1380,ECO,G,,0,0,000000000,00000000000,0,0,0,1,0,0,0,0,0,0,0,65,0,0,0,10,10,6,2,12,0,0,0,1,22,70360,6,1,0,0,3,3,75,300,0,0,0,1,0,9,2008,9,2008,0,0,0,0,0,2,2,65,1,1,1,1,0,0,1,62,1,1,1,98,1,0
22,220381,1,1,1,20,9,10,0,42,0,1,0,22,1,24,2,24002,2,1996,1G8ZG1272TZ1,1,G,8,Z,G,1,2,7,2,T,Z,1,0,P,STRN,SC2,CP,96,17,2265,,0,992,,G,,0,0,000000000,00000000000,0,0,0,1,0,0,0,0,0,0,0,55,0,1,6,83,13,6,2,1,0,0,0,1,22,71019,6,1,0,0,3,0,67,122,0,0,0,0,0,0,0,0,0,0,58,0,0,0,1,2,55,3,1,2,1,40,3,14,13,6,4,4,7,1,0
22,220382,1,1,2,22,9,19,55,11,0,1,0,34,2,49,32,49032,4,2003,JTDBR32E7320,J,T,D,B,R,3,2,E,7,3,2,0,0,P,TOYT,EEL,4D,3,17,2502,,0,1024,,G,,0,0,000000000,00000000000,0,0,0,1,0,0,0,0,0,0,0,65,0,0,0,12,12,6,2,11,0,0,0,1,34,70634,6,1,0,0,3,0,999,999,0,0,0,0,1,8,2008,8,2008,0,0,0,0,0,9,5,65,1,1,2,1,0,0,1,87,6,1,1,13,1,0
22,220383,1,1,2,22,9,23,41,42,0,1,0,22,1,20,481,20481,31,2004,1GCEC14X04Z3,1,G,C,E,C,1,4,X,0,4,Z,3,0,T,CHEV,SC1,PK,4,17,,2,1330,1190,SIL,G,,0,0,000000000,00000000000,0,0,0,1,0,0,0,0,0,0,0,76,0,0,0,3,3,6,2,42,0,0,0,1,22,71340,6,1,0,0,3,3,72,200,0,0,0,0,0,0,0,0,0,1,36,24,0,0,1,2,25,1,1,2,1,0,0,1,12,7,2,4,7,1,1
22,220384,1,1,2,24,9,15,0,34,0,1,0,22,2,37,32,37032,4,1999,1HGCG3253XA0,1,H,G,C,G,3,2,5,3,X,A,0,0,P,HOND,UEX,CP,99,17,3042,,0,1051,,G,,0,0,000000000,00000000000,0,0,0,1,0,0,0,0,0,0,0,55,0,0,0,11,9,6,2,32,0,0,0,1,22,70560,1,1,0,0,1,0,73,160,0,2,0,1,0,1,2009,6,2010,0,24,58,0,0,1,2,55,1,1,2,2,0,0,1,10,7,3,4,2,2,0