STATE,ST_CASE,VEH_NO,VE_FORMS,NUMOCCS,DAY,MONTH,HOUR,MINUTE,HARM_EV,MAN_COLL,UNITTYPE,HIT_RUN,REG_STAT,OWNER,MAKE,MODEL,MAK_MOD,BODY_TYP,MOD_YEAR,VIN,VIN_1,VIN_2,VIN_3,VIN_4,VIN_5,VIN_6,VIN_7,VIN_8,VIN_9,VIN_10,VIN_11,VIN_12,TOW_VEH,VINTYPE,VINMAKE,VINA_MOD,VIN_BT,VINMODYR,VIN_LNGT,VIN_WGT,WGTCD_TR,WHLBS_LG,WHLBS_SH,SER_TR,FUELCODE,MCYCL_DS,J_KNIFE,MCARR_I1,MCARR_I2,MCARR_ID,GVWR,V_CONFIG,CARGO_BT,HAZ_INV,HAZ_PLAC,HAZ_ID,HAZ_CNO,HAZ_REL,BUS_USE,SPEC_USE,EMER_USE,TRAV_SP,UNDERIDE,ROLLOVER,ROLINLOC,IMPACT1,IMPACT2,DEFORMED,TOWED,M_HARM,VEH_SC1,VEH_SC2,FIRE_EXP,DR_PRES,L_STATE,DR_ZIP,L_STATUS,L_TYPE,CDL_STAT,L_ENDORS,L_COMPL,L_RESTRI,DR_HGT,DR_WGT,PREV_ACC,PREV_SUS,PREV_DWI,PREV_SPD,PREV_OTH,FIRST_MO,FIRST_YR,LAST_MO,LAST_YR,SPEEDREL,DR_SF1,DR_SF2,DR_SF3,DR_SF4,VTRAFWAY,VNUM_LAN,VSPD_LIM,VALIGN,VPROFILE,VPAVETYP,VSURCOND,VTRAFCON,VTCONT_F,P_CRASH1,P_CRASH2,P_CRASH3,PCRASH4,PCRASH5,ACC_TYPE,DEATHS,DR_DRINK
22,220385,1,2,1,23,9,21,30,12,1,1,0,22,1,59,31,59031,4,2010,JTHBK1EGXA23,J,T,H,B,K,1,E,G,X,A,2,3,0,P,LEXS,E35,4D,10,17,3580,,0,1093,,G,,0,0,000000000,00000000000,0,0,0,1,0,0,0,0,0,0,0,95,0,0,0,12,12,6,2,12,0,0,0,1,22,70725,6,1,0,0,3,0,72,180,0,0,0,0,0,0,0,0,0,1,36,0,0,0,2,2,65,1,1,2,1,28,3,1,51,1,1,1,24,0,1
22,220385,2,2,1,23,9,21,30,12,1,1,0,22,1,20,482,20482,31,2002,3GNEC13T92G1,3,G,N,E,C,1,3,T,9,2,G,1,0,T,CHEV,CAV,CW,2,17,,2,0,1300,AVL,G,,0,0,000000000,00000000000,0,0,0,1,0,0,0,0,0,0,0,60,0,0,0,6,6,6,2,12,0,0,0,1,22,70734,6,1,0,0,3,0,71,235,0,0,0,0,0,0,0,0,0,0,92,24,0,0,2,2,65,1,1,2,1,28,3,1,53,1,1,1,25,1,0
22,220386,1,1,4,24,9,5,13,14,0,1,0,22,1,20,481,20481,31,2006,2GCEC13T4611,2,G,C,E,C,1,3,T,4,6,1,1,0,T,CHEV,SC1,CW,6,17,,2,0,1435,SIL,G,,0,0,000000000,00000000000,0,0,0,1,0,0,0,0,0,0,0,76,0,1,6,61,61,6,2,14,0,0,0,1,22,70339,6,1,0,0,3,0,64,145,0,0,0,0,2,9,2008,8,2009,1,58,36,0,0,1,2,55,1,1,2,1,28,3,6,12,7,3,4,2,2,0
22,220387,1,2,1,25,9,7,20,12,1,1,0,22,1,23,401,23401,14,2004,1GKDS13S6423,1,G,K,D,S,1,3,S,6,4,2,3,0,T,GMC,ENV,4W,4,17,,1,0,1130,ENV,G,,0,0,000000000,00000000000,0,0,0,1,0,0,0,0,0,0,0,55,0,0,0,12,12,4,1,12,0,0,0,1,22,70543,6,1,0,0,3,0,64,140,0,0,0,1,0,8,2009,8,2009,0,0,0,0,0,1,2,55,1,1,2,1,0,0,1,51,6,1,1,24,0,0
22,220387,2,2,1,25,9,7,20,12,1,1,0,0,0,98,739,98739,90,9999,000000000000,0,0,0,0,0,0,0,0,0,0,0,0,0,U,,,,,17,,,,,,,,0,0,000000000,00000000000,0,0,0,1,0,0,0,0,0,0,0,20,0,1,5,6,6,4,1,12,0,0,0,1,22,70543,1,1,0,0,1,0,67,188,0,0,0,0,1,6,2010,6,2010,0,18,0,0,0,1,2,55,1,1,2,1,28,3,1,53,1,1,1,25,1,0
22,220388,1,1,4,26,9,99,99,23,0,1,0,22,3,12,481,12481,31,2008,1FTSW21R68EA,1,F,T,S,W,2,1,R,6,8,E,A,0,T,FORD,F2S,CW,8,17,,2,1720,1560,SRW,D,,0,0,000000000,00000000000,0,0,0,1,0,0,0,0,0,0,0,50,0,1,5,11,13,6,2,3,35,0,0,1,22,70394,6,2,0,0,3,2,68,125,0,0,0,0,0,0,0,0,0,0,73,51,0,0,1,2,50,2,1,2,1,28,3,14,12,99,1,4,6,4,0
22,220389,1,1,2,26,9,9,10,42,0,1,0,22,2,37,32,37032,4,1997,1HGCD5660VA2,1,H,G,C,D,5,6,6,0,V,A,2,0,P,HOND,UER,4D,97,17,2985,,0,1069,,G,,0,0,000000000,00000000000,0,0,0,1,0,0,0,0,0,0,0,73,0,0,0,82,82,6,2,42,0,0,0,1,22,71447,6,1,0,0,3,0,72,140,0,0,0,0,0,0,0,0,0,1,24,0,0,0,1,2,55,3,2,2,1,28,3,14,13,99,1,4,1,1,1
22,220390,1,1,5,26,9,17,53,1,0,1,0,22,1,12,401,12401,14,1995,1FMDU34X9SUB,1,F,M,D,U,3,4,X,9,S,U,B,0,P,FORD,EPR,UT,95,17,4053,,0,1115,,G,,0,0,000000000,00000000000,0,0,0,1,0,0,0,0,0,0,0,55,0,1,1,0,13,4,3,1,0,0,0,1,22,70341,6,1,0,0,3,0,72,180,0,0,0,0,0,0,0,0,0,0,24,0,0,0,1,2,55,3,1,2,1,40,3,14,13,6,2,6,98,1,1
22,220391,1,1,1,27,9,17,35,42,0,1,0,22,3,12,461,12461,21,2009,1FTNE14W59DA,1,F,T,N,E,1,4,W,5,9,D,A,0,T,FORD,15V,CG,9,17,,2,0,1380,VAN,G,,0,0,000000000,00000000000,0,0,0,1,0,0,0,0,0,0,0,43,0,0,0,12,12,6,2,42,0,0,0,1,22,71360,6,1,0,0,3,0,73,200,0,0,0,0,0,0,0,0,0,1,51,0,0,0,1,2,20,1,1,2,1,28,3,1,12,1,1,4,6,1,1
22,220392,1,2,1,28,9,15,45,12,1,1,0,48,1,23,481,23481,31,2010,3GTRCVE03AG1,3,G,T,R,C,V,E,0,3,A,G,1,0,T,GMC,1NC,CW,10,17,,2,0,1435,SIE,F,,0,0,000000000,00000000000,0,0,0,1,0,0,0,0,0,0,0,65,1,0,0,12,12,6,2,12,0,0,0,1,48,75966,6,1,0,0,3,3,999,999,0,0,0,0,0,0,0,0,0,0,41,26,0,0,2,2,65,1,1,2,1,28,3,1,50,7,1,1,20,1,0
22,220392,2,2,17,28,9,15,45,12,1,1,0,22,3,90,981,90981,50,2009,1BAKGCPH59F2,1,B,A,K,G,C,P,H,5,9,F,2,0,U,,,,9,17,,,,,,,,0,88,888888888,88888888888,3,21,22,1,0,0,0,0,1,0,0,0,0,0,0,6,6,4,1,12,0,0,0,1,22,71446,6,1,6,1,3,1,68,250,0,0,0,0,0,0,0,0,0,0,54,0,0,0,2,2,65,1,1,2,1,28,3,5,53,1,1,1,21,0,0
22,220393,1,1,1,28,9,16,11,42,0,1,0,22,3,82,881,82881,63,2008,1FVACXDTX8DA,1,F,V,A,C,X,D,T,X,8,D,A,0,T,FRHT,16M,CC,8,17,,7,0,0,FM2,D,,0,57,1328020,571328020,3,1,2,2,2,1075,2,1,0,0,0,66,0,0,0,1,98,6,2,42,0,0,0,1,22,71016,6,1,6,1,3,0,72,220,0,0,0,0,0,0,0,0,0,0,24,0,0,0,1,2,55,1,1,2,1,28,3,1,13,6,4,4,7,1,0
22,220394,1,1,1,29,9,6,50,18,0,1,0,22,1,63,34,63034,4,2003,KNAGD1285351,K,N,A,G,D,1,2,8,5,3,5,1,0,P,KIA,OLS,4D,3,17,3279,,0,1063,,G,,0,0,000000000,00000000000,0,0,0,1,0,0,0,0,0,0,0,36,0,0,0,12,12,4,3,8,0,0,0,1,22,70647,6,1,0,0,3,3,73,214,0,0,0,0,0,0,0,0,0,0,40,0,0,0,5,4,45,1,1,2,1,98,3,1,90,1,1,1,12,0,0
22,220395,1,2,1,30,9,18,20,12,6,1,0,22,2,35,401,35401,14,2001,JN8DR07X11W5,J,N,8,D,R,0,7,X,1,1,W,5,0,P,NISS,PFI,UT,1,17,3737,,0,1063,,G,,0,0,000000000,00000000000,0,0,0,1,0,0,0,0,0,0,0,55,0,0,0,61,61,6,2,12,0,0,0,1,22,70435,6,2,0,0,3,1,67,130,0,0,0,0,0,0,0,0,0,0,33,0,0,0,1,2,55,1,1,2,1,28,3,6,54,6,3,6,66,1,0
22,220395,2,2,1,30,9,18,20,12,6,1,0,22,2,20,481,20481,31,1999,1GCHC33R5XF0,1,G,C,H,C,3,3,R,5,X,F,0,1,T,CHEV,GC3,CW,99,17,,2,1685,1545,GM4,G,,1,0,000000000,00000000000,0,0,0,1,0,0,0,0,0,0,0,55,0,0,0,12,12,6,2,12,0,0,0,1,22,70443,1,1,0,0,2,0,69,169,0,0,0,0,0,0,0,0,0,0,92,0,0,0,1,2,55,1,1,2,1,28,3,1,63,1,1,1,66,0,0
22,220396,1,1,1,2,9,17,46,53,0,1,0,30,1,72,706,72706,80,2002,1HD1BMY182Y0,1,H,D,1,B,M,Y,1,8,2,Y,0,0,M,HD,FLF,RS,2,17,,,,,,,1450,0,0,000000000,00000000000,0,0,0,1,0,0,0,0,0,0,0,60,0,0,0,12,12,6,2,53,0,0,0,1,22,71456,6,1,0,0,3,3,71,220,0,0,0,1,0,6,2009,6,2009,0,24,0,0,0,1,2,55,1,1,2,1,0,0,1,13,99,1,4,1,1,1
22,220397,1,1,1,2,9,18,33,38,0,1,0,55,3,86,881,86881,66,2010,1M1AW09Y1AN0,1,M,1,A,W,0,9,Y,1,A,N,0,1,T,MACK,CXU,DS,10,17,,8,0,0,600,D,,1,57,1021374,571021374,3,6,1,1,0,0,0,0,0,0,0,999,0,0,0,81,12,6,2,35,0,0,0,1,48,78076,6,1,6,0,3,0,999,999,0,0,0,0,0,0,0,0,0,0,0,0,0,0,2,2,50,1,1,1,1,28,3,1,13,1,1,4,1,1,0
22,220398,1,1,1,1,5,0,35,33,0,1,0,22,1,63,32,63032,4,2002,KNADC1235260,K,N,A,D,C,1,2,3,5,2,6,0,0,P,KIA,RIO,4D,2,17,2242,,0,949,,G,,0,0,000000000,00000000000,0,0,0,1,0,0,0,0,0,0,0,999,0,0,0,14,12,6,2,19,0,0,1,1,22,71108,6,1,0,0,3,0,66,195,0,0,0,0,0,0,0,0,0,1,24,0,0,0,1,4,35,1,1,2,1,0,0,1,12,1,1,4,6,1,1
22,220399,1,1,2,5,6,0,49,42,0,1,0,22,1,12,16,12016,4,1996,2FALP71W8TX1,2,F,A,L,P,7,1,W,8,T,X,1,0,P,FORD,CVP,4D,96,17,0,,0,1144,,G,,0,0,000000000,00000000000,0,0,0,1,0,0,0,0,0,0,0,65,0,0,0,12,12,6,2,42,0,0,0,1,22,71107,6,1,0,0,3,0,73,220,0,0,0,0,0,0,0,0,0,1,0,0,0,0,2,4,40,1,1,1,1,0,0,1,13,1,1,4,4,1,1
22,220400,1,1,1,3,10,4,20,8,0,1,0,22,3,63,33,63033,4,2009,KNAFE221X956,K,N,A,F,E,2,2,1,X,9,5,6,0,P,KIA,SXC,4D,9,17,2701,,0,1028,,G,,0,0,000000000,00000000000,0,0,0,1,0,0,0,0,0,0,0,45,0,0,0,12,12,4,1,8,0,0,0,1,22,70084,1,1,0,0,2,0,64,155,0,1,0,0,0,3,2009,3,2009,0,0,0,0,0,1,2,45,1,1,2,1,28,3,1,80,1,1,1,13,0,0
22,220401,1,2,1,7,10,5,50,12,1,1,0,22,1,23,481,23481,31,2006,2GTEK63N6612,2,G,T,E,K,6,3,N,6,6,1,2,0,T,GMC,DNL,CW,6,17,,2,0,1435,SIE,G,,0,0,000000000,00000000000,0,0,0,1,0,0,0,0,0,0,0,60,0,0,0,12,12,6,2,12,0,0,0,1,22,70634,6,1,0,0,3,0,63,300,0,0,0,0,1,5,2009,5,2009,1,24,0,0,0,1,2,55,1,1,2,1,0,0,1,51,1,1,1,24,1,1
22,220401,2,2,1,7,10,5,50,12,1,1,0,22,3,85,881,85881,66,2003,1XKWDU9X23J3,1,X,K,W,D,U,9,X,2,3,J,3,1,T,KW,W90,DS,3,17,,8,2850,1600,CON,D,,1,57,325015,57325015,3,6,3,1,0,0,0,0,0,0,0,10,0,0,0,6,6,2,1,12,0,0,0,1,22,70653,6,1,6,0,3,3,73,243,0,0,0,0,1,3,2010,3,2010,1,45,0,0,0,1,2,55,1,1,2,1,28,3,3,53,1,1,1,25,0,0
22,220402,1,1,5,8,10,2,20,42,0,1,0,22,2,37,31,37031,4,2008,2HGFA55548H7,2,H,G,F,A,5,5,5,4,8,H,7,0,P,HOND,UCS,4D,8,17,2945,,0,1063,,G,,0,0,000000000,00000000000,0,0,0,1,0,0,0,0,0,0,0,99,0,1,6,63,13,6,2,42,0,0,0,1,22,70435,6,1,0,0,3,0,64,120,0,0,0,0,0,0,0,0,0,1,58,0,0,0,1,2,55,3,1,2,1,28,3,14,6,7,3,4,2,1,0
22,220403,1,1,1,8,10,4,25,32,0,1,0,22,2,20,403,20403,14,2003,1GNES16S3362,1,G,N,E,S,1,6,S,3,3,6,2,0,P,CHEV,TRL,UT,3,17,4836,,0,1290,,G,,0,0,000000000,00000000000,0,0,0,1,0,0,0,0,0,0,0,91,0,1,6,12,98,6,2,1,0,0,0,1,22,71355,1,1,0,0,2,0,74,175,0,1,0,0,2,6,2010,8,2010,1,24,36,0,0,1,2,55,1,1,2,1,28,3,1,13,1,1,4,1,1,1
22,220404,1,1,1,8,10,19,30,11,0,1,0,22,1,76,734,76734,90,2009,JY4AM13Y79C0,J,Y,4,A,M,1,3,Y,7,9,C,0,0,M,YAMA,Y7F,AT,9,17,,,,,,,686,0,0,000000000,00000000000,0,0,0,1,0,0,0,0,0,0,0,60,0,1,1,12,13,6,2,1,0,0,0,1,22,71457,4,1,6,0,1,0,63,167,0,0,0,0,0,0,0,0,0,1,83,0,0,0,1,2,55,1,1,2,1,28,3,1,87,6,1,1,13,1,1
22,220405,1,2,1,9,10,18,40,12,8,1,0,48,1,20,4,20004,2,1998,1G1YY22G1W51,1,G,1,Y,Y,2,2,G,1,W,5,1,0,P,CHEV,CVT,CP,98,17,3245,,0,1045,,G,,0,0,000000000,00000000000,0,0,0,1,0,0,0,0,0,0,0,100,3,0,0,11,12,6,2,12,0,0,0,1,22,71261,6,1,0,0,3,0,68,200,0,0,0,0,0,0,0,0,0,1,51,0,0,0,1,2,55,2,1,2,1,28,3,14,10,99,2,2,64,1,1
22,220405,2,2,2,9,10,18,40,12,8,1,0,31,3,87,881,87881,66,2010,1XP7D49X3AD7,1,X,P,7,D,4,9,X,3,A,D,7,1,T,PTRB,387,DS,10,17,,8,0,0,CON,D,,1,57,53467,5753467,3,6,1,1,0,0,0,0,0,0,0,50,0,0,0,8,6,6,2,12,0,0,0,1,47,38501,6,1,6,0,3,3,75,348,1,0,0,0,0,10,2007,10,2007,0,0,0,0,0,1,2,55,3,1,2,1,28,3,14,62,7,1,1,65,0,0
22,220406,1,2,2,9,10,19,36,12,6,1,0,22,2,58,32,58032,4,1994,JNKNG01D7RM2,J,N,K,N,G,0,1,D,7,R,M,2,0,P,INFI,Q45,4D,94,17,4039,,0,1132,,G,,0,0,000000000,00000000000,0,0,0,1,0,0,0,0,0,0,0,20,0,0,0,3,3,6,2,12,0,0,0,1,22,70811,6,1,0,0,3,0,67,150,0,0,0,0,0,0,0,0,0,0,38,0,0,0,2,4,55,1,1,1,1,3,3,11,15,1,1,1,68,1,0
22,220406,2,2,1,9,10,19,36,12,6,1,0,22,1,7,482,7482,31,2007,3D7ML48C87G7,3,D,7,M,L,4,8,C,8,7,G,7,0,T,DODG,SQ3,CW,7,17,,3,0,1600,RPC,D,,0,0,000000000,00000000000,0,0,0,1,0,0,0,0,0,0,0,55,0,0,0,12,3,4,3,12,0,0,0,1,22,70739,6,1,0,0,3,0,73,190,0,0,0,0,0,0,0,0,0,0,0,0,0,0,2,4,55,1,1,1,1,3,3,1,62,1,1,1,69,0,0
22,220407,1,3,3,9,10,21,34,12,6,1,0,22,1,12,481,12481,31,2008,1FTSX20518ED,1,F,T,S,X,2,0,5,1,8,E,D,0,T,FORD,F2S,4C,8,17,,2,1580,1420,SRW,G,,0,0,000000000,00000000000,0,0,0,1,0,0,0,0,0,0,0,15,0,0,0,5,5,4,3,12,0,0,0,1,22,70512,6,1,0,0,3,3,74,190,0,0,0,1,0,4,2010,4,2010,0,38,0,0,0,1,2,55,1,1,2,1,0,0,11,15,1,1,1,68,0,0
22,220407,2,3,2,9,10,21,34,12,6,1,0,92,0,72,706,72706,80,2008,1HD1GX4368K3,1,H,D,1,G,X,4,3,6,8,K,3,0,M,HD,FX2,RS,8,17,,,,,,,1584,0,0,000000000,00000000000,0,0,0,1,0,0,0,0,0,0,0,55,0,0,0,12,12,6,2,12,0,0,0,1,22,70584,6,1,0,0,2,0,69,170,0,0,0,1,0,11,2009,11,2009,0,24,0,0,0,1,2,55,1,1,2,1,0,0,1,62,1,1,1,69,2,0
22,220407,3,3,2,9,10,21,34,12,6,1,0,22,1,35,472,35472,30,2004,1N6DD26T74C4,1,N,6,D,D,2,6,T,7,4,C,4,0,T,NISS,FKX,PC,4,17,,1,0,1161,FRT,G,,0,0,000000000,00000000000,0,0,0,1,0,0,0,0,0,0,0,55,0,0,0,12,12,4,3,54,32,0,0,1,22,70525,6,1,4,0,3,3,67,223,0,0,0,0,0,0,0,0,0,0,0,0,0,0,1,2,55,1,1,2,1,0,0,1,98,1,1,1,98,0,0
22,220408,1,2,3,10,10,19,55,12,7,1,0,22,2,20,481,20481,31,1998,2GCEK19R1W12,2,G,C,E,K,1,9,R,1,W,1,2,0,T,CHEV,GK1,PC,98,17,,2,1555,1415,GM4,G,,0,0,000000000,00000000000,0,0,0,1,0,0,0,0,0,0,0,65,0,0,0,83,83,4,3,12,0,0,0,1,22,70563,6,2,0,0,3,1,70,125,0,0,0,0,0,0,0,0,0,1,35,0,0,0,1,2,55,1,1,2,1,28,3,6,11,1,1,2,48,0,0
22,220408,2,2,2,10,10,19,55,12,7,1,0,22,2,12,471,12471,30,1999,1FTYR10C2XTA,1,F,T,Y,R,1,0,C,2,X,T,A,0,T,FORD,RNG,PK,99,17,,1,1175,1116,RNG,G,,0,0,000000000,00000000000,0,0,0,1,0,0,0,0,0,0,0,55,0,1,5,62,62,6,2,30,0,0,0,1,22,70582,6,1,0,0,3,0,65,130,0,0,0,0,0,0,0,0,0,0,0,0,0,0,1,2,55,1,1,2,1,28,3,1,60,1,1,1,48,1,0
22,220409,1,2,1,12,10,16,21,12,6,1,0,22,1,52,401,52401,14,2001,JA4LS31H31P0,J,A,4,L,S,3,1,H,3,1,P,0,0,P,MITS,MNS,UT,1,17,3945,,0,1073,,G,,0,0,000000000,00000000000,0,0,0,1,0,0,0,0,0,0,0,8,0,0,0,61,61,6,2,12,0,0,0,1,22,71301,6,1,0,0,3,3,67,200,0,0,0,0,0,0,0,0,0,0,38,0,0,0,1,2,35,1,8,8,1,20,3,11,15,1,1,1,82,1,0
22,220409,2,2,1,12,10,16,21,12,6,1,0,22,3,7,482,7482,31,2006,3D7KS28C16G1,3,D,7,K,S,2,8,C,1,6,G,1,0,T,DODG,S2L,CW,6,17,,2,1605,1405,RPC,D,,0,0,000000000,00000000000,0,0,0,1,0,0,0,0,0,0,0,39,0,0,0,12,12,4,3,12,0,0,0,1,22,71303,6,1,0,0,3,3,68,185,0,0,0,1,2,6,2009,4,2010,0,0,0,0,0,2,2,60,1,1,2,1,0,0,1,67,4,2,1,83,0,0
22,220410,1,1,1,14,10,0,30,24,0,1,0,93,4,84,884,84884,66,2011,3HSCUSJR8BN3,3,H,S,C,U,S,J,R,8,B,N,3,1,T,INTL,PPR,DS,11,17,,8,0,0,PRO,D,,1,57,0016130,570016130,3,6,1,1,0,0,0,0,0,0,0,60,0,0,0,10,10,4,3,24,0,0,0,1,48,75693,6,1,6,0,3,0,999,999,0,0,0,1,0,8,2008,8,2008,0,99,99,99,99,3,2,60,1,1,1,1,0,0,1,12,1,1,4,6,1,0
22,220411,1,1,3,13,10,20,0,8,0,1,0,22,2,37,441,37441,20,1996,JHMRA1841TC0,J,H,M,R,A,1,8,4,1,T,C,0,0,P,HOND,ODY,SV,96,17,3349,,0,1114,,G,,0,0,000000000,00000000000,0,0,0,1,0,0,0,0,0,0,0,45,0,0,0,14,14,2,1,8,0,0,0,1,22,70726,6,1,0,0,3,0,67,125,0,0,0,0,0,0,0,0,0,0,0,0,0,0,1,2,45,1,1,2,1,0,0,1,80,8,2,1,13,0,0
22,220412,1,2,1,14,10,10,45,12,6,1,0,22,3,87,881,87881,63,1999,1NPALB0X2XN4,1,N,P,A,L,B,0,X,2,X,N,4,0,T,PTRB,357,TM,99,17,,8,0,0,CON,D,,0,57,1229483,571229483,3,2,4,1,0,0,0,0,0,0,0,55,7,1,2,12,13,6,2,12,0,0,0,1,36,11412,6,1,6,0,3,0,69,999,0,0,0,0,0,0,0,0,0,0,24,21,80,0,1,2,55,1,1,2,1,0,0,1,1,7,2,4,64,1,0
22,220412,2,2,2,14,10,10,45,12,6,1,0,20,1,49,403,49403,14,2008,JTEES42AX820,J,T,E,E,S,4,2,A,X,8,2,0,0,P,TOYT,HIG,UT,8,17,4321,,0,1098,,G,,0,0,000000000,00000000000,0,0,0,1,0,0,0,0,0,0,0,55,0,0,0,9,13,6,2,12,0,0,0,1,20,66209,6,1,0,0,3,3,62,150,0,0,0,0,0,0,0,0,0,0,0,0,0,0,1,2,55,1,1,2,1,0,0,1,62,7,1,4,65,2,0
22,220413,1,2,1,15,10,17,10,12,6,1,0,22,1,12,3,12003,2,2004,1FAFP40644F1,1,F,A,F,P,4,0,6,4,4,F,1,0,P,FORD,MUS,CP,4,17,3114,,0,1013,,G,,0,0,000000000,00000000000,0,0,0,1,0,0,0,0,0,0,0,60,0,0,0,3,3,6,2,12,0,0,0,1,22,71203,6,1,0,0,3,0,72,150,0,0,0,2,0,6,2008,8,2010,1,8,36,58,0,1,4,55,1,1,2,1,28,3,1,13,6,4,6,66,0,0
22,220413,2,2,2,15,10,17,10,12,6,1,0,22,1,23,401,23401,14,2004,1GKES16S3461,1,G,K,E,S,1,6,S,3,4,6,1,0,T,GMC,EXL,4W,4,17,,2,0,1290,ENV,G,,0,0,000000000,00000000000,0,0,0,1,0,0,0,0,0,0,0,55,0,0,0,12,12,6,2,12,0,0,0,1,22,71203,6,1,0,0,3,3,65,200,0,0,0,0,0,0,0,0,0,0,0,0,0,0,1,4,55,1,1,2,1,28,3,1,62,1,1,1,66,1,0
22,220414,1,1,1,14,10,19,43,34,0,1,0,22,2,19,14,19014,4,2003,1G6KS54Y83U1,1,G,6,K,S,5,4,Y,8,3,U,1,0,P,CADI,SLS,4D,3,17,3969,,0,1122,,G,,0,0,000000000,00000000000,0,0,0,1,0,0,0,0,0,0,0,70,0,0,0,12,12,4,3,42,0,0,0,1,22,70663,6,1,0,0,3,0,64,215,0,0,0,0,0,0,0,0,0,0,24,0,0,0,2,2,70,1,1,2,1,0,0,1,13,99,1,4,1,1,0
22,220415,1,3,1,15,10,13,25,12,8,1,0,22,2,20,481,20481,31,2002,2GCEC19T0212,2,G,C,E,C,1,9,T,0,2,1,2,0,T,CHEV,SC1,4C,2,17,,2,1575,1435,SIL,G,,0,0,000000000,00000000000,0,0,0,1,0,0,0,0,0,0,0,58,0,0,0,11,12,6,2,12,0,0,0,1,22,70364,1,1,0,0,2,0,68,165,0,0,0,0,5,11,2008,7,2010,1,51,91,92,0,1,2,45,1,1,1,1,28,3,1,10,1,1,2,64,0,0
22,220415,2,3,1,15,10,13,25,12,8,1,0,22,3,12,481,12481,31,2004,2FTRF17W44CA,2,F,T,R,F,1,7,W,4,4,C,A,0,T,FORD,HER,PK,4,17,,2,0,1200,COF,G,,0,0,000000000,00000000000,0,0,0,1,0,0,0,0,0,0,0,45,0,0,0,7,7,4,3,12,0,0,0,1,22,70363,6,1,0,0,3,0,69,240,0,0,0,0,0,0,0,0,0,0,0,0,0,0,1,2,45,1,1,1,1,28,3,1,62,1,1,1,65,0,0
22,220415,3,3,4,15,10,13,25,12,8,1,0,22,1,37,31,37031,4,2003,2HGES16573H6,2,H,G,E,S,1,6,5,7,3,H,6,0,P,HOND,UCL,4D,3,17,2513,,0,1031,,G,,0,0,000000000,00000000000,0,0,0,1,0,0,0,0,0,0,0,45,0,0,0,12,12,6,2,12,0,0,0,1,22,70363,6,1,0,0,3,3,62,150,0,0,0,0,0,0,0,0,0,0,0,0,0,0,1,2,45,1,1,1,1,28,3,1,62,1,1,1,98,2,0
22,220416,1,1,4,14,10,9,10,59,0,1,0,48,1,12,17,12017,4,1998,1FAFP52U5WA1,1,F,A,F,P,5,2,U,5,W,A,1,0,P,FORD,TLS,4D,98,17,3359,,0,1085,,G,,0,0,000000000,00000000000,0,0,0,1,0,0,0,0,0,0,0,55,0,1,6,12,12,6,2,1,0,0,0,1,48,75204,6,1,0,0,3,0,999,999,0,0,0,0,0,0,0,0,0,0,99,99,99,99,1,2,55,1,1,2,1,0,0,1,9,99,2,4,2,1,0
22,220417,1,1,2,16,10,2,20,52,0,1,0,22,1,20,481,20481,31,2008,2GCEK13J1812,2,G,C,E,K,1,3,J,1,8,1,2,0,T,CHEV,SK1,CW,8,17,,2,0,1435,SIL,G,,0,0,000000000,00000000000,0,0,0,1,0,0,0,0,0,0,0,63,0,1,1,5,9,6,2,1,0,0,0,1,22,71486,6,1,0,0,3,3,66,210,0,0,0,0,0,0,0,0,0,1,58,24,0,0,1,2,45,3,6,2,1,40,3,14,13,8,2,4,2,1,1
22,220418,1,1,2,16,10,2,55,35,0,1,0,22,1,49,32,49032,4,1999,1NXBR12E4XZ1,1,N,X,B,R,1,2,E,4,X,Z,1,0,P,TOYT,UVL,4D,99,17,2414,,0,970,,G,,0,0,000000000,00000000000,0,0,0,1,0,0,0,0,0,0,0,59,0,1,6,61,13,4,3,1,0,0,0,1,22,70737,6,1,0,0,3,0,61,98,0,0,0,0,0,0,0,0,0,1,99,99,99,99,1,2,55,2,1,2,1,40,3,14,6,99,3,4,2,1,1
22,220419,1,1,1,17,10,3,99,34,0,1,0,22,2,20,481,20481,31,1998,2GCEK19R3W12,2,G,C,E,K,1,9,R,3,W,1,2,0,T,CHEV,GK1,PC,98,17,,2,1555,1415,GM4,G,,0,0,000000000,00000000000,0,0,0,1,0,0,0,0,0,0,0,60,0,1,5,12,3,6,2,1,0,0,0,1,22,70586,6,1,0,0,3,0,70,155,0,0,0,0,0,0,0,0,0,1,24,0,0,0,1,2,35,1,1,2,1,28,3,1,6,99,4,4,7,1,1
22,220420,1,1,1,24,5,19,12,18,0,1,0,22,1,7,482,7482,31,1997,3B7HC13Z5VG7,3,B,7,H,C,1,3,Z,5,V,G,7,0,T,DODG,150,PC,97,17,,2,1547,1387,RPC,G,,0,0,000000000,00000000000,0,0,0,1,0,0,0,0,0,0,0,999,0,1,5,12,13,6,2,1,0,0,1,1,22,71295,6,1,0,0,3,3,70,250,0,0,0,0,0,0,0,0,0,0,24,58,0,0,1,2,45,1,1,1,1,28,3,1,13,99,1,4,1,1,0
22,220421,1,1,1,18,10,4,9,8,0,1,1,99,9,99,999,99999,99,9999,999999999999,9,9,9,9,9,9,9,9,9,9,9,9,0,U,,,,9,17,,,,,,,,0,0,000000000,00000000000,0,0,0,1,0,0,0,0,0,0,0,55,0,0,0,12,12,9,1,8,0,0,0,1,99,99999,9,9,99,9,9,9,999,999,99,99,99,99,99,99,9999,99,9999,0,99,99,99,99,1,2,55,1,1,2,1,0,0,1,13,1,1,4,1,0,0