STATE,ST_CASE,VEH_NO,VE_FORMS,NUMOCCS,DAY,MONTH,HOUR,MINUTE,HARM_EV,MAN_COLL,UNITTYPE,HIT_RUN,REG_STAT,OWNER,MAKE,MODEL,MAK_MOD,BODY_TYP,MOD_YEAR,VIN,VIN_1,VIN_2,VIN_3,VIN_4,VIN_5,VIN_6,VIN_7,VIN_8,VIN_9,VIN_10,VIN_11,VIN_12,TOW_VEH,VINTYPE,VINMAKE,VINA_MOD,VIN_BT,VINMODYR,VIN_LNGT,VIN_WGT,WGTCD_TR,WHLBS_LG,WHLBS_SH,SER_TR,FUELCODE,MCYCL_DS,J_KNIFE,MCARR_I1,MCARR_I2,MCARR_ID,GVWR,V_CONFIG,CARGO_BT,HAZ_INV,HAZ_PLAC,HAZ_ID,HAZ_CNO,HAZ_REL,BUS_USE,SPEC_USE,EMER_USE,TRAV_SP,UNDERIDE,ROLLOVER,ROLINLOC,IMPACT1,IMPACT2,DEFORMED,TOWED,M_HARM,VEH_SC1,VEH_SC2,FIRE_EXP,DR_PRES,L_STATE,DR_ZIP,L_STATUS,L_TYPE,CDL_STAT,L_ENDORS,L_COMPL,L_RESTRI,DR_HGT,DR_WGT,PREV_ACC,PREV_SUS,PREV_DWI,PREV_SPD,PREV_OTH,FIRST_MO,FIRST_YR,LAST_MO,LAST_YR,SPEEDREL,DR_SF1,DR_SF2,DR_SF3,DR_SF4,VTRAFWAY,VNUM_LAN,VSPD_LIM,VALIGN,VPROFILE,VPAVETYP,VSURCOND,VTRAFCON,VTCONT_F,P_CRASH1,P_CRASH2,P_CRASH3,PCRASH4,PCRASH5,ACC_TYPE,DEATHS,DR_DRINK
22,220422,1,1,1,19,10,10,44,35,0,1,0,22,1,12,473,12473,30,2004,1FMZU67K64UB,1,F,M,Z,U,6,7,K,6,4,U,B,0,P,FORD,EPR,UT,4,17,4135,,0,1259,,F,,0,0,000000000,00000000000,0,0,0,1,0,0,0,0,0,0,0,70,0,1,3,81,81,6,2,1,0,0,0,1,22,70663,6,1,0,0,3,0,69,160,0,0,0,0,0,0,0,0,0,0,58,0,0,0,2,2,70,1,1,2,1,0,0,1,12,7,4,4,2,1,1
22,220423,1,1,3,19,10,13,20,42,0,1,0,28,1,49,482,49482,31,2001,5TBRN34191S1,5,T,B,R,N,3,4,1,9,1,S,1,0,T,TOYT,TT5,4C,1,17,,1,0,1283,TUN,G,,0,0,000000000,00000000000,0,0,0,1,0,0,0,0,0,0,0,60,0,1,5,12,12,6,2,42,0,0,0,1,28,39466,6,1,0,0,3,0,66,155,0,0,0,0,0,0,0,0,0,1,24,58,0,0,1,2,40,1,1,2,1,28,3,1,8,7,2,4,2,1,0
22,220424,1,2,1,22,5,12,0,12,1,1,0,28,1,12,481,12481,31,2005,1FTPW14565FA,1,F,T,P,W,1,4,5,6,5,F,A,0,T,FORD,F1S,CW,5,17,,2,1450,1260,COF,G,,0,0,000000000,00000000000,0,0,0,1,0,0,0,0,0,0,0,55,0,0,0,12,12,4,3,12,0,0,0,1,28,39120,6,1,0,0,3,3,68,185,0,0,0,0,0,0,0,0,0,1,26,91,0,0,2,1,98,4,2,2,1,3,3,14,52,1,1,1,24,0,1
22,220424,2,2,1,22,5,12,0,12,1,1,0,22,1,23,401,23401,14,1998,1GKCS13W1W25,1,G,K,C,S,1,3,W,1,W,2,5,0,T,GMC,JMY,4W,98,17,,1,0,1005,JMY,G,,0,0,000000000,00000000000,0,0,0,1,0,0,0,0,0,0,0,17,0,1,3,6,98,6,2,1,0,0,0,1,22,70068,6,1,0,0,3,0,68,190,0,0,0,0,0,0,0,0,0,0,0,0,0,0,2,1,98,4,2,2,1,3,3,2,53,1,1,1,25,1,0
22,220425,1,1,1,15,8,20,11,35,0,1,0,13,1,72,706,72706,80,2008,1HD1FC4168Y6,1,H,D,1,F,C,4,1,6,8,Y,6,0,M,HD,FLU,RS,8,17,,,,,,,1584,0,0,000000000,00000000000,0,0,0,1,0,0,0,0,0,0,0,999,0,0,0,12,98,6,4,58,0,0,0,1,13,30011,0,0,0,0,0,0,75,340,99,99,99,99,99,99,9999,99,9999,1,0,0,0,0,1,2,45,2,1,2,1,28,3,14,12,1,1,4,6,1,1
22,220426,1,1,3,15,10,3,50,30,0,1,0,22,1,12,481,12481,31,2001,1FTZX17291NB,1,F,T,Z,X,1,7,2,9,1,N,B,0,T,FORD,F15,4C,1,17,,1,1571,1385,COF,G,,0,0,000000000,00000000000,0,0,0,1,0,0,0,0,0,0,0,55,0,0,0,3,3,6,2,30,0,0,0,1,22,70807,6,1,0,0,3,0,66,135,0,0,0,0,1,9,2009,9,2009,0,91,0,0,0,1,2,55,3,1,2,1,28,3,14,13,1,1,4,1,1,1
22,220427,1,1,1,12,10,17,22,34,0,1,0,22,2,20,481,20481,31,1995,1GCEC14H1SZ1,1,G,C,E,C,1,4,H,1,S,Z,1,0,T,CHEV,GC1,PK,95,17,,2,1315,1175,GM4,G,,0,0,000000000,00000000000,0,0,0,1,0,0,0,0,0,0,0,54,0,0,0,12,9,6,2,42,0,0,0,1,22,71403,1,1,0,0,2,0,67,140,1,1,0,0,1,1,2010,7,2010,0,24,80,0,0,1,2,55,1,1,2,1,0,0,1,1,1,4,4,7,1,0
22,220428,1,1,1,12,10,99,99,35,0,1,0,22,1,12,471,12471,30,1997,1FTCR14X6VPB,1,F,T,C,R,1,4,X,6,V,P,B,0,T,FORD,RNS,PS,97,17,,1,0,1250,RNG,G,,0,0,000000000,00000000000,0,0,0,1,0,0,0,0,0,0,0,45,0,1,5,14,12,6,2,1,0,0,0,1,22,70535,6,1,0,0,3,3,64,170,0,0,0,0,0,0,0,0,0,0,24,0,0,0,1,2,45,1,1,2,1,40,3,1,13,1,1,4,1,1,0
22,220429,1,2,1,16,10,4,20,12,8,1,0,40,1,7,482,7482,31,2006,1D7KS28C06J2,1,D,7,K,S,2,8,C,0,6,J,2,0,T,DODG,SQ2,CW,6,17,,2,1605,1405,RPC,D,,0,0,000000000,00000000000,0,0,0,1,0,0,0,0,0,0,0,75,0,0,0,11,62,6,2,12,0,0,0,1,40,74361,6,1,0,0,3,0,68,235,0,0,0,1,1,2,2008,10,2008,1,51,0,0,0,1,2,55,2,1,2,1,28,3,14,10,1,1,2,64,1,0
22,220429,2,2,1,16,10,4,20,12,8,1,0,22,3,98,804,98804,66,1996,2WKPDCCH9TK9,2,W,K,P,D,C,C,H,9,T,K,9,1,T,WSTR,490,DS,96,17,,8,0,0,CNV,D,,1,57,869232,57869232,3,6,9,1,0,0,0,0,0,0,0,55,0,1,5,11,62,6,2,12,0,0,0,1,22,71019,6,1,6,0,3,0,70,155,0,0,0,0,1,4,2010,4,2010,0,0,0,0,0,1,2,55,3,1,2,1,28,3,14,62,1,1,1,65,0,0
22,220430,1,2,1,18,10,5,6,12,6,1,0,22,3,82,881,82881,66,1989,1FUYDCYB9KH3,1,F,U,Y,D,C,Y,B,9,K,H,3,1,T,FRHT,FLD,DS,89,17,,8,0,0,CON,D,,1,88,888888888,88888888888,3,6,3,1,0,0,0,0,0,0,0,10,0,0,0,7,7,2,1,12,0,0,0,1,22,70094,6,1,6,0,2,0,73,175,0,0,0,0,0,0,0,0,0,0,48,0,0,0,2,2,45,1,1,2,1,28,3,12,98,1,1,1,98,0,0
22,220430,2,2,1,18,10,5,6,12,6,1,0,22,2,55,36,55036,4,2002,KMHCG45C82U2,K,M,H,C,G,4,5,C,8,2,U,2,0,P,HYUN,AGL,4D,2,17,2350,,0,961,,G,,0,0,000000000,00000000000,0,0,0,1,0,0,0,0,0,0,0,45,1,1,1,12,13,6,2,12,0,0,0,1,22,70030,1,1,0,0,2,0,69,190,0,1,0,0,0,1,2009,1,2009,0,24,0,0,0,2,2,45,1,1,2,1,28,3,1,55,1,1,1,98,1,0
22,220431,1,2,1,20,10,14,28,12,2,1,0,48,2,20,481,20481,31,2010,1GC7K0BGXAF1,1,G,C,7,K,0,B,G,X,A,F,1,0,T,CHEV,3K2,CW,10,17,,3,0,1670,SIL,F,,0,0,000000000,00000000000,0,0,0,1,0,0,0,0,0,0,0,45,0,0,0,12,62,6,2,12,0,0,1,1,48,75852,6,1,0,0,3,3,999,999,0,0,0,0,1,9,2008,9,2008,0,51,0,0,0,1,2,55,4,3,2,1,40,3,14,10,1,1,2,50,1,0
22,220431,2,2,1,20,10,14,28,12,2,1,1,22,3,86,881,86881,66,1999,1M2P270Y1XM0,1,M,2,P,2,7,0,Y,1,X,M,0,1,T,MACK,RD6,TM,99,17,,8,0,0,600,D,,1,57,1832612,571832612,3,6,3,1,0,0,0,0,0,0,0,45,0,0,0,12,62,6,2,12,0,0,0,1,22,71292,6,1,6,0,3,3,72,420,0,0,0,0,0,0,0,0,0,0,0,0,0,0,1,2,55,4,3,2,1,40,3,14,62,9,2,1,51,0,0
22,220432,1,1,1,20,10,7,22,32,0,1,0,22,1,49,40,49040,4,2006,4T1BE32K56U1,4,T,1,B,E,3,2,K,5,6,U,1,0,P,TOYT,UXS,4D,6,17,3108,,0,1071,,G,,0,0,000000000,00000000000,0,0,0,1,0,0,0,0,0,0,0,55,0,1,5,12,12,6,2,32,0,0,0,1,22,71021,6,1,0,0,3,3,66,190,0,0,0,0,0,0,0,0,0,0,51,0,0,0,1,2,55,1,1,2,2,0,0,1,12,99,1,4,6,1,0
22,220433,1,2,1,21,10,11,49,12,2,1,0,22,1,12,401,12401,14,1998,1FMZU32X4WUC,1,F,M,Z,U,3,2,X,4,W,U,C,0,P,FORD,EPR,UT,98,17,3911,,0,1115,,G,,0,0,000000000,00000000000,0,0,0,1,0,0,0,0,0,0,0,55,0,1,5,12,62,6,2,12,0,0,0,1,22,70767,6,1,0,0,3,0,72,140,0,0,0,1,2,12,2007,2,2010,0,51,0,0,0,1,2,55,1,1,2,1,0,0,1,10,99,1,2,50,1,0
22,220433,2,2,1,21,10,11,49,12,2,1,0,22,3,87,883,87883,66,1997,1XP5DR8X6VD4,1,X,P,5,D,R,8,X,6,V,D,4,1,T,PTRB,379,DS,97,17,,8,0,0,CON,D,,1,88,888888888,88888888888,3,6,4,1,0,0,0,0,0,0,0,45,0,1,5,12,62,6,2,12,0,0,0,1,22,70757,6,1,0,0,2,3,74,210,0,1,0,0,0,10,2007,10,2007,0,0,0,0,0,1,2,55,1,1,2,1,0,0,1,62,1,1,1,51,0,0
22,220434,1,2,1,20,10,20,1,12,2,1,0,22,1,37,31,37031,2,2000,1HGEJ8243YL0,1,H,G,E,J,8,2,4,3,Y,L,0,0,P,HOND,UAX,CP,0,17,2560,,0,1032,,G,,0,0,000000000,00000000000,0,0,0,1,0,0,0,0,0,0,0,55,0,0,0,12,12,6,2,12,0,0,0,1,22,70633,6,1,0,0,3,0,65,160,0,0,0,1,1,3,2008,3,2008,0,99,99,99,99,1,2,55,1,1,2,1,0,0,1,10,1,1,2,50,1,1
22,220434,2,2,3,20,10,20,1,12,2,1,0,22,2,23,421,23421,15,2009,1GKFC33J09R2,1,G,K,F,C,3,3,J,0,9,R,2,0,T,GMC,YLT,4W,9,17,,2,0,1160,YUK,G,,0,0,000000000,00000000000,0,0,0,1,0,0,0,0,0,0,0,55,7,0,0,12,12,6,2,12,0,0,0,1,22,70633,6,1,0,0,3,0,68,135,0,0,0,0,1,6,2008,6,2008,0,0,0,0,0,1,2,55,1,1,2,1,0,0,1,62,1,1,1,51,0,0
22,220435,1,1,1,22,10,6,10,14,0,1,0,22,1,37,32,37032,4,2007,JHMCM56347C0,J,H,M,C,M,5,6,3,4,7,C,0,0,P,HOND,ASE,4D,7,17,3192,,0,1079,,G,,0,0,000000000,00000000000,0,0,0,1,0,0,0,0,0,0,0,55,4,0,0,12,12,6,2,14,0,0,0,1,22,70431,2,1,0,0,2,3,62,185,0,0,0,0,0,0,0,0,0,0,92,0,0,0,1,2,55,1,1,2,1,0,0,1,13,1,1,4,1,1,0
22,220436,1,1,2,22,10,19,13,30,0,1,0,22,2,20,16,20016,4,2002,1G1JC5241274,1,G,1,J,C,5,2,4,1,2,7,4,0,P,CHEV,CAC,4D,2,17,2676,,0,1041,,C,,0,0,000000000,00000000000,0,0,0,1,0,0,0,0,0,0,0,55,0,0,0,11,12,6,2,30,0,0,0,1,22,70345,0,0,0,0,0,0,999,999,99,99,99,99,99,99,9999,99,9999,0,58,92,0,0,1,2,55,3,1,2,1,28,3,14,13,6,2,4,2,1,0
22,220437,1,1,1,23,10,21,30,8,0,1,1,99,9,7,20,7020,4,9999,999999999999,9,9,9,9,9,9,9,9,9,9,9,9,0,U,,,,9,17,,,,,,,,0,0,000000000,00000000000,0,0,0,1,0,0,0,0,0,0,0,45,0,0,0,99,99,9,1,8,99,99,0,1,99,99999,9,9,99,0,9,9,999,999,99,99,99,99,99,99,9999,99,9999,0,0,0,0,0,5,4,45,1,1,2,1,28,3,1,80,1,1,1,13,0,0
22,220438,1,1,1,27,10,21,4,33,0,1,0,22,2,20,481,20481,31,1993,1GCEC14ZXPE2,1,G,C,E,C,1,4,Z,X,P,E,2,0,T,CHEV,GC1,PK,93,17,,2,1315,1175,GM4,G,,0,0,000000000,00000000000,0,0,0,1,0,0,0,0,0,0,0,55,0,1,5,14,12,6,2,1,0,0,0,1,22,70558,6,2,0,0,3,3,72,230,0,0,0,0,0,0,0,0,0,0,58,0,0,0,2,2,55,4,1,1,1,28,3,14,13,6,2,4,2,1,0
22,220439,1,1,2,29,10,12,11,8,0,1,0,22,1,20,481,20481,31,1999,2GCEC19VXX11,2,G,C,E,C,1,9,V,X,X,1,1,0,T,CHEV,SC1,3C,99,17,,2,1575,1435,SIL,G,,0,0,000000000,00000000000,0,0,0,1,0,0,0,0,0,0,0,55,0,0,0,12,12,4,1,8,0,0,0,1,22,71268,6,1,0,0,3,3,71,224,0,0,0,0,0,0,0,0,0,0,0,0,0,0,1,2,55,1,3,2,1,0,0,1,80,1,1,1,13,0,0
22,220440,1,2,1,31,10,15,99,1,0,1,0,22,2,72,706,72706,80,1995,1HD1CAP17SY2,1,H,D,1,C,A,P,1,7,S,Y,2,0,M,HD,L12,RS,95,17,,,,,,,1200,0,0,000000000,00000000000,0,0,0,1,0,0,0,0,0,0,0,55,0,0,0,0,13,6,2,12,0,0,0,1,22,70380,6,1,0,0,2,3,71,140,0,0,0,0,0,0,0,0,0,0,99,99,99,99,1,2,55,4,1,2,1,0,0,14,8,1,7,2,98,1,0
22,220440,2,2,2,31,10,15,99,1,0,1,0,22,1,12,461,12461,21,2001,1FDPE24L11HA,1,F,D,P,E,2,4,L,1,1,H,A,0,T,FORD,25V,IC,1,17,,2,0,1380,VAN,G,,0,0,000000000,00000000000,0,0,0,1,0,0,0,0,0,0,0,55,0,0,0,12,12,4,3,12,0,0,0,1,22,70764,6,1,0,0,3,3,74,220,0,0,0,0,0,0,0,0,0,0,0,0,0,0,1,2,55,4,1,2,1,0,0,14,62,7,1,1,98,0,0
22,220441,1,1,1,7,10,23,23,23,0,1,0,22,2,72,706,72706,80,2008,1HD1CZ3138K4,1,H,D,1,C,Z,3,1,3,8,K,4,0,M,HD,XLN,RS,8,17,,,,,,,1202,0,0,000000000,00000000000,0,0,0,1,0,0,0,0,0,0,0,999,0,0,0,3,3,2,3,23,0,0,0,1,22,71060,1,1,0,0,2,3,66,230,0,0,0,0,1,11,2008,11,2008,9,99,99,99,99,6,1,98,4,2,1,1,97,8,14,13,99,1,4,1,1,0
22,220442,1,2,2,9,10,2,16,12,6,1,0,22,2,37,31,37031,4,1999,1HGEJ6576XL0,1,H,G,E,J,6,5,7,6,X,L,0,0,P,HOND,UCL,4D,99,17,2410,,0,1032,,G,,0,0,000000000,00000000000,0,0,0,1,0,0,0,0,0,0,0,99,0,0,0,12,12,6,2,12,0,0,0,1,22,70506,6,1,0,0,3,0,68,158,0,0,0,2,1,1,2010,3,2010,1,38,0,0,0,5,2,40,1,1,1,1,3,3,1,17,1,1,1,69,1,0
22,220442,2,2,31,9,10,2,16,12,6,1,0,93,3,93,981,93981,51,2000,1M8PDMPA9YP0,1,M,8,P,D,M,P,A,9,Y,P,0,0,U,,,,0,17,,,,,,,,0,57,1167656,571167656,3,21,22,1,0,0,0,0,5,0,0,999,0,0,0,82,82,4,3,12,0,0,0,1,48,77498,6,1,6,1,3,0,999,999,0,0,0,0,0,0,0,0,0,0,0,0,0,0,5,2,40,1,1,1,1,3,3,11,54,1,1,1,68,0,1
22,220443,1,1,1,16,10,4,43,42,0,1,0,22,2,20,401,20401,14,2002,1GNDS13S8222,1,G,N,D,S,1,3,S,8,2,2,2,0,P,CHEV,TRL,UT,2,17,4442,,0,1130,,G,,0,0,000000000,00000000000,0,0,0,1,0,0,0,0,0,0,0,90,0,0,0,12,13,6,2,2,0,0,1,1,22,71060,2,1,0,0,2,0,65,150,0,0,0,0,0,0,0,0,0,1,99,99,99,99,1,2,55,1,3,2,1,0,0,1,6,7,2,4,2,1,0
22,220444,1,1,1,25,10,20,23,8,0,1,1,22,2,24,1,24001,4,1999,1G8ZJ5272XZ2,1,G,8,Z,J,5,2,7,2,X,Z,2,0,P,STRN,SL2,4D,99,17,0,,0,1024,,G,,0,0,000000000,00000000000,0,0,0,1,0,0,0,0,0,0,0,70,0,0,0,1,2,4,1,8,0,0,0,1,22,71108,0,0,0,0,0,0,62,160,0,0,0,0,0,0,0,0,0,1,91,92,0,0,3,2,55,1,3,1,1,0,0,1,80,1,1,1,13,0,1
22,220445,1,1,2,23,11,6,37,42,0,1,0,22,2,18,7,18007,4,2002,2G4WS52J5211,2,G,4,W,S,5,2,J,5,2,1,1,0,P,BUIC,CCU,4D,2,17,3368,,0,1090,,G,,0,0,000000000,00000000000,0,0,0,1,0,0,0,0,0,0,0,55,0,0,0,3,3,6,2,42,0,0,0,1,22,71263,6,1,0,0,3,0,60,170,0,0,0,0,0,0,0,0,0,1,24,36,0,0,1,2,35,2,1,2,2,0,0,14,6,1,4,4,7,1,0
22,220446,1,1,1,25,11,2,30,53,0,1,0,22,1,37,32,37032,4,1992,1HGCB7553NA2,1,H,G,C,B,7,5,5,3,N,A,2,0,P,HOND,ALX,4D,92,17,2504,,0,1071,,G,,0,0,000000000,00000000000,0,0,0,1,0,0,0,0,0,0,0,55,0,0,0,1,1,6,2,30,0,0,0,1,22,70433,6,1,0,0,3,3,71,170,0,1,0,0,0,2,2008,2,2008,0,24,0,0,0,1,2,55,2,1,2,1,0,0,14,12,1,1,4,6,1,1
22,220447,1,2,1,25,11,18,27,12,6,1,0,22,1,14,6,14006,4,2005,2MEFM74WX5X6,2,M,E,F,M,7,4,W,X,5,X,6,0,P,MERC,GMG,4D,5,17,4038,,0,1147,,G,,0,0,000000000,00000000000,0,0,0,1,0,0,0,0,0,0,0,10,0,0,0,12,12,4,3,12,0,0,0,1,22,70454,6,1,0,0,3,0,72,185,0,0,0,0,0,0,0,0,0,0,91,38,0,0,1,2,35,1,1,2,1,20,3,10,16,1,1,1,78,0,0
22,220447,2,2,1,25,11,18,27,12,6,1,0,22,1,49,48,49048,5,2004,JTKKT6241400,J,T,K,K,T,6,2,4,1,4,0,0,0,P,TOYT,SXA,4H,4,17,2380,,0,933,,G,,0,0,000000000,00000000000,0,0,0,1,0,0,0,0,0,0,0,55,0,1,5,2,2,4,3,1,0,0,0,1,22,70403,6,1,0,0,3,0,67,342,0,0,0,0,0,0,0,0,0,0,24,0,0,0,1,2,55,1,1,2,1,0,0,1,65,1,1,1,79,1,0
22,220448,1,1,1,26,11,4,10,53,0,1,0,22,2,23,401,23401,14,2005,1GKDS13S5522,1,G,K,D,S,1,3,S,5,5,2,2,0,T,GMC,ENV,4W,5,17,,1,0,1130,ENV,G,,0,0,000000000,00000000000,0,0,0,1,0,0,0,0,0,0,0,63,0,1,5,12,12,6,2,1,0,0,0,1,22,71078,6,1,0,0,3,3,71,210,0,0,0,0,0,0,0,0,0,1,24,0,0,0,1,2,55,1,1,2,1,0,0,1,12,1,1,4,6,1,0
22,220449,1,1,5,26,11,18,14,34,0,1,0,22,1,37,31,37031,4,1998,2HGEJ6674WH5,2,H,G,E,J,6,6,7,4,W,H,5,0,P,HOND,UCL,4D,98,17,2426,,0,1032,,G,,0,0,000000000,00000000000,0,0,0,1,0,0,0,0,0,0,0,55,0,0,0,12,12,4,3,34,0,0,0,1,22,70354,6,1,0,0,3,0,69,160,0,0,0,0,0,0,0,0,0,1,24,39,0,0,2,2,55,1,4,2,1,20,3,1,14,3,1,4,14,1,1
22,220450,1,1,2,27,11,5,39,8,0,1,0,22,1,23,481,23481,31,1998,1GTEC19W9WE5,1,G,T,E,C,1,9,W,9,W,E,5,0,T,GMC,SC1,PC,98,17,,2,1555,1415,SIE,G,,0,0,000000000,00000000000,0,0,0,1,0,0,0,0,0,0,0,55,0,0,0,12,12,4,3,8,0,0,0,1,22,70360,6,1,0,0,3,0,71,265,0,0,0,0,0,0,0,0,0,0,0,0,0,0,1,2,55,1,1,2,1,0,0,1,80,1,1,1,13,0,0
22,220451,1,1,1,27,11,20,7,59,0,1,0,22,2,12,401,12401,14,1999,1FMYU22X5XUC,1,F,M,Y,U,2,2,X,5,X,U,C,0,P,FORD,EPR,UT,99,17,3675,,0,1017,,G,,0,0,000000000,00000000000,0,0,0,1,0,0,0,0,0,0,0,55,0,2,3,1,1,6,2,1,0,0,0,1,22,70420,6,1,0,0,3,0,73,210,0,0,0,0,0,0,0,0,0,0,24,58,0,0,2,2,55,3,1,2,1,0,0,14,8,1,4,4,7,1,0
22,220452,1,2,1,28,11,18,19,12,6,1,0,22,1,20,481,20481,31,2007,2GCEC13C4717,2,G,C,E,C,1,3,C,4,7,1,7,0,T,CHEV,1CW,CW,7,17,,2,0,1435,SIL,G,,0,0,000000000,00000000000,0,0,0,1,0,0,0,0,0,0,0,40,0,0,0,12,12,6,2,12,0,0,0,1,22,70592,6,1,0,0,3,0,70,185,0,0,0,0,1,11,2010,11,2010,1,24,39,0,0,1,2,45,1,9,2,1,20,3,1,17,1,1,1,86,0,0
22,220452,2,2,2,28,11,18,19,12,6,1,0,22,1,58,37,58037,4,2005,JNKCV51E65M2,J,N,K,C,V,5,1,E,6,5,M,2,0,P,INFI,G35,4D,5,17,3309,,0,1122,,G,,0,0,000000000,00000000000,0,0,0,1,0,0,0,0,0,0,0,50,0,1,5,3,3,6,2,1,0,0,0,1,22,70510,6,1,0,0,3,3,74,185,0,0,0,0,0,0,0,0,0,0,0,0,0,0,1,2,55,1,1,2,1,0,0,1,66,1,1,1,87,1,0
22,220453,1,1,1,29,11,12,40,31,0,1,0,22,1,18,2,18002,4,2002,1G4HP54K5242,1,G,4,H,P,5,4,K,5,2,4,2,0,P,BUIC,LCF,4D,2,17,3567,,0,1122,,G,,0,0,000000000,00000000000,0,0,0,1,0,0,0,0,0,0,0,66,0,0,0,12,12,6,2,31,0,0,0,1,22,70458,6,1,0,0,3,0,74,285,0,0,0,0,0,0,0,0,0,0,0,0,0,0,2,2,70,1,1,1,1,0,0,1,13,1,1,4,1,1,0
22,220454,1,1,1,16,9,17,20,42,0,1,0,22,2,35,472,35472,30,2007,1N6BD06T27C4,1,N,6,B,D,0,6,T,2,7,C,4,0,T,NISS,FKX,PC,7,17,,1,0,1259,FRT,G,,0,0,000000000,00000000000,0,0,0,1,0,0,0,0,0,0,0,50,0,0,0,12,12,6,2,42,0,0,0,1,22,70373,6,1,0,0,3,0,72,245,0,0,0,0,0,0,0,0,0,0,0,0,0,0,1,2,55,2,1,2,1,0,0,14,12,1,1,4,6,1,0
22,220455,1,1,1,31,10,20,52,9,0,1,0,48,3,87,883,87883,66,2000,1XP5DR9X5YD4,1,X,P,5,D,R,9,X,5,Y,D,4,1,T,PTRB,379,DS,0,17,,8,0,0,CON,D,,1,57,225474,57225474,3,6,3,1,0,0,0,0,0,0,0,999,0,0,0,4,4,0,1,9,0,0,0,1,48,77346,6,1,6,0,3,3,999,999,0,0,0,0,0,0,0,0,0,0,0,0,0,0,2,3,40,1,1,1,1,0,0,1,81,1,1,1,98,0,0
22,220456,1,2,1,3,11,4,10,12,6,1,0,22,2,49,45,49045,4,2002,JTDBT1239202,J,T,D,B,T,1,2,3,9,2,0,2,0,P,TOYT,ECH,4D,2,17,2055,,0,934,,G,,0,0,000000000,00000000000,0,0,0,1,0,0,0,0,0,0,0,55,0,0,0,2,2,6,2,12,0,0,0,1,22,70363,6,1,0,0,3,3,66,175,0,0,0,0,0,0,0,0,0,9,24,51,0,0,1,2,55,3,1,2,2,0,0,14,9,1,4,2,64,1,0
22,220456,2,2,1,3,11,4,10,12,6,1,0,22,1,12,880,12880,67,2006,1FTWW33PX6EB,1,F,T,W,W,3,3,P,X,6,E,B,0,T,FORD,F3D,CW,6,17,,3,1720,1560,DRW,D,,0,88,888888888,88888888888,2,1,96,1,0,0,0,0,0,0,0,55,0,0,0,1,1,4,3,12,0,0,0,1,22,70354,6,1,0,0,3,0,69,175,0,0,0,0,0,0,0,0,0,0,0,0,0,0,1,2,55,2,1,2,2,0,0,14,62,1,1,1,65,0,0
22,220457,1,2,1,3,11,23,28,12,2,1,0,22,1,37,31,37031,4,1998,1HGEJ6576WL0,1,H,G,E,J,6,5,7,6,W,L,0,0,P,HOND,UCL,4D,98,17,2375,,0,1032,,G,,0,0,000000000,00000000000,0,0,0,1,0,0,0,0,0,0,0,35,0,0,0,12,12,6,2,12,0,0,0,1,22,70363,1,1,0,0,2,3,69,135,0,4,0,0,0,1,2009,8,2010,0,24,58,0,0,1,2,35,2,1,1,1,0,0,14,10,1,1,2,50,1,1
22,220457,2,2,1,3,11,23,28,12,2,1,0,22,3,12,481,12481,31,2007,1FTPW14V07FA,1,F,T,P,W,1,4,V,0,7,F,A,0,T,FORD,F1S,CW,7,17,,2,0,1390,COF,F,,0,0,000000000,00000000000,0,0,0,1,0,0,0,0,0,0,0,35,0,0,0,12,12,6,2,12,0,0,0,1,22,70360,6,1,0,0,3,3,71,185,0,0,0,0,0,0,0,0,0,0,0,0,0,0,1,2,35,1,1,1,1,0,0,1,62,1,1,1,51,0,0
22,220458,1,2,1,7,11,7,7,12,6,1,0,22,2,34,34,34034,4,2008,WBAVB77598NH,W,B,A,V,B,7,7,5,9,8,N,H,0,P,BMW,35I,4D,8,17,3605,,0,1087,,G,,0,0,000000000,00000000000,0,0,0,1,0,0,0,0,0,0,0,15,0,0,0,12,12,2,1,12,0,0,0,1,22,70817,6,1,0,0,3,0,73,225,0,0,0,0,0,0,0,0,0,0,38,0,0,0,1,2,35,1,1,1,1,98,3,11,15,1,1,2,68,0,0
22,220458,2,2,1,7,11,7,7,12,6,1,0,22,1,49,403,49403,14,2003,JTEGD21AX300,J,T,E,G,D,2,1,A,X,3,0,0,0,P,TOYT,HIG,UT,3,17,3485,,0,1069,,G,,0,0,000000000,00000000000,0,0,0,1,0,0,0,0,0,0,0,35,0,0,0,11,11,2,3,8,0,0,0,1,22,70817,6,1,0,0,3,0,64,165,0,0,0,0,0,0,0,0,0,0,0,0,0,0,1,2,35,1,1,1,1,98,3,1,62,7,1,1,69,0,0
22,220459,1,1,1,9,11,4,12,42,0,1,0,22,1,7,472,7472,31,2005,1D7HE22KX5S2,1,D,7,H,E,2,2,K,X,5,S,2,0,T,DODG,KST,PC,5,17,,2,0,1309,DAK,G,,0,0,000000000,00000000000,0,0,0,1,0,0,0,0,0,0,0,50,0,0,0,61,61,4,3,42,0,0,0,1,22,71362,6,1,4,0,3,0,73,247,0,0,0,0,0,0,0,0,0,0,24,0,0,0,1,2,55,2,2,2,1,0,0,14,12,1,1,4,6,1,0