STATE,ST_CASE,VEH_NO,VE_FORMS,NUMOCCS,DAY,MONTH,HOUR,MINUTE,HARM_EV,MAN_COLL,UNITTYPE,HIT_RUN,REG_STAT,OWNER,MAKE,MODEL,MAK_MOD,BODY_TYP,MOD_YEAR,VIN,VIN_1,VIN_2,VIN_3,VIN_4,VIN_5,VIN_6,VIN_7,VIN_8,VIN_9,VIN_10,VIN_11,VIN_12,TOW_VEH,VINTYPE,VINMAKE,VINA_MOD,VIN_BT,VINMODYR,VIN_LNGT,VIN_WGT,WGTCD_TR,WHLBS_LG,WHLBS_SH,SER_TR,FUELCODE,MCYCL_DS,J_KNIFE,MCARR_I1,MCARR_I2,MCARR_ID,GVWR,V_CONFIG,CARGO_BT,HAZ_INV,HAZ_PLAC,HAZ_ID,HAZ_CNO,HAZ_REL,BUS_USE,SPEC_USE,EMER_USE,TRAV_SP,UNDERIDE,ROLLOVER,ROLINLOC,IMPACT1,IMPACT2,DEFORMED,TOWED,M_HARM,VEH_SC1,VEH_SC2,FIRE_EXP,DR_PRES,L_STATE,DR_ZIP,L_STATUS,L_TYPE,CDL_STAT,L_ENDORS,L_COMPL,L_RESTRI,DR_HGT,DR_WGT,PREV_ACC,PREV_SUS,PREV_DWI,PREV_SPD,PREV_OTH,FIRST_MO,FIRST_YR,LAST_MO,LAST_YR,SPEEDREL,DR_SF1,DR_SF2,DR_SF3,DR_SF4,VTRAFWAY,VNUM_LAN,VSPD_LIM,VALIGN,VPROFILE,VPAVETYP,VSURCOND,VTRAFCON,VTCONT_F,P_CRASH1,P_CRASH2,P_CRASH3,PCRASH4,PCRASH5,ACC_TYPE,DEATHS,DR_DRINK
22,220460,1,2,2,10,11,22,15,12,6,1,0,22,2,21,441,21441,20,2000,1GHDX03E9YD1,1,G,H,D,X,0,3,E,9,Y,D,1,0,T,OLDS,SIL,ES,0,17,,1,0,1200,SIL,G,,0,0,000000000,00000000000,0,0,0,1,0,0,0,0,0,0,0,5,0,0,0,10,10,6,2,12,0,0,0,1,22,70525,6,1,0,0,3,3,66,150,0,0,0,0,0,0,0,0,0,0,24,38,0,0,0,0,0,0,0,0,0,0,0,98,17,1,1,1,89,1,1
22,220460,2,2,2,10,11,22,15,12,6,1,0,48,1,12,481,12481,31,2004,1FTNW21P24ED,1,F,T,N,W,2,1,P,2,4,E,D,0,T,FORD,F2S,CW,4,17,,2,1724,1562,SRW,D,,0,0,000000000,00000000000,0,0,0,1,0,0,0,0,0,0,0,65,0,1,5,12,12,4,3,12,0,0,0,1,22,70535,6,1,0,0,3,0,69,195,0,0,0,0,0,0,0,0,0,0,24,0,0,0,2,2,65,1,1,2,1,0,0,1,71,1,1,1,88,0,0
22,220461,1,2,1,13,11,16,30,12,2,1,0,22,1,12,481,12481,31,2001,1FTRW07W11KE,1,F,T,R,W,0,7,W,1,1,K,E,0,T,FORD,F1S,CW,1,17,,2,0,1385,COF,G,,0,0,000000000,00000000000,0,0,0,1,0,0,0,0,0,0,0,55,0,0,0,12,12,6,2,12,0,0,0,1,22,70503,6,1,4,0,3,0,67,135,0,0,0,0,0,0,0,0,0,0,0,0,0,0,1,2,55,1,1,2,2,0,0,1,10,1,1,2,50,1,1
22,220461,2,2,1,13,11,16,30,12,2,1,0,22,2,12,481,12481,31,2004,1FTNX21P44EC,1,F,T,N,X,2,1,P,4,4,E,C,0,T,FORD,F2S,4C,4,17,,2,1580,1418,SRW,D,,0,0,000000000,00000000000,0,0,0,1,0,0,0,0,0,0,0,55,0,0,0,12,12,6,2,12,0,0,0,1,22,70586,1,1,1,0,2,0,67,205,0,2,0,0,0,12,2008,3,2009,0,92,0,0,0,1,2,55,1,1,2,2,0,0,1,62,1,1,1,51,0,0
22,220462,1,1,2,12,11,19,50,35,0,1,0,22,1,20,481,20481,31,2010,3GCRCSE00AG2,3,G,C,R,C,S,E,0,0,A,G,2,0,T,CHEV,2SC,CW,10,17,,2,0,1435,SIL,F,,0,0,000000000,00000000000,0,0,0,1,0,0,0,0,0,0,0,65,0,1,5,12,12,6,2,1,0,0,0,1,22,70791,1,1,0,0,2,3,73,235,0,1,0,1,0,4,2008,7,2010,1,91,24,36,92,1,2,55,3,1,2,1,0,0,14,6,1,2,4,2,1,1
22,220463,1,3,1,15,11,9,0,12,1,1,0,22,2,12,422,12422,15,2003,1FMPU17L83LB,1,F,M,P,U,1,7,L,8,3,L,B,0,P,FORD,EPT,UT,3,17,5416,,0,1191,,G,,0,0,000000000,00000000000,0,0,0,1,0,0,0,0,0,0,0,70,0,0,0,12,10,6,2,12,0,0,1,1,48,70508,6,1,0,0,3,3,999,999,0,0,0,1,0,5,2010,5,2010,0,0,0,0,0,2,2,70,1,1,2,2,0,0,1,98,1,1,3,32,1,0
22,220463,2,3,1,15,11,9,0,12,1,1,0,22,2,20,481,20481,31,2009,1GCEK29069Z2,1,G,C,E,K,2,9,0,6,9,Z,2,0,T,CHEV,2SK,4C,9,17,,2,1575,1339,SIL,F,,0,0,000000000,00000000000,0,0,0,1,0,0,0,0,0,0,0,60,0,0,0,6,6,4,3,12,0,0,0,1,22,70772,6,1,0,0,3,3,71,190,0,0,0,0,0,0,0,0,0,0,0,0,0,0,2,2,70,1,1,2,2,0,0,1,98,1,1,3,32,0,0
22,220463,3,3,1,15,11,9,0,12,1,1,0,22,3,87,881,87881,62,2011,2NPNHM6X4BM1,2,N,P,N,H,M,6,X,4,B,M,1,0,T,PTRB,330,CC,11,17,,6,0,0,CON,D,,0,88,888888888,88888888888,2,1,3,1,0,0,0,0,0,0,0,65,0,0,0,12,12,6,2,12,0,0,0,1,22,70774,6,1,0,0,3,3,69,170,0,0,0,0,0,0,0,0,0,0,0,0,0,0,2,2,70,1,1,2,2,0,0,1,62,1,1,1,98,0,0
22,220464,1,1,2,20,11,2,15,41,0,1,0,48,2,35,47,35047,4,2011,1N4AL2EPXBC1,1,N,4,A,L,2,E,P,X,B,C,1,0,P,NISS,A5S,CP,11,17,3081,,0,1053,,G,,0,0,000000000,00000000000,0,0,0,1,0,0,0,0,0,0,0,55,0,0,0,61,12,6,2,2,0,0,1,1,48,75954,6,1,0,0,3,0,999,999,0,0,0,0,0,0,0,0,0,0,91,36,24,0,1,2,55,1,1,2,2,0,0,1,12,1,1,4,6,1,1
22,220465,1,1,1,21,11,18,30,42,0,1,0,22,1,72,709,72709,80,1984,1HD1BEK20EY0,1,H,D,1,B,E,K,2,0,E,Y,0,0,M,HD,FXW,RS,84,17,,,,,,,1340,0,0,000000000,00000000000,0,0,0,1,0,0,0,0,0,0,0,50,0,0,0,12,12,6,2,42,0,0,0,1,22,70785,6,1,0,0,3,0,73,230,0,0,0,0,0,0,0,0,0,0,0,0,0,0,1,2,55,2,2,2,1,40,3,14,12,1,1,4,6,1,1
22,220467,1,1,5,17,10,2,30,33,0,1,0,22,2,34,34,34034,4,2006,WBAVB13526PT,W,B,A,V,B,1,3,5,2,6,P,T,0,P,BMW,325,4D,6,17,3285,,0,1087,,G,,0,0,000000000,00000000000,0,0,0,1,0,0,0,0,0,0,0,999,0,0,0,14,81,6,2,58,0,0,0,1,22,70128,1,1,0,0,2,3,69,145,0,1,0,0,0,8,2009,8,2009,1,91,39,0,0,1,2,35,1,1,1,1,20,3,1,90,6,1,4,9,2,1
22,220468,1,2,1,20,11,18,0,12,6,1,0,22,1,6,51,6051,4,2007,2C3KA43R87H6,2,C,3,K,A,4,3,R,8,7,H,6,0,P,CHRY,C30,4D,7,17,3632,,0,1200,,G,,0,0,000000000,00000000000,0,0,0,1,0,0,0,0,0,0,0,999,0,0,0,12,12,6,2,12,0,0,0,1,22,71107,6,1,0,0,3,3,63,185,0,0,0,0,0,0,0,0,0,0,38,0,0,0,1,2,35,1,1,2,1,0,0,11,15,1,1,1,68,0,0
22,220468,2,2,2,20,11,18,0,12,6,1,0,22,1,72,706,72706,80,2008,1HD1FR4168Y6,1,H,D,1,F,R,4,1,6,8,Y,6,0,M,HD,FKC,RS,8,17,,,,,,,1584,0,0,000000000,00000000000,0,0,0,1,0,0,0,0,0,0,0,999,0,0,0,61,61,6,2,12,0,0,0,1,22,71107,6,1,0,0,3,3,71,200,0,0,0,2,0,11,2009,2,2010,9,0,0,0,0,1,2,35,1,1,2,1,0,0,1,62,1,1,1,69,1,0
22,220469,1,1,1,8,10,19,42,33,0,1,0,22,1,2,406,2406,14,2008,1J8HG58278C1,1,J,8,H,G,5,8,2,7,8,C,1,0,T,JEEP,LTD,4W,8,17,,2,0,1095,CMD,G,,0,0,000000000,00000000000,0,0,0,1,0,0,0,0,0,0,0,60,0,0,0,14,12,6,2,32,0,0,0,1,22,71111,6,1,0,0,3,3,70,200,0,0,0,0,0,0,0,0,0,9,99,99,99,99,2,2,60,1,2,1,1,20,3,1,14,99,1,4,14,1,0
22,220470,1,2,1,8,12,8,30,12,6,1,0,22,1,12,481,12481,31,1994,1FTEX15N2RKA,1,F,T,E,X,1,5,N,2,R,K,A,0,T,FORD,F15,PS,94,17,,2,1550,1390,COF,G,,0,0,000000000,00000000000,0,0,0,1,0,0,0,0,0,0,0,10,0,0,0,3,3,6,2,12,0,0,0,1,22,71277,1,1,0,0,2,0,71,185,0,3,0,0,4,12,2008,2,2010,0,38,92,0,0,1,2,55,1,1,2,2,20,3,3,17,1,1,1,87,0,0
22,220470,2,2,2,8,12,8,30,12,6,1,0,5,2,20,1,20001,4,1983,1G1AW35HXDR2,1,G,1,A,W,3,5,H,X,D,R,2,0,P,CHEV,MAL,SW,83,17,3343,,0,1081,,G,,0,0,000000000,00000000000,0,0,0,1,0,0,0,0,0,0,0,50,0,0,0,12,12,6,2,12,0,0,0,1,22,71256,1,1,0,0,2,0,71,170,0,0,0,0,2,3,2009,4,2010,0,24,92,0,0,1,2,55,1,1,2,2,0,0,1,66,1,1,1,86,1,0
22,220471,1,1,2,9,12,17,40,8,0,1,0,48,3,7,26,7026,4,2010,1B3CC4FB6AN1,1,B,3,C,C,4,F,B,6,A,N,1,0,P,DODG,AXT,4D,10,17,3405,,0,1089,,G,,0,0,000000000,00000000000,0,0,0,1,0,0,0,0,0,0,0,40,0,0,0,12,12,4,1,8,0,0,0,1,22,70043,6,1,0,0,3,3,74,172,0,0,0,0,2,6,2009,2,2010,0,0,0,0,0,5,2,45,1,1,2,1,0,0,1,80,1,1,1,13,0,0
22,220472,1,2,4,9,12,6,0,12,2,1,0,22,3,12,880,12880,67,2009,1FTWW30R89EA,1,F,T,W,W,3,0,R,8,9,E,A,0,T,FORD,F3S,CW,9,17,,3,1720,1560,SRW,D,,0,88,888888888,88888888888,2,1,97,1,0,0,0,0,0,0,0,55,0,0,0,12,12,6,2,12,0,0,0,1,22,70570,6,1,0,0,3,0,69,208,0,0,0,0,1,8,2009,8,2009,0,51,0,0,0,1,2,55,1,1,2,1,0,0,1,10,1,1,1,50,1,0
22,220472,2,2,1,9,12,6,0,12,2,1,0,22,1,12,481,12481,31,1999,1FTRX18L4XNB,1,F,T,R,X,1,8,L,4,X,N,B,0,T,FORD,F15,4C,99,17,,2,1574,1388,COF,G,,0,0,000000000,00000000000,0,0,0,1,0,0,0,0,0,0,0,50,0,0,0,12,12,6,2,12,0,0,0,1,22,70633,6,1,0,0,3,0,75,185,0,0,0,1,1,4,2008,1,2009,0,24,0,0,0,1,2,55,1,1,2,1,0,0,1,62,1,1,1,51,1,0
22,220473,1,2,3,9,12,11,7,12,7,1,0,22,2,55,35,55035,4,2006,KMHDN46D46U3,K,M,H,D,N,4,6,D,4,6,U,3,0,P,HYUN,GTL,4D,6,17,2784,,0,1027,,G,,0,0,000000000,00000000000,0,0,0,1,0,0,0,0,0,0,0,25,0,0,0,63,9,6,2,12,0,0,0,1,22,70301,6,1,0,0,3,0,61,157,0,0,0,0,0,0,0,0,0,0,48,0,0,0,4,2,50,1,1,2,1,28,3,15,10,1,1,2,47,1,0
22,220473,2,2,1,9,12,11,7,12,7,1,0,22,3,85,881,85881,63,2006,1NKDLU0X66J1,1,N,K,D,L,U,0,X,6,6,J,1,0,T,KW,T80,TM,6,17,,8,2600,1600,CON,D,,0,88,888888888,88888888888,3,2,4,1,0,0,0,0,0,0,0,50,0,0,0,82,12,2,1,12,0,0,0,1,22,70301,6,1,6,0,3,0,76,260,0,0,0,0,0,0,0,0,0,0,0,0,0,0,4,2,50,1,1,2,1,28,3,1,60,6,1,1,45,0,0
22,220474,1,1,1,8,12,22,21,53,0,1,0,22,2,23,481,23481,31,2001,1GTEC19V31Z1,1,G,T,E,C,1,9,V,3,1,Z,1,0,T,GMC,NC1,4C,1,17,,2,1575,1435,SIE,G,,0,0,000000000,00000000000,0,0,0,1,0,0,0,0,0,0,0,83,0,1,6,82,12,6,2,1,0,0,0,1,22,70726,2,1,0,0,2,0,72,140,0,0,0,0,1,3,2009,3,2009,1,36,0,0,0,1,2,55,3,1,2,1,28,3,14,13,1,1,4,1,1,1
22,220475,1,1,2,10,12,22,27,8,0,1,0,22,1,20,431,20431,16,1999,3GNEC16R7XG2,3,G,N,E,C,1,6,R,7,X,G,2,0,P,CHEV,C15,UT,99,17,4825,,0,1315,,G,,0,0,000000000,00000000000,0,0,0,1,0,0,0,0,0,0,0,65,0,0,0,12,12,4,1,8,0,0,0,1,22,70461,6,1,0,0,3,3,76,230,0,0,0,0,0,0,0,0,0,0,0,0,0,0,2,2,70,4,1,2,1,0,0,14,80,6,1,1,13,0,0
22,220476,1,1,1,16,12,4,15,14,0,1,0,40,1,82,881,82881,66,2000,1FUYSDYB0YPA,1,F,U,Y,S,D,Y,B,0,Y,P,A,1,T,FRHT,FC2,DS,0,17,,8,0,0,CON,D,,3,57,000109745,57000109745,3,6,1,1,0,0,0,0,0,0,0,70,0,1,5,81,62,6,2,42,0,0,0,1,48,75115,6,1,6,0,3,0,999,999,0,0,0,0,2,6,2008,11,2008,0,29,41,0,0,2,2,70,1,1,2,1,0,0,1,11,1,1,4,1,1,0
22,220477,1,1,1,16,12,3,50,1,0,1,0,22,1,12,481,12481,31,2007,1FTPW14VX7FA,1,F,T,P,W,1,4,V,X,7,F,A,0,T,FORD,F1S,CW,7,17,,2,0,1390,COF,F,,0,0,000000000,00000000000,0,0,0,1,0,0,0,0,0,0,0,70,0,1,5,0,13,6,2,1,0,0,0,1,22,71369,6,1,0,0,3,0,69,197,0,0,0,0,0,0,0,0,0,1,24,0,0,0,1,2,55,1,1,2,2,28,3,1,6,6,4,4,2,1,1
22,220478,1,2,1,16,12,16,13,12,6,1,0,22,1,24,1,24001,4,1999,1G8ZH5280XZ2,1,G,8,Z,H,5,2,8,0,X,Z,2,0,P,STRN,SL1,4D,99,17,2355,,0,1024,,G,,0,0,000000000,00000000000,0,0,0,1,0,0,0,0,0,0,0,10,0,0,0,9,9,6,2,12,0,0,0,1,22,70648,6,1,0,0,3,3,63,160,0,0,0,0,0,0,0,0,0,0,38,0,0,0,1,2,35,1,1,2,2,20,3,4,17,1,1,1,89,1,0
22,220478,2,2,1,16,12,16,13,12,6,1,0,22,2,49,40,49040,4,2006,4T1BE32K86U6,4,T,1,B,E,3,2,K,8,6,U,6,0,P,TOYT,UXS,4D,6,17,3108,,0,1071,,G,,0,0,000000000,00000000000,0,0,0,1,0,0,0,0,0,0,0,65,0,0,0,12,12,6,2,12,0,0,0,1,22,70648,0,0,0,0,0,0,999,999,99,99,99,99,99,99,9999,99,9999,0,92,0,0,0,2,2,65,1,1,2,2,0,0,1,66,1,1,1,88,0,0
22,220479,1,1,1,16,12,10,40,42,0,1,0,22,1,12,3,12003,2,1991,1FACP41M0MF1,1,F,A,C,P,4,1,M,0,M,F,1,0,P,FORD,MLX,2H,91,17,2824,,0,1005,,G,,0,0,000000000,00000000000,0,0,0,1,0,0,0,0,0,0,0,76,0,0,0,82,82,6,2,42,0,0,1,1,22,71108,6,1,0,0,3,0,68,140,0,0,0,0,0,0,0,0,0,1,27,36,0,0,2,2,70,1,2,1,1,0,0,15,6,6,4,4,2,1,1
22,220480,1,1,3,17,12,15,18,24,0,1,0,48,2,6,43,6043,2,2008,1C3LC45K68N1,1,C,3,L,C,4,5,K,6,8,N,1,0,P,CHRY,SEB,CV,8,17,3287,,0,1089,,G,,0,0,000000000,00000000000,0,0,0,1,0,0,0,0,0,0,0,70,0,1,3,81,81,4,3,1,0,0,0,1,48,77489,6,1,6,0,3,0,999,999,0,0,0,0,1,6,2008,6,2008,0,24,0,0,0,2,2,70,1,1,2,1,0,0,1,9,99,4,4,7,1,0
22,220481,1,1,2,17,12,2,40,3,0,1,0,22,2,12,401,12401,14,1995,1FMDU32X0SZB,1,F,M,D,U,3,2,X,0,S,Z,B,0,P,FORD,EPR,UT,95,17,3844,,0,1115,,G,,0,0,000000000,00000000000,0,0,0,1,0,0,0,0,0,0,0,45,0,0,0,0,99,2,3,3,0,0,0,1,22,70514,1,1,0,0,2,0,60,500,0,0,0,0,0,0,0,0,0,1,0,0,0,0,1,2,55,2,1,2,1,40,3,14,6,8,1,4,0,1,0
22,220482,1,2,1,18,12,13,32,12,6,1,0,22,1,37,706,37706,80,2002,JH2SC500X2M0,J,H,2,S,C,5,0,0,X,2,M,0,0,M,HOND,CR9,RS,2,17,,,,,,,954,0,0,000000000,00000000000,0,0,0,1,0,0,0,0,0,0,0,80,0,0,0,14,14,6,2,12,0,0,0,1,22,70611,0,0,0,0,0,0,999,999,99,99,99,99,99,99,9999,99,9999,1,35,0,0,0,1,2,45,1,1,2,1,28,3,6,52,3,2,2,73,1,0
22,220482,2,2,1,18,12,13,32,12,6,1,0,22,1,19,18,19018,4,2009,1G6DV57V9901,1,G,6,D,V,5,7,V,9,9,0,1,0,P,CADI,HF6,4D,9,17,3874,,0,1134,,G,,0,0,000000000,00000000000,0,0,0,1,0,0,0,0,0,0,0,10,0,0,0,63,63,4,3,12,0,0,0,1,22,70611,6,1,0,0,3,3,62,105,0,0,0,0,0,0,0,0,0,0,0,0,0,0,1,2,45,1,1,2,1,28,3,11,62,1,1,1,72,0,0
22,220483,1,1,2,19,12,99,99,35,0,1,0,22,1,23,421,23421,15,2002,1GKEC13Z12J2,1,G,K,E,C,1,3,Z,1,2,J,2,0,T,GMC,YUK,4W,2,17,,2,0,1160,YUK,F,,0,0,000000000,00000000000,0,0,0,1,0,0,0,0,0,0,0,70,0,1,3,12,12,6,2,35,0,0,0,1,22,71203,6,1,0,0,3,0,72,312,0,0,0,0,1,7,2009,7,2009,0,99,99,99,99,2,2,70,1,1,1,1,0,0,1,12,99,1,4,10,2,0
22,220484,1,2,1,1,12,13,35,12,8,1,0,22,1,18,2,18002,4,1999,1G4HP52K3XH4,1,G,4,H,P,5,2,K,3,X,H,4,0,P,BUIC,LCF,4D,99,17,3443,,0,1108,,G,,0,0,000000000,00000000000,0,0,0,1,0,0,0,0,0,0,0,66,0,1,5,11,61,6,2,12,0,0,0,1,22,71435,6,1,0,0,3,0,67,125,0,0,0,0,0,0,0,0,0,1,51,0,0,0,1,2,55,2,2,2,1,0,0,14,10,1,1,2,64,0,0
22,220484,2,2,2,1,12,13,35,12,8,1,0,22,3,86,882,86882,63,2008,1M2AV04C48M0,1,M,2,A,V,0,4,C,4,8,M,0,0,T,MACK,MRU,TL,8,17,,8,0,0,600,D,,0,88,888888888,88888888888,3,2,7,1,0,0,0,0,0,0,0,55,0,0,0,11,61,6,2,42,0,0,0,1,22,71342,6,1,6,0,3,0,71,200,0,0,0,0,0,0,0,0,0,0,0,0,0,0,1,2,55,3,2,2,1,0,0,14,62,7,1,1,65,1,0
22,220485,1,1,1,1,12,23,40,8,0,1,0,22,2,21,20,21020,4,1995,1G3AJ85M1S63,1,G,3,A,J,8,5,M,1,S,6,3,0,P,OLDS,CUL,SW,95,17,2934,,0,1049,,G,,0,0,000000000,00000000000,0,0,0,1,0,0,0,0,0,0,0,70,0,0,0,12,12,4,3,8,0,0,0,1,22,70422,6,1,0,0,3,3,72,250,0,0,0,1,0,3,2010,3,2010,0,0,0,0,0,2,2,70,1,1,1,1,0,0,1,80,1,1,1,13,0,0
22,220486,1,2,1,1,12,7,15,12,1,1,0,40,3,82,881,82881,66,2010,1FUJGLDR5ALA,1,F,U,J,G,L,D,R,5,A,L,A,1,T,FRHT,125,DS,10,17,,8,0,0,CSC,D,,1,57,0080806,570080806,3,6,1,1,0,0,0,0,0,0,0,50,1,0,0,12,12,6,2,12,0,0,0,1,48,75052,6,1,6,0,3,3,999,999,0,0,0,0,0,0,0,0,0,0,0,0,0,0,2,2,65,1,1,2,1,8,3,1,51,1,1,1,24,0,0
22,220486,2,2,22,1,12,7,15,12,1,1,0,22,2,84,981,84981,50,1990,1HVBAZRM3LH2,1,H,V,B,A,Z,R,M,3,L,H,2,0,T,INTL,370,BU,90,17,,6,2760,1520,30S,D,,0,88,888888888,88888888888,2,21,22,1,0,0,0,0,1,0,0,5,0,0,0,6,6,6,2,12,0,0,0,1,22,70577,6,1,6,1,3,1,70,200,0,0,0,0,0,0,0,0,0,0,0,0,0,0,2,2,65,1,1,2,1,0,0,3,53,1,1,1,25,1,0
22,220487,1,3,1,3,12,8,37,12,2,1,0,22,2,20,2,20002,4,2000,2G1WF55EXY93,2,G,1,W,F,5,5,E,X,Y,9,3,0,P,CHEV,IMP,4D,0,17,3389,,0,1110,,G,,0,0,000000000,00000000000,0,0,0,1,0,0,0,0,0,0,0,15,0,0,0,12,12,6,2,12,0,0,0,1,22,70394,6,1,0,0,3,3,64,115,0,0,0,0,0,0,0,0,0,0,24,38,0,0,1,2,55,2,1,2,1,0,0,11,15,1,1,2,68,1,0
22,220487,2,3,1,3,12,8,37,12,2,1,0,22,3,85,881,85881,63,2006,1NKDL09X36J1,1,N,K,D,L,0,9,X,3,6,J,1,1,T,KW,T80,TM,6,17,,8,2600,1600,CON,D,,1,57,360385,57360385,3,4,2,2,2,1203,88,1,0,0,0,55,0,0,0,12,12,4,3,12,0,0,0,1,22,70364,6,1,6,1,3,3,67,180,0,0,0,2,0,2,2008,5,2009,0,0,0,0,0,1,2,55,3,1,2,1,0,0,14,62,3,1,1,69,0,0
22,220487,3,3,1,3,12,8,37,12,2,1,0,22,2,22,22,22022,4,2006,1G2ZF55B2642,1,G,2,Z,F,5,5,B,2,6,4,2,0,P,PONT,G6E,4D,6,17,3419,,0,1123,,G,,0,0,000000000,00000000000,0,0,0,1,0,0,0,0,0,0,0,55,0,0,0,5,5,4,3,12,0,0,0,1,22,70394,6,1,0,0,3,3,64,140,0,0,0,0,0,0,0,0,0,0,0,0,0,0,1,2,55,2,1,2,1,0,0,14,60,7,1,1,98,0,0
22,220488,1,1,1,4,12,15,20,1,0,1,0,22,2,37,31,37031,2,2008,2HGFG12618H5,2,H,G,F,G,1,2,6,1,8,H,5,0,P,HOND,UCL,CP,8,17,2718,,0,1043,,G,,0,0,000000000,00000000000,0,0,0,1,0,0,0,0,0,0,0,68,0,1,5,0,2,6,2,42,0,0,0,1,22,70508,6,1,0,0,3,0,61,105,0,0,0,0,0,0,0,0,0,1,24,0,0,0,1,2,55,1,1,2,1,0,0,1,6,1,4,4,7,1,1
22,220489,1,1,1,4,12,17,5,34,0,1,0,22,1,37,706,37706,80,2005,1HFSC46B95A3,1,H,F,S,C,4,6,B,9,5,A,3,0,M,HOND,VCF,RS,5,17,,,,,,,1795,0,0,000000000,00000000000,0,0,0,1,0,0,0,0,0,0,0,55,0,0,0,1,1,2,3,34,0,0,0,1,22,70560,6,1,0,0,3,0,66,200,0,0,0,2,0,2,2008,10,2010,0,0,0,0,0,1,2,55,2,1,2,1,40,3,14,12,1,1,4,6,1,1
22,220490,1,2,1,4,12,3,15,12,1,1,0,22,1,20,401,20401,14,2002,1GNDS13S4222,1,G,N,D,S,1,3,S,4,2,2,2,0,P,CHEV,TRL,UT,2,17,4442,,0,1130,,G,,0,0,000000000,00000000000,0,0,0,1,0,0,0,0,0,0,0,45,0,0,0,12,12,6,2,12,0,0,0,1,22,70392,6,1,4,0,3,0,74,350,0,0,0,1,1,1,2009,5,2010,0,24,0,0,0,2,2,65,1,1,2,1,0,0,1,51,1,1,1,24,1,0
22,220490,2,2,1,4,12,3,15,12,1,1,0,22,3,85,881,85881,66,1988,2XKADB9X9JM5,2,X,K,A,D,B,9,X,9,J,M,5,1,T,KW,T60,DS,88,17,,8,0,0,CON,D,,1,88,888888888,88888888888,3,6,97,1,0,0,0,0,0,0,0,30,0,0,0,6,6,4,3,12,0,0,0,1,22,70538,6,1,6,0,3,0,61,210,0,0,0,0,0,0,0,0,0,1,0,0,0,0,2,2,65,1,1,2,1,0,0,1,53,1,1,1,25,0,0
22,220491,1,2,1,4,12,4,10,33,0,1,0,22,2,12,481,12481,31,2008,1FTRW14W78KC,1,F,T,R,W,1,4,W,7,8,K,C,0,T,FORD,F1S,CW,8,17,,2,1500,1390,COF,G,,0,0,000000000,00000000000,0,0,0,1,0,0,0,0,0,0,0,45,0,0,0,14,12,6,2,12,0,0,0,1,48,77864,6,1,0,0,3,0,999,999,0,0,0,0,0,0,0,0,0,0,0,0,0,0,1,2,55,1,1,1,1,0,0,1,10,1,1,4,6,0,0
22,220491,2,2,4,4,12,4,10,33,0,1,0,48,2,2,403,2403,14,2007,1J4FA24137L1,1,J,4,F,A,2,4,1,3,7,L,1,0,T,JEEP,WXR,2W,7,17,,1,0,954,WRA,G,,0,0,000000000,00000000000,0,0,0,1,0,0,0,0,0,0,0,75,0,0,0,12,12,6,2,12,0,0,0,1,22,75948,0,0,0,0,0,0,999,999,99,99,99,99,99,99,9999,99,9999,1,24,0,0,0,1,2,55,1,1,1,1,0,0,1,63,1,1,1,98,1,0
22,220492,1,1,3,4,12,19,40,14,0,1,0,22,2,12,481,12481,31,1999,1FTSX30F9XEC,1,F,T,S,X,3,0,F,9,X,E,C,0,T,FORD,F3S,4C,99,17,,2,1580,1418,SRW,D,,0,0,000000000,00000000000,0,0,0,1,0,0,0,0,0,0,0,55,0,0,0,12,12,4,3,8,0,0,0,1,22,70005,1,1,0,0,2,3,65,115,0,1,0,0,0,10,2010,10,2010,0,24,91,92,0,6,1,70,2,1,2,1,0,0,14,11,1,1,4,1,0,0
22,220493,1,1,1,4,12,23,40,8,0,1,0,22,2,12,481,12481,31,1997,1GCGC29R9VE1,1,G,C,G,C,2,9,R,9,V,E,1,0,T,CHEV,GC2,PC,97,17,,2,1555,1415,GM4,G,,0,0,000000000,00000000000,0,0,0,1,0,0,0,0,0,0,0,55,0,0,0,12,12,4,3,8,0,0,0,1,22,70535,6,1,0,0,3,0,62,130,0,0,0,0,0,0,0,0,0,0,0,0,0,0,2,2,65,1,1,2,1,0,0,1,80,8,1,1,13,0,0
22,220494,1,2,1,5,12,17,56,12,2,1,0,22,2,12,481,12481,31,1993,1FTDF15Y5PNA,1,F,T,D,F,1,5,Y,5,P,N,A,0,T,FORD,F15,PK,93,17,,1,1330,1170,COF,G,,0,0,000000000,00000000000,0,0,0,1,0,0,0,0,0,0,0,70,0,0,0,12,12,6,2,12,0,0,0,1,22,70380,3,1,0,0,2,0,68,130,0,0,0,0,0,0,0,0,0,0,0,0,0,0,2,2,70,1,1,1,1,0,0,1,10,1,1,6,50,1,0