STATE,ST_CASE,VEH_NO,VE_FORMS,NUMOCCS,DAY,MONTH,HOUR,MINUTE,HARM_EV,MAN_COLL,UNITTYPE,HIT_RUN,REG_STAT,OWNER,MAKE,MODEL,MAK_MOD,BODY_TYP,MOD_YEAR,VIN,VIN_1,VIN_2,VIN_3,VIN_4,VIN_5,VIN_6,VIN_7,VIN_8,VIN_9,VIN_10,VIN_11,VIN_12,TOW_VEH,VINTYPE,VINMAKE,VINA_MOD,VIN_BT,VINMODYR,VIN_LNGT,VIN_WGT,WGTCD_TR,WHLBS_LG,WHLBS_SH,SER_TR,FUELCODE,MCYCL_DS,J_KNIFE,MCARR_I1,MCARR_I2,MCARR_ID,GVWR,V_CONFIG,CARGO_BT,HAZ_INV,HAZ_PLAC,HAZ_ID,HAZ_CNO,HAZ_REL,BUS_USE,SPEC_USE,EMER_USE,TRAV_SP,UNDERIDE,ROLLOVER,ROLINLOC,IMPACT1,IMPACT2,DEFORMED,TOWED,M_HARM,VEH_SC1,VEH_SC2,FIRE_EXP,DR_PRES,L_STATE,DR_ZIP,L_STATUS,L_TYPE,CDL_STAT,L_ENDORS,L_COMPL,L_RESTRI,DR_HGT,DR_WGT,PREV_ACC,PREV_SUS,PREV_DWI,PREV_SPD,PREV_OTH,FIRST_MO,FIRST_YR,LAST_MO,LAST_YR,SPEEDREL,DR_SF1,DR_SF2,DR_SF3,DR_SF4,VTRAFWAY,VNUM_LAN,VSPD_LIM,VALIGN,VPROFILE,VPAVETYP,VSURCOND,VTRAFCON,VTCONT_F,P_CRASH1,P_CRASH2,P_CRASH3,PCRASH4,PCRASH5,ACC_TYPE,DEATHS,DR_DRINK
22,220494,2,2,1,5,12,17,56,12,2,1,0,22,1,23,481,23481,31,2007,2GTEK6382716,2,G,T,E,K,6,3,8,2,7,1,6,0,T,GMC,LND,CW,7,17,,2,0,1435,SIE,G,,0,0,000000000,00000000000,0,0,0,1,0,0,0,0,0,0,0,65,0,0,0,12,12,6,2,12,0,0,0,1,22,70586,6,1,0,0,3,0,72,235,0,0,0,0,0,0,0,0,0,0,0,0,0,0,2,2,70,1,1,1,1,0,0,1,64,2,1,1,51,0,0
22,220495,1,1,2,5,12,2,18,42,0,1,0,22,2,12,481,12481,31,2003,2FTRF17W33CA,2,F,T,R,F,1,7,W,3,3,C,A,0,T,FORD,F15,PK,3,17,,2,1385,1199,COF,G,,0,0,000000000,00000000000,0,0,0,1,0,0,0,0,0,0,0,75,0,0,0,1,1,6,2,42,0,0,0,1,22,71052,6,2,0,0,3,2,68,130,0,0,0,0,0,0,0,0,0,1,24,73,0,0,1,2,55,1,2,2,1,40,3,1,6,1,2,4,2,2,1
22,220496,1,2,4,5,12,14,10,12,2,1,0,22,1,12,481,12481,31,1974,F10GUV46951,F,1,0,G,U,V,4,6,9,5,1,,0,P,,,,,,,,,,,,,0,0,000000000,00000000000,0,0,0,1,0,0,0,0,0,0,0,55,0,0,0,12,12,6,2,12,0,0,0,1,22,71343,6,1,0,0,3,0,71,140,0,0,0,1,0,9,2008,9,2008,0,24,0,0,0,1,2,55,2,3,2,1,0,0,14,10,1,1,2,50,1,0
22,220496,2,2,1,5,12,14,10,12,2,1,0,22,1,12,481,12481,31,2005,2GCEK13T6513,2,G,C,E,K,1,3,T,6,5,1,3,0,T,CHEV,SK1,CW,5,17,,2,0,1435,SIL,G,,0,0,000000000,00000000000,0,0,0,1,0,0,0,0,0,0,0,55,0,0,0,12,12,6,2,12,0,0,0,1,22,71342,6,1,0,0,3,0,68,160,0,0,0,0,0,0,0,0,0,0,24,0,0,0,1,2,55,3,3,2,1,0,0,14,62,1,1,1,51,0,0
22,220497,1,2,2,7,12,23,45,12,2,1,0,22,1,20,37,20037,4,2002,1G1ND52J42M5,1,G,1,N,D,5,2,J,4,2,M,5,0,P,CHEV,MAL,4D,2,17,3053,,0,1070,,G,,0,0,000000000,00000000000,0,0,0,1,0,0,0,0,0,0,0,55,0,0,0,12,12,6,2,12,0,0,0,1,22,71261,6,1,0,0,3,0,60,218,0,0,0,0,0,0,0,0,0,0,0,0,0,0,1,2,55,2,1,2,1,40,3,14,10,1,1,2,50,1,0
22,220497,2,2,1,7,12,23,45,12,2,1,1,48,2,20,421,20421,15,1996,1GNCS13W8T22,1,G,N,C,S,1,3,W,8,T,2,2,0,P,CHEV,BZR,UT,96,17,3691,,0,1070,,G,,0,0,000000000,00000000000,0,0,0,1,0,0,0,0,0,0,0,55,0,0,0,12,12,6,2,12,0,0,0,1,22,71334,6,1,0,0,3,0,75,175,0,0,0,0,1,3,2009,3,2009,0,24,0,0,0,1,2,55,3,1,2,1,40,3,14,62,1,1,1,51,0,1
22,220498,1,2,1,19,2,16,10,12,1,1,0,22,1,35,43,35043,4,1998,1N4AB41D4WC7,1,N,4,A,B,4,1,D,4,W,C,7,0,P,NISS,EXE,4D,98,17,2353,,0,998,,G,,0,0,000000000,00000000000,0,0,0,1,0,0,0,0,0,0,0,999,0,0,0,12,12,2,8,12,0,0,0,1,22,70119,6,1,0,0,3,0,60,137,0,0,0,0,0,0,0,0,0,9,36,91,0,0,2,3,35,1,1,2,1,0,0,15,51,1,1,2,24,0,0
22,220498,2,2,1,19,2,16,10,12,1,1,0,22,1,37,706,37706,80,1998,JH2SC3309WM2,J,H,2,S,C,3,3,0,9,W,M,2,0,M,HOND,CR9,RS,98,17,,,,,,,919,0,0,000000000,00000000000,0,0,0,1,0,0,0,0,0,0,0,35,0,0,0,6,6,4,3,12,0,0,0,1,22,70119,6,1,0,0,3,0,70,192,0,1,0,0,0,8,2009,8,2009,0,0,0,0,0,2,3,35,1,1,2,1,0,0,1,53,1,1,1,25,1,0
22,220500,1,1,4,9,5,22,0,53,0,1,0,22,1,12,481,12481,31,2005,1FTRX12W85NA,1,F,T,R,X,1,2,W,8,5,N,A,0,T,FORD,F15,4C,5,17,,2,1450,1260,COF,G,,0,0,000000000,00000000000,0,0,0,1,0,0,0,0,0,0,0,55,0,1,5,12,12,4,3,1,0,0,0,1,22,70525,0,0,99,0,0,0,999,999,99,99,99,99,99,99,9999,99,9999,0,24,36,92,0,1,2,55,3,1,2,1,0,0,14,13,3,1,4,1,1,1
22,220501,1,3,3,15,5,6,43,12,6,1,0,91,1,38,402,38402,14,2002,4S2CK58DX243,4,S,2,C,K,5,8,D,X,2,4,3,0,P,ISU,ROD,UT,2,17,0,,0,1064,,G,,0,0,000000000,00000000000,0,0,0,1,0,0,0,0,0,0,0,999,0,0,0,12,12,6,2,12,0,0,0,1,48,77459,6,1,0,0,3,0,999,999,0,0,0,0,0,0,0,0,0,9,0,0,0,0,2,2,70,1,1,1,2,0,0,1,10,1,4,6,64,2,0
22,220501,2,3,4,15,5,6,43,12,6,1,0,22,2,23,481,23481,31,2009,3GTEC13C19G2,3,G,T,E,C,1,3,C,1,9,G,2,0,T,GMC,5NC,CW,9,17,,2,0,1435,SIE,G,,0,0,000000000,00000000000,0,0,0,1,0,0,0,0,0,0,0,999,0,0,0,8,8,6,2,12,0,0,0,1,22,70506,6,1,0,0,3,0,75,180,0,0,0,0,0,0,0,0,0,9,0,0,0,0,2,2,70,1,1,1,2,0,0,1,64,1,1,1,65,0,0
22,220501,3,3,1,15,5,6,43,12,6,1,0,22,1,20,422,20422,15,2007,3GNFC16047G1,3,G,N,F,C,1,6,0,4,7,G,1,0,P,CHEV,C15,UT,7,17,5613,,0,1300,,F,,0,0,000000000,00000000000,0,0,0,1,0,0,0,0,0,0,0,70,0,0,0,12,12,6,2,12,0,0,0,1,22,70512,6,1,0,0,3,0,67,150,0,0,1,0,0,5,2009,5,2009,9,0,0,0,0,2,2,70,1,1,1,2,0,0,1,62,1,1,1,98,0,0
22,220502,1,2,1,19,6,18,40,12,6,1,0,22,1,12,401,12401,14,2000,1FMZU63XXYUA,1,F,M,Z,U,6,3,X,X,Y,U,A,0,P,FORD,EPR,UT,0,17,3906,,0,1116,,G,,0,0,000000000,00000000000,0,0,0,1,0,0,0,0,0,0,0,10,0,0,0,11,11,4,3,12,0,0,0,1,22,70392,1,1,0,0,2,0,65,155,0,0,0,1,1,8,2009,3,2010,0,38,0,0,0,1,2,55,9,9,9,1,20,3,1,17,1,1,1,89,0,0
22,220502,2,2,1,19,6,18,40,12,6,1,0,22,1,72,706,72706,80,2000,1HD1CHP12YK1,1,H,D,1,C,H,P,1,2,Y,K,1,0,M,HD,20S,RS,0,17,,,,,,,1200,0,0,000000000,00000000000,0,0,0,1,0,0,0,0,0,0,0,55,0,0,0,12,12,4,3,12,0,0,0,1,22,70392,6,1,0,0,3,0,69,172,0,0,0,0,0,0,0,0,0,0,0,0,0,0,2,2,55,1,1,2,1,0,0,1,66,1,1,1,88,1,0
22,220503,1,1,1,21,6,21,53,43,0,1,0,22,2,37,32,37032,2,2003,1HGCM82623A0,1,H,G,C,M,8,2,6,2,3,A,0,0,P,HOND,UEX,CP,3,17,3047,,0,1051,,G,,0,0,000000000,00000000000,0,0,0,1,0,0,0,0,0,0,0,999,0,0,0,12,12,6,2,16,0,0,0,1,22,70560,6,1,0,0,3,0,67,130,0,0,0,1,0,7,2008,7,2008,9,24,0,0,0,1,2,35,3,1,2,1,0,0,14,13,1,1,4,1,1,1
22,220504,1,1,2,5,7,5,0,8,0,1,0,1,2,49,32,49032,4,1994,1NXAE04B0RZ1,1,N,X,A,E,0,4,B,0,R,Z,1,0,P,TOYT,COA,4D,94,17,2359,,0,970,,G,,0,0,000000000,00000000000,0,0,0,1,0,0,0,0,0,0,0,25,0,0,0,12,12,2,1,8,0,0,0,1,22,70380,6,1,0,0,3,0,63,170,0,0,0,0,0,0,0,0,0,0,91,92,0,0,1,2,25,1,1,1,1,0,0,1,98,1,1,1,13,0,0
22,220505,1,1,1,7,7,99,99,33,0,1,0,22,1,72,709,72709,80,2008,1HD1JL5168Y0,1,H,D,1,J,L,5,1,6,8,Y,0,0,M,HD,XTC,RS,8,17,,,,,,,1584,0,0,000000000,00000000000,0,0,0,1,0,0,0,0,0,0,0,35,0,0,0,14,12,4,3,43,0,0,0,1,22,71280,1,1,0,0,2,0,71,205,0,1,0,3,0,6,2008,6,2010,1,24,0,0,0,1,4,35,3,1,1,1,0,0,14,6,3,2,4,2,1,1
22,220506,1,1,1,7,7,23,2,8,0,1,0,22,1,12,481,12481,31,1994,1FTEF15Y2RNA,1,F,T,E,F,1,5,Y,2,R,N,A,0,T,FORD,F15,PK,94,17,,2,1330,1170,COF,G,,0,0,000000000,00000000000,0,0,0,1,0,0,0,0,0,0,0,25,0,0,0,12,12,2,1,8,0,0,0,1,22,71112,6,1,0,0,3,3,73,220,0,0,0,0,0,0,0,0,0,0,0,0,0,0,1,2,25,4,1,1,1,0,0,14,80,1,1,1,13,0,0
22,220507,1,1,3,8,7,3,50,59,0,1,0,22,2,22,22,22022,4,2006,1G2ZG5585641,1,G,2,Z,G,5,5,8,5,6,4,1,0,P,PONT,GS1,4D,6,17,3419,,0,1123,,G,,0,0,000000000,00000000000,0,0,0,1,0,0,0,0,0,0,0,999,0,0,0,81,3,6,2,59,0,0,0,1,22,70605,6,1,0,0,3,0,69,185,0,0,0,1,1,10,2007,5,2008,9,53,58,36,0,2,2,50,1,1,2,1,40,3,1,13,6,2,4,1,1,1
22,220508,1,1,1,8,7,8,25,38,0,1,0,22,2,2,405,2405,14,2004,1J4GK48K14W2,1,J,4,G,K,4,8,K,1,4,W,2,0,T,JEEP,SPR,4W,4,17,,1,0,1043,LIB,G,,0,0,000000000,00000000000,0,0,0,1,0,0,0,0,0,0,0,999,0,1,5,12,12,6,2,1,32,0,0,1,22,71129,6,1,0,0,3,0,64,210,0,0,0,1,0,6,2008,6,2008,9,0,0,0,0,2,2,60,1,1,1,1,0,0,1,13,1,1,4,1,1,0
22,220509,1,2,1,10,7,9,49,12,6,1,0,5,1,72,709,72709,80,2007,1HD1GM4147K3,1,H,D,1,G,M,4,1,4,7,K,3,0,M,HD,FDX,RS,7,17,,,,,,,1584,0,0,000000000,00000000000,0,0,0,1,0,0,0,0,0,0,0,999,0,0,0,99,99,6,2,12,0,0,0,1,5,72411,6,1,0,0,3,0,68,190,0,0,0,1,0,9,2008,9,2008,9,27,0,0,0,2,2,45,1,1,1,1,0,0,15,9,1,9,2,46,1,0
22,220509,2,2,1,10,7,9,49,12,6,1,0,22,1,6,52,6052,6,2002,3C8FY68B12T2,3,C,8,F,Y,6,8,B,1,2,T,2,0,P,CHRY,PTC,SV,2,17,3119,,0,1033,,G,,0,0,000000000,00000000000,0,0,0,1,0,0,0,0,0,0,0,999,0,0,0,1,1,4,1,12,0,0,0,1,22,71446,6,1,0,0,3,0,67,135,0,0,0,0,0,0,0,0,0,0,0,0,0,0,2,2,45,1,1,1,1,0,0,1,61,1,1,1,45,0,0
22,220510,1,1,1,11,7,4,23,38,0,1,0,22,1,72,709,72709,80,2009,1HD1FS4179Y6,1,H,D,1,F,S,4,1,7,9,Y,6,0,M,HD,LTR,RS,9,17,,,,,,,1584,0,0,000000000,00000000000,0,0,0,1,0,0,0,0,0,0,0,999,0,0,0,12,12,6,2,43,0,0,0,1,22,71111,6,1,0,0,3,0,70,175,0,0,0,0,1,2,2010,2,2010,1,0,0,0,0,1,2,25,1,1,1,2,99,9,1,14,1,1,4,14,1,0
22,220511,1,2,1,14,7,8,36,12,1,1,0,22,3,35,899,35899,61,2006,JNAUX51J86A5,J,N,A,U,X,5,1,J,8,6,A,5,0,T,UD,U12,TB,6,17,,3,0,0,UDS,D,,0,88,888888888,88888888888,2,1,1,1,0,0,0,0,0,0,0,60,0,0,0,12,12,6,2,12,0,0,0,1,22,71111,6,1,0,0,3,0,72,170,0,0,0,0,1,9,2009,9,2009,1,0,0,0,0,2,2,60,1,2,1,1,0,0,1,50,1,1,1,20,1,0
22,220511,2,2,1,14,7,8,36,12,1,1,0,37,3,82,881,82881,66,2007,1FUBF9CV37LZ,1,F,U,B,F,9,C,V,3,7,L,Z,1,T,FRHT,112,DS,7,17,,7,0,0,COL,D,,1,57,090849,57090849,3,6,1,1,0,0,0,0,0,0,0,0,0,0,0,6,6,4,3,12,0,0,0,1,13,30129,6,1,6,0,3,0,67,170,98,0,0,0,0,0,0,0,0,0,0,0,0,0,2,2,60,1,2,1,1,0,0,5,53,1,1,1,21,0,0
22,220512,1,1,2,16,7,21,15,32,0,1,0,22,1,20,37,20037,4,2001,1G1ND52J4162,1,G,1,N,D,5,2,J,4,1,6,2,0,P,CHEV,MAL,4D,1,17,3051,,0,1070,,G,,0,0,000000000,00000000000,0,0,0,1,0,0,0,0,0,0,0,998,0,1,5,12,12,6,2,1,0,0,0,1,22,70503,6,1,0,0,3,0,66,145,0,0,0,4,3,9,2007,3,2010,9,24,91,0,0,1,2,55,1,1,2,1,0,0,1,13,1,1,4,1,1,0
22,220513,1,1,2,20,7,0,29,8,0,1,1,22,2,18,7,18007,4,2001,2G4WS52JX111,2,G,4,W,S,5,2,J,X,1,1,1,0,P,BUIC,CCU,4D,1,17,3368,,0,1090,,G,,0,0,000000000,00000000000,0,0,0,1,0,0,0,0,0,0,0,35,0,0,0,12,12,2,3,8,0,0,0,1,22,71302,6,1,0,0,3,3,70,205,0,0,0,1,0,1,2009,1,2009,0,0,0,0,0,1,4,35,1,1,2,1,3,3,1,80,1,1,1,13,0,0
22,220514,1,2,1,23,7,19,56,12,6,1,0,22,1,76,706,76706,80,2002,JYAVP11E02A0,J,Y,A,V,P,1,1,E,0,2,A,0,0,M,YAMA,XVA,RS,2,17,,,,,,,1063,0,0,000000000,00000000000,0,0,0,1,0,0,0,0,0,0,0,44,0,0,0,12,12,4,3,12,0,0,0,1,22,71301,6,1,6,0,3,0,71,183,0,0,0,1,0,8,2007,8,2007,0,0,0,0,0,1,2,30,1,1,1,1,0,0,1,67,4,1,1,83,1,0
22,220514,2,2,2,23,7,19,56,12,6,1,0,22,1,22,18,22018,4,2005,2G2WP5223511,2,G,2,W,P,5,2,2,3,5,1,1,0,P,PONT,GRA,4D,5,17,3477,,0,1105,,G,,0,0,000000000,00000000000,0,0,0,1,0,0,0,0,0,0,0,5,0,0,0,8,8,2,1,12,0,0,0,1,22,71301,6,1,0,0,3,3,62,215,0,0,0,0,0,0,0,0,0,0,38,0,0,0,1,2,25,1,9,9,1,20,3,11,15,1,1,1,82,0,0
22,220515,1,2,2,23,7,22,53,12,1,1,0,0,0,37,734,37734,90,2009,1HFTE3708940,1,H,F,T,E,3,7,0,8,9,4,0,0,M,HOND,T4A,AT,9,17,,,,,,,420,0,0,000000000,00000000000,0,0,0,1,0,0,0,0,0,0,0,999,0,0,0,6,6,2,3,12,0,0,0,1,22,70653,6,2,0,0,1,0,68,135,0,0,0,0,1,3,2010,3,2010,0,18,24,0,0,1,2,35,1,1,2,1,28,3,2,53,1,1,1,29,0,0
22,220515,2,2,2,23,7,22,53,12,1,1,0,0,0,76,734,76734,90,2009,JY4AM13Y09C0,J,Y,4,A,M,1,3,Y,0,9,C,0,0,M,YAMA,Y7F,AT,9,17,,,,,,,686,0,0,000000000,00000000000,0,0,0,1,0,0,0,0,0,0,0,999,0,1,1,12,12,6,2,1,0,0,0,1,22,70653,6,1,0,0,1,0,69,170,0,0,0,1,0,7,2008,7,2008,1,18,24,0,0,1,2,35,1,1,2,1,28,3,1,52,3,2,1,28,1,0
22,220516,1,2,3,29,7,0,37,12,1,1,0,22,2,12,35,12035,4,1998,1FAFP6632WK3,1,F,A,F,P,6,6,3,2,W,K,3,0,P,FORD,LSS,4D,98,17,2864,,0,1065,,G,,0,0,000000000,00000000000,0,0,0,1,0,0,0,0,0,0,0,999,0,0,0,6,7,4,3,12,0,0,0,1,22,70586,6,1,0,0,3,0,62,105,0,0,0,0,0,0,0,0,0,0,38,0,0,0,2,3,50,1,1,1,1,21,3,10,16,1,1,1,25,0,0
22,220516,2,2,1,29,7,0,37,12,1,1,0,22,1,53,706,53706,80,2009,JS1GX72A8921,J,S,1,G,X,7,2,A,8,9,2,1,0,M,SUZI,GXR,RC,9,17,,,,,,,1340,0,0,000000000,00000000000,0,0,0,1,0,0,0,0,0,0,0,999,0,0,0,12,12,6,2,12,0,0,1,1,22,70508,6,1,6,0,3,0,72,225,0,0,0,1,0,2,2010,2,2010,9,0,0,0,0,2,3,50,1,1,1,1,0,0,1,74,99,1,1,24,1,0
22,220517,1,1,1,31,7,2,20,30,0,1,0,22,2,23,401,23401,14,1999,1GKEC13R5XJ7,1,G,K,E,C,1,3,R,5,X,J,7,0,T,GMC,YUK,4W,99,17,,2,0,1175,YUK,G,,0,0,000000000,00000000000,0,0,0,1,0,0,0,0,0,0,0,998,0,1,5,98,98,6,2,30,0,0,0,1,12,32312,6,1,0,0,3,0,75,999,0,0,0,0,0,0,0,0,0,9,36,0,0,0,4,2,30,1,1,1,1,28,3,1,13,99,9,4,5,1,1
22,220518,1,2,2,2,8,14,45,12,6,1,0,22,2,12,13,12013,4,2001,3FAFP13P91R1,3,F,A,F,P,1,3,P,9,1,R,1,0,P,FORD,ESC,4D,1,17,2454,,0,984,,G,,0,0,000000000,00000000000,0,0,0,1,0,0,0,0,0,0,0,10,0,0,0,8,81,6,2,12,0,0,0,1,22,70342,6,1,0,0,3,0,65,140,0,0,0,1,1,12,2007,2,2010,0,39,0,0,0,1,2,35,1,1,8,1,3,3,1,17,1,1,1,89,2,0
22,220518,2,2,1,2,8,14,45,12,6,1,0,19,3,23,881,23881,61,2006,1GDE4E1216F4,1,G,D,E,4,E,1,2,1,6,F,4,0,T,GMC,C4E,CH,6,17,,5,2290,1690,C45,D,,0,57,891207,57891207,2,1,1,1,0,0,0,0,0,0,0,55,0,0,0,12,12,4,3,12,0,0,0,1,19,52306,6,1,6,0,3,0,72,200,0,0,0,0,0,0,0,0,0,0,0,0,0,0,2,2,55,1,1,1,1,0,0,1,66,8,1,1,88,0,0
22,220519,1,2,2,3,8,21,3,12,1,1,0,22,2,23,421,23421,15,1995,1GKEC13K0SJ7,1,G,K,E,C,1,3,K,0,S,J,7,0,T,GMC,YUK,4W,95,17,,2,0,1175,YUK,G,,0,0,000000000,00000000000,0,0,0,1,0,0,0,0,0,0,0,63,0,1,5,12,99,6,2,1,0,0,0,1,22,70648,6,1,0,0,3,0,79,220,0,1,0,1,1,3,2008,7,2008,1,27,0,0,0,5,4,45,1,1,2,1,0,0,1,51,6,1,1,24,1,1
22,220519,2,2,4,3,8,21,3,12,1,1,0,22,2,63,34,63034,4,2005,KNAGD1267553,K,N,A,G,D,1,2,6,7,5,5,3,0,P,KIA,OLE,4D,5,17,3281,,0,1063,,G,,0,0,000000000,00000000000,0,0,0,1,0,0,0,0,0,0,0,45,0,0,0,6,6,8,3,12,0,0,0,1,22,70114,6,1,6,0,3,0,71,221,0,1,0,0,0,1,2009,1,2009,0,0,0,0,0,5,4,45,1,1,2,1,0,0,1,53,1,1,1,25,0,0
22,220520,1,2,1,9,8,7,42,12,2,1,0,22,2,41,52,41052,6,2007,JM1CR2939701,J,M,1,C,R,2,9,3,9,7,0,1,0,P,MAZD,MA5,4H,7,17,3333,,0,1083,,G,,0,0,000000000,00000000000,0,0,0,1,0,0,0,0,0,0,0,999,0,0,0,12,12,6,2,12,0,0,0,1,22,70525,6,1,6,0,3,0,68,230,0,0,0,0,0,0,0,0,0,0,51,0,0,0,1,2,50,1,1,2,1,0,0,1,10,99,1,2,50,1,0
22,220520,2,2,1,9,8,7,42,12,2,1,0,22,1,7,482,7482,31,2000,3B7HC13ZXYG1,3,B,7,H,C,1,3,Z,X,Y,G,1,0,T,DODG,Q15,4C,0,17,,2,1547,1387,RPC,G,,0,0,000000000,00000000000,0,0,0,1,0,0,0,0,0,0,0,999,0,0,0,12,12,6,2,12,0,0,0,1,22,70548,6,1,0,0,3,0,64,130,0,0,0,0,0,0,0,0,0,0,0,0,0,0,1,2,50,1,1,2,1,0,0,1,62,9,2,1,51,0,0
22,220521,1,2,2,13,8,9,52,12,6,1,0,22,1,21,2,21002,4,1993,1G3HY53L4PH3,1,G,3,H,Y,5,3,L,4,P,H,3,0,P,OLDS,RLS,4D,93,17,3391,,0,1108,,G,,0,0,000000000,00000000000,0,0,0,1,0,0,0,0,0,0,0,15,0,0,0,3,3,6,2,12,0,0,0,1,22,70737,6,1,0,0,3,3,69,240,0,0,0,0,0,0,0,0,0,0,38,0,0,0,2,2,45,1,1,1,2,3,3,11,15,1,1,1,68,1,0
22,220521,2,2,1,13,8,9,52,12,6,1,0,22,1,22,18,22018,4,1997,1G2NE52T2VM5,1,G,2,N,E,5,2,T,2,V,M,5,0,P,PONT,GAS,4D,97,17,2752,,0,1034,,G,,0,0,000000000,00000000000,0,0,0,1,0,0,0,0,0,0,0,45,0,0,0,12,12,6,2,12,0,0,0,1,22,70341,6,1,0,0,3,0,64,175,0,0,0,1,0,7,2009,7,2009,0,87,0,0,0,2,2,45,1,1,1,2,20,3,1,62,9,1,2,69,0,0
22,220522,1,1,4,15,8,3,0,1,0,1,0,22,3,2,403,2403,14,1995,1J4FY19P5SP2,1,J,4,F,Y,1,9,P,5,S,P,2,0,T,JEEP,WSR,2W,95,17,,1,0,934,W/Y,G,,0,0,000000000,00000000000,0,0,0,1,0,0,0,0,0,0,0,998,0,1,3,0,98,6,2,1,0,0,0,1,48,77303,6,1,0,0,3,3,999,999,0,0,0,0,0,0,0,0,0,9,23,58,0,0,2,2,50,1,1,2,1,99,9,1,8,7,3,4,2,1,1
22,220523,1,2,1,3,9,12,0,12,6,1,0,22,1,20,481,20481,31,1990,2GCEC19H6L11,2,G,C,E,C,1,9,H,6,L,1,1,0,T,CHEV,GC1,PC,90,17,,2,1555,1415,GM4,G,,0,0,000000000,00000000000,0,0,0,1,0,0,0,0,0,0,0,999,0,0,0,9,9,6,2,12,0,0,0,1,22,70560,6,1,4,0,3,3,68,254,0,0,0,0,0,0,0,0,0,9,39,0,0,0,1,2,55,9,9,9,1,20,3,1,17,1,1,1,89,0,0
22,220523,2,2,1,3,9,12,0,12,6,1,0,22,1,72,709,72709,80,2006,1HD1BVB1X6Y0,1,H,D,1,B,V,B,1,X,6,Y,0,0,M,HD,FTI,RS,6,17,,,,,,,1450,0,0,000000000,00000000000,0,0,0,1,0,0,0,0,0,0,0,999,0,0,0,12,12,6,2,12,0,0,0,1,22,70560,6,1,0,0,3,3,67,200,0,0,0,0,0,0,0,0,0,9,0,0,0,0,1,2,55,1,1,2,1,0,0,1,66,1,1,1,88,1,0
22,220524,1,1,1,11,9,19,25,24,0,1,0,22,2,53,706,53706,80,2006,JS1GW71A6621,J,S,1,G,W,7,1,A,6,6,2,1,0,M,SUZI,GXR,RS,6,17,,,,,,,1298,0,0,000000000,00000000000,0,0,0,1,0,0,0,0,0,0,0,999,0,0,0,12,12,6,2,24,0,0,0,1,22,71037,1,1,0,0,2,0,69,165,0,1,0,0,0,6,2008,6,2008,1,92,0,0,0,2,2,60,3,2,1,1,0,0,14,6,3,2,4,2,1,0
22,220526,1,1,1,21,8,18,48,9,0,1,0,22,2,41,47,41047,4,1997,JM1TA2210V13,J,M,1,T,A,2,2,1,0,V,1,3,0,P,MAZD,MIM,4D,97,17,3216,,0,1083,,G,,0,0,000000000,00000000000,0,0,0,1,0,0,0,0,0,0,0,25,0,0,0,12,12,4,3,9,0,0,0,1,22,70538,6,2,0,0,3,0,71,150,0,0,0,0,0,0,0,0,0,1,26,0,0,0,1,2,15,1,1,1,1,98,3,1,83,2,1,1,13,0,0
22,220527,1,1,2,23,9,17,10,40,0,1,0,22,2,49,40,49040,4,2000,JT2BG22K7Y04,J,T,2,B,G,2,2,K,7,Y,0,4,0,P,TOYT,CXL,4D,0,17,3120,,0,1051,,G,,0,0,000000000,00000000000,0,0,0,1,0,0,0,0,0,0,0,998,0,0,0,12,12,4,3,30,0,0,0,1,22,70403,6,1,0,0,3,0,71,187,0,0,0,0,0,0,0,0,0,9,24,36,0,0,5,4,98,1,1,2,1,0,0,1,11,1,1,4,1,1,0
22,220528,1,2,1,30,9,7,28,11,0,1,0,22,1,34,706,34706,80,2010,WB1051704AZV,W,B,1,0,5,1,7,0,4,A,Z,V,0,M,BMW,S10,RC,10,17,,,,,,,999,0,0,000000000,00000000000,0,0,0,1,0,0,0,0,0,0,0,45,0,0,0,12,12,6,2,11,0,0,0,1,22,71103,6,1,0,0,3,0,71,140,0,0,0,0,0,0,0,0,0,0,0,0,0,0,1,2,45,3,2,2,1,0,0,14,87,1,1,1,13,1,0
22,220528,2,2,2,30,9,7,28,11,0,1,0,22,1,2,405,2405,14,2007,1J8FT28057D4,1,J,8,F,T,2,8,0,5,7,D,4,0,T,JEEP,SPO,4W,7,17,,1,0,1037,PRT,G,,0,0,000000000,00000000000,0,0,0,1,0,0,0,0,0,0,0,45,0,0,0,10,10,4,3,54,0,0,0,1,22,71119,6,1,0,0,3,0,68,140,0,0,0,0,0,0,0,0,0,0,0,0,0,0,1,2,45,2,2,2,1,0,0,14,98,1,1,1,98,0,0
22,220529,1,1,1,19,5,22,51,31,0,1,0,22,1,12,481,12481,31,2003,1FTRW07613KA,1,F,T,R,W,0,7,6,1,3,K,A,0,T,FORD,F1S,CW,3,17,,2,0,1385,COF,G,,0,0,000000000,00000000000,0,0,0,1,0,0,0,0,0,0,0,70,0,0,0,12,12,6,2,31,0,0,0,1,22,70092,1,1,0,0,2,0,74,285,0,2,0,0,0,9,2007,1,2009,1,24,36,0,0,2,3,60,1,1,2,1,0,0,1,10,1,1,4,6,1,1
22,220530,1,1,1,16,8,22,35,9,0,1,0,22,2,49,32,49032,4,1998,1NXBR12EXWZ0,1,N,X,B,R,1,2,E,X,W,Z,0,0,P,TOYT,UVL,4D,98,17,2414,,0,970,,G,,0,0,000000000,00000000000,0,0,0,1,0,0,0,0,0,0,0,40,0,0,0,12,12,2,1,9,0,0,0,1,22,70116,6,1,0,0,3,0,73,170,0,0,0,0,0,0,0,0,0,0,92,0,0,0,2,2,35,1,1,2,2,0,0,1,83,1,1,1,13,0,0