STATE,ST_CASE,VEH_NO,VE_FORMS,NUMOCCS,DAY,MONTH,HOUR,MINUTE,HARM_EV,MAN_COLL,UNITTYPE,HIT_RUN,REG_STAT,OWNER,MAKE,MODEL,MAK_MOD,BODY_TYP,MOD_YEAR,VIN,VIN_1,VIN_2,VIN_3,VIN_4,VIN_5,VIN_6,VIN_7,VIN_8,VIN_9,VIN_10,VIN_11,VIN_12,TOW_VEH,VINTYPE,VINMAKE,VINA_MOD,VIN_BT,VINMODYR,VIN_LNGT,VIN_WGT,WGTCD_TR,WHLBS_LG,WHLBS_SH,SER_TR,FUELCODE,MCYCL_DS,J_KNIFE,MCARR_I1,MCARR_I2,MCARR_ID,GVWR,V_CONFIG,CARGO_BT,HAZ_INV,HAZ_PLAC,HAZ_ID,HAZ_CNO,HAZ_REL,BUS_USE,SPEC_USE,EMER_USE,TRAV_SP,UNDERIDE,ROLLOVER,ROLINLOC,IMPACT1,IMPACT2,DEFORMED,TOWED,M_HARM,VEH_SC1,VEH_SC2,FIRE_EXP,DR_PRES,L_STATE,DR_ZIP,L_STATUS,L_TYPE,CDL_STAT,L_ENDORS,L_COMPL,L_RESTRI,DR_HGT,DR_WGT,PREV_ACC,PREV_SUS,PREV_DWI,PREV_SPD,PREV_OTH,FIRST_MO,FIRST_YR,LAST_MO,LAST_YR,SPEEDREL,DR_SF1,DR_SF2,DR_SF3,DR_SF4,VTRAFWAY,VNUM_LAN,VSPD_LIM,VALIGN,VPROFILE,VPAVETYP,VSURCOND,VTRAFCON,VTCONT_F,P_CRASH1,P_CRASH2,P_CRASH3,PCRASH4,PCRASH5,ACC_TYPE,DEATHS,DR_DRINK
22,220572,1,1,1,4,12,11,22,42,0,1,0,22,3,12,481,12481,31,2005,1FTSW20P95EB,1,F,T,S,W,2,0,P,9,5,E,B,0,T,FORD,F2S,CW,5,17,,2,1724,1562,SRW,D,,0,0,000000000,00000000000,0,0,0,1,0,0,0,0,0,0,0,65,0,0,0,12,12,6,2,42,0,0,0,1,22,70377,6,1,0,0,3,0,72,193,0,0,0,0,0,0,0,0,0,0,99,99,99,99,2,2,65,1,1,2,1,0,0,1,13,1,1,4,1,1,0
22,220573,1,1,1,20,12,9,51,1,0,1,0,22,1,2,403,2403,14,1995,1J4FY29S7SP2,1,J,4,F,Y,2,9,S,7,S,P,2,0,T,JEEP,WSE,2W,95,17,,1,0,934,W/Y,G,,0,0,000000000,00000000000,0,0,0,1,0,0,0,0,0,0,0,75,0,1,3,0,0,6,2,1,0,0,0,1,22,71037,6,1,6,0,3,0,70,186,0,0,0,2,0,4,2008,5,2008,1,24,58,0,0,2,2,70,1,1,2,1,0,0,1,8,1,4,4,7,1,0
22,220574,1,3,1,20,12,7,55,12,1,1,0,22,3,86,881,86881,63,1995,1M2P264C1SM0,1,M,2,P,2,6,4,C,1,S,M,0,0,T,MACK,RD6,TM,95,17,,8,0,0,600,D,,0,88,888888888,88888888888,3,2,4,1,0,0,0,0,0,0,0,55,7,0,0,12,12,4,3,12,0,0,0,1,22,70445,6,1,6,0,3,3,70,195,0,0,0,3,0,3,2008,7,2010,0,91,36,0,0,1,2,55,1,1,2,1,0,0,1,50,9,1,1,20,0,0
22,220574,2,3,2,20,12,7,55,12,1,1,0,22,2,22,18,22018,4,2004,1G2NF52EX4M5,1,G,2,N,F,5,2,E,X,4,M,5,0,P,PONT,SE1,4D,4,17,3066,,0,1070,,G,,0,0,000000000,00000000000,0,0,0,1,0,0,0,0,0,0,0,0,0,0,0,6,6,6,2,12,0,0,0,1,22,70435,6,1,0,0,3,0,65,135,0,0,0,2,0,2,2008,5,2009,0,0,0,0,0,1,2,55,1,1,2,1,0,0,11,53,1,1,1,21,1,0
22,220574,3,3,1,20,12,7,55,12,1,1,0,22,2,12,481,12481,31,1995,1GCCS19Z7S82,1,G,C,C,S,1,9,Z,7,S,8,2,0,T,CHEV,S14,PC,95,17,,1,0,1229,S,G,,0,0,000000000,00000000000,0,0,0,1,0,0,0,0,0,0,0,55,0,0,0,12,12,4,3,12,0,0,0,1,22,70435,6,1,0,0,3,3,66,118,0,0,0,0,0,0,0,0,0,0,0,0,0,0,1,2,55,1,1,2,1,0,0,1,62,1,1,1,98,0,0
22,220575,1,2,1,20,12,16,10,12,6,1,0,28,3,86,881,86881,66,2010,1M1AN07Y8AN0,1,M,1,A,N,0,7,Y,8,A,N,0,1,T,MACK,CHU,DS,10,17,,8,0,0,600,D,,1,57,165597,57165597,3,6,3,1,0,0,0,0,0,0,0,55,0,0,0,8,13,6,2,72,0,0,0,1,28,39501,6,1,6,0,1,0,70,220,0,0,0,0,0,0,0,0,0,0,0,0,0,0,1,2,55,1,1,2,1,0,0,1,4,3,7,4,98,1,0
22,220575,2,2,1,20,12,16,10,12,6,1,0,22,3,51,883,51883,63,1998,4VHJCCGF6WN8,4,V,H,J,C,C,G,F,6,W,N,8,0,T,VOLV,WGM,TM,98,17,,8,0,0,WCN,D,,0,88,888888888,88888888888,3,2,4,1,0,0,0,0,0,0,0,0,0,0,0,12,12,6,2,12,0,0,0,1,22,71002,6,1,6,0,3,0,68,220,0,0,0,0,0,0,0,0,0,0,0,0,0,0,1,2,55,1,1,2,1,0,0,1,62,9,1,4,98,0,0
22,220576,1,2,1,19,12,18,45,12,6,1,0,22,1,51,881,51881,66,2006,4V4NC9GH66N3,4,V,4,N,C,9,G,H,6,6,N,3,1,T,VOLV,VNL,DS,6,17,,8,0,0,VVN,D,,1,57,1375861,571375861,3,6,1,1,0,0,0,0,0,0,0,15,0,0,0,3,3,6,2,12,0,0,0,1,28,39501,6,1,6,0,1,0,999,999,0,0,0,0,0,0,0,0,0,0,48,38,0,0,1,2,98,8,8,8,1,20,3,11,15,1,1,1,76,0,0
22,220576,2,2,1,19,12,18,45,12,6,1,0,22,1,19,14,19014,4,1998,1G6KY5499WU9,1,G,6,K,Y,5,4,9,9,W,U,9,0,P,CADI,STS,4D,98,17,3922,,0,1122,,G,,0,0,000000000,00000000000,0,0,0,1,0,0,0,0,0,0,0,50,0,0,0,12,12,6,2,2,0,0,1,1,41,70764,6,1,6,0,3,0,71,250,0,1,0,0,0,10,2008,10,2008,0,0,0,0,0,2,2,60,1,1,1,1,0,0,1,65,1,1,1,77,1,1
22,220577,1,1,2,21,12,3,0,1,0,1,0,48,2,12,481,12481,31,2001,1FTRW07LX1KA,1,F,T,R,W,0,7,L,X,1,K,A,0,T,FORD,F1S,CW,1,17,,2,0,1385,COF,G,,0,0,000000000,00000000000,0,0,0,1,0,0,0,0,0,0,0,60,0,1,5,0,0,6,2,1,0,0,0,1,22,70354,1,1,0,0,2,0,66,153,0,1,0,0,0,10,2010,10,2010,1,24,0,0,0,1,2,45,3,1,2,2,40,3,14,6,1,3,4,2,1,1
22,220578,1,1,1,23,12,19,59,34,0,1,0,22,1,38,473,38473,30,2007,1GGCS199X787,1,G,G,C,S,1,9,9,X,7,8,7,0,T,ISU,290,4C,7,17,,1,0,1259,I29,G,,0,0,000000000,00000000000,0,0,0,1,0,0,0,0,0,0,0,45,0,1,5,12,12,6,2,1,0,0,0,1,22,70526,1,1,0,0,2,3,67,120,0,1,1,1,4,5,2008,10,2010,0,24,0,0,0,1,2,50,3,1,2,1,40,3,14,13,1,1,4,1,1,1
22,220579,1,1,3,24,12,2,0,42,0,1,0,22,2,22,22,22022,4,2007,1G2ZG58N5741,1,G,2,Z,G,5,8,N,5,7,4,1,0,P,PONT,6BS,4D,7,17,3305,,0,1123,,G,,0,0,000000000,00000000000,0,0,0,1,0,0,0,0,0,0,0,81,0,0,0,10,6,6,2,42,0,0,0,1,22,71334,1,1,0,0,2,0,70,127,0,0,0,3,1,4,2008,9,2010,1,58,0,0,0,1,2,35,2,1,2,1,40,3,14,6,1,3,4,2,1,1
22,220580,1,1,1,26,12,1,50,34,0,1,0,22,2,19,3,19003,4,2004,1G6KD54Y84U1,1,G,6,K,D,5,4,Y,8,4,U,1,0,P,CADI,DFW,4D,4,17,3978,,0,1153,,G,,0,0,000000000,00000000000,0,0,0,1,0,0,0,0,0,0,0,76,0,1,5,1,1,6,2,1,0,0,0,1,22,70090,6,1,4,0,3,0,66,160,0,0,0,0,0,0,0,0,0,1,0,0,0,0,1,2,45,3,2,2,1,0,0,14,13,1,1,4,1,1,0
22,220581,1,2,2,26,12,0,23,12,2,1,0,22,2,52,34,52034,4,2000,4A3AA46G1YE1,4,A,3,A,A,4,6,G,1,Y,E,1,0,P,MITS,GES,4D,0,17,3075,,0,1037,,G,,0,0,000000000,00000000000,0,0,0,1,0,0,0,0,0,0,0,65,0,0,0,12,62,6,2,12,0,0,0,1,22,70578,6,1,0,0,3,0,72,200,0,1,0,4,3,1,2008,11,2010,0,24,51,0,0,2,2,65,1,1,2,1,40,3,1,54,1,1,1,52,1,1
22,220581,2,2,1,26,12,0,23,12,2,1,0,22,1,35,47,35047,4,2009,1N4AL21E09N5,1,N,4,A,L,2,1,E,0,9,N,5,0,P,NISS,ATS,4D,9,17,3179,,0,1093,,G,,0,0,000000000,00000000000,0,0,0,1,0,0,0,0,0,0,0,65,0,0,0,12,62,6,2,12,0,0,0,1,22,70601,6,1,0,0,3,3,66,160,0,0,0,2,0,5,2008,8,2010,0,0,0,0,0,2,2,65,1,1,2,1,40,3,1,54,1,1,1,52,0,0
22,220582,1,2,1,28,12,12,4,12,2,1,0,22,2,12,471,12471,30,1996,1FTCR10AXTUC,1,F,T,C,R,1,0,A,X,T,U,C,0,T,FORD,RNG,PK,96,17,,1,1140,1080,RNG,G,,0,0,000000000,00000000000,0,0,0,1,0,0,0,0,0,0,0,55,0,1,1,12,12,6,2,12,0,0,0,1,22,70438,1,1,0,0,2,0,69,185,0,0,1,0,0,7,2010,7,2010,0,51,91,0,0,1,2,55,1,1,2,1,0,0,1,10,1,1,2,50,0,0
22,220582,2,2,2,28,12,12,4,12,2,1,0,22,1,20,481,20481,31,1988,1GCFC24H5JE1,1,G,C,F,C,2,4,H,5,J,E,1,0,T,CHEV,GC2,PK,88,17,,2,0,1315,GM4,G,,0,0,000000000,00000000000,0,0,0,1,0,0,0,0,0,0,0,55,0,0,0,12,12,6,2,12,0,0,0,1,22,70438,6,1,0,0,3,3,72,210,0,0,0,0,0,0,0,0,0,0,0,0,0,0,1,2,55,1,1,2,1,0,0,1,62,1,1,1,51,1,0
22,220583,1,1,2,29,12,3,0,35,0,1,0,22,2,22,9,22009,2,2000,2G2FS22KXY21,2,G,2,F,S,2,2,K,X,Y,2,1,0,P,PONT,FBD,2H,0,17,3338,,0,1011,,G,,0,0,000000000,00000000000,0,0,0,1,0,0,0,0,0,0,0,55,0,1,5,12,13,6,2,1,0,0,0,1,22,71008,6,2,0,0,3,1,62,125,0,0,0,0,0,0,0,0,0,0,24,58,83,0,1,2,55,1,3,2,2,0,0,1,87,6,4,4,8,1,0
22,220584,1,1,4,30,12,13,0,1,0,1,0,45,2,12,422,12422,15,2001,1FMRU15W81LB,1,F,M,R,U,1,5,W,8,1,L,B,0,P,FORD,EPT,UT,1,17,4886,,0,1191,,G,,0,0,000000000,00000000000,0,0,0,1,0,0,0,0,0,0,0,70,0,1,3,0,3,6,2,1,0,0,0,1,45,29320,6,1,0,0,3,0,66,67,0,2,1,2,1,5,2008,7,2009,0,58,0,0,0,3,2,70,1,1,2,1,0,0,17,8,7,3,4,7,1,0
22,220585,1,1,1,30,12,11,49,42,0,1,0,22,1,20,421,20421,15,2005,1GNEK13T45R2,1,G,N,E,K,1,3,T,4,5,R,2,0,P,CHEV,KTA,UT,5,17,5192,,0,1160,,G,,0,0,000000000,00000000000,0,0,0,1,0,0,0,0,0,0,0,59,0,0,0,11,12,6,2,42,0,0,0,1,22,71111,6,1,0,0,3,0,69,185,0,1,0,4,0,3,2008,1,2010,1,24,0,0,0,1,3,55,2,1,2,2,28,3,14,12,4,1,4,6,1,0
22,220586,1,1,1,30,12,22,50,42,0,1,0,48,1,20,481,20481,31,2001,1GCEC14W71Z1,1,G,C,E,C,1,4,W,7,1,Z,1,0,T,CHEV,SC1,PK,1,17,,2,1330,1190,SIL,G,,0,0,000000000,00000000000,0,0,0,1,0,0,0,0,0,0,0,67,0,0,0,12,12,6,2,42,0,0,0,1,29,65802,6,1,0,0,3,0,71,160,0,0,0,0,0,0,0,0,0,1,24,36,0,0,1,2,25,1,1,2,2,28,3,1,13,1,1,4,1,1,1
22,220587,1,1,2,30,12,20,15,1,0,1,0,22,1,7,482,7482,31,2003,3D7KA28D03G7,3,D,7,K,A,2,8,D,0,3,G,7,0,T,DODG,SQ2,CW,3,17,,2,1605,1405,RPC,G,,0,0,000000000,00000000000,0,0,0,1,0,0,0,0,0,0,0,45,0,1,5,0,62,6,2,42,0,0,0,1,22,71037,6,1,0,0,3,0,72,170,0,0,0,0,0,0,0,0,0,9,0,0,0,0,1,2,45,4,1,2,2,0,0,14,13,99,1,4,1,1,1
22,220588,1,1,1,31,12,0,40,53,0,1,0,22,1,21,20,21020,4,1995,1G3WH52MXSD3,1,G,3,W,H,5,2,M,X,S,D,3,0,P,OLDS,SUL,4D,95,17,3354,,0,1075,,G,,0,0,000000000,00000000000,0,0,0,1,0,0,0,0,0,0,0,55,0,0,0,81,3,6,2,42,0,0,0,1,22,71040,6,1,0,0,3,0,69,145,0,1,1,0,2,6,2010,12,2010,0,0,0,0,0,1,3,55,1,1,2,2,0,0,1,13,1,1,4,1,1,1
22,220589,1,1,1,11,7,20,39,8,0,1,0,22,1,59,32,59032,4,1991,JT8UF11E3M00,J,T,8,U,F,1,1,E,3,M,0,0,0,P,LEXS,LS4,4D,91,17,3591,,0,1108,,G,,0,0,000000000,00000000000,0,0,0,1,0,0,0,0,0,0,0,998,0,0,0,12,12,2,3,8,0,0,0,1,22,70806,6,1,0,0,3,0,75,160,0,1,0,2,3,12,2007,3,2010,0,0,0,0,0,1,2,30,1,1,2,1,0,0,1,80,1,1,1,13,0,0
22,220590,1,2,2,12,7,17,21,12,6,1,0,1,2,35,50,35050,4,2008,3N1BC11E38L4,3,N,1,B,C,1,1,E,3,8,L,4,0,P,NISS,VSL,4D,8,17,2627,,0,1024,,G,,0,0,000000000,00000000000,0,0,0,1,0,0,0,0,0,0,0,998,0,0,0,9,9,6,2,12,32,0,0,1,1,36532,6,1,0,0,3,0,62,105,0,0,0,0,0,0,0,0,0,0,38,0,0,0,0,0,0,0,0,0,0,0,0,11,98,1,1,7,82,1,0
22,220590,2,2,1,12,7,17,21,12,6,1,0,22,1,12,481,12481,31,2009,1FTRX12W79FA,1,F,T,R,X,1,2,W,7,9,F,A,0,T,FORD,F15,4C,9,17,,2,1630,1330,COF,G,,0,0,000000000,00000000000,0,0,0,1,0,0,0,0,0,0,0,998,0,0,0,12,12,6,2,12,0,0,0,1,22,70809,6,1,0,0,3,3,66,150,0,0,0,0,1,11,2009,11,2009,0,0,0,0,0,1,4,45,4,1,2,1,0,0,14,72,1,1,1,83,0,0
22,220591,1,3,1,8,10,23,55,12,1,1,0,22,2,35,47,35047,4,2009,1N4AL21E99N4,1,N,4,A,L,2,1,E,9,9,N,4,0,P,NISS,ATS,4D,9,17,3179,,0,1093,,G,,0,0,000000000,00000000000,0,0,0,1,0,0,0,0,0,0,0,998,0,0,0,12,12,6,2,12,0,0,0,1,22,70806,6,1,0,0,3,0,70,230,0,1,0,3,0,11,2008,3,2009,9,99,99,99,99,2,2,40,1,1,2,1,3,3,1,51,1,1,1,24,0,0
22,220591,2,3,1,8,10,23,55,12,1,1,0,22,1,73,706,73706,80,2007,JKAVN2D1X7A0,J,K,A,V,N,2,D,1,X,7,A,0,0,M,KAWK,VD9,RS,7,17,,,,,,,903,0,0,000000000,00000000000,0,0,0,1,0,0,0,0,0,0,0,98,0,0,0,6,6,4,3,12,0,0,0,1,22,70466,6,1,6,0,3,0,72,185,0,0,0,0,0,0,0,0,0,0,0,0,0,0,2,2,40,1,1,2,1,3,3,1,53,1,1,1,25,1,0
22,220591,3,3,1,8,10,23,55,12,1,1,0,22,1,12,481,12481,31,2007,1FTRF12217KC,1,F,T,R,F,1,2,2,1,7,K,C,0,T,FORD,F15,PK,7,17,,2,1450,1260,COF,G,,0,0,000000000,00000000000,0,0,0,1,0,0,0,0,0,0,0,998,0,0,0,7,7,2,1,12,0,0,0,1,22,70706,6,1,0,0,3,0,70,195,0,0,0,0,0,0,0,0,0,0,0,0,0,0,2,2,40,1,1,2,1,3,3,1,53,1,1,1,98,0,0
22,220592,1,3,1,4,11,19,51,12,2,1,0,22,1,49,40,49040,4,1994,4T1SK12E6RU3,4,T,1,S,K,1,2,E,6,R,U,3,0,P,TOYT,CLE,4D,94,17,3086,,0,1031,,G,,0,0,000000000,00000000000,0,0,0,1,0,0,0,0,0,0,0,998,0,0,0,12,99,6,2,12,0,0,0,1,22,70535,6,1,0,0,3,0,60,106,0,1,0,1,1,8,2008,8,2010,9,51,24,39,0,2,3,60,1,1,2,1,28,3,1,54,1,1,1,52,1,0
22,220592,2,3,4,4,11,19,51,12,2,1,0,22,1,49,482,49482,31,2007,5TBEV58177S4,5,T,B,E,V,5,8,1,7,7,S,4,0,T,TOYT,CRX,CW,7,17,,2,0,1457,TUN,G,,0,0,000000000,00000000000,0,0,0,1,0,0,0,0,0,0,0,998,0,0,0,12,12,6,2,12,0,0,0,1,22,70791,6,1,0,0,3,0,68,170,0,0,0,1,1,9,2009,11,2010,0,0,0,0,0,2,3,60,1,1,2,1,28,3,1,54,6,1,1,52,0,0
22,220592,3,3,2,4,11,19,51,12,2,1,0,22,2,23,431,23431,16,1999,3GKEC16R0XG5,3,G,K,E,C,1,6,R,0,X,G,5,0,T,GMC,SUB,4W,99,17,,2,0,1315,C15,G,,0,0,000000000,00000000000,0,0,0,1,0,0,0,0,0,0,0,998,0,0,0,12,12,6,2,12,0,0,0,1,22,70775,6,1,0,0,3,0,65,160,0,0,0,1,0,10,2009,10,2009,0,0,0,0,0,2,3,60,1,1,2,1,28,3,1,62,4,1,1,98,0,0
22,220593,1,1,1,19,8,21,15,9,0,1,0,22,1,7,482,7482,31,2002,3D7HA18N92G1,3,D,7,H,A,1,8,N,9,2,G,1,0,T,DODG,Q15,CW,2,17,,2,1605,1405,RPC,G,,0,0,000000000,00000000000,0,0,0,1,0,0,0,0,0,0,0,998,0,0,0,12,12,6,2,9,0,0,0,1,22,70812,1,1,0,0,2,0,68,156,0,1,0,1,2,9,2007,5,2008,0,24,51,0,0,1,2,25,1,1,2,1,0,0,1,83,1,1,1,13,0,0
22,220594,1,3,3,22,4,20,33,12,6,1,0,22,2,35,47,35047,4,2006,1N4AL11D66N3,1,N,4,A,L,1,1,D,6,6,N,3,0,P,NISS,ASL,4D,6,17,2915,,0,1102,,G,,0,0,000000000,00000000000,0,0,0,1,0,0,0,0,0,0,0,999,0,0,0,9,9,6,2,12,0,0,0,1,22,71360,6,1,0,0,3,3,68,170,0,0,0,0,0,0,0,0,0,0,48,38,0,0,3,3,60,1,1,1,1,0,0,11,10,1,1,2,98,1,0
22,220594,2,3,1,22,4,20,33,12,6,1,0,22,3,20,422,20422,15,2007,1GNFC16J37R1,1,G,N,F,C,1,6,J,3,7,R,1,0,P,CHEV,C15,UT,7,17,5613,,0,1300,,G,,0,0,000000000,00000000000,0,0,0,1,0,0,0,0,0,98,9,50,0,0,0,12,12,6,2,12,99,99,0,1,22,70508,6,1,0,0,3,3,63,144,0,0,0,0,0,0,0,0,0,0,0,0,0,0,3,3,60,1,1,1,1,0,0,1,74,1,1,1,98,0,0
22,220594,3,3,1,22,4,20,33,12,6,1,0,28,3,87,881,87881,66,2003,1XP5DB9X33D8,1,X,P,5,D,B,9,X,3,3,D,8,1,T,PTRB,379,DS,3,17,,8,0,0,CON,D,,1,57,373317,57373317,3,6,1,1,0,0,0,0,0,0,0,50,0,0,0,12,12,2,1,12,0,0,0,1,28,39470,6,1,6,0,3,3,72,258,0,0,0,0,0,0,0,0,0,0,0,0,0,0,3,3,60,1,1,1,1,0,0,1,52,9,1,1,98,0,0
22,220596,1,1,5,20,11,21,30,15,0,1,0,22,2,53,402,53402,14,2002,JS3TY92V9241,J,S,3,T,Y,9,2,V,9,2,4,1,0,P,SUZI,XL7,UT,2,17,3560,,0,1102,,G,,0,0,000000000,00000000000,0,0,0,1,0,0,0,0,0,0,0,998,0,0,0,12,12,4,3,15,0,0,0,1,22,71360,6,1,0,0,3,3,70,271,0,0,0,0,0,0,0,0,0,0,0,0,0,0,1,2,40,1,1,2,1,0,0,1,83,1,1,1,13,0,0
22,220597,1,2,1,13,12,10,18,8,0,1,0,22,1,49,401,49401,14,1995,JT3VN29V5S00,J,T,3,V,N,2,9,V,5,S,0,0,0,P,TOYT,RUN,UT,95,17,3760,,0,1033,,G,,0,0,000000000,00000000000,0,0,0,1,0,0,0,0,0,0,0,999,0,0,0,12,12,6,2,8,0,0,0,1,22,71351,6,1,0,0,3,3,71,150,0,0,0,0,0,0,0,0,0,9,26,0,0,0,1,2,35,1,1,1,1,0,0,1,80,1,1,1,13,0,0
22,220597,2,2,1,13,12,10,18,8,0,1,0,22,3,82,881,82881,63,2006,1FVHCYDJ46HW,1,F,V,H,C,Y,D,J,4,6,H,W,0,T,FRHT,16M,TM,6,17,,8,0,0,FM2,D,,0,57,683041,57683041,3,2,7,1,0,0,0,0,0,0,0,0,0,0,0,6,6,2,1,12,42,0,0,1,22,71341,6,1,6,0,3,0,69,220,0,0,0,0,0,0,0,0,0,0,54,0,0,0,1,2,35,1,1,1,1,0,0,5,53,1,1,1,98,0,0
22,220598,1,1,1,10,9,22,23,8,0,1,0,22,2,12,3,12003,2,2008,1ZVHT80N4852,1,Z,V,H,T,8,0,N,4,8,5,2,0,P,FORD,MUS,CP,8,17,3300,,0,1071,,G,,0,0,000000000,00000000000,0,0,0,1,0,0,0,0,0,0,0,999,0,0,0,12,13,2,3,8,0,0,0,1,22,70634,6,1,0,0,3,3,68,160,0,0,0,1,0,5,2010,5,2010,0,0,0,0,0,6,1,60,1,1,1,1,0,0,2,80,1,1,1,13,0,0
22,220599,1,1,6,25,3,2,15,24,0,1,0,1,2,38,401,38401,14,2000,JACDS58X0Y7J,J,A,C,D,S,5,8,X,0,Y,7,J,0,P,ISU,TRO,UT,0,17,4238,,0,1087,,G,,0,0,000000000,00000000000,0,0,0,1,0,0,0,0,0,0,0,40,0,1,1,81,81,6,2,1,0,0,0,1,22,70506,6,1,0,0,3,0,65,115,0,0,0,0,0,0,0,0,0,0,24,0,0,0,6,1,60,3,1,1,1,0,0,14,11,1,1,4,1,1,0
22,220600,1,1,1,11,12,20,15,1,0,1,0,48,1,12,481,12481,31,2006,1FTSW21P96ED,1,F,T,S,W,2,1,P,9,6,E,D,0,T,FORD,F2S,CW,6,17,,2,1720,1560,SRW,D,,0,0,000000000,00000000000,0,0,0,1,0,0,0,0,0,0,0,55,0,1,5,0,13,6,2,1,0,0,0,1,48,76567,6,1,0,0,3,3,999,999,0,0,0,1,0,11,2008,11,2008,0,58,24,0,0,1,2,55,4,1,2,1,40,3,14,13,6,4,4,7,1,1
22,220601,1,1,1,6,11,2,0,8,0,1,0,22,1,22,16,22016,2,2003,1G2JB12F1373,1,G,2,J,B,1,2,F,1,3,7,3,0,P,PONT,SFR,CP,3,17,2771,,0,1041,,G,,0,0,000000000,00000000000,0,0,0,1,0,0,0,0,0,0,0,65,0,0,0,12,12,4,3,8,0,0,0,1,22,70380,6,1,0,0,3,0,63,145,0,0,0,0,0,0,0,0,0,0,0,0,0,0,3,2,70,1,1,1,1,0,0,2,80,1,1,1,13,0,0
22,220602,1,1,1,18,2,18,35,9,0,1,0,22,2,3,481,3481,31,2003,5GRGN23U23H1,5,G,R,G,N,2,3,U,2,3,H,1,0,T,HUMM,HH2,4W,3,17,,2,0,1228,HUM,G,,0,0,000000000,00000000000,0,0,0,1,0,0,0,0,0,0,0,5,0,0,0,12,12,2,1,9,0,0,0,1,42,19131,6,1,0,0,3,0,74,999,0,0,0,0,0,0,0,0,0,0,0,0,0,0,1,2,25,1,9,9,1,20,3,1,83,1,1,1,13,0,0
22,220603,1,1,1,25,12,2,35,23,0,1,0,12,1,53,706,53706,80,2000,JS1GW71A5Y21,J,S,1,G,W,7,1,A,5,Y,2,1,0,M,SUZI,GXR,RS,0,17,,,,,,,1299,0,0,000000000,00000000000,0,0,0,1,0,0,0,0,0,0,0,65,0,0,0,12,12,6,2,58,0,0,0,1,12,32927,6,1,6,0,3,0,71,999,0,0,0,0,0,0,0,0,0,1,24,36,53,0,3,2,35,3,1,1,1,0,0,14,13,1,1,4,1,1,0
22,220605,1,2,4,12,3,22,30,12,6,1,0,40,2,21,20,21020,4,1998,1G3NB52M1W63,1,G,3,N,B,5,2,M,1,W,6,3,0,P,OLDS,CUT,4D,98,17,3102,,0,1070,,G,,0,0,000000000,00000000000,0,0,0,1,0,0,0,0,0,0,0,25,0,0,0,8,8,6,2,12,0,0,0,1,22,71202,6,1,0,0,3,0,65,135,0,0,0,0,0,0,0,0,0,0,24,39,0,0,1,2,25,1,9,9,1,20,3,1,17,1,1,1,89,2,0
22,220605,2,2,1,12,3,22,30,12,6,1,0,17,3,87,881,87881,66,1999,1XP5DB9X2XD5,1,X,P,5,D,B,9,X,2,X,D,5,1,T,PTRB,379,DS,99,17,,8,0,0,CON,D,,1,57,0759493,570759493,3,6,2,2,2,1993,88,1,0,0,0,60,0,0,0,12,12,6,2,12,0,0,0,1,22,70515,6,1,6,1,3,3,67,205,0,0,0,1,0,12,2008,12,2008,0,0,0,0,0,2,2,65,1,1,2,1,0,0,1,66,1,1,1,88,0,1
22,220606,1,2,1,11,5,6,35,12,7,1,0,22,1,76,705,76705,80,2004,JYAVM01E54A0,J,Y,A,V,M,0,1,E,5,4,A,0,0,M,YAMA,V6A,RS,4,17,,,,,,,649,0,0,000000000,00000000000,0,0,0,1,0,0,0,0,0,0,0,998,0,0,0,10,10,4,3,12,0,0,0,1,22,71360,6,1,0,0,3,0,68,189,0,0,0,0,0,0,0,0,0,9,0,0,0,0,4,2,35,4,1,2,1,0,0,15,10,1,1,2,47,1,0
22,220606,2,2,1,11,5,6,35,12,7,1,0,22,2,12,3,12003,2,2001,1FAFP40401F1,1,F,A,F,P,4,0,4,0,1,F,1,0,P,FORD,MUS,CP,1,17,3066,,0,1013,,G,,0,0,000000000,00000000000,0,0,0,1,0,0,0,0,0,0,0,998,0,0,0,4,4,9,3,12,0,0,0,1,96,71301,9,9,99,9,9,9,999,999,99,99,99,99,99,99,9999,99,9999,9,0,0,0,0,4,2,35,4,1,2,1,0,0,14,61,1,1,1,45,0,0
22,220607,1,1,1,18,9,4,33,30,0,1,0,22,1,76,705,76705,80,2000,JYA5AHE00YA0,J,Y,A,5,A,H,E,0,0,Y,A,0,0,M,YAMA,YZF,RS,0,17,,,,,,,599,0,0,000000000,00000000000,0,0,0,1,0,0,0,0,0,0,0,35,0,0,0,12,12,6,2,30,0,0,0,1,22,70126,6,1,0,0,3,0,71,150,0,0,0,0,0,0,0,0,0,0,36,0,0,0,1,2,35,1,1,1,1,0,0,1,13,1,1,4,1,1,1
22,220608,1,1,2,8,10,4,6,10,0,1,0,22,1,41,51,41051,5,2004,JM1BK1434411,J,M,1,B,K,1,4,3,4,4,1,1,0,P,MAZD,M3H,4H,4,17,2826,,0,1039,,G,,0,0,000000000,00000000000,0,0,0,1,0,0,0,0,0,0,0,5,0,0,0,9,9,6,2,10,0,0,0,1,22,70526,6,1,0,0,3,0,66,165,0,0,0,1,0,12,2009,12,2009,0,0,0,0,0,1,2,45,1,3,2,1,65,3,1,91,1,1,1,15,2,0