STATE,ST_CASE,VEH_NO,VE_FORMS,NUMOCCS,DAY,MONTH,HOUR,MINUTE,HARM_EV,MAN_COLL,UNITTYPE,HIT_RUN,REG_STAT,OWNER,MAKE,MODEL,MAK_MOD,BODY_TYP,MOD_YEAR,VIN,VIN_1,VIN_2,VIN_3,VIN_4,VIN_5,VIN_6,VIN_7,VIN_8,VIN_9,VIN_10,VIN_11,VIN_12,TOW_VEH,VINTYPE,VINMAKE,VINA_MOD,VIN_BT,VINMODYR,VIN_LNGT,VIN_WGT,WGTCD_TR,WHLBS_LG,WHLBS_SH,SER_TR,FUELCODE,MCYCL_DS,J_KNIFE,MCARR_I1,MCARR_I2,MCARR_ID,GVWR,V_CONFIG,CARGO_BT,HAZ_INV,HAZ_PLAC,HAZ_ID,HAZ_CNO,HAZ_REL,BUS_USE,SPEC_USE,EMER_USE,TRAV_SP,UNDERIDE,ROLLOVER,ROLINLOC,IMPACT1,IMPACT2,DEFORMED,TOWED,M_HARM,VEH_SC1,VEH_SC2,FIRE_EXP,DR_PRES,L_STATE,DR_ZIP,L_STATUS,L_TYPE,CDL_STAT,L_ENDORS,L_COMPL,L_RESTRI,DR_HGT,DR_WGT,PREV_ACC,PREV_SUS,PREV_DWI,PREV_SPD,PREV_OTH,FIRST_MO,FIRST_YR,LAST_MO,LAST_YR,SPEEDREL,DR_SF1,DR_SF2,DR_SF3,DR_SF4,VTRAFWAY,VNUM_LAN,VSPD_LIM,VALIGN,VPROFILE,VPAVETYP,VSURCOND,VTRAFCON,VTCONT_F,P_CRASH1,P_CRASH2,P_CRASH3,PCRASH4,PCRASH5,ACC_TYPE,DEATHS,DR_DRINK
22,220646,1,1,5,20,2,12,50,8,0,1,0,22,2,12,481,12481,31,2005,1GCEC19T65Z3,1,G,C,E,C,1,9,T,6,5,Z,3,0,T,CHEV,SC1,4C,5,17,,2,1575,1435,SIL,G,,0,0,000000000,00000000000,0,0,0,1,0,0,0,0,0,0,0,5,0,0,0,12,12,0,1,8,0,0,0,1,22,70380,6,1,0,0,3,0,71,190,0,0,0,1,0,3,2008,3,2008,0,0,0,0,0,1,2,15,1,1,1,1,0,0,1,80,1,1,1,13,0,0
22,220647,1,1,1,7,4,2,39,8,0,1,1,22,5,49,472,49472,30,1998,4TAVL52N7WZ1,4,T,A,V,L,5,2,N,7,W,Z,1,0,T,TOYT,XTR,PK,98,17,,1,0,1219,TAC,G,,0,0,000000000,00000000000,0,0,0,1,0,0,0,0,0,0,0,999,0,0,0,12,12,4,1,8,0,0,0,1,99,99999,9,9,99,9,9,9,999,999,99,99,99,99,99,99,9999,99,9999,0,0,0,0,0,1,4,45,1,1,2,1,3,3,1,80,1,1,1,13,0,0
22,220648,1,1,1,15,4,13,1,24,0,1,0,22,1,73,706,73706,80,2005,JKBVNCB155B5,J,K,B,V,N,C,B,1,5,5,B,5,0,M,KAWK,V8B,RS,5,17,,,,,,,800,0,0,000000000,00000000000,0,0,0,1,0,0,0,0,0,0,0,30,0,0,0,12,12,4,3,24,0,0,0,1,22,70094,6,1,0,0,3,0,71,180,0,0,0,0,0,0,0,0,0,0,0,0,0,0,6,1,35,2,2,2,1,0,0,14,12,3,1,4,6,1,0
22,220649,1,1,1,2,11,19,20,8,0,1,0,22,2,12,481,12481,31,1997,2GCEC19R1V12,2,G,C,E,C,1,9,R,1,V,1,2,0,T,CHEV,GC1,PC,97,17,,2,1555,1415,GM4,G,,0,0,000000000,00000000000,0,0,0,1,0,0,0,0,0,0,0,999,0,0,0,12,12,6,2,8,0,0,0,1,22,70814,6,1,0,0,3,0,67,250,0,0,0,0,0,0,0,0,0,0,0,0,0,0,2,2,50,1,1,2,1,0,0,1,80,4,1,1,13,0,1
22,220650,1,1,2,11,11,1,11,25,0,1,0,28,1,12,3,12003,2,2003,1FAFP42X93F3,1,F,A,F,P,4,2,X,9,3,F,3,0,P,FORD,MGT,CP,3,17,3114,,0,1013,,G,,0,0,000000000,00000000000,0,0,0,1,0,0,0,0,0,0,0,999,0,1,1,12,12,6,2,1,0,0,0,1,22,39466,6,1,0,0,3,0,67,184,0,0,0,0,0,0,0,0,0,0,24,58,85,91,3,2,60,1,1,1,1,0,0,1,61,8,1,4,6,1,1
22,220651,1,2,1,21,11,13,30,12,6,1,0,22,1,23,481,23481,31,2007,3GTEC13C27G5,3,G,T,E,C,1,3,C,2,7,G,5,0,T,GMC,NC1,CW,7,17,,2,0,1435,SIE,G,,0,0,000000000,00000000000,0,0,0,1,0,0,0,0,0,0,0,999,0,0,0,11,11,4,1,12,0,0,0,1,22,70122,6,1,6,0,3,0,67,217,0,0,0,0,0,0,0,0,0,0,38,0,0,0,0,0,0,0,0,0,0,0,0,1,17,1,1,1,89,0,0
22,220651,2,2,1,21,11,13,30,12,6,1,0,22,1,76,705,76705,80,2004,JYARJ06E04A0,J,Y,A,R,J,0,6,E,0,4,A,0,0,M,YAMA,R6L,RS,4,17,,,,,,,599,0,0,000000000,00000000000,0,0,0,1,0,0,0,0,0,0,0,50,0,0,0,12,12,6,2,12,0,0,0,1,22,70122,6,1,0,0,3,0,73,200,0,0,0,0,0,0,0,0,0,1,0,0,0,0,2,3,35,1,1,2,1,0,0,1,71,1,1,1,88,1,0
22,220652,1,1,2,5,12,19,0,9,0,1,0,22,1,18,20,18020,4,1997,2G4WB52KXV14,2,G,4,W,B,5,2,K,X,V,1,4,0,P,BUIC,RLS,4D,97,17,3444,,0,1090,,G,,0,0,000000000,00000000000,0,0,0,1,0,0,0,0,0,0,0,999,0,0,0,12,12,4,3,9,0,0,0,1,22,70122,6,1,6,0,3,0,71,182,0,0,0,0,1,4,2010,4,2010,0,0,0,0,0,3,3,65,1,1,1,1,0,0,1,83,3,1,1,13,0,0
22,220653,1,1,1,10,12,23,15,20,0,1,0,22,1,76,706,76706,80,2005,JYARN13E95A0,J,Y,A,R,N,1,3,E,9,5,A,0,0,M,YAMA,YFR,RS,5,17,,,,,,,998,0,0,000000000,00000000000,0,0,0,1,0,0,0,0,0,0,0,999,0,0,0,12,12,6,2,20,0,0,0,1,22,70094,6,1,6,0,3,0,74,274,0,0,0,1,3,8,2009,5,2010,0,36,0,0,0,3,2,60,4,1,1,1,0,0,14,13,1,1,4,1,1,0
22,220654,1,1,1,22,12,21,59,33,0,1,0,22,2,41,37,41037,4,1999,1YVGF22C9X58,1,Y,V,G,F,2,2,C,9,X,5,8,0,P,MAZD,U6X,4D,99,17,2798,,0,1051,,G,,0,0,000000000,00000000000,0,0,0,1,0,0,0,0,0,0,0,999,0,0,0,14,99,6,2,2,0,0,1,1,22,70002,6,1,0,0,3,0,74,190,0,0,0,0,0,0,0,0,0,9,36,0,0,0,2,2,35,1,1,1,1,0,0,1,13,1,1,4,1,1,1
22,220655,1,2,1,18,11,16,46,12,6,1,0,22,2,30,47,30047,3,2000,3VWCA21C1YM4,3,V,W,C,A,2,1,C,1,Y,M,4,0,P,VOLK,NGS,2H,0,17,2742,,0,989,,G,,0,0,000000000,00000000000,0,0,0,1,0,0,0,0,0,0,0,55,0,0,0,3,3,6,2,12,0,0,0,1,22,71463,6,1,0,0,3,0,65,136,0,0,0,0,0,0,0,0,0,0,58,0,0,0,1,2,55,1,1,2,1,0,0,1,13,6,4,6,64,1,0
22,220655,2,2,4,18,11,16,46,12,6,1,0,22,1,20,481,20481,31,2004,2GCEC19T1413,2,G,C,E,C,1,9,T,1,4,1,3,0,T,CHEV,SC1,4C,4,17,,2,1575,1435,SIL,G,,0,0,000000000,00000000000,0,0,0,1,0,0,0,0,0,0,0,55,0,0,0,12,12,4,3,12,0,0,0,1,22,70576,6,1,4,0,3,0,67,200,0,0,0,0,0,0,0,0,0,0,24,0,0,0,1,2,55,1,1,2,1,0,0,1,62,1,1,1,65,0,0
23,230001,1,2,2,1,1,16,25,12,2,1,0,23,1,35,498,35498,14,1997,1N6SD16Y0VC3,1,N,6,S,D,1,6,Y,0,V,C,3,0,T,NISS,KSX,PC,97,17,,1,0,1161,TRK,G,,0,0,000000000,00000000000,0,0,0,1,0,0,0,0,0,0,0,998,0,0,0,12,11,6,2,12,0,0,0,1,23,4068,6,1,6,0,3,0,73,240,0,0,0,0,0,0,0,0,0,0,0,0,0,0,1,2,25,1,1,2,3,0,0,1,63,1,1,1,50,0,0
23,230001,2,2,1,1,1,16,25,12,2,1,0,23,1,99,998,99998,91,1998,3316233,3,3,1,6,2,3,3,,,,,,0,P,,,,,,,,,,,,,0,0,000000000,00000000000,0,0,0,1,0,0,0,0,0,0,0,998,0,0,0,12,12,6,2,12,0,0,0,1,23,4047,6,1,0,0,3,3,64,125,0,0,0,0,0,0,0,0,0,1,0,0,0,0,1,2,25,1,1,2,3,0,0,1,11,1,1,2,51,1,1
23,230002,1,1,1,6,1,16,48,8,0,1,0,23,1,20,34,20034,3,2000,2C1MR2223Y67,2,C,1,M,R,2,2,2,3,Y,6,7,0,P,CHEV,MEL,2H,0,17,1895,,0,931,,G,,0,0,000000000,00000000000,0,0,0,1,0,0,0,0,0,0,0,998,0,0,0,11,11,0,1,8,0,0,0,1,23,4986,6,1,0,0,3,3,63,117,0,0,0,0,0,0,0,0,0,0,52,0,0,0,1,2,45,1,1,2,1,0,0,1,80,9,2,1,13,0,0
23,230003,1,1,2,14,1,15,16,35,0,1,0,23,1,37,402,37402,14,2003,SHSRD77813U1,S,H,S,R,D,7,7,8,1,3,U,1,0,P,HOND,CRV,UT,3,17,3287,,0,1031,,G,,0,0,000000000,00000000000,0,0,0,1,0,0,0,0,0,0,0,998,0,0,0,12,2,6,2,17,0,0,0,1,23,4024,6,1,6,0,3,0,60,160,1,0,0,0,0,2,2008,2,2008,0,0,0,0,0,1,2,50,1,1,2,1,28,3,1,10,1,1,4,6,1,0
23,230004,1,1,4,14,1,23,17,48,0,1,0,23,2,23,481,23481,31,2002,1GTHK231X2F2,1,G,T,H,K,2,3,1,X,2,F,2,0,T,GMC,2KH,CW,2,17,,2,1670,1530,SIE,D,,0,0,000000000,00000000000,0,0,0,1,0,0,0,0,0,0,0,998,0,2,6,9,13,6,2,1,0,0,0,1,23,4434,6,1,0,0,3,0,59,100,0,0,0,2,0,12,2008,8,2009,1,0,0,0,0,1,2,45,2,2,2,1,0,0,14,8,4,1,5,6,1,1
23,230005,1,5,1,19,1,12,23,12,6,1,0,23,1,52,472,52472,31,2006,1Z7HT38K96S5,1,Z,7,H,T,3,8,K,9,6,S,5,0,T,MITS,DUR,CW,6,17,,2,0,1313,RAI,G,,0,0,000000000,00000000000,0,0,0,1,0,0,0,0,0,0,0,998,0,0,0,12,3,4,1,12,0,0,0,1,23,4974,6,1,6,0,3,3,68,155,0,0,0,0,0,0,0,0,0,1,0,0,0,0,2,2,55,1,1,2,3,20,3,4,6,1,4,2,86,0,0
23,230005,2,5,1,19,1,12,23,12,6,1,0,23,1,14,6,14006,4,2004,2MEFM75W34X6,2,M,E,F,M,7,5,W,3,4,X,6,0,P,MERC,MGL,4D,4,17,4094,,0,1147,,G,,0,0,000000000,00000000000,0,0,0,1,0,0,0,0,0,0,0,998,0,0,0,3,9,6,2,12,0,0,0,1,23,4074,6,1,6,0,3,3,73,190,0,0,0,1,0,10,2007,10,2007,0,0,0,0,0,1,2,55,1,1,2,3,0,0,1,65,99,4,2,87,1,0
23,230005,3,5,1,19,1,12,23,12,6,1,0,23,1,53,34,53034,4,2008,KL5JD56Z28K3,K,L,5,J,D,5,6,Z,2,8,K,3,0,P,SUZI,FCP,4D,8,17,2756,,0,1024,,G,,0,0,000000000,00000000000,0,0,0,1,0,0,0,0,0,0,0,998,0,0,0,12,1,6,2,12,0,0,0,1,23,4344,6,1,0,0,3,0,67,155,0,0,0,0,1,12,2008,12,2008,0,0,0,0,0,1,2,55,1,1,2,3,0,0,1,50,99,1,2,98,0,0
23,230005,4,5,2,19,1,12,23,12,6,1,0,23,1,7,442,7442,20,2005,1D4GP45R55B3,1,D,4,G,P,4,5,R,5,5,B,3,0,P,DODG,CAR,SV,5,17,3845,,0,1133,,G,,0,0,000000000,00000000000,0,0,0,1,0,0,0,0,0,0,0,998,0,0,0,2,12,6,2,12,0,0,0,1,23,4974,6,1,0,0,3,3,63,200,0,0,0,0,0,0,0,0,0,0,0,0,0,0,1,2,55,1,1,2,3,0,0,1,50,99,4,5,98,0,0
23,230005,5,5,1,19,1,12,23,12,6,1,0,23,1,14,401,14401,14,2005,4M2DU86WX5ZJ,4,M,2,D,U,8,6,W,X,5,Z,J,0,P,MERC,MOU,UT,5,17,4428,,0,1138,,G,,0,0,000000000,00000000000,0,0,0,1,0,0,0,0,0,0,0,998,0,0,0,2,2,6,2,12,0,0,0,1,23,4974,6,1,0,0,3,0,67,215,0,0,0,0,0,0,0,0,0,0,0,0,0,0,1,2,55,1,1,2,3,0,0,1,50,99,1,5,98,0,0
23,230006,1,2,2,20,1,8,57,12,6,1,0,23,1,35,47,35047,4,1999,1N4DL01D8XC1,1,N,4,D,L,0,1,D,8,X,C,1,0,P,NISS,AGS,4D,99,17,2762,,0,1031,,G,,0,0,000000000,00000000000,0,0,0,1,0,0,0,0,0,0,0,998,0,0,0,12,12,6,2,12,0,0,0,1,23,4073,6,1,0,0,3,3,65,115,0,0,0,0,0,0,0,0,0,0,0,0,0,0,1,2,35,3,3,2,3,0,0,14,62,1,1,1,64,0,0
23,230006,2,2,1,20,1,8,57,12,6,1,0,23,1,18,20,18020,4,2000,2G4WB52K2Y11,2,G,4,W,B,5,2,K,2,Y,1,1,0,P,BUIC,RLS,4D,0,17,3438,,0,1090,,G,,0,0,000000000,00000000000,0,0,0,1,0,0,0,0,0,0,0,998,0,0,0,3,3,6,2,12,0,0,0,1,23,4073,6,1,0,0,3,3,72,220,1,0,0,0,0,4,2009,4,2009,1,0,0,0,0,1,2,35,3,3,2,3,0,0,14,6,8,4,2,65,1,0
23,230007,1,1,1,28,1,4,20,1,0,1,0,23,3,98,809,98809,63,2003,2FWJAZAV13AL,2,F,W,J,A,Z,A,V,1,3,A,L,1,T,STRG,LT9,DS,3,17,,8,0,0,STE,D,,2,57,743627,57743627,3,4,1,1,0,0,0,0,0,0,0,998,0,2,6,0,13,6,2,30,0,0,0,1,23,4730,6,1,6,3,3,3,65,220,3,0,0,0,2,10,2007,9,2009,1,0,0,0,0,6,1,30,1,2,2,1,20,3,1,16,1,1,4,6,1,0
23,230008,1,2,2,29,1,8,30,12,6,1,0,23,1,63,33,63033,4,2002,KNAFB1215251,K,N,A,F,B,1,2,1,5,2,5,1,0,P,KIA,STL,4D,2,17,2661,,0,1008,,G,,0,0,000000000,00000000000,0,0,0,1,0,0,0,0,0,0,0,998,0,0,0,3,3,6,2,12,0,0,0,1,23,4666,6,1,0,0,3,3,75,190,0,0,0,0,0,0,0,0,0,1,0,0,0,0,2,2,55,3,1,2,4,28,3,14,6,8,4,2,64,2,0
23,230008,2,2,2,29,1,8,30,12,6,1,0,95,4,23,421,23421,15,2009,1GKFK13069R2,1,G,K,F,K,1,3,0,6,9,R,2,0,T,GMC,YUK,4W,9,17,,2,0,1160,YUK,F,,0,0,000000000,00000000000,0,0,0,1,0,0,0,0,0,0,0,998,0,0,0,12,2,6,2,12,0,0,0,1,95,0,6,1,0,0,3,3,999,999,0,0,0,0,0,0,0,0,0,0,0,0,0,0,1,2,55,2,1,2,4,40,3,14,54,1,1,1,65,0,0
23,230009,1,2,1,30,1,22,32,12,2,1,0,23,2,30,46,30046,4,2006,WVWAK73C76P0,W,V,W,A,K,7,3,C,7,6,P,0,0,P,VOLK,2VE,4D,6,17,3206,,0,1067,,G,,0,0,000000000,00000000000,0,0,0,1,0,0,0,0,0,0,0,998,0,0,0,12,12,6,2,12,0,0,0,1,23,4210,6,1,0,0,3,0,65,117,2,0,0,0,0,11,2007,1,2010,0,0,0,0,0,1,2,45,1,1,2,1,0,0,1,62,1,1,3,51,0,0
23,230009,2,2,1,30,1,22,32,12,2,1,0,23,1,20,34,20034,4,2000,2C1MR522XY67,2,C,1,M,R,5,2,2,X,Y,6,7,0,P,CHEV,MEL,4D,0,17,1984,,0,931,,G,,0,0,000000000,00000000000,0,0,0,1,0,0,0,0,0,0,0,998,0,0,0,12,12,6,2,12,0,0,0,1,23,4210,6,1,0,0,3,3,59,103,0,1,1,0,0,11,2009,11,2009,0,0,0,0,0,1,2,45,1,1,2,1,0,0,1,62,1,1,2,50,1,1
23,230010,1,1,1,1,2,4,56,8,0,1,0,23,1,7,41,7041,4,1999,2B3HD46R8XH7,2,B,3,H,D,4,6,R,8,X,H,7,0,P,DODG,INT,4D,99,17,3338,,0,1130,,G,,0,0,000000000,00000000000,0,0,0,1,0,0,0,0,0,0,0,998,0,0,0,2,3,2,3,8,0,0,0,1,23,4859,6,1,0,0,3,3,71,150,0,0,0,0,0,0,0,0,0,0,0,0,0,0,1,2,50,1,1,2,1,0,0,1,80,6,1,1,13,0,0
23,230011,1,1,1,8,2,22,20,1,0,1,0,23,2,37,732,37732,90,2001,478TE2607140,4,7,8,T,E,2,6,0,7,1,4,0,0,M,HOND,TFA,AT,1,17,,,,,,,499,0,0,000000000,00000000000,0,0,0,1,0,0,0,0,0,0,0,998,0,1,6,0,9,6,2,1,0,0,0,1,23,4862,6,1,0,0,1,0,66,170,0,0,0,0,0,0,0,0,0,0,0,0,0,0,1,2,45,1,1,2,1,0,0,1,8,1,1,4,6,1,0
23,230012,1,2,1,16,2,10,30,12,2,1,0,23,1,12,401,12401,14,2005,1FMDU77K55UB,1,F,M,D,U,7,7,K,5,5,U,B,0,P,FORD,EPR,UT,5,17,4309,,0,1259,,F,,0,0,000000000,00000000000,0,0,0,1,0,0,0,0,0,0,0,998,0,0,0,12,12,6,2,12,0,0,0,1,23,4774,6,1,0,0,3,3,71,180,0,1,0,0,0,2,2007,2,2007,1,0,0,0,0,1,2,50,1,1,2,4,0,0,1,6,4,1,2,50,1,0
23,230012,2,2,3,16,2,10,30,12,2,1,0,23,1,23,422,23422,15,2004,1GKEK63U64J2,1,G,K,E,K,6,3,U,6,4,J,2,0,T,GMC,NAL,4W,4,17,,2,0,1160,YUK,G,,0,0,000000000,00000000000,0,0,0,1,0,0,0,0,0,0,0,998,0,0,0,12,12,6,2,12,0,0,0,1,23,4743,6,1,0,0,3,0,63,135,0,0,0,0,0,0,0,0,0,0,0,0,0,0,1,2,50,1,1,2,4,0,0,1,62,1,1,2,51,0,0
23,230013,1,2,1,26,2,10,51,12,6,1,0,23,2,23,422,23422,15,2004,1GKEK13T54J2,1,G,K,E,K,1,3,T,5,4,J,2,0,T,GMC,YUK,4W,4,17,,2,0,1160,YUK,G,,0,0,000000000,00000000000,0,0,0,1,0,0,0,0,0,0,0,998,0,0,0,3,1,6,2,12,0,0,0,1,23,4734,6,1,0,0,3,3,68,195,0,0,1,0,0,9,2009,9,2009,1,0,0,0,0,2,2,55,1,2,2,3,28,3,1,8,9,2,2,64,0,0
23,230013,2,2,1,26,2,10,51,12,6,1,0,23,3,20,443,20443,20,2001,1GNDU23E81D2,1,G,N,D,U,2,3,E,8,1,D,2,0,P,CHEV,VTR,SV,1,17,3699,,0,1120,,G,,0,0,000000000,00000000000,0,0,0,1,0,0,0,0,0,0,0,998,0,0,0,12,11,6,2,12,0,0,0,1,23,4769,6,1,0,0,3,3,69,175,0,0,0,0,0,0,0,0,0,0,0,0,0,0,2,2,55,1,2,2,3,28,3,1,62,1,1,1,65,1,0
23,230014,1,2,1,5,2,15,4,12,2,1,0,23,1,59,401,59401,14,2000,JT6HF10U0Y01,J,T,6,H,F,1,0,U,0,Y,0,1,0,P,LEXS,RX3,UT,0,17,3900,,0,1031,,G,,0,0,000000000,00000000000,0,0,0,1,0,0,0,0,0,0,0,998,0,0,0,12,12,6,2,12,0,0,0,1,23,4038,6,1,0,0,3,3,64,130,0,0,0,0,0,0,0,0,0,0,0,0,0,0,1,2,50,1,1,2,1,0,0,1,10,1,1,2,50,1,0
23,230014,2,2,2,5,2,15,4,12,2,1,0,23,1,12,481,12481,31,2004,1FTNW21P34EB,1,F,T,N,W,2,1,P,3,4,E,B,0,T,FORD,F2S,CW,4,17,,2,1724,1562,SRW,D,,0,0,000000000,00000000000,0,0,0,1,0,0,0,0,0,0,0,998,0,0,0,12,12,6,2,12,0,0,0,1,23,4030,6,1,0,0,3,3,70,250,0,0,0,0,0,0,0,0,0,0,0,0,0,0,1,2,50,1,1,2,1,0,0,1,62,1,1,1,51,0,0
23,230015,1,1,1,13,2,13,15,34,0,1,0,23,1,2,404,2404,14,1996,1J4FJ68S5TL2,1,J,4,F,J,6,8,S,5,T,L,2,0,T,JEEP,SPC,4W,96,17,,1,0,1014,CHK,G,,0,0,000000000,00000000000,0,0,0,1,0,0,0,0,0,0,0,998,0,1,6,12,13,6,2,34,0,0,0,1,23,4240,6,1,0,0,3,0,68,165,0,0,0,0,0,0,0,0,0,0,0,0,0,0,1,2,50,1,1,2,1,0,0,1,12,1,1,4,6,1,0
23,230016,1,1,1,16,2,10,56,42,0,1,0,23,1,14,6,14006,4,2004,2MEFM75W74X6,2,M,E,F,M,7,5,W,7,4,X,6,0,P,MERC,MGL,4D,4,17,4094,,0,1147,,G,,0,0,000000000,00000000000,0,0,0,1,0,0,0,0,0,0,0,998,0,0,0,12,11,6,2,42,0,0,0,1,23,4085,6,1,0,0,3,0,68,190,0,0,0,0,0,0,0,0,0,0,0,0,0,0,1,2,50,1,1,2,1,0,0,1,12,1,1,4,6,1,0
23,230017,1,1,1,7,3,22,0,35,0,1,0,23,1,24,2,24002,2,2000,1G8ZP1284YZ1,1,G,8,Z,P,1,2,8,4,Y,Z,1,0,P,STRN,SC1,3P,0,17,2396,,0,1024,,G,,0,0,000000000,00000000000,0,0,0,1,0,0,0,0,0,0,0,998,0,0,0,7,12,6,2,42,0,0,0,1,23,4468,6,2,0,0,3,0,71,135,0,0,0,0,0,0,0,0,0,1,0,0,0,0,1,2,50,3,3,2,1,40,3,14,12,1,1,4,6,1,0
23,230018,1,2,3,14,3,0,21,12,7,1,0,23,2,48,34,48034,6,1997,4S3BG685XV76,4,S,3,B,G,6,8,5,X,V,7,6,0,P,SUBA,UKK,SW,97,17,3155,,0,1035,,G,,0,0,000000000,00000000000,0,0,0,1,0,0,0,0,0,0,0,998,0,0,0,9,12,6,2,12,0,0,0,1,23,4084,6,1,0,0,3,0,68,144,2,1,0,3,0,9,2008,1,2010,1,0,0,0,0,1,2,40,1,2,2,1,28,3,1,61,10,1,4,48,0,1
23,230018,2,2,2,14,3,0,21,12,7,1,0,9,1,48,45,48045,4,2007,4S3BL6261772,4,S,3,B,L,6,2,6,1,7,7,2,0,P,SUBA,25L,4D,7,17,3365,,0,1051,,G,,0,0,000000000,00000000000,0,0,0,1,0,0,0,0,0,0,0,998,0,0,0,3,13,6,2,12,0,0,0,1,9,6360,6,1,0,0,3,0,64,999,98,0,0,0,0,0,0,0,0,1,0,0,0,0,1,2,40,1,2,2,1,28,3,3,11,1,2,4,48,1,1
23,230019,1,1,1,14,3,15,53,42,0,1,0,23,1,2,404,2404,14,1997,1J4FJ68S6VL5,1,J,4,F,J,6,8,S,6,V,L,5,0,T,JEEP,SPT,4W,97,17,,1,0,1014,CHK,G,,0,0,000000000,00000000000,0,0,0,1,0,0,0,0,0,0,0,998,0,0,0,12,12,6,2,42,0,0,0,1,23,4547,6,1,0,0,3,3,67,120,0,2,0,1,3,7,2009,3,2010,0,0,0,0,0,1,2,45,1,1,2,2,0,0,13,78,8,1,5,98,1,0
23,230020,1,1,1,20,3,22,12,42,0,1,0,23,1,14,38,14038,2,1999,1ZWFT61L3X56,1,Z,W,F,T,6,1,L,3,X,5,6,0,P,MERC,CU6,2H,99,17,2941,,0,1064,,G,,0,0,000000000,00000000000,0,0,0,1,0,0,0,0,0,0,0,998,0,0,0,12,12,6,2,42,0,0,0,1,23,4084,6,1,0,0,3,0,70,175,0,0,0,0,0,0,0,0,0,1,0,0,0,0,1,2,45,2,1,2,1,40,3,14,8,1,1,4,1,1,1
23,230021,1,1,1,26,3,10,32,24,0,1,0,23,3,98,809,98809,63,2007,2FWJAZCV07AW,2,F,W,J,A,Z,C,V,0,7,A,W,1,T,STRG,LT9,DS,7,17,,8,0,0,STE,D,,1,57,289367,57289367,3,4,3,1,0,0,0,0,0,0,0,998,0,1,2,61,13,6,2,24,0,0,0,1,23,4266,6,1,6,3,3,3,61,190,1,0,0,0,0,7,2008,7,2008,1,0,0,0,0,6,1,35,2,2,2,1,0,0,14,12,1,1,5,6,1,0
23,230022,1,1,1,30,1,5,41,8,0,1,0,23,1,20,481,20481,31,2003,1GCEK19T83Z2,1,G,C,E,K,1,9,T,8,3,Z,2,9,T,CHEV,SK1,4C,3,17,,2,1575,1435,SIL,G,,0,0,000000000,00000000000,0,0,0,1,0,0,0,0,0,0,0,998,0,0,0,12,12,0,1,8,0,0,0,1,23,3908,6,1,0,0,3,0,72,160,1,1,0,0,2,10,2008,1,2010,1,28,0,0,0,1,2,25,1,2,2,4,0,0,99,99,99,9,9,13,0,1
23,230023,1,2,1,23,3,15,13,12,6,1,0,23,1,41,471,41471,30,1996,4F4CR16U9TTM,4,F,4,C,R,1,6,U,9,T,T,M,0,T,MAZD,3CP,PC,96,17,,1,0,1254,B30,G,,0,0,000000000,00000000000,0,0,0,1,0,0,0,0,0,0,0,998,0,0,0,7,9,6,2,12,0,0,0,1,23,4756,6,1,0,0,3,3,72,183,0,3,0,0,0,6,2008,4,2009,1,0,0,0,0,1,2,55,1,1,2,3,0,0,6,6,1,2,2,44,1,0
23,230023,2,2,1,23,3,15,13,12,6,1,0,23,3,98,804,98804,66,2005,5KJJALCKX5PV,5,K,J,J,A,L,C,K,X,5,P,V,1,T,WSTR,49S,DS,5,17,,8,0,0,CNV,D,,1,57,00185312,5700185312,3,6,1,1,0,0,0,0,0,0,0,998,0,0,0,12,12,0,1,12,0,0,0,1,23,4668,6,1,6,3,3,0,67,165,0,0,0,0,0,0,0,0,0,0,0,0,0,0,1,2,55,1,1,2,3,0,0,1,61,1,1,1,45,0,0
23,230024,1,1,2,3,4,19,55,11,0,1,0,23,1,49,33,49033,3,1996,JT2DB02T1T00,J,T,2,D,B,0,2,T,1,T,0,0,0,P,TOYT,CA5,2L,96,17,2415,,0,999,,G,,0,0,000000000,00000000000,0,0,0,1,0,0,0,0,0,0,0,998,0,0,0,12,12,6,2,11,0,0,0,1,23,4074,6,1,0,0,3,3,72,205,1,0,0,0,1,12,2008,2,2009,0,83,0,0,0,2,2,65,1,1,2,1,0,0,1,87,1,1,3,13,1,0
23,230025,1,1,2,8,4,18,29,42,0,1,0,24,1,49,46,49046,4,2006,JTDKB20UX675,J,T,D,K,B,2,0,U,X,6,7,5,0,P,TOYT,PRI,4H,6,17,3470,,0,1063,,B,,0,0,000000000,00000000000,0,0,0,1,0,0,0,0,0,0,0,998,0,0,0,12,8,6,2,42,0,0,0,1,24,20715,6,1,0,0,3,0,73,260,0,0,0,0,0,0,0,0,0,0,0,0,0,0,2,3,65,1,2,2,1,0,0,1,13,1,1,4,1,1,0
23,230026,1,2,1,12,4,18,57,12,2,1,0,23,2,37,709,37709,80,2005,JH2RC44505M8,J,H,2,R,C,4,4,5,0,5,M,8,0,M,HOND,T7D,RS,5,17,,,,,,,745,0,0,000000000,00000000000,0,0,0,1,0,0,0,0,0,0,0,998,0,0,0,12,12,6,9,12,0,0,0,1,23,4358,6,1,0,0,3,0,66,105,0,0,0,0,0,0,0,0,0,0,52,0,0,0,1,2,55,1,1,2,1,0,0,1,10,1,1,2,50,1,0