STATE,ST_CASE,VEH_NO,VE_FORMS,NUMOCCS,DAY,MONTH,HOUR,MINUTE,HARM_EV,MAN_COLL,UNITTYPE,HIT_RUN,REG_STAT,OWNER,MAKE,MODEL,MAK_MOD,BODY_TYP,MOD_YEAR,VIN,VIN_1,VIN_2,VIN_3,VIN_4,VIN_5,VIN_6,VIN_7,VIN_8,VIN_9,VIN_10,VIN_11,VIN_12,TOW_VEH,VINTYPE,VINMAKE,VINA_MOD,VIN_BT,VINMODYR,VIN_LNGT,VIN_WGT,WGTCD_TR,WHLBS_LG,WHLBS_SH,SER_TR,FUELCODE,MCYCL_DS,J_KNIFE,MCARR_I1,MCARR_I2,MCARR_ID,GVWR,V_CONFIG,CARGO_BT,HAZ_INV,HAZ_PLAC,HAZ_ID,HAZ_CNO,HAZ_REL,BUS_USE,SPEC_USE,EMER_USE,TRAV_SP,UNDERIDE,ROLLOVER,ROLINLOC,IMPACT1,IMPACT2,DEFORMED,TOWED,M_HARM,VEH_SC1,VEH_SC2,FIRE_EXP,DR_PRES,L_STATE,DR_ZIP,L_STATUS,L_TYPE,CDL_STAT,L_ENDORS,L_COMPL,L_RESTRI,DR_HGT,DR_WGT,PREV_ACC,PREV_SUS,PREV_DWI,PREV_SPD,PREV_OTH,FIRST_MO,FIRST_YR,LAST_MO,LAST_YR,SPEEDREL,DR_SF1,DR_SF2,DR_SF3,DR_SF4,VTRAFWAY,VNUM_LAN,VSPD_LIM,VALIGN,VPROFILE,VPAVETYP,VSURCOND,VTRAFCON,VTCONT_F,P_CRASH1,P_CRASH2,P_CRASH3,PCRASH4,PCRASH5,ACC_TYPE,DEATHS,DR_DRINK
23,230026,2,2,1,12,4,18,57,12,2,1,0,23,2,23,481,23481,39,2005,1GDJG31U7511,1,G,D,J,G,3,1,U,7,5,1,1,0,T,GMC,SCT,YY,5,17,,3,1770,1390,STV,G,,0,0,000000000,00000000000,0,0,0,1,0,0,0,0,0,0,0,998,0,0,0,12,12,6,2,12,0,0,0,1,23,4901,6,1,0,0,3,3,70,240,0,0,0,0,0,0,0,0,0,0,0,0,0,0,1,2,55,1,1,2,1,0,0,1,54,1,1,1,51,0,0
23,230027,1,1,1,21,4,18,6,17,0,1,0,23,3,23,481,23481,31,2009,1GTEK29J99Z1,1,G,T,E,K,2,9,J,9,9,Z,1,0,T,GMC,1NK,4C,9,17,,2,1575,1339,SIE,G,,0,0,000000000,00000000000,0,0,0,1,0,0,0,0,0,0,0,998,0,0,0,12,13,6,2,17,0,0,0,1,23,3903,6,1,0,0,3,0,67,240,0,0,0,0,1,5,2008,5,2008,1,33,0,0,0,1,2,35,2,1,2,1,40,3,6,13,3,1,5,1,1,1
23,230028,1,1,1,18,4,3,42,30,0,1,0,23,1,20,39,20039,5,2008,KL1TD66688B0,K,L,1,T,D,6,6,6,8,8,B,0,0,P,CHEV,ABS,5D,8,17,0,,0,976,,G,,0,0,000000000,00000000000,0,0,0,1,0,0,0,0,0,0,0,998,0,1,6,9,9,6,2,30,0,0,0,1,23,4406,6,1,0,0,3,0,72,150,3,0,0,0,0,9,2007,4,2010,1,0,0,0,0,1,2,40,3,1,2,1,40,3,14,13,3,1,5,1,1,1
23,230029,1,1,2,30,4,19,30,34,0,1,0,23,2,30,47,30047,3,1999,3VWCC21C1XM4,3,V,W,C,C,2,1,C,1,X,M,4,0,P,VOLK,NGS,2H,99,17,2748,,0,989,,G,,0,0,000000000,00000000000,0,0,0,1,0,0,0,0,0,0,0,998,0,2,6,13,13,6,2,1,0,0,0,1,23,4453,6,1,0,0,3,0,70,160,0,0,0,1,0,8,2009,8,2009,1,0,0,0,0,1,2,45,4,1,2,1,0,0,14,12,1,1,5,6,1,1
23,230030,1,2,1,15,5,1,20,12,2,1,0,23,1,12,481,12481,31,2000,1FTNX21S6YEA,1,F,T,N,X,2,1,S,6,Y,E,A,0,T,FORD,F2S,4C,0,17,,2,1580,1418,SRW,G,,0,0,000000000,00000000000,0,0,0,1,0,0,0,0,0,0,0,998,0,0,0,12,1,6,2,12,0,0,0,1,23,4444,6,1,0,0,3,3,73,185,1,2,0,0,4,6,2007,11,2009,1,36,0,0,0,1,2,0,2,2,2,1,0,0,14,10,1,1,2,50,0,1
23,230030,2,2,3,15,5,1,20,12,2,1,0,44,1,49,32,49032,4,2002,JTDBE32K2200,J,T,D,B,E,3,2,K,2,2,0,0,0,P,TOYT,LXS,4D,2,17,3086,,0,1071,,G,,0,0,000000000,00000000000,0,0,0,1,0,0,0,0,0,0,0,998,0,0,0,12,1,6,2,12,0,0,0,1,44,2906,6,1,0,0,3,3,63,105,0,0,0,0,0,0,0,0,0,0,0,0,0,0,1,2,0,3,2,2,1,0,0,14,63,1,1,1,51,2,0
23,230031,1,1,3,17,4,20,40,35,0,1,0,23,1,12,481,12481,31,2001,1FTNX21F51EA,1,F,T,N,X,2,1,F,5,1,E,A,0,T,FORD,F2S,4C,1,17,,2,1580,1418,SRW,D,,0,0,000000000,00000000000,0,0,0,1,0,0,0,0,0,0,0,998,0,1,6,12,12,6,2,42,0,0,0,1,23,4224,6,1,0,0,3,0,68,145,0,0,0,5,0,4,2007,10,2009,1,0,0,0,0,1,2,40,2,2,2,2,40,3,14,10,1,1,5,1,1,1
23,230032,1,1,1,12,3,22,30,42,0,1,0,23,1,48,34,48034,4,2005,4S3BL6862542,4,S,3,B,L,6,8,6,2,5,4,2,0,P,SUBA,LGT,4D,5,17,3300,,0,1051,,G,,0,0,000000000,00000000000,0,0,0,1,0,0,0,0,0,0,0,998,0,0,0,12,12,6,2,42,0,0,0,1,23,4274,6,1,0,0,3,3,71,170,0,0,0,1,0,10,2007,10,2007,1,0,0,0,0,1,2,0,3,3,2,1,0,0,14,13,3,1,5,1,1,1
23,230033,1,3,1,30,3,14,48,12,8,1,0,23,1,20,2,20002,4,2006,2G1WB58K0692,2,G,1,W,B,5,8,K,0,6,9,2,0,P,CHEV,IPL,4D,6,17,3477,,0,1105,,F,,0,0,000000000,00000000000,0,0,0,1,0,0,0,0,0,0,0,998,0,0,0,9,3,6,2,12,0,0,0,1,23,4294,6,1,0,0,3,0,69,172,0,0,0,0,0,0,0,0,0,0,0,0,0,0,1,2,55,1,1,2,2,0,0,1,10,1,1,2,64,1,0
23,230033,2,3,1,30,3,14,48,12,8,1,0,23,1,20,401,20401,14,1998,1GCDT19X5W81,1,G,C,D,T,1,9,X,5,W,8,1,0,T,CHEV,S14,PC,98,17,,1,0,1229,S,G,,0,0,000000000,00000000000,0,0,0,1,0,0,0,0,0,0,0,998,0,0,0,7,9,6,2,12,0,0,0,1,23,4290,6,1,0,0,3,3,72,225,0,0,0,0,0,0,0,0,0,0,0,0,0,0,1,2,55,1,1,2,2,0,0,1,62,1,1,2,65,0,0
23,230033,3,3,1,30,3,14,48,12,8,1,0,23,3,98,809,98809,62,2006,2FWJAZAV96AW,2,F,W,J,A,Z,A,V,9,6,A,W,1,T,STRG,LT9,DS,6,17,,8,0,0,STE,D,,1,57,673530,57673530,2,4,10,1,0,0,0,0,0,0,0,998,0,0,0,7,9,6,2,12,0,0,0,1,23,4912,6,1,6,3,3,3,73,225,0,0,0,0,0,0,0,0,0,0,0,0,0,0,1,2,55,1,1,2,2,0,0,1,62,1,1,1,98,0,0
23,230034,1,2,1,8,5,17,24,12,6,1,0,25,3,85,883,85883,63,2010,1XKDDB0X6AJ2,1,X,K,D,D,B,0,X,6,A,J,2,1,T,KW,T80,DS,10,17,,8,2600,1600,CON,D,,1,57,111448,57111448,3,4,2,1,0,0,0,0,0,0,0,998,0,0,0,12,2,6,2,12,0,0,0,1,23,4077,6,1,6,3,3,3,74,190,0,0,0,0,0,0,0,0,0,0,38,0,0,0,1,2,45,1,1,2,2,3,3,1,17,1,1,5,88,0,0
23,230034,2,2,4,8,5,17,24,12,6,1,0,48,2,22,22,22022,4,2006,1G2ZG5589641,1,G,2,Z,G,5,5,8,9,6,4,1,0,P,PONT,GS1,4D,6,17,3419,,0,1123,,G,,0,0,000000000,00000000000,0,0,0,1,0,0,0,0,0,0,0,998,0,1,6,11,13,6,2,12,0,0,0,1,23,4074,6,1,0,0,3,0,68,135,3,1,0,0,1,11,2008,5,2009,0,0,0,0,0,1,2,45,1,1,2,2,3,3,1,17,1,1,5,89,1,0
23,230035,1,1,2,21,5,1,25,24,0,1,0,23,1,20,39,20039,4,2005,KL1TD62685B4,K,L,1,T,D,6,2,6,8,5,B,4,0,P,CHEV,ABS,5D,5,17,2343,,0,976,,G,,0,0,000000000,00000000000,0,0,0,1,0,0,0,0,0,0,0,998,0,1,6,12,9,6,2,24,0,0,0,1,23,4101,1,1,0,0,2,0,61,105,1,3,0,0,3,6,2007,2,2010,1,27,58,0,0,2,2,35,4,2,2,1,0,0,14,13,3,1,5,1,1,0
23,230036,1,1,1,10,4,12,6,33,0,1,0,23,1,49,32,49032,4,2006,2T1BR32E96C6,2,T,1,B,R,3,2,E,9,6,C,6,0,P,TOYT,UCS,4D,6,17,2530,,0,1024,,G,,0,0,000000000,00000000000,0,0,0,1,0,0,0,0,0,0,0,998,0,0,0,11,12,6,2,19,0,0,0,1,23,4863,6,1,0,0,3,3,64,183,0,0,0,0,0,0,0,0,0,0,0,0,0,0,1,2,98,1,1,2,1,20,3,1,17,3,1,4,6,1,0
23,230037,1,1,1,6,5,8,25,42,0,1,0,23,2,48,34,48034,6,2000,4S3BH6657Y76,4,S,3,B,H,6,6,5,7,Y,7,6,0,P,SUBA,ULK,SW,0,17,3415,,0,1043,,G,,0,0,000000000,00000000000,0,0,0,1,0,0,0,0,0,0,0,998,0,0,0,12,9,6,2,42,0,0,0,1,23,4032,6,1,0,0,3,0,61,125,0,0,0,0,0,0,0,0,0,0,0,0,0,0,1,2,50,1,2,2,2,40,3,1,13,1,1,4,1,1,0
23,230038,1,2,1,22,5,8,52,12,6,1,0,23,1,7,461,7461,21,2003,1D7HA16DX3J6,1,D,7,H,A,1,6,D,X,3,J,6,0,T,DODG,S15,PK,3,17,,2,1405,1205,RPC,G,,0,0,000000000,00000000000,0,0,0,1,0,0,0,0,0,0,0,998,0,0,0,1,1,6,2,12,0,0,0,1,23,4090,6,1,0,0,3,3,72,250,0,0,0,0,0,0,0,0,0,0,38,0,0,0,1,2,50,1,1,2,1,0,0,12,54,1,1,4,98,0,0
23,230038,2,2,4,22,5,8,52,12,6,1,0,23,1,49,482,49482,31,2008,5TFDV54118X0,5,T,F,D,V,5,4,1,1,8,X,0,5,T,TOYT,CRW,CW,8,17,,2,0,1457,TUN,G,,3,0,000000000,00000000000,0,0,0,1,0,0,0,0,0,0,0,998,0,1,6,12,12,6,2,12,0,0,0,1,23,4073,6,1,0,0,3,0,67,160,0,0,0,1,1,8,2008,5,2010,0,0,0,0,0,1,2,50,1,1,2,1,0,0,1,64,1,1,4,98,0,0
23,230039,1,1,3,15,6,21,15,42,0,1,0,23,1,20,37,20037,4,2002,1G1ND52J42M6,1,G,1,N,D,5,2,J,4,2,M,6,0,P,CHEV,MAL,4D,2,17,3053,,0,1070,,G,,0,0,000000000,00000000000,0,0,0,1,0,0,0,0,0,0,0,998,0,0,0,12,12,6,2,42,0,0,0,1,23,4448,6,1,0,0,3,0,62,164,0,0,0,0,0,0,0,0,0,0,58,0,0,0,1,2,55,1,1,2,1,0,0,1,12,1,1,4,6,2,0
23,230040,1,2,1,16,6,13,59,12,2,1,0,23,2,49,472,49472,30,2010,5TEUU4EN1AZ6,5,T,E,U,U,4,E,N,1,A,Z,6,0,T,TOYT,ACC,PC,10,17,,1,0,1278,TAC,G,,0,0,000000000,00000000000,0,0,0,1,0,0,0,0,0,0,0,998,0,1,6,12,12,6,2,12,0,0,0,1,23,4084,6,1,0,0,3,3,63,140,0,0,0,0,0,0,0,0,0,0,0,0,0,0,1,2,35,1,1,2,1,0,0,1,10,1,1,4,44,0,0
23,230040,2,2,5,16,6,13,59,12,2,1,0,23,1,55,35,55035,4,2005,KMHDN46D35U0,K,M,H,D,N,4,6,D,3,5,U,0,0,P,HYUN,EST,4D,5,17,2635,,0,1027,,G,,0,0,000000000,00000000000,0,0,0,1,0,0,0,0,0,0,0,998,0,0,0,12,9,6,2,12,0,0,0,1,23,4106,6,1,0,0,3,3,63,112,0,0,0,1,0,5,2010,5,2010,0,0,0,0,0,1,2,35,1,1,2,1,0,0,1,62,1,1,4,45,1,0
23,230041,1,2,3,16,4,10,32,12,1,1,0,23,1,12,401,12401,14,1993,1FMDU34X3PUC,1,F,M,D,U,3,4,X,3,P,U,C,0,P,FORD,EPR,UT,93,17,3997,1,0,1120,EPR,G,,0,0,000000000,00000000000,0,0,0,1,0,0,0,0,0,0,0,998,0,0,0,12,12,6,2,12,0,0,0,1,23,4280,6,1,0,0,3,0,66,135,1,0,0,0,0,10,2009,10,2009,0,0,0,0,0,2,2,98,1,1,2,2,3,3,1,50,1,1,1,20,1,0
23,230041,2,2,1,16,4,10,32,12,1,1,0,23,3,89,884,89884,63,2002,1HTMMAAN12H4,1,H,T,M,M,A,A,N,1,2,H,4,0,T,INTL,430,CC,2,17,,7,0,0,40S,D,,0,57,631038,57631038,3,1,7,1,0,0,0,0,0,0,0,0,0,0,0,6,6,2,1,12,0,0,0,1,23,4256,6,1,6,0,3,3,72,230,0,0,0,0,0,0,0,0,0,0,0,0,0,0,1,2,98,1,1,2,2,3,3,5,18,1,1,1,21,0,0
23,230042,1,1,2,28,5,15,48,42,0,1,0,23,1,47,36,47036,4,2001,YS3ED48E0130,Y,S,3,E,D,4,8,E,0,1,3,0,0,P,SAA,9/5,4D,1,17,3600,,0,1064,,G,,0,0,000000000,00000000000,0,0,0,1,0,0,0,0,0,0,0,998,0,0,0,1,3,6,2,42,0,0,0,1,23,4841,6,1,0,0,3,3,70,155,1,0,0,0,1,7,2008,10,2008,1,0,0,0,0,1,2,45,3,3,2,1,0,0,14,10,3,1,4,6,1,0
23,230043,1,1,1,10,6,11,30,24,0,1,0,95,1,7,442,7442,20,2005,1D4GP25R65B1,1,D,4,G,P,2,5,R,6,5,B,1,0,P,DODG,CAR,SV,5,17,3725,,0,1133,,G,,0,0,000000000,00000000000,0,0,0,1,0,0,0,0,0,0,0,998,0,0,0,3,7,6,2,24,0,0,0,1,95,0,6,1,0,0,3,9,999,999,99,99,99,99,99,99,9999,99,9999,0,0,0,0,0,2,2,65,1,2,2,1,0,0,1,10,3,1,4,6,1,0
23,230044,1,1,1,17,6,23,10,42,0,1,0,23,2,55,401,55401,14,2009,5NMSG73D19H2,5,N,M,S,G,7,3,D,1,9,H,2,0,P,HYUN,SAN,UT,9,17,3969,,0,1063,,G,,0,0,000000000,00000000000,0,0,0,1,0,0,0,0,0,0,0,998,0,0,0,12,9,6,2,42,0,0,0,1,23,4103,6,2,0,0,3,3,66,140,0,0,0,0,0,0,0,0,0,1,52,0,0,0,1,2,35,2,1,2,1,0,0,14,11,1,1,4,1,1,0
23,230045,1,1,1,27,6,14,10,17,0,1,0,23,1,12,471,12471,30,1999,1FTZR15X3XTA,1,F,T,Z,R,1,5,X,3,X,T,A,0,T,FORD,RNS,PS,99,17,,1,0,1259,RNG,G,,0,0,000000000,00000000000,0,0,0,1,0,0,0,0,0,0,0,998,0,0,0,12,12,6,2,17,0,0,0,1,23,4236,6,1,0,0,3,3,67,170,0,0,0,0,0,0,0,0,0,0,0,0,0,0,1,2,45,1,1,2,1,0,0,1,13,1,1,4,1,1,0
23,230046,1,1,2,1,7,19,3,34,0,1,0,23,1,20,471,20471,30,1993,1GCEK14H6PZ1,1,G,C,E,K,1,4,H,6,P,Z,1,0,T,CHEV,GK1,PK,93,17,,2,1315,1175,GM4,G,,0,0,000000000,00000000000,0,0,0,1,0,0,0,0,0,0,0,998,0,1,6,12,13,6,2,24,0,0,0,1,23,4487,6,1,0,0,3,3,67,145,1,0,0,0,0,11,2009,11,2009,0,0,0,0,0,1,2,55,2,1,2,1,0,0,14,13,1,1,4,1,1,1
23,230047,1,1,1,24,4,3,52,42,0,1,0,33,2,54,31,54031,4,1994,JH4DC4354RS0,J,H,4,D,C,4,3,5,4,R,S,0,0,P,ACUR,ILS,2H,94,17,2572,,0,1012,,G,,0,0,000000000,00000000000,0,0,0,1,0,0,0,0,0,0,0,998,0,1,6,12,12,6,2,42,0,0,0,1,23,4002,1,1,0,0,2,0,65,155,3,2,1,0,0,5,2007,3,2010,1,0,0,0,0,1,2,35,3,1,2,1,0,0,14,10,1,1,5,6,1,1
23,230048,1,2,1,15,6,15,0,12,7,1,0,23,1,48,34,48034,6,1993,4S3BJ6334P69,4,S,3,B,J,6,3,3,4,P,6,9,0,P,SUBA,LL4,SW,93,17,2985,,0,1016,,G,,0,0,000000000,00000000000,0,0,0,1,0,0,0,0,0,0,0,998,0,0,0,11,11,2,3,12,0,0,0,1,23,4443,6,1,0,0,3,3,68,180,0,0,0,0,0,0,0,0,0,0,0,0,0,0,1,2,50,1,1,2,1,0,0,1,15,1,1,4,45,0,0
23,230048,2,2,2,15,6,15,0,12,7,1,0,23,1,72,709,72709,80,2008,1HD1JL5128Y0,1,H,D,1,J,L,5,1,2,8,Y,0,0,M,HD,XTC,RS,8,17,,,,,,,1584,0,0,000000000,00000000000,0,0,0,1,0,0,0,0,0,0,0,998,0,0,0,1,9,6,2,23,0,0,0,1,23,4942,6,1,6,0,3,3,67,180,0,0,0,2,0,7,2008,10,2008,0,0,0,0,0,1,2,50,1,1,2,1,0,0,6,10,1,4,4,44,1,0
23,230049,1,1,1,29,6,22,19,34,0,1,0,23,2,12,37,12037,4,2008,1FAHP34N08W2,1,F,A,H,P,3,4,N,0,8,W,2,0,P,FORD,FSN,4D,8,17,2623,,0,1029,,G,,0,0,000000000,00000000000,0,0,0,1,0,0,0,0,0,0,0,998,0,1,6,12,13,6,2,1,0,0,0,1,23,4981,6,1,0,0,3,3,69,200,0,0,0,0,2,12,2008,12,2008,1,0,0,0,0,1,2,45,1,1,2,1,0,0,1,11,9,1,4,1,1,1
23,230050,1,2,1,19,6,18,20,12,1,1,0,25,1,37,709,37709,80,2009,JH2SC59J59K0,J,H,2,S,C,5,9,J,5,9,K,0,0,M,HOND,CBS,RC,9,17,,,,,,,999,0,0,000000000,00000000000,0,0,0,1,0,0,0,0,0,0,0,0,0,0,0,6,9,6,2,12,0,0,0,1,25,1760,6,1,6,3,3,3,72,999,1,0,0,2,0,12,2007,5,2010,1,0,0,0,0,1,2,55,1,1,2,1,0,0,1,19,1,4,2,32,1,0
23,230050,2,2,1,19,6,18,20,12,1,1,0,25,1,50,709,50709,80,2009,SMT500PK79J3,S,M,T,5,0,0,P,K,7,9,J,3,0,M,TRIU,SPD,RS,9,17,,,,,,,1050,0,0,000000000,00000000000,0,0,0,1,0,0,0,0,0,0,0,998,0,0,0,12,9,6,2,12,0,0,0,1,25,1603,6,1,0,0,3,3,71,999,1,0,0,0,0,8,2007,8,2007,0,0,0,0,0,1,2,55,1,1,2,1,0,0,2,11,1,1,2,32,0,0
23,230051,1,1,1,5,7,10,13,34,0,1,0,23,2,19,18,19018,4,2003,1G6DM57N6301,1,G,6,D,M,5,7,N,6,3,0,1,0,P,CADI,C/T,4D,3,17,3509,,0,1134,,G,,0,0,000000000,00000000000,0,0,0,1,0,0,0,0,0,0,0,998,0,1,6,12,3,6,2,42,0,0,0,1,23,4937,6,1,0,0,3,0,69,128,0,0,0,2,0,8,2007,8,2008,1,0,0,0,0,1,2,55,1,1,2,1,0,0,6,10,1,1,4,6,1,1
23,230052,1,1,1,8,7,12,1,53,0,1,0,23,1,49,32,49032,4,1998,2T1BR12E8WC0,2,T,1,B,R,1,2,E,8,W,C,0,0,P,TOYT,UVL,4D,98,17,2414,,0,970,,G,,0,0,000000000,00000000000,0,0,0,1,0,0,0,0,0,0,0,998,0,0,0,1,1,6,2,30,0,0,0,1,23,4024,6,1,0,0,3,0,71,150,0,3,0,2,0,2,2009,3,2010,1,0,0,0,0,1,2,45,1,1,2,1,0,0,1,13,1,1,4,1,1,0
23,230053,1,1,3,11,7,23,20,11,0,1,0,95,1,30,40,30040,4,2002,3VWSB29MX2M0,3,V,W,S,B,2,9,M,X,2,M,0,0,P,VOLK,CJS,4D,2,17,1278,,0,989,,G,,0,0,000000000,00000000000,0,0,0,1,0,0,0,0,0,0,0,998,0,1,1,12,12,6,2,11,0,0,0,1,95,0,6,1,0,0,3,0,999,999,0,0,0,0,0,0,0,0,0,0,83,0,0,0,2,2,65,2,2,2,2,0,0,14,87,1,1,2,13,1,0
23,230054,1,1,1,17,7,23,24,17,0,1,0,23,1,12,401,12401,14,1998,1FMZU34E8WZA,1,F,M,Z,U,3,4,E,8,W,Z,A,0,P,FORD,EPR,UT,98,17,4146,,0,1115,,G,,0,0,000000000,00000000000,0,0,0,1,0,0,0,0,0,0,0,998,0,1,6,12,7,6,2,1,0,0,0,1,23,4911,6,1,0,0,3,0,64,155,0,0,0,0,0,0,0,0,0,1,0,0,0,0,1,2,45,1,2,2,1,0,0,1,11,1,1,4,1,1,1
23,230055,1,2,1,7,7,5,0,12,2,1,0,23,2,12,442,12442,20,2000,2FMDA5344YBA,2,F,M,D,A,5,3,4,4,Y,B,A,0,T,FORD,WSL,ES,0,17,,1,0,1207,WIN,G,,0,0,000000000,00000000000,0,0,0,1,0,0,0,0,0,0,0,998,0,0,0,12,11,6,2,12,0,0,0,1,12,33309,6,1,0,0,3,0,69,999,0,0,0,0,0,0,0,0,0,0,52,0,0,0,1,2,55,1,1,2,1,0,0,1,10,1,1,2,50,0,0
23,230055,2,2,1,7,7,5,0,12,2,1,0,23,1,48,34,48034,4,2000,4S3BH6351Y63,4,S,3,B,H,6,3,5,1,Y,6,3,0,P,SUBA,ULW,SW,0,17,3335,,0,1043,,G,,0,0,000000000,00000000000,0,0,0,1,0,0,0,0,0,0,0,998,0,0,0,12,12,6,2,12,0,0,0,1,23,4941,6,1,0,0,3,0,72,150,1,0,0,0,0,6,2009,6,2009,0,0,0,0,0,1,2,55,1,1,2,1,0,0,1,62,1,2,1,51,1,0
23,230056,1,2,2,24,7,14,25,12,1,1,0,23,1,72,709,72709,80,2007,1HD1FY4157Y6,1,H,D,1,F,Y,4,1,5,7,Y,6,0,M,HD,HRS,RS,7,17,,,,,,,1584,0,0,000000000,00000000000,0,0,0,1,0,0,0,0,0,0,0,998,0,0,0,12,12,6,2,12,0,0,0,1,23,4263,6,1,0,0,3,3,72,200,0,0,0,1,0,2,2009,2,2009,0,0,0,0,0,1,2,50,1,2,2,1,0,0,1,50,2,1,1,20,1,0
23,230056,2,2,2,24,7,14,25,12,1,1,0,25,1,51,43,51043,6,2004,YV1SW59V1423,Y,V,1,S,W,5,9,V,1,4,2,3,0,P,VOLV,V7F,SW,4,17,3582,,0,1085,,G,,0,0,000000000,00000000000,0,0,0,1,0,0,0,0,0,0,0,0,0,0,0,6,6,2,1,12,0,0,0,1,25,1703,6,1,0,0,3,0,72,999,0,0,0,0,0,0,0,0,0,0,0,0,0,0,1,2,50,1,2,2,1,0,0,11,15,1,1,1,21,0,0
23,230057,1,1,1,6,5,10,45,30,0,1,0,23,1,48,34,48034,4,2000,4S3BE6867Y72,4,S,3,B,E,6,8,6,7,Y,7,2,0,P,SUBA,UBK,4D,0,17,3485,,0,1043,,G,,0,0,000000000,00000000000,0,0,0,1,0,0,0,0,0,0,0,998,0,1,6,12,9,6,2,30,0,0,0,1,23,4360,6,1,0,0,3,0,61,135,0,0,0,0,0,0,0,0,0,1,0,0,0,0,1,2,25,4,2,2,1,0,0,14,11,1,1,4,1,1,0
23,230058,1,2,4,15,7,20,25,12,2,1,0,23,1,37,32,37032,2,1998,1HGCG3157WA0,1,H,G,C,G,3,1,5,7,W,A,0,0,P,HOND,UEX,CP,98,17,2908,,0,1051,,G,,0,0,000000000,00000000000,0,0,0,1,0,0,0,0,0,0,0,998,0,0,0,12,12,6,2,12,0,0,0,1,23,4073,6,1,0,0,3,0,70,155,1,0,0,0,0,12,2007,12,2007,0,33,0,0,0,1,2,35,4,1,2,1,40,3,14,10,1,1,3,50,1,0
23,230058,2,2,2,15,7,20,25,12,2,1,0,23,1,14,443,14443,20,1996,4M2DV11WXTDJ,4,M,2,D,V,1,1,W,X,T,D,J,0,P,MERC,VLR,SV,96,17,0,,0,1122,,G,,0,0,000000000,00000000000,0,0,0,1,0,0,0,0,0,0,0,998,0,0,0,12,12,6,2,12,0,0,0,1,23,4073,6,1,6,0,3,3,75,230,0,0,0,0,0,0,0,0,0,0,0,0,0,0,1,2,35,4,1,2,1,40,3,14,62,1,1,3,51,0,0
23,230059,1,1,1,23,7,0,6,42,0,1,0,23,1,55,33,55033,4,2009,5NPEU46FX9H4,5,N,P,E,U,4,6,F,X,9,H,4,0,P,HYUN,SLI,4D,9,17,3494,,0,1074,,G,,0,0,000000000,00000000000,0,0,0,1,0,0,0,0,0,0,0,998,0,0,0,12,12,6,2,42,0,0,1,1,23,4083,6,1,0,0,3,3,70,200,0,1,1,0,0,8,2007,8,2007,1,0,0,0,0,1,2,25,2,1,2,1,0,0,14,11,1,1,4,6,1,1
23,230060,1,1,1,19,6,6,44,53,0,1,0,23,1,76,709,76709,80,2007,JYAVP24EX7A0,J,Y,A,V,P,2,4,E,X,7,A,0,0,M,YAMA,X13,RS,7,17,,,,,,,1304,0,0,000000000,00000000000,0,0,0,1,0,0,0,0,0,0,0,998,0,0,0,12,12,6,2,42,0,0,0,1,23,4553,6,1,0,0,3,3,68,210,0,0,0,0,0,0,0,0,0,0,0,0,0,0,1,2,50,4,2,2,1,0,0,14,13,4,1,4,1,1,0
23,230061,1,2,1,21,6,14,0,12,1,1,0,23,2,7,442,7442,20,2007,2D4GP44L87R1,2,D,4,G,P,4,4,L,8,7,R,1,0,P,DODG,CAR,SV,7,17,4252,,0,1193,,G,,0,0,000000000,00000000000,0,0,0,1,0,0,0,0,0,0,0,0,0,0,0,6,9,6,2,12,0,0,0,1,23,4736,6,1,0,0,3,3,66,160,0,0,0,0,0,0,0,0,0,0,0,0,0,0,1,2,50,1,1,2,1,50,3,1,8,1,9,2,21,1,0
23,230061,2,2,1,21,6,14,0,12,1,1,0,23,2,7,461,7461,21,1996,3B7HF13Z9TG1,3,B,7,H,F,1,3,Z,9,T,G,1,0,T,DODG,150,PC,96,17,,2,1547,1387,RPC,G,,0,0,000000000,00000000000,0,0,0,1,0,0,0,0,0,0,0,998,0,0,0,12,12,6,2,12,0,0,0,1,23,4736,6,2,0,0,3,3,74,170,0,0,0,0,0,0,0,0,0,1,0,0,0,0,1,2,50,1,1,2,1,50,9,1,50,1,1,1,20,0,0
23,230062,1,2,1,2,8,17,25,1,0,1,0,25,1,72,709,72709,80,1999,1HD1BML14XY0,1,H,D,1,B,M,L,1,4,X,Y,0,0,M,HD,FLF,RS,99,17,,,,,,,1340,0,0,000000000,00000000000,0,0,0,1,0,0,0,0,0,0,0,998,0,0,0,0,3,6,2,1,0,0,0,1,25,2169,6,1,0,0,3,0,68,999,0,0,0,0,0,0,0,0,0,1,0,0,0,0,1,2,55,1,1,2,1,0,0,1,12,1,1,5,6,1,1
23,230062,2,2,1,2,8,17,25,1,0,1,0,25,2,72,709,72709,80,2006,1HD1CWP456K4,1,H,D,1,C,W,P,4,5,6,K,4,0,M,HD,C1U,RS,6,17,,,,,,,1200,0,0,000000000,00000000000,0,0,0,1,0,0,0,0,0,0,0,998,0,0,0,0,9,6,2,1,0,0,0,1,25,2176,6,1,0,0,3,0,66,150,0,0,0,0,0,0,0,0,0,0,0,0,0,0,1,2,55,1,1,2,1,0,0,1,11,4,1,3,98,0,0
23,230063,1,2,1,2,8,18,48,12,6,1,0,23,2,48,34,48034,4,1999,4S3BD6855X72,4,S,3,B,D,6,8,5,5,X,7,2,0,P,SUBA,US3,4D,99,17,3130,,0,1035,,G,,0,0,000000000,00000000000,0,0,0,1,0,0,0,0,0,0,0,998,0,0,0,9,9,6,2,12,0,0,0,1,23,4240,6,1,0,0,3,3,61,132,1,0,0,0,0,1,2008,1,2008,0,38,0,0,0,1,2,25,1,2,2,1,0,0,11,54,1,1,3,82,1,0