STATE,ST_CASE,VEH_NO,VE_FORMS,NUMOCCS,DAY,MONTH,HOUR,MINUTE,HARM_EV,MAN_COLL,UNITTYPE,HIT_RUN,REG_STAT,OWNER,MAKE,MODEL,MAK_MOD,BODY_TYP,MOD_YEAR,VIN,VIN_1,VIN_2,VIN_3,VIN_4,VIN_5,VIN_6,VIN_7,VIN_8,VIN_9,VIN_10,VIN_11,VIN_12,TOW_VEH,VINTYPE,VINMAKE,VINA_MOD,VIN_BT,VINMODYR,VIN_LNGT,VIN_WGT,WGTCD_TR,WHLBS_LG,WHLBS_SH,SER_TR,FUELCODE,MCYCL_DS,J_KNIFE,MCARR_I1,MCARR_I2,MCARR_ID,GVWR,V_CONFIG,CARGO_BT,HAZ_INV,HAZ_PLAC,HAZ_ID,HAZ_CNO,HAZ_REL,BUS_USE,SPEC_USE,EMER_USE,TRAV_SP,UNDERIDE,ROLLOVER,ROLINLOC,IMPACT1,IMPACT2,DEFORMED,TOWED,M_HARM,VEH_SC1,VEH_SC2,FIRE_EXP,DR_PRES,L_STATE,DR_ZIP,L_STATUS,L_TYPE,CDL_STAT,L_ENDORS,L_COMPL,L_RESTRI,DR_HGT,DR_WGT,PREV_ACC,PREV_SUS,PREV_DWI,PREV_SPD,PREV_OTH,FIRST_MO,FIRST_YR,LAST_MO,LAST_YR,SPEEDREL,DR_SF1,DR_SF2,DR_SF3,DR_SF4,VTRAFWAY,VNUM_LAN,VSPD_LIM,VALIGN,VPROFILE,VPAVETYP,VSURCOND,VTRAFCON,VTCONT_F,P_CRASH1,P_CRASH2,P_CRASH3,PCRASH4,PCRASH5,ACC_TYPE,DEATHS,DR_DRINK
23,230063,2,2,1,2,8,18,48,12,6,1,0,23,1,76,709,76709,80,2001,JYARJ04EX1A0,J,Y,A,R,J,0,4,E,X,1,A,0,0,M,YAMA,R6L,RS,1,17,,,,,,,599,0,0,000000000,00000000000,0,0,0,1,0,0,0,0,0,0,0,998,0,0,0,12,12,6,2,12,0,0,0,1,23,4241,6,1,0,0,3,3,72,180,0,3,0,3,4,11,2007,7,2010,1,0,0,0,0,1,2,25,1,2,2,1,0,0,1,55,4,4,3,83,1,0
23,230064,1,1,1,8,6,16,15,17,0,1,0,23,1,98,709,98709,80,2007,4MZKX02D5732,4,M,Z,K,X,0,2,D,5,7,3,2,0,U,,,,7,17,,,,,,,,0,0,000000000,00000000000,0,0,0,1,0,0,0,0,0,0,0,998,0,0,0,12,12,6,2,17,0,0,0,1,23,4210,6,1,0,0,3,0,62,122,1,0,0,0,0,9,2007,9,2007,0,0,0,0,0,1,2,25,1,1,2,1,0,0,1,10,4,1,4,6,1,0
23,230065,1,2,2,12,8,3,59,12,2,1,0,23,1,24,1,24001,4,1999,1G8ZH5282XZ2,1,G,8,Z,H,5,2,8,2,X,Z,2,0,P,STRN,SL1,4D,99,17,2355,,0,1024,,G,,0,0,000000000,00000000000,0,0,0,1,0,0,0,0,0,0,0,998,0,0,0,12,3,6,2,12,0,0,0,1,23,4086,6,1,0,0,3,0,70,190,2,0,0,2,1,2,2008,1,2010,1,0,0,0,0,1,2,45,2,2,2,1,0,0,14,10,1,1,3,50,2,1
23,230065,2,2,1,12,8,3,59,12,2,1,0,23,2,7,461,7461,21,1997,3B7KF23Z6VM5,3,B,7,K,F,2,3,Z,6,V,M,5,0,T,DODG,250,PC,97,17,,2,1547,1387,RPC,G,,0,0,000000000,00000000000,0,0,0,1,0,0,0,0,0,0,0,998,0,0,0,12,12,6,2,12,0,0,0,1,23,4086,6,1,0,0,3,3,68,140,0,0,0,0,0,0,0,0,0,0,0,0,0,0,1,2,45,2,2,2,1,0,0,14,62,1,1,3,51,0,0
23,230066,1,2,1,14,8,11,10,12,2,1,0,25,1,20,32,20032,4,2001,1Y1SK528X1Z4,1,Y,1,S,K,5,2,8,X,1,Z,4,0,P,CHEV,P/L,4D,1,17,2403,,0,971,,G,,0,0,000000000,00000000000,0,0,0,1,0,0,0,0,0,0,0,998,0,0,0,12,6,6,2,12,0,0,0,1,25,1453,6,1,0,0,3,0,65,150,0,0,0,0,0,0,0,0,0,0,0,0,0,0,1,2,50,4,2,2,1,0,0,14,10,4,3,2,50,1,0
23,230066,2,2,2,14,8,11,10,12,2,1,0,23,1,12,850,12850,73,1994,1FDKE30G8RHB,1,F,D,K,E,3,0,G,8,R,H,B,0,T,FORD,35C,MY,94,17,,3,1760,1380,CTV,G,,0,0,000000000,00000000000,0,0,0,1,0,0,0,0,0,0,0,998,0,0,0,12,1,6,2,12,0,0,0,1,23,4963,6,1,0,0,3,3,70,180,0,0,0,0,0,0,0,0,0,0,0,0,0,0,1,2,50,4,2,2,1,0,0,14,62,1,1,1,51,0,0
23,230067,1,1,1,15,6,0,10,31,0,1,0,23,2,47,36,47036,4,2003,YS3EB49EX330,Y,S,3,E,B,4,9,E,X,3,3,0,0,P,SAA,9/L,4D,3,17,3560,,0,1064,,G,,0,0,000000000,00000000000,0,0,0,1,0,0,0,0,0,0,0,998,0,2,6,12,12,6,2,1,0,0,0,1,23,4257,6,1,0,0,3,0,65,130,0,0,0,0,0,0,0,0,0,1,0,0,0,0,1,2,45,4,1,2,1,40,3,14,12,4,1,4,6,1,1
23,230068,1,1,1,5,8,0,0,1,0,1,0,23,1,23,481,23481,31,2007,1GTHK29U37E1,1,G,T,H,K,2,9,U,3,7,E,1,0,T,GMC,2KH,4C,7,17,,2,1575,1435,SIE,G,,0,0,000000000,00000000000,0,0,0,1,0,0,0,0,0,0,0,998,0,2,5,0,12,6,2,1,0,0,0,1,23,4957,6,1,0,0,3,3,73,260,0,0,0,1,1,8,2007,7,2009,0,58,0,0,0,1,2,45,1,1,2,1,0,0,1,12,1,1,4,6,1,1
23,230069,1,1,2,15,8,1,50,1,0,1,0,23,1,30,40,30040,4,1991,WVWRA21G3MW0,W,V,W,R,A,2,1,G,3,M,W,0,0,P,VOLK,JCG,4D,91,17,2275,,0,973,,G,,0,0,000000000,00000000000,0,0,0,1,0,0,0,0,0,0,0,998,0,2,5,0,13,6,2,1,0,0,0,1,23,4042,6,1,0,0,3,0,73,160,0,0,0,2,1,10,2007,11,2007,1,0,0,0,0,6,1,65,4,2,2,1,0,0,14,12,1,1,4,6,1,1
23,230070,1,2,1,12,6,21,43,12,6,1,0,23,2,53,706,53706,80,2003,JS1VT54A0321,J,S,1,V,T,5,4,A,0,3,2,1,0,M,SUZI,SK3,RS,3,17,,,,,,,996,0,0,000000000,00000000000,0,0,0,1,0,0,0,0,0,0,0,998,0,0,0,12,12,6,2,12,0,0,0,1,23,4956,6,1,0,0,3,3,70,175,1,0,0,0,0,2,2008,2,2008,1,0,0,0,0,1,2,50,1,1,2,1,0,0,1,62,1,1,3,69,1,0
23,230070,2,2,1,12,6,21,43,12,6,1,0,23,1,12,35,12035,4,1996,3FALP6530TM1,3,F,A,L,P,6,5,3,0,T,M,1,0,P,FORD,CGS,4D,96,17,2773,,0,1065,,G,,0,0,000000000,00000000000,0,0,0,1,0,0,0,0,0,0,0,998,0,0,0,2,12,6,2,12,0,0,0,1,23,4938,6,1,0,0,3,3,63,150,1,0,0,0,0,8,2008,8,2008,0,38,0,0,0,1,2,50,1,1,2,1,0,0,11,10,1,1,3,68,0,0
23,230071,1,2,1,13,8,16,23,12,2,1,0,33,1,20,404,20404,14,2010,2CNFLEEW7A62,2,C,N,F,L,E,E,W,7,A,6,2,0,P,CHEV,EQU,UT,10,17,3935,,0,1125,,G,,0,0,000000000,00000000000,0,0,0,1,0,0,0,0,0,0,0,998,0,0,0,12,12,6,2,12,0,0,0,1,33,3809,6,1,0,0,3,0,62,125,1,0,0,0,0,2,2008,2,2008,0,38,0,0,0,1,2,45,1,1,2,1,20,3,11,17,1,1,3,82,0,0
23,230071,2,2,2,13,8,16,23,12,2,1,0,33,1,72,709,72709,80,2006,1HD1CGP156K4,1,H,D,1,C,G,P,1,5,6,K,4,0,M,HD,20C,RS,6,17,,,,,,,1200,0,0,000000000,00000000000,0,0,0,1,0,0,0,0,0,0,0,998,0,0,0,12,12,6,2,12,0,0,0,1,33,3809,6,1,0,0,3,0,71,180,0,0,0,0,0,0,0,0,0,0,0,0,0,0,1,2,45,1,1,2,1,0,0,1,54,1,1,2,83,1,0
23,230072,1,2,1,27,7,20,38,12,6,1,0,23,1,71,709,71709,80,2004,ZDM1LABP94B0,Z,D,M,1,L,A,B,P,9,4,B,0,0,U,,,,4,17,,,,,,,,0,0,000000000,00000000000,0,0,0,1,0,0,0,0,0,0,0,998,0,0,0,12,3,6,2,12,0,0,0,1,23,4005,6,1,0,0,3,3,73,280,3,0,0,0,0,4,2008,8,2009,0,0,0,0,0,1,2,35,1,1,2,1,20,3,1,54,1,1,9,69,1,0
23,230072,2,2,1,27,7,20,38,12,6,1,0,23,1,37,402,37402,14,2010,5J6RE4H36AL0,5,J,6,R,E,4,H,3,6,A,L,0,0,P,HOND,CRV,UT,10,17,3501,,0,1031,,G,,0,0,000000000,00000000000,0,0,0,1,0,0,0,0,0,0,0,998,0,0,0,5,5,2,3,12,0,0,0,1,23,4064,6,1,0,0,3,0,73,175,0,0,0,0,0,0,0,0,0,0,38,0,0,0,1,2,35,1,1,2,1,20,3,11,15,1,1,9,68,0,0
23,230073,1,1,2,3,7,23,35,31,0,1,0,23,1,20,481,20481,31,1980,CKL14A116489,C,K,L,1,4,A,1,1,6,4,8,9,0,P,,,,,,,,,,,,,0,0,000000000,00000000000,0,0,0,1,0,0,0,0,0,0,0,998,0,1,1,12,12,6,2,1,0,0,0,1,23,4938,6,1,0,0,3,0,68,135,0,4,0,0,4,5,2009,6,2010,1,0,0,0,0,1,2,98,3,1,2,1,0,0,14,12,4,1,4,6,2,1
23,230074,1,1,3,10,7,3,45,42,0,1,0,23,2,20,16,20016,4,2004,1G1JH52F4471,1,G,1,J,H,5,2,F,4,4,7,1,0,P,CHEV,CLP,4D,4,17,2808,,0,1041,,G,,0,0,000000000,00000000000,0,0,0,1,0,0,0,0,0,0,0,998,0,1,6,12,13,6,2,1,0,0,0,1,23,4401,6,1,0,0,2,0,70,220,0,1,0,0,0,2,2008,2,2008,1,0,0,0,0,1,2,45,1,5,2,1,0,0,1,13,1,1,4,1,1,1
23,230075,1,1,1,11,7,9,42,8,0,1,0,23,1,6,442,6442,20,2000,2C4GJ2531YR8,2,C,4,G,J,2,5,3,1,Y,R,8,0,P,CHRY,VOV,SV,0,17,3432,,0,1133,,G,,0,0,000000000,00000000000,0,0,0,1,0,0,0,0,0,0,0,998,0,0,0,12,12,2,3,8,0,0,0,1,23,4064,6,1,0,0,3,3,68,165,2,0,0,0,0,9,2007,10,2009,0,39,0,0,0,1,2,30,1,1,2,1,98,3,1,17,1,1,1,13,0,0
23,230076,1,2,2,15,7,12,48,12,2,1,0,23,1,49,40,49040,4,2004,4T1BE32K64U3,4,T,1,B,E,3,2,K,6,4,U,3,0,P,TOYT,UXS,4D,4,17,3086,,0,1071,,G,,0,0,000000000,00000000000,0,0,0,1,0,0,0,0,0,0,0,998,0,0,0,12,12,6,2,12,0,0,0,1,23,4005,6,1,0,0,3,3,63,130,0,0,0,0,0,0,0,0,0,0,0,0,0,0,1,2,40,4,1,2,1,0,0,14,10,1,1,3,50,1,0
23,230076,2,2,2,15,7,12,48,12,2,1,0,23,1,7,482,7482,42,1994,2B6JB31Y9RK1,2,B,6,J,B,3,1,Y,9,R,K,1,0,T,DODG,B35,IC,94,17,,2,0,1276,RMV,G,,0,0,000000000,00000000000,0,0,0,1,0,0,0,0,0,0,0,998,0,0,0,12,1,6,2,12,0,0,0,1,23,4401,6,1,0,0,3,3,76,260,0,0,0,0,0,0,0,0,0,0,0,0,0,0,1,2,40,4,1,2,1,0,0,14,10,1,1,3,51,0,0
23,230077,1,1,1,8,7,13,15,32,0,1,0,23,1,20,481,20481,31,2003,1GCEK14XX3Z1,1,G,C,E,K,1,4,X,X,3,Z,1,0,T,CHEV,SK1,PK,3,17,,2,1330,1190,SIL,G,,0,0,000000000,00000000000,0,0,0,1,0,0,0,0,0,0,0,998,0,0,0,12,11,6,2,32,0,0,0,1,23,4774,6,1,0,0,3,3,70,225,0,0,0,0,0,0,0,0,0,0,0,0,0,0,1,2,55,3,3,2,1,0,0,14,10,1,1,4,6,1,0
23,230078,1,1,1,2,8,10,25,34,0,1,0,23,1,55,36,55036,3,2004,KMHCG35C44U2,K,M,H,C,G,3,5,C,4,4,U,2,0,P,HYUN,AGL,2H,4,17,2339,,0,961,,G,,0,0,000000000,00000000000,0,0,0,1,0,0,0,0,0,0,0,998,0,1,6,12,9,6,2,42,0,0,0,1,23,4652,6,1,6,0,3,0,72,190,0,0,0,0,0,0,0,0,0,1,58,0,0,0,1,2,35,3,1,2,1,0,0,14,10,1,1,4,6,1,1
23,230079,1,1,1,31,7,3,55,30,0,1,0,48,2,49,441,49441,20,1989,JT3FJ62G2K00,J,T,3,F,J,6,2,G,2,K,0,0,0,P,TOYT,LCW,UT,89,17,4480,,0,1075,,G,,0,0,000000000,00000000000,0,0,0,1,0,0,0,0,0,0,0,998,0,0,0,9,9,6,2,30,0,0,0,1,48,78702,6,1,0,0,3,3,69,160,0,0,0,0,0,0,0,0,0,0,0,0,0,0,1,2,45,1,1,2,1,0,0,1,10,1,1,4,6,1,0
23,230080,1,1,3,29,8,1,11,17,0,1,0,23,2,58,33,58033,4,1993,JNKCP01D9PT4,J,N,K,C,P,0,1,D,9,P,T,4,0,P,INFI,G20,4D,93,17,2745,,0,1004,,G,,0,0,000000000,00000000000,0,0,0,1,0,0,0,0,0,0,0,998,0,1,6,12,9,6,2,42,0,0,0,1,23,4047,1,1,0,0,2,0,70,170,0,7,1,0,0,4,2009,4,2010,1,37,0,0,0,1,2,45,2,2,2,1,0,0,14,11,4,1,4,1,2,1
23,230081,1,2,1,10,7,22,7,12,6,1,0,23,1,20,16,20016,4,2004,1G1JF52FX472,1,G,1,J,F,5,2,F,X,4,7,2,0,P,CHEV,CAS,4D,4,17,2676,,0,1041,,G,,0,0,000000000,00000000000,0,0,0,1,0,0,0,0,0,0,0,998,0,1,5,1,1,6,2,12,0,0,0,1,23,4270,6,1,0,0,3,3,64,160,0,0,0,0,2,11,2008,12,2008,0,0,0,0,0,1,2,45,2,1,2,1,0,0,14,11,1,1,1,98,1,0
23,230081,2,2,1,10,7,22,7,12,6,1,0,23,2,20,421,20421,15,2002,1GNDT13S1221,1,G,N,D,T,1,3,S,1,2,2,1,0,P,CHEV,TRL,UT,2,17,4628,,0,1130,,G,,0,0,000000000,00000000000,0,0,0,1,0,0,0,0,0,0,0,998,0,0,0,11,11,2,3,12,0,0,0,1,23,4258,6,1,0,0,3,3,70,170,3,0,0,1,2,9,2008,7,2010,0,38,0,0,0,1,2,45,2,1,2,1,0,0,8,51,1,1,6,98,0,0
23,230082,1,1,1,2,7,18,27,33,0,1,0,23,1,72,709,72709,80,2005,1HD4CAM125K4,1,H,D,4,C,A,M,1,2,5,K,4,0,M,HD,X88,RS,5,17,,,,,,,883,0,0,000000000,00000000000,0,0,0,1,0,0,0,0,0,0,0,998,0,0,0,9,9,6,2,23,0,0,0,1,23,4963,6,1,0,0,3,0,69,175,0,0,0,0,0,0,0,0,0,1,0,0,0,0,1,2,98,1,2,2,1,0,0,6,12,1,1,4,6,1,0
23,230083,1,2,1,4,8,16,20,32,0,1,0,23,1,76,709,76709,88,2006,LPRSE13Y36A3,L,P,R,S,E,1,3,Y,3,6,A,3,0,M,YAMA,YJV,MS,6,17,,,,,,,125,0,0,000000000,00000000000,0,0,0,1,0,0,0,0,0,0,0,998,0,0,0,12,11,6,2,1,0,0,0,1,23,4411,6,1,0,0,3,3,65,215,0,0,0,0,0,0,0,0,0,0,0,0,0,0,1,2,25,4,1,2,1,0,0,14,13,1,1,5,1,1,0
23,230083,2,2,1,4,8,16,20,32,0,1,0,23,1,2,405,2405,14,2004,1J4GL48K94W2,1,J,4,G,L,4,8,K,9,4,W,2,0,T,JEEP,SPR,4W,4,17,,1,0,1043,LIB,G,,0,0,000000000,00000000000,0,0,0,1,0,0,0,0,0,0,0,998,0,0,0,0,0,0,1,7,0,0,0,1,23,4411,6,1,0,0,3,0,71,185,1,0,0,0,0,12,2009,12,2009,0,0,0,0,0,1,2,25,4,1,2,1,0,0,11,18,1,1,1,98,0,0
23,230084,1,1,2,10,7,10,46,42,0,1,0,23,1,48,401,48401,14,2005,JF1SG65645H7,J,F,1,S,G,6,5,6,4,5,H,7,0,P,SUBA,FOR,UT,5,17,3105,,0,994,,G,,0,0,000000000,00000000000,0,0,0,1,0,0,0,0,0,0,0,998,0,0,0,12,12,6,2,42,0,0,0,1,23,4073,6,1,0,0,3,0,63,118,0,0,0,0,0,0,0,0,0,0,0,0,0,0,1,2,50,1,1,2,1,0,0,1,13,1,1,4,1,1,0
23,230085,1,2,2,22,7,15,2,12,2,1,0,23,1,6,441,6441,20,2004,2C4GP44R24R6,2,C,4,G,P,4,4,R,2,4,R,6,0,P,CHRY,TWC,SV,4,17,3962,,0,1193,,G,,0,0,000000000,00000000000,0,0,0,1,0,0,0,0,0,0,0,998,0,0,0,12,1,6,2,12,0,0,0,1,23,4668,6,1,0,0,3,3,62,180,0,0,0,0,0,0,0,0,0,0,0,0,0,0,1,2,40,1,1,2,2,0,0,1,10,1,1,2,50,1,0
23,230085,2,2,2,22,7,15,2,12,2,1,0,23,2,18,23,18023,4,2007,1G4HD57287U1,1,G,4,H,D,5,7,2,8,7,U,1,0,P,BUIC,UXL,4D,7,17,3969,,0,1156,,G,,0,0,000000000,00000000000,0,0,0,1,0,0,0,0,0,0,0,998,0,0,0,12,1,6,2,12,0,0,0,1,23,4492,6,2,0,0,3,0,66,128,0,0,0,0,0,0,0,0,0,0,0,0,0,0,1,2,40,1,1,2,2,0,0,1,62,1,1,3,51,0,0
23,230086,1,1,1,31,7,14,50,8,0,1,0,23,1,49,40,49040,2,1994,4T1SK11C5RU4,4,T,1,S,K,1,1,C,5,R,U,4,0,P,TOYT,CMX,CP,94,17,2954,,0,1031,,G,,0,0,000000000,00000000000,0,0,0,1,0,0,0,0,0,0,0,998,0,0,0,12,12,2,1,8,0,0,0,1,23,4092,6,1,0,0,3,0,69,160,0,0,0,0,1,1,2008,1,2008,0,86,0,0,0,1,2,45,1,2,2,1,0,0,1,80,1,1,1,13,0,0
23,230087,1,2,1,27,8,19,11,12,2,1,0,23,1,37,706,37706,80,1994,JH2SC2808RM2,J,H,2,S,C,2,8,0,8,R,M,2,0,M,HOND,CR9,RS,94,17,,,,,,,900,0,0,000000000,00000000000,0,0,0,1,0,0,0,0,0,0,0,998,0,0,0,12,12,6,2,12,0,0,0,1,23,4039,6,1,0,0,3,0,70,185,3,0,0,2,2,12,2007,3,2009,1,52,0,0,0,1,2,30,4,1,2,1,0,0,14,10,1,1,3,50,1,1
23,230087,2,2,1,27,8,19,11,12,2,1,0,23,1,48,45,48045,6,2005,4S4BP61C6573,4,S,4,B,P,6,1,C,6,5,7,3,0,P,SUBA,LOI,SW,5,17,3310,,0,1051,,G,,0,0,000000000,00000000000,0,0,0,1,0,0,0,0,0,0,0,998,0,0,0,12,11,6,2,12,0,0,0,1,23,4101,6,1,0,0,3,3,72,175,0,0,0,0,0,0,0,0,0,0,0,0,0,0,1,2,30,4,1,2,1,0,0,14,62,1,1,1,51,0,0
23,230088,1,2,1,1,9,11,9,12,6,1,0,23,1,12,37,12037,2,2002,3FAFP31352R1,3,F,A,F,P,3,1,3,5,2,R,1,0,P,FORD,FZX,3P,2,17,2598,,0,1030,,G,,0,0,000000000,00000000000,0,0,0,1,0,0,0,0,0,0,0,998,0,0,0,12,9,6,2,12,0,0,0,1,23,4270,6,1,0,0,3,3,63,170,0,0,0,0,0,0,0,0,0,0,38,39,0,0,1,2,50,1,2,2,1,20,3,1,17,1,1,4,88,1,0
23,230088,2,2,1,1,9,11,9,12,6,1,0,23,3,12,461,12461,21,2008,1FTSE34L58DB,1,F,T,S,E,3,4,L,5,8,D,B,0,T,FORD,3SD,CG,8,17,,2,0,1380,VAN,G,,0,0,000000000,00000000000,0,0,0,1,0,0,0,0,0,0,0,998,0,0,0,9,9,6,2,12,0,0,0,1,23,4330,6,1,0,0,3,3,76,250,0,0,0,1,0,11,2009,11,2009,0,0,0,0,0,1,2,50,1,2,2,1,0,0,1,17,1,1,4,89,0,0
23,230089,1,1,1,2,9,21,29,30,0,1,0,23,2,20,36,20036,2,2006,2G1WL16C7693,2,G,1,W,L,1,6,C,7,6,9,3,0,P,CHEV,MSS,CP,6,17,3549,,0,1105,,G,,0,0,000000000,00000000000,0,0,0,1,0,0,0,0,0,0,0,998,0,1,6,12,13,6,2,42,0,0,0,1,23,4649,6,2,0,0,3,0,71,237,0,1,0,0,0,5,2010,5,2010,1,0,0,0,0,1,2,55,3,1,2,1,0,0,14,10,1,1,4,6,1,1
23,230090,1,1,1,28,7,18,35,9,0,1,0,23,1,49,482,49482,31,2010,5TFUM5F13AX0,5,T,F,U,M,5,F,1,3,A,X,0,0,T,TOYT,DBS,CW,10,17,,2,0,1457,TUN,G,,0,0,000000000,00000000000,0,0,0,1,0,0,0,0,0,0,0,998,0,0,0,12,12,6,2,9,0,0,0,1,23,4401,6,1,0,0,3,3,68,175,0,0,0,0,0,0,0,0,0,0,0,0,0,0,1,2,50,1,1,2,1,20,3,1,17,4,4,3,13,0,0
23,230091,1,1,1,17,8,18,27,34,0,1,0,23,1,72,709,72709,80,2009,1HD1JK5139Y0,1,H,D,1,J,K,5,1,3,9,Y,0,0,M,HD,FWC,RS,9,17,,,,,,,1584,0,0,000000000,00000000000,0,0,0,1,0,0,0,0,0,0,0,998,0,0,0,12,12,6,2,42,0,0,0,1,23,4490,6,1,6,0,3,0,74,225,0,0,0,0,1,5,2010,5,2010,1,0,0,0,0,1,2,45,2,2,2,1,40,3,14,12,1,1,4,6,1,1
23,230092,1,1,1,14,7,8,9,52,0,1,0,23,1,49,498,49498,30,1994,JT4RN01P3R70,J,T,4,R,N,0,1,P,3,R,7,0,0,T,TOYT,SWX,PK,94,17,,1,0,1030,HTP,G,,0,0,000000000,00000000000,0,0,0,1,0,0,0,0,0,0,0,998,0,1,6,1,9,6,2,42,0,0,0,1,23,4658,6,1,0,0,3,0,67,175,0,0,0,0,0,0,0,0,0,0,0,0,0,0,1,2,45,1,1,2,2,28,3,1,13,1,1,4,1,1,0
23,230093,1,2,1,9,7,21,10,12,6,1,0,12,1,49,40,49040,4,2005,4T1BE30K15U5,4,T,1,B,E,3,0,K,1,5,U,5,0,P,TOYT,XLL,4D,5,17,3108,,0,1071,,G,,0,0,000000000,00000000000,0,0,0,1,0,0,0,0,0,0,0,998,0,0,0,9,9,6,2,12,0,0,0,1,12,33542,6,1,0,0,3,3,72,999,0,0,0,0,0,0,0,0,0,0,38,0,0,0,1,2,55,1,1,2,1,20,3,11,15,1,1,3,82,1,0
23,230093,2,2,2,9,7,21,10,12,6,1,0,23,1,7,482,7482,31,2007,1D7HU16207J5,1,D,7,H,U,1,6,2,0,7,J,5,0,T,DODG,S15,PK,7,17,,2,1405,1205,RPC,G,,0,0,000000000,00000000000,0,0,0,1,0,0,0,0,0,0,0,998,0,0,0,12,12,6,2,12,0,0,0,1,23,4938,6,1,0,0,3,3,71,195,1,0,0,1,0,3,2008,6,2009,0,0,0,0,0,1,2,55,1,1,2,1,0,0,1,67,6,1,2,83,0,0
23,230094,1,3,1,29,8,18,4,12,2,1,0,23,2,72,709,72709,80,2002,1HD1DDV192Y6,1,H,D,1,D,D,V,1,9,2,Y,6,0,M,HD,FHT,RS,2,17,,,,,,,1450,0,0,000000000,00000000000,0,0,0,1,0,0,0,0,0,0,0,0,0,0,0,12,12,6,2,12,0,0,0,1,23,4016,6,1,3,0,3,0,72,200,0,0,0,0,0,0,0,0,0,1,0,0,0,0,1,2,45,3,1,2,1,40,3,14,10,4,2,2,50,1,1
23,230094,2,3,2,29,8,18,4,12,2,1,0,33,2,37,402,37402,14,2005,SHSRD788X5U3,S,H,S,R,D,7,8,8,X,5,U,3,0,P,HOND,CRV,UT,5,17,3472,,0,1033,,G,,0,0,000000000,00000000000,0,0,0,1,0,0,0,0,0,0,0,998,0,0,0,12,1,6,2,12,0,0,0,1,33,3784,6,1,0,0,3,0,71,165,0,0,0,0,0,0,0,0,0,0,0,0,0,0,1,3,45,3,1,2,1,40,3,14,62,1,1,3,51,0,0
23,230094,3,3,1,29,8,18,4,12,2,1,0,23,4,72,709,72709,80,1997,1HD1BKL13VY0,1,H,D,1,B,K,L,1,3,V,Y,0,0,M,HD,XTC,RS,97,17,,,,,,,1340,0,0,000000000,00000000000,0,0,0,1,0,0,0,0,0,0,0,998,0,0,0,0,9,6,2,1,0,0,0,1,23,4040,6,1,0,0,3,0,74,185,0,0,0,1,2,8,2007,9,2008,0,0,0,0,0,1,2,45,3,1,2,1,40,3,14,13,4,4,3,98,0,0
23,230095,1,1,2,11,9,0,39,39,0,1,0,23,2,12,17,12017,4,2001,1FAFP55U71A2,1,F,A,F,P,5,5,U,7,1,A,2,0,P,FORD,TSS,4D,1,17,3343,,0,1085,,G,,0,0,000000000,00000000000,0,0,0,1,0,0,0,0,0,0,0,998,0,0,0,3,3,6,2,42,0,0,0,1,23,3907,6,2,0,0,3,2,70,155,0,0,0,0,0,0,0,0,0,1,52,73,0,0,1,2,35,1,3,2,1,0,0,1,12,4,1,4,6,2,0
23,230096,1,2,1,14,9,16,0,12,2,1,0,23,1,12,481,12481,31,2002,1FTSX31F92EB,1,F,T,S,X,3,1,F,9,2,E,B,0,T,FORD,F3S,4C,2,17,,2,1580,1418,SRW,D,,0,0,000000000,00000000000,0,0,0,1,0,0,0,0,0,0,0,998,0,0,0,12,12,6,2,12,0,0,0,1,23,4473,6,1,6,0,3,0,67,170,0,0,0,0,0,0,0,0,0,0,0,0,0,0,1,2,55,4,2,2,2,0,0,14,62,1,1,2,50,0,0
23,230096,2,2,3,14,9,16,0,12,2,1,0,23,1,20,22,20022,4,2008,1G1AK18F6871,1,G,1,A,K,1,8,F,6,8,7,1,0,P,CHEV,BLS,CP,8,17,2991,,0,1033,,G,,0,0,000000000,00000000000,0,0,0,1,0,0,0,0,0,0,0,998,0,0,0,12,12,6,2,12,0,0,0,1,23,4649,6,1,0,0,3,0,66,155,2,0,0,0,0,12,2008,5,2009,1,0,0,0,0,1,2,55,4,2,2,2,0,0,14,10,99,1,2,51,3,0
23,230098,1,1,3,19,9,19,28,11,0,1,0,23,1,49,32,49032,4,2000,2T1BR12EXYC3,2,T,1,B,R,1,2,E,X,Y,C,3,0,P,TOYT,UVL,4D,0,17,2403,,0,970,,G,,0,0,000000000,00000000000,0,0,0,1,0,0,0,0,0,0,0,998,0,0,0,9,12,6,2,11,0,0,0,1,23,4730,6,1,0,0,3,0,65,175,0,0,0,1,0,12,2008,12,2008,0,83,0,0,0,1,2,50,1,2,2,1,0,0,4,87,1,1,3,13,1,0
23,230099,1,2,1,6,10,15,48,12,6,1,0,33,2,34,34,34034,4,1995,WBACB4324SFM,W,B,A,C,B,4,3,2,4,S,F,M,0,P,BMW,25I,4D,95,17,3164,,0,1063,,G,,0,0,000000000,00000000000,0,0,0,1,0,0,0,0,0,0,0,998,0,0,0,9,9,6,2,12,0,0,0,1,23,3909,6,1,0,0,3,3,62,123,1,0,0,1,0,5,2009,8,2010,1,0,0,0,0,2,4,65,1,1,2,2,0,0,1,10,4,4,2,64,1,0