STATE,ST_CASE,VEH_NO,VE_FORMS,NUMOCCS,DAY,MONTH,HOUR,MINUTE,HARM_EV,MAN_COLL,UNITTYPE,HIT_RUN,REG_STAT,OWNER,MAKE,MODEL,MAK_MOD,BODY_TYP,MOD_YEAR,VIN,VIN_1,VIN_2,VIN_3,VIN_4,VIN_5,VIN_6,VIN_7,VIN_8,VIN_9,VIN_10,VIN_11,VIN_12,TOW_VEH,VINTYPE,VINMAKE,VINA_MOD,VIN_BT,VINMODYR,VIN_LNGT,VIN_WGT,WGTCD_TR,WHLBS_LG,WHLBS_SH,SER_TR,FUELCODE,MCYCL_DS,J_KNIFE,MCARR_I1,MCARR_I2,MCARR_ID,GVWR,V_CONFIG,CARGO_BT,HAZ_INV,HAZ_PLAC,HAZ_ID,HAZ_CNO,HAZ_REL,BUS_USE,SPEC_USE,EMER_USE,TRAV_SP,UNDERIDE,ROLLOVER,ROLINLOC,IMPACT1,IMPACT2,DEFORMED,TOWED,M_HARM,VEH_SC1,VEH_SC2,FIRE_EXP,DR_PRES,L_STATE,DR_ZIP,L_STATUS,L_TYPE,CDL_STAT,L_ENDORS,L_COMPL,L_RESTRI,DR_HGT,DR_WGT,PREV_ACC,PREV_SUS,PREV_DWI,PREV_SPD,PREV_OTH,FIRST_MO,FIRST_YR,LAST_MO,LAST_YR,SPEEDREL,DR_SF1,DR_SF2,DR_SF3,DR_SF4,VTRAFWAY,VNUM_LAN,VSPD_LIM,VALIGN,VPROFILE,VPAVETYP,VSURCOND,VTRAFCON,VTCONT_F,P_CRASH1,P_CRASH2,P_CRASH3,PCRASH4,PCRASH5,ACC_TYPE,DEATHS,DR_DRINK
23,230099,2,2,1,6,10,15,48,12,6,1,0,36,3,12,402,12402,14,2010,1FMCU9D74AKC,1,F,M,C,U,9,D,7,4,A,K,C,0,P,FORD,SPE,UT,10,17,3504,,0,1031,,G,,0,0,000000000,00000000000,0,0,0,1,0,0,0,0,0,0,0,998,0,0,0,12,12,6,2,12,0,0,0,1,12,33418,6,1,0,0,3,0,72,999,0,0,0,0,0,0,0,0,0,0,0,0,0,0,4,4,65,1,1,2,2,0,0,1,62,99,1,3,65,0,0
23,230100,1,1,1,12,10,18,1,8,0,1,0,23,1,23,481,23481,31,2005,1GTEK14X25Z1,1,G,T,E,K,1,4,X,2,5,Z,1,0,T,GMC,NK1,PK,5,17,,2,1330,1190,SIE,G,,0,0,000000000,00000000000,0,0,0,1,0,0,0,0,0,0,0,998,0,0,0,12,12,2,1,8,0,0,0,1,23,4401,6,1,0,0,3,0,73,175,0,0,0,0,0,0,0,0,0,0,38,0,0,0,1,2,35,1,1,2,1,20,3,10,82,1,1,3,13,0,0
23,230101,1,1,1,30,8,11,4,24,0,1,0,23,3,98,804,98804,63,2005,5KJJAECK15PN,5,K,J,J,A,E,C,K,1,5,P,N,1,T,WSTR,49F,DS,5,17,,8,0,0,CNV,D,,1,57,687044304,57687044304,3,4,1,1,0,0,0,0,0,0,0,998,0,1,6,9,9,6,2,1,0,0,0,1,23,4459,6,1,6,3,3,0,76,240,0,0,0,0,0,0,0,0,0,1,0,0,0,0,3,2,65,1,1,2,1,0,0,6,12,1,1,4,6,1,0
23,230102,1,2,1,19,10,19,48,12,6,1,0,23,1,37,402,37402,14,2002,SHSRD78862U0,S,H,S,R,D,7,8,8,6,2,U,0,0,P,HOND,CRV,UT,2,17,3347,,0,1031,,G,,0,0,000000000,00000000000,0,0,0,1,0,0,0,0,0,0,0,998,0,0,0,12,12,6,2,12,0,0,0,1,23,4009,6,1,0,0,3,3,62,185,0,0,0,0,0,0,0,0,0,0,38,0,0,0,1,2,45,1,1,2,1,20,3,1,17,1,1,2,86,0,0
23,230102,2,2,4,19,10,19,48,12,6,1,0,23,2,7,43,7043,4,2004,1B3EL46X54N1,1,B,3,E,L,4,6,X,5,4,N,1,0,P,DODG,SRX,4D,4,17,3094,,0,1080,,G,,0,0,000000000,00000000000,0,0,0,1,0,0,0,0,0,0,0,998,0,0,0,3,3,6,2,12,0,0,0,1,23,4220,6,1,0,0,3,3,66,150,0,0,0,0,0,0,0,0,0,0,0,0,0,0,1,2,45,1,1,2,1,0,0,1,17,1,1,2,87,1,0
23,230103,1,1,1,15,10,21,45,42,0,1,0,23,2,37,31,37031,4,2010,2HGFA1F34AH5,2,H,G,F,A,1,F,3,4,A,H,5,0,P,HOND,CVP,4D,10,17,2709,,0,1063,,G,,0,0,000000000,00000000000,0,0,0,1,0,0,0,0,0,0,0,998,0,0,0,12,12,6,2,42,0,0,0,1,23,4605,6,1,0,0,3,0,73,235,0,0,0,0,0,0,0,0,0,1,0,0,0,0,1,2,45,2,2,2,2,0,0,14,13,4,1,4,1,1,0
23,230104,1,1,1,20,10,13,21,24,0,1,0,23,1,53,709,53709,80,2008,JS1CK44A3821,J,S,1,C,K,4,4,A,3,8,2,1,0,M,SUZI,SA4,MS,8,17,,,,,,,400,0,0,000000000,00000000000,0,0,0,1,0,0,0,0,0,0,0,998,0,0,0,12,9,6,2,24,0,0,0,1,23,4945,6,1,0,0,3,3,71,170,0,0,0,0,0,0,0,0,0,0,0,0,0,0,1,2,45,3,2,2,1,40,3,14,13,1,1,4,1,1,0
23,230105,1,2,2,20,10,17,20,12,8,1,0,23,1,12,37,12037,6,2005,1FAFP36N25W1,1,F,A,F,P,3,6,N,2,5,W,1,0,P,FORD,ZXW,SW,5,17,2768,,0,1030,,G,,0,0,000000000,00000000000,0,0,0,1,0,0,0,0,0,0,0,998,0,0,0,3,3,6,2,12,0,0,0,1,23,4330,6,1,0,0,3,3,68,152,0,0,0,0,0,0,0,0,0,0,48,38,0,0,1,2,55,1,1,2,1,0,0,1,10,1,1,3,98,2,0
23,230105,2,2,1,20,10,17,20,12,8,1,0,23,2,32,43,32043,4,2007,WAUDF78E37A1,W,A,U,D,F,7,8,E,3,7,A,1,0,P,AUDI,NAQ,4D,7,17,3527,,0,1043,,G,,0,0,000000000,00000000000,0,0,0,1,0,0,0,0,0,0,0,998,0,0,0,1,12,6,2,12,0,0,0,1,23,4950,6,1,0,0,3,0,66,160,0,0,0,0,0,0,0,0,0,0,0,0,0,0,1,2,55,1,1,2,1,0,0,1,62,1,1,3,98,0,0
23,230106,1,2,2,20,10,7,48,12,6,1,0,23,1,7,472,7472,31,1998,1B7GL22X6WS5,1,B,7,G,L,2,2,X,6,W,S,5,0,T,DODG,DAK,PC,98,17,,1,0,1309,DAK,G,,0,0,000000000,00000000000,0,0,0,1,0,0,0,0,0,0,0,998,0,0,0,9,9,6,2,12,0,0,0,1,23,4939,6,1,0,0,3,0,73,185,0,0,0,0,0,0,0,0,0,0,38,0,0,0,1,2,98,4,1,2,1,20,3,11,17,99,1,2,82,1,0
23,230106,2,2,1,20,10,7,48,12,6,1,0,23,3,12,881,12881,63,1998,1FDZS96Y8WVA,1,F,D,Z,S,9,6,Y,8,W,V,A,0,T,FORD,L9T,TM,98,17,,8,2440,1480,COH,D,,0,15,701636740,15701636740,3,2,4,1,0,0,0,0,0,0,0,998,0,0,0,12,12,6,2,12,0,0,0,1,23,4971,6,1,6,3,3,0,70,160,1,0,0,0,0,5,2008,5,2008,0,0,0,0,0,1,2,98,4,1,2,1,0,0,14,17,99,1,1,83,0,0
23,230107,1,1,4,21,10,20,22,42,0,1,0,23,2,20,421,20421,15,2003,1GNDT13SX321,1,G,N,D,T,1,3,S,X,3,2,1,0,P,CHEV,TRL,UT,3,17,4600,,0,1130,,G,,0,0,000000000,00000000000,0,0,0,1,0,0,0,0,0,0,0,998,0,0,0,3,3,6,2,42,0,0,0,1,23,4281,6,1,0,0,3,0,65,122,0,1,0,1,1,2,2010,10,2010,1,0,0,0,0,1,2,45,2,2,2,2,0,0,14,12,4,1,4,6,1,0
23,230108,1,1,1,13,10,7,50,8,0,1,0,23,1,37,32,37032,4,2003,1HGCM66563A0,1,H,G,C,M,6,6,5,6,3,A,0,0,P,HOND,UEX,4D,3,17,3109,,0,1079,,G,,0,0,000000000,00000000000,0,0,0,1,0,0,0,0,0,0,0,998,0,0,0,11,11,4,1,8,0,0,0,1,23,4087,6,1,0,0,3,0,69,140,1,0,0,4,0,3,2008,9,2010,0,86,0,0,0,1,2,25,3,2,2,1,20,3,16,80,99,1,1,13,0,0
23,230109,1,1,1,21,9,7,27,8,0,1,0,23,1,23,481,23481,31,2002,1GTEK14W72Z2,1,G,T,E,K,1,4,W,7,2,Z,2,0,T,GMC,NK1,PK,2,17,,2,1330,1190,SIE,G,,0,0,000000000,00000000000,0,0,0,1,0,0,0,0,0,0,0,998,0,0,0,12,12,6,2,8,0,0,0,1,23,4955,6,1,6,0,3,3,68,258,0,0,0,0,0,0,0,0,0,0,0,0,0,0,1,2,45,1,1,2,1,0,0,1,13,4,1,1,13,0,0
23,230110,1,1,2,24,10,0,10,42,0,1,0,25,1,12,471,12471,30,1999,1FTYR14V2XTA,1,F,T,Y,R,1,4,V,2,X,T,A,0,T,FORD,RNS,PS,99,17,,1,0,1257,RNG,F,,0,0,000000000,00000000000,0,0,0,1,0,0,0,0,0,0,0,998,0,1,6,3,12,6,2,1,0,0,0,1,25,2026,6,1,0,0,3,0,68,999,0,0,0,0,0,0,0,0,0,0,0,0,0,0,1,2,45,3,1,2,1,40,3,14,13,99,1,4,1,1,1
23,230111,1,1,1,6,11,21,41,35,0,1,0,23,1,7,472,7472,30,1999,1B7GG22X7XS3,1,B,7,G,G,2,2,X,7,X,S,3,0,T,DODG,DAK,PC,99,17,,1,0,1309,DAK,G,,0,0,000000000,00000000000,0,0,0,1,0,0,0,0,0,0,0,998,0,0,0,12,10,6,2,30,0,0,0,1,23,4694,6,1,6,0,3,0,65,160,1,2,0,1,1,2,2008,3,2009,0,0,0,0,0,1,2,55,1,1,2,2,0,0,1,12,1,1,4,6,1,1
23,230112,1,1,2,9,11,10,34,8,0,1,0,23,2,12,471,12471,30,1993,1FTDR15X8PPB,1,F,T,D,R,1,5,X,8,P,P,B,0,T,FORD,RNS,PS,93,17,,1,0,1250,RNG,G,,0,0,000000000,00000000000,0,0,0,1,0,0,0,0,0,0,0,998,0,0,0,12,12,2,1,8,0,0,0,1,23,4330,6,1,0,0,3,0,65,145,0,0,0,1,5,5,2008,9,2009,0,38,0,0,0,1,2,25,1,1,2,2,3,3,1,83,99,1,3,13,0,0
23,230113,1,1,2,22,10,21,48,42,0,1,0,23,2,30,40,30040,4,1995,3VWRB81H4SM0,3,V,W,R,B,8,1,H,4,S,M,0,0,P,VOLK,JG3,4D,95,17,2627,,0,974,,G,,0,0,000000000,00000000000,0,0,0,1,0,0,0,0,0,0,0,998,0,2,6,7,7,6,2,42,0,0,0,1,23,4282,6,1,0,0,3,0,72,178,0,0,0,0,0,0,0,0,0,1,52,0,0,0,1,2,98,3,1,2,1,0,0,14,13,4,1,4,1,1,0
23,230114,1,1,4,16,9,15,37,42,0,1,0,23,2,37,32,37032,4,2005,1HGCM66595A0,1,H,G,C,M,6,6,5,9,5,A,0,0,P,HOND,UEX,4D,5,17,3384,,0,1079,,G,,0,0,000000000,00000000000,0,0,0,1,0,0,0,0,0,0,0,998,0,0,0,12,9,6,2,42,0,0,0,1,23,4617,6,1,0,0,3,3,73,185,0,0,0,0,0,0,0,0,0,0,0,0,0,0,1,2,25,2,2,2,1,0,0,14,12,99,1,4,6,2,0
23,230115,1,1,3,8,11,22,44,42,0,1,0,23,2,12,481,12481,31,1989,1FTDF15N5KNA,1,F,T,D,F,1,5,N,5,K,N,A,0,T,FORD,F15,PK,89,17,,1,1330,1170,COF,G,,0,0,000000000,00000000000,0,0,0,1,0,0,0,0,0,0,0,998,0,2,6,12,12,6,2,42,0,0,0,1,23,4847,6,1,0,0,3,3,68,120,0,2,1,0,1,7,2008,7,2008,1,0,0,0,0,1,2,45,1,1,2,1,0,0,1,13,99,1,4,1,3,1
23,230116,1,1,5,15,11,18,20,42,0,1,0,23,1,49,40,49040,4,1995,JT2SK12E4S03,J,T,2,S,K,1,2,E,4,S,0,3,0,P,TOYT,CLE,4D,95,17,3086,,0,1031,,G,,0,0,000000000,00000000000,0,0,0,1,0,0,0,0,0,0,0,998,0,0,0,12,12,6,2,42,0,0,0,1,23,4240,6,2,0,0,3,0,64,160,2,2,0,0,4,12,2009,9,2010,0,52,0,0,0,2,2,65,1,1,2,2,0,0,1,13,99,1,4,1,1,0
23,230117,1,1,2,16,11,15,42,42,0,1,0,23,2,22,18,22018,2,2005,1G2NW12E25M1,1,G,2,N,W,1,2,E,2,5,M,1,0,P,PONT,GAG,CP,5,17,3091,,0,1070,,G,,0,0,000000000,00000000000,0,0,0,1,0,0,0,0,0,0,0,998,0,0,0,12,12,6,2,42,0,0,0,1,23,4401,6,1,0,0,3,0,71,150,0,0,0,4,0,2,2010,9,2010,1,0,0,0,0,1,2,45,4,1,2,2,0,0,14,13,99,1,4,1,2,1
23,230118,1,1,2,13,11,19,15,42,0,1,0,23,1,48,34,48034,6,2000,4S3BH6755Y66,4,S,3,B,H,6,7,5,5,Y,6,6,0,P,SUBA,UWP,SW,0,17,3420,,0,1043,,G,,0,0,000000000,00000000000,0,0,0,1,0,0,0,0,0,0,0,998,0,0,0,9,9,6,2,42,0,0,0,1,23,4473,6,1,0,0,3,0,69,230,0,2,0,2,2,12,2007,7,2010,1,0,0,0,0,1,2,45,3,1,2,1,0,0,14,12,99,1,4,6,1,0
23,230119,1,2,1,30,10,14,9,12,1,1,0,23,2,37,739,37739,90,2000,478TE242XYA0,4,7,8,T,E,2,4,2,X,Y,A,0,5,M,HOND,,AT,0,17,,,,,,,,0,0,000000000,00000000000,0,0,0,1,0,0,0,0,0,0,0,998,0,2,1,6,10,6,2,1,0,0,0,1,23,4756,2,1,0,0,1,0,71,135,1,6,0,0,5,7,2009,5,2010,1,0,0,0,0,1,2,45,1,1,2,1,0,0,1,6,99,1,2,98,0,1
23,230119,2,2,1,30,10,14,9,12,1,1,0,23,2,76,739,76739,90,2002,JY4AM01Y92C0,J,Y,4,A,M,0,1,Y,9,2,C,0,0,M,YAMA,Y6N,AT,2,17,,,,,,,660,0,0,000000000,00000000000,0,0,0,1,0,0,0,0,0,0,0,998,0,1,1,12,9,6,2,1,0,0,0,1,23,4745,3,1,0,0,1,0,65,175,0,2,0,0,2,3,2009,5,2009,1,0,0,0,0,1,2,45,1,1,2,1,0,0,1,6,99,1,2,98,1,0
23,230120,1,2,1,16,11,6,53,12,7,1,0,23,1,77,709,77709,80,2008,5VPCB26DX830,5,V,P,C,B,2,6,D,X,8,3,0,0,M,VCTY,CBD,RS,8,17,,,,,,,1634,0,0,000000000,00000000000,0,0,0,1,0,0,0,0,0,0,0,998,0,0,0,11,11,6,2,12,0,0,0,1,23,4270,6,1,0,0,3,3,65,160,0,2,1,0,0,5,2010,6,2010,0,0,0,0,0,2,2,25,2,2,2,2,0,0,14,13,99,1,2,45,1,0
23,230120,2,2,3,16,11,6,53,12,7,1,0,23,3,84,884,84884,63,1996,1HTSCAAN3TH3,1,H,T,S,C,A,A,N,3,T,H,3,0,T,INTL,470,CC,96,17,,7,2540,1280,40S,D,,0,57,00009153,5700009153,3,2,1,1,0,0,0,0,0,0,0,998,0,0,0,3,3,0,1,12,0,0,0,1,23,4530,6,1,6,3,3,0,68,160,0,0,0,2,2,8,2008,7,2009,0,0,0,0,0,2,2,25,2,2,2,2,0,0,14,60,99,1,3,44,0,0
23,230121,1,1,1,26,10,14,51,42,0,1,0,23,1,23,421,23421,15,1999,1GKEK13RXXR9,1,G,K,E,K,1,3,R,X,X,R,9,0,T,GMC,DEN,4W,99,17,,2,0,1175,DEN,G,,0,0,000000000,00000000000,0,0,0,1,0,0,0,0,0,0,0,998,0,0,0,12,12,6,2,42,0,0,0,1,23,4572,6,1,0,0,3,0,70,200,1,1,0,0,0,5,2008,12,2009,1,0,0,0,0,1,5,55,3,3,2,99,0,0,14,13,99,1,4,1,1,1
23,230122,1,2,2,6,9,10,5,12,6,1,0,23,1,20,473,20473,30,2007,1GCDT13E2781,1,G,C,D,T,1,3,E,2,7,8,1,0,T,CHEV,RDO,CW,7,17,,1,0,1260,CAL,G,,0,0,000000000,00000000000,0,0,0,1,0,0,0,0,0,0,0,998,0,0,0,9,9,6,2,12,0,0,0,1,23,4280,6,1,0,0,3,3,69,155,0,0,0,0,0,0,0,0,0,0,38,0,0,0,1,2,35,1,2,2,1,20,3,1,17,99,1,3,89,1,0
23,230122,2,2,3,6,9,10,5,12,6,1,0,23,1,20,481,20481,31,1996,2GCEK19W1T11,2,G,C,E,K,1,9,W,1,T,1,1,0,T,CHEV,GK1,PC,96,17,,2,1555,1415,GM4,G,,0,0,000000000,00000000000,0,0,0,1,0,0,0,0,0,0,0,998,0,0,0,12,12,6,2,12,0,0,0,1,23,4294,6,1,0,0,3,0,71,215,0,1,0,1,1,6,2008,12,2009,1,0,0,0,0,1,2,35,1,2,2,1,0,0,1,65,99,1,3,88,0,0
23,230123,1,1,1,21,11,2,35,42,0,1,0,23,1,37,31,37031,2,2005,SHHEP33575U5,S,H,H,E,P,3,3,5,7,5,U,5,0,P,HOND,CVS,2H,5,17,2782,,0,1012,,G,,0,0,000000000,00000000000,0,0,0,1,0,0,0,0,0,0,0,998,0,0,0,3,3,6,2,42,0,0,0,1,23,4092,6,1,0,0,3,0,66,130,2,2,0,0,4,2,2009,8,2010,1,0,0,0,0,1,2,35,3,1,2,1,0,0,14,12,4,1,4,6,1,1
23,230124,1,1,1,29,11,14,30,42,0,1,0,23,1,12,481,12481,31,1988,2FTEF26H1JCB,2,F,T,E,F,2,6,H,1,J,C,B,0,T,FORD,F25,PK,88,17,,2,0,1330,COF,G,,0,0,000000000,00000000000,0,0,0,1,0,0,0,0,0,0,0,998,0,0,0,12,12,6,2,42,0,0,1,1,23,4110,6,1,0,0,3,3,71,225,0,0,0,0,0,0,0,0,0,0,0,0,0,0,3,2,65,3,2,2,1,0,0,14,13,99,1,4,1,1,0
23,230125,1,1,1,8,12,6,50,8,0,1,0,23,3,84,882,84882,63,2007,1HTWCAAN27J4,1,H,T,W,C,A,A,N,2,7,J,4,0,T,INTL,740,CC,7,17,,7,0,0,70S,D,,0,57,832542,57832542,3,2,7,1,0,0,0,0,0,0,0,998,0,0,0,6,6,0,1,8,0,0,0,1,23,4330,6,1,6,3,3,0,67,185,1,0,0,0,0,7,2010,7,2010,0,0,0,0,0,1,2,25,1,1,2,1,0,0,13,80,99,1,1,92,0,0
23,230126,1,2,1,18,10,9,25,12,6,1,0,95,1,37,709,37709,80,2007,JH2MC13077K3,J,H,2,M,C,1,3,0,7,7,K,3,0,M,HOND,CMX,RS,7,17,,,,,,,234,0,0,000000000,00000000000,0,0,0,1,0,0,0,0,0,0,0,998,0,0,0,12,12,6,2,12,0,0,0,1,97,0,6,1,99,9,9,9,999,999,99,99,99,99,99,99,9999,99,9999,0,38,0,0,0,1,2,30,1,3,2,1,20,3,1,17,99,1,3,86,1,0
23,230126,2,2,1,18,10,9,25,12,6,1,0,23,3,20,481,20481,31,2002,1GCEK14W8222,1,G,C,E,K,1,4,W,8,2,2,2,0,T,CHEV,SK1,PK,2,17,,2,1330,1190,SIL,G,,0,0,000000000,00000000000,0,0,0,1,0,0,0,0,0,0,0,998,0,0,0,1,1,6,2,12,0,0,0,1,23,4537,6,1,0,0,3,3,72,200,0,0,0,0,0,0,0,0,0,0,0,0,0,0,1,2,30,1,1,2,1,0,0,1,17,99,1,3,87,0,0
23,230127,1,1,2,5,12,17,33,24,0,1,0,23,1,20,481,20481,31,2005,1GCEK14V25Z1,1,G,C,E,K,1,4,V,2,5,Z,1,0,T,CHEV,SK1,PK,5,17,,2,1330,1190,SIL,G,,0,0,000000000,00000000000,0,0,0,1,0,0,0,0,0,0,0,998,0,1,6,12,61,6,2,24,0,0,0,1,23,4926,6,1,0,0,3,0,71,225,0,0,0,0,0,0,0,0,0,1,0,0,0,0,1,2,55,1,2,2,4,0,0,6,13,1,1,4,1,1,1
23,230128,1,1,1,17,12,22,10,34,0,1,0,23,2,2,404,2404,14,2001,1J4GW48S51C6,1,J,4,G,W,4,8,S,5,1,C,6,0,T,JEEP,LRO,4W,1,17,,1,0,1059,GCK,G,,0,0,000000000,00000000000,0,0,0,1,0,0,0,0,0,0,0,998,0,1,6,61,81,6,2,1,0,0,0,1,23,4037,6,1,0,0,3,0,67,135,0,0,0,0,3,10,2009,6,2010,1,0,0,0,0,1,2,55,3,1,2,1,0,0,14,13,99,1,4,1,1,1
23,230129,1,2,2,29,10,8,15,12,2,1,0,23,1,49,43,49043,4,1997,4T1BF12B6VU1,4,T,1,B,F,1,2,B,6,V,U,1,0,P,TOYT,UVS,4D,97,17,3263,,0,1071,,G,,0,0,000000000,00000000000,0,0,0,1,0,0,0,0,0,0,0,998,0,0,0,12,11,6,2,12,0,0,1,1,23,4346,6,1,0,0,3,3,66,135,2,0,0,0,0,2,2008,9,2010,0,0,0,0,0,1,2,40,2,2,2,1,0,0,14,10,99,1,3,50,1,0
23,230129,2,2,1,29,10,8,15,12,2,1,0,23,3,84,890,84890,63,2010,1HTWDAAR6AJ2,1,H,T,W,D,A,A,R,6,A,J,2,0,T,INTL,740,CC,10,17,,8,0,0,70S,D,,0,88,888888888,88888888888,3,1,4,1,0,0,0,0,0,0,0,998,0,0,0,12,1,6,2,12,0,0,0,1,23,4353,6,1,6,3,3,0,70,250,0,0,0,0,0,0,0,0,0,0,0,0,0,0,1,2,40,3,2,2,1,0,0,4,62,4,1,1,51,0,0
23,230130,1,1,1,20,10,12,58,31,0,1,0,23,1,35,47,35047,4,2008,1N4AL21E48N5,1,N,4,A,L,2,1,E,4,8,N,5,0,P,NISS,ATS,4D,8,17,3028,,0,1093,,G,,0,0,000000000,00000000000,0,0,0,1,0,0,0,0,0,0,0,998,0,0,0,12,12,6,2,31,0,0,0,1,23,4280,6,1,0,0,3,3,71,185,2,0,0,0,0,9,2009,4,2010,0,0,0,0,0,1,2,45,1,1,2,1,0,0,1,12,99,1,4,6,1,0
23,230131,1,1,1,20,12,15,5,42,0,1,0,23,2,12,442,12442,20,1999,2FMZA5148XBB,2,F,M,Z,A,5,1,4,8,X,B,B,0,T,FORD,WLX,ES,99,17,,1,0,1207,WIN,G,,0,0,000000000,00000000000,0,0,0,1,0,0,0,0,0,0,0,998,0,0,0,12,12,6,2,42,0,0,0,1,23,4766,1,1,0,0,2,3,68,160,1,1,0,1,0,11,2008,10,2009,0,0,0,0,0,1,2,45,3,1,2,3,40,3,14,13,99,1,4,1,1,1
23,230132,1,1,2,22,11,18,0,43,0,1,0,23,1,20,404,20404,14,2011,2CNFLGE51B62,2,C,N,F,L,G,E,5,1,B,6,2,0,P,CHEV,EQU,UT,11,17,4198,,0,1125,,G,,0,0,000000000,00000000000,0,0,0,1,0,0,0,0,0,0,0,998,0,0,0,12,12,6,2,43,0,0,0,1,23,4674,6,1,0,0,3,0,66,125,0,0,0,0,0,0,0,0,0,0,0,0,0,0,1,2,0,1,2,2,2,0,0,1,19,99,9,4,1,2,0
23,230133,1,2,1,9,11,17,10,12,2,1,0,23,2,35,47,35047,4,2005,1N4AL11D65C2,1,N,4,A,L,1,1,D,6,5,C,2,0,P,NISS,ASL,4D,5,17,2915,,0,1102,,G,,0,0,000000000,00000000000,0,0,0,1,0,0,0,0,0,0,0,998,0,0,0,12,12,6,2,12,0,0,0,1,23,4002,6,2,0,0,3,0,70,140,0,0,0,0,0,0,0,0,0,1,52,58,0,0,1,2,35,4,2,2,2,0,0,14,13,7,1,3,50,1,0
23,230133,2,2,1,9,11,17,10,12,2,1,0,23,1,20,481,20481,31,2009,1GCEK29J79Z2,1,G,C,E,K,2,9,J,7,9,Z,2,0,T,CHEV,2SK,4C,9,17,,2,1575,1339,SIL,G,,0,0,000000000,00000000000,0,0,0,1,0,0,0,0,0,0,0,998,0,0,0,12,12,6,2,12,0,0,0,1,23,4073,6,1,0,0,3,3,70,185,0,2,0,0,0,12,2007,7,2008,0,0,0,0,0,1,2,35,4,2,2,2,0,0,14,62,1,1,3,51,0,0
23,230134,1,3,1,30,11,9,59,12,1,1,0,23,2,7,482,7482,31,2003,1D7HU16D83J6,1,D,7,H,U,1,6,D,8,3,J,6,0,T,DODG,S15,PK,3,17,,2,1405,1205,RPC,G,,0,0,000000000,00000000000,0,0,0,1,0,0,0,0,0,0,0,998,0,0,0,12,12,6,2,12,0,0,0,1,23,4084,6,1,0,0,3,3,74,190,0,3,1,1,1,5,2008,12,2008,0,39,0,0,0,1,2,40,1,1,2,1,4,3,1,50,99,1,3,20,0,0
23,230134,2,3,2,30,11,9,59,12,1,1,0,23,2,21,21,21021,4,2000,1G3NK52T8YC3,1,G,3,N,K,5,2,T,8,Y,C,3,0,P,OLDS,AGX,4D,0,17,3022,,0,1070,,G,,0,0,000000000,00000000000,0,0,0,1,0,0,0,0,0,0,0,0,0,0,0,6,6,6,2,12,0,0,0,1,23,4093,6,1,0,0,3,0,65,160,0,0,0,0,1,3,2008,3,2008,0,0,0,0,0,1,2,40,1,1,2,1,4,3,5,8,1,1,3,21,1,0
23,230134,3,3,1,30,11,9,59,12,1,1,0,23,3,84,884,84884,63,1987,2HTTGJ3T7HC0,2,H,T,T,G,J,3,T,7,H,C,0,0,T,INTL,F57,TM,87,17,,8,2120,1640,PYS,D,,0,57,961392,57961392,3,2,4,1,0,0,0,0,0,0,0,998,0,0,0,3,3,2,1,12,0,0,0,1,23,4932,6,1,6,3,3,0,72,205,0,0,0,0,0,0,0,0,0,0,0,0,0,0,1,2,40,1,1,2,1,0,0,1,17,1,1,9,98,0,0
23,230135,1,1,1,11,10,17,12,1,0,1,0,92,0,37,739,37739,90,2002,478TE25022A2,4,7,8,T,E,2,5,0,2,2,A,2,0,M,HOND,TFM,AT,2,17,,,,,,,329,0,0,000000000,00000000000,0,0,0,1,0,0,0,0,0,0,0,998,0,2,1,0,3,6,2,1,0,0,0,1,23,4021,6,1,0,0,3,0,69,140,0,1,0,1,0,2,2009,2,2010,1,0,0,0,0,1,2,99,1,6,2,1,0,0,1,13,4,1,3,98,1,0
23,230136,1,2,1,28,12,18,4,12,2,1,0,23,1,20,481,20481,31,2005,1GCDT1364581,1,G,C,D,T,1,3,6,4,5,8,1,0,T,CHEV,RDO,CW,5,17,,1,0,1260,CAL,G,,0,0,000000000,00000000000,0,0,0,1,0,0,0,0,0,0,0,998,0,0,0,12,12,6,2,12,0,0,0,1,23,4750,6,1,0,0,3,0,64,180,0,0,0,0,0,0,0,0,0,1,0,0,0,0,1,2,55,1,1,2,3,0,0,1,10,1,1,3,50,0,0
23,230136,2,2,4,28,12,18,4,12,2,1,0,23,3,6,441,6441,20,2006,1A4GP45R46B5,1,A,4,G,P,4,5,R,4,6,B,5,0,P,CHRY,TWC,SV,6,17,3831,,0,1133,,G,,0,0,000000000,00000000000,0,0,0,1,0,0,0,0,0,0,0,998,0,0,0,12,12,6,2,12,0,0,0,1,23,4736,6,1,0,0,3,0,75,220,0,0,0,1,1,9,2008,4,2010,0,0,0,0,0,1,2,55,1,1,2,3,0,0,1,62,99,1,1,51,1,0
23,230137,1,1,1,1,11,4,58,30,0,1,0,23,1,37,31,37031,4,2010,2HGFA1F55AH5,2,H,G,F,A,1,F,5,5,A,H,5,0,P,HOND,UCL,4D,10,17,2754,,0,1063,,G,,0,0,000000000,00000000000,0,0,0,1,0,0,0,0,0,0,0,998,0,0,0,3,3,6,2,30,0,0,0,1,23,4046,6,1,0,0,3,3,64,170,0,0,0,0,0,0,0,0,0,0,0,0,0,0,1,2,50,1,1,2,1,0,0,1,87,99,1,4,1,1,0