STATE,ST_CASE,VEH_NO,VE_FORMS,NUMOCCS,DAY,MONTH,HOUR,MINUTE,HARM_EV,MAN_COLL,UNITTYPE,HIT_RUN,REG_STAT,OWNER,MAKE,MODEL,MAK_MOD,BODY_TYP,MOD_YEAR,VIN,VIN_1,VIN_2,VIN_3,VIN_4,VIN_5,VIN_6,VIN_7,VIN_8,VIN_9,VIN_10,VIN_11,VIN_12,TOW_VEH,VINTYPE,VINMAKE,VINA_MOD,VIN_BT,VINMODYR,VIN_LNGT,VIN_WGT,WGTCD_TR,WHLBS_LG,WHLBS_SH,SER_TR,FUELCODE,MCYCL_DS,J_KNIFE,MCARR_I1,MCARR_I2,MCARR_ID,GVWR,V_CONFIG,CARGO_BT,HAZ_INV,HAZ_PLAC,HAZ_ID,HAZ_CNO,HAZ_REL,BUS_USE,SPEC_USE,EMER_USE,TRAV_SP,UNDERIDE,ROLLOVER,ROLINLOC,IMPACT1,IMPACT2,DEFORMED,TOWED,M_HARM,VEH_SC1,VEH_SC2,FIRE_EXP,DR_PRES,L_STATE,DR_ZIP,L_STATUS,L_TYPE,CDL_STAT,L_ENDORS,L_COMPL,L_RESTRI,DR_HGT,DR_WGT,PREV_ACC,PREV_SUS,PREV_DWI,PREV_SPD,PREV_OTH,FIRST_MO,FIRST_YR,LAST_MO,LAST_YR,SPEEDREL,DR_SF1,DR_SF2,DR_SF3,DR_SF4,VTRAFWAY,VNUM_LAN,VSPD_LIM,VALIGN,VPROFILE,VPAVETYP,VSURCOND,VTRAFCON,VTCONT_F,P_CRASH1,P_CRASH2,P_CRASH3,PCRASH4,PCRASH5,ACC_TYPE,DEATHS,DR_DRINK
24,240033,2,2,2,21,1,13,32,12,6,1,0,24,2,35,43,35043,4,2003,3N1CB51D33L8,3,N,1,C,B,5,1,D,3,3,L,8,0,P,NISS,XGX,4D,3,17,2411,,0,998,,G,,0,0,000000000,00000000000,0,0,0,1,0,0,0,0,0,0,0,998,0,0,0,9,9,6,2,12,0,0,0,1,24,21218,6,1,0,0,3,0,70,145,0,0,0,0,0,0,0,0,0,0,0,0,0,0,3,2,35,1,2,2,1,0,0,12,15,1,1,2,98,1,1
24,240034,1,1,4,5,2,15,9,14,0,1,0,24,2,20,443,20443,20,2002,1GNDX03E62D2,1,G,N,D,X,0,3,E,6,2,D,2,0,T,CHEV,VTR,ES,2,17,,1,0,1200,VTR,G,,0,0,000000000,00000000000,0,0,0,1,0,0,0,0,0,0,0,998,0,0,0,12,12,6,2,14,0,0,0,1,24,21034,6,1,0,0,3,0,62,123,0,0,0,1,0,10,2007,10,2007,0,28,0,0,0,1,2,40,1,1,2,1,0,0,1,11,1,1,4,98,1,0
24,240035,1,3,1,6,4,0,33,12,2,1,0,24,1,2,403,2403,14,2004,1J4FA49S14P7,1,J,4,F,A,4,9,S,1,4,P,7,0,T,JEEP,SPW,2W,4,17,,1,0,934,W/T,G,,0,0,000000000,00000000000,0,0,0,1,0,0,0,0,0,0,0,998,0,1,1,12,12,6,2,12,0,0,0,1,24,21144,6,1,0,0,3,0,65,115,0,0,0,0,0,0,0,0,0,0,28,0,0,0,3,8,45,4,1,2,1,0,0,14,10,1,1,2,50,1,0
24,240035,2,3,1,6,4,0,33,12,2,1,0,24,1,38,401,38401,14,1998,JACDJ58X2W79,J,A,C,D,J,5,8,X,2,W,7,9,0,P,ISU,TRO,UT,98,17,4390,,0,1087,,G,,0,0,000000000,00000000000,0,0,0,1,0,0,0,0,0,0,0,998,0,0,0,12,12,6,2,12,0,0,0,1,24,21225,6,1,0,0,3,0,65,140,0,0,0,0,0,0,0,0,0,0,0,0,0,0,3,8,45,4,1,2,1,0,0,14,62,1,1,1,51,0,0
24,240035,3,3,1,6,4,0,33,12,2,1,0,24,3,92,981,92981,52,2004,15GGD2111410,1,5,G,G,D,2,1,1,1,4,1,0,0,U,,,,4,17,,,,,,,,0,57,100221,57100221,3,21,22,1,0,0,0,0,98,0,0,998,0,0,0,12,12,6,2,12,0,0,0,1,24,21117,6,1,6,0,3,0,59,115,0,0,0,0,0,0,0,0,0,0,0,0,0,0,3,8,45,4,1,2,2,0,0,14,62,1,1,1,98,0,0
24,240036,1,1,1,6,3,5,37,8,0,1,0,24,2,37,32,37032,4,1997,1HGCD563XVA2,1,H,G,C,D,5,6,3,X,V,A,2,0,P,HOND,ULE,4D,97,17,2864,,0,1069,,G,,0,0,000000000,00000000000,0,0,0,1,0,0,0,0,0,0,0,998,0,0,0,12,12,4,3,8,0,0,0,1,24,20902,6,1,0,0,3,0,61,134,0,0,0,0,0,0,0,0,0,0,0,0,0,0,3,2,45,1,2,2,1,0,0,1,80,99,1,1,13,0,0
24,240037,1,1,1,14,3,7,20,42,0,1,0,40,1,20,9,20009,2,2000,2G1FP22G6Y21,2,G,1,F,P,2,2,G,6,Y,2,1,0,P,CHEV,Z28,CP,0,17,3439,,0,1011,,G,,0,0,000000000,00000000000,0,0,0,1,0,0,0,0,0,0,0,998,0,0,0,9,9,6,2,42,0,0,0,1,48,76544,6,1,0,0,3,0,72,225,0,0,0,1,0,7,2007,7,2007,1,87,0,0,0,2,2,55,4,1,2,2,0,0,6,6,99,9,4,7,1,0
24,240038,1,2,2,7,1,20,12,12,2,1,0,24,1,19,3,19003,4,2003,1G6KE57Y03U2,1,G,6,K,E,5,7,Y,0,3,U,2,0,P,CADI,DHS,4D,3,17,3978,,0,1153,,G,,0,0,000000000,00000000000,0,0,0,1,0,0,0,0,0,0,0,998,0,0,0,12,12,6,2,12,0,0,0,1,24,20724,6,1,0,0,3,0,71,180,0,0,0,0,1,12,2007,12,2007,0,38,0,0,0,3,2,40,1,1,2,1,3,3,11,15,1,1,9,68,1,0
24,240038,2,2,1,7,1,20,12,12,2,1,0,24,1,20,482,20482,31,2007,3GNFK12367G1,3,G,N,F,K,1,2,3,6,7,G,1,1,P,CHEV,AVL,UT,7,17,5664,,0,1300,,F,,1,0,000000000,00000000000,0,0,0,1,0,0,0,0,0,0,0,998,0,0,0,12,12,6,2,12,0,0,0,1,24,21075,6,1,6,0,3,0,70,180,0,0,0,1,0,3,2009,3,2009,0,0,0,0,0,3,2,40,1,1,2,1,3,3,1,62,7,1,2,69,0,0
24,240039,1,2,1,27,2,2,40,12,6,1,0,24,2,54,36,54036,4,2005,JH4KB16515C0,J,H,4,K,B,1,6,5,1,5,C,0,0,P,ACUR,ARL,4D,5,17,3984,,0,1146,,G,,0,0,000000000,00000000000,0,0,0,1,0,0,0,0,0,0,0,998,0,0,0,12,12,6,2,12,0,0,0,1,24,21237,1,1,0,0,2,2,68,132,0,3,0,0,4,7,2007,2,2010,0,39,74,0,0,1,2,25,1,1,2,2,20,3,1,17,1,1,1,88,0,1
24,240039,2,2,2,27,2,2,40,12,6,1,0,24,1,12,16,12016,4,2002,2FAFP71W72X1,2,F,A,F,P,7,1,W,7,2,X,1,0,P,FORD,CVP,4D,2,17,0,,0,1147,,G,,0,0,000000000,00000000000,0,0,0,1,0,0,0,0,0,0,0,998,0,0,0,11,11,6,2,12,0,0,0,1,24,21237,6,1,0,0,3,0,66,175,0,0,0,0,1,11,2008,11,2008,0,0,0,0,0,1,2,25,1,1,2,2,0,0,1,60,1,1,1,89,1,0
24,240040,1,2,1,14,3,13,27,12,1,1,0,54,1,7,482,7482,31,1998,3B7KF22ZXWG1,3,B,7,K,F,2,2,Z,X,W,G,1,1,T,DODG,250,PC,98,17,,2,1547,1387,RPC,G,,1,0,000000000,00000000000,0,0,0,1,0,0,0,0,0,0,0,998,0,0,0,12,12,6,2,12,0,0,0,1,51,20119,6,1,0,0,3,0,71,220,0,0,0,0,0,0,0,0,0,1,36,0,0,0,1,2,55,1,1,2,2,3,3,2,50,99,9,3,20,0,0
24,240040,2,2,6,14,3,13,27,12,1,1,0,37,2,7,442,7442,20,2007,2D8GP44L27R3,2,D,8,G,P,4,4,L,2,7,R,3,0,P,DODG,CAR,SV,7,17,4252,,0,1193,,G,,0,0,000000000,00000000000,0,0,0,1,0,0,0,0,0,0,0,0,0,0,0,6,6,6,2,12,0,0,0,1,37,27833,6,1,0,0,3,0,65,999,0,0,0,0,0,0,0,0,0,0,0,0,0,0,1,2,55,1,1,2,2,3,3,5,53,1,9,3,21,1,0
24,240042,1,1,2,4,2,18,3,42,0,1,0,24,1,20,16,20016,4,2002,1G1JC5245273,1,G,1,J,C,5,2,4,5,2,7,3,0,P,CHEV,CAC,4D,2,17,2676,,0,1041,,C,,0,0,000000000,00000000000,0,0,0,1,0,0,0,0,0,0,0,998,0,0,0,12,12,6,2,42,0,0,0,1,24,20744,6,1,0,0,3,0,70,205,0,0,0,0,0,0,0,0,0,0,0,0,0,0,1,2,35,1,1,2,1,0,0,1,13,99,1,4,1,1,0
24,240043,1,1,1,19,3,3,39,34,0,1,0,36,2,13,2,13002,2,1993,1LNLM91V9PY7,1,L,N,L,M,9,1,V,9,P,Y,7,0,P,LINC,MK8,CP,93,17,0,,0,1130,,G,,0,0,000000000,00000000000,0,0,0,1,0,0,0,0,0,0,0,998,0,0,0,12,12,6,2,42,0,0,0,1,24,20735,6,1,0,0,3,0,72,215,0,0,0,1,0,12,2007,12,2007,1,28,0,0,0,3,2,55,1,1,2,1,0,0,1,9,99,9,4,7,1,1
24,240044,1,1,1,18,2,5,52,8,0,1,1,99,9,99,999,99999,99,9999,999999999999,9,9,9,9,9,9,9,9,9,9,9,9,9,U,,,,9,17,,,,,,,,0,99,999999999,99999999999,9,99,99,1,0,0,0,0,99,99,9,999,0,0,0,12,99,4,1,8,99,99,0,1,99,99999,9,9,99,9,9,9,999,999,99,99,99,99,99,99,9999,99,9999,9,0,0,0,0,2,2,50,2,1,2,2,0,0,14,80,99,1,1,13,0,0
24,240045,1,1,1,17,2,6,53,39,0,1,0,24,1,12,16,12016,4,1997,2FALP71W4VX1,2,F,A,L,P,7,1,W,4,V,X,1,0,P,FORD,CVP,4D,97,17,0,,0,1144,,G,,0,0,000000000,00000000000,0,0,0,1,0,0,0,0,0,0,0,998,0,0,0,12,12,6,2,8,0,0,0,1,24,21234,6,1,0,0,3,0,71,200,0,0,0,0,0,0,0,0,0,0,87,0,0,0,3,2,30,1,3,2,4,0,0,1,5,99,9,4,2,0,0
24,240046,1,3,2,6,3,16,42,12,6,1,0,24,1,7,402,7402,14,1998,1B4HS28Y3WF1,1,B,4,H,S,2,8,Y,3,W,F,1,0,P,DODG,DUR,UT,98,17,4349,,0,1159,,G,,0,0,000000000,00000000000,0,0,0,1,0,0,0,0,0,0,0,998,0,0,0,12,12,6,2,12,0,0,0,1,24,20833,6,2,0,0,2,3,68,170,0,0,0,0,0,0,0,0,0,0,36,39,0,0,3,2,40,1,1,2,1,3,3,1,17,99,1,1,86,0,0
24,240046,2,3,3,6,3,16,42,12,6,1,0,24,3,12,471,12471,30,1996,1FTCR14U4TPA,1,F,T,C,R,1,4,U,4,T,P,A,0,T,FORD,RNS,PS,96,17,,1,0,1250,RNG,G,,0,0,000000000,00000000000,0,0,0,1,0,0,0,0,0,0,0,998,0,1,9,3,13,6,2,1,0,0,0,1,24,20877,6,1,0,0,3,0,63,126,0,0,0,1,0,7,2007,7,2007,9,99,99,99,99,3,2,40,1,1,2,1,3,3,1,66,99,1,1,87,1,0
24,240046,3,3,1,6,3,16,42,12,6,1,0,24,1,49,32,49032,4,2004,2T1BR32E74C2,2,T,1,B,R,3,2,E,7,4,C,2,0,P,TOYT,UCS,4D,4,17,2502,,0,1024,,G,,0,0,000000000,00000000000,0,0,0,1,0,0,0,0,0,0,0,998,0,0,0,12,12,6,2,12,0,0,0,1,24,20877,6,1,0,0,3,0,67,180,0,0,0,1,0,3,2009,3,2009,0,0,0,0,0,3,2,40,1,1,2,1,3,3,1,17,99,1,1,98,0,0
24,240047,1,1,1,19,3,22,44,8,0,1,0,24,1,12,481,12481,31,1992,1FTHF25YXNNB,1,F,T,H,F,2,5,Y,X,N,N,B,0,T,FORD,F25,PK,92,17,,2,0,1330,COF,G,,0,0,000000000,00000000000,0,0,0,1,0,0,0,0,0,0,0,998,0,0,0,12,12,4,3,8,0,0,0,1,24,21651,6,1,0,0,3,0,70,155,0,0,0,0,0,0,0,0,0,0,0,0,0,0,3,2,45,1,1,2,1,0,0,1,80,99,1,1,13,0,0
24,240048,1,3,1,27,3,17,44,12,7,1,0,51,2,71,709,71709,80,2009,ZDM1XBLW99B0,Z,D,M,1,X,B,L,W,9,9,B,0,0,U,,,,9,17,,,,,,,,0,0,000000000,00000000000,0,0,0,1,0,0,0,0,0,0,0,95,0,0,0,1,12,6,2,12,0,0,0,1,24,20601,1,1,0,0,2,2,66,175,0,0,0,0,1,6,2009,6,2009,1,74,0,0,0,3,2,45,1,1,2,1,0,0,1,10,99,9,2,44,1,0
24,240048,2,3,2,27,3,17,44,12,7,1,0,24,2,6,441,6441,20,2005,2C4GP54LX5R4,2,C,4,G,P,5,4,L,X,5,R,4,0,P,CHRY,TWC,SV,5,17,4256,,0,1193,,G,,0,0,000000000,00000000000,0,0,0,1,0,0,0,0,0,0,0,998,0,0,0,7,7,6,2,12,0,0,0,1,24,20601,6,1,0,0,3,0,61,140,0,0,0,1,0,4,2008,4,2008,0,0,0,0,0,3,2,45,1,1,2,1,0,0,1,10,99,1,1,45,0,0
24,240048,3,3,2,27,3,17,44,12,7,1,0,51,2,20,23,20023,6,2008,3GNDA13D88S6,3,G,N,D,A,1,3,D,8,8,S,6,0,P,CHEV,HHR,UT,8,17,3155,,0,1035,,G,,0,0,000000000,00000000000,0,0,0,1,0,0,0,0,0,0,0,998,0,0,0,12,12,6,2,12,0,0,0,1,51,22485,6,7,0,0,3,1,65,210,0,0,0,0,0,0,0,0,0,0,0,0,0,0,3,2,45,1,1,2,1,0,0,1,62,99,1,1,98,0,0
24,240049,1,1,1,29,3,19,10,34,0,1,0,24,1,35,50,35050,5,2009,3N1BC13E19L3,3,N,1,B,C,1,3,E,1,9,L,3,0,P,NISS,VSL,4H,9,17,2693,,0,1024,,G,,0,0,000000000,00000000000,0,0,0,1,0,0,0,0,0,0,0,998,0,1,6,12,13,6,2,1,0,0,0,1,24,21657,6,1,0,0,3,0,62,265,0,0,0,1,0,5,2007,5,2007,1,28,0,0,0,1,2,50,1,1,2,1,0,0,1,13,99,9,4,1,1,0
24,240050,1,2,1,31,3,16,40,12,6,1,0,24,2,12,16,12016,4,2000,2FAFP74W1YX2,2,F,A,F,P,7,4,W,1,Y,X,2,0,P,FORD,CVL,4D,0,17,3968,,0,1147,,G,,0,0,000000000,00000000000,0,0,0,1,0,0,0,0,0,0,0,998,0,0,0,9,9,6,2,12,0,0,0,1,24,21787,6,1,0,0,3,0,65,190,0,0,0,2,0,3,2009,3,2010,0,38,0,0,0,1,2,55,1,1,2,1,20,3,1,17,1,1,1,89,0,0
24,240050,2,2,1,31,3,16,40,12,6,1,0,24,1,72,706,72706,80,1994,1HD1BML1XRY0,1,H,D,1,B,M,L,1,X,R,Y,0,0,M,HD,FLF,RS,94,17,,,,,,,1340,0,0,000000000,00000000000,0,0,0,1,0,0,0,0,0,0,0,998,0,0,0,12,12,6,2,12,0,0,0,1,24,21157,6,1,6,0,3,0,71,180,0,0,0,0,0,0,0,0,0,0,0,0,0,0,1,2,55,1,1,2,1,0,0,1,66,99,9,1,88,1,0
24,240051,1,1,1,22,3,7,1,1,0,1,0,24,2,14,401,14401,14,1999,4M2DU55P7XUJ,4,M,2,D,U,5,5,P,7,X,U,J,0,P,MERC,MOU,UT,99,17,4348,,0,1120,,G,,0,0,000000000,00000000000,0,0,0,1,0,0,0,0,0,0,0,50,0,2,1,0,0,6,2,1,0,0,0,1,10,19966,0,0,0,0,0,0,999,999,0,0,0,0,0,0,0,0,0,1,87,36,0,0,3,2,40,1,1,2,2,0,0,1,6,8,4,2,98,1,0
24,240052,1,1,1,2,4,21,50,8,0,1,0,92,0,84,881,84881,62,2002,1HTMMAALX2H5,1,H,T,M,M,A,A,L,X,2,H,5,0,T,INTL,430,CC,2,17,,6,0,0,40S,D,,0,99,999999999,99999999999,2,2,1,1,0,0,0,0,0,0,0,998,0,0,0,12,12,4,3,8,0,0,0,1,24,21040,6,1,0,0,3,0,72,180,0,0,0,0,1,4,2009,4,2009,0,92,0,0,0,3,8,40,1,2,2,1,97,8,1,80,99,9,1,13,0,0
24,240053,1,1,1,3,4,0,17,1,0,1,0,24,1,41,49,41049,4,2005,JM1FE1735501,J,M,1,F,E,1,7,3,5,5,0,1,0,P,MAZD,RX8,C4,5,17,3029,,0,1064,,G,,0,0,000000000,00000000000,0,0,0,1,0,0,0,0,0,0,0,998,0,2,3,0,0,6,2,1,0,0,0,1,24,21801,6,1,0,0,3,0,71,180,0,0,0,0,0,0,0,0,0,1,0,0,0,0,2,2,65,2,1,2,1,0,0,14,6,99,9,4,7,1,1
24,240054,1,2,1,5,4,10,37,12,6,1,0,24,1,42,401,42401,14,2007,4JGBB86E47A1,4,J,G,B,B,8,6,E,4,7,A,1,0,P,MERZ,M35,UT,7,17,4705,,0,1147,,G,,0,0,000000000,00000000000,0,0,0,1,0,0,0,0,0,0,0,998,0,0,0,3,3,4,3,12,0,0,0,1,24,21774,6,1,0,0,3,0,70,205,0,0,0,1,1,7,2007,4,2008,0,38,0,0,0,1,2,45,1,2,2,1,0,0,11,15,1,1,1,68,0,0
24,240054,2,2,1,5,4,10,37,12,6,1,0,24,1,72,706,72706,80,2004,1HD1JAB184Y0,1,H,D,1,J,A,B,1,8,4,Y,0,0,M,HD,TBI,RS,4,17,,,,,,,1450,0,0,000000000,00000000000,0,0,0,1,0,0,0,0,0,0,0,998,0,0,0,12,12,6,2,12,0,0,0,1,24,21791,6,1,0,0,3,0,69,199,0,0,0,0,0,0,0,0,0,0,0,0,0,0,1,2,45,1,2,2,1,0,0,1,62,99,1,1,69,1,0
24,240055,1,1,1,4,4,17,25,39,0,1,0,24,1,53,705,53705,80,2002,JS1GN79AX221,J,S,1,G,N,7,9,A,X,2,2,1,0,M,SUZI,GX6,RS,2,17,,,,,,,599,0,0,000000000,00000000000,0,0,0,1,0,0,0,0,0,0,0,998,0,0,0,12,12,6,2,39,0,0,0,1,24,21206,6,1,0,0,3,2,63,180,0,1,0,1,0,7,2007,6,2009,1,74,0,0,0,3,2,40,2,1,2,1,0,0,14,6,3,4,4,2,1,1
24,240056,1,2,1,8,4,9,56,12,6,1,0,24,1,54,35,54035,4,2003,19UUA56923A0,1,9,U,U,A,5,6,9,2,3,A,0,0,P,ACUR,3TS,4D,3,17,3574,,0,1081,,G,,0,0,000000000,00000000000,0,0,0,1,0,0,0,0,0,0,0,998,0,0,0,12,12,6,2,12,0,0,0,1,24,20906,6,1,0,0,3,0,62,180,0,0,0,0,0,0,0,0,0,1,39,0,0,0,2,2,55,1,1,2,1,3,3,1,11,1,1,1,86,0,0
24,240056,2,2,1,8,4,9,56,12,6,1,0,24,1,12,4,12004,4,1995,1FALP62W6SH2,1,F,A,L,P,6,2,W,6,S,H,2,0,P,FORD,THL,2D,95,17,3536,,0,1130,,G,,0,0,000000000,00000000000,0,0,0,1,0,0,0,0,0,0,0,998,0,0,0,3,3,6,2,12,0,0,0,1,24,20772,6,1,0,0,3,0,64,170,0,0,0,0,0,0,0,0,0,0,0,0,0,0,8,2,98,1,1,2,1,3,3,1,66,99,1,1,87,1,0
24,240057,1,1,1,11,4,8,23,1,0,1,0,24,1,20,473,20473,30,2005,1GCDS1967581,1,G,C,D,S,1,9,6,7,5,8,1,0,T,CHEV,RDO,4C,5,17,,1,0,1259,CAL,G,,0,0,000000000,00000000000,0,0,0,1,0,0,0,0,0,0,0,998,0,2,6,0,0,6,2,1,0,0,0,1,24,21901,1,1,0,0,2,2,73,170,0,1,0,0,0,3,2008,3,2008,0,74,0,0,0,3,2,50,4,2,2,1,0,0,14,9,99,9,4,2,1,0
24,240058,1,1,1,1,2,20,10,14,0,1,0,24,1,19,20,19020,6,2005,1GYEE6377501,1,G,Y,E,E,6,3,7,7,5,0,1,0,P,CADI,SRX,UT,5,17,4164,,0,1164,,G,,0,0,000000000,00000000000,0,0,0,1,0,0,0,0,0,0,0,998,0,0,0,12,12,6,2,8,0,0,0,1,24,20705,2,1,0,0,2,2,64,170,0,2,1,3,0,6,2008,8,2009,1,74,0,0,0,1,3,30,4,1,8,1,0,0,14,13,1,1,4,4,0,1
24,240059,1,1,1,15,2,0,0,48,0,1,0,24,1,7,481,7481,31,1985,1B7JW24T8FS5,1,B,7,J,W,2,4,T,8,F,S,5,0,T,DODG,W20,PK,85,17,,2,0,1310,W20,G,,0,0,000000000,00000000000,0,0,0,1,0,0,0,0,0,0,0,998,0,1,9,12,12,6,2,1,0,0,0,1,24,20874,6,1,0,0,3,0,71,190,0,3,0,0,1,1,2009,1,2010,0,87,0,0,0,2,2,55,4,1,2,2,0,0,2,12,99,1,4,6,1,0
24,240060,1,3,1,4,2,14,59,12,6,1,0,24,1,48,34,48034,4,1999,4S3BD4357X72,4,S,3,B,D,4,3,5,7,X,7,2,0,P,SUBA,U4A,4D,99,17,2885,,0,1035,,G,,0,0,000000000,00000000000,0,0,0,1,0,0,0,0,0,0,0,998,0,0,0,12,12,6,2,12,0,0,0,1,24,20746,6,1,0,0,3,0,61,140,0,0,0,0,0,0,0,0,0,0,38,0,0,0,1,2,30,1,1,2,1,3,3,11,15,1,1,2,68,1,0
24,240060,2,3,1,4,2,14,59,12,6,1,0,24,1,13,12,13012,4,2002,1LNHM87A82Y6,1,L,N,H,M,8,7,A,8,2,Y,6,0,P,LINC,LLS,4D,2,17,3734,,0,1145,,G,,0,0,000000000,00000000000,0,0,0,1,0,0,0,0,0,0,0,998,0,0,0,11,11,6,2,12,0,0,0,1,24,20744,6,1,0,0,3,0,67,136,0,0,0,0,0,0,0,0,0,0,0,0,0,0,1,2,30,1,1,2,1,3,3,1,62,1,1,1,69,0,0
24,240060,3,3,2,4,2,14,59,12,6,1,0,24,1,49,40,49040,4,1999,JT2BF28K9X01,J,T,2,B,F,2,8,K,9,X,0,1,0,P,TOYT,XLL,4D,99,17,3175,,0,1051,,G,,0,0,000000000,00000000000,0,0,0,1,0,0,0,0,0,0,0,0,0,0,0,8,8,6,2,12,0,0,0,1,24,20744,6,1,0,0,3,0,69,165,0,0,0,0,0,0,0,0,0,0,0,0,0,0,1,2,98,1,1,2,1,3,3,5,62,1,9,1,98,0,0
24,240061,1,1,1,27,2,6,55,33,0,1,0,24,3,12,16,12016,4,2008,2FAFP71V98X1,2,F,A,F,P,7,1,V,9,8,X,1,0,P,FORD,CVP,4D,8,17,0,,0,1146,,F,,0,0,000000000,00000000000,0,0,0,1,0,0,0,0,0,5,0,998,0,0,0,14,5,6,2,30,0,0,0,1,24,20715,6,1,0,0,3,0,77,265,0,0,0,0,0,0,0,0,0,1,87,0,0,0,1,2,30,1,3,2,4,0,0,1,6,99,4,4,7,1,0
24,240062,1,2,1,20,1,23,36,12,6,1,0,24,1,2,404,2404,14,2005,1J4GR48K85C6,1,J,4,G,R,4,8,K,8,5,C,6,0,T,JEEP,LCF,4W,5,17,,1,0,1095,GCK,G,,0,0,000000000,00000000000,0,0,0,1,0,0,0,0,0,0,0,998,0,0,0,12,12,6,2,12,0,0,0,1,24,21213,6,1,0,0,3,0,68,175,0,0,0,0,0,0,0,0,0,0,0,0,0,0,1,2,25,1,1,2,1,3,3,1,63,1,1,3,88,0,1
24,240062,2,2,2,20,1,23,36,12,6,1,0,24,2,37,32,37032,3,1989,1HGCA6149KA0,1,H,G,C,A,6,1,4,9,K,A,0,0,P,HOND,USI,CP,89,17,0,,0,1024,,G,,0,0,000000000,00000000000,0,0,0,1,0,0,0,0,0,0,0,998,0,0,0,9,9,6,2,12,0,0,0,1,24,21224,6,1,0,0,3,0,64,122,0,0,0,0,0,0,0,0,0,0,39,0,0,0,1,2,25,1,1,2,1,3,3,1,17,1,1,1,89,2,1
24,240063,1,2,2,4,5,18,24,12,6,1,0,24,1,20,2,20002,4,2008,2G1WB58K2813,2,G,1,W,B,5,8,K,2,8,1,3,0,P,CHEV,IPL,4D,8,17,3555,,0,1105,,F,,0,0,000000000,00000000000,0,0,0,1,0,0,0,0,0,0,0,998,0,0,0,9,9,6,2,12,0,0,0,1,24,20636,6,1,0,0,3,0,68,180,0,0,0,0,0,0,0,0,0,0,38,0,0,0,2,2,55,1,1,2,1,8,8,10,16,1,1,9,78,1,0
24,240063,2,2,1,4,5,18,24,12,6,1,0,24,3,93,981,93981,51,2004,2M93JMPA04W0,2,M,9,3,J,M,P,A,0,4,W,0,0,U,,,,4,17,,,,,,,,0,57,0187443,570187443,3,21,22,1,0,0,0,0,98,0,0,998,0,0,0,12,12,6,2,12,0,0,0,1,24,20708,6,1,6,0,3,0,63,190,0,1,0,0,0,7,2008,7,2008,0,0,0,0,0,2,2,55,1,1,2,1,0,0,1,65,99,9,9,79,0,0
24,240064,1,2,1,25,3,2,21,12,6,1,0,24,2,20,4,20004,2,1988,1G1YY2182J51,1,G,1,Y,Y,2,1,8,2,J,5,1,0,P,CHEV,CVT,2H,88,17,3113,,0,960,,G,,0,0,000000000,00000000000,0,0,0,1,0,0,0,0,0,0,0,998,0,0,0,9,9,6,2,12,0,0,0,1,24,20705,6,1,0,0,3,3,71,150,0,0,0,1,0,11,2008,11,2008,0,38,87,0,0,1,2,35,1,1,2,2,4,3,11,15,99,1,1,82,0,0
24,240064,2,2,1,25,3,2,21,12,6,1,0,24,1,76,706,76706,80,2006,JYARJ12E76A0,J,Y,A,R,J,1,2,E,7,6,A,0,0,M,YAMA,R6L,RS,6,17,,,,,,,599,0,0,000000000,00000000000,0,0,0,1,0,0,0,0,0,0,0,998,0,0,0,12,12,6,2,12,0,0,0,1,24,20866,6,1,0,0,3,0,73,175,0,0,0,0,0,0,0,0,0,0,0,0,0,0,1,2,35,1,1,2,2,4,3,1,67,99,9,9,83,1,0
24,240065,1,1,5,25,3,23,55,33,0,1,0,11,2,22,22,22022,4,2005,1G2ZH5485541,1,G,2,Z,H,5,4,8,5,5,4,1,0,P,PONT,GGT,4D,5,17,3425,,0,1123,,G,,0,0,000000000,00000000000,0,0,0,1,0,0,0,0,0,0,0,998,0,0,0,13,3,6,2,30,0,0,0,1,11,20018,3,2,0,0,2,2,73,162,0,0,0,0,0,0,0,0,0,1,74,0,0,0,1,2,30,4,1,2,2,0,0,14,6,99,9,4,7,2,0
24,240066,1,1,2,6,3,8,57,42,0,1,0,24,2,35,39,35039,4,1999,JN1CA21D8XM4,J,N,1,C,A,2,1,D,8,X,M,4,0,P,NISS,MGS,4D,99,17,2896,,0,1063,,G,,0,0,000000000,00000000000,0,0,0,1,0,0,0,0,0,0,0,998,0,0,0,9,9,6,2,42,0,0,0,1,24,21207,6,1,0,0,3,0,65,150,0,1,0,0,1,4,2008,1,2009,0,0,0,0,0,1,2,40,1,1,2,1,0,0,1,9,99,9,4,7,1,0
24,240067,1,2,1,17,3,17,11,12,6,1,0,11,2,18,2,18002,4,1997,1G4HR52K5VH5,1,G,4,H,R,5,2,K,5,V,H,5,0,P,BUIC,LLF,4D,97,17,3488,,0,1108,,G,,0,0,000000000,00000000000,0,0,0,1,0,0,0,0,0,0,0,998,0,0,0,12,12,6,2,12,0,0,0,1,11,20017,6,1,0,0,3,0,999,999,99,99,99,99,99,99,9999,99,9999,0,39,0,0,0,3,2,30,1,1,2,1,3,3,1,17,1,1,1,88,0,0