STATE,ST_CASE,VEH_NO,VE_FORMS,NUMOCCS,DAY,MONTH,HOUR,MINUTE,HARM_EV,MAN_COLL,UNITTYPE,HIT_RUN,REG_STAT,OWNER,MAKE,MODEL,MAK_MOD,BODY_TYP,MOD_YEAR,VIN,VIN_1,VIN_2,VIN_3,VIN_4,VIN_5,VIN_6,VIN_7,VIN_8,VIN_9,VIN_10,VIN_11,VIN_12,TOW_VEH,VINTYPE,VINMAKE,VINA_MOD,VIN_BT,VINMODYR,VIN_LNGT,VIN_WGT,WGTCD_TR,WHLBS_LG,WHLBS_SH,SER_TR,FUELCODE,MCYCL_DS,J_KNIFE,MCARR_I1,MCARR_I2,MCARR_ID,GVWR,V_CONFIG,CARGO_BT,HAZ_INV,HAZ_PLAC,HAZ_ID,HAZ_CNO,HAZ_REL,BUS_USE,SPEC_USE,EMER_USE,TRAV_SP,UNDERIDE,ROLLOVER,ROLINLOC,IMPACT1,IMPACT2,DEFORMED,TOWED,M_HARM,VEH_SC1,VEH_SC2,FIRE_EXP,DR_PRES,L_STATE,DR_ZIP,L_STATUS,L_TYPE,CDL_STAT,L_ENDORS,L_COMPL,L_RESTRI,DR_HGT,DR_WGT,PREV_ACC,PREV_SUS,PREV_DWI,PREV_SPD,PREV_OTH,FIRST_MO,FIRST_YR,LAST_MO,LAST_YR,SPEEDREL,DR_SF1,DR_SF2,DR_SF3,DR_SF4,VTRAFWAY,VNUM_LAN,VSPD_LIM,VALIGN,VPROFILE,VPAVETYP,VSURCOND,VTRAFCON,VTCONT_F,P_CRASH1,P_CRASH2,P_CRASH3,PCRASH4,PCRASH5,ACC_TYPE,DEATHS,DR_DRINK
24,240170,1,1,1,18,3,14,50,38,0,1,0,24,2,42,401,42401,14,2006,4JGBB75E96A0,4,J,G,B,B,7,5,E,9,6,A,0,0,P,MERZ,M50,UT,6,17,4743,,0,1147,,G,,0,0,000000000,00000000000,0,0,0,1,0,0,0,0,0,0,0,998,0,0,0,12,12,6,2,19,0,0,0,1,24,20854,6,1,0,0,3,0,63,155,0,0,0,0,0,0,0,0,0,1,0,0,0,0,8,8,98,8,8,8,1,0,0,1,6,4,9,4,2,1,0
24,240171,1,1,1,4,5,20,16,42,0,1,0,24,1,55,401,55401,14,2005,KM8SC73E25U0,K,M,8,S,C,7,3,E,2,5,U,0,0,P,HYUN,SAN,UT,5,17,3752,,0,1031,,G,,0,0,000000000,00000000000,0,0,0,1,0,0,0,0,0,0,0,998,0,0,0,12,12,6,2,42,0,0,0,1,24,20723,6,1,0,0,3,0,69,210,0,0,0,0,0,0,0,0,0,0,0,0,0,0,1,2,30,1,1,2,1,0,0,1,13,1,1,4,1,1,0
24,240172,1,2,1,23,5,22,32,12,6,1,0,24,1,49,32,49032,4,2007,2T1BR32E27C7,2,T,1,B,R,3,2,E,2,7,C,7,0,P,TOYT,UCS,4D,7,17,2530,,0,1024,,G,,0,0,000000000,00000000000,0,0,0,1,0,0,0,0,0,0,0,998,0,0,0,8,8,6,2,12,0,0,0,1,24,21771,6,1,0,0,3,0,68,175,0,0,0,1,0,6,2007,6,2007,0,38,0,0,0,1,2,30,1,1,2,2,97,8,1,17,1,1,1,89,1,1
24,240172,2,2,1,23,5,22,32,12,6,1,0,24,1,59,32,59032,4,2002,JTHBN30FX200,J,T,H,B,N,3,0,F,X,2,0,0,0,P,LEXS,L43,4D,2,17,3955,,0,1152,,G,,0,0,000000000,00000000000,0,0,0,1,0,0,0,0,0,0,0,998,0,0,0,12,12,6,2,12,0,0,0,1,24,21771,6,1,0,0,3,0,61,140,0,0,0,0,0,0,0,0,0,0,0,0,0,0,1,2,50,1,1,2,2,97,8,1,66,1,1,1,88,0,0
24,240173,1,1,1,10,5,13,30,8,0,1,0,24,2,19,421,19421,15,2007,1GYFK66887R2,1,G,Y,F,K,6,6,8,8,7,R,2,0,P,CADI,ESC,UT,7,17,5751,,0,1300,,G,,0,0,000000000,00000000000,0,0,0,1,0,0,0,0,0,0,0,998,0,0,0,12,12,6,2,8,0,0,0,1,24,20748,1,1,0,0,2,2,75,215,0,1,0,1,0,8,2009,8,2009,0,28,36,74,0,1,2,15,1,1,2,1,0,0,1,19,1,9,4,13,0,1
24,240174,1,1,7,30,5,3,15,8,0,1,0,24,2,12,461,12461,21,2003,1GBFG25T0312,1,G,B,F,G,2,5,T,0,3,1,2,0,T,CHEV,E/5,IC,3,17,,2,0,1350,E/X,G,,0,0,000000000,00000000000,0,0,0,1,0,0,0,0,0,0,0,998,0,0,0,12,12,6,2,8,0,0,0,1,24,20770,6,1,0,0,3,0,68,180,0,0,0,0,0,0,0,0,0,0,0,0,0,0,3,4,55,1,1,2,1,0,0,1,80,1,1,1,13,0,0
24,240175,1,1,1,2,6,21,2,8,0,1,0,24,2,22,20,22020,4,2007,2G2WC58C5711,2,G,2,W,C,5,8,C,5,7,1,1,0,P,PONT,GXP,4D,7,17,3600,,0,1105,,G,,0,0,000000000,00000000000,0,0,0,1,0,0,0,0,0,0,0,998,0,0,0,12,12,4,3,8,0,0,0,1,24,21061,6,1,0,0,3,0,71,165,0,1,0,5,1,8,2007,5,2010,0,0,0,0,0,3,3,45,1,2,2,1,0,0,1,80,99,1,1,13,0,0
24,240176,1,1,2,5,6,21,52,8,0,1,0,24,1,30,42,30042,5,2005,9BWGL61J3540,9,B,W,G,L,6,1,J,3,5,4,0,0,P,VOLK,GLS,4H,5,17,2794,,0,989,,G,,0,0,000000000,00000000000,0,0,0,1,0,0,0,0,0,0,0,998,0,0,0,12,12,4,3,8,0,0,0,1,24,21012,6,1,0,0,3,0,71,147,0,0,1,0,0,9,2009,9,2009,0,36,0,0,0,1,2,30,1,1,2,1,2,3,1,80,1,1,1,13,0,0
24,240177,1,2,1,28,6,14,36,12,6,1,0,0,0,98,706,98706,83,1998,VBKMXJ201WM3,V,B,K,M,X,J,2,0,1,W,M,3,0,U,,,,98,17,,,,,,,,0,0,000000000,00000000000,0,0,0,1,0,0,0,0,0,0,0,998,0,0,0,9,9,6,2,12,0,0,0,1,24,21791,6,1,0,0,3,0,78,280,0,0,0,1,0,1,2010,1,2010,0,18,38,39,0,8,8,35,1,2,2,1,20,3,1,17,1,1,1,89,1,0
24,240177,2,2,1,28,6,14,36,12,6,1,0,24,1,7,482,7482,31,2005,1D7HU18D25S3,1,D,7,H,U,1,8,D,2,5,S,3,0,T,DODG,SQ1,CW,5,17,,2,1605,1405,RPC,G,,0,0,000000000,00000000000,0,0,0,1,0,0,0,0,0,0,0,998,0,0,0,12,12,4,3,12,0,0,0,1,24,21701,6,1,0,0,3,0,72,200,0,0,0,0,0,0,0,0,0,0,0,0,0,0,1,2,55,1,1,2,1,0,0,1,68,4,1,1,88,0,0
24,240178,1,1,1,28,6,22,5,8,0,1,0,24,2,52,37,52037,2,2004,4A3AC44G84E0,4,A,3,A,C,4,4,G,8,4,E,0,0,P,MITS,EGS,2H,4,17,2965,,0,1008,,G,,0,0,000000000,00000000000,0,0,0,1,0,0,0,0,0,0,0,998,0,0,0,12,12,4,3,8,0,0,0,1,24,21015,6,1,0,0,3,3,63,118,0,0,0,0,0,0,0,0,0,0,0,0,0,0,3,2,55,1,2,2,1,0,0,1,80,99,1,1,13,0,0
24,240179,1,1,1,16,6,13,7,53,0,1,0,24,1,37,31,37031,4,1990,1HGED3641LA0,1,H,G,E,D,3,6,4,1,L,A,0,0,P,HOND,CID,4D,90,17,1973,,0,984,,G,,0,0,000000000,00000000000,0,0,0,1,0,0,0,0,0,0,0,998,0,0,0,9,9,6,2,30,0,0,0,1,24,20904,6,1,0,0,3,0,67,160,0,0,0,0,0,0,0,0,0,0,0,0,0,0,1,2,30,2,2,2,2,0,0,14,9,9,9,4,7,1,0
24,240180,1,2,1,29,6,10,10,12,6,1,0,24,2,9,38,9038,4,2000,1P3EJ46XXYN2,1,P,3,E,J,4,6,X,X,Y,N,2,0,P,PLYM,BRE,4D,0,17,2942,,0,1080,,G,,0,0,000000000,00000000000,0,0,0,1,0,0,0,0,0,0,0,998,0,0,0,12,12,6,2,12,0,0,0,1,24,21085,6,1,0,0,3,0,71,160,0,0,0,0,0,0,0,0,0,0,38,39,0,0,1,2,50,1,1,2,1,3,3,1,17,1,1,1,88,1,0
24,240180,2,2,1,29,6,10,10,12,6,1,0,24,2,23,481,23481,31,2010,3GTRKXE2XAG1,3,G,T,R,K,X,E,2,X,A,G,1,0,T,GMC,DNL,CW,10,17,,2,0,1435,SIE,F,,0,0,000000000,00000000000,0,0,0,1,0,0,0,0,0,0,0,998,0,0,0,11,11,6,2,12,0,0,0,1,24,21087,6,1,0,0,3,0,70,190,0,0,0,0,0,0,0,0,0,0,0,0,0,0,1,2,35,1,1,2,1,3,3,1,66,1,1,1,89,0,0
24,240181,1,1,4,23,6,22,38,33,0,1,0,24,2,35,43,35043,4,2006,3N1CB51D66L4,3,N,1,C,B,5,1,D,6,6,L,4,0,P,NISS,S18,4D,6,17,2509,,0,998,,G,,0,0,000000000,00000000000,0,0,0,1,0,0,0,0,0,0,0,998,0,0,0,14,9,6,2,31,0,0,0,1,24,20906,6,1,0,0,3,0,65,155,0,0,0,0,0,0,0,0,0,1,28,0,0,0,3,2,40,4,2,2,1,0,0,14,9,99,3,4,2,2,0
24,240182,1,2,1,4,7,12,53,12,6,1,0,24,1,20,482,20482,31,2002,3GNEK13T62G3,3,G,N,E,K,1,3,T,6,2,G,3,0,T,CHEV,KAV,CW,2,17,,2,0,1300,AVL,G,,0,0,000000000,00000000000,0,0,0,1,0,0,0,0,0,0,0,998,0,0,0,1,1,6,2,12,0,0,0,1,24,21045,6,1,0,0,3,0,65,155,0,0,0,0,0,0,0,0,0,0,38,36,0,0,1,4,30,1,1,2,1,0,0,11,15,1,1,1,68,0,0
24,240182,2,2,1,4,7,12,53,12,6,1,0,0,0,98,709,98709,81,1996,ZZ1A61126TK9,Z,Z,1,A,6,1,1,2,6,T,K,9,0,U,,,,96,17,,,,,,,,0,0,000000000,00000000000,0,0,0,1,0,0,0,0,0,0,0,998,0,0,0,12,12,6,2,12,0,0,0,1,24,21045,6,1,0,0,3,0,70,135,0,1,0,1,0,5,2008,2,2010,0,0,0,0,0,1,4,30,1,1,2,1,0,0,1,62,1,1,1,69,1,0
24,240183,1,1,1,10,7,10,51,14,0,1,0,6,2,53,705,53705,80,1998,JS1GR7DA3W21,J,S,1,G,R,7,D,A,3,W,2,1,0,M,SUZI,SX7,RS,98,17,,,,,,,749,0,0,000000000,00000000000,0,0,0,1,0,0,0,0,0,0,0,998,0,0,0,1,1,4,3,14,0,0,0,1,24,21740,6,1,0,0,2,2,66,155,0,0,0,0,0,0,0,0,0,0,74,0,0,0,1,2,25,1,1,2,1,0,0,1,9,99,9,2,11,1,0
24,240184,1,1,1,11,7,3,57,33,0,1,0,24,2,19,18,19018,4,2007,1G6DP5776701,1,G,6,D,P,5,7,7,6,7,0,1,0,P,CADI,HF6,4D,7,17,3509,,0,1134,,G,,0,0,000000000,00000000000,0,0,0,1,0,0,0,0,0,0,0,998,0,1,6,14,13,6,2,14,0,0,0,1,1,35901,6,1,0,0,3,0,72,190,0,0,0,0,0,0,0,0,0,1,28,37,0,0,1,2,50,2,3,1,1,0,0,14,6,99,9,4,2,1,0
24,240185,1,1,1,12,7,5,39,1,0,1,0,24,1,12,481,12481,31,2003,1FTRX18L23NA,1,F,T,R,X,1,8,L,2,3,N,A,0,T,FORD,F15,4C,3,17,,2,1574,1388,COF,G,,0,0,000000000,00000000000,0,0,0,1,0,0,0,0,0,0,0,998,0,2,6,0,0,6,2,1,0,0,0,1,24,21636,6,1,0,0,3,0,73,290,0,0,0,0,0,0,0,0,0,0,0,0,0,0,1,2,55,4,1,2,1,0,0,14,8,99,7,4,2,1,1
24,240186,1,1,1,21,7,16,22,24,0,1,0,24,1,35,39,35039,4,2006,1N4BA41E76C8,1,N,4,B,A,4,1,E,7,6,C,8,0,P,NISS,MEL,4D,6,17,3359,,0,1112,,G,,0,0,000000000,00000000000,0,0,0,1,0,0,0,0,0,0,0,998,0,1,5,12,12,6,2,24,0,0,0,1,24,20601,6,1,0,0,3,0,70,175,0,0,0,0,0,0,0,0,0,0,28,0,0,0,3,4,55,1,1,1,1,0,0,1,13,9,1,4,1,1,0
24,240187,1,3,1,25,6,11,55,12,6,1,0,24,3,86,881,86881,63,2005,1M2AG11C35M0,1,M,2,A,G,1,1,C,3,5,M,0,0,T,MACK,CV7,TM,5,17,,8,0,0,700,D,,0,5,7977781,057977781,3,2,4,1,0,0,0,0,0,0,0,998,0,0,0,12,12,6,2,12,0,0,0,1,24,20707,6,1,6,0,3,0,64,150,0,0,0,0,3,1,2008,9,2009,0,39,36,0,0,1,2,50,1,1,2,1,3,3,1,17,1,1,1,88,0,0
24,240187,2,3,1,25,6,11,55,12,6,1,0,24,2,49,442,49442,20,2000,4T3ZF13C8YU2,4,T,3,Z,F,1,3,C,8,Y,U,2,0,P,TOYT,SIE,SV,0,17,3890,,0,1142,,G,,0,0,000000000,00000000000,0,0,0,1,0,0,0,0,0,0,0,0,0,0,0,9,9,6,2,12,0,0,0,1,24,21738,6,1,0,0,3,0,67,160,0,0,0,0,0,0,0,0,0,0,0,0,0,0,1,2,98,1,1,2,1,3,3,1,66,1,1,1,89,1,0
24,240187,3,3,1,25,6,11,55,12,6,1,0,24,2,49,482,49482,31,2007,5TESV54187X0,5,T,E,S,V,5,4,1,8,7,X,0,0,T,TOYT,DBS,,7,17,,,0,1646,TUN,G,,0,0,000000000,00000000000,0,0,0,1,0,0,0,0,0,0,0,0,0,0,0,12,12,6,2,14,0,0,0,1,24,20874,6,1,0,0,3,0,71,205,0,0,0,0,0,0,0,0,0,0,0,0,0,0,1,2,50,1,1,2,1,3,3,5,62,1,1,1,98,0,0
24,240188,1,1,1,16,4,13,57,8,0,1,0,24,2,12,461,12461,21,2004,1FTNE24L64HB,1,F,T,N,E,2,4,L,6,4,H,B,0,T,FORD,25V,CG,4,17,,2,0,1380,VAN,G,,0,0,000000000,00000000000,0,0,0,1,0,0,0,0,0,0,0,998,0,0,0,12,12,4,3,8,0,0,0,1,24,21903,6,1,0,0,3,3,71,160,0,0,0,0,0,0,0,0,0,0,36,0,0,0,1,2,35,1,2,2,1,0,0,1,11,1,1,4,13,0,0
24,240189,1,1,1,3,5,20,58,42,0,1,0,24,1,7,482,7482,31,2004,1D7HU18N44J1,1,D,7,H,U,1,8,N,4,4,J,1,0,T,DODG,SQ1,CW,4,17,,2,1605,1405,RPC,G,,0,0,000000000,00000000000,0,0,0,1,0,0,0,0,0,0,0,998,0,0,0,12,12,6,2,42,0,0,0,1,24,21911,6,1,0,0,3,0,61,185,0,0,0,0,0,0,0,0,0,0,28,0,0,0,1,2,35,1,1,2,1,0,0,1,9,99,9,4,7,1,0
24,240190,1,1,1,3,5,12,22,33,0,1,0,0,0,98,709,98709,88,2008,L8YTCBPR28Y0,L,8,Y,T,C,B,P,R,2,8,Y,0,0,U,,,,8,17,,,,,,,,0,0,000000000,00000000000,0,0,0,1,0,0,0,0,0,0,0,998,0,0,0,12,12,6,2,30,0,0,0,1,24,21224,6,1,0,0,2,2,69,170,0,1,0,0,0,5,2007,5,2007,0,74,0,0,0,3,2,25,1,1,2,1,0,0,1,8,1,9,4,2,1,0
24,240191,1,1,1,25,5,18,39,14,0,1,0,24,1,76,706,76706,80,2002,JYARN10E52A0,J,Y,A,R,N,1,0,E,5,2,A,0,0,M,YAMA,YFR,RS,2,17,,,,,,,998,0,0,000000000,00000000000,0,0,0,1,0,0,0,0,0,0,0,998,0,0,0,12,12,6,2,14,0,0,0,1,24,21244,6,1,0,0,3,0,68,175,0,0,1,0,0,9,2009,9,2009,1,0,0,0,0,1,2,30,1,2,2,1,0,0,1,6,99,9,2,11,1,0
24,240192,1,2,1,26,5,16,0,12,2,1,0,0,0,37,702,37702,83,2005,JH2HE01075K4,J,H,2,H,E,0,1,0,7,5,K,4,0,M,HOND,RF8,T,5,17,,,,,,,80,0,0,000000000,00000000000,0,0,0,1,0,0,0,0,0,0,0,998,0,0,0,12,12,6,2,12,0,0,0,1,24,20854,1,2,0,0,2,2,67,125,0,4,0,2,2,1,2009,5,2010,9,74,0,0,0,1,2,30,1,2,2,1,97,8,10,16,99,1,2,80,1,0
24,240192,2,2,1,26,5,16,0,12,2,1,0,24,1,12,499,12499,39,1976,U15GLC91385,U,1,5,G,L,C,9,1,3,8,5,,0,P,,,,,,,,,,,,,0,0,000000000,00000000000,0,0,0,1,0,0,0,0,0,0,0,998,0,0,0,12,12,6,2,12,0,0,0,1,24,20854,6,1,0,0,3,0,63,115,0,0,0,1,0,12,2009,12,2009,0,0,0,0,0,1,2,30,1,2,2,1,97,8,1,67,1,1,1,81,0,0
24,240193,1,1,1,23,6,0,50,8,0,1,0,24,2,20,34,20034,3,1995,2C1MR226XS67,2,C,1,M,R,2,2,6,X,S,6,7,0,P,GEO,GML,2H,95,17,1751,,0,931,,G,,0,0,000000000,00000000000,0,0,0,1,0,0,0,0,0,0,0,998,0,0,0,12,12,4,1,8,0,0,0,1,24,21207,6,1,0,0,3,0,65,180,0,2,0,1,1,8,2007,1,2010,0,0,0,0,0,1,2,30,1,1,2,1,0,0,1,80,1,1,1,13,0,0
24,240194,1,1,1,16,6,17,29,1,0,1,0,24,1,35,47,35047,4,2008,1N4AL21E78C2,1,N,4,A,L,2,1,E,7,8,C,2,0,P,NISS,ATS,4D,8,17,3028,,0,1093,,G,,0,0,000000000,00000000000,0,0,0,1,0,0,0,0,0,0,0,998,0,2,3,0,0,6,2,1,0,0,0,1,24,21216,6,1,0,0,3,0,68,230,0,0,0,0,0,0,0,0,0,0,28,0,0,0,3,2,55,1,1,2,1,0,0,1,9,1,9,4,7,1,0
24,240195,1,2,1,26,6,23,17,12,6,1,0,24,1,35,43,35043,4,2003,3N1CB51D23L7,3,N,1,C,B,5,1,D,2,3,L,7,0,P,NISS,XGX,4D,3,17,2411,,0,998,,G,,0,0,000000000,00000000000,0,0,0,1,0,0,0,0,0,0,0,998,0,0,0,9,9,6,2,12,0,0,0,1,24,20659,6,1,0,0,3,3,63,170,0,0,0,0,0,0,0,0,0,0,38,0,0,0,3,2,55,1,1,2,1,20,3,1,17,99,1,1,89,1,0
24,240195,2,2,1,26,6,23,17,12,6,1,0,24,1,49,40,49040,4,2009,4T1BB46K79U1,4,T,1,B,B,4,6,K,7,9,U,1,0,P,TOYT,CHB,4D,9,17,3680,,0,1090,,B,,0,0,000000000,00000000000,0,0,0,1,0,0,0,0,0,0,0,998,0,0,0,12,12,6,2,12,0,0,0,1,24,20653,6,1,0,0,3,0,73,235,0,0,0,0,0,0,0,0,0,0,0,0,0,0,1,2,50,1,1,2,1,0,0,1,66,99,9,9,88,0,0
24,240196,1,3,1,8,6,7,55,12,1,1,0,24,1,12,423,12423,15,2003,1FMNU40P83ED,1,F,M,N,U,4,0,P,8,3,E,D,0,P,FORD,EXC,UT,3,17,6650,,0,1371,,D,,0,0,000000000,00000000000,0,0,0,1,0,0,0,0,0,0,0,998,0,0,0,12,12,2,3,12,0,0,0,1,37,28376,6,1,0,0,3,0,69,999,0,0,0,0,0,0,0,0,0,0,26,36,0,0,1,2,45,1,1,2,1,0,0,1,52,1,1,1,28,0,0
24,240196,2,3,1,8,6,7,55,12,1,1,0,24,1,7,20,7020,4,2000,1B3ES46C0YD6,1,B,3,E,S,4,6,C,0,Y,D,6,0,P,DODG,NSE,4D,0,17,2515,,0,1050,,G,,0,0,000000000,00000000000,0,0,0,1,0,0,0,0,0,0,0,998,0,0,0,6,6,6,2,12,0,0,0,1,24,21211,6,1,0,0,3,0,64,180,0,0,0,0,0,0,0,0,0,0,0,0,0,0,1,2,45,1,1,2,1,0,0,2,15,1,1,1,29,1,0
24,240196,3,3,1,8,6,7,55,12,1,1,0,36,1,7,442,7442,20,2006,2D4GP44L96R6,2,D,4,G,P,4,4,L,9,6,R,6,0,P,DODG,CAR,SV,6,17,4252,,0,1193,,G,,0,0,000000000,00000000000,0,0,0,1,0,0,0,0,0,0,0,998,0,0,0,12,12,6,2,12,0,0,0,1,36,14564,6,1,0,0,3,0,66,999,0,0,0,0,0,0,0,0,0,0,0,0,0,0,1,2,45,1,1,2,1,0,0,1,62,99,9,9,98,0,0
24,240197,1,1,1,4,7,2,14,24,0,1,0,24,1,53,706,53706,80,2001,JS1GT74A0121,J,S,1,G,T,7,4,A,0,1,2,1,0,M,SUZI,XR1,RS,1,17,,,,,,,988,0,0,000000000,00000000000,0,0,0,1,0,0,0,0,0,0,0,998,0,0,0,4,4,4,3,53,0,0,0,1,24,20657,6,1,0,0,3,0,68,180,0,0,0,0,0,0,0,0,0,1,0,0,0,0,1,2,50,3,1,2,1,0,0,14,6,99,9,4,2,1,1
24,240198,1,1,1,25,6,9,31,8,0,1,0,24,1,12,401,12401,14,1994,1FMDU34X9RUC,1,F,M,D,U,3,4,X,9,R,U,C,0,P,FORD,EPR,UT,94,17,4053,,0,1120,,G,,0,0,000000000,00000000000,0,0,0,1,0,0,0,0,0,0,0,998,0,0,0,12,12,0,1,8,0,0,0,1,24,21222,6,1,0,0,3,0,70,170,0,0,0,0,0,0,0,0,0,0,0,0,0,0,1,2,25,1,1,2,1,20,3,11,80,1,1,1,13,0,0
24,240199,1,1,2,2,7,14,0,8,0,1,0,24,1,37,32,37032,4,1998,1HGCG5651WA0,1,H,G,C,G,5,6,5,1,W,A,0,0,P,HOND,UEX,4D,98,17,2985,,0,1069,,G,,0,0,000000000,00000000000,0,0,0,1,0,0,0,0,0,0,0,998,0,0,0,12,12,4,1,8,0,0,0,1,24,21205,6,1,0,0,3,0,61,180,0,0,0,0,0,0,0,0,0,0,0,0,0,0,3,2,40,1,1,2,1,0,0,1,80,1,1,1,13,0,0
24,240200,1,2,1,3,7,3,12,12,2,1,0,0,0,98,709,98709,88,2008,XY139QMA0806,X,Y,1,3,9,Q,M,A,0,8,0,6,0,U,,,,8,17,,,,,,,,0,0,000000000,00000000000,0,0,0,1,0,0,0,0,0,0,0,998,0,0,0,12,12,6,2,12,0,0,0,1,24,21034,2,1,0,0,2,2,72,155,0,1,0,0,0,11,2007,11,2007,0,39,74,0,0,1,4,30,1,1,1,1,3,3,1,17,99,1,1,90,1,1
24,240200,2,2,1,3,7,3,12,12,2,1,0,24,2,14,17,14017,4,2002,1MEFM55S32G6,1,M,E,F,M,5,5,S,3,2,G,6,0,P,MERC,SLP,4D,2,17,3387,,0,1085,,G,,0,0,000000000,00000000000,0,0,0,1,0,0,0,0,0,0,0,998,0,0,0,12,12,6,2,12,0,0,0,1,24,21222,6,1,0,0,3,0,57,135,0,0,0,0,0,0,0,0,0,0,0,0,0,0,3,4,45,1,1,1,1,3,3,1,66,4,1,1,90,0,1
24,240201,1,1,1,19,7,23,18,1,0,1,0,24,1,2,404,2404,14,1995,1J4GZ58S3SC5,1,J,4,G,Z,5,8,S,3,S,C,5,0,T,JEEP,LRO,4W,95,17,,1,0,1059,GCK,G,,0,0,000000000,00000000000,0,0,0,1,0,0,0,0,0,0,0,998,0,2,3,0,0,6,2,1,0,0,0,1,24,21793,6,1,0,0,3,0,71,240,0,0,0,0,0,0,0,0,0,0,28,0,0,0,3,2,55,1,1,2,1,0,0,1,9,99,9,4,7,1,1
24,240202,1,4,1,20,7,7,33,12,2,1,0,24,2,24,1,24001,4,1997,1G8ZK5278VZ3,1,G,8,Z,K,5,2,7,8,V,Z,3,0,P,STRN,SL2,4D,97,17,2362,,0,1024,,G,,0,0,000000000,00000000000,0,0,0,1,0,0,0,0,0,0,0,998,0,0,0,12,12,6,2,12,0,0,0,1,24,21771,6,1,0,0,3,0,71,185,0,0,0,1,2,3,2008,12,2009,0,28,0,0,0,1,2,50,1,1,2,1,0,0,1,10,99,9,2,50,1,0
24,240202,2,4,1,20,7,7,33,12,2,1,0,24,3,98,882,98882,63,1997,1CYCCM486VT0,1,C,Y,C,C,M,4,8,6,V,T,0,0,U,,,,97,17,,,,,,,,0,57,1781944,571781944,3,2,7,1,0,0,0,0,0,0,0,998,0,0,0,12,12,6,2,12,0,0,0,1,24,21158,6,1,6,0,3,0,63,200,0,0,0,0,1,1,2009,1,2009,0,0,0,0,0,1,2,50,1,1,2,1,0,0,1,62,99,1,1,51,0,0
24,240202,3,4,2,20,7,7,33,12,2,1,0,24,1,37,31,37031,4,2000,2HGEJ6615YH5,2,H,G,E,J,6,6,1,5,Y,H,5,0,P,HOND,UCE,4D,0,17,2388,,0,1032,,G,,0,0,000000000,00000000000,0,0,0,1,0,0,0,0,0,0,0,998,0,0,0,6,6,4,3,12,0,0,0,1,24,21740,6,1,0,0,3,0,72,160,0,0,0,1,0,5,2008,5,2008,0,0,0,0,0,1,2,50,1,1,2,1,0,0,1,18,4,1,1,98,0,0
24,240202,4,4,1,20,7,7,33,12,2,1,0,24,1,49,32,49032,4,1993,2T1AE04E5PC0,2,T,1,A,E,0,4,E,5,P,C,0,0,P,TOYT,COA,4D,93,17,2304,,0,957,,G,,0,0,000000000,00000000000,0,0,0,1,0,0,0,0,0,0,0,998,0,0,0,12,12,4,3,12,0,0,0,1,24,21157,6,1,0,0,3,0,66,135,0,0,0,0,0,0,0,0,0,0,0,0,0,0,1,2,50,1,1,2,1,0,0,1,52,4,1,1,98,0,0
24,240203,1,3,4,29,7,19,0,12,1,1,0,24,1,20,481,20481,31,2003,1GCHK29U23E2,1,G,C,H,K,2,9,U,2,3,E,2,0,T,CHEV,2KH,4C,3,17,,2,1575,1435,SIL,G,,0,0,000000000,00000000000,0,0,0,1,0,0,0,0,0,0,0,998,0,0,0,12,12,6,2,12,0,0,0,1,24,21074,6,1,0,0,3,0,70,205,0,0,0,0,0,0,0,0,0,1,36,0,0,0,1,2,50,1,2,2,1,0,0,1,51,1,1,1,28,0,0
24,240203,2,3,1,29,7,19,0,12,1,1,0,24,2,21,17,21017,4,1994,1G3AG55M4R64,1,G,3,A,G,5,5,M,4,R,6,4,0,P,OLDS,CIS,4D,94,17,2818,,0,1049,,G,,0,0,000000000,00000000000,0,0,0,1,0,0,0,0,0,0,0,998,0,0,0,6,6,6,2,2,0,0,1,1,24,21157,6,1,0,0,3,1,73,150,0,0,0,0,0,0,0,0,0,0,0,0,0,0,1,2,50,1,2,2,1,0,0,2,18,1,1,1,30,1,0
24,240203,3,3,1,29,7,19,0,12,1,1,0,24,1,20,16,20016,2,2003,1G1JC12F1371,1,G,1,J,C,1,2,F,1,3,7,1,0,P,CHEV,CAV,CP,3,17,2617,,0,1041,,G,,0,0,000000000,00000000000,0,0,0,1,0,0,0,0,0,0,0,998,0,0,0,12,12,4,1,12,0,0,0,1,24,21157,6,1,0,0,3,0,71,175,0,0,0,0,0,0,0,0,0,0,0,0,0,0,1,2,50,1,2,2,1,0,0,1,62,1,1,1,98,0,0
24,240204,1,1,2,23,6,14,30,42,0,1,0,37,2,12,16,12016,4,1987,2FABP74F6HX1,2,F,A,B,P,7,4,F,6,H,X,1,0,P,FORD,CVL,4D,87,17,3735,,0,1143,,G,,0,0,000000000,00000000000,0,0,0,1,0,0,0,0,0,0,0,998,0,0,0,3,3,6,2,42,0,0,0,1,37,28789,6,1,0,0,3,2,73,999,1,0,0,0,0,6,2010,6,2010,1,36,74,0,0,1,2,40,1,2,2,1,0,0,1,6,99,9,4,7,1,1
24,240205,1,2,1,29,7,16,2,12,6,1,0,24,2,18,7,18007,4,1995,1G4AG55M5S64,1,G,4,A,G,5,5,M,5,S,6,4,0,P,BUIC,CSP,4D,95,17,2986,,0,1049,,G,,0,0,000000000,00000000000,0,0,0,1,0,0,0,0,0,0,0,998,0,0,0,9,9,6,2,12,0,0,0,1,24,20707,6,1,0,0,3,0,62,160,0,0,0,0,0,0,0,0,0,0,0,0,0,0,1,2,25,1,1,2,1,20,3,3,17,1,1,1,89,1,0