STATE,ST_CASE,VEH_NO,VE_FORMS,NUMOCCS,DAY,MONTH,HOUR,MINUTE,HARM_EV,MAN_COLL,UNITTYPE,HIT_RUN,REG_STAT,OWNER,MAKE,MODEL,MAK_MOD,BODY_TYP,MOD_YEAR,VIN,VIN_1,VIN_2,VIN_3,VIN_4,VIN_5,VIN_6,VIN_7,VIN_8,VIN_9,VIN_10,VIN_11,VIN_12,TOW_VEH,VINTYPE,VINMAKE,VINA_MOD,VIN_BT,VINMODYR,VIN_LNGT,VIN_WGT,WGTCD_TR,WHLBS_LG,WHLBS_SH,SER_TR,FUELCODE,MCYCL_DS,J_KNIFE,MCARR_I1,MCARR_I2,MCARR_ID,GVWR,V_CONFIG,CARGO_BT,HAZ_INV,HAZ_PLAC,HAZ_ID,HAZ_CNO,HAZ_REL,BUS_USE,SPEC_USE,EMER_USE,TRAV_SP,UNDERIDE,ROLLOVER,ROLINLOC,IMPACT1,IMPACT2,DEFORMED,TOWED,M_HARM,VEH_SC1,VEH_SC2,FIRE_EXP,DR_PRES,L_STATE,DR_ZIP,L_STATUS,L_TYPE,CDL_STAT,L_ENDORS,L_COMPL,L_RESTRI,DR_HGT,DR_WGT,PREV_ACC,PREV_SUS,PREV_DWI,PREV_SPD,PREV_OTH,FIRST_MO,FIRST_YR,LAST_MO,LAST_YR,SPEEDREL,DR_SF1,DR_SF2,DR_SF3,DR_SF4,VTRAFWAY,VNUM_LAN,VSPD_LIM,VALIGN,VPROFILE,VPAVETYP,VSURCOND,VTRAFCON,VTCONT_F,P_CRASH1,P_CRASH2,P_CRASH3,PCRASH4,PCRASH5,ACC_TYPE,DEATHS,DR_DRINK
24,240273,1,1,2,28,8,17,10,42,0,1,0,24,1,12,481,12481,31,2011,1FT7W2BT2BEA,1,F,T,7,W,2,B,T,2,B,E,A,0,T,FORD,F2S,CW,11,17,,2,1724,1562,SRW,D,,0,0,000000000,00000000000,0,0,0,1,0,0,0,0,0,0,0,998,0,0,0,12,12,6,2,42,0,0,0,1,24,21863,6,1,0,0,3,0,67,190,0,0,0,0,0,0,0,0,0,1,28,0,0,0,1,2,50,4,1,2,1,0,0,14,6,99,9,4,2,1,1
24,240274,1,1,1,26,8,8,2,33,0,1,0,24,2,54,31,54031,3,1999,JH4DC4461XS0,J,H,4,D,C,4,4,6,1,X,S,0,0,P,ACUR,IGS,2H,99,17,2680,,0,1012,,G,,0,0,000000000,00000000000,0,0,0,1,0,0,0,0,0,0,0,998,0,0,0,98,1,6,2,2,0,0,1,1,24,21077,6,1,0,0,3,0,67,145,0,1,0,0,2,5,2009,2,2010,1,28,0,0,0,3,2,40,1,1,2,1,0,0,1,9,99,9,4,7,1,0
24,240275,1,2,2,6,8,8,6,12,6,1,0,24,2,20,16,20016,2,1992,1G1JC1442N73,1,G,1,J,C,1,4,4,2,N,7,3,0,P,CHEV,CRV,CP,92,17,2509,,0,1013,,G,,0,0,000000000,00000000000,0,0,0,1,0,0,0,0,0,0,0,998,0,0,0,3,3,4,3,12,0,0,0,1,24,20718,6,1,0,0,3,1,69,200,0,0,0,0,0,0,0,0,0,0,38,0,0,0,1,2,35,4,2,2,1,0,0,11,15,1,1,1,68,0,0
24,240275,2,2,1,6,8,8,6,12,6,1,0,24,1,73,706,73706,80,2008,JKAZX4P1X8A0,J,K,A,Z,X,4,P,1,X,8,A,0,0,M,KAWK,ZXP,RS,8,17,,,,,,,599,0,0,000000000,00000000000,0,0,0,1,0,0,0,0,0,0,0,998,0,0,0,12,12,6,2,12,0,0,0,1,24,20743,6,1,0,0,3,0,69,225,0,0,0,0,0,0,0,0,0,0,0,0,0,0,1,2,35,4,2,2,1,0,0,14,62,99,1,1,69,1,0
24,240276,1,2,1,22,7,16,35,12,6,1,0,24,2,12,23,12023,4,2007,3FAHP08137R2,3,F,A,H,P,0,8,1,3,7,R,2,0,P,FORD,F/L,4D,7,17,3101,,0,1074,,G,,0,0,000000000,00000000000,0,0,0,1,0,0,0,0,0,0,0,998,0,0,0,9,9,6,2,12,0,0,0,1,24,20732,6,1,0,0,3,0,61,110,0,0,0,0,0,0,0,0,0,1,28,0,0,0,1,2,40,4,3,2,1,0,0,14,9,99,9,2,65,1,1
24,240276,2,2,3,22,7,16,35,12,6,1,0,24,1,20,443,20443,20,2000,1GNDX03E2YD2,1,G,N,D,X,0,3,E,2,Y,D,2,0,T,CHEV,VTR,ES,0,17,,1,0,1200,VTR,G,,0,0,000000000,00000000000,0,0,0,1,0,0,0,0,0,0,0,998,0,0,0,12,12,6,2,12,0,0,0,1,24,20732,6,1,0,0,3,0,61,134,0,0,0,0,1,7,2008,7,2008,0,0,0,0,0,1,2,40,4,3,2,1,0,0,14,62,99,1,1,64,0,0
24,240277,1,1,1,8,8,10,16,30,0,1,0,24,2,35,47,35047,4,2001,1N4DL01D41C2,1,N,4,D,L,0,1,D,4,1,C,2,0,P,NISS,AXE,4D,1,17,2754,,0,1031,,G,,0,0,000000000,00000000000,0,0,0,1,0,0,0,0,0,0,0,998,0,1,6,12,13,6,2,1,0,0,0,1,24,20724,6,1,0,0,3,0,66,180,0,0,0,0,0,0,0,0,0,0,28,0,0,0,3,2,35,1,1,2,1,0,0,1,8,99,9,4,2,1,0
24,240278,1,2,2,12,8,18,39,24,0,1,0,24,1,12,17,12017,4,2002,1FAHP56S62A2,1,F,A,H,P,5,6,S,6,2,A,2,0,P,FORD,TEL,4D,2,17,3408,,0,1085,,G,,0,0,000000000,00000000000,0,0,0,1,0,0,0,0,0,0,0,998,0,0,0,12,98,6,2,12,0,0,0,1,24,21222,6,1,0,0,3,0,74,181,0,1,0,0,0,10,2007,10,2007,1,28,0,0,0,3,2,65,1,2,2,2,0,0,15,9,99,9,4,2,1,0
24,240278,2,2,1,12,8,18,39,24,0,1,0,20,3,82,883,82883,66,2006,1FUJA6DE96LW,1,F,U,J,A,6,D,E,9,6,L,W,1,T,FRHT,COL,DS,6,17,,8,0,0,CON,D,,1,57,0205160,570205160,3,6,1,1,0,0,0,0,0,0,0,998,0,0,0,12,12,4,3,12,0,0,0,1,20,66901,6,1,6,0,3,0,73,220,0,0,0,1,0,10,2007,10,2007,0,0,0,0,0,3,2,65,1,2,2,2,0,0,1,61,99,1,1,98,0,0
24,240279,1,1,1,8,8,11,20,14,0,1,0,42,2,14,401,14401,14,2006,4M2EU48816UJ,4,M,2,E,U,4,8,8,1,6,U,J,0,P,MERC,MOU,UT,6,17,4679,,0,1137,,G,,0,0,000000000,00000000000,0,0,0,1,0,0,0,0,0,0,0,998,0,0,0,6,6,4,9,8,0,0,0,1,42,17222,6,1,0,0,3,0,67,999,0,0,0,0,0,0,0,0,0,0,31,36,0,0,1,2,25,1,2,2,1,0,0,13,8,10,1,4,98,0,0
24,240280,1,2,1,26,1,16,46,12,6,1,0,10,1,37,706,37706,80,1993,JH2SC2805PM1,J,H,2,S,C,2,8,0,5,P,M,1,0,M,HOND,CR9,RS,93,17,,,,,,,900,0,0,000000000,00000000000,0,0,0,1,0,0,0,0,0,0,0,998,0,0,0,12,12,6,2,12,0,0,0,1,11,20019,6,1,0,0,3,0,69,165,0,0,0,0,0,0,0,0,0,1,38,0,0,0,3,2,30,1,1,2,1,3,3,1,17,99,1,1,69,1,0
24,240280,2,2,2,26,1,16,46,12,6,1,0,11,2,22,401,22401,14,2001,3G7DA03E11S5,3,G,7,D,A,0,3,E,1,1,S,5,0,P,PONT,AZT,UT,1,17,3779,,0,1083,,G,,0,0,000000000,00000000000,0,0,0,1,0,0,0,0,0,0,0,998,0,0,0,3,3,4,3,12,0,0,0,1,24,20785,3,1,0,0,2,2,65,223,0,0,0,0,0,0,0,0,0,0,74,0,0,0,3,2,30,1,1,2,1,3,3,11,62,1,1,1,68,0,0
24,240281,1,2,1,10,4,2,58,12,1,1,0,24,3,20,422,20422,15,2008,1GNFK16388J2,1,G,N,F,K,1,6,3,8,8,J,2,0,P,CHEV,K15,UT,8,17,5743,,0,1300,,F,,0,0,000000000,00000000000,0,0,0,1,0,0,0,0,0,0,0,998,0,0,0,12,12,6,2,12,0,0,0,1,24,20607,6,1,0,0,3,0,72,180,0,0,0,0,0,0,0,0,0,1,36,0,0,0,3,3,55,3,1,2,1,0,0,14,51,1,1,1,32,0,1
24,240281,2,2,1,10,4,2,58,12,1,1,0,11,1,49,40,49040,4,2006,4T1BE30K26U6,4,T,1,B,E,3,0,K,2,6,U,6,0,P,TOYT,UXS,4D,6,17,3108,,0,1071,,G,,0,0,000000000,00000000000,0,0,0,1,0,0,0,0,0,0,0,998,0,0,0,6,6,6,2,12,0,0,0,1,11,20007,6,1,0,0,3,0,70,190,0,0,0,0,0,0,0,0,0,0,0,0,0,0,3,3,55,3,1,2,1,0,0,14,19,1,1,1,32,1,0
24,240282,1,2,1,8,9,18,12,12,8,1,0,24,1,42,48,42048,4,1997,WDBJF20F5VA2,W,D,B,J,F,2,0,F,5,V,A,2,0,P,MERZ,E30,4D,97,17,3405,,0,1115,,D,,0,0,000000000,00000000000,0,0,0,1,0,0,0,0,0,0,0,998,0,0,0,11,12,6,2,42,0,0,0,1,24,21013,6,1,0,0,3,0,74,220,0,0,0,0,0,0,0,0,0,0,28,0,0,0,1,2,35,1,1,2,1,0,0,1,9,6,9,2,64,1,1
24,240282,2,2,2,8,9,18,12,12,8,1,0,24,3,20,880,20880,67,2003,1GCJK331X3F1,1,G,C,J,K,3,3,1,X,3,F,1,1,T,CHEV,SK3,CW,3,17,,3,0,1670,SIL,D,,1,77,777777777,77777777777,2,1,1,1,0,0,0,0,0,0,0,998,0,0,0,8,8,4,1,12,0,0,0,1,24,21160,6,1,0,0,3,0,71,250,0,0,0,0,0,0,0,0,0,0,0,0,0,0,1,2,35,1,1,2,1,0,0,1,62,7,1,1,65,0,0
24,240283,1,2,4,30,9,19,19,12,6,1,0,12,2,20,443,20443,20,1999,1GNDX03E5XD2,1,G,N,D,X,0,3,E,5,X,D,2,0,T,CHEV,VTR,ES,99,17,,1,0,1200,VTR,G,,0,0,000000000,00000000000,0,0,0,1,0,0,0,0,0,0,0,998,0,0,0,9,9,6,2,12,0,0,0,1,24,21871,0,0,0,0,0,0,999,999,0,0,0,0,0,0,0,0,0,0,38,36,0,0,3,2,55,1,1,2,2,20,3,4,17,1,1,1,89,1,1
24,240283,2,2,1,30,9,19,19,12,6,1,0,24,3,87,881,87881,66,2003,1XP5DB9X93N5,1,X,P,5,D,B,9,X,9,3,N,5,1,T,PTRB,379,DS,3,17,,8,0,0,CON,D,,1,57,00429426,5700429426,3,6,1,1,0,0,0,0,0,0,0,998,0,0,0,12,12,6,2,12,0,0,0,1,24,21144,6,1,6,0,3,0,68,195,0,0,0,0,0,0,0,0,0,0,0,0,0,0,3,2,55,1,1,2,2,0,0,1,66,99,1,1,88,0,0
24,240284,1,2,1,30,9,14,49,12,1,1,0,24,1,12,422,12422,15,2003,1FMFU18LX3LA,1,F,M,F,U,1,8,L,X,3,L,A,0,P,FORD,EPT,UT,3,17,5686,,0,1191,,G,,0,0,000000000,00000000000,0,0,0,1,0,0,0,0,0,0,0,998,0,0,0,12,12,6,2,12,0,0,0,1,51,22485,6,1,0,0,3,0,71,195,0,0,0,0,0,0,0,0,0,1,0,0,0,0,3,2,45,1,2,2,2,3,3,1,50,99,1,1,20,1,0
24,240284,2,2,1,30,9,14,49,12,1,1,0,24,3,84,884,84884,63,2011,1HTMMAAL0BH2,1,H,T,M,M,A,A,L,0,B,H,2,0,T,INTL,430,CC,11,17,,6,0,0,40S,D,,0,57,327574,57327574,3,2,1,1,0,0,0,0,0,0,0,0,0,0,0,6,6,4,3,12,0,0,0,1,24,21229,6,1,0,0,3,0,70,175,0,1,0,0,1,5,2008,7,2008,0,0,0,0,0,3,2,45,1,2,2,2,3,3,5,53,1,1,1,21,0,0
24,240285,1,2,1,18,10,4,37,12,1,1,0,23,3,84,881,84881,66,2000,2HSCNAER3YC0,2,H,S,C,N,A,E,R,3,Y,C,0,1,T,INTL,94I,DS,0,17,,8,0,0,940,D,,1,57,404752,57404752,3,6,1,1,0,0,0,0,0,0,0,998,0,1,1,12,12,6,2,42,0,0,0,1,51,24482,6,1,6,0,3,0,68,190,0,0,0,0,0,0,0,0,0,0,0,0,0,0,3,3,55,1,1,2,1,0,0,1,50,99,1,1,20,1,1
24,240285,2,2,1,18,10,4,37,12,1,1,0,24,1,37,32,37032,2,1993,1HGCB7257PA0,1,H,G,C,B,7,2,5,7,P,A,0,0,P,HOND,ALX,CP,93,17,2829,,0,1071,,G,,0,0,000000000,00000000000,0,0,0,1,0,0,0,0,0,0,0,0,0,0,0,6,6,6,2,12,0,0,0,1,24,20874,6,1,0,0,3,0,71,185,0,0,0,0,0,0,0,0,0,0,54,0,0,0,3,3,55,1,1,2,1,0,0,5,53,1,1,1,21,0,1
24,240286,1,1,1,6,10,20,36,33,0,1,0,24,1,20,4,20004,2,2007,1G1YY26U2751,1,G,1,Y,Y,2,6,U,2,7,5,1,0,P,CHEV,CVT,CP,7,17,3179,,0,1057,,G,,0,0,000000000,00000000000,0,0,0,1,0,0,0,0,0,0,0,998,0,0,0,98,12,6,2,14,0,0,0,1,24,21136,6,1,0,0,3,0,69,155,0,0,0,0,0,0,0,0,0,0,87,0,0,0,3,2,50,1,2,2,2,0,0,1,9,99,9,4,2,1,1
24,240287,1,3,1,11,10,16,6,12,1,1,0,24,1,7,482,7482,31,2001,1B7KF23691J5,1,B,7,K,F,2,3,6,9,1,J,5,0,T,DODG,Q25,4C,1,17,,2,1547,1387,RPC,D,,0,0,000000000,00000000000,0,0,0,1,0,0,0,0,0,0,0,998,0,0,0,12,12,4,3,12,0,0,0,1,24,21773,6,1,6,0,3,0,74,215,0,0,0,0,0,0,0,0,0,0,26,36,0,0,1,2,50,1,2,1,1,0,0,1,50,1,1,1,20,0,0
24,240287,2,3,1,11,10,16,6,12,1,1,0,24,2,6,52,6052,6,2003,3C8FY68B13T5,3,C,8,F,Y,6,8,B,1,3,T,5,0,P,CHRY,PTC,SV,3,17,3121,,0,1030,,G,,0,0,000000000,00000000000,0,0,0,1,0,0,0,0,0,0,0,0,0,0,0,6,3,6,2,12,0,0,0,1,24,21702,6,1,0,0,3,0,64,160,0,0,0,0,0,0,0,0,0,0,0,0,0,0,1,2,50,1,2,1,1,0,0,5,53,1,1,1,21,1,1
24,240287,3,3,1,11,10,16,6,12,1,1,0,42,3,82,883,82883,66,2005,1FUJAPCK25DU,1,F,U,J,A,P,C,K,2,5,D,U,1,T,FRHT,FL3,DS,5,17,,8,0,0,CON,D,,1,57,045824,57045824,3,6,1,1,0,0,0,0,0,0,0,998,0,0,0,12,12,6,2,12,0,0,0,1,42,15522,6,1,6,0,3,0,71,999,0,0,0,0,0,0,0,0,0,0,0,0,0,0,1,2,50,1,2,1,1,0,0,1,62,99,1,1,98,0,0
24,240288,1,4,1,27,4,11,39,12,6,1,0,51,1,23,481,23481,31,1990,1GTDC14Z4LE5,1,G,T,D,C,1,4,Z,4,L,E,5,0,T,GMC,SC1,PK,90,17,,1,1315,1175,SIE,G,,0,0,000000000,00000000000,0,0,0,1,0,0,0,0,0,0,0,998,0,0,0,1,1,6,2,12,0,0,0,1,51,23488,6,1,0,0,3,0,69,185,0,0,0,0,0,0,0,0,0,0,39,0,0,0,3,2,55,1,1,2,1,3,3,11,15,1,1,1,68,0,0
24,240288,2,4,1,27,4,11,39,12,6,1,0,51,1,37,706,37706,80,1996,1HFSC2203TA8,1,H,F,S,C,2,2,0,3,T,A,8,0,M,HOND,G/2,RS,96,17,,,,,,,1520,0,0,000000000,00000000000,0,0,0,1,0,0,0,0,0,0,0,998,0,0,0,12,12,6,2,12,0,0,0,1,51,20171,6,1,0,0,3,0,67,230,0,0,0,0,0,0,0,0,0,0,0,0,0,0,3,2,55,1,1,2,1,3,3,1,62,99,1,1,69,1,0
24,240288,3,4,1,27,4,11,39,12,6,1,0,51,1,73,706,73706,80,2007,JKBVNKD137A0,J,K,B,V,N,K,D,1,3,7,A,0,0,M,KAWK,DVN,RS,7,17,,,,,,,1552,0,0,000000000,00000000000,0,0,0,1,0,0,0,0,0,0,0,998,0,0,0,12,12,6,2,12,0,0,0,1,51,20175,6,1,0,0,3,0,72,160,0,0,0,0,0,0,0,0,0,0,0,0,0,0,3,2,55,1,1,2,1,3,3,1,62,99,1,1,98,0,0
24,240288,4,4,1,27,4,11,39,12,6,1,0,24,2,13,1,13001,4,2004,1LNHM81W34Y6,1,L,N,H,M,8,1,W,3,4,Y,6,0,P,LINC,EXS,4D,4,17,0,,0,1177,,G,,0,0,000000000,00000000000,0,0,0,1,0,0,0,0,0,0,0,998,0,0,0,12,12,6,2,12,0,0,0,1,24,21853,6,1,0,0,3,3,75,320,0,0,0,0,0,0,0,0,0,0,0,0,0,0,3,2,55,1,1,2,1,3,3,1,62,99,1,1,98,0,0
24,240289,1,1,1,4,5,20,33,8,0,1,0,24,1,52,34,52034,4,2001,4A3AA36G51E0,4,A,3,A,A,3,6,G,5,1,E,0,0,P,MITS,UGD,4D,1,17,3031,,0,1037,,G,,0,0,000000000,00000000000,0,0,0,1,0,0,0,0,0,0,0,998,0,0,0,12,12,2,1,8,0,0,0,1,24,20785,6,1,0,0,3,3,72,190,0,0,0,0,0,0,0,0,0,0,0,0,0,0,3,2,35,1,1,2,1,0,0,1,80,1,1,1,13,0,0
24,240290,1,2,3,9,5,3,30,12,1,1,0,24,1,35,47,35047,4,1998,1N4AB41D3WC7,1,N,4,A,B,4,1,D,3,W,C,7,0,P,NISS,EXE,4D,98,17,2353,,0,998,,G,,0,0,000000000,00000000000,0,0,0,1,0,0,0,0,0,0,0,998,0,0,0,12,12,6,2,30,0,0,0,1,24,20903,6,1,0,0,3,0,65,165,0,0,0,0,0,0,0,0,0,1,0,0,0,0,3,3,35,1,1,2,1,0,0,1,51,1,1,1,24,3,1
24,240290,2,2,1,9,5,3,30,12,1,1,0,11,1,35,471,35471,30,1995,1N6SD11S3SC4,1,N,6,S,D,1,1,S,3,S,C,4,0,T,NISS,EXE,PK,95,17,,1,0,1043,TRK,G,,0,0,000000000,00000000000,0,0,0,1,0,0,0,0,0,0,0,998,0,0,0,6,6,4,3,12,0,0,0,1,11,20012,6,1,6,0,3,0,69,190,0,0,0,0,0,0,0,0,0,0,0,0,0,0,3,3,35,1,1,2,1,0,0,1,53,1,1,1,25,0,0
24,240291,1,1,1,5,6,15,53,8,0,1,0,24,1,23,401,23401,14,2004,1GKET16S9461,1,G,K,E,T,1,6,S,9,4,6,1,0,T,GMC,EXL,4W,4,17,,2,0,1290,ENV,G,,0,0,000000000,00000000000,0,0,0,1,0,0,0,0,0,0,0,998,0,0,0,98,98,4,1,8,0,0,0,1,24,20748,6,1,0,0,3,0,65,161,0,0,0,0,0,0,0,0,0,0,0,0,0,0,1,2,30,1,1,2,1,0,0,1,80,99,1,1,13,0,0
24,240292,1,1,2,6,6,0,31,1,0,1,0,24,1,35,39,35039,4,1995,JN1CA21D1ST0,J,N,1,C,A,2,1,D,1,S,T,0,0,P,NISS,MGS,4D,95,17,2886,,0,1063,,G,,0,0,000000000,00000000000,0,0,0,1,0,0,0,0,0,0,0,998,0,2,6,0,13,6,2,42,0,0,0,1,24,20769,6,1,0,0,3,0,76,210,0,0,0,0,0,0,0,0,0,1,0,0,0,0,3,2,40,1,2,2,1,0,0,1,9,99,9,4,2,1,1
24,240293,1,1,2,5,9,2,21,30,0,1,0,24,2,49,442,49442,20,2003,4T3ZF13C83U5,4,T,3,Z,F,1,3,C,8,3,U,5,0,P,TOYT,SIE,SV,3,17,3932,,0,1142,,G,,0,0,000000000,00000000000,0,0,0,1,0,0,0,0,0,0,0,998,0,0,0,12,12,6,2,42,0,0,0,1,12,21702,6,1,0,0,3,0,64,999,0,0,0,1,0,12,2009,12,2009,1,28,0,0,0,1,2,40,2,1,2,1,0,0,14,6,1,9,4,7,1,1
24,240294,1,4,1,2,11,20,10,12,1,1,0,24,1,35,421,35421,15,2006,5N1AA08B76N7,5,N,1,A,A,0,8,B,7,6,N,7,0,P,NISS,ARM,UT,6,17,5359,,0,1232,,G,,0,0,000000000,00000000000,0,0,0,1,0,0,0,0,0,0,0,998,0,0,0,12,12,6,2,31,0,0,0,1,24,20774,6,1,6,0,3,0,74,260,0,0,0,0,0,0,0,0,0,1,26,0,0,0,3,2,50,1,2,2,1,3,3,1,52,1,1,1,28,1,0
24,240294,2,4,1,2,11,20,10,12,1,1,0,24,1,41,47,41047,4,2000,JM1TA2227Y1G,J,M,1,T,A,2,2,2,7,Y,1,G,0,P,MAZD,MSE,4D,0,17,3355,,0,1083,,G,,0,0,000000000,00000000000,0,0,0,1,0,0,0,0,0,0,0,998,0,0,0,6,6,6,2,12,0,0,0,1,24,20613,6,1,0,0,3,0,72,205,0,0,0,0,0,0,0,0,0,0,0,0,0,0,3,2,50,1,2,2,1,3,3,2,18,1,1,1,29,0,0
24,240294,3,4,3,2,11,20,10,12,1,1,0,11,1,37,441,37441,20,2006,5FNRL38826B0,5,F,N,R,L,3,8,8,2,6,B,0,0,P,HOND,UDY,SV,6,17,4655,,0,1181,,G,,0,0,000000000,00000000000,0,0,0,1,0,0,0,0,0,0,0,998,0,0,0,6,6,4,1,12,0,0,0,1,11,20011,6,1,0,0,3,0,65,180,0,0,0,0,0,0,0,0,0,0,0,0,0,0,3,2,50,1,2,2,1,3,3,4,64,1,1,1,98,0,0
24,240294,4,4,2,2,11,20,10,12,1,1,0,24,1,6,51,6051,4,2007,2C3KA53G37H8,2,C,3,K,A,5,3,G,3,7,H,8,0,P,CHRY,3TR,4D,7,17,3665,,0,1200,,G,,0,0,000000000,00000000000,0,0,0,1,0,0,0,0,0,0,0,0,0,0,0,6,6,6,2,12,0,0,0,1,24,20735,6,1,0,0,3,0,67,190,0,0,0,0,0,0,0,0,0,0,0,0,0,0,3,2,50,1,2,2,1,3,3,5,66,1,1,1,98,0,0
24,240295,1,1,1,3,11,4,37,42,0,1,0,36,3,55,35,55035,4,2010,KMHDU4AD6AU0,K,M,H,D,U,4,A,D,6,A,U,0,0,P,HYUN,BGS,4D,10,17,2723,,0,1043,,G,,0,0,000000000,00000000000,0,0,0,1,0,0,0,0,0,0,0,998,0,0,0,9,9,6,2,42,0,0,0,1,11,20001,0,0,0,0,0,0,999,999,0,0,0,0,0,0,0,0,0,0,28,0,0,0,1,2,50,3,1,2,1,0,0,14,12,4,1,4,6,1,0
24,240296,1,1,1,4,11,1,56,8,0,1,1,99,9,99,999,99999,99,9999,999999999999,9,9,9,9,9,9,9,9,9,9,9,9,0,U,,,,9,17,,,,,,,,0,0,000000000,00000000000,0,0,0,1,0,0,0,0,0,0,0,998,0,0,0,99,99,9,1,8,0,0,0,1,99,99999,9,9,99,9,9,9,999,999,99,99,99,99,99,99,9999,99,9999,9,99,99,99,99,3,2,50,1,1,2,2,0,0,1,80,99,1,1,13,0,0
24,240297,1,1,2,5,12,18,37,42,0,1,0,24,3,37,31,37031,4,2010,2HGFA1F56AH5,2,H,G,F,A,1,F,5,6,A,H,5,0,P,HOND,UCL,4D,10,17,2754,,0,1063,,G,,0,0,000000000,00000000000,0,0,0,1,0,0,0,0,0,0,0,65,0,0,0,3,3,6,2,42,0,0,0,1,24,21212,6,1,0,0,3,0,69,155,0,2,0,0,0,11,2009,3,2010,1,28,0,0,0,1,2,30,1,2,2,1,0,0,1,6,4,2,4,7,1,0
24,240298,1,3,1,7,12,14,36,12,6,1,0,24,1,98,808,98808,62,2000,JNAPA33H4YGN,J,N,A,P,A,3,3,H,4,Y,G,N,0,T,UD,UD6,TB,0,17,,6,0,0,UDS,D,,0,57,803098,57803098,2,1,1,1,0,0,0,0,0,0,0,998,0,0,0,12,12,4,1,12,0,0,0,1,24,21207,6,1,0,0,3,0,72,280,0,0,0,0,0,0,0,0,0,0,39,36,0,0,2,3,35,1,1,2,1,3,3,1,17,1,1,1,88,0,0
24,240298,2,3,1,7,12,14,36,12,6,1,0,24,1,20,16,20016,6,1994,1G1JC84T2R71,1,G,1,J,C,8,4,T,2,R,7,1,0,P,CHEV,CAV,SW,94,17,2623,,0,1013,,G,,0,0,000000000,00000000000,0,0,0,1,0,0,0,0,0,0,0,998,0,0,0,11,11,6,2,12,0,0,0,1,24,21221,6,1,0,0,3,0,70,180,0,0,0,0,0,0,0,0,0,0,0,0,0,0,1,2,30,1,1,2,1,3,3,1,66,1,1,1,89,1,0
24,240298,3,3,1,7,12,14,36,12,6,1,0,24,1,12,37,12037,2,2000,3FAFP3137YR1,3,F,A,F,P,3,1,3,7,Y,R,1,0,P,FORD,FZX,3P,0,17,2551,,0,1030,,G,,0,0,000000000,00000000000,0,0,0,1,0,0,0,0,0,0,0,998,0,0,0,11,11,4,3,12,0,0,0,1,24,21221,6,1,0,0,3,0,60,123,0,0,0,0,0,0,0,0,0,0,0,0,0,0,1,2,30,1,1,2,1,3,3,1,60,7,1,1,98,0,0
24,240299,1,4,1,2,11,15,31,12,1,1,0,24,3,82,881,82881,60,2000,4UZA3NT2XYCG,4,U,Z,A,3,N,T,2,X,Y,C,G,0,T,FRHT,MWV,IC,0,17,,2,0,0,CHA,D,,0,88,888888888,88888888888,2,1,1,1,0,0,0,0,0,0,0,998,0,0,0,12,12,6,2,12,0,0,0,1,24,20601,6,1,0,0,3,0,74,203,0,1,0,0,0,8,2010,8,2010,1,39,36,0,0,3,2,55,1,1,2,1,3,3,1,50,1,1,1,20,0,0
24,240299,2,4,1,2,11,15,31,12,1,1,0,24,2,20,22,20022,4,2007,1G1AL55F2771,1,G,1,A,L,5,5,F,2,7,7,1,0,P,CHEV,BLT,4D,7,17,3216,,0,1033,,G,,0,0,000000000,00000000000,0,0,0,1,0,0,0,0,0,0,0,0,0,0,0,6,12,6,2,12,0,0,0,1,24,20601,6,1,0,0,3,3,70,164,0,0,0,0,0,0,0,0,0,0,0,0,0,0,3,2,55,1,1,2,1,3,3,5,50,1,1,1,21,1,0
24,240299,3,4,1,2,11,15,31,12,1,1,0,24,1,35,401,35401,14,1992,JN8HD17Y0NW0,J,N,8,H,D,1,7,Y,0,N,W,0,0,P,NISS,PFI,UT,92,17,3912,,0,1043,,G,,0,0,000000000,00000000000,0,0,0,1,0,0,0,0,0,0,0,0,0,1,5,6,6,6,2,1,0,0,0,1,24,20678,6,1,0,0,3,0,62,195,0,0,0,0,0,0,0,0,0,0,0,0,0,0,3,2,55,1,1,2,1,3,3,5,53,1,1,1,98,0,0
24,240299,4,4,1,2,11,15,31,12,1,1,0,24,1,20,2,20002,4,2008,2G1WB58NX892,2,G,1,W,B,5,8,N,X,8,9,2,0,P,CHEV,IPL,4D,8,17,3555,,0,1105,,G,,0,0,000000000,00000000000,0,0,0,1,0,0,0,0,0,0,0,998,0,0,0,12,12,4,3,12,0,0,0,1,24,20678,6,1,0,0,3,0,66,190,0,0,0,0,0,0,0,0,0,0,0,0,0,0,3,2,50,1,1,2,1,3,3,11,66,1,1,1,98,0,0
24,240300,1,1,3,22,10,22,28,8,0,1,0,24,2,20,2,20002,4,2001,2G1WH55K5192,2,G,1,W,H,5,5,K,5,1,9,2,0,P,CHEV,IPL,4D,1,17,3466,,0,1105,,G,,0,0,000000000,00000000000,0,0,0,1,0,0,0,0,0,0,0,998,0,2,5,12,12,6,2,8,0,0,0,1,24,20774,6,1,0,0,3,2,76,262,0,0,0,0,0,0,0,0,0,1,74,28,0,0,1,3,98,1,2,2,1,0,0,1,6,99,1,1,13,0,0
24,240301,1,2,1,20,10,9,56,12,1,1,0,24,3,20,2,20002,4,2009,2G1WS57M5912,2,G,1,W,S,5,7,M,5,9,1,2,0,P,CHEV,I/P,4D,9,17,0,,0,1105,,F,,0,0,000000000,00000000000,0,0,0,1,0,0,0,0,0,5,1,998,0,0,0,12,12,6,2,12,0,0,0,1,24,21117,6,1,0,0,3,0,74,250,0,0,0,0,0,0,0,0,0,1,0,0,0,0,3,3,50,1,1,2,1,0,0,1,50,1,1,1,20,1,1