STATE,ST_CASE,VEH_NO,VE_FORMS,NUMOCCS,DAY,MONTH,HOUR,MINUTE,HARM_EV,MAN_COLL,UNITTYPE,HIT_RUN,REG_STAT,OWNER,MAKE,MODEL,MAK_MOD,BODY_TYP,MOD_YEAR,VIN,VIN_1,VIN_2,VIN_3,VIN_4,VIN_5,VIN_6,VIN_7,VIN_8,VIN_9,VIN_10,VIN_11,VIN_12,TOW_VEH,VINTYPE,VINMAKE,VINA_MOD,VIN_BT,VINMODYR,VIN_LNGT,VIN_WGT,WGTCD_TR,WHLBS_LG,WHLBS_SH,SER_TR,FUELCODE,MCYCL_DS,J_KNIFE,MCARR_I1,MCARR_I2,MCARR_ID,GVWR,V_CONFIG,CARGO_BT,HAZ_INV,HAZ_PLAC,HAZ_ID,HAZ_CNO,HAZ_REL,BUS_USE,SPEC_USE,EMER_USE,TRAV_SP,UNDERIDE,ROLLOVER,ROLINLOC,IMPACT1,IMPACT2,DEFORMED,TOWED,M_HARM,VEH_SC1,VEH_SC2,FIRE_EXP,DR_PRES,L_STATE,DR_ZIP,L_STATUS,L_TYPE,CDL_STAT,L_ENDORS,L_COMPL,L_RESTRI,DR_HGT,DR_WGT,PREV_ACC,PREV_SUS,PREV_DWI,PREV_SPD,PREV_OTH,FIRST_MO,FIRST_YR,LAST_MO,LAST_YR,SPEEDREL,DR_SF1,DR_SF2,DR_SF3,DR_SF4,VTRAFWAY,VNUM_LAN,VSPD_LIM,VALIGN,VPROFILE,VPAVETYP,VSURCOND,VTRAFCON,VTCONT_F,P_CRASH1,P_CRASH2,P_CRASH3,PCRASH4,PCRASH5,ACC_TYPE,DEATHS,DR_DRINK
24,240301,2,2,4,20,10,9,56,12,1,1,0,24,3,98,882,98882,63,1994,4P1CT02U8RA0,4,P,1,C,T,0,2,U,8,R,A,0,0,U,,,,94,17,,,,,,,,0,88,888888888,88888888888,3,2,96,1,0,0,0,0,0,7,1,0,0,0,0,6,6,6,2,12,0,0,0,1,24,21228,6,1,6,0,3,1,72,265,0,0,0,0,0,0,0,0,0,0,0,0,0,0,3,3,50,1,1,2,1,0,0,5,53,1,1,1,21,0,0
24,240302,1,1,1,19,8,16,20,9,0,1,0,24,1,37,403,37403,14,2006,5J6YH28756L0,5,J,6,Y,H,2,8,7,5,6,L,0,0,P,HOND,ELE,UT,6,17,3578,,0,1014,,G,,0,0,000000000,00000000000,0,0,0,1,0,0,0,0,0,0,0,998,0,0,0,14,14,2,1,9,0,0,0,1,24,21214,6,1,0,0,3,0,69,175,0,0,0,0,0,0,0,0,0,0,0,0,0,0,1,2,25,1,1,2,1,20,3,1,83,1,1,1,13,0,0
24,240303,1,2,1,20,7,10,3,12,1,1,0,24,2,19,14,19014,4,1999,1G6KY5492XU9,1,G,6,K,Y,5,4,9,2,X,U,9,0,P,CADI,STS,4D,99,17,4001,,0,1122,,G,,0,0,000000000,00000000000,0,0,0,1,0,0,0,0,0,0,0,998,0,0,0,12,12,6,2,12,0,0,0,1,24,20785,6,1,0,0,3,0,66,150,0,0,0,0,0,0,0,0,0,1,36,0,0,0,3,2,30,1,1,2,1,0,0,1,50,1,1,1,20,0,0
24,240303,2,2,3,20,7,10,3,12,1,1,0,24,1,20,17,20017,6,1990,2G1AW84TXL21,2,G,1,A,W,8,4,T,X,L,2,1,0,P,CHEV,CEL,SW,90,17,2888,,0,1049,,G,,0,0,000000000,00000000000,0,0,0,1,0,0,0,0,0,0,0,0,0,0,0,6,6,6,2,12,0,0,0,1,24,20743,6,1,0,0,3,0,68,150,0,0,0,0,0,0,0,0,0,0,0,0,0,0,3,2,30,1,1,2,1,0,0,5,53,1,1,1,21,1,0
24,240304,1,1,1,11,8,21,44,8,0,1,0,24,1,23,471,23471,30,2002,1GKDT13S1221,1,G,K,D,T,1,3,S,1,2,2,1,0,T,GMC,ENV,4W,2,17,,1,0,1130,ENV,G,,0,0,000000000,00000000000,0,0,0,1,0,0,0,0,0,0,0,998,0,0,0,12,12,2,1,8,0,0,0,1,24,20743,6,1,0,0,3,0,69,180,0,0,0,0,0,0,0,0,0,0,0,0,0,0,1,4,35,1,1,2,1,0,0,1,80,1,1,1,13,0,0
24,240305,1,4,7,1,11,16,50,12,2,1,0,51,1,35,52,35052,6,2009,JN8AZ28R69T1,J,N,8,A,Z,2,8,R,6,9,T,1,0,P,NISS,CUB,UT,9,17,2762,,0,996,,G,,0,0,000000000,00000000000,0,0,0,1,0,0,0,0,0,0,0,998,0,1,1,12,12,6,2,12,0,0,0,1,51,23453,6,1,0,0,3,0,69,260,0,0,0,0,2,1,2010,7,2010,0,27,0,0,0,1,2,55,1,1,2,1,0,0,15,10,1,1,1,50,4,0
24,240305,2,4,1,1,11,16,50,12,2,1,0,24,2,37,402,37402,14,2009,5J6RE38559L0,5,J,6,R,E,3,8,5,5,9,L,0,0,P,HOND,CRV,UT,9,17,3415,,0,1031,,G,,0,0,000000000,00000000000,0,0,0,1,0,0,0,0,0,0,0,998,0,1,1,12,12,6,2,12,0,0,0,1,24,21863,6,1,0,0,3,0,67,130,0,0,0,1,0,4,2009,4,2009,0,0,0,0,0,1,2,55,1,1,2,1,0,0,1,62,1,1,1,51,0,0
24,240305,3,4,1,1,11,16,50,12,2,1,0,51,3,87,881,87881,66,2000,1XP5DR9X1YN5,1,X,P,5,D,R,9,X,1,Y,N,5,1,T,PTRB,379,DS,0,17,,8,0,0,CON,D,,1,57,00537433,5700537433,3,6,1,1,0,0,0,0,0,0,0,998,0,0,0,9,9,2,1,12,0,0,0,1,51,23415,6,1,6,0,3,0,71,145,0,0,0,0,0,0,0,0,0,0,0,0,0,0,1,2,55,1,1,2,1,0,0,1,62,1,1,1,98,0,0
24,240305,4,4,1,1,11,16,50,12,2,1,0,34,1,30,40,30040,4,2004,3VWSK69MX4M0,3,V,W,S,K,6,9,M,X,4,M,0,0,P,VOLK,JGS,4D,4,17,2833,,0,989,,G,,0,0,000000000,00000000000,0,0,0,1,0,0,0,0,0,0,0,998,0,0,0,13,13,6,2,12,0,0,0,1,34,8060,6,1,0,0,3,0,71,999,0,0,0,0,0,0,0,0,0,0,0,0,0,0,1,2,55,1,1,2,1,0,0,1,62,4,1,1,98,0,0
24,240306,1,1,3,18,7,2,3,19,0,1,0,24,2,20,403,20403,14,2006,1GNET13H9623,1,G,N,E,T,1,3,H,9,6,2,3,0,P,CHEV,TRL,UT,6,17,4594,,0,1130,,G,,0,0,000000000,00000000000,0,0,0,1,0,0,0,0,0,0,0,60,0,0,0,12,12,6,2,19,0,0,0,1,24,21770,6,1,0,0,3,0,74,235,0,0,0,0,0,0,0,0,0,1,28,0,0,0,1,2,25,1,1,2,1,0,0,1,6,1,9,4,7,1,1
24,240307,1,1,1,6,8,20,30,1,0,1,0,24,1,53,706,53706,80,2003,JS1GW71AX321,J,S,1,G,W,7,1,A,X,3,2,1,0,M,SUZI,GXR,RS,3,17,,,,,,,1298,0,0,000000000,00000000000,0,0,0,1,0,0,0,0,0,0,0,998,0,0,0,0,0,4,3,1,0,0,0,1,24,21228,6,1,0,0,3,2,67,200,0,0,0,0,0,0,0,0,0,1,74,0,0,0,3,3,35,1,1,2,1,0,0,3,6,1,1,1,98,1,0
24,240308,1,2,1,9,8,15,28,12,6,1,0,24,1,20,34,20034,4,2000,2C1MR522XY67,2,C,1,M,R,5,2,2,X,Y,6,7,0,P,CHEV,MEL,4D,0,17,1984,,0,931,,G,,0,0,000000000,00000000000,0,0,0,1,0,0,0,0,0,0,0,998,0,0,0,9,9,6,2,12,0,0,0,1,24,21556,6,1,0,0,3,0,65,143,0,0,0,0,0,0,0,0,0,0,38,0,0,0,1,2,40,1,1,2,1,0,0,1,19,1,1,1,89,1,0
24,240308,2,2,1,9,8,15,28,12,6,1,0,54,1,7,442,7442,20,2005,2D4GP44L55R2,2,D,4,G,P,4,4,L,5,5,R,2,0,P,DODG,CAR,SV,5,17,4222,,0,1193,,G,,0,0,000000000,00000000000,0,0,0,1,0,0,0,0,0,0,0,998,0,0,0,12,12,6,2,12,0,0,0,1,54,26763,6,1,0,0,3,0,67,155,0,0,0,0,0,0,0,0,0,0,0,0,0,0,1,2,40,1,1,2,1,0,0,1,72,1,1,1,88,0,0
24,240309,1,1,1,17,8,23,35,41,0,1,0,24,1,12,473,12473,30,2003,1FMZU67E53UC,1,F,M,Z,U,6,7,E,5,3,U,C,0,P,FORD,EPR,UT,3,17,3761,,0,1259,,G,,0,0,000000000,00000000000,0,0,0,1,0,0,0,0,0,0,0,998,0,0,0,12,12,6,2,24,0,0,0,1,24,20714,6,1,0,0,3,0,69,187,0,0,0,0,0,0,0,0,0,0,28,0,0,0,3,4,35,1,2,2,1,0,0,1,10,1,1,4,6,1,0
24,240310,1,1,2,3,9,16,28,33,0,1,0,24,2,6,51,6051,4,1999,2C3HE66GXXH7,2,C,3,H,E,6,6,G,X,X,H,7,0,P,CHRY,30M,4D,99,17,3474,,0,1130,,G,,0,0,000000000,00000000000,0,0,0,1,0,0,0,0,0,0,0,998,0,0,0,1,12,6,2,31,0,0,0,1,24,21220,6,1,0,0,3,0,65,210,0,0,0,0,0,0,0,0,0,0,28,0,0,0,1,8,98,4,1,2,1,0,0,3,8,1,1,4,1,1,0
24,240311,1,1,2,8,8,3,53,25,0,1,0,24,2,72,706,72706,80,1997,1HD4CAM12VY2,1,H,D,4,C,A,M,1,2,V,Y,2,0,M,HD,X88,RS,97,17,,,,,,,883,0,0,000000000,00000000000,0,0,0,1,0,0,0,0,0,0,0,998,0,0,0,1,1,6,2,25,0,0,0,1,24,20782,6,1,0,0,2,2,66,165,0,0,0,0,0,0,0,0,0,0,74,0,0,0,3,2,40,4,1,2,1,0,0,14,9,99,9,4,2,1,1
24,240312,1,1,1,17,9,20,54,32,0,1,0,24,1,37,706,37706,80,2003,JH2RC46143M5,J,H,2,R,C,4,6,1,4,3,M,5,0,M,HOND,V80,RS,3,17,,,,,,,781,0,0,000000000,00000000000,0,0,0,1,0,0,0,0,0,0,0,998,0,0,0,13,13,6,2,32,0,0,0,1,24,21502,6,1,0,0,3,0,78,235,0,0,0,0,0,0,0,0,0,1,28,0,0,0,1,2,50,4,3,2,1,0,0,14,6,99,9,4,2,1,0
24,240313,1,2,3,16,9,0,4,12,8,1,0,24,1,23,431,23431,16,1999,1GKFK16RXXJ7,1,G,K,F,K,1,6,R,X,X,J,7,0,T,GMC,KSU,4W,99,17,,2,0,1315,K15,G,,0,0,000000000,00000000000,0,0,0,1,0,0,0,0,0,0,0,998,0,1,6,1,1,6,2,30,0,0,0,1,24,20747,6,1,0,0,3,0,72,170,0,0,0,0,0,0,0,0,0,0,28,0,0,0,1,2,35,1,1,2,1,0,0,1,9,9,9,2,64,3,0
24,240313,2,2,2,16,9,0,4,12,8,1,0,24,3,82,881,82881,62,2006,1FVACWCT26HW,1,F,V,A,C,W,C,T,2,6,H,W,0,T,FRHT,16M,CC,6,17,,6,0,0,FM2,D,,0,88,888888888,88888888888,2,1,1,1,0,0,0,0,0,6,0,998,0,0,0,1,1,6,2,12,0,0,0,1,24,20784,6,1,0,0,3,0,70,175,0,0,0,0,0,0,0,0,0,0,0,0,0,0,1,2,35,1,1,2,1,0,0,1,62,6,1,1,65,0,0
24,240314,1,1,1,19,9,5,30,9,0,1,1,24,1,19,480,19480,31,2005,1GYEK63N85R2,1,G,Y,E,K,6,3,N,8,5,R,2,0,P,CADI,ESC,UT,5,17,5571,,0,1160,,G,,0,0,000000000,00000000000,0,0,0,1,0,0,0,0,0,0,0,998,0,0,0,12,12,2,1,9,0,0,0,1,24,20774,6,1,0,0,3,0,63,130,0,0,0,0,0,0,0,0,0,0,27,0,0,0,3,8,50,1,1,2,1,0,0,15,9,7,9,2,13,0,0
24,240315,1,1,1,21,9,13,52,31,0,1,0,24,1,12,481,12481,31,1995,1FTEX15NXSKB,1,F,T,E,X,1,5,N,X,S,K,B,0,T,FORD,F15,PS,95,17,,2,1550,1390,COF,G,,0,0,000000000,00000000000,0,0,0,1,0,0,0,0,0,0,0,998,0,1,6,12,13,6,2,42,0,0,0,1,24,21632,6,1,0,0,3,1,66,145,0,0,0,0,0,0,0,0,0,0,28,0,0,0,1,2,40,3,1,2,1,0,0,14,9,99,9,4,2,1,0
24,240316,1,2,1,18,9,18,7,12,1,1,0,24,2,72,706,72706,80,2007,1HD1GX4177K3,1,H,D,1,G,X,4,1,7,7,K,3,0,M,HD,FXI,RS,7,17,,,,,,,1584,0,0,000000000,00000000000,0,0,0,1,0,0,0,0,0,0,0,998,0,0,0,12,12,6,2,12,0,0,0,1,24,21061,6,1,0,0,3,0,70,200,0,0,0,0,0,0,0,0,0,1,27,26,0,0,3,2,65,1,1,2,1,0,0,1,51,1,1,1,24,1,1
24,240316,2,2,3,18,9,18,7,12,1,1,0,25,2,20,473,20473,30,2006,1GCDT1364682,1,G,C,D,T,1,3,6,4,6,8,2,0,T,CHEV,RDO,CW,6,17,,1,0,1260,CAL,G,,0,0,000000000,00000000000,0,0,0,1,0,0,0,0,0,0,0,998,0,0,0,6,6,4,1,12,0,0,0,1,25,1104,6,1,0,0,3,0,999,999,0,0,0,0,0,0,0,0,0,0,0,0,0,0,3,2,65,1,1,2,1,0,0,1,53,1,1,1,25,0,0
24,240317,1,2,1,25,9,20,57,12,1,1,0,51,2,76,706,76706,80,2005,JYARJ06E15A0,J,Y,A,R,J,0,6,E,1,5,A,0,0,M,YAMA,R6L,RS,5,17,,,,,,,599,0,0,000000000,00000000000,0,0,0,1,0,0,0,0,0,0,0,998,0,0,0,12,12,6,2,12,0,0,0,1,24,20602,6,1,0,0,2,2,71,170,0,0,0,1,0,1,2010,1,2010,1,74,0,0,0,3,3,45,1,1,2,1,0,0,3,51,9,9,9,24,1,1
24,240317,2,2,1,25,9,20,57,12,1,1,0,54,1,12,422,12422,15,1999,1FMPU18L4XLB,1,F,M,P,U,1,8,L,4,X,L,B,0,P,FORD,EPT,UT,99,17,5177,,0,1191,,G,,0,0,000000000,00000000000,0,0,0,1,0,0,0,0,0,0,0,998,0,0,0,6,6,4,3,12,0,0,0,1,54,24941,6,1,0,0,3,0,71,240,0,0,0,1,0,1,2010,1,2010,0,0,0,0,0,3,3,45,1,1,2,1,0,0,1,53,1,1,1,25,0,0
24,240318,1,1,1,24,9,21,19,30,0,1,0,24,1,35,47,35047,4,2005,1N4BL11D45C1,1,N,4,B,L,1,1,D,4,5,C,1,0,P,NISS,ASR,4D,5,17,3101,,0,1102,,G,,0,0,000000000,00000000000,0,0,0,1,0,0,0,0,0,0,0,998,0,0,0,12,12,6,2,30,0,0,0,1,24,21133,6,1,0,0,3,0,68,190,0,0,0,0,0,0,0,0,0,0,0,0,0,0,1,2,40,1,2,2,1,0,0,1,10,1,1,4,6,1,1
24,240319,1,2,1,27,9,19,44,8,0,1,0,24,3,20,2,20002,4,2004,2G1WF52K5492,2,G,1,W,F,5,2,K,5,4,9,2,0,P,CHEV,IMP,4D,4,17,3389,,0,1105,,G,,0,0,000000000,00000000000,0,0,0,1,0,0,0,0,0,0,0,45,0,0,0,12,12,2,3,8,0,0,0,1,24,20657,6,1,0,0,3,0,71,200,0,0,0,0,0,0,0,0,0,0,0,0,0,0,3,2,45,1,1,2,2,0,0,1,80,99,1,1,13,0,0
24,240319,2,2,1,27,9,19,44,8,0,1,0,24,2,12,471,12471,30,1994,1FTCR10A7RTB,1,F,T,C,R,1,0,A,7,R,T,B,0,T,FORD,RNG,PK,94,17,,1,1140,1080,RNG,G,,0,0,000000000,00000000000,0,0,0,1,0,0,0,0,0,0,0,0,0,0,0,12,12,2,1,8,0,0,0,1,24,20678,6,1,0,0,3,0,71,155,0,0,0,0,0,0,0,0,0,0,0,0,0,0,3,2,45,1,1,2,2,0,0,5,80,1,1,1,98,0,0
24,240320,1,2,1,30,9,21,28,8,0,1,0,24,2,49,51,49051,4,2008,JTDJT9230852,J,T,D,J,T,9,2,3,0,8,5,2,0,P,TOYT,YAR,2H,8,17,2295,,0,969,,G,,0,0,000000000,00000000000,0,0,0,1,0,0,0,0,0,0,0,998,0,0,0,12,12,6,2,8,0,0,0,1,24,21157,6,1,0,0,3,0,69,155,0,0,0,2,0,10,2009,12,2009,0,0,0,0,0,3,3,45,1,2,2,2,0,0,1,80,99,1,1,13,0,0
24,240320,2,2,1,30,9,21,28,8,0,1,1,24,2,37,32,37032,4,2010,1HGCP2F49AA0,1,H,G,C,P,2,F,4,9,A,A,0,0,P,HOND,LXP,4D,10,17,3278,,0,1102,,G,,0,0,000000000,00000000000,0,0,0,1,0,0,0,0,0,0,0,998,0,0,0,12,12,2,3,8,0,0,0,1,24,21158,6,1,0,0,3,0,56,110,0,0,0,0,0,0,0,0,0,0,0,0,0,0,3,3,45,1,2,2,2,0,0,1,80,6,1,1,98,0,0
24,240321,1,1,1,1,10,15,16,42,0,1,0,24,1,20,2,20002,6,1995,1G1BL82P2SR1,1,G,1,B,L,8,2,P,2,S,R,1,0,P,CHEV,CCL,SW,95,17,4473,,0,1159,,G,,0,0,000000000,00000000000,0,0,0,1,0,0,0,0,0,0,0,998,0,0,0,12,12,6,2,42,0,0,0,1,24,20657,6,1,0,0,3,0,66,197,0,0,0,0,0,0,0,0,0,0,0,0,0,0,1,2,30,4,2,2,1,0,0,14,8,99,9,4,2,1,0
24,240322,1,1,1,3,10,0,31,42,0,1,0,24,1,51,46,51046,4,2001,YV1VS29501F6,Y,V,1,V,S,2,9,5,0,1,F,6,0,P,VOLV,S4T,4D,1,17,3068,,0,1009,,G,,0,0,000000000,00000000000,0,0,0,1,0,0,0,0,0,0,0,998,0,0,0,12,12,6,2,42,0,0,0,1,24,20659,6,1,0,0,3,0,67,135,0,0,0,0,1,7,2008,7,2008,1,28,0,0,0,1,2,40,3,2,2,1,0,0,14,8,99,9,4,7,1,1
24,240323,1,1,3,12,9,17,54,24,0,1,0,54,1,20,481,20481,31,2008,1GCHK23K18F2,1,G,C,H,K,2,3,K,1,8,F,2,0,T,CHEV,2KH,CW,8,17,,2,1670,1530,SIL,G,,0,0,000000000,00000000000,0,0,0,1,0,0,0,0,0,0,0,998,0,1,5,12,13,6,2,1,0,0,0,1,54,26764,6,1,0,0,3,0,70,170,0,0,0,0,0,0,0,0,0,1,36,0,0,0,3,2,65,4,2,2,1,0,0,14,9,99,9,4,2,1,0
24,240324,1,1,1,13,9,0,25,42,0,1,0,24,3,49,482,49482,31,2002,5TBJN321X2S2,5,T,B,J,N,3,2,1,X,2,S,2,0,T,TOYT,TUN,PK,2,17,,1,0,1283,TUN,G,,0,0,000000000,00000000000,0,0,0,1,0,0,0,0,0,0,0,998,0,0,0,12,12,6,2,42,0,0,0,1,24,21629,0,0,0,0,0,0,999,999,0,0,0,0,0,0,0,0,0,0,28,0,0,0,1,2,35,1,1,2,1,0,0,1,14,1,1,4,14,1,1
24,240325,1,1,1,5,9,8,25,1,0,1,0,24,1,72,706,72706,80,2006,1HD1CGP156K4,1,H,D,1,C,G,P,1,5,6,K,4,0,M,HD,20C,RS,6,17,,,,,,,1200,0,0,000000000,00000000000,0,0,0,1,0,0,0,0,0,0,0,998,0,0,0,0,0,6,2,1,0,0,0,1,24,21655,6,1,5,0,3,0,74,222,0,1,0,0,0,9,2008,9,2008,0,0,0,0,0,1,2,50,4,2,2,1,0,0,14,9,99,9,4,2,1,0
24,240326,1,2,1,4,9,7,2,12,6,1,0,24,1,37,706,37706,80,2003,1HFSC52083A0,1,H,F,S,C,5,2,0,8,3,A,0,0,M,HOND,V13,RS,3,17,,,,,,,1312,0,0,000000000,00000000000,0,0,0,1,0,0,0,0,0,0,0,998,0,0,0,9,9,6,2,12,0,0,0,1,24,21921,6,1,0,0,3,0,69,210,0,0,0,1,1,5,2010,6,2010,0,39,0,0,0,1,2,35,1,1,2,1,3,3,1,17,1,1,1,89,1,0
24,240326,2,2,1,4,9,7,2,12,6,1,0,24,1,7,482,7482,31,2005,1D7HU18D05J5,1,D,7,H,U,1,8,D,0,5,J,5,0,T,DODG,SQ1,CW,5,17,,2,1605,1405,RPC,G,,0,0,000000000,00000000000,0,0,0,1,0,0,0,0,0,0,0,998,0,0,0,12,12,2,1,12,0,0,0,1,24,21921,6,1,0,0,3,0,74,240,0,0,0,0,0,0,0,0,0,0,0,0,0,0,1,2,35,1,1,2,1,3,3,1,63,1,1,1,88,0,0
24,240327,1,2,1,27,9,11,45,53,0,1,0,24,1,21,21,21021,4,2000,1G3WH52H6YF3,1,G,3,W,H,5,2,H,6,Y,F,3,0,P,OLDS,IGX,4D,0,17,3455,,0,1090,,G,,0,0,000000000,00000000000,0,0,0,1,0,0,0,0,0,0,0,998,0,0,0,11,9,6,2,12,0,0,0,1,24,21158,6,1,0,0,3,0,68,170,0,0,0,1,0,11,2009,11,2009,0,28,87,0,0,1,2,40,2,1,2,2,0,0,14,9,7,3,4,2,1,0
24,240327,2,2,1,27,9,11,45,53,0,1,0,24,1,12,481,12481,31,1992,1FTEF14Y8NWA,1,F,T,E,F,1,4,Y,8,N,W,A,0,T,FORD,F15,PK,92,17,,2,1330,1170,COF,G,,0,0,000000000,00000000000,0,0,0,1,0,0,0,0,0,0,0,998,0,0,0,12,12,6,2,12,0,0,0,1,24,21666,6,1,0,0,3,1,68,189,0,1,0,0,0,1,2010,1,2010,0,0,0,0,0,1,2,40,3,1,2,2,0,0,14,62,2,1,1,98,0,0
24,240328,1,1,2,25,7,22,47,8,0,1,0,24,2,7,442,7442,20,1996,1B4GP54R2TB3,1,B,4,G,P,5,4,R,2,T,B,3,0,P,DODG,CAR,SV,96,17,3846,,0,1193,,G,,0,0,000000000,00000000000,0,0,0,1,0,0,0,0,0,0,0,998,0,0,0,12,12,6,2,8,0,0,0,1,24,21202,0,0,0,0,0,0,999,999,0,0,0,0,0,0,0,0,0,0,38,36,0,0,1,6,30,1,1,2,1,0,0,11,80,1,1,1,13,0,0
24,240329,1,1,1,14,9,6,21,8,0,1,0,24,3,12,16,12016,4,2006,2FAFP71W46X1,2,F,A,F,P,7,1,W,4,6,X,1,0,P,FORD,CVP,4D,6,17,0,,0,1147,,G,,0,0,000000000,00000000000,0,0,0,1,0,0,0,0,0,0,0,998,0,0,0,12,12,4,3,8,0,0,0,1,24,20785,6,1,0,0,3,0,75,230,0,0,0,0,0,0,0,0,0,0,0,0,0,0,3,2,35,4,2,2,1,0,0,14,80,99,9,9,13,0,0
24,240330,1,1,3,1,10,22,53,8,0,1,0,24,2,37,32,37032,2,2010,1HGCP2F72AA1,1,H,G,C,P,2,F,7,2,A,A,1,0,P,HOND,UEX,4D,10,17,3362,,0,1102,,G,,0,0,000000000,00000000000,0,0,0,1,0,0,0,0,0,0,0,998,0,0,0,12,12,4,3,8,0,0,0,1,24,21234,6,1,0,0,3,0,76,295,0,0,0,0,0,0,0,0,0,0,0,0,0,0,1,2,35,1,1,2,1,0,0,1,80,99,1,1,13,0,1
24,240331,1,2,1,6,9,13,25,12,6,1,0,24,1,49,32,49032,4,1997,1NXBB02E1VZ6,1,N,X,B,B,0,2,E,1,V,Z,6,0,P,TOYT,USX,4D,97,17,2403,,0,970,,G,,0,0,000000000,00000000000,0,0,0,1,0,0,0,0,0,0,0,998,0,0,0,7,7,6,2,12,0,0,0,1,24,20854,6,1,0,0,3,0,65,150,0,0,0,2,0,9,2009,2,2010,0,38,0,0,0,1,2,40,1,1,2,1,20,3,11,15,1,1,1,82,1,0
24,240331,2,2,1,6,9,13,25,12,6,1,0,24,1,52,46,52046,4,2002,JA3AJ26E92U0,J,A,3,A,J,2,6,E,9,2,U,0,0,P,MITS,LES,4D,2,17,2646,,0,1024,,G,,0,0,000000000,00000000000,0,0,0,1,0,0,0,0,0,0,0,998,0,0,0,12,1,6,2,12,0,0,0,1,24,20905,6,1,0,0,3,0,70,150,0,0,0,0,0,0,0,0,0,0,0,0,0,0,3,3,40,1,1,2,1,0,0,1,67,1,1,1,83,0,0
24,240332,1,1,1,25,9,20,12,8,0,1,1,99,9,99,999,99999,99,9999,999999999999,9,9,9,9,9,9,9,9,9,9,9,9,0,U,,,,9,17,,,,,,,,0,0,000000000,00000000000,0,0,0,1,0,0,0,0,0,0,0,998,0,0,0,98,98,8,1,8,0,0,0,1,99,99999,9,9,99,9,9,9,999,999,99,99,99,99,99,99,9999,99,9999,9,99,99,99,99,1,2,98,4,1,8,1,0,0,14,80,99,9,9,13,0,0
24,240333,1,1,2,7,10,19,43,8,0,1,0,24,1,54,36,54036,4,2005,JH4KB165X5C0,J,H,4,K,B,1,6,5,X,5,C,0,0,P,ACUR,ARL,4D,5,17,3984,,0,1146,,G,,0,0,000000000,00000000000,0,0,0,1,0,0,0,0,0,0,0,998,0,0,0,12,12,6,2,8,0,0,0,1,24,20816,6,1,0,0,3,0,74,210,0,0,0,0,0,0,0,0,0,0,0,0,0,0,3,2,40,1,1,2,1,0,0,1,80,1,1,1,13,0,0
24,240334,1,1,1,8,10,5,53,8,0,1,0,24,1,41,37,41037,4,1999,1YVGF22D3X58,1,Y,V,G,F,2,2,D,3,X,5,8,0,P,MAZD,U6X,4D,99,17,2987,,0,1051,,G,,0,0,000000000,00000000000,0,0,0,1,0,0,0,0,0,0,0,998,0,0,0,12,12,6,2,8,0,0,0,1,24,21632,6,1,0,0,3,0,68,190,0,0,0,0,0,0,0,0,0,0,0,0,0,0,1,2,50,1,2,2,1,0,0,1,80,1,1,1,13,0,0
24,240335,1,2,1,8,10,23,14,12,1,1,0,24,2,72,706,72706,80,2008,1HD1FC4478Y6,1,H,D,1,F,C,4,4,7,8,Y,6,0,M,HD,FUA,RS,8,17,,,,,,,1584,0,0,000000000,00000000000,0,0,0,1,0,0,0,0,0,0,0,998,0,0,0,12,12,6,2,12,0,0,0,1,54,25303,6,1,0,0,3,0,70,224,0,0,0,0,0,0,0,0,0,0,38,0,0,0,3,3,65,1,2,2,1,0,0,1,50,1,1,1,20,1,0
24,240335,2,2,1,8,10,23,14,12,1,1,0,24,2,12,401,12401,14,1999,1FMYU22X1XUC,1,F,M,Y,U,2,2,X,1,X,U,C,0,P,FORD,EPR,UT,99,17,3675,,0,1017,,G,,0,0,000000000,00000000000,0,0,0,1,0,0,0,0,0,0,0,0,0,0,0,6,6,6,2,12,0,0,0,1,24,21122,6,1,0,0,3,0,67,210,0,0,0,0,1,8,2009,8,2009,0,38,0,0,0,3,3,65,1,2,2,1,0,0,5,53,1,1,1,22,0,1
24,240336,1,1,1,9,10,3,22,40,0,1,0,24,1,14,443,14443,20,1998,4M2ZV1118WDJ,4,M,2,Z,V,1,1,1,8,W,D,J,0,P,MERC,VLR,SV,98,17,3979,,0,1122,,G,,0,0,000000000,00000000000,0,0,0,1,0,0,0,0,0,0,0,998,0,0,0,1,1,6,2,40,0,0,0,1,24,20707,6,7,0,0,3,2,75,155,0,0,0,0,0,0,0,0,0,1,74,0,0,0,1,2,30,3,1,2,1,0,0,14,6,99,4,4,7,1,1
24,240337,1,2,1,11,10,21,5,12,2,1,0,24,1,30,42,30042,5,2004,WVWKG61J44D1,W,V,W,K,G,6,1,J,4,4,D,1,0,P,VOLK,R32,2H,4,17,3323,,0,987,,G,,0,0,000000000,00000000000,0,0,0,1,0,0,0,0,0,0,0,998,0,0,0,12,12,4,1,12,0,0,0,1,24,21237,6,1,0,0,3,0,68,145,0,0,0,0,0,0,0,0,0,0,38,0,0,0,1,2,30,2,2,2,1,0,0,11,15,1,1,1,68,0,0