STATE,ST_CASE,VEH_NO,VE_FORMS,NUMOCCS,DAY,MONTH,HOUR,MINUTE,HARM_EV,MAN_COLL,UNITTYPE,HIT_RUN,REG_STAT,OWNER,MAKE,MODEL,MAK_MOD,BODY_TYP,MOD_YEAR,VIN,VIN_1,VIN_2,VIN_3,VIN_4,VIN_5,VIN_6,VIN_7,VIN_8,VIN_9,VIN_10,VIN_11,VIN_12,TOW_VEH,VINTYPE,VINMAKE,VINA_MOD,VIN_BT,VINMODYR,VIN_LNGT,VIN_WGT,WGTCD_TR,WHLBS_LG,WHLBS_SH,SER_TR,FUELCODE,MCYCL_DS,J_KNIFE,MCARR_I1,MCARR_I2,MCARR_ID,GVWR,V_CONFIG,CARGO_BT,HAZ_INV,HAZ_PLAC,HAZ_ID,HAZ_CNO,HAZ_REL,BUS_USE,SPEC_USE,EMER_USE,TRAV_SP,UNDERIDE,ROLLOVER,ROLINLOC,IMPACT1,IMPACT2,DEFORMED,TOWED,M_HARM,VEH_SC1,VEH_SC2,FIRE_EXP,DR_PRES,L_STATE,DR_ZIP,L_STATUS,L_TYPE,CDL_STAT,L_ENDORS,L_COMPL,L_RESTRI,DR_HGT,DR_WGT,PREV_ACC,PREV_SUS,PREV_DWI,PREV_SPD,PREV_OTH,FIRST_MO,FIRST_YR,LAST_MO,LAST_YR,SPEEDREL,DR_SF1,DR_SF2,DR_SF3,DR_SF4,VTRAFWAY,VNUM_LAN,VSPD_LIM,VALIGN,VPROFILE,VPAVETYP,VSURCOND,VTRAFCON,VTCONT_F,P_CRASH1,P_CRASH2,P_CRASH3,PCRASH4,PCRASH5,ACC_TYPE,DEATHS,DR_DRINK
25,250016,1,1,1,1,2,9,10,42,0,1,0,25,1,30,42,30042,3,2000,WVWBC21J7YW6,W,V,W,B,C,2,1,J,7,Y,W,6,0,P,VOLK,GGL,2H,0,17,2693,,0,989,,G,,0,0,000000000,00000000000,0,0,0,1,0,0,0,0,0,0,0,998,0,0,0,12,12,6,2,42,0,0,0,1,25,1754,6,1,0,0,3,0,72,999,0,0,0,0,0,0,0,0,0,0,28,0,0,0,2,3,65,1,1,2,1,0,0,1,12,99,1,4,6,1,0
25,250017,1,1,1,4,2,7,35,8,0,1,0,25,1,2,404,2404,14,1999,1J4GW58S8XC5,1,J,4,G,W,5,8,S,8,X,C,5,0,T,JEEP,LRO,4W,99,17,,1,0,1059,GCK,G,,0,0,000000000,00000000000,0,0,0,1,0,0,0,0,0,0,0,998,0,0,0,12,12,8,3,8,0,0,0,1,25,2743,6,1,0,0,3,0,69,999,0,0,0,0,0,0,0,0,0,0,36,38,91,0,1,2,0,8,8,2,1,0,0,1,80,1,1,1,13,0,0
25,250018,1,1,1,5,2,8,22,8,0,1,0,25,2,54,31,54031,3,1995,JH4DC4440SS0,J,H,4,D,C,4,4,4,0,S,S,0,0,P,ACUR,IRS,2H,95,17,2499,,0,1012,,G,,0,0,000000000,00000000000,0,0,0,1,0,0,0,0,0,0,0,98,0,0,0,12,12,8,8,8,0,0,0,1,25,1841,6,1,0,0,3,0,68,999,0,3,0,0,3,7,2007,1,2010,0,36,91,0,0,1,2,45,1,1,2,1,0,0,15,13,1,7,4,2,0,1
25,250019,1,1,1,6,2,1,16,39,0,1,0,25,2,42,499,42499,49,1998,WDBHA29G8WF6,W,D,B,H,A,2,9,G,8,W,F,6,0,P,MERZ,C28,4D,98,17,3165,,0,1059,,G,,0,88,888888888,88888888888,1,1,96,1,0,0,0,0,0,0,0,43,0,0,0,61,61,6,2,39,0,0,0,1,25,1566,6,1,0,0,3,0,71,999,1,3,0,2,3,3,2007,10,2009,1,36,0,0,0,1,2,25,3,8,2,1,0,0,14,6,99,3,4,2,1,1
25,250020,1,1,1,7,2,0,41,30,0,1,0,25,1,20,481,20481,31,2003,1GCHK29U23E2,1,G,C,H,K,2,9,U,2,3,E,2,0,T,CHEV,2KH,4C,3,17,,2,1575,1435,SIL,G,,0,0,000000000,00000000000,0,0,0,1,0,0,0,0,0,0,0,75,0,0,0,61,61,6,2,30,0,0,0,1,25,1475,6,1,0,0,3,0,66,999,0,3,0,2,3,11,2008,8,2009,1,28,58,0,0,1,2,40,3,1,2,1,0,0,14,10,2,3,4,7,1,1
25,250021,1,1,1,8,2,0,57,42,0,1,0,25,1,7,482,7482,31,1996,1B7HC16Y8TJ1,1,B,7,H,C,1,6,Y,8,T,J,1,0,T,DODG,150,PK,96,17,,2,1347,1187,RPC,G,,0,0,000000000,00000000000,0,0,0,1,0,0,0,0,0,0,0,98,0,0,0,82,82,6,2,42,0,0,1,1,25,2368,6,1,0,0,3,0,70,999,0,0,0,0,0,0,0,0,0,0,99,99,99,99,2,2,98,1,1,2,1,0,0,4,12,99,4,5,7,1,1
25,250022,1,1,1,20,2,2,21,30,0,1,0,25,2,41,50,41050,4,2006,1YVFP80C465M,1,Y,V,F,P,8,0,C,4,6,5,M,0,P,MAZD,M6I,4D,6,17,3091,,0,1053,,G,,0,0,000000000,00000000000,0,0,0,1,0,0,0,0,0,0,0,65,0,0,0,12,12,6,2,2,0,0,1,1,25,1510,6,1,0,0,3,3,62,999,0,0,0,0,3,6,2009,6,2009,0,28,0,0,0,1,2,40,1,1,2,1,0,0,4,12,3,2,4,7,1,1
25,250023,1,1,2,28,2,1,16,42,0,1,0,44,2,12,402,12402,14,2004,1FMYU93144KA,1,F,M,Y,U,9,3,1,4,4,K,A,0,P,FORD,SPE,UT,4,17,3346,,0,1031,,G,,0,0,000000000,00000000000,0,0,0,1,0,0,0,0,0,0,0,98,0,0,0,12,81,6,2,42,0,0,0,1,25,1757,6,1,0,0,3,0,63,999,0,2,0,0,1,10,2009,2,2010,1,0,0,0,0,1,2,30,3,9,2,2,0,0,14,13,99,9,4,1,1,1
25,250024,1,1,1,1,3,0,35,24,0,1,0,25,1,24,1,24001,4,1997,1G8ZK5279VZ1,1,G,8,Z,K,5,2,7,9,V,Z,1,0,P,STRN,SL2,4D,97,17,2362,,0,1024,,G,,0,0,000000000,00000000000,0,0,0,1,0,0,0,0,0,0,0,998,0,1,5,82,99,6,2,1,0,0,0,1,25,1510,6,1,0,0,3,0,68,999,0,0,0,0,0,0,0,0,0,1,0,0,0,0,3,3,45,2,8,2,1,0,0,14,6,99,9,4,1,1,1
25,250025,1,1,1,4,3,23,31,42,0,1,0,25,2,20,20,20020,4,1998,2G1WL52M3W91,2,G,1,W,L,5,2,M,3,W,9,1,0,P,CHEV,L/S,4D,98,17,3330,,0,1075,,G,,0,0,000000000,00000000000,0,0,0,1,0,0,0,0,0,0,0,98,0,0,0,82,98,6,2,42,0,0,0,1,25,1588,6,1,0,0,3,0,67,999,0,0,0,2,1,1,2009,1,2010,9,99,99,99,99,1,2,35,2,1,2,1,97,8,14,12,99,9,4,6,1,1
25,250026,1,1,1,6,3,23,30,53,0,1,0,25,1,39,36,39036,4,2003,SAJEB52D63XD,S,A,J,E,B,5,2,D,6,3,X,D,0,P,JAGU,XT2,4D,3,17,3428,,0,1067,,G,,0,0,000000000,00000000000,0,0,0,1,0,0,0,0,0,0,0,98,0,0,0,10,10,6,2,42,0,0,0,1,25,2633,6,1,0,0,3,0,68,999,1,3,0,1,1,7,2007,11,2009,1,36,0,0,0,1,2,30,3,8,2,1,0,0,14,8,99,4,4,7,1,1
25,250027,1,1,1,8,3,20,10,35,0,1,0,25,2,2,404,2404,14,2004,1J4GW48S14C1,1,J,4,G,W,4,8,S,1,4,C,1,0,T,JEEP,LCF,4W,4,17,,1,0,1059,GCK,G,,0,0,000000000,00000000000,0,0,0,1,0,0,0,0,0,0,0,98,0,0,0,12,98,6,2,42,0,0,1,1,25,2568,6,1,0,0,3,0,67,999,0,1,0,0,0,3,2008,3,2008,1,0,0,0,0,3,2,65,1,1,2,1,0,0,15,6,99,9,5,1,1,0
25,250028,1,1,1,12,3,4,2,24,0,1,0,25,1,55,35,55035,4,2000,KMHJF35F7YU0,K,M,H,J,F,3,5,F,7,Y,U,0,0,P,HYUN,EGS,4D,0,17,2626,,0,1004,,G,,0,0,000000000,00000000000,0,0,0,1,0,0,0,0,0,0,0,98,0,0,0,82,82,6,2,30,0,0,0,1,25,1040,6,1,0,0,3,0,68,999,0,2,0,0,1,7,2009,10,2009,1,99,99,99,99,1,2,25,3,1,2,1,0,0,15,6,99,9,5,1,1,1
25,250029,1,1,1,16,3,15,43,42,0,1,0,44,3,98,808,98808,71,1994,JNAU4R1J8RA4,J,N,A,U,4,R,1,J,8,R,A,4,0,T,UD,U14,TB,94,17,,4,1494,1089,UDS,D,,0,88,888888888,88888888888,2,1,28,1,0,0,0,0,0,0,0,98,0,0,0,12,12,6,2,42,0,0,0,1,44,2903,6,1,0,0,8,3,999,999,0,0,0,0,0,0,0,0,0,0,0,0,0,0,1,2,30,1,1,2,1,0,0,1,10,99,9,4,6,1,0
25,250030,1,1,1,9,4,0,44,1,0,1,0,25,2,37,705,37705,80,1993,JH2PC2500PM2,J,H,2,P,C,2,5,0,0,P,M,2,0,M,HOND,RF2,RC,93,17,,,,,,,600,0,0,000000000,00000000000,0,0,0,1,0,0,0,0,0,0,0,98,0,0,0,0,61,6,2,42,0,0,0,1,25,2559,6,1,0,0,3,0,68,999,1,3,2,1,1,5,2007,11,2008,1,28,0,0,0,1,2,30,2,9,2,1,0,0,14,5,99,1,1,98,1,0
25,250031,1,1,1,31,3,20,7,42,0,1,0,25,1,35,39,35039,4,2004,1N4BA41E44C8,1,N,4,B,A,4,1,E,4,4,C,8,0,P,NISS,MEL,4D,4,17,3310,,0,1112,,G,,0,0,000000000,00000000000,0,0,0,1,0,0,0,0,0,0,0,98,0,0,0,62,62,6,2,42,0,0,0,1,25,2066,6,1,0,0,3,3,68,999,0,0,0,0,0,0,0,0,0,0,99,99,99,99,1,8,30,1,1,2,2,0,0,1,12,99,9,9,6,1,1
25,250032,1,1,1,17,3,2,4,42,0,1,0,25,1,49,40,49040,4,2009,4T1BB46K39U1,4,T,1,B,B,4,6,K,3,9,U,1,0,P,TOYT,CHB,4D,9,17,3680,,0,1090,,B,,0,0,000000000,00000000000,0,0,0,1,0,0,0,0,0,0,0,98,0,0,0,98,98,6,2,42,0,0,0,1,25,1754,2,1,0,0,2,2,69,999,1,4,2,0,3,6,2009,3,2010,1,36,74,0,0,1,2,35,8,8,2,1,0,0,1,6,1,1,4,1,1,1
25,250033,1,1,1,18,3,2,47,24,0,1,0,25,2,32,44,32044,4,2004,WAUML44E64N0,W,A,U,M,L,4,4,E,6,4,N,0,0,P,AUDI,A8L,4D,4,17,4266,,0,1211,,G,,0,0,000000000,00000000000,0,0,0,1,0,0,0,0,0,0,0,98,0,0,0,12,12,6,2,42,0,0,0,1,25,1944,6,1,0,0,3,0,71,999,1,0,0,0,0,9,2008,9,2008,1,0,0,0,0,3,2,55,1,8,2,1,0,0,1,12,99,1,4,6,1,1
25,250034,1,1,1,21,3,17,23,38,0,1,0,25,1,35,472,35472,30,2000,1N6ED26Y5YC3,1,N,6,E,D,2,6,Y,5,Y,C,3,0,T,NISS,KXS,PC,0,17,,1,0,1161,FRT,G,,0,0,000000000,00000000000,0,0,0,1,0,0,0,0,0,0,0,998,0,0,0,62,98,6,2,43,0,0,0,1,25,2324,6,1,0,0,3,3,74,999,0,0,0,0,0,0,0,0,0,0,0,0,0,0,1,2,30,1,1,2,1,0,0,1,98,1,1,4,6,1,0
25,250035,1,1,1,24,4,15,37,24,0,1,0,25,1,49,482,49482,31,2003,5TBBN44173S4,5,T,B,B,N,4,4,1,7,3,S,4,0,T,TOYT,TT5,4C,3,17,,1,0,1283,TUN,G,,0,0,000000000,00000000000,0,0,0,1,0,0,0,0,0,0,0,98,0,1,1,12,13,6,2,1,0,0,0,1,25,2632,6,1,0,0,3,3,71,999,1,0,0,0,0,12,2007,12,2007,0,28,0,0,0,3,2,65,1,1,2,1,0,0,15,11,6,1,6,1,1,0
25,250036,1,1,1,18,4,23,32,53,0,1,0,25,1,72,706,72706,80,2002,1HD1CAP192K1,1,H,D,1,C,A,P,1,9,2,K,1,0,M,HD,L12,RS,2,17,,,,,,,1200,0,0,000000000,00000000000,0,0,0,1,0,0,0,0,0,0,0,98,0,0,0,98,98,6,2,35,0,0,0,1,25,1702,6,1,0,0,3,0,63,999,0,1,0,0,0,11,2007,11,2007,0,28,0,0,0,1,8,30,8,8,2,2,0,0,1,12,99,1,4,6,1,0
25,250038,1,1,1,14,4,22,30,1,0,1,0,25,1,37,705,37705,80,2006,JH2PC37076M3,J,H,2,P,C,3,7,0,7,6,M,3,0,M,HOND,B60,RS,6,17,,,,,,,599,0,0,000000000,00000000000,0,0,0,1,0,0,0,0,0,0,0,98,0,0,0,0,98,6,2,24,0,0,0,1,25,1801,6,1,0,0,3,0,70,999,1,0,0,2,2,4,2007,7,2009,0,99,99,99,99,3,3,65,1,1,2,1,0,0,1,99,99,1,4,6,1,0
25,250039,1,1,1,24,3,21,0,43,0,1,0,92,0,76,709,76709,88,2003,999999999999,9,9,9,9,9,9,9,9,9,9,9,9,0,U,,,,9,17,,,,,,,,0,0,000000000,00000000000,0,0,0,1,0,0,0,0,0,0,0,98,0,0,0,12,98,6,2,43,0,0,0,1,25,2563,6,2,0,0,2,3,69,999,0,0,0,0,0,0,0,0,0,0,36,0,0,0,1,2,0,1,1,2,1,0,0,1,12,99,1,5,6,1,0
25,250040,1,1,1,25,3,22,26,42,0,1,0,25,2,18,10,18010,2,1982,1G4AM4743CH1,1,G,4,A,M,4,7,4,3,C,H,1,0,P,BUIC,RLM,CP,82,17,3192,,0,1081,,G,,0,0,000000000,00000000000,0,0,0,1,0,0,0,0,0,0,0,98,0,0,0,9,9,6,2,42,0,0,0,1,25,2790,6,1,0,0,3,3,73,999,0,0,0,0,0,0,0,0,0,1,28,0,0,0,1,2,30,1,1,2,1,0,0,1,10,99,1,4,6,1,1
25,250041,1,1,2,14,3,21,44,99,98,1,0,25,2,42,31,42031,6,1992,WDBED90E4NF2,W,D,B,E,D,9,0,E,4,N,F,2,0,P,MERZ,3T4,SW,92,17,3760,,0,1102,,G,,0,0,000000000,00000000000,0,0,0,1,0,0,0,0,0,0,0,98,0,0,0,99,98,6,2,99,0,0,0,1,25,1905,1,1,0,0,2,2,72,999,1,11,0,3,2,4,2007,10,2009,9,74,0,0,0,3,2,30,1,1,2,2,4,3,99,99,99,9,9,99,1,0
25,250042,1,1,1,16,3,19,30,8,0,1,0,33,1,39,34,39034,4,2004,SAJWA73B74TG,S,A,J,W,A,7,3,B,7,4,T,G,0,P,JAGU,XJR,4D,4,17,3948,,0,1194,,G,,0,0,000000000,00000000000,0,0,0,1,0,0,0,0,0,0,0,98,0,0,0,82,82,8,3,8,0,0,0,1,33,3842,6,1,0,0,3,3,73,190,0,0,0,0,0,0,0,0,0,0,0,0,0,0,2,4,65,1,1,2,1,0,0,1,80,1,1,1,13,0,0
25,250043,1,1,1,31,3,4,41,8,0,1,0,25,2,20,999,20999,99,2007,3GNDA23D27S6,3,G,N,D,A,2,3,D,2,7,S,6,0,P,CHEV,HHR,UT,7,17,3155,,0,1035,,G,,0,0,000000000,00000000000,0,0,0,1,0,0,0,0,0,0,0,98,0,0,0,82,98,8,8,8,0,0,0,1,25,1524,6,1,0,0,3,0,63,999,0,0,0,0,0,0,0,0,0,0,0,0,0,0,1,2,0,1,1,2,2,0,0,1,80,1,1,1,13,0,0
25,250044,1,1,1,3,4,1,43,30,0,1,0,92,0,37,709,37709,80,2001,999999999999,9,9,9,9,9,9,9,9,9,9,9,9,0,U,,,,9,17,,,,,,,,0,0,000000000,00000000000,0,0,0,1,0,0,0,0,0,0,0,98,0,0,0,12,12,6,2,30,0,0,0,1,25,1009,0,0,0,0,0,0,999,999,0,0,0,0,0,0,0,0,0,1,36,0,0,0,1,2,25,1,1,2,1,0,0,1,19,99,9,4,99,1,0
25,250045,1,2,2,24,1,11,30,12,6,1,0,25,2,12,443,12443,20,2007,2FMDA52237BA,2,F,M,D,A,5,2,2,3,7,B,A,0,P,FORD,FRE,SV,7,17,4295,,0,1208,,G,,0,0,000000000,00000000000,0,0,0,1,0,0,0,0,0,0,0,98,0,0,0,82,98,6,2,12,0,0,0,1,25,1507,6,2,0,0,3,3,64,999,0,0,0,0,0,0,0,0,0,0,38,0,0,0,1,2,40,1,1,2,1,20,3,11,60,1,1,2,82,0,0
25,250045,2,2,2,24,1,11,30,12,6,1,0,9,1,24,9,24009,4,2007,1G8ZS57N27F1,1,G,8,Z,S,5,7,N,2,7,F,1,0,P,STRN,AXE,4D,7,17,3528,,0,1123,,G,,0,0,000000000,00000000000,0,0,0,1,0,0,0,0,0,0,0,98,0,0,0,12,98,6,2,12,0,0,0,1,9,6331,6,1,0,0,3,0,69,999,98,0,0,0,0,0,0,0,0,0,0,0,0,0,1,2,40,1,1,2,1,20,3,1,62,1,1,2,83,1,0
25,250046,1,3,1,29,1,18,7,12,2,1,0,25,1,12,402,12402,14,2007,1FMYU93157KB,1,F,M,Y,U,9,3,1,5,7,K,B,0,P,FORD,SPE,UT,7,17,3318,,0,1031,,G,,0,0,000000000,00000000000,0,0,0,1,0,0,0,0,0,0,0,98,0,0,0,12,98,6,2,12,0,0,0,1,25,1832,6,1,0,0,3,3,71,999,0,0,0,0,0,0,0,0,0,0,0,0,0,0,1,2,45,1,1,2,1,0,0,1,99,1,1,1,52,0,0
25,250046,2,3,1,29,1,18,7,12,2,1,0,92,0,76,705,76705,83,2002,999999999999,9,9,9,9,9,9,9,9,9,9,9,9,0,U,,,,9,17,,,,,,,,0,0,000000000,00000000000,0,0,0,1,0,0,0,0,0,0,0,98,0,0,0,12,98,6,2,12,0,0,0,1,25,1844,6,1,0,0,3,0,68,999,0,0,0,1,0,8,2007,8,2007,0,36,0,0,0,1,2,45,1,1,2,1,0,0,1,99,1,1,1,52,0,0
25,250046,3,3,1,29,1,18,7,12,2,1,0,92,0,76,705,76705,83,2002,999999999999,9,9,9,9,9,9,9,9,9,9,9,9,0,U,,,,9,17,,,,,,,,0,0,000000000,00000000000,0,0,0,1,0,0,0,0,0,0,0,98,0,0,0,12,98,6,2,12,0,0,0,1,25,1844,6,1,0,0,3,0,71,999,0,2,0,0,0,3,2007,6,2007,0,36,0,0,0,1,2,45,1,1,2,1,0,0,99,99,99,9,9,98,1,0
25,250047,1,2,1,29,1,5,58,12,2,1,0,25,1,49,47,49047,6,2007,2T1KR32EX7C6,2,T,1,K,R,3,2,E,X,7,C,6,0,P,TOYT,CTR,4H,7,17,2679,,0,1024,,G,,0,0,000000000,00000000000,0,0,0,1,0,0,0,0,0,0,0,98,0,0,0,12,12,6,2,12,0,0,0,1,25,1510,6,1,0,0,3,0,70,999,0,0,0,0,0,0,0,0,0,0,0,0,0,0,1,2,35,1,1,2,10,0,0,1,62,99,1,1,51,1,0
25,250047,2,2,1,29,1,5,58,12,2,1,0,25,1,7,472,7472,30,2004,1D7HG42N54S7,1,D,7,H,G,4,2,N,5,4,S,7,0,T,DODG,DSL,PC,4,17,,2,0,1309,DAK,G,,0,0,000000000,00000000000,0,0,0,1,0,0,0,0,0,0,0,98,0,0,0,12,12,6,2,12,0,0,0,1,25,1749,6,1,0,0,3,0,66,999,3,0,0,2,2,4,2007,9,2009,0,28,0,0,0,1,2,35,1,1,2,10,0,0,15,11,1,1,2,50,0,0
25,250048,1,2,8,19,2,21,0,12,6,1,0,25,1,12,401,12401,14,1999,1FMZU34X0XUC,1,F,M,Z,U,3,4,X,0,X,U,C,0,P,FORD,EPR,UT,99,17,4128,,0,1116,,G,,0,0,000000000,00000000000,0,0,0,1,0,0,0,0,0,0,0,52,0,1,1,61,98,6,2,12,0,0,0,1,25,1609,6,1,0,0,3,0,60,999,0,0,0,0,0,0,0,0,0,0,92,0,0,0,3,3,65,1,1,2,1,0,0,1,9,7,1,2,45,1,0
25,250048,2,2,2,19,2,21,0,12,6,1,0,13,1,12,481,12481,31,2009,1FTPW12V79FA,1,F,T,P,W,1,2,V,7,9,F,A,0,T,FORD,F1S,CW,9,17,,2,1570,1450,COF,F,,0,0,000000000,00000000000,0,0,0,1,0,0,0,0,0,0,0,98,0,0,0,62,98,6,2,12,0,0,0,1,13,30092,6,1,0,0,3,0,68,235,98,0,0,0,3,1,2008,5,2009,0,0,0,0,0,3,3,65,1,1,2,1,0,0,1,61,99,1,1,44,0,0
25,250049,1,2,1,23,2,1,17,24,0,1,0,25,1,35,47,35047,4,2006,1N4AL11D76N3,1,N,4,A,L,1,1,D,7,6,N,3,0,P,NISS,ASL,4D,6,17,2915,,0,1102,,G,,0,0,000000000,00000000000,0,0,0,1,0,0,0,0,0,0,0,98,0,0,0,12,98,6,2,12,0,0,0,1,25,1876,6,1,0,0,3,2,63,999,2,2,1,0,1,3,2008,1,2010,1,74,0,0,0,3,4,65,1,1,2,1,0,0,1,99,99,9,9,98,1,0
25,250049,2,2,1,23,2,1,17,24,0,1,0,25,2,37,32,37032,4,2006,1HGCM66516A0,1,H,G,C,M,6,6,5,1,6,A,0,0,P,HOND,UEX,4D,6,17,3437,,0,1079,,G,,0,0,000000000,00000000000,0,0,0,1,0,0,0,0,0,0,0,98,0,0,0,63,98,6,2,12,0,0,0,1,25,1843,6,1,0,0,3,0,71,999,0,0,0,1,0,1,2008,1,2008,0,0,0,0,0,3,4,65,1,1,2,1,0,0,1,50,1,1,1,98,0,0
25,250050,1,1,3,28,2,0,17,30,0,1,0,25,2,2,404,2404,14,2005,1J8GR48K75C5,1,J,8,G,R,4,8,K,7,5,C,5,0,T,JEEP,LCF,4W,5,17,,1,0,1095,GCK,G,,0,0,000000000,00000000000,0,0,0,1,0,0,0,0,0,0,0,98,0,0,0,82,98,6,2,43,0,0,0,1,25,2090,6,2,0,0,3,3,70,999,2,0,0,0,0,2,2009,3,2009,0,58,0,0,0,1,2,30,3,8,2,4,0,0,14,5,1,7,4,2,1,1
25,250051,1,2,1,12,3,11,14,24,0,1,0,25,1,12,401,12401,14,2003,1FMDU73K23ZA,1,F,M,D,U,7,3,K,2,3,Z,A,0,P,FORD,EPR,UT,3,17,4094,,0,1137,,F,,0,0,000000000,00000000000,0,0,0,1,0,0,0,0,0,0,0,98,0,0,0,98,62,6,2,30,0,0,0,1,25,1028,6,1,0,0,3,0,64,999,0,0,0,0,0,0,0,0,0,0,99,99,99,99,3,8,98,1,1,2,1,0,0,3,10,1,9,4,7,1,0
25,250051,2,2,1,12,3,11,14,24,0,1,0,25,3,51,999,51999,99,2008,YV1MS3908823,Y,V,1,M,S,3,9,0,8,8,2,3,0,P,VOLV,S42,4D,8,17,3220,,0,1039,,G,,0,0,000000000,00000000000,0,0,0,1,0,0,0,0,0,0,0,98,0,0,0,62,98,4,9,54,0,0,0,1,25,1028,6,1,0,0,3,0,63,999,0,0,0,0,0,0,0,0,0,0,0,0,0,0,3,8,98,1,1,2,1,0,0,98,98,1,9,1,98,0,0
25,250052,1,1,3,13,3,22,1,24,0,1,0,25,1,37,32,37032,2,1998,1HGCG2256WA0,1,H,G,C,G,2,2,5,6,W,A,0,0,P,HOND,UEX,CP,98,17,2963,,0,1051,,G,,0,0,000000000,00000000000,0,0,0,1,0,0,0,0,0,0,0,70,0,1,1,82,98,6,2,1,0,0,0,1,25,2301,6,1,0,0,3,0,69,999,0,5,0,3,2,6,2007,2,2010,1,0,0,0,0,3,3,65,1,1,2,2,0,0,1,13,2,3,4,2,1,0
25,250053,1,2,1,17,3,20,20,54,11,1,0,25,2,49,442,49442,20,1999,4T3ZF13C3XU1,4,T,3,Z,F,1,3,C,3,X,U,1,0,P,TOYT,SIE,SV,99,17,3797,,0,1142,,G,,0,0,000000000,00000000000,0,0,0,1,0,0,0,0,0,0,0,98,0,0,0,61,98,6,2,54,0,0,0,1,25,1007,6,1,0,0,3,0,70,999,0,0,0,0,0,0,0,0,0,0,0,0,0,0,1,2,30,1,1,2,1,0,0,1,98,1,1,4,98,0,0
25,250053,2,2,1,17,3,20,20,54,11,1,0,25,1,37,706,37706,80,2000,1HFSC3902YA2,1,H,F,S,C,3,9,0,2,Y,A,2,0,M,HOND,V3W,RS,0,17,,,,,,,1099,0,0,000000000,00000000000,0,0,0,1,0,0,0,0,0,0,0,98,0,0,0,18,98,6,2,54,0,0,0,1,25,1075,6,1,0,0,3,0,73,999,0,0,0,1,0,8,2009,8,2009,0,36,0,0,0,1,2,30,1,1,2,1,0,0,1,8,1,9,2,98,1,1
25,250054,1,1,1,1,4,6,15,8,0,1,1,25,2,37,32,37032,4,1999,1HGCG6657XA1,1,H,G,C,G,6,6,5,7,X,A,1,0,P,HOND,ULX,4D,99,17,3053,,0,1069,,G,,0,0,000000000,00000000000,0,0,0,1,0,0,0,0,0,0,0,98,0,0,0,12,98,4,1,8,0,0,0,1,25,1902,6,1,0,0,3,3,69,999,0,0,0,1,1,4,2007,6,2009,0,0,0,0,0,3,2,40,1,1,2,1,3,3,1,80,1,1,1,13,0,0
25,250055,1,1,1,1,5,16,39,33,0,1,0,25,1,7,20,7020,4,2005,1B3ES56C65D1,1,B,3,E,S,5,6,C,6,5,D,1,0,P,DODG,NXT,4D,5,17,2634,,0,1040,,G,,0,0,000000000,00000000000,0,0,0,1,0,0,0,0,0,0,0,998,0,1,5,14,9,6,2,1,0,0,0,1,25,2333,6,1,0,0,3,3,76,999,2,0,0,1,1,6,2008,1,2010,1,0,0,0,0,3,4,35,1,1,2,1,0,0,6,11,99,1,4,1,1,0
25,250056,1,1,6,2,5,1,30,1,0,1,0,25,2,2,404,2404,14,2002,1J4GW48S22C1,1,J,4,G,W,4,8,S,2,2,C,1,0,T,JEEP,LRO,4W,2,17,,1,0,1059,GCK,G,,0,0,000000000,00000000000,0,0,0,1,0,0,0,0,0,0,0,998,0,2,1,0,99,6,2,1,0,0,0,1,25,2302,6,1,0,0,3,0,67,999,1,4,0,0,3,5,2007,3,2010,1,0,0,0,0,3,3,65,1,1,2,1,0,0,6,6,99,2,2,98,1,1
25,250057,1,2,2,26,3,9,56,12,6,1,0,9,1,23,421,23421,15,1996,1GKDT13W1T25,1,G,K,D,T,1,3,W,1,T,2,5,0,T,GMC,JMY,4W,96,17,,1,0,1070,JMY,G,,0,0,000000000,00000000000,0,0,0,1,0,0,0,0,0,0,0,98,0,0,0,12,12,6,2,12,0,0,0,1,9,6093,6,1,0,0,3,0,71,999,98,0,0,1,1,4,2009,4,2009,0,0,0,0,0,3,3,65,1,1,2,1,0,0,1,61,2,1,1,73,0,0
25,250057,2,2,2,26,3,9,56,12,6,1,0,25,2,55,33,55033,4,2000,KMHWF25S8YA1,K,M,H,W,F,2,5,S,8,Y,A,1,0,P,HYUN,SOL,4D,0,17,3070,,0,1063,,G,,0,0,000000000,00000000000,0,0,0,1,0,0,0,0,0,0,0,98,0,0,0,61,61,6,2,12,0,0,0,1,25,2720,2,1,0,0,2,2,65,999,0,6,0,0,3,4,2007,9,2008,0,48,74,28,0,3,3,65,1,1,2,1,0,0,11,10,1,1,2,72,2,0
25,250058,1,1,1,23,5,17,19,42,0,1,0,25,1,20,431,20431,16,2003,3GNFK16T33G2,3,G,N,F,K,1,6,T,3,3,G,2,0,P,CHEV,K15,UT,3,17,5123,,0,1300,,G,,0,0,000000000,00000000000,0,0,0,1,0,0,0,0,0,0,0,98,0,0,0,63,98,6,2,42,0,0,0,1,25,1602,6,1,0,0,3,0,70,999,0,0,0,0,0,0,0,0,0,0,99,99,99,99,1,2,45,1,1,2,1,0,0,1,12,99,1,4,6,1,0