STATE,ST_CASE,VEH_NO,VE_FORMS,NUMOCCS,DAY,MONTH,HOUR,MINUTE,HARM_EV,MAN_COLL,UNITTYPE,HIT_RUN,REG_STAT,OWNER,MAKE,MODEL,MAK_MOD,BODY_TYP,MOD_YEAR,VIN,VIN_1,VIN_2,VIN_3,VIN_4,VIN_5,VIN_6,VIN_7,VIN_8,VIN_9,VIN_10,VIN_11,VIN_12,TOW_VEH,VINTYPE,VINMAKE,VINA_MOD,VIN_BT,VINMODYR,VIN_LNGT,VIN_WGT,WGTCD_TR,WHLBS_LG,WHLBS_SH,SER_TR,FUELCODE,MCYCL_DS,J_KNIFE,MCARR_I1,MCARR_I2,MCARR_ID,GVWR,V_CONFIG,CARGO_BT,HAZ_INV,HAZ_PLAC,HAZ_ID,HAZ_CNO,HAZ_REL,BUS_USE,SPEC_USE,EMER_USE,TRAV_SP,UNDERIDE,ROLLOVER,ROLINLOC,IMPACT1,IMPACT2,DEFORMED,TOWED,M_HARM,VEH_SC1,VEH_SC2,FIRE_EXP,DR_PRES,L_STATE,DR_ZIP,L_STATUS,L_TYPE,CDL_STAT,L_ENDORS,L_COMPL,L_RESTRI,DR_HGT,DR_WGT,PREV_ACC,PREV_SUS,PREV_DWI,PREV_SPD,PREV_OTH,FIRST_MO,FIRST_YR,LAST_MO,LAST_YR,SPEEDREL,DR_SF1,DR_SF2,DR_SF3,DR_SF4,VTRAFWAY,VNUM_LAN,VSPD_LIM,VALIGN,VPROFILE,VPAVETYP,VSURCOND,VTRAFCON,VTCONT_F,P_CRASH1,P_CRASH2,P_CRASH3,PCRASH4,PCRASH5,ACC_TYPE,DEATHS,DR_DRINK
25,250172,2,2,1,28,8,15,27,8,0,1,0,25,2,37,32,37032,4,2000,1HGCG6679YA0,1,H,G,C,G,6,6,7,9,Y,A,0,0,P,HOND,UEX,4D,0,17,3086,,0,1069,,G,,0,0,000000000,00000000000,0,0,0,1,0,0,0,0,0,0,0,98,0,0,0,12,12,8,3,12,0,0,0,1,25,1075,6,1,0,0,3,0,71,999,0,0,0,0,0,0,0,0,0,0,0,0,0,0,1,2,25,1,1,2,1,0,0,1,62,1,1,1,98,0,0
25,250173,1,1,2,11,10,21,22,33,0,1,0,25,1,7,482,7482,31,2005,3D3HA16H35G7,3,D,3,H,A,1,6,H,3,5,G,7,0,T,DODG,T10,PK,5,17,,2,0,1205,RPC,G,,0,0,000000000,00000000000,0,0,0,1,0,0,0,0,0,0,0,98,0,0,0,81,81,6,2,31,0,0,0,1,25,2056,6,1,0,0,3,3,74,999,1,0,0,1,1,10,2008,6,2009,0,36,58,0,0,1,2,30,3,8,2,2,0,0,14,8,1,7,4,7,1,1
25,250174,1,1,1,11,10,6,50,8,0,1,1,25,2,20,37,20037,4,2005,1G1ZT54805F1,1,G,1,Z,T,5,4,8,0,5,F,1,0,P,CHEV,M/L,4D,5,17,3297,,0,1063,,G,,0,0,000000000,00000000000,0,0,0,1,0,0,0,0,0,0,0,98,0,0,0,61,61,4,1,8,0,0,0,1,25,2151,6,1,0,0,3,0,67,999,0,1,0,0,1,8,2010,8,2010,0,99,99,99,99,4,9,25,2,1,2,1,21,1,14,80,1,1,1,13,0,0
25,250175,1,1,2,13,10,7,59,24,0,1,0,25,3,59,34,59034,4,2006,JTHCH96S9600,J,T,H,C,H,9,6,S,9,6,0,0,0,P,LEXS,AS3,4D,6,17,3759,,0,1122,,G,,0,0,000000000,00000000000,0,0,0,1,0,0,0,0,0,0,0,98,0,0,0,12,98,6,2,3,0,0,0,1,25,1960,6,1,0,0,3,1,63,999,0,0,0,0,0,0,0,0,0,0,0,0,0,0,3,2,98,1,1,2,1,0,0,3,8,1,7,4,2,1,0
25,250176,1,1,1,16,10,15,45,5,0,1,0,25,1,72,706,72706,80,2003,1HD1FCW443Y6,1,H,D,1,F,C,W,4,4,3,Y,6,0,M,HD,FUA,RS,3,17,,,,,,,1450,0,0,000000000,00000000000,0,0,0,1,0,0,0,0,0,0,0,98,0,0,0,0,98,6,2,5,0,0,0,1,25,1830,6,1,0,0,3,0,71,999,1,0,0,0,0,7,2008,7,2008,0,99,99,99,99,3,3,50,1,1,2,1,0,0,15,8,1,1,2,0,1,0
25,250177,1,1,3,21,10,21,58,42,0,1,0,25,2,30,40,30040,4,1998,3VWRB81H4WM1,3,V,W,R,B,8,1,H,4,W,M,1,0,P,VOLK,UJG,4D,98,17,2574,,0,974,,G,,0,0,000000000,00000000000,0,0,0,1,0,0,0,0,0,0,0,98,0,0,0,12,98,6,2,42,0,0,0,1,25,1550,6,1,0,0,3,0,64,999,0,0,0,0,0,0,0,0,0,0,28,0,0,0,1,2,45,3,8,2,1,0,0,14,99,99,1,4,1,1,1
25,250178,1,1,2,23,10,20,57,42,0,1,0,25,1,49,43,49043,4,1996,4T1BF12B4TU1,4,T,1,B,F,1,2,B,4,T,U,1,0,P,TOYT,UVS,4D,96,17,3263,,0,1071,,G,,0,0,000000000,00000000000,0,0,0,1,0,0,0,0,0,0,0,98,0,0,0,12,6,6,2,42,0,0,0,1,25,2346,6,1,0,0,3,0,62,999,0,0,0,0,1,7,2010,7,2010,1,28,0,0,0,2,3,65,1,1,2,1,0,0,1,11,99,1,4,6,1,0
25,250179,1,1,1,2,11,22,7,1,0,1,0,25,1,37,402,37402,14,2004,SHSRD78814U2,S,H,S,R,D,7,8,8,1,4,U,2,0,P,HOND,CRV,UT,4,17,0,,0,1031,,G,,0,0,000000000,00000000000,0,0,0,1,0,0,0,0,0,0,0,98,0,2,3,0,98,6,2,1,0,0,0,1,25,2718,6,1,0,0,3,0,70,999,0,0,0,1,0,8,2009,8,2009,0,28,0,0,0,3,3,65,1,1,2,1,0,0,1,10,1,1,4,6,1,1
25,250180,1,1,3,17,10,3,53,8,0,1,0,25,3,12,461,12461,21,2008,1FBSS31L38DA,1,F,B,S,S,3,1,L,3,8,D,A,0,T,FORD,WSD,BU,8,17,,2,0,1380,ECO,G,,0,88,888888888,88888888888,1,20,22,1,0,0,0,0,8,3,0,40,0,0,0,12,98,4,8,8,0,0,0,1,25,1053,6,1,0,0,3,3,70,999,0,0,0,0,0,0,0,0,0,0,0,0,0,0,2,2,40,1,1,2,1,0,0,1,80,4,1,1,13,0,0
25,250181,1,1,1,5,11,10,12,8,0,1,0,25,2,49,401,49401,14,1997,JT3HN86R9V01,J,T,3,H,N,8,6,R,9,V,0,1,0,P,TOYT,RUN,UT,97,17,3850,,0,1053,,G,,0,0,000000000,00000000000,0,0,0,1,0,0,0,0,0,0,0,98,0,0,0,12,98,8,8,8,0,0,0,1,25,2119,6,1,0,0,3,0,67,999,1,1,0,1,2,12,2007,10,2009,0,0,0,0,0,1,2,25,1,1,2,2,3,3,11,80,1,1,3,13,0,0
25,250182,1,1,1,6,11,3,7,42,0,1,0,25,1,12,481,12481,31,2005,1FTPX14545FA,1,F,T,P,X,1,4,5,4,5,F,A,0,T,FORD,F15,4C,5,17,,2,1450,1260,COF,G,,0,0,000000000,00000000000,0,0,0,1,0,0,0,0,0,0,0,98,0,0,0,63,12,6,2,42,0,0,0,1,25,1970,6,1,0,0,3,0,76,999,0,0,0,0,0,0,0,0,0,0,0,0,0,0,1,2,98,3,8,2,1,0,0,14,10,1,1,4,6,1,1
25,250183,1,1,1,9,11,21,22,35,0,1,0,25,1,54,37,54037,2,1999,19UYA2252XL0,1,9,U,Y,A,2,2,5,2,X,L,0,0,P,ACUR,30C,CP,99,17,3285,,0,1069,,G,,0,0,000000000,00000000000,0,0,0,1,0,0,0,0,0,0,0,98,0,1,3,14,13,6,2,1,0,0,0,1,25,2135,6,1,0,0,3,0,65,999,2,0,0,1,0,3,2009,9,2009,0,0,0,0,0,2,2,50,3,8,2,2,0,0,14,12,1,1,4,6,1,0
25,250184,1,1,1,12,11,23,2,8,0,1,0,25,1,13,1,13001,4,1999,1LNHM97V3XY6,1,L,N,H,M,9,7,V,3,X,Y,6,0,P,LINC,CON,4D,99,17,3868,,0,1090,,G,,0,0,000000000,00000000000,0,0,0,1,0,0,0,0,0,0,0,98,0,0,0,82,82,4,3,8,0,0,0,1,25,2745,6,1,0,0,3,3,71,999,2,0,0,0,0,7,2009,2,2010,0,99,99,99,99,1,8,98,8,9,2,1,0,0,1,81,1,1,1,13,0,0
25,250185,1,1,1,17,11,23,15,11,0,1,0,25,2,52,35,52035,4,1997,JA3AY36C8VU0,J,A,3,A,Y,3,6,C,8,V,U,0,0,P,MITS,MLS,4D,97,17,2348,,0,984,,G,,0,0,000000000,00000000000,0,0,0,1,0,0,0,0,0,0,0,98,0,1,3,12,13,6,2,11,0,0,0,1,25,1462,6,1,0,0,3,3,65,999,0,0,0,0,1,5,2008,5,2008,0,83,0,0,0,2,2,65,1,8,2,1,0,0,1,87,1,1,1,13,1,0
25,250186,1,1,1,20,11,20,30,24,0,1,0,25,1,72,706,72706,80,2010,1HD1BX510AB0,1,H,D,1,B,X,5,1,0,A,B,0,0,M,HD,FLF,RS,10,17,,,,,,,1584,0,0,000000000,00000000000,0,0,0,1,0,0,0,0,0,0,0,98,0,0,0,12,98,6,2,24,0,0,0,1,25,1560,6,1,0,0,3,3,76,999,0,0,0,0,0,0,0,0,0,1,0,0,0,0,6,4,45,3,1,2,1,0,0,2,18,4,2,2,15,1,1
25,250187,1,1,1,20,11,5,57,8,0,1,0,25,2,30,40,30040,4,2003,3VWRK69M83M1,3,V,W,R,K,6,9,M,8,3,M,1,0,P,VOLK,UJG,4D,3,17,2818,,0,989,,G,,0,0,000000000,00000000000,0,0,0,1,0,0,0,0,0,0,0,98,0,0,0,12,12,6,2,8,0,0,0,1,25,1721,6,1,0,0,3,0,60,999,0,0,0,0,1,9,2010,9,2010,0,99,99,99,99,2,2,30,1,1,2,1,0,0,1,80,99,1,1,13,0,0
25,250188,1,1,1,9,8,14,34,8,0,1,0,25,3,12,461,12461,21,2008,1FD3E35L18DB,1,F,D,3,E,3,5,L,1,8,D,B,0,T,FORD,3DC,YY,8,17,,3,1760,1380,CTV,G,,0,88,888888888,88888888888,2,20,22,1,0,0,0,0,98,98,0,98,0,0,0,12,12,8,3,8,0,0,0,1,25,2062,6,1,0,0,3,3,70,999,0,0,0,0,0,0,0,0,0,0,36,0,0,0,1,8,25,1,8,2,1,3,3,11,80,1,1,1,13,0,0
25,250190,1,1,1,5,4,17,5,8,0,1,0,25,1,20,37,20037,4,2004,1G1ND52F04M6,1,G,1,N,D,5,2,F,0,4,M,6,0,P,CHEV,CLA,4D,4,17,3106,,0,1070,,G,,0,0,000000000,00000000000,0,0,0,1,0,0,0,0,0,0,0,98,0,0,0,98,98,4,8,8,0,0,0,1,25,2056,6,1,0,0,3,0,64,999,0,0,0,0,0,0,0,0,0,0,0,0,0,0,8,2,98,8,8,2,98,97,8,1,80,1,1,1,13,0,0
25,250191,1,2,1,31,8,16,25,12,2,1,0,25,1,35,443,35443,20,1995,4N2DN11W4SD8,4,N,2,D,N,1,1,W,4,S,D,8,0,P,NISS,QST,SV,95,17,3745,,0,1122,,G,,0,0,000000000,00000000000,0,0,0,1,0,0,0,0,0,0,0,98,0,0,0,12,12,6,2,12,0,0,0,1,25,2720,6,1,0,0,3,0,66,999,0,0,0,0,2,8,2007,2,2009,0,28,0,0,0,2,3,65,1,1,2,1,0,0,98,12,99,1,6,52,1,0
25,250191,2,2,1,31,8,16,25,12,2,1,0,25,1,20,404,20404,14,2007,2CNDL63FX760,2,C,N,D,L,6,3,F,X,7,6,0,0,P,CHEV,EQU,UT,7,17,3668,,0,1125,,G,,0,0,000000000,00000000000,0,0,0,1,0,0,0,0,0,0,0,98,0,0,0,12,12,6,2,12,0,0,0,1,25,2726,6,1,0,0,3,0,69,999,0,0,0,0,0,0,0,0,0,0,0,0,0,0,2,3,65,1,1,2,1,0,0,1,62,99,1,1,52,1,0
25,250192,1,2,1,22,8,13,35,12,1,1,0,25,1,12,422,12422,15,2009,1FMFU20579EB,1,F,M,F,U,2,0,5,7,9,E,B,0,P,FORD,EPT,UT,9,17,5805,,0,1190,,F,,0,0,000000000,00000000000,0,0,0,1,0,0,0,0,0,0,0,998,0,0,0,12,82,6,2,12,0,0,0,1,25,2718,6,1,0,0,3,0,69,999,0,0,0,1,4,4,2008,4,2008,0,0,0,0,0,3,3,65,1,1,2,1,0,0,1,52,6,1,1,34,1,0
25,250192,2,2,1,22,8,13,35,12,1,1,0,8,1,37,421,37421,15,2011,5FNYF4H77BB0,5,F,N,Y,F,4,H,7,7,B,B,0,0,P,HOND,PIL,UT,11,17,4561,,0,1092,,G,,0,0,000000000,00000000000,0,0,0,1,0,0,0,0,0,0,0,98,0,0,0,6,63,6,2,12,0,0,0,1,8,80525,6,1,0,0,3,0,74,195,0,0,0,0,0,0,0,0,0,0,99,99,99,99,3,3,65,1,1,2,1,0,0,15,10,1,1,2,35,0,0
25,250193,1,3,1,3,9,15,15,12,8,1,0,25,1,49,32,49032,4,2003,2T1LR32E63C0,2,T,1,L,R,3,2,E,6,3,C,0,0,P,TOYT,CTA,4H,3,17,2943,,0,1024,,G,,0,0,000000000,00000000000,0,0,0,1,0,0,0,0,0,0,0,98,0,0,0,62,98,6,2,12,0,0,0,1,25,1247,6,1,0,0,3,3,66,999,0,0,0,0,0,0,0,0,0,0,28,0,0,0,1,2,55,1,1,1,1,0,0,1,10,1,1,2,64,1,0
25,250193,2,3,1,3,9,15,15,12,8,1,0,50,1,55,35,55035,4,2008,KMHDU46D98U5,K,M,H,D,U,4,6,D,9,8,U,5,0,P,HYUN,GST,4D,8,17,2723,,0,1043,,G,,0,0,000000000,00000000000,0,0,0,1,0,0,0,0,0,0,0,98,0,0,0,62,98,6,2,12,0,0,0,1,25,2169,6,1,0,0,3,0,64,999,0,0,0,0,0,0,0,0,0,0,0,0,0,0,1,2,55,1,1,2,1,0,0,1,62,1,1,1,65,0,0
25,250193,3,3,4,3,9,15,15,12,8,1,0,25,1,12,481,12481,31,2010,1FTFW1EVXAFA,1,F,T,F,W,1,E,V,X,A,F,A,0,T,FORD,F1S,CW,10,17,,2,1570,1450,COF,F,,0,0,000000000,00000000000,0,0,0,1,0,0,0,0,0,0,0,98,0,0,0,12,98,6,2,12,0,0,0,1,25,1775,6,1,0,0,3,0,68,999,1,0,0,0,0,2,2008,2,2008,0,0,0,0,0,1,2,55,1,1,2,1,0,0,1,62,1,1,1,98,0,0
25,250194,1,1,1,14,12,22,12,8,0,1,1,99,9,99,999,99999,99,9999,999999999999,9,9,9,9,9,9,9,9,9,9,9,9,0,U,,,,9,17,,,,,,,,0,0,000000000,00000000000,0,0,0,1,0,0,0,0,0,0,0,98,0,0,0,12,99,9,1,8,99,99,0,1,99,99999,9,9,99,9,9,9,999,999,99,99,99,99,99,99,9999,99,9999,9,99,99,99,99,4,8,30,8,1,3,1,20,3,1,80,1,1,1,13,0,0
25,250195,1,1,1,14,12,17,54,8,0,1,0,25,1,20,39,20039,4,2008,KL1TD666X8B0,K,L,1,T,D,6,6,6,X,8,B,0,0,P,CHEV,ABS,5D,8,17,0,,0,976,,G,,0,0,000000000,00000000000,0,0,0,1,0,0,0,0,0,0,0,98,0,0,0,12,0,4,3,8,0,0,0,1,25,1201,6,1,0,0,3,0,62,999,0,1,0,0,0,4,2010,4,2010,0,0,0,0,0,2,8,25,1,1,2,2,3,3,1,80,1,1,1,13,0,0
25,250196,1,1,1,8,12,13,59,42,0,1,0,25,1,37,31,37031,2,2007,2HGFG11847H5,2,H,G,F,G,1,1,8,4,7,H,5,0,P,HOND,UAX,CP,7,17,2698,,0,1043,,G,,0,0,000000000,00000000000,0,0,0,1,0,0,0,0,0,0,0,98,0,0,0,12,12,6,2,42,0,0,0,1,25,1844,6,1,6,0,3,0,68,999,0,0,0,0,0,0,0,0,0,0,99,99,99,99,1,2,98,1,1,2,1,0,0,1,13,1,1,4,1,1,0
25,250197,1,1,1,15,12,16,5,24,0,1,0,25,2,12,401,12401,14,1997,1FMDU24X8VUB,1,F,M,D,U,2,4,X,8,V,U,B,0,P,FORD,EPR,UT,97,17,3931,,0,1017,,G,,0,0,000000000,00000000000,0,0,0,1,0,0,0,0,0,0,0,98,0,1,2,82,13,6,2,1,0,0,0,1,25,2090,6,1,0,0,3,0,71,999,3,5,0,1,1,12,2007,9,2010,0,28,0,0,0,2,3,55,1,1,2,1,0,0,1,99,98,1,4,2,1,0
25,250198,1,1,1,16,12,6,52,53,0,1,0,25,2,48,34,48034,4,2005,4S4BP62C2563,4,S,4,B,P,6,2,C,2,5,6,3,0,P,SUBA,LOL,SW,5,17,3365,,0,1051,,G,,0,0,000000000,00000000000,0,0,0,1,0,0,0,0,0,0,0,98,0,0,0,12,12,6,2,42,0,0,0,1,25,2030,6,1,0,0,3,0,70,999,0,0,0,0,0,0,0,0,0,0,28,0,0,0,8,8,30,1,1,2,1,0,0,1,13,1,1,4,1,1,1
25,250199,1,1,1,17,12,20,25,40,0,1,0,25,1,54,36,54036,4,2005,JH4KB16545C0,J,H,4,K,B,1,6,5,4,5,C,0,6,P,ACUR,ARL,4D,5,17,3984,,0,1146,,G,,2,0,000000000,00000000000,0,0,0,1,0,0,0,0,0,0,0,98,0,0,0,98,98,6,2,2,0,0,1,1,25,2738,6,1,0,0,3,3,71,999,1,0,0,0,0,11,2009,11,2009,0,99,99,99,99,1,2,25,1,8,2,1,0,0,1,13,1,1,4,1,1,1
25,250200,1,1,2,18,12,1,15,18,0,1,0,25,1,12,17,12017,4,2002,1FAFP55232A2,1,F,A,F,P,5,5,2,3,2,A,2,0,P,FORD,TSS,4D,2,17,3392,,0,1085,,F,,0,0,000000000,00000000000,0,0,0,1,0,0,0,0,0,0,0,98,0,1,6,12,98,6,2,1,0,0,0,1,25,1536,6,2,0,0,3,3,71,999,0,0,0,0,0,0,0,0,0,1,36,0,0,0,1,2,30,1,1,2,1,0,0,1,12,1,1,4,6,2,1
25,250201,1,1,1,22,12,11,22,42,0,1,0,25,1,35,39,35039,4,2002,JN1DA31A42T3,J,N,1,D,A,3,1,A,4,2,T,3,0,P,NISS,MGL,4D,2,17,3146,,0,1083,,G,,0,0,000000000,00000000000,0,0,0,1,0,0,0,0,0,0,0,98,0,0,0,98,12,6,2,42,0,0,0,1,25,1945,6,1,0,0,3,0,73,999,0,0,0,0,0,0,0,0,0,0,0,0,0,0,1,8,30,8,8,2,2,0,0,1,19,99,1,4,99,1,0
25,250202,1,1,1,17,12,23,25,8,0,1,1,44,1,55,36,55036,4,2005,KMHCG45C85U6,K,M,H,C,G,4,5,C,8,5,U,6,0,P,HYUN,AGL,4D,5,17,2280,,0,961,,G,,0,0,000000000,00000000000,0,0,0,1,0,0,0,0,0,0,0,98,0,0,0,81,98,4,1,8,0,0,0,1,44,2885,6,1,0,0,3,0,67,120,2,0,0,2,0,7,2008,12,2010,0,0,0,0,0,3,3,65,1,1,2,1,0,0,1,80,1,1,1,13,0,0
25,250203,1,1,1,19,12,16,19,8,0,1,0,25,2,20,16,20016,2,2000,1G1JC1240Y72,1,G,1,J,C,1,2,4,0,Y,7,2,0,P,CHEV,CAV,CP,0,17,2617,,0,1041,,G,,0,0,000000000,00000000000,0,0,0,1,0,0,0,0,0,0,0,98,0,0,0,12,98,6,2,8,0,0,0,1,25,1440,6,2,0,0,3,3,72,999,0,0,0,0,0,0,0,0,0,1,28,0,0,0,1,2,30,1,1,2,1,0,0,98,10,1,1,4,13,0,0
25,250204,1,1,1,22,12,17,19,8,0,1,0,25,1,20,481,20481,31,2004,1GCEC19X74Z2,1,G,C,E,C,1,9,X,7,4,Z,2,0,T,CHEV,SC1,4C,4,17,,2,1575,1435,SIL,G,,0,0,000000000,00000000000,0,0,0,1,0,0,0,0,0,0,0,98,0,0,0,6,98,4,3,8,0,0,0,1,25,2723,6,1,0,0,3,0,65,145,0,0,0,1,0,2,2010,2,2010,0,0,0,0,0,1,8,98,8,8,2,3,0,0,13,80,1,1,1,92,0,0
25,250205,1,2,1,10,9,9,22,12,2,1,0,25,1,49,472,49472,30,2006,5TENX22N16Z3,5,T,E,N,X,2,2,N,1,6,Z,3,0,T,TOYT,REG,PK,6,17,,1,0,1033,TAC,G,,0,0,000000000,00000000000,0,0,0,1,0,0,0,0,0,0,0,98,0,0,0,12,12,6,2,12,0,0,0,1,25,2330,6,1,0,0,3,3,71,999,0,0,0,0,0,0,0,0,0,0,51,28,0,0,2,2,65,1,1,2,1,0,0,1,10,98,1,7,62,1,0
25,250205,2,2,2,10,9,9,22,12,2,1,0,9,1,42,398,42398,6,2010,WDCGG8HB1AF4,W,D,C,G,G,8,H,B,1,A,F,4,0,P,MERZ,GK3,UT,10,17,4079,,0,1085,,G,,0,0,000000000,00000000000,0,0,0,1,0,0,0,0,0,0,0,98,0,0,0,12,12,6,2,12,0,0,0,1,9,6070,6,1,0,0,3,0,66,999,98,0,0,0,0,0,0,0,0,0,0,0,0,0,2,2,65,1,1,2,1,0,0,1,62,1,1,1,62,1,0
25,250206,1,1,1,28,1,17,16,8,0,1,1,99,9,99,999,99999,99,9999,999999999999,9,9,9,9,9,9,9,9,9,9,9,9,0,U,,,,9,17,,,,,,,,0,0,000000000,00000000000,0,0,0,1,0,0,0,0,0,0,0,98,0,0,0,12,99,4,4,8,99,99,0,1,99,99999,9,9,99,9,9,9,999,999,99,99,99,99,99,99,9999,99,9999,9,0,0,0,0,8,8,25,8,8,2,98,97,8,99,99,99,9,9,13,0,0
25,250207,1,2,1,11,9,0,20,12,6,1,0,25,1,72,706,72706,80,2001,1HD1FHW1X1Y6,1,H,D,1,F,H,W,1,X,1,Y,6,0,M,HD,HPI,RS,1,17,,,,,,,1450,0,0,000000000,00000000000,0,0,0,1,0,0,0,0,0,0,0,98,0,0,0,12,12,6,2,12,0,0,0,1,25,1826,6,1,0,0,3,0,64,999,0,0,0,0,0,0,0,0,0,0,0,0,0,0,1,2,30,1,1,2,1,0,0,1,66,1,1,1,86,1,1
25,250207,2,2,3,11,9,0,20,12,6,1,0,25,1,37,32,37032,4,2004,1HGCM55654A1,1,H,G,C,M,5,5,6,5,4,A,1,0,P,HOND,UEX,4D,4,17,0,,0,1079,,G,,0,0,000000000,00000000000,0,0,0,1,0,0,0,0,0,0,0,98,0,0,0,82,82,6,2,12,0,0,0,1,25,1851,6,1,0,0,3,0,62,999,0,0,0,0,0,0,0,0,0,0,39,0,0,0,1,2,30,1,1,2,1,20,3,1,66,1,1,1,87,0,1
25,250208,1,2,1,27,4,17,44,12,2,1,0,25,2,35,43,35043,4,2003,3N1CB51D13L8,3,N,1,C,B,5,1,D,1,3,L,8,0,P,NISS,XGX,4D,3,17,2411,,0,998,,G,,0,0,000000000,00000000000,0,0,0,1,0,0,0,0,0,0,0,98,0,0,0,12,12,6,2,12,0,0,0,1,36,2769,6,1,0,0,3,0,69,999,0,0,0,0,0,0,0,0,0,0,99,99,99,99,1,2,50,3,8,2,2,0,0,15,10,1,1,2,50,1,0
25,250208,2,2,1,27,4,17,44,12,2,1,0,25,1,87,881,87881,66,1997,1XP5D69X8VN4,1,X,P,5,D,6,9,X,8,V,N,4,0,T,PTRB,379,DS,97,17,,8,0,0,CON,D,,0,25,25,2525,3,5,96,1,0,0,0,0,0,0,0,98,0,0,0,12,12,6,2,12,0,0,0,1,25,2780,6,1,6,3,3,0,72,999,0,0,0,0,1,2,2010,2,2010,0,0,0,0,0,1,2,50,2,5,3,2,0,0,14,62,1,1,1,51,0,0
25,250209,1,2,1,5,5,16,30,12,6,1,0,25,1,41,35,41035,4,2002,JM1BJ2258206,J,M,1,B,J,2,2,5,8,2,0,6,0,P,MAZD,PDS,4D,2,17,2493,,0,1028,,G,,0,0,000000000,00000000000,0,0,0,1,0,0,0,0,0,0,0,98,0,1,1,12,12,6,2,12,0,0,0,1,25,2453,6,1,0,0,3,0,69,999,1,0,0,0,0,3,2010,3,2010,0,39,0,0,0,2,2,30,1,1,2,1,20,2,1,17,1,1,1,88,0,0
25,250209,2,2,3,5,5,16,30,12,6,1,0,25,1,2,404,2404,14,1997,1J4GZ78Y1VC6,1,J,4,G,Z,7,8,Y,1,V,C,6,0,T,JEEP,L/O,4W,97,17,,1,0,1059,GCK,G,,0,0,000000000,00000000000,0,0,0,1,0,0,0,0,0,0,0,98,0,0,0,61,61,6,2,12,0,0,0,1,25,2453,0,0,0,0,0,0,999,999,0,0,0,0,0,0,0,0,0,0,0,0,0,0,2,2,30,1,1,2,1,0,0,1,66,1,1,1,89,1,0
25,250210,1,1,1,30,5,23,26,42,0,1,0,25,2,55,401,55401,14,2005,KM8SC73E65U9,K,M,8,S,C,7,3,E,6,5,U,9,0,P,HYUN,SAN,UT,5,17,3752,,0,1031,,G,,0,0,000000000,00000000000,0,0,0,1,0,0,0,0,0,0,0,98,0,0,0,82,12,6,2,2,0,0,1,1,25,1952,1,1,0,0,2,2,62,999,0,8,0,6,0,7,2007,3,2010,1,74,36,0,0,1,2,30,4,8,2,1,0,0,14,13,1,1,4,1,1,1
25,250211,1,1,1,27,6,17,12,33,0,1,0,25,1,37,706,37706,80,2004,JH2SC57024M0,J,H,2,S,C,5,7,0,2,4,M,0,0,M,HOND,CBS,RS,4,17,,,,,,,998,0,0,000000000,00000000000,0,0,0,1,0,0,0,0,0,0,0,98,0,0,0,81,98,6,2,42,0,0,0,1,25,1880,6,1,0,0,3,0,72,999,2,0,0,0,0,12,2007,10,2008,0,36,0,0,0,1,2,30,1,1,2,2,0,0,98,8,1,7,4,15,1,1
25,250212,1,2,1,1,7,11,28,12,6,1,0,25,1,37,709,37709,80,2008,JH2SC59078M0,J,H,2,S,C,5,9,0,7,8,M,0,0,M,HOND,CBS,RC,8,17,,,,,,,998,0,0,000000000,00000000000,0,0,0,1,0,0,0,0,0,0,0,98,0,0,0,12,12,6,2,12,0,0,0,1,25,2747,6,1,0,0,3,0,70,999,0,0,0,1,3,10,2009,3,2010,0,0,0,0,0,1,2,30,8,1,2,1,20,3,1,66,1,1,3,88,1,0
25,250212,2,2,3,1,7,11,28,12,6,1,1,25,3,42,48,42048,4,2010,WDDHF7CB1AA0,W,D,D,H,F,7,C,B,1,A,A,0,0,P,MERZ,ME5,4D,10,17,4145,,0,1131,,G,,0,0,000000000,00000000000,0,0,0,1,0,0,0,0,0,0,0,98,0,0,0,61,61,6,2,12,0,0,0,1,25,2740,6,1,0,0,3,0,64,999,0,0,0,0,0,0,0,0,0,0,38,0,0,0,1,2,30,1,8,2,1,0,0,4,66,1,1,1,89,0,0
25,250213,1,2,1,2,7,1,56,12,6,1,1,25,1,22,8,22008,2,2004,6G2VX12G34L2,6,G,2,V,X,1,2,G,3,4,L,2,0,P,PONT,GTO,CP,4,17,3725,,0,1098,,G,,0,0,000000000,00000000000,0,0,0,1,0,0,0,0,0,0,0,98,0,0,0,81,81,6,2,12,0,0,0,1,25,1610,6,1,0,0,3,0,68,999,0,0,0,0,1,7,2007,7,2007,0,36,0,0,0,1,2,30,1,1,2,1,0,0,11,62,1,1,2,68,0,0
25,250213,2,2,1,2,7,1,56,12,6,1,0,25,1,72,706,72706,80,1998,1HD4CAM13WK1,1,H,D,4,C,A,M,1,3,W,K,1,0,M,HD,X88,RS,98,17,,,,,,,883,0,0,000000000,00000000000,0,0,0,1,0,0,0,0,0,0,0,98,0,0,0,12,12,6,2,12,0,0,0,1,25,1607,6,1,0,0,3,0,62,999,0,0,0,2,1,1,2008,6,2009,0,0,0,0,0,1,2,30,1,1,2,1,0,0,1,62,1,1,1,69,1,1