STATE,ST_CASE,VEH_NO,VE_FORMS,NUMOCCS,DAY,MONTH,HOUR,MINUTE,HARM_EV,MAN_COLL,UNITTYPE,HIT_RUN,REG_STAT,OWNER,MAKE,MODEL,MAK_MOD,BODY_TYP,MOD_YEAR,VIN,VIN_1,VIN_2,VIN_3,VIN_4,VIN_5,VIN_6,VIN_7,VIN_8,VIN_9,VIN_10,VIN_11,VIN_12,TOW_VEH,VINTYPE,VINMAKE,VINA_MOD,VIN_BT,VINMODYR,VIN_LNGT,VIN_WGT,WGTCD_TR,WHLBS_LG,WHLBS_SH,SER_TR,FUELCODE,MCYCL_DS,J_KNIFE,MCARR_I1,MCARR_I2,MCARR_ID,GVWR,V_CONFIG,CARGO_BT,HAZ_INV,HAZ_PLAC,HAZ_ID,HAZ_CNO,HAZ_REL,BUS_USE,SPEC_USE,EMER_USE,TRAV_SP,UNDERIDE,ROLLOVER,ROLINLOC,IMPACT1,IMPACT2,DEFORMED,TOWED,M_HARM,VEH_SC1,VEH_SC2,FIRE_EXP,DR_PRES,L_STATE,DR_ZIP,L_STATUS,L_TYPE,CDL_STAT,L_ENDORS,L_COMPL,L_RESTRI,DR_HGT,DR_WGT,PREV_ACC,PREV_SUS,PREV_DWI,PREV_SPD,PREV_OTH,FIRST_MO,FIRST_YR,LAST_MO,LAST_YR,SPEEDREL,DR_SF1,DR_SF2,DR_SF3,DR_SF4,VTRAFWAY,VNUM_LAN,VSPD_LIM,VALIGN,VPROFILE,VPAVETYP,VSURCOND,VTRAFCON,VTCONT_F,P_CRASH1,P_CRASH2,P_CRASH3,PCRASH4,PCRASH5,ACC_TYPE,DEATHS,DR_DRINK
25,250214,1,2,1,8,7,19,30,12,2,1,0,25,1,12,402,12402,14,2003,1FMYU03143KA,1,F,M,Y,U,0,3,1,4,3,K,A,0,P,FORD,SPE,UT,3,17,3252,,0,1031,,G,,0,0,000000000,00000000000,0,0,0,1,0,0,0,0,0,0,0,98,0,0,0,12,12,6,2,12,0,0,0,1,25,2180,6,1,0,0,3,0,63,999,0,0,0,0,0,0,0,0,0,0,0,0,0,0,1,2,30,1,1,2,1,0,0,1,62,1,1,1,51,0,0
25,250214,2,2,1,8,7,19,30,12,2,1,0,25,1,76,705,76705,80,2002,JYARJ04E62A0,J,Y,A,R,J,0,4,E,6,2,A,0,0,M,YAMA,R6L,RS,2,17,,,,,,,599,0,0,000000000,00000000000,0,0,0,1,0,0,0,0,0,0,0,98,0,0,0,12,12,6,2,12,0,0,0,1,25,2180,6,1,0,0,3,0,71,999,0,1,1,1,1,10,2007,7,2008,1,51,0,0,0,1,2,30,1,1,2,1,0,0,15,10,1,1,2,50,1,1
25,250215,1,2,1,15,7,14,35,12,2,1,0,25,1,59,421,59421,15,2001,JTJHT00W9135,J,T,J,H,T,0,0,W,9,1,3,5,0,P,LEXS,LX7,UT,1,17,5401,,0,1122,,G,,0,0,000000000,00000000000,0,0,0,1,0,0,0,0,0,0,0,98,0,0,0,12,12,6,2,12,0,0,0,1,25,1834,6,1,0,0,3,3,62,999,0,0,0,0,0,0,0,0,0,0,28,0,0,0,1,2,40,1,1,2,1,0,0,1,98,6,1,2,50,0,0
25,250215,2,2,1,15,7,14,35,12,2,1,0,25,1,2,403,2403,14,2000,1J4FA29P2YP7,1,J,4,F,A,2,9,P,2,Y,P,7,0,T,JEEP,SEW,2W,0,17,,1,0,934,W/T,G,,0,0,000000000,00000000000,0,0,0,1,0,0,0,0,0,0,0,98,0,0,0,12,12,6,2,12,0,0,0,1,25,1969,6,1,0,0,3,0,63,999,0,0,0,0,0,0,0,0,0,0,0,0,0,0,1,2,40,1,1,2,1,0,0,1,63,1,1,1,51,1,1
25,250216,1,1,1,23,7,21,25,18,0,1,0,25,1,42,42,42042,4,2004,WDBRH81J34F5,W,D,B,R,H,8,1,J,3,4,F,5,0,P,MERZ,CSM,SW,4,17,3470,,0,1069,,G,,0,0,000000000,00000000000,0,0,0,1,0,0,0,0,0,0,0,98,0,0,0,98,62,6,2,42,0,0,0,1,25,2748,6,1,0,0,3,3,74,999,0,0,0,0,0,0,0,0,0,0,28,0,0,0,1,2,30,8,1,2,2,0,0,15,12,1,1,4,6,1,1
25,250217,1,1,3,14,11,0,45,1,0,1,0,25,2,35,39,35039,4,2005,1N4BA41E35C8,1,N,4,B,A,4,1,E,3,5,C,8,0,P,NISS,MEL,4D,5,17,3321,,0,1112,,G,,0,0,000000000,00000000000,0,0,0,1,0,0,0,0,0,0,0,98,0,2,1,0,98,6,2,1,0,0,0,1,25,1604,0,0,0,0,0,0,72,999,0,0,0,1,1,7,2009,7,2009,0,28,0,0,0,3,8,65,1,1,2,1,0,0,1,9,1,1,4,98,2,1
25,250218,1,1,1,29,10,15,30,15,0,1,0,25,2,12,461,12461,21,1996,1FTJE34H4THA,1,F,T,J,E,3,4,H,4,T,H,A,0,T,FORD,35V,CG,96,17,,2,0,1380,VAN,G,,0,88,888888888,88888888888,1,20,22,1,0,0,0,0,0,0,0,98,0,0,0,12,12,4,1,15,0,0,0,1,36,2571,6,1,0,0,3,0,73,999,0,6,0,0,1,7,2008,8,2009,0,36,0,0,0,2,8,30,1,1,2,1,3,3,11,81,1,1,1,13,0,0
25,250219,1,1,2,15,10,6,20,19,0,1,0,25,3,12,442,12442,20,2001,2FMZA51491BB,2,F,M,Z,A,5,1,4,9,1,B,B,0,T,FORD,WLX,ES,1,17,,1,0,1207,WIN,G,,0,0,000000000,00000000000,1,0,0,1,0,0,0,0,0,0,0,98,0,0,0,12,12,6,2,19,0,0,1,1,25,2341,6,1,0,0,3,0,71,999,0,0,0,0,0,0,0,0,0,0,99,99,99,99,1,2,55,8,8,2,2,0,0,1,12,99,1,4,6,1,0
25,250220,1,1,1,25,11,0,37,24,0,1,0,31,1,63,401,63401,14,2006,KNDJF7230672,K,N,D,J,F,7,2,3,0,6,7,2,0,P,KIA,KMS,UT,6,17,3344,,0,1035,,G,,0,0,000000000,00000000000,0,0,0,1,0,0,0,0,0,0,0,98,0,1,6,12,98,6,2,2,0,0,1,1,31,2451,6,1,0,0,3,3,999,999,1,0,0,1,0,4,2008,8,2010,0,0,0,0,0,2,2,30,1,1,2,1,0,0,1,12,1,9,4,6,1,1
25,250221,1,2,2,8,6,11,26,12,1,1,0,25,1,14,401,14401,14,2004,4M2DU86W44ZJ,4,M,2,D,U,8,6,W,4,4,Z,J,0,P,MERC,MOU,UT,4,17,4433,,0,1138,,G,,0,0,000000000,00000000000,0,0,0,1,0,0,0,0,0,0,0,0,0,0,0,6,6,6,2,12,0,0,0,1,25,1603,6,1,0,0,3,3,65,999,0,0,0,0,0,0,0,0,0,0,0,0,0,0,1,2,55,1,1,2,1,20,3,5,53,1,1,1,22,0,0
25,250221,2,2,2,8,6,11,26,12,1,1,0,25,1,12,13,12013,4,1995,3FASP13J6SR1,3,F,A,S,P,1,3,J,6,S,R,1,0,P,FORD,EST,4D,95,17,2404,,0,984,,G,,0,0,000000000,00000000000,0,0,0,1,0,0,0,0,0,0,0,98,0,0,0,12,12,6,2,12,0,0,0,1,25,1545,6,1,0,0,3,3,62,999,0,0,0,0,0,0,0,0,0,0,36,26,91,0,1,2,55,1,1,2,1,20,3,1,50,1,1,1,20,1,0
25,250222,1,1,2,21,11,19,31,8,0,1,0,25,1,49,46,49046,4,2007,JTDKB20U5776,J,T,D,K,B,2,0,U,5,7,7,6,0,P,TOYT,PRI,4H,7,17,2932,,0,1063,,B,,0,0,000000000,00000000000,0,0,0,1,0,0,0,0,0,0,0,30,0,0,0,12,12,4,3,8,36,0,0,1,25,2421,6,1,0,0,3,3,65,999,0,0,0,0,0,0,0,0,0,0,92,0,0,0,2,2,30,1,1,2,1,0,0,1,80,1,1,1,13,0,0
25,250223,1,1,1,18,11,23,0,24,0,1,0,25,1,98,706,98706,80,2004,5VPTB16D8430,5,V,P,T,B,1,6,D,8,4,3,0,0,M,VCTY,TBD,RS,4,17,,,,,,,1507,0,0,000000000,00000000000,0,0,0,1,0,0,0,0,0,0,0,98,0,0,0,7,7,6,2,24,0,0,0,1,25,2451,6,1,0,0,3,3,68,999,0,0,0,0,1,5,2010,5,2010,0,28,0,0,0,3,4,55,2,1,2,1,0,0,14,9,99,9,4,7,1,1
25,250224,1,1,1,13,11,12,30,8,0,1,0,25,1,23,421,23421,15,2000,1GKEK13T0YJ1,1,G,K,E,K,1,3,T,0,Y,J,1,0,T,GMC,YUK,4W,0,17,,2,0,1160,YUK,G,,0,0,000000000,00000000000,0,0,0,1,0,0,0,0,0,0,0,98,0,0,0,12,12,4,3,8,0,0,0,1,25,1609,6,1,0,0,3,3,64,999,0,1,2,0,3,4,2009,9,2010,0,36,0,0,0,1,2,30,1,1,2,1,3,1,11,80,1,1,1,13,0,0
25,250225,1,1,2,11,12,0,41,30,0,1,0,25,2,24,3,24003,6,1996,1G8ZH8288TZ2,1,G,8,Z,H,8,2,8,8,T,Z,2,0,P,STRN,SW1,SW,96,17,2358,,0,1024,,G,,0,0,000000000,00000000000,0,0,0,1,0,0,0,0,0,0,0,98,0,0,0,12,12,6,2,30,0,0,0,1,25,2301,0,0,0,0,0,0,69,999,0,0,0,0,0,0,0,0,0,1,36,0,0,0,1,2,30,1,1,2,1,0,0,1,13,1,1,4,1,1,1
25,250226,1,1,1,11,12,8,15,59,0,1,0,25,2,2,403,2403,14,1992,2J4FY29S9NJ5,2,J,4,F,Y,2,9,S,9,N,J,5,0,T,JEEP,W/Y,2W,92,17,,1,0,934,W/Y,G,,0,0,000000000,00000000000,0,0,0,1,0,0,0,0,0,0,0,98,0,2,1,12,98,6,2,1,0,0,0,1,25,2790,6,2,0,0,3,3,66,999,0,0,0,0,0,0,0,0,0,0,99,99,99,99,3,2,65,3,1,2,4,0,0,14,12,1,1,4,6,1,0
25,250227,1,1,1,12,12,18,28,8,0,1,0,25,1,12,401,12401,14,1997,1FMDU34E1VUD,1,F,M,D,U,3,4,E,1,V,U,D,0,P,FORD,EPR,UT,97,17,4166,,0,1115,,G,,0,0,000000000,00000000000,1,0,0,1,0,0,0,0,0,0,0,98,0,0,0,62,62,4,3,8,0,0,0,1,25,1013,6,1,0,0,3,0,71,999,1,0,0,1,6,6,2009,10,2010,0,0,0,0,0,1,2,30,1,1,2,2,0,0,1,80,1,1,1,13,0,0
25,250228,1,1,1,30,12,99,99,42,0,1,0,25,1,37,31,37031,4,2008,2HGFA16598H5,2,H,G,F,A,1,6,5,9,8,H,5,0,P,HOND,UCL,4D,8,17,2751,,0,1063,,G,,0,0,000000000,00000000000,0,0,0,1,0,0,0,0,0,0,0,98,0,0,0,98,98,6,2,42,0,0,0,1,25,1826,6,1,0,0,3,0,64,999,0,0,0,1,2,3,2008,9,2009,1,0,0,0,0,1,2,30,8,8,2,99,0,0,1,19,99,1,4,99,1,1
25,250229,1,1,3,11,12,11,13,26,0,1,0,25,1,20,34,20034,4,1999,1Y1SK5288XZ4,1,Y,1,S,K,5,2,8,8,X,Z,4,0,P,CHEV,P/L,4D,99,17,2403,,0,971,,G,,0,0,000000000,00000000000,0,0,0,1,0,0,0,0,0,0,0,80,0,1,1,12,98,6,2,1,0,0,0,1,25,2136,6,1,0,0,3,3,66,999,1,5,0,1,1,12,2007,9,2009,1,36,28,85,0,3,3,65,1,1,2,1,0,0,6,8,6,7,2,98,1,0
25,250230,1,1,3,4,12,1,14,42,0,1,0,25,3,42,46,42046,2,2006,WDDDJ75X96A0,W,D,D,D,J,7,5,X,9,6,A,0,0,P,MERZ,CS5,C4,6,17,4000,,0,1123,,G,,0,0,000000000,00000000000,0,0,0,1,0,0,0,0,0,0,0,98,0,0,0,98,98,6,2,42,0,0,1,1,25,2743,6,1,0,0,3,3,70,999,0,4,0,4,0,12,2008,10,2009,0,0,0,0,0,1,2,30,3,1,2,1,0,0,14,10,1,1,4,6,1,1
25,250231,1,1,1,9,1,12,37,42,0,1,0,92,0,12,999,12999,99,1998,999999999999,9,9,9,9,9,9,9,9,9,9,9,9,0,U,,,,9,17,,,,,,,,0,0,000000000,00000000000,0,0,0,1,0,0,0,0,0,0,0,98,0,0,0,12,12,6,2,42,0,0,0,1,25,1473,6,1,6,0,3,0,69,999,0,0,0,0,0,0,0,0,0,0,0,0,0,0,1,2,98,1,1,2,11,0,0,1,13,1,1,4,1,1,0
25,250232,1,2,1,11,1,15,19,12,1,1,0,25,1,35,47,35047,4,1998,1N4DL01D7WC2,1,N,4,D,L,0,1,D,7,W,C,2,0,P,NISS,AGS,4D,98,17,2766,,0,1031,,G,,0,0,000000000,00000000000,0,0,0,1,0,0,0,0,0,0,0,98,0,0,0,6,6,8,3,12,0,0,0,1,25,2081,6,1,0,0,3,0,65,999,0,0,0,0,0,0,0,0,0,0,0,0,0,0,2,2,40,1,1,2,1,0,0,2,53,1,1,1,25,0,0
25,250232,2,2,2,11,1,15,19,12,1,1,0,25,1,37,32,37032,4,2003,1HGCM56333A0,1,H,G,C,M,5,6,3,3,3,A,0,0,P,HOND,ULX,4D,3,17,3053,,0,1079,,G,,0,0,000000000,00000000000,0,0,0,1,0,0,0,0,0,0,0,98,0,0,0,12,12,6,2,12,0,0,0,1,25,2081,6,1,0,0,3,3,65,999,0,0,0,0,0,0,0,0,0,0,0,0,0,0,2,2,40,1,1,2,1,0,0,1,53,1,1,1,24,1,0
25,250233,1,1,1,18,1,18,47,34,0,1,0,25,1,12,401,12401,14,1999,1FMZU34EXXZB,1,F,M,Z,U,3,4,E,X,X,Z,B,0,P,FORD,EPR,UT,99,17,4128,,0,1116,,G,,0,0,000000000,00000000000,0,0,0,1,0,0,0,0,0,0,0,98,0,0,0,14,12,6,2,34,0,0,0,1,25,1089,6,1,0,0,3,0,72,999,0,4,0,0,1,3,2008,11,2009,0,0,0,0,0,3,3,55,3,1,2,1,0,0,14,13,1,1,4,1,1,0
25,250234,1,1,1,27,1,3,8,33,0,1,0,25,2,37,31,37031,4,2004,2HGES26724H6,2,H,G,E,S,2,6,7,2,4,H,6,0,P,HOND,UAX,4D,4,17,2668,,0,1031,,G,,0,0,000000000,00000000000,0,0,0,1,0,0,0,0,0,0,0,98,0,0,0,14,62,6,2,30,0,0,0,1,25,2452,6,1,6,0,3,3,69,999,0,0,0,0,0,0,0,0,0,0,0,0,0,0,2,2,30,1,1,2,1,3,1,1,13,1,1,4,1,1,0
25,250235,1,2,1,8,3,16,29,12,6,1,0,25,1,53,706,53706,80,2005,JS1GW71AX521,J,S,1,G,W,7,1,A,X,5,2,1,0,M,SUZI,G13,RS,5,17,,,,,,,1298,0,0,000000000,00000000000,0,0,0,1,0,0,0,0,0,0,0,98,0,0,0,62,98,6,2,12,0,0,0,1,25,2741,6,1,0,0,3,0,65,999,0,0,0,0,1,4,2009,4,2009,0,99,99,99,99,1,8,98,8,1,2,1,3,3,1,54,4,7,1,69,1,0
25,250235,2,2,1,8,3,16,29,12,6,1,0,25,1,6,43,6043,2,2002,4C3AG42H42E0,4,C,3,A,G,4,2,H,4,2,E,0,0,P,CHRY,SLX,2P,2,17,3016,,0,1037,,G,,0,0,000000000,00000000000,0,0,0,1,0,0,0,0,0,0,0,98,0,0,0,82,82,6,2,12,0,0,0,1,25,2719,6,1,0,0,3,0,66,999,0,0,0,0,0,0,0,0,0,0,0,0,0,0,1,2,98,8,1,2,1,3,3,11,62,4,1,3,68,0,0
25,250236,1,1,2,3,4,11,25,33,0,1,0,25,2,63,441,63441,20,2002,KNDUP1315261,K,N,D,U,P,1,3,1,5,2,6,1,0,P,KIA,SED,SV,2,17,4709,,0,1145,,G,,0,0,000000000,00000000000,0,0,0,1,0,0,0,0,0,0,0,98,0,0,0,14,12,6,2,33,0,0,0,1,25,1876,6,1,0,0,3,0,62,999,0,0,0,0,0,0,0,0,0,0,28,0,0,0,1,2,35,1,1,2,1,3,3,10,16,1,9,4,6,1,0
25,250237,1,1,1,14,4,14,52,33,0,1,0,25,2,18,23,18023,4,2006,1G4HD572X6U2,1,G,4,H,D,5,7,2,X,6,U,2,0,P,BUIC,UXL,4D,6,17,3969,,0,1156,,G,,0,0,000000000,00000000000,0,0,0,1,0,0,0,0,0,0,0,98,0,0,0,98,14,6,2,19,0,0,0,1,25,1453,6,1,0,0,3,0,69,999,2,0,0,0,0,5,2008,8,2009,0,28,0,0,0,1,2,35,4,1,2,1,0,0,14,12,1,1,4,6,1,0
25,250238,1,1,1,19,5,23,1,33,0,1,0,25,1,20,1,20001,4,1983,1G1AW3591DB1,1,G,1,A,W,3,5,9,1,D,B,1,0,P,CHEV,MAL,SW,83,17,3343,,0,1081,,G,,0,0,000000000,00000000000,0,0,0,1,0,0,0,0,0,0,0,98,0,0,0,14,14,6,2,42,0,0,0,1,25,2745,6,1,0,0,3,0,68,999,0,0,0,0,0,0,0,0,0,0,28,51,0,0,1,2,25,1,1,2,2,0,0,15,10,1,1,4,6,1,0
25,250239,1,1,1,28,10,21,0,8,0,1,0,25,1,22,18,22018,4,2000,1G2NF52T0YC5,1,G,2,N,F,5,2,T,0,Y,C,5,0,P,PONT,SE1,4D,0,17,3116,,0,1070,,G,,0,0,000000000,00000000000,0,0,0,1,0,0,0,0,0,0,0,98,0,0,0,12,12,4,3,8,0,0,0,1,25,2536,6,1,0,0,3,0,71,999,1,2,0,0,3,10,2007,10,2010,0,0,0,0,0,1,2,35,1,1,2,1,0,0,1,81,1,1,1,13,0,0
25,250240,1,1,1,30,10,6,32,8,0,1,0,25,2,12,17,12017,4,2002,1FAFP53U62G1,1,F,A,F,P,5,3,U,6,2,G,1,0,P,FORD,TSE,4D,2,17,3355,,0,1085,,G,,0,0,000000000,00000000000,0,0,0,1,0,0,0,0,0,0,0,98,0,0,0,12,12,4,3,8,0,0,0,1,25,2148,1,1,0,0,2,2,69,999,1,5,0,0,3,11,2007,9,2010,0,92,74,0,0,2,3,35,1,1,2,2,3,3,1,80,4,1,1,13,0,0
25,250241,1,2,1,7,12,7,25,12,6,1,0,9,1,12,481,12481,31,1999,1FTNF21L6XEB,1,F,T,N,F,2,1,L,6,X,E,B,0,T,FORD,F2S,PK,99,17,,2,0,1370,SRW,G,,0,0,000000000,00000000000,0,0,0,1,0,0,0,0,0,0,0,98,0,0,0,12,12,8,8,12,0,0,0,1,9,6282,6,1,0,0,3,0,72,999,98,0,0,0,0,0,0,0,0,0,0,0,0,0,1,8,30,1,1,2,1,0,0,1,62,1,1,1,86,0,0
25,250241,2,2,4,7,12,7,25,12,6,1,0,25,2,6,42,6042,4,1996,2C3HC56F8TH3,2,C,3,H,C,5,6,F,8,T,H,3,0,P,CHRY,LHS,4D,96,17,3560,,0,1130,,G,,0,0,000000000,00000000000,0,0,0,1,0,0,0,0,0,0,0,98,0,0,0,81,81,6,2,12,0,0,0,1,25,1550,3,1,0,0,2,2,69,999,0,3,0,0,2,11,2009,5,2010,0,39,74,0,0,1,8,30,1,1,2,1,20,3,3,8,4,1,1,87,1,0
25,250242,1,1,1,7,11,7,18,24,0,1,0,25,2,6,52,6052,6,2001,3C8FY4BB61T6,3,C,8,F,Y,4,B,B,6,1,T,6,0,P,CHRY,PTC,SV,1,17,3109,,0,1030,,G,,0,0,000000000,00000000000,0,0,0,1,0,0,0,0,0,0,0,98,0,0,0,12,98,6,2,24,0,0,0,1,25,1850,6,1,0,0,3,3,71,999,0,7,0,0,5,3,2008,10,2010,0,0,0,0,0,1,2,30,1,1,2,1,0,0,1,19,99,1,4,15,1,1
25,250243,1,1,1,26,11,16,0,8,0,1,0,25,1,51,43,51043,4,1999,YV1LS56D2X16,Y,V,1,L,S,5,6,D,2,X,1,6,0,P,VOLV,SGL,4D,99,17,3252,,0,1049,,G,,0,0,000000000,00000000000,0,0,0,1,0,0,0,0,0,0,0,98,0,0,0,62,62,8,8,8,0,0,0,1,25,1851,6,1,0,0,3,3,72,999,0,0,0,1,0,8,2010,8,2010,0,0,0,0,0,1,2,30,1,1,2,1,0,0,1,80,1,1,1,13,0,0
25,250244,1,2,1,7,12,13,55,12,6,1,0,44,1,18,7,18007,4,1999,2G4WY52M9X15,2,G,4,W,Y,5,2,M,9,X,1,5,0,P,BUIC,CLM,4D,99,17,3371,,0,1090,,G,,0,0,000000000,00000000000,0,0,0,1,0,0,0,0,0,0,0,90,0,0,0,12,12,6,2,12,0,0,0,1,44,2893,9,9,99,9,9,9,999,999,99,99,99,99,99,99,9999,99,9999,1,0,0,0,0,3,3,65,1,1,2,1,0,0,1,6,1,1,6,88,1,0
25,250244,2,2,1,7,12,13,55,12,6,1,0,25,2,21,401,21401,14,2000,1GHDT13W9Y23,1,G,H,D,T,1,3,W,9,Y,2,3,0,P,OLDS,BRA,UT,0,17,4068,,0,1070,,G,,0,0,000000000,00000000000,0,0,0,1,0,0,0,0,0,0,0,98,0,1,2,61,98,6,2,1,0,0,0,1,25,2746,6,1,0,0,3,3,72,999,0,0,0,0,0,0,0,0,0,0,0,0,0,0,6,8,65,2,8,2,1,0,0,14,64,1,1,1,89,1,0
25,250245,1,2,2,11,12,3,18,12,7,1,0,25,1,49,44,49044,9,2004,4T1CA38P34U0,4,T,1,C,A,3,8,P,3,4,U,0,0,P,TOYT,CEE,CP,4,17,3175,,0,1051,,G,,0,0,000000000,00000000000,0,0,0,1,0,0,0,0,0,0,0,98,0,1,6,62,62,6,2,1,0,0,0,1,25,1887,6,2,0,0,3,3,65,999,0,1,0,0,2,3,2008,6,2009,0,27,0,0,0,3,3,65,1,1,2,1,0,0,15,51,1,1,2,48,1,0
25,250245,2,2,2,11,12,3,18,12,7,1,0,25,3,6,54,6054,6,2005,2C8GF68415R5,2,C,8,G,F,6,8,4,1,5,R,5,0,P,CHRY,PIF,UT,5,17,4547,,0,1160,,G,,0,0,000000000,00000000000,0,0,0,1,0,0,0,0,0,0,0,98,0,0,0,83,83,2,3,12,0,0,0,1,25,2090,6,1,0,0,3,3,66,999,0,0,0,0,0,0,0,0,0,0,0,0,0,0,3,3,65,1,1,2,1,0,0,1,61,1,1,1,48,0,0
25,250246,1,2,1,2,10,12,9,14,0,1,0,25,2,12,471,12471,30,2000,1FTYR14V0YTA,1,F,T,Y,R,1,4,V,0,Y,T,A,0,T,FORD,RNS,PS,0,17,,1,0,1257,RNG,F,,0,0,000000000,00000000000,0,0,0,1,0,0,0,0,0,0,0,98,0,0,0,12,12,6,2,14,0,0,0,1,25,2538,6,1,0,0,3,0,71,999,0,0,0,0,0,0,0,0,0,0,28,0,0,0,1,2,25,1,1,2,1,0,0,1,10,1,1,4,6,1,0
25,250246,3,2,1,2,10,12,9,14,0,1,0,25,1,12,37,12037,4,2009,1FAHP36N39W2,1,F,A,H,P,3,6,N,3,9,W,2,0,P,FORD,FOS,4D,9,17,2623,,0,1029,,G,,0,0,000000000,00000000000,0,0,0,1,0,0,0,0,0,0,0,98,0,0,0,81,81,6,2,54,0,0,0,1,25,2780,6,1,0,0,3,3,68,999,0,0,0,0,0,0,0,0,0,0,0,0,0,0,4,1,25,1,1,2,1,0,0,1,98,1,1,1,98,0,0
25,250247,1,2,1,11,12,5,13,12,2,1,0,9,1,55,35,55035,4,2008,KMHDU46D38U5,K,M,H,D,U,4,6,D,3,8,U,5,0,P,HYUN,GST,4D,8,17,2723,,0,1043,,G,,0,0,000000000,00000000000,0,0,0,1,0,0,0,0,0,0,0,98,0,0,0,12,12,6,2,12,0,0,0,1,9,6082,6,1,0,0,3,0,63,999,98,0,0,0,1,7,2010,7,2010,0,51,0,0,0,3,3,65,1,1,2,1,0,0,1,54,1,1,1,52,1,1
25,250247,2,2,1,11,12,5,13,12,2,1,0,25,1,19,18,19018,4,2006,1G6DP5777601,1,G,6,D,P,5,7,7,7,6,0,1,0,P,CADI,HF6,4D,6,17,3509,,0,1134,,G,,0,0,000000000,00000000000,0,0,0,1,0,0,0,0,0,0,0,98,0,0,0,12,12,6,2,12,0,0,0,1,25,1103,6,1,0,0,3,0,68,999,0,0,0,0,0,0,0,0,0,0,0,0,0,0,3,3,65,1,1,2,1,0,0,1,54,1,1,1,52,1,0
25,250248,1,2,1,30,12,20,6,12,2,1,0,25,2,49,40,49040,4,1995,4T1SK11E1SU5,4,T,1,S,K,1,1,E,1,S,U,5,0,P,TOYT,CAX,4D,95,17,2932,,0,1031,,G,,0,0,000000000,00000000000,0,0,0,1,0,0,0,0,0,0,0,98,0,0,0,12,12,6,2,12,0,0,0,1,25,2382,6,1,0,0,3,0,70,999,1,0,0,1,0,3,2009,4,2009,0,28,0,0,0,1,2,40,8,8,2,2,0,0,15,10,1,1,2,50,1,0
25,250248,2,2,3,30,12,20,6,12,2,1,0,25,1,12,37,12037,4,2005,1FAFP34N55W1,1,F,A,F,P,3,4,N,5,5,W,1,0,P,FORD,ZX4,4D,5,17,2677,,0,1030,,G,,0,0,000000000,00000000000,0,0,0,1,0,0,0,0,0,0,0,98,0,0,0,12,12,6,2,12,0,0,0,1,25,2333,6,1,0,0,3,0,67,999,0,0,0,0,0,0,0,0,0,0,0,0,0,0,1,2,40,8,8,2,2,0,0,1,62,1,1,1,51,0,0
25,250249,1,2,1,30,12,6,43,8,0,1,1,25,1,19,3,19003,4,1997,1G6KE54Y3VU2,1,G,6,K,E,5,4,Y,3,V,U,2,0,P,CADI,DDE,4D,97,17,3946,,0,1138,,G,,0,0,000000000,00000000000,0,0,0,1,0,0,0,0,0,0,0,35,0,0,0,62,62,4,3,8,0,0,0,1,25,2745,2,1,0,0,2,2,66,999,2,2,0,2,1,4,2008,4,2010,0,36,74,0,0,1,8,30,1,1,2,1,3,3,1,80,1,1,1,13,0,0
25,250249,2,2,1,30,12,6,43,8,0,1,0,25,3,20,473,20473,30,2007,1GCDT1991782,1,G,C,D,T,1,9,9,1,7,8,2,0,T,CHEV,RDO,4C,7,17,,1,0,1260,CAL,G,,0,0,000000000,00000000000,0,0,0,1,0,0,0,0,0,0,0,98,0,0,0,12,12,4,3,8,0,0,0,1,25,2346,6,1,0,0,3,0,70,999,0,0,0,0,0,0,0,0,0,0,0,0,0,0,1,8,30,1,1,2,1,3,3,1,80,1,1,1,98,0,0
25,250250,1,3,1,2,6,13,21,12,1,1,0,25,1,14,17,14017,4,2000,1MEFM55S7YA6,1,M,E,F,M,5,5,S,7,Y,A,6,0,P,MERC,SLP,4D,0,17,3375,,0,1085,,G,,0,0,000000000,00000000000,0,0,0,1,0,0,0,0,0,0,0,98,0,0,0,12,98,6,2,12,0,0,0,1,25,2370,6,1,0,0,3,3,68,999,0,0,0,0,0,0,0,0,0,0,38,51,0,0,1,2,30,2,1,2,1,0,0,11,15,1,1,2,32,1,0
25,250250,2,3,1,2,6,13,21,12,1,1,0,25,1,20,16,20016,4,1999,1G1JC5243X72,1,G,1,J,C,5,2,4,3,X,7,2,0,P,CHEV,CAV,4D,99,17,2676,,0,1041,,G,,0,0,000000000,00000000000,0,0,0,1,0,0,0,0,0,0,0,98,0,0,0,6,6,4,1,12,0,0,0,1,25,2370,6,1,0,0,3,0,65,999,0,0,0,0,0,0,0,0,0,0,0,0,0,0,1,2,30,2,1,2,1,0,0,11,15,1,1,3,32,0,0
25,250250,3,3,1,2,6,13,21,12,1,1,0,34,2,82,881,82881,66,2003,1FUJA6CG03LK,1,F,U,J,A,6,C,G,0,3,L,K,1,T,FRHT,COL,TR,3,17,,8,0,0,CON,D,,1,57,1639519,571639519,3,6,28,1,0,0,0,0,0,0,0,98,0,0,0,62,62,6,2,12,0,0,0,1,34,7036,6,1,6,9,3,0,69,999,3,5,0,0,3,7,2007,5,2010,0,0,0,0,0,1,2,30,3,1,2,1,0,0,14,62,1,1,1,98,0,0