STATE,ST_CASE,VEH_NO,VE_FORMS,NUMOCCS,DAY,MONTH,HOUR,MINUTE,HARM_EV,MAN_COLL,UNITTYPE,HIT_RUN,REG_STAT,OWNER,MAKE,MODEL,MAK_MOD,BODY_TYP,MOD_YEAR,VIN,VIN_1,VIN_2,VIN_3,VIN_4,VIN_5,VIN_6,VIN_7,VIN_8,VIN_9,VIN_10,VIN_11,VIN_12,TOW_VEH,VINTYPE,VINMAKE,VINA_MOD,VIN_BT,VINMODYR,VIN_LNGT,VIN_WGT,WGTCD_TR,WHLBS_LG,WHLBS_SH,SER_TR,FUELCODE,MCYCL_DS,J_KNIFE,MCARR_I1,MCARR_I2,MCARR_ID,GVWR,V_CONFIG,CARGO_BT,HAZ_INV,HAZ_PLAC,HAZ_ID,HAZ_CNO,HAZ_REL,BUS_USE,SPEC_USE,EMER_USE,TRAV_SP,UNDERIDE,ROLLOVER,ROLINLOC,IMPACT1,IMPACT2,DEFORMED,TOWED,M_HARM,VEH_SC1,VEH_SC2,FIRE_EXP,DR_PRES,L_STATE,DR_ZIP,L_STATUS,L_TYPE,CDL_STAT,L_ENDORS,L_COMPL,L_RESTRI,DR_HGT,DR_WGT,PREV_ACC,PREV_SUS,PREV_DWI,PREV_SPD,PREV_OTH,FIRST_MO,FIRST_YR,LAST_MO,LAST_YR,SPEEDREL,DR_SF1,DR_SF2,DR_SF3,DR_SF4,VTRAFWAY,VNUM_LAN,VSPD_LIM,VALIGN,VPROFILE,VPAVETYP,VSURCOND,VTRAFCON,VTCONT_F,P_CRASH1,P_CRASH2,P_CRASH3,PCRASH4,PCRASH5,ACC_TYPE,DEATHS,DR_DRINK
25,250251,1,1,1,16,1,16,5,1,0,1,0,44,1,72,706,72706,80,1990,1HD1FAL16LY5,1,H,D,1,F,A,L,1,6,L,Y,5,0,M,HD,FHS,RS,90,17,,,,,,,1340,0,0,000000000,00000000000,0,0,0,1,0,0,0,0,0,0,0,98,0,0,0,0,0,6,2,1,0,0,0,1,44,2814,6,1,0,0,2,3,69,206,0,0,0,0,0,0,0,0,0,0,0,0,0,0,1,2,40,1,1,2,8,0,0,2,98,98,7,3,98,1,0
25,250252,1,1,0,31,7,10,35,8,0,1,0,92,0,49,472,49472,30,2010,999999999999,9,9,9,9,9,9,9,9,9,9,9,9,0,U,,,,9,17,,,,,,,,0,0,000000000,00000000000,0,0,0,1,0,0,0,0,0,0,0,98,0,0,0,6,98,4,4,8,0,0,0,0,,,,,,,,,999,,,,,,,,,,,,0,0,0,0,8,8,30,1,1,2,98,0,0,0,80,0,0,0,98,0,0
25,250253,1,1,2,13,10,1,45,1,0,1,0,25,2,7,25,7025,5,2007,1B3HB48B47D1,1,B,3,H,B,4,8,B,4,7,D,1,0,P,DODG,CXT,4D,7,17,3038,,0,1037,,G,,0,0,000000000,00000000000,0,0,0,1,0,0,0,0,0,0,0,98,0,2,1,0,0,6,2,1,0,0,0,1,25,1923,6,1,0,0,3,0,67,999,1,3,2,0,0,5,2008,9,2009,0,28,0,0,0,3,3,65,1,1,2,1,0,0,1,9,1,7,2,98,1,0
25,250254,1,2,2,13,9,17,18,12,1,1,0,25,1,34,34,34034,4,1998,WBACC9329WEE,W,B,A,C,C,9,3,2,9,W,E,E,0,P,BMW,31I,4D,98,17,2954,,0,1063,,G,,0,0,000000000,00000000000,0,0,0,1,0,0,0,0,0,0,0,998,0,0,0,6,5,8,8,12,0,0,0,1,25,2081,6,1,0,0,3,0,69,999,0,0,0,0,0,0,0,0,0,0,0,0,0,0,1,2,30,1,8,8,1,0,0,2,53,1,1,1,30,0,0
25,250254,2,2,1,13,9,17,18,12,1,1,0,25,1,72,706,72706,80,2003,1HD1FDV123Y7,1,H,D,1,F,D,V,1,2,3,Y,7,0,M,HD,FHR,RS,3,17,,,,,,,1450,0,0,000000000,00000000000,0,0,0,1,0,0,0,0,0,0,0,998,0,0,0,12,98,6,2,12,0,0,0,1,25,2090,6,1,0,0,3,3,70,999,0,0,0,0,0,0,0,0,0,1,0,0,0,0,1,2,30,1,8,8,1,0,0,2,52,1,1,1,28,1,1
25,250255,1,1,1,7,12,5,50,42,0,1,0,25,2,37,32,37032,4,2002,1HGCG16572A0,1,H,G,C,G,1,6,5,7,2,A,0,0,P,HOND,UEX,4D,2,17,3329,,0,1069,,G,,0,0,000000000,00000000000,0,0,0,1,0,0,0,0,0,0,0,55,0,0,0,12,12,6,2,42,0,0,0,1,25,1545,0,0,0,0,0,0,70,999,0,0,0,0,0,0,0,0,0,0,0,0,0,0,2,2,40,1,1,2,1,0,0,1,12,1,1,4,6,1,0
25,250256,2,1,1,13,9,15,44,14,0,1,0,25,1,37,706,37706,80,1986,1HFSC1425GA2,1,H,F,S,C,1,4,2,5,G,A,2,0,M,HOND,G2A,RS,86,17,,,,,,,1200,0,0,000000000,00000000000,0,0,0,1,0,0,0,0,0,0,0,68,0,0,0,12,98,6,2,14,0,0,0,1,25,2050,6,1,6,0,3,3,69,999,1,0,0,0,0,5,2008,5,2008,1,0,0,0,0,2,2,60,1,8,8,1,0,0,1,50,1,1,5,11,1,1
25,250257,1,1,1,7,12,22,43,14,0,1,0,25,2,42,42,42042,4,2006,WDBRF92H26F7,W,D,B,R,F,9,2,H,2,6,F,7,0,P,MERZ,48C,4D,6,17,3655,,0,1069,,G,,0,0,000000000,00000000000,0,0,0,1,0,0,0,0,0,0,0,998,6,0,0,11,98,6,2,14,0,0,0,1,25,1826,6,1,0,0,3,3,68,999,0,0,0,0,0,0,0,0,0,0,28,0,0,0,3,4,65,1,8,8,1,0,0,1,13,1,1,4,1,1,0
25,250258,1,1,1,1,11,14,8,8,0,1,0,33,1,20,481,20481,31,2004,1GCHK23U44F1,1,G,C,H,K,2,3,U,4,4,F,1,0,T,CHEV,2KH,CW,4,17,,2,1670,1530,SIL,G,,0,0,000000000,00000000000,0,0,0,1,0,0,0,0,0,0,0,23,0,0,0,12,12,4,3,8,0,0,0,1,33,3811,6,1,0,0,3,3,73,210,0,0,0,0,0,0,0,0,0,0,99,99,99,99,1,2,40,1,1,2,1,0,0,1,80,1,1,1,13,0,0
25,250260,1,2,2,1,12,17,50,12,2,1,0,25,1,59,31,59031,4,1997,JT8BF22G7V00,J,T,8,B,F,2,2,G,7,V,0,0,0,P,LEXS,ES3,4D,97,17,3296,,0,1051,,G,,0,0,000000000,00000000000,0,0,0,1,0,0,0,0,0,0,0,30,0,0,0,12,98,6,2,12,0,0,0,1,25,1915,1,1,0,0,2,3,64,999,0,0,0,1,1,12,2008,4,2010,0,39,0,0,0,1,4,30,1,8,8,2,0,0,1,10,1,1,2,50,1,0
25,250260,2,2,1,1,12,17,50,12,2,1,0,25,3,12,402,12402,14,2007,1FMYU49H07KA,1,F,M,Y,U,4,9,H,0,7,K,A,0,P,FORD,SPE,UT,7,17,3594,,0,1031,,B,,0,0,000000000,00000000000,0,0,0,1,0,0,0,0,0,1,0,25,0,0,0,12,98,6,2,12,0,0,0,1,25,2152,6,1,0,0,3,3,71,999,0,2,0,0,0,6,2010,7,2010,0,0,0,0,0,1,4,30,1,8,8,2,0,0,1,62,1,1,1,51,0,0
25,250261,1,2,1,21,11,14,34,12,6,1,0,25,1,49,32,49032,4,2007,2T1BR32E77C8,2,T,1,B,R,3,2,E,7,7,C,8,0,P,TOYT,UCS,4D,7,17,2530,,0,1024,,G,,0,0,000000000,00000000000,0,0,0,1,0,0,0,0,0,0,0,998,0,0,0,12,98,6,2,12,0,0,0,1,25,1519,6,1,0,0,3,3,72,999,0,0,0,0,1,6,2010,6,2010,0,38,0,0,0,1,8,45,8,8,8,1,0,0,6,61,1,1,1,74,1,0
25,250261,2,2,1,21,11,14,34,12,6,1,0,25,1,20,9,20009,2,1985,1G1FP87H6FN1,1,G,1,F,P,8,7,H,6,F,N,1,0,P,CHEV,CAM,CP,85,17,2801,,0,1010,,G,,0,0,000000000,00000000000,0,0,0,1,0,0,0,0,0,0,0,998,0,0,0,3,3,8,8,12,0,0,0,1,25,1536,6,1,0,0,3,3,66,999,0,0,0,0,0,0,0,0,0,0,0,0,0,0,1,8,45,8,8,8,1,0,0,10,16,1,1,1,74,0,0
25,250262,1,1,2,20,11,3,32,8,0,1,0,25,2,21,441,21441,20,2000,1GHDX13E9YD1,1,G,H,D,X,1,3,E,9,Y,D,1,0,T,OLDS,LUX,ES,0,17,,1,0,1200,SIL,G,,0,0,000000000,00000000000,0,0,0,1,0,0,0,0,0,0,0,998,0,0,0,12,12,8,8,8,0,0,0,1,25,1151,6,1,0,0,3,0,61,999,0,0,0,0,0,0,0,0,0,0,82,0,0,0,1,2,30,8,8,8,1,0,0,1,80,1,1,1,13,0,1
25,250263,1,2,1,17,11,12,22,12,2,1,0,25,1,30,40,30040,4,2002,3VWSK69M22M1,3,V,W,S,K,6,9,M,2,2,M,1,0,P,VOLK,JGS,4D,2,17,2833,,0,989,,G,,0,0,000000000,00000000000,0,0,0,1,0,0,0,0,0,0,0,998,0,0,0,12,12,6,2,12,0,0,0,1,25,2536,6,1,0,0,3,0,69,999,1,0,0,0,0,9,2010,9,2010,0,28,0,0,0,1,8,50,8,8,8,1,0,0,1,10,1,1,2,50,1,0
25,250263,2,2,1,17,11,12,22,12,2,1,0,25,1,20,422,20422,15,2005,3GNFK16Z45G1,3,G,N,F,K,1,6,Z,4,5,G,1,0,P,CHEV,K15,UT,5,17,5474,,0,1300,,F,,0,0,000000000,00000000000,0,0,0,1,0,0,0,0,0,0,0,998,0,0,0,12,12,6,2,12,0,0,0,1,25,2675,6,1,0,0,3,0,70,999,0,0,0,0,0,0,0,0,0,0,0,0,0,0,1,8,50,8,8,8,1,0,0,1,62,1,1,1,51,0,0
25,250264,1,2,1,18,11,18,49,12,6,1,0,25,1,7,442,7442,20,2000,2B4GP25R6YR7,2,B,4,G,P,2,5,R,6,Y,R,7,0,P,DODG,CAR,SV,0,17,3432,,0,1133,,G,,0,0,000000000,00000000000,0,0,0,1,0,0,0,0,0,0,0,998,0,0,0,1,12,8,8,12,0,0,0,1,25,2382,6,1,0,0,3,3,60,999,0,0,0,0,0,0,0,0,0,0,0,0,0,0,1,2,35,8,8,8,1,0,0,1,56,1,1,1,93,1,0
25,250264,2,2,3,18,11,18,49,12,6,1,0,25,2,12,481,12481,31,2005,1FTPX145X5NA,1,F,T,P,X,1,4,5,X,5,N,A,0,T,FORD,F15,4C,5,17,,2,1450,1260,COF,G,,0,0,000000000,00000000000,0,0,0,1,0,0,0,0,0,0,0,998,0,0,0,5,98,8,8,12,0,0,0,1,25,2351,6,1,0,0,3,0,69,999,0,0,0,0,0,0,0,0,0,0,36,0,0,0,1,2,35,8,8,8,1,0,0,13,98,1,1,1,92,0,0
25,250265,1,1,1,19,9,12,35,24,0,1,0,9,1,53,706,53706,80,2007,JS1VT54A1721,J,S,1,V,T,5,4,A,1,7,2,1,0,M,SUZI,S10,RS,7,17,,,,,,,996,0,0,000000000,00000000000,0,0,0,1,0,0,0,0,0,0,0,98,0,0,0,98,98,6,2,24,0,0,0,1,9,6010,6,1,0,0,3,3,70,999,98,0,0,0,0,0,0,0,0,1,0,0,0,0,1,2,25,2,8,2,1,0,0,2,10,3,1,4,6,1,0
25,250266,1,1,1,18,9,1,9,30,0,1,0,25,1,47,35,47035,4,2004,YS3FB49S5410,Y,S,3,F,B,4,9,S,5,4,1,0,0,P,SAA,93L,4D,4,17,3285,,0,1053,,G,,0,0,000000000,00000000000,0,0,0,1,0,0,0,0,0,0,0,98,0,1,1,62,62,6,2,30,0,0,0,1,25,1527,6,1,0,0,3,0,68,999,0,2,0,1,1,3,2009,5,2009,1,0,0,0,0,1,2,35,1,1,2,1,0,0,1,12,1,1,4,6,1,1
25,250267,1,2,2,30,12,19,39,12,2,1,0,25,1,55,401,55401,14,2005,KM8SC73D85U9,K,M,8,S,C,7,3,D,8,5,U,9,0,P,HYUN,SAN,UT,5,17,3752,,0,1031,,G,,0,0,000000000,00000000000,0,0,0,1,0,0,0,0,0,0,0,98,0,0,0,12,98,6,2,12,0,0,0,1,25,2720,6,1,0,0,3,3,64,999,0,0,0,0,0,0,0,0,0,0,51,0,0,0,3,2,55,1,1,3,2,40,3,1,54,1,1,1,50,1,1
25,250267,2,2,1,30,12,19,39,12,2,1,0,25,1,49,472,49472,30,2003,5TEWN72N03Z1,5,T,E,W,N,7,2,N,0,3,Z,1,0,T,TOYT,XTR,PC,3,17,,1,0,1219,TAC,G,,0,0,000000000,00000000000,0,0,0,1,0,0,0,0,0,0,0,98,0,9,5,12,98,6,2,12,0,0,0,1,25,2790,6,1,0,0,3,0,65,999,0,0,0,1,0,12,2008,12,2008,0,0,0,0,0,3,2,55,1,1,2,2,40,3,1,54,1,1,1,51,1,1
25,250268,1,1,1,10,8,13,50,42,0,1,0,25,1,20,471,20471,30,2001,1GCCS19W2182,1,G,C,C,S,1,9,W,2,1,8,2,0,T,CHEV,S14,PC,1,17,,1,0,1229,S,G,,0,0,000000000,00000000000,0,0,0,1,0,0,0,0,0,0,0,98,0,0,0,12,12,6,2,42,0,0,0,1,25,2553,6,1,0,0,3,3,72,999,0,0,0,0,1,4,2008,4,2008,0,99,99,99,99,1,2,25,1,1,2,1,0,0,1,12,1,1,4,6,1,0
25,250269,1,1,1,28,11,5,52,43,0,1,0,25,1,20,37,20037,4,2000,1G1ND52J6Y63,1,G,1,N,D,5,2,J,6,Y,6,3,0,P,CHEV,MAL,4D,0,17,3051,,0,1070,,G,,0,0,000000000,00000000000,0,0,0,1,0,0,0,0,0,0,0,98,0,0,0,12,12,6,2,43,0,0,0,1,25,2379,6,1,0,0,3,0,67,999,0,0,0,0,1,10,2009,10,2009,0,0,0,0,0,1,2,25,1,1,2,1,0,0,1,12,1,1,4,6,1,0
25,250270,1,2,1,14,11,22,38,12,6,1,0,25,1,55,402,55402,14,2005,KM8JN72D25U1,K,M,8,J,N,7,2,D,2,5,U,1,0,P,HYUN,TUC,UT,5,17,3425,,0,1035,,G,,0,0,000000000,00000000000,0,0,0,1,0,0,0,0,0,0,0,998,0,0,0,1,1,8,8,12,0,0,0,1,25,1201,6,1,0,0,3,3,61,999,1,0,0,0,0,12,2008,12,2008,0,38,0,0,0,1,2,30,1,8,8,1,0,0,11,15,1,1,1,68,0,0
25,250270,2,2,1,14,11,22,38,12,6,1,0,33,1,72,706,72706,80,1994,1HD1CAP13RY2,1,H,D,1,C,A,P,1,3,R,Y,2,0,M,HD,L12,RS,94,17,,,,,,,1200,0,0,000000000,00000000000,0,0,0,1,0,0,0,0,0,0,0,998,0,0,0,12,12,6,2,12,0,0,0,1,50,5491,6,1,0,0,3,3,69,170,0,0,0,0,0,0,0,0,0,0,0,0,0,0,1,2,30,1,8,8,1,0,0,1,62,1,1,1,69,1,0
25,250271,1,2,1,8,11,4,32,24,0,1,0,25,1,35,401,35401,14,2002,JN8DR09Y52W7,J,N,8,D,R,0,9,Y,5,2,W,7,0,P,NISS,PFI,UT,2,17,3997,,0,1063,,G,,0,0,000000000,00000000000,0,0,0,1,0,0,0,0,0,0,0,998,0,1,5,5,98,6,2,12,0,0,0,1,25,2301,6,1,0,0,3,0,67,999,0,0,0,0,0,0,0,0,0,1,87,0,0,0,3,3,65,1,8,8,10,0,0,1,6,1,9,4,2,1,0
25,250271,2,2,1,8,11,4,32,24,0,1,0,25,3,82,881,82881,66,1999,1FUYSSEB5XLA,1,F,U,Y,S,S,E,B,5,X,L,A,1,T,FRHT,FC2,DS,99,17,,8,0,0,CON,D,,1,77,777777777,77777777777,3,6,3,1,0,0,0,0,0,0,0,50,0,0,0,12,12,8,8,12,0,0,0,1,25,1801,6,1,6,0,3,0,74,999,0,0,0,0,0,0,0,0,0,0,0,0,0,0,3,3,65,1,8,8,10,0,0,1,61,1,1,1,98,0,0
25,250272,1,2,3,19,10,23,4,12,2,1,0,25,3,12,870,12870,61,2006,1FDXE45P66DA,1,F,D,X,E,4,5,P,6,6,D,A,0,T,FORD,4DC,YY,6,17,,4,1760,1580,CTV,D,,0,99,999999999,99999999999,2,1,1,1,0,0,0,0,0,6,1,98,0,0,0,12,12,6,2,12,0,0,0,1,25,2360,6,1,0,0,3,3,70,999,0,0,0,1,0,9,2010,9,2010,0,0,0,0,0,1,2,40,1,1,3,1,0,0,1,62,1,1,1,51,0,0
25,250272,2,2,1,19,10,23,4,12,2,1,0,25,2,7,43,7043,4,2002,1B3EL46R02N2,1,B,3,E,L,4,6,R,0,2,N,2,0,P,DODG,SSP,4D,2,17,3136,,0,1080,,G,,0,0,000000000,00000000000,0,0,0,1,0,0,0,0,0,0,0,98,0,0,0,12,12,6,2,12,0,0,0,1,25,2780,3,1,0,0,2,2,72,999,0,0,0,0,0,0,0,0,0,0,28,51,74,0,1,2,40,1,1,2,1,0,0,15,10,1,1,2,50,1,0
25,250273,1,2,1,23,10,16,57,12,2,1,0,25,1,55,33,55033,4,2011,5NPEC4AC3BH0,5,N,P,E,C,4,A,C,3,B,H,0,0,P,HYUN,SLI,4D,11,17,3199,,0,1100,,G,,0,0,000000000,00000000000,0,0,0,1,0,0,0,0,0,0,0,998,0,0,0,12,12,8,8,12,0,0,0,1,25,1237,6,1,0,0,3,0,66,999,0,0,0,0,1,12,2007,12,2007,0,28,0,0,0,1,3,45,1,8,8,1,0,0,1,10,1,1,2,50,0,0
25,250273,2,2,2,23,10,16,57,12,2,1,0,25,1,12,37,12037,4,2005,1FAFP34N95W2,1,F,A,F,P,3,4,N,9,5,W,2,0,P,FORD,ZX4,4D,5,17,2677,,0,1030,,G,,0,0,000000000,00000000000,0,0,0,1,0,0,0,0,0,0,0,998,0,0,0,12,12,6,2,12,0,0,0,1,25,1201,6,1,0,0,3,0,64,999,0,0,0,3,1,11,2007,4,2010,0,0,0,0,0,1,3,45,1,8,8,1,0,0,1,62,1,1,1,51,1,0
25,250274,1,2,1,16,10,19,30,12,6,1,0,25,2,24,9,24009,4,2007,1G8ZS57N57F2,1,G,8,Z,S,5,7,N,5,7,F,2,0,P,STRN,AXE,4D,7,17,3528,,0,1123,,G,,0,0,000000000,00000000000,0,0,0,1,0,0,0,0,0,0,0,998,0,0,0,1,98,6,2,12,0,0,0,1,25,2339,6,1,0,0,3,3,63,999,0,0,0,0,0,0,0,0,0,0,38,0,0,0,1,4,30,1,8,8,1,3,3,11,17,1,1,1,68,0,0
25,250274,2,2,5,16,10,19,30,12,6,1,0,25,3,12,16,12016,4,2004,2FAHP71W04X1,2,F,A,H,P,7,1,W,0,4,X,1,0,P,FORD,CVP,4D,4,17,0,,0,1147,,G,,0,0,000000000,00000000000,0,0,0,1,0,0,0,0,0,0,0,998,0,0,0,12,98,6,2,12,0,0,0,1,25,2140,6,1,0,0,3,3,75,999,1,0,0,0,0,4,2009,4,2009,1,0,0,0,0,1,4,30,1,8,8,1,3,3,1,62,1,1,1,69,1,0
25,250275,1,1,1,11,10,17,2,8,0,1,0,25,1,49,32,49032,4,2010,2T1BU4EE1AC3,2,T,1,B,U,4,E,E,1,A,C,3,0,P,TOYT,CBL,4D,10,17,2723,,0,1024,,G,,0,0,000000000,00000000000,0,0,0,1,0,0,0,0,0,0,0,998,0,0,0,98,98,8,3,8,0,0,0,1,25,1532,6,1,0,0,3,0,63,999,0,0,0,0,0,0,0,0,0,0,0,0,0,0,3,2,50,1,8,8,1,0,0,1,80,1,1,1,13,0,0
25,250276,1,2,1,9,10,13,25,1,0,1,0,25,2,98,709,98709,80,2002,1A9TX0229213,1,A,9,T,X,0,2,2,9,2,1,3,0,U,,,,2,17,,,,,,,,0,0,000000000,00000000000,0,0,0,1,0,0,0,0,0,0,0,998,0,0,0,0,98,6,2,12,0,0,0,1,25,1545,6,1,0,0,3,0,71,999,0,0,0,0,2,11,2007,2,2010,0,0,0,0,0,2,4,45,1,8,8,1,0,0,1,62,3,1,1,98,1,1
25,250276,2,2,2,9,10,13,25,1,0,1,0,25,1,20,2,20002,4,2001,2G1WF52E3192,2,G,1,W,F,5,2,E,3,1,9,2,0,P,CHEV,IMP,4D,1,17,3389,,0,1105,,G,,0,0,000000000,00000000000,0,0,0,1,0,0,0,0,0,0,0,998,0,0,0,3,3,8,8,12,0,0,0,1,25,1606,6,1,0,0,3,0,65,999,0,0,0,0,0,0,0,0,0,0,38,91,0,0,2,4,45,1,8,8,1,0,0,11,15,1,1,1,98,0,0
25,250277,1,1,1,19,11,17,54,8,0,1,0,25,1,14,17,14017,4,1999,1MEFM58UXXA6,1,M,E,F,M,5,8,U,X,X,A,6,0,P,MERC,SGL,SW,99,17,3462,,0,1085,,G,,0,0,000000000,00000000000,0,0,0,1,0,0,0,0,0,0,0,31,0,0,0,82,82,4,3,8,0,0,0,1,25,2664,6,1,0,0,3,0,67,999,0,0,0,0,1,6,2008,6,2008,0,0,0,0,0,1,9,35,1,1,2,1,2,3,4,81,1,1,1,13,0,0
25,250278,1,2,1,8,10,4,30,12,7,1,0,25,3,12,16,12016,4,2005,2FAFP71W55X1,2,F,A,F,P,7,1,W,5,5,X,1,0,P,FORD,CVP,4D,5,17,0,,0,1147,,G,,0,0,000000000,00000000000,0,0,0,1,0,0,0,0,0,0,0,998,3,0,0,99,98,6,8,24,0,0,0,1,25,2445,6,1,0,0,3,3,73,999,0,0,0,0,2,6,2008,10,2009,0,8,0,0,0,3,3,65,1,8,8,1,0,0,6,10,1,1,2,49,1,0
25,250278,2,2,1,8,10,4,30,12,7,1,0,44,1,12,461,12461,21,2000,1FTNE24L3YHB,1,F,T,N,E,2,4,L,3,Y,H,B,0,T,FORD,25V,CG,0,17,,2,0,1380,VAN,G,,0,0,000000000,00000000000,0,0,0,1,0,0,0,0,0,0,0,998,0,0,0,99,98,6,8,12,0,0,0,1,44,2909,6,1,0,0,3,0,72,185,0,0,0,0,0,0,0,0,0,0,0,0,0,0,3,3,65,1,8,8,1,0,0,1,60,1,1,1,49,0,0
25,250279,1,1,1,11,9,1,45,18,0,1,0,25,1,23,471,23471,30,2001,1GTCT19W2182,1,G,T,C,T,1,9,W,2,1,8,2,0,T,GMC,SON,PC,1,17,,1,0,1229,SON,G,,0,0,000000000,00000000000,0,0,0,1,0,0,0,0,0,0,0,53,0,1,1,12,13,6,2,1,0,0,0,1,25,1590,6,1,0,0,3,0,71,999,0,0,0,0,0,0,0,0,0,1,36,0,0,0,1,2,40,3,1,2,1,0,0,14,10,1,1,4,98,1,1
25,250280,1,1,1,11,2,23,37,42,0,1,0,25,1,7,482,7482,31,2002,1D7HA16N92J1,1,D,7,H,A,1,6,N,9,2,J,1,0,T,DODG,150,PK,2,17,,2,1405,1205,RPC,G,,0,0,000000000,00000000000,0,0,0,1,0,0,0,0,0,0,0,998,0,0,0,98,98,6,2,42,0,0,0,1,25,2766,6,1,0,0,3,0,75,999,0,0,0,1,2,1,2009,5,2009,9,99,99,99,99,1,2,98,1,8,2,1,4,3,1,19,99,9,4,98,1,1
25,250281,1,1,2,20,11,5,3,42,0,1,0,25,1,35,47,35047,4,2004,1N4AL11D14C1,1,N,4,A,L,1,1,D,1,4,C,1,0,P,NISS,ABS,4D,4,17,2913,,0,1102,,G,,0,0,000000000,00000000000,0,0,0,1,0,0,0,0,0,0,0,98,0,0,0,98,61,6,2,42,0,0,0,1,25,2659,6,1,0,0,3,0,75,999,0,2,0,0,3,3,2009,4,2010,1,0,0,0,0,1,2,35,1,1,2,1,0,0,15,13,1,7,4,2,2,1
25,250282,1,2,1,5,10,5,18,24,0,1,0,25,1,20,403,20403,14,2003,1GNDT13S3321,1,G,N,D,T,1,3,S,3,3,2,1,0,P,CHEV,TRL,UT,3,17,4600,,0,1130,,G,,0,0,000000000,00000000000,0,0,0,1,0,0,0,0,0,0,0,86,0,0,0,1,98,8,8,12,0,0,0,1,25,2025,6,1,6,0,3,0,72,999,1,6,0,0,1,3,2008,7,2010,1,91,0,0,0,3,3,65,8,8,8,2,0,0,1,6,1,3,4,2,0,0
25,250282,2,2,1,5,10,5,18,24,0,1,0,44,1,20,32,20032,4,1993,1Y1SK5364PZ0,1,Y,1,S,K,5,3,6,4,P,Z,0,0,P,GEO,GEP,4D,93,17,2348,,0,971,,G,,0,0,000000000,00000000000,0,0,0,1,0,0,0,0,0,0,0,998,0,0,0,12,98,8,8,12,0,0,0,1,44,2909,6,1,0,0,3,0,72,185,0,0,0,0,0,0,0,0,0,0,0,0,0,0,3,3,65,8,8,8,2,0,0,1,50,1,1,1,98,1,0
25,250283,1,1,1,1,9,0,18,42,0,1,0,25,1,34,35,34035,4,2001,WBSDE93431BZ,W,B,S,D,E,9,3,4,3,1,B,Z,0,P,BMW,M5S,4D,1,17,4024,,0,1114,,G,,0,0,000000000,00000000000,0,0,0,1,0,0,0,0,0,0,0,98,0,0,0,82,81,6,2,2,0,0,1,1,25,2420,6,1,0,0,3,3,68,999,0,0,0,0,0,0,0,0,0,0,99,99,99,99,1,2,40,1,1,2,1,0,0,15,12,1,1,4,7,1,1
25,250284,1,2,1,24,9,6,56,1,0,1,0,25,1,53,705,53705,80,2001,JS1GN7BA0121,J,S,1,G,N,7,B,A,0,1,2,1,0,M,SUZI,G60,RS,1,17,,,,,,,600,0,0,000000000,00000000000,0,0,0,1,0,0,0,0,0,0,0,998,0,0,0,0,98,8,8,12,0,0,0,1,25,2703,6,2,0,0,3,0,65,999,0,1,0,0,1,5,2010,6,2010,0,0,0,0,0,1,2,30,1,8,8,1,0,0,1,67,1,1,1,98,1,0
25,250284,2,2,1,24,9,6,56,1,0,1,0,25,1,20,20,20020,4,1997,2G1WL52M9V11,2,G,1,W,L,5,2,M,9,V,1,1,0,P,CHEV,L/S,4D,97,17,3360,,0,1075,,G,,0,0,000000000,00000000000,0,0,0,1,0,0,0,0,0,0,0,998,0,0,0,1,1,2,3,12,0,0,0,1,25,2703,6,1,0,0,3,0,66,999,0,0,0,0,0,0,0,0,0,0,38,0,0,0,1,2,30,1,8,8,1,0,0,11,15,1,1,1,98,0,0
25,250285,1,1,1,25,9,1,47,30,0,1,0,25,1,72,706,72706,80,1993,1HD1GEL16PY3,1,H,D,1,G,E,L,1,6,P,Y,3,0,M,HD,FWG,RS,93,17,,,,,,,1340,0,0,000000000,00000000000,0,0,0,1,0,0,0,0,0,0,0,998,0,0,0,12,98,6,2,30,0,0,0,1,25,2720,6,1,0,0,3,0,70,999,1,1,0,0,0,10,2007,5,2008,0,0,0,0,0,1,2,30,8,8,8,1,0,0,1,13,1,1,4,1,1,1
25,250286,1,1,2,14,9,22,43,8,0,1,1,50,2,12,499,12499,39,2007,1FTPX14557FB,1,F,T,P,X,1,4,5,5,7,F,B,0,T,FORD,F15,4C,7,17,,2,1630,1330,COF,G,,0,0,000000000,00000000000,0,0,0,1,0,0,0,0,0,0,0,98,0,0,0,12,13,6,2,8,0,0,0,1,23,4009,1,1,0,8,2,2,69,175,0,1,0,1,0,11,2009,11,2009,1,91,74,0,0,3,8,50,8,8,8,1,3,1,1,80,1,1,1,13,0,1
25,250287,1,2,1,24,9,16,47,12,6,1,0,25,1,72,706,72706,80,2010,1HD1KB414AB6,1,H,D,1,K,B,4,1,4,A,B,6,0,M,HD,FHX,RS,10,17,,,,,,,1584,0,0,000000000,00000000000,0,0,0,1,0,0,0,0,0,0,0,998,0,0,0,99,98,6,2,12,0,0,0,1,25,1075,6,1,0,0,3,0,69,999,0,0,0,0,0,0,0,0,0,0,0,0,0,0,1,2,50,1,8,8,1,0,0,1,62,1,1,1,69,1,1
25,250287,2,2,1,24,9,16,47,12,6,1,0,25,1,12,22,12022,6,2005,1FMDK061X5GA,1,F,M,D,K,0,6,1,X,5,G,A,0,P,FORD,FSL,UT,5,17,4112,,0,1129,,G,,0,0,000000000,00000000000,0,0,0,1,0,0,0,0,0,0,0,20,0,0,0,1,1,8,8,12,0,0,0,1,25,1370,6,1,0,0,3,1,65,999,0,0,0,0,0,0,0,0,0,0,0,0,0,0,1,2,50,1,8,8,1,0,0,11,15,1,1,1,68,0,0