STATE,ST_CASE,VEH_NO,VE_FORMS,NUMOCCS,DAY,MONTH,HOUR,MINUTE,HARM_EV,MAN_COLL,UNITTYPE,HIT_RUN,REG_STAT,OWNER,MAKE,MODEL,MAK_MOD,BODY_TYP,MOD_YEAR,VIN,VIN_1,VIN_2,VIN_3,VIN_4,VIN_5,VIN_6,VIN_7,VIN_8,VIN_9,VIN_10,VIN_11,VIN_12,TOW_VEH,VINTYPE,VINMAKE,VINA_MOD,VIN_BT,VINMODYR,VIN_LNGT,VIN_WGT,WGTCD_TR,WHLBS_LG,WHLBS_SH,SER_TR,FUELCODE,MCYCL_DS,J_KNIFE,MCARR_I1,MCARR_I2,MCARR_ID,GVWR,V_CONFIG,CARGO_BT,HAZ_INV,HAZ_PLAC,HAZ_ID,HAZ_CNO,HAZ_REL,BUS_USE,SPEC_USE,EMER_USE,TRAV_SP,UNDERIDE,ROLLOVER,ROLINLOC,IMPACT1,IMPACT2,DEFORMED,TOWED,M_HARM,VEH_SC1,VEH_SC2,FIRE_EXP,DR_PRES,L_STATE,DR_ZIP,L_STATUS,L_TYPE,CDL_STAT,L_ENDORS,L_COMPL,L_RESTRI,DR_HGT,DR_WGT,PREV_ACC,PREV_SUS,PREV_DWI,PREV_SPD,PREV_OTH,FIRST_MO,FIRST_YR,LAST_MO,LAST_YR,SPEEDREL,DR_SF1,DR_SF2,DR_SF3,DR_SF4,VTRAFWAY,VNUM_LAN,VSPD_LIM,VALIGN,VPROFILE,VPAVETYP,VSURCOND,VTRAFCON,VTCONT_F,P_CRASH1,P_CRASH2,P_CRASH3,PCRASH4,PCRASH5,ACC_TYPE,DEATHS,DR_DRINK
25,250288,1,2,1,15,11,8,6,12,6,1,0,36,1,20,2,20002,4,2006,2G1WD58C3692,2,G,1,W,D,5,8,C,3,6,9,2,0,P,CHEV,ISS,4D,6,17,3607,,0,1105,,G,,0,0,000000000,00000000000,0,0,0,1,0,0,0,0,0,0,0,998,0,0,0,12,12,8,8,12,0,0,0,1,25,1821,6,1,0,0,3,0,74,999,2,1,0,0,1,6,2009,12,2009,0,28,0,0,0,2,3,55,1,8,8,1,0,0,1,12,1,1,6,66,1,0
25,250288,2,2,1,15,11,8,6,12,6,1,0,25,1,35,472,35472,30,2008,1N6AD06W48C4,1,N,6,A,D,0,6,W,4,8,C,4,0,T,NISS,KEO,PC,8,17,,1,0,1259,FRT,G,,0,0,000000000,00000000000,0,0,0,1,0,0,0,0,0,0,0,998,0,0,0,1,98,8,8,12,0,0,0,1,25,2420,6,1,0,0,3,0,67,999,0,0,0,0,0,0,0,0,0,0,0,0,0,0,2,3,55,1,8,8,1,0,0,1,62,1,1,1,66,0,0
25,250289,1,1,1,28,12,17,46,42,0,1,0,25,1,12,481,12481,31,2005,1FTRX14W85FA,1,F,T,R,X,1,4,W,8,5,F,A,0,T,FORD,F15,4C,5,17,,2,1450,1260,COF,G,,0,0,000000000,00000000000,0,0,0,1,0,0,0,0,0,0,0,98,0,0,0,12,12,6,2,42,0,0,0,1,25,2747,6,1,0,0,3,0,64,999,0,0,0,0,0,0,0,0,0,1,0,0,0,0,1,2,30,4,1,2,10,0,0,14,19,1,1,4,16,1,1
25,250290,1,1,1,9,11,10,57,42,0,1,0,25,1,37,31,37031,4,2004,2HGES16624H5,2,H,G,E,S,1,6,6,2,4,H,5,0,P,HOND,UCL,4D,4,17,2515,,0,1031,,G,,0,0,000000000,00000000000,0,0,0,1,0,0,0,0,0,0,0,98,0,1,6,98,98,6,2,1,0,0,0,1,25,1862,6,1,0,0,3,3,69,999,1,0,0,0,0,7,2010,7,2010,0,99,99,99,99,8,8,40,1,1,2,98,0,0,1,13,1,1,4,1,1,0
25,250291,1,1,1,28,11,11,38,43,0,1,0,25,1,12,401,12401,14,2004,1FMZU72E74ZB,1,F,M,Z,U,7,2,E,7,4,Z,B,0,P,FORD,EPR,UT,4,17,4469,,0,1137,,G,,0,0,000000000,00000000000,0,0,0,1,0,0,0,0,0,0,0,98,0,0,0,12,98,6,2,8,0,0,0,1,25,1020,6,1,0,0,3,0,70,999,0,0,0,0,0,0,0,0,0,0,0,0,0,0,9,8,5,1,1,2,1,0,0,98,14,98,7,4,14,0,0
25,250292,1,2,1,22,10,15,19,12,6,1,0,25,1,49,40,49040,4,2005,4T1BE32KX5U3,4,T,1,B,E,3,2,K,X,5,U,3,0,P,TOYT,XLL,4D,5,17,3108,,0,1071,,G,,0,0,000000000,00000000000,0,0,0,1,0,0,0,0,0,0,0,98,0,0,0,61,61,6,2,12,0,0,0,1,25,1757,6,1,0,0,3,3,74,999,0,0,0,0,0,0,0,0,0,0,38,0,0,0,1,2,45,2,1,2,1,0,0,1,71,1,1,7,89,1,0
25,250292,2,2,2,22,10,15,19,12,6,1,0,25,1,12,881,12881,63,1990,1FTXR90L9LVA,1,F,T,X,R,9,0,L,9,L,V,A,0,T,FORD,N9M,CC,90,17,,7,2580,1380,CON,D,,0,88,888888888,88888888888,3,2,4,1,0,0,0,0,0,0,0,30,0,0,0,12,12,6,2,12,0,0,0,1,25,1535,6,1,6,3,3,3,76,999,0,0,0,0,0,0,0,0,0,0,0,0,0,0,1,2,45,2,1,2,1,0,0,14,71,1,1,1,88,0,0
25,250293,1,2,2,17,5,11,45,12,8,1,0,25,1,7,472,7472,30,2002,1B7GG42NX2S5,1,B,7,G,G,4,2,N,X,2,S,5,0,T,DODG,DSL,PC,2,17,,1,0,1309,DAK,G,,0,0,000000000,00000000000,0,0,0,1,0,0,0,0,0,0,0,98,0,0,0,61,61,4,1,12,0,0,0,1,25,1020,3,1,0,0,2,2,66,999,0,0,0,0,0,0,0,0,0,0,74,0,0,0,1,8,30,8,1,2,1,0,0,1,71,1,1,1,98,0,0
25,250293,2,2,1,17,5,11,45,12,8,1,0,25,1,53,709,53709,88,2008,L5YTCKPA5811,L,5,Y,T,C,K,P,A,5,8,1,1,0,U,,,,8,17,,,,,,,,0,0,000000000,00000000000,0,0,0,1,0,0,0,0,0,0,0,98,0,0,0,63,63,6,2,12,0,0,0,1,25,1020,6,1,0,0,2,2,71,999,0,0,0,0,0,0,0,0,0,1,28,74,0,0,1,8,30,8,1,2,1,0,0,10,10,1,1,2,98,1,0
25,250294,1,1,1,2,4,15,32,14,0,1,0,25,1,18,2,18002,4,1998,1G4HP52K2WH5,1,G,4,H,P,5,2,K,2,W,H,5,0,P,BUIC,LCF,4D,98,17,3348,,0,1108,,G,,0,0,000000000,00000000000,0,0,0,1,0,0,0,0,0,0,0,98,0,0,0,12,12,6,2,14,0,0,0,1,25,1020,6,1,0,0,3,3,68,999,0,0,0,0,0,0,0,0,0,0,28,0,0,0,2,2,30,1,1,2,1,0,0,1,13,1,1,2,11,1,0
25,250295,1,1,1,12,12,15,5,8,0,1,0,25,1,20,481,20481,31,2010,3GCRKREA3AG2,3,G,C,R,K,R,E,A,3,A,G,2,0,T,CHEV,4SK,CW,10,17,,2,0,1435,SIL,F,,0,0,000000000,00000000000,0,0,0,1,0,0,0,0,0,0,0,98,0,0,0,98,98,8,8,8,0,0,0,1,25,1835,6,1,0,0,3,3,66,999,0,0,0,0,0,0,0,0,0,0,0,0,0,0,8,8,45,8,8,8,98,97,8,99,99,99,9,9,13,0,1
25,250296,1,2,1,7,12,18,20,12,2,1,0,25,1,20,481,20481,31,2003,1GCEK14T83Z2,1,G,C,E,K,1,4,T,8,3,Z,2,0,T,CHEV,SK1,PK,3,17,,2,1330,1190,SIL,G,,0,0,000000000,00000000000,0,0,0,1,0,0,0,0,0,0,0,98,0,0,0,12,12,6,2,12,0,0,0,1,25,1201,6,1,0,0,3,3,67,999,0,0,0,0,0,0,0,0,0,0,28,0,0,0,1,2,35,1,1,2,2,0,0,15,10,1,1,2,50,0,1
25,250296,2,2,1,7,12,18,20,12,2,1,0,25,1,18,2,18002,4,2003,1G4HR54K93U1,1,G,4,H,R,5,4,K,9,3,U,1,0,P,BUIC,LLF,4D,3,17,3567,,0,1122,,G,,0,0,000000000,00000000000,0,0,0,1,0,0,0,0,0,0,0,98,0,0,0,12,12,6,2,12,0,0,0,1,25,1201,6,1,0,0,3,3,69,999,0,0,0,1,0,3,2008,3,2008,0,0,0,0,0,1,2,35,1,1,2,2,0,0,1,62,1,1,1,51,1,0
25,250297,1,1,1,15,10,18,47,8,0,1,0,25,1,49,482,49482,31,2007,5TBDV58137S4,5,T,B,D,V,5,8,1,3,7,S,4,0,T,TOYT,CRX,CW,7,17,,2,0,1457,TUN,G,,0,0,000000000,00000000000,0,0,0,1,0,0,0,0,0,0,0,98,0,0,0,61,61,8,3,8,0,0,0,1,25,2061,6,1,0,0,3,0,72,999,0,0,0,0,0,0,0,0,0,0,99,99,99,99,2,2,40,1,1,2,2,0,0,1,80,1,1,1,13,0,0
25,250298,1,1,2,18,7,3,43,33,0,1,0,25,2,55,35,55035,4,2009,KMHDU46D79U7,K,M,H,D,U,4,6,D,7,9,U,7,0,P,HYUN,HEL,4D,9,17,2723,,0,1043,,G,,0,0,000000000,00000000000,0,0,0,1,0,0,0,0,0,0,0,98,0,0,0,81,81,6,2,42,0,0,0,1,25,2339,6,1,0,0,3,0,71,999,0,0,0,1,0,9,2007,9,2007,1,36,28,0,0,1,2,30,2,1,2,98,97,8,14,13,1,7,4,2,1,1
25,250299,1,2,1,21,10,18,2,12,6,1,0,25,2,2,404,2404,14,2000,1J4GW48NXYC3,1,J,4,G,W,4,8,N,X,Y,C,3,0,T,JEEP,LRO,4W,0,17,,1,0,1059,GCK,G,,0,0,000000000,00000000000,0,0,0,1,0,0,0,0,0,0,0,98,7,0,0,12,12,6,2,12,0,0,0,1,25,2743,6,1,0,0,3,0,62,999,0,0,0,0,0,0,0,0,0,0,36,0,0,0,1,2,40,1,1,2,2,0,0,1,71,1,1,1,93,0,1
25,250299,2,2,2,21,10,18,2,12,6,1,0,25,2,14,401,14401,14,1999,4M2ZU55P0XUJ,4,M,2,Z,U,5,5,P,0,X,U,J,0,P,MERC,MOU,UT,99,17,4348,,0,1120,,G,,0,0,000000000,00000000000,0,0,0,1,0,0,0,0,0,0,0,98,3,0,0,81,81,6,2,12,0,0,0,1,25,2740,6,2,0,0,3,2,70,999,0,0,0,0,0,0,0,0,0,0,38,73,0,0,1,2,40,1,1,2,2,0,0,13,64,1,1,7,92,1,0
25,250300,1,2,3,15,6,13,40,12,6,1,0,33,2,7,461,7461,21,1997,2B5WB35Z8VK5,2,B,5,W,B,3,5,Z,8,V,K,5,0,P,DODG,RMW,SV,97,17,4817,2,0,1272,RMW,G,,0,0,000000000,00000000000,0,0,0,1,0,0,0,0,0,0,0,98,0,0,0,81,81,6,2,12,0,0,0,1,33,3048,6,1,0,0,3,3,74,210,0,0,0,0,0,0,0,0,0,0,36,0,0,0,1,2,40,1,1,2,1,0,0,11,54,1,1,2,68,0,0
25,250300,2,2,1,15,6,13,40,12,6,1,0,25,1,72,706,72706,80,2004,1HD1GEV134K3,1,H,D,1,G,E,V,1,3,4,K,3,0,M,HD,FWG,RS,4,17,,,,,,,1450,0,0,000000000,00000000000,0,0,0,1,0,0,0,0,0,0,0,98,0,0,0,12,12,6,2,12,0,0,0,1,25,1550,6,1,0,0,3,0,68,999,0,0,0,0,0,0,0,0,0,0,0,0,0,0,1,2,40,1,1,2,1,0,0,1,62,1,1,1,69,1,0
25,250301,1,1,2,2,3,9,16,1,0,1,0,33,4,20,461,20461,21,2009,1GCGG25C9911,1,G,C,G,G,2,5,C,9,9,1,1,0,T,CHEV,E25,CG,9,17,,2,0,1350,EXP,G,,0,0,000000000,00000000000,1,0,0,1,0,0,0,0,0,0,0,75,0,1,5,0,98,6,2,1,0,0,0,1,25,1748,2,1,0,0,2,2,70,999,0,11,0,0,2,11,2007,11,2008,1,28,74,0,0,2,6,65,1,1,2,1,0,0,1,12,7,7,6,2,1,0
25,250302,1,2,2,23,9,20,24,12,2,1,0,25,1,2,404,2404,14,1997,1J4GZ78S4VC6,1,J,4,G,Z,7,8,S,4,V,C,6,0,T,JEEP,L/O,4W,97,17,,1,0,1059,GCK,G,,0,0,000000000,00000000000,0,0,0,1,0,0,0,0,0,0,0,98,0,0,0,12,82,6,2,12,0,0,0,1,25,1069,6,1,0,0,3,3,71,999,0,0,0,0,0,0,0,0,0,0,99,99,99,99,2,2,45,2,6,2,1,0,0,14,54,1,1,2,53,1,0
25,250302,2,2,2,23,9,20,24,12,2,1,0,25,1,6,42,6042,4,2000,2C3HC56G5YH2,2,C,3,H,C,5,6,G,5,Y,H,2,0,P,CHRY,LHS,4D,0,17,3477,,0,1130,,G,,0,0,000000000,00000000000,0,0,0,1,0,0,0,0,0,0,0,98,0,0,0,12,12,6,2,12,0,0,0,1,25,1104,6,1,0,0,3,0,66,999,0,4,0,3,1,2,2008,12,2009,0,99,99,99,99,2,2,45,3,5,2,1,0,0,14,54,6,1,2,53,1,0
25,250303,1,2,2,20,2,14,45,12,2,1,0,25,1,12,401,12401,14,2001,1FMZU73E31UB,1,F,M,Z,U,7,3,E,3,1,U,B,0,P,FORD,EPR,UT,1,17,4045,,0,1116,,G,,0,0,000000000,00000000000,0,0,0,1,0,0,0,0,0,0,0,98,0,0,0,12,12,6,2,12,0,0,0,1,25,1028,6,1,0,0,3,3,72,999,0,0,0,0,0,0,0,0,0,0,0,0,0,0,2,8,30,1,1,2,1,0,0,1,54,1,1,1,52,0,0
25,250303,2,2,1,20,2,14,45,12,2,1,0,92,0,20,32,20032,4,1994,1Y1SK5362RZ0,1,Y,1,S,K,5,3,6,2,R,Z,0,0,P,GEO,GEP,4D,94,17,2348,,0,971,,G,,0,0,000000000,00000000000,0,0,0,1,0,0,0,0,0,0,0,98,0,0,0,12,12,6,2,12,0,0,0,1,25,1151,6,1,0,0,3,0,70,999,1,0,0,0,1,3,2009,8,2009,0,51,0,0,0,2,8,30,1,1,2,1,0,0,1,54,1,1,1,52,1,0
25,250304,1,1,2,18,4,1,32,35,0,1,0,23,1,24,7,24007,4,2005,1G8AY12P75Z1,1,G,8,A,Y,1,2,P,7,5,Z,1,0,P,STRN,SRL,C4,5,17,2843,,0,1035,,G,,0,0,000000000,00000000000,0,0,0,1,0,0,0,0,0,0,0,86,0,1,3,14,12,6,2,1,0,0,0,1,23,4073,6,1,0,0,3,0,69,180,0,0,0,1,0,4,2010,4,2010,1,36,0,0,0,6,1,35,2,1,2,1,0,0,14,12,1,1,4,6,1,0
25,250305,1,2,1,4,8,19,56,12,6,1,0,25,1,19,14,19014,4,2000,1G6KS54Y5YU1,1,G,6,K,S,5,4,Y,5,Y,U,1,0,P,CADI,SLS,4D,0,17,3970,,0,1122,,G,,0,0,000000000,00000000000,0,0,0,1,0,0,0,0,0,0,0,98,0,0,0,61,61,6,2,12,0,0,0,1,25,2537,6,1,0,0,3,0,68,999,0,1,0,0,3,6,2010,8,2010,0,48,0,0,0,1,2,40,8,3,2,1,0,0,12,78,1,1,3,98,0,0
25,250305,2,2,2,4,8,19,56,12,6,1,0,25,1,53,705,53705,80,2006,JS1GN7DA3621,J,S,1,G,N,7,D,A,3,6,2,1,0,M,SUZI,K6R,RS,6,17,,,,,,,599,0,0,000000000,00000000000,0,0,0,1,0,0,0,0,0,0,0,98,0,0,0,12,12,6,2,12,0,0,0,1,25,2563,6,1,0,0,3,0,65,999,0,0,0,1,0,2,2009,2,2009,0,99,99,99,99,1,2,40,8,3,2,1,0,0,1,55,4,1,3,98,1,0
25,250306,1,2,1,14,9,14,51,12,2,1,0,25,2,48,34,48034,4,2008,4S3BL626X872,4,S,3,B,L,6,2,6,X,8,7,2,0,P,SUBA,25L,4D,8,17,3265,,0,1051,,G,,0,0,000000000,00000000000,0,0,0,1,0,0,0,0,0,0,0,98,0,0,0,12,82,6,2,12,0,0,0,1,25,2748,6,1,0,0,3,3,64,999,0,0,0,0,0,0,0,0,0,0,51,0,0,0,1,2,40,1,1,2,1,0,0,15,10,1,1,2,50,0,0
25,250306,2,2,1,14,9,14,51,12,2,1,0,25,1,51,45,51045,4,2001,YV1TS94D3111,Y,V,1,T,S,9,4,D,3,1,1,1,0,P,VOLV,S80,4D,1,17,3616,,0,1099,,G,,0,0,000000000,00000000000,0,0,0,1,0,0,0,0,0,0,0,98,0,0,0,12,62,6,2,12,0,0,0,1,25,2739,0,0,0,0,0,0,999,999,0,0,0,0,0,0,0,0,0,0,0,0,0,0,1,2,40,1,1,2,1,0,0,1,62,1,1,1,51,1,0
25,250307,1,1,2,17,10,14,40,31,0,1,0,25,1,14,17,14017,4,2001,1MEFM50UX1A6,1,M,E,F,M,5,0,U,X,1,A,6,0,P,MERC,SGS,4D,1,17,3366,,0,1085,,G,,0,0,000000000,00000000000,0,0,0,1,0,0,0,0,0,0,0,98,0,0,0,98,98,6,2,19,0,0,0,1,25,2301,6,1,0,0,3,0,70,999,0,0,0,0,0,0,0,0,0,0,28,0,0,0,8,2,40,8,8,8,98,8,8,15,13,1,7,4,2,1,0
25,250308,1,1,1,4,9,14,6,38,0,1,0,25,1,18,7,18007,4,1990,3G4AH54N0LS6,3,G,4,A,H,5,4,N,0,L,S,6,0,P,BUIC,CCU,4D,90,17,2726,,0,1048,,G,,0,0,000000000,00000000000,0,0,0,1,0,0,0,0,0,0,0,98,0,0,0,12,12,6,2,38,0,0,0,1,25,2790,6,1,0,0,3,0,67,999,0,0,0,0,0,0,0,0,0,0,28,0,0,0,1,8,30,8,8,2,1,0,0,99,13,99,1,4,1,1,1
25,250309,1,3,3,17,10,17,47,12,6,1,0,25,1,6,52,6052,6,2008,3A8FY48B08T1,3,A,8,F,Y,4,8,B,0,8,T,1,0,P,CHRY,PTC,SV,8,17,3076,,0,1030,,G,,0,0,000000000,00000000000,0,0,0,1,0,0,0,0,0,0,0,98,0,0,0,61,61,6,2,12,0,0,0,1,25,1453,6,1,0,0,3,0,68,999,0,0,0,0,0,0,0,0,0,0,48,0,0,0,3,2,98,1,1,2,1,20,3,1,66,1,1,1,89,1,0
25,250309,2,3,3,17,10,17,47,12,6,1,0,25,1,2,404,2404,14,2008,1J8GR48K68C1,1,J,8,G,R,4,8,K,6,8,C,1,0,T,JEEP,LRO,4W,8,17,,1,0,1095,GCK,G,,0,0,000000000,00000000000,0,0,0,1,0,0,0,0,0,0,0,98,0,0,0,12,12,6,2,12,0,0,0,1,25,1564,6,1,0,0,3,3,71,999,0,0,0,0,0,0,0,0,0,0,0,0,0,0,3,2,98,1,1,2,1,20,3,1,66,4,1,1,88,0,0
25,250309,3,3,3,17,10,17,47,12,6,1,0,25,1,49,40,49040,4,1999,4T1BG22K1XU6,4,T,1,B,G,2,2,K,1,X,U,6,0,P,TOYT,UEX,4D,99,17,2998,,0,1051,,G,,0,0,000000000,00000000000,0,0,0,1,0,0,0,0,0,0,0,98,0,0,0,12,12,6,2,12,0,0,0,1,25,1453,6,1,0,0,3,3,63,999,0,0,0,0,0,0,0,0,0,0,0,0,0,0,3,2,98,1,1,2,1,0,0,1,62,99,1,1,98,0,0
25,250310,1,1,1,2,8,9,38,35,0,1,0,25,1,73,703,73703,80,1995,JKAEXMF17SA0,J,K,A,E,X,M,F,1,7,S,A,0,0,M,KAWK,E2X,RS,95,17,,,,,,,250,0,0,000000000,00000000000,0,0,0,1,0,0,0,0,0,0,0,98,0,0,0,14,98,6,2,43,0,0,0,1,25,1007,6,1,0,0,3,0,68,999,0,2,0,3,0,12,2007,4,2010,1,36,0,0,0,1,2,98,1,1,2,1,0,0,1,12,99,1,4,6,1,0
25,250311,1,2,1,17,7,4,17,24,0,1,0,33,1,21,23,21023,4,2000,1G3WX52H6YF1,1,G,3,W,X,5,2,H,6,Y,F,1,0,P,OLDS,ILS,4D,0,17,3455,,0,1090,,G,,0,0,000000000,00000000000,0,0,0,1,0,0,0,0,0,0,0,73,1,0,0,62,62,6,2,12,0,0,0,1,33,3811,6,1,0,0,3,0,66,145,0,0,0,0,0,0,0,0,0,1,36,0,0,0,2,3,65,1,1,2,8,0,0,1,12,1,1,4,6,1,1
25,250311,2,2,1,17,7,4,17,24,0,1,0,23,3,84,881,84881,66,1997,2HSFHAMR5VC0,2,H,S,F,H,A,M,R,5,V,C,0,1,T,INTL,940,TM,97,17,,8,2340,1600,90S,D,,1,57,822259,57822259,3,6,11,1,0,0,0,0,0,0,0,65,0,0,0,8,8,8,3,12,0,0,0,1,23,4730,6,1,1,8,2,9,73,203,0,2,1,0,1,7,2010,7,2010,0,0,0,0,0,2,3,65,1,1,2,8,0,0,1,60,1,1,1,98,0,0
25,250312,1,4,1,19,8,14,15,12,2,1,0,25,2,6,52,6052,6,2003,3C8FY78G23T5,3,C,8,F,Y,7,8,G,2,3,T,5,0,P,CHRY,PTC,SV,3,17,3231,,0,1030,,G,,0,0,000000000,00000000000,0,0,0,1,0,0,0,0,0,0,0,69,0,0,0,12,12,6,2,12,0,0,0,1,25,1440,6,1,0,0,3,0,65,999,0,4,1,1,0,2,2008,7,2009,0,28,0,0,0,2,3,55,1,1,2,1,0,0,98,10,1,7,7,50,1,1
25,250312,2,4,1,19,8,14,15,12,2,1,0,25,2,19,18,19018,4,2008,1G6DS57V1801,1,G,6,D,S,5,7,V,1,8,0,1,0,P,CADI,AF6,4D,8,17,3568,,0,1134,,G,,0,0,000000000,00000000000,0,0,0,1,0,0,0,0,0,0,0,80,0,0,0,12,12,6,2,12,0,0,0,1,25,1451,6,1,0,0,3,0,67,999,1,4,0,1,2,11,2007,11,2009,0,0,0,0,0,2,3,55,1,1,2,1,0,0,1,62,1,1,1,51,0,0
25,250312,3,4,3,19,8,14,15,12,2,1,0,25,2,63,36,63036,6,2009,KNAFG5292972,K,N,A,F,G,5,2,9,2,9,7,2,0,P,KIA,ROL,SW,9,17,3333,,0,1063,,G,,0,0,000000000,00000000000,0,0,0,1,0,0,0,0,0,0,0,998,0,0,0,12,12,6,2,12,0,0,0,1,25,1754,6,1,0,0,3,0,67,999,0,0,0,0,0,0,0,0,0,0,0,0,0,0,2,3,55,1,1,2,1,0,0,99,99,99,9,3,98,0,0
25,250312,4,4,1,19,8,14,15,12,2,1,0,25,1,12,481,12481,31,1999,1FTRX18L5XNB,1,F,T,R,X,1,8,L,5,X,N,B,0,T,FORD,F15,4C,99,17,,2,1574,1388,COF,G,,0,0,000000000,00000000000,0,0,0,1,0,0,0,0,0,0,0,98,0,0,0,61,61,6,2,12,0,0,0,1,25,1844,6,1,0,0,3,0,68,999,0,0,0,0,0,0,0,0,0,0,0,0,0,0,2,3,55,1,1,2,1,0,0,99,99,99,9,3,98,0,0
25,250313,1,1,1,20,9,16,30,9,0,1,0,12,9,6,999,6999,49,2010,999999999999,9,9,9,9,9,9,9,9,9,9,9,9,0,U,,,,9,17,,,,,,,,0,0,000000000,00000000000,0,0,0,1,0,0,0,0,0,0,0,18,0,0,0,12,12,8,8,9,0,0,0,1,25,2136,6,1,0,0,3,0,70,999,0,2,0,0,1,10,2008,4,2009,0,0,0,0,0,2,8,30,1,1,2,98,2,3,4,84,4,1,1,13,0,0
25,250314,1,1,2,27,8,10,0,15,0,1,0,25,3,82,881,82881,62,2005,1FVACWDC85HN,1,F,V,A,C,W,D,C,8,5,H,N,9,T,FRHT,16M,CC,5,17,,6,0,0,FM2,D,,0,77,777777777,77777777777,2,1,96,1,0,0,0,0,0,0,0,5,0,0,0,5,5,8,8,15,0,0,0,1,25,1752,6,1,0,0,8,3,67,999,0,3,1,0,1,5,2008,6,2009,0,0,0,0,0,8,8,30,8,8,2,98,97,8,1,83,1,1,1,13,0,0
25,250315,1,1,11,21,12,8,49,8,0,1,0,25,3,98,981,98981,52,1996,2FYD2LL09TU0,2,F,Y,D,2,L,L,0,9,T,U,0,0,U,,,,96,17,,,,,,,,0,77,777777777,77777777777,3,21,22,1,0,0,0,0,6,0,0,24,0,0,0,12,98,8,8,8,0,0,0,1,25,2302,6,1,6,3,3,3,69,999,0,0,0,0,0,0,0,0,0,0,0,0,0,0,8,8,30,8,1,2,98,2,2,1,81,98,1,1,13,0,0
25,250316,1,1,1,28,12,12,45,8,0,1,0,25,3,12,461,12461,21,1999,1FTRE1429XHB,1,F,T,R,E,1,4,2,9,X,H,B,0,T,FORD,15V,CG,99,17,,2,0,1380,VAN,G,,0,0,000000000,00000000000,1,0,0,1,0,0,0,0,0,0,0,98,0,0,0,98,98,8,8,8,0,0,0,1,25,1906,6,1,0,0,3,3,68,999,2,0,0,0,0,1,2010,10,2010,0,0,0,0,0,8,8,98,8,1,2,98,20,3,11,80,1,1,1,13,0,0
25,250317,1,2,3,22,8,15,53,12,6,1,0,25,2,37,33,37033,2,1997,JHMBB614XVC0,J,H,M,B,B,6,1,4,X,V,C,0,0,P,HOND,PRE,CP,97,17,2861,,0,1017,,G,,0,0,000000000,00000000000,0,0,0,1,0,0,0,0,0,0,0,84,0,0,0,12,12,6,2,12,0,0,0,1,25,1001,6,1,0,0,3,0,71,999,0,0,0,0,1,2,2010,2,2010,1,36,0,0,0,1,2,35,1,1,2,2,20,3,1,55,1,1,1,88,0,0
25,250317,2,2,1,22,8,15,53,12,6,1,0,25,1,19,3,19003,4,2000,1G6KD57Y2YU2,1,G,6,K,D,5,7,Y,2,Y,U,2,0,P,CADI,DFW,4D,0,17,4012,,0,1138,,G,,0,0,000000000,00000000000,0,0,0,1,0,0,0,0,0,0,0,98,0,0,0,61,61,6,2,12,0,0,0,1,25,1001,6,1,0,0,3,3,66,999,0,0,0,0,0,0,0,0,0,0,0,0,0,0,1,2,35,1,1,2,2,20,3,98,66,1,1,1,89,1,0
25,250318,1,1,2,12,11,17,57,8,0,1,0,25,1,49,40,49040,4,1999,4T1BG22K7XU4,4,T,1,B,G,2,2,K,7,X,U,4,0,P,TOYT,UEX,4D,99,17,2998,,0,1051,,G,,0,0,000000000,00000000000,0,0,0,1,0,0,0,0,0,0,0,98,0,0,0,12,12,8,3,8,0,0,0,1,25,2148,6,1,0,0,3,0,67,999,1,0,0,0,0,3,2009,3,2009,9,36,0,0,0,1,2,98,1,1,2,1,97,8,1,81,1,1,1,13,0,1
25,250319,1,2,2,1,8,0,42,12,2,1,0,25,1,37,32,37032,4,2007,1HGCM56737A1,1,H,G,C,M,5,6,7,3,7,A,1,0,P,HOND,UEX,4D,7,17,3228,,0,1079,,G,,0,0,000000000,00000000000,0,0,0,1,0,0,0,0,0,0,0,65,0,0,0,12,62,6,2,12,0,0,0,1,25,2176,6,1,0,0,3,0,68,999,0,0,0,0,0,0,0,0,0,1,28,0,0,0,1,2,30,2,8,2,1,0,0,14,10,1,1,2,50,1,1
25,250319,2,2,1,1,8,0,42,12,2,1,0,25,3,12,481,12481,31,2001,1FTRW08L71KC,1,F,T,R,W,0,8,L,7,1,K,C,0,T,FORD,F1S,CW,1,17,,2,0,1388,COF,G,,0,0,000000000,00000000000,1,0,0,1,0,0,0,0,0,0,0,98,0,0,0,12,11,6,2,12,0,0,0,1,25,2190,0,0,0,0,0,0,60,999,0,0,0,0,0,0,0,0,0,0,0,0,0,0,1,2,30,3,1,2,1,0,0,1,62,1,1,1,51,0,0
25,250320,1,2,5,25,11,1,46,12,2,1,0,25,1,35,47,35047,4,2002,1N4AL11D02C2,1,N,4,A,L,1,1,D,0,2,C,2,0,P,NISS,ABS,4D,2,17,2873,,0,1102,,G,,0,0,000000000,00000000000,0,0,0,1,0,0,0,0,0,0,0,98,0,0,0,12,12,6,2,12,0,0,0,1,25,1089,6,1,0,0,3,0,74,999,1,3,0,0,1,3,2009,1,2010,0,36,0,0,0,1,2,40,8,1,2,1,0,0,1,62,4,1,1,51,1,0