STATE,ST_CASE,VEH_NO,VE_FORMS,NUMOCCS,DAY,MONTH,HOUR,MINUTE,HARM_EV,MAN_COLL,UNITTYPE,HIT_RUN,REG_STAT,OWNER,MAKE,MODEL,MAK_MOD,BODY_TYP,MOD_YEAR,VIN,VIN_1,VIN_2,VIN_3,VIN_4,VIN_5,VIN_6,VIN_7,VIN_8,VIN_9,VIN_10,VIN_11,VIN_12,TOW_VEH,VINTYPE,VINMAKE,VINA_MOD,VIN_BT,VINMODYR,VIN_LNGT,VIN_WGT,WGTCD_TR,WHLBS_LG,WHLBS_SH,SER_TR,FUELCODE,MCYCL_DS,J_KNIFE,MCARR_I1,MCARR_I2,MCARR_ID,GVWR,V_CONFIG,CARGO_BT,HAZ_INV,HAZ_PLAC,HAZ_ID,HAZ_CNO,HAZ_REL,BUS_USE,SPEC_USE,EMER_USE,TRAV_SP,UNDERIDE,ROLLOVER,ROLINLOC,IMPACT1,IMPACT2,DEFORMED,TOWED,M_HARM,VEH_SC1,VEH_SC2,FIRE_EXP,DR_PRES,L_STATE,DR_ZIP,L_STATUS,L_TYPE,CDL_STAT,L_ENDORS,L_COMPL,L_RESTRI,DR_HGT,DR_WGT,PREV_ACC,PREV_SUS,PREV_DWI,PREV_SPD,PREV_OTH,FIRST_MO,FIRST_YR,LAST_MO,LAST_YR,SPEEDREL,DR_SF1,DR_SF2,DR_SF3,DR_SF4,VTRAFWAY,VNUM_LAN,VSPD_LIM,VALIGN,VPROFILE,VPAVETYP,VSURCOND,VTRAFCON,VTCONT_F,P_CRASH1,P_CRASH2,P_CRASH3,PCRASH4,PCRASH5,ACC_TYPE,DEATHS,DR_DRINK
25,250320,2,2,1,25,11,1,46,12,2,1,0,25,1,2,404,2404,14,2000,1J4GW48S8YC1,1,J,4,G,W,4,8,S,8,Y,C,1,0,T,JEEP,LRO,4W,0,17,,1,0,1059,GCK,G,,0,0,000000000,00000000000,0,0,0,1,0,0,0,0,0,0,0,98,0,1,1,12,12,6,2,12,0,0,0,1,25,1082,6,1,0,0,3,3,75,999,0,0,0,0,0,0,0,0,0,0,28,0,0,0,1,2,40,8,1,2,1,0,0,15,10,1,1,2,50,0,1
25,250321,1,1,1,24,12,10,32,8,0,1,0,25,2,23,401,23401,14,2001,1GKDT13W4121,1,G,K,D,T,1,3,W,4,1,2,1,0,T,GMC,JMY,4W,1,17,,1,0,1070,JMY,G,,0,0,000000000,00000000000,0,0,0,1,0,0,0,0,0,0,0,998,0,0,0,12,12,2,3,8,0,0,0,1,25,1220,6,1,0,0,3,3,61,999,0,0,0,0,0,0,0,0,0,0,36,0,0,0,1,2,98,1,2,2,1,0,0,1,80,4,1,1,13,0,0
25,250322,1,1,1,12,12,12,1,35,0,1,0,25,3,20,481,20481,31,2005,1GCEK14T95Z2,1,G,C,E,K,1,4,T,9,5,Z,2,0,T,CHEV,SK1,PK,5,17,,2,1330,1190,SIL,G,,0,0,000000000,00000000000,0,0,0,1,0,0,0,0,0,0,0,998,0,0,0,12,98,6,2,3,0,0,0,1,25,2052,6,1,0,0,3,0,70,999,0,1,0,0,0,11,2009,11,2009,9,99,99,99,99,1,2,98,1,1,9,1,0,0,1,13,99,9,4,1,1,0
25,250323,1,2,1,24,11,9,18,12,6,1,0,36,2,20,22,20022,4,2005,1G1AK52F7575,1,G,1,A,K,5,2,F,7,5,7,5,0,P,CHEV,CBT,4D,5,17,3216,,0,1033,,G,,0,0,000000000,00000000000,0,0,0,1,0,0,0,0,0,0,0,998,0,0,0,9,9,6,2,12,0,0,0,1,25,11552,6,1,0,0,3,0,74,999,1,0,0,0,0,4,2009,4,2009,1,36,28,0,0,1,2,50,3,2,2,1,0,0,14,10,8,1,2,64,1,0
25,250323,2,2,1,24,11,9,18,12,6,1,0,9,1,37,403,37403,14,2004,999999999999,9,9,9,9,9,9,9,9,9,9,9,9,0,U,,,,9,17,,,,,,,,0,0,000000000,00000000000,0,0,0,1,0,0,0,0,0,0,0,998,0,0,0,12,12,6,2,12,0,0,0,1,9,6070,9,9,98,8,9,8,999,999,99,99,99,99,99,99,9999,99,9999,0,0,0,0,0,1,2,50,2,2,2,1,0,0,14,62,9,1,1,65,0,0
25,250324,1,2,1,6,10,12,38,12,6,1,0,25,1,18,2,18002,4,1995,1G4HP52L0SH5,1,G,4,H,P,5,2,L,0,S,H,5,0,P,BUIC,LCF,4D,95,17,3422,,0,1108,,G,,0,0,000000000,00000000000,0,0,0,1,0,0,0,0,0,0,0,998,0,0,0,9,12,6,2,24,0,0,0,1,25,2451,6,1,0,0,3,3,63,999,0,0,0,0,0,0,0,0,0,0,38,0,0,0,1,2,35,1,8,2,2,0,0,11,15,1,1,2,72,1,0
25,250324,2,2,1,6,10,12,38,12,6,1,0,25,3,12,16,12016,4,2008,2FAFP71VX8X1,2,F,A,F,P,7,1,V,X,8,X,1,0,P,FORD,CVP,4D,8,17,0,,0,1146,,F,,0,0,000000000,00000000000,0,0,0,1,0,0,0,0,0,5,1,998,0,0,0,12,12,4,3,12,0,0,0,1,25,2452,6,1,0,0,3,3,63,999,0,0,0,0,0,0,0,0,0,0,16,0,0,0,1,2,35,1,8,2,2,0,0,1,60,4,1,1,73,0,0
25,250325,1,2,1,14,11,23,43,12,1,1,1,25,2,55,401,55401,14,2003,KM8SC73D43U3,K,M,8,S,C,7,3,D,4,3,U,3,0,P,HYUN,SAN,UT,3,17,3720,,0,1031,,G,,0,0,000000000,00000000000,0,0,0,1,0,0,0,0,0,0,0,47,0,0,0,12,12,2,1,12,0,0,0,1,25,2131,6,1,0,0,3,3,70,999,0,0,0,1,0,3,2009,3,2009,1,36,0,0,0,1,2,30,1,9,2,1,0,0,99,99,99,9,9,33,0,0
25,250325,2,2,1,14,11,23,43,12,1,1,0,25,1,98,709,98709,88,2009,RFVPAC202910,R,F,V,P,A,C,2,0,2,9,1,0,0,U,,,,9,17,,,,,,,,0,0,000000000,00000000000,0,0,0,1,0,0,0,0,0,0,0,998,0,0,0,6,6,6,2,12,0,0,0,1,25,2120,6,1,0,0,3,0,72,999,0,0,0,0,0,0,0,0,0,0,0,0,0,0,1,2,30,1,9,2,1,0,0,1,78,99,1,9,33,1,1
25,250326,1,1,1,22,9,22,9,24,0,1,0,25,5,73,705,73705,80,2008,JKAZX4J158A0,J,K,A,Z,X,4,J,1,5,8,A,0,0,M,KAWK,ZXJ,RC,8,17,,,,,,,599,0,0,000000000,00000000000,0,0,0,1,0,0,0,0,0,0,0,90,0,0,0,12,12,6,2,24,0,0,0,1,25,1109,0,0,0,0,0,0,69,999,0,8,0,1,13,4,2008,9,2010,1,28,36,0,0,3,2,98,1,1,2,1,0,0,15,11,1,7,2,98,1,0
25,250327,1,1,3,9,7,16,44,24,0,1,0,25,2,35,50,35050,4,2007,3N1BC13E67L3,3,N,1,B,C,1,3,E,6,7,L,3,0,P,NISS,VSL,4H,7,17,2649,,0,1024,,G,,0,0,000000000,00000000000,0,0,0,1,0,0,0,0,0,0,0,98,0,1,6,98,98,6,2,1,0,0,0,1,25,1370,6,1,0,0,3,3,63,999,0,0,0,0,0,0,0,0,0,0,0,0,0,0,1,2,50,8,8,2,1,0,0,1,13,1,1,4,1,1,0
25,250328,1,2,2,16,12,12,1,12,1,1,0,25,3,12,881,12881,61,2007,1FDXF46P27EB,1,F,D,X,F,4,6,P,2,7,E,B,0,T,FORD,F4D,CC,7,17,,4,2000,1410,DRW,D,,0,77,777777777,77777777777,2,1,96,1,0,0,0,0,0,0,0,98,0,0,0,6,6,8,8,12,0,0,0,1,25,1852,6,1,0,0,3,0,69,999,0,0,0,0,0,0,0,0,0,0,99,99,99,99,1,2,98,1,1,2,98,97,8,1,99,1,1,1,67,0,0
25,250328,2,2,1,16,12,12,1,12,1,1,0,25,1,48,38,48038,4,2005,JF1GD67535H5,J,F,1,G,D,6,7,5,3,5,H,5,0,P,SUBA,IR4,4D,5,17,2972,,0,994,,G,,0,0,000000000,00000000000,0,0,0,1,0,0,0,0,0,0,0,98,0,0,0,12,98,6,2,8,0,0,0,1,25,1754,6,1,0,0,3,0,71,999,0,0,0,0,0,0,0,0,0,0,99,99,99,99,1,2,98,1,1,2,98,0,0,9,82,1,7,5,67,0,0
25,250329,1,1,1,1,2,6,30,8,0,1,0,25,1,20,404,20404,14,2006,2CNDL23F8661,2,C,N,D,L,2,3,F,8,6,6,1,0,P,CHEV,EQU,UT,6,17,3660,,0,1125,,G,,0,0,000000000,00000000000,0,0,0,1,0,0,0,0,0,0,0,26,0,0,0,12,12,2,3,8,0,0,0,1,25,2127,6,1,0,0,3,0,73,999,0,0,0,0,1,1,2010,1,2010,0,0,0,0,0,1,2,30,1,9,2,1,0,0,1,80,2,1,1,13,0,0
25,250330,1,1,2,18,3,22,20,8,0,1,0,25,3,41,441,41441,20,2005,JM3LW28A0505,J,M,3,L,W,2,8,A,0,5,0,5,0,P,MAZD,MWG,SV,5,17,3772,,0,1118,,G,,0,0,000000000,00000000000,0,0,0,1,0,0,0,0,0,0,0,35,0,0,0,12,12,2,3,8,0,0,0,1,25,2148,6,1,0,0,3,0,62,999,0,0,0,0,1,10,2009,10,2009,0,0,0,0,0,4,3,30,1,9,2,1,2,3,1,80,2,1,2,13,0,0
25,250331,1,1,1,24,3,16,18,8,0,1,0,25,2,12,461,12461,21,2003,1FTNS24W03HC,1,F,T,N,S,2,4,W,0,3,H,C,0,T,FORD,25V,EC,3,17,,2,0,1380,VAN,G,,0,0,000000000,00000000000,0,0,0,1,0,0,0,0,0,0,0,16,0,0,0,12,12,0,3,8,0,0,0,1,25,1970,6,1,0,0,3,0,68,999,0,0,0,0,0,0,0,0,0,0,38,0,0,0,1,2,30,1,9,2,1,2,3,1,80,1,1,1,13,0,0
25,250332,1,1,1,16,12,6,23,8,0,1,0,25,2,49,32,49032,4,1999,2T1BR12E0XC2,2,T,1,B,R,1,2,E,0,X,C,2,0,P,TOYT,UVL,4D,99,17,2414,,0,970,,G,,0,0,000000000,00000000000,0,0,0,1,0,0,0,0,0,0,0,30,0,0,0,82,82,9,3,8,0,0,0,1,25,1902,6,1,0,0,3,0,62,999,1,0,0,0,0,2,2009,2,2009,0,0,0,0,0,2,4,30,1,1,2,1,0,0,1,80,1,1,1,13,0,0
25,250333,1,1,2,8,1,0,20,14,0,1,0,25,2,41,441,41441,20,2002,JM3LW28J2203,J,M,3,L,W,2,8,J,2,2,0,3,0,P,MAZD,MWG,SV,2,17,3794,,0,1118,,G,,0,0,000000000,00000000000,0,0,0,1,0,0,0,0,0,0,0,62,0,0,0,12,12,6,2,14,0,0,0,1,25,2368,2,1,0,0,2,2,66,999,0,4,0,0,0,10,2008,8,2009,1,28,74,0,0,1,2,30,1,1,2,1,97,8,98,98,3,2,9,15,1,0
25,250334,1,1,1,1,3,18,56,8,0,1,0,25,3,20,421,20421,15,2008,1GNFK13068J2,1,G,N,F,K,1,3,0,6,8,J,2,0,P,CHEV,KTA,UT,8,17,5524,,0,1160,,F,,0,0,000000000,00000000000,0,0,0,1,0,0,0,0,0,0,0,11,0,0,0,12,12,2,1,8,0,0,0,1,25,2482,6,1,0,0,3,0,68,999,0,0,0,0,0,0,0,0,0,0,86,0,0,0,1,2,30,1,9,2,1,2,3,4,80,3,2,1,13,0,0
26,260001,1,2,4,3,1,15,25,12,6,1,0,26,1,20,401,20401,14,2002,1GNDT13S9225,1,G,N,D,T,1,3,S,9,2,2,5,0,P,CHEV,TRL,UT,2,17,4628,,0,1130,,G,,0,0,000000000,00000000000,0,0,0,1,0,0,0,0,0,0,0,998,0,1,3,9,0,6,2,12,0,0,0,1,26,49009,6,1,0,0,3,0,67,160,1,0,0,0,1,2,2008,2,2008,1,0,0,0,0,3,2,70,1,1,2,4,0,0,1,6,6,3,2,48,1,0
26,260001,2,2,4,3,1,15,25,12,6,1,0,26,1,7,482,7482,31,2007,3D3KS29C97G7,3,D,3,K,S,2,9,C,9,7,G,7,1,T,DODG,ME2,CW,7,17,,2,0,1605,RPC,D,,1,0,000000000,00000000000,0,0,0,1,0,0,0,0,0,0,0,998,0,0,0,12,12,6,2,12,0,0,0,1,26,49426,6,1,0,0,3,0,72,290,0,0,0,0,0,0,0,0,0,0,0,0,0,0,3,2,70,1,1,2,4,0,0,1,51,6,1,2,48,0,0
26,260002,1,1,1,10,1,1,0,35,0,1,0,0,0,76,998,76998,91,1998,8CR002542,8,C,R,0,0,2,5,4,2,,,,0,P,,,,,,,,,,,,,0,0,000000000,00000000000,0,0,0,1,0,0,0,0,0,0,0,998,0,0,0,99,99,6,2,42,0,0,0,1,26,49721,6,1,6,0,1,0,67,180,0,0,0,1,0,11,2009,11,2009,1,0,0,0,0,1,2,55,3,8,4,3,0,0,14,13,1,1,4,1,1,1
26,260003,1,2,3,2,1,12,20,12,6,1,0,26,1,23,441,23441,20,1998,1GKEL19W4WB5,1,G,K,E,L,1,9,W,4,W,B,5,0,T,GMC,SXT,ES,98,17,,2,0,1112,SAF,G,,0,0,000000000,00000000000,0,0,0,1,0,0,0,0,0,0,0,98,0,0,0,3,3,6,2,12,0,0,0,1,26,48073,6,1,6,0,3,0,72,300,0,0,0,0,0,0,0,0,0,0,99,99,99,99,1,2,55,1,1,2,4,0,0,1,52,8,1,2,64,1,0
26,260003,2,2,1,2,1,12,20,12,6,1,0,26,1,20,2,20002,4,2002,2G1WF52E4293,2,G,1,W,F,5,2,E,4,2,9,3,0,P,CHEV,IMP,4D,2,17,3389,,0,1105,,G,,0,0,000000000,00000000000,0,0,0,1,0,0,0,0,0,0,0,98,0,0,0,12,12,6,2,12,0,0,0,1,26,49841,6,1,0,0,3,0,64,120,0,0,0,0,0,0,0,0,0,0,0,0,0,0,1,2,55,1,1,2,4,0,0,1,62,1,1,1,65,0,0
26,260004,1,1,1,12,1,8,45,1,0,1,0,26,1,20,403,20403,14,2005,1GNDT13S4523,1,G,N,D,T,1,3,S,4,5,2,3,0,P,CHEV,TRL,UT,5,17,4612,,0,1130,,G,,0,0,000000000,00000000000,0,0,0,1,0,0,0,0,0,0,0,998,0,2,6,0,0,6,2,1,0,0,0,1,26,48876,6,1,0,0,3,3,62,160,0,0,0,0,0,0,0,0,0,1,0,0,0,0,3,2,70,1,1,2,2,0,0,1,13,1,1,4,1,1,0
26,260005,1,1,1,14,1,12,0,25,0,1,0,26,1,12,481,12481,31,1997,2FTFX28L4VCA,2,F,T,F,X,2,8,L,4,V,C,A,0,T,FORD,F25,3C,97,17,,2,0,1390,COF,G,,0,0,000000000,00000000000,0,0,0,1,0,0,0,0,0,0,0,998,0,1,1,12,0,6,2,1,0,0,0,1,26,48602,6,1,0,0,3,3,69,190,0,0,0,0,0,0,0,0,0,0,99,99,99,99,3,3,70,1,1,1,1,0,0,1,1,1,2,4,7,1,0
26,260006,1,1,1,21,1,20,14,42,0,1,0,26,1,22,20,22020,4,1997,1G2WP5216VF3,1,G,2,W,P,5,2,1,6,V,F,3,0,P,PONT,GTP,4D,97,17,0,,0,1105,,G,,0,0,000000000,00000000000,0,0,0,1,0,0,0,0,0,0,0,998,0,1,6,99,99,6,2,42,0,0,0,1,26,49431,6,1,0,0,3,0,68,135,0,0,0,1,0,11,2008,11,2008,1,58,0,0,0,1,2,55,1,1,2,1,0,0,1,8,8,4,4,7,1,1
26,260007,1,2,2,1,1,23,0,12,6,1,0,26,2,63,31,63031,4,2000,KNAFB1218Y58,K,N,A,F,B,1,2,1,8,Y,5,8,0,P,KIA,SPL,4D,0,17,2478,,0,1008,,G,,0,0,000000000,00000000000,0,0,0,1,0,0,0,0,0,0,0,998,0,0,0,12,12,6,2,12,0,0,0,1,26,49327,1,1,0,0,2,0,70,190,2,2,0,0,0,12,2007,9,2009,0,38,0,0,0,5,2,55,1,1,1,1,0,0,1,67,1,1,1,83,1,1
26,260007,2,2,1,1,1,23,0,12,6,1,0,26,1,14,6,14006,4,2000,2MEFM74W2YX6,2,M,E,F,M,7,4,W,2,Y,X,6,0,P,MERC,GMG,4D,0,17,3958,,0,1147,,G,,0,0,000000000,00000000000,0,0,0,1,0,0,0,0,0,0,0,998,0,0,0,9,9,6,2,12,0,0,0,1,26,49337,6,1,0,0,3,0,63,114,0,0,0,0,0,0,0,0,0,0,99,99,99,99,1,3,99,1,9,9,1,20,3,11,15,1,1,1,82,1,0
26,260008,1,1,1,2,1,2,10,33,0,1,0,26,1,39,34,39034,4,2001,SAJDA01N11FM,S,A,J,D,A,0,1,N,1,1,F,M,0,P,JAGU,STP,4D,1,17,3816,,0,1145,,G,,0,0,000000000,00000000000,0,0,0,1,0,0,0,0,0,0,0,98,0,0,0,9,9,6,2,42,0,0,0,1,26,48219,6,1,0,0,2,0,65,145,0,7,0,0,3,10,2008,12,2009,1,0,0,0,0,1,2,30,1,1,2,1,0,0,1,13,1,1,4,1,1,1
26,260009,1,2,2,5,1,17,53,12,6,1,0,26,1,2,403,2403,14,1997,1J4FY19S2VP4,1,J,4,F,Y,1,9,S,2,V,P,4,0,T,JEEP,SPW,2W,97,17,,1,0,934,W/T,G,,0,0,000000000,00000000000,0,0,0,1,0,0,0,0,0,0,0,998,0,0,0,2,2,6,2,12,0,0,0,1,18,46383,6,1,0,0,3,0,71,153,0,0,0,1,0,8,2008,8,2008,1,28,0,0,0,1,4,55,1,1,1,4,0,0,1,10,1,1,2,64,2,0
26,260009,2,2,1,5,1,17,53,12,6,1,0,26,1,12,422,12422,15,2004,1FMFU18LX4LB,1,F,M,F,U,1,8,L,X,4,L,B,0,P,FORD,EPT,UT,4,17,5595,,0,1191,,G,,0,0,000000000,00000000000,0,0,0,1,0,0,0,0,0,0,0,998,0,0,0,12,12,6,2,12,0,0,0,1,26,49106,6,1,0,0,3,3,69,200,0,0,0,0,0,0,0,0,0,0,0,0,0,0,1,4,55,1,1,1,4,0,0,1,62,1,1,1,65,0,0
26,260010,1,2,1,6,1,7,40,12,1,1,0,26,3,7,442,7442,20,2001,2B4GP44G31R1,2,B,4,G,P,4,4,G,3,1,R,1,0,P,DODG,CAR,SV,1,17,3989,,0,1193,,G,,0,0,000000000,00000000000,0,0,0,1,0,0,0,0,0,0,0,998,0,0,0,12,12,6,2,12,0,0,0,1,26,49221,6,1,0,0,3,3,75,255,0,0,0,0,1,10,2008,10,2008,0,26,23,0,0,1,2,55,1,1,2,1,0,0,1,51,1,1,1,24,1,0
26,260010,2,2,1,6,1,7,40,12,1,1,0,26,3,90,981,90981,50,1996,1BAACKSH0TF0,1,B,A,A,C,K,S,H,0,T,F,0,0,U,,,,96,17,,,,,,,,0,88,888888888,88888888888,2,21,22,1,0,0,0,0,1,0,0,998,0,0,0,6,6,4,1,12,0,0,0,1,26,49256,6,1,6,1,3,1,63,225,0,0,0,0,0,0,0,0,0,0,0,0,0,0,1,2,55,1,1,2,1,0,0,3,53,1,1,1,25,0,0
26,260011,1,3,1,6,1,11,34,12,6,1,0,26,2,24,9,24009,4,2008,1G8ZS57N38F1,1,G,8,Z,S,5,7,N,3,8,F,1,0,P,STRN,AXE,4D,8,17,3525,,0,1123,,G,,0,0,000000000,00000000000,0,0,0,1,0,0,0,0,0,0,0,98,0,0,0,12,12,6,2,12,0,0,0,1,26,48864,6,1,0,0,3,3,63,145,0,4,0,1,2,10,2008,12,2009,1,37,0,0,0,5,4,40,1,1,2,1,3,3,1,17,1,1,7,88,1,0
26,260011,2,3,2,6,1,11,34,12,6,1,0,26,3,20,481,20481,31,2009,1GBHC74KX9F1,1,G,B,H,C,7,4,K,X,9,F,1,0,T,CHEV,SC3,PK,9,17,,2,0,1330,SIL,G,,0,88,888888888,88888888888,2,1,96,1,0,0,0,0,0,0,0,98,0,0,0,11,11,6,2,12,0,0,0,1,26,48473,6,1,6,0,3,0,72,181,1,0,0,0,0,5,2007,5,2007,0,0,0,0,0,1,2,99,1,1,2,1,3,3,1,66,1,1,2,89,0,0
26,260011,3,3,1,6,1,11,34,12,6,1,0,26,1,19,18,19018,4,2005,1G6DP5679501,1,G,6,D,P,5,6,7,9,5,0,1,0,P,CADI,HF6,4D,5,17,3509,,0,1134,,G,,0,0,000000000,00000000000,0,0,0,1,0,0,0,0,0,0,0,0,0,0,0,12,12,6,2,12,0,0,0,1,26,48076,6,1,0,0,3,0,74,217,2,0,0,0,0,3,2008,5,2009,0,0,0,0,0,5,4,40,1,1,2,1,3,3,5,66,1,1,1,98,0,0
26,260012,1,2,4,11,1,6,59,12,6,1,0,26,1,49,40,49040,4,2005,4T1BE32K65U0,4,T,1,B,E,3,2,K,6,5,U,0,0,P,TOYT,XLL,4D,5,17,3108,,0,1071,,G,,0,0,000000000,00000000000,0,0,0,1,0,0,0,0,0,0,0,998,0,0,0,3,3,6,2,12,0,0,0,1,26,48340,6,1,0,0,3,3,65,170,0,0,0,0,0,0,0,0,0,0,28,0,0,0,1,2,45,3,2,2,3,0,0,14,8,1,2,2,65,3,0
26,260012,2,2,1,11,1,6,59,12,6,1,0,26,1,23,481,23481,31,2002,1GTEK19T02E2,1,G,T,E,K,1,9,T,0,2,E,2,0,T,GMC,NK1,4C,2,17,,2,1575,1435,SIE,G,,0,0,000000000,00000000000,0,0,0,1,0,0,0,0,0,0,0,998,0,0,0,12,12,4,3,12,0,0,0,1,26,48362,6,1,0,0,3,3,70,180,0,0,0,0,0,0,0,0,0,0,0,0,0,0,1,2,45,2,2,2,3,0,0,14,62,1,1,1,64,0,0
26,260013,1,2,1,12,1,7,21,12,2,1,0,26,2,37,32,37032,4,1999,1HGCG5642XA0,1,H,G,C,G,5,6,4,2,X,A,0,0,P,HOND,ULX,4D,99,17,3053,,0,1069,,G,,0,0,000000000,00000000000,0,0,0,1,0,0,0,0,0,0,0,998,0,0,0,12,12,6,2,12,0,0,0,1,26,49428,6,1,0,0,3,0,73,205,0,0,0,0,0,0,0,0,0,0,28,0,0,0,5,4,45,3,1,2,2,0,0,14,10,1,1,2,50,1,0
26,260013,2,2,1,12,1,7,21,12,2,1,0,26,1,35,471,35471,30,1997,1N6SD16Y0VC4,1,N,6,S,D,1,6,Y,0,V,C,4,0,T,NISS,KSX,PC,97,17,,1,0,1161,TRK,G,,0,0,000000000,00000000000,0,0,0,1,0,0,0,0,0,0,0,998,0,0,0,12,12,6,2,12,0,0,0,1,26,49426,6,1,0,0,3,0,71,175,0,0,0,0,0,0,0,0,0,0,0,0,0,0,5,4,45,3,1,2,2,0,0,14,62,1,1,1,51,0,0
26,260014,1,1,1,12,1,6,26,8,0,1,0,26,1,22,401,22401,14,2005,3G7DA03E45S5,3,G,7,D,A,0,3,E,4,5,S,5,0,P,PONT,AZT,UT,5,17,3779,,0,1083,,G,,0,0,000000000,00000000000,0,0,0,1,0,0,0,0,0,0,0,998,0,0,0,1,1,2,3,8,0,0,0,1,26,48725,6,1,0,0,3,3,63,200,0,0,0,0,0,0,0,0,0,0,0,0,0,0,1,2,55,1,8,8,4,0,0,1,80,1,1,1,13,0,0
26,260015,1,2,1,14,1,15,50,12,2,1,0,26,1,21,17,21017,4,1991,2G3AL54R2M23,2,G,3,A,L,5,4,R,2,M,2,3,0,P,OLDS,CCI,4D,91,17,2662,,0,1049,,G,,0,0,000000000,00000000000,0,0,0,1,0,0,0,0,0,0,0,998,0,0,0,12,12,6,2,12,0,0,0,1,26,49094,6,1,0,0,3,3,69,267,0,0,0,0,0,0,0,0,0,0,28,0,0,0,1,2,55,4,2,2,2,0,0,14,10,1,1,2,50,1,0
26,260015,2,2,1,14,1,15,50,12,2,1,0,26,2,7,482,7482,31,2004,3D7KU28DX4G1,3,D,7,K,U,2,8,D,X,4,G,1,0,T,DODG,SQ2,CW,4,17,,2,1605,1405,RPC,G,,0,0,000000000,00000000000,0,0,0,1,0,0,0,0,0,0,0,998,0,0,0,12,12,6,2,12,0,0,0,1,26,49014,6,1,0,0,3,0,62,115,2,0,0,0,0,6,2007,11,2007,0,0,0,0,0,1,2,55,4,2,2,2,0,0,14,62,1,1,1,51,0,0
26,260016,1,1,2,11,1,18,45,8,0,1,0,26,2,7,482,7482,31,2006,1D7HU18N76S5,1,D,7,H,U,1,8,N,7,6,S,5,0,T,DODG,SQ1,CW,6,17,,2,1405,1205,RPC,G,,0,0,000000000,00000000000,0,0,0,1,0,0,0,0,0,0,0,998,0,0,0,12,12,2,3,8,0,0,0,1,26,48189,6,1,0,0,3,0,69,200,1,1,0,0,2,2,2008,11,2009,0,0,0,0,0,1,2,35,1,1,2,3,0,0,1,80,1,1,1,13,0,0
26,260017,1,1,2,23,1,99,99,48,0,1,0,26,2,12,401,12401,14,2002,1FMZU73E92UA,1,F,M,Z,U,7,3,E,9,2,U,A,0,P,FORD,EPR,UT,2,17,4378,,0,1137,,G,,0,0,000000000,00000000000,0,0,0,1,0,0,0,0,0,0,0,61,0,1,6,81,99,6,2,1,0,0,0,9,,,,,,,,,999,,,,,,,,,,,,0,0,0,0,1,2,55,3,2,2,2,0,0,0,13,0,0,0,1,2,0
26,260018,1,2,1,28,1,7,54,12,6,1,0,26,1,49,51,49051,4,2007,JTDBT9230710,J,T,D,B,T,9,2,3,0,7,1,0,0,P,TOYT,YAR,4D,7,17,2288,,0,969,,G,,0,0,000000000,00000000000,0,0,0,1,0,0,0,0,0,0,0,998,0,0,0,3,3,6,2,12,0,0,0,1,26,49327,6,1,0,0,3,0,66,120,0,0,0,0,0,0,0,0,0,1,28,0,0,0,1,2,55,1,1,2,3,0,0,1,10,1,4,2,64,1,0
26,260018,2,2,1,28,1,7,54,12,6,1,0,26,2,22,20,22020,4,2006,2G2WP5520612,2,G,2,W,P,5,5,2,0,6,1,2,0,P,PONT,GRA,4D,6,17,3477,,0,1105,,G,,0,0,000000000,00000000000,0,0,0,1,0,0,0,0,0,0,0,998,0,0,0,12,12,6,2,12,0,0,0,1,26,49349,6,1,0,0,3,3,67,160,0,0,0,2,0,5,2008,9,2008,0,0,0,0,0,1,2,55,1,1,2,3,0,0,1,62,1,1,1,65,0,0
26,260019,1,2,2,28,1,10,39,12,2,1,0,26,1,20,441,20441,20,1995,1GNEL19W8SB2,1,G,N,E,L,1,9,W,8,S,B,2,0,T,CHEV,AST,ES,95,17,,2,0,1110,AST,G,,0,0,000000000,00000000000,0,0,0,1,0,0,0,0,0,0,0,998,0,0,0,12,12,6,2,12,0,0,0,1,26,49913,6,1,6,0,3,3,75,205,0,0,0,0,0,0,0,0,0,0,28,0,0,0,1,2,55,2,1,2,4,0,0,14,10,1,2,2,50,1,0
26,260019,2,2,1,28,1,10,39,12,2,1,0,26,3,84,881,84881,63,1996,1HTSDAAN1TH2,1,H,T,S,D,A,A,N,1,T,H,2,0,T,INTL,490,CC,96,17,,7,2540,1280,40S,D,,0,57,1679611,571679611,3,1,1,1,0,0,0,0,0,0,0,998,0,0,0,12,12,6,2,12,0,0,0,1,26,49930,6,1,0,0,2,0,76,225,1,0,0,0,0,8,2007,8,2007,0,0,0,0,0,1,2,55,3,1,2,4,0,0,14,62,1,1,1,51,0,0
26,260020,1,3,2,13,1,16,30,12,6,1,0,26,5,7,482,7482,31,2004,1D7HU18D64J1,1,D,7,H,U,1,8,D,6,4,J,1,0,T,DODG,SQ1,CW,4,17,,2,1605,1405,RPC,G,,0,0,000000000,00000000000,0,0,0,1,0,0,0,0,0,0,0,998,0,0,0,12,99,6,2,42,0,0,0,1,26,48205,0,0,0,0,0,0,999,999,0,0,0,0,0,0,0,0,0,1,36,37,0,0,2,6,40,1,1,2,1,3,3,1,17,1,1,1,86,2,0