STATE,ST_CASE,VEH_NO,VE_FORMS,NUMOCCS,DAY,MONTH,HOUR,MINUTE,HARM_EV,MAN_COLL,UNITTYPE,HIT_RUN,REG_STAT,OWNER,MAKE,MODEL,MAK_MOD,BODY_TYP,MOD_YEAR,VIN,VIN_1,VIN_2,VIN_3,VIN_4,VIN_5,VIN_6,VIN_7,VIN_8,VIN_9,VIN_10,VIN_11,VIN_12,TOW_VEH,VINTYPE,VINMAKE,VINA_MOD,VIN_BT,VINMODYR,VIN_LNGT,VIN_WGT,WGTCD_TR,WHLBS_LG,WHLBS_SH,SER_TR,FUELCODE,MCYCL_DS,J_KNIFE,MCARR_I1,MCARR_I2,MCARR_ID,GVWR,V_CONFIG,CARGO_BT,HAZ_INV,HAZ_PLAC,HAZ_ID,HAZ_CNO,HAZ_REL,BUS_USE,SPEC_USE,EMER_USE,TRAV_SP,UNDERIDE,ROLLOVER,ROLINLOC,IMPACT1,IMPACT2,DEFORMED,TOWED,M_HARM,VEH_SC1,VEH_SC2,FIRE_EXP,DR_PRES,L_STATE,DR_ZIP,L_STATUS,L_TYPE,CDL_STAT,L_ENDORS,L_COMPL,L_RESTRI,DR_HGT,DR_WGT,PREV_ACC,PREV_SUS,PREV_DWI,PREV_SPD,PREV_OTH,FIRST_MO,FIRST_YR,LAST_MO,LAST_YR,SPEEDREL,DR_SF1,DR_SF2,DR_SF3,DR_SF4,VTRAFWAY,VNUM_LAN,VSPD_LIM,VALIGN,VPROFILE,VPAVETYP,VSURCOND,VTRAFCON,VTCONT_F,P_CRASH1,P_CRASH2,P_CRASH3,PCRASH4,PCRASH5,ACC_TYPE,DEATHS,DR_DRINK
26,260049,1,1,1,28,1,0,35,8,0,1,1,99,9,99,999,99999,99,9999,999999999999,9,9,9,9,9,9,9,9,9,9,9,9,9,U,,,,9,17,,,,,,,,0,99,999999999,99999999999,9,99,99,1,0,0,0,0,99,99,9,999,0,0,0,1,99,9,1,99,99,99,0,1,99,99999,9,9,99,9,9,9,999,999,99,99,99,99,99,99,9999,99,9999,0,0,0,0,0,3,4,55,1,1,2,2,0,0,1,80,99,9,9,13,0,0
26,260050,1,1,1,10,2,22,25,8,0,1,1,26,1,7,472,7472,30,1997,1B7FL26P4VS2,1,B,7,F,L,2,6,P,4,V,S,2,0,T,DODG,DAK,PK,97,17,,1,1239,1119,DAK,G,,0,0,000000000,00000000000,0,0,0,1,0,0,0,0,0,0,0,999,0,0,0,12,12,9,1,8,0,0,0,1,26,48763,6,1,0,0,3,0,71,190,0,0,0,1,0,2,2009,2,2009,0,99,99,99,99,1,2,55,1,8,9,4,0,0,1,80,99,9,9,13,0,1
26,260051,1,1,1,13,2,0,2,24,0,1,0,26,1,63,401,63401,14,2000,KNDJA7231Y56,K,N,D,J,A,7,2,3,1,Y,5,6,0,P,KIA,SPO,UT,0,17,3352,,0,1043,,G,,0,0,000000000,00000000000,0,0,0,1,0,0,0,0,0,0,0,998,0,1,6,2,0,6,2,1,0,0,0,1,26,49855,6,1,0,0,3,0,64,125,0,0,0,0,0,0,0,0,0,0,99,99,99,99,5,4,55,1,1,2,2,0,0,1,13,1,1,4,1,1,0
26,260052,1,1,1,16,2,12,59,42,0,1,0,26,1,49,32,49032,4,2001,2T1BR12E51C4,2,T,1,B,R,1,2,E,5,1,C,4,0,P,TOYT,UCS,4D,1,17,2410,,0,970,,G,,0,0,000000000,00000000000,0,0,0,1,0,0,0,0,0,0,0,998,0,0,0,9,9,6,2,42,0,0,0,1,26,49107,6,1,0,0,3,3,63,142,0,0,0,0,0,0,0,0,0,1,0,0,0,0,1,2,55,1,1,2,3,0,0,1,12,1,1,4,6,1,0
26,260053,1,2,2,1,2,9,33,12,6,1,0,26,1,6,441,6441,20,2009,2A8HR44E09R5,2,A,8,H,R,4,4,E,0,9,R,5,0,P,CHRY,TWC,SV,9,17,4335,,0,1212,,F,,0,0,000000000,00000000000,0,0,0,1,0,0,0,0,0,0,0,98,0,0,0,12,12,6,2,12,0,0,0,1,26,48371,6,1,0,0,3,3,70,174,0,0,0,0,1,10,2009,10,2009,0,39,0,0,0,5,4,55,1,2,1,1,3,3,1,17,1,1,1,69,1,0
26,260053,2,2,1,1,2,9,33,12,6,1,0,26,1,7,43,7043,4,1999,1B3EJ46X2XN5,1,B,3,E,J,4,6,X,2,X,N,5,0,P,DODG,STR,4D,99,17,2857,,0,1080,,G,,0,0,000000000,00000000000,0,0,0,1,0,0,0,0,0,0,0,98,0,0,0,1,1,6,2,12,0,0,0,1,26,48326,6,1,0,0,3,0,68,160,0,0,0,0,0,0,0,0,0,0,0,0,0,0,1,2,99,1,2,1,1,3,3,11,66,1,1,1,68,0,0
26,260054,1,2,1,24,2,7,40,12,6,1,0,26,2,20,19,20019,2,1991,1G1LV13G4MY1,1,G,1,L,V,1,3,G,4,M,Y,1,0,P,CHEV,BER,CP,91,17,2571,,0,1034,,G,,0,0,000000000,00000000000,0,0,0,1,0,0,0,0,0,0,0,998,0,0,0,3,3,6,2,12,0,0,0,1,26,48835,6,1,0,0,3,3,66,135,0,2,0,2,0,4,2008,9,2009,1,28,0,0,0,1,2,55,1,1,2,3,0,0,1,6,1,4,2,64,1,0
26,260054,2,2,3,24,2,7,40,12,6,1,0,26,1,23,481,23481,31,2003,1GTHK24U73Z1,1,G,T,H,K,2,4,U,7,3,Z,1,1,T,GMC,2KH,PK,3,17,,2,0,1330,SIE,G,,1,0,000000000,00000000000,0,0,0,1,0,0,0,0,0,0,0,998,0,0,0,12,12,6,2,12,0,0,0,1,26,48818,6,1,0,0,3,0,70,200,0,0,0,0,0,0,0,0,0,0,0,0,0,0,1,2,55,1,1,2,3,0,0,1,62,7,1,1,65,0,0
26,260055,1,2,1,27,2,20,35,12,6,1,0,0,0,76,734,76734,90,9999,000000000000,0,0,0,0,0,0,0,0,0,0,0,0,0,U,,,,,17,,,,,,,,0,0,000000000,00000000000,0,0,0,1,0,0,0,0,0,0,0,998,0,1,6,3,3,6,2,12,0,0,0,1,26,48001,6,1,6,0,3,0,73,185,0,0,0,0,0,0,0,0,0,0,39,0,0,0,1,2,55,1,1,2,2,20,3,1,17,1,1,1,87,1,1
26,260055,2,2,1,27,2,20,35,12,6,1,0,26,1,7,482,7482,31,2001,3B7HF13Z71G2,3,B,7,H,F,1,3,Z,7,1,G,2,0,T,DODG,Q15,4C,1,17,,2,1547,1387,RPC,G,,0,0,000000000,00000000000,0,0,0,1,0,0,0,0,0,0,0,998,0,0,0,12,12,4,3,12,0,0,0,1,26,48023,6,1,0,0,3,0,70,160,0,0,0,2,0,7,2007,7,2007,0,0,0,0,0,1,2,55,1,1,2,2,0,0,1,66,99,1,1,86,0,1
26,260056,1,1,1,5,2,21,20,30,0,1,0,26,1,18,2,18002,4,1999,1G4HP52K3XH4,1,G,4,H,P,5,2,K,3,X,H,4,0,P,BUIC,LCF,4D,99,17,3443,,0,1108,,G,,0,0,000000000,00000000000,0,0,0,1,0,0,0,0,0,0,0,98,0,0,0,9,9,6,2,30,0,0,0,1,26,49232,6,1,0,0,3,3,65,152,0,0,0,0,0,0,0,0,0,1,0,0,0,0,1,2,55,1,1,2,3,0,0,1,13,1,1,4,1,1,0
26,260057,1,2,1,5,2,6,45,11,0,1,0,26,3,12,881,12881,61,2002,1FDXF47F72EB,1,F,D,X,F,4,7,F,7,2,E,B,0,T,FORD,F4D,CB,2,17,4121,4,2010,1410,DRW,D,,0,99,999999999,99999999999,2,1,96,1,0,0,0,0,0,0,0,98,0,0,0,12,12,6,2,12,0,0,0,1,26,49841,6,1,0,0,2,3,73,210,0,0,0,0,0,0,0,0,0,0,83,0,0,0,1,2,55,1,9,9,1,0,0,1,88,7,1,4,13,0,0
26,260057,2,2,1,5,2,6,45,11,0,1,0,26,1,6,441,6441,20,2005,2C4GP44R85R4,2,C,4,G,P,4,4,R,8,5,R,4,0,P,CHRY,TWC,SV,5,17,4121,4,0,1193,DRW,G,,0,0,000000000,00000000000,0,0,0,1,0,0,0,0,0,0,0,98,0,0,0,12,11,6,2,12,0,0,0,1,26,49880,6,1,0,0,3,0,62,140,0,0,0,0,0,0,0,0,0,0,0,0,0,0,1,2,55,1,9,9,1,0,0,1,62,7,1,1,98,1,0
26,260058,1,3,1,21,2,16,37,12,6,1,0,26,2,22,20,22020,2,1998,1G2WP12K1WF2,1,G,2,W,P,1,2,K,1,W,F,2,0,P,PONT,GPG,CP,98,17,3396,,0,1105,,G,,0,0,000000000,00000000000,0,0,0,1,0,0,0,0,0,0,0,998,0,0,0,12,12,6,2,12,0,0,0,1,26,48219,6,1,0,0,3,0,74,250,2,0,0,1,2,11,2007,5,2009,1,39,0,0,0,5,4,40,1,8,2,1,3,3,1,17,1,1,2,83,1,0
26,260058,2,3,1,21,2,16,37,12,6,1,0,26,1,6,441,6441,20,2008,2A8HR54P68R6,2,A,8,H,R,5,4,P,6,8,R,6,0,P,CHRY,TWC,SV,8,17,4507,,0,1212,,G,,0,0,000000000,00000000000,0,0,0,1,0,0,0,0,0,0,0,998,0,0,0,9,9,6,2,12,0,0,0,1,26,48034,6,1,0,0,3,3,70,220,0,0,0,0,0,0,0,0,0,0,0,0,0,0,5,4,40,1,8,2,1,3,3,11,67,1,1,1,82,1,0
26,260058,3,3,1,21,2,16,37,12,6,1,0,26,1,20,9,20009,2,2010,2G1FF1EV7A91,2,G,1,F,F,1,E,V,7,A,9,1,0,P,CHEV,CLT,CP,10,17,3741,,0,1123,,G,,0,0,000000000,00000000000,0,0,0,1,0,0,0,0,0,0,0,998,0,0,0,82,1,2,1,12,0,0,0,1,26,48315,6,1,0,0,3,3,66,140,0,0,0,0,0,0,0,0,0,0,0,0,0,0,5,4,40,1,8,2,1,3,3,11,65,1,1,1,98,0,0
26,260059,1,1,1,23,2,19,25,11,0,1,0,0,0,37,734,37734,90,2005,1HFTE30055A1,1,H,F,T,E,3,0,0,5,5,A,1,0,M,HOND,T50,AT,5,17,,,,,,,450,0,0,000000000,00000000000,0,0,0,1,0,0,0,0,0,0,0,998,0,0,0,99,99,2,3,11,0,0,0,1,26,49091,1,1,0,0,1,0,70,170,0,3,0,0,0,1,2010,1,2010,0,99,99,99,99,1,2,55,1,8,2,2,0,0,1,87,1,1,3,13,1,0
26,260060,1,1,1,1,3,18,28,34,0,1,0,26,1,20,2,20002,4,2009,2G1WB57K4912,2,G,1,W,B,5,7,K,4,9,1,2,0,P,CHEV,IPL,4D,9,17,3555,,0,1105,,F,,0,0,000000000,00000000000,0,0,0,1,0,0,0,0,0,0,0,998,0,0,0,11,11,6,2,42,0,0,0,1,26,49319,6,1,6,0,3,0,72,210,1,0,0,1,1,9,2007,2,2009,0,99,99,99,99,1,2,55,1,1,2,1,0,0,1,13,1,1,4,1,1,1
26,260061,1,1,1,5,2,22,30,42,0,1,0,0,0,98,998,98998,91,2009,2BPSMP9A49V0,2,B,P,S,M,P,9,A,4,9,V,0,0,U,,,,9,17,,,,,,,,0,0,000000000,00000000000,0,0,0,1,0,0,0,0,0,0,0,98,0,0,0,12,12,6,2,42,0,0,0,1,26,48066,6,1,0,0,3,0,70,280,1,0,0,0,0,9,2008,9,2008,1,0,0,0,0,1,2,55,1,1,2,3,20,3,1,14,1,1,4,14,1,1
26,260062,1,1,1,7,3,23,14,8,0,1,0,26,1,7,472,7472,30,2008,1D7HW58N68S6,1,D,7,H,W,5,8,N,6,8,S,6,0,T,DODG,QLR,CW,8,17,,2,0,1313,DAK,G,,0,0,000000000,00000000000,0,0,0,1,0,0,0,0,0,0,0,998,0,0,0,12,12,2,3,8,0,0,0,1,26,49401,6,1,0,0,3,0,69,155,0,0,0,0,0,0,0,0,0,0,0,0,0,0,1,4,45,2,1,1,1,0,0,14,80,1,1,1,13,0,0
26,260063,1,3,1,9,2,9,3,12,7,1,0,26,1,34,34,34034,4,2000,WBAAN3347YNC,W,B,A,A,N,3,3,4,7,Y,N,C,0,P,BMW,3I2,4D,0,17,3153,,0,1073,,G,,0,0,000000000,00000000000,0,0,0,1,0,0,0,0,0,0,0,98,0,0,0,3,12,6,2,12,0,0,0,1,26,48197,6,1,0,0,3,0,70,175,1,0,0,0,1,8,2009,8,2009,1,0,0,0,0,2,3,70,1,1,2,3,0,0,1,11,1,1,2,44,0,0
26,260063,2,3,1,9,2,9,3,12,7,1,0,26,1,12,37,12037,4,2000,1FAFP36P8YW2,1,F,A,F,P,3,6,P,8,Y,W,2,0,P,FORD,FSC,SW,0,17,2717,,0,1030,,G,,0,0,000000000,00000000000,0,0,0,1,0,0,0,0,0,0,0,98,0,0,0,10,9,6,2,12,0,0,0,1,26,48197,6,1,0,0,3,3,66,140,0,0,0,1,0,1,2009,1,2009,0,0,0,0,0,2,3,70,1,1,2,3,0,0,1,60,1,1,1,45,1,0
26,260063,3,3,1,9,2,9,3,12,7,1,0,26,3,86,881,86881,63,2003,1M2AG11C13M0,1,M,2,A,G,1,1,C,1,3,M,0,0,T,MACK,CV7,TM,3,17,,8,0,0,700,D,,0,26,000486983,26000486983,3,2,4,1,0,0,0,0,0,0,0,98,0,0,0,12,12,2,1,12,0,0,0,1,26,48836,6,1,6,0,3,0,73,260,1,0,0,2,0,3,2008,6,2008,0,0,0,0,0,2,3,70,1,1,2,3,0,0,1,64,1,1,1,98,0,0
26,260064,1,2,1,9,2,14,3,12,6,1,0,26,1,21,21,21021,2,2000,1G3NK12T2YC3,1,G,3,N,K,1,2,T,2,Y,C,3,0,P,OLDS,AGX,CP,0,17,2958,,0,1070,,G,,0,0,000000000,00000000000,0,0,0,1,0,0,0,0,0,0,0,98,0,0,0,3,3,6,2,12,0,0,0,1,26,48220,6,1,0,0,3,0,62,145,0,0,0,1,0,11,2008,11,2008,1,0,0,0,0,1,2,55,1,1,2,3,0,0,1,10,1,4,2,64,1,0
26,260064,2,2,1,9,2,14,3,12,6,1,0,26,4,84,881,84881,62,2005,1HTMMAAL15H1,1,H,T,M,M,A,A,L,1,5,H,1,0,T,INTL,430,CC,5,17,,6,0,0,40S,D,,0,57,1619099,571619099,2,1,1,1,0,0,0,0,0,0,0,98,0,0,0,12,12,6,2,12,0,0,0,1,26,48071,6,1,0,0,3,0,76,220,0,0,0,0,0,0,0,0,0,0,0,0,0,0,1,2,55,1,1,2,3,0,0,1,62,2,1,1,65,0,0
26,260065,1,2,1,9,2,9,56,12,1,1,0,26,2,84,881,84881,66,2000,2HSCKASR8YC0,2,H,S,C,K,A,S,R,8,Y,C,0,1,T,INTL,99X,DS,0,17,,8,0,0,990,D,,3,57,509353,57509353,3,6,1,1,0,0,0,0,0,0,0,98,0,0,0,12,12,6,2,12,0,0,0,1,26,48880,6,1,6,0,3,0,65,150,0,0,0,0,0,0,0,0,0,0,0,0,0,0,2,3,70,1,1,1,3,0,0,1,62,1,1,1,98,0,0
26,260065,2,2,1,9,2,9,56,12,1,1,0,26,1,37,31,37031,4,2002,1HGES165X2L0,1,H,G,E,S,1,6,5,X,2,L,0,0,P,HOND,UCL,4D,2,17,2515,,0,1031,,G,,0,0,000000000,00000000000,0,0,0,1,0,0,0,0,0,0,0,98,0,0,0,6,99,6,2,12,0,0,0,1,26,49006,6,1,0,0,3,0,62,170,0,0,0,0,0,0,0,0,0,1,0,0,0,0,2,3,70,1,1,1,3,0,0,1,12,1,4,7,98,1,0
26,260066,1,2,1,9,2,15,51,12,2,1,0,26,2,12,471,12471,30,1999,1FTZR15V0XPA,1,F,T,Z,R,1,5,V,0,X,P,A,0,T,FORD,RNS,PS,99,17,,1,0,1259,RNG,F,,0,0,000000000,00000000000,0,0,0,1,0,0,0,0,0,0,0,98,0,0,0,12,12,6,2,12,0,0,0,1,26,48858,6,1,0,0,3,3,67,115,0,0,0,0,0,0,0,0,0,1,0,0,0,0,5,4,55,1,1,2,3,0,0,1,10,1,4,2,51,1,0
26,260066,2,2,2,9,2,15,51,12,2,1,0,26,1,23,481,23481,31,1999,1GTEK19T4XE5,1,G,T,E,K,1,9,T,4,X,E,5,0,T,GMC,NK1,3C,99,17,,2,1575,1435,SIE,G,,0,0,000000000,00000000000,0,0,0,1,0,0,0,0,0,0,0,98,0,0,0,12,12,6,2,12,0,0,0,1,26,48657,6,1,6,0,3,0,69,190,0,0,0,0,0,0,0,0,0,0,0,0,0,0,5,4,55,1,1,2,3,0,0,1,62,1,1,1,50,0,0
26,260067,1,2,1,13,2,15,32,12,6,1,0,26,1,2,404,2404,14,1996,1J4FJ68S5TL1,1,J,4,F,J,6,8,S,5,T,L,1,0,T,JEEP,SPC,4W,96,17,,1,0,1014,CHK,G,,0,0,000000000,00000000000,0,0,0,1,0,0,0,0,0,0,0,98,0,0,0,12,12,6,2,12,0,0,0,1,26,49715,6,1,0,0,3,0,62,140,0,0,0,0,0,0,0,0,0,0,0,0,0,0,1,2,55,1,1,2,1,20,3,1,66,1,1,1,86,0,0
26,260067,2,2,2,13,2,15,32,12,6,1,0,97,1,98,998,98998,91,2007,4UF07SNW57T1,4,U,F,0,7,S,N,W,5,7,T,1,0,U,,,,7,17,,,,,,,,0,0,000000000,00000000000,0,0,0,1,0,0,0,0,0,0,0,98,0,0,0,3,3,6,2,12,0,0,0,1,97,99999,9,9,99,9,9,9,999,999,99,99,99,99,99,99,9999,99,9999,0,0,0,0,0,0,0,0,0,0,0,0,20,3,1,17,1,1,1,87,1,0
26,260068,1,3,1,8,2,14,17,12,1,1,0,26,2,24,401,24401,14,2008,3GSCL33P78S6,3,G,S,C,L,3,3,P,7,8,S,6,0,P,STRN,VUE,UT,8,17,3825,,0,1066,,G,,0,0,000000000,00000000000,0,0,0,1,0,0,0,0,0,0,0,998,0,0,0,12,12,6,2,12,0,0,0,1,26,48021,6,1,0,0,3,3,65,165,0,0,0,0,0,0,0,0,0,0,26,0,0,0,2,3,40,1,1,1,1,3,3,11,50,1,1,1,20,1,0
26,260068,2,3,1,8,2,14,17,12,1,1,0,26,2,21,441,21441,20,1998,1GHDX03E6WD1,1,G,H,D,X,0,3,E,6,W,D,1,0,T,OLDS,SIL,ES,98,17,,1,0,1200,SIL,G,,0,0,000000000,00000000000,0,0,0,1,0,0,0,0,0,0,0,0,0,0,0,6,12,6,2,12,0,0,0,1,26,48080,6,1,0,0,3,0,65,140,0,0,0,0,0,0,0,0,0,0,0,0,0,0,2,3,40,1,1,1,1,3,3,5,55,1,1,1,21,0,0
26,260068,3,3,1,8,2,14,17,12,1,1,0,26,3,12,884,12884,62,2008,1FD4F46Y68EB,1,F,D,4,F,4,6,Y,6,8,E,B,0,T,FORD,F4D,CB,8,17,,4,2010,1410,DRW,G,,0,57,309641,57309641,2,1,1,1,0,0,0,0,0,0,0,0,0,0,0,6,6,2,1,12,0,0,0,1,26,48054,6,1,6,0,3,0,70,175,0,0,0,0,0,0,0,0,0,0,0,0,0,0,2,3,40,1,1,1,1,3,3,5,55,1,1,1,98,0,0
26,260069,1,1,1,8,2,8,10,9,0,1,0,26,2,23,471,23471,30,1998,1GTCS194XW85,1,G,T,C,S,1,9,4,X,W,8,5,0,T,GMC,SON,PC,98,17,,1,0,1229,SON,G,,0,0,000000000,00000000000,0,0,0,1,0,0,0,0,0,0,0,998,0,0,0,12,12,2,1,9,0,0,0,1,26,48060,6,1,0,0,3,0,73,235,1,0,0,0,0,5,2007,5,2007,0,38,0,0,0,1,4,25,1,8,8,1,3,3,11,83,1,1,1,13,0,0
26,260070,1,2,4,22,2,15,50,12,2,1,0,26,1,22,16,22016,2,1996,1G2JB1245T75,1,G,2,J,B,1,2,4,5,T,7,5,0,P,PONT,SFS,CP,96,17,2611,,0,1041,,G,,0,0,000000000,00000000000,0,0,0,1,0,0,0,0,0,0,0,98,0,0,0,12,12,6,2,12,0,0,0,1,26,48602,6,7,0,0,3,0,70,190,0,0,0,0,0,0,0,0,0,0,28,0,0,0,1,2,55,1,1,2,10,0,0,1,10,1,4,2,50,1,0
26,260070,2,2,1,22,2,15,50,12,2,1,0,26,1,23,472,23472,30,2007,1GKDT13S6721,1,G,K,D,T,1,3,S,6,7,2,1,0,T,GMC,ENV,4W,7,17,,1,0,1130,ENV,G,,0,0,000000000,00000000000,0,0,0,1,0,0,0,0,0,0,0,98,0,0,0,12,12,6,2,12,0,0,0,1,26,48734,6,1,0,0,3,3,68,135,0,0,0,0,0,0,0,0,0,0,0,0,0,0,1,2,55,1,1,2,10,0,0,1,62,1,1,1,51,0,0
26,260071,1,2,1,27,2,6,30,12,6,1,0,26,1,18,7,18007,4,2003,2G4WS52JX312,2,G,4,W,S,5,2,J,X,3,1,2,0,P,BUIC,CCU,4D,3,17,3368,,0,1090,,G,,0,0,000000000,00000000000,0,0,0,1,0,0,0,0,0,0,0,98,0,0,0,9,9,6,2,12,0,0,0,1,26,48723,6,1,0,0,3,0,67,151,0,0,0,1,0,6,2007,6,2007,0,38,0,0,0,1,2,99,1,9,9,2,99,9,11,15,1,1,2,82,1,0
26,260071,2,2,1,27,2,6,30,12,6,1,0,26,2,20,471,20471,30,1994,1GCCS14Z3RK1,1,G,C,C,S,1,4,Z,3,R,K,1,0,T,CHEV,S14,PK,94,17,,1,1179,1083,S,G,,0,0,000000000,00000000000,0,0,0,1,0,0,0,0,0,0,0,98,0,0,0,12,12,6,2,12,0,0,0,1,26,48744,6,1,0,0,3,0,57,111,0,0,0,0,1,4,2007,4,2007,0,0,0,0,0,1,2,55,1,9,9,2,20,3,1,10,6,1,2,83,0,0
26,260072,1,2,1,27,1,15,1,12,6,1,0,26,2,12,17,12017,4,2007,1FAFP53U07A1,1,F,A,F,P,5,3,U,0,7,A,1,0,P,FORD,TSE,4D,7,17,3307,,0,1085,,G,,0,0,000000000,00000000000,0,0,0,1,0,0,0,0,0,0,0,98,0,0,0,12,12,2,9,12,0,0,0,1,26,48043,6,1,0,0,3,0,71,197,0,0,0,0,0,0,0,0,0,0,39,0,0,0,2,3,35,1,1,2,1,3,3,1,66,2,1,1,88,0,0
26,260072,2,2,2,27,1,15,1,12,6,1,0,26,1,6,43,6043,4,1997,4C3AU52N9VE1,4,C,3,A,U,5,2,N,9,V,E,1,0,P,CHRY,SLI,2P,97,17,3086,,0,1037,,G,,0,0,000000000,00000000000,0,0,0,1,0,0,0,0,0,0,0,98,0,0,0,9,9,6,2,12,0,0,0,1,26,48036,6,1,0,0,3,0,67,130,0,0,0,0,0,0,0,0,0,0,0,0,0,0,1,2,99,1,1,2,1,3,3,1,17,1,1,1,89,1,0
26,260073,1,1,1,2,2,9,26,34,0,1,0,26,1,41,50,41050,4,2007,1YVHP80C075M,1,Y,V,H,P,8,0,C,0,7,5,M,0,P,MAZD,M6I,4D,7,17,0,,0,1053,,G,,0,0,000000000,00000000000,0,0,0,1,0,0,0,0,0,0,0,98,0,1,6,12,0,6,2,1,0,0,0,1,26,48438,6,1,0,0,3,0,64,140,0,0,0,0,0,0,0,0,0,1,0,0,0,0,1,2,55,1,1,2,3,0,0,1,13,1,1,4,1,1,0
26,260074,1,2,1,28,2,23,57,12,2,1,0,26,3,12,481,12481,31,2009,1FTRX12849KB,1,F,T,R,X,1,2,8,4,9,K,B,0,T,FORD,F15,4C,9,17,,2,1630,1330,COF,G,,0,0,000000000,00000000000,0,0,0,1,0,0,0,0,0,0,0,98,0,0,0,12,12,6,2,12,0,0,0,1,26,48071,6,1,0,0,3,0,70,220,0,0,0,0,0,0,0,0,0,0,28,0,0,0,5,2,55,1,1,2,1,0,0,1,10,1,1,2,50,0,1
26,260074,2,2,2,28,2,23,57,12,2,1,0,26,2,2,404,2404,14,1993,1J4GZ78Y7PC6,1,J,4,G,Z,7,8,Y,7,P,C,6,0,T,JEEP,LMT,4W,93,17,,1,0,1059,GCK,G,,0,0,000000000,00000000000,0,0,0,1,0,0,0,0,0,0,0,98,0,0,0,12,11,6,2,12,0,0,0,1,26,48346,1,1,0,0,2,0,69,210,0,1,0,0,0,3,2009,3,2009,0,0,0,0,0,5,2,99,1,1,2,1,0,0,1,62,1,1,1,51,1,0
26,260075,1,2,2,10,2,15,39,12,6,1,0,26,2,12,13,12013,4,1997,1FALP13P6VW1,1,F,A,L,P,1,3,P,6,V,W,1,0,P,FORD,EST,4D,97,17,2503,,0,984,,G,,0,0,000000000,00000000000,0,0,0,1,0,0,0,0,0,0,0,98,0,0,0,3,3,6,2,12,0,0,0,1,26,49614,6,1,0,0,3,0,66,170,0,0,0,0,0,0,0,0,0,1,0,0,0,0,1,2,55,1,1,2,3,0,0,1,10,4,4,2,64,2,0
26,260075,2,2,1,10,2,15,39,12,6,1,0,26,1,12,481,12481,31,2008,1FTPW14VX8FB,1,F,T,P,W,1,4,V,X,8,F,B,0,T,FORD,F1S,CW,8,17,,2,1500,1390,COF,F,,0,0,000000000,00000000000,0,0,0,1,0,0,0,0,0,0,0,98,0,0,0,12,12,6,2,12,0,0,0,1,26,49645,6,1,6,0,3,0,70,200,0,0,0,1,1,5,2007,11,2009,0,0,0,0,0,1,2,55,1,1,2,3,0,0,1,62,7,1,1,65,0,0
26,260076,1,2,1,22,2,16,25,12,9,1,0,26,2,20,37,20037,4,2007,1G1ZS58F67F1,1,G,1,Z,S,5,8,F,6,7,F,1,0,P,CHEV,M/L,4D,7,17,3122,,0,1063,,G,,0,0,000000000,00000000000,0,0,0,1,0,0,0,0,0,0,0,98,0,0,0,11,9,6,2,12,0,0,0,1,26,48048,6,1,0,0,3,3,70,190,1,0,0,0,1,6,2007,6,2007,1,0,0,0,0,3,3,70,1,2,2,2,0,0,2,52,4,1,1,32,1,0
26,260076,2,2,1,22,2,16,25,12,9,1,0,26,4,82,881,82881,63,2006,1FVACXDC46HW,1,F,V,A,C,X,D,C,4,6,H,W,0,T,FRHT,16M,CC,6,17,,7,0,0,FM2,D,,0,57,00211051,5700211051,3,1,1,1,0,0,0,0,0,0,0,98,0,0,0,6,6,4,3,12,0,0,0,1,26,49272,6,1,6,0,3,3,72,190,0,0,0,1,0,2,2009,2,2009,0,0,0,0,0,3,3,70,1,2,2,2,0,0,2,18,4,4,2,32,0,0
26,260077,1,2,1,6,1,7,50,12,6,1,0,26,1,7,472,7472,30,1993,1B7FL26X7PS1,1,B,7,F,L,2,6,X,7,P,S,1,0,T,DODG,DAK,PK,93,17,,1,1239,1119,DAK,G,,0,0,000000000,00000000000,0,0,0,1,0,0,0,0,0,0,0,998,0,0,0,3,3,6,2,12,0,0,0,1,26,49331,6,1,0,0,3,0,78,190,0,0,0,0,0,0,0,0,0,1,28,0,0,0,1,2,55,1,2,2,4,0,0,1,10,1,4,2,64,0,0
26,260077,2,2,1,6,1,7,50,12,6,1,0,26,1,22,18,22018,4,1993,1G2NW54N2PC7,1,G,2,N,W,5,4,N,2,P,C,7,0,P,PONT,GAG,4D,93,17,0,,0,1034,,G,,0,0,000000000,00000000000,0,0,0,1,0,0,0,0,0,0,0,998,0,0,0,12,12,6,2,12,0,0,0,1,26,48809,6,1,0,0,3,0,72,160,0,0,0,0,0,0,0,0,0,0,0,0,0,0,1,2,55,1,2,2,4,0,0,1,62,1,1,1,65,1,0
26,260078,1,1,1,18,1,14,0,24,0,1,0,93,3,82,881,82881,66,2007,1FUJBBCK47LV,1,F,U,J,B,B,C,K,4,7,L,V,1,T,FRHT,ST2,DS,7,17,,8,0,0,CON,D,,1,57,073705,57073705,3,6,1,1,0,0,0,0,0,0,0,998,0,1,5,82,98,6,2,24,0,0,0,1,12,33510,6,1,6,0,3,3,77,999,0,0,0,0,1,12,2008,12,2008,0,99,99,99,99,2,2,60,1,1,2,1,0,0,1,13,1,1,4,1,1,0
26,260079,1,2,1,22,2,5,30,12,6,1,0,26,1,14,443,14443,20,1997,4M2DV111XVDJ,4,M,2,D,V,1,1,1,X,V,D,J,0,P,MERC,VLR,SV,97,17,0,,0,1122,,G,,0,0,000000000,00000000000,0,0,0,1,0,0,0,0,0,0,0,98,0,0,0,3,3,6,2,12,0,0,0,1,26,48141,6,1,0,0,3,3,62,155,0,0,0,1,0,3,2009,3,2009,1,0,0,0,0,5,4,40,1,1,1,4,0,0,1,10,1,4,2,64,1,0