STATE,ST_CASE,VEH_NO,VE_FORMS,NUMOCCS,DAY,MONTH,HOUR,MINUTE,HARM_EV,MAN_COLL,UNITTYPE,HIT_RUN,REG_STAT,OWNER,MAKE,MODEL,MAK_MOD,BODY_TYP,MOD_YEAR,VIN,VIN_1,VIN_2,VIN_3,VIN_4,VIN_5,VIN_6,VIN_7,VIN_8,VIN_9,VIN_10,VIN_11,VIN_12,TOW_VEH,VINTYPE,VINMAKE,VINA_MOD,VIN_BT,VINMODYR,VIN_LNGT,VIN_WGT,WGTCD_TR,WHLBS_LG,WHLBS_SH,SER_TR,FUELCODE,MCYCL_DS,J_KNIFE,MCARR_I1,MCARR_I2,MCARR_ID,GVWR,V_CONFIG,CARGO_BT,HAZ_INV,HAZ_PLAC,HAZ_ID,HAZ_CNO,HAZ_REL,BUS_USE,SPEC_USE,EMER_USE,TRAV_SP,UNDERIDE,ROLLOVER,ROLINLOC,IMPACT1,IMPACT2,DEFORMED,TOWED,M_HARM,VEH_SC1,VEH_SC2,FIRE_EXP,DR_PRES,L_STATE,DR_ZIP,L_STATUS,L_TYPE,CDL_STAT,L_ENDORS,L_COMPL,L_RESTRI,DR_HGT,DR_WGT,PREV_ACC,PREV_SUS,PREV_DWI,PREV_SPD,PREV_OTH,FIRST_MO,FIRST_YR,LAST_MO,LAST_YR,SPEEDREL,DR_SF1,DR_SF2,DR_SF3,DR_SF4,VTRAFWAY,VNUM_LAN,VSPD_LIM,VALIGN,VPROFILE,VPAVETYP,VSURCOND,VTRAFCON,VTCONT_F,P_CRASH1,P_CRASH2,P_CRASH3,PCRASH4,PCRASH5,ACC_TYPE,DEATHS,DR_DRINK
26,260356,1,3,1,7,7,12,48,12,2,1,0,26,2,20,19,20019,4,1996,1G1LD55M0TY2,1,G,1,L,D,5,5,M,0,T,Y,2,0,P,CHEV,CSA,4D,96,17,2745,,0,1034,,G,,0,0,000000000,00000000000,0,0,0,1,0,0,0,0,0,0,0,98,0,0,0,12,12,6,2,12,0,0,0,1,26,49022,1,1,0,0,2,0,65,220,0,8,1,0,2,10,2008,5,2010,0,28,0,0,0,1,2,45,1,1,2,1,0,0,1,10,1,1,2,50,0,0
26,260356,2,3,1,7,7,12,48,12,2,1,0,26,9,37,706,37706,80,1994,1HFSC2237RA6,1,H,F,S,C,2,2,3,7,R,A,6,0,M,HOND,G1E,RS,94,17,,,,,,,1500,0,0,000000000,00000000000,0,0,0,1,0,0,0,0,0,0,0,98,0,0,0,12,12,6,2,12,0,0,0,1,26,49120,6,1,0,0,3,0,76,260,0,0,0,0,0,0,0,0,0,0,0,0,0,0,1,2,45,1,1,2,1,0,0,1,62,1,1,1,51,1,0
26,260356,3,3,1,7,7,12,48,12,2,1,0,26,1,73,706,73706,80,2001,JKBVNAR111A0,J,K,B,V,N,A,R,1,1,1,A,0,0,M,KAWK,V5R,RS,1,17,,,,,,,1500,0,0,000000000,00000000000,0,0,0,1,0,0,0,0,0,0,0,98,0,0,0,12,12,6,2,12,0,0,0,1,26,49047,6,1,0,0,3,3,72,230,0,0,0,0,0,0,0,0,0,0,0,0,0,0,1,2,45,1,1,2,1,0,0,1,54,1,1,1,98,1,0
26,260357,1,3,2,7,7,15,30,12,7,1,0,26,1,77,706,77706,80,2008,5VPSD36D5830,5,V,P,S,D,3,6,D,5,8,3,0,0,M,VCTY,VIS,RS,8,17,,,,,,,1731,0,0,000000000,00000000000,0,0,0,1,0,0,0,0,0,0,0,98,0,0,0,7,7,6,2,43,0,0,0,1,26,48240,6,1,0,0,3,0,69,200,0,0,0,0,0,0,0,0,0,0,83,0,0,0,1,2,55,1,2,2,2,0,0,2,10,1,1,1,45,0,0
26,260357,2,3,1,7,7,15,30,12,7,1,0,26,1,34,706,34706,80,2003,WB10555A53ZD,W,B,1,0,5,5,5,A,5,3,Z,D,0,M,BMW,K1T,RS,3,17,,,,,,,1171,0,0,000000000,00000000000,0,0,0,1,0,0,0,0,0,0,0,98,0,0,0,61,12,6,2,12,0,0,0,1,26,48240,6,1,0,0,3,0,70,270,1,0,0,0,0,8,2008,8,2008,0,83,0,0,0,1,2,55,1,2,2,2,0,0,2,52,1,1,1,44,1,1
26,260357,3,3,3,7,7,15,30,12,7,1,0,26,2,13,421,13421,15,2008,5LMFU285X8LJ,5,L,M,F,U,2,8,5,X,8,L,J,0,P,LINC,NAV,UT,8,17,6070,,0,1190,,G,,0,0,000000000,00000000000,0,0,0,1,0,0,0,0,0,0,0,98,0,0,0,12,12,6,2,12,0,0,0,1,26,48048,6,1,0,0,3,0,70,210,1,0,0,0,1,5,2009,5,2009,0,0,0,0,0,1,2,55,1,2,2,2,0,0,1,62,1,1,1,98,0,0
26,260358,1,2,1,7,7,21,35,11,0,1,0,26,1,72,706,72706,80,2009,1HD1FS4119Y6,1,H,D,1,F,S,4,1,1,9,Y,6,0,M,HD,LTR,RS,9,17,,,,,,,1584,0,0,000000000,00000000000,0,0,0,1,0,0,0,0,0,0,0,98,0,0,0,12,0,6,2,11,0,0,0,1,26,48729,6,1,6,0,3,3,72,195,0,0,0,0,0,0,0,0,0,0,83,0,0,0,1,2,55,1,1,2,1,0,0,1,87,1,1,1,13,1,0
26,260358,2,2,1,7,7,21,35,11,0,1,0,26,1,72,706,72706,80,2009,1HD1KB4139Y6,1,H,D,1,K,B,4,1,3,9,Y,6,0,M,HD,FHX,RS,9,17,,,,,,,1584,0,0,000000000,00000000000,0,0,0,1,0,0,0,0,0,0,0,98,0,0,0,1,99,6,2,38,0,0,0,1,26,48729,6,1,0,0,3,3,65,125,0,0,0,0,0,0,0,0,0,0,83,0,0,0,1,2,55,1,1,2,1,0,0,1,87,4,1,4,98,0,0
26,260359,1,1,1,8,7,0,3,8,0,1,0,26,2,20,461,20461,21,1999,1GBFG15R6X11,1,G,B,F,G,1,5,R,6,X,1,1,0,T,CHEV,E/1,IC,99,17,,2,0,1350,E/X,G,,0,0,000000000,00000000000,0,0,0,1,0,0,0,0,0,0,0,98,0,0,0,4,4,0,1,8,0,0,0,1,26,48462,6,1,0,0,3,0,70,285,0,0,0,0,0,0,0,0,0,0,0,0,0,0,1,2,25,1,1,1,1,0,0,1,80,1,1,1,13,0,0
26,260360,1,3,4,9,7,9,16,12,7,1,0,26,1,20,421,20421,15,2004,1GNEK13ZX4J1,1,G,N,E,K,1,3,Z,X,4,J,1,0,P,CHEV,KTA,UT,4,17,5050,,0,1160,,F,,0,0,000000000,00000000000,0,0,0,1,0,0,0,0,0,0,0,98,0,1,6,3,0,6,2,1,0,0,0,1,26,48612,6,1,0,0,3,0,65,150,0,0,0,0,0,0,0,0,0,0,28,0,0,0,3,3,60,1,1,2,1,0,0,1,99,1,1,3,44,1,0
26,260360,2,3,1,9,7,9,16,12,7,1,0,26,1,24,1,24001,4,1998,1G8ZK5275WZ1,1,G,8,Z,K,5,2,7,5,W,Z,1,0,P,STRN,SL2,4D,98,17,2422,,0,1024,,G,,0,0,000000000,00000000000,0,0,0,1,0,0,0,0,0,0,0,98,0,0,0,9,11,6,2,12,0,0,0,1,26,48706,6,1,0,0,3,0,69,190,2,0,0,2,0,11,2009,5,2010,0,99,99,99,99,3,3,60,1,1,2,1,0,0,1,99,1,1,3,45,0,0
26,260360,3,3,1,9,7,9,16,12,7,1,0,26,2,20,481,20481,31,2009,1GCHK53KX9F1,1,G,C,H,K,5,3,K,X,9,F,1,0,T,CHEV,2K2,CW,9,17,,2,1670,1530,SIL,G,,0,0,000000000,00000000000,0,0,0,1,0,0,0,0,0,0,0,98,0,0,0,3,3,6,2,12,0,0,0,1,26,48706,6,1,0,0,3,0,76,215,0,0,0,0,0,0,0,0,0,0,0,0,0,0,3,3,60,1,1,2,1,0,0,1,60,1,1,1,98,0,0
26,260361,1,2,1,9,7,15,43,12,1,1,0,26,1,7,482,7482,31,2010,3D7TT2CT9AG1,3,D,7,T,T,2,C,T,9,A,G,1,0,T,DODG,250,CW,10,17,,2,1690,1490,RPC,G,,0,0,000000000,00000000000,0,0,0,1,0,0,0,0,0,0,0,98,0,0,0,6,6,4,1,12,0,0,0,1,26,48114,6,1,0,0,3,3,75,205,1,0,0,1,0,3,2009,6,2009,0,26,0,0,0,2,2,70,1,1,1,1,0,0,1,53,1,1,1,25,0,0
26,260361,2,2,2,9,7,15,43,12,1,1,0,26,1,72,706,72706,80,2003,1HD1FCW453Y6,1,H,D,1,F,C,W,4,5,3,Y,6,0,M,HD,FUA,RS,3,17,,,,,,,1450,0,0,000000000,00000000000,0,0,0,1,0,0,0,0,0,0,0,98,0,0,0,12,12,6,2,12,0,0,0,1,26,48438,6,1,0,0,3,0,70,210,0,0,0,0,0,0,0,0,0,0,26,0,0,0,2,2,70,1,1,1,1,0,0,15,11,1,1,1,24,2,0
26,260362,1,1,1,9,7,21,57,8,0,1,0,26,1,24,1,24001,4,1996,1G8ZK5273TZ2,1,G,8,Z,K,5,2,7,3,T,Z,2,0,P,STRN,SL2,4D,96,17,2350,,0,1024,,G,,0,0,000000000,00000000000,0,0,0,1,0,0,0,0,0,0,0,98,0,0,0,12,12,2,3,8,0,0,0,1,26,48640,6,1,0,0,3,3,70,150,0,0,0,2,0,12,2008,5,2010,0,0,0,0,0,5,4,55,1,1,2,1,0,0,1,80,6,1,2,13,0,0
26,260363,1,2,1,10,7,18,22,12,6,1,0,26,3,12,481,12481,31,2001,1FTNW21F11EB,1,F,T,N,W,2,1,F,1,1,E,B,0,T,FORD,F2S,CW,1,17,,2,1724,1562,SRW,D,,0,0,000000000,00000000000,0,0,0,1,0,0,0,0,0,0,0,98,0,0,0,11,11,6,2,12,0,0,0,1,26,48746,6,1,0,0,3,0,71,140,0,1,0,1,0,4,2008,9,2009,0,38,0,0,0,5,2,55,1,1,1,1,0,0,11,54,1,1,7,82,0,0
26,260363,2,2,1,10,7,18,22,12,6,1,0,26,1,53,706,53706,80,2009,JS1VY53A1921,J,S,1,V,Y,5,3,A,1,9,2,1,0,M,SUZI,ZR8,RS,9,17,,,,,,,1783,0,0,000000000,00000000000,0,0,0,1,0,0,0,0,0,0,0,98,0,0,0,12,12,6,2,12,0,0,0,1,26,48446,6,1,0,0,3,3,70,185,0,0,0,1,0,3,2009,3,2009,0,0,0,0,0,5,2,55,1,1,1,1,0,0,1,72,1,1,1,83,1,0
26,260364,1,2,1,10,7,20,37,12,2,1,0,26,1,24,1,24001,4,2000,1G8ZH5285YZ2,1,G,8,Z,H,5,2,8,5,Y,Z,2,0,P,STRN,SL1,4D,0,17,2332,,0,1024,,G,,0,0,000000000,00000000000,0,0,0,1,0,0,0,0,0,0,0,98,0,0,0,12,12,6,2,12,0,0,0,1,26,48838,6,1,0,0,3,3,72,185,0,0,0,0,0,0,0,0,0,0,99,99,99,99,1,2,55,2,2,2,1,0,0,14,63,1,1,1,50,1,0
26,260364,2,2,2,10,7,20,37,12,2,1,0,26,1,14,17,14017,4,1988,1MEBM53U1JG6,1,M,E,B,M,5,3,U,1,J,G,6,0,P,MERC,SLS,4D,88,17,3165,,0,1060,,G,,0,0,000000000,00000000000,0,0,0,1,0,0,0,0,0,0,0,98,0,0,0,12,12,6,2,12,0,0,0,1,26,49331,6,1,0,0,3,3,66,150,0,0,0,0,0,0,0,0,0,0,0,0,0,0,1,2,55,2,2,2,1,0,0,14,10,1,1,6,51,2,0
26,260365,1,1,3,10,7,23,45,8,0,1,0,26,1,7,43,7043,4,1996,1B3EJ46X3TN1,1,B,3,E,J,4,6,X,3,T,N,1,0,P,DODG,STR,4D,96,17,2859,,0,1080,,G,,0,0,000000000,00000000000,0,0,0,1,0,0,0,0,0,0,0,98,0,0,0,1,1,2,3,8,0,0,0,1,26,48889,6,1,0,0,3,0,73,205,0,0,0,3,1,10,2007,2,2010,0,0,0,0,0,1,2,55,1,1,2,1,0,0,1,80,1,1,1,13,0,0
26,260366,1,1,1,13,7,5,0,11,0,1,0,26,1,48,34,48034,4,1998,4S3BD4359W72,4,S,3,B,D,4,3,5,9,W,7,2,0,P,SUBA,ULW,4D,98,17,2885,,0,1035,,G,,0,0,000000000,00000000000,0,0,0,1,0,0,0,0,0,0,0,98,0,0,0,11,99,6,2,11,0,0,0,1,26,49740,6,1,0,0,3,3,64,160,0,0,0,0,0,0,0,0,0,0,0,0,0,0,1,2,55,1,2,2,1,0,0,1,87,1,1,1,13,1,0
26,260367,1,1,1,13,7,10,20,1,0,1,0,6,1,34,706,34706,80,2009,WB10228039ZW,W,B,1,0,2,2,8,0,3,9,Z,W,0,M,BMW,F6G,EN,9,17,,,,,,,798,0,0,000000000,00000000000,0,0,0,1,0,0,0,0,0,0,0,98,0,0,0,0,3,6,2,24,0,0,0,1,97,99999,9,9,99,9,9,9,999,999,99,99,99,99,99,99,9999,99,9999,0,99,99,99,99,6,1,99,1,1,2,1,0,0,1,11,1,1,1,98,1,0
26,260368,1,1,1,14,7,14,55,42,0,1,0,26,2,12,17,12017,4,2003,1FAFP53U33A1,1,F,A,F,P,5,3,U,3,3,A,1,0,P,FORD,TSE,4D,3,17,3336,,0,1085,,G,,0,0,000000000,00000000000,0,0,0,1,0,0,0,0,0,0,0,98,0,0,0,9,9,6,2,42,0,0,0,1,26,48435,6,1,0,0,3,3,67,160,0,0,0,0,0,0,0,0,0,1,0,0,0,0,1,2,55,1,3,4,1,0,0,1,10,1,1,4,6,1,0
26,260369,1,2,1,13,7,10,43,12,2,1,0,26,1,12,16,12016,4,1999,2FAFP74W3XX1,2,F,A,F,P,7,4,W,3,X,X,1,0,P,FORD,CVL,4D,99,17,3917,,0,1147,,G,,0,0,000000000,00000000000,0,0,0,1,0,0,0,0,0,0,0,98,0,0,0,12,12,6,2,12,0,0,0,1,26,48371,6,1,0,0,3,0,60,140,0,0,0,0,0,0,0,0,0,0,28,0,0,0,1,2,50,1,2,2,1,0,0,1,10,1,1,2,50,1,0
26,260369,2,2,2,13,7,10,43,12,2,1,0,26,1,12,471,12471,30,2005,1FTYR44E85PA,1,F,T,Y,R,4,4,E,8,5,P,A,0,T,FORD,RNS,4C,5,17,,1,0,1257,RNG,G,,0,0,000000000,00000000000,0,0,0,1,0,0,0,0,0,0,0,98,0,0,0,12,12,6,2,12,0,0,0,1,26,48371,6,1,0,0,3,3,70,245,0,0,0,0,0,0,0,0,0,0,0,0,0,0,1,2,50,1,2,2,1,0,0,1,62,6,1,3,51,0,0
26,260370,1,1,1,15,7,17,34,1,0,1,0,26,9,18,402,18402,14,2004,5GADT13S7423,5,G,A,D,T,1,3,S,7,4,2,3,0,P,BUIC,RNR,UT,4,17,4600,,0,1130,,G,,0,0,000000000,00000000000,0,0,0,1,0,0,0,0,0,0,0,98,0,2,6,0,0,6,2,42,0,0,0,1,26,48457,6,1,0,0,3,3,66,200,0,0,0,0,0,0,0,0,0,1,0,0,0,0,1,2,55,1,3,2,2,0,0,1,12,6,7,4,7,1,0
26,260371,1,1,1,19,7,12,45,11,0,1,0,26,1,73,703,73703,80,2007,JKAEXMF147DA,J,K,A,E,X,M,F,1,4,7,D,A,0,M,KAWK,EXF,RS,7,17,,,,,,,248,0,0,000000000,00000000000,0,0,0,1,0,0,0,0,0,0,0,98,0,0,0,12,12,6,2,42,0,0,0,1,26,49026,6,1,0,0,2,3,69,160,0,3,1,0,0,6,2009,1,2010,0,83,0,0,0,1,2,55,1,1,2,1,0,0,1,88,1,1,1,13,1,0
26,260372,1,2,2,20,7,21,36,12,1,1,0,26,2,76,705,76705,80,2001,JYARJ04E61A0,J,Y,A,R,J,0,4,E,6,1,A,0,0,M,YAMA,R6L,RS,1,17,,,,,,,599,0,0,000000000,00000000000,0,0,0,1,0,0,0,0,0,0,0,98,0,0,0,12,12,6,2,12,0,0,0,1,26,48507,6,1,0,0,3,0,77,160,0,14,0,0,1,9,2007,3,2010,1,0,0,0,0,1,5,45,1,1,2,1,0,0,1,52,1,1,9,28,1,0
26,260372,2,2,1,20,7,21,36,12,1,1,0,26,1,20,23,20023,6,2010,3GNBAADB6AS5,3,G,N,B,A,A,D,B,6,A,S,5,0,P,CHEV,HHR,UT,10,17,3155,,0,1035,,F,,0,0,000000000,00000000000,0,0,0,1,0,0,0,0,0,0,0,98,0,0,0,6,6,6,2,12,0,0,0,1,26,48430,6,1,0,0,3,3,65,130,1,0,0,1,0,8,2007,7,2010,0,0,0,0,0,1,5,55,1,1,2,1,0,0,2,53,1,1,9,29,0,1
26,260373,1,2,2,16,7,23,23,12,8,1,0,26,2,12,17,12017,4,2006,1FAFP53U86A2,1,F,A,F,P,5,3,U,8,6,A,2,0,P,FORD,TSE,4D,6,17,3307,,0,1085,,G,,0,0,000000000,00000000000,0,0,0,1,0,0,0,0,0,0,0,98,0,0,0,11,3,6,2,42,0,0,0,1,26,49868,6,1,0,0,3,0,70,220,0,0,0,2,1,5,2008,7,2008,0,28,0,0,0,1,2,55,1,1,2,1,0,0,1,10,1,1,2,64,1,1
26,260373,2,2,4,16,7,23,23,12,8,1,0,26,2,12,21,12021,4,2006,1FAHP25196G1,1,F,A,H,P,2,5,1,9,6,G,1,0,P,FORD,5LM,4D,6,17,3664,,0,1129,,G,,0,0,000000000,00000000000,0,0,0,1,0,0,0,0,0,0,0,98,0,1,6,9,9,6,2,1,0,0,0,1,26,48879,6,1,0,0,3,3,73,230,0,0,0,0,0,0,0,0,0,0,0,0,0,0,1,2,55,1,1,2,1,0,0,1,63,7,1,1,65,0,0
26,260374,1,1,1,6,7,5,33,11,0,1,0,26,1,72,706,72706,80,2009,1HD1FC4109Y6,1,H,D,1,F,C,4,1,0,9,Y,6,0,M,HD,FLU,RS,9,17,,,,,,,1584,0,0,000000000,00000000000,0,0,0,1,0,0,0,0,0,0,0,98,0,0,0,12,99,6,2,11,0,0,0,1,26,49326,6,1,0,0,3,3,72,210,2,0,0,0,0,1,2008,7,2009,0,83,0,0,0,1,2,55,1,1,2,1,0,0,1,87,1,1,1,13,1,0
26,260375,1,2,2,21,7,14,36,12,6,1,0,26,2,12,17,12017,4,1995,1FALP52U2SG2,1,F,A,L,P,5,2,U,2,S,G,2,0,P,FORD,TGS,4D,95,17,3118,,0,1060,,G,,0,0,000000000,00000000000,0,0,0,1,0,0,0,0,0,0,0,98,0,0,0,12,12,6,2,12,0,0,0,1,26,48341,0,0,0,0,0,0,61,110,0,3,0,0,0,6,2009,11,2009,0,39,85,0,0,2,3,35,1,1,1,1,3,3,1,17,1,1,1,86,1,0
26,260375,2,2,1,21,7,14,36,12,6,1,0,26,3,12,881,12881,61,2001,1FDAF56F41EC,1,F,D,A,F,5,6,F,4,1,E,C,0,T,FORD,F5D,CB,1,17,,5,2010,1410,DRW,D,,0,99,999999999,99999999999,2,1,4,1,0,0,0,0,0,0,0,98,0,0,0,3,3,2,1,12,0,0,0,1,26,48340,6,1,0,0,2,0,71,240,1,0,0,0,2,6,2009,7,2009,0,0,0,0,0,5,3,99,1,1,1,1,3,3,1,66,1,1,1,87,0,0
26,260376,1,2,1,22,7,16,42,12,2,1,0,26,1,21,3,21003,4,1998,1G3HC52K6W48,1,G,3,H,C,5,2,K,6,W,4,8,0,P,OLDS,REG,4D,98,17,3501,,0,1108,,G,,0,0,000000000,00000000000,0,0,0,1,0,0,0,0,0,0,0,98,0,0,0,12,12,6,2,12,0,0,0,1,26,49344,6,1,0,0,3,0,67,135,0,0,0,0,0,0,0,0,0,0,0,0,0,0,1,2,55,1,1,2,2,0,0,1,66,6,1,2,90,1,0
26,260376,2,2,5,22,7,16,42,12,2,1,0,26,2,20,20,20020,6,1996,2G1WN52M9T11,2,G,1,W,N,5,2,M,9,T,1,1,0,P,CHEV,LLS,4D,96,17,3372,,0,1075,,G,,0,0,000000000,00000000000,0,0,0,1,0,0,0,0,0,0,0,98,0,0,0,12,12,6,2,12,0,0,0,1,26,49010,6,1,0,0,3,0,62,120,0,0,0,0,0,0,0,0,0,0,36,0,0,0,1,2,55,1,1,2,2,20,3,1,17,4,1,1,90,0,0
26,260377,1,1,1,22,7,4,24,42,0,1,0,26,1,23,481,23481,31,1999,1GTEK19TXXE5,1,G,T,E,K,1,9,T,X,X,E,5,0,T,GMC,NK1,3C,99,17,,2,1575,1435,SIE,G,,0,0,000000000,00000000000,0,0,0,1,0,0,0,0,0,0,0,98,0,0,0,9,9,6,2,42,0,0,0,1,26,49329,6,1,0,0,3,0,73,175,0,0,0,0,0,0,0,0,0,0,99,99,99,99,1,2,55,1,1,2,1,0,0,1,13,1,1,4,1,1,1
26,260378,1,1,5,24,7,0,14,8,0,1,0,26,3,20,999,20999,99,9999,1G1PG5S95B71,1,G,1,P,G,5,S,9,5,B,7,1,0,P,CHEV,CZT,4D,11,17,0,,0,1057,,G,,0,0,000000000,00000000000,0,0,0,1,0,0,0,0,0,0,0,98,0,0,0,1,1,6,2,8,0,0,0,1,26,48306,6,1,0,0,3,0,69,190,0,0,0,1,0,2,2008,2,2008,0,0,0,0,0,1,2,55,1,1,2,1,0,0,1,80,1,1,1,13,0,0
26,260379,1,3,1,24,7,10,45,12,6,1,0,26,1,23,471,23471,30,2002,1GTDT13W72K1,1,G,T,D,T,1,3,W,7,2,K,1,0,T,GMC,SON,CW,2,17,,1,0,1229,SON,G,,0,0,000000000,00000000000,0,0,0,1,0,0,0,0,0,0,0,98,0,0,0,12,12,2,1,12,0,0,0,1,26,49065,6,1,0,0,3,0,74,195,1,0,0,1,0,10,2007,11,2009,0,38,0,0,0,1,2,55,1,3,2,2,0,0,12,10,1,1,2,98,0,0
26,260379,2,3,1,24,7,10,45,12,6,1,0,26,1,12,21,12021,4,2006,1FAFP27126G1,1,F,A,F,P,2,7,1,2,6,G,1,0,P,FORD,5AL,4D,6,17,3814,,0,1129,,G,,0,0,000000000,00000000000,0,0,0,1,0,0,0,0,0,0,0,99,0,0,0,9,9,6,2,12,0,0,0,1,26,49417,6,1,0,0,3,0,68,165,0,0,0,0,0,0,0,0,0,0,0,0,0,0,1,2,55,1,3,2,2,0,0,1,62,1,1,1,98,1,0
26,260379,3,3,3,24,7,10,45,12,6,1,0,26,3,12,881,12881,61,2006,1FDWF37P66ED,1,F,D,W,F,3,7,P,6,6,E,D,0,T,FORD,F3D,CB,6,17,,3,1650,1410,DRW,D,,0,88,888888888,88888888888,2,1,1,1,0,0,0,0,0,6,1,98,0,0,0,12,12,6,2,12,0,0,0,1,26,49067,6,1,0,0,3,0,70,140,1,0,0,0,0,1,2010,1,2010,0,0,0,0,0,1,2,55,1,3,2,2,0,0,1,54,1,1,1,98,0,0
26,260380,1,1,1,24,7,16,15,1,0,1,0,26,2,76,709,76709,80,1979,2F0157334,2,F,0,1,5,7,3,3,4,,,,0,P,,,,,,,,,,,,,0,0,000000000,00000000000,0,0,0,1,0,0,0,0,0,0,0,98,0,0,0,0,1,6,2,43,0,0,0,1,26,49676,1,1,0,0,2,0,69,153,0,0,0,0,0,0,0,0,0,1,28,0,0,0,1,2,55,2,1,4,99,0,0,14,10,1,1,2,98,1,1
26,260381,1,2,1,25,7,14,0,12,2,1,0,26,1,72,706,72706,80,2010,1HD4LE216AC4,1,H,D,4,L,E,2,1,6,A,C,4,0,M,HD,X8N,RS,10,17,,,,,,,883,0,0,000000000,00000000000,0,0,0,1,0,0,0,0,0,0,0,98,0,0,0,12,99,6,2,12,0,0,0,1,26,48849,6,1,0,0,3,0,70,170,0,0,0,0,0,0,0,0,0,0,28,0,0,0,1,2,55,1,1,2,1,0,0,1,10,1,1,2,50,1,0
26,260381,2,2,1,25,7,14,0,12,2,1,0,26,2,20,481,20481,31,2008,2GCEK1335811,2,G,C,E,K,1,3,3,5,8,1,1,0,T,CHEV,SK1,CW,8,17,,2,0,1435,SIL,F,,0,0,000000000,00000000000,0,0,0,1,0,0,0,0,0,0,0,98,0,0,0,12,12,6,2,12,0,0,0,1,26,48813,6,1,0,0,3,0,65,120,0,0,0,0,0,0,0,0,0,0,0,0,0,0,1,2,55,1,1,2,1,0,0,1,62,7,1,1,51,0,0
26,260382,1,1,3,23,7,23,37,42,0,1,0,13,9,20,9,20009,2,1995,2G1FP32P7S21,2,G,1,F,P,3,2,P,7,S,2,1,0,P,CHEV,Z28,CV,95,17,3480,,0,1011,,G,,0,0,000000000,00000000000,0,0,0,1,0,0,0,0,0,0,0,98,0,0,0,9,99,6,2,42,0,0,0,1,26,48885,6,1,0,0,3,0,62,120,0,0,0,0,0,0,0,0,0,1,0,0,0,0,1,2,55,1,1,2,1,0,0,1,11,1,1,4,1,2,1
26,260383,1,3,1,22,7,13,53,12,6,1,0,26,1,18,20,18020,4,1994,2G4WB55L8R14,2,G,4,W,B,5,5,L,8,R,1,4,0,P,BUIC,RGC,4D,94,17,3240,,0,1075,,G,,0,0,000000000,00000000000,0,0,0,1,0,0,0,0,0,0,0,98,0,0,0,3,3,6,2,12,0,0,0,1,26,48613,6,1,0,0,3,0,62,140,0,0,0,0,0,0,0,0,0,0,38,0,0,0,5,4,55,1,1,2,1,3,3,11,15,1,1,2,68,1,0
26,260383,2,3,2,22,7,13,53,12,6,1,0,26,9,2,404,2404,14,1994,1J4FJ28S9RL1,1,J,4,F,J,2,8,S,9,R,L,1,0,T,JEEP,CSE,4W,94,17,,1,0,1014,CHK,G,,0,0,000000000,00000000000,0,0,0,1,0,0,0,0,0,0,0,98,0,0,0,12,12,6,2,12,0,0,0,1,26,48650,6,1,0,0,3,0,72,142,0,0,0,0,0,0,0,0,0,0,0,0,0,0,5,4,55,1,1,2,1,3,3,1,62,4,1,1,69,0,0
26,260383,3,3,1,22,7,13,53,12,6,1,0,26,1,20,481,20481,31,2004,2GCEK19T4412,2,G,C,E,K,1,9,T,4,4,1,2,0,T,CHEV,SK1,4C,4,17,,2,1575,1435,SIL,G,,0,0,000000000,00000000000,0,0,0,1,0,0,0,0,0,0,0,0,0,0,0,11,11,2,1,12,0,0,0,1,26,48706,6,1,6,0,3,0,74,275,0,0,0,0,0,0,0,0,0,0,0,0,0,0,1,4,99,1,1,2,1,3,3,5,54,1,1,1,98,0,0
26,260384,1,1,1,22,7,16,30,42,0,1,0,26,3,20,481,20481,31,2004,1GBHK24184E1,1,G,B,H,K,2,4,1,8,4,E,1,0,T,CHEV,2KH,PK,4,17,,2,0,1330,SIL,D,,0,0,000000000,00000000000,0,0,0,1,0,0,0,0,0,0,0,98,0,0,0,11,11,6,2,42,0,0,0,1,26,49684,6,1,0,0,3,0,69,170,0,0,1,2,0,9,2008,6,2009,0,0,0,0,0,1,2,55,1,1,2,1,0,0,1,12,1,1,4,6,1,0
26,260385,1,1,4,25,7,13,46,42,0,1,0,26,2,7,41,7041,4,1997,2B3HD46T6VH5,2,B,3,H,D,4,6,T,6,V,H,5,0,P,DODG,INT,4D,97,17,3319,,0,1130,,G,,0,0,000000000,00000000000,0,0,0,1,0,0,0,0,0,0,0,98,0,1,6,12,12,6,2,42,0,0,0,1,26,49093,6,1,0,0,3,0,64,145,0,0,0,0,0,0,0,0,0,0,0,0,0,0,1,2,55,1,1,2,1,0,0,1,12,1,1,4,6,1,1
26,260386,1,1,1,26,7,20,47,8,0,1,0,17,1,86,881,86881,66,2001,1M1AE07Y41W0,1,M,1,A,E,0,7,Y,4,1,W,0,1,T,MACK,CX6,TM,1,17,,8,0,0,600,D,,1,57,1783634,571783634,3,6,1,1,0,0,0,0,0,0,0,98,0,0,0,3,3,2,1,8,0,0,0,1,18,46221,6,1,6,0,3,0,60,150,0,0,0,0,0,0,0,0,0,0,0,0,0,0,2,3,70,1,1,1,1,0,0,1,81,6,1,2,13,0,0