STATE,ST_CASE,VEH_NO,VE_FORMS,NUMOCCS,DAY,MONTH,HOUR,MINUTE,HARM_EV,MAN_COLL,UNITTYPE,HIT_RUN,REG_STAT,OWNER,MAKE,MODEL,MAK_MOD,BODY_TYP,MOD_YEAR,VIN,VIN_1,VIN_2,VIN_3,VIN_4,VIN_5,VIN_6,VIN_7,VIN_8,VIN_9,VIN_10,VIN_11,VIN_12,TOW_VEH,VINTYPE,VINMAKE,VINA_MOD,VIN_BT,VINMODYR,VIN_LNGT,VIN_WGT,WGTCD_TR,WHLBS_LG,WHLBS_SH,SER_TR,FUELCODE,MCYCL_DS,J_KNIFE,MCARR_I1,MCARR_I2,MCARR_ID,GVWR,V_CONFIG,CARGO_BT,HAZ_INV,HAZ_PLAC,HAZ_ID,HAZ_CNO,HAZ_REL,BUS_USE,SPEC_USE,EMER_USE,TRAV_SP,UNDERIDE,ROLLOVER,ROLINLOC,IMPACT1,IMPACT2,DEFORMED,TOWED,M_HARM,VEH_SC1,VEH_SC2,FIRE_EXP,DR_PRES,L_STATE,DR_ZIP,L_STATUS,L_TYPE,CDL_STAT,L_ENDORS,L_COMPL,L_RESTRI,DR_HGT,DR_WGT,PREV_ACC,PREV_SUS,PREV_DWI,PREV_SPD,PREV_OTH,FIRST_MO,FIRST_YR,LAST_MO,LAST_YR,SPEEDREL,DR_SF1,DR_SF2,DR_SF3,DR_SF4,VTRAFWAY,VNUM_LAN,VSPD_LIM,VALIGN,VPROFILE,VPAVETYP,VSURCOND,VTRAFCON,VTCONT_F,P_CRASH1,P_CRASH2,P_CRASH3,PCRASH4,PCRASH5,ACC_TYPE,DEATHS,DR_DRINK
26,260387,1,3,1,23,7,12,23,12,8,1,0,26,1,72,706,72706,80,2003,1HD1CGP153K4,1,H,D,1,C,G,P,1,5,3,K,4,0,M,HD,20C,RS,3,17,,,,,,,1200,0,0,000000000,00000000000,0,0,0,1,0,0,0,0,0,0,0,98,0,0,0,61,99,6,2,12,0,0,0,1,26,48042,6,1,0,0,3,3,69,180,0,0,0,0,0,0,0,0,0,1,28,0,0,0,1,2,55,2,2,2,1,0,0,14,10,1,1,2,64,1,0
26,260387,2,3,2,23,7,12,23,12,8,1,0,26,2,20,481,20481,31,1992,1GCEC14H2NE1,1,G,C,E,C,1,4,H,2,N,E,1,0,T,CHEV,GC1,PK,92,17,,2,1315,1175,GM4,G,,0,0,000000000,00000000000,0,0,0,1,0,0,0,0,0,0,0,98,0,0,0,8,8,6,2,12,0,0,0,1,26,48703,6,1,0,0,3,3,60,185,1,0,0,0,1,9,2009,9,2009,0,0,0,0,0,1,2,55,2,2,2,1,0,0,14,62,1,1,1,65,0,0
26,260387,3,3,1,23,7,12,23,12,8,1,0,18,9,82,881,82881,66,1996,1FUY3MDB1TP6,1,F,U,Y,3,M,D,B,1,T,P,6,1,T,FRHT,FD1,DS,96,17,,8,0,0,CON,D,,1,57,001137915,57001137915,3,6,1,1,0,0,0,0,0,0,0,98,0,0,0,12,12,6,2,12,0,0,0,1,26,48433,6,1,6,0,3,0,75,350,0,0,0,0,0,0,0,0,0,0,0,0,0,0,1,2,55,2,2,2,1,0,0,14,54,1,1,1,98,0,0
26,260388,1,2,2,28,7,16,50,12,6,1,0,17,1,49,40,49040,4,2006,4T1BE32K26U1,4,T,1,B,E,3,2,K,2,6,U,1,0,P,TOYT,UXS,4D,6,17,3108,,0,1071,,G,,0,0,000000000,00000000000,0,0,0,1,0,0,0,0,0,0,0,98,0,0,0,9,9,6,2,12,0,0,0,1,17,60517,6,1,0,0,3,0,69,230,0,0,0,0,0,0,0,0,0,0,38,0,0,0,1,2,55,1,1,2,1,0,0,4,17,1,1,1,89,2,0
26,260388,2,2,1,28,7,16,50,12,6,1,0,26,1,20,481,20481,31,2002,2GCEK19T9212,2,G,C,E,K,1,9,T,9,2,1,2,0,T,CHEV,SK1,4C,2,17,,2,1575,1435,SIL,G,,0,0,000000000,00000000000,0,0,0,1,0,0,0,0,0,0,0,98,0,0,0,12,12,6,2,12,0,0,0,1,26,49424,6,1,0,0,3,0,72,140,0,0,0,0,0,0,0,0,0,0,0,0,0,0,1,2,99,1,1,2,1,20,3,1,66,1,1,1,88,0,0
26,260389,1,1,4,27,7,20,5,42,0,1,0,26,2,2,404,2404,14,1999,1J4GW58S1XC5,1,J,4,G,W,5,8,S,1,X,C,5,0,T,JEEP,LRO,4W,99,17,,1,0,1059,GCK,G,,0,0,000000000,00000000000,0,0,0,1,0,0,0,0,0,0,0,98,0,1,6,11,99,6,2,42,0,0,0,1,26,48629,6,1,0,0,3,3,62,190,1,0,0,3,0,10,2007,4,2010,0,36,0,0,0,1,2,55,1,1,4,1,0,0,1,87,6,1,4,6,3,1
26,260390,1,1,1,31,7,21,5,31,0,1,0,26,1,12,13,12013,2,2002,3FAFP113X2R1,3,F,A,F,P,1,1,3,X,2,R,1,0,P,FORD,ZX2,CP,2,17,2478,,0,984,,G,,0,0,000000000,00000000000,0,0,0,1,0,0,0,0,0,0,0,98,0,0,0,12,12,4,3,42,0,0,0,1,26,48127,6,1,0,0,3,3,62,175,0,0,0,0,0,0,0,0,0,0,99,99,99,99,5,4,40,1,1,1,1,0,0,1,13,1,1,4,1,1,0
26,260391,1,1,1,15,7,13,26,34,0,1,0,26,1,59,35,59035,4,2008,JTHCK2628850,J,T,H,C,K,2,6,2,8,8,5,0,0,P,LEXS,A25,4D,8,17,3651,,0,1075,,G,,0,0,000000000,00000000000,0,0,0,1,0,0,0,0,0,0,0,98,0,0,0,12,12,6,2,34,0,0,0,1,26,48322,6,1,0,0,3,0,67,140,0,0,0,0,0,0,0,0,0,0,99,99,99,99,1,2,99,1,1,1,1,3,3,1,14,1,1,4,14,1,0
26,260392,1,1,2,31,7,19,28,11,0,1,0,26,1,37,706,37706,80,1994,1HFSC2234RA6,1,H,F,S,C,2,2,3,4,R,A,6,0,M,HOND,G1E,RS,94,17,,,,,,,1500,0,0,000000000,00000000000,0,0,0,1,0,0,0,0,0,0,0,98,0,0,0,99,0,6,2,1,0,0,0,1,26,49036,6,1,0,0,3,3,70,230,0,0,0,0,0,0,0,0,0,0,0,0,0,0,1,2,55,1,9,9,1,0,0,1,87,1,1,1,13,1,0
26,260393,1,2,1,2,7,14,58,12,6,1,0,26,1,6,41,6041,4,1993,2C3EL56T7PH5,2,C,3,E,L,5,6,T,7,P,H,5,0,P,CHRY,CND,4D,93,17,3235,,0,1130,,G,,0,0,000000000,00000000000,0,0,0,1,0,0,0,0,0,0,0,98,0,0,0,9,9,6,2,12,0,0,0,1,26,48642,6,1,0,0,3,3,70,190,1,0,0,0,1,6,2010,6,2010,0,38,0,0,0,1,2,99,1,1,2,1,20,3,4,17,1,1,1,89,1,0
26,260393,2,2,2,2,7,14,58,12,6,1,0,26,2,20,19,20019,4,1994,1G1LD55M5RY1,1,G,1,L,D,5,5,M,5,R,Y,1,0,P,CHEV,CSA,4D,94,17,2665,,0,1034,,G,,0,0,000000000,00000000000,0,0,0,1,0,0,0,0,0,0,0,98,0,0,0,12,12,6,2,12,0,0,0,1,26,48611,6,1,0,0,3,0,56,100,0,0,0,0,0,0,0,0,0,0,0,0,0,0,1,2,40,1,1,2,1,0,0,1,66,1,1,1,88,0,0
26,260394,1,1,1,4,7,3,24,24,0,1,0,26,1,53,706,53706,80,2000,JS1VS52A2Y21,J,S,1,V,S,5,2,A,2,Y,2,1,0,M,SUZI,VS8,RS,0,17,,,,,,,805,0,0,000000000,00000000000,0,0,0,1,0,0,0,0,0,0,0,98,0,0,0,12,99,6,2,42,0,0,0,1,26,49068,6,1,0,0,3,0,69,185,0,0,0,1,0,2,2009,2,2009,1,0,0,0,0,1,2,55,2,9,2,1,0,0,14,12,1,1,4,6,1,1
26,260395,1,1,1,23,7,12,19,33,0,1,0,26,1,18,2,18002,4,1989,1G4HP54C8KH5,1,G,4,H,P,5,4,C,8,K,H,5,0,P,BUIC,LCF,4D,89,17,3155,,0,1108,,G,,0,0,000000000,00000000000,0,0,0,1,0,0,0,0,0,0,0,98,0,0,0,12,99,6,2,2,0,0,1,1,26,49113,6,1,0,0,3,3,60,138,1,0,0,0,0,9,2009,9,2009,0,0,0,0,0,1,2,55,1,9,9,1,0,0,1,11,1,1,4,1,1,0
26,260396,1,1,1,28,7,0,17,8,0,1,0,26,1,21,2,21002,4,1999,1G3HN52K3X48,1,G,3,H,N,5,2,K,3,X,4,8,0,P,OLDS,8LW,4D,99,17,3455,,0,1108,,G,,0,0,000000000,00000000000,0,0,0,1,0,0,0,0,0,0,0,98,0,0,0,14,14,2,3,8,0,0,0,1,26,48059,6,1,0,0,3,0,69,180,0,0,0,0,0,0,0,0,0,0,99,99,99,99,5,2,35,1,1,2,1,0,0,1,80,6,1,2,13,0,0
26,260397,1,2,1,1,8,17,4,12,6,1,0,26,2,22,18,22018,2,1999,1G2NE12T2XM7,1,G,2,N,E,1,2,T,2,X,M,7,0,P,PONT,GAS,CP,99,17,3052,,0,1071,,G,,0,0,000000000,00000000000,0,0,0,1,0,0,0,0,0,0,0,98,0,0,0,3,3,6,2,12,0,0,0,1,26,49036,6,1,6,0,3,0,72,265,0,0,0,0,0,0,0,0,0,0,38,0,0,0,1,2,55,1,1,2,1,0,0,11,15,1,1,2,68,0,0
26,260397,2,2,2,1,8,17,4,12,6,1,0,26,1,72,706,72706,80,2001,1HD1CAP111K1,1,H,D,1,C,A,P,1,1,1,K,1,0,M,HD,L12,RS,1,17,,,,,,,1200,0,0,000000000,00000000000,0,0,0,1,0,0,0,0,0,0,0,98,0,0,0,12,12,6,2,12,0,0,0,1,26,49036,6,1,6,0,3,0,72,265,0,0,0,0,0,0,0,0,0,0,0,0,0,0,1,2,55,1,1,2,1,0,0,1,62,1,1,2,69,2,0
26,260398,1,3,2,23,7,17,52,12,1,1,0,26,1,72,706,72706,80,2007,1HD1FF4157Y6,1,H,D,1,F,F,4,1,5,7,Y,6,0,M,HD,FHC,RS,7,17,,,,,,,1584,0,0,000000000,00000000000,0,0,0,1,0,0,0,0,0,0,0,0,0,0,0,6,6,6,2,12,0,0,0,1,26,48464,6,1,0,0,3,3,70,225,0,0,0,1,0,11,2009,11,2009,0,0,0,0,0,1,2,55,1,1,2,1,0,0,5,53,1,1,1,22,1,0
26,260398,2,3,1,23,7,17,52,12,1,1,0,26,2,22,18,22018,4,2003,1G2NF52E43C2,1,G,2,N,F,5,2,E,4,3,C,2,0,P,PONT,SE1,4D,3,17,3116,,0,1070,,G,,0,0,000000000,00000000000,0,0,0,1,0,0,0,0,0,0,0,98,0,0,0,12,12,6,2,12,0,0,0,1,26,48461,6,1,0,0,3,0,72,205,0,0,0,0,0,0,0,0,0,0,26,0,0,0,1,2,55,1,1,2,1,0,0,1,50,1,1,1,20,0,0
26,260398,3,3,5,23,7,17,52,12,1,1,0,26,2,14,6,14006,4,1994,2MELM75W2RX6,2,M,E,L,M,7,5,W,2,R,X,6,0,P,MERC,MGL,4D,94,17,3796,,0,1144,,G,,0,0,000000000,00000000000,0,0,0,1,0,0,0,0,0,0,0,98,0,0,0,9,9,6,2,12,0,0,0,1,26,48446,6,1,0,0,3,0,67,165,0,0,0,0,0,0,0,0,0,0,0,0,0,0,1,2,55,1,1,2,1,0,0,1,62,1,1,1,98,0,0
26,260400,1,1,1,22,4,0,10,8,0,1,0,26,1,12,481,12481,31,1994,1FTEF15NXRLA,1,F,T,E,F,1,5,N,X,R,L,A,0,T,FORD,F15,PK,94,17,,2,1330,1170,COF,G,,0,0,000000000,00000000000,0,0,0,1,0,0,0,0,0,0,0,98,0,0,0,1,1,2,1,8,0,0,0,1,26,48224,6,1,0,0,3,0,72,180,0,5,0,0,0,6,2007,9,2008,0,0,0,0,0,1,2,30,1,1,2,1,0,0,1,80,99,1,1,13,0,0
26,260401,1,1,6,5,5,14,20,30,0,1,0,26,2,20,403,20403,14,2003,1GNDT13S8322,1,G,N,D,T,1,3,S,8,3,2,2,0,P,CHEV,TRL,UT,3,17,4600,,0,1130,,G,,0,0,000000000,00000000000,0,0,0,1,0,0,0,0,0,0,0,98,0,1,6,3,0,6,2,30,0,0,0,1,26,48210,0,0,0,0,0,0,63,140,0,0,0,0,0,0,0,0,0,0,36,0,0,0,1,2,35,1,1,2,1,0,0,6,54,7,1,4,3,2,0
26,260402,1,1,1,10,5,20,0,9,0,1,0,26,3,12,16,12016,4,2001,2FAFP71W91X1,2,F,A,F,P,7,1,W,9,1,X,1,0,P,FORD,CVP,4D,1,17,3996,,0,1147,,G,,0,0,000000000,00000000000,0,0,0,1,0,0,0,0,0,0,0,98,0,0,0,12,12,6,2,9,0,0,0,1,26,48213,1,1,0,0,2,0,66,180,18,0,0,2,0,9,2007,11,2009,0,36,0,0,0,1,2,30,1,1,2,1,0,0,1,80,1,1,1,13,0,0
26,260403,1,1,2,16,5,4,5,33,0,1,0,26,2,7,402,7402,14,2001,1B4HS28N21F6,1,B,4,H,S,2,8,N,2,1,F,6,0,P,DODG,DUR,UT,1,17,4512,,0,1159,,G,,0,0,000000000,00000000000,0,0,0,1,0,0,0,0,0,0,0,98,0,1,3,99,99,6,2,1,0,0,0,1,26,48235,6,1,0,0,3,0,67,165,0,0,0,0,0,0,0,0,0,0,99,99,99,99,3,4,70,1,1,1,1,0,0,1,13,1,1,4,1,1,1
26,260404,1,2,1,23,5,22,10,12,1,1,0,26,2,2,405,2405,14,2003,1J4GL48K23W5,1,J,4,G,L,4,8,K,2,3,W,5,0,T,JEEP,LSF,4W,3,17,,1,0,1043,LIB,G,,0,0,000000000,00000000000,0,0,0,1,0,0,0,0,0,0,0,98,0,0,0,12,12,4,8,12,0,0,0,1,26,48235,1,1,0,0,2,0,70,185,0,11,1,1,1,8,2007,10,2009,0,0,0,0,0,1,2,35,1,1,2,1,0,0,13,53,1,1,1,32,0,1
26,260404,2,2,2,23,5,22,10,12,1,1,0,26,1,49,402,49402,14,2000,JT3GP10V2Y00,J,T,3,G,P,1,0,V,2,Y,0,0,0,P,TOYT,RV4,UT,0,17,2668,,0,949,,G,,0,0,000000000,00000000000,0,0,0,1,0,0,0,0,0,0,0,98,0,0,0,6,6,4,8,12,0,0,0,1,26,48205,1,1,0,0,2,0,64,135,0,18,0,0,2,8,2008,3,2010,0,31,0,0,0,1,2,35,1,1,2,1,0,0,13,51,1,1,1,32,1,0
26,260406,1,2,3,30,5,16,58,12,6,1,0,26,2,20,422,20422,15,2007,3GNFK16337G2,3,G,N,F,K,1,6,3,3,7,G,2,0,P,CHEV,K15,UT,7,17,5745,,0,1300,,F,,0,0,000000000,00000000000,0,0,0,1,0,0,0,0,0,0,0,98,0,0,0,12,12,2,3,12,0,0,0,1,26,49010,6,1,0,0,3,0,64,165,0,0,0,1,0,4,2009,4,2009,0,0,0,0,0,1,2,45,1,9,9,1,0,0,1,78,1,1,9,88,0,0
26,260406,2,2,1,30,5,16,58,12,6,1,0,0,0,98,998,98998,97,9999,999999999999,9,9,9,9,9,9,9,9,9,9,9,9,0,U,,,,9,17,,,,,,,,0,0,000000000,00000000000,0,0,0,1,0,0,0,0,0,0,0,98,0,0,0,9,9,2,3,12,0,0,0,1,17,60465,2,1,0,0,2,0,999,999,0,1,0,0,0,12,2007,12,2007,0,38,0,0,0,1,2,45,9,9,9,1,0,0,4,98,1,1,9,89,1,1
26,260407,1,1,4,9,6,0,30,33,0,1,0,26,2,12,23,12023,4,2009,3FAHP07Z49R1,3,F,A,H,P,0,7,Z,4,9,R,1,0,P,FORD,F/E,4D,9,17,3181,,0,1074,,G,,0,0,000000000,00000000000,0,0,0,1,0,0,0,0,0,0,0,98,0,0,0,12,12,6,2,19,0,0,0,1,26,48213,6,1,0,0,3,0,70,175,0,0,0,0,0,0,0,0,0,1,0,0,0,0,5,4,30,1,1,1,2,0,0,1,13,1,1,4,1,2,1
26,260409,1,1,2,13,6,1,21,8,0,1,0,26,2,20,9,20009,2,2000,2G1FP22G8Y21,2,G,1,F,P,2,2,G,8,Y,2,1,0,P,CHEV,Z28,CP,0,17,3439,,0,1011,,G,,0,0,000000000,00000000000,0,0,0,1,0,0,0,0,0,0,0,98,0,0,0,14,14,2,3,8,0,0,0,1,26,48221,6,1,6,0,3,0,72,190,1,6,0,1,0,7,2007,12,2009,0,0,0,0,0,5,6,30,1,1,2,1,0,0,1,80,1,1,1,13,0,0
26,260410,1,1,2,25,6,17,0,9,0,1,0,26,2,20,481,20481,31,1994,1GCHC33F7RJ3,1,G,C,H,C,3,3,F,7,R,J,3,0,T,CHEV,GC3,CW,94,17,,2,0,1685,GM4,D,,0,0,000000000,00000000000,0,0,0,1,0,0,0,0,0,0,0,98,0,0,0,12,12,0,1,9,0,0,0,1,26,48220,6,1,0,0,3,0,69,260,0,18,0,0,1,8,2007,6,2010,0,0,0,0,0,1,2,25,1,1,2,1,0,0,1,81,1,1,1,13,0,0
26,260411,1,1,2,26,1,11,43,35,0,1,0,26,2,2,405,2405,14,2002,1J4GL48K62W2,1,J,4,G,L,4,8,K,6,2,W,2,0,T,JEEP,SPR,4W,2,17,,1,0,1043,LIB,G,,0,0,000000000,00000000000,0,0,0,1,0,0,0,0,0,0,0,98,0,1,6,12,99,6,2,1,0,0,0,1,26,48203,6,1,0,0,2,0,65,150,0,0,0,0,1,11,2009,11,2009,0,99,99,99,99,3,3,55,2,1,2,1,0,0,14,61,7,1,4,1,1,0
26,260412,1,3,2,24,2,13,30,12,6,1,0,26,2,41,35,41035,4,2003,JM1BJ225X301,J,M,1,B,J,2,2,5,X,3,0,1,0,P,MAZD,PDS,4D,3,17,2634,,0,1028,,G,,0,0,000000000,00000000000,0,0,0,1,0,0,0,0,0,0,0,98,0,0,0,9,9,6,2,12,0,0,0,1,26,48603,6,1,0,0,3,0,63,155,1,0,0,1,0,6,2007,4,2008,0,99,99,99,99,3,3,70,1,1,2,2,0,0,1,55,1,1,9,89,1,0
26,260412,2,3,1,24,2,13,30,12,6,1,0,26,1,23,421,23421,15,2000,1GKEK13T0YJ1,1,G,K,E,K,1,3,T,0,Y,J,1,0,T,GMC,YUK,4W,0,17,,2,0,1160,YUK,G,,0,0,000000000,00000000000,0,0,0,1,0,0,0,0,0,0,0,98,0,0,0,12,12,4,3,12,0,0,0,1,26,49829,6,1,0,0,3,0,77,220,1,0,0,0,0,5,2009,5,2009,0,0,0,0,0,3,2,70,1,1,2,3,0,0,1,78,1,1,9,88,0,0
26,260412,3,3,1,24,2,13,30,12,6,1,0,26,2,6,43,6043,1,2001,1C3EL45U81N7,1,C,3,E,L,4,5,U,8,1,N,7,0,P,CHRY,SLX,CV,1,17,3409,,0,1060,,G,,0,0,000000000,00000000000,0,0,0,1,0,0,0,0,0,0,0,98,0,0,0,0,0,0,3,99,0,0,0,1,26,49829,6,1,0,0,3,3,62,110,0,0,0,1,0,3,2009,3,2009,0,0,0,0,0,3,3,70,1,1,2,2,0,0,1,12,1,1,9,98,0,0
26,260413,1,1,2,1,5,21,54,34,0,1,0,26,2,12,18,12018,3,1993,1ZVCT22B0P51,1,Z,V,C,T,2,2,B,0,P,5,1,0,P,FORD,PGT,2H,93,17,0,,0,1029,,G,,0,0,000000000,00000000000,0,0,0,1,0,0,0,0,0,0,0,98,0,1,6,1,99,6,2,1,0,0,0,1,26,48623,6,1,0,0,3,0,72,165,0,0,0,2,0,7,2009,8,2009,1,0,0,0,0,1,2,55,1,1,2,1,0,0,1,12,1,1,4,6,1,1
26,260414,1,1,3,8,5,17,58,42,0,1,0,26,1,7,18,7018,4,1993,1B3XC46R1PD1,1,B,3,X,C,4,6,R,1,P,D,1,0,P,DODG,DYN,4D,93,17,2845,,0,1045,,G,,0,0,000000000,00000000000,0,0,0,1,0,0,0,0,0,0,0,98,0,0,0,11,11,6,2,42,0,0,0,1,26,48875,6,1,0,0,3,3,60,180,0,0,0,1,0,3,2010,3,2010,0,99,99,99,99,1,2,55,1,1,4,6,0,0,1,12,1,1,4,6,1,0
26,260415,1,2,1,9,6,15,24,12,2,1,0,26,1,20,481,20481,31,1995,2GCEK19K0S11,2,G,C,E,K,1,9,K,0,S,1,1,0,T,CHEV,GK1,PC,95,17,,2,1555,1415,GM4,G,,0,0,000000000,00000000000,0,0,0,1,0,0,0,0,0,0,0,98,0,0,0,12,12,6,2,12,0,0,0,1,26,49419,6,1,0,0,3,0,70,250,0,0,0,0,0,0,0,0,0,0,38,0,0,0,1,2,55,1,1,2,1,0,0,11,54,1,1,9,68,0,0
26,260415,2,2,1,9,6,15,24,12,2,1,0,26,1,22,16,22016,2,1991,1G2JC14K2M75,1,G,2,J,C,1,4,K,2,M,7,5,0,P,PONT,SUN,CP,91,17,2570,,0,1012,,G,,0,0,000000000,00000000000,0,0,0,1,0,0,0,0,0,0,0,98,0,0,0,12,12,6,2,12,0,0,0,1,26,49419,6,1,0,0,3,0,63,200,0,0,0,0,0,0,0,0,0,0,0,0,0,0,1,2,55,1,1,2,1,0,0,1,62,1,1,9,69,1,0
26,260416,1,1,1,23,6,18,30,9,0,1,0,26,1,12,481,12481,31,1999,1FTSX30S9XED,1,F,T,S,X,3,0,S,9,X,E,D,1,T,FORD,F3S,4C,99,17,,2,1580,1418,SRW,G,,1,0,000000000,00000000000,0,0,0,1,0,0,0,0,0,0,0,98,0,0,0,1,5,2,3,9,0,0,0,1,26,48073,6,1,0,0,3,3,70,300,0,0,0,0,0,0,0,0,0,0,38,0,0,0,5,4,45,1,1,1,1,3,3,10,83,1,1,2,13,0,0
26,260417,1,3,1,24,6,14,15,12,1,1,0,26,1,30,47,30047,3,2003,3VWCP21C83M4,3,V,W,C,P,2,1,C,8,3,M,4,0,P,VOLK,NGI,2H,3,17,2875,,0,989,,D,,0,0,000000000,00000000000,0,0,0,1,0,0,0,0,0,0,0,98,0,0,0,12,12,6,2,12,0,0,0,1,26,48507,6,1,0,0,3,3,71,250,0,0,0,1,0,7,2008,7,2008,0,26,0,0,0,1,2,55,1,1,2,1,0,0,1,51,7,1,1,24,0,0
26,260417,2,3,1,24,6,14,15,12,1,1,0,26,2,20,2,20002,4,2009,2G1WT57K3912,2,G,1,W,T,5,7,K,3,9,1,2,0,P,CHEV,ILT,4D,9,17,3555,,0,1105,,F,,0,0,000000000,00000000000,0,0,0,1,0,0,0,0,0,0,0,98,0,0,0,6,6,6,2,12,0,0,0,1,26,49807,6,1,0,0,3,0,67,230,1,0,0,0,0,3,2008,3,2008,0,0,0,0,0,1,2,55,1,1,2,1,0,0,11,53,1,1,2,26,0,0
26,260417,3,3,2,24,6,14,15,12,1,1,0,19,1,37,706,37706,80,2002,1HFSC470X2A1,1,H,F,S,C,4,7,0,X,2,A,1,0,M,HOND,GL8,RS,2,17,,,,,,,1832,0,0,000000000,00000000000,0,0,0,1,0,0,0,0,0,0,0,98,0,0,0,12,12,6,2,12,0,0,0,1,19,52761,6,1,6,0,3,0,66,160,0,0,0,1,0,3,2009,3,2009,0,0,0,0,0,1,2,55,1,1,2,1,0,0,1,62,1,1,1,98,2,0
26,260419,1,2,1,11,8,11,42,12,6,1,0,26,1,20,16,20016,2,2002,1G1JC1245272,1,G,1,J,C,1,2,4,5,2,7,2,0,P,CHEV,CAV,CP,2,17,2617,,0,1041,,G,,0,0,000000000,00000000000,0,0,0,1,0,0,0,0,0,0,0,98,0,0,0,3,3,6,2,12,0,0,0,1,26,49307,6,1,0,0,3,3,68,185,0,0,0,0,0,0,0,0,0,0,39,0,0,0,1,2,35,1,1,2,2,20,3,4,17,1,1,1,87,1,0
26,260419,2,2,3,11,8,11,42,12,6,1,0,26,2,12,481,12481,31,2001,3FTNW21FX1MA,3,F,T,N,W,2,1,F,X,1,M,A,0,T,FORD,F2S,CW,1,17,,2,1724,1562,SRW,D,,0,0,000000000,00000000000,0,0,0,1,0,0,0,0,0,0,0,98,0,0,0,12,12,6,2,12,0,0,0,1,26,49677,6,1,0,0,3,3,66,130,1,0,0,1,0,12,2007,12,2007,0,0,0,0,0,1,2,99,1,1,2,2,0,0,1,66,1,1,1,86,0,0
26,260420,1,2,2,1,7,17,54,12,6,1,0,26,1,12,17,12017,4,2003,1FAFP55S23G2,1,F,A,F,P,5,5,S,2,3,G,2,0,P,FORD,TSS,4D,3,17,3329,,0,1085,,G,,0,0,000000000,00000000000,0,0,0,1,0,0,0,0,0,0,0,98,0,0,0,3,3,6,2,12,0,0,0,1,26,48843,6,1,0,0,3,0,65,200,0,0,0,0,0,0,0,0,0,0,38,0,0,0,1,2,55,1,1,2,1,20,3,4,17,1,1,3,87,1,0
26,260420,2,2,5,1,7,17,54,12,6,1,0,26,2,23,481,23481,31,2002,2GTEK19T4212,2,G,T,E,K,1,9,T,4,2,1,2,0,T,GMC,NK1,4C,2,17,,2,1575,1435,SIE,G,,0,0,000000000,00000000000,0,0,0,1,0,0,0,0,0,0,0,98,0,0,0,12,12,6,2,12,0,0,0,1,26,49657,6,1,0,0,3,0,68,200,1,0,0,1,0,11,2008,12,2008,0,0,0,0,0,1,2,55,1,1,2,1,0,0,1,66,1,1,1,86,0,0
26,260421,1,2,2,1,7,7,50,12,6,1,0,26,1,20,404,20404,14,2008,2CNDL43F8860,2,C,N,D,L,4,3,F,8,8,6,0,0,P,CHEV,EQU,UT,8,17,3829,,0,1125,,G,,0,0,000000000,00000000000,0,0,0,1,0,0,0,0,0,0,0,98,0,0,0,11,12,6,2,12,0,0,0,1,26,48849,6,1,0,0,3,3,64,180,0,0,0,0,0,0,0,0,0,0,38,0,0,0,2,3,99,1,1,2,1,0,0,11,15,1,1,1,82,0,0
26,260421,2,2,1,1,7,7,50,12,6,1,0,26,1,98,706,98706,80,2006,4MZAX03D1633,4,M,Z,A,X,0,3,D,1,6,3,3,0,U,,,,6,17,,,,,,,,0,0,000000000,00000000000,0,0,0,1,0,0,0,0,0,0,0,98,0,0,0,12,12,6,2,12,0,0,0,1,26,49412,6,1,0,0,3,0,73,175,1,0,0,1,0,6,2009,6,2009,0,0,0,0,0,2,5,45,1,1,2,1,3,3,1,72,1,1,1,83,1,0
26,260422,1,2,1,2,7,20,6,12,6,1,0,26,1,2,404,2404,14,2001,1J4FF48S41L5,1,J,4,F,F,4,8,S,4,1,L,5,0,T,JEEP,SPT,4W,1,17,,1,0,1014,CHK,G,,0,0,000000000,00000000000,0,0,0,1,0,0,0,0,0,0,0,98,0,0,0,3,3,6,2,12,0,0,0,1,26,48917,6,1,0,0,3,0,68,145,0,0,0,0,0,0,0,0,0,0,38,0,0,0,5,4,45,1,2,1,1,0,0,11,54,1,1,9,68,0,0
26,260422,2,2,1,2,7,20,6,12,6,1,0,26,1,37,706,37706,80,2007,JH2RC50427M3,J,H,2,R,C,5,0,4,2,7,M,3,0,M,HOND,VT7,RS,7,17,,,,,,,745,0,0,000000000,00000000000,0,0,0,1,0,0,0,0,0,0,0,98,0,0,0,12,12,6,2,12,0,0,0,1,26,48906,6,1,0,0,3,0,71,324,1,0,0,0,0,1,2008,1,2008,0,0,0,0,0,5,4,45,1,2,1,1,0,0,1,62,1,1,9,69,1,0
26,260423,1,1,1,10,7,22,20,8,0,1,0,26,2,12,23,12023,4,2008,3FAHP07198R1,3,F,A,H,P,0,7,1,9,8,R,1,0,P,FORD,F/E,4D,8,17,3325,,0,1074,,G,,0,0,000000000,00000000000,0,0,0,1,0,0,0,0,0,0,0,98,0,0,0,12,12,6,2,8,0,0,0,1,26,48166,6,1,0,0,3,0,66,285,0,0,0,1,0,12,2008,12,2008,0,0,0,0,0,5,4,55,1,1,2,1,0,0,1,80,1,1,1,13,0,0