STATE,ST_CASE,VEH_NO,VE_FORMS,NUMOCCS,DAY,MONTH,HOUR,MINUTE,HARM_EV,MAN_COLL,UNITTYPE,HIT_RUN,REG_STAT,OWNER,MAKE,MODEL,MAK_MOD,BODY_TYP,MOD_YEAR,VIN,VIN_1,VIN_2,VIN_3,VIN_4,VIN_5,VIN_6,VIN_7,VIN_8,VIN_9,VIN_10,VIN_11,VIN_12,TOW_VEH,VINTYPE,VINMAKE,VINA_MOD,VIN_BT,VINMODYR,VIN_LNGT,VIN_WGT,WGTCD_TR,WHLBS_LG,WHLBS_SH,SER_TR,FUELCODE,MCYCL_DS,J_KNIFE,MCARR_I1,MCARR_I2,MCARR_ID,GVWR,V_CONFIG,CARGO_BT,HAZ_INV,HAZ_PLAC,HAZ_ID,HAZ_CNO,HAZ_REL,BUS_USE,SPEC_USE,EMER_USE,TRAV_SP,UNDERIDE,ROLLOVER,ROLINLOC,IMPACT1,IMPACT2,DEFORMED,TOWED,M_HARM,VEH_SC1,VEH_SC2,FIRE_EXP,DR_PRES,L_STATE,DR_ZIP,L_STATUS,L_TYPE,CDL_STAT,L_ENDORS,L_COMPL,L_RESTRI,DR_HGT,DR_WGT,PREV_ACC,PREV_SUS,PREV_DWI,PREV_SPD,PREV_OTH,FIRST_MO,FIRST_YR,LAST_MO,LAST_YR,SPEEDREL,DR_SF1,DR_SF2,DR_SF3,DR_SF4,VTRAFWAY,VNUM_LAN,VSPD_LIM,VALIGN,VPROFILE,VPAVETYP,VSURCOND,VTRAFCON,VTCONT_F,P_CRASH1,P_CRASH2,P_CRASH3,PCRASH4,PCRASH5,ACC_TYPE,DEATHS,DR_DRINK
26,260424,1,1,2,16,7,18,14,59,0,1,0,26,1,20,481,20481,31,2002,2GCEK19T9213,2,G,C,E,K,1,9,T,9,2,1,3,0,T,CHEV,SK1,4C,2,17,,2,1575,1435,SIL,G,,0,0,000000000,00000000000,0,0,0,1,0,0,0,0,0,0,0,98,0,0,0,12,11,6,2,42,0,0,0,1,26,48420,6,1,0,0,3,0,74,240,0,0,0,0,0,0,0,0,0,0,36,0,0,0,2,3,70,1,1,1,1,0,0,1,13,1,1,4,1,1,1
26,260425,1,2,1,19,7,9,50,12,2,1,0,26,1,63,32,63032,4,2002,KNADC1635260,K,N,A,D,C,1,6,3,5,2,6,0,0,P,KIA,RIC,SW,2,17,2436,,0,949,,G,,0,0,000000000,00000000000,0,0,0,1,0,0,0,0,0,0,0,98,0,0,0,12,12,6,2,12,0,0,0,1,26,49009,6,1,0,0,3,0,72,200,0,6,0,3,0,7,2007,4,2010,0,99,99,99,99,1,2,55,1,1,2,1,0,0,1,10,3,1,2,50,1,0
26,260425,2,2,1,19,7,9,50,12,2,1,0,95,9,98,804,98804,66,2004,5KJNAEAV94PM,5,K,J,N,A,E,A,V,9,4,P,M,1,T,WSTR,49F,DS,4,17,,8,0,0,CNV,D,,1,57,00026492,5700026492,3,6,3,1,0,0,0,0,0,0,0,98,0,0,0,12,12,2,1,12,0,0,0,1,95,99999,9,9,99,9,9,9,999,999,99,99,99,99,99,99,9999,99,9999,0,0,0,0,0,1,2,55,1,1,2,1,0,0,1,62,1,1,1,51,0,0
26,260426,1,2,1,16,7,7,10,12,6,1,0,26,1,24,1,24001,4,1999,1G8ZK5272XZ1,1,G,8,Z,K,5,2,7,2,X,Z,1,0,P,STRN,SL2,4D,99,17,2418,,0,1024,,G,,0,0,000000000,00000000000,0,0,0,1,0,0,0,0,0,0,0,98,0,0,0,9,9,6,2,12,0,0,0,1,26,48504,6,1,0,0,3,3,69,215,1,0,0,0,0,12,2008,12,2008,0,99,99,99,99,5,4,45,1,2,2,1,3,3,1,17,1,1,1,89,1,0
26,260426,2,2,1,16,7,7,10,12,6,1,0,26,1,24,1,24001,4,2002,1G8ZF528X2Z2,1,G,8,Z,F,5,2,8,X,2,Z,2,0,P,STRN,SSL,4D,2,17,2351,,0,1024,,G,,0,0,000000000,00000000000,0,0,0,1,0,0,0,0,0,0,0,98,0,0,0,12,12,6,2,12,0,0,0,1,26,48446,6,1,0,0,3,0,67,190,2,2,0,3,0,11,2007,3,2008,1,0,0,0,0,5,4,99,1,2,2,1,3,3,1,66,1,1,1,88,0,0
26,260427,1,1,2,20,7,19,15,15,0,1,0,26,1,12,481,12481,31,1998,1GTEK14R9WE5,1,G,T,E,K,1,4,R,9,W,E,5,0,T,GMC,SK1,PK,98,17,,2,1315,1175,SIE,G,,0,0,000000000,00000000000,0,0,0,1,0,0,0,0,0,0,0,98,0,0,0,1,1,4,3,15,0,0,0,1,26,49663,6,1,0,0,3,0,71,280,0,0,0,0,0,0,0,0,0,0,26,0,0,0,1,2,55,1,3,2,1,0,0,1,83,1,1,1,13,0,0
26,260428,1,2,1,23,7,5,50,12,6,1,0,26,1,12,471,12471,30,1997,1FTCR10A6VUD,1,F,T,C,R,1,0,A,6,V,U,D,0,T,FORD,RNG,PK,97,17,,1,1140,1080,RNG,G,,0,0,000000000,00000000000,0,0,0,1,0,0,0,0,0,0,0,98,0,0,0,11,11,6,2,12,0,0,0,1,26,49009,6,1,0,0,3,0,74,218,1,0,0,0,0,8,2007,8,2007,0,39,0,0,0,1,2,55,1,1,2,2,0,0,1,17,1,1,1,89,1,0
26,260428,2,2,1,23,7,5,50,12,6,1,0,26,1,20,481,20481,31,2004,2GCEK19T5412,2,G,C,E,K,1,9,T,5,4,1,2,0,T,CHEV,SK1,4C,4,17,,2,1575,1435,SIL,G,,0,0,000000000,00000000000,0,0,0,1,0,0,0,0,0,0,0,98,0,0,0,12,12,6,2,12,0,0,0,1,26,49055,6,1,0,0,3,0,66,240,0,0,0,0,0,0,0,0,0,0,0,0,0,0,1,2,99,1,1,2,2,20,3,1,66,1,1,1,88,0,0
26,260429,1,2,1,27,7,21,30,12,1,1,0,26,1,72,706,72706,80,2002,1HD4CJM172K1,1,H,D,4,C,J,M,1,7,2,K,1,0,M,HD,L8C,RS,2,17,,,,,,,883,0,0,000000000,00000000000,0,0,0,1,0,0,0,0,0,0,0,98,0,0,0,12,12,6,2,12,0,0,0,1,26,48436,6,1,0,0,3,0,72,175,1,0,0,1,0,10,2008,2,2009,1,36,0,0,0,1,2,55,1,1,1,1,0,0,1,51,1,1,1,24,1,1
26,260429,2,2,1,27,7,21,30,12,1,1,0,26,2,22,18,22018,4,2002,1G2WP52K62F1,1,G,2,W,P,5,2,K,6,2,F,1,0,P,PONT,GPG,4D,2,17,3496,,0,1105,,G,,0,0,000000000,00000000000,0,0,0,1,0,0,0,0,0,0,0,98,0,0,0,6,6,2,3,12,0,0,0,1,26,48429,6,1,0,0,3,0,65,120,0,0,0,0,0,0,0,0,0,0,0,0,0,0,1,2,55,1,1,1,1,0,0,1,53,1,1,1,25,0,0
26,260430,1,1,3,30,7,13,10,24,0,1,0,26,2,20,401,20401,14,2001,1GNDT13W41K2,1,G,N,D,T,1,3,W,4,1,K,2,0,P,CHEV,BZR,UT,1,17,4133,,0,1070,,G,,0,0,000000000,00000000000,0,0,0,1,0,0,0,0,0,0,0,98,0,0,0,11,9,6,2,24,0,0,0,1,26,48640,6,2,0,0,3,3,64,116,0,0,0,0,0,0,0,0,0,1,0,0,0,0,2,2,70,1,2,2,1,0,0,1,11,1,1,4,6,1,0
26,260431,1,2,2,29,7,10,50,12,6,1,0,26,1,7,442,7442,20,2000,2B4GP2538YR8,2,B,4,G,P,2,5,3,8,Y,R,8,0,P,DODG,CAR,SV,0,17,3432,,0,1133,,G,,0,0,000000000,00000000000,0,0,0,1,0,0,0,0,0,0,0,98,0,0,0,12,9,6,2,12,0,0,0,1,26,49220,6,1,0,0,3,3,63,105,0,0,0,0,0,0,0,0,0,0,39,0,0,0,1,2,55,1,1,2,1,0,0,1,17,1,1,1,86,1,0
26,260431,2,2,3,29,7,10,50,12,6,1,0,26,1,12,481,12481,31,2000,1FTNX21F3YEB,1,F,T,N,X,2,1,F,3,Y,E,B,1,T,FORD,F2S,4C,0,17,,2,1580,1418,SRW,D,,1,0,000000000,00000000000,0,0,0,1,0,0,0,0,0,0,0,98,0,0,0,5,5,6,2,12,0,0,0,1,26,49287,6,1,0,0,3,3,73,205,0,0,0,0,0,0,0,0,0,0,0,0,0,0,1,2,55,1,9,9,1,20,3,1,66,1,1,1,87,0,0
26,260432,1,2,1,28,7,9,10,12,1,1,0,18,2,12,17,12017,4,2008,1FAHP25W78G1,1,F,A,H,P,2,5,W,7,8,G,1,0,P,FORD,TLT,4D,8,17,3643,,0,1129,,G,,0,0,000000000,00000000000,0,0,0,1,0,0,0,0,0,0,0,98,0,0,0,12,12,6,2,12,0,0,0,1,18,46628,6,1,6,0,3,3,68,150,0,0,0,0,1,10,2009,10,2009,1,0,0,0,0,2,3,70,1,1,2,1,0,0,1,51,1,1,1,24,0,0
26,260432,2,2,2,28,7,9,10,12,1,1,0,26,1,18,22,18022,4,2005,2G4WD5326512,2,G,4,W,D,5,3,2,6,5,1,2,0,P,BUIC,LAL,4D,5,17,3502,,0,1138,,G,,0,0,000000000,00000000000,0,0,0,1,0,0,0,0,0,0,0,98,0,1,5,6,6,6,2,12,0,0,0,1,26,49068,6,1,0,0,3,3,64,145,0,0,0,0,0,0,0,0,0,0,0,0,0,0,2,3,70,1,1,2,1,0,0,1,53,1,1,1,25,1,0
26,260433,1,3,1,29,7,11,29,12,6,1,0,26,1,9,17,9017,3,1992,1P3XP24D5NN1,1,P,3,X,P,2,4,D,5,N,N,1,0,P,PLYM,SAS,2H,92,17,2546,,0,970,,G,,0,0,000000000,00000000000,0,0,0,1,0,0,0,0,0,0,0,98,0,0,0,12,12,2,1,12,0,0,0,1,26,48203,6,1,0,0,3,3,67,130,0,0,0,0,0,0,0,0,0,0,39,0,0,0,5,4,35,1,1,1,1,3,3,1,17,1,1,1,88,1,0
26,260433,2,3,2,29,7,11,29,12,6,1,0,26,2,12,23,12023,4,2010,3FAHP0JA3AR2,3,F,A,H,P,0,J,A,3,A,R,2,0,P,FORD,F/L,4D,10,17,3342,,0,1074,,G,,0,0,000000000,00000000000,0,0,0,1,0,0,0,0,0,0,0,98,0,0,0,9,9,4,1,12,0,0,0,1,26,48193,6,1,0,0,3,3,70,180,0,0,0,0,0,0,0,0,0,0,0,0,0,0,4,2,99,1,1,1,1,3,3,1,66,1,1,1,89,0,0
26,260433,3,3,1,29,7,11,29,12,6,1,0,26,1,19,22,19022,4,2006,1G6KD57Y26U1,1,G,6,K,D,5,7,Y,2,6,U,1,0,P,CADI,TDS,4D,6,17,4009,,0,1156,,G,,0,0,000000000,00000000000,0,0,0,1,0,0,0,0,0,0,0,0,0,0,0,9,9,2,1,12,0,0,0,1,26,48076,6,1,0,0,3,0,67,175,1,0,0,0,0,12,2007,12,2007,0,0,0,0,0,5,4,35,1,1,1,1,3,3,5,53,1,1,1,98,0,0
26,260434,1,2,1,9,7,22,42,12,6,1,0,26,1,19,3,19003,4,1995,1G6KD52BXSU2,1,G,6,K,D,5,2,B,X,S,U,2,0,P,CADI,DFW,4D,95,17,3664,,0,1138,,G,,0,0,000000000,00000000000,0,0,0,1,0,0,0,0,0,0,0,98,0,0,0,3,99,6,2,12,0,0,1,1,26,48227,6,1,0,0,3,0,73,340,1,2,0,0,1,10,2008,4,2009,0,28,0,0,0,1,4,30,1,1,2,1,0,0,1,10,1,4,2,64,1,1
26,260434,2,2,5,9,7,22,42,12,6,1,0,26,1,37,32,37032,4,1993,1HGCB7658PA0,1,H,G,C,B,7,6,5,8,P,A,0,0,P,HOND,ALX,4D,93,17,2504,,0,1071,,G,,0,0,000000000,00000000000,0,0,0,1,0,0,0,0,0,0,0,98,0,0,0,12,12,6,2,12,0,0,0,1,26,48212,0,0,0,0,0,0,999,999,0,0,0,0,0,0,0,0,0,0,0,0,0,0,1,4,30,1,1,2,1,0,0,1,62,1,1,1,65,0,0
26,260435,1,1,1,31,7,2,0,8,0,1,1,99,9,99,399,99399,9,9999,999999999999,9,9,9,9,9,9,9,9,9,9,9,9,0,U,,,,9,17,,,,,,,,0,0,000000000,00000000000,0,0,0,1,0,0,0,0,0,0,0,98,0,0,0,99,99,9,1,8,0,0,0,1,99,99999,9,9,99,9,9,9,999,999,99,99,99,99,99,99,9999,99,9999,0,0,0,0,0,1,4,25,1,1,2,1,0,0,1,80,99,1,9,13,0,0
26,260436,1,1,1,3,7,15,0,34,0,1,0,26,9,2,405,2405,14,2005,1J4GL38KX5W6,1,J,4,G,L,3,8,K,X,5,W,6,0,T,JEEP,RNG,4W,5,17,,1,0,1043,LIB,G,,0,0,000000000,00000000000,0,0,0,1,0,0,0,0,0,0,0,98,0,0,0,12,12,4,1,19,0,0,0,1,26,48737,6,1,0,0,3,0,63,192,0,0,0,0,0,0,0,0,0,0,0,0,0,0,1,2,55,1,9,9,1,0,0,1,12,1,1,4,6,1,0
26,260437,1,1,1,24,7,0,35,8,0,1,0,26,2,20,482,20482,31,2003,3GNEK13T93G3,3,G,N,E,K,1,3,T,9,3,G,3,0,T,CHEV,KAV,CW,3,17,,2,0,1300,AVL,G,,0,0,000000000,00000000000,0,0,0,1,0,0,0,0,0,0,0,98,0,0,0,1,1,4,3,8,0,0,0,1,26,48616,6,1,0,0,3,3,64,150,0,0,0,0,0,0,0,0,0,0,0,0,0,0,1,2,55,1,1,2,1,0,0,1,80,1,1,1,13,0,0
26,260438,1,1,1,26,7,22,5,8,0,1,0,26,1,34,42,34042,1,2009,WBALM73579E1,W,B,A,L,M,7,3,5,7,9,E,1,0,P,BMW,ZS5,CV,9,17,3494,,0,983,,G,,0,0,000000000,00000000000,0,0,0,1,0,0,0,0,0,0,0,98,0,0,0,1,1,4,1,8,0,0,0,1,26,49012,6,1,0,0,3,0,71,205,0,0,0,1,1,9,2008,3,2010,0,99,99,99,99,5,4,40,1,1,2,1,0,0,1,80,1,1,1,13,0,1
26,260439,1,1,1,31,7,3,28,42,0,1,0,26,1,20,481,20481,31,1995,1GCEC14Z4SZ1,1,G,C,E,C,1,4,Z,4,S,Z,1,0,T,CHEV,GC1,PK,95,17,,2,1315,1175,GM4,G,,0,0,000000000,00000000000,0,0,0,1,0,0,0,0,0,0,0,98,0,0,0,11,9,6,2,42,0,0,0,1,26,48895,6,1,0,0,3,0,72,165,0,2,0,1,2,11,2007,5,2008,0,0,0,0,0,1,2,45,1,9,9,1,0,0,1,12,1,1,4,6,1,1
26,260440,1,1,3,5,4,4,8,1,0,1,0,26,2,20,403,20403,14,2003,1GNDT13S2323,1,G,N,D,T,1,3,S,2,3,2,3,0,P,CHEV,TRL,UT,3,17,4600,,0,1130,,G,,0,0,000000000,00000000000,0,0,0,1,0,0,0,0,0,0,0,98,0,2,3,0,0,6,2,1,0,0,0,1,26,48076,6,1,0,0,3,0,75,185,0,0,0,0,0,0,0,0,0,0,99,99,99,99,2,4,55,1,9,9,2,0,0,1,13,1,1,4,1,1,1
26,260441,1,2,2,30,5,20,20,12,2,1,0,26,2,21,21,21021,4,1996,1G3NL52TXTM3,1,G,3,N,L,5,2,T,X,T,M,3,0,P,OLDS,ASL,4D,96,17,2813,,0,1034,,G,,0,0,000000000,00000000000,0,0,0,1,0,0,0,0,0,0,0,98,0,0,0,12,11,6,2,12,0,0,0,1,26,49788,6,1,0,0,3,0,63,110,0,0,0,2,1,12,2008,5,2010,0,36,91,0,0,1,2,40,1,1,2,1,0,0,1,10,1,1,2,50,0,1
26,260441,2,2,2,30,5,20,20,12,2,1,0,26,9,37,706,37706,80,2005,1HFSC49D35A3,1,H,F,S,C,4,9,D,3,5,A,3,0,M,HOND,VN2,RS,5,17,,,,,,,1795,0,0,000000000,00000000000,0,0,0,1,0,0,0,0,0,0,0,98,0,0,0,12,12,6,2,12,0,0,0,1,26,49783,6,1,0,0,3,3,67,155,1,0,0,0,0,9,2009,9,2009,0,0,0,0,0,1,2,40,1,1,2,1,0,0,1,62,1,1,1,51,2,0
26,260442,1,3,2,3,7,19,36,12,2,1,0,48,4,49,40,49040,4,2010,4T1BF3EK3AU5,4,T,1,B,F,3,E,K,3,A,U,5,0,P,TOYT,CBA,4D,10,17,3263,,0,1093,,G,,0,0,000000000,00000000000,0,0,0,1,0,0,0,0,0,0,0,98,0,0,0,12,12,6,2,12,0,0,0,1,97,99999,9,9,99,9,9,9,999,999,99,99,99,99,99,99,9999,99,9999,0,28,83,0,0,1,2,55,1,1,2,1,0,0,1,87,6,1,2,50,0,0
26,260442,2,3,2,3,7,19,36,12,2,1,0,18,1,12,401,12401,14,2000,1FMZU73E7YZB,1,F,M,Z,U,7,3,E,7,Y,Z,B,0,P,FORD,EPR,UT,0,17,4106,,0,1116,,G,,0,0,000000000,00000000000,0,0,0,1,0,0,0,0,0,0,0,98,0,0,0,12,12,6,2,12,0,0,0,1,18,46552,6,1,0,0,3,3,68,140,0,0,0,0,2,8,2009,8,2009,0,0,0,0,0,1,2,55,1,1,2,1,0,0,1,62,1,1,1,51,1,1
26,260442,3,3,4,3,7,19,36,12,2,1,0,17,3,34,402,34402,14,2007,WBXPC93407WF,W,B,X,P,C,9,3,4,0,7,W,F,0,P,BMW,BX3,UT,7,17,4012,,0,1101,,G,,0,0,000000000,00000000000,0,0,0,1,0,0,0,0,0,0,0,98,0,0,0,12,12,6,2,12,0,0,0,1,17,62535,6,1,6,0,3,0,63,115,0,0,0,0,0,0,0,0,0,0,0,0,0,0,1,2,55,1,1,2,1,0,0,1,54,1,1,1,98,0,0
26,260443,1,1,2,15,7,14,40,42,0,1,0,26,2,18,22,18022,4,2008,2G4WD5823812,2,G,4,W,D,5,8,2,3,8,1,2,0,P,BUIC,LAL,4D,8,17,3502,,0,1105,,G,,0,0,000000000,00000000000,0,0,0,1,0,0,0,0,0,0,0,98,0,0,0,12,12,6,2,2,0,0,1,1,26,49050,6,1,0,0,3,0,73,225,0,0,0,1,1,4,2008,6,2010,0,0,0,0,0,1,2,55,1,2,2,1,0,0,1,13,1,1,4,1,2,0
26,260444,1,2,2,16,7,19,4,12,6,1,0,26,2,21,441,21441,20,2003,1GHDX13E43D3,1,G,H,D,X,1,3,E,4,3,D,3,0,T,OLDS,LUX,ES,3,17,,1,0,1200,SIL,G,,0,0,000000000,00000000000,0,0,0,1,0,0,0,0,0,0,0,98,0,0,0,3,3,6,2,12,0,0,0,1,26,48854,6,2,0,0,3,0,62,100,0,0,0,0,0,0,0,0,0,0,38,0,0,0,1,2,55,1,2,2,1,0,0,11,15,1,1,2,68,1,0
26,260444,2,2,3,16,7,19,4,12,6,1,0,26,1,7,482,7482,31,1998,1B7HF13Z9WJ1,1,B,7,H,F,1,3,Z,9,W,J,1,0,T,DODG,Q15,4C,98,17,,2,1547,1387,RPC,G,,0,0,000000000,00000000000,0,0,0,1,0,0,0,0,0,0,0,98,0,0,0,12,12,6,2,12,0,0,0,1,26,48611,6,1,0,0,3,3,70,175,0,0,0,0,0,0,0,0,0,0,0,0,0,0,1,2,55,1,1,2,1,0,0,1,62,1,1,1,69,0,0
26,260445,1,2,2,10,4,21,10,12,7,1,0,26,2,22,2,22002,4,2001,1G2HY54K1142,1,G,2,H,Y,5,4,K,1,1,4,2,0,P,PONT,BSL,4D,1,17,3678,,0,1122,,G,,0,0,000000000,00000000000,0,0,0,1,0,0,0,0,0,0,0,98,0,0,0,7,7,6,2,12,0,0,1,1,26,48654,6,1,0,0,3,0,66,136,0,0,0,0,0,0,0,0,0,0,99,99,99,99,1,2,55,1,2,2,2,0,0,6,11,1,1,2,45,1,0
26,260445,2,2,1,10,4,21,10,12,7,1,0,26,2,7,482,7482,31,1998,3B7HF12Y8WM2,3,B,7,H,F,1,2,Y,8,W,M,2,0,T,DODG,150,PC,98,17,,2,1547,1387,RPC,G,,0,0,000000000,00000000000,0,0,0,1,0,0,0,0,0,0,0,98,0,0,0,1,1,2,3,12,0,0,0,1,26,48654,6,2,0,0,3,0,70,145,0,0,0,1,0,3,2010,3,2010,0,36,0,0,0,1,2,55,1,2,2,2,0,0,1,61,1,1,1,44,0,0
26,260446,1,1,1,21,4,5,37,33,0,1,0,26,1,12,35,12035,4,1997,1FALP6537VK1,1,F,A,L,P,6,5,3,7,V,K,1,0,P,FORD,CSG,4D,97,17,0,,0,1065,,G,,0,0,000000000,00000000000,0,0,0,1,0,0,0,0,0,0,0,98,0,0,0,12,12,6,2,25,0,0,0,1,26,48146,6,1,0,0,3,0,66,210,1,0,0,1,0,1,2010,2,2010,1,39,0,0,0,2,9,99,1,9,9,1,0,0,1,14,1,1,4,14,1,0
26,260447,1,2,1,3,5,19,1,12,6,1,0,26,1,7,482,7482,31,2000,3B7HC12Y3YG1,3,B,7,H,C,1,2,Y,3,Y,G,1,0,T,DODG,150,PC,0,17,,2,0,1387,RPC,G,,0,0,000000000,00000000000,0,0,0,1,0,0,0,0,0,0,0,98,0,0,0,12,12,6,2,12,0,0,0,1,26,48040,6,1,0,0,3,3,67,209,0,0,0,0,0,0,0,0,0,0,39,0,0,0,1,2,45,1,1,2,1,4,3,1,17,1,1,1,88,0,1
26,260447,2,2,2,3,5,19,1,12,6,1,0,26,1,18,7,18007,4,2004,2G4WS52J2411,2,G,4,W,S,5,2,J,2,4,1,1,0,P,BUIC,CCU,4D,4,17,3342,,0,1090,,G,,0,0,000000000,00000000000,0,0,0,1,0,0,0,0,0,0,0,98,0,0,0,9,9,6,2,12,0,0,0,1,26,48097,6,1,0,0,3,0,72,250,0,0,0,0,0,0,0,0,0,0,0,0,0,0,1,2,99,1,1,2,1,3,3,4,66,1,1,1,89,1,0
26,260448,1,2,1,20,7,16,3,12,2,1,0,26,1,18,23,18023,4,2008,1G4HD57268U1,1,G,4,H,D,5,7,2,6,8,U,1,0,P,BUIC,UXL,4D,8,17,3792,,0,1156,,G,,0,0,000000000,00000000000,0,0,0,1,0,0,0,0,0,0,0,98,0,0,0,12,12,6,2,12,0,0,0,1,26,48867,6,1,0,0,3,3,69,185,0,0,0,0,0,0,0,0,0,0,28,0,0,0,1,2,55,1,9,9,1,0,0,1,10,1,1,4,50,1,0
26,260448,2,2,1,20,7,16,3,12,2,1,0,17,3,51,881,51881,66,2005,4V4N19TG85N3,4,V,4,N,1,9,T,G,8,5,N,3,1,T,VOLV,VNL,DS,5,17,,7,0,0,VVN,D,,1,57,019949,57019949,3,6,98,1,0,0,0,0,0,0,0,98,0,0,0,12,12,6,2,12,0,0,0,1,26,48867,6,1,6,0,3,0,72,165,0,0,0,0,0,0,0,0,0,0,0,0,0,0,1,2,55,1,9,9,1,0,0,1,62,7,1,4,51,0,0
26,260449,1,2,2,19,7,17,40,12,7,1,0,26,1,14,36,14036,4,1993,3MAPM148XPR6,3,M,A,P,M,1,4,8,X,P,R,6,0,P,MERC,TTS,4D,93,17,2464,,0,984,,G,,0,0,000000000,00000000000,0,0,0,1,0,0,0,0,0,0,0,98,0,0,0,5,99,2,1,12,0,0,0,1,26,48197,6,1,0,0,3,0,71,175,0,5,0,0,0,10,2007,3,2009,0,99,99,99,99,3,3,55,1,1,2,1,0,0,15,8,1,1,2,44,0,0
26,260449,2,2,2,19,7,17,40,12,7,1,0,26,9,12,401,12401,14,2002,1FMZU75K32ZC,1,F,M,Z,U,7,5,K,3,2,Z,C,0,P,FORD,EPR,UT,2,17,4386,,0,1137,,F,,0,0,000000000,00000000000,0,0,0,1,0,0,0,0,0,0,0,98,0,1,6,9,99,6,2,1,0,0,0,1,26,48219,1,1,0,0,2,3,63,215,0,1,0,0,0,11,2007,11,2007,0,0,0,0,0,3,3,55,1,1,2,1,0,0,1,61,1,1,1,45,1,0
26,260450,1,1,1,28,7,10,14,8,0,1,0,18,9,84,881,84881,66,2001,1HSHBAHN41H3,1,H,S,H,B,A,H,N,4,1,H,3,1,T,INTL,810,DS,1,17,,7,2560,1360,80S,D,,1,57,121058,57121058,3,6,1,1,0,0,0,0,0,0,0,98,0,0,0,12,12,2,1,8,0,0,0,1,26,48125,6,1,6,0,3,0,71,160,3,0,0,0,0,5,2008,6,2009,0,0,0,0,0,2,3,55,1,1,2,1,0,0,1,80,98,1,1,13,0,0
26,260451,1,1,2,1,8,17,30,42,0,1,0,26,2,7,472,7472,30,2001,1B7GG22N41S2,1,B,7,G,G,2,2,N,4,1,S,2,0,T,DODG,DAK,PC,1,17,,1,0,1309,DAK,G,,0,0,000000000,00000000000,0,0,0,1,0,0,0,0,0,0,0,98,0,0,0,1,1,6,2,42,0,0,0,1,26,49341,6,1,0,0,3,3,73,140,0,0,0,2,0,4,2008,7,2010,1,99,99,99,99,1,2,55,2,1,2,1,0,0,14,13,1,1,4,1,1,0
26,260452,1,1,1,3,8,10,40,42,0,1,0,26,1,7,442,7442,20,1993,1B4GH44R6PX7,1,B,4,G,H,4,4,R,6,P,X,7,0,P,DODG,CAR,SV,93,17,3476,,0,1190,,G,,0,0,000000000,00000000000,0,0,0,1,0,0,0,0,0,0,0,98,0,0,0,12,12,6,8,42,0,0,0,1,26,49642,6,1,0,0,3,0,73,220,0,0,0,0,0,0,0,0,0,0,99,99,99,99,1,2,55,1,1,1,1,0,0,1,13,1,1,4,1,1,0
26,260453,1,1,1,4,8,10,12,8,0,1,0,26,1,12,481,12481,31,2007,1FTRX12W47FA,1,F,T,R,X,1,2,W,4,7,F,A,0,T,FORD,F15,4C,7,17,,2,1630,1330,COF,G,,0,0,000000000,00000000000,0,0,0,1,0,0,0,0,0,0,0,98,0,0,0,12,12,2,3,8,0,0,0,1,26,48875,6,1,0,0,3,3,67,275,0,0,0,0,0,0,0,0,0,0,38,0,0,0,5,4,25,1,1,1,1,3,3,11,80,1,1,2,13,0,1
26,260454,1,2,3,30,3,17,12,12,6,1,0,26,2,18,401,18401,14,2002,3G5DB03E92S5,3,G,5,D,B,0,3,E,9,2,S,5,0,P,BUIC,RZV,UT,2,17,4250,,0,1122,,G,,0,0,000000000,00000000000,0,0,0,1,0,0,0,0,0,0,0,98,0,0,0,12,12,6,2,12,0,0,0,1,26,48602,6,1,0,0,3,3,66,115,0,0,0,0,0,0,0,0,0,0,39,0,0,0,4,2,50,1,1,2,1,3,3,1,17,1,1,1,88,0,0
26,260454,2,2,1,30,3,17,12,12,6,1,0,26,1,20,2,20002,4,2005,1G1ND52FX5M2,1,G,1,N,D,5,2,F,X,5,M,2,0,P,CHEV,CLA,4D,5,17,3106,,0,1070,,G,,0,0,000000000,00000000000,0,0,0,1,0,0,0,0,0,0,0,98,0,0,0,9,9,6,2,12,0,0,0,1,26,48602,6,1,0,0,3,3,68,225,2,0,0,0,0,11,2007,6,2009,0,0,0,0,0,4,2,99,1,1,2,1,3,3,1,66,1,1,1,89,1,1
26,260455,1,2,1,28,5,21,4,12,8,1,0,26,1,37,709,37709,80,1980,RC052000341,R,C,0,5,2,0,0,0,3,4,1,,0,P,,,,,,,,,,,,,0,0,000000000,00000000000,0,0,0,1,0,0,0,0,0,0,0,98,0,0,0,9,9,6,2,12,0,0,0,1,26,49740,6,1,0,0,3,3,71,160,1,0,0,0,1,6,2009,6,2009,0,36,0,0,0,1,2,55,2,2,2,1,0,0,14,10,1,1,1,64,1,0
26,260455,2,2,1,28,5,21,4,12,8,1,0,26,1,20,481,20481,31,2005,1GCHK23235F9,1,G,C,H,K,2,3,2,3,5,F,9,0,T,CHEV,2KH,CW,5,17,,2,1670,1530,SIL,D,,0,0,000000000,00000000000,0,0,0,1,0,0,0,0,0,0,0,98,0,0,0,5,5,0,3,12,0,0,0,1,26,49740,6,1,0,0,3,0,68,160,6,0,0,0,0,10,2007,1,2010,0,0,0,0,0,1,2,55,2,2,2,1,0,0,14,62,7,1,1,65,0,0
26,260456,1,2,1,21,6,15,3,12,2,1,0,26,1,18,22,18022,4,2006,2G4WC5826611,2,G,4,W,C,5,8,2,6,6,1,1,0,P,BUIC,LCX,4D,6,17,3495,,0,1105,,G,,0,0,000000000,00000000000,0,0,0,1,0,0,0,0,0,0,0,98,0,0,0,12,12,6,2,12,0,0,0,1,26,48189,6,1,0,0,3,3,68,168,0,0,0,0,0,0,0,0,0,0,28,0,0,0,1,2,45,2,2,2,1,0,0,14,10,1,1,2,50,1,0