STATE,ST_CASE,VEH_NO,VE_FORMS,NUMOCCS,DAY,MONTH,HOUR,MINUTE,HARM_EV,MAN_COLL,UNITTYPE,HIT_RUN,REG_STAT,OWNER,MAKE,MODEL,MAK_MOD,BODY_TYP,MOD_YEAR,VIN,VIN_1,VIN_2,VIN_3,VIN_4,VIN_5,VIN_6,VIN_7,VIN_8,VIN_9,VIN_10,VIN_11,VIN_12,TOW_VEH,VINTYPE,VINMAKE,VINA_MOD,VIN_BT,VINMODYR,VIN_LNGT,VIN_WGT,WGTCD_TR,WHLBS_LG,WHLBS_SH,SER_TR,FUELCODE,MCYCL_DS,J_KNIFE,MCARR_I1,MCARR_I2,MCARR_ID,GVWR,V_CONFIG,CARGO_BT,HAZ_INV,HAZ_PLAC,HAZ_ID,HAZ_CNO,HAZ_REL,BUS_USE,SPEC_USE,EMER_USE,TRAV_SP,UNDERIDE,ROLLOVER,ROLINLOC,IMPACT1,IMPACT2,DEFORMED,TOWED,M_HARM,VEH_SC1,VEH_SC2,FIRE_EXP,DR_PRES,L_STATE,DR_ZIP,L_STATUS,L_TYPE,CDL_STAT,L_ENDORS,L_COMPL,L_RESTRI,DR_HGT,DR_WGT,PREV_ACC,PREV_SUS,PREV_DWI,PREV_SPD,PREV_OTH,FIRST_MO,FIRST_YR,LAST_MO,LAST_YR,SPEEDREL,DR_SF1,DR_SF2,DR_SF3,DR_SF4,VTRAFWAY,VNUM_LAN,VSPD_LIM,VALIGN,VPROFILE,VPAVETYP,VSURCOND,VTRAFCON,VTCONT_F,P_CRASH1,P_CRASH2,P_CRASH3,PCRASH4,PCRASH5,ACC_TYPE,DEATHS,DR_DRINK
26,260456,2,2,2,21,6,15,3,12,2,1,0,26,3,12,884,12884,66,1979,W90VVEC8577,W,9,0,V,V,E,C,8,5,7,7,,1,P,,,,,,,,,,,,,1,57,001748146,57001748146,3,6,4,1,0,0,0,0,0,0,0,98,0,0,0,12,12,6,2,12,0,0,0,1,26,48169,6,1,6,0,3,0,72,190,0,0,0,1,0,9,2007,9,2007,0,0,0,0,0,1,2,45,2,2,2,1,0,0,14,62,1,1,1,51,0,0
26,260457,1,1,2,20,6,2,48,1,0,1,0,26,1,41,51,41051,4,2007,JM1BK1235716,J,M,1,B,K,1,2,3,5,7,1,6,0,P,MAZD,M3S,4D,7,17,2906,,0,1039,,G,,0,0,000000000,00000000000,0,0,0,1,0,0,0,0,0,0,0,98,0,2,6,0,0,6,2,1,0,0,0,1,26,48073,6,1,0,0,3,0,69,150,0,0,0,1,0,5,2008,5,2008,0,36,0,0,0,1,2,70,1,1,2,1,0,0,1,13,1,1,4,1,1,1
26,260458,1,2,1,24,6,13,35,12,6,1,0,26,1,18,4,18004,4,1992,1G4BT5374NR4,1,G,4,B,T,5,3,7,4,N,R,4,0,P,BUIC,RDL,4D,92,17,4113,,0,1159,,G,,0,0,000000000,00000000000,0,0,0,1,0,0,0,0,0,0,0,98,0,0,0,9,9,6,2,12,0,0,0,1,26,48122,6,1,0,0,3,3,73,175,0,0,0,0,0,0,0,0,0,0,38,0,0,0,1,4,30,1,1,2,1,0,0,11,15,1,1,2,82,1,0
26,260458,2,2,2,24,6,13,35,12,6,1,0,26,2,20,37,20037,4,2009,1G1ZJ5779941,1,G,1,Z,J,5,7,7,9,9,4,1,0,P,CHEV,ML2,4D,9,17,3436,,0,1123,,G,,0,0,000000000,00000000000,0,0,0,1,0,0,0,0,0,0,0,98,0,0,0,12,12,6,2,12,0,0,0,1,26,48126,6,1,0,0,3,0,65,170,0,0,0,0,0,0,0,0,0,0,0,0,0,0,1,4,30,1,1,2,1,0,0,1,71,1,1,1,83,0,0
26,260459,1,2,3,7,7,15,51,12,6,1,0,26,1,14,17,14017,4,2004,1MEFM55S04A6,1,M,E,F,M,5,5,S,0,4,A,6,0,P,MERC,SLP,4D,4,17,3369,,0,1085,,G,,0,0,000000000,00000000000,0,0,0,1,0,0,0,0,0,0,0,98,0,0,0,11,11,6,2,12,0,0,0,1,26,48146,6,1,0,0,3,0,66,240,0,1,0,1,0,4,2008,6,2008,0,38,0,0,0,5,4,40,1,1,1,1,0,0,11,15,1,1,2,82,0,0
26,260459,2,2,1,7,7,15,51,12,6,1,0,26,2,72,706,72706,80,1998,1HD1BML13WY0,1,H,D,1,B,M,L,1,3,W,Y,0,0,M,HD,FLF,RS,98,17,,,,,,,1340,0,0,000000000,00000000000,0,0,0,1,0,0,0,0,0,0,0,98,0,0,0,12,12,6,2,12,0,0,0,1,26,48180,6,1,6,0,3,3,70,212,1,0,0,0,0,12,2009,12,2009,0,0,0,0,0,5,4,40,1,1,1,1,0,0,1,71,1,1,1,83,1,1
26,260460,1,1,1,4,8,22,3,8,0,1,0,26,1,14,17,14017,4,1995,1MELM50U5SG6,1,M,E,L,M,5,0,U,5,S,G,6,0,P,MERC,SGS,4D,95,17,3144,,0,1060,,G,,0,0,000000000,00000000000,0,0,0,1,0,0,0,0,0,0,0,98,0,0,0,12,12,2,3,8,0,0,0,1,26,48185,6,1,0,0,3,0,72,165,1,0,0,1,0,9,2009,4,2010,0,0,0,0,0,5,4,40,1,1,1,1,3,3,1,80,1,1,1,13,0,1
26,260461,1,1,1,4,8,23,14,8,0,1,0,26,3,85,881,85881,66,1998,1XKAD99X8WJ7,1,X,K,A,D,9,9,X,8,W,J,7,1,T,KW,T60,DS,98,17,,8,2600,1600,CON,D,,1,57,209027,57209027,3,6,1,1,0,0,0,0,0,0,0,98,0,0,0,12,12,2,3,8,0,0,0,1,26,48313,6,1,6,0,3,0,66,160,1,0,0,0,0,12,2007,12,2007,0,0,0,0,0,2,4,70,1,1,1,1,0,0,1,80,1,1,1,13,0,0
26,260462,1,1,2,6,8,23,0,8,0,1,0,26,1,14,17,14017,4,1999,1MEFM53U6XG6,1,M,E,F,M,5,3,U,6,X,G,6,0,P,MERC,SLS,4D,99,17,3299,,0,1085,,G,,0,0,000000000,00000000000,0,0,0,1,0,0,0,0,0,0,0,98,0,0,0,12,12,6,2,8,0,0,0,1,26,49098,6,1,0,0,3,0,67,135,4,0,0,0,0,10,2007,7,2010,0,0,0,0,0,2,4,70,3,1,2,1,0,0,14,80,1,1,1,13,0,0
26,260463,1,1,2,7,8,1,16,42,0,1,0,26,2,20,2,20002,4,2005,2G1WF55E6593,2,G,1,W,F,5,5,E,6,5,9,3,0,P,CHEV,IMP,4D,5,17,3389,,0,1105,,G,,0,0,000000000,00000000000,0,0,0,1,0,0,0,0,0,0,0,98,0,0,0,12,12,6,2,42,0,0,0,1,26,49651,6,1,0,0,3,0,65,136,0,0,0,0,0,0,0,0,0,0,36,0,0,0,1,2,55,1,2,2,1,0,0,1,13,1,1,4,1,1,1
26,260464,1,1,1,7,8,4,45,42,0,1,0,26,2,37,703,37703,80,2001,JH2MC13061K7,J,H,2,M,C,1,3,0,6,1,K,7,0,M,HOND,CMX,RS,1,17,,,,,,,234,0,0,000000000,00000000000,0,0,0,1,0,0,0,0,0,0,0,98,0,0,0,11,11,6,2,42,0,0,0,1,26,49712,6,1,0,0,3,0,69,220,0,0,0,0,0,0,0,0,0,0,99,99,99,99,1,2,55,2,2,2,1,0,0,14,13,1,1,4,1,1,1
26,260465,1,2,3,6,8,17,50,12,6,1,0,26,2,12,481,12481,31,1992,1FTEX15NXNKA,1,F,T,E,X,1,5,N,X,N,K,A,0,T,FORD,F15,PS,92,17,,2,1550,1390,COF,G,,0,0,000000000,00000000000,0,0,0,1,0,0,0,0,0,0,0,98,0,0,0,3,3,6,2,12,0,0,0,1,26,48178,6,2,0,0,3,0,67,150,0,0,0,0,0,0,0,0,0,0,38,0,0,0,1,2,50,1,1,2,1,0,0,11,15,1,1,2,68,0,0
26,260465,2,2,2,6,8,17,50,12,6,1,0,26,1,73,709,73709,80,2008,JKBZGNB1X8A0,J,K,B,Z,G,N,B,1,X,8,A,0,0,M,KAWK,ZG4,RS,8,17,,,,,,,1352,0,0,000000000,00000000000,0,0,0,1,0,0,0,0,0,0,0,98,0,0,0,12,12,6,2,12,0,0,0,1,26,48381,6,1,0,0,3,0,74,210,0,0,0,1,0,1,2008,1,2008,0,0,0,0,0,1,2,50,1,1,2,1,0,0,1,62,1,1,1,69,2,1
26,260466,1,1,1,7,8,23,5,9,0,1,1,40,3,7,482,7482,31,2009,3D7KS28T49G5,3,D,7,K,S,2,8,T,4,9,G,5,0,T,DODG,SQ2,CW,9,17,,2,1605,1405,RPC,G,,0,0,000000000,00000000000,0,0,0,1,0,0,0,0,0,0,0,98,0,0,0,12,12,4,1,9,0,0,0,1,26,48625,6,1,0,0,3,0,73,210,0,2,1,0,0,5,2009,2,2010,0,99,99,99,99,1,2,55,1,1,2,1,0,0,1,83,1,1,1,13,0,0
26,260467,1,1,1,9,8,17,6,42,0,1,0,26,2,18,20,18020,4,2002,2G4WF5517211,2,G,4,W,F,5,5,1,7,2,1,1,0,P,BUIC,R/G,4D,2,17,3543,,0,1090,,G,,0,0,000000000,00000000000,0,0,0,1,0,0,0,0,0,0,0,98,0,0,0,9,9,6,2,42,0,0,0,1,26,49204,3,1,0,0,2,0,72,185,0,0,0,0,0,0,0,0,0,1,28,0,0,0,1,2,55,1,1,2,2,0,0,1,13,1,1,4,1,1,1
26,260468,1,2,1,10,8,10,39,12,6,1,0,26,1,2,403,2403,14,2002,1J4FA39S62P7,1,J,4,F,A,3,9,S,6,2,P,7,0,T,JEEP,WRX,2W,2,17,,1,0,934,W/T,G,,0,0,000000000,00000000000,0,0,0,1,0,0,0,0,0,0,0,98,0,0,0,9,9,6,2,12,0,0,0,1,26,49740,6,1,0,0,3,0,70,160,0,0,0,0,0,0,0,0,0,0,38,0,0,0,1,2,55,1,1,1,1,20,3,1,17,1,1,1,89,1,0
26,260468,2,2,1,10,8,10,39,12,6,1,0,26,1,20,431,20431,16,2000,3GNFK16TXYG1,3,G,N,F,K,1,6,T,X,Y,G,1,0,P,CHEV,K15,UT,0,17,5123,,0,1300,,G,,0,0,000000000,00000000000,0,0,0,1,0,0,0,0,0,0,0,98,0,0,0,12,12,6,2,12,0,0,0,1,26,49706,6,1,0,0,3,0,68,275,0,0,0,0,0,0,0,0,0,0,0,0,0,0,1,2,55,1,1,1,1,0,0,1,66,1,1,1,88,0,0
26,260469,1,2,1,9,8,23,50,12,1,1,0,26,1,76,706,76706,80,2000,JYAVP11Y5YA0,J,Y,A,V,P,1,1,Y,5,Y,A,0,0,M,YAMA,XVS,RS,0,17,,,,,,,1063,0,0,000000000,00000000000,0,0,0,1,0,0,0,0,0,0,0,98,0,0,0,12,12,6,2,12,0,0,0,1,26,48183,6,1,0,0,3,0,66,200,0,0,0,3,1,10,2008,11,2008,0,26,0,0,0,1,2,45,1,1,1,1,0,0,1,50,1,1,1,20,1,1
26,260469,2,2,1,9,8,23,50,12,1,1,0,26,1,12,481,12481,31,1999,2FTRX07W1XCB,2,F,T,R,X,0,7,W,1,X,C,B,0,T,FORD,F15,4C,99,17,,2,0,1385,COF,G,,0,0,000000000,00000000000,0,0,0,1,0,0,0,0,0,0,0,0,0,0,0,6,6,2,1,12,0,0,0,1,26,48183,6,1,0,0,3,0,60,140,1,1,1,0,0,7,2008,2,2009,0,0,0,0,0,1,2,45,1,1,1,1,0,0,5,53,1,1,1,21,0,0
26,260470,1,1,1,10,8,1,17,59,0,1,0,93,3,84,881,84881,66,1996,2HSFHAMRXTC0,2,H,S,F,H,A,M,R,X,T,C,0,1,T,INTL,940,TM,96,17,,8,2340,1600,90S,D,,1,57,000585934,57000585934,3,6,1,1,0,0,0,0,0,0,0,98,0,0,0,12,12,6,2,39,0,0,1,1,19,52305,6,1,6,0,3,3,70,260,0,0,0,0,2,8,2007,9,2007,0,99,99,99,99,2,2,60,1,1,2,1,0,0,1,13,1,1,4,1,1,0
26,260471,1,2,1,11,8,12,16,12,6,1,0,26,1,76,705,76705,80,1985,JYA1FG006FA0,J,Y,A,1,F,G,0,0,6,F,A,0,0,M,YAMA,XJ0,RS,85,17,,,,,,,696,0,0,000000000,00000000000,0,0,0,1,0,0,0,0,0,0,0,98,0,0,0,3,99,6,2,12,0,0,0,1,26,48890,6,1,6,0,3,0,61,139,0,0,0,0,0,0,0,0,0,0,26,0,0,0,1,2,55,1,1,2,2,20,3,1,17,1,1,1,87,1,0
26,260471,2,2,1,11,8,12,16,12,6,1,0,26,1,12,481,12481,31,2003,1FTRX17203NB,1,F,T,R,X,1,7,2,0,3,N,B,0,T,FORD,F15,4C,3,17,,2,1571,1385,COF,G,,0,0,000000000,00000000000,0,0,0,1,0,0,0,0,0,0,0,98,0,0,0,12,99,6,2,12,0,0,0,1,26,48875,6,1,0,0,3,0,72,185,0,0,0,0,0,0,0,0,0,0,0,0,0,0,1,2,55,1,1,2,2,0,0,1,66,1,1,1,86,0,0
26,260472,1,2,1,11,8,9,50,12,6,1,0,39,3,85,881,85881,63,2008,2NKMHN7X68M2,2,N,K,M,H,N,7,X,6,8,M,2,0,T,KW,T30,CC,8,17,,7,2800,1450,CON,D,,0,57,086873,57086873,3,1,1,1,0,0,0,0,0,0,0,98,0,0,0,11,11,6,2,12,0,0,0,1,39,43402,6,1,6,0,3,3,72,147,0,0,0,0,0,0,0,0,0,0,39,0,0,0,1,2,30,1,1,2,1,20,3,1,17,1,1,1,89,0,0
26,260472,2,2,2,11,8,9,50,12,6,1,0,39,2,23,481,23481,31,2001,1GTHC29G91E1,1,G,T,H,C,2,9,G,9,1,E,1,0,T,GMC,2CH,4C,1,17,,2,1575,1430,SIE,G,,0,0,000000000,00000000000,0,0,0,1,0,0,0,0,0,0,0,98,0,0,0,12,12,6,2,12,0,0,0,1,39,43251,6,1,6,0,3,0,72,220,0,0,0,0,0,0,0,0,0,0,0,0,0,0,1,2,55,1,1,2,1,0,0,1,66,1,1,2,88,1,0
26,260473,1,1,1,12,8,20,32,18,0,1,0,26,5,22,32,22032,6,2009,5Y2SR67049Z4,5,Y,2,S,R,6,7,0,4,9,Z,4,0,P,PONT,VGT,4H,9,17,3075,,0,1024,,G,,0,0,000000000,00000000000,0,0,0,1,0,0,0,0,0,0,0,98,0,0,0,1,99,6,2,24,0,0,0,1,26,48228,0,0,0,0,0,0,68,170,0,6,0,0,1,12,2007,1,2010,1,36,0,0,0,2,3,55,2,2,1,1,0,0,14,10,1,1,2,12,1,1
26,260474,1,2,1,13,8,22,27,12,1,1,0,26,1,20,8,20008,2,1978,1X27D8W14342,1,X,2,7,D,8,W,1,4,3,4,2,0,P,,,,,,,,,,,,,0,0,000000000,00000000000,0,0,0,1,0,0,0,0,0,0,0,98,0,0,0,12,12,6,2,12,0,0,0,1,26,48634,6,1,0,0,3,0,64,130,0,0,0,0,0,0,0,0,0,0,36,0,0,0,1,4,55,1,1,2,1,0,0,1,51,1,1,1,24,0,1
26,260474,2,2,2,13,8,22,27,12,1,1,0,26,1,72,706,72706,80,1990,1HD1DJL11LY5,1,H,D,1,D,J,L,1,1,L,Y,5,0,M,HD,FHC,RS,90,17,,,,,,,1340,0,0,000000000,00000000000,0,0,0,1,0,0,0,0,0,0,0,98,0,0,0,6,6,6,2,12,0,0,0,1,26,48601,6,1,0,0,3,0,70,175,0,0,0,0,0,0,0,0,0,0,0,0,0,0,1,5,55,1,1,2,1,0,0,1,53,1,1,1,25,1,0
26,260476,1,1,2,13,8,20,8,38,0,1,0,0,0,76,733,76733,90,1991,JY43JMA0XMC0,J,Y,4,3,J,M,A,0,X,M,C,0,0,M,YAMA,YFS,AT,91,17,,,,,,,195,0,0,000000000,00000000000,0,0,0,1,0,0,0,0,0,0,0,98,0,1,6,12,12,6,2,38,0,0,0,1,26,49221,0,0,0,0,0,0,999,999,0,0,0,0,0,0,0,0,0,1,0,0,0,0,1,2,55,1,2,4,1,0,0,12,13,1,1,4,98,1,0
26,260477,1,1,1,13,8,23,22,1,0,1,0,26,2,20,401,20401,14,2002,1GNET16S6261,1,G,N,E,T,1,6,S,6,2,6,1,0,P,CHEV,TRL,UT,2,17,5020,,0,1290,,G,,0,0,000000000,00000000000,0,0,0,1,0,0,0,0,0,0,0,98,0,2,6,0,0,6,2,1,0,0,0,1,26,48417,6,1,0,0,3,0,65,145,0,0,0,0,0,0,0,0,0,0,99,99,99,99,1,2,55,1,1,2,1,0,0,1,12,1,1,4,6,1,1
26,260478,1,2,1,15,8,8,47,12,6,1,0,26,1,98,709,98709,81,9999,RFBSFAAG81B1,R,F,B,S,F,A,A,G,8,1,B,1,0,U,,,,1,17,,,,,,,,0,0,000000000,00000000000,0,0,0,1,0,0,0,0,0,0,0,98,0,0,0,3,3,6,2,12,0,0,0,1,26,49017,6,1,0,0,3,0,72,209,0,0,0,0,0,0,0,0,0,0,39,0,0,0,1,2,45,1,1,2,1,20,3,1,66,1,1,1,87,1,1
26,260478,2,2,1,15,8,8,47,12,6,1,0,26,1,20,881,20881,63,1987,1GBL7D1F8HV1,1,G,B,L,7,D,1,F,8,H,V,1,0,T,CHEV,C7D,CB,87,17,,7,2540,1250,C6V,D,,0,57,1816139,571816139,3,1,98,1,0,0,0,0,0,0,0,98,0,0,0,12,12,2,3,12,0,0,0,1,26,49060,1,1,0,0,2,0,71,200,0,0,0,0,0,0,0,0,0,0,0,0,0,0,1,2,99,1,1,2,1,0,0,1,66,1,1,1,86,0,0
26,260479,1,1,2,14,8,12,6,1,0,1,0,26,1,37,706,37706,80,2001,1HFSC47031A0,1,H,F,S,C,4,7,0,3,1,A,0,0,M,HOND,GL8,RS,1,17,,,,,,,1832,0,0,000000000,00000000000,0,0,0,1,0,0,0,0,0,0,0,98,0,0,0,0,0,4,3,1,0,0,0,1,26,49783,6,1,0,0,3,0,72,185,1,0,0,0,0,8,2007,8,2007,1,0,0,0,0,1,2,45,2,2,2,1,0,0,14,13,1,1,4,1,1,0
26,260480,1,2,1,15,8,1,35,12,1,1,0,26,2,59,32,59032,4,2004,JTHBN36F3401,J,T,H,B,N,3,6,F,3,4,0,1,0,P,LEXS,L43,4D,4,17,3945,,0,1152,,G,,0,0,000000000,00000000000,0,0,0,1,0,0,0,0,0,0,0,98,0,0,0,12,12,6,2,12,0,0,0,1,26,48331,1,1,0,0,2,0,70,140,0,4,0,2,1,9,2009,8,2010,0,36,0,0,0,3,3,70,1,1,2,1,0,0,1,51,1,1,1,24,0,1
26,260480,2,2,1,15,8,1,35,12,1,1,0,26,2,7,41,7041,4,2000,2B3HD56J9YH3,2,B,3,H,D,5,6,J,9,Y,H,3,0,P,DODG,IES,4D,0,17,3403,,0,1130,,G,,0,0,000000000,00000000000,0,0,0,1,0,0,0,0,0,0,0,98,0,0,0,6,6,6,2,12,0,0,0,1,26,48185,6,1,0,0,3,0,67,105,0,0,0,0,0,0,0,0,0,0,0,0,0,0,3,3,70,1,1,2,1,0,0,1,53,1,1,1,25,1,0
26,260481,1,1,1,9,8,9,7,9,0,1,0,26,1,14,21,14021,4,2010,3MEHM0HA4AR6,3,M,E,H,M,0,H,A,4,A,R,6,0,P,MERC,MLN,4D,10,17,3117,,0,1074,,G,,0,0,000000000,00000000000,0,0,0,1,0,0,0,0,0,0,0,98,0,0,0,1,1,6,2,9,0,0,0,1,26,48154,6,1,0,0,3,3,68,165,0,0,0,0,0,0,0,0,0,0,0,0,0,0,2,2,25,1,1,1,1,3,3,1,83,1,1,1,13,0,0
26,260482,1,1,1,13,8,2,15,42,0,1,0,26,2,24,401,24401,14,2007,5GZCZ33D17S8,5,G,Z,C,Z,3,3,D,1,7,S,8,0,P,STRN,VUE,UT,7,17,3292,,0,1066,,G,,0,0,000000000,00000000000,0,0,0,1,0,0,0,0,0,0,0,98,0,0,0,9,9,6,2,42,0,0,0,1,26,48307,3,1,0,0,2,3,63,108,1,0,0,0,0,1,2008,1,2008,0,99,99,99,99,1,2,55,1,1,2,1,0,0,1,12,1,4,4,7,1,1
26,260483,1,1,2,14,8,23,41,59,0,1,0,26,5,12,17,12017,4,2003,1FAHP55SX3A1,1,F,A,H,P,5,5,S,X,3,A,1,0,P,FORD,TSS,4D,3,17,3329,,0,1085,,G,,0,0,000000000,00000000000,0,0,0,1,0,0,0,0,0,0,0,98,0,0,0,11,99,6,2,42,0,0,0,1,26,49507,0,0,0,0,0,0,999,999,0,0,0,0,0,0,0,0,0,1,36,50,0,0,4,1,25,1,1,2,1,0,0,1,13,1,1,4,1,2,0
26,260484,1,1,3,13,8,21,25,8,0,1,0,26,1,20,404,20404,14,2005,2CNDL13F6560,2,C,N,D,L,1,3,F,6,5,6,0,0,P,CHEV,EQU,UT,5,17,3660,,0,1125,,G,,0,0,000000000,00000000000,0,0,0,1,0,0,0,0,0,0,0,98,0,0,0,1,99,2,1,8,0,0,0,1,26,49315,6,1,0,0,3,0,71,170,1,0,0,0,0,1,2010,1,2010,0,0,0,0,0,1,4,45,1,1,2,1,0,0,1,80,1,1,1,13,0,0
26,260485,1,1,2,8,8,3,30,30,0,1,0,26,2,49,32,49032,4,1993,1NXAE04E3PZ0,1,N,X,A,E,0,4,E,3,P,Z,0,0,P,TOYT,COA,4D,93,17,2304,,0,957,,G,,0,0,000000000,00000000000,0,0,0,1,0,0,0,0,0,0,0,98,0,0,0,12,99,6,2,30,0,0,0,1,26,48211,6,1,0,0,3,0,69,168,0,12,0,2,0,10,2007,7,2010,0,36,0,0,0,5,4,30,1,1,2,1,0,0,1,13,1,1,4,1,1,0
26,260486,1,1,3,1,8,16,26,42,0,1,0,26,1,20,16,20016,4,1998,1G1JF5245W73,1,G,1,J,F,5,2,4,5,W,7,3,0,P,CHEV,CAS,4D,98,17,2729,,0,1041,,G,,0,0,000000000,00000000000,0,0,0,1,0,0,0,0,0,0,0,98,0,1,6,11,0,6,2,1,0,0,0,1,26,49245,6,1,0,0,3,3,65,210,0,0,0,0,0,0,0,0,0,0,36,0,0,0,1,2,55,1,1,2,1,0,0,1,12,1,1,4,6,1,0
26,260487,1,2,2,20,8,16,34,12,6,1,0,26,2,7,482,7482,31,2001,1B7HC16YX1S7,1,B,7,H,C,1,6,Y,X,1,S,7,0,T,DODG,150,PK,1,17,,2,1347,1187,RPC,G,,0,0,000000000,00000000000,0,0,0,1,0,0,0,0,0,0,0,98,0,0,0,12,99,6,2,19,0,0,0,1,26,48314,0,0,0,0,0,0,999,999,0,0,0,0,0,0,0,0,0,0,36,0,0,0,1,2,25,1,1,1,1,20,3,1,17,1,1,1,88,0,1
26,260487,2,2,4,20,8,16,34,12,6,1,0,26,2,6,43,6043,4,2003,1C3EL46X43N5,1,C,3,E,L,4,6,X,4,3,N,5,0,P,CHRY,SLX,4D,3,17,3102,,0,1080,,G,,0,0,000000000,00000000000,0,0,0,1,0,0,0,0,0,0,0,98,0,0,0,11,99,6,2,12,0,0,0,1,26,48213,1,1,0,0,2,0,67,240,0,8,0,0,0,10,2008,4,2010,0,0,0,0,0,1,2,25,1,1,2,1,20,3,1,66,1,1,1,89,1,0
26,260488,1,1,2,1,8,21,30,9,0,1,0,26,1,9,20,9020,2,1995,1P3ES62C5SD2,1,P,3,E,S,6,2,C,5,S,D,2,0,P,PLYM,NES,2P,95,17,2473,,0,1040,,G,,0,0,000000000,00000000000,0,0,0,1,0,0,0,0,0,0,0,98,0,0,0,1,1,4,3,9,0,0,0,1,26,48006,1,1,0,0,2,0,67,170,0,1,0,2,1,12,2009,7,2010,0,0,0,0,0,1,2,55,1,1,2,1,0,0,1,80,1,1,1,13,0,0
26,260489,1,2,2,6,8,0,6,8,0,1,0,26,1,20,22,20022,4,2006,1G1AK55F0678,1,G,1,A,K,5,5,F,0,6,7,8,0,P,CHEV,BLS,4D,6,17,3216,,0,1033,,G,,0,0,000000000,00000000000,0,0,0,1,0,0,0,0,0,0,0,98,0,0,0,11,99,6,2,8,0,0,0,1,26,48166,6,1,0,0,3,0,65,125,0,0,0,0,1,11,2007,11,2007,0,0,0,0,0,3,3,70,1,1,1,1,0,0,1,80,7,1,1,13,0,0
26,260489,2,2,1,6,8,0,6,8,0,1,0,18,3,82,881,82881,66,2006,1FUJBBCK36LU,1,F,U,J,B,B,C,K,3,6,L,U,1,T,FRHT,ST2,DS,6,17,,8,0,0,CON,D,,1,57,748243,57748243,3,6,1,1,0,0,0,0,0,0,0,98,0,0,0,12,8,2,1,8,0,0,0,1,39,44830,6,1,6,0,3,0,73,170,0,0,0,1,0,5,2009,5,2009,0,0,0,0,0,3,3,70,1,1,1,1,0,0,1,80,6,1,1,98,0,0
26,260490,1,1,1,7,8,21,30,42,0,1,0,26,1,12,481,12481,31,1999,1FTPF27M4XKB,1,F,T,P,F,2,7,M,4,X,K,B,0,T,FORD,F25,PK,99,17,,2,0,1385,COF,N,,0,0,000000000,00000000000,0,0,0,1,0,0,0,0,0,0,0,98,0,0,0,12,12,6,2,42,0,0,0,1,26,48124,6,1,0,0,3,3,71,200,2,0,0,1,0,12,2008,8,2009,0,99,99,99,99,2,2,35,1,1,2,1,0,0,1,13,1,1,4,1,1,0
26,260491,1,1,1,10,8,5,48,11,0,1,0,26,2,53,705,53705,80,2001,JS1GN7BA2121,J,S,1,G,N,7,B,A,2,1,2,1,0,M,SUZI,G60,RS,1,17,,,,,,,600,0,0,000000000,00000000000,0,0,0,1,0,0,0,0,0,0,0,98,0,0,0,11,11,6,2,59,0,0,0,1,26,49333,1,1,0,0,2,3,74,210,1,5,0,1,0,2,2008,5,2010,0,83,0,0,0,1,2,55,1,1,2,1,0,0,1,87,1,1,1,13,1,0
26,260493,1,1,1,7,7,2,42,59,0,1,0,26,2,53,706,53706,80,2006,JS1GT76AX621,J,S,1,G,T,7,6,A,X,6,2,1,0,M,SUZI,XR1,RS,6,17,,,,,,,999,0,0,000000000,00000000000,0,0,0,1,0,0,0,0,0,0,0,98,0,0,0,12,99,6,2,59,0,0,0,1,26,48239,6,1,0,0,3,0,69,190,2,18,1,1,1,9,2007,6,2010,1,0,0,0,0,3,2,70,2,1,1,1,0,0,14,12,1,1,4,6,1,1
26,260494,1,1,1,25,7,22,46,9,0,1,1,26,1,22,22,22022,4,2009,1G2ZH57N0941,1,G,2,Z,H,5,7,N,0,9,4,1,0,P,PONT,GGT,4D,9,17,3457,,0,1123,,G,,0,0,000000000,00000000000,0,0,0,1,0,0,0,0,0,0,0,98,0,0,0,1,1,2,1,9,0,0,0,1,26,48329,6,1,0,0,3,3,64,125,1,0,0,0,0,8,2008,8,2008,0,99,99,99,99,1,2,45,1,1,1,1,0,0,1,83,1,1,1,13,0,1
26,260495,1,2,1,11,8,2,3,12,2,1,0,26,1,12,17,12017,4,1999,1FAFP53U5XA3,1,F,A,F,P,5,3,U,5,X,A,3,0,P,FORD,TSE,4D,99,17,3353,,0,1085,,G,,0,0,000000000,00000000000,0,0,0,1,0,0,0,0,0,0,0,98,0,0,0,12,12,6,2,12,0,0,0,1,26,49431,6,1,0,0,3,0,60,105,0,0,0,1,0,5,2010,5,2010,0,51,0,0,0,2,2,70,1,1,2,1,0,0,1,54,1,1,2,50,1,1
26,260495,2,2,1,11,8,2,3,12,2,1,0,26,1,12,37,12037,6,2000,1FAFP36P6YW2,1,F,A,F,P,3,6,P,6,Y,W,2,0,P,FORD,FSC,SW,0,17,2717,,0,1030,,G,,0,0,000000000,00000000000,0,0,0,1,0,0,0,0,0,0,0,98,0,0,0,12,12,6,2,12,0,0,0,1,26,49525,6,1,6,0,3,0,66,160,2,0,0,1,0,2,2010,4,2010,0,0,0,0,0,2,2,70,1,1,2,1,0,0,1,62,1,1,1,51,1,1