STATE,ST_CASE,VEH_NO,VE_FORMS,NUMOCCS,DAY,MONTH,HOUR,MINUTE,HARM_EV,MAN_COLL,UNITTYPE,HIT_RUN,REG_STAT,OWNER,MAKE,MODEL,MAK_MOD,BODY_TYP,MOD_YEAR,VIN,VIN_1,VIN_2,VIN_3,VIN_4,VIN_5,VIN_6,VIN_7,VIN_8,VIN_9,VIN_10,VIN_11,VIN_12,TOW_VEH,VINTYPE,VINMAKE,VINA_MOD,VIN_BT,VINMODYR,VIN_LNGT,VIN_WGT,WGTCD_TR,WHLBS_LG,WHLBS_SH,SER_TR,FUELCODE,MCYCL_DS,J_KNIFE,MCARR_I1,MCARR_I2,MCARR_ID,GVWR,V_CONFIG,CARGO_BT,HAZ_INV,HAZ_PLAC,HAZ_ID,HAZ_CNO,HAZ_REL,BUS_USE,SPEC_USE,EMER_USE,TRAV_SP,UNDERIDE,ROLLOVER,ROLINLOC,IMPACT1,IMPACT2,DEFORMED,TOWED,M_HARM,VEH_SC1,VEH_SC2,FIRE_EXP,DR_PRES,L_STATE,DR_ZIP,L_STATUS,L_TYPE,CDL_STAT,L_ENDORS,L_COMPL,L_RESTRI,DR_HGT,DR_WGT,PREV_ACC,PREV_SUS,PREV_DWI,PREV_SPD,PREV_OTH,FIRST_MO,FIRST_YR,LAST_MO,LAST_YR,SPEEDREL,DR_SF1,DR_SF2,DR_SF3,DR_SF4,VTRAFWAY,VNUM_LAN,VSPD_LIM,VALIGN,VPROFILE,VPAVETYP,VSURCOND,VTRAFCON,VTCONT_F,P_CRASH1,P_CRASH2,P_CRASH3,PCRASH4,PCRASH5,ACC_TYPE,DEATHS,DR_DRINK
26,260529,1,1,1,1,7,22,4,1,0,1,0,26,1,12,442,12442,20,1998,2FMZA514XWBD,2,F,M,Z,A,5,1,4,X,W,B,D,0,T,FORD,WWG,ES,98,17,,1,0,1207,WIN,G,,0,0,000000000,00000000000,0,0,0,1,0,0,0,0,0,0,0,998,0,2,1,0,99,6,2,1,0,0,0,1,26,48204,6,1,0,0,3,0,67,250,0,0,0,0,0,0,0,0,0,1,26,0,0,0,3,3,55,1,1,1,1,0,0,3,51,6,1,2,98,1,1
26,260530,1,1,1,6,7,13,0,1,0,1,0,99,9,98,998,98998,93,9999,999999999999,9,9,9,9,9,9,9,9,9,9,9,9,0,U,,,,9,17,,,,,,,,0,0,000000000,00000000000,0,0,0,1,0,0,0,0,0,0,0,998,0,1,6,0,99,2,3,1,0,0,0,1,26,48442,6,1,0,0,3,3,70,175,0,0,0,0,0,0,0,0,0,0,36,0,0,0,1,2,55,1,9,9,1,0,0,1,13,1,1,4,98,1,0
26,260531,1,2,2,4,8,12,34,12,6,1,0,26,2,18,3,18003,4,1999,1G4CW52K4X46,1,G,4,C,W,5,2,K,4,X,4,6,0,P,BUIC,PKA,4D,99,17,3778,,0,1138,,G,,0,0,000000000,00000000000,0,0,0,1,0,0,0,0,0,0,0,998,0,0,0,3,3,6,2,12,0,0,0,1,26,48507,6,1,0,0,3,3,68,165,1,0,0,0,0,5,2010,5,2010,0,38,0,0,0,1,4,45,1,1,1,1,0,0,11,15,1,1,1,68,1,0
26,260531,2,2,1,4,8,12,34,12,6,1,0,26,2,23,401,23401,14,2003,1GKET16S6361,1,G,K,E,T,1,6,S,6,3,6,1,0,T,GMC,EXL,4W,3,17,,2,0,1290,ENV,G,,0,0,000000000,00000000000,0,0,0,1,0,0,0,0,0,0,0,998,0,0,0,12,12,6,2,12,0,0,0,1,26,48503,0,0,0,0,0,0,72,190,0,1,0,0,0,6,2009,6,2009,1,0,0,0,0,1,2,99,1,1,1,1,0,0,1,62,1,1,1,69,0,0
26,260532,1,1,1,27,8,0,26,14,0,1,0,26,3,20,23,20023,6,2006,3GNDA23D76S5,3,G,N,D,A,2,3,D,7,6,S,5,0,P,CHEV,HHR,UT,6,17,3155,,0,1035,,G,,0,0,000000000,00000000000,0,0,0,1,0,0,0,0,0,0,0,998,0,0,0,12,12,6,2,14,0,0,0,1,26,48048,1,1,0,0,2,0,65,117,1,1,0,0,1,2,2010,4,2010,0,51,0,0,0,3,2,60,1,1,1,1,0,0,1,50,1,1,4,11,1,1
26,260534,1,2,1,6,8,14,20,12,2,1,0,26,3,20,481,20481,31,1995,1GCGK24K4SE2,1,G,C,G,K,2,4,K,4,S,E,2,0,T,CHEV,GK2,PK,95,17,,2,0,1315,GM4,G,,0,0,000000000,00000000000,0,0,0,1,0,0,0,0,0,0,0,98,0,0,0,12,12,6,2,12,0,0,0,1,26,48021,6,1,0,0,3,0,75,210,2,1,1,1,0,9,2008,5,2010,0,28,0,0,0,1,2,45,2,1,9,1,0,0,14,10,1,1,2,50,0,1
26,260534,2,2,2,6,8,14,20,12,2,1,0,26,2,14,17,14017,4,2000,1MEFM55S2YG6,1,M,E,F,M,5,5,S,2,Y,G,6,0,P,MERC,SLP,4D,0,17,3375,,0,1085,,G,,0,0,000000000,00000000000,0,0,0,1,0,0,0,0,0,0,0,98,0,0,0,12,12,6,2,12,0,0,0,1,26,48047,6,1,0,0,3,3,60,165,0,0,0,0,0,0,0,0,0,0,0,0,0,0,1,2,45,3,1,9,1,0,0,14,62,1,1,1,51,2,0
26,260535,1,1,1,19,8,20,31,8,0,1,0,26,3,92,981,92981,52,2002,15GGD2219210,1,5,G,G,D,2,2,1,9,2,1,0,0,U,,,,2,17,,,,,,,,0,99,999999999,99999999999,3,21,22,1,0,0,0,0,6,0,0,98,0,0,0,12,12,0,9,8,0,0,0,1,26,48076,6,1,6,1,3,0,69,223,0,0,0,0,0,0,0,0,0,0,99,99,99,99,1,2,25,1,1,2,1,20,3,1,84,1,1,2,13,0,0
26,260537,1,1,1,29,8,1,58,14,0,1,0,26,1,73,706,73706,80,1994,JKAZXBD13RB5,J,K,A,Z,X,B,D,1,3,R,B,5,0,M,KAWK,ZXD,RS,94,17,,,,,,,1100,0,0,000000000,00000000000,0,0,0,1,0,0,0,0,0,0,0,98,0,0,0,12,12,6,2,14,0,0,0,1,26,48504,6,1,0,0,2,0,70,200,0,9,0,0,0,11,2007,3,2010,1,0,0,0,0,1,2,25,1,9,9,1,0,0,1,10,1,1,4,11,1,1
26,260538,1,2,1,30,8,10,20,12,6,1,0,26,2,21,21,21021,4,2000,1G3NL52EXYC3,1,G,3,N,L,5,2,E,X,Y,C,3,0,P,OLDS,A/G,4D,0,17,3022,,0,1070,,G,,0,0,000000000,00000000000,0,0,0,1,0,0,0,0,0,0,0,98,0,1,5,3,99,6,2,12,0,0,0,1,26,48307,6,1,0,0,3,3,72,173,1,0,0,1,0,11,2009,11,2009,0,38,0,0,0,1,2,99,1,1,2,1,20,3,1,17,1,1,1,87,1,0
26,260538,2,2,1,30,8,10,20,12,6,1,0,26,3,84,881,84881,66,2009,1HSHXAHR49J1,1,H,S,H,X,A,H,R,4,9,J,1,1,T,INTL,860,DS,9,17,,8,0,0,80S,D,,3,57,300210,57300210,3,6,3,1,0,0,0,0,0,0,0,98,0,0,0,12,1,6,2,12,0,0,0,1,26,48506,6,1,6,0,3,0,70,185,0,0,0,0,0,0,0,0,0,0,0,0,0,0,1,2,55,1,1,2,1,20,3,1,66,1,1,1,86,0,0
26,260539,1,1,1,31,8,2,59,59,0,1,0,26,1,37,706,37706,80,2006,1HFSC550X6A2,1,H,F,S,C,5,5,0,X,6,A,2,0,M,HOND,13V,RS,6,17,,,,,,,1312,0,0,000000000,00000000000,0,0,0,1,0,0,0,0,0,0,0,98,0,0,0,99,9,6,2,59,0,0,0,1,26,49707,6,1,6,0,3,3,67,204,2,0,0,2,0,1,2009,5,2010,1,0,0,0,0,1,2,55,3,1,2,1,0,0,14,13,1,1,4,1,1,1
26,260540,1,1,1,30,8,13,20,24,0,1,0,26,1,72,706,72706,80,2007,1HD1BW5187Y0,1,H,D,1,B,W,5,1,8,7,Y,0,0,M,HD,STC,RS,7,17,,,,,,,1584,0,0,000000000,00000000000,0,0,0,1,0,0,0,0,0,0,0,98,0,0,0,1,1,6,2,24,0,0,0,1,26,49720,6,1,0,0,3,0,67,155,0,0,0,0,0,0,0,0,0,1,0,0,0,0,2,2,70,1,1,2,1,0,0,1,12,1,1,4,6,1,0
26,260541,1,1,1,31,8,12,40,9,0,1,0,26,1,13,1,13001,4,1999,1LNHM82W9XY7,1,L,N,H,M,8,2,W,9,X,Y,7,0,P,LINC,SIG,4D,99,17,4020,,0,1177,,G,,0,0,000000000,00000000000,0,0,0,1,0,0,0,0,0,0,0,98,0,0,0,1,1,2,8,9,0,0,0,1,26,49091,6,1,0,0,3,3,67,150,0,0,0,0,0,0,0,0,0,0,0,0,0,0,1,2,55,1,1,2,1,0,0,1,83,1,1,1,13,0,0
26,260542,1,1,1,29,8,20,28,42,0,1,0,26,2,2,404,2404,14,2008,1J8GR48K58C1,1,J,8,G,R,4,8,K,5,8,C,1,0,T,JEEP,LRO,4W,8,17,,1,0,1095,GCK,G,,0,0,000000000,00000000000,0,0,0,1,0,0,0,0,0,0,0,98,0,0,0,12,12,6,2,42,0,0,0,1,26,48154,6,1,0,0,3,3,64,130,0,0,0,0,0,0,0,0,0,0,26,0,0,0,1,2,25,3,1,1,1,0,0,11,11,1,1,4,1,1,0
26,260543,1,2,1,29,8,22,20,12,6,1,0,26,2,12,17,12017,4,2002,1FAFP55U92A1,1,F,A,F,P,5,5,U,9,2,A,1,0,P,FORD,TSS,4D,2,17,3392,,0,1085,,G,,0,0,000000000,00000000000,0,0,0,1,0,0,0,0,0,0,0,98,0,0,0,9,9,6,2,12,0,0,0,1,26,49424,6,1,0,0,3,0,70,130,2,0,0,0,1,10,2008,10,2009,0,39,0,0,0,1,2,55,1,1,2,1,20,3,1,17,1,1,1,89,1,0
26,260543,2,2,2,29,8,22,20,12,6,1,0,26,2,30,40,30040,4,1999,3VWSC29M9XM0,3,V,W,S,C,2,9,M,9,X,M,0,0,P,VOLK,JGS,4D,99,17,2781,,0,989,,G,,0,0,000000000,00000000000,0,0,0,1,0,0,0,0,0,0,0,98,0,0,0,12,12,6,2,12,0,0,0,1,26,49426,6,1,0,0,3,0,70,142,1,0,0,0,0,6,2008,6,2008,0,0,0,0,0,1,2,99,1,1,2,1,0,0,1,66,1,1,1,88,0,0
26,260544,1,2,2,27,8,12,55,12,2,1,0,26,1,22,22,22022,1,2008,1G2ZH36N1842,1,G,2,Z,H,3,6,N,1,8,4,2,0,P,PONT,GGT,CV,8,17,3855,,0,1123,,G,,0,0,000000000,00000000000,0,0,0,1,0,0,0,0,0,0,0,98,0,0,0,12,12,6,2,12,0,0,0,1,26,48323,6,1,0,0,3,3,64,152,0,0,0,0,0,0,0,0,0,0,51,0,0,0,5,4,45,1,1,1,1,0,0,1,10,1,1,2,50,1,0
26,260544,2,2,1,27,8,12,55,12,2,1,0,26,1,20,23,20023,6,2006,3GNDA23P66S6,3,G,N,D,A,2,3,P,6,6,S,6,0,P,CHEV,HHR,UT,6,17,3155,,0,1035,,G,,0,0,000000000,00000000000,0,0,0,1,0,0,0,0,0,0,0,98,0,0,0,12,12,6,2,12,0,0,0,1,26,48154,6,1,0,0,3,3,62,230,0,0,0,0,0,0,0,0,0,0,0,0,0,0,5,4,45,1,1,1,1,0,0,1,63,1,1,1,51,0,0
26,260545,1,2,1,7,8,14,14,12,6,1,0,26,1,20,16,20016,4,1998,1G1JC5241W71,1,G,1,J,C,5,2,4,1,W,7,1,0,P,CHEV,CAV,4D,98,17,2630,,0,1041,,G,,0,0,000000000,00000000000,0,0,0,1,0,0,0,0,0,0,0,98,0,0,0,12,12,6,2,12,0,0,0,1,26,48420,6,1,0,0,3,3,63,174,0,0,0,0,0,0,0,0,0,0,38,0,0,0,1,2,99,1,9,9,1,20,3,4,17,1,1,1,86,0,0
26,260545,2,2,2,7,8,14,14,12,6,1,0,26,1,23,471,23471,30,2001,1GTCS14551K1,1,G,T,C,S,1,4,5,5,1,K,1,0,T,GMC,SON,PK,1,17,,1,0,1083,SON,F,,0,0,000000000,00000000000,0,0,0,1,0,0,0,0,0,0,0,98,0,1,5,5,99,6,2,12,0,0,0,1,26,48420,6,1,0,0,3,3,70,187,0,0,0,0,0,0,0,0,0,0,0,0,0,0,1,2,55,1,9,9,1,0,0,1,66,1,1,1,87,1,0
26,260546,1,1,1,9,8,19,38,42,0,1,0,26,1,76,706,76706,80,1980,3J3002206,3,J,3,0,0,2,2,0,6,,,,0,P,,,,,,,,,,,,,0,0,000000000,00000000000,0,0,0,1,0,0,0,0,0,0,0,98,0,0,0,12,0,6,2,42,0,0,0,1,26,48137,6,1,0,0,3,3,71,230,0,0,0,0,0,0,0,0,0,1,0,0,0,0,1,2,55,3,9,9,1,0,0,14,13,1,1,4,1,1,1
26,260547,1,2,1,16,8,0,11,12,1,1,0,26,2,72,706,72706,80,1997,1HD1BJL4XVY0,1,H,D,1,B,J,L,4,X,V,Y,0,0,M,HD,STC,RS,97,17,,,,,,,1340,0,0,000000000,00000000000,0,0,0,1,0,0,0,0,0,0,0,998,0,0,0,12,12,6,2,1,0,0,0,1,26,48065,1,1,0,0,2,0,72,250,0,2,0,0,0,11,2007,11,2008,0,99,99,99,99,1,2,55,1,1,2,1,0,0,6,51,1,1,1,24,1,1
26,260547,2,2,1,16,8,0,11,12,1,1,0,26,1,47,31,47031,4,1998,YS3DD58B6W20,Y,S,3,D,D,5,8,B,6,W,2,0,0,P,SAA,90S,4H,98,17,3040,,0,1024,,G,,0,0,000000000,00000000000,0,0,0,1,0,0,0,0,0,0,0,998,0,0,0,6,6,2,3,12,0,0,0,1,26,48096,6,1,0,0,3,3,68,150,0,0,0,0,0,0,0,0,0,0,0,0,0,0,1,2,55,1,1,2,1,0,0,1,53,1,1,1,25,0,0
26,260548,1,2,1,30,8,11,15,1,0,1,0,26,2,98,709,98709,81,2008,L8YTCBPR38Y0,L,8,Y,T,C,B,P,R,3,8,Y,0,0,U,,,,8,17,,,,,,,,0,0,000000000,00000000000,0,0,0,1,0,0,0,0,0,0,0,98,0,0,0,0,99,2,3,12,0,0,0,1,26,49660,1,1,0,0,2,0,66,148,0,2,0,0,0,4,2008,10,2008,0,0,0,0,0,1,2,25,1,9,9,1,0,0,1,66,1,1,1,98,1,0
26,260548,2,2,1,30,8,11,15,1,0,1,0,26,1,20,481,20481,31,1994,1GCEC14K7RE1,1,G,C,E,C,1,4,K,7,R,E,1,0,T,CHEV,GC1,PK,94,17,,2,1315,1175,GM4,G,,0,0,000000000,00000000000,0,0,0,1,0,0,0,0,0,0,0,98,0,0,0,9,9,2,1,12,0,0,0,1,26,49660,6,1,0,0,3,0,67,165,0,0,0,0,0,0,0,0,0,0,38,0,0,0,1,2,99,1,9,9,1,20,3,4,17,1,1,1,98,0,0
26,260549,1,1,1,21,8,13,25,32,0,1,0,26,1,73,706,73706,80,2001,JKBVNAL171A0,J,K,B,V,N,A,L,1,7,1,A,0,0,M,KAWK,V5L,RS,1,17,,,,,,,1500,0,0,000000000,00000000000,0,0,0,1,0,0,0,0,0,0,0,998,0,0,0,12,12,6,2,32,0,0,0,1,26,48192,6,1,0,0,3,0,65,200,0,0,0,0,0,0,0,0,0,0,0,0,0,0,1,2,55,9,1,2,1,0,0,1,13,1,1,4,1,1,0
26,260550,1,1,1,30,8,13,20,53,0,1,0,26,2,37,705,37705,80,2003,JH2PF01113K1,J,H,2,P,F,0,1,1,1,3,K,1,0,M,HOND,FSD,RS,3,17,,,,,,,582,0,0,000000000,00000000000,0,0,0,1,0,0,0,0,0,0,0,98,0,0,0,12,12,2,8,1,0,0,0,1,26,49343,6,1,0,0,3,0,71,200,0,0,0,0,0,0,0,0,0,0,99,99,99,99,1,2,55,1,9,9,1,0,0,1,13,1,1,4,1,1,0
26,260551,1,2,1,26,8,19,38,12,2,1,0,26,1,20,9,20009,2,1996,2G1FP22P0T21,2,G,1,F,P,2,2,P,0,T,2,1,0,P,CHEV,Z28,CP,96,17,3466,,0,1011,,G,,0,0,000000000,00000000000,0,0,0,1,0,0,0,0,0,0,0,98,0,0,0,12,12,4,8,12,0,0,0,1,26,48021,6,1,0,0,3,3,69,220,0,0,0,0,0,0,0,0,0,0,28,0,0,0,1,4,40,1,1,2,1,0,0,1,10,1,1,2,50,1,1
26,260551,2,2,2,26,8,19,38,12,2,1,0,26,2,20,482,20482,31,2007,3GNEC12J47G2,3,G,N,E,C,1,2,J,4,7,G,2,0,P,CHEV,AVL,UT,7,17,5539,,0,1300,,G,,0,0,000000000,00000000000,0,0,0,1,0,0,0,0,0,0,0,98,0,0,0,12,12,4,8,12,0,0,0,1,26,48021,6,1,0,0,3,3,71,150,0,0,0,1,0,7,2009,7,2009,0,0,0,0,0,1,4,40,1,1,2,1,0,0,1,62,1,1,1,51,0,0
26,260552,1,2,1,14,8,0,43,12,1,1,0,0,0,98,998,98998,97,9999,999999999999,9,9,9,9,9,9,9,9,9,9,9,9,0,U,,,,9,17,,,,,,,,0,0,000000000,00000000000,0,0,0,1,0,0,0,0,0,0,0,98,0,0,0,6,99,6,2,12,0,0,0,1,26,49072,6,1,0,0,3,3,69,128,0,15,1,1,0,10,2007,7,2009,0,23,36,0,0,1,2,55,1,9,9,1,0,0,1,53,1,1,1,25,1,1
26,260552,2,2,1,14,8,0,43,12,1,1,0,39,1,21,441,21441,20,2001,1GHDX03E81D2,1,G,H,D,X,0,3,E,8,1,D,2,0,T,OLDS,SIL,ES,1,17,,1,0,1200,SIL,G,,0,0,000000000,00000000000,0,0,0,1,0,0,0,0,0,0,0,98,0,0,0,12,12,6,2,12,0,0,0,1,26,49042,6,1,0,0,3,0,66,130,1,1,0,0,0,6,2008,11,2008,0,0,0,0,0,1,2,55,1,9,9,1,0,0,1,51,1,1,1,24,0,0
26,260553,1,2,1,24,8,11,33,12,6,1,0,26,2,22,22,22022,2,2005,3D7KS28C15G8,3,D,7,K,S,2,8,C,1,5,G,8,0,T,DODG,SQ2,CW,5,17,,2,1605,1405,RPC,D,,0,0,000000000,00000000000,0,0,0,1,0,0,0,0,0,0,0,98,0,0,0,1,1,6,2,12,0,0,0,1,26,49663,6,1,0,0,3,0,67,155,0,0,0,3,0,5,2008,11,2008,0,38,0,0,0,1,3,55,2,9,9,1,0,0,11,15,1,1,2,68,0,0
26,260553,2,2,1,24,8,11,33,12,6,1,0,26,9,34,705,34705,80,2005,WB10185A35ZL,W,B,1,0,1,8,5,A,3,5,Z,L,0,M,BMW,F6G,EN,5,17,,,,,,,652,0,0,000000000,00000000000,0,0,0,1,0,0,0,0,0,0,0,98,0,0,0,12,12,6,2,12,0,0,0,1,26,49696,6,1,0,0,3,3,71,150,0,0,0,0,0,0,0,0,0,0,0,0,0,0,1,3,55,3,9,9,1,0,0,14,63,1,1,1,69,1,0
26,260554,1,1,1,27,5,20,25,8,0,1,0,26,1,12,402,12402,14,2010,1FMCU0D74AKC,1,F,M,C,U,0,D,7,4,A,K,C,0,P,FORD,SPE,UT,10,17,3355,,0,1031,,G,,0,0,000000000,00000000000,0,0,0,1,0,0,0,0,0,0,0,98,0,0,0,12,1,2,3,8,0,0,0,1,26,48240,6,1,0,0,3,3,65,190,0,0,0,0,0,0,0,0,0,0,0,0,0,0,1,4,35,1,1,2,1,0,0,1,80,1,1,1,13,0,0
26,260555,1,2,1,30,8,14,12,12,7,1,0,26,1,37,32,37032,4,1994,JHMCD5632RC0,J,H,M,C,D,5,6,3,2,R,C,0,0,P,HOND,ALX,4D,94,17,2809,,0,1069,,G,,0,0,000000000,00000000000,0,0,0,1,0,0,0,0,0,0,0,98,0,1,6,3,99,4,3,12,0,0,0,1,26,48126,6,1,0,0,3,0,62,153,0,0,0,1,0,7,2008,7,2008,0,99,99,99,99,2,3,70,1,9,1,1,0,0,15,11,1,1,6,46,0,0
26,260555,2,2,1,30,8,14,12,12,7,1,0,26,3,20,461,20461,21,2007,1GBHG31U3711,1,G,B,H,G,3,1,U,3,7,1,1,0,T,CHEV,CT3,MY,7,17,,2,1770,1390,ETV,G,,0,0,000000000,00000000000,0,0,0,1,0,0,0,0,0,0,0,98,0,1,6,11,99,6,2,12,0,0,0,1,26,48348,6,1,0,0,3,0,73,265,1,0,0,0,0,10,2008,10,2008,0,0,0,0,0,2,3,70,1,9,1,1,0,0,1,61,1,1,1,45,1,0
26,260556,1,2,1,1,8,2,48,12,2,1,0,26,1,72,706,72706,80,1993,1HD1EAL13PY1,1,H,D,1,E,A,L,1,3,P,Y,1,0,M,HD,FXR,RS,93,17,,,,,,,1340,0,0,000000000,00000000000,0,0,0,1,0,0,0,0,0,0,0,98,0,0,0,12,12,6,2,12,0,0,0,1,26,49450,6,1,0,0,3,3,69,330,0,0,0,0,0,0,0,0,0,0,28,0,0,0,1,2,55,9,9,9,1,0,0,1,10,1,1,2,50,1,1
26,260556,2,2,1,1,8,2,48,12,2,1,0,26,9,14,38,14038,2,2002,1ZWFT61L4256,1,Z,W,F,T,6,1,L,4,2,5,6,0,P,MERC,C6S,2H,2,17,3013,,0,1064,,G,,0,0,000000000,00000000000,0,0,0,1,0,0,0,0,0,0,0,98,0,0,0,12,12,6,2,12,0,0,0,1,26,49419,6,1,0,0,3,0,72,210,0,0,0,1,0,8,2008,8,2008,0,0,0,0,0,1,2,55,9,9,9,1,0,0,1,62,1,1,1,51,0,0
26,260557,1,2,1,15,8,1,30,12,6,1,0,26,1,37,705,37705,80,1995,JYA3HHE05SA0,J,Y,A,3,H,H,E,0,5,S,A,0,0,M,YAMA,F6R,RS,95,17,,,,,,,599,0,0,000000000,00000000000,0,0,0,1,0,0,0,0,0,0,0,98,0,0,0,12,12,6,2,12,0,0,0,1,26,48212,1,1,0,0,2,0,70,200,0,15,0,0,2,3,2008,7,2010,1,0,0,0,0,1,4,30,1,9,9,1,0,0,1,62,1,1,1,69,1,1
26,260557,2,2,2,15,8,1,30,12,6,1,0,26,2,23,461,23461,21,1990,2GDGG35N9L45,2,G,D,G,G,3,5,N,9,L,4,5,0,T,GMC,RV3,IC,90,17,,2,1460,1250,R/V,G,,0,0,000000000,00000000000,0,0,0,1,0,0,0,0,0,0,0,98,0,0,0,3,3,6,2,12,0,0,0,1,26,48203,6,1,0,0,3,0,67,160,0,0,0,0,0,0,0,0,0,0,0,0,0,0,1,4,30,1,9,9,1,0,0,11,15,1,1,2,68,0,0
26,260558,1,1,1,16,8,10,7,15,0,1,0,26,1,73,705,73705,80,2009,JKAVN2C189A0,J,K,A,V,N,2,C,1,8,9,A,0,0,M,KAWK,V9C,RS,9,17,,,,,,,903,0,0,000000000,00000000000,0,0,0,1,0,0,0,0,0,0,0,98,0,0,0,12,12,6,2,15,0,0,0,1,26,48193,6,1,0,0,3,3,69,220,0,0,0,0,0,0,0,0,0,0,0,0,0,0,1,4,45,1,9,9,1,0,0,1,81,6,1,2,13,0,0
26,260559,1,1,5,20,8,19,12,1,0,1,0,26,3,12,461,12461,21,2000,1FDRE14L7YHB,1,F,D,R,E,1,4,L,7,Y,H,B,0,T,FORD,15V,IC,0,17,,2,0,1380,VAN,G,,0,0,000000000,00000000000,0,0,0,1,0,0,0,0,0,0,0,98,0,2,6,0,0,6,2,1,0,0,0,1,26,48202,6,1,0,0,3,0,76,225,0,0,0,0,0,0,0,0,0,0,36,0,0,0,2,5,70,1,9,9,1,0,0,1,13,1,1,4,1,1,1
26,260560,1,2,1,31,8,21,55,12,6,1,0,26,3,20,2,20002,4,2011,2G1WF5EK3B11,2,G,1,W,F,5,E,K,3,B,1,1,0,P,CHEV,IPL,4D,11,17,3555,,0,1105,,F,,0,0,000000000,00000000000,0,0,0,1,0,0,0,0,0,0,0,98,0,0,0,12,12,6,2,12,0,0,0,1,26,48504,6,1,0,0,3,3,68,140,0,0,0,0,0,0,0,0,0,0,38,0,0,0,5,4,45,1,9,9,1,3,3,11,15,1,1,2,68,0,0
26,260560,2,2,1,31,8,21,55,12,6,1,0,26,1,72,706,72706,80,1984,1HD1CAH35EY1,1,H,D,1,C,A,H,3,5,E,Y,1,0,M,HD,XLH,RS,84,17,,,,,,,1000,0,0,000000000,00000000000,0,0,0,1,0,0,0,0,0,0,0,98,0,0,0,9,9,6,2,12,0,0,0,1,26,48505,0,0,0,0,0,0,79,205,0,1,0,0,0,5,2008,5,2008,0,0,0,0,0,5,4,99,1,9,9,1,3,3,1,62,1,1,1,69,1,0
26,260561,1,2,1,1,9,14,30,12,1,1,0,26,2,20,481,20481,31,2002,1GCHK24U12Z1,1,G,C,H,K,2,4,U,1,2,Z,1,0,T,CHEV,2KH,PK,2,17,,2,0,1330,SIL,G,,0,0,000000000,00000000000,0,0,0,1,0,0,0,0,0,0,0,998,0,0,0,12,12,6,2,12,0,0,0,1,26,49246,6,1,0,0,3,0,71,175,1,0,0,0,0,9,2010,9,2010,0,0,0,0,0,1,2,55,9,1,2,1,0,0,1,50,1,1,1,20,1,0
26,260561,2,2,1,1,9,14,30,12,1,1,0,26,3,20,481,20481,31,2002,1GCHK23102F2,1,G,C,H,K,2,3,1,0,2,F,2,1,T,CHEV,2KH,CW,2,17,,2,1670,1530,SIL,D,,1,0,000000000,00000000000,0,0,0,1,0,0,0,0,0,0,0,0,0,0,0,6,6,9,9,12,0,0,0,1,26,49237,6,1,0,0,3,0,72,145,0,0,0,1,0,4,2009,4,2009,0,0,0,0,0,1,2,55,9,1,2,1,0,0,5,53,1,1,1,21,0,0
26,260563,1,1,5,4,9,1,30,42,0,1,0,26,1,12,3,12003,2,2007,1ZVFT84N0752,1,Z,V,F,T,8,4,N,0,7,5,2,0,P,FORD,MUS,CV,7,17,3352,,0,1071,,G,,0,0,000000000,00000000000,0,0,0,1,0,0,0,0,0,0,0,98,0,1,6,3,3,6,2,42,0,0,0,1,26,48453,6,1,0,0,3,3,66,230,1,0,0,1,0,7,2009,11,2009,1,36,0,0,0,1,2,55,3,1,2,2,0,0,14,8,1,3,4,2,5,1
26,260564,1,1,2,4,9,2,16,1,0,1,0,26,1,9,38,9038,4,1999,1P3EJ46C8XN5,1,P,3,E,J,4,6,C,8,X,N,5,0,P,PLYM,BEE,4D,99,17,2862,,0,1080,,G,,0,0,000000000,00000000000,0,0,0,1,0,0,0,0,0,0,0,98,0,2,6,0,0,6,2,1,0,0,0,1,26,48074,6,1,0,0,3,0,59,100,1,0,0,0,0,6,2009,6,2009,0,0,0,0,0,2,2,70,1,1,1,1,0,0,1,11,1,1,4,1,1,1
26,260565,1,1,2,4,9,12,42,43,0,1,0,26,1,2,403,2403,14,1997,1J4FY19S1VP4,1,J,4,F,Y,1,9,S,1,V,P,4,0,T,JEEP,SPW,2W,97,17,,1,0,934,W/T,G,,0,0,000000000,00000000000,0,0,0,1,0,0,0,0,0,0,0,98,0,1,6,99,0,6,2,1,0,0,0,1,26,48602,6,7,0,0,3,0,67,119,0,0,0,0,0,0,0,0,0,1,0,0,0,0,1,2,25,3,1,2,1,0,0,14,6,1,4,4,2,1,0
26,260567,1,1,1,5,9,9,10,38,0,1,0,26,2,12,481,12481,31,1992,1FTEF14N6NLA,1,F,T,E,F,1,4,N,6,N,L,A,0,T,FORD,F15,PK,92,17,,2,1330,1170,COF,G,,0,0,000000000,00000000000,0,0,0,1,0,0,0,0,0,0,0,98,0,1,6,99,99,6,2,1,0,0,0,1,26,48629,1,1,0,0,2,0,64,160,0,0,0,0,0,0,0,0,0,1,0,0,0,0,1,2,55,2,1,2,1,0,0,14,12,1,1,4,6,1,0
26,260568,1,1,1,5,9,3,19,33,0,1,0,26,1,72,706,72706,80,2001,1HD1BSY171Y0,1,H,D,1,B,S,Y,1,7,1,Y,0,0,M,HD,XTD,RS,1,17,,,,,,,1450,0,0,000000000,00000000000,0,0,0,1,0,0,0,0,0,0,0,98,0,0,0,12,0,6,2,1,0,0,0,1,26,48911,6,1,0,0,3,0,67,220,0,1,0,0,1,3,2008,6,2008,1,0,0,0,0,1,4,45,2,2,2,1,0,0,14,13,1,1,4,1,1,1