STATE,ST_CASE,VEH_NO,VE_FORMS,NUMOCCS,DAY,MONTH,HOUR,MINUTE,HARM_EV,MAN_COLL,UNITTYPE,HIT_RUN,REG_STAT,OWNER,MAKE,MODEL,MAK_MOD,BODY_TYP,MOD_YEAR,VIN,VIN_1,VIN_2,VIN_3,VIN_4,VIN_5,VIN_6,VIN_7,VIN_8,VIN_9,VIN_10,VIN_11,VIN_12,TOW_VEH,VINTYPE,VINMAKE,VINA_MOD,VIN_BT,VINMODYR,VIN_LNGT,VIN_WGT,WGTCD_TR,WHLBS_LG,WHLBS_SH,SER_TR,FUELCODE,MCYCL_DS,J_KNIFE,MCARR_I1,MCARR_I2,MCARR_ID,GVWR,V_CONFIG,CARGO_BT,HAZ_INV,HAZ_PLAC,HAZ_ID,HAZ_CNO,HAZ_REL,BUS_USE,SPEC_USE,EMER_USE,TRAV_SP,UNDERIDE,ROLLOVER,ROLINLOC,IMPACT1,IMPACT2,DEFORMED,TOWED,M_HARM,VEH_SC1,VEH_SC2,FIRE_EXP,DR_PRES,L_STATE,DR_ZIP,L_STATUS,L_TYPE,CDL_STAT,L_ENDORS,L_COMPL,L_RESTRI,DR_HGT,DR_WGT,PREV_ACC,PREV_SUS,PREV_DWI,PREV_SPD,PREV_OTH,FIRST_MO,FIRST_YR,LAST_MO,LAST_YR,SPEEDREL,DR_SF1,DR_SF2,DR_SF3,DR_SF4,VTRAFWAY,VNUM_LAN,VSPD_LIM,VALIGN,VPROFILE,VPAVETYP,VSURCOND,VTRAFCON,VTCONT_F,P_CRASH1,P_CRASH2,P_CRASH3,PCRASH4,PCRASH5,ACC_TYPE,DEATHS,DR_DRINK
26,260569,1,2,1,3,9,21,30,12,6,1,0,26,1,14,17,14017,4,1999,1MEFM50U7XG6,1,M,E,F,M,5,0,U,7,X,G,6,0,P,MERC,SGS,4D,99,17,3299,,0,1085,,G,,0,0,000000000,00000000000,0,0,0,1,0,0,0,0,0,0,0,98,0,0,0,5,5,6,2,12,0,0,0,1,26,49103,6,1,0,0,3,3,63,209,2,0,0,0,0,12,2007,8,2009,0,38,0,0,0,1,2,55,1,1,2,1,0,0,15,10,10,1,2,64,0,0
26,260569,2,2,1,3,9,21,30,12,6,1,0,26,1,37,706,37706,80,1983,JH2SC120XDM0,J,H,2,S,C,1,2,0,X,D,M,0,0,M,HOND,VF1,RS,83,17,,,,,,,1100,0,0,000000000,00000000000,0,0,0,1,0,0,0,0,0,0,0,98,0,0,0,12,12,6,2,12,0,0,0,1,26,49111,6,1,0,0,3,3,72,190,0,0,0,0,0,0,0,0,0,0,0,0,0,0,1,2,55,1,1,2,1,0,0,1,62,1,1,1,65,1,0
26,260570,1,2,1,6,9,17,8,12,6,1,0,26,1,22,22,22022,2,2006,1G2ZH3688642,1,G,2,Z,H,3,6,8,8,6,4,2,0,P,PONT,GGT,CV,6,17,0,,0,1123,,G,,0,0,000000000,00000000000,0,0,0,1,0,0,0,0,0,0,0,98,0,1,5,12,99,6,2,12,0,0,0,1,26,48706,6,1,0,0,3,0,73,200,1,0,0,0,1,6,2010,6,2010,0,0,0,0,0,1,2,55,1,1,2,1,0,0,1,66,1,1,1,88,0,0
26,260570,2,2,4,6,9,17,8,12,6,1,0,26,2,12,401,12401,14,1996,1FMCU24X8TUB,1,F,M,C,U,2,4,X,8,T,U,B,0,P,FORD,EPR,UT,96,17,3981,,0,1017,,G,,0,0,000000000,00000000000,0,0,0,1,0,0,0,0,0,0,0,98,0,0,0,9,99,6,2,12,0,0,0,1,26,48610,6,1,0,0,3,3,71,260,0,0,0,0,0,0,0,0,0,0,38,0,0,0,1,2,99,1,1,2,1,20,3,4,17,1,1,1,89,1,0
26,260571,1,1,1,7,9,20,47,8,0,1,0,26,2,20,16,20016,2,2000,1G1JC1246Y72,1,G,1,J,C,1,2,4,6,Y,7,2,0,P,CHEV,CAV,CP,0,17,2617,,0,1041,,G,,0,0,000000000,00000000000,0,0,0,1,0,0,0,0,0,0,0,98,0,0,0,12,12,4,3,8,0,0,0,1,26,48124,1,1,0,0,2,0,67,180,0,17,0,0,0,12,2007,8,2010,0,36,0,0,0,2,4,70,1,1,1,1,0,0,1,13,1,1,4,13,0,0
26,260572,1,2,1,1,9,13,33,12,6,1,0,26,2,20,481,20481,31,2002,1GCHK23U42F1,1,G,C,H,K,2,3,U,4,2,F,1,0,T,CHEV,2KH,CW,2,17,,2,1670,1530,SIL,G,,0,0,000000000,00000000000,0,0,0,1,0,0,0,0,0,0,0,98,0,0,0,3,3,6,2,12,0,0,0,1,26,48650,6,1,0,0,3,0,73,190,0,0,0,0,0,0,0,0,0,0,38,0,0,0,1,2,55,1,1,2,1,0,0,1,17,1,1,1,87,1,0
26,260572,2,2,1,1,9,13,33,12,6,1,0,26,2,20,22,20022,4,2008,1G1AK58F6872,1,G,1,A,K,5,8,F,6,8,7,2,0,P,CHEV,BLS,4D,8,17,3216,,0,1033,,G,,0,0,000000000,00000000000,0,0,0,1,0,0,0,0,0,0,0,98,0,0,0,12,12,6,2,12,0,0,0,1,26,48652,6,1,0,0,3,3,64,198,0,0,0,0,0,0,0,0,0,0,0,0,0,0,1,2,99,1,9,9,1,20,3,1,66,1,1,1,86,0,0
26,260573,1,1,1,7,9,9,56,59,0,1,0,6,1,76,703,76703,80,2008,JYAVG04Y68A0,J,Y,A,V,G,0,4,Y,6,8,A,0,0,M,YAMA,XV2,RS,8,17,,,,,,,249,0,0,000000000,00000000000,0,0,0,1,0,0,0,0,0,0,0,98,0,0,0,12,12,6,2,59,0,0,0,1,26,48726,6,1,0,0,3,0,69,123,0,0,0,0,0,0,0,0,0,0,99,99,99,99,1,2,55,3,1,2,1,0,0,14,13,1,1,4,1,1,0
26,260574,1,1,4,5,9,1,52,34,0,1,0,26,2,20,401,20401,14,2002,1GNDS13S5222,1,G,N,D,S,1,3,S,5,2,2,2,0,P,CHEV,TRL,UT,2,17,4442,,0,1130,,G,,0,0,000000000,00000000000,0,0,0,1,0,0,0,0,0,0,0,98,0,1,6,99,99,6,2,1,0,0,0,1,26,48051,6,1,0,0,3,3,71,145,1,1,0,1,1,10,2007,9,2009,0,0,0,0,0,2,3,70,1,9,1,1,0,0,1,13,1,7,4,2,1,0
26,260575,1,1,1,6,9,23,5,42,0,1,0,26,5,20,2,20002,4,2003,2G1WH52K5394,2,G,1,W,H,5,2,K,5,3,9,4,0,P,CHEV,IPL,4D,3,17,3466,,0,1105,,G,,0,0,000000000,00000000000,0,0,0,1,0,0,0,0,0,0,0,98,0,0,0,1,99,6,2,42,0,0,0,1,26,49042,1,1,0,0,2,0,69,160,1,3,0,0,2,9,2009,8,2010,1,0,0,0,0,1,2,55,1,9,9,1,0,0,1,13,1,1,4,1,1,1
26,260576,1,2,2,8,9,16,30,12,6,1,0,26,1,12,471,12471,30,2003,1FTZR45E13PB,1,F,T,Z,R,4,5,E,1,3,P,B,0,T,FORD,RNS,4C,3,17,,1,0,1259,RNG,G,,0,0,000000000,00000000000,0,0,0,1,0,0,0,0,0,0,0,98,0,1,9,9,9,6,2,12,0,0,0,1,26,49401,6,1,0,0,3,0,63,140,0,0,0,0,0,0,0,0,0,0,38,0,0,0,1,2,55,1,2,9,1,20,3,11,15,1,1,2,68,1,0
26,260576,2,2,1,8,9,16,30,12,6,1,0,26,2,20,881,20881,61,1981,1GBE6D1A7BV1,1,G,B,E,6,D,1,A,7,B,V,1,0,T,CHEV,C64,CC,81,17,,5,2180,1250,C6M,G,,0,57,1723812,571723812,2,1,28,1,0,0,0,0,0,0,0,98,0,0,0,12,12,6,2,12,0,0,0,1,26,49403,6,1,6,0,3,0,72,210,0,0,0,0,0,0,0,0,0,0,0,0,0,0,1,2,55,1,1,2,1,0,0,1,66,6,1,2,69,0,0
26,260577,1,1,1,10,9,3,31,42,0,1,0,26,2,63,32,63032,4,2001,KNADC1232160,K,N,A,D,C,1,2,3,2,1,6,0,0,P,KIA,RIO,4D,1,17,2242,,0,949,,G,,0,0,000000000,00000000000,0,0,0,1,0,0,0,0,0,0,0,98,0,0,0,12,12,6,2,42,0,0,0,1,26,49017,1,1,0,0,2,0,66,155,0,14,0,0,4,7,2008,8,2010,0,39,0,0,0,1,2,25,1,2,2,1,20,3,1,14,1,1,4,14,1,1
26,260578,1,1,2,12,9,2,8,5,0,1,0,26,3,12,988,12988,58,2001,1FDAF56F71ED,1,F,D,A,F,5,6,F,7,1,E,D,0,T,FORD,F5D,CB,1,17,,5,2010,1410,DRW,D,,0,57,01458714,5701458714,2,21,22,1,0,0,0,0,5,0,0,98,0,0,0,0,0,0,1,5,0,0,0,1,26,48346,6,1,6,1,3,0,70,215,0,0,0,1,0,4,2009,4,2009,0,0,0,0,0,2,4,70,3,1,1,1,0,0,14,98,1,1,1,0,1,0
26,260579,1,1,3,12,9,16,59,42,0,1,0,26,2,2,403,2403,14,1995,1J4FY19P8SP2,1,J,4,F,Y,1,9,P,8,S,P,2,0,T,JEEP,WSR,2W,95,17,,1,0,934,W/Y,G,,0,0,000000000,00000000000,0,0,0,1,0,0,0,0,0,0,0,98,0,0,0,3,3,6,2,42,0,0,0,1,26,48168,6,2,0,0,3,0,68,128,0,0,0,0,0,0,0,0,0,0,58,0,0,0,1,2,50,1,1,2,1,0,0,1,8,7,4,4,2,1,0
26,260580,1,2,3,11,9,17,28,12,1,1,0,26,2,21,21,21021,2,1999,1G3NF12E4XC3,1,G,3,N,F,1,2,E,4,X,C,3,0,P,OLDS,AGS,CP,99,17,2968,,0,1070,,G,,0,0,000000000,00000000000,0,0,0,1,0,0,0,0,0,0,0,98,0,0,0,12,12,2,3,12,0,0,0,1,26,48051,6,1,0,0,3,0,73,185,0,0,0,0,1,8,2009,8,2009,0,36,0,0,0,2,2,70,1,9,9,2,0,0,1,8,7,1,2,32,0,0
26,260580,2,2,3,11,9,17,28,12,1,1,0,26,1,12,402,12402,14,2003,1FMYU931X3KE,1,F,M,Y,U,9,3,1,X,3,K,E,0,P,FORD,SPE,UT,3,17,3458,,0,1031,,G,,0,0,000000000,00000000000,0,0,0,1,0,0,0,0,0,0,0,98,0,1,6,6,99,6,2,1,0,0,0,1,26,48375,6,1,0,0,3,3,63,155,0,0,0,0,0,0,0,0,0,0,0,0,0,0,2,2,70,1,9,9,2,0,0,1,61,1,1,1,32,1,0
26,260581,1,1,1,13,9,8,35,15,0,1,0,26,3,51,881,51881,63,1999,4VMDCMPF3XN7,4,V,M,D,C,M,P,F,3,X,N,7,0,T,VOLV,XWX,TL,99,17,,8,0,0,XPD,D,,0,57,1641085,571641085,3,2,4,1,0,0,0,0,0,0,0,98,0,0,0,12,12,0,3,15,0,0,0,1,26,49024,6,1,6,0,3,0,69,200,2,0,0,0,0,12,2007,8,2009,0,99,99,99,99,5,4,40,1,1,1,1,3,3,10,83,1,1,1,13,0,0
26,260582,1,2,1,13,9,11,45,12,6,1,0,26,3,2,404,2404,14,1995,1J4FN68SXSL6,1,J,4,F,N,6,8,S,X,S,L,6,0,T,JEEP,SPT,4W,95,17,,1,0,1014,CHK,G,,0,0,000000000,00000000000,0,0,0,1,0,0,0,0,0,0,0,98,0,0,0,12,12,6,2,12,0,0,0,1,26,49203,6,1,0,0,3,3,70,155,0,0,0,2,0,9,2008,1,2010,0,38,0,0,0,1,2,99,1,9,9,1,20,3,11,15,1,1,2,82,0,1
26,260582,2,2,2,13,9,11,45,12,6,1,0,26,1,38,402,38402,14,1996,4S2CM58V1T43,4,S,2,C,M,5,8,V,1,T,4,3,0,P,ISU,ROD,UT,96,17,0,,0,1087,,G,,0,0,000000000,00000000000,0,0,0,1,0,0,0,0,0,0,0,98,0,1,5,1,0,6,2,12,0,0,0,1,26,48111,6,1,0,0,3,3,63,145,0,1,0,0,0,3,2008,3,2008,0,0,0,0,0,1,2,55,1,2,2,1,20,3,1,67,1,1,1,83,1,0
26,260583,1,2,2,5,9,8,48,12,2,1,0,26,1,49,45,49045,4,2003,JTDBT1233350,J,T,D,B,T,1,2,3,3,3,5,0,0,P,TOYT,ECH,4D,3,17,1994,,0,934,,G,,0,0,000000000,00000000000,0,0,0,1,0,0,0,0,0,0,0,98,0,0,0,12,12,6,2,12,0,0,0,1,26,48603,6,1,0,0,3,0,67,140,0,0,0,0,1,3,2010,3,2010,0,28,0,0,0,1,5,45,1,1,1,1,0,0,1,10,1,1,2,50,1,1
26,260583,2,2,1,5,9,8,48,12,2,1,0,26,9,18,22,18022,4,2007,2G4WD5821712,2,G,4,W,D,5,8,2,1,7,1,2,0,P,BUIC,LAL,4D,7,17,3502,,0,1105,,G,,0,0,000000000,00000000000,0,0,0,1,0,0,0,0,0,0,0,98,0,0,0,12,12,6,2,12,0,0,0,1,26,48603,6,1,0,0,3,3,59,119,0,0,0,0,0,0,0,0,0,0,0,0,0,0,1,5,45,1,1,1,1,0,0,1,63,1,1,1,51,0,0
26,260584,1,1,1,15,9,0,33,34,0,1,0,26,1,22,20,22020,4,1995,1G2WJ52M6SF2,1,G,2,W,J,5,2,M,6,S,F,2,0,P,PONT,GFS,4D,95,17,3370,,0,1075,,G,,0,0,000000000,00000000000,0,0,0,1,0,0,0,0,0,0,0,98,0,0,0,12,99,6,2,42,0,0,0,1,26,48867,6,1,0,0,3,0,74,220,0,0,0,0,0,0,0,0,0,0,99,99,99,99,1,2,55,1,1,2,1,0,0,1,12,1,1,4,6,1,0
26,260585,1,1,1,13,9,7,10,1,0,1,0,26,3,12,881,12881,66,1987,1FDYA90X6HVA,1,F,D,Y,A,9,0,X,6,H,V,A,2,T,FORD,TL9,TM,87,17,,8,2460,1740,COL,D,,3,57,2070375,572070375,3,7,1,1,0,0,0,0,0,0,0,98,0,1,3,0,99,6,2,24,0,0,0,1,26,48234,6,1,6,1,3,0,74,230,0,0,0,1,0,7,2010,7,2010,0,80,0,0,0,2,3,70,1,1,1,1,0,0,1,12,1,4,4,7,1,0
26,260586,1,1,1,16,9,3,5,42,0,1,0,26,1,21,2,21002,4,1996,1G3HN52KXT48,1,G,3,H,N,5,2,K,X,T,4,8,0,P,OLDS,8LW,4D,96,17,3455,,0,1108,,G,,0,0,000000000,00000000000,0,0,0,1,0,0,0,0,0,0,0,998,0,0,0,3,3,6,2,42,0,0,0,1,26,48886,6,1,0,0,3,3,64,170,0,2,0,0,1,4,2008,9,2008,1,0,0,0,0,1,2,55,3,1,2,2,0,0,14,6,1,1,4,6,1,1
26,260587,1,1,1,15,9,3,2,25,0,1,0,26,2,53,706,53706,80,1994,JS1GT73A6R21,J,S,1,G,T,7,3,A,6,R,2,1,0,M,SUZI,RF9,RS,94,17,,,,,,,937,0,0,000000000,00000000000,0,0,0,1,0,0,0,0,0,0,0,998,0,0,0,12,12,6,2,25,0,0,0,1,26,48507,6,1,0,0,3,0,69,153,0,0,0,0,0,0,0,0,0,1,0,0,0,0,3,3,70,2,1,2,1,0,0,14,6,1,1,4,6,1,0
26,260588,1,1,1,17,9,2,50,42,0,1,0,26,1,20,481,20481,31,2000,1GCEK19T6YE1,1,G,C,E,K,1,9,T,6,Y,E,1,0,T,CHEV,SK1,PC,0,17,,2,1575,1435,SIL,G,,0,0,000000000,00000000000,0,0,0,1,0,0,0,0,0,0,0,998,0,0,0,12,12,6,2,42,0,0,0,1,26,49319,6,1,0,0,3,0,73,250,0,0,0,1,0,9,2008,9,2008,0,99,99,99,99,1,2,55,1,1,2,1,0,0,1,13,1,1,4,1,1,0
26,260590,1,1,1,19,9,14,12,34,0,1,0,26,1,2,405,2405,14,2005,1J4GL48K65W6,1,J,4,G,L,4,8,K,6,5,W,6,0,T,JEEP,SPR,4W,5,17,,1,0,1043,LIB,G,,0,0,000000000,00000000000,0,0,0,1,0,0,0,0,0,0,0,998,0,0,0,12,12,6,2,34,0,0,0,1,26,48636,6,1,0,0,3,0,65,150,3,0,0,0,2,2,2008,12,2009,0,0,0,0,0,1,2,55,1,1,2,1,0,0,1,13,1,1,4,1,1,0
26,260591,1,1,1,18,9,22,11,59,0,1,0,47,2,37,32,37032,2,1996,1HGCD7232TA0,1,H,G,C,D,7,2,3,2,T,A,0,0,P,HOND,ULX,CP,96,17,2820,,0,1069,,G,,0,0,000000000,00000000000,0,0,0,1,0,0,0,0,0,0,0,998,0,1,6,12,99,6,2,35,0,0,0,1,26,49259,1,1,0,0,2,0,72,170,0,2,1,0,0,5,2009,11,2009,1,0,0,0,0,1,2,55,1,1,2,2,0,0,10,6,1,1,4,6,1,1
26,260592,1,1,4,19,9,20,38,8,0,1,0,26,1,42,50,42050,6,2008,4JGCB65E38A0,4,J,G,C,B,6,5,E,3,8,A,0,0,P,MERZ,R35,UT,8,17,4938,,0,1266,,G,,0,0,000000000,00000000000,0,0,0,1,0,0,0,0,0,0,0,998,0,0,0,12,12,4,3,8,0,0,0,1,26,48025,6,1,0,0,3,0,69,200,0,0,0,0,0,0,0,0,0,0,0,0,0,0,3,3,70,1,1,1,1,0,0,1,80,1,1,1,13,0,0
26,260593,1,1,1,4,9,1,3,58,0,1,0,26,1,72,706,72706,80,2006,1HD1GX1116K3,1,H,D,1,G,X,1,1,1,6,K,3,0,M,HD,FXI,RS,6,17,,,,,,,1450,0,0,000000000,00000000000,0,0,0,1,0,0,0,0,0,0,0,998,0,0,0,99,99,2,3,58,0,0,0,1,26,48146,6,1,0,0,3,0,63,140,0,0,0,0,0,0,0,0,0,0,36,0,0,0,2,3,35,1,1,2,1,0,0,1,8,1,1,1,98,1,1
26,260594,1,1,1,19,9,23,15,42,0,1,0,26,1,55,35,55035,4,2000,KMHJF35F4YU9,K,M,H,J,F,3,5,F,4,Y,U,9,0,P,HYUN,EGS,4D,0,17,2626,,0,1004,,G,,0,0,000000000,00000000000,0,0,0,1,0,0,0,0,0,0,0,998,0,0,0,9,9,6,2,42,0,0,0,1,26,49022,6,1,0,0,3,0,68,130,0,0,0,0,0,0,0,0,0,0,99,99,99,99,1,2,45,1,1,2,1,0,0,1,12,1,1,4,6,1,1
26,260595,1,1,1,24,9,2,25,8,0,1,1,26,1,7,402,7402,14,1998,1B4HS28Z6WF1,1,B,4,H,S,2,8,Z,6,W,F,1,0,P,DODG,DUR,UT,98,17,4349,,0,1159,,G,,0,0,000000000,00000000000,0,0,0,1,0,0,0,0,0,0,0,998,0,0,0,12,12,2,4,8,0,0,0,1,26,49457,6,1,0,0,3,0,64,135,0,0,0,0,0,0,0,0,0,0,36,0,0,0,1,2,50,3,1,2,1,0,0,14,80,1,1,1,13,0,0
26,260596,1,1,1,24,9,14,40,1,0,1,0,99,9,20,37,20037,4,2006,1G1ZT538X6F2,1,G,1,Z,T,5,3,8,X,6,F,2,0,P,CHEV,MLT,4D,6,17,3316,,0,1063,,G,,0,0,000000000,00000000000,0,0,0,1,0,0,0,0,0,0,0,998,0,1,6,0,99,6,2,1,0,0,0,1,26,49415,6,1,0,0,3,3,66,135,2,0,0,0,0,8,2008,5,2010,0,99,99,99,99,1,2,55,1,3,2,1,0,0,1,9,1,1,4,1,1,0
26,260597,1,1,1,25,9,1,12,53,0,1,0,26,2,22,20,22020,4,2003,1G2WK52J73F1,1,G,2,W,K,5,2,J,7,3,F,1,0,P,PONT,GFS,4D,3,17,3384,,0,1105,,G,,0,0,000000000,00000000000,0,0,0,1,0,0,0,0,0,0,0,998,0,1,6,99,99,6,2,1,0,0,0,1,26,48849,6,1,0,0,3,0,79,205,0,0,0,0,0,0,0,0,0,0,99,99,99,99,1,2,55,1,1,2,1,0,0,1,13,1,1,4,1,1,1
26,260598,1,1,1,25,9,16,36,34,0,1,0,26,1,76,706,76706,80,2007,JYAVP11E37A0,J,Y,A,V,P,1,1,E,3,7,A,0,0,M,YAMA,XVS,RS,7,17,,,,,,,1063,0,0,000000000,00000000000,0,0,0,1,0,0,0,0,0,0,0,998,0,0,0,12,99,6,2,34,0,0,0,1,26,48706,6,1,0,0,3,0,72,265,0,0,0,0,1,1,2008,1,2008,0,99,99,99,99,1,2,55,1,1,1,1,0,0,1,12,1,1,4,6,1,1
26,260599,1,1,1,25,9,21,26,23,0,1,0,26,1,12,37,12037,4,2006,1FAHP34N86W2,1,F,A,H,P,3,4,N,8,6,W,2,0,P,FORD,ZX4,4D,6,17,2676,,0,1029,,G,,0,0,000000000,00000000000,0,0,0,1,0,0,0,0,0,0,0,998,0,0,0,12,12,6,2,43,0,0,1,1,26,48191,6,1,0,0,3,3,65,300,0,0,0,0,0,0,0,0,0,0,99,99,99,99,2,2,70,1,1,1,1,0,0,1,8,1,9,4,6,1,0
26,260600,1,1,1,27,9,10,3,1,0,1,0,26,1,7,42,7042,2,1997,4B3AU52N7VE1,4,B,3,A,U,5,2,N,7,V,E,1,0,P,DODG,AES,2P,97,17,2879,,0,1037,,G,,0,0,000000000,00000000000,0,0,0,1,0,0,0,0,0,0,0,998,0,1,6,0,99,6,2,42,0,0,0,1,26,49437,1,1,0,0,2,0,67,148,1,1,0,1,0,7,2009,2,2010,1,0,0,0,0,1,2,70,2,1,2,1,0,0,14,6,1,1,4,6,1,0
26,260601,1,1,1,28,9,22,23,35,0,1,0,55,1,47,34,47034,4,1993,YS3CL68M6P10,Y,S,3,C,L,6,8,M,6,P,1,0,0,P,SAA,9CA,4H,93,17,3260,,0,1042,,G,,0,0,000000000,00000000000,0,0,0,1,0,0,0,0,0,0,0,998,0,1,5,99,99,6,2,1,0,0,0,1,55,54495,6,2,0,0,3,0,71,210,0,0,0,0,0,0,0,0,0,1,0,0,0,0,1,2,55,1,1,1,1,0,0,1,6,1,1,4,1,1,1
26,260602,1,2,1,18,9,17,59,12,6,1,0,26,1,73,705,73705,80,2001,JKAZX4J171A0,J,K,A,Z,X,4,J,1,7,1,A,0,0,M,KAWK,ZXJ,RS,1,17,,,,,,,600,0,0,000000000,00000000000,0,0,0,1,0,0,0,0,0,0,0,98,0,0,0,12,12,6,2,12,0,0,0,1,26,49120,6,1,0,0,3,0,74,235,2,0,0,0,1,11,2007,4,2010,1,37,0,0,0,1,2,55,1,1,2,1,0,0,1,17,3,1,1,88,1,1
26,260602,2,2,2,18,9,17,59,12,6,1,0,18,3,84,881,84881,66,2005,2HSCNAPR05C1,2,H,S,C,N,A,P,R,0,5,C,1,1,T,INTL,94I,DS,5,17,,8,0,0,940,D,,1,57,125430,57125430,3,6,1,1,0,0,0,0,0,0,0,98,0,0,0,9,9,2,1,12,0,0,0,1,18,46077,6,1,6,0,3,0,73,225,0,0,0,0,0,0,0,0,0,0,0,0,0,0,1,2,99,1,9,9,1,20,3,1,66,1,1,1,89,0,0
26,260603,1,2,2,19,9,12,57,12,1,1,0,26,1,12,37,12037,2,2000,3FAFP3133YR1,3,F,A,F,P,3,1,3,3,Y,R,1,0,P,FORD,FZX,3P,0,17,2551,,0,1030,,G,,0,0,000000000,00000000000,0,0,0,1,0,0,0,0,0,0,0,98,0,0,0,12,12,6,2,12,0,0,0,1,26,48111,6,1,0,0,3,0,71,250,0,0,0,0,2,4,2009,12,2009,0,26,0,0,0,2,3,70,1,1,1,1,97,8,1,50,1,1,1,20,2,0
26,260603,2,2,1,19,9,12,57,12,1,1,0,95,3,85,881,85881,66,2009,1XKADU9X89J9,1,X,K,A,D,U,9,X,8,9,J,9,1,T,KW,T60,DS,9,17,,8,2600,1600,CON,D,,1,57,471783,57471783,3,6,1,1,0,0,0,0,0,0,0,0,0,0,0,6,6,6,2,12,0,0,0,1,95,99999,6,1,6,0,3,9,999,999,99,99,99,99,99,99,9999,99,9999,0,0,0,0,0,2,3,70,1,1,1,1,97,8,5,53,1,1,1,21,0,0
26,260604,1,2,1,28,9,5,48,12,11,1,0,26,1,7,41,7041,4,1999,2B3HD46R9XH5,2,B,3,H,D,4,6,R,9,X,H,5,0,P,DODG,INT,4D,99,17,3338,,0,1130,,G,,0,0,000000000,00000000000,0,0,0,1,0,0,0,0,0,0,0,98,0,0,0,12,12,6,2,12,0,0,0,1,26,48133,6,1,0,0,3,0,70,205,0,0,0,0,0,0,0,0,0,0,99,99,99,99,2,3,70,1,2,2,2,0,0,1,50,1,1,1,43,0,0
26,260604,2,2,1,28,9,5,48,12,11,1,0,26,1,12,471,12471,30,2003,1FTYR10U03PB,1,F,T,Y,R,1,0,U,0,3,P,B,0,T,FORD,RNG,PK,3,17,,1,1175,1116,RNG,G,,0,0,000000000,00000000000,0,0,0,1,0,0,0,0,0,0,0,0,0,0,0,13,13,6,2,12,0,0,0,1,26,48133,6,1,0,0,3,0,71,181,0,0,0,0,0,0,0,0,0,0,59,0,0,0,2,3,70,1,2,2,2,0,0,7,53,1,1,1,43,1,0
26,260605,1,1,1,26,9,2,50,59,0,1,0,26,2,22,441,22441,20,2000,1GMDX03E8YD2,1,G,M,D,X,0,3,E,8,Y,D,2,0,T,PONT,MON,ES,0,17,,1,0,1200,MON,G,,0,0,000000000,00000000000,0,0,0,1,0,0,0,0,0,0,0,98,0,0,0,1,99,6,2,59,0,0,0,1,26,48430,0,0,0,0,0,0,69,190,0,2,0,0,0,7,2008,7,2008,0,36,0,0,0,1,2,25,1,1,2,1,0,0,1,13,1,1,4,1,1,1
26,260606,1,2,2,29,9,14,10,12,1,1,0,26,2,22,22,22022,4,2005,1G2ZG5284541,1,G,2,Z,G,5,2,8,4,5,4,1,0,P,PONT,G/6,4D,5,17,3420,,0,1123,,G,,0,0,000000000,00000000000,0,0,0,1,0,0,0,0,0,0,0,98,0,0,0,12,12,6,2,12,0,0,0,1,26,48146,6,1,0,0,3,0,60,120,0,0,0,0,0,0,0,0,0,0,26,0,0,0,5,4,40,1,1,1,1,0,0,1,50,1,1,1,20,1,0
26,260606,2,2,2,29,9,14,10,12,1,1,0,26,2,24,1,24001,4,1998,1G8ZH5283WZ1,1,G,8,Z,H,5,2,8,3,W,Z,1,0,P,STRN,SL1,4D,98,17,2355,,0,1024,,G,,0,0,000000000,00000000000,0,0,0,1,0,0,0,0,0,0,0,0,0,0,0,6,6,6,2,12,0,0,0,1,26,48204,1,1,0,0,2,0,72,270,1,0,0,0,0,11,2008,11,2008,0,36,0,0,0,5,4,40,1,1,1,1,0,0,5,53,1,1,1,21,0,0
26,260607,1,2,1,29,9,18,40,12,6,1,0,39,1,20,481,20481,31,1996,1GCEK19R7TE1,1,G,C,E,K,1,9,R,7,T,E,1,0,T,CHEV,GK1,PC,96,17,,2,1555,1415,GM4,G,,0,0,000000000,00000000000,0,0,0,1,0,0,0,0,0,0,0,98,0,0,0,12,12,6,2,12,0,0,0,1,39,43612,1,1,0,0,2,0,70,230,2,3,0,0,2,10,2007,7,2010,0,36,0,0,0,5,4,45,1,1,2,1,3,3,1,62,1,1,2,69,0,1
26,260607,2,2,1,29,9,18,40,12,6,1,0,39,1,22,20,22020,4,2006,2G2WC58C7611,2,G,2,W,C,5,8,C,7,6,1,1,0,P,PONT,GXP,4D,6,17,3600,,0,1105,,G,,0,0,000000000,00000000000,0,0,0,1,0,0,0,0,0,0,0,98,0,0,0,3,3,6,2,12,0,0,0,1,39,43611,6,1,0,0,3,0,62,155,0,0,0,0,0,0,0,0,0,0,0,0,0,0,5,4,45,1,1,2,1,3,3,11,15,1,1,2,68,1,1
26,260608,1,2,1,29,9,15,53,12,2,1,0,26,1,21,21,21021,2,2003,1G3NL12F73C2,1,G,3,N,L,1,2,F,7,3,C,2,0,P,OLDS,A/G,CP,3,17,2961,,0,1070,,G,,0,0,000000000,00000000000,0,0,0,1,0,0,0,0,0,0,0,98,0,0,0,12,12,6,2,12,0,0,0,1,26,49014,1,1,0,0,2,0,69,160,0,6,0,0,0,5,2008,3,2010,0,28,0,0,0,1,2,35,1,1,1,1,0,0,1,10,1,1,2,50,1,1