STATE,ST_CASE,VEH_NO,VE_FORMS,NUMOCCS,DAY,MONTH,HOUR,MINUTE,HARM_EV,MAN_COLL,UNITTYPE,HIT_RUN,REG_STAT,OWNER,MAKE,MODEL,MAK_MOD,BODY_TYP,MOD_YEAR,VIN,VIN_1,VIN_2,VIN_3,VIN_4,VIN_5,VIN_6,VIN_7,VIN_8,VIN_9,VIN_10,VIN_11,VIN_12,TOW_VEH,VINTYPE,VINMAKE,VINA_MOD,VIN_BT,VINMODYR,VIN_LNGT,VIN_WGT,WGTCD_TR,WHLBS_LG,WHLBS_SH,SER_TR,FUELCODE,MCYCL_DS,J_KNIFE,MCARR_I1,MCARR_I2,MCARR_ID,GVWR,V_CONFIG,CARGO_BT,HAZ_INV,HAZ_PLAC,HAZ_ID,HAZ_CNO,HAZ_REL,BUS_USE,SPEC_USE,EMER_USE,TRAV_SP,UNDERIDE,ROLLOVER,ROLINLOC,IMPACT1,IMPACT2,DEFORMED,TOWED,M_HARM,VEH_SC1,VEH_SC2,FIRE_EXP,DR_PRES,L_STATE,DR_ZIP,L_STATUS,L_TYPE,CDL_STAT,L_ENDORS,L_COMPL,L_RESTRI,DR_HGT,DR_WGT,PREV_ACC,PREV_SUS,PREV_DWI,PREV_SPD,PREV_OTH,FIRST_MO,FIRST_YR,LAST_MO,LAST_YR,SPEEDREL,DR_SF1,DR_SF2,DR_SF3,DR_SF4,VTRAFWAY,VNUM_LAN,VSPD_LIM,VALIGN,VPROFILE,VPAVETYP,VSURCOND,VTRAFCON,VTCONT_F,P_CRASH1,P_CRASH2,P_CRASH3,PCRASH4,PCRASH5,ACC_TYPE,DEATHS,DR_DRINK
26,260683,2,2,3,3,10,14,40,12,2,1,0,26,2,12,471,12471,30,2000,1FTYR14X4YPA,1,F,T,Y,R,1,4,X,4,Y,P,A,0,T,FORD,RNS,PS,0,17,,1,0,1257,RNG,G,,0,0,000000000,00000000000,0,0,0,1,0,0,0,0,0,0,0,98,0,0,0,12,12,6,2,12,0,0,0,1,26,48160,6,1,0,0,3,3,76,260,0,0,0,0,0,0,0,0,0,0,28,0,0,0,1,2,55,1,1,1,1,0,0,10,10,1,1,2,80,0,0
26,260684,1,2,1,17,10,13,54,12,2,1,0,26,1,18,7,18007,4,1993,1G4AG55N1P64,1,G,4,A,G,5,5,N,1,P,6,4,0,P,BUIC,CSP,4D,93,17,2870,,0,1047,,G,,0,0,000000000,00000000000,0,0,0,1,0,0,0,0,0,0,0,98,0,0,0,12,12,6,2,12,0,0,0,1,26,48834,6,1,0,0,3,0,67,155,0,0,0,0,0,0,0,0,0,0,28,0,0,0,1,2,55,1,9,9,1,0,0,1,10,1,1,2,50,1,0
26,260684,2,2,1,17,10,13,54,12,2,1,0,26,3,82,881,82881,66,2005,1FUJBBCK15LN,1,F,U,J,B,B,C,K,1,5,L,N,0,T,FRHT,ST2,DS,5,17,,8,0,0,CON,D,,0,57,54679,5754679,3,5,96,1,0,0,0,0,0,0,0,98,0,0,0,12,12,6,2,12,0,0,0,1,26,48809,6,1,6,0,3,0,75,215,2,0,0,2,1,5,2008,5,2010,0,0,0,0,0,1,2,55,1,9,9,1,0,0,1,62,1,1,1,51,0,0
26,260685,1,1,1,17,10,1,12,9,0,1,1,26,2,20,443,20443,20,2002,1GNDU23E62D2,1,G,N,D,U,2,3,E,6,2,D,2,0,P,CHEV,VTR,SV,2,17,3699,,0,1120,,G,,0,0,000000000,00000000000,0,0,0,1,0,0,0,0,0,0,0,98,0,0,0,12,12,4,3,9,0,0,0,1,26,48161,6,1,0,0,3,0,72,185,1,6,0,3,1,11,2007,10,2010,0,36,0,0,0,1,4,50,1,1,2,1,0,0,1,83,1,1,1,13,0,0
26,260686,1,2,2,10,10,14,5,12,2,1,0,26,1,49,442,49442,20,2004,5TDZA22C04S1,5,T,D,Z,A,2,2,C,0,4,S,1,0,P,TOYT,SIE,SV,4,17,4165,,0,1193,,G,,0,0,000000000,00000000000,0,0,0,1,0,0,0,0,0,0,0,98,0,0,0,12,12,6,2,12,0,0,0,1,26,49546,6,1,0,0,3,3,80,250,0,0,0,0,0,0,0,0,0,0,38,0,0,0,5,2,55,1,1,2,1,3,3,11,15,1,1,2,68,1,0
26,260686,2,2,1,10,10,14,5,12,2,1,0,26,2,12,401,12401,14,2002,1FMZU72E22ZB,1,F,M,Z,U,7,2,E,2,2,Z,B,0,P,FORD,EPR,UT,2,17,4334,,0,1137,,G,,0,0,000000000,00000000000,0,0,0,1,0,0,0,0,0,0,0,98,0,0,0,12,12,6,2,12,0,0,0,1,26,49306,6,1,0,0,3,0,66,150,0,0,0,1,0,6,2010,6,2010,0,0,0,0,0,5,2,55,1,1,2,1,3,3,1,63,1,1,1,69,0,0
26,260687,1,1,1,12,10,5,46,9,0,1,0,26,2,7,403,7403,14,2007,1D8GU58KX7W5,1,D,8,G,U,5,8,K,X,7,W,5,0,P,DODG,NIT,UT,7,17,4161,,0,1088,,G,,0,0,000000000,00000000000,0,0,0,1,0,0,0,0,0,0,0,998,0,0,0,9,9,2,1,9,0,0,0,1,26,48386,6,1,6,0,3,3,68,200,1,0,0,0,0,11,2008,11,2008,0,0,0,0,0,1,2,25,1,1,1,1,1,3,11,83,1,1,1,13,0,0
26,260688,1,2,1,19,10,8,15,12,6,1,0,42,1,87,881,87881,66,1995,1XP5DB9X1SD3,1,X,P,5,D,B,9,X,1,S,D,3,1,T,PTRB,379,DS,95,17,,8,0,0,CON,D,,3,57,1805082,571805082,3,6,1,1,0,0,0,0,0,0,0,98,0,0,0,12,12,6,2,12,0,0,0,1,42,17842,6,1,6,0,3,0,66,999,0,0,0,0,4,7,2008,5,2010,0,36,0,0,0,1,2,55,1,1,2,1,20,3,1,17,1,1,2,86,0,0
26,260688,2,2,2,19,10,8,15,12,6,1,0,26,1,23,401,23401,14,2003,1GKET16S5361,1,G,K,E,T,1,6,S,5,3,6,1,0,T,GMC,EXL,4W,3,17,,2,0,1290,ENV,G,,0,0,000000000,00000000000,0,0,0,1,0,0,0,0,0,0,0,98,0,0,0,3,3,6,2,12,0,0,0,1,26,48829,6,1,0,0,3,3,63,155,0,0,0,0,0,0,0,0,0,0,0,0,0,0,1,2,99,1,9,9,1,0,0,1,66,1,1,1,87,2,0
26,260689,1,1,1,14,10,16,36,1,0,1,0,26,1,34,706,34706,80,2004,WB10499A74ZE,W,B,1,0,4,9,9,A,7,4,Z,E,0,M,BMW,R5T,RS,4,17,,,,,,,1130,0,0,000000000,00000000000,0,0,0,1,0,0,0,0,0,0,0,98,0,0,0,0,12,6,2,59,0,0,0,1,26,48188,6,1,0,0,3,3,68,220,0,0,0,0,0,0,0,0,0,0,99,99,99,99,1,2,50,3,1,2,1,0,0,14,13,1,1,4,1,1,1
26,260690,1,1,1,15,10,21,15,34,0,1,0,26,1,20,16,20016,4,1998,1G1JC5249W72,1,G,1,J,C,5,2,4,9,W,7,2,0,P,CHEV,CAV,4D,98,17,2630,,0,1041,,G,,0,0,000000000,00000000000,0,0,0,1,0,0,0,0,0,0,0,998,0,1,6,12,99,6,2,1,0,0,0,1,26,49935,6,1,0,0,3,0,73,250,0,0,0,0,0,0,0,0,0,0,36,0,0,0,1,2,55,1,1,2,1,0,0,1,12,1,1,4,6,1,1
26,260691,1,1,1,19,10,13,45,34,0,1,0,26,2,7,41,7041,4,2000,2B3HD46R6YH4,2,B,3,H,D,4,6,R,6,Y,H,4,0,P,DODG,INT,4D,0,17,3385,,0,1130,,G,,0,0,000000000,00000000000,0,0,0,1,0,0,0,0,0,0,0,98,0,1,6,1,0,6,2,1,0,0,0,1,26,48732,6,1,0,0,3,0,68,170,0,4,0,0,0,6,2010,10,2010,1,0,0,0,0,1,2,55,3,1,2,1,0,0,14,6,1,4,4,7,1,1
26,260692,1,1,3,21,10,2,36,24,0,1,0,26,2,20,403,20403,14,2006,1GNET13HX623,1,G,N,E,T,1,3,H,X,6,2,3,0,P,CHEV,TRL,UT,6,17,4594,,0,1130,,G,,0,0,000000000,00000000000,0,0,0,1,0,0,0,0,0,0,0,998,0,1,9,12,12,6,2,1,0,0,0,1,26,48178,6,1,0,0,3,3,73,185,0,0,0,1,0,7,2010,7,2010,0,36,0,0,0,3,3,70,1,1,1,1,0,0,1,11,1,1,4,1,1,1
26,260693,1,1,2,21,10,12,12,24,0,1,0,26,2,14,38,14038,2,2002,1ZWHT61LX256,1,Z,W,H,T,6,1,L,X,2,5,6,0,P,MERC,C6S,2H,2,17,3013,,0,1064,,G,,0,0,000000000,00000000000,0,0,0,1,0,0,0,0,0,0,0,98,0,1,6,1,1,6,2,1,0,0,0,1,26,48446,6,1,0,0,3,0,64,114,0,0,0,0,0,0,0,0,0,0,99,99,99,99,1,2,55,1,1,2,1,0,0,1,13,1,1,4,1,1,0
26,260694,1,1,1,23,10,7,59,59,0,1,0,26,1,20,401,20401,14,1995,1GNDT13W9S21,1,G,N,D,T,1,3,W,9,S,2,1,0,P,CHEV,BZR,UT,95,17,4071,,0,1070,,G,,0,0,000000000,00000000000,0,0,0,1,0,0,0,0,0,0,0,98,0,0,0,11,99,6,2,42,0,0,0,1,26,48820,6,1,0,0,3,0,69,165,0,0,0,1,0,2,2008,2,2008,1,0,0,0,0,1,2,50,2,9,2,2,0,0,14,12,1,1,4,6,1,1
26,260695,1,3,1,23,10,20,12,12,6,1,0,26,1,49,32,49032,4,2007,2T1BR32E97C7,2,T,1,B,R,3,2,E,9,7,C,7,0,P,TOYT,UCS,4D,7,17,2530,,0,1024,,G,,0,0,000000000,00000000000,0,0,0,1,0,0,0,0,0,0,0,98,0,0,0,12,12,6,2,12,0,0,0,1,26,49022,6,1,0,0,3,3,70,185,0,0,0,0,0,0,0,0,0,0,39,0,0,0,1,2,99,1,9,9,1,20,3,1,17,1,1,2,86,1,1
26,260695,2,3,1,23,10,20,12,12,6,1,0,26,3,12,481,12481,31,2006,1FTPW14566KB,1,F,T,P,W,1,4,5,6,6,K,B,0,T,FORD,F1S,CW,6,17,,2,1500,1390,COF,G,,0,0,000000000,00000000000,0,0,0,1,0,0,0,0,0,0,0,98,0,1,6,2,99,6,2,12,0,0,0,1,26,49022,6,1,0,0,3,3,70,210,0,0,0,0,0,0,0,0,0,0,0,0,0,0,1,4,40,1,1,2,1,0,0,1,66,1,1,1,87,0,1
26,260695,3,3,1,23,10,20,12,12,6,1,0,26,1,20,39,20039,4,2009,KL1TD66E39B3,K,L,1,T,D,6,6,E,3,9,B,3,0,P,CHEV,LTS,5D,9,17,2547,,0,976,,G,,0,0,000000000,00000000000,0,0,0,1,0,0,0,0,0,0,0,98,0,0,0,12,12,6,2,12,0,0,0,1,26,48202,6,1,0,0,3,0,66,240,0,0,0,1,0,11,2009,11,2009,0,0,0,0,0,1,4,40,1,1,2,1,0,0,1,66,1,1,1,98,0,0
26,260696,1,1,1,23,10,23,22,59,0,1,0,26,1,7,41,7041,4,1999,2B3HD46R4XH6,2,B,3,H,D,4,6,R,4,X,H,6,0,P,DODG,INT,4D,99,17,3338,,0,1130,,G,,0,0,000000000,00000000000,0,0,0,1,0,0,0,0,0,0,0,98,0,1,6,12,1,6,2,42,0,0,0,1,26,49829,6,1,0,0,3,0,72,240,0,0,0,0,0,0,0,0,0,0,36,0,0,0,1,2,40,1,1,2,2,0,0,1,13,1,1,4,1,1,1
26,260697,1,2,1,20,10,16,55,12,2,1,0,26,1,12,21,12021,4,2007,1FAHP28137G1,1,F,A,H,P,2,8,1,3,7,G,1,0,P,FORD,5AM,4D,7,17,3825,,0,1129,,G,,0,0,000000000,00000000000,0,0,0,1,0,0,0,0,0,0,0,998,0,0,0,12,12,6,2,12,0,0,0,1,26,48097,6,1,0,0,3,0,70,250,0,0,0,0,0,0,0,0,0,0,28,0,0,0,1,2,55,1,1,2,1,0,0,1,10,1,1,2,50,1,0
26,260697,2,2,1,20,10,16,55,12,2,1,0,26,1,7,880,7880,67,2001,1B7MF33701J2,1,B,7,M,F,3,3,7,0,1,J,2,1,T,DODG,Q35,4C,1,17,,3,0,1547,RPC,D,,1,57,1910040,571910040,2,4,97,1,0,0,0,0,0,0,0,998,0,0,0,12,12,6,2,12,0,0,0,1,26,48416,6,1,6,0,3,0,68,175,1,0,0,1,1,5,2008,11,2009,0,0,0,0,0,1,2,55,1,1,2,1,0,0,1,62,9,1,1,51,0,0
26,260698,1,2,1,19,10,22,9,12,6,1,0,26,2,13,1,13001,4,1995,1LNLM83W3SY6,1,L,N,L,M,8,3,W,3,S,Y,6,0,P,LINC,CAR,4D,95,17,4095,,0,1174,,G,,0,0,000000000,00000000000,0,0,0,1,0,0,0,0,0,0,0,998,0,0,0,12,12,6,2,19,0,0,0,1,26,49002,0,0,0,0,0,0,71,211,0,0,0,0,0,0,0,0,0,0,39,37,0,0,1,2,25,1,1,1,1,2,3,1,17,1,1,1,88,0,0
26,260698,2,2,1,19,10,22,9,12,6,1,0,26,1,14,401,14401,14,2000,4M2ZU86P0YUJ,4,M,2,Z,U,8,6,P,0,Y,U,J,0,P,MERC,MOU,UT,0,17,4250,,0,1116,,G,,0,0,000000000,00000000000,0,0,0,1,0,0,0,0,0,0,0,998,0,1,5,9,9,6,2,12,0,0,0,1,26,49024,6,1,0,0,3,0,71,235,0,0,0,2,1,12,2008,1,2010,0,0,0,0,0,4,3,30,1,1,2,1,2,3,1,66,1,1,1,89,1,0
26,260699,1,2,2,20,10,16,36,12,6,1,0,26,1,14,6,14006,4,2006,2MEFM74V66X6,2,M,E,F,M,7,4,V,6,6,X,6,0,P,MERC,GMG,4D,6,17,4137,,0,1146,,F,,0,0,000000000,00000000000,0,0,0,1,0,0,0,0,0,0,0,998,0,0,0,9,9,6,2,12,0,0,0,1,26,49247,6,1,0,0,3,0,64,200,0,0,0,0,0,0,0,0,0,0,0,0,0,0,1,2,45,1,1,2,1,1,3,11,67,1,1,2,82,2,0
26,260699,2,2,1,20,10,16,36,12,6,1,0,26,1,89,881,89881,66,1983,1WUBDCJG1DN0,1,W,U,B,D,C,J,G,1,D,N,0,1,T,WHIT,RBM,DS,83,17,,8,1970,1550,RB,D,,1,57,447326,57447326,3,6,1,1,0,0,0,0,0,0,0,998,0,0,0,12,12,6,2,12,42,0,0,1,26,49262,6,1,6,0,3,3,73,245,0,0,0,0,0,0,0,0,0,0,39,0,0,0,1,2,45,1,1,2,1,1,3,1,17,3,1,1,83,0,0
26,260700,1,2,1,22,10,14,30,54,11,1,0,26,1,47,35,47035,4,2006,YS3FD49Y2610,Y,S,3,F,D,4,9,Y,2,6,1,0,0,P,SAA,93B,4D,6,17,3175,,0,1053,,G,,0,0,000000000,00000000000,0,0,0,1,0,0,0,0,0,0,0,998,0,0,0,11,13,6,2,54,0,0,0,1,26,48033,6,1,0,0,3,0,68,215,0,0,0,0,0,0,0,0,0,0,0,0,0,0,3,3,55,1,1,1,1,0,0,1,98,1,1,2,98,1,0
26,260700,2,2,1,22,10,14,30,54,11,1,0,26,3,84,881,84881,66,2005,2HSCEAPR75C1,2,H,S,C,E,A,P,R,7,5,C,1,1,T,INTL,92I,DS,5,17,,8,0,0,920,D,,1,57,1468683,571468683,3,6,2,2,2,1203,3,1,0,0,0,998,0,0,0,18,0,2,3,54,0,0,0,1,26,48170,6,1,6,1,3,0,69,195,1,0,0,1,0,1,2009,12,2009,0,99,99,99,99,3,3,55,1,1,1,1,0,0,1,98,1,1,1,98,0,0
26,260701,1,1,1,23,10,17,14,8,0,1,1,26,1,20,20,20020,4,1999,2G1WL52M2X91,2,G,1,W,L,5,2,M,2,X,9,1,0,P,CHEV,L/S,4D,99,17,3330,,0,1075,,G,,0,0,000000000,00000000000,0,0,0,1,0,0,0,0,0,0,0,998,0,0,0,12,12,2,1,8,0,0,0,1,26,48864,6,1,0,0,3,3,66,184,1,0,0,1,1,1,2009,3,2010,0,36,0,0,0,3,3,70,1,1,1,1,0,0,1,11,1,1,4,13,0,0
26,260702,1,5,1,26,10,16,39,12,6,1,1,26,2,12,3,12003,1,1995,1FALP45TXSF2,1,F,A,L,P,4,5,T,X,S,F,2,0,P,FORD,MGG,CV,95,17,3451,,0,1013,,G,,0,0,000000000,00000000000,0,0,0,1,0,0,0,0,0,0,0,998,0,0,0,12,12,6,2,12,0,0,0,1,26,48198,1,1,0,0,2,0,72,190,0,13,0,0,3,9,2008,4,2010,0,36,91,92,0,5,4,35,1,1,2,1,3,3,1,17,1,1,1,88,0,1
26,260702,2,5,3,26,10,16,39,12,6,1,0,26,1,12,17,12017,4,2002,1FAFP55S22G2,1,F,A,F,P,5,5,S,2,2,G,2,0,P,FORD,TSS,4D,2,17,3392,,0,1085,,G,,0,0,000000000,00000000000,0,0,0,1,0,0,0,0,0,0,0,998,0,0,0,9,99,6,2,12,0,0,0,1,26,48188,6,1,0,0,3,0,64,180,0,0,0,0,0,0,0,0,0,0,0,0,0,0,1,2,99,1,1,2,1,2,3,1,66,1,1,1,89,1,0
26,260702,3,5,1,26,10,16,39,12,6,1,0,17,3,12,37,12037,4,2008,1FAHP35N68W2,1,F,A,H,P,3,5,N,6,8,W,2,0,P,FORD,FMS,4D,8,17,2623,,0,1029,,G,,0,0,000000000,00000000000,0,0,0,1,0,0,0,0,0,0,0,0,0,0,0,12,99,6,2,12,0,0,0,1,26,48197,6,1,0,0,3,0,75,185,0,0,0,0,0,0,0,0,0,0,0,0,0,0,5,4,35,1,1,2,1,2,3,5,62,1,1,1,98,0,0
26,260702,4,5,1,26,10,16,39,12,6,1,0,26,1,19,14,19014,4,2002,1G6KS54Y72U2,1,G,6,K,S,5,4,Y,7,2,U,2,0,P,CADI,SLS,4D,2,17,3969,,0,1122,,G,,0,0,000000000,00000000000,0,0,0,1,0,0,0,0,0,0,0,0,0,0,0,12,12,6,2,12,0,0,0,1,26,48198,6,1,0,0,3,0,65,250,0,3,0,0,0,5,2008,9,2009,0,0,0,0,0,5,4,35,1,1,2,1,2,3,5,62,1,1,1,98,0,0
26,260702,5,5,1,26,10,16,39,12,6,1,0,26,1,49,40,49040,4,2007,JTNBE46K4730,J,T,N,B,E,4,6,K,4,7,3,0,0,P,TOYT,CMB,4D,7,17,3108,,0,1093,,G,,0,0,000000000,00000000000,0,0,0,1,0,0,0,0,0,0,0,0,0,0,0,7,9,2,1,12,0,0,0,1,26,48198,6,1,0,0,3,0,70,212,1,0,0,0,0,3,2009,3,2009,0,0,0,0,0,5,4,35,1,1,2,1,2,3,5,60,1,1,1,98,0,0
26,260703,1,2,2,27,10,17,57,12,6,1,0,26,2,23,431,23431,16,1995,3GKEC16K5SG5,3,G,K,E,C,1,6,K,5,S,G,5,0,T,GMC,SUB,4W,95,17,,2,0,1315,C15,G,,0,0,000000000,00000000000,0,0,0,1,0,0,0,0,0,0,0,998,0,1,9,12,12,6,2,12,0,0,0,1,26,48532,0,0,0,0,0,0,69,170,0,8,0,2,3,3,2008,4,2010,0,39,0,0,0,2,2,45,1,1,2,1,20,3,1,17,1,1,1,88,1,0
26,260703,2,2,2,27,10,17,57,12,6,1,0,26,2,20,39,20039,4,2009,KL1TD56E79B6,K,L,1,T,D,5,6,E,7,9,B,6,0,P,CHEV,LTS,4D,9,17,2569,,0,976,,G,,0,0,000000000,00000000000,0,0,0,1,0,0,0,0,0,0,0,998,0,1,9,9,9,6,2,30,0,0,0,1,26,48506,6,1,0,0,3,3,66,150,0,0,0,1,0,12,2007,12,2007,0,0,0,0,0,2,2,45,1,1,2,1,20,3,1,66,1,1,1,89,2,0
26,260704,1,1,4,31,10,1,30,1,0,1,0,26,2,7,422,7422,15,2005,1D4HB48N95F5,1,D,4,H,B,4,8,N,9,5,F,5,0,P,DODG,DUR,UT,5,17,4958,,0,1192,,G,,0,0,000000000,00000000000,0,0,0,1,0,0,0,0,0,0,0,98,0,2,1,0,0,6,2,1,0,0,0,1,26,48650,6,1,0,0,3,3,70,155,0,0,0,0,0,0,0,0,0,1,0,0,0,0,1,2,55,1,2,4,1,0,0,1,98,1,1,2,98,1,1
26,260705,1,1,1,3,10,4,36,1,0,1,0,12,2,12,481,12481,31,1990,1FTEF14N6LNB,1,F,T,E,F,1,4,N,6,L,N,B,0,T,FORD,F15,PK,90,17,,2,1330,1170,COF,G,,0,0,000000000,00000000000,0,0,0,1,0,0,0,0,0,0,0,98,0,2,6,0,0,6,2,1,0,0,0,1,12,33598,1,1,0,0,2,0,67,999,0,1,0,0,0,2,2010,2,2010,0,0,0,0,0,1,2,50,1,1,2,1,0,0,1,12,1,1,4,6,1,0
26,260706,1,1,2,29,10,1,45,1,0,1,0,55,1,20,22,20022,2,2007,1G1AL15F4772,1,G,1,A,L,1,5,F,4,7,7,2,0,P,CHEV,BLT,CP,7,17,2991,,0,1033,,G,,0,0,000000000,00000000000,0,0,0,1,0,0,0,0,0,0,0,98,0,2,6,0,0,6,2,1,0,0,0,1,55,54847,6,1,0,0,3,3,70,210,0,0,0,0,0,0,0,0,0,1,0,0,0,0,1,2,55,1,1,2,1,0,0,1,13,1,1,4,1,1,1
26,260707,1,1,1,31,10,2,52,52,0,1,0,26,1,18,2,18002,4,2001,1G4HP54K11U1,1,G,4,H,P,5,4,K,1,1,U,1,0,P,BUIC,LCF,4D,1,17,3567,,0,1122,,G,,0,0,000000000,00000000000,0,0,0,1,0,0,0,0,0,0,0,98,0,0,0,12,99,6,2,52,0,0,1,1,26,49505,6,1,0,0,3,0,75,263,0,0,0,0,0,0,0,0,0,0,99,99,99,99,6,1,99,2,9,9,1,0,0,14,12,1,1,4,6,1,1
26,260708,1,1,1,25,10,5,42,34,0,1,0,26,2,7,43,7043,4,2002,1B3EL46R32N2,1,B,3,E,L,4,6,R,3,2,N,2,0,P,DODG,SSP,4D,2,17,3136,,0,1080,,G,,0,0,000000000,00000000000,0,0,0,1,0,0,0,0,0,0,0,98,0,0,0,9,9,6,2,34,0,0,0,1,26,48185,6,1,0,0,3,3,67,160,0,0,0,0,0,0,0,0,0,1,0,0,0,0,1,2,55,2,2,2,1,0,0,14,6,1,4,4,7,1,0
26,260709,1,1,2,29,10,16,38,1,0,1,0,26,2,24,5,24005,4,2000,1G8JU52F7YY6,1,G,8,J,U,5,2,F,7,Y,Y,6,0,P,STRN,LS1,4D,0,17,2998,,0,1065,,G,,0,0,000000000,00000000000,0,0,0,1,0,0,0,0,0,0,0,98,0,2,6,0,0,6,2,1,0,0,0,1,26,49456,1,1,0,0,2,0,66,150,0,6,0,0,0,11,2007,3,2009,1,0,0,0,0,1,2,70,2,1,2,1,0,0,14,6,1,4,4,7,1,1
26,260710,1,4,2,26,10,12,53,12,6,1,0,26,1,53,40,53040,5,2010,JS2YC5A24A63,J,S,2,Y,C,5,A,2,4,A,6,3,0,P,SUZI,SLE,4D,10,17,2748,,0,984,,G,,0,0,000000000,00000000000,0,0,0,1,0,0,0,0,0,0,0,998,0,0,0,9,9,6,2,12,0,0,0,1,26,48732,6,1,0,0,3,3,71,175,0,0,0,0,0,0,0,0,0,0,39,0,0,0,1,2,99,1,1,2,2,3,3,1,17,1,1,1,89,2,0
26,260710,2,4,1,26,10,12,53,12,6,1,0,26,9,12,481,12481,31,2007,1FTSW21P17EA,1,F,T,S,W,2,1,P,1,7,E,A,0,T,FORD,F2S,CW,7,17,,2,1720,1560,SRW,D,,0,0,000000000,00000000000,0,0,0,1,0,0,0,0,0,0,0,998,0,0,0,12,12,6,2,12,0,0,0,1,26,49738,6,1,6,0,3,0,70,170,0,0,0,0,0,0,0,0,0,0,0,0,0,0,1,4,40,1,1,2,2,2,3,1,66,1,1,1,88,0,0
26,260710,3,4,2,26,10,12,53,12,6,1,0,26,2,12,23,12023,4,2010,3FAHP0HA0AR2,3,F,A,H,P,0,H,A,0,A,R,2,0,P,FORD,F/E,4D,10,17,3285,,0,1074,,G,,0,0,000000000,00000000000,0,0,0,1,0,0,0,0,0,0,0,998,0,0,0,7,1,6,2,12,0,0,0,1,26,48413,6,1,0,0,3,0,72,220,0,0,0,0,0,0,0,0,0,0,0,0,0,0,1,4,40,1,1,2,2,2,3,1,62,1,1,1,98,0,0
26,260710,4,4,1,26,10,12,53,12,6,1,0,26,2,22,16,22016,4,2000,1G2JB5241Y74,1,G,2,J,B,5,2,4,1,Y,7,4,0,P,PONT,SFS,4D,0,17,2644,,0,1041,,G,,0,0,000000000,00000000000,0,0,0,1,0,0,0,0,0,0,0,998,0,0,0,12,12,6,2,12,0,0,0,1,26,48732,6,1,0,0,3,0,68,170,1,0,0,0,0,12,2009,12,2009,0,0,0,0,0,1,4,40,1,1,2,2,2,3,1,60,1,1,1,98,0,0
26,260711,1,1,1,1,10,14,6,42,0,1,0,26,2,22,32,22032,6,2003,5Y2SN64L33Z4,5,Y,2,S,N,6,4,L,3,3,Z,4,0,P,PONT,VGT,4H,3,17,2780,,0,1024,,G,,0,0,000000000,00000000000,0,0,0,1,0,0,0,0,0,0,0,98,0,0,0,12,12,6,2,42,0,0,0,1,26,49266,6,1,0,0,3,3,67,135,1,0,0,0,0,12,2008,12,2008,1,0,0,0,0,1,2,55,3,2,2,1,0,0,14,13,1,1,4,1,1,0
26,260712,1,1,2,7,10,0,0,1,0,1,0,26,2,20,471,20471,30,1994,1GCCS14Z8RK1,1,G,C,C,S,1,4,Z,8,R,K,1,0,T,CHEV,S14,PK,94,17,,1,1179,1083,S,G,,0,0,000000000,00000000000,0,0,0,1,0,0,0,0,0,0,0,98,0,2,6,0,0,6,2,42,0,0,0,1,26,49026,1,1,0,0,2,0,70,160,0,10,2,0,1,11,2007,8,2010,1,58,0,0,0,1,2,55,1,9,9,1,0,0,1,11,6,4,4,7,1,1
26,260713,1,1,1,8,10,20,20,14,0,1,0,0,0,98,998,98998,97,9999,999999999999,9,9,9,9,9,9,9,9,9,9,9,9,0,U,,,,9,17,,,,,,,,0,0,000000000,00000000000,0,0,0,1,0,0,0,0,0,0,0,98,0,0,0,12,12,6,2,14,0,0,0,1,26,48228,0,0,0,0,0,0,999,999,0,0,0,0,0,0,0,0,0,0,36,0,0,0,1,2,25,1,1,1,1,0,0,1,10,1,1,4,6,1,0
26,260714,1,2,3,25,10,14,19,12,2,1,0,26,1,21,20,21020,4,1993,1G3AG55N9P64,1,G,3,A,G,5,5,N,9,P,6,4,0,P,OLDS,CIS,4D,93,17,2776,,0,1049,,G,,0,0,000000000,00000000000,0,0,0,1,0,0,0,0,0,0,0,998,0,0,0,12,12,6,2,12,0,0,0,1,26,49829,6,1,0,0,3,3,64,180,0,0,0,0,0,0,0,0,0,0,38,0,0,0,5,4,35,1,1,1,1,3,3,11,15,1,1,1,68,1,0
26,260714,2,2,1,25,10,14,19,12,2,1,0,26,1,7,442,7442,20,2001,2B4GP44391R3,2,B,4,G,P,4,4,3,9,1,R,3,0,P,DODG,CAR,SV,1,17,3989,,0,1193,,F,,0,0,000000000,00000000000,0,0,0,1,0,0,0,0,0,0,0,998,0,0,0,12,12,6,2,12,0,0,0,1,26,49894,6,1,0,0,3,3,69,175,0,0,0,0,0,0,0,0,0,0,0,0,0,0,5,4,35,1,1,1,1,2,3,1,62,1,1,1,69,0,0
26,260715,1,1,2,13,10,20,55,42,0,1,0,26,1,22,2,22002,4,2001,1G2HZ5414141,1,G,2,H,Z,5,4,1,4,1,4,1,0,P,PONT,BSI,4D,1,17,3716,,0,1122,,G,,0,0,000000000,00000000000,0,0,0,1,0,0,0,0,0,0,0,98,0,0,0,9,9,6,2,42,0,0,0,1,26,49329,6,1,0,0,3,0,71,165,0,0,0,0,0,0,0,0,0,1,0,0,0,0,1,2,55,2,1,2,1,0,0,14,6,1,4,4,7,1,0