STATE,ST_CASE,VEH_NO,VE_FORMS,NUMOCCS,DAY,MONTH,HOUR,MINUTE,HARM_EV,MAN_COLL,UNITTYPE,HIT_RUN,REG_STAT,OWNER,MAKE,MODEL,MAK_MOD,BODY_TYP,MOD_YEAR,VIN,VIN_1,VIN_2,VIN_3,VIN_4,VIN_5,VIN_6,VIN_7,VIN_8,VIN_9,VIN_10,VIN_11,VIN_12,TOW_VEH,VINTYPE,VINMAKE,VINA_MOD,VIN_BT,VINMODYR,VIN_LNGT,VIN_WGT,WGTCD_TR,WHLBS_LG,WHLBS_SH,SER_TR,FUELCODE,MCYCL_DS,J_KNIFE,MCARR_I1,MCARR_I2,MCARR_ID,GVWR,V_CONFIG,CARGO_BT,HAZ_INV,HAZ_PLAC,HAZ_ID,HAZ_CNO,HAZ_REL,BUS_USE,SPEC_USE,EMER_USE,TRAV_SP,UNDERIDE,ROLLOVER,ROLINLOC,IMPACT1,IMPACT2,DEFORMED,TOWED,M_HARM,VEH_SC1,VEH_SC2,FIRE_EXP,DR_PRES,L_STATE,DR_ZIP,L_STATUS,L_TYPE,CDL_STAT,L_ENDORS,L_COMPL,L_RESTRI,DR_HGT,DR_WGT,PREV_ACC,PREV_SUS,PREV_DWI,PREV_SPD,PREV_OTH,FIRST_MO,FIRST_YR,LAST_MO,LAST_YR,SPEEDREL,DR_SF1,DR_SF2,DR_SF3,DR_SF4,VTRAFWAY,VNUM_LAN,VSPD_LIM,VALIGN,VPROFILE,VPAVETYP,VSURCOND,VTRAFCON,VTCONT_F,P_CRASH1,P_CRASH2,P_CRASH3,PCRASH4,PCRASH5,ACC_TYPE,DEATHS,DR_DRINK
26,260717,1,1,1,30,10,18,22,1,0,1,0,26,2,63,401,63401,14,2001,KNDJA7234150,K,N,D,J,A,7,2,3,4,1,5,0,0,P,KIA,SPO,UT,1,17,3352,,0,1043,,G,,0,0,000000000,00000000000,0,0,0,1,0,0,0,0,0,0,0,98,0,2,5,0,99,6,2,30,0,0,0,1,26,48169,6,1,0,0,3,0,71,190,0,0,0,0,0,0,0,0,0,1,0,0,0,0,1,2,55,3,9,9,1,0,0,14,13,1,1,4,1,1,0
26,260718,1,1,2,1,11,19,19,34,0,1,0,26,2,20,481,20481,31,1972,CCE145173216,C,C,E,1,4,5,1,7,3,2,1,6,0,P,,,,,,,,,,,,,0,0,000000000,00000000000,0,0,0,1,0,0,0,0,0,0,0,98,0,0,0,1,12,6,2,42,0,0,0,1,26,48657,6,1,0,0,3,0,69,191,1,2,0,0,2,7,2010,9,2010,0,99,99,99,99,1,2,55,1,1,2,1,0,0,1,13,1,1,4,1,2,0
26,260719,1,1,1,7,11,3,0,42,0,1,0,26,1,20,481,20481,31,1991,2GCEC19K1M12,2,G,C,E,C,1,9,K,1,M,1,2,0,T,CHEV,GC1,PC,91,17,,2,1555,1415,GM4,G,,0,0,000000000,00000000000,0,0,0,1,0,0,0,0,0,0,0,98,0,0,0,12,12,6,2,42,0,0,0,1,26,49014,6,1,0,0,3,3,65,175,0,0,0,0,0,0,0,0,0,0,99,99,99,99,1,2,55,1,9,9,1,0,0,1,12,1,1,4,6,1,1
26,260720,1,1,1,9,11,16,54,24,0,1,0,26,1,37,706,37706,80,2002,JH2RC46162M4,J,H,2,R,C,4,6,1,6,2,M,4,0,M,HOND,V80,RS,2,17,,,,,,,781,0,0,000000000,00000000000,0,0,0,1,0,0,0,0,0,0,0,98,0,0,0,3,12,6,2,24,0,0,0,1,26,49519,6,1,0,0,3,0,69,165,0,0,0,0,0,0,0,0,0,1,0,0,0,0,1,2,55,2,2,2,1,0,0,14,6,1,4,4,7,1,0
26,260722,1,1,1,10,11,18,52,42,0,1,0,26,1,20,22,20022,4,2009,1G1AT58H3971,1,G,1,A,T,5,8,H,3,9,7,1,0,P,CHEV,BLT,4D,9,17,3216,,0,1033,,G,,0,0,000000000,00000000000,0,0,0,1,0,0,0,0,0,0,0,98,0,0,0,12,12,6,2,42,0,0,0,1,26,49251,6,1,0,0,3,0,63,100,2,2,1,0,1,6,2008,8,2010,0,58,0,0,0,1,2,55,1,1,1,1,0,0,1,13,6,2,4,7,1,0
26,260723,1,1,1,11,11,19,19,1,0,1,0,26,9,22,20,22020,4,2000,1G2WP52K4YF2,1,G,2,W,P,5,2,K,4,Y,F,2,0,P,PONT,GPG,4D,0,17,3455,,0,1105,,G,,0,0,000000000,00000000000,0,0,0,1,0,0,0,0,0,0,0,98,0,2,6,0,0,6,2,1,0,0,0,1,26,49415,6,1,0,0,3,0,61,112,0,0,0,0,0,0,0,0,0,0,99,99,99,99,2,2,70,1,1,2,2,0,0,1,13,1,2,4,2,1,0
26,260724,1,1,1,11,11,14,36,19,0,1,0,26,2,20,16,20016,4,1997,1G1JC5248V72,1,G,1,J,C,5,2,4,8,V,7,2,0,P,CHEV,CAV,4D,97,17,2630,,0,1041,,G,,0,0,000000000,00000000000,0,0,0,1,0,0,0,0,0,0,0,98,0,0,0,12,12,6,2,19,0,0,0,1,26,48463,6,1,0,0,3,0,64,220,0,0,0,0,0,0,0,0,0,0,36,0,0,0,1,4,45,1,9,1,1,0,0,1,10,7,4,4,7,1,0
26,260725,1,1,1,12,11,11,36,59,0,1,0,26,1,23,421,23421,15,1994,1GKEK18K7RJ7,1,G,K,E,K,1,8,K,7,R,J,7,0,T,GMC,YUK,2W,94,17,,2,0,1115,YUK,G,,0,0,000000000,00000000000,0,0,0,1,0,0,0,0,0,0,0,98,0,0,0,3,12,6,2,42,0,0,0,1,26,48640,6,1,0,0,3,0,73,199,0,0,0,0,0,0,0,0,0,0,99,99,99,99,1,2,55,1,1,2,1,0,0,1,13,1,1,4,1,1,0
26,260726,1,1,1,16,11,17,48,1,0,1,0,26,1,12,422,12422,15,1999,1FMRU1866XLB,1,F,M,R,U,1,8,6,6,X,L,B,0,P,FORD,EPT,UT,99,17,5177,,0,1191,,G,,0,0,000000000,00000000000,0,0,0,1,0,0,0,0,0,0,0,98,0,2,3,0,0,6,2,1,0,0,0,1,26,49504,6,1,0,0,3,3,70,250,0,0,0,0,0,0,0,0,0,0,36,0,0,0,2,2,70,1,1,2,1,0,0,1,12,1,1,4,6,1,0
26,260727,1,1,1,18,11,16,54,42,0,1,0,26,1,49,402,49402,14,2008,JTMZD33V4860,J,T,M,Z,D,3,3,V,4,8,6,0,0,P,TOYT,RG4,UT,8,17,3300,,0,1047,,G,,0,0,000000000,00000000000,0,0,0,1,0,0,0,0,0,0,0,98,0,0,0,11,11,6,2,42,0,0,0,1,26,49112,6,1,0,0,3,0,71,220,0,0,0,0,0,0,0,0,0,0,0,0,0,0,1,2,50,1,1,2,1,0,0,1,12,1,1,4,6,1,0
26,260728,1,1,1,19,11,6,25,35,0,1,0,26,2,12,461,12461,21,1996,1FDEE14H3THB,1,F,D,E,E,1,4,H,3,T,H,B,0,T,FORD,15V,IC,96,17,,2,0,1380,VAN,G,,0,0,000000000,00000000000,0,0,0,1,0,0,0,0,0,0,0,98,0,2,6,12,99,6,2,42,0,0,0,1,26,48060,6,1,0,0,3,0,67,155,2,0,0,0,0,12,2008,8,2010,0,99,99,99,99,2,2,70,1,1,2,1,0,0,1,13,1,1,4,1,1,0
26,260729,1,1,1,21,11,6,55,42,0,1,0,26,1,21,23,21023,4,1998,1G3WH52K1WF3,1,G,3,W,H,5,2,K,1,W,F,3,0,P,OLDS,ITG,4D,98,17,3455,,0,1090,,G,,0,0,000000000,00000000000,0,0,0,1,0,0,0,0,0,0,0,98,0,0,0,12,12,6,2,42,0,0,1,1,26,49091,6,1,0,0,3,0,63,190,0,1,0,0,0,7,2009,7,2009,0,0,0,0,0,1,2,55,1,9,9,1,0,0,1,13,1,1,4,1,1,0
26,260730,1,1,1,24,11,11,8,9,0,1,0,26,1,12,17,12017,4,2003,1FAFP53U63A2,1,F,A,F,P,5,3,U,6,3,A,2,0,P,FORD,TSE,4D,3,17,3336,,0,1085,,G,,0,0,000000000,00000000000,0,0,0,1,0,0,0,0,0,0,0,98,0,0,0,1,1,2,3,9,0,0,0,1,26,49224,6,1,0,0,3,0,73,220,1,0,0,0,0,7,2010,7,2010,0,0,0,0,0,1,2,55,1,1,2,1,0,0,6,83,6,1,2,13,0,0
26,260731,1,2,1,4,9,0,48,12,2,1,0,26,2,22,20,22020,4,1995,1G2WJ52M7SF2,1,G,2,W,J,5,2,M,7,S,F,2,0,P,PONT,GFS,4D,95,17,3370,,0,1075,,G,,0,0,000000000,00000000000,0,0,0,1,0,0,0,0,0,0,0,98,0,0,0,12,1,6,2,12,0,0,0,1,26,48066,6,1,0,0,3,3,64,115,0,0,0,0,0,0,0,0,0,0,28,0,0,0,1,3,45,1,1,2,1,0,0,1,10,1,1,2,50,1,1
26,260731,2,2,1,4,9,0,48,12,2,1,0,26,2,7,24,7024,4,2009,2B3KA33V19H5,2,B,3,K,A,3,3,V,1,9,H,5,0,P,DODG,CHS,4D,9,17,3820,,0,1200,,G,,0,0,000000000,00000000000,0,0,0,1,0,0,0,0,0,0,0,98,0,0,0,12,11,6,2,12,0,0,0,1,26,48038,6,1,0,0,3,0,67,150,0,0,0,1,0,5,2009,5,2009,0,0,0,0,0,1,3,45,1,1,2,1,0,0,1,62,1,1,1,51,0,0
26,260732,1,2,1,7,9,8,15,12,1,1,0,26,1,19,14,19014,4,1999,1G6KS54Y0XU9,1,G,6,K,S,5,4,Y,0,X,U,9,0,P,CADI,SLS,4D,99,17,3970,,0,1122,,G,,0,0,000000000,00000000000,0,0,0,1,0,0,0,0,0,0,0,98,0,0,0,12,12,6,2,12,0,0,0,1,26,48867,6,1,0,0,3,0,72,235,0,0,0,0,0,0,0,0,0,0,26,0,0,0,1,2,55,1,1,2,1,0,0,1,50,1,1,1,32,1,0
26,260732,2,2,0,7,9,8,15,12,1,1,0,26,3,86,882,86882,63,2002,1M2K195C92M0,1,M,2,K,1,9,5,C,9,2,M,0,0,T,MACK,MR6,TL,2,17,,8,0,0,600,D,,0,57,486983,57486983,3,2,7,1,0,0,0,0,0,0,0,0,0,0,0,6,6,2,3,12,0,0,0,0,,,,,,,,,999,,,,,,,,,,,,20,0,0,0,1,2,55,1,1,2,1,0,0,0,53,0,0,0,32,0,0
26,260733,1,1,1,12,9,2,8,8,0,1,1,99,9,99,399,99399,9,9999,999999999999,9,9,9,9,9,9,9,9,9,9,9,9,0,U,,,,9,17,,,,,,,,0,0,000000000,00000000000,0,0,0,1,0,0,0,0,0,0,0,98,0,0,0,11,11,9,1,8,0,0,0,1,99,99999,9,9,99,9,9,9,999,999,99,99,99,99,99,99,9999,99,9999,0,0,0,0,0,3,4,70,3,1,2,1,0,0,14,80,1,1,1,13,0,0
26,260734,1,2,2,23,9,11,4,12,6,1,0,18,2,20,481,20481,31,2008,3GNFK163X8G3,3,G,N,F,K,1,6,3,X,8,G,3,0,P,CHEV,K15,UT,8,17,5743,,0,1300,,F,,0,0,000000000,00000000000,0,0,0,1,0,0,0,0,0,0,0,98,0,0,0,12,12,6,2,12,0,0,0,1,18,46123,6,1,0,0,3,3,72,200,0,0,0,0,0,0,0,0,0,0,0,0,0,0,1,4,55,1,1,2,1,0,0,1,71,1,1,1,88,0,0
26,260734,2,2,2,23,9,11,4,12,6,1,0,26,2,22,20,22020,4,2000,1G2WJ52J8YF2,1,G,2,W,J,5,2,J,8,Y,F,2,0,P,PONT,GFS,4D,0,17,3373,,0,1105,,G,,0,0,000000000,00000000000,0,0,0,1,0,0,0,0,0,0,0,98,0,0,0,9,9,6,2,12,0,0,0,1,26,48708,6,1,0,0,3,3,63,115,0,0,0,0,0,0,0,0,0,0,38,0,0,0,1,4,55,1,1,2,1,0,0,4,19,1,1,1,89,1,1
26,260735,1,1,1,28,11,19,14,42,0,1,0,55,4,12,17,12017,4,2006,1FAFP53U16A2,1,F,A,F,P,5,3,U,1,6,A,2,0,P,FORD,TSE,4D,6,17,3307,,0,1085,,G,,0,0,000000000,00000000000,0,0,0,1,0,0,0,0,0,0,0,98,0,0,0,9,9,6,2,42,0,0,0,1,26,49017,6,1,0,0,3,3,66,150,2,4,0,0,1,6,2009,10,2010,1,0,0,0,0,1,2,35,3,1,2,1,0,0,14,6,1,4,4,2,1,1
26,260736,1,1,1,30,11,11,43,1,0,1,0,26,1,20,481,20481,31,1987,1GCEV14K8HF3,1,G,C,E,V,1,4,K,8,H,F,3,0,T,CHEV,V10,PK,87,17,,2,1315,1175,V10,G,,0,0,000000000,00000000000,0,0,0,1,0,0,0,0,0,0,0,98,0,2,5,0,99,6,2,42,0,0,0,1,26,48875,6,2,0,0,3,0,67,157,0,0,0,0,0,0,0,0,0,1,0,0,0,0,1,2,55,1,1,2,2,0,0,6,6,6,4,4,7,1,0
26,260737,1,1,1,30,11,10,57,42,0,1,0,26,2,20,481,20481,31,2002,1GCHK24152E1,1,G,C,H,K,2,4,1,5,2,E,1,0,T,CHEV,2KH,PK,2,17,,2,0,1330,SIL,D,,0,0,000000000,00000000000,0,0,0,1,0,0,0,0,0,0,0,98,0,0,0,11,9,6,2,42,0,0,0,1,26,48455,6,1,6,0,3,0,69,160,0,0,0,0,0,0,0,0,0,0,99,99,99,99,1,2,55,1,2,2,2,0,0,1,13,1,1,4,1,1,0
26,260740,1,1,2,14,11,4,13,42,0,1,0,26,1,12,37,12037,4,2002,1FAFP34322W1,1,F,A,F,P,3,4,3,2,2,W,1,0,P,FORD,FCS,4D,2,17,2604,,0,1030,,G,,0,0,000000000,00000000000,0,0,0,1,0,0,0,0,0,0,0,98,0,1,1,12,9,6,2,42,0,0,0,1,26,48050,6,1,0,0,3,3,60,115,2,0,0,1,1,1,2008,1,2010,0,99,99,99,99,1,2,55,1,9,9,2,0,0,1,8,1,4,4,2,1,1
26,260741,1,1,1,29,10,10,27,8,0,1,0,26,1,20,481,20481,31,2006,1GCEK19Z86Z2,1,G,C,E,K,1,9,Z,8,6,Z,2,0,T,CHEV,SK1,4C,6,17,,2,1575,1340,SIL,F,,0,0,000000000,00000000000,0,0,0,1,0,0,0,0,0,0,0,998,0,0,0,9,10,2,1,8,0,0,0,1,26,48723,6,1,0,0,3,0,68,204,0,0,0,1,0,12,2009,12,2009,0,38,0,0,0,1,2,30,1,1,1,1,3,3,11,80,1,1,1,13,0,0
26,260742,1,1,1,6,11,18,46,42,0,1,0,26,1,20,481,20481,31,1992,1GCDC14Z3NZ1,1,G,C,D,C,1,4,Z,3,N,Z,1,0,T,CHEV,GC1,PK,92,17,,1,1315,1175,GM4,G,,0,0,000000000,00000000000,0,0,0,1,0,0,0,0,0,0,0,98,0,0,0,12,12,6,2,42,0,0,0,1,26,49615,6,1,0,0,3,0,69,132,0,0,0,0,0,0,0,0,0,1,0,0,0,0,1,2,55,2,2,2,1,0,0,14,12,1,1,4,6,1,1
26,260743,1,1,1,17,11,9,32,25,0,1,0,26,1,63,33,63033,4,2004,KNAFB1213453,K,N,A,F,B,1,2,1,3,4,5,3,0,P,KIA,STL,4D,4,17,2661,,0,1008,,G,,0,0,000000000,00000000000,0,0,0,1,0,0,0,0,0,0,0,98,0,0,0,11,12,6,2,25,0,0,0,1,26,48210,6,1,0,0,3,0,66,205,1,0,0,0,0,10,2009,10,2009,0,99,99,99,99,3,3,55,1,1,2,1,0,0,1,12,1,1,4,6,1,0
26,260744,1,2,1,23,10,2,50,12,6,1,0,26,1,41,37,41037,4,1999,1YVGF22D3X58,1,Y,V,G,F,2,2,D,3,X,5,8,0,P,MAZD,U6X,4D,99,17,2987,,0,1051,,G,,0,0,000000000,00000000000,0,0,0,1,0,0,0,0,0,0,0,98,0,0,0,12,12,6,2,12,0,0,0,1,26,49424,6,1,0,0,3,3,65,145,0,0,0,0,0,0,0,0,0,0,39,0,0,0,5,4,45,1,1,2,1,3,3,1,66,1,1,1,88,0,1
26,260744,2,2,1,23,10,2,50,12,6,1,0,26,2,37,31,37031,4,1998,1HGEJ6679WL0,1,H,G,E,J,6,6,7,9,W,L,0,0,P,HOND,UCL,4D,98,17,2426,,0,1032,,G,,0,0,000000000,00000000000,0,0,0,1,0,0,0,0,0,0,0,98,0,0,0,9,3,6,2,12,0,0,0,1,26,49424,6,1,0,0,3,0,70,140,1,1,1,0,0,7,2009,10,2009,0,0,0,0,0,5,4,99,1,1,2,1,3,3,1,17,1,1,1,89,1,0
26,260745,1,1,1,31,10,19,26,34,0,1,0,26,2,12,473,12473,30,2001,1FMZU77E31UB,1,F,M,Z,U,7,7,E,3,1,U,B,0,P,FORD,EPR,UT,1,17,4332,,0,1259,,G,,0,0,000000000,00000000000,0,0,0,1,0,0,0,0,0,0,0,998,0,1,6,11,99,6,2,34,0,0,0,1,26,49101,6,1,0,0,3,0,69,180,2,1,0,0,0,2,2008,9,2009,0,99,99,99,99,1,2,55,1,1,2,1,0,0,1,12,1,1,4,6,1,0
26,260746,1,1,0,3,10,10,33,8,0,1,0,26,6,18,2,18002,4,1998,1G4HP52K3WH4,1,G,4,H,P,5,2,K,3,W,H,4,0,P,BUIC,LCF,4D,98,17,3348,,0,1108,,G,,0,0,000000000,00000000000,0,0,0,1,0,0,0,0,0,0,0,98,0,0,0,6,6,0,1,8,0,0,0,0,,,,,,,,,999,,,,,,,,,,,,0,0,0,0,5,4,35,1,1,2,1,0,0,0,84,0,0,0,98,0,0
26,260747,1,2,1,29,10,16,45,12,1,1,0,26,1,23,472,23472,30,2005,1GTDT1963581,1,G,T,D,T,1,9,6,3,5,8,1,0,T,GMC,CAN,4C,5,17,,1,0,1259,CAN,G,,0,0,000000000,00000000000,0,0,0,1,0,0,0,0,0,0,0,0,0,0,0,6,6,2,1,12,0,0,0,1,26,48220,6,1,0,0,3,0,66,165,0,0,0,2,0,3,2008,11,2009,0,0,0,0,0,2,3,40,1,1,2,1,3,3,5,53,1,1,1,21,0,0
26,260747,2,2,1,29,10,16,45,12,1,1,0,26,1,76,706,76706,80,2000,JYAVP11E8YA0,J,Y,A,V,P,1,1,E,8,Y,A,0,0,M,YAMA,XVS,RS,0,17,,,,,,,1063,0,0,000000000,00000000000,0,0,0,1,0,0,0,0,0,0,0,998,0,0,0,12,99,2,3,12,0,0,0,1,26,48386,6,1,0,0,3,3,73,249,0,1,0,1,1,3,2010,7,2010,1,0,0,0,0,2,3,40,1,1,2,1,3,3,1,50,1,1,2,20,1,0
26,260748,1,3,1,31,10,6,31,12,1,1,0,26,1,20,481,20481,31,2008,1GCEK19J88Z1,1,G,C,E,K,1,9,J,8,8,Z,1,0,T,CHEV,SK1,4C,8,17,,2,1575,1339,SIL,G,,0,0,000000000,00000000000,0,0,0,1,0,0,0,0,0,0,0,98,0,0,0,12,12,6,2,12,0,0,0,1,26,48377,6,1,0,0,3,3,66,160,2,0,0,0,1,9,2008,6,2009,0,36,0,0,0,2,2,55,1,1,1,1,3,3,1,51,1,1,1,24,0,1
26,260748,2,3,1,31,10,6,31,12,1,1,0,26,2,12,37,12037,4,2010,1FAHP3HN5AW2,1,F,A,H,P,3,H,N,5,A,W,2,0,P,FORD,FCL,4D,10,17,2623,,0,1029,,G,,0,0,000000000,00000000000,0,0,0,1,0,0,0,0,0,0,0,98,0,0,0,6,6,6,2,12,0,0,0,1,26,48178,6,1,0,0,3,0,69,210,0,0,0,0,0,0,0,0,0,0,0,0,0,0,2,2,55,1,1,1,1,3,3,4,53,1,1,1,25,1,0
26,260748,3,3,1,31,10,6,31,12,1,1,0,26,2,20,23,20023,6,2007,3GNDA33P97S5,3,G,N,D,A,3,3,P,9,7,S,5,0,P,CHEV,HHR,UT,7,17,3155,,0,1035,,G,,0,0,000000000,00000000000,0,0,0,1,0,0,0,0,0,0,0,98,0,0,0,6,6,6,2,12,0,0,0,1,26,48189,6,1,0,0,3,0,64,230,0,0,0,0,0,0,0,0,0,0,0,0,0,0,2,2,55,1,1,1,1,3,3,4,53,1,1,1,98,0,0
26,260749,1,1,4,8,10,18,0,34,0,1,0,26,2,20,37,20037,4,2005,1G1ZT62895F1,1,G,1,Z,T,6,2,8,9,5,F,1,0,P,CHEV,XLS,4D,5,17,3476,,0,1123,,G,,0,0,000000000,00000000000,0,0,0,1,0,0,0,0,0,0,0,998,0,1,6,11,99,6,2,34,0,0,0,1,26,49004,0,0,0,0,0,0,75,192,0,0,0,0,0,0,0,0,0,1,35,0,0,0,1,2,55,1,1,2,1,0,0,6,12,1,1,4,6,1,0
26,260750,1,1,1,3,11,19,23,8,0,1,0,26,2,12,481,12481,31,1999,2FTRF17W6XCB,2,F,T,R,F,1,7,W,6,X,C,B,0,T,FORD,F15,PK,99,17,,2,1385,1199,COF,G,,0,0,000000000,00000000000,0,0,0,1,0,0,0,0,0,0,0,98,0,0,0,12,12,0,8,8,0,0,0,1,26,48108,6,1,0,0,3,0,71,155,0,0,0,0,1,6,2009,6,2009,0,99,99,99,99,5,4,45,1,1,2,1,0,0,1,81,1,1,1,13,0,0
26,260751,1,2,3,5,11,6,36,12,6,1,0,26,2,9,20,9020,4,2001,1P3ES46C11D2,1,P,3,E,S,4,6,C,1,1,D,2,0,P,PLYM,NLX,4D,1,17,2585,,0,1050,,G,,0,0,000000000,00000000000,0,0,0,1,0,0,0,0,0,0,0,98,0,0,0,12,12,6,2,12,0,0,0,1,26,48162,1,1,0,0,2,0,76,230,0,1,0,0,0,3,2009,3,2009,0,0,0,0,0,1,2,55,1,1,2,8,0,0,1,66,1,1,1,88,0,0
26,260751,2,2,2,5,11,6,36,12,6,1,0,26,1,12,37,12037,4,2003,1FAHP36383W1,1,F,A,H,P,3,6,3,8,3,W,1,0,P,FORD,FST,SW,3,17,2564,,0,1030,,G,,0,0,000000000,00000000000,0,0,0,1,0,0,0,0,0,0,0,98,0,0,0,9,9,6,2,12,0,0,0,1,26,48162,6,1,0,0,3,0,68,163,0,0,0,0,0,0,0,0,0,0,38,0,0,0,1,2,99,1,1,2,99,20,3,1,17,1,1,1,89,1,0
26,260752,1,2,2,20,10,14,35,12,6,1,0,26,2,49,32,49032,4,2008,2T1BR32EX8C9,2,T,1,B,R,3,2,E,X,8,C,9,0,P,TOYT,UCS,4D,8,17,2530,,0,1024,,G,,0,0,000000000,00000000000,0,0,0,1,0,0,0,0,0,0,0,98,0,0,0,3,3,6,2,12,0,0,0,1,26,48188,6,1,0,0,3,3,64,125,0,0,0,0,0,0,0,0,0,0,38,0,0,0,1,2,50,1,1,2,1,0,0,4,17,1,1,1,87,1,0
26,260752,2,2,1,20,10,14,35,12,6,1,0,26,3,98,806,98806,62,2008,5PVNE8JV482S,5,P,V,N,E,8,J,V,4,8,2,S,0,T,HINO,268,CC,8,17,,6,0,0,HIN,D,,0,57,1903653,571903653,2,1,1,1,0,0,0,0,0,0,0,998,0,0,0,12,12,6,2,12,0,0,0,1,26,48114,6,1,0,0,3,0,73,200,0,0,0,0,0,0,0,0,0,0,0,0,0,0,1,2,50,1,1,2,1,0,0,1,66,1,1,1,86,0,0
26,260753,1,2,3,5,11,8,34,12,6,1,0,26,1,12,481,12481,31,1998,1FTZX18W1WNA,1,F,T,Z,X,1,8,W,1,W,N,A,0,T,FORD,F15,3C,98,17,,1,1570,1390,COF,G,,0,0,000000000,00000000000,0,0,0,1,0,0,0,0,0,0,0,98,0,0,0,12,12,6,2,12,0,0,0,1,26,49203,6,1,0,0,3,0,70,225,1,0,0,0,0,12,2009,12,2009,0,28,0,0,0,1,2,40,1,1,2,1,0,0,1,10,6,4,2,64,1,0
26,260753,2,2,1,5,11,8,34,12,6,1,0,26,3,86,881,86881,66,1995,1M1AA14Y6SW0,1,M,1,A,A,1,4,Y,6,S,W,0,1,T,MACK,CH6,DS,95,17,,8,0,0,600,D,,1,57,600755,57600755,3,6,1,1,0,0,0,0,0,0,0,98,0,0,0,10,10,6,2,12,0,0,0,1,26,49203,6,1,6,0,3,0,72,225,0,0,0,0,0,0,0,0,0,0,0,0,0,0,1,2,40,1,1,2,1,0,0,1,63,7,1,1,65,0,0
26,260755,1,1,1,28,10,18,12,1,0,1,0,26,2,22,9,22009,2,2001,2G2FV22G4121,2,G,2,F,V,2,2,G,4,1,2,1,0,P,PONT,FTA,2H,1,17,3452,,0,1011,,G,,0,0,000000000,00000000000,0,0,0,1,0,0,0,0,0,0,0,98,0,2,6,0,0,6,2,34,0,0,0,1,26,49720,6,1,0,0,3,3,69,180,0,0,0,0,0,0,0,0,0,0,36,0,0,0,1,2,35,1,1,2,2,0,0,12,12,1,1,4,98,1,1
26,260756,1,2,1,21,10,9,54,12,6,1,0,26,1,20,443,20443,20,2004,1GNDX03E54D1,1,G,N,D,X,0,3,E,5,4,D,1,0,T,CHEV,VTR,ES,4,17,,1,0,1200,VTR,G,,0,0,000000000,00000000000,0,0,0,1,0,0,0,0,0,0,0,998,0,0,0,9,9,4,1,12,0,0,0,1,26,48603,6,1,0,0,3,3,72,228,0,0,0,0,0,0,0,0,0,0,38,0,0,0,5,6,40,1,1,2,1,0,0,4,11,1,1,1,89,1,1
26,260756,2,2,1,21,10,9,54,12,6,1,0,26,2,69,54,69054,3,2002,WMWRE334X2TD,W,M,W,R,E,3,3,4,X,2,T,D,0,P,MNNI,COS,2H,2,17,2679,,0,971,,G,,0,0,000000000,00000000000,0,0,0,1,0,0,0,0,0,0,0,998,0,0,0,12,12,6,2,12,0,0,0,1,26,48638,6,1,0,0,3,3,67,130,0,0,0,0,0,0,0,0,0,0,0,0,0,0,5,6,40,1,1,2,1,0,0,1,72,1,1,1,88,0,0
26,260757,1,2,1,4,10,11,12,12,6,1,0,26,3,12,401,12401,14,2002,1FMZU72E32ZA,1,F,M,Z,U,7,2,E,3,2,Z,A,0,P,FORD,EPR,UT,2,17,4334,,0,1137,,G,,0,0,000000000,00000000000,0,0,0,1,0,0,0,0,0,0,0,98,0,0,0,12,12,6,2,12,0,0,0,1,26,49339,6,1,6,0,3,3,71,205,0,0,0,0,0,0,0,0,0,0,39,0,0,0,1,2,55,1,1,2,1,20,3,1,17,1,1,1,86,0,0
26,260757,2,2,2,4,10,11,12,12,6,1,0,26,1,20,2,20002,4,2008,2G1WT58K5891,2,G,1,W,T,5,8,K,5,8,9,1,0,P,CHEV,IMT,4D,8,17,3555,,0,1105,,F,,0,0,000000000,00000000000,0,0,0,1,0,0,0,0,0,0,0,98,0,0,0,3,3,6,2,12,0,0,0,1,26,48850,6,1,0,0,3,0,68,215,0,0,0,0,0,0,0,0,0,0,0,0,0,0,1,2,99,1,1,9,1,0,0,1,66,1,1,1,87,2,0
26,260758,1,2,3,5,11,16,24,12,6,1,0,26,2,21,20,21020,2,1996,1G3WH12M1TF3,1,G,3,W,H,1,2,M,1,T,F,3,0,P,OLDS,SUL,CP,96,17,3283,,0,1075,,G,,0,0,000000000,00000000000,0,0,0,1,0,0,0,0,0,0,0,98,0,1,6,12,12,6,2,12,0,0,0,1,26,48746,6,1,0,0,3,3,69,250,0,0,0,0,0,0,0,0,0,0,38,0,0,0,1,2,55,1,9,9,1,20,3,1,66,1,1,1,86,0,0
26,260758,2,2,2,5,11,16,24,12,6,1,0,26,1,22,2,22002,4,1998,1G2HX52K1W42,1,G,2,H,X,5,2,K,1,W,4,2,0,P,PONT,BVS,4D,98,17,3487,,0,1108,,G,,0,0,000000000,00000000000,0,0,0,1,0,0,0,0,0,0,0,98,0,0,0,3,3,6,2,12,0,0,0,1,26,48464,6,1,0,0,3,3,68,175,0,0,0,0,0,0,0,0,0,0,0,0,0,0,1,2,99,1,9,9,1,0,0,1,17,1,1,1,87,1,0