STATE,ST_CASE,VEH_NO,VE_FORMS,NUMOCCS,DAY,MONTH,HOUR,MINUTE,HARM_EV,MAN_COLL,UNITTYPE,HIT_RUN,REG_STAT,OWNER,MAKE,MODEL,MAK_MOD,BODY_TYP,MOD_YEAR,VIN,VIN_1,VIN_2,VIN_3,VIN_4,VIN_5,VIN_6,VIN_7,VIN_8,VIN_9,VIN_10,VIN_11,VIN_12,TOW_VEH,VINTYPE,VINMAKE,VINA_MOD,VIN_BT,VINMODYR,VIN_LNGT,VIN_WGT,WGTCD_TR,WHLBS_LG,WHLBS_SH,SER_TR,FUELCODE,MCYCL_DS,J_KNIFE,MCARR_I1,MCARR_I2,MCARR_ID,GVWR,V_CONFIG,CARGO_BT,HAZ_INV,HAZ_PLAC,HAZ_ID,HAZ_CNO,HAZ_REL,BUS_USE,SPEC_USE,EMER_USE,TRAV_SP,UNDERIDE,ROLLOVER,ROLINLOC,IMPACT1,IMPACT2,DEFORMED,TOWED,M_HARM,VEH_SC1,VEH_SC2,FIRE_EXP,DR_PRES,L_STATE,DR_ZIP,L_STATUS,L_TYPE,CDL_STAT,L_ENDORS,L_COMPL,L_RESTRI,DR_HGT,DR_WGT,PREV_ACC,PREV_SUS,PREV_DWI,PREV_SPD,PREV_OTH,FIRST_MO,FIRST_YR,LAST_MO,LAST_YR,SPEEDREL,DR_SF1,DR_SF2,DR_SF3,DR_SF4,VTRAFWAY,VNUM_LAN,VSPD_LIM,VALIGN,VPROFILE,VPAVETYP,VSURCOND,VTRAFCON,VTCONT_F,P_CRASH1,P_CRASH2,P_CRASH3,PCRASH4,PCRASH5,ACC_TYPE,DEATHS,DR_DRINK
26,260825,1,1,2,12,12,15,35,42,0,1,0,26,1,20,403,20403,14,2004,1GNET16S9461,1,G,N,E,T,1,6,S,9,4,6,1,0,P,CHEV,TRL,UT,4,17,4954,,0,1290,,G,,0,0,000000000,00000000000,0,0,0,1,0,0,0,0,0,0,0,98,0,0,0,3,3,6,2,42,0,0,0,1,26,49107,6,1,0,0,3,0,68,140,1,0,0,1,0,1,2008,12,2008,1,0,0,0,0,1,2,55,1,1,2,4,0,0,1,6,1,4,4,7,1,0
26,260826,1,2,2,6,12,14,45,12,6,1,0,26,3,7,482,7482,31,2001,1B7HC16Y11S3,1,B,7,H,C,1,6,Y,1,1,S,3,0,T,DODG,150,PK,1,17,,2,1347,1187,RPC,G,,0,0,000000000,00000000000,0,0,0,1,0,0,0,0,0,0,0,98,0,0,0,3,3,6,2,12,0,0,0,1,26,48629,6,1,0,0,3,3,69,165,0,0,0,1,0,11,2009,11,2009,1,28,0,0,0,1,2,55,1,2,2,3,0,0,1,6,1,4,2,64,1,0
26,260826,2,2,1,6,12,14,45,12,6,1,0,26,1,6,441,6441,20,2006,2A8GP64L56R7,2,A,8,G,P,6,4,L,5,6,R,7,0,P,CHRY,TWC,SV,6,17,4378,,0,1193,,G,,0,0,000000000,00000000000,0,0,0,1,0,0,0,0,0,0,0,98,0,0,0,12,12,6,2,12,0,0,0,1,26,48042,6,1,0,0,3,0,67,200,0,0,0,0,0,0,0,0,0,0,0,0,0,0,1,2,55,1,2,2,3,0,0,1,62,1,1,1,65,0,0
26,260827,1,1,2,14,12,13,0,1,0,1,0,26,1,20,471,20471,30,1996,1GCCS1445TK1,1,G,C,C,S,1,4,4,5,T,K,1,0,T,CHEV,S14,PK,96,17,,1,1179,1083,S,G,,0,0,000000000,00000000000,0,0,0,1,0,0,0,0,0,0,0,998,0,1,6,0,3,6,2,1,0,0,0,1,26,48811,6,1,0,0,3,3,69,220,0,0,0,0,0,0,0,0,0,0,99,99,99,99,1,2,55,1,1,2,4,0,0,1,5,1,9,4,2,1,0
26,260828,1,2,2,12,12,9,10,12,2,1,0,26,2,20,443,20443,20,2002,1GNDU23E62D1,1,G,N,D,U,2,3,E,6,2,D,1,0,P,CHEV,VTR,SV,2,17,3699,,0,1120,,G,,0,0,000000000,00000000000,0,0,0,1,0,0,0,0,0,0,0,98,0,0,0,12,12,6,2,12,0,0,0,1,26,48836,6,1,0,0,3,3,70,250,0,0,0,0,0,0,0,0,0,0,28,0,0,0,1,2,55,1,2,2,10,0,0,1,10,1,1,2,50,1,0
26,260828,2,2,1,12,12,9,10,12,2,1,0,26,2,37,402,37402,14,2011,5J6RE4H48BL0,5,J,6,R,E,4,H,4,8,B,L,0,0,P,HOND,CRV,UT,11,17,3503,,0,0,,G,,0,0,000000000,00000000000,0,0,0,1,0,0,0,0,0,0,0,98,0,0,0,12,12,6,2,12,0,0,0,1,26,48836,6,1,0,0,3,0,66,140,0,0,0,0,0,0,0,0,0,0,0,0,0,0,1,2,55,1,2,2,10,0,0,1,62,1,1,1,51,0,0
26,260829,1,2,2,14,12,12,45,12,2,1,0,26,1,20,481,20481,31,2010,1GC4KVB60AF1,1,G,C,4,K,V,B,6,0,A,F,1,0,T,CHEV,2KH,CW,10,17,,2,1670,1530,SIL,D,,0,0,000000000,00000000000,0,0,0,1,0,0,0,0,0,0,0,998,0,0,0,12,12,6,2,12,0,0,0,1,26,49676,6,1,0,0,3,0,70,210,0,0,0,0,0,0,0,0,0,0,0,0,0,0,1,4,55,1,1,2,4,0,0,1,62,7,1,2,50,0,0
26,260829,2,2,2,14,12,12,45,12,2,1,0,26,1,2,405,2405,14,2003,1J4GL48K43W7,1,J,4,G,L,4,8,K,4,3,W,7,0,T,JEEP,LSF,4W,3,17,,1,0,1043,LIB,G,,0,0,000000000,00000000000,0,0,0,1,0,0,0,0,0,0,0,998,0,0,0,12,12,6,2,12,0,0,0,1,26,49646,6,1,0,0,3,3,69,195,0,0,0,0,0,0,0,0,0,1,28,87,0,0,1,4,55,1,1,2,4,0,0,1,6,1,1,2,51,1,0
26,260830,1,2,2,13,12,5,50,12,6,1,0,26,1,23,471,23471,30,1997,1GKDT13W0V25,1,G,K,D,T,1,3,W,0,V,2,5,0,T,GMC,JMY,4W,97,17,,1,0,1070,JMY,G,,0,0,000000000,00000000000,0,0,0,1,0,0,0,0,0,0,0,98,0,0,0,3,3,6,2,12,0,0,0,1,26,49048,6,1,0,0,3,3,62,150,0,0,0,0,1,8,2010,8,2010,1,0,0,0,0,1,4,55,3,3,2,4,0,0,14,6,1,4,2,64,1,0
26,260830,2,2,1,13,12,5,50,12,6,1,0,26,1,12,481,12481,31,2001,1FTNX21F81EA,1,F,T,N,X,2,1,F,8,1,E,A,0,T,FORD,F2S,4C,1,17,,2,1580,1418,SRW,D,,0,0,000000000,00000000000,0,0,0,1,0,0,0,0,0,0,0,98,0,0,0,12,12,6,2,12,0,0,0,1,26,49080,6,1,6,0,3,0,70,210,0,0,0,1,0,11,2009,11,2009,0,0,0,0,0,1,4,55,3,3,2,4,0,0,14,62,1,1,1,65,0,0
26,260831,1,1,1,11,12,21,18,8,0,1,0,18,1,20,471,20471,30,2002,1GCCS1452282,1,G,C,C,S,1,4,5,2,2,8,2,0,T,CHEV,S14,PK,2,17,,1,0,1083,S,F,,0,0,000000000,00000000000,0,0,0,1,0,0,0,0,0,0,0,98,0,0,0,1,1,4,3,8,0,0,0,1,18,46552,6,1,0,0,3,3,72,255,0,1,0,0,0,10,2008,10,2008,0,0,0,0,0,1,2,55,1,2,2,2,0,0,1,80,1,1,1,13,0,0
26,260833,1,1,1,12,12,14,26,1,0,1,0,26,1,12,471,12471,30,2001,1FTYR10DX1TA,1,F,T,Y,R,1,0,D,X,1,T,A,0,T,FORD,RNG,PK,1,17,,1,1175,1116,RNG,G,,0,0,000000000,00000000000,0,0,0,1,0,0,0,0,0,0,0,98,0,2,6,0,0,6,2,1,0,0,0,1,26,49548,6,1,0,0,3,3,70,245,1,0,0,0,0,6,2010,6,2010,1,0,0,0,0,2,2,70,1,1,1,4,0,0,1,6,1,3,4,2,1,0
26,260834,1,1,1,7,12,16,43,8,0,1,0,26,2,12,401,12401,14,2004,1FMZU73K04UC,1,F,M,Z,U,7,3,K,0,4,U,C,0,P,FORD,EPR,UT,4,17,4094,,0,1137,,F,,0,0,000000000,00000000000,0,0,0,1,0,0,0,0,0,0,0,98,0,0,0,1,1,2,1,8,0,0,0,1,26,48033,6,1,0,0,3,3,62,120,0,0,0,1,1,8,2008,8,2008,0,0,0,0,0,2,4,45,1,1,2,1,2,3,1,80,9,1,3,13,0,0
26,260836,1,1,2,14,12,5,5,20,0,1,0,5,1,82,881,82881,66,2006,1FUJCRCK36PW,1,F,U,J,C,R,C,K,3,6,P,W,1,T,FRHT,COR,DS,6,17,,8,0,0,CON,D,,1,57,01376503,5701376503,3,6,1,1,0,0,0,0,0,0,0,98,0,0,0,12,99,6,2,21,0,0,0,1,5,72564,6,1,6,0,3,0,68,300,0,0,0,0,0,0,0,0,0,0,36,0,0,0,6,1,99,1,9,1,2,0,0,1,13,1,1,4,1,2,0
26,260837,1,2,1,9,12,19,59,12,2,1,0,26,2,12,17,12017,4,1999,1FAFP53S7XA2,1,F,A,F,P,5,3,S,7,X,A,2,0,P,FORD,SCS,4D,99,17,3353,,0,1085,,G,,0,0,000000000,00000000000,0,0,0,1,0,0,0,0,0,0,0,98,0,0,0,12,12,6,2,12,0,0,0,1,26,48141,6,1,0,0,3,0,73,300,0,0,0,0,0,0,0,0,0,0,36,51,0,0,2,3,45,1,1,2,1,0,0,1,54,1,1,1,52,1,1
26,260837,2,2,1,9,12,19,59,12,2,1,0,26,1,14,401,14401,14,2007,4M2EU48817UJ,4,M,2,E,U,4,8,8,1,7,U,J,0,P,MERC,MOU,UT,7,17,4732,,0,1137,,G,,0,0,000000000,00000000000,0,0,0,1,0,0,0,0,0,0,0,98,0,0,0,12,12,6,2,12,0,0,0,1,26,48124,6,1,0,0,3,3,71,200,0,0,0,0,0,0,0,0,0,0,0,0,0,0,2,3,45,1,1,2,1,0,0,1,54,6,1,1,52,0,0
26,260838,1,2,1,15,12,19,52,12,2,1,0,26,2,37,31,37031,2,1995,2HGEJ1229SH5,2,H,G,E,J,1,2,2,9,S,H,5,0,P,HOND,CEX,CP,95,17,2371,,0,1032,,G,,0,0,000000000,00000000000,0,0,0,1,0,0,0,0,0,0,0,98,0,0,0,12,12,6,2,12,0,0,0,1,26,49301,6,1,0,0,3,0,66,150,0,0,0,1,0,1,2009,1,2009,0,0,0,0,0,1,2,55,1,1,1,1,0,0,1,62,1,1,1,51,1,0
26,260838,2,2,1,15,12,19,52,12,2,1,0,26,1,49,47,49047,6,2009,2T1KE40E19C0,2,T,1,K,E,4,0,E,1,9,C,0,0,P,TOYT,CSM,4H,9,17,3065,,0,1024,,G,,0,0,000000000,00000000000,0,0,0,1,0,0,0,0,0,0,0,98,0,0,0,12,12,6,2,12,0,0,0,1,26,49331,6,1,0,0,3,0,62,120,0,0,0,0,0,0,0,0,0,0,28,0,0,0,1,2,55,1,1,1,1,0,0,1,10,1,1,2,50,0,1
26,260839,1,1,1,12,12,10,54,42,0,1,0,26,1,23,401,23401,14,2007,1GKDT13SX721,1,G,K,D,T,1,3,S,X,7,2,1,0,T,GMC,ENV,4W,7,17,,1,0,1130,ENV,G,,0,0,000000000,00000000000,0,0,0,1,0,0,0,0,0,0,0,98,0,0,0,12,12,6,2,42,0,0,0,1,26,48813,6,1,0,0,3,0,61,160,1,0,0,0,0,11,2008,11,2008,1,0,0,0,0,1,2,55,1,2,2,3,0,0,1,6,1,4,4,7,1,0
26,260840,1,1,3,16,12,18,30,8,0,1,0,26,1,23,431,23431,16,1994,1GKFK16K3RJ7,1,G,K,F,K,1,6,K,3,R,J,7,0,T,GMC,KSU,4W,94,17,,2,0,1315,K15,G,,0,0,000000000,00000000000,0,0,0,1,0,0,0,0,0,0,0,98,0,0,0,12,12,0,8,8,0,0,0,1,26,48117,6,1,0,0,3,3,63,190,1,0,0,3,0,1,2008,1,2010,0,0,0,0,0,1,2,45,1,9,9,1,0,0,1,81,4,1,1,13,0,0
26,260841,1,1,1,18,12,2,15,42,0,1,0,26,2,41,35,41035,4,1996,JM1BB1417T03,J,M,1,B,B,1,4,1,7,T,0,3,0,P,MAZD,PDS,4D,96,17,2385,,0,1026,,G,,0,0,000000000,00000000000,0,0,0,1,0,0,0,0,0,0,0,98,0,0,0,9,9,6,2,42,0,0,0,1,26,49341,1,1,0,0,2,0,70,150,0,4,0,0,0,9,2009,9,2009,1,0,0,0,0,1,2,55,1,1,9,8,0,0,1,6,1,9,4,2,1,1
26,260842,1,1,2,20,12,0,42,1,0,1,0,26,2,23,401,23401,14,2008,1GKDS13SX821,1,G,K,D,S,1,3,S,X,8,2,1,0,T,GMC,ENV,4W,8,17,,1,0,1130,ENV,G,,0,0,000000000,00000000000,0,0,0,1,0,0,0,0,0,0,0,98,0,2,6,0,99,6,2,42,0,0,0,1,26,48238,1,1,0,0,2,0,76,200,0,1,0,0,0,4,2010,4,2010,0,99,99,99,99,2,3,70,3,1,2,8,0,0,14,13,1,1,4,1,2,1
26,260843,1,1,1,15,12,19,38,8,0,1,0,26,2,12,13,12013,4,1990,1FAPP9590LW1,1,F,A,P,P,9,5,9,0,L,W,1,0,P,FORD,LXE,4H,90,17,2310,,0,942,,G,,0,0,000000000,00000000000,0,0,0,1,0,0,0,0,0,0,0,98,0,0,0,1,1,4,3,8,0,0,0,1,26,48185,3,1,0,0,2,0,76,285,0,1,0,0,0,8,2010,8,2010,0,99,99,99,99,5,4,45,1,1,2,2,0,0,1,81,1,1,2,13,0,0
26,260844,1,1,1,20,12,2,1,14,0,1,0,26,2,21,23,21023,4,1999,1G3WH52HXXF3,1,G,3,W,H,5,2,H,X,X,F,3,0,P,OLDS,IGX,4D,99,17,3467,,0,1090,,G,,0,0,000000000,00000000000,0,0,0,1,0,0,0,0,0,0,0,98,0,0,0,11,11,6,2,14,0,0,0,1,26,49426,3,1,0,0,2,0,69,230,1,1,0,0,0,9,2010,9,2010,0,36,0,0,0,1,2,25,1,1,2,1,0,0,1,10,1,1,4,6,1,1
26,260845,1,1,1,19,12,23,35,53,0,1,0,26,1,20,39,20039,5,2008,KL1TD66628B1,K,L,1,T,D,6,6,6,2,8,B,1,0,P,CHEV,ABS,5D,8,17,0,,0,976,,G,,0,0,000000000,00000000000,0,0,0,1,0,0,0,0,0,0,0,98,0,1,5,12,0,6,2,1,0,0,0,1,26,48001,6,1,0,0,3,3,71,192,1,0,0,2,0,3,2008,12,2009,1,0,0,0,0,1,2,55,1,2,5,4,0,0,1,13,1,1,4,1,1,1
26,260846,1,2,1,21,12,17,47,12,1,1,0,26,3,7,462,7462,21,2004,WD2PD7440456,W,D,2,P,D,7,4,4,0,4,5,6,0,T,SPNR,SPR,VN,4,17,,2,0,1580,SPR,D,,0,0,000000000,00000000000,0,0,0,1,0,0,0,0,0,0,0,98,0,0,0,12,12,6,2,12,0,0,0,1,26,48809,6,1,0,0,3,0,72,320,1,0,0,1,0,3,2008,9,2010,0,26,0,0,0,1,4,45,1,1,2,1,0,0,1,50,1,1,1,20,1,0
26,260846,2,2,1,21,12,17,47,12,1,1,0,26,3,23,881,23881,61,2004,1GDE5C1164F5,1,G,D,E,5,C,1,1,6,4,F,5,0,T,GMC,C5C,CB,4,17,,6,2240,1280,C55,D,,0,99,999999999,99999999999,2,1,3,1,0,0,0,0,0,0,0,0,0,0,0,6,6,6,2,12,0,0,0,1,26,49534,6,1,0,0,3,0,64,180,0,0,0,0,0,0,0,0,0,0,0,0,0,0,1,4,45,1,1,2,1,0,0,5,53,1,1,1,21,0,0
26,260847,1,1,2,15,12,18,36,8,0,1,0,26,1,20,441,20441,20,1999,1GNEL19W2XB1,1,G,N,E,L,1,9,W,2,X,B,1,0,T,CHEV,AST,ES,99,17,,2,0,1112,AST,G,,0,0,000000000,00000000000,0,0,0,1,0,0,0,0,0,0,0,98,0,0,0,12,12,2,3,8,0,0,0,1,26,48506,6,1,0,0,3,0,72,160,1,0,0,0,1,7,2008,7,2008,0,0,0,0,0,1,4,35,1,1,2,3,0,0,1,80,4,1,1,13,0,0
26,260848,1,1,1,19,12,2,3,31,0,1,0,0,0,98,998,98998,91,1988,999999999999,9,9,9,9,9,9,9,9,9,9,9,9,0,U,,,,9,17,,,,,,,,0,0,000000000,00000000000,0,0,0,1,0,0,0,0,0,0,0,98,0,0,0,12,12,4,8,31,0,0,0,1,26,48430,6,1,0,0,3,0,68,215,0,0,0,0,0,0,0,0,0,1,0,0,0,0,1,2,55,2,1,9,3,0,0,14,12,1,1,4,6,1,1
26,260849,1,1,1,20,12,4,55,8,0,1,0,26,2,12,37,12037,4,2008,1FAHP35N28W2,1,F,A,H,P,3,5,N,2,8,W,2,0,P,FORD,FMS,4D,8,17,2623,,0,1029,,G,,0,0,000000000,00000000000,0,0,0,1,0,0,0,0,0,0,0,98,0,0,0,11,11,4,3,8,0,0,0,1,26,48183,6,1,0,0,3,3,68,150,0,0,0,0,0,0,0,0,0,0,0,0,0,0,2,4,70,1,1,1,1,0,0,1,80,1,1,1,13,0,0
26,260850,1,1,1,20,12,18,19,14,0,1,0,26,1,7,19,7019,4,1989,1B3BA56K0KF5,1,B,3,B,A,5,6,K,0,K,F,5,0,P,DODG,SLE,4D,89,17,2842,,0,1033,,G,,0,0,000000000,00000000000,0,0,0,1,0,0,0,0,0,0,0,98,0,0,0,1,99,6,2,8,0,0,0,1,26,49284,6,1,0,0,3,3,65,120,0,1,0,1,1,10,2008,7,2010,0,99,99,99,99,1,2,55,3,1,2,2,0,0,14,13,1,1,4,1,0,0
26,260851,1,2,1,23,12,9,58,12,8,1,0,26,1,12,17,12017,4,2002,1FAFP53U52G2,1,F,A,F,P,5,3,U,5,2,G,2,0,P,FORD,TSE,4D,2,17,3355,,0,1085,,G,,0,0,000000000,00000000000,0,0,0,1,0,0,0,0,0,0,0,98,0,0,0,3,3,6,2,12,0,0,0,1,26,49765,6,1,0,0,3,0,66,150,0,0,0,0,0,0,0,0,0,0,0,0,0,0,1,2,55,1,1,2,4,0,0,1,5,1,4,2,64,1,0
26,260851,2,2,1,23,12,9,58,12,8,1,0,26,1,12,481,12481,31,2004,1FTPX14544NA,1,F,T,P,X,1,4,5,4,4,N,A,0,T,FORD,F15,4C,4,17,,2,1450,1260,COF,G,,0,0,000000000,00000000000,0,0,0,1,0,0,0,0,0,0,0,98,0,0,0,11,11,6,2,12,0,0,0,1,26,49765,6,1,0,0,3,3,68,170,0,0,0,1,0,5,2009,5,2009,0,0,0,0,0,1,2,55,1,1,2,4,0,0,1,62,6,1,2,65,0,0
26,260852,1,1,1,19,12,5,0,42,0,1,0,26,1,23,481,23481,31,1995,1GTEC14H5SZ5,1,G,T,E,C,1,4,H,5,S,Z,5,0,T,GMC,SC1,PK,95,17,,2,1315,1175,SIE,G,,0,0,000000000,00000000000,0,0,0,1,0,0,0,0,0,0,0,98,0,0,0,3,99,6,2,42,0,0,0,1,26,49046,6,1,0,0,3,0,70,140,0,0,0,0,0,0,0,0,0,0,0,0,0,0,1,2,55,1,3,2,8,0,0,1,8,1,4,4,7,1,1
26,260853,1,2,2,23,12,17,41,8,0,1,0,26,1,9,442,9442,20,2000,2P4GP243XYR5,2,P,4,G,P,2,4,3,X,Y,R,5,0,P,PLYM,VOF,SV,0,17,3695,,0,1193,,G,,0,0,000000000,00000000000,0,0,0,1,0,0,0,0,0,0,0,98,0,0,0,1,1,6,2,8,0,0,0,1,26,48360,6,1,0,0,3,0,64,150,0,0,0,0,0,0,0,0,0,0,0,0,0,0,2,2,40,1,1,1,1,0,0,1,80,1,1,1,13,0,0
26,260853,2,2,1,23,12,17,41,8,0,1,0,26,2,63,33,63033,4,2006,KNAFE1219653,K,N,A,F,E,1,2,1,9,6,5,3,0,P,KIA,SLE,4D,6,17,2701,,0,1028,,G,,0,0,000000000,00000000000,0,0,0,1,0,0,0,0,0,0,0,98,0,0,0,14,14,0,1,8,0,0,0,1,26,48360,6,1,0,0,3,0,64,150,0,0,0,0,0,0,0,0,0,0,0,0,0,0,2,2,40,1,1,1,1,0,0,1,80,1,1,1,98,0,0
26,260854,1,1,1,24,12,3,4,42,0,1,0,36,3,20,22,20022,4,2010,1G1AF5F52A71,1,G,1,A,F,5,F,5,2,A,7,1,0,P,CHEV,BL2,4D,10,17,3216,,0,1033,,G,,0,0,000000000,00000000000,0,0,0,1,0,0,0,0,0,0,0,98,0,0,0,11,99,6,2,42,0,0,0,1,26,49058,6,1,0,0,3,3,71,150,0,0,0,0,0,0,0,0,0,0,99,99,99,99,1,2,55,1,2,2,1,0,0,1,13,1,1,4,1,1,1
26,260855,1,1,1,23,12,22,58,25,0,1,0,26,1,20,401,20401,14,1997,1GNCT18W8VK1,1,G,N,C,T,1,8,W,8,V,K,1,0,P,CHEV,BZR,UT,97,17,3880,,0,1005,,G,,0,0,000000000,00000000000,0,0,0,1,0,0,0,0,0,0,0,98,0,2,1,12,0,6,2,1,0,0,0,1,26,48312,6,1,0,0,3,0,70,124,1,1,0,1,1,1,2008,2,2010,1,0,0,0,0,3,4,70,1,2,1,1,0,0,1,6,1,4,4,7,1,1
26,260856,1,1,3,26,12,4,28,42,0,1,0,26,1,12,4,12004,2,1986,1FABP4630GH1,1,F,A,B,P,4,6,3,0,G,H,1,0,P,FORD,THU,2D,86,17,3089,,0,1040,,G,,0,0,000000000,00000000000,0,0,0,1,0,0,0,0,0,0,0,98,0,0,0,12,12,6,2,42,0,0,0,1,26,49503,6,1,6,0,3,3,66,130,0,0,0,0,0,0,0,0,0,1,0,0,0,0,1,2,55,1,1,4,3,0,0,1,6,1,2,4,7,1,1
26,260857,1,2,3,26,12,14,22,12,2,1,0,18,1,22,441,22441,20,2000,1GMDX03E9YD2,1,G,M,D,X,0,3,E,9,Y,D,2,0,T,PONT,MON,ES,0,17,,1,0,1200,MON,G,,0,0,000000000,00000000000,0,0,0,1,0,0,0,0,0,0,0,98,0,0,0,12,12,6,2,12,0,0,0,1,18,46571,6,1,0,0,3,3,73,250,0,0,0,1,1,7,2010,7,2010,1,28,0,0,0,1,2,55,1,1,2,4,0,0,1,6,1,7,2,50,1,0
26,260857,2,2,1,26,12,14,22,12,2,1,0,26,1,12,481,12481,31,2009,1FTRX14879FA,1,F,T,R,X,1,4,8,7,9,F,A,0,T,FORD,F15,4C,9,17,,2,1630,1330,COF,G,,0,0,000000000,00000000000,0,0,0,1,0,0,0,0,0,0,0,98,0,0,0,12,12,6,2,12,0,0,0,1,26,48197,6,1,0,0,3,0,74,195,0,0,0,0,0,0,0,0,0,0,0,0,0,0,1,2,55,1,1,2,4,0,0,1,62,1,1,1,51,0,0
26,260858,1,1,1,10,12,12,55,8,0,1,0,26,1,2,407,2407,14,2009,1J4FT28B09D1,1,J,4,F,T,2,8,B,0,9,D,1,0,T,JEEP,SPO,4W,9,17,,1,0,1037,PRT,G,,0,0,000000000,00000000000,0,0,0,1,0,0,0,0,0,0,0,98,0,0,0,12,12,2,3,8,0,0,0,1,26,48146,6,1,0,0,3,0,69,165,0,0,0,0,0,0,0,0,0,0,38,0,0,0,2,4,35,1,2,2,1,0,0,1,80,1,1,1,13,0,0
26,260859,1,2,1,29,12,8,25,12,6,1,0,0,0,98,709,98709,81,2008,LYDTCBPC9811,L,Y,D,T,C,B,P,C,9,8,1,1,0,U,,,,8,17,,,,,,,,0,0,000000000,00000000000,0,0,0,1,0,0,0,0,0,0,0,98,0,0,0,3,3,6,2,12,0,0,0,1,26,49002,6,1,0,0,3,3,75,180,0,0,0,0,0,0,0,0,0,0,38,0,0,0,5,4,50,1,1,2,1,3,3,11,15,1,1,2,68,1,0
26,260859,2,2,1,29,12,8,25,12,6,1,0,26,2,7,442,7442,20,2000,2B4GP2533YR7,2,B,4,G,P,2,5,3,3,Y,R,7,0,P,DODG,CAR,SV,0,17,3432,,0,1133,,G,,0,0,000000000,00000000000,0,0,0,1,0,0,0,0,0,0,0,98,0,0,0,12,12,6,2,12,0,0,0,1,26,49048,6,1,0,0,3,0,60,105,1,0,0,0,1,5,2009,10,2010,0,0,0,0,0,5,4,50,1,1,2,1,0,0,1,62,1,1,1,69,0,0
26,260860,1,1,1,29,12,20,11,8,0,1,0,26,2,18,401,18401,14,2005,3G5DA03E55S5,3,G,5,D,A,0,3,E,5,5,S,5,0,P,BUIC,RZV,UT,5,17,4096,,0,1122,,G,,0,0,000000000,00000000000,0,0,0,1,0,0,0,0,0,0,0,98,0,0,0,12,12,2,3,8,0,0,0,1,26,48335,6,1,0,0,3,0,71,150,0,0,0,1,0,12,2010,12,2010,0,0,0,0,0,5,4,45,1,1,2,2,0,0,1,80,1,1,1,13,0,0
26,260861,1,1,1,29,12,8,25,42,0,1,0,26,3,98,804,98804,66,2000,2WKPDDCJ5YK9,2,W,K,P,D,D,C,J,5,Y,K,9,1,T,WSTR,490,DS,0,17,,8,0,0,CNV,D,,1,57,1788407,571788407,3,6,3,1,0,0,0,0,0,0,0,98,0,0,0,12,12,6,2,42,0,0,0,1,26,48624,6,1,6,0,3,0,70,300,0,0,0,1,0,11,2009,11,2009,0,99,99,99,99,1,2,55,1,1,2,1,0,0,1,13,1,1,4,1,1,0
26,260862,1,3,1,30,12,19,40,8,0,1,0,26,1,22,20,22020,4,2007,2G2WP5525711,2,G,2,W,P,5,5,2,5,7,1,1,0,P,PONT,GRA,4D,7,17,3477,,0,1105,,G,,0,0,000000000,00000000000,0,0,0,1,0,0,0,0,0,0,0,98,0,0,0,1,1,4,3,8,0,0,0,1,26,48208,6,1,0,0,3,0,69,168,0,0,0,0,0,0,0,0,0,0,0,0,0,0,3,3,55,1,1,1,1,0,0,1,82,1,1,4,13,0,1
26,260862,2,3,4,30,12,19,40,8,0,1,0,26,1,22,18,22018,4,1999,1G2NE52T9XC5,1,G,2,N,E,5,2,T,9,X,C,5,0,P,PONT,GAS,4D,99,17,3102,,0,1071,,G,,0,0,000000000,00000000000,0,0,0,1,0,0,0,0,0,0,0,0,0,0,0,0,0,0,3,7,0,0,0,1,26,48205,6,1,0,0,3,0,64,175,0,4,0,0,1,10,2008,6,2010,0,0,0,0,0,3,3,55,1,1,1,1,0,0,7,99,1,1,1,98,0,0
26,260862,3,3,1,30,12,19,40,8,0,1,1,99,9,99,399,99399,9,9999,999999999999,9,9,9,9,9,9,9,9,9,9,9,9,0,U,,,,9,17,,,,,,,,0,0,000000000,00000000000,0,0,0,1,0,0,0,0,0,0,0,98,0,0,0,99,99,9,1,8,0,0,0,1,99,99999,9,9,99,9,9,9,999,999,99,99,99,99,99,99,9999,99,9999,0,0,0,0,0,3,3,55,1,1,1,1,0,0,1,82,1,1,1,98,0,0
26,260863,1,2,1,29,12,1,28,25,0,1,0,26,1,19,18,19018,4,2004,1G6DM5777401,1,G,6,D,M,5,7,7,7,4,0,1,0,P,CADI,C/T,4D,4,17,3509,,0,1134,,G,,0,0,000000000,00000000000,0,0,0,1,0,0,0,0,0,0,0,98,0,0,0,9,9,6,2,12,0,0,0,1,26,48473,6,1,0,0,3,0,73,155,0,0,0,0,0,0,0,0,0,0,99,99,99,99,3,3,70,1,1,1,1,0,0,1,8,1,4,4,7,1,1
26,260863,2,2,1,29,12,1,28,25,0,1,0,26,1,23,421,23421,15,1994,1GKEK18K3RJ7,1,G,K,E,K,1,8,K,3,R,J,7,0,T,GMC,YUK,2W,94,17,,2,0,1115,YUK,G,,0,0,000000000,00000000000,0,0,0,1,0,0,0,0,0,0,0,98,0,0,0,12,12,6,2,12,0,0,0,1,26,48473,6,1,0,0,3,3,70,170,0,0,1,1,0,12,2008,12,2010,0,0,0,0,0,3,3,70,1,1,1,1,0,0,1,60,1,1,1,98,0,0