STATE,ST_CASE,VEH_NO,VE_FORMS,NUMOCCS,DAY,MONTH,HOUR,MINUTE,HARM_EV,MAN_COLL,UNITTYPE,HIT_RUN,REG_STAT,OWNER,MAKE,MODEL,MAK_MOD,BODY_TYP,MOD_YEAR,VIN,VIN_1,VIN_2,VIN_3,VIN_4,VIN_5,VIN_6,VIN_7,VIN_8,VIN_9,VIN_10,VIN_11,VIN_12,TOW_VEH,VINTYPE,VINMAKE,VINA_MOD,VIN_BT,VINMODYR,VIN_LNGT,VIN_WGT,WGTCD_TR,WHLBS_LG,WHLBS_SH,SER_TR,FUELCODE,MCYCL_DS,J_KNIFE,MCARR_I1,MCARR_I2,MCARR_ID,GVWR,V_CONFIG,CARGO_BT,HAZ_INV,HAZ_PLAC,HAZ_ID,HAZ_CNO,HAZ_REL,BUS_USE,SPEC_USE,EMER_USE,TRAV_SP,UNDERIDE,ROLLOVER,ROLINLOC,IMPACT1,IMPACT2,DEFORMED,TOWED,M_HARM,VEH_SC1,VEH_SC2,FIRE_EXP,DR_PRES,L_STATE,DR_ZIP,L_STATUS,L_TYPE,CDL_STAT,L_ENDORS,L_COMPL,L_RESTRI,DR_HGT,DR_WGT,PREV_ACC,PREV_SUS,PREV_DWI,PREV_SPD,PREV_OTH,FIRST_MO,FIRST_YR,LAST_MO,LAST_YR,SPEEDREL,DR_SF1,DR_SF2,DR_SF3,DR_SF4,VTRAFWAY,VNUM_LAN,VSPD_LIM,VALIGN,VPROFILE,VPAVETYP,VSURCOND,VTRAFCON,VTCONT_F,P_CRASH1,P_CRASH2,P_CRASH3,PCRASH4,PCRASH5,ACC_TYPE,DEATHS,DR_DRINK
26,260864,1,1,3,31,12,20,38,8,0,1,0,26,2,18,2,18002,4,1998,1G4HP52K8WH5,1,G,4,H,P,5,2,K,8,W,H,5,0,P,BUIC,LCF,4D,98,17,3348,,0,1108,,G,,0,0,000000000,00000000000,0,0,0,1,0,0,0,0,0,0,0,98,0,0,0,1,1,2,3,8,0,0,0,1,26,48043,6,1,0,0,3,0,69,185,0,0,0,0,0,0,0,0,0,0,0,0,0,0,5,4,45,1,1,2,2,0,0,1,80,1,1,1,13,0,0
26,260865,1,1,2,24,12,2,15,42,0,1,0,26,2,12,461,12461,21,1993,1FDEE14N5PHA,1,F,D,E,E,1,4,N,5,P,H,A,0,T,FORD,15V,IC,93,17,,2,0,1380,VAN,G,,0,0,000000000,00000000000,0,0,0,1,0,0,0,0,0,0,0,98,0,0,0,1,1,6,2,42,0,0,0,1,26,48218,1,1,0,0,2,0,70,165,0,10,1,0,2,1,2008,12,2010,0,26,0,0,0,4,1,25,1,1,1,4,20,3,1,13,3,1,4,1,1,1
26,260866,1,1,1,26,12,12,55,33,0,1,0,26,1,12,3,12003,2,2007,1ZVFT80N8753,1,Z,V,F,T,8,0,N,8,7,5,3,0,P,FORD,MUS,CP,7,17,3352,,0,1071,,G,,0,0,000000000,00000000000,0,0,0,1,0,0,0,0,0,0,0,98,0,0,0,12,12,6,2,42,0,0,0,1,26,49024,6,1,0,0,3,0,66,160,0,0,0,1,0,8,2010,8,2010,1,36,0,0,0,1,2,45,1,1,2,1,0,0,1,13,1,1,4,1,1,0
26,260867,1,1,1,18,12,21,30,8,0,1,0,55,1,23,461,23461,21,1990,2GKDG15K6L45,2,G,K,D,G,1,5,K,6,L,4,5,0,T,GMC,G1R,SV,90,17,,1,1250,1100,RAL,G,,0,0,000000000,00000000000,0,0,0,1,0,0,0,0,0,0,0,98,0,0,0,11,11,2,3,8,0,0,0,1,55,54143,6,1,0,0,3,0,74,190,1,0,0,0,1,3,2008,3,2008,0,36,0,0,0,1,2,55,1,1,9,4,0,0,1,80,1,1,1,13,0,1
26,260868,1,1,1,28,9,20,30,8,0,1,1,99,9,99,399,99399,9,9999,999999999999,9,9,9,9,9,9,9,9,9,9,9,9,0,U,,,,9,17,,,,,,,,0,0,000000000,00000000000,0,0,0,1,0,0,0,0,0,0,0,98,0,0,0,12,12,9,1,8,0,0,0,1,99,99999,9,9,99,9,9,9,999,999,99,99,99,99,99,99,9999,99,9999,0,99,99,99,99,5,4,35,1,1,2,1,0,0,1,80,1,1,1,13,0,0
26,260869,1,1,1,5,11,0,1,3,0,1,0,26,1,20,481,20481,31,1990,1GCDK14K4LE1,1,G,C,D,K,1,4,K,4,L,E,1,0,T,CHEV,GK1,PK,90,17,,1,1415,1175,GM4,G,,0,0,000000000,00000000000,0,0,0,1,0,0,0,0,0,0,0,98,0,0,0,0,0,2,3,3,0,0,0,1,26,49643,6,1,0,0,3,3,70,210,0,1,1,0,0,1,2008,5,2008,0,99,99,99,99,1,2,25,9,9,9,10,0,0,1,13,1,1,4,0,1,1
26,260870,1,1,1,11,11,6,30,8,0,1,0,26,1,19,3,19003,4,2001,1G6KF54961U1,1,G,6,K,F,5,4,9,6,1,U,1,0,P,CADI,D/T,4D,1,17,4047,,0,1138,,G,,0,0,000000000,00000000000,0,0,0,1,0,0,0,0,0,0,0,98,0,0,0,12,12,6,2,8,0,0,0,1,26,48230,6,1,0,0,3,0,68,200,2,2,0,1,1,9,2008,6,2010,0,99,99,99,99,5,6,35,1,1,2,1,0,0,1,81,1,1,1,13,0,0
26,260871,1,1,1,13,11,9,50,19,0,1,0,26,1,12,441,12441,20,1996,1FMCA11U0TZB,1,F,M,C,A,1,1,U,0,T,Z,B,0,P,FORD,ARO,SV,96,17,3714,,0,1190,,G,,0,0,000000000,00000000000,0,0,0,1,0,0,0,0,0,0,0,98,0,0,0,12,12,2,3,19,0,0,0,1,26,48101,6,1,0,0,3,0,74,250,0,0,0,0,0,0,0,0,0,0,99,99,99,99,1,2,25,1,9,9,1,0,0,1,12,1,1,4,6,1,1
26,260872,1,1,1,25,11,21,30,1,0,1,0,26,2,12,473,12473,30,2005,1FMZU77KX5UB,1,F,M,Z,U,7,7,K,X,5,U,B,0,P,FORD,EPR,UT,5,17,4309,,0,1259,,F,,0,0,000000000,00000000000,0,0,0,1,0,0,0,0,0,0,0,98,0,2,6,0,0,6,2,1,0,0,0,1,26,48386,6,1,0,0,3,0,73,340,0,1,0,1,0,12,2007,4,2009,0,99,99,99,99,2,2,70,1,1,2,4,0,0,1,5,1,2,4,2,1,0
26,260873,1,2,5,28,12,19,1,12,6,1,0,26,2,12,17,12017,4,2000,1FAFP5529YG2,1,F,A,F,P,5,5,2,9,Y,G,2,0,P,FORD,TSS,4D,0,17,3333,,0,1085,,F,,0,0,000000000,00000000000,0,0,0,1,0,0,0,0,0,0,0,98,0,0,0,12,12,6,2,12,0,0,0,1,26,48063,6,2,0,0,3,0,64,150,0,0,0,0,0,0,0,0,0,0,39,0,0,0,1,3,55,1,1,1,1,3,3,1,17,1,1,1,86,0,0
26,260873,2,2,2,28,12,19,1,12,6,1,0,26,2,12,17,12017,4,2004,1FAFP55S24G1,1,F,A,F,P,5,5,S,2,4,G,1,0,P,FORD,TSS,4D,4,17,3306,,0,1085,,G,,0,0,000000000,00000000000,0,0,0,1,0,0,0,0,0,0,0,98,0,0,0,3,3,6,2,12,0,0,0,1,26,48065,6,2,0,0,3,0,71,180,0,0,0,0,0,0,0,0,0,0,0,0,0,0,1,2,55,1,1,2,1,3,3,1,66,1,1,1,87,1,0
26,260874,1,1,1,27,12,10,16,8,0,1,0,26,1,23,481,23481,31,2001,1GTHK29G21E1,1,G,T,H,K,2,9,G,2,1,E,1,0,T,GMC,2KH,4C,1,17,,2,1575,1430,SIE,G,,0,0,000000000,00000000000,0,0,0,1,0,0,0,0,0,0,0,98,0,0,0,12,12,2,1,8,0,0,0,1,26,48423,6,1,0,0,3,0,66,120,0,0,0,0,0,0,0,0,0,0,39,0,0,0,1,4,35,1,1,1,1,20,3,11,80,1,1,2,13,0,0
26,260876,1,1,1,2,12,19,27,8,0,1,0,26,1,12,481,12481,31,1999,1FTZF1828XNA,1,F,T,Z,F,1,8,2,8,X,N,A,0,T,FORD,F15,PK,99,17,,1,1388,1202,COF,G,,0,0,000000000,00000000000,0,0,0,1,0,0,0,0,0,0,0,998,0,0,0,12,12,2,1,8,0,0,0,1,26,49855,6,1,0,0,3,3,74,200,0,1,0,0,0,12,2008,12,2008,0,0,0,0,0,2,4,50,1,1,1,1,0,0,1,80,99,1,1,13,0,0
26,260877,1,1,1,17,12,12,2,25,0,1,0,26,1,23,431,23431,16,1994,1GKEC16K8RJ7,1,G,K,E,C,1,6,K,8,R,J,7,0,T,GMC,SUB,4W,94,17,,2,0,1315,C15,G,,0,0,000000000,00000000000,0,0,0,1,0,0,0,0,0,0,0,998,0,1,1,11,11,6,2,1,0,0,0,1,26,48227,6,1,0,0,3,0,71,280,0,0,0,0,0,0,0,0,0,0,58,0,0,0,3,3,70,1,1,2,2,0,0,15,10,1,9,4,7,1,1
26,260879,1,2,1,30,12,14,39,12,2,1,0,26,1,22,32,22032,6,2005,5Y2SL63835Z4,5,Y,2,S,L,6,3,8,3,5,Z,4,0,P,PONT,VIB,4H,5,17,2700,,0,1024,,G,,0,0,000000000,00000000000,0,0,0,1,0,0,0,0,0,0,0,998,0,0,0,12,12,6,2,12,0,0,0,1,26,48420,6,1,0,0,3,3,67,130,0,0,0,0,0,0,0,0,0,0,28,0,0,0,1,2,55,1,1,2,1,0,0,6,50,1,1,2,50,1,0
26,260879,2,2,1,30,12,14,39,12,2,1,0,26,2,20,37,20037,4,2008,1G1ZH57B5842,1,G,1,Z,H,5,7,B,5,8,4,2,0,P,CHEV,ML1,4D,8,17,3436,,0,1123,,G,,0,0,000000000,00000000000,0,0,0,1,0,0,0,0,0,0,0,998,0,0,0,12,12,6,2,12,0,0,0,1,26,48843,6,1,0,0,3,0,72,285,0,0,0,0,1,5,2009,5,2009,0,0,0,0,0,1,2,55,1,1,2,1,0,0,1,62,1,1,1,51,0,0
26,260880,1,2,1,29,8,12,50,12,6,1,0,26,9,76,705,76705,80,1997,JYA5AHE02VA0,J,Y,A,5,A,H,E,0,2,V,A,0,0,M,YAMA,YZF,RS,97,17,,,,,,,599,0,0,000000000,00000000000,0,0,0,1,0,0,0,0,0,0,0,98,0,0,0,12,12,6,2,12,0,0,0,1,26,48203,6,1,6,0,3,0,72,210,0,8,0,0,0,11,2008,10,2009,1,39,0,0,0,1,2,30,1,1,2,1,2,3,1,63,1,1,1,69,1,0
26,260880,2,2,1,29,8,12,50,12,6,1,0,26,2,13,1,13001,4,1998,1LNFM82W1WY7,1,L,N,F,M,8,2,W,1,W,Y,7,0,P,LINC,SIG,4D,98,17,0,,0,1177,,G,,0,0,000000000,00000000000,0,0,0,1,0,0,0,0,0,0,0,98,0,0,0,3,3,6,2,12,0,0,0,1,26,48203,6,1,0,0,3,0,63,186,0,1,0,0,0,4,2008,4,2008,0,0,0,0,0,1,2,30,1,1,2,1,2,3,11,15,1,1,2,68,0,0
26,260881,1,1,2,6,9,14,47,33,0,1,0,26,1,12,401,12401,14,1999,1FMYU22E7XUA,1,F,M,Y,U,2,2,E,7,X,U,A,0,P,FORD,EPR,UT,99,17,3675,,0,1017,,G,,0,0,000000000,00000000000,0,0,0,1,0,0,0,0,0,0,0,98,0,1,6,12,12,6,2,1,0,0,0,1,26,48223,6,1,0,0,3,3,60,198,0,0,0,2,1,5,2008,3,2009,0,99,99,99,99,4,3,30,1,1,1,2,0,0,1,12,1,1,4,6,1,0
26,260882,1,2,2,4,9,1,0,12,1,1,0,26,1,7,472,7472,30,1991,1B7GG63Y6MS3,1,B,7,G,G,6,3,Y,6,M,S,3,0,T,DODG,SPT,PC,91,17,,1,0,1309,DAK,G,,0,0,000000000,00000000000,0,0,0,1,0,0,0,0,0,0,0,98,0,0,0,12,12,2,3,12,0,0,0,1,26,48237,6,1,0,0,3,0,73,200,1,0,0,1,1,4,2008,6,2010,0,26,0,0,0,2,3,35,1,1,2,1,1,3,1,10,1,1,2,20,1,1
26,260882,2,2,1,4,9,1,0,12,1,1,0,26,1,55,33,55033,4,2010,5NPET4AC5AH5,5,N,P,E,T,4,A,C,5,A,H,5,0,P,HYUN,SGL,4D,10,17,3292,,0,1074,,G,,0,0,000000000,00000000000,0,0,0,1,0,0,0,0,0,0,0,0,0,0,0,6,6,6,2,12,0,0,0,1,26,48180,6,1,0,0,3,3,70,195,1,0,0,0,0,5,2010,5,2010,0,0,0,0,0,2,3,35,1,1,2,1,1,3,5,60,1,1,1,21,0,0
26,260883,1,1,1,4,9,3,55,30,0,1,0,26,1,58,32,58032,4,1994,JNKNG01DXRM2,J,N,K,N,G,0,1,D,X,R,M,2,0,P,INFI,Q45,4D,94,17,4039,,0,1132,,G,,0,0,000000000,00000000000,0,0,0,1,0,0,0,0,0,0,0,98,0,0,0,9,9,6,2,30,0,0,0,1,26,48227,6,1,0,0,3,0,72,170,2,2,0,0,1,10,2007,3,2009,1,0,0,0,0,2,2,30,1,1,2,1,0,0,1,6,1,4,4,2,1,0
26,260884,1,1,99,29,9,8,15,8,0,1,1,99,9,20,2,20002,9,9999,999999999999,9,9,9,9,9,9,9,9,9,9,9,9,0,U,,,,9,17,,,,,,,,0,0,000000000,00000000000,0,0,0,1,0,0,0,0,0,0,0,98,0,0,0,99,99,9,1,8,0,0,0,1,99,99999,9,9,99,9,9,9,999,999,99,99,99,99,99,99,9999,99,9999,0,0,0,0,0,2,3,99,1,1,2,1,0,0,1,80,1,9,9,13,0,0
26,260885,1,2,1,5,10,5,35,12,6,1,0,18,1,24,401,24401,14,2008,3GSDL73778S5,3,G,S,D,L,7,3,7,7,8,S,5,0,P,STRN,VUE,UT,8,17,4325,,0,1066,,G,,0,0,000000000,00000000000,0,0,0,1,0,0,0,0,0,0,0,98,0,0,0,11,11,6,2,12,0,0,0,1,18,46514,6,1,0,0,3,0,68,189,0,0,0,1,0,1,2010,1,2010,0,39,0,0,0,1,2,99,1,1,2,1,4,3,4,15,1,1,2,89,0,0
26,260885,2,2,1,5,10,5,35,12,6,1,0,26,2,72,706,72706,80,2005,1HD1FRW125Y6,1,H,D,1,F,R,W,1,2,5,Y,6,0,M,HD,FCI,RS,5,17,,,,,,,1450,0,0,000000000,00000000000,0,0,0,1,0,0,0,0,0,0,0,98,0,0,0,12,12,6,2,12,0,0,0,1,26,49079,6,1,0,0,3,0,73,220,0,0,0,0,0,0,0,0,0,0,0,0,0,0,5,4,45,1,1,2,1,1,3,1,67,1,1,1,88,1,0
26,260886,1,1,2,27,10,18,40,43,0,1,0,26,1,20,441,20441,20,2003,1GNEL19X23B1,1,G,N,E,L,1,9,X,2,3,B,1,0,T,CHEV,AST,ES,3,17,,2,0,1112,AST,G,,0,0,000000000,00000000000,0,0,0,1,0,0,0,0,0,0,0,98,0,0,0,12,12,6,2,43,0,0,0,1,26,48217,6,1,0,0,3,3,72,304,0,0,0,0,0,0,0,0,0,0,0,0,0,0,1,2,25,1,1,2,1,0,0,1,12,1,1,4,6,1,0
26,260887,1,2,1,17,11,1,0,33,0,1,0,26,2,20,37,20037,4,2001,1G1ND52J6162,1,G,1,N,D,5,2,J,6,1,6,2,0,P,CHEV,MAL,4D,1,17,3051,,0,1070,,G,,0,0,000000000,00000000000,0,0,0,1,0,0,0,0,0,0,0,98,0,0,0,12,12,6,2,12,0,0,0,1,26,48209,0,0,0,0,0,0,999,999,0,0,0,0,0,0,0,0,0,0,36,0,0,0,1,2,25,1,1,2,2,0,0,1,14,1,1,4,14,1,1
26,260887,2,2,1,17,11,1,0,33,0,1,0,26,3,98,981,98981,51,2000,2PCH33499Y10,2,P,C,H,3,3,4,9,9,Y,1,0,0,U,,,,0,17,,,,,,,,0,57,1419991,571419991,3,21,22,1,0,0,0,0,5,0,0,98,0,1,1,3,3,6,2,12,0,0,0,1,26,48195,6,1,6,1,3,3,71,215,2,0,0,0,0,4,2008,6,2008,0,0,0,0,0,3,4,70,1,1,1,2,0,0,1,98,1,1,3,98,0,0
26,260888,1,1,1,30,11,2,39,33,0,1,0,26,1,9,20,9020,4,1997,1P3ES47Y1VD2,1,P,3,E,S,4,7,Y,1,V,D,2,0,P,PLYM,NHE,4P,97,17,2517,,0,1040,,G,,0,0,000000000,00000000000,0,0,0,1,0,0,0,0,0,0,0,98,0,0,0,12,12,6,2,42,0,0,0,1,26,48228,6,1,0,0,3,0,64,270,0,1,0,1,0,11,2008,2,2009,0,99,99,99,99,1,4,35,1,1,2,2,0,0,1,12,1,1,4,6,1,1
26,260889,1,1,1,6,11,18,52,34,0,1,0,26,2,20,442,20442,20,1992,1GNDU06L4NT1,1,G,N,D,U,0,6,L,4,N,T,1,0,P,CHEV,L/M,SV,92,17,3557,,0,1098,,G,,0,0,000000000,00000000000,0,0,0,1,0,0,0,0,0,0,0,98,0,1,5,12,12,6,2,34,0,0,0,1,26,48858,6,1,0,0,3,0,60,110,2,3,1,1,0,11,2008,9,2009,0,99,99,99,99,1,2,55,9,9,9,1,0,0,1,13,1,1,4,1,1,1
26,260890,1,1,1,6,12,6,45,8,0,1,0,26,1,6,14,6014,4,1992,1C3XC66R0ND7,1,C,3,X,C,6,6,R,0,N,D,7,0,P,CHRY,NYS,4D,92,17,3195,,0,1043,,G,,0,0,000000000,00000000000,0,0,0,1,0,0,0,0,0,0,0,98,0,0,0,12,12,2,3,8,0,0,0,1,26,48207,6,1,0,0,3,3,68,300,0,2,0,0,0,1,2009,1,2009,0,0,0,0,0,5,4,30,1,1,2,3,0,0,1,80,1,1,1,13,0,0
26,260891,1,1,1,5,12,20,8,8,0,1,0,26,1,22,441,22441,20,2002,1GMDU03EX2D2,1,G,M,D,U,0,3,E,X,2,D,2,0,P,PONT,MON,SV,2,17,3803,,0,1120,,G,,0,0,000000000,00000000000,0,0,0,1,0,0,0,0,0,0,0,98,0,0,0,11,11,2,3,8,0,0,0,1,26,48195,6,1,0,0,3,0,71,183,1,0,0,0,0,6,2009,6,2009,0,0,0,0,0,5,4,35,1,1,2,1,0,0,1,80,1,1,1,13,0,0
26,260892,1,3,2,10,12,20,20,12,1,1,0,26,1,12,3,12003,2,1993,1FACP42E4PF1,1,F,A,C,P,4,2,E,4,P,F,1,0,P,FORD,MCG,2H,93,17,3144,,0,1005,,G,,0,0,000000000,00000000000,0,0,0,1,0,0,0,0,0,0,0,98,0,0,0,12,12,6,2,12,0,0,0,1,26,49010,6,1,0,0,3,0,76,160,1,0,0,1,0,4,2008,11,2008,0,26,0,0,0,1,2,55,1,1,2,2,0,0,1,50,1,1,9,20,0,0
26,260892,2,3,1,10,12,20,20,12,1,1,0,26,1,37,31,37031,4,2008,1HGFA16538L0,1,H,G,F,A,1,6,5,3,8,L,0,0,P,HOND,UCL,4D,8,17,2751,,0,1063,,G,,0,0,000000000,00000000000,0,0,0,1,0,0,0,0,0,0,0,0,0,0,0,6,3,6,2,12,0,0,0,1,26,49010,6,1,0,0,3,3,63,145,0,0,0,0,0,0,0,0,0,0,0,0,0,0,1,2,55,1,1,2,2,0,0,5,53,1,1,1,21,1,0
26,260892,3,3,2,10,12,20,20,12,1,1,0,26,1,20,24,20024,6,2011,1GNKVGED7BJ1,1,G,N,K,V,G,E,D,7,B,J,1,0,P,CHEV,TRV,UT,11,17,5066,,0,1189,,G,,0,0,000000000,00000000000,0,0,0,1,0,0,0,0,0,0,0,98,0,0,0,12,12,6,2,12,0,0,0,1,26,49464,6,1,0,0,3,0,75,210,0,0,0,0,0,0,0,0,0,0,0,0,0,0,1,2,55,1,1,2,2,0,0,1,61,1,1,9,98,0,0
26,260893,1,1,1,11,12,0,54,42,0,1,0,26,2,18,20,18020,4,2000,2G4WB55K2Y13,2,G,4,W,B,5,5,K,2,Y,1,3,0,P,BUIC,RLS,4D,0,17,3438,,0,1090,,G,,0,0,000000000,00000000000,0,0,0,1,0,0,0,0,0,0,0,98,0,0,0,3,3,6,2,42,0,0,0,1,26,48430,6,1,0,0,3,0,69,200,0,0,0,0,0,0,0,0,0,0,99,99,99,99,1,2,45,1,1,2,1,0,0,1,8,1,4,4,7,1,1
26,260894,1,1,1,28,8,22,30,53,0,1,0,26,1,53,705,53705,80,2005,JS1GN7CA1521,J,S,1,G,N,7,C,A,1,5,2,1,0,M,SUZI,GSK,RS,5,17,,,,,,,599,0,0,000000000,00000000000,0,0,0,1,0,0,0,0,0,0,0,998,0,0,0,9,99,6,2,53,0,0,0,1,26,49445,6,1,0,0,3,0,67,148,0,0,0,0,0,0,0,0,0,1,0,0,0,0,1,2,55,2,1,2,1,0,0,14,6,1,1,4,6,1,1
26,260895,1,1,1,29,11,19,7,42,0,1,0,26,1,12,441,12441,20,1996,1FMCA11U3TZA,1,F,M,C,A,1,1,U,3,T,Z,A,0,P,FORD,ARO,SV,96,17,3714,,0,1190,,G,,0,0,000000000,00000000000,0,0,0,1,0,0,0,0,0,0,0,98,0,0,0,12,99,6,2,42,0,0,0,1,26,48224,6,1,0,0,3,0,72,190,0,0,0,0,1,8,2010,8,2010,1,0,0,0,0,1,2,25,3,1,2,1,0,0,14,6,1,9,4,2,1,1
26,260896,1,2,2,6,12,3,20,12,1,1,0,26,2,12,442,12442,20,2002,2FMZA52472BB,2,F,M,Z,A,5,2,4,7,2,B,B,0,T,FORD,WSE,ES,2,17,,1,0,1207,WIN,G,,0,0,000000000,00000000000,0,0,0,1,0,0,0,0,0,0,0,98,0,0,0,12,12,6,2,12,0,0,0,1,26,48205,1,1,0,0,2,0,69,135,0,3,0,0,0,4,2008,7,2008,0,36,0,0,0,5,6,35,1,1,1,4,0,0,1,51,1,1,1,24,1,0
26,260896,2,2,1,6,12,3,20,12,1,1,0,26,3,82,881,82881,66,2006,1FUBCXDC16HW,1,F,U,B,C,X,D,C,1,6,H,W,1,T,FRHT,16M,DS,6,17,,7,0,0,FM2,D,,1,57,114797,57114797,3,6,1,1,0,0,0,0,0,0,0,98,0,0,0,6,6,4,1,12,0,0,0,1,26,48044,6,1,6,0,3,3,74,280,0,0,0,0,0,0,0,0,0,0,0,0,0,0,5,6,35,1,1,1,4,0,0,1,53,1,1,1,25,0,0
26,260897,1,1,1,7,12,15,36,18,0,1,0,26,1,2,404,2404,14,2000,1J4GW58N0YC3,1,J,4,G,W,5,8,N,0,Y,C,3,0,T,JEEP,LMT,4W,0,17,,1,0,1059,GCK,G,,0,0,000000000,00000000000,0,0,0,1,0,0,0,0,0,0,0,98,0,0,0,1,1,6,2,10,0,0,0,1,26,49015,6,1,0,0,3,3,71,300,1,0,0,1,0,2,2008,2,2008,0,39,0,0,0,1,4,30,1,9,9,1,65,3,1,91,1,1,1,15,1,0
26,260898,1,2,4,2,12,2,0,12,6,1,0,26,2,20,2,20002,4,2004,2G1WF52E2491,2,G,1,W,F,5,2,E,2,4,9,1,0,P,CHEV,IMP,4D,4,17,3389,,0,1105,,G,,0,0,000000000,00000000000,0,0,0,1,0,0,0,0,0,0,0,98,0,0,0,3,99,6,2,12,0,0,0,1,26,48205,6,1,0,0,3,0,72,180,0,17,0,1,6,12,2008,9,2010,0,36,0,0,0,5,6,35,1,1,2,1,20,3,1,17,1,1,2,87,1,0
26,260898,2,2,2,2,12,2,0,12,6,1,0,26,9,7,442,7442,20,2001,1B4GP45341B2,1,B,4,G,P,4,5,3,4,1,B,2,0,P,DODG,CAR,SV,1,17,3959,,0,1133,,F,,0,0,000000000,00000000000,0,0,0,1,0,0,0,0,0,0,0,98,0,0,0,12,99,6,2,12,0,0,0,1,26,99999,9,9,99,9,9,9,999,999,99,99,99,99,99,99,9999,99,9999,0,0,0,0,0,1,2,25,1,1,2,1,20,3,0,66,0,0,0,86,0,0
26,260899,1,1,2,24,12,1,20,33,0,1,0,26,2,20,20,20020,4,1996,2G1WN52M8T11,2,G,1,W,N,5,2,M,8,T,1,1,0,P,CHEV,LLS,4D,96,17,3372,,0,1075,,G,,0,0,000000000,00000000000,0,0,0,1,0,0,0,0,0,0,0,98,0,0,0,12,12,6,2,19,0,0,0,1,26,48219,1,1,0,0,2,0,69,190,0,2,1,0,1,8,2010,12,2010,1,36,37,0,0,1,2,25,1,1,2,4,20,3,1,6,1,2,4,14,1,1
26,260900,1,1,1,27,12,6,50,8,0,1,0,26,1,20,481,20481,31,2000,1GCGK29UXYE3,1,G,C,G,K,2,9,U,X,Y,E,3,0,T,CHEV,SK2,PC,0,17,,2,1575,1435,SIL,G,,0,0,000000000,00000000000,0,0,0,1,0,0,0,0,0,0,0,98,0,0,0,11,11,2,1,8,0,0,0,1,26,48450,6,1,6,0,3,0,67,165,0,0,0,0,0,0,0,0,0,0,0,0,0,0,5,4,40,1,1,2,2,0,0,1,80,1,1,1,13,0,0
26,260901,1,1,3,8,2,16,28,25,0,1,0,39,2,20,37,20037,4,2000,1G1NE52J5Y63,1,G,1,N,E,5,2,J,5,Y,6,3,0,P,CHEV,M/L,4D,0,17,3077,,0,1070,,G,,0,0,000000000,00000000000,0,0,0,1,0,0,0,0,0,0,0,98,0,0,0,12,12,6,2,25,0,0,0,1,39,43607,1,1,0,0,2,0,74,160,0,0,0,0,0,0,0,0,0,0,99,99,99,99,3,4,55,1,1,2,1,0,0,1,9,1,2,4,2,1,1
26,260902,1,2,1,13,8,18,33,12,7,1,0,26,1,23,472,23472,30,2004,1GKDT13S0421,1,G,K,D,T,1,3,S,0,4,2,1,0,T,GMC,ENV,4W,4,17,,1,0,1130,ENV,G,,0,0,000000000,00000000000,0,0,0,1,0,0,0,0,0,0,0,98,0,0,0,1,11,6,2,25,0,0,0,1,26,48185,6,1,0,0,3,0,66,265,0,0,0,1,0,1,2010,1,2010,0,99,99,99,99,3,4,70,1,1,2,1,0,0,1,11,1,1,2,44,1,1
26,260902,2,2,2,13,8,18,33,12,7,1,0,26,1,12,37,12037,4,2008,1FAHP35N98W1,1,F,A,H,P,3,5,N,9,8,W,1,0,P,FORD,FMS,4D,8,17,2623,,0,1029,,G,,0,0,000000000,00000000000,0,0,0,1,0,0,0,0,0,0,0,98,0,0,0,7,7,2,3,12,0,0,0,1,26,48146,6,1,0,0,3,3,77,220,0,0,0,0,0,0,0,0,0,0,0,0,0,0,3,4,70,1,1,2,1,0,0,1,61,1,1,1,45,0,0
26,260903,1,4,2,28,8,12,45,12,6,1,0,26,1,72,706,72706,80,2002,1HD1FMW1X2Y6,1,H,D,1,F,M,W,1,X,2,Y,6,0,M,HD,TPI,RS,2,17,,,,,,,1450,0,0,000000000,00000000000,0,0,0,1,0,0,0,0,0,0,0,98,0,0,0,12,12,6,2,12,0,0,0,1,26,48223,9,9,99,9,9,9,999,999,99,99,99,99,99,99,9999,99,9999,0,39,0,0,0,2,3,30,1,1,2,1,2,3,1,17,1,1,1,86,1,0
26,260903,2,4,1,28,8,12,45,12,6,1,0,26,1,12,401,12401,14,2007,1FMEU74E57UA,1,F,M,E,U,7,4,E,5,7,U,A,0,P,FORD,EPR,UT,7,17,4615,,0,1137,,G,,0,0,000000000,00000000000,0,0,0,1,0,0,0,0,0,0,0,98,0,0,0,1,12,6,2,12,0,0,0,1,26,48023,6,1,0,0,3,0,69,270,0,0,0,1,0,3,2010,3,2010,0,0,0,0,0,5,4,25,1,1,2,1,2,3,1,66,1,1,1,87,0,0
26,260903,3,4,1,28,8,12,45,12,6,1,0,26,2,42,36,42036,6,1990,WDBEA90D9LF1,W,D,B,E,A,9,0,D,9,L,F,1,0,P,MERZ,3TE,SW,90,17,3560,,0,1102,,G,,0,0,000000000,00000000000,0,0,0,1,0,0,0,0,0,0,0,98,0,0,0,11,9,6,2,12,0,0,0,1,26,48206,6,1,0,0,3,3,73,280,0,0,0,0,0,0,0,0,0,0,0,0,0,0,5,4,25,1,1,2,1,2,3,1,54,7,1,2,98,0,0