STATE,ST_CASE,VEH_NO,VE_FORMS,NUMOCCS,DAY,MONTH,HOUR,MINUTE,HARM_EV,MAN_COLL,UNITTYPE,HIT_RUN,REG_STAT,OWNER,MAKE,MODEL,MAK_MOD,BODY_TYP,MOD_YEAR,VIN,VIN_1,VIN_2,VIN_3,VIN_4,VIN_5,VIN_6,VIN_7,VIN_8,VIN_9,VIN_10,VIN_11,VIN_12,TOW_VEH,VINTYPE,VINMAKE,VINA_MOD,VIN_BT,VINMODYR,VIN_LNGT,VIN_WGT,WGTCD_TR,WHLBS_LG,WHLBS_SH,SER_TR,FUELCODE,MCYCL_DS,J_KNIFE,MCARR_I1,MCARR_I2,MCARR_ID,GVWR,V_CONFIG,CARGO_BT,HAZ_INV,HAZ_PLAC,HAZ_ID,HAZ_CNO,HAZ_REL,BUS_USE,SPEC_USE,EMER_USE,TRAV_SP,UNDERIDE,ROLLOVER,ROLINLOC,IMPACT1,IMPACT2,DEFORMED,TOWED,M_HARM,VEH_SC1,VEH_SC2,FIRE_EXP,DR_PRES,L_STATE,DR_ZIP,L_STATUS,L_TYPE,CDL_STAT,L_ENDORS,L_COMPL,L_RESTRI,DR_HGT,DR_WGT,PREV_ACC,PREV_SUS,PREV_DWI,PREV_SPD,PREV_OTH,FIRST_MO,FIRST_YR,LAST_MO,LAST_YR,SPEEDREL,DR_SF1,DR_SF2,DR_SF3,DR_SF4,VTRAFWAY,VNUM_LAN,VSPD_LIM,VALIGN,VPROFILE,VPAVETYP,VSURCOND,VTRAFCON,VTCONT_F,P_CRASH1,P_CRASH2,P_CRASH3,PCRASH4,PCRASH5,ACC_TYPE,DEATHS,DR_DRINK
26,260903,4,4,2,28,8,12,45,12,6,1,0,26,1,14,17,14017,6,1996,1MELM55UXTG6,1,M,E,L,M,5,5,U,X,T,G,6,0,P,MERC,SGS,SW,96,17,3502,,0,1085,,G,,0,0,000000000,00000000000,0,0,0,1,0,0,0,0,0,0,0,0,0,0,0,9,9,4,1,12,0,0,0,1,26,48207,9,9,99,9,9,9,999,999,99,99,99,99,99,99,9999,99,9999,0,0,0,0,0,5,4,25,1,1,2,1,2,3,5,98,1,1,1,98,0,0
26,260904,1,2,2,30,11,6,30,12,7,1,0,26,2,7,422,7422,15,2005,1D4HB38N05F5,1,D,4,H,B,3,8,N,0,5,F,5,0,P,DODG,DUR,UT,5,17,4877,,0,1192,,G,,0,0,000000000,00000000000,0,0,0,1,0,0,0,0,0,0,0,98,0,0,0,9,9,6,2,12,0,0,0,1,26,48227,6,1,0,0,3,0,73,205,0,0,0,0,0,0,0,0,0,0,0,0,0,0,2,4,70,1,1,1,2,0,0,1,61,1,1,1,45,1,0
26,260904,2,2,1,30,11,6,30,12,7,1,1,99,9,99,399,99399,9,9999,999999999999,9,9,9,9,9,9,9,9,9,9,9,9,0,U,,,,9,17,,,,,,,,0,0,000000000,00000000000,0,0,0,1,0,0,0,0,0,0,0,98,0,0,0,3,3,2,1,12,0,0,0,1,99,99999,9,9,99,9,9,9,999,999,99,99,99,99,99,99,9999,99,9999,0,0,0,0,0,2,4,70,1,1,1,2,0,0,15,11,1,1,2,44,0,0
26,260905,1,1,2,20,11,2,29,33,0,1,0,26,2,52,46,52046,4,2006,JA3AH86C06U0,J,A,3,A,H,8,6,C,0,6,U,0,0,P,MITS,LEV,4D,6,17,3263,,0,1033,,G,,0,0,000000000,00000000000,0,0,0,1,0,0,0,0,0,0,0,98,0,0,0,99,9,6,2,30,0,0,0,1,26,48906,6,1,0,0,3,3,68,200,0,6,0,1,2,11,2008,10,2010,1,0,0,0,0,1,2,35,1,1,2,1,0,0,1,12,1,9,4,6,1,0
27,270001,1,3,1,1,1,17,45,12,2,1,0,27,1,20,481,20481,31,1995,1GCEK19K0SE1,1,G,C,E,K,1,9,K,0,S,E,1,0,T,CHEV,GK1,PC,95,17,,2,1555,1415,GM4,G,,0,0,000000000,00000000000,0,0,0,1,0,0,0,0,0,0,0,51,0,0,0,12,12,6,2,12,0,0,0,1,27,55063,6,1,6,0,3,2,71,220,1,0,0,0,0,12,2009,12,2009,0,35,74,0,0,1,2,55,1,3,2,8,0,0,6,10,1,1,2,50,0,1
27,270001,2,3,2,1,1,17,45,12,2,1,0,27,2,21,23,21023,4,1999,1G3WH52K7XF3,1,G,3,W,H,5,2,K,7,X,F,3,0,P,OLDS,IGX,4D,99,17,3467,,0,1090,,G,,0,0,000000000,00000000000,0,0,0,1,0,0,0,0,0,0,0,998,0,0,0,12,12,6,2,12,0,0,0,1,27,55063,6,1,6,0,3,3,71,190,0,0,0,1,0,5,2009,5,2009,0,0,0,0,0,1,2,55,1,3,2,8,0,0,1,54,1,1,1,51,2,0
27,270001,3,3,2,1,1,17,45,12,2,1,0,55,1,7,442,7442,20,1999,2B4GP44R8XR4,2,B,4,G,P,4,4,R,8,X,R,4,0,P,DODG,CAR,SV,99,17,3856,,0,1193,,G,,0,0,000000000,00000000000,0,0,0,1,0,0,0,0,0,0,0,998,0,0,0,62,62,4,3,12,0,0,0,1,55,54837,6,1,0,0,3,1,68,145,0,0,0,0,0,0,0,0,0,0,0,0,0,0,1,2,55,1,3,2,8,0,0,1,61,1,1,1,98,0,0
27,270002,1,2,3,1,1,17,5,12,6,1,0,27,1,52,37,52037,3,1993,4A3CF54F9PE0,4,A,3,C,F,5,4,F,9,P,E,0,0,P,MITS,EGS,2H,93,17,2778,,0,972,,G,,0,0,000000000,00000000000,0,0,0,1,0,0,0,0,0,0,0,60,0,0,0,12,12,6,2,12,0,0,0,1,27,56441,6,1,0,0,3,1,68,185,0,2,2,1,0,1,2007,8,2008,0,92,0,0,0,2,2,65,2,2,2,1,0,0,14,66,8,9,2,88,0,0
27,270002,2,2,2,1,1,17,5,12,6,1,0,27,1,18,2,18002,4,1997,1G4HP52K8VH5,1,G,4,H,P,5,2,K,8,V,H,5,0,P,BUIC,LCF,4D,97,17,3446,,0,1108,,G,,0,0,000000000,00000000000,0,0,0,1,0,0,0,0,0,0,0,5,0,0,0,9,9,6,2,12,0,0,0,1,27,56353,6,1,0,0,3,1,65,160,0,0,0,0,0,0,0,0,0,0,38,0,0,0,1,2,98,1,1,2,1,20,3,4,17,1,1,1,89,1,0
27,270003,1,2,1,2,1,17,52,12,2,1,0,27,1,24,1,24001,4,2000,999999999999,9,9,9,9,9,9,9,9,9,9,9,9,0,U,,,,9,17,,,,,,,,0,0,000000000,00000000000,0,0,0,1,0,0,0,0,0,0,0,999,0,0,0,12,12,6,2,12,0,0,0,1,27,56630,6,1,0,0,3,2,70,216,0,3,0,0,0,9,2007,10,2009,0,51,74,0,0,1,2,60,2,5,2,1,0,0,14,10,7,1,2,50,1,1
27,270003,2,2,2,2,1,17,52,12,2,1,0,27,1,23,481,23481,31,2006,1GTEK19Z26Z3,1,G,T,E,K,1,9,Z,2,6,Z,3,0,T,GMC,NK1,4C,6,17,,2,1575,1340,SIE,F,,0,0,000000000,00000000000,0,0,0,1,0,0,0,0,0,0,0,998,0,0,0,12,12,6,2,12,0,0,0,1,27,55713,6,1,0,0,3,1,71,200,0,0,0,0,0,0,0,0,0,0,0,0,0,0,1,2,60,3,6,2,1,0,0,14,54,6,1,2,51,0,1
27,270004,1,2,1,5,1,21,9,12,2,1,0,27,1,24,1,24001,4,2000,1G8ZJ527XYZ1,1,G,8,Z,J,5,2,7,X,Y,Z,1,0,P,STRN,SL2,4D,0,17,2425,,0,1024,,G,,0,0,000000000,00000000000,0,0,0,1,0,0,0,0,0,0,0,55,0,0,0,12,12,6,9,12,0,0,0,1,27,55308,6,1,0,0,3,0,72,155,0,0,0,0,0,0,0,0,0,0,28,0,0,0,1,2,55,1,1,2,1,0,0,1,10,1,1,2,50,0,1
27,270004,2,2,1,5,1,21,9,12,2,1,0,27,1,9,17,9017,3,1994,1P3AP64KXRN1,1,P,3,A,P,6,4,K,X,R,N,1,0,P,PLYM,SUD,2H,94,17,2722,,0,972,,G,,0,0,000000000,00000000000,0,0,0,1,0,0,0,0,0,0,0,55,0,0,0,12,12,6,9,12,0,0,0,1,27,56379,6,1,0,0,3,1,66,200,1,0,0,0,0,9,2008,9,2008,0,0,0,0,0,1,2,55,1,1,2,1,0,0,1,62,4,1,1,51,1,0
27,270006,1,2,1,6,1,14,34,12,1,1,0,27,1,22,20,22020,4,1998,1G2WJ52M1WF2,1,G,2,W,J,5,2,M,1,W,F,2,0,P,PONT,GFS,4D,98,17,3373,,0,1105,,G,,0,0,000000000,00000000000,0,0,0,1,0,0,0,0,0,0,0,999,0,0,0,12,12,6,2,12,0,0,0,1,27,55441,6,1,0,0,3,0,76,235,0,0,0,0,0,0,0,0,0,1,0,0,0,0,2,2,55,1,5,2,1,2,3,1,50,1,1,1,20,1,0
27,270006,2,2,1,6,1,14,34,12,1,1,0,27,3,20,422,20422,15,2009,1GNFK36359J1,1,G,N,F,K,3,6,3,5,9,J,1,0,P,CHEV,K15,UT,9,17,5743,,0,1300,,F,,0,0,000000000,00000000000,0,0,0,1,0,0,0,0,0,0,0,0,0,0,0,6,6,4,1,12,0,0,0,1,27,55446,6,1,0,0,3,3,63,180,0,0,0,0,0,0,0,0,0,0,0,0,0,0,2,2,55,1,5,2,1,2,3,5,53,1,1,1,21,0,0
27,270007,1,2,1,7,1,9,56,12,2,1,0,27,3,82,881,82881,63,2005,1FVACXCS55HU,1,F,V,A,C,X,C,S,5,5,H,U,0,T,FRHT,16M,CC,5,17,,7,0,0,FM2,D,,0,57,242294,57242294,3,1,1,1,0,0,0,0,0,0,0,999,0,0,0,12,12,6,2,12,0,0,0,1,27,55337,6,1,6,0,3,0,71,225,0,0,0,2,0,1,2007,3,2007,0,0,0,0,0,1,2,55,1,1,2,8,0,0,1,54,1,1,1,51,0,0
27,270007,2,2,1,7,1,9,56,12,2,1,0,27,3,20,461,20461,21,2002,1GCFG15W0212,1,G,C,F,G,1,5,W,0,2,1,2,0,T,CHEV,E15,CG,2,17,,2,0,1350,EXP,G,,0,0,000000000,00000000000,0,0,0,1,0,0,0,0,0,0,0,999,0,0,0,12,12,6,2,12,0,0,0,1,27,56201,6,1,0,0,3,1,70,200,1,0,0,0,0,4,2007,4,2007,0,28,0,0,0,1,2,55,1,1,2,8,0,0,1,10,1,1,2,50,1,0
27,270008,1,2,1,5,1,21,28,12,1,1,0,27,3,12,481,12481,31,1991,1FTHF25H4MKB,1,F,T,H,F,2,5,H,4,M,K,B,0,T,FORD,F25,PK,91,17,,2,0,1330,COF,G,,0,0,000000000,00000000000,0,0,0,1,0,0,0,0,0,0,0,998,0,0,0,6,6,6,2,12,0,0,1,1,27,56378,6,1,0,0,3,3,68,200,0,0,0,0,0,0,0,0,0,0,0,0,0,0,2,2,70,1,1,2,1,0,0,2,18,1,1,1,29,1,0
27,270008,2,2,4,5,1,21,28,12,1,1,0,27,3,87,881,87881,66,2005,1XP5DB9X85N8,1,X,P,5,D,B,9,X,8,5,N,8,1,T,PTRB,379,DS,5,17,,8,0,0,CON,D,,1,57,115955,57115955,3,6,1,1,0,0,0,0,0,0,0,71,0,0,0,12,12,6,2,12,0,0,0,1,27,55302,6,1,6,0,3,3,72,185,0,0,0,0,3,4,2007,8,2009,0,0,0,0,0,2,2,70,1,1,2,1,0,0,1,52,1,1,1,28,0,0
27,270009,1,2,1,12,1,15,55,12,2,1,0,27,3,98,809,98809,66,2006,2FZHAZDE66AV,2,F,Z,H,A,Z,D,E,6,6,A,V,1,T,STRG,L90,TM,6,17,,8,0,0,STE,D,,1,57,682868,57682868,3,6,1,1,0,0,0,0,0,0,0,55,0,0,0,12,12,6,2,12,0,0,0,1,27,55330,6,1,6,0,3,3,73,205,0,0,0,0,0,0,0,0,0,0,0,0,0,0,1,2,55,3,6,2,1,0,0,14,62,4,1,1,51,0,0
27,270009,2,2,1,12,1,15,55,12,2,1,0,27,1,35,47,35047,2,2008,1N4AL24EX8C2,1,N,4,A,L,2,4,E,X,8,C,2,0,P,NISS,A5S,CP,8,17,3052,,0,1053,,G,,0,0,000000000,00000000000,0,0,0,1,0,0,0,0,0,0,0,998,0,0,0,12,12,6,2,12,0,0,0,1,27,55302,6,1,0,0,3,0,74,185,0,0,0,0,0,0,0,0,0,0,28,0,0,0,1,2,55,2,5,2,1,0,0,14,10,1,1,2,50,1,0
27,270010,1,1,1,12,1,19,30,1,0,1,0,27,1,20,481,20481,31,2000,1GCEK19T3YZ3,1,G,C,E,K,1,9,T,3,Y,Z,3,0,T,CHEV,SK1,PC,0,17,,2,1575,1435,SIL,G,,0,0,000000000,00000000000,0,0,0,1,0,0,0,0,0,0,0,999,0,9,6,0,3,6,2,1,0,0,0,1,27,56732,6,1,0,0,3,0,68,250,0,1,1,0,0,3,2007,4,2007,0,58,0,0,0,1,2,55,1,1,2,1,0,0,1,13,6,3,4,7,1,1
27,270011,1,1,1,12,1,22,54,8,0,1,0,27,2,7,482,7482,31,1996,3B7HC13Y6TG1,3,B,7,H,C,1,3,Y,6,T,G,1,0,T,DODG,150,PC,96,17,,2,1547,1387,RPC,G,,0,0,000000000,00000000000,0,0,0,1,0,0,0,0,0,0,0,55,0,0,0,12,12,4,3,8,0,0,0,1,27,55810,6,1,0,0,3,0,69,145,0,0,0,0,0,0,0,0,0,0,0,0,0,0,1,2,55,1,1,2,1,0,0,1,80,1,1,1,13,0,0
27,270012,1,1,1,14,1,22,35,1,0,1,0,91,1,12,401,12401,14,1998,999999999999,9,9,9,9,9,9,9,9,9,9,9,9,0,U,,,,9,17,,,,,,,,0,0,000000000,00000000000,0,0,0,1,0,0,0,0,0,0,0,70,0,9,5,0,0,6,2,1,0,0,0,1,27,56088,6,1,0,0,3,1,72,198,0,0,0,0,0,0,0,0,0,0,87,0,0,0,2,2,70,1,1,2,3,0,0,1,13,1,4,4,2,1,0
27,270013,1,2,24,14,1,21,37,12,6,1,0,27,3,90,981,90981,50,2010,1BAKGCPH1AF2,1,B,A,K,G,C,P,H,1,A,F,2,0,U,,,,,17,,,,,,,,0,57,1025621,571025621,3,21,22,1,0,0,0,0,1,0,0,38,0,0,0,12,12,6,2,12,0,0,0,1,27,56277,6,1,6,1,3,1,77,245,0,0,0,0,0,0,0,0,0,0,0,0,0,0,1,2,55,1,1,2,3,0,0,1,62,1,1,1,65,0,0
27,270013,2,2,3,14,1,21,37,12,6,1,0,27,1,41,35,41035,4,1999,JM1BJ2228X01,J,M,1,B,J,2,2,2,8,X,0,1,0,P,MAZD,PDL,4D,99,17,2449,,0,1028,,G,,0,0,000000000,00000000000,0,0,0,1,0,0,0,0,0,0,0,999,0,0,0,82,82,6,2,12,0,0,0,1,27,56222,6,1,0,0,3,0,70,142,0,0,0,1,0,4,2008,4,2008,9,87,0,0,0,1,2,55,1,1,2,3,0,0,1,10,98,4,2,64,1,0
27,270014,1,1,4,15,1,6,44,1,0,1,0,38,1,59,31,59031,4,2005,JTHBA30GX551,J,T,H,B,A,3,0,G,X,5,5,1,0,P,LEXS,E33,4D,5,17,3472,,0,1071,,G,,0,0,000000000,00000000000,0,0,0,1,0,0,0,0,0,0,0,70,0,1,3,0,0,6,2,1,0,0,0,1,38,58652,6,1,0,0,3,0,59,95,0,0,0,0,0,0,0,0,0,9,99,99,99,99,2,2,70,1,1,1,8,0,0,1,12,1,9,4,6,1,0
27,270015,1,2,1,16,1,9,30,12,2,1,0,27,1,12,481,12481,31,2008,1FTPW14V58FC,1,F,T,P,W,1,4,V,5,8,F,C,0,T,FORD,F1S,CW,8,17,,2,1500,1390,COF,F,,0,0,000000000,00000000000,0,0,0,1,0,0,0,0,0,0,0,55,0,0,0,12,12,6,2,12,0,0,0,1,27,56585,6,1,0,0,3,3,63,120,0,0,0,0,0,0,0,0,0,0,51,0,0,0,1,2,55,1,1,2,4,0,0,1,10,7,1,2,50,1,0
27,270015,2,2,1,16,1,9,30,12,2,1,0,30,3,82,881,82881,66,2009,1FUJF0CV29LA,1,F,U,J,F,0,C,V,2,9,L,A,1,T,FRHT,COL,DS,9,17,,8,0,0,CON,D,,3,57,179858,57179858,3,6,1,1,0,0,0,0,0,0,0,55,0,0,0,12,12,6,2,12,0,0,0,1,27,56514,6,1,6,0,3,0,70,208,0,0,0,0,0,0,0,0,0,0,0,0,0,0,1,2,55,1,1,2,4,0,0,1,54,8,1,2,51,0,0
27,270016,1,2,1,18,1,15,41,12,2,1,0,27,2,12,13,12013,6,1995,1FASP15J9SW3,1,F,A,S,P,1,5,J,9,S,W,3,0,P,FORD,EST,SW,95,17,2451,,0,984,,G,,0,0,000000000,00000000000,0,0,0,1,0,0,0,0,0,0,0,55,0,0,0,12,12,6,2,12,0,0,0,1,27,56055,6,2,0,0,3,3,65,118,0,0,0,0,0,0,0,0,0,0,51,0,0,0,1,2,55,1,1,2,1,0,0,1,10,1,1,1,50,1,0
27,270016,2,2,1,18,1,15,41,12,2,1,0,19,1,37,32,37032,4,1999,JHMCG6658XC0,J,H,M,C,G,6,6,5,8,X,C,0,0,P,HOND,ULX,4D,99,17,3053,,0,1069,,G,,0,0,000000000,00000000000,0,0,0,1,0,0,0,0,0,0,0,55,0,0,0,12,12,6,2,12,0,0,0,1,27,56001,6,1,0,0,3,3,66,120,0,0,0,0,2,10,2008,1,2009,0,0,0,0,0,1,2,55,1,1,2,1,0,0,1,54,1,1,1,51,1,0
27,270017,1,1,3,20,1,8,22,1,0,1,0,27,1,24,401,24401,14,2003,5GZCZ63B43S8,5,G,Z,C,Z,6,3,B,4,3,S,8,0,P,STRN,VUE,UT,3,17,3470,,0,1066,,G,,0,0,000000000,00000000000,0,0,0,1,0,0,0,0,0,0,0,65,0,2,1,0,0,6,2,1,0,0,0,1,27,56621,6,1,0,0,3,1,65,190,0,0,0,0,0,0,0,0,0,1,58,0,0,0,2,2,65,2,3,2,4,0,0,14,5,6,4,6,98,1,0
27,270018,1,3,4,21,1,17,34,12,6,1,0,27,2,20,401,20401,14,1995,1GNDT13W9S21,1,G,N,D,T,1,3,W,9,S,2,1,0,P,CHEV,BZR,UT,95,17,4071,,0,1070,,G,,0,0,000000000,00000000000,0,0,0,1,0,0,0,0,0,0,0,45,0,0,0,82,6,6,2,12,0,0,0,1,27,55021,6,2,0,0,3,0,74,250,0,0,0,0,0,0,0,0,0,1,87,0,0,0,1,2,55,1,5,2,4,0,0,1,6,4,4,2,64,1,0
27,270018,2,3,1,21,1,17,34,12,6,1,0,27,1,30,46,30046,4,2004,WVWPD63B44P0,W,V,W,P,D,6,3,B,4,4,P,0,0,P,VOLK,P4M,4D,4,17,3155,,0,1064,,G,,0,0,000000000,00000000000,0,0,0,1,0,0,0,0,0,0,0,45,0,0,0,1,12,6,2,12,0,0,0,1,27,55052,6,1,0,0,3,0,65,149,1,0,0,1,0,1,2007,6,2009,0,0,0,0,0,1,2,55,1,6,2,4,0,0,1,62,1,1,1,65,0,0
27,270018,3,3,1,21,1,17,34,12,6,1,0,17,2,22,19,22019,2,2009,999999999999,9,9,9,9,9,9,9,9,9,9,9,9,0,U,,,,9,17,,,,,,,,0,0,000000000,00000000000,0,0,0,1,0,0,0,0,0,0,0,45,0,0,0,12,0,6,2,12,0,0,0,1,27,55021,6,1,0,0,3,0,74,220,0,0,0,0,0,0,0,0,0,0,0,0,0,0,1,2,55,1,6,2,4,0,0,1,51,8,1,2,98,0,0
27,270019,1,2,2,23,1,14,23,54,11,1,0,55,1,12,481,12481,31,1997,1FTHF36F5VEA,1,F,T,H,F,3,6,F,5,V,E,A,0,T,FORD,F35,PK,97,17,,2,0,1330,COF,D,,0,0,000000000,00000000000,0,0,0,1,0,0,0,0,0,0,0,50,0,0,0,10,10,6,2,54,0,0,0,1,55,54017,6,1,0,0,3,0,65,200,0,0,0,1,0,6,2009,6,2009,0,0,0,0,0,2,2,50,1,1,2,2,0,0,1,3,1,1,1,98,0,0
27,270019,2,2,1,23,1,14,23,54,11,1,0,55,1,22,18,22018,4,1996,1G2NE52M0TC7,1,G,2,N,E,5,2,M,0,T,C,7,0,P,PONT,GAS,4D,96,17,2719,,0,1034,,G,,0,0,000000000,00000000000,0,0,0,1,0,0,0,0,0,0,0,999,0,0,0,13,13,6,2,54,0,0,0,1,55,54025,6,1,0,0,3,0,64,140,0,0,0,2,0,4,2007,12,2007,0,0,0,0,0,2,2,50,1,1,2,2,0,0,1,91,1,1,1,98,1,0
27,270020,1,1,1,23,1,15,11,53,0,1,0,27,1,20,2,20002,4,2000,2G1WH55K0Y93,2,G,1,W,H,5,5,K,0,Y,9,3,0,P,CHEV,IPL,4D,0,17,3466,,0,1110,,G,,0,0,000000000,00000000000,0,0,0,1,0,0,0,0,0,0,0,999,0,9,5,12,63,6,2,42,0,0,0,1,27,55371,6,1,0,0,3,0,70,185,0,0,0,0,0,0,0,0,0,0,0,0,0,0,1,2,55,1,1,2,2,0,0,1,13,1,1,4,1,1,1
27,270021,1,1,3,28,1,22,10,42,0,1,0,27,1,22,20,22020,4,2000,1G2WP52K9YF1,1,G,2,W,P,5,2,K,9,Y,F,1,0,P,PONT,GPG,4D,0,17,3455,,0,1105,,G,,0,0,000000000,00000000000,0,0,0,1,0,0,0,0,0,0,0,998,0,0,0,2,2,6,2,42,0,0,0,1,27,55417,2,1,0,0,2,0,62,140,0,5,1,0,0,1,2008,4,2009,1,52,0,0,0,1,2,30,1,1,2,4,0,0,1,6,1,9,4,7,2,1
27,270022,1,2,3,29,1,7,57,12,6,1,0,27,2,37,32,37032,4,1998,1HGCG5656WA1,1,H,G,C,G,5,6,5,6,W,A,1,0,P,HOND,UEX,4D,98,17,2985,,0,1069,,G,,0,0,000000000,00000000000,0,0,0,1,0,0,0,0,0,0,0,8,0,0,0,9,9,6,2,12,0,0,0,1,27,56301,6,1,0,0,3,1,62,145,0,0,0,0,0,0,0,0,0,0,38,0,0,0,1,2,98,1,5,2,1,20,3,4,17,1,1,1,89,1,0
27,270022,2,2,1,29,1,7,57,12,6,1,0,27,1,22,18,22018,4,2001,1G2NF52E31M5,1,G,2,N,F,5,2,E,3,1,M,5,0,P,PONT,SE1,4D,1,17,3116,,0,1070,,G,,0,0,000000000,00000000000,0,0,0,1,0,0,0,0,0,0,0,998,0,0,0,12,12,6,2,12,0,0,0,1,27,56320,6,1,0,0,3,1,62,111,0,0,0,0,0,0,0,0,0,0,0,0,0,0,2,2,65,1,1,2,1,0,0,1,66,1,1,1,88,0,0
27,270023,1,1,3,29,1,8,28,1,0,1,0,27,2,22,22,22022,4,2006,1G2ZH5586641,1,G,2,Z,H,5,5,8,6,6,4,1,0,P,PONT,GGT,4D,6,17,3426,,0,1123,,G,,0,0,000000000,00000000000,0,0,0,1,0,0,0,0,0,0,0,55,0,2,5,0,11,6,2,30,0,0,0,1,27,55001,6,1,0,0,3,0,67,135,1,0,0,0,0,12,2007,12,2007,0,58,0,0,0,1,2,55,3,1,2,1,0,0,14,13,12,9,4,2,1,1
27,270024,1,1,1,29,1,10,38,31,0,1,0,27,1,18,2,18002,4,2002,1G4HP54K12U2,1,G,4,H,P,5,4,K,1,2,U,2,0,P,BUIC,LCF,4D,2,17,3567,,0,1122,,G,,0,0,000000000,00000000000,0,0,0,1,0,0,0,0,0,0,0,53,0,1,5,12,11,6,2,42,0,0,0,1,27,55416,6,1,0,0,3,0,66,170,0,1,0,0,1,4,2007,7,2007,1,0,0,0,0,2,2,35,1,1,2,1,0,0,1,12,99,1,4,6,1,1
27,270025,1,2,1,1,2,10,4,12,1,1,0,46,2,87,881,87881,66,1995,1XP5DB9X2SD3,1,X,P,5,D,B,9,X,2,S,D,3,1,T,PTRB,379,DS,95,17,,8,0,0,CON,D,,1,57,446084,57446084,3,6,1,1,0,0,0,0,0,0,0,53,0,0,0,12,12,4,1,12,0,0,0,1,46,57445,6,1,6,9,3,0,74,220,0,0,0,0,0,0,0,0,0,1,0,0,0,0,2,2,70,1,1,2,4,0,0,1,52,4,1,1,28,0,0
27,270025,2,2,1,1,2,10,4,12,1,1,0,27,1,2,404,2404,14,2005,1J4HR48NX5C5,1,J,4,H,R,4,8,N,X,5,C,5,0,T,JEEP,LCF,4W,5,17,,1,0,1095,GCK,G,,0,0,000000000,00000000000,0,0,0,1,0,0,0,0,0,0,0,999,0,9,3,6,6,6,2,12,0,0,0,1,27,56150,6,1,0,0,3,0,67,140,0,0,0,0,0,0,0,0,0,0,0,0,0,0,2,2,70,1,1,2,4,0,0,2,18,1,1,1,29,1,0
27,270026,1,1,1,1,2,13,24,45,0,1,0,27,1,12,481,12481,31,1991,1FTHX25H7MKA,1,F,T,H,X,2,5,H,7,M,K,A,0,T,FORD,F25,PS,91,17,,2,0,1550,COF,G,,0,0,000000000,00000000000,0,0,0,1,0,0,0,0,0,0,0,45,0,0,0,12,11,6,2,45,0,0,0,1,27,56121,6,1,0,0,3,0,72,208,0,0,0,0,0,0,0,0,0,1,29,0,0,0,1,2,55,1,1,2,3,98,8,6,13,9,1,5,4,1,0
27,270027,1,2,1,3,2,5,38,12,2,1,0,27,1,52,34,52034,4,2001,4A3AA56H91E0,4,A,3,A,A,5,6,H,9,1,E,0,0,P,MITS,ULS,4D,1,17,3296,,0,1037,,G,,0,0,000000000,00000000000,0,0,0,1,0,0,0,0,0,0,0,998,0,0,0,12,12,6,2,12,0,0,1,1,27,55056,6,1,0,0,3,3,70,180,0,0,0,1,0,2,2008,2,2008,0,28,0,0,0,1,2,55,1,1,2,4,0,0,1,10,99,1,2,50,1,0
27,270027,2,2,1,3,2,5,38,12,2,1,0,27,1,18,2,18002,4,2000,1G4HP54K9Y41,1,G,4,H,P,5,4,K,9,Y,4,1,0,P,BUIC,LCF,4D,0,17,3567,,0,1122,,G,,0,0,000000000,00000000000,0,0,0,1,0,0,0,0,0,0,0,998,0,0,0,12,12,6,2,12,0,0,1,1,27,55008,6,1,0,0,3,3,75,205,0,0,0,0,0,0,0,0,0,0,0,0,0,0,1,2,55,1,1,2,4,0,0,1,60,99,1,1,51,1,0
27,270028,1,2,1,4,2,21,52,12,6,1,0,27,2,35,47,35047,4,2005,1N4AL11D95C1,1,N,4,A,L,1,1,D,9,5,C,1,0,P,NISS,ASL,4D,5,17,2915,,0,1102,,G,,0,0,000000000,00000000000,0,0,0,1,0,0,0,0,0,0,0,55,0,0,0,12,12,6,2,12,0,0,0,1,27,55331,6,1,0,0,3,0,70,195,0,4,1,0,0,4,2007,4,2009,0,0,0,0,0,1,2,55,1,4,2,10,0,0,1,62,1,1,1,64,0,0
27,270028,2,2,1,4,2,21,52,12,6,1,0,27,1,7,43,7043,4,2005,1B3EL46X95N6,1,B,3,E,L,4,6,X,9,5,N,6,0,P,DODG,SRX,4D,5,17,3093,,0,1080,,G,,0,0,000000000,00000000000,0,0,0,1,0,0,0,0,0,0,0,55,0,0,0,2,2,6,2,12,0,0,0,1,27,55387,6,1,0,0,3,0,74,240,0,1,0,1,0,4,2007,8,2009,0,28,0,0,0,1,2,55,1,4,2,10,0,0,1,5,98,4,2,65,1,0
27,270029,1,2,1,6,2,5,13,12,6,1,0,49,3,85,881,85881,66,2007,1XKWDB9X47R1,1,X,K,W,D,B,9,X,4,7,R,1,1,T,KW,W90,DS,7,17,,8,2850,1600,CON,D,,1,57,845994,57845994,3,6,2,1,0,0,0,0,0,0,0,65,0,0,0,12,12,6,2,12,0,0,0,1,16,83263,6,1,6,1,3,0,66,180,0,0,0,0,0,0,0,0,0,0,0,0,0,0,2,2,70,2,2,1,1,0,0,14,50,4,1,1,98,0,0
27,270029,2,2,1,6,2,5,13,12,6,1,0,55,6,37,32,37032,2,2001,1HGCG22501A0,1,H,G,C,G,2,2,5,0,1,A,0,0,P,HOND,UEX,CP,1,17,3283,,0,1051,,G,,0,0,000000000,00000000000,0,0,0,1,0,0,0,0,0,0,0,0,0,0,0,3,3,6,2,12,0,0,0,0,,,,,,,,,999,,,,,,,,,,,,20,0,0,0,2,2,70,2,2,1,1,0,0,0,8,0,0,0,98,1,0