STATE,ST_CASE,VEH_NO,VE_FORMS,NUMOCCS,DAY,MONTH,HOUR,MINUTE,HARM_EV,MAN_COLL,UNITTYPE,HIT_RUN,REG_STAT,OWNER,MAKE,MODEL,MAK_MOD,BODY_TYP,MOD_YEAR,VIN,VIN_1,VIN_2,VIN_3,VIN_4,VIN_5,VIN_6,VIN_7,VIN_8,VIN_9,VIN_10,VIN_11,VIN_12,TOW_VEH,VINTYPE,VINMAKE,VINA_MOD,VIN_BT,VINMODYR,VIN_LNGT,VIN_WGT,WGTCD_TR,WHLBS_LG,WHLBS_SH,SER_TR,FUELCODE,MCYCL_DS,J_KNIFE,MCARR_I1,MCARR_I2,MCARR_ID,GVWR,V_CONFIG,CARGO_BT,HAZ_INV,HAZ_PLAC,HAZ_ID,HAZ_CNO,HAZ_REL,BUS_USE,SPEC_USE,EMER_USE,TRAV_SP,UNDERIDE,ROLLOVER,ROLINLOC,IMPACT1,IMPACT2,DEFORMED,TOWED,M_HARM,VEH_SC1,VEH_SC2,FIRE_EXP,DR_PRES,L_STATE,DR_ZIP,L_STATUS,L_TYPE,CDL_STAT,L_ENDORS,L_COMPL,L_RESTRI,DR_HGT,DR_WGT,PREV_ACC,PREV_SUS,PREV_DWI,PREV_SPD,PREV_OTH,FIRST_MO,FIRST_YR,LAST_MO,LAST_YR,SPEEDREL,DR_SF1,DR_SF2,DR_SF3,DR_SF4,VTRAFWAY,VNUM_LAN,VSPD_LIM,VALIGN,VPROFILE,VPAVETYP,VSURCOND,VTRAFCON,VTCONT_F,P_CRASH1,P_CRASH2,P_CRASH3,PCRASH4,PCRASH5,ACC_TYPE,DEATHS,DR_DRINK
27,270030,1,1,1,2,2,18,48,8,0,1,0,27,1,2,404,2404,14,1999,1J4GW68N7XC6,1,J,4,G,W,6,8,N,7,X,C,6,0,T,JEEP,LMT,4W,99,17,,1,0,1059,GCK,G,,0,0,000000000,00000000000,0,0,0,1,0,0,0,0,0,0,0,38,0,0,0,12,11,4,3,8,0,0,0,1,27,55309,6,1,0,0,3,0,70,180,1,0,0,0,0,2,2007,2,2007,0,0,0,0,0,1,2,40,1,1,2,4,0,0,1,80,99,1,1,13,0,0
27,270031,1,1,1,7,2,16,9,8,0,1,0,27,2,2,404,2404,14,1998,1J4GZ48S4WC2,1,J,4,G,Z,4,8,S,4,W,C,2,0,T,JEEP,LSE,4W,98,17,,1,0,1059,GCK,G,,0,0,000000000,00000000000,0,0,0,1,0,0,0,0,0,0,0,999,0,0,0,12,12,2,3,8,0,0,0,1,27,56308,6,1,0,0,3,3,65,130,0,0,0,0,0,0,0,0,0,0,87,0,0,0,3,2,70,1,6,1,4,0,0,1,5,9,4,9,13,0,0
27,270032,1,1,2,8,2,16,37,1,0,1,0,27,2,12,401,12401,14,2001,1FMYU70E71UC,1,F,M,Y,U,7,0,E,7,1,U,C,0,P,FORD,EPR,UT,1,17,3959,,0,1018,,G,,0,0,000000000,00000000000,0,0,0,1,0,0,0,0,0,0,0,45,0,2,5,0,13,2,3,1,0,0,0,1,27,55604,6,1,0,0,3,0,64,130,0,0,0,0,0,0,0,0,0,0,87,0,0,0,2,2,65,1,5,2,4,0,0,1,5,1,3,4,2,1,0
27,270033,1,2,4,11,2,14,54,12,6,1,0,27,2,23,461,23461,21,1995,1GDEG25K3SF5,1,G,D,E,G,2,5,K,3,S,F,5,0,T,GMC,RV2,IC,95,17,,2,1250,1100,R/V,G,,0,0,000000000,00000000000,0,0,0,1,0,0,0,0,0,0,0,40,0,0,0,9,12,6,2,46,0,0,0,1,27,55118,1,1,0,0,2,0,67,196,0,1,0,0,0,12,2009,12,2009,0,39,0,0,0,2,2,45,1,1,2,1,2,3,1,17,1,1,1,69,1,0
27,270033,2,2,2,11,2,14,54,12,6,1,0,27,1,18,2,18002,4,1998,1G4HP52KXWH4,1,G,4,H,P,5,2,K,X,W,H,4,0,P,BUIC,LCF,4D,98,17,3348,,0,1108,,G,,0,0,000000000,00000000000,0,0,0,1,0,0,0,0,0,0,0,10,0,0,0,12,12,6,2,12,0,0,0,1,27,55068,6,1,0,0,3,3,66,190,0,0,0,0,0,0,0,0,0,0,0,0,0,0,2,2,45,1,1,2,1,2,3,11,66,1,1,1,68,0,0
27,270034,1,2,2,12,2,10,25,12,6,1,0,27,1,22,20,22020,4,1999,1G2WP52K8XF3,1,G,2,W,P,5,2,K,8,X,F,3,0,P,PONT,GPG,4D,99,17,3428,,0,1105,,G,,0,0,000000000,00000000000,0,0,0,1,0,0,0,0,0,0,0,0,0,0,0,9,9,6,2,12,0,0,0,1,27,55397,6,1,0,0,3,1,66,140,0,0,0,0,0,0,0,0,0,0,38,0,0,0,1,2,98,3,1,1,4,20,3,4,17,1,1,1,89,2,0
27,270034,2,2,1,12,2,10,25,12,6,1,0,27,3,85,881,85881,63,1992,1XKDDR9X2NS5,1,X,K,D,D,R,9,X,2,N,S,5,1,T,KW,T80,DS,92,17,,8,2600,1600,CON,D,,3,57,819728,57819728,3,4,7,1,0,0,0,0,0,0,0,48,0,0,0,12,12,4,3,12,0,0,0,1,27,55338,6,1,6,0,3,1,73,212,0,0,0,0,0,0,0,0,0,0,0,0,0,0,2,2,65,1,1,1,4,0,0,1,68,4,1,1,88,0,0
27,270035,1,2,2,14,2,16,4,12,6,1,0,27,2,22,20,22020,4,2007,2G2WP552X711,2,G,2,W,P,5,5,2,X,7,1,1,0,P,PONT,GRA,4D,7,17,3477,,0,1105,,G,,0,0,000000000,00000000000,0,0,0,1,0,0,0,0,0,0,0,50,0,0,0,3,3,6,2,12,0,0,0,1,27,56097,6,1,0,0,3,0,71,200,0,0,0,0,0,0,0,0,0,1,87,0,0,0,1,2,55,1,5,2,4,0,0,1,5,99,4,2,64,1,0
27,270035,2,2,4,14,2,16,4,12,6,1,0,27,1,47,35,47035,5,1999,YS3DD58N2X20,Y,S,3,D,D,5,8,N,2,X,2,0,0,P,SAA,93S,4H,99,17,3090,,0,1026,,G,,0,0,000000000,00000000000,0,0,0,1,0,0,0,0,0,0,0,60,0,0,0,1,12,6,2,12,0,0,0,1,27,56068,6,1,0,0,3,1,70,160,0,0,0,0,0,0,0,0,0,1,0,0,0,0,1,2,55,1,6,2,4,0,0,1,60,4,1,1,65,0,0
27,270037,1,2,1,23,2,8,44,12,6,1,0,27,3,87,881,87881,66,2010,1XPWD49X6AD7,1,X,P,W,D,4,9,X,6,A,D,7,1,T,PTRB,388,DS,10,17,,8,0,0,CON,D,,1,57,308790,57308790,3,6,8,1,0,0,0,0,0,0,0,40,0,0,0,12,12,2,3,12,0,0,0,1,27,55016,6,1,6,0,3,0,72,215,1,0,0,0,0,9,2009,9,2009,0,0,0,0,0,2,2,45,2,5,1,2,0,0,14,66,1,1,1,86,0,0
27,270037,2,2,2,23,2,8,44,12,6,1,0,27,1,54,31,54031,4,1990,JH4DB1657LS0,J,H,4,D,B,1,6,5,7,L,S,0,0,P,ACUR,ILS,4D,90,17,2513,,0,1024,,G,,0,0,000000000,00000000000,0,0,0,1,0,0,0,0,0,0,0,10,0,0,0,3,3,6,2,12,0,0,0,1,27,55419,6,1,0,0,3,3,67,142,0,0,0,0,0,0,0,0,0,0,38,0,0,0,2,2,45,3,6,1,2,20,3,4,17,1,1,1,87,2,0
27,270038,1,1,1,17,2,10,34,8,0,1,0,27,1,20,481,20481,31,2005,2GCEK13T3512,2,G,C,E,K,1,3,T,3,5,1,2,0,T,CHEV,SK1,CW,5,17,,2,0,1435,SIL,G,,0,0,000000000,00000000000,0,0,0,1,0,0,0,0,0,0,0,998,0,0,0,12,12,2,3,8,0,0,0,1,27,55021,6,1,6,0,3,0,71,195,0,0,0,0,0,0,0,0,0,0,38,0,0,0,8,8,98,1,1,8,4,8,8,98,98,1,1,5,13,0,0
27,270039,1,2,3,27,2,0,58,12,6,1,0,27,2,20,32,20032,4,1996,1Y1SK5289TZ0,1,Y,1,S,K,5,2,8,9,T,Z,0,0,P,GEO,PRL,4D,96,17,2370,,0,971,,G,,0,0,000000000,00000000000,0,0,0,1,0,0,0,0,0,0,0,998,0,0,0,11,61,6,2,12,0,0,0,1,27,56283,6,1,6,0,3,0,68,165,0,0,0,0,0,0,0,0,0,1,0,0,0,0,1,2,35,3,1,2,1,20,3,10,16,1,1,1,78,1,1
27,270039,2,2,1,27,2,0,58,12,6,1,0,55,3,82,881,82881,62,2010,1FVACWDTXADA,1,F,V,A,C,W,D,T,X,A,D,A,0,T,FRHT,16M,CC,10,17,,6,0,0,FM2,D,,0,57,775476,57775476,2,1,1,1,0,0,0,0,0,0,0,50,0,0,0,2,2,4,3,12,0,0,0,1,55,54601,6,1,0,0,8,3,72,155,0,0,0,0,0,0,0,0,0,0,0,0,0,0,2,1,55,3,5,2,1,0,0,14,65,8,1,1,79,0,0
27,270040,1,2,1,1,3,15,24,12,2,1,0,27,2,12,17,12017,4,1993,1FACP52U2PG1,1,F,A,C,P,5,2,U,2,P,G,1,0,P,FORD,TAG,4D,93,17,3117,,0,1060,,G,,0,0,000000000,00000000000,0,0,0,1,0,0,0,0,0,0,0,999,0,0,0,12,11,6,4,12,0,0,0,1,27,55350,6,2,0,0,3,0,68,148,0,0,0,1,1,1,2009,9,2009,0,28,0,0,0,1,2,55,1,1,2,1,0,0,1,10,1,1,2,50,1,0
27,270040,2,2,1,1,3,15,24,12,2,1,0,27,1,20,482,20482,31,2003,3GNEK13T13G1,3,G,N,E,K,1,3,T,1,3,G,1,0,T,CHEV,KAV,CW,3,17,,2,0,1300,AVL,G,,0,0,000000000,00000000000,0,0,0,1,0,0,0,0,0,0,0,55,0,1,5,12,11,6,4,12,0,0,0,1,27,55350,6,1,6,0,3,1,70,225,1,0,0,0,0,11,2007,11,2007,0,0,0,0,0,1,2,55,1,1,2,1,0,0,1,62,9,1,4,51,0,0
27,270042,1,1,2,5,3,19,17,8,0,1,0,27,1,18,401,18401,14,2004,3G5DB03EX4S5,3,G,5,D,B,0,3,E,X,4,S,5,0,P,BUIC,RZV,UT,4,17,4250,,0,1122,,G,,0,0,000000000,00000000000,0,0,0,1,0,0,0,0,0,0,0,998,0,0,0,12,12,2,1,8,0,0,0,1,27,56320,6,1,6,0,3,1,68,185,0,0,0,0,0,0,0,0,0,0,0,0,0,0,3,3,65,1,1,2,1,0,0,1,80,4,1,3,13,0,0
27,270043,1,2,17,5,3,23,4,12,6,1,0,27,3,93,981,93981,51,1983,1M89CM6A2DP0,1,M,8,9,C,M,6,A,2,D,P,0,0,U,,,,,17,,,,,,,,0,57,2004080,572004080,3,21,22,1,0,0,0,0,8,0,0,68,0,0,0,12,12,6,2,12,0,0,0,1,27,56501,6,1,6,1,3,0,68,255,0,0,0,0,0,0,0,0,0,0,0,0,0,0,2,2,65,1,1,2,1,0,0,1,66,1,1,1,88,0,0
27,270043,2,2,1,5,3,23,4,12,6,1,0,27,3,12,402,12402,14,2007,1FMCU93117KB,1,F,M,C,U,9,3,1,1,7,K,B,0,P,FORD,SPE,UT,7,17,3318,,0,1031,,G,,0,0,000000000,00000000000,0,0,0,1,0,0,0,0,0,0,0,999,0,1,9,9,9,6,2,12,0,0,0,1,27,56571,6,1,0,0,3,0,66,105,0,0,0,1,1,7,2009,9,2009,0,0,0,0,0,1,2,98,1,1,2,1,20,3,1,17,1,1,1,89,1,1
27,270044,1,2,1,11,3,17,19,12,2,1,0,27,2,12,17,12017,6,1995,1FALP57U9SG1,1,F,A,L,P,5,7,U,9,S,G,1,0,P,FORD,TAG,SW,95,17,3285,,0,1060,,G,,0,0,000000000,00000000000,0,0,0,1,0,0,0,0,0,0,0,55,0,0,0,12,12,6,2,12,0,0,0,1,27,55731,6,1,0,0,3,0,71,170,0,0,0,0,0,0,0,0,0,0,28,0,0,0,1,2,55,2,5,2,2,0,0,14,10,1,1,2,50,1,1
27,270044,2,2,2,11,3,17,19,12,2,1,0,27,2,19,14,19014,4,1997,1G6KY5294VU8,1,G,6,K,Y,5,2,9,4,V,U,8,0,P,CADI,STS,4D,97,17,3856,,0,1110,,G,,0,0,000000000,00000000000,0,0,0,1,0,0,0,0,0,0,0,55,0,0,0,12,11,6,2,12,0,0,0,1,27,55731,1,1,0,0,2,0,66,220,0,1,0,0,0,11,2009,11,2009,0,0,0,0,0,1,2,55,3,6,2,2,0,0,14,62,9,1,1,51,1,0
27,270045,1,1,2,14,3,4,45,35,0,1,0,27,2,52,37,52037,1,2003,4A3AE75H83E1,4,A,3,A,E,7,5,H,8,3,E,1,0,P,MITS,STS,CV,3,17,3042,,0,1008,,G,,0,0,000000000,00000000000,0,0,0,1,0,0,0,0,0,0,0,999,0,2,6,12,13,6,2,58,0,0,0,1,27,56256,0,0,0,0,0,0,61,145,0,0,0,0,0,0,0,0,0,0,0,0,0,0,1,2,55,2,6,2,2,0,0,14,12,1,1,4,6,2,1
27,270046,1,2,5,15,3,10,3,12,6,1,0,19,3,6,441,6441,20,2009,999999999999,9,9,9,9,9,9,9,9,9,9,9,9,0,U,,,,9,17,,,,,,,,0,0,000000000,00000000000,0,0,0,1,0,0,0,0,0,0,0,40,0,0,0,11,7,6,2,12,0,0,0,1,19,50036,6,1,0,0,3,1,999,999,99,99,99,99,99,99,9999,99,9999,0,47,48,0,0,2,2,70,1,5,1,1,28,3,11,15,1,1,2,72,1,0
27,270046,2,2,1,15,3,10,3,12,6,1,0,27,3,82,883,82883,66,2007,1FUJA6CK77PX,1,F,U,J,A,6,C,K,7,7,P,X,1,T,FRHT,COL,DS,7,17,,8,0,0,CON,D,,1,57,988429,57988429,3,6,1,1,0,0,0,0,0,0,0,67,0,0,0,12,1,4,3,12,0,0,0,1,55,54610,6,1,6,0,3,0,73,215,0,0,0,0,0,0,0,0,0,0,0,0,0,0,2,2,70,1,5,1,1,28,3,1,61,6,1,4,73,0,0
27,270047,1,1,1,16,3,20,3,8,0,1,0,27,1,12,481,12481,31,2003,1FTRX18L13NB,1,F,T,R,X,1,8,L,1,3,N,B,0,T,FORD,F15,4C,3,17,,2,1574,1388,COF,G,,0,0,000000000,00000000000,0,0,0,1,0,0,0,0,0,0,0,10,0,0,0,12,12,2,3,8,0,0,0,1,27,55416,6,1,0,0,3,0,74,230,0,0,0,0,0,0,0,0,0,0,38,0,0,0,1,2,25,1,1,2,1,2,3,11,80,1,1,2,13,0,0
27,270049,1,1,4,18,3,18,49,35,0,1,0,27,2,22,16,22016,2,2004,1G2JB12F7473,1,G,2,J,B,1,2,F,7,4,7,3,0,P,PONT,SFR,CP,4,17,2771,,0,1041,,G,,0,0,000000000,00000000000,0,0,0,1,0,0,0,0,0,0,0,999,0,1,3,12,2,6,2,1,0,0,0,1,27,55357,2,1,0,0,2,0,73,190,0,4,0,0,0,10,2007,7,2008,0,0,0,0,0,2,2,65,1,6,1,1,0,0,1,12,1,1,4,6,1,0
27,270050,1,3,1,18,3,11,0,12,1,1,0,27,1,12,13,12013,2,1998,3FALP1133WR1,3,F,A,L,P,1,1,3,3,W,R,1,0,P,FORD,ZXS,CP,98,17,2478,,0,984,,G,,0,0,000000000,00000000000,0,0,0,1,0,0,0,0,0,0,0,999,0,0,0,12,12,6,2,12,0,0,0,1,27,55413,6,1,0,0,3,0,68,190,0,1,0,0,0,2,2008,2,2008,0,26,0,0,0,2,2,40,1,1,2,1,2,3,1,50,1,1,1,20,0,0
27,270050,2,3,2,18,3,11,0,12,1,1,0,27,1,63,36,63036,6,2007,KNAFG5260771,K,N,A,F,G,5,2,6,0,7,7,1,0,P,KIA,ROE,SW,7,17,3443,,0,1063,,G,,0,0,000000000,00000000000,0,0,0,1,0,0,0,0,0,0,0,0,0,0,0,6,6,6,2,12,0,0,0,1,27,55427,6,1,0,0,3,0,70,250,0,0,0,1,0,11,2007,11,2007,0,0,0,0,0,2,2,40,1,1,2,1,2,3,5,53,1,1,1,22,1,0
27,270050,3,3,2,18,3,11,0,12,1,1,0,27,1,35,39,35039,4,1997,JN1CA21D7VT8,J,N,1,C,A,2,1,D,7,V,T,8,0,P,NISS,MGS,4D,97,17,2886,,0,1063,,G,,0,0,000000000,00000000000,0,0,0,1,0,0,0,0,0,0,0,0,0,0,0,6,6,2,1,12,0,0,0,1,27,55443,6,1,0,0,3,1,68,180,0,3,2,0,0,9,2007,10,2008,0,0,0,0,0,2,2,40,1,1,2,1,2,3,5,53,1,1,1,98,0,0
27,270051,1,1,2,20,3,1,41,8,0,1,1,27,2,20,421,20421,15,1992,1GNEK18K9NJ3,1,G,N,E,K,1,8,K,9,N,J,3,0,T,CHEV,K1B,S2,92,17,,2,0,1115,K15,G,,0,0,000000000,00000000000,0,0,0,1,0,0,0,0,0,0,0,48,0,0,0,14,14,9,1,8,0,0,0,1,27,55442,6,1,0,0,3,0,67,145,2,1,1,1,0,2,2008,3,2010,0,38,0,0,0,2,2,35,1,1,2,1,0,0,1,80,1,1,1,13,0,0
27,270052,1,1,2,21,3,3,33,1,0,1,0,27,1,22,20,22020,4,2004,2G2WS5220411,2,G,2,W,S,5,2,2,0,4,1,1,0,P,PONT,GP2,4D,4,17,3484,,0,1105,,G,,0,0,000000000,00000000000,0,0,0,1,0,0,0,0,0,0,0,68,0,2,3,0,0,6,2,1,0,0,0,1,27,55118,6,1,0,0,3,0,72,228,0,0,0,0,0,0,0,0,0,0,0,0,0,0,2,2,70,1,1,2,1,0,0,1,12,7,1,4,6,1,0
27,270053,1,1,2,22,3,1,49,1,0,1,0,27,1,20,481,20481,31,1996,1GCEK19R1TE1,1,G,C,E,K,1,9,R,1,T,E,1,0,T,CHEV,GK1,PC,96,17,,2,1555,1415,GM4,G,,0,0,000000000,00000000000,0,0,0,1,0,0,0,0,0,0,0,998,0,1,5,0,0,6,2,1,0,0,0,1,27,55975,6,1,0,0,3,0,73,160,0,3,0,0,1,5,2007,9,2009,1,58,0,0,0,1,2,55,3,6,2,1,0,0,14,12,6,1,4,6,1,1
27,270054,1,2,1,22,3,17,28,12,1,1,0,27,3,84,881,84881,62,2010,1HTMYSKL3AH2,1,H,T,M,Y,S,K,L,3,A,H,2,0,T,INTL,3LP,CC,10,17,,6,0,0,40S,D,,0,57,50504,5750504,2,1,1,1,0,0,0,0,0,0,0,20,0,0,0,6,6,4,1,12,0,0,0,1,27,56472,6,1,0,0,2,0,72,190,0,0,0,0,0,0,0,0,0,0,0,0,0,0,2,2,45,1,1,2,1,2,3,11,60,1,1,1,26,0,0
27,270054,2,2,1,22,3,17,28,12,1,1,0,27,2,20,421,20421,15,2000,999999999999,9,9,9,9,9,9,9,9,9,9,9,9,0,U,,,,9,17,,,,,,,,0,0,000000000,00000000000,0,0,0,1,0,0,0,0,0,0,0,60,0,0,0,12,12,6,2,12,0,0,0,1,27,56401,6,1,0,0,3,0,72,220,0,0,0,0,0,0,0,0,0,1,28,0,0,0,2,2,45,1,1,2,1,2,3,1,10,1,1,2,24,1,0
27,270055,1,1,44,22,3,15,20,8,0,1,0,27,3,23,981,23981,50,2000,1GDL7T1C8YJ5,1,G,D,L,7,T,1,C,8,Y,J,5,0,T,GMC,B7T,BU,0,17,,7,2737,1567,BSR,D,,0,88,888888888,88888888888,3,21,22,1,0,0,0,0,1,0,0,998,0,0,0,14,14,0,1,8,0,0,0,1,27,56472,6,1,6,1,3,0,66,160,0,0,0,0,0,0,0,0,0,0,0,0,0,0,1,2,55,1,3,2,1,0,0,4,80,1,1,1,13,0,0
27,270056,1,1,1,27,3,16,43,35,0,1,0,27,1,2,404,2404,14,1997,1J4GZ58S3VC5,1,J,4,G,Z,5,8,S,3,V,C,5,0,T,JEEP,LRT,4W,97,17,,1,0,1059,GCK,G,,0,0,000000000,00000000000,0,0,0,1,0,0,0,0,0,0,0,999,0,1,6,12,99,6,2,1,0,0,0,1,27,55390,6,1,0,0,3,0,75,160,2,2,0,0,0,7,2007,3,2010,1,0,0,0,0,1,2,55,3,1,2,1,0,0,14,13,1,1,4,1,1,1
27,270057,1,1,1,21,3,7,20,59,0,1,0,27,2,21,21,21021,2,1999,1G3NF12E7XC4,1,G,3,N,F,1,2,E,7,X,C,4,0,P,OLDS,AGS,CP,99,17,2968,,0,1070,,G,,0,0,000000000,00000000000,0,0,0,1,0,0,0,0,0,0,0,999,0,0,0,12,12,6,2,35,0,0,0,1,27,56011,6,1,0,0,3,0,64,119,1,0,0,0,0,3,2008,3,2008,9,99,99,99,99,1,2,55,3,1,2,1,0,0,14,13,1,1,4,1,1,1
27,270059,1,1,1,31,3,15,8,8,0,1,0,27,1,49,46,49046,5,2007,JTDKB20U9776,J,T,D,K,B,2,0,U,9,7,7,6,0,P,TOYT,PRI,4H,7,17,2932,,0,1063,,B,,0,0,000000000,00000000000,0,0,0,1,0,0,0,0,0,0,0,43,0,0,0,12,12,4,3,8,36,0,0,1,27,55362,6,1,0,0,3,0,70,155,0,0,0,1,0,6,2007,6,2007,0,0,0,0,0,1,4,40,1,6,2,2,0,0,1,80,4,1,1,13,0,0
27,270060,1,1,2,1,4,0,20,1,0,1,0,27,2,22,22,22022,2,2006,1G2ZH1588641,1,G,2,Z,H,1,5,8,8,6,4,1,0,P,PONT,GGT,CP,6,17,3428,,0,1123,,G,,0,0,000000000,00000000000,0,0,0,1,0,0,0,0,0,0,0,999,0,2,1,0,0,6,2,1,0,0,0,1,27,55072,1,1,0,0,2,0,67,190,0,1,0,0,0,8,2009,8,2009,1,92,0,0,0,1,2,55,1,2,4,1,0,0,1,5,7,9,2,98,1,1
27,270062,1,1,1,4,4,6,41,59,0,1,0,27,1,12,18,12018,3,1995,1ZVLT22B2S51,1,Z,V,L,T,2,2,B,2,S,5,1,0,P,FORD,PGT,2H,95,17,2921,,0,1028,,G,,0,0,000000000,00000000000,0,0,0,1,0,0,0,0,0,0,0,55,0,9,5,3,13,6,2,1,0,0,0,1,27,56701,2,1,0,0,2,0,72,180,0,4,1,0,0,5,2008,2,2010,0,58,0,0,0,1,2,55,3,5,2,1,0,0,14,13,8,9,4,1,1,1
27,270063,1,1,3,6,4,19,58,53,0,1,0,27,1,42,42,42042,4,1998,WDBHA29G2WF7,W,D,B,H,A,2,9,G,2,W,F,7,0,P,MERZ,C28,4D,98,17,3165,,0,1059,,G,,0,0,000000000,00000000000,0,0,0,1,0,0,0,0,0,0,0,55,0,1,5,1,99,6,2,1,0,0,0,1,27,56342,1,1,0,0,2,0,65,135,0,5,0,0,0,8,2007,3,2010,0,0,0,0,0,1,2,55,1,1,2,1,0,0,1,13,1,1,4,1,2,1
27,270065,1,1,2,11,4,15,46,41,0,1,0,42,3,51,47,51047,4,2009,YV1RH5925927,Y,V,1,R,H,5,9,2,5,9,2,7,0,P,VOLV,S6A,4D,9,17,3651,,0,1069,,G,,0,0,000000000,00000000000,0,0,0,1,0,0,0,0,0,0,0,38,0,0,0,12,12,6,2,42,0,0,0,1,35,87532,6,1,0,0,3,1,66,240,0,0,0,0,0,0,0,0,0,0,99,99,99,99,5,2,35,1,4,2,1,0,0,1,13,1,1,4,1,2,0
27,270066,1,1,1,10,4,23,34,8,0,1,0,27,1,12,13,12013,4,1997,1FALP13P7VW1,1,F,A,L,P,1,3,P,7,V,W,1,0,P,FORD,EST,4D,97,17,2503,,0,984,,G,,0,0,000000000,00000000000,0,0,0,1,0,0,0,0,0,0,0,55,0,0,0,12,1,4,3,8,0,0,0,1,27,55749,6,1,0,0,3,3,66,125,0,0,0,0,0,0,0,0,0,0,0,0,0,0,1,2,55,1,1,2,1,0,0,1,80,1,1,1,13,0,0
27,270067,1,1,1,10,4,13,30,3,0,1,0,27,2,12,401,12401,14,2000,1FMZU73E9YZA,1,F,M,Z,U,7,3,E,9,Y,Z,A,0,P,FORD,EPR,UT,0,17,4106,,0,1116,,G,,0,0,000000000,00000000000,0,0,0,1,0,0,0,0,0,0,0,999,0,0,0,0,0,6,2,3,0,0,0,1,27,55038,6,1,0,0,3,0,65,110,1,0,0,0,1,1,2009,1,2009,9,99,99,99,99,2,1,30,1,1,2,1,0,0,99,19,98,9,4,0,1,1
27,270068,1,2,1,11,4,20,45,12,1,1,0,27,1,21,23,21023,4,2002,1G3WH52H42F1,1,G,3,W,H,5,2,H,4,2,F,1,0,P,OLDS,IGX,4D,2,17,3434,,0,1090,,G,,0,0,000000000,00000000000,0,0,0,1,0,0,0,0,0,0,0,55,0,0,0,12,12,6,2,12,0,0,0,1,27,56721,6,1,0,0,3,1,62,170,0,0,0,0,0,0,0,0,0,0,0,0,0,0,1,2,55,1,1,2,2,0,0,1,51,1,1,2,24,1,0
27,270068,2,2,1,11,4,20,45,12,1,1,0,92,0,99,998,99998,92,9999,000000000000,0,0,0,0,0,0,0,0,0,0,0,0,1,U,,,,,17,,,,,,,,1,0,000000000,00000000000,0,0,0,1,0,0,0,0,0,0,0,17,0,0,0,6,6,2,1,12,0,0,0,1,27,56750,6,1,0,0,3,0,69,240,0,0,0,0,0,0,0,0,0,0,24,0,0,0,1,2,55,1,1,2,2,0,0,1,53,1,1,1,25,0,0
27,270069,1,3,1,12,4,6,27,12,7,1,0,27,1,22,18,22018,4,1999,1G2NW52E5XM8,1,G,2,N,W,5,2,E,5,X,M,8,0,P,PONT,GAG,4D,99,17,3168,,0,1071,,G,,0,0,000000000,00000000000,0,0,0,1,0,0,0,0,0,0,0,65,0,0,0,81,63,6,2,12,0,0,0,1,27,55437,6,1,6,0,3,0,75,215,0,0,0,0,0,0,0,0,0,0,28,0,0,0,2,2,65,1,1,1,1,0,0,6,11,1,1,2,44,1,0
27,270069,2,3,1,12,4,6,27,12,7,1,0,27,1,22,18,22018,4,2001,1G2NW52E11C2,1,G,2,N,W,5,2,E,1,1,C,2,0,P,PONT,GAG,4D,1,17,3168,,0,1070,,G,,0,0,000000000,00000000000,0,0,0,1,0,0,0,0,0,0,0,68,0,0,0,11,11,6,2,12,0,0,0,1,27,56379,6,1,0,0,3,1,64,250,0,0,0,0,0,0,0,0,0,0,0,0,0,0,2,2,65,1,1,2,1,0,0,1,62,4,1,1,98,0,0
27,270069,3,3,1,12,4,6,27,12,7,1,0,99,9,99,884,99884,66,9999,999999999999,9,9,9,9,9,9,9,9,9,9,9,9,1,U,,,,9,17,,,,,,,,1,99,999999999,99999999999,3,6,98,1,0,0,0,0,0,0,0,998,0,0,0,7,7,9,1,12,0,0,0,1,99,99999,9,9,99,9,9,9,999,999,99,99,99,99,99,99,9999,99,9999,9,99,99,99,99,2,2,65,1,1,1,1,0,0,1,60,1,1,1,45,0,0
27,270070,1,1,1,14,4,16,45,1,0,1,0,40,3,84,881,84881,66,2008,2HSCTAPR88C6,2,H,S,C,T,A,P,R,8,8,C,6,1,T,INTL,PRO,DS,8,17,,8,0,0,PRO,D,,1,57,146060,57146060,3,6,3,1,0,0,0,0,0,0,0,55,0,2,5,0,0,6,2,1,0,0,0,1,27,55124,6,1,6,0,3,0,70,165,0,0,0,0,0,0,0,0,0,0,0,0,0,0,1,2,55,1,1,2,1,0,0,1,11,6,1,4,1,1,0
27,270071,1,1,3,17,4,6,23,1,0,1,0,19,2,20,401,20401,14,1995,1GNDT13W1S21,1,G,N,D,T,1,3,W,1,S,2,1,0,P,CHEV,BZR,UT,95,17,4071,,0,1070,,G,,0,0,000000000,00000000000,0,0,0,1,0,0,0,0,0,0,0,999,0,9,1,0,0,6,2,1,0,0,1,1,27,55007,6,1,0,0,3,3,76,175,0,0,0,0,0,0,0,0,0,1,58,0,0,0,1,2,55,1,4,4,1,0,0,17,89,6,1,6,98,1,1
27,270072,1,2,1,17,4,12,5,12,6,1,0,27,1,73,706,73706,80,1989,JKAZXCB12KA0,J,K,A,Z,X,C,B,1,2,K,A,0,0,M,KAWK,ZXB,RS,89,17,,,,,,,1000,0,0,000000000,00000000000,0,0,0,1,0,0,0,0,0,0,0,35,0,0,0,12,12,6,2,12,0,0,0,1,27,55106,6,1,0,0,3,3,68,278,0,1,0,0,0,4,2010,4,2010,0,0,0,0,0,1,2,30,1,1,2,1,0,0,1,66,4,1,1,88,1,0