STATE,ST_CASE,VEH_NO,VE_FORMS,NUMOCCS,DAY,MONTH,HOUR,MINUTE,HARM_EV,MAN_COLL,UNITTYPE,HIT_RUN,REG_STAT,OWNER,MAKE,MODEL,MAK_MOD,BODY_TYP,MOD_YEAR,VIN,VIN_1,VIN_2,VIN_3,VIN_4,VIN_5,VIN_6,VIN_7,VIN_8,VIN_9,VIN_10,VIN_11,VIN_12,TOW_VEH,VINTYPE,VINMAKE,VINA_MOD,VIN_BT,VINMODYR,VIN_LNGT,VIN_WGT,WGTCD_TR,WHLBS_LG,WHLBS_SH,SER_TR,FUELCODE,MCYCL_DS,J_KNIFE,MCARR_I1,MCARR_I2,MCARR_ID,GVWR,V_CONFIG,CARGO_BT,HAZ_INV,HAZ_PLAC,HAZ_ID,HAZ_CNO,HAZ_REL,BUS_USE,SPEC_USE,EMER_USE,TRAV_SP,UNDERIDE,ROLLOVER,ROLINLOC,IMPACT1,IMPACT2,DEFORMED,TOWED,M_HARM,VEH_SC1,VEH_SC2,FIRE_EXP,DR_PRES,L_STATE,DR_ZIP,L_STATUS,L_TYPE,CDL_STAT,L_ENDORS,L_COMPL,L_RESTRI,DR_HGT,DR_WGT,PREV_ACC,PREV_SUS,PREV_DWI,PREV_SPD,PREV_OTH,FIRST_MO,FIRST_YR,LAST_MO,LAST_YR,SPEEDREL,DR_SF1,DR_SF2,DR_SF3,DR_SF4,VTRAFWAY,VNUM_LAN,VSPD_LIM,VALIGN,VPROFILE,VPAVETYP,VSURCOND,VTRAFCON,VTCONT_F,P_CRASH1,P_CRASH2,P_CRASH3,PCRASH4,PCRASH5,ACC_TYPE,DEATHS,DR_DRINK
27,270072,2,2,1,17,4,12,5,12,6,1,0,27,1,18,7,18007,4,2002,2G4WS52J0211,2,G,4,W,S,5,2,J,0,2,1,1,0,P,BUIC,CCU,4D,2,17,3368,,0,1090,,G,,0,0,000000000,00000000000,0,0,0,1,0,0,0,0,0,0,0,29,0,0,0,11,11,4,3,12,0,0,0,1,27,55106,6,1,0,0,3,1,61,119,0,0,0,0,0,0,0,0,0,0,38,0,0,0,1,2,30,1,1,2,1,20,3,4,17,2,1,1,89,0,0
27,270073,1,2,1,18,4,13,53,12,6,1,0,27,1,20,482,20482,31,2007,3GNFK12347G1,3,G,N,F,K,1,2,3,4,7,G,1,0,P,CHEV,AVL,UT,7,17,5664,,0,1300,,F,,0,0,000000000,00000000000,0,0,0,1,0,0,0,0,0,0,0,999,0,0,0,12,12,6,2,12,0,0,0,1,27,55372,6,1,0,0,3,3,72,195,0,0,0,0,0,0,0,0,0,0,28,0,0,0,1,2,55,3,3,2,1,0,0,14,10,1,1,2,64,1,1
27,270073,2,2,2,18,4,13,53,12,6,1,0,19,1,98,850,98850,65,2000,999999999999,9,9,9,9,9,9,9,9,9,9,9,9,0,U,,,,9,17,,,,,,,,0,0,000000000,00000000000,0,0,0,1,0,0,0,0,0,0,0,35,0,0,0,11,11,6,2,12,0,0,0,1,19,51340,6,1,6,0,3,1,71,195,0,0,0,0,0,0,0,0,0,0,0,0,0,0,1,2,55,2,3,2,1,0,0,14,62,9,1,2,65,0,0
27,270074,1,1,1,18,4,19,21,1,0,1,0,27,1,73,706,73706,80,2002,JKBVNAL182A0,J,K,B,V,N,A,L,1,8,2,A,0,0,M,KAWK,V5L,RS,2,17,,,,,,,1500,0,0,000000000,00000000000,0,0,0,1,0,0,0,0,0,0,0,75,0,0,0,0,0,6,2,1,0,0,0,1,27,56537,6,1,0,0,3,0,70,195,0,0,0,0,0,0,0,0,0,1,0,0,0,0,1,2,55,2,1,2,1,0,0,14,12,1,1,4,6,1,1
27,270075,1,1,2,18,4,18,41,1,0,1,0,27,1,72,706,72706,80,1999,1HD1BML1XXY0,1,H,D,1,B,M,L,1,X,X,Y,0,0,M,HD,FLF,RS,99,17,,,,,,,1340,0,0,000000000,00000000000,0,0,0,1,0,0,0,0,0,0,0,999,0,0,0,0,0,6,2,1,0,0,0,1,27,56334,6,1,0,0,3,0,70,180,0,0,0,0,0,0,0,0,0,1,0,0,0,0,1,2,30,2,6,2,1,0,0,14,6,9,4,4,7,1,0
27,270076,1,1,3,19,4,16,25,1,0,1,0,27,2,22,16,22016,2,2002,1G2JB1245272,1,G,2,J,B,1,2,4,5,2,7,2,0,P,PONT,SFS,CP,2,17,2606,,0,1041,,G,,0,0,000000000,00000000000,0,0,0,1,0,0,0,0,0,0,0,999,0,9,5,0,12,6,2,1,0,0,0,1,27,55987,6,7,0,0,3,0,74,220,0,0,0,0,0,0,0,0,0,0,58,0,0,0,1,2,55,2,1,2,1,0,0,14,13,8,4,4,2,1,0
27,270077,1,1,2,23,4,13,18,11,0,1,0,27,1,37,706,37706,80,1986,1HFSC1417GA2,1,H,F,S,C,1,4,1,7,G,A,2,0,M,HOND,G12,RS,86,17,,,,,,,1200,0,0,000000000,00000000000,0,0,0,1,0,0,0,0,0,0,0,55,0,0,0,12,12,6,2,11,0,0,0,1,27,56301,6,1,0,0,3,1,76,250,0,0,0,0,0,0,0,0,0,0,0,0,0,0,1,2,55,1,5,2,1,0,0,1,87,8,1,1,13,1,0
27,270078,1,2,4,23,4,15,20,12,7,1,0,27,2,20,481,20481,31,2001,1GCEC14W11Z1,1,G,C,E,C,1,4,W,1,1,Z,1,0,T,CHEV,SC1,PK,1,17,,2,1330,1190,SIL,G,,0,0,000000000,00000000000,0,0,0,1,0,0,0,0,0,0,0,66,0,9,5,99,99,6,2,1,0,0,0,1,27,55952,6,2,0,0,3,0,64,190,0,0,0,0,0,0,0,0,0,1,33,52,0,0,1,2,55,2,1,2,1,0,0,6,6,7,9,6,46,3,0
27,270078,2,2,2,23,4,15,20,12,7,1,0,27,2,23,481,23481,31,1999,2GTEK19T0X15,2,G,T,E,K,1,9,T,0,X,1,5,0,T,GMC,NK1,3C,99,17,,2,1575,1435,SIE,G,,0,0,000000000,00000000000,0,0,0,1,0,0,0,0,0,0,0,998,0,0,0,63,63,2,3,12,0,0,0,1,27,55910,6,1,0,0,3,0,74,190,0,0,0,0,0,0,0,0,0,0,0,0,0,0,1,2,55,2,1,2,1,0,0,14,60,1,1,1,45,0,0
27,270079,1,2,1,24,4,18,8,12,6,1,0,27,1,2,404,2404,14,1998,1J4GZ58S8WC3,1,J,4,G,Z,5,8,S,8,W,C,3,0,T,JEEP,LRT,4W,98,17,,1,0,1059,GCK,G,,0,0,000000000,00000000000,0,0,0,1,0,0,0,0,0,0,0,65,0,0,0,12,12,6,2,12,0,0,0,1,27,55448,6,1,0,0,3,1,73,195,0,0,0,0,0,0,0,0,0,0,0,0,0,0,2,2,65,1,1,2,2,0,0,1,66,4,1,1,88,0,0
27,270079,2,2,4,24,4,18,8,12,6,1,0,27,2,20,20,20020,4,1996,2G1WN52M1T91,2,G,1,W,N,5,2,M,1,T,9,1,0,P,CHEV,LLS,4D,96,17,3372,,0,1075,,G,,0,0,000000000,00000000000,0,0,0,1,0,0,0,0,0,0,0,999,0,0,0,9,9,6,2,12,0,0,0,1,27,56359,0,0,0,0,0,0,999,999,0,0,0,0,0,0,0,0,0,0,38,0,0,0,1,2,30,2,1,2,2,20,3,4,17,1,1,1,89,1,1
27,270080,1,1,1,25,4,20,40,21,0,1,0,27,1,37,39,37039,5,2009,JHMGE88449S0,J,H,M,G,E,8,8,4,4,9,S,0,0,P,HOND,FIS,4H,9,17,2520,,0,984,,G,,0,0,000000000,00000000000,0,0,0,1,0,0,0,0,0,0,0,998,0,0,0,12,11,6,2,21,0,0,0,1,27,55337,6,1,0,0,3,0,65,135,1,0,0,1,0,2,2008,4,2009,1,58,0,0,0,3,4,55,1,1,2,1,0,0,6,6,7,4,4,7,1,1
27,270081,1,3,2,26,4,12,19,12,6,1,0,27,3,98,809,98809,63,2002,2FWJA3AS32AJ,2,F,W,J,A,3,A,S,3,2,A,J,1,T,STRG,AT9,DS,2,17,,8,0,0,STE,D,,1,57,1066211,571066211,3,4,1,1,0,0,0,0,0,0,0,55,0,0,0,12,12,6,2,12,0,0,0,1,27,55057,6,1,6,0,3,3,71,210,0,0,0,0,0,0,0,0,0,0,0,0,0,0,1,2,55,1,1,2,1,0,0,1,64,4,1,1,98,0,0
27,270081,2,3,3,26,4,12,19,12,6,1,0,27,2,63,401,63401,14,2000,KNDJA7233Y56,K,N,D,J,A,7,2,3,3,Y,5,6,1,P,KIA,SPO,UT,0,17,3352,,0,1043,,G,,1,0,000000000,00000000000,0,0,0,1,0,0,0,0,0,0,0,999,0,1,9,3,3,6,2,12,0,0,0,1,27,55033,6,1,0,0,3,0,66,130,0,0,0,0,0,0,0,0,0,0,48,38,0,0,1,2,55,1,1,2,1,0,0,12,15,8,1,6,98,3,0
27,270081,3,3,1,26,4,12,19,12,6,1,0,27,1,19,14,19014,4,2002,1G6KY54932U1,1,G,6,K,Y,5,4,9,3,2,U,1,0,P,CADI,STS,4D,2,17,3992,,0,1122,,G,,0,0,000000000,00000000000,0,0,0,1,0,0,0,0,0,0,0,0,0,0,0,1,1,2,1,12,0,0,0,1,27,55010,6,1,6,0,3,3,74,265,0,0,0,0,0,0,0,0,0,0,0,0,0,0,1,2,55,1,1,2,1,0,0,5,62,1,1,1,98,0,0
27,270082,1,2,1,26,4,16,38,12,1,1,0,27,3,84,881,84881,66,2009,2HSCEAPR99C0,2,H,S,C,E,A,P,R,9,9,C,0,1,T,INTL,92I,DS,9,17,,8,0,0,920,D,,1,57,1067164,571067164,3,6,1,2,2,1866,3,1,0,0,0,0,0,0,0,6,6,2,1,12,0,0,0,1,27,55433,6,1,6,1,3,0,67,175,0,0,0,0,0,0,0,0,0,0,0,0,0,0,2,2,50,1,1,3,1,65,3,5,53,1,1,1,21,0,0
27,270082,2,2,1,26,4,16,38,12,1,1,0,27,2,7,442,7442,20,2000,1B4GP44G3YB6,1,B,4,G,P,4,4,G,3,Y,B,6,0,P,DODG,CAR,SV,0,17,3863,,0,1193,,F,,0,0,000000000,00000000000,0,0,0,1,0,0,0,0,0,0,0,999,0,0,0,12,12,6,2,12,0,0,0,1,27,56592,6,1,0,0,3,1,65,170,1,2,0,0,0,5,2008,4,2010,0,0,0,0,0,2,2,50,1,1,2,1,65,3,1,50,7,1,4,20,1,0
27,270083,1,1,2,27,4,16,36,8,0,1,0,19,1,85,881,85881,63,1984,1XKWD29X7ES3,1,X,K,W,D,2,9,X,7,E,S,3,0,T,KW,W90,DS,84,17,,8,2600,1600,CON,D,,0,57,725831,57725831,3,2,3,1,0,0,0,0,0,0,0,10,0,0,0,5,5,0,1,8,42,0,0,1,19,50477,6,1,6,0,3,1,69,255,0,0,0,0,0,0,0,0,0,0,0,0,0,0,2,2,70,1,1,1,1,0,0,13,80,1,1,1,98,0,0
27,270084,1,2,1,21,1,14,0,12,6,1,0,27,2,20,481,20481,31,1991,2GCEK19K4M11,2,G,C,E,K,1,9,K,4,M,1,1,0,T,CHEV,GK1,PC,91,17,,2,1555,1415,GM4,G,,0,0,000000000,00000000000,0,0,0,1,0,0,0,0,0,0,0,998,0,0,0,12,12,2,3,12,0,0,0,1,27,55060,6,1,6,0,3,0,76,260,0,1,1,1,0,8,2007,12,2007,0,87,0,0,0,1,2,55,1,2,4,4,0,0,1,98,4,2,1,86,0,0
27,270084,2,2,1,21,1,14,0,12,6,1,0,0,0,99,998,99998,91,1976,000000000000,0,0,0,0,0,0,0,0,0,0,0,0,0,U,,,,,17,,,,,,,,0,0,000000000,00000000000,0,0,0,1,0,0,0,0,0,0,0,998,0,0,0,81,81,6,2,12,0,0,0,1,27,55060,6,1,0,0,3,0,69,179,1,0,0,1,1,9,2007,8,2009,0,38,0,0,0,0,0,0,0,0,0,0,0,0,98,98,1,1,7,87,1,0
27,270085,1,1,1,18,4,11,45,35,0,1,0,46,2,49,43,49043,4,1997,4T1BF12BXVU2,4,T,1,B,F,1,2,B,X,V,U,2,0,P,TOYT,UVS,4D,97,17,3263,,0,1071,,G,,0,0,000000000,00000000000,0,0,0,1,0,0,0,0,0,0,0,999,0,0,0,12,12,6,2,42,0,0,1,1,27,55808,6,1,0,0,3,0,63,260,0,0,0,0,0,0,0,0,0,1,34,0,0,0,2,2,65,1,1,2,1,0,0,6,13,1,1,4,1,1,0
27,270086,1,2,2,24,4,12,29,12,6,1,0,27,1,49,40,49040,4,1997,JT2BG22K6V00,J,T,2,B,G,2,2,K,6,V,0,0,0,P,TOYT,XLL,4D,97,17,3086,,0,1051,,G,,0,0,000000000,00000000000,0,0,0,1,0,0,0,0,0,0,0,999,0,0,0,11,11,6,2,12,0,0,0,1,27,55011,6,1,0,0,3,0,65,141,0,0,0,0,0,0,0,0,0,0,38,0,0,0,1,2,55,1,1,2,2,20,3,10,16,1,1,2,78,1,0
27,270086,2,2,2,24,4,12,29,12,6,1,0,27,1,22,20,22020,4,2007,2G2WP5528712,2,G,2,W,P,5,5,2,8,7,1,2,0,P,PONT,GRA,4D,7,17,3477,,0,1105,,G,,0,0,000000000,00000000000,0,0,0,1,0,0,0,0,0,0,0,55,0,0,0,12,12,6,2,12,0,0,0,1,27,55371,6,1,0,0,3,1,62,150,0,0,0,0,0,0,0,0,0,0,0,0,0,0,1,2,55,1,1,2,2,0,0,1,65,1,1,1,79,0,0
27,270087,1,1,1,28,4,6,5,1,0,1,0,27,3,86,881,86881,66,1996,1M1AA13Y2TW0,1,M,1,A,A,1,3,Y,2,T,W,0,1,T,MACK,CH6,DS,96,17,,8,0,0,600,D,,1,57,1512272,571512272,3,6,8,1,0,0,0,0,0,0,0,998,0,1,5,0,0,6,8,1,0,0,0,1,27,55395,6,1,6,0,3,0,69,130,0,0,0,0,0,0,0,0,0,0,0,0,0,0,1,2,55,1,1,2,1,0,0,1,13,8,1,4,1,1,1
27,270088,1,2,1,28,4,11,28,12,2,1,0,27,3,12,881,12881,63,1993,1FDZA99R4PVA,1,F,D,Z,A,9,9,R,4,P,V,A,0,T,FORD,9LT,TM,93,17,,8,0,0,COL,D,,0,57,248186,57248186,3,2,1,1,0,0,0,0,0,0,0,51,0,0,0,12,12,6,2,12,0,0,0,1,27,56549,6,1,6,0,3,0,72,200,0,0,0,0,0,0,0,0,0,0,0,0,0,0,1,2,55,1,1,2,1,0,0,1,62,1,1,1,51,0,0
27,270088,2,2,1,28,4,11,28,12,2,1,0,27,3,6,51,6051,4,2006,2C3LA63H26H4,2,C,3,L,A,6,3,H,2,6,H,4,0,P,CHRY,30C,4D,6,17,3980,,0,1200,,G,,0,0,000000000,00000000000,0,0,0,1,0,0,0,0,0,0,0,999,0,0,0,12,12,6,2,12,0,0,0,1,27,56580,6,1,0,0,3,0,73,215,0,0,0,0,0,0,0,0,0,0,28,0,0,0,1,2,55,1,1,2,1,0,0,1,10,1,1,2,50,1,0
27,270089,1,3,1,29,4,7,20,12,8,1,0,27,3,82,881,82881,66,1996,1FUYDCYB6TH6,1,F,U,Y,D,C,Y,B,6,T,H,6,1,T,FRHT,FLD,DS,96,17,,8,0,0,CON,D,,1,57,1885372,571885372,3,6,3,1,0,0,0,0,0,0,0,999,0,0,0,12,12,6,2,12,0,0,1,1,27,55425,6,1,6,0,3,1,70,215,0,0,0,0,0,0,0,0,0,0,28,0,0,0,1,2,60,1,5,2,1,0,0,1,10,7,1,1,64,1,1
27,270089,2,3,1,29,4,7,20,12,8,1,0,18,3,98,809,98809,66,2003,2FWBA2CG73AK,2,F,W,B,A,2,C,G,7,3,A,K,2,T,STRG,A90,DS,3,17,,7,0,0,STE,D,,1,57,241829,57241829,3,7,1,1,0,0,0,0,0,0,0,60,0,1,5,11,11,4,3,12,0,0,0,1,27,55082,6,1,6,0,3,0,72,220,0,0,0,0,0,0,0,0,0,0,0,0,0,0,1,2,60,1,6,2,1,0,0,1,54,7,1,4,65,0,0
27,270089,3,3,2,29,4,7,20,12,8,1,0,27,1,49,40,49040,2,2006,4T1CE38PX6U6,4,T,1,C,E,3,8,P,X,6,U,6,0,P,TOYT,CEE,CP,6,17,3175,,0,1051,,G,,0,0,000000000,00000000000,0,0,0,1,0,0,0,0,0,0,0,0,0,0,0,10,10,6,2,12,0,0,0,1,27,56228,6,1,0,0,3,1,59,124,0,0,0,0,0,0,0,0,0,0,0,0,0,0,0,0,0,0,0,0,0,0,0,5,98,1,1,1,98,1,0
27,270090,1,1,1,30,4,23,27,42,0,1,0,27,2,18,7,18007,4,2002,2G4WS52J9211,2,G,4,W,S,5,2,J,9,2,1,1,0,P,BUIC,CCU,4D,2,17,3368,,0,1090,,G,,0,0,000000000,00000000000,0,0,0,1,0,0,0,0,0,0,0,999,0,0,0,5,5,6,2,42,0,0,0,1,27,56001,6,1,0,0,3,3,71,175,1,2,0,0,1,11,2007,7,2008,9,0,0,0,0,1,2,55,2,1,2,1,0,0,14,13,6,4,4,7,1,1
27,270091,1,2,2,30,4,9,14,12,1,1,0,17,3,84,883,84883,66,1998,1HSRSAMR0WH5,1,H,S,R,S,A,M,R,0,W,H,5,1,T,INTL,98S,TL,98,17,,8,1950,1460,90S,D,,1,57,537522,57537522,3,6,1,1,0,0,0,0,0,0,0,10,0,0,0,6,6,4,1,12,0,0,0,1,5,72653,6,1,6,0,3,0,72,180,0,0,0,0,2,8,2009,12,2009,0,0,0,0,0,2,2,55,1,1,2,2,40,3,2,53,1,1,1,25,0,0
27,270091,2,2,1,30,4,9,14,12,1,1,0,27,1,24,1,24001,4,1994,1G8ZJ5571RZ3,1,G,8,Z,J,5,5,7,1,R,Z,3,0,P,STRN,SL2,4D,94,17,2308,,0,1024,,G,,0,0,000000000,00000000000,0,0,0,1,0,0,0,0,0,0,0,999,0,0,0,12,12,6,2,12,0,0,0,1,27,55106,6,1,0,0,3,1,65,125,0,0,0,0,0,0,0,0,0,1,0,0,0,0,2,2,55,1,1,2,2,40,3,1,52,7,1,1,24,1,0
27,270092,1,1,1,17,4,20,12,1,0,1,0,0,0,37,734,37734,90,2003,000000000000,0,0,0,0,0,0,0,0,0,0,0,0,0,U,,,,,17,,,,,,,,0,0,000000000,00000000000,0,0,0,1,0,0,0,0,0,0,0,28,0,2,5,0,0,9,9,1,0,0,0,1,27,56567,6,1,0,0,3,3,70,295,0,0,0,0,0,0,0,0,0,0,0,0,0,0,1,2,99,1,8,4,1,0,0,1,12,1,1,4,6,1,1
27,270093,1,1,5,1,5,5,56,35,0,1,0,27,2,20,2,20002,4,2004,2G1WP5519493,2,G,1,W,P,5,5,1,9,4,9,3,0,P,CHEV,ISC,4D,4,17,3466,,0,1105,,G,,0,0,000000000,00000000000,0,0,0,1,0,0,0,0,0,0,0,999,0,1,6,12,99,6,2,1,0,0,0,1,31,68364,1,1,0,0,2,0,72,145,0,1,0,0,1,10,2007,9,2009,1,58,51,0,0,1,2,55,1,1,2,1,0,0,1,12,7,3,4,2,1,1
27,270094,1,2,1,1,5,9,28,12,6,1,0,27,1,12,481,12481,31,2009,1FTPW14V09FA,1,F,T,P,W,1,4,V,0,9,F,A,0,T,FORD,F1S,CW,9,17,,2,1570,1450,COF,F,,0,0,000000000,00000000000,0,0,0,1,0,0,0,0,0,0,0,998,0,1,1,12,11,6,2,12,0,0,0,1,27,56303,6,1,0,0,3,0,70,180,0,0,0,1,0,9,2008,9,2008,9,99,99,99,99,2,2,30,1,1,2,1,2,3,3,10,1,1,2,83,0,0
27,270094,2,2,1,1,5,9,28,12,6,1,0,27,1,20,36,20036,2,2000,2G1WX12K1Y92,2,G,1,W,X,1,2,K,1,Y,9,2,0,P,CHEV,MSS,CP,0,17,3391,,0,1075,,G,,0,0,000000000,00000000000,0,0,0,1,0,0,0,0,0,0,0,998,0,0,0,9,9,6,2,12,0,0,0,1,27,56218,6,1,0,0,3,0,67,125,0,0,0,0,0,0,0,0,0,0,0,0,0,0,1,2,35,1,1,2,1,2,3,11,62,1,1,1,82,1,0
27,270095,1,1,1,2,5,13,31,8,0,1,0,27,2,49,40,49040,4,1998,4T1BG22K0WU2,4,T,1,B,G,2,2,K,0,W,U,2,0,P,TOYT,CXL,4D,98,17,2998,,0,1051,,G,,0,0,000000000,00000000000,0,0,0,1,0,0,0,0,0,0,0,50,0,0,0,12,12,2,3,8,0,0,0,1,27,55413,6,1,0,0,3,0,61,150,0,0,0,0,1,7,2009,7,2009,0,0,0,0,0,2,2,50,1,1,2,1,2,3,1,80,98,1,1,13,0,0
27,270096,1,2,5,25,4,2,14,12,2,1,0,27,2,22,18,22018,4,1998,1G2NW52M6WC7,1,G,2,N,W,5,2,M,6,W,C,7,0,P,PONT,GAG,4D,98,17,2987,,0,1034,,G,,0,0,000000000,00000000000,0,0,0,1,0,0,0,0,0,0,0,999,0,0,0,12,1,6,2,12,0,0,0,1,27,55040,6,2,0,0,3,2,65,115,0,0,0,0,0,0,0,0,0,0,73,0,0,0,1,2,55,1,1,2,2,0,0,1,54,98,1,2,51,4,0
27,270096,2,2,2,25,4,2,14,12,2,1,0,27,2,21,401,21401,14,2000,1GHDT13W7Y22,1,G,H,D,T,1,3,W,7,Y,2,2,0,P,OLDS,BRA,UT,0,17,4068,,0,1070,,G,,0,0,000000000,00000000000,0,0,0,1,0,0,0,0,0,0,0,999,0,0,0,12,1,6,2,2,0,0,1,1,27,55072,2,1,0,0,2,0,72,132,0,4,0,0,0,4,2007,6,2009,0,28,0,0,0,1,2,55,1,1,2,2,0,0,1,10,98,1,1,50,2,1
27,270097,1,4,2,3,5,6,20,12,6,1,0,27,2,34,35,34035,4,1992,WBAHD6316NBJ,W,B,A,H,D,6,3,1,6,N,B,J,0,P,BMW,A52,4D,92,17,3440,,0,1087,,G,,0,0,000000000,00000000000,0,0,0,1,0,0,0,0,0,0,0,66,0,0,0,12,12,6,2,12,0,0,0,1,27,55119,6,1,0,0,3,0,82,280,0,0,0,0,0,0,0,0,0,1,27,0,0,0,2,2,60,1,1,2,1,0,0,15,8,99,4,2,47,0,0
27,270097,2,4,1,3,5,6,20,12,6,1,0,27,1,49,471,49471,30,1990,JT4VN13G7L50,J,T,4,V,N,1,3,G,7,L,5,0,0,T,TOYT,EL5,PC,90,17,,1,0,1215,HTP,G,,0,0,000000000,00000000000,0,0,0,1,0,0,0,0,0,0,0,58,0,0,0,1,12,6,2,12,0,0,0,1,27,55055,6,1,0,0,3,0,59,180,0,0,0,0,0,0,0,0,0,0,0,0,0,0,2,2,60,1,1,2,1,0,0,1,61,1,1,1,45,0,0
27,270097,3,4,1,3,5,6,20,12,6,1,0,27,2,24,1,24001,4,1996,1G8ZJ5277TZ3,1,G,8,Z,J,5,2,7,7,T,Z,3,0,P,STRN,SL2,4D,96,17,2320,,0,1024,,G,,0,0,000000000,00000000000,0,0,0,1,0,0,0,0,0,0,0,56,0,0,0,12,99,6,2,12,0,0,0,1,27,55041,6,1,0,0,3,0,78,240,0,0,0,0,0,0,0,0,0,0,0,0,0,0,2,2,60,1,1,2,1,0,0,1,62,1,1,1,98,1,0
27,270097,4,4,1,3,5,6,20,12,6,1,0,27,3,98,809,98809,66,2005,2FWJA3DE55AU,2,F,W,J,A,3,D,E,5,5,A,U,1,T,STRG,AT9,DS,5,17,,8,0,0,STE,D,,1,57,532973,57532973,3,6,1,1,0,0,0,0,0,0,0,46,0,0,0,12,12,4,1,12,0,0,0,1,27,55033,6,1,6,0,3,0,71,200,0,0,0,1,0,10,2007,10,2007,0,0,0,0,0,2,2,60,1,1,2,1,0,0,1,63,4,1,2,98,0,0
27,270098,1,1,1,3,5,13,39,8,0,1,0,27,2,24,9,24009,4,2007,1G8ZS57N27F1,1,G,8,Z,S,5,7,N,2,7,F,1,0,P,STRN,AXE,4D,7,17,3528,,0,1123,,G,,0,0,000000000,00000000000,0,0,0,1,0,0,0,0,0,0,0,999,0,0,0,12,12,6,2,8,0,0,0,1,27,56514,6,2,0,0,3,0,65,130,0,0,0,1,1,5,2009,6,2009,1,0,0,0,0,1,2,30,1,6,2,1,0,0,1,12,1,1,4,6,0,0
27,270100,1,2,2,7,5,9,21,12,6,1,0,27,1,18,3,18003,4,2005,1G4CW54K2541,1,G,4,C,W,5,4,K,2,5,4,1,0,P,BUIC,PKA,4D,5,17,3778,,0,1138,,G,,0,0,000000000,00000000000,0,0,0,1,0,0,0,0,0,0,0,40,0,0,0,2,2,6,2,12,0,0,0,1,27,55336,6,1,0,0,3,1,60,150,0,0,0,0,0,0,0,0,0,0,0,0,0,0,1,2,98,1,1,2,2,0,0,1,66,1,1,1,87,1,0
27,270100,2,2,2,7,5,9,21,12,6,1,0,27,1,23,481,23481,31,2007,1GTEK14C57Z5,1,G,T,E,K,1,4,C,5,7,Z,5,0,T,GMC,NK1,PK,7,17,,2,1330,1190,SIE,G,,0,0,000000000,00000000000,0,0,0,1,0,0,0,0,0,0,0,48,0,0,0,12,12,6,2,12,0,0,0,1,27,56368,6,1,0,0,3,3,67,160,0,0,0,0,0,0,0,0,0,0,39,0,0,0,1,2,55,1,1,2,2,20,3,1,17,4,1,1,86,0,0
27,270101,1,1,3,7,5,19,17,30,0,1,0,27,1,22,9,22009,3,2000,2G2FV22GXY21,2,G,2,F,V,2,2,G,X,Y,2,1,0,P,PONT,FTA,2H,0,17,3441,,0,1011,,G,,0,0,000000000,00000000000,0,0,0,1,0,0,0,0,0,0,0,36,0,0,0,6,6,6,2,30,0,0,0,1,27,56377,6,1,0,0,3,1,71,190,1,1,0,1,1,8,2007,4,2008,1,91,0,0,0,2,2,40,3,1,2,2,0,0,14,6,8,4,4,7,1,1
27,270102,1,2,1,7,5,19,29,12,8,1,0,27,1,2,404,2404,14,2004,1J4GW48SX4C3,1,J,4,G,W,4,8,S,X,4,C,3,0,T,JEEP,LCF,4W,4,17,,1,0,1059,GCK,G,,0,0,000000000,00000000000,0,0,0,1,0,0,0,0,0,0,0,999,0,0,0,7,7,4,1,12,0,0,0,1,27,56660,6,1,6,0,3,1,72,200,0,0,0,0,0,0,0,0,0,0,0,0,0,0,1,2,60,1,5,2,10,0,0,98,62,1,1,4,65,0,0
27,270102,2,2,3,7,5,19,29,12,8,1,0,27,3,12,461,12461,29,1999,999999999999,9,9,9,9,9,9,9,9,9,9,9,9,0,U,,,,9,17,,,,,,,,0,0,000000000,00000000000,0,0,0,1,0,0,0,0,0,6,1,999,0,1,5,11,61,6,2,24,0,0,0,1,27,56636,6,1,0,0,3,1,64,200,0,0,0,1,0,2,2010,2,2010,0,87,0,0,0,1,2,60,1,6,2,10,0,0,1,5,9,4,4,64,1,0
27,270103,1,1,1,9,5,18,6,1,0,1,0,27,1,48,45,48045,6,2007,4S4BP62C2773,4,S,4,B,P,6,2,C,2,7,7,3,0,P,SUBA,LOL,SW,7,17,3430,,0,1051,,G,,0,0,000000000,00000000000,0,0,0,1,0,0,0,0,0,0,0,55,0,2,5,0,12,6,2,1,0,0,0,1,27,55718,6,1,0,0,3,3,72,220,0,0,0,0,0,0,0,0,0,0,58,0,0,0,1,2,55,3,3,2,1,0,0,14,13,8,4,4,7,1,1
27,270104,1,1,1,8,5,5,45,30,0,1,0,27,1,14,37,14037,4,1995,1MELM6531SK6,1,M,E,L,M,6,5,3,1,S,K,6,0,P,MERC,MGS,4D,95,17,2824,,0,1065,,G,,0,0,000000000,00000000000,0,0,0,1,0,0,0,0,0,0,0,56,0,1,5,12,12,6,2,1,0,0,0,1,27,56292,6,1,0,0,3,1,75,155,0,1,1,0,0,3,2010,4,2010,0,58,0,0,0,1,2,55,1,1,2,1,0,0,1,13,6,1,4,1,1,1