STATE,ST_CASE,VEH_NO,VE_FORMS,NUMOCCS,DAY,MONTH,HOUR,MINUTE,HARM_EV,MAN_COLL,UNITTYPE,HIT_RUN,REG_STAT,OWNER,MAKE,MODEL,MAK_MOD,BODY_TYP,MOD_YEAR,VIN,VIN_1,VIN_2,VIN_3,VIN_4,VIN_5,VIN_6,VIN_7,VIN_8,VIN_9,VIN_10,VIN_11,VIN_12,TOW_VEH,VINTYPE,VINMAKE,VINA_MOD,VIN_BT,VINMODYR,VIN_LNGT,VIN_WGT,WGTCD_TR,WHLBS_LG,WHLBS_SH,SER_TR,FUELCODE,MCYCL_DS,J_KNIFE,MCARR_I1,MCARR_I2,MCARR_ID,GVWR,V_CONFIG,CARGO_BT,HAZ_INV,HAZ_PLAC,HAZ_ID,HAZ_CNO,HAZ_REL,BUS_USE,SPEC_USE,EMER_USE,TRAV_SP,UNDERIDE,ROLLOVER,ROLINLOC,IMPACT1,IMPACT2,DEFORMED,TOWED,M_HARM,VEH_SC1,VEH_SC2,FIRE_EXP,DR_PRES,L_STATE,DR_ZIP,L_STATUS,L_TYPE,CDL_STAT,L_ENDORS,L_COMPL,L_RESTRI,DR_HGT,DR_WGT,PREV_ACC,PREV_SUS,PREV_DWI,PREV_SPD,PREV_OTH,FIRST_MO,FIRST_YR,LAST_MO,LAST_YR,SPEEDREL,DR_SF1,DR_SF2,DR_SF3,DR_SF4,VTRAFWAY,VNUM_LAN,VSPD_LIM,VALIGN,VPROFILE,VPAVETYP,VSURCOND,VTRAFCON,VTCONT_F,P_CRASH1,P_CRASH2,P_CRASH3,PCRASH4,PCRASH5,ACC_TYPE,DEATHS,DR_DRINK
27,270143,1,1,1,7,6,15,36,14,0,1,0,27,1,2,404,2404,14,1999,1J4FF68S7XL5,1,J,4,F,F,6,8,S,7,X,L,5,0,T,JEEP,SPC,4W,99,17,,1,0,1014,CHK,G,,0,0,000000000,00000000000,0,0,0,1,0,0,0,0,0,0,0,999,0,1,1,12,12,6,2,14,0,0,0,1,27,55426,6,1,0,0,3,1,70,180,0,0,0,0,0,0,0,0,0,1,0,0,0,0,1,2,30,1,6,2,1,0,0,1,11,1,1,4,11,1,1
27,270144,1,2,1,14,6,15,35,12,6,1,0,27,3,82,881,82881,63,2007,1FVMCYDA47HW,1,F,V,M,C,Y,D,A,4,7,H,W,0,T,FRHT,16M,TM,7,17,,8,0,0,FM2,D,,0,57,590204,57590204,3,1,2,1,0,0,0,0,0,0,0,58,0,0,0,1,1,2,1,12,0,0,0,1,27,56024,6,1,6,0,3,0,71,145,0,0,0,0,0,0,0,0,0,0,0,0,0,0,1,2,55,1,1,2,1,0,0,1,71,8,1,1,98,0,0
27,270144,2,2,1,14,6,15,35,12,6,1,0,0,0,53,739,53739,90,1993,000000000000,0,0,0,0,0,0,0,0,0,0,0,0,0,U,,,,,17,,,,,,,,0,0,000000000,00000000000,0,0,0,1,0,0,0,0,0,0,0,10,0,0,0,83,81,6,2,12,0,0,0,1,27,56072,0,0,0,0,1,0,999,999,0,0,0,0,0,0,0,0,0,0,52,0,0,0,8,8,98,1,8,8,1,0,0,13,17,1,1,1,98,1,0
27,270145,1,1,1,17,6,11,12,35,0,1,0,27,1,12,401,12401,14,1996,1FMDU34X6TZB,1,F,M,D,U,3,4,X,6,T,Z,B,0,P,FORD,EPR,UT,96,17,4189,,0,1115,,G,,0,0,000000000,00000000000,0,0,0,1,0,0,0,0,0,0,0,47,0,1,5,1,82,6,2,1,0,0,0,1,27,56001,6,1,0,0,3,1,72,240,0,0,0,0,0,0,0,0,0,9,99,99,99,99,1,2,55,2,6,2,1,0,0,14,9,8,9,4,2,1,0
27,270146,1,5,1,17,6,12,57,12,6,1,0,27,1,35,39,35039,4,2000,JN1CA31AXYT0,J,N,1,C,A,3,1,A,X,Y,T,0,0,P,NISS,MGS,4D,0,17,3071,,0,1083,,G,,0,0,000000000,00000000000,0,0,0,1,0,0,0,0,0,0,0,998,0,0,0,82,82,6,2,12,0,0,0,1,27,55124,6,1,0,0,3,1,63,101,0,0,0,0,0,0,0,0,0,0,39,0,0,0,2,2,98,1,1,2,1,2,3,1,17,1,1,1,87,1,0
27,270146,2,5,1,17,6,12,57,12,6,1,0,27,2,98,809,98809,63,2000,2FZXKMCB3YAB,2,F,Z,X,K,M,C,B,3,Y,A,B,0,T,STRG,T93,TM,0,17,,8,2440,1480,STE,D,,0,57,1061148,571061148,3,2,7,1,0,0,0,0,0,0,0,998,0,0,0,12,12,4,1,12,0,0,0,1,27,55025,6,1,6,0,3,1,74,190,0,0,0,1,0,7,2009,7,2009,0,0,0,0,0,2,2,45,1,1,2,1,2,3,1,66,4,1,1,86,0,0
27,270146,3,5,1,17,6,12,57,12,6,1,0,27,1,63,32,63032,4,2006,KNADE1235660,K,N,A,D,E,1,2,3,5,6,6,0,0,P,KIA,RIO,4D,6,17,2365,,0,984,,G,,0,0,000000000,00000000000,0,0,0,1,0,0,0,0,0,0,0,0,0,0,0,12,12,4,3,12,0,0,0,1,27,55422,6,1,0,0,3,0,67,170,0,0,0,0,0,0,0,0,0,0,0,0,0,0,2,2,98,1,1,2,1,2,3,5,62,1,1,1,98,0,0
27,270146,4,5,3,17,6,12,57,12,6,1,0,27,1,18,24,18024,6,2008,5GAEV23778J2,5,G,A,E,V,2,3,7,7,8,J,2,0,P,BUIC,ENC,UT,8,17,4985,,0,1189,,G,,0,0,000000000,00000000000,0,0,0,1,0,0,0,0,0,0,0,0,0,0,0,99,99,2,1,54,0,0,0,1,27,55437,6,1,0,0,3,0,66,180,0,0,0,0,0,0,0,0,0,0,0,0,0,0,2,2,98,1,1,2,1,2,3,5,98,1,1,1,98,0,0
27,270146,5,5,1,17,6,12,57,12,6,1,0,27,1,20,403,20403,14,2008,1GNDT13S2821,1,G,N,D,T,1,3,S,2,8,2,1,0,P,CHEV,TRL,UT,8,17,4523,,0,1130,,G,,0,0,000000000,00000000000,0,0,0,1,0,0,0,0,0,0,0,0,0,0,0,99,99,2,1,54,0,0,0,1,27,55016,6,1,0,0,3,1,65,140,0,0,0,0,0,0,0,0,0,0,0,0,0,0,2,2,98,1,1,2,1,2,3,5,98,1,1,1,98,0,0
27,270147,1,2,1,18,6,13,20,12,6,1,0,27,3,84,881,84881,66,2007,2HSCESBR97C4,2,H,S,C,E,S,B,R,9,7,C,4,1,T,INTL,92I,DS,7,17,,8,0,0,920,D,,1,57,124715,57124715,3,6,2,1,0,0,0,0,0,0,0,999,0,0,0,82,83,2,3,12,0,0,0,1,27,56097,6,1,6,0,3,1,72,230,0,0,0,0,0,0,0,0,0,0,38,0,0,0,1,4,40,1,1,2,1,0,0,11,15,1,1,2,68,0,0
27,270147,2,2,1,18,6,13,20,12,6,1,0,27,1,37,706,37706,80,2006,1HFSC52656A3,1,H,F,S,C,5,2,6,5,6,A,3,0,M,HOND,X13,RS,6,17,,,,,,,1312,0,0,000000000,00000000000,0,0,0,1,0,0,0,0,0,0,0,999,0,0,0,12,12,6,2,12,0,0,0,1,27,56050,6,1,0,0,3,0,70,160,0,0,0,0,0,0,0,0,0,0,0,0,0,0,1,4,40,1,1,2,1,0,0,1,62,3,1,1,69,1,0
27,270148,1,2,1,18,6,16,28,12,6,1,0,19,3,73,706,73706,80,1996,JKAZX2B19TA0,J,K,A,Z,X,2,B,1,9,T,A,0,0,M,KAWK,ZX9,RS,96,17,,,,,,,900,0,0,000000000,00000000000,0,0,0,1,0,0,0,0,0,0,0,999,0,0,0,12,12,6,2,12,0,0,0,1,27,55412,2,1,0,0,2,0,69,150,0,5,1,0,0,3,2009,2,2010,1,37,39,0,0,2,2,30,1,1,2,1,2,3,1,17,1,1,1,88,1,0
27,270148,2,2,1,18,6,16,28,12,6,1,0,27,3,7,482,7482,31,2000,3B7KF26Z6YM2,3,B,7,K,F,2,6,Z,6,Y,M,2,0,T,DODG,250,PK,0,17,,2,0,1347,RPC,G,,0,0,000000000,00000000000,0,0,0,1,0,0,0,0,0,0,0,999,0,0,0,7,7,6,2,12,0,0,0,1,27,55412,6,1,0,0,3,0,72,215,0,0,0,0,0,0,0,0,0,0,0,0,0,0,1,2,30,1,1,2,1,2,3,1,66,1,1,1,89,0,0
27,270149,1,2,1,19,6,23,41,1,0,1,0,27,2,37,706,37706,80,2003,JH2SC45313M3,J,H,2,S,C,4,5,3,1,3,M,3,0,M,HOND,RV1,RS,3,17,,,,,,,999,0,0,000000000,00000000000,0,0,0,1,0,0,0,0,0,0,0,999,0,0,0,0,0,4,3,54,0,0,0,1,27,55068,2,1,0,0,2,0,72,190,0,19,0,0,0,7,2007,5,2010,1,58,0,0,0,2,2,70,1,5,1,1,0,0,3,9,1,2,1,98,1,0
27,270149,2,2,2,19,6,23,41,1,0,1,0,19,2,20,421,20421,15,1999,1GNEK13R9XJ4,1,G,N,E,K,1,3,R,9,X,J,4,0,P,CHEV,KTA,UT,99,17,5268,,0,1175,,G,,0,0,000000000,00000000000,0,0,0,1,0,0,0,0,0,0,0,999,0,0,0,12,12,2,3,54,0,0,0,1,19,50480,6,1,0,0,3,0,69,210,0,0,0,0,0,0,0,0,0,0,0,0,0,0,2,2,70,1,5,1,1,0,0,2,51,9,1,4,98,0,0
27,270150,1,1,1,18,6,22,11,11,0,1,0,27,1,72,706,72706,80,2007,1HD1FC41X7Y6,1,H,D,1,F,C,4,1,X,7,Y,6,0,M,HD,FLU,RS,7,17,,,,,,,1584,0,0,000000000,00000000000,0,0,0,1,0,0,0,0,0,0,0,999,0,0,0,12,11,4,3,11,0,0,0,1,27,55330,6,1,0,0,3,0,71,240,0,0,0,0,0,0,0,0,0,0,99,99,99,99,1,2,55,1,6,2,1,0,0,1,88,4,1,1,13,1,1
27,270151,1,2,2,20,6,13,46,12,6,1,0,27,1,82,850,82850,65,2004,4UZAAHDCX4CM,4,U,Z,A,A,H,D,C,X,4,C,M,1,T,FRHT,XMH,IC,4,17,,7,0,0,CHA,D,,1,0,000000000,00000000000,0,0,0,1,0,0,0,0,0,0,0,57,0,1,1,7,7,6,2,12,0,0,0,1,27,56073,6,1,0,0,3,0,68,140,0,0,0,0,0,0,0,0,0,0,39,0,0,0,1,2,55,1,1,2,1,20,3,1,17,8,1,1,89,0,0
27,270151,2,2,2,20,6,13,46,12,6,1,0,27,1,6,441,6441,20,2006,2A4GP54L26R6,2,A,4,G,P,5,4,L,2,6,R,6,0,P,CHRY,TWC,SV,6,17,4267,,0,1193,,G,,0,0,000000000,00000000000,0,0,0,1,0,0,0,0,0,0,0,999,0,0,0,12,81,6,2,12,0,0,0,1,27,56073,6,1,0,0,3,0,70,170,0,0,0,0,0,0,0,0,0,0,0,0,0,0,1,2,55,1,1,2,1,0,0,1,66,1,1,1,88,1,0
27,270152,1,1,1,20,6,21,37,34,0,1,0,27,1,7,482,7482,31,2003,1D7HU18D73J5,1,D,7,H,U,1,8,D,7,3,J,5,0,T,DODG,SQ1,CW,3,17,,2,1605,1405,RPC,G,,0,0,000000000,00000000000,0,0,0,1,0,0,0,0,0,0,0,55,0,1,5,12,12,6,2,1,0,0,0,1,27,56062,6,1,0,0,3,3,63,165,0,0,0,0,0,0,0,0,0,0,58,0,0,0,1,2,55,1,1,2,1,0,0,1,13,1,9,4,6,1,1
27,270153,1,2,1,21,6,17,13,12,6,1,0,27,2,20,24,20024,6,2010,1GNLREED7AS1,1,G,N,L,R,E,E,D,7,A,S,1,0,P,CHEV,TRV,UT,10,17,4790,,0,1189,,G,,0,0,000000000,00000000000,0,0,0,1,0,0,0,0,0,0,0,61,1,0,0,12,12,6,2,12,0,0,0,1,27,56361,6,1,0,0,3,3,69,185,0,0,0,0,0,0,0,0,0,0,0,0,0,0,1,2,55,1,1,2,1,0,0,1,66,1,1,1,88,1,0
27,270153,2,2,1,21,6,17,13,12,6,1,0,0,0,99,998,99998,92,2009,000000000000,0,0,0,0,0,0,0,0,0,0,0,0,0,U,,,,,17,,,,,,,,0,0,000000000,00000000000,0,0,0,1,0,0,0,0,0,0,0,998,0,0,0,11,11,6,2,12,0,0,0,1,27,56551,6,1,6,0,3,0,67,160,0,0,0,0,0,0,0,0,0,0,38,0,0,0,1,2,55,1,8,4,1,20,3,4,17,1,1,1,89,0,0
27,270154,1,2,1,24,6,13,51,12,6,1,0,27,1,2,404,2404,14,2004,1J4GW48S64C1,1,J,4,G,W,4,8,S,6,4,C,1,0,T,JEEP,LCF,4W,4,17,,1,0,1059,GCK,G,,0,0,000000000,00000000000,0,0,0,1,0,0,0,0,0,0,0,46,0,0,0,12,12,4,3,12,0,0,0,1,27,55409,6,1,0,0,3,3,71,140,0,0,0,0,0,0,0,0,0,0,0,0,0,0,2,2,40,1,1,2,1,0,0,1,72,4,1,1,83,0,0
27,270154,2,2,1,24,6,13,51,12,6,1,0,27,2,49,32,49032,4,1992,1NXAE94A1NZ2,1,N,X,A,E,9,4,A,1,N,Z,2,0,P,TOYT,CDF,4D,92,17,2257,,0,957,,G,,0,0,000000000,00000000000,0,0,0,1,0,0,0,0,0,0,0,4,0,0,0,10,10,6,2,12,0,0,0,1,27,55438,6,1,0,0,3,0,71,190,0,0,0,0,0,0,0,0,0,0,38,0,0,0,1,2,98,1,1,2,1,20,3,11,15,1,1,1,82,1,0
27,270155,1,2,3,26,6,13,2,12,6,1,0,27,1,7,442,7442,20,2001,2B4GP44G91R1,2,B,4,G,P,4,4,G,9,1,R,1,0,P,DODG,CAR,SV,1,17,3989,,0,1193,,G,,0,0,000000000,00000000000,0,0,0,1,0,0,0,0,0,0,0,999,0,0,0,3,3,6,2,12,0,0,0,1,27,55811,6,1,0,0,3,3,65,120,1,0,0,0,0,11,2007,11,2007,0,38,0,0,0,1,2,98,1,1,2,1,21,3,4,17,1,1,1,87,1,0
27,270155,2,2,1,26,6,13,2,12,6,1,0,27,1,20,37,20037,4,1999,1G1NE52M7X61,1,G,1,N,E,5,2,M,7,X,6,1,0,P,CHEV,M/L,4D,99,17,3077,,0,1070,,G,,0,0,000000000,00000000000,0,0,0,1,0,0,0,0,0,0,0,999,0,0,0,12,12,6,2,12,0,0,0,1,27,56601,0,0,0,0,0,0,999,999,0,0,0,0,0,0,0,0,0,0,38,92,0,0,2,2,65,1,1,2,1,0,0,1,66,1,1,1,86,0,0
27,270156,1,1,4,26,6,23,46,59,0,1,0,27,2,22,2,22002,4,1995,1G2HX52K9S42,1,G,2,H,X,5,2,K,9,S,4,2,0,P,PONT,BVS,4D,95,17,3446,,0,1108,,G,,0,0,000000000,00000000000,0,0,0,1,0,0,0,0,0,0,0,999,0,1,5,10,13,6,2,42,0,0,0,1,27,56537,6,1,0,0,3,0,75,167,1,0,0,0,0,9,2009,9,2009,1,0,0,0,0,1,2,55,3,1,2,1,40,3,14,6,8,9,4,2,2,1
27,270157,1,1,1,28,6,14,55,42,0,1,0,27,1,6,41,6041,4,1999,2C3HD46R2XH6,2,C,3,H,D,4,6,R,2,X,H,6,0,P,CHRY,CXL,4D,99,17,3362,,0,1130,,G,,0,0,000000000,00000000000,0,0,0,1,0,0,0,0,0,0,0,55,0,1,5,11,62,6,2,1,0,0,0,1,27,55441,6,1,0,0,3,0,65,152,0,0,0,0,0,0,0,0,0,0,92,0,0,0,1,2,55,1,5,2,2,40,3,1,12,1,1,4,6,1,0
27,270158,1,2,1,30,6,1,16,12,6,1,0,27,1,14,17,14017,4,1998,1MEFM50U0WA6,1,M,E,F,M,5,0,U,0,W,A,6,0,P,MERC,SGL,4D,98,17,3299,,0,1085,,G,,0,0,000000000,00000000000,0,0,0,1,0,0,0,0,0,0,0,13,0,0,0,3,3,6,2,12,0,0,0,1,27,55448,6,1,0,0,3,0,69,180,0,0,0,0,0,0,0,0,0,0,39,0,0,0,2,2,35,2,1,2,1,2,3,14,17,1,1,1,87,1,0
27,270158,2,2,1,30,6,1,16,12,6,1,0,27,3,84,881,84881,62,2000,1HTSCABM3YH3,1,H,T,S,C,A,B,M,3,Y,H,3,0,T,INTL,470,CC,0,17,,6,2540,1280,40S,D,,0,88,888888888,88888888888,2,2,1,1,0,0,0,0,0,0,0,49,0,0,0,12,12,6,2,12,0,0,0,1,27,55433,6,1,0,0,3,1,70,150,0,0,0,1,0,2,2009,2,2009,0,0,0,0,0,2,2,50,1,1,2,1,2,3,1,66,4,1,1,86,0,0
27,270159,1,2,1,1,7,11,18,12,2,1,0,27,1,98,709,98709,80,2008,LJ4TDNPA28Y0,L,J,4,T,D,N,P,A,2,8,Y,0,0,U,,,,8,17,,,,,,,,0,0,000000000,00000000000,0,0,0,1,0,0,0,0,0,0,0,999,0,0,0,12,12,6,2,12,0,0,0,1,27,55040,6,1,0,0,3,0,69,190,0,0,0,0,0,0,0,0,0,0,38,0,0,0,1,2,55,2,1,2,1,20,3,11,15,1,1,1,82,1,0
27,270159,2,2,4,1,7,11,18,12,2,1,0,27,1,18,3,18003,4,1995,1G4CU5212SH6,1,G,4,C,U,5,2,1,2,S,H,6,0,P,BUIC,PAU,4D,95,17,3642,,0,1108,,G,,0,0,000000000,00000000000,0,0,0,1,0,0,0,0,0,0,0,999,0,0,0,12,12,6,2,12,0,0,0,1,27,55051,6,1,0,0,3,0,72,185,0,0,0,0,0,0,0,0,0,0,0,0,0,0,1,2,55,3,1,2,1,0,0,14,67,8,1,2,83,0,0
27,270160,1,1,2,3,7,0,30,1,0,1,0,27,2,30,46,30046,4,1998,WVWMA63B4WE1,W,V,W,M,A,6,3,B,4,W,E,1,0,P,VOLK,PGS,4D,98,17,3025,,0,1033,,G,,0,0,000000000,00000000000,0,0,0,1,0,0,0,0,0,0,0,999,0,1,5,0,0,6,2,1,0,0,0,1,27,56601,2,1,0,0,2,0,72,185,0,1,1,0,0,4,2010,4,2010,0,0,0,0,0,1,2,55,3,1,2,1,0,0,14,13,1,1,4,1,1,1
27,270161,1,1,1,4,7,1,2,11,0,1,0,27,1,72,706,72706,80,2007,1HD1FMM197Y7,1,H,D,1,F,M,M,1,9,7,Y,7,0,M,HD,TPI,RS,7,17,,,,,,,1690,0,0,000000000,00000000000,0,0,0,1,0,0,0,0,0,0,0,999,0,0,0,61,61,6,2,11,0,0,0,1,27,55319,6,1,0,0,3,0,70,225,0,0,0,0,0,0,0,0,0,0,0,0,0,0,2,2,55,2,5,2,1,0,0,14,87,1,1,1,13,1,0
27,270162,1,2,1,4,7,15,45,12,2,1,0,12,1,53,404,53404,14,2005,JS3TX92V6541,J,S,3,T,X,9,2,V,6,5,4,1,0,P,SUZI,XL7,UT,5,17,3704,,0,1102,,G,,0,0,000000000,00000000000,0,0,0,1,0,0,0,0,0,0,0,999,0,0,0,12,12,6,2,12,0,0,0,1,12,34748,6,1,0,0,3,0,70,999,0,0,0,1,0,9,2009,9,2009,0,28,0,0,0,1,2,55,1,5,2,1,0,0,1,10,1,1,4,50,1,0
27,270162,2,2,1,4,7,15,45,12,2,1,0,27,1,20,2,20002,4,2005,2G1WF52E6591,2,G,1,W,F,5,2,E,6,5,9,1,0,P,CHEV,IMP,4D,5,17,3389,,0,1105,,G,,0,0,000000000,00000000000,0,0,0,1,0,0,0,0,0,0,0,998,0,0,0,12,12,6,2,12,0,0,0,1,27,55808,6,1,0,0,3,0,63,130,0,0,0,1,0,12,2008,12,2008,0,0,0,0,0,1,2,55,1,5,2,1,0,0,1,54,8,1,4,51,0,0
27,270165,1,2,1,5,7,23,18,12,6,1,0,27,1,12,881,12881,63,1996,1FDXR82E2TVA,1,F,D,X,R,8,2,E,2,T,V,A,1,T,FORD,N8F,CC,96,17,,7,2580,1380,CON,D,,1,57,1885684,571885684,3,1,97,1,0,0,0,0,0,0,0,65,0,0,0,12,12,4,3,12,0,0,0,1,27,55371,6,1,6,0,3,0,71,230,0,0,0,0,0,0,0,0,0,0,0,0,0,0,2,2,65,1,1,2,1,0,0,1,66,4,1,1,88,0,0
27,270165,2,2,3,5,7,23,18,12,6,1,0,27,1,20,2,20002,4,2008,2G1WU5834891,2,G,1,W,U,5,8,3,4,8,9,1,0,P,CHEV,ITZ,4D,8,17,3649,,0,1105,,F,,0,0,000000000,00000000000,0,0,0,1,0,0,0,0,0,0,0,999,0,0,0,9,9,6,2,12,0,0,0,1,27,56326,6,1,0,0,3,0,69,200,0,0,0,0,0,0,0,0,0,0,38,0,0,0,1,2,98,2,1,2,1,20,3,14,17,1,1,1,89,2,0
27,270166,1,1,2,1,7,22,52,8,0,1,0,27,1,20,2,20002,9,2004,999999999999,9,9,9,9,9,9,9,9,9,9,9,9,0,U,,,,9,17,,,,,,,,0,0,000000000,00000000000,0,0,0,1,0,0,0,0,0,0,0,998,0,0,0,12,12,4,3,8,0,0,0,1,27,56359,6,1,0,0,3,0,61,180,0,0,0,0,0,0,0,0,0,9,99,99,99,99,1,2,40,1,5,2,1,0,0,1,80,99,1,1,13,0,0
27,270167,1,1,1,6,7,21,22,1,0,1,0,0,0,98,998,98998,92,9999,000000000000,0,0,0,0,0,0,0,0,0,0,0,0,0,U,,,,,17,,,,,,,,0,0,000000000,00000000000,0,0,0,1,0,0,0,0,0,0,0,24,0,2,5,0,0,4,3,1,0,0,0,1,27,55044,6,1,0,0,3,0,69,178,0,0,0,0,0,0,0,0,0,0,0,0,0,0,1,2,55,3,1,4,1,0,0,14,13,1,1,4,1,1,1
27,270168,1,1,1,8,7,5,50,1,0,1,0,27,2,20,481,20481,31,1999,2GCEK19T2X11,2,G,C,E,K,1,9,T,2,X,1,1,0,T,CHEV,SK1,3C,99,17,,2,1575,1435,SIL,G,,0,0,000000000,00000000000,0,0,0,1,0,0,0,0,0,0,0,55,0,2,5,0,0,6,2,1,0,0,0,1,27,56628,6,1,6,0,3,1,69,150,0,0,0,0,0,0,0,0,0,0,58,0,0,0,1,2,55,2,1,2,1,0,0,14,12,7,3,4,2,1,0
27,270169,1,2,1,8,7,17,45,12,6,1,0,27,1,9,20,9020,4,2001,1P3ES46CX1D1,1,P,3,E,S,4,6,C,X,1,D,1,0,P,PLYM,NLX,4D,1,17,2585,,0,1050,,G,,0,0,000000000,00000000000,0,0,0,1,0,0,0,0,0,0,0,999,0,0,0,9,9,6,2,12,0,0,0,1,27,55122,6,1,0,0,3,0,68,150,0,3,0,1,0,2,2009,3,2010,0,39,0,0,0,1,2,98,1,1,4,1,20,3,1,17,1,1,1,89,1,0
27,270169,2,2,3,8,7,17,45,12,6,1,0,27,1,20,431,20431,16,1999,3GNFK16R5XG1,3,G,N,F,K,1,6,R,5,X,G,1,1,P,CHEV,K15,UT,99,17,5297,,0,1315,,G,,3,0,000000000,00000000000,0,0,0,1,0,0,0,0,0,0,0,998,0,0,0,12,12,6,2,12,0,0,0,1,27,56315,6,1,6,0,3,0,69,185,0,0,0,0,0,0,0,0,0,0,0,0,0,0,1,2,55,1,1,2,1,0,0,1,66,1,1,1,88,0,0
27,270170,1,2,1,10,7,5,50,12,6,1,0,27,1,84,883,84883,66,1998,2HSFMAMR8WC0,2,H,S,F,M,A,M,R,8,W,C,0,1,T,INTL,920,TM,98,17,,8,2340,1600,920,D,,3,57,1102710,571102710,3,6,1,1,0,0,0,0,0,0,0,55,0,1,5,12,12,6,2,12,0,0,0,1,27,56090,6,1,6,0,3,3,74,225,0,0,0,0,0,0,0,0,0,0,0,0,0,0,1,2,55,1,1,2,1,0,0,1,66,4,1,1,86,0,0
27,270170,2,2,5,10,7,5,50,12,6,1,0,27,2,18,2,18002,4,1989,1G4HP54C8KH5,1,G,4,H,P,5,4,C,8,K,H,5,0,P,BUIC,LCF,4D,89,17,3155,,0,1108,,G,,0,0,000000000,00000000000,0,0,0,1,0,0,0,0,0,0,0,999,0,0,0,1,81,6,2,12,0,0,0,1,27,56160,6,1,0,0,3,0,72,165,0,0,0,0,0,0,0,0,0,1,38,0,0,0,1,2,98,1,1,4,1,21,3,1,17,1,1,1,87,5,1
27,270171,1,2,1,10,7,17,51,12,6,1,0,27,1,18,2,18002,4,1987,1G4HP5434HH4,1,G,4,H,P,5,4,3,4,H,H,4,0,P,BUIC,LCF,4D,87,17,3104,,0,1108,,G,,0,0,000000000,00000000000,0,0,0,1,0,0,0,0,0,0,0,999,0,0,0,12,12,6,4,12,0,0,0,1,27,56537,6,1,0,0,3,1,64,135,0,0,0,0,0,0,0,0,0,0,39,0,0,0,2,2,45,1,1,2,1,2,3,1,17,1,1,1,86,1,0
27,270171,2,2,2,10,7,17,51,12,6,1,0,27,1,12,481,12481,31,2004,1FTNX21L24EA,1,F,T,N,X,2,1,L,2,4,E,A,0,T,FORD,F2S,4C,4,17,,2,1580,1418,SRW,G,,0,0,000000000,00000000000,0,0,0,1,0,0,0,0,0,0,0,999,0,0,0,2,2,6,2,12,0,0,0,1,27,55304,6,1,0,0,3,1,70,200,0,0,0,0,0,0,0,0,0,0,0,0,0,0,1,2,98,1,1,2,1,2,3,1,66,1,1,1,87,0,0
27,270172,1,2,1,11,7,12,36,12,6,1,0,27,1,20,8,20008,2,1973,3K91F201776,3,K,9,1,F,2,0,1,7,7,6,,0,P,,,,,,,,,,,,,0,0,000000000,00000000000,0,0,0,1,0,0,0,0,0,0,0,13,0,0,0,9,9,6,2,12,0,0,0,1,27,56357,6,1,0,0,3,0,70,180,0,2,0,1,1,9,2007,12,2009,0,38,0,0,0,6,1,55,1,5,2,1,20,3,11,15,1,1,1,82,0,0
27,270172,2,2,1,11,7,12,36,12,6,1,0,27,1,72,706,72706,80,2007,1HD1FR4187Y6,1,H,D,1,F,R,4,1,8,7,Y,6,0,M,HD,FCI,RS,7,17,,,,,,,1584,0,0,000000000,00000000000,0,0,0,1,0,0,0,0,0,0,0,999,0,0,0,12,12,6,2,12,0,0,0,1,27,56098,6,1,6,0,3,0,72,285,0,0,0,0,0,0,0,0,0,0,0,0,0,0,2,1,55,1,1,2,1,0,0,1,67,8,1,1,83,1,0
27,270173,1,1,1,11,7,6,20,1,0,1,0,27,1,53,705,53705,80,1978,GS550C117810,G,S,5,5,0,C,1,1,7,8,1,0,0,P,,,,,,,,,,,,,0,0,000000000,00000000000,0,0,0,1,0,0,0,0,0,0,0,55,0,0,0,0,98,6,2,1,0,0,0,1,27,55313,6,1,0,0,9,0,73,250,0,0,0,1,0,2,2009,2,2009,9,99,99,99,99,1,2,55,2,5,2,1,0,0,14,9,6,9,9,2,1,1
27,270174,1,1,1,12,7,19,54,1,0,1,0,55,1,12,401,12401,14,2000,1FMDU72X2YZB,1,F,M,D,U,7,2,X,2,Y,Z,B,0,P,FORD,EPR,UT,0,17,4065,,0,1116,,G,,0,0,000000000,00000000000,0,0,0,1,0,0,0,0,0,0,0,85,0,2,1,0,0,6,2,1,0,0,0,1,27,55021,6,1,6,0,3,0,68,220,0,1,0,0,0,7,2009,7,2009,1,27,58,0,0,2,2,65,1,1,2,1,0,0,1,13,6,9,6,98,1,1
27,270175,1,2,3,12,7,20,27,12,6,1,0,27,2,14,6,14006,4,1992,2MECM75W4NX6,2,M,E,C,M,7,5,W,4,N,X,6,0,P,MERC,MGL,4D,92,17,3780,,0,1144,,G,,0,0,000000000,00000000000,0,0,0,1,0,0,0,0,0,0,0,998,0,0,0,1,1,6,2,12,0,0,0,1,27,56710,6,7,0,0,3,2,68,155,0,0,0,0,0,0,0,0,0,0,39,73,0,0,1,2,55,1,1,4,1,20,3,1,17,4,4,9,87,0,0
27,270175,2,2,1,12,7,20,27,12,6,1,0,27,1,23,421,23421,15,1999,1GKEK13R9XJ7,1,G,K,E,K,1,3,R,9,X,J,7,0,T,GMC,YUK,4W,99,17,,2,0,1175,YUK,G,,0,0,000000000,00000000000,0,0,0,1,0,0,0,0,0,0,0,998,0,1,5,12,12,6,2,12,0,0,0,1,27,56738,6,1,0,0,3,0,71,350,0,0,0,0,0,0,0,0,0,0,0,0,0,0,1,2,55,1,1,2,1,0,0,1,66,99,1,1,86,1,0