STATE,ST_CASE,VEH_NO,VE_FORMS,NUMOCCS,DAY,MONTH,HOUR,MINUTE,HARM_EV,MAN_COLL,UNITTYPE,HIT_RUN,REG_STAT,OWNER,MAKE,MODEL,MAK_MOD,BODY_TYP,MOD_YEAR,VIN,VIN_1,VIN_2,VIN_3,VIN_4,VIN_5,VIN_6,VIN_7,VIN_8,VIN_9,VIN_10,VIN_11,VIN_12,TOW_VEH,VINTYPE,VINMAKE,VINA_MOD,VIN_BT,VINMODYR,VIN_LNGT,VIN_WGT,WGTCD_TR,WHLBS_LG,WHLBS_SH,SER_TR,FUELCODE,MCYCL_DS,J_KNIFE,MCARR_I1,MCARR_I2,MCARR_ID,GVWR,V_CONFIG,CARGO_BT,HAZ_INV,HAZ_PLAC,HAZ_ID,HAZ_CNO,HAZ_REL,BUS_USE,SPEC_USE,EMER_USE,TRAV_SP,UNDERIDE,ROLLOVER,ROLINLOC,IMPACT1,IMPACT2,DEFORMED,TOWED,M_HARM,VEH_SC1,VEH_SC2,FIRE_EXP,DR_PRES,L_STATE,DR_ZIP,L_STATUS,L_TYPE,CDL_STAT,L_ENDORS,L_COMPL,L_RESTRI,DR_HGT,DR_WGT,PREV_ACC,PREV_SUS,PREV_DWI,PREV_SPD,PREV_OTH,FIRST_MO,FIRST_YR,LAST_MO,LAST_YR,SPEEDREL,DR_SF1,DR_SF2,DR_SF3,DR_SF4,VTRAFWAY,VNUM_LAN,VSPD_LIM,VALIGN,VPROFILE,VPAVETYP,VSURCOND,VTRAFCON,VTCONT_F,P_CRASH1,P_CRASH2,P_CRASH3,PCRASH4,PCRASH5,ACC_TYPE,DEATHS,DR_DRINK
27,270203,1,1,1,1,8,5,42,1,0,1,0,27,1,63,402,63402,14,2003,KNDJC733X350,K,N,D,J,C,7,3,3,X,3,5,0,0,P,KIA,SOR,UT,3,17,4255,,0,1067,,G,,0,0,000000000,00000000000,0,0,0,1,0,0,0,0,0,0,0,999,0,1,5,0,0,6,2,1,0,0,0,1,27,55901,6,1,6,0,3,1,73,192,0,0,0,0,0,0,0,0,0,0,99,99,99,99,1,2,55,2,6,2,1,0,0,14,12,9,3,4,7,1,0
27,270204,1,2,1,1,8,19,31,12,8,1,0,26,2,30,442,30442,20,2001,WV2EB47001H0,W,V,2,E,B,4,7,0,0,1,H,0,0,P,VOLK,ERN,SW,1,17,5120,,0,1307,,G,,0,0,000000000,00000000000,0,0,0,1,0,0,0,0,0,0,0,58,0,1,5,11,62,6,2,12,0,0,0,1,26,49916,6,1,0,0,3,1,70,180,0,0,0,0,0,0,0,0,0,0,0,0,0,0,1,2,60,1,1,2,1,0,0,1,10,1,1,2,64,1,0
27,270204,2,2,2,1,8,19,31,12,8,1,0,27,1,20,481,20481,31,2007,1GCHC23637F5,1,G,C,H,C,2,3,6,3,7,F,5,1,T,CHEV,2CH,CW,7,17,,2,1670,1530,SIL,D,,1,0,000000000,00000000000,0,0,0,1,0,0,0,0,0,0,0,58,0,0,0,7,7,4,3,12,0,0,0,1,27,55720,6,1,0,0,3,0,65,135,0,0,0,0,0,0,0,0,0,0,0,0,0,0,1,2,60,1,1,2,1,0,0,1,62,7,1,1,65,0,0
27,270205,1,2,1,2,8,15,49,12,2,1,0,27,3,7,442,7442,20,1999,2B4GP2430XR4,2,B,4,G,P,2,4,3,0,X,R,4,0,P,DODG,CAR,SV,99,17,3686,,0,1193,,G,,0,0,000000000,00000000000,0,0,0,1,0,0,0,0,0,0,0,998,0,0,0,12,12,6,2,12,0,0,0,1,27,56751,6,1,0,0,3,0,69,155,0,0,0,1,0,8,2007,8,2007,0,28,0,0,0,1,2,55,2,1,2,1,0,0,14,10,1,1,2,50,1,0
27,270205,2,2,1,2,8,15,49,12,2,1,0,27,2,51,881,51881,66,2002,4V4M19RF42N3,4,V,4,M,1,9,R,F,4,2,N,3,1,T,VOLV,VNM,DS,2,17,,7,0,0,VVN,D,,1,57,1235401,571235401,3,6,1,1,0,0,0,0,0,0,0,20,0,0,0,12,12,6,2,12,0,0,0,1,27,55756,6,1,6,0,3,0,72,175,0,0,0,0,0,0,0,0,0,0,0,0,0,0,1,2,55,3,1,2,1,0,0,2,62,7,1,1,51,0,0
27,270206,1,2,1,3,8,16,14,54,11,1,0,27,3,86,881,86881,63,1999,1M2P267C3XM0,1,M,2,P,2,6,7,C,3,X,M,0,1,T,MACK,RD6,TM,99,17,,8,0,0,600,D,,1,57,124418,57124418,3,4,3,1,0,0,0,0,0,0,0,55,0,0,0,18,18,0,3,54,0,0,0,1,27,55049,6,1,6,0,3,0,72,160,1,0,0,0,0,12,2009,12,2009,0,92,0,0,0,1,2,55,2,1,2,1,40,3,14,98,1,1,1,98,0,0
27,270206,2,2,2,3,8,16,14,54,11,1,0,27,2,7,442,7442,20,2000,2B4GP243XYR6,2,B,4,G,P,2,4,3,X,Y,R,6,0,P,DODG,CAR,SV,0,17,3695,,0,1193,,G,,0,0,000000000,00000000000,0,0,0,1,0,0,0,0,0,0,0,55,0,0,0,13,13,4,3,54,0,0,0,1,27,56093,6,2,0,0,3,0,69,153,0,0,0,0,0,0,0,0,0,0,0,0,0,0,1,2,55,3,1,2,1,40,3,14,98,1,1,1,98,1,0
27,270207,1,1,1,4,8,5,53,42,0,1,0,27,2,21,21,21021,4,1999,1G3NK52T6XC3,1,G,3,N,K,5,2,T,6,X,C,3,0,P,OLDS,AGX,4D,99,17,3022,,0,1070,,G,,0,0,000000000,00000000000,0,0,0,1,0,0,0,0,0,0,0,999,0,0,0,12,12,6,2,42,0,0,0,1,27,55398,6,2,0,0,3,0,74,185,1,0,0,0,0,11,2008,11,2008,0,52,0,0,0,1,2,55,1,1,2,1,0,0,1,12,1,1,4,6,1,0
27,270208,1,2,1,5,8,9,57,12,6,1,0,27,3,87,881,87881,63,1989,1XPCDB9XXKD2,1,X,P,C,D,B,9,X,X,K,D,2,1,T,PTRB,377,DS,89,17,,8,0,0,CON,D,,1,57,1145997,571145997,3,2,4,1,0,0,0,0,0,0,0,40,0,0,0,12,12,4,1,12,0,0,0,1,27,56185,6,1,6,0,3,0,78,280,0,0,0,0,0,0,0,0,0,0,0,0,0,0,1,2,55,1,1,4,1,0,0,1,66,1,1,1,86,0,0
27,270208,2,2,1,5,8,9,57,12,6,1,0,27,1,76,703,76703,88,2004,LPRSA20A64A4,L,P,R,S,A,2,0,A,6,4,A,4,0,M,YAMA,YW5,MS,4,17,,,,,,,49,0,0,000000000,00000000000,0,0,0,1,0,0,0,0,0,0,0,999,0,0,0,81,81,6,2,12,0,0,0,1,27,56187,6,1,0,0,3,0,68,198,0,0,0,1,0,8,2009,8,2009,0,38,0,0,0,1,2,55,1,1,4,1,0,0,1,17,1,1,1,87,1,0
27,270209,1,2,1,6,8,16,18,12,2,1,0,27,1,12,13,12013,6,1991,1FAPP15J9MW2,1,F,A,P,P,1,5,J,9,M,W,2,0,P,FORD,LXE,SW,91,17,2411,,0,984,,G,,0,0,000000000,00000000000,0,0,0,1,0,0,0,0,0,0,0,999,0,0,0,12,11,6,2,12,0,0,0,1,27,54021,1,1,0,0,2,0,68,210,0,2,0,0,0,8,2008,7,2010,9,99,99,99,99,1,2,55,1,1,2,1,0,0,1,10,1,1,2,50,0,0
27,270209,2,2,1,6,8,16,18,12,2,1,0,27,1,53,706,53706,80,1981,JS1GS71L5B21,J,S,1,G,S,7,1,L,5,B,2,1,0,M,SUZI,GS8,RS,81,17,,,,,,,843,0,0,000000000,00000000000,0,0,0,1,0,0,0,0,0,0,0,999,0,0,0,12,12,6,2,12,0,0,0,1,27,55033,6,1,0,0,3,0,74,205,0,0,0,0,0,0,0,0,0,0,0,0,0,0,1,2,55,1,1,2,1,0,0,1,62,1,1,1,51,1,0
27,270210,1,2,4,6,8,17,40,12,6,1,0,27,1,37,402,37402,14,2008,JHLRE48748C0,J,H,L,R,E,4,8,7,4,8,C,0,0,P,HOND,CRV,UT,8,17,3549,,0,1031,,G,,0,0,000000000,00000000000,0,0,0,1,0,0,0,0,0,0,0,55,0,0,0,12,12,6,2,12,0,0,0,1,27,55438,6,1,0,0,3,3,73,210,0,0,0,0,0,0,0,0,0,0,0,0,0,0,1,2,55,1,3,2,1,0,0,1,66,4,1,1,88,0,0
27,270210,2,2,2,6,8,17,40,12,6,1,0,27,2,30,42,30042,5,1996,3VWFA81H1TM1,3,V,W,F,A,8,1,H,1,T,M,1,0,P,VOLK,GGH,4H,96,17,2445,,0,974,,G,,0,0,000000000,00000000000,0,0,0,1,0,0,0,0,0,0,0,50,0,0,0,10,10,6,2,12,0,0,0,1,27,55350,6,1,0,0,3,0,72,160,0,0,0,3,0,1,2008,4,2009,0,39,0,0,0,1,2,98,1,1,4,1,20,3,1,17,1,1,1,89,1,0
27,270211,1,1,1,2,8,17,55,34,0,1,0,27,1,99,709,99709,80,9999,999999999999,9,9,9,9,9,9,9,9,9,9,9,9,0,U,,,,9,17,,,,,,,,0,0,000000000,00000000000,0,0,0,1,0,0,0,0,0,0,0,999,0,0,0,12,12,4,1,34,0,0,0,1,27,55329,6,1,0,0,3,3,67,164,0,0,0,0,0,0,0,0,0,0,79,0,0,0,1,2,55,1,1,2,1,0,0,10,5,6,9,4,2,1,0
27,270212,1,4,1,8,8,15,16,12,1,1,0,27,2,12,23,12023,4,2006,3FAFP07Z26R2,3,F,A,F,P,0,7,Z,2,6,R,2,0,P,FORD,F/E,4D,6,17,3101,,0,1074,,G,,0,0,000000000,00000000000,0,0,0,1,0,0,0,0,0,0,0,75,0,0,0,12,12,6,2,12,0,0,0,1,27,55025,6,1,0,0,3,0,68,175,0,0,0,1,0,12,2007,12,2007,1,0,0,0,0,2,2,70,1,3,1,1,40,3,1,52,1,1,1,98,0,0
27,270212,2,4,3,8,8,15,16,12,1,1,0,19,1,63,33,63033,4,2008,KNAFE1219855,K,N,A,F,E,1,2,1,9,8,5,5,0,P,KIA,SXC,4D,8,17,2919,,0,1028,,G,,0,0,000000000,00000000000,0,0,0,1,0,0,0,0,0,0,0,999,0,0,0,12,99,6,2,12,0,0,0,1,19,50310,6,1,0,0,3,0,66,160,0,0,0,0,0,0,0,0,0,0,26,0,0,0,2,2,70,1,3,1,1,40,3,17,52,1,1,1,28,1,0
27,270212,3,4,5,8,8,15,16,12,1,1,0,19,1,49,442,49442,20,2009,5TDZK22C09S2,5,T,D,Z,K,2,2,C,0,9,S,2,0,P,TOYT,SIE,SV,9,17,4266,,0,1193,,G,,0,0,000000000,00000000000,0,0,0,1,0,0,0,0,0,0,0,8,0,0,0,6,6,6,2,12,0,0,0,1,19,50613,6,1,0,0,3,1,67,125,0,0,0,0,0,0,0,0,0,0,0,0,0,0,2,2,70,1,3,1,1,40,3,2,53,4,1,1,29,0,0
27,270212,4,4,1,8,8,15,16,12,1,1,0,19,2,49,49,49049,6,2005,JTKKT604X501,J,T,K,K,T,6,0,4,X,5,0,1,0,P,TOYT,SXA,4H,5,17,2340,,0,933,,G,,0,0,000000000,00000000000,0,0,0,1,0,0,0,0,0,0,0,8,0,0,0,6,6,4,3,12,0,0,0,1,19,50525,6,1,0,0,3,0,66,110,1,0,0,0,0,11,2008,11,2008,0,0,0,0,0,2,2,70,1,3,1,1,40,3,17,53,4,1,1,98,0,0
27,270213,1,2,2,8,8,16,57,12,6,1,0,27,2,7,482,7482,31,2007,1D7HU18267J5,1,D,7,H,U,1,8,2,6,7,J,5,0,T,DODG,SQ1,CW,7,17,,2,1605,1405,RPC,G,,0,0,000000000,00000000000,0,0,0,1,0,0,0,0,0,0,0,50,0,0,0,12,12,6,2,12,0,0,0,1,27,56435,6,1,6,0,3,1,73,250,0,0,0,0,0,0,0,0,0,0,0,0,0,0,2,2,65,1,1,2,1,0,0,1,66,1,1,1,88,0,0
27,270213,2,2,3,8,8,16,57,12,6,1,0,38,2,49,32,49032,4,2004,JTDBR32E5420,J,T,D,B,R,3,2,E,5,4,2,0,0,P,TOYT,EEL,4D,4,17,2502,,0,1024,,G,,0,0,000000000,00000000000,0,0,0,1,0,0,0,0,0,0,0,20,0,0,0,9,9,6,2,12,0,0,0,1,27,56572,6,1,0,0,3,0,72,285,0,0,0,0,0,0,0,0,0,0,38,0,0,0,1,2,55,1,1,2,1,20,3,4,17,1,1,1,89,2,0
27,270215,1,2,1,11,8,19,43,12,1,1,0,27,1,22,403,22403,14,2007,2CKDL63F2762,2,C,K,D,L,6,3,F,2,7,6,2,0,P,PONT,TOR,UT,7,17,3660,,0,1125,,G,,0,0,000000000,00000000000,0,0,0,1,0,0,0,0,0,0,0,65,0,0,0,12,1,4,3,12,0,0,0,1,27,56048,6,1,0,0,3,0,67,125,0,0,0,0,0,0,0,0,0,0,0,0,0,0,2,2,65,1,3,1,1,0,0,1,51,6,1,1,24,0,1
27,270215,2,2,1,11,8,19,43,12,1,1,0,0,0,99,709,99709,88,9999,000000000000,0,0,0,0,0,0,0,0,0,0,0,0,0,U,,,,,17,,,,,,,,0,0,000000000,00000000000,0,0,0,1,0,0,0,0,0,0,0,998,0,0,0,6,6,6,2,12,0,0,0,1,99,99999,9,9,99,9,9,9,999,999,99,99,99,99,99,99,9999,99,9999,0,18,0,0,0,2,2,65,1,3,1,1,0,0,1,53,1,1,1,25,1,1
27,270216,1,1,2,11,8,23,31,1,0,1,0,27,1,12,422,12422,15,1997,1FMFU18L1VLA,1,F,M,F,U,1,8,L,1,V,L,A,0,P,FORD,EPT,UT,97,17,4827,,0,1190,,G,,0,0,000000000,00000000000,0,0,0,1,0,0,0,0,0,0,0,70,0,1,2,0,0,6,2,1,0,0,0,1,27,55060,2,1,0,0,2,0,68,235,0,3,2,0,0,11,2009,7,2010,0,0,0,0,0,2,2,70,2,1,2,2,0,0,14,12,9,3,4,2,1,1
27,270217,1,1,2,12,8,22,36,8,0,1,0,98,2,7,442,7442,20,2000,999999999999,9,9,9,9,9,9,9,9,9,9,9,9,0,U,,,,9,17,,,,,,,,0,0,000000000,00000000000,0,0,0,1,0,0,0,0,0,0,0,60,0,0,0,12,12,4,3,8,0,0,0,1,27,56450,6,1,0,0,3,0,72,280,0,1,0,0,0,11,2008,11,2008,0,0,0,0,0,2,2,55,1,1,2,1,0,0,1,80,1,1,1,13,0,0
27,270218,1,1,2,12,8,11,58,1,0,1,0,27,2,20,499,20499,39,2005,999999999999,9,9,9,9,9,9,9,9,9,9,9,9,0,U,,,,9,17,,,,,,,,0,0,000000000,00000000000,0,0,0,1,0,0,0,0,0,0,0,998,0,9,5,0,0,6,2,1,0,0,1,1,27,56187,9,9,98,8,9,8,999,999,99,99,99,99,99,99,9999,99,9999,0,58,0,0,0,1,2,55,1,1,4,1,0,0,1,5,9,9,4,2,1,0
27,270219,1,1,1,14,8,23,37,53,0,1,0,27,1,20,403,20403,14,2005,1GNDT13S7522,1,G,N,D,T,1,3,S,7,5,2,2,0,P,CHEV,TRL,UT,5,17,4612,,0,1130,,G,,0,0,000000000,00000000000,0,0,0,1,0,0,0,0,0,0,0,998,0,0,0,62,99,6,2,42,0,0,0,1,27,55109,6,1,0,0,3,0,63,150,0,0,0,0,0,0,0,0,0,1,0,0,0,0,1,2,30,3,1,2,1,0,0,14,6,7,3,4,2,1,1
27,270220,1,2,4,14,8,18,8,12,6,1,0,27,1,6,441,6441,20,1997,1C4GP64L7VB2,1,C,4,G,P,6,4,L,7,V,B,2,0,P,CHRY,TWC,SV,97,17,4059,,0,1193,,G,,0,0,000000000,00000000000,0,0,0,1,0,0,0,0,0,0,0,55,0,0,0,10,10,6,2,12,0,0,1,1,27,56156,6,1,0,0,3,0,69,175,0,0,0,0,0,0,0,0,0,0,0,0,0,0,1,2,55,1,1,2,1,0,0,1,66,98,1,1,89,1,0
27,270220,2,2,1,14,8,18,8,12,6,1,0,25,1,72,706,72706,80,2010,1HD1BW516AB0,1,H,D,1,B,W,5,1,6,A,B,0,0,M,HD,STC,RS,10,17,,,,,,,1584,0,0,000000000,00000000000,0,0,0,1,0,0,0,0,0,0,0,55,0,0,0,12,12,6,2,12,0,0,0,1,25,1201,6,1,0,0,3,0,71,999,1,0,0,0,0,4,2009,4,2009,0,39,0,0,0,1,2,55,1,1,2,1,20,3,1,17,6,1,1,88,1,0
27,270221,1,2,1,14,8,6,51,12,2,1,0,27,3,7,43,7043,4,2004,1B3EL46X04N2,1,B,3,E,L,4,6,X,0,4,N,2,0,P,DODG,SRX,4D,4,17,3094,,0,1080,,G,,0,0,000000000,00000000000,0,0,0,1,0,0,0,0,0,0,0,55,0,0,0,12,11,6,2,12,0,0,0,1,27,56003,6,1,0,0,3,0,72,190,0,2,0,1,0,2,2008,3,2010,0,28,0,0,0,1,2,55,1,1,2,1,0,0,1,10,1,1,2,50,1,1
27,270221,2,2,1,14,8,6,51,12,2,1,0,27,1,20,403,20403,14,2003,1GNET16S5361,1,G,N,E,T,1,6,S,5,3,6,1,0,P,CHEV,TRL,UT,3,17,5020,,0,1290,,G,,0,0,000000000,00000000000,0,0,0,1,0,0,0,0,0,0,0,55,0,1,9,12,11,6,2,12,0,0,0,1,27,56001,6,1,0,0,3,0,72,245,1,0,0,0,0,5,2008,5,2008,0,0,0,0,0,1,2,55,1,1,2,1,0,0,1,62,1,1,1,51,0,0
27,270222,1,1,1,15,8,13,50,23,0,1,0,27,1,7,442,7442,20,2003,2D4GP44R33R3,2,D,4,G,P,4,4,R,3,3,R,3,0,P,DODG,CAR,SV,3,17,3975,,0,1193,,G,,0,0,000000000,00000000000,0,0,0,1,0,0,0,0,0,0,0,999,0,1,1,12,12,6,8,23,0,0,1,1,27,56088,6,1,0,0,3,1,70,175,0,0,0,0,0,0,0,0,0,0,99,99,99,99,1,2,55,1,4,2,1,0,0,1,13,1,1,4,1,1,0
27,270223,1,1,1,17,8,9,30,1,0,1,0,27,1,59,401,59401,14,1999,JT6HF10U0X00,J,T,6,H,F,1,0,U,0,X,0,0,0,P,LEXS,RX3,UT,99,17,3900,,0,1031,,G,,0,0,000000000,00000000000,0,0,0,1,0,0,0,0,0,0,0,55,0,2,5,0,0,9,9,1,0,0,0,1,27,55057,6,1,0,0,3,0,64,130,1,0,0,0,0,10,2008,10,2008,0,99,99,99,99,3,6,55,3,4,2,1,0,0,14,13,6,1,4,1,1,0
27,270224,1,3,1,19,8,4,22,12,8,1,0,27,2,12,402,12402,14,2003,1FMYU92163KD,1,F,M,Y,U,9,2,1,6,3,K,D,0,P,FORD,SPE,UT,3,17,3346,,0,1031,,G,,0,0,000000000,00000000000,0,0,0,1,0,0,0,0,0,0,0,999,0,0,0,11,11,6,2,12,0,0,0,1,27,55106,6,1,0,0,3,0,72,150,0,0,0,2,0,4,2009,11,2009,1,51,0,0,0,3,2,70,1,6,2,1,0,0,1,54,1,1,1,64,1,1
27,270224,2,3,1,19,8,4,22,12,8,1,0,27,1,6,42,6042,4,1997,2C3HC56F5VH7,2,C,3,H,C,5,6,F,5,V,H,7,0,P,CHRY,LHS,4D,97,17,3527,,0,1130,,G,,0,0,000000000,00000000000,0,0,0,1,0,0,0,0,0,0,0,70,0,0,0,10,8,6,2,12,0,0,0,1,27,55056,6,1,0,0,3,0,72,205,0,0,0,1,2,5,2008,2,2009,0,0,0,0,0,3,2,70,1,5,2,1,0,0,1,54,9,1,2,65,0,0
27,270224,3,3,1,19,8,4,22,12,8,1,0,27,1,23,481,23481,31,2003,999999999999,9,9,9,9,9,9,9,9,9,9,9,9,0,U,,,,9,17,,,,,,,,0,0,000000000,00000000000,0,0,0,1,0,0,0,0,0,0,0,70,0,1,1,12,11,6,2,12,0,0,0,1,27,55025,6,1,0,0,3,0,71,206,0,0,0,0,0,0,0,0,0,0,0,0,0,0,3,2,70,1,5,2,1,0,0,1,54,9,1,1,98,0,0
27,270225,1,2,1,19,8,17,7,12,2,1,0,27,1,30,40,30040,4,2004,3VWSR69M24M0,3,V,W,S,R,6,9,M,2,4,M,0,0,P,VOLK,JSI,4D,4,17,2902,,0,989,,D,,0,0,000000000,00000000000,0,0,0,1,0,0,0,0,0,0,0,999,0,0,0,12,62,6,2,12,0,0,0,1,27,55408,6,1,0,0,3,1,72,160,0,2,0,0,0,5,2009,11,2009,0,28,0,0,0,1,2,60,1,1,2,1,0,0,1,10,1,1,2,50,1,0
27,270225,2,2,1,19,8,17,7,12,2,1,0,27,3,85,881,85881,63,1996,1NKWLA9X5TS7,1,N,K,W,L,A,9,X,5,T,S,7,0,T,KW,W90,TM,96,17,,8,0,0,CON,D,,0,57,144256,57144256,3,2,4,1,0,0,0,0,0,0,0,30,0,0,0,12,61,6,2,12,0,0,0,1,27,56464,6,1,6,0,3,0,75,215,0,1,1,0,0,10,2007,11,2007,0,0,0,0,0,1,2,60,1,1,2,1,0,0,1,62,9,1,1,51,0,0
27,270226,1,2,1,25,8,17,41,12,1,1,0,27,2,12,481,12481,31,2001,1FTRX18L81NA,1,F,T,R,X,1,8,L,8,1,N,A,0,T,FORD,F15,4C,1,17,,2,1574,1388,COF,G,,0,0,000000000,00000000000,0,0,0,1,0,0,0,0,0,0,0,55,0,0,0,12,12,6,2,12,0,0,0,1,27,55302,6,1,0,0,3,0,74,140,0,0,0,0,0,0,0,0,0,0,0,0,0,0,1,2,55,1,1,2,1,0,0,1,50,1,1,1,20,0,0
27,270226,2,2,1,25,8,17,41,12,1,1,0,27,1,18,2,18002,4,1998,1G4HP52K7WH4,1,G,4,H,P,5,2,K,7,W,H,4,0,P,BUIC,LCF,4D,98,17,3348,,0,1108,,G,,0,0,000000000,00000000000,0,0,0,1,0,0,0,0,0,0,0,0,0,0,0,6,6,6,2,12,0,0,0,1,27,55353,6,1,0,0,3,1,67,260,0,0,0,0,0,0,0,0,0,0,0,0,0,0,1,2,55,1,1,2,1,0,0,5,53,1,1,1,22,1,1
27,270227,1,2,1,22,8,14,41,12,2,1,0,27,1,72,706,72706,80,2005,1HD1BWB165Y0,1,H,D,1,B,W,B,1,6,5,Y,0,0,M,HD,FSI,RS,5,17,2932,,0,1031,,G,1450,0,0,000000000,00000000000,0,0,0,1,0,0,0,0,0,0,0,40,0,0,0,12,12,6,2,12,0,0,0,1,27,55722,6,1,6,0,3,0,71,200,0,0,0,0,0,0,0,0,0,0,0,0,0,0,1,2,55,1,5,2,1,0,0,1,62,7,1,1,51,1,0
27,270227,2,2,1,22,8,14,41,12,2,1,0,27,1,49,40,49040,4,1996,4T1BG12K5TU9,4,T,1,B,G,1,2,K,5,T,U,9,0,P,TOYT,DLX,4D,96,17,2932,,0,1031,,G,,0,0,000000000,00000000000,0,0,0,1,0,0,0,0,0,0,0,55,0,0,0,12,12,6,2,12,0,0,0,1,27,55744,6,1,0,0,3,0,70,150,0,0,0,1,1,5,2009,2,2010,0,28,0,0,0,1,2,55,1,6,2,1,0,0,1,10,1,1,2,50,0,0
27,270228,1,2,1,26,8,22,45,12,2,1,0,46,2,13,1,13001,4,1997,1LNLM82W4VY6,1,L,N,L,M,8,2,W,4,V,Y,6,0,P,LINC,SET,4D,97,17,3977,,0,1174,,G,,0,0,000000000,00000000000,0,0,0,1,0,0,0,0,0,0,0,90,0,0,0,12,12,6,2,12,0,0,0,1,46,57106,6,1,6,0,3,0,75,190,0,0,0,0,1,6,2008,6,2008,0,51,0,0,0,2,2,70,1,4,2,1,0,0,1,54,1,1,1,50,1,1
27,270228,2,2,1,26,8,22,45,12,2,1,0,46,2,20,481,20481,31,2005,999999999999,9,9,9,9,9,9,9,9,9,9,9,9,0,U,,,,9,17,,,,,,,,0,0,000000000,00000000000,0,0,0,1,0,0,0,0,0,0,0,998,0,0,0,12,12,6,2,12,0,0,0,1,27,56110,6,2,0,0,3,0,67,145,0,0,0,1,1,5,2010,5,2010,0,0,0,0,0,2,2,70,1,4,2,1,0,0,1,54,1,1,1,51,0,0
27,270229,1,1,1,22,8,8,10,14,0,1,0,27,1,22,20,22020,4,1994,1G2WJ52MXRF3,1,G,2,W,J,5,2,M,X,R,F,3,0,P,PONT,GFS,4D,94,17,3370,,0,1075,,G,,0,0,000000000,00000000000,0,0,0,1,0,0,0,0,0,0,0,105,0,0,0,63,3,6,2,42,0,0,0,1,27,55109,6,1,0,0,3,0,67,174,1,0,0,0,0,2,2010,2,2010,1,37,39,50,0,4,2,25,1,6,2,1,20,3,1,6,1,9,4,11,1,1
27,270230,1,1,2,26,8,23,21,35,0,1,0,27,2,6,51,6051,4,1999,2C3HE66G2XH8,2,C,3,H,E,6,6,G,2,X,H,8,0,P,CHRY,30M,4D,99,17,3474,,0,1130,,G,,0,0,000000000,00000000000,0,0,0,1,0,0,0,0,0,0,0,55,0,1,5,12,12,6,2,42,0,0,0,1,27,55017,2,1,0,0,2,0,72,230,0,1,0,0,0,5,2010,5,2010,1,0,0,0,0,1,2,55,3,6,2,1,0,0,14,6,8,9,4,2,1,1
27,270231,1,2,2,28,8,12,56,12,2,1,0,27,2,12,481,12481,31,2001,1FTRW08L81KA,1,F,T,R,W,0,8,L,8,1,K,A,0,T,FORD,F1S,CW,1,17,,2,0,1388,COF,G,,0,0,000000000,00000000000,0,0,0,1,0,0,0,0,0,0,0,999,0,0,0,12,12,6,2,12,0,0,0,1,27,55398,6,1,0,0,3,0,66,125,0,0,0,3,0,11,2007,9,2009,0,0,0,0,0,1,2,55,3,1,4,1,0,0,14,62,9,1,1,51,0,0
27,270231,2,2,1,28,8,12,56,12,2,1,0,0,0,98,739,98739,90,2007,000000000000,0,0,0,0,0,0,0,0,0,0,0,0,0,U,,,,,17,,,,,,,,0,0,000000000,00000000000,0,0,0,1,0,0,0,0,0,0,0,60,0,0,0,12,12,6,2,12,0,0,0,1,27,55432,1,1,0,0,2,0,68,180,0,0,0,0,0,0,0,0,0,1,28,36,0,0,1,2,55,2,1,4,1,0,0,14,10,7,1,2,50,1,1
27,270232,1,1,2,28,8,2,35,42,0,1,0,27,2,34,34,34034,4,1995,WBACB3322SFE,W,B,A,C,B,3,3,2,2,S,F,E,0,P,BMW,325,4D,95,17,3087,,0,1063,,G,,0,0,000000000,00000000000,0,0,0,1,0,0,0,0,0,0,0,999,0,0,0,81,81,6,2,42,0,0,1,1,27,55418,2,1,0,0,2,0,68,145,0,4,1,1,1,11,2007,4,2010,1,0,0,0,0,1,4,30,1,5,1,1,0,0,1,6,8,2,4,2,1,0
27,270233,1,1,1,29,8,18,58,32,0,1,0,27,2,76,705,76705,80,1982,JYA4X7000CA2,J,Y,A,4,X,7,0,0,0,C,A,2,0,M,YAMA,XV7,RS,82,17,,,,,,,750,0,0,000000000,00000000000,0,0,0,1,0,0,0,0,0,0,0,54,0,0,0,12,12,6,2,32,0,0,0,1,27,55748,6,1,0,0,2,0,75,265,0,0,0,0,0,0,0,0,0,0,0,0,0,0,1,2,55,3,1,2,1,40,3,14,13,4,1,4,1,1,1
27,270234,1,1,1,29,8,12,15,35,0,1,0,27,1,20,403,20403,14,2005,1GNDT13S4523,1,G,N,D,T,1,3,S,4,5,2,3,0,P,CHEV,TRL,UT,5,17,4612,,0,1130,,G,,0,0,000000000,00000000000,0,0,0,1,0,0,0,0,0,0,0,998,0,1,5,12,99,6,2,1,0,0,0,1,27,56738,6,1,0,0,3,0,58,92,0,0,0,0,0,0,0,0,0,0,58,0,0,0,1,2,55,3,1,2,1,0,0,14,13,6,9,4,1,1,0
27,270235,1,2,1,29,8,14,3,12,2,1,0,27,1,35,47,35047,4,2005,1N4AL11D75N4,1,N,4,A,L,1,1,D,7,5,N,4,0,P,NISS,ASL,4D,5,17,2915,,0,1102,,G,,0,0,000000000,00000000000,0,0,0,1,0,0,0,0,0,0,0,55,0,0,0,12,11,6,2,12,0,0,0,1,27,56072,6,1,0,0,3,0,66,115,0,0,0,1,0,2,2008,2,2008,0,28,0,0,0,1,2,55,1,1,2,1,0,0,1,54,1,9,2,50,0,0