STATE,ST_CASE,VEH_NO,VE_FORMS,NUMOCCS,DAY,MONTH,HOUR,MINUTE,HARM_EV,MAN_COLL,UNITTYPE,HIT_RUN,REG_STAT,OWNER,MAKE,MODEL,MAK_MOD,BODY_TYP,MOD_YEAR,VIN,VIN_1,VIN_2,VIN_3,VIN_4,VIN_5,VIN_6,VIN_7,VIN_8,VIN_9,VIN_10,VIN_11,VIN_12,TOW_VEH,VINTYPE,VINMAKE,VINA_MOD,VIN_BT,VINMODYR,VIN_LNGT,VIN_WGT,WGTCD_TR,WHLBS_LG,WHLBS_SH,SER_TR,FUELCODE,MCYCL_DS,J_KNIFE,MCARR_I1,MCARR_I2,MCARR_ID,GVWR,V_CONFIG,CARGO_BT,HAZ_INV,HAZ_PLAC,HAZ_ID,HAZ_CNO,HAZ_REL,BUS_USE,SPEC_USE,EMER_USE,TRAV_SP,UNDERIDE,ROLLOVER,ROLINLOC,IMPACT1,IMPACT2,DEFORMED,TOWED,M_HARM,VEH_SC1,VEH_SC2,FIRE_EXP,DR_PRES,L_STATE,DR_ZIP,L_STATUS,L_TYPE,CDL_STAT,L_ENDORS,L_COMPL,L_RESTRI,DR_HGT,DR_WGT,PREV_ACC,PREV_SUS,PREV_DWI,PREV_SPD,PREV_OTH,FIRST_MO,FIRST_YR,LAST_MO,LAST_YR,SPEEDREL,DR_SF1,DR_SF2,DR_SF3,DR_SF4,VTRAFWAY,VNUM_LAN,VSPD_LIM,VALIGN,VPROFILE,VPAVETYP,VSURCOND,VTRAFCON,VTCONT_F,P_CRASH1,P_CRASH2,P_CRASH3,PCRASH4,PCRASH5,ACC_TYPE,DEATHS,DR_DRINK
28,280018,2,2,1,11,1,9,44,8,0,1,0,28,3,7,499,7499,49,2000,999999999999,9,9,9,9,9,9,9,9,9,9,9,9,0,U,,,,9,17,,,,,,,,0,0,000000000,00000000000,0,0,0,1,0,0,0,0,0,0,0,2,0,0,0,7,7,6,2,12,39,0,0,1,28,39401,6,1,6,0,3,0,67,137,0,0,0,0,0,0,0,0,0,0,0,0,0,0,1,2,55,1,5,2,4,0,0,4,53,1,1,1,98,0,0
28,280019,1,1,1,11,1,23,53,1,0,1,0,28,1,63,34,63034,4,2003,KNAGD1269352,K,N,A,G,D,1,2,6,9,3,5,2,0,P,KIA,OLS,4D,3,17,3281,,0,1063,,G,,0,0,000000000,00000000000,0,0,0,1,0,0,0,0,0,0,0,999,0,9,3,0,13,6,2,1,0,0,0,1,28,39402,6,1,0,0,3,0,70,150,0,0,0,0,0,0,0,0,0,1,58,0,0,0,2,2,65,1,1,2,1,0,0,1,12,98,9,4,7,1,1
28,280020,1,1,2,12,1,16,2,10,0,1,0,28,1,20,481,20481,31,1975,CCV145A14203,C,C,V,1,4,5,A,1,4,2,0,3,0,P,,,,,,,,,,,,,0,0,000000000,00000000000,0,0,0,1,0,0,0,0,0,0,0,999,0,0,0,12,12,6,2,10,0,0,0,1,28,39111,6,1,0,0,3,0,64,182,0,0,0,1,0,12,2007,12,2007,0,38,39,0,0,1,2,55,1,1,2,1,65,3,1,17,1,1,1,15,2,0
28,280021,1,1,1,13,1,15,21,1,0,1,0,28,1,35,34,35034,1,1986,JN1HZ14S8GX1,J,N,1,H,Z,1,4,S,8,G,X,1,0,P,NISS,30X,2H,86,17,2966,,0,913,,G,,0,0,000000000,00000000000,0,0,0,1,0,0,0,0,0,0,0,999,0,1,9,0,98,6,2,1,0,0,0,1,28,38773,6,1,0,0,3,0,76,210,0,0,0,0,1,12,2007,12,2007,0,51,58,0,0,1,2,55,2,2,2,1,28,3,14,54,7,9,4,3,1,0
28,280022,1,1,1,13,1,16,58,34,0,1,0,28,2,35,47,35047,4,2004,1N4AL11DX4C1,1,N,4,A,L,1,1,D,X,4,C,1,0,P,NISS,ABS,4D,4,17,2913,,0,1102,,G,,0,0,000000000,00000000000,0,0,0,1,0,0,0,0,0,0,0,999,0,1,5,12,98,6,2,1,0,0,0,1,28,39503,6,1,0,0,3,0,69,205,0,0,0,0,1,4,2007,4,2007,1,51,58,0,0,1,2,35,1,1,2,1,0,0,1,54,7,9,4,3,1,1
28,280023,1,2,1,15,1,19,0,12,6,1,0,28,2,20,20,20020,4,1999,2G1WL52M7X91,2,G,1,W,L,5,2,M,7,X,9,1,0,P,CHEV,L/S,4D,99,17,3330,,0,1075,,G,,0,0,000000000,00000000000,0,0,0,1,0,0,0,0,0,0,0,999,0,0,0,3,3,6,2,12,0,0,0,1,28,39328,6,1,0,0,3,0,74,230,0,0,0,0,0,0,0,0,0,0,38,39,0,0,1,2,45,1,1,2,1,20,3,1,17,1,1,2,88,1,0
28,280023,2,2,1,15,1,19,0,12,6,1,0,0,0,7,472,7472,30,2007,999999999999,9,9,9,9,9,9,9,9,9,9,9,9,0,U,,,,9,17,,,,,,,,0,0,000000000,00000000000,0,0,0,1,0,0,0,0,0,0,0,999,0,0,0,11,11,6,2,12,0,0,0,1,28,39350,6,1,0,0,3,0,66,175,0,0,0,1,0,5,2008,5,2008,0,0,0,0,0,1,2,45,1,1,2,1,20,3,1,17,1,1,1,89,0,0
28,280024,1,1,1,18,1,6,28,8,0,1,0,28,1,20,481,20481,31,1999,1GAHG39R5X11,1,G,A,H,G,3,9,R,5,X,1,1,0,T,CHEV,EX3,ES,99,17,,2,0,1550,EXP,G,,0,0,000000000,00000000000,0,0,0,1,0,0,0,0,0,0,0,35,0,0,0,12,12,6,2,8,0,0,0,1,28,39213,6,1,0,0,3,0,64,150,0,0,0,0,0,0,0,0,0,0,0,0,0,0,1,2,35,1,1,2,1,20,3,1,80,1,1,1,13,0,0
28,280025,1,1,1,18,1,19,17,42,0,1,0,28,1,23,481,23481,31,1999,1GTEK14W0XE5,1,G,T,E,K,1,4,W,0,X,E,5,0,T,GMC,NK1,PK,99,17,,2,1330,1190,SIE,G,,0,0,000000000,00000000000,0,0,0,1,0,0,0,0,0,0,0,999,0,0,0,12,12,6,2,42,0,0,0,1,28,39477,6,1,0,0,3,0,72,145,0,0,0,0,0,0,0,0,0,1,0,0,0,0,1,2,55,1,2,2,1,0,0,1,12,99,9,4,6,1,0
28,280026,1,2,1,19,1,16,17,12,1,1,0,28,2,86,884,86884,66,1995,1M2P267Y0SM0,1,M,2,P,2,6,7,Y,0,S,M,0,1,T,MACK,RD6,TR,95,17,,8,0,0,600,D,,1,56,78065,5678065,3,19,98,1,0,0,0,0,0,0,0,30,0,1,3,12,98,6,2,12,0,0,0,1,28,39401,6,1,6,0,3,1,68,180,0,0,0,0,0,0,0,0,0,0,0,0,0,0,2,2,45,1,1,2,1,0,0,1,52,1,1,1,28,0,0
28,280026,2,2,2,19,1,16,17,12,1,1,0,28,1,12,481,12481,31,1999,1FTYR14C5XPA,1,F,T,Y,R,1,4,C,5,X,P,A,0,T,FORD,RNS,PS,99,17,,1,0,1257,RNG,G,,0,0,000000000,00000000000,0,0,0,1,0,0,0,0,0,0,0,999,0,0,0,6,6,6,2,12,0,0,0,1,28,39401,6,1,0,0,3,0,74,160,0,0,0,0,0,0,0,0,0,0,0,0,0,0,2,2,45,1,1,2,1,0,0,2,53,1,1,1,29,2,0
28,280027,1,1,3,19,1,19,4,42,0,1,0,28,1,63,401,63401,14,2001,KNDJA7231150,K,N,D,J,A,7,2,3,1,1,5,0,0,P,KIA,SPO,UT,1,17,3352,,0,1043,,G,,0,0,000000000,00000000000,0,0,0,1,0,0,0,0,0,0,0,999,0,1,9,12,13,6,2,1,0,0,0,1,28,39066,6,1,0,0,3,0,64,175,0,0,0,0,0,0,0,0,0,1,0,0,0,0,1,2,55,2,1,2,1,0,0,14,13,1,1,4,6,2,1
28,280028,1,1,2,20,1,8,35,1,0,1,0,28,3,12,401,12401,14,1993,1FMDU32X3PUB,1,F,M,D,U,3,2,X,3,P,U,B,0,P,FORD,EPR,UT,93,17,3858,,0,1120,,G,,0,0,000000000,00000000000,0,0,0,1,0,0,0,0,0,0,0,999,0,1,3,0,13,6,2,1,0,0,0,1,1,36904,6,1,0,0,3,0,65,125,0,0,0,0,0,0,0,0,0,0,0,0,0,0,2,2,70,1,2,2,1,0,0,1,12,1,1,4,6,2,0
28,280029,1,1,3,21,1,13,37,1,0,1,0,28,1,20,422,20422,15,2004,3GNEC16ZX4G2,3,G,N,E,C,1,6,Z,X,4,G,2,0,P,CHEV,C15,UT,4,17,4947,,0,1300,,F,,0,0,000000000,00000000000,0,0,0,1,0,0,0,0,0,0,0,55,0,9,9,0,13,6,2,1,0,0,0,1,28,39040,6,1,0,0,3,0,72,240,0,0,0,0,0,0,0,0,0,0,0,0,0,0,1,2,55,1,1,2,1,0,0,1,12,1,1,4,1,1,0
28,280030,1,1,1,21,1,21,53,8,0,1,0,28,2,20,481,20481,31,1997,2GCEC19M2V11,2,G,C,E,C,1,9,M,2,V,1,1,0,T,CHEV,GC1,PC,97,17,,2,1555,1415,GM4,G,,0,0,000000000,00000000000,0,0,0,1,0,0,0,0,0,0,0,45,0,0,0,12,12,6,2,8,0,0,0,1,28,39638,6,2,0,0,3,0,71,140,0,0,0,0,0,0,0,0,0,0,0,0,0,0,1,2,45,1,1,2,1,0,0,1,81,1,1,1,13,0,0
28,280031,1,1,1,22,1,18,26,10,0,1,0,28,1,35,47,35047,4,2006,1N4AL11D56C2,1,N,4,A,L,1,1,D,5,6,C,2,0,P,NISS,ASL,4D,6,17,2915,,0,1102,,G,,0,0,000000000,00000000000,0,0,0,1,0,0,0,0,0,0,0,5,0,0,0,11,12,6,2,10,0,0,0,1,28,39560,6,1,0,0,3,1,64,100,0,0,0,0,0,0,0,0,0,0,38,39,0,0,1,2,98,1,1,2,1,65,3,1,17,1,1,1,15,1,0
28,280032,1,2,2,23,1,1,39,12,6,1,0,28,2,12,17,12017,4,1997,1FALP52U0VG1,1,F,A,L,P,5,2,U,0,V,G,1,0,P,FORD,TAG,4D,97,17,3329,,0,1085,,G,,0,0,000000000,00000000000,0,0,0,1,0,0,0,0,0,0,0,999,0,0,0,3,3,6,2,12,0,0,0,1,28,39120,0,0,0,0,0,0,999,999,99,99,99,99,99,99,9999,99,9999,0,38,39,0,0,2,2,45,1,1,2,1,20,3,1,17,1,1,2,87,2,1
28,280032,2,2,1,23,1,1,39,12,6,1,0,28,2,19,14,19014,4,2001,1G6KS54Y81U1,1,G,6,K,S,5,4,Y,8,1,U,1,0,P,CADI,SLS,4D,1,17,3986,,0,1122,,G,,0,0,000000000,00000000000,0,0,0,1,0,0,0,0,0,0,0,66,0,0,0,12,12,6,2,12,0,0,0,1,28,39120,6,1,6,0,3,0,70,140,0,0,0,2,0,11,2007,9,2009,0,0,0,0,0,1,2,65,1,1,2,1,20,3,1,17,2,1,1,86,0,0
28,280033,1,1,1,24,1,2,12,42,0,1,0,28,1,35,401,35401,14,1993,JN8HD17S8PW1,J,N,8,H,D,1,7,S,8,P,W,1,0,P,NISS,PFI,UT,93,17,3582,,0,1043,,G,,0,0,000000000,00000000000,0,0,0,1,0,0,0,0,0,0,0,999,0,0,0,12,12,6,2,42,0,0,0,1,28,39066,6,1,0,0,3,0,70,165,0,0,0,0,0,0,0,0,0,0,0,0,0,0,1,2,40,1,1,2,2,0,0,1,17,1,1,4,6,1,1
28,280034,1,2,1,25,1,9,12,12,6,1,0,28,3,87,884,87884,66,1998,1XP5DB9X9WN4,1,X,P,5,D,B,9,X,9,W,N,4,1,T,PTRB,379,TR,98,17,,8,0,0,CON,D,,1,57,1907658,571907658,3,6,10,1,0,0,0,0,0,0,0,55,0,0,0,12,12,6,2,12,0,0,0,1,28,39601,6,1,6,0,3,0,72,190,0,0,0,0,0,0,0,0,0,0,0,0,0,0,1,2,55,1,1,2,1,0,0,1,78,1,1,1,85,0,0
28,280034,2,2,2,25,1,9,12,12,6,1,0,28,1,21,3,21003,4,1998,1G3HC52K0W48,1,G,3,H,C,5,2,K,0,W,4,8,0,P,OLDS,REG,4D,98,17,3501,,0,1108,,G,,0,0,000000000,00000000000,0,0,0,1,0,0,0,0,0,0,0,55,0,0,0,9,9,6,2,12,0,0,0,1,28,39641,6,1,0,0,3,0,71,150,0,0,0,0,0,0,0,0,0,0,39,0,0,0,1,2,55,1,1,2,1,0,0,11,19,1,1,1,85,1,0
28,280035,1,1,1,25,1,23,46,42,0,1,0,28,1,12,481,12481,31,2002,1FTRF07202KB,1,F,T,R,F,0,7,2,0,2,K,B,0,T,FORD,F15,PK,2,17,,2,0,1195,COF,G,,0,0,000000000,00000000000,0,0,0,1,0,0,0,0,0,0,0,999,0,0,0,12,12,6,2,42,0,0,1,1,28,39465,6,1,0,0,3,0,69,200,0,0,0,0,0,0,0,0,0,0,0,0,0,0,1,2,45,2,3,2,1,0,0,14,13,1,1,4,6,1,1
28,280036,1,2,1,28,1,19,15,12,2,1,0,28,1,52,34,52034,4,1997,4A3AJ56G8VE0,4,A,3,A,J,5,6,G,8,V,E,0,0,P,MITS,UEL,4D,97,17,2943,,0,1037,,G,,0,0,000000000,00000000000,0,0,0,1,0,0,0,0,0,0,0,999,0,0,0,12,12,6,2,12,0,0,0,1,28,39427,6,1,0,0,3,0,64,147,0,0,0,0,0,0,0,0,0,0,0,0,0,0,1,2,55,1,2,2,1,0,0,1,11,1,1,2,50,1,0
28,280036,2,2,1,28,1,19,15,12,2,1,0,28,1,14,6,14006,4,1999,2MEFM74W1XX6,2,M,E,F,M,7,4,W,1,X,X,6,0,P,MERC,GMG,4D,99,17,3917,,0,1147,,G,,0,0,000000000,00000000000,0,0,0,1,0,0,0,0,0,0,0,65,0,0,0,12,12,6,2,12,0,0,0,1,28,39474,6,1,0,0,3,0,66,130,0,0,0,0,0,0,0,0,0,1,28,0,0,0,1,2,65,1,2,2,1,0,0,1,11,1,1,2,51,0,0
28,280037,1,1,1,28,1,20,5,8,0,1,0,28,1,22,18,22018,4,2002,1G2NW52E52M6,1,G,2,N,W,5,2,E,5,2,M,6,0,P,PONT,GAG,4D,2,17,3168,,0,1070,,G,,0,0,000000000,00000000000,0,0,0,1,0,0,0,0,0,0,0,50,0,0,0,12,12,6,2,8,0,0,0,1,28,39074,6,1,0,0,3,0,68,160,0,0,0,0,0,0,0,0,0,0,0,0,0,0,1,2,50,1,1,2,1,3,3,1,80,1,1,1,13,0,0
28,280038,1,1,1,29,1,14,36,42,0,1,0,28,1,7,472,7472,30,1993,1B7GG23Y1PS1,1,B,7,G,G,2,3,Y,1,P,S,1,0,T,DODG,DAK,PC,93,17,,1,0,1309,DAK,G,,0,0,000000000,00000000000,0,0,0,1,0,0,0,0,0,0,0,35,0,0,0,12,12,6,2,42,0,0,0,1,28,39041,6,1,0,0,3,0,70,165,0,0,0,0,0,0,0,0,0,0,0,0,0,0,1,2,45,1,1,2,2,0,0,1,13,1,1,4,1,1,0
28,280039,1,1,4,30,1,1,51,34,0,1,0,28,1,13,482,13482,31,2006,5LTPW18546FJ,5,L,T,P,W,1,8,5,4,6,F,J,0,T,LINC,MLT,CW,6,17,,2,0,1385,MRK,G,,0,0,000000000,00000000000,0,0,0,1,0,0,0,0,0,0,0,998,0,0,0,12,12,6,2,34,0,0,0,1,28,39204,6,1,0,0,3,0,65,165,0,0,0,0,0,0,0,0,0,1,0,0,0,0,2,2,70,1,1,2,4,0,0,1,11,1,1,4,1,1,0
28,280040,1,2,3,31,1,2,4,12,6,1,0,28,1,41,471,41471,30,1994,4F4CR12AXRTM,4,F,4,C,R,1,2,A,X,R,T,M,0,T,MAZD,RGC,PK,94,17,,1,0,1079,B23,G,,0,0,000000000,00000000000,0,0,0,1,0,0,0,0,0,0,0,0,0,0,0,3,3,6,2,12,0,0,0,1,28,39476,6,1,0,0,3,0,69,113,0,1,1,0,0,7,2009,10,2009,0,38,39,0,0,2,2,65,1,1,2,1,20,3,5,17,1,1,2,88,0,1
28,280040,2,2,3,31,1,2,4,12,6,1,0,28,1,20,481,20481,31,1992,2GCEC19H4N12,2,G,C,E,C,1,9,H,4,N,1,2,0,T,CHEV,GC1,PC,92,17,,2,1555,1415,GM4,G,,0,0,000000000,00000000000,0,0,0,1,0,0,0,0,0,0,0,65,0,0,0,11,11,6,2,12,0,0,0,1,28,39440,6,1,0,0,3,0,67,204,0,0,0,0,0,0,0,0,0,0,0,0,0,0,1,2,65,1,1,2,1,20,3,1,17,1,1,2,89,1,0
28,280041,1,1,2,31,1,2,53,42,0,1,0,28,1,20,481,20481,31,1992,1GCDC14Z4NZ2,1,G,C,D,C,1,4,Z,4,N,Z,2,0,T,CHEV,GC1,PK,92,17,,1,1315,1175,GM4,G,,0,0,000000000,00000000000,0,0,0,1,0,0,0,0,0,0,0,999,0,9,9,12,13,6,2,1,0,0,0,1,28,39094,6,1,6,0,3,0,74,185,0,0,0,2,0,8,2007,2,2008,0,0,0,0,0,2,2,65,1,1,2,1,0,0,1,13,99,1,4,1,1,1
28,280042,1,2,1,1,2,16,45,12,6,1,0,28,1,49,472,49472,30,1998,4TAWN72N0WZ1,4,T,A,W,N,7,2,N,0,W,Z,1,0,T,TOYT,XTR,PC,98,17,,1,0,1219,TAC,G,,0,0,000000000,00000000000,0,0,0,1,0,0,0,0,0,0,0,55,0,0,0,11,11,6,2,12,0,0,0,1,28,38868,6,1,6,0,3,0,76,265,0,0,0,0,0,0,0,0,0,0,0,0,0,0,2,2,55,1,1,2,2,20,3,1,17,1,1,1,88,0,0
28,280042,2,2,1,1,2,16,45,12,6,1,0,28,1,14,6,14006,4,1997,2MELM74W5VX7,2,M,E,L,M,7,4,W,5,V,X,7,0,P,MERC,GMG,4D,97,17,3792,,0,1144,,G,,0,0,000000000,00000000000,0,0,0,1,0,0,0,0,0,0,0,60,0,0,0,11,11,6,2,12,0,0,0,1,28,38869,6,1,0,0,3,0,60,168,0,0,0,0,0,0,0,0,0,0,38,39,0,0,2,2,55,1,1,2,2,20,3,1,17,1,1,2,89,1,0
28,280043,1,2,1,2,2,16,58,12,6,1,0,28,3,7,461,7461,21,1993,2B7GB11Y2PK5,2,B,7,G,B,1,1,Y,2,P,K,5,0,T,DODG,B15,CG,93,17,,1,1276,1096,RMV,G,,0,0,000000000,00000000000,0,0,0,1,0,0,0,0,0,0,0,55,0,0,0,9,9,6,2,12,0,0,0,1,28,39452,6,1,0,0,3,0,70,178,0,0,0,0,0,0,0,0,0,0,0,0,0,0,1,2,55,1,1,2,1,3,3,1,17,1,1,1,88,1,0
28,280043,2,2,4,2,2,16,58,12,6,1,0,17,4,6,43,6043,4,2009,1C3LC46B49N5,1,C,3,L,C,4,6,B,4,9,N,5,0,P,CHRY,SLX,4D,9,17,3287,,0,1089,,G,,0,0,000000000,00000000000,0,0,0,1,0,0,0,0,0,0,0,40,0,0,0,11,11,6,2,12,0,0,0,1,34,8021,6,1,0,0,3,0,70,165,0,0,0,0,0,0,0,0,0,0,38,39,0,0,1,2,55,1,1,2,1,3,3,1,17,1,1,1,89,0,0
28,280044,1,1,4,4,2,18,58,42,0,1,0,28,1,21,23,21023,4,1999,1G3WH52K8XF3,1,G,3,W,H,5,2,K,8,X,F,3,0,P,OLDS,IGX,4D,99,17,3467,,0,1090,,G,,0,0,000000000,00000000000,0,0,0,1,0,0,0,0,0,0,0,40,0,0,0,12,12,6,2,42,0,0,0,1,28,39328,6,1,0,0,3,0,61,120,0,0,0,1,0,3,2009,3,2009,1,0,0,0,0,1,2,45,1,1,2,2,0,0,1,13,1,1,4,1,1,0
28,280045,1,1,2,5,2,6,30,42,0,1,0,28,1,14,6,14006,4,2002,2MEFM75W52X6,2,M,E,F,M,7,5,W,5,2,X,6,0,P,MERC,MGL,4D,2,17,3970,,0,1147,,G,,0,0,000000000,00000000000,0,0,0,1,0,0,0,0,0,0,0,999,0,0,0,12,12,6,2,42,0,0,0,1,28,39176,6,1,0,0,3,0,68,200,0,0,0,0,0,0,0,0,0,0,0,0,0,0,1,2,55,4,1,2,2,0,0,14,13,1,1,4,1,1,0
28,280046,1,1,2,6,2,10,6,42,0,1,0,28,1,20,36,20036,2,2000,2G1WW12E2Y91,2,G,1,W,W,1,2,E,2,Y,9,1,0,P,CHEV,MLS,CP,0,17,3340,,0,1075,,G,,0,0,000000000,00000000000,0,0,0,1,0,0,0,0,0,0,0,70,0,0,0,12,2,6,2,42,0,0,0,1,28,39041,6,1,0,0,3,0,74,243,0,0,0,0,0,0,0,0,0,0,0,0,0,0,2,2,70,1,1,2,1,0,0,1,13,1,1,4,1,1,0
28,280047,1,1,2,8,2,1,4,25,0,1,0,28,1,14,39,14039,4,2003,2MEHM75V63X6,2,M,E,H,M,7,5,V,6,3,X,6,0,P,MERC,MAU,4D,3,17,4165,,0,1147,,G,,0,0,000000000,00000000000,0,0,0,1,0,0,0,0,0,0,0,35,0,0,0,12,2,6,2,25,0,0,0,1,28,39157,6,1,0,0,3,0,71,215,0,0,0,1,0,6,2008,6,2008,0,0,0,0,0,3,4,35,1,1,2,1,0,0,1,13,1,1,4,1,1,1
28,280048,1,1,2,8,2,8,55,42,0,1,0,28,2,41,35,41035,4,1992,JM1BG2244N04,J,M,1,B,G,2,2,4,4,N,0,4,0,P,MAZD,PDX,4D,92,17,2388,,0,984,,G,,0,0,000000000,00000000000,0,0,0,1,0,0,0,0,0,0,0,55,0,0,0,12,12,6,2,42,0,0,0,1,28,39752,6,1,0,0,3,0,66,130,0,0,0,0,0,0,0,0,0,0,0,0,0,0,1,2,55,1,3,2,1,0,0,1,12,1,1,4,6,1,0
28,280049,1,1,1,8,2,15,55,1,0,1,0,28,1,20,401,20401,14,1998,1GNCS13W9W21,1,G,N,C,S,1,3,W,9,W,2,1,0,P,CHEV,BZR,UT,98,17,3685,,0,1070,,G,,0,0,000000000,00000000000,0,0,0,1,0,0,0,0,0,0,0,80,0,9,9,0,13,6,2,1,0,0,0,1,28,39565,6,1,0,0,3,0,68,155,0,0,0,0,0,0,0,0,0,1,58,0,0,0,1,2,40,1,2,2,1,0,0,1,12,6,1,4,6,1,0
28,280050,1,2,1,8,2,17,58,12,2,1,0,28,2,22,18,22018,2,1994,1G2NW15M5RC7,1,G,2,N,W,1,5,M,5,R,C,7,0,P,PONT,GAG,CP,94,17,2822,,0,1034,,G,,0,0,000000000,00000000000,0,0,0,1,0,0,0,0,0,0,0,998,0,0,0,12,12,6,2,12,0,0,0,1,28,38620,6,1,0,0,3,0,73,175,0,0,0,0,0,0,0,0,0,0,28,0,0,0,1,2,55,1,3,2,2,0,0,1,10,1,1,2,51,1,1
28,280050,2,2,1,8,2,17,58,12,2,1,0,28,2,12,3,12003,2,2005,1ZVFT80N9551,1,Z,V,F,T,8,0,N,9,5,5,1,0,P,FORD,MUS,CP,5,17,3300,,0,1071,,G,,0,0,000000000,00000000000,0,0,0,1,0,0,0,0,0,0,0,55,0,0,0,12,12,6,2,12,0,0,0,1,28,38658,6,1,0,0,3,0,69,160,0,0,0,0,0,0,0,0,0,0,0,0,0,0,1,2,55,1,3,2,2,0,0,1,11,1,1,1,50,0,0
28,280051,1,1,2,10,2,19,0,8,0,1,0,28,2,37,32,37032,4,2004,1HGCM56764A1,1,H,G,C,M,5,6,7,6,4,A,1,0,P,HOND,UEX,4D,4,17,0,,0,1079,,G,,0,0,000000000,00000000000,0,0,0,1,0,0,0,0,0,0,0,40,0,0,0,12,12,2,1,8,0,0,0,1,28,39565,6,1,0,0,3,0,64,150,0,0,0,0,0,0,0,0,0,0,0,0,0,0,1,2,40,1,1,2,1,0,0,1,80,1,1,1,13,0,0
28,280052,1,1,1,11,2,19,25,8,0,1,0,28,2,85,884,85884,66,2008,2NKMHM6X48M2,2,N,K,M,H,M,6,X,4,8,M,2,1,T,KW,T30,CC,8,17,,6,2800,1450,CON,D,,1,56,42211,5642211,3,19,98,1,0,0,0,0,0,0,0,60,0,0,0,12,12,2,1,8,0,0,0,1,22,70785,6,1,6,0,3,0,72,180,0,0,0,0,0,0,0,0,0,0,0,0,0,0,2,2,50,1,1,2,2,0,0,1,80,1,1,1,13,0,0
28,280053,1,2,2,12,2,15,25,12,6,1,0,28,1,20,421,20421,15,1996,1GNEC13R5TJ3,1,G,N,E,C,1,3,R,5,T,J,3,0,P,CHEV,CTA,UT,96,17,5134,,0,1175,,G,,0,0,000000000,00000000000,0,0,0,1,0,0,0,0,0,0,0,10,0,0,0,12,12,6,2,12,0,0,0,1,28,39203,6,1,0,0,3,0,71,200,0,0,0,0,0,0,0,0,0,0,38,39,0,0,2,2,35,1,1,2,2,20,3,1,17,1,1,1,88,1,0
28,280053,2,2,1,12,2,15,25,12,6,1,0,28,1,52,34,52034,4,2001,4A3AA46G91E1,4,A,3,A,A,4,6,G,9,1,E,1,0,P,MITS,GES,4D,1,17,3075,,0,1037,,G,,0,0,000000000,00000000000,0,0,0,1,0,0,0,0,0,0,0,60,0,0,0,9,9,6,2,12,0,0,0,1,28,39213,6,1,0,0,3,1,63,122,0,0,0,0,0,0,0,0,0,1,0,0,0,0,2,2,35,1,1,2,2,20,3,1,17,1,1,2,89,0,0
28,280054,1,1,1,13,2,11,38,1,0,1,0,28,1,49,481,49481,31,1995,JT4VD22E4S00,J,T,4,V,D,2,2,E,4,S,0,0,0,T,TOYT,TXD,PC,95,17,,1,0,1218,T10,G,,0,0,000000000,00000000000,0,0,0,1,0,0,0,0,0,0,0,999,0,9,9,0,13,6,2,1,0,0,0,1,28,39345,6,1,6,0,3,0,72,230,0,0,0,0,0,0,0,0,0,1,0,0,0,0,1,2,55,4,1,2,1,0,0,14,12,1,9,4,6,1,0
28,280055,1,2,3,13,2,23,6,12,2,1,0,28,2,20,431,20431,16,2000,3GNEC16T6YG1,3,G,N,E,C,1,6,T,6,Y,G,1,0,P,CHEV,C15,UT,0,17,4914,,0,1300,,G,,0,0,000000000,00000000000,0,0,0,1,0,0,0,0,0,0,0,60,0,0,0,12,12,6,2,12,0,0,0,1,28,39218,0,0,0,0,0,0,999,999,99,99,99,99,99,99,9999,99,9999,0,0,0,0,0,2,2,50,1,1,2,1,0,0,1,11,1,1,1,50,0,0
28,280055,2,2,1,13,2,23,6,12,2,1,0,28,2,22,16,22016,4,1996,1G2JB5246T75,1,G,2,J,B,5,2,4,6,T,7,5,0,P,PONT,SFS,4D,96,17,2655,,0,1041,,G,,0,0,000000000,00000000000,0,0,0,1,0,0,0,0,0,0,0,50,0,0,0,12,12,6,2,12,0,0,0,1,28,39209,6,2,0,0,3,0,67,170,0,0,0,0,0,0,0,0,0,0,28,0,0,0,2,2,50,1,1,2,1,0,0,1,10,1,9,2,51,1,0
28,280056,1,2,1,13,2,21,20,12,2,1,0,28,2,24,1,24001,4,2000,1G8ZH528XYZ2,1,G,8,Z,H,5,2,8,X,Y,Z,2,0,P,STRN,SL1,4D,0,17,2332,,0,1024,,G,,0,0,000000000,00000000000,0,0,0,1,0,0,0,0,0,0,0,999,0,0,0,12,12,6,2,12,0,0,0,1,28,39090,0,0,0,0,0,0,999,999,99,99,99,99,99,99,9999,99,9999,0,35,0,0,0,1,2,55,1,3,2,1,0,0,6,11,99,1,2,50,1,0
28,280056,2,2,2,13,2,21,20,12,2,1,0,28,2,12,481,12481,31,1997,1FTDX1762VNC,1,F,T,D,X,1,7,6,2,V,N,C,0,T,FORD,F15,3C,97,17,,1,1570,1390,COF,G,,0,0,000000000,00000000000,0,0,0,1,0,0,0,0,0,0,0,55,0,0,0,12,12,6,2,12,0,0,0,1,28,39067,6,2,0,0,3,0,65,115,0,0,0,0,0,0,0,0,0,0,0,0,0,0,1,2,55,1,3,2,1,0,0,1,11,99,1,2,51,0,0
28,280057,1,1,1,14,2,6,47,42,0,1,0,28,1,20,421,20421,15,1994,1GNCS18W9R01,1,G,N,C,S,1,8,W,9,R,0,1,0,P,CHEV,S10,UT,94,17,3205,,0,1005,,G,,0,0,000000000,00000000000,0,0,0,1,0,0,0,0,0,0,0,999,0,0,0,12,12,6,2,42,0,0,0,1,28,38863,6,1,0,0,3,0,67,130,0,1,1,2,0,6,2007,5,2009,0,0,0,0,0,1,2,55,1,1,2,1,0,0,1,12,1,1,4,6,1,0