STATE,ST_CASE,VEH_NO,VE_FORMS,NUMOCCS,DAY,MONTH,HOUR,MINUTE,HARM_EV,MAN_COLL,UNITTYPE,HIT_RUN,REG_STAT,OWNER,MAKE,MODEL,MAK_MOD,BODY_TYP,MOD_YEAR,VIN,VIN_1,VIN_2,VIN_3,VIN_4,VIN_5,VIN_6,VIN_7,VIN_8,VIN_9,VIN_10,VIN_11,VIN_12,TOW_VEH,VINTYPE,VINMAKE,VINA_MOD,VIN_BT,VINMODYR,VIN_LNGT,VIN_WGT,WGTCD_TR,WHLBS_LG,WHLBS_SH,SER_TR,FUELCODE,MCYCL_DS,J_KNIFE,MCARR_I1,MCARR_I2,MCARR_ID,GVWR,V_CONFIG,CARGO_BT,HAZ_INV,HAZ_PLAC,HAZ_ID,HAZ_CNO,HAZ_REL,BUS_USE,SPEC_USE,EMER_USE,TRAV_SP,UNDERIDE,ROLLOVER,ROLINLOC,IMPACT1,IMPACT2,DEFORMED,TOWED,M_HARM,VEH_SC1,VEH_SC2,FIRE_EXP,DR_PRES,L_STATE,DR_ZIP,L_STATUS,L_TYPE,CDL_STAT,L_ENDORS,L_COMPL,L_RESTRI,DR_HGT,DR_WGT,PREV_ACC,PREV_SUS,PREV_DWI,PREV_SPD,PREV_OTH,FIRST_MO,FIRST_YR,LAST_MO,LAST_YR,SPEEDREL,DR_SF1,DR_SF2,DR_SF3,DR_SF4,VTRAFWAY,VNUM_LAN,VSPD_LIM,VALIGN,VPROFILE,VPAVETYP,VSURCOND,VTRAFCON,VTCONT_F,P_CRASH1,P_CRASH2,P_CRASH3,PCRASH4,PCRASH5,ACC_TYPE,DEATHS,DR_DRINK
28,280098,1,2,1,24,3,14,45,12,1,1,0,28,3,87,884,87884,66,1997,1XPCDR8X8VN4,1,X,P,C,D,R,8,X,8,V,N,4,1,T,PTRB,377,TR,97,17,,8,0,0,CON,D,,1,57,1184437,571184437,3,6,9,1,0,0,0,0,0,0,0,998,0,0,0,6,6,6,2,12,0,0,0,1,28,38876,6,1,6,0,3,0,68,190,0,0,0,0,0,0,0,0,0,0,0,0,0,0,1,2,50,1,1,2,1,0,0,2,18,1,1,1,29,0,0
28,280098,2,2,1,24,3,14,45,12,1,1,0,28,1,20,461,20461,21,1993,1GBEG25Z4PF3,1,G,B,E,G,2,5,Z,4,P,F,3,0,T,CHEV,SV2,IC,93,17,,2,1250,1100,S/V,G,,0,0,000000000,00000000000,0,0,0,1,0,0,0,0,0,0,0,55,0,0,0,12,12,6,2,12,0,0,0,1,28,38873,6,1,0,0,3,0,69,185,0,0,0,0,0,0,0,0,0,0,26,0,0,0,1,2,50,1,1,2,1,0,0,1,18,1,1,1,28,1,0
28,280099,1,1,1,24,3,21,45,34,0,1,0,28,1,49,40,49040,4,1992,4T1VK13E6NU0,4,T,1,V,K,1,3,E,6,N,U,0,0,P,TOYT,XLE,4D,92,17,3097,,0,1031,,G,,0,0,000000000,00000000000,0,0,0,1,0,0,0,0,0,0,0,55,0,9,9,12,13,6,2,1,0,0,0,1,28,39426,6,1,0,0,3,0,68,155,0,0,0,0,0,0,0,0,0,0,28,0,0,0,1,2,35,1,1,2,1,0,0,1,12,1,1,4,6,1,0
28,280100,1,1,1,25,3,2,5,8,0,1,0,28,2,55,37,55037,2,2008,KMHHN66F68U2,K,M,H,H,N,6,6,F,6,8,U,2,0,P,HYUN,GSL,CP,8,17,2969,,0,996,,G,,0,0,000000000,00000000000,0,0,0,1,0,0,0,0,0,0,0,70,0,0,0,12,12,2,9,8,0,0,0,1,28,38901,6,1,0,0,3,1,59,112,0,0,0,0,0,0,0,0,0,0,0,0,0,0,2,2,65,1,1,2,1,0,0,1,80,1,1,1,13,0,0
28,280101,1,2,2,25,3,4,33,12,2,1,0,28,2,12,481,12481,31,2004,2FTRF17W54CA,2,F,T,R,F,1,7,W,5,4,C,A,0,T,FORD,HER,PK,4,17,,2,0,1200,COF,G,,0,0,000000000,00000000000,0,0,0,1,0,0,0,0,0,0,0,998,0,0,0,12,12,6,2,12,0,0,0,1,28,38611,6,1,0,0,3,0,70,165,0,0,0,0,0,0,0,0,0,0,0,0,0,0,1,2,45,1,3,2,1,0,0,1,11,1,1,2,51,0,1
28,280101,2,2,1,25,3,4,33,12,2,1,0,28,2,37,31,37031,2,1990,2HGED6354LH5,2,H,G,E,D,6,3,5,4,L,H,5,0,P,HOND,CID,2H,90,17,1927,,0,984,,G,,0,0,000000000,00000000000,0,0,0,1,0,0,0,0,0,0,0,998,0,0,0,12,12,6,2,12,0,0,0,1,28,38611,6,1,0,0,3,0,66,140,0,1,1,0,0,5,2009,11,2009,0,0,0,0,0,1,2,45,1,1,2,1,0,0,1,62,1,1,1,50,1,1
28,280102,1,2,1,25,3,7,40,12,6,1,0,28,1,12,443,12443,20,2005,1FMDK02145GA,1,F,M,D,K,0,2,1,4,5,G,A,0,P,FORD,FSL,UT,5,17,3959,,0,1129,,G,,0,0,000000000,00000000000,0,0,0,1,0,0,0,0,0,0,0,998,0,0,0,3,3,6,2,12,0,0,0,1,28,39047,6,1,0,0,3,0,62,160,0,0,0,0,0,0,0,0,0,0,28,0,0,0,2,2,60,1,1,2,2,0,0,1,17,1,1,2,66,0,0
28,280102,2,2,4,25,3,7,40,12,6,1,0,28,1,59,31,59031,4,2004,JTHBA30G6450,J,T,H,B,A,3,0,G,6,4,5,0,0,P,LEXS,E33,4D,4,17,3460,,0,1071,,G,,0,0,000000000,00000000000,0,0,0,1,0,0,0,0,0,0,0,60,0,0,0,12,12,6,2,12,0,0,0,1,48,78746,6,1,0,0,3,0,70,180,0,0,0,1,0,5,2009,5,2009,0,0,0,0,0,2,2,60,1,1,2,2,0,0,1,11,1,1,2,66,1,0
28,280103,1,1,3,25,3,16,40,42,0,1,0,28,1,63,441,63441,20,2003,KNDUP1313363,K,N,D,U,P,1,3,1,3,3,6,3,0,P,KIA,SED,SV,3,17,4709,,0,1145,,G,,0,0,000000000,00000000000,0,0,0,1,0,0,0,0,0,0,0,998,0,0,0,12,12,6,2,42,0,0,0,1,28,38922,6,1,0,0,3,1,62,235,0,0,0,0,0,0,0,0,0,0,0,0,0,0,2,2,70,1,1,2,1,0,0,1,13,1,1,4,1,1,0
28,280104,1,1,1,26,3,5,45,42,0,1,0,28,1,12,13,12013,2,2002,3FAFP11312R2,3,F,A,F,P,1,1,3,1,2,R,2,0,P,FORD,ZX2,CP,2,17,2478,,0,984,,G,,0,0,000000000,00000000000,0,0,0,1,0,0,0,0,0,0,0,998,0,0,0,12,12,6,2,42,0,0,0,1,28,39402,6,1,0,0,3,0,70,175,0,0,0,1,0,12,2007,12,2007,0,0,0,0,0,2,2,65,1,1,2,1,0,0,1,12,1,1,4,6,1,0
28,280105,1,1,1,26,3,14,43,10,0,1,0,28,1,20,481,20481,31,2002,1GCCS1452281,1,G,C,C,S,1,4,5,2,2,8,1,0,T,CHEV,S14,PK,2,17,,1,0,1083,S,F,,0,0,000000000,00000000000,0,0,0,1,0,0,0,0,0,0,0,998,0,0,0,12,12,6,2,10,0,0,0,1,28,39574,6,1,0,0,3,1,72,180,0,0,0,0,0,0,0,0,0,0,38,39,0,0,1,2,25,1,1,2,1,65,3,1,18,1,1,2,15,1,0
28,280106,1,1,1,26,3,19,48,42,0,1,0,28,1,23,421,23421,15,1997,1GKEK13R4VJ7,1,G,K,E,K,1,3,R,4,V,J,7,0,T,GMC,YUK,4W,97,17,,2,0,1175,YUK,G,,0,0,000000000,00000000000,0,0,0,1,0,0,0,0,0,0,0,999,0,0,0,12,12,6,2,42,0,0,0,1,28,39041,6,1,6,0,3,1,72,160,0,1,1,1,0,8,2007,12,2007,0,0,0,0,0,1,2,55,1,1,2,1,0,0,1,12,1,1,4,6,1,1
28,280107,1,2,1,26,3,22,44,12,6,1,0,28,1,20,404,20404,14,2006,2CNDL13F0662,2,C,N,D,L,1,3,F,0,6,6,2,0,P,CHEV,EQU,UT,6,17,3660,,0,1125,,G,,0,0,000000000,00000000000,0,0,0,1,0,0,0,0,0,0,0,30,0,0,0,11,11,6,2,12,0,0,0,1,28,39206,6,1,0,0,3,0,63,185,0,0,0,0,0,0,0,0,0,0,0,0,0,0,2,2,35,1,1,2,1,3,3,1,17,1,1,2,88,0,0
28,280107,2,2,3,26,3,22,44,12,6,1,0,28,1,20,481,20481,31,2005,1GCEC14X05Z2,1,G,C,E,C,1,4,X,0,5,Z,2,0,T,CHEV,SC1,PK,5,17,,2,1330,1190,SIL,G,,0,0,000000000,00000000000,0,0,0,1,0,0,0,0,0,0,0,999,0,0,0,9,9,6,2,12,0,0,0,1,28,39110,6,1,0,0,3,0,71,155,0,0,0,0,0,0,0,0,0,0,38,39,0,0,2,2,35,1,1,2,1,3,3,1,17,1,1,2,89,1,1
28,280108,1,1,3,26,3,22,33,1,0,1,0,28,1,20,482,20482,31,2003,3GNEC13T43G1,3,G,N,E,C,1,3,T,4,3,G,1,0,T,CHEV,CAV,CW,3,17,,2,0,1300,AVL,G,,0,0,000000000,00000000000,0,0,0,1,0,0,0,0,0,0,0,65,0,9,9,0,13,6,2,1,0,0,0,1,28,38664,6,1,0,0,3,0,66,180,0,0,0,0,0,0,0,0,0,0,80,0,0,0,2,2,65,1,1,2,1,0,0,1,13,1,1,4,1,1,0
28,280109,1,1,1,27,3,0,20,1,0,1,0,28,1,18,18,18018,4,1995,1G4NV55D3SC4,1,G,4,N,V,5,5,D,3,S,C,4,0,P,BUIC,SLG,4D,95,17,2941,,0,1034,,G,,0,0,000000000,00000000000,0,0,0,1,0,0,0,0,0,0,0,998,0,9,9,0,13,6,2,1,0,0,0,1,28,39159,0,0,0,0,0,0,999,999,99,99,99,99,99,99,9999,99,9999,0,0,0,0,0,1,2,55,1,1,2,1,0,0,1,13,1,1,4,1,1,1
28,280110,1,1,1,30,3,19,5,42,0,1,0,28,2,53,709,53709,80,2002,JS1GN7BA3221,J,S,1,G,N,7,B,A,3,2,2,1,0,M,SUZI,G60,RS,2,17,,,,,,,599,0,0,000000000,00000000000,0,0,0,1,0,0,0,0,0,0,0,998,0,0,0,12,12,6,2,42,0,0,0,1,28,38821,6,1,0,0,3,0,75,185,0,0,0,1,2,8,2007,4,2009,1,0,0,0,0,1,2,45,4,2,2,1,0,0,14,13,1,1,4,1,1,1
28,280111,1,1,2,31,3,1,18,18,0,1,0,28,1,20,481,20481,31,2007,999999999999,9,9,9,9,9,9,9,9,9,9,9,9,0,U,,,,9,17,,,,,,,,0,0,000000000,00000000000,0,0,0,1,0,0,0,0,0,0,0,998,0,0,0,12,12,6,2,18,0,0,1,1,28,38829,6,1,0,0,3,0,70,185,0,0,0,0,0,0,0,0,0,0,0,0,0,0,1,2,55,1,1,2,1,0,0,1,13,1,1,4,1,2,1
28,280112,1,1,1,31,3,22,32,1,0,1,0,28,1,20,421,20421,15,2002,1GNDT13WX2K2,1,G,N,D,T,1,3,W,X,2,K,2,0,P,CHEV,BZR,UT,2,17,4114,,0,1070,,G,,0,0,000000000,00000000000,0,0,0,1,0,0,0,0,0,0,0,998,0,1,3,0,13,6,2,1,0,0,0,1,28,39090,6,1,0,0,3,0,73,240,0,0,0,1,0,10,2007,10,2007,0,0,0,0,0,2,2,70,1,1,2,1,0,0,1,12,1,1,4,6,1,1
28,280113,1,2,3,1,4,14,27,12,1,1,0,28,2,37,32,37032,4,1996,1HGCD5653TA0,1,H,G,C,D,5,6,5,3,T,A,0,0,P,HOND,UER,4D,96,17,2974,,0,1069,,G,,0,0,000000000,00000000000,0,0,0,1,0,0,0,0,0,0,0,998,0,0,0,12,12,6,2,12,0,0,0,1,28,39272,6,2,0,0,3,0,69,150,0,0,0,0,0,0,0,0,0,1,26,0,0,0,2,2,55,1,1,2,1,0,0,1,18,1,1,1,24,1,0
28,280113,2,2,1,1,4,14,27,12,1,1,0,18,3,82,884,82884,66,2007,1FUJA6CK87LW,1,F,U,J,A,6,C,K,8,7,L,W,1,T,FRHT,COL,DS,7,17,,8,0,0,CON,D,,1,56,606056,56606056,3,19,98,1,0,0,0,0,0,0,0,998,0,0,0,6,6,6,2,12,0,0,0,1,18,46763,6,1,6,0,3,3,70,185,0,0,0,0,0,0,0,0,0,0,0,0,0,0,2,2,55,1,1,2,1,0,0,1,18,1,1,1,25,0,0
28,280114,1,1,1,1,4,17,51,30,0,1,0,0,0,73,709,73709,80,2007,999999999999,9,9,9,9,9,9,9,9,9,9,9,9,0,U,,,,9,17,,,,,,,,0,0,000000000,00000000000,0,0,0,1,0,0,0,0,0,0,0,999,0,0,0,12,13,6,2,1,0,0,0,1,28,39059,6,1,0,0,3,0,64,130,0,0,0,0,0,0,0,0,0,1,0,0,0,0,1,2,45,4,1,2,1,0,0,14,13,1,1,4,1,1,0
28,280115,1,1,1,1,4,23,44,42,0,1,0,28,1,20,421,20421,15,1989,1GNCS18Z0K82,1,G,N,C,S,1,8,Z,0,K,8,2,0,T,CHEV,SBZ,S2,89,17,,1,0,1005,S10,G,,0,0,000000000,00000000000,0,0,0,1,0,0,0,0,0,0,0,998,0,0,0,12,12,6,2,42,0,0,0,1,28,38824,6,1,0,0,3,0,71,155,0,0,0,1,1,6,2007,12,2007,1,0,0,0,0,1,2,55,4,2,2,1,0,0,14,12,1,1,4,1,1,1
28,280116,1,2,2,2,4,11,9,12,6,1,0,28,3,24,1,24001,4,1995,1G8ZG5280SZ1,1,G,8,Z,G,5,2,8,0,S,Z,1,0,P,STRN,SL1,4D,95,17,2222,,0,1024,,G,,0,0,000000000,00000000000,0,0,0,1,0,0,0,0,0,0,0,998,0,0,0,2,2,6,2,12,0,0,0,1,28,39562,6,1,0,0,3,0,69,180,0,0,0,0,0,0,0,0,0,1,0,0,0,0,2,2,45,1,1,2,1,0,0,1,17,1,1,1,64,1,0
28,280116,2,2,3,2,4,11,9,12,6,1,0,28,1,23,481,23481,31,2002,1GTGC13U62F1,1,G,T,G,C,1,3,U,6,2,F,1,1,T,GMC,1CH,CW,2,17,,2,0,1530,SIE,G,,1,0,000000000,00000000000,0,0,0,1,0,0,0,0,0,0,0,5,0,0,0,11,11,2,1,12,0,0,0,1,28,39520,6,1,0,0,3,1,70,150,0,0,0,0,0,0,0,0,0,0,0,0,0,0,2,2,45,1,1,2,1,0,0,2,18,1,1,2,65,0,0
28,280117,1,1,1,2,4,11,49,42,0,1,0,28,1,49,40,49040,4,2005,4T1BE32K05U5,4,T,1,B,E,3,2,K,0,5,U,5,0,P,TOYT,XLL,4D,5,17,3108,,0,1071,,G,,0,0,000000000,00000000000,0,0,0,1,0,0,0,0,0,0,0,50,0,0,0,12,12,6,2,42,0,0,0,1,28,39120,6,1,0,0,3,0,74,180,0,0,0,0,0,0,0,0,0,0,0,0,0,0,1,2,45,1,2,2,1,0,0,1,13,1,1,4,1,1,0
28,280118,1,2,1,2,4,12,42,12,6,1,0,28,1,18,7,18007,4,1993,1G4AG55N6P64,1,G,4,A,G,5,5,N,6,P,6,4,0,P,BUIC,CSP,4D,93,17,2870,,0,1047,,G,,0,0,000000000,00000000000,0,0,0,1,0,0,0,0,0,0,0,999,0,0,0,3,3,6,2,12,0,0,0,1,28,38834,6,1,0,0,3,0,65,150,0,0,0,0,0,0,0,0,0,0,38,39,0,0,2,2,65,1,1,2,1,0,0,1,17,1,1,1,91,1,0
28,280118,2,2,1,2,4,12,42,12,6,1,0,28,1,23,481,23481,31,2009,1GTEC29019Z2,1,G,T,E,C,2,9,0,1,9,Z,2,0,T,GMC,1NC,4C,9,17,,2,1575,1339,SIE,F,,0,0,000000000,00000000000,0,0,0,1,0,0,0,0,0,0,0,65,0,0,0,12,12,6,2,12,0,0,0,1,28,38852,6,1,0,0,3,1,69,250,0,0,0,0,0,0,0,0,0,0,0,0,0,0,2,2,65,1,1,2,1,0,0,1,17,1,1,2,91,0,0
28,280119,1,2,3,2,4,12,43,12,2,1,0,28,1,12,402,12402,14,2005,1FMYU04105KA,1,F,M,Y,U,0,4,1,0,5,K,A,0,P,FORD,SPE,UT,5,17,3304,,0,1031,,G,,0,0,000000000,00000000000,0,0,0,1,0,0,0,0,0,0,0,75,0,0,0,12,12,6,2,12,0,0,0,1,28,38611,6,1,0,0,3,0,65,180,0,0,0,0,0,0,0,0,0,0,0,0,0,0,2,2,70,1,1,2,1,0,0,1,62,1,1,2,50,1,0
28,280119,2,2,1,2,4,12,43,12,2,1,0,13,2,82,884,82884,66,1999,1FUPDSZB7XDA,1,F,U,P,D,S,Z,B,7,X,D,A,1,T,FRHT,FLD,TR,99,17,,8,0,0,CON,D,,1,57,1689742,571689742,3,6,1,1,0,0,0,0,0,0,0,65,0,0,0,12,12,6,2,12,0,0,0,1,13,30216,6,1,6,0,3,0,70,185,98,0,0,0,0,0,0,0,0,0,0,0,0,0,2,2,70,1,1,2,1,0,0,1,11,1,1,2,51,0,0
28,280120,1,1,1,2,4,13,4,8,0,1,0,1,1,23,481,23481,31,2002,1GCHK23132F1,1,G,C,H,K,2,3,1,3,2,F,1,0,T,CHEV,2KH,CW,2,17,,2,1670,1530,SIL,D,,0,0,000000000,00000000000,0,0,0,1,0,0,0,0,0,0,0,999,0,0,0,12,12,6,2,8,0,0,0,1,1,36522,6,1,0,0,3,0,70,185,0,0,0,0,0,0,0,0,0,0,0,0,0,0,1,2,35,1,1,2,1,0,0,1,80,1,1,1,13,0,0
28,280121,1,1,1,2,4,23,44,1,0,1,0,28,1,18,20,18020,4,2000,2G4WS52J4Y13,2,G,4,W,S,5,2,J,4,Y,1,3,0,P,BUIC,CCU,4D,0,17,3368,,0,1090,,G,,0,0,000000000,00000000000,0,0,0,1,0,0,0,0,0,0,0,45,0,9,9,0,13,6,2,1,0,0,0,1,28,39189,6,1,0,0,3,0,71,185,0,0,0,0,0,0,0,0,0,0,0,0,0,0,1,2,25,1,1,2,1,0,0,1,11,1,1,4,1,1,0
28,280122,1,1,1,3,4,2,17,8,0,1,1,99,9,99,999,99999,99,9999,999999999999,9,9,9,9,9,9,9,9,9,9,9,9,9,U,,,,9,17,,,,,,,,0,99,999999999,99999999999,9,99,99,1,0,0,0,0,99,99,9,999,0,0,0,12,99,9,1,99,99,99,0,1,99,99999,9,9,99,9,9,9,999,999,99,99,99,99,99,99,9999,99,9999,0,86,0,0,0,1,2,30,1,1,2,1,0,0,1,80,1,1,1,13,0,0
28,280123,1,1,1,3,4,8,0,1,0,1,0,28,1,22,22,22022,4,2006,1G2ZG5587641,1,G,2,Z,G,5,5,8,7,6,4,1,0,P,PONT,GS1,4D,6,17,3419,,0,1123,,G,,0,0,000000000,00000000000,0,0,0,1,0,0,0,0,0,0,0,998,0,9,9,0,13,6,2,1,0,0,0,1,28,39429,6,1,0,0,3,0,63,120,0,0,0,0,0,0,0,0,0,1,0,0,0,0,1,2,55,4,1,2,2,0,0,14,13,1,1,4,1,1,0
28,280124,1,1,10,4,4,15,10,1,0,1,0,28,1,12,401,12401,14,1998,1FMZU32E2WZA,1,F,M,Z,U,3,2,E,2,W,Z,A,0,P,FORD,EPR,UT,98,17,3911,,0,1115,,G,,0,0,000000000,00000000000,0,0,0,1,0,0,0,0,0,0,0,60,0,9,9,0,13,6,2,1,0,0,0,1,28,38668,0,0,0,0,0,0,999,999,99,99,99,99,99,99,9999,99,9999,0,0,0,0,0,2,2,70,1,1,2,1,0,0,1,12,1,1,4,1,1,0
28,280125,1,2,2,4,4,17,17,12,2,1,0,1,1,12,25,12025,6,2010,2FMGK5DC8ABA,2,F,M,G,K,5,D,C,8,A,B,A,0,P,FORD,FLE,UT,10,17,0,,0,1179,,G,,0,0,000000000,00000000000,0,0,0,1,0,0,0,0,0,0,0,999,0,0,0,12,12,6,2,12,0,0,0,1,28,39702,6,1,0,0,3,0,64,100,0,0,0,0,0,0,0,0,0,0,0,0,0,0,2,2,55,1,2,2,1,0,0,1,11,1,1,2,51,0,0
28,280125,2,2,1,4,4,17,17,12,2,1,0,47,1,14,20,14020,4,2007,1MEFM40167G6,1,M,E,F,M,4,0,1,6,7,G,6,0,P,MERC,LUX,4D,7,17,3656,,0,1129,,G,,0,0,000000000,00000000000,0,0,0,1,0,0,0,0,0,0,0,999,0,0,0,12,12,6,2,12,0,0,0,1,47,38017,6,1,0,0,3,0,64,125,0,0,0,0,0,0,0,0,0,0,28,0,0,0,2,2,55,1,1,2,1,0,0,1,10,1,1,2,50,1,0
28,280126,1,1,1,4,4,18,32,32,0,1,0,28,1,20,2,20002,4,2000,2G1WF55K4Y91,2,G,1,W,F,5,5,K,4,Y,9,1,0,P,CHEV,IMP,4D,0,17,3389,,0,1110,,G,,0,0,000000000,00000000000,0,0,0,1,0,0,0,0,0,0,0,999,0,0,0,12,12,6,2,32,0,0,0,1,28,39213,6,1,0,0,3,0,66,240,0,0,0,0,0,0,0,0,0,0,0,0,0,0,2,2,50,1,1,2,1,0,0,1,13,1,1,4,1,1,0
28,280127,1,1,1,4,4,22,40,42,0,1,0,28,1,20,22,20022,4,2008,1G1AL58F5871,1,G,1,A,L,5,8,F,5,8,7,1,0,P,CHEV,BLT,4D,8,17,3216,,0,1033,,G,,0,0,000000000,00000000000,0,0,0,1,0,0,0,0,0,0,0,999,0,0,0,12,12,6,2,42,0,0,0,1,28,39347,6,1,0,0,3,1,65,135,0,0,0,0,0,0,0,0,0,0,0,0,0,0,2,2,70,1,1,2,1,0,0,1,12,1,1,4,6,1,0
28,280128,1,1,1,5,4,9,23,42,0,1,0,22,2,20,481,20481,31,2007,1GCEC14C57Z5,1,G,C,E,C,1,4,C,5,7,Z,5,0,T,CHEV,SC1,PK,7,17,,2,1330,1190,SIL,G,,0,0,000000000,00000000000,0,0,0,1,0,0,0,0,0,0,0,999,0,0,0,12,12,6,2,42,0,0,0,1,22,70094,6,1,0,0,3,0,71,165,0,0,0,0,0,0,0,0,0,0,0,0,0,0,1,2,55,1,1,2,1,0,0,1,13,1,1,4,1,1,0
28,280129,1,2,1,5,4,11,43,12,6,1,0,5,1,12,401,12401,14,2001,1FMYU60E61UB,1,F,M,Y,U,6,0,E,6,1,U,B,0,P,FORD,EPR,UT,1,17,3769,,0,1018,,G,,0,0,000000000,00000000000,0,0,0,1,0,0,0,0,0,0,0,999,0,1,9,3,3,6,2,12,0,0,0,1,5,72335,6,1,0,0,3,0,70,180,0,0,0,2,0,10,2009,10,2009,0,39,0,0,0,2,2,65,1,1,2,1,0,0,6,10,1,1,2,64,1,0
28,280129,2,2,1,5,4,11,43,12,6,1,0,28,1,49,471,49471,30,1987,JT4RN50R0H02,J,T,4,R,N,5,0,R,0,H,0,2,0,T,TOYT,RN5,PK,87,17,,1,0,1029,HTP,G,,0,0,000000000,00000000000,0,0,0,1,0,0,0,0,0,0,0,60,0,0,0,12,12,2,1,12,0,0,0,1,28,39479,6,1,6,0,3,0,73,190,0,0,0,0,0,0,0,0,0,0,0,0,0,0,2,2,65,1,1,2,1,0,0,1,18,1,1,2,65,0,0
28,280130,1,2,1,6,4,17,33,12,2,1,0,28,1,12,22,12022,6,2005,1FMDK031X5GA,1,F,M,D,K,0,3,1,X,5,G,A,0,P,FORD,FSL,UT,5,17,3959,,0,1129,,G,,0,0,000000000,00000000000,0,0,0,1,0,0,0,0,0,0,0,999,0,0,0,12,12,6,2,12,0,0,0,1,28,38663,6,1,0,0,3,0,66,135,0,0,0,0,0,0,0,0,0,0,0,0,0,0,1,2,50,1,1,2,1,0,0,1,62,1,1,2,50,0,0
28,280130,2,2,1,6,4,17,33,12,2,1,0,28,1,2,404,2404,14,1996,1J4FJ68S4TL1,1,J,4,F,J,6,8,S,4,T,L,1,0,T,JEEP,SPC,4W,96,17,,1,0,1014,CHK,G,,0,0,000000000,00000000000,0,0,0,1,0,0,0,0,0,0,0,999,0,0,0,12,12,6,2,12,0,0,0,1,28,38610,6,1,0,0,3,0,67,165,0,0,0,1,0,9,2008,9,2008,0,51,0,0,0,1,2,50,1,1,2,1,0,0,1,11,1,1,2,51,1,0
28,280131,1,1,1,7,4,20,2,34,0,1,0,28,1,14,38,14038,2,1999,1ZWFT61L7X57,1,Z,W,F,T,6,1,L,7,X,5,7,0,P,MERC,CU6,2H,99,17,2941,,0,1064,,G,,0,0,000000000,00000000000,0,0,0,1,0,0,0,0,0,0,0,999,0,0,0,12,12,6,2,34,0,0,0,1,28,39657,6,1,0,0,3,0,63,180,0,0,0,0,0,0,0,0,0,0,0,0,0,0,1,2,45,4,1,2,1,0,0,14,13,1,1,4,1,1,0
28,280132,1,1,2,8,4,16,22,42,0,1,0,28,1,20,2,20002,4,2004,2G1WF52EX494,2,G,1,W,F,5,2,E,X,4,9,4,0,P,CHEV,IMP,4D,4,17,3389,,0,1105,,G,,0,0,000000000,00000000000,0,0,0,1,0,0,0,0,0,0,0,999,0,9,9,12,13,6,2,42,0,0,0,1,28,39213,6,1,0,0,3,0,61,190,0,0,0,0,0,0,0,0,0,1,0,0,0,0,1,2,25,1,2,1,1,0,0,1,12,1,1,4,6,1,0
28,280133,1,1,2,9,4,3,50,1,0,1,0,28,1,20,401,20401,14,2002,1GNDS13S4222,1,G,N,D,S,1,3,S,4,2,2,2,0,P,CHEV,TRL,UT,2,17,4442,,0,1130,,G,,0,0,000000000,00000000000,0,0,0,1,0,0,0,0,0,0,0,90,0,9,9,0,13,6,2,1,0,0,0,1,28,39503,6,1,6,0,3,0,65,220,0,1,1,1,0,8,2007,3,2009,1,0,0,0,0,2,2,55,4,1,2,1,0,0,14,12,1,1,4,1,1,1
28,280134,1,2,2,9,4,7,38,12,98,1,0,28,1,41,471,41471,30,1997,4F4DR17X3VTM,4,F,4,D,R,1,7,X,3,V,T,M,0,T,MAZD,4CP,PC,97,17,,1,0,1254,B40,G,,0,0,000000000,00000000000,0,0,0,1,0,0,0,0,0,0,0,999,0,0,0,3,3,6,2,12,0,0,0,1,28,38630,6,1,0,0,3,0,67,195,0,0,0,0,0,0,0,0,0,0,0,0,0,0,2,2,55,1,1,2,1,20,3,1,17,1,1,2,91,1,0
28,280134,2,2,1,9,4,7,38,12,98,1,0,28,1,49,472,49472,30,2006,5TEJU62N16Z2,5,T,E,J,U,6,2,N,1,6,Z,2,0,T,TOYT,DCP,CW,6,17,,1,0,1219,TAC,G,,0,0,000000000,00000000000,0,0,0,1,0,0,0,0,0,0,0,15,0,0,0,12,12,6,2,12,0,0,0,1,28,38614,6,1,0,0,3,0,70,185,0,0,0,0,0,0,0,0,0,0,38,39,0,0,2,2,55,1,1,2,1,20,3,1,17,1,1,2,91,0,0
28,280135,1,3,1,9,4,14,8,12,2,1,0,1,3,84,884,84884,66,2007,2HSCHAPR77C3,2,H,S,C,H,A,P,R,7,7,C,3,1,T,INTL,99I,DS,7,17,,8,0,0,990,D,,1,56,933563,56933563,3,6,3,1,0,0,0,0,0,0,0,35,0,0,0,12,12,6,2,12,0,0,0,1,28,38846,6,1,6,0,3,0,69,175,0,0,0,0,0,0,0,0,0,0,27,0,0,0,2,2,45,1,1,2,1,0,0,15,11,1,1,2,50,0,0
28,280135,2,3,2,9,4,14,8,12,2,1,0,47,1,13,5,13005,4,1998,1LNFM97V3WY6,1,L,N,F,M,9,7,V,3,W,Y,6,0,P,LINC,CON,4D,98,17,3868,,0,1090,,G,,0,0,000000000,00000000000,0,0,0,1,0,0,0,0,0,0,0,998,0,0,0,12,12,6,2,12,0,0,0,1,47,38367,6,1,0,0,3,0,70,180,0,0,0,0,0,0,0,0,0,0,0,0,0,0,2,2,50,1,1,2,1,0,0,1,62,1,4,2,51,1,0