STATE,ST_CASE,VEH_NO,VE_FORMS,NUMOCCS,DAY,MONTH,HOUR,MINUTE,HARM_EV,MAN_COLL,UNITTYPE,HIT_RUN,REG_STAT,OWNER,MAKE,MODEL,MAK_MOD,BODY_TYP,MOD_YEAR,VIN,VIN_1,VIN_2,VIN_3,VIN_4,VIN_5,VIN_6,VIN_7,VIN_8,VIN_9,VIN_10,VIN_11,VIN_12,TOW_VEH,VINTYPE,VINMAKE,VINA_MOD,VIN_BT,VINMODYR,VIN_LNGT,VIN_WGT,WGTCD_TR,WHLBS_LG,WHLBS_SH,SER_TR,FUELCODE,MCYCL_DS,J_KNIFE,MCARR_I1,MCARR_I2,MCARR_ID,GVWR,V_CONFIG,CARGO_BT,HAZ_INV,HAZ_PLAC,HAZ_ID,HAZ_CNO,HAZ_REL,BUS_USE,SPEC_USE,EMER_USE,TRAV_SP,UNDERIDE,ROLLOVER,ROLINLOC,IMPACT1,IMPACT2,DEFORMED,TOWED,M_HARM,VEH_SC1,VEH_SC2,FIRE_EXP,DR_PRES,L_STATE,DR_ZIP,L_STATUS,L_TYPE,CDL_STAT,L_ENDORS,L_COMPL,L_RESTRI,DR_HGT,DR_WGT,PREV_ACC,PREV_SUS,PREV_DWI,PREV_SPD,PREV_OTH,FIRST_MO,FIRST_YR,LAST_MO,LAST_YR,SPEEDREL,DR_SF1,DR_SF2,DR_SF3,DR_SF4,VTRAFWAY,VNUM_LAN,VSPD_LIM,VALIGN,VPROFILE,VPAVETYP,VSURCOND,VTRAFCON,VTCONT_F,P_CRASH1,P_CRASH2,P_CRASH3,PCRASH4,PCRASH5,ACC_TYPE,DEATHS,DR_DRINK
28,280135,3,3,1,9,4,14,8,12,2,1,0,12,1,12,481,12481,31,1999,1FTRX17W1XNB,1,F,T,R,X,1,7,W,1,X,N,B,0,T,FORD,F15,4C,99,17,,2,1571,1385,COF,G,,0,0,000000000,00000000000,0,0,0,1,0,0,0,0,0,0,0,999,0,0,0,12,12,6,2,11,0,0,0,1,28,38834,6,1,0,0,3,0,66,200,0,0,0,0,0,0,0,0,0,0,0,0,0,0,2,2,45,1,1,2,1,0,0,1,11,1,1,1,98,0,0
28,280136,1,1,1,10,4,16,23,34,0,1,0,28,2,49,40,49040,4,2004,4T1BE32KX4U2,4,T,1,B,E,3,2,K,X,4,U,2,0,P,TOYT,UXS,4D,4,17,3086,,0,1071,,G,,0,0,000000000,00000000000,0,0,0,1,0,0,0,0,0,0,0,80,0,0,0,12,12,6,2,34,0,0,0,1,28,38834,6,1,0,0,3,1,66,170,0,0,0,0,0,0,0,0,0,1,0,0,0,0,1,2,20,4,3,2,1,0,0,14,12,1,1,4,1,1,0
28,280137,1,3,1,13,4,7,32,12,6,1,0,0,0,12,16,12016,4,2007,999999999999,9,9,9,9,9,9,9,9,9,9,9,9,0,U,,,,9,17,,,,,,,,0,0,000000000,00000000000,0,0,0,1,0,0,0,0,0,5,1,999,0,0,0,12,12,6,2,12,0,0,0,1,28,38930,6,1,0,0,3,0,64,145,0,0,0,0,0,0,0,0,0,1,16,0,0,0,2,4,45,1,1,2,1,3,3,1,17,1,1,2,86,0,0
28,280137,2,3,1,13,4,7,32,12,6,1,0,28,1,12,481,12481,31,1999,1FTYR10C9XUA,1,F,T,Y,R,1,0,C,9,X,U,A,0,T,FORD,RNG,PK,99,17,,1,1175,1116,RNG,G,,0,0,000000000,00000000000,0,0,0,1,0,0,0,0,0,0,0,999,0,0,0,3,12,6,2,12,0,0,0,1,28,38923,6,1,0,0,3,0,65,160,0,0,0,0,0,0,0,0,0,0,0,0,0,0,2,4,45,1,1,2,1,3,3,1,17,1,1,2,87,1,0
28,280137,3,3,1,13,4,7,32,12,6,1,0,28,1,12,16,12016,4,2002,1FMZU75E02ZA,1,F,M,Z,U,7,5,E,0,2,Z,A,0,P,FORD,EPR,UT,2,17,4386,,0,1137,,G,,0,0,000000000,00000000000,0,0,0,1,0,0,0,0,0,0,0,999,0,0,0,3,3,6,2,12,0,0,0,1,28,38930,6,1,0,0,3,0,68,195,0,0,0,0,0,0,0,0,0,0,0,0,0,0,2,4,45,1,1,2,1,3,3,1,17,1,1,2,98,0,0
28,280138,1,1,1,14,4,5,56,18,0,1,0,28,1,37,709,37709,80,2006,LAEMD24626A1,L,A,E,M,D,2,4,6,2,6,A,1,0,U,,,,6,17,,,,,,,,0,0,000000000,00000000000,0,0,0,1,0,0,0,0,0,0,0,999,0,0,0,12,12,6,2,18,0,0,0,1,1,36522,6,1,0,0,3,0,68,165,0,0,0,0,0,0,0,0,0,0,0,0,0,0,2,2,60,1,2,2,1,0,0,1,12,1,1,4,6,1,0
28,280139,1,3,1,14,4,9,54,12,6,1,0,28,3,12,481,12481,31,2004,1FTPW145X4KA,1,F,T,P,W,1,4,5,X,4,K,A,0,T,FORD,F1S,CW,4,17,,2,1450,1260,COF,G,,0,0,000000000,00000000000,0,0,0,1,0,0,0,0,0,0,0,35,0,0,0,12,12,6,2,12,0,0,0,1,28,38663,6,1,6,0,3,0,67,175,0,0,0,0,0,0,0,0,0,0,38,39,0,0,2,2,35,1,1,2,1,20,3,1,17,1,1,2,86,0,0
28,280139,2,3,2,14,4,9,54,12,6,1,0,0,0,49,403,49403,14,2009,999999999999,9,9,9,9,9,9,9,9,9,9,9,9,0,U,,,,9,17,,,,,,,,0,0,000000000,00000000000,0,0,0,1,0,0,0,0,0,0,0,15,0,0,0,3,3,6,2,12,0,0,0,1,28,38826,6,1,0,0,3,0,64,135,0,0,0,0,0,0,0,0,0,0,0,0,0,0,2,2,35,1,1,2,1,20,3,1,17,1,1,2,87,1,0
28,280139,3,3,1,14,4,9,54,12,6,1,0,28,1,14,401,14401,14,1997,4M2DU52P3VUJ,4,M,2,D,U,5,2,P,3,V,U,J,0,P,MERC,MOU,UT,97,17,3930,,0,1120,,G,,0,0,000000000,00000000000,0,0,0,1,0,0,0,0,0,0,0,999,0,0,0,3,3,6,2,12,0,0,0,1,28,38801,6,1,0,0,3,0,69,180,0,0,0,0,0,0,0,0,0,0,0,0,0,0,2,2,35,1,1,2,1,20,3,2,18,1,1,2,98,0,0
28,280140,1,2,1,15,4,21,5,12,6,1,0,28,1,37,709,37709,80,2005,JH2PC21095M6,J,H,2,P,C,2,1,0,9,5,M,6,0,M,HOND,VT6,RS,5,17,,,,,,,583,0,0,000000000,00000000000,0,0,0,1,0,0,0,0,0,0,0,55,0,0,0,12,12,6,2,12,0,0,0,1,28,38827,6,1,0,0,3,0,69,205,0,0,0,0,0,0,0,0,0,0,0,0,0,0,1,2,55,1,1,2,1,20,3,1,11,1,1,2,86,1,0
28,280140,2,2,2,15,4,21,5,12,6,1,0,28,1,35,39,35039,4,2002,JN1DA31D72T4,J,N,1,D,A,3,1,D,7,2,T,4,0,P,NISS,MGS,4D,2,17,3103,,0,1083,,G,,0,0,000000000,00000000000,0,0,0,1,0,0,0,0,0,0,0,5,0,0,0,3,3,6,2,12,0,0,0,1,28,38827,6,1,0,0,3,0,69,145,0,0,0,1,0,2,2009,2,2009,0,38,39,0,0,1,2,55,1,1,2,1,20,3,1,17,1,1,2,87,0,0
28,280141,1,2,2,16,4,8,6,12,6,1,0,28,2,12,401,12401,14,1998,1FMYU22X8WUB,1,F,M,Y,U,2,2,X,8,W,U,B,0,P,FORD,EPR,UT,98,17,3692,,0,1017,,G,,0,0,000000000,00000000000,0,0,0,1,0,0,0,0,0,0,0,999,0,0,0,12,12,6,2,12,0,0,0,1,28,38680,6,1,0,0,3,1,64,140,0,0,0,0,0,0,0,0,0,0,0,0,0,0,2,2,65,1,1,2,1,0,0,1,19,1,1,2,67,0,0
28,280141,2,2,1,16,4,8,6,12,6,1,0,28,1,12,422,12422,15,1999,1FMRU1762XLA,1,F,M,R,U,1,7,6,2,X,L,A,0,P,FORD,EPT,UT,99,17,4808,,0,1191,,G,,0,0,000000000,00000000000,0,0,0,1,0,0,0,0,0,0,0,999,0,0,0,9,9,6,2,12,0,0,0,1,28,38632,6,1,0,0,3,0,65,131,0,0,0,0,0,0,0,0,0,0,38,0,0,0,2,2,65,1,1,2,1,0,0,2,62,1,1,2,67,1,0
28,280142,1,1,1,17,4,22,15,8,0,1,0,28,1,2,404,2404,14,2003,1J4GX48S83C5,1,J,4,G,X,4,8,S,8,3,C,5,0,T,JEEP,LRO,4W,3,17,,1,0,1059,GCK,G,,0,0,000000000,00000000000,0,0,0,1,0,0,0,0,0,0,0,55,0,0,0,12,12,6,2,8,0,0,0,1,28,39038,6,1,0,0,3,0,68,160,0,0,0,3,0,6,2007,7,2009,0,0,0,0,0,1,2,55,1,1,2,1,0,0,1,80,1,1,1,13,0,0
28,280143,1,2,2,18,4,20,38,12,2,1,0,28,2,49,472,49472,30,2001,5TENL42N31Z8,5,T,E,N,L,4,2,N,3,1,Z,8,0,T,TOYT,REG,PK,1,17,,1,0,1033,TAC,G,,0,0,000000000,00000000000,0,0,0,1,0,0,0,0,0,0,0,55,0,0,0,12,12,6,2,12,0,0,0,1,12,33186,6,1,0,0,3,0,70,185,0,0,0,0,0,0,0,0,0,0,0,0,0,0,1,2,55,1,1,2,1,0,0,1,11,1,1,2,50,1,0
28,280143,2,2,1,18,4,20,38,12,2,1,0,28,1,20,481,20481,31,2006,2GCEK13V1611,2,G,C,E,K,1,3,V,1,6,1,1,0,T,CHEV,SK1,CW,6,17,,2,0,1435,SIL,G,,0,0,000000000,00000000000,0,0,0,1,0,0,0,0,0,0,0,55,0,0,0,12,12,6,2,12,0,0,0,1,28,39146,6,1,0,0,3,1,71,185,0,0,0,0,0,0,0,0,0,0,28,0,0,0,1,2,55,1,1,2,1,0,0,1,62,1,1,1,51,0,0
28,280144,1,2,1,19,4,22,19,12,2,1,0,47,3,84,884,84884,66,2005,1HSHXSBR15J0,1,H,S,H,X,S,B,R,1,5,J,0,1,T,INTL,860,DS,5,17,,8,0,0,80S,D,,1,56,096609,56096609,3,6,98,1,0,0,0,0,0,0,0,63,0,0,0,12,12,6,2,12,0,0,0,1,1,35564,6,1,6,0,3,0,70,180,0,0,0,0,0,0,0,0,0,0,0,0,0,0,2,2,65,1,1,2,1,0,0,1,11,1,1,2,50,0,0
28,280144,2,2,1,19,4,22,19,12,2,1,0,47,1,24,1,24001,4,2001,1G8ZH52801Z2,1,G,8,Z,H,5,2,8,0,1,Z,2,0,P,STRN,SL1,4D,1,17,2360,,0,1024,,G,,0,0,000000000,00000000000,0,0,0,1,0,0,0,0,0,0,0,999,0,0,0,12,12,6,2,12,0,0,0,1,47,38375,6,1,0,0,3,0,65,125,0,0,0,0,0,0,0,0,0,0,51,0,0,0,2,2,65,1,1,2,1,0,0,1,62,1,1,1,51,1,0
28,280145,1,1,3,20,4,22,40,42,0,1,0,28,1,21,2,21002,4,1998,1G3HN52K3W48,1,G,3,H,N,5,2,K,3,W,4,8,0,P,OLDS,8LW,4D,98,17,3455,,0,1108,,G,,0,0,000000000,00000000000,0,0,0,1,0,0,0,0,0,0,0,999,0,0,0,12,12,6,2,42,0,0,0,1,28,39095,0,0,0,0,0,0,999,999,99,99,99,99,99,99,9999,99,9999,0,0,0,0,0,1,2,55,4,1,2,1,0,0,14,13,1,1,4,1,1,0
28,280146,1,1,1,22,4,18,15,1,0,1,0,28,2,20,9,20009,2,1999,2G1FP22G6X21,2,G,1,F,P,2,2,G,6,X,2,1,0,P,CHEV,Z28,CP,99,17,3439,,0,1011,,G,,0,0,000000000,00000000000,0,0,0,1,0,0,0,0,0,0,0,55,0,9,9,0,13,6,2,1,0,0,0,1,28,38801,6,1,0,0,3,0,64,110,0,0,0,0,0,0,0,0,0,1,0,0,0,0,1,2,55,4,2,2,1,0,0,14,13,1,1,4,1,1,0
28,280147,1,2,2,23,4,18,24,12,2,1,0,28,1,2,404,2404,14,2003,1J4FA49S83P3,1,J,4,F,A,4,9,S,8,3,P,3,0,T,JEEP,SPW,2W,3,17,,1,0,934,W/T,G,,0,0,000000000,00000000000,0,0,0,1,0,0,0,0,0,0,0,55,0,0,0,12,12,6,2,12,0,0,0,1,28,39191,6,7,0,0,3,0,69,160,0,0,0,0,0,0,0,0,0,0,28,0,0,0,1,2,55,1,1,2,2,0,0,1,10,1,1,2,51,0,0
28,280147,2,2,1,23,4,18,24,12,2,1,0,0,0,19,3,19003,4,1979,999999999999,9,9,9,9,9,9,9,9,9,9,9,9,0,U,,,,9,17,,,,,,,,0,0,000000000,00000000000,0,0,0,1,0,0,0,0,0,0,0,999,0,0,0,12,12,6,2,12,0,0,0,1,28,39601,6,1,0,0,3,0,70,195,0,0,0,0,0,0,0,0,0,0,0,0,0,0,1,2,55,1,1,2,2,0,0,1,62,1,1,2,50,1,0
28,280148,1,1,1,24,4,10,24,1,0,1,0,28,1,12,442,12442,20,2001,2FMZA52431BC,2,F,M,Z,A,5,2,4,3,1,B,C,0,T,FORD,WSE,ES,1,17,,1,0,1207,WIN,G,,0,0,000000000,00000000000,0,0,0,1,0,0,0,0,0,0,0,999,0,9,9,0,13,6,2,1,0,0,0,1,28,39073,6,1,0,0,3,0,66,145,0,0,0,0,0,0,0,0,0,0,0,0,0,0,1,2,98,1,1,2,2,0,0,1,13,1,1,4,1,1,0
28,280149,1,1,2,25,4,3,59,42,0,1,0,28,2,49,32,49032,4,2005,1NXBR32E45Z5,1,N,X,B,R,3,2,E,4,5,Z,5,0,P,TOYT,UCS,4D,5,17,2530,,0,1024,,G,,0,0,000000000,00000000000,0,0,0,1,0,0,0,0,0,0,0,999,0,0,0,12,12,6,2,42,0,0,0,1,28,39212,6,1,0,0,3,0,69,135,0,0,0,0,0,0,0,0,0,0,0,0,0,0,1,2,55,1,1,2,1,0,0,1,13,1,1,4,1,1,1
28,280150,1,1,2,25,4,18,5,35,0,1,0,28,1,20,2,20002,4,2002,2G1WF55E7292,2,G,1,W,F,5,5,E,7,2,9,2,0,P,CHEV,IMP,4D,2,17,3389,,0,1105,,G,,0,0,000000000,00000000000,0,0,0,1,0,0,0,0,0,0,0,999,0,0,0,12,12,6,2,35,0,0,0,1,28,39661,6,1,0,0,3,1,65,175,0,0,0,0,0,0,0,0,0,0,0,0,0,0,1,2,55,1,1,2,1,0,0,1,12,1,1,4,1,1,0
28,280151,1,1,1,25,4,22,40,32,0,1,0,28,1,37,32,37032,4,2005,1HGCM56895A1,1,H,G,C,M,5,6,8,9,5,A,1,0,P,HOND,UEX,4D,5,17,3203,,0,1079,,G,,0,0,000000000,00000000000,0,0,0,1,0,0,0,0,0,0,0,999,0,9,9,12,13,6,2,1,0,0,0,1,28,39466,6,1,0,0,3,0,75,225,0,0,0,1,0,8,2008,8,2008,1,0,0,0,0,1,2,35,4,1,2,1,0,0,14,12,1,1,4,1,1,0
28,280152,1,3,1,26,4,10,25,12,2,1,0,48,1,7,482,7482,31,2005,1D7HA18D15J5,1,D,7,H,A,1,8,D,1,5,J,5,0,T,DODG,SQ1,CW,5,17,,2,1605,1405,RPC,G,,0,0,000000000,00000000000,0,0,0,1,0,0,0,0,0,0,0,999,0,0,0,12,12,6,2,12,0,0,0,1,48,76180,6,1,0,0,3,0,70,185,0,0,0,0,0,0,0,0,0,0,0,0,0,0,2,2,70,1,1,2,1,0,0,1,19,1,1,2,50,0,0
28,280152,2,3,2,26,4,10,25,12,2,1,0,28,1,20,16,20016,4,2004,1G1ND52F44M6,1,G,1,N,D,5,2,F,4,4,M,6,0,P,CHEV,CLA,4D,4,17,3106,,0,1070,,G,,0,0,000000000,00000000000,0,0,0,1,0,0,0,0,0,0,0,999,0,0,0,12,12,6,2,12,0,0,0,1,28,39066,6,1,0,0,3,0,68,150,0,0,0,0,0,0,0,0,0,0,28,0,0,0,2,2,70,1,1,2,1,0,0,1,62,1,9,2,51,2,0
28,280152,3,3,1,26,4,10,25,12,2,1,0,28,1,7,20,7020,4,2002,1B3ES56C12D6,1,B,3,E,S,5,6,C,1,2,D,6,0,P,DODG,ESN,4D,2,17,2662,,0,1050,,G,,0,0,000000000,00000000000,0,0,0,1,0,0,0,0,0,0,0,999,0,0,0,12,12,6,2,12,0,0,0,1,28,39213,6,1,0,0,3,0,62,160,0,0,0,0,0,0,0,0,0,0,0,0,0,0,2,2,70,1,1,2,1,0,0,1,19,1,1,9,98,0,0
28,280153,1,1,1,19,1,11,22,42,0,1,0,28,1,35,43,35043,4,1994,1N4EB31PXRC7,1,N,4,E,B,3,1,P,X,R,C,7,0,P,NISS,SEL,4D,94,17,2346,,0,957,,G,,0,0,000000000,00000000000,0,0,0,1,0,0,0,0,0,0,0,999,0,0,0,12,12,6,2,42,0,0,0,1,28,38601,6,1,0,0,3,0,79,200,0,0,0,0,0,0,0,0,0,0,0,0,0,0,1,2,98,1,1,2,1,0,0,1,13,1,1,4,1,1,0
28,280154,1,1,1,22,1,2,45,42,0,1,0,0,0,20,481,20481,31,1986,999999999999,9,9,9,9,9,9,9,9,9,9,9,9,0,U,,,,9,17,,,,,,,,0,0,000000000,00000000000,0,0,0,1,0,0,0,0,0,0,0,999,0,0,0,12,12,6,2,42,0,0,0,1,28,39063,0,0,0,0,0,0,999,999,99,99,99,99,99,99,9999,99,9999,0,0,0,0,0,1,2,98,1,1,2,1,0,0,1,12,1,1,4,1,1,1
28,280155,1,1,1,23,1,18,0,8,0,1,0,28,1,21,21,21021,4,2004,1G3NL52E14C1,1,G,3,N,L,5,2,E,1,4,C,1,0,P,OLDS,A/G,4D,4,17,2950,,0,1070,,G,,0,0,000000000,00000000000,0,0,0,1,0,0,0,0,0,0,0,998,0,0,0,12,12,6,2,8,0,0,0,1,28,38860,6,1,0,0,3,0,64,140,0,0,0,0,0,0,0,0,0,0,0,0,0,0,1,2,45,1,1,2,1,0,0,1,80,1,1,1,13,0,0
28,280156,1,1,1,29,1,17,20,18,0,1,0,28,1,23,461,23461,21,1993,1GDEG25K2PF5,1,G,D,E,G,2,5,K,2,P,F,5,0,T,GMC,RV2,IC,93,17,,2,1250,1100,R/V,G,,0,0,000000000,00000000000,0,0,0,1,0,0,0,0,0,0,0,998,0,0,0,12,12,6,2,18,0,0,0,1,28,38701,6,1,0,0,3,1,69,145,0,0,0,1,0,12,2009,12,2009,0,0,0,0,0,1,2,98,1,1,2,2,0,0,1,13,1,1,4,1,1,1
28,280157,1,2,2,11,3,9,0,12,2,1,0,28,2,12,481,12481,31,1996,1FTCR14A8TTA,1,F,T,C,R,1,4,A,8,T,T,A,0,T,FORD,RNS,PS,96,17,,1,0,1250,RNG,G,,0,0,000000000,00000000000,0,0,0,1,0,0,0,0,0,0,0,999,0,0,0,12,12,6,2,12,0,0,0,1,28,39095,6,1,0,0,3,0,65,122,0,0,0,0,0,0,0,0,0,0,28,0,0,0,1,2,98,1,1,2,1,0,0,1,10,1,1,2,50,0,0
28,280157,2,2,2,11,3,9,0,12,2,1,0,28,1,20,481,20481,31,1992,1GCFC24K9NE2,1,G,C,F,C,2,4,K,9,N,E,2,0,T,CHEV,GC2,PK,92,17,,2,0,1315,GM4,G,,0,0,000000000,00000000000,0,0,0,1,0,0,0,0,0,0,0,998,0,0,0,12,12,6,2,12,0,0,0,1,28,39146,6,1,6,0,3,0,72,210,0,0,0,0,0,0,0,0,0,0,0,0,0,0,1,2,98,1,1,2,1,0,0,1,10,1,1,2,51,1,0
28,280158,1,1,1,15,4,20,4,42,0,1,0,28,1,21,20,21020,4,1997,1G3WH52M9VF3,1,G,3,W,H,5,2,M,9,V,F,3,0,P,OLDS,SUL,4D,97,17,3388,,0,1075,,G,,0,0,000000000,00000000000,0,0,0,1,0,0,0,0,0,0,0,998,0,0,0,12,12,6,2,42,0,0,0,1,28,39095,6,1,0,0,3,0,72,150,0,0,0,0,0,0,0,0,0,0,0,0,0,0,1,2,50,4,1,2,1,0,0,14,11,1,1,4,1,1,0
28,280159,1,2,1,26,4,11,20,12,2,1,0,0,0,53,709,53709,80,1982,999999999999,9,9,9,9,9,9,9,9,9,9,9,9,0,U,,,,9,17,,,,,,,,0,0,000000000,00000000000,0,0,0,1,0,0,0,0,0,0,0,998,0,0,0,12,12,6,2,12,0,0,0,1,28,38606,6,1,0,0,3,0,67,150,0,0,0,0,0,0,0,0,0,0,28,0,0,0,1,2,20,4,2,2,1,0,0,14,10,1,1,2,50,1,0
28,280159,2,2,1,26,4,11,20,12,2,1,0,28,3,23,481,23481,31,2004,1GTEK14T54Z3,1,G,T,E,K,1,4,T,5,4,Z,3,0,T,GMC,NK1,PK,4,17,,2,1330,1190,SIE,G,,0,0,000000000,00000000000,0,0,0,1,0,0,0,0,0,0,0,25,0,0,0,12,12,6,2,12,0,0,0,1,28,38948,6,1,6,0,3,0,70,185,0,0,0,0,0,0,0,0,0,0,0,0,0,0,1,2,25,4,2,2,1,0,0,14,62,1,1,1,51,0,0
28,280160,1,1,2,26,4,21,0,1,0,1,0,0,0,20,481,20481,31,1983,999999999999,9,9,9,9,9,9,9,9,9,9,9,9,0,U,,,,9,17,,,,,,,,0,0,000000000,00000000000,0,0,0,1,0,0,0,0,0,0,0,80,0,9,9,0,13,6,2,1,0,0,0,1,28,38655,6,1,0,0,3,0,76,270,0,0,0,0,0,0,0,0,0,1,0,0,0,0,1,2,30,1,1,2,1,0,0,1,12,1,1,4,1,1,0
28,280161,1,2,1,27,4,12,3,12,1,1,0,0,0,86,884,86884,66,1991,999999999999,9,9,9,9,9,9,9,9,9,9,9,9,0,U,,,,9,17,,,,,,,,0,57,352867,57352867,3,19,98,1,0,0,0,0,0,0,0,60,0,0,0,6,6,0,1,12,0,0,0,1,29,64424,6,1,6,0,3,0,70,185,0,0,0,0,0,0,0,0,0,0,0,0,0,0,2,2,60,1,3,2,1,0,0,1,18,1,1,1,33,0,0
28,280161,2,2,4,27,4,12,3,12,1,1,0,28,2,49,40,49040,4,2005,4T1BE32K75U0,4,T,1,B,E,3,2,K,7,5,U,0,0,P,TOYT,XLL,4D,5,17,3108,,0,1071,,G,,0,0,000000000,00000000000,0,0,0,1,0,0,0,0,0,0,0,998,0,0,0,12,12,6,2,12,0,0,0,1,28,38866,6,1,0,0,3,0,65,154,0,0,0,3,1,11,2008,4,2010,1,26,0,0,0,2,2,60,1,3,2,1,0,0,1,18,1,1,1,33,2,0
28,280162,1,1,1,27,4,14,25,18,0,1,0,0,0,76,709,76709,80,1998,999999999999,9,9,9,9,9,9,9,9,9,9,9,9,0,U,,,,9,17,,,,,,,,0,0,000000000,00000000000,0,0,0,1,0,0,0,0,0,0,0,998,0,0,0,12,12,6,2,18,0,0,0,1,28,39350,6,1,0,0,3,0,66,130,0,0,0,3,0,4,2009,8,2009,1,0,0,0,0,1,2,35,2,2,2,1,0,0,14,13,1,1,4,1,1,0
28,280163,1,2,1,28,4,7,2,12,2,1,0,28,1,7,472,7472,30,2001,1B7KC23601J2,1,B,7,K,C,2,3,6,0,1,J,2,0,T,DODG,Q25,4C,1,17,,2,1547,1387,RPC,D,,0,0,000000000,00000000000,0,0,0,1,0,0,0,0,0,0,0,35,0,0,0,12,12,6,2,12,0,0,0,1,28,39180,6,1,6,0,3,0,67,165,0,0,0,1,0,8,2007,8,2007,0,0,0,0,0,1,2,55,1,3,2,1,0,0,1,11,1,1,2,50,0,0
28,280163,2,2,1,28,4,7,2,12,2,1,0,28,2,22,20,22020,4,2006,2G2WP5521611,2,G,2,W,P,5,5,2,1,6,1,1,0,P,PONT,GRA,4D,6,17,3477,,0,1105,,G,,0,0,000000000,00000000000,0,0,0,1,0,0,0,0,0,0,0,998,0,0,0,12,12,6,2,12,0,0,0,1,28,39150,6,1,0,0,3,0,67,168,0,0,0,0,0,0,0,0,0,0,51,0,0,0,2,2,55,1,3,2,1,0,0,1,62,1,1,2,51,1,0
28,280164,1,1,1,28,4,11,49,42,0,1,0,28,1,12,481,12481,31,1992,1FTHF25H1NNA,1,F,T,H,F,2,5,H,1,N,N,A,0,T,FORD,F25,PK,92,17,,2,0,1330,COF,G,,0,0,000000000,00000000000,0,0,0,1,0,0,0,0,0,0,0,998,0,0,0,12,12,6,2,42,0,0,0,1,28,39168,6,1,0,0,3,0,76,240,0,0,0,1,0,4,2009,4,2009,0,0,0,0,0,2,2,65,1,1,2,1,0,0,1,13,1,1,4,1,1,0
28,280165,1,1,1,30,4,7,15,1,0,1,0,28,1,49,472,49472,30,2004,5TESN92N44Z4,5,T,E,S,N,9,2,N,4,4,Z,4,0,T,TOYT,XPR,PC,4,17,,1,0,1219,TAC,G,,0,0,000000000,00000000000,0,0,0,1,0,0,0,0,0,0,0,998,0,9,9,0,13,6,2,1,0,0,0,1,28,38824,6,1,0,0,3,0,68,165,0,0,0,0,0,0,0,0,0,0,0,0,0,0,1,2,55,3,3,2,1,0,0,14,10,1,1,4,1,1,0
28,280166,1,1,3,1,5,2,17,30,0,1,0,28,1,23,481,23481,31,2006,1GTHK23D66F1,1,G,T,H,K,2,3,D,6,6,F,1,0,T,GMC,2KH,CW,6,17,,2,1670,1530,SIE,D,,0,0,000000000,00000000000,0,0,0,1,0,0,0,0,0,0,0,999,0,0,0,12,12,6,2,30,0,0,0,1,28,39361,6,1,0,0,3,0,63,130,0,0,0,1,0,11,2007,11,2007,0,51,0,0,0,1,2,55,4,2,2,2,0,0,14,13,1,1,4,1,1,1
28,280167,1,1,3,1,5,2,22,1,0,1,0,28,1,22,16,22016,2,1997,3G2JB12T3VS8,3,G,2,J,B,1,2,T,3,V,S,8,0,P,PONT,SFS,CP,97,17,2559,,0,1041,,G,,0,0,000000000,00000000000,0,0,0,1,0,0,0,0,0,0,0,999,0,9,9,0,13,6,2,1,0,0,0,1,28,39082,6,1,0,0,3,0,63,130,0,0,0,0,0,0,0,0,0,0,0,0,0,0,1,2,55,4,1,2,2,0,0,14,13,1,1,4,1,1,0
28,280168,1,1,1,1,5,5,40,42,0,1,0,28,1,12,23,12023,4,2008,3FAHP07Z78R2,3,F,A,H,P,0,7,Z,7,8,R,2,0,P,FORD,F/E,4D,8,17,3181,,0,1074,,G,,0,0,000000000,00000000000,0,0,0,1,0,0,0,0,0,0,0,999,0,0,0,12,12,6,2,42,0,0,0,1,28,38913,6,1,0,0,3,1,71,220,0,0,0,0,0,0,0,0,0,0,0,0,0,0,1,2,45,4,1,2,1,0,0,14,12,1,1,4,1,1,0
28,280169,1,1,1,1,5,19,48,23,0,1,0,28,2,49,32,49032,4,2009,1NXBU40E09Z0,1,N,X,B,U,4,0,E,0,9,Z,0,0,P,TOYT,CBL,4D,9,17,2723,,0,1024,,G,,0,0,000000000,00000000000,0,0,0,1,0,0,0,0,0,0,0,999,0,0,0,12,12,6,2,23,0,0,0,1,28,38866,6,1,0,0,3,1,66,135,0,0,0,0,0,0,0,0,0,0,0,0,0,0,2,2,70,2,2,2,2,0,0,14,12,1,1,4,1,1,0
28,280170,1,2,3,1,5,20,34,12,6,1,0,28,2,12,422,12422,15,2005,1FMPU15595LA,1,F,M,P,U,1,5,5,9,5,L,A,0,P,FORD,EPT,UT,5,17,5352,,0,1191,,G,,0,0,000000000,00000000000,0,0,0,1,0,0,0,0,0,0,0,55,0,0,0,12,12,6,2,12,0,0,0,1,28,39179,6,1,6,0,3,0,67,285,0,0,0,0,0,0,0,0,0,0,0,0,0,0,1,2,55,1,1,2,2,20,3,1,17,1,1,2,86,0,0
28,280170,2,2,1,1,5,20,34,12,6,1,0,28,1,20,481,20481,31,1999,1GCCS1448XK1,1,G,C,C,S,1,4,4,8,X,K,1,0,T,CHEV,S14,PK,99,17,,1,1179,1083,S,G,,0,0,000000000,00000000000,0,0,0,1,0,0,0,0,0,0,0,999,0,0,0,3,3,6,2,12,0,0,0,1,28,39772,6,1,0,0,3,0,65,190,0,0,0,0,0,0,0,0,0,0,38,39,0,0,1,2,55,1,1,2,2,3,3,1,15,1,1,2,87,1,1