STATE,ST_CASE,VEH_NO,VE_FORMS,NUMOCCS,DAY,MONTH,HOUR,MINUTE,HARM_EV,MAN_COLL,UNITTYPE,HIT_RUN,REG_STAT,OWNER,MAKE,MODEL,MAK_MOD,BODY_TYP,MOD_YEAR,VIN,VIN_1,VIN_2,VIN_3,VIN_4,VIN_5,VIN_6,VIN_7,VIN_8,VIN_9,VIN_10,VIN_11,VIN_12,TOW_VEH,VINTYPE,VINMAKE,VINA_MOD,VIN_BT,VINMODYR,VIN_LNGT,VIN_WGT,WGTCD_TR,WHLBS_LG,WHLBS_SH,SER_TR,FUELCODE,MCYCL_DS,J_KNIFE,MCARR_I1,MCARR_I2,MCARR_ID,GVWR,V_CONFIG,CARGO_BT,HAZ_INV,HAZ_PLAC,HAZ_ID,HAZ_CNO,HAZ_REL,BUS_USE,SPEC_USE,EMER_USE,TRAV_SP,UNDERIDE,ROLLOVER,ROLINLOC,IMPACT1,IMPACT2,DEFORMED,TOWED,M_HARM,VEH_SC1,VEH_SC2,FIRE_EXP,DR_PRES,L_STATE,DR_ZIP,L_STATUS,L_TYPE,CDL_STAT,L_ENDORS,L_COMPL,L_RESTRI,DR_HGT,DR_WGT,PREV_ACC,PREV_SUS,PREV_DWI,PREV_SPD,PREV_OTH,FIRST_MO,FIRST_YR,LAST_MO,LAST_YR,SPEEDREL,DR_SF1,DR_SF2,DR_SF3,DR_SF4,VTRAFWAY,VNUM_LAN,VSPD_LIM,VALIGN,VPROFILE,VPAVETYP,VSURCOND,VTRAFCON,VTCONT_F,P_CRASH1,P_CRASH2,P_CRASH3,PCRASH4,PCRASH5,ACC_TYPE,DEATHS,DR_DRINK
28,280243,1,1,2,31,5,19,52,1,0,1,0,28,1,12,3,12003,2,1995,1FALP42T9SF1,1,F,A,L,P,4,2,T,9,S,F,1,0,P,FORD,MGG,CP,95,17,3280,,0,1013,,G,,0,0,000000000,00000000000,0,0,0,1,0,0,0,0,0,0,0,999,0,9,9,0,13,6,2,1,0,0,0,1,28,39350,6,1,0,0,3,0,64,122,0,0,0,0,0,0,0,0,0,0,0,0,0,0,1,2,55,1,2,2,1,0,0,1,12,1,1,4,1,1,1
28,280244,1,1,1,7,6,9,36,34,0,1,0,28,1,20,16,20016,4,1999,3G1JC5241XS8,3,G,1,J,C,5,2,4,1,X,S,8,0,P,CHEV,CAV,4D,99,17,2676,,0,1041,,G,,0,0,000000000,00000000000,0,0,0,1,0,0,0,0,0,0,0,999,0,0,0,12,12,6,2,34,0,0,0,1,28,39117,6,1,0,0,3,0,63,115,0,0,0,0,0,0,0,0,0,0,0,0,0,0,1,2,55,1,3,2,1,0,0,1,13,1,1,4,1,1,0
28,280245,1,2,1,13,6,20,21,12,6,1,0,28,1,22,403,22403,14,2007,2CKDL63F4760,2,C,K,D,L,6,3,F,4,7,6,0,0,P,PONT,TOR,UT,7,17,3660,,0,1125,,G,,0,0,000000000,00000000000,0,0,0,1,0,0,0,0,0,0,0,20,0,0,0,12,12,6,2,12,0,0,0,1,28,39601,6,1,0,0,3,0,70,230,0,0,0,0,0,0,0,0,0,0,38,39,0,0,2,2,30,1,1,2,1,3,3,1,17,1,1,2,86,0,0
28,280245,2,2,2,13,6,20,21,12,6,1,0,28,1,49,40,49040,4,1999,4T1BG22K0XU5,4,T,1,B,G,2,2,K,0,X,U,5,0,P,TOYT,UEX,4D,99,17,2998,,0,1051,,G,,0,0,000000000,00000000000,0,0,0,1,0,0,0,0,0,0,0,30,0,0,0,5,9,6,2,12,0,0,0,1,28,39629,6,1,0,0,3,1,65,120,0,0,0,0,0,0,0,0,0,0,0,0,0,0,2,2,30,1,1,2,1,3,3,1,17,1,1,2,87,1,0
28,280246,1,2,1,21,6,9,33,12,6,1,0,28,1,19,21,19021,4,2006,1G6DW6772602,1,G,6,D,W,6,7,7,2,6,0,2,0,P,CADI,CST,4D,6,17,3960,,0,1164,,G,,0,0,000000000,00000000000,0,0,0,1,0,0,0,0,0,0,0,30,0,0,0,12,12,6,2,12,0,0,0,1,28,38701,6,1,0,0,3,0,73,180,0,0,0,0,0,0,0,0,0,0,38,39,0,0,2,2,45,1,1,2,1,3,3,1,11,1,1,2,86,0,0
28,280246,2,2,2,21,6,9,33,12,6,1,0,0,0,63,402,63402,14,2008,999999999999,9,9,9,9,9,9,9,9,9,9,9,9,0,U,,,,9,17,,,,,,,,0,0,000000000,00000000000,0,0,0,1,0,0,0,0,0,0,0,45,0,0,0,3,3,6,2,12,0,0,0,1,40,73443,6,1,0,0,3,0,70,185,0,0,0,0,0,0,0,0,0,0,0,0,0,0,2,2,45,1,1,2,1,0,0,1,18,1,1,2,87,1,0
28,280247,1,2,1,21,6,19,58,12,6,1,0,28,1,73,709,73709,80,2007,JKAZXCD197A0,J,K,A,Z,X,C,D,1,9,7,A,0,0,M,KAWK,Z1D,RS,7,17,,,,,,,998,0,0,000000000,00000000000,0,0,0,1,0,0,0,0,0,0,0,50,0,0,0,12,12,6,2,12,0,0,0,1,28,39056,6,1,0,0,3,0,71,145,0,0,0,3,2,9,2007,1,2008,1,28,0,0,0,1,2,40,1,1,2,1,20,3,1,17,1,1,2,86,1,0
28,280247,2,2,1,21,6,19,58,12,6,1,0,28,2,20,421,20421,15,1999,1GNCS13W2X21,1,G,N,C,S,1,3,W,2,X,2,1,0,P,CHEV,BZR,UT,99,17,3692,,0,1070,,G,,0,0,000000000,00000000000,0,0,0,1,0,0,0,0,0,0,0,5,0,0,0,5,5,6,2,12,0,0,0,1,28,39232,6,1,0,0,3,0,65,120,0,0,0,0,0,0,0,0,0,0,0,0,0,0,1,2,45,1,1,2,1,20,3,1,15,2,1,2,87,0,0
28,280248,1,1,1,22,6,11,9,8,0,1,0,45,1,19,5,19005,2,1999,1G6ET1292XU6,1,G,6,E,T,1,2,9,2,X,U,6,0,P,CADI,ETC,CP,99,17,3876,,0,1080,,G,,0,0,000000000,00000000000,0,0,0,1,0,0,0,0,0,0,0,70,0,0,0,12,12,0,1,8,0,0,0,1,45,29067,6,1,0,0,3,0,71,180,0,0,0,0,0,0,0,0,0,0,0,0,0,0,2,2,70,1,1,2,1,0,0,1,80,1,1,1,13,0,0
28,280249,1,1,1,23,6,4,36,35,0,1,0,28,1,23,481,23481,31,1997,1GTEC19R5VE5,1,G,T,E,C,1,9,R,5,V,E,5,0,T,GMC,SC1,PC,97,17,,2,1555,1415,SIE,G,,0,0,000000000,00000000000,0,0,0,1,0,0,0,0,0,0,0,999,0,9,9,12,13,6,2,1,0,0,0,1,28,38606,6,1,0,0,3,0,70,155,0,0,0,0,0,0,0,0,0,0,0,0,0,0,1,2,45,4,2,2,1,0,0,14,11,1,1,4,1,1,0
28,280250,1,1,1,23,6,5,30,8,0,1,0,28,1,21,2,21002,4,1997,1G3HN52K6V48,1,G,3,H,N,5,2,K,6,V,4,8,0,P,OLDS,8LW,4D,97,17,3455,,0,1108,,G,,0,0,000000000,00000000000,0,0,0,1,0,0,0,0,0,0,0,50,0,0,0,12,12,6,2,8,0,0,0,1,28,39169,6,1,0,0,3,0,76,300,0,0,0,2,0,7,2008,3,2009,0,0,0,0,0,1,2,45,1,1,2,1,0,0,1,80,1,1,2,13,0,0
28,280251,1,1,1,24,6,3,37,35,0,1,0,28,3,12,16,12016,4,2010,2FABP7BV1AX1,2,F,A,B,P,7,B,V,1,A,X,1,0,P,FORD,CVP,4D,10,17,4128,,0,1147,,F,,0,0,000000000,00000000000,0,0,0,1,0,0,0,0,0,0,0,999,0,9,9,12,13,6,2,1,0,0,0,1,28,39183,6,1,6,0,3,0,70,220,0,0,0,0,0,0,0,0,0,0,0,0,0,0,2,2,55,1,1,2,1,0,0,1,13,1,1,4,1,1,0
28,280252,1,1,1,25,6,15,23,1,0,1,0,28,2,12,17,12017,4,2001,1FAHP53U01A2,1,F,A,H,P,5,3,U,0,1,A,2,0,P,FORD,TSE,4D,1,17,3354,,0,1085,,G,,0,0,000000000,00000000000,0,0,0,1,0,0,0,0,0,0,0,999,0,9,9,0,13,6,2,1,0,0,0,1,28,38863,6,1,0,0,3,0,63,125,0,0,0,0,0,0,0,0,0,0,0,0,0,0,2,2,70,1,1,2,1,0,0,1,10,1,1,4,1,1,0
28,280253,1,1,1,26,6,21,56,24,0,1,0,28,1,72,709,72709,80,2002,1HD4CJM1X2K1,1,H,D,4,C,J,M,1,X,2,K,1,0,M,HD,L8C,RS,2,17,,,,,,,883,0,0,000000000,00000000000,0,0,0,1,0,0,0,0,0,0,0,999,0,0,0,12,12,6,2,24,0,0,0,1,28,39571,6,1,6,0,3,0,70,165,0,0,0,0,0,0,0,0,0,1,0,0,0,0,2,2,55,4,1,2,1,0,0,14,10,1,1,4,1,1,0
28,280254,1,2,1,26,6,23,42,12,1,1,0,28,1,53,709,53709,80,2004,JS1GW71A1421,J,S,1,G,W,7,1,A,1,4,2,1,0,M,SUZI,GXR,RC,4,17,,,,,,,1298,0,0,000000000,00000000000,0,0,0,1,0,0,0,0,0,0,0,999,0,0,0,12,12,6,2,1,0,0,1,1,28,39192,6,1,0,0,3,1,64,180,0,0,0,1,0,4,2008,4,2008,0,26,0,0,0,2,2,55,1,1,2,1,0,0,1,18,1,1,1,28,1,0
28,280254,2,2,2,26,6,23,42,12,1,1,0,28,1,22,18,22018,4,2001,1G2WK52J91F1,1,G,2,W,K,5,2,J,9,1,F,1,0,P,PONT,GFS,4D,1,17,3384,,0,1105,,G,,0,0,000000000,00000000000,0,0,0,1,0,0,0,0,0,0,0,55,0,0,0,6,6,6,2,12,0,0,0,1,28,38954,6,1,0,0,3,0,68,176,0,0,0,0,0,0,0,0,0,0,0,0,0,0,2,2,55,1,1,2,1,0,0,2,18,1,1,1,30,0,0
28,280255,1,1,2,27,6,10,43,10,0,1,0,28,1,63,32,63032,4,2005,KNADC1657562,K,N,A,D,C,1,6,5,7,5,6,2,0,P,KIA,RIC,4H,5,17,2447,,0,949,,G,,0,0,000000000,00000000000,0,0,0,1,0,0,0,0,0,0,0,15,0,0,0,12,12,6,2,10,0,0,0,1,28,38930,6,1,0,0,3,0,66,190,0,0,0,0,0,0,0,0,0,0,0,0,0,0,1,2,15,1,1,2,1,65,3,1,12,1,1,2,15,1,0
28,280256,1,1,2,28,6,19,28,42,0,1,0,28,3,12,481,12481,31,2001,1FTNW20F81EA,1,F,T,N,W,2,0,F,8,1,E,A,0,T,FORD,F2S,CW,1,17,,2,1724,1562,SRW,D,,0,0,000000000,00000000000,0,0,0,1,0,0,0,0,0,0,0,55,0,0,0,12,12,6,2,42,0,0,0,1,28,38967,6,2,0,0,3,0,76,185,0,0,0,0,0,0,0,0,0,0,0,0,0,0,1,2,55,4,1,2,2,0,0,14,12,1,1,4,1,2,0
28,280257,1,1,1,29,6,21,17,42,0,1,0,28,1,7,442,7442,20,1998,2B4GP4530WR6,2,B,4,G,P,4,5,3,0,W,R,6,0,P,DODG,CAR,SV,98,17,3574,,0,1133,,G,,0,0,000000000,00000000000,0,0,0,1,0,0,0,0,0,0,0,999,0,0,0,12,12,6,2,42,0,0,0,1,28,39465,6,1,0,0,3,0,75,220,0,0,0,0,0,0,0,0,0,0,0,0,0,0,1,2,45,4,1,2,1,0,0,14,12,1,1,4,1,1,0
28,280258,1,1,2,30,6,18,19,1,0,1,0,28,2,35,39,35039,4,2005,1N4BA41E95C8,1,N,4,B,A,4,1,E,9,5,C,8,0,P,NISS,MEL,4D,5,17,3321,,0,1112,,G,,0,0,000000000,00000000000,0,0,0,1,0,0,0,0,0,0,0,999,0,9,9,0,13,6,2,1,0,0,0,1,22,71423,6,1,0,0,3,0,64,120,0,0,0,2,0,10,2008,11,2009,1,0,0,0,0,2,2,70,1,1,2,2,0,0,1,12,1,1,4,1,2,0
28,280259,1,2,1,1,7,17,8,12,2,1,0,28,1,34,37,34037,4,2001,WBAGH83421DP,W,B,A,G,H,8,3,4,2,1,D,P,0,P,BMW,7IL,4D,1,17,4288,,0,1209,,G,,0,0,000000000,00000000000,0,0,0,1,0,0,0,0,0,0,0,999,0,0,0,12,12,6,2,12,0,0,0,1,28,39437,6,1,6,0,3,0,69,185,0,0,0,0,0,0,0,0,0,0,0,0,0,0,1,2,55,2,2,2,1,0,0,14,10,1,1,2,50,1,0
28,280259,2,2,1,1,7,17,8,12,2,1,0,28,3,23,481,23481,31,1997,1GTFC24R0VZ5,1,G,T,F,C,2,4,R,0,V,Z,5,0,T,GMC,SC2,PK,97,17,,2,0,1315,SIE,G,,0,0,000000000,00000000000,0,0,0,1,0,0,0,0,0,0,0,999,0,0,0,12,12,6,2,12,0,0,0,1,28,39443,6,1,0,0,3,0,71,125,0,0,0,0,0,0,0,0,0,0,28,0,0,0,1,2,55,4,2,2,1,0,0,14,62,1,1,2,51,1,0
28,280260,1,2,1,1,7,18,40,12,6,1,0,28,1,37,709,37709,80,2001,JH2RC44031K5,J,H,2,R,C,4,4,0,3,1,K,5,0,M,HOND,T7D,RS,1,17,,,,,,,745,0,0,000000000,00000000000,0,0,0,1,0,0,0,0,0,0,0,45,0,0,0,12,12,6,2,12,0,0,0,1,28,39705,6,1,0,0,3,1,70,180,0,0,0,0,0,0,0,0,0,0,0,0,0,0,2,2,45,1,1,2,1,3,3,1,17,1,1,2,86,1,0
28,280260,2,2,1,1,7,18,40,12,6,1,0,28,1,7,43,7043,4,2004,1B3EL36X84N3,1,B,3,E,L,3,6,X,8,4,N,3,0,P,DODG,SSE,4D,4,17,3088,,0,1080,,G,,0,0,000000000,00000000000,0,0,0,1,0,0,0,0,0,0,0,15,0,0,0,3,3,6,2,12,0,0,0,1,28,39705,0,0,0,0,0,0,999,999,99,99,99,99,99,99,9999,99,9999,0,38,39,0,0,2,2,45,1,1,2,1,3,3,1,17,1,1,2,87,0,1
28,280261,1,1,1,3,7,6,52,8,0,1,0,28,1,23,481,23481,31,1995,1GTEC14Z5SZ5,1,G,T,E,C,1,4,Z,5,S,Z,5,0,T,GMC,SC1,PK,95,17,,2,1315,1175,SIE,G,,0,0,000000000,00000000000,0,0,0,1,0,0,0,0,0,0,0,60,0,0,0,12,12,6,2,8,0,0,0,1,28,39532,6,1,0,0,3,0,71,150,0,0,0,0,0,0,0,0,0,0,0,0,0,0,2,2,50,1,1,2,1,0,0,1,80,1,1,1,13,0,0
28,280262,1,1,2,3,7,13,31,35,0,1,0,28,1,20,481,20481,31,1999,1GCCS1445X81,1,G,C,C,S,1,4,4,5,X,8,1,0,T,CHEV,S14,PK,99,17,,1,1179,1083,S,G,,0,0,000000000,00000000000,0,0,0,1,0,0,0,0,0,0,0,68,0,0,0,12,12,6,2,35,0,0,0,1,28,39074,6,1,0,0,3,0,66,185,0,0,0,0,0,0,0,0,0,0,0,0,0,0,2,2,70,1,1,2,1,0,0,1,12,2,1,4,1,1,0
28,280263,1,1,3,3,7,19,35,1,0,1,0,28,2,23,481,23481,31,1995,1GTEK14K8SZ5,1,G,T,E,K,1,4,K,8,S,Z,5,0,T,GMC,SK1,PK,95,17,,2,1315,1175,SIE,G,,0,0,000000000,00000000000,0,0,0,1,0,0,0,0,0,0,0,55,0,9,9,0,13,6,2,1,0,0,0,1,28,38916,6,1,0,0,3,0,74,175,0,0,0,1,1,1,2009,2,2009,1,0,0,0,0,1,2,55,4,1,2,2,0,0,14,13,1,1,4,1,1,1
28,280264,1,1,1,3,7,20,48,1,0,1,0,28,1,12,481,12481,31,2001,1FTRX18W51NA,1,F,T,R,X,1,8,W,5,1,N,A,0,T,FORD,F15,4C,1,17,,2,1574,1388,COF,G,,0,0,000000000,00000000000,0,0,0,1,0,0,0,0,0,0,0,58,0,9,9,0,13,6,2,1,0,0,0,1,28,38676,6,1,0,0,3,0,72,170,0,0,0,0,0,0,0,0,0,0,0,0,0,0,1,2,55,4,2,2,1,0,0,14,12,1,1,4,1,1,1
28,280265,1,2,4,4,7,0,33,12,1,1,0,28,3,20,421,20421,15,2007,1GNFC13J07R1,1,G,N,F,C,1,3,J,0,7,R,1,0,P,CHEV,CTA,UT,7,17,5443,,0,1160,,G,,0,0,000000000,00000000000,0,0,0,1,0,0,0,0,0,0,0,70,0,0,0,12,6,6,2,12,0,0,0,1,28,39401,6,1,0,0,3,0,65,150,0,0,0,0,0,0,0,0,0,0,0,0,0,0,2,2,70,1,1,2,1,0,0,1,11,1,1,1,28,1,0
28,280265,2,2,3,4,7,0,33,12,1,1,0,28,2,35,47,35047,4,2004,1N4BL11DX4C1,1,N,4,B,L,1,1,D,X,4,C,1,0,P,NISS,ABE,4D,4,17,3071,,0,1102,,G,,0,0,000000000,00000000000,0,0,0,1,0,0,0,0,0,0,0,70,0,0,0,6,6,6,2,12,0,0,0,1,28,39459,6,1,6,0,3,0,66,145,0,0,0,1,0,1,2008,1,2008,0,26,0,0,0,2,2,70,1,1,2,1,0,0,2,18,1,1,1,30,1,0
28,280266,1,1,2,5,7,1,18,1,0,1,0,28,2,20,402,20402,14,1999,2CNBE18C3X69,2,C,N,B,E,1,8,C,3,X,6,9,0,P,CHEV,TKR,UT,99,17,2596,,0,866,,G,,0,0,000000000,00000000000,0,0,0,1,0,0,0,0,0,0,0,999,0,9,9,0,13,6,2,1,0,0,0,1,28,39746,6,1,0,0,3,0,72,235,0,1,1,0,0,6,2009,10,2009,1,0,0,0,0,1,2,55,1,1,2,1,0,0,1,10,1,1,4,1,1,1
28,280267,1,1,2,5,7,2,57,42,0,1,0,28,1,49,40,49040,4,2007,4T1BE46K67U6,4,T,1,B,E,4,6,K,6,7,U,6,0,P,TOYT,CMB,4D,7,17,3108,,0,1093,,G,,0,0,000000000,00000000000,0,0,0,1,0,0,0,0,0,0,0,999,0,0,0,12,12,6,2,42,0,0,0,1,28,39452,6,2,0,0,3,0,76,274,0,0,0,0,0,0,0,0,0,0,0,0,0,0,1,2,35,1,2,2,1,0,0,1,13,1,1,4,1,1,0
28,280268,1,2,3,8,7,15,48,12,6,1,0,1,1,23,421,23421,15,2001,1GKEC13T61J1,1,G,K,E,C,1,3,T,6,1,J,1,0,T,GMC,YUK,4W,1,17,,2,0,1160,YUK,G,,0,0,000000000,00000000000,0,0,0,1,0,0,0,0,0,0,0,65,0,0,0,12,12,6,2,12,0,0,0,1,28,39702,6,1,0,0,3,0,70,185,0,0,0,0,0,0,0,0,0,0,0,0,0,0,2,2,65,1,1,2,1,20,3,1,17,1,1,2,86,0,0
28,280268,2,2,3,8,7,15,48,12,6,1,0,28,1,18,7,18007,4,2000,2G4WS52J4Y12,2,G,4,W,S,5,2,J,4,Y,1,2,0,P,BUIC,CCU,4D,0,17,3368,,0,1090,,G,,0,0,000000000,00000000000,0,0,0,1,0,0,0,0,0,0,0,5,0,0,0,3,3,6,2,12,0,0,0,1,28,39744,6,1,0,0,3,0,71,180,0,0,0,0,0,0,0,0,0,0,38,39,0,0,2,2,65,1,1,2,1,20,3,1,17,1,1,2,87,1,0
28,280269,1,1,1,8,7,23,31,34,0,1,0,12,1,37,709,37709,80,2005,JH2PC370X5M2,J,H,2,P,C,3,7,0,X,5,M,2,0,M,HOND,B60,RS,5,17,,,,,,,599,0,0,000000000,00000000000,0,0,0,1,0,0,0,0,0,0,0,99,0,0,0,12,12,6,2,34,0,0,0,1,12,32407,6,1,0,0,3,0,64,120,0,0,0,0,0,0,0,0,0,1,0,0,0,0,1,2,35,4,2,2,1,0,0,14,12,1,1,4,1,1,1
28,280270,1,1,1,9,7,8,11,35,0,1,0,28,3,12,481,12481,31,2004,2FTRF17W34CA,2,F,T,R,F,1,7,W,3,4,C,A,0,T,FORD,HER,PK,4,17,,2,0,1200,COF,G,,0,0,000000000,00000000000,0,0,0,1,0,0,0,0,0,0,0,999,0,0,0,12,12,6,2,35,0,0,0,1,28,39476,6,1,0,0,3,0,73,180,0,0,0,0,0,0,0,0,0,0,0,0,0,0,1,2,55,1,1,2,1,0,0,1,13,1,1,4,1,1,0
28,280271,1,1,2,9,7,12,28,42,0,1,0,28,1,12,16,12016,4,2005,2FAFP74W65X1,2,F,A,F,P,7,4,W,6,5,X,1,0,P,FORD,CVL,4D,5,17,4057,,0,1147,,G,,0,0,000000000,00000000000,0,0,0,1,0,0,0,0,0,0,0,65,0,0,0,12,12,6,2,42,0,0,0,1,28,39154,6,1,0,0,3,0,75,250,0,0,0,0,0,0,0,0,0,0,0,0,0,0,2,4,65,1,1,2,1,0,0,1,10,1,1,4,1,1,0
28,280272,1,2,2,9,7,13,35,12,6,1,0,28,1,72,709,72709,80,2008,1HD1GX4138K3,1,H,D,1,G,X,4,1,3,8,K,3,0,M,HD,FXI,RS,8,17,,,,,,,1584,0,0,000000000,00000000000,0,0,0,1,0,0,0,0,0,0,0,999,0,0,0,12,12,6,2,12,0,0,0,1,28,39773,6,1,0,0,3,0,72,180,0,0,0,0,0,0,0,0,0,1,38,39,0,0,2,2,55,1,1,2,1,20,3,1,17,1,1,2,86,1,0
28,280272,2,2,3,9,7,13,35,12,6,1,0,28,1,20,482,20482,31,2005,3GNEK12Z25G1,3,G,N,E,K,1,2,Z,2,5,G,1,0,P,CHEV,AVL,UT,5,17,5678,,0,1300,,F,,0,0,000000000,00000000000,0,0,0,1,0,0,0,0,0,0,0,5,0,0,0,3,3,0,1,12,0,0,0,1,28,39773,6,1,0,0,3,1,73,175,0,0,0,2,0,10,2008,11,2008,0,0,0,0,0,2,4,55,1,1,2,1,20,3,1,17,1,1,1,87,0,0
28,280273,1,2,3,9,7,16,15,12,7,1,0,12,1,49,482,49482,31,2005,5TBJU32135S4,5,T,B,J,U,3,2,1,3,5,S,4,0,T,TOYT,TUN,PK,5,17,,1,0,1283,TUN,G,,0,0,000000000,00000000000,0,0,0,1,0,0,0,0,0,0,0,999,0,0,0,3,3,6,2,12,0,0,0,1,12,32953,6,1,0,0,3,0,70,165,0,0,0,0,0,0,0,0,0,0,28,0,0,0,2,2,65,4,2,2,1,0,0,14,11,1,1,2,44,1,0
28,280273,2,2,1,9,7,16,15,12,7,1,0,17,3,87,884,87884,66,1996,1XPFL79XXTN4,1,X,P,F,L,7,9,X,X,T,N,4,1,T,PTRB,378,TM,96,17,,8,0,0,CON,D,,1,56,15128,5615128,3,19,2,1,0,0,0,0,0,0,0,60,0,0,0,9,9,6,2,12,0,0,0,1,28,39170,6,1,6,0,3,0,72,250,0,0,0,0,0,0,0,0,0,0,0,0,0,0,2,2,65,4,2,2,1,0,0,14,18,1,1,1,45,0,0
28,280274,1,2,1,9,7,16,47,12,1,1,0,28,1,35,50,35050,4,2009,3N1BC13E09L4,3,N,1,B,C,1,3,E,0,9,L,4,0,P,NISS,VSL,4H,9,17,2693,,0,1024,,G,,0,0,000000000,00000000000,0,0,0,1,0,0,0,0,0,0,0,999,0,0,0,12,12,6,2,12,0,0,0,1,28,38846,6,1,0,0,3,0,64,215,0,0,0,0,0,0,0,0,0,0,26,0,0,0,2,2,65,1,1,2,1,0,0,1,18,1,1,1,28,0,0
28,280274,2,2,2,9,7,16,47,12,1,1,0,28,2,20,20,20020,4,1998,2G1WL52M4W92,2,G,1,W,L,5,2,M,4,W,9,2,0,P,CHEV,L/S,4D,98,17,3330,,0,1075,,G,,0,0,000000000,00000000000,0,0,0,1,0,0,0,0,0,0,0,999,0,0,0,6,6,6,2,12,0,0,0,1,28,38603,6,1,0,0,3,0,62,130,0,0,0,0,0,0,0,0,0,0,0,0,0,0,2,2,65,1,1,2,1,0,0,2,11,1,1,1,30,1,0
28,280275,1,1,1,10,7,4,19,42,0,1,0,28,2,18,2,18002,4,2001,1G4HP54K2142,1,G,4,H,P,5,4,K,2,1,4,2,0,P,BUIC,LCF,4D,1,17,3567,,0,1122,,G,,0,0,000000000,00000000000,0,0,0,1,0,0,0,0,0,0,0,999,0,0,0,12,12,6,2,42,0,0,0,1,28,39667,6,1,0,0,3,0,64,250,0,1,1,0,0,2,2010,6,2010,0,38,39,0,0,1,2,45,1,1,2,1,20,3,1,13,1,1,4,1,1,0
28,280276,1,1,3,10,7,11,25,42,0,1,0,28,1,18,401,18401,14,2002,3G5DA03E32S5,3,G,5,D,A,0,3,E,3,2,S,5,0,P,BUIC,RZV,UT,2,17,4024,,0,1122,,G,,0,0,000000000,00000000000,0,0,0,1,0,0,0,0,0,0,0,999,0,0,0,12,12,6,2,42,0,0,0,1,28,39111,6,1,0,0,3,1,64,180,0,0,0,0,0,0,0,0,0,0,0,0,0,0,2,2,70,1,1,2,1,0,0,1,12,1,1,4,1,2,0
28,280277,1,1,1,11,7,7,45,34,0,1,0,28,1,22,9,22009,2,1999,2G2FS22K7X22,2,G,2,F,S,2,2,K,7,X,2,2,0,P,PONT,FBD,2H,99,17,3340,,0,1011,,G,,0,0,000000000,00000000000,0,0,0,1,0,0,0,0,0,0,0,999,0,1,9,12,13,6,2,1,0,0,0,1,28,38618,6,1,6,0,3,1,73,180,0,0,0,0,0,0,0,0,0,0,0,0,0,0,1,2,45,4,3,2,1,0,0,14,12,1,1,4,1,1,1
28,280278,1,1,1,11,7,20,22,42,0,1,0,51,2,12,481,12481,32,1998,1FTZX172XWKB,1,F,T,Z,X,1,7,2,X,W,K,B,0,T,FORD,F15,3C,98,17,,1,1570,1390,COF,G,,0,0,000000000,00000000000,0,0,0,1,0,0,0,0,0,0,0,999,0,0,0,12,12,6,2,42,0,0,0,1,51,23605,6,1,0,0,3,0,70,180,0,0,0,0,0,0,0,0,0,0,0,0,0,0,1,2,65,1,1,2,1,0,0,1,12,1,1,4,1,1,0
28,280279,1,2,1,15,7,12,40,12,6,1,0,28,2,20,421,20421,15,2007,1GNFK13097R1,1,G,N,F,K,1,3,0,9,7,R,1,0,P,CHEV,KTA,UT,7,17,5706,,0,1160,,F,,0,0,000000000,00000000000,0,0,0,1,0,0,0,0,0,0,0,60,0,0,0,12,12,6,2,12,0,0,0,1,5,72207,6,2,0,0,3,0,65,120,0,0,0,0,0,0,0,0,0,0,0,0,0,0,2,2,65,1,1,2,1,3,3,1,17,1,1,1,86,0,0
28,280279,2,2,2,15,7,12,40,12,6,1,0,47,1,20,16,20016,4,2004,1G1JC52F1471,1,G,1,J,C,5,2,F,1,4,7,1,0,P,CHEV,CAV,4D,4,17,2676,,0,1041,,G,,0,0,000000000,00000000000,0,0,0,1,0,0,0,0,0,0,0,999,0,0,0,3,3,6,2,12,0,0,0,1,47,38008,6,1,0,0,3,0,70,185,0,0,0,0,0,0,0,0,0,0,38,39,0,0,2,2,65,1,1,2,1,3,3,1,17,1,1,2,87,1,0
28,280280,1,1,5,15,7,18,50,8,0,1,0,28,2,35,498,35498,31,1993,1N6HD16Y4PC4,1,N,6,H,D,1,6,Y,4,P,C,4,0,T,NISS,KSE,PC,93,17,,1,0,1161,TRK,G,,0,0,000000000,00000000000,0,0,0,1,0,0,0,0,0,0,0,45,0,0,0,12,12,6,2,8,0,0,0,1,28,39483,6,1,0,0,3,0,69,145,0,0,0,0,0,0,0,0,0,0,0,0,0,0,1,2,45,4,3,2,1,0,0,14,80,1,1,1,13,0,0
28,280281,1,1,1,15,7,21,39,42,0,1,0,28,1,20,481,20481,31,2000,1GCEC14T4YZ2,1,G,C,E,C,1,4,T,4,Y,Z,2,0,T,CHEV,SC1,PK,0,17,,2,1330,1190,SIL,G,,0,0,000000000,00000000000,0,0,0,1,0,0,0,0,0,0,0,999,0,9,9,12,13,6,2,1,0,0,0,1,47,38075,6,1,0,0,3,0,73,185,0,0,0,0,0,0,0,0,0,0,0,0,0,0,1,2,55,1,1,2,2,0,0,1,12,1,1,4,1,1,1
28,280282,1,1,1,17,7,4,6,8,0,1,0,28,1,22,18,22018,4,2002,1G2NF52F02C1,1,G,2,N,F,5,2,F,0,2,C,1,0,P,PONT,SE1,4D,2,17,3116,,0,1070,,G,,0,0,000000000,00000000000,0,0,0,1,0,0,0,0,0,0,0,50,0,0,0,12,12,6,2,8,0,0,0,1,28,38850,6,1,0,0,3,0,67,140,0,0,0,0,0,0,0,0,0,0,0,0,0,0,1,2,55,1,1,2,1,0,0,1,80,1,1,1,13,0,0