STATE,ST_CASE,VEH_NO,VE_FORMS,NUMOCCS,DAY,MONTH,HOUR,MINUTE,HARM_EV,MAN_COLL,UNITTYPE,HIT_RUN,REG_STAT,OWNER,MAKE,MODEL,MAK_MOD,BODY_TYP,MOD_YEAR,VIN,VIN_1,VIN_2,VIN_3,VIN_4,VIN_5,VIN_6,VIN_7,VIN_8,VIN_9,VIN_10,VIN_11,VIN_12,TOW_VEH,VINTYPE,VINMAKE,VINA_MOD,VIN_BT,VINMODYR,VIN_LNGT,VIN_WGT,WGTCD_TR,WHLBS_LG,WHLBS_SH,SER_TR,FUELCODE,MCYCL_DS,J_KNIFE,MCARR_I1,MCARR_I2,MCARR_ID,GVWR,V_CONFIG,CARGO_BT,HAZ_INV,HAZ_PLAC,HAZ_ID,HAZ_CNO,HAZ_REL,BUS_USE,SPEC_USE,EMER_USE,TRAV_SP,UNDERIDE,ROLLOVER,ROLINLOC,IMPACT1,IMPACT2,DEFORMED,TOWED,M_HARM,VEH_SC1,VEH_SC2,FIRE_EXP,DR_PRES,L_STATE,DR_ZIP,L_STATUS,L_TYPE,CDL_STAT,L_ENDORS,L_COMPL,L_RESTRI,DR_HGT,DR_WGT,PREV_ACC,PREV_SUS,PREV_DWI,PREV_SPD,PREV_OTH,FIRST_MO,FIRST_YR,LAST_MO,LAST_YR,SPEEDREL,DR_SF1,DR_SF2,DR_SF3,DR_SF4,VTRAFWAY,VNUM_LAN,VSPD_LIM,VALIGN,VPROFILE,VPAVETYP,VSURCOND,VTRAFCON,VTCONT_F,P_CRASH1,P_CRASH2,P_CRASH3,PCRASH4,PCRASH5,ACC_TYPE,DEATHS,DR_DRINK
28,280283,1,2,2,17,7,9,34,12,6,1,0,28,1,20,403,20403,14,2007,3GNDA33P77S6,3,G,N,D,A,3,3,P,7,7,S,6,0,P,CHEV,HHR,UT,7,17,3155,,0,1035,,G,,0,0,000000000,00000000000,0,0,0,1,0,0,0,0,0,0,0,50,0,0,0,12,12,6,2,12,0,0,0,1,28,38603,6,1,6,0,3,0,69,185,0,0,0,0,0,0,0,0,0,0,38,39,0,0,2,2,55,1,1,2,2,3,3,1,17,1,1,2,86,1,0
28,280283,2,2,1,17,7,9,34,12,6,1,0,28,1,35,51,35051,6,2008,JN8AS58T18W0,J,N,8,A,S,5,8,T,1,8,W,0,0,P,NISS,ROG,UT,8,17,3267,,0,1059,,G,,0,0,000000000,00000000000,0,0,0,1,0,0,0,0,0,0,0,5,0,0,0,3,3,6,2,12,0,0,0,1,28,38655,6,1,0,0,3,1,65,115,0,0,0,0,0,0,0,0,0,0,0,0,0,0,2,2,50,1,1,2,2,3,3,1,17,1,1,1,87,0,0
28,280284,1,1,1,27,3,23,0,42,0,1,0,28,1,7,442,7442,20,1998,2B4GP45G3WR7,2,B,4,G,P,4,5,G,3,W,R,7,0,P,DODG,CAR,SV,98,17,3574,,0,1133,,F,,0,0,000000000,00000000000,0,0,0,1,0,0,0,0,0,0,0,999,0,0,0,12,12,6,2,42,0,0,0,1,28,39355,6,1,0,0,3,0,70,250,0,0,0,2,0,7,2009,1,2010,1,0,0,0,0,1,2,45,1,1,2,1,0,0,1,12,1,1,4,1,1,0
28,280285,1,2,2,11,4,9,34,12,2,1,0,28,1,35,39,35039,4,1998,JN1CA21D2WT5,J,N,1,C,A,2,1,D,2,W,T,5,0,P,NISS,MGS,4D,98,17,3026,,0,1063,,G,,0,0,000000000,00000000000,0,0,0,1,0,0,0,0,0,0,0,999,0,0,0,12,12,6,2,12,0,0,0,1,28,39654,6,1,0,0,3,1,66,115,0,0,0,0,0,0,0,0,0,0,28,0,0,0,1,2,45,1,1,2,1,0,0,1,10,1,1,2,50,1,0
28,280285,2,2,3,11,4,9,34,12,2,1,0,0,0,23,481,23481,31,2008,999999999999,9,9,9,9,9,9,9,9,9,9,9,9,0,U,,,,9,17,,,,,,,,0,0,000000000,00000000000,0,0,0,1,0,0,0,0,0,0,0,999,0,0,0,12,12,6,2,12,0,0,0,1,28,39475,6,1,0,0,3,0,67,135,0,0,0,0,0,0,0,0,0,0,0,0,0,0,1,2,45,1,1,2,1,0,0,1,63,2,1,2,51,0,0
28,280286,1,2,1,15,4,9,46,12,2,1,0,28,1,72,709,72709,80,1991,1HD1EAL11MY1,1,H,D,1,E,A,L,1,1,M,Y,1,0,M,HD,FXR,RS,91,17,,,,,,,1340,0,0,000000000,00000000000,0,0,0,1,0,0,0,0,0,0,0,35,0,0,0,12,12,6,2,12,0,0,0,1,28,39560,6,1,0,0,3,0,71,180,0,0,0,0,0,0,0,0,0,0,28,0,0,0,1,2,35,1,1,2,1,0,0,1,62,1,1,2,50,1,0
28,280286,2,2,2,15,4,9,46,12,2,1,0,0,0,12,443,12443,20,2004,999999999999,9,9,9,9,9,9,9,9,9,9,9,9,0,U,,,,9,17,,,,,,,,0,0,000000000,00000000000,0,0,0,1,0,0,0,0,0,0,0,30,0,0,0,12,12,6,2,12,0,0,0,1,28,39571,6,1,0,0,3,0,69,170,0,0,0,0,0,0,0,0,0,0,0,0,0,0,1,2,35,1,1,2,1,0,0,1,62,1,1,2,51,0,0
28,280287,1,1,3,15,5,12,33,42,0,1,0,0,0,20,401,20401,14,1989,999999999999,9,9,9,9,9,9,9,9,9,9,9,9,0,U,,,,9,17,,,,,,,,0,0,000000000,00000000000,0,0,0,1,0,0,0,0,0,0,0,999,0,9,9,12,13,6,2,1,0,0,0,1,1,35616,0,0,0,0,0,0,999,999,99,99,99,99,99,99,9999,99,9999,0,0,0,0,0,1,2,55,1,1,2,1,0,0,1,12,1,1,4,1,3,0
28,280288,1,2,2,25,5,22,38,12,6,1,0,0,0,84,884,84884,66,2007,999999999999,9,9,9,9,9,9,9,9,9,9,9,9,1,U,,,,9,17,,,,,,,,1,56,1546372,561546372,3,19,98,1,0,0,0,0,0,0,0,65,0,0,0,12,12,6,2,12,0,0,0,1,28,39119,6,1,6,0,3,0,70,195,0,0,0,0,0,0,0,0,0,0,0,0,0,0,2,2,65,1,1,2,1,0,0,1,11,1,1,1,86,0,0
28,280288,2,2,2,25,5,22,38,12,6,1,0,28,1,20,2,20002,4,1984,2G1AN69H8E91,2,G,1,A,N,6,9,H,8,E,9,1,0,P,CHEV,CCL,4D,84,17,3532,,0,1160,,G,,0,0,000000000,00000000000,0,0,0,1,0,0,0,0,0,0,0,999,0,0,0,3,3,6,2,12,0,0,0,1,28,39119,6,1,0,0,3,0,70,160,0,0,0,0,0,0,0,0,0,0,38,0,0,0,2,2,65,1,1,2,1,20,3,1,17,1,1,2,87,1,0
28,280289,1,1,1,31,5,12,24,8,0,1,0,28,1,7,482,7482,31,1998,3B7HF13ZXWG1,3,B,7,H,F,1,3,Z,X,W,G,1,0,T,DODG,Q15,4C,98,17,,2,1547,1387,RPC,G,,0,0,000000000,00000000000,0,0,0,1,0,0,0,0,0,0,0,999,0,0,0,12,12,6,2,8,0,0,0,1,28,39212,6,1,0,0,3,0,72,175,0,1,1,0,1,12,2009,3,2010,0,0,0,0,0,1,2,35,1,3,2,1,0,0,1,80,1,1,1,13,0,0
28,280290,1,1,1,11,7,0,48,34,0,1,0,28,1,55,35,55035,4,1999,KMHJF25F1XU8,K,M,H,J,F,2,5,F,1,X,U,8,0,P,HYUN,ELL,4D,99,17,2560,,0,1004,,G,,0,0,000000000,00000000000,0,0,0,1,0,0,0,0,0,0,0,999,0,1,9,12,13,6,2,1,0,0,0,1,28,39073,6,1,0,0,3,0,66,200,0,0,0,0,0,0,0,0,0,0,0,0,0,0,2,2,70,1,1,2,1,0,0,1,13,1,1,4,1,1,1
28,280291,1,1,1,14,7,11,20,42,0,1,0,28,1,35,471,35471,30,1996,1N6SD11S6TC3,1,N,6,S,D,1,1,S,6,T,C,3,0,T,NISS,XES,PK,96,17,,1,0,1043,TRK,G,,0,0,000000000,00000000000,0,0,0,1,0,0,0,0,0,0,0,50,0,0,0,12,12,6,2,42,0,0,0,1,28,39478,6,1,0,0,3,1,67,105,0,0,0,0,0,0,0,0,0,1,0,0,0,0,1,2,45,2,1,2,1,0,0,14,13,1,1,4,1,1,0
28,280292,1,1,4,19,7,10,43,42,0,1,0,28,2,20,22,20022,4,2006,1G1AM18B4676,1,G,1,A,M,1,8,B,4,6,7,6,0,P,CHEV,BSS,CP,6,17,2815,,0,1033,,G,,0,0,000000000,00000000000,0,0,0,1,0,0,0,0,0,0,0,40,0,0,0,12,12,6,2,42,0,0,0,1,28,39501,0,0,0,0,0,0,999,999,99,99,99,99,99,99,9999,99,9999,1,0,0,0,0,1,2,40,1,1,2,1,20,3,1,13,1,1,4,1,1,0
28,280293,1,1,1,19,7,11,52,34,0,1,0,28,1,12,481,12481,31,1998,1FTZF1726WNA,1,F,T,Z,F,1,7,2,6,W,N,A,0,T,FORD,F15,PK,98,17,,1,1390,1200,COF,G,,0,0,000000000,00000000000,0,0,0,1,0,0,0,0,0,0,0,999,0,0,0,12,12,6,2,42,0,0,0,1,28,39095,6,1,0,0,3,0,66,134,0,0,0,0,0,0,0,0,0,0,0,0,0,0,1,2,55,1,1,2,1,0,0,1,12,1,1,4,1,1,0
28,280294,1,1,1,19,7,19,4,42,0,1,0,28,1,7,482,7482,31,1998,3B7KC2661WM2,3,B,7,K,C,2,6,6,1,W,M,2,0,T,DODG,250,PK,98,17,,2,0,1347,RPC,D,,0,0,000000000,00000000000,0,0,0,1,0,0,0,0,0,0,0,999,0,0,0,12,12,6,2,42,0,0,0,1,28,39470,6,1,0,0,3,0,72,220,0,0,0,0,0,0,0,0,0,1,0,0,0,0,1,2,55,2,1,2,2,0,0,14,12,1,1,4,1,1,0
28,280295,1,1,1,21,7,4,0,30,0,1,0,28,1,2,404,2404,14,2000,1J4G248S7YC4,1,J,4,G,2,4,8,S,7,Y,C,4,0,T,JEEP,LRO,4W,0,17,,1,0,1059,GCK,G,,0,0,000000000,00000000000,0,0,0,1,0,0,0,0,0,0,0,999,0,0,0,12,12,6,2,30,0,0,0,1,28,39350,6,1,0,0,3,0,76,175,0,0,0,1,0,12,2008,12,2008,0,0,0,0,0,1,2,55,2,2,2,1,0,0,14,13,1,1,4,1,1,0
28,280296,1,1,1,21,7,15,0,8,0,1,0,28,2,20,481,20481,31,2006,1GCEK19Z56Z2,1,G,C,E,K,1,9,Z,5,6,Z,2,0,T,CHEV,SK1,4C,6,17,,2,1575,1340,SIL,F,,0,0,000000000,00000000000,0,0,0,1,0,0,0,0,0,0,0,999,0,0,0,12,12,2,1,8,0,0,0,1,28,39452,0,0,0,0,0,0,999,999,99,99,99,99,99,99,9999,99,9999,0,0,0,0,0,1,2,45,1,1,2,1,0,0,1,80,1,1,1,13,0,0
28,280297,1,2,2,21,7,16,55,12,6,1,0,28,1,59,33,59033,2,1999,JT8CD32Z7X10,J,T,8,C,D,3,2,Z,7,X,1,0,0,P,LEXS,SC3,CP,99,17,3560,,0,1059,,G,,0,0,000000000,00000000000,0,0,0,1,0,0,0,0,0,0,0,20,0,0,0,12,12,6,2,12,0,0,0,1,28,38847,6,1,0,0,3,0,72,197,0,0,0,0,0,0,0,0,0,0,38,39,0,0,1,2,55,1,1,2,1,3,3,1,17,1,1,2,86,1,0
28,280297,2,2,1,21,7,16,55,12,6,1,0,28,3,84,884,84884,66,1999,1HSHBAHN8XH0,1,H,S,H,B,A,H,N,8,X,H,0,1,T,INTL,810,DS,99,17,,7,2560,1360,80S,D,,1,56,121058,56121058,3,19,98,1,0,0,0,0,0,0,0,53,0,0,0,3,3,6,2,12,0,0,0,1,28,38829,6,1,6,0,3,0,72,215,0,0,0,0,0,0,0,0,0,0,0,0,0,0,2,2,55,1,1,2,1,0,0,1,17,1,1,2,87,0,0
28,280298,1,1,2,22,7,18,59,42,0,1,0,28,1,19,3,19003,4,1987,1G6CD5182H43,1,G,6,C,D,5,1,8,2,H,4,3,0,P,CADI,DFW,4D,87,17,3312,,0,1108,,G,,0,0,000000000,00000000000,0,0,0,1,0,0,0,0,0,0,0,999,0,0,0,12,12,6,2,42,0,0,0,1,28,39046,6,1,0,0,3,0,65,185,0,0,0,0,0,0,0,0,0,0,0,0,0,0,2,2,55,1,1,2,1,0,0,1,13,1,1,4,1,1,0
28,280299,1,1,5,22,7,21,46,1,0,1,0,22,2,49,401,49401,14,1998,JT3GN86R6W00,J,T,3,G,N,8,6,R,6,W,0,0,0,P,TOYT,RUN,UT,98,17,3565,,0,1053,,G,,0,0,000000000,00000000000,0,0,0,1,0,0,0,0,0,0,0,999,0,1,9,0,13,6,2,1,0,0,0,1,22,70726,6,1,0,0,3,0,70,160,0,0,0,0,0,0,0,0,0,0,0,0,0,0,2,4,70,1,1,2,1,0,0,1,12,1,1,4,1,2,0
28,280300,1,2,1,24,7,20,39,12,2,1,0,28,2,35,47,35047,4,2005,1N4AL11D65C1,1,N,4,A,L,1,1,D,6,5,C,1,0,P,NISS,ASL,4D,5,17,2915,,0,1102,,G,,0,0,000000000,00000000000,0,0,0,1,0,0,0,0,0,0,0,45,0,0,0,12,12,6,2,12,0,0,0,1,28,38674,6,1,0,0,3,0,67,160,0,0,0,0,0,0,0,0,0,0,28,0,0,0,1,2,45,4,2,2,1,0,0,14,10,1,1,2,50,0,1
28,280300,2,2,1,24,7,20,39,12,2,1,0,28,1,37,709,37709,80,1999,JH2MC1333XK0,J,H,2,M,C,1,3,3,3,X,K,0,0,M,HOND,CC2,RS,99,17,,,,,,,234,0,0,000000000,00000000000,0,0,0,1,0,0,0,0,0,0,0,999,0,0,0,12,12,6,2,12,0,0,0,1,28,38625,6,1,0,0,3,0,72,170,0,0,0,1,0,5,2010,5,2010,0,0,0,0,0,1,2,45,4,1,2,1,0,0,14,62,1,1,2,51,1,1
28,280301,1,2,1,24,7,21,8,12,2,1,0,28,1,20,481,20481,31,1998,2GCEK19R4W11,2,G,C,E,K,1,9,R,4,W,1,1,0,T,CHEV,GK1,PC,98,17,,2,1555,1415,GM4,G,,0,0,000000000,00000000000,0,0,0,1,0,0,0,0,0,0,0,999,0,0,0,12,12,6,2,12,0,0,0,1,28,38944,6,1,0,0,3,0,67,154,0,0,0,0,0,0,0,0,0,0,0,0,0,0,1,2,55,1,1,2,1,0,0,1,10,1,1,2,50,0,0
28,280301,2,2,1,24,7,21,8,12,2,1,0,28,2,22,20,22020,4,2001,1G2WK52J61F2,1,G,2,W,K,5,2,J,6,1,F,2,0,P,PONT,GFS,4D,1,17,3384,,0,1105,,G,,0,0,000000000,00000000000,0,0,0,1,0,0,0,0,0,0,0,999,0,0,0,12,12,6,2,12,0,0,0,1,28,38726,6,1,0,0,3,1,67,125,0,0,0,0,0,0,0,0,0,0,28,0,0,0,1,2,55,1,1,2,1,0,0,1,62,1,1,2,51,1,1
28,280302,1,1,2,25,7,7,38,42,0,1,0,12,1,53,402,53402,14,1995,4S2CG58V8S43,4,S,2,C,G,5,8,V,8,S,4,3,0,P,ISU,ROD,UT,95,17,3755,,0,1087,,G,,0,0,000000000,00000000000,0,0,0,1,0,0,0,0,0,0,0,999,0,0,0,12,12,6,2,42,0,0,0,1,12,32303,6,1,0,0,3,0,70,180,0,0,0,0,0,0,0,0,0,0,0,0,0,0,2,2,70,1,1,2,1,0,0,1,13,1,1,4,1,1,0
28,280303,1,1,1,25,7,12,11,34,0,1,0,28,1,20,481,20481,31,1994,2GCEC19K4R11,2,G,C,E,C,1,9,K,4,R,1,1,0,T,CHEV,GC1,PC,94,17,,2,1555,1415,GM4,G,,0,0,000000000,00000000000,0,0,0,1,0,0,0,0,0,0,0,999,0,0,0,12,12,6,2,32,0,0,0,1,28,39601,0,0,0,0,0,0,999,999,99,99,99,99,99,99,9999,99,9999,0,0,0,0,0,1,2,45,1,2,2,2,0,0,1,13,1,1,4,1,1,0
28,280304,1,2,1,25,7,16,1,12,1,1,0,28,1,18,2,18002,4,1998,1G4HP52K4WH4,1,G,4,H,P,5,2,K,4,W,H,4,0,P,BUIC,LCF,4D,98,17,3348,,0,1108,,G,,0,0,000000000,00000000000,0,0,0,1,0,0,0,0,0,0,0,999,0,0,0,6,6,6,2,12,0,0,0,1,28,39476,6,1,0,0,3,0,74,215,0,0,0,0,0,0,0,0,0,0,0,0,0,0,1,2,55,1,1,2,1,0,0,1,18,1,1,1,33,1,0
28,280304,2,2,1,25,7,16,1,12,1,1,0,28,2,7,472,7472,30,1998,1B7FL26X6WS5,1,B,7,F,L,2,6,X,6,W,S,5,0,T,DODG,DAK,PK,98,17,,1,1239,1119,DAK,G,,0,0,000000000,00000000000,0,0,0,1,0,0,0,0,0,0,0,999,0,0,0,12,12,6,2,12,0,0,0,1,28,39571,6,1,0,0,3,0,70,185,0,0,0,0,0,0,0,0,0,0,26,0,0,0,1,2,55,1,1,2,1,0,0,1,11,1,1,1,33,0,0
28,280305,1,1,1,26,7,14,0,42,0,1,0,28,1,49,472,49472,30,2007,5TETU62NX7Z3,5,T,E,T,U,6,2,N,X,7,Z,3,0,T,TOYT,ACP,PC,7,17,,1,0,1278,TAC,G,,0,0,000000000,00000000000,0,0,0,1,0,0,0,0,0,0,0,999,0,0,0,12,12,6,2,42,0,0,0,1,28,39462,6,1,0,0,3,0,68,215,0,0,0,0,0,0,0,0,0,1,0,0,0,0,2,2,65,1,1,2,2,0,0,1,12,1,1,4,1,1,0
28,280306,1,2,1,26,7,16,28,12,6,1,0,28,2,24,1,24001,4,1996,1G8ZJ5272TZ2,1,G,8,Z,J,5,2,7,2,T,Z,2,0,P,STRN,SL2,4D,96,17,2320,,0,1024,,G,,0,0,000000000,00000000000,0,0,0,1,0,0,0,0,0,0,0,45,0,0,0,12,12,6,2,12,0,0,0,1,28,39530,0,0,0,0,0,0,999,999,99,99,99,99,99,99,9999,99,9999,0,0,0,0,0,1,2,55,1,1,2,1,3,3,1,17,1,1,2,86,0,0
28,280306,2,2,1,26,7,16,28,12,6,1,0,28,1,20,22,20022,4,2009,1G1AS58H3972,1,G,1,A,S,5,8,H,3,9,7,2,0,P,CHEV,BLS,4D,9,17,3216,,0,1033,,G,,0,0,000000000,00000000000,0,0,0,1,0,0,0,0,0,0,0,15,0,0,0,3,3,6,2,12,0,0,0,1,28,39562,6,1,0,0,3,1,72,170,0,0,0,0,0,0,0,0,0,0,38,39,0,0,1,2,25,1,1,2,1,20,3,1,17,1,1,2,87,1,0
28,280307,1,1,1,27,7,12,28,1,0,1,0,28,1,20,431,20431,16,1999,1GNEC16R2XJ3,1,G,N,E,C,1,6,R,2,X,J,3,0,P,CHEV,C15,UT,99,17,4825,,0,1315,,G,,0,0,000000000,00000000000,0,0,0,1,0,0,0,0,0,0,0,999,0,1,9,0,13,6,2,1,0,0,0,1,28,39475,6,1,0,0,3,0,62,170,0,0,0,0,0,0,0,0,0,0,0,0,0,0,2,2,70,1,1,2,1,0,0,1,13,1,1,4,1,1,0
28,280308,1,2,1,30,7,14,18,12,6,1,0,12,1,12,481,12481,31,2008,1FTSW21R68EA,1,F,T,S,W,2,1,R,6,8,E,A,0,T,FORD,F2S,CW,8,17,,2,1720,1560,SRW,D,,0,0,000000000,00000000000,0,0,0,1,0,0,0,0,0,0,0,65,0,0,0,12,12,6,2,12,0,0,0,1,12,32195,6,1,0,0,3,0,71,180,0,0,0,0,0,0,0,0,0,0,0,0,0,0,2,2,65,1,1,2,1,20,3,1,17,1,1,2,86,0,0
28,280308,2,2,1,30,7,14,18,12,6,1,0,28,1,20,2,20002,4,1994,1G1BN52WXRR1,1,G,1,B,N,5,2,W,X,R,R,1,0,P,CHEV,CLS,4D,94,17,4054,,0,1159,,G,,0,0,000000000,00000000000,0,0,0,1,0,0,0,0,0,0,0,5,0,0,0,3,3,6,2,12,0,0,0,1,28,39421,6,1,0,0,3,0,63,110,0,0,0,0,0,0,0,0,0,0,38,39,0,0,1,2,45,1,1,2,1,20,3,1,17,1,1,2,87,1,0
28,280309,1,1,2,30,7,19,16,42,0,1,0,28,1,12,481,12481,31,1998,1FTYR10C1WUC,1,F,T,Y,R,1,0,C,1,W,U,C,0,T,FORD,RNG,PK,98,17,,1,1175,1116,RNG,G,,0,0,000000000,00000000000,0,0,0,1,0,0,0,0,0,0,0,999,0,0,0,12,12,6,2,42,0,0,0,1,28,39556,6,1,0,0,3,0,70,130,0,0,0,0,0,0,0,0,0,0,0,0,0,0,1,2,55,3,1,2,1,0,0,14,11,1,1,4,1,1,1
28,280310,1,1,2,31,7,21,39,38,0,1,0,28,1,20,9,20009,2,1999,2G1FP22G1X21,2,G,1,F,P,2,2,G,1,X,2,1,0,P,CHEV,Z28,CP,99,17,3439,,0,1011,,G,,0,0,000000000,00000000000,0,0,0,1,0,0,0,0,0,0,0,999,0,0,0,12,12,6,2,42,0,0,0,1,28,39339,6,1,0,0,3,0,75,234,0,0,0,1,0,2,2010,2,2010,0,0,0,0,0,1,2,55,2,3,2,1,0,0,14,13,1,1,4,1,2,1
28,280311,1,1,1,16,3,13,58,1,0,1,0,28,1,37,32,37032,4,1996,1HGCE6679TA0,1,H,G,C,E,6,6,7,9,T,A,0,0,P,HOND,UER,4D,96,17,3184,,0,1069,,G,,0,0,000000000,00000000000,0,0,0,1,0,0,0,0,0,0,0,70,0,1,9,0,13,6,2,1,0,0,0,1,28,38606,6,1,0,0,3,0,73,235,0,0,0,1,0,1,2009,1,2009,1,0,0,0,0,1,2,55,3,1,2,1,0,0,14,13,1,1,4,1,1,1
28,280312,1,1,2,1,8,3,4,1,0,1,0,28,2,20,431,20431,16,1999,3GKEC16R2XG5,3,G,K,E,C,1,6,R,2,X,G,5,0,T,GMC,SUB,4W,99,17,,2,0,1315,C15,G,,0,0,000000000,00000000000,0,0,0,1,0,0,0,0,0,0,0,999,0,1,9,0,13,6,2,1,0,0,0,1,28,39213,0,0,0,0,0,0,999,999,99,99,99,99,99,99,9999,99,9999,1,0,0,0,0,2,2,45,1,1,2,1,0,0,1,13,1,1,4,1,2,1
28,280313,1,1,1,1,8,6,55,38,0,1,0,28,1,20,36,20036,2,1997,2G1WW12M5V91,2,G,1,W,W,1,2,M,5,V,9,1,0,P,CHEV,MLS,CP,97,17,3320,,0,1075,,G,,0,0,000000000,00000000000,0,0,0,1,0,0,0,0,0,0,0,999,0,1,9,12,13,6,2,1,0,0,0,1,28,38645,6,1,0,0,3,0,73,182,0,0,0,0,0,0,0,0,0,0,0,0,0,0,1,2,55,1,1,2,1,0,0,1,12,1,1,4,1,1,1
28,280314,1,2,1,1,8,8,28,12,6,1,0,28,1,24,9,24009,4,2007,1G8ZV57757F1,1,G,8,Z,V,5,7,7,5,7,F,1,0,P,STRN,AXR,4D,7,17,3647,,0,1123,,G,,0,0,000000000,00000000000,0,0,0,1,0,0,0,0,0,0,0,999,0,0,0,9,9,6,2,12,0,0,0,1,28,38635,6,1,0,0,3,0,60,120,0,0,0,0,0,0,0,0,0,0,28,0,0,0,2,2,70,1,1,2,1,0,0,1,11,1,1,2,64,1,0
28,280314,2,2,1,1,8,8,28,12,6,1,0,28,1,7,482,7482,31,2008,3D7KS28A18G1,3,D,7,K,S,2,8,A,1,8,G,1,0,T,DODG,SQ2,CW,8,17,,2,1605,1405,RPC,D,,0,0,000000000,00000000000,0,0,0,1,0,0,0,0,0,0,0,70,0,0,0,12,12,6,2,12,0,0,0,1,29,65536,6,1,0,0,3,0,70,185,0,0,0,0,0,0,0,0,0,0,0,0,0,0,2,2,70,1,1,2,1,0,0,1,62,1,1,2,65,0,0
28,280315,1,1,1,1,8,12,3,34,0,1,0,1,1,20,2,20002,2,2007,2G1WT58N0792,2,G,1,W,T,5,8,N,0,7,9,2,0,P,CHEV,IMT,4D,7,17,3674,,0,1105,,G,,0,0,000000000,00000000000,0,0,0,1,0,0,0,0,0,0,0,70,0,0,0,12,12,6,2,34,0,0,0,1,1,35582,6,1,0,0,3,0,74,222,0,0,0,0,0,0,0,0,0,0,0,0,0,0,2,2,70,1,1,2,1,0,0,1,13,1,1,4,1,1,0
28,280316,1,1,1,2,8,2,33,34,0,1,0,28,2,35,401,35401,14,1997,JN8AR05Y5VW1,J,N,8,A,R,0,5,Y,5,V,W,1,0,P,NISS,PFI,UT,97,17,3934,,0,1063,,G,,0,0,000000000,00000000000,0,0,0,1,0,0,0,0,0,0,0,999,0,0,0,12,12,6,2,34,0,0,0,1,28,38824,6,1,0,0,3,0,69,140,0,0,0,1,0,7,2010,7,2010,0,0,0,0,0,2,4,45,1,1,2,1,0,0,1,13,1,1,4,1,1,1
28,280317,1,1,1,2,8,23,10,42,0,1,0,28,2,58,35,58035,4,2001,JNKCA31A21T0,J,N,K,C,A,3,1,A,2,1,T,0,0,P,INFI,I30,4D,1,17,3227,,0,1063,,G,,0,0,000000000,00000000000,0,0,0,1,0,0,0,0,0,0,0,80,0,0,0,12,12,6,2,42,0,0,0,1,28,39648,6,1,0,0,3,0,70,165,0,1,1,1,0,4,2010,7,2010,1,0,0,0,0,1,2,35,1,1,2,1,0,0,1,12,1,1,4,1,1,0
28,280318,1,1,1,31,3,18,25,1,0,1,0,28,1,12,481,12481,31,2000,3FTZF1727YMA,3,F,T,Z,F,1,7,2,7,Y,M,A,0,T,FORD,F15,PK,0,17,,1,1385,1199,COF,G,,0,0,000000000,00000000000,0,0,0,1,0,0,0,0,0,0,0,999,0,1,9,0,13,6,2,1,0,0,0,1,28,39337,6,1,0,0,3,0,69,170,0,0,0,1,0,4,2008,4,2008,0,0,0,0,0,1,2,55,1,1,2,1,0,0,1,13,1,1,4,1,1,0
28,280319,1,2,2,15,4,13,30,12,6,1,0,28,2,23,481,23481,31,2000,1GKEK13RXYR1,1,G,K,E,K,1,3,R,X,Y,R,1,0,T,GMC,Y/D,4W,0,17,,2,0,1160,Y/D,G,,0,0,000000000,00000000000,0,0,0,1,0,0,0,0,0,0,0,999,0,0,0,12,12,6,2,12,0,0,0,1,28,39146,6,1,0,0,3,1,65,210,0,0,0,0,0,0,0,0,0,0,0,0,0,0,1,2,55,1,1,2,1,20,3,1,17,1,1,2,86,0,0
28,280319,2,2,1,15,4,13,30,12,6,1,0,28,1,20,481,20481,31,2002,3GNEC16Z72G3,3,G,N,E,C,1,6,Z,7,2,G,3,0,P,CHEV,C15,UT,2,17,4914,,0,1300,,F,,0,0,000000000,00000000000,0,0,0,1,0,0,0,0,0,0,0,999,0,0,0,3,3,6,2,12,0,0,0,1,28,39110,6,1,0,0,3,0,74,225,0,0,0,2,0,5,2008,4,2010,0,38,39,0,0,1,2,35,1,1,2,1,0,0,1,11,1,1,2,87,1,0
28,280320,1,2,1,3,8,12,0,12,6,1,0,28,2,84,884,84884,66,2005,2HSCNAPR05C0,2,H,S,C,N,A,P,R,0,5,C,0,1,T,INTL,94I,DS,5,17,,8,0,0,940,D,,1,56,509036,56509036,3,19,98,1,0,0,0,0,0,0,0,65,0,0,0,12,12,6,2,12,0,0,0,1,28,38967,6,1,6,0,3,0,72,230,0,0,0,0,0,0,0,0,0,0,0,0,0,0,2,2,50,1,1,2,1,20,3,1,17,1,1,2,86,1,0
28,280320,2,2,2,3,8,12,0,12,6,1,0,28,2,35,47,35047,4,2002,1N4AL11DX2C1,1,N,4,A,L,1,1,D,X,2,C,1,0,P,NISS,ABS,4D,2,17,2873,,0,1102,,G,,0,0,000000000,00000000000,0,0,0,1,0,0,0,0,0,0,0,25,0,0,0,3,3,6,2,12,0,0,0,1,28,39747,6,2,0,0,3,0,64,128,0,0,0,0,0,0,0,0,0,0,38,39,0,0,2,2,50,1,1,2,1,20,3,1,17,1,1,2,87,0,0