STATE,ST_CASE,VEH_NO,VE_FORMS,NUMOCCS,DAY,MONTH,HOUR,MINUTE,HARM_EV,MAN_COLL,UNITTYPE,HIT_RUN,REG_STAT,OWNER,MAKE,MODEL,MAK_MOD,BODY_TYP,MOD_YEAR,VIN,VIN_1,VIN_2,VIN_3,VIN_4,VIN_5,VIN_6,VIN_7,VIN_8,VIN_9,VIN_10,VIN_11,VIN_12,TOW_VEH,VINTYPE,VINMAKE,VINA_MOD,VIN_BT,VINMODYR,VIN_LNGT,VIN_WGT,WGTCD_TR,WHLBS_LG,WHLBS_SH,SER_TR,FUELCODE,MCYCL_DS,J_KNIFE,MCARR_I1,MCARR_I2,MCARR_ID,GVWR,V_CONFIG,CARGO_BT,HAZ_INV,HAZ_PLAC,HAZ_ID,HAZ_CNO,HAZ_REL,BUS_USE,SPEC_USE,EMER_USE,TRAV_SP,UNDERIDE,ROLLOVER,ROLINLOC,IMPACT1,IMPACT2,DEFORMED,TOWED,M_HARM,VEH_SC1,VEH_SC2,FIRE_EXP,DR_PRES,L_STATE,DR_ZIP,L_STATUS,L_TYPE,CDL_STAT,L_ENDORS,L_COMPL,L_RESTRI,DR_HGT,DR_WGT,PREV_ACC,PREV_SUS,PREV_DWI,PREV_SPD,PREV_OTH,FIRST_MO,FIRST_YR,LAST_MO,LAST_YR,SPEEDREL,DR_SF1,DR_SF2,DR_SF3,DR_SF4,VTRAFWAY,VNUM_LAN,VSPD_LIM,VALIGN,VPROFILE,VPAVETYP,VSURCOND,VTRAFCON,VTCONT_F,P_CRASH1,P_CRASH2,P_CRASH3,PCRASH4,PCRASH5,ACC_TYPE,DEATHS,DR_DRINK
28,280321,1,1,2,4,8,6,13,1,0,1,0,28,1,24,401,24401,14,2004,5GZCZ23D84S8,5,G,Z,C,Z,2,3,D,8,4,S,8,0,P,STRN,VUE,UT,4,17,3246,,0,1066,,G,,0,0,000000000,00000000000,0,0,0,1,0,0,0,0,0,0,0,999,0,1,9,0,13,6,2,1,0,0,0,1,1,36915,6,1,0,0,3,0,68,155,0,0,0,0,0,0,0,0,0,0,0,0,0,0,2,2,65,1,3,2,1,0,0,1,13,1,1,4,1,1,0
28,280322,1,1,1,4,8,10,5,18,0,1,0,28,2,20,481,20481,31,2009,3GCEK23M99G2,3,G,C,E,K,2,3,M,9,9,G,2,0,T,CHEV,2SK,CW,9,17,4914,2,0,1435,SIL,G,,0,0,000000000,00000000000,0,0,0,1,0,0,0,0,0,0,0,999,0,0,0,12,12,6,2,18,0,0,0,1,28,38637,6,1,0,0,3,0,68,150,0,0,0,0,0,0,0,0,0,0,0,0,0,0,1,2,55,1,1,2,1,0,0,1,12,1,1,4,1,1,0
28,280323,1,2,1,4,8,17,48,12,2,1,0,47,3,49,422,49422,15,2003,5TDZT34A13S1,5,T,D,Z,T,3,4,A,1,3,S,1,0,P,TOYT,SEQ,UT,3,17,5070,,0,1181,,G,,0,0,000000000,00000000000,0,0,0,1,0,0,0,0,0,0,0,999,0,0,0,12,12,6,2,12,0,0,0,1,47,38002,6,1,0,0,3,0,68,185,0,0,0,0,0,0,0,0,0,0,28,0,0,0,2,2,70,1,1,2,1,0,0,1,10,1,2,2,50,1,0
28,280323,2,2,1,4,8,17,48,12,2,1,0,47,3,85,884,85884,78,2005,1XKWDB9X35J0,1,X,K,W,D,B,9,X,3,5,J,0,1,T,KW,W90,DS,5,17,,8,2850,1600,CON,D,,1,56,6563796,566563796,3,19,98,1,0,0,0,0,0,0,0,70,0,0,0,12,12,6,2,12,0,0,0,1,47,38141,6,1,0,0,3,0,71,200,0,0,0,0,0,0,0,0,0,0,0,0,0,0,2,2,70,1,1,2,1,0,0,1,62,1,1,2,51,0,0
28,280324,1,1,1,4,8,19,49,42,0,1,0,28,1,12,17,12017,4,1996,1FALP52U0TA2,1,F,A,L,P,5,2,U,0,T,A,2,0,P,FORD,TAG,4D,96,17,3347,,0,1085,,G,,0,0,000000000,00000000000,0,0,0,1,0,0,0,0,0,0,0,999,0,0,0,12,12,6,2,42,0,0,0,1,28,38865,6,1,0,0,3,1,76,160,0,0,0,0,0,0,0,0,0,1,0,0,0,0,1,2,45,1,1,2,1,0,0,1,13,1,1,4,1,1,1
28,280325,1,2,1,6,8,15,45,12,2,1,0,28,3,86,884,86884,78,2000,1M1AA13Y6YW1,1,M,1,A,A,1,3,Y,6,Y,W,1,1,T,MACK,CH6,DS,0,17,,8,0,0,600,D,,1,56,1238762,561238762,3,19,98,1,0,0,0,0,0,0,0,999,0,0,0,12,12,6,2,12,0,0,0,1,28,39630,6,1,6,0,3,0,67,245,0,0,0,1,0,11,2009,11,2009,0,28,0,0,0,1,2,55,1,2,2,2,0,0,1,10,3,1,2,50,1,0
28,280325,2,2,1,6,8,15,45,12,2,1,0,28,3,84,884,84884,66,1999,1FUY3WDB0XLA,1,F,U,Y,3,W,D,B,0,X,L,A,1,T,FRHT,FD1,DS,99,17,,8,0,0,CON,D,,1,56,0398149,560398149,3,19,98,1,0,0,0,0,0,0,0,53,0,0,0,12,12,6,2,12,0,0,0,1,28,39455,6,1,6,0,3,0,73,180,0,0,0,0,0,0,0,0,0,0,0,0,0,0,1,2,55,1,2,2,2,0,0,1,62,1,1,2,51,0,0
28,280326,1,1,5,7,8,9,35,1,0,1,0,28,2,12,481,12481,31,1999,1FTWW33F7XEA,1,F,T,W,W,3,3,F,7,X,E,A,0,T,FORD,F3D,CW,99,17,,3,1720,1560,DRW,D,,0,0,000000000,00000000000,0,0,0,1,0,0,0,0,0,0,0,70,0,1,9,0,13,6,2,1,0,0,0,1,1,35903,6,1,0,0,3,0,70,160,0,0,0,0,0,0,0,0,0,0,0,0,0,0,2,2,70,1,1,2,1,0,0,1,11,1,1,4,1,1,0
28,280327,1,1,1,8,8,0,5,8,0,1,0,0,0,49,40,49040,4,2004,999999999999,9,9,9,9,9,9,9,9,9,9,9,9,0,U,,XLL,4D,9,17,3086,,0,1071,,G,,0,0,000000000,00000000000,0,0,0,1,0,0,0,0,0,0,0,70,0,0,0,12,12,6,2,8,0,0,0,1,28,39204,6,1,0,0,3,0,65,120,0,0,0,0,0,0,0,0,0,0,0,0,0,0,2,2,50,1,1,2,1,0,0,1,80,1,1,1,13,0,0
28,280328,1,1,1,8,8,4,0,8,0,1,0,1,3,51,884,51884,66,2000,4V4MD2UF5YN7,4,V,4,M,D,2,U,F,5,Y,N,7,1,T,VOLV,VVN,DS,0,17,,8,0,0,VVN,D,,1,56,64609,5664609,3,19,98,1,0,0,0,0,0,0,0,50,0,0,0,12,12,0,1,8,0,0,0,1,28,39730,6,1,6,0,3,0,70,210,0,0,0,0,0,0,0,0,0,0,0,0,0,0,1,2,55,1,3,2,1,0,0,1,80,1,1,1,13,0,0
28,280329,1,1,2,8,8,5,0,34,0,1,0,28,1,35,401,35401,14,2006,5N1AR18U66C6,5,N,1,A,R,1,8,U,6,6,C,6,0,P,NISS,PFI,UT,6,17,4373,,0,1122,,G,,0,0,000000000,00000000000,0,0,0,1,0,0,0,0,0,0,0,999,0,0,0,12,12,6,2,42,0,0,0,1,28,38917,6,1,0,0,3,0,67,160,0,0,0,0,0,0,0,0,0,1,0,0,0,0,1,2,35,2,1,2,1,0,0,14,12,1,1,4,1,1,1
28,280330,1,2,1,8,8,18,50,12,6,1,0,28,1,2,403,2403,14,2006,1J4FA44S46P7,1,J,4,F,A,4,4,S,4,6,P,7,0,T,JEEP,LWB,2W,6,17,,1,0,1034,W/T,G,,0,0,000000000,00000000000,0,0,0,1,0,0,0,0,0,0,0,999,0,0,0,3,3,6,2,12,0,0,0,1,28,39111,6,1,0,0,3,0,73,240,0,0,0,0,0,0,0,0,0,0,39,0,0,0,2,2,65,1,1,2,1,0,0,11,15,1,1,2,68,1,0
28,280330,2,2,1,8,8,18,50,12,6,1,0,28,3,85,884,85884,66,2009,1XKDD49X79J2,1,X,K,D,D,4,9,X,7,9,J,2,1,T,KW,T80,DS,9,17,,8,2600,1600,CON,D,,1,56,442564,56442564,3,19,98,1,0,0,0,0,0,0,0,999,0,0,0,12,12,6,2,12,0,0,0,1,28,39480,6,1,6,0,3,0,65,140,0,0,0,0,0,0,0,0,0,0,0,0,0,0,2,2,65,1,1,2,1,0,0,1,63,1,1,2,69,0,0
28,280331,1,1,1,10,8,7,54,24,0,1,0,28,1,19,3,19003,4,2003,1G6KD54Y83U1,1,G,6,K,D,5,4,Y,8,3,U,1,0,P,CADI,DFW,4D,3,17,3978,,0,1153,,G,,0,0,000000000,00000000000,0,0,0,1,0,0,0,0,0,0,0,55,0,0,0,12,12,6,2,24,0,0,0,1,28,39180,6,1,1,0,3,0,70,350,0,0,0,1,0,6,2008,6,2008,0,0,0,0,0,2,2,50,1,1,2,1,0,0,1,12,1,1,4,1,1,0
28,280332,1,2,1,11,8,14,12,12,1,1,0,28,1,18,7,18007,4,2001,2G4WS52J6113,2,G,4,W,S,5,2,J,6,1,1,3,0,P,BUIC,CCU,4D,1,17,3368,,0,1090,,G,,0,0,000000000,00000000000,0,0,0,1,0,0,0,0,0,0,0,35,0,0,0,12,12,6,2,12,0,0,0,1,28,39180,6,1,0,0,3,0,63,155,0,0,0,0,0,0,0,0,0,0,39,0,0,0,1,2,40,1,1,2,1,0,0,1,11,1,1,1,28,1,0
28,280332,2,2,1,11,8,14,12,12,1,1,0,28,1,6,55,6055,2,2005,1C3AN65L95X0,1,C,3,A,N,6,5,L,9,5,X,0,0,P,CHRY,CRL,CV,5,17,3006,,0,945,,G,,0,0,000000000,00000000000,0,0,0,1,0,0,0,0,0,0,0,35,0,0,0,6,6,6,2,12,0,0,0,1,28,39180,6,1,0,0,3,0,65,145,0,0,0,0,0,0,0,0,0,0,0,0,0,0,1,2,40,1,1,2,1,0,0,2,18,1,1,1,30,0,0
28,280333,1,2,1,11,8,20,35,12,6,1,0,28,1,20,481,20481,31,2001,2GCEC19T0112,2,G,C,E,C,1,9,T,0,1,1,2,0,T,CHEV,SC1,4C,1,17,,2,1575,1435,SIL,G,,0,0,000000000,00000000000,0,0,0,1,0,0,0,0,0,0,0,999,0,0,0,12,12,6,2,12,0,0,0,1,28,39206,6,1,0,0,3,0,68,160,0,0,0,0,0,0,0,0,0,0,0,0,0,0,2,2,50,1,1,2,1,3,3,1,17,1,1,1,86,0,0
28,280333,2,2,1,11,8,20,35,12,6,1,0,28,1,6,43,6043,2,2000,3C3EL45H2YT2,3,C,3,E,L,4,5,H,2,Y,T,2,0,P,CHRY,SJX,CV,0,17,3360,,0,1060,,G,,0,0,000000000,00000000000,0,0,0,1,0,0,0,0,0,0,0,999,0,0,0,5,9,6,2,12,0,0,0,1,28,39170,6,1,0,0,3,1,67,140,0,0,0,0,0,0,0,0,0,0,38,39,0,0,2,2,50,1,1,2,1,3,3,1,17,1,1,2,87,1,1
28,280334,1,2,1,13,8,15,4,12,2,1,0,28,1,20,481,20481,31,1997,1GCEC19R2VE2,1,G,C,E,C,1,9,R,2,V,E,2,0,T,CHEV,GC1,PC,97,17,,2,1555,1415,GM4,G,,0,0,000000000,00000000000,0,0,0,1,0,0,0,0,0,0,0,30,0,0,0,12,12,6,2,12,0,0,0,1,28,39443,6,1,6,0,3,0,70,190,0,0,0,0,0,0,0,0,0,0,0,0,0,0,1,2,35,3,2,2,2,0,0,14,63,2,1,2,50,0,0
28,280334,2,2,1,13,8,15,4,12,2,1,0,47,1,18,20,18020,4,2001,2G4WB55K0111,2,G,4,W,B,5,5,K,0,1,1,1,0,P,BUIC,RLS,4D,1,17,3438,,0,1090,,G,,0,0,000000000,00000000000,0,0,0,1,0,0,0,0,0,0,0,999,0,0,0,12,12,6,2,12,0,0,0,1,47,37129,6,1,0,0,3,0,64,120,0,0,0,0,0,0,0,0,0,0,28,0,0,0,1,2,35,3,2,2,2,0,0,14,11,1,1,2,51,1,0
28,280335,1,2,1,13,8,15,51,12,2,1,0,28,1,42,399,42399,4,2004,WDBUF82J94X1,W,D,B,U,F,8,2,J,9,4,X,1,0,P,MERZ,E3M,4D,4,17,3635,,0,1124,,G,,0,0,000000000,00000000000,0,0,0,1,0,0,0,0,0,0,0,999,0,0,0,12,12,6,2,12,0,0,0,1,28,39074,6,1,6,0,3,0,71,87,0,0,0,0,0,0,0,0,0,0,0,0,0,0,2,2,35,2,1,2,2,0,0,14,62,1,1,2,50,1,0
28,280335,2,2,3,13,8,15,51,12,2,1,0,28,2,2,404,2404,14,1996,1J4FX58S1TC3,1,J,4,F,X,5,8,S,1,T,C,3,0,T,JEEP,LRO,4W,96,17,,1,0,1059,GCK,G,,0,0,000000000,00000000000,0,0,0,1,0,0,0,0,0,0,0,999,0,0,0,12,12,6,2,12,0,0,0,1,28,39074,6,1,0,0,3,0,61,135,0,0,0,0,0,0,0,0,0,1,28,0,0,0,2,2,35,3,1,2,2,0,0,14,10,1,1,2,51,1,0
28,280336,1,1,2,7,6,19,40,1,0,1,0,28,2,41,471,41471,30,2000,4F4YR12V6YTM,4,F,4,Y,R,1,2,V,6,Y,T,M,0,T,MAZD,3RC,PK,0,17,,1,0,1116,B30,F,,0,0,000000000,00000000000,0,0,0,1,0,0,0,0,0,0,0,20,0,9,9,0,13,6,2,1,0,0,0,1,28,39120,6,1,0,0,3,0,69,212,0,0,0,0,0,0,0,0,0,0,0,0,0,0,1,2,40,1,1,2,1,0,0,1,13,1,1,4,1,1,0
28,280337,1,1,1,14,8,5,1,42,0,1,0,47,2,12,401,12401,14,1999,1FMYU22X9XUB,1,F,M,Y,U,2,2,X,9,X,U,B,0,P,FORD,EPR,UT,99,17,3675,,0,1017,,G,,0,0,000000000,00000000000,0,0,0,1,0,0,0,0,0,0,0,999,0,0,0,12,12,6,2,42,0,0,0,1,28,38618,6,1,0,0,3,0,70,185,0,0,0,0,0,0,0,0,0,0,0,0,0,0,1,2,45,1,1,2,1,0,0,1,13,1,1,4,1,1,1
28,280338,1,1,2,14,8,16,30,1,0,1,0,47,1,12,401,12401,14,2004,1FMZU73E74UC,1,F,M,Z,U,7,3,E,7,4,U,C,0,P,FORD,EPR,UT,4,17,4094,,0,1137,,G,,0,0,000000000,00000000000,0,0,0,1,0,0,0,0,0,0,0,999,0,9,9,0,13,6,2,1,0,0,0,1,47,38111,6,1,0,0,3,0,70,185,0,0,0,0,0,0,0,0,0,0,0,0,0,0,2,2,70,1,1,2,1,0,0,1,12,1,1,4,1,2,0
28,280339,1,2,1,17,8,16,8,12,2,1,0,28,1,49,482,49482,31,2006,5TBET34126S5,5,T,B,E,T,3,4,1,2,6,S,5,0,T,TOYT,DBS,CW,6,17,,2,0,1283,TUN,G,,0,0,000000000,00000000000,0,0,0,1,0,0,0,0,0,0,0,999,0,0,0,12,12,6,2,12,0,0,0,1,28,39110,6,1,0,0,3,1,72,154,0,0,0,0,0,0,0,0,0,0,28,0,0,0,1,2,25,2,3,2,1,0,0,14,11,1,1,2,50,0,0
28,280339,2,2,1,17,8,16,8,12,2,1,0,28,1,49,40,49040,4,2003,4T1BE32K63U2,4,T,1,B,E,3,2,K,6,3,U,2,0,P,TOYT,UXS,4D,3,17,2993,,0,1071,,G,,0,0,000000000,00000000000,0,0,0,1,0,0,0,0,0,0,0,999,0,0,0,12,12,6,2,12,0,0,0,1,28,39211,6,1,0,0,3,1,64,138,0,0,0,0,0,0,0,0,0,0,0,0,0,0,1,2,25,3,3,2,1,0,0,14,63,1,1,2,51,1,0
28,280340,1,2,1,19,8,9,15,12,7,1,0,45,1,12,481,12481,31,2007,1FTRX12W47FA,1,F,T,R,X,1,2,W,4,7,F,A,0,T,FORD,F15,4C,7,17,,2,1630,1330,COF,G,,0,0,000000000,00000000000,0,0,0,1,0,0,0,0,0,0,0,999,0,0,0,5,5,6,2,12,0,0,0,1,45,29445,6,1,0,0,3,0,65,120,0,0,0,0,0,0,0,0,0,0,28,0,0,0,2,2,70,1,2,2,2,0,0,1,11,1,1,2,44,1,0
28,280340,2,2,1,19,8,9,15,12,7,1,0,1,3,51,884,51884,66,2001,4V4NC9RH21N2,4,V,4,N,C,9,R,H,2,1,N,2,1,T,VOLV,VNL,DS,1,17,,8,0,0,VVN,D,,1,56,0661981,560661981,3,19,98,1,0,0,0,0,0,0,0,60,0,0,0,9,9,6,2,12,0,0,0,1,13,30815,6,1,6,0,3,0,71,200,98,0,0,0,0,0,0,0,0,0,0,0,0,0,2,2,70,1,2,2,2,0,0,1,11,1,1,1,45,0,0
28,280341,1,2,1,19,8,9,21,12,1,1,0,47,3,86,884,86884,66,2002,1M2AC07C52M0,1,M,2,A,C,0,7,C,5,2,M,0,1,T,MACK,LE6,GG,2,17,,8,0,0,600,D,,1,57,962089,57962089,3,19,98,1,0,0,0,0,0,0,0,0,0,0,0,12,12,6,2,12,0,0,0,1,47,38109,6,1,6,0,3,0,71,225,0,0,0,0,0,0,0,0,0,0,0,0,0,0,1,2,45,1,2,2,1,0,0,5,11,1,1,1,24,0,0
28,280341,2,2,1,19,8,9,21,12,1,1,0,28,1,42,36,42036,4,1979,999999999999,9,9,9,9,9,9,9,9,9,9,9,9,0,U,,,,9,17,,,,,,,,0,0,000000000,00000000000,0,0,0,1,0,0,0,0,0,0,0,999,0,0,0,6,6,6,2,12,0,0,0,1,28,38632,6,1,0,0,3,0,74,240,0,0,0,0,0,0,0,0,0,0,26,0,0,0,1,2,45,1,1,2,1,0,0,1,10,1,1,1,25,1,0
28,280342,1,1,1,19,8,9,42,1,0,1,0,28,1,49,472,49472,30,1998,4TANL42N7WZ1,4,T,A,N,L,4,2,N,7,W,Z,1,0,T,TOYT,REG,PK,98,17,,1,0,1033,TAC,G,,0,0,000000000,00000000000,0,0,0,1,0,0,0,0,0,0,0,999,0,1,9,0,13,6,2,1,0,0,0,1,28,38652,6,1,0,0,3,0,62,115,0,0,0,0,0,0,0,0,0,0,0,0,0,0,2,2,70,1,1,2,1,0,0,1,13,1,1,4,1,1,0
28,280343,1,1,2,21,8,22,48,8,0,1,0,28,1,49,40,49040,4,1996,4T1BG12K2TU7,4,T,1,B,G,1,2,K,2,T,U,7,0,P,TOYT,DLX,4D,96,17,2932,,0,1031,,G,,0,0,000000000,00000000000,0,0,0,1,0,0,0,0,0,0,0,35,0,0,0,12,12,6,2,8,0,0,0,1,28,39652,6,1,0,0,3,0,62,105,0,0,0,0,0,0,0,0,0,0,0,0,0,0,1,2,45,2,1,2,1,0,0,14,80,1,1,1,13,0,0
28,280344,1,1,1,21,8,23,41,35,0,1,0,28,1,23,481,23481,31,1987,999999999999,9,9,9,9,9,9,9,9,9,9,9,9,0,U,,,,9,17,,,,,,,,0,0,000000000,00000000000,0,0,0,1,0,0,0,0,0,0,0,55,0,0,0,12,12,6,2,35,0,0,0,1,28,39555,6,1,6,0,3,0,74,220,0,0,0,0,0,0,0,0,0,1,0,0,0,0,1,2,35,1,2,2,1,0,0,1,13,1,1,4,1,1,0
28,280345,1,1,2,22,8,10,44,1,0,1,0,28,2,20,421,20421,15,2003,1GNDS13S0322,1,G,N,D,S,1,3,S,0,3,2,2,0,P,CHEV,TRL,UT,3,17,4417,,0,1130,,G,,0,0,000000000,00000000000,0,0,0,1,0,0,0,0,0,0,0,999,0,1,9,0,13,6,2,1,0,0,0,1,28,39088,6,1,0,0,3,0,64,114,0,0,0,0,0,0,0,0,0,0,0,0,0,0,1,2,55,1,1,2,1,0,0,1,11,1,1,4,1,1,0
28,280346,1,1,1,15,4,10,45,34,0,1,0,0,0,37,709,37709,80,1998,999999999999,9,9,9,9,9,9,9,9,9,9,9,9,0,U,,,,9,17,,,,,,,,0,0,000000000,00000000000,0,0,0,1,0,0,0,0,0,0,0,60,0,0,0,12,12,6,2,42,0,0,0,1,28,39759,6,1,0,0,3,0,64,141,0,0,0,0,0,0,0,0,0,1,0,0,0,0,1,2,45,1,2,2,1,0,0,1,13,1,1,4,1,1,0
28,280347,1,1,1,10,6,14,43,42,0,1,0,28,1,7,482,7482,31,1996,1B7HF16Z0TS7,1,B,7,H,F,1,6,Z,0,T,S,7,0,T,DODG,150,PK,96,17,,2,1347,1187,RPC,G,,0,0,000000000,00000000000,0,0,0,1,0,0,0,0,0,0,0,999,0,0,0,12,12,6,2,42,0,0,1,1,28,38663,6,1,0,0,3,1,67,119,0,0,0,0,0,0,0,0,0,1,0,0,0,0,1,2,98,1,1,2,1,0,0,1,13,1,1,4,1,1,0
28,280348,1,1,1,14,6,6,57,42,0,1,0,28,1,12,37,12037,4,2007,1FAFP34NX7W1,1,F,A,F,P,3,4,N,X,7,W,1,0,P,FORD,FMS,4D,7,17,2636,,0,1029,,G,,0,0,000000000,00000000000,0,0,0,1,0,0,0,0,0,0,0,55,0,0,0,12,12,6,2,42,0,0,0,1,28,38618,6,1,0,0,3,0,61,130,0,0,0,0,0,0,0,0,0,0,0,0,0,0,1,2,45,4,2,2,1,0,0,14,12,1,1,4,1,1,0
28,280349,1,2,1,23,8,14,22,12,6,1,0,28,3,84,884,84884,66,2006,2HSCNSCR86C2,2,H,S,C,N,S,C,R,8,6,C,2,1,T,INTL,94I,DS,6,17,,8,0,0,940,D,,1,56,259565,56259565,3,19,98,1,0,0,0,0,0,0,0,999,0,0,0,12,12,6,2,12,0,0,0,1,47,38126,6,1,6,0,3,0,70,220,0,0,0,0,0,0,0,0,0,0,38,39,0,0,2,2,65,1,1,2,1,20,3,1,17,1,1,1,86,0,0
28,280349,2,2,1,23,8,14,22,12,6,1,0,1,3,84,884,84884,66,2005,3HSCESBR55N1,3,H,S,C,E,S,B,R,5,5,N,1,1,T,INTL,92I,DS,5,17,,8,0,0,920,D,,1,56,271424,56271424,3,19,98,1,0,0,0,0,0,0,0,999,0,0,0,3,3,6,2,12,0,0,0,1,1,36278,6,1,6,0,3,0,71,200,0,0,0,0,0,0,0,0,0,0,0,0,0,0,2,2,65,1,1,2,1,20,3,1,17,1,1,2,87,1,0
28,280350,1,2,2,25,8,18,1,12,6,1,0,28,2,35,402,35402,14,2001,5N1ED28T41C5,5,N,1,E,D,2,8,T,4,1,C,5,0,P,NISS,XTR,UT,1,17,3546,,0,1043,,G,,0,0,000000000,00000000000,0,0,0,1,0,0,0,0,0,0,0,20,0,0,0,12,12,6,2,12,0,0,0,1,28,39204,0,0,0,0,0,0,999,999,99,99,99,99,99,99,9999,99,9999,0,38,39,0,0,2,2,45,1,1,2,1,3,2,1,17,1,1,2,86,0,0
28,280350,2,2,1,25,8,18,1,12,6,1,0,28,1,37,709,37709,80,2003,1HFSC52063A0,1,H,F,S,C,5,2,0,6,3,A,0,0,M,HOND,V13,RS,3,17,,,,,,,1312,0,0,000000000,00000000000,0,0,0,1,0,0,0,0,0,0,0,45,0,0,0,3,3,6,2,12,0,0,0,1,28,39212,6,1,0,0,3,0,70,185,0,0,0,0,0,0,0,0,0,0,0,0,0,0,2,2,45,1,1,2,1,3,3,1,17,1,1,2,87,1,0
28,280351,1,1,3,26,8,11,28,35,0,1,0,28,2,22,22,22022,4,2006,1G2ZH5581642,1,G,2,Z,H,5,5,8,1,6,4,2,0,P,PONT,GGT,4D,6,17,3426,,0,1123,,G,,0,0,000000000,00000000000,0,0,0,1,0,0,0,0,0,0,0,45,0,1,9,12,13,6,2,1,0,0,0,1,28,39503,6,1,0,0,3,1,71,140,0,0,0,1,0,10,2007,10,2007,0,0,0,0,0,1,2,40,1,1,2,1,0,0,1,13,1,1,4,1,1,0
28,280352,1,2,2,28,8,20,47,12,2,1,0,28,1,12,481,12481,31,2006,1FTSX20P96EB,1,F,T,S,X,2,0,P,9,6,E,B,0,T,FORD,F2S,4C,6,17,,2,1580,1420,SRW,D,,0,0,000000000,00000000000,0,0,0,1,0,0,0,0,0,0,0,60,0,0,0,12,12,6,2,12,0,0,0,1,28,39601,6,1,0,0,3,0,72,210,0,0,0,0,0,0,0,0,0,0,0,0,0,0,1,2,55,1,1,2,2,0,0,1,62,1,1,2,50,0,0
28,280352,2,2,1,28,8,20,47,12,2,1,0,28,1,12,3,12003,3,2001,1FAFP45X41F1,1,F,A,F,P,4,5,X,4,1,F,1,0,P,FORD,MGT,CV,1,17,3379,,0,1013,,G,,0,0,000000000,00000000000,0,0,0,1,0,0,0,0,0,0,0,999,0,0,0,12,12,6,2,12,0,0,0,1,28,39140,6,1,0,0,3,0,71,210,0,0,0,0,0,0,0,0,0,1,28,0,0,0,1,2,55,1,1,2,2,0,0,1,10,1,1,2,51,1,1
28,280353,1,1,3,29,8,20,41,34,0,1,0,47,1,14,401,14401,14,2000,4M2ZU86P4YUJ,4,M,2,Z,U,8,6,P,4,Y,U,J,0,P,MERC,MOU,UT,0,17,4250,,0,1116,,G,,0,0,000000000,00000000000,0,0,0,1,0,0,0,0,0,0,0,999,0,1,9,12,13,6,2,1,0,0,0,1,28,39120,6,1,6,0,3,0,75,249,0,0,0,0,0,0,0,0,0,0,0,0,0,0,2,2,70,1,2,2,1,0,0,1,12,1,1,4,1,1,0
28,280354,1,2,2,31,8,19,30,12,6,1,0,47,1,12,401,12401,14,1999,1FMYU22X7XUB,1,F,M,Y,U,2,2,X,7,X,U,B,0,P,FORD,EPR,UT,99,17,3675,,0,1017,,G,,0,0,000000000,00000000000,0,0,0,1,0,0,0,0,0,0,0,15,0,0,0,12,12,6,2,12,0,0,0,1,47,38138,6,1,0,0,3,0,71,180,0,0,0,0,0,0,0,0,0,0,38,39,0,0,1,2,45,1,1,2,1,0,0,1,17,1,1,2,88,0,1
28,280354,2,2,1,31,8,19,30,12,6,1,0,28,1,76,709,76709,80,2008,JYAVP27E58A0,J,Y,A,V,P,2,7,E,5,8,A,0,0,M,YAMA,9CU,RS,8,17,,,,,,,1854,0,0,000000000,00000000000,0,0,0,1,0,0,0,0,0,0,0,45,0,0,0,7,3,6,2,12,0,0,0,1,28,38668,6,1,0,0,3,0,71,170,0,0,0,0,0,0,0,0,0,0,0,0,0,0,1,2,45,1,1,2,1,0,0,1,17,1,1,2,89,1,0
28,280355,1,1,2,31,8,21,13,35,0,1,0,28,1,12,16,12016,4,2003,2FAHP71W23X2,2,F,A,H,P,7,1,W,2,3,X,2,0,P,FORD,CVP,4D,3,17,3946,,0,1147,,G,,0,0,000000000,00000000000,0,0,0,1,0,0,0,0,0,0,0,999,0,1,9,12,13,6,2,1,0,0,0,1,28,39705,6,1,0,0,3,0,69,129,0,0,0,0,0,0,0,0,0,0,0,0,0,0,1,2,45,1,1,2,1,0,0,1,13,1,1,4,1,1,1
28,280356,1,1,1,30,4,19,17,1,0,1,0,28,1,35,401,35401,14,2003,JN8DR09X43W7,J,N,8,D,R,0,9,X,4,3,W,7,0,P,NISS,PFI,UT,3,17,3871,,0,1063,,G,,0,0,000000000,00000000000,0,0,0,1,0,0,0,0,0,0,0,999,0,1,9,0,13,6,2,1,0,0,0,1,31,68105,6,1,0,0,3,0,65,136,0,0,0,0,0,0,0,0,0,1,0,0,0,0,1,2,55,2,1,2,1,0,0,14,13,1,1,4,1,1,0
28,280357,1,2,1,16,5,16,45,12,1,1,0,0,0,99,998,99998,92,1970,999999999999,9,9,9,9,9,9,9,9,9,9,9,9,0,U,,,,9,17,,,,,,,,0,0,000000000,00000000000,0,0,0,1,0,0,0,0,0,0,0,999,0,0,0,12,6,6,2,12,0,0,0,1,28,38642,6,1,0,0,3,0,69,160,0,0,0,0,0,0,0,0,0,0,0,0,0,0,2,2,65,1,2,2,1,0,0,1,11,1,1,1,28,1,0
28,280357,2,2,1,16,5,16,45,12,1,1,0,28,3,87,884,87884,66,2005,1XP5DB9X85D8,1,X,P,5,D,B,9,X,8,5,D,8,1,T,PTRB,379,TR,5,17,,8,0,0,CON,D,,1,56,0012865,560012865,3,19,3,1,0,0,0,0,0,0,0,999,0,1,9,6,12,6,2,12,0,0,1,1,28,38683,6,1,6,0,3,0,72,220,0,0,0,1,0,12,2008,12,2008,0,26,0,0,0,2,2,65,1,2,2,1,0,0,2,10,1,1,1,29,0,0