STATE,ST_CASE,VEH_NO,VE_FORMS,NUMOCCS,DAY,MONTH,HOUR,MINUTE,HARM_EV,MAN_COLL,UNITTYPE,HIT_RUN,REG_STAT,OWNER,MAKE,MODEL,MAK_MOD,BODY_TYP,MOD_YEAR,VIN,VIN_1,VIN_2,VIN_3,VIN_4,VIN_5,VIN_6,VIN_7,VIN_8,VIN_9,VIN_10,VIN_11,VIN_12,TOW_VEH,VINTYPE,VINMAKE,VINA_MOD,VIN_BT,VINMODYR,VIN_LNGT,VIN_WGT,WGTCD_TR,WHLBS_LG,WHLBS_SH,SER_TR,FUELCODE,MCYCL_DS,J_KNIFE,MCARR_I1,MCARR_I2,MCARR_ID,GVWR,V_CONFIG,CARGO_BT,HAZ_INV,HAZ_PLAC,HAZ_ID,HAZ_CNO,HAZ_REL,BUS_USE,SPEC_USE,EMER_USE,TRAV_SP,UNDERIDE,ROLLOVER,ROLINLOC,IMPACT1,IMPACT2,DEFORMED,TOWED,M_HARM,VEH_SC1,VEH_SC2,FIRE_EXP,DR_PRES,L_STATE,DR_ZIP,L_STATUS,L_TYPE,CDL_STAT,L_ENDORS,L_COMPL,L_RESTRI,DR_HGT,DR_WGT,PREV_ACC,PREV_SUS,PREV_DWI,PREV_SPD,PREV_OTH,FIRST_MO,FIRST_YR,LAST_MO,LAST_YR,SPEEDREL,DR_SF1,DR_SF2,DR_SF3,DR_SF4,VTRAFWAY,VNUM_LAN,VSPD_LIM,VALIGN,VPROFILE,VPAVETYP,VSURCOND,VTRAFCON,VTCONT_F,P_CRASH1,P_CRASH2,P_CRASH3,PCRASH4,PCRASH5,ACC_TYPE,DEATHS,DR_DRINK
28,280358,1,1,1,29,5,17,42,33,0,1,0,28,2,53,709,53709,80,2005,JS1GR7JA8521,J,S,1,G,R,7,J,A,8,5,2,1,0,M,SUZI,SRK,RS,5,17,,,,,,,749,0,0,000000000,00000000000,0,0,0,1,0,0,0,0,0,0,0,999,0,0,0,12,12,6,2,33,0,0,0,1,47,38116,6,1,0,0,3,0,70,180,0,0,0,1,0,9,2009,9,2009,0,0,0,0,0,1,2,20,4,1,2,1,0,0,14,13,1,1,4,1,1,0
28,280359,1,2,1,31,5,23,30,12,8,1,0,0,0,23,481,23481,31,1999,999999999999,9,9,9,9,9,9,9,9,9,9,9,9,0,U,,,,9,17,,,,,,,,0,0,000000000,00000000000,0,0,0,1,0,0,0,0,0,0,0,999,0,0,0,9,9,6,2,12,0,0,0,1,28,38756,6,1,0,0,3,0,74,140,0,0,0,0,0,0,0,0,0,0,28,0,0,0,1,2,40,1,1,2,1,0,0,1,11,1,1,2,67,1,0
28,280359,2,2,1,31,5,23,30,12,8,1,0,28,1,18,2,18002,4,1998,1G4HR52K8WH4,1,G,4,H,R,5,2,K,8,W,H,4,0,P,BUIC,LLF,4D,98,17,3370,,0,1108,,G,,0,0,000000000,00000000000,0,0,0,1,0,0,0,0,0,0,0,999,0,0,0,5,5,6,2,12,0,0,0,1,28,38646,6,1,0,0,3,0,68,140,0,0,0,0,0,0,0,0,0,0,0,0,0,0,1,2,40,1,1,2,1,0,0,1,62,1,1,2,67,1,0
28,280360,1,1,1,22,4,18,41,34,0,1,0,28,1,12,17,12017,4,2000,1FAFP55SXYG1,1,F,A,F,P,5,5,S,X,Y,G,1,0,P,FORD,TSS,4D,0,17,3333,,0,1085,,G,,0,0,000000000,00000000000,0,0,0,1,0,0,0,0,0,0,0,45,0,1,9,12,13,6,2,1,0,0,0,1,17,60461,6,1,0,0,3,0,70,180,0,0,0,0,0,0,0,0,0,0,0,0,0,0,1,2,50,1,1,2,1,0,0,1,13,1,1,4,1,1,1
28,280361,1,1,1,18,5,15,39,35,0,1,0,28,1,35,39,35039,4,1995,JN1CA21D7ST0,J,N,1,C,A,2,1,D,7,S,T,0,0,P,NISS,MGS,4D,95,17,2886,,0,1063,,G,,0,0,000000000,00000000000,0,0,0,1,0,0,0,0,0,0,0,45,0,0,0,12,12,6,2,35,0,0,0,1,28,38666,6,1,0,0,3,0,65,143,0,0,0,0,0,0,0,0,0,0,0,0,0,0,1,2,45,1,1,2,1,0,0,1,12,1,1,4,1,1,0
28,280362,1,1,1,16,7,12,18,1,0,1,0,28,1,23,431,23431,16,1999,1GKEK13R5XJ7,1,G,K,E,K,1,3,R,5,X,J,7,0,T,GMC,YUK,4W,99,17,,2,0,1175,YUK,G,,0,0,000000000,00000000000,0,0,0,1,0,0,0,0,0,0,0,50,0,9,9,0,13,6,2,1,0,0,0,1,28,39645,6,1,0,0,3,0,66,125,0,0,0,0,1,6,2009,6,2009,1,0,0,0,0,1,2,50,1,1,2,1,0,0,1,13,1,1,4,1,1,0
28,280363,1,1,1,21,7,2,57,8,0,1,1,0,0,99,999,99999,99,9999,999999999999,9,9,9,9,9,9,9,9,9,9,9,9,0,U,,,,9,17,,,,,,,,0,0,000000000,00000000000,0,0,0,1,0,0,0,0,0,0,0,999,0,0,0,12,12,0,1,8,0,0,0,1,99,39350,9,9,99,9,9,9,999,999,99,99,99,99,99,99,9999,99,9999,0,0,0,0,0,1,2,0,4,1,2,1,0,0,14,80,1,1,1,13,0,0
28,280364,1,2,1,28,7,9,34,12,2,1,0,28,2,2,404,2404,14,2003,1J4GX48S13C5,1,J,4,G,X,4,8,S,1,3,C,5,0,T,JEEP,LRO,4W,3,17,,1,0,1059,GCK,G,,0,0,000000000,00000000000,0,0,0,1,0,0,0,0,0,0,0,65,0,0,0,12,12,6,2,12,0,0,0,1,28,38878,6,1,0,0,3,0,71,163,0,0,0,1,0,10,2009,10,2009,1,28,0,0,0,1,2,35,1,1,2,1,0,0,1,11,1,1,2,50,1,0
28,280364,2,2,1,28,7,9,34,12,2,1,0,28,3,86,884,86884,66,2000,1M2B209C6YM0,1,M,2,B,2,0,9,C,6,Y,M,0,1,T,MACK,DM6,DP,0,17,,8,0,0,600,D,,1,99,999999999,99999999999,3,19,98,1,0,0,0,0,0,0,0,30,0,0,0,12,12,6,2,12,0,0,0,1,28,39776,6,1,6,0,3,0,68,225,0,0,0,0,0,0,0,0,0,0,0,0,0,0,1,2,35,1,1,2,1,0,0,1,63,1,1,2,51,0,0
28,280365,1,1,2,27,8,22,54,1,0,1,0,0,0,20,32,20032,9,1990,999999999999,9,9,9,9,9,9,9,9,9,9,9,9,0,U,,,,9,17,,,,,,,,0,0,000000000,00000000000,0,0,0,1,0,0,0,0,0,0,0,999,0,1,9,0,13,6,2,1,0,0,0,1,28,38632,0,0,0,0,0,0,999,999,99,99,99,99,99,99,9999,99,9999,0,0,0,0,0,1,2,45,1,1,2,1,0,0,1,12,1,1,4,1,1,1
28,280366,1,3,1,31,8,16,13,12,1,1,0,28,3,86,884,86884,66,2007,1M1AJ06Y07N0,1,M,1,A,J,0,6,Y,0,7,N,0,1,T,MACK,CHN,DS,7,17,,8,0,0,600,D,,1,56,458537,56458537,3,19,98,1,0,0,0,0,0,0,0,65,0,0,0,12,6,6,2,12,0,0,0,1,5,72335,6,1,6,0,3,0,70,185,0,0,0,0,0,0,0,0,0,0,26,0,0,0,2,2,65,1,2,2,1,0,0,1,11,1,1,1,28,0,0
28,280366,2,3,1,31,8,16,13,12,1,1,0,28,1,7,482,7482,31,1998,1B7HC13Y8WJ1,1,B,7,H,C,1,3,Y,8,W,J,1,0,T,DODG,Q15,4C,98,17,,2,1547,1387,RPC,G,,0,0,000000000,00000000000,0,0,0,1,0,0,0,0,0,0,0,999,0,0,0,6,12,6,2,12,0,0,0,1,28,39755,6,1,0,0,3,0,69,240,0,0,0,0,0,0,0,0,0,0,0,0,0,0,2,2,65,1,1,2,1,0,0,2,10,1,1,1,29,0,0
28,280366,3,3,1,31,8,16,13,12,1,1,0,0,0,98,998,98998,92,1990,999999999999,9,9,9,9,9,9,9,9,9,9,9,9,0,U,,,,9,17,,,,,,,,0,0,000000000,00000000000,0,0,0,1,0,0,0,0,0,0,0,35,0,0,0,6,6,6,2,12,0,0,0,1,28,39760,6,1,0,0,3,0,70,145,0,0,0,0,0,0,0,0,0,0,0,0,0,0,2,2,65,1,1,2,1,0,0,1,11,1,1,1,98,1,0
28,280367,1,1,1,2,9,11,4,18,0,1,0,28,1,18,2,18002,4,1994,1G4HP52L7RH4,1,G,4,H,P,5,2,L,7,R,H,4,0,P,BUIC,LCF,4D,94,17,3449,,0,1108,,G,,0,0,000000000,00000000000,0,0,0,1,0,0,0,0,0,0,0,50,0,0,0,12,12,6,2,18,0,0,0,1,28,39073,6,1,0,0,3,0,65,110,0,0,0,0,0,0,0,0,0,1,0,0,0,0,1,2,25,1,1,2,1,0,0,3,12,1,1,4,1,1,0
28,280368,1,1,1,2,9,11,50,34,0,1,0,28,4,41,50,41050,4,2010,1YVHZ8CH1A5M,1,Y,V,H,Z,8,C,H,1,A,5,M,0,P,MAZD,M6I,4D,10,17,3258,,0,1098,,G,,0,0,000000000,00000000000,0,0,0,1,0,0,0,0,0,0,0,999,0,0,0,12,12,6,2,34,0,0,0,1,28,39402,6,1,0,0,3,1,74,215,0,0,0,0,0,0,0,0,0,0,0,0,0,0,2,2,70,1,1,2,1,0,0,1,12,1,1,4,1,1,0
28,280369,1,1,4,3,9,15,17,34,0,1,0,28,1,12,13,12013,2,2001,3FAFP11351R1,3,F,A,F,P,1,1,3,5,1,R,1,0,P,FORD,ZX2,CP,1,17,2462,,0,984,,G,,0,0,000000000,00000000000,0,0,0,1,0,0,0,0,0,0,0,55,0,1,9,12,13,6,2,1,0,0,0,1,28,38659,0,0,0,0,0,0,999,999,99,99,99,99,99,99,9999,99,9999,0,0,0,0,0,1,2,55,1,2,2,1,0,0,1,12,1,1,4,1,1,0
28,280370,1,2,2,4,9,3,25,12,6,1,0,28,3,12,398,12398,11,2006,1FDWE35L36DA,1,F,D,W,E,3,5,L,3,6,D,A,0,T,FORD,3DC,YY,6,17,,3,1760,1380,CTV,G,,0,0,000000000,00000000000,0,0,0,1,0,0,0,0,0,0,0,999,0,0,0,3,3,6,2,12,0,0,0,1,28,38922,6,1,0,0,3,0,64,195,0,0,0,1,0,7,2009,7,2009,1,0,0,0,0,1,2,55,1,1,2,1,20,3,1,17,1,1,1,86,0,0
28,280370,2,2,3,4,9,3,25,12,6,1,0,0,0,6,14,6014,4,1990,999999999999,9,9,9,9,9,9,9,9,9,9,9,9,0,U,,,,9,17,,,,,,,,0,0,000000000,00000000000,0,0,0,1,0,0,0,0,0,0,0,999,0,0,0,1,12,6,2,12,0,0,0,1,28,38922,6,1,0,0,3,0,68,172,0,0,0,0,0,0,0,0,0,0,38,39,0,0,1,2,50,1,1,2,1,20,3,1,17,1,1,2,87,1,1
28,280371,1,1,2,4,9,3,55,1,0,1,0,1,2,21,20,21020,4,1996,1G3WH52M1TF3,1,G,3,W,H,5,2,M,1,T,F,3,0,P,OLDS,SUL,4D,96,17,3388,,0,1075,,G,,0,0,000000000,00000000000,0,0,0,1,0,0,0,0,0,0,0,999,0,1,9,0,13,6,2,1,0,0,0,1,28,39074,0,0,0,0,0,0,999,999,99,99,99,99,99,99,9999,99,9999,0,0,0,0,0,1,2,55,4,2,2,1,0,0,14,12,1,1,4,1,1,0
28,280372,1,1,1,4,9,16,57,42,0,1,0,28,1,12,16,12016,4,1999,2FAFP74W3XX1,2,F,A,F,P,7,4,W,3,X,X,1,0,P,FORD,CVL,4D,99,17,3917,,0,1147,,G,,0,0,000000000,00000000000,0,0,0,1,0,0,0,0,0,0,0,999,0,0,0,12,12,6,2,42,0,0,0,1,28,39440,6,1,0,0,3,0,67,150,0,1,1,0,1,5,2009,9,2009,0,0,0,0,0,1,2,55,1,2,2,1,0,0,1,13,1,1,4,1,1,1
28,280373,1,1,2,5,9,10,59,30,0,1,0,28,1,12,481,12481,31,1999,1FTRX08W9XKA,1,F,T,R,X,0,8,W,9,X,K,A,0,T,FORD,F15,4C,99,17,,2,0,1388,COF,G,,0,0,000000000,00000000000,0,0,0,1,0,0,0,0,0,0,0,999,0,0,0,12,12,6,2,30,0,0,0,1,28,39479,6,1,0,0,3,0,61,97,0,0,0,2,0,11,2008,12,2008,1,0,0,0,0,1,2,45,2,1,2,1,0,0,14,13,1,1,4,1,1,0
28,280374,1,2,1,5,9,16,3,12,2,1,0,28,1,76,709,76709,80,2005,JYAVP17E35A0,J,Y,A,V,P,1,7,E,3,5,A,0,0,M,YAMA,X17,RS,5,17,,,,,,,1670,0,0,000000000,00000000000,0,0,0,1,0,0,0,0,0,0,0,999,0,0,0,12,12,6,2,12,0,0,0,1,28,39466,6,1,0,0,3,0,72,211,0,0,0,0,0,0,0,0,0,0,28,0,0,0,1,2,35,1,1,2,1,0,0,1,62,1,1,2,50,1,0
28,280374,2,2,2,5,9,16,3,12,2,1,0,28,2,49,40,49040,4,1999,4T1BG22K4XU4,4,T,1,B,G,2,2,K,4,X,U,4,0,P,TOYT,UEX,4D,99,17,2998,,0,1051,,G,,0,0,000000000,00000000000,0,0,0,1,0,0,0,0,0,0,0,999,0,0,0,12,12,6,2,12,0,0,0,1,28,39466,6,1,0,0,3,0,74,250,0,0,0,1,0,11,2007,11,2007,0,28,0,0,0,1,2,35,1,1,2,1,0,0,1,10,1,1,2,51,0,0
28,280375,1,1,2,5,9,20,46,8,0,1,0,1,1,12,481,12481,31,2004,1FTYR14U44PB,1,F,T,Y,R,1,4,U,4,4,P,B,0,T,FORD,RNS,PS,4,17,,1,0,1257,RNG,G,,0,0,000000000,00000000000,0,0,0,1,0,0,0,0,0,0,0,60,0,0,0,12,12,6,2,8,0,0,0,1,1,35580,6,1,0,0,3,0,70,185,0,0,0,0,0,0,0,0,0,0,0,0,0,0,1,2,55,1,1,2,1,0,0,1,80,1,1,1,13,0,0
28,280376,1,2,1,6,9,3,6,12,6,1,0,28,1,20,16,20016,4,2004,3G1JH54F04S1,3,G,1,J,H,5,4,F,0,4,S,1,0,P,CHEV,CLP,4D,4,17,2808,,0,1041,,G,,0,0,000000000,00000000000,0,0,0,1,0,0,0,0,0,0,0,999,0,0,0,12,12,6,2,12,0,0,0,1,28,38751,6,1,0,0,3,0,70,200,0,0,0,0,0,0,0,0,0,0,38,39,0,0,2,2,35,1,1,2,1,20,3,1,17,1,1,2,86,1,0
28,280376,2,2,1,6,9,3,6,12,6,1,0,28,1,20,481,20481,31,2006,1GBM7C1C66F4,1,G,B,M,7,C,1,C,6,6,F,4,0,T,CHEV,C7C,CB,6,17,,7,2960,1400,C75,D,,0,0,000000000,00000000000,0,0,0,1,0,0,0,0,0,0,0,999,0,0,0,3,3,6,2,12,0,0,0,1,28,39039,6,1,6,0,3,0,69,200,0,0,0,0,0,0,0,0,0,0,0,0,0,0,2,2,35,1,1,2,1,20,3,1,17,1,1,2,87,0,0
28,280377,1,1,1,6,9,11,37,8,0,1,0,28,1,35,39,35039,4,1996,JN1CA21D8TT7,J,N,1,C,A,2,1,D,8,T,T,7,0,P,NISS,MGS,4D,96,17,2886,,0,1063,,G,,0,0,000000000,00000000000,0,0,0,1,0,0,0,0,0,0,0,999,0,0,0,12,12,6,2,8,0,0,0,1,28,39069,6,1,6,0,3,0,64,184,0,0,0,0,0,0,0,0,0,0,0,0,0,0,1,2,55,1,1,2,1,0,0,1,80,1,1,1,13,0,0
28,280378,1,2,1,6,9,12,5,12,2,1,0,28,1,12,3,12003,2,2010,1ZVBP8CH6A51,1,Z,V,B,P,8,C,H,6,A,5,1,0,P,FORD,MGT,CP,10,17,3533,,0,1071,,G,,0,0,000000000,00000000000,0,0,0,1,0,0,0,0,0,0,0,999,0,0,0,12,12,6,2,12,0,0,0,1,28,38827,6,1,0,0,3,0,69,135,0,0,0,2,0,10,2008,1,2010,0,28,0,0,0,1,2,55,4,1,2,1,0,0,14,10,1,1,2,50,1,0
28,280378,2,2,1,6,9,12,5,12,2,1,0,28,2,12,473,12473,30,2007,1FMEU31K77UA,1,F,M,E,U,3,1,K,7,7,U,A,0,P,FORD,EPR,UT,7,17,4516,,0,1305,,G,,0,0,000000000,00000000000,0,0,0,1,0,0,0,0,0,0,0,999,0,0,0,12,12,6,2,12,0,0,0,1,28,38873,6,1,0,0,3,0,69,115,0,0,0,0,0,0,0,0,0,0,0,0,0,0,1,2,55,4,1,2,1,0,0,14,62,1,1,2,51,0,0
28,280379,1,1,1,7,9,7,19,42,0,1,0,28,1,73,709,73709,80,2007,JKAENVC1X7A2,J,K,A,E,N,V,C,1,X,7,A,2,0,M,KAWK,E5C,RS,7,17,,,,,,,498,0,0,000000000,00000000000,0,0,0,1,0,0,0,0,0,0,0,60,0,0,0,12,12,6,2,42,0,0,0,1,28,39653,6,1,0,0,3,0,71,185,0,1,1,0,2,12,2007,3,2010,0,0,0,0,0,1,2,55,1,1,2,1,0,0,1,12,1,1,4,1,1,0
28,280380,1,1,1,7,9,15,55,42,0,1,0,12,1,19,3,19003,4,1996,1G6KD52Y4TU2,1,G,6,K,D,5,2,Y,4,T,U,2,0,P,CADI,DFW,4D,96,17,3758,,0,1138,,G,,0,0,000000000,00000000000,0,0,0,1,0,0,0,0,0,0,0,999,0,0,0,12,12,6,2,42,0,0,0,1,12,32907,6,1,0,0,3,0,70,180,0,0,0,0,0,0,0,0,0,0,0,0,0,0,2,2,70,1,1,2,1,0,0,1,12,1,1,4,1,1,1
28,280381,1,2,1,8,9,19,31,12,6,1,0,28,3,84,884,84884,66,2005,5KJJABCK65PN,5,K,J,J,A,B,C,K,6,5,P,N,1,T,WSTR,49X,DS,5,17,,8,0,0,CNV,D,,1,56,547385,56547385,3,19,98,1,0,0,0,0,0,0,0,50,0,0,0,12,12,6,2,12,0,0,0,1,28,39667,6,1,6,0,3,0,70,145,0,0,0,0,0,0,0,0,0,0,0,0,0,0,1,2,55,1,1,2,1,0,0,1,62,1,1,1,64,0,0
28,280381,2,2,1,8,9,19,31,12,6,1,0,28,1,35,471,35471,30,1987,1N6ND11S6HC3,1,N,6,N,D,1,1,S,6,H,C,3,0,T,NISS,U2S,PK,87,17,,1,0,1043,D21,G,,0,0,000000000,00000000000,0,0,0,1,0,0,0,0,0,0,0,999,0,0,0,3,3,6,2,12,0,0,0,1,28,39667,6,1,0,0,3,0,72,175,0,0,0,0,0,0,0,0,0,0,48,0,0,0,1,2,55,1,1,2,1,0,0,15,10,1,1,2,65,1,1
28,280382,1,3,1,9,9,14,5,12,2,1,0,30,1,7,482,7482,31,1998,1B7KF23W8WJ1,1,B,7,K,F,2,3,W,8,W,J,1,0,T,DODG,Q25,4C,98,17,,2,1547,1387,RPC,G,,0,0,000000000,00000000000,0,0,0,1,0,0,0,0,0,0,0,45,0,0,0,12,12,6,2,12,0,0,0,1,30,59716,6,1,0,0,3,0,67,120,98,0,0,0,0,0,0,0,0,0,0,0,0,0,5,4,55,1,1,2,1,0,0,1,62,1,1,2,50,0,0
28,280382,2,3,1,9,9,14,5,12,2,1,0,28,2,12,13,12013,4,1998,1FAFP13P4WW2,1,F,A,F,P,1,3,P,4,W,W,2,0,P,FORD,ESS,4D,98,17,2468,,0,984,,G,,0,0,000000000,00000000000,0,0,0,1,0,0,0,0,0,0,0,999,0,0,0,12,12,6,2,12,0,0,0,1,28,39702,6,1,0,0,3,1,66,174,0,0,0,0,0,0,0,0,0,0,28,0,0,0,5,4,55,1,1,2,1,0,0,1,10,1,1,2,51,1,0
28,280382,3,3,1,9,9,14,5,12,2,1,0,28,1,23,481,23481,31,1997,2GTEC19R9V15,2,G,T,E,C,1,9,R,9,V,1,5,0,T,GMC,SC1,PC,97,17,,2,1555,1415,SIE,G,,0,0,000000000,00000000000,0,0,0,1,0,0,0,0,0,0,0,50,0,0,0,12,12,6,2,12,0,0,0,1,28,39702,6,1,0,0,3,0,74,252,0,0,0,0,0,0,0,0,0,0,0,0,0,0,5,4,55,1,1,2,1,0,0,1,62,1,1,2,98,0,0
28,280383,1,1,1,10,9,10,12,30,0,1,0,0,0,51,43,51043,4,2010,999999999999,9,9,9,9,9,9,9,9,9,9,9,9,0,U,,,,9,17,,,,,,,,0,0,000000000,00000000000,0,0,0,1,0,0,0,0,0,0,0,999,0,0,0,12,12,6,2,30,0,0,0,1,28,39562,6,1,0,0,3,0,70,185,0,0,0,2,0,5,2009,10,2009,0,0,0,0,0,1,2,35,1,1,2,1,0,0,1,12,1,1,4,1,1,0
28,280384,1,2,1,10,9,11,16,12,2,1,0,28,1,20,20,20020,6,1993,1GNDU06L9PT1,1,G,N,D,U,0,6,L,9,P,T,1,0,P,CHEV,L/M,SV,93,17,3100,,0,1098,,G,,0,0,000000000,00000000000,0,0,0,1,0,0,0,0,0,0,0,999,0,0,0,12,12,6,2,12,0,0,0,1,28,38923,0,0,0,0,0,0,999,999,99,99,99,99,99,99,9999,99,9999,0,28,0,0,0,1,2,35,1,1,2,1,0,0,1,10,1,1,2,50,1,0
28,280384,2,2,1,10,9,11,16,12,2,1,0,28,1,7,482,7482,31,1998,3B7HF12Y7WM2,3,B,7,H,F,1,2,Y,7,W,M,2,0,T,DODG,150,PC,98,17,,2,1547,1387,RPC,G,,0,0,000000000,00000000000,0,0,0,1,0,0,0,0,0,0,0,999,0,0,0,12,12,6,2,12,0,0,0,1,28,38947,6,1,6,0,3,0,67,214,0,0,0,0,0,0,0,0,0,0,0,0,0,0,1,2,35,1,1,2,1,0,0,1,62,1,1,2,51,0,0
28,280385,1,1,1,11,9,2,55,8,0,1,0,0,0,12,422,12422,15,2005,999999999999,9,9,9,9,9,9,9,9,9,9,9,9,0,U,,,,9,17,,,,,,,,0,0,000000000,00000000000,0,0,0,1,0,0,0,0,0,0,0,55,0,0,0,12,12,6,2,8,0,0,0,1,28,38701,6,1,0,0,3,1,64,146,0,0,0,2,0,3,2008,3,2009,0,0,0,0,0,2,2,55,1,1,2,1,0,0,1,80,1,1,1,13,0,0
28,280386,1,2,1,13,9,13,50,12,6,1,0,28,2,20,24,20024,6,2009,1GNER13D39S1,1,G,N,E,R,1,3,D,3,9,S,1,0,P,CHEV,TRV,UT,9,17,4790,,0,1189,,G,,0,0,000000000,00000000000,0,0,0,1,0,0,0,0,0,0,0,60,0,0,0,12,12,6,2,12,0,0,0,1,28,39465,6,1,0,0,3,0,64,130,0,0,0,0,0,0,0,0,0,0,0,0,0,0,1,2,65,1,1,2,1,20,3,1,17,1,1,1,86,0,0
28,280386,2,2,2,13,9,13,50,12,6,1,0,28,1,49,32,49032,4,2005,1NXBR32E15Z5,1,N,X,B,R,3,2,E,1,5,Z,5,0,P,TOYT,UCS,4D,5,17,2530,,0,1024,,G,,0,0,000000000,00000000000,0,0,0,1,0,0,0,0,0,0,0,999,0,0,0,3,3,6,2,12,0,0,0,1,28,39401,6,1,0,0,3,0,68,160,0,0,0,1,0,2,2010,2,2010,0,38,39,0,0,1,2,65,1,1,2,1,20,3,1,17,1,1,1,87,2,0
28,280387,1,2,3,13,9,20,2,12,6,1,0,28,2,49,481,49481,31,1994,4TARN01P8RZ3,4,T,A,R,N,0,1,P,8,R,Z,3,0,T,TOYT,SDX,PK,94,17,,1,0,1030,HTP,G,,0,0,000000000,00000000000,0,0,0,1,0,0,0,0,0,0,0,999,0,0,0,12,12,6,2,12,0,0,0,1,28,38857,6,2,0,0,3,0,63,96,0,0,0,0,0,0,0,0,0,0,38,39,0,0,1,2,55,1,1,2,1,20,3,1,17,1,1,1,86,1,0
28,280387,2,2,2,13,9,20,2,12,6,1,0,28,1,12,481,12481,31,2004,1FMDU67K24UB,1,F,M,D,U,6,7,K,2,4,U,B,0,P,FORD,EPR,UT,4,17,4135,,0,1259,,F,,0,0,000000000,00000000000,0,0,0,1,0,0,0,0,0,0,0,999,0,0,0,3,3,6,2,12,0,0,0,1,28,38857,6,1,0,0,3,0,68,135,0,0,0,0,0,0,0,0,0,0,0,0,0,0,1,2,55,1,1,2,1,20,3,1,17,1,1,1,87,0,0
28,280388,1,1,1,14,9,12,42,42,0,1,0,28,1,23,481,23481,31,1997,2GCEC19R9V11,2,G,C,E,C,1,9,R,9,V,1,1,0,T,CHEV,GC1,PC,97,17,,2,1555,1415,GM4,G,,0,0,000000000,00000000000,0,0,0,1,0,0,0,0,0,0,0,999,0,0,0,12,12,6,2,42,0,0,0,1,28,39090,6,1,0,0,3,1,71,180,0,0,0,0,0,0,0,0,0,0,0,0,0,0,1,2,55,1,1,2,1,0,0,1,12,1,1,4,1,1,0
28,280389,1,2,1,16,9,10,34,12,6,1,0,28,1,12,481,12481,31,2002,2FTRX17292CA,2,F,T,R,X,1,7,2,9,2,C,A,0,T,FORD,F15,4C,2,17,,2,1571,1385,COF,G,,0,0,000000000,00000000000,0,0,0,1,0,0,0,0,0,0,0,999,0,0,0,12,3,6,2,12,0,0,0,1,28,38748,6,1,0,0,3,0,75,226,0,0,0,0,0,0,0,0,0,0,38,39,0,0,1,2,55,1,1,2,1,20,3,1,17,1,1,2,86,1,0
28,280389,2,2,1,16,9,10,34,12,6,1,0,47,2,85,884,85884,66,1998,1XKTD29X8WJ7,1,X,K,T,D,2,9,X,8,W,J,7,1,T,KW,T20,DS,98,17,,8,2600,1900,CON,D,,1,56,510668,56510668,3,19,98,1,0,0,0,0,0,0,0,58,0,0,0,3,12,6,2,12,0,0,0,1,47,38118,6,1,3,0,3,0,70,190,0,0,0,0,0,0,0,0,0,0,0,0,0,0,2,2,55,1,2,2,1,20,3,1,17,1,1,2,87,0,0
28,280390,1,1,1,16,9,12,16,1,0,1,0,28,1,20,16,20016,2,2005,1G1JC12F2571,1,G,1,J,C,1,2,F,2,5,7,1,0,P,CHEV,CAV,CP,5,17,2617,,0,1041,,G,,0,0,000000000,00000000000,0,0,0,1,0,0,0,0,0,0,0,999,0,1,9,0,13,6,2,1,0,0,0,1,28,38967,6,1,0,0,3,0,62,137,0,0,0,0,1,3,2009,3,2009,0,0,0,0,0,2,2,65,1,1,2,1,0,0,1,11,1,1,4,1,1,0
28,280391,1,2,3,16,9,13,5,12,6,1,0,28,1,7,43,7043,4,2005,1B3EL46X15N6,1,B,3,E,L,4,6,X,1,5,N,6,0,P,DODG,SRX,4D,5,17,3093,,0,1080,,G,,0,0,000000000,00000000000,0,0,0,1,0,0,0,0,0,0,0,55,0,0,0,12,12,6,2,12,0,0,0,1,28,39638,6,1,0,0,3,0,65,115,0,0,0,0,0,0,0,0,0,0,0,0,0,0,1,2,55,1,1,2,1,20,3,1,17,1,1,2,86,0,0
28,280391,2,2,1,16,9,13,5,12,6,1,0,0,0,72,709,72709,80,2008,999999999999,9,9,9,9,9,9,9,9,9,9,9,9,0,U,,,,9,17,,,,,,,,0,0,000000000,00000000000,0,0,0,1,0,0,0,0,0,0,0,999,0,0,0,3,3,6,2,12,0,0,0,1,28,39429,6,1,6,0,3,0,74,212,0,0,0,1,2,12,2007,2,2010,0,38,39,0,0,1,2,55,1,1,2,1,20,3,1,17,1,1,2,87,1,0
28,280392,1,2,1,16,9,17,35,12,2,1,0,28,1,22,2,22002,4,1999,1G2HX52K0XH2,1,G,2,H,X,5,2,K,0,X,H,2,0,P,PONT,BVS,4D,99,17,3446,,0,1108,,G,,0,0,000000000,00000000000,0,0,0,1,0,0,0,0,0,0,0,999,0,0,0,12,12,6,2,12,0,0,0,1,28,38865,6,1,0,0,3,0,66,115,0,0,0,0,0,0,0,0,0,0,28,0,0,0,1,2,55,1,1,2,1,0,0,1,10,1,1,2,50,1,0
28,280392,2,2,1,16,9,17,35,12,2,1,0,28,1,35,481,35481,31,2008,1N6BA07D88N3,1,N,6,B,A,0,7,D,8,8,N,3,0,T,NISS,TXS,CW,8,17,,2,0,1398,TTN,F,,0,0,000000000,00000000000,0,0,0,1,0,0,0,0,0,0,0,999,0,0,0,12,12,6,2,12,0,0,0,1,28,38629,6,1,0,0,3,0,68,200,0,0,0,0,0,0,0,0,0,0,0,0,0,0,1,2,55,1,1,2,1,0,0,1,62,1,1,2,51,0,1