STATE,ST_CASE,VEH_NO,VE_FORMS,NUMOCCS,DAY,MONTH,HOUR,MINUTE,HARM_EV,MAN_COLL,UNITTYPE,HIT_RUN,REG_STAT,OWNER,MAKE,MODEL,MAK_MOD,BODY_TYP,MOD_YEAR,VIN,VIN_1,VIN_2,VIN_3,VIN_4,VIN_5,VIN_6,VIN_7,VIN_8,VIN_9,VIN_10,VIN_11,VIN_12,TOW_VEH,VINTYPE,VINMAKE,VINA_MOD,VIN_BT,VINMODYR,VIN_LNGT,VIN_WGT,WGTCD_TR,WHLBS_LG,WHLBS_SH,SER_TR,FUELCODE,MCYCL_DS,J_KNIFE,MCARR_I1,MCARR_I2,MCARR_ID,GVWR,V_CONFIG,CARGO_BT,HAZ_INV,HAZ_PLAC,HAZ_ID,HAZ_CNO,HAZ_REL,BUS_USE,SPEC_USE,EMER_USE,TRAV_SP,UNDERIDE,ROLLOVER,ROLINLOC,IMPACT1,IMPACT2,DEFORMED,TOWED,M_HARM,VEH_SC1,VEH_SC2,FIRE_EXP,DR_PRES,L_STATE,DR_ZIP,L_STATUS,L_TYPE,CDL_STAT,L_ENDORS,L_COMPL,L_RESTRI,DR_HGT,DR_WGT,PREV_ACC,PREV_SUS,PREV_DWI,PREV_SPD,PREV_OTH,FIRST_MO,FIRST_YR,LAST_MO,LAST_YR,SPEEDREL,DR_SF1,DR_SF2,DR_SF3,DR_SF4,VTRAFWAY,VNUM_LAN,VSPD_LIM,VALIGN,VPROFILE,VPAVETYP,VSURCOND,VTRAFCON,VTCONT_F,P_CRASH1,P_CRASH2,P_CRASH3,PCRASH4,PCRASH5,ACC_TYPE,DEATHS,DR_DRINK
28,280427,1,1,1,9,10,5,30,42,0,1,0,28,1,12,481,12481,31,2003,1FTNX21L53EC,1,F,T,N,X,2,1,L,5,3,E,C,0,T,FORD,F2S,4C,3,17,,2,1580,1418,SRW,G,,0,0,000000000,00000000000,0,0,0,1,0,0,0,0,0,0,0,999,0,0,0,12,12,6,2,42,0,0,0,1,28,39562,6,1,0,0,3,1,75,250,0,0,0,0,0,0,0,0,0,0,0,0,0,0,1,2,55,1,1,2,1,0,0,1,13,1,1,4,1,1,0
28,280428,1,1,4,10,10,8,40,1,0,1,0,28,1,12,422,12422,15,1997,1FMDU35P2VUB,1,F,M,D,U,3,5,P,2,V,U,B,0,P,FORD,EPR,UT,97,17,4166,,0,1115,,G,,0,0,000000000,00000000000,0,0,0,1,0,0,0,0,0,0,0,999,0,9,9,0,13,6,2,1,0,0,0,1,13,30087,6,1,0,0,3,0,64,120,98,0,0,0,0,0,0,0,0,0,0,0,0,0,2,2,70,1,1,2,1,0,0,1,13,1,1,4,1,2,0
28,280429,1,1,1,11,10,2,38,30,0,1,0,28,1,18,7,18007,4,2002,2G4WS52JX211,2,G,4,W,S,5,2,J,X,2,1,1,0,P,BUIC,CCU,4D,2,17,3368,,0,1090,,G,,0,0,000000000,00000000000,0,0,0,1,0,0,0,0,0,0,0,999,0,0,0,12,12,6,2,30,0,0,1,1,28,39701,6,1,0,0,3,0,74,200,0,0,0,1,0,3,2009,3,2009,0,0,0,0,0,1,2,55,1,2,2,1,0,0,1,13,1,1,4,1,1,1
28,280430,1,2,3,12,10,19,40,12,6,1,0,28,1,20,481,20481,31,1989,2GCEC14K7K11,2,G,C,E,C,1,4,K,7,K,1,1,0,T,CHEV,GC1,PK,89,17,,2,1315,1175,GM4,G,,0,0,000000000,00000000000,0,0,0,1,0,0,0,0,0,0,0,999,0,0,0,9,9,6,2,12,0,0,0,1,28,38611,6,1,0,0,3,0,71,230,0,0,0,0,0,0,0,0,0,0,38,39,0,0,2,2,45,1,1,2,1,20,3,1,17,1,1,2,86,1,0
28,280430,2,2,2,12,10,19,40,12,6,1,0,28,2,20,481,20481,31,2001,1GCCS1455181,1,G,C,C,S,1,4,5,5,1,8,1,0,T,CHEV,S14,PK,1,17,,1,1179,1083,S,F,,0,0,000000000,00000000000,0,0,0,1,0,0,0,0,0,0,0,999,0,0,0,1,12,6,2,12,0,0,0,1,28,38611,6,1,0,0,3,0,64,190,0,0,0,1,0,6,2010,6,2010,0,0,0,0,0,2,2,45,1,2,2,1,20,3,1,17,1,1,2,87,0,0
28,280431,1,1,1,13,10,5,10,8,0,1,0,0,0,20,470,20470,29,2005,999999999999,9,9,9,9,9,9,9,9,9,9,9,9,0,U,,,,9,17,,,,,,,,0,0,000000000,00000000000,0,0,0,1,0,0,0,0,0,0,0,55,0,0,0,12,12,6,2,8,0,0,0,1,22,70123,6,1,6,0,3,0,70,180,0,0,0,0,0,0,0,0,0,0,0,0,0,0,1,2,55,1,2,2,1,0,0,1,80,1,1,1,13,0,0
28,280432,1,3,1,13,10,12,30,12,2,1,0,12,1,12,422,12422,15,2000,1FMRU1567YLC,1,F,M,R,U,1,5,6,7,Y,L,C,0,P,FORD,EPT,UT,0,17,4886,,0,1191,,G,,0,0,000000000,00000000000,0,0,0,1,0,0,0,0,0,0,0,999,0,0,0,12,12,6,2,12,0,0,0,1,28,39402,6,1,0,0,3,0,60,115,0,0,0,0,0,0,0,0,0,0,0,0,0,0,1,2,35,4,1,2,1,0,0,14,62,7,1,1,50,0,0
28,280432,2,3,1,13,10,12,30,12,2,1,0,48,1,53,709,53709,80,2006,JS1GW71A7621,J,S,1,G,W,7,1,A,7,6,2,1,0,M,SUZI,GXR,RS,6,17,,,,,,,1298,0,0,000000000,00000000000,0,0,0,1,0,0,0,0,0,0,0,999,0,0,0,12,12,6,2,12,0,0,0,1,48,77013,6,1,0,0,3,0,68,120,0,0,0,0,0,0,0,0,0,1,28,0,0,0,1,2,35,4,2,2,1,0,0,14,10,1,1,1,51,1,0
28,280432,3,3,1,13,10,12,30,12,2,1,0,28,2,73,709,73709,80,2007,JKBZXNA107A0,J,K,B,Z,X,N,A,1,0,7,A,0,0,M,KAWK,X4A,RS,7,17,,,,,,,1352,0,0,000000000,00000000000,0,0,0,1,0,0,0,0,0,0,0,999,0,0,0,12,12,6,2,12,0,0,0,1,28,39455,6,1,0,0,3,0,70,185,0,0,0,0,0,0,0,0,0,0,0,0,0,0,1,2,35,4,2,2,1,0,0,14,62,1,1,1,98,0,0
28,280433,1,1,1,13,10,18,14,34,0,1,0,28,1,72,709,72709,80,2001,1HD1GEV191Y5,1,H,D,1,G,E,V,1,9,1,Y,5,0,M,HD,FWG,RS,1,17,,,,,,,1450,0,0,000000000,00000000000,0,0,0,1,0,0,0,0,0,0,0,999,0,0,0,12,12,6,2,34,0,0,0,1,28,39350,6,1,0,0,3,0,71,210,0,0,0,0,0,0,0,0,0,0,0,0,0,0,1,2,55,4,1,2,1,0,0,14,12,1,1,4,1,1,0
28,280434,1,1,3,14,10,6,30,42,0,1,0,28,1,12,422,12422,15,2006,1FMPU15596LA,1,F,M,P,U,1,5,5,9,6,L,A,0,P,FORD,EPT,UT,6,17,5353,,0,1190,,G,,0,0,000000000,00000000000,0,0,0,1,0,0,0,0,0,0,0,70,0,1,9,12,13,6,2,1,0,0,0,1,22,70043,6,1,0,0,3,0,63,120,0,0,0,0,0,0,0,0,0,0,80,0,0,0,2,2,70,1,1,2,1,0,0,1,12,1,1,4,1,1,0
28,280435,1,2,1,14,10,7,14,12,2,1,0,28,2,37,32,37032,4,2001,1HGCG16541A0,1,H,G,C,G,1,6,5,4,1,A,0,0,P,HOND,UEX,4D,1,17,3329,,0,1069,,G,,0,0,000000000,00000000000,0,0,0,1,0,0,0,0,0,0,0,65,0,0,0,12,12,6,2,12,0,0,0,1,28,38701,6,1,0,0,3,0,69,183,0,0,0,0,0,0,0,0,0,0,28,0,0,0,1,2,45,1,1,2,1,0,0,1,10,1,1,1,50,0,0
28,280435,2,2,1,14,10,7,14,12,2,1,0,28,2,12,17,12017,4,1997,1FALP52U7VG2,1,F,A,L,P,5,2,U,7,V,G,2,0,P,FORD,TAG,4D,97,17,3329,,0,1085,,G,,0,0,000000000,00000000000,0,0,0,1,0,0,0,0,0,0,0,50,0,0,0,12,12,6,2,12,0,0,0,1,28,38701,6,1,0,0,3,0,67,290,0,0,0,0,0,0,0,0,0,0,0,0,0,0,1,2,45,1,1,2,1,0,0,1,62,1,1,1,51,1,0
28,280436,1,1,1,14,10,19,4,1,0,1,0,28,2,20,481,20481,31,1993,1GCCS14R9P01,1,G,C,C,S,1,4,R,9,P,0,1,0,T,CHEV,S14,PK,93,17,,1,1179,1083,S,G,,0,0,000000000,00000000000,0,0,0,1,0,0,0,0,0,0,0,55,0,1,9,0,13,6,2,1,0,0,0,1,28,39702,0,0,0,0,0,0,999,999,99,99,99,99,99,99,9999,99,9999,0,0,0,0,0,2,2,55,1,1,2,1,0,0,1,13,1,1,4,1,1,0
28,280437,1,2,1,24,9,15,55,12,2,1,0,28,2,38,402,38402,14,2002,4S2CK58W1243,4,S,2,C,K,5,8,W,1,2,4,3,0,P,ISU,ROD,UT,2,17,0,,0,1064,,G,,0,0,000000000,00000000000,0,0,0,1,0,0,0,0,0,0,0,999,0,0,0,12,12,6,2,12,0,0,0,1,28,39452,6,1,0,0,3,0,66,150,0,0,0,0,0,0,0,0,0,1,28,0,0,0,1,2,55,4,1,2,2,0,0,14,62,1,1,2,50,0,0
28,280437,2,2,1,24,9,15,55,12,2,1,0,28,1,99,709,99709,80,2001,999999999999,9,9,9,9,9,9,9,9,9,9,9,9,0,U,,,,9,17,,,,,,,,0,0,000000000,00000000000,0,0,0,1,0,0,0,0,0,0,0,999,0,0,0,12,12,6,2,12,0,0,0,1,28,39452,6,2,0,0,3,0,70,165,0,0,0,0,0,0,0,0,0,0,28,0,0,0,1,2,55,4,1,2,2,0,0,14,10,1,1,2,51,1,0
28,280438,1,2,3,5,10,14,43,12,2,1,0,28,1,14,6,14006,4,2000,2MEFM74W4YX6,2,M,E,F,M,7,4,W,4,Y,X,6,0,P,MERC,GMG,4D,0,17,3958,,0,1147,,G,,0,0,000000000,00000000000,0,0,0,1,0,0,0,0,0,0,0,999,0,0,0,12,12,6,2,12,0,0,0,1,28,39083,6,1,0,0,3,0,66,165,0,0,0,0,0,0,0,0,0,0,28,0,0,0,1,2,45,4,1,2,1,0,0,14,11,1,1,2,50,1,0
28,280438,2,2,1,5,10,14,43,12,2,1,0,28,1,54,35,54035,4,2005,19UUA662X5A0,1,9,U,U,A,6,6,2,X,5,A,0,0,P,ACUR,ATL,4D,5,17,3575,,0,1081,,G,,0,0,000000000,00000000000,0,0,0,1,0,0,0,0,0,0,0,999,0,0,0,12,12,6,2,12,0,0,0,1,28,39083,6,2,0,0,3,0,63,120,0,0,0,0,0,0,0,0,0,0,0,0,0,0,1,2,45,4,1,2,1,0,0,14,63,1,1,2,51,0,0
28,280439,1,3,4,15,10,3,2,12,2,1,0,21,1,54,421,54421,15,2004,2HNYD18954H5,2,H,N,Y,D,1,8,9,5,4,H,5,0,P,ACUR,MDX,UT,4,17,4510,,0,1063,,G,,0,0,000000000,00000000000,0,0,0,1,0,0,0,0,0,0,0,76,0,0,0,12,12,6,2,12,0,0,0,1,21,42459,6,1,0,0,3,0,70,185,0,0,0,0,0,0,0,0,0,0,0,0,0,0,2,2,70,1,1,2,1,0,0,1,63,1,1,2,50,0,0
28,280439,2,3,4,15,10,3,2,12,2,1,0,22,3,20,2,20002,4,2009,2G1WT57K0912,2,G,1,W,T,5,7,K,0,9,1,2,0,P,CHEV,ILT,4D,9,17,3555,,0,1105,,F,,0,0,000000000,00000000000,0,0,0,1,0,0,0,0,0,0,0,70,0,0,0,12,12,6,2,12,0,0,0,1,22,70363,6,1,0,0,3,0,68,155,0,0,0,0,0,0,0,0,0,0,0,0,0,0,2,2,70,1,1,2,1,0,0,1,63,6,1,2,51,0,0
28,280439,3,3,3,15,10,3,2,12,2,1,0,28,1,49,32,49032,4,1989,JT2AE92E7K00,J,T,2,A,E,9,2,E,7,K,0,0,0,P,TOYT,CDF,4D,89,17,2207,,0,957,,G,,0,0,000000000,00000000000,0,0,0,1,0,0,0,0,0,0,0,70,0,0,0,12,12,6,2,12,0,0,0,1,28,39666,6,1,0,0,3,0,72,160,0,1,1,0,1,2,2008,10,2008,0,28,0,0,0,2,2,70,1,1,2,1,0,0,1,11,1,1,2,98,1,0
28,280440,1,2,1,17,10,2,33,12,2,1,0,28,1,18,2,18002,4,2000,2G4WS52J5Y11,2,G,4,W,S,5,2,J,5,Y,1,1,0,P,BUIC,CCU,4D,0,17,3368,,0,1090,,G,,0,0,000000000,00000000000,0,0,0,1,0,0,0,0,0,0,0,999,0,0,0,12,12,6,2,12,0,0,0,1,28,39402,6,1,0,0,3,0,65,160,0,0,0,1,0,11,2009,11,2009,0,28,0,0,0,2,2,45,1,2,2,1,0,0,1,11,1,1,2,50,1,1
28,280440,2,2,1,17,10,2,33,12,2,1,0,28,1,23,481,23481,31,2005,2GTEK13T6513,2,G,T,E,K,1,3,T,6,5,1,3,0,T,GMC,NK1,CW,5,17,,2,0,1435,SIE,G,,0,0,000000000,00000000000,0,0,0,1,0,0,0,0,0,0,0,999,0,0,0,12,12,6,2,12,0,0,0,1,28,39443,6,1,0,0,3,0,72,240,0,0,0,2,0,6,2009,6,2009,0,0,0,0,0,2,4,45,1,2,2,1,0,0,1,63,1,1,1,51,0,0
28,280441,1,1,1,17,10,11,35,34,0,1,0,0,0,72,709,72709,80,2009,999999999999,9,9,9,9,9,9,9,9,9,9,9,9,0,U,,,,9,17,,,,,,,,0,0,000000000,00000000000,0,0,0,1,0,0,0,0,0,0,0,999,0,0,0,12,12,6,2,34,0,0,0,1,22,70130,6,1,0,0,3,0,69,200,0,0,0,0,0,0,0,0,0,0,34,0,0,0,1,2,35,4,1,2,1,0,0,14,11,1,1,4,1,1,0
28,280442,1,1,1,17,10,14,25,42,0,1,0,28,2,21,20,21020,4,1994,1G3WH55MXRD3,1,G,3,W,H,5,5,M,X,R,D,3,0,P,OLDS,SUS,4D,94,17,3137,,0,1075,,G,,0,0,000000000,00000000000,0,0,0,1,0,0,0,0,0,0,0,999,0,1,9,12,13,6,2,1,0,0,0,1,28,39365,6,1,0,0,3,0,63,135,0,0,0,0,0,0,0,0,0,0,0,0,0,0,1,2,55,1,2,2,1,0,0,1,13,1,1,4,1,1,0
28,280443,1,1,1,17,10,19,39,42,0,1,0,28,1,7,482,7482,31,2005,1D7HU18D05J5,1,D,7,H,U,1,8,D,0,5,J,5,0,T,DODG,SQ1,CW,5,17,,2,1605,1405,RPC,G,,0,0,000000000,00000000000,0,0,0,1,0,0,0,0,0,0,0,65,0,0,0,12,12,6,2,42,0,0,0,1,28,38637,6,1,0,0,3,0,62,190,0,0,0,0,0,0,0,0,0,1,0,0,0,0,1,2,25,4,3,2,1,0,0,14,12,1,1,4,1,1,0
28,280444,1,1,2,20,10,16,58,33,0,1,0,28,2,12,17,12017,4,2007,1FAFP53U57A2,1,F,A,F,P,5,3,U,5,7,A,2,0,P,FORD,TSE,4D,7,17,3307,,0,1085,,G,,0,0,000000000,00000000000,0,0,0,1,0,0,0,0,0,0,0,5,0,0,0,12,12,6,2,33,0,0,0,1,28,38941,6,1,0,0,3,0,76,270,0,0,0,0,0,0,0,0,0,0,0,0,0,0,1,2,5,1,1,2,1,0,0,1,11,1,1,4,1,1,0
28,280445,1,1,1,21,10,7,51,42,0,1,0,28,1,20,431,20431,16,1993,1GNFK16K2PJ3,1,G,N,F,K,1,6,K,2,P,J,3,0,P,CHEV,K15,UT,93,17,5148,,0,1315,,G,,0,0,000000000,00000000000,0,0,0,1,0,0,0,0,0,0,0,999,0,0,0,12,12,6,2,42,0,0,0,1,28,39571,6,1,0,0,3,0,68,165,0,0,0,1,1,2,2008,1,2009,0,0,0,0,0,1,2,55,1,1,2,1,0,0,1,13,1,1,4,1,1,0
28,280446,1,1,1,21,10,14,25,21,0,1,0,28,2,53,709,53709,80,2007,JS1GN7DA6721,J,S,1,G,N,7,D,A,6,7,2,1,0,M,SUZI,G60,RS,7,17,,,,,,,599,0,0,000000000,00000000000,0,0,0,1,0,0,0,0,0,0,0,999,0,0,0,12,12,6,2,21,0,0,0,1,28,39212,6,1,0,0,3,0,75,200,0,0,0,1,1,8,2008,3,2010,1,0,0,0,0,2,2,50,1,1,2,1,20,3,1,17,1,1,4,1,1,0
28,280447,1,1,1,21,10,19,18,8,0,1,1,0,0,99,999,99999,99,9999,999999999999,9,9,9,9,9,9,9,9,9,9,9,9,0,U,,,,9,17,,,,,,,,0,0,000000000,00000000000,0,0,0,1,0,0,0,0,0,0,0,999,0,0,0,12,12,0,1,8,0,0,0,1,99,99999,9,9,99,9,9,9,999,999,99,99,99,99,99,99,9999,99,9999,0,0,0,0,0,1,2,35,1,1,2,1,0,0,1,80,1,1,1,13,0,0
28,280448,1,2,1,22,10,5,4,12,6,1,0,12,2,20,481,20481,31,2000,1GCGK23R3YF4,1,G,C,G,K,2,3,R,3,Y,F,4,0,T,CHEV,GK2,CW,0,17,,2,0,1545,GM4,G,,0,0,000000000,00000000000,0,0,0,1,0,0,0,0,0,0,0,65,0,0,0,12,12,6,2,12,0,0,0,1,12,32501,6,1,0,0,3,0,70,180,0,0,0,0,0,0,0,0,0,0,0,0,0,0,2,2,65,1,1,2,1,20,3,1,66,1,1,2,86,0,0
28,280448,2,2,1,22,10,5,4,12,6,1,0,28,1,35,471,35471,30,1992,1N6SD16S6NC3,1,N,6,S,D,1,6,S,6,N,C,3,0,T,NISS,KNG,PC,92,17,,1,0,1161,TRK,G,,0,0,000000000,00000000000,0,0,0,1,0,0,0,0,0,0,0,20,0,0,0,3,3,6,2,12,0,0,0,1,28,39452,6,1,0,0,3,0,68,195,0,0,0,0,0,0,0,0,0,0,38,39,0,0,2,2,65,1,1,2,1,20,3,1,17,1,1,2,87,1,0
28,280449,1,3,3,22,10,11,33,12,1,1,0,28,1,35,43,35043,4,1994,JN1EB31P7RU3,J,N,1,E,B,3,1,P,7,R,U,3,0,P,NISS,SEL,4D,94,17,2346,,0,957,,G,,0,0,000000000,00000000000,0,0,0,1,0,0,0,0,0,0,0,15,0,0,0,12,12,6,2,12,0,0,0,1,28,39553,6,1,0,0,3,0,65,145,0,0,0,0,0,0,0,0,0,0,0,0,0,0,2,2,45,1,1,2,1,0,0,1,11,1,1,1,20,0,0
28,280449,2,3,3,22,10,11,33,12,1,1,0,28,1,20,402,20402,14,2003,2CNBJ13C2369,2,C,N,B,J,1,3,C,2,3,6,9,0,P,CHEV,TKR,UT,3,17,2987,,0,976,,G,,0,0,000000000,00000000000,0,0,0,1,0,0,0,0,0,0,0,0,0,0,0,6,6,6,2,12,0,0,0,1,28,39553,6,1,0,0,3,0,65,145,0,0,0,0,0,0,0,0,0,0,0,0,0,0,2,2,45,1,1,2,1,0,0,5,11,1,1,1,21,1,1
28,280449,3,3,2,22,10,11,33,12,1,1,0,22,1,23,421,23421,15,2001,1GKEC13V91J2,1,G,K,E,C,1,3,V,9,1,J,2,0,T,GMC,YUK,4W,1,17,,2,0,1160,YUK,G,,0,0,000000000,00000000000,0,0,0,1,0,0,0,0,0,0,0,999,0,0,0,12,12,6,2,12,0,0,0,1,22,70466,6,1,0,0,3,0,70,180,0,0,0,0,0,0,0,0,0,0,26,0,0,0,2,2,45,1,1,2,1,0,0,1,10,1,1,1,98,0,1
28,280450,1,1,2,22,10,22,17,11,0,1,0,28,2,35,43,35043,4,2003,3N1AB51A23L7,3,N,1,A,B,5,1,A,2,3,L,7,0,P,NISS,SSL,4D,3,17,2582,,0,998,,G,,0,0,000000000,00000000000,0,0,0,1,0,0,0,0,0,0,0,50,0,0,0,12,12,6,2,11,0,0,0,1,28,38827,6,1,0,0,3,1,72,130,0,0,0,0,0,0,0,0,0,0,83,0,0,0,1,2,55,4,1,2,1,0,0,14,87,7,1,4,13,1,0
28,280451,1,1,3,23,10,12,20,35,0,1,0,28,1,22,20,22020,4,1996,1G2WJ52MXTF2,1,G,2,W,J,5,2,M,X,T,F,2,0,P,PONT,GFS,4D,96,17,3234,,0,1075,,G,,0,0,000000000,00000000000,0,0,0,1,0,0,0,0,0,0,0,999,0,1,9,12,13,6,2,1,0,0,0,1,28,39146,0,0,0,0,0,0,999,999,99,99,99,99,99,99,9999,99,9999,0,0,0,0,0,1,2,55,4,1,2,1,0,0,14,12,1,1,4,1,1,0
28,280452,1,1,1,23,10,17,55,35,0,1,0,28,1,20,421,20421,15,2004,1GNEC13VX4R1,1,G,N,E,C,1,3,V,X,4,R,1,0,P,CHEV,CTA,UT,4,17,4828,,0,1160,,G,,0,0,000000000,00000000000,0,0,0,1,0,0,0,0,0,0,0,999,0,0,0,12,12,6,2,42,0,0,0,1,28,39144,6,1,0,0,3,0,60,190,0,0,0,0,0,0,0,0,0,0,0,0,0,0,1,2,55,4,2,2,1,0,0,14,12,1,1,4,1,1,0
28,280453,1,1,1,23,10,20,4,35,0,1,0,28,1,20,481,20481,31,1998,2GCEC19R2W11,2,G,C,E,C,1,9,R,2,W,1,1,0,T,CHEV,GC1,PC,98,17,,2,1555,1415,GM4,G,,0,0,000000000,00000000000,0,0,0,1,0,0,0,0,0,0,0,999,0,0,0,12,12,6,2,42,0,0,0,1,28,38606,6,1,0,0,3,0,72,175,0,0,0,0,0,0,0,0,0,1,0,0,0,0,1,2,35,1,3,2,1,0,0,1,12,1,1,4,1,1,0
28,280454,1,1,1,23,10,23,0,8,0,1,0,28,2,20,16,20016,4,2001,1G1JC524X171,1,G,1,J,C,5,2,4,X,1,7,1,0,P,CHEV,CAC,4D,1,17,2676,,0,1041,,C,,0,0,000000000,00000000000,0,0,0,1,0,0,0,0,0,0,0,999,0,0,0,12,12,0,1,8,0,0,0,1,28,39581,0,0,0,0,0,0,999,999,99,99,99,99,99,99,9999,99,9999,0,0,0,0,0,2,2,70,1,1,2,1,0,0,1,12,1,1,1,13,0,0
28,280455,1,2,2,24,10,5,57,12,7,1,0,28,2,22,20,22020,4,1999,1G2WR5210XF3,1,G,2,W,R,5,2,1,0,X,F,3,0,P,PONT,GTP,4D,99,17,3512,,0,1105,,G,,0,0,000000000,00000000000,0,0,0,1,0,0,0,0,0,0,0,999,0,1,9,7,13,6,2,1,0,0,0,1,28,38930,6,1,0,0,3,1,65,137,0,0,0,0,0,0,0,0,0,0,28,0,0,0,2,2,70,1,1,2,1,0,0,1,11,1,1,2,44,1,0
28,280455,2,2,1,24,10,5,57,12,7,1,0,48,3,84,884,84884,66,2001,2HSCHAMR21C0,2,H,S,C,H,A,M,R,2,1,C,0,1,T,INTL,99I,DS,1,17,,8,0,0,990,D,,1,56,461897,56461897,3,6,1,1,0,0,0,0,0,0,0,999,0,0,0,5,2,6,2,12,0,0,0,1,48,79022,6,1,6,0,3,0,70,155,0,0,0,0,0,0,0,0,0,0,0,0,0,0,2,2,70,1,1,2,1,0,0,1,18,2,1,1,45,0,0
28,280456,1,2,4,24,10,13,47,12,2,1,0,28,2,7,442,7442,20,2005,1D4GP24R55B2,1,D,4,G,P,2,4,R,5,5,B,2,0,P,DODG,CAR,SV,5,17,3867,,0,1193,,G,,0,0,000000000,00000000000,0,0,0,1,0,0,0,0,0,0,0,999,0,0,0,12,12,6,2,12,0,0,0,1,28,39429,6,1,0,0,3,0,66,156,0,0,0,0,0,0,0,0,0,0,0,0,0,0,1,2,55,1,1,2,1,0,0,1,62,1,1,1,50,1,0
28,280456,2,2,1,24,10,13,47,12,2,1,0,28,1,35,443,35443,20,2006,5N1BV28U66N1,5,N,1,B,V,2,8,U,6,6,N,1,0,P,NISS,QST,SV,6,17,3914,,0,1240,,G,,0,0,000000000,00000000000,0,0,0,1,0,0,0,0,0,0,0,999,0,0,0,12,12,6,2,12,0,0,0,1,28,39429,6,1,0,0,3,0,65,160,0,0,0,0,0,0,0,0,0,0,39,0,0,0,1,2,55,1,1,2,1,0,0,1,10,1,1,2,51,0,0
28,280457,1,1,1,24,10,19,25,42,0,1,0,22,1,19,480,19480,31,2002,1GYEC63T52R1,1,G,Y,E,C,6,3,T,5,2,R,1,0,P,CADI,ESC,UT,2,17,0,,0,1160,,G,,0,0,000000000,00000000000,0,0,0,1,0,0,0,0,0,0,0,999,0,0,0,12,12,6,2,42,0,0,0,1,22,70114,6,1,0,0,3,0,70,165,0,0,0,2,0,5,2009,10,2009,0,0,0,0,0,2,2,70,1,1,2,1,0,0,1,12,1,1,4,1,1,0
28,280458,1,5,1,26,10,16,19,12,1,1,0,55,3,85,884,85884,66,2007,1XKADB9X07J1,1,X,K,A,D,B,9,X,0,7,J,1,1,T,KW,T60,TR,7,17,,8,2600,1600,CON,D,,1,56,306770,56306770,3,6,1,1,0,0,0,0,0,0,0,0,0,0,0,6,6,6,2,12,0,0,0,1,55,54161,6,1,6,0,3,0,69,200,0,0,0,0,0,0,0,0,0,0,0,0,0,0,2,2,45,1,1,1,1,0,0,5,53,1,1,1,98,0,0
28,280458,2,5,1,26,10,16,19,12,1,1,0,28,1,20,403,20403,14,2009,1GNER23D69S1,1,G,N,E,R,2,3,D,6,9,S,1,0,P,CHEV,TRV,UT,9,17,4790,,0,1189,,G,,0,0,000000000,00000000000,0,0,0,1,0,0,0,0,0,0,0,0,0,0,0,6,6,6,2,12,0,0,1,1,22,70447,6,1,0,0,3,0,72,160,0,0,0,0,0,0,0,0,0,0,0,0,0,0,2,2,45,1,1,1,1,0,0,5,50,1,1,2,21,1,0
28,280458,3,5,1,26,10,16,19,12,1,1,0,28,1,7,461,7461,42,1998,1B7KF2367WJ2,1,B,7,K,F,2,3,6,7,W,J,2,0,T,DODG,Q25,4C,98,17,,2,1547,1387,RPC,D,,0,0,000000000,00000000000,0,0,0,1,0,0,0,0,0,0,0,0,0,0,0,6,6,6,2,12,0,0,0,1,28,39666,6,1,0,0,3,0,75,185,0,0,0,0,0,0,0,0,0,0,0,0,0,0,2,2,45,1,1,1,1,0,0,5,53,1,1,1,98,1,0
28,280458,4,5,1,26,10,16,19,12,1,1,0,1,3,51,898,51898,66,2007,4V4NC9GH77N4,4,V,4,N,C,9,G,H,7,7,N,4,1,T,VOLV,VNL,DS,7,17,,8,0,0,VVN,D,,1,56,1353030,561353030,3,6,6,1,0,0,0,0,0,0,0,50,0,0,0,12,6,6,2,12,0,0,0,1,22,70346,6,1,6,0,3,0,72,250,0,0,0,0,0,0,0,0,0,0,38,39,0,0,2,2,45,1,1,1,1,0,0,1,50,2,1,1,20,0,0
28,280458,5,5,1,26,10,16,19,12,1,1,0,22,1,12,422,12422,15,2003,1FMFU17L53LC,1,F,M,F,U,1,7,L,5,3,L,C,0,P,FORD,EPT,UT,3,17,5416,,0,1191,,G,,0,0,000000000,00000000000,0,0,0,1,0,0,0,0,0,0,0,0,0,0,0,8,12,6,2,12,0,0,0,1,22,70068,6,1,0,0,3,0,70,155,0,0,0,0,0,0,0,0,0,0,38,39,0,0,2,2,45,1,1,1,1,0,0,5,53,1,1,1,98,0,0
28,280459,1,2,1,26,10,17,48,12,6,1,0,28,1,12,17,12017,4,2001,1FAFP55U51A2,1,F,A,F,P,5,5,U,5,1,A,2,0,P,FORD,TSS,4D,1,17,3343,,0,1085,,G,,0,0,000000000,00000000000,0,0,0,1,0,0,0,0,0,0,0,5,0,0,0,12,12,6,2,12,0,0,0,1,28,39562,6,1,0,0,3,0,66,190,0,0,0,0,0,0,0,0,0,0,38,39,0,0,2,2,65,1,1,2,1,20,3,1,17,1,1,2,86,0,0
28,280459,2,2,4,26,10,17,48,12,6,1,0,1,1,20,421,20421,15,2001,1GNCS18W51K1,1,G,N,C,S,1,8,W,5,1,K,1,0,P,CHEV,BZR,UT,1,17,3699,,0,1005,,G,,0,0,000000000,00000000000,0,0,0,1,0,0,0,0,0,0,0,60,0,0,0,3,3,6,2,12,0,0,0,1,1,35071,6,1,0,0,3,0,67,135,0,0,0,0,0,0,0,0,0,0,0,0,0,0,2,2,65,1,1,2,1,20,3,1,17,1,1,2,87,2,0