STATE,ST_CASE,VEH_NO,VE_FORMS,NUMOCCS,DAY,MONTH,HOUR,MINUTE,HARM_EV,MAN_COLL,UNITTYPE,HIT_RUN,REG_STAT,OWNER,MAKE,MODEL,MAK_MOD,BODY_TYP,MOD_YEAR,VIN,VIN_1,VIN_2,VIN_3,VIN_4,VIN_5,VIN_6,VIN_7,VIN_8,VIN_9,VIN_10,VIN_11,VIN_12,TOW_VEH,VINTYPE,VINMAKE,VINA_MOD,VIN_BT,VINMODYR,VIN_LNGT,VIN_WGT,WGTCD_TR,WHLBS_LG,WHLBS_SH,SER_TR,FUELCODE,MCYCL_DS,J_KNIFE,MCARR_I1,MCARR_I2,MCARR_ID,GVWR,V_CONFIG,CARGO_BT,HAZ_INV,HAZ_PLAC,HAZ_ID,HAZ_CNO,HAZ_REL,BUS_USE,SPEC_USE,EMER_USE,TRAV_SP,UNDERIDE,ROLLOVER,ROLINLOC,IMPACT1,IMPACT2,DEFORMED,TOWED,M_HARM,VEH_SC1,VEH_SC2,FIRE_EXP,DR_PRES,L_STATE,DR_ZIP,L_STATUS,L_TYPE,CDL_STAT,L_ENDORS,L_COMPL,L_RESTRI,DR_HGT,DR_WGT,PREV_ACC,PREV_SUS,PREV_DWI,PREV_SPD,PREV_OTH,FIRST_MO,FIRST_YR,LAST_MO,LAST_YR,SPEEDREL,DR_SF1,DR_SF2,DR_SF3,DR_SF4,VTRAFWAY,VNUM_LAN,VSPD_LIM,VALIGN,VPROFILE,VPAVETYP,VSURCOND,VTRAFCON,VTCONT_F,P_CRASH1,P_CRASH2,P_CRASH3,PCRASH4,PCRASH5,ACC_TYPE,DEATHS,DR_DRINK
28,280460,1,1,1,27,10,4,35,8,0,1,0,1,1,22,22,22022,4,2009,1G2ZK57N5942,1,G,2,Z,K,5,7,N,5,9,4,2,0,P,PONT,GGT,4D,9,17,3457,,0,1123,,G,,0,0,000000000,00000000000,0,0,0,1,0,0,0,0,0,0,0,55,0,0,0,12,12,6,2,8,0,0,0,1,1,36618,6,1,0,0,3,0,67,155,0,0,0,0,0,0,0,0,0,0,0,0,0,0,1,2,55,1,3,2,2,0,0,1,80,1,1,2,13,0,1
28,280461,1,2,1,27,10,5,16,12,6,1,0,28,3,84,884,84884,66,2011,3HSCUSJR4BN3,3,H,S,C,U,S,J,R,4,B,N,3,1,T,INTL,PPR,DS,11,17,,8,0,0,PRO,D,,1,56,089946,56089946,3,19,1,1,0,0,0,0,0,0,0,60,0,0,0,12,12,6,2,12,0,0,0,1,28,39367,6,1,6,0,3,0,71,215,0,0,0,0,0,0,0,0,0,0,0,0,0,0,1,2,65,1,1,2,2,20,3,1,17,1,1,1,86,0,0
28,280461,2,2,1,27,10,5,16,12,6,1,0,28,2,20,421,20421,15,2000,1GNCS13W0Y21,1,G,N,C,S,1,3,W,0,Y,2,1,0,P,CHEV,BZR,UT,0,17,3671,,0,1070,,G,,0,0,000000000,00000000000,0,0,0,1,0,0,0,0,0,0,0,999,0,0,0,3,3,6,2,12,0,0,0,1,28,39643,6,1,0,0,3,0,65,128,0,0,0,0,0,0,0,0,0,0,38,39,0,0,1,2,65,1,1,2,2,20,3,1,17,1,1,1,87,1,0
28,280462,1,1,1,27,10,19,4,24,0,1,0,47,3,82,884,82884,66,2007,1FUJA6CKX7LW,1,F,U,J,A,6,C,K,X,7,L,W,1,T,FRHT,COL,DS,7,17,,8,0,0,CON,D,,1,56,577861,56577861,3,19,98,1,0,0,0,0,0,0,0,999,0,0,0,12,12,6,2,42,0,0,0,1,47,38109,6,1,6,0,3,0,71,205,0,0,0,0,0,0,0,0,0,0,0,0,0,0,2,2,70,1,1,2,1,0,0,1,12,1,1,4,1,1,0
28,280463,1,1,1,28,10,23,36,11,0,1,0,28,2,34,34,34034,4,1990,WBABB2310LEC,W,B,A,B,B,2,3,1,0,L,E,C,0,P,BMW,3CA,CV,90,17,3095,,0,1012,,G,,0,0,000000000,00000000000,0,0,0,1,0,0,0,0,0,0,0,999,0,0,0,12,12,6,2,11,0,0,0,1,28,39773,6,1,0,0,3,0,72,210,0,0,0,0,0,0,0,0,0,0,83,0,0,0,1,2,55,1,1,2,1,0,0,1,87,1,1,1,13,1,1
28,280464,1,1,1,29,10,4,26,17,0,1,0,28,2,59,31,59031,4,1996,JT8BF12G8T01,J,T,8,B,F,1,2,G,8,T,0,1,0,P,LEXS,ES3,4D,96,17,3374,,0,1031,,G,,0,0,000000000,00000000000,0,0,0,1,0,0,0,0,0,0,0,999,0,0,0,12,12,6,2,2,0,0,1,1,28,39213,6,1,0,0,3,1,71,225,0,0,0,0,0,0,0,0,0,1,0,0,0,0,1,2,30,1,1,2,1,20,3,1,12,1,1,4,1,1,0
28,280465,1,1,2,29,10,20,29,8,0,1,0,28,1,12,481,12481,31,2009,1FTPW14V79KC,1,F,T,P,W,1,4,V,7,9,K,C,0,T,FORD,F1S,CW,9,17,,2,1570,1450,COF,F,,0,0,000000000,00000000000,0,0,0,1,0,0,0,0,0,0,0,999,0,0,0,12,12,6,2,8,0,0,0,1,28,39667,6,1,6,0,3,0,71,224,0,0,0,0,0,0,0,0,0,0,0,0,0,0,2,2,45,1,1,2,1,0,0,1,80,1,1,1,13,0,0
28,280466,1,1,1,29,10,21,45,1,0,1,0,28,1,7,472,7472,30,2006,3D7KS29C06G1,3,D,7,K,S,2,9,C,0,6,G,1,0,T,DODG,ME2,CW,6,17,,2,0,1605,RPC,D,,0,0,000000000,00000000000,0,0,0,1,0,0,0,0,0,0,0,999,0,1,9,0,13,6,2,1,0,0,0,1,28,39452,6,1,6,0,3,0,71,169,0,0,0,1,0,5,2008,5,2008,0,0,0,0,0,1,2,55,1,1,2,1,0,0,1,13,1,1,4,1,1,0
28,280467,1,2,1,30,10,16,41,12,6,1,0,0,0,21,2,21002,4,1984,999999999999,9,9,9,9,9,9,9,9,9,9,9,9,0,U,,,,9,17,,,,,,,,0,0,000000000,00000000000,0,0,0,1,0,0,0,0,0,0,0,35,0,0,0,12,12,6,2,12,0,0,0,1,28,39350,6,1,0,0,3,0,70,180,0,0,0,0,0,0,0,0,0,0,38,39,0,0,1,2,35,1,1,2,1,20,3,1,17,1,1,1,86,1,0
28,280467,2,2,1,30,10,16,41,12,6,1,0,0,0,86,884,86884,66,1995,999999999999,9,9,9,9,9,9,9,9,9,9,9,9,1,U,,,,9,17,,,,,,,,1,56,396844,56396844,3,19,98,1,0,0,0,0,0,0,0,45,0,0,0,5,9,6,2,12,0,0,0,1,28,39325,6,1,6,0,3,0,69,240,0,0,0,0,1,12,2008,12,2008,0,0,0,0,0,1,2,45,1,1,2,1,0,0,1,17,1,1,1,87,0,0
28,280468,1,1,1,1,11,19,49,42,0,1,0,28,2,2,404,2404,14,1996,1J4GZ58S2TC3,1,J,4,G,Z,5,8,S,2,T,C,3,0,T,JEEP,LRO,4W,96,17,,1,0,1059,GCK,G,,0,0,000000000,00000000000,0,0,0,1,0,0,0,0,0,0,0,999,0,1,9,12,13,6,2,1,0,0,0,1,28,39212,0,0,0,0,0,0,999,999,99,99,99,99,99,99,9999,99,9999,0,0,0,0,0,1,2,40,1,1,2,2,0,0,1,12,1,1,4,1,1,0
28,280469,1,1,1,1,11,21,30,8,0,1,1,0,0,99,999,99999,99,9999,999999999999,9,9,9,9,9,9,9,9,9,9,9,9,0,U,,,,9,17,,,,,,,,0,0,000000000,00000000000,0,0,0,1,0,0,0,0,0,0,0,999,0,0,0,12,12,0,1,8,0,0,0,1,28,39459,0,0,0,0,0,0,999,999,99,99,99,99,99,99,9999,99,9999,0,0,0,0,0,1,2,45,1,1,2,2,0,0,1,80,1,1,1,13,0,0
28,280470,1,1,1,2,11,17,36,32,0,1,0,28,1,14,6,14006,4,2005,2MEFM74W85X6,2,M,E,F,M,7,4,W,8,5,X,6,0,P,MERC,GMG,4D,5,17,4038,,0,1147,,G,,0,0,000000000,00000000000,0,0,0,1,0,0,0,0,0,0,0,999,0,0,0,12,12,6,2,42,0,0,0,1,28,39443,6,1,0,0,3,1,72,195,0,0,0,0,0,0,0,0,0,0,0,0,0,0,2,2,65,4,1,2,1,0,0,14,12,1,1,4,1,1,0
28,280471,1,1,1,3,11,7,35,42,0,1,0,28,1,7,482,7482,31,1998,1B7HC16X8WS6,1,B,7,H,C,1,6,X,8,W,S,6,0,T,DODG,150,PK,98,17,,2,1347,1187,RPC,G,,0,0,000000000,00000000000,0,0,0,1,0,0,0,0,0,0,0,55,0,0,0,12,12,6,2,42,0,0,0,1,28,38851,6,1,6,0,3,0,72,270,0,0,0,1,0,6,2010,6,2010,0,0,0,0,0,1,2,55,1,1,2,2,20,3,1,12,1,1,4,1,1,0
28,280472,1,1,1,5,11,18,33,18,0,1,0,12,1,72,709,72709,80,2007,1HD1FHM187Y6,1,H,D,1,F,H,M,1,8,7,Y,6,0,M,HD,HPI,RS,7,17,,,,,,,1690,0,0,000000000,00000000000,0,0,0,1,0,0,0,0,0,0,0,65,0,0,0,12,12,6,2,18,0,0,0,1,12,33055,6,1,0,0,3,0,70,185,0,0,0,0,0,0,0,0,0,0,0,0,0,0,2,2,70,1,1,2,1,0,0,1,13,1,1,4,1,1,0
28,280473,1,1,4,5,11,21,24,42,0,1,0,28,1,38,402,38402,14,1996,4S2CK58V3T43,4,S,2,C,K,5,8,V,3,T,4,3,0,P,ISU,ROD,UT,96,17,0,,0,1087,,G,,0,0,000000000,00000000000,0,0,0,1,0,0,0,0,0,0,0,999,0,0,0,12,12,6,2,42,0,0,0,1,28,39045,6,1,0,0,3,0,68,175,0,0,0,0,0,0,0,0,0,1,0,0,0,0,1,2,45,1,2,2,1,0,0,1,13,1,1,4,1,1,1
28,280474,1,1,1,9,7,21,48,8,0,1,0,28,1,7,24,7024,4,2008,2B3KA43R98H2,2,B,3,K,A,4,3,R,9,8,H,2,0,P,DODG,CHA,4D,8,17,3727,,0,1200,,G,,0,0,000000000,00000000000,0,0,0,1,0,0,0,0,0,0,0,30,0,0,0,12,12,6,2,8,0,0,0,1,28,39350,6,1,0,0,3,0,72,160,0,0,0,0,0,0,0,0,0,0,0,0,0,0,1,2,30,1,1,2,1,0,0,1,80,1,1,1,13,0,0
28,280475,1,1,1,8,8,16,41,1,0,1,0,28,1,52,401,52401,14,2000,JA4MT31H1YP0,J,A,4,M,T,3,1,H,1,Y,P,0,0,P,MITS,MNS,UT,0,17,4075,,0,1073,,G,,0,0,000000000,00000000000,0,0,0,1,0,0,0,0,0,0,0,998,0,1,9,0,13,6,2,1,0,0,0,1,28,38650,3,1,0,0,2,0,66,120,0,1,1,0,0,1,2010,8,2010,0,0,0,0,0,1,2,98,1,2,2,1,0,0,1,12,1,1,4,1,1,0
28,280476,1,1,1,15,8,1,0,42,0,1,0,28,1,23,481,23481,31,1986,1GTCS14R4G25,1,G,T,C,S,1,4,R,4,G,2,5,0,T,GMC,S10,PK,86,17,,1,1229,1083,S,G,,0,0,000000000,00000000000,0,0,0,1,0,0,0,0,0,0,0,998,0,0,0,12,12,6,2,42,0,0,0,1,28,38965,6,1,0,0,3,0,66,172,0,0,0,0,0,0,0,0,0,0,0,0,0,0,1,2,45,1,1,2,1,0,0,1,11,1,1,4,1,1,1
28,280477,1,1,2,18,8,22,34,18,0,1,0,28,1,12,401,12401,14,2000,1FMYU70X5YUA,1,F,M,Y,U,7,0,X,5,Y,U,A,0,P,FORD,EPR,UT,0,17,3870,,0,1017,,G,,0,0,000000000,00000000000,0,0,0,1,0,0,0,0,0,0,0,999,0,0,0,12,12,6,2,18,0,0,0,1,28,39426,6,1,0,0,3,0,68,135,0,0,0,0,0,0,0,0,0,0,0,0,0,0,1,2,45,1,1,2,1,0,0,1,12,1,1,4,1,1,1
28,280478,1,1,1,24,8,19,23,11,0,1,0,28,1,22,20,22020,4,1993,1G2WH54T4PF3,1,G,2,W,H,5,4,T,4,P,F,3,0,P,PONT,GFL,4D,93,17,3219,,0,1075,,G,,0,0,000000000,00000000000,0,0,0,1,0,0,0,0,0,0,0,998,0,0,0,12,12,6,2,11,0,0,0,1,28,39466,6,1,0,0,3,1,71,165,0,0,0,0,0,0,0,0,0,0,83,0,0,0,1,2,50,1,1,2,1,0,0,1,87,1,1,2,13,1,0
28,280479,1,1,1,27,8,18,58,42,0,1,0,28,1,2,404,2404,14,2001,1J4GX48SX1C7,1,J,4,G,X,4,8,S,X,1,C,7,0,T,JEEP,LRO,4W,1,17,,1,0,1059,GCK,G,,0,0,000000000,00000000000,0,0,0,1,0,0,0,0,0,0,0,999,0,0,0,12,12,6,2,42,0,0,0,1,28,39073,6,1,0,0,3,0,71,200,0,0,0,0,0,0,0,0,0,0,0,0,0,0,1,2,45,1,1,2,1,0,0,1,13,1,1,4,1,1,0
28,280480,1,1,1,10,10,16,32,10,0,1,0,28,1,20,421,20421,15,2002,1GNEC13Z52R1,1,G,N,E,C,1,3,Z,5,2,R,1,0,P,CHEV,CTA,UT,2,17,4828,,0,1160,,F,,0,0,000000000,00000000000,0,0,0,1,0,0,0,0,0,0,0,998,0,0,0,12,12,6,2,10,0,0,0,1,28,39046,6,1,0,0,3,0,68,170,0,0,0,0,0,0,0,0,0,0,39,0,0,0,1,2,25,1,1,2,1,65,3,1,11,1,1,1,15,1,0
28,280481,1,1,1,6,11,4,30,42,0,1,0,28,2,37,31,37031,4,1996,1HGEJ6227TL0,1,H,G,E,J,6,2,2,7,T,L,0,0,P,HOND,UCD,CP,96,17,2274,,0,1032,,G,,0,0,000000000,00000000000,0,0,0,1,0,0,0,0,0,0,0,998,0,0,0,12,12,6,2,42,0,0,0,1,28,38606,6,1,0,0,3,0,71,245,0,0,0,0,0,0,0,0,0,0,0,0,0,0,1,2,55,4,3,2,1,0,0,14,12,1,1,4,1,1,1
28,280482,1,1,2,7,11,0,26,8,0,1,0,28,4,55,36,55036,4,2010,KMHCN4AC5AU3,K,M,H,C,N,4,A,C,5,A,U,3,0,P,HYUN,ALS,4D,10,17,2365,,0,984,,G,,0,0,000000000,00000000000,0,0,0,1,0,0,0,0,0,0,0,55,0,0,0,12,12,6,2,8,0,0,0,1,28,38614,6,1,0,0,3,0,66,139,0,0,0,2,0,6,2008,10,2010,0,0,0,0,0,2,2,55,1,1,2,1,20,3,1,80,1,1,1,13,0,0
28,280483,1,1,1,10,11,21,31,1,0,1,0,28,1,19,21,19021,4,2006,1G6DW6772602,1,G,6,D,W,6,7,7,2,6,0,2,0,P,CADI,CST,4D,6,17,3960,,0,1164,,G,,0,0,000000000,00000000000,0,0,0,1,0,0,0,0,0,0,0,998,0,1,9,0,13,6,2,1,0,0,0,1,28,38826,6,1,6,0,3,0,70,150,0,0,0,0,1,12,2009,12,2009,1,0,0,0,0,2,2,65,1,1,2,1,0,0,1,13,1,1,4,1,1,0
28,280484,1,1,1,11,11,18,17,8,0,1,0,28,1,49,472,49472,30,2001,5TEVL52N81Z8,5,T,E,V,L,5,2,N,8,1,Z,8,0,T,TOYT,XTR,PC,1,17,,1,0,1219,TAC,G,,0,0,000000000,00000000000,0,0,0,1,0,0,0,0,0,0,0,67,0,0,0,12,12,6,2,8,0,0,0,1,22,70458,6,1,0,0,3,0,71,155,0,0,0,0,0,0,0,0,0,0,0,0,0,0,2,2,65,1,1,2,1,0,0,1,80,1,1,1,13,0,0
28,280485,1,1,1,13,11,6,47,35,0,1,0,28,1,35,43,35043,4,2002,3N1AB51A62L7,3,N,1,A,B,5,1,A,6,2,L,7,0,P,NISS,SSR,4D,2,17,2652,,0,998,,G,,0,0,000000000,00000000000,0,0,0,1,0,0,0,0,0,0,0,999,0,0,0,12,12,6,2,35,0,0,0,1,28,39571,6,1,0,0,3,0,69,185,0,1,1,0,0,4,2009,4,2010,0,0,0,0,0,1,2,40,4,2,2,1,0,0,14,12,1,1,4,1,1,1
28,280486,1,1,2,13,11,22,32,35,0,1,0,28,1,22,20,22020,4,2006,2G2WR5543612,2,G,2,W,R,5,5,4,3,6,1,2,0,P,PONT,GPG,4D,6,17,3484,,0,1105,,G,,0,0,000000000,00000000000,0,0,0,1,0,0,0,0,0,0,0,999,0,1,9,12,13,6,2,1,0,0,0,1,28,39194,6,1,0,0,3,0,73,250,0,0,0,0,0,0,0,0,0,1,0,0,0,0,2,2,65,1,1,2,2,0,0,1,12,1,1,4,1,1,1
28,280487,1,1,1,14,11,0,30,35,0,1,0,28,1,22,2,22002,4,2003,1G2HX52K1341,1,G,2,H,X,5,2,K,1,3,4,1,0,P,PONT,BVS,4D,3,17,3633,,0,1122,,G,,0,0,000000000,00000000000,0,0,0,1,0,0,0,0,0,0,0,999,0,0,0,12,12,6,2,35,0,0,0,1,28,38965,6,1,0,0,3,0,72,150,0,0,0,0,1,4,2009,4,2009,0,0,0,0,0,1,2,40,1,1,2,11,0,0,1,13,1,1,4,1,1,1
28,280488,1,1,2,15,11,3,37,42,0,1,0,0,0,87,884,87884,66,2004,999999999999,9,9,9,9,9,9,9,9,9,9,9,9,1,U,,,,9,17,,,,,,,,1,56,095610,56095610,3,6,98,1,0,0,0,0,0,0,0,70,0,0,0,12,12,6,2,42,0,0,0,1,13,30103,6,1,6,0,3,0,67,125,98,0,0,0,0,0,0,0,0,0,0,0,0,0,2,2,70,1,1,2,2,0,0,1,12,1,1,4,1,1,0
28,280489,1,1,1,17,11,11,19,1,0,1,0,0,0,53,701,53701,83,2009,999999999999,9,9,9,9,9,9,9,9,9,9,9,9,0,U,,,,9,17,,,,,,,,0,0,000000000,00000000000,0,0,0,1,0,0,0,0,0,0,0,998,0,0,0,0,13,6,2,1,0,0,0,1,28,38668,6,1,0,0,3,0,69,118,0,0,0,0,0,0,0,0,0,0,0,0,0,0,1,2,40,1,1,2,1,0,0,1,12,1,1,4,1,1,0
28,280490,1,4,1,18,11,14,9,12,1,1,0,13,3,12,37,12037,4,2006,1FAFP37N56W1,1,F,A,F,P,3,7,N,5,6,W,1,0,P,FORD,FX5,4H,6,17,2729,,0,1029,,G,,0,0,000000000,00000000000,0,0,0,1,0,0,0,0,0,0,0,5,0,0,0,6,6,6,2,12,0,0,0,1,47,38018,6,1,0,0,3,0,70,165,0,0,0,0,0,0,0,0,0,0,0,0,0,0,1,2,45,1,1,2,1,3,3,1,17,1,1,1,32,0,0
28,280490,2,4,1,18,11,14,9,12,1,1,0,28,1,59,34,59034,4,1998,JT8BF28G1W01,J,T,8,B,F,2,8,G,1,W,0,1,0,P,LEXS,ES3,4D,98,17,3378,,0,1051,,G,,0,0,000000000,00000000000,0,0,0,1,0,0,0,0,0,0,0,5,0,0,0,12,6,6,2,12,0,0,0,1,28,38641,6,1,0,0,3,0,66,155,0,0,0,0,0,0,0,0,0,0,0,0,0,0,1,2,45,1,1,2,1,3,3,1,17,1,1,1,32,0,0
28,280490,3,4,1,18,11,14,9,12,1,1,0,0,0,35,472,35472,30,2002,999999999999,9,9,9,9,9,9,9,9,9,9,9,9,0,U,,88R,4D,9,17,3344,,0,1108,,G,,0,0,000000000,00000000000,0,0,0,1,0,0,0,0,0,0,0,999,0,0,0,12,6,6,2,12,0,0,0,1,28,38671,6,1,0,0,3,1,64,140,0,0,0,0,0,0,0,0,0,0,26,0,0,0,1,2,45,1,1,2,1,3,3,1,17,1,1,2,98,1,1
28,280490,4,4,3,18,11,14,9,12,1,1,0,28,1,20,421,20421,15,1996,1GNDT13W5T21,1,G,N,D,T,1,3,W,5,T,2,1,0,P,CHEV,BZR,UT,96,17,4023,,0,1070,,G,,0,0,000000000,00000000000,0,0,0,1,0,0,0,0,0,0,0,999,0,0,0,12,12,6,2,12,0,0,0,1,28,38637,6,1,0,0,3,0,67,160,0,0,0,0,0,0,0,0,0,0,0,0,0,0,1,2,45,1,1,2,1,3,3,1,17,1,1,1,98,0,0
28,280491,1,2,1,19,11,3,0,12,2,1,0,6,3,85,884,85884,66,2004,1XKADB9X54R0,1,X,K,A,D,B,9,X,5,4,R,0,1,T,KW,T60,DS,4,17,,8,2600,1600,CON,D,,1,56,926630,56926630,3,6,98,1,0,0,0,0,0,0,0,999,0,0,0,12,12,6,2,12,0,0,0,1,6,93313,6,1,6,0,3,0,70,180,0,0,0,0,0,0,0,0,0,0,51,0,0,0,2,2,70,1,1,2,1,0,0,1,10,1,1,2,50,0,0
28,280491,2,2,1,19,11,3,0,12,2,1,0,47,1,49,40,49040,4,2011,4T1BF3EK1BU1,4,T,1,B,F,3,E,K,1,B,U,1,0,P,TOYT,CBA,4D,11,17,3263,,0,1093,,G,,0,0,000000000,00000000000,0,0,0,1,0,0,0,0,0,0,0,999,0,0,0,12,12,6,2,12,0,0,0,1,47,38119,6,1,0,0,3,0,64,120,0,0,0,0,0,0,0,0,0,0,0,0,0,0,2,2,70,1,1,2,1,0,0,1,62,1,1,1,51,1,0
28,280492,1,1,1,19,11,10,25,24,0,1,0,28,1,35,47,35047,4,2009,1N4AL21E79N4,1,N,4,A,L,2,1,E,7,9,N,4,0,P,NISS,ATS,4D,9,17,3179,,0,1093,,G,,0,0,000000000,00000000000,0,0,0,1,0,0,0,0,0,0,0,999,0,0,0,12,12,6,2,42,0,0,0,1,28,39601,6,1,0,0,3,1,66,115,0,0,0,2,0,6,2008,11,2010,1,0,0,0,0,2,2,55,1,1,2,1,0,0,1,12,1,1,4,1,1,0
28,280493,1,1,1,19,11,18,42,1,0,1,0,1,2,76,706,76706,80,2003,JYAVM01E03A0,J,Y,A,V,M,0,1,E,0,3,A,0,0,M,YAMA,V6A,RS,3,17,,,,,,,649,0,0,000000000,00000000000,0,0,0,1,0,0,0,0,0,0,0,999,0,0,0,0,13,6,2,1,0,0,0,1,1,35243,6,1,0,0,3,0,70,180,0,0,0,0,0,0,0,0,0,0,0,0,0,0,2,2,70,1,1,2,1,0,0,1,12,1,1,4,6,1,0
28,280494,1,2,3,20,11,13,51,12,6,1,0,1,1,49,40,49040,4,1994,4T1SK12E6RU3,4,T,1,S,K,1,2,E,6,R,U,3,0,P,TOYT,CLE,4D,94,17,3086,,0,1031,,G,,0,0,000000000,00000000000,0,0,0,1,0,0,0,0,0,0,0,5,0,0,0,3,3,6,2,12,0,0,0,1,1,36608,6,1,0,0,3,0,70,185,0,0,0,0,0,0,0,0,0,0,38,39,0,0,2,2,65,1,1,2,1,21,3,1,17,1,1,2,86,1,0
28,280494,2,2,2,20,11,13,51,12,6,1,0,12,1,20,482,20482,31,2003,3GNEC13T73G1,3,G,N,E,C,1,3,T,7,3,G,1,0,T,CHEV,CAV,CW,3,17,,2,0,1300,AVL,G,,0,0,000000000,00000000000,0,0,0,1,0,0,0,0,0,0,0,70,0,0,0,1,12,6,2,12,0,0,0,1,12,32577,6,1,0,0,3,0,70,165,0,0,0,0,0,0,0,0,0,0,0,0,0,0,2,2,65,1,1,2,1,0,0,1,17,1,1,2,87,0,0
28,280495,1,2,1,20,11,14,54,12,2,1,0,28,1,49,472,49472,30,2003,5TESM92N93Z2,5,T,E,S,M,9,2,N,9,3,Z,2,0,T,TOYT,XPR,PC,3,17,,1,0,1219,TAC,G,,0,0,000000000,00000000000,0,0,0,1,0,0,0,0,0,0,0,50,0,0,0,12,12,6,2,12,0,0,0,1,28,39056,6,1,0,0,3,0,68,158,0,0,0,0,0,0,0,0,0,0,0,0,0,0,2,2,55,1,1,2,1,0,0,1,62,1,1,2,50,0,0
28,280495,2,2,5,20,11,14,54,12,2,1,0,28,1,37,401,37401,14,2000,4S6CK58W3Y44,4,S,6,C,K,5,8,W,3,Y,4,4,0,P,HOND,PAS,UT,0,17,3774,,0,1064,,G,,0,0,000000000,00000000000,0,0,0,1,0,0,0,0,0,0,0,999,0,0,0,12,12,6,2,12,0,0,0,1,28,38756,6,1,0,0,3,0,64,154,0,0,0,0,0,0,0,0,0,0,28,0,0,0,2,2,55,1,1,2,1,0,0,1,10,1,1,1,51,2,0
28,280496,1,1,1,20,11,19,38,8,0,1,0,28,2,20,2,20002,4,2001,2G1WF55EX193,2,G,1,W,F,5,5,E,X,1,9,3,0,P,CHEV,IMP,4D,1,17,3389,,0,1105,,G,,0,0,000000000,00000000000,0,0,0,1,0,0,0,0,0,0,0,40,0,0,0,12,12,6,2,8,0,0,0,1,28,39074,6,1,6,0,3,0,62,206,0,0,0,0,0,0,0,0,0,0,0,0,0,0,2,2,55,1,2,2,1,0,0,1,80,1,1,1,13,0,0
28,280497,1,2,2,20,11,23,21,12,2,1,0,1,1,2,404,2404,14,2005,1J4GS48K65C5,1,J,4,G,S,4,8,K,6,5,C,5,0,T,JEEP,LCF,4W,5,17,,1,0,1095,GCK,G,,0,0,000000000,00000000000,0,0,0,1,0,0,0,0,0,0,0,30,0,0,0,12,12,6,2,12,0,0,0,1,1,35555,6,1,0,0,3,0,64,122,0,0,0,0,0,0,0,0,0,0,0,0,0,0,1,2,55,1,1,2,1,0,0,1,62,1,1,2,50,1,0
28,280497,2,2,3,20,11,23,21,12,2,1,0,28,1,49,482,49482,31,2008,5TFBT54138X0,5,T,F,B,T,5,4,1,3,8,X,0,0,T,TOYT,DLS,CW,8,17,,2,0,1457,TUN,G,,0,0,000000000,00000000000,0,0,0,1,0,0,0,0,0,0,0,55,0,0,0,12,12,6,2,12,0,0,0,1,1,35576,6,1,0,0,3,0,70,165,0,0,0,0,0,0,0,0,0,0,51,0,0,0,1,2,55,1,1,2,1,0,0,1,10,1,1,2,51,0,0
28,280498,1,1,3,21,11,0,8,42,0,1,0,28,2,35,47,35047,4,2002,1N4BL11D02C1,1,N,4,B,L,1,1,D,0,2,C,1,0,P,NISS,ABE,4D,2,17,3099,,0,1102,,G,,0,0,000000000,00000000000,0,0,0,1,0,0,0,0,0,0,0,999,0,0,0,12,12,6,2,42,0,0,0,1,28,39117,6,1,0,0,3,0,71,135,0,0,0,0,0,0,0,0,0,0,0,0,0,0,1,2,55,1,2,2,1,0,0,1,12,1,1,4,1,2,1
28,280499,1,1,3,21,11,17,43,9,0,1,0,28,1,20,431,20431,16,1997,3GNEC16R1VG1,3,G,N,E,C,1,6,R,1,V,G,1,0,P,CHEV,C15,UT,97,17,4802,,0,1315,,G,,0,0,000000000,00000000000,0,0,0,1,0,0,0,0,0,0,0,30,0,0,0,12,12,2,3,9,0,0,0,1,28,39507,6,1,0,0,3,0,64,125,0,0,0,0,0,0,0,0,0,0,0,0,0,0,2,2,45,1,1,2,1,0,0,1,83,1,1,1,13,0,0
28,280500,1,1,1,21,11,22,28,8,0,1,0,28,1,63,32,63032,4,2004,KNADC125X463,K,N,A,D,C,1,2,5,X,4,6,3,0,P,KIA,RIO,4D,4,17,2403,,0,949,,G,,0,0,000000000,00000000000,0,0,0,1,0,0,0,0,0,0,0,25,0,0,0,12,12,0,1,8,0,0,0,1,28,38635,6,1,0,0,3,1,63,143,0,0,0,0,0,0,0,0,0,0,0,0,0,0,1,2,35,1,1,2,1,0,0,1,80,1,1,1,13,0,0
28,280501,1,2,1,2,9,15,15,12,6,1,0,28,1,22,18,22018,4,2004,1G2NF52E34C2,1,G,2,N,F,5,2,E,3,4,C,2,0,P,PONT,SE1,4D,4,17,3066,,0,1070,,G,,0,0,000000000,00000000000,0,0,0,1,0,0,0,0,0,0,0,10,0,0,0,12,3,6,2,12,0,0,0,1,28,39330,6,1,0,0,3,0,73,170,0,0,0,1,0,4,2009,4,2009,0,38,39,0,0,1,2,25,1,1,2,1,20,3,1,17,1,1,2,86,1,0
28,280501,2,2,3,2,9,15,15,12,6,1,0,0,0,84,884,84884,66,2001,999999999999,9,9,9,9,9,9,9,9,9,9,9,9,1,U,,380,BU,9,17,,7,2760,1520,30S,D,,1,99,999999999,99999999999,3,6,97,1,0,0,0,0,0,0,0,45,0,0,0,4,3,6,2,12,0,0,0,1,28,39330,6,1,6,0,3,0,70,200,0,0,0,0,0,0,0,0,0,0,0,0,0,0,1,2,25,1,1,2,1,20,3,1,11,1,1,2,87,0,0