STATE,ST_CASE,VEH_NO,VE_FORMS,NUMOCCS,DAY,MONTH,HOUR,MINUTE,HARM_EV,MAN_COLL,UNITTYPE,HIT_RUN,REG_STAT,OWNER,MAKE,MODEL,MAK_MOD,BODY_TYP,MOD_YEAR,VIN,VIN_1,VIN_2,VIN_3,VIN_4,VIN_5,VIN_6,VIN_7,VIN_8,VIN_9,VIN_10,VIN_11,VIN_12,TOW_VEH,VINTYPE,VINMAKE,VINA_MOD,VIN_BT,VINMODYR,VIN_LNGT,VIN_WGT,WGTCD_TR,WHLBS_LG,WHLBS_SH,SER_TR,FUELCODE,MCYCL_DS,J_KNIFE,MCARR_I1,MCARR_I2,MCARR_ID,GVWR,V_CONFIG,CARGO_BT,HAZ_INV,HAZ_PLAC,HAZ_ID,HAZ_CNO,HAZ_REL,BUS_USE,SPEC_USE,EMER_USE,TRAV_SP,UNDERIDE,ROLLOVER,ROLINLOC,IMPACT1,IMPACT2,DEFORMED,TOWED,M_HARM,VEH_SC1,VEH_SC2,FIRE_EXP,DR_PRES,L_STATE,DR_ZIP,L_STATUS,L_TYPE,CDL_STAT,L_ENDORS,L_COMPL,L_RESTRI,DR_HGT,DR_WGT,PREV_ACC,PREV_SUS,PREV_DWI,PREV_SPD,PREV_OTH,FIRST_MO,FIRST_YR,LAST_MO,LAST_YR,SPEEDREL,DR_SF1,DR_SF2,DR_SF3,DR_SF4,VTRAFWAY,VNUM_LAN,VSPD_LIM,VALIGN,VPROFILE,VPAVETYP,VSURCOND,VTRAFCON,VTCONT_F,P_CRASH1,P_CRASH2,P_CRASH3,PCRASH4,PCRASH5,ACC_TYPE,DEATHS,DR_DRINK
28,280502,1,1,1,6,9,20,32,34,0,1,0,28,2,12,481,12481,31,1995,1FTEF14N2SNA,1,F,T,E,F,1,4,N,2,S,N,A,0,T,FORD,F15,PK,95,17,,2,1330,1170,COF,G,,0,0,000000000,00000000000,0,0,0,1,0,0,0,0,0,0,0,999,0,0,0,12,12,6,2,34,0,0,0,1,28,38756,6,1,0,0,3,1,73,210,0,0,0,0,0,0,0,0,0,0,0,0,0,0,1,2,45,1,1,2,1,0,0,1,10,1,1,4,1,1,1
28,280503,1,2,2,11,9,16,31,12,2,1,0,28,2,12,3,12003,2,2005,1ZVFT80N7551,1,Z,V,F,T,8,0,N,7,5,5,1,0,P,FORD,MUS,CP,5,17,3300,,0,1071,,G,,0,0,000000000,00000000000,0,0,0,1,0,0,0,0,0,0,0,40,0,0,0,12,12,6,2,12,0,0,0,1,28,39482,6,1,0,0,3,1,72,205,0,0,0,0,1,2,2010,2,2010,1,51,0,0,0,1,2,35,1,3,2,1,0,0,1,62,1,1,2,50,0,0
28,280503,2,2,3,11,9,16,31,12,2,1,0,28,2,12,17,12017,4,1998,1FAFP52U0WA1,1,F,A,F,P,5,2,U,0,W,A,1,0,P,FORD,TLS,4D,98,17,3359,,0,1085,,G,,0,0,000000000,00000000000,0,0,0,1,0,0,0,0,0,0,0,999,0,0,0,12,12,6,2,12,0,0,0,1,28,39429,0,0,0,0,0,0,999,999,99,99,99,99,99,99,9999,99,9999,0,0,0,0,0,1,2,35,1,3,2,1,0,0,1,10,1,1,2,51,1,0
28,280504,1,1,1,12,9,99,99,1,0,1,0,28,1,20,441,20441,20,2003,1GNDM19X43B1,1,G,N,D,M,1,9,X,4,3,B,1,0,T,CHEV,AST,ES,3,17,,1,0,1112,AST,G,,0,0,000000000,00000000000,0,0,0,1,0,0,0,0,0,0,0,999,0,1,9,0,13,6,2,1,0,0,0,1,28,38663,0,0,0,0,0,0,999,999,99,99,99,99,99,99,9999,99,9999,1,0,0,0,0,1,2,45,4,1,2,1,0,0,14,11,1,1,4,1,1,0
28,280505,1,1,1,25,6,7,45,1,0,1,0,28,3,12,16,12016,4,2007,2FAFP71W17X1,2,F,A,F,P,7,1,W,1,7,X,1,0,P,FORD,CVP,4D,7,17,4129,,0,1146,,G,,0,0,000000000,00000000000,0,0,0,1,0,0,0,0,0,0,0,999,0,1,9,0,13,6,2,1,0,0,0,1,28,38679,6,1,0,0,3,0,64,122,0,0,0,0,0,0,0,0,0,0,0,0,0,0,1,2,45,1,1,2,1,0,0,1,13,1,1,4,1,1,0
28,280506,1,2,1,13,9,13,23,12,2,1,0,1,1,34,35,34035,4,2004,WBANA73504B8,W,B,A,N,A,7,3,5,0,4,B,8,0,P,BMW,53I,4D,4,17,3472,,0,1114,,G,,0,0,000000000,00000000000,0,0,0,1,0,0,0,0,0,0,0,60,0,0,0,12,12,6,2,12,0,0,0,1,1,36509,6,1,0,0,3,0,70,185,0,0,0,0,0,0,0,0,0,0,0,0,0,0,2,4,45,1,1,2,1,0,0,1,63,1,1,1,50,0,0
28,280506,2,2,1,13,9,13,23,12,2,1,0,28,1,20,481,20481,31,1991,1GCCS14Z9M82,1,G,C,C,S,1,4,Z,9,M,8,2,0,T,CHEV,S14,PK,91,17,,1,1179,1083,S,G,,0,0,000000000,00000000000,0,0,0,1,0,0,0,0,0,0,0,999,0,0,0,12,12,6,2,12,0,0,0,1,28,39114,6,1,0,0,3,1,71,145,0,0,0,0,0,0,0,0,0,0,51,0,0,0,2,4,45,1,1,2,1,0,0,1,11,1,1,2,51,1,0
28,280507,1,1,1,21,9,7,36,1,0,1,0,0,0,12,37,12037,4,2000,999999999999,9,9,9,9,9,9,9,9,9,9,9,9,0,U,,,,9,17,,,,,,,,0,0,000000000,00000000000,0,0,0,1,0,0,0,0,0,0,0,999,0,1,9,0,13,6,2,1,0,0,0,1,28,38703,0,0,0,0,0,0,999,999,99,99,99,99,99,99,9999,99,9999,0,0,0,0,0,1,2,45,4,1,2,1,0,0,14,13,1,1,4,1,1,0
28,280508,1,2,1,23,9,14,22,12,8,1,0,28,1,12,16,12016,4,1989,2FABP73F4KX1,2,F,A,B,P,7,3,F,4,K,X,1,0,P,FORD,CVI,4D,89,17,3730,,0,1143,,G,,0,0,000000000,00000000000,0,0,0,1,0,0,0,0,0,0,0,5,0,0,0,5,12,6,2,12,0,0,0,1,28,39359,6,1,0,0,3,0,67,135,0,0,0,0,0,0,0,0,0,0,30,0,0,0,1,2,35,1,1,2,1,0,0,1,11,1,1,2,67,1,0
28,280508,2,2,3,23,9,14,22,12,8,1,0,0,0,12,470,12470,29,2006,999999999999,9,9,9,9,9,9,9,9,9,9,9,9,0,U,,,,9,17,,,,,,,,0,0,000000000,00000000000,0,0,0,1,0,0,0,0,0,0,0,999,0,0,0,5,2,6,2,12,0,0,0,1,28,39772,6,1,0,0,3,1,71,210,0,0,0,0,0,0,0,0,0,0,0,0,0,0,1,2,35,1,1,2,1,0,0,1,63,1,1,2,67,0,0
28,280509,1,2,4,26,9,16,37,12,2,1,0,28,1,12,3,12003,2,1995,1FALP4048SF2,1,F,A,L,P,4,0,4,8,S,F,2,0,P,FORD,MUS,CP,95,17,3077,,0,1013,,G,,0,0,000000000,00000000000,0,0,0,1,0,0,0,0,0,0,0,80,0,0,0,12,12,6,2,12,0,0,0,1,28,39667,6,1,0,0,3,0,70,201,0,0,0,0,0,0,0,0,0,1,51,0,0,0,1,2,45,4,1,2,1,0,0,14,10,1,1,2,51,1,0
28,280509,2,2,1,26,9,16,37,12,2,1,0,28,1,20,481,20481,31,1995,1GCEK19KXSE1,1,G,C,E,K,1,9,K,X,S,E,1,0,T,CHEV,GK1,PC,95,17,,2,1555,1415,GM4,G,,0,0,000000000,00000000000,0,0,0,1,0,0,0,0,0,0,0,45,0,0,0,12,12,6,2,12,0,0,0,1,28,39667,6,1,6,0,3,0,70,160,0,0,0,0,0,0,0,0,0,0,0,0,0,0,1,2,45,4,1,2,1,0,0,14,62,1,1,1,50,0,0
28,280510,1,1,1,1,10,5,32,1,0,1,0,0,0,20,399,20399,9,2000,999999999999,9,9,9,9,9,9,9,9,9,9,9,9,0,U,,,,9,17,,,,,,,,0,0,000000000,00000000000,0,0,0,1,0,0,0,0,0,0,0,999,0,1,9,0,13,6,2,1,0,0,0,1,28,39082,6,1,0,0,3,0,70,170,0,0,0,0,0,0,0,0,0,0,0,0,0,0,1,2,0,1,1,2,1,0,0,1,12,1,1,4,1,1,0
28,280511,1,1,1,6,10,13,59,1,0,1,0,28,1,23,481,23481,31,2009,1GKER23DX9J1,1,G,K,E,R,2,3,D,X,9,J,1,0,T,GMC,S1F,4W,9,17,,2,0,1189,ACA,G,,0,0,000000000,00000000000,0,0,0,1,0,0,0,0,0,0,0,30,0,1,9,0,13,6,2,1,0,0,0,1,28,38751,6,1,0,0,3,0,62,125,0,0,0,0,0,0,0,0,0,0,0,0,0,0,1,2,30,1,1,2,1,0,0,1,13,1,1,4,1,1,0
28,280512,1,1,1,6,10,20,30,35,0,1,0,28,1,12,442,12442,20,1997,2FMDA5149VBC,2,F,M,D,A,5,1,4,9,V,B,C,0,T,FORD,WWG,ES,97,17,,1,0,1207,WIN,G,,0,0,000000000,00000000000,0,0,0,1,0,0,0,0,0,0,0,999,0,0,0,12,12,6,2,42,0,0,0,1,28,39180,1,1,0,0,1,0,66,230,0,2,2,0,2,4,2009,12,2009,0,0,0,0,0,1,2,55,1,1,2,1,0,0,1,12,1,1,4,1,1,0
28,280513,1,1,2,10,10,19,43,24,0,1,0,28,2,20,431,20431,16,2001,1GNEC13V71J2,1,G,N,E,C,1,3,V,7,1,J,2,0,P,CHEV,CTA,UT,1,17,4828,,0,1160,,G,,0,0,000000000,00000000000,0,0,0,1,0,0,0,0,0,0,0,60,0,0,0,12,12,6,2,24,0,0,0,1,28,39092,6,1,0,0,3,0,71,185,0,0,0,0,0,0,0,0,0,0,0,0,0,0,1,2,45,1,1,2,1,0,0,1,12,1,1,4,1,1,0
28,280514,1,1,3,13,10,18,20,35,0,1,0,28,2,20,2,20002,4,2002,2G1WH55K6292,2,G,1,W,H,5,5,K,6,2,9,2,0,P,CHEV,IPL,4D,2,17,3466,,0,1105,,G,,0,0,000000000,00000000000,0,0,0,1,0,0,0,0,0,0,0,999,0,0,0,12,12,6,2,35,0,0,0,1,28,39702,6,1,0,0,3,0,70,185,0,0,0,0,0,0,0,0,0,0,51,0,0,0,1,2,40,1,1,2,1,0,0,1,13,1,1,4,1,1,1
28,280515,1,1,1,17,10,22,0,1,0,1,0,28,1,20,2,20002,4,2006,2G1WU5811691,2,G,1,W,U,5,8,1,1,6,9,1,0,P,CHEV,ITZ,4D,6,17,3477,,0,1105,,G,,0,0,000000000,00000000000,0,0,0,1,0,0,0,0,0,0,0,999,0,1,9,0,13,6,2,1,0,0,0,1,1,36908,0,0,0,0,0,0,999,999,99,99,99,99,99,99,9999,99,9999,1,0,0,0,0,1,2,0,4,1,2,1,0,0,14,13,1,1,4,1,1,0
28,280516,1,2,3,3,11,17,27,12,2,1,0,28,2,21,1,21001,4,1988,1G3GM11Y6JP3,1,G,3,G,M,1,1,Y,6,J,P,3,0,P,OLDS,SCB,CP,88,17,3328,,0,1081,,G,,0,0,000000000,00000000000,0,0,0,1,0,0,0,0,0,0,0,999,0,0,0,12,12,6,2,12,0,0,0,1,28,39339,6,1,0,0,3,0,70,180,0,0,0,0,0,0,0,0,0,0,28,0,0,0,2,2,35,1,1,2,1,0,0,1,11,1,1,2,50,1,0
28,280516,2,2,1,3,11,17,27,12,2,1,0,28,1,20,481,20481,31,1993,2GCEC19K3P11,2,G,C,E,C,1,9,K,3,P,1,1,0,T,CHEV,GC1,PC,93,17,,2,1555,1415,GM4,G,,0,0,000000000,00000000000,0,0,0,1,0,0,0,0,0,0,0,45,0,0,0,12,12,6,2,12,0,0,0,1,28,39189,6,1,0,0,3,0,68,155,0,0,0,0,0,0,0,0,0,0,0,0,0,0,2,2,35,1,1,2,1,0,0,1,63,1,1,2,51,0,0
28,280517,1,1,1,5,11,6,39,34,0,1,0,28,1,55,37,55037,2,2008,KMHHM66D48U2,K,M,H,H,M,6,6,D,4,8,U,2,0,P,HYUN,TGS,CP,8,17,2898,,0,996,,G,,0,0,000000000,00000000000,0,0,0,1,0,0,0,0,0,0,0,55,0,1,9,12,13,6,2,1,0,0,0,1,28,38603,6,1,0,0,3,0,70,155,0,0,0,0,0,0,0,0,0,0,0,0,0,0,1,2,55,4,1,2,1,0,0,14,13,1,1,4,1,1,0
28,280518,1,2,3,7,11,18,22,12,1,1,0,28,2,14,6,14006,4,1995,2MELM75W9SX6,2,M,E,L,M,7,5,W,9,S,X,6,0,P,MERC,MGL,4D,95,17,3796,,0,1144,,G,,0,0,000000000,00000000000,0,0,0,1,0,0,0,0,0,0,0,35,0,0,0,12,12,6,2,12,0,0,0,1,28,39083,6,1,0,0,3,1,69,190,0,0,0,0,0,0,0,0,0,0,26,0,0,0,1,2,35,1,1,2,1,0,0,1,11,1,1,2,24,1,0
28,280518,2,2,1,7,11,18,22,12,1,1,0,28,3,84,884,84884,66,1997,1FUYSSEB7VL8,1,F,U,Y,S,S,E,B,7,V,L,8,1,T,FRHT,FC2,DS,97,17,,8,0,0,CON,D,,1,56,641708,56641708,3,19,98,1,0,0,0,0,0,0,0,999,0,0,0,6,6,6,2,12,0,0,0,1,28,39212,6,1,6,0,3,0,73,210,0,0,0,1,0,10,2008,10,2008,0,0,0,0,0,1,2,35,1,1,2,1,0,0,1,11,1,1,2,25,0,0
28,280519,1,2,2,22,11,23,32,12,6,1,0,28,2,23,481,23481,31,2001,1GTHC29U41E3,1,G,T,H,C,2,9,U,4,1,E,3,0,T,GMC,2CH,4C,1,17,,2,1575,1430,SIE,G,,0,0,000000000,00000000000,0,0,0,1,0,0,0,0,0,0,0,999,0,0,0,12,12,6,2,12,0,0,0,1,28,38680,6,1,0,0,3,0,68,128,0,0,0,0,0,0,0,0,0,0,33,0,0,0,2,2,70,1,1,2,2,0,0,6,11,1,1,2,45,1,1
28,280519,2,2,2,22,11,23,32,12,6,1,0,28,1,12,481,12481,31,2005,1FTRW12WX5KF,1,F,T,R,W,1,2,W,X,5,K,F,0,T,FORD,F1S,CW,5,17,,2,1450,1260,COF,G,,0,0,000000000,00000000000,0,0,0,1,0,0,0,0,0,0,0,999,0,0,0,11,12,6,2,12,0,0,0,1,28,38654,6,1,0,0,3,1,70,229,0,0,0,0,0,0,0,0,0,0,0,0,0,0,2,2,70,1,1,2,2,0,0,6,11,1,1,2,47,0,0
28,280520,1,1,1,23,11,22,3,8,0,1,0,28,1,12,422,12422,15,2005,1FMPU17515LA,1,F,M,P,U,1,7,5,1,5,L,A,0,P,FORD,EPT,UT,5,17,5352,,0,1191,,G,,0,0,000000000,00000000000,0,0,0,1,0,0,0,0,0,0,0,45,0,0,0,12,12,6,2,8,0,0,0,1,28,38701,6,1,0,0,3,0,68,184,0,0,0,0,0,0,0,0,0,0,0,0,0,0,1,2,55,1,1,2,1,0,0,1,80,1,1,1,13,0,0
28,280521,1,1,5,24,11,4,0,35,0,1,0,28,1,35,402,35402,14,2004,5N1ED28TX4C6,5,N,1,E,D,2,8,T,X,4,C,6,0,P,NISS,XTR,UT,4,17,3638,,0,1043,,G,,0,0,000000000,00000000000,0,0,0,1,0,0,0,0,0,0,0,75,0,1,9,12,13,6,2,1,0,0,0,1,22,71449,6,1,0,0,3,0,69,185,0,0,0,0,0,0,0,0,0,0,0,0,0,0,2,2,70,1,1,2,1,0,0,1,13,1,1,4,1,1,0
28,280522,1,2,2,16,8,7,30,12,6,1,0,28,1,12,402,12402,14,2009,1FMCU03GX9KA,1,F,M,C,U,0,3,G,X,9,K,A,0,P,FORD,SPE,UT,9,17,3421,,0,1031,,G,,0,0,000000000,00000000000,0,0,0,1,0,0,0,0,0,0,0,999,0,0,0,5,3,6,2,12,0,0,0,1,28,38618,6,1,0,0,3,1,64,165,0,0,0,0,0,0,0,0,0,0,48,0,0,0,1,2,55,1,1,2,1,0,0,11,17,1,1,2,68,0,0
28,280522,2,2,3,16,8,7,30,12,6,1,0,28,1,24,1,24001,4,1995,1G8ZK8278SZ2,1,G,8,Z,K,8,2,7,8,S,Z,2,0,P,STRN,SW2,SW,95,17,2382,,0,1024,,G,,0,0,000000000,00000000000,0,0,0,1,0,0,0,0,0,0,0,999,0,0,0,12,12,6,2,12,0,0,0,1,28,38618,6,1,0,0,3,0,66,126,0,0,0,1,0,11,2008,11,2008,0,0,0,0,0,1,2,55,1,1,2,1,0,0,1,68,1,1,1,69,1,0
28,280523,1,2,4,24,11,14,21,12,2,1,0,28,1,12,481,12481,31,2003,1FTRX18W93NA,1,F,T,R,X,1,8,W,9,3,N,A,0,T,FORD,F15,4C,3,17,,2,1574,1388,COF,G,,0,0,000000000,00000000000,0,0,0,1,0,0,0,0,0,0,0,65,0,0,0,12,12,6,2,12,0,0,0,1,28,39110,6,1,6,0,3,0,69,170,0,0,0,0,0,0,0,0,0,0,0,0,0,0,2,2,65,1,1,2,1,20,3,1,63,1,1,2,50,0,0
28,280523,2,2,1,24,11,14,21,12,2,1,0,28,1,12,13,12013,2,1988,1FAPP2197JW2,1,F,A,P,P,2,1,9,7,J,W,2,0,P,FORD,EGL,2H,88,17,2187,,0,942,,G,,0,0,000000000,00000000000,0,0,0,1,0,0,0,0,0,0,0,999,0,0,0,12,12,6,2,12,0,0,0,1,28,39069,6,1,0,0,3,1,75,260,0,0,0,0,0,0,0,0,0,0,38,39,0,0,2,2,65,1,1,2,1,0,0,1,11,1,1,1,51,1,0
28,280524,1,1,1,24,11,15,16,8,0,1,0,28,1,49,471,49471,31,1992,JT4VN13D6N50,J,T,4,V,N,1,3,D,6,N,5,0,0,T,TOYT,ELD,PC,92,17,,1,0,1215,HTP,G,,0,0,000000000,00000000000,0,0,0,1,0,0,0,0,0,0,0,30,0,0,0,12,12,6,2,8,0,0,0,1,28,39520,6,2,0,0,3,0,70,154,0,0,0,0,0,0,0,0,0,0,0,0,0,0,1,2,30,1,1,2,1,0,0,1,80,1,1,1,13,0,0
28,280525,1,2,2,24,11,16,30,12,2,1,0,28,1,12,17,12017,4,2006,1FAFP53U36A1,1,F,A,F,P,5,3,U,3,6,A,1,0,P,FORD,TSE,4D,6,17,3307,,0,1085,,G,,0,0,000000000,00000000000,0,0,0,1,0,0,0,0,0,0,0,999,0,0,0,12,12,6,2,12,0,0,0,1,28,39429,6,1,6,0,3,0,67,165,0,0,0,0,0,0,0,0,0,0,0,0,0,0,1,2,55,1,1,2,1,0,0,1,10,1,1,2,50,1,0
28,280525,2,2,1,24,11,16,30,12,2,1,0,28,1,41,402,41402,14,2003,4F2YZ04133KM,4,F,2,Y,Z,0,4,1,3,3,K,M,0,P,MAZD,TRI,UT,3,17,3292,,0,1031,,G,,0,0,000000000,00000000000,0,0,0,1,0,0,0,0,0,0,0,999,0,0,0,12,12,6,2,12,0,0,0,1,28,39429,6,1,0,0,3,0,76,290,0,0,0,1,1,5,2008,11,2008,0,51,0,0,0,1,2,55,1,1,2,1,0,0,1,62,1,1,1,51,1,0
28,280526,1,1,1,24,11,22,50,1,0,1,0,0,0,38,401,38401,14,1994,999999999999,9,9,9,9,9,9,9,9,9,9,9,9,0,U,,,,9,17,,,,,,,,0,0,000000000,00000000000,0,0,0,1,0,0,0,0,0,0,0,80,0,1,9,0,13,6,2,1,0,0,0,1,28,39483,6,1,0,0,3,0,69,175,0,0,0,0,0,0,0,0,0,1,0,0,0,0,1,2,55,4,2,2,1,0,0,14,12,1,1,4,1,1,1
28,280527,1,1,1,25,11,6,12,42,0,1,0,28,1,12,481,12481,31,2001,1FTWW32F41ED,1,F,T,W,W,3,2,F,4,1,E,D,0,T,FORD,F3D,CW,1,17,,3,1720,1560,DRW,D,,0,0,000000000,00000000000,0,0,0,1,0,0,0,0,0,0,0,999,0,0,0,12,12,6,2,42,0,0,0,1,28,39455,6,1,6,0,3,0,72,190,0,0,0,1,0,1,2009,1,2009,0,0,0,0,0,1,2,45,1,3,2,1,0,0,1,12,1,1,4,1,1,0
28,280528,1,2,1,25,11,19,30,12,1,1,0,28,1,7,472,7472,31,2001,3B7KF26Z61M5,3,B,7,K,F,2,6,Z,6,1,M,5,0,T,DODG,250,PK,1,17,,2,0,1347,RPC,G,,0,0,000000000,00000000000,0,0,0,1,0,0,0,0,0,0,0,80,0,0,0,12,12,6,2,12,0,0,0,1,28,39120,6,1,0,0,3,0,68,173,0,0,0,0,0,0,0,0,0,1,28,0,0,0,2,2,65,1,3,2,1,0,0,1,11,1,1,2,24,1,0
28,280528,2,2,1,25,11,19,30,12,1,1,0,22,1,20,481,20481,31,2009,3GCEK23M19G2,3,G,C,E,K,2,3,M,1,9,G,2,0,T,CHEV,2SK,CW,9,17,,2,0,1435,SIL,G,,0,0,000000000,00000000000,0,0,0,1,0,0,0,0,0,0,0,65,0,0,0,6,6,6,2,12,0,0,0,1,22,70466,6,1,0,0,3,0,70,165,0,0,0,0,0,0,0,0,0,0,0,0,0,0,2,2,65,1,3,2,1,0,0,1,11,1,1,1,26,0,0
28,280529,1,2,1,27,11,6,23,12,2,1,0,28,3,84,884,84884,66,2011,3HSCUSJR2BN3,3,H,S,C,U,S,J,R,2,B,N,3,1,T,INTL,PPR,DS,11,17,,8,0,0,PRO,D,,1,56,089946,56089946,3,6,1,1,0,0,0,0,0,0,0,55,0,0,0,12,12,6,2,12,0,0,0,1,28,39465,6,1,6,0,3,0,68,198,0,0,0,0,0,0,0,0,0,0,0,0,0,0,1,2,55,1,1,2,1,0,0,1,62,1,1,1,50,0,0
28,280529,2,2,1,27,11,6,23,12,2,1,0,28,2,12,473,12473,30,2001,1FMYU60E01UA,1,F,M,Y,U,6,0,E,0,1,U,A,0,P,FORD,EPR,UT,1,17,3769,,0,1018,,G,,0,0,000000000,00000000000,0,0,0,1,0,0,0,0,0,0,0,999,0,0,0,12,12,6,2,12,0,0,0,1,28,39288,0,0,0,0,0,0,999,999,99,99,99,99,99,99,9999,99,9999,0,51,0,0,0,1,2,55,1,2,2,1,0,0,1,10,1,1,2,51,1,0
28,280530,1,1,2,28,11,0,36,8,0,1,0,28,2,20,19,20019,4,1993,2G1WL54T8P11,2,G,1,W,L,5,4,T,8,P,1,1,0,P,CHEV,LUM,4D,93,17,3169,,0,1075,,G,,0,0,000000000,00000000000,0,0,0,1,0,0,0,0,0,0,0,999,0,0,0,12,12,6,2,8,0,0,0,1,28,38804,6,1,0,0,3,0,81,159,0,0,0,0,0,0,0,0,0,0,0,0,0,0,1,2,45,1,1,2,1,0,0,1,80,1,1,1,13,0,1
28,280531,1,1,1,29,11,0,15,42,0,1,0,28,1,21,2,21002,4,1992,1G3HN53LXN18,1,G,3,H,N,5,3,L,X,N,1,8,0,P,OLDS,88R,4D,92,17,3342,,0,1108,,G,,0,0,000000000,00000000000,0,0,0,1,0,0,0,0,0,0,0,999,0,0,0,12,12,6,2,42,0,0,0,1,28,39114,6,1,0,0,3,0,75,204,0,0,0,0,0,0,0,0,0,0,0,0,0,0,1,2,55,1,1,2,1,0,0,1,13,1,1,4,1,1,1
28,280532,1,2,1,29,11,17,59,12,2,1,0,28,2,35,472,35472,30,2000,1N6DD26S1YC4,1,N,6,D,D,2,6,S,1,Y,C,4,0,T,NISS,FKX,PC,0,17,,1,0,1161,FRT,G,,0,0,000000000,00000000000,0,0,0,1,0,0,0,0,0,0,0,999,0,0,0,12,12,6,2,12,0,0,0,1,28,38961,6,1,0,0,3,0,68,180,0,0,0,1,0,8,2008,8,2008,0,0,0,0,0,1,2,55,1,1,2,2,0,0,1,62,1,1,2,50,1,0
28,280532,2,2,1,29,11,17,59,12,2,1,0,28,2,7,482,7482,31,2000,3B7MC3665YM2,3,B,7,M,C,3,6,6,5,Y,M,2,0,T,DODG,350,PK,0,17,,3,0,1347,RPC,D,,0,0,000000000,00000000000,0,0,0,1,0,0,0,0,0,0,0,50,0,0,0,12,12,6,2,12,0,0,0,1,28,39046,6,1,6,0,3,0,67,235,0,0,0,0,0,0,0,0,0,0,51,0,0,0,1,2,55,1,1,2,2,0,0,1,10,1,1,2,51,0,0
28,280533,1,1,1,30,11,6,41,8,0,1,0,28,1,38,472,38472,30,1998,1GGCS1445W86,1,G,G,C,S,1,4,4,5,W,8,6,0,T,ISU,HOM,PK,98,17,,1,0,1083,HOM,G,,0,0,000000000,00000000000,0,0,0,1,0,0,0,0,0,0,0,30,0,0,0,12,12,6,2,8,0,0,0,1,28,38654,6,1,0,0,3,0,67,190,0,0,0,0,0,0,0,0,0,0,0,0,0,0,1,2,30,1,2,2,2,0,0,1,80,1,1,1,13,0,0
28,280534,1,2,2,30,11,13,28,12,2,1,0,28,1,49,472,49472,30,2005,5TENX22N15Z0,5,T,E,N,X,2,2,N,1,5,Z,0,0,T,TOYT,REG,PK,5,17,,1,0,1033,TAC,G,,0,0,000000000,00000000000,0,0,0,1,0,0,0,0,0,0,0,40,0,0,0,12,12,6,2,12,0,0,0,1,28,39422,6,1,0,0,3,0,71,180,0,0,0,0,0,0,0,0,0,0,0,0,0,0,1,2,55,4,2,2,2,0,0,14,11,1,1,2,50,1,0
28,280534,2,2,1,30,11,13,28,12,2,1,0,28,3,86,884,86884,66,2004,1M1AA18Y84N1,1,M,1,A,A,1,8,Y,8,4,N,1,1,T,MACK,CH6,DS,4,17,,8,0,0,600,D,,1,56,0382082,560382082,3,19,98,1,0,0,0,0,0,0,0,45,0,0,0,12,12,6,2,12,0,0,0,1,28,39360,6,1,6,0,3,0,70,210,0,0,0,1,0,12,2008,12,2008,1,28,0,0,0,1,2,55,4,2,2,2,0,0,14,63,1,1,2,51,0,0
28,280535,1,2,1,1,12,20,40,12,2,1,0,28,1,13,482,13482,31,2007,5LTPW16537FJ,5,L,T,P,W,1,6,5,3,7,F,J,0,T,LINC,MLT,CW,7,17,,2,1500,1390,MRK,G,,0,0,000000000,00000000000,0,0,0,1,0,0,0,0,0,0,0,999,0,0,0,12,12,6,2,12,0,0,0,1,28,39338,6,1,0,0,3,0,72,235,0,0,0,0,0,0,0,0,0,0,51,0,0,0,1,2,55,4,1,2,1,0,0,14,10,1,1,2,50,0,1
28,280535,2,2,2,1,12,20,40,12,2,1,0,28,2,23,481,23481,31,1989,1GTDC14K0KE5,1,G,T,D,C,1,4,K,0,K,E,5,0,T,GMC,SC1,PK,89,17,,1,1315,1175,SIE,G,,0,0,000000000,00000000000,0,0,0,1,0,0,0,0,0,0,0,999,0,0,0,12,12,6,2,12,0,0,0,1,28,39338,6,1,0,0,3,0,72,195,0,0,0,1,0,3,2009,3,2009,0,0,0,0,0,1,2,55,4,1,2,1,0,0,14,62,1,1,2,51,1,0
28,280536,1,1,2,1,12,22,23,42,0,1,0,28,1,41,37,41037,4,2000,1YVGF22C5Y51,1,Y,V,G,F,2,2,C,5,Y,5,1,0,P,MAZD,U6X,4D,0,17,2864,,0,1051,,G,,0,0,000000000,00000000000,0,0,0,1,0,0,0,0,0,0,0,999,0,0,0,12,12,6,2,42,0,0,0,1,28,39272,6,1,0,0,3,0,67,140,0,0,0,0,0,0,0,0,0,1,0,0,0,0,1,2,35,1,3,2,1,0,0,1,13,1,1,4,1,1,0
28,280537,1,1,1,4,12,2,15,34,0,1,0,28,2,37,31,37031,4,2009,1HGFA16889L0,1,H,G,F,A,1,6,8,8,9,L,0,0,P,HOND,UAX,4D,9,17,2747,,0,1063,,G,,0,0,000000000,00000000000,0,0,0,1,0,0,0,0,0,0,0,55,0,1,9,12,13,6,2,1,0,0,0,1,28,39086,6,1,0,0,3,0,70,155,0,0,0,1,0,3,2008,3,2008,1,0,0,0,0,1,2,55,1,1,2,1,0,0,1,13,1,1,4,1,1,0