STATE,ST_CASE,VEH_NO,VE_FORMS,NUMOCCS,DAY,MONTH,HOUR,MINUTE,HARM_EV,MAN_COLL,UNITTYPE,HIT_RUN,REG_STAT,OWNER,MAKE,MODEL,MAK_MOD,BODY_TYP,MOD_YEAR,VIN,VIN_1,VIN_2,VIN_3,VIN_4,VIN_5,VIN_6,VIN_7,VIN_8,VIN_9,VIN_10,VIN_11,VIN_12,TOW_VEH,VINTYPE,VINMAKE,VINA_MOD,VIN_BT,VINMODYR,VIN_LNGT,VIN_WGT,WGTCD_TR,WHLBS_LG,WHLBS_SH,SER_TR,FUELCODE,MCYCL_DS,J_KNIFE,MCARR_I1,MCARR_I2,MCARR_ID,GVWR,V_CONFIG,CARGO_BT,HAZ_INV,HAZ_PLAC,HAZ_ID,HAZ_CNO,HAZ_REL,BUS_USE,SPEC_USE,EMER_USE,TRAV_SP,UNDERIDE,ROLLOVER,ROLINLOC,IMPACT1,IMPACT2,DEFORMED,TOWED,M_HARM,VEH_SC1,VEH_SC2,FIRE_EXP,DR_PRES,L_STATE,DR_ZIP,L_STATUS,L_TYPE,CDL_STAT,L_ENDORS,L_COMPL,L_RESTRI,DR_HGT,DR_WGT,PREV_ACC,PREV_SUS,PREV_DWI,PREV_SPD,PREV_OTH,FIRST_MO,FIRST_YR,LAST_MO,LAST_YR,SPEEDREL,DR_SF1,DR_SF2,DR_SF3,DR_SF4,VTRAFWAY,VNUM_LAN,VSPD_LIM,VALIGN,VPROFILE,VPAVETYP,VSURCOND,VTRAFCON,VTCONT_F,P_CRASH1,P_CRASH2,P_CRASH3,PCRASH4,PCRASH5,ACC_TYPE,DEATHS,DR_DRINK
28,280538,1,1,1,4,12,5,46,42,0,1,0,28,1,20,34,20034,4,1997,2C1MR5292V67,2,C,1,M,R,5,2,9,2,V,6,7,0,P,GEO,LSI,4D,97,17,1938,,0,931,,G,,0,0,000000000,00000000000,0,0,0,1,0,0,0,0,0,0,0,999,0,0,0,12,12,6,2,42,0,0,0,1,28,38618,6,2,0,0,3,1,72,214,0,0,0,0,0,0,0,0,0,1,0,0,0,0,1,2,45,1,3,2,1,0,0,1,13,1,1,4,1,1,0
28,280539,1,1,1,4,12,6,10,35,0,1,0,28,2,12,16,12016,4,1995,2FALP73W3SX1,2,F,A,L,P,7,3,W,3,S,X,1,0,P,FORD,CVI,4D,95,17,3762,,0,1144,,G,,0,0,000000000,00000000000,0,0,0,1,0,0,0,0,0,0,0,55,0,1,9,12,12,6,2,35,0,0,0,1,28,38952,0,0,0,0,0,0,999,999,99,99,99,99,99,99,9999,99,9999,0,0,0,0,0,1,2,55,1,1,2,1,0,0,1,12,1,1,4,1,1,0
28,280540,1,1,5,4,12,13,48,42,0,1,0,28,1,49,472,49472,30,2006,3TMLU42NX6M0,3,T,M,L,U,4,2,N,X,6,M,0,0,T,TOYT,DCL,CW,6,17,,1,0,1219,TAC,G,,0,0,000000000,00000000000,0,0,0,1,0,0,0,0,0,0,0,55,0,0,0,12,12,6,2,42,0,0,0,1,28,38917,6,1,0,0,3,0,71,140,0,0,0,1,0,8,2009,8,2009,1,0,0,0,0,1,2,25,1,1,2,1,0,0,1,13,1,1,4,1,1,0
28,280541,1,1,1,4,12,23,50,42,0,1,0,28,1,12,481,12481,31,2001,1FTRW07L61KA,1,F,T,R,W,0,7,L,6,1,K,A,0,T,FORD,F1S,CW,1,17,,2,0,1385,COF,G,,0,0,000000000,00000000000,0,0,0,1,0,0,0,0,0,0,0,999,0,0,0,12,12,6,2,42,0,0,0,1,28,38829,6,1,0,0,3,0,66,156,0,1,1,0,1,8,2008,10,2008,1,0,0,0,0,1,2,45,4,3,2,1,0,0,14,13,1,1,4,1,1,1
28,280542,1,1,1,5,12,1,42,42,0,1,0,28,1,20,36,20036,2,2004,2G1WX12K7492,2,G,1,W,X,1,2,K,7,4,9,2,0,P,CHEV,MSS,CP,4,17,3395,,0,1105,,G,,0,0,000000000,00000000000,0,0,0,1,0,0,0,0,0,0,0,999,0,0,0,12,12,6,2,2,0,0,1,1,28,39083,6,1,0,0,3,0,75,225,0,0,0,0,0,0,0,0,0,0,0,0,0,0,1,2,45,4,2,2,1,0,0,14,13,1,1,4,1,1,0
28,280543,1,1,2,5,12,21,2,30,0,1,0,28,2,12,4,12004,4,2003,1FAHP60A03Y1,1,F,A,H,P,6,0,A,0,3,Y,1,0,P,FORD,THU,CV,3,17,3775,,0,1072,,G,,0,0,000000000,00000000000,0,0,0,1,0,0,0,0,0,0,0,999,0,0,0,12,12,6,2,30,0,0,0,1,28,39532,6,1,0,0,3,0,71,175,0,0,0,0,0,0,0,0,0,1,0,0,0,0,1,2,35,1,1,2,1,0,0,1,12,1,1,4,1,2,1
28,280544,1,1,1,6,12,16,4,33,0,1,0,28,1,49,499,49499,31,2000,4TANL42N6YZ5,4,T,A,N,L,4,2,N,6,Y,Z,5,0,T,TOYT,REG,PK,0,17,,1,0,1033,TAC,G,,0,0,000000000,00000000000,0,0,0,1,0,0,0,0,0,0,0,999,0,1,9,12,13,6,2,1,0,0,0,1,47,38135,6,1,0,0,3,0,70,155,0,0,0,0,0,0,0,0,0,0,0,0,0,0,1,2,55,1,1,2,1,0,0,1,12,1,1,4,1,1,0
28,280545,1,2,1,7,12,17,25,12,1,1,0,28,2,82,884,82884,66,1996,1FUYDSEB0TH7,1,F,U,Y,D,S,E,B,0,T,H,7,1,T,FRHT,FLD,DS,96,17,,8,0,0,CON,D,,1,99,999999999,99999999999,3,19,98,1,0,0,0,0,0,0,0,20,0,0,0,6,6,0,1,12,0,0,0,1,28,39752,6,1,6,0,3,0,67,188,0,0,0,0,0,0,0,0,0,0,0,0,0,0,2,2,65,1,2,2,1,0,0,1,11,1,1,2,32,0,0
28,280545,2,2,1,7,12,17,25,12,1,1,0,28,1,20,481,20481,31,2001,1GCCS19W3181,1,G,C,C,S,1,9,W,3,1,8,1,0,T,CHEV,S14,PC,1,17,,1,0,1229,S,G,,0,0,000000000,00000000000,0,0,0,1,0,0,0,0,0,0,0,999,0,0,0,12,12,6,2,12,0,0,0,1,28,39759,6,1,0,0,3,0,73,230,0,0,0,0,0,0,0,0,0,0,26,0,0,0,2,2,65,1,2,2,1,0,0,1,10,1,1,2,32,1,0
28,280546,1,1,1,8,12,19,14,30,0,1,0,28,1,35,472,35472,30,2002,1N6DD26S92C3,1,N,6,D,D,2,6,S,9,2,C,3,0,T,NISS,FKX,PC,2,17,,1,0,1161,FRT,G,,0,0,000000000,00000000000,0,0,0,1,0,0,0,0,0,0,0,64,0,0,0,12,12,6,2,30,0,0,0,1,28,39574,6,1,0,0,3,1,73,150,0,0,0,0,0,0,0,0,0,1,0,0,0,0,1,2,35,1,1,2,1,20,3,1,12,1,1,4,1,1,0
28,280547,1,2,1,9,12,13,56,12,6,1,0,28,1,20,461,20461,21,2005,1GBHG31U9512,1,G,B,H,G,3,1,U,9,5,1,2,0,T,CHEV,CT3,MY,5,17,,2,1770,1390,ETV,G,,0,0,000000000,00000000000,0,0,0,1,0,0,0,0,0,0,0,50,0,0,0,11,11,6,2,12,0,0,0,1,28,39581,6,1,0,0,3,0,73,178,0,0,0,0,0,0,0,0,0,0,0,0,0,0,2,3,55,1,1,2,1,20,3,1,17,1,1,2,86,0,0
28,280547,2,2,2,9,12,13,56,12,6,1,0,1,4,37,31,37031,4,2010,2HGFA1F5XAH5,2,H,G,F,A,1,F,5,X,A,H,5,0,P,HOND,UCL,4D,10,17,2754,,0,1063,,G,,0,0,000000000,00000000000,0,0,0,1,0,0,0,0,0,0,0,15,0,0,0,1,12,6,2,12,0,0,0,1,28,39581,6,1,0,0,3,0,66,123,0,0,0,1,0,2,2009,2,2009,0,38,39,0,0,2,3,55,1,1,2,1,20,3,1,17,1,1,2,87,1,0
28,280548,1,2,1,10,12,6,55,12,2,1,0,1,3,84,884,84884,66,2001,1FUJAHCG01LG,1,F,U,J,A,H,C,G,0,1,L,G,1,T,FRHT,FLD,DS,1,17,,8,0,0,CON,D,,1,56,1909987,561909987,3,19,3,1,0,0,0,0,0,0,0,55,0,0,0,12,12,6,2,12,0,0,0,1,1,35481,6,1,6,0,3,0,70,180,0,0,0,0,0,0,0,0,0,0,0,0,0,0,1,2,55,1,1,2,1,0,0,1,62,1,1,1,50,0,0
28,280548,2,2,1,10,12,6,55,12,2,1,0,28,1,18,7,18007,4,2000,2G4WS52J1Y12,2,G,4,W,S,5,2,J,1,Y,1,2,0,P,BUIC,CCU,4D,0,17,3368,,0,1090,,G,,0,0,000000000,00000000000,0,0,0,1,0,0,0,0,0,0,0,55,0,0,0,12,12,6,2,12,0,0,0,1,28,39339,6,1,0,0,3,0,67,145,0,0,0,1,0,11,2009,11,2009,0,51,0,0,0,1,2,55,1,1,2,1,0,0,1,62,1,1,2,51,1,0
28,280549,1,1,3,10,12,17,45,8,0,1,0,28,1,49,40,49040,4,1997,4T1BG22K6VU0,4,T,1,B,G,2,2,K,6,V,U,0,0,P,TOYT,UEX,4D,97,17,2976,,0,1051,,G,,0,0,000000000,00000000000,0,0,0,1,0,0,0,0,0,0,0,999,0,0,0,12,12,6,2,8,0,0,0,1,28,39532,6,1,0,0,3,0,67,135,0,0,0,0,0,0,0,0,0,0,0,0,0,0,2,2,65,1,1,2,1,0,0,1,80,1,1,1,13,0,0
28,280550,1,1,1,10,12,21,19,23,0,1,0,28,1,72,709,72709,80,2007,1HD1GX41X7K3,1,H,D,1,G,X,4,1,X,7,K,3,0,M,HD,FXI,RS,7,17,,,,,,,1584,0,0,000000000,00000000000,0,0,0,1,0,0,0,0,0,0,0,999,0,0,0,12,12,6,2,23,0,0,0,1,28,39562,6,1,0,0,3,0,72,180,0,0,0,0,0,0,0,0,0,0,0,0,0,0,2,2,65,1,1,2,1,0,0,1,12,1,1,4,1,1,0
28,280551,1,1,1,10,12,21,31,42,0,1,0,28,1,12,17,12017,4,2000,1FAFP5329YA2,1,F,A,F,P,5,3,2,9,Y,A,2,0,P,FORD,TSE,4D,0,17,3333,,0,1085,,F,,0,0,000000000,00000000000,0,0,0,1,0,0,0,0,0,0,0,999,0,0,0,12,12,6,2,42,0,0,0,1,28,39747,6,1,0,0,3,1,66,135,0,0,0,0,0,0,0,0,0,0,0,0,0,0,1,2,45,1,1,2,1,0,0,1,11,1,1,4,1,1,0
28,280552,1,1,3,10,12,23,30,42,0,1,0,28,2,7,482,7482,31,2009,1D3HB18P09S7,1,D,3,H,B,1,8,P,0,9,S,7,0,T,DODG,Q15,CW,9,17,,2,0,1400,RPC,G,,0,0,000000000,00000000000,0,0,0,1,0,0,0,0,0,0,0,70,0,0,0,12,12,6,2,42,0,0,0,1,28,39648,6,1,0,0,3,0,67,135,0,0,0,0,0,0,0,0,0,1,0,0,0,0,1,2,45,4,1,2,1,0,0,14,12,1,1,4,1,2,1
28,280553,1,1,2,11,12,17,51,35,0,1,0,0,0,13,12,13012,4,2000,999999999999,9,9,9,9,9,9,9,9,9,9,9,9,0,U,,,,9,17,,,,,,,,0,0,000000000,00000000000,0,0,0,1,0,0,0,0,0,0,0,70,0,0,0,12,12,6,2,30,0,0,0,1,28,39355,6,1,0,0,3,0,62,150,0,0,0,1,0,4,2010,4,2010,1,0,0,0,0,1,2,45,4,1,2,1,0,0,14,12,1,1,4,1,1,1
28,280554,1,2,2,11,12,18,15,12,6,1,0,28,1,49,472,49472,30,1996,4TAWN72N9TZ1,4,T,A,W,N,7,2,N,9,T,Z,1,0,T,TOYT,XTR,PC,96,17,,1,0,1219,TAC,G,,0,0,000000000,00000000000,0,0,0,1,0,0,0,0,0,0,0,55,0,0,0,12,12,6,2,12,0,0,0,1,28,39114,0,0,0,0,0,0,999,999,99,99,99,99,99,99,9999,99,9999,0,0,0,0,0,2,2,65,1,1,2,2,21,3,1,17,1,1,2,88,0,0
28,280554,2,2,1,11,12,18,15,12,6,1,0,28,1,21,20,21020,4,1995,1G3WH52M4SF3,1,G,3,W,H,5,2,M,4,S,F,3,0,P,OLDS,SUL,4D,95,17,3354,,0,1075,,G,,0,0,000000000,00000000000,0,0,0,1,0,0,0,0,0,0,0,999,0,0,0,9,9,6,2,12,0,0,0,1,28,39440,6,1,0,0,3,0,71,265,0,0,0,0,0,0,0,0,0,0,38,39,0,0,2,2,65,1,1,2,2,20,3,1,17,1,1,2,89,1,0
28,280555,1,1,1,11,12,23,54,42,0,1,0,28,1,23,471,23471,30,1998,1GTCS19X6W85,1,G,T,C,S,1,9,X,6,W,8,5,0,T,GMC,SON,PC,98,17,,1,0,1229,SON,G,,0,0,000000000,00000000000,0,0,0,1,0,0,0,0,0,0,0,999,0,0,0,12,12,6,2,42,0,0,0,1,28,39440,6,1,0,0,3,0,67,130,0,0,0,1,1,12,2008,11,2010,0,0,0,0,0,1,2,30,4,2,2,2,0,0,14,12,1,1,4,1,1,0
28,280556,1,1,1,12,12,18,59,42,0,1,0,0,0,37,732,37732,90,2000,999999999999,9,9,9,9,9,9,9,9,9,9,9,9,0,U,,,,9,17,,,,,,,,0,0,000000000,00000000000,0,0,0,1,0,0,0,0,0,0,0,998,0,0,0,12,12,6,2,42,0,0,0,1,28,39051,6,1,0,0,3,0,72,280,0,0,0,0,0,0,0,0,0,0,0,0,0,0,1,2,0,4,2,2,1,0,0,14,13,1,1,4,1,1,0
28,280557,1,2,4,12,12,22,29,12,1,1,0,28,2,22,20,22020,4,2004,2G2WP522X411,2,G,2,W,P,5,2,2,X,4,1,1,0,P,PONT,GPG,4D,4,17,3477,,0,1105,,G,,0,0,000000000,00000000000,0,0,0,1,0,0,0,0,0,0,0,55,0,1,9,12,13,6,2,1,0,0,0,1,28,38963,6,1,0,0,3,0,70,307,0,0,0,1,0,8,2010,8,2010,0,0,0,0,0,1,2,55,1,1,2,1,0,0,1,11,1,1,2,28,0,0
28,280557,2,2,3,12,12,22,29,12,1,1,0,28,1,12,481,12481,32,2005,1FTRX12W65KE,1,F,T,R,X,1,2,W,6,5,K,E,0,T,FORD,F15,4C,5,17,,2,1450,1260,COF,G,,0,0,000000000,00000000000,0,0,0,1,0,0,0,0,0,0,0,55,0,0,0,6,6,6,2,12,0,0,0,1,28,38704,6,1,0,0,3,1,70,210,0,0,0,1,0,12,2009,12,2009,0,26,0,0,0,1,2,55,1,1,2,1,0,0,2,10,1,1,1,30,1,0
28,280558,1,1,4,15,12,5,4,35,0,1,0,28,3,12,481,12481,31,2004,2FTRX17244CA,2,F,T,R,X,1,7,2,4,4,C,A,0,T,FORD,HER,4C,4,17,,2,1570,1390,COF,G,,0,0,000000000,00000000000,0,0,0,1,0,0,0,0,0,0,0,999,0,1,9,12,13,6,2,1,0,0,0,1,28,39759,0,0,0,0,0,0,999,999,99,99,99,99,99,99,9999,99,9999,1,0,0,0,0,2,2,65,1,1,2,4,0,0,1,13,1,1,4,1,2,0
28,280559,1,1,2,15,12,6,20,1,0,1,0,28,1,12,481,12481,31,2000,1FTRX18W1YNB,1,F,T,R,X,1,8,W,1,Y,N,B,0,T,FORD,F15,4C,0,17,,2,1574,1388,COF,G,,0,0,000000000,00000000000,0,0,0,1,0,0,0,0,0,0,0,65,0,1,9,0,13,6,2,1,0,0,0,1,28,38834,0,0,0,0,0,0,999,999,99,99,99,99,99,99,9999,99,9999,1,0,0,0,0,2,2,65,1,1,2,4,0,0,1,12,1,1,4,1,1,0
28,280560,1,1,3,16,12,0,45,30,0,1,0,28,2,23,481,23481,31,2003,1GTEC14T53Z1,1,G,T,E,C,1,4,T,5,3,Z,1,0,T,GMC,NC1,PK,3,17,,2,1330,1190,SIE,G,,0,0,000000000,00000000000,0,0,0,1,0,0,0,0,0,0,0,45,0,1,9,12,13,6,2,1,0,0,0,1,28,39601,1,1,0,0,2,0,62,150,0,1,0,4,1,4,2009,10,2009,0,0,0,0,0,1,2,30,1,1,2,2,0,0,1,13,1,1,4,1,1,1
28,280561,1,1,1,16,12,9,36,42,0,1,0,28,1,7,471,7471,30,1990,1B7JE26Y1LS7,1,B,7,J,E,2,6,Y,1,L,S,7,0,T,DODG,D20,PK,90,17,,2,0,1310,D20,G,,0,0,000000000,00000000000,0,0,0,1,0,0,0,0,0,0,0,998,0,0,0,12,12,6,2,42,0,0,0,1,28,39638,6,1,0,0,3,0,67,160,0,0,0,0,0,0,0,0,0,0,0,0,0,0,1,2,55,1,2,2,1,0,0,1,12,1,1,4,1,1,0
28,280562,1,1,1,16,12,14,5,8,0,1,0,28,1,87,884,87884,66,1999,1XP5DR9X1XD4,1,X,P,5,D,R,9,X,1,X,D,4,1,T,PTRB,379,DS,99,17,,8,0,0,CON,D,,1,56,1467694,561467694,3,6,1,1,0,0,0,0,0,0,0,30,0,0,0,12,12,0,1,8,0,0,0,1,1,36460,6,1,6,0,3,0,70,185,0,0,0,0,0,0,0,0,0,0,0,0,0,0,1,2,30,1,1,2,1,0,0,1,80,1,1,1,13,0,0
28,280563,1,1,1,17,12,3,50,33,0,1,0,28,1,72,709,72709,80,2005,1HD1JAB185Y0,1,H,D,1,J,A,B,1,8,5,Y,0,0,M,HD,TBI,RS,5,17,,,,,,,1450,0,0,000000000,00000000000,0,0,0,1,0,0,0,0,0,0,0,998,0,0,0,12,12,6,2,33,0,0,0,1,28,39503,6,1,0,0,3,0,68,160,0,0,0,0,0,0,0,0,0,0,51,0,0,0,2,2,65,1,1,2,1,0,0,1,11,1,1,4,1,1,0
28,280564,1,1,2,17,12,20,18,32,0,1,0,28,1,7,43,7043,4,2005,1B3EL46X75N6,1,B,3,E,L,4,6,X,7,5,N,6,0,P,DODG,SRX,4D,5,17,3093,,0,1080,,G,,0,0,000000000,00000000000,0,0,0,1,0,0,0,0,0,0,0,999,0,0,0,12,12,6,2,32,0,0,0,1,28,38860,6,1,0,0,3,0,70,200,0,0,0,0,0,0,0,0,0,1,0,0,0,0,1,2,55,1,3,2,1,0,0,1,13,1,1,4,1,1,0
28,280565,1,2,2,18,12,11,49,12,2,1,0,28,1,63,401,63401,14,1995,KNDJA7239S55,K,N,D,J,A,7,2,3,9,S,5,5,0,P,KIA,SPO,UT,95,17,3280,,0,1043,,G,,0,0,000000000,00000000000,0,0,0,1,0,0,0,0,0,0,0,999,0,0,0,12,12,6,2,12,0,0,0,1,28,38611,6,1,0,0,3,0,70,185,0,0,0,0,0,0,0,0,0,0,51,0,0,0,1,2,55,1,1,2,1,0,0,1,10,1,1,2,50,0,0
28,280565,2,2,2,18,12,11,49,12,2,1,0,28,2,12,17,12017,4,1994,1FALP52U0RG1,1,F,A,L,P,5,2,U,0,R,G,1,0,P,FORD,TAG,4D,94,17,3104,,0,1060,,G,,0,0,000000000,00000000000,0,0,0,1,0,0,0,0,0,0,0,55,0,0,0,12,12,6,2,12,0,0,0,1,47,38104,6,1,0,0,3,0,64,100,0,0,0,0,0,0,0,0,0,0,0,0,0,0,1,2,55,1,1,2,1,0,0,1,62,1,1,1,51,1,0
28,280566,1,1,1,23,12,19,26,1,0,1,0,28,1,24,1,24001,4,1998,1G8ZJ5278WZ2,1,G,8,Z,J,5,2,7,8,W,Z,2,0,P,STRN,SL2,4D,98,17,0,,0,1024,,G,,0,0,000000000,00000000000,0,0,0,1,0,0,0,0,0,0,0,999,0,1,9,0,13,6,2,1,0,0,0,1,47,37826,6,1,0,0,3,0,69,189,0,0,0,0,0,0,0,0,0,0,0,0,0,0,2,2,70,1,1,2,1,0,0,1,12,1,1,4,1,1,0
28,280567,1,1,1,23,12,22,3,30,0,1,0,28,2,21,1,21001,4,1985,1G3GR47A1FP3,1,G,3,G,R,4,7,A,1,F,P,3,0,P,OLDS,CSU,CP,85,17,3108,,0,1081,,G,,0,0,000000000,00000000000,0,0,0,1,0,0,0,0,0,0,0,25,0,0,0,12,12,6,2,30,0,0,0,1,28,39429,0,0,0,0,0,0,999,999,99,99,99,99,99,99,9999,99,9999,0,0,0,0,0,1,2,25,2,1,2,1,0,0,14,13,1,1,4,1,1,1
28,280568,1,1,1,25,12,4,4,1,0,1,0,28,1,22,22,22022,4,2006,1G2ZG5586642,1,G,2,Z,G,5,5,8,6,6,4,2,0,P,PONT,GS1,4D,6,17,3419,,0,1123,,G,,0,0,000000000,00000000000,0,0,0,1,0,0,0,0,0,0,0,999,0,1,9,0,13,6,2,1,0,0,0,1,28,39095,6,1,0,0,3,0,63,155,0,0,0,2,0,2,2008,12,2008,1,0,0,0,0,1,2,0,1,1,2,2,0,0,1,13,1,1,4,1,1,0
28,280569,1,1,1,25,12,7,31,42,0,1,0,28,1,20,2,20002,4,2007,2G1WB55KX791,2,G,1,W,B,5,5,K,X,7,9,1,0,P,CHEV,IPL,4D,7,17,3674,,0,1105,,F,,0,0,000000000,00000000000,0,0,0,1,0,0,0,0,0,0,0,999,0,0,0,12,12,6,2,42,0,0,0,1,28,39425,6,1,0,0,3,0,65,125,0,0,0,0,0,0,0,0,0,1,0,0,0,0,1,2,55,1,2,2,2,0,0,1,12,1,1,4,1,1,0
28,280570,1,1,7,25,12,21,49,42,0,1,0,28,1,63,34,63034,4,2008,KNAGE123X852,K,N,A,G,E,1,2,3,X,8,5,2,0,P,KIA,OLE,4D,8,17,3142,,0,1071,,G,,0,0,000000000,00000000000,0,0,0,1,0,0,0,0,0,0,0,999,0,0,0,12,12,6,2,42,0,0,0,1,28,38843,6,1,0,0,3,0,67,120,0,0,0,0,0,0,0,0,0,0,0,0,0,0,1,2,55,4,2,2,2,0,0,14,13,1,1,4,1,2,0
28,280571,1,1,4,26,12,17,6,1,0,1,0,22,1,20,421,20421,15,2001,1GNEK13T01R1,1,G,N,E,K,1,3,T,0,1,R,1,0,P,CHEV,KTA,UT,1,17,5050,,0,1160,,G,,0,0,000000000,00000000000,0,0,0,1,0,0,0,0,0,0,0,999,0,1,9,0,13,6,2,1,0,0,0,1,22,70075,6,1,0,0,3,0,64,122,0,0,0,0,0,0,0,0,0,0,0,0,0,0,2,2,70,1,1,2,1,0,0,1,13,1,1,4,1,1,0
28,280572,1,2,1,26,12,18,1,12,8,1,0,28,2,12,35,12035,4,1998,1FAFP6636WK3,1,F,A,F,P,6,6,3,6,W,K,3,0,P,FORD,LSS,4D,98,17,2864,,0,1065,,G,,0,0,000000000,00000000000,0,0,0,1,0,0,0,0,0,0,0,999,0,0,0,7,12,6,2,12,0,0,0,1,28,39208,6,7,0,0,3,0,67,185,0,0,0,0,0,0,0,0,0,1,28,0,0,0,2,2,70,1,1,2,1,0,0,1,10,1,1,2,64,1,0
28,280572,2,2,2,26,12,18,1,12,8,1,0,28,1,37,403,37403,14,2004,5J6YH18544L0,5,J,6,Y,H,1,8,5,4,4,L,0,0,P,HOND,ELE,UT,4,17,0,,0,1014,,G,,0,0,000000000,00000000000,0,0,0,1,0,0,0,0,0,0,0,65,0,0,0,7,7,6,2,12,0,0,0,1,28,39170,6,1,6,0,3,0,72,255,0,0,0,0,0,0,0,0,0,0,0,0,0,0,2,2,70,1,1,2,1,0,0,1,62,1,1,2,65,0,0
28,280573,1,2,1,27,12,15,32,12,6,1,0,28,1,49,401,49401,14,1999,JT3GN87R5X01,J,T,3,G,N,8,7,R,5,X,0,1,0,P,TOYT,RUN,UT,99,17,3710,,0,1053,,G,,0,0,000000000,00000000000,0,0,0,1,0,0,0,0,0,0,0,65,0,0,0,12,12,6,2,12,0,0,0,1,28,39339,6,1,0,0,3,0,66,135,0,0,0,0,0,0,0,0,0,0,0,0,0,0,2,2,65,1,1,2,1,20,3,1,17,1,1,2,86,0,0
28,280573,2,2,1,27,12,15,32,12,6,1,0,28,2,49,40,49040,4,2002,4T1BE32K22U6,4,T,1,B,E,3,2,K,2,2,U,6,0,P,TOYT,LXS,4D,2,17,3086,,0,1071,,G,,0,0,000000000,00000000000,0,0,0,1,0,0,0,0,0,0,0,999,0,0,0,3,3,6,2,12,0,0,0,1,28,39157,6,1,0,0,3,0,69,135,0,0,0,0,0,0,0,0,0,0,38,39,0,0,2,2,65,1,1,2,1,20,3,1,17,1,1,1,87,1,0
28,280574,1,1,1,28,12,1,12,34,0,1,0,28,1,20,402,20402,14,1993,2CNBE18U8P69,2,C,N,B,E,1,8,U,8,P,6,9,0,P,GEO,GEO,UT,93,17,2189,,0,866,,G,,0,0,000000000,00000000000,0,0,0,1,0,0,0,0,0,0,0,999,0,1,9,12,13,6,2,1,0,0,0,1,28,39576,6,1,0,0,3,0,64,138,0,0,0,1,0,7,2008,7,2008,0,0,0,0,0,1,2,30,4,1,2,1,0,0,14,12,1,1,4,1,1,0
28,280575,1,1,1,28,12,17,23,9,0,1,0,28,1,12,481,12481,31,2003,1FTRW07L23KC,1,F,T,R,W,0,7,L,2,3,K,C,0,T,FORD,F1S,CW,3,17,,2,0,1385,COF,G,,0,0,000000000,00000000000,0,0,0,1,0,0,0,0,0,0,0,65,0,0,0,12,12,6,2,9,0,0,0,1,28,39168,6,1,0,0,3,0,70,190,0,0,0,0,0,0,0,0,0,0,0,0,0,0,1,2,65,1,1,2,1,0,0,1,83,1,1,1,13,0,0
28,280576,1,1,1,29,12,17,22,1,0,1,0,28,2,2,404,2404,14,2001,1J4GX58S51C6,1,J,4,G,X,5,8,S,5,1,C,6,0,T,JEEP,LMT,4W,1,17,,1,0,1059,GCK,G,,0,0,000000000,00000000000,0,0,0,1,0,0,0,0,0,0,0,999,0,1,9,0,13,6,2,1,0,0,0,1,5,72023,6,1,0,0,3,0,70,140,0,0,0,0,0,0,0,0,0,0,0,0,0,0,1,2,45,4,1,2,1,0,0,14,13,1,1,4,1,1,0
28,280577,1,1,1,29,12,19,45,30,0,1,0,28,1,37,32,37032,4,2001,JHMCG56601C0,J,H,M,C,G,5,6,6,0,1,C,0,0,P,HOND,UEX,4D,1,17,3075,,0,1069,,G,,0,0,000000000,00000000000,0,0,0,1,0,0,0,0,0,0,0,999,0,0,0,12,12,6,2,30,0,0,0,1,28,39211,6,1,0,0,3,0,74,245,0,0,0,0,0,0,0,0,0,1,0,0,0,0,2,2,45,1,1,2,2,0,0,1,13,1,1,4,1,1,1
28,280578,1,1,1,30,12,7,9,42,0,1,0,0,0,35,39,35039,4,2004,999999999999,9,9,9,9,9,9,9,9,9,9,9,9,0,U,,,,9,17,,,,,,,,0,0,000000000,00000000000,0,0,0,1,0,0,0,0,0,0,0,999,0,0,0,12,12,6,2,42,0,0,0,1,28,39470,6,1,0,0,3,1,64,130,0,0,0,0,0,0,0,0,0,0,0,0,0,0,1,2,35,2,1,2,2,0,0,14,13,1,1,4,1,1,0
28,280579,1,2,4,31,12,17,2,12,2,1,0,28,2,18,2,18002,4,2003,1G4HP52K23U1,1,G,4,H,P,5,2,K,2,3,U,1,0,P,BUIC,LCF,4D,3,17,3567,,0,1122,,G,,0,0,000000000,00000000000,0,0,0,1,0,0,0,0,0,0,0,998,0,0,0,12,12,6,2,12,0,0,1,1,28,38921,6,1,6,0,3,0,72,210,0,0,0,0,0,0,0,0,0,0,35,0,0,0,1,2,55,1,1,2,1,0,0,6,10,1,1,2,50,1,0
28,280579,2,2,2,31,12,17,2,12,2,1,0,28,2,35,47,35047,4,2005,1N4AL11D25N4,1,N,4,A,L,1,1,D,2,5,N,4,0,P,NISS,ASL,4D,5,17,2915,,0,1102,,G,,0,0,000000000,00000000000,0,0,0,1,0,0,0,0,0,0,0,998,0,0,0,12,12,6,2,12,0,0,0,1,28,38620,6,1,0,0,3,1,64,105,0,0,0,0,0,0,0,0,0,0,0,0,0,0,1,2,55,1,1,2,1,0,0,1,62,1,1,2,51,1,0