STATE,ST_CASE,VEH_NO,VE_FORMS,NUMOCCS,DAY,MONTH,HOUR,MINUTE,HARM_EV,MAN_COLL,UNITTYPE,HIT_RUN,REG_STAT,OWNER,MAKE,MODEL,MAK_MOD,BODY_TYP,MOD_YEAR,VIN,VIN_1,VIN_2,VIN_3,VIN_4,VIN_5,VIN_6,VIN_7,VIN_8,VIN_9,VIN_10,VIN_11,VIN_12,TOW_VEH,VINTYPE,VINMAKE,VINA_MOD,VIN_BT,VINMODYR,VIN_LNGT,VIN_WGT,WGTCD_TR,WHLBS_LG,WHLBS_SH,SER_TR,FUELCODE,MCYCL_DS,J_KNIFE,MCARR_I1,MCARR_I2,MCARR_ID,GVWR,V_CONFIG,CARGO_BT,HAZ_INV,HAZ_PLAC,HAZ_ID,HAZ_CNO,HAZ_REL,BUS_USE,SPEC_USE,EMER_USE,TRAV_SP,UNDERIDE,ROLLOVER,ROLINLOC,IMPACT1,IMPACT2,DEFORMED,TOWED,M_HARM,VEH_SC1,VEH_SC2,FIRE_EXP,DR_PRES,L_STATE,DR_ZIP,L_STATUS,L_TYPE,CDL_STAT,L_ENDORS,L_COMPL,L_RESTRI,DR_HGT,DR_WGT,PREV_ACC,PREV_SUS,PREV_DWI,PREV_SPD,PREV_OTH,FIRST_MO,FIRST_YR,LAST_MO,LAST_YR,SPEEDREL,DR_SF1,DR_SF2,DR_SF3,DR_SF4,VTRAFWAY,VNUM_LAN,VSPD_LIM,VALIGN,VPROFILE,VPAVETYP,VSURCOND,VTRAFCON,VTCONT_F,P_CRASH1,P_CRASH2,P_CRASH3,PCRASH4,PCRASH5,ACC_TYPE,DEATHS,DR_DRINK
29,290034,1,1,1,27,1,4,30,35,0,1,0,29,1,21,441,21441,20,2000,1GHDX03E5YD1,1,G,H,D,X,0,3,E,5,Y,D,1,0,T,OLDS,SIL,ES,0,17,,1,0,1200,SIL,G,,0,0,000000000,00000000000,0,0,0,1,0,0,0,0,0,0,0,55,0,1,5,12,12,6,2,1,0,0,0,1,29,63857,6,1,0,0,3,3,62,100,0,0,0,1,0,3,2009,3,2009,0,58,0,0,0,1,2,55,3,1,2,1,0,0,14,13,6,2,4,2,1,1
29,290035,1,1,1,28,1,2,35,1,0,1,0,93,3,51,881,51881,66,2003,4V4NC9TJ53N3,4,V,4,N,C,9,T,J,5,3,N,3,1,T,VOLV,VNL,DS,3,17,,8,0,0,VVN,D,,1,57,013959,57013959,3,6,1,1,0,0,0,0,0,0,0,999,0,2,3,0,0,6,2,1,0,0,0,1,29,65011,6,1,6,0,3,3,68,185,0,0,0,0,0,0,0,0,0,0,0,0,0,0,2,2,65,1,2,2,1,0,0,1,12,7,2,4,7,1,0
29,290036,1,1,1,28,1,6,5,23,0,1,0,17,1,22,18,22018,4,1998,1G2NW52M9WC7,1,G,2,N,W,5,2,M,9,W,C,7,0,P,PONT,GAG,4D,98,17,2987,,0,1034,,G,,0,0,000000000,00000000000,0,0,0,1,0,0,0,0,0,0,0,998,0,2,5,11,0,6,2,1,0,0,0,1,17,62040,6,1,0,0,3,3,67,230,0,0,0,0,0,0,0,0,0,1,87,0,0,0,1,2,35,1,1,1,4,0,0,1,5,4,2,4,7,1,0
29,290037,1,1,1,28,1,18,40,58,0,1,0,29,2,20,481,20481,31,1976,CKU146J14422,C,K,U,1,4,6,J,1,4,4,2,2,0,P,,,,,,,,,,,,,0,0,000000000,00000000000,0,0,0,1,0,0,0,0,0,0,0,55,0,1,5,14,0,6,2,1,0,0,0,1,29,64843,2,1,0,0,2,0,65,120,1,3,0,0,0,2,2008,1,2010,0,58,0,0,0,1,2,55,1,2,2,1,0,0,1,12,6,2,4,7,1,1
29,290038,1,1,2,29,1,11,35,1,0,1,0,29,1,12,441,12441,20,1994,1FMDA31U2RZA,1,F,M,D,A,3,1,U,2,R,Z,A,0,T,FORD,ARO,ES,94,17,,1,0,1190,ARO,G,,0,0,000000000,00000000000,0,0,0,1,0,0,0,0,0,0,0,55,0,2,5,0,0,6,2,1,0,0,0,1,29,63841,6,1,0,0,3,0,64,426,1,0,0,0,0,4,2007,4,2007,1,87,0,0,0,1,2,55,3,1,2,3,0,0,14,6,99,1,4,6,1,0
29,290039,1,1,4,30,1,7,50,1,0,1,0,29,2,12,422,12422,15,2002,1FMPU18L22LA,1,F,M,P,U,1,8,L,2,2,L,A,0,P,FORD,EPT,UT,2,17,5656,,0,1191,,G,,0,0,000000000,00000000000,0,0,0,1,0,0,0,0,0,0,0,60,0,2,1,0,0,6,2,1,0,0,0,1,29,63376,6,7,0,0,3,1,72,230,0,0,0,0,0,0,0,0,0,0,58,0,0,0,3,3,60,1,1,9,1,0,0,15,10,7,3,2,98,1,0
29,290040,1,1,2,30,1,17,40,24,0,1,0,29,1,20,401,20401,14,1997,1GNDT13W0V22,1,G,N,D,T,1,3,W,0,V,2,2,0,P,CHEV,BZR,UT,97,17,4046,,0,1070,,G,,0,0,000000000,00000000000,0,0,0,1,0,0,0,0,0,0,0,45,0,1,5,1,0,6,2,1,0,0,0,1,29,64850,6,1,6,0,3,3,70,300,0,0,0,0,0,0,0,0,0,1,87,0,0,0,1,2,45,1,5,2,3,0,0,1,5,99,4,4,7,1,0
29,290041,1,2,2,30,1,18,10,12,6,1,0,92,0,22,19,22019,2,2009,1G2AL18H2972,1,G,2,A,L,1,8,H,2,9,7,2,0,P,PONT,G/5,CP,9,17,2752,,0,1035,,G,,0,0,000000000,00000000000,0,0,0,1,0,0,0,0,0,0,0,999,0,0,0,4,4,6,2,12,0,0,0,1,29,63390,6,1,0,0,3,3,72,158,0,0,0,1,0,4,2007,4,2007,0,28,33,58,92,1,2,55,1,5,2,1,0,0,6,54,7,4,2,64,1,0
29,290041,2,2,1,30,1,18,10,12,6,1,0,29,1,20,37,20037,4,2006,1G1ZT51876F2,1,G,1,Z,T,5,1,8,7,6,F,2,0,P,CHEV,MLT,4D,6,17,3316,,0,1063,,G,,0,0,000000000,00000000000,0,0,0,1,0,0,0,0,0,0,0,54,0,0,0,12,12,6,2,12,0,0,0,1,29,63390,6,1,0,0,3,0,72,185,0,0,0,0,0,0,0,0,0,0,0,0,0,0,1,2,55,1,6,2,1,0,0,1,62,2,1,1,65,0,0
29,290042,1,1,1,30,1,23,38,8,0,1,0,21,1,37,32,37032,4,2005,1HGCM665X5A0,1,H,G,C,M,6,6,5,X,5,A,0,0,P,HOND,UEX,4D,5,17,3384,,0,1079,,G,,0,0,000000000,00000000000,0,0,0,1,0,0,0,0,0,0,0,998,0,0,0,12,12,4,3,8,0,0,0,1,21,63123,6,1,0,0,3,0,70,205,0,0,0,0,1,3,2009,3,2009,0,0,0,0,0,3,4,55,1,1,2,1,0,0,15,80,1,1,1,13,0,0
29,290043,1,1,1,31,1,22,35,8,0,1,1,99,9,99,999,99999,99,9999,999999999999,9,9,9,9,9,9,9,9,9,9,9,9,9,U,,,,9,17,,,,,,,,0,99,999999999,99999999999,9,99,99,1,0,0,0,0,99,99,9,999,0,0,0,99,99,9,1,99,99,99,0,1,99,99999,9,9,99,9,9,9,999,999,99,99,99,99,99,99,9999,99,9999,9,99,99,99,99,1,2,45,1,1,2,1,0,0,99,80,99,9,1,13,0,0
29,290044,1,1,1,1,2,5,50,38,0,1,0,29,2,7,472,7472,30,2001,1B7GG22N01S2,1,B,7,G,G,2,2,N,0,1,S,2,0,T,DODG,DAK,PC,1,17,,1,0,1309,DAK,G,,0,0,000000000,00000000000,0,0,0,1,0,0,0,0,0,0,0,50,0,0,0,12,12,6,2,34,0,0,0,1,29,64494,6,1,6,0,3,0,72,200,0,0,0,0,0,0,0,0,0,1,0,0,0,0,1,2,50,1,3,4,1,0,0,1,12,99,9,4,7,1,1
29,290045,1,1,2,1,2,22,0,23,0,1,0,29,1,20,16,20016,4,2003,1G1JC52F0371,1,G,1,J,C,5,2,F,0,3,7,1,0,P,CHEV,CAV,4D,3,17,2971,,0,1041,,G,,0,0,000000000,00000000000,0,0,0,1,0,0,0,0,0,0,0,45,0,1,5,12,0,6,2,1,0,0,0,1,29,65360,6,1,0,0,3,0,64,150,0,0,0,0,0,0,0,0,0,1,87,0,0,0,1,2,45,1,5,2,3,0,0,1,5,99,2,4,2,1,1
29,290046,1,3,1,2,2,15,29,12,6,1,0,29,1,7,482,7482,31,2005,1D7HU16D65J5,1,D,7,H,U,1,6,D,6,5,J,5,0,T,DODG,S15,PK,5,17,,2,1405,1205,RPC,G,,0,0,000000000,00000000000,0,0,0,1,0,0,0,0,0,0,0,998,0,0,0,12,12,8,8,12,0,0,0,1,29,65301,6,1,0,0,3,0,68,170,0,0,0,0,0,0,0,0,0,0,39,0,0,0,1,2,25,1,1,2,1,20,3,1,17,99,1,1,86,0,0
29,290046,2,3,2,2,2,15,29,12,6,1,0,29,1,12,442,12442,20,1999,2FMDA5148XBA,2,F,M,D,A,5,1,4,8,X,B,A,0,T,FORD,WLX,ES,99,17,,1,0,1207,WIN,G,,0,0,000000000,00000000000,0,0,0,1,0,0,0,0,0,0,0,998,0,0,0,5,12,6,2,12,0,0,0,1,29,65301,6,1,0,0,3,0,69,180,0,0,0,0,0,0,0,0,0,1,0,0,0,0,1,2,25,1,1,2,1,0,0,1,66,1,1,1,87,0,0
29,290046,3,3,2,2,2,15,29,12,6,1,0,29,1,12,37,12037,4,2001,1FAFP33P81W1,1,F,A,F,P,3,3,P,8,1,W,1,0,P,FORD,FOX,4D,1,17,2563,,0,1030,,G,,0,0,000000000,00000000000,0,0,0,1,0,0,0,0,0,0,0,998,0,0,0,8,8,6,2,12,0,0,0,1,29,65301,6,1,0,0,3,3,66,210,0,0,0,0,0,0,0,0,0,0,0,0,0,0,1,2,25,1,1,2,1,0,0,1,62,99,1,1,98,1,0
29,290047,1,2,3,2,2,18,7,12,6,1,0,29,1,12,481,12481,31,1991,1FTHF25H6MNA,1,F,T,H,F,2,5,H,6,M,N,A,0,T,FORD,F25,PK,91,17,,2,0,1330,COF,G,,0,0,000000000,00000000000,0,0,0,1,0,0,0,0,0,0,0,50,0,0,0,12,12,6,2,12,0,0,0,1,29,63366,6,1,0,0,3,0,75,300,0,2,0,0,0,12,2007,12,2007,0,0,0,0,0,5,4,50,1,2,1,1,1,3,1,62,1,1,1,69,0,0
29,290047,2,2,1,2,2,18,7,12,6,1,0,92,0,22,16,22016,2,1991,1G2JB14T4M75,1,G,2,J,B,1,4,T,4,M,7,5,0,P,PONT,SLE,CP,91,17,2402,,0,1012,,G,,0,0,000000000,00000000000,0,0,0,1,0,0,0,0,0,0,0,998,0,0,0,2,2,6,2,12,0,0,0,1,29,63366,1,1,0,0,2,0,63,130,0,0,0,0,0,0,0,0,0,0,38,0,0,0,2,2,50,1,2,1,1,1,3,11,15,1,1,1,68,1,1
29,290048,1,1,1,3,2,14,18,34,0,1,0,29,1,37,32,37032,4,1997,1HGCE6648VA0,1,H,G,C,E,6,6,4,8,V,A,0,0,P,HOND,ULX,4D,97,17,3118,,0,1069,,G,,0,0,000000000,00000000000,0,0,0,1,0,0,0,0,0,0,0,80,0,1,5,14,0,6,2,1,0,0,0,1,29,65807,6,1,0,0,3,3,71,230,0,0,0,0,1,12,2009,12,2009,1,0,0,0,0,1,2,45,1,5,2,1,0,0,1,12,99,1,4,6,1,0
29,290049,1,2,1,4,2,1,38,12,6,1,0,29,1,54,421,54421,15,2008,2HNYD28288H5,2,H,N,Y,D,2,8,2,8,8,H,5,0,P,ACUR,MDX,UT,8,17,4548,,0,1083,,G,,0,0,000000000,00000000000,0,0,0,1,0,0,0,0,0,0,0,60,0,0,0,12,12,6,2,12,0,0,0,1,29,63026,6,1,0,0,3,3,66,135,0,0,0,0,0,0,0,0,0,0,38,0,0,0,6,1,60,1,9,2,1,21,3,10,16,1,1,7,78,1,1
29,290049,2,2,1,4,2,1,38,12,6,1,0,29,3,23,881,23881,63,2004,1GDT8C4364F5,1,G,D,T,8,C,4,3,6,4,F,5,0,T,GMC,8C4,CB,4,17,,8,3080,1520,C85,D,,0,57,393179,57393179,3,2,4,1,0,0,0,0,0,0,0,45,0,1,1,83,83,6,2,12,0,0,0,1,29,63379,6,1,6,0,3,0,72,215,0,0,0,1,0,6,2008,6,2008,0,0,0,0,0,3,4,45,1,1,2,1,3,3,1,65,6,1,1,79,0,0
29,290050,1,1,1,4,2,2,5,33,0,1,0,29,2,12,13,12013,4,2002,3FAFP13P72R2,3,F,A,F,P,1,3,P,7,2,R,2,0,P,FORD,ESC,4D,2,17,2468,,0,984,,G,,0,0,000000000,00000000000,0,0,0,1,0,0,0,0,0,0,0,60,0,1,5,12,0,6,2,1,0,0,0,1,29,63107,6,1,0,0,3,0,65,140,0,0,0,0,0,0,0,0,0,1,0,0,0,0,1,6,35,3,2,2,1,0,0,14,6,99,1,4,1,1,1
29,290052,1,2,1,5,2,5,45,12,6,1,0,29,1,20,20,20020,4,1997,2G1WL52M3V91,2,G,1,W,L,5,2,M,3,V,9,1,0,P,CHEV,L/S,4D,97,17,3360,,0,1075,,G,,0,0,000000000,00000000000,0,0,0,1,0,0,0,0,0,0,0,0,0,0,0,9,9,6,2,12,0,0,0,1,29,64489,6,1,3,0,2,0,75,190,2,0,0,0,0,2,2007,4,2007,0,54,0,0,0,1,2,60,1,2,2,3,0,0,7,98,1,1,1,66,1,0
29,290052,2,2,1,5,2,5,45,12,6,1,0,29,1,18,3,18003,4,2001,1G4CW54K5141,1,G,4,C,W,5,4,K,5,1,4,1,0,P,BUIC,PKA,4D,1,17,3778,,0,1138,,G,,0,0,000000000,00000000000,0,0,0,1,0,0,0,0,0,0,0,40,0,0,0,12,12,6,2,12,0,0,0,1,29,64424,6,1,0,0,3,0,67,175,0,0,0,0,0,0,0,0,0,0,0,0,0,0,1,2,60,1,2,2,3,0,0,1,50,1,1,1,66,0,0
29,290053,1,1,1,5,2,20,25,34,0,1,0,29,1,12,481,12481,31,2006,1FTRF12226NA,1,F,T,R,F,1,2,2,2,6,N,A,0,T,FORD,F15,PK,6,17,,2,1450,1260,COF,G,,0,0,000000000,00000000000,0,0,0,1,0,0,0,0,0,0,0,55,0,0,0,12,11,6,2,42,0,0,0,1,29,64865,6,1,0,0,3,0,68,140,0,0,0,0,0,0,0,0,0,1,0,0,0,0,1,2,55,1,2,2,2,0,0,1,6,99,2,4,2,1,0
29,290055,1,1,1,7,2,3,50,25,0,1,0,29,2,12,481,12481,31,1995,1FTHF26G1SNB,1,F,T,H,F,2,6,G,1,S,N,B,0,T,FORD,F25,PK,95,17,,2,0,1330,COF,G,,0,0,000000000,00000000000,0,0,0,1,0,0,0,0,0,0,0,55,0,1,3,12,0,6,2,1,0,0,0,1,29,64052,6,7,0,0,3,2,71,170,0,0,0,0,0,0,0,0,0,0,58,73,0,0,3,4,55,1,1,2,1,0,0,1,13,6,4,4,7,1,1
29,290056,1,2,1,8,2,13,58,12,6,1,0,29,1,52,401,52401,14,2000,JA4MT31H1YP0,J,A,4,M,T,3,1,H,1,Y,P,0,0,P,MITS,MNS,UT,0,17,4075,,0,1073,,G,,0,0,000000000,00000000000,0,0,0,1,0,0,0,0,0,0,0,45,0,0,0,12,12,6,2,12,0,0,0,1,29,64157,6,1,0,0,3,0,74,190,0,0,0,0,0,0,0,0,0,1,28,87,0,0,2,2,65,1,1,2,4,0,0,1,6,1,1,7,64,0,0
29,290056,2,2,2,8,2,13,58,12,6,1,0,29,1,18,5,18005,2,1997,1G4GD2210V47,1,G,4,G,D,2,2,1,0,V,4,7,0,P,BUIC,RIV,CP,97,17,3720,,0,1138,,G,,0,0,000000000,00000000000,0,0,0,1,0,0,0,0,0,0,0,50,0,0,0,11,11,6,2,12,0,0,0,1,29,64151,6,1,0,0,3,0,72,225,0,0,0,0,0,0,0,0,0,0,0,0,0,0,2,2,65,1,1,2,98,0,0,1,62,99,1,1,65,1,0
29,290057,1,1,2,8,2,20,0,57,0,1,0,29,1,7,482,7482,31,1996,1B7HF16Z0TS5,1,B,7,H,F,1,6,Z,0,T,S,5,0,T,DODG,150,PK,96,17,,2,1347,1187,RPC,G,,0,0,000000000,00000000000,0,0,0,1,0,0,0,0,0,0,0,60,0,1,3,7,0,6,2,1,0,0,0,1,29,65712,6,1,0,0,3,0,69,155,1,0,0,0,0,4,2007,4,2007,1,0,0,0,0,3,2,70,1,1,2,4,0,0,1,6,99,4,4,7,1,0
29,290059,1,2,1,9,2,0,26,12,6,1,0,93,3,86,881,86881,66,2010,1M1AW07Y5AN0,1,M,1,A,W,0,7,Y,5,A,N,0,1,T,MACK,CXU,DS,10,17,,8,0,0,600,D,,1,57,1147353,571147353,3,6,2,1,0,0,0,0,0,0,0,998,0,0,0,12,12,6,2,12,0,0,0,1,29,63601,6,1,6,2,3,3,68,140,0,0,0,0,0,0,0,0,0,0,0,0,0,0,3,4,65,1,2,1,3,0,0,1,61,8,1,4,48,0,0
29,290059,2,2,1,9,2,0,26,12,6,1,0,29,1,22,2,22002,4,1996,1G2HZ52K1TH2,1,G,2,H,Z,5,2,K,1,T,H,2,0,P,PONT,BSE,4D,96,17,3492,,0,1108,,G,,0,0,000000000,00000000000,0,0,0,1,0,0,0,0,0,0,0,998,0,0,0,9,9,6,2,12,0,0,0,1,29,63010,6,1,0,0,3,0,67,180,0,0,0,0,0,0,0,0,0,1,87,0,0,0,3,4,65,1,2,1,3,0,0,2,5,99,2,4,48,1,0
29,290060,1,2,1,9,2,7,45,12,6,1,0,29,1,12,13,12013,3,1991,1FAPP10J0MW1,1,F,A,P,P,1,0,J,0,M,W,1,0,P,FORD,EPL,2H,91,17,2287,,0,984,,G,,0,0,000000000,00000000000,0,0,0,1,0,0,0,0,0,0,0,55,0,0,0,12,12,6,2,12,0,0,0,1,29,65779,6,1,0,0,3,3,68,185,0,1,0,0,1,8,2007,10,2007,0,0,0,0,0,1,2,55,1,1,2,1,0,0,1,62,4,2,1,65,1,0
29,290060,2,2,1,9,2,7,45,12,6,1,0,29,1,7,482,7482,31,2008,1D7HU18248S5,1,D,7,H,U,1,8,2,4,8,S,5,0,T,DODG,SQ1,CW,8,17,,2,1605,1405,RPC,G,,0,0,000000000,00000000000,0,0,0,1,0,0,0,0,0,0,0,55,0,0,0,3,3,6,2,12,0,0,0,1,29,65779,6,1,0,0,3,0,65,120,0,0,0,0,0,0,0,0,0,1,28,87,0,0,1,2,55,3,1,2,4,0,0,14,5,4,4,2,64,0,0
29,290061,1,2,1,9,2,7,55,12,6,1,0,5,1,12,13,12013,5,1993,3FAPP13J5PR1,3,F,A,P,P,1,3,J,5,P,R,1,0,P,FORD,LXE,4D,93,17,2364,,0,984,,G,,0,0,000000000,00000000000,0,0,0,1,0,0,0,0,0,0,0,65,0,0,0,9,9,6,2,12,0,0,0,1,5,72554,6,1,0,0,3,0,63,140,0,0,0,0,1,12,2008,12,2008,1,28,87,0,0,1,3,65,3,2,2,3,40,3,2,10,98,3,2,64,1,0
29,290061,2,2,1,9,2,7,55,12,6,1,0,93,3,98,809,98809,66,2009,2FWBA3CK19AA,2,F,W,B,A,3,C,K,1,9,A,A,2,T,STRG,A90,DS,9,17,,8,0,0,STE,D,,1,57,21800,5721800,3,7,1,1,0,0,0,0,0,0,0,49,7,0,0,12,12,6,2,12,0,0,0,1,47,38141,6,1,6,1,3,0,70,190,0,0,0,0,0,0,0,0,0,0,87,0,0,0,1,3,65,2,2,2,3,0,0,14,62,9,1,1,65,0,0
29,290062,1,1,2,9,2,15,9,35,0,1,0,92,0,19,17,19017,4,1999,W06VR54R0XR1,W,0,6,V,R,5,4,R,0,X,R,1,0,P,CADI,CTR,4D,99,17,3770,,0,1074,,G,,0,0,000000000,00000000000,0,0,0,1,0,0,0,0,0,0,0,65,0,1,5,12,0,6,2,1,0,0,0,1,20,66024,6,1,0,0,3,0,62,150,0,0,0,0,0,0,0,0,0,1,87,0,0,0,2,2,65,1,6,2,3,0,0,1,5,99,4,4,7,1,0
29,290063,1,2,1,10,2,4,40,12,2,1,0,29,2,12,17,12017,4,2006,1FAFP53U86A1,1,F,A,F,P,5,3,U,8,6,A,1,0,P,FORD,TSE,4D,6,17,3307,,0,1085,,G,,0,0,000000000,00000000000,0,0,0,1,0,0,0,0,0,0,0,50,0,0,0,12,12,6,2,12,0,0,0,1,29,65041,6,1,0,0,3,0,68,150,1,0,0,1,0,12,2007,12,2008,1,28,87,0,0,1,2,55,3,5,2,4,0,0,14,10,3,2,2,50,1,0
29,290063,2,2,1,10,2,4,40,12,2,1,0,29,3,12,401,12401,14,2005,1FMZU72KX5UB,1,F,M,Z,U,7,2,K,X,5,U,B,0,P,FORD,EPR,UT,5,17,4094,,0,1137,,F,,0,0,000000000,00000000000,0,0,0,1,0,0,0,0,0,0,0,45,0,0,0,12,12,6,2,12,0,0,0,1,29,63090,6,1,0,0,3,0,69,190,1,0,0,0,0,1,2010,1,2010,0,0,0,0,0,1,2,55,2,6,2,4,0,0,14,62,3,2,1,51,0,0
29,290064,1,1,1,11,2,0,30,7,0,1,0,29,1,12,481,12481,31,2008,1FTPW14V88FA,1,F,T,P,W,1,4,V,8,8,F,A,0,T,FORD,F1S,CW,8,17,,2,1500,1390,COF,F,,0,0,000000000,00000000000,0,0,0,1,0,0,0,0,0,0,0,62,0,1,5,0,12,6,2,1,0,0,0,1,29,63090,6,1,0,0,3,0,70,200,2,0,0,1,0,5,2008,2,2010,1,36,0,0,0,1,2,40,1,3,2,1,0,0,1,98,1,7,2,0,1,1
29,290065,1,1,1,12,2,22,4,42,0,1,0,5,1,12,3,12003,3,1991,1FACP41E0MF1,1,F,A,C,P,4,1,E,0,M,F,1,0,P,FORD,MLX,2H,91,17,2824,,0,1005,,G,,0,0,000000000,00000000000,0,0,0,1,0,0,0,0,0,0,0,85,0,1,5,12,12,6,2,42,0,0,0,1,5,65658,0,0,0,0,0,0,72,235,0,0,0,0,0,0,0,0,0,1,36,0,0,0,1,2,60,1,6,7,1,0,0,1,6,99,3,4,2,1,0
29,290066,1,1,1,14,2,2,25,34,0,1,0,31,1,23,431,23431,16,1999,3GKFK16R9XG5,3,G,K,F,K,1,6,R,9,X,G,5,0,T,GMC,KSU,4W,99,17,,2,0,1315,K15,G,,0,0,000000000,00000000000,0,0,0,1,0,0,0,0,0,0,0,60,0,0,0,14,12,6,2,42,0,0,0,1,31,68144,2,1,0,0,2,0,72,200,0,1,0,3,1,4,2008,11,2009,1,0,0,0,0,1,2,35,2,2,2,2,0,0,14,6,1,2,4,2,1,1
29,290067,1,1,4,14,2,20,20,8,0,1,0,29,2,20,401,20401,14,2000,1GNDT13W8Y21,1,G,N,D,T,1,3,W,8,Y,2,1,0,P,CHEV,BZR,UT,0,17,4049,,0,1070,,G,,0,0,000000000,00000000000,0,0,0,1,0,0,0,0,0,0,0,40,0,0,0,12,12,4,3,8,0,0,0,1,29,63367,6,2,0,0,3,3,64,120,2,0,0,0,0,1,2008,7,2009,1,0,0,0,0,1,2,55,2,2,2,3,0,0,14,6,8,2,1,13,0,1
29,290068,1,2,1,15,2,23,0,53,0,1,0,19,1,20,481,20481,31,2004,1GCEK14V04Z1,1,G,C,E,K,1,4,V,0,4,Z,1,0,T,CHEV,SK1,PK,4,17,,2,1330,1190,SIL,G,,0,0,000000000,00000000000,0,0,0,1,0,0,0,0,0,0,0,63,0,1,5,12,2,6,2,12,0,0,0,1,19,50210,6,1,0,0,3,0,74,220,0,0,0,1,0,2,2009,2,2009,1,58,0,0,0,1,2,55,1,2,2,1,0,0,1,6,6,1,4,1,1,1
29,290068,2,2,2,15,2,23,0,53,0,1,0,5,2,19,3,19003,4,2002,1G6KE57Y12U1,1,G,6,K,E,5,7,Y,1,2,U,1,0,P,CADI,DHS,4D,2,17,4049,,0,1153,,G,,0,0,000000000,00000000000,0,0,0,1,0,0,0,0,0,0,0,63,0,1,5,12,12,6,2,12,0,0,0,1,5,72730,6,1,0,0,3,0,71,165,0,0,0,0,0,0,0,0,0,0,0,0,0,0,1,5,55,1,2,2,1,0,0,1,62,99,1,4,98,0,0
29,290069,1,1,3,15,2,23,37,30,0,1,0,29,1,20,9,20009,2,1993,2G1FP22P5P21,2,G,1,F,P,2,2,P,5,P,2,1,0,P,CHEV,Z28,CP,93,17,3373,,0,1010,,G,,0,0,000000000,00000000000,0,0,0,1,0,0,0,0,0,0,0,998,0,0,0,7,9,6,2,42,0,0,0,1,29,65807,1,1,0,0,2,3,72,180,0,0,0,0,0,0,0,0,0,1,0,0,0,0,1,3,35,1,1,2,1,0,0,1,6,1,3,4,2,3,1
29,290070,1,1,4,16,2,4,50,42,0,1,0,29,1,12,481,12481,31,1990,1FTHF26H9LLA,1,F,T,H,F,2,6,H,9,L,L,A,0,T,FORD,F25,PK,90,17,,2,0,1330,COF,G,,0,0,000000000,00000000000,0,0,0,1,0,0,0,0,0,0,0,50,0,1,5,63,0,6,2,1,0,0,0,1,29,63630,6,1,0,0,3,0,71,170,0,0,0,0,1,10,2008,10,2008,1,0,0,0,0,1,2,40,2,1,7,1,0,0,14,6,1,2,4,7,1,1
29,290071,1,1,1,16,2,9,23,1,0,1,0,29,1,73,703,73703,80,2009,JKAEXMJ109DA,J,K,A,E,X,M,J,1,0,9,D,A,0,M,KAWK,E2J,RC,9,17,,,,,,,249,0,0,000000000,00000000000,0,0,0,1,0,0,0,0,0,0,0,70,0,0,0,0,0,6,2,1,0,0,0,1,29,64015,6,1,0,0,3,0,66,150,1,0,0,0,0,1,2009,1,2009,1,35,0,0,0,6,1,65,2,1,2,1,0,0,14,6,4,2,4,2,1,0
29,290072,1,3,2,16,2,18,46,12,6,1,0,29,2,12,3,12003,2,2001,1FAFP40401F1,1,F,A,F,P,4,0,4,0,1,F,1,0,P,FORD,MUS,CP,1,17,3066,,0,1013,,G,,0,0,000000000,00000000000,0,0,0,1,0,0,0,0,0,0,0,999,0,0,0,1,1,6,2,12,0,0,0,1,29,64804,2,1,0,0,2,0,70,190,0,3,0,0,0,7,2007,6,2008,1,37,38,0,0,1,2,45,1,1,2,1,20,3,1,17,1,1,2,90,1,0
29,290072,2,3,4,16,2,18,46,12,6,1,0,29,2,7,482,7482,31,1998,3B7HF13Z7WG1,3,B,7,H,F,1,3,Z,7,W,G,1,0,T,DODG,Q15,4C,98,17,,2,1547,1387,RPC,G,,0,0,000000000,00000000000,0,0,0,1,0,0,0,0,0,0,0,999,0,0,0,12,12,6,2,12,0,0,0,1,20,66770,6,1,0,0,3,0,72,230,0,0,0,0,0,0,0,0,0,0,0,0,0,0,2,2,60,1,1,2,1,0,0,1,66,99,1,1,90,0,0
29,290072,3,3,2,16,2,18,46,12,6,1,0,29,1,49,403,49403,14,2001,JTEHF21A3100,J,T,E,H,F,2,1,A,3,1,0,0,0,P,TOYT,HIG,UT,1,17,3880,,0,1069,,G,,0,0,000000000,00000000000,0,0,0,1,0,0,0,0,0,0,0,0,0,0,0,12,12,2,1,12,0,0,0,1,29,64801,6,1,0,0,3,0,67,150,0,0,0,0,0,0,0,0,0,0,0,0,0,0,1,2,45,1,1,2,1,20,3,5,66,1,1,1,98,0,0
29,290074,1,2,2,19,2,18,20,12,6,1,0,29,1,23,471,23471,30,2000,1GTCS19W1Y81,1,G,T,C,S,1,9,W,1,Y,8,1,0,T,GMC,SON,PC,0,17,,1,0,1229,SON,G,,0,0,000000000,00000000000,0,0,0,1,0,0,0,0,0,0,0,10,0,0,0,9,9,6,2,12,0,0,0,1,29,65334,6,1,0,0,3,3,69,230,0,0,0,0,0,0,0,0,0,0,38,0,0,0,1,2,50,1,2,4,2,20,3,1,17,1,1,2,89,1,0