STATE,ST_CASE,VEH_NO,VE_FORMS,NUMOCCS,DAY,MONTH,HOUR,MINUTE,HARM_EV,MAN_COLL,UNITTYPE,HIT_RUN,REG_STAT,OWNER,MAKE,MODEL,MAK_MOD,BODY_TYP,MOD_YEAR,VIN,VIN_1,VIN_2,VIN_3,VIN_4,VIN_5,VIN_6,VIN_7,VIN_8,VIN_9,VIN_10,VIN_11,VIN_12,TOW_VEH,VINTYPE,VINMAKE,VINA_MOD,VIN_BT,VINMODYR,VIN_LNGT,VIN_WGT,WGTCD_TR,WHLBS_LG,WHLBS_SH,SER_TR,FUELCODE,MCYCL_DS,J_KNIFE,MCARR_I1,MCARR_I2,MCARR_ID,GVWR,V_CONFIG,CARGO_BT,HAZ_INV,HAZ_PLAC,HAZ_ID,HAZ_CNO,HAZ_REL,BUS_USE,SPEC_USE,EMER_USE,TRAV_SP,UNDERIDE,ROLLOVER,ROLINLOC,IMPACT1,IMPACT2,DEFORMED,TOWED,M_HARM,VEH_SC1,VEH_SC2,FIRE_EXP,DR_PRES,L_STATE,DR_ZIP,L_STATUS,L_TYPE,CDL_STAT,L_ENDORS,L_COMPL,L_RESTRI,DR_HGT,DR_WGT,PREV_ACC,PREV_SUS,PREV_DWI,PREV_SPD,PREV_OTH,FIRST_MO,FIRST_YR,LAST_MO,LAST_YR,SPEEDREL,DR_SF1,DR_SF2,DR_SF3,DR_SF4,VTRAFWAY,VNUM_LAN,VSPD_LIM,VALIGN,VPROFILE,VPAVETYP,VSURCOND,VTRAFCON,VTCONT_F,P_CRASH1,P_CRASH2,P_CRASH3,PCRASH4,PCRASH5,ACC_TYPE,DEATHS,DR_DRINK
29,290074,2,2,4,19,2,18,20,12,6,1,0,29,1,48,401,48401,14,1999,JF1SF6358XG7,J,F,1,S,F,6,3,5,8,X,G,7,0,P,SUBA,FOR,UT,99,17,3125,,0,994,,G,,0,0,000000000,00000000000,0,0,0,1,0,0,0,0,0,0,0,60,0,0,0,12,12,6,2,12,0,0,0,1,29,65203,6,1,0,0,3,3,74,300,1,0,0,0,0,7,2007,7,2007,0,0,0,0,0,2,2,65,1,1,2,2,0,0,1,66,6,1,2,88,0,0
29,290075,1,2,2,18,2,12,11,12,6,1,0,29,1,55,401,55401,14,2003,KM8SC73D93U3,K,M,8,S,C,7,3,D,9,3,U,3,0,P,HYUN,SAN,UT,3,17,3720,,0,1031,,G,,0,0,000000000,00000000000,0,0,0,1,0,0,0,0,0,0,0,60,0,0,0,10,10,6,2,12,0,0,0,1,29,64055,6,1,0,0,3,3,68,180,0,0,0,0,0,0,0,0,0,1,0,0,0,0,1,4,35,2,1,2,1,0,0,14,6,1,2,2,64,1,0
29,290075,2,2,1,18,2,12,11,12,6,1,0,48,4,12,37,12037,4,2009,1FAHP35N09W2,1,F,A,H,P,3,5,N,0,9,W,2,0,P,FORD,FSE,4D,9,17,2623,,0,1029,,G,,0,0,000000000,00000000000,0,0,0,1,0,0,0,0,0,0,0,35,0,0,0,12,12,6,2,12,0,0,0,1,29,64015,6,1,0,0,3,3,70,190,0,1,0,1,0,8,2007,12,2008,0,0,0,0,0,1,4,35,3,1,2,1,0,0,14,62,7,1,1,65,0,0
29,290076,1,1,1,20,2,2,45,30,0,1,0,29,2,12,481,12481,31,1989,1FTDF15Y9KLB,1,F,T,D,F,1,5,Y,9,K,L,B,0,T,FORD,F15,PK,89,17,,1,1330,1170,COF,G,,0,0,000000000,00000000000,0,0,0,1,0,0,0,0,0,0,0,55,0,1,5,12,12,6,2,1,0,0,0,1,29,63376,6,1,0,0,3,0,73,200,0,0,0,0,0,0,0,0,0,0,0,0,0,0,1,2,55,1,1,2,2,0,0,1,13,1,1,4,1,1,1
29,290077,1,1,1,20,2,5,18,58,0,1,0,29,2,20,441,20441,20,1994,1GBDM19W5RB2,1,G,B,D,M,1,9,W,5,R,B,2,0,T,CHEV,AST,IE,94,17,,1,0,1110,AST,G,,0,0,000000000,00000000000,0,0,0,1,0,0,0,0,0,0,0,55,0,0,0,14,12,6,2,18,0,0,0,1,29,65804,6,1,0,0,3,0,68,200,0,0,0,0,0,0,0,0,0,0,0,0,0,0,2,2,60,1,2,1,1,98,3,1,12,1,1,4,6,1,1
29,290078,1,3,1,20,2,20,0,12,8,1,0,29,1,41,46,41046,2,1993,JM1EC4310P02,J,M,1,E,C,4,3,1,0,P,0,2,0,P,MAZD,MX3,CP,93,17,2332,,0,963,,G,,0,0,000000000,00000000000,0,0,0,1,0,0,0,0,0,0,0,55,0,0,0,11,3,6,2,12,0,0,0,1,29,64770,6,1,0,0,3,0,69,180,1,1,1,0,0,4,2007,10,2007,0,28,0,0,0,1,2,55,1,6,2,2,0,0,1,10,1,1,2,64,1,1
29,290078,2,3,2,20,2,20,0,12,8,1,0,29,1,7,41,7041,4,1994,2B3ED56T8RH2,2,B,3,E,D,5,6,T,8,R,H,2,0,P,DODG,IES,4D,94,17,3280,,0,1130,,G,,0,0,000000000,00000000000,0,0,0,1,0,0,0,0,0,0,0,88,0,0,0,11,11,6,2,12,0,0,0,1,29,64730,6,1,0,0,3,0,62,230,0,0,0,0,0,0,0,0,0,0,0,0,0,0,1,2,55,1,5,2,2,0,0,1,62,1,1,1,65,0,0
29,290078,3,3,2,20,2,20,0,12,8,1,0,29,1,12,481,12481,31,2008,1FTPW14V08FC,1,F,T,P,W,1,4,V,0,8,F,C,0,T,FORD,F1S,CW,8,17,,2,1500,1390,COF,F,,0,0,000000000,00000000000,0,0,0,1,0,0,0,0,0,0,0,55,0,1,1,12,12,6,2,12,0,0,0,1,29,64735,6,1,0,0,3,0,70,200,0,0,0,0,0,0,0,0,0,0,0,0,0,0,1,2,55,1,5,2,2,0,0,1,62,1,1,1,98,0,0
29,290079,1,1,1,20,2,22,39,35,0,1,0,29,1,12,481,12481,31,2003,1FTRF18L03NB,1,F,T,R,F,1,8,L,0,3,N,B,0,T,FORD,F15,PK,3,17,,2,1388,1202,COF,G,,0,0,000000000,00000000000,0,0,0,1,0,0,0,0,0,0,0,45,0,1,5,12,0,6,2,1,0,0,0,1,29,63648,6,1,0,0,3,3,67,270,0,0,0,0,0,0,0,0,0,1,0,0,0,0,1,2,30,3,2,1,1,0,0,14,6,1,1,4,1,1,0
29,290080,1,3,1,21,2,3,1,12,2,1,0,29,1,21,21,21021,4,2001,1G3NL52E11C1,1,G,3,N,L,5,2,E,1,1,C,1,0,P,OLDS,A/G,4D,1,17,3022,,0,1070,,G,,0,0,000000000,00000000000,0,0,0,1,0,0,0,0,0,0,0,85,0,0,0,12,12,6,2,12,0,0,0,1,29,63882,0,0,0,0,0,0,64,110,0,0,0,0,0,0,0,0,0,1,51,0,0,0,2,2,70,1,1,2,1,0,0,1,54,1,1,1,52,1,0
29,290080,2,3,5,21,2,3,1,12,2,1,0,5,2,23,421,23421,15,1997,1GKEK13R6VJ7,1,G,K,E,K,1,3,R,6,V,J,7,0,T,GMC,YUK,4W,97,17,,2,0,1175,YUK,G,,0,0,000000000,00000000000,0,0,0,1,0,0,0,0,0,0,0,70,0,0,0,12,12,6,2,12,0,0,0,1,5,72315,6,1,0,0,3,0,60,120,0,0,0,0,1,12,2009,12,2009,0,0,0,0,0,2,2,70,1,1,2,1,0,0,1,54,1,1,1,52,0,1
29,290080,3,3,1,21,2,3,1,12,2,1,0,29,1,7,25,7025,5,2007,1B3HB28B57D3,1,B,3,H,B,2,8,B,5,7,D,3,0,P,DODG,CLB,4D,7,17,3000,,0,1037,,G,,0,0,000000000,00000000000,0,0,0,1,0,0,0,0,0,0,0,70,0,0,0,18,18,2,1,54,0,0,0,1,29,63135,6,1,6,0,3,3,72,210,0,0,0,1,0,10,2007,10,2007,0,0,0,0,0,2,2,70,1,1,2,1,0,0,1,54,6,1,2,98,0,0
29,290081,1,1,3,24,2,0,4,43,0,1,1,29,2,37,32,37032,4,1991,1HGCB7657MA1,1,H,G,C,B,7,6,5,7,M,A,1,0,P,HOND,ALE,4D,91,17,2504,,0,1071,,G,,0,0,000000000,00000000000,0,0,0,1,0,0,0,0,0,0,0,998,0,0,0,12,12,6,2,43,0,0,0,1,99,99999,9,9,99,0,9,9,999,999,99,99,99,99,99,99,9999,99,9999,0,0,0,0,0,1,2,25,1,1,2,1,20,3,1,14,1,1,5,14,1,0
29,290082,1,4,1,26,2,14,8,12,6,1,0,93,3,51,881,51881,66,2007,4V4NC9GHX7N4,4,V,4,N,C,9,G,H,X,7,N,4,1,T,VOLV,VNL,DS,7,17,,8,0,0,VVN,D,,1,57,201875,57201875,3,6,1,1,0,0,0,0,0,0,0,40,0,0,0,12,12,6,2,12,0,0,0,1,12,32822,6,1,6,0,3,0,71,999,0,0,0,0,1,12,2007,12,2007,0,0,0,0,0,3,2,40,1,2,1,1,3,3,1,66,7,1,1,86,0,0
29,290082,2,4,2,26,2,14,8,12,6,1,0,29,1,7,482,7482,31,2002,3B7MF33C32M2,3,B,7,M,F,3,3,C,3,2,M,2,0,T,DODG,Q35,4C,2,17,,3,0,1547,RPC,D,,0,0,000000000,00000000000,0,0,0,1,0,0,0,0,0,0,0,25,0,1,1,2,14,6,2,12,0,0,0,1,29,65646,6,1,0,0,3,0,70,250,0,0,0,0,0,0,0,0,0,0,39,0,0,0,1,2,35,1,1,1,1,3,3,1,17,1,1,1,87,1,0
29,290082,3,4,2,26,2,14,8,12,6,1,0,29,2,20,421,20421,15,1997,1GNEC13R2VJ3,1,G,N,E,C,1,3,R,2,V,J,3,0,P,CHEV,CTA,UT,97,17,4816,,0,1175,,G,,0,0,000000000,00000000000,0,0,0,1,0,0,0,0,0,0,0,0,0,0,0,8,8,2,1,12,0,0,0,1,29,65650,6,1,0,0,3,3,72,180,1,0,0,0,0,1,2010,1,2010,0,0,0,0,0,1,2,35,1,1,1,1,21,3,5,66,1,1,1,98,0,0
29,290082,4,4,2,26,2,14,8,12,6,1,0,29,1,52,401,52401,14,1998,JA4MT41P8WP0,J,A,4,M,T,4,1,P,8,W,P,0,0,P,MITS,MNS,UT,98,17,4110,,0,1073,,G,,0,0,000000000,00000000000,0,0,0,1,0,0,0,0,0,0,0,0,0,0,0,12,12,2,1,12,0,0,0,1,29,65802,0,0,0,0,0,0,67,270,0,0,0,0,0,0,0,0,0,0,0,0,0,0,1,2,35,1,1,1,1,3,3,5,66,1,1,1,98,0,0
29,290083,1,1,2,27,2,1,39,5,0,1,0,29,2,49,421,49421,15,2003,JTEHT05J3320,J,T,E,H,T,0,5,J,3,3,2,0,0,P,TOYT,LCW,UT,3,17,5390,,0,1122,,G,,0,0,000000000,00000000000,0,0,0,1,0,0,0,0,0,0,0,40,0,0,0,0,0,0,3,5,0,0,0,1,29,63010,6,1,0,0,3,0,68,150,0,0,0,0,0,0,0,0,0,1,0,0,0,0,1,2,30,1,2,2,1,0,0,1,98,1,1,1,0,1,1
29,290084,1,2,2,27,2,4,24,12,7,1,0,29,2,12,402,12402,14,2007,1FMYU03137KB,1,F,M,Y,U,0,3,1,3,7,K,B,0,P,FORD,SPE,UT,7,17,3156,,0,1031,,G,,0,0,000000000,00000000000,0,0,0,1,0,0,0,0,0,0,0,99,0,1,5,11,0,6,2,1,0,0,0,1,29,65202,6,1,0,0,3,0,70,175,0,0,0,0,0,0,0,0,0,1,28,0,0,0,2,2,70,1,1,2,1,0,0,15,10,1,1,2,46,1,1
29,290084,2,2,2,27,2,4,24,12,7,1,1,29,1,12,4,12004,2,1997,1FALP62W2VH1,1,F,A,L,P,6,2,W,2,V,H,1,0,P,FORD,THL,2D,97,17,3561,,0,1130,,G,,0,0,000000000,00000000000,0,0,0,1,0,0,0,0,0,0,0,96,0,0,0,2,2,4,1,12,0,0,0,1,29,65202,6,1,0,0,3,0,67,230,0,0,0,0,0,0,0,0,0,1,0,0,0,0,2,2,70,1,1,2,1,0,0,6,60,1,1,1,45,0,0
29,290085,1,2,1,27,2,12,4,12,6,1,0,29,2,22,2,22002,4,1998,1G2HX52K7WH2,1,G,2,H,X,5,2,K,7,W,H,2,0,P,PONT,BVS,4D,98,17,3487,,0,1108,,G,,0,0,000000000,00000000000,0,0,0,1,0,0,0,0,0,0,0,55,0,0,0,2,2,6,2,12,0,0,0,1,29,63964,6,1,0,0,3,0,69,160,0,0,0,0,0,0,0,0,0,0,28,58,0,0,1,2,55,3,2,2,1,0,0,14,10,7,1,2,64,1,0
29,290085,2,2,1,27,2,12,4,12,6,1,0,17,3,20,481,20481,31,2006,1GBHK39U06E2,1,G,B,H,K,3,9,U,0,6,E,2,0,T,CHEV,SK3,4B,6,17,,2,0,1615,SIL,G,,0,0,000000000,00000000000,0,0,0,1,0,0,0,0,0,0,0,55,0,0,0,12,12,6,2,12,0,0,0,1,29,63028,6,1,6,0,3,0,73,215,0,0,0,0,0,0,0,0,0,0,0,0,0,0,1,2,55,2,2,2,1,0,0,14,62,9,1,1,65,0,0
29,290086,1,1,1,27,2,12,30,35,0,1,0,29,1,20,481,20481,31,2010,1GCPKPEX4AZ1,1,G,C,P,K,P,E,X,4,A,Z,1,0,T,CHEV,SK1,PK,10,17,,2,1330,1190,SIL,G,,0,0,000000000,00000000000,0,0,0,1,0,0,0,0,0,0,0,60,0,0,0,12,12,6,2,35,0,0,0,1,29,63336,6,1,0,0,3,3,72,230,0,0,0,0,0,0,0,0,0,0,0,0,0,0,1,2,60,1,2,2,1,0,0,1,12,1,1,4,6,1,0
29,290087,1,1,1,28,2,6,20,1,0,1,0,29,2,20,471,20471,30,2003,1GCCS14H8381,1,G,C,C,S,1,4,H,8,3,8,1,0,T,CHEV,S14,PK,3,17,,1,0,1083,S,G,,0,0,000000000,00000000000,0,0,0,1,0,0,0,0,0,0,0,70,0,2,5,0,0,6,2,1,0,0,0,1,29,63385,6,1,0,0,3,3,60,105,1,0,0,0,0,10,2007,10,2007,1,58,0,0,0,1,4,60,2,2,1,1,0,0,14,6,6,4,4,7,1,1
29,290088,1,1,1,3,3,7,45,58,0,1,0,29,3,20,881,20881,61,2007,1GBE5C3927F4,1,G,B,E,5,C,3,9,2,7,F,4,0,T,CHEV,C5C,CB,7,17,,5,1940,1520,C55,D,,0,57,89376,5789376,2,1,96,1,0,0,0,0,0,0,0,55,0,1,5,14,0,6,2,1,0,0,0,1,29,65350,6,1,6,0,3,0,72,185,0,0,0,0,0,0,0,0,0,0,58,0,0,0,1,2,55,1,1,2,1,0,0,1,12,7,1,4,6,1,0
29,290089,1,1,4,3,3,20,30,57,0,1,0,29,1,37,32,37032,4,1992,1HGCB7673NA0,1,H,G,C,B,7,6,7,3,N,A,0,0,P,HOND,AEX,4D,92,17,2987,,0,1071,,G,,0,0,000000000,00000000000,0,0,0,1,0,0,0,0,0,0,0,78,0,1,3,12,0,6,2,1,0,0,0,1,29,63051,6,1,0,0,3,0,62,165,0,0,0,0,0,0,0,0,0,0,91,0,0,0,3,2,70,1,2,1,1,0,0,1,12,6,4,4,7,1,1
29,290090,1,2,1,4,3,18,50,12,6,1,0,29,1,9,20,9020,4,1998,1P3ES47Y0WD6,1,P,3,E,S,4,7,Y,0,W,D,6,0,P,PLYM,NHE,4P,98,17,2537,,0,1040,,G,,0,0,000000000,00000000000,0,0,0,1,0,0,0,0,0,0,0,999,0,0,0,9,9,6,2,12,0,0,0,1,29,64085,6,1,0,0,3,3,64,120,1,0,0,0,0,11,2008,11,2008,0,38,0,0,0,1,2,98,1,1,1,1,0,0,1,17,1,1,1,89,1,0
29,290090,2,2,1,4,3,18,50,12,6,1,0,29,3,85,881,85881,66,2006,1XKDDB9X06J1,1,X,K,D,D,B,9,X,0,6,J,1,1,T,KW,T80,DS,6,17,,8,2600,1600,CON,D,,1,57,339802,57339802,3,6,2,2,2,1203,3,1,0,0,0,55,0,0,0,12,12,4,1,12,0,0,0,1,29,64701,6,1,6,3,3,3,72,200,1,0,0,0,0,9,2008,9,2008,0,0,0,0,0,2,2,65,1,5,2,1,0,0,1,71,4,1,1,88,0,0
29,290091,1,1,1,4,3,22,12,8,0,1,1,99,9,12,422,12422,15,9999,999999999999,9,9,9,9,9,9,9,9,9,9,9,9,0,U,,,,9,17,,,,,,,,0,0,000000000,00000000000,0,0,0,1,0,0,0,0,99,99,9,999,0,0,0,12,99,9,1,99,99,99,0,1,99,99999,9,9,99,9,9,9,999,999,99,99,99,99,99,99,9999,99,9999,0,99,99,99,99,1,4,30,1,1,1,1,0,0,1,80,1,1,1,13,0,0
29,290092,1,2,1,5,3,22,0,12,2,1,0,29,1,21,21,21021,4,2001,1G3NL52EX1C1,1,G,3,N,L,5,2,E,X,1,C,1,0,P,OLDS,A/G,4D,1,17,3022,,0,1070,,G,,0,0,000000000,00000000000,0,0,0,1,0,0,0,0,0,0,0,64,0,0,0,12,12,6,2,12,0,0,0,1,29,65438,6,2,0,0,3,2,68,155,0,0,0,0,0,0,0,0,0,1,51,73,0,0,1,2,55,1,1,2,1,0,0,1,54,6,1,2,51,0,0
29,290092,2,2,3,5,3,22,0,12,2,1,0,29,2,49,33,49033,3,1999,JT2DG02T3X00,J,T,2,D,G,0,2,T,3,X,0,0,0,P,TOYT,GGT,2L,99,17,2580,,0,999,,G,,0,0,000000000,00000000000,0,0,0,1,0,0,0,0,0,0,0,68,0,0,0,12,12,6,2,12,0,0,0,1,29,65606,6,2,0,0,3,2,65,125,1,0,0,0,0,3,2008,3,2008,1,51,73,0,0,1,2,55,1,1,2,1,0,0,1,54,99,1,2,50,1,0
29,290093,1,2,1,6,3,2,20,12,1,1,0,29,2,7,472,7472,30,2002,1B7HG38N52S5,1,B,7,H,G,3,8,N,5,2,S,5,0,T,DODG,DSQ,4C,2,17,,2,0,1309,DAK,G,,0,0,000000000,00000000000,0,0,0,1,0,0,0,0,0,0,0,25,0,1,1,6,6,6,2,12,0,0,0,1,29,65441,6,1,0,0,3,0,72,195,0,0,0,0,0,0,0,0,0,0,0,0,0,0,1,2,55,1,2,2,1,0,0,1,51,10,1,1,25,0,1
29,290093,2,2,1,6,3,2,20,12,1,1,0,29,1,12,13,12013,3,1995,1FASP11J2SW1,1,F,A,S,P,1,1,J,2,S,W,1,0,P,FORD,EST,2H,95,17,2355,,0,984,,G,,0,0,000000000,00000000000,0,0,0,1,0,0,0,0,0,0,0,70,0,0,0,12,12,6,2,12,0,0,0,1,29,63071,6,1,0,0,3,0,65,130,0,0,0,0,0,0,0,0,0,1,0,0,0,0,1,2,55,1,2,2,1,0,0,1,6,3,2,1,24,1,1
29,290094,1,1,2,6,3,2,45,34,0,1,0,92,0,12,401,12401,14,1996,1FMDU35P9TUC,1,F,M,D,U,3,5,P,9,T,U,C,0,P,FORD,EPR,UT,96,17,0,,0,1115,,G,,0,0,000000000,00000000000,0,0,0,1,0,0,0,0,0,0,0,65,0,1,5,12,0,6,2,1,0,0,0,1,29,63834,2,1,0,0,2,0,76,228,0,2,0,0,0,5,2008,5,2008,1,58,0,0,0,1,2,55,3,2,2,1,0,0,14,6,6,1,4,6,1,1
29,290095,1,1,1,6,3,19,45,32,0,1,0,29,1,7,472,7472,30,1995,1B7GL23X4SW9,1,B,7,G,L,2,3,X,4,S,W,9,0,T,DODG,DAK,PC,95,17,,1,0,1309,DAK,G,,0,0,000000000,00000000000,0,0,0,1,0,0,0,0,0,0,0,60,0,0,0,14,9,6,2,42,0,0,0,1,29,65662,6,1,0,0,3,3,66,202,2,0,0,1,0,8,2007,2,2010,1,0,0,0,0,1,2,55,3,2,2,1,0,0,14,6,1,1,4,1,1,0
29,290096,1,2,2,6,3,22,15,12,6,1,0,29,1,49,32,49032,4,2003,1NXBR32E03Z0,1,N,X,B,R,3,2,E,0,3,Z,0,0,P,TOYT,UCS,4D,3,17,2502,,0,1024,,G,,0,0,000000000,00000000000,0,0,0,1,0,0,0,0,0,0,0,999,0,0,0,12,12,6,2,12,0,0,0,1,29,65109,2,1,0,0,2,0,68,170,0,1,0,0,0,11,2009,11,2009,0,38,0,0,0,1,2,45,1,2,2,1,20,3,1,17,1,1,1,86,1,1
29,290096,2,2,1,6,3,22,15,12,6,1,0,93,3,51,881,51881,66,2003,4V4NC9TH43N3,4,V,4,N,C,9,T,H,4,3,N,3,1,T,VOLV,VNL,DS,3,17,,8,0,0,VVN,D,,1,57,673378,57673378,3,6,1,1,0,0,0,0,0,0,0,60,0,1,5,2,2,6,2,12,0,0,0,1,29,65401,6,1,6,0,3,0,72,197,0,0,0,0,0,0,0,0,0,0,0,0,0,0,2,2,70,3,2,2,1,0,0,14,17,1,1,1,87,0,0
29,290097,1,2,1,6,3,23,30,12,2,1,0,92,0,73,733,73733,90,2005,JSKDF43D0521,J,S,K,D,F,4,3,D,0,5,2,1,0,M,KAWK,LXA,EN,5,17,,,,,,,125,0,0,000000000,00000000000,0,0,0,1,0,0,0,0,0,0,0,45,0,0,0,12,12,6,2,12,0,0,0,1,29,64856,6,2,0,0,2,2,62,130,0,0,0,0,0,0,0,0,0,1,51,73,0,0,1,2,35,1,1,5,1,0,0,1,54,1,1,1,52,0,1
29,290097,2,2,1,6,3,23,30,12,2,1,0,92,0,73,733,73733,90,1988,JKBLFBA13JB5,J,K,B,L,F,B,A,1,3,J,B,5,0,M,KAWK,LF2,AT,88,17,,,,,,,220,0,0,000000000,00000000000,0,0,0,1,0,0,0,0,0,0,0,45,0,0,0,12,12,6,2,12,0,0,0,1,29,64856,6,2,0,0,2,2,72,160,1,0,0,0,0,4,2009,4,2009,1,51,73,0,0,1,2,35,1,1,5,1,0,0,1,54,1,1,1,52,1,1
29,290098,1,1,5,7,3,14,0,1,0,1,0,19,2,9,442,9442,20,1998,2P4GP4431WR6,2,P,4,G,P,4,4,3,1,W,R,6,0,P,PLYM,VOF,SV,98,17,3675,,0,1193,,G,,0,0,000000000,00000000000,0,0,0,1,0,0,0,0,0,0,0,70,0,2,3,0,0,6,2,1,0,0,0,1,19,52501,0,0,0,0,0,0,999,999,0,0,0,0,0,0,0,0,0,0,58,0,0,0,2,2,70,1,1,1,1,0,0,6,12,6,1,4,6,1,0
29,290099,1,2,1,8,3,6,40,12,2,1,0,29,1,12,17,12017,4,2002,1FAFP55UX2G1,1,F,A,F,P,5,5,U,X,2,G,1,0,P,FORD,TSS,4D,2,17,3392,,0,1085,,G,,0,0,000000000,00000000000,0,0,0,1,0,0,0,0,0,0,0,55,0,0,0,12,12,6,2,12,0,0,0,1,29,65068,6,1,0,0,3,3,62,115,0,0,0,0,0,0,0,0,0,0,0,0,0,0,1,2,55,1,2,2,1,0,0,1,63,1,1,1,51,1,0
29,290099,2,2,1,8,3,6,40,12,2,1,0,29,1,12,481,12481,31,2000,1FTRX18L6YNB,1,F,T,R,X,1,8,L,6,Y,N,B,0,T,FORD,F15,4C,0,17,,2,1574,1388,COF,G,,0,0,000000000,00000000000,0,0,0,1,0,0,0,0,0,0,0,55,0,1,1,12,12,6,2,12,0,0,0,1,29,65068,6,1,0,0,3,3,66,180,0,0,0,0,0,0,0,0,0,0,28,0,0,0,1,2,55,1,2,2,1,0,0,1,11,1,1,2,50,0,0
29,290100,1,1,1,9,3,19,45,42,0,1,0,29,2,20,441,20441,20,1992,1GNDM19Z3NB1,1,G,N,D,M,1,9,Z,3,N,B,1,0,T,CHEV,AST,ES,92,17,,1,0,1110,AST,G,,0,0,000000000,00000000000,0,0,0,1,0,0,0,0,0,0,0,55,0,1,5,1,0,6,2,1,0,0,0,1,29,63730,6,1,0,0,3,3,67,200,1,0,0,1,0,3,2008,2,2010,1,0,0,0,0,1,2,55,3,1,2,2,0,0,14,6,1,1,4,1,1,0
29,290101,1,1,2,9,3,21,15,42,0,1,0,29,1,41,471,41471,30,1998,4F4ZR17X9WTM,4,F,4,Z,R,1,7,X,9,W,T,M,0,T,MAZD,4CP,PC,98,17,,1,0,1259,B40,G,,0,0,000000000,00000000000,0,0,0,1,0,0,0,0,0,0,0,70,0,0,0,3,3,6,2,42,0,0,0,1,29,64489,6,1,0,0,3,0,73,230,1,0,0,0,0,1,2009,1,2009,1,87,91,0,0,1,2,55,1,2,2,2,0,0,1,6,6,4,4,7,1,1
29,290102,1,2,2,10,3,11,10,12,6,1,0,29,1,12,401,12401,14,2005,1FMZU73W55UB,1,F,M,Z,U,7,3,W,5,5,U,B,0,P,FORD,EPR,UT,5,17,4094,,0,1137,,G,,0,0,000000000,00000000000,0,0,0,1,0,0,0,0,0,0,0,15,0,0,0,3,3,6,2,12,0,0,0,1,29,63050,6,1,0,0,3,3,71,200,0,0,0,0,0,0,0,0,0,0,0,0,0,0,1,2,35,1,6,2,5,20,3,4,66,1,1,1,87,1,0
29,290102,2,2,1,10,3,11,10,12,6,1,0,29,1,12,481,12481,31,2006,1FTPX14526FA,1,F,T,P,X,1,4,5,2,6,F,A,0,T,FORD,F15,4C,6,17,,2,0,1450,COF,G,,0,0,000000000,00000000000,0,0,0,1,0,0,0,0,0,0,0,35,0,0,0,12,12,6,2,12,0,0,0,1,29,63072,6,1,0,0,3,0,69,195,0,0,0,0,0,0,0,0,0,0,39,0,0,0,1,2,40,1,5,2,5,20,3,1,17,2,1,1,86,0,0
29,290103,1,3,1,10,3,17,30,12,1,1,0,29,1,37,705,37705,80,1999,JH2RC4462XM1,J,H,2,R,C,4,4,6,2,X,M,1,0,M,HOND,V7D,RS,99,17,,,,,,,745,0,0,000000000,00000000000,0,0,0,1,0,0,0,0,0,0,0,55,0,0,0,12,12,6,2,12,0,0,0,1,29,63031,6,1,6,0,3,0,70,160,0,0,0,0,0,0,0,0,0,0,0,0,0,0,3,6,60,1,1,1,1,0,0,1,50,99,1,1,20,1,0
29,290103,2,3,1,10,3,17,30,12,1,1,0,29,1,20,481,20481,31,2005,1GCEC19Z55Z1,1,G,C,E,C,1,9,Z,5,5,Z,1,0,T,CHEV,SC1,4C,5,17,,2,1575,1435,SIL,F,,0,0,000000000,00000000000,0,0,0,1,0,0,0,0,0,0,0,0,0,0,0,6,6,2,1,12,0,0,0,1,29,63031,6,1,6,0,3,0,72,230,0,0,0,1,0,9,2007,9,2007,0,0,0,0,0,3,6,60,1,1,1,1,0,0,5,53,99,1,1,21,0,0
29,290103,3,3,1,10,3,17,30,12,1,1,0,29,1,20,22,20022,2,2005,1G1AL12F8576,1,G,1,A,L,1,2,F,8,5,7,6,0,P,CHEV,BLS,CP,5,17,2991,,0,1033,,G,,0,0,000000000,00000000000,0,0,0,1,0,0,0,0,0,0,0,40,0,0,0,14,14,2,1,54,0,0,0,1,29,63033,6,1,0,0,3,0,66,160,0,0,0,0,0,0,0,0,0,0,0,0,0,0,3,6,60,1,1,1,1,0,0,15,98,6,1,2,98,0,0
29,290104,1,1,2,10,3,18,39,5,0,1,1,29,1,2,403,2403,14,1998,1J4FY19S9WP7,1,J,4,F,Y,1,9,S,9,W,P,7,0,T,JEEP,SPW,2W,98,17,,1,0,934,W/T,G,,0,0,000000000,00000000000,0,0,0,1,0,0,0,0,0,0,0,999,0,0,0,0,0,9,1,5,0,0,0,1,29,64114,6,1,0,0,3,0,68,140,0,0,0,0,0,0,0,0,0,0,21,0,0,0,1,2,25,1,5,2,2,0,0,4,98,1,9,9,0,1,1
29,290105,1,1,1,10,3,20,10,53,0,1,0,29,1,38,402,38402,14,2000,4S2CK58W8Y43,4,S,2,C,K,5,8,W,8,Y,4,3,0,P,ISU,ROD,UT,0,17,3848,,0,1064,,G,,0,0,000000000,00000000000,0,0,0,1,0,0,0,0,0,0,0,45,0,0,0,11,12,6,2,42,0,0,0,1,29,65065,0,0,0,0,0,0,65,135,0,0,0,0,0,0,0,0,0,0,0,0,0,0,1,2,35,1,5,4,1,0,0,1,12,99,1,4,6,1,1