STATE,ST_CASE,VEH_NO,VE_FORMS,NUMOCCS,DAY,MONTH,HOUR,MINUTE,HARM_EV,MAN_COLL,UNITTYPE,HIT_RUN,REG_STAT,OWNER,MAKE,MODEL,MAK_MOD,BODY_TYP,MOD_YEAR,VIN,VIN_1,VIN_2,VIN_3,VIN_4,VIN_5,VIN_6,VIN_7,VIN_8,VIN_9,VIN_10,VIN_11,VIN_12,TOW_VEH,VINTYPE,VINMAKE,VINA_MOD,VIN_BT,VINMODYR,VIN_LNGT,VIN_WGT,WGTCD_TR,WHLBS_LG,WHLBS_SH,SER_TR,FUELCODE,MCYCL_DS,J_KNIFE,MCARR_I1,MCARR_I2,MCARR_ID,GVWR,V_CONFIG,CARGO_BT,HAZ_INV,HAZ_PLAC,HAZ_ID,HAZ_CNO,HAZ_REL,BUS_USE,SPEC_USE,EMER_USE,TRAV_SP,UNDERIDE,ROLLOVER,ROLINLOC,IMPACT1,IMPACT2,DEFORMED,TOWED,M_HARM,VEH_SC1,VEH_SC2,FIRE_EXP,DR_PRES,L_STATE,DR_ZIP,L_STATUS,L_TYPE,CDL_STAT,L_ENDORS,L_COMPL,L_RESTRI,DR_HGT,DR_WGT,PREV_ACC,PREV_SUS,PREV_DWI,PREV_SPD,PREV_OTH,FIRST_MO,FIRST_YR,LAST_MO,LAST_YR,SPEEDREL,DR_SF1,DR_SF2,DR_SF3,DR_SF4,VTRAFWAY,VNUM_LAN,VSPD_LIM,VALIGN,VPROFILE,VPAVETYP,VSURCOND,VTRAFCON,VTCONT_F,P_CRASH1,P_CRASH2,P_CRASH3,PCRASH4,PCRASH5,ACC_TYPE,DEATHS,DR_DRINK
29,290106,1,7,1,11,3,16,12,12,7,1,0,29,2,49,482,49482,31,2000,5TBRT3415YS1,5,T,B,R,T,3,4,1,5,Y,S,1,0,T,TOYT,TRS,4C,0,17,,2,0,1283,TUN,G,,0,0,000000000,00000000000,0,0,0,1,0,0,0,0,0,0,0,85,0,1,1,11,12,6,2,12,0,0,0,1,29,64089,2,1,0,0,2,0,69,155,1,3,0,1,1,2,2008,2,2010,1,28,36,58,0,2,2,60,1,6,2,1,0,0,6,10,99,1,2,45,0,1
29,290106,2,7,1,11,3,16,12,12,7,1,0,29,3,23,881,23881,61,2009,1GDE5C1939F4,1,G,D,E,5,C,1,9,3,9,F,4,0,T,GMC,C5C,CC,9,17,,5,2240,1280,C55,D,,0,88,888888888,88888888888,2,1,3,1,0,0,0,0,0,0,0,998,0,0,0,5,5,9,9,12,0,0,0,1,29,64156,6,1,6,0,3,3,72,250,1,0,0,0,0,1,2008,1,2008,0,0,0,0,0,2,2,60,1,6,2,1,0,0,1,60,99,1,1,44,0,0
29,290106,3,7,1,11,3,16,12,12,7,1,0,29,1,24,2,24002,2,2001,1G8ZR12751Z3,1,G,8,Z,R,1,2,7,5,1,Z,3,0,P,STRN,SC2,3P,1,17,2436,,0,1024,,G,,0,0,000000000,00000000000,0,0,0,1,0,0,0,0,0,0,0,60,0,0,0,12,12,6,2,12,0,0,0,1,29,64089,6,1,0,0,3,3,62,145,0,0,0,0,0,0,0,0,0,0,0,0,0,0,2,2,60,1,5,2,1,0,0,1,62,99,1,1,98,1,0
29,290106,4,7,1,11,3,16,12,12,7,1,0,29,1,37,31,37031,4,1996,2HGEJ6676TH5,2,H,G,E,J,6,6,7,6,T,H,5,0,P,HOND,UCL,4D,96,17,2426,,0,1032,,G,,0,0,000000000,00000000000,0,0,0,1,0,0,0,0,0,0,0,998,0,0,0,12,12,4,9,12,0,0,0,1,29,64119,6,1,0,0,3,3,66,101,0,0,0,1,0,9,2007,9,2007,0,0,0,0,0,2,2,60,1,5,2,1,0,0,1,62,99,1,1,98,0,0
29,290106,5,7,1,11,3,16,12,12,7,1,0,29,1,7,482,7482,31,1998,1B7KF2369WJ2,1,B,7,K,F,2,3,6,9,W,J,2,0,T,DODG,Q25,4C,98,17,,2,1547,1387,RPC,D,,0,0,000000000,00000000000,0,0,0,1,0,0,0,0,0,0,0,998,0,0,0,12,12,9,9,54,0,0,0,1,29,64155,6,1,0,0,3,0,76,310,0,0,0,0,0,0,0,0,0,0,0,0,0,0,2,2,60,1,5,2,1,0,0,1,98,6,1,4,98,0,0
29,290106,6,7,2,11,3,16,12,12,7,1,0,29,1,21,23,21023,4,1999,1G3WS52H5XF3,1,G,3,W,S,5,2,H,5,X,F,3,0,P,OLDS,IGL,4D,99,17,3467,,0,1090,,G,,0,0,000000000,00000000000,0,0,0,1,0,0,0,0,0,0,0,998,0,0,0,12,12,6,2,12,0,0,0,1,29,64118,6,1,0,0,3,3,70,145,0,0,0,1,0,12,2007,12,2007,0,0,0,0,0,2,2,60,1,5,2,1,0,0,1,62,99,1,1,98,0,0
29,290106,7,7,1,11,3,16,12,12,7,1,0,29,1,35,43,35043,4,2008,3N1CB61E68L6,3,N,1,C,B,6,1,E,6,8,L,6,0,P,NISS,SSR,4D,8,17,2967,,0,1057,,G,,0,0,000000000,00000000000,0,0,0,1,0,0,0,0,0,0,0,998,0,0,0,12,12,2,9,12,0,0,0,1,29,64151,6,1,0,0,3,0,75,250,0,0,0,0,0,0,0,0,0,0,0,0,0,0,2,2,60,1,5,2,1,0,0,1,13,7,9,4,98,0,0
29,290107,1,1,1,11,3,19,6,59,0,1,0,92,0,20,481,20481,31,2002,1GCEK19V22E2,1,G,C,E,K,1,9,V,2,2,E,2,0,T,CHEV,SK1,4C,2,17,,2,1575,1435,SIL,G,,0,0,000000000,00000000000,0,0,0,1,0,0,0,0,0,0,0,65,0,0,0,12,0,6,2,3,0,0,0,1,29,64093,6,1,0,0,3,3,75,175,2,0,0,0,0,6,2009,11,2009,0,0,0,0,0,2,2,65,1,1,2,1,0,0,1,12,1,1,4,6,1,0
29,290108,1,1,1,12,3,16,4,1,0,1,0,0,0,23,401,23401,14,1998,1GKCT18W9WK5,1,G,K,C,T,1,8,W,9,W,K,5,0,T,GMC,JMY,2W,98,17,,1,0,1005,JMY,G,,0,0,000000000,00000000000,0,0,0,1,0,0,0,0,0,0,0,70,0,2,1,0,0,6,2,1,0,0,0,1,29,65101,6,1,0,0,3,3,72,200,0,2,0,0,0,2,2008,8,2009,0,58,0,0,0,2,2,70,1,5,2,1,0,0,1,13,6,7,6,98,1,0
29,290109,1,1,1,12,3,19,21,8,0,1,0,29,1,12,481,12481,31,2004,1FTPW12504KD,1,F,T,P,W,1,2,5,0,4,K,D,0,T,FORD,F1S,CW,4,17,,2,1450,1260,COF,G,,0,0,000000000,00000000000,0,0,0,1,0,0,0,0,0,0,0,55,0,0,0,12,12,4,1,8,0,0,0,1,29,63855,6,2,0,0,3,2,74,175,0,0,0,1,0,9,2008,9,2008,0,73,0,0,0,1,2,55,1,1,2,2,0,0,1,80,1,1,1,13,0,0
29,290110,1,2,2,12,3,22,5,12,2,1,0,29,2,12,13,12013,6,1994,1FARP15J5RW1,1,F,A,R,P,1,5,J,5,R,W,1,0,P,FORD,EST,SW,94,17,2419,,0,984,,G,,0,0,000000000,00000000000,0,0,0,1,0,0,0,0,0,0,0,60,0,0,0,12,12,6,2,12,0,0,0,1,29,63901,6,1,0,0,3,0,59,249,0,0,0,0,0,0,0,0,0,0,28,0,0,0,1,2,60,1,1,2,2,0,0,1,10,99,1,2,50,2,1
29,290110,2,2,1,12,3,22,5,12,2,1,0,29,2,12,401,12401,14,1994,1FMDU34X3RUC,1,F,M,D,U,3,4,X,3,R,U,C,0,P,FORD,EPR,UT,94,17,4053,,0,1120,,G,,0,0,000000000,00000000000,0,0,0,1,0,0,0,0,0,0,0,60,0,0,0,12,12,6,2,12,0,0,0,1,29,63961,6,1,0,0,3,0,70,230,0,0,0,0,0,0,0,0,0,0,0,0,0,0,1,2,60,1,1,2,2,0,0,1,62,7,1,4,51,0,0
29,290111,1,1,3,13,3,1,47,46,0,1,0,92,0,18,2,18002,4,1999,1G4HR52K3XH4,1,G,4,H,R,5,2,K,3,X,H,4,0,P,BUIC,LLF,4D,99,17,3468,,0,1108,,G,,0,0,000000000,00000000000,0,0,0,1,0,0,0,0,0,0,0,75,0,0,0,12,12,6,2,46,0,0,1,1,29,63108,2,1,0,0,2,0,71,230,2,19,0,0,1,6,2007,12,2009,1,0,0,0,0,1,6,35,1,2,2,2,2,8,1,6,99,9,4,7,2,1
29,290112,1,2,1,14,3,12,13,12,6,1,0,0,0,20,2,20002,4,2009,2G1WS57MX911,2,G,1,W,S,5,7,M,X,9,1,1,0,P,CHEV,I/P,4D,9,17,0,,0,1105,,F,,0,0,000000000,00000000000,0,0,0,1,0,0,0,0,0,5,1,99,0,0,0,12,12,6,2,12,0,0,0,1,29,63383,6,1,0,0,3,3,70,230,2,0,0,0,0,4,2008,8,2008,1,16,0,0,0,1,2,50,1,5,2,2,0,0,6,61,8,1,1,73,0,0
29,290112,2,2,1,14,3,12,13,12,6,1,0,29,1,22,18,22018,4,2004,1G2NF52EX4M6,1,G,2,N,F,5,2,E,X,4,M,6,0,P,PONT,SE1,4D,4,17,3066,,0,1070,,G,,0,0,000000000,00000000000,0,0,0,1,0,0,0,0,0,0,0,9,0,0,0,9,9,6,2,12,0,0,0,1,29,63383,6,1,0,0,3,3,70,200,0,0,0,0,0,0,0,0,0,0,38,0,0,0,1,2,50,1,5,2,2,0,0,11,15,1,1,2,72,1,0
29,290113,1,1,1,7,3,3,47,59,0,1,0,20,1,35,47,35047,4,2009,1N4AL21E89N5,1,N,4,A,L,2,1,E,8,9,N,5,0,P,NISS,ATS,4D,9,17,3179,,0,1093,,G,,0,0,000000000,00000000000,0,0,0,1,0,0,0,0,0,0,0,998,0,0,0,12,0,6,2,2,0,0,1,1,20,66213,6,1,0,0,3,0,66,130,0,0,0,1,0,1,2008,1,2008,0,0,0,0,0,3,3,55,1,2,2,1,0,0,1,13,1,1,4,1,1,1
29,290114,1,2,3,16,3,5,42,33,0,1,0,29,2,49,32,49032,4,1995,1NXAE09B7SZ2,1,N,X,A,E,0,9,B,7,S,Z,2,0,P,TOYT,LED,4D,95,17,2381,,0,970,,G,,0,0,000000000,00000000000,0,0,0,1,0,0,0,0,0,0,0,998,0,0,0,14,12,6,2,12,0,0,0,1,29,63109,6,1,0,0,3,3,64,130,2,0,0,1,0,6,2008,3,2010,0,91,0,0,0,3,2,35,1,1,2,1,0,0,1,13,1,1,4,1,0,1
29,290114,2,2,1,16,3,5,42,33,0,1,0,29,1,73,706,73706,80,2003,JKBVNAP1X3A0,J,K,B,V,N,A,P,1,X,3,A,0,0,M,KAWK,V5P,RS,3,17,,,,,,,1500,0,0,000000000,00000000000,0,0,0,1,0,0,0,0,0,0,0,998,0,0,0,1,0,6,2,1,0,0,0,1,29,63131,6,1,0,0,3,3,71,222,0,0,0,0,0,0,0,0,0,0,0,0,0,0,5,2,35,1,1,2,1,0,0,1,60,99,1,1,98,1,0
29,290115,1,2,1,16,3,20,55,12,6,1,0,29,1,12,17,12017,4,2001,1FAFP55211G2,1,F,A,F,P,5,5,2,1,1,G,2,0,P,FORD,TSS,4D,1,17,3343,,0,1085,,F,,0,0,000000000,00000000000,0,0,0,1,0,0,0,0,0,0,0,20,0,0,0,9,9,6,2,12,0,0,0,1,29,65734,6,1,6,0,3,0,72,170,0,0,0,0,0,0,0,0,0,0,38,0,0,0,1,2,60,1,2,2,1,20,3,1,17,1,1,1,89,1,0
29,290115,2,2,3,16,3,20,55,12,6,1,0,29,1,20,481,20481,31,2002,2GCEK19T1211,2,G,C,E,K,1,9,T,1,2,1,1,0,T,CHEV,SK1,4C,2,17,,2,1575,1435,SIL,G,,0,0,000000000,00000000000,0,0,0,1,0,0,0,0,0,0,0,60,0,0,0,12,12,6,2,12,0,0,0,1,29,65625,6,1,0,0,3,0,64,140,0,0,0,1,0,10,2009,10,2009,0,0,0,0,0,1,2,60,1,1,2,1,0,0,1,17,6,1,2,88,0,0
29,290116,1,1,1,17,3,18,30,42,0,1,0,92,0,98,739,98739,90,2001,4XACH50AX1A5,4,X,A,C,H,5,0,A,X,1,A,5,0,M,POL,SP5,AT,1,17,,,,,,,499,0,0,000000000,00000000000,0,0,0,1,0,0,0,0,0,0,0,35,0,0,0,12,12,6,2,42,0,0,0,1,17,62034,6,1,0,0,3,3,68,170,0,0,0,0,0,0,0,0,0,1,0,0,0,0,1,2,98,2,2,4,1,0,0,14,6,1,1,4,6,1,1
29,290117,1,2,1,17,3,22,1,12,6,1,0,29,5,41,50,41050,4,2010,1YVHZ8CH3A5M,1,Y,V,H,Z,8,C,H,3,A,5,M,0,P,MAZD,M6I,4D,10,17,3258,,0,1098,,G,,0,0,000000000,00000000000,0,0,0,1,0,0,0,0,0,0,0,70,0,0,0,12,12,6,2,12,0,0,0,1,29,63115,0,0,0,0,0,0,999,999,0,0,0,0,0,0,0,0,0,1,39,0,0,0,1,2,35,1,1,2,1,20,3,1,17,1,1,1,88,0,0
29,290117,2,2,2,17,3,22,1,12,6,1,0,29,2,20,9,20009,2,1998,2G1FP22K4W21,2,G,1,F,P,2,2,K,4,W,2,1,0,P,CHEV,CAM,CP,98,17,3331,,0,1011,,G,,0,0,000000000,00000000000,0,0,0,1,0,0,0,0,0,0,0,35,0,0,0,7,7,6,2,12,0,0,0,1,29,63121,6,1,0,0,3,0,69,123,0,0,0,0,0,0,0,0,0,0,0,0,0,0,1,2,35,1,1,2,1,0,0,1,17,1,1,1,89,1,0
29,290118,1,1,2,18,3,14,25,24,0,1,0,20,1,12,481,12481,31,2003,2FTRX17213CB,2,F,T,R,X,1,7,2,1,3,C,B,0,T,FORD,F15,4C,3,17,,2,1571,1385,COF,G,,0,0,000000000,00000000000,0,0,0,1,0,0,0,0,0,0,0,998,0,0,0,61,81,6,2,23,0,0,0,1,29,64118,0,0,0,0,0,0,72,185,0,0,0,0,0,0,0,0,0,1,0,0,0,0,2,2,55,2,1,2,1,0,0,15,6,99,1,4,6,1,1
29,290119,1,1,1,18,3,20,26,8,0,1,0,29,1,22,22,22022,1,2008,1G2ZH3615842,1,G,2,Z,H,3,6,1,5,8,4,2,0,P,PONT,GGT,CV,8,17,3855,,0,1123,,G,,0,0,000000000,00000000000,0,0,0,1,0,0,0,0,0,0,0,999,0,0,0,12,12,6,2,8,0,0,0,1,29,65809,6,1,0,0,3,0,66,120,0,0,0,0,0,0,0,0,0,0,0,0,0,0,2,2,40,1,1,2,1,0,0,1,80,1,1,1,13,0,0
29,290120,1,1,1,19,3,4,16,34,0,1,0,29,2,20,481,20481,31,2007,1GCEC14C57Z5,1,G,C,E,C,1,4,C,5,7,Z,5,0,T,CHEV,SC1,PK,7,17,,2,1330,1190,SIL,G,,0,0,000000000,00000000000,0,0,0,1,0,0,0,0,0,0,0,998,0,1,5,98,0,6,2,1,0,0,0,1,29,63401,1,1,0,0,2,0,65,132,0,2,1,1,0,4,2008,12,2009,1,0,0,0,0,1,2,45,3,1,1,1,0,0,14,6,1,1,4,6,1,1
29,290121,1,2,1,19,3,7,12,12,6,1,0,29,1,20,471,20471,30,1984,1GCDT14B3E81,1,G,C,D,T,1,4,B,3,E,8,1,0,T,CHEV,S14,PK,84,17,,1,1229,1083,S,G,,0,0,000000000,00000000000,0,0,0,1,0,0,0,0,0,0,0,998,0,0,0,9,9,6,2,12,0,0,0,1,29,63857,6,1,0,0,3,3,66,160,0,0,0,0,0,0,0,0,0,0,39,0,0,0,1,2,35,1,1,2,1,20,3,11,15,1,1,1,82,1,0
29,290121,2,2,1,19,3,7,12,12,6,1,0,5,2,84,883,84883,66,1998,2HSFMAMR7WC0,2,H,S,F,M,A,M,R,7,W,C,0,1,T,INTL,920,TM,98,17,,8,2340,1600,920,D,,1,57,1531698,571531698,3,6,8,1,0,0,0,0,0,0,0,998,0,0,0,12,12,6,2,12,0,0,0,1,5,72450,6,1,6,0,3,0,78,256,0,0,0,0,1,4,2008,4,2008,0,0,0,0,0,1,2,45,1,1,2,1,0,0,1,67,1,1,1,83,0,0
29,290122,1,3,1,19,3,20,20,12,1,1,0,29,2,20,37,20037,4,1998,1G1ND52M7WY1,1,G,1,N,D,5,2,M,7,W,Y,1,0,P,CHEV,MAL,4D,98,17,3100,,0,1070,,G,,0,0,000000000,00000000000,0,0,0,1,0,0,0,0,0,0,0,77,0,0,0,12,12,6,2,12,0,0,0,1,29,65610,6,1,0,0,3,0,62,120,0,0,0,0,0,0,0,0,0,0,26,91,0,0,1,3,60,1,1,2,1,0,0,1,51,9,2,1,24,0,1
29,290122,2,3,1,19,3,20,20,12,1,1,0,92,0,55,36,55036,4,2001,KMHCG45C01U1,K,M,H,C,G,4,5,C,0,1,U,1,0,P,HYUN,AGL,4D,1,17,2290,,0,961,,G,,0,0,000000000,00000000000,0,0,0,1,0,0,0,0,0,0,0,999,0,0,0,6,6,6,2,12,0,0,0,1,29,65605,6,1,0,0,3,3,67,215,1,0,0,0,0,7,2007,7,2007,0,0,0,0,0,1,3,60,1,1,2,1,0,0,1,53,1,1,1,25,1,0
29,290122,3,3,2,19,3,20,20,12,1,1,0,29,1,6,441,6441,20,2006,2A4GP54LX6R8,2,A,4,G,P,5,4,L,X,6,R,8,0,P,CHRY,TWC,SV,6,17,4267,,0,1193,,G,,0,0,000000000,00000000000,0,0,0,1,0,0,0,0,0,0,0,999,0,0,0,12,12,6,2,12,0,0,0,1,29,65708,6,1,0,0,3,3,70,193,0,0,0,0,0,0,0,0,0,0,0,0,0,0,1,3,60,1,1,2,1,0,0,1,62,1,1,1,98,0,0
29,290123,1,1,1,20,3,8,17,35,0,1,0,29,1,7,442,7442,20,1999,1B4GP44G9XB5,1,B,4,G,P,4,4,G,9,X,B,5,0,P,DODG,CAR,SV,99,17,3856,,0,1193,,F,,0,0,000000000,00000000000,0,0,0,1,0,0,0,0,0,0,0,55,0,1,5,14,0,6,2,1,0,0,0,1,4,86440,6,1,0,0,3,0,64,140,0,0,0,1,0,10,2008,10,2008,1,87,0,0,0,1,2,55,2,2,2,3,0,0,14,6,1,4,4,7,1,0
29,290124,1,2,1,20,3,15,15,12,6,1,0,29,1,24,401,24401,14,2006,5GZCZ63416S8,5,G,Z,C,Z,6,3,4,1,6,S,8,0,P,STRN,VUE,UT,6,17,3630,,0,1066,,G,,0,0,000000000,00000000000,0,0,0,1,0,0,0,0,0,0,0,55,0,0,0,5,6,6,2,12,0,0,0,1,29,65804,6,1,0,0,3,3,68,220,0,0,0,0,0,0,0,0,0,1,87,0,0,0,5,2,55,1,1,2,2,0,0,1,6,1,4,2,64,1,0
29,290124,2,2,5,20,3,15,15,12,6,1,0,92,0,20,422,20422,15,2004,3GNFK16Z84G2,3,G,N,F,K,1,6,Z,8,4,G,2,0,P,CHEV,K15,UT,4,17,5219,,0,1300,,F,,0,0,000000000,00000000000,0,0,0,1,0,0,0,0,0,0,0,55,0,0,0,12,12,6,2,12,0,0,0,1,29,65809,6,1,6,0,3,0,76,230,0,0,0,0,0,0,0,0,0,0,0,0,0,0,5,4,55,1,1,2,2,0,0,1,62,1,1,1,65,0,0
29,290125,1,1,1,20,3,22,5,59,0,1,0,29,1,23,481,23481,31,1989,1GTGC24K3KE5,1,G,T,G,C,2,4,K,3,K,E,5,0,T,GMC,SC2,PK,89,17,,2,0,1315,SIE,G,,0,0,000000000,00000000000,0,0,0,1,0,0,0,0,0,0,0,55,0,1,5,12,0,6,2,1,0,0,0,1,5,72438,6,1,0,0,3,3,66,240,0,0,0,0,0,0,0,0,0,0,0,0,0,0,1,2,55,2,1,2,1,0,0,14,13,1,1,4,1,1,1
29,290127,1,1,1,23,3,7,10,10,0,1,0,20,1,41,37,41037,4,1999,1YVGF22C6X58,1,Y,V,G,F,2,2,C,6,X,5,8,0,P,MAZD,U6X,4D,99,17,2798,,0,1051,,G,,0,0,000000000,00000000000,0,0,0,1,0,0,0,0,0,0,0,999,0,0,0,9,9,0,9,10,0,0,0,1,20,66048,6,1,0,0,3,0,68,142,1,0,0,0,0,12,2008,12,2008,0,39,0,0,0,1,2,35,1,1,2,1,65,3,13,98,99,1,1,15,1,0
29,290128,1,2,2,23,3,10,30,45,0,1,0,29,1,21,17,21017,4,1992,1G3AL54N8N63,1,G,3,A,L,5,4,N,8,N,6,3,0,P,OLDS,SCI,4D,92,17,2662,,0,1049,,G,,0,0,000000000,00000000000,0,0,0,1,0,0,0,0,0,0,0,50,0,0,0,12,9,6,2,12,0,0,0,1,29,63072,6,1,0,0,3,3,71,200,0,0,0,0,0,0,0,0,0,0,41,0,0,0,2,3,65,1,5,1,1,40,3,1,50,3,2,1,12,1,0
29,290128,3,2,1,23,3,10,30,45,0,1,0,93,3,82,881,82881,66,2004,1FUJBBCK34PM,1,F,U,J,B,B,C,K,3,4,P,M,1,T,FRHT,ST2,DS,4,17,,8,0,0,CON,D,,1,57,290541,57290541,3,6,1,1,0,0,0,0,0,0,0,45,0,0,0,12,12,6,2,12,0,0,0,1,48,78109,6,1,6,0,3,0,999,999,0,0,0,0,1,9,2008,9,2008,0,0,0,0,0,2,3,65,1,5,1,1,40,3,1,60,3,2,1,98,0,0
29,290129,1,2,1,23,3,15,59,12,1,1,0,29,1,72,706,72706,80,2004,1HD1FRW134Y7,1,H,D,1,F,R,W,1,3,4,Y,7,0,M,HD,FCI,RS,4,17,,,,,,,1450,0,0,000000000,00000000000,0,0,0,1,0,0,0,0,0,0,0,50,0,0,0,12,12,4,3,12,0,0,0,1,29,63348,6,1,0,0,3,3,67,235,0,0,0,0,0,0,0,0,0,9,99,99,99,99,1,2,55,2,1,2,1,0,0,14,50,3,2,1,20,1,0
29,290129,2,2,1,23,3,15,59,12,1,1,0,29,1,22,18,22018,4,2004,1G2NG52E74M5,1,G,2,N,G,5,2,E,7,4,M,5,0,P,PONT,SE2,4D,4,17,3066,,0,1070,,G,,0,0,000000000,00000000000,0,0,0,1,0,0,0,0,0,0,0,0,0,0,0,6,6,2,1,12,0,0,0,1,29,63357,6,1,0,0,3,3,75,250,0,0,0,0,0,0,0,0,0,0,0,0,0,0,1,2,55,2,1,2,1,0,0,5,53,1,1,1,22,0,1
29,290130,1,2,1,24,3,14,5,12,6,1,0,29,3,49,51,49051,4,2009,JTDBT9030913,J,T,D,B,T,9,0,3,0,9,1,3,0,P,TOYT,YAR,4D,9,17,2288,,0,1004,,G,,0,0,000000000,00000000000,0,0,0,1,0,0,0,0,0,0,0,45,0,0,0,12,12,6,2,12,0,0,0,1,29,64151,6,1,0,0,3,3,64,145,0,0,0,0,0,0,0,0,0,0,0,0,0,0,1,2,55,1,6,2,2,40,3,1,66,1,1,1,86,1,0
29,290130,2,2,2,24,3,14,5,12,6,1,0,92,0,12,881,12881,61,2002,1FDWW37F62ED,1,F,D,W,W,3,7,F,6,2,E,D,1,T,FORD,F3D,CH,2,17,,3,0,1760,DRW,D,,1,88,888888888,88888888888,2,4,3,1,0,0,0,0,0,0,0,10,0,0,0,5,5,2,1,12,0,0,0,1,29,64014,6,1,0,0,3,3,67,155,1,0,0,0,0,2,2010,2,2010,0,0,0,0,0,1,2,55,1,8,8,2,20,3,4,66,1,1,1,87,0,0
29,290131,1,4,1,26,3,12,50,12,8,1,0,17,1,20,471,20471,30,2003,1GCCS19H7382,1,G,C,C,S,1,9,H,7,3,8,2,0,T,CHEV,S14,3C,3,17,,1,0,1229,S,G,,0,0,000000000,00000000000,0,0,0,1,0,0,0,0,0,0,0,60,0,0,0,11,11,6,2,12,0,0,0,1,17,62040,6,1,0,0,3,3,70,200,0,0,0,0,0,0,0,0,0,0,28,0,0,0,1,2,60,1,1,2,1,0,0,1,10,1,1,2,64,1,0
29,290131,2,4,2,26,3,12,50,12,8,1,0,29,1,18,2,18002,4,1993,1G4HP53L6PH4,1,G,4,H,P,5,3,L,6,P,H,4,0,P,BUIC,L90,4D,93,17,3338,,0,1108,,G,,0,0,000000000,00000000000,0,0,0,1,0,0,0,0,0,0,0,60,0,0,0,11,12,6,2,12,0,0,0,1,29,63956,6,1,0,0,3,3,67,200,0,0,0,0,0,0,0,0,0,0,0,0,0,0,1,2,60,1,1,2,1,0,0,1,62,7,1,1,65,0,0
29,290131,3,4,1,26,3,12,50,12,8,1,0,17,1,18,401,18401,14,2002,3G5DA03E92S5,3,G,5,D,A,0,3,E,9,2,S,5,0,P,BUIC,RZV,UT,2,17,4024,,0,1122,,G,,0,0,000000000,00000000000,0,0,0,1,0,0,0,0,0,0,0,55,0,9,5,10,0,6,2,1,0,0,0,1,29,63964,6,2,0,0,3,1,73,221,0,0,0,0,0,0,0,0,0,0,0,0,0,0,1,2,60,1,1,2,1,0,0,1,62,1,1,1,98,0,0
29,290131,4,4,2,26,3,12,50,12,8,1,0,5,4,23,481,23481,31,2007,1GTHK33697F5,1,G,T,H,K,3,3,6,9,7,F,5,1,T,GMC,NK3,CW,7,17,,2,0,1670,SIE,D,,1,0,000000000,00000000000,0,0,0,1,0,0,0,0,0,0,0,55,0,1,1,11,11,6,2,12,0,0,0,1,5,72450,6,1,0,0,3,0,72,200,0,0,0,0,0,0,0,0,0,0,0,0,0,0,1,2,60,1,1,2,1,0,0,1,62,7,1,4,98,0,0
29,290132,1,5,1,27,3,14,45,33,0,1,0,29,2,20,401,20401,14,1996,1GNDT13W8T22,1,G,N,D,T,1,3,W,8,T,2,2,0,P,CHEV,BZR,UT,96,17,4023,,0,1070,,G,,0,0,000000000,00000000000,0,0,0,1,0,0,0,0,0,0,0,60,0,9,1,14,0,6,2,12,0,0,0,1,29,64134,2,1,0,0,2,0,66,210,1,5,1,0,4,5,2007,2,2009,1,36,39,51,0,2,2,35,1,2,2,1,2,3,15,12,1,4,4,7,0,0
29,290132,2,5,3,27,3,14,45,33,0,1,0,29,1,30,40,30040,4,2005,3VWSK69M05M0,3,V,W,S,K,6,9,M,0,5,M,0,0,P,VOLK,JGS,4D,5,17,2833,,0,989,,G,,0,0,000000000,00000000000,0,0,0,1,0,0,0,0,0,0,0,0,0,0,0,6,6,6,2,12,0,0,0,1,29,64130,1,1,0,0,2,0,67,180,1,1,0,0,0,12,2007,3,2010,0,0,0,0,0,2,2,35,1,2,2,1,2,3,5,53,1,1,1,98,1,0
29,290132,3,5,1,27,3,14,45,33,0,1,0,29,2,49,401,49401,14,2003,JTEBT14R0300,J,T,E,B,T,1,4,R,0,3,0,0,0,P,TOYT,RUN,UT,3,17,4280,,0,1098,,G,,0,0,000000000,00000000000,0,0,0,1,0,0,0,0,0,0,0,0,0,0,0,7,7,4,8,12,0,0,0,1,29,64128,6,1,0,0,3,3,63,120,0,0,0,0,0,0,0,0,0,0,0,0,0,0,2,2,35,1,2,2,1,2,3,5,53,1,1,1,98,0,0
29,290132,4,5,1,27,3,14,45,33,0,1,0,29,2,19,18,19018,4,2004,1G6DM5772401,1,G,6,D,M,5,7,7,2,4,0,1,0,P,CADI,C/T,4D,4,17,3509,,0,1134,,G,,0,0,000000000,00000000000,0,0,0,1,0,0,0,0,0,0,0,0,0,0,0,6,6,6,2,12,0,0,0,1,29,64139,6,1,0,0,3,0,66,150,0,0,0,1,0,3,2009,3,2009,0,0,0,0,0,2,2,35,1,2,2,1,2,3,5,53,1,1,1,98,0,0
29,290132,5,5,1,27,3,14,45,33,0,1,0,20,1,37,32,37032,4,2002,JHMCG56782C0,J,H,M,C,G,5,6,7,8,2,C,0,0,P,HOND,USE,4D,2,17,3120,,0,1069,,G,,0,0,000000000,00000000000,0,0,0,1,0,0,0,0,0,0,0,0,0,0,0,6,6,6,2,12,0,0,0,1,29,64114,6,1,0,0,3,3,69,140,0,0,0,0,0,0,0,0,0,0,0,0,0,0,2,2,35,1,2,2,1,2,3,5,53,1,1,1,98,0,0
29,290133,1,1,7,28,3,7,45,52,0,1,0,55,2,12,461,12461,21,1996,1FDEE14H1THA,1,F,D,E,E,1,4,H,1,T,H,A,0,T,FORD,15V,IC,96,17,,2,0,1380,VAN,G,,0,0,000000000,00000000000,0,0,0,1,0,0,0,0,0,0,0,70,0,0,0,12,12,6,2,52,0,0,0,1,55,54136,6,1,6,0,3,0,999,999,1,0,0,0,0,8,2008,8,2008,0,85,0,0,0,3,4,70,1,6,1,2,0,0,1,13,7,1,4,3,1,0