STATE,ST_CASE,VEH_NO,VE_FORMS,NUMOCCS,DAY,MONTH,HOUR,MINUTE,HARM_EV,MAN_COLL,UNITTYPE,HIT_RUN,REG_STAT,OWNER,MAKE,MODEL,MAK_MOD,BODY_TYP,MOD_YEAR,VIN,VIN_1,VIN_2,VIN_3,VIN_4,VIN_5,VIN_6,VIN_7,VIN_8,VIN_9,VIN_10,VIN_11,VIN_12,TOW_VEH,VINTYPE,VINMAKE,VINA_MOD,VIN_BT,VINMODYR,VIN_LNGT,VIN_WGT,WGTCD_TR,WHLBS_LG,WHLBS_SH,SER_TR,FUELCODE,MCYCL_DS,J_KNIFE,MCARR_I1,MCARR_I2,MCARR_ID,GVWR,V_CONFIG,CARGO_BT,HAZ_INV,HAZ_PLAC,HAZ_ID,HAZ_CNO,HAZ_REL,BUS_USE,SPEC_USE,EMER_USE,TRAV_SP,UNDERIDE,ROLLOVER,ROLINLOC,IMPACT1,IMPACT2,DEFORMED,TOWED,M_HARM,VEH_SC1,VEH_SC2,FIRE_EXP,DR_PRES,L_STATE,DR_ZIP,L_STATUS,L_TYPE,CDL_STAT,L_ENDORS,L_COMPL,L_RESTRI,DR_HGT,DR_WGT,PREV_ACC,PREV_SUS,PREV_DWI,PREV_SPD,PREV_OTH,FIRST_MO,FIRST_YR,LAST_MO,LAST_YR,SPEEDREL,DR_SF1,DR_SF2,DR_SF3,DR_SF4,VTRAFWAY,VNUM_LAN,VSPD_LIM,VALIGN,VPROFILE,VPAVETYP,VSURCOND,VTRAFCON,VTCONT_F,P_CRASH1,P_CRASH2,P_CRASH3,PCRASH4,PCRASH5,ACC_TYPE,DEATHS,DR_DRINK
29,290134,1,1,1,29,3,19,50,32,0,1,0,29,1,20,421,20421,15,1986,1G8EK18H5GF1,1,G,8,E,K,1,8,H,5,G,F,1,0,T,CHEV,KBZ,S1,86,17,,2,0,1065,K10,G,,0,0,000000000,00000000000,0,0,0,1,0,0,0,0,0,0,0,45,0,1,5,1,1,6,2,1,0,0,0,1,29,65536,6,1,0,0,3,3,69,150,0,0,0,0,0,0,0,0,0,0,0,0,0,0,1,2,55,1,1,2,1,0,0,1,13,99,1,4,1,1,1
29,290135,1,1,1,30,3,10,15,59,0,1,0,29,2,12,17,12017,4,2005,1FAFP56205A2,1,F,A,F,P,5,6,2,0,5,A,2,0,P,FORD,TEL,4D,5,17,3313,,0,1085,,F,,0,0,000000000,00000000000,0,0,0,1,0,0,0,0,0,0,0,70,0,1,5,12,0,6,2,1,0,0,0,1,29,65559,6,1,0,0,3,0,76,190,0,0,0,2,0,8,2007,8,2008,9,99,99,99,99,3,2,70,3,1,2,1,0,0,14,13,99,1,4,1,1,0
29,290136,1,3,1,1,4,5,14,12,2,1,0,29,1,12,471,12471,30,1998,1FTYR11U6WPA,1,F,T,Y,R,1,1,U,6,W,P,A,0,T,FORD,RNG,PK,98,17,,1,1176,1116,RNG,G,,0,0,000000000,00000000000,0,0,0,1,0,0,0,0,0,0,0,998,0,0,0,12,12,6,2,12,0,0,0,1,29,65080,6,1,0,0,3,0,71,145,1,0,0,1,2,9,2007,2,2010,0,28,0,0,0,1,2,60,1,1,2,1,0,0,1,10,1,1,2,50,0,0
29,290136,2,3,1,1,4,5,14,12,2,1,0,29,1,37,32,37032,4,1989,1HGCA5642KA1,1,H,G,C,A,5,6,4,2,K,A,1,0,P,HOND,LXI,4D,89,17,2553,,0,1024,,G,,0,0,000000000,00000000000,0,0,0,1,0,0,0,0,0,0,0,998,0,0,0,12,12,6,2,12,0,0,0,1,29,65023,6,1,0,0,3,3,72,185,0,0,0,0,0,0,0,0,0,0,0,0,0,0,1,2,60,1,1,2,1,0,0,1,62,1,1,1,51,1,0
29,290136,3,3,2,1,4,5,14,12,2,1,0,29,2,20,16,20016,4,2002,1G1JC5245274,1,G,1,J,C,5,2,4,5,2,7,4,0,P,CHEV,CAC,4D,2,17,2676,,0,1041,,C,,0,0,000000000,00000000000,0,0,0,1,0,0,0,0,0,0,0,998,0,0,0,12,12,6,2,12,0,0,0,1,29,65101,6,1,0,0,3,0,73,180,0,0,0,0,0,0,0,0,0,0,0,0,0,0,1,2,60,1,1,2,1,0,0,1,62,1,1,1,98,0,0
29,290137,1,1,1,1,4,8,40,35,0,1,0,29,1,7,25,7025,5,2007,1B3HB48B87D5,1,B,3,H,B,4,8,B,8,7,D,5,0,P,DODG,CXT,4D,7,17,3038,,0,1037,,G,,0,0,000000000,00000000000,0,0,0,1,0,0,0,0,0,0,0,55,0,1,5,12,0,6,2,1,0,0,0,1,29,63664,6,1,0,0,3,0,65,250,0,0,0,0,0,0,0,0,0,1,58,0,0,0,1,2,55,1,5,2,1,0,0,1,6,6,3,4,2,1,0
29,290138,1,2,1,1,4,16,55,12,1,1,0,29,1,20,19,20019,4,1992,1G1LT53T9NY1,1,G,1,L,T,5,3,T,9,N,Y,1,0,P,CHEV,COL,4D,92,17,2638,,0,1034,,G,,0,0,000000000,00000000000,0,0,0,1,0,0,0,0,0,0,0,998,0,0,0,12,12,6,2,12,0,0,0,1,29,63110,6,1,0,0,3,3,75,225,0,0,0,0,0,0,0,0,0,0,0,0,0,0,1,5,35,1,1,2,1,3,3,1,50,1,1,1,20,1,0
29,290138,2,2,1,1,4,16,55,12,1,1,0,29,1,20,404,20404,14,2006,2CNDL63F8661,2,C,N,D,L,6,3,F,8,6,6,1,0,P,CHEV,EQU,UT,6,17,3777,,0,1125,,G,,0,0,000000000,00000000000,0,0,0,1,0,0,0,0,0,0,0,0,0,0,0,6,6,6,2,12,0,0,0,1,29,63109,6,1,0,0,3,3,66,150,0,0,0,0,0,0,0,0,0,0,0,0,0,0,1,5,35,1,1,2,1,3,3,6,53,1,1,1,21,0,0
29,290139,1,1,1,1,4,17,50,1,0,1,0,29,1,20,402,20402,14,1998,2CNBJ1867W69,2,C,N,B,J,1,8,6,7,W,6,9,0,P,CHEV,TKR,UT,98,17,2555,,0,866,,G,,0,0,000000000,00000000000,0,0,0,1,0,0,0,0,0,0,0,54,0,2,3,0,0,6,2,1,0,0,0,1,29,63050,6,1,0,0,3,0,66,130,0,1,0,0,0,1,2010,1,2010,0,27,0,0,0,2,2,55,1,2,2,1,0,0,1,51,6,4,4,7,1,1
29,290140,1,2,1,3,4,19,0,1,0,1,0,29,1,37,705,37705,80,2007,JH2PC40027M0,J,H,2,P,C,4,0,0,2,7,M,0,0,M,HOND,B60,RS,7,17,,,,,,,599,0,0,000000000,00000000000,0,0,0,1,0,0,0,0,0,0,0,70,0,0,0,0,14,6,2,12,0,0,0,1,29,65305,6,1,0,0,3,3,67,144,0,0,0,0,0,0,0,0,0,1,28,0,0,0,1,2,55,2,3,2,1,0,0,14,6,7,3,2,98,1,0
29,290140,2,2,5,3,4,19,0,1,0,1,0,17,1,18,401,18401,14,2002,3G5DA03E32S5,3,G,5,D,A,0,3,E,3,2,S,5,0,P,BUIC,RZV,UT,2,17,4024,,0,1122,,G,,0,0,000000000,00000000000,0,0,0,1,0,0,0,0,0,0,0,45,0,0,0,12,12,4,3,12,0,0,0,1,17,61520,6,1,0,0,3,0,77,350,0,0,0,0,0,0,0,0,0,0,0,0,0,0,2,2,55,3,3,2,1,0,0,14,62,9,1,1,98,0,0
29,290141,1,1,1,4,4,3,9,33,0,1,0,29,1,7,472,7472,30,2006,1D7HE42K26S6,1,D,7,H,E,4,2,K,2,6,S,6,0,T,DODG,DSL,PC,6,17,,2,0,1309,DAK,G,,0,0,000000000,00000000000,0,0,0,1,0,0,0,0,0,0,0,998,0,0,0,12,11,9,2,42,0,0,0,1,29,63303,6,1,0,0,3,0,71,230,1,0,0,0,0,4,2008,4,2008,0,0,0,0,0,2,2,40,3,1,2,1,0,0,14,11,7,2,4,7,1,1
29,290142,1,1,1,4,4,12,45,1,0,1,0,29,2,73,709,73709,80,2007,JKBVNMF147A0,J,K,B,V,N,M,F,1,4,7,A,0,0,M,KAWK,VNF,RS,7,17,,,,,,,2053,0,0,000000000,00000000000,0,0,0,1,0,0,0,0,0,0,0,55,0,0,0,0,0,6,2,1,0,0,0,1,29,65552,6,1,6,0,3,0,72,240,0,0,0,0,0,0,0,0,0,1,0,0,0,0,1,2,55,2,1,2,1,0,0,14,6,1,1,4,1,1,0
29,290143,1,3,1,5,4,0,37,12,1,1,0,29,1,12,35,12035,4,1999,1FAFP6631XK1,1,F,A,F,P,6,6,3,1,X,K,1,0,P,FORD,CSE,4D,99,17,2774,,0,1065,,G,,0,0,000000000,00000000000,0,0,0,1,0,0,0,0,0,0,0,999,0,1,9,12,12,6,2,12,0,0,0,1,29,63034,1,1,0,0,2,0,73,165,1,0,0,0,0,5,2008,5,2008,1,26,0,0,0,1,4,35,1,1,2,1,3,3,1,6,1,1,1,24,1,1
29,290143,2,3,1,5,4,0,37,12,1,1,1,29,1,20,481,20481,31,2003,2GCEK19T1313,2,G,C,E,K,1,9,T,1,3,1,3,0,T,CHEV,SK1,4C,3,17,,2,1575,1435,SIL,G,,0,0,000000000,00000000000,0,0,0,1,0,0,0,0,0,0,0,999,0,0,0,6,6,6,2,12,0,0,0,1,29,63137,6,1,0,0,3,0,67,146,0,0,0,0,0,0,0,0,0,0,0,0,0,0,1,4,35,1,1,2,1,3,3,1,53,1,1,1,25,0,1
29,290143,3,3,1,5,4,0,37,12,1,1,0,29,1,6,52,6052,6,2004,3C8FY48BX4T3,3,C,8,F,Y,4,8,B,X,4,T,3,0,P,CHRY,PTC,SV,4,17,3026,,0,1030,,G,,0,0,000000000,00000000000,0,0,0,1,0,0,0,0,0,0,0,999,0,0,0,6,6,6,2,12,0,0,0,1,29,63130,6,1,0,0,3,0,63,130,1,1,0,0,0,6,2007,3,2010,0,0,0,0,0,1,4,35,1,1,2,1,3,3,1,53,1,1,1,98,0,0
29,290144,1,2,2,5,4,9,20,12,6,1,0,29,1,12,17,12017,4,1998,1FAFP52S4WG1,1,F,A,F,P,5,2,S,4,W,G,1,0,P,FORD,TLS,4D,98,17,3359,,0,1085,,G,,0,0,000000000,00000000000,0,0,0,1,0,0,0,0,0,0,0,65,0,0,0,11,11,6,2,12,0,0,0,1,29,65613,6,1,0,0,3,3,70,180,0,0,0,0,0,0,0,0,0,0,0,0,0,0,2,2,65,1,2,2,1,0,0,1,17,1,1,1,69,1,0
29,290144,2,2,1,5,4,9,20,12,6,1,0,29,3,6,441,6441,20,2000,1C4GP54L5YB5,1,C,4,G,P,5,4,L,5,Y,B,5,0,P,CHRY,TWC,SV,0,17,3961,,0,1193,,G,,0,0,000000000,00000000000,0,0,0,1,0,0,0,0,0,0,0,15,0,0,0,12,12,6,2,12,0,0,0,1,29,64776,6,1,0,0,3,3,73,230,0,0,0,0,0,0,0,0,0,0,38,0,0,0,2,2,65,1,2,2,1,21,3,11,15,1,1,2,68,0,0
29,290145,1,1,3,5,4,16,45,42,0,1,0,29,3,12,443,12443,20,2006,2FMZA52266BA,2,F,M,Z,A,5,2,2,6,6,B,A,0,P,FORD,FRE,SV,6,17,4275,,0,1208,,G,,0,0,000000000,00000000000,0,0,0,1,0,0,0,0,0,0,0,55,0,0,0,12,12,6,2,42,0,0,0,1,29,63090,6,1,0,0,3,3,66,200,1,0,0,0,0,4,2007,4,2007,0,0,0,0,0,1,2,55,3,5,2,1,0,0,14,13,1,1,4,1,1,0
29,290146,1,1,2,5,4,21,45,58,0,1,0,92,0,76,734,76734,90,2002,JY4AM01Y52C0,J,Y,4,A,M,0,1,Y,5,2,C,0,0,M,YAMA,Y6N,AT,2,17,,,,,,,660,0,0,000000000,00000000000,0,0,0,1,0,0,0,0,0,0,0,40,0,1,5,14,0,6,2,58,0,0,0,1,29,63104,1,1,0,0,2,0,71,230,1,4,0,0,1,10,2008,8,2009,1,39,0,0,0,1,2,35,1,2,2,1,20,3,1,14,4,2,4,14,1,1
29,290147,1,1,2,6,4,12,15,42,0,1,0,29,1,12,481,12481,31,2003,1FTRX17L43NA,1,F,T,R,X,1,7,L,4,3,N,A,0,T,FORD,F15,4C,3,17,,2,1571,1385,COF,G,,0,0,000000000,00000000000,0,0,0,1,0,0,0,0,0,0,0,999,0,0,0,12,12,6,2,42,0,0,0,1,29,63025,6,1,0,0,3,0,68,145,0,1,0,0,0,8,2009,8,2009,1,0,0,0,0,3,2,65,2,2,2,1,0,0,14,13,1,1,4,1,1,0
29,290148,1,1,2,7,4,0,15,1,0,1,0,29,2,37,706,37706,80,1985,1HFSC1807FA0,1,H,F,S,C,1,8,0,7,F,A,0,0,M,HOND,VT1,RS,85,17,,,,,,,1100,0,0,000000000,00000000000,0,0,0,1,0,0,0,0,0,0,0,55,0,0,0,0,12,6,2,35,0,0,0,1,29,63801,2,1,2,0,2,0,70,190,1,0,0,0,0,7,2008,7,2008,1,0,0,0,0,1,2,55,2,1,2,1,0,0,14,6,1,1,4,6,1,1
29,290149,1,1,1,7,4,23,15,19,0,1,0,29,1,20,2,20002,4,1984,2G1AL69H4E92,2,G,1,A,L,6,9,H,4,E,9,2,0,P,CHEV,IMP,4D,84,17,3489,,0,1160,,G,,0,0,000000000,00000000000,0,0,0,1,0,0,0,0,0,0,0,998,0,0,0,12,12,6,2,19,0,0,0,1,29,65802,6,1,0,0,3,0,72,189,1,0,0,0,1,10,2009,11,2009,0,0,0,0,0,1,2,30,1,1,2,1,0,0,1,13,1,1,4,1,1,1
29,290150,1,3,1,25,2,16,35,12,1,1,0,29,1,41,51,41051,4,2009,JM1BK32F4912,J,M,1,B,K,3,2,F,4,9,1,2,0,P,MAZD,M3I,4D,9,17,2780,,0,1039,,G,,0,0,000000000,00000000000,0,0,0,1,0,0,0,0,0,0,0,60,0,0,0,12,12,6,2,12,0,0,0,1,29,63026,6,1,0,0,3,3,70,195,1,0,0,0,0,2,2010,2,2010,0,0,0,0,0,2,2,60,1,1,1,1,1,8,1,50,1,1,1,20,1,0
29,290150,2,3,1,25,2,16,35,12,1,1,0,29,2,7,472,7472,30,2003,1D7HG38N33S1,1,D,7,H,G,3,8,N,3,3,S,1,0,T,DODG,QSP,CW,3,17,,2,0,1309,DAK,G,,0,0,000000000,00000000000,0,0,0,1,0,0,0,0,0,0,0,0,0,0,0,6,6,9,2,12,0,0,0,1,29,63049,6,1,0,0,3,0,64,230,0,0,0,0,0,0,0,0,0,0,0,0,0,0,2,2,60,1,1,1,1,1,8,5,53,1,1,1,21,0,0
29,290150,3,3,1,25,2,16,35,12,1,1,0,29,1,20,20,20020,4,2001,2G1WL52J0112,2,G,1,W,L,5,2,J,0,1,1,2,0,P,CHEV,LUM,4D,1,17,3330,,0,1075,,G,,0,0,000000000,00000000000,0,0,0,1,0,0,0,0,0,0,0,0,0,0,0,6,6,2,1,12,0,0,0,1,29,63030,6,1,0,0,3,3,77,280,0,0,0,0,0,0,0,0,0,0,0,0,0,0,2,2,60,1,1,1,1,1,8,5,53,1,1,1,98,0,0
29,290151,1,8,2,12,3,18,45,1,0,1,1,29,5,2,404,2404,14,1999,1J4FF68S7XL6,1,J,4,F,F,6,8,S,7,X,L,6,0,T,JEEP,SPC,4W,99,17,,1,0,1014,CHK,G,,0,0,000000000,00000000000,0,0,0,1,0,0,0,0,0,0,0,998,0,9,1,0,98,6,2,1,0,0,0,1,29,63120,6,1,0,0,3,0,66,180,0,0,0,0,0,0,0,0,0,1,28,39,0,0,5,4,35,1,1,2,2,2,3,1,10,99,9,2,98,1,0
29,290151,2,8,2,12,3,18,45,1,0,1,0,29,2,6,51,6051,4,2000,2C3HE66G4YH1,2,C,3,H,E,6,6,G,4,Y,H,1,0,P,CHRY,30M,4D,0,17,3499,,0,1130,,G,,0,0,000000000,00000000000,0,0,0,1,0,0,0,0,0,0,0,0,0,0,0,6,6,8,1,12,0,0,0,1,29,63147,6,1,0,0,3,0,66,180,0,0,0,0,0,0,0,0,0,0,0,0,0,0,5,4,35,1,1,2,2,2,8,5,98,1,1,1,98,0,0
29,290151,3,8,2,12,3,18,45,1,0,1,0,29,2,7,41,7041,4,1995,1B3HD56F7SF6,1,B,3,H,D,5,6,F,7,S,F,6,0,P,DODG,IES,4D,95,17,3397,,0,1130,,G,,0,0,000000000,00000000000,0,0,0,1,0,0,0,0,0,0,0,0,0,0,0,61,98,6,2,12,0,0,0,1,29,63136,1,1,0,0,2,0,67,270,1,2,0,1,0,3,2008,4,2009,0,0,0,0,0,5,4,35,1,1,2,2,2,8,5,62,1,1,1,98,0,0
29,290151,4,8,1,12,3,18,45,1,0,1,0,29,1,13,1,13001,4,1991,1LNCM81W9MY6,1,L,N,C,M,8,1,W,9,M,Y,6,0,P,LINC,EXC,4D,91,17,4035,,0,1174,,G,,0,0,000000000,00000000000,0,0,0,1,0,0,0,0,0,0,0,0,0,0,0,12,98,6,2,12,0,0,0,1,29,63103,6,1,0,0,3,0,69,200,0,0,0,0,0,0,0,0,0,0,0,0,0,0,5,4,35,1,1,2,2,2,8,5,98,1,1,1,98,0,0
29,290151,5,8,1,12,3,18,45,1,0,1,0,92,0,19,3,19003,4,2001,1G6KF579X1U1,1,G,6,K,F,5,7,9,X,1,U,1,0,P,CADI,D/T,4D,1,17,4047,,0,1138,,G,,0,0,000000000,00000000000,0,0,0,1,0,0,0,0,0,0,0,0,0,0,0,12,12,8,1,12,0,0,0,1,29,63106,6,1,6,0,3,0,67,140,1,0,0,2,0,4,2007,7,2009,0,0,0,0,0,5,4,35,1,1,2,2,2,8,5,98,1,1,1,98,0,0
29,290151,6,8,1,12,3,18,45,1,0,1,0,92,0,22,20,22020,4,2000,1G2WP52K5YF2,1,G,2,W,P,5,2,K,5,Y,F,2,0,P,PONT,GPG,4D,0,17,3455,,0,1105,,G,,0,0,000000000,00000000000,0,0,0,1,0,0,0,0,0,0,0,0,0,0,0,13,13,2,1,54,0,0,0,1,29,63138,6,1,0,0,3,0,64,170,0,0,0,0,0,0,0,0,0,0,89,0,0,0,5,4,35,1,1,2,2,2,8,5,98,1,1,1,98,0,0
29,290151,7,8,1,12,3,18,45,1,0,1,0,29,1,7,41,7041,4,2000,2B3HD46R8YH2,2,B,3,H,D,4,6,R,8,Y,H,2,0,P,DODG,INT,4D,0,17,3385,,0,1130,,G,,0,0,000000000,00000000000,0,0,0,1,0,0,0,0,0,0,0,0,0,0,0,62,98,6,2,12,0,0,0,1,29,63042,6,1,0,0,3,0,67,180,0,0,0,0,0,0,0,0,0,0,0,0,0,0,5,4,35,1,1,2,2,2,8,5,62,1,1,1,98,0,0
29,290151,8,8,3,12,3,18,45,1,0,1,0,29,1,19,3,19003,4,2002,1G6KD54YX2U1,1,G,6,K,D,5,4,Y,X,2,U,1,0,P,CADI,DFW,4D,2,17,3978,,0,1153,,G,,0,0,000000000,00000000000,0,0,0,1,0,0,0,0,0,0,0,0,0,0,0,12,12,6,2,12,0,0,0,1,29,63136,6,1,0,0,3,3,63,250,0,0,0,0,0,0,0,0,0,0,0,0,0,0,5,4,35,1,1,2,2,2,8,5,98,1,1,1,98,0,0
29,290152,1,1,1,12,3,21,40,8,0,1,0,29,2,49,32,49032,5,2007,2T1KR32E67C6,2,T,1,K,R,3,2,E,6,7,C,6,0,P,TOYT,CTR,4H,7,17,2679,,0,1024,,G,,0,0,000000000,00000000000,0,0,0,1,0,0,0,0,0,0,0,998,0,0,0,12,12,4,1,8,0,0,0,1,29,63132,6,1,0,0,3,0,66,220,0,0,0,0,0,0,0,0,0,0,0,0,0,0,5,4,40,1,1,2,2,0,0,1,80,1,1,1,13,0,0
29,290153,1,1,4,23,3,20,52,30,0,1,0,29,5,6,442,6442,20,2001,1C4GJ25BX1B1,1,C,4,G,J,2,5,B,X,1,B,1,0,P,CHRY,VOV,SV,1,17,3815,,0,1133,,G,,0,0,000000000,00000000000,0,0,0,1,0,0,0,0,0,0,0,74,0,0,0,3,81,6,2,42,0,0,0,1,29,63103,0,0,0,0,0,0,999,999,0,0,0,0,0,0,0,0,0,1,36,39,0,0,1,2,25,1,2,2,1,0,0,1,12,3,4,4,7,1,0
29,290154,1,4,3,24,3,10,6,12,6,1,0,17,1,23,401,23401,14,1995,1GKCS13W3S25,1,G,K,C,S,1,3,W,3,S,2,5,0,T,GMC,JMY,4W,95,17,,1,0,1070,JMY,G,,0,0,000000000,00000000000,0,0,0,1,0,0,0,0,0,0,0,25,0,0,0,12,12,6,2,12,0,0,0,1,29,63139,6,1,0,0,3,0,67,140,2,0,0,1,0,6,2009,11,2009,0,0,0,0,0,1,2,25,1,8,8,1,2,3,1,66,1,1,1,86,0,0
29,290154,2,4,1,24,3,10,6,12,6,1,0,0,0,20,2,20002,4,2008,2G1WS5836891,2,G,1,W,S,5,8,3,6,8,9,1,0,P,CHEV,I/P,4D,8,17,0,,0,1105,,F,,0,0,000000000,00000000000,0,0,0,1,0,0,0,0,0,5,1,76,0,0,0,3,98,6,2,12,0,0,0,1,29,63110,6,1,0,0,3,3,71,200,0,0,0,0,0,0,0,0,0,1,16,39,0,0,5,4,35,1,1,2,1,2,3,1,17,1,1,1,87,1,0
29,290154,3,4,1,24,3,10,6,12,6,1,0,2,1,35,402,35402,14,2006,5N1AN08W26C5,5,N,1,A,N,0,8,W,2,6,C,5,0,P,NISS,XTR,UT,6,17,4165,,0,1063,,G,,0,0,000000000,00000000000,0,0,0,1,0,0,0,0,0,0,0,0,0,0,0,12,98,6,2,12,0,0,0,1,29,63118,6,1,0,0,3,0,72,200,0,0,0,0,0,0,0,0,0,0,0,0,0,0,5,4,35,1,1,2,1,2,3,5,62,1,1,1,98,0,0
29,290154,4,4,1,24,3,10,6,12,6,1,0,17,1,12,37,12037,5,2005,3FAFP37N15R1,3,F,A,F,P,3,7,N,1,5,R,1,0,P,FORD,FX5,5D,5,17,2729,,0,1030,,G,,0,0,000000000,00000000000,0,0,0,1,0,0,0,0,0,0,0,0,0,0,0,12,12,6,2,12,0,0,0,1,17,62095,6,1,0,0,3,0,72,130,0,0,0,0,0,0,0,0,0,0,0,0,0,0,5,4,35,1,1,2,1,2,3,5,98,1,1,1,98,0,0
29,290155,1,1,2,26,3,18,30,59,0,1,0,29,1,20,403,20403,14,2005,1GNDT13S3522,1,G,N,D,T,1,3,S,3,5,2,2,1,P,CHEV,TRL,UT,5,17,4612,,0,1130,,G,,1,0,000000000,00000000000,0,0,0,1,0,0,0,0,0,0,0,45,0,1,5,3,0,6,2,1,0,0,0,1,29,63383,6,1,0,0,3,0,70,210,0,0,0,0,0,0,0,0,0,1,58,0,0,0,1,2,50,3,2,2,1,40,3,14,13,6,4,4,7,1,0
29,290156,1,1,3,27,3,1,54,43,0,1,0,29,1,20,16,20016,2,1992,1G1JC1445N71,1,G,1,J,C,1,4,4,5,N,7,1,0,P,CHEV,CRV,CP,92,17,2509,,0,1013,,G,,0,0,000000000,00000000000,0,0,0,1,0,0,0,0,0,0,0,998,0,1,9,12,0,6,2,1,0,0,0,1,29,64151,6,1,0,0,3,0,69,135,0,0,0,1,0,7,2007,7,2007,1,0,0,0,0,1,2,35,1,2,2,1,0,0,1,12,99,4,4,7,1,1
29,290157,1,2,1,4,4,19,57,12,1,1,0,92,0,37,706,37706,80,2007,JH2PC40027M0,J,H,2,P,C,4,0,0,2,7,M,0,0,M,HOND,B60,RS,7,17,,,,,,,599,0,0,000000000,00000000000,0,0,0,1,0,0,0,0,0,0,0,100,0,0,0,12,98,6,2,12,0,0,0,1,29,64127,6,1,0,0,3,0,67,160,0,2,0,0,0,4,2007,6,2007,1,27,0,0,0,3,3,65,1,1,2,1,0,0,15,51,3,2,1,24,1,0
29,290157,2,2,1,4,4,19,57,12,1,1,0,29,1,23,481,23481,31,1995,2GTEK19K2S15,2,G,T,E,K,1,9,K,2,S,1,5,0,T,GMC,SK1,PC,95,17,,2,1555,1415,SIE,G,,0,0,000000000,00000000000,0,0,0,1,0,0,0,0,0,0,0,998,0,0,0,6,6,2,1,12,0,0,0,1,29,64030,6,1,0,0,3,3,65,150,0,0,0,0,0,0,0,0,0,0,0,0,0,0,3,3,65,1,1,2,1,0,0,15,53,1,1,1,25,0,0
29,290158,1,2,1,8,4,5,0,12,8,1,0,29,1,59,401,59401,14,1999,JT6HF10U1X00,J,T,6,H,F,1,0,U,1,X,0,0,0,P,LEXS,RX3,UT,99,17,3900,,0,1031,,G,,0,0,000000000,00000000000,0,0,0,1,0,0,0,0,0,0,0,999,0,0,0,11,12,6,2,12,0,0,0,1,29,63555,6,1,0,0,3,1,67,140,0,0,0,0,0,0,0,0,0,0,28,0,0,0,1,2,40,2,1,2,1,0,0,14,10,1,1,2,64,1,0
29,290158,2,2,1,8,4,5,0,12,8,1,0,99,9,84,881,84881,63,1989,2HSFEBNR6KC0,2,H,S,F,E,B,N,R,6,K,C,0,1,T,INTL,F93,TM,89,17,,8,0,0,930,D,,1,57,78741,5778741,3,4,4,1,0,0,0,0,0,0,0,999,0,1,5,11,12,6,2,12,0,0,0,1,19,52632,6,1,6,0,3,0,72,175,0,0,0,1,0,9,2008,9,2008,0,0,0,0,0,1,2,40,3,1,2,1,0,0,14,62,99,1,1,65,0,0
29,290159,1,2,1,9,4,3,19,12,2,1,0,92,0,12,17,12017,4,1994,1FALP5343RG1,1,F,A,L,P,5,3,4,3,R,G,1,0,P,FORD,TAX,4D,94,17,3147,,0,1060,,G,,0,0,000000000,00000000000,0,0,0,1,0,0,0,0,0,0,0,90,0,1,1,12,0,6,2,12,0,0,0,1,29,63116,6,1,0,0,3,0,67,165,0,0,0,0,0,0,0,0,0,1,28,0,0,0,1,4,35,2,2,2,1,0,0,14,10,99,9,2,50,1,1
29,290159,2,2,1,9,4,3,19,12,2,1,0,29,1,14,17,14017,6,1999,1MEFM58S0XA6,1,M,E,F,M,5,8,S,0,X,A,6,0,P,MERC,SGL,SW,99,17,3462,,0,1085,,G,,0,0,000000000,00000000000,0,0,0,1,0,0,0,0,0,0,0,998,0,0,0,12,12,6,2,12,0,0,0,1,29,63113,6,1,0,0,3,0,71,210,0,0,0,0,0,0,0,0,0,0,0,0,0,0,1,4,35,3,2,2,1,0,0,14,62,99,1,1,51,0,0
29,290161,1,2,1,9,4,18,35,12,6,1,0,17,1,53,705,53705,80,1997,JS1GN78A6V21,J,S,1,G,N,7,8,A,6,V,2,1,0,M,SUZI,G60,RS,97,17,,,,,,,600,0,0,000000000,00000000000,0,0,0,1,0,0,0,0,0,0,0,60,0,0,0,12,12,6,2,12,0,0,0,1,29,63114,1,1,0,0,2,0,68,200,0,4,0,1,0,2,2010,3,2010,1,0,0,0,0,1,4,35,1,1,2,1,0,0,3,62,1,1,1,69,1,0
29,290161,2,2,1,9,4,18,35,12,6,1,0,37,1,34,37,34037,4,1998,WBAGF8323WDL,W,B,A,G,F,8,3,2,3,W,D,L,0,P,BMW,74A,4D,98,17,4255,,0,1154,,G,,0,0,000000000,00000000000,0,0,0,1,0,0,0,0,0,0,0,998,0,0,0,3,3,6,2,12,0,0,0,1,13,63112,3,1,3,0,2,0,74,180,98,0,0,0,0,0,0,0,0,0,0,0,0,0,1,4,35,1,1,2,1,0,0,11,15,99,1,1,68,0,1
29,290162,1,1,1,10,4,9,0,35,0,1,0,20,1,49,32,49032,5,2004,2T1KR32E54C1,2,T,1,K,R,3,2,E,5,4,C,1,0,P,TOYT,CTR,4H,4,17,2701,,0,1024,,G,,0,0,000000000,00000000000,0,0,0,1,0,0,0,0,0,0,0,60,0,1,5,14,0,6,2,1,0,0,0,1,20,66109,6,1,0,0,3,3,62,225,0,0,0,0,0,0,0,0,0,0,0,0,0,0,1,2,60,1,6,2,1,0,0,1,12,1,1,4,6,1,0