STATE,ST_CASE,VEH_NO,VE_FORMS,NUMOCCS,DAY,MONTH,HOUR,MINUTE,HARM_EV,MAN_COLL,UNITTYPE,HIT_RUN,REG_STAT,OWNER,MAKE,MODEL,MAK_MOD,BODY_TYP,MOD_YEAR,VIN,VIN_1,VIN_2,VIN_3,VIN_4,VIN_5,VIN_6,VIN_7,VIN_8,VIN_9,VIN_10,VIN_11,VIN_12,TOW_VEH,VINTYPE,VINMAKE,VINA_MOD,VIN_BT,VINMODYR,VIN_LNGT,VIN_WGT,WGTCD_TR,WHLBS_LG,WHLBS_SH,SER_TR,FUELCODE,MCYCL_DS,J_KNIFE,MCARR_I1,MCARR_I2,MCARR_ID,GVWR,V_CONFIG,CARGO_BT,HAZ_INV,HAZ_PLAC,HAZ_ID,HAZ_CNO,HAZ_REL,BUS_USE,SPEC_USE,EMER_USE,TRAV_SP,UNDERIDE,ROLLOVER,ROLINLOC,IMPACT1,IMPACT2,DEFORMED,TOWED,M_HARM,VEH_SC1,VEH_SC2,FIRE_EXP,DR_PRES,L_STATE,DR_ZIP,L_STATUS,L_TYPE,CDL_STAT,L_ENDORS,L_COMPL,L_RESTRI,DR_HGT,DR_WGT,PREV_ACC,PREV_SUS,PREV_DWI,PREV_SPD,PREV_OTH,FIRST_MO,FIRST_YR,LAST_MO,LAST_YR,SPEEDREL,DR_SF1,DR_SF2,DR_SF3,DR_SF4,VTRAFWAY,VNUM_LAN,VSPD_LIM,VALIGN,VPROFILE,VPAVETYP,VSURCOND,VTRAFCON,VTCONT_F,P_CRASH1,P_CRASH2,P_CRASH3,PCRASH4,PCRASH5,ACC_TYPE,DEATHS,DR_DRINK
29,290163,1,1,1,10,4,9,15,34,0,1,0,29,1,12,13,12013,6,1995,1FASP15J5SW1,1,F,A,S,P,1,5,J,5,S,W,1,0,P,FORD,EST,SW,95,17,2451,,0,984,,G,,0,0,000000000,00000000000,0,0,0,1,0,0,0,0,0,0,0,50,0,1,6,12,0,6,4,1,0,0,0,1,29,65243,6,1,0,0,3,3,63,150,0,0,0,0,0,0,0,0,0,1,0,0,0,0,1,2,50,1,5,4,1,0,0,17,13,4,3,4,2,1,0
29,290164,1,1,1,10,4,19,18,34,0,1,0,29,2,49,472,49472,30,1997,4TAWN74N2VZ2,4,T,A,W,N,7,4,N,2,V,Z,2,0,T,TOYT,TR5,PC,97,17,,1,0,1219,TAC,G,,0,0,000000000,00000000000,0,0,0,1,0,0,0,0,0,0,0,70,0,1,5,12,0,6,2,1,0,0,0,1,29,65734,6,1,0,0,3,0,68,150,0,0,0,0,0,0,0,0,0,1,79,0,0,0,1,2,55,3,5,2,1,0,0,14,6,99,3,4,2,1,1
29,290165,1,1,1,16,2,10,37,53,0,1,0,29,1,14,443,14443,20,1998,4M2ZV1110WDJ,4,M,2,Z,V,1,1,1,0,W,D,J,0,P,MERC,VLR,SV,98,17,3979,,0,1122,,G,,0,0,000000000,00000000000,0,0,0,1,0,0,0,0,0,0,0,998,0,1,5,12,0,6,2,1,0,0,0,1,29,65714,6,1,0,0,3,0,75,226,0,0,0,0,0,0,0,0,0,0,0,0,0,0,1,2,35,1,1,2,1,0,0,1,8,1,1,4,6,1,0
29,290166,1,2,1,21,3,5,59,12,1,1,1,99,9,99,999,99999,99,9999,999999999999,9,9,9,9,9,9,9,9,9,9,9,9,0,U,,,,9,17,,,,,,,,0,0,000000000,00000000000,0,0,0,1,0,0,0,0,0,0,0,999,0,0,0,12,99,4,1,12,0,0,0,1,99,99999,9,9,99,9,9,9,999,999,99,99,99,99,99,99,9999,99,9999,0,99,99,99,99,3,3,55,1,1,2,1,0,0,1,99,1,1,1,33,0,0
29,290166,2,2,1,21,3,5,59,12,1,1,0,29,1,20,471,20471,30,2001,1GCCS1957181,1,G,C,C,S,1,9,5,7,1,8,1,0,T,CHEV,S14,PC,1,17,,1,0,1229,S,F,,0,0,000000000,00000000000,0,0,0,1,0,0,0,0,0,0,0,998,0,1,3,6,0,6,2,1,0,0,0,1,29,63628,6,1,3,0,3,3,61,200,1,0,0,0,0,9,2008,9,2008,0,0,0,0,0,3,3,55,1,1,2,1,0,0,1,99,1,1,1,33,1,0
29,290167,1,2,2,29,3,22,47,12,6,1,0,29,2,7,402,7402,14,2000,1B4HS28NXYF1,1,B,4,H,S,2,8,N,X,Y,F,1,0,P,DODG,DUR,UT,0,17,4462,,0,1159,,G,,0,0,000000000,00000000000,0,0,0,1,0,0,0,0,0,0,0,998,0,0,0,12,6,6,2,12,0,0,0,1,29,63010,6,1,0,0,3,0,70,173,0,0,0,0,0,0,0,0,0,0,0,0,0,0,3,2,50,1,6,2,1,3,3,1,17,1,1,1,86,0,0
29,290167,2,2,2,29,3,22,47,12,6,1,0,29,2,20,16,20016,2,1999,1G1JC1248X71,1,G,1,J,C,1,2,4,8,X,7,1,0,P,CHEV,C/S,CP,99,17,2617,,0,1041,,G,,0,0,000000000,00000000000,0,0,0,1,0,0,0,0,0,0,0,998,0,0,0,2,2,6,2,12,0,0,0,1,29,63052,6,1,0,0,3,0,70,155,1,0,0,0,0,9,2008,9,2008,0,39,0,0,0,3,2,30,1,6,2,1,3,3,1,17,1,1,1,87,1,0
29,290168,1,1,5,4,4,3,23,42,0,1,0,29,1,6,51,6051,4,2005,2C3AA63H75H5,2,C,3,A,A,6,3,H,7,5,H,5,0,P,CHRY,30C,4D,5,17,4064,,0,1200,,G,,0,0,000000000,00000000000,0,0,0,1,0,0,0,0,0,0,0,116,0,1,5,12,12,6,2,42,0,0,0,1,29,64134,1,1,0,0,2,3,70,178,0,2,0,0,1,6,2007,10,2008,1,0,0,0,0,1,2,25,1,2,2,1,0,0,1,6,1,1,4,6,3,1
29,290169,1,1,2,6,4,0,2,14,0,1,0,29,2,7,20,7020,4,2000,1B3ES46C3YD8,1,B,3,E,S,4,6,C,3,Y,D,8,0,P,DODG,NSE,4D,0,17,2515,,0,1050,,G,,0,0,000000000,00000000000,0,0,0,1,0,0,0,0,0,0,0,85,0,1,5,12,12,6,2,1,0,0,0,1,29,63134,0,0,0,0,0,0,999,999,0,0,0,0,0,0,0,0,0,1,0,0,0,0,1,4,25,1,1,2,1,0,0,1,6,1,1,4,1,1,0
29,290170,1,3,1,11,4,12,15,12,6,1,0,29,1,37,706,37706,80,1996,1HFSC2208TA8,1,H,F,S,C,2,2,0,8,T,A,8,0,M,HOND,G/2,RS,96,17,,,,,,,1520,0,0,000000000,00000000000,0,0,0,1,0,0,0,0,0,0,0,40,0,0,0,12,12,6,2,12,0,0,0,1,29,63628,6,1,6,0,3,3,75,295,0,0,0,0,0,0,0,0,0,0,33,0,0,0,1,2,55,2,2,2,1,0,0,6,10,1,1,2,73,1,0
29,290170,2,3,3,11,4,12,15,12,6,1,0,29,2,12,422,12422,15,2000,1FMPU18L2YLA,1,F,M,P,U,1,8,L,2,Y,L,A,0,P,FORD,EPT,UT,0,17,5401,,0,1191,,G,,0,0,000000000,00000000000,0,0,0,1,0,0,0,0,0,0,0,20,0,0,0,11,82,2,1,12,0,0,0,1,29,63670,6,2,0,0,3,3,72,138,0,0,0,0,0,0,0,0,0,0,0,0,0,0,1,2,55,2,2,2,1,0,0,11,53,1,1,2,72,0,0
29,290170,3,3,1,11,4,12,15,12,6,1,0,29,1,37,709,37709,80,2006,1HFSC47F56A5,1,H,F,S,C,4,7,F,5,6,A,5,0,M,HOND,GL8,RS,6,17,,,,,,,1832,0,0,000000000,00000000000,0,0,0,1,0,0,0,0,0,0,0,40,0,0,0,0,12,4,1,5,0,0,0,1,29,63640,6,1,0,0,3,3,74,240,1,0,0,0,0,3,2008,3,2008,0,0,0,0,0,1,2,55,2,2,2,1,0,0,14,13,9,1,4,98,0,0
29,290171,1,2,3,11,4,17,15,12,1,1,0,29,1,49,32,49032,4,1992,1NXAE94A2NZ3,1,N,X,A,E,9,4,A,2,N,Z,3,0,P,TOYT,CDF,4D,92,17,2257,,0,957,,G,,0,0,000000000,00000000000,0,0,0,1,0,0,0,0,0,0,0,65,0,0,0,6,6,2,1,12,0,0,0,1,29,63134,2,1,0,0,2,0,72,155,3,7,0,0,0,6,2007,3,2010,0,0,0,0,0,3,3,60,1,2,2,1,0,0,15,53,1,1,1,25,0,0
29,290171,2,2,1,11,4,17,15,12,1,1,0,92,0,53,706,53706,80,2002,JS1GW71A0221,J,S,1,G,W,7,1,A,0,2,2,1,0,M,SUZI,GXR,RS,2,17,,,,,,,1299,0,0,000000000,00000000000,0,0,0,1,0,0,0,0,0,0,0,100,0,0,0,12,81,6,2,24,0,0,0,1,29,63137,6,1,6,0,3,3,72,210,1,0,0,0,0,5,2008,5,2008,1,26,27,0,0,3,3,60,1,2,2,1,0,0,15,51,1,1,1,24,1,0
29,290172,1,1,1,11,4,17,18,34,0,1,0,29,2,20,443,20443,20,1998,1GNDU06E8WD2,1,G,N,D,U,0,6,E,8,W,D,2,0,P,CHEV,VTR,SV,98,17,3699,,0,1120,,G,,0,0,000000000,00000000000,0,0,0,1,0,0,0,0,0,0,0,55,0,1,5,1,0,6,2,1,0,0,0,1,6,93307,0,0,0,0,0,0,999,999,0,0,0,0,0,0,0,0,0,1,0,0,0,0,1,2,55,2,2,2,1,0,0,14,12,7,4,4,7,1,1
29,290173,1,1,1,11,4,20,0,21,0,1,0,29,1,23,481,23481,31,2006,3GTEC14X16G1,3,G,T,E,C,1,4,X,1,6,G,1,0,T,GMC,NC1,PK,6,17,,2,1330,1190,SIE,G,,0,0,000000000,00000000000,0,0,0,1,0,0,0,0,0,0,0,65,0,0,0,1,0,6,2,2,0,0,1,1,29,63841,6,1,0,0,3,0,72,154,0,0,0,0,0,0,0,0,0,0,0,0,0,0,2,2,65,1,2,2,1,0,0,1,12,1,1,4,6,1,0
29,290174,1,2,2,11,4,23,39,12,2,1,0,29,1,34,34,34034,2,1998,WBACG7328WAS,W,B,A,C,G,7,3,2,8,W,A,S,0,P,BMW,3TI,2H,98,17,2778,,0,1063,,G,,0,0,000000000,00000000000,0,0,0,1,0,0,0,0,0,0,0,60,0,0,0,12,12,6,2,12,0,0,0,1,29,65109,6,2,0,0,3,3,70,190,0,0,0,2,2,11,2007,6,2009,1,28,0,0,0,1,2,45,2,1,2,1,0,0,14,10,1,1,2,50,2,0
29,290174,2,2,1,11,4,23,39,12,2,1,0,29,3,98,898,98898,63,2007,11VF813A07A0,1,1,V,F,8,1,3,A,0,7,A,0,0,U,,,,7,17,,,,,,,,0,57,339171,57339171,3,1,96,1,0,0,0,0,0,0,0,25,0,0,0,12,12,6,2,12,0,0,0,1,29,65085,6,1,6,0,3,0,71,210,0,0,0,0,0,0,0,0,0,0,0,0,0,0,1,2,45,3,1,2,1,0,0,14,62,1,1,1,51,0,0
29,290175,1,1,2,12,4,12,50,59,0,1,0,20,2,12,471,12471,30,2000,1FTYR14V7YPC,1,F,T,Y,R,1,4,V,7,Y,P,C,0,T,FORD,RNS,PS,0,17,,1,0,1257,RNG,F,,0,0,000000000,00000000000,0,0,0,1,0,0,0,0,0,0,0,60,0,1,1,12,0,6,2,1,0,0,0,1,29,64748,3,1,0,0,2,0,71,160,0,0,0,0,0,0,0,0,0,0,0,0,0,0,1,2,60,1,1,2,1,0,0,1,13,1,1,4,1,1,0
29,290176,1,2,2,12,4,13,30,12,6,1,0,29,1,22,441,22441,20,1998,1GMDX03E2WD2,1,G,M,D,X,0,3,E,2,W,D,2,0,T,PONT,TSP,ES,98,17,,1,0,1200,TSP,G,,0,0,000000000,00000000000,0,0,0,1,0,0,0,0,0,0,0,20,0,0,0,9,9,6,2,12,0,0,0,1,29,63555,6,1,0,0,3,3,64,160,0,0,0,0,0,0,0,0,0,0,38,0,0,0,1,2,45,1,1,2,1,20,3,4,17,1,1,1,89,2,0
29,290176,2,2,2,12,4,13,30,12,6,1,0,93,3,82,883,82883,66,2006,1FUJA6CK76LU,1,F,U,J,A,6,C,K,7,6,L,U,1,T,FRHT,COL,DS,6,17,,8,0,0,CON,D,,1,57,160875,57160875,3,6,1,1,0,0,0,0,0,0,0,65,0,0,0,12,12,6,2,12,0,0,0,1,29,63501,6,1,6,0,3,0,74,250,0,0,0,0,0,0,0,0,0,0,0,0,0,0,2,2,65,1,1,1,1,0,0,1,17,5,1,2,88,0,0
29,290177,1,1,1,9,3,6,50,42,0,1,0,29,1,20,401,20401,14,2001,1GNDT13W91K2,1,G,N,D,T,1,3,W,9,1,K,2,0,P,CHEV,BZR,UT,1,17,4133,,0,1070,,G,,0,0,000000000,00000000000,0,0,0,1,0,0,0,0,0,0,0,50,0,0,0,12,12,6,2,42,0,0,0,1,29,63664,6,1,0,0,3,0,72,190,1,0,0,0,0,11,2007,11,2007,0,0,0,0,0,1,2,50,2,2,2,2,0,0,14,12,1,1,4,6,1,0
29,290178,1,1,1,27,2,5,0,34,0,1,0,29,1,55,36,55036,4,2002,KMHCG45C22U3,K,M,H,C,G,4,5,C,2,2,U,3,0,P,HYUN,AGL,4D,2,17,2350,,0,961,,G,,0,0,000000000,00000000000,0,0,0,1,0,0,0,0,0,0,0,998,0,0,0,12,12,6,2,34,0,0,0,1,29,63026,6,1,0,0,3,0,71,250,0,0,0,0,0,0,0,0,0,0,0,0,0,0,1,4,40,1,1,2,1,0,0,1,12,1,1,4,6,1,1
29,290179,1,1,1,27,3,23,44,42,0,1,0,29,1,14,4,14004,2,1995,1MELM62W9SH6,1,M,E,L,M,6,2,W,9,S,H,6,0,P,MERC,XR7,2D,95,17,3533,,0,1130,,G,,0,0,000000000,00000000000,0,0,0,1,0,0,0,0,0,0,0,998,0,0,0,6,12,6,2,14,0,0,0,1,29,63130,6,1,0,0,3,3,68,145,0,0,0,0,1,3,2009,3,2009,1,0,0,0,0,3,2,30,1,1,2,2,0,0,1,6,4,2,4,2,1,1
29,290180,1,1,1,13,4,11,7,59,0,1,0,29,1,12,422,12422,15,2000,1FMPU18L8YLC,1,F,M,P,U,1,8,L,8,Y,L,C,0,P,FORD,EPT,UT,0,17,5401,,0,1191,,G,,0,0,000000000,00000000000,0,0,0,1,0,0,0,0,0,0,0,65,0,1,5,14,0,6,2,1,0,0,1,1,29,63051,6,1,0,0,3,3,74,250,1,0,0,0,0,11,2009,11,2009,1,0,0,0,0,1,2,50,2,2,1,1,0,0,14,6,1,1,4,1,1,0
29,290181,1,1,1,13,4,14,0,32,0,1,0,29,2,18,2,18002,4,1997,1G4HP52K6VH4,1,G,4,H,P,5,2,K,6,V,H,4,0,P,BUIC,LCF,4D,97,17,3446,,0,1108,,G,,0,0,000000000,00000000000,0,0,0,1,0,0,0,0,0,0,0,40,0,0,0,12,12,6,2,32,0,0,0,1,29,63873,6,1,0,0,3,3,44,189,1,0,0,0,1,9,2007,10,2007,1,0,0,0,0,1,2,55,1,1,2,1,0,0,17,6,7,1,4,1,1,0
29,290182,1,2,2,13,4,16,20,12,1,1,0,29,1,20,9,20009,3,1991,1G1FP2380ML1,1,G,1,F,P,2,3,8,0,M,L,1,0,P,CHEV,Z28,CP,91,17,2987,,0,1010,,G,,0,0,000000000,00000000000,0,0,0,1,0,0,0,0,0,0,0,65,0,0,0,12,12,6,2,12,0,0,0,1,29,63034,6,2,0,0,3,3,67,165,0,0,0,0,0,0,0,0,0,1,0,0,0,0,3,2,70,1,2,2,1,0,0,1,6,4,1,1,24,0,0
29,290182,2,2,1,13,4,16,20,12,1,1,0,17,3,37,705,37705,80,2003,JH2PF011X3K1,J,H,2,P,F,0,1,1,X,3,K,1,0,M,HOND,FSD,RS,3,17,,,,,,,582,0,0,000000000,00000000000,0,0,0,1,0,0,0,0,0,0,0,998,0,0,0,6,6,6,2,12,0,0,0,1,29,63034,6,1,0,0,3,0,72,220,1,0,0,1,0,5,2009,11,2009,0,0,0,0,0,3,2,70,1,2,2,1,0,0,2,18,1,1,1,25,1,0
29,290183,1,6,1,13,4,21,8,12,8,1,0,29,1,20,16,20016,2,1994,1G1JC1442R72,1,G,1,J,C,1,4,4,2,R,7,2,0,P,CHEV,CRV,CP,94,17,2509,,0,1013,,G,,0,0,000000000,00000000000,0,0,0,1,0,0,0,0,0,0,0,45,0,0,0,61,61,6,2,12,0,0,0,1,29,63069,0,0,0,0,0,0,999,999,0,0,0,0,0,0,0,0,0,0,35,0,0,0,1,2,45,1,2,2,1,97,8,6,10,99,1,2,64,1,1
29,290183,2,6,1,13,4,21,8,12,8,1,0,29,1,13,14,13014,6,2009,2LMDU88C49BJ,2,L,M,D,U,8,8,C,4,9,B,J,0,P,LINC,MKX,UT,9,17,4419,,0,1112,,G,,0,0,000000000,00000000000,0,0,0,1,0,0,0,0,0,0,0,45,0,0,0,12,12,6,2,12,0,0,0,1,29,65041,6,1,0,0,3,0,73,190,0,0,0,0,0,0,0,0,0,0,0,0,0,0,1,2,45,1,2,2,1,97,8,1,62,99,1,1,98,0,0
29,290183,3,6,1,13,4,21,8,12,8,1,0,29,1,13,421,13421,15,2008,5LMFU28528LJ,5,L,M,F,U,2,8,5,2,8,L,J,0,P,LINC,NAV,UT,8,17,6070,,0,1190,,G,,0,0,000000000,00000000000,0,0,0,1,0,0,0,0,0,0,0,45,0,0,0,9,9,4,3,12,0,0,0,1,29,63090,6,1,0,0,3,3,69,200,0,0,0,0,0,0,0,0,0,0,0,0,0,0,1,2,45,1,2,2,1,97,8,1,62,9,1,1,98,0,0
29,290183,4,6,1,13,4,21,8,12,8,1,0,29,1,14,401,14401,14,2000,4M2ZU86P4YUJ,4,M,2,Z,U,8,6,P,4,Y,U,J,0,P,MERC,MOU,UT,0,17,4250,,0,1116,,G,,0,0,000000000,00000000000,0,0,0,1,0,0,0,0,0,0,0,45,0,0,0,61,61,2,1,12,0,0,0,1,29,63089,6,1,0,0,3,0,70,118,1,0,0,1,0,11,2007,12,2009,0,0,0,0,0,1,2,45,1,2,2,1,97,8,1,62,9,1,1,65,0,0
29,290183,5,6,1,13,4,21,8,12,8,1,0,93,3,51,881,51881,66,2004,4V4NC9GH24N3,4,V,4,N,C,9,G,H,2,4,N,3,1,T,VOLV,VNL,DS,4,17,,8,0,0,VVN,D,,1,57,22209,5722209,3,6,1,1,0,0,0,0,0,0,0,45,0,0,0,9,8,2,1,12,0,0,0,1,18,46121,6,1,6,0,3,0,68,165,0,0,0,1,0,4,2009,4,2009,0,0,0,0,0,1,2,45,1,2,2,1,97,8,1,61,9,1,2,98,0,0
29,290183,6,6,2,13,4,21,8,12,8,1,0,29,1,12,471,12471,30,1993,1FTCR10U3PPB,1,F,T,C,R,1,0,U,3,P,P,B,0,T,FORD,RNG,PK,93,17,,1,1139,1079,RNG,G,,0,0,000000000,00000000000,0,0,0,1,0,0,0,0,0,0,0,45,0,0,0,10,10,2,1,12,0,0,0,1,29,63077,6,1,0,0,3,0,66,170,0,0,0,0,0,0,0,0,0,0,0,0,0,0,1,2,45,1,2,2,1,97,8,1,62,9,1,1,98,0,0
29,290184,1,3,1,14,4,6,20,12,2,1,0,29,1,6,51,6051,4,2005,2C3AA63H05H5,2,C,3,A,A,6,3,H,0,5,H,5,0,P,CHRY,30C,4D,5,17,4064,,0,1200,,G,,0,0,000000000,00000000000,0,0,0,1,0,0,0,0,0,0,0,999,0,0,0,12,12,6,2,12,0,0,0,1,29,65301,6,1,0,0,3,0,66,170,0,0,0,0,1,3,2009,3,2009,0,28,0,0,0,1,2,60,1,2,1,1,0,0,1,11,1,1,2,50,0,0
29,290184,2,3,1,14,4,6,20,12,2,1,0,29,3,84,881,84881,63,1993,1HTHBN6N9PH4,1,H,T,H,B,N,6,N,9,P,H,4,0,T,INTL,810,DS,93,17,,7,2560,1360,80S,D,,0,57,00003686,5700003686,3,2,97,1,0,0,0,0,0,0,0,999,0,1,5,12,0,6,2,2,0,0,1,1,29,65337,6,1,6,0,3,3,70,230,0,0,0,0,0,0,0,0,0,0,0,0,0,0,1,2,60,1,2,1,1,0,0,1,62,4,1,1,51,1,0
29,290184,3,3,1,14,4,6,20,12,2,1,0,29,1,37,706,37706,80,1992,1HFSC2269NA4,1,H,F,S,C,2,2,6,9,N,A,4,0,M,HOND,G0I,RS,92,17,,,,,,,1500,0,0,000000000,00000000000,0,0,0,1,0,0,0,0,0,0,0,999,0,0,0,14,14,2,1,12,0,0,0,1,29,65023,6,1,0,0,3,0,65,171,0,0,0,1,0,6,2007,6,2007,0,0,0,0,0,1,2,60,1,2,1,1,0,0,1,98,9,1,1,98,0,0
29,290185,1,1,2,14,4,8,0,1,0,1,0,29,2,12,401,12401,14,1999,1FMYU24E6XUB,1,F,M,Y,U,2,4,E,6,X,U,B,0,P,FORD,EPR,UT,99,17,3898,,0,1017,,G,,0,0,000000000,00000000000,0,0,0,1,0,0,0,0,0,0,0,55,0,1,1,0,0,6,2,1,0,0,0,1,29,63640,6,1,0,0,3,0,74,275,0,0,0,0,0,0,0,0,0,0,58,0,0,0,1,2,55,1,1,2,1,0,0,1,13,6,3,2,98,1,0
29,290186,1,1,1,14,4,16,15,35,0,1,0,29,1,72,706,72706,80,2008,1HD1FB4198Y6,1,H,D,1,F,B,4,1,9,8,Y,6,0,M,HD,FHR,RS,8,17,,,,,,,1584,0,0,000000000,00000000000,0,0,0,1,0,0,0,0,0,0,0,55,0,0,0,12,12,6,2,35,0,0,0,1,29,63367,6,1,0,0,3,3,71,185,0,0,0,0,0,0,0,0,0,0,0,0,0,0,1,2,55,3,2,2,1,0,0,14,13,99,1,4,1,1,0
29,290187,1,1,1,14,4,16,30,57,0,1,0,5,2,72,706,72706,80,2005,1HD1BHY185Y0,1,H,D,1,B,H,Y,1,8,5,Y,0,0,M,HD,FXT,RS,5,17,,,,,,,1450,0,0,000000000,00000000000,0,0,0,1,0,0,0,0,0,0,0,999,0,0,0,9,9,6,2,57,0,0,0,1,29,63645,6,7,0,0,3,0,74,240,1,0,0,0,0,4,2010,4,2010,1,0,0,0,0,3,2,65,2,1,2,1,0,0,14,6,1,1,4,6,1,0
29,290188,1,2,1,15,4,13,58,12,2,1,0,29,1,13,1,13001,4,1996,1LNLM81W1TY6,1,L,N,L,M,8,1,W,1,T,Y,6,0,P,LINC,EXC,4D,96,17,4040,,0,1174,,G,,0,0,000000000,00000000000,0,0,0,1,0,0,0,0,0,0,0,60,0,0,0,12,12,6,2,12,0,0,0,1,29,65802,6,1,0,0,3,0,72,200,0,0,0,0,0,0,0,0,0,0,28,0,0,0,1,2,60,1,2,1,1,0,0,1,10,1,1,2,50,1,1
29,290188,2,2,1,15,4,13,58,12,2,1,0,92,0,49,401,49401,14,2010,JTEBU5JR2A50,J,T,E,B,U,5,J,R,2,A,5,0,0,P,TOYT,RUN,UT,10,17,4675,,0,1098,,G,,0,0,000000000,00000000000,0,0,0,1,0,0,0,0,0,0,0,60,0,0,0,12,12,6,2,12,0,0,0,1,20,66218,6,1,0,0,3,3,63,104,0,0,0,1,0,5,2009,5,2009,0,0,0,0,0,1,2,60,1,2,1,1,0,0,1,62,7,1,2,51,0,0
29,290189,1,1,1,16,4,15,2,1,0,1,0,39,1,72,706,72706,80,1995,1HD1FCR1XSY6,1,H,D,1,F,C,R,1,X,S,Y,6,0,M,HD,FLU,RS,95,17,,,,,,,1340,0,0,000000000,00000000000,0,0,0,1,0,0,0,0,0,0,0,70,0,0,0,0,0,6,2,57,0,0,0,1,39,45069,6,1,0,0,3,0,68,190,0,0,0,1,0,11,2007,11,2007,0,0,0,0,0,3,2,70,1,5,2,1,0,0,1,12,1,1,4,6,1,0
29,290190,1,1,1,16,4,15,20,35,0,1,0,29,3,7,41,7041,4,1999,2B3HD46R1XH6,2,B,3,H,D,4,6,R,1,X,H,6,0,P,DODG,INT,4D,99,17,3338,,0,1130,,G,,0,0,000000000,00000000000,0,0,0,1,0,0,0,0,0,0,0,55,0,0,0,14,9,6,2,42,0,0,0,1,12,32223,6,1,0,0,3,3,68,999,1,0,0,0,1,2,2010,3,2010,0,0,0,0,0,1,2,55,3,2,2,1,0,0,14,13,1,1,4,1,1,1
29,290191,1,1,1,18,4,2,40,24,0,1,0,92,0,12,422,12422,15,2000,1FMRU1564YLB,1,F,M,R,U,1,5,6,4,Y,L,B,0,P,FORD,EPT,UT,0,17,4886,,0,1191,,G,,0,0,000000000,00000000000,0,0,0,1,0,0,0,0,0,0,0,998,0,0,0,81,12,6,2,21,0,0,0,1,29,64157,6,1,0,0,3,0,72,200,0,0,0,1,0,2,2010,2,2010,1,0,0,0,0,6,1,45,3,2,2,1,0,0,14,6,9,1,4,1,1,1
29,290192,1,1,1,18,4,10,20,59,0,1,0,29,1,72,706,72706,80,1999,1HD4CAM18XK1,1,H,D,4,C,A,M,1,8,X,K,1,0,M,HD,X88,RS,99,17,,,,,,,883,0,0,000000000,00000000000,0,0,0,1,0,0,0,0,0,0,0,55,0,0,0,12,0,6,2,1,0,0,0,1,20,66112,6,1,0,0,3,0,66,170,0,0,0,0,0,0,0,0,0,1,0,0,0,0,1,2,55,2,2,2,1,0,0,14,6,1,1,4,6,1,0
29,290193,1,1,1,18,4,22,37,1,0,1,0,17,1,20,471,20471,30,2004,1GCEC19X34E1,1,G,C,E,C,1,9,X,3,4,E,1,1,T,CHEV,SC1,4C,4,17,,2,1575,1435,SIL,G,,1,0,000000000,00000000000,0,0,0,1,0,0,0,0,0,0,0,65,0,2,1,0,0,6,2,1,0,0,0,1,12,32533,6,1,0,0,3,3,71,999,0,0,0,2,1,5,2008,10,2009,0,0,0,0,0,3,4,65,1,1,1,1,0,0,1,8,7,3,2,98,1,0
29,290194,1,1,1,19,4,3,45,8,0,1,0,29,1,12,471,12471,30,1996,1FTCR14XXTPA,1,F,T,C,R,1,4,X,X,T,P,A,0,T,FORD,RNS,PS,96,17,,1,0,1250,RNG,G,,0,0,000000000,00000000000,0,0,0,1,0,0,0,0,0,0,0,57,0,0,0,12,12,2,1,8,0,0,0,1,29,63129,6,1,0,0,3,0,74,250,0,0,0,0,0,0,0,0,0,0,0,0,0,0,3,2,65,1,1,1,1,0,0,1,80,3,1,1,13,0,0
29,290195,1,2,2,19,4,9,5,12,2,1,0,29,1,18,2,18002,4,2001,1G4HP54K71U2,1,G,4,H,P,5,4,K,7,1,U,2,0,P,BUIC,LCF,4D,1,17,3567,,0,1122,,G,,0,0,000000000,00000000000,0,0,0,1,0,0,0,0,0,0,0,55,0,0,0,12,12,6,2,12,0,0,0,1,29,65360,6,1,0,0,3,0,62,185,0,0,0,0,0,0,0,0,0,0,0,0,0,0,1,2,55,1,1,2,1,0,0,1,62,7,1,1,51,1,0
29,290195,2,2,1,19,4,9,5,12,2,1,0,29,2,22,20,22020,4,1993,1G2WH54TXPF2,1,G,2,W,H,5,4,T,X,P,F,2,0,P,PONT,GFL,4D,93,17,3219,,0,1075,,G,,0,0,000000000,00000000000,0,0,0,1,0,0,0,0,0,0,0,55,0,1,2,12,12,6,2,12,0,0,0,1,29,64735,6,2,0,0,3,2,65,130,0,0,0,1,0,10,2009,10,2009,0,28,73,0,0,1,2,55,1,1,2,1,0,0,1,54,1,1,2,50,0,0
29,290196,1,1,1,19,4,14,8,34,0,1,0,29,1,37,32,37032,2,2000,1HGCG2258YA0,1,H,G,C,G,2,2,5,8,Y,A,0,0,P,HOND,UEX,CP,0,17,3241,,0,1051,,G,,0,0,000000000,00000000000,0,0,0,1,0,0,0,0,0,0,0,70,0,1,5,12,0,6,2,1,0,0,0,1,29,65781,6,1,0,0,3,0,63,160,1,0,0,1,0,8,2007,4,2008,1,0,0,0,0,1,2,55,1,6,2,1,0,0,1,6,1,4,4,2,1,0
29,290197,1,1,3,20,4,16,20,35,0,1,0,29,2,20,481,20481,31,1972,CCE142S18607,C,C,E,1,4,2,S,1,8,6,0,7,0,P,,,,,,,,,,,,,0,0,000000000,00000000000,0,0,0,1,0,0,0,0,0,0,0,998,0,0,0,12,12,6,2,35,0,0,0,1,29,63740,6,2,0,0,3,2,63,150,0,0,0,0,0,0,0,0,0,1,73,0,0,0,1,2,65,2,1,2,1,0,0,14,6,99,4,4,2,1,0