STATE,ST_CASE,VEH_NO,VE_FORMS,NUMOCCS,DAY,MONTH,HOUR,MINUTE,HARM_EV,MAN_COLL,UNITTYPE,HIT_RUN,REG_STAT,OWNER,MAKE,MODEL,MAK_MOD,BODY_TYP,MOD_YEAR,VIN,VIN_1,VIN_2,VIN_3,VIN_4,VIN_5,VIN_6,VIN_7,VIN_8,VIN_9,VIN_10,VIN_11,VIN_12,TOW_VEH,VINTYPE,VINMAKE,VINA_MOD,VIN_BT,VINMODYR,VIN_LNGT,VIN_WGT,WGTCD_TR,WHLBS_LG,WHLBS_SH,SER_TR,FUELCODE,MCYCL_DS,J_KNIFE,MCARR_I1,MCARR_I2,MCARR_ID,GVWR,V_CONFIG,CARGO_BT,HAZ_INV,HAZ_PLAC,HAZ_ID,HAZ_CNO,HAZ_REL,BUS_USE,SPEC_USE,EMER_USE,TRAV_SP,UNDERIDE,ROLLOVER,ROLINLOC,IMPACT1,IMPACT2,DEFORMED,TOWED,M_HARM,VEH_SC1,VEH_SC2,FIRE_EXP,DR_PRES,L_STATE,DR_ZIP,L_STATUS,L_TYPE,CDL_STAT,L_ENDORS,L_COMPL,L_RESTRI,DR_HGT,DR_WGT,PREV_ACC,PREV_SUS,PREV_DWI,PREV_SPD,PREV_OTH,FIRST_MO,FIRST_YR,LAST_MO,LAST_YR,SPEEDREL,DR_SF1,DR_SF2,DR_SF3,DR_SF4,VTRAFWAY,VNUM_LAN,VSPD_LIM,VALIGN,VPROFILE,VPAVETYP,VSURCOND,VTRAFCON,VTCONT_F,P_CRASH1,P_CRASH2,P_CRASH3,PCRASH4,PCRASH5,ACC_TYPE,DEATHS,DR_DRINK
29,290198,1,1,1,21,4,99,99,35,0,1,0,29,2,41,471,41471,30,1994,4F4CR12A8RTM,4,F,4,C,R,1,2,A,8,R,T,M,0,T,MAZD,RGC,PK,94,17,,1,0,1079,B23,G,,0,0,000000000,00000000000,0,0,0,1,0,0,0,0,0,0,0,55,0,0,0,14,14,6,2,35,0,0,0,1,29,63640,6,1,0,0,3,0,63,130,0,1,0,0,0,4,2010,4,2010,0,58,0,0,0,1,2,55,1,6,2,1,0,0,1,12,99,3,4,7,1,1
29,290199,1,2,1,22,4,4,0,12,6,1,0,29,1,12,461,12461,21,2000,1FTSS34L7YHB,1,F,T,S,S,3,4,L,7,Y,H,B,0,T,FORD,3SD,EC,0,17,,2,0,1380,VAN,G,,0,0,000000000,00000000000,0,0,0,1,0,0,0,0,0,0,0,0,0,0,0,5,5,4,3,12,0,0,0,1,29,63301,6,1,0,0,3,3,76,250,0,0,0,0,0,0,0,0,0,0,0,0,0,0,2,2,70,1,6,2,1,0,0,5,98,99,1,2,48,1,0
29,290199,2,2,1,22,4,4,0,12,6,1,0,27,3,82,883,82883,66,2001,1FUJA3BD81PB,1,F,U,J,A,3,B,D,8,1,P,B,1,T,FRHT,FC2,DS,1,17,,8,0,0,CON,D,,1,57,184150,57184150,3,6,8,1,0,0,0,0,0,0,0,68,0,1,5,12,0,6,2,1,0,0,0,1,26,48005,6,1,6,3,3,0,70,265,0,0,0,0,0,0,0,0,0,0,0,0,0,0,2,2,70,1,2,2,1,0,0,1,50,1,1,1,48,0,0
29,290200,1,1,1,22,4,13,38,30,0,1,0,29,1,12,481,12481,31,2001,1FTRX18L41NA,1,F,T,R,X,1,8,L,4,1,N,A,0,T,FORD,F15,4C,1,17,,2,1574,1388,COF,G,,0,0,000000000,00000000000,0,0,0,1,0,0,0,0,0,0,0,55,0,1,5,5,0,6,2,1,0,0,0,1,29,63383,6,1,0,0,3,3,72,180,1,0,0,0,0,12,2007,12,2007,0,58,0,0,0,1,2,55,1,2,2,1,0,0,1,13,6,3,4,2,1,1
29,290201,1,1,2,24,4,1,27,1,0,1,0,29,1,23,481,23481,31,2000,1GTEK19V1YE2,1,G,T,E,K,1,9,V,1,Y,E,2,0,T,GMC,NK1,3C,0,17,,2,1575,1435,SIE,G,,0,0,000000000,00000000000,0,0,0,1,0,0,0,0,0,0,0,50,0,1,5,0,0,6,2,1,0,0,0,1,29,63362,6,1,0,0,3,0,71,235,0,0,0,0,0,0,0,0,0,1,91,0,0,0,1,2,35,3,6,4,2,0,0,14,6,6,4,4,2,1,1
29,290202,1,1,2,24,4,3,10,8,0,1,0,29,1,23,481,23481,31,1996,1GTEC14W2TZ5,1,G,T,E,C,1,4,W,2,T,Z,5,1,T,GMC,SC1,PK,96,17,,2,1315,1175,SIE,G,,1,0,000000000,00000000000,0,0,0,1,0,0,0,0,0,0,0,60,0,0,0,12,12,6,2,8,0,0,0,1,29,65020,6,1,0,0,3,3,73,150,0,0,0,0,0,0,0,0,0,0,0,0,0,0,1,2,60,1,5,1,2,0,0,1,80,99,1,1,13,0,0
29,290203,1,2,1,24,4,9,25,12,2,1,0,29,1,72,706,72706,80,2001,1HD1GHV111Y3,1,H,D,1,G,H,V,1,1,1,Y,3,0,M,HD,FDX,RS,1,17,,,,,,,1450,0,0,000000000,00000000000,0,0,0,1,0,0,0,0,0,0,0,60,0,0,0,12,12,6,2,12,0,0,0,1,29,64633,6,1,6,0,3,3,73,280,0,0,0,0,0,0,0,0,0,0,28,0,0,0,1,2,60,2,6,2,2,0,0,14,10,99,1,2,50,1,0
29,290203,2,2,1,24,4,9,25,12,2,1,0,29,1,12,481,12481,31,2004,2FTRX18W14CA,2,F,T,R,X,1,8,W,1,4,C,A,0,T,FORD,HER,4C,4,17,,2,1570,1390,COF,G,,0,0,000000000,00000000000,0,0,0,1,0,0,0,0,0,0,0,60,0,0,0,12,12,6,2,12,0,0,0,1,29,64664,6,1,0,0,3,0,65,150,0,0,0,0,0,0,0,0,0,0,0,0,0,0,1,2,60,2,6,2,2,0,0,14,54,99,1,1,51,0,0
29,290204,1,1,1,24,4,16,30,1,0,1,0,29,1,49,33,49033,3,1982,JT2RA64L6C60,J,T,2,R,A,6,4,L,6,C,6,0,0,P,TOYT,CGT,2L,82,17,2513,,0,984,,G,,0,0,000000000,00000000000,0,0,0,1,0,0,0,0,0,0,0,55,0,2,5,0,12,6,2,38,0,0,0,1,29,65453,1,1,0,0,2,0,69,150,0,2,0,0,2,5,2007,1,2010,1,0,0,0,0,1,2,55,2,6,2,2,0,0,14,6,99,2,4,7,1,1
29,290205,1,1,1,25,4,23,50,42,0,1,0,29,2,49,40,49040,4,2004,JTDBE32K7402,J,T,D,B,E,3,2,K,7,4,0,2,0,P,TOYT,XLL,4D,4,17,3086,,0,1071,,G,,0,0,000000000,00000000000,0,0,0,1,0,0,0,0,0,0,0,55,0,0,0,12,12,6,2,42,0,0,0,1,29,65775,6,1,0,0,3,0,72,175,0,0,0,1,0,5,2009,5,2009,0,0,0,0,0,1,2,55,3,1,2,1,0,0,14,12,99,4,4,7,1,1
29,290206,1,1,1,27,4,2,9,9,0,1,0,93,3,82,881,82881,66,2005,1FUJBBCG55PL,1,F,U,J,B,B,C,G,5,5,P,L,1,T,FRHT,ST2,DS,5,17,,8,0,0,CON,D,,1,57,568550,57568550,3,6,1,1,0,0,0,0,0,0,0,998,0,0,0,12,12,8,8,9,0,0,0,1,29,65804,6,1,6,0,3,0,71,240,1,0,0,0,0,6,2007,6,2007,0,0,0,0,0,1,2,60,1,3,2,2,0,0,1,83,3,2,1,13,0,0
29,290207,1,2,1,28,4,2,46,12,1,1,0,29,1,41,37,41037,4,2000,1YVGF22D5Y51,1,Y,V,G,F,2,2,D,5,Y,5,1,0,P,MAZD,U6X,4D,0,17,3023,,0,1051,,G,,0,0,000000000,00000000000,0,0,0,1,0,0,0,0,0,0,0,998,0,0,0,12,12,6,2,12,0,0,0,1,29,64012,6,1,6,0,3,0,71,215,0,0,0,0,0,0,0,0,0,0,0,0,0,0,3,5,65,2,1,1,1,0,0,14,50,1,1,1,32,0,0
29,290207,2,2,1,28,4,2,46,12,1,1,0,92,6,22,9,22009,3,1999,2G2FV22G7X22,2,G,2,F,V,2,2,G,7,X,2,2,0,P,PONT,FTA,2H,99,17,3455,,0,1011,,G,,0,0,000000000,00000000000,0,0,0,1,0,0,0,0,0,0,0,0,0,0,0,6,6,6,2,12,0,0,0,0,,,,,,,,,999,,,,,,,,,,,,20,0,0,0,3,5,65,2,1,1,1,0,0,0,98,0,0,0,32,1,0
29,290208,1,1,1,28,4,15,50,38,0,1,0,29,1,22,16,22016,2,1990,1G2JB14K0L75,1,G,2,J,B,1,4,K,0,L,7,5,0,P,PONT,SLE,CP,90,17,2465,,0,1012,,G,,0,0,000000000,00000000000,0,0,0,1,0,0,0,0,0,0,0,55,0,1,5,12,0,6,2,1,0,0,0,1,29,64843,6,1,0,0,3,0,70,145,0,0,0,0,1,5,2009,5,2009,1,0,0,0,0,1,2,55,3,5,2,1,0,0,14,6,99,4,4,7,1,1
29,290209,1,1,1,28,4,17,40,1,0,1,0,0,0,99,998,99998,97,9999,000000000000,0,0,0,0,0,0,0,0,0,0,0,0,0,U,,,,,17,,,,,,,,0,0,000000000,00000000000,0,0,0,1,0,0,0,0,0,0,0,30,0,9,1,0,0,2,4,1,0,0,0,1,29,65616,1,1,0,0,2,3,66,220,0,0,0,0,0,0,0,0,0,1,0,0,0,0,1,2,35,1,2,2,1,0,0,3,6,99,2,2,98,1,0
29,290210,1,1,1,28,4,19,43,9,0,1,0,29,1,49,403,49403,14,2006,JTEEP21A4601,J,T,E,E,P,2,1,A,4,6,0,1,0,P,TOYT,HIG,UT,6,17,3704,,0,1069,,G,,0,0,000000000,00000000000,0,0,0,1,0,0,0,0,0,0,0,35,0,0,0,12,12,2,1,9,0,0,0,1,29,64093,6,1,0,0,3,3,67,170,0,0,0,0,0,0,0,0,0,0,0,0,0,0,1,2,35,1,1,2,1,0,0,1,83,8,2,2,13,0,0
29,290211,1,1,1,29,4,19,45,1,0,1,0,29,1,12,13,12013,4,1999,1FAFP13P3XW2,1,F,A,F,P,1,3,P,3,X,W,2,0,P,FORD,ESE,4D,99,17,2468,,0,984,,G,,0,0,000000000,00000000000,0,0,0,1,0,0,0,0,0,0,0,60,0,1,5,0,0,6,2,1,0,0,0,1,29,63463,6,1,0,0,3,0,63,150,1,0,0,0,0,8,2009,8,2009,1,0,0,0,0,1,2,60,1,1,2,1,0,0,1,12,1,3,4,7,1,0
29,290212,1,1,1,29,4,21,10,1,0,1,0,29,2,37,706,37706,80,2007,JH2RC46147M9,J,H,2,R,C,4,6,1,4,7,M,9,0,M,HOND,V80,RS,7,17,,,,,,,781,0,0,000000000,00000000000,0,0,0,1,0,0,0,0,0,0,0,84,0,0,0,0,0,6,2,1,0,0,0,1,29,63050,6,1,0,0,3,3,69,190,1,0,0,0,0,11,2008,11,2008,1,0,0,0,0,2,2,65,2,5,1,1,0,0,14,6,99,1,4,6,1,1
29,290213,1,1,1,30,4,0,1,42,0,1,0,29,2,20,2,20002,4,2008,2G1WC5830891,2,G,1,W,C,5,8,3,0,8,9,1,0,P,CHEV,IMT,4D,8,17,3649,,0,1105,,F,,0,0,000000000,00000000000,0,0,0,1,0,0,0,0,0,0,0,80,0,1,5,9,9,6,2,42,0,0,0,1,29,65326,0,0,0,0,0,0,72,175,0,0,0,0,0,0,0,0,0,1,33,0,0,0,1,2,30,1,2,2,1,0,0,6,12,1,3,4,7,1,1
29,290214,1,2,1,2,5,18,25,12,2,1,0,20,2,53,706,53706,80,2005,JS1VS55A5521,J,S,1,V,S,5,5,A,5,5,2,1,0,M,SUZI,C50,RS,5,17,,,,,,,805,0,0,000000000,00000000000,0,0,0,1,0,0,0,0,0,0,0,998,0,0,0,12,12,6,2,12,0,0,0,1,20,66106,6,1,0,0,3,0,76,320,0,0,0,0,0,0,0,0,0,0,51,0,0,0,2,2,55,1,1,2,1,0,0,1,54,1,1,1,62,1,0
29,290214,2,2,3,2,5,18,25,12,2,1,0,29,1,54,35,54035,4,2002,19UUA56812A0,1,9,U,U,A,5,6,8,1,2,A,0,0,P,ACUR,3TS,4D,2,17,3558,,0,1081,,G,,0,0,000000000,00000000000,0,0,0,1,0,0,0,0,0,0,0,998,0,0,0,12,12,6,2,12,0,0,0,1,29,64152,6,1,0,0,3,0,67,125,0,0,0,0,0,0,0,0,0,0,0,0,0,0,2,2,55,1,1,2,1,0,0,1,54,1,1,1,62,0,0
29,290215,1,3,1,3,5,8,30,54,11,1,0,93,3,51,881,51881,66,2008,4V4NC9GH68N4,4,V,4,N,C,9,G,H,6,8,N,4,1,T,VOLV,VNL,DS,8,17,,8,0,0,VVN,D,,1,57,036684,57036684,3,6,1,1,0,0,0,0,0,0,0,999,0,0,0,18,18,6,2,54,0,0,0,1,29,63385,6,1,6,0,3,0,71,170,0,0,0,0,0,0,0,0,0,0,0,0,0,0,3,3,60,1,1,1,2,0,0,1,3,1,1,1,98,0,0
29,290215,2,3,1,3,5,8,30,54,11,1,0,29,2,7,402,7402,14,2003,1D4HS58N23F6,1,D,4,H,S,5,8,N,2,3,F,6,0,P,DODG,DUR,UT,3,17,4687,,0,1160,,G,,0,0,000000000,00000000000,0,0,0,1,0,0,0,0,0,0,0,999,0,0,0,12,12,6,2,12,0,0,0,1,29,63304,6,1,0,0,3,0,70,165,0,0,0,0,0,0,0,0,0,0,0,0,0,0,3,3,60,1,1,1,2,0,0,1,8,1,1,2,98,1,0
29,290215,3,3,1,3,5,8,30,54,11,1,0,29,2,35,47,35047,4,1994,1N4BU31D6RC2,1,N,4,B,U,3,1,D,6,R,C,2,0,P,NISS,AGS,4D,94,17,2729,,0,1031,,G,,0,0,000000000,00000000000,0,0,0,1,0,0,0,0,0,0,0,999,0,0,0,11,12,6,2,12,0,0,0,1,29,63301,2,1,0,0,2,0,62,125,3,12,0,6,1,11,2007,4,2010,0,0,0,0,0,3,3,60,1,1,1,2,0,0,1,61,1,1,1,98,0,0
29,290216,1,2,1,3,5,15,15,12,1,1,0,29,3,98,881,98881,61,2009,5B4KPD276934,5,B,4,K,P,D,2,7,6,9,3,4,0,U,,,,9,17,,,,,,,,0,57,063904,57063904,2,1,1,1,0,0,0,0,0,0,0,55,0,0,0,12,12,6,2,12,0,0,0,1,29,65714,6,1,0,0,3,3,71,220,0,0,0,0,0,0,0,0,0,0,33,0,0,0,1,2,55,1,5,2,1,0,0,6,51,4,2,2,24,0,0
29,290216,2,2,1,3,5,15,15,12,1,1,0,0,0,98,998,98998,92,1972,000000000000,0,0,0,0,0,0,0,0,0,0,0,0,1,U,,,,,17,,,,,,,,1,0,000000000,00000000000,0,0,0,1,0,0,0,0,0,0,0,20,0,1,1,6,0,6,2,1,0,0,0,1,29,65571,6,1,0,0,3,0,70,176,0,0,0,0,0,0,0,0,0,0,0,0,0,0,1,2,55,1,5,2,1,0,0,1,53,1,1,1,25,1,0
29,290217,1,1,2,5,5,1,57,35,0,1,0,29,2,2,404,2404,14,1997,1J4GZ78S0VC6,1,J,4,G,Z,7,8,S,0,V,C,6,0,T,JEEP,L/O,4W,97,17,,1,0,1059,GCK,G,,0,0,000000000,00000000000,0,0,0,1,0,0,0,0,0,0,0,67,0,1,5,12,0,6,2,1,0,0,0,1,29,64098,3,1,0,0,2,3,60,100,0,0,0,0,0,0,0,0,0,1,0,0,0,0,1,2,55,4,1,2,1,0,0,14,6,6,2,4,7,1,1
29,290218,1,1,1,5,5,14,55,1,0,1,0,29,3,86,881,86881,63,1996,1M2B209C5TM0,1,M,2,B,2,0,9,C,5,T,M,0,0,T,MACK,DM6,DP,96,17,,8,0,0,600,D,,0,88,888888888,88888888888,3,2,5,1,0,0,0,0,0,0,0,45,0,2,5,0,0,6,2,1,0,0,0,1,29,63343,6,1,6,0,3,0,70,165,0,0,0,0,0,0,0,0,0,0,58,0,0,0,1,2,55,3,2,2,1,0,0,14,13,7,2,4,2,1,0
29,290219,1,2,1,6,5,11,0,12,6,1,0,29,1,20,461,20461,21,1992,2GCEG25H3N41,2,G,C,E,G,2,5,H,3,N,4,1,0,T,CHEV,G20,VN,92,17,,2,1250,1100,VAN,G,,0,0,000000000,00000000000,0,0,0,1,0,0,0,0,0,0,0,11,0,0,0,12,12,6,2,12,0,0,0,1,29,64113,6,1,0,0,3,3,70,160,0,0,0,0,1,4,2008,4,2008,0,0,0,0,0,1,4,35,1,1,2,1,0,0,1,71,1,1,1,83,0,0
29,290219,2,2,1,6,5,11,0,12,6,1,0,29,1,18,15,18015,4,1980,4C695AW23224,4,C,6,9,5,A,W,2,3,2,2,4,0,P,,,,,,,,,,,,,0,0,000000000,00000000000,0,0,0,1,0,0,0,0,0,0,0,998,0,0,0,9,9,6,2,12,0,0,0,1,29,64114,6,1,0,0,3,3,64,130,0,0,0,0,0,0,0,0,0,0,38,0,0,0,1,4,35,1,1,2,1,0,0,11,66,1,1,2,82,1,0
29,290220,1,2,1,6,5,15,0,12,6,1,0,29,3,23,481,23481,31,2005,1GTHK24215E3,1,G,T,H,K,2,4,2,1,5,E,3,0,T,GMC,2KH,PK,5,17,,2,0,1330,SIE,D,,0,0,000000000,00000000000,0,0,0,1,0,0,0,0,0,0,0,11,0,0,0,2,2,6,2,12,0,0,0,1,29,63468,6,1,0,0,3,3,74,210,0,0,0,0,0,0,0,0,0,0,38,0,0,0,2,2,65,1,1,1,1,21,3,11,17,1,1,1,82,1,0
29,290220,2,2,2,6,5,15,0,12,6,1,0,93,3,82,881,82881,66,2009,1FUJBBDR49DA,1,F,U,J,B,B,D,R,4,9,D,A,1,T,FRHT,ST2,DS,9,17,,8,0,0,CON,D,,1,57,264184,57264184,3,6,1,1,0,0,0,0,0,0,0,68,0,0,0,12,12,6,2,12,0,0,0,1,4,85029,6,1,6,3,3,0,76,220,0,0,0,1,0,7,2009,7,2009,0,0,0,0,0,2,2,65,1,1,1,1,0,0,1,66,8,1,1,83,0,0
29,290221,1,1,2,6,5,22,57,34,0,1,0,29,1,52,39,52039,3,1993,JA3BN74K0PY0,J,A,3,B,N,7,4,K,0,P,Y,0,0,P,MITS,3VR,2H,93,17,3803,,0,972,,G,,0,0,000000000,00000000000,0,0,0,1,0,0,0,0,0,0,0,75,0,1,5,12,0,6,2,1,0,0,0,1,29,65018,6,1,0,0,3,0,68,140,0,0,0,0,0,0,0,0,0,1,0,0,0,0,1,2,55,1,3,2,1,0,0,1,6,4,2,4,7,1,0
29,290222,1,1,1,6,5,23,45,38,0,1,0,29,1,12,17,12017,4,1994,1FALP52U0RG1,1,F,A,L,P,5,2,U,0,R,G,1,0,P,FORD,TAG,4D,94,17,3104,,0,1060,,G,,0,0,000000000,00000000000,0,0,0,1,0,0,0,0,0,0,0,65,0,1,5,1,0,6,2,1,0,0,0,1,29,65787,6,1,0,0,3,3,64,195,0,0,0,0,0,0,0,0,0,1,0,0,0,0,1,2,45,3,5,2,1,0,0,14,13,4,1,4,1,1,1
29,290223,1,1,1,7,5,18,0,43,0,1,0,29,1,20,36,20036,2,2002,2G1WW12E2291,2,G,1,W,W,1,2,E,2,2,9,1,0,P,CHEV,MLS,CP,2,17,3340,,0,1105,,G,,0,0,000000000,00000000000,0,0,0,1,0,0,0,0,0,0,0,55,0,0,0,12,3,6,2,10,0,0,0,1,29,63771,6,1,0,0,3,3,61,135,0,0,0,0,0,0,0,0,0,0,39,0,0,0,1,2,55,1,2,2,2,65,3,1,98,1,1,1,98,1,0
29,290224,1,1,1,8,5,5,27,35,0,1,0,29,1,20,481,20481,31,1996,2GCEK19R8T11,2,G,C,E,K,1,9,R,8,T,1,1,0,T,CHEV,GK1,PC,96,17,,2,1555,1415,GM4,G,,0,0,000000000,00000000000,0,0,0,1,0,0,0,0,0,0,0,55,0,0,0,12,12,6,2,35,0,0,0,1,29,64834,6,1,6,0,3,3,68,150,0,0,0,0,0,0,0,0,0,0,0,0,0,0,1,2,55,3,1,2,1,0,0,14,13,1,1,4,1,1,0
29,290225,1,1,1,8,5,15,50,42,0,1,0,29,1,20,401,20401,14,1999,1GNDT13W7X21,1,G,N,D,T,1,3,W,7,X,2,1,0,P,CHEV,BZR,UT,99,17,4023,,0,1070,,G,,0,0,000000000,00000000000,0,0,0,1,0,0,0,0,0,0,0,40,0,2,5,12,0,6,2,1,0,0,0,1,29,65737,6,1,0,0,3,3,70,190,1,0,0,0,1,4,2009,5,2009,0,0,0,0,0,1,2,40,3,1,2,1,0,0,14,13,4,4,4,2,1,1
29,290227,1,2,2,9,5,15,55,12,6,1,0,29,1,35,48,35048,2,2003,JN1AZ34D13T1,J,N,1,A,Z,3,4,D,1,3,T,1,0,P,NISS,3ZC,CP,3,17,3062,,0,1083,,G,,0,0,000000000,00000000000,0,0,0,1,0,0,0,0,0,0,0,75,0,0,0,4,4,6,2,12,0,0,0,1,29,63379,6,1,0,0,3,0,77,185,1,0,0,0,0,9,2007,9,2007,1,0,0,0,0,1,2,35,1,6,2,1,0,0,1,10,6,4,2,64,2,0
29,290227,2,2,1,9,5,15,55,12,6,1,0,29,2,20,481,20481,31,1998,1GCEC14R6WZ1,1,G,C,E,C,1,4,R,6,W,Z,1,0,T,CHEV,GC1,PK,98,17,,2,1315,1175,GM4,G,,0,0,000000000,00000000000,0,0,0,1,0,0,0,0,0,0,0,25,0,0,0,12,12,6,2,12,0,0,0,1,29,63379,6,1,0,0,3,3,71,220,0,0,0,0,0,0,0,0,0,0,0,0,0,0,1,2,35,1,5,2,1,0,0,1,62,6,1,1,65,0,0
29,290228,1,1,1,11,5,4,30,1,0,1,0,29,1,7,20,7020,4,1997,3B3ES47Y4VT5,3,B,3,E,S,4,7,Y,4,V,T,5,0,P,DODG,NHS,4P,97,17,2517,,0,1040,,G,,0,0,000000000,00000000000,0,0,0,1,0,0,0,0,0,0,0,55,0,2,5,0,0,6,2,1,0,0,0,1,29,63650,6,1,0,0,3,0,66,165,0,0,0,0,0,0,0,0,0,1,87,0,0,0,1,2,55,3,6,2,2,0,0,14,6,99,4,4,7,1,0
29,290229,1,1,1,11,5,8,38,35,0,1,0,29,1,20,403,20403,14,2004,1GNET16S5461,1,G,N,E,T,1,6,S,5,4,6,1,0,P,CHEV,TRL,UT,4,17,4954,,0,1290,,G,,0,0,000000000,00000000000,0,0,0,1,0,0,0,0,0,0,0,70,0,1,3,12,0,6,2,1,0,0,0,1,29,63128,6,1,0,0,3,0,64,155,0,0,0,0,0,0,0,0,0,0,0,0,0,0,3,2,70,1,1,1,1,0,0,1,12,1,1,4,6,1,0
29,290230,1,2,1,13,5,11,30,12,6,1,0,5,1,24,1,24001,4,1997,1G8ZK5276VZ3,1,G,8,Z,K,5,2,7,6,V,Z,3,0,P,STRN,SL2,4D,97,17,2362,,0,1024,,G,,0,0,000000000,00000000000,0,0,0,1,0,0,0,0,0,0,0,999,0,1,5,8,8,6,2,12,0,0,0,1,5,72442,3,1,0,0,2,3,70,125,0,0,0,0,0,0,0,0,0,0,38,47,0,0,2,2,70,1,1,1,1,0,0,11,98,1,1,2,72,1,0
29,290230,2,2,1,13,5,11,30,12,6,1,0,47,3,84,883,84883,66,1997,2HSFMAHR9VC0,2,H,S,F,M,A,H,R,9,V,C,0,1,T,INTL,920,TM,97,17,,8,2340,1600,920,D,,1,57,1625637,571625637,3,6,3,1,0,0,0,0,0,0,0,65,0,0,0,12,12,6,2,12,0,0,0,1,47,38232,6,1,6,0,3,0,68,200,0,0,0,2,0,5,2008,5,2008,0,0,0,0,0,2,2,70,1,1,1,1,0,0,1,60,4,1,1,73,0,0
29,290231,1,1,4,13,5,20,56,8,0,1,1,99,9,12,35,12035,4,1996,1FALP6533TK2,1,F,A,L,P,6,5,3,3,T,K,2,0,P,FORD,CGS,4D,96,17,2773,,0,1065,,G,,0,0,000000000,00000000000,0,0,0,1,0,0,0,0,0,0,0,998,0,0,0,12,12,4,3,8,0,0,0,1,99,99999,9,9,99,0,9,9,999,999,99,99,99,99,99,99,9999,99,9999,1,38,0,0,0,5,4,35,1,1,2,1,3,3,1,80,99,1,1,13,0,0
29,290232,1,1,4,13,5,23,27,33,0,1,0,29,1,20,401,20401,14,2000,1GNDT13W0Y23,1,G,N,D,T,1,3,W,0,Y,2,3,0,P,CHEV,BZR,UT,0,17,4049,,0,1070,,G,,0,0,000000000,00000000000,0,0,0,1,0,0,0,0,0,0,0,999,0,1,3,12,0,6,2,1,0,0,0,1,29,64154,6,1,0,0,3,0,72,165,0,0,0,0,0,0,0,0,0,1,0,0,0,0,3,2,35,4,2,2,98,0,0,14,6,9,2,4,7,1,1
29,290233,1,2,2,14,5,7,5,12,2,1,0,29,1,20,20,20020,4,1999,2G1WL52M4X92,2,G,1,W,L,5,2,M,4,X,9,2,0,P,CHEV,L/S,4D,99,17,3330,,0,1075,,G,,0,0,000000000,00000000000,0,0,0,1,0,0,0,0,0,0,0,55,0,0,0,12,12,6,2,12,0,0,0,1,29,65583,6,1,0,0,3,0,61,130,0,0,0,0,0,0,0,0,0,0,28,0,0,0,1,2,55,1,5,2,2,0,0,1,10,99,1,2,50,1,0
29,290233,2,2,1,14,5,7,5,12,2,1,0,29,1,7,482,7482,31,2001,1B7HF16YX1S6,1,B,7,H,F,1,6,Y,X,1,S,6,0,T,DODG,150,PK,1,17,,2,1347,1187,RPC,G,,0,0,000000000,00000000000,0,0,0,1,0,0,0,0,0,0,0,55,0,1,2,12,12,6,2,12,0,0,0,1,29,65453,6,1,0,0,3,3,68,200,0,0,0,0,0,0,0,0,0,0,0,0,0,0,1,2,55,1,6,2,2,0,0,1,62,1,1,1,51,0,0
29,290234,1,2,1,14,5,7,50,12,2,1,0,29,2,22,18,22018,2,2004,1G2NW12E44C1,1,G,2,N,W,1,2,E,4,4,C,1,0,P,PONT,GAG,CP,4,17,3091,,0,1070,,G,,0,0,000000000,00000000000,0,0,0,1,0,0,0,0,0,0,0,65,0,0,0,12,12,6,2,12,0,0,0,1,29,65459,6,1,0,0,3,0,75,250,0,0,0,1,0,2,2008,2,2008,1,28,58,0,0,1,2,55,1,5,2,2,0,0,1,10,6,4,6,50,0,0
29,290234,2,2,1,14,5,7,50,12,2,1,0,29,1,20,403,20403,14,2005,1GNDT13S6523,1,G,N,D,T,1,3,S,6,5,2,3,0,P,CHEV,TRL,UT,5,17,4612,,0,1130,,G,,0,0,000000000,00000000000,0,0,0,1,0,0,0,0,0,0,0,55,0,0,0,12,12,6,2,12,0,0,0,1,29,65459,6,1,0,0,3,0,68,230,0,0,0,0,0,0,0,0,0,1,0,0,0,0,1,2,55,1,6,2,2,0,0,1,62,99,1,1,51,1,0
29,290235,1,2,6,14,5,15,5,12,1,1,0,18,2,20,443,20443,20,2003,1GNDU23E73D1,1,G,N,D,U,2,3,E,7,3,D,1,0,P,CHEV,VTR,SV,3,17,3699,,0,1120,,G,,0,0,000000000,00000000000,0,0,0,1,0,0,0,0,0,0,0,76,1,0,0,12,12,6,2,12,0,0,0,1,18,47710,6,1,0,0,3,0,65,148,0,0,0,0,0,0,0,0,0,0,0,0,0,0,2,2,60,1,1,2,2,40,3,1,50,8,2,2,20,1,0
29,290235,2,2,1,14,5,15,5,12,1,1,0,17,3,85,881,85881,66,2009,1XKAD49X39R2,1,X,K,A,D,4,9,X,3,9,R,2,1,T,KW,T60,DS,9,17,,8,2600,1600,CON,D,,1,57,699434,57699434,3,6,1,1,0,0,0,0,0,0,0,0,0,0,0,6,6,2,1,12,0,0,0,1,17,61531,6,1,6,0,3,1,71,200,0,0,0,0,0,0,0,0,0,0,0,0,0,0,2,2,60,1,1,2,2,40,3,5,53,1,1,1,21,0,0
29,290236,1,1,1,14,5,16,35,35,0,1,0,29,1,54,421,54421,15,2005,2HNYD18905H5,2,H,N,Y,D,1,8,9,0,5,H,5,0,P,ACUR,MDX,UT,5,17,4542,,0,1063,,G,,0,0,000000000,00000000000,0,0,0,1,0,0,0,0,0,0,0,50,0,1,5,14,0,6,2,1,0,0,0,1,29,65441,6,1,0,0,3,3,65,200,0,0,0,0,0,0,0,0,0,0,0,0,0,0,1,2,55,1,6,2,1,0,0,1,13,1,1,4,1,1,0