STATE,ST_CASE,VEH_NO,VE_FORMS,NUMOCCS,DAY,MONTH,HOUR,MINUTE,HARM_EV,MAN_COLL,UNITTYPE,HIT_RUN,REG_STAT,OWNER,MAKE,MODEL,MAK_MOD,BODY_TYP,MOD_YEAR,VIN,VIN_1,VIN_2,VIN_3,VIN_4,VIN_5,VIN_6,VIN_7,VIN_8,VIN_9,VIN_10,VIN_11,VIN_12,TOW_VEH,VINTYPE,VINMAKE,VINA_MOD,VIN_BT,VINMODYR,VIN_LNGT,VIN_WGT,WGTCD_TR,WHLBS_LG,WHLBS_SH,SER_TR,FUELCODE,MCYCL_DS,J_KNIFE,MCARR_I1,MCARR_I2,MCARR_ID,GVWR,V_CONFIG,CARGO_BT,HAZ_INV,HAZ_PLAC,HAZ_ID,HAZ_CNO,HAZ_REL,BUS_USE,SPEC_USE,EMER_USE,TRAV_SP,UNDERIDE,ROLLOVER,ROLINLOC,IMPACT1,IMPACT2,DEFORMED,TOWED,M_HARM,VEH_SC1,VEH_SC2,FIRE_EXP,DR_PRES,L_STATE,DR_ZIP,L_STATUS,L_TYPE,CDL_STAT,L_ENDORS,L_COMPL,L_RESTRI,DR_HGT,DR_WGT,PREV_ACC,PREV_SUS,PREV_DWI,PREV_SPD,PREV_OTH,FIRST_MO,FIRST_YR,LAST_MO,LAST_YR,SPEEDREL,DR_SF1,DR_SF2,DR_SF3,DR_SF4,VTRAFWAY,VNUM_LAN,VSPD_LIM,VALIGN,VPROFILE,VPAVETYP,VSURCOND,VTRAFCON,VTCONT_F,P_CRASH1,P_CRASH2,P_CRASH3,PCRASH4,PCRASH5,ACC_TYPE,DEATHS,DR_DRINK
29,290237,1,1,1,15,5,5,6,14,0,1,0,29,1,19,18,19018,4,2007,1G6DM57T4701,1,G,6,D,M,5,7,T,4,7,0,1,0,P,CADI,C/T,4D,7,17,3509,,0,1134,,G,,0,0,000000000,00000000000,0,0,0,1,0,0,0,0,0,0,0,998,0,0,0,12,12,6,2,14,0,0,0,1,29,64111,6,1,0,0,3,0,68,165,0,0,0,0,0,0,0,0,0,0,0,0,0,0,1,2,25,1,1,2,1,0,0,1,10,1,1,4,11,1,0
29,290238,1,2,4,15,5,16,40,12,2,1,0,29,4,22,18,22018,4,2005,1G2NE52F95M2,1,G,2,N,E,5,2,F,9,5,M,2,0,P,PONT,GAS,4D,5,17,3066,,0,1070,,G,,0,0,000000000,00000000000,0,0,0,1,0,0,0,0,0,0,0,50,0,0,0,12,12,6,2,12,0,0,0,1,29,65787,6,1,0,0,3,0,73,230,0,0,0,0,0,0,0,0,0,0,28,0,0,0,1,2,55,3,5,2,1,0,0,14,10,3,2,2,50,1,0
29,290238,2,2,1,15,5,16,40,12,2,1,0,29,1,49,422,49422,15,2004,5TDBT44A84S2,5,T,D,B,T,4,4,A,8,4,S,2,0,P,TOYT,SEQ,UT,4,17,5270,,0,1181,,G,,0,0,000000000,00000000000,0,0,0,1,0,0,0,0,0,0,0,50,0,0,0,12,12,6,2,12,0,0,0,1,29,65038,6,1,0,0,3,3,74,200,0,0,0,0,0,0,0,0,0,0,0,0,0,0,1,2,55,2,6,2,1,0,0,14,62,1,1,1,51,0,0
29,290239,1,2,1,15,5,19,59,12,2,1,0,29,1,22,9,22009,2,1983,1G2AW87H7DN2,1,G,2,A,W,8,7,H,7,D,N,2,0,P,PONT,FAM,2H,83,17,3100,,0,1010,,G,,0,0,000000000,00000000000,0,0,0,1,0,0,0,0,0,0,0,70,0,1,1,12,0,6,2,12,0,0,0,1,29,64157,6,1,0,0,3,0,65,150,0,0,0,1,0,6,2007,6,2007,1,28,0,0,0,1,2,55,1,2,2,2,0,0,1,10,1,1,2,50,1,1
29,290239,2,2,1,15,5,19,59,12,2,1,0,29,1,6,52,6052,6,2003,3C8FY78G43T5,3,C,8,F,Y,7,8,G,4,3,T,5,0,P,CHRY,PTC,SV,3,17,3231,,0,1030,,G,,0,0,000000000,00000000000,0,0,0,1,0,0,0,0,0,0,0,55,0,0,0,12,12,6,2,12,0,0,0,1,29,64157,6,1,0,0,3,3,64,270,0,1,0,0,1,9,2007,9,2007,0,0,0,0,0,1,2,55,1,2,2,2,0,0,1,62,1,1,1,51,1,0
29,290240,1,1,2,15,5,21,10,42,0,1,0,29,1,49,32,49032,4,1998,1NXBR18E5WZ0,1,N,X,B,R,1,8,E,5,W,Z,0,0,P,TOYT,UVL,4D,98,17,2414,,0,970,,G,,0,0,000000000,00000000000,0,0,0,1,0,0,0,0,0,0,0,50,0,0,0,12,12,6,2,42,0,0,0,1,29,63049,6,1,0,0,3,0,62,140,2,4,0,1,3,5,2007,8,2008,0,0,0,0,0,1,2,30,1,2,2,2,0,0,1,13,1,1,4,1,1,1
29,290241,1,1,2,17,5,13,35,34,0,1,0,29,1,23,471,23471,30,2003,1GKDT13S8321,1,G,K,D,T,1,3,S,8,3,2,1,0,T,GMC,ENV,4W,3,17,,1,0,1130,ENV,G,,0,0,000000000,00000000000,0,0,0,1,0,0,0,0,0,0,0,70,0,1,5,12,0,6,2,1,0,0,0,1,29,64061,6,1,0,0,3,3,72,300,0,0,0,0,0,0,0,0,0,0,27,58,0,0,2,2,70,1,1,2,1,0,0,15,13,9,2,4,2,1,0
29,290242,1,2,3,18,5,15,4,12,2,1,0,29,1,7,481,7481,31,1989,1B7HE16Y3KS1,1,B,7,H,E,1,6,Y,3,K,S,1,0,T,DODG,D15,PK,89,17,,2,1310,1150,D15,G,,0,0,000000000,00000000000,0,0,0,1,0,0,0,0,0,0,0,55,0,0,0,12,12,6,2,12,0,0,0,1,29,63870,1,1,0,0,2,3,64,160,0,0,0,0,0,0,0,0,0,0,28,0,0,0,1,2,55,1,1,1,1,0,0,1,10,1,1,2,50,1,1
29,290242,2,2,1,18,5,15,4,12,2,1,0,29,1,18,2,18002,4,2004,1G4HP52K54U1,1,G,4,H,P,5,2,K,5,4,U,1,0,P,BUIC,LCF,4D,4,17,3567,,0,1122,,G,,0,0,000000000,00000000000,0,0,0,1,0,0,0,0,0,0,0,55,0,0,0,12,12,6,2,12,0,0,0,1,29,63848,6,1,0,0,3,3,60,140,0,0,0,0,0,0,0,0,0,0,0,0,0,0,1,2,55,1,1,1,1,0,0,1,62,1,1,1,51,0,0
29,290243,1,2,2,19,5,3,49,12,6,1,0,29,2,12,473,12473,30,2002,1FMZU67E22UC,1,F,M,Z,U,6,7,E,2,2,U,C,0,P,FORD,EPR,UT,2,17,4120,,0,1259,,G,,0,0,000000000,00000000000,0,0,0,1,0,0,0,0,0,0,0,998,0,1,5,12,0,6,2,1,0,0,0,1,29,63112,0,0,0,0,0,0,66,150,0,0,0,0,0,0,0,0,0,0,39,0,0,0,1,2,35,1,2,2,1,3,8,1,17,1,1,1,88,0,0
29,290243,2,2,1,19,5,3,49,12,6,1,0,29,2,20,37,20037,4,2003,1G1ND52J73M6,1,G,1,N,D,5,2,J,7,3,M,6,0,P,CHEV,MAL,4D,3,17,3106,,0,1070,,G,,0,0,000000000,00000000000,0,0,0,1,0,0,0,0,0,0,0,998,0,0,0,9,9,6,2,12,0,0,0,1,29,63115,6,1,0,0,3,3,66,130,0,0,0,0,1,9,2007,9,2007,1,0,0,0,0,1,2,35,1,2,2,1,3,8,1,66,1,1,1,89,1,0
29,290244,1,1,2,19,5,13,25,3,0,1,0,29,2,7,18,7018,4,1992,1B3XC46R1ND8,1,B,3,X,C,4,6,R,1,N,D,8,0,P,DODG,DYN,4D,92,17,2893,,0,1045,,G,,0,0,000000000,00000000000,0,0,0,1,0,0,0,0,0,0,0,40,0,0,0,0,0,6,2,3,0,0,0,1,29,63139,3,1,0,0,2,0,69,130,1,0,0,0,0,6,2007,6,2007,0,0,0,0,0,1,2,40,1,1,2,1,0,0,1,98,1,1,4,0,2,0
29,290245,1,1,1,19,5,18,50,31,0,1,0,17,1,12,3,12003,2,2002,1FAFP42X52F1,1,F,A,F,P,4,2,X,5,2,F,1,0,P,FORD,MGT,CP,2,17,3241,,0,1013,,G,,0,0,000000000,00000000000,0,0,0,1,0,0,0,0,0,0,0,90,0,0,0,12,98,6,2,35,0,0,0,1,29,63129,6,1,0,0,3,3,71,170,2,1,0,0,1,10,2008,2,2010,1,0,0,0,0,3,6,60,2,5,1,1,0,0,14,6,1,3,4,2,1,1
29,290246,1,1,2,20,5,18,38,59,0,1,0,29,1,12,17,12017,4,2000,1FAFP53U6YG2,1,F,A,F,P,5,3,U,6,Y,G,2,0,P,FORD,TSE,4D,0,17,3333,,0,1085,,G,,0,0,000000000,00000000000,0,0,0,1,0,0,0,0,0,0,0,998,0,0,0,12,12,6,2,59,0,0,0,1,29,63376,6,1,0,0,3,3,65,162,0,0,0,0,0,0,0,0,0,0,0,0,0,0,2,4,40,1,1,1,1,3,3,1,12,1,1,4,6,1,0
29,290247,1,1,1,20,5,21,25,34,0,1,0,29,1,20,20,20020,4,2001,2G1WL52J7112,2,G,1,W,L,5,2,J,7,1,1,2,0,P,CHEV,LUM,4D,1,17,3330,,0,1075,,G,,0,0,000000000,00000000000,0,0,0,1,0,0,0,0,0,0,0,78,0,2,5,14,0,6,2,1,0,0,0,1,29,63841,6,1,0,0,3,0,66,140,1,0,0,0,1,11,2009,12,2009,1,0,0,0,0,1,2,60,2,1,2,1,0,0,14,11,9,2,4,2,1,0
29,290248,1,1,1,21,5,8,7,8,0,1,0,29,1,20,23,20023,6,2009,3GNCA23B09S5,3,G,N,C,A,2,3,B,0,9,S,5,0,P,CHEV,HHR,UT,9,17,3208,,0,1035,,F,,0,0,000000000,00000000000,0,0,0,1,0,0,0,0,0,0,0,40,0,0,0,12,12,2,3,8,0,0,0,1,29,64116,6,1,0,0,3,3,64,145,0,0,0,0,0,0,0,0,0,0,0,0,0,0,1,3,35,1,2,2,1,0,0,1,80,1,1,1,13,0,0
29,290249,1,1,2,21,5,11,45,3,0,1,0,29,2,20,401,20401,14,1999,1GNDT13W1X21,1,G,N,D,T,1,3,W,1,X,2,1,0,P,CHEV,BZR,UT,99,17,4023,,0,1070,,G,,0,0,000000000,00000000000,0,0,0,1,0,0,0,0,0,0,0,45,0,2,5,0,0,6,2,3,0,0,0,1,98,63379,0,0,0,0,0,0,999,999,0,0,0,0,0,0,0,0,0,1,79,0,0,0,1,2,35,2,6,4,2,0,0,14,98,3,3,4,0,1,0
29,290250,1,2,1,21,5,15,25,12,2,1,0,29,1,20,481,20481,31,1973,CCY143F43532,C,C,Y,1,4,3,F,4,3,5,3,2,0,P,,,,,,,,,,,,,0,0,000000000,00000000000,0,0,0,1,0,0,0,0,0,0,0,999,0,0,0,12,12,6,2,12,0,0,0,1,29,65737,6,2,0,0,3,2,71,181,1,0,0,0,0,11,2009,11,2009,0,28,73,0,0,1,2,55,4,2,2,1,0,0,14,11,8,3,2,50,1,0
29,290250,2,2,1,21,5,15,25,12,2,1,0,29,1,84,883,84883,66,1998,2HSFLAHN2WC0,2,H,S,F,L,A,H,N,2,W,C,0,1,T,INTL,920,CC,98,17,,7,1850,1400,920,D,,1,88,888888888,88888888888,3,6,3,1,0,0,0,0,0,0,0,47,0,0,0,12,12,6,2,12,0,0,0,1,29,65737,6,1,0,0,2,0,70,230,0,0,0,1,0,3,2009,3,2009,0,28,0,0,0,1,2,55,4,2,2,1,0,0,14,62,6,1,2,51,0,0
29,290251,1,1,1,22,5,11,0,21,0,1,0,29,1,12,401,12401,14,1998,1FMYU22X2WUB,1,F,M,Y,U,2,2,X,2,W,U,B,0,P,FORD,EPR,UT,98,17,3692,,0,1017,,G,,0,0,000000000,00000000000,0,0,0,1,0,0,0,0,0,0,0,60,0,1,1,4,0,6,2,1,0,0,0,1,29,64836,6,1,0,0,3,3,70,190,3,0,0,0,3,3,2008,6,2009,0,0,0,0,0,1,2,60,1,1,2,1,0,0,1,13,8,4,4,2,1,0
29,290252,1,1,4,22,5,21,0,42,0,1,0,29,2,37,733,37733,90,1998,478TE140XWA9,4,7,8,T,E,1,4,0,X,W,A,9,1,M,HOND,T3X,AT,98,17,,,,,,,300,1,0,000000000,00000000000,0,0,0,1,0,0,0,0,0,0,0,25,0,0,0,12,12,6,2,42,0,0,0,1,29,63021,0,0,0,0,0,0,999,999,1,0,0,0,0,11,2008,11,2008,1,79,0,0,0,1,2,50,3,6,4,1,0,0,14,6,3,2,4,2,1,0
29,290253,1,1,3,23,5,4,20,53,0,1,0,29,2,20,401,20401,14,2002,1GCDT13W42K1,1,G,C,D,T,1,3,W,4,2,K,1,0,T,CHEV,S14,CW,2,17,,1,0,1229,S,G,,0,0,000000000,00000000000,0,0,0,1,0,0,0,0,0,0,0,73,0,1,5,3,0,6,2,1,0,0,0,1,12,65734,6,7,0,0,3,2,65,999,0,1,0,0,0,5,2009,5,2009,1,73,0,0,0,1,2,55,1,2,2,1,0,0,1,11,6,4,4,2,1,1
29,290254,1,2,1,23,5,18,35,12,1,1,0,29,1,37,734,37734,90,2004,478TE28414A1,4,7,8,T,E,2,8,4,1,4,A,1,0,M,HOND,6GA,AT,4,17,,,,,,,650,0,0,000000000,00000000000,0,0,0,1,0,0,0,0,0,0,0,15,0,1,5,12,12,2,3,12,0,0,0,1,29,65552,6,1,0,0,3,3,71,255,0,0,0,0,0,0,0,0,0,0,26,0,0,0,1,2,55,2,6,2,1,0,0,14,52,3,2,1,28,1,0
29,290254,2,2,1,23,5,18,35,12,1,1,0,29,1,37,734,37734,90,2010,1HFTE3300A45,1,H,F,T,E,3,3,0,0,A,4,5,0,M,HOND,6FA,AT,10,17,,,,,,,675,0,0,000000000,00000000000,0,0,0,1,0,0,0,0,0,0,0,5,0,0,0,6,6,2,3,12,0,0,0,1,29,65552,6,1,0,0,3,3,72,208,0,0,0,0,0,0,0,0,0,0,0,0,0,0,1,2,55,2,6,2,1,0,0,2,18,1,1,1,29,0,0
29,290255,1,1,1,24,5,20,17,24,0,1,0,29,1,20,471,20471,30,1993,1GCCS19Z1P81,1,G,C,C,S,1,9,Z,1,P,8,1,0,T,CHEV,S14,PC,93,17,,1,0,1229,S,G,,0,0,000000000,00000000000,0,0,0,1,0,0,0,0,0,0,0,50,0,0,0,1,1,6,2,24,0,0,0,1,29,65265,1,1,0,0,2,0,64,120,1,5,1,0,0,12,2007,2,2010,0,0,0,0,0,1,2,55,3,2,2,1,0,0,14,13,1,1,4,1,1,0
29,290256,1,1,1,26,5,7,5,5,0,1,0,29,1,76,733,76733,90,1986,999999999999,9,9,9,9,9,9,9,9,9,9,9,9,0,U,,YM5,AT,9,17,,,,,,,225,0,0,000000000,00000000000,0,0,0,1,0,0,0,0,0,0,0,35,0,0,0,0,0,0,9,5,0,0,0,1,29,65542,6,1,6,3,3,0,72,230,0,0,0,0,0,0,0,0,0,0,0,0,0,0,1,2,50,1,2,4,1,0,0,1,98,1,1,2,0,1,1
29,290257,1,1,4,26,5,8,40,42,0,1,0,29,2,20,481,20481,31,1991,2GCEK19K6M12,2,G,C,E,K,1,9,K,6,M,1,2,0,T,CHEV,GK1,PC,91,17,,2,1555,1415,GM4,G,,0,0,000000000,00000000000,0,0,0,1,0,0,0,0,0,0,0,45,0,0,0,12,12,6,2,42,0,0,0,1,29,65559,6,2,0,0,3,2,69,190,0,0,0,0,0,0,0,0,0,0,58,73,0,0,1,2,55,3,6,2,1,0,0,14,13,6,4,4,2,1,0
29,290258,1,2,1,26,5,13,1,12,2,1,0,29,1,20,2,20002,4,2007,2G1WB58K4792,2,G,1,W,B,5,8,K,4,7,9,2,0,P,CHEV,IPL,4D,7,17,3674,,0,1105,,F,,0,0,000000000,00000000000,0,0,0,1,0,0,0,0,0,0,0,998,0,0,0,12,12,6,2,12,0,0,0,1,29,64024,6,1,0,0,3,0,62,130,0,0,0,0,0,0,0,0,0,0,0,0,0,0,1,2,55,1,3,2,1,0,0,1,10,1,1,2,50,1,0
29,290258,2,2,2,26,5,13,1,12,2,1,0,29,2,20,481,20481,31,2000,2GCEK19T9Y12,2,G,C,E,K,1,9,T,9,Y,1,2,0,T,CHEV,SK1,PC,0,17,,2,1575,1435,SIL,G,,0,0,000000000,00000000000,0,0,0,1,0,0,0,0,0,0,0,58,0,0,0,12,12,6,2,12,0,0,0,1,29,64155,6,1,0,0,3,0,68,125,0,0,0,0,0,0,0,0,0,0,0,0,0,0,1,2,55,1,3,2,1,0,0,1,62,6,1,1,51,0,0
29,290259,1,1,3,26,5,17,16,1,0,1,0,27,1,22,20,22020,4,2008,2G2WP5523811,2,G,2,W,P,5,5,2,3,8,1,1,0,P,PONT,GRA,4D,8,17,3477,,0,1105,,G,,0,0,000000000,00000000000,0,0,0,1,0,0,0,0,0,0,0,65,0,1,5,0,0,6,2,1,0,0,0,1,20,67216,6,1,0,0,3,3,74,215,0,0,0,0,0,0,0,0,0,1,0,0,0,0,2,2,70,2,1,2,2,0,0,14,13,9,4,4,2,1,0
29,290260,1,1,6,27,5,19,40,34,0,1,0,29,1,20,481,20481,31,1998,1GCEK19W6WE1,1,G,C,E,K,1,9,W,6,W,E,1,0,T,CHEV,GK1,PC,98,17,,2,1555,1415,GM4,G,,0,0,000000000,00000000000,0,0,0,1,0,0,0,0,0,0,0,62,0,0,0,12,12,6,2,34,0,0,0,1,29,65775,6,1,0,0,3,0,71,160,0,0,0,0,0,0,0,0,0,1,39,0,0,0,1,2,55,1,1,2,1,20,3,10,6,9,3,4,7,1,0
29,290261,1,2,1,28,5,12,55,12,2,1,0,29,1,22,20,22020,4,2000,1G2WP52K5YF2,1,G,2,W,P,5,2,K,5,Y,F,2,0,P,PONT,GPG,4D,0,17,3455,,0,1105,,G,,0,0,000000000,00000000000,0,0,0,1,0,0,0,0,0,0,0,55,0,0,0,12,12,6,2,12,0,0,0,1,29,63339,6,1,0,0,3,3,65,170,0,0,0,0,0,0,0,0,0,0,0,0,0,0,1,2,60,1,5,2,1,0,0,1,10,7,1,2,50,1,0
29,290261,2,2,7,28,5,12,55,12,2,1,0,55,1,82,850,82850,73,2008,4UZAB2CY27CZ,4,U,Z,A,B,2,C,Y,2,7,C,Z,0,T,FRHT,XMH,IC,7,17,,7,0,0,CHA,D,,0,0,000000000,00000000000,0,0,0,1,0,0,0,0,0,0,0,55,0,0,0,12,12,6,2,12,0,0,0,1,55,53105,6,1,0,0,3,0,71,205,0,0,0,0,0,0,0,0,0,0,0,0,0,0,1,2,55,1,6,2,1,0,0,1,62,9,2,1,51,0,0
29,290262,1,1,1,28,5,13,20,35,0,1,0,20,2,35,47,35047,4,2009,1N4AL21E39N5,1,N,4,A,L,2,1,E,3,9,N,5,0,P,NISS,ATS,4D,9,17,3179,,0,1093,,G,,0,0,000000000,00000000000,0,0,0,1,0,0,0,0,0,0,0,998,0,0,0,12,12,6,2,42,0,0,0,1,29,64130,0,0,0,0,0,0,999,999,0,0,0,0,0,0,0,0,0,1,0,0,0,0,1,2,25,1,2,2,1,0,0,1,98,4,4,4,7,1,0
29,290263,1,1,1,8,5,20,50,5,0,1,0,92,0,72,706,72706,80,1998,1HD1BKL12WY0,1,H,D,1,B,K,L,1,2,W,Y,0,0,M,HD,XTC,RS,98,17,,,,,,,1340,0,0,000000000,00000000000,0,0,0,1,0,0,0,0,0,0,0,50,0,0,0,0,0,6,2,5,0,0,0,1,29,63125,2,1,0,0,2,0,65,160,0,2,1,0,0,10,2009,11,2009,1,0,0,0,0,5,4,40,2,2,2,1,0,0,14,98,99,2,2,0,1,1
29,290264,1,1,4,28,5,17,37,1,0,1,0,29,2,12,401,12401,14,1997,1FMCU24X7VUA,1,F,M,C,U,2,4,X,7,V,U,A,0,P,FORD,EPR,UT,97,17,3931,,0,1017,,G,,0,0,000000000,00000000000,0,0,0,1,0,0,0,0,0,0,0,75,0,2,1,0,0,6,2,1,0,0,0,1,29,63118,2,2,0,0,2,2,75,150,0,2,0,0,0,10,2008,5,2010,1,73,0,0,0,3,4,55,1,1,2,1,0,0,6,98,6,4,2,98,1,0
29,290265,1,1,1,28,5,22,30,42,0,1,0,92,0,53,734,53734,90,2004,5SAAK46A0471,5,S,A,A,K,4,6,A,0,4,7,1,0,M,SUZI,L40,AT,4,17,,,,,,,376,0,0,000000000,00000000000,0,0,0,1,0,0,0,0,0,0,0,30,0,1,5,7,0,6,2,1,0,0,0,1,22,71446,6,1,0,0,3,0,65,145,0,0,0,1,0,1,2010,1,2010,0,0,0,0,0,1,2,50,2,5,4,1,0,0,14,12,6,4,4,98,1,1
29,290266,1,1,2,29,5,2,0,59,0,1,0,29,1,41,50,41050,4,2006,JM1GG12L0611,J,M,1,G,G,1,2,L,0,6,1,1,0,P,MAZD,MZA,4D,6,17,3589,,0,1053,,G,,0,0,000000000,00000000000,0,0,0,1,0,0,0,0,0,0,0,80,0,2,5,11,0,6,2,1,0,0,0,1,29,65041,6,1,0,0,3,0,72,220,1,0,0,0,0,1,2008,1,2008,1,0,0,0,0,1,2,55,1,2,2,1,0,0,1,6,99,3,4,2,1,1
29,290267,1,2,1,29,5,13,10,53,0,1,0,29,2,23,481,23481,31,2000,1GTGK29U9YE3,1,G,T,G,K,2,9,U,9,Y,E,3,0,T,GMC,NK2,3C,0,17,,2,1575,1435,SIE,G,,0,0,000000000,00000000000,0,0,0,1,0,0,0,0,0,0,0,60,0,1,5,1,1,6,2,12,0,0,0,1,29,65653,6,1,0,0,3,3,64,260,0,0,0,0,1,3,2010,3,2010,1,0,0,0,0,1,2,55,3,6,2,1,0,0,14,6,6,4,4,2,0,0
29,290267,2,2,1,29,5,13,10,53,0,1,0,29,2,37,709,37709,80,2006,JH2PC21516M7,J,H,2,P,C,2,1,5,1,6,M,7,0,M,HOND,VDC,RS,6,17,,,,,,,600,0,0,000000000,00000000000,0,0,0,1,0,0,0,0,0,0,0,55,0,0,0,9,0,6,2,1,0,0,1,1,29,65679,6,1,0,0,3,3,66,160,0,0,0,1,0,12,2009,12,2009,0,0,0,0,0,1,2,55,1,6,2,1,0,0,1,62,99,1,1,98,1,0
29,290269,1,1,1,30,5,19,25,32,0,1,0,92,0,20,401,20401,14,1994,1GNDT13W9R21,1,G,N,D,T,1,3,W,9,R,2,1,0,P,CHEV,S10,UT,94,17,3811,,0,1070,,G,,0,0,000000000,00000000000,0,0,0,1,0,0,0,0,0,0,0,50,0,1,5,12,0,6,2,1,0,0,0,1,40,74429,6,1,0,0,3,0,68,190,0,0,0,0,1,5,2009,5,2009,0,0,0,0,0,1,2,40,3,6,2,1,0,0,14,10,4,2,4,7,1,1
29,290270,1,1,1,31,5,6,40,1,0,1,0,29,1,20,473,20473,30,2007,1GCDT19E6781,1,G,C,D,T,1,9,E,6,7,8,1,0,T,CHEV,RDO,4C,7,17,,1,0,1260,CAL,G,,0,0,000000000,00000000000,0,0,0,1,0,0,0,0,0,0,0,60,0,1,1,0,0,6,2,1,0,0,0,1,29,64085,6,1,0,0,3,0,62,125,0,0,0,0,0,0,0,0,0,0,0,0,0,0,1,2,60,3,1,2,1,0,0,14,13,6,4,6,98,1,0
29,290271,1,2,1,31,5,20,59,12,6,1,0,29,1,20,481,20481,31,2007,1GCEC19X77Z1,1,G,C,E,C,1,9,X,7,7,Z,1,0,T,CHEV,SC1,4C,7,17,,2,1575,1340,SIL,G,,0,0,000000000,00000000000,0,0,0,1,0,0,0,0,0,0,0,999,0,0,0,12,12,6,2,12,0,0,0,1,29,65721,6,1,6,0,3,0,70,170,2,0,0,0,0,10,2007,1,2009,0,0,0,0,0,5,2,45,1,1,2,1,3,3,1,66,99,1,1,83,0,0
29,290271,2,2,3,31,5,20,59,12,6,1,0,29,2,12,13,12013,4,1990,1FACP50U2LG1,1,F,A,C,P,5,0,U,2,L,G,1,0,P,FORD,TAL,4D,90,17,2956,,0,1060,,G,,0,0,000000000,00000000000,0,0,0,1,0,0,0,0,0,0,0,999,0,0,0,3,3,6,2,12,0,0,0,1,29,65622,2,2,0,0,2,2,62,124,0,1,0,0,2,6,2009,5,2010,0,38,73,0,0,1,2,98,1,1,2,1,3,3,11,15,99,1,2,82,1,1
29,290272,1,2,1,1,6,12,48,12,6,1,0,29,3,82,881,82881,63,2000,1FUWNWDA4YLF,1,F,U,W,N,W,D,A,4,Y,L,F,0,T,FRHT,FC1,DS,0,17,,7,0,0,CON,D,,0,57,01004927,5701004927,3,2,4,1,0,0,0,0,0,0,0,49,0,0,0,12,12,6,2,12,0,0,0,1,29,65738,6,1,6,0,3,3,73,225,3,0,0,0,1,5,2008,8,2009,1,0,0,0,0,1,2,40,3,6,2,1,0,0,14,66,3,2,2,83,0,1
29,290272,2,2,1,1,6,12,48,12,6,1,0,29,1,12,402,12402,14,2004,1FMYU93114KA,1,F,M,Y,U,9,3,1,1,4,K,A,0,P,FORD,SPE,UT,4,17,3346,,0,1031,,G,,0,0,000000000,00000000000,0,0,0,1,0,0,0,0,0,0,0,15,0,0,0,9,9,6,2,12,0,0,0,1,29,65613,6,1,0,0,3,3,62,170,0,0,0,0,0,0,0,0,0,0,38,0,0,0,1,2,30,2,9,2,1,20,3,11,15,99,1,2,82,1,0
29,290273,1,2,2,1,6,18,44,12,6,1,0,29,1,19,14,19014,4,1997,1G6KS52Y7VU8,1,G,6,K,S,5,2,Y,7,V,U,8,0,P,CADI,SLS,4D,97,17,3797,,0,1110,,G,,0,0,000000000,00000000000,0,0,0,1,0,0,0,0,0,0,0,5,0,0,0,11,11,6,2,12,0,0,0,1,29,64859,6,1,0,0,3,0,73,185,0,0,0,0,0,0,0,0,0,0,38,0,0,0,1,2,60,1,9,4,1,20,3,1,66,1,1,1,89,0,0
29,290273,2,2,1,1,6,18,44,12,6,1,0,29,1,72,706,72706,80,2009,1HD1GM4159K3,1,H,D,1,G,M,4,1,5,9,K,3,0,M,HD,FXD,RS,9,17,,,,,,,1584,0,0,000000000,00000000000,0,0,0,1,0,0,0,0,0,0,0,45,0,0,0,12,12,6,2,12,0,0,0,1,29,64836,6,1,0,0,3,0,68,160,0,0,0,0,0,0,0,0,0,0,0,0,0,0,1,2,45,1,1,2,1,0,0,1,17,1,1,1,88,1,0
29,290274,1,1,1,1,6,19,45,42,0,1,0,29,1,20,471,20471,30,1999,1GCCS19X7X81,1,G,C,C,S,1,9,X,7,X,8,1,0,T,CHEV,S14,PC,99,17,,1,0,1229,S,G,,0,0,000000000,00000000000,0,0,0,1,0,0,0,0,0,0,0,999,0,0,0,12,12,6,2,42,0,0,0,1,29,63650,6,1,0,0,3,0,70,168,0,0,0,0,0,0,0,0,0,0,0,0,0,0,1,2,55,1,5,2,1,0,0,1,12,1,1,4,6,1,0
29,290275,1,2,1,2,6,8,17,12,6,1,0,92,0,99,709,99709,88,9999,999999999999,9,9,9,9,9,9,9,9,9,9,9,9,0,U,,,,9,17,,,,,,,,0,0,000000000,00000000000,0,0,0,1,0,0,0,0,0,0,0,998,0,0,0,9,9,6,2,12,0,0,0,1,29,64840,6,1,0,0,3,3,67,175,0,0,0,0,0,0,0,0,0,0,0,0,0,0,1,2,60,1,1,2,1,0,0,12,98,1,1,7,98,1,0
29,290275,2,2,1,2,6,8,17,12,6,1,0,29,1,12,481,12481,31,1999,1FTRX18L5XKC,1,F,T,R,X,1,8,L,5,X,K,C,0,T,FORD,F15,4C,99,17,,2,1574,1388,COF,G,,0,0,000000000,00000000000,0,0,0,1,0,0,0,0,0,0,0,998,0,0,0,12,12,6,2,12,0,0,0,1,29,64836,6,1,0,0,3,0,69,200,0,0,0,0,0,0,0,0,0,0,0,0,0,0,1,2,60,1,1,2,1,0,0,1,64,3,1,1,98,0,0