STATE,ST_CASE,VEH_NO,VE_FORMS,NUMOCCS,DAY,MONTH,HOUR,MINUTE,HARM_EV,MAN_COLL,UNITTYPE,HIT_RUN,REG_STAT,OWNER,MAKE,MODEL,MAK_MOD,BODY_TYP,MOD_YEAR,VIN,VIN_1,VIN_2,VIN_3,VIN_4,VIN_5,VIN_6,VIN_7,VIN_8,VIN_9,VIN_10,VIN_11,VIN_12,TOW_VEH,VINTYPE,VINMAKE,VINA_MOD,VIN_BT,VINMODYR,VIN_LNGT,VIN_WGT,WGTCD_TR,WHLBS_LG,WHLBS_SH,SER_TR,FUELCODE,MCYCL_DS,J_KNIFE,MCARR_I1,MCARR_I2,MCARR_ID,GVWR,V_CONFIG,CARGO_BT,HAZ_INV,HAZ_PLAC,HAZ_ID,HAZ_CNO,HAZ_REL,BUS_USE,SPEC_USE,EMER_USE,TRAV_SP,UNDERIDE,ROLLOVER,ROLINLOC,IMPACT1,IMPACT2,DEFORMED,TOWED,M_HARM,VEH_SC1,VEH_SC2,FIRE_EXP,DR_PRES,L_STATE,DR_ZIP,L_STATUS,L_TYPE,CDL_STAT,L_ENDORS,L_COMPL,L_RESTRI,DR_HGT,DR_WGT,PREV_ACC,PREV_SUS,PREV_DWI,PREV_SPD,PREV_OTH,FIRST_MO,FIRST_YR,LAST_MO,LAST_YR,SPEEDREL,DR_SF1,DR_SF2,DR_SF3,DR_SF4,VTRAFWAY,VNUM_LAN,VSPD_LIM,VALIGN,VPROFILE,VPAVETYP,VSURCOND,VTRAFCON,VTCONT_F,P_CRASH1,P_CRASH2,P_CRASH3,PCRASH4,PCRASH5,ACC_TYPE,DEATHS,DR_DRINK
29,290276,1,2,1,2,6,10,0,12,2,1,0,27,1,20,443,20443,20,2003,1GNDX03E23D1,1,G,N,D,X,0,3,E,2,3,D,1,0,T,CHEV,VTR,ES,3,17,,1,0,1200,VTR,G,,0,0,000000000,00000000000,0,0,0,1,0,0,0,0,0,0,0,63,0,0,0,12,12,6,2,12,0,0,0,1,27,55447,6,1,0,0,3,3,73,195,0,0,0,0,0,0,0,0,0,0,0,0,0,0,2,2,70,1,6,2,2,0,0,1,54,99,1,1,52,0,0
29,290276,2,2,1,2,6,10,0,12,2,1,0,29,1,6,14,6014,4,1993,1C3XC66RXPD1,1,C,3,X,C,6,6,R,X,P,D,1,0,P,CHRY,NYS,4D,93,17,3151,,0,1043,,G,,0,0,000000000,00000000000,0,0,0,1,0,0,0,0,0,0,0,65,0,0,0,12,12,6,2,12,0,0,0,1,29,64759,6,1,0,0,3,0,68,114,0,0,0,0,0,0,0,0,0,0,51,0,0,0,2,2,70,1,5,2,2,0,0,1,54,99,1,1,52,1,0
29,290277,1,8,1,2,6,12,25,12,1,1,0,47,3,84,881,84881,66,2005,2HSCNAPR75C0,2,H,S,C,N,A,P,R,7,5,C,0,1,T,INTL,94I,DS,5,17,,8,0,0,940,D,,1,57,511412,57511412,3,6,3,1,0,0,0,0,0,0,0,63,0,0,0,12,12,4,3,12,0,0,0,1,48,77320,6,1,6,0,3,3,69,143,0,0,0,1,0,7,2008,7,2008,0,0,0,0,0,2,2,70,1,1,2,1,0,0,1,50,1,1,1,20,0,0
29,290277,2,8,1,2,6,12,25,12,1,1,0,29,1,12,37,12037,4,2005,1FAFP34N65W2,1,F,A,F,P,3,4,N,6,5,W,2,0,P,FORD,ZX4,4D,5,17,2677,,0,1030,,G,,0,0,000000000,00000000000,0,0,0,1,0,0,0,0,0,0,0,0,7,0,0,6,13,6,2,12,0,0,0,1,29,63043,6,1,0,0,3,0,71,180,1,1,1,0,0,7,2008,1,2009,0,0,0,0,0,2,2,70,1,1,2,1,0,0,5,98,1,1,1,21,1,0
29,290277,3,8,1,2,6,12,25,12,1,1,0,29,1,22,32,22032,6,2009,5Y2SP67009Z4,5,Y,2,S,P,6,7,0,0,9,Z,4,0,P,PONT,VIB,4H,9,17,2856,,0,1024,,G,,0,0,000000000,00000000000,0,0,0,1,0,0,0,0,0,0,0,0,0,0,0,6,6,6,2,12,0,0,0,1,29,63028,6,1,0,0,3,3,66,125,0,0,0,0,0,0,0,0,0,0,0,0,0,0,2,2,70,1,1,2,1,0,0,5,98,1,1,1,98,1,0
29,290277,4,8,2,2,6,12,25,12,1,1,0,29,1,12,401,12401,14,2000,1FMZU74E7YZC,1,F,M,Z,U,7,4,E,7,Y,Z,C,0,P,FORD,EPR,UT,0,17,4170,,0,1116,,G,,0,0,000000000,00000000000,0,0,0,1,0,0,0,0,0,0,0,0,0,0,0,6,6,6,2,12,0,0,0,1,29,63640,6,1,0,0,3,3,69,175,0,0,0,1,0,10,2008,10,2008,0,0,0,0,0,2,2,70,1,1,2,1,0,0,5,98,1,1,1,98,0,0
29,290277,5,8,1,2,6,12,25,12,1,1,0,29,3,20,481,20481,31,2008,2GCEC19J8812,2,G,C,E,C,1,9,J,8,8,1,2,0,T,CHEV,SC1,4C,8,17,,2,1575,1339,SIL,G,,0,0,000000000,00000000000,0,0,0,1,0,0,0,0,0,0,0,0,0,0,0,6,6,6,2,12,0,0,0,1,29,63701,6,1,0,0,3,0,67,190,0,0,0,0,0,0,0,0,0,0,0,0,0,0,2,2,70,1,1,2,1,0,0,5,98,1,1,1,98,0,0
29,290277,6,8,1,2,6,12,25,12,1,1,0,29,3,20,2,20002,4,2004,2G1WF52E8493,2,G,1,W,F,5,2,E,8,4,9,3,0,P,CHEV,IMP,4D,4,17,3389,,0,1105,,G,,0,0,000000000,00000000000,0,0,0,1,0,0,0,0,0,0,0,65,0,0,0,81,81,4,3,12,0,0,0,1,29,63775,6,1,0,0,3,3,66,150,1,0,0,0,0,4,2008,4,2008,0,0,0,0,0,2,2,70,1,1,2,1,0,0,1,98,8,1,1,98,0,0
29,290277,7,8,2,2,6,12,25,12,1,1,0,47,1,55,401,55401,14,2006,KM8SC13E76U0,K,M,8,S,C,1,3,E,7,6,U,0,0,P,HYUN,SAN,UT,6,17,3549,,0,1031,,G,,0,0,000000000,00000000000,0,0,0,1,0,0,0,0,0,0,0,0,0,0,0,6,6,4,3,12,0,0,0,1,47,38103,6,1,0,0,3,0,66,165,0,0,0,0,0,0,0,0,0,0,0,0,0,0,2,2,70,1,1,2,1,0,0,5,98,1,1,1,98,0,0
29,290277,8,8,2,2,6,12,25,12,1,1,0,29,2,9,442,9442,20,1992,2P4GH25K2NR6,2,P,4,G,H,2,5,K,2,N,R,6,0,P,PLYM,VOF,SV,92,17,3172,,0,1123,,G,,0,0,000000000,00000000000,0,0,0,1,0,0,0,0,0,0,0,0,0,0,0,6,6,2,1,12,0,0,0,1,29,63020,6,1,0,0,3,0,65,110,0,0,0,0,0,0,0,0,0,0,0,0,0,0,2,2,70,1,1,2,1,0,0,5,98,1,1,1,98,0,0
29,290278,1,2,1,3,6,12,3,12,6,1,0,29,3,84,881,84881,63,2007,1HTWXAHT27J4,1,H,T,W,X,A,H,T,2,7,J,4,0,T,INTL,760,TM,7,17,,8,0,0,70S,D,,0,99,999999999,99999999999,3,2,96,1,0,0,0,0,0,0,0,9,0,0,0,12,12,4,3,12,0,0,0,1,29,65270,6,1,6,0,3,0,70,155,0,0,0,0,0,0,0,0,0,0,38,0,0,0,1,2,55,1,2,2,1,20,3,4,17,1,1,1,86,0,0
29,290278,2,2,2,3,6,12,3,12,6,1,0,29,2,20,471,20471,30,1997,1GCCS144XVK2,1,G,C,C,S,1,4,4,X,V,K,2,0,T,CHEV,S14,PK,97,17,,1,1179,1083,S,G,,0,0,000000000,00000000000,0,0,0,1,0,0,0,0,0,0,0,55,0,0,0,1,1,6,2,12,0,0,0,1,29,65270,0,0,0,0,0,0,68,190,0,0,0,0,0,0,0,0,0,0,0,0,0,0,2,2,70,1,1,1,1,0,0,1,66,1,1,1,87,1,0
29,290279,1,2,1,3,6,21,38,12,6,1,1,99,9,22,399,22399,9,9999,999999999999,9,9,9,9,9,9,9,9,9,9,9,9,0,U,,,,9,17,,,,,,,,0,0,000000000,00000000000,0,0,0,1,0,0,0,0,0,0,0,35,0,0,0,82,99,2,1,12,0,0,0,1,99,99999,9,9,99,0,9,9,999,999,99,99,99,99,99,99,9999,99,9999,0,0,0,0,0,1,6,35,1,1,2,1,0,0,11,15,99,1,1,68,0,0
29,290279,2,2,1,3,6,21,38,12,6,1,0,29,1,37,706,37706,80,2007,JH2SC57037M3,J,H,2,S,C,5,7,0,3,7,M,3,0,M,HOND,CBS,RS,7,17,,,,,,,998,0,0,000000000,00000000000,0,0,0,1,0,0,0,0,0,0,0,40,0,0,0,12,99,6,2,12,0,0,0,1,29,63108,6,1,0,0,3,0,74,180,0,0,0,0,0,0,0,0,0,1,0,0,0,0,1,6,35,1,1,2,1,0,0,1,60,99,1,1,69,1,0
29,290280,1,2,1,4,6,10,55,12,6,1,0,92,0,20,37,20037,4,2001,1G1ND52J8161,1,G,1,N,D,5,2,J,8,1,6,1,0,P,CHEV,MAL,4D,1,17,3051,,0,1070,,G,,0,0,000000000,00000000000,0,0,0,1,0,0,0,0,0,0,0,25,0,0,0,9,9,6,2,12,0,0,0,1,29,65746,6,1,0,0,3,3,71,155,0,0,0,0,0,0,0,0,0,0,38,39,0,0,1,2,50,1,8,2,1,20,3,4,17,99,1,1,89,1,0
29,290280,2,2,1,4,6,10,55,12,6,1,0,29,1,13,1,13001,4,1986,1LNBP96F8GY7,1,L,N,B,P,9,6,F,8,G,Y,7,0,P,LINC,TNC,4D,86,17,4038,,0,1173,,G,,0,0,000000000,00000000000,0,0,0,1,0,0,0,0,0,0,0,65,0,0,0,12,12,6,2,12,0,0,0,1,29,65662,6,1,0,0,3,0,71,165,1,0,0,0,0,10,2008,10,2008,0,0,0,0,0,2,2,65,1,1,2,1,0,0,1,17,99,1,1,88,0,0
29,290281,1,1,1,5,6,21,43,59,0,1,0,29,1,98,709,98709,80,2001,1A9SC0220113,1,A,9,S,C,0,2,2,0,1,1,3,0,U,,,,1,17,,,,,,,,0,0,000000000,00000000000,0,0,0,1,0,0,0,0,0,0,0,70,0,0,0,12,0,6,2,1,0,0,0,1,29,64501,6,1,6,0,3,0,70,185,0,0,0,0,0,0,0,0,0,0,0,0,0,0,3,2,70,2,1,2,1,0,0,14,13,99,1,4,1,1,1
29,290282,1,3,1,6,6,15,0,12,1,1,0,29,1,72,706,72706,80,2006,1HD1FHW146Y6,1,H,D,1,F,H,W,1,4,6,Y,6,0,M,HD,HPI,RS,6,17,,,,,,,1450,0,0,000000000,00000000000,0,0,0,1,0,0,0,0,0,0,0,45,0,0,0,12,0,2,3,1,0,0,0,1,29,63961,6,1,0,0,2,3,71,265,0,0,0,0,0,0,0,0,0,0,26,0,0,0,1,2,45,3,5,2,1,0,0,14,50,7,2,1,20,1,0
29,290282,2,3,2,6,6,15,0,12,1,1,0,29,1,23,472,23472,30,2006,1GTCS1482682,1,G,T,C,S,1,4,8,2,6,8,2,0,T,GMC,CAN,PK,6,17,,1,0,1113,CAN,G,,0,0,000000000,00000000000,0,0,0,1,0,0,0,0,0,0,0,0,0,0,0,6,6,2,1,12,0,0,0,1,29,65043,6,1,0,0,3,0,67,250,0,0,0,0,0,0,0,0,0,0,54,0,0,0,1,2,45,2,5,2,1,0,0,5,15,98,1,1,21,0,0
29,290282,3,3,1,6,6,15,0,12,1,1,0,29,1,72,706,72706,80,2007,1HD1CT3137K4,1,H,D,1,C,T,3,1,3,7,K,4,0,M,HD,20C,RS,7,17,,,,,,,1199,0,0,000000000,00000000000,0,0,0,1,0,0,0,0,0,0,0,45,0,0,0,61,61,2,1,12,0,0,0,1,29,63701,6,1,0,0,3,3,70,200,0,0,0,1,0,4,2010,4,2010,0,26,0,0,0,1,2,45,2,5,2,1,0,0,14,50,7,1,1,98,0,0
29,290283,1,1,1,6,6,20,5,8,0,1,0,29,1,12,442,12442,20,2002,2FMZA52402BB,2,F,M,Z,A,5,2,4,0,2,B,B,0,T,FORD,WSE,ES,2,17,,1,0,1207,WIN,G,,0,0,000000000,00000000000,0,0,0,1,0,0,0,0,0,0,0,998,0,0,0,99,99,0,1,8,0,0,0,1,29,65265,6,1,0,0,3,0,66,150,0,0,0,0,1,6,2009,6,2009,0,0,0,0,0,0,0,0,0,0,0,0,0,0,13,80,1,1,1,98,0,0
29,290284,1,1,1,6,6,22,0,35,0,1,0,29,2,6,441,6441,20,2002,2C4GP44332R5,2,C,4,G,P,4,4,3,3,2,R,5,0,P,CHRY,TWC,SV,2,17,4003,,0,1193,,F,,0,0,000000000,00000000000,0,0,0,1,0,0,0,0,0,0,0,50,0,1,5,12,0,6,2,1,0,0,0,1,29,63084,6,1,0,0,3,3,66,200,0,0,0,1,0,1,2008,1,2008,0,0,0,0,0,1,2,55,3,6,2,1,0,0,14,13,99,1,4,1,1,0
29,290285,1,1,1,6,6,2,49,35,0,1,0,29,1,20,37,20037,4,1999,1G1ND52M3X62,1,G,1,N,D,5,2,M,3,X,6,2,0,P,CHEV,MAL,4D,99,17,3051,,0,1070,,G,,0,0,000000000,00000000000,0,0,0,1,0,0,0,0,0,0,0,76,0,1,5,12,0,6,2,1,0,0,0,1,29,63031,6,2,0,0,3,2,65,121,0,0,0,0,0,0,0,0,0,1,73,0,0,0,1,2,40,3,5,1,1,0,0,14,10,3,2,4,7,1,1
29,290286,1,2,1,7,6,10,34,12,1,1,0,29,1,49,40,49040,4,9999,4T1BF3EK3BU5,4,T,1,B,F,3,E,K,3,B,U,5,0,P,TOYT,CBA,4D,11,17,3263,,0,1093,,G,,0,0,000000000,00000000000,0,0,0,1,0,0,0,0,0,0,0,998,0,0,0,12,12,6,2,12,0,0,0,1,29,63304,6,1,0,0,3,0,70,200,0,0,0,0,0,0,0,0,0,0,0,0,0,0,2,2,55,1,2,2,1,0,0,1,98,1,1,1,32,0,0
29,290286,2,2,1,7,6,10,34,12,1,1,0,29,1,50,709,50709,80,2010,SMTD02NEXAJ4,S,M,T,D,0,2,N,E,X,A,J,4,0,M,TRIU,STR,RC,10,17,,,,,,,675,0,0,000000000,00000000000,0,0,0,1,0,0,0,0,0,0,0,998,0,0,0,6,6,6,2,12,0,0,0,1,29,63060,6,1,0,0,3,3,74,250,0,0,0,0,0,0,0,0,0,0,0,0,0,0,2,2,55,1,2,2,1,0,0,1,53,1,1,1,32,1,0
29,290287,1,2,1,7,6,22,30,12,6,1,0,29,1,49,32,49032,4,2010,1NXBU4EE3AZ2,1,N,X,B,U,4,E,E,3,A,Z,2,0,P,TOYT,CBL,4D,10,17,2723,,0,1024,,G,,0,0,000000000,00000000000,0,0,0,1,0,0,0,0,0,0,0,999,0,0,0,12,12,6,2,12,0,0,0,1,29,63461,6,1,0,0,3,0,70,150,0,0,0,0,1,1,2009,1,2009,0,0,0,0,0,2,2,65,1,1,2,1,0,0,1,66,99,1,1,86,0,0
29,290287,2,2,5,7,6,22,30,12,6,1,0,29,2,20,16,20016,4,2001,1G1JC5243174,1,G,1,J,C,5,2,4,3,1,7,4,0,P,CHEV,CAC,4D,1,17,2676,,0,1041,,C,,0,0,000000000,00000000000,0,0,0,1,0,0,0,0,0,0,0,999,0,0,0,4,4,6,2,12,0,0,0,1,29,63401,6,2,0,0,3,2,64,125,0,0,0,0,0,0,0,0,0,0,38,39,73,0,1,2,45,1,2,2,1,21,3,1,17,99,1,1,87,2,0
29,290288,1,2,1,8,6,10,45,12,6,1,0,29,1,34,34,34034,4,1992,WBACB4319NFF,W,B,A,C,B,4,3,1,9,N,F,F,0,P,BMW,25I,4D,92,17,4068,,0,1063,,G,,0,0,000000000,00000000000,0,0,0,1,0,0,0,0,0,0,0,15,0,0,0,9,9,6,2,12,0,0,0,1,29,65619,6,1,0,0,3,3,68,160,0,0,0,0,0,0,0,0,0,0,38,39,0,0,2,2,60,1,5,2,1,20,3,4,17,10,1,7,89,1,0
29,290288,2,2,1,8,6,10,45,12,6,1,0,29,1,49,40,49040,4,2000,4T1BG22K8YU7,4,T,1,B,G,2,2,K,8,Y,U,7,0,P,TOYT,UEX,4D,0,17,2998,,0,1051,,G,,0,0,000000000,00000000000,0,0,0,1,0,0,0,0,0,0,0,55,0,0,0,12,12,6,2,12,0,0,0,1,29,65809,6,1,0,0,3,0,63,150,0,0,0,1,0,1,2009,1,2009,0,0,0,0,0,2,2,60,1,5,2,1,0,0,1,66,2,1,1,88,0,0
29,290289,1,2,1,8,6,17,15,12,6,1,0,29,3,86,881,86881,63,1997,1M1AA18Y1VW0,1,M,1,A,A,1,8,Y,1,V,W,0,0,T,MACK,CH6,DS,97,17,,8,0,0,600,D,,0,77,777777777,77777777777,3,2,4,1,0,0,0,0,0,0,0,998,0,0,0,1,1,2,1,12,0,0,0,1,29,64021,6,1,6,0,3,0,72,180,0,0,0,0,0,0,0,0,0,0,0,0,0,0,1,2,55,4,2,2,1,0,0,15,11,10,1,1,46,0,0
29,290289,2,2,1,8,6,17,15,12,6,1,0,92,0,37,705,37705,80,2001,JH2PC35041M2,J,H,2,P,C,3,5,0,4,1,M,2,0,M,HOND,CF4,RS,1,17,,,,,,,599,0,0,000000000,00000000000,0,0,0,1,0,0,0,0,0,0,0,998,0,0,0,12,0,6,8,1,0,0,0,1,29,65759,6,1,0,0,3,0,71,150,1,0,0,1,1,12,2007,5,2010,1,0,0,0,0,1,2,55,4,2,2,1,0,0,6,61,7,1,2,45,1,0
29,290290,1,1,1,9,6,0,30,42,0,1,0,29,1,7,482,7482,31,2006,3D7KS19D06G2,3,D,7,K,S,1,9,D,0,6,G,2,0,T,DODG,ME1,CW,6,17,,2,0,1605,RPC,G,,0,0,000000000,00000000000,0,0,0,1,0,0,0,0,0,0,0,40,0,0,0,10,0,6,2,2,0,0,1,1,29,63333,6,1,0,0,3,0,69,225,0,0,0,0,0,0,0,0,0,1,0,0,0,0,1,2,40,2,6,4,2,0,0,14,6,9,3,4,7,1,0
29,290291,1,1,1,9,6,20,10,34,0,1,0,29,2,12,481,12481,31,1998,1FTZX1761WKC,1,F,T,Z,X,1,7,6,1,W,K,C,0,T,FORD,F15,3C,98,17,,1,1570,1390,COF,G,,0,0,000000000,00000000000,0,0,0,1,0,0,0,0,0,0,0,81,0,1,5,14,0,6,2,1,0,0,0,1,29,65667,6,2,0,0,3,2,61,110,0,0,0,0,0,0,0,0,0,1,58,73,0,0,1,2,55,3,1,2,1,0,0,14,13,8,4,4,2,1,0
29,290292,1,1,1,10,6,16,15,58,0,1,0,29,2,41,441,41441,20,1995,JM3LV5220S07,J,M,3,L,V,5,2,2,0,S,0,7,0,P,MAZD,MWG,SV,95,17,3745,,0,1104,,G,,0,0,000000000,00000000000,0,0,0,1,0,0,0,0,0,0,0,55,0,1,5,12,0,6,2,1,0,0,0,1,29,63501,0,0,0,0,0,0,72,230,0,0,0,0,1,8,2009,8,2009,0,58,0,0,0,1,2,55,1,5,2,1,0,0,1,13,8,4,4,7,1,0
29,290293,1,1,2,11,6,19,55,30,0,1,0,29,1,35,473,35473,31,2004,1N6AA07B44N5,1,N,6,A,A,0,7,B,4,4,N,5,0,T,NISS,TXS,CW,4,17,,2,0,1398,TTN,G,,0,0,000000000,00000000000,0,0,0,1,0,0,0,0,0,0,0,998,0,0,0,12,12,6,2,30,0,0,0,1,29,63366,6,1,0,0,3,0,70,160,0,0,0,0,0,0,0,0,0,1,0,0,0,0,1,2,35,1,2,2,1,0,0,1,11,99,9,4,1,1,1
29,290294,1,1,1,11,6,14,48,15,0,1,0,29,2,20,481,20481,31,2000,1GCGK23R7YF5,1,G,C,G,K,2,3,R,7,Y,F,5,0,T,CHEV,GK2,CW,0,17,,2,0,1545,GM4,G,,0,0,000000000,00000000000,0,0,0,1,0,0,0,0,0,0,0,999,0,0,0,12,12,0,1,15,0,0,0,1,29,64125,6,1,0,0,3,0,70,185,0,0,0,0,0,0,0,0,0,0,38,0,0,0,1,2,25,1,5,2,1,20,3,1,80,1,1,1,13,0,0
29,290295,1,2,1,11,6,16,5,12,6,1,0,29,1,12,481,12481,31,1976,F11YUB29912,F,1,1,Y,U,B,2,9,9,1,2,,0,P,,,,,,,,,,,,,0,0,000000000,00000000000,0,0,0,1,0,0,0,0,0,0,0,999,0,0,0,3,3,6,2,12,0,0,0,1,29,63443,6,1,0,0,3,0,72,200,0,0,0,0,0,0,0,0,0,0,38,39,0,0,2,2,65,1,1,1,1,21,3,4,17,10,1,7,87,1,0
29,290295,2,2,1,11,6,16,5,12,6,1,0,31,3,82,883,82883,66,2005,1FUJA6CK35DV,1,F,U,J,A,6,C,K,3,5,D,V,1,T,FRHT,COL,DS,5,17,,8,0,0,CON,D,,1,57,53461,5753461,3,6,1,1,0,0,0,0,0,0,0,65,0,0,0,12,12,4,1,12,0,0,0,1,19,51503,6,1,6,3,3,3,999,999,0,0,0,0,0,0,0,0,0,0,0,0,0,0,2,2,65,1,1,1,1,21,3,1,66,3,2,1,86,0,0
29,290296,1,1,1,12,6,17,0,42,0,1,0,29,1,20,39,20039,4,2007,KL1TD66697B7,K,L,1,T,D,6,6,6,9,7,B,7,0,P,CHEV,ABS,5D,7,17,2343,,0,976,,G,,0,0,000000000,00000000000,0,0,0,1,0,0,0,0,0,0,0,55,0,1,5,12,0,6,2,1,0,0,0,1,29,63080,6,1,0,0,3,3,67,150,1,0,0,0,0,1,2009,1,2009,1,0,0,0,0,1,2,55,2,1,2,2,0,0,14,12,99,1,4,6,1,1
29,290297,1,1,2,13,6,0,42,8,0,1,0,29,1,12,481,12481,31,2002,1FTRW08LX2KE,1,F,T,R,W,0,8,L,X,2,K,E,0,T,FORD,F1S,CW,2,17,,2,0,1388,COF,G,,0,0,000000000,00000000000,0,0,0,1,0,0,0,0,0,0,0,70,0,1,5,12,0,6,2,1,0,0,0,1,29,65202,6,1,0,0,3,3,76,245,1,0,0,0,0,7,2008,7,2008,0,0,0,0,0,3,2,70,1,2,2,1,0,0,15,80,1,1,2,13,0,0
29,290298,1,2,1,13,6,21,30,12,1,1,1,29,1,20,422,20422,15,2007,3GNGK26K37G1,3,G,N,G,K,2,6,K,3,7,G,1,0,P,CHEV,K25,UT,7,17,6328,,0,1300,,G,,0,0,000000000,00000000000,0,0,0,1,0,0,0,0,0,0,0,999,0,0,0,12,12,2,1,12,0,0,0,1,29,65265,6,1,0,0,3,0,70,215,1,0,0,0,0,2,2009,2,2009,0,0,0,0,0,1,2,30,1,1,1,1,0,0,1,53,1,1,1,24,0,0
29,290298,2,2,1,13,6,21,30,12,1,1,0,92,0,98,998,98998,97,9999,999999999999,9,9,9,9,9,9,9,9,9,9,9,9,0,U,,,,9,17,,,,,,,,0,0,000000000,00000000000,0,0,0,1,0,0,0,0,0,0,0,998,0,0,0,6,6,6,2,5,0,0,0,1,29,65265,1,1,0,0,2,0,69,145,0,0,0,0,0,0,0,0,0,0,0,0,0,0,1,2,30,1,1,1,1,0,0,1,51,1,1,1,25,1,0
29,290299,1,1,1,14,6,18,5,35,0,1,0,29,1,18,7,18007,4,1994,1G4AG554XR64,1,G,4,A,G,5,5,4,X,R,6,4,0,P,BUIC,CSP,4D,94,17,2974,,0,1049,,G,,0,0,000000000,00000000000,0,0,0,1,0,0,0,0,0,0,0,45,0,1,5,12,0,6,2,1,0,0,0,1,29,63369,6,1,0,0,3,0,63,160,0,0,0,0,0,0,0,0,0,0,0,0,0,0,1,2,45,1,6,2,1,0,0,1,12,1,1,4,6,1,0
29,290300,1,1,2,14,6,18,25,5,0,1,0,29,1,37,706,37706,80,1985,1HFSC1201FA2,1,H,F,S,C,1,2,0,1,F,A,2,0,M,HOND,VF1,RS,85,17,,,,,,,1100,0,0,000000000,00000000000,0,0,0,1,0,0,0,0,0,0,0,70,0,0,0,0,0,0,1,5,0,0,0,1,29,65802,6,1,0,0,3,0,71,150,0,0,0,1,0,12,2007,12,2007,1,0,0,0,0,1,2,45,1,3,2,1,0,0,1,98,1,1,1,0,1,0
29,290301,1,2,1,16,6,19,17,12,6,1,0,29,1,72,706,72706,80,2002,1HD4CJM1X2K1,1,H,D,4,C,J,M,1,X,2,K,1,0,M,HD,L8C,RS,2,17,,,,,,,883,0,0,000000000,00000000000,0,0,0,1,0,0,0,0,0,0,0,60,0,0,0,12,12,6,2,12,0,0,0,1,29,65355,6,1,0,0,3,3,72,150,0,0,0,1,0,3,2010,3,2010,0,28,0,0,0,1,2,55,3,2,2,1,0,0,6,10,1,1,2,64,1,0
29,290301,2,2,1,16,6,19,17,12,6,1,0,29,1,12,398,12398,9,1965,5H66G242156,5,H,6,6,G,2,4,2,1,5,6,,0,P,,,,,,,,,,,,,0,0,000000000,00000000000,0,0,0,1,0,0,0,0,0,0,0,50,7,0,0,2,12,6,2,12,0,0,0,1,29,65787,6,1,0,0,3,0,74,210,0,1,0,0,1,10,2008,1,2009,0,0,0,0,0,1,2,55,2,2,2,1,0,0,14,54,8,4,2,65,0,1
29,290302,1,2,1,16,6,23,20,12,2,1,0,29,2,12,481,12481,31,1988,1FTHF26M8JPB,1,F,T,H,F,2,6,M,8,J,P,B,0,T,FORD,F25,PK,88,17,,2,0,1330,COF,D,,0,0,000000000,00000000000,0,0,0,1,0,0,0,0,0,0,0,50,0,1,5,12,0,6,2,1,0,0,0,1,29,63332,6,1,0,0,3,0,69,190,0,0,0,1,0,11,2007,11,2007,0,28,0,0,0,1,2,55,2,1,2,1,0,0,14,10,1,1,2,50,1,1
29,290302,2,2,1,16,6,23,20,12,2,1,0,29,1,12,481,12481,31,1999,1FTRX08L9XKB,1,F,T,R,X,0,8,L,9,X,K,B,0,T,FORD,F15,4C,99,17,,2,0,1388,COF,G,,0,0,000000000,00000000000,0,0,0,1,0,0,0,0,0,0,0,40,0,0,0,12,12,6,2,12,0,0,0,1,29,63089,6,1,0,0,3,3,64,115,1,0,0,1,0,6,2009,8,2009,0,0,0,0,0,1,2,55,3,1,2,1,0,0,14,62,1,1,1,51,0,0
29,290303,1,1,1,17,5,3,3,53,0,1,0,29,2,14,17,14017,4,1990,1MECM50U6LG6,1,M,E,C,M,5,0,U,6,L,G,6,0,P,MERC,SGS,4D,90,17,3131,,0,1060,,G,,0,0,000000000,00000000000,0,0,0,1,0,0,0,0,0,0,0,998,0,0,0,12,12,6,2,42,0,0,0,1,29,63044,2,1,0,0,2,0,68,135,0,2,0,2,1,10,2007,2,2008,0,29,92,0,0,1,2,99,1,2,1,2,0,0,1,13,1,1,4,1,1,1
29,290304,1,2,2,17,6,7,35,12,6,1,0,29,1,6,54,6054,6,2005,2C4GM48L45R4,2,C,4,G,M,4,8,L,4,5,R,4,0,P,CHRY,PIF,UT,5,17,4262,,0,1160,,G,,0,0,000000000,00000000000,0,0,0,1,0,0,0,0,0,0,0,20,0,0,0,12,12,6,2,12,0,0,0,1,29,65708,6,1,0,0,3,3,66,120,0,0,0,0,0,0,0,0,0,0,38,0,0,0,1,2,40,1,2,2,1,20,3,4,17,1,1,1,88,0,0
29,290304,2,2,1,17,6,7,35,12,6,1,0,29,1,20,2,20002,4,1993,1G1BL53E5PW1,1,G,1,B,L,5,3,E,5,P,W,1,0,P,CHEV,CCL,4D,93,17,3995,,0,1159,,G,,0,0,000000000,00000000000,0,0,0,1,0,0,0,0,0,0,0,55,0,0,0,11,12,6,2,12,0,0,0,1,29,65723,6,1,0,0,3,0,71,220,0,0,0,0,0,0,0,0,0,0,0,0,0,0,1,2,55,1,6,2,1,0,0,1,68,1,1,1,89,1,0
29,290305,1,2,1,18,6,6,30,54,11,1,0,29,1,7,482,7482,31,2001,3B7HF13Z51G1,3,B,7,H,F,1,3,Z,5,1,G,1,0,T,DODG,Q15,4C,1,17,,2,1547,1387,RPC,G,,0,0,000000000,00000000000,0,0,0,1,0,0,0,0,0,0,0,999,0,0,0,11,11,6,2,54,0,0,0,1,29,63638,6,1,6,1,3,0,68,200,1,0,0,0,0,4,2009,4,2009,0,0,0,0,0,1,2,60,3,5,2,1,0,0,14,62,1,1,1,98,1,0