STATE,ST_CASE,VEH_NO,VE_FORMS,NUMOCCS,DAY,MONTH,HOUR,MINUTE,HARM_EV,MAN_COLL,UNITTYPE,HIT_RUN,REG_STAT,OWNER,MAKE,MODEL,MAK_MOD,BODY_TYP,MOD_YEAR,VIN,VIN_1,VIN_2,VIN_3,VIN_4,VIN_5,VIN_6,VIN_7,VIN_8,VIN_9,VIN_10,VIN_11,VIN_12,TOW_VEH,VINTYPE,VINMAKE,VINA_MOD,VIN_BT,VINMODYR,VIN_LNGT,VIN_WGT,WGTCD_TR,WHLBS_LG,WHLBS_SH,SER_TR,FUELCODE,MCYCL_DS,J_KNIFE,MCARR_I1,MCARR_I2,MCARR_ID,GVWR,V_CONFIG,CARGO_BT,HAZ_INV,HAZ_PLAC,HAZ_ID,HAZ_CNO,HAZ_REL,BUS_USE,SPEC_USE,EMER_USE,TRAV_SP,UNDERIDE,ROLLOVER,ROLINLOC,IMPACT1,IMPACT2,DEFORMED,TOWED,M_HARM,VEH_SC1,VEH_SC2,FIRE_EXP,DR_PRES,L_STATE,DR_ZIP,L_STATUS,L_TYPE,CDL_STAT,L_ENDORS,L_COMPL,L_RESTRI,DR_HGT,DR_WGT,PREV_ACC,PREV_SUS,PREV_DWI,PREV_SPD,PREV_OTH,FIRST_MO,FIRST_YR,LAST_MO,LAST_YR,SPEEDREL,DR_SF1,DR_SF2,DR_SF3,DR_SF4,VTRAFWAY,VNUM_LAN,VSPD_LIM,VALIGN,VPROFILE,VPAVETYP,VSURCOND,VTRAFCON,VTCONT_F,P_CRASH1,P_CRASH2,P_CRASH3,PCRASH4,PCRASH5,ACC_TYPE,DEATHS,DR_DRINK
29,290305,2,2,1,18,6,6,30,54,11,1,0,29,1,82,881,82881,66,1998,1FV7F0Y95WL9,1,F,V,7,F,0,Y,9,5,W,L,9,1,T,FRHT,FLD,GL,98,17,,8,0,0,CON,,,1,77,777777777,77777777777,3,6,10,1,0,0,0,0,0,0,0,74,0,1,5,18,8,4,8,54,0,0,0,1,29,63965,6,1,6,0,3,0,73,220,0,0,0,0,0,0,0,0,0,0,0,0,0,0,1,2,60,2,6,2,1,0,0,14,4,1,4,2,98,0,0
29,290306,1,1,1,19,6,19,15,30,0,1,0,29,1,20,4,20004,9,1979,1Z8789S43828,1,Z,8,7,8,9,S,4,3,8,2,8,0,P,,,,,,,,,,,,,0,0,000000000,00000000000,0,0,0,1,0,0,0,0,0,0,0,75,0,0,0,5,5,6,2,30,0,0,0,1,29,65032,6,1,0,0,3,0,74,230,0,0,0,0,0,0,0,0,0,1,0,0,0,0,1,2,55,3,1,2,1,0,0,14,6,8,4,4,2,1,1
29,290307,1,1,1,27,6,0,2,8,0,1,0,29,1,7,472,7472,30,1998,1B7FL26X9WS5,1,B,7,F,L,2,6,X,9,W,S,5,0,T,DODG,DAK,PK,98,17,,1,1239,1119,DAK,G,,0,0,000000000,00000000000,0,0,0,1,0,0,0,0,0,0,0,40,0,0,0,14,14,0,1,8,0,0,0,1,29,63123,6,1,0,0,3,0,68,160,0,0,0,0,1,1,2010,1,2010,0,0,0,0,0,1,2,55,1,6,2,1,0,0,1,80,1,1,1,13,0,0
29,290308,1,1,1,20,6,0,50,52,0,1,0,29,1,20,481,20481,31,2006,1GCHK29U26E1,1,G,C,H,K,2,9,U,2,6,E,1,0,T,CHEV,2KH,4C,6,17,,2,1575,1435,SIL,G,,0,0,000000000,00000000000,0,0,0,1,0,0,0,0,0,0,0,90,0,1,5,12,0,6,2,1,0,0,0,1,29,63069,6,1,0,0,3,0,69,150,0,0,0,0,0,0,0,0,0,1,0,0,0,0,3,2,60,1,5,2,1,98,8,15,13,1,1,4,1,1,1
29,290309,1,2,2,20,6,17,25,12,6,1,0,29,2,20,19,20019,2,1996,1G1LW15M7TY1,1,G,1,L,W,1,5,M,7,T,Y,1,0,P,CHEV,Z26,CP,96,17,2990,,0,1034,,G,,0,0,000000000,00000000000,0,0,0,1,0,0,0,0,0,0,0,5,0,0,0,10,10,6,2,12,0,0,0,1,29,65674,6,2,0,0,3,3,63,124,0,0,0,0,0,0,0,0,0,0,48,0,0,0,1,2,60,1,1,2,1,0,0,12,17,1,1,1,98,0,0
29,290309,2,2,1,20,6,17,25,12,6,1,0,29,1,20,20,20020,2,1992,2G1WN14T2N92,2,G,1,W,N,1,4,T,2,N,9,2,0,P,CHEV,EUR,CP,92,17,3256,,0,1075,,G,,0,0,000000000,00000000000,0,0,0,1,0,0,0,0,0,0,0,60,0,0,0,12,12,6,2,12,0,0,0,1,29,65649,6,1,0,0,3,3,64,172,1,0,0,0,0,12,2007,12,2007,0,0,0,0,0,1,2,60,1,1,2,1,0,0,1,67,6,1,2,98,1,0
29,290310,1,2,1,25,6,12,55,12,2,1,0,29,1,18,2,18002,4,1996,1G4HR52K0TH4,1,G,4,H,R,5,2,K,0,T,H,4,0,P,BUIC,LLF,4D,96,17,3468,,0,1108,,G,,0,0,000000000,00000000000,0,0,0,1,0,0,0,0,0,0,0,998,0,1,1,12,0,6,2,12,0,0,0,1,29,64093,6,1,0,0,3,0,70,165,0,0,0,0,0,0,0,0,0,0,28,0,0,0,1,2,60,1,2,2,1,0,0,1,10,1,1,2,50,0,0
29,290310,2,2,1,25,6,12,55,12,2,1,0,29,1,35,47,35047,4,2006,1N4AL11D36C2,1,N,4,A,L,1,1,D,3,6,C,2,0,P,NISS,ASL,4D,6,17,2915,,0,1102,,G,,0,0,000000000,00000000000,0,0,0,1,0,0,0,0,0,0,0,52,0,0,0,12,12,6,2,12,0,0,0,1,29,65355,6,1,0,0,3,3,60,106,0,0,0,0,0,0,0,0,0,0,0,0,0,0,1,2,60,1,2,2,1,0,0,1,62,1,1,1,51,1,0
29,290311,1,1,2,25,6,17,50,33,0,1,0,92,0,12,401,12401,14,1998,1FMZU32X0WZB,1,F,M,Z,U,3,2,X,0,W,Z,B,0,P,FORD,EPR,UT,98,17,3911,,0,1115,,G,,0,0,000000000,00000000000,0,0,0,1,0,0,0,0,0,0,0,75,0,1,5,2,0,6,2,1,0,0,0,1,29,64127,0,0,0,0,0,0,71,166,0,0,0,0,0,0,0,0,0,1,37,0,0,0,1,2,35,1,5,2,1,0,0,1,6,3,4,4,7,1,0
29,290312,1,1,1,26,6,1,50,8,0,1,0,17,2,20,431,20431,16,2001,1GNFK16T31J2,1,G,N,F,K,1,6,T,3,1,J,2,0,P,CHEV,K15,UT,1,17,5123,,0,1300,,G,,0,0,000000000,00000000000,0,0,0,1,0,0,0,0,0,0,0,20,0,0,0,1,1,2,3,8,0,0,0,1,29,63147,1,1,0,0,2,0,65,150,0,0,0,0,0,0,0,0,0,0,0,0,0,0,2,2,35,1,1,2,1,0,0,1,80,2,1,1,13,0,0
29,290313,1,2,1,26,6,10,15,12,2,1,0,5,2,49,50,49050,3,2006,JTKDE1772600,J,T,K,D,E,1,7,7,2,6,0,0,0,P,TOYT,SXC,LB,6,17,2905,,0,1063,,G,,0,0,000000000,00000000000,0,0,0,1,0,0,0,0,0,0,0,75,0,0,0,12,12,6,2,12,0,0,0,1,5,72712,6,1,0,0,3,0,68,147,0,0,0,0,0,0,0,0,0,0,28,0,0,0,1,2,60,1,1,2,1,0,0,6,10,1,1,2,50,0,0
29,290313,2,2,4,26,6,10,15,12,2,1,0,5,2,14,401,14401,14,2005,4M2ZU86K75UJ,4,M,2,Z,U,8,6,K,7,5,U,J,0,P,MERC,MOU,UT,5,17,4428,,0,1138,,F,,0,0,000000000,00000000000,0,0,0,1,0,0,0,0,0,0,0,60,0,1,5,12,0,6,2,1,0,0,0,1,5,72616,6,1,0,0,3,0,68,210,0,0,0,0,0,0,0,0,0,0,0,0,0,0,1,2,60,1,1,2,1,0,0,1,54,7,1,1,51,1,0
29,290314,1,1,2,26,6,13,20,1,0,1,0,29,1,72,706,72706,80,2009,1HD1CT3169K4,1,H,D,1,C,T,3,1,6,9,K,4,0,M,HD,20C,RS,9,17,,,,,,,1202,0,0,000000000,00000000000,0,0,0,1,0,0,0,0,0,0,0,55,0,0,0,0,0,6,2,1,0,0,0,1,29,65023,6,1,0,0,3,0,71,235,0,0,0,0,0,0,0,0,0,0,0,0,0,0,1,2,55,1,5,2,1,0,0,1,62,2,2,1,98,1,0
29,290315,1,1,1,26,6,19,35,30,0,1,0,13,2,12,401,12401,14,1998,1FMYU22E6WUB,1,F,M,Y,U,2,2,E,6,W,U,B,0,P,FORD,EPR,UT,98,17,3692,,0,1017,,G,,0,0,000000000,00000000000,0,0,0,1,0,0,0,0,0,0,0,50,0,1,5,12,0,6,2,1,0,0,0,1,13,39897,0,0,0,0,0,0,67,160,98,0,0,0,0,0,0,0,0,1,0,0,0,0,1,2,20,1,6,2,1,0,0,1,6,3,2,4,7,1,1
29,290316,1,1,1,26,6,19,45,1,0,1,0,29,1,98,709,98709,80,2003,1R9SC25593B3,1,R,9,S,C,2,5,5,9,3,B,3,0,U,,,,3,17,,,,,,,,0,0,000000000,00000000000,0,0,0,1,0,0,0,0,0,0,0,75,0,0,0,0,12,6,2,57,0,0,0,1,29,63036,6,1,0,0,3,3,73,175,1,0,0,0,0,5,2009,5,2009,1,0,0,0,0,3,2,60,2,6,2,1,0,0,14,6,9,2,2,98,1,1
29,290317,1,2,1,26,6,20,51,12,2,1,0,29,2,24,7,24007,4,2006,1G8AJ55F16Z1,1,G,8,A,J,5,5,F,1,6,Z,1,0,P,STRN,SI2,4D,6,17,2802,,0,1035,,G,,0,0,000000000,00000000000,0,0,0,1,0,0,0,0,0,0,0,55,0,0,0,12,12,6,2,12,0,0,0,1,29,64127,2,1,0,0,2,0,71,191,0,0,0,0,0,0,0,0,0,0,28,0,0,0,1,2,40,1,3,2,1,0,0,6,10,3,2,2,50,1,1
29,290317,2,2,2,26,6,20,51,12,2,1,0,20,2,49,442,49442,20,1999,4T3ZF13C9XU1,4,T,3,Z,F,1,3,C,9,X,U,1,0,P,TOYT,SIE,SV,99,17,3797,,0,1142,,G,,0,0,000000000,00000000000,0,0,0,1,0,0,0,0,0,0,0,998,0,0,0,12,12,6,2,12,0,0,0,1,29,64804,6,1,0,0,3,0,67,175,0,0,0,0,0,0,0,0,0,0,0,0,0,0,1,2,40,1,3,2,1,0,0,1,62,1,1,1,51,0,1
29,290318,1,1,1,23,3,16,0,32,0,1,0,29,1,41,441,41441,20,1995,JM3LV5226S07,J,M,3,L,V,5,2,2,6,S,0,7,0,P,MAZD,MWG,SV,95,17,3745,,0,1104,,G,,0,0,000000000,00000000000,0,0,0,1,0,0,0,0,0,0,0,998,0,0,0,12,12,6,2,42,0,0,0,1,29,63052,6,1,0,0,3,3,69,250,0,0,0,0,0,0,0,0,0,0,0,0,0,0,1,2,35,1,1,2,1,0,0,1,13,1,1,4,1,1,0
29,290319,1,1,2,29,4,14,0,1,0,1,0,29,1,6,52,6052,6,2003,3C8FY68B53T5,3,C,8,F,Y,6,8,B,5,3,T,5,0,P,CHRY,PTC,SV,3,17,3121,,0,1030,,G,,0,0,000000000,00000000000,0,0,0,1,0,0,0,0,0,0,0,60,0,2,5,0,0,6,2,1,0,0,0,1,29,63068,2,1,0,0,2,3,70,286,0,0,0,0,0,0,0,0,0,1,0,0,0,0,1,2,55,1,1,2,1,0,0,1,11,7,3,4,2,1,0
29,290320,1,1,1,28,6,20,10,25,0,1,0,29,1,53,706,53706,80,2006,JS1GW71A9621,J,S,1,G,W,7,1,A,9,6,2,1,0,M,SUZI,GXR,RS,6,17,,,,,,,1298,0,0,000000000,00000000000,0,0,0,1,0,0,0,0,0,0,0,100,0,0,0,2,12,6,2,38,0,0,0,1,29,63118,6,1,6,0,3,0,76,230,0,0,0,0,0,0,0,0,0,1,0,0,0,0,3,4,60,3,2,2,1,0,0,6,6,1,1,4,1,1,0
29,290321,1,2,1,28,6,9,28,12,6,1,0,29,1,12,17,12017,4,2004,1FAFP58234A2,1,F,A,F,P,5,8,2,3,4,A,2,0,P,FORD,TSE,SW,4,17,3306,,0,1085,,F,,0,0,000000000,00000000000,0,0,0,1,0,0,0,0,0,0,0,20,0,0,0,8,8,6,2,12,0,0,0,1,29,65613,6,1,0,0,3,0,60,118,0,0,0,0,0,0,0,0,0,0,38,39,0,0,1,2,55,1,2,2,1,20,3,4,17,1,1,1,89,1,0
29,290321,2,2,1,28,6,9,28,12,6,1,0,29,2,2,404,2404,14,1996,1J4FJ68S7TL1,1,J,4,F,J,6,8,S,7,T,L,1,0,T,JEEP,SPC,4W,96,17,,1,0,1014,CHK,G,,0,0,000000000,00000000000,0,0,0,1,0,0,0,0,0,0,0,65,0,0,0,12,12,6,2,12,0,0,0,1,29,64735,6,1,0,0,3,0,69,125,0,0,0,0,0,0,0,0,0,0,0,0,0,0,2,2,65,1,1,2,1,0,0,1,66,1,1,1,88,0,0
29,290322,1,2,2,28,6,18,30,12,6,1,0,92,0,53,705,53705,80,2003,JS1GN7BA7321,J,S,1,G,N,7,B,A,7,3,2,1,0,M,SUZI,G60,RS,3,17,,,,,,,599,0,0,000000000,00000000000,0,0,0,1,0,0,0,0,0,0,0,75,0,0,0,12,12,6,2,12,0,0,0,1,29,64014,3,1,0,0,2,0,68,190,0,0,0,1,0,3,2009,3,2009,0,35,0,0,0,1,2,55,1,1,2,1,0,0,6,51,1,1,2,83,1,0
29,290322,2,2,1,28,6,18,30,12,6,1,0,29,1,12,481,12481,31,2008,1FTWW33R88ED,1,F,T,W,W,3,3,R,8,8,E,D,1,T,FORD,F3D,CW,8,17,,3,1720,1560,DRW,D,,1,0,000000000,00000000000,0,0,0,1,0,0,0,0,0,0,0,5,0,0,0,9,9,4,1,12,0,0,0,1,29,64075,6,1,0,0,3,3,76,245,1,0,0,1,0,1,2009,4,2009,0,0,0,0,0,1,2,55,1,1,2,1,0,0,11,53,3,1,1,82,0,0
29,290323,1,1,1,29,6,16,20,10,0,1,0,29,2,85,881,85881,63,1998,1XKADB9X9WJ7,1,X,K,A,D,B,9,X,9,W,J,7,0,T,KW,T60,DS,98,17,,8,2600,1600,CON,D,,0,99,999999999,99999999999,3,2,4,1,0,0,0,0,0,0,0,999,0,0,0,1,99,6,2,8,0,0,0,1,29,64457,6,1,6,0,3,0,74,255,0,0,0,0,0,0,0,0,0,0,38,0,0,0,1,2,98,1,1,2,1,65,3,4,98,1,1,1,98,0,0
29,290324,1,1,2,30,6,2,50,8,0,1,0,29,2,7,41,7041,4,2000,2B3HD46R3YH2,2,B,3,H,D,4,6,R,3,Y,H,2,0,P,DODG,INT,4D,0,17,3385,,0,1130,,G,,0,0,000000000,00000000000,0,0,0,1,0,0,0,0,0,0,0,998,0,0,0,12,12,6,2,8,0,0,0,1,29,63137,1,1,0,0,2,0,69,160,1,3,0,0,0,3,2009,1,2010,0,0,0,0,0,1,4,35,1,1,2,1,0,0,1,81,6,1,1,13,0,0
29,290325,1,2,3,30,6,19,50,12,6,1,0,29,1,12,481,12481,31,2005,1FTWX31P45ED,1,F,T,W,X,3,1,P,4,5,E,D,1,T,FORD,F3S,4C,5,17,,3,1580,1418,SRW,D,,1,0,000000000,00000000000,0,0,0,1,0,0,0,0,0,0,0,30,0,1,5,12,12,6,2,12,0,0,0,1,29,64730,6,1,0,0,3,3,72,230,0,0,0,0,0,0,0,0,0,0,0,0,0,0,1,2,55,1,2,2,1,0,0,1,17,6,1,2,86,0,0
29,290325,2,2,2,30,6,19,50,12,6,1,0,29,3,20,481,20481,31,1990,1GCDK14KXLZ1,1,G,C,D,K,1,4,K,X,L,Z,1,0,T,CHEV,GK1,PK,90,17,,1,1415,1175,GM4,G,,0,0,000000000,00000000000,0,0,0,1,0,0,0,0,0,0,0,27,0,0,0,1,1,6,2,12,0,0,0,1,29,64780,2,1,0,0,2,0,72,170,0,1,0,0,0,4,2010,4,2010,0,38,39,0,0,1,2,50,1,9,4,1,20,3,1,17,1,1,1,87,1,1
29,290326,1,1,1,1,7,9,35,33,0,1,0,29,1,12,21,12021,4,2006,1FAHP231X6G1,1,F,A,H,P,2,3,1,X,6,G,1,0,P,FORD,5SE,4D,6,17,3664,,0,1129,,G,,0,0,000000000,00000000000,0,0,0,1,0,0,0,0,0,0,0,998,0,0,0,12,12,6,2,42,0,0,0,1,29,63125,6,1,0,0,3,0,69,230,0,0,0,0,0,0,0,0,0,0,0,0,0,0,3,4,55,4,2,2,1,0,0,14,13,1,1,4,1,1,0
29,290327,1,2,1,1,7,10,15,12,6,1,0,29,2,21,23,21023,4,1999,1G3WX52H4XF3,1,G,3,W,X,5,2,H,4,X,F,3,0,P,OLDS,ILS,4D,99,17,3434,,0,1090,,G,,0,0,000000000,00000000000,0,0,0,1,0,0,0,0,0,0,0,50,0,0,0,12,12,6,2,12,0,0,0,1,29,65020,6,2,0,0,3,3,65,165,1,0,0,0,0,4,2010,4,2010,0,28,0,0,0,1,2,35,1,5,2,1,0,0,1,10,3,1,2,64,0,0
29,290327,2,2,1,1,7,10,15,12,6,1,0,29,2,12,398,12398,9,1931,3386485,3,3,8,6,4,8,5,,,,,,0,P,,,,,,,,,,,,,0,0,000000000,00000000000,0,0,0,1,0,0,0,0,0,0,0,35,0,0,0,11,11,6,2,12,0,0,0,1,29,65020,6,1,0,0,3,0,72,155,0,0,0,0,0,0,0,0,0,0,0,0,0,0,1,2,35,1,3,2,1,0,0,1,62,1,1,1,65,1,0
29,290328,1,1,1,1,7,17,0,34,0,1,0,0,0,12,998,12998,92,1981,C584830,C,5,8,4,8,3,0,,,,,,1,P,,,,,,,,,,,,,1,0,000000000,00000000000,0,0,0,1,0,0,0,0,0,0,0,999,0,0,0,14,9,6,2,42,0,0,0,1,29,64861,6,1,0,0,3,0,66,115,0,0,0,0,0,0,0,0,0,0,0,0,0,0,1,2,50,2,6,2,1,0,0,14,13,1,1,4,1,1,0
29,290329,1,1,1,2,7,0,1,8,0,1,1,99,9,99,999,99999,99,9999,999999999999,9,9,9,9,9,9,9,9,9,9,9,9,0,U,,,,9,17,,,,,,,,0,0,000000000,00000000000,0,0,0,1,0,0,0,0,0,0,0,999,0,0,0,99,99,9,1,8,0,0,0,1,99,99999,9,9,99,0,9,9,999,999,99,99,99,99,99,99,9999,99,9999,9,99,99,99,99,2,2,65,1,1,2,1,0,0,1,98,99,1,4,98,0,0
29,290330,1,1,1,2,7,1,0,14,0,1,0,17,1,20,481,20481,31,1998,1GCEK14M0WZ1,1,G,C,E,K,1,4,M,0,W,Z,1,0,T,CHEV,GK1,PK,98,17,,2,1315,1175,GM4,G,,0,0,000000000,00000000000,0,0,0,1,0,0,0,0,0,0,0,7,0,0,0,14,6,2,3,8,0,0,0,1,17,61442,6,1,0,0,3,0,72,145,0,0,0,1,0,7,2008,7,2008,0,0,0,0,0,1,2,50,2,2,4,1,0,0,13,13,1,1,4,98,0,1
29,290331,1,2,2,2,7,5,44,12,6,1,0,29,1,20,441,20441,20,1995,1GCDM19W3SB2,1,G,C,D,M,1,9,W,3,S,B,2,0,T,CHEV,AST,EC,95,17,,1,0,1110,AST,G,,0,0,000000000,00000000000,0,0,0,1,0,0,0,0,0,0,0,998,0,0,0,12,12,6,2,12,0,0,0,1,29,64118,6,1,0,0,3,0,73,150,0,0,0,0,0,0,0,0,0,0,39,0,0,0,1,2,30,1,2,2,1,3,3,1,17,1,1,1,88,2,0
29,290331,2,2,2,2,7,5,44,12,6,1,0,29,3,12,881,12881,63,1989,1FDXR82A7KVA,1,F,D,X,R,8,2,A,7,K,V,A,0,T,FORD,N8F,CC,89,17,,7,2580,1380,CON,D,,0,57,398982,57398982,3,1,4,1,0,0,0,0,0,0,0,998,0,0,0,10,10,6,2,12,0,0,0,1,29,64052,6,1,6,0,3,0,72,265,0,0,0,0,0,0,0,0,0,0,0,0,0,0,5,4,35,1,2,2,1,3,3,1,17,1,1,1,89,1,0
29,290332,1,2,2,3,7,2,15,12,6,1,0,29,2,20,421,20421,15,2003,1GNEK13ZX3R3,1,G,N,E,K,1,3,Z,X,3,R,3,0,P,CHEV,KTA,UT,3,17,5050,,0,1160,,F,,0,0,000000000,00000000000,0,0,0,1,0,0,0,0,0,0,0,60,0,1,5,3,3,6,2,12,0,0,0,1,29,64720,6,1,0,0,3,3,72,230,0,0,0,0,0,0,0,0,0,0,38,0,0,0,2,2,70,1,1,2,1,20,3,1,17,1,1,1,87,1,1
29,290332,2,2,1,3,7,2,15,12,6,1,0,93,3,84,884,84884,66,2011,3HSCTAPR3BN1,3,H,S,C,T,A,P,R,3,B,N,1,1,T,INTL,PRO,DS,11,17,,8,0,0,PRO,D,,1,57,3327,573327,3,6,1,1,0,0,0,0,0,0,0,66,0,1,5,12,0,6,2,1,0,0,0,1,5,72837,6,1,6,3,3,0,64,141,0,0,0,0,0,0,0,0,0,0,0,0,0,0,2,2,70,1,1,2,1,0,0,1,66,3,2,1,86,0,0
29,290333,1,2,1,3,7,3,10,12,6,1,0,29,1,7,482,7482,31,2001,3B7MF36651M2,3,B,7,M,F,3,6,6,5,1,M,2,0,T,DODG,350,PK,1,17,,3,0,1347,RPC,D,,0,0,000000000,00000000000,0,0,0,1,0,0,0,0,0,0,0,51,0,0,0,12,12,6,2,12,0,0,0,1,29,64034,6,1,0,0,3,3,72,140,0,0,0,1,0,3,2010,3,2010,1,0,0,0,0,1,2,45,1,1,2,1,0,0,1,67,3,2,1,88,0,1
29,290333,2,2,2,3,7,3,10,12,6,1,0,29,2,22,20,22020,4,2000,1G2WK52J8YF3,1,G,2,W,K,5,2,J,8,Y,F,3,0,P,PONT,GE1,4D,0,17,0,,0,1105,,G,,0,0,000000000,00000000000,0,0,0,1,0,0,0,0,0,0,0,998,0,0,0,8,8,6,2,12,0,0,0,1,29,64086,6,1,0,0,3,0,67,125,0,0,0,0,0,0,0,0,0,0,0,0,0,0,1,2,30,1,1,2,1,20,3,1,17,1,1,1,89,1,1
29,290334,1,1,1,3,7,6,20,33,0,1,0,29,2,20,23,20023,6,2009,3GNCA13B89S5,3,G,N,C,A,1,3,B,8,9,S,5,0,P,CHEV,HHR,UT,9,17,3155,,0,1035,,F,,0,0,000000000,00000000000,0,0,0,1,0,0,0,0,0,0,0,998,0,0,0,12,12,4,3,8,0,0,0,1,29,63134,6,1,0,0,3,0,67,105,2,0,0,1,1,10,2008,3,2010,0,0,0,0,0,2,4,40,1,1,1,1,0,0,1,13,1,1,4,1,0,0
29,290335,1,2,1,3,7,7,34,12,6,1,0,29,2,53,705,53705,80,2002,JS1GN79A3221,J,S,1,G,N,7,9,A,3,2,2,1,0,M,SUZI,GX6,RS,2,17,,,,,,,599,0,0,000000000,00000000000,0,0,0,1,0,0,0,0,0,0,0,30,0,0,0,12,12,4,3,12,0,0,0,1,29,63755,2,1,2,0,2,0,70,185,1,1,0,0,2,5,2009,10,2009,0,39,0,0,0,1,2,30,1,1,1,1,20,3,1,17,1,1,1,86,1,0
29,290335,2,2,2,3,7,7,34,12,6,1,0,29,1,7,482,7482,31,2002,1B7HL38N62S7,1,B,7,H,L,3,8,N,6,2,S,7,0,T,DODG,DSQ,4C,2,17,,2,0,1309,DAK,G,,0,0,000000000,00000000000,0,0,0,1,0,0,0,0,0,0,0,50,0,0,0,3,3,6,2,12,0,0,0,1,29,63755,6,1,0,0,3,0,66,145,1,0,0,0,0,5,2009,5,2009,0,0,0,0,0,1,2,55,1,1,1,1,0,0,1,67,1,1,1,87,0,0
29,290336,1,1,2,3,7,13,13,24,0,1,0,29,1,2,403,2403,14,1994,1J4FY19P7RP4,1,J,4,F,Y,1,9,P,7,R,P,4,0,T,JEEP,W/S,2W,94,17,,1,0,934,W/Y,G,,0,0,000000000,00000000000,0,0,0,1,0,0,0,0,0,0,0,60,0,1,5,12,12,6,2,24,0,0,0,1,29,63123,1,1,0,0,2,0,72,200,1,1,0,0,0,1,2010,5,2010,0,0,0,0,0,6,1,60,3,2,1,1,0,0,14,13,7,1,4,1,1,1
29,290337,1,1,2,3,7,20,5,34,0,1,0,29,1,34,36,34036,1,2010,WBSEK9C53ACY,W,B,S,E,K,9,C,5,3,A,C,Y,0,P,BMW,M6S,CV,10,17,5324,,0,1155,,G,,0,0,000000000,00000000000,0,0,0,1,0,0,0,0,0,0,0,100,0,1,5,12,0,6,2,1,0,0,0,1,29,65203,6,1,0,0,3,3,72,205,0,0,0,0,0,0,0,0,0,1,0,0,0,0,1,2,55,1,3,2,1,0,0,1,6,3,4,4,7,1,1
29,290338,1,1,2,3,7,21,25,8,0,1,0,29,1,19,18,19018,4,2005,1G6DP5677501,1,G,6,D,P,5,6,7,7,5,0,1,0,P,CADI,HF6,4D,5,17,3509,,0,1134,,G,,0,0,000000000,00000000000,0,0,0,1,0,0,0,0,0,0,0,49,0,0,0,12,12,2,3,8,0,0,0,1,29,64123,6,1,0,0,3,0,68,140,0,0,0,0,0,0,0,0,0,0,0,0,0,0,1,2,35,1,2,2,1,0,0,1,80,3,2,1,13,0,1
29,290339,1,2,1,3,7,22,54,30,0,1,0,26,3,55,35,55035,4,2010,KMHDU4AD1AU9,K,M,H,D,U,4,A,D,1,A,U,9,0,P,HYUN,BGS,4D,10,17,2723,,0,1043,,G,,0,0,000000000,00000000000,0,0,0,1,0,0,0,0,0,0,0,62,0,0,0,4,12,6,2,12,0,0,0,1,29,64130,6,1,0,0,3,0,72,210,0,0,0,0,1,10,2009,10,2009,1,0,0,0,0,2,2,45,2,1,2,1,0,0,14,6,3,3,4,7,0,1
29,290339,2,2,4,3,7,22,54,30,0,1,0,29,1,63,34,63034,4,2008,KNAGE1237852,K,N,A,G,E,1,2,3,7,8,5,2,0,P,KIA,OLE,4D,8,17,3142,,0,1071,,G,,0,0,000000000,00000000000,0,0,0,1,0,0,0,0,0,0,0,998,0,0,0,12,12,6,2,12,0,0,0,1,29,64050,6,1,6,3,3,0,71,160,0,0,0,0,0,0,0,0,0,0,0,0,0,0,2,2,45,3,1,2,1,0,0,14,62,1,1,1,98,1,0
29,290340,1,1,1,4,7,10,59,23,0,1,0,0,0,99,998,99998,92,1990,RW4455H00612,R,W,4,4,5,5,H,0,0,6,1,2,1,P,,,,,,,,,,,,,1,0,000000000,00000000000,0,0,0,1,0,0,0,0,0,0,0,15,0,1,5,2,0,6,2,1,0,0,0,1,29,65281,0,0,0,0,0,0,999,999,0,0,0,0,0,0,0,0,0,0,0,0,0,0,1,2,55,1,1,2,1,0,0,1,13,1,1,4,1,1,0
29,290341,1,1,2,4,7,21,5,8,0,1,0,29,1,37,441,37441,20,1999,2HKRL1852XH5,2,H,K,R,L,1,8,5,2,X,H,5,0,P,HOND,UDY,SV,99,17,4233,,0,1181,,G,,0,0,000000000,00000000000,0,0,0,1,0,0,0,0,0,0,0,40,0,0,0,11,11,2,1,8,0,0,0,1,29,63123,6,1,0,0,3,3,69,214,0,0,0,0,0,0,0,0,0,0,0,0,0,0,1,2,40,1,1,1,1,0,0,1,80,1,1,1,13,0,0
29,290342,1,1,1,5,7,5,48,35,0,1,0,29,2,7,482,7482,31,2002,1B7HA18N12J1,1,B,7,H,A,1,8,N,1,2,J,1,0,T,DODG,Q15,CW,2,17,,2,1605,1405,RPC,G,,0,0,000000000,00000000000,0,0,0,1,0,0,0,0,0,0,0,998,0,1,3,6,0,6,2,1,0,0,0,1,29,64082,1,1,0,0,2,0,67,125,1,2,0,0,1,6,2009,2,2010,1,0,0,0,0,2,2,65,1,1,2,2,0,0,1,11,1,1,4,1,1,1
29,290343,1,1,1,5,7,14,43,35,0,1,0,29,1,12,471,12471,30,1993,1FTCR10A5PUA,1,F,T,C,R,1,0,A,5,P,U,A,0,T,FORD,RNG,PK,93,17,,1,1139,1079,RNG,G,,0,0,000000000,00000000000,0,0,0,1,0,0,0,0,0,0,0,45,0,1,5,6,0,6,2,1,0,0,0,1,29,64850,6,1,0,0,3,0,69,200,0,0,0,0,0,0,0,0,0,1,0,0,0,0,1,2,45,3,6,2,1,0,0,14,6,1,1,4,1,1,1