STATE,ST_CASE,VEH_NO,VE_FORMS,NUMOCCS,DAY,MONTH,HOUR,MINUTE,HARM_EV,MAN_COLL,UNITTYPE,HIT_RUN,REG_STAT,OWNER,MAKE,MODEL,MAK_MOD,BODY_TYP,MOD_YEAR,VIN,VIN_1,VIN_2,VIN_3,VIN_4,VIN_5,VIN_6,VIN_7,VIN_8,VIN_9,VIN_10,VIN_11,VIN_12,TOW_VEH,VINTYPE,VINMAKE,VINA_MOD,VIN_BT,VINMODYR,VIN_LNGT,VIN_WGT,WGTCD_TR,WHLBS_LG,WHLBS_SH,SER_TR,FUELCODE,MCYCL_DS,J_KNIFE,MCARR_I1,MCARR_I2,MCARR_ID,GVWR,V_CONFIG,CARGO_BT,HAZ_INV,HAZ_PLAC,HAZ_ID,HAZ_CNO,HAZ_REL,BUS_USE,SPEC_USE,EMER_USE,TRAV_SP,UNDERIDE,ROLLOVER,ROLINLOC,IMPACT1,IMPACT2,DEFORMED,TOWED,M_HARM,VEH_SC1,VEH_SC2,FIRE_EXP,DR_PRES,L_STATE,DR_ZIP,L_STATUS,L_TYPE,CDL_STAT,L_ENDORS,L_COMPL,L_RESTRI,DR_HGT,DR_WGT,PREV_ACC,PREV_SUS,PREV_DWI,PREV_SPD,PREV_OTH,FIRST_MO,FIRST_YR,LAST_MO,LAST_YR,SPEEDREL,DR_SF1,DR_SF2,DR_SF3,DR_SF4,VTRAFWAY,VNUM_LAN,VSPD_LIM,VALIGN,VPROFILE,VPAVETYP,VSURCOND,VTRAFCON,VTCONT_F,P_CRASH1,P_CRASH2,P_CRASH3,PCRASH4,PCRASH5,ACC_TYPE,DEATHS,DR_DRINK
29,290344,1,2,1,5,7,20,31,12,6,1,0,29,1,20,403,20403,14,2003,1GNDT13S6322,1,G,N,D,T,1,3,S,6,3,2,2,0,P,CHEV,TRL,UT,3,17,4600,,0,1130,,G,,0,0,000000000,00000000000,0,0,0,1,0,0,0,0,0,0,0,15,0,0,0,12,12,2,3,12,0,0,0,1,29,63109,6,1,0,0,3,0,77,225,0,0,0,0,0,0,0,0,0,0,0,0,0,0,1,2,25,1,1,2,1,20,3,1,66,1,1,1,86,0,0
29,290344,2,2,2,5,7,20,31,12,6,1,0,29,1,12,401,12401,14,1996,1FMDU34X5TUB,1,F,M,D,U,3,4,X,5,T,U,B,0,P,FORD,EPR,UT,96,17,4189,,0,1115,,G,,0,0,000000000,00000000000,0,0,0,1,0,0,0,0,0,0,0,50,0,0,0,83,5,6,2,12,0,0,0,1,29,63116,6,1,0,0,3,0,72,170,1,0,0,0,0,2,2010,2,2010,1,39,0,0,0,1,2,25,1,1,2,1,20,3,1,17,1,1,1,87,1,1
29,290345,1,2,3,7,7,16,0,12,6,1,0,29,1,20,481,20481,31,2001,1GCHK29G71E1,1,G,C,H,K,2,9,G,7,1,E,1,0,T,CHEV,2KH,4C,1,17,,2,1575,1435,SIL,G,,0,0,000000000,00000000000,0,0,0,1,0,0,0,0,0,0,0,5,0,0,0,12,12,4,3,12,0,0,0,1,29,63060,6,1,0,0,3,0,70,170,0,0,0,0,0,0,0,0,0,0,0,0,0,0,1,2,40,3,1,2,2,0,0,14,62,9,1,1,65,0,0
29,290345,2,2,2,7,7,16,0,12,6,1,0,29,2,20,16,20016,4,1998,1G1JC1240W71,1,G,1,J,C,1,2,4,0,W,7,1,0,P,CHEV,C/S,CP,98,17,2584,,0,1041,,G,,0,0,000000000,00000000000,0,0,0,1,0,0,0,0,0,0,0,60,0,0,0,9,9,6,2,12,0,0,0,1,29,63060,6,2,0,0,3,0,71,120,0,0,0,0,0,0,0,0,0,1,28,0,0,0,1,2,40,2,1,2,2,0,0,14,10,9,3,2,64,1,0
29,290346,1,1,2,7,7,22,30,42,0,1,0,29,2,20,481,20481,31,2005,1GCEK14V95Z1,1,G,C,E,K,1,4,V,9,5,Z,1,0,T,CHEV,SK1,PK,5,17,,2,1330,1190,SIL,G,,0,0,000000000,00000000000,0,0,0,1,0,0,0,0,0,0,0,50,0,1,1,12,12,6,2,42,0,0,0,1,29,65769,6,1,6,0,3,0,67,160,0,0,0,0,0,0,0,0,0,0,0,0,0,0,1,2,50,3,2,2,1,0,0,14,13,1,1,4,1,1,1
29,290347,1,1,1,8,7,8,45,43,0,1,0,29,1,20,481,20481,31,2001,1GCHK24U51Z3,1,G,C,H,K,2,4,U,5,1,Z,3,0,T,CHEV,2KH,PK,1,17,,2,0,1330,SIL,G,,0,0,000000000,00000000000,0,0,0,1,0,0,0,0,0,0,0,10,0,0,0,12,9,6,2,10,0,0,0,1,29,65301,6,1,0,0,3,3,72,185,0,0,0,0,0,0,0,0,0,0,39,0,0,0,1,2,55,1,5,2,1,65,3,2,98,3,2,1,12,1,0
29,290348,1,1,1,8,7,9,30,58,0,1,0,29,2,20,481,20481,31,2003,1GCEC14X13Z3,1,G,C,E,C,1,4,X,1,3,Z,3,0,T,CHEV,SC1,PK,3,17,,2,1330,1190,SIL,G,,0,0,000000000,00000000000,0,0,0,1,0,0,0,0,0,0,0,75,0,1,3,12,0,6,2,1,0,0,0,1,29,65032,6,1,0,0,3,0,71,270,0,0,0,0,0,0,0,0,0,1,0,0,0,0,2,2,70,1,1,1,1,0,0,1,12,1,1,4,6,1,0
29,290349,1,1,1,9,7,15,39,33,0,1,0,29,1,18,2,18002,4,1998,1G4HR52K7WH4,1,G,4,H,R,5,2,K,7,W,H,4,0,P,BUIC,LLF,4D,98,17,3370,,0,1108,,G,,0,0,000000000,00000000000,0,0,0,1,0,0,0,0,0,0,0,998,0,0,0,12,12,4,3,58,0,0,0,1,29,65804,6,1,0,0,3,0,63,148,0,0,0,0,0,0,0,0,0,0,0,0,0,0,5,2,45,1,1,2,1,0,0,1,12,1,1,4,6,1,0
29,290350,1,2,3,9,7,19,12,12,6,1,0,29,1,7,482,7482,31,2003,3D7KU28C53G7,3,D,7,K,U,2,8,C,5,3,G,7,0,T,DODG,SQ2,CW,3,17,,2,1605,1405,RPC,D,,0,0,000000000,00000000000,0,0,0,1,0,0,0,0,0,0,0,25,0,0,0,10,10,2,1,12,0,0,0,1,29,64724,6,1,0,0,3,0,72,180,0,0,0,0,0,0,0,0,0,0,0,0,0,0,1,2,25,1,1,2,1,0,0,1,66,3,2,1,89,0,0
29,290350,2,2,1,9,7,19,12,12,6,1,0,29,1,37,701,37701,81,1986,AF0904GS1263,A,F,0,9,0,4,G,S,1,2,6,3,0,P,,,,,,,,,,,,,0,0,000000000,00000000000,0,0,0,1,0,0,0,0,0,0,0,10,0,0,0,12,12,6,2,12,0,0,0,1,29,64724,6,1,0,0,3,0,71,185,0,0,0,0,0,0,0,0,0,0,39,38,0,0,1,2,25,1,1,2,1,20,3,1,17,1,1,1,88,1,0
29,290351,1,1,1,16,6,2,37,33,0,1,0,29,1,20,481,20481,31,1984,1GCEK14H7EJ1,1,G,C,E,K,1,4,H,7,E,J,1,0,T,CHEV,K10,PK,84,17,,2,1315,1175,K10,G,,0,0,000000000,00000000000,0,0,0,1,0,0,0,0,0,0,0,70,0,0,0,12,12,6,2,31,0,0,0,1,29,64079,1,1,0,0,2,0,70,230,1,3,0,1,2,7,2007,9,2009,1,0,0,0,0,1,2,25,1,2,2,1,0,0,1,13,1,1,4,1,1,0
29,290352,1,2,1,9,7,19,57,12,6,1,0,29,1,24,1,24001,4,1997,1G8ZJ5276VZ3,1,G,8,Z,J,5,2,7,6,V,Z,3,0,P,STRN,SL2,4D,97,17,2333,,0,1024,,G,,0,0,000000000,00000000000,0,0,0,1,0,0,0,0,0,0,0,18,3,1,3,10,0,6,2,1,0,0,0,1,29,65336,6,1,0,0,3,0,64,180,0,0,0,0,0,0,0,0,0,0,38,0,0,0,2,2,65,1,1,2,1,20,3,1,17,10,1,1,89,1,1
29,290352,2,2,2,9,7,19,57,12,6,1,0,20,1,49,403,49403,14,2008,JTEES42A0820,J,T,E,E,S,4,2,A,0,8,2,0,0,P,TOYT,HIG,UT,8,17,4321,,0,1098,,G,,0,0,000000000,00000000000,0,0,0,1,0,0,0,0,0,0,0,62,7,0,0,12,12,6,2,12,0,0,0,1,20,67133,6,1,0,0,3,3,71,148,0,0,0,1,0,10,2008,10,2008,0,0,0,0,0,2,2,65,1,1,2,1,0,0,1,66,6,1,1,88,0,0
29,290353,1,1,1,9,7,21,42,11,0,1,0,29,1,72,706,72706,80,2008,1HD1JM5438Y0,1,H,D,1,J,M,5,4,3,8,Y,0,0,M,HD,LTB,RS,8,17,,,,,,,1584,0,0,000000000,00000000000,0,0,0,1,0,0,0,0,0,0,0,998,0,0,0,12,12,6,2,11,0,0,0,1,29,64060,6,1,0,0,3,0,70,170,0,0,0,1,0,6,2009,6,2009,0,0,0,0,0,1,2,50,1,1,2,1,0,0,1,87,9,2,1,13,1,0
29,290354,1,1,1,10,7,15,45,32,0,1,0,29,2,20,36,20036,2,2004,2G1WX12K0492,2,G,1,W,X,1,2,K,0,4,9,2,0,P,CHEV,MSS,CP,4,17,3395,,0,1105,,G,,0,0,000000000,00000000000,0,0,0,1,0,0,0,0,0,0,0,55,0,1,5,12,0,6,2,1,0,0,0,1,29,63023,6,1,0,0,3,3,67,187,0,0,0,0,0,0,0,0,0,0,0,0,0,0,1,2,55,1,5,2,1,0,0,1,13,1,1,4,1,1,0
29,290355,1,3,1,11,7,14,6,12,1,1,0,29,1,22,2,22002,4,1998,1G2HX52K1W42,1,G,2,H,X,5,2,K,1,W,4,2,0,P,PONT,BVS,4D,98,17,3487,,0,1108,,G,,0,0,000000000,00000000000,0,0,0,1,0,0,0,0,0,0,0,80,0,0,0,12,12,6,2,12,0,0,0,1,29,63382,6,1,0,0,3,0,76,130,0,0,0,0,0,0,0,0,0,1,28,0,0,0,1,2,60,1,1,2,2,0,0,15,54,7,1,2,24,0,0
29,290355,2,3,4,11,7,14,6,12,1,1,0,19,1,41,50,41050,4,2004,1YVFP80C445N,1,Y,V,F,P,8,0,C,4,4,5,N,0,P,MAZD,M6I,4D,4,17,3045,,0,1053,,G,,0,0,000000000,00000000000,0,0,0,1,0,0,0,0,0,0,0,60,0,0,0,6,12,6,2,12,0,0,0,1,19,52317,9,9,99,9,9,9,999,999,99,99,99,99,99,99,9999,99,9999,0,0,0,0,0,1,2,60,1,1,2,2,0,0,1,61,1,1,1,25,1,0
29,290355,3,3,5,11,7,14,6,12,1,1,0,29,1,20,444,20444,20,2008,1GNDV33W88D1,1,G,N,D,V,3,3,W,8,8,D,1,0,T,CHEV,DLT,ES,8,17,,1,0,1211,UPL,F,,0,0,000000000,00000000000,0,0,0,1,0,0,0,0,0,0,0,51,0,1,5,12,0,6,2,1,0,0,0,1,29,63352,6,1,0,0,3,0,71,220,0,0,0,0,0,0,0,0,0,0,0,0,0,0,1,2,60,1,1,2,2,0,0,1,62,99,1,1,98,0,0
29,290356,1,1,1,11,7,20,20,24,0,1,0,29,1,23,481,23481,31,2002,2GTEK19T6212,2,G,T,E,K,1,9,T,6,2,1,2,0,T,GMC,NK1,4C,2,17,,2,1575,1435,SIE,G,,0,0,000000000,00000000000,0,0,0,1,0,0,0,0,0,0,0,65,0,1,5,1,0,6,2,1,0,0,0,1,29,64470,6,1,0,0,3,0,72,230,0,0,0,0,0,0,0,0,0,1,0,0,0,0,1,2,55,3,1,2,2,0,0,14,6,1,4,4,2,1,1
29,290357,1,1,1,12,7,3,25,8,0,1,0,29,3,20,881,20881,63,2007,1GBL7C1G77F4,1,G,B,L,7,C,1,G,7,7,F,4,0,T,CHEV,C7C,CB,7,17,,7,2960,1400,C75,G,,0,57,111943,57111943,3,1,1,1,0,0,0,0,0,0,0,998,0,0,0,12,12,2,3,8,0,0,0,1,29,65101,6,1,6,0,3,0,72,195,0,0,0,0,0,0,0,0,0,0,0,0,0,0,2,2,60,1,2,2,1,0,0,1,80,1,1,1,13,0,0
29,290358,1,1,2,12,7,11,15,1,0,1,0,29,3,30,47,30047,3,2010,3VWPG3AG4AM0,3,V,W,P,G,3,A,G,4,A,M,0,0,P,VOLK,BES,2H,10,17,2917,,0,988,,G,,0,0,000000000,00000000000,0,0,0,1,0,0,0,0,0,0,0,70,0,2,3,0,1,6,2,1,0,0,0,1,29,63050,6,1,0,0,3,3,70,178,0,0,0,0,0,0,0,0,0,0,0,0,0,0,2,2,70,1,6,1,1,0,0,1,12,3,2,4,7,2,0
29,290359,1,1,1,12,7,20,10,32,0,1,0,29,2,53,705,53705,80,1993,JS1GN72A3P21,J,S,1,G,N,7,2,A,3,P,2,1,0,M,SUZI,GX6,RS,93,17,,,,,,,599,0,0,000000000,00000000000,0,0,0,1,0,0,0,0,0,0,0,998,0,0,0,98,0,6,2,1,0,0,0,1,29,64088,6,1,0,0,3,0,67,140,1,0,0,1,0,6,2008,1,2009,0,0,0,0,0,1,2,45,4,2,2,1,0,0,14,13,1,1,4,1,1,0
29,290360,1,1,2,13,7,5,45,57,0,1,1,29,1,58,32,58032,4,1991,JNKNG01C0MM1,J,N,K,N,G,0,1,C,0,M,M,1,0,P,INFI,Q45,4D,91,17,3950,,0,1132,,G,,0,0,000000000,00000000000,0,0,0,1,0,0,0,0,0,0,0,998,0,0,0,12,81,4,1,57,0,0,0,1,29,63301,6,1,0,0,3,0,69,170,0,0,0,0,0,0,0,0,0,1,0,0,0,0,3,2,70,1,1,2,2,0,0,1,6,3,4,4,7,1,1
29,290361,1,1,1,13,7,16,34,1,0,1,0,29,1,35,32,35032,2,1991,JN1MS34P5MW0,J,N,1,M,S,3,4,P,5,M,W,0,0,P,NISS,2/S,CP,91,17,2560,,0,974,,G,,0,0,000000000,00000000000,0,0,0,1,0,0,0,0,0,0,0,55,0,1,5,0,0,6,2,1,0,0,0,1,29,65785,6,1,0,0,3,0,64,150,0,0,0,0,0,0,0,0,0,1,0,0,0,0,1,2,55,3,3,2,1,0,0,14,6,1,4,4,2,1,1
29,290362,1,2,1,14,7,6,10,12,6,1,0,29,1,89,881,89881,66,1995,4V1WDBRH5SN6,4,V,1,W,D,B,R,H,5,S,N,6,1,T,WHGM,WIA,DS,95,17,,8,0,0,ARO,D,,1,57,587829,57587829,3,6,97,1,0,0,0,0,0,0,0,998,0,0,0,5,5,4,9,12,0,0,0,1,29,64640,6,1,6,3,3,0,71,180,1,0,0,1,0,10,2007,5,2010,0,38,0,0,0,2,2,65,1,1,1,1,21,3,1,17,10,1,1,87,0,0
29,290362,2,2,1,14,7,6,10,12,6,1,0,29,3,20,466,20466,22,1989,1GBHP32K5K33,1,G,B,H,P,3,2,K,5,K,3,3,0,T,CHEV,P30,FC,89,17,,2,1780,1250,P30,G,,0,0,000000000,00000000000,0,0,0,1,0,0,0,0,0,0,0,998,0,0,0,12,12,6,2,12,0,0,0,1,29,64505,6,1,6,3,3,0,69,280,0,0,0,0,1,4,2010,4,2010,0,0,0,0,0,2,2,65,1,1,1,1,0,0,1,65,4,2,3,86,1,0
29,290363,1,1,4,14,7,10,20,38,0,1,0,29,2,51,47,51047,4,2001,YV1RS58D4120,Y,V,1,R,S,5,8,D,4,1,2,0,0,P,VOLV,S6T,4D,1,17,3389,,0,1069,,G,,0,0,000000000,00000000000,0,0,0,1,0,0,0,0,0,0,0,70,0,1,5,5,0,6,2,1,0,0,0,1,29,63019,6,1,0,0,3,0,69,140,0,0,0,0,0,0,0,0,0,1,0,0,0,0,1,2,35,1,3,2,1,0,0,1,6,8,3,4,2,1,0
29,290364,1,2,1,14,7,19,5,12,6,1,0,29,1,12,461,12461,21,2000,1FTSS34F1YHB,1,F,T,S,S,3,4,F,1,Y,H,B,0,T,FORD,3SD,EC,0,17,,2,0,1380,VAN,D,,0,0,000000000,00000000000,0,0,0,1,0,0,0,0,0,0,0,60,0,0,0,12,12,6,2,12,0,0,0,1,29,63051,6,1,0,0,3,3,66,175,0,0,0,1,0,1,2010,1,2010,0,0,0,0,0,2,2,60,1,5,1,1,0,0,1,66,1,1,1,86,0,0
29,290364,2,2,1,14,7,19,5,12,6,1,0,29,2,18,20,18020,4,1999,2G4WB52K5X14,2,G,4,W,B,5,2,K,5,X,1,4,0,P,BUIC,RLL,4D,99,17,3439,,0,1090,,G,,0,0,000000000,00000000000,0,0,0,1,0,0,0,0,0,0,0,998,0,0,0,2,2,6,2,12,0,0,0,1,29,63051,6,1,0,0,3,0,59,105,0,0,0,0,0,0,0,0,0,0,38,0,0,0,2,2,60,1,5,1,1,21,3,1,17,1,1,1,87,1,0
29,290365,1,1,2,14,7,23,40,8,0,1,0,17,1,20,22,20022,4,2009,1G1AT18H6971,1,G,1,A,T,1,8,H,6,9,7,1,0,P,CHEV,BLT,CP,9,17,2991,,0,1033,,G,,0,0,000000000,00000000000,0,0,0,1,0,0,0,0,0,0,0,55,0,0,0,12,12,2,3,8,0,0,0,1,17,62221,6,1,0,0,3,3,67,190,0,0,0,0,0,0,0,0,0,0,0,0,0,0,3,4,55,3,6,2,1,0,0,14,80,1,1,1,13,0,0
29,290366,1,4,1,15,7,13,50,12,8,1,0,29,1,7,482,7482,31,1998,1B7HF13Z4WJ1,1,B,7,H,F,1,3,Z,4,W,J,1,1,T,DODG,Q15,4C,98,17,,2,1547,1387,RPC,G,,1,0,000000000,00000000000,0,0,0,1,0,0,0,0,0,0,0,998,0,0,0,99,98,6,2,12,0,0,0,1,29,65689,6,1,0,0,3,0,72,235,0,0,0,0,0,0,0,0,0,0,28,0,0,0,1,2,65,4,2,7,2,0,0,14,10,1,1,1,64,0,0
29,290366,2,4,1,15,7,13,50,12,8,1,0,29,2,84,881,84881,66,2007,1HSHWAHN07J4,1,H,S,H,W,A,H,N,0,7,J,4,1,T,INTL,860,DS,7,17,,7,0,0,80S,D,,1,57,00354041,5700354041,3,6,1,1,0,0,0,0,0,0,0,998,0,0,0,12,12,4,3,12,0,0,0,1,29,65685,6,1,6,3,3,0,68,155,0,0,0,0,0,0,0,0,0,0,0,0,0,0,1,2,65,4,2,7,2,0,0,14,62,1,1,1,65,0,0
29,290366,3,4,2,15,7,13,50,12,8,1,0,16,1,20,473,20473,30,2006,1GCDT1367682,1,G,C,D,T,1,3,6,7,6,8,2,0,T,CHEV,RDO,CW,6,17,,1,0,1260,CAL,G,,0,0,000000000,00000000000,0,0,0,1,0,0,0,0,0,0,0,60,0,0,0,9,63,6,2,12,0,0,0,1,16,83201,6,1,0,0,3,3,62,110,0,0,0,0,0,0,0,0,0,0,0,0,0,0,1,2,65,4,2,7,2,0,0,14,60,9,1,1,98,0,0
29,290366,4,4,2,15,7,13,50,12,8,1,0,29,3,7,24,7024,4,2009,2B3KA43D49H5,2,B,3,K,A,4,3,D,4,9,H,5,0,P,DODG,CHA,4D,9,17,3820,,0,1200,,G,,0,0,000000000,00000000000,0,0,0,1,0,0,0,0,0,5,0,71,0,0,0,12,18,6,2,54,0,0,0,1,29,65804,6,1,0,0,3,0,74,240,0,0,0,0,0,0,0,0,0,0,0,0,0,0,1,2,65,4,2,7,2,0,0,14,62,9,1,1,98,1,0
29,290367,1,2,1,15,7,16,25,12,6,1,0,29,3,20,37,20037,4,2002,1G1ND52J82M7,1,G,1,N,D,5,2,J,8,2,M,7,0,P,CHEV,MAL,4D,2,17,3053,,0,1070,,G,,0,0,000000000,00000000000,0,0,0,1,0,0,0,0,0,0,0,998,0,0,0,9,9,6,2,12,0,0,0,1,29,64804,6,1,0,0,3,3,74,170,0,0,0,0,0,0,0,0,0,0,28,0,0,0,2,2,45,1,1,2,1,20,3,1,17,1,1,1,89,0,0
29,290367,2,2,1,15,7,16,25,12,6,1,0,29,2,72,706,72706,80,2001,1HD1FHW181Y6,1,H,D,1,F,H,W,1,8,1,Y,6,0,M,HD,HPI,RS,1,17,,,,,,,1450,0,0,000000000,00000000000,0,0,0,1,0,0,0,0,0,0,0,998,0,0,0,12,12,6,2,12,0,0,0,1,29,64804,6,1,0,0,3,3,65,130,0,0,0,0,0,0,0,0,0,0,0,0,0,0,2,2,45,1,1,2,1,0,0,1,66,3,1,1,88,1,0
29,290368,1,1,1,16,7,14,45,35,0,1,0,29,1,37,732,37732,90,2007,1HFTE3408740,1,H,F,T,E,3,4,0,8,7,4,0,0,M,HOND,TEM,AT,7,17,,,,,,,420,0,0,000000000,00000000000,0,0,0,1,0,0,0,0,0,0,0,25,0,1,5,14,0,6,2,1,0,0,0,1,29,63629,6,1,0,0,3,0,67,124,0,0,0,0,0,0,0,0,0,1,0,0,0,0,1,2,50,3,6,4,1,0,0,14,6,3,2,4,2,1,0
29,290369,1,2,1,16,7,21,10,12,1,1,0,29,1,72,709,72709,80,1972,2A26036H2,2,A,2,6,0,3,6,H,2,,,,0,P,,,,,,,,,,,,,0,0,000000000,00000000000,0,0,0,1,0,0,0,0,0,0,0,22,0,0,0,12,12,6,2,12,0,0,0,1,29,64086,6,1,0,0,3,0,71,170,0,0,0,0,0,0,0,0,0,0,26,0,0,0,2,2,55,1,1,2,1,98,8,2,52,3,1,1,24,1,1
29,290369,2,2,4,16,7,21,10,12,1,1,0,29,1,6,441,6441,20,2006,2A4GP54L96R9,2,A,4,G,P,5,4,L,9,6,R,9,0,P,CHRY,TWC,SV,6,17,4267,,0,1193,,G,,0,0,000000000,00000000000,0,0,0,1,0,0,0,0,0,0,0,998,0,0,0,6,6,2,1,12,0,0,0,1,29,63025,6,1,0,0,3,0,68,170,0,0,0,1,0,1,2009,1,2009,0,0,0,0,0,2,2,55,1,1,2,1,98,8,2,53,1,1,1,25,0,0
29,290370,1,1,1,16,7,22,30,8,0,1,1,99,9,99,999,99999,99,9999,999999999999,9,9,9,9,9,9,9,9,9,9,9,9,1,U,,,,9,17,,,,,,,,1,99,999999999,99999999999,9,99,99,1,0,0,0,0,99,99,9,999,9,0,0,98,99,9,1,8,99,99,0,1,99,99999,9,9,99,0,9,9,999,999,99,99,99,99,99,99,9999,99,9999,9,99,99,99,99,2,2,70,1,1,2,2,0,0,99,80,99,9,9,13,0,0
29,290371,1,2,2,2,3,19,28,12,2,1,0,29,1,12,442,12442,20,2003,2FMZA56423BB,2,F,M,Z,A,5,6,4,2,3,B,B,0,T,FORD,CLC,ES,3,17,,1,0,1207,CWN,G,,0,0,000000000,00000000000,0,0,0,1,0,0,0,0,0,0,0,40,0,0,0,12,12,6,2,12,0,0,0,1,29,63090,6,1,0,0,3,0,71,198,0,0,0,0,0,0,0,0,0,0,28,0,0,0,1,2,45,2,2,2,1,0,0,14,10,1,1,2,50,1,0
29,290371,2,2,1,2,3,19,28,12,2,1,0,29,1,20,403,20403,14,2003,1GNDT13S2322,1,G,N,D,T,1,3,S,2,3,2,2,0,P,CHEV,TRL,UT,3,17,4600,,0,1130,,G,,0,0,000000000,00000000000,0,0,0,1,0,0,0,0,0,0,0,40,0,0,0,12,12,6,2,12,0,0,0,1,29,63013,6,1,0,0,3,3,62,159,0,0,0,0,1,1,2008,1,2008,0,0,0,0,0,1,2,45,3,2,2,1,0,0,14,62,1,1,1,51,0,0
29,290372,1,1,2,11,4,16,45,1,0,1,0,29,1,37,706,37706,80,1986,1HFSC1429GA2,1,H,F,S,C,1,4,2,9,G,A,2,0,M,HOND,G2A,RS,86,17,,,,,,,1200,0,0,000000000,00000000000,0,0,0,1,0,0,0,0,0,0,0,998,0,0,0,0,0,6,2,1,0,0,0,1,29,65707,6,1,0,0,3,0,71,210,0,0,0,0,0,0,0,0,0,0,0,0,0,0,1,2,55,1,5,2,1,0,0,1,13,6,1,6,98,1,0
29,290373,1,1,1,20,4,12,54,33,0,1,0,29,1,20,481,20481,31,2004,2GCEC19T9411,2,G,C,E,C,1,9,T,9,4,1,1,0,T,CHEV,SC1,4C,4,17,,2,1575,1435,SIL,G,,0,0,000000000,00000000000,0,0,0,1,0,0,0,0,0,0,0,30,0,0,0,1,12,6,2,19,0,0,0,1,29,63031,6,1,0,0,3,3,71,160,0,1,0,0,0,9,2007,9,2007,0,0,0,0,0,1,2,25,1,1,2,1,0,0,1,10,7,1,4,1,1,0
29,290374,1,1,1,23,4,16,6,25,0,1,0,29,1,7,472,7472,30,2002,1B7GL16X52S6,1,B,7,G,L,1,6,X,5,2,S,6,0,T,DODG,DXT,PK,2,17,,1,0,1119,DAK,G,,0,0,000000000,00000000000,0,0,0,1,0,0,0,0,0,0,0,998,0,0,0,11,12,6,2,25,0,0,0,1,29,63074,6,1,0,0,3,3,69,175,0,0,0,0,0,0,0,0,0,0,0,0,0,0,3,2,55,1,1,2,1,0,0,1,12,1,1,4,6,1,0
29,290375,1,1,2,7,6,17,41,1,0,1,0,29,2,53,706,53706,80,1986,JS1VX71A4G21,J,S,1,V,X,7,1,A,4,G,2,1,0,M,SUZI,GV4,RS,86,17,,,,,,,1360,0,0,000000000,00000000000,0,0,0,1,0,0,0,0,0,0,0,998,0,0,0,0,0,6,2,1,0,0,0,1,29,63867,6,1,0,0,3,0,66,160,0,0,0,0,0,0,0,0,0,0,0,0,0,0,1,2,65,1,2,1,1,0,0,1,3,1,1,1,98,1,0
29,290376,1,2,1,16,7,23,0,12,2,1,0,92,0,12,17,12017,4,1994,1FALP5249RG1,1,F,A,L,P,5,2,4,9,R,G,1,0,P,FORD,TAG,4D,94,17,3104,,0,1060,,G,,0,0,000000000,00000000000,0,0,0,1,0,0,0,0,0,0,0,70,0,0,0,12,12,6,2,12,0,0,0,1,29,65109,6,1,0,0,3,0,69,210,0,0,0,0,0,0,0,0,0,1,28,0,0,0,1,2,55,1,1,2,1,0,0,1,10,1,1,2,50,1,1
29,290376,2,2,1,16,7,23,0,12,2,1,0,29,1,7,482,7482,31,1998,1B7HC16X6WS6,1,B,7,H,C,1,6,X,6,W,S,6,0,T,DODG,150,PK,98,17,,2,1347,1187,RPC,G,,0,0,000000000,00000000000,0,0,0,1,0,0,0,0,0,0,0,55,0,0,0,12,12,6,2,12,0,0,0,1,29,65101,6,1,0,0,3,3,78,240,0,0,0,0,0,0,0,0,0,0,0,0,0,0,1,2,55,1,1,2,1,0,0,1,62,7,1,1,51,1,1
29,290377,1,1,1,17,7,99,99,35,0,1,0,29,2,20,37,20037,4,2001,1G1NE52JX161,1,G,1,N,E,5,2,J,X,1,6,1,0,P,CHEV,M/L,4D,1,17,3051,,0,1070,,G,,0,0,000000000,00000000000,0,0,0,1,0,0,0,0,0,0,0,70,0,1,5,6,0,6,2,1,0,0,0,1,29,63072,6,1,4,0,3,0,72,180,0,0,0,1,0,5,2008,5,2008,1,0,0,0,0,1,2,55,1,2,2,1,0,0,1,12,1,4,4,7,1,1
29,290378,1,1,1,17,7,9,38,9,0,1,0,29,1,20,481,20481,31,2003,1GCHC23193F1,1,G,C,H,C,2,3,1,9,3,F,1,0,T,CHEV,2CH,CW,3,17,,2,1670,1530,SIL,D,,0,0,000000000,00000000000,0,0,0,1,0,0,0,0,0,0,0,45,0,0,0,12,12,2,1,9,0,0,0,1,29,64870,6,1,0,0,3,3,73,205,0,0,0,0,0,0,0,0,0,0,26,0,0,0,1,2,45,1,6,2,1,0,0,1,83,1,1,1,13,0,0
29,290379,1,2,1,17,7,8,55,12,6,1,0,29,1,22,16,22016,2,2003,1G2JB12F5373,1,G,2,J,B,1,2,F,5,3,7,3,0,P,PONT,SFR,CP,3,17,2771,,0,1041,,G,,0,0,000000000,00000000000,0,0,0,1,0,0,0,0,0,0,0,15,0,0,0,9,9,6,2,12,0,0,0,1,29,65809,6,1,0,0,3,0,70,160,0,0,0,0,0,0,0,0,0,0,38,0,0,0,2,2,60,1,6,1,1,20,3,1,17,1,1,1,89,1,0