STATE,ST_CASE,VEH_NO,VE_FORMS,NUMOCCS,DAY,MONTH,HOUR,MINUTE,HARM_EV,MAN_COLL,UNITTYPE,HIT_RUN,REG_STAT,OWNER,MAKE,MODEL,MAK_MOD,BODY_TYP,MOD_YEAR,VIN,VIN_1,VIN_2,VIN_3,VIN_4,VIN_5,VIN_6,VIN_7,VIN_8,VIN_9,VIN_10,VIN_11,VIN_12,TOW_VEH,VINTYPE,VINMAKE,VINA_MOD,VIN_BT,VINMODYR,VIN_LNGT,VIN_WGT,WGTCD_TR,WHLBS_LG,WHLBS_SH,SER_TR,FUELCODE,MCYCL_DS,J_KNIFE,MCARR_I1,MCARR_I2,MCARR_ID,GVWR,V_CONFIG,CARGO_BT,HAZ_INV,HAZ_PLAC,HAZ_ID,HAZ_CNO,HAZ_REL,BUS_USE,SPEC_USE,EMER_USE,TRAV_SP,UNDERIDE,ROLLOVER,ROLINLOC,IMPACT1,IMPACT2,DEFORMED,TOWED,M_HARM,VEH_SC1,VEH_SC2,FIRE_EXP,DR_PRES,L_STATE,DR_ZIP,L_STATUS,L_TYPE,CDL_STAT,L_ENDORS,L_COMPL,L_RESTRI,DR_HGT,DR_WGT,PREV_ACC,PREV_SUS,PREV_DWI,PREV_SPD,PREV_OTH,FIRST_MO,FIRST_YR,LAST_MO,LAST_YR,SPEEDREL,DR_SF1,DR_SF2,DR_SF3,DR_SF4,VTRAFWAY,VNUM_LAN,VSPD_LIM,VALIGN,VPROFILE,VPAVETYP,VSURCOND,VTRAFCON,VTCONT_F,P_CRASH1,P_CRASH2,P_CRASH3,PCRASH4,PCRASH5,ACC_TYPE,DEATHS,DR_DRINK
29,290379,2,2,1,17,7,8,55,12,6,1,0,29,1,35,39,35039,4,2004,1N4BA41E94C8,1,N,4,B,A,4,1,E,9,4,C,8,0,P,NISS,MEL,4D,4,17,3310,,0,1112,,G,,0,0,000000000,00000000000,0,0,0,1,0,0,0,0,0,0,0,60,0,0,0,12,12,6,2,12,0,0,0,1,29,65714,6,1,0,0,3,3,62,125,1,0,0,0,0,9,2008,9,2008,0,0,0,0,0,2,2,60,1,2,1,1,0,0,15,66,8,1,1,88,0,0
29,290380,1,1,2,17,7,18,20,1,0,1,0,29,1,35,472,35472,30,2003,1N6MD29YX3C4,1,N,6,M,D,2,9,Y,X,3,C,4,0,T,NISS,CSC,CW,3,17,,1,0,1311,FRT,G,,0,0,000000000,00000000000,0,0,0,1,0,0,0,0,0,0,0,60,0,1,5,0,0,6,2,1,0,0,0,1,29,64155,6,1,6,0,3,0,73,225,0,0,0,0,0,0,0,0,0,1,0,0,0,0,1,2,55,2,6,2,1,0,0,14,6,1,1,4,6,1,1
29,290381,1,1,1,18,7,15,15,53,0,1,0,92,0,59,401,59401,14,2000,JT6HF10U4Y00,J,T,6,H,F,1,0,U,4,Y,0,0,0,P,LEXS,RX3,UT,0,17,3900,,0,1031,,G,,0,0,000000000,00000000000,0,0,0,1,0,0,0,0,0,0,0,55,0,1,5,10,0,6,2,1,0,0,0,1,29,63501,1,1,0,0,2,0,75,200,0,2,1,0,0,7,2008,11,2008,0,0,0,0,0,1,2,55,1,1,2,1,0,0,1,12,1,1,4,6,1,0
29,290382,1,2,1,18,7,17,20,1,0,1,0,92,0,76,702,76702,83,2001,JYACE07Y11A0,J,Y,A,C,E,0,7,Y,1,1,A,0,0,M,YAMA,TRC,TL,1,17,,,,,,,124,0,0,000000000,00000000000,0,0,0,1,0,0,0,0,0,0,0,20,0,0,0,0,0,6,8,1,0,0,0,1,29,64484,6,1,0,0,3,0,71,150,0,0,0,0,0,0,0,0,0,0,28,0,0,0,1,2,20,3,1,4,1,0,0,14,54,3,2,1,98,1,0
29,290382,2,2,2,18,7,17,20,1,0,1,0,29,1,2,403,2403,14,2008,1J8GA59178L6,1,J,8,G,A,5,9,1,7,8,L,6,0,T,JEEP,WUS,4W,8,17,,1,0,1160,WUL,G,,0,0,000000000,00000000000,0,0,0,1,0,0,0,0,0,0,0,20,0,0,0,12,12,2,1,12,0,0,0,1,29,64506,6,1,0,0,3,3,69,195,0,0,0,0,1,7,2008,7,2008,0,0,0,0,0,1,2,20,2,1,4,1,0,0,14,54,3,2,1,98,0,0
29,290383,1,2,6,18,7,18,26,12,6,1,0,20,2,37,441,37441,20,2001,2HKRL18631H5,2,H,K,R,L,1,8,6,3,1,H,5,0,P,HOND,UDY,SV,1,17,4288,,0,1181,,G,,0,0,000000000,00000000000,0,0,0,1,0,0,0,0,0,0,0,57,0,1,5,12,0,6,2,1,0,0,0,1,20,67219,6,1,6,3,3,0,69,245,0,0,0,0,0,0,0,0,0,0,0,0,0,0,1,2,60,1,2,2,1,0,0,1,66,7,1,1,86,1,0
29,290383,2,2,3,18,7,18,26,12,6,1,0,29,2,12,481,12481,31,2006,1FTSX21P36EA,1,F,T,S,X,2,1,P,3,6,E,A,0,T,FORD,F2S,4C,6,17,,2,1580,1420,SRW,D,,0,0,000000000,00000000000,0,0,0,1,0,0,0,0,0,0,0,21,0,1,5,1,0,6,2,1,0,0,0,1,29,64844,6,1,0,0,3,0,76,290,0,0,0,0,0,0,0,0,0,0,36,38,39,0,1,2,60,1,2,2,1,20,3,1,17,6,1,1,87,0,0
29,290384,1,2,1,20,7,8,55,12,6,1,0,29,2,22,18,22018,2,1995,1G2NE15M0SM5,1,G,2,N,E,1,5,M,0,S,M,5,0,P,PONT,GAS,CP,95,17,2881,,0,1034,,G,,0,0,000000000,00000000000,0,0,0,1,0,0,0,0,0,0,0,50,0,1,1,10,0,6,2,1,0,0,0,1,29,63877,0,0,0,0,0,0,69,160,0,0,0,0,0,0,0,0,0,0,39,0,0,0,1,2,55,1,1,2,1,20,3,1,17,1,1,1,89,1,0
29,290384,2,2,1,20,7,8,55,12,6,1,0,29,1,6,52,6052,6,2006,3A8FY58B26T3,3,A,8,F,Y,5,8,B,2,6,T,3,0,P,CHRY,PTC,SV,6,17,3035,,0,1030,,G,,0,0,000000000,00000000000,0,0,0,1,0,0,0,0,0,0,0,55,0,1,5,12,0,6,2,1,0,0,0,1,29,63877,6,1,0,0,3,3,70,171,0,0,0,0,0,0,0,0,0,0,0,0,0,0,1,2,55,1,1,2,1,0,0,1,66,1,1,1,88,0,0
29,290385,1,2,2,20,7,13,16,12,6,1,0,29,2,20,401,20401,14,2000,1GNCT18WXYK1,1,G,N,C,T,1,8,W,X,Y,K,1,0,P,CHEV,BZR,UT,0,17,3848,,0,1005,,G,,0,0,000000000,00000000000,0,0,0,1,0,0,0,0,0,0,0,998,0,1,5,7,0,6,2,1,0,0,0,1,29,65037,2,1,0,0,2,0,63,132,0,0,0,0,0,0,0,0,0,0,0,0,0,0,1,2,55,4,1,2,1,0,0,14,62,7,1,1,65,1,0
29,290385,2,2,1,20,7,13,16,12,6,1,0,29,1,12,481,12481,31,2010,1FTFX1EV2AKE,1,F,T,F,X,1,E,V,2,A,K,E,0,T,FORD,F15,4C,10,17,,2,1630,1330,COF,F,,0,0,000000000,00000000000,0,0,0,1,0,0,0,0,0,0,0,998,0,0,0,12,12,4,3,12,0,0,0,1,29,65078,6,1,0,0,3,0,70,180,0,0,0,0,0,0,0,0,0,1,28,36,0,0,1,2,55,3,1,2,1,0,0,14,10,1,1,2,64,0,0
29,290386,1,2,1,20,7,16,6,12,6,1,0,20,1,20,473,20473,30,2008,1GCDT13EX881,1,G,C,D,T,1,3,E,X,8,8,1,0,T,CHEV,RDO,CW,8,17,,1,0,1260,CAL,G,,0,0,000000000,00000000000,0,0,0,1,0,0,0,0,0,0,0,998,0,0,0,12,12,6,2,12,0,0,0,1,20,66061,6,1,0,0,3,0,68,160,0,0,0,0,0,0,0,0,0,0,0,0,0,0,2,2,65,1,8,2,1,0,0,1,66,1,1,1,88,0,0
29,290386,2,2,1,20,7,16,6,12,6,1,0,29,1,14,37,14037,4,1999,1MEFM6530XK6,1,M,E,F,M,6,5,3,0,X,K,6,0,P,MERC,MSP,4D,99,17,2805,,0,1065,,G,,0,0,000000000,00000000000,0,0,0,1,0,0,0,0,0,0,0,998,0,0,0,10,10,6,2,12,0,0,0,1,29,64034,6,1,0,0,3,0,70,150,0,0,0,0,0,0,0,0,0,0,38,0,0,0,2,2,65,1,8,2,1,0,0,1,17,1,1,1,89,1,0
29,290387,1,2,1,21,7,16,30,12,1,1,0,29,2,20,23,20023,6,2008,3GNDA13DX8S5,3,G,N,D,A,1,3,D,X,8,S,5,0,P,CHEV,HHR,UT,8,17,3155,,0,1035,,G,,0,0,000000000,00000000000,0,0,0,1,0,0,0,0,0,0,0,91,0,1,1,12,0,6,2,1,0,0,0,1,29,65605,6,2,0,0,3,2,69,200,0,0,0,1,0,3,2010,3,2010,1,73,0,0,0,2,2,70,1,2,2,1,0,0,15,51,6,1,2,24,1,0
29,290387,2,2,1,21,7,16,30,12,1,1,0,29,3,87,881,87881,66,2005,1XP5DB9XX5N8,1,X,P,5,D,B,9,X,X,5,N,8,0,T,PTRB,379,DS,5,17,,8,0,0,CON,D,,0,57,767750,57767750,3,5,96,1,0,0,0,0,0,0,0,65,0,0,0,6,6,2,3,12,0,0,0,1,29,64744,6,1,6,3,3,0,67,185,0,0,0,0,0,0,0,0,0,0,0,0,0,0,2,2,70,1,2,2,1,0,0,1,53,1,1,1,25,0,0
29,290388,1,1,1,21,7,0,50,42,0,1,0,92,0,18,7,18007,4,1999,2G4WY52M0X15,2,G,4,W,Y,5,2,M,0,X,1,5,0,P,BUIC,CLM,4D,99,17,3371,,0,1090,,G,,0,0,000000000,00000000000,0,0,0,1,0,0,0,0,0,0,0,60,0,0,0,12,12,6,2,42,0,0,0,1,29,65775,6,1,0,0,3,0,73,150,3,1,0,2,1,10,2007,10,2008,1,0,0,0,0,1,2,55,3,1,2,1,0,0,14,6,1,1,4,1,1,0
29,290389,1,1,1,23,7,9,9,1,0,1,0,42,1,13,1,13001,4,1996,1LNLM82W1TY6,1,L,N,L,M,8,2,W,1,T,Y,6,0,P,LINC,SDJ,4D,96,17,4040,,0,1174,,G,,0,0,000000000,00000000000,0,0,0,1,0,0,0,0,0,0,0,77,0,1,5,0,0,6,2,1,0,0,0,1,42,19047,6,1,6,3,3,0,70,999,0,9,0,0,3,3,2008,3,2009,1,0,0,0,0,1,2,55,3,1,2,98,0,0,14,6,8,2,4,2,1,0
29,290390,1,1,1,23,7,22,40,35,0,1,0,29,1,12,422,12422,15,2000,1FMRU1661YLC,1,F,M,R,U,1,6,6,1,Y,L,C,0,P,FORD,EPT,UT,0,17,5275,,0,1191,,G,,0,0,000000000,00000000000,0,0,0,1,0,0,0,0,0,0,0,55,0,1,5,12,0,6,2,1,0,0,0,1,29,64744,6,1,0,0,3,0,68,120,0,0,0,0,0,0,0,0,0,0,0,0,0,0,1,2,55,1,6,2,1,0,0,1,13,1,1,4,1,1,1
29,290391,1,1,2,25,7,3,15,35,0,1,0,29,1,12,24,12024,6,2007,2FMDK46C57BA,2,F,M,D,K,4,6,C,5,7,B,A,0,P,FORD,EDG,UT,7,17,4282,,0,1112,,G,,0,0,000000000,00000000000,0,0,0,1,0,0,0,0,0,0,0,64,0,1,5,12,0,6,2,1,0,0,0,1,29,64158,6,1,0,0,3,0,70,225,0,0,0,0,0,0,0,0,0,0,0,0,0,0,2,2,70,1,6,2,1,0,0,1,12,1,1,4,6,1,0
29,290392,1,1,1,25,7,12,15,1,0,1,0,29,1,76,706,76706,80,2010,JYAVN01E5AA0,J,Y,A,V,N,0,1,E,5,A,A,0,0,M,YAMA,V95,RS,10,17,,,,,,,942,0,0,000000000,00000000000,0,0,0,1,0,0,0,0,0,0,0,55,0,0,0,0,0,6,2,1,0,0,0,1,29,65738,6,1,0,0,3,0,68,185,0,0,0,0,0,0,0,0,0,1,0,0,0,0,1,2,55,3,6,2,1,0,0,14,13,1,1,4,1,1,0
29,290393,1,2,2,26,7,22,12,12,2,1,0,29,1,72,706,72706,80,1995,1HD1DPL12SY6,1,H,D,1,D,P,L,1,2,S,Y,6,0,M,HD,UHB,RS,95,17,,,,,,,1340,0,0,000000000,00000000000,0,0,0,1,0,0,0,0,0,0,0,998,0,0,0,12,0,6,2,1,0,0,0,1,29,64118,6,1,0,0,3,0,73,180,0,0,0,0,0,0,0,0,0,0,0,0,0,0,1,2,35,1,1,2,1,3,3,1,62,1,1,1,83,1,0
29,290393,2,2,1,26,7,22,12,12,2,1,0,29,1,18,20,18020,4,1996,2G4WB52K2T15,2,G,4,W,B,5,2,K,2,T,1,5,0,P,BUIC,RGC,4D,96,17,3331,,0,1075,,G,,0,0,000000000,00000000000,0,0,0,1,0,0,0,0,0,0,0,27,0,0,0,12,12,4,8,12,0,0,0,1,29,64119,6,1,0,0,3,3,72,140,0,0,0,0,0,0,0,0,0,0,38,0,0,0,1,2,35,1,1,2,1,3,3,11,15,1,1,2,82,0,0
29,290394,1,2,1,27,7,11,46,1,0,1,0,29,1,72,706,72706,80,2010,1HD1FB41X7Y6,1,H,D,1,F,B,4,1,X,7,Y,6,0,M,HD,FHR,RS,7,17,,,,,,,1584,0,0,000000000,00000000000,0,0,0,1,0,0,0,0,0,0,0,42,0,0,0,0,0,6,2,1,0,0,0,1,29,64015,6,1,0,0,3,3,72,215,0,0,0,0,0,0,0,0,0,1,0,0,0,0,2,2,35,4,2,2,1,0,0,14,6,1,2,2,98,1,0
29,290394,2,2,1,27,7,11,46,1,0,1,0,93,3,84,881,84881,66,2010,1HSCUSJR8AH2,1,H,S,C,U,S,J,R,8,A,H,2,1,T,INTL,PPR,DS,10,17,,8,0,0,PRO,D,,1,57,162648,57162648,3,6,98,1,0,0,0,0,0,0,0,31,0,0,0,12,12,2,1,12,0,0,0,1,29,64030,6,1,6,3,3,0,68,170,0,0,0,0,0,0,0,0,0,0,0,0,0,0,1,2,35,4,2,2,1,0,0,14,62,1,1,1,98,0,0
29,290395,1,1,2,27,7,12,50,42,0,1,0,29,2,12,461,12461,21,2001,1FTPS24281HA,1,F,T,P,S,2,4,2,8,1,H,A,0,T,FORD,25V,EC,1,17,,2,0,1380,VAN,G,,0,0,000000000,00000000000,0,0,0,1,0,0,0,0,0,0,0,998,0,0,0,12,12,6,2,42,0,0,0,1,29,64075,1,1,0,0,2,0,72,175,0,1,0,0,0,11,2008,11,2008,0,0,0,0,0,1,2,45,1,1,2,1,0,0,1,11,1,1,4,6,1,0
29,290396,1,1,1,27,7,22,37,8,0,1,0,29,1,20,2,20002,4,2005,2G1WF52E0591,2,G,1,W,F,5,2,E,0,5,9,1,0,P,CHEV,IMP,4D,5,17,3389,,0,1105,,G,,0,0,000000000,00000000000,0,0,0,1,0,0,0,0,0,0,0,31,0,0,0,12,12,4,1,8,0,0,0,1,29,65807,6,1,0,0,3,0,67,225,0,0,0,0,0,0,0,0,0,0,0,0,0,0,1,2,45,1,1,2,1,0,0,1,80,3,2,2,13,0,0
29,290397,1,2,1,28,7,14,20,12,6,1,0,29,3,87,881,87881,63,2007,1NPALB0X07N6,1,N,P,A,L,B,0,X,0,7,N,6,0,T,PTRB,357,TM,7,17,,8,0,0,CON,D,,0,57,1594575,571594575,3,1,4,1,0,0,0,0,0,0,0,10,0,0,0,1,1,4,1,12,0,0,0,1,29,64062,6,1,6,0,3,3,67,130,0,0,0,0,0,0,0,0,0,0,38,39,0,0,3,2,45,1,1,2,1,3,3,11,15,99,1,2,68,0,0
29,290397,2,2,2,28,7,14,20,12,6,1,0,92,0,12,401,12401,14,2004,1FMDU75W04ZB,1,F,M,D,U,7,5,W,0,4,Z,B,0,P,FORD,EPR,UT,4,17,4094,,0,1137,,G,,0,0,000000000,00000000000,0,0,0,1,0,0,0,0,0,0,0,40,0,0,0,12,12,6,2,12,0,0,0,1,29,64085,6,1,0,0,3,0,65,130,0,0,0,0,0,0,0,0,0,0,0,0,0,0,1,1,55,1,1,2,1,3,3,1,62,99,1,1,69,1,0
29,290398,1,1,2,28,7,15,4,1,0,1,0,29,1,12,471,12471,30,2003,1FTYR14V73PB,1,F,T,Y,R,1,4,V,7,3,P,B,0,T,FORD,RNS,PS,3,17,,1,0,1257,RNG,F,,0,0,000000000,00000000000,0,0,0,1,0,0,0,0,0,0,0,55,0,2,1,0,0,6,2,1,0,0,0,1,29,63084,6,1,0,0,3,0,64,160,0,0,0,0,0,0,0,0,0,0,0,0,0,0,1,2,55,1,6,2,1,0,0,1,10,7,2,2,98,1,0
29,290399,1,2,2,29,7,17,37,12,1,1,0,5,2,7,482,7482,31,2008,1D7HU182X8J1,1,D,7,H,U,1,8,2,X,8,J,1,1,T,DODG,SQ1,CW,8,17,,2,1605,1405,RPC,G,,3,0,000000000,00000000000,0,0,0,1,0,0,0,0,0,0,0,60,0,1,5,6,0,6,2,1,0,0,0,1,5,72833,6,1,0,0,3,3,64,135,0,0,0,0,0,0,0,0,0,0,0,0,0,0,2,2,65,1,1,2,1,0,0,1,53,1,1,1,25,1,0
29,290399,2,2,1,29,7,17,37,12,1,1,0,29,2,22,22,22022,4,2009,1G2ZJ57K0942,1,G,2,Z,J,5,7,K,0,9,4,2,0,P,PONT,G/6,4D,9,17,3305,,0,1123,,F,,0,0,000000000,00000000000,0,0,0,1,0,0,0,0,0,0,0,65,0,0,0,12,12,6,2,12,0,0,0,1,29,63841,6,1,0,0,3,0,74,150,0,0,0,0,0,0,0,0,0,1,26,27,0,0,2,2,65,1,1,2,1,0,0,15,51,6,1,2,24,0,0
29,290400,1,2,1,29,7,19,8,12,6,1,0,29,1,23,481,23481,31,2008,2GTEC1301812,2,G,T,E,C,1,3,0,1,8,1,2,0,T,GMC,SC1,CW,8,17,,2,0,1435,SIE,F,,0,0,000000000,00000000000,0,0,0,1,0,0,0,0,0,0,0,998,0,0,0,11,11,6,2,12,0,0,0,1,29,63660,6,1,0,0,3,0,72,250,0,0,0,0,0,0,0,0,0,0,0,0,0,0,3,4,50,1,1,2,1,3,3,1,17,99,1,1,69,0,0
29,290400,2,2,1,29,7,19,8,12,6,1,0,29,1,73,706,73706,80,2003,JKAZX9C183A0,J,K,A,Z,X,9,C,1,8,3,A,0,0,M,KAWK,Z12,RS,3,17,,,,,,,1200,0,0,000000000,00000000000,0,0,0,1,0,0,0,0,0,0,0,998,0,0,0,12,12,6,2,12,0,0,0,1,29,63023,6,1,0,0,3,3,67,220,0,0,0,0,0,0,0,0,0,0,38,39,0,0,3,4,50,1,1,2,1,3,3,11,15,1,1,1,68,1,1
29,290401,1,3,1,30,7,14,35,12,8,1,0,29,1,41,50,41050,4,2007,1YVHP80C775M,1,Y,V,H,P,8,0,C,7,7,5,M,0,P,MAZD,M6I,4D,7,17,0,,0,1053,,G,,0,0,000000000,00000000000,0,0,0,1,0,0,0,0,0,0,0,55,0,0,0,11,11,6,2,12,0,0,0,1,29,65058,6,1,0,0,3,0,64,125,0,0,0,0,0,0,0,0,0,0,28,0,0,0,1,2,55,3,5,2,1,0,0,14,10,1,1,2,64,1,0
29,290401,2,3,1,30,7,14,35,12,8,1,0,29,1,22,20,22020,4,1999,1G2WP52K1XF3,1,G,2,W,P,5,2,K,1,X,F,3,0,P,PONT,GPG,4D,99,17,3428,,0,1105,,G,,0,0,000000000,00000000000,0,0,0,1,0,0,0,0,0,0,0,55,0,0,0,11,11,2,1,12,0,0,0,1,29,65058,6,1,0,0,3,0,67,149,0,0,0,0,0,0,0,0,0,0,0,0,0,0,1,2,55,2,5,2,1,0,0,14,54,7,1,1,65,0,0
29,290401,3,3,1,30,7,14,35,12,8,1,0,29,1,7,482,7482,31,1998,1B7KF2367WJ2,1,B,7,K,F,2,3,6,7,W,J,2,0,T,DODG,Q25,4C,98,17,,2,1547,1387,RPC,D,,0,0,000000000,00000000000,0,0,0,1,0,0,0,0,0,0,0,55,0,0,0,12,12,6,2,12,0,0,0,1,29,65058,6,1,0,0,3,3,71,215,0,0,0,0,0,0,0,0,0,0,0,0,0,0,1,2,55,2,5,2,1,0,0,14,54,3,1,1,98,0,0
29,290402,1,1,2,30,7,22,15,38,0,1,0,29,1,12,401,12401,14,1996,1FMDU35P1TZC,1,F,M,D,U,3,5,P,1,T,Z,C,0,P,FORD,EPR,UT,96,17,0,,0,1115,,G,,0,0,000000000,00000000000,0,0,0,1,0,0,0,0,0,0,0,999,0,1,5,12,0,6,2,1,0,0,0,1,29,64850,6,1,0,0,3,0,61,140,0,0,0,0,0,0,0,0,0,1,0,0,0,0,1,2,45,1,5,5,1,0,0,1,10,6,1,4,6,1,1
29,290403,1,1,2,31,7,20,25,24,0,1,0,29,2,41,471,41471,30,2003,4F4YR12U63TM,4,F,4,Y,R,1,2,U,6,3,T,M,0,T,MAZD,3RC,PK,3,17,,1,0,1116,B30,G,,0,0,000000000,00000000000,0,0,0,1,0,0,0,0,0,0,0,65,0,1,3,1,0,6,2,1,0,0,0,1,29,63957,6,1,0,0,3,3,71,152,0,0,0,0,0,0,0,0,0,0,0,0,0,0,3,2,65,1,6,2,1,0,0,1,13,7,4,4,2,1,1
29,290404,1,2,1,31,7,20,33,12,6,1,0,29,2,49,442,49442,20,2009,5TDZK22C19S2,5,T,D,Z,K,2,2,C,1,9,S,2,0,P,TOYT,SIE,SV,9,17,4266,,0,1193,,G,,0,0,000000000,00000000000,0,0,0,1,0,0,0,0,0,0,0,998,0,0,0,3,3,6,2,12,0,0,0,1,29,65742,6,1,0,0,3,0,64,105,0,0,0,0,0,0,0,0,0,0,38,0,0,0,3,2,40,1,2,2,1,3,3,11,15,1,1,1,68,0,0
29,290404,2,2,1,31,7,20,33,12,6,1,0,29,1,72,706,72706,80,2009,1HD1CZ31X9K4,1,H,D,1,C,Z,3,1,X,9,K,4,0,M,HD,XLN,RS,9,17,,,,,,,1202,0,0,000000000,00000000000,0,0,0,1,0,0,0,0,0,0,0,998,0,0,0,12,12,6,2,12,0,0,0,1,29,65807,6,1,0,0,2,0,69,180,0,0,0,0,0,0,0,0,0,1,0,0,0,0,3,2,40,1,2,2,1,3,3,1,17,4,1,1,69,1,1
29,290405,1,1,2,31,7,21,25,7,0,1,0,29,1,7,482,7482,31,2003,3D7KU26C13G7,3,D,7,K,U,2,6,C,1,3,G,7,0,T,DODG,S25,PK,3,17,,2,0,1405,RPC,D,,0,0,000000000,00000000000,0,0,0,1,0,0,0,0,0,0,0,30,0,0,0,0,0,0,3,7,0,0,0,1,29,64644,6,1,0,0,3,0,72,230,0,0,0,1,0,12,2008,12,2008,0,0,0,0,0,1,2,50,1,5,4,1,0,0,1,98,1,1,1,0,1,1
29,290406,1,2,1,1,8,2,55,12,6,1,1,99,9,12,481,12481,31,2000,1FTRX17W6YKA,1,F,T,R,X,1,7,W,6,Y,K,A,0,T,FORD,F15,4C,0,17,,2,1571,1385,COF,G,,0,0,000000000,00000000000,0,0,0,1,0,0,0,0,0,0,0,998,0,0,0,12,12,6,2,12,0,0,0,1,99,99999,9,9,99,9,9,9,999,999,99,99,99,99,99,99,9999,99,9999,0,39,0,0,0,1,6,35,1,1,2,1,3,3,1,17,1,1,1,88,0,0
29,290406,2,2,2,1,8,2,55,12,6,1,0,29,1,35,471,35471,30,1993,1N6SD11S2PC3,1,N,6,S,D,1,1,S,2,P,C,3,0,T,NISS,SWB,PK,93,17,,1,0,1043,TRK,G,,0,0,000000000,00000000000,0,0,0,1,0,0,0,0,0,0,0,998,0,0,0,9,9,6,2,12,0,0,0,1,29,63139,6,1,0,0,3,0,74,165,0,0,0,2,0,9,2008,6,2010,0,0,0,0,0,1,6,35,1,9,2,1,3,3,1,17,1,1,1,89,1,1
29,290407,1,1,1,3,8,12,15,1,0,1,0,29,1,20,19,20019,4,1996,1G1LD5544TY1,1,G,1,L,D,5,5,4,4,T,Y,1,0,P,CHEV,CSA,4D,96,17,2745,,0,1034,,G,,0,0,000000000,00000000000,0,0,0,1,0,0,0,0,0,0,0,30,0,2,5,0,0,6,2,1,0,0,0,1,29,63348,6,1,0,0,3,0,66,165,0,0,0,0,0,0,0,0,0,0,0,0,0,0,1,2,60,1,1,2,1,0,0,1,10,1,1,4,6,1,0
29,290408,1,1,2,4,8,4,15,34,0,1,0,40,1,20,444,20444,20,2008,1GNDV23158D1,1,G,N,D,V,2,3,1,5,8,D,1,0,T,CHEV,DLS,ES,8,17,,1,0,1211,UPL,G,,0,0,000000000,00000000000,0,0,0,1,0,0,0,0,0,0,0,60,0,0,0,12,12,6,2,34,0,0,0,1,40,74063,6,1,0,0,3,0,51,110,0,0,0,0,0,0,0,0,0,1,0,0,0,0,1,2,60,1,6,4,1,0,0,1,14,3,1,4,14,1,0
29,290409,1,2,1,4,8,20,58,12,6,1,0,29,2,20,481,20481,31,1992,2GCEC19Z2N11,2,G,C,E,C,1,9,Z,2,N,1,1,0,T,CHEV,GC1,PC,92,17,,2,1555,1415,GM4,G,,0,0,000000000,00000000000,0,0,0,1,0,0,0,0,0,0,0,998,0,1,5,12,0,6,2,1,0,0,0,1,29,64117,1,1,0,0,2,0,77,181,0,1,0,0,0,4,2009,4,2009,0,51,0,0,0,6,1,40,2,2,2,1,0,0,14,54,1,1,1,66,1,1
29,290409,2,2,2,4,8,20,58,12,6,1,0,29,1,55,33,55033,4,2006,5NPEU46F16H0,5,N,P,E,U,4,6,F,1,6,H,0,0,P,HYUN,SGX,4D,6,17,3458,,0,1074,,G,,0,0,000000000,00000000000,0,0,0,1,0,0,0,0,0,0,0,998,0,0,0,7,7,6,2,12,0,0,0,1,29,64053,6,1,0,0,3,0,69,200,0,0,0,0,0,0,0,0,0,0,0,0,0,0,6,1,40,3,2,2,1,0,0,14,54,1,1,2,66,0,0
29,290410,1,1,1,4,8,15,20,1,0,1,0,29,1,53,704,53704,80,1981,JS1GL51L4B21,J,S,1,G,L,5,1,L,4,B,2,1,0,M,SUZI,G45,RS,81,17,,,,,,,448,0,0,000000000,00000000000,0,0,0,1,0,0,0,0,0,0,0,998,0,0,0,0,0,6,2,1,0,0,0,1,29,65656,6,1,0,0,3,3,68,208,1,0,0,1,0,9,2007,10,2008,1,0,0,0,0,1,2,55,3,5,2,1,0,0,14,6,1,1,1,98,1,0
29,290411,1,2,1,5,8,2,25,12,1,1,0,29,1,12,471,12471,30,2004,1FTYR10D94PB,1,F,T,Y,R,1,0,D,9,4,P,B,0,T,FORD,RNG,PK,4,17,,1,1175,1116,RNG,G,,0,0,000000000,00000000000,0,0,0,1,0,0,0,0,0,0,0,998,0,0,0,12,12,6,2,12,0,0,0,1,29,63304,6,1,0,0,3,0,72,180,0,0,0,0,0,0,0,0,0,0,0,0,0,0,2,2,45,1,1,2,1,1,3,1,50,1,1,1,20,1,1
29,290411,2,2,1,5,8,2,25,12,1,1,0,18,3,82,883,82883,66,2008,1FUJA6CK18DZ,1,F,U,J,A,6,C,K,1,8,D,Z,1,T,FRHT,COL,DS,8,17,,8,0,0,CON,D,,1,57,054283,57054283,3,6,1,1,0,0,0,0,0,0,0,0,0,0,0,6,6,2,1,12,0,0,0,1,29,65240,6,1,6,0,3,0,68,160,1,0,0,1,0,11,2007,12,2008,0,0,0,0,0,2,2,45,1,1,2,1,1,3,5,53,1,1,1,21,0,0
29,290412,1,4,1,5,8,10,11,12,1,1,0,29,3,51,881,51881,66,2007,4V4NC9GHX7N4,4,V,4,N,C,9,G,H,X,7,N,4,0,T,VOLV,VNL,DS,7,17,,8,0,0,VVN,D,,0,5,7648882,057648882,3,5,96,1,0,0,0,0,0,0,0,0,0,0,0,6,6,6,2,12,0,0,0,1,54,25430,6,1,6,3,3,0,70,200,0,0,0,0,0,0,0,0,0,0,0,0,0,0,3,2,50,1,2,2,1,40,3,5,53,1,1,1,98,0,0
29,290412,2,4,1,5,8,10,11,12,1,1,0,29,3,23,481,23481,31,2007,1GTEK19Z67Z1,1,G,T,E,K,1,9,Z,6,7,Z,1,0,T,GMC,NK1,4C,7,17,,2,1575,1340,SIE,F,,0,0,000000000,00000000000,0,0,0,1,0,0,0,0,0,0,0,0,0,0,0,6,6,6,2,12,0,0,0,1,29,63080,6,1,0,0,3,0,72,155,0,0,0,0,0,0,0,0,0,0,0,0,0,0,3,2,50,1,2,2,1,40,3,5,53,1,1,1,21,1,0