STATE,ST_CASE,VEH_NO,VE_FORMS,NUMOCCS,DAY,MONTH,HOUR,MINUTE,HARM_EV,MAN_COLL,UNITTYPE,HIT_RUN,REG_STAT,OWNER,MAKE,MODEL,MAK_MOD,BODY_TYP,MOD_YEAR,VIN,VIN_1,VIN_2,VIN_3,VIN_4,VIN_5,VIN_6,VIN_7,VIN_8,VIN_9,VIN_10,VIN_11,VIN_12,TOW_VEH,VINTYPE,VINMAKE,VINA_MOD,VIN_BT,VINMODYR,VIN_LNGT,VIN_WGT,WGTCD_TR,WHLBS_LG,WHLBS_SH,SER_TR,FUELCODE,MCYCL_DS,J_KNIFE,MCARR_I1,MCARR_I2,MCARR_ID,GVWR,V_CONFIG,CARGO_BT,HAZ_INV,HAZ_PLAC,HAZ_ID,HAZ_CNO,HAZ_REL,BUS_USE,SPEC_USE,EMER_USE,TRAV_SP,UNDERIDE,ROLLOVER,ROLINLOC,IMPACT1,IMPACT2,DEFORMED,TOWED,M_HARM,VEH_SC1,VEH_SC2,FIRE_EXP,DR_PRES,L_STATE,DR_ZIP,L_STATUS,L_TYPE,CDL_STAT,L_ENDORS,L_COMPL,L_RESTRI,DR_HGT,DR_WGT,PREV_ACC,PREV_SUS,PREV_DWI,PREV_SPD,PREV_OTH,FIRST_MO,FIRST_YR,LAST_MO,LAST_YR,SPEEDREL,DR_SF1,DR_SF2,DR_SF3,DR_SF4,VTRAFWAY,VNUM_LAN,VSPD_LIM,VALIGN,VPROFILE,VPAVETYP,VSURCOND,VTRAFCON,VTCONT_F,P_CRASH1,P_CRASH2,P_CRASH3,PCRASH4,PCRASH5,ACC_TYPE,DEATHS,DR_DRINK
29,290532,2,2,1,17,9,21,45,12,6,1,0,29,1,20,482,20482,31,2004,3GNEK12T04G2,3,G,N,E,K,1,2,T,0,4,G,2,0,P,CHEV,AVL,UT,4,17,5678,,0,1300,,G,,0,0,000000000,00000000000,0,0,0,1,0,0,0,0,0,0,0,998,7,0,0,1,12,6,2,12,0,0,0,1,29,63303,6,1,0,0,3,0,66,185,0,0,0,0,0,0,0,0,0,0,0,0,0,0,5,5,35,1,1,1,1,3,8,1,66,1,1,1,87,0,0
29,290533,1,2,1,18,9,4,45,12,6,1,0,1,2,35,47,35047,4,1998,JN1CA21DXWM9,J,N,1,C,A,2,1,D,X,W,M,9,0,P,NISS,MGS,4D,98,17,3026,,0,1063,,G,,0,0,000000000,00000000000,0,0,0,1,0,0,0,0,0,0,0,50,0,0,0,12,12,6,2,12,0,0,0,1,29,64097,6,1,0,0,3,0,65,135,0,0,0,1,0,11,2007,11,2007,0,0,0,0,0,1,2,55,2,5,2,1,0,0,14,62,7,1,1,65,0,0
29,290533,2,2,2,18,9,4,45,12,6,1,0,29,2,20,22,20022,2,2009,1G1AL18H8971,1,G,1,A,L,1,8,H,8,9,7,1,0,P,CHEV,BLT,CP,9,17,2991,,0,1033,,G,,0,0,000000000,00000000000,0,0,0,1,0,0,0,0,0,0,0,45,0,0,0,5,5,6,2,12,0,0,0,1,29,64076,6,1,0,0,3,0,68,170,0,0,0,0,0,0,0,0,0,0,0,0,0,0,1,2,55,3,6,2,1,0,0,14,10,8,4,2,64,1,1
29,290534,1,2,2,18,9,12,32,12,2,1,0,48,1,72,706,72706,80,2002,1HD1FRW1X2Y6,1,H,D,1,F,R,W,1,X,2,Y,6,0,M,HD,FCI,RS,2,17,,,,,,,1450,0,0,000000000,00000000000,0,0,0,1,0,0,0,0,0,0,0,998,0,0,0,12,12,6,2,12,0,0,0,1,29,65560,6,1,0,0,3,0,73,230,0,0,0,1,0,5,2010,5,2010,0,38,0,0,0,5,4,55,1,1,2,1,0,0,11,15,1,1,1,68,1,0
29,290534,2,2,1,18,9,12,32,12,2,1,0,29,1,69,54,69054,3,2003,WMWRC33483TC,W,M,W,R,C,3,3,4,8,3,T,C,0,P,MNNI,COO,2H,3,17,2524,,0,971,,G,,0,0,000000000,00000000000,0,0,0,1,0,0,0,0,0,0,0,998,0,0,0,12,12,6,2,12,0,0,0,1,29,65548,6,1,0,0,3,3,63,160,0,0,0,0,0,0,0,0,0,0,0,0,0,0,5,4,55,1,1,2,1,0,0,1,62,7,1,2,69,0,0
29,290535,1,2,1,18,9,12,39,12,2,1,0,20,1,12,3,12003,2,2002,1FAFP40422F2,1,F,A,F,P,4,0,4,2,2,F,2,0,P,FORD,MUS,CP,2,17,3066,,0,1013,,G,,0,0,000000000,00000000000,0,0,0,1,0,0,0,0,0,0,0,60,0,0,0,12,12,6,2,12,0,0,0,1,20,66762,6,1,0,0,3,3,70,225,3,0,0,1,0,9,2008,5,2010,0,28,0,0,0,1,2,40,2,1,2,1,0,0,14,10,1,1,2,50,1,0
29,290535,2,2,2,18,9,12,39,12,2,1,0,20,1,23,431,23431,16,2003,1GKFK16Z63J3,1,G,K,F,K,1,6,Z,6,3,J,3,0,T,GMC,KX1,4W,3,17,,2,0,1300,YUK,F,,0,0,000000000,00000000000,0,0,0,1,0,0,0,0,0,0,0,40,0,0,0,12,12,6,2,12,0,0,0,1,20,66763,6,1,0,0,3,0,68,190,0,0,0,0,0,0,0,0,0,0,0,0,0,0,1,2,40,3,1,2,1,0,0,14,62,1,1,1,51,0,0
29,290536,1,1,1,18,9,16,57,43,0,1,0,29,2,53,705,53705,80,2009,JS1GN7EA0921,J,S,1,G,N,7,E,A,0,9,2,1,0,M,SUZI,G60,RC,9,17,,,,,,,599,0,0,000000000,00000000000,0,0,0,1,0,0,0,0,0,0,0,50,0,0,0,1,0,6,2,1,0,0,0,1,29,63010,6,1,0,0,3,3,72,190,0,0,0,0,1,3,2009,3,2009,1,33,0,0,0,1,2,35,3,6,2,1,0,0,14,13,1,1,4,1,1,0
29,290537,1,2,2,18,9,19,15,12,6,1,0,29,2,7,41,7041,4,2000,2B3HD46R4YH4,2,B,3,H,D,4,6,R,4,Y,H,4,0,P,DODG,INT,4D,0,17,3385,,0,1130,,G,,0,0,000000000,00000000000,0,0,0,1,0,0,0,0,0,0,0,998,0,0,0,12,12,2,1,12,0,0,0,1,29,63401,6,1,0,0,3,3,69,185,0,0,0,0,0,0,0,0,0,0,38,0,0,0,5,4,35,1,2,2,2,0,0,11,11,1,1,1,76,0,0
29,290537,2,2,2,18,9,19,15,12,6,1,0,17,1,34,709,34709,80,2009,WB10313019ZU,W,B,1,0,3,1,3,0,1,9,Z,U,0,M,BMW,12G,EN,9,17,,,,,,,1170,0,0,000000000,00000000000,0,0,0,1,0,0,0,0,0,0,0,998,0,0,0,8,81,4,8,12,0,0,0,1,17,62012,6,1,0,0,3,0,69,195,0,0,0,0,0,0,0,0,0,0,0,0,0,0,5,4,35,1,2,2,2,0,0,1,70,11,1,1,77,1,0
29,290538,1,1,1,18,9,21,54,1,0,1,0,29,1,12,401,12401,14,1989,1FMCU14T3KUC,1,F,M,C,U,1,4,T,3,K,U,C,0,P,FORD,BII,UT,89,17,3050,,0,940,,G,,0,0,000000000,00000000000,0,0,0,1,0,0,0,0,0,0,0,998,0,2,1,0,0,6,2,1,0,0,0,1,29,63801,6,1,0,0,3,0,72,160,0,0,0,0,0,0,0,0,0,0,58,0,0,0,1,2,55,1,8,2,1,0,0,1,12,1,1,6,98,1,1
29,290539,1,2,2,19,9,2,0,12,1,1,0,29,2,20,481,20481,31,2009,1GCEC14009Z1,1,G,C,E,C,1,4,0,0,9,Z,1,0,T,CHEV,SC1,PK,9,17,,2,1330,1190,SIL,F,,0,0,000000000,00000000000,0,0,0,1,0,0,0,0,0,0,0,67,0,1,5,12,0,6,2,1,0,0,0,1,29,65625,6,1,0,0,3,0,72,155,0,0,0,0,0,0,0,0,0,1,36,0,0,0,3,2,70,1,2,2,1,0,0,1,51,1,1,1,24,0,1
29,290539,2,2,2,19,9,2,0,12,1,1,0,5,3,7,482,7482,31,2007,3D7KS26C87G7,3,D,7,K,S,2,6,C,8,7,G,7,0,T,DODG,S25,PK,7,17,,2,0,1405,RPC,D,,0,0,000000000,00000000000,0,0,0,1,0,0,0,0,0,0,0,98,0,1,5,6,0,6,2,1,0,0,0,1,40,74902,6,1,6,0,3,3,72,230,0,0,0,0,0,0,0,0,0,0,0,0,0,0,3,2,70,1,2,2,1,0,0,1,53,1,1,1,25,1,0
29,290540,1,1,2,19,9,3,7,58,0,1,0,29,1,20,20,20020,4,1999,2G1WL52M3X11,2,G,1,W,L,5,2,M,3,X,1,1,0,P,CHEV,L/S,4D,99,17,3330,,0,1075,,G,,0,0,000000000,00000000000,0,0,0,1,0,0,0,0,0,0,0,998,0,1,5,98,0,6,2,1,0,0,0,1,29,64133,6,1,0,0,3,0,70,175,0,0,0,0,0,0,0,0,0,0,0,0,0,0,2,2,35,3,2,2,1,0,0,14,12,1,1,4,6,1,1
29,290541,1,2,1,20,9,10,0,12,6,1,0,29,1,6,44,6044,4,1997,1C3EJ56X8VN5,1,C,3,E,J,5,6,X,8,V,N,5,0,P,CHRY,CXI,4D,97,17,2998,,0,1080,,G,,0,0,000000000,00000000000,0,0,0,1,0,0,0,0,0,0,0,10,0,0,0,11,12,6,2,12,0,0,0,1,29,65605,6,1,0,0,3,3,60,130,0,0,0,0,0,0,0,0,0,0,38,0,0,0,2,2,40,1,1,2,1,20,3,1,17,1,1,1,89,0,0
29,290541,2,2,1,20,9,10,0,12,6,1,0,29,1,7,472,7472,30,2000,1B7GL22X3YS5,1,B,7,G,L,2,2,X,3,Y,S,5,0,T,DODG,DAK,PC,0,17,,1,0,1309,DAK,G,,0,0,000000000,00000000000,0,0,0,1,0,0,0,0,0,0,0,55,0,0,0,12,12,6,2,12,0,0,0,1,29,65712,6,1,0,0,3,0,72,240,0,0,0,0,0,0,0,0,0,0,0,0,0,0,1,2,55,1,1,2,1,0,0,1,66,8,1,1,88,1,0
29,290542,1,1,1,20,9,10,30,18,0,1,0,29,2,20,401,20401,14,2001,1GNDT13W11K2,1,G,N,D,T,1,3,W,1,1,K,2,0,P,CHEV,BZR,UT,1,17,4133,,0,1070,,G,,0,0,000000000,00000000000,0,0,0,1,0,0,0,0,0,0,0,48,0,0,0,12,12,6,2,18,0,0,0,1,29,63080,6,1,0,0,3,0,72,165,1,2,1,0,0,5,2008,2,2009,0,0,0,0,0,2,2,50,1,2,2,1,98,3,1,10,1,1,2,12,1,0
29,290543,1,1,1,20,9,13,42,43,0,1,0,29,1,21,2,21002,4,1996,1G3HY52K9T48,1,G,3,H,Y,5,2,K,9,T,4,8,0,P,OLDS,LSS,4D,96,17,3502,,0,1108,,G,,0,0,000000000,00000000000,0,0,0,1,0,0,0,0,0,0,0,998,0,0,0,12,12,6,2,42,0,0,0,1,29,65605,6,1,0,0,3,0,71,185,0,0,0,0,0,0,0,0,0,0,0,0,0,0,1,2,98,1,1,2,1,0,0,1,13,1,1,4,1,1,0
29,290544,1,3,1,20,9,16,10,12,1,1,0,29,1,12,481,12481,31,2001,1FTWX33F81EA,1,F,T,W,X,3,3,F,8,1,E,A,0,T,FORD,F3D,4C,1,17,,3,0,1580,DRW,D,,0,0,000000000,00000000000,0,0,0,1,0,0,0,0,0,0,0,45,0,0,0,12,12,6,2,12,0,0,0,1,29,63945,3,1,3,0,2,3,72,204,0,0,0,0,0,0,0,0,0,0,26,0,0,0,1,2,55,1,1,2,1,0,0,1,50,1,1,1,20,0,0
29,290544,2,3,1,20,9,16,10,12,1,1,0,29,1,20,16,20016,2,2001,1G1JC1249173,1,G,1,J,C,1,2,4,9,1,7,3,0,P,CHEV,CAV,CP,1,17,2617,,0,1041,,G,,0,0,000000000,00000000000,0,0,0,1,0,0,0,0,0,0,0,0,0,0,0,6,6,6,2,12,0,0,0,1,29,63945,6,1,0,0,3,0,64,160,0,0,0,0,0,0,0,0,0,0,0,0,0,0,1,2,55,1,1,2,1,0,0,5,53,1,1,1,21,1,0
29,290544,3,3,1,20,9,16,10,12,1,1,0,92,0,6,43,6043,2,1999,4C3AU52N8XE1,4,C,3,A,U,5,2,N,8,X,E,1,0,P,CHRY,SLI,2P,99,17,3093,,0,1037,,G,,0,0,000000000,00000000000,0,0,0,1,0,0,0,0,0,0,0,45,0,0,0,12,12,6,2,12,0,0,0,1,29,63935,6,1,0,0,3,3,67,242,0,0,0,0,0,0,0,0,0,0,0,0,0,0,1,2,55,1,1,2,1,0,0,1,62,4,1,1,98,0,0
29,290545,1,1,1,20,9,20,45,31,0,1,0,29,1,2,404,2404,14,1995,1J4GZ58S9SC5,1,J,4,G,Z,5,8,S,9,S,C,5,0,T,JEEP,LRO,4W,95,17,,1,0,1059,GCK,G,,0,0,000000000,00000000000,0,0,0,1,0,0,0,0,0,0,0,73,0,1,5,9,0,6,2,1,0,0,0,1,29,65552,6,1,0,0,3,3,67,130,0,0,0,0,0,0,0,0,0,1,58,0,0,0,1,2,55,3,6,2,1,0,0,14,13,1,3,4,2,1,0
29,290546,1,1,1,20,9,21,26,8,0,1,0,29,1,12,17,12017,4,1994,1FALP52UXRA1,1,F,A,L,P,5,2,U,X,R,A,1,0,P,FORD,TAG,4D,94,17,3104,,0,1060,,G,,0,0,000000000,00000000000,0,0,0,1,0,0,0,0,0,0,0,75,0,0,0,12,12,6,2,8,0,0,0,1,29,65453,6,1,0,0,3,0,77,265,0,0,0,0,0,0,0,0,0,1,0,0,0,0,3,2,70,2,1,2,1,0,0,14,80,8,1,1,13,0,0
29,290547,1,1,1,21,9,7,39,8,0,1,0,29,1,20,481,20481,31,2008,1GCHK23K98F2,1,G,C,H,K,2,3,K,9,8,F,2,0,T,CHEV,2KH,CW,8,17,,2,1670,1530,SIL,G,,0,0,000000000,00000000000,0,0,0,1,0,0,0,0,0,0,0,55,0,0,0,12,12,2,1,8,0,0,0,1,29,64454,6,1,6,0,3,3,72,245,0,0,0,0,0,0,0,0,0,0,36,0,0,0,1,2,55,1,6,2,1,0,0,1,80,1,1,2,13,0,0
29,290548,1,1,1,21,9,19,40,53,0,1,0,29,1,37,32,37032,2,1990,1HGCB7169LA0,1,H,G,C,B,7,1,6,9,L,A,0,0,P,HOND,AER,CP,90,17,2888,,0,1071,,G,,0,0,000000000,00000000000,0,0,0,1,0,0,0,0,0,0,0,55,0,1,5,12,0,6,2,1,0,0,0,1,29,65737,3,1,0,0,2,0,67,140,0,0,0,0,0,0,0,0,0,0,0,0,0,0,1,2,35,1,1,2,1,0,0,1,13,9,1,4,1,1,1
29,290549,1,1,2,21,9,20,8,8,0,1,0,29,1,12,481,12481,31,1999,1FTRX07W8XKB,1,F,T,R,X,0,7,W,8,X,K,B,0,T,FORD,F15,4C,99,17,,2,0,1385,COF,G,,0,0,000000000,00000000000,0,0,0,1,0,0,0,0,0,0,0,998,0,0,0,12,12,2,3,8,0,0,0,1,29,63401,6,1,0,0,3,0,71,155,1,0,0,0,2,10,2008,11,2008,0,0,0,0,0,1,2,30,1,2,1,2,0,0,1,80,1,1,1,13,0,0
29,290550,1,1,6,21,9,21,43,59,0,1,0,6,2,20,421,20421,15,1999,1GNEK13R1XJ3,1,G,N,E,K,1,3,R,1,X,J,3,0,P,CHEV,KTA,UT,99,17,5268,,0,1175,,G,,0,0,000000000,00000000000,0,0,0,1,0,0,0,0,0,0,0,75,0,1,3,7,0,6,2,1,0,0,0,1,29,65013,0,0,0,0,0,0,73,120,1,0,0,0,0,8,2010,8,2010,0,58,80,0,0,3,2,70,1,5,2,1,0,0,1,1,1,3,4,2,1,0
29,290551,1,2,1,20,5,5,40,12,2,1,0,29,1,20,481,20481,31,2000,1GCEC14V3YE4,1,G,C,E,C,1,4,V,3,Y,E,4,0,T,CHEV,SC1,PK,0,17,,2,1330,1190,SIL,G,,0,0,000000000,00000000000,0,0,0,1,0,0,0,0,0,0,0,998,0,0,0,12,12,6,2,12,0,0,0,1,29,63637,6,1,0,0,3,3,71,190,3,0,0,0,0,4,2009,12,2009,0,0,0,0,0,5,2,45,1,1,2,2,0,0,1,10,1,1,2,50,1,1
29,290551,2,2,1,20,5,5,40,12,2,1,0,29,3,12,881,12881,63,1994,1FDYR90U7RVA,1,F,D,Y,R,9,0,U,7,R,V,A,0,T,FORD,N9M,CC,94,17,,8,2580,1380,CON,D,,0,88,888888888,88888888888,3,1,1,1,0,0,0,0,0,0,0,0,0,0,0,12,12,2,1,12,0,0,0,1,29,63664,6,1,6,0,3,0,69,185,0,0,0,0,0,0,0,0,0,0,0,0,0,0,5,2,45,1,1,2,2,0,0,5,63,1,1,1,51,0,0
29,290552,1,1,1,1,7,12,10,33,0,1,0,29,1,23,422,23422,15,2007,1GKFK66897J2,1,G,K,F,K,6,6,8,9,7,J,2,0,T,GMC,DXL,LL,7,17,,2,0,1300,YUK,G,,0,0,000000000,00000000000,0,0,0,1,0,0,0,0,0,0,0,40,0,0,0,14,12,6,2,19,0,0,0,1,29,63038,6,1,0,0,3,0,72,240,0,0,0,0,0,0,0,0,0,0,0,0,0,0,1,2,15,2,1,2,1,0,0,14,12,1,1,4,6,1,0
29,290553,1,1,1,30,7,16,49,30,0,1,0,29,1,12,17,12017,4,1995,1FALP52UXSA1,1,F,A,L,P,5,2,U,X,S,A,1,0,P,FORD,TGS,4D,95,17,3118,,0,1060,,G,,0,0,000000000,00000000000,0,0,0,1,0,0,0,0,0,0,0,998,0,0,0,12,12,6,2,30,0,0,0,1,29,63957,6,1,0,0,3,3,68,210,0,0,0,0,0,0,0,0,0,0,0,0,0,0,1,2,30,1,1,2,1,0,0,1,13,1,1,4,1,1,0
29,290554,1,1,5,20,8,17,30,5,0,1,0,29,1,20,401,20401,14,2002,1GNCS18WX2K1,1,G,N,C,S,1,8,W,X,2,K,1,1,P,CHEV,BZR,UT,2,17,3603,,0,1005,,G,,1,0,000000000,00000000000,0,0,0,1,0,0,0,0,0,0,0,70,0,0,0,0,0,0,1,5,0,0,0,1,29,64836,6,1,0,0,3,3,71,275,1,0,0,0,0,9,2009,9,2009,0,0,0,0,0,2,2,70,3,5,2,1,0,0,14,98,1,1,1,0,1,0
29,290555,1,1,1,27,8,17,50,43,0,1,0,29,1,12,402,12402,14,2008,1FMCU02Z88KA,1,F,M,C,U,0,2,Z,8,8,K,A,0,P,FORD,SPE,UT,8,17,3272,,0,1031,,G,,0,0,000000000,00000000000,0,0,0,1,0,0,0,0,0,0,0,998,0,0,0,14,12,6,2,43,0,0,0,1,29,63640,6,1,0,0,3,3,63,100,0,0,0,0,0,0,0,0,0,0,0,0,0,0,2,2,60,1,1,2,1,0,0,1,13,1,1,4,1,1,1
29,290556,1,1,1,19,9,13,20,8,0,1,1,99,9,99,999,99999,99,9999,999999999999,9,9,9,9,9,9,9,9,9,9,9,9,9,U,,,,9,17,,,,,,,,0,99,999999999,99999999999,9,99,99,1,0,0,0,0,0,0,0,998,9,0,0,98,98,9,9,8,0,0,0,1,99,99999,9,9,99,9,9,9,999,999,99,99,99,99,99,99,9999,99,9999,9,99,99,99,99,1,2,25,1,2,2,1,0,0,1,80,99,9,9,13,0,0
29,290557,1,1,1,19,9,18,29,1,0,1,0,29,1,2,404,2404,14,2004,1J4GW58N64C1,1,J,4,G,W,5,8,N,6,4,C,1,0,T,JEEP,LMT,4W,4,17,,1,0,1059,GCK,G,,0,0,000000000,00000000000,0,0,0,1,0,0,0,0,0,0,0,998,0,2,5,0,0,6,2,1,0,0,0,1,29,64070,3,1,0,0,2,0,67,160,0,0,0,1,0,11,2009,11,2009,1,0,0,0,0,1,2,45,2,2,2,1,0,0,14,6,1,1,4,1,1,0
29,290558,1,2,1,22,9,13,1,12,6,1,0,29,2,20,20,20020,4,1996,2G1WL52M1T11,2,G,1,W,L,5,2,M,1,T,1,1,0,P,CHEV,LUM,4D,96,17,3330,,0,1075,,G,,0,0,000000000,00000000000,0,0,0,1,0,0,0,0,0,0,0,60,0,0,0,3,3,6,2,12,0,0,0,1,29,65084,6,2,0,0,3,3,67,135,0,0,0,0,0,0,0,0,0,1,28,58,0,0,1,2,60,3,6,2,2,0,0,14,6,8,4,6,64,1,0
29,290558,2,2,2,22,9,13,1,12,6,1,0,29,1,22,32,22032,6,2007,5Y2SL65827Z4,5,Y,2,S,L,6,5,8,2,7,Z,4,0,P,PONT,VIB,4H,7,17,2700,,0,1024,,G,,0,0,000000000,00000000000,0,0,0,1,0,0,0,0,0,0,0,60,0,0,0,12,12,6,2,12,0,0,0,1,29,65084,6,1,0,0,3,0,64,150,0,0,0,0,0,0,0,0,0,0,0,0,0,0,1,2,60,2,5,2,2,0,0,14,62,1,1,1,65,1,0
29,290559,1,2,1,23,9,10,27,12,6,1,0,29,1,2,404,2404,14,1992,1J4FJ58S7NL2,1,J,4,F,J,5,8,S,7,N,L,2,0,T,JEEP,LAR,4W,92,17,,1,0,1014,CHK,G,,0,0,000000000,00000000000,0,0,0,1,0,0,0,0,0,0,0,998,0,0,0,12,12,6,2,12,0,0,0,1,29,64505,6,1,0,0,3,0,64,135,0,0,0,0,0,0,0,0,0,0,0,0,0,0,1,2,35,1,1,2,1,3,3,1,67,1,1,1,69,0,0
29,290559,2,2,2,23,9,10,27,12,6,1,0,29,1,18,2,18002,4,1997,1G4HP52K6VH5,1,G,4,H,P,5,2,K,6,V,H,5,0,P,BUIC,LCF,4D,97,17,3446,,0,1108,,G,,0,0,000000000,00000000000,0,0,0,1,0,0,0,0,0,0,0,998,0,0,0,3,3,6,2,12,0,0,0,1,29,64494,6,1,0,0,3,3,68,240,0,0,0,0,0,0,0,0,0,0,38,0,0,0,1,2,35,1,1,2,1,3,3,11,15,1,1,1,68,1,0
29,290560,1,1,1,23,9,11,11,30,0,1,0,29,1,20,37,20037,4,2009,1G1ZJ57759F1,1,G,1,Z,J,5,7,7,5,9,F,1,0,P,CHEV,ML2,4D,9,17,3436,,0,1123,,G,,0,0,000000000,00000000000,0,0,0,1,0,0,0,0,0,0,0,998,0,0,0,12,12,6,2,30,0,0,0,1,29,63034,6,1,0,0,3,3,70,190,0,0,0,1,0,9,2010,9,2010,0,0,0,0,0,5,4,45,1,1,2,1,0,0,1,12,1,1,4,6,1,0
29,290561,1,1,3,24,9,10,0,38,0,1,0,29,1,22,20,22020,4,1995,1G2WJ52MXSF3,1,G,2,W,J,5,2,M,X,S,F,3,0,P,PONT,GFS,4D,95,17,3370,,0,1075,,G,,0,0,000000000,00000000000,0,0,0,1,0,0,0,0,0,0,0,55,0,0,0,12,12,6,2,42,0,0,0,1,29,63650,6,1,0,0,3,0,68,248,0,1,0,1,0,4,2008,9,2010,1,0,0,0,0,1,2,55,2,5,2,2,0,0,14,12,1,1,4,6,1,0
29,290562,1,1,1,24,9,15,18,1,0,1,0,29,1,72,706,72706,80,2005,1HD1PKE165Y9,1,H,D,1,P,K,E,1,6,5,Y,9,0,M,HD,CS2,RS,5,17,,,,,,,1450,0,0,000000000,00000000000,0,0,0,1,0,0,0,0,0,0,0,70,0,0,0,0,0,6,2,1,0,0,0,1,29,63077,6,1,0,0,3,0,68,185,0,0,0,0,0,0,0,0,0,1,0,0,0,0,1,2,55,3,6,2,1,0,0,14,13,1,1,6,98,1,0
29,290563,1,3,1,24,9,19,42,12,1,1,0,29,3,14,6,14006,4,2001,2MEFM75W11X7,2,M,E,F,M,7,5,W,1,1,X,7,0,P,MERC,MGL,4D,1,17,3948,,0,1147,,G,,0,0,000000000,00000000000,0,0,0,1,0,0,0,0,0,0,0,0,0,0,0,6,6,6,2,12,0,0,0,1,29,64157,6,1,0,0,3,0,72,210,0,0,0,0,0,0,0,0,0,0,0,0,0,0,2,2,60,1,6,2,1,98,3,5,53,1,1,1,21,0,0
29,290563,2,3,1,24,9,19,42,12,1,1,0,19,1,7,20,7020,4,2002,1B3ES56CX2D6,1,B,3,E,S,5,6,C,X,2,D,6,0,P,DODG,ESN,4D,2,17,2662,,0,1050,,G,,0,0,000000000,00000000000,0,0,0,1,0,0,0,0,0,0,0,50,0,0,0,12,12,6,2,12,0,0,0,1,19,50014,6,1,0,0,3,3,73,245,0,0,0,0,0,0,0,0,0,0,26,0,0,0,2,2,60,1,6,2,1,98,3,1,50,9,1,1,20,1,0
29,290563,3,3,1,24,9,19,42,12,1,1,0,29,1,20,2,20002,4,2008,2G1WC5838812,2,G,1,W,C,5,8,3,8,8,1,2,0,P,CHEV,IMT,4D,8,17,3649,,0,1105,,F,,0,0,000000000,00000000000,0,0,0,1,0,0,0,0,0,0,0,60,0,0,0,12,12,6,2,12,0,0,0,1,29,64424,6,1,0,0,3,3,69,150,0,0,0,0,0,0,0,0,0,0,26,0,0,0,2,2,60,1,6,2,1,98,3,1,98,1,1,1,98,0,0
29,290564,1,1,1,24,9,23,45,1,0,1,0,29,2,20,471,20471,30,1991,1GCDT14Z9M82,1,G,C,D,T,1,4,Z,9,M,8,2,0,T,CHEV,S14,PK,91,17,,1,1179,1083,S,G,,0,0,000000000,00000000000,0,0,0,1,0,0,0,0,0,0,0,65,0,1,5,0,0,6,2,1,0,0,0,1,29,63937,6,1,0,0,3,0,68,130,0,0,0,0,0,0,0,0,0,0,58,0,0,0,2,2,65,1,5,1,1,0,0,1,12,1,3,4,2,1,0
29,290565,1,1,1,25,9,16,20,1,0,1,0,29,1,98,739,98739,90,2009,4UF09ATV19T2,4,U,F,0,9,A,T,V,1,9,T,2,0,U,,,,9,17,,,,,,,,0,0,000000000,00000000000,0,0,0,1,0,0,0,0,0,0,0,30,0,2,5,0,0,6,2,1,0,0,0,1,29,65633,6,1,0,0,3,0,69,180,0,0,0,0,0,0,0,0,0,1,0,0,0,0,1,2,55,1,1,2,1,0,0,1,13,3,1,4,1,1,0
29,290566,1,1,1,26,9,12,20,35,0,1,0,29,1,23,441,23441,20,1999,1GDEL19W6XB5,1,G,D,E,L,1,9,W,6,X,B,5,0,T,GMC,SXT,IE,99,17,,2,0,1112,SAF,G,,0,0,000000000,00000000000,0,0,0,1,0,0,0,0,0,0,0,60,0,0,0,12,12,6,2,35,0,0,0,1,29,63051,6,1,0,0,3,3,67,205,0,0,0,0,0,0,0,0,0,0,0,0,0,0,2,2,65,1,2,2,1,0,0,1,13,1,1,4,1,1,0
29,290567,1,2,3,26,9,14,57,12,2,1,0,29,1,20,481,20481,31,2000,2GCEK19T4Y11,2,G,C,E,K,1,9,T,4,Y,1,1,0,T,CHEV,SK1,PC,0,17,,2,1575,1435,SIL,G,,0,0,000000000,00000000000,0,0,0,1,0,0,0,0,0,0,0,998,0,0,0,12,12,6,2,12,0,0,0,1,29,66204,6,1,0,0,3,3,69,175,1,1,0,0,2,10,2007,6,2008,0,38,0,0,0,1,4,35,1,5,2,1,0,0,1,10,1,1,2,50,0,0
29,290567,2,2,5,26,9,14,57,12,2,1,0,29,1,63,441,63441,20,2005,KNDUP1324567,K,N,D,U,P,1,3,2,4,5,6,7,0,P,KIA,SED,SV,5,17,4802,,0,1145,,G,,0,0,000000000,00000000000,0,0,0,1,0,0,0,0,0,0,0,998,0,0,0,12,12,6,2,12,0,0,0,1,29,64801,6,1,0,0,3,3,65,170,0,0,0,0,0,0,0,0,0,0,0,0,0,0,1,4,35,1,6,2,1,0,0,1,62,7,1,1,51,2,0
29,290568,1,1,1,26,9,15,5,8,0,1,0,29,1,7,482,7482,31,1997,3B7KF23D8VG8,3,B,7,K,F,2,3,D,8,V,G,8,0,T,DODG,250,PC,97,17,,2,1547,1387,RPC,D,,0,0,000000000,00000000000,0,0,0,1,0,0,0,0,0,0,0,998,0,0,0,12,12,0,3,8,0,0,0,1,29,63080,6,1,6,0,3,0,67,205,1,0,0,0,0,1,2010,1,2010,0,0,0,0,0,1,2,30,1,6,2,1,0,0,1,80,1,1,1,13,0,0