STATE,ST_CASE,VEH_NO,VE_FORMS,NUMOCCS,DAY,MONTH,HOUR,MINUTE,HARM_EV,MAN_COLL,UNITTYPE,HIT_RUN,REG_STAT,OWNER,MAKE,MODEL,MAK_MOD,BODY_TYP,MOD_YEAR,VIN,VIN_1,VIN_2,VIN_3,VIN_4,VIN_5,VIN_6,VIN_7,VIN_8,VIN_9,VIN_10,VIN_11,VIN_12,TOW_VEH,VINTYPE,VINMAKE,VINA_MOD,VIN_BT,VINMODYR,VIN_LNGT,VIN_WGT,WGTCD_TR,WHLBS_LG,WHLBS_SH,SER_TR,FUELCODE,MCYCL_DS,J_KNIFE,MCARR_I1,MCARR_I2,MCARR_ID,GVWR,V_CONFIG,CARGO_BT,HAZ_INV,HAZ_PLAC,HAZ_ID,HAZ_CNO,HAZ_REL,BUS_USE,SPEC_USE,EMER_USE,TRAV_SP,UNDERIDE,ROLLOVER,ROLINLOC,IMPACT1,IMPACT2,DEFORMED,TOWED,M_HARM,VEH_SC1,VEH_SC2,FIRE_EXP,DR_PRES,L_STATE,DR_ZIP,L_STATUS,L_TYPE,CDL_STAT,L_ENDORS,L_COMPL,L_RESTRI,DR_HGT,DR_WGT,PREV_ACC,PREV_SUS,PREV_DWI,PREV_SPD,PREV_OTH,FIRST_MO,FIRST_YR,LAST_MO,LAST_YR,SPEEDREL,DR_SF1,DR_SF2,DR_SF3,DR_SF4,VTRAFWAY,VNUM_LAN,VSPD_LIM,VALIGN,VPROFILE,VPAVETYP,VSURCOND,VTRAFCON,VTCONT_F,P_CRASH1,P_CRASH2,P_CRASH3,PCRASH4,PCRASH5,ACC_TYPE,DEATHS,DR_DRINK
29,290569,1,1,1,26,9,16,39,38,0,1,0,29,3,20,481,20481,31,2005,2GCEK13T6512,2,G,C,E,K,1,3,T,6,5,1,2,0,T,CHEV,SK1,CW,5,17,,2,0,1435,SIL,G,,0,0,000000000,00000000000,0,0,0,1,0,0,0,0,0,0,0,998,0,0,0,12,12,6,2,42,0,0,0,1,29,63755,6,1,0,0,3,0,75,190,0,0,0,0,0,0,0,0,0,0,0,0,0,0,1,2,55,1,1,2,1,0,0,1,12,1,1,4,6,1,0
29,290570,1,3,3,27,9,14,47,12,6,1,0,29,1,20,16,20016,4,1999,1G1JC5242X71,1,G,1,J,C,5,2,4,2,X,7,1,0,P,CHEV,CAV,4D,99,17,2676,,0,1041,,G,,0,0,000000000,00000000000,0,0,0,1,0,0,0,0,0,0,0,998,0,0,0,3,3,6,2,12,0,0,0,1,29,64132,6,1,0,0,3,0,60,134,0,0,0,0,0,0,0,0,0,0,39,0,0,0,1,4,35,1,2,2,1,3,3,1,17,1,1,1,87,0,0
29,290570,2,3,1,27,9,14,47,12,6,1,0,92,0,12,481,12481,31,2001,1FTRX18L71NB,1,F,T,R,X,1,8,L,7,1,N,B,0,T,FORD,F15,4C,1,17,,2,1574,1388,COF,G,,0,0,000000000,00000000000,0,0,0,1,0,0,0,0,0,0,0,998,0,0,0,12,12,6,2,12,0,0,0,1,29,64128,6,1,0,0,3,0,76,405,0,0,0,0,0,0,0,0,0,0,0,0,0,0,1,4,35,1,2,2,1,3,3,1,66,7,1,1,86,1,0
29,290570,3,3,1,27,9,14,47,12,6,1,0,29,1,72,706,72706,80,2009,1HD1GM4129K3,1,H,D,1,G,M,4,1,2,9,K,3,0,M,HD,FXD,RS,9,17,,,,,,,1584,0,0,000000000,00000000000,0,0,0,1,0,0,0,0,0,0,0,0,0,0,0,12,12,6,2,12,0,0,0,1,29,64015,6,1,0,0,3,0,69,210,0,0,0,0,0,0,0,0,0,0,0,0,0,0,1,4,35,1,2,2,1,3,3,5,54,98,1,1,98,0,0
29,290571,1,2,1,27,9,18,20,12,6,1,0,29,1,12,17,12017,4,1994,1FALP5242RG1,1,F,A,L,P,5,2,4,2,R,G,1,0,P,FORD,TAG,4D,94,17,3104,,0,1060,,G,,0,0,000000000,00000000000,0,0,0,1,0,0,0,0,0,0,0,55,0,0,0,12,12,6,2,12,0,0,0,1,29,64735,6,1,0,0,3,0,68,145,0,0,0,0,0,0,0,0,0,0,0,0,0,0,1,2,55,1,2,2,1,0,0,1,66,1,1,1,88,0,0
29,290571,2,2,5,27,9,18,20,12,6,1,0,29,1,23,431,23431,16,2000,3GKFK16TXYG1,3,G,K,F,K,1,6,T,X,Y,G,1,0,T,GMC,KX1,4W,0,17,,2,0,1300,YUK,G,,0,0,000000000,00000000000,0,0,0,1,0,0,0,0,0,0,0,45,0,1,5,9,0,6,2,1,0,0,0,1,29,65668,6,2,0,0,3,0,64,203,0,0,0,0,0,0,0,0,0,1,38,39,0,0,1,2,55,1,2,2,1,20,3,1,17,1,1,1,89,1,0
29,290572,1,1,1,27,9,19,56,8,0,1,0,29,1,12,481,12481,31,1992,1FTDF15N3NPB,1,F,T,D,F,1,5,N,3,N,P,B,0,T,FORD,F15,PK,92,17,,1,1330,1170,COF,G,,0,0,000000000,00000000000,0,0,0,1,0,0,0,0,0,0,0,998,0,0,0,12,12,2,3,8,0,0,0,1,29,65262,6,1,0,0,3,0,70,180,0,1,0,0,0,10,2007,10,2007,0,0,0,0,0,3,2,65,1,1,2,1,0,0,1,80,1,1,1,13,0,0
29,290573,1,1,3,27,9,21,0,35,0,1,0,29,2,22,20,22020,4,2004,2G2WR5244412,2,G,2,W,R,5,2,4,4,4,1,2,0,P,PONT,GTP,4D,4,17,3583,,0,1105,,G,,0,0,000000000,00000000000,0,0,0,1,0,0,0,0,0,0,0,71,0,0,0,12,0,6,2,2,0,0,1,1,29,65672,6,1,0,0,3,0,67,160,0,0,0,0,0,0,0,0,0,1,91,0,0,0,3,2,45,1,5,2,1,20,3,1,14,8,1,4,14,2,1
29,290574,1,1,2,28,9,6,30,35,0,1,0,29,1,12,481,12481,31,1999,1FTNX21F3XEE,1,F,T,N,X,2,1,F,3,X,E,E,0,T,FORD,F2S,4C,99,17,,2,1580,1418,SRW,D,,0,0,000000000,00000000000,0,0,0,1,0,0,0,0,0,0,0,75,0,1,5,14,0,6,2,1,0,0,0,1,29,65692,6,1,6,0,3,0,71,275,1,0,0,0,0,1,2010,1,2010,1,0,0,0,0,1,2,55,3,6,2,1,0,0,14,12,8,4,4,7,1,0
29,290575,1,1,2,30,9,21,2,35,0,1,0,29,1,72,706,72706,80,2007,1HD1KB4117Y6,1,H,D,1,K,B,4,1,1,7,Y,6,0,M,HD,FHX,RS,7,17,,,,,,,1584,0,0,000000000,00000000000,0,0,0,1,0,0,0,0,0,0,0,59,0,0,0,12,12,6,2,35,0,0,0,1,29,63366,6,1,0,0,3,0,79,260,0,1,1,0,0,9,2008,10,2008,1,0,0,0,0,1,2,45,2,1,2,1,0,0,14,12,1,1,4,6,2,1
29,290576,1,1,1,29,6,15,49,35,0,1,0,27,1,72,706,72706,80,2000,1HD1BMY17YY0,1,H,D,1,B,M,Y,1,7,Y,Y,0,0,M,HD,FLF,RS,0,17,,,,,,,1450,0,0,000000000,00000000000,0,0,0,1,0,0,0,0,0,0,0,45,0,0,0,14,14,6,2,1,0,0,0,1,27,56039,6,1,6,3,3,0,70,205,0,0,0,1,0,6,2007,6,2007,1,0,0,0,0,1,2,55,3,6,2,2,0,0,14,13,1,1,4,1,1,0
29,290577,1,1,1,16,7,16,0,41,0,1,0,29,1,20,2,20002,4,2008,2G1WC5832812,2,G,1,W,C,5,8,3,2,8,1,2,0,P,CHEV,IMT,4D,8,17,3649,,0,1105,,F,,0,0,000000000,00000000000,0,0,0,1,0,0,0,0,0,0,0,55,0,0,0,12,12,2,3,42,0,0,0,1,29,64012,6,1,0,0,3,0,69,225,0,0,0,0,0,0,0,0,0,0,0,0,0,0,1,2,55,1,1,2,1,0,0,1,12,1,1,4,6,1,0
29,290579,1,1,1,1,10,2,45,24,0,1,0,29,1,35,43,35043,4,2005,3N1CB51D55L5,3,N,1,C,B,5,1,D,5,5,L,5,0,P,NISS,S18,4D,5,17,2387,,0,998,,G,,0,0,000000000,00000000000,0,0,0,1,0,0,0,0,0,0,0,998,0,0,0,12,12,4,3,24,0,0,0,1,29,63118,6,1,0,0,3,3,72,200,0,0,0,0,0,0,0,0,0,1,0,0,0,0,1,2,25,1,1,1,1,0,0,1,12,1,1,4,6,1,1
29,290580,1,1,3,1,10,7,47,14,0,1,0,29,1,18,7,18007,4,2000,2G4WS52J3Y11,2,G,4,W,S,5,2,J,3,Y,1,1,0,P,BUIC,CCU,4D,0,17,3368,,0,1090,,G,,0,0,000000000,00000000000,0,0,0,1,0,0,0,0,0,0,0,998,6,0,0,12,12,6,2,14,0,0,0,1,29,64127,1,1,0,0,2,0,67,210,0,1,0,0,0,3,2010,3,2010,1,0,0,0,0,1,2,35,1,2,1,1,0,0,1,13,1,1,4,11,1,0
29,290581,1,1,2,1,10,8,10,1,0,1,0,56,1,82,850,82850,65,2003,4UZAAHAK83CM,4,U,Z,A,A,H,A,K,8,3,C,M,1,T,FRHT,XMH,IC,3,17,,7,0,0,CHA,D,,1,0,000000000,00000000000,0,0,0,1,0,0,0,0,0,0,0,60,0,2,1,0,61,6,2,1,0,0,0,1,56,82240,6,1,6,0,3,3,72,270,0,0,0,0,0,0,0,0,0,0,0,0,0,0,2,2,65,1,6,2,1,0,0,1,13,1,1,6,98,1,0
29,290582,1,1,1,1,10,17,53,8,0,1,0,29,1,12,481,12481,31,2001,1FTNW21L61EA,1,F,T,N,W,2,1,L,6,1,E,A,0,T,FORD,F2S,CW,1,17,,2,1724,1562,SRW,G,,0,0,000000000,00000000000,0,0,0,1,0,0,0,0,0,0,0,5,0,0,0,14,14,0,1,8,0,0,0,1,29,63755,6,1,0,0,3,0,65,160,0,0,0,0,0,0,0,0,0,0,0,0,0,0,1,2,98,1,1,1,1,0,0,11,80,1,1,1,13,0,0
29,290583,1,1,2,1,10,22,38,34,0,1,0,29,1,49,482,49482,31,2000,5TBRT3410YS0,5,T,B,R,T,3,4,1,0,Y,S,0,0,T,TOYT,TRS,4C,0,17,,2,0,1283,TUN,G,,0,0,000000000,00000000000,0,0,0,1,0,0,0,0,0,0,0,75,0,1,3,12,81,6,2,34,0,0,0,1,29,65324,6,1,0,0,3,3,74,165,1,0,0,0,0,1,2010,1,2010,0,0,0,0,0,2,2,70,1,1,2,1,0,0,17,90,6,1,4,6,1,0
29,290584,1,2,1,2,10,0,20,12,1,1,0,29,2,23,481,23481,31,1998,1GTEC14M9WZ5,1,G,T,E,C,1,4,M,9,W,Z,5,0,T,GMC,SC1,PK,98,17,,2,1315,1175,SIE,G,,0,0,000000000,00000000000,0,0,0,1,0,0,0,0,0,0,0,998,0,1,2,12,61,6,2,12,0,0,0,1,29,64057,2,1,0,0,2,0,66,145,0,1,0,0,0,4,2010,4,2010,1,27,0,0,0,2,2,55,1,1,2,1,1,3,15,51,7,1,2,38,1,1
29,290584,2,2,1,2,10,0,20,12,1,1,0,29,1,35,472,35472,30,2010,1N6AD0CWXAC4,1,N,6,A,D,0,C,W,X,A,C,4,0,T,NISS,KEN,4C,10,17,,1,0,0,FRT,G,,0,0,000000000,00000000000,0,0,0,1,0,0,0,0,0,0,0,998,0,0,0,6,6,6,2,12,0,0,0,1,29,64014,6,1,0,0,3,0,68,160,0,0,0,0,0,0,0,0,0,0,0,0,0,0,2,2,55,1,1,2,1,1,3,1,61,1,1,1,39,0,0
29,290585,1,1,1,2,10,5,10,53,0,1,0,29,1,20,481,20481,31,2001,1GCHC29U71E3,1,G,C,H,C,2,9,U,7,1,E,3,0,T,CHEV,2CH,4C,1,17,,2,1575,1435,SIL,G,,0,0,000000000,00000000000,0,0,0,1,0,0,0,0,0,0,0,60,0,0,0,12,12,6,2,42,0,0,0,1,29,65565,6,1,0,0,3,0,71,180,0,0,0,0,0,0,0,0,0,1,0,0,0,0,1,2,25,3,1,2,1,0,0,14,13,1,1,4,1,1,1
29,290586,1,1,1,2,10,22,30,9,0,1,0,29,1,20,2,20002,4,2001,2G1WF55E2192,2,G,1,W,F,5,5,E,2,1,9,2,0,P,CHEV,IMP,4D,1,17,3389,,0,1105,,G,,0,0,000000000,00000000000,0,0,0,1,0,0,0,0,0,0,0,35,0,0,0,12,12,6,2,9,0,0,0,1,29,63118,3,2,0,0,2,0,72,170,1,0,0,3,0,1,2008,4,2010,0,0,0,0,0,1,4,35,1,1,2,1,0,0,1,83,9,1,1,13,0,1
29,290587,1,1,1,3,10,2,0,1,0,1,0,92,0,98,998,98998,97,9999,000000000000,0,0,0,0,0,0,0,0,0,0,0,0,0,U,,,,,17,,,,,,,,0,0,000000000,00000000000,0,0,0,1,0,0,0,0,0,0,0,40,0,2,5,0,13,2,1,42,0,0,0,1,29,65656,6,1,0,0,1,0,70,160,0,0,0,0,0,0,0,0,0,1,0,0,0,0,1,2,20,3,1,2,1,0,0,14,12,1,1,4,6,1,1
29,290588,1,1,1,4,10,11,37,42,0,1,0,29,2,12,17,12017,4,1992,1FACP52U4NG1,1,F,A,C,P,5,2,U,4,N,G,1,0,P,FORD,TAG,4D,92,17,3117,,0,1060,,G,,0,0,000000000,00000000000,0,0,0,1,0,0,0,0,0,0,0,74,0,0,0,9,9,6,2,42,0,0,0,1,29,64137,6,1,0,0,3,3,71,150,0,0,0,0,0,0,0,0,0,1,0,0,0,0,1,2,45,2,1,2,1,0,0,14,6,1,3,4,7,1,1
29,290589,1,1,2,4,10,15,50,9,0,1,0,29,2,12,481,12481,31,1977,F25JKY07115,F,2,5,J,K,Y,0,7,1,1,5,,0,P,,,,,,,,,,,,,0,0,000000000,00000000000,0,0,0,1,0,0,0,0,0,0,0,60,0,0,0,12,12,2,1,9,0,0,0,1,29,64801,6,1,0,0,3,3,67,215,0,0,0,0,1,8,2008,8,2008,0,92,0,0,0,2,2,60,1,6,1,1,0,0,1,83,8,1,1,13,0,0
29,290590,1,3,2,7,10,13,43,12,1,1,0,20,1,12,881,12881,62,1997,1FTYY92Y1VVA,1,F,T,Y,Y,9,2,Y,1,V,V,A,1,T,FORD,A95,CC,97,17,,8,2440,1360,COH,D,,3,77,777777777,77777777777,2,1,1,1,0,0,0,0,0,0,0,45,0,0,0,12,12,6,2,12,0,0,0,1,20,66547,6,1,0,0,3,0,74,375,0,0,0,0,0,0,0,0,0,0,26,0,0,0,1,2,45,1,2,2,1,1,3,1,50,3,2,1,20,0,0
29,290590,2,3,1,7,10,13,43,12,1,1,0,29,1,12,471,12471,30,1994,1FTCR15X3RPA,1,F,T,C,R,1,5,X,3,R,P,A,0,T,FORD,RNS,PS,94,17,,1,0,1250,RNG,G,,0,0,000000000,00000000000,0,0,0,1,0,0,0,0,0,0,0,0,0,0,0,6,6,2,3,12,0,0,0,1,29,64048,6,1,6,0,3,3,69,160,0,0,0,0,0,0,0,0,0,0,0,0,0,0,1,2,45,1,2,2,1,1,3,5,53,1,1,1,21,0,0
29,290590,3,3,2,7,10,13,43,12,1,1,0,29,2,6,441,6441,20,2007,2A4GP44R87R3,2,A,4,G,P,4,4,R,8,7,R,3,0,P,CHRY,TWC,SV,7,17,4163,,0,1193,,G,,0,0,000000000,00000000000,0,0,0,1,0,0,0,0,0,0,0,45,0,0,0,12,12,6,2,12,0,0,0,1,29,64060,6,1,0,0,3,3,63,230,3,0,0,0,0,12,2007,1,2009,0,0,0,0,0,1,2,45,1,2,2,1,1,3,1,62,1,1,1,98,1,0
29,290591,1,2,1,7,10,22,14,12,6,1,0,29,1,37,706,37706,80,1983,1HFSC0213DA3,1,H,F,S,C,0,2,1,3,D,A,3,0,M,HOND,G1I,RS,83,17,,,,,,,1100,0,0,000000000,00000000000,0,0,0,1,0,0,0,0,0,0,0,998,0,0,0,12,12,6,2,12,0,0,0,1,29,64155,6,1,6,0,3,0,71,200,0,0,0,0,0,0,0,0,0,0,0,0,0,0,1,2,55,1,2,2,1,0,0,6,61,1,1,1,73,1,0
29,290591,2,2,1,7,10,22,14,12,6,1,0,20,1,35,402,35402,14,2001,5N1ED28Y81C5,5,N,1,E,D,2,8,Y,8,1,C,5,0,P,NISS,XTR,UT,1,17,3811,,0,1043,,G,,0,0,000000000,00000000000,0,0,0,1,0,0,0,0,0,0,0,998,0,0,0,8,8,4,3,12,0,0,0,1,20,66210,6,1,0,0,3,3,66,175,0,0,0,0,0,0,0,0,0,0,0,0,0,0,1,2,55,1,2,2,1,0,0,11,15,1,1,1,72,0,0
29,290592,1,2,1,8,10,2,16,12,2,1,0,5,2,12,36,12036,3,1997,KNJLT05H9V62,K,N,J,L,T,0,5,H,9,V,6,2,0,P,FORD,ASP,2H,97,17,2056,,0,907,,G,,0,0,000000000,00000000000,0,0,0,1,0,0,0,0,0,0,0,998,1,0,0,12,12,6,2,12,0,0,0,1,29,65757,6,1,0,0,3,3,62,120,0,0,0,0,0,0,0,0,0,0,50,0,0,0,2,2,70,4,2,2,1,0,0,14,54,1,1,1,52,1,1
29,290592,2,2,2,8,10,2,16,12,2,1,0,93,3,87,881,87881,66,2007,1XP5DB9X67D6,1,X,P,5,D,B,9,X,6,7,D,6,1,T,PTRB,379,DS,7,17,,8,0,0,CON,D,,1,57,277356,57277356,3,6,1,1,0,0,0,0,0,0,0,65,7,1,3,12,12,6,2,12,0,0,0,1,6,92324,6,1,6,1,3,0,66,371,0,0,0,0,1,12,2008,12,2008,0,92,0,0,0,2,2,70,4,2,2,1,0,0,14,54,1,1,1,52,0,0
29,290593,1,2,3,8,10,15,15,12,6,1,0,29,1,22,22,22022,4,2009,1G2ZH57N7941,1,G,2,Z,H,5,7,N,7,9,4,1,0,P,PONT,GGT,4D,9,17,3457,,0,1123,,G,,0,0,000000000,00000000000,0,0,0,1,0,0,0,0,0,0,0,55,0,0,0,12,12,6,2,12,0,0,0,1,29,65667,6,1,0,0,3,0,64,140,0,0,0,0,0,0,0,0,0,0,0,0,0,0,1,2,55,3,5,2,1,0,0,14,62,9,1,4,65,0,0
29,290593,2,2,1,8,10,15,15,12,6,1,0,29,2,7,41,7041,4,1995,1B3HD56T7SF5,1,B,3,H,D,5,6,T,7,S,F,5,0,P,DODG,IES,4D,95,17,3397,,0,1130,,G,,0,0,000000000,00000000000,0,0,0,1,0,0,0,0,0,0,0,55,0,0,0,11,12,6,2,12,0,0,0,1,29,65793,6,1,0,0,3,0,75,200,0,0,0,0,0,0,0,0,0,0,0,0,0,0,1,2,55,2,6,2,1,0,0,6,62,8,1,4,64,1,0
29,290594,1,3,3,8,10,15,50,12,1,1,0,29,1,49,32,49032,4,2009,1NXBU40E49Z0,1,N,X,B,U,4,0,E,4,9,Z,0,0,P,TOYT,CBL,4D,9,17,2723,,0,1024,,G,,0,0,000000000,00000000000,0,0,0,1,0,0,0,0,0,0,0,60,0,0,0,6,6,6,2,12,0,0,0,1,29,63123,6,1,0,0,3,0,69,145,0,0,0,0,0,0,0,0,0,0,0,0,0,0,2,6,60,1,1,1,1,0,0,15,11,1,1,1,32,1,0
29,290594,2,3,1,8,10,15,50,12,1,1,0,29,2,20,481,20481,31,1996,2GCEK19R5T12,2,G,C,E,K,1,9,R,5,T,1,2,0,T,CHEV,GK1,PC,96,17,,2,1555,1415,GM4,G,,0,0,000000000,00000000000,0,0,0,1,0,0,0,0,0,0,0,60,0,0,0,12,12,6,2,12,0,0,0,1,29,63385,6,1,0,0,3,0,70,225,0,0,0,0,0,0,0,0,0,0,0,0,0,0,2,6,60,1,1,1,1,0,0,1,60,1,1,1,32,0,0
29,290594,3,3,1,8,10,15,50,12,1,1,0,29,1,20,431,20431,16,1998,3GNFK16R0WG1,3,G,N,F,K,1,6,R,0,W,G,1,0,P,CHEV,K15,UT,98,17,0,,0,1315,,G,,0,0,000000000,00000000000,0,0,0,1,0,0,0,0,0,0,0,50,0,0,0,6,6,4,3,12,0,0,0,1,29,63118,6,1,0,0,3,0,70,280,0,0,0,0,0,0,0,0,0,0,0,0,0,0,2,6,60,1,1,1,1,0,0,1,53,1,1,1,98,0,0
29,290595,1,2,1,8,10,18,30,12,2,1,0,29,1,20,481,20481,31,2000,2GCEK19T1Y14,2,G,C,E,K,1,9,T,1,Y,1,4,0,T,CHEV,SK1,PC,0,17,,2,1575,1435,SIL,G,,0,0,000000000,00000000000,0,0,0,1,0,0,0,0,0,0,0,16,0,0,0,12,12,6,2,12,0,0,0,1,29,64741,6,1,6,0,3,0,73,220,0,0,0,0,1,8,2008,8,2008,0,38,0,0,0,1,2,65,1,1,2,1,0,0,11,15,1,1,1,68,1,1
29,290595,2,2,1,8,10,18,30,12,2,1,0,29,2,82,881,82881,66,1986,1FUPYXYB3GH2,1,F,U,P,Y,X,Y,B,3,G,H,2,1,T,FRHT,FLC,DS,86,17,,8,0,0,CON,D,,1,57,1355664,571355664,3,6,4,1,0,0,0,0,0,0,0,63,0,1,5,12,12,6,2,1,0,0,0,1,29,64735,6,1,6,1,3,3,73,220,0,0,0,0,0,0,0,0,0,0,0,0,0,0,1,2,65,1,1,2,1,0,0,1,62,9,1,1,69,0,0
29,290596,1,2,1,8,10,18,47,12,6,1,0,29,1,37,706,37706,80,2000,JH2SC4418YM0,J,H,2,S,C,4,4,1,8,Y,M,0,0,M,HOND,CR9,RS,0,17,4419,,0,1160,,G,929,0,0,000000000,00000000000,0,0,0,1,0,0,0,0,0,0,0,60,0,0,0,12,12,6,2,12,0,0,0,1,29,65721,6,1,0,0,3,0,68,200,0,0,0,0,0,0,0,0,0,1,0,0,0,0,5,3,35,1,1,1,1,0,0,1,67,3,1,1,69,1,0
29,290596,2,2,1,8,10,18,47,12,6,1,0,92,0,20,421,20421,15,2000,1GNEC13TXYJ1,1,G,N,E,C,1,3,T,X,Y,J,1,0,P,CHEV,CTA,UT,0,17,4419,,0,1160,,G,,0,0,000000000,00000000000,0,0,0,1,0,0,0,0,0,0,0,998,0,0,0,11,11,4,3,12,0,0,0,1,29,65721,6,1,0,0,3,3,75,250,0,0,0,0,0,0,0,0,0,0,38,0,0,0,1,2,99,8,8,8,1,20,3,11,15,1,1,1,68,0,0
29,290597,1,1,1,8,10,22,30,43,0,1,0,29,1,7,41,7041,4,2004,2B3HD46R44H6,2,B,3,H,D,4,6,R,4,4,H,6,0,P,DODG,ISE,4D,4,17,3329,,0,1130,,G,,0,0,000000000,00000000000,0,0,0,1,0,0,0,0,0,0,0,998,0,0,0,98,9,6,2,42,0,0,0,1,29,64086,6,1,0,0,3,0,74,265,0,0,0,1,0,6,2009,6,2009,1,0,0,0,0,1,2,35,1,2,2,1,0,0,1,12,1,3,4,7,1,1
29,290598,1,1,1,8,10,23,15,35,0,1,0,29,1,72,706,72706,80,1987,1HD1ELL18HY1,1,H,D,1,E,L,L,1,8,H,Y,1,0,M,HD,FLR,RS,87,17,,,,,,,1340,0,0,000000000,00000000000,0,0,0,1,0,0,0,0,0,0,0,40,0,0,0,12,12,6,2,35,0,0,0,1,29,64118,6,1,0,0,3,0,72,150,1,0,0,0,0,10,2009,10,2009,1,0,0,0,0,1,2,25,2,2,2,1,0,0,14,13,1,1,4,1,1,1
29,290599,1,1,1,9,10,1,5,58,0,1,0,92,0,37,734,37734,90,2000,478TE2303Y40,4,7,8,T,E,2,3,0,3,Y,4,0,0,M,HOND,TRE,AT,0,17,,,,,,,397,0,0,000000000,00000000000,0,0,0,1,0,0,0,0,0,0,0,30,0,1,5,12,12,6,2,58,0,0,0,1,29,63901,6,1,0,0,3,0,67,180,0,0,0,0,0,0,0,0,0,1,39,0,0,0,1,2,30,1,1,2,1,20,3,1,13,1,1,4,1,1,1
29,290600,1,1,2,9,10,2,1,34,0,1,0,29,1,12,421,12421,15,1996,1FMEU15H7TLB,1,F,M,E,U,1,5,H,7,T,L,B,0,P,FORD,BRO,UT,96,17,4587,,0,1050,,G,,0,0,000000000,00000000000,0,0,0,1,0,0,0,0,0,0,0,998,0,0,0,12,12,6,2,42,0,0,0,1,29,65248,6,1,0,0,3,0,67,270,0,0,0,1,0,4,2008,4,2008,0,0,0,0,0,1,2,55,2,2,2,1,0,0,14,12,3,2,4,7,1,1
29,290601,1,2,3,13,8,22,40,12,6,1,0,93,3,92,981,92981,52,2001,15GCD2112111,1,5,G,C,D,2,1,1,2,1,1,1,0,U,,,,1,17,,,,,,,,0,88,888888888,88888888888,3,21,22,1,0,0,0,0,6,0,0,998,0,0,0,12,12,2,1,12,0,0,0,1,29,63052,6,1,6,0,3,3,73,295,0,0,0,0,0,0,0,0,0,0,0,0,0,0,5,4,35,1,1,2,1,0,0,1,64,4,2,1,48,0,0
29,290601,2,2,1,13,8,22,40,12,6,1,0,92,0,37,706,37706,80,1997,1HFSC3234VA2,1,H,F,S,C,3,2,3,4,V,A,2,0,M,HOND,VAC,RS,97,17,,,,,,,1099,0,0,000000000,00000000000,0,0,0,1,0,0,0,0,0,0,0,998,0,0,0,9,9,6,2,12,0,0,0,1,29,63072,2,1,5,0,2,3,68,175,0,4,0,0,0,9,2007,9,2009,0,30,0,0,0,5,4,35,1,1,2,1,0,0,8,98,1,1,2,48,1,1
29,290602,1,1,1,9,9,12,25,32,0,1,0,92,0,49,40,49040,4,2003,4T1BF30K63U5,4,T,1,B,F,3,0,K,6,3,U,5,0,P,TOYT,UXS,4D,3,17,3203,,0,1071,,G,,0,0,000000000,00000000000,0,0,0,1,0,0,0,0,0,0,0,45,0,1,5,12,0,6,2,1,0,0,0,1,29,63663,6,1,0,0,3,0,65,180,0,0,0,0,0,0,0,0,0,0,0,0,0,0,5,2,45,1,6,2,2,0,0,1,13,1,1,4,1,1,0
29,290603,1,1,1,9,10,18,0,33,0,1,0,29,1,72,709,72709,80,2001,SOS305121LL,S,O,S,3,0,5,1,2,1,L,L,,0,P,,,,,,,,,,,,,0,0,000000000,00000000000,0,0,0,1,0,0,0,0,0,0,0,998,0,0,0,12,12,6,2,33,0,0,0,1,29,63118,6,1,6,0,2,0,79,210,0,0,0,0,1,5,2008,5,2008,1,0,0,0,0,1,4,30,3,1,1,1,0,0,14,13,1,1,4,1,1,1
29,290604,1,1,1,9,10,21,20,42,0,1,0,92,0,98,739,98739,90,2004,4XACH59A24A0,4,X,A,C,H,5,9,A,2,4,A,0,0,M,POL,P60,AT,4,17,,,,,,,597,0,0,000000000,00000000000,0,0,0,1,0,0,0,0,0,0,0,30,0,0,0,11,12,6,2,42,0,0,0,1,40,74859,6,1,0,0,3,0,75,195,0,0,0,0,0,0,0,0,0,1,0,0,0,0,1,2,50,2,6,5,1,0,0,14,10,3,2,4,7,1,1
29,290605,1,1,6,10,10,8,19,32,0,1,0,26,1,14,401,14401,14,2003,4M2ZU86K53UJ,4,M,2,Z,U,8,6,K,5,3,U,J,0,P,MERC,MOU,UT,3,17,4170,,0,1138,,F,,0,0,000000000,00000000000,0,0,0,1,0,0,0,0,0,0,0,72,0,1,3,12,0,6,2,1,0,0,0,1,26,48840,6,1,0,0,3,0,69,250,0,0,0,0,0,0,0,0,0,0,0,0,0,0,2,2,70,1,1,1,1,0,0,1,12,7,2,4,7,3,0
29,290606,1,2,2,10,10,11,0,12,6,1,0,29,1,20,37,20037,4,2005,1G1ZT52865F2,1,G,1,Z,T,5,2,8,6,5,F,2,0,P,CHEV,M/L,4D,5,17,3297,,0,1063,,G,,0,0,000000000,00000000000,0,0,0,1,0,0,0,0,0,0,0,65,0,0,0,2,2,6,2,12,0,0,0,1,29,65804,6,1,0,0,3,3,65,120,0,0,0,1,0,4,2008,4,2008,0,28,0,0,0,1,2,60,1,2,1,1,0,0,17,54,8,2,2,66,2,0
29,290606,2,2,1,10,10,11,0,12,6,1,0,29,1,20,481,20481,31,2005,1GCHK232X5F8,1,G,C,H,K,2,3,2,X,5,F,8,0,T,CHEV,2KH,CW,5,17,,2,1670,1530,SIL,D,,0,0,000000000,00000000000,0,0,0,1,0,0,0,0,0,0,0,62,0,0,0,12,12,6,2,12,0,0,0,1,29,65809,6,1,0,0,3,3,71,195,0,0,0,0,0,0,0,0,0,0,0,0,0,0,1,2,60,1,2,1,1,0,0,1,62,9,1,1,66,0,0