STATE,ST_CASE,VEH_NO,VE_FORMS,NUMOCCS,DAY,MONTH,HOUR,MINUTE,HARM_EV,MAN_COLL,UNITTYPE,HIT_RUN,REG_STAT,OWNER,MAKE,MODEL,MAK_MOD,BODY_TYP,MOD_YEAR,VIN,VIN_1,VIN_2,VIN_3,VIN_4,VIN_5,VIN_6,VIN_7,VIN_8,VIN_9,VIN_10,VIN_11,VIN_12,TOW_VEH,VINTYPE,VINMAKE,VINA_MOD,VIN_BT,VINMODYR,VIN_LNGT,VIN_WGT,WGTCD_TR,WHLBS_LG,WHLBS_SH,SER_TR,FUELCODE,MCYCL_DS,J_KNIFE,MCARR_I1,MCARR_I2,MCARR_ID,GVWR,V_CONFIG,CARGO_BT,HAZ_INV,HAZ_PLAC,HAZ_ID,HAZ_CNO,HAZ_REL,BUS_USE,SPEC_USE,EMER_USE,TRAV_SP,UNDERIDE,ROLLOVER,ROLINLOC,IMPACT1,IMPACT2,DEFORMED,TOWED,M_HARM,VEH_SC1,VEH_SC2,FIRE_EXP,DR_PRES,L_STATE,DR_ZIP,L_STATUS,L_TYPE,CDL_STAT,L_ENDORS,L_COMPL,L_RESTRI,DR_HGT,DR_WGT,PREV_ACC,PREV_SUS,PREV_DWI,PREV_SPD,PREV_OTH,FIRST_MO,FIRST_YR,LAST_MO,LAST_YR,SPEEDREL,DR_SF1,DR_SF2,DR_SF3,DR_SF4,VTRAFWAY,VNUM_LAN,VSPD_LIM,VALIGN,VPROFILE,VPAVETYP,VSURCOND,VTRAFCON,VTCONT_F,P_CRASH1,P_CRASH2,P_CRASH3,PCRASH4,PCRASH5,ACC_TYPE,DEATHS,DR_DRINK
29,290607,1,3,1,10,10,14,45,12,2,1,0,29,2,12,37,12037,4,2000,1FAFP3832YW2,1,F,A,F,P,3,8,3,2,Y,W,2,0,P,FORD,FZT,4D,0,17,2564,,0,1030,,G,,0,0,000000000,00000000000,0,0,0,1,0,0,0,0,0,0,0,998,0,0,0,12,12,6,2,12,0,0,0,1,29,63052,6,2,0,0,3,3,70,130,0,0,0,0,0,0,0,0,0,0,28,0,0,0,1,4,45,1,1,1,1,0,0,1,10,1,1,2,50,0,0
29,290607,2,3,1,10,10,14,45,12,2,1,0,29,1,72,706,72706,80,2002,1HD1GDV192K4,1,H,D,1,G,D,V,1,9,2,K,4,0,M,HD,FDL,RS,2,17,,,,,,,1450,0,0,000000000,00000000000,0,0,0,1,0,0,0,0,0,0,0,998,0,0,0,12,12,6,2,12,0,0,1,1,29,63111,6,1,0,0,3,3,68,200,0,0,0,0,0,0,0,0,0,0,0,0,0,0,1,4,45,1,1,1,1,0,0,1,62,99,1,1,51,1,0
29,290607,3,3,1,10,10,14,45,12,2,1,0,29,1,12,481,12481,31,2000,1FTZF1825YKA,1,F,T,Z,F,1,8,2,5,Y,K,A,0,T,FORD,F15,PK,0,17,,1,1388,1202,COF,G,,0,0,000000000,00000000000,0,0,0,1,0,0,0,0,0,0,0,998,0,0,0,12,12,6,2,12,0,0,0,1,29,63129,6,1,0,0,3,3,72,200,0,0,0,0,0,0,0,0,0,0,0,0,0,0,1,4,45,1,1,1,1,0,0,1,62,99,1,1,98,0,0
29,290608,1,1,2,10,10,15,30,34,0,1,0,29,2,20,481,20481,31,1991,1GCDC14Z0MZ1,1,G,C,D,C,1,4,Z,0,M,Z,1,0,T,CHEV,GC1,PK,91,17,,1,1315,1175,GM4,G,,0,0,000000000,00000000000,0,0,0,1,0,0,0,0,0,0,0,95,0,1,5,12,0,6,2,1,0,0,0,1,29,65771,2,2,0,0,2,2,69,150,2,5,2,0,0,12,2008,3,2010,1,33,73,0,0,1,2,50,3,6,2,1,0,0,6,6,1,2,4,2,1,1
29,290609,1,2,3,10,10,15,35,12,2,1,0,29,1,7,20,7020,2,1998,1B3ES42Y3WD6,1,B,3,E,S,4,2,Y,3,W,D,6,0,P,DODG,HSR,2P,98,17,2469,,0,1040,,G,,0,0,000000000,00000000000,0,0,0,1,0,0,0,0,0,0,0,55,0,0,0,12,12,6,2,12,0,0,0,1,29,63049,6,1,0,0,3,3,64,120,0,0,0,0,0,0,0,0,0,0,28,0,0,0,1,2,55,1,6,2,1,0,0,17,10,6,1,2,50,1,0
29,290609,2,2,2,10,10,15,35,12,2,1,0,29,2,23,431,23431,16,1990,1GKEV16K0LF5,1,G,K,E,V,1,6,K,0,L,F,5,0,T,GMC,VSU,4W,90,17,,2,0,1295,V15,G,,0,0,000000000,00000000000,0,0,0,1,0,0,0,0,0,0,0,55,0,0,0,12,12,6,2,12,0,0,0,1,29,63072,6,1,0,0,3,0,66,215,0,0,0,0,0,0,0,0,0,0,0,0,0,0,1,2,55,1,6,2,1,0,0,1,62,1,1,1,51,0,0
29,290610,1,3,5,10,10,16,58,12,6,1,0,29,3,49,40,49040,4,2011,4T4BF3EK9BR0,4,T,4,B,F,3,E,K,9,B,R,0,0,P,TOYT,CBA,4D,11,17,3263,,0,1093,,G,,0,0,000000000,00000000000,0,0,0,1,0,0,0,0,0,0,0,65,0,0,0,12,12,6,2,12,0,0,0,1,29,65584,6,1,0,0,3,0,69,210,0,0,0,0,0,0,0,0,0,0,0,0,0,0,2,3,65,1,1,2,1,0,0,1,62,99,1,1,65,1,0
29,290610,2,3,2,10,10,16,58,12,6,1,0,29,1,2,405,2405,14,2003,1J4GL58K43W6,1,J,4,G,L,5,8,K,4,3,W,6,0,T,JEEP,LMD,4W,3,17,,1,0,1043,LIB,G,,0,0,000000000,00000000000,0,0,0,1,0,0,0,0,0,0,0,998,0,0,0,12,12,6,2,12,0,0,0,1,29,63049,6,1,0,0,3,3,65,200,0,0,0,0,0,0,0,0,0,0,0,0,0,0,2,3,65,1,1,2,1,0,0,17,62,9,1,4,98,0,0
29,290610,3,3,1,10,10,16,58,12,6,1,0,29,2,20,2,20002,4,2002,2G1WF55K9293,2,G,1,W,F,5,5,K,9,2,9,3,0,P,CHEV,IMP,4D,2,17,3389,,0,1105,,G,,0,0,000000000,00000000000,0,0,0,1,0,0,0,0,0,0,0,103,0,1,1,5,0,6,2,1,0,0,0,1,29,63128,6,1,0,0,3,0,71,160,2,0,0,1,0,4,2008,4,2009,1,28,36,0,0,2,3,65,1,1,2,1,0,0,6,10,1,4,6,64,1,0
29,290611,1,1,1,11,10,20,25,1,0,1,0,29,1,82,883,82883,66,1998,1FUWTMCB9WH8,1,F,U,W,T,M,C,B,9,W,H,8,1,T,FRHT,F12,DS,98,17,,8,0,0,MCV,D,,1,57,435312,57435312,3,6,8,1,0,0,0,0,0,0,0,999,0,2,5,0,0,6,2,1,0,0,0,1,29,63530,6,1,6,0,3,3,73,230,1,0,0,0,0,12,2007,12,2007,0,0,0,0,0,1,2,55,1,1,2,1,0,0,1,8,6,1,4,98,1,0
29,290612,1,1,2,11,10,22,0,58,0,1,0,29,1,20,481,20481,31,1999,2GCEK19T0X11,2,G,C,E,K,1,9,T,0,X,1,1,0,T,CHEV,SK1,3C,99,17,,2,1575,1435,SIL,G,,0,0,000000000,00000000000,0,0,0,1,0,0,0,0,0,0,0,999,0,1,5,14,0,6,2,1,0,0,0,1,29,63443,6,2,0,0,3,2,73,175,2,0,0,0,0,9,2008,12,2009,1,73,0,0,0,1,2,50,1,1,4,1,0,0,1,6,1,2,4,7,2,1
29,290613,1,1,1,12,10,8,22,21,0,1,0,29,1,49,43,49043,4,2000,4T1BF28B3YU0,4,T,1,B,F,2,8,B,3,Y,U,0,0,P,TOYT,UVS,4D,0,17,3335,,0,1071,,G,,0,0,000000000,00000000000,0,0,0,1,0,0,0,0,0,0,0,60,0,0,0,11,11,6,2,21,0,0,0,1,29,63366,6,1,6,0,3,0,72,190,2,0,0,0,0,4,2009,5,2010,0,0,0,0,0,3,5,60,1,1,2,1,0,0,1,13,1,4,4,2,1,0
29,290614,1,1,1,13,10,20,30,25,0,1,0,29,1,53,705,53705,80,2005,JS1GN7CA2521,J,S,1,G,N,7,C,A,2,5,2,1,0,M,SUZI,GSK,RS,5,17,,,,,,,599,0,0,000000000,00000000000,0,0,0,1,0,0,0,0,0,0,0,999,0,0,0,12,12,6,2,25,0,0,0,1,29,65336,6,1,0,0,3,0,70,150,1,0,0,1,0,11,2008,7,2010,1,0,0,0,0,3,3,65,1,1,1,1,0,0,1,6,1,1,4,6,1,0
29,290615,1,2,2,14,10,12,45,12,1,1,0,29,1,12,17,12017,4,2007,1FAFP56U97A2,1,F,A,F,P,5,6,U,9,7,A,2,0,P,FORD,TEL,4D,7,17,3314,,0,1085,,G,,0,0,000000000,00000000000,0,0,0,1,0,0,0,0,0,0,0,52,2,0,0,12,12,6,2,12,0,0,0,1,29,63462,6,1,0,0,3,3,68,140,0,0,0,0,0,0,0,0,0,0,26,0,0,0,2,2,65,1,1,2,1,0,0,1,52,8,2,4,28,1,0
29,290615,2,2,1,14,10,12,45,12,1,1,0,29,2,23,881,23881,63,1990,1GDT7H4J7LJ6,1,G,D,T,7,H,4,J,7,L,J,6,0,T,GMC,CH4,TM,90,17,,8,2400,1560,TOP,D,,0,77,777777777,77777777777,3,2,8,1,0,0,0,0,0,0,0,998,0,0,0,6,6,2,1,12,0,0,0,1,29,64601,6,1,0,0,2,0,72,185,0,0,0,0,0,0,0,0,0,0,0,0,0,0,2,2,65,1,1,2,1,0,0,2,53,2,1,4,29,0,0
29,290616,1,2,3,14,10,21,9,12,6,1,0,29,1,12,443,12443,20,2004,2FMZA51664BB,2,F,M,Z,A,5,1,6,6,4,B,B,0,P,FORD,FRE,SV,4,17,4275,,0,1208,,G,,0,0,000000000,00000000000,0,0,0,1,0,0,0,0,0,0,0,29,0,0,0,3,3,6,2,12,0,0,0,1,29,64429,6,1,0,0,3,0,66,240,0,0,0,0,0,0,0,0,0,0,38,0,0,0,2,2,65,1,1,2,1,21,3,1,17,1,1,1,87,1,0
29,290616,2,2,1,14,10,21,9,12,6,1,0,29,3,20,431,20431,16,1997,3GNFK16R9VG1,3,G,N,F,K,1,6,R,9,V,G,1,0,P,CHEV,K15,UT,97,17,0,,0,1315,,G,,0,0,000000000,00000000000,0,0,0,1,0,0,0,0,0,0,0,61,0,0,0,12,12,6,2,12,0,0,0,1,29,64469,6,1,0,0,3,3,66,135,0,0,0,0,0,0,0,0,0,0,0,0,0,0,2,2,65,1,1,2,1,0,0,1,66,1,1,1,86,0,0
29,290617,1,1,1,15,10,5,10,32,0,1,0,5,3,82,881,82881,66,2000,1FUPCSZB0YPB,1,F,U,P,C,S,Z,B,0,Y,P,B,1,T,FRHT,FLD,DS,0,17,,8,0,0,CON,D,,1,57,283675,57283675,3,6,8,1,0,0,0,0,0,0,0,64,0,1,5,11,0,6,2,32,0,0,0,1,5,72476,6,1,6,3,3,0,74,150,0,0,0,0,0,0,0,0,0,1,36,58,0,0,1,2,55,1,1,2,1,0,0,6,8,9,3,4,2,1,0
29,290618,1,2,1,16,10,21,35,12,6,1,0,29,1,6,52,6052,6,2004,3C4FY58BX4T2,3,C,4,F,Y,5,8,B,X,4,T,2,0,P,CHRY,PTC,SV,4,17,3037,,0,1030,,G,,0,0,000000000,00000000000,0,0,0,1,0,0,0,0,0,0,0,10,0,0,0,2,0,6,2,2,0,0,1,1,29,65806,6,1,0,0,3,0,66,235,0,0,0,0,0,0,0,0,0,0,0,0,0,0,2,3,40,1,1,1,1,1,3,11,15,1,1,1,68,1,0
29,290618,2,2,1,16,10,21,35,12,6,1,0,29,2,35,39,35039,4,1999,JN1CA21A0XT7,J,N,1,C,A,2,1,A,0,X,T,7,0,P,NISS,MGS,4D,99,17,2896,,0,1063,,G,,0,0,000000000,00000000000,0,0,0,1,0,0,0,0,0,0,0,90,0,0,0,12,12,6,2,12,0,0,0,1,29,65807,6,1,0,0,3,0,74,185,0,0,0,1,0,4,2009,4,2009,1,0,0,0,0,2,3,40,2,1,1,1,1,3,14,54,8,2,2,69,0,1
29,290619,1,1,1,16,10,11,31,30,0,1,0,20,2,14,17,14017,4,1999,1MEFM53S9XA6,1,M,E,F,M,5,3,S,9,X,A,6,0,P,MERC,SLS,4D,99,17,3299,,0,1085,,G,,0,0,000000000,00000000000,0,0,0,1,0,0,0,0,0,0,0,998,0,0,0,9,9,6,2,30,0,0,0,1,29,64058,6,1,0,0,3,0,67,135,0,0,0,0,0,0,0,0,0,1,58,0,0,0,1,2,35,1,1,2,1,0,0,1,13,9,3,4,2,1,1
29,290620,1,1,1,16,10,15,15,10,0,1,0,29,1,12,481,12481,31,1994,1FTEF15N4RNB,1,F,T,E,F,1,5,N,4,R,N,B,0,T,FORD,F15,PK,94,17,,2,1330,1170,COF,G,,0,0,000000000,00000000000,0,0,0,1,0,0,0,0,0,0,0,15,0,0,0,9,9,6,2,10,0,0,0,1,29,63901,6,1,6,0,3,0,71,220,1,0,0,0,0,10,2009,10,2009,0,38,0,0,0,1,2,60,1,3,4,1,65,3,1,98,1,1,1,98,1,0
29,290621,1,2,2,16,10,17,38,12,6,1,0,29,1,72,706,72706,80,2001,1HD1FRW151Y6,1,H,D,1,F,R,W,1,5,1,Y,6,0,M,HD,FCI,RS,1,17,,,,,,,1450,0,0,000000000,00000000000,0,0,0,1,0,0,0,0,0,0,0,998,0,0,0,12,12,6,2,12,0,0,0,1,29,64050,6,1,0,0,3,0,68,185,0,0,0,1,0,5,2009,5,2009,0,0,0,0,0,2,2,65,1,2,2,1,0,0,1,66,3,2,1,86,1,0
29,290621,2,2,1,16,10,17,38,12,6,1,0,29,2,12,6,12006,4,1985,1FABP3933FG1,1,F,A,B,P,3,9,3,3,F,G,1,0,P,FORD,LTD,4D,85,17,2801,,0,1056,,G,,0,0,000000000,00000000000,0,0,0,1,0,0,0,0,0,0,0,998,0,0,0,1,1,6,2,12,0,0,0,1,29,64056,6,1,0,0,3,0,62,103,0,0,0,0,0,0,0,0,0,0,39,0,0,0,2,2,65,1,2,2,1,20,3,1,17,1,1,1,87,0,0
29,290622,1,1,1,17,10,23,39,35,0,1,0,92,0,12,471,12471,30,2004,1FTZR45E94PB,1,F,T,Z,R,4,5,E,9,4,P,B,0,T,FORD,RNS,4C,4,17,,1,0,1259,RNG,G,,0,0,000000000,00000000000,0,0,0,1,0,0,0,0,0,0,0,44,0,1,5,11,0,6,2,1,0,0,0,1,29,64061,6,1,6,0,3,0,68,200,1,0,0,0,0,5,2010,5,2010,1,39,0,0,0,1,2,40,1,1,2,1,20,3,1,6,9,3,4,7,1,1
29,290623,1,2,1,17,10,16,20,12,6,1,0,29,1,76,706,76706,80,1999,JYAVP11E3XA0,J,Y,A,V,P,1,1,E,3,X,A,0,0,M,YAMA,XVS,RS,99,17,,,,,,,1063,0,0,000000000,00000000000,0,0,0,1,0,0,0,0,0,0,0,32,0,0,0,2,12,6,2,12,0,0,0,1,29,63640,6,1,0,0,3,1,72,200,0,0,0,0,0,0,0,0,0,0,0,0,0,0,1,2,55,1,1,2,1,0,0,1,62,8,1,1,69,1,0
29,290623,2,2,1,17,10,16,20,12,6,1,0,29,1,48,38,48038,4,1995,JF1GC2359SK5,J,F,1,G,C,2,3,5,9,S,K,5,0,P,SUBA,IPA,4D,95,17,2475,,0,992,,G,,0,0,000000000,00000000000,0,0,0,1,0,0,0,0,0,0,0,998,0,0,0,12,1,6,2,12,0,0,0,1,29,63640,6,1,0,0,3,0,65,135,0,0,0,1,0,7,2010,7,2010,0,38,0,0,0,1,2,55,1,1,2,1,0,0,11,15,1,1,1,68,0,1
29,290624,1,1,1,18,10,2,25,11,0,1,0,29,1,7,41,7041,4,2004,2B3HD56G64H6,2,B,3,H,D,5,6,G,6,4,H,6,0,P,DODG,IEX,4D,4,17,3396,,0,1130,,G,,0,0,000000000,00000000000,0,0,0,1,0,0,0,0,0,0,0,70,0,1,3,12,0,6,2,11,0,0,0,1,29,63069,6,1,0,0,3,3,76,455,0,0,0,0,0,0,0,0,0,0,0,0,0,0,3,2,70,1,1,1,1,0,0,1,87,1,1,1,13,1,0
29,290625,1,1,5,18,10,11,58,1,0,1,0,29,1,21,401,21401,14,1999,1GHDT13W4X27,1,G,H,D,T,1,3,W,4,X,2,7,0,P,OLDS,BRA,UT,99,17,4068,,0,1070,,G,,0,0,000000000,00000000000,0,0,0,1,0,0,0,0,0,0,0,48,0,1,1,0,0,6,2,1,0,0,0,1,29,63060,6,1,0,0,3,0,64,120,0,0,0,2,0,8,2008,10,2010,0,58,0,0,0,1,2,55,1,2,2,1,0,0,1,13,7,3,2,98,1,1
29,290626,1,1,1,19,10,21,55,42,0,1,0,29,1,20,431,20431,16,1991,1GNEV16K5MF1,1,G,N,E,V,1,6,K,5,M,F,1,0,P,CHEV,V15,UT,91,17,5378,,0,1295,,G,,0,0,000000000,00000000000,0,0,0,1,0,0,0,0,0,0,0,45,0,0,0,12,12,6,2,42,0,0,0,1,29,64132,6,1,0,0,3,0,73,190,2,0,0,0,1,11,2007,3,2010,1,0,0,0,0,1,2,35,3,2,2,1,0,0,14,13,1,1,4,1,1,0
29,290627,1,1,1,19,10,6,45,1,0,1,0,29,1,12,422,12422,15,1997,1FMFU18L8VLB,1,F,M,F,U,1,8,L,8,V,L,B,0,P,FORD,EPT,UT,97,17,4827,,0,1190,,G,,0,0,000000000,00000000000,0,0,0,1,0,0,0,0,0,0,0,40,0,2,5,0,0,6,2,1,0,0,0,1,29,65737,6,1,0,0,3,0,65,135,0,0,0,0,0,0,0,0,0,1,0,0,0,0,1,2,55,2,6,2,2,0,0,14,6,1,3,4,2,1,0
29,290628,1,2,1,19,10,15,20,12,6,1,0,29,1,55,35,55035,4,2006,KMHDN46DX6U2,K,M,H,D,N,4,6,D,X,6,U,2,0,P,HYUN,GTL,4D,6,17,2784,,0,1027,,G,,0,0,000000000,00000000000,0,0,0,1,0,0,0,0,0,0,0,55,0,0,0,9,9,6,2,12,0,0,0,1,29,63755,6,1,0,0,3,3,66,264,0,0,0,0,0,0,0,0,0,0,38,39,0,0,1,2,55,1,1,1,1,20,3,1,17,1,1,1,89,1,0
29,290628,2,2,2,19,10,15,20,12,6,1,0,17,1,35,47,35047,4,2009,1N4AL21E39C2,1,N,4,A,L,2,1,E,3,9,C,2,0,P,NISS,ATS,4D,9,17,3179,,0,1093,,G,,0,0,000000000,00000000000,0,0,0,1,0,0,0,0,0,0,0,60,0,0,0,12,12,6,2,12,0,0,0,1,17,62024,6,1,0,0,3,3,74,175,0,0,0,0,0,0,0,0,0,0,0,0,0,0,1,2,55,1,1,1,1,0,0,1,66,1,1,1,88,0,0
29,290629,1,3,1,20,10,15,53,12,6,1,0,17,3,37,403,37403,14,2006,5J6YH18326L0,5,J,6,Y,H,1,8,3,2,6,L,0,0,P,HOND,ELE,UT,6,17,3429,,0,1014,,G,,0,0,000000000,00000000000,0,0,0,1,0,0,0,0,0,0,0,10,0,0,0,5,5,2,1,12,0,0,0,1,29,63461,6,1,6,0,3,0,67,150,0,0,0,0,0,0,0,0,0,0,38,0,0,0,2,2,55,1,1,2,1,21,3,11,15,1,1,1,68,0,0
29,290629,2,3,2,20,10,15,53,12,6,1,0,29,1,72,706,72706,80,2002,1HD1FCW112Y6,1,H,D,1,F,C,W,1,1,2,Y,6,0,M,HD,FLU,RS,2,17,,,,,,,1450,0,0,000000000,00000000000,0,0,0,1,0,0,0,0,0,0,0,55,0,0,0,12,12,6,2,12,0,0,0,1,29,63401,6,1,0,0,3,0,74,275,0,0,0,0,0,0,0,0,0,0,0,0,0,0,2,2,55,1,1,2,1,0,0,1,62,1,1,1,69,1,0
29,290629,3,3,1,20,10,15,53,12,6,1,0,29,2,20,481,20481,31,2005,1GCJC33205F8,1,G,C,J,C,3,3,2,0,5,F,8,1,T,CHEV,SC3,CW,5,17,,3,0,1670,SIL,D,,1,0,000000000,00000000000,0,0,0,1,0,0,0,0,0,0,0,0,0,0,0,8,8,2,1,12,0,0,0,1,29,63441,6,1,0,0,3,0,76,240,0,0,0,0,0,0,0,0,0,0,0,0,0,0,1,2,25,8,8,2,1,0,0,5,98,1,1,1,98,0,0
29,290630,1,2,1,20,10,21,28,12,6,1,0,17,1,73,705,73705,80,1995,JKAZX4E10SB5,J,K,A,Z,X,4,E,1,0,S,B,5,0,M,KAWK,ZXE,RS,95,17,,,,,,,600,0,0,000000000,00000000000,0,0,0,1,0,0,0,0,0,0,0,40,0,0,0,12,12,6,2,12,0,0,0,1,47,63136,1,1,1,0,2,0,72,145,0,0,0,0,0,0,0,0,0,1,0,0,0,0,1,2,25,1,1,2,1,0,0,1,67,1,1,1,69,1,1
29,290630,2,2,1,20,10,21,28,12,6,1,0,29,1,23,401,23401,14,2006,1GKET66M7661,1,G,K,E,T,6,6,M,7,6,6,1,0,T,GMC,E/L,4W,6,17,,2,0,1290,E/D,G,,0,0,000000000,00000000000,0,0,0,1,0,0,0,0,0,0,0,15,0,0,0,9,9,2,3,12,0,0,0,1,29,63033,6,1,6,0,3,3,75,180,0,0,0,0,0,0,0,0,0,0,38,0,0,0,1,2,25,1,1,2,1,20,3,11,15,1,1,1,68,0,1
29,290631,1,2,2,22,10,14,51,1,0,1,0,29,2,14,36,14036,6,1997,3MELM15PXVR6,3,M,E,L,M,1,5,P,X,V,R,6,0,P,MERC,TTR,SW,97,17,2569,,0,984,,G,,0,0,000000000,00000000000,0,0,0,1,0,0,0,0,0,0,0,55,0,0,0,12,18,6,2,54,0,0,0,1,29,64866,6,1,0,0,3,0,62,125,0,0,0,0,0,0,0,0,0,0,0,0,0,0,1,2,55,3,5,2,2,0,0,14,62,1,1,1,98,0,0
29,290631,2,2,1,22,10,14,51,1,0,1,0,92,0,72,706,72706,80,2005,1HD1BWB145Y0,1,H,D,1,B,W,B,1,4,5,Y,0,0,M,HD,FSI,RS,5,17,,,,,,,1450,0,0,000000000,00000000000,0,0,0,1,0,0,0,0,0,0,0,55,0,0,0,0,0,6,2,54,0,0,0,1,29,64850,6,1,0,0,3,0,74,175,0,0,0,0,0,0,0,0,0,1,0,0,0,0,1,2,55,2,6,2,2,0,0,14,6,1,1,2,98,1,0
29,290632,1,1,1,22,10,22,40,1,0,1,0,29,2,14,17,14017,4,2002,1MEHM55S52G6,1,M,E,H,M,5,5,S,5,2,G,6,0,P,MERC,SLP,4D,2,17,3387,,0,1085,,G,,0,0,000000000,00000000000,0,0,0,1,0,0,0,0,0,0,0,50,0,2,5,0,0,6,2,3,0,0,0,1,29,63090,6,2,0,0,3,2,62,115,0,0,0,0,0,0,0,0,0,1,73,0,0,0,1,2,30,3,1,4,1,0,0,14,12,8,4,4,7,1,0
29,290633,1,1,2,23,10,2,57,32,0,1,0,29,1,12,13,12013,6,1995,1FASP15J8SW3,1,F,A,S,P,1,5,J,8,S,W,3,0,P,FORD,EST,SW,95,17,2451,,0,984,,G,,0,0,000000000,00000000000,0,0,0,1,0,0,0,0,0,0,0,61,0,0,0,14,9,6,2,42,0,0,0,1,29,64055,3,2,0,0,2,3,72,150,0,0,0,0,0,0,0,0,0,1,0,0,0,0,1,2,25,2,2,2,2,0,0,14,6,3,3,4,2,2,1
29,290634,1,1,1,23,10,7,15,39,0,1,0,29,1,49,472,49472,30,2009,5TEPX42NX9Z6,5,T,E,P,X,4,2,N,X,9,Z,6,0,T,TOYT,REG,PK,9,17,,1,0,1100,TAC,G,,0,0,000000000,00000000000,0,0,0,1,0,0,0,0,0,0,0,20,0,0,0,12,12,6,2,42,0,0,0,1,29,63967,6,1,0,0,3,3,69,220,0,0,0,0,0,0,0,0,0,0,0,0,0,0,1,2,20,1,6,2,1,0,0,1,12,1,1,4,6,1,0
29,290635,1,1,1,24,10,10,45,58,0,1,0,29,1,22,16,22016,2,1996,1G2JB1242T75,1,G,2,J,B,1,2,4,2,T,7,5,0,P,PONT,SFS,CP,96,17,2611,,0,1041,,G,,0,0,000000000,00000000000,0,0,0,1,0,0,0,0,0,0,0,60,0,1,5,14,0,6,2,1,0,0,0,1,29,65265,2,1,0,0,2,0,71,160,0,1,0,0,0,11,2007,11,2007,1,0,0,0,0,1,2,50,1,6,4,1,0,0,1,6,1,3,4,2,1,1
29,290636,1,3,1,13,9,22,31,8,0,1,1,99,9,99,884,99884,66,9999,999999999999,9,9,9,9,9,9,9,9,9,9,9,9,1,U,,,,9,17,,,,,,,,1,99,999999999,99999999999,3,6,1,1,0,0,0,0,0,0,0,999,0,0,0,99,99,0,1,8,0,0,0,1,99,99999,9,9,99,0,9,9,999,999,99,99,99,99,99,99,9999,99,9999,9,99,99,99,99,2,2,70,1,1,1,1,0,0,1,80,1,1,1,13,0,0
29,290636,2,3,2,13,9,22,31,8,0,1,0,29,2,20,2,20002,2,2003,1G1JC12F2372,1,G,1,J,C,1,2,F,2,3,7,2,0,P,CHEV,CAV,CP,3,17,2617,,0,1041,,G,,0,0,000000000,00000000000,0,0,0,1,0,0,0,0,0,0,0,999,0,0,0,12,12,6,2,8,0,0,0,1,29,65109,6,1,0,0,3,0,62,125,0,0,0,0,0,0,0,0,0,0,0,0,0,0,2,2,70,1,1,1,1,0,0,17,80,99,1,1,98,0,0
29,290636,3,3,1,13,9,22,31,8,0,1,0,99,9,99,499,99499,31,9999,999999999999,9,9,9,9,9,9,9,9,9,9,9,9,0,U,,,,9,17,,,,,,,,0,0,000000000,00000000000,0,0,0,1,0,0,0,0,0,0,0,999,0,0,0,99,99,9,1,8,0,0,0,1,99,99999,9,9,99,0,9,9,999,999,99,99,99,99,99,99,9999,99,9999,9,99,99,99,99,2,2,70,1,1,1,1,0,0,1,80,1,1,1,98,0,0
29,290637,1,1,1,28,9,2,23,25,0,1,0,29,1,7,43,7043,2,2002,4B3AG52H92E1,4,B,3,A,G,5,2,H,9,2,E,1,0,P,DODG,SRS,2P,2,17,3100,,0,1037,,G,,0,0,000000000,00000000000,0,0,0,1,0,0,0,0,0,0,0,999,0,0,0,12,12,6,2,25,0,0,0,1,29,64012,6,1,0,0,3,3,71,195,0,0,0,0,0,0,0,0,0,1,0,0,0,0,3,3,65,1,1,2,1,0,0,1,12,1,2,4,7,1,0
29,290638,1,1,1,4,10,9,12,59,0,1,0,29,1,20,481,20481,31,2008,3GCEC13068G2,3,G,C,E,C,1,3,0,6,8,G,2,0,T,CHEV,SC1,CW,8,17,,2,0,1435,SIL,F,,0,0,000000000,00000000000,0,0,0,1,0,0,0,0,0,0,0,998,0,0,0,2,12,6,2,39,0,0,0,1,29,64138,6,1,0,0,3,3,74,250,1,0,0,0,0,12,2007,12,2007,0,0,0,0,0,2,2,65,1,1,1,1,0,0,1,13,1,1,4,1,1,1
29,290639,1,3,2,22,10,15,36,12,6,1,0,29,3,84,881,84881,66,1999,2HSFTAER3XC0,2,H,S,F,T,A,E,R,3,X,C,0,1,T,INTL,990,TM,99,17,,8,0,0,990,D,,1,57,139614,57139614,3,6,1,1,0,0,0,0,0,0,0,998,0,0,0,12,12,6,2,12,0,0,0,1,29,65340,6,1,6,0,3,0,72,280,2,0,0,0,0,4,2009,7,2010,0,0,0,0,0,2,2,65,2,1,2,2,0,0,14,62,7,1,1,65,0,0
29,290639,2,3,1,22,10,15,36,12,6,1,0,29,2,2,404,2404,14,1998,1J4FJ68S4WL2,1,J,4,F,J,6,8,S,4,W,L,2,0,T,JEEP,SPC,4W,98,17,,1,0,1014,CHK,G,,0,0,000000000,00000000000,0,0,0,1,0,0,0,0,0,0,0,998,0,0,0,9,9,6,2,12,0,0,0,1,29,64014,1,1,0,0,2,3,67,145,3,0,0,1,1,5,2008,7,2010,0,28,0,0,0,2,2,65,2,1,2,2,0,0,14,10,1,2,6,64,1,1