STATE,ST_CASE,VEH_NO,VE_FORMS,NUMOCCS,DAY,MONTH,HOUR,MINUTE,HARM_EV,MAN_COLL,UNITTYPE,HIT_RUN,REG_STAT,OWNER,MAKE,MODEL,MAK_MOD,BODY_TYP,MOD_YEAR,VIN,VIN_1,VIN_2,VIN_3,VIN_4,VIN_5,VIN_6,VIN_7,VIN_8,VIN_9,VIN_10,VIN_11,VIN_12,TOW_VEH,VINTYPE,VINMAKE,VINA_MOD,VIN_BT,VINMODYR,VIN_LNGT,VIN_WGT,WGTCD_TR,WHLBS_LG,WHLBS_SH,SER_TR,FUELCODE,MCYCL_DS,J_KNIFE,MCARR_I1,MCARR_I2,MCARR_ID,GVWR,V_CONFIG,CARGO_BT,HAZ_INV,HAZ_PLAC,HAZ_ID,HAZ_CNO,HAZ_REL,BUS_USE,SPEC_USE,EMER_USE,TRAV_SP,UNDERIDE,ROLLOVER,ROLINLOC,IMPACT1,IMPACT2,DEFORMED,TOWED,M_HARM,VEH_SC1,VEH_SC2,FIRE_EXP,DR_PRES,L_STATE,DR_ZIP,L_STATUS,L_TYPE,CDL_STAT,L_ENDORS,L_COMPL,L_RESTRI,DR_HGT,DR_WGT,PREV_ACC,PREV_SUS,PREV_DWI,PREV_SPD,PREV_OTH,FIRST_MO,FIRST_YR,LAST_MO,LAST_YR,SPEEDREL,DR_SF1,DR_SF2,DR_SF3,DR_SF4,VTRAFWAY,VNUM_LAN,VSPD_LIM,VALIGN,VPROFILE,VPAVETYP,VSURCOND,VTRAFCON,VTCONT_F,P_CRASH1,P_CRASH2,P_CRASH3,PCRASH4,PCRASH5,ACC_TYPE,DEATHS,DR_DRINK
29,290675,1,1,2,14,11,15,23,34,0,1,0,29,1,23,471,23471,30,2003,1GKDT13S5322,1,G,K,D,T,1,3,S,5,3,2,2,0,T,GMC,ENV,4W,3,17,,1,0,1130,ENV,G,,0,0,000000000,00000000000,0,0,0,1,0,0,0,0,0,0,0,60,0,1,5,12,0,6,2,1,0,0,0,1,29,64076,1,1,1,0,2,0,73,260,0,2,0,0,0,8,2008,8,2008,1,0,0,0,0,1,2,55,2,5,2,1,0,0,14,13,1,1,4,1,1,1
29,290676,1,1,1,15,11,7,37,8,0,1,0,29,3,84,981,84981,50,2006,4DRBUAFN86B3,4,D,R,B,U,A,F,N,8,6,B,3,0,U,,,,6,17,,,,,,,,0,57,354406,57354406,8,21,22,1,0,0,0,0,1,0,0,998,0,0,0,12,12,0,1,8,0,0,0,1,29,64505,6,1,6,3,3,3,63,130,0,0,0,0,0,0,0,0,0,0,38,0,0,0,1,2,30,1,1,2,1,2,3,11,80,1,1,1,13,0,0
29,290677,1,1,1,15,11,10,19,10,0,1,0,29,1,49,32,49032,4,1997,1NXBB02E6VZ6,1,N,X,B,B,0,2,E,6,V,Z,6,0,P,TOYT,USX,4D,97,17,2403,,0,970,,G,,0,0,000000000,00000000000,0,0,0,1,0,0,0,0,0,0,0,998,0,0,0,9,61,6,2,10,0,0,0,1,29,63132,3,1,0,0,2,3,69,145,0,0,0,0,0,0,0,0,0,0,0,0,0,0,1,4,35,1,1,1,1,65,3,1,98,1,1,1,98,1,0
29,290678,1,1,1,15,11,16,35,1,0,1,0,29,1,20,481,20481,31,1981,1GCGK24M5BF3,1,G,C,G,K,2,4,M,5,B,F,3,0,T,CHEV,K20,PK,81,17,,2,0,1315,K20,G,,0,0,000000000,00000000000,0,0,0,1,0,0,0,0,0,0,0,55,0,1,5,0,0,6,2,1,0,0,0,1,29,65459,2,1,0,0,2,3,67,135,0,1,1,0,0,1,2008,2,2008,0,0,0,0,0,1,2,55,3,5,2,1,0,0,14,11,6,4,4,7,1,1
29,290679,1,2,1,16,11,9,19,12,1,1,0,29,1,20,471,20471,30,1994,1GCCS14Z7R81,1,G,C,C,S,1,4,Z,7,R,8,1,0,T,CHEV,S14,PK,94,17,,1,1179,1083,S,G,,0,0,000000000,00000000000,0,0,0,1,0,0,0,0,0,0,0,0,0,0,0,6,9,6,2,12,0,0,0,1,29,65276,6,1,0,0,3,3,62,145,0,0,0,0,0,0,0,0,0,0,0,0,0,0,1,2,55,1,2,2,1,0,0,5,53,1,1,1,21,1,0
29,290679,2,2,2,16,11,9,19,12,1,1,0,29,2,12,481,12481,31,2004,1FTNX21LX4ED,1,F,T,N,X,2,1,L,X,4,E,D,0,T,FORD,F2S,4C,4,17,,2,1580,1418,SRW,G,,0,0,000000000,00000000000,0,0,0,1,0,0,0,0,0,0,0,50,0,0,0,12,12,6,2,12,0,0,0,1,29,65233,6,1,0,0,3,0,68,119,0,0,0,0,0,0,0,0,0,0,26,0,0,0,1,2,55,1,2,2,1,0,0,1,50,1,1,1,20,0,0
29,290680,1,1,0,16,11,12,5,8,0,1,0,29,6,21,441,21441,20,2002,1GHDX13E52D1,1,G,H,D,X,1,3,E,5,2,D,1,0,T,OLDS,LUX,ES,2,17,,1,0,1200,SIL,G,,0,0,000000000,00000000000,0,0,0,1,0,0,0,0,0,0,0,10,0,0,0,6,6,0,1,8,0,0,0,0,,,,,,,,,999,,,,,,,,,,,,0,0,0,0,0,0,0,0,0,0,0,0,0,0,98,0,0,0,98,0,0
29,290681,1,1,1,16,11,12,35,8,0,1,0,92,0,24,9,24009,4,2008,1G8ZS57N38F1,1,G,8,Z,S,5,7,N,3,8,F,1,0,P,STRN,AXE,4D,8,17,3525,,0,1123,,G,,0,0,000000000,00000000000,0,0,0,1,0,0,0,0,0,0,0,998,0,0,0,12,12,6,2,8,0,0,0,1,29,63123,6,1,0,0,3,0,66,135,0,0,0,0,0,0,0,0,0,0,0,0,0,0,0,0,0,0,0,0,0,0,0,10,80,1,1,1,13,0,0
29,290682,1,2,1,18,11,16,1,12,2,1,0,29,1,37,32,37032,4,2005,1HGCM66535A0,1,H,G,C,M,6,6,5,3,5,A,0,0,P,HOND,UEX,4D,5,17,3384,,0,1079,,G,,0,0,000000000,00000000000,0,0,0,1,0,0,0,0,0,0,0,65,0,0,0,12,12,6,2,12,0,0,0,1,29,64507,6,1,0,0,3,3,61,160,0,0,0,0,0,0,0,0,0,0,51,0,0,0,2,2,65,1,1,2,1,0,0,1,54,1,1,1,52,1,0
29,290682,2,2,1,18,11,16,1,12,2,1,0,29,1,20,37,20037,4,1999,1G1NE52M2XY1,1,G,1,N,E,5,2,M,2,X,Y,1,0,P,CHEV,M/L,4D,99,17,3077,,0,1070,,G,,0,0,000000000,00000000000,0,0,0,1,0,0,0,0,0,0,0,65,0,0,0,12,12,6,2,12,0,0,0,1,29,63557,6,1,0,0,3,0,64,155,0,0,0,0,0,0,0,0,0,0,0,0,0,0,2,2,65,1,1,2,1,0,0,1,54,1,1,1,52,0,0
29,290683,1,1,2,21,9,10,21,31,0,1,0,29,1,6,43,6043,4,2009,1C3LC56BX9N5,1,C,3,L,C,5,6,B,X,9,N,5,0,P,CHRY,STL,4D,9,17,3376,,0,1089,,G,,0,0,000000000,00000000000,0,0,0,1,0,0,0,0,0,0,0,998,0,1,5,12,12,6,2,1,0,0,0,1,29,65301,6,1,0,0,3,3,67,196,0,0,0,0,0,0,0,0,0,0,0,0,0,0,1,2,60,3,6,2,1,0,0,14,13,1,1,4,1,1,0
29,290684,1,2,1,1,11,6,38,12,2,1,0,29,1,12,461,12461,21,2000,1FTRE1424YHA,1,F,T,R,E,1,4,2,4,Y,H,A,0,T,FORD,15V,CG,0,17,,2,0,1380,VAN,G,,0,0,000000000,00000000000,0,0,0,1,0,0,0,0,0,0,0,998,0,0,0,12,12,6,2,12,0,0,0,1,27,64082,6,1,0,0,3,0,65,160,0,0,0,0,0,0,0,0,0,0,26,0,0,0,2,2,65,1,2,2,1,0,0,1,51,8,1,6,58,0,0
29,290684,2,2,1,1,11,6,38,12,2,1,0,92,0,12,13,12013,4,1997,1FALP13P0VW1,1,F,A,L,P,1,3,P,0,V,W,1,0,P,FORD,EST,4D,97,17,2503,,0,984,,G,,0,0,000000000,00000000000,0,0,0,1,0,0,0,0,0,0,0,998,0,0,0,12,12,6,2,12,0,0,0,1,29,64129,1,1,0,0,2,3,66,150,0,0,0,0,0,0,0,0,0,0,0,0,0,0,2,2,65,1,2,2,1,0,0,1,64,1,1,1,59,1,0
29,290685,1,1,4,12,11,11,39,32,0,1,0,29,1,7,442,7442,20,1996,1B4GP44R5TB1,1,B,4,G,P,4,4,R,5,T,B,1,0,P,DODG,CAR,SV,96,17,3663,,0,1193,,G,,0,0,000000000,00000000000,0,0,0,1,0,0,0,0,0,0,0,998,0,1,5,14,0,6,2,1,0,0,0,1,29,64012,1,1,0,0,2,3,64,250,0,1,0,0,0,12,2009,12,2009,1,0,0,0,0,1,2,45,3,2,2,2,0,0,14,13,1,4,4,2,2,0
29,290687,1,2,1,18,11,8,30,12,2,1,0,29,2,20,431,20431,16,1999,3GNFK16R7XG1,3,G,N,F,K,1,6,R,7,X,G,1,0,P,CHEV,K15,UT,99,17,5297,,0,1315,,G,,0,0,000000000,00000000000,0,0,0,1,0,0,0,0,0,0,0,998,0,0,0,12,0,6,2,12,0,0,1,1,12,63025,6,1,0,0,3,0,68,999,0,0,0,0,0,0,0,0,0,0,0,0,0,0,1,2,55,2,2,2,2,0,0,14,10,6,1,2,50,1,0
29,290687,2,2,6,18,11,8,30,12,2,1,0,0,0,84,981,84981,50,2004,4DRBRABPX4A9,4,D,R,B,R,A,B,P,X,4,A,9,0,U,,,,4,17,,,,,,,,0,57,354406,57354406,8,21,22,1,0,0,0,0,1,0,0,998,0,0,0,12,12,6,2,12,0,0,0,1,29,63025,6,1,6,3,3,3,60,138,0,0,0,0,0,0,0,0,0,0,0,0,0,0,1,2,55,2,2,2,2,0,0,14,62,1,1,1,51,0,0
29,290688,1,3,1,19,11,8,51,12,8,1,0,29,1,14,6,14006,4,2000,2MEFM75W7YX6,2,M,E,F,M,7,5,W,7,Y,X,6,0,P,MERC,MGL,4D,0,17,3973,,0,1147,,G,,0,0,000000000,00000000000,0,0,0,1,0,0,0,0,0,0,0,998,0,0,0,11,61,6,2,12,0,0,0,1,29,64057,6,1,0,0,3,0,66,175,0,0,0,0,0,0,0,0,0,0,0,0,0,0,2,2,55,2,3,2,1,0,0,14,10,1,1,2,64,0,0
29,290688,2,3,2,19,11,8,51,12,8,1,0,29,1,14,6,14006,4,2001,2MEFM75W71X6,2,M,E,F,M,7,5,W,7,1,X,6,0,P,MERC,MGL,4D,1,17,3948,,0,1147,,G,,0,0,000000000,00000000000,0,0,0,1,0,0,0,0,0,0,0,998,0,0,0,10,10,6,2,12,0,0,0,1,29,64067,6,1,0,0,3,0,68,200,1,0,0,0,0,3,2008,3,2008,0,0,0,0,0,2,2,55,3,3,2,1,0,0,14,62,1,1,1,65,1,0
29,290688,3,3,2,19,11,8,51,12,8,1,0,29,1,2,404,2404,14,2006,1J4HR48N76C2,1,J,4,H,R,4,8,N,7,6,C,2,0,T,JEEP,LCF,4W,6,17,,1,0,1095,GCK,G,,0,0,000000000,00000000000,0,0,0,1,0,0,0,0,0,0,0,998,0,0,0,12,12,6,2,12,0,0,0,1,29,64015,6,1,0,0,3,3,72,195,0,0,0,0,0,0,0,0,0,0,0,0,0,0,2,2,55,2,3,2,1,0,0,14,62,7,1,1,98,0,0
29,290689,1,2,1,19,11,14,49,12,6,1,0,29,1,20,2,20002,4,2007,2G1WT58K4792,2,G,1,W,T,5,8,K,4,7,9,2,0,P,CHEV,IMT,4D,7,17,3674,,0,1105,,F,,0,0,000000000,00000000000,0,0,0,1,0,0,0,0,0,0,0,40,0,0,0,1,1,6,2,12,0,0,0,1,29,65018,6,1,0,0,3,3,62,130,1,0,0,0,0,9,2009,9,2009,0,38,0,0,0,1,2,55,1,2,1,1,0,0,1,17,1,1,1,87,1,0
29,290689,2,2,1,19,11,14,49,12,6,1,0,29,3,85,881,85881,63,1993,1XKADR9X8PS5,1,X,K,A,D,R,9,X,8,P,S,5,0,T,KW,T60,DS,93,17,,8,2600,1600,CON,D,,0,57,2041034,572041034,3,2,4,1,0,0,0,0,0,0,0,65,0,1,5,12,0,6,2,1,0,0,0,1,29,65078,6,1,6,3,3,0,70,195,1,0,0,0,1,1,2009,3,2009,0,0,0,0,0,2,2,65,1,2,1,1,0,0,1,66,3,1,1,86,0,0
29,290690,1,1,1,19,11,21,56,58,0,1,0,29,1,20,16,20016,2,2003,1G1JH12F6372,1,G,1,J,H,1,2,F,6,3,7,2,0,P,CHEV,CLP,CP,3,17,2749,,0,1041,,G,,0,0,000000000,00000000000,0,0,0,1,0,0,0,0,0,0,0,998,0,1,5,12,12,6,2,1,0,0,0,1,29,63957,6,2,0,0,3,3,65,120,0,0,0,0,0,0,0,0,0,1,0,0,0,0,1,2,55,3,2,2,1,0,0,14,13,1,2,4,2,1,0
29,290691,1,2,1,20,11,9,19,12,6,1,0,29,1,12,481,12481,31,2006,1FTRF12296NA,1,F,T,R,F,1,2,2,9,6,N,A,0,T,FORD,F15,PK,6,17,,2,1450,1260,COF,G,,0,0,000000000,00000000000,0,0,0,1,0,0,0,0,0,0,0,998,0,0,0,12,12,4,3,12,0,0,0,1,29,65803,6,1,6,0,3,0,67,223,0,0,0,0,0,0,0,0,0,0,0,0,0,0,5,2,40,1,1,2,1,2,3,1,66,1,1,1,86,0,0
29,290691,2,2,1,20,11,9,19,12,6,1,0,29,1,12,37,12037,4,2003,1FAFP38323W1,1,F,A,F,P,3,8,3,2,3,W,1,0,P,FORD,FZT,4D,3,17,2564,,0,1030,,G,,0,0,000000000,00000000000,0,0,0,1,0,0,0,0,0,0,0,998,0,0,0,1,1,4,3,12,0,0,0,1,29,65807,6,1,0,0,3,3,62,140,0,0,0,1,0,6,2009,6,2009,0,0,0,0,0,1,2,30,1,1,2,1,2,3,1,17,1,1,1,87,1,0
29,290692,1,2,1,20,11,15,0,1,0,1,0,29,1,49,472,49472,30,2006,5TEUU42N96Z2,5,T,E,U,U,4,2,N,9,6,Z,2,0,T,TOYT,ACC,PC,6,17,,1,0,1219,TAC,G,,0,0,000000000,00000000000,0,0,0,1,0,0,0,0,0,0,0,45,0,0,0,12,12,6,2,12,0,0,0,1,29,65676,6,1,0,0,3,0,68,170,0,0,0,0,0,0,0,0,0,0,0,0,0,0,1,2,55,3,5,2,1,0,0,14,62,99,1,1,98,0,0
29,290692,2,2,1,20,11,15,0,1,0,1,0,20,1,37,706,37706,80,1994,1HFSC1817RA8,1,H,F,S,C,1,8,1,7,R,A,8,0,M,HOND,VT1,RS,94,17,,,,,,,1100,0,0,000000000,00000000000,0,0,0,1,0,0,0,0,0,0,0,30,0,0,0,0,0,6,2,12,0,0,0,1,20,67207,6,1,0,0,3,3,67,180,0,0,0,0,1,3,2010,3,2010,0,0,0,0,0,1,2,55,2,6,2,1,0,0,14,10,1,1,2,98,1,0
29,290693,1,1,1,21,11,5,22,45,0,1,0,29,1,13,1,13001,4,2000,1LNHM83W5YY8,1,L,N,H,M,8,3,W,5,Y,Y,8,0,P,LINC,CAR,4D,0,17,4121,,0,1177,,G,,0,0,000000000,00000000000,0,0,0,1,0,0,0,0,0,0,0,998,0,0,0,12,12,6,2,45,0,0,0,1,29,63136,6,1,6,3,3,0,72,320,0,0,0,0,0,0,0,0,0,0,0,0,0,0,3,5,60,1,1,2,1,0,0,1,51,1,1,1,15,1,1
29,290694,1,1,1,21,11,6,2,14,0,1,0,29,1,20,421,20421,15,1999,1GNEK13R7XJ3,1,G,N,E,K,1,3,R,7,X,J,3,0,P,CHEV,KTA,UT,99,17,5268,,0,1175,,G,,0,0,000000000,00000000000,0,0,0,1,0,0,0,0,0,0,0,998,0,0,0,12,12,6,2,14,0,0,0,1,29,64030,6,1,6,3,3,0,71,200,0,0,0,0,1,2,2008,2,2008,1,0,0,0,0,2,2,45,1,2,2,1,0,0,1,13,1,1,4,1,0,0
29,290695,1,1,1,21,11,23,50,25,0,1,0,29,1,37,705,37705,80,1997,JH2PC2508VM6,J,H,2,P,C,2,5,0,8,V,M,6,0,M,HOND,RF3,RS,97,17,,,,,,,600,0,0,000000000,00000000000,0,0,0,1,0,0,0,0,0,0,0,998,0,0,0,9,9,6,2,25,0,0,0,1,29,63137,6,1,0,0,3,0,69,145,1,0,0,0,0,6,2008,6,2008,1,0,0,0,0,3,4,55,1,1,2,1,0,0,1,12,1,1,4,6,1,0
29,290696,1,1,1,21,11,23,14,1,0,1,0,29,1,12,481,12481,31,2004,3FTNF21S04MA,3,F,T,N,F,2,1,S,0,4,M,A,0,T,FORD,F2S,PK,4,17,,2,0,1370,SRW,G,,0,0,000000000,00000000000,0,0,0,1,0,0,0,0,0,0,0,55,0,1,5,0,0,6,2,1,0,0,0,1,29,63775,6,1,6,3,3,0,67,220,0,0,0,2,0,3,2009,8,2010,1,0,0,0,0,1,2,55,3,6,2,2,0,0,14,6,1,4,4,7,1,1
29,290697,1,3,1,23,11,14,55,12,6,1,0,29,2,20,16,20016,4,2003,1G1JC52F4373,1,G,1,J,C,5,2,F,4,3,7,3,0,P,CHEV,CAV,4D,3,17,2971,1,0,1041,VTR,G,,0,0,000000000,00000000000,0,0,0,1,0,0,0,0,0,0,0,45,0,0,0,12,12,6,2,12,0,0,0,1,29,65613,6,1,0,0,3,0,72,200,0,0,0,0,0,0,0,0,0,0,39,0,0,0,1,2,50,1,9,2,1,20,3,1,17,3,1,1,86,0,0
29,290697,2,3,2,23,11,14,55,12,6,1,0,29,1,20,443,20443,20,2003,1GNDX13E83D1,1,G,N,D,X,1,3,E,8,3,D,1,0,T,CHEV,LUX,ES,3,17,,1,0,1200,VTR,G,,0,0,000000000,00000000000,0,0,0,1,0,0,0,0,0,0,0,45,0,1,1,2,0,6,2,12,0,0,0,1,29,65613,6,1,0,0,3,3,73,208,0,0,0,0,1,5,2008,5,2008,0,0,0,0,0,1,2,50,3,9,2,1,0,0,14,66,1,1,1,87,2,0
29,290697,3,3,1,23,11,14,55,12,6,1,0,92,0,24,2,24002,2,1999,1G8ZP1286XZ2,1,G,8,Z,P,1,2,8,6,X,Z,2,0,P,STRN,SC1,3P,99,17,0,,0,1024,,G,,0,0,000000000,00000000000,0,0,0,1,0,0,0,0,0,0,0,998,0,0,0,12,12,6,2,12,0,0,0,1,29,65613,6,1,0,0,3,3,66,123,1,0,0,0,0,2,2009,2,2009,0,0,0,0,0,1,2,50,2,9,2,1,0,0,14,62,8,1,1,98,0,0
29,290698,1,2,3,23,11,15,20,12,6,1,0,29,1,12,37,12037,4,2010,1FAHP3FN2AW1,1,F,A,H,P,3,F,N,2,A,W,1,0,P,FORD,FSE,4D,10,17,2623,,0,1029,,G,,0,0,000000000,00000000000,0,0,0,1,0,0,0,0,0,0,0,25,0,1,5,9,9,6,2,12,0,0,0,1,29,64804,6,1,0,0,3,0,62,130,1,1,0,0,0,1,2010,1,2010,0,0,0,0,0,1,2,55,1,2,2,1,0,0,1,66,1,1,1,89,1,1
29,290698,2,2,2,23,11,15,20,12,6,1,0,29,2,18,3,18003,4,1994,1G4CU5213RH6,1,G,4,C,U,5,2,1,3,R,H,6,0,P,BUIC,PAU,4D,94,17,3637,,0,1108,,G,,0,0,000000000,00000000000,0,0,0,1,0,0,0,0,0,0,0,61,0,0,0,12,12,6,2,12,0,0,0,1,29,64844,6,2,0,0,3,0,64,140,0,0,0,0,0,0,0,0,0,0,39,0,0,0,1,2,55,1,2,2,1,20,3,1,17,1,1,1,88,0,0
29,290699,1,2,1,23,11,16,4,12,6,1,0,29,1,21,17,21017,4,1987,2G3AJ51R0H93,2,G,3,A,J,5,1,R,0,H,9,3,0,P,OLDS,CCI,4D,87,17,2733,,0,1049,,G,,0,0,000000000,00000000000,0,0,0,1,0,0,0,0,0,0,0,998,0,0,0,12,12,6,2,12,0,0,0,1,29,63012,1,1,0,0,2,2,72,190,0,0,0,1,0,10,2009,10,2009,0,74,0,0,0,1,2,45,1,6,2,1,0,0,1,67,8,2,3,83,0,0
29,290699,2,2,1,23,11,16,4,12,6,1,0,29,1,12,17,12017,4,2002,1FAFP55202A2,1,F,A,F,P,5,5,2,0,2,A,2,0,P,FORD,TSS,4D,2,17,3392,,0,1085,,F,,0,0,000000000,00000000000,0,0,0,1,0,0,0,0,0,0,0,998,0,0,0,9,9,6,2,12,0,0,0,1,29,63125,6,1,0,0,3,3,67,200,0,0,0,0,0,0,0,0,0,0,38,0,0,0,1,2,30,2,2,2,1,20,3,11,15,1,1,1,82,1,0
29,290700,1,3,1,23,11,18,5,12,1,1,0,29,1,20,22,20022,2,2008,1G1AL18F8872,1,G,1,A,L,1,8,F,8,8,7,2,0,P,CHEV,BLT,CP,8,17,2991,,0,1033,,G,,0,0,000000000,00000000000,0,0,0,1,0,0,0,0,0,0,0,998,0,0,0,12,12,6,2,12,0,0,0,1,29,64085,6,1,6,0,3,0,75,330,0,0,0,0,0,0,0,0,0,1,36,0,0,0,1,2,60,1,1,1,1,0,0,1,50,1,1,1,20,0,0
29,290700,2,3,1,23,11,18,5,12,1,1,0,29,1,12,401,12401,14,2002,1FMZU73E92ZC,1,F,M,Z,U,7,3,E,9,2,Z,C,0,P,FORD,EPR,UT,2,17,4378,,0,1137,,G,,0,0,000000000,00000000000,0,0,0,1,0,0,0,0,0,0,0,0,0,0,0,6,8,6,2,12,0,0,0,1,29,64668,6,1,6,3,3,0,71,200,0,0,0,1,0,5,2009,5,2009,0,0,0,0,0,1,2,60,1,1,1,1,0,0,5,53,1,1,1,21,0,0
29,290700,3,3,2,23,11,18,5,12,1,1,0,29,1,18,3,18003,4,2000,1G4CW52K5Y42,1,G,4,C,W,5,2,K,5,Y,4,2,0,P,BUIC,PKA,4D,0,17,3778,,0,1138,,G,,0,0,000000000,00000000000,0,0,0,1,0,0,0,0,0,0,0,998,0,0,0,12,12,6,2,12,0,0,0,1,29,64085,6,1,0,0,3,3,64,180,0,0,0,0,0,0,0,0,0,0,0,0,0,0,1,2,60,1,1,1,1,0,0,1,62,1,1,1,98,1,0
29,290701,1,2,0,23,11,21,38,12,1,1,0,29,6,49,482,49482,31,2002,5TBBT48132S2,5,T,B,B,T,4,8,1,3,2,S,2,0,T,TOYT,TXL,4C,2,17,,2,0,1283,TUN,G,,0,0,000000000,00000000000,0,0,0,1,0,0,0,0,0,0,0,0,0,0,0,6,6,6,2,12,0,0,0,0,,,,,,,,,999,,,,,,,,,,,,54,20,0,0,3,2,70,1,1,2,1,0,0,0,53,0,0,0,32,0,0
29,290701,2,2,2,23,11,21,38,12,1,1,0,92,0,20,32,20032,4,1996,1Y1SK5264TZ0,1,Y,1,S,K,5,2,6,4,T,Z,0,0,P,GEO,GEP,4D,96,17,2359,,0,971,,G,,0,0,000000000,00000000000,0,0,0,1,0,0,0,0,0,0,0,70,0,0,0,12,12,6,2,12,0,0,0,1,29,65301,6,1,0,0,3,0,65,136,0,0,0,0,0,0,0,0,0,0,0,0,0,0,3,2,70,1,1,2,1,0,0,1,50,1,1,1,32,1,0
29,290702,1,1,1,24,11,0,15,23,0,1,0,29,2,12,473,12473,30,2001,1FMZU77E81UB,1,F,M,Z,U,7,7,E,8,1,U,B,0,P,FORD,EPR,UT,1,17,4332,,0,1259,,G,,0,0,000000000,00000000000,0,0,0,1,0,0,0,0,0,0,0,60,0,0,0,12,0,6,2,2,0,0,1,1,29,64836,6,1,0,0,3,0,74,220,1,0,0,0,1,5,2009,11,2009,0,0,0,0,0,1,2,60,1,5,1,2,0,0,1,13,1,1,4,1,1,0
29,290703,1,1,1,24,11,4,1,35,0,1,0,29,1,20,22,20022,4,2006,1G1AL55F9676,1,G,1,A,L,5,5,F,9,6,7,6,0,P,CHEV,BLT,4D,6,17,3216,,0,1033,,G,,0,0,000000000,00000000000,0,0,0,1,0,0,0,0,0,0,0,70,0,1,6,12,0,6,2,35,0,0,1,1,32,65043,6,1,0,0,3,0,71,165,0,0,0,0,0,0,0,0,0,0,0,0,0,0,2,2,70,2,2,1,2,0,0,14,12,1,1,4,6,1,1
29,290704,1,1,1,24,11,5,55,42,0,1,0,29,2,20,481,20481,31,1994,1GBDC14K4RZ2,1,G,B,D,C,1,4,K,4,R,Z,2,0,T,CHEV,GC1,PK,94,17,,1,1315,1175,GM4,G,,0,0,000000000,00000000000,0,0,0,1,0,0,0,0,0,0,0,60,0,0,0,9,9,6,2,42,0,0,0,1,29,63383,6,1,0,0,3,0,67,235,0,0,0,0,0,0,0,0,0,1,0,0,0,0,3,4,60,2,5,2,2,0,0,14,6,1,3,4,2,1,0
29,290705,1,2,1,24,11,6,47,12,6,1,0,29,1,7,472,7472,30,2000,1B7GG2ANXYS7,1,B,7,G,G,2,A,N,X,Y,S,7,0,T,DODG,QAD,4C,0,17,,1,0,1309,DAK,G,,0,0,000000000,00000000000,0,0,0,1,0,0,0,0,0,0,0,45,0,0,0,12,12,6,2,12,0,0,0,1,29,63775,6,1,0,0,3,3,62,110,0,0,0,0,0,0,0,0,0,1,0,0,0,0,1,2,45,1,1,2,2,0,0,1,72,8,2,2,83,0,0
29,290705,2,2,1,24,11,6,47,12,6,1,0,29,1,12,3,12003,2,2004,1FAFP42X44F1,1,F,A,F,P,4,2,X,4,4,F,1,0,P,FORD,MGT,CP,4,17,3114,,0,1013,,G,,0,0,000000000,00000000000,0,0,0,1,0,0,0,0,0,0,0,16,0,0,0,11,11,6,2,12,0,0,0,1,29,63775,6,1,0,0,3,0,72,165,0,0,0,1,0,8,2010,8,2010,0,38,0,0,0,0,0,0,0,0,0,0,0,0,11,54,1,1,1,82,1,0
29,290706,1,1,1,24,11,10,20,42,0,1,0,29,1,20,461,20461,21,1992,2GCEG25K1N41,2,G,C,E,G,2,5,K,1,N,4,1,0,T,CHEV,G20,VN,92,17,,2,1250,1100,VAN,G,,0,0,000000000,00000000000,0,0,0,1,0,0,0,0,0,0,0,55,0,0,0,9,9,6,2,42,0,0,0,1,29,64776,6,1,0,0,3,0,71,250,0,0,0,0,0,0,0,0,0,1,0,0,0,0,1,2,55,2,6,2,2,0,0,14,6,1,4,4,2,1,0
29,290707,1,1,1,24,11,20,25,1,0,1,0,5,2,20,401,20401,14,1997,1GNDT13W4V22,1,G,N,D,T,1,3,W,4,V,2,2,0,P,CHEV,BZR,UT,97,17,4046,,0,1070,,G,,0,0,000000000,00000000000,0,0,0,1,0,0,0,0,0,0,0,55,0,1,1,0,0,6,2,2,0,0,1,1,29,65647,6,1,6,0,3,0,73,181,0,0,0,0,0,0,0,0,0,0,58,0,0,0,1,2,55,3,1,2,1,0,0,14,13,8,4,6,98,1,1
29,290708,1,3,1,24,11,21,10,12,6,1,0,29,2,13,2,13002,2,1995,1LNLM91V9SY6,1,L,N,L,M,9,1,V,9,S,Y,6,0,P,LINC,M8L,CP,95,17,3768,,0,1130,,G,,0,0,000000000,00000000000,0,0,0,1,0,0,0,0,0,0,0,50,0,0,0,3,3,6,2,12,0,0,0,1,29,63025,6,2,0,0,3,3,71,192,0,0,0,0,1,11,2010,11,2010,1,0,0,0,0,1,2,45,3,1,2,2,0,0,14,6,1,4,2,64,1,0
29,290708,2,3,5,24,11,21,10,12,6,1,0,29,1,2,405,2405,14,2002,1J4GL58KX2W3,1,J,4,G,L,5,8,K,X,2,W,3,0,T,JEEP,LMD,4W,2,17,,1,0,1043,LIB,G,,0,0,000000000,00000000000,0,0,0,1,0,0,0,0,0,0,0,45,0,0,0,12,12,6,2,12,0,0,0,1,29,63020,6,1,6,0,3,0,69,175,1,0,0,0,0,5,2008,5,2008,0,0,0,0,0,1,2,45,2,1,2,2,0,0,14,62,1,1,1,65,0,0
29,290708,3,3,2,24,11,21,10,12,6,1,0,29,2,49,40,49040,4,2004,4T1BE30K04U2,4,T,1,B,E,3,0,K,0,4,U,2,0,P,TOYT,UXS,4D,4,17,3086,,0,1071,,G,,0,0,000000000,00000000000,0,0,0,1,0,0,0,0,0,0,0,40,0,0,0,13,13,2,3,12,0,0,0,1,29,63016,6,1,0,0,3,3,67,130,0,0,0,0,0,0,0,0,0,0,0,0,0,0,1,2,45,2,1,2,2,0,0,14,98,1,1,1,98,0,0