STATE,ST_CASE,VEH_NO,VE_FORMS,NUMOCCS,DAY,MONTH,HOUR,MINUTE,HARM_EV,MAN_COLL,UNITTYPE,HIT_RUN,REG_STAT,OWNER,MAKE,MODEL,MAK_MOD,BODY_TYP,MOD_YEAR,VIN,VIN_1,VIN_2,VIN_3,VIN_4,VIN_5,VIN_6,VIN_7,VIN_8,VIN_9,VIN_10,VIN_11,VIN_12,TOW_VEH,VINTYPE,VINMAKE,VINA_MOD,VIN_BT,VINMODYR,VIN_LNGT,VIN_WGT,WGTCD_TR,WHLBS_LG,WHLBS_SH,SER_TR,FUELCODE,MCYCL_DS,J_KNIFE,MCARR_I1,MCARR_I2,MCARR_ID,GVWR,V_CONFIG,CARGO_BT,HAZ_INV,HAZ_PLAC,HAZ_ID,HAZ_CNO,HAZ_REL,BUS_USE,SPEC_USE,EMER_USE,TRAV_SP,UNDERIDE,ROLLOVER,ROLINLOC,IMPACT1,IMPACT2,DEFORMED,TOWED,M_HARM,VEH_SC1,VEH_SC2,FIRE_EXP,DR_PRES,L_STATE,DR_ZIP,L_STATUS,L_TYPE,CDL_STAT,L_ENDORS,L_COMPL,L_RESTRI,DR_HGT,DR_WGT,PREV_ACC,PREV_SUS,PREV_DWI,PREV_SPD,PREV_OTH,FIRST_MO,FIRST_YR,LAST_MO,LAST_YR,SPEEDREL,DR_SF1,DR_SF2,DR_SF3,DR_SF4,VTRAFWAY,VNUM_LAN,VSPD_LIM,VALIGN,VPROFILE,VPAVETYP,VSURCOND,VTRAFCON,VTCONT_F,P_CRASH1,P_CRASH2,P_CRASH3,PCRASH4,PCRASH5,ACC_TYPE,DEATHS,DR_DRINK
29,290709,1,1,1,25,11,1,30,1,0,1,0,29,1,49,482,49482,31,2000,5TBBT4412YS0,5,T,B,B,T,4,4,1,2,Y,S,0,0,T,TOYT,TRS,4C,0,17,,2,0,1283,TUN,G,,0,0,000000000,00000000000,0,0,0,1,0,0,0,0,0,0,0,60,0,1,1,0,0,6,2,1,0,0,0,1,29,63559,6,1,0,0,3,0,74,200,0,0,0,0,0,0,0,0,0,0,58,0,0,0,1,2,55,1,1,2,2,0,0,6,13,1,1,6,98,1,1
29,290710,1,1,1,26,11,15,30,1,0,1,0,29,2,2,404,2404,14,1995,1J4GZ58S2SC5,1,J,4,G,Z,5,8,S,2,S,C,5,0,T,JEEP,LRO,4W,95,17,,1,0,1059,GCK,G,,0,0,000000000,00000000000,0,0,0,1,0,0,0,0,0,0,0,998,0,1,6,0,13,6,2,42,0,0,0,1,29,64055,6,1,0,0,3,3,61,150,0,0,0,0,0,0,0,0,0,0,0,0,0,0,2,2,45,3,2,2,1,0,0,14,13,1,3,4,2,1,0
29,290711,1,1,2,27,11,1,0,35,0,1,0,29,1,22,5,22005,2,1984,1G2AM37R1EP2,1,G,2,A,M,3,7,R,1,E,P,2,0,P,PONT,FSC,CP,84,17,2465,,0,934,,G,,0,0,000000000,00000000000,0,0,0,1,0,0,0,0,0,0,0,69,0,1,5,14,0,6,2,1,0,0,0,1,29,65326,6,1,0,0,3,0,69,167,1,0,0,0,0,11,2010,11,2010,1,36,0,0,0,1,2,55,3,5,2,1,0,0,14,13,1,1,4,1,1,1
29,290712,1,1,2,28,11,19,50,1,0,1,0,29,2,12,481,12481,31,1997,1FDKF38F1VEB,1,F,D,K,F,3,8,F,1,V,E,B,0,T,FORD,F35,CB,97,17,,3,1608,1370,COF,D,,0,0,000000000,00000000000,0,0,0,1,0,0,0,0,0,0,0,998,0,1,5,0,0,6,2,1,0,0,0,1,29,63447,6,1,0,0,3,0,67,200,1,0,0,0,0,10,2008,10,2008,0,0,0,0,0,1,2,55,3,5,2,1,0,0,14,12,1,2,4,7,1,1
29,290713,1,1,1,28,11,22,0,1,0,1,0,29,1,7,472,7472,30,2000,1B7GG26N7YS5,1,B,7,G,G,2,6,N,7,Y,S,5,0,T,DODG,DAK,PK,0,17,,1,0,1119,DAK,G,,0,0,000000000,00000000000,0,0,0,1,0,0,0,0,0,0,0,55,0,1,1,0,0,6,2,1,0,0,0,1,29,65706,6,1,0,0,3,0,67,145,0,0,0,0,0,0,0,0,0,1,58,0,0,0,1,2,55,3,6,2,1,0,0,14,13,8,4,6,98,1,1
29,290714,1,1,1,29,11,12,0,32,0,1,0,29,1,20,443,20443,20,2003,1GNDX03E73D1,1,G,N,D,X,0,3,E,7,3,D,1,0,T,CHEV,VTR,ES,3,17,,1,0,1200,VTR,G,,0,0,000000000,00000000000,0,0,0,1,0,0,0,0,0,0,0,55,0,1,5,12,0,6,2,1,0,0,0,1,29,65649,6,1,0,0,3,3,71,200,0,0,0,0,0,0,0,0,0,0,0,0,0,0,1,2,55,1,1,2,2,0,0,1,13,1,1,4,1,1,1
29,290715,1,1,1,4,8,10,55,33,0,1,0,29,1,12,17,12017,6,2004,1FAFP59S54A1,1,F,A,F,P,5,9,S,5,4,A,1,0,P,FORD,TEL,SW,4,17,3497,,0,1085,,G,,0,0,000000000,00000000000,0,0,0,1,0,0,0,0,0,0,0,998,0,0,0,12,12,6,2,31,0,0,0,1,29,64133,6,1,0,0,3,3,72,200,1,0,0,0,0,8,2010,8,2010,0,0,0,0,0,1,2,65,2,2,2,1,98,3,14,13,1,1,4,1,1,0
29,290716,1,1,1,13,9,17,11,31,0,1,0,29,2,41,402,41402,14,2004,4F2YZ94174KM,4,F,2,Y,Z,9,4,1,7,4,K,M,0,P,MAZD,TRI,UT,4,17,3491,,0,1031,,G,,0,0,000000000,00000000000,0,0,0,1,0,0,0,0,0,0,0,998,0,0,0,12,12,6,2,8,0,0,0,1,29,63128,6,1,0,0,3,0,74,190,0,0,0,1,0,1,2008,1,2008,0,0,0,0,0,1,4,30,1,1,2,1,0,0,1,98,1,1,5,98,0,0
29,290717,1,2,1,9,10,22,1,12,1,1,0,29,1,49,40,49040,4,1999,4T1BG22K4XU4,4,T,1,B,G,2,2,K,4,X,U,4,0,P,TOYT,UEX,4D,99,17,2998,,0,1051,,G,,0,0,000000000,00000000000,0,0,0,1,0,0,0,0,0,0,0,0,0,0,0,6,6,6,2,12,0,0,0,1,29,65803,6,1,0,0,3,3,66,140,0,0,0,0,0,0,0,0,0,0,0,0,0,0,5,4,45,1,1,1,1,3,3,5,98,1,1,1,21,0,0
29,290717,2,2,1,9,10,22,1,12,1,1,0,29,1,72,706,72706,80,2004,1HD4CJM134K4,1,H,D,4,C,J,M,1,3,4,K,4,0,M,HD,L8C,RS,4,17,,,,,,,883,0,0,000000000,00000000000,0,0,0,1,0,0,0,0,0,0,0,998,0,0,0,12,12,6,2,12,0,0,0,1,29,65714,6,1,0,0,3,0,70,160,0,0,0,0,0,0,0,0,0,1,0,0,0,0,5,4,45,1,1,1,1,3,3,1,50,1,1,1,20,1,1
29,290718,1,1,1,30,11,16,13,33,0,1,0,29,1,12,13,12013,2,2001,3FAFP113X1R1,3,F,A,F,P,1,1,3,X,1,R,1,0,P,FORD,ZX2,CP,1,17,2462,,0,984,,G,,0,0,000000000,00000000000,0,0,0,1,0,0,0,0,0,0,0,998,0,1,5,11,0,6,2,1,0,0,0,1,29,64029,6,1,0,0,3,3,74,266,0,0,0,1,0,8,2008,8,2008,1,0,0,0,0,1,2,55,1,1,2,1,0,0,1,6,99,3,4,2,1,1
29,290719,1,2,1,1,12,12,23,33,0,1,0,29,1,12,442,12442,20,1998,2FMDA51U5WBA,2,F,M,D,A,5,1,U,5,W,B,A,0,T,FORD,WWG,ES,98,17,,1,0,1207,WIN,G,,0,0,000000000,00000000000,0,0,0,1,0,0,0,0,0,0,0,998,0,0,0,12,12,6,2,12,0,0,0,1,29,65802,6,1,0,0,3,0,65,169,0,0,0,0,1,1,2009,1,2009,0,0,0,0,0,1,2,30,1,1,2,1,0,0,1,54,1,1,1,98,1,0
29,290719,2,2,1,1,12,12,23,33,0,1,0,29,1,7,472,7472,30,2001,1B7GL2AX21S2,1,B,7,G,L,2,A,X,2,1,S,2,0,T,DODG,QAD,4C,1,17,,1,0,1309,DAK,G,,0,0,000000000,00000000000,0,0,0,1,0,0,0,0,0,0,0,998,0,0,0,12,12,6,2,12,0,0,0,1,29,65804,6,1,0,0,3,0,69,195,0,1,1,1,1,8,2008,11,2010,0,0,0,0,0,1,2,30,1,1,2,1,0,0,1,10,7,1,4,1,0,0
29,290720,1,1,1,2,12,8,0,15,0,1,0,92,0,24,1,24001,4,1995,1G8ZK5277SZ3,1,G,8,Z,K,5,2,7,7,S,Z,3,0,P,STRN,SL2,4D,95,17,2338,,0,1024,,G,,0,0,000000000,00000000000,0,0,0,1,0,0,0,0,0,0,0,5,0,0,0,12,12,2,1,15,0,0,0,1,29,64114,6,1,0,0,3,3,62,110,0,0,0,1,0,3,2009,3,2009,0,38,0,0,0,1,2,98,1,2,2,1,3,3,10,80,1,1,1,13,0,0
29,290721,1,1,2,2,12,13,50,1,0,1,0,29,2,20,481,20481,31,1995,1GBGC34K9SZ1,1,G,B,G,C,3,4,K,9,S,Z,1,0,T,CHEV,GC3,CB,95,17,,2,1595,1315,GM4,G,,0,0,000000000,00000000000,0,0,0,1,0,0,0,0,0,0,0,50,0,2,5,0,0,6,2,1,0,0,0,1,29,65672,6,1,0,0,3,3,69,168,1,0,0,0,0,8,2010,8,2010,0,0,0,0,0,1,2,55,1,6,2,1,0,0,1,13,6,3,4,2,1,0
29,290722,1,3,1,2,12,18,0,12,6,1,0,29,1,22,20,22020,2,1999,1G2WP12K2XF2,1,G,2,W,P,1,2,K,2,X,F,2,0,P,PONT,GPG,CP,99,17,3396,,0,1105,,G,,0,0,000000000,00000000000,0,0,0,1,0,0,0,0,0,0,0,55,0,0,0,12,12,6,2,12,0,0,0,1,29,63660,2,1,0,0,2,0,62,125,0,1,0,1,0,9,2009,11,2009,0,0,0,0,0,1,2,55,2,3,2,1,0,0,14,62,1,1,1,69,1,0
29,290722,2,3,1,2,12,18,0,12,6,1,0,29,2,52,45,52045,6,1992,JA3CZ59W4NZ0,J,A,3,C,Z,5,9,W,4,N,Z,0,0,P,MITS,ES4,SW,92,17,3163,,0,1071,,G,,0,0,000000000,00000000000,0,0,0,1,0,0,0,0,0,0,0,10,0,0,0,7,7,2,1,12,0,0,0,1,29,63628,6,1,0,0,3,0,61,145,0,0,0,0,0,0,0,0,0,0,38,0,0,0,1,2,55,3,3,2,1,0,0,11,10,99,1,1,68,0,0
29,290722,3,3,2,2,12,18,0,12,6,1,0,29,1,20,431,20431,16,1999,3GNGK26J4XG2,3,G,N,G,K,2,6,J,4,X,G,2,0,P,CHEV,K25,UT,99,17,5574,,0,1315,,G,,0,0,000000000,00000000000,0,0,0,1,0,0,0,0,0,0,0,55,0,0,0,12,12,6,2,12,0,0,0,1,29,63630,6,1,0,0,3,0,71,300,0,0,0,0,0,0,0,0,0,0,0,0,0,0,1,2,55,3,3,2,1,0,0,14,62,1,1,1,98,0,0
29,290723,1,1,1,3,12,5,0,34,0,1,0,29,2,13,1,13001,4,1991,1LNCM82WXMY7,1,L,N,C,M,8,2,W,X,M,Y,7,0,P,LINC,SIG,4D,91,17,4055,,0,1174,,G,,0,0,000000000,00000000000,0,0,0,1,0,0,0,0,0,0,0,60,0,0,0,12,12,6,2,34,0,0,0,1,29,63501,6,2,0,0,3,2,73,220,0,0,0,0,0,0,0,0,0,0,73,0,0,0,1,2,55,3,5,2,1,0,0,14,13,99,4,4,2,1,1
29,290724,1,1,2,4,12,23,30,32,0,1,0,29,1,12,401,12401,14,1998,1FMZU35P0WZA,1,F,M,Z,U,3,5,P,0,W,Z,A,0,P,FORD,EPR,UT,98,17,4374,,0,1115,,G,,0,0,000000000,00000000000,0,0,0,1,0,0,0,0,0,0,0,50,0,1,5,10,0,6,2,1,0,0,0,1,29,65757,6,1,0,0,3,0,65,135,0,0,0,0,0,0,0,0,0,1,0,0,0,0,1,2,50,1,1,4,1,0,0,1,13,6,3,4,2,1,1
29,290725,1,2,2,5,12,0,42,12,6,1,0,29,2,20,2,20002,4,2000,2G1WF55E6Y91,2,G,1,W,F,5,5,E,6,Y,9,1,0,P,CHEV,IMP,4D,0,17,3389,,0,1110,,G,,0,0,000000000,00000000000,0,0,0,1,0,0,0,0,0,0,0,998,0,0,0,12,61,6,2,21,0,0,1,1,29,64056,6,1,0,0,3,0,65,135,0,0,0,0,0,0,0,0,0,1,27,0,0,0,3,4,65,1,2,2,1,0,0,6,51,1,1,2,47,1,1
29,290725,2,2,1,5,12,0,42,12,6,1,0,29,2,12,401,12401,14,1996,1FMDU34X8TUC,1,F,M,D,U,3,4,X,8,T,U,C,0,P,FORD,EPR,UT,96,17,4189,,0,1115,,G,,0,0,000000000,00000000000,0,0,0,1,0,0,0,0,0,0,0,998,0,0,0,5,5,6,2,12,0,0,0,1,20,66103,6,1,0,0,3,3,63,130,0,0,0,1,0,7,2008,7,2008,0,0,0,0,0,3,4,65,1,2,2,1,0,0,1,53,1,1,1,45,0,0
29,290727,1,1,1,5,12,15,43,35,0,1,0,29,1,20,20,20020,4,1992,2G1WN54T8N11,2,G,1,W,N,5,4,T,8,N,1,1,0,P,CHEV,EUR,4D,92,17,3256,,0,1075,,G,,0,0,000000000,00000000000,0,0,0,1,0,0,0,0,0,0,0,55,0,1,5,12,0,6,2,1,0,0,0,1,29,65565,6,1,0,0,3,0,70,180,0,0,0,0,0,0,0,0,0,0,0,0,0,0,1,2,55,3,1,2,1,0,0,14,10,1,4,4,7,1,1
29,290728,1,1,1,5,12,19,39,35,0,1,0,29,1,49,43,49043,4,1999,4T1BF18B4XU3,4,T,1,B,F,1,8,B,4,X,U,3,0,P,TOYT,UVS,4D,99,17,3340,,0,1071,,G,,0,0,000000000,00000000000,0,0,0,1,0,0,0,0,0,0,0,105,0,1,5,12,0,6,2,1,0,0,0,1,29,65202,6,1,0,0,3,3,67,145,0,0,0,2,0,3,2008,2,2009,1,0,0,0,0,1,2,45,4,2,1,1,0,0,14,10,1,2,4,7,1,1
29,290729,1,1,1,6,12,0,0,35,0,1,0,0,0,99,998,99998,97,9999,999999999999,9,9,9,9,9,9,9,9,9,9,9,9,0,U,,,,9,17,,,,,,,,0,0,000000000,00000000000,0,0,0,1,0,0,0,0,0,0,0,10,0,1,5,12,0,6,2,1,0,0,0,1,29,65338,6,1,0,0,3,0,72,230,0,1,0,0,0,9,2008,9,2008,0,0,0,0,0,1,2,50,1,6,4,1,0,0,1,10,1,1,4,6,1,1
29,290730,1,1,1,6,12,15,5,8,0,1,0,20,1,20,471,20471,30,1996,1GCCS19X3T81,1,G,C,C,S,1,9,X,3,T,8,1,0,T,CHEV,S14,PC,96,17,,1,0,1229,S,G,,0,0,000000000,00000000000,0,0,0,1,0,0,0,0,0,0,0,60,0,0,0,12,12,4,1,8,0,0,0,1,20,66202,6,1,0,0,3,3,69,195,0,0,0,0,0,0,0,0,0,0,0,0,0,0,3,3,65,1,2,2,1,0,0,1,80,4,1,1,13,0,0
29,290731,1,1,1,8,12,4,45,8,0,1,0,93,3,51,881,51881,66,2011,4V4NC9EHXBN2,4,V,4,N,C,9,E,H,X,B,N,2,1,T,VOLV,VNL,DS,11,17,,8,0,0,VVN,D,,1,57,108168,57108168,3,6,1,1,0,0,0,0,0,0,0,58,0,0,0,12,12,6,2,8,0,0,1,1,49,84107,6,1,6,0,3,0,71,200,98,0,0,0,1,5,2008,5,2008,0,0,0,0,0,3,2,55,1,1,1,4,0,0,15,80,1,1,1,13,0,0
29,290732,1,2,1,8,12,17,20,12,6,1,0,29,3,12,481,12481,31,2008,1FTRF122X8KB,1,F,T,R,F,1,2,2,X,8,K,B,0,T,FORD,F15,PK,8,17,,2,1450,1260,COF,G,,0,0,000000000,00000000000,0,0,0,1,0,0,0,0,0,0,0,65,0,1,3,12,12,6,2,12,0,0,0,1,29,65032,6,1,0,0,3,0,77,215,0,0,0,0,0,0,0,0,0,0,0,0,0,0,2,2,65,3,5,2,1,0,0,14,66,1,1,1,88,0,0
29,290732,2,2,1,8,12,17,20,12,6,1,0,29,2,12,17,12017,4,2005,1FAFP53U95A1,1,F,A,F,P,5,3,U,9,5,A,1,0,P,FORD,TSE,4D,5,17,3306,,0,1085,,G,,0,0,000000000,00000000000,0,0,0,1,0,0,0,0,0,0,0,15,0,0,0,9,9,6,2,12,0,0,0,1,29,65043,6,2,0,0,3,3,64,180,0,0,0,0,0,0,0,0,0,0,38,0,0,0,1,2,45,1,6,2,1,20,3,4,17,1,1,1,89,1,0
29,290733,1,1,2,9,12,5,52,58,0,1,0,29,1,49,32,49032,4,2006,1NXBR32EX6Z5,1,N,X,B,R,3,2,E,X,6,Z,5,0,P,TOYT,UCS,4D,6,17,2530,,0,1024,,G,,0,0,000000000,00000000000,0,0,0,1,0,0,0,0,0,0,0,79,0,1,5,14,0,6,2,1,0,0,0,1,19,50138,6,1,0,0,3,3,72,150,0,1,0,0,0,7,2009,7,2009,1,0,0,0,0,1,2,60,2,1,2,1,0,0,14,12,1,1,4,6,1,1
29,290734,1,2,1,10,12,2,46,12,2,1,0,17,1,7,482,7482,31,1999,3B7HC13Y7XG1,3,B,7,H,C,1,3,Y,7,X,G,1,0,T,DODG,Q15,4C,99,17,,2,1547,1387,RPC,G,,0,0,000000000,00000000000,0,0,0,1,0,0,0,0,0,0,0,70,0,0,0,12,12,6,2,12,0,0,0,1,17,62207,6,1,0,0,3,0,70,220,0,0,0,0,0,0,0,0,0,1,51,0,0,0,3,3,55,1,1,2,1,0,0,1,54,1,1,1,52,1,1
29,290734,2,2,1,10,12,2,46,12,2,1,0,17,1,82,881,82881,66,1999,1FUYDDYB5XP9,1,F,U,Y,D,D,Y,B,5,X,P,9,1,T,FRHT,FLD,DS,99,17,,8,0,0,CON,D,,1,57,159915,57159915,3,6,1,1,0,0,0,0,0,0,0,55,0,0,0,12,12,6,2,12,0,0,0,1,17,62321,6,1,6,0,3,3,65,130,0,0,0,0,0,0,0,0,0,0,0,0,0,0,3,3,55,1,1,2,1,0,0,1,54,9,1,1,52,0,0
29,290735,1,1,1,9,12,12,25,30,0,1,0,29,2,35,48,35048,2,2003,JN1AZ34E33T0,J,N,1,A,Z,3,4,E,3,3,T,0,0,P,NISS,3ZC,CP,3,17,3062,,0,1083,,G,,0,0,000000000,00000000000,0,0,0,1,0,0,0,0,0,0,0,998,0,0,0,12,12,6,2,30,0,0,0,1,19,65804,6,1,0,0,3,3,69,210,0,0,0,0,1,10,2009,10,2009,1,0,0,0,0,1,4,35,1,2,2,1,0,0,1,13,1,1,4,1,0,0
29,290736,1,1,1,10,12,4,2,10,0,1,0,29,1,12,481,12481,31,2000,1FTRX18W8YKA,1,F,T,R,X,1,8,W,8,Y,K,A,0,T,FORD,F15,4C,0,17,,2,1574,1388,COF,G,,0,0,000000000,00000000000,0,0,0,1,0,0,0,0,0,0,0,50,0,0,0,12,12,6,2,10,0,0,0,1,29,64648,6,1,0,0,3,0,65,100,0,0,0,0,0,0,0,0,0,0,38,39,0,0,1,2,55,1,6,2,1,65,3,1,98,1,1,1,98,1,0
29,290737,1,2,1,10,12,6,30,12,6,1,0,29,1,18,7,18007,4,2004,2G4WS52J1412,2,G,4,W,S,5,2,J,1,4,1,2,0,P,BUIC,CCU,4D,4,17,3342,,0,1090,,G,,0,0,000000000,00000000000,0,0,0,1,0,0,0,0,0,0,0,998,0,0,0,3,3,6,2,12,0,0,0,1,29,65470,6,1,0,0,3,3,62,130,0,0,0,0,0,0,0,0,0,1,0,0,0,0,1,2,55,3,1,2,4,0,0,14,10,1,4,2,64,1,0
29,290737,2,2,1,10,12,6,30,12,6,1,0,29,3,82,981,82981,50,2005,4UZAAWCT95CN,4,U,Z,A,A,W,C,T,9,5,C,N,0,T,FRHT,FS6,IC,5,17,,6,0,0,CHA,D,,0,77,777777777,77777777777,8,21,22,1,0,0,0,0,1,0,0,32,0,0,0,12,12,6,2,12,0,0,0,1,29,65570,6,1,6,3,3,0,64,140,0,0,0,1,0,12,2007,12,2007,0,0,0,0,0,1,2,55,2,1,2,4,0,0,14,62,3,1,1,65,0,0
29,290738,1,1,1,10,12,15,25,59,0,1,0,29,1,73,706,73706,80,2001,JKAZRDH131A0,J,K,A,Z,R,D,H,1,3,1,A,0,0,M,KAWK,ZRH,RS,1,17,,,,,,,750,0,0,000000000,00000000000,0,0,0,1,0,0,0,0,0,0,0,80,0,0,0,12,12,6,2,30,0,0,0,1,29,63137,6,1,0,0,3,3,69,170,1,1,0,0,1,1,2008,2,2009,1,0,0,0,0,1,2,55,3,5,2,1,0,0,14,13,1,1,4,1,1,0
29,290739,1,1,3,11,12,13,25,58,0,1,0,29,2,12,37,12037,4,2002,1FAFP33P92W3,1,F,A,F,P,3,3,P,9,2,W,3,0,P,FORD,FOX,4D,2,17,2604,,0,1030,,G,,0,0,000000000,00000000000,0,0,0,1,0,0,0,0,0,0,0,50,0,1,5,14,0,6,2,1,0,0,0,1,29,65440,6,1,0,0,3,0,68,135,0,0,0,0,0,0,0,0,0,1,0,0,0,0,1,2,55,2,5,2,2,0,0,14,13,1,3,4,2,1,0
29,290740,1,2,2,11,12,14,35,12,8,1,0,29,1,6,52,6052,1,2005,3C4FY58B25T5,3,C,4,F,Y,5,8,B,2,5,T,5,0,P,CHRY,PTC,SV,5,17,3033,,0,1030,,G,,0,0,000000000,00000000000,0,0,0,1,0,0,0,0,0,0,0,998,0,0,0,9,9,6,2,12,0,0,0,1,29,65548,6,1,0,0,3,0,71,200,0,0,0,0,0,0,0,0,0,0,0,0,0,0,1,2,60,1,1,2,1,0,0,1,10,1,1,2,64,1,0
29,290740,2,2,1,11,12,14,35,12,8,1,0,40,3,84,881,84881,66,2007,2HSCNAPR97C3,2,H,S,C,N,A,P,R,9,7,C,3,1,T,INTL,94I,DS,7,17,,8,0,0,940,D,,1,57,063585,57063585,3,6,1,1,0,0,0,0,0,0,0,998,0,0,0,11,11,2,3,12,0,0,0,1,29,65807,6,1,6,3,3,3,72,240,1,0,0,1,0,4,2008,7,2010,0,0,0,0,0,1,2,60,1,1,2,1,0,0,1,62,9,1,1,65,0,0
29,290741,1,2,3,12,12,8,15,12,2,1,0,29,1,12,441,12441,20,1994,1FMCA11U9RZA,1,F,M,C,A,1,1,U,9,R,Z,A,0,P,FORD,ARO,SV,94,17,3481,,0,1190,,G,,0,0,000000000,00000000000,0,0,0,1,0,0,0,0,0,0,0,55,0,0,0,12,12,6,2,12,0,0,0,1,29,65536,6,1,0,0,3,3,68,180,1,0,0,0,0,4,2009,4,2009,1,0,0,0,0,1,2,55,1,5,2,3,0,0,1,10,1,1,2,50,1,0
29,290741,2,2,1,12,12,8,15,12,2,1,0,29,1,7,482,7482,31,1998,3B7KC26D5WM2,3,B,7,K,C,2,6,D,5,W,M,2,0,T,DODG,250,PK,98,17,,2,0,1347,RPC,D,,0,0,000000000,00000000000,0,0,0,1,0,0,0,0,0,0,0,45,0,0,0,12,12,6,2,12,0,0,0,1,29,65536,6,1,0,0,3,0,76,210,0,0,0,0,0,0,0,0,0,0,0,0,0,0,1,2,55,1,6,2,3,0,0,1,62,1,1,1,51,0,0
29,290742,1,1,1,13,12,18,22,25,0,1,0,29,1,22,22,22022,4,2008,1G2ZH57N9841,1,G,2,Z,H,5,7,N,9,8,4,1,0,P,PONT,GGT,4D,8,17,3457,,0,1123,,G,,0,0,000000000,00000000000,0,0,0,1,0,0,0,0,0,0,0,998,0,1,5,12,0,6,2,1,0,0,0,1,29,64116,6,1,0,0,3,3,67,150,1,0,0,0,0,12,2008,12,2008,0,0,0,0,0,3,3,55,2,2,1,1,0,0,14,13,1,1,4,1,1,1
29,290743,1,1,2,13,12,23,5,35,0,1,0,29,1,7,482,7482,31,2007,1D7HA162X7J5,1,D,7,H,A,1,6,2,X,7,J,5,0,T,DODG,S15,PK,7,17,,2,1405,1205,RPC,G,,0,0,000000000,00000000000,0,0,0,1,0,0,0,0,0,0,0,61,0,1,5,12,0,6,2,1,0,0,0,1,29,63869,6,1,0,0,3,0,73,225,0,1,0,3,0,2,2009,6,2010,0,0,0,0,0,1,2,60,1,1,2,1,0,0,1,12,1,1,4,6,1,0
29,290744,1,2,2,14,12,7,45,12,6,1,0,29,1,55,37,55037,2,2001,KMHJG25F41U2,K,M,H,J,G,2,5,F,4,1,U,2,0,P,HYUN,TIB,CP,1,17,2633,,0,974,,G,,0,0,000000000,00000000000,0,0,0,1,0,0,0,0,0,0,0,50,0,0,0,3,3,6,2,12,0,0,0,1,29,65613,6,2,0,0,3,0,60,106,0,0,0,0,0,0,0,0,0,1,58,0,0,0,1,2,50,1,6,7,1,0,0,1,10,1,4,2,64,1,0
29,290744,2,2,1,14,12,7,45,12,6,1,0,29,1,12,481,12481,31,1996,1FTEF14Y4TLB,1,F,T,E,F,1,4,Y,4,T,L,B,0,T,FORD,F15,PK,96,17,,2,1330,1170,COF,G,,0,0,000000000,00000000000,0,0,0,1,0,0,0,0,0,0,0,5,0,0,0,12,12,6,2,12,0,0,0,1,29,65613,6,2,0,0,3,0,74,250,0,0,0,0,0,0,0,0,0,0,0,0,0,0,1,2,50,1,5,7,1,0,0,2,60,2,1,1,65,0,0
29,290745,1,1,2,14,12,18,55,42,0,1,0,29,2,12,401,12401,14,2002,1FMZU73E32UC,1,F,M,Z,U,7,3,E,3,2,U,C,0,P,FORD,EPR,UT,2,17,4378,,0,1137,,G,,0,0,000000000,00000000000,0,0,0,1,0,0,0,0,0,0,0,55,0,0,0,9,9,6,2,42,0,0,0,1,29,63775,3,1,0,0,2,3,70,175,0,0,0,0,0,0,0,0,0,0,0,0,0,0,1,2,55,2,2,2,1,0,0,14,12,7,3,4,7,1,1
29,290746,1,1,1,15,12,17,40,58,0,1,0,29,1,23,471,23471,30,2002,1GKDT13S2223,1,G,K,D,T,1,3,S,2,2,2,3,0,T,GMC,ENV,4W,2,17,,1,0,1130,ENV,G,,0,0,000000000,00000000000,0,0,0,1,0,0,0,0,0,0,0,65,0,1,3,12,0,6,2,1,0,0,0,1,29,64747,6,1,0,0,3,0,60,105,0,0,0,1,0,11,2010,11,2010,1,0,0,0,0,2,2,70,1,1,2,2,0,0,1,13,3,2,4,2,1,0
29,290747,1,1,2,15,12,18,53,35,0,1,0,29,1,20,481,20481,31,2006,3GCEC14X86G2,3,G,C,E,C,1,4,X,8,6,G,2,0,T,CHEV,SC1,PK,6,17,,2,1330,1190,SIL,G,,0,0,000000000,00000000000,0,0,0,1,0,0,0,0,0,0,0,998,0,1,5,12,0,6,2,1,0,0,0,1,29,65251,6,1,0,0,3,3,74,200,0,0,0,0,0,0,0,0,0,1,0,0,0,0,2,2,70,1,1,2,2,0,0,1,13,1,1,4,1,2,0
29,290748,1,2,3,15,12,19,45,12,1,1,0,29,1,14,17,14017,4,1997,1MELM50U3VA6,1,M,E,L,M,5,0,U,3,V,A,6,0,P,MERC,SGS,4D,97,17,3388,,0,1085,,G,,0,0,000000000,00000000000,0,0,0,1,0,0,0,0,0,0,0,10,0,0,0,6,6,6,2,12,0,0,0,1,29,63052,6,1,0,0,3,3,65,200,0,0,0,0,0,0,0,0,0,0,0,0,0,0,1,2,65,3,5,2,2,0,0,14,53,1,1,1,25,1,0
29,290748,2,2,1,15,12,19,45,12,1,1,0,17,3,51,883,51883,66,2000,4V4ND1RJ9YN7,4,V,4,N,D,1,R,J,9,Y,N,7,1,T,VOLV,VVN,DS,0,17,,8,0,0,VVN,D,,1,57,1013003,571013003,3,6,1,1,0,0,0,0,0,0,0,55,0,0,0,12,81,4,3,12,0,0,0,1,17,60656,6,1,6,0,3,0,69,210,0,0,0,0,1,6,2010,6,2010,1,26,0,0,0,1,2,65,3,5,2,2,0,0,6,51,6,1,1,24,0,0