STATE,ST_CASE,VEH_NO,VE_FORMS,NUMOCCS,DAY,MONTH,HOUR,MINUTE,HARM_EV,MAN_COLL,UNITTYPE,HIT_RUN,REG_STAT,OWNER,MAKE,MODEL,MAK_MOD,BODY_TYP,MOD_YEAR,VIN,VIN_1,VIN_2,VIN_3,VIN_4,VIN_5,VIN_6,VIN_7,VIN_8,VIN_9,VIN_10,VIN_11,VIN_12,TOW_VEH,VINTYPE,VINMAKE,VINA_MOD,VIN_BT,VINMODYR,VIN_LNGT,VIN_WGT,WGTCD_TR,WHLBS_LG,WHLBS_SH,SER_TR,FUELCODE,MCYCL_DS,J_KNIFE,MCARR_I1,MCARR_I2,MCARR_ID,GVWR,V_CONFIG,CARGO_BT,HAZ_INV,HAZ_PLAC,HAZ_ID,HAZ_CNO,HAZ_REL,BUS_USE,SPEC_USE,EMER_USE,TRAV_SP,UNDERIDE,ROLLOVER,ROLINLOC,IMPACT1,IMPACT2,DEFORMED,TOWED,M_HARM,VEH_SC1,VEH_SC2,FIRE_EXP,DR_PRES,L_STATE,DR_ZIP,L_STATUS,L_TYPE,CDL_STAT,L_ENDORS,L_COMPL,L_RESTRI,DR_HGT,DR_WGT,PREV_ACC,PREV_SUS,PREV_DWI,PREV_SPD,PREV_OTH,FIRST_MO,FIRST_YR,LAST_MO,LAST_YR,SPEEDREL,DR_SF1,DR_SF2,DR_SF3,DR_SF4,VTRAFWAY,VNUM_LAN,VSPD_LIM,VALIGN,VPROFILE,VPAVETYP,VSURCOND,VTRAFCON,VTCONT_F,P_CRASH1,P_CRASH2,P_CRASH3,PCRASH4,PCRASH5,ACC_TYPE,DEATHS,DR_DRINK
29,290779,4,4,2,29,12,18,21,12,8,1,0,29,1,12,481,12481,31,1994,2FTHF26F1RCA,2,F,T,H,F,2,6,F,1,R,C,A,0,T,FORD,F25,PK,94,17,,2,0,1330,COF,D,,0,0,000000000,00000000000,0,0,0,1,0,0,0,0,0,0,0,998,0,0,0,10,61,6,2,12,0,0,0,1,29,65453,6,1,6,0,3,0,68,140,0,0,0,0,0,0,0,0,0,0,0,0,0,0,1,2,55,1,1,2,2,0,0,1,62,1,1,1,65,0,0
29,290780,1,1,1,31,12,0,15,35,0,1,0,29,1,23,481,23481,31,2009,2GTEK2906911,2,G,T,E,K,2,9,0,6,9,1,1,0,T,GMC,1NK,4C,9,17,,2,1575,1339,SIE,F,,0,0,000000000,00000000000,0,0,0,1,0,0,0,0,0,0,0,55,0,1,5,12,0,6,2,35,0,0,0,1,29,63552,6,1,0,0,3,0,72,180,0,0,0,1,0,6,2009,6,2009,0,0,0,0,0,1,2,55,1,5,2,1,0,0,1,10,1,1,4,6,1,0
29,290781,1,1,2,31,12,14,23,33,0,1,0,29,1,20,16,20016,2,2002,1G1JH12F1274,1,G,1,J,H,1,2,F,1,2,7,4,0,P,CHEV,CLP,CP,2,17,2749,,0,1041,,G,,0,0,000000000,00000000000,0,0,0,1,0,0,0,0,0,0,0,43,0,1,1,14,0,6,2,1,0,0,0,1,29,64151,6,1,0,0,3,0,62,215,0,0,0,0,1,8,2010,8,2010,0,0,0,0,0,2,3,45,1,1,2,1,0,0,1,12,1,1,4,6,1,0
29,290782,1,1,1,7,6,11,13,32,0,1,0,29,5,53,705,53705,80,1998,JS1GN78A3W21,J,S,1,G,N,7,8,A,3,W,2,1,0,M,SUZI,G60,RS,98,17,,,,,,,600,0,0,000000000,00000000000,0,0,0,1,0,0,0,0,0,0,0,998,0,0,0,12,12,6,2,32,0,0,0,1,29,63664,3,1,0,0,2,0,70,155,0,0,0,0,2,5,2010,5,2010,1,39,0,0,0,1,2,20,1,6,2,1,20,3,1,14,1,1,4,14,1,0
29,290783,1,2,2,6,12,14,16,12,6,1,0,17,1,37,32,37032,2,1991,1HGCB7252MA0,1,H,G,C,B,7,2,5,2,M,A,0,0,P,HOND,ALX,CP,91,17,2822,,0,1071,,G,,0,0,000000000,00000000000,0,0,0,1,0,0,0,0,0,0,0,998,0,0,0,12,12,6,2,12,0,0,0,1,17,62999,6,1,0,0,3,0,65,200,0,2,0,0,1,2,2008,8,2008,0,0,0,0,0,1,2,50,2,1,1,1,0,0,14,17,3,2,1,86,1,0
29,290783,2,2,1,6,12,14,16,12,6,1,0,29,3,20,461,20461,21,2005,1GCHG35UX512,1,G,C,H,G,3,5,U,X,5,1,2,0,T,CHEV,E35,CG,5,17,,2,0,1350,EXP,G,,0,0,000000000,00000000000,0,0,0,1,0,0,0,0,0,0,0,998,0,0,0,4,4,6,2,12,0,0,0,1,29,63020,6,1,6,0,3,3,69,190,0,0,0,0,0,0,0,0,0,0,39,0,0,0,1,2,35,1,1,2,1,20,3,1,17,1,1,1,87,0,0
29,290784,1,1,4,12,9,0,1,5,0,1,0,29,1,22,18,22018,2,1999,1G2NE12E6XM9,1,G,2,N,E,1,2,E,6,X,M,9,0,P,PONT,GAS,CP,99,17,3052,,0,1071,,G,,0,0,000000000,00000000000,0,0,0,1,0,0,0,0,0,0,0,20,0,0,0,0,0,0,1,5,0,0,0,1,29,63901,6,1,0,0,3,0,62,130,1,0,0,1,0,10,2008,12,2008,0,0,0,0,0,1,2,45,1,1,2,1,0,0,1,98,1,1,1,0,1,0
29,290785,1,1,1,2,12,11,35,35,0,1,0,29,1,7,481,7481,31,1987,1B7HW14T1HS3,1,B,7,H,W,1,4,T,1,H,S,3,0,T,DODG,W15,PK,87,17,,2,1310,1150,W15,G,,0,0,000000000,00000000000,0,0,0,1,0,0,0,0,0,0,0,55,0,1,5,12,0,6,2,1,0,0,0,1,29,65037,6,1,0,0,3,3,68,212,0,0,0,0,0,0,0,0,0,0,0,0,0,0,1,2,65,1,2,2,1,0,0,1,13,1,1,4,1,1,0
29,290786,1,2,1,3,12,19,38,12,2,1,0,20,2,12,13,12013,2,2001,3FAFP113X1R1,3,F,A,F,P,1,1,3,X,1,R,1,0,P,FORD,ZX2,CP,1,17,2462,,0,984,,G,,0,0,000000000,00000000000,0,0,0,1,0,0,0,0,0,0,0,70,0,0,0,12,12,6,2,12,0,0,0,1,20,66205,6,1,0,0,3,0,65,100,0,0,0,0,0,0,0,0,0,0,28,0,0,0,3,2,70,2,1,2,1,0,0,14,54,3,2,6,50,1,0
29,290786,2,2,1,3,12,19,38,12,2,1,0,29,1,14,401,14401,14,2002,4M2ZU86E72ZJ,4,M,2,Z,U,8,6,E,7,2,Z,J,0,P,MERC,MOU,UT,2,17,4410,,0,1138,,G,,0,0,000000000,00000000000,0,0,0,1,0,0,0,0,0,0,0,70,0,0,0,12,12,6,2,12,0,0,0,1,29,64129,6,1,0,0,3,0,68,174,0,0,0,0,0,0,0,0,0,0,0,0,0,0,3,2,70,3,1,2,1,0,0,14,62,1,1,1,51,0,0
29,290787,1,1,1,9,12,9,30,38,0,1,0,29,1,20,473,20473,30,2007,1GCDT13EX782,1,G,C,D,T,1,3,E,X,7,8,2,0,T,CHEV,RDO,CW,7,17,,1,0,1260,CAL,G,,0,0,000000000,00000000000,0,0,0,1,0,0,0,0,0,0,0,55,0,0,0,12,12,6,2,42,0,0,0,1,29,65646,6,1,0,0,3,3,70,160,0,0,0,0,0,0,0,0,0,0,0,0,0,0,1,2,55,1,6,2,1,0,0,1,10,1,1,4,6,1,0
29,290788,1,2,1,5,10,11,45,12,2,1,0,29,1,24,2,24002,2,2002,1G8ZY12732Z2,1,G,8,Z,Y,1,2,7,3,2,Z,2,0,P,STRN,SC2,3P,2,17,2465,,0,1024,,G,,0,0,000000000,00000000000,0,0,0,1,0,0,0,0,0,0,0,40,0,0,0,12,12,6,2,12,0,0,0,1,29,63021,6,1,0,0,3,3,68,150,0,0,0,0,0,0,0,0,0,0,28,0,0,0,5,4,40,1,1,2,1,0,0,15,10,1,1,2,50,1,0
29,290788,2,2,1,5,10,11,45,12,2,1,0,29,1,41,51,41051,5,2010,JM1BL1H30A12,J,M,1,B,L,1,H,3,0,A,1,2,0,P,MAZD,MS3,4H,10,17,3245,,0,1039,,G,,0,0,000000000,00000000000,0,0,0,1,0,0,0,0,0,0,0,40,0,0,0,12,12,6,2,12,0,0,0,1,29,63026,6,1,0,0,3,0,69,193,1,0,0,0,0,1,2009,1,2009,0,0,0,0,0,5,4,40,1,1,2,1,0,0,1,54,1,1,1,51,0,0
29,290789,1,1,1,20,12,14,50,25,0,1,0,29,1,20,481,20481,31,2000,1GCEK14T4YZ2,1,G,C,E,K,1,4,T,4,Y,Z,2,0,T,CHEV,SK1,PK,0,17,,2,1330,1190,SIL,G,,0,0,000000000,00000000000,0,0,0,1,0,0,0,0,0,0,0,998,0,0,0,12,12,6,2,25,0,0,0,1,29,63383,6,1,0,0,3,3,75,275,0,0,0,0,0,0,0,0,0,0,0,0,0,0,3,2,65,1,1,8,1,0,0,1,12,1,1,4,6,1,0
29,290790,1,2,2,3,9,12,20,12,6,1,0,29,1,21,20,21020,4,1990,1G3AJ54NXL63,1,G,3,A,J,5,4,N,X,L,6,3,0,P,OLDS,CIS,4D,90,17,2642,,0,1049,,G,,0,0,000000000,00000000000,0,0,0,1,0,0,0,0,0,0,0,998,0,0,0,11,11,6,2,12,0,0,0,1,29,65548,6,1,0,0,3,3,63,140,0,0,0,0,0,0,0,0,0,0,38,0,0,0,1,2,25,1,2,2,98,20,3,11,15,1,1,1,82,1,0
29,290790,2,2,1,3,9,12,20,12,6,1,0,48,2,20,481,20481,31,2003,1GCEK19T63E2,1,G,C,E,K,1,9,T,6,3,E,2,0,T,CHEV,SK1,4C,3,17,,2,1575,1435,SIL,G,,0,0,000000000,00000000000,0,0,0,1,0,0,0,0,0,0,0,998,0,0,0,12,12,6,2,12,0,0,0,1,29,65438,6,1,0,0,3,3,63,130,0,0,0,0,0,0,0,0,0,0,0,0,0,0,5,4,50,1,2,2,99,0,0,1,17,1,1,1,83,0,0
29,290791,1,2,1,14,12,13,40,12,6,1,0,29,1,20,421,20421,15,2000,1GNEK13T6YJ1,1,G,N,E,K,1,3,T,6,Y,J,1,0,P,CHEV,KTA,UT,0,17,5333,,0,1160,,G,,0,0,000000000,00000000000,0,0,0,1,0,0,0,0,0,0,0,998,0,0,0,12,12,6,2,12,0,0,0,1,29,63026,6,1,0,0,3,3,71,160,1,0,0,0,0,2,2008,2,2008,0,0,0,0,0,1,4,30,1,1,1,1,0,0,1,71,1,1,1,86,0,0
29,290791,2,2,2,14,12,13,40,12,6,1,0,29,1,14,6,14006,4,2007,2MEFM75W97X6,2,M,E,F,M,7,5,W,9,7,X,6,0,P,MERC,MGL,4D,7,17,4135,,0,1147,,G,,0,0,000000000,00000000000,0,0,0,1,0,0,0,0,0,0,0,998,0,0,0,1,1,6,2,12,0,0,0,1,29,63125,6,1,0,0,3,3,70,180,0,0,0,0,0,0,0,0,0,0,38,0,0,0,0,0,0,0,0,0,0,20,3,1,66,1,1,1,87,1,0
29,290792,1,1,0,21,12,16,4,8,0,1,0,29,6,20,481,20481,31,1990,1GCDK14K8LE1,1,G,C,D,K,1,4,K,8,L,E,1,0,T,CHEV,GK1,PK,90,17,,1,1415,1175,GM4,G,,0,0,000000000,00000000000,0,0,0,1,0,0,0,0,0,0,0,998,0,0,0,14,14,0,9,8,0,0,0,0,,,,,,,,,999,,,,,,,,,,,,0,0,0,0,1,2,30,1,2,2,1,0,0,0,80,0,0,0,98,0,0
29,290793,1,3,1,26,3,17,41,12,1,1,0,29,1,20,471,20471,30,1995,1GCCS14Z4S82,1,G,C,C,S,1,4,Z,4,S,8,2,0,T,CHEV,S14,PK,95,17,,1,1179,1083,S,G,,0,0,000000000,00000000000,0,0,0,1,0,0,0,0,0,0,0,998,0,0,0,12,12,4,1,12,0,0,0,1,29,63084,6,1,0,0,3,0,74,240,1,0,0,0,1,3,2007,10,2007,0,38,0,0,0,1,2,40,1,1,2,1,0,0,1,50,1,1,1,20,0,0
29,290793,2,3,1,26,3,17,41,12,1,1,0,29,2,58,35,58035,4,1999,JNKCA21A8XT7,J,N,K,C,A,2,1,A,8,X,T,7,0,P,INFI,I30,4D,99,17,3035,,0,1063,,G,,0,0,000000000,00000000000,0,0,0,1,0,0,0,0,0,0,0,0,0,0,0,6,6,6,2,12,0,0,0,1,4,86001,6,1,0,0,3,0,67,200,0,0,0,0,0,0,0,0,0,0,0,0,0,0,1,2,40,1,1,2,1,0,0,5,53,1,1,1,21,1,0
29,290793,3,3,2,26,3,17,41,12,1,1,0,29,2,18,3,18003,4,1988,1G4CW51C5J16,1,G,4,C,W,5,1,C,5,J,1,6,0,P,BUIC,EPF,4D,88,17,3248,,0,1108,,G,,0,0,000000000,00000000000,0,0,0,1,0,0,0,0,0,0,0,0,0,0,0,6,6,2,1,12,0,0,0,1,29,63084,6,2,0,0,3,3,74,260,0,0,0,0,0,0,0,0,0,0,0,0,0,0,1,2,40,1,1,2,1,0,0,5,50,1,1,1,98,0,0
29,290794,1,1,1,17,11,13,16,21,0,1,0,29,1,12,401,12401,14,2007,1FMEU53K17UA,1,F,M,E,U,5,3,K,1,7,U,A,0,P,FORD,EPR,UT,7,17,4687,,0,1305,,G,,0,0,000000000,00000000000,0,0,0,1,0,0,0,0,0,0,0,65,0,0,0,12,12,6,2,21,0,0,1,1,29,64029,6,1,0,0,3,3,68,175,1,0,0,1,0,6,2008,10,2009,1,0,0,0,0,3,4,65,2,1,1,1,0,0,14,6,1,1,4,1,1,0
30,300001,1,1,1,1,1,21,35,1,0,1,0,30,2,20,481,20481,31,2003,1GCEK14V73E3,1,G,C,E,K,1,4,V,7,3,E,3,0,T,CHEV,SK1,PK,3,17,,2,1330,1190,SIL,G,,0,0,000000000,00000000000,0,0,0,1,0,0,0,0,0,0,0,61,0,1,5,0,13,6,2,1,0,0,0,1,30,59521,3,1,0,0,1,0,75,285,98,0,0,0,0,0,0,0,0,0,36,0,0,0,1,2,65,2,2,2,3,0,0,14,13,7,3,4,2,1,1
30,300002,1,2,2,14,1,10,15,12,2,1,0,19,1,12,471,12471,30,1985,1FTCR10AXFUA,1,F,T,C,R,1,0,A,X,F,U,A,0,T,FORD,RNG,PK,85,17,,1,1140,1080,RNG,G,,0,0,000000000,00000000000,0,0,0,1,0,0,0,0,0,0,0,998,0,0,0,12,12,6,2,12,0,0,0,1,30,59741,6,1,0,0,3,1,75,170,98,0,0,0,0,0,0,0,0,1,87,28,0,0,1,2,70,1,1,2,4,0,0,1,10,7,2,2,50,1,0
30,300002,2,2,1,14,1,10,15,12,2,1,0,30,1,12,481,12481,31,2002,1FTRF17262NB,1,F,T,R,F,1,7,2,6,2,N,B,0,T,FORD,F15,PK,2,17,,2,1385,1199,COF,G,,0,0,000000000,00000000000,0,0,0,1,0,0,0,0,0,0,0,998,0,0,0,12,12,6,2,12,0,0,0,1,30,59741,6,1,0,0,3,0,70,195,98,0,0,0,0,0,0,0,0,0,39,0,0,0,1,2,70,1,1,2,4,0,0,1,54,9,1,1,51,0,1
30,300003,1,1,1,22,1,0,1,1,0,1,0,30,1,12,481,12481,31,1992,1FTEF14Y9NLA,1,F,T,E,F,1,4,Y,9,N,L,A,0,T,FORD,F15,PK,92,17,,2,1330,1170,COF,G,,0,0,000000000,00000000000,0,0,0,1,0,0,0,0,0,0,0,998,0,1,5,0,13,6,2,1,0,0,0,1,30,59752,2,1,0,0,2,2,69,175,98,2,2,0,0,5,2008,5,2009,1,58,74,34,0,1,2,45,2,6,4,1,0,0,14,12,7,1,4,1,1,1
30,300004,1,2,1,23,1,18,27,12,1,1,0,30,2,23,401,23401,14,2004,1GKET16P2461,1,G,K,E,T,1,6,P,2,4,6,1,0,T,GMC,EXL,4W,4,17,,2,0,1290,ENV,G,,0,0,000000000,00000000000,0,0,0,1,0,0,0,0,0,0,0,998,0,0,0,6,8,6,2,12,0,0,0,1,30,59828,6,1,0,0,3,0,66,118,98,0,0,0,0,0,0,0,0,1,0,0,0,0,2,2,65,1,2,2,4,0,0,1,10,99,4,2,98,0,0
30,300004,2,2,2,23,1,18,27,12,1,1,0,30,1,63,32,63032,4,2002,KNADC1230261,K,N,A,D,C,1,2,3,0,2,6,1,0,P,KIA,RIO,4D,2,17,2242,,0,949,,G,,0,0,000000000,00000000000,0,0,0,1,0,0,0,0,0,0,0,45,0,0,0,12,12,6,2,12,0,0,0,1,30,59828,6,1,0,0,3,1,61,130,98,0,0,0,0,0,0,0,0,0,0,0,0,0,2,2,65,1,2,2,4,0,0,1,62,99,1,1,98,1,0
30,300005,1,2,1,29,1,18,50,12,2,1,0,30,1,7,482,7482,31,2006,1D7HU18N36J1,1,D,7,H,U,1,8,N,3,6,J,1,0,T,DODG,SQ1,CW,6,17,,2,1405,1205,RPC,G,,0,0,000000000,00000000000,0,0,0,1,0,0,0,0,0,0,0,61,0,0,0,12,12,6,2,12,0,0,0,1,30,59538,6,1,0,0,3,1,69,135,98,0,0,1,0,12,2008,12,2008,0,83,0,0,0,2,2,65,1,1,2,1,0,0,1,87,6,1,2,50,0,0
30,300005,2,2,2,29,1,18,50,12,2,1,0,30,2,7,402,7402,14,2000,1B4HS28Z8YF1,1,B,4,H,S,2,8,Z,8,Y,F,1,0,P,DODG,DUR,UT,0,17,4462,,0,1159,,G,,0,0,000000000,00000000000,0,0,0,1,0,0,0,0,0,0,0,59,0,0,0,12,12,6,2,12,0,0,0,1,30,59521,6,1,0,0,3,0,74,200,98,0,0,0,0,0,0,0,0,0,0,0,0,0,2,2,65,1,1,2,1,0,0,1,54,1,1,1,51,2,1
30,300006,1,1,1,31,1,2,25,1,0,1,0,30,2,7,442,7442,20,2000,2B4GP2534YR5,2,B,4,G,P,2,5,3,4,Y,R,5,0,P,DODG,CAR,SV,0,17,3432,,0,1133,,G,,0,0,000000000,00000000000,0,0,0,1,0,0,0,0,0,0,0,998,0,1,5,0,12,6,2,1,0,0,0,1,30,59336,6,1,6,0,3,0,69,180,98,0,0,1,1,10,2008,7,2009,0,58,0,0,0,1,2,65,2,5,4,1,0,0,14,12,7,3,4,7,1,1
30,300007,1,2,1,1,2,14,42,12,2,1,0,30,1,12,17,12017,4,1995,1FALP52U4SG3,1,F,A,L,P,5,2,U,4,S,G,3,0,P,FORD,TGS,4D,95,17,3118,,0,1060,,G,,0,0,000000000,00000000000,0,0,0,1,0,0,0,0,0,0,0,998,0,0,0,12,12,6,2,12,0,0,0,1,30,59044,6,1,0,0,3,1,72,220,98,0,0,3,0,8,2008,10,2009,0,36,28,58,0,2,2,75,1,5,2,2,0,0,6,12,6,9,2,50,0,0
30,300007,2,2,1,1,2,14,42,12,2,1,0,30,1,7,41,7041,4,2002,2B3HD46R52H2,2,B,3,H,D,4,6,R,5,2,H,2,0,P,DODG,ISE,4D,2,17,3373,,0,1130,,G,,0,0,000000000,00000000000,0,0,0,1,0,0,0,0,0,0,0,998,0,0,0,12,12,6,2,12,0,0,0,1,30,59063,6,1,0,0,3,1,66,280,98,0,0,0,0,0,0,0,0,0,0,0,0,0,2,2,75,1,5,2,2,0,0,1,11,99,1,1,51,1,0
30,300008,1,2,1,12,2,0,50,12,7,1,0,30,1,20,481,20481,31,1981,1GCEK14H3BJ1,1,G,C,E,K,1,4,H,3,B,J,1,0,T,CHEV,K10,PK,81,17,,2,1315,1175,K10,G,,0,0,000000000,00000000000,0,0,0,1,0,0,0,0,0,0,0,998,0,1,5,3,13,6,2,1,0,0,0,1,30,59912,6,1,0,0,3,0,72,165,98,0,1,1,0,1,2008,3,2009,1,36,39,28,0,1,2,65,1,1,2,1,0,0,6,11,9,4,2,46,0,1
30,300008,2,2,1,12,2,0,50,12,7,1,0,30,1,48,34,48034,4,1991,4S4BJ63C1M69,4,S,4,B,J,6,3,C,1,M,6,9,0,P,SUBA,LH4,SW,91,17,2960,,0,1016,,G,,0,0,000000000,00000000000,0,0,0,1,0,0,0,0,0,0,0,998,0,1,5,9,13,6,2,1,0,0,0,1,30,59917,6,1,0,0,3,0,63,130,98,0,0,0,0,0,0,0,0,0,0,0,0,0,1,2,65,1,1,2,1,0,0,1,51,1,1,1,45,1,0
30,300009,1,2,2,22,2,18,51,12,6,1,0,30,1,12,471,12471,30,2002,1FTZR45E92PB,1,F,T,Z,R,4,5,E,9,2,P,B,0,T,FORD,RNS,4C,2,17,,1,0,1259,RNG,G,,0,0,000000000,00000000000,0,0,0,1,0,0,0,0,0,0,0,998,0,0,0,12,12,6,2,12,0,0,0,1,30,59101,1,1,0,0,2,2,66,160,98,1,0,0,0,0,0,0,0,1,36,39,74,38,1,4,35,1,1,2,1,3,3,1,55,1,1,1,86,0,1
30,300009,2,2,1,22,2,18,51,12,6,1,0,30,1,48,401,48401,14,2002,JF1SF65632H7,J,F,1,S,F,6,5,6,3,2,H,7,0,P,SUBA,FOR,UT,2,17,3200,,0,994,,G,,0,0,000000000,00000000000,0,0,0,1,0,0,0,0,0,0,0,998,0,0,0,3,3,6,2,12,0,0,0,1,30,59102,6,1,0,0,3,1,65,180,98,0,0,0,0,0,0,0,0,0,0,0,0,0,1,4,35,1,1,2,1,3,3,1,17,1,1,1,87,1,0
30,300010,1,1,1,25,2,22,0,1,0,1,0,30,1,7,482,7482,31,2004,3D7KU28D94G1,3,D,7,K,U,2,8,D,9,4,G,1,0,T,DODG,SQ2,CW,4,17,,2,1605,1405,RPC,G,,0,0,000000000,00000000000,0,0,0,1,0,0,0,0,0,0,0,998,0,1,5,0,0,6,2,1,0,0,0,1,30,59254,6,1,0,0,2,0,71,195,98,0,0,0,0,0,0,0,0,0,79,0,0,0,1,2,65,1,1,2,4,0,0,1,5,7,4,4,7,1,1
30,300011,1,1,1,27,2,17,52,1,0,1,0,30,1,20,421,20421,15,1997,1GNCS13W8V21,1,G,N,C,S,1,3,W,8,V,2,1,0,P,CHEV,BZR,UT,97,17,3686,,0,1070,,G,,0,0,000000000,00000000000,0,0,0,1,0,0,0,0,0,0,0,998,0,1,5,0,0,6,2,1,0,0,0,1,30,59725,6,1,0,0,3,1,72,190,98,0,0,0,0,0,0,0,0,0,36,0,0,0,1,2,70,2,2,2,1,0,0,14,13,1,3,4,2,1,1
30,300012,1,2,1,28,2,14,15,12,2,1,0,30,1,49,40,49040,4,1992,JT2SK12E4N00,J,T,2,S,K,1,2,E,4,N,0,0,0,P,TOYT,CLE,4D,92,17,3053,,0,1031,,G,,0,0,000000000,00000000000,0,0,0,1,0,0,0,0,0,0,0,70,0,0,0,12,12,6,2,12,0,0,0,1,30,59102,6,1,0,0,3,0,69,185,98,0,0,1,0,5,2007,5,2007,0,36,28,0,0,1,2,70,2,5,2,1,0,0,14,10,1,4,2,50,1,0
30,300012,2,2,1,28,2,14,15,12,2,1,0,30,3,49,422,49422,15,2008,5TDBY68A18S0,5,T,D,B,Y,6,8,A,1,8,S,0,0,P,TOYT,SEQ,UT,8,17,5985,,0,1220,,G,,0,0,000000000,00000000000,0,0,0,1,0,0,0,0,0,0,0,70,0,0,0,12,12,6,2,12,0,0,0,1,30,59645,6,1,0,0,3,1,68,150,98,0,0,0,0,0,0,0,0,0,0,0,0,0,1,2,70,2,5,2,1,0,0,14,54,7,1,2,51,0,0
30,300013,1,2,4,5,3,15,45,12,99,1,0,30,2,22,20,22020,4,2008,2G2WP5526811,2,G,2,W,P,5,5,2,6,8,1,1,0,P,PONT,GRA,4D,8,17,3477,,0,1105,,G,,0,0,000000000,00000000000,0,0,0,1,0,0,0,0,0,0,0,998,0,0,0,2,12,6,2,12,0,0,0,1,30,59526,2,1,0,0,2,2,66,155,98,1,1,0,2,6,2007,10,2007,0,74,36,35,0,1,2,70,1,1,2,1,0,0,6,60,1,1,2,73,1,0
30,300013,2,2,1,5,3,15,45,12,99,1,0,30,2,98,998,98998,92,1991,999999999999,9,9,9,9,9,9,9,9,9,9,9,9,0,U,,,,9,17,,,,,,,,0,0,000000000,00000000000,0,0,0,1,0,0,0,0,0,0,0,998,0,0,0,10,11,4,1,12,42,0,0,1,30,59529,6,1,0,0,3,0,72,195,98,0,0,0,0,0,0,0,0,0,38,0,0,0,1,2,70,1,1,2,1,0,0,11,15,1,1,2,72,0,0
30,300014,1,2,1,6,3,18,4,1,0,1,0,30,2,55,401,55401,14,2003,KM8SC13D73U3,K,M,8,S,C,1,3,D,7,3,U,3,0,P,HYUN,SAN,UT,3,17,3549,,0,1031,,G,,0,0,000000000,00000000000,0,0,0,1,0,0,0,0,0,0,0,70,0,1,1,0,99,6,2,12,0,0,0,1,30,59923,6,1,0,0,3,0,72,145,98,0,0,0,0,0,0,0,0,0,36,28,58,0,1,2,70,1,5,2,1,0,0,1,12,7,9,6,98,1,0
30,300014,2,2,3,6,3,18,4,1,0,1,0,30,1,12,441,12441,20,1996,1FMDA41X9TZA,1,F,M,D,A,4,1,X,9,T,Z,A,0,T,FORD,ARO,ES,96,17,,1,0,1190,ARO,G,,0,0,000000000,00000000000,0,0,0,1,0,0,0,0,0,0,0,998,0,0,0,12,12,6,2,12,0,0,0,1,30,59912,6,1,0,0,3,0,66,180,98,0,0,0,0,0,0,0,0,0,0,0,0,0,1,2,70,1,5,2,1,0,0,1,63,7,1,1,98,3,0
30,300015,1,3,1,7,3,12,40,12,2,1,0,30,1,12,401,12401,14,2008,1FMEU73E18UA,1,F,M,E,U,7,3,E,1,8,U,A,1,P,FORD,EPR,UT,8,17,4606,,0,1137,,G,,1,0,000000000,00000000000,0,0,0,1,0,0,0,0,0,0,0,60,0,0,0,12,12,4,3,12,99,99,0,1,30,59917,6,1,0,0,3,0,74,250,98,0,0,0,0,0,0,0,0,0,0,0,0,0,1,3,70,1,1,2,1,0,0,1,10,1,1,1,62,0,0
30,300015,2,3,1,7,3,12,40,12,2,1,0,30,2,51,401,51401,14,2004,YV1CZ59H8410,Y,V,1,C,Z,5,9,H,8,4,1,0,0,P,VOLV,XC9,UT,4,17,4493,,0,1125,,G,,0,0,000000000,00000000000,0,0,0,1,0,0,0,0,0,0,0,70,0,1,5,12,13,6,2,12,0,0,0,1,30,59801,6,1,0,0,3,0,62,103,98,0,0,0,0,0,0,0,0,0,0,0,0,0,1,3,70,1,1,2,1,0,0,1,10,1,1,2,62,0,0
30,300015,3,3,1,7,3,12,40,12,2,1,0,30,1,72,706,72706,80,2007,1HD1CX31X7K4,1,H,D,1,C,X,3,1,X,7,K,4,0,M,HD,C1U,RS,7,17,,,,,,,1199,0,0,000000000,00000000000,0,0,0,1,0,0,0,0,0,0,0,65,0,0,0,12,12,6,2,12,0,0,1,1,30,59804,6,1,0,0,3,3,69,150,98,0,0,0,0,0,0,0,0,0,0,0,0,0,1,3,70,1,1,2,1,0,0,1,62,1,1,1,98,1,0
30,300016,1,3,1,17,3,7,15,12,6,1,0,30,1,7,482,7482,31,2006,1D7HU182X6S6,1,D,7,H,U,1,8,2,X,6,S,6,0,T,DODG,SQ1,CW,6,17,,2,1605,1405,RPC,G,,0,0,000000000,00000000000,0,0,0,1,0,0,0,0,0,0,0,998,0,1,1,9,13,6,2,12,0,0,0,1,30,59601,6,1,0,0,3,0,70,180,98,0,0,0,0,0,0,0,0,0,39,40,30,38,3,2,75,3,6,2,1,0,0,12,98,1,1,7,98,1,0
30,300016,2,3,2,17,3,7,15,12,6,1,0,29,1,7,482,7482,31,2009,3D7MX48L79G5,3,D,7,M,X,4,8,L,7,9,G,5,0,T,DODG,Q35,CW,9,17,,3,1605,1405,RPC,D,,0,0,000000000,00000000000,0,0,0,1,0,0,0,0,0,0,0,60,0,0,0,12,12,6,2,12,0,0,0,1,29,65240,6,1,0,0,3,0,68,220,1,0,0,0,0,3,2008,3,2008,0,0,0,0,0,3,2,75,3,6,2,1,0,0,14,64,1,1,1,98,0,0