STATE,ST_CASE,VEH_NO,VE_FORMS,NUMOCCS,DAY,MONTH,HOUR,MINUTE,HARM_EV,MAN_COLL,UNITTYPE,HIT_RUN,REG_STAT,OWNER,MAKE,MODEL,MAK_MOD,BODY_TYP,MOD_YEAR,VIN,VIN_1,VIN_2,VIN_3,VIN_4,VIN_5,VIN_6,VIN_7,VIN_8,VIN_9,VIN_10,VIN_11,VIN_12,TOW_VEH,VINTYPE,VINMAKE,VINA_MOD,VIN_BT,VINMODYR,VIN_LNGT,VIN_WGT,WGTCD_TR,WHLBS_LG,WHLBS_SH,SER_TR,FUELCODE,MCYCL_DS,J_KNIFE,MCARR_I1,MCARR_I2,MCARR_ID,GVWR,V_CONFIG,CARGO_BT,HAZ_INV,HAZ_PLAC,HAZ_ID,HAZ_CNO,HAZ_REL,BUS_USE,SPEC_USE,EMER_USE,TRAV_SP,UNDERIDE,ROLLOVER,ROLINLOC,IMPACT1,IMPACT2,DEFORMED,TOWED,M_HARM,VEH_SC1,VEH_SC2,FIRE_EXP,DR_PRES,L_STATE,DR_ZIP,L_STATUS,L_TYPE,CDL_STAT,L_ENDORS,L_COMPL,L_RESTRI,DR_HGT,DR_WGT,PREV_ACC,PREV_SUS,PREV_DWI,PREV_SPD,PREV_OTH,FIRST_MO,FIRST_YR,LAST_MO,LAST_YR,SPEEDREL,DR_SF1,DR_SF2,DR_SF3,DR_SF4,VTRAFWAY,VNUM_LAN,VSPD_LIM,VALIGN,VPROFILE,VPAVETYP,VSURCOND,VTRAFCON,VTCONT_F,P_CRASH1,P_CRASH2,P_CRASH3,PCRASH4,PCRASH5,ACC_TYPE,DEATHS,DR_DRINK
30,300016,3,3,1,17,3,7,15,12,6,1,0,30,1,37,31,37031,2,1987,JHMEC1313HS0,J,H,M,E,C,1,3,1,3,H,S,0,0,P,HOND,CHF,2H,87,17,1656,,0,866,,G,,0,0,000000000,00000000000,0,0,0,1,0,0,0,0,0,0,0,65,0,0,0,6,7,4,1,12,0,0,0,1,30,59701,6,1,0,0,3,1,69,170,98,0,0,0,0,0,0,0,0,0,0,0,0,0,3,2,75,2,6,2,1,0,0,15,53,7,1,1,98,0,0
30,300017,1,1,1,22,3,1,49,1,0,1,0,30,1,20,403,20403,14,2003,1GNDT13SX323,1,G,N,D,T,1,3,S,X,3,2,3,0,P,CHEV,TRL,UT,3,17,4600,,0,1130,,G,,0,0,000000000,00000000000,0,0,0,1,0,0,0,0,0,0,0,998,0,1,3,0,13,6,2,1,0,0,0,1,30,59102,6,1,0,0,3,0,67,175,98,0,1,0,0,12,2008,12,2008,1,36,39,58,0,2,2,65,1,1,2,1,0,0,1,12,1,9,4,6,1,1
30,300018,1,2,1,16,3,0,54,12,1,1,0,30,1,72,706,72706,80,2007,1HD1KB4117Y7,1,H,D,1,K,B,4,1,1,7,Y,7,0,M,HD,FHX,RS,7,17,,,,,,,1584,0,0,000000000,00000000000,0,0,0,1,0,0,0,0,0,0,0,20,0,0,0,6,6,4,3,12,0,0,0,1,30,59901,6,1,0,0,3,1,71,190,98,0,1,1,1,1,2009,2,2010,1,0,0,0,0,2,5,45,1,1,2,1,3,3,2,18,1,1,1,29,0,1
30,300018,2,2,1,16,3,0,54,12,1,1,0,30,1,98,706,98706,80,2005,851833205100,8,5,1,8,3,3,2,0,5,1,0,0,0,U,,,,1,17,,,,,,,,0,0,000000000,00000000000,0,0,0,1,0,0,0,0,0,0,0,40,0,0,0,12,12,6,2,12,0,0,0,1,30,59901,6,1,0,0,2,1,77,285,98,0,0,1,0,9,2009,9,2009,0,26,0,0,0,1,5,45,1,1,2,1,3,3,1,52,3,1,1,28,1,1
30,300019,1,1,1,23,3,23,32,1,0,1,0,30,2,48,34,48034,6,1999,4S3BK4259X73,4,S,3,B,K,4,2,5,9,X,7,3,0,P,SUBA,UBE,SW,99,17,2905,,0,1035,,G,,0,0,000000000,00000000000,0,0,0,1,0,0,0,0,0,0,0,71,0,1,3,0,13,6,2,1,0,0,0,1,30,59404,6,1,0,0,3,0,68,135,98,0,0,0,0,0,0,0,0,0,58,0,0,0,2,2,75,1,1,2,1,0,0,1,12,7,1,4,6,1,1
30,300020,1,1,1,3,3,7,44,8,0,1,1,99,9,99,999,99999,99,9999,999999999999,9,9,9,9,9,9,9,9,9,9,9,9,9,U,,,,9,17,,,,,,,,0,99,999999999,99999999999,9,99,99,1,0,0,0,0,99,99,9,999,0,0,0,99,99,9,1,99,99,99,0,1,99,99999,9,9,99,9,9,9,999,999,99,99,99,99,99,99,9999,99,9999,9,39,36,0,0,1,2,25,1,1,2,1,40,3,1,80,99,1,1,13,0,0
30,300021,1,1,3,25,3,4,30,1,0,1,0,30,2,7,442,7442,20,2000,1B4GP54L8YB5,1,B,4,G,P,5,4,L,8,Y,B,5,0,P,DODG,CAR,SV,0,17,3932,,0,1193,,G,,0,0,000000000,00000000000,0,0,0,1,0,0,0,0,0,0,0,998,0,1,5,0,0,6,2,1,0,0,0,1,30,59016,2,1,0,0,2,2,67,175,98,1,0,0,0,2,2009,2,2009,0,36,58,74,0,1,2,65,3,1,2,1,0,0,14,11,8,1,4,1,2,1
30,300022,1,1,5,28,3,1,10,35,0,1,0,30,1,20,481,20481,31,1996,2GCEK19R4T11,2,G,C,E,K,1,9,R,4,T,1,1,0,T,CHEV,GK1,PC,96,17,,2,1555,1415,GM4,G,,0,0,000000000,00000000000,0,0,0,1,0,0,0,0,0,0,0,998,0,0,0,12,12,6,2,35,0,0,0,1,30,59635,1,1,0,0,2,2,71,160,98,0,0,0,1,8,2007,8,2007,1,36,74,39,28,1,2,35,2,6,2,1,20,3,14,17,99,1,4,14,5,1
30,300023,1,2,3,29,3,10,0,12,2,1,0,30,1,7,43,7043,4,2004,1B3EL36T64N3,1,B,3,E,L,3,6,T,6,4,N,3,0,P,DODG,SSE,4D,4,17,3088,,0,1080,,F,,0,0,000000000,00000000000,0,0,0,1,0,0,0,0,0,0,0,70,0,0,0,12,12,6,2,12,0,0,0,1,30,59935,6,1,0,0,3,1,68,215,98,0,0,0,0,0,0,0,0,0,0,0,0,0,1,2,70,1,6,2,2,0,0,1,62,1,1,1,51,3,0
30,300023,2,2,3,29,3,10,0,12,2,1,0,30,1,23,421,23421,15,2004,1GKEK13Z14R1,1,G,K,E,K,1,3,Z,1,4,R,1,0,T,GMC,YUK,4W,4,17,,2,0,1160,YUK,F,,0,0,000000000,00000000000,0,0,0,1,0,0,0,0,0,0,0,70,0,0,0,12,12,6,2,12,0,0,0,1,30,59917,6,1,0,0,3,0,64,150,98,0,0,0,0,0,0,0,0,0,28,58,0,0,1,2,70,1,6,2,2,0,0,1,10,7,3,2,50,2,0
30,300024,1,1,2,3,4,7,22,1,0,1,0,30,2,23,481,23481,31,2003,1GTHK23133F1,1,G,T,H,K,2,3,1,3,3,F,1,1,T,GMC,2KH,CW,3,17,,2,1670,1530,SIE,D,,1,0,000000000,00000000000,0,0,0,1,0,0,0,0,0,0,0,70,0,2,1,0,13,6,2,1,0,0,0,1,30,59405,6,1,0,0,3,0,67,155,98,0,0,0,0,0,0,0,0,0,28,58,0,0,1,2,70,1,1,2,1,0,0,1,12,7,1,6,98,1,0
30,300025,1,1,2,5,4,10,28,1,0,1,0,95,2,18,3,18003,4,1998,1G4CW52K1W46,1,G,4,C,W,5,2,K,1,W,4,6,0,P,BUIC,PKA,4D,98,17,3645,,0,1138,,G,,0,0,000000000,00000000000,0,0,0,1,0,0,0,0,0,0,0,998,0,1,3,0,0,6,2,1,0,0,0,1,95,0,6,1,99,9,9,9,999,999,99,99,99,99,99,99,9999,99,9999,0,28,0,0,0,2,2,75,1,1,2,1,0,0,1,12,1,3,4,7,1,0
30,300026,1,1,1,7,4,8,0,35,0,1,0,30,1,55,36,55036,4,2000,KMHCG45G2YU0,K,M,H,C,G,4,5,G,2,Y,U,0,0,P,HYUN,AGL,4D,0,17,2240,,0,961,,G,,0,0,000000000,00000000000,0,0,0,1,0,0,0,0,0,0,0,998,0,1,5,98,13,6,2,1,0,0,1,1,30,59050,2,1,0,0,2,0,68,200,98,1,0,0,0,6,2007,12,2009,1,36,27,0,0,1,2,70,1,1,2,2,0,0,6,13,1,1,4,1,1,1
30,300027,1,1,5,8,4,2,0,59,0,1,0,30,2,22,18,22018,4,1999,1G2NW52E4XM8,1,G,2,N,W,5,2,E,4,X,M,8,0,P,PONT,GAG,4D,99,17,3168,,0,1071,,G,,0,0,000000000,00000000000,0,0,0,1,0,0,0,0,0,0,0,60,0,1,5,9,13,6,2,1,0,0,0,1,30,59417,0,0,0,0,0,0,999,999,99,99,99,99,99,99,9999,99,9999,1,36,39,0,0,1,2,50,2,6,2,1,0,0,14,13,1,4,4,2,1,1
30,300028,1,1,3,10,4,3,0,17,0,1,0,30,2,12,402,12402,14,2002,1FMYU04102KB,1,F,M,Y,U,0,4,1,0,2,K,B,0,P,FORD,SPE,UT,2,17,3511,,0,1031,,G,,0,0,000000000,00000000000,0,0,0,1,0,0,0,0,0,0,0,998,0,1,6,12,12,6,2,17,0,0,0,1,30,59634,6,1,0,0,3,0,73,250,98,0,0,0,0,0,0,0,0,0,36,0,0,0,1,2,0,1,3,4,1,0,0,1,13,1,1,4,4,2,1
30,300029,1,2,2,13,4,17,0,12,6,1,0,95,1,7,442,7442,20,2003,2D4GP44L33R3,2,D,4,G,P,4,4,L,3,3,R,3,0,P,DODG,CAR,SV,3,17,3975,,0,1193,,G,,0,0,000000000,00000000000,0,0,0,1,0,0,0,0,0,0,0,998,9,0,0,3,0,6,2,12,0,0,0,1,95,0,6,1,99,9,9,9,999,999,99,99,99,99,99,99,9999,99,9999,1,79,87,28,0,2,2,75,1,1,2,10,0,0,6,6,6,3,2,46,1,0
30,300029,2,2,2,13,4,17,0,12,6,1,0,95,3,82,881,82881,66,2007,1FUJF6CK07DX,1,F,U,J,F,6,C,K,0,7,D,X,1,T,FRHT,CLC,DS,7,17,,8,0,0,CON,D,,1,57,275741,57275741,3,6,1,1,0,0,0,0,0,0,0,998,0,0,0,12,12,6,2,12,0,0,0,1,95,0,6,1,99,9,9,9,999,999,99,99,99,99,99,99,9999,99,9999,0,0,0,0,0,2,2,75,1,1,2,10,0,0,2,60,8,1,1,45,0,0
30,300030,1,1,1,16,4,13,45,59,0,1,0,30,1,72,706,72706,80,2006,4MZKP01D0630,4,M,Z,K,P,0,1,D,0,6,3,0,0,U,,,,6,17,,,,,,,,0,0,000000000,00000000000,0,0,0,1,0,0,0,0,0,0,0,998,0,0,0,9,9,6,2,59,0,0,0,1,30,59808,6,1,0,0,3,0,63,140,98,0,0,1,0,4,2009,4,2009,1,36,39,0,0,1,2,70,2,1,2,1,0,0,14,13,1,9,4,1,1,0
30,300031,1,2,0,21,4,12,55,8,0,1,0,30,6,7,482,7482,31,2005,3D7MR48C25G7,3,D,7,M,R,4,8,C,2,5,G,7,1,T,DODG,SQ3,CW,5,17,,3,0,1600,RPC,D,,1,0,000000000,00000000000,0,0,0,1,0,0,0,0,0,0,0,998,0,0,0,6,6,4,3,8,0,0,0,0,,,,,,,,,999,,,,,,,,,,,,0,0,0,0,1,4,40,1,5,2,1,3,3,0,80,0,0,0,15,0,0
30,300031,2,2,1,21,4,12,55,8,0,1,0,30,3,85,881,85881,63,2005,1NKDXB0X45R1,1,N,K,D,X,B,0,X,4,5,R,1,1,T,KW,T80,TM,5,17,,8,2600,1600,CON,D,,1,57,192953000,57192953000,3,4,2,2,2,1863,3,1,0,0,0,0,0,0,0,12,12,2,1,12,0,0,0,1,30,59802,6,1,6,1,3,0,69,205,98,0,0,0,0,0,0,0,0,0,0,0,0,0,1,4,40,1,5,2,1,3,3,5,50,1,1,1,98,0,0
30,300032,1,2,2,27,4,13,25,12,1,1,0,45,3,84,881,84881,66,2002,1FUJBBCG32LK,1,F,U,J,B,B,C,G,3,2,L,K,1,T,FRHT,ST2,DS,2,17,,8,0,0,CON,D,,1,57,076235000,57076235000,3,6,3,1,0,0,0,0,0,0,0,998,0,0,0,12,6,4,3,12,0,0,0,1,45,29651,6,1,6,1,3,1,72,195,0,0,0,0,0,0,0,0,0,1,0,0,0,0,1,2,35,1,1,4,1,40,3,2,52,1,1,1,24,0,0
30,300032,2,2,1,27,4,13,25,12,1,1,0,53,3,85,881,85881,66,1994,1XKDDB9X9RS6,1,X,K,D,D,B,9,X,9,R,S,6,1,T,KW,T80,DS,94,17,,8,0,1600,CON,D,,1,57,004877464,57004877464,3,6,3,1,0,0,0,0,0,0,0,998,2,0,0,6,12,6,2,12,0,0,0,1,53,98047,6,1,6,1,3,0,74,210,2,0,0,0,1,8,2007,11,2008,1,36,26,0,0,1,2,35,1,1,4,1,40,3,2,18,1,1,1,25,1,0
30,300033,1,2,1,1,5,2,45,12,2,1,0,30,1,7,482,7482,31,2000,3B7KF2361YG1,3,B,7,K,F,2,3,6,1,Y,G,1,0,T,DODG,Q25,4C,0,17,,2,1547,1387,RPC,D,,0,0,000000000,00000000000,0,0,0,1,0,0,0,0,0,0,0,998,0,0,0,12,12,6,2,12,0,0,0,1,30,59821,6,1,0,0,3,0,67,170,98,0,0,0,0,0,0,0,0,0,36,28,51,0,1,2,0,1,1,2,1,0,0,1,10,1,1,2,51,0,1
30,300033,2,2,1,1,5,2,45,12,2,1,0,53,1,12,481,12481,31,2002,1FTRW07L92KA,1,F,T,R,W,0,7,L,9,2,K,A,0,T,FORD,F1S,CW,2,17,,2,0,1385,COF,G,,0,0,000000000,00000000000,0,0,0,1,0,0,0,0,0,0,0,998,0,0,0,12,11,6,2,12,0,0,0,1,53,98201,6,1,0,0,3,0,71,230,0,0,0,0,0,0,0,0,0,0,0,0,0,0,1,2,65,1,1,2,1,0,0,1,54,1,1,1,50,1,0
30,300034,1,2,1,19,4,11,22,12,1,1,0,30,1,73,706,73706,80,2005,JKBVNKD165A0,J,K,B,V,N,K,D,1,6,5,A,0,0,M,KAWK,VNK,RS,5,17,,,,,,,1552,0,0,000000000,00000000000,0,0,0,1,0,0,0,0,0,0,0,998,0,0,0,12,12,6,2,12,0,0,0,1,30,59846,6,1,0,0,3,0,72,180,98,0,0,0,0,0,0,0,0,0,0,0,0,0,2,2,75,1,6,2,1,0,0,1,51,3,1,1,24,1,0
30,300034,2,2,1,19,4,11,22,12,1,1,0,30,1,14,36,14036,4,1998,1MEFM13P3WW6,1,M,E,F,M,1,3,P,3,W,W,6,0,P,MERC,TLP,4D,98,17,2469,,0,984,,G,,0,0,000000000,00000000000,0,0,0,1,0,0,0,0,0,0,0,998,0,0,0,6,6,2,1,12,0,0,0,1,30,59047,6,1,0,0,3,1,68,180,98,0,0,0,1,7,2008,7,2008,0,0,0,0,0,2,2,75,1,1,2,1,0,0,2,18,1,1,1,25,0,0
30,300035,1,2,2,29,4,15,45,12,6,1,0,30,1,22,20,22020,4,1996,1G2WJ52M9TF2,1,G,2,W,J,5,2,M,9,T,F,2,0,P,PONT,GFS,4D,96,17,3234,,0,1075,,G,,0,0,000000000,00000000000,0,0,0,1,0,0,0,0,0,0,0,0,0,0,0,12,3,6,2,12,0,0,0,1,30,59718,6,1,0,0,3,1,64,165,98,0,0,0,0,0,0,0,0,0,38,0,0,0,1,2,25,1,1,2,3,0,0,1,17,1,1,1,86,1,0
30,300035,2,2,1,29,4,15,45,12,6,1,0,30,1,23,481,23481,31,2004,1GTHK23214F2,1,G,T,H,K,2,3,2,1,4,F,2,0,T,GMC,2KH,CW,4,17,,2,1670,1530,SIE,D,,0,0,000000000,00000000000,0,0,0,1,0,0,0,0,0,0,0,20,0,0,0,3,12,4,1,12,0,0,0,1,30,59718,6,1,0,0,3,0,75,265,98,0,0,0,0,0,0,0,0,0,0,0,0,0,1,2,25,1,1,2,3,0,0,1,17,1,1,1,87,0,0
30,300036,1,1,1,26,4,8,17,10,0,1,0,30,3,98,998,98998,92,2009,L07230H59922,L,0,7,2,3,0,H,5,9,9,2,2,3,U,,,,9,17,,,,,,,,1,0,000000000,00000000000,0,0,0,1,0,0,0,0,0,0,0,0,0,0,0,3,11,6,2,10,0,0,0,1,30,59724,6,1,0,0,3,1,69,210,98,0,0,0,0,0,0,0,0,0,38,0,0,0,1,2,0,1,1,4,1,0,0,1,98,1,1,1,98,1,0
30,300037,1,1,1,4,5,2,30,35,0,1,0,30,2,23,481,23481,31,2001,2GTEK19T8112,2,G,T,E,K,1,9,T,8,1,1,2,0,T,GMC,NK1,4C,1,17,,2,1575,1435,SIE,G,,0,0,000000000,00000000000,0,0,0,1,0,0,0,0,0,0,0,75,0,1,5,12,13,6,2,1,0,0,0,1,30,59501,1,1,0,0,2,2,64,110,98,1,1,0,0,3,2010,3,2010,1,74,36,0,0,1,2,65,3,6,2,2,0,0,14,13,1,1,4,1,1,1
30,300038,1,1,2,5,5,5,45,1,0,1,0,26,2,20,470,20470,29,2006,1GBFG15T3611,1,G,B,F,G,1,5,T,3,6,1,1,0,T,CHEV,E/4,IC,6,17,,2,0,1350,E/X,G,,0,0,000000000,00000000000,0,0,0,1,0,0,0,0,0,0,0,998,0,1,1,0,0,6,2,1,0,0,0,1,26,48219,6,1,0,0,3,1,73,190,0,0,0,1,0,1,2009,1,2009,0,36,28,0,0,2,2,75,3,6,2,1,0,0,14,10,7,3,6,98,1,0
30,300039,1,1,2,13,5,13,50,34,0,1,0,16,2,23,421,23421,15,2003,1GKEK13Z03R1,1,G,K,E,K,1,3,Z,0,3,R,1,0,T,GMC,YUK,4W,3,17,,2,0,1160,YUK,F,,0,0,000000000,00000000000,0,0,0,1,0,0,0,0,0,0,0,998,0,1,5,3,0,6,2,1,0,0,0,1,16,83861,6,1,0,0,3,0,999,999,0,0,0,0,0,0,0,0,0,0,58,0,0,0,2,2,75,3,4,2,1,0,0,14,13,6,3,4,2,1,0
30,300040,1,1,2,15,5,13,15,1,0,1,0,30,1,87,881,87881,66,1996,1XPFD69X0TD3,1,X,P,F,D,6,9,X,0,T,D,3,1,T,PTRB,378,DS,96,17,,8,0,0,CON,D,,1,99,999999999,99999999999,3,6,3,1,0,0,0,0,0,0,0,998,0,1,4,0,0,6,2,1,0,0,0,1,30,59501,6,1,1,1,3,1,72,175,98,0,0,1,0,2,2009,2,2009,1,0,0,0,0,1,2,50,3,1,2,1,40,3,14,11,6,9,4,2,1,0
30,300041,1,2,1,17,5,23,8,12,1,1,1,30,1,7,402,7402,14,1999,1B4HS28Y9XF6,1,B,4,H,S,2,8,Y,9,X,F,6,0,P,DODG,DUR,UT,99,17,4397,,0,1159,,G,,0,0,000000000,00000000000,0,0,0,1,0,0,0,0,0,0,0,998,7,0,0,12,0,6,2,12,0,0,0,1,30,59808,6,1,0,0,3,0,66,130,98,0,0,1,0,10,2008,10,2008,9,36,39,38,0,1,4,55,1,1,2,1,0,0,1,51,1,1,1,24,0,1
30,300041,2,2,1,17,5,23,8,12,1,1,0,30,1,37,703,37703,80,2001,JH2MF06411K0,J,H,2,M,F,0,6,4,1,1,K,0,0,M,HOND,NS2,RS,1,17,,,,,,,249,0,0,000000000,00000000000,0,0,0,1,0,0,0,0,0,0,0,998,0,0,0,6,6,6,2,12,0,0,0,1,30,59808,6,1,6,0,3,0,75,215,98,0,0,0,0,0,0,0,0,0,0,0,0,0,1,4,55,1,1,2,1,0,0,1,53,1,1,1,25,1,0
30,300042,1,1,1,17,5,22,19,33,0,1,0,30,1,53,705,53705,80,2007,JS1GT77A4721,J,S,1,G,T,7,7,A,4,7,2,1,0,M,SUZI,XR1,RS,7,17,,,,,,,999,0,0,000000000,00000000000,0,0,0,1,0,0,0,0,0,0,0,998,0,0,0,12,0,6,2,33,0,0,0,1,30,59102,6,1,6,0,3,1,69,200,98,0,0,0,0,0,0,0,0,1,36,0,0,0,1,2,35,2,1,2,1,0,0,14,8,1,1,4,1,1,1
30,300043,1,1,1,18,5,9,0,1,0,1,0,30,1,20,471,20471,30,1988,1GCCT14R8J21,1,G,C,C,T,1,4,R,8,J,2,1,0,T,CHEV,S14,PK,88,17,,1,1179,1083,S,G,,0,0,000000000,00000000000,0,0,0,1,0,0,0,0,0,0,0,998,0,1,5,0,13,6,2,1,0,0,0,1,30,59275,6,1,0,0,3,1,63,178,98,0,0,1,0,11,2007,11,2007,9,58,0,0,0,1,2,70,3,1,2,1,0,0,14,13,6,4,4,2,1,0
30,300044,1,1,3,19,5,21,34,38,0,1,0,30,2,2,403,2403,14,1991,2J4FY29SXMJ1,2,J,4,F,Y,2,9,S,X,M,J,1,0,T,JEEP,W/Y,2W,91,17,,1,0,934,W/Y,G,,0,0,000000000,00000000000,0,0,0,1,0,0,0,0,0,0,0,55,0,1,6,12,1,2,3,1,0,0,0,1,30,59917,6,1,0,0,3,0,68,119,98,0,0,0,0,0,0,0,0,1,36,0,0,0,1,2,35,1,1,2,1,0,0,1,13,1,4,4,2,1,1
30,300045,1,1,1,28,5,2,40,52,0,1,0,30,1,20,421,20421,15,1981,1G8EK18H7BF1,1,G,8,E,K,1,8,H,7,B,F,1,0,P,CHEV,K10,UT,81,17,4087,,0,1065,,G,,0,0,000000000,00000000000,0,0,0,1,0,0,0,0,0,0,0,998,0,1,2,11,13,6,2,1,0,0,0,1,30,59047,6,1,0,0,3,0,71,175,98,0,0,0,0,0,0,0,0,0,0,0,0,0,2,2,75,3,5,2,2,0,0,14,12,1,1,4,6,1,1
30,300046,1,1,2,28,5,21,46,38,0,1,0,92,0,98,739,98739,90,2005,4UF05ATV25T2,4,U,F,0,5,A,T,V,2,5,T,2,0,U,,,,5,17,,,,,,,,0,0,000000000,00000000000,0,0,0,1,0,0,0,0,0,0,0,998,0,1,6,3,12,4,3,19,0,0,0,1,30,59330,0,0,0,9,9,0,999,999,99,99,99,99,99,99,9999,99,9999,0,36,0,0,0,1,2,65,3,1,4,1,0,0,14,13,1,1,4,1,2,0
30,300047,1,1,3,29,5,16,19,35,0,1,0,30,2,7,422,7422,15,2005,4T3ZF13C4YU2,4,T,3,Z,F,1,3,C,4,Y,U,2,0,P,TOYT,SIE,SV,0,17,3890,,0,1142,,G,,0,0,000000000,00000000000,0,0,0,1,0,0,0,0,0,0,0,70,0,1,5,12,13,6,2,1,0,0,0,1,30,59412,6,1,0,0,3,0,64,146,98,0,0,0,0,0,0,0,0,0,0,0,0,0,1,4,70,2,6,1,1,0,0,14,12,1,1,4,6,1,0
30,300048,1,1,2,30,5,2,10,1,0,1,0,30,2,7,482,7482,31,2009,3D7KS28T29G5,3,D,7,K,S,2,8,T,2,9,G,5,0,T,DODG,SQ2,CW,9,17,,2,1605,1405,RPC,G,,0,0,000000000,00000000000,0,0,0,1,0,0,0,0,0,0,0,82,0,1,5,0,0,6,2,1,0,0,0,1,30,59034,2,1,0,0,2,0,68,180,98,1,1,0,2,2,2008,9,2009,1,36,39,58,0,1,2,65,3,1,2,1,0,0,14,12,8,3,4,2,2,1
30,300049,1,1,2,2,6,21,14,31,0,1,0,30,1,24,1,24001,4,1999,1G8ZJ527XXZ1,1,G,8,Z,J,5,2,7,X,X,Z,1,0,P,STRN,SL2,4D,99,17,0,,0,1024,,G,,0,0,000000000,00000000000,0,0,0,1,0,0,0,0,0,0,0,998,0,1,3,12,0,6,2,1,0,0,0,1,30,59866,6,1,0,0,3,0,65,155,98,0,0,3,0,1,2008,9,2009,1,58,0,0,0,2,2,75,3,1,2,2,0,0,14,11,6,1,4,1,1,0
30,300050,1,2,1,18,6,8,46,12,2,1,0,30,1,12,442,12442,20,1999,2FMDA5343XBC,2,F,M,D,A,5,3,4,3,X,B,C,0,T,FORD,WSL,ES,99,17,,1,0,1207,WIN,G,,0,0,000000000,00000000000,0,0,0,1,0,0,0,0,0,0,0,998,0,0,0,12,12,6,2,12,0,0,0,1,30,59254,6,1,0,0,3,0,70,180,98,0,0,0,0,0,0,0,0,0,28,0,0,0,1,2,65,1,1,2,2,0,0,1,11,1,1,2,50,1,0
30,300050,2,2,2,18,6,8,46,12,2,1,0,95,2,55,401,55401,14,2007,5NMSG73E57H1,5,N,M,S,G,7,3,E,5,7,H,1,0,P,HYUN,CFE,UT,7,17,3801,,0,1063,,G,,0,0,000000000,00000000000,0,0,0,1,0,0,0,0,0,0,0,998,0,0,0,12,12,6,2,12,0,0,0,1,95,0,6,1,99,9,9,9,999,999,99,99,99,99,99,99,9999,99,9999,0,0,0,0,0,1,2,65,1,1,2,2,0,0,1,54,1,1,1,51,1,0
30,300051,1,1,1,27,5,19,30,1,0,1,0,30,2,35,47,35047,4,1997,1N4BU31D0VC2,1,N,4,B,U,3,1,D,0,V,C,2,0,P,NISS,AGS,4D,97,17,2756,,0,1031,,G,,0,0,000000000,00000000000,0,0,0,1,0,0,0,0,0,0,0,998,9,1,5,0,9,6,2,1,0,0,0,1,30,59538,6,1,0,0,3,1,66,190,98,0,0,0,0,0,0,0,0,0,0,0,0,0,1,2,70,1,1,2,1,0,0,1,12,99,4,4,7,1,0
30,300052,1,1,5,10,6,10,35,1,0,1,0,30,2,20,431,20431,16,1997,1GNFK16R8VJ3,1,G,N,F,K,1,6,R,8,V,J,3,0,P,CHEV,K15,UT,97,17,0,,0,1315,,G,,0,0,000000000,00000000000,0,0,0,1,0,0,0,0,0,0,0,70,0,1,5,0,13,6,2,1,0,0,0,1,30,59102,6,1,0,0,3,0,68,205,98,0,0,0,0,0,0,0,0,0,36,58,0,0,1,2,70,2,5,2,1,0,0,14,13,6,3,4,2,1,0
30,300053,1,1,3,11,6,2,15,31,0,1,0,30,1,20,481,20481,31,1996,1GCGK29R5TE1,1,G,C,G,K,2,9,R,5,T,E,1,0,T,CHEV,GK2,PC,96,17,,2,0,1555,GM4,G,,0,0,000000000,00000000000,0,0,0,1,0,0,0,0,0,0,0,998,0,1,3,99,99,6,2,1,0,0,0,1,30,59821,6,1,6,0,3,1,73,154,98,0,0,0,2,4,2008,4,2008,1,36,39,0,0,2,4,35,3,1,2,2,0,0,14,10,1,1,4,6,1,1
30,300054,1,2,1,12,6,14,48,12,6,1,0,30,1,76,705,76705,80,2008,JYARJ16E28A0,J,Y,A,R,J,1,6,E,2,8,A,0,0,M,YAMA,R6L,RS,8,17,,,,,,,599,0,0,000000000,00000000000,0,0,0,1,0,0,0,0,0,0,0,998,0,0,0,12,98,6,2,12,0,0,0,1,30,59829,6,1,0,0,3,0,72,165,98,0,1,1,0,5,2008,6,2008,1,36,39,0,0,1,2,70,3,1,2,1,0,0,14,52,1,1,3,73,0,0
30,300054,2,2,1,12,6,14,48,12,6,1,0,30,1,76,705,76705,80,2010,JYARJ16E0AA0,J,Y,A,R,J,1,6,E,0,A,A,0,0,M,YAMA,R6L,RC,10,17,,,,,,,599,0,0,000000000,00000000000,0,0,0,1,0,0,0,0,0,0,0,998,0,0,0,8,98,6,2,12,0,0,0,1,30,59829,6,1,0,0,3,0,72,175,98,0,0,0,0,0,0,0,0,1,36,39,0,0,1,2,70,3,1,2,1,0,0,11,15,1,1,1,72,1,0
30,300055,1,1,2,5,6,19,25,35,0,1,0,30,1,22,16,22016,1,1990,1G2JB34K9L75,1,G,2,J,B,3,4,K,9,L,7,5,0,P,PONT,SLE,CV,90,17,2662,,0,1012,,G,,0,0,000000000,00000000000,0,0,0,1,0,0,0,0,0,0,0,998,0,1,5,12,0,6,2,1,0,0,0,1,30,59714,6,1,0,0,3,0,71,200,98,0,0,0,0,0,0,0,0,0,36,0,0,0,1,2,35,1,1,4,1,0,0,1,13,3,3,4,2,1,0