STATE,ST_CASE,VEH_NO,VE_FORMS,NUMOCCS,DAY,MONTH,HOUR,MINUTE,HARM_EV,MAN_COLL,UNITTYPE,HIT_RUN,REG_STAT,OWNER,MAKE,MODEL,MAK_MOD,BODY_TYP,MOD_YEAR,VIN,VIN_1,VIN_2,VIN_3,VIN_4,VIN_5,VIN_6,VIN_7,VIN_8,VIN_9,VIN_10,VIN_11,VIN_12,TOW_VEH,VINTYPE,VINMAKE,VINA_MOD,VIN_BT,VINMODYR,VIN_LNGT,VIN_WGT,WGTCD_TR,WHLBS_LG,WHLBS_SH,SER_TR,FUELCODE,MCYCL_DS,J_KNIFE,MCARR_I1,MCARR_I2,MCARR_ID,GVWR,V_CONFIG,CARGO_BT,HAZ_INV,HAZ_PLAC,HAZ_ID,HAZ_CNO,HAZ_REL,BUS_USE,SPEC_USE,EMER_USE,TRAV_SP,UNDERIDE,ROLLOVER,ROLINLOC,IMPACT1,IMPACT2,DEFORMED,TOWED,M_HARM,VEH_SC1,VEH_SC2,FIRE_EXP,DR_PRES,L_STATE,DR_ZIP,L_STATUS,L_TYPE,CDL_STAT,L_ENDORS,L_COMPL,L_RESTRI,DR_HGT,DR_WGT,PREV_ACC,PREV_SUS,PREV_DWI,PREV_SPD,PREV_OTH,FIRST_MO,FIRST_YR,LAST_MO,LAST_YR,SPEEDREL,DR_SF1,DR_SF2,DR_SF3,DR_SF4,VTRAFWAY,VNUM_LAN,VSPD_LIM,VALIGN,VPROFILE,VPAVETYP,VSURCOND,VTRAFCON,VTCONT_F,P_CRASH1,P_CRASH2,P_CRASH3,PCRASH4,PCRASH5,ACC_TYPE,DEATHS,DR_DRINK
30,300056,1,1,1,16,6,2,0,35,0,1,0,30,2,12,442,12442,20,1998,2FMDA5149WBA,2,F,M,D,A,5,1,4,9,W,B,A,0,T,FORD,WWG,ES,98,17,,1,0,1207,WIN,G,,0,0,000000000,00000000000,0,0,0,1,0,0,0,0,0,0,0,998,0,1,5,12,0,6,2,1,0,0,0,1,30,59226,6,1,0,0,3,0,66,155,98,0,1,0,0,6,2007,6,2007,0,0,0,0,0,1,2,65,2,1,2,1,0,0,14,13,99,1,4,1,1,1
30,300057,1,2,1,23,6,17,25,12,6,1,0,42,1,37,32,37032,4,2002,1HGCG66812A0,1,H,G,C,G,6,6,8,1,2,A,0,0,P,HOND,UXS,4D,2,17,3120,,0,1069,,G,,0,0,000000000,00000000000,0,0,0,1,0,0,0,0,0,0,0,998,0,0,0,11,12,6,2,12,0,0,0,1,42,18702,6,1,0,0,3,0,70,999,0,0,0,0,0,0,0,0,0,0,36,28,0,0,1,2,70,1,1,2,1,0,0,1,10,1,1,2,64,1,0
30,300057,2,2,1,23,6,17,25,12,6,1,0,48,1,85,881,85881,66,2009,1XKAD49X49R2,1,X,K,A,D,4,9,X,4,9,R,2,1,T,KW,T60,DS,9,17,,8,2600,1600,CON,D,,1,57,301760000,57301760000,3,6,3,1,0,0,0,0,0,0,0,60,0,0,0,62,63,6,2,12,0,0,0,1,48,77584,6,1,6,1,3,1,999,999,0,0,0,3,3,10,2007,5,2009,0,0,0,0,0,1,2,70,1,1,2,1,0,0,1,62,9,1,1,65,0,0
30,300058,1,2,1,24,6,10,7,12,6,1,0,32,1,72,706,72706,80,2008,1HD1FC4458Y6,1,H,D,1,F,C,4,4,5,8,Y,6,0,M,HD,FUA,RS,8,17,,,,,,,1584,0,0,000000000,00000000000,0,0,0,1,0,0,0,0,0,0,0,998,0,0,0,12,12,6,2,12,0,0,0,1,32,89120,6,1,0,0,3,1,74,240,0,0,0,0,0,0,0,0,0,0,0,0,0,0,2,4,70,1,1,2,1,0,0,1,67,1,1,1,69,1,0
30,300058,2,2,2,24,6,10,7,12,6,1,0,30,1,12,17,12017,4,1995,1FALP52U1SG3,1,F,A,L,P,5,2,U,1,S,G,3,0,P,FORD,TGS,4D,95,17,3118,,0,1060,,G,,0,0,000000000,00000000000,0,0,0,1,0,0,0,0,0,0,0,998,0,0,0,10,11,6,2,12,0,0,0,1,30,59912,6,1,0,0,3,0,71,265,98,0,0,0,1,7,2009,7,2009,0,38,39,0,0,1,2,98,1,1,2,1,20,3,11,15,1,1,2,68,0,0
30,300059,1,1,2,27,6,1,19,1,0,1,0,30,2,49,40,49040,4,2003,4T1BE32K33U2,4,T,1,B,E,3,2,K,3,3,U,2,0,P,TOYT,UXS,4D,3,17,2993,,0,1071,,G,,0,0,000000000,00000000000,0,0,0,1,0,0,0,0,0,0,0,998,0,1,5,0,98,6,2,1,0,0,0,1,30,59501,6,1,0,0,3,0,68,140,98,0,0,1,0,5,2008,5,2008,1,36,39,53,28,1,2,65,2,1,2,1,0,0,14,13,6,4,4,2,1,1
30,300060,1,1,2,27,6,20,15,42,0,1,0,30,2,20,16,20016,4,1998,1G1JC1247WM1,1,G,1,J,C,1,2,4,7,W,M,1,0,P,CHEV,C/S,CP,98,17,2584,,0,1041,,G,,0,0,000000000,00000000000,0,0,0,1,0,0,0,0,0,0,0,998,0,1,5,3,0,6,2,42,0,0,0,1,30,59347,6,1,0,0,3,0,65,150,98,0,1,0,0,11,2009,11,2009,1,36,39,0,0,1,2,70,2,6,2,1,0,0,14,12,99,1,4,6,1,1
30,300061,1,1,1,28,6,19,40,24,0,1,0,30,1,72,706,72706,80,2002,1HD1BVB1X2Y0,1,H,D,1,B,V,B,1,X,2,Y,0,0,M,HD,FTI,RS,2,17,,,,,,,1450,0,0,000000000,00000000000,0,0,0,1,0,0,0,0,0,0,0,75,0,0,0,1,2,6,2,24,0,0,0,1,30,59701,6,1,0,0,3,0,73,280,98,0,0,0,0,0,0,0,0,0,52,0,0,0,2,2,75,2,5,2,1,0,0,14,13,6,1,4,1,1,1
30,300062,1,1,1,30,6,0,20,59,0,1,0,30,2,20,471,20471,30,1996,1GCCS1446T81,1,G,C,C,S,1,4,4,6,T,8,1,0,T,CHEV,S14,PK,96,17,,1,1179,1083,S,G,,0,0,000000000,00000000000,0,0,0,1,0,0,0,0,0,0,0,998,0,1,5,12,13,6,2,1,0,0,0,1,30,59701,6,1,0,0,3,1,69,132,98,0,0,0,1,2,2009,2,2009,0,36,58,0,0,2,2,75,2,1,2,1,0,0,14,12,6,4,4,2,1,0
30,300063,1,1,1,26,6,10,45,1,0,1,0,8,1,48,34,48034,6,2002,4S3BH8060276,4,S,3,B,H,8,0,6,0,2,7,6,0,P,SUBA,ULB,SW,2,17,3715,,0,1043,,G,,0,0,000000000,00000000000,0,0,0,1,0,0,0,0,0,0,0,65,0,1,5,0,0,6,2,1,0,0,0,1,8,80302,6,1,0,0,3,0,62,101,0,0,0,0,1,3,2008,3,2008,0,58,0,0,0,1,2,70,3,1,2,1,0,0,14,12,7,1,4,6,1,0
30,300064,1,1,1,2,7,21,34,35,0,1,0,30,1,18,5,18005,2,1997,1G4GD2210V47,1,G,4,G,D,2,2,1,0,V,4,7,0,P,BUIC,RIV,CP,97,17,3720,,0,1138,,G,,0,0,000000000,00000000000,0,0,0,1,0,0,0,0,0,0,0,998,0,1,5,12,13,6,2,1,0,0,0,1,30,59601,6,1,0,0,3,1,65,155,98,0,0,1,1,8,2008,9,2008,1,39,36,58,0,1,2,35,1,5,4,1,0,0,1,12,7,1,4,1,1,1
30,300065,1,1,2,8,7,13,2,59,0,1,0,53,1,12,481,12481,31,2000,1FTZR15VXYPB,1,F,T,Z,R,1,5,V,X,Y,P,B,0,T,FORD,RNS,PS,0,17,,1,0,1259,RNG,F,,0,0,000000000,00000000000,0,0,0,1,0,0,0,0,0,0,0,998,0,1,5,12,13,6,2,1,0,0,0,1,53,98271,6,1,0,0,3,1,70,170,0,0,0,0,0,0,0,0,0,0,36,58,0,0,2,2,75,3,1,2,1,0,0,14,13,6,1,4,1,1,0
30,300066,1,1,1,3,7,20,16,38,0,1,0,30,1,72,706,72706,80,2010,1HD1KEM13AB6,1,H,D,1,K,E,M,1,3,A,B,6,0,M,HD,FTK,RS,10,17,,,,,,,1690,0,0,000000000,00000000000,0,0,0,1,0,0,0,0,0,0,0,998,0,0,0,12,0,6,2,35,0,0,0,1,30,59701,6,1,0,0,3,0,68,185,98,0,0,1,0,9,2008,9,2008,0,0,0,0,0,1,2,70,3,5,2,1,0,0,14,13,1,1,4,1,1,1
30,300067,1,1,1,9,7,21,15,59,0,1,0,30,1,20,421,20421,15,1993,1GNDT13W2P21,1,G,N,D,T,1,3,W,2,P,2,1,0,P,CHEV,S10,UT,93,17,3764,,0,1070,,G,,0,0,000000000,00000000000,0,0,0,1,0,0,0,0,0,0,0,90,0,1,5,12,9,6,2,1,0,0,0,1,30,59068,6,1,0,0,3,1,70,200,98,0,0,0,0,0,0,0,0,1,36,39,58,0,1,2,70,2,1,2,1,0,0,14,13,6,1,4,1,1,1
30,300068,1,2,5,8,7,22,52,12,6,1,0,56,1,20,37,20037,4,2007,1G1ZT58F47F1,1,G,1,Z,T,5,8,F,4,7,F,1,0,P,CHEV,MLT,4D,7,17,3155,,0,1063,,G,,0,0,000000000,00000000000,0,0,0,1,0,0,0,0,0,0,0,50,0,0,0,2,3,6,2,12,0,0,0,1,56,82520,6,1,0,0,3,0,66,155,0,0,0,1,0,1,2009,1,2009,0,38,39,0,0,1,2,65,1,1,2,1,20,3,1,17,1,1,1,87,3,0
30,300068,2,2,1,8,7,22,52,12,6,1,0,30,2,12,401,12401,14,1998,1FMZU34E2WZC,1,F,M,Z,U,3,4,E,2,W,Z,C,0,P,FORD,EPR,UT,98,17,4146,,0,1115,,G,,0,0,000000000,00000000000,0,0,0,1,0,0,0,0,0,0,0,65,0,1,5,12,12,6,2,12,0,0,0,1,30,59486,6,1,0,0,3,1,70,165,98,0,0,0,0,0,0,0,0,0,0,0,0,0,1,2,65,1,1,2,1,0,0,1,17,1,1,1,86,0,0
30,300069,1,2,1,13,7,14,30,12,2,1,0,95,1,72,706,72706,80,2010,5HD1FB4A7AB6,5,H,D,1,F,B,4,A,7,A,B,6,0,M,HD,FHR,RS,10,17,,,,,,,1584,0,0,000000000,00000000000,0,0,0,1,0,0,0,0,0,0,0,61,0,0,0,12,12,6,2,12,0,0,0,1,95,0,9,1,99,9,9,9,999,999,99,99,99,99,99,99,9999,99,9999,1,39,28,0,0,1,2,70,2,5,2,1,0,0,14,10,1,1,2,50,1,0
30,300069,2,2,2,13,7,14,30,12,2,1,0,15,3,20,481,20481,31,2010,1G1ZC5E07AF1,1,G,1,Z,C,5,E,0,7,A,F,1,0,P,CHEV,ML1,4D,10,17,3436,,0,1123,,F,,0,0,000000000,00000000000,0,0,0,1,0,0,0,0,0,0,0,998,0,0,0,12,12,6,2,12,0,0,0,1,97,99999,9,1,99,9,9,9,999,999,99,99,99,99,99,99,9999,99,9999,0,0,0,0,0,1,2,70,2,6,2,1,0,0,14,10,3,4,2,51,0,0
30,300070,1,2,1,19,7,13,38,12,2,1,0,30,1,35,43,35043,4,1994,JN1EB31P9RU3,J,N,1,E,B,3,1,P,9,R,U,3,0,P,NISS,SEL,4D,94,17,2346,,0,957,,G,,0,0,000000000,00000000000,0,0,0,1,0,0,0,0,0,0,0,70,0,0,0,12,11,6,2,12,0,0,0,1,30,59937,6,1,0,0,3,0,61,125,98,0,0,0,0,0,0,0,0,0,51,28,39,0,1,2,70,2,1,2,1,0,0,14,10,1,1,2,50,1,0
30,300070,2,2,5,19,7,13,38,12,2,1,0,95,1,7,482,7482,31,2007,3D3MX49A57G7,3,D,3,M,X,4,9,A,5,7,G,7,0,T,DODG,ME3,CW,7,17,,3,0,1605,RPC,D,,0,0,000000000,00000000000,0,0,0,1,0,0,0,0,0,0,0,70,0,0,0,12,9,6,2,12,0,0,0,1,95,99999,9,9,99,9,9,9,999,999,99,99,99,99,99,99,9999,99,9999,0,0,0,0,0,1,2,70,2,1,2,1,0,0,14,62,9,1,1,51,0,0
30,300071,1,1,2,21,7,11,25,31,0,1,0,30,2,23,461,23461,21,1989,2GKEG25C4K45,2,G,K,E,G,2,5,C,4,K,4,5,0,T,GMC,G2R,SV,89,17,,2,0,1250,RAL,D,,0,0,000000000,00000000000,0,0,0,1,0,0,0,0,0,0,0,998,0,1,5,12,13,6,2,1,0,0,0,1,8,80925,6,1,0,0,3,0,67,190,0,0,0,0,0,0,0,0,0,0,36,58,0,0,1,2,70,1,1,2,1,0,0,1,12,7,1,4,6,1,0
30,300072,1,1,1,16,7,19,40,24,0,1,0,30,1,37,706,37706,80,1983,1HFSC0227DA3,1,H,F,S,C,0,2,2,7,D,A,3,0,M,HOND,G1A,RS,83,17,,,,,,,1100,0,0,000000000,00000000000,0,0,0,1,0,0,0,0,0,0,0,998,0,0,0,2,3,6,2,24,0,0,0,1,30,59101,6,1,6,0,3,0,72,225,98,0,0,0,0,0,0,0,0,1,36,39,0,0,1,2,75,3,6,2,1,0,0,14,11,6,2,4,2,1,0
30,300073,1,1,1,17,7,20,28,11,0,1,0,38,1,72,706,72706,80,2009,1HD1KB4189Y6,1,H,D,1,K,B,4,1,8,9,Y,6,0,M,HD,FHX,RS,9,17,,,,,,,1584,0,0,000000000,00000000000,0,0,0,1,0,0,0,0,0,0,0,55,0,0,0,12,12,6,2,11,0,0,0,1,38,58838,6,1,6,0,3,0,68,200,0,0,0,2,0,9,2007,7,2009,0,83,0,0,0,1,2,55,1,1,2,1,0,0,1,87,8,1,1,13,1,0
30,300074,1,1,5,18,7,1,50,1,0,1,0,30,1,20,441,20441,20,1997,1GNEL19W4VB2,1,G,N,E,L,1,9,W,4,V,B,2,0,T,CHEV,AST,ES,97,17,,2,0,1110,AST,G,,0,0,000000000,00000000000,0,0,0,1,0,0,0,0,0,0,0,998,0,1,1,0,0,6,2,1,0,0,0,1,30,59715,6,1,0,0,3,0,74,270,98,1,1,0,1,3,2008,5,2009,1,36,28,58,0,2,2,75,1,1,2,1,0,0,1,12,7,3,6,98,1,1
30,300075,1,1,2,18,7,4,17,1,0,1,0,30,2,20,37,20037,4,2001,1G1ND52J8162,1,G,1,N,D,5,2,J,8,1,6,2,0,P,CHEV,MAL,4D,1,17,3051,,0,1070,,G,,0,0,000000000,00000000000,0,0,0,1,0,0,0,0,0,0,0,80,0,1,3,0,0,6,2,1,0,0,0,1,30,59101,0,0,0,0,0,0,999,999,98,0,0,0,0,0,0,0,0,1,36,27,29,0,2,2,45,1,6,2,1,28,3,6,12,6,1,4,6,1,0
30,300076,1,1,1,18,7,18,3,1,0,1,0,30,2,48,34,48034,6,2000,4S3BH6655Y66,4,S,3,B,H,6,6,5,5,Y,6,6,0,P,SUBA,ULK,SW,0,17,3415,,0,1043,,G,,0,0,000000000,00000000000,0,0,0,1,0,0,0,0,0,0,0,998,0,1,1,0,0,6,2,1,0,0,0,1,30,59840,6,2,0,0,3,1,66,118,98,0,0,0,0,0,0,0,0,0,28,58,0,0,1,2,70,2,1,2,1,0,0,14,12,7,1,6,98,1,0
30,300077,1,1,1,22,7,21,55,8,0,1,0,30,1,9,442,9442,20,1999,2P4FP2539XR2,2,P,4,F,P,2,5,3,9,X,R,2,0,P,PLYM,VOF,SV,99,17,3415,,0,1133,,G,,0,0,000000000,00000000000,0,0,0,1,0,0,0,0,0,0,0,998,0,0,0,12,12,2,1,8,0,0,0,1,30,59006,6,1,0,0,3,1,64,125,98,0,0,1,0,2,2010,2,2010,0,0,0,0,0,2,2,35,1,1,2,1,0,0,1,17,1,1,1,13,0,0
30,300078,1,2,4,24,7,15,45,12,2,1,0,30,1,12,402,12402,14,2003,1FMCU93153KA,1,F,M,C,U,9,3,1,5,3,K,A,0,P,FORD,SPE,UT,3,17,3458,,0,1031,,G,,0,0,000000000,00000000000,0,0,0,1,0,0,0,0,0,0,0,46,0,0,0,12,12,4,1,12,0,0,0,1,30,59808,6,1,0,0,3,1,69,190,98,0,1,1,1,9,2007,5,2008,1,39,28,0,0,1,2,70,2,6,2,1,0,0,14,10,1,1,2,50,0,1
30,300078,2,2,1,24,7,15,45,12,2,1,0,47,1,34,705,34705,80,2002,WB10495A02ZE,W,B,1,0,4,9,5,A,0,2,Z,E,0,M,BMW,R5G,RT,2,17,,,,,,,1150,0,0,000000000,00000000000,0,0,0,1,0,0,0,0,0,0,0,35,0,0,0,12,12,6,2,12,0,0,0,1,47,37830,6,1,0,0,3,1,71,168,1,0,0,0,0,6,2009,6,2009,0,0,0,0,0,1,2,70,2,5,2,1,0,0,14,62,1,1,1,51,1,0
30,300079,1,1,1,24,7,99,99,1,0,1,0,30,1,2,404,2404,14,1999,1J4FF28S4XL6,1,J,4,F,F,2,8,S,4,X,L,6,0,T,JEEP,CSE,4W,99,17,,1,0,1014,CHK,G,,0,0,000000000,00000000000,0,0,0,1,0,0,0,0,0,0,0,85,0,1,1,0,0,6,2,1,0,0,0,1,30,59102,6,1,0,0,3,1,63,110,98,0,0,0,0,0,0,0,0,1,39,58,0,0,2,2,75,1,1,2,1,0,0,1,8,7,4,6,98,1,1
30,300080,1,1,2,24,7,23,1,35,0,1,0,30,1,7,482,7482,31,1998,1B7HF13Z1WJ1,1,B,7,H,F,1,3,Z,1,W,J,1,0,T,DODG,Q15,4C,98,17,,2,1547,1387,RPC,G,,0,0,000000000,00000000000,0,0,0,1,0,0,0,0,0,0,0,998,0,0,0,12,12,6,2,35,0,0,0,1,30,59215,6,1,0,0,3,0,74,175,98,0,0,0,0,0,0,0,0,1,36,39,53,0,1,2,65,1,1,2,1,20,3,1,17,1,1,4,14,2,1
30,300081,1,1,2,25,7,4,6,30,0,1,0,30,2,48,34,48034,4,1997,4S3BD6758V72,4,S,3,B,D,6,7,5,8,V,7,2,0,P,SUBA,UGT,4D,97,17,3090,,0,1035,,G,,0,0,000000000,00000000000,0,0,0,1,0,0,0,0,0,0,0,998,0,1,5,12,81,6,2,30,0,0,0,1,30,59912,6,1,0,0,3,0,74,222,98,0,0,0,1,3,2010,3,2010,0,0,0,0,0,5,2,55,3,1,2,1,0,0,14,13,1,1,4,1,2,1
30,300082,1,1,2,25,7,15,39,34,0,1,0,30,1,14,38,14038,2,2000,1ZWFT61L9Y56,1,Z,W,F,T,6,1,L,9,Y,5,6,0,P,MERC,CU6,2H,0,17,2881,,0,1064,,G,,0,0,000000000,00000000000,0,0,0,1,0,0,0,0,0,0,0,998,0,1,3,81,99,6,2,1,0,0,0,1,53,98252,6,1,0,0,3,0,65,105,0,0,0,1,0,4,2009,4,2009,1,36,39,58,0,2,2,75,1,1,2,1,0,0,1,12,7,4,4,7,1,1
30,300083,1,1,1,26,7,21,30,11,0,1,0,27,2,34,705,34705,80,1979,G38044200000,G,3,8,0,4,4,2,0,0,0,0,0,0,U,,,,,17,,,,,,,,0,0,000000000,00000000000,0,0,0,1,0,0,0,0,0,0,0,998,0,0,0,12,61,6,2,11,0,0,0,1,30,59840,6,1,0,0,3,0,75,185,98,0,0,0,0,0,0,0,0,0,83,0,0,0,1,2,40,1,1,2,1,0,0,1,87,8,2,2,13,1,1
30,300084,1,1,1,26,7,23,50,1,0,1,0,30,1,20,39,20039,4,2004,KL1TD526X4B2,K,L,1,T,D,5,2,6,X,4,B,2,0,P,CHEV,AVO,4D,4,17,2343,,0,976,,G,,0,0,000000000,00000000000,0,0,0,1,0,0,0,0,0,0,0,998,0,1,1,0,0,6,2,1,0,0,0,1,30,59859,6,1,0,0,3,0,68,140,98,0,1,0,0,7,2010,7,2010,1,36,39,58,0,1,2,65,3,1,2,1,0,0,14,8,6,1,6,98,1,1
30,300085,1,2,4,22,7,18,0,12,2,1,0,30,2,20,481,20481,31,1991,1GCDC14K5MZ1,1,G,C,D,C,1,4,K,5,M,Z,1,0,T,CHEV,GC1,PK,91,17,,1,1315,1175,GM4,G,,0,0,000000000,00000000000,0,0,0,1,0,0,0,0,0,0,0,998,0,0,0,12,12,6,2,12,0,0,0,1,30,59501,2,1,0,0,2,2,73,184,98,2,1,0,0,1,2009,9,2009,0,36,28,74,0,1,2,45,3,3,2,1,0,0,14,10,3,4,2,50,1,1
30,300085,2,2,7,22,7,18,0,12,2,1,0,30,1,20,481,20481,31,2001,1GCHK23U51F1,1,G,C,H,K,2,3,U,5,1,F,1,0,T,CHEV,2KH,CW,1,17,,2,1670,1530,SIL,G,,0,0,000000000,00000000000,0,0,0,1,0,0,0,0,0,0,0,998,0,0,0,12,12,6,2,12,0,0,0,1,30,59521,0,0,0,0,0,0,999,999,98,0,0,1,0,2,2010,3,2010,0,0,0,0,0,1,2,45,2,3,2,1,0,0,14,62,6,1,2,51,0,0
30,300086,1,1,2,28,7,16,15,35,0,1,0,12,4,72,706,72706,80,2009,1HD1FF41X9Y6,1,H,D,1,F,F,4,1,X,9,Y,6,0,M,HD,FHC,RS,9,17,,,,,,,1584,0,0,000000000,00000000000,0,0,0,1,0,0,0,0,0,0,0,998,0,0,0,12,98,6,2,17,0,0,0,1,27,55043,6,1,0,0,3,1,72,265,0,0,0,0,0,0,0,0,0,0,0,0,0,0,1,2,70,3,6,2,1,0,0,14,13,1,1,4,1,1,0
30,300087,1,1,1,30,7,2,0,1,0,1,0,30,1,12,401,12401,14,2003,1FMZU73K53UC,1,F,M,Z,U,7,3,K,5,3,U,C,0,P,FORD,EPR,UT,3,17,4094,,0,1137,,F,,0,0,000000000,00000000000,0,0,0,1,0,0,0,0,0,0,0,998,0,1,5,0,0,6,2,1,0,0,0,1,30,59016,0,0,0,0,0,0,999,999,99,99,99,99,99,99,9999,99,9999,1,36,39,0,0,1,2,65,3,6,2,1,0,0,14,8,8,2,4,2,1,1
30,300088,1,1,2,25,7,1,38,1,0,1,0,30,1,49,422,49422,15,2002,5TDBT44A92S0,5,T,D,B,T,4,4,A,9,2,S,0,0,P,TOYT,SEQ,UT,2,17,5270,,0,1181,,G,,0,0,000000000,00000000000,0,0,0,1,0,0,0,0,0,0,0,998,0,1,5,0,0,6,2,1,0,0,0,1,30,59601,6,1,0,0,3,0,60,110,98,0,0,0,3,10,2009,6,2010,1,36,39,0,0,1,4,40,2,1,2,1,0,0,14,8,6,2,4,2,1,1
30,300089,1,2,1,4,8,23,5,12,2,1,0,30,1,20,19,20019,4,1994,1G1LD5540RY2,1,G,1,L,D,5,5,4,0,R,Y,2,0,P,CHEV,CSA,4D,94,17,2665,,0,1034,,G,,0,0,000000000,00000000000,0,0,0,1,0,0,0,0,0,0,0,85,0,0,0,12,12,6,2,12,0,0,0,1,30,59802,6,1,0,0,3,0,74,180,98,0,0,0,0,0,0,0,0,1,36,39,58,28,1,2,45,2,6,2,1,0,0,14,13,6,1,6,50,1,1
30,300089,2,2,1,4,8,23,5,12,2,1,0,30,2,20,481,20481,31,1948,CA6975180000,C,A,6,9,7,5,1,8,0,0,0,0,0,U,,,,,17,,,,,,,,0,0,000000000,00000000000,0,0,0,1,0,0,0,0,0,0,0,998,0,0,0,12,12,6,2,12,0,0,0,1,30,59802,6,1,0,0,3,0,64,140,98,0,0,0,0,0,0,0,0,0,0,0,0,0,1,2,45,3,5,2,1,0,0,14,54,1,1,1,51,0,0
30,300090,1,1,2,13,8,21,10,24,0,1,0,30,2,7,402,7402,14,2000,1B4HS28Z1YF1,1,B,4,H,S,2,8,Z,1,Y,F,1,0,P,DODG,DUR,UT,0,17,4462,,0,1159,,G,,0,0,000000000,00000000000,0,0,0,1,0,0,0,0,0,0,0,80,0,1,6,12,14,6,2,1,0,0,1,1,30,59022,2,1,0,0,2,2,70,195,98,1,1,0,0,7,2009,7,2009,1,36,39,74,0,1,2,35,1,1,2,1,20,3,1,17,3,1,4,14,1,1
30,300091,1,1,1,5,8,20,1,42,0,1,0,53,1,72,706,72706,80,2010,1HD1KB411AB6,1,H,D,1,K,B,4,1,1,A,B,6,0,M,HD,FHX,RS,10,17,,,,,,,1584,0,0,000000000,00000000000,0,0,0,1,0,0,0,0,0,0,0,998,0,0,0,61,14,6,2,42,0,0,1,1,53,98446,6,1,0,0,3,1,72,180,0,0,0,0,0,0,0,0,0,0,0,0,0,0,2,2,75,2,6,2,1,0,0,14,13,1,1,4,1,1,0
30,300092,1,1,1,7,8,1,50,38,0,1,0,30,1,49,471,49471,31,1991,JT4RN13PXM60,J,T,4,R,N,1,3,P,X,M,6,0,0,T,TOYT,ELD,PC,91,17,,1,0,1215,HTP,G,,0,0,000000000,00000000000,0,0,0,1,0,0,0,0,0,0,0,998,0,1,5,98,98,6,2,1,0,0,0,1,30,59079,6,1,0,0,3,0,72,250,98,0,0,0,0,0,0,0,0,1,36,58,51,0,1,2,60,1,1,2,1,0,0,1,12,6,4,4,7,1,1
30,300093,1,1,1,8,8,14,8,34,0,1,0,30,1,72,706,72706,80,2000,1HD1FCW18YY6,1,H,D,1,F,C,W,1,8,Y,Y,6,0,M,HD,FLU,RS,0,17,,,,,,,1450,0,0,000000000,00000000000,0,0,0,1,0,0,0,0,0,0,0,998,0,0,0,61,98,6,2,38,0,0,0,1,95,99999,9,9,99,9,9,9,999,999,99,99,99,99,99,99,9999,99,9999,0,0,0,0,0,1,2,70,3,6,2,1,0,0,14,13,4,1,4,1,1,0
30,300094,1,1,2,14,8,2,13,31,0,1,1,30,1,12,481,12481,31,2001,1FTSX31F11EB,1,F,T,S,X,3,1,F,1,1,E,B,0,T,FORD,F3S,4C,1,17,,2,1580,1418,SRW,D,,0,0,000000000,00000000000,0,0,0,1,0,0,0,0,0,0,0,998,0,1,5,12,81,6,2,30,0,0,0,1,30,59729,6,1,0,0,3,0,67,165,98,0,0,0,0,0,0,0,0,1,36,39,0,0,1,2,70,3,5,2,1,0,0,14,13,6,4,4,2,1,1
30,300095,1,1,1,15,8,17,45,35,0,1,0,30,1,72,706,72706,80,2006,1HD1PNF196Y9,1,H,D,1,P,N,F,1,9,6,Y,9,0,M,HD,FL2,RS,6,17,,,,,,,1690,0,0,000000000,00000000000,0,0,0,1,0,0,0,0,0,0,0,80,0,0,0,99,98,6,2,35,0,0,0,1,30,59105,6,1,6,0,3,1,75,240,98,0,0,1,0,2,2008,2,2008,1,36,0,0,0,2,2,75,2,6,2,1,0,0,14,12,9,1,4,6,1,0
30,300096,1,1,2,16,8,15,55,35,0,1,0,53,1,99,850,99850,73,1997,1FDLE40SXVHB,1,F,D,L,E,4,0,S,X,V,H,B,0,T,FORD,RVC,MY,97,17,,4,1760,1580,CTV,G,,0,0,000000000,00000000000,0,0,0,1,0,0,0,0,0,0,0,998,0,0,0,12,62,6,2,31,0,0,0,1,53,98338,6,1,0,0,3,1,69,225,1,0,0,0,0,8,2008,8,2008,0,36,28,0,0,1,2,70,1,1,2,1,0,0,1,12,1,1,4,6,1,0
30,300097,1,4,3,19,8,17,38,12,1,1,0,30,1,49,471,49471,30,1990,JT4VN01D2L20,J,T,4,V,N,0,1,D,2,L,2,0,0,T,TOYT,SWD,PK,90,17,,1,0,1030,HTP,G,,0,0,000000000,00000000000,0,0,0,1,0,0,0,0,0,0,0,998,0,0,0,12,12,6,2,12,0,0,0,1,30,59901,6,1,0,0,3,0,73,155,98,0,0,0,0,0,0,0,0,1,36,39,26,0,1,2,70,1,6,2,1,0,0,1,52,4,2,1,28,1,0
30,300097,2,4,4,19,8,17,38,12,1,1,0,30,1,20,431,20431,16,1988,1GKEV16K5JF5,1,G,K,E,V,1,6,K,5,J,F,5,0,T,GMC,VSU,4W,88,17,,2,0,1295,V15,G,,0,0,000000000,00000000000,0,0,0,1,0,0,0,0,0,0,0,998,0,0,0,12,12,6,2,12,0,0,0,1,30,59901,6,1,0,0,3,1,71,270,98,0,0,0,0,0,0,0,0,0,0,0,0,0,2,2,70,1,6,2,1,0,0,1,54,1,1,1,98,0,0