STATE,ST_CASE,VEH_NO,VE_FORMS,NUMOCCS,DAY,MONTH,HOUR,MINUTE,HARM_EV,MAN_COLL,UNITTYPE,HIT_RUN,REG_STAT,OWNER,MAKE,MODEL,MAK_MOD,BODY_TYP,MOD_YEAR,VIN,VIN_1,VIN_2,VIN_3,VIN_4,VIN_5,VIN_6,VIN_7,VIN_8,VIN_9,VIN_10,VIN_11,VIN_12,TOW_VEH,VINTYPE,VINMAKE,VINA_MOD,VIN_BT,VINMODYR,VIN_LNGT,VIN_WGT,WGTCD_TR,WHLBS_LG,WHLBS_SH,SER_TR,FUELCODE,MCYCL_DS,J_KNIFE,MCARR_I1,MCARR_I2,MCARR_ID,GVWR,V_CONFIG,CARGO_BT,HAZ_INV,HAZ_PLAC,HAZ_ID,HAZ_CNO,HAZ_REL,BUS_USE,SPEC_USE,EMER_USE,TRAV_SP,UNDERIDE,ROLLOVER,ROLINLOC,IMPACT1,IMPACT2,DEFORMED,TOWED,M_HARM,VEH_SC1,VEH_SC2,FIRE_EXP,DR_PRES,L_STATE,DR_ZIP,L_STATUS,L_TYPE,CDL_STAT,L_ENDORS,L_COMPL,L_RESTRI,DR_HGT,DR_WGT,PREV_ACC,PREV_SUS,PREV_DWI,PREV_SPD,PREV_OTH,FIRST_MO,FIRST_YR,LAST_MO,LAST_YR,SPEEDREL,DR_SF1,DR_SF2,DR_SF3,DR_SF4,VTRAFWAY,VNUM_LAN,VSPD_LIM,VALIGN,VPROFILE,VPAVETYP,VSURCOND,VTRAFCON,VTCONT_F,P_CRASH1,P_CRASH2,P_CRASH3,PCRASH4,PCRASH5,ACC_TYPE,DEATHS,DR_DRINK
30,300135,1,1,4,7,11,6,30,1,0,1,0,30,1,12,401,12401,14,1996,1FMDU34X1TUA,1,F,M,D,U,3,4,X,1,T,U,A,0,P,FORD,EPR,UT,96,17,4189,,0,1115,,G,,0,0,000000000,00000000000,0,0,0,1,0,0,0,0,0,0,0,998,0,1,5,0,13,6,2,1,0,0,0,1,30,59047,6,1,0,0,3,0,68,165,98,0,0,0,0,0,0,0,0,0,83,58,0,0,1,2,65,1,1,2,1,0,0,1,87,7,3,4,3,1,1
30,300136,1,1,1,27,10,16,10,1,0,1,0,30,1,12,471,12471,30,1994,1FTCR11X5RPA,1,F,T,C,R,1,1,X,5,R,P,A,0,T,FORD,RNG,PK,94,17,,1,1140,1080,RNG,G,,0,0,000000000,00000000000,0,0,0,1,0,0,0,0,0,0,0,998,0,1,5,0,13,6,2,1,0,0,1,1,30,59901,6,1,0,0,3,0,66,125,98,0,0,0,0,0,0,0,0,0,36,0,0,0,1,2,35,1,1,2,1,0,0,1,13,1,1,4,1,1,0
30,300137,1,1,2,7,11,3,40,1,0,1,0,30,2,49,472,49472,30,2002,5TEWN72N62Z0,5,T,E,W,N,7,2,N,6,2,Z,0,0,T,TOYT,XTR,PC,2,17,,1,0,1219,TAC,G,,0,0,000000000,00000000000,0,0,0,1,0,0,0,0,0,0,0,998,0,1,1,0,12,6,2,1,0,0,0,1,30,59041,6,1,0,0,3,0,68,130,98,0,0,0,0,0,0,0,0,0,36,28,58,0,2,2,65,1,1,2,1,0,0,1,13,6,9,6,98,1,1
30,300138,1,1,2,9,11,22,48,8,0,1,0,30,1,12,37,12037,4,2000,1FAFP3433YW3,1,F,A,F,P,3,4,3,3,Y,W,3,0,P,FORD,FSS,4D,0,17,2564,,0,1030,,G,,0,0,000000000,00000000000,0,0,0,1,0,0,0,0,0,0,0,998,0,0,0,12,12,6,2,8,0,0,0,1,30,59801,6,1,6,0,3,1,72,205,98,1,0,0,0,5,2008,5,2008,0,51,0,0,0,1,2,35,1,1,2,1,0,0,1,12,1,1,4,6,0,1
30,300139,1,3,1,10,11,16,45,12,1,1,0,30,2,21,1,21001,4,1987,1G3AJ11W4HD3,1,G,3,A,J,1,1,W,4,H,D,3,0,P,OLDS,CIS,CP,87,17,2769,,0,1049,,G,,0,0,000000000,00000000000,0,0,0,1,0,0,0,0,0,0,0,998,0,0,0,6,1,6,2,12,0,0,0,1,30,59808,6,1,0,0,3,1,75,170,98,0,0,0,0,0,0,0,0,0,48,0,0,0,1,2,45,1,1,2,1,1,3,2,53,1,1,2,30,1,0
30,300139,2,3,1,10,11,16,45,12,1,1,0,30,2,7,482,7482,31,2006,1D7HU18276S6,1,D,7,H,U,1,8,2,7,6,S,6,0,T,DODG,SQ1,CW,6,17,,2,1605,1405,RPC,G,,0,0,000000000,00000000000,0,0,0,1,0,0,0,0,0,0,0,35,0,0,0,12,11,4,1,12,0,0,0,1,30,59808,6,1,0,0,3,0,74,230,98,0,0,0,1,1,2009,1,2009,0,0,0,0,0,1,2,45,1,1,2,1,0,0,1,51,9,2,1,28,0,0
30,300139,3,3,1,10,11,16,45,12,1,1,0,30,1,49,401,49401,14,1998,JT3HN87R7W90,J,T,3,H,N,8,7,R,7,W,9,0,0,P,TOYT,RUN,UT,98,17,3940,,0,1053,,G,,0,0,000000000,00000000000,0,0,0,1,0,0,0,0,0,0,0,998,0,0,0,12,12,6,2,12,0,0,0,1,30,59829,6,1,0,0,3,1,64,155,98,0,0,0,0,0,0,0,0,0,0,0,0,0,1,2,45,1,1,2,1,0,0,1,62,1,1,1,98,0,0
30,300140,1,2,1,12,11,14,20,12,2,1,0,30,2,12,481,12481,31,1983,1FTHX25L8DKA,1,F,T,H,X,2,5,L,8,D,K,A,0,T,FORD,F25,PS,83,17,,2,0,1550,COF,G,,0,0,000000000,00000000000,0,0,0,1,0,0,0,0,0,0,0,998,0,1,1,12,13,6,2,12,0,0,1,1,30,59105,6,1,0,0,3,0,74,215,98,0,0,0,0,0,0,0,0,0,51,36,28,0,1,2,70,1,1,2,1,0,0,1,10,1,1,2,50,1,0
30,300140,2,2,1,12,11,14,20,12,2,1,0,32,3,82,881,82881,66,1998,1FUYSSEBXWP9,1,F,U,Y,S,S,E,B,X,W,P,9,1,T,FRHT,FC2,DS,98,17,,8,0,0,CON,D,,1,57,088558300,57088558300,3,6,1,1,0,0,0,0,0,0,0,998,0,0,0,12,12,6,2,12,0,0,0,1,16,83713,6,1,6,1,3,0,74,220,0,0,0,0,0,0,0,0,0,0,0,0,0,0,1,2,60,1,1,2,1,0,0,1,62,1,1,1,51,0,0
30,300141,1,1,2,12,11,17,2,1,0,1,0,30,1,52,401,52401,14,1998,JA4LS41P9WP0,J,A,4,L,S,4,1,P,9,W,P,0,0,P,MITS,MNS,UT,98,17,3865,,0,1073,,G,,0,0,000000000,00000000000,0,0,0,1,0,0,0,0,0,0,0,998,0,1,3,0,13,6,2,1,0,0,0,1,30,59759,6,1,0,0,3,0,71,215,98,0,0,0,0,0,0,0,0,1,87,0,0,0,2,2,75,1,5,2,4,0,0,1,12,1,3,4,7,1,0
30,300142,1,1,1,14,11,7,0,24,0,1,0,30,1,12,481,12481,31,2003,2FTRX18L83CA,2,F,T,R,X,1,8,L,8,3,C,A,0,T,FORD,F15,4C,3,17,,2,1574,1388,COF,G,,0,0,000000000,00000000000,0,0,0,1,0,0,0,0,0,0,0,998,0,1,5,61,13,6,2,1,0,0,0,1,30,59248,6,1,0,0,3,0,69,155,98,0,0,1,0,12,2008,12,2008,1,36,58,0,0,1,2,70,1,1,2,2,0,0,1,12,7,3,4,7,1,0
30,300143,1,2,1,14,11,10,19,12,6,1,0,30,1,37,32,37032,4,1996,1HGCD5634TA0,1,H,G,C,D,5,6,3,4,T,A,0,0,P,HOND,ULE,4D,96,17,2864,,0,1069,,G,,0,0,000000000,00000000000,0,0,0,1,0,0,0,0,0,0,0,998,0,0,0,61,61,6,2,12,0,0,0,1,30,59827,6,1,0,0,3,0,67,120,98,0,0,0,0,0,0,0,0,0,38,0,0,0,1,2,35,1,1,2,1,20,3,11,15,1,1,1,82,1,0
30,300143,2,2,2,14,11,10,19,12,6,1,0,30,2,54,35,54035,4,1998,JH4UA3648WC0,J,H,4,U,A,3,6,4,8,W,C,0,0,P,ACUR,32T,4D,98,17,3349,,0,1118,,G,,0,0,000000000,00000000000,0,0,0,1,0,0,0,0,0,0,0,998,0,0,0,12,12,6,2,12,0,0,0,1,30,59827,6,1,0,0,3,0,69,150,98,0,0,0,0,0,0,0,0,0,0,0,0,0,1,2,70,3,1,2,1,0,0,14,67,1,1,1,83,0,0
30,300144,1,2,4,20,11,9,55,12,6,1,0,30,1,35,473,35473,31,2004,1N6AA07B14N5,1,N,6,A,A,0,7,B,1,4,N,5,0,T,NISS,TXS,CW,4,17,,2,0,1398,TTN,G,,0,0,000000000,00000000000,0,0,0,1,0,0,0,0,0,0,0,998,0,0,0,61,98,6,2,12,0,0,0,1,30,59068,6,1,0,0,3,1,68,160,98,0,0,0,0,0,0,0,0,1,36,58,28,87,1,2,70,1,1,2,4,0,0,1,6,99,3,2,64,1,1
30,300144,2,2,1,20,11,9,55,12,6,1,0,30,1,12,481,12481,31,2005,1FTSW21Y75EC,1,F,T,S,W,2,1,Y,7,5,E,C,0,T,FORD,F2S,CW,5,17,,2,1724,1562,SRW,G,,0,0,000000000,00000000000,0,0,0,1,0,0,0,0,0,0,0,60,0,0,0,12,98,6,2,12,0,0,0,1,30,59105,6,1,0,0,3,1,70,265,98,0,0,0,0,0,0,0,0,0,0,0,0,0,0,0,0,0,0,0,0,0,0,1,62,1,1,1,65,0,0
30,300145,1,1,2,20,11,11,40,1,0,1,0,30,1,7,482,7482,31,1996,1B7KF23Z2TJ1,1,B,7,K,F,2,3,Z,2,T,J,1,0,T,DODG,250,PC,96,17,,2,1547,1387,RPC,G,,0,0,000000000,00000000000,0,0,0,1,0,0,0,0,0,0,0,998,0,1,3,0,13,6,2,1,0,0,0,1,30,59803,6,1,0,0,3,0,70,185,98,0,0,1,0,9,2010,9,2010,1,87,0,0,0,2,2,75,1,1,2,4,0,0,1,6,99,4,4,7,1,0
30,300146,1,1,2,12,11,0,40,1,0,1,0,30,1,22,16,22016,4,2001,1G2JB5249171,1,G,2,J,B,5,2,4,9,1,7,1,0,P,PONT,SFS,4D,1,17,2644,,0,1041,,G,,0,0,000000000,00000000000,0,0,0,1,0,0,0,0,0,0,0,998,0,1,6,0,98,6,2,1,0,0,0,1,30,59602,6,1,0,0,3,0,66,170,98,0,0,0,0,0,0,0,0,0,36,39,0,0,1,2,60,1,1,2,1,20,3,1,17,99,9,4,14,1,1
30,300147,1,2,1,29,11,16,0,24,0,1,0,56,3,87,881,87881,66,1999,1XP5DB9X7XN4,1,X,P,5,D,B,9,X,7,X,N,4,1,T,PTRB,379,DS,99,17,,8,0,0,CON,D,,1,57,180778500,57180778500,3,6,3,1,0,0,0,0,0,0,0,998,0,0,0,12,12,6,2,12,0,0,0,1,56,82435,6,1,6,1,3,0,70,180,0,0,0,0,2,2,2010,11,2010,0,0,0,0,0,1,2,65,1,1,2,4,0,0,1,61,9,1,2,98,0,0
30,300147,2,2,2,29,11,16,0,24,0,1,0,30,1,23,481,23481,31,2003,1GTEK19T73E3,1,G,T,E,K,1,9,T,7,3,E,3,0,T,GMC,NK1,4C,3,17,,2,1575,1435,SIE,G,,0,0,000000000,00000000000,0,0,0,1,0,0,0,0,0,0,0,998,0,0,0,11,61,6,2,12,0,0,0,1,30,59301,6,1,6,0,3,1,74,220,98,0,0,0,0,0,0,0,0,1,87,58,0,0,2,2,75,1,1,2,4,0,0,6,13,1,3,4,2,1,1
30,300148,1,1,2,29,11,21,10,1,0,1,0,30,2,20,421,20421,15,2000,1GNCS18W8YK2,1,G,N,C,S,1,8,W,8,Y,K,2,0,P,CHEV,BZR,UT,0,17,3518,,0,1005,,G,,0,0,000000000,00000000000,0,0,0,1,0,0,0,0,0,0,0,998,0,1,1,0,13,6,2,1,0,0,0,1,30,59821,1,1,0,0,2,2,67,140,98,1,0,0,1,10,2009,10,2009,0,83,58,74,0,1,2,65,2,1,2,1,0,0,14,87,9,4,6,98,1,0
30,300149,1,2,1,5,12,19,55,12,2,1,0,30,1,20,421,20421,15,1998,1GNDT13W5W21,1,G,N,D,T,1,3,W,5,W,2,1,0,P,CHEV,BZR,UT,98,17,4046,,0,1070,,G,,0,0,000000000,00000000000,0,0,0,1,0,0,0,0,0,0,0,55,0,0,0,12,12,6,2,12,0,0,0,1,30,59105,6,1,0,0,3,1,77,190,98,0,0,0,0,0,0,0,0,0,36,28,0,0,1,2,45,1,1,2,1,0,0,1,10,1,1,2,50,1,0
30,300149,2,2,1,5,12,19,55,12,2,1,0,56,3,85,881,85881,66,2007,1XKWDB7X57R1,1,X,K,W,D,B,7,X,5,7,R,1,1,T,KW,W90,DS,7,17,,7,2850,1600,CON,D,,1,57,301760000,57301760000,3,6,3,1,0,0,0,0,0,0,0,998,0,0,0,12,12,6,2,12,0,0,0,1,56,82835,6,1,6,1,3,0,68,185,0,0,0,0,0,0,0,0,0,0,0,0,0,0,1,2,45,1,1,2,1,0,0,1,62,1,1,1,51,0,0
30,300150,1,2,2,8,12,9,58,12,6,1,0,6,3,12,461,12461,21,2007,1FBSS31L47DB,1,F,B,S,S,3,1,L,4,7,D,B,0,T,FORD,WSD,BU,7,17,,2,0,1380,ECO,G,,0,0,000000000,00000000000,0,0,0,1,0,0,0,0,0,0,0,998,0,0,0,9,61,6,2,12,0,0,0,1,6,92345,6,1,0,0,3,0,60,120,0,0,0,0,0,0,0,0,0,1,87,58,0,0,1,2,70,1,1,2,4,0,0,1,10,7,4,2,98,0,0
30,300150,2,2,1,8,12,9,58,12,6,1,0,30,1,6,54,6054,6,2005,2C8GF68485R4,2,C,8,G,F,6,8,4,8,5,R,4,0,P,CHRY,PIF,UT,5,17,4547,,0,1160,,G,,0,0,000000000,00000000000,0,0,0,1,0,0,0,0,0,0,0,998,0,0,0,12,12,6,2,12,0,0,0,1,30,59859,6,1,0,0,3,0,64,110,98,0,0,4,0,4,2008,2,2009,1,0,0,0,0,1,2,70,1,1,2,4,0,0,1,10,99,9,2,98,1,0
30,300151,1,1,1,9,12,17,38,1,0,1,0,30,2,12,481,12481,31,1998,1FTZF18W9WKB,1,F,T,Z,F,1,8,W,9,W,K,B,0,T,FORD,F15,PK,98,17,,1,1390,1200,COF,G,,0,0,000000000,00000000000,0,0,0,1,0,0,0,0,0,0,0,998,0,1,5,0,13,6,2,1,0,0,0,1,30,59317,6,1,0,0,3,1,72,155,98,0,0,1,0,6,2010,6,2010,0,58,0,0,0,1,2,65,3,1,2,1,0,0,14,10,7,4,4,2,1,0
30,300152,1,1,1,9,12,20,25,8,0,1,0,30,1,20,481,20481,31,2003,2GCEK19T4311,2,G,C,E,K,1,9,T,4,3,1,1,0,T,CHEV,SK1,4C,3,17,,2,1575,1435,SIL,G,,0,0,000000000,00000000000,0,0,0,1,0,0,0,0,0,0,0,998,0,0,0,12,12,2,3,8,0,0,0,1,30,59044,6,1,0,0,3,1,69,210,98,0,0,0,0,0,0,0,0,0,0,0,0,0,3,2,65,3,5,2,1,0,0,14,80,1,1,1,13,0,0
30,300153,1,1,2,28,11,15,30,8,0,1,0,30,1,12,481,12481,31,2000,1FTNW21F8YEB,1,F,T,N,W,2,1,F,8,Y,E,B,0,T,FORD,F2S,CW,0,17,,2,1724,1562,SRW,D,,0,0,000000000,00000000000,0,0,0,1,0,0,0,0,0,0,0,40,0,0,0,12,12,4,3,8,0,0,0,1,30,59105,6,1,0,0,3,1,72,200,98,0,0,0,0,0,0,0,0,0,0,0,0,0,1,2,45,1,1,2,4,0,0,1,80,8,9,2,13,0,0
30,300154,1,2,2,16,12,12,25,12,6,1,0,30,1,12,481,12481,31,1970,F10YKH949055,F,1,0,Y,K,H,9,4,9,0,5,5,0,U,,,,,17,,,,,,,,0,0,000000000,00000000000,0,0,0,1,0,0,0,0,0,0,0,998,0,0,0,1,82,6,2,12,0,0,0,1,30,59923,6,1,0,0,3,0,74,195,98,0,0,0,0,0,0,0,0,0,38,36,48,0,1,2,70,1,1,2,2,0,0,11,54,1,1,2,68,2,1
30,300154,2,2,1,16,12,12,25,12,6,1,0,30,3,85,881,85881,66,1994,1XKWD69X4RR6,1,X,K,W,D,6,9,X,4,R,R,6,1,T,KW,W90,DS,94,17,,8,0,1600,CON,D,,1,57,290600000,57290600000,3,6,3,1,0,0,0,0,0,0,0,60,0,0,0,11,11,6,2,12,0,0,0,1,30,59923,6,1,6,1,3,0,68,210,98,0,0,1,0,9,2008,9,2008,0,0,0,0,0,1,2,0,1,1,2,2,0,0,1,62,7,1,1,69,0,0
30,300155,1,1,1,17,12,1,2,59,0,1,0,30,1,20,401,20401,14,1985,1G8CT18B7F81,1,G,8,C,T,1,8,B,7,F,8,1,0,T,CHEV,SBZ,S2,85,17,,1,0,1005,S10,G,,0,0,000000000,00000000000,0,0,0,1,0,0,0,0,0,0,0,73,0,1,1,98,13,6,2,1,0,0,0,1,30,59802,6,1,0,0,3,0,75,215,98,0,0,0,0,0,0,0,0,1,37,36,39,0,1,2,35,1,6,2,1,20,3,1,14,3,3,4,14,1,1
30,300156,1,2,1,19,12,3,20,12,2,1,0,30,1,35,401,35401,14,2000,JN8AR07YXYW4,J,N,8,A,R,0,7,Y,X,Y,W,4,0,P,NISS,PFI,UT,0,17,3977,,0,1063,,G,,0,0,000000000,00000000000,0,0,0,1,0,0,0,0,0,0,0,998,0,0,0,12,13,6,2,12,0,0,1,1,30,59102,6,1,0,0,3,0,69,165,98,0,0,0,0,0,0,0,0,0,39,36,50,0,2,2,75,2,1,2,1,28,3,14,54,1,1,1,50,1,1
30,300156,2,2,2,19,12,3,20,12,2,1,0,53,3,82,883,82883,66,2010,1FUJGLBGXASA,1,F,U,J,G,L,B,G,X,A,S,A,1,T,FRHT,125,DS,10,17,,8,0,0,CSC,D,,1,57,008273100,57008273100,3,6,1,1,0,0,0,0,0,0,0,998,0,0,0,12,12,6,2,12,0,0,0,1,53,98315,6,1,6,1,3,0,62,120,0,0,0,0,0,0,0,0,0,0,0,0,0,0,1,2,65,3,1,2,1,0,0,14,54,8,1,1,51,0,0
30,300157,1,2,1,14,12,15,6,12,6,1,0,30,2,7,20,7020,4,2004,1B3ES66S24D5,1,B,3,E,S,6,6,S,2,4,D,5,0,P,DODG,NR4,4D,4,17,2869,,0,1040,,G,,0,0,000000000,00000000000,0,0,0,1,0,0,0,0,0,0,0,998,0,0,0,11,12,6,2,12,0,0,0,1,98,75766,0,0,0,0,0,0,999,999,99,99,99,99,99,99,9999,99,9999,0,0,0,0,0,5,4,45,1,1,2,2,0,0,1,62,1,1,1,69,0,0
30,300157,2,2,2,14,12,15,6,12,6,1,0,30,1,20,2,20002,4,2006,2G1WC5818691,2,G,1,W,C,5,8,1,8,6,9,1,0,P,CHEV,IMT,4D,6,17,3477,,0,1105,,G,,0,0,000000000,00000000000,0,0,0,1,0,0,0,0,0,0,0,998,0,0,0,1,1,6,2,12,0,0,0,1,30,59804,6,1,0,0,3,1,65,120,98,0,0,0,0,0,0,0,0,0,38,0,0,0,2,4,35,1,1,2,2,0,0,11,54,1,1,2,68,1,0
30,300158,1,1,2,24,12,1,56,11,0,1,0,30,2,21,23,21023,4,1999,1G3WX52K9XF3,1,G,3,W,X,5,2,K,9,X,F,3,0,P,OLDS,ILS,4D,99,17,3434,,0,1090,,G,,0,0,000000000,00000000000,0,0,0,1,0,0,0,0,0,0,0,100,0,0,0,12,0,6,2,11,0,0,0,1,30,59521,1,1,0,0,2,2,73,250,98,1,0,0,1,3,2009,3,2009,1,37,23,74,39,1,2,25,1,5,2,1,0,0,1,87,1,1,2,13,1,1
30,300159,1,1,1,24,12,20,49,59,0,1,0,30,1,12,481,12481,31,1990,1FTHX26GXLKA,1,F,T,H,X,2,6,G,X,L,K,A,0,T,FORD,F25,PS,90,17,,2,0,1550,COF,G,,0,0,000000000,00000000000,0,0,0,1,0,0,0,0,0,0,0,998,0,1,5,12,11,6,2,1,0,0,0,1,30,59032,6,1,6,0,3,1,71,216,98,0,0,0,0,0,0,0,0,0,36,58,0,0,1,2,65,1,1,2,1,0,0,1,13,6,3,4,2,1,1
30,300160,1,1,2,26,12,14,30,35,0,1,0,30,1,14,15,14015,4,1987,2MEBM38S9HB6,2,M,E,B,M,3,8,S,9,H,B,6,0,P,MERC,TPG,4D,87,17,2565,,0,999,,G,,0,0,000000000,00000000000,0,0,0,1,0,0,0,0,0,0,0,998,0,1,5,1,81,6,2,1,0,0,0,1,30,59718,6,1,0,0,3,1,70,185,98,0,0,0,0,0,0,0,0,0,0,0,0,0,1,2,70,2,6,2,1,0,0,14,12,1,1,4,6,2,0
30,300161,1,1,2,26,12,20,37,34,0,1,0,30,2,20,481,20481,31,2005,1GCEK19B95E1,1,G,C,E,K,1,9,B,9,5,E,1,0,T,CHEV,SK1,4C,5,17,,2,1575,1435,SIL,G,,0,0,000000000,00000000000,0,0,0,1,0,0,0,0,0,0,0,65,0,1,5,98,13,6,2,1,0,0,0,1,30,59022,9,9,99,9,9,9,999,999,99,99,99,99,99,99,9999,99,9999,9,99,99,99,99,1,2,65,1,6,2,1,0,0,1,12,6,3,4,7,1,0
31,310001,1,2,2,12,1,10,2,12,6,1,0,31,1,19,14,19014,4,1998,1G6KS54Y0WU9,1,G,6,K,S,5,4,Y,0,W,U,9,0,P,CADI,SLS,4D,98,17,3863,,0,1122,,G,,0,0,000000000,00000000000,0,0,0,1,0,0,0,0,0,0,0,998,0,0,0,3,3,6,2,12,0,0,0,1,31,68801,6,1,0,0,3,3,65,165,0,0,0,0,0,0,0,0,0,0,28,0,0,0,1,2,35,1,1,1,4,0,0,1,10,1,1,2,64,2,0
31,310001,2,2,1,12,1,10,2,12,6,1,0,31,3,84,881,84881,66,1997,1HTSHAAR5VH4,1,H,T,S,H,A,A,R,5,V,H,4,1,T,INTL,490,TM,97,17,,8,2540,1520,40S,D,,1,57,251168,57251168,3,6,97,1,0,0,0,0,0,0,0,98,0,0,0,12,12,6,2,12,0,0,0,1,31,68835,6,1,6,1,3,0,74,300,1,0,0,0,0,11,2007,11,2007,0,0,0,0,0,1,2,98,1,1,1,4,0,0,1,62,1,1,1,65,0,0
31,310002,1,2,2,14,1,18,45,12,1,1,0,31,1,18,3,18003,4,1999,1G4CU5217X46,1,G,4,C,U,5,2,1,7,X,4,6,0,P,BUIC,PAU,4D,99,17,3884,,0,1138,,G,,0,0,000000000,00000000000,0,0,0,1,0,0,0,0,0,0,0,98,0,0,0,12,12,6,2,12,0,0,0,1,31,69130,6,1,0,0,3,3,71,215,0,0,0,0,1,2,2007,2,2007,0,35,0,0,0,1,2,60,1,1,1,1,0,0,6,10,1,1,2,24,1,0
31,310002,2,2,1,14,1,18,45,12,1,1,0,31,3,84,881,84881,63,1992,1HTSDPPN8NH4,1,H,T,S,D,P,P,N,8,N,H,4,0,T,INTL,490,CC,92,17,,7,2540,1280,40S,D,,0,58,4263,584263,3,2,4,1,0,0,0,0,0,0,0,98,0,0,0,6,6,2,1,12,0,0,0,1,31,69130,6,1,6,1,3,0,69,360,0,0,0,0,0,0,0,0,0,0,0,0,0,0,1,2,60,1,1,1,1,0,0,11,53,1,1,1,26,0,0
31,310003,1,1,1,16,1,11,28,1,0,1,0,31,1,12,401,12401,14,1999,1FMZU24E2XUA,1,F,M,Z,U,2,4,E,2,X,U,A,0,P,FORD,EPR,UT,99,17,3898,,0,1017,,G,,0,0,000000000,00000000000,0,0,0,1,0,0,0,0,0,0,0,98,0,1,5,0,0,6,2,1,0,0,0,1,31,68352,6,1,6,0,3,0,72,240,0,0,0,0,0,0,0,0,0,0,35,0,0,0,1,2,60,1,1,2,2,0,0,6,10,9,2,4,3,1,0
31,310004,1,2,1,19,1,10,50,12,6,1,0,31,2,12,17,12017,4,2001,1FAFP55U21G1,1,F,A,F,P,5,5,U,2,1,G,1,0,P,FORD,TSS,4D,1,17,3343,,0,1085,,G,,0,0,000000000,00000000000,0,0,0,1,0,0,0,0,0,0,0,98,0,0,0,9,9,6,2,12,0,0,0,1,31,68034,6,1,6,0,3,0,61,135,0,0,0,0,0,0,0,0,0,0,38,0,0,0,1,2,60,1,2,1,2,20,3,1,17,1,1,1,89,1,0
31,310004,2,2,1,19,1,10,50,12,6,1,0,93,3,87,881,87881,66,1998,1XP5D69X1WD4,1,X,P,5,D,6,9,X,1,W,D,4,1,T,PTRB,379,DS,98,17,,8,0,0,CON,D,,1,57,892661,57892661,3,6,1,1,0,0,0,0,0,0,0,98,0,0,0,12,12,6,2,12,0,0,0,1,19,50026,6,1,6,0,3,0,68,195,0,0,0,0,1,4,2009,4,2009,0,0,0,0,0,1,2,60,1,2,1,2,20,3,1,66,1,1,1,88,0,0
31,310005,1,1,1,25,1,16,50,1,0,1,0,31,2,14,38,14038,3,2002,1ZWFT6038256,1,Z,W,F,T,6,0,3,8,2,5,6,0,P,MERC,CU4,2H,2,17,2892,,0,1064,,G,,0,0,000000000,00000000000,0,0,0,1,0,0,0,0,0,0,0,80,0,1,5,0,12,6,2,1,0,0,0,1,31,68135,6,1,0,0,3,3,73,200,0,0,0,0,0,0,0,0,0,1,36,28,58,0,3,4,65,1,1,1,1,0,0,6,12,9,2,4,2,1,0
31,310006,1,2,1,25,1,4,45,12,6,1,0,93,3,84,881,84881,66,2005,1HSHXAHR65J0,1,H,S,H,X,A,H,R,6,5,J,0,1,T,INTL,860,DS,5,17,,8,0,0,80S,D,,2,57,541227,57541227,3,6,1,1,0,0,0,0,0,0,0,98,0,0,0,9,9,6,2,12,0,0,0,1,29,63673,6,1,6,1,3,0,72,207,0,0,0,0,0,0,0,0,0,0,77,0,0,0,3,4,75,1,1,1,1,0,0,1,8,1,1,3,49,1,0
31,310006,2,2,1,25,1,4,45,12,6,1,0,93,3,85,881,85881,66,1999,1XKWDB9X0XJ8,1,X,K,W,D,B,9,X,0,X,J,8,1,T,KW,W90,DS,99,17,,8,2850,1600,CON,D,,1,57,1838201,571838201,3,6,1,1,0,0,0,0,0,0,0,98,0,0,0,12,12,6,2,12,0,0,0,1,19,50009,6,1,6,1,3,0,73,270,1,0,0,1,0,7,2007,9,2009,0,0,0,0,0,3,4,75,1,1,1,1,0,0,1,50,1,1,1,49,0,0
31,310007,1,1,1,30,1,9,45,9,0,1,1,31,2,7,472,7472,30,2000,1B7GL22N7YS6,1,B,7,G,L,2,2,N,7,Y,S,6,0,T,DODG,DAK,PC,0,17,,1,0,1309,DAK,G,,0,0,000000000,00000000000,0,0,0,1,0,0,0,0,0,0,0,98,0,0,0,12,12,2,1,9,0,0,0,1,31,68108,6,1,0,0,3,0,64,141,0,0,0,0,0,0,0,0,0,1,38,0,0,0,1,2,30,1,1,2,1,0,0,1,83,1,1,1,13,0,1
31,310008,1,2,2,4,2,5,15,12,6,1,0,31,2,9,442,9442,20,1997,2P4GP443XVR3,2,P,4,G,P,4,4,3,X,V,R,3,0,P,PLYM,VOF,SV,97,17,3687,,0,1193,,G,,0,0,000000000,00000000000,0,0,0,1,0,0,0,0,0,0,0,998,0,0,0,3,3,6,2,12,0,0,0,1,31,68901,6,1,0,0,3,0,60,148,0,0,0,0,0,0,0,0,0,0,87,28,0,0,1,2,60,1,1,2,4,0,0,1,10,1,1,2,64,2,0
31,310008,2,2,1,4,2,5,15,12,6,1,0,31,3,20,481,20481,31,1994,1GCEK14K6RE1,1,G,C,E,K,1,4,K,6,R,E,1,0,T,CHEV,GK1,PK,94,17,,2,1315,1175,GM4,G,,0,0,000000000,00000000000,0,0,0,1,0,0,0,0,0,0,0,998,0,0,0,12,12,6,2,12,0,0,0,1,31,68955,6,1,0,0,3,0,75,175,0,0,0,0,0,0,0,0,0,0,0,0,0,0,1,2,60,1,1,2,4,0,0,1,62,1,1,1,65,1,0