STATE,ST_CASE,VEH_NO,VE_FORMS,NUMOCCS,DAY,MONTH,HOUR,MINUTE,HARM_EV,MAN_COLL,UNITTYPE,HIT_RUN,REG_STAT,OWNER,MAKE,MODEL,MAK_MOD,BODY_TYP,MOD_YEAR,VIN,VIN_1,VIN_2,VIN_3,VIN_4,VIN_5,VIN_6,VIN_7,VIN_8,VIN_9,VIN_10,VIN_11,VIN_12,TOW_VEH,VINTYPE,VINMAKE,VINA_MOD,VIN_BT,VINMODYR,VIN_LNGT,VIN_WGT,WGTCD_TR,WHLBS_LG,WHLBS_SH,SER_TR,FUELCODE,MCYCL_DS,J_KNIFE,MCARR_I1,MCARR_I2,MCARR_ID,GVWR,V_CONFIG,CARGO_BT,HAZ_INV,HAZ_PLAC,HAZ_ID,HAZ_CNO,HAZ_REL,BUS_USE,SPEC_USE,EMER_USE,TRAV_SP,UNDERIDE,ROLLOVER,ROLINLOC,IMPACT1,IMPACT2,DEFORMED,TOWED,M_HARM,VEH_SC1,VEH_SC2,FIRE_EXP,DR_PRES,L_STATE,DR_ZIP,L_STATUS,L_TYPE,CDL_STAT,L_ENDORS,L_COMPL,L_RESTRI,DR_HGT,DR_WGT,PREV_ACC,PREV_SUS,PREV_DWI,PREV_SPD,PREV_OTH,FIRST_MO,FIRST_YR,LAST_MO,LAST_YR,SPEEDREL,DR_SF1,DR_SF2,DR_SF3,DR_SF4,VTRAFWAY,VNUM_LAN,VSPD_LIM,VALIGN,VPROFILE,VPAVETYP,VSURCOND,VTRAFCON,VTCONT_F,P_CRASH1,P_CRASH2,P_CRASH3,PCRASH4,PCRASH5,ACC_TYPE,DEATHS,DR_DRINK
31,310046,1,1,1,5,5,15,9,35,0,1,0,31,3,86,881,86881,63,1994,1M2P267C2RM0,1,M,2,P,2,6,7,C,2,R,M,0,1,T,MACK,RD6,TM,94,17,,8,0,0,600,D,,1,57,68085,5768085,3,2,8,1,0,0,0,0,0,0,0,98,0,1,5,12,12,6,2,35,0,0,1,1,31,68850,6,1,6,0,3,3,72,190,1,0,0,0,1,6,2008,7,2008,0,28,0,0,0,1,2,60,3,1,1,1,0,0,14,13,1,1,4,1,1,0
31,310047,1,1,1,8,5,1,33,1,0,1,0,31,1,20,36,20036,2,2001,2G1WW12E1192,2,G,1,W,W,1,2,E,1,1,9,2,0,P,CHEV,MLS,CP,1,17,3340,,0,1075,,G,,0,0,000000000,00000000000,0,0,0,1,0,0,0,0,0,0,0,98,0,2,5,0,0,6,2,1,0,0,0,1,31,68627,6,1,0,0,3,0,67,125,0,0,0,0,0,0,0,0,0,0,28,0,0,0,1,2,55,1,1,2,1,0,0,1,9,1,1,4,1,1,1
31,310048,1,2,1,15,5,21,26,12,6,1,0,31,3,85,881,85881,66,2006,1XKWDB9X66J1,1,X,K,W,D,B,9,X,6,6,J,1,1,T,KW,W90,DS,6,17,,8,2850,1600,CON,D,,1,57,067926,57067926,3,6,8,1,0,0,0,0,0,0,0,98,0,0,0,8,8,6,2,12,0,0,0,1,31,68925,6,1,6,1,3,0,72,200,0,0,0,0,0,0,0,0,0,0,38,0,0,0,1,2,60,1,1,2,2,0,0,11,15,1,1,4,68,0,0
31,310048,2,2,2,15,5,21,26,12,6,1,0,31,1,30,47,30047,3,2006,3VWSR31C36M4,3,V,W,S,R,3,1,C,3,6,M,4,0,P,VOLK,BP2,2H,6,17,2917,,0,989,,D,,0,0,000000000,00000000000,0,0,0,1,0,0,0,0,0,0,0,98,0,0,0,12,12,6,2,12,0,0,0,1,31,68847,6,1,0,0,3,3,68,180,0,0,0,0,0,0,0,0,0,0,0,0,0,0,1,2,60,1,1,2,2,0,0,1,70,7,1,4,69,1,0
31,310049,1,2,1,26,5,11,13,12,6,1,0,31,1,18,2,18002,4,1990,1G4HP54C5LH4,1,G,4,H,P,5,4,C,5,L,H,4,0,P,BUIC,LCF,4D,90,17,3175,,0,1108,,G,,0,0,000000000,00000000000,0,0,0,1,0,0,0,0,0,0,0,998,0,0,0,3,3,6,2,12,0,0,0,1,31,68070,6,1,0,0,3,0,71,195,0,0,0,0,0,0,0,0,0,0,38,0,0,0,2,4,65,1,1,1,1,20,3,1,17,1,1,1,87,1,0
31,310049,2,2,2,26,5,11,13,12,6,1,0,19,1,12,481,12481,31,1989,1FTDF15N8KLB,1,F,T,D,F,1,5,N,8,K,L,B,0,T,FORD,F15,PK,89,17,,1,1330,1170,COF,G,,0,0,000000000,00000000000,0,0,0,1,0,0,0,0,0,0,0,98,0,0,0,12,12,6,2,12,0,0,0,1,19,51571,6,1,0,0,3,0,999,999,0,0,0,0,0,0,0,0,0,0,0,0,0,0,2,4,65,1,1,1,1,20,3,1,55,1,1,1,86,0,0
31,310050,1,2,1,25,5,99,99,12,2,1,0,0,0,98,998,98998,92,9999,000000000000,0,0,0,0,0,0,0,0,0,0,0,0,0,U,,,,,17,,,,,,,,0,0,000000000,00000000000,0,0,0,1,0,0,0,0,0,0,0,98,0,0,0,12,12,6,2,12,0,0,0,1,31,68447,6,1,0,0,3,3,71,140,0,0,0,0,0,0,0,0,0,0,38,0,0,0,1,2,60,1,2,1,1,0,0,11,10,1,1,2,68,1,0
31,310050,2,2,1,25,5,99,99,12,2,1,0,31,1,20,2,20002,4,1986,1G1BN69HXGX1,1,G,1,B,N,6,9,H,X,G,X,1,0,P,CHEV,CCL,4D,86,17,3436,,0,1160,,G,,0,0,000000000,00000000000,0,0,0,1,0,0,0,0,0,0,0,98,0,0,0,12,12,6,2,12,0,0,0,1,31,68420,6,1,0,0,3,3,69,179,0,0,0,0,0,0,0,0,0,0,0,0,0,0,1,2,60,1,2,1,1,0,0,1,62,4,1,1,69,0,0
31,310051,1,2,1,25,5,13,33,12,1,1,0,31,2,7,402,7402,14,1998,1B4HS28Y2WF1,1,B,4,H,S,2,8,Y,2,W,F,1,0,P,DODG,DUR,UT,98,17,4349,,0,1159,,G,,0,0,000000000,00000000000,0,0,0,1,0,0,0,0,0,0,0,98,0,1,1,12,12,6,2,12,0,0,0,1,31,68516,6,1,0,0,3,0,74,185,0,0,0,0,0,0,0,0,0,0,0,0,0,0,1,2,60,1,2,2,1,0,0,1,50,1,1,1,20,0,0
31,310051,2,2,1,25,5,13,33,12,1,1,0,31,1,12,13,12013,4,2002,3FAFP13P22R2,3,F,A,F,P,1,3,P,2,2,R,2,0,P,FORD,ESC,4D,2,17,2468,,0,984,,G,,0,0,000000000,00000000000,0,0,0,1,0,0,0,0,0,0,0,0,0,0,0,6,6,6,2,12,0,0,0,1,31,68347,6,1,0,0,3,3,62,125,0,0,0,0,0,0,0,0,0,0,0,0,0,0,1,2,60,1,2,2,1,0,0,5,53,1,1,1,22,1,0
31,310052,1,1,1,28,5,16,48,31,0,1,0,31,2,37,421,37421,15,2005,5FNYF18425B0,5,F,N,Y,F,1,8,4,2,5,B,0,0,P,HOND,PIL,UT,5,17,4431,,0,1063,,G,,0,0,000000000,00000000000,0,0,0,1,0,0,0,0,0,0,0,98,0,1,5,11,11,6,2,32,0,0,0,1,31,68869,6,1,0,0,3,0,71,215,0,2,0,3,1,9,2007,1,2010,0,28,0,0,0,1,2,60,2,1,2,1,0,0,14,12,1,1,4,6,1,1
31,310053,1,1,1,30,5,99,99,34,0,1,0,31,2,12,481,12481,31,1993,1FTEX14N3PKA,1,F,T,E,X,1,4,N,3,P,K,A,0,T,FORD,F15,PS,93,17,,2,1550,1390,COF,G,,0,0,000000000,00000000000,0,0,0,1,0,0,0,0,0,0,0,98,0,1,5,11,11,6,2,1,0,0,0,1,31,68787,6,2,0,0,3,0,74,170,0,0,0,0,0,0,0,0,0,0,58,28,0,0,1,2,50,1,2,4,1,0,0,1,10,9,2,4,2,1,0
31,310054,1,1,1,2,6,10,54,10,0,1,0,31,1,9,38,9038,4,1996,1P3EJ46CXTN2,1,P,3,E,J,4,6,C,X,T,N,2,0,P,PLYM,BRE,4D,96,17,2857,,0,1080,,G,,0,0,000000000,00000000000,0,0,0,1,0,0,0,0,0,0,0,98,0,0,0,7,7,6,2,10,0,0,0,1,31,68936,6,1,0,0,3,3,64,160,0,0,0,0,0,0,0,0,0,0,28,0,0,0,1,2,55,1,2,4,1,65,3,1,98,1,1,1,98,1,0
31,310055,1,1,1,2,6,17,26,42,0,1,0,31,1,12,13,12013,3,1991,3FAPP1280MR1,3,F,A,P,P,1,2,8,0,M,R,1,0,P,FORD,EGT,2H,91,17,2458,,0,984,,G,,0,0,000000000,00000000000,0,0,0,1,0,0,0,0,0,0,0,98,0,0,0,12,12,6,2,42,0,0,0,1,31,68601,6,1,0,0,3,0,66,175,0,0,0,0,0,0,0,0,0,0,28,0,0,0,1,2,60,1,1,2,1,0,0,1,12,1,1,4,6,1,1
31,310056,1,1,1,3,6,16,20,1,0,1,0,31,3,85,881,85881,66,1987,1XKADB9X5HS3,1,X,K,A,D,B,9,X,5,H,S,3,1,T,KW,T60,DS,87,17,,8,0,0,CON,D,,1,99,999999999,99999999999,3,6,98,2,2,8888,88,2,0,0,0,98,0,2,5,0,0,6,2,1,0,0,0,1,31,68901,6,1,6,1,3,0,71,340,0,0,0,1,0,3,2009,3,2009,0,28,0,0,0,1,2,65,1,1,2,1,0,0,1,9,1,1,4,1,1,0
31,310057,1,1,1,4,6,14,30,1,0,1,0,31,2,20,481,20481,31,1990,2GCEC14K2L11,2,G,C,E,C,1,4,K,2,L,1,1,0,T,CHEV,GC1,PK,90,17,,2,1415,1175,GM4,G,,0,0,000000000,00000000000,0,0,0,1,0,0,0,0,0,0,0,98,0,2,5,0,0,6,2,1,0,0,0,1,31,68023,6,2,0,0,3,0,69,185,0,0,0,0,0,0,0,0,0,0,28,0,0,0,1,2,50,3,1,4,1,0,0,14,9,1,1,4,6,1,0
31,310058,1,1,1,4,6,0,20,32,0,1,0,31,1,12,471,12471,30,1997,1FTCR14A2VPB,1,F,T,C,R,1,4,A,2,V,P,B,0,T,FORD,RNS,PS,97,17,,1,0,1250,RNG,G,,0,0,000000000,00000000000,0,0,0,1,0,0,0,0,0,0,0,98,0,0,0,12,12,6,2,32,0,0,0,1,31,68405,6,1,6,0,3,0,68,165,0,0,0,0,0,0,0,0,0,0,28,0,0,0,1,2,50,1,2,4,2,0,0,1,12,1,1,4,6,1,1
31,310059,1,1,1,5,6,2,21,8,0,1,0,31,1,21,20,21020,2,1997,1G3WH12M2VF3,1,G,3,W,H,1,2,M,2,V,F,3,0,P,OLDS,SUL,CP,97,17,3283,,0,1075,,G,,0,0,000000000,00000000000,0,0,0,1,0,0,0,0,0,0,0,98,0,0,0,1,1,4,3,8,0,0,0,1,31,68127,6,1,0,0,3,0,77,260,0,0,0,3,0,10,2007,11,2009,0,0,0,0,0,3,4,60,1,2,1,2,0,0,1,80,1,1,1,13,0,0
31,310060,1,1,1,7,6,14,45,8,0,1,0,31,3,84,883,84883,66,1999,2HSFMAHR7XC0,2,H,S,F,M,A,H,R,7,X,C,0,1,T,INTL,920,TM,99,17,,8,2340,1600,920,D,,1,57,729567,57729567,3,6,8,1,0,0,0,0,0,0,0,98,0,0,0,12,12,2,1,8,0,0,0,1,31,68767,6,1,6,0,3,0,70,220,0,3,1,0,0,9,2008,10,2008,0,0,0,0,0,1,2,60,1,1,2,1,0,0,1,80,4,1,1,13,0,0
31,310061,1,2,1,7,6,22,15,12,2,1,0,31,1,20,471,20471,30,2003,1GCCS19X8381,1,G,C,C,S,1,9,X,8,3,8,1,0,T,CHEV,S14,3C,3,17,,1,0,1229,S,G,,0,0,000000000,00000000000,0,0,0,1,0,0,0,0,0,0,0,98,0,0,0,12,12,6,2,12,0,0,0,1,31,68922,6,1,0,0,3,3,73,250,0,0,0,0,0,0,0,0,0,0,84,28,0,0,1,2,65,1,2,2,1,0,0,1,50,8,1,2,58,1,0
31,310061,2,2,2,7,6,22,15,12,2,1,0,31,2,7,472,7472,31,2000,1B7GL2AN5YS6,1,B,7,G,L,2,A,N,5,Y,S,6,0,T,DODG,QAD,4C,0,17,,1,0,1309,DAK,G,,0,0,000000000,00000000000,0,0,0,1,0,0,0,0,0,0,0,98,0,0,0,12,12,6,2,12,0,0,0,1,31,68926,6,2,0,0,3,0,65,120,0,0,0,0,0,0,0,0,0,0,0,0,0,0,1,2,65,1,2,2,1,0,0,1,62,1,1,1,59,0,0
31,310062,1,1,1,8,6,7,36,38,0,1,0,31,1,6,14,6014,4,1993,1C3XV66L5PD1,1,C,3,X,V,6,6,L,5,P,D,1,0,P,CHRY,NFA,4D,93,17,3231,,0,1093,,G,,0,0,000000000,00000000000,0,0,0,1,0,0,0,0,0,0,0,98,0,0,0,12,12,6,2,35,0,0,0,1,31,68147,6,1,0,0,3,3,71,275,0,1,0,0,0,4,2008,4,2008,1,28,0,0,0,3,4,75,1,1,1,1,0,0,1,12,1,1,4,6,1,0
31,310063,1,2,1,13,6,17,25,12,1,1,0,27,3,12,481,12481,31,2008,1FTSW21538ED,1,F,T,S,W,2,1,5,3,8,E,D,0,T,FORD,F2S,CW,8,17,,2,1720,1560,SRW,G,,0,0,000000000,00000000000,0,0,0,1,0,0,0,0,0,0,0,98,0,0,0,12,12,6,2,12,0,0,0,1,36,13676,6,1,0,0,3,0,71,999,0,0,0,0,0,0,0,0,0,0,39,0,0,0,1,2,55,1,1,1,1,3,3,1,50,1,1,1,20,1,0
31,310063,2,2,1,13,6,17,25,12,1,1,0,17,3,86,881,86881,66,2009,1M1AW02Y69N0,1,M,1,A,W,0,2,Y,6,9,N,0,1,T,MACK,CXU,DS,9,17,,8,0,0,600,D,,1,57,238954,57238954,3,6,1,1,0,0,0,0,0,0,0,0,0,0,0,6,6,4,1,12,0,0,0,1,19,50569,6,1,6,1,3,0,72,280,0,0,0,0,0,0,0,0,0,0,0,0,0,0,1,2,55,1,1,2,1,3,3,5,53,1,1,1,21,0,0
31,310064,1,1,1,14,6,19,20,35,0,1,0,31,2,2,404,2404,14,2003,1J4GW48S03C5,1,J,4,G,W,4,8,S,0,3,C,5,0,T,JEEP,LRO,4W,3,17,,1,0,1059,GCK,G,,0,0,000000000,00000000000,0,0,0,1,0,0,0,0,0,0,0,98,0,1,1,12,12,6,2,1,0,0,0,1,31,68007,6,1,0,0,3,3,70,230,0,0,1,0,0,10,2008,10,2008,0,36,28,0,0,1,2,50,1,2,5,1,0,0,1,11,9,2,4,2,1,1
31,310065,1,2,1,18,6,15,40,12,6,1,0,31,1,20,481,20481,31,1992,2GCFK29K7N11,2,G,C,F,K,2,9,K,7,N,1,1,0,T,CHEV,GK2,PC,92,17,,2,1555,1415,GM4,G,,0,0,000000000,00000000000,0,0,0,1,0,0,0,0,0,0,0,98,0,0,0,12,12,6,2,12,0,0,0,1,31,68116,6,1,0,0,3,0,68,160,0,0,0,2,0,4,2008,9,2008,0,0,0,0,0,1,3,40,1,2,1,1,3,3,1,62,1,1,1,69,0,0
31,310065,2,2,1,18,6,15,40,12,6,1,0,31,1,59,32,59032,4,2005,999999999999,9,9,9,9,9,9,9,9,9,9,9,9,0,U,,,,9,17,,,,,,,,0,0,000000000,00000000000,0,0,0,1,0,0,0,0,0,0,0,98,0,0,0,3,3,6,2,12,0,0,0,1,31,68022,6,1,0,0,3,0,72,190,0,0,0,0,0,0,0,0,0,0,38,0,0,0,1,3,40,1,2,1,1,3,3,11,15,1,1,2,68,1,0
31,310066,1,1,1,18,6,18,21,34,0,1,0,31,2,7,442,7442,20,2006,1D4GP24R26B6,1,D,4,G,P,2,4,R,2,6,B,6,0,P,DODG,CAR,SV,6,17,4095,,0,1193,,G,,0,0,000000000,00000000000,0,0,0,1,0,0,0,0,0,0,0,98,0,0,0,11,11,6,2,42,0,0,0,1,31,69101,6,1,0,0,3,3,66,220,0,0,0,1,0,4,2009,4,2009,0,28,0,0,0,3,4,75,1,1,2,1,0,0,1,12,1,1,4,6,1,0
31,310067,1,2,2,20,6,2,33,12,6,1,0,31,2,41,44,41044,2,1993,1YVGE31A9P51,1,Y,V,G,E,3,1,A,9,P,5,1,0,P,MAZD,UM6,CP,93,17,2600,,0,1028,,G,,0,0,000000000,00000000000,0,0,0,1,0,0,0,0,0,0,0,98,0,0,0,11,11,6,2,12,0,0,0,1,31,68111,6,1,0,0,3,0,62,200,0,0,0,0,0,0,0,0,0,0,0,0,0,0,2,4,40,1,2,1,1,3,3,1,66,1,1,1,89,1,1
31,310067,2,2,1,20,6,2,33,12,6,1,0,31,2,2,404,2404,14,1998,1J4GZ58S1WC2,1,J,4,G,Z,5,8,S,1,W,C,2,0,T,JEEP,LRT,4W,98,17,,1,0,1059,GCK,G,,0,0,000000000,00000000000,0,0,0,1,0,0,0,0,0,0,0,98,0,0,0,12,12,6,2,12,0,0,0,1,31,68111,2,1,0,0,2,0,66,215,0,1,0,0,1,11,2007,12,2007,0,38,0,0,0,2,4,40,1,2,1,1,3,3,1,17,1,1,1,88,0,0
31,310068,1,2,1,22,6,14,48,12,6,1,0,31,1,12,481,12481,31,2003,1FTSW31FX3EB,1,F,T,S,W,3,1,F,X,3,E,B,1,T,FORD,F3S,CW,3,17,,2,1724,1562,SRW,D,,1,0,000000000,00000000000,0,0,0,1,0,0,0,0,0,0,0,98,0,1,5,1,1,6,2,12,0,0,0,1,31,68377,6,1,6,0,3,0,72,235,1,0,0,0,0,1,2010,1,2010,0,28,0,0,0,1,2,60,1,1,1,1,0,0,1,10,1,1,2,65,1,1
31,310068,2,2,1,22,6,14,48,12,6,1,0,31,1,12,481,12481,31,2010,1FTFX1EVXAKE,1,F,T,F,X,1,E,V,X,A,K,E,0,T,FORD,F15,4C,10,17,,2,1630,1330,COF,F,,0,0,000000000,00000000000,0,0,0,1,0,0,0,0,0,0,0,98,0,0,0,12,12,6,2,12,0,0,0,1,31,68341,6,1,0,0,3,0,68,178,0,0,0,0,0,0,0,0,0,0,0,0,0,0,1,2,60,1,1,1,1,0,0,1,62,1,1,1,64,0,0
31,310069,1,2,1,23,6,17,36,12,6,1,0,31,1,20,442,20442,20,1992,1GNDU06L7NT1,1,G,N,D,U,0,6,L,7,N,T,1,0,P,CHEV,L/M,SV,92,17,3557,,0,1098,,G,,0,0,000000000,00000000000,0,0,0,1,0,0,0,0,0,0,0,98,0,0,0,3,3,6,2,12,0,0,0,1,31,68503,6,1,0,0,3,3,70,248,0,0,0,0,0,0,0,0,0,0,38,0,0,0,1,4,35,1,1,1,1,0,0,11,15,1,1,1,68,0,0
31,310069,2,2,1,23,6,17,36,12,6,1,0,31,1,72,706,72706,80,2001,1HD1CAP131K1,1,H,D,1,C,A,P,1,3,1,K,1,0,M,HD,L12,RS,1,17,,,,,,,1200,0,0,000000000,00000000000,0,0,0,1,0,0,0,0,0,0,0,98,0,0,0,12,12,6,2,12,0,0,0,1,31,68372,6,1,0,0,3,3,73,210,0,0,0,0,0,0,0,0,0,1,0,0,0,0,1,4,35,1,1,1,1,0,0,1,62,1,1,1,69,1,0
31,310070,1,1,1,25,6,4,40,11,0,1,0,31,1,72,706,72706,80,2002,1HD1DJV122Y6,1,H,D,1,D,J,V,1,2,2,Y,6,0,M,HD,FHC,RS,2,17,,,,,,,1450,0,0,000000000,00000000000,0,0,0,1,0,0,0,0,0,0,0,98,0,0,0,12,12,6,2,11,0,0,0,1,31,68048,6,1,6,1,3,3,73,275,0,0,0,0,0,0,0,0,0,0,83,0,0,0,1,2,55,1,1,1,1,0,0,1,87,99,9,3,13,1,0
31,310071,1,1,2,26,6,8,30,30,0,1,0,31,2,7,42,7042,2,2000,4B3AU52N2YE0,4,B,3,A,U,5,2,N,2,Y,E,0,0,P,DODG,AES,2P,0,17,3064,,0,1037,,G,,0,0,000000000,00000000000,0,0,0,1,0,0,0,0,0,0,0,98,0,1,5,11,11,6,2,1,0,0,0,1,31,68718,6,2,0,0,3,0,63,98,0,0,0,0,0,0,0,0,0,1,28,0,0,0,1,2,50,1,2,4,2,0,0,1,6,1,1,4,6,1,1
31,310072,1,1,2,28,6,15,45,1,0,1,0,31,1,30,40,30040,4,2001,3VWSS29M31M0,3,V,W,S,S,2,9,M,3,1,M,0,0,P,VOLK,JGS,4D,1,17,2833,,0,989,,G,,0,0,000000000,00000000000,0,0,0,1,0,0,0,0,0,0,0,98,0,1,1,0,0,6,2,1,0,0,0,1,31,69341,6,1,0,0,3,3,65,150,0,0,0,0,0,0,0,0,0,0,28,0,0,0,2,4,65,4,2,2,1,0,0,14,13,8,2,6,98,2,1
31,310073,1,2,1,30,6,14,55,12,6,1,0,31,1,7,442,7442,20,1994,1B4GH44R5RX1,1,B,4,G,H,4,4,R,5,R,X,1,0,P,DODG,CAR,SV,94,17,3580,,0,1193,,G,,0,0,000000000,00000000000,0,0,0,1,0,0,0,0,0,0,0,98,0,0,0,3,3,6,2,12,0,0,0,1,31,69341,6,1,0,0,3,0,69,168,0,0,0,0,0,0,0,0,0,0,38,0,0,0,2,4,65,1,1,1,1,20,3,1,17,1,1,1,87,1,0
31,310073,2,2,5,30,6,14,55,12,6,1,0,6,1,98,850,98850,73,2003,5B4MP67G8333,5,B,4,M,P,6,7,G,8,3,3,3,1,U,,,,3,17,,,,,,,,1,0,000000000,00000000000,0,0,0,1,0,0,0,0,0,0,0,98,0,0,0,12,12,6,2,12,0,0,0,1,6,95691,6,1,0,0,3,0,69,170,0,0,0,0,0,0,0,0,0,0,0,0,0,0,2,4,65,1,1,1,1,20,3,1,55,1,1,1,86,0,0
31,310074,1,1,2,30,6,13,7,2,0,1,0,12,1,98,998,98998,97,2004,4VZBR1D954C0,4,V,Z,B,R,1,D,9,5,4,C,0,1,U,,,,4,17,,,,,,,,1,0,000000000,00000000000,0,0,0,1,0,0,0,0,0,0,0,98,0,0,0,0,0,6,2,2,0,0,1,1,12,34114,6,1,0,0,3,3,69,999,1,0,0,0,1,2,2010,2,2010,0,80,28,0,0,3,4,75,1,1,2,1,0,0,1,98,1,1,1,0,2,0
31,310075,1,1,1,30,6,8,30,30,0,1,0,31,1,48,45,48045,6,2008,4S4BP61C8873,4,S,4,B,P,6,1,C,8,8,7,3,0,P,SUBA,O2I,SW,8,17,3350,,0,1051,,G,,0,0,000000000,00000000000,0,0,0,1,0,0,0,0,0,0,0,98,0,1,5,9,9,6,2,1,0,0,0,1,31,69128,6,1,0,0,3,0,65,170,0,0,0,0,0,0,0,0,0,1,28,0,0,0,1,2,50,1,1,4,1,0,0,1,6,8,2,4,2,1,1
31,310076,1,1,1,30,6,12,30,44,0,1,0,0,0,98,739,98739,90,2009,4UF09ATVX9T2,4,U,F,0,9,A,T,V,X,9,T,2,0,U,,,,9,17,,,,,,,,0,0,000000000,00000000000,0,0,0,1,0,0,0,0,0,0,0,98,0,1,1,0,12,6,2,1,0,0,0,1,31,68864,6,2,0,0,3,3,65,150,0,0,0,0,0,0,0,0,0,1,0,0,0,0,1,2,50,1,2,5,1,0,0,1,98,1,1,1,0,1,0
31,310077,1,2,1,30,6,5,47,12,1,1,0,31,2,6,41,6041,4,1999,2C3HD46R9XH7,2,C,3,H,D,4,6,R,9,X,H,7,0,P,CHRY,CXL,4D,99,17,3362,,0,1130,,G,,0,0,000000000,00000000000,0,0,0,1,0,0,0,0,0,0,0,98,0,0,0,12,12,6,2,12,0,0,0,1,31,68301,6,1,0,0,3,0,72,165,0,0,0,0,0,0,0,0,0,0,0,0,0,0,3,4,55,1,2,1,1,3,3,1,50,1,1,1,20,1,0
31,310077,2,2,1,30,6,5,47,12,1,1,0,93,3,87,881,87881,66,2001,1FUJA3CGX1PH,1,F,U,J,A,3,C,G,X,1,P,H,1,T,FRHT,FC2,DS,1,17,,8,0,0,CON,D,,1,57,1644703,571644703,3,6,1,1,0,0,0,0,0,0,0,0,0,0,0,6,6,4,1,12,0,0,0,1,48,79930,6,1,6,0,3,0,999,999,0,0,0,0,0,0,0,0,0,0,0,0,0,0,3,4,55,1,2,1,1,3,3,5,53,1,1,1,21,0,0
31,310078,1,2,2,2,7,15,5,12,1,1,0,31,1,20,20,20020,4,1992,2G1WL54T2N11,2,G,1,W,L,5,4,T,2,N,1,1,0,P,CHEV,LUM,4D,92,17,3115,,0,1075,,G,,0,0,000000000,00000000000,0,0,0,1,0,0,0,0,0,0,0,98,0,0,0,6,6,6,2,12,0,0,0,1,31,68629,6,1,0,0,3,3,60,130,0,0,0,0,0,0,0,0,0,0,0,0,0,0,1,2,60,1,1,2,1,0,0,2,53,1,1,1,25,1,0
31,310078,2,2,1,2,7,15,5,12,1,1,0,31,3,84,881,84881,66,2006,2HSCKSCR46C2,2,H,S,C,K,S,C,R,4,6,C,2,3,T,INTL,99X,DS,6,17,,8,0,0,990,D,,1,57,760886,57760886,3,8,8,1,0,0,0,0,0,0,0,98,0,0,0,12,12,4,3,12,0,0,0,1,31,68633,6,1,6,1,3,0,68,200,1,0,0,2,0,1,2008,3,2008,0,0,0,0,0,1,2,60,1,1,2,1,0,0,1,52,1,1,1,24,0,0
31,310079,1,1,1,2,7,23,8,33,0,1,0,31,1,37,706,37706,80,2006,JH2SC57026M2,J,H,2,S,C,5,7,0,2,6,M,2,0,M,HOND,CBS,RS,6,17,,,,,,,998,0,0,000000000,00000000000,0,0,0,1,0,0,0,0,0,0,0,98,0,0,0,12,12,6,2,30,0,0,0,1,31,68516,6,1,0,0,3,0,70,160,0,0,0,0,1,9,2008,9,2008,1,36,28,0,0,1,4,40,1,3,2,1,0,0,1,12,1,1,4,6,1,0
31,310080,1,2,1,2,7,13,35,12,6,1,0,31,2,89,881,89881,66,1993,4V1WDBRG1PN6,4,V,1,W,D,B,R,G,1,P,N,6,1,T,WHGM,WIA,DS,93,17,,8,0,0,ARO,D,,1,99,999999999,99999999999,3,6,8,1,0,0,0,0,0,0,0,98,0,0,0,11,11,6,2,12,0,0,0,1,31,68647,6,1,6,0,3,3,70,180,0,1,0,0,0,1,2009,1,2009,0,38,0,0,0,1,2,55,1,1,2,1,20,3,1,17,1,1,1,89,0,0
31,310080,2,2,1,2,7,13,35,12,6,1,0,31,1,12,401,12401,14,2000,1FMZU73E1YUB,1,F,M,Z,U,7,3,E,1,Y,U,B,0,P,FORD,EPR,UT,0,17,4106,,0,1116,,G,,0,0,000000000,00000000000,0,0,0,1,0,0,0,0,0,0,0,98,0,0,0,9,9,6,2,12,0,0,0,1,31,68642,6,1,0,0,3,3,69,200,0,0,1,0,0,10,2007,10,2007,0,0,0,0,0,1,2,50,1,1,2,1,20,3,1,55,1,1,1,88,1,0
31,310081,1,1,2,3,7,20,35,1,0,1,0,0,0,98,739,98739,90,2003,000000000000,0,0,0,0,0,0,0,0,0,0,0,0,0,U,,SP5,AT,,17,,,,,,,499,0,0,000000000,00000000000,0,0,0,1,0,0,0,0,0,0,0,98,0,2,5,0,0,4,1,1,0,0,0,1,31,68029,0,0,0,0,0,0,999,999,0,0,0,0,0,0,0,0,0,0,28,0,0,0,1,2,50,1,1,4,1,0,0,13,8,1,1,4,98,1,0
31,310082,1,2,1,6,7,7,20,12,6,1,0,31,1,73,705,73705,80,2009,JKAENVC169A2,J,K,A,E,N,V,C,1,6,9,A,2,0,M,KAWK,E5C,RC,9,17,,,,,,,498,0,0,000000000,00000000000,0,0,0,1,0,0,0,0,0,0,0,98,0,0,0,12,12,2,3,12,0,0,0,1,31,68107,6,1,0,0,3,3,71,190,0,0,0,0,0,0,0,0,0,0,0,0,0,0,1,4,35,1,2,1,1,20,3,1,65,4,2,1,79,1,0
31,310082,2,2,1,6,7,7,20,12,6,1,0,31,3,86,881,86881,63,1995,1M2B212C7SM0,1,M,2,B,2,1,2,C,7,S,M,0,0,T,MACK,DM6,DP,95,17,,8,0,0,600,D,,0,57,159929,57159929,3,2,4,1,0,0,0,0,0,0,0,98,0,0,0,8,8,2,1,12,0,0,0,1,31,68130,6,1,6,0,3,3,70,290,0,0,0,0,0,0,0,0,0,0,38,0,0,0,1,4,35,1,2,1,1,20,3,10,16,1,1,1,78,0,0