STATE,ST_CASE,VEH_NO,VE_FORMS,NUMOCCS,DAY,MONTH,HOUR,MINUTE,HARM_EV,MAN_COLL,UNITTYPE,HIT_RUN,REG_STAT,OWNER,MAKE,MODEL,MAK_MOD,BODY_TYP,MOD_YEAR,VIN,VIN_1,VIN_2,VIN_3,VIN_4,VIN_5,VIN_6,VIN_7,VIN_8,VIN_9,VIN_10,VIN_11,VIN_12,TOW_VEH,VINTYPE,VINMAKE,VINA_MOD,VIN_BT,VINMODYR,VIN_LNGT,VIN_WGT,WGTCD_TR,WHLBS_LG,WHLBS_SH,SER_TR,FUELCODE,MCYCL_DS,J_KNIFE,MCARR_I1,MCARR_I2,MCARR_ID,GVWR,V_CONFIG,CARGO_BT,HAZ_INV,HAZ_PLAC,HAZ_ID,HAZ_CNO,HAZ_REL,BUS_USE,SPEC_USE,EMER_USE,TRAV_SP,UNDERIDE,ROLLOVER,ROLINLOC,IMPACT1,IMPACT2,DEFORMED,TOWED,M_HARM,VEH_SC1,VEH_SC2,FIRE_EXP,DR_PRES,L_STATE,DR_ZIP,L_STATUS,L_TYPE,CDL_STAT,L_ENDORS,L_COMPL,L_RESTRI,DR_HGT,DR_WGT,PREV_ACC,PREV_SUS,PREV_DWI,PREV_SPD,PREV_OTH,FIRST_MO,FIRST_YR,LAST_MO,LAST_YR,SPEEDREL,DR_SF1,DR_SF2,DR_SF3,DR_SF4,VTRAFWAY,VNUM_LAN,VSPD_LIM,VALIGN,VPROFILE,VPAVETYP,VSURCOND,VTRAFCON,VTCONT_F,P_CRASH1,P_CRASH2,P_CRASH3,PCRASH4,PCRASH5,ACC_TYPE,DEATHS,DR_DRINK
32,320020,1,1,2,31,1,1,48,1,0,1,0,32,1,37,31,37031,4,1998,2HGEJ6524WH5,2,H,G,E,J,6,5,2,4,W,H,5,0,P,HOND,UCD,4D,98,17,2256,,0,1032,,G,,0,0,000000000,00000000000,0,0,0,1,0,0,0,0,0,0,0,998,0,1,2,0,13,6,2,1,0,0,0,1,32,89427,6,1,0,0,3,3,67,155,0,0,0,0,0,0,0,0,0,0,58,0,0,0,1,2,70,1,2,2,1,0,0,1,13,6,1,4,1,1,1
32,320021,1,2,1,1,2,17,24,12,1,1,0,32,1,53,706,53706,80,2007,JS1GT77A8721,J,S,1,G,T,7,7,A,8,7,2,1,0,M,SUZI,XR1,RS,7,17,,,,,,,999,0,0,000000000,00000000000,0,0,0,1,0,0,0,0,0,0,0,80,0,0,0,12,12,4,3,12,0,0,0,1,32,89131,6,1,0,0,3,3,72,225,0,4,0,0,0,4,2008,12,2008,1,0,0,0,0,1,4,35,1,1,2,1,0,0,3,51,4,1,1,24,1,0
32,320021,2,2,2,1,2,17,24,12,1,1,0,32,1,35,47,35047,4,2007,1N4AL21E77N4,1,N,4,A,L,2,1,E,7,7,N,4,0,P,NISS,ATS,4D,7,17,3042,,0,1093,,G,,0,0,000000000,00000000000,0,0,0,1,0,0,0,0,0,0,0,998,0,0,0,6,6,4,1,12,0,0,0,1,32,89107,6,1,0,0,3,0,64,140,0,0,0,1,0,11,2007,11,2007,0,0,0,0,0,1,2,35,1,1,2,1,0,0,1,53,1,1,1,25,0,0
32,320022,1,1,1,3,2,9,32,25,0,1,0,53,1,22,32,22032,6,2007,5Y2SL658X7Z4,5,Y,2,S,L,6,5,8,X,7,Z,4,0,P,PONT,VIB,4H,7,17,2700,,0,1024,,G,,0,0,000000000,00000000000,0,0,0,1,0,0,0,0,0,0,0,998,0,0,0,12,12,6,2,8,0,0,0,1,53,98626,6,1,0,0,3,3,999,999,99,99,99,99,99,99,9999,99,9999,1,36,0,0,0,3,4,99,1,1,2,1,3,3,1,19,1,1,9,1,0,0
32,320023,1,2,1,4,2,7,52,1,0,1,0,32,1,37,32,37032,4,1999,JHMCG565XXC0,J,H,M,C,G,5,6,5,X,X,C,0,0,P,HOND,UEX,4D,99,17,3086,,0,1069,,G,,0,0,000000000,00000000000,0,0,0,1,0,0,0,0,0,0,0,998,0,0,0,12,12,2,3,12,0,0,0,1,32,89084,6,1,0,0,3,0,68,170,0,0,0,0,0,0,0,0,0,0,38,0,0,0,1,2,25,1,1,2,1,20,3,11,15,2,1,1,98,0,0
32,320023,2,2,1,4,2,7,52,1,0,1,0,32,1,53,706,53706,80,2006,JS1GR7GA2621,J,S,1,G,R,7,G,A,2,6,2,1,0,M,SUZI,GX7,RS,6,17,,,,,,,750,0,0,000000000,00000000000,0,0,0,1,0,0,0,0,0,0,0,40,0,0,0,0,81,6,2,12,0,0,0,1,32,89081,6,1,0,0,3,0,72,215,0,0,0,0,1,5,2009,5,2009,0,0,0,0,0,2,4,35,1,1,2,1,0,0,1,67,3,2,1,98,1,0
32,320024,1,2,1,6,2,3,25,12,2,1,0,32,1,22,22,22022,4,2005,1G2ZG5286541,1,G,2,Z,G,5,2,8,6,5,4,1,0,P,PONT,G/6,4D,5,17,3420,,0,1123,,G,,0,0,000000000,00000000000,0,0,0,1,0,0,0,0,0,0,0,73,0,0,0,12,12,6,2,12,0,0,0,1,32,89123,6,1,0,0,3,0,62,125,0,5,0,0,0,6,2007,1,2010,0,50,0,0,0,3,3,65,1,1,1,1,0,0,1,54,1,1,1,50,1,1
32,320024,2,2,1,6,2,3,25,12,2,1,0,32,1,19,3,19003,4,1995,1G6KF52YXSU2,1,G,6,K,F,5,2,Y,X,S,U,2,0,P,CADI,DCS,4D,95,17,3889,,0,1138,,G,,0,0,000000000,00000000000,0,0,0,1,0,0,0,0,0,0,0,65,0,0,0,12,12,6,2,12,0,0,1,1,32,89015,6,1,0,0,3,3,72,200,0,0,0,0,0,0,0,0,0,0,99,99,99,99,3,3,65,1,1,1,1,0,0,1,54,1,1,1,51,1,0
32,320025,1,2,1,10,2,15,54,12,6,1,0,32,2,20,481,20481,31,1999,2GCEK19T0X11,2,G,C,E,K,1,9,T,0,X,1,1,0,T,CHEV,SK1,3C,99,17,,2,1575,1435,SIL,G,,0,0,000000000,00000000000,0,0,0,1,0,0,0,0,0,0,0,30,0,1,3,12,81,6,2,12,0,0,0,1,32,89102,0,0,0,0,0,0,999,999,99,99,99,99,99,99,9999,99,9999,0,39,0,0,0,2,4,55,1,1,2,1,3,3,1,17,1,1,1,86,0,0
32,320025,2,2,4,10,2,15,54,12,6,1,0,40,4,20,23,20023,6,2010,3GNBABDB4AS5,3,G,N,B,A,B,D,B,4,A,S,5,0,P,CHEV,HHR,UT,10,17,3208,,0,1035,,F,,0,0,000000000,00000000000,0,0,0,1,0,0,0,0,0,0,0,35,0,1,3,3,82,6,2,12,0,0,0,1,56,82301,6,1,0,0,3,3,70,190,0,0,0,0,0,0,0,0,0,0,0,0,0,0,2,4,45,1,1,2,1,3,3,1,66,1,1,1,87,1,0
32,320026,1,1,1,15,2,19,20,8,0,1,0,32,1,12,4,12004,2,1997,1FALP62W5VH1,1,F,A,L,P,6,2,W,5,V,H,1,0,P,FORD,THL,2D,97,17,3561,,0,1130,,G,,0,0,000000000,00000000000,0,0,0,1,0,0,0,0,0,0,0,34,0,0,0,1,1,2,1,8,0,0,0,1,32,89121,6,1,0,0,3,1,67,180,0,0,0,0,0,0,0,0,0,0,0,0,0,0,2,6,45,1,1,2,1,2,3,1,80,1,1,1,13,0,0
32,320027,1,2,1,16,2,11,43,12,1,1,0,32,2,55,36,55036,4,2007,KMHCN46C67U1,K,M,H,C,N,4,6,C,6,7,U,1,0,P,HYUN,ALS,4D,7,17,2365,,0,984,,G,,0,0,000000000,00000000000,0,0,0,1,0,0,0,0,0,0,0,998,0,0,0,12,12,6,2,12,0,0,0,1,32,89012,6,1,0,0,3,0,63,110,0,0,0,0,0,0,0,0,0,0,0,0,0,0,3,4,99,1,2,2,1,0,0,1,51,1,1,1,79,0,1
32,320027,2,2,2,16,2,11,43,12,1,1,0,32,1,55,401,55401,14,2006,KM8SC13D86U0,K,M,8,S,C,1,3,D,8,6,U,0,0,P,HYUN,SAN,UT,6,17,3549,,0,1031,,G,,0,0,000000000,00000000000,0,0,0,1,0,0,0,0,0,0,0,998,0,1,6,6,99,6,2,1,0,0,0,1,32,89012,6,1,0,0,3,0,72,225,0,0,0,1,0,12,2009,12,2009,0,0,0,0,0,3,4,99,1,2,2,1,0,0,10,53,1,1,1,78,2,0
32,320028,1,1,4,17,2,15,28,8,0,1,0,32,1,12,461,12461,21,2006,1FBSS31L46HA,1,F,B,S,S,3,1,L,4,6,H,A,0,T,FORD,WSD,BU,6,17,,2,0,1380,ECO,G,,0,0,000000000,00000000000,0,0,0,1,0,0,0,0,0,0,0,998,0,0,0,1,1,0,1,8,0,0,0,1,32,89103,6,1,0,0,3,0,59,109,0,0,0,0,0,0,0,0,0,0,38,0,0,0,5,4,45,1,1,2,1,2,3,11,80,2,1,1,13,0,0
32,320029,1,2,1,18,2,10,25,12,6,1,0,32,1,12,401,12401,14,2004,1FMZU62K74ZA,1,F,M,Z,U,6,2,K,7,4,Z,A,0,P,FORD,EPR,UT,4,17,4304,,0,1137,,F,,0,0,000000000,00000000000,0,0,0,1,0,0,0,0,0,0,0,12,0,0,0,9,9,6,2,12,0,0,0,1,32,89183,6,1,0,0,3,1,72,198,0,0,0,1,0,6,2008,6,2008,0,38,0,0,0,3,3,55,1,1,2,1,40,3,11,15,1,1,1,82,0,0
32,320029,2,2,1,18,2,10,25,12,6,1,0,32,1,12,17,12017,4,2002,1FAFP55U52A1,1,F,A,F,P,5,5,U,5,2,A,1,0,P,FORD,TSS,4D,2,17,3392,,0,1085,,G,,0,0,000000000,00000000000,0,0,0,1,0,0,0,0,0,0,0,53,0,0,0,12,12,6,2,12,0,0,0,1,32,89074,6,1,0,0,3,1,70,181,0,0,0,0,0,0,0,0,0,0,0,0,0,0,3,4,55,1,1,2,1,40,3,1,67,1,1,1,83,1,0
32,320030,1,1,2,21,2,12,18,31,0,1,0,32,1,12,401,12401,14,1998,1FMZU35P0WZA,1,F,M,Z,U,3,5,P,0,W,Z,A,0,P,FORD,EPR,UT,98,17,4374,,0,1115,,G,,0,0,000000000,00000000000,0,0,0,1,0,0,0,0,0,0,0,58,0,1,2,12,12,6,2,1,0,0,0,1,32,89129,6,1,0,0,3,0,66,140,0,0,0,0,0,0,0,0,0,0,58,0,0,0,3,3,65,1,2,2,1,0,0,1,1,9,2,5,2,1,0
32,320031,1,2,1,22,2,4,30,59,0,1,0,32,2,38,402,38402,14,1997,4S2CM58V8V43,4,S,2,C,M,5,8,V,8,V,4,3,0,P,ISU,ROD,UT,97,17,0,,0,1087,,G,,0,0,000000000,00000000000,0,0,0,1,0,0,0,0,0,0,0,85,0,1,1,1,12,6,2,12,0,0,0,1,32,89032,6,1,0,0,3,0,70,160,0,2,0,0,3,3,2007,12,2009,1,58,36,0,0,2,4,65,1,2,2,2,0,0,1,13,6,1,5,1,0,1
32,320031,2,2,1,22,2,4,30,59,0,1,0,32,1,12,17,12017,4,2006,1FAFP53U36A1,1,F,A,F,P,5,3,U,3,6,A,1,0,P,FORD,TSE,4D,6,17,3307,,0,1085,,G,,0,0,000000000,00000000000,0,0,0,1,0,0,0,0,0,0,0,46,0,0,0,9,61,6,2,12,0,0,0,1,32,89135,6,1,0,0,3,0,74,205,0,0,0,0,0,0,0,0,0,0,0,0,0,0,2,4,65,1,2,2,2,0,0,1,62,1,1,1,98,1,0
32,320032,1,3,1,22,2,20,13,12,6,1,0,32,1,76,706,76706,80,1999,JYARN02E0XA0,J,Y,A,R,N,0,2,E,0,X,A,0,0,M,YAMA,YFR,RS,99,17,,,,,,,998,0,0,000000000,00000000000,0,0,0,1,0,0,0,0,0,0,0,85,0,0,0,12,82,6,2,12,0,0,0,1,32,89052,6,1,0,0,3,0,72,205,0,0,0,0,1,8,2009,8,2009,1,36,0,0,0,5,6,45,1,1,2,1,0,0,1,17,1,1,1,69,1,0
32,320032,2,3,1,22,2,20,13,12,6,1,0,32,2,76,706,76706,80,2001,JYARN05N81A0,J,Y,A,R,N,0,5,N,8,1,A,0,0,M,YAMA,R1C,RS,1,17,,,,,,,998,0,0,000000000,00000000000,0,0,0,1,0,0,0,0,0,0,0,62,0,0,0,81,82,6,2,39,0,0,0,1,32,89052,6,1,0,0,3,0,71,200,1,0,0,2,0,2,2008,1,2010,1,36,0,0,0,5,6,45,1,1,2,1,0,0,1,6,1,2,4,98,0,0
32,320032,3,3,3,22,2,20,13,12,6,1,1,32,1,20,482,20482,31,2002,3GNEK13T02G2,3,G,N,E,K,1,3,T,0,2,G,2,0,T,CHEV,KAV,CW,2,17,,2,0,1300,AVL,G,,0,0,000000000,00000000000,0,0,0,1,0,0,0,0,0,0,0,14,0,0,0,7,7,4,3,12,0,0,0,1,32,89119,6,1,0,0,3,0,66,132,0,0,0,0,1,3,2008,3,2008,0,0,0,0,0,1,2,25,1,1,2,1,20,3,11,67,1,1,1,68,0,0
32,320033,1,2,1,4,3,16,10,12,6,1,0,32,2,35,47,35047,2,2009,1N4AL24E69C1,1,N,4,A,L,2,4,E,6,9,C,1,0,P,NISS,A5S,CP,9,17,3076,,0,1053,,G,,0,0,000000000,00000000000,0,0,0,1,0,0,0,0,0,0,0,10,0,0,0,9,61,6,2,12,0,0,0,1,32,89141,6,1,0,0,3,1,63,140,0,0,0,0,0,0,0,0,0,0,38,0,0,0,1,3,35,1,1,2,1,20,3,11,15,1,1,1,82,1,0
32,320033,2,2,1,4,3,16,10,12,6,1,0,32,1,20,39,20039,5,2009,KL1TD66E69B6,K,L,1,T,D,6,6,E,6,9,B,6,0,P,CHEV,LTS,5D,9,17,2547,,0,976,,G,,0,0,000000000,00000000000,0,0,0,1,0,0,0,0,0,0,0,58,0,0,0,12,12,6,2,12,0,0,0,1,32,89060,6,1,6,0,3,0,69,225,0,0,0,0,0,0,0,0,0,0,0,0,0,0,1,2,55,1,1,2,1,0,0,1,67,3,2,1,83,0,0
32,320034,1,2,1,7,3,5,5,12,2,1,0,16,1,12,421,12421,15,1993,1FMEU15H7PLA,1,F,M,E,U,1,5,H,7,P,L,A,0,P,FORD,BRO,UT,93,17,4574,,0,1050,,G,,0,0,000000000,00000000000,0,0,0,1,0,0,0,0,0,0,0,73,0,0,0,12,12,6,2,12,0,0,1,1,16,83634,6,1,0,0,3,3,78,265,1,0,0,2,0,9,2007,1,2008,0,28,0,0,0,1,2,70,1,1,2,2,0,0,1,10,1,1,2,50,1,0
32,320034,2,2,2,7,3,5,5,12,2,1,0,53,3,82,881,82881,66,2003,1FUJAPCG23DL,1,F,U,J,A,P,C,G,2,3,D,L,1,T,FRHT,FL3,DS,3,17,,8,0,0,CON,D,,1,99,999999999,99999999999,3,6,1,1,0,0,0,0,0,0,0,63,0,0,0,12,61,6,2,12,0,0,1,1,53,99324,6,1,6,1,3,1,999,111,99,99,99,99,99,99,9999,99,9999,0,0,0,0,0,1,2,70,1,1,2,2,0,0,1,62,9,1,1,51,0,0
32,320035,1,1,1,18,3,15,35,35,0,1,0,32,1,49,40,49040,4,2000,JT2BF28K2Y02,J,T,2,B,F,2,8,K,2,Y,0,2,0,P,TOYT,XLL,4D,0,17,3175,,0,1051,,G,,0,0,000000000,00000000000,0,0,0,1,0,0,0,0,0,0,0,41,0,1,5,3,81,4,1,1,0,0,0,1,32,89001,2,1,0,0,2,0,74,190,0,3,1,0,1,1,2009,9,2009,0,0,0,0,0,1,2,99,2,1,5,1,0,0,14,9,6,3,4,2,1,1
32,320036,1,1,4,26,3,11,10,1,0,1,0,32,2,23,401,23401,14,2005,1GKDT13S7521,1,G,K,D,T,1,3,S,7,5,2,1,0,T,GMC,ENV,4W,5,17,,1,0,1130,ENV,G,,0,0,000000000,00000000000,0,0,0,1,0,0,0,0,0,0,0,60,0,1,6,0,12,6,2,1,0,0,0,1,32,89316,6,1,0,0,3,1,66,150,0,0,0,0,0,0,0,0,0,0,58,0,0,0,1,2,70,1,1,2,1,0,0,1,13,6,1,4,1,1,0
32,320037,1,3,1,27,3,9,12,12,2,1,0,32,1,12,398,12398,1,1962,4CRDAK122MF0,4,C,R,D,A,K,1,2,2,M,F,0,0,U,,,,91,17,,,,,,,,0,0,000000000,00000000000,0,0,0,1,0,0,0,0,0,0,0,998,0,0,0,12,12,6,2,12,0,0,0,1,32,89123,6,1,0,0,3,0,75,200,0,0,0,0,0,0,0,0,0,0,28,0,0,0,2,5,45,1,1,2,1,0,0,1,9,1,1,6,50,1,1
32,320037,2,3,1,27,3,9,12,12,2,1,0,32,2,32,42,32042,4,2006,WAUAH74F26N0,W,A,U,A,H,7,4,F,2,6,N,0,0,P,AUDI,632,4D,6,17,3737,,0,1119,,G,,0,0,000000000,00000000000,0,0,0,1,0,0,0,0,0,0,0,43,0,0,0,12,12,6,2,12,0,0,0,1,32,89052,6,1,0,0,3,3,66,135,0,0,0,0,0,0,0,0,0,0,0,0,0,0,2,5,45,1,1,2,1,0,0,1,64,1,1,1,51,0,0
32,320037,3,3,2,27,3,9,12,12,2,1,0,32,1,12,35,12035,4,2000,3FAFP66L3YM1,3,F,A,F,P,6,6,L,3,Y,M,1,0,P,FORD,CST,4D,0,17,2769,,0,1065,,G,,0,0,000000000,00000000000,0,0,0,1,0,0,0,0,0,0,0,43,0,0,0,12,12,4,3,12,0,0,0,1,32,89052,6,1,0,0,3,3,68,180,1,0,0,0,1,5,2009,6,2009,0,0,0,0,0,2,5,45,1,1,2,1,0,0,1,64,1,1,1,98,0,0
32,320038,1,1,1,27,3,9,35,38,0,1,0,32,1,12,4,12004,2,1987,1FABP61F3HH1,1,F,A,B,P,6,1,F,3,H,H,1,0,P,FORD,THS,2D,87,17,3346,,0,1042,,G,,0,0,000000000,00000000000,0,0,0,1,0,0,0,0,0,0,0,36,0,1,6,12,12,6,2,1,0,0,0,1,32,89109,6,1,0,0,3,3,68,210,0,0,0,0,0,0,0,0,0,0,0,0,0,0,5,6,35,1,2,2,1,0,0,1,12,1,1,5,6,1,0
32,320039,1,4,1,30,3,12,29,12,6,1,0,32,2,12,421,12421,15,1990,1FMEU15HXLLA,1,F,M,E,U,1,5,H,X,L,L,A,0,P,FORD,BRO,UT,90,17,4348,,0,1050,,G,,0,0,000000000,00000000000,0,0,0,1,0,0,0,0,0,0,0,998,0,0,0,9,61,6,2,12,0,0,0,1,32,89102,6,1,0,0,3,0,66,165,0,0,0,1,0,6,2007,6,2007,0,48,0,0,0,5,6,45,1,1,2,1,0,0,12,98,1,1,2,98,0,0
32,320039,2,4,3,30,3,12,29,12,6,1,0,32,2,35,402,35402,14,2008,5N1AN08U38C5,5,N,1,A,N,0,8,U,3,8,C,5,0,P,NISS,XTR,UT,8,17,4150,,0,1063,,G,,0,0,000000000,00000000000,0,0,0,1,0,0,0,0,0,0,0,998,0,0,0,12,12,6,2,12,0,0,0,1,32,89081,6,1,0,0,3,3,61,160,0,0,0,0,0,0,0,0,0,0,0,0,0,0,5,6,45,1,1,2,1,0,0,1,62,1,1,1,98,0,0
32,320039,3,4,2,30,3,12,29,12,6,1,0,95,1,54,398,54398,4,2004,2HHES36804H0,2,H,H,E,S,3,6,8,0,4,H,0,0,P,ACUR,CEP,4D,4,17,2694,,0,1031,,G,,0,0,000000000,00000000000,0,0,0,1,0,0,0,0,0,0,0,998,0,0,0,12,12,6,2,12,0,0,0,1,95,0,6,1,0,0,3,3,999,999,99,99,99,99,99,99,9999,99,9999,0,0,0,0,0,5,6,45,1,1,2,1,0,0,1,62,1,1,1,98,1,0
32,320039,4,4,2,30,3,12,29,12,6,1,0,32,1,18,401,18401,14,2003,3G5DA03E03S5,3,G,5,D,A,0,3,E,0,3,S,5,0,P,BUIC,RZV,UT,3,17,4024,,0,1122,,G,,0,0,000000000,00000000000,0,0,0,1,0,0,0,0,0,0,0,998,0,0,0,11,12,4,3,12,0,0,0,1,32,89102,6,1,0,0,3,0,75,230,0,0,0,0,0,0,0,0,0,0,0,0,0,0,5,6,45,1,1,2,1,0,0,1,62,7,1,2,98,0,0
32,320040,1,2,2,31,3,8,32,12,6,1,0,32,1,55,35,55035,4,2008,KMHDU46D18U3,K,M,H,D,U,4,6,D,1,8,U,3,0,P,HYUN,GST,4D,8,17,2723,,0,1043,,G,,0,0,000000000,00000000000,0,0,0,1,0,0,0,0,0,0,0,998,0,0,0,11,11,6,2,12,0,0,0,1,32,89108,6,1,0,0,3,3,75,193,0,0,0,0,0,0,0,0,0,0,39,0,0,0,2,6,45,1,1,2,1,3,3,1,17,1,1,1,69,1,0
32,320040,2,2,1,31,3,8,32,12,6,1,0,32,1,49,40,49040,4,2009,4T1BE46K39U8,4,T,1,B,E,4,6,K,3,9,U,8,0,P,TOYT,CBA,4D,9,17,3263,,0,1090,,G,,0,0,000000000,00000000000,0,0,0,1,0,0,0,0,0,0,0,998,0,0,0,1,1,6,2,12,0,0,0,1,32,89138,6,1,0,0,3,3,63,150,0,0,0,0,0,0,0,0,0,0,0,0,0,0,2,4,45,1,1,2,2,3,3,11,66,1,1,1,68,0,0
32,320041,1,1,4,3,4,7,0,1,0,1,0,6,1,7,482,7482,32,2000,1B7KF2369YJ1,1,B,7,K,F,2,3,6,9,Y,J,1,0,T,DODG,Q25,4C,0,17,,2,1547,1387,RPC,D,,0,0,000000000,00000000000,0,0,0,1,0,0,0,0,0,0,0,58,0,1,3,0,13,6,2,1,0,0,0,1,6,94803,6,1,0,0,3,0,76,300,2,0,0,0,0,10,2007,10,2008,1,58,0,0,0,2,4,75,1,2,2,3,0,0,1,6,7,3,5,7,1,0
32,320042,1,2,1,4,4,5,52,12,6,1,0,6,1,6,52,6052,6,2005,3C4FY58B35T6,3,C,4,F,Y,5,8,B,3,5,T,6,0,P,CHRY,PTC,SV,5,17,3033,,0,1030,,G,,0,0,000000000,00000000000,0,0,0,1,0,0,0,0,0,0,0,89,0,0,0,12,12,4,3,12,0,0,0,1,6,89139,6,1,0,0,3,1,71,200,0,0,0,0,0,0,0,0,0,1,36,0,0,0,2,6,35,1,1,2,1,2,3,1,17,3,2,1,83,0,1
32,320042,2,2,1,4,4,5,52,12,6,1,0,32,2,42,36,42036,4,1980,116120120150,1,1,6,1,2,0,1,2,0,1,5,0,0,P,,,,,,,,,,,,,0,0,000000000,00000000000,0,0,0,1,0,0,0,0,0,0,0,23,0,0,0,9,9,6,2,12,0,0,0,1,32,89104,6,1,0,0,3,0,68,145,0,0,0,0,0,0,0,0,0,0,0,0,0,0,1,4,30,1,1,2,1,2,3,11,66,1,1,1,82,1,0
32,320043,1,3,1,7,4,15,58,12,1,1,0,32,1,37,706,37706,80,2004,1HFSC49D14A2,1,H,F,S,C,4,9,D,1,4,A,2,0,M,HOND,VN2,RS,4,17,,,,,,,1800,0,0,000000000,00000000000,0,0,0,1,0,0,0,0,0,0,0,15,0,0,0,12,12,4,3,12,0,0,0,1,32,89129,6,1,0,0,3,0,68,210,0,0,0,0,0,0,0,0,0,1,0,0,0,0,3,4,55,1,2,1,1,0,0,2,52,1,1,1,28,1,0
32,320043,2,3,1,7,4,15,58,12,1,1,0,32,1,53,33,53033,6,2006,JS2RC62H0653,J,S,2,R,C,6,2,H,0,6,5,3,0,P,SUZI,ARB,4H,6,17,2698,,0,976,,G,,0,0,000000000,00000000000,0,0,0,1,0,0,0,0,0,0,0,15,0,0,0,6,83,4,1,12,0,0,0,1,32,89123,6,1,0,0,3,0,64,175,0,0,0,0,0,0,0,0,0,0,0,0,0,0,3,4,55,1,2,1,1,0,0,2,53,1,1,1,29,0,0
32,320043,3,3,1,7,4,15,58,12,1,1,1,99,9,99,999,99999,99,9999,999999999999,9,9,9,9,9,9,9,9,9,9,9,9,1,U,,,,9,17,,,,,,,,1,99,999999999,99999999999,9,99,99,1,0,0,0,0,0,0,0,15,0,0,0,14,14,0,1,12,0,0,0,1,99,99999,9,9,99,9,9,9,999,999,99,99,99,99,99,99,9999,99,9999,0,0,0,0,0,3,4,55,1,2,1,1,0,0,2,52,1,1,1,98,0,0
32,320044,1,2,1,9,4,3,18,12,1,1,0,32,1,2,404,2404,14,2000,1J4GW58N2YC2,1,J,4,G,W,5,8,N,2,Y,C,2,0,T,JEEP,LMT,4W,0,17,,1,0,1059,GCK,G,,0,0,000000000,00000000000,0,0,0,1,0,0,0,0,0,0,0,75,0,0,0,12,12,4,3,12,0,0,0,1,32,89129,6,1,0,0,3,0,69,135,2,1,0,1,0,12,2008,2,2010,1,0,0,0,0,2,6,45,1,2,2,1,0,0,1,52,1,1,1,28,0,1
32,320044,2,2,1,9,4,3,18,12,1,1,0,32,1,18,7,18007,4,2003,2G4WS52J6311,2,G,4,W,S,5,2,J,6,3,1,1,0,P,BUIC,CCU,4D,3,17,3368,,0,1090,,G,,0,0,000000000,00000000000,0,0,0,1,0,0,0,0,0,0,0,998,0,0,0,6,5,6,2,12,0,0,0,1,32,89129,6,1,0,0,3,0,69,195,0,3,1,0,0,4,2009,12,2009,0,0,0,0,0,2,6,45,1,2,2,1,0,0,2,53,1,1,1,29,1,1
32,320045,1,1,1,9,4,19,36,8,0,1,1,99,9,99,999,99999,99,9999,999999999999,9,9,9,9,9,9,9,9,9,9,9,9,0,U,,,,9,17,,,,,,,,0,0,000000000,00000000000,0,0,0,1,0,0,0,0,0,0,0,998,0,0,0,12,12,9,1,8,0,0,0,1,99,99999,9,9,99,0,9,9,999,999,99,99,99,99,99,99,9999,99,9999,0,0,0,0,0,2,6,45,1,2,2,1,0,0,1,80,1,1,1,13,0,0
32,320046,1,1,1,10,4,7,30,1,0,1,0,32,2,20,37,20037,4,2006,1G1ZT61866F1,1,G,1,Z,T,6,1,8,6,6,F,1,0,P,CHEV,XLT,4D,6,17,3459,,0,1063,,G,,0,0,000000000,00000000000,0,0,0,1,0,0,0,0,0,0,0,70,0,1,6,0,81,6,2,1,0,0,0,1,32,89409,6,1,0,0,3,0,66,135,0,0,0,0,0,0,0,0,0,0,58,0,0,0,1,2,70,1,1,2,1,0,0,1,11,6,4,4,7,1,0
32,320047,1,3,1,10,4,10,0,1,0,1,0,32,1,48,401,48401,14,2001,JF1SF63511H7,J,F,1,S,F,6,3,5,1,1,H,7,0,P,SUBA,FOR,UT,1,17,3140,,0,994,,G,,0,0,000000000,00000000000,0,0,0,1,0,0,0,0,0,0,0,25,1,0,0,12,12,6,2,12,0,0,0,1,32,89108,6,1,0,0,3,1,72,170,0,0,0,0,0,0,0,0,0,0,48,51,0,0,3,5,65,1,1,1,1,0,0,12,54,1,1,2,98,0,0
32,320047,2,3,1,10,4,10,0,1,0,1,0,16,1,72,706,72706,80,2002,1HD1GEV132Y3,1,H,D,1,G,E,V,1,3,2,Y,3,0,M,HD,FWG,RS,2,17,,,,,,,1450,0,0,000000000,00000000000,0,0,0,1,0,0,0,0,0,0,0,65,0,0,0,0,14,6,2,12,0,0,0,1,16,83647,6,1,0,0,3,0,75,160,0,0,0,1,0,12,2007,12,2007,0,0,0,0,0,3,5,65,1,1,1,1,0,0,1,98,2,3,2,98,1,0
32,320047,3,3,1,10,4,10,0,1,0,1,0,16,1,72,706,72706,80,2008,1HD1FS4318Y6,1,H,D,1,F,S,4,3,1,8,Y,6,0,M,HD,LTR,RS,8,17,,,,,,,1584,0,0,000000000,00000000000,0,0,0,1,0,0,0,0,0,0,0,65,0,0,0,12,12,6,2,12,0,0,0,1,4,83647,6,1,0,0,3,3,76,190,0,0,0,0,0,0,0,0,0,0,0,0,0,0,3,5,65,1,1,1,1,0,0,1,51,7,1,2,98,0,0