STATE,ST_CASE,VEH_NO,VE_FORMS,NUMOCCS,DAY,MONTH,HOUR,MINUTE,HARM_EV,MAN_COLL,UNITTYPE,HIT_RUN,REG_STAT,OWNER,MAKE,MODEL,MAK_MOD,BODY_TYP,MOD_YEAR,VIN,VIN_1,VIN_2,VIN_3,VIN_4,VIN_5,VIN_6,VIN_7,VIN_8,VIN_9,VIN_10,VIN_11,VIN_12,TOW_VEH,VINTYPE,VINMAKE,VINA_MOD,VIN_BT,VINMODYR,VIN_LNGT,VIN_WGT,WGTCD_TR,WHLBS_LG,WHLBS_SH,SER_TR,FUELCODE,MCYCL_DS,J_KNIFE,MCARR_I1,MCARR_I2,MCARR_ID,GVWR,V_CONFIG,CARGO_BT,HAZ_INV,HAZ_PLAC,HAZ_ID,HAZ_CNO,HAZ_REL,BUS_USE,SPEC_USE,EMER_USE,TRAV_SP,UNDERIDE,ROLLOVER,ROLINLOC,IMPACT1,IMPACT2,DEFORMED,TOWED,M_HARM,VEH_SC1,VEH_SC2,FIRE_EXP,DR_PRES,L_STATE,DR_ZIP,L_STATUS,L_TYPE,CDL_STAT,L_ENDORS,L_COMPL,L_RESTRI,DR_HGT,DR_WGT,PREV_ACC,PREV_SUS,PREV_DWI,PREV_SPD,PREV_OTH,FIRST_MO,FIRST_YR,LAST_MO,LAST_YR,SPEEDREL,DR_SF1,DR_SF2,DR_SF3,DR_SF4,VTRAFWAY,VNUM_LAN,VSPD_LIM,VALIGN,VPROFILE,VPAVETYP,VSURCOND,VTRAFCON,VTCONT_F,P_CRASH1,P_CRASH2,P_CRASH3,PCRASH4,PCRASH5,ACC_TYPE,DEATHS,DR_DRINK
32,320083,1,1,1,11,6,18,45,31,0,1,0,32,1,48,45,48045,6,2009,4S4BP61C9973,4,S,4,B,P,6,1,C,9,9,7,3,0,P,SUBA,O2I,SW,9,17,3357,,0,1051,,G,,0,0,000000000,00000000000,0,0,0,1,0,0,0,0,0,0,0,73,0,1,5,12,13,6,2,1,0,0,0,1,32,89821,6,1,0,0,3,0,70,200,0,0,0,1,0,1,2008,1,2008,0,58,0,0,0,2,4,75,1,2,2,1,0,0,1,12,7,1,5,6,1,1
32,320084,1,1,2,13,6,14,0,5,0,1,0,32,1,98,709,98709,82,2003,DMVPS39590NV,D,M,V,P,S,3,9,5,9,0,N,V,0,P,,,,,,,,,,,,,0,0,000000000,00000000000,0,0,0,1,0,0,0,0,0,0,0,68,0,0,0,0,0,6,2,38,0,0,0,1,32,89048,6,1,0,0,3,0,69,240,1,0,0,0,0,3,2008,3,2008,0,28,0,0,0,1,2,70,1,1,2,1,0,0,1,13,1,1,5,0,2,0
32,320085,1,1,2,13,6,17,57,1,0,1,0,6,2,12,481,12481,31,1996,1FTEX14H9TKA,1,F,T,E,X,1,4,H,9,T,K,A,0,T,FORD,F15,PS,96,17,,2,1550,1390,COF,G,,0,0,000000000,00000000000,0,0,0,1,0,0,0,0,0,0,0,998,0,1,5,0,0,6,2,1,0,0,0,1,6,94561,6,1,0,0,3,0,61,95,0,0,0,1,0,3,2010,3,2010,1,0,0,0,0,1,2,25,2,2,5,1,0,0,14,6,1,3,5,2,1,1
32,320086,1,2,1,13,6,21,20,12,2,1,0,32,1,9,442,9442,20,1998,1P4GP44G0WB7,1,P,4,G,P,4,4,G,0,W,B,7,0,P,PLYM,VOF,SV,98,17,3675,,0,1193,,F,,0,0,000000000,00000000000,0,0,0,1,0,0,0,0,0,0,0,73,0,0,0,12,12,6,2,12,0,0,0,1,32,89110,6,1,6,0,3,1,72,250,0,0,0,0,0,0,0,0,0,0,28,58,0,0,1,2,70,1,1,2,1,0,0,1,13,6,4,6,50,1,0
32,320086,2,2,8,13,6,21,20,12,2,1,0,6,2,12,850,12850,65,2003,1FCLF53S530A,1,F,C,L,F,5,3,S,5,3,0,A,1,T,FORD,F/5,MY,3,17,,5,2280,1780,DRW,G,,1,0,000000000,00000000000,0,0,0,1,0,0,0,0,0,0,0,67,0,1,5,12,98,6,2,1,0,0,0,1,6,91737,6,1,0,0,3,0,68,110,99,99,99,99,99,99,9999,99,9999,0,0,0,0,0,1,2,70,1,1,2,1,0,0,1,62,7,1,1,51,0,0
32,320087,1,2,1,14,6,13,40,12,1,1,0,49,1,41,441,41441,20,2002,JM3LW28J8203,J,M,3,L,W,2,8,J,8,2,0,3,0,P,MAZD,MWG,SV,2,17,3794,,0,1118,,G,,0,0,000000000,00000000000,0,0,0,1,0,0,0,0,0,0,0,78,0,1,1,12,12,6,2,12,0,0,0,1,49,84120,6,1,0,0,3,0,72,220,98,0,0,1,0,1,2009,1,2009,1,0,0,0,0,2,4,75,1,2,2,1,0,0,1,51,1,1,1,24,1,0
32,320087,2,2,1,14,6,13,40,12,1,1,0,32,3,85,881,85881,66,1993,1XKWDB9X4PS5,1,X,K,W,D,B,9,X,4,P,S,5,3,T,KW,W90,DS,93,17,,8,2600,1600,CON,D,,1,57,000054027,57000054027,3,8,4,1,0,0,0,0,0,0,0,43,0,0,0,6,6,4,1,12,0,0,0,1,32,89801,6,1,6,1,3,1,72,225,0,0,0,0,0,0,0,0,0,0,0,0,0,0,2,4,75,1,2,2,1,0,0,1,53,1,1,1,25,0,0
32,320088,1,1,1,14,6,14,5,1,0,1,0,32,1,35,43,35043,4,2007,3N1AB61E57L6,3,N,1,A,B,6,1,E,5,7,L,6,0,P,NISS,SL2,4D,7,17,2853,,0,1057,,G,,0,0,000000000,00000000000,0,0,0,1,0,0,0,0,0,0,0,73,0,1,5,0,0,6,2,1,0,0,0,1,32,89048,6,1,0,0,3,1,62,197,0,0,0,0,0,0,0,0,0,0,58,0,0,0,1,2,70,1,1,2,1,0,0,1,13,6,3,4,7,1,0
32,320089,1,1,2,14,6,17,58,43,0,1,0,32,1,41,49,41049,4,2004,JM1FE1731401,J,M,1,F,E,1,7,3,1,4,0,1,0,P,MAZD,RX8,C4,4,17,3029,,0,1064,,G,,0,0,000000000,00000000000,0,0,0,1,0,0,0,0,0,0,0,998,0,0,0,12,12,6,2,43,0,0,0,1,32,89156,6,1,0,0,3,0,72,160,0,0,0,0,0,0,0,0,0,1,36,0,0,0,1,4,35,1,1,2,1,0,0,6,6,1,2,4,2,1,0
32,320090,1,1,1,15,6,5,44,31,0,1,0,32,1,22,441,22441,20,2005,1GMDV23E65D1,1,G,M,D,V,2,3,E,6,5,D,1,0,T,PONT,MON,ES,5,17,,1,0,1200,MON,G,,0,0,000000000,00000000000,0,0,0,1,0,0,0,0,0,0,0,77,0,1,5,12,61,6,2,1,0,0,0,1,32,89031,6,1,0,0,3,0,72,215,0,0,0,0,0,0,0,0,0,0,58,0,0,0,2,2,75,1,1,2,1,0,0,1,12,7,1,4,6,1,0
32,320091,1,3,1,15,6,6,35,12,2,1,0,32,4,20,23,20023,6,2010,3GNBAADB8AS6,3,G,N,B,A,A,D,B,8,A,S,6,0,P,CHEV,HHR,UT,10,17,3155,,0,1035,,F,,0,0,000000000,00000000000,0,0,0,1,0,0,0,0,0,0,0,47,0,0,0,12,12,6,2,12,0,0,0,1,32,89702,6,1,0,0,3,0,64,290,0,1,0,0,0,10,2009,10,2009,0,28,0,0,0,5,5,45,1,1,2,1,0,0,1,10,1,1,2,50,1,0
32,320091,2,3,3,15,6,6,35,12,2,1,0,32,1,20,481,20481,31,2003,2GTEK19T6311,2,G,T,E,K,1,9,T,6,3,1,1,0,T,GMC,NK1,4C,3,17,,2,1575,1435,SIE,G,,0,0,000000000,00000000000,0,0,0,1,0,0,0,0,0,0,0,43,0,0,0,12,12,6,2,12,0,0,1,1,32,89447,6,1,6,0,3,1,73,190,0,0,0,0,0,0,0,0,0,0,0,0,0,0,5,5,45,1,1,2,1,0,0,1,62,1,1,1,51,1,0
32,320091,3,3,1,15,6,6,35,12,2,1,0,32,1,9,20,9020,4,2000,1P3ES46C8YD7,1,P,3,E,S,4,6,C,8,Y,D,7,0,P,PLYM,NLX,4D,0,17,2515,,0,1050,,G,,0,0,000000000,00000000000,0,0,0,1,0,0,0,0,0,0,0,47,0,0,0,12,12,6,2,12,0,0,1,1,32,89429,6,1,0,0,3,0,61,180,0,0,0,0,0,0,0,0,0,0,0,0,0,0,5,5,45,1,1,2,1,0,0,1,62,1,1,1,98,0,0
32,320092,1,2,1,15,6,16,0,12,2,1,0,4,2,20,481,20481,31,2003,2GCEC19T0312,2,G,C,E,C,1,9,T,0,3,1,2,0,T,CHEV,SC1,4C,3,17,,2,1575,1435,SIL,G,,0,0,000000000,00000000000,0,0,0,1,0,0,0,0,0,0,0,60,0,0,0,12,12,6,2,12,0,0,0,1,4,86004,6,1,0,0,3,0,62,230,0,0,0,0,0,0,0,0,0,0,35,0,0,0,1,2,55,2,1,2,1,0,0,6,51,6,1,4,50,0,0
32,320092,2,2,1,15,6,16,0,12,2,1,0,32,1,53,705,53705,80,2007,JS1GN7DA4721,J,S,1,G,N,7,D,A,4,7,2,1,0,M,SUZI,G60,RS,7,17,,,,,,,599,0,0,000000000,00000000000,0,0,0,1,0,0,0,0,0,0,0,55,0,0,0,12,98,6,2,12,0,0,0,1,32,89110,6,1,0,0,3,2,69,155,0,0,0,1,0,5,2010,5,2010,0,0,0,0,0,1,2,55,2,1,2,1,0,0,14,62,7,1,4,51,1,0
32,320093,1,1,1,16,6,20,47,1,0,1,0,56,1,37,706,37706,80,1988,1HFSC2204JA0,1,H,F,S,C,2,2,0,4,J,A,0,0,M,HOND,G15,RS,88,17,,,,,,,1500,0,0,000000000,00000000000,0,0,0,1,0,0,0,0,0,0,0,45,0,0,0,0,82,4,3,1,0,0,0,1,56,82072,6,1,0,0,2,0,71,275,0,0,0,0,0,0,0,0,0,0,0,0,0,0,6,1,70,2,1,2,1,0,0,16,12,3,2,4,7,1,0
32,320095,1,1,1,18,6,8,10,43,0,1,0,6,3,85,881,85881,66,1999,1XKWDR9X7XR8,1,X,K,W,D,R,9,X,7,X,R,8,1,T,KW,W90,DS,99,17,,8,2850,1600,CON,D,,1,57,001698719,57001698719,3,6,3,1,0,0,0,0,0,0,0,998,0,0,0,12,98,6,2,2,0,0,1,1,32,89436,6,1,6,1,3,1,74,212,0,0,0,0,0,0,0,0,0,0,0,0,0,0,1,2,45,1,2,2,1,0,0,2,13,1,1,4,14,1,0
32,320096,1,1,1,18,6,23,47,43,0,1,0,32,1,12,422,12422,15,2003,1FMPU18L73LC,1,F,M,P,U,1,8,L,7,3,L,C,0,P,FORD,EPT,UT,3,17,5686,,0,1191,,G,,0,0,000000000,00000000000,0,0,0,1,0,0,0,0,0,0,0,55,0,0,0,61,12,6,2,30,0,0,0,1,32,89027,6,1,0,0,3,3,64,100,0,0,0,0,0,0,0,0,0,1,0,0,0,0,1,2,35,2,2,2,1,0,0,14,12,1,1,4,6,1,1
32,320097,1,1,2,22,6,5,25,1,0,1,0,32,2,52,47,52047,6,2003,JA4LZ31G13U1,J,A,4,L,Z,3,1,G,1,3,U,1,0,P,MITS,OUT,UT,3,17,3461,,0,1033,,G,,0,0,000000000,00000000000,0,0,0,1,0,0,0,0,0,0,0,66,0,1,5,0,0,6,2,1,0,0,0,1,32,89406,6,1,0,0,3,0,65,130,0,0,0,0,0,0,0,0,0,1,0,0,0,0,1,2,45,2,2,2,1,0,0,14,13,6,3,4,2,1,1
32,320098,1,2,2,22,6,10,35,12,2,1,0,53,1,20,37,20037,4,2008,1G1ZG57B98F2,1,G,1,Z,G,5,7,B,9,8,F,2,0,P,CHEV,M/L,4D,8,17,3415,,0,1123,,G,,0,0,000000000,00000000000,0,0,0,1,0,0,0,0,0,0,0,73,0,0,0,12,12,6,2,12,0,0,1,1,53,99021,6,1,0,0,3,1,70,165,0,0,0,0,0,0,0,0,0,0,38,35,0,0,1,2,70,1,1,2,1,0,0,6,10,1,1,2,50,0,0
32,320098,2,2,1,22,6,10,35,12,2,1,0,8,1,72,706,72706,80,2008,1HD1BW5188Y0,1,H,D,1,B,W,5,1,8,8,Y,0,0,M,HD,STC,RS,8,17,,,,,,,1584,0,0,000000000,00000000000,0,0,0,1,0,0,0,0,0,0,0,70,0,0,0,12,98,6,2,12,0,0,1,1,8,80920,6,1,0,0,3,1,64,110,0,0,0,0,1,5,2010,5,2010,0,0,0,0,0,1,2,70,1,1,2,1,0,0,1,62,1,1,1,51,1,1
32,320099,1,2,4,22,6,20,20,12,6,1,0,32,1,24,1,24001,4,1996,1G8ZH528XTZ2,1,G,8,Z,H,5,2,8,X,T,Z,2,0,P,STRN,SL1,4D,96,17,2277,,0,1024,,G,,0,0,000000000,00000000000,0,0,0,1,0,0,0,0,0,0,0,61,0,0,0,82,81,6,2,12,0,0,0,1,32,89115,6,1,0,0,3,3,67,170,0,1,0,0,1,11,2008,12,2008,1,0,0,0,0,1,2,45,1,2,2,1,0,0,6,51,6,4,2,66,2,1
32,320099,2,2,1,22,6,20,20,12,6,1,0,32,1,20,421,20421,15,1979,CCL189Z14303,C,C,L,1,8,9,Z,1,4,3,0,3,0,P,,,,,,,,,,,,,0,0,000000000,00000000000,0,0,0,1,0,0,0,0,0,0,0,40,0,1,5,12,12,6,2,12,0,0,0,1,32,89101,6,1,0,0,3,0,68,180,0,0,0,0,0,0,0,0,0,0,0,0,0,0,1,2,45,1,2,2,1,0,0,1,62,1,1,1,66,0,0
32,320100,1,1,2,25,6,20,4,5,0,1,0,32,1,49,472,49472,30,1998,4TAWN72N0WZ1,4,T,A,W,N,7,2,N,0,W,Z,1,0,T,TOYT,XTR,PC,98,17,,1,0,1219,TAC,G,,0,0,000000000,00000000000,0,0,0,1,0,0,0,0,0,0,0,30,0,0,0,0,12,6,2,5,0,0,0,1,32,89113,6,1,0,0,3,0,64,150,0,0,0,0,0,0,0,0,0,0,59,0,0,0,1,2,35,1,1,2,1,0,0,1,98,1,1,3,0,1,0
32,320101,1,1,1,27,6,19,0,1,0,1,0,32,1,41,45,41045,1,1999,JM1NB3531X01,J,M,1,N,B,3,5,3,1,X,0,1,0,P,MAZD,MIA,CV,99,17,2299,,0,892,,G,,0,0,000000000,00000000000,0,0,0,1,0,0,0,0,0,0,0,65,0,1,5,0,0,6,2,1,0,0,0,1,32,89121,6,1,0,0,3,0,65,136,0,1,0,0,0,3,2008,3,2008,0,0,0,0,0,1,2,65,1,2,2,1,0,0,1,9,1,4,4,7,1,1
32,320102,1,2,3,1,7,15,44,12,1,1,0,6,3,51,881,51881,66,2000,4V4ND1JH2YN2,4,V,4,N,D,1,J,H,2,Y,N,2,1,T,VOLV,VVN,DS,0,17,,8,0,0,VVN,D,,1,57,001849554,57001849554,3,6,1,1,0,0,0,0,0,0,0,77,0,0,0,12,12,4,1,12,0,0,0,1,32,89141,6,1,6,1,3,1,67,195,0,0,0,0,1,3,2010,3,2010,0,26,0,0,0,2,2,75,1,2,2,1,0,0,1,51,7,1,2,24,0,0
32,320102,2,2,2,1,7,15,44,12,1,1,0,6,1,7,472,7472,30,1996,1B7FL26P8TS6,1,B,7,F,L,2,6,P,8,T,S,6,0,T,DODG,DAK,PK,96,17,,1,1239,1119,DAK,G,,0,0,000000000,00000000000,0,0,0,1,0,0,0,0,0,0,0,60,0,1,3,6,98,6,2,1,0,0,0,1,6,93561,6,1,0,0,3,0,999,999,99,99,99,99,99,99,9999,99,9999,0,0,0,0,0,2,2,75,1,2,2,1,0,0,1,53,1,1,1,25,1,0
32,320103,1,1,1,3,7,3,50,1,0,1,0,32,1,7,482,7482,31,2009,3D7MX39L29G5,3,D,7,M,X,3,9,L,2,9,G,5,0,T,DODG,ME3,CW,9,17,,3,0,1605,RPC,D,,0,0,000000000,00000000000,0,0,0,1,0,0,0,0,0,0,0,88,0,1,5,0,0,6,2,1,0,0,0,1,32,89316,6,1,0,0,3,1,75,190,0,0,0,2,0,12,2007,5,2008,1,58,0,0,0,1,2,65,1,2,2,1,0,0,1,13,6,4,4,7,1,1
32,320104,1,2,2,4,7,9,44,12,6,1,0,32,1,20,37,20037,4,2001,1G1ND52J01M6,1,G,1,N,D,5,2,J,0,1,M,6,0,P,CHEV,MAL,4D,1,17,3051,,0,1070,,G,,0,0,000000000,00000000000,0,0,0,1,0,0,0,0,0,0,0,19,0,0,0,9,9,6,2,12,0,0,0,1,32,89110,6,1,0,0,3,0,64,180,0,0,0,0,0,0,0,0,0,0,0,0,0,0,1,2,25,1,1,2,1,20,3,4,66,1,1,1,89,1,0
32,320104,2,2,2,4,7,9,44,12,6,1,0,32,1,35,47,35047,4,2003,1N4AL11D13C1,1,N,4,A,L,1,1,D,1,3,C,1,0,P,NISS,ABS,4D,3,17,2913,,0,1102,,G,,0,0,000000000,00000000000,0,0,0,1,0,0,0,0,0,0,0,71,0,0,0,12,12,4,3,12,0,0,0,1,32,89032,6,1,6,0,3,0,65,180,0,0,0,1,3,4,2008,2,2010,1,0,0,0,0,2,4,45,1,1,2,1,0,0,1,17,3,2,1,88,0,1
32,320105,1,1,1,4,7,17,19,30,0,1,0,32,1,12,471,12471,30,2004,1FTYR10D14PA,1,F,T,Y,R,1,0,D,1,4,P,A,0,T,FORD,RNG,PK,4,17,,1,1175,1116,RNG,G,,0,0,000000000,00000000000,0,0,0,1,0,0,0,0,0,0,0,60,0,0,0,12,98,6,2,30,0,0,0,1,32,89118,6,1,6,0,3,0,76,270,0,0,0,0,0,0,0,0,0,1,36,0,0,0,1,2,45,1,1,2,1,0,0,1,13,1,1,4,1,1,1
32,320106,1,2,2,4,7,20,42,8,0,1,1,32,1,12,401,12401,14,1991,1FMDU32X6MUA,1,F,M,D,U,3,2,X,6,M,U,A,0,P,FORD,EPR,UT,91,17,0,,0,1120,,G,,0,0,000000000,00000000000,0,0,0,1,0,0,0,0,0,0,0,998,0,0,0,11,11,4,3,8,0,0,0,1,32,89101,6,1,0,0,3,3,69,160,0,0,0,1,0,12,2009,12,2009,0,0,0,0,0,5,6,45,1,1,2,1,0,0,1,80,1,1,1,13,0,1
32,320106,2,2,1,4,7,20,42,8,0,1,1,99,9,99,999,99999,99,9999,999999999999,9,9,9,9,9,9,9,9,9,9,9,9,0,U,,,,9,17,,,,,,,,0,0,000000000,00000000000,0,0,0,1,0,0,0,0,0,0,0,998,0,0,0,14,99,9,1,8,0,0,0,1,99,99999,9,9,99,0,9,9,999,999,99,99,99,99,99,99,9999,99,9999,0,0,0,0,0,5,6,45,1,1,2,1,0,0,1,80,1,1,1,98,0,0
32,320107,1,1,1,5,7,14,33,9,0,1,0,32,3,20,421,20421,15,2010,1GNUKAE05AR1,1,G,N,U,K,A,E,0,5,A,R,1,0,P,CHEV,KTA,UT,10,17,5524,,0,1160,,F,,0,0,000000000,00000000000,0,0,0,1,0,0,0,0,0,0,0,43,0,0,0,1,1,4,3,9,0,0,0,1,32,89512,6,1,6,0,3,0,71,170,0,0,0,0,0,0,0,0,0,0,28,16,0,0,2,2,45,1,1,2,1,0,0,1,11,1,1,4,13,0,0
32,320108,1,1,1,6,7,6,17,8,0,1,0,32,1,20,481,20481,31,2001,1GCEC14W51Z1,1,G,C,E,C,1,4,W,5,1,Z,1,0,T,CHEV,SC1,PK,1,17,,2,1330,1190,SIL,G,,0,0,000000000,00000000000,0,0,0,1,0,0,0,0,0,0,0,45,0,0,0,12,12,4,1,8,0,0,0,1,32,89015,6,1,0,0,3,1,71,200,0,0,0,0,0,0,0,0,0,0,38,0,0,0,2,3,45,1,1,2,1,4,3,1,80,1,1,1,13,0,0
32,320109,1,2,1,6,7,7,0,12,7,1,0,32,1,35,473,35473,31,2005,1N6AA06B55N5,1,N,6,A,A,0,6,B,5,5,N,5,0,T,NISS,TXS,PC,5,17,,2,0,1398,TTN,G,,0,0,000000000,00000000000,0,0,0,1,0,0,0,0,0,0,0,67,0,1,5,1,13,6,2,1,0,0,0,1,32,89406,6,1,0,0,3,3,71,190,0,0,0,0,1,2,2010,2,2010,0,28,58,0,0,1,2,70,1,1,2,1,0,0,1,12,7,3,6,48,1,0
32,320109,2,2,1,6,7,7,0,12,7,1,0,32,1,49,403,49403,14,2005,JTEEP21A5501,J,T,E,E,P,2,1,A,5,5,0,1,0,P,TOYT,HIG,UT,5,17,3520,,0,1069,,G,,0,0,000000000,00000000000,0,0,0,1,0,0,0,0,0,0,0,63,0,1,5,7,61,6,2,1,0,0,0,1,32,89406,6,1,0,0,3,3,62,135,0,0,0,0,0,0,0,0,0,0,0,0,0,0,1,2,70,1,1,2,1,0,0,1,60,1,1,1,48,0,0
32,320110,1,2,1,7,7,13,15,12,6,1,0,32,1,12,481,12481,31,2003,1FTRX07W93KD,1,F,T,R,X,0,7,W,9,3,K,D,0,T,FORD,F15,4C,3,17,,2,0,1385,COF,G,,0,0,000000000,00000000000,0,0,0,1,0,0,0,0,0,0,0,73,0,1,2,4,62,6,2,1,0,0,0,1,32,89134,6,1,0,0,3,0,68,185,0,0,0,0,0,0,0,0,0,0,28,0,0,0,3,3,65,2,1,1,1,0,0,14,9,1,3,2,48,1,1
32,320110,2,2,1,7,7,13,15,12,6,1,0,32,3,20,403,20403,14,2006,1GNDS13S4621,1,G,N,D,S,1,3,S,4,6,2,1,0,P,CHEV,TRL,UT,6,17,4417,,0,1130,,G,,0,0,000000000,00000000000,0,0,0,1,0,0,0,0,0,0,0,67,0,0,0,11,62,4,3,12,0,0,0,1,32,89031,6,1,0,0,3,0,70,240,0,0,0,0,0,0,0,0,0,0,0,0,0,0,3,3,65,2,1,1,1,0,0,14,60,1,1,1,48,0,0
32,320111,1,2,1,7,7,17,17,12,6,1,0,6,1,35,39,35039,6,1983,JN1HU05S3DX0,J,N,1,H,U,0,5,S,3,D,X,0,0,P,DATS,MAX,SW,83,17,3095,,0,1034,,G,,0,0,000000000,00000000000,0,0,0,1,0,0,0,0,0,0,0,998,0,0,0,3,81,6,2,12,0,0,0,1,6,96151,6,1,0,0,3,0,999,999,0,0,0,0,0,0,0,0,0,0,38,0,0,0,5,5,30,1,1,2,1,0,0,11,15,1,1,2,68,1,0
32,320111,2,2,2,7,7,17,17,12,6,1,0,32,2,49,471,49471,40,1989,JT5VN94T9K00,J,T,5,V,N,9,4,T,9,K,0,0,0,T,TOYT,SLW,CB,89,17,,1,0,1370,CCH,G,,0,0,000000000,00000000000,0,0,0,1,0,0,0,0,0,0,0,52,0,0,0,12,12,6,2,12,0,0,0,1,32,89431,0,0,0,0,0,0,68,180,99,99,99,99,99,99,9999,99,9999,0,0,0,0,0,5,5,30,1,3,2,1,0,0,1,62,1,1,1,69,0,0
32,320112,1,1,1,8,7,12,14,8,0,1,0,6,2,12,3,12003,2,2006,1ZVHT80N0651,1,Z,V,H,T,8,0,N,0,6,5,1,0,P,FORD,MUS,CP,6,17,3351,,0,1071,,G,,0,0,000000000,00000000000,0,0,0,1,0,0,0,0,0,0,0,27,0,0,0,12,12,2,1,8,0,0,0,1,6,89104,6,1,0,0,3,0,70,180,0,0,0,0,0,0,0,0,0,0,0,0,0,0,2,3,45,1,1,2,1,2,3,1,80,1,1,1,13,0,0
32,320113,1,1,1,8,7,21,51,9,0,1,0,32,1,20,481,20481,31,2005,1GCEK19T55Z2,1,G,C,E,K,1,9,T,5,5,Z,2,0,T,CHEV,SK1,4C,5,17,,2,1575,1435,SIL,G,,0,0,000000000,00000000000,0,0,0,1,0,0,0,0,0,0,0,998,0,0,0,1,1,4,3,9,0,0,0,1,32,89509,6,1,0,0,3,1,73,225,0,0,0,0,0,0,0,0,0,0,0,0,0,0,2,2,30,1,2,2,1,0,0,1,83,1,1,1,13,0,0
32,320114,1,2,4,10,7,6,50,12,6,1,0,48,1,20,421,20421,15,2009,1GNEC233X9R2,1,G,N,E,C,2,3,3,X,9,R,2,0,P,CHEV,CTA,UT,9,17,5265,,0,1160,,F,,0,0,000000000,00000000000,0,0,0,1,0,0,0,0,0,0,0,18,0,0,0,3,3,6,2,12,0,0,0,1,48,79934,6,1,0,0,3,0,999,999,0,0,0,0,0,0,0,0,0,0,39,0,0,0,6,1,65,1,2,2,1,20,3,1,17,1,1,1,87,0,0
32,320114,2,2,2,10,7,6,50,12,6,1,0,6,1,19,481,19481,31,2007,3GYFK62877G2,3,G,Y,F,K,6,2,8,7,7,G,2,0,P,CADI,ESC,UT,7,17,5751,,0,1300,,G,,0,0,000000000,00000000000,0,0,0,1,0,0,0,0,0,0,0,61,0,0,0,12,12,6,2,12,0,0,0,1,6,92242,6,1,0,0,3,1,72,220,0,0,0,0,0,0,0,0,0,0,0,0,0,0,1,2,65,1,2,2,1,0,0,1,66,3,1,1,86,1,0
32,320115,1,1,2,10,7,21,10,8,0,1,1,32,1,55,36,55036,3,2007,KMHCM36C47U0,K,M,H,C,M,3,6,C,4,7,U,0,0,P,HYUN,AGS,2H,7,17,2467,,0,984,,G,,0,0,000000000,00000000000,0,0,0,1,0,0,0,0,0,0,0,998,0,0,0,11,11,4,1,8,0,0,0,1,32,89106,6,1,0,0,3,1,63,148,0,0,0,0,0,0,0,0,0,0,0,0,0,0,5,6,35,1,1,2,1,0,0,1,80,1,1,1,13,0,0
32,320116,1,2,1,11,7,0,30,12,6,1,0,92,0,37,706,37706,80,2002,JH2SC50062M0,J,H,2,S,C,5,0,0,6,2,M,0,0,M,HOND,CR9,RS,2,17,,,,,,,954,0,0,000000000,00000000000,0,0,0,1,0,0,0,0,0,0,0,60,0,0,0,12,12,6,2,12,0,0,0,1,32,89134,6,1,0,0,3,0,65,174,0,0,0,0,0,0,0,0,0,1,39,0,0,0,2,3,45,1,2,2,1,2,3,1,74,1,1,1,69,1,1
32,320116,2,2,4,11,7,0,30,12,6,1,0,26,2,7,24,7024,4,2008,2B3KA43G98H2,2,B,3,K,A,4,3,G,9,8,H,2,0,P,DODG,CHA,4D,8,17,3727,,0,1200,,G,,0,0,000000000,00000000000,0,0,0,1,0,0,0,0,0,0,0,18,0,0,0,3,3,4,3,12,0,0,0,1,26,89143,6,1,0,0,3,0,66,148,0,0,0,0,0,0,0,0,0,0,0,0,0,0,2,3,40,1,2,2,1,1,3,11,15,1,1,1,68,0,0
32,320117,1,1,1,13,7,6,42,33,0,1,0,32,1,72,706,72706,80,2003,1HD1GEV503K3,1,H,D,1,G,E,V,5,0,3,K,3,0,M,HD,FWA,RS,3,17,,,,,,,1450,0,0,000000000,00000000000,0,0,0,1,0,0,0,0,0,0,0,28,0,0,0,12,98,6,2,43,0,0,0,1,32,89406,6,1,0,0,3,0,70,170,0,0,0,0,0,0,0,0,0,0,0,0,0,0,1,2,25,1,1,2,1,0,0,1,13,1,2,4,2,1,1
32,320118,1,1,5,13,7,9,35,1,0,1,0,95,1,35,401,35401,14,1997,JN8AR05Y7VW1,J,N,8,A,R,0,5,Y,7,V,W,1,0,P,NISS,PFI,UT,97,17,3934,,0,1063,,G,,0,0,000000000,00000000000,0,0,0,1,0,0,0,0,0,0,0,73,0,1,2,0,98,6,2,1,0,0,0,1,95,0,6,1,0,0,3,0,65,154,99,99,99,99,99,99,9999,99,9999,0,80,0,0,0,2,4,75,1,1,2,1,0,0,1,1,7,3,4,2,1,0
32,320119,1,1,1,16,7,20,22,1,0,1,0,32,1,41,51,41051,4,2006,JM1BK12F1614,J,M,1,B,K,1,2,F,1,6,1,4,0,P,MAZD,M3I,4D,6,17,2696,,0,1039,,G,,0,0,000000000,00000000000,0,0,0,1,0,0,0,0,0,0,0,61,0,1,5,0,98,6,2,1,0,0,0,1,32,89012,6,1,0,0,3,1,62,135,0,0,0,0,0,0,0,0,0,0,0,0,0,0,3,3,65,1,2,1,1,0,0,1,9,1,3,4,2,1,0