STATE,ST_CASE,VEH_NO,VE_FORMS,NUMOCCS,DAY,MONTH,HOUR,MINUTE,HARM_EV,MAN_COLL,UNITTYPE,HIT_RUN,REG_STAT,OWNER,MAKE,MODEL,MAK_MOD,BODY_TYP,MOD_YEAR,VIN,VIN_1,VIN_2,VIN_3,VIN_4,VIN_5,VIN_6,VIN_7,VIN_8,VIN_9,VIN_10,VIN_11,VIN_12,TOW_VEH,VINTYPE,VINMAKE,VINA_MOD,VIN_BT,VINMODYR,VIN_LNGT,VIN_WGT,WGTCD_TR,WHLBS_LG,WHLBS_SH,SER_TR,FUELCODE,MCYCL_DS,J_KNIFE,MCARR_I1,MCARR_I2,MCARR_ID,GVWR,V_CONFIG,CARGO_BT,HAZ_INV,HAZ_PLAC,HAZ_ID,HAZ_CNO,HAZ_REL,BUS_USE,SPEC_USE,EMER_USE,TRAV_SP,UNDERIDE,ROLLOVER,ROLINLOC,IMPACT1,IMPACT2,DEFORMED,TOWED,M_HARM,VEH_SC1,VEH_SC2,FIRE_EXP,DR_PRES,L_STATE,DR_ZIP,L_STATUS,L_TYPE,CDL_STAT,L_ENDORS,L_COMPL,L_RESTRI,DR_HGT,DR_WGT,PREV_ACC,PREV_SUS,PREV_DWI,PREV_SPD,PREV_OTH,FIRST_MO,FIRST_YR,LAST_MO,LAST_YR,SPEEDREL,DR_SF1,DR_SF2,DR_SF3,DR_SF4,VTRAFWAY,VNUM_LAN,VSPD_LIM,VALIGN,VPROFILE,VPAVETYP,VSURCOND,VTRAFCON,VTCONT_F,P_CRASH1,P_CRASH2,P_CRASH3,PCRASH4,PCRASH5,ACC_TYPE,DEATHS,DR_DRINK
32,320155,2,2,1,12,9,2,19,12,1,1,0,32,1,98,709,98709,80,1998,4B7H84692VS0,4,B,7,H,8,4,6,9,2,V,S,0,0,U,,,,97,17,,,,,,,,0,0,000000000,00000000000,0,0,0,1,0,0,0,0,0,0,0,998,0,0,0,6,98,6,2,12,0,0,0,1,32,89102,6,1,0,0,3,2,73,205,0,1,0,0,0,7,2010,7,2010,0,74,0,0,0,2,3,45,1,1,2,1,0,0,1,53,1,1,1,25,1,1
32,320156,1,1,1,14,9,7,8,8,0,1,0,32,1,30,40,30040,4,2007,3VWGF81K37M0,3,V,W,G,F,8,1,K,3,7,M,0,0,P,VOLK,JET,4D,7,17,3193,,0,1015,,G,,0,0,000000000,00000000000,0,0,0,1,0,0,0,0,0,0,0,45,0,0,0,12,12,4,3,8,0,0,0,1,32,89081,6,1,0,0,3,1,68,170,1,0,0,0,0,8,2009,8,2009,0,39,0,0,0,2,3,45,1,1,2,1,2,3,1,80,1,1,1,13,0,0
32,320157,1,1,1,16,9,1,32,33,0,1,0,32,1,72,706,72706,80,2007,1HD1KB4157Y7,1,H,D,1,K,B,4,1,5,7,Y,7,0,M,HD,FHX,RS,7,17,,,,,,,1584,0,0,000000000,00000000000,0,0,0,1,0,0,0,0,0,0,0,63,0,0,0,12,98,6,2,17,0,0,0,1,32,89146,6,1,0,0,3,0,66,160,0,0,0,1,1,5,2008,5,2010,1,0,0,0,0,3,6,45,2,1,2,1,0,0,14,6,1,1,4,2,1,1
32,320158,1,1,1,16,9,11,20,1,0,1,0,32,1,20,481,20481,31,2004,2GCEK19T1413,2,G,C,E,K,1,9,T,1,4,1,3,0,T,CHEV,SK1,4C,4,17,,2,1575,1435,SIL,G,,0,0,000000000,00000000000,0,0,0,1,0,0,0,0,0,0,0,77,0,1,5,0,0,6,2,1,0,0,0,1,32,89048,6,1,0,0,3,0,65,255,0,0,0,0,0,0,0,0,0,0,58,0,0,0,1,2,70,1,2,2,1,0,0,1,10,7,3,4,2,1,0
32,320159,1,3,3,17,9,22,4,12,2,1,0,32,1,14,443,14443,20,1993,4M2DV11W7PDJ,4,M,2,D,V,1,1,W,7,P,D,J,0,P,MERC,VLR,SV,93,17,4047,,0,1120,,G,,0,0,000000000,00000000000,0,0,0,1,0,0,0,0,0,0,0,50,0,0,0,12,12,6,2,12,0,0,0,1,32,89706,6,1,0,0,3,1,76,205,0,0,0,1,0,11,2009,11,2009,0,28,0,0,0,2,3,45,1,1,2,1,0,0,1,10,1,1,2,50,0,0
32,320159,2,3,1,17,9,22,4,12,2,1,0,6,1,52,37,52037,2,2002,4A3AC54H22E1,4,A,3,A,C,5,4,H,2,2,E,1,0,P,MITS,ECG,2H,2,17,3120,,0,1008,,G,,0,0,000000000,00000000000,0,0,0,1,0,0,0,0,0,0,0,47,0,0,0,12,12,6,2,12,0,0,0,1,6,94550,6,1,0,0,3,1,68,120,0,0,0,0,0,0,0,0,0,0,0,0,0,0,2,3,45,1,1,2,1,0,0,1,62,1,1,1,51,0,1
32,320159,3,3,1,17,9,22,4,12,2,1,0,32,1,72,706,72706,80,2004,1HD1JBB124Y0,1,H,D,1,J,B,B,1,2,4,Y,0,0,M,HD,XDI,RS,4,17,,,,,,,1450,0,0,000000000,00000000000,0,0,0,1,0,0,0,0,0,0,0,47,0,0,0,12,12,6,2,12,0,0,0,1,32,89705,6,1,0,0,3,0,68,195,0,0,0,0,0,0,0,0,0,0,0,0,0,0,2,3,45,1,1,2,1,0,0,1,62,1,1,1,98,1,1
32,320160,1,1,1,19,9,17,4,1,0,1,0,49,3,7,482,7482,31,1998,3B7KF26D0WM2,3,B,7,K,F,2,6,D,0,W,M,2,0,T,DODG,250,PK,98,17,,2,0,1347,RPC,D,,0,0,000000000,00000000000,0,0,0,1,0,0,0,0,0,0,0,998,0,1,5,0,0,6,2,1,0,0,0,1,49,84760,6,1,6,0,3,0,73,175,98,0,0,0,1,8,2008,8,2008,1,0,0,0,0,1,2,99,2,2,5,11,0,0,14,13,1,1,5,1,1,0
32,320161,1,1,2,20,9,12,4,1,0,1,0,8,1,22,441,22441,20,2005,1GMDV33L25D1,1,G,M,D,V,3,3,L,2,5,D,1,0,T,PONT,SV6,ES,5,17,,1,0,1211,MON,G,,0,0,000000000,00000000000,0,0,0,1,0,0,0,0,0,0,0,73,0,1,3,0,0,6,2,1,0,0,0,1,8,80524,6,1,0,0,3,1,61,190,0,0,0,0,0,0,0,0,0,0,58,0,0,0,3,5,75,1,1,2,1,0,0,1,12,7,4,4,7,1,0
32,320162,1,2,2,20,9,12,25,12,6,1,0,6,4,55,33,55033,4,2011,5NPEB4ACXBH0,5,N,P,E,B,4,A,C,X,B,H,0,0,P,HYUN,SGL,4D,11,17,3161,,0,1100,,G,,0,0,000000000,00000000000,0,0,0,1,0,0,0,0,0,0,0,17,0,0,0,9,61,6,2,12,0,0,0,1,36,12783,6,1,0,0,3,1,73,999,3,0,0,0,0,10,2008,5,2009,0,38,0,0,0,1,3,55,1,1,2,1,20,3,4,15,1,1,1,89,2,0
32,320162,2,2,1,20,9,12,25,12,6,1,0,32,1,23,422,23422,15,2007,1GKFK13057J3,1,G,K,F,K,1,3,0,5,7,J,3,0,T,GMC,YUK,4W,7,17,,2,0,1160,YUK,F,,0,0,000000000,00000000000,0,0,0,1,0,0,0,0,0,0,0,73,0,0,0,12,12,6,2,12,0,0,0,1,32,89108,6,1,0,0,3,1,72,225,0,0,0,0,0,0,0,0,0,0,0,0,0,0,2,4,65,1,2,2,1,0,0,1,67,8,2,2,88,0,0
32,320163,1,2,1,20,9,16,46,12,6,1,0,32,3,89,881,89881,63,1986,1WXDCCMD5GU0,1,W,X,D,C,C,M,D,5,G,U,0,0,T,WHIT,XWX,TL,86,17,,8,2090,1010,XPD,D,,0,57,000179767,57000179767,3,2,4,1,0,0,0,0,0,0,0,47,0,0,0,9,9,2,1,12,0,0,0,1,32,89406,6,1,0,0,2,1,72,260,0,0,0,1,0,4,2009,4,2009,0,39,0,0,0,1,2,35,1,1,2,1,20,3,1,17,1,1,1,89,0,0
32,320163,2,2,1,20,9,16,46,12,6,1,0,32,1,73,706,73706,80,1986,JKAZXCA16GB5,J,K,A,Z,X,C,A,1,6,G,B,5,0,M,KAWK,ZX0,RS,86,17,,,,,,,1000,0,0,000000000,00000000000,0,0,0,1,0,0,0,0,0,0,0,57,0,0,0,12,98,6,2,12,0,0,0,1,32,89447,6,1,0,0,3,0,70,175,0,0,0,3,0,1,2008,10,2008,0,0,0,0,0,1,2,60,1,1,2,1,0,0,1,66,1,1,1,88,1,0
32,320164,1,2,1,23,9,21,10,12,2,1,0,32,1,73,706,73706,80,2002,JKAKZCP292B5,J,K,A,K,Z,C,P,2,9,2,B,5,0,M,KAWK,KZ1,RS,2,17,,,,,,,1000,0,0,000000000,00000000000,0,0,0,1,0,0,0,0,0,0,0,65,0,0,0,12,98,6,2,12,0,0,1,1,16,83328,6,1,6,0,3,0,74,260,0,0,0,0,1,1,2010,1,2010,0,28,0,0,0,1,2,70,1,2,2,1,0,0,1,10,1,1,2,50,1,0
32,320164,2,2,3,23,9,21,10,12,2,1,0,32,1,7,482,7482,40,2003,3D7MA48C23G7,3,D,7,M,A,4,8,C,2,3,G,7,1,T,DODG,SQ3,CW,3,17,,3,0,1600,RPC,D,,1,88,888888888,88888888888,2,4,97,1,0,0,0,0,0,0,0,65,0,0,0,12,61,6,2,12,0,0,0,1,32,89061,6,1,6,0,3,1,71,190,0,0,0,0,0,0,0,0,0,0,0,0,0,0,1,2,70,1,2,2,1,0,0,1,62,7,1,2,51,0,0
32,320165,1,2,1,23,9,23,14,12,2,1,0,6,1,20,22,20022,2,2010,1G1AD1F56A72,1,G,1,A,D,1,F,5,6,A,7,2,0,P,CHEV,BLT,CP,10,17,2991,,0,1033,,G,,0,0,000000000,00000000000,0,0,0,1,0,0,0,0,0,0,0,63,0,0,0,12,12,4,3,12,0,0,0,1,6,94122,6,1,0,0,3,1,68,165,0,0,0,0,0,0,0,0,0,0,50,0,0,0,2,2,65,1,1,2,1,0,0,1,54,1,1,1,52,0,0
32,320165,2,2,1,23,9,23,14,12,2,1,0,6,1,37,705,37705,80,2003,JH2RC448X3M7,J,H,2,R,C,4,4,8,X,3,M,7,0,M,HOND,T7B,RS,3,17,,,,,,,745,0,0,000000000,00000000000,0,0,0,1,0,0,0,0,0,0,0,63,0,0,0,12,98,6,2,12,0,0,0,1,6,92285,6,1,0,0,3,1,65,135,0,0,0,0,0,0,0,0,0,0,0,0,0,0,2,2,65,1,1,2,1,0,0,1,54,1,1,1,52,1,1
32,320166,1,1,3,26,9,14,50,31,0,1,0,32,2,49,33,49033,3,2004,JTDDR32T9401,J,T,D,D,R,3,2,T,9,4,0,1,0,P,TOYT,CGF,2L,4,17,2425,,0,1023,,G,,0,0,000000000,00000000000,0,0,0,1,0,0,0,0,0,0,0,89,0,1,4,12,98,6,2,1,0,0,0,1,32,89031,6,1,0,0,3,0,64,99,1,0,0,0,0,11,2009,11,2009,1,0,0,0,0,6,1,75,2,2,2,1,0,0,15,6,6,4,5,7,1,0
32,320167,1,1,1,26,9,23,0,1,0,1,0,32,1,73,706,73706,80,2005,JKBVNKA145A0,J,K,B,V,N,K,A,1,4,5,A,0,0,M,KAWK,V6A,RS,5,17,,,,,,,1552,0,0,000000000,00000000000,0,0,0,1,0,0,0,0,0,0,0,67,0,0,0,0,0,6,2,1,0,0,0,1,32,89005,6,1,0,0,3,0,70,205,0,0,0,0,0,0,0,0,0,1,0,0,0,0,1,2,55,2,2,2,1,0,0,14,13,3,2,4,2,1,1
32,320168,1,1,1,1,10,20,55,1,0,1,0,32,1,72,706,72706,80,2005,1HD1BHY195Y0,1,H,D,1,B,H,Y,1,9,5,Y,0,0,M,HD,FXT,RS,5,17,,,,,,,1450,0,0,000000000,00000000000,0,0,0,1,0,0,0,0,0,0,0,75,0,0,0,0,0,6,2,1,0,0,0,1,32,89131,6,1,0,0,3,3,68,201,0,0,0,0,0,0,0,0,0,1,0,0,0,0,2,2,65,1,1,2,1,0,0,1,6,1,2,4,2,1,0
32,320169,1,1,3,2,10,6,35,31,0,1,0,32,2,20,421,20421,15,2002,1GNEK13Z32R2,1,G,N,E,K,1,3,Z,3,2,R,2,0,P,CHEV,KTA,UT,2,17,5050,,0,1160,,F,,0,0,000000000,00000000000,0,0,0,1,0,0,0,0,0,0,0,70,0,1,2,12,98,6,2,1,0,0,0,1,32,89442,0,0,0,0,0,0,67,240,0,0,0,0,0,0,0,0,0,0,58,0,0,0,2,4,70,1,1,2,1,0,0,1,12,7,1,4,6,1,1
32,320170,1,1,1,3,10,9,45,1,0,1,0,4,1,18,401,18401,14,2002,3G5DA03E22S5,3,G,5,D,A,0,3,E,2,2,S,5,0,P,BUIC,RZV,UT,2,17,4024,,0,1122,,G,,0,0,000000000,00000000000,0,0,0,1,0,0,0,0,0,0,0,65,0,1,6,0,0,6,2,1,32,0,0,1,4,86442,6,1,0,0,3,3,74,195,0,0,0,0,0,0,0,0,0,1,0,0,0,0,2,4,65,2,2,2,2,0,0,14,6,8,4,4,2,1,0
32,320171,1,1,1,3,10,12,0,8,0,1,0,32,1,20,471,20471,30,2001,1GCDT13W91K1,1,G,C,D,T,1,3,W,9,1,K,1,0,T,CHEV,S14,CW,1,17,,1,0,1227,S,G,,0,0,000000000,00000000000,0,0,0,1,0,0,0,0,0,0,0,25,0,0,0,12,12,4,3,8,0,0,0,1,32,89433,6,1,0,0,3,3,68,210,0,0,0,0,0,0,0,0,0,0,0,0,0,0,1,2,25,1,1,2,2,0,0,1,80,1,1,1,13,0,0
32,320172,1,1,3,4,10,17,8,31,0,1,0,6,4,55,36,55036,4,2010,KMHCN4AC3AU4,K,M,H,C,N,4,A,C,3,A,U,4,0,P,HYUN,ALS,4D,10,17,2365,,0,984,,G,,0,0,000000000,00000000000,0,0,0,1,0,0,0,0,0,0,0,70,0,1,3,3,98,6,2,1,0,0,0,1,4,86429,6,1,0,0,3,0,61,140,0,0,0,0,0,0,0,0,0,0,58,0,0,0,2,2,65,1,1,2,1,0,0,1,12,9,3,4,7,1,0
32,320173,1,1,1,5,10,17,10,14,0,1,0,17,3,51,881,51881,66,2000,4V4ND3TJXYN7,4,V,4,N,D,3,T,J,X,Y,N,7,1,T,VOLV,VVN,DS,0,17,,8,0,0,VVN,D,,1,57,000990077,57000990077,3,6,1,1,0,0,0,0,0,0,0,71,0,0,0,5,81,2,1,14,0,0,0,1,17,60103,6,1,6,1,3,0,71,160,0,0,0,1,0,5,2008,5,2008,0,28,0,0,0,2,2,75,1,1,2,2,0,0,1,11,6,1,4,1,0,0
32,320174,1,2,1,6,10,7,21,12,6,1,0,92,0,98,701,98701,81,2006,3CG3A6A44630,3,C,G,3,A,6,A,4,4,6,3,0,0,U,,,,6,17,,,,,,,,0,0,000000000,00000000000,0,0,0,1,0,0,0,0,0,0,0,998,0,0,0,3,98,6,2,12,0,0,0,1,32,89115,0,0,0,0,0,0,72,220,99,99,99,99,99,99,9999,99,9999,0,38,48,0,0,2,3,45,1,1,2,1,0,0,11,10,1,1,1,68,1,0
32,320174,2,2,1,6,10,7,21,12,6,1,0,32,1,35,39,35039,4,2006,1N4BA41E36C8,1,N,4,B,A,4,1,E,3,6,C,8,0,P,NISS,MEL,4D,6,17,3359,,0,1112,,G,,0,0,000000000,00000000000,0,0,0,1,0,0,0,0,0,0,0,20,0,0,0,12,12,4,3,12,0,0,0,1,32,89081,6,1,0,0,3,0,66,140,0,0,0,0,0,0,0,0,0,0,0,0,0,0,2,3,45,1,1,2,1,0,0,1,62,1,1,1,69,0,0
32,320175,1,2,1,6,10,17,25,1,0,1,0,32,1,20,461,20461,21,1986,2G8EG25C3G41,2,G,8,E,G,2,5,C,3,G,4,1,0,P,CHEV,SPT,SV,86,17,4079,,0,1250,,D,,0,0,000000000,00000000000,0,0,0,1,0,0,0,0,0,0,0,16,0,0,0,3,3,2,1,12,0,0,0,1,32,89120,6,1,0,0,3,0,73,175,0,0,0,0,0,0,0,0,0,0,39,0,0,0,1,2,25,1,1,2,1,20,3,1,17,1,1,1,98,0,0
32,320175,2,2,1,6,10,17,25,1,0,1,0,32,1,37,703,37703,80,2002,JH2MC13052K8,J,H,2,M,C,1,3,0,5,2,K,8,0,M,HOND,CMX,RS,2,17,,,,,,,234,0,0,000000000,00000000000,0,0,0,1,0,0,0,0,0,0,0,42,0,0,0,0,98,6,2,12,0,0,0,1,32,89112,6,1,0,0,3,3,71,220,0,0,0,0,0,0,0,0,0,0,0,0,0,0,1,3,45,1,1,2,1,0,0,1,66,3,2,1,98,1,0
32,320176,1,1,3,9,10,20,3,1,0,1,0,6,1,49,50,49050,3,2009,JTKDE167X902,J,T,K,D,E,1,6,7,X,9,0,2,0,P,TOYT,SXC,LB,9,17,2905,,0,1063,,G,,0,0,000000000,00000000000,0,0,0,1,0,0,0,0,0,0,0,73,0,2,5,0,0,6,2,1,0,0,0,1,6,92701,6,1,0,0,3,3,64,118,0,0,0,0,0,0,0,0,0,0,58,0,0,0,3,3,70,1,1,2,1,0,0,1,13,7,4,5,2,1,0
32,320177,1,2,1,10,10,19,15,12,2,1,0,6,3,98,709,98709,80,2008,SMCM1BBB58X0,S,M,C,M,1,B,B,B,5,8,X,0,0,U,,,,8,17,,,,,,,,0,0,000000000,00000000000,0,0,0,1,0,0,0,0,0,0,0,53,0,0,0,12,98,6,2,12,0,0,0,1,32,89449,6,1,0,0,3,0,63,180,0,0,0,0,0,0,0,0,0,0,23,0,0,0,1,2,55,1,1,2,1,0,0,1,62,1,1,1,69,1,0
32,320177,2,2,1,10,10,19,15,12,2,1,0,32,1,23,471,23471,30,2002,1GTDT13W62K1,1,G,T,D,T,1,3,W,6,2,K,1,0,T,GMC,SON,CW,2,17,,1,0,1229,SON,G,,0,0,000000000,00000000000,0,0,0,1,0,0,0,0,0,0,0,23,0,0,0,12,12,4,3,12,0,0,0,1,32,89410,6,1,0,0,3,0,73,220,0,0,0,0,0,0,0,0,0,0,0,0,0,0,1,2,55,1,1,2,1,0,0,11,15,1,1,1,68,0,1
32,320178,1,1,1,15,10,20,8,8,0,1,0,4,4,12,461,12461,22,2007,1FDXE45S77DA,1,F,D,X,E,4,5,S,7,7,D,A,0,T,FORD,4DC,YY,7,17,,4,1760,1580,CTV,G,,0,0,000000000,00000000000,0,0,0,1,0,0,0,0,0,0,0,70,0,0,0,12,12,4,3,8,0,0,0,1,4,85748,6,1,0,0,3,1,65,195,0,0,0,0,0,0,0,0,0,0,0,0,0,0,1,2,70,1,1,2,1,0,0,1,80,4,1,1,13,0,0
32,320179,1,1,3,1,8,17,26,8,0,1,0,32,1,48,38,48038,4,1996,JF1GC4358TH5,J,F,1,G,C,4,3,5,8,T,H,5,0,P,SUBA,IL4,4D,96,17,2685,,0,992,,G,,0,0,000000000,00000000000,0,0,0,1,0,0,0,0,0,0,0,45,0,0,0,12,12,6,2,8,0,0,0,1,32,89014,1,1,0,0,2,0,63,130,0,2,0,0,0,1,2010,2,2010,0,0,0,0,0,3,4,45,1,1,2,1,2,3,1,80,1,1,1,13,0,0
32,320180,1,2,1,27,8,10,20,12,6,1,0,32,1,73,705,73705,80,2009,JKAEXVD109A1,J,K,A,E,X,V,D,1,0,9,A,1,0,M,KAWK,E5D,RC,9,17,,,,,,,498,0,0,000000000,00000000000,0,0,0,1,0,0,0,0,0,0,0,50,0,0,0,12,12,6,2,12,0,0,1,1,32,89015,6,1,0,0,3,3,72,222,0,0,0,1,0,2,2010,2,2010,1,0,0,0,0,3,4,45,1,1,2,1,0,0,1,62,1,1,1,69,1,1
32,320180,2,2,4,27,8,10,20,12,6,1,0,32,1,7,442,7442,20,2007,2D4GP44L87R2,2,D,4,G,P,4,4,L,8,7,R,2,0,P,DODG,CAR,SV,7,17,4252,,0,1193,,G,,0,0,000000000,00000000000,0,0,0,1,0,0,0,0,0,0,0,15,0,0,0,3,3,6,2,12,0,0,0,1,32,89014,6,1,0,0,3,3,66,150,0,0,0,0,2,8,2007,12,2009,0,0,0,0,0,3,4,45,1,1,2,1,0,0,11,10,10,1,1,68,0,0
32,320181,1,2,1,16,10,8,48,12,6,1,0,32,1,20,16,20016,2,1983,1G1AD27P3DJ2,1,G,1,A,D,2,7,P,3,D,J,2,0,P,CHEV,CCS,CP,83,17,2374,,0,1012,,G,,0,0,000000000,00000000000,0,0,0,1,0,0,0,0,0,0,0,16,0,0,0,9,61,6,2,12,0,0,0,1,32,89106,6,1,0,0,3,0,71,180,0,0,0,0,0,0,0,0,0,0,38,0,0,0,1,2,25,1,1,2,1,20,3,11,15,1,1,1,82,1,0
32,320181,2,2,1,16,10,8,48,12,6,1,0,32,1,63,33,63033,4,2003,KNAFB1618351,K,N,A,F,B,1,6,1,8,3,5,1,0,P,KIA,SSX,4H,3,17,2686,,0,1008,,G,,0,0,000000000,00000000000,0,0,0,1,0,0,0,0,0,0,0,42,0,0,0,12,12,4,3,12,0,0,0,1,32,89011,6,1,0,0,3,3,63,175,1,0,0,0,0,11,2009,11,2009,0,0,0,0,0,2,3,45,1,2,2,1,0,0,1,66,6,1,2,83,0,0
32,320182,1,1,1,16,10,21,44,1,0,1,0,32,1,72,706,72706,80,2003,1HD1BXB123Y0,1,H,D,1,B,X,B,1,2,3,Y,0,0,M,HD,ISF,RS,3,17,,,,,,,1450,0,0,000000000,00000000000,0,0,0,1,0,0,0,0,0,0,0,53,0,0,0,0,0,6,2,1,0,0,0,1,32,89705,6,1,0,0,3,0,70,210,0,0,0,0,0,0,0,0,0,0,0,0,0,0,1,2,55,3,1,2,1,0,0,14,13,1,1,4,1,1,1
32,320183,1,2,1,18,10,18,31,12,6,1,0,32,1,55,35,55035,6,1999,KMHJW25F8XU1,K,M,H,J,W,2,5,F,8,X,U,1,0,P,HYUN,ELL,SW,99,17,2648,,0,1004,,G,,0,0,000000000,00000000000,0,0,0,1,0,0,0,0,0,0,0,13,0,0,0,11,98,6,2,12,0,0,0,1,32,89048,6,1,0,0,3,0,62,185,0,0,0,0,0,0,0,0,0,0,38,0,0,0,1,2,45,1,1,2,1,20,3,3,17,1,1,1,89,1,0
32,320183,2,2,3,18,10,18,31,12,6,1,0,32,2,12,481,12481,31,2004,1FTNW21P84EA,1,F,T,N,W,2,1,P,8,4,E,A,0,T,FORD,F2S,CW,4,17,,2,1724,1562,SRW,D,,0,0,000000000,00000000000,0,0,0,1,0,0,0,0,0,0,0,53,0,1,5,12,98,6,2,1,0,0,0,1,32,89061,6,1,6,0,3,0,70,180,0,0,0,0,0,0,0,0,0,0,0,0,0,0,1,2,55,1,1,2,1,0,0,1,66,1,1,1,88,0,0
32,320184,1,2,1,19,10,10,45,12,1,1,0,32,1,73,705,73705,80,2000,JKAZX4J15YA0,J,K,A,Z,X,4,J,1,5,Y,A,0,0,M,KAWK,ZXJ,RS,0,17,,,,,,,600,0,0,000000000,00000000000,0,0,0,1,0,0,0,0,0,0,0,27,0,0,0,12,98,6,2,12,0,0,0,1,32,89032,6,1,0,0,3,0,69,160,0,0,0,0,0,0,0,0,0,0,36,27,0,0,2,4,45,1,3,1,1,0,0,6,11,1,1,2,20,1,0
32,320184,2,2,1,19,10,10,45,12,1,1,0,32,1,12,471,12471,30,2004,1FTYR14U74PB,1,F,T,Y,R,1,4,U,7,4,P,B,0,T,FORD,RNS,PS,4,17,,1,0,1257,RNG,G,,0,0,000000000,00000000000,0,0,0,1,0,0,0,0,0,0,0,0,0,0,0,6,6,4,1,12,0,0,0,1,32,89081,0,0,0,0,0,0,999,999,99,99,99,99,99,99,9999,99,9999,0,0,0,0,0,2,4,45,1,3,1,1,0,0,5,53,1,1,1,21,0,0
32,320185,1,2,2,19,10,20,40,1,0,1,0,16,2,23,421,23421,15,2003,1GKFK16ZX3J1,1,G,K,F,K,1,6,Z,X,3,J,1,0,T,GMC,KX1,4W,3,17,,2,0,1300,YUK,F,,0,0,000000000,00000000000,0,0,0,1,0,0,0,0,0,0,0,60,0,1,3,0,98,6,2,1,0,0,0,1,6,95571,6,1,0,0,3,1,70,170,0,0,0,0,0,0,0,0,0,0,58,0,0,0,2,4,75,1,2,2,1,0,0,1,12,7,4,4,7,1,0
32,320185,2,2,1,19,10,20,40,1,0,1,0,32,3,23,421,23421,15,2005,1GKEK13Z05R2,1,G,K,E,K,1,3,Z,0,5,R,2,0,T,GMC,YUK,4W,5,17,,2,0,1160,YUK,F,,0,0,000000000,00000000000,0,0,0,1,0,0,0,0,0,0,0,75,0,0,0,12,61,6,2,12,0,0,0,1,32,89509,6,1,0,0,3,1,72,200,0,0,0,1,0,7,2009,7,2009,0,0,0,0,0,2,4,75,1,2,2,1,0,0,1,50,1,1,1,98,0,0
32,320186,1,1,1,21,10,12,26,33,0,1,0,0,0,99,701,99701,81,2009,LHJTLB1F89BL,L,H,J,T,L,B,1,F,8,9,B,L,0,U,,,,9,17,,,,,,,,0,0,000000000,00000000000,0,0,0,1,0,0,0,0,0,0,0,40,0,0,0,83,81,2,3,30,0,0,0,1,32,89131,6,1,0,0,3,0,68,195,0,0,0,0,0,0,0,0,0,0,0,0,0,0,5,6,45,1,1,2,1,0,0,1,13,1,1,4,1,1,0
32,320187,1,1,2,22,10,12,4,1,0,1,0,32,1,6,52,6052,6,2002,3C8FY68B12T2,3,C,8,F,Y,6,8,B,1,2,T,2,0,P,CHRY,PTC,SV,2,17,3119,,0,1033,,G,,0,0,000000000,00000000000,0,0,0,1,0,0,0,0,0,0,0,73,0,1,5,0,0,6,2,1,0,0,0,1,32,89081,6,1,0,0,3,0,65,150,0,0,0,0,1,1,2009,1,2009,0,58,0,0,0,3,4,65,1,1,2,1,0,0,1,9,1,3,4,2,1,0
32,320188,1,2,1,22,10,12,25,12,1,1,0,32,1,12,401,12401,14,1997,1FMDU35P7VZA,1,F,M,D,U,3,5,P,7,V,Z,A,0,P,FORD,EPR,UT,97,17,4166,,0,1115,,G,,0,0,000000000,00000000000,0,0,0,1,0,0,0,0,0,0,0,78,0,0,0,12,12,6,2,12,0,0,0,1,32,89445,6,1,0,0,3,3,66,180,0,0,0,0,0,0,0,0,0,0,8,26,0,0,2,4,75,1,2,2,1,0,0,1,51,1,1,1,24,1,1
32,320188,2,2,1,22,10,12,25,12,1,1,0,49,3,82,881,82881,66,1999,1FUYDSEB0XPB,1,F,U,Y,D,S,E,B,0,X,P,B,2,T,FRHT,FLD,DS,99,17,,8,0,0,CON,D,,1,57,001692447,57001692447,3,7,1,1,0,0,0,0,0,0,0,47,0,0,0,6,6,2,1,12,0,0,0,1,49,84010,6,1,6,1,3,0,70,180,98,0,0,0,0,0,0,0,0,0,0,0,0,0,2,4,75,1,2,2,1,0,0,1,53,1,1,1,25,0,0
32,320189,1,2,1,23,10,13,15,12,1,1,0,6,1,72,706,72706,80,2009,1HD1FF4349Y6,1,H,D,1,F,F,4,3,4,9,Y,6,0,M,HD,FHC,RS,9,17,,,,,,,1584,0,0,000000000,00000000000,0,0,0,1,0,0,0,0,0,0,0,40,0,0,0,12,61,4,1,12,0,0,0,1,6,90505,6,1,0,0,3,0,69,185,0,0,0,0,0,0,0,0,0,0,26,0,0,0,1,2,55,1,1,2,1,0,0,1,52,1,1,1,28,1,0
32,320189,2,2,1,23,10,13,15,12,1,1,0,6,1,72,706,72706,80,2008,1HD1FC4398Y6,1,H,D,1,F,C,4,3,9,8,Y,6,0,M,HD,FLU,RS,8,17,,,,,,,1584,0,0,000000000,00000000000,0,0,0,1,0,0,0,0,0,0,0,40,0,0,0,6,6,4,1,12,0,0,0,1,6,93591,6,1,0,0,3,0,74,220,0,0,0,0,0,0,0,0,0,0,0,0,0,0,1,2,55,1,1,2,1,0,0,2,53,1,1,1,29,0,0
32,320190,1,1,1,24,10,21,5,1,0,1,0,32,2,20,482,20482,31,2005,3GNEK12Z55G1,3,G,N,E,K,1,2,Z,5,5,G,1,0,P,CHEV,AVL,UT,5,17,5678,,0,1300,,F,,0,0,000000000,00000000000,0,0,0,1,0,0,0,0,0,0,0,75,0,1,3,0,0,6,2,1,0,0,0,1,32,89523,6,1,0,0,3,0,73,235,0,1,1,0,0,3,2010,4,2010,0,58,0,0,0,2,4,75,1,1,2,2,0,0,1,12,7,1,5,6,1,0