STATE,ST_CASE,VEH_NO,VE_FORMS,NUMOCCS,DAY,MONTH,HOUR,MINUTE,HARM_EV,MAN_COLL,UNITTYPE,HIT_RUN,REG_STAT,OWNER,MAKE,MODEL,MAK_MOD,BODY_TYP,MOD_YEAR,VIN,VIN_1,VIN_2,VIN_3,VIN_4,VIN_5,VIN_6,VIN_7,VIN_8,VIN_9,VIN_10,VIN_11,VIN_12,TOW_VEH,VINTYPE,VINMAKE,VINA_MOD,VIN_BT,VINMODYR,VIN_LNGT,VIN_WGT,WGTCD_TR,WHLBS_LG,WHLBS_SH,SER_TR,FUELCODE,MCYCL_DS,J_KNIFE,MCARR_I1,MCARR_I2,MCARR_ID,GVWR,V_CONFIG,CARGO_BT,HAZ_INV,HAZ_PLAC,HAZ_ID,HAZ_CNO,HAZ_REL,BUS_USE,SPEC_USE,EMER_USE,TRAV_SP,UNDERIDE,ROLLOVER,ROLINLOC,IMPACT1,IMPACT2,DEFORMED,TOWED,M_HARM,VEH_SC1,VEH_SC2,FIRE_EXP,DR_PRES,L_STATE,DR_ZIP,L_STATUS,L_TYPE,CDL_STAT,L_ENDORS,L_COMPL,L_RESTRI,DR_HGT,DR_WGT,PREV_ACC,PREV_SUS,PREV_DWI,PREV_SPD,PREV_OTH,FIRST_MO,FIRST_YR,LAST_MO,LAST_YR,SPEEDREL,DR_SF1,DR_SF2,DR_SF3,DR_SF4,VTRAFWAY,VNUM_LAN,VSPD_LIM,VALIGN,VPROFILE,VPAVETYP,VSURCOND,VTRAFCON,VTCONT_F,P_CRASH1,P_CRASH2,P_CRASH3,PCRASH4,PCRASH5,ACC_TYPE,DEATHS,DR_DRINK
32,320191,1,1,1,29,10,0,35,15,0,1,0,32,2,35,47,35047,4,2006,1N4AL11D16N4,1,N,4,A,L,1,1,D,1,6,N,4,0,P,NISS,ASL,4D,6,17,2915,,0,1102,,G,,0,0,000000000,00000000000,0,0,0,1,0,0,0,0,0,0,0,45,0,0,0,1,1,4,1,15,0,0,0,1,8,80205,4,1,0,0,2,0,74,185,0,4,0,1,1,4,2009,6,2010,0,0,0,0,0,6,2,65,1,1,1,1,0,0,1,80,3,2,1,13,0,0
32,320192,1,1,1,23,10,3,46,8,0,1,0,32,1,13,1,13001,4,2007,1LNHM81W37Y6,1,L,N,H,M,8,1,W,3,7,Y,6,0,P,LINC,SIG,4D,7,17,4345,,0,1177,,G,,0,0,000000000,00000000000,0,0,0,1,0,0,0,0,0,0,0,43,0,0,0,12,12,4,1,8,0,0,0,1,32,89121,6,1,0,0,3,1,63,125,0,0,0,0,0,0,0,0,0,0,0,0,0,0,2,3,45,1,1,2,1,2,3,1,80,1,1,1,13,0,0
32,320193,1,1,2,30,10,2,43,33,0,1,0,32,2,35,39,35039,4,2004,1N4BA41E44C9,1,N,4,B,A,4,1,E,4,4,C,9,0,P,NISS,MEL,4D,4,17,3310,,0,1112,,G,,0,0,000000000,00000000000,0,0,0,1,0,0,0,0,0,0,0,79,0,0,0,1,12,6,2,39,0,0,0,1,32,89123,0,0,0,0,0,0,999,999,99,99,99,99,99,99,9999,99,9999,1,0,0,0,0,1,4,45,1,1,2,1,0,0,1,13,1,1,4,1,1,1
32,320194,1,1,1,16,10,18,36,8,0,1,0,32,1,21,401,21401,14,1999,1GHDT13W0X27,1,G,H,D,T,1,3,W,0,X,2,7,0,P,OLDS,BRA,UT,99,17,4068,,0,1070,,G,,0,0,000000000,00000000000,0,0,0,1,0,0,0,0,0,0,0,998,0,0,0,12,12,4,3,8,0,0,0,1,32,89503,6,1,0,0,3,1,65,135,0,0,0,0,0,0,0,0,0,0,0,0,0,0,2,2,35,1,2,2,1,0,0,1,80,1,1,1,13,0,0
32,320195,1,1,1,25,10,21,52,8,0,1,0,32,2,54,31,54031,3,1996,JH4DC4450TS0,J,H,4,D,C,4,4,5,0,T,S,0,0,P,ACUR,ILS,2H,96,17,2614,,0,1012,,G,,0,0,000000000,00000000000,0,0,0,1,0,0,0,0,0,0,0,998,0,0,0,11,11,2,3,8,0,0,0,1,32,89061,6,1,0,0,3,0,70,170,0,0,0,0,0,0,0,0,0,0,0,0,0,0,1,2,99,1,1,2,1,0,0,1,80,1,1,1,13,0,0
32,320196,1,1,2,5,11,20,29,8,0,1,0,4,1,35,473,35473,31,2004,1N6AA06A54N5,1,N,6,A,A,0,6,A,5,4,N,5,0,T,NISS,TXS,PC,4,17,,2,0,1398,TTN,G,,0,0,000000000,00000000000,0,0,0,1,0,0,0,0,0,0,0,998,0,0,0,14,14,0,1,8,0,0,0,1,4,85353,6,1,0,0,3,0,65,135,0,0,0,0,0,0,0,0,0,0,0,0,0,0,1,2,25,1,2,2,1,0,0,8,80,1,1,1,13,0,0
32,320197,1,1,2,5,11,22,29,30,0,1,0,48,1,12,471,12471,30,1996,1FTCR10A7TPA,1,F,T,C,R,1,0,A,7,T,P,A,0,T,FORD,RNG,PK,96,17,,1,1140,1080,RNG,G,,0,0,000000000,00000000000,0,0,0,1,0,0,0,0,0,0,0,53,0,0,0,12,12,6,2,30,0,0,0,1,6,91766,0,0,0,0,0,0,69,140,0,0,0,0,0,0,0,0,0,1,0,0,0,0,2,2,45,1,1,2,1,3,3,10,6,3,2,4,2,2,1
32,320198,1,2,1,6,11,15,44,12,2,1,0,32,1,49,40,49040,4,1992,4T1VK12E2NU0,4,T,1,V,K,1,2,E,2,N,U,0,0,P,TOYT,CLE,4D,92,17,3053,,0,1031,,G,,0,0,000000000,00000000000,0,0,0,1,0,0,0,0,0,0,0,37,0,0,0,12,11,6,2,12,32,0,0,1,32,89523,6,1,0,0,3,1,68,135,1,2,0,0,0,3,2008,5,2010,0,28,0,0,0,1,2,45,1,1,2,1,0,0,1,13,6,1,2,50,1,1
32,320198,2,2,1,6,11,15,44,12,2,1,0,32,1,12,471,12471,30,1993,1FTCR14AXPPA,1,F,T,C,R,1,4,A,X,P,P,A,0,T,FORD,RNS,PS,93,17,,1,0,1250,RNG,G,,0,0,000000000,00000000000,0,0,0,1,0,0,0,0,0,0,0,37,0,0,0,12,11,6,2,12,0,0,0,1,32,89433,6,1,0,0,3,0,63,120,0,0,0,0,0,0,0,0,0,0,0,0,0,0,1,2,45,1,1,2,1,0,0,1,62,1,1,1,51,0,0
32,320199,1,1,3,6,11,21,23,8,0,1,0,32,2,38,402,38402,14,2001,4S2CK58W2143,4,S,2,C,K,5,8,W,2,1,4,3,0,P,ISU,ROD,UT,1,17,3856,,0,1064,,G,,0,0,000000000,00000000000,0,0,0,1,0,0,0,0,0,0,0,47,0,0,0,12,1,4,1,8,0,0,0,1,32,89030,6,1,0,0,3,0,72,290,0,1,0,1,2,12,2008,12,2009,0,0,0,0,0,2,3,45,1,1,2,1,0,0,1,80,1,1,1,13,0,0
32,320200,1,1,3,6,11,23,10,39,0,1,0,32,1,49,401,49401,14,2000,JT3HN86R8Y03,J,T,3,H,N,8,6,R,8,Y,0,3,0,P,TOYT,RUN,UT,0,17,3885,,0,1053,,G,,0,0,000000000,00000000000,0,0,0,1,0,0,0,0,0,0,0,998,0,0,0,5,5,6,2,39,0,0,0,1,32,89011,6,1,0,0,3,0,69,135,0,0,0,0,0,0,0,0,0,1,0,0,0,0,1,2,45,2,2,2,2,0,0,14,6,1,2,4,7,1,1
32,320201,1,2,1,8,11,5,30,12,2,1,0,32,2,20,481,20481,31,2007,1GCEK19Z67Z1,1,G,C,E,K,1,9,Z,6,7,Z,1,0,T,CHEV,SK1,4C,7,17,,2,1575,1340,SIL,F,,0,0,000000000,00000000000,0,0,0,1,0,0,0,0,0,0,0,75,0,0,0,12,12,6,2,12,0,0,0,1,36,89406,6,1,0,0,3,0,73,148,0,0,0,1,0,10,2010,10,2010,1,28,0,0,0,5,5,55,1,1,2,4,0,0,1,10,1,1,1,50,0,1
32,320201,2,2,1,8,11,5,30,12,2,1,0,32,1,51,34,51034,6,1983,YV1AX4755D14,Y,V,1,A,X,4,7,5,5,D,1,4,0,P,VOLV,45G,SW,83,17,3185,,0,1043,,G,,0,0,000000000,00000000000,0,0,0,1,0,0,0,0,0,0,0,53,0,0,0,12,12,6,2,12,0,0,0,1,32,89406,6,1,0,0,3,3,63,120,0,0,0,1,0,7,2010,7,2010,0,0,0,0,0,5,5,55,1,1,2,4,0,0,1,62,1,1,1,51,1,0
32,320202,1,1,2,12,11,20,42,31,0,1,0,32,2,20,16,20016,4,2005,1G1JC52F3571,1,G,1,J,C,5,2,F,3,5,7,1,0,P,CHEV,CAV,4D,5,17,2676,,0,1041,,G,,0,0,000000000,00000000000,0,0,0,1,0,0,0,0,0,0,0,75,0,1,5,1,98,6,2,1,0,0,0,1,32,89049,6,1,0,0,3,0,71,175,0,0,0,1,0,9,2010,9,2010,1,58,0,0,0,1,2,55,2,2,2,1,0,0,14,6,7,4,4,2,1,1
32,320203,1,1,3,20,11,15,56,8,0,1,0,6,1,23,401,23401,14,2004,1GKES16S5462,1,G,K,E,S,1,6,S,5,4,6,2,0,T,GMC,EXL,4W,4,17,,2,0,1290,ENV,G,,0,0,000000000,00000000000,0,0,0,1,0,0,0,0,0,0,0,35,0,0,0,12,12,6,2,8,0,0,0,1,6,92392,6,1,0,0,3,0,66,120,0,0,0,0,0,0,0,0,0,0,28,0,0,0,1,8,45,1,1,2,2,0,0,1,8,1,2,4,13,0,0
32,320204,1,1,1,21,11,2,20,43,0,1,0,32,1,69,54,69054,1,2006,WMWRH33526TL,W,M,W,R,H,3,3,5,2,6,T,L,0,P,MNNI,COS,CV,6,17,3616,,0,971,,G,,0,0,000000000,00000000000,0,0,0,1,0,0,0,0,0,0,0,58,0,1,5,9,0,6,2,1,0,0,0,1,4,89141,6,1,0,0,3,1,67,149,0,0,0,0,0,0,0,0,0,1,0,0,0,0,1,2,35,1,1,2,1,0,0,1,6,1,2,4,7,1,1
32,320205,1,1,2,21,11,6,45,1,0,1,0,53,1,2,403,2403,14,1997,1J4FY29P0VP4,1,J,4,F,Y,2,9,P,0,V,P,4,0,T,JEEP,SEW,2W,97,17,,1,0,934,W/T,G,,0,0,000000000,00000000000,0,0,0,1,0,0,0,0,0,0,0,43,0,1,3,0,0,4,3,1,0,0,0,1,32,89820,6,1,0,0,3,3,72,174,0,0,0,0,0,0,0,0,0,1,58,0,0,0,2,4,75,1,1,2,3,0,0,1,12,7,1,4,6,1,0
32,320206,1,1,1,12,11,14,37,9,0,1,0,32,1,49,482,49482,31,2007,5TFBT54177X0,5,T,F,B,T,5,4,1,7,7,X,0,0,T,TOYT,DBS,CW,7,17,,2,0,1457,TUN,G,,0,0,000000000,00000000000,0,0,0,1,0,0,0,0,0,0,0,998,0,0,0,1,1,4,3,9,0,0,0,1,32,89104,6,1,0,0,3,0,67,200,0,0,0,0,0,0,0,0,0,0,0,0,0,0,0,0,0,0,0,0,0,20,3,10,84,1,1,1,13,0,0
32,320207,1,1,1,22,11,7,59,41,0,1,0,32,1,12,401,12401,14,1991,1FMDU34X5MUA,1,F,M,D,U,3,4,X,5,M,U,A,0,P,FORD,EPR,UT,91,17,0,,0,1120,,G,,0,0,000000000,00000000000,0,0,0,1,0,0,0,0,0,0,0,998,0,0,0,12,12,6,2,41,0,0,0,1,32,89436,6,1,0,0,3,0,74,182,0,0,0,0,0,0,0,0,0,1,58,0,0,0,1,2,99,1,2,2,1,0,0,1,6,6,2,4,2,1,1
32,320208,1,2,1,23,11,20,49,12,6,1,0,25,1,37,32,37032,4,2005,1HGCM66565A0,1,H,G,C,M,6,6,5,6,5,A,0,0,P,HOND,UEX,4D,5,17,3384,,0,1079,,G,,0,0,000000000,00000000000,0,0,0,1,0,0,0,0,0,0,0,6,0,0,0,3,98,6,2,12,0,0,0,1,25,2130,6,1,0,0,3,0,71,999,0,0,0,0,0,0,0,0,0,0,38,0,0,0,5,6,45,1,1,2,1,20,3,11,15,1,1,1,68,1,1
32,320208,2,2,1,23,11,20,49,12,6,1,0,32,1,20,403,20403,14,2008,1GNDT13S0821,1,G,N,D,T,1,3,S,0,8,2,1,0,P,CHEV,TRL,UT,8,17,4523,,0,1130,,G,,0,0,000000000,00000000000,0,0,0,1,0,0,0,0,0,0,0,66,0,0,0,12,12,6,2,12,0,0,0,1,32,89147,6,1,0,0,3,0,69,188,0,0,0,0,0,0,0,0,0,1,0,0,0,0,5,6,45,1,1,2,1,0,0,1,62,1,1,1,69,0,1
32,320209,1,1,1,24,11,4,23,25,0,1,0,32,1,7,43,7043,4,2000,1B3EJ46X6YN1,1,B,3,E,J,4,6,X,6,Y,N,1,0,P,DODG,SSE,4D,0,17,2937,,0,1080,,G,,0,0,000000000,00000000000,0,0,0,1,0,0,0,0,0,0,0,998,0,0,0,11,62,6,2,30,0,0,0,1,32,89156,1,1,0,0,2,3,62,145,0,2,0,0,0,3,2009,7,2010,0,0,0,0,0,3,5,45,2,2,2,1,0,0,14,12,1,1,5,6,1,1
32,320210,1,1,1,25,11,23,22,30,0,1,0,32,2,41,45,41045,1,2000,JM1NB3535Y01,J,M,1,N,B,3,5,3,5,Y,0,1,0,P,MAZD,MIS,CV,0,17,2332,,0,892,,G,,0,0,000000000,00000000000,0,0,0,1,0,0,0,0,0,0,0,998,0,0,0,1,98,6,2,39,0,0,0,1,32,89147,6,1,0,0,3,0,73,280,0,1,0,0,0,5,2009,5,2009,0,0,0,0,0,5,4,35,1,1,2,1,0,0,1,8,1,2,4,2,1,1
32,320211,1,1,1,29,11,20,35,25,0,1,0,32,2,7,20,7020,4,1998,1B3ES47Y1WD6,1,B,3,E,S,4,7,Y,1,W,D,6,0,P,DODG,HSR,4P,98,17,2537,,0,1040,,G,,0,0,000000000,00000000000,0,0,0,1,0,0,0,0,0,0,0,62,0,1,3,9,98,6,2,1,0,0,0,1,32,89131,6,1,0,0,3,0,65,185,0,0,0,0,0,0,0,0,0,0,0,0,0,0,3,3,55,1,1,2,1,0,0,1,12,1,1,4,6,1,0
32,320212,1,1,1,1,12,0,20,32,0,1,0,32,1,7,482,7482,31,2001,3B7KF23671G2,3,B,7,K,F,2,3,6,7,1,G,2,0,T,DODG,Q25,4C,1,17,,2,1547,1387,RPC,D,,0,0,000000000,00000000000,0,0,0,1,0,0,0,0,0,0,0,43,0,1,5,12,13,6,2,1,0,0,0,1,32,89883,3,1,0,0,2,0,70,185,0,0,0,0,0,0,0,0,0,1,39,58,0,0,1,2,70,1,1,2,3,20,3,1,12,7,1,4,6,1,1
32,320213,1,1,1,2,12,19,2,8,0,1,0,32,1,30,42,30042,5,2004,9BWFR61J9440,9,B,W,F,R,6,1,J,9,4,4,0,0,P,VOLK,GDI,4H,4,17,2860,,0,989,,D,,0,0,000000000,00000000000,0,0,0,1,0,0,0,0,0,0,0,42,0,0,0,12,12,4,3,8,0,0,0,1,32,89145,6,1,0,0,3,0,68,200,0,0,0,0,0,0,0,0,0,1,0,0,0,0,2,3,35,1,1,2,1,0,0,1,80,1,1,1,13,0,0
32,320214,1,1,1,2,12,21,50,33,0,1,0,32,1,24,401,24401,14,2004,5GZCZ63414S8,5,G,Z,C,Z,6,3,4,1,4,S,8,0,P,STRN,VUE,UT,4,17,3631,,0,1066,,G,,0,0,000000000,00000000000,0,0,0,1,0,0,0,0,0,0,0,63,0,0,0,14,82,6,2,43,0,0,0,1,32,89149,6,1,0,0,3,0,68,124,0,0,0,0,0,0,0,0,0,1,36,39,0,0,2,3,15,1,1,2,1,28,3,1,13,1,1,4,1,1,1
32,320215,1,1,7,4,12,11,14,1,0,1,0,32,2,12,401,12401,14,2002,1FMZU62EX2UB,1,F,M,Z,U,6,2,E,X,2,U,B,0,P,FORD,EPR,UT,2,17,4094,,0,1137,,G,,0,0,000000000,00000000000,0,0,0,1,0,0,0,0,0,0,0,68,0,1,3,0,0,6,2,1,0,0,0,1,32,89119,0,0,0,0,0,0,65,150,0,0,0,0,0,0,0,0,0,0,58,0,0,0,2,2,70,1,1,2,1,0,0,1,11,6,4,4,7,1,0
32,320216,1,1,1,12,9,19,40,1,0,1,0,32,1,53,705,53705,80,2007,JS1VP53A9721,J,S,1,V,P,5,3,A,9,7,2,1,0,M,SUZI,SV6,RS,7,17,,,,,,,645,0,0,000000000,00000000000,0,0,0,1,0,0,0,0,0,0,0,998,0,0,0,0,81,4,3,1,0,0,0,1,32,89142,6,1,0,0,3,0,71,250,0,0,0,0,0,0,0,0,0,0,36,0,0,0,2,6,45,1,1,2,1,0,0,1,8,1,1,1,98,1,0
32,320217,1,2,2,6,10,11,55,12,2,1,0,32,1,13,401,13401,14,2004,5LMEU88H24ZJ,5,L,M,E,U,8,8,H,2,4,Z,J,0,P,LINC,AVI,UT,4,17,4975,,0,1137,,G,,0,0,000000000,00000000000,0,0,0,1,0,0,0,0,0,0,0,998,0,0,0,12,12,6,2,12,0,0,0,1,32,89118,2,1,0,0,2,0,75,195,0,1,0,0,0,8,2010,8,2010,0,28,0,0,0,5,6,45,1,1,2,1,0,0,1,10,1,1,2,50,2,1
32,320217,2,2,2,6,10,11,55,12,2,1,0,32,3,94,981,94981,50,2005,1T7YL3C2X511,1,T,7,Y,L,3,C,2,X,5,1,1,0,U,,,,5,17,,,,,,,,0,88,888888888,88888888888,2,21,22,1,0,0,0,0,1,0,0,998,0,0,0,12,12,6,2,12,0,0,0,1,32,89032,6,1,6,1,3,1,66,250,0,0,0,0,0,0,0,0,0,0,0,0,0,0,5,6,45,1,1,2,1,0,0,1,62,9,1,1,51,0,0
32,320218,1,1,1,28,10,3,25,1,0,1,0,32,1,53,705,53705,80,2006,JS1GN7DA3621,J,S,1,G,N,7,D,A,3,6,2,1,0,M,SUZI,K6R,RS,6,17,,,,,,,599,0,0,000000000,00000000000,0,0,0,1,0,0,0,0,0,0,0,33,0,0,0,0,0,6,2,1,0,0,0,1,12,33629,6,1,0,0,2,0,69,999,0,1,0,0,0,10,2010,10,2010,1,28,0,0,0,4,2,35,2,1,2,1,21,3,14,6,3,1,2,98,1,1
32,320219,1,2,1,5,12,15,7,12,6,1,0,32,1,35,39,35039,4,1995,JN1CA21D7ST6,J,N,1,C,A,2,1,D,7,S,T,6,0,P,NISS,MGS,4D,95,17,2886,,0,1063,,G,,0,0,000000000,00000000000,0,0,0,1,0,0,0,0,0,0,0,5,0,0,0,9,9,6,2,12,0,0,0,1,32,89112,6,1,0,0,3,0,62,170,0,0,0,0,0,0,0,0,0,0,38,0,0,0,1,4,45,1,1,2,1,20,3,11,15,1,1,1,82,1,0
32,320219,2,2,1,5,12,15,7,12,6,1,0,32,1,7,482,7482,31,2004,1D7HA18N24S7,1,D,7,H,A,1,8,N,2,4,S,7,0,T,DODG,SQ1,CW,4,17,,2,1605,1405,RPC,G,,0,0,000000000,00000000000,0,0,0,1,0,0,0,0,0,0,0,48,0,0,0,12,12,2,3,12,0,0,0,1,32,89147,6,1,0,0,3,3,71,175,0,3,1,0,0,4,2008,10,2009,1,0,0,0,0,1,4,35,1,1,2,1,0,0,1,72,3,2,1,83,0,0
32,320220,1,2,1,9,12,2,49,12,2,1,0,32,2,49,40,49040,4,2007,4T1BE46KX7U0,4,T,1,B,E,4,6,K,X,7,U,0,0,P,TOYT,CMB,4D,7,17,3108,,0,1093,,G,,0,0,000000000,00000000000,0,0,0,1,0,0,0,0,0,0,0,40,0,0,0,12,12,6,2,12,0,0,0,1,32,89148,6,1,0,0,3,0,70,205,0,0,0,0,0,0,0,0,0,0,50,0,0,0,1,4,45,1,1,1,1,98,3,1,54,1,1,1,52,1,1
32,320220,2,2,1,9,12,2,49,12,2,1,0,32,1,49,49,49049,6,2008,JTLKE50E7810,J,T,L,K,E,5,0,E,7,8,1,0,0,P,TOYT,SXB,UT,8,17,3020,,0,1024,,G,,0,0,000000000,00000000000,0,0,0,1,0,0,0,0,0,0,0,40,0,0,0,12,12,6,2,12,0,0,0,1,32,89141,6,1,0,0,3,0,72,240,0,0,0,0,0,0,0,0,0,0,0,0,0,0,1,4,45,1,1,1,1,98,3,1,54,1,1,1,52,0,1
32,320221,1,1,1,9,12,21,2,8,0,1,0,32,2,12,3,12003,2,1998,1FAFP4045WF2,1,F,A,F,P,4,0,4,5,W,F,2,0,P,FORD,MUS,CP,98,17,3065,,0,1013,,G,,0,0,000000000,00000000000,0,0,0,1,0,0,0,0,0,0,0,20,0,0,0,14,14,2,1,8,0,0,0,1,32,89109,6,1,0,0,3,3,68,205,0,0,0,0,0,0,0,0,0,0,0,0,0,0,2,3,45,1,1,2,1,0,0,1,80,1,1,1,13,0,0
32,320222,1,2,2,10,12,9,58,12,6,1,0,32,1,12,422,12422,15,2000,1FMRU156XYLA,1,F,M,R,U,1,5,6,X,Y,L,A,0,P,FORD,EPT,UT,0,17,4886,,0,1191,,G,,0,0,000000000,00000000000,0,0,0,1,0,0,0,0,0,0,0,998,0,0,0,4,4,6,2,8,0,0,0,1,32,89104,6,1,0,0,3,0,63,120,0,0,0,0,0,0,0,0,0,0,38,0,0,0,1,4,35,1,1,2,1,2,3,11,15,1,1,1,68,0,0
32,320222,2,2,1,10,12,9,58,12,6,1,0,32,1,38,403,38403,14,1992,JACBG07E3N98,J,A,C,B,G,0,7,E,3,N,9,8,0,P,ISU,AMI,UT,92,17,2905,,0,917,,G,,0,0,000000000,00000000000,0,0,0,1,0,0,0,0,0,0,0,67,0,0,0,12,12,4,3,12,0,0,0,1,32,89103,6,1,0,0,3,0,61,107,0,0,0,0,0,0,0,0,0,1,0,0,0,0,1,4,35,1,1,2,1,1,3,1,62,1,1,1,69,0,0
32,320223,1,1,1,11,12,1,20,8,0,1,0,32,1,20,402,20402,14,1998,2CNBJ1362W69,2,C,N,B,J,1,3,6,2,W,6,9,0,P,CHEV,TKR,UT,98,17,2747,,0,976,,G,,0,0,000000000,00000000000,0,0,0,1,0,0,0,0,0,0,0,45,0,0,0,12,12,4,1,8,0,0,0,1,32,89041,6,1,0,0,3,0,73,212,0,0,0,0,0,0,0,0,0,0,0,0,0,0,1,2,55,1,1,2,1,0,0,1,80,1,1,1,13,0,0
32,320224,1,2,1,17,10,10,0,12,7,1,0,95,3,82,881,82881,66,2007,1FUJBBCKX7PU,1,F,U,J,B,B,C,K,X,7,P,U,1,T,FRHT,ST2,DS,7,17,,8,0,0,CON,D,,1,57,001200856,57001200856,3,6,1,1,0,0,0,0,0,0,0,20,0,0,0,9,9,4,1,12,0,0,0,1,95,0,6,1,6,1,3,1,999,999,99,99,99,99,99,99,9999,99,9999,0,26,0,0,0,1,2,70,1,2,2,1,0,0,1,52,9,3,4,98,0,0
32,320224,2,2,2,17,10,10,0,12,7,1,0,53,1,19,22,19022,4,2008,1G6KD57Y58U1,1,G,6,K,D,5,7,Y,5,8,U,1,0,P,CADI,TDS,4D,8,17,4009,,0,1156,,G,,0,0,000000000,00000000000,0,0,0,1,0,0,0,0,0,0,0,7,0,0,0,3,98,6,2,24,0,0,0,1,53,98273,6,1,0,0,3,3,72,250,0,0,0,0,0,0,0,0,0,0,0,0,0,0,1,2,70,1,2,2,1,0,0,11,53,1,1,1,98,1,0
32,320225,1,2,2,12,12,4,4,12,1,1,0,6,1,42,51,42051,4,2009,WDDDJ72XX9A1,W,D,D,D,J,7,2,X,X,9,A,1,0,P,MERZ,MC5,C4,9,17,4020,,0,1124,,G,,0,0,000000000,00000000000,0,0,0,1,0,0,0,0,0,0,0,59,0,0,0,12,1,6,2,12,0,0,0,1,32,89135,6,1,0,0,3,0,67,170,0,0,0,0,0,0,0,0,0,1,0,0,0,0,3,5,45,1,1,2,1,0,0,1,51,1,1,1,24,0,1
32,320225,2,2,2,12,12,4,4,12,1,1,0,32,1,14,17,14017,4,2004,1MEFM50U94A6,1,M,E,F,M,5,0,U,9,4,A,6,0,P,MERC,SGS,4D,4,17,3369,,0,1085,,G,,0,0,000000000,00000000000,0,0,0,1,0,0,0,0,0,0,0,27,0,0,0,6,98,6,2,12,0,0,0,1,6,48180,6,1,0,0,3,0,65,106,0,0,0,0,0,0,0,0,0,0,0,0,0,0,3,5,45,1,1,2,1,0,0,1,53,1,1,1,25,1,0
32,320226,1,4,3,12,12,18,20,12,8,1,0,16,1,23,401,23401,14,2004,1GKDT13S2424,1,G,K,D,T,1,3,S,2,4,2,4,0,T,GMC,ENV,4W,4,17,,1,0,1130,ENV,G,,0,0,000000000,00000000000,0,0,0,1,0,0,0,0,0,0,0,67,0,0,0,11,98,6,2,12,0,0,0,1,16,83301,6,1,0,0,3,0,66,200,0,0,0,0,0,0,0,0,0,0,28,58,0,0,1,2,70,1,1,2,1,0,0,17,60,7,4,6,64,1,0
32,320226,2,4,2,12,12,18,20,12,8,1,0,16,3,85,881,85881,66,2006,1XKADB9X16J1,1,X,K,A,D,B,9,X,1,6,J,1,1,T,KW,T60,DS,6,17,,8,2600,1600,CON,D,,1,57,001873565,57001873565,3,6,1,1,0,0,0,0,0,0,0,63,0,0,0,63,63,2,1,12,0,0,0,1,16,83634,6,1,6,1,3,0,69,200,0,2,1,1,3,1,2008,12,2010,0,0,0,0,0,1,2,70,1,1,2,1,0,0,1,62,1,1,1,65,0,0
32,320226,3,4,3,12,12,18,20,12,8,1,0,32,1,12,423,12423,15,2000,1FMNU43S4YED,1,F,M,N,U,4,3,S,4,Y,E,D,0,P,FORD,EXC,UT,0,17,7188,,0,1371,,G,,0,0,000000000,00000000000,0,0,0,1,0,0,0,0,0,0,0,58,0,0,0,11,12,6,2,12,0,0,0,1,32,89139,6,1,0,0,3,0,66,130,0,0,0,0,0,0,0,0,0,0,0,0,0,0,1,2,70,1,1,2,1,0,0,1,62,1,1,1,98,0,0
32,320226,4,4,1,12,12,18,20,12,8,1,0,16,1,20,481,20481,31,2000,1GCEK19T8YE2,1,G,C,E,K,1,9,T,8,Y,E,2,0,T,CHEV,SK1,PC,0,17,,2,1575,1435,SIL,G,,0,0,000000000,00000000000,0,0,0,1,0,0,0,0,0,0,0,68,0,0,0,11,12,6,2,12,0,0,0,1,16,83647,6,1,0,0,3,0,73,250,0,0,0,0,0,0,0,0,0,0,0,0,0,0,1,2,70,1,1,2,1,0,0,1,62,1,1,1,98,0,0
32,320227,1,1,1,13,12,2,21,8,0,1,1,99,9,99,999,99999,99,9999,999999999999,9,9,9,9,9,9,9,9,9,9,9,9,0,U,,,,9,17,,,,,,,,0,0,000000000,00000000000,0,0,0,1,0,0,0,0,0,0,0,999,0,0,0,12,12,9,1,8,0,0,0,1,99,99999,9,9,99,0,9,9,999,999,99,99,99,99,99,99,9999,99,9999,9,38,0,0,0,3,3,45,1,1,2,1,2,9,1,80,1,1,1,13,0,0
32,320228,1,1,2,17,12,18,1,15,0,1,0,32,1,35,472,35472,30,1998,1N6DD26S0WC3,1,N,6,D,D,2,6,S,0,W,C,3,0,T,NISS,KXS,PC,98,17,,1,0,1161,FRT,G,,0,0,000000000,00000000000,0,0,0,1,0,0,0,0,0,0,0,998,0,0,0,11,11,4,1,15,0,0,0,1,32,89081,6,1,0,0,3,0,68,150,0,0,0,0,0,0,0,0,0,0,0,0,0,0,2,3,45,1,1,2,2,0,0,1,80,9,1,1,13,0,0
32,320229,1,1,1,18,12,4,0,1,0,1,0,32,1,12,481,12481,31,2000,3FTSW31F4YMA,3,F,T,S,W,3,1,F,4,Y,M,A,0,T,FORD,F3S,CW,0,17,,2,1724,1562,SRW,D,,0,0,000000000,00000000000,0,0,0,1,0,0,0,0,0,0,0,67,0,1,5,0,0,6,2,1,0,0,0,1,32,89004,6,1,0,0,3,1,70,180,0,0,0,0,0,0,0,0,0,1,58,0,0,0,1,2,70,1,1,2,3,0,0,1,6,6,4,4,2,1,1