STATE,ST_CASE,VEH_NO,VE_FORMS,NUMOCCS,DAY,MONTH,HOUR,MINUTE,HARM_EV,MAN_COLL,UNITTYPE,HIT_RUN,REG_STAT,OWNER,MAKE,MODEL,MAK_MOD,BODY_TYP,MOD_YEAR,VIN,VIN_1,VIN_2,VIN_3,VIN_4,VIN_5,VIN_6,VIN_7,VIN_8,VIN_9,VIN_10,VIN_11,VIN_12,TOW_VEH,VINTYPE,VINMAKE,VINA_MOD,VIN_BT,VINMODYR,VIN_LNGT,VIN_WGT,WGTCD_TR,WHLBS_LG,WHLBS_SH,SER_TR,FUELCODE,MCYCL_DS,J_KNIFE,MCARR_I1,MCARR_I2,MCARR_ID,GVWR,V_CONFIG,CARGO_BT,HAZ_INV,HAZ_PLAC,HAZ_ID,HAZ_CNO,HAZ_REL,BUS_USE,SPEC_USE,EMER_USE,TRAV_SP,UNDERIDE,ROLLOVER,ROLINLOC,IMPACT1,IMPACT2,DEFORMED,TOWED,M_HARM,VEH_SC1,VEH_SC2,FIRE_EXP,DR_PRES,L_STATE,DR_ZIP,L_STATUS,L_TYPE,CDL_STAT,L_ENDORS,L_COMPL,L_RESTRI,DR_HGT,DR_WGT,PREV_ACC,PREV_SUS,PREV_DWI,PREV_SPD,PREV_OTH,FIRST_MO,FIRST_YR,LAST_MO,LAST_YR,SPEEDREL,DR_SF1,DR_SF2,DR_SF3,DR_SF4,VTRAFWAY,VNUM_LAN,VSPD_LIM,VALIGN,VPROFILE,VPAVETYP,VSURCOND,VTRAFCON,VTCONT_F,P_CRASH1,P_CRASH2,P_CRASH3,PCRASH4,PCRASH5,ACC_TYPE,DEATHS,DR_DRINK
33,330027,1,1,1,3,4,14,14,8,0,1,0,33,1,20,473,20473,30,2008,1GCDT13E9881,1,G,C,D,T,1,3,E,9,8,8,1,0,T,CHEV,RDO,CW,8,17,,1,0,1260,CAL,G,,0,0,000000000,00000000000,0,0,0,1,0,0,0,0,0,0,0,998,0,0,0,12,12,2,1,8,0,0,0,1,33,3102,6,1,0,0,3,1,67,160,0,0,0,0,1,10,2008,10,2008,0,0,0,0,0,1,2,30,1,1,2,1,20,3,10,80,2,1,1,13,0,0
33,330028,1,2,1,8,4,17,45,12,2,1,0,33,1,51,47,51047,4,2005,YV1RS6402524,Y,V,1,R,S,6,4,0,2,5,2,4,0,P,VOLV,S60,4D,5,17,3455,,0,1070,,G,,0,0,000000000,00000000000,0,0,0,1,0,0,0,0,0,0,0,998,0,0,0,12,12,6,2,12,0,0,0,1,33,3814,6,1,0,0,3,0,64,192,0,0,0,0,0,0,0,0,0,0,0,0,0,0,1,2,60,1,1,2,1,0,0,1,10,1,1,2,50,1,0
33,330028,2,2,1,8,4,17,45,12,2,1,0,33,2,98,806,98806,60,2005,5PVNE8JT952S,5,P,V,N,E,8,J,T,9,5,2,S,0,T,HINO,268,CC,5,17,,6,0,0,HIN,D,,0,77,777777777,77777777777,2,1,1,1,0,0,0,0,0,0,0,998,0,0,0,12,12,6,2,12,0,0,0,1,33,3857,6,1,6,0,3,1,69,325,0,0,0,0,0,0,0,0,0,0,0,0,0,0,1,2,60,1,1,2,1,0,0,1,62,9,1,1,51,0,0
33,330029,1,1,1,14,4,13,30,1,0,1,0,33,1,48,401,48401,14,1998,JF1SF6356WH7,J,F,1,S,F,6,3,5,6,W,H,7,0,P,SUBA,FOR,UT,98,17,3040,,0,994,,G,,0,0,000000000,00000000000,0,0,0,1,0,0,0,0,0,0,0,998,0,1,5,0,0,6,2,1,0,0,0,1,33,3242,6,1,0,0,3,0,62,150,0,0,0,0,0,0,0,0,0,0,0,0,0,0,1,4,55,1,5,2,1,20,3,1,8,9,3,4,2,1,0
33,330030,1,1,1,20,4,21,46,30,0,1,0,33,1,12,481,12481,31,2001,3FAFP31301R1,3,F,A,F,P,3,1,3,0,1,R,1,0,P,FORD,FZX,3P,1,17,2550,,0,1030,,G,,0,0,000000000,00000000000,0,0,0,1,0,0,0,0,0,0,0,59,0,1,5,9,9,6,2,30,0,0,0,1,33,3741,6,1,0,0,3,1,66,175,1,0,0,0,0,12,2008,12,2008,1,0,0,0,0,1,2,40,3,1,2,1,0,0,14,6,6,3,4,2,1,1
33,330031,1,1,1,26,4,5,36,42,0,1,0,33,1,49,482,49482,31,2003,5TEWN72N03Z2,5,T,E,W,N,7,2,N,0,3,Z,2,0,T,TOYT,XTR,PC,3,17,,1,0,1219,TAC,G,,0,0,000000000,00000000000,0,0,0,1,0,0,0,0,0,0,0,998,0,1,5,12,12,6,2,42,0,0,0,1,33,3878,6,1,0,0,3,0,71,155,0,0,0,0,0,0,0,0,0,1,0,0,0,0,1,2,55,1,1,2,1,0,0,1,6,7,1,5,1,1,1
33,330032,1,1,1,25,4,5,15,1,0,1,0,33,1,18,3,18003,4,2000,1G4CW54K7Y42,1,G,4,C,W,5,4,K,7,Y,4,2,0,P,BUIC,PKA,4D,0,17,3778,,0,1138,,G,,0,0,000000000,00000000000,0,0,0,1,0,0,0,0,0,0,0,998,0,1,5,0,0,6,2,1,0,0,0,1,33,3812,6,1,0,0,3,0,71,180,0,0,0,0,2,10,2008,2,2010,1,0,0,0,0,1,2,55,2,1,2,1,0,0,14,6,6,1,5,6,1,1
33,330033,1,3,1,28,4,10,47,12,2,1,0,25,1,23,401,23401,14,2004,1GKET12S3461,1,G,K,E,T,1,2,S,3,4,6,1,0,T,GMC,XUV,4W,4,17,,2,0,1290,ENV,G,,0,0,000000000,00000000000,0,0,0,1,0,0,0,0,0,0,0,998,0,0,0,12,12,6,2,12,0,0,0,1,25,1913,6,1,0,0,3,0,71,999,0,0,0,0,0,0,0,0,0,1,0,0,0,0,1,2,55,2,1,2,1,0,0,14,10,1,1,2,50,0,0
33,330033,2,3,1,28,4,10,47,12,2,1,0,33,1,6,52,6052,1,2001,3C4FY4BB61T3,3,C,4,F,Y,4,B,B,6,1,T,3,0,P,CHRY,PTC,SV,1,17,3109,,0,1030,,G,,0,0,000000000,00000000000,0,0,0,1,0,0,0,0,0,0,0,998,0,0,0,12,12,6,2,12,0,0,0,1,33,3045,6,1,0,0,3,1,72,165,0,0,0,0,0,0,0,0,0,0,0,0,0,0,1,2,55,3,1,2,1,0,0,14,62,7,1,2,51,1,0
33,330033,3,3,2,28,4,10,47,12,2,1,0,33,1,7,482,7482,31,2005,3D7KS28D15G8,3,D,7,K,S,2,8,D,1,5,G,8,0,T,DODG,SQ2,CW,5,17,,2,1605,1405,RPC,G,,0,0,000000000,00000000000,0,0,0,1,0,0,0,0,0,0,0,998,0,0,0,12,12,4,3,12,0,0,0,1,33,3042,6,1,0,0,3,1,70,170,0,0,0,0,0,0,0,0,0,0,0,0,0,0,1,2,55,3,1,2,1,0,0,14,62,9,1,2,98,0,0
33,330034,1,1,2,30,4,19,11,34,0,1,0,33,2,20,481,20481,31,1983,2GCEK14H2D11,2,G,C,E,K,1,4,H,2,D,1,1,0,T,CHEV,K10,PK,83,17,,2,1315,1175,K10,G,,0,0,000000000,00000000000,0,0,0,1,0,0,0,0,0,0,0,998,0,1,5,81,81,6,2,1,0,0,0,1,33,3431,6,2,0,0,3,0,70,155,0,0,0,0,0,0,0,0,0,1,52,36,0,0,1,2,25,2,1,2,1,0,0,14,6,6,2,4,2,1,0
33,330035,1,1,1,11,4,15,27,42,0,1,0,33,1,20,32,20032,4,1998,1Y1SK5287WZ4,1,Y,1,S,K,5,2,8,7,W,Z,4,0,P,CHEV,P/L,4D,98,17,0,,0,971,,G,,0,0,000000000,00000000000,0,0,0,1,0,0,0,0,0,0,0,998,0,0,0,12,12,6,2,42,0,0,0,1,33,3079,6,1,6,0,3,0,69,200,1,0,0,0,0,9,2008,9,2008,0,0,0,0,0,1,2,30,1,1,2,1,0,0,1,13,1,1,4,1,1,0
33,330036,1,2,1,6,5,15,14,12,2,1,0,33,1,53,705,53705,80,2001,JS1GN7BA9121,J,S,1,G,N,7,B,A,9,1,2,1,0,M,SUZI,G60,RS,1,17,,,,,,,600,0,0,000000000,00000000000,0,0,0,1,0,0,0,0,0,0,0,998,0,0,0,12,12,6,2,12,0,0,0,1,33,3304,6,1,0,0,3,0,72,180,0,0,0,1,0,10,2008,10,2008,1,28,0,0,0,1,2,35,2,1,2,1,0,0,14,6,7,1,2,50,1,0
33,330036,2,2,1,6,5,15,14,12,2,1,0,33,1,37,39,37039,5,2009,JHMGE87499S0,J,H,M,G,E,8,7,4,9,9,S,0,0,P,HOND,FIS,4H,9,17,2520,,0,984,,G,,0,0,000000000,00000000000,0,0,0,1,0,0,0,0,0,0,0,998,0,0,0,12,12,2,1,12,0,0,0,1,33,3824,6,1,0,0,3,0,70,185,0,0,0,0,0,0,0,0,0,0,0,0,0,0,1,2,35,2,1,2,1,0,0,14,62,1,1,1,51,0,0
33,330037,1,1,1,24,4,15,15,1,0,1,0,25,1,63,402,63402,14,2003,KNDJC733X351,K,N,D,J,C,7,3,3,X,3,5,1,0,P,KIA,SOR,UT,3,17,4255,,0,1067,,G,,0,0,000000000,00000000000,0,0,0,1,0,0,0,0,0,0,0,70,0,1,5,0,0,6,2,1,0,0,0,1,33,3243,6,1,0,0,3,1,64,135,0,0,0,0,0,0,0,0,0,1,0,0,0,0,1,2,50,3,1,2,1,0,0,14,6,6,4,4,7,1,0
33,330038,1,1,3,8,5,1,46,42,0,1,0,33,2,12,481,12481,31,1997,1FTDX18W2VNC,1,F,T,D,X,1,8,W,2,V,N,C,0,T,FORD,F15,3C,97,17,,1,1570,1390,COF,G,,0,0,000000000,00000000000,0,0,0,1,0,0,0,0,0,0,0,998,0,0,0,12,12,6,2,42,0,0,0,1,33,3442,6,1,0,0,3,1,67,115,0,0,0,0,0,0,0,0,0,1,0,0,0,0,1,2,30,3,1,2,1,0,0,14,6,6,4,4,2,1,0
33,330039,1,1,2,11,5,22,35,42,0,1,0,33,1,20,481,20481,31,2003,2GCEK19T1312,2,G,C,E,K,1,9,T,1,3,1,2,0,T,CHEV,SK1,4C,3,17,,2,1575,1435,SIL,G,,0,0,000000000,00000000000,0,0,0,1,0,0,0,0,0,0,0,998,0,0,0,12,12,6,2,42,0,0,0,1,33,3874,1,1,0,0,2,0,66,150,0,5,0,0,2,6,2007,3,2010,1,37,0,0,0,1,2,35,3,1,2,1,0,0,14,6,6,4,4,2,1,1
33,330040,1,2,1,20,5,16,21,12,2,1,0,33,2,7,15,7015,3,1991,1B3XG24K6MG1,1,B,3,X,G,2,4,K,6,M,G,1,0,P,DODG,DAY,2H,91,17,2711,,0,970,,G,,0,0,000000000,00000000000,0,0,0,1,0,0,0,0,0,0,0,998,0,0,0,12,12,6,2,12,0,0,0,1,33,3042,6,1,0,0,3,1,70,145,0,0,0,0,2,2,2008,2,2008,0,0,0,0,0,1,2,55,1,1,2,1,0,0,1,10,1,1,2,50,0,0
33,330040,2,2,1,20,5,16,21,12,2,1,0,33,1,37,31,37031,2,1993,1HGEG8643PL0,1,H,G,E,G,8,6,4,3,P,L,0,0,P,HOND,CID,4D,93,17,2275,,0,1013,,G,,0,0,000000000,00000000000,0,0,0,1,0,0,0,0,0,0,0,998,0,0,0,12,12,6,2,12,0,0,0,1,33,3042,6,1,0,0,3,0,64,147,0,0,0,0,0,0,0,0,0,0,0,0,0,0,1,2,55,1,1,2,1,0,0,1,62,7,1,2,51,1,0
33,330041,1,1,1,11,5,11,28,42,0,1,0,33,1,37,706,37706,80,2003,1HFSC43073A3,1,H,F,S,C,4,3,0,7,3,A,3,0,M,HOND,VT2,RS,3,17,,,,,,,1099,0,0,000000000,00000000000,0,0,0,1,0,0,0,0,0,0,0,998,0,0,0,12,12,6,2,42,0,0,0,1,33,3244,6,1,0,0,3,0,70,395,0,0,0,0,1,11,2008,11,2008,1,0,0,0,0,1,2,35,3,5,2,1,0,0,14,6,1,1,4,1,1,0
33,330042,1,2,1,21,5,14,48,12,1,1,0,23,3,23,481,23481,31,2008,1GTHK23628F1,1,G,T,H,K,2,3,6,2,8,F,1,0,T,GMC,2KH,CW,8,17,,2,1670,1530,SIE,D,,0,0,000000000,00000000000,0,0,0,1,0,0,0,0,0,0,0,0,0,0,0,6,6,4,3,12,0,0,0,1,23,4210,6,1,0,0,3,0,999,999,0,0,0,0,0,0,0,0,0,0,0,0,0,0,1,2,30,1,3,2,1,0,0,5,15,1,1,1,21,0,0
33,330042,2,2,2,21,5,14,48,12,1,1,0,33,1,72,706,72706,80,2006,1HD1FVW146Y6,1,H,D,1,F,V,W,1,4,6,Y,6,0,M,HD,IUA,RS,6,17,,,,,,,1450,0,0,000000000,00000000000,0,0,0,1,0,0,0,0,0,0,0,998,0,0,0,12,12,6,2,12,0,0,0,1,33,3304,6,1,0,0,3,0,73,240,0,0,0,0,0,0,0,0,0,0,0,0,0,0,1,2,30,1,3,2,1,0,0,1,50,1,1,1,20,1,0
33,330043,1,1,1,22,5,14,50,1,0,1,0,25,1,35,402,35402,14,2000,5N1ED28Y9YC5,5,N,1,E,D,2,8,Y,9,Y,C,5,0,P,NISS,XTR,UT,0,17,3811,,0,1043,,G,,0,0,000000000,00000000000,0,0,0,1,0,0,0,0,0,0,0,998,0,1,5,0,0,6,2,1,0,0,0,1,25,1913,6,1,0,0,3,0,67,999,0,0,0,0,0,0,0,0,0,1,0,0,0,0,1,2,50,1,1,2,1,0,0,1,6,7,3,4,2,1,0
33,330044,1,1,1,23,5,9,11,24,0,1,0,25,1,72,706,72706,80,2008,1HD1JD5108Y0,1,H,D,1,J,D,5,1,0,8,Y,0,0,M,HD,FLN,RS,8,17,,,,,,,1584,0,0,000000000,00000000000,0,0,0,1,0,0,0,0,0,0,0,998,0,0,0,81,81,6,2,24,0,0,0,1,25,1833,6,1,0,0,3,0,999,999,0,0,0,0,0,0,0,0,0,0,0,0,0,0,1,2,50,1,5,2,1,0,0,1,13,1,1,4,1,1,0
33,330045,1,2,2,21,5,18,57,1,0,1,0,33,2,42,401,42401,14,2003,4JGAB57EX3A4,4,J,G,A,B,5,7,E,X,3,A,4,0,P,MERZ,M35,UT,3,17,4627,,0,1110,,G,,0,0,000000000,00000000000,0,0,0,1,0,0,0,0,0,0,0,998,0,1,3,0,12,6,2,12,0,0,0,1,33,3060,6,1,0,0,3,0,72,200,0,0,0,0,1,7,2007,7,2007,0,0,0,0,0,2,2,65,1,1,2,1,0,0,1,12,8,2,5,7,0,0
33,330045,2,2,1,21,5,18,57,1,0,1,0,33,1,51,47,51047,4,2001,YV1RS61R5120,Y,V,1,R,S,6,1,R,5,1,2,0,0,P,VOLV,S60,4D,1,17,3230,,0,1069,,G,,0,0,000000000,00000000000,0,0,0,1,0,0,0,0,0,0,0,998,0,0,0,12,12,6,2,12,0,0,0,1,33,3833,6,1,0,0,3,1,69,180,0,0,0,0,0,0,0,0,0,0,0,0,0,0,2,2,65,1,1,2,1,0,0,1,64,2,1,2,98,1,0
33,330046,1,1,1,25,5,4,32,11,0,1,0,33,1,53,705,53705,80,2004,JS1GN7CA0421,J,S,1,G,N,7,C,A,0,4,2,1,0,M,SUZI,GSK,RS,4,17,,,,,,,599,0,0,000000000,00000000000,0,0,0,1,0,0,0,0,0,0,0,998,0,0,0,12,12,6,2,11,0,0,0,1,33,3054,6,1,0,0,3,0,69,130,0,0,0,2,2,6,2007,2,2008,0,0,0,0,0,2,2,55,1,1,2,1,0,0,1,88,3,2,1,13,1,0
33,330047,1,1,1,28,5,17,44,8,0,1,0,33,2,20,481,20481,31,1996,2GCEK19R1T12,2,G,C,E,K,1,9,R,1,T,1,2,0,T,CHEV,GK1,PC,96,17,,2,1555,1415,GM4,G,,0,0,000000000,00000000000,0,0,0,1,0,0,0,0,0,0,0,998,0,0,0,12,12,2,3,8,0,0,0,1,33,3070,6,1,0,0,3,0,72,220,0,0,0,0,0,0,0,0,0,0,86,0,0,0,1,2,30,1,2,2,1,0,0,1,81,2,1,1,13,0,0
33,330048,1,1,1,30,5,18,38,42,0,1,0,33,1,37,706,37706,80,1994,JH2SC2800RM2,J,H,2,S,C,2,8,0,0,R,M,2,0,M,HOND,CR9,RS,94,17,,,,,,,900,0,0,000000000,00000000000,0,0,0,1,0,0,0,0,0,0,0,998,0,0,0,12,12,6,2,42,0,0,0,1,33,3307,6,1,0,0,3,0,68,200,0,0,0,1,1,4,2009,12,2009,1,0,0,0,0,1,2,35,2,1,2,1,0,0,14,6,3,2,4,2,1,1
33,330049,1,1,1,28,5,23,53,35,0,1,0,33,1,12,481,12481,31,2003,1FTRW08L93KB,1,F,T,R,W,0,8,L,9,3,K,B,0,T,FORD,F1S,CW,3,17,,2,0,1388,COF,G,,0,0,000000000,00000000000,0,0,0,1,0,0,0,0,0,0,0,55,0,1,5,11,12,6,2,1,0,0,0,1,33,3241,6,1,0,0,3,0,67,170,0,0,0,0,0,0,0,0,0,1,0,0,0,0,1,2,30,2,2,2,1,0,0,14,6,7,3,4,7,1,1
33,330050,1,2,1,31,5,9,17,12,2,1,0,33,1,72,706,72706,80,2005,1HD1BXB165Y0,1,H,D,1,B,X,B,1,6,5,Y,0,0,M,HD,ISF,RS,5,17,,,,,,,1450,0,0,000000000,00000000000,0,0,0,1,0,0,0,0,0,0,0,998,0,0,0,12,12,6,2,12,0,0,0,1,33,3816,6,1,0,0,3,1,73,260,0,0,0,0,0,0,0,0,0,1,0,0,0,0,1,2,35,2,2,2,1,0,0,14,6,7,1,2,50,1,0
33,330050,2,2,1,31,5,9,17,12,2,1,0,33,1,7,472,7472,30,2006,1D7HW48N26S6,1,D,7,H,W,4,8,N,2,6,S,6,0,T,DODG,DQS,CW,6,17,,2,0,1309,DAK,G,,0,0,000000000,00000000000,0,0,0,1,0,0,0,0,0,0,0,998,0,0,0,12,12,2,3,12,0,0,0,1,33,3816,6,1,0,0,3,0,66,120,0,0,0,0,0,0,0,0,0,0,0,0,0,0,1,2,35,2,2,2,1,0,0,14,62,2,1,1,51,0,0
33,330051,1,2,1,30,5,11,7,12,1,1,0,25,1,12,17,12017,4,2003,1FAFP58S03G1,1,F,A,F,P,5,8,S,0,3,G,1,0,P,FORD,TSE,SW,3,17,3502,,0,1085,,G,,0,0,000000000,00000000000,0,0,0,1,0,0,0,0,0,0,0,0,0,0,0,6,6,4,3,12,0,0,0,1,25,2324,6,1,0,0,3,0,64,999,0,0,0,0,0,0,0,0,0,0,0,0,0,0,1,2,30,1,1,2,1,0,0,5,53,1,1,1,22,0,0
33,330051,2,2,1,30,5,11,7,12,1,1,0,33,1,72,706,72706,80,1986,1HD1BHL19GY0,1,H,D,1,B,H,L,1,9,G,Y,0,0,M,HD,FXT,RS,86,17,,,,,,,1340,0,0,000000000,00000000000,0,0,0,1,0,0,0,0,0,0,0,998,0,0,0,12,12,6,2,12,0,0,0,1,33,3576,6,1,6,0,3,0,70,185,1,0,0,0,0,2,2009,2,2009,0,0,0,0,0,1,2,30,1,1,2,1,0,0,1,50,3,2,1,20,1,0
33,330052,1,1,1,10,6,0,10,17,0,1,0,33,2,23,481,23481,31,2000,1GTEK14V2YE1,1,G,T,E,K,1,4,V,2,Y,E,1,0,T,GMC,NK1,PK,0,17,,2,1330,1190,SIE,G,,0,0,000000000,00000000000,0,0,0,1,0,0,0,0,0,0,0,998,0,1,5,12,12,6,2,1,0,0,0,1,33,3254,6,1,0,0,3,1,74,280,0,0,0,0,0,0,0,0,0,1,0,0,0,0,1,2,40,3,1,2,2,20,1,14,6,6,3,4,7,1,1
33,330053,1,1,1,12,6,13,53,42,0,1,0,33,1,12,17,12017,4,1995,1FALP534XSA1,1,F,A,L,P,5,3,4,X,S,A,1,0,P,FORD,TAX,4D,95,17,3186,,0,1060,,G,,0,0,000000000,00000000000,0,0,0,1,0,0,0,0,0,0,0,998,0,0,0,12,12,6,2,2,0,0,1,1,33,3773,6,1,0,0,3,1,64,145,0,0,0,0,0,0,0,0,0,0,0,0,0,0,1,2,30,1,1,2,2,0,0,1,13,1,1,4,1,1,0
33,330054,1,2,2,9,6,13,9,12,6,1,0,33,1,37,32,37032,4,1996,1HGCD5524TA1,1,H,G,C,D,5,5,2,4,T,A,1,0,P,HOND,UDX,4D,96,17,2754,,0,1069,,G,,0,0,000000000,00000000000,0,0,0,1,0,0,0,0,0,0,0,998,0,0,0,2,2,4,3,12,0,0,0,1,33,3458,6,1,0,0,3,1,70,187,0,0,0,0,0,0,0,0,0,0,28,48,0,0,1,2,40,1,1,2,1,0,0,11,10,1,1,2,68,0,0
33,330054,2,2,1,9,6,13,9,12,6,1,0,27,1,77,706,77706,80,2008,5VPSB36D3830,5,V,P,S,B,3,6,D,3,8,3,0,0,M,VCTY,VIS,RS,8,17,,,,,,,1731,0,0,000000000,00000000000,0,0,0,1,0,0,0,0,0,0,0,998,0,0,0,12,12,6,2,12,0,0,0,1,27,56345,6,1,0,0,3,1,65,175,1,0,0,0,0,10,2009,10,2009,0,0,0,0,0,1,2,40,1,1,2,1,0,0,1,62,3,2,1,69,1,0
33,330055,1,3,1,26,6,12,3,12,2,1,0,33,1,20,401,20401,14,2003,1GNDT13X03K1,1,G,N,D,T,1,3,X,0,3,K,1,0,P,CHEV,BZR,UT,3,17,4114,,0,1070,,G,,0,0,000000000,00000000000,0,0,0,1,0,0,0,0,0,0,0,998,0,0,0,12,12,4,3,12,0,0,0,1,33,3087,6,1,0,0,3,0,69,170,1,0,1,0,1,9,2008,6,2010,0,28,38,0,0,1,2,50,1,1,2,1,0,0,1,10,1,1,2,50,0,0
33,330055,2,3,2,26,6,12,3,12,2,1,0,33,1,72,706,72706,80,2002,1HD1FLW112Y6,1,H,D,1,F,L,W,1,1,2,Y,6,0,M,HD,CUS,RS,2,17,,,,,,,1450,0,0,000000000,00000000000,0,0,0,1,0,0,0,0,0,0,0,998,0,0,0,12,12,6,2,12,0,0,0,1,33,3079,6,1,6,0,3,1,70,260,0,0,0,0,0,0,0,0,0,0,0,0,0,0,1,2,50,1,1,2,1,0,0,1,62,7,1,2,51,1,0
33,330055,3,3,1,26,6,12,3,12,2,1,0,33,1,37,706,37706,80,2001,1HFSC43041A1,1,H,F,S,C,4,3,0,4,1,A,1,0,M,HOND,VT2,RS,1,17,,,,,,,1099,0,0,000000000,00000000000,0,0,0,1,0,0,0,0,0,0,0,998,0,0,0,10,10,6,2,12,0,0,0,1,33,3079,6,1,6,0,3,0,67,180,0,0,0,0,0,0,0,0,0,0,0,0,0,0,1,2,50,1,1,2,1,0,0,1,62,7,1,2,98,0,0
33,330056,1,1,1,7,6,15,0,42,0,1,0,33,1,12,17,12017,4,2002,1FAFP53UX2A2,1,F,A,F,P,5,3,U,X,2,A,2,0,P,FORD,TSE,4D,2,17,3355,,0,1085,,G,,0,0,000000000,00000000000,0,0,0,1,0,0,0,0,0,0,0,998,0,0,0,12,12,6,2,42,0,0,0,1,33,3812,6,1,0,0,3,0,73,206,0,0,0,0,0,0,0,0,0,0,0,0,0,0,1,2,30,3,2,2,1,0,0,14,13,1,1,4,1,1,0
33,330057,1,1,1,9,6,0,50,30,0,1,0,25,1,30,40,30040,4,1998,3VWSA81H9WM1,3,V,W,S,A,8,1,H,9,W,M,1,0,P,VOLK,JGS,4D,98,17,2590,,0,974,,G,,0,0,000000000,00000000000,0,0,0,1,0,0,0,0,0,0,0,998,0,1,5,12,9,6,2,42,0,0,0,1,25,1463,6,1,0,0,3,0,70,150,1,1,0,1,1,2,2009,10,2009,1,0,0,0,0,1,2,40,3,2,2,1,0,0,14,6,6,1,4,6,1,0
33,330058,1,1,2,11,6,13,2,1,0,1,0,33,1,12,422,12422,15,1997,1FMFU18L5VLA,1,F,M,F,U,1,8,L,5,V,L,A,0,P,FORD,EPT,UT,97,17,4827,,0,1190,,G,,0,0,000000000,00000000000,0,0,0,1,0,0,0,0,0,0,0,998,0,1,5,0,61,6,2,1,0,0,0,1,33,3102,6,1,0,0,3,0,72,235,1,0,0,0,1,6,2007,3,2009,0,0,0,0,0,3,2,55,3,2,2,1,0,0,14,13,8,1,4,1,1,0
33,330059,1,2,1,17,6,18,50,12,2,1,0,25,1,72,706,72706,80,2006,1HD1BXB156Y0,1,H,D,1,B,X,B,1,5,6,Y,0,0,M,HD,ISF,RS,6,17,,,,,,,1450,0,0,000000000,00000000000,0,0,0,1,0,0,0,0,0,0,0,998,0,0,0,12,12,6,2,12,0,0,0,1,25,2780,6,1,0,0,3,0,70,999,0,0,0,0,0,0,0,0,0,0,28,53,0,0,1,2,40,2,5,2,1,0,0,14,10,7,1,2,50,1,1
33,330059,2,2,1,17,6,18,50,12,2,1,0,33,1,7,482,7482,31,2001,1B7HF16Y11S1,1,B,7,H,F,1,6,Y,1,1,S,1,0,T,DODG,150,PK,1,17,,2,1347,1187,RPC,G,,0,0,000000000,00000000000,0,0,0,1,0,0,0,0,0,0,0,15,0,0,0,12,12,6,2,12,0,0,0,1,33,3223,6,1,0,0,3,0,72,175,0,0,0,1,0,8,2007,8,2007,0,0,0,0,0,1,2,40,2,5,2,1,0,0,14,62,9,1,1,51,0,0
33,330060,1,1,1,18,6,14,0,42,0,1,0,33,2,76,706,76706,80,2004,JYARN13E54A0,J,Y,A,R,N,1,3,E,5,4,A,0,0,M,YAMA,YFR,RS,4,17,,,,,,,998,0,0,000000000,00000000000,0,0,0,1,0,0,0,0,0,0,0,998,0,0,0,12,12,6,2,42,0,0,0,1,33,3867,6,1,0,0,3,0,71,180,1,0,0,0,0,10,2009,10,2009,1,0,0,0,0,1,2,30,2,2,2,1,0,0,14,6,8,2,4,2,1,1
33,330061,1,1,1,19,6,17,25,30,0,1,0,33,2,72,706,72706,80,1989,1HD1CAP12KY1,1,H,D,1,C,A,P,1,2,K,Y,1,0,M,HD,XL2,RS,89,17,,,,,,,1200,0,0,000000000,00000000000,0,0,0,1,0,0,0,0,0,0,0,998,0,0,0,12,12,6,2,30,0,0,0,1,33,3221,6,1,0,0,2,0,67,170,0,0,0,0,0,0,0,0,0,0,52,0,0,0,1,2,55,3,1,2,1,0,0,14,12,6,1,4,6,1,0
33,330062,1,3,1,28,6,14,56,12,6,1,0,33,1,48,401,48401,14,2001,JF1SF65611H7,J,F,1,S,F,6,5,6,1,1,H,7,0,P,SUBA,FOR,UT,1,17,3200,,0,994,,G,,0,0,000000000,00000000000,0,0,0,1,0,0,0,0,0,0,0,998,0,0,0,3,3,6,2,12,0,0,0,1,33,3446,6,1,0,0,3,1,70,185,0,0,0,0,0,0,0,0,0,0,38,0,0,0,1,2,30,1,1,2,1,20,3,11,15,11,1,2,82,1,0
33,330062,2,3,5,28,6,14,56,12,6,1,0,50,1,23,421,23421,15,2004,1GKEK63U04J1,1,G,K,E,K,6,3,U,0,4,J,1,0,T,GMC,NAL,4W,4,17,,2,0,1160,YUK,G,,0,0,000000000,00000000000,0,0,0,1,0,0,0,0,0,0,0,998,0,0,0,12,12,6,2,12,0,0,0,1,50,5353,6,1,6,0,3,0,75,220,0,0,0,0,0,0,0,0,0,0,0,0,0,0,1,2,35,1,1,2,1,0,0,1,66,9,2,2,83,0,0
33,330062,3,3,2,28,6,14,56,12,6,1,0,50,1,49,472,49472,30,2005,5TETX22N85Z0,5,T,E,T,X,2,2,N,8,5,Z,0,0,T,TOYT,ACC,PC,5,17,,1,0,1219,TAC,G,,0,0,000000000,00000000000,0,0,0,1,0,0,0,0,0,0,0,0,0,0,0,11,11,6,2,12,0,0,0,1,50,5354,6,1,6,0,3,0,66,195,0,0,0,0,0,0,0,0,0,0,0,0,0,0,1,2,30,1,2,2,1,20,3,5,66,1,1,1,98,0,0