STATE,ST_CASE,VEH_NO,VE_FORMS,NUMOCCS,DAY,MONTH,HOUR,MINUTE,HARM_EV,MAN_COLL,UNITTYPE,HIT_RUN,REG_STAT,OWNER,MAKE,MODEL,MAK_MOD,BODY_TYP,MOD_YEAR,VIN,VIN_1,VIN_2,VIN_3,VIN_4,VIN_5,VIN_6,VIN_7,VIN_8,VIN_9,VIN_10,VIN_11,VIN_12,TOW_VEH,VINTYPE,VINMAKE,VINA_MOD,VIN_BT,VINMODYR,VIN_LNGT,VIN_WGT,WGTCD_TR,WHLBS_LG,WHLBS_SH,SER_TR,FUELCODE,MCYCL_DS,J_KNIFE,MCARR_I1,MCARR_I2,MCARR_ID,GVWR,V_CONFIG,CARGO_BT,HAZ_INV,HAZ_PLAC,HAZ_ID,HAZ_CNO,HAZ_REL,BUS_USE,SPEC_USE,EMER_USE,TRAV_SP,UNDERIDE,ROLLOVER,ROLINLOC,IMPACT1,IMPACT2,DEFORMED,TOWED,M_HARM,VEH_SC1,VEH_SC2,FIRE_EXP,DR_PRES,L_STATE,DR_ZIP,L_STATUS,L_TYPE,CDL_STAT,L_ENDORS,L_COMPL,L_RESTRI,DR_HGT,DR_WGT,PREV_ACC,PREV_SUS,PREV_DWI,PREV_SPD,PREV_OTH,FIRST_MO,FIRST_YR,LAST_MO,LAST_YR,SPEEDREL,DR_SF1,DR_SF2,DR_SF3,DR_SF4,VTRAFWAY,VNUM_LAN,VSPD_LIM,VALIGN,VPROFILE,VPAVETYP,VSURCOND,VTRAFCON,VTCONT_F,P_CRASH1,P_CRASH2,P_CRASH3,PCRASH4,PCRASH5,ACC_TYPE,DEATHS,DR_DRINK
33,330063,1,2,2,19,6,13,43,12,1,1,0,33,1,72,706,72706,80,2003,1HD1FBW143Y7,1,H,D,1,F,B,W,1,4,3,Y,7,0,M,HD,LRI,RS,3,17,,,,,,,1450,0,0,000000000,00000000000,0,0,0,1,0,0,0,0,0,0,0,998,0,0,0,12,12,6,2,12,0,0,0,1,33,3451,6,1,6,0,3,0,69,190,0,0,0,0,0,0,0,0,0,0,35,0,0,0,1,2,55,1,1,2,1,0,0,1,17,3,2,2,20,1,0
33,330063,2,2,2,19,6,13,43,12,1,1,0,50,1,12,35,12035,4,2000,3FAFP6634YM1,3,F,A,F,P,6,6,3,4,Y,M,1,0,P,FORD,CSE,4D,0,17,2769,,0,1065,,G,,0,0,000000000,00000000000,0,0,0,1,0,0,0,0,0,0,0,0,0,0,0,6,6,2,1,12,0,0,0,1,50,5143,6,1,0,0,3,0,66,180,0,0,0,0,0,0,0,0,0,0,0,0,0,0,1,2,55,1,1,2,1,0,0,5,15,1,1,1,21,0,0
33,330064,1,2,1,17,6,12,9,12,2,1,0,33,1,48,34,48034,4,1996,4S3BD4551T72,4,S,3,B,D,4,5,5,1,T,7,2,0,P,SUBA,USA,4D,96,17,3030,,0,1035,,G,,0,0,000000000,00000000000,0,0,0,1,0,0,0,0,0,0,0,998,0,0,0,12,12,6,2,12,0,0,0,1,33,3751,6,1,0,0,3,1,72,245,0,0,0,0,0,0,0,0,0,0,28,0,0,0,1,2,50,1,2,2,1,0,0,1,10,7,1,2,50,1,0
33,330064,2,2,1,17,6,12,9,12,2,1,0,33,1,2,405,2405,14,2006,1J4GL48596W1,1,J,4,G,L,4,8,5,9,6,W,1,0,T,JEEP,SPR,4W,6,17,,1,0,1043,LIB,D,,0,0,000000000,00000000000,0,0,0,1,0,0,0,0,0,0,0,998,0,0,0,12,12,6,2,12,0,0,0,1,33,3782,6,1,0,0,3,0,67,120,0,0,0,0,1,12,2008,12,2008,0,0,0,0,0,1,2,50,1,2,2,1,0,0,1,62,3,2,1,51,0,0
33,330065,1,1,1,22,6,13,31,42,0,1,0,33,1,99,706,99706,80,2008,X8JMH03728U2,X,8,J,M,H,0,3,7,2,8,U,2,0,U,,,,8,17,,,,,,,,0,0,000000000,00000000000,0,0,0,1,0,0,0,0,0,0,0,998,0,0,0,12,12,6,2,42,0,0,0,1,33,3280,6,1,6,0,3,0,73,195,1,0,0,0,0,10,2008,10,2008,0,0,0,0,0,1,2,35,3,2,2,1,0,0,14,13,1,1,4,1,1,1
33,330066,1,1,2,27,6,0,49,42,0,1,0,33,2,49,402,49402,14,2004,JTEHD20V6400,J,T,E,H,D,2,0,V,6,4,0,0,0,P,TOYT,RV4,UT,4,17,3119,,0,980,,G,,0,0,000000000,00000000000,0,0,0,1,0,0,0,0,0,0,0,998,0,0,0,12,12,6,2,42,0,0,0,1,33,3033,6,1,0,0,3,0,68,126,0,0,0,0,0,0,0,0,0,0,0,0,0,0,1,2,30,1,2,2,1,0,0,1,10,1,1,4,6,1,1
33,330067,1,1,1,3,7,14,27,1,0,1,0,92,0,2,401,2401,14,1958,999999999999,9,9,9,9,9,9,9,9,9,9,9,9,0,U,,,,9,17,,,,,,,,0,0,000000000,00000000000,0,0,0,1,0,0,0,0,0,0,0,998,0,1,1,0,61,4,3,1,35,0,0,1,33,3253,6,1,0,0,3,0,71,230,0,0,0,0,0,0,0,0,0,0,52,0,0,0,1,2,40,2,2,2,1,0,0,14,51,7,1,1,98,1,0
33,330068,1,1,1,11,7,18,35,1,0,1,0,33,1,2,402,2402,14,1973,J3835TH50340,J,3,8,3,5,T,H,5,0,3,4,0,0,P,,,,,,,,,,,,,0,0,000000000,00000000000,0,0,0,1,0,0,0,0,0,0,0,998,0,1,2,0,81,6,2,1,0,0,0,1,33,3450,6,1,0,0,3,0,72,225,0,0,0,0,1,8,2009,8,2009,1,58,0,0,0,1,2,40,1,1,2,1,0,0,1,6,8,3,4,2,1,1
33,330069,1,1,3,13,7,23,47,42,0,1,0,33,2,49,403,49403,14,2008,JTMBK33V4850,J,T,M,B,K,3,3,V,4,8,5,0,0,P,TOYT,RG4,UT,8,17,3655,,0,1047,,G,,0,0,000000000,00000000000,0,0,0,1,0,0,0,0,0,0,0,998,0,0,0,81,81,4,3,42,0,0,0,1,33,3818,4,1,0,0,2,0,73,220,0,0,0,0,0,0,0,0,0,0,21,28,36,0,1,2,25,3,2,2,1,0,0,14,13,1,1,4,1,1,0
33,330070,1,1,2,15,7,18,40,42,0,1,0,33,1,2,404,2404,14,1994,1J4GZ68S1RC3,1,J,4,G,Z,6,8,S,1,R,C,3,0,T,JEEP,GCS,4W,94,17,,1,0,1059,GCK,G,,0,0,000000000,00000000000,0,0,0,1,0,0,0,0,0,0,0,998,0,0,0,12,12,6,2,42,0,0,0,1,33,3244,6,1,0,0,3,1,69,210,0,0,0,0,0,0,0,0,0,0,0,0,0,0,1,2,30,1,1,2,1,0,0,1,12,1,1,4,6,1,0
33,330071,1,2,1,24,7,22,10,12,6,1,0,33,2,12,17,12017,6,1994,1FALP57U6RA2,1,F,A,L,P,5,7,U,6,R,A,2,0,P,FORD,TAG,SW,94,17,3253,,0,1060,,G,,0,0,000000000,00000000000,0,0,0,1,0,0,0,0,0,0,0,998,0,0,0,83,83,4,3,12,0,0,0,1,33,3266,6,1,0,0,3,0,74,220,0,0,0,0,0,0,0,0,0,0,38,0,0,0,1,2,55,1,1,2,1,0,0,11,10,1,1,2,68,0,0
33,330071,2,2,1,24,7,22,10,12,6,1,1,33,1,72,706,72706,80,2005,1HD1GHV145K3,1,H,D,1,G,H,V,1,4,5,K,3,0,M,HD,FDX,RS,5,17,,,,,,,1450,0,0,000000000,00000000000,0,0,0,1,0,0,0,0,0,0,0,998,0,0,0,12,12,6,2,12,0,0,0,1,33,3276,6,1,0,0,3,0,68,245,1,0,0,1,0,5,2008,7,2008,0,0,0,0,0,1,2,55,1,1,2,1,0,0,1,62,3,2,1,69,1,1
33,330072,1,1,1,24,7,1,54,42,0,1,0,33,2,12,481,12481,31,1996,1FTEF14Y6TLA,1,F,T,E,F,1,4,Y,6,T,L,A,0,T,FORD,F15,PK,96,17,,2,1330,1170,COF,G,,0,0,000000000,00000000000,0,0,0,1,0,0,0,0,0,0,0,998,0,0,0,12,12,6,2,42,0,0,0,1,33,3849,6,2,0,0,3,2,71,200,0,0,0,0,2,2,2010,5,2010,1,73,0,0,0,1,2,35,2,1,2,1,0,0,14,12,1,1,4,6,1,0
33,330073,1,1,1,29,7,23,5,1,0,1,0,33,2,23,401,23401,14,1997,1GKDT13W1V25,1,G,K,D,T,1,3,W,1,V,2,5,0,T,GMC,JMY,4W,97,17,,1,0,1070,JMY,G,,0,0,000000000,00000000000,0,0,0,1,0,0,0,0,0,0,0,998,0,1,5,0,0,6,2,1,0,0,0,1,33,3780,6,1,0,0,3,0,999,999,0,0,0,0,0,0,0,0,0,1,58,0,0,0,1,2,40,3,1,2,1,0,0,14,6,9,3,4,7,1,1
33,330074,1,1,2,29,7,14,27,19,0,1,0,33,1,2,405,2405,14,2004,1J4GL48K44W1,1,J,4,G,L,4,8,K,4,4,W,1,0,T,JEEP,SPR,4W,4,17,,1,0,1043,LIB,G,,0,0,000000000,00000000000,0,0,0,1,0,0,0,0,0,0,0,998,0,0,0,12,12,6,2,19,0,0,0,1,33,3820,6,1,0,0,3,0,71,180,0,0,0,0,0,0,0,0,0,1,0,0,0,0,1,2,30,1,3,2,1,0,0,1,6,9,2,4,2,1,0
33,330075,1,2,2,28,7,17,45,12,6,1,0,33,1,2,404,2404,14,2007,1J8GR48K67C5,1,J,8,G,R,4,8,K,6,7,C,5,0,T,JEEP,LCF,4W,7,17,,1,0,1095,GCK,G,,0,0,000000000,00000000000,0,0,0,1,0,0,0,0,0,0,0,998,0,0,0,12,12,4,3,12,0,0,0,1,33,3242,6,1,0,0,3,0,64,160,0,0,0,0,0,0,0,0,0,0,38,0,0,0,1,2,30,1,2,2,1,20,3,11,15,1,1,2,82,0,0
33,330075,2,2,1,28,7,17,45,12,6,1,0,33,1,72,706,72706,80,2002,1HD1CGP182K1,1,H,D,1,C,G,P,1,8,2,K,1,0,M,HD,20C,RS,2,17,,,,,,,1200,0,0,000000000,00000000000,0,0,0,1,0,0,0,0,0,0,0,998,0,0,0,61,61,6,2,12,0,0,0,1,33,3242,6,1,6,0,3,0,67,210,0,0,0,0,0,0,0,0,0,0,0,0,0,0,1,2,30,1,2,2,1,0,0,1,66,7,1,2,83,1,0
33,330076,1,1,1,12,8,18,51,1,0,1,0,25,1,34,34,34034,1,1999,WBABJ8331XEM,W,B,A,B,J,8,3,3,1,X,E,M,0,P,BMW,3A3,CV,99,17,3373,,0,1063,,G,,0,0,000000000,00000000000,0,0,0,1,0,0,0,0,0,0,0,998,0,1,5,0,12,6,2,1,0,0,0,1,25,1913,6,1,0,0,3,0,69,999,0,0,0,0,0,0,0,0,0,0,28,58,0,0,2,2,65,1,1,2,1,0,0,1,8,7,3,4,2,1,1
33,330077,1,2,2,9,8,20,23,12,6,1,0,33,1,52,34,52034,4,2005,4A3AB76S65E0,4,A,3,A,B,7,6,S,6,5,E,0,0,P,MITS,MGT,4D,5,17,3649,,0,1083,,G,,0,0,000000000,00000000000,0,0,0,1,0,0,0,0,0,0,0,998,0,0,0,3,3,4,3,12,0,0,0,1,33,3045,6,1,0,0,3,0,64,110,0,2,0,2,1,9,2007,7,2009,0,38,0,0,0,1,2,30,1,2,2,1,20,3,11,15,1,1,2,82,0,0
33,330077,2,2,1,9,8,20,23,12,6,1,0,33,1,72,706,72706,80,1991,1HD1EBL13MY1,1,H,D,1,E,B,L,1,3,M,Y,1,0,M,HD,FRS,RS,91,17,,,,,,,1340,0,0,000000000,00000000000,0,0,0,1,0,0,0,0,0,0,0,998,0,0,0,12,12,6,2,12,0,0,0,1,33,3104,6,1,6,0,3,0,73,245,0,0,0,0,0,0,0,0,0,0,0,0,0,0,1,2,30,1,2,2,1,0,0,1,66,3,2,1,83,1,1
33,330078,1,2,2,17,8,19,50,12,2,1,0,33,1,37,32,37032,2,2008,1HGCS22808A0,1,H,G,C,S,2,2,8,0,8,A,0,0,P,HOND,AXL,CP,8,17,3614,,0,1079,,G,,0,0,000000000,00000000000,0,0,0,1,0,0,0,0,0,0,0,998,0,0,0,12,12,6,2,12,0,0,0,1,33,3038,6,1,0,0,3,0,76,230,1,0,0,2,0,12,2008,11,2009,0,28,0,0,0,2,2,35,1,1,2,1,0,0,1,11,1,1,2,50,1,0
33,330078,2,2,1,17,8,19,50,12,2,1,0,33,1,12,481,12481,31,2002,2FTRX18W12CA,2,F,T,R,X,1,8,W,1,2,C,A,0,T,FORD,F15,4C,2,17,,2,1574,1388,COF,G,,0,0,000000000,00000000000,0,0,0,1,0,0,0,0,0,0,0,998,0,0,0,12,12,6,2,12,0,0,0,1,33,3038,6,1,0,0,3,0,76,225,0,0,0,0,0,0,0,0,0,0,0,0,0,0,2,2,35,1,1,2,1,0,0,1,64,2,1,1,51,0,0
33,330079,1,2,1,24,8,13,48,12,2,1,0,36,1,37,31,37031,4,1999,2HGEJ6673XH5,2,H,G,E,J,6,6,7,3,X,H,5,0,P,HOND,UCL,4D,99,17,2456,,0,1032,,G,,0,0,000000000,00000000000,0,0,0,1,0,0,0,0,0,0,0,998,0,0,0,12,12,6,2,12,0,0,0,1,36,11367,6,1,0,0,3,0,63,999,0,0,0,0,0,0,0,0,0,0,28,0,0,0,1,2,55,2,1,2,1,0,0,14,10,1,1,2,50,1,0
33,330079,2,2,1,24,8,13,48,12,2,1,0,50,3,84,881,84881,66,2007,2HSCNAPR87C2,2,H,S,C,N,A,P,R,8,7,C,2,1,T,INTL,94I,DS,7,17,,8,0,0,940,D,,1,57,00086320,5700086320,3,6,3,1,0,0,0,0,0,0,0,998,0,0,0,12,12,6,2,12,0,0,1,1,50,5676,6,1,6,1,3,0,69,300,0,0,0,0,0,0,0,0,0,0,0,0,0,0,1,2,55,3,1,2,1,0,0,14,62,9,2,2,51,0,0
33,330080,1,1,1,25,8,5,18,42,0,1,0,33,2,7,20,7020,2,1997,1B3ES42Y9VD1,1,B,3,E,S,4,2,Y,9,V,D,1,0,P,DODG,NHS,2P,97,17,2446,,0,1040,,G,,0,0,000000000,00000000000,0,0,0,1,0,0,0,0,0,0,0,998,0,0,0,12,12,6,2,42,0,0,0,1,33,3830,1,1,0,0,2,0,70,182,1,1,0,1,0,6,2009,3,2010,1,0,0,0,0,2,2,65,1,2,2,2,0,0,1,12,1,1,4,6,1,0
33,330081,1,1,2,10,8,10,32,42,0,1,0,33,1,48,401,48401,14,2004,JF1SG63614G7,J,F,1,S,G,6,3,6,1,4,G,7,0,P,SUBA,FOR,UT,4,17,3090,,0,994,,G,,0,0,000000000,00000000000,0,0,0,1,0,0,0,0,0,0,0,998,0,0,0,12,12,6,2,42,0,0,0,1,33,3071,6,1,0,0,3,1,66,130,0,0,0,0,0,0,0,0,0,0,58,0,0,0,1,2,40,3,1,2,1,0,0,14,13,1,1,4,1,1,0
33,330082,1,1,1,28,8,14,54,35,0,1,0,33,2,37,706,37706,80,2008,1HFSC47F08A7,1,H,F,S,C,4,7,F,0,8,A,7,0,M,HOND,GL8,RS,8,17,,,,,,,1832,0,0,000000000,00000000000,0,0,0,1,0,0,0,0,0,0,0,998,0,0,0,12,12,6,2,35,0,0,0,1,33,3249,6,1,0,0,3,0,61,180,0,0,0,0,0,0,0,0,0,1,52,0,0,0,1,2,25,1,2,2,1,0,0,1,8,1,1,4,15,1,0
33,330083,1,2,2,2,9,17,3,12,6,1,0,33,1,35,471,35471,30,1995,1N6HD16S1SC3,1,N,6,H,D,1,6,S,1,S,C,3,0,T,NISS,KSX,PC,95,17,,1,0,1161,TRK,G,,0,0,000000000,00000000000,0,0,0,1,0,0,0,0,0,0,0,998,0,0,0,3,12,6,2,12,0,0,0,1,33,3782,6,1,0,0,3,0,67,175,0,0,0,0,0,0,0,0,0,0,38,28,0,0,1,2,30,1,1,2,1,0,0,11,10,11,1,2,68,1,0
33,330083,2,2,4,2,9,17,3,12,6,1,0,33,1,7,402,7402,14,2001,1B4HS28N81F5,1,B,4,H,S,2,8,N,8,1,F,5,0,P,DODG,DUR,UT,1,17,4512,,0,1159,,G,,0,0,000000000,00000000000,0,0,0,1,0,0,0,0,0,0,0,998,0,0,0,12,12,4,3,12,0,0,0,1,33,3773,6,1,0,0,3,1,67,190,1,0,0,0,1,12,2007,3,2010,0,0,0,0,0,1,2,30,1,1,2,1,0,0,1,62,3,2,1,69,0,0
33,330084,1,1,2,28,8,20,43,8,0,1,0,33,1,12,17,12017,6,1991,1FACP55U0MG2,1,F,A,C,P,5,5,U,0,M,G,2,0,P,FORD,TAL,SW,91,17,3276,,0,1060,,G,,0,0,000000000,00000000000,0,0,0,1,0,0,0,0,0,0,0,998,0,0,0,12,12,4,3,8,0,0,0,1,33,3246,6,1,0,0,3,0,68,160,0,0,0,1,0,3,2010,3,2010,0,0,0,0,0,1,2,40,2,2,2,1,0,0,14,81,3,2,1,13,0,0
33,330085,1,1,2,4,9,1,29,30,0,1,0,33,1,7,482,7482,31,2002,1B7GG46X02S6,1,B,7,G,G,4,6,X,0,2,S,6,0,T,DODG,DSL,PK,2,17,,1,0,1119,DAK,G,,0,0,000000000,00000000000,0,0,0,1,0,0,0,0,0,0,0,998,0,1,5,12,12,6,2,30,0,0,0,1,50,5045,6,1,0,0,3,0,69,260,0,0,0,0,0,0,0,0,0,1,39,0,0,0,1,2,30,1,1,2,1,20,3,1,15,8,4,4,2,1,1
33,330086,1,2,1,9,9,17,14,12,6,1,0,33,1,53,705,53705,80,2006,JS1GN7DAX621,J,S,1,G,N,7,D,A,X,6,2,1,0,M,SUZI,K6R,RS,6,17,,,,,,,599,0,0,000000000,00000000000,0,0,0,1,0,0,0,0,0,0,0,998,0,0,0,12,12,6,2,12,0,0,0,1,33,3841,6,1,0,0,3,0,66,150,0,0,0,0,0,0,0,0,0,1,36,0,0,0,1,2,35,2,1,2,1,0,0,14,6,9,2,2,83,1,0
33,330086,2,2,1,9,9,17,14,12,6,1,0,33,1,12,481,12481,31,2010,1FTFX1EV8AFA,1,F,T,F,X,1,E,V,8,A,F,A,0,T,FORD,F15,4C,10,17,,2,1630,1330,COF,F,,0,0,000000000,00000000000,0,0,0,1,0,0,0,0,0,0,0,998,0,0,0,7,7,4,3,12,0,0,0,1,33,3841,6,1,0,0,3,1,70,240,0,0,0,0,0,0,0,0,0,0,0,0,0,0,1,2,35,2,1,2,1,0,0,11,15,11,1,2,82,0,0
33,330087,1,1,3,1,9,0,19,1,0,1,0,33,2,12,423,12423,15,2000,1FMNU41S5YEC,1,F,M,N,U,4,1,S,5,Y,E,C,0,P,FORD,EXC,UT,0,17,7156,,0,1371,,G,,0,0,000000000,00000000000,0,0,0,1,0,0,0,0,0,0,0,65,0,1,5,0,81,6,2,1,0,0,0,1,33,3867,6,2,0,0,3,0,65,123,1,0,0,0,0,9,2009,9,2009,1,58,36,0,0,1,2,40,3,2,2,1,0,0,14,6,8,4,4,7,1,0
33,330088,1,2,1,11,9,11,0,12,6,1,0,25,1,6,43,6043,1,2004,1C3EL45X54N2,1,C,3,E,L,4,5,X,5,4,N,2,0,P,CHRY,SLX,CV,4,17,3303,,0,1060,,G,,0,0,000000000,00000000000,0,0,0,1,0,0,0,0,0,0,0,998,0,0,0,9,9,6,2,12,0,0,0,1,25,1950,6,1,0,0,3,0,67,999,0,0,0,0,0,0,0,0,0,0,28,38,48,0,1,2,50,1,1,2,1,0,0,12,10,1,1,2,98,0,0
33,330088,2,2,1,11,9,11,0,12,6,1,0,33,1,72,706,72706,80,2010,1HD1PZ812AB9,1,H,D,1,P,Z,8,1,2,A,B,9,0,M,HD,HSE,RS,10,17,,,,,,,1803,0,0,000000000,00000000000,0,0,0,1,0,0,0,0,0,0,0,998,0,0,0,12,12,6,2,12,0,0,0,1,33,3814,6,1,6,0,3,0,71,235,0,0,0,0,0,0,0,0,0,0,0,0,0,0,1,2,50,1,1,2,1,0,0,1,60,8,2,2,98,1,0
33,330089,1,1,4,12,9,13,57,42,0,1,0,33,1,49,50,49050,3,2006,JTKDE1674601,J,T,K,D,E,1,6,7,4,6,0,1,0,P,TOYT,SXC,LB,6,17,2905,,0,1063,,G,,0,0,000000000,00000000000,0,0,0,1,0,0,0,0,0,0,0,998,0,0,0,12,12,6,2,42,0,0,0,1,33,3053,6,1,0,0,3,0,72,180,0,0,0,0,0,0,0,0,0,1,36,58,0,0,2,4,55,2,1,2,1,0,0,14,6,9,3,4,7,4,1
33,330090,1,1,1,17,9,20,15,43,0,1,0,33,1,72,706,72706,80,2009,1HD1MAM139Y8,1,H,D,1,M,A,M,1,3,9,Y,8,0,M,HD,UTG,RS,9,17,,,,,,,1690,0,0,000000000,00000000000,0,0,0,1,0,0,0,0,0,0,0,998,0,0,0,12,12,6,2,43,0,0,0,1,33,3055,6,1,0,0,2,0,70,200,0,0,0,0,0,0,0,0,0,1,0,0,0,0,2,2,35,3,1,2,1,0,0,11,6,6,1,4,1,1,1
33,330091,1,1,2,12,9,21,47,24,0,1,0,33,1,72,706,72706,80,2009,1HD1FF41X9Y6,1,H,D,1,F,F,4,1,X,9,Y,6,0,M,HD,FHC,RS,9,17,,,,,,,1584,0,0,000000000,00000000000,0,0,0,1,0,0,0,0,0,0,0,998,0,0,0,81,81,4,3,24,0,0,0,1,33,3873,6,1,0,0,3,0,74,205,1,0,0,0,1,9,2007,6,2009,1,0,0,0,0,1,2,50,1,3,2,1,0,0,1,8,6,1,4,1,1,1
33,330092,1,1,1,12,9,20,8,30,0,1,0,33,2,63,31,63031,4,2001,KNAFB1218150,K,N,A,F,B,1,2,1,8,1,5,0,0,P,KIA,SPL,4D,1,17,2478,,0,1008,,G,,0,0,000000000,00000000000,0,0,0,1,0,0,0,0,0,0,0,998,0,0,0,12,12,6,2,30,0,0,0,1,33,3301,6,1,0,0,3,0,71,140,0,0,0,1,0,7,2009,7,2009,0,0,0,0,0,1,2,30,3,1,2,1,0,0,14,13,6,1,4,1,1,1
33,330093,1,1,1,20,9,17,19,8,0,1,0,33,1,7,482,7482,31,2008,1D7HU182X8J1,1,D,7,H,U,1,8,2,X,8,J,1,0,T,DODG,SQ1,CW,8,17,,2,1605,1405,RPC,G,,0,0,000000000,00000000000,0,0,0,1,0,0,0,0,0,0,0,998,0,0,0,12,12,2,3,8,0,0,0,1,33,3570,6,1,0,0,3,0,72,395,0,0,0,0,0,0,0,0,0,0,86,0,0,0,1,2,25,1,2,2,1,2,2,11,81,1,1,1,13,0,0
33,330094,1,2,2,19,9,16,49,12,2,1,0,33,1,37,402,37402,14,2004,SHSRD78894U2,S,H,S,R,D,7,8,8,9,4,U,2,0,P,HOND,CRV,UT,4,17,0,,0,1031,,G,,0,0,000000000,00000000000,0,0,0,1,0,0,0,0,0,0,0,998,0,0,0,12,12,6,2,12,0,0,0,1,33,3055,6,1,0,0,3,0,67,145,1,0,0,0,0,8,2009,8,2009,1,28,0,0,0,1,2,30,2,1,2,1,0,0,14,10,1,1,2,50,0,0
33,330094,2,2,2,19,9,16,49,12,2,1,0,33,1,76,706,76706,80,2004,JYAVP17E84A0,J,Y,A,V,P,1,7,E,8,4,A,0,0,M,YAMA,X17,RS,4,17,,,,,,,1670,0,0,000000000,00000000000,0,0,0,1,0,0,0,0,0,0,0,998,0,0,0,12,12,6,2,12,0,0,0,1,33,3082,6,1,0,0,3,0,72,185,0,0,0,1,0,6,2010,6,2010,0,0,0,0,0,1,2,30,3,1,2,1,0,0,14,62,1,1,1,51,1,1
33,330095,1,2,1,24,9,15,30,12,6,1,0,33,1,37,402,37402,14,2008,JHLRE483X8C0,J,H,L,R,E,4,8,3,X,8,C,0,0,P,HOND,CRV,UT,8,17,3501,,0,1031,,G,,0,0,000000000,00000000000,0,0,0,1,0,0,0,0,0,0,0,998,0,0,0,11,11,4,3,12,0,0,0,1,33,3466,6,1,0,0,3,0,66,140,0,0,0,0,0,0,0,0,0,0,38,0,0,0,1,2,30,2,1,2,1,20,3,11,15,1,1,1,82,0,0
33,330095,2,2,1,24,9,15,30,12,6,1,0,33,1,72,706,72706,80,2006,1HD1KBW136Y6,1,H,D,1,K,B,W,1,3,6,Y,6,0,M,HD,FHI,RS,6,17,,,,,,,1450,0,0,000000000,00000000000,0,0,0,1,0,0,0,0,0,0,0,40,0,0,0,12,12,6,2,12,0,0,0,1,33,3458,6,1,0,0,3,0,74,185,0,0,0,1,0,12,2007,12,2007,0,0,0,0,0,1,2,30,3,1,2,1,0,0,14,66,3,2,1,83,1,0
33,330096,1,1,2,25,9,5,12,1,0,1,0,33,1,20,402,20402,14,2000,2CNBJ13C4Y69,2,C,N,B,J,1,3,C,4,Y,6,9,0,P,CHEV,TKR,UT,0,17,2987,,0,976,,G,,0,0,000000000,00000000000,0,0,0,1,0,0,0,0,0,0,0,998,0,1,3,0,61,6,2,1,0,0,0,1,33,3255,6,1,0,0,3,0,73,170,2,1,1,3,0,7,2008,4,2010,1,0,0,0,0,2,2,65,2,2,2,1,0,0,14,12,1,1,4,6,1,1
33,330097,1,2,1,27,9,17,11,1,0,1,0,33,2,20,471,20471,30,1994,1GCCT14Z6RK1,1,G,C,C,T,1,4,Z,6,R,K,1,0,T,CHEV,S14,PK,94,17,,1,1179,1083,S,G,,0,0,000000000,00000000000,0,0,0,1,0,0,0,0,0,0,0,998,0,1,1,0,13,6,2,12,0,0,0,1,33,3801,1,1,0,0,2,0,74,205,0,2,0,0,1,10,2007,11,2008,1,28,29,0,0,2,4,65,2,1,2,1,0,0,14,12,1,2,6,98,1,0
33,330097,2,2,1,27,9,17,11,1,0,1,0,25,1,37,31,37031,4,1998,2HGEJ8648WH6,2,H,G,E,J,8,6,4,8,W,H,6,0,P,HOND,UAX,4D,98,17,2505,,0,1032,,G,,0,0,000000000,00000000000,0,0,0,1,0,0,0,0,0,0,0,998,0,0,0,12,12,6,2,12,0,0,0,1,25,1966,6,1,0,0,3,0,67,999,0,0,0,0,0,0,0,0,0,0,0,0,0,0,2,4,65,3,1,2,1,0,0,14,64,2,1,1,98,1,0
33,330098,1,1,1,2,10,18,58,8,0,1,0,33,1,49,472,49472,30,2001,5TEWM72N21Z7,5,T,E,W,M,7,2,N,2,1,Z,7,0,T,TOYT,XTR,PC,1,17,,1,0,1219,TAC,G,,0,0,000000000,00000000000,0,0,0,1,0,0,0,0,0,0,0,998,0,0,0,12,12,2,3,8,0,0,0,1,33,3846,6,1,0,0,3,0,68,150,0,0,0,0,0,0,0,0,0,0,0,0,0,0,1,2,35,3,1,2,1,0,0,14,80,1,1,1,13,0,0
33,330099,1,1,1,3,10,4,17,42,0,1,0,33,1,7,41,7041,4,2002,2B3HD46R02H2,2,B,3,H,D,4,6,R,0,2,H,2,0,P,DODG,ISE,4D,2,17,3373,,0,1130,,G,,0,0,000000000,00000000000,0,0,0,1,0,0,0,0,0,0,0,998,0,0,0,12,12,6,2,42,0,0,0,1,33,3825,6,1,0,0,3,0,63,150,2,0,0,0,0,10,2007,11,2008,1,36,58,0,0,1,2,45,1,2,2,1,0,0,1,6,9,2,4,2,1,1
33,330100,1,1,1,6,10,11,5,25,0,1,0,25,1,58,32,58032,4,1993,JNKNG01C0PM2,J,N,K,N,G,0,1,C,0,P,M,2,0,P,INFI,Q45,4D,93,17,3957,,0,1132,,G,,0,0,000000000,00000000000,0,0,0,1,0,0,0,0,0,0,0,103,0,1,1,12,63,6,2,25,0,0,0,1,25,2136,6,1,0,0,3,0,66,999,0,0,0,0,0,0,0,0,0,1,0,0,0,0,3,4,20,1,1,2,2,28,3,1,6,1,1,1,12,1,0
33,330101,1,1,1,9,10,19,43,31,0,1,0,33,2,72,706,72706,80,2002,1HD1BMY1X2Y0,1,H,D,1,B,M,Y,1,X,2,Y,0,0,M,HD,FLF,RS,2,17,,,,,,,1450,0,0,000000000,00000000000,0,0,0,1,0,0,0,0,0,0,0,998,0,0,0,12,12,6,2,31,0,0,0,1,33,3235,6,1,0,0,3,0,71,250,0,0,0,0,0,0,0,0,0,1,36,0,0,0,1,2,55,3,1,2,1,0,0,14,6,6,2,4,2,1,1