STATE,ST_CASE,VEH_NO,VE_FORMS,NUMOCCS,DAY,MONTH,HOUR,MINUTE,HARM_EV,MAN_COLL,UNITTYPE,HIT_RUN,REG_STAT,OWNER,MAKE,MODEL,MAK_MOD,BODY_TYP,MOD_YEAR,VIN,VIN_1,VIN_2,VIN_3,VIN_4,VIN_5,VIN_6,VIN_7,VIN_8,VIN_9,VIN_10,VIN_11,VIN_12,TOW_VEH,VINTYPE,VINMAKE,VINA_MOD,VIN_BT,VINMODYR,VIN_LNGT,VIN_WGT,WGTCD_TR,WHLBS_LG,WHLBS_SH,SER_TR,FUELCODE,MCYCL_DS,J_KNIFE,MCARR_I1,MCARR_I2,MCARR_ID,GVWR,V_CONFIG,CARGO_BT,HAZ_INV,HAZ_PLAC,HAZ_ID,HAZ_CNO,HAZ_REL,BUS_USE,SPEC_USE,EMER_USE,TRAV_SP,UNDERIDE,ROLLOVER,ROLINLOC,IMPACT1,IMPACT2,DEFORMED,TOWED,M_HARM,VEH_SC1,VEH_SC2,FIRE_EXP,DR_PRES,L_STATE,DR_ZIP,L_STATUS,L_TYPE,CDL_STAT,L_ENDORS,L_COMPL,L_RESTRI,DR_HGT,DR_WGT,PREV_ACC,PREV_SUS,PREV_DWI,PREV_SPD,PREV_OTH,FIRST_MO,FIRST_YR,LAST_MO,LAST_YR,SPEEDREL,DR_SF1,DR_SF2,DR_SF3,DR_SF4,VTRAFWAY,VNUM_LAN,VSPD_LIM,VALIGN,VPROFILE,VPAVETYP,VSURCOND,VTRAFCON,VTCONT_F,P_CRASH1,P_CRASH2,P_CRASH3,PCRASH4,PCRASH5,ACC_TYPE,DEATHS,DR_DRINK
34,340017,1,1,5,24,1,4,30,38,0,1,0,34,2,12,401,12401,14,2003,1FMDU72K73UB,1,F,M,D,U,7,2,K,7,3,U,B,0,P,FORD,EPR,UT,3,17,4094,,0,1137,,F,,0,0,000000000,00000000000,0,0,0,1,0,0,0,0,0,0,0,998,0,0,0,12,12,6,2,19,0,0,0,1,34,7047,1,2,0,0,2,0,70,999,1,1,5,0,2,4,2007,7,2009,1,36,0,0,0,1,2,35,1,1,2,1,0,0,1,10,1,1,4,6,1,1
34,340018,1,2,1,25,1,18,8,8,0,1,0,34,1,49,40,49040,4,2002,4T1BE30K62U0,4,T,1,B,E,3,0,K,6,2,U,0,0,P,TOYT,LXS,4D,2,17,3086,,0,1071,,G,,0,0,000000000,00000000000,0,0,0,1,0,0,0,0,0,0,0,998,0,0,0,10,10,9,2,8,0,0,0,1,34,7871,6,1,0,0,3,1,62,999,1,0,0,0,2,1,2007,4,2007,0,0,0,0,0,1,4,30,1,2,2,2,0,0,1,80,1,1,1,13,0,0
34,340018,2,2,1,25,1,18,8,8,0,1,0,34,2,37,441,37441,20,2000,2HKRL1855YH5,2,H,K,R,L,1,8,5,5,Y,H,5,0,P,HOND,UDY,SV,0,17,4233,,0,1181,,G,,0,0,000000000,00000000000,0,0,0,1,0,0,0,0,0,0,0,998,0,0,0,12,12,9,2,8,0,0,0,1,34,7052,6,1,0,0,3,0,68,999,1,0,0,0,0,7,2009,7,2009,0,0,0,0,0,1,4,30,1,2,2,2,0,0,1,80,1,1,1,98,0,0
34,340019,1,2,1,14,1,19,7,12,2,1,0,34,1,2,404,2404,14,1996,1J4FJ68S6TL2,1,J,4,F,J,6,8,S,6,T,L,2,0,T,JEEP,SPC,4W,96,17,,1,0,1014,CHK,G,,0,0,000000000,00000000000,0,0,0,1,0,0,0,0,0,0,0,999,0,1,1,12,12,6,2,12,0,0,0,1,34,8322,6,1,6,0,3,3,72,999,0,0,0,0,0,0,0,0,0,0,27,36,92,0,1,2,45,1,1,2,1,0,0,1,13,99,1,6,50,0,1
34,340019,2,2,2,14,1,19,7,12,2,1,0,34,2,35,32,35032,2,1990,JN1HS36P4LW1,J,N,1,H,S,3,6,P,4,L,W,1,0,P,NISS,24S,2H,90,17,2684,,0,974,,G,,0,0,000000000,00000000000,0,0,0,1,0,0,0,0,0,0,0,999,0,0,0,12,12,6,2,12,0,0,0,1,34,8312,6,1,0,0,3,3,73,999,0,0,0,1,5,1,2008,8,2009,0,0,0,0,0,1,2,45,1,1,2,1,0,0,1,62,1,3,2,51,1,0
34,340022,1,1,1,15,1,6,9,8,0,1,0,34,1,14,401,14401,14,2007,4M2EU47E47UJ,4,M,2,E,U,4,7,E,4,7,U,J,0,P,MERC,MOU,UT,7,17,4725,,0,1137,,G,,0,0,000000000,00000000000,0,0,0,1,0,0,0,0,0,0,0,999,0,0,0,11,12,2,3,8,0,0,0,1,34,7731,6,1,0,0,3,0,62,999,0,0,0,0,0,0,0,0,0,0,0,0,0,0,6,1,40,1,1,2,1,0,0,1,80,1,1,1,13,0,0
34,340023,1,1,2,26,1,16,26,30,0,1,0,34,1,24,1,24001,4,1992,1G8ZJ5478NZ2,1,G,8,Z,J,5,4,7,8,N,Z,2,0,P,STRN,SL2,4D,92,17,0,,0,1024,,G,,0,0,000000000,00000000000,0,0,0,1,0,0,0,0,0,0,0,999,0,1,6,12,12,6,2,1,0,0,0,1,34,7882,6,1,0,0,3,0,72,141,0,0,0,0,0,0,0,0,0,0,0,0,0,0,1,2,25,1,2,2,1,0,0,1,13,1,1,4,1,2,0
34,340024,1,2,1,21,1,7,27,12,6,1,0,18,3,82,881,82881,66,2009,1FUBA5CK69DA,1,F,U,B,A,5,C,K,6,9,D,A,1,T,FRHT,COL,DS,9,17,,7,0,0,CON,D,,1,57,844379,57844379,3,6,1,1,0,0,0,0,0,0,0,999,0,0,0,12,11,6,2,12,0,0,0,1,34,8736,6,1,6,0,3,3,70,999,0,0,0,0,0,0,0,0,0,0,0,0,0,0,1,2,25,1,1,2,1,3,3,1,17,9,1,1,88,0,0
34,340024,2,2,1,21,1,7,27,12,6,1,0,34,1,35,51,35051,6,2008,JN8AS58V28W1,J,N,8,A,S,5,8,V,2,8,W,1,0,P,NISS,ROG,UT,8,17,3426,,0,1059,,G,,0,0,000000000,00000000000,0,0,0,1,0,0,0,0,0,0,0,998,0,0,0,9,9,6,2,12,0,0,0,1,34,8757,6,1,0,0,3,3,69,194,0,0,0,0,0,0,0,0,0,0,39,0,0,0,3,3,50,1,1,2,1,3,3,1,17,1,1,1,89,1,0
34,340025,1,2,2,27,1,10,41,12,6,1,0,34,2,13,1,13001,4,2002,1LNHM82W32Y6,1,L,N,H,M,8,2,W,3,2,Y,6,0,P,LINC,SIG,4D,2,17,4075,,0,1177,,G,,0,0,000000000,00000000000,0,0,0,1,0,0,0,0,0,0,0,998,0,0,0,3,3,9,2,12,0,0,0,1,34,8049,0,0,0,0,0,0,999,999,0,2,0,0,0,1,2009,1,2010,0,48,0,0,0,6,1,99,1,1,2,1,0,0,11,15,1,1,3,68,0,1
34,340025,2,2,1,27,1,10,41,12,6,1,0,34,1,72,706,72706,80,2006,1HD1GP1106K3,1,H,D,1,G,P,1,1,0,6,K,3,0,M,HD,WGI,RS,6,17,,,,,,,1450,0,0,000000000,00000000000,0,0,0,1,0,0,0,0,0,0,0,998,0,0,0,12,12,6,2,12,0,0,0,1,34,8007,6,1,6,0,3,3,69,999,0,0,0,0,1,7,2009,7,2009,0,0,0,0,0,1,2,35,1,1,2,1,0,0,1,17,1,1,1,69,1,0
34,340026,1,2,1,15,1,16,43,12,6,1,0,34,1,2,403,2403,14,2002,1J4FA49S82P7,1,J,4,F,A,4,9,S,8,2,P,7,0,T,JEEP,SPW,2W,2,17,,1,0,934,W/T,G,,0,0,000000000,00000000000,0,0,0,1,0,0,0,0,0,0,0,998,0,0,0,9,9,6,2,12,0,0,0,1,34,8096,6,1,0,0,3,0,73,999,0,0,0,0,1,5,2007,5,2007,0,38,0,0,0,1,2,45,1,1,2,1,20,3,11,15,1,1,1,82,1,0
34,340026,2,2,1,15,1,16,43,12,6,1,0,34,1,20,20,20020,4,1992,2G1WN54X4N91,2,G,1,W,N,5,4,X,4,N,9,1,0,P,CHEV,EUR,4D,92,17,3256,,0,1075,,G,,0,0,000000000,00000000000,0,0,0,1,0,0,0,0,0,0,0,998,0,0,0,12,12,9,3,12,0,0,0,1,34,8012,6,1,0,0,3,3,63,999,0,0,0,0,0,0,0,0,0,0,0,0,0,0,2,2,55,1,1,2,1,0,0,1,17,1,1,1,83,0,0
34,340027,1,1,1,24,1,21,23,33,0,1,0,34,1,49,472,49472,30,2008,5TEPX42N18Z5,5,T,E,P,X,4,2,N,1,8,Z,5,0,T,TOYT,REG,PK,8,17,,1,0,1100,TAC,G,,0,0,000000000,00000000000,0,0,0,1,0,0,0,0,0,0,0,999,0,0,0,14,12,6,2,24,0,0,0,1,34,7450,6,1,0,0,3,0,76,220,0,0,0,0,0,0,0,0,0,0,36,0,0,0,6,1,30,3,2,2,2,3,3,11,9,7,1,4,6,1,1
34,340028,1,2,1,14,1,6,2,12,7,1,0,42,1,20,471,20471,30,2000,1GCCS1957Y82,1,G,C,C,S,1,9,5,7,Y,8,2,0,T,CHEV,S14,PC,0,17,,1,0,1229,S,F,,0,0,000000000,00000000000,0,0,0,1,0,0,0,0,0,0,0,999,0,0,0,4,11,6,2,12,0,0,0,1,42,18301,6,1,0,0,3,0,70,999,0,0,0,0,0,0,0,0,0,0,0,0,0,0,3,3,65,1,1,2,1,0,0,1,60,1,2,1,45,1,0
34,340028,2,2,1,14,1,6,2,12,7,1,1,99,9,99,999,99999,99,9999,999999999999,9,9,9,9,9,9,9,9,9,9,9,9,1,U,,,,9,17,,,,,,,,1,99,999999999,99999999999,9,99,99,1,0,0,0,0,99,99,9,999,0,0,0,9,99,9,1,99,99,99,0,1,99,99999,9,9,99,9,9,9,999,999,99,99,99,99,99,99,9999,99,9999,0,27,36,0,0,3,3,65,1,1,2,1,0,0,15,10,1,9,2,47,0,0
34,340029,1,1,2,29,1,1,12,5,0,1,0,34,1,12,422,12422,15,2001,1FMFU18L51LA,1,F,M,F,U,1,8,L,5,1,L,A,0,P,FORD,EPT,UT,1,17,5417,,0,1191,,G,,0,0,000000000,00000000000,0,0,0,1,0,0,0,0,0,0,0,999,0,0,0,0,0,0,1,5,0,0,0,1,34,8028,6,1,0,0,3,0,71,999,0,0,0,0,1,3,2009,3,2009,0,0,0,0,0,1,2,25,1,1,2,1,0,0,1,98,1,1,1,0,1,0
34,340030,1,2,1,16,1,13,25,12,6,1,0,34,2,37,31,37031,2,2005,1HGEM22965L0,1,H,G,E,M,2,2,9,6,5,L,0,0,P,HOND,UAX,CP,5,17,2657,,0,1031,,G,,0,0,000000000,00000000000,0,0,0,1,0,0,0,0,0,0,0,998,0,0,0,12,12,6,2,12,0,0,0,1,34,8831,6,1,0,0,3,0,62,999,1,0,0,1,3,8,2007,10,2009,0,0,0,0,0,1,2,40,1,1,2,1,0,0,1,66,1,1,1,86,0,0
34,340030,2,2,2,16,1,13,25,12,6,1,0,34,2,41,402,41402,14,2001,4F2YU08131KM,4,F,2,Y,U,0,8,1,3,1,K,M,0,P,MAZD,TRI,UT,1,17,3455,,0,1031,,G,,0,0,000000000,00000000000,0,0,0,1,0,0,0,0,0,0,0,998,0,1,9,3,3,6,2,12,0,0,0,1,34,7310,6,1,0,0,3,3,62,999,0,0,0,0,1,7,2007,7,2007,0,38,0,0,0,1,2,35,1,1,2,1,20,3,1,17,1,1,1,87,1,0
34,340031,1,1,1,29,1,6,16,41,0,1,0,12,2,37,31,37031,4,2002,2HGES16572H6,2,H,G,E,S,1,6,5,7,2,H,6,0,P,HOND,UCL,4D,2,17,2515,,0,1031,,G,,0,0,000000000,00000000000,0,0,0,1,0,0,0,0,0,0,0,999,0,0,0,11,12,6,2,42,0,0,0,1,34,7719,6,1,0,0,3,3,67,300,0,0,0,0,0,0,0,0,0,0,4,0,0,0,1,2,45,2,1,2,1,0,0,14,12,1,1,4,6,1,0
34,340032,1,2,1,31,1,15,20,12,6,1,0,34,2,22,23,22023,2,2006,1G2MB33B66Y1,1,G,2,M,B,3,3,B,6,6,Y,1,0,P,PONT,SOL,RD,6,17,2860,,0,951,,G,,0,0,000000000,00000000000,0,0,0,1,0,0,0,0,0,0,0,999,0,0,0,5,5,6,2,12,0,0,0,1,34,8260,6,1,0,0,3,0,65,999,0,0,0,0,0,0,0,0,0,0,87,28,0,0,1,2,45,1,1,2,3,0,0,1,5,1,3,2,65,1,0
34,340032,2,2,1,31,1,15,20,12,6,1,0,34,1,20,37,20037,4,2005,1G1ZT62825F1,1,G,1,Z,T,6,2,8,2,5,F,1,0,P,CHEV,XLS,4D,5,17,3476,,0,1123,,G,,0,0,000000000,00000000000,0,0,0,1,0,0,0,0,0,0,0,999,0,0,0,12,12,6,2,12,0,0,0,1,34,8251,6,1,0,0,3,0,66,999,0,0,0,0,0,0,0,0,0,0,0,0,0,0,1,2,45,1,1,2,3,0,0,1,62,1,1,1,64,0,0
34,340033,1,2,2,30,1,23,6,25,0,1,0,36,2,20,482,20482,31,2002,999999999999,9,9,9,9,9,9,9,9,9,9,9,9,0,U,,KAV,CW,9,17,,2,0,1300,AVL,G,,0,0,000000000,00000000000,0,0,0,1,0,0,0,0,0,0,0,0,0,0,0,12,9,6,2,12,0,0,0,1,36,11010,6,2,0,0,3,3,66,999,0,0,0,0,0,0,0,0,0,0,54,0,0,0,3,3,45,1,1,2,2,0,0,2,4,1,1,4,6,0,0
34,340033,2,2,1,30,1,23,6,25,0,1,0,24,3,82,881,82881,66,2009,1FUBA5CK09LA,1,F,U,B,A,5,C,K,0,9,L,A,1,T,FRHT,COL,DS,9,17,,7,0,0,CON,D,,1,57,1008230,571008230,3,6,1,1,0,0,0,0,0,0,0,998,0,0,0,12,12,6,2,2,0,0,1,1,24,21215,6,1,6,1,3,0,71,190,0,2,0,2,1,4,2007,5,2009,0,0,0,0,0,3,3,45,1,1,2,2,0,0,1,50,1,1,1,98,1,0
34,340035,1,3,1,17,1,12,3,12,6,1,0,34,1,47,36,47036,4,2002,YS3EB49E0230,Y,S,3,E,B,4,9,E,0,2,3,0,0,P,SAA,9/L,4D,2,17,3600,,0,1064,,G,,0,0,000000000,00000000000,0,0,0,1,0,0,0,0,0,0,0,998,0,0,0,1,1,6,2,12,0,0,0,1,34,7066,6,1,0,0,3,3,70,999,0,0,0,0,0,0,0,0,0,1,0,0,0,0,2,3,55,1,1,2,1,0,0,1,54,1,1,6,64,1,0
34,340035,2,3,2,17,1,12,3,12,6,1,0,34,2,35,43,35043,4,2004,3N1CB51D54L4,3,N,1,C,B,5,1,D,5,4,L,4,0,P,NISS,S18,4D,4,17,2387,,0,998,,G,,0,0,000000000,00000000000,0,0,0,1,0,0,0,0,0,0,0,998,0,0,0,12,12,6,2,12,0,0,0,1,34,7042,6,1,0,0,3,0,69,999,0,0,0,0,1,2,2008,2,2008,1,28,0,0,0,2,3,55,1,1,2,1,0,0,1,62,1,1,1,65,1,0
34,340035,3,3,2,17,1,12,3,12,6,1,0,34,2,49,40,49040,4,2005,4T1BE32K95U5,4,T,1,B,E,3,2,K,9,5,U,5,0,P,TOYT,XLL,4D,5,17,3108,,0,1071,,G,,0,0,000000000,00000000000,0,0,0,1,0,0,0,0,0,0,0,998,0,0,0,12,12,6,2,12,0,0,0,1,34,8820,6,1,0,0,3,0,69,999,0,0,0,0,0,0,0,0,0,0,0,0,0,0,2,3,55,1,1,2,1,0,0,1,60,2,1,1,98,0,0
34,340036,1,2,1,4,2,5,37,12,2,1,0,34,1,37,31,37031,4,2007,1HGFA165X7L1,1,H,G,F,A,1,6,5,X,7,L,1,0,P,HOND,UCL,4D,7,17,2751,,0,1063,,G,,0,0,000000000,00000000000,0,0,0,1,0,0,0,0,0,0,0,998,0,0,0,12,12,6,2,12,0,0,0,1,34,8873,6,1,0,0,3,0,66,999,1,0,0,0,1,10,2009,11,2009,0,28,0,0,0,1,2,40,1,1,2,1,0,0,1,10,1,1,2,50,0,0
34,340036,2,2,2,4,2,5,37,12,2,1,0,34,2,14,36,14036,4,1994,3MARM10J0RR6,3,M,A,R,M,1,0,J,0,R,R,6,0,P,MERC,TTO,4D,94,17,2393,,0,984,,G,,0,0,000000000,00000000000,0,0,0,1,0,0,0,0,0,0,0,998,0,0,0,12,12,6,2,12,0,0,0,1,34,8873,6,1,6,0,3,0,65,193,0,0,0,0,2,9,2007,9,2008,0,0,0,0,0,1,2,40,1,1,2,1,0,0,1,78,7,1,1,51,1,0
34,340037,1,1,1,8,2,13,29,10,0,1,0,34,1,55,35,55035,4,2002,KMHDN45D72U2,K,M,H,D,N,4,5,D,7,2,U,2,0,P,HYUN,EST,4D,2,17,2635,,0,1027,,G,,0,0,000000000,00000000000,0,0,0,1,0,0,0,0,0,0,0,998,0,0,0,9,9,6,2,10,0,0,0,1,34,8009,6,1,0,0,3,3,65,125,0,0,0,0,0,0,0,0,0,0,39,38,0,0,1,2,25,1,2,2,3,65,3,1,17,1,1,1,15,1,0
34,340038,1,2,1,22,1,6,35,12,6,1,0,36,1,35,39,35039,4,1999,JN1CA21D6XT8,J,N,1,C,A,2,1,D,6,X,T,8,0,P,NISS,MGS,4D,99,17,2896,,0,1063,,G,,0,0,000000000,00000000000,0,0,0,1,0,0,0,0,0,0,0,998,0,0,0,12,12,9,2,12,0,0,0,1,36,12188,6,1,0,0,3,0,999,999,0,0,0,0,0,0,0,0,0,0,0,0,0,0,1,2,30,1,1,2,1,0,0,1,17,1,1,9,69,0,0
34,340038,2,2,2,22,1,6,35,12,6,1,0,34,2,41,35,41035,4,1998,JM1BC1410W01,J,M,1,B,C,1,4,1,0,W,0,1,0,P,MAZD,PDS,4D,98,17,2385,,0,1026,,G,,0,0,000000000,00000000000,0,0,0,1,0,0,0,0,0,0,0,998,0,0,0,3,3,9,2,12,0,0,0,1,34,7601,6,1,0,0,3,0,63,999,1,0,0,0,0,7,2009,7,2009,0,38,0,0,0,1,2,30,1,1,2,1,0,0,11,15,1,1,1,68,1,0
34,340039,1,2,1,1,2,18,57,12,1,1,0,34,1,59,35,59035,4,2003,JTHBD1926300,J,T,H,B,D,1,9,2,6,3,0,0,0,P,LEXS,IS3,4D,3,17,3255,,0,1051,,G,,0,0,000000000,00000000000,0,0,0,1,0,0,0,0,0,0,0,999,0,0,0,12,12,6,2,8,0,0,0,1,34,7201,6,1,0,0,3,0,65,999,0,0,0,0,0,0,0,0,0,0,0,0,0,0,3,2,55,1,1,2,1,0,0,1,50,7,1,1,32,0,0
34,340039,2,2,0,1,2,18,57,12,1,1,0,34,6,35,43,35043,4,1995,1N4AB41DXSC7,1,N,4,A,B,4,1,D,X,S,C,7,0,P,NISS,XGU,4D,95,17,2324,,0,998,,G,,0,0,000000000,00000000000,0,0,0,1,0,0,0,0,0,0,0,0,0,0,0,6,6,6,2,12,0,0,0,0,,,,,,,,,999,,,,,,,,,,,,20,0,0,0,2,2,55,1,1,2,1,0,0,0,53,0,0,0,32,0,0
34,340040,1,1,1,11,2,1,33,8,0,1,1,99,9,99,999,99999,99,9999,999999999999,9,9,9,9,9,9,9,9,9,9,9,9,9,U,,,,9,17,,,,,,,,0,99,999999999,99999999999,9,99,99,1,0,0,0,0,99,99,9,999,0,0,0,12,12,9,1,99,99,99,0,1,99,99999,9,9,99,9,9,9,999,999,99,99,99,99,99,99,9999,99,9999,0,86,0,0,0,1,2,40,1,2,2,3,0,0,1,80,99,1,1,13,0,0
34,340042,1,1,1,2,2,20,38,8,0,1,0,34,1,49,40,49040,4,1993,4T1SK12E1PU3,4,T,1,S,K,1,2,E,1,P,U,3,0,P,TOYT,CLE,4D,93,17,3053,,0,1031,,G,,0,0,000000000,00000000000,0,0,0,1,0,0,0,0,0,0,0,998,0,0,0,12,12,2,1,8,0,0,0,1,34,7047,6,1,0,0,3,0,66,999,0,0,0,0,1,5,2007,5,2007,0,0,0,0,0,1,4,25,1,1,2,2,0,0,1,17,2,1,1,13,0,0
34,340043,1,2,1,22,1,20,8,12,7,1,0,42,3,51,881,51881,66,2000,4V4ND2GG4YN2,4,V,4,N,D,2,G,G,4,Y,N,2,1,T,VOLV,VVN,DS,0,17,,8,0,0,VVN,D,,1,57,1128454,571128454,3,6,1,1,0,0,0,0,0,0,0,998,0,0,0,1,83,6,2,12,0,0,0,1,42,19053,6,1,6,1,3,0,69,999,0,0,0,1,5,8,2007,6,2009,0,27,0,0,0,3,3,55,2,2,2,1,0,0,15,11,1,1,2,46,0,0
34,340043,2,2,3,22,1,20,8,12,7,1,0,34,3,54,39,54039,4,2010,JH4CU2F65AC0,J,H,4,C,U,2,F,6,5,A,C,0,0,P,ACUR,TSX,4D,10,17,3470,,0,1064,,G,,0,0,000000000,00000000000,0,0,0,1,0,0,0,0,0,0,0,998,1,0,0,8,10,6,2,12,0,0,0,1,34,7430,6,1,0,0,3,3,60,999,0,0,0,0,1,6,2008,6,2008,0,0,0,0,0,3,3,55,2,2,2,1,0,0,14,13,7,1,1,45,1,0
34,340044,1,1,1,13,2,14,21,24,0,1,0,34,1,30,40,30040,4,2005,3VWSF71K45M6,3,V,W,S,F,7,1,K,4,5,M,6,0,P,VOLK,OP1,4D,5,17,3118,,0,1015,,G,,0,0,000000000,00000000000,0,0,0,1,0,0,0,0,0,0,0,999,0,0,0,1,12,6,2,59,0,0,0,1,34,7734,6,1,0,0,3,0,65,999,0,0,0,0,1,8,2007,8,2007,0,0,0,0,0,3,5,55,1,1,2,1,0,0,1,13,1,1,4,1,1,0
34,340045,1,1,1,10,2,1,19,8,0,1,0,34,1,7,472,7472,31,1996,1B7FL26X0TW7,1,B,7,F,L,2,6,X,0,T,W,7,0,T,DODG,DAK,PK,96,17,,1,1239,1119,DAK,G,,0,0,000000000,00000000000,0,0,0,1,0,0,0,0,0,0,0,998,0,0,0,11,11,4,3,8,0,0,0,1,34,7752,6,1,0,0,3,0,72,999,0,0,0,1,1,9,2008,11,2009,0,0,0,0,0,3,2,50,1,1,2,1,0,0,1,80,1,1,1,13,0,0
34,340046,1,1,1,23,1,19,32,30,0,1,0,17,1,42,48,42048,4,2001,WDBJF74J21B2,W,D,B,J,F,7,4,J,2,1,B,2,0,P,MERZ,E55,4D,1,17,3635,,0,1115,,G,,0,0,000000000,00000000000,0,0,0,1,0,0,0,0,0,0,0,63,0,0,0,9,9,6,2,30,0,0,0,1,34,8534,6,1,0,0,3,0,73,999,0,0,0,0,1,8,2008,8,2008,1,0,0,0,0,1,2,50,3,1,2,1,0,0,14,6,1,4,4,2,1,1
34,340047,1,1,1,15,2,18,37,8,0,1,0,34,2,12,37,12037,6,2001,1FAHP36391W3,1,F,A,H,P,3,6,3,9,1,W,3,0,P,FORD,FSC,SW,1,17,2723,,0,1030,,G,,0,0,000000000,00000000000,0,0,0,1,0,0,0,0,0,0,0,998,0,0,0,12,12,9,3,8,0,0,0,1,34,7012,6,1,0,0,3,3,70,999,1,0,0,0,0,5,2008,5,2008,0,0,0,0,0,1,2,25,1,1,2,1,3,3,1,17,1,1,1,13,0,0
34,340048,1,1,1,16,2,12,36,9,0,1,0,34,1,49,40,49040,4,1996,4T1BG12K1TU7,4,T,1,B,G,1,2,K,1,T,U,7,0,P,TOYT,DLX,4D,96,17,2932,,0,1031,,G,,0,0,000000000,00000000000,0,0,0,1,0,0,0,0,0,0,0,998,0,0,0,12,12,6,2,9,0,0,0,1,34,8520,6,1,0,0,3,3,67,999,0,0,0,0,2,5,2007,4,2009,0,36,0,0,0,1,2,30,3,1,2,2,0,0,14,11,1,1,1,13,0,1
34,340049,1,3,1,18,2,10,12,12,6,1,0,34,2,49,402,49402,14,2002,JTEHH20V1260,J,T,E,H,H,2,0,V,1,2,6,0,0,P,TOYT,RV4,UT,2,17,2877,,0,980,,G,,0,0,000000000,00000000000,0,0,0,1,0,0,0,0,0,0,0,999,0,0,0,12,12,6,2,12,0,0,0,1,34,8332,6,1,0,0,3,0,70,999,0,0,0,0,0,0,0,0,0,0,0,0,0,0,1,2,50,1,1,2,1,0,0,1,66,1,1,1,86,0,0
34,340049,2,3,5,18,2,10,12,12,6,1,0,34,1,49,40,49040,4,1997,4T1BG22K2VU1,4,T,1,B,G,2,2,K,2,V,U,1,0,P,TOYT,UEX,4D,97,17,2976,,0,1051,,G,,0,0,000000000,00000000000,0,0,0,1,0,0,0,0,0,0,0,999,0,0,0,3,11,6,2,12,0,0,0,1,34,8230,6,1,0,0,3,3,64,999,0,0,0,0,0,0,0,0,0,0,38,39,0,0,1,2,25,1,1,2,1,20,3,1,17,1,1,1,87,2,0
34,340049,3,3,1,18,2,10,12,12,6,1,0,34,1,35,472,35472,30,2002,1N6DD26S82C3,1,N,6,D,D,2,6,S,8,2,C,3,0,T,NISS,FKX,PC,2,17,,1,0,1161,FRT,G,,0,0,000000000,00000000000,0,0,0,1,0,0,0,0,0,0,0,0,0,0,0,11,11,4,3,12,0,0,0,1,34,8332,6,1,0,0,3,0,72,999,1,0,0,0,0,2,2010,2,2010,0,0,0,0,0,1,2,25,1,1,2,1,20,3,5,63,1,1,1,98,0,0
34,340050,1,1,1,20,2,2,17,8,0,1,1,34,2,52,34,52034,4,1998,4A3AJ56G5WE0,4,A,3,A,J,5,6,G,5,W,E,0,9,P,MITS,UEL,4D,98,17,2877,,0,1037,,G,,0,0,000000000,00000000000,0,0,0,1,0,0,0,0,0,0,0,998,0,0,0,12,12,9,9,8,0,0,0,1,34,7522,0,0,0,0,0,0,63,999,0,0,0,0,0,0,0,0,0,0,92,0,0,0,1,2,25,1,1,2,1,0,0,1,80,1,1,1,13,0,1
34,340051,1,1,2,20,2,18,14,8,0,1,0,34,1,9,38,9038,4,1998,1P3EJ46C0WN1,1,P,3,E,J,4,6,C,0,W,N,1,0,P,PLYM,BEE,4D,98,17,2848,,0,1080,,G,,0,0,000000000,00000000000,0,0,0,1,0,0,0,0,0,0,0,999,0,0,0,12,12,6,2,8,0,0,0,1,34,8360,6,1,0,0,3,3,62,999,0,0,0,1,0,6,2009,6,2009,0,0,0,0,0,2,2,45,1,2,2,1,0,0,1,80,1,1,1,13,0,0
34,340052,1,1,4,20,2,6,7,8,0,1,0,34,3,12,481,12481,31,2004,1FDXW47P54ED,1,F,D,X,W,4,7,P,5,4,E,D,0,T,FORD,F4D,CB,4,17,,4,0,1890,DRW,D,,0,0,000000000,00000000000,0,0,0,1,0,0,0,0,0,0,0,998,0,0,0,1,2,2,1,8,0,0,0,1,34,7006,6,1,6,0,3,0,69,999,0,0,0,0,0,0,0,0,0,0,0,0,0,0,2,4,65,3,5,2,1,0,0,14,81,8,2,1,13,0,0
34,340053,1,2,1,21,2,5,22,8,0,1,0,34,2,24,401,24401,14,2004,5GZCZ43D14S8,5,G,Z,C,Z,4,3,D,1,4,S,8,0,P,STRN,VUE,UT,4,17,3430,,0,1066,,G,,0,0,000000000,00000000000,0,0,0,1,0,0,0,0,0,0,0,999,0,0,0,1,1,0,3,8,0,0,0,1,34,7006,6,1,0,0,3,0,67,999,0,0,0,0,0,0,0,0,0,0,0,0,0,0,3,3,50,1,1,2,1,0,0,1,80,1,1,1,13,0,0
34,340053,2,2,1,21,2,5,22,8,0,1,1,34,2,49,50,49050,3,2007,JTKDE1771701,J,T,K,D,E,1,7,7,1,7,0,1,0,P,TOYT,SXC,LB,7,17,2905,,0,1063,,G,,0,0,000000000,00000000000,0,0,0,1,0,0,0,0,0,0,0,999,0,0,0,14,14,0,1,8,0,0,0,1,34,7849,6,1,0,0,3,3,70,999,0,1,0,1,5,1,2008,8,2009,0,86,0,0,0,3,3,50,1,1,2,1,0,0,17,50,7,1,2,98,0,0
34,340054,1,2,1,20,2,2,36,12,1,1,0,34,3,87,881,87881,66,2009,1XPTD49XX9D7,1,X,P,T,D,4,9,X,X,9,D,7,1,T,PTRB,367,DS,9,17,,8,0,0,CON,D,,1,57,1273,571273,3,6,2,2,2,1203,3,1,0,0,0,0,0,0,0,6,6,9,1,12,0,0,0,1,42,19116,6,1,6,1,3,0,73,999,0,0,0,0,2,6,2008,5,2009,0,0,0,0,0,3,3,40,1,1,2,1,3,3,5,53,1,1,1,21,0,0