STATE,ST_CASE,VEH_NO,VE_FORMS,NUMOCCS,DAY,MONTH,HOUR,MINUTE,HARM_EV,MAN_COLL,UNITTYPE,HIT_RUN,REG_STAT,OWNER,MAKE,MODEL,MAK_MOD,BODY_TYP,MOD_YEAR,VIN,VIN_1,VIN_2,VIN_3,VIN_4,VIN_5,VIN_6,VIN_7,VIN_8,VIN_9,VIN_10,VIN_11,VIN_12,TOW_VEH,VINTYPE,VINMAKE,VINA_MOD,VIN_BT,VINMODYR,VIN_LNGT,VIN_WGT,WGTCD_TR,WHLBS_LG,WHLBS_SH,SER_TR,FUELCODE,MCYCL_DS,J_KNIFE,MCARR_I1,MCARR_I2,MCARR_ID,GVWR,V_CONFIG,CARGO_BT,HAZ_INV,HAZ_PLAC,HAZ_ID,HAZ_CNO,HAZ_REL,BUS_USE,SPEC_USE,EMER_USE,TRAV_SP,UNDERIDE,ROLLOVER,ROLINLOC,IMPACT1,IMPACT2,DEFORMED,TOWED,M_HARM,VEH_SC1,VEH_SC2,FIRE_EXP,DR_PRES,L_STATE,DR_ZIP,L_STATUS,L_TYPE,CDL_STAT,L_ENDORS,L_COMPL,L_RESTRI,DR_HGT,DR_WGT,PREV_ACC,PREV_SUS,PREV_DWI,PREV_SPD,PREV_OTH,FIRST_MO,FIRST_YR,LAST_MO,LAST_YR,SPEEDREL,DR_SF1,DR_SF2,DR_SF3,DR_SF4,VTRAFWAY,VNUM_LAN,VSPD_LIM,VALIGN,VPROFILE,VPAVETYP,VSURCOND,VTRAFCON,VTCONT_F,P_CRASH1,P_CRASH2,P_CRASH3,PCRASH4,PCRASH5,ACC_TYPE,DEATHS,DR_DRINK
34,340054,2,2,1,20,2,2,36,12,1,1,0,34,1,14,443,14443,20,1996,4M2DV11W8TDJ,4,M,2,D,V,1,1,W,8,T,D,J,0,P,MERC,VLR,SV,96,17,0,,0,1122,,G,,0,0,000000000,00000000000,0,0,0,1,0,0,0,0,0,0,0,998,0,0,0,12,12,6,2,12,0,0,0,1,34,7036,6,1,0,0,3,0,66,999,0,1,0,0,1,3,2007,8,2007,0,0,0,0,0,3,3,40,1,1,2,1,3,3,1,50,1,1,1,20,1,1
34,340055,1,1,1,18,2,5,15,8,0,1,0,34,1,12,401,12401,14,1997,1FMCU22XXVUA,1,F,M,C,U,2,2,X,X,V,U,A,0,P,FORD,EPR,UT,97,17,3707,,0,1017,,G,,0,0,000000000,00000000000,0,0,0,1,0,0,0,0,0,0,0,998,0,1,1,12,12,6,2,8,0,0,0,1,34,7002,6,1,0,0,3,3,66,999,2,0,0,0,2,3,2008,2,2010,0,35,0,0,0,1,2,25,1,1,2,1,0,0,6,17,7,1,2,13,0,0
34,340056,1,1,2,22,2,22,40,8,0,1,0,36,1,13,1,13001,4,2006,1LNHM82V36Y6,1,L,N,H,M,8,2,V,3,6,Y,6,0,P,LINC,SGL,4D,6,17,4359,,0,1177,,F,,0,0,000000000,00000000000,0,0,0,1,0,0,0,0,0,0,0,998,0,0,0,12,12,9,2,8,0,0,0,1,36,10314,6,1,0,0,3,0,69,999,0,4,0,0,1,3,2007,5,2007,0,0,0,0,0,3,3,40,1,1,2,2,0,0,1,80,1,1,1,13,0,0
34,340057,1,2,1,22,2,8,48,12,6,1,0,34,3,84,881,84881,63,2009,1HTWDAZRX9J1,1,H,T,W,D,A,Z,R,X,9,J,1,0,T,INTL,740,CC,9,17,,8,0,0,70S,D,,0,88,888888888,88888888888,3,1,4,1,0,0,0,0,0,0,0,998,0,0,0,11,11,6,2,12,0,0,0,1,34,8527,6,1,6,0,3,0,72,999,0,0,0,1,1,1,2008,6,2008,0,0,0,0,0,1,2,50,1,1,2,1,0,0,2,18,1,1,3,45,0,0
34,340057,2,2,3,22,2,8,48,12,6,1,0,34,1,13,421,13421,15,2001,5LMFU28A51LJ,5,L,M,F,U,2,8,A,5,1,L,J,0,P,LINC,NAV,UT,1,17,5720,,0,1190,,G,,0,0,000000000,00000000000,0,0,0,1,0,0,0,0,0,0,0,998,0,1,5,3,12,6,2,12,0,0,0,1,34,8555,6,1,0,0,3,0,69,999,1,4,0,0,5,2,2008,1,2010,0,35,0,0,0,1,2,50,1,1,2,1,0,0,6,12,11,1,2,46,1,0
34,340058,1,2,1,4,2,20,31,12,6,1,0,34,1,7,461,7461,21,2002,2B6HB11X32K1,2,B,6,H,B,1,1,X,3,2,K,1,0,T,DODG,15B,IC,2,17,,2,1272,1093,RMV,G,,0,0,000000000,00000000000,0,0,0,1,0,0,0,0,0,0,0,998,0,0,0,10,10,9,2,12,0,0,0,1,34,8861,6,1,0,0,3,3,71,999,0,0,0,0,0,0,0,0,0,0,39,0,0,0,1,2,25,1,1,2,1,20,3,1,15,1,1,1,89,0,0
34,340058,2,2,2,4,2,20,31,12,6,1,0,34,2,37,31,37031,2,1992,2HGEH2342NH5,2,H,G,E,H,2,3,4,2,N,H,5,0,P,HOND,UCC,2H,92,17,2094,,0,1013,,G,,0,0,000000000,00000000000,0,0,0,1,0,0,0,0,0,0,0,998,0,0,0,12,12,9,2,12,0,0,0,1,34,8861,6,1,0,0,3,0,68,999,0,0,0,0,1,9,2009,9,2009,1,36,0,0,0,1,2,45,1,1,2,1,0,0,1,17,1,1,1,88,1,0
34,340059,1,1,2,23,2,22,55,33,0,1,0,34,1,22,9,22009,2,1991,1G2FS23E1ML2,1,G,2,F,S,2,3,E,1,M,L,2,0,P,PONT,FBF,2H,91,17,3002,,0,1010,,G,,0,0,000000000,00000000000,0,0,0,1,0,0,0,0,0,0,0,999,0,0,0,14,9,6,2,30,0,0,0,1,34,8807,6,1,0,0,3,3,72,243,0,0,0,0,0,0,0,0,0,1,28,0,0,0,1,2,30,1,1,2,2,0,0,1,5,7,4,4,7,1,0
34,340060,1,1,1,23,2,14,21,24,0,1,0,34,1,23,401,23401,14,2002,1GKDT13S5224,1,G,K,D,T,1,3,S,5,2,2,4,0,T,GMC,ENV,4W,2,17,,1,0,1130,ENV,G,,0,0,000000000,00000000000,0,0,0,1,0,0,0,0,0,0,0,999,0,1,2,11,61,6,2,1,0,0,0,1,34,7825,6,1,0,0,3,0,67,155,0,0,0,0,0,0,0,0,0,0,87,28,0,0,3,3,65,2,1,2,10,0,0,14,8,9,3,4,2,1,0
34,340062,1,1,1,28,2,13,51,38,0,1,0,34,1,41,402,41402,14,2002,4F2YU081X2KM,4,F,2,Y,U,0,8,1,X,2,K,M,0,P,MAZD,TRI,UT,2,17,3455,,0,1031,,G,,0,0,000000000,00000000000,0,0,0,1,0,0,0,0,0,0,0,998,0,1,6,1,13,6,2,1,0,0,0,1,34,7456,6,1,0,0,3,0,72,999,0,0,0,0,0,0,0,0,0,0,0,0,0,0,1,2,50,2,2,2,1,0,0,14,13,1,1,5,1,1,1
34,340063,1,2,1,1,3,17,38,12,6,1,0,34,1,35,43,35043,4,2006,3N1CB51D36L4,3,N,1,C,B,5,1,D,3,6,L,4,0,P,NISS,S18,4D,6,17,2509,,0,998,,G,,0,0,000000000,00000000000,0,0,0,1,0,0,0,0,0,0,0,999,0,0,0,9,9,6,2,12,0,0,0,1,34,8753,6,1,0,0,3,0,66,999,0,0,0,0,0,0,0,0,0,0,0,0,0,0,3,2,50,1,1,2,1,3,3,3,17,1,1,3,89,1,0
34,340063,2,2,1,1,3,17,38,12,6,1,0,34,2,13,14,13014,6,2010,2LMDJ8JC5ABJ,2,L,M,D,J,8,J,C,5,A,B,J,0,P,LINC,MKX,UT,10,17,4419,,0,1112,,G,,0,0,000000000,00000000000,0,0,0,1,0,0,0,0,0,0,0,999,0,0,0,12,12,6,2,12,0,0,0,1,34,8723,6,1,0,0,3,0,68,999,0,0,0,0,0,0,0,0,0,0,39,0,0,0,3,2,50,1,1,2,1,3,3,1,17,1,1,2,88,0,0
34,340064,1,1,1,1,3,17,29,8,0,1,0,34,3,98,981,98981,52,1999,4RKMNTFA9XR8,4,R,K,M,N,T,F,A,9,X,R,8,0,U,,,,99,17,,,,,,,,0,88,888888888,88888888888,9,21,22,1,0,0,0,0,6,0,0,998,0,0,0,12,12,9,2,8,0,0,0,1,34,7052,6,1,6,1,3,0,65,999,1,0,0,0,0,12,2007,12,2007,0,38,0,0,0,1,2,0,1,1,2,1,3,3,11,80,1,1,1,13,0,0
34,340066,1,2,2,1,3,20,59,12,6,1,0,34,2,7,482,7482,31,2005,1D7HU18D85J6,1,D,7,H,U,1,8,D,8,5,J,6,0,T,DODG,SQ1,CW,5,17,,2,1605,1405,RPC,G,,0,0,000000000,00000000000,0,0,0,1,0,0,0,0,0,0,0,998,0,1,1,12,12,9,2,12,0,0,0,1,34,7055,1,1,0,0,2,0,999,999,0,0,0,0,0,0,0,0,0,0,0,0,0,0,1,2,25,1,1,2,1,0,0,1,66,1,1,2,88,1,0
34,340066,2,2,2,1,3,20,59,12,6,1,0,51,5,42,43,42043,4,2000,WDBNG70J5YA1,W,D,B,N,G,7,0,J,5,Y,A,1,0,P,MERZ,S43,4D,0,17,3890,,0,1215,,G,,0,0,000000000,00000000000,0,0,0,1,0,0,0,0,0,0,0,998,0,0,0,10,10,9,2,12,0,0,0,1,51,23805,1,1,1,0,2,0,67,195,0,5,0,0,1,4,2007,10,2009,1,39,38,0,0,1,2,25,1,1,2,1,20,3,1,17,1,1,1,89,0,0
34,340067,1,1,1,4,3,6,8,8,0,1,0,34,1,49,40,49040,4,2010,4T1BF3EK2AU5,4,T,1,B,F,3,E,K,2,A,U,5,0,P,TOYT,CBA,4D,10,17,3263,,0,1093,,G,,0,0,000000000,00000000000,0,0,0,1,0,0,0,0,0,0,0,999,0,0,0,12,12,4,4,8,0,0,0,1,34,7024,6,1,0,0,3,3,73,999,0,0,0,0,0,0,0,0,0,0,0,0,0,0,2,4,25,1,1,2,1,3,3,1,80,1,1,1,13,0,0
34,340068,1,1,1,3,3,20,56,8,0,1,0,34,2,7,20,7020,4,1998,1B3ES47C0WD6,1,B,3,E,S,4,7,C,0,W,D,6,0,P,DODG,NSL,4P,98,17,2537,,0,1040,,G,,0,0,000000000,00000000000,0,0,0,1,0,0,0,0,0,0,0,999,0,0,0,12,12,4,3,8,0,0,0,1,34,8882,6,1,0,0,3,3,70,999,1,3,0,1,5,2,2008,10,2009,0,0,0,0,0,2,2,35,1,1,2,2,0,0,1,80,1,1,1,13,0,0
34,340069,1,2,1,6,3,12,58,12,6,1,0,34,1,2,403,2403,14,2004,1J4FA39S74P7,1,J,4,F,A,3,9,S,7,4,P,7,0,T,JEEP,WXR,2W,4,17,,1,0,934,WRA,G,,0,0,000000000,00000000000,0,0,0,1,0,0,0,0,0,0,0,998,0,0,0,12,12,6,2,42,0,0,0,1,34,7601,6,1,0,0,3,0,62,165,1,4,0,0,1,1,2009,8,2009,1,28,0,0,0,1,2,35,3,2,2,1,0,0,14,10,1,1,2,64,1,1
34,340069,2,2,2,6,3,12,58,12,6,1,0,34,1,49,40,49040,4,2000,JT2BG28K8Y03,J,T,2,B,G,2,8,K,8,Y,0,3,0,P,TOYT,XLL,4D,0,17,3120,,0,1051,,G,,0,0,000000000,00000000000,0,0,0,1,0,0,0,0,0,0,0,998,0,0,0,9,9,9,2,12,0,0,0,1,34,7480,6,1,0,0,2,0,70,999,0,2,0,1,5,3,2007,8,2009,0,0,0,0,0,1,2,35,3,2,2,1,0,0,14,62,7,1,1,65,0,0
34,340070,1,3,1,6,3,23,0,8,0,1,1,99,9,99,999,99999,99,9999,999999999999,9,9,9,9,9,9,9,9,9,9,9,9,9,U,,,,9,17,,,,,,,,0,99,999999999,99999999999,9,99,99,1,0,0,0,0,99,99,9,999,0,0,0,12,99,9,1,99,99,99,0,1,99,99999,9,9,99,9,9,9,999,999,99,99,99,99,99,99,9999,99,9999,9,99,99,99,99,2,4,40,1,1,2,1,0,0,1,80,1,1,1,13,0,0
34,340070,2,3,1,6,3,23,0,8,0,1,1,99,9,99,999,99999,99,9999,999999999999,9,9,9,9,9,9,9,9,9,9,9,9,9,U,,,,9,17,,,,,,,,0,99,999999999,99999999999,9,99,99,1,0,0,0,0,99,99,9,999,0,0,0,12,99,9,1,99,99,99,0,1,99,99999,9,9,99,9,9,9,999,999,99,99,99,99,99,99,9999,99,9999,9,99,99,99,99,2,4,40,1,1,2,1,0,0,1,80,1,1,1,98,0,0
34,340070,3,3,1,6,3,23,0,8,0,1,1,99,9,99,999,99999,99,9999,999999999999,9,9,9,9,9,9,9,9,9,9,9,9,9,U,,,,9,17,,,,,,,,0,99,999999999,99999999999,9,99,99,1,0,0,0,0,99,99,9,999,0,0,0,12,99,9,1,99,99,99,0,1,99,99999,9,9,99,9,9,9,999,999,99,99,99,99,99,99,9999,99,9999,9,99,99,99,99,2,4,40,1,1,2,1,0,0,1,80,1,1,1,98,0,0
34,340071,1,2,1,7,3,0,46,8,0,1,0,34,1,55,37,55037,2,2006,KMHHN65F26U1,K,M,H,H,N,6,5,F,2,6,U,1,0,P,HYUN,GSL,CP,6,17,2969,,0,996,,G,,0,0,000000000,00000000000,0,0,0,1,0,0,0,0,0,0,0,999,0,0,0,1,1,2,3,8,0,0,0,1,34,8061,6,1,0,0,3,0,70,999,0,0,0,1,1,10,2009,12,2009,0,0,0,0,0,3,3,55,2,1,2,1,0,0,14,80,2,1,1,13,0,0
34,340071,2,2,2,7,3,0,46,8,0,1,1,34,2,49,32,49032,4,1997,2T1BB02E9VC2,2,T,1,B,B,0,2,E,9,V,C,2,0,P,TOYT,USX,4D,97,17,2403,,0,970,,G,,0,0,000000000,00000000000,0,0,0,1,0,0,0,0,0,0,0,999,0,0,0,14,14,0,1,8,0,0,0,1,34,8093,6,1,0,0,3,3,62,999,1,0,0,0,0,11,2008,11,2008,0,86,0,0,0,3,3,55,2,1,2,1,0,0,14,80,1,1,4,98,0,0
34,340072,1,4,2,7,3,19,2,12,1,1,0,34,2,37,31,37031,4,1993,1HGEG8642PL0,1,H,G,E,G,8,6,4,2,P,L,0,0,P,HOND,CID,4D,93,17,2275,,0,1013,,G,,0,0,000000000,00000000000,0,0,0,1,0,0,0,0,0,0,0,0,0,0,0,9,9,4,3,12,0,0,0,1,34,8832,6,1,0,0,3,3,63,999,1,0,0,0,0,1,2010,1,2010,0,0,0,0,0,1,4,45,1,1,2,1,0,0,1,62,1,1,1,98,0,0
34,340072,2,4,1,7,3,19,2,12,1,1,0,34,2,41,34,41034,2,1984,JM1FB3320E08,J,M,1,F,B,3,3,2,0,E,0,8,0,P,MAZD,R7B,CP,84,17,2380,,0,953,,G,,0,0,000000000,00000000000,0,0,0,1,0,0,0,0,0,0,0,0,0,0,0,6,7,9,3,12,0,0,0,1,34,8861,6,1,6,0,3,0,65,999,0,0,0,0,1,10,2009,10,2009,0,0,0,0,0,1,4,45,1,1,2,1,0,0,5,53,1,1,1,21,0,0
34,340072,3,4,1,7,3,19,2,12,1,1,0,34,1,72,709,72709,80,1977,999999999999,9,9,9,9,9,9,9,9,9,9,9,9,0,U,,,,9,17,,,,,,,,0,0,000000000,00000000000,0,0,0,1,0,0,0,0,0,0,0,999,0,0,0,12,12,6,2,12,0,0,0,1,34,7001,6,1,0,0,3,0,68,999,0,0,0,0,0,0,0,0,0,0,0,0,0,0,1,4,45,1,1,2,1,0,0,1,50,1,1,2,20,1,0
34,340072,4,4,1,7,3,19,2,12,1,1,0,36,2,20,461,20461,21,2006,1GAGG25V0612,1,G,A,G,G,2,5,V,0,6,1,2,0,P,CHEV,EXP,SV,6,17,5892,,0,1350,,G,,0,0,000000000,00000000000,0,0,0,1,0,0,0,0,0,0,0,999,0,0,0,14,14,0,3,12,0,0,0,1,36,11219,6,1,0,0,3,0,999,999,0,0,0,0,0,0,0,0,0,0,0,0,0,0,1,4,45,1,1,2,1,0,0,1,50,1,1,1,98,0,0
34,340073,1,3,1,8,3,8,53,12,6,1,0,34,1,20,16,20016,4,2004,1G1JF52F9472,1,G,1,J,F,5,2,F,9,4,7,2,0,P,CHEV,CAS,4D,4,17,2676,,0,1041,,G,,0,0,000000000,00000000000,0,0,0,1,0,0,0,0,0,0,0,998,0,0,0,1,1,6,2,12,0,0,0,1,34,8069,6,1,0,0,3,0,67,999,0,0,0,0,0,0,0,0,0,0,0,0,0,0,1,2,35,1,1,2,1,0,0,1,62,1,1,1,65,1,0
34,340073,2,3,1,8,3,8,53,12,6,1,0,34,1,49,482,49482,31,2006,5TBDT44136S5,5,T,B,D,T,4,4,1,3,6,S,5,0,T,TOYT,DBS,CW,6,17,,2,0,1283,TUN,G,,0,0,000000000,00000000000,0,0,0,1,0,0,0,0,0,0,0,998,0,0,0,11,11,6,2,12,0,0,0,1,34,8332,6,1,6,0,3,0,70,999,0,0,0,0,0,0,0,0,0,0,28,0,0,0,1,2,35,1,1,2,1,0,0,1,10,1,1,2,64,0,0
34,340073,3,3,1,8,3,8,53,12,6,1,0,34,1,37,32,37032,4,1994,1HGCD5657RA1,1,H,G,C,D,5,6,5,7,R,A,1,0,P,HOND,UER,4D,94,17,2908,,0,1069,,G,,0,0,000000000,00000000000,0,0,0,1,0,0,0,0,0,0,0,998,0,0,0,12,12,6,2,12,0,0,0,1,34,8069,6,1,0,0,3,0,999,999,0,1,0,0,2,5,2008,1,2010,0,0,0,0,0,1,2,35,1,1,2,1,0,0,1,62,1,1,1,98,0,0
34,340074,1,1,1,10,3,9,6,33,0,1,0,34,1,14,6,14006,4,2003,2MEFM74W43X6,2,M,E,F,M,7,4,W,4,3,X,6,0,P,MERC,GMG,4D,3,17,3958,,0,1147,,G,,0,0,000000000,00000000000,0,0,0,1,0,0,0,0,0,0,0,998,0,0,0,14,12,6,2,42,0,0,0,1,34,7065,6,1,0,0,3,3,65,999,0,0,0,0,0,0,0,0,0,0,0,0,0,0,1,2,25,1,1,2,1,0,0,1,13,1,1,4,1,1,0
34,340075,1,1,1,13,3,19,26,8,0,1,1,99,9,99,999,99999,99,9999,999999999999,9,9,9,9,9,9,9,9,9,9,9,9,9,U,,,,9,17,,,,,,,,0,99,999999999,99999999999,9,99,99,1,0,0,0,0,99,99,9,999,0,0,0,99,99,9,1,8,99,99,0,1,99,99999,9,9,99,9,9,9,999,999,99,99,99,99,99,99,9999,99,9999,9,99,99,99,99,3,3,50,1,1,2,2,0,0,99,99,99,9,9,13,0,0
34,340077,1,2,1,11,2,10,48,12,6,1,0,34,3,84,881,84881,63,2002,1HTSDAARX2H5,1,H,T,S,D,A,A,R,X,2,H,5,1,T,INTL,490,CC,2,17,,8,2540,1280,40S,D,,1,88,888888888,88888888888,3,4,4,1,0,0,0,0,0,0,0,999,0,0,0,61,61,4,1,12,0,0,0,1,34,7847,6,1,6,9,3,3,73,999,0,0,0,0,0,0,0,0,0,0,0,0,0,0,3,3,50,1,1,2,2,3,3,1,66,10,1,1,89,0,0
34,340077,2,2,1,11,2,10,48,12,6,1,0,34,1,6,441,6441,20,2007,1A4GJ45R87B2,1,A,4,G,J,4,5,R,8,7,B,2,0,P,CHRY,TWC,SV,7,17,3831,,0,1333,,G,,0,0,000000000,00000000000,0,0,0,1,0,0,0,0,0,0,0,999,0,0,0,12,12,6,2,12,0,0,0,1,34,7034,6,1,0,0,3,3,72,999,0,0,0,0,0,0,0,0,0,0,38,39,0,0,3,3,50,1,1,2,2,3,3,1,8,1,1,1,88,1,0
34,340078,1,1,1,13,3,22,42,42,0,1,0,34,1,58,37,58037,4,2009,JNKCV61F99M3,J,N,K,C,V,6,1,F,9,9,M,3,0,P,INFI,GAW,4D,9,17,3704,,0,1122,,G,,0,0,000000000,00000000000,0,0,0,1,0,0,0,0,0,0,0,999,0,0,0,12,9,6,2,42,0,0,0,1,34,8550,6,1,0,0,3,3,70,999,0,0,0,0,0,0,0,0,0,1,87,28,36,0,1,2,55,1,1,2,2,0,0,1,5,3,3,4,2,1,1
34,340079,1,2,1,15,3,15,45,12,2,1,0,34,1,37,32,37032,4,2006,1HGCM66556A0,1,H,G,C,M,6,6,5,5,6,A,0,0,P,HOND,UEX,4D,6,17,3437,,0,1079,,G,,0,0,000000000,00000000000,0,0,0,1,0,0,0,0,0,0,0,998,0,0,0,12,12,6,2,12,0,0,0,1,34,8055,6,1,0,0,3,0,70,999,0,0,0,0,0,0,0,0,0,0,0,0,0,0,1,2,45,1,1,2,2,0,0,1,62,1,1,1,51,0,0
34,340079,2,2,1,15,3,15,45,12,2,1,0,34,2,37,31,37031,4,1996,1HGEJ8243TL0,1,H,G,E,J,8,2,4,3,T,L,0,0,P,HOND,UAX,CP,96,17,2448,,0,1032,,G,,0,0,000000000,00000000000,0,0,0,1,0,0,0,0,0,0,0,998,0,0,0,12,11,6,2,12,0,0,0,1,34,8054,6,2,0,0,3,1,62,130,0,0,0,0,0,0,0,0,0,0,52,58,28,0,1,2,45,1,1,2,2,0,0,1,11,7,2,2,50,1,0
34,340080,1,2,2,14,3,16,24,12,6,1,0,34,2,49,40,49040,4,1996,4T1BG12K2TU6,4,T,1,B,G,1,2,K,2,T,U,6,0,P,TOYT,DLX,4D,96,17,2932,,0,1031,,G,,0,0,000000000,00000000000,0,0,0,1,0,0,0,0,0,0,0,998,0,0,0,3,3,6,2,12,0,0,0,1,34,8070,6,1,0,0,3,0,77,999,0,0,0,0,0,0,0,0,0,0,0,0,0,0,1,2,50,1,1,2,2,0,0,1,62,6,3,2,66,1,0
34,340080,2,2,1,14,3,16,24,12,6,1,0,34,2,18,3,18003,4,2000,1G4CW52K3Y42,1,G,4,C,W,5,2,K,3,Y,4,2,0,P,BUIC,PKA,4D,0,17,3778,,0,1138,,G,,0,0,000000000,00000000000,0,0,0,1,0,0,0,0,0,0,0,998,0,0,0,12,12,6,2,12,0,0,0,1,34,8079,6,1,0,0,3,0,68,999,0,0,0,0,2,5,2008,2,2009,0,28,0,0,0,1,2,50,1,1,2,2,0,0,1,10,1,3,2,66,0,0
34,340081,1,2,1,4,2,3,2,12,1,1,0,34,2,12,481,12481,31,1997,999999999999,9,9,9,9,9,9,9,9,9,9,9,9,0,U,,,,9,17,,,,,,,,0,0,000000000,00000000000,0,0,0,1,0,0,0,0,0,0,0,0,0,0,0,6,6,9,2,12,0,0,0,1,34,7036,6,1,0,0,3,0,65,999,0,0,0,1,0,7,2009,7,2009,0,54,0,0,0,3,2,50,1,1,2,3,0,0,5,53,1,1,2,21,0,1
34,340081,2,2,2,4,2,3,2,12,1,1,0,34,1,37,31,37031,2,2007,2HGFG12617H5,2,H,G,F,G,1,2,6,1,7,H,5,0,P,HOND,UCL,CP,7,17,2718,,0,1043,,G,,0,0,000000000,00000000000,0,0,0,1,0,0,0,0,0,0,0,998,0,0,0,12,12,6,2,12,0,0,0,1,34,7205,1,1,0,0,2,0,65,999,1,1,0,0,5,2,2007,11,2009,1,0,0,0,0,3,2,50,1,1,2,3,0,0,1,11,1,1,2,20,1,0
34,340082,1,1,1,12,3,19,47,8,0,1,0,34,3,98,981,98981,52,1994,1GF5ACUK8RD1,1,G,F,5,A,C,U,K,8,R,D,1,0,U,,,,94,17,,,,,,,,0,88,888888888,88888888888,3,21,22,1,0,0,0,0,6,0,0,998,0,0,0,1,1,9,2,8,0,0,0,1,34,7083,6,1,6,1,3,0,65,999,0,0,0,0,0,0,0,0,0,0,0,0,0,0,4,1,25,1,1,2,2,0,0,3,17,1,1,1,13,0,0
34,340084,1,1,1,13,3,18,28,8,0,1,0,34,1,21,17,21017,4,1996,1G3AJ55M4T63,1,G,3,A,J,5,5,M,4,T,6,3,0,P,OLDS,CRL,4D,96,17,2924,,0,1049,,G,,0,0,000000000,00000000000,0,0,0,1,0,0,0,0,0,0,0,998,0,0,0,9,9,9,2,8,0,0,0,1,34,7522,6,1,0,0,3,3,65,999,0,0,0,0,0,0,0,0,0,0,0,0,0,0,1,2,25,1,1,2,2,0,0,1,80,1,1,1,13,0,0
34,340085,1,2,1,18,3,16,44,12,6,1,0,34,1,37,706,37706,80,1996,1HFSC180XTA0,1,H,F,S,C,1,8,0,X,T,A,0,0,M,HOND,VT1,RS,96,17,,,,,,,1099,0,0,000000000,00000000000,0,0,0,1,0,0,0,0,0,0,0,999,0,0,0,12,12,6,2,12,0,0,0,1,34,8050,6,1,0,0,3,1,72,999,0,0,0,0,0,0,0,0,0,0,0,0,0,0,1,2,55,1,1,2,1,0,0,1,72,4,2,1,83,1,0
34,340085,2,2,2,18,3,16,44,12,6,1,0,34,2,12,471,12471,30,2010,1FTKR1ED4APA,1,F,T,K,R,1,E,D,4,A,P,A,0,T,FORD,RNS,PC,10,17,,1,0,1257,RNG,G,,0,0,000000000,00000000000,0,0,0,1,0,0,0,0,0,0,0,999,0,0,0,8,8,6,2,12,0,0,0,1,34,8005,6,1,0,0,3,0,70,999,1,0,0,1,0,9,2008,3,2009,0,38,30,0,0,0,0,0,0,0,0,0,0,0,11,15,1,1,7,82,0,0
34,340086,1,2,1,19,3,13,24,12,1,1,0,34,2,12,461,12461,21,2003,1FTNS24W13HB,1,F,T,N,S,2,4,W,1,3,H,B,0,T,FORD,25V,EC,3,17,,2,0,1380,VAN,G,,0,0,000000000,00000000000,0,0,0,1,0,0,0,0,0,0,0,998,1,0,0,12,12,6,2,12,0,0,0,1,34,8859,6,1,0,0,3,0,68,999,0,0,0,0,0,0,0,0,0,0,36,27,0,0,3,3,65,1,1,2,1,0,0,1,51,7,1,2,24,1,0
34,340086,2,2,2,19,3,13,24,12,1,1,0,54,3,51,881,51881,66,2003,4V4NC9JHX3N3,4,V,4,N,C,9,J,H,X,3,N,3,1,T,VOLV,VNL,DS,3,17,,8,0,0,VVN,D,,1,57,0037675,570037675,3,6,1,1,0,0,0,0,0,0,0,998,0,0,0,6,6,4,3,12,0,0,0,1,54,26544,6,1,99,9,3,0,999,999,99,99,99,99,99,99,9999,99,9999,0,0,0,0,0,3,3,65,1,1,2,1,0,0,1,61,1,1,1,25,0,0
34,340087,1,2,2,19,3,14,44,12,2,1,0,34,2,49,40,49040,4,1993,4T1SK12EXPU2,4,T,1,S,K,1,2,E,X,P,U,2,0,P,TOYT,CLE,4D,93,17,3053,,0,1031,,G,,0,0,000000000,00000000000,0,0,0,1,0,0,0,0,0,0,0,999,0,0,0,12,12,6,2,12,0,0,0,1,34,8502,0,0,0,0,0,0,999,999,0,0,0,0,0,0,0,0,0,0,28,0,0,0,3,2,40,1,1,2,1,0,0,1,10,1,1,2,50,1,0
34,340087,2,2,3,19,3,14,44,12,2,1,0,34,3,84,981,84981,50,1998,1HVBBABP0WH6,1,H,V,B,B,A,B,P,0,W,H,6,0,T,INTL,380,BU,98,17,,7,2760,1520,30S,D,,0,88,888888888,88888888888,3,21,22,1,0,0,0,0,1,0,0,999,0,0,0,12,12,6,2,12,0,0,0,1,34,8502,6,1,6,1,3,3,71,999,0,0,0,0,0,0,0,0,0,0,0,0,0,0,3,2,40,1,1,2,1,0,0,1,62,2,1,1,51,0,0
34,340088,1,1,1,20,3,16,38,42,0,1,0,34,1,18,20,18020,4,2003,2G4WB52K7311,2,G,4,W,B,5,2,K,7,3,1,1,0,P,BUIC,RLS,4D,3,17,3543,,0,1090,,G,,0,0,000000000,00000000000,0,0,0,1,0,0,0,0,0,0,0,83,0,0,0,9,9,6,2,42,0,0,0,1,34,8270,6,1,0,0,3,3,66,999,0,0,0,0,0,0,0,0,0,1,58,0,0,0,1,2,45,1,1,2,1,0,0,1,13,3,3,4,2,1,1