STATE,ST_CASE,VEH_NO,VE_FORMS,NUMOCCS,DAY,MONTH,HOUR,MINUTE,HARM_EV,MAN_COLL,UNITTYPE,HIT_RUN,REG_STAT,OWNER,MAKE,MODEL,MAK_MOD,BODY_TYP,MOD_YEAR,VIN,VIN_1,VIN_2,VIN_3,VIN_4,VIN_5,VIN_6,VIN_7,VIN_8,VIN_9,VIN_10,VIN_11,VIN_12,TOW_VEH,VINTYPE,VINMAKE,VINA_MOD,VIN_BT,VINMODYR,VIN_LNGT,VIN_WGT,WGTCD_TR,WHLBS_LG,WHLBS_SH,SER_TR,FUELCODE,MCYCL_DS,J_KNIFE,MCARR_I1,MCARR_I2,MCARR_ID,GVWR,V_CONFIG,CARGO_BT,HAZ_INV,HAZ_PLAC,HAZ_ID,HAZ_CNO,HAZ_REL,BUS_USE,SPEC_USE,EMER_USE,TRAV_SP,UNDERIDE,ROLLOVER,ROLINLOC,IMPACT1,IMPACT2,DEFORMED,TOWED,M_HARM,VEH_SC1,VEH_SC2,FIRE_EXP,DR_PRES,L_STATE,DR_ZIP,L_STATUS,L_TYPE,CDL_STAT,L_ENDORS,L_COMPL,L_RESTRI,DR_HGT,DR_WGT,PREV_ACC,PREV_SUS,PREV_DWI,PREV_SPD,PREV_OTH,FIRST_MO,FIRST_YR,LAST_MO,LAST_YR,SPEEDREL,DR_SF1,DR_SF2,DR_SF3,DR_SF4,VTRAFWAY,VNUM_LAN,VSPD_LIM,VALIGN,VPROFILE,VPAVETYP,VSURCOND,VTRAFCON,VTCONT_F,P_CRASH1,P_CRASH2,P_CRASH3,PCRASH4,PCRASH5,ACC_TYPE,DEATHS,DR_DRINK
34,340090,1,2,3,21,3,0,34,12,6,1,0,34,2,34,34,34034,4,2009,WBAPH57599NL,W,B,A,P,H,5,7,5,9,9,N,L,0,P,BMW,3SV,4D,9,17,3428,,0,1087,,G,,0,0,000000000,00000000000,0,0,0,1,0,0,0,0,0,0,0,999,0,0,0,12,12,6,2,12,0,0,0,1,34,7731,6,1,0,0,3,0,66,999,0,0,0,0,0,0,0,0,0,0,0,0,0,0,3,2,55,1,1,2,1,3,3,1,55,9,1,1,86,0,0
34,340090,2,2,2,21,3,0,34,12,6,1,0,34,2,55,35,55035,4,2001,KMHDN45D31U1,K,M,H,D,N,4,5,D,3,1,U,1,0,P,HYUN,EST,4D,1,17,2635,,0,1027,,G,,0,0,000000000,00000000000,0,0,0,1,0,0,0,0,0,0,0,999,0,0,0,3,3,6,2,12,0,0,0,1,34,7731,6,2,0,0,3,2,67,999,0,1,0,0,0,6,2009,6,2009,0,39,52,73,0,1,2,45,1,1,2,1,3,3,3,17,1,1,2,87,1,1
34,340091,1,1,1,21,3,15,13,35,0,1,0,34,2,54,36,54036,4,1997,JH4KA9650VC0,J,H,4,K,A,9,6,5,0,V,C,0,0,P,ACUR,35R,4D,97,17,3591,,0,1146,,G,,0,0,000000000,00000000000,0,0,0,1,0,0,0,0,0,0,0,999,0,1,5,11,13,6,2,1,0,0,0,1,34,7882,6,1,0,0,3,0,65,176,0,0,0,0,0,0,0,0,0,0,28,0,0,0,1,2,45,1,1,2,1,0,0,1,12,1,1,4,6,1,0
34,340092,1,1,1,23,1,2,7,30,0,1,0,34,2,20,19,20019,2,1989,1G1LW14W2KY1,1,G,1,L,W,1,4,W,2,K,Y,1,0,P,CHEV,BGT,CP,89,17,2733,,0,1034,,G,,0,0,000000000,00000000000,0,0,0,1,0,0,0,0,0,0,0,998,0,1,6,99,99,6,2,1,0,0,0,1,34,7112,6,1,6,0,3,0,71,999,0,2,0,0,4,2,2008,9,2009,1,0,0,0,0,9,9,99,4,1,2,1,0,0,14,13,1,1,4,1,1,1
34,340093,1,1,1,18,3,22,30,24,0,1,0,34,1,76,705,76705,80,2005,JYARJ06E35A0,J,Y,A,R,J,0,6,E,3,5,A,0,0,M,YAMA,R6L,RS,5,17,,,,,,,599,0,0,000000000,00000000000,0,0,0,1,0,0,0,0,0,0,0,999,0,0,0,12,12,6,2,34,0,0,0,1,34,7114,6,1,0,0,3,0,71,154,1,0,0,1,2,4,2007,1,2010,9,99,99,99,99,2,3,45,4,3,2,1,0,0,16,13,99,9,4,1,1,0
34,340094,1,1,1,21,3,16,10,30,0,1,0,34,1,72,706,72706,80,2009,1HD1GY4189K3,1,H,D,1,G,Y,4,1,8,9,K,3,0,M,HD,FTB,RS,9,17,,,,,,,1584,0,0,000000000,00000000000,0,0,0,1,0,0,0,0,0,0,0,998,0,0,0,12,12,6,2,30,0,0,0,1,34,8902,6,1,0,0,3,0,70,999,0,0,0,0,0,0,0,0,0,1,0,0,0,0,1,2,45,3,1,2,1,0,0,14,13,1,1,4,1,1,1
34,340095,1,1,1,2,3,12,6,24,0,1,0,34,1,37,441,37441,20,2001,2HKRL18641H5,2,H,K,R,L,1,8,6,4,1,H,5,0,P,HOND,UDY,SV,1,17,4288,,0,1181,,G,,0,0,000000000,00000000000,0,0,0,1,0,0,0,0,0,0,0,999,0,0,0,12,12,2,3,24,0,0,0,1,34,8817,6,1,0,0,3,0,71,999,0,0,0,0,0,0,0,0,0,0,28,0,0,0,1,2,25,2,1,2,1,20,3,14,14,1,1,4,14,1,0
34,340096,1,2,2,18,3,21,51,12,2,1,0,34,1,12,35,12035,4,1998,1FAFP6530WK2,1,F,A,F,P,6,5,3,0,W,K,2,0,P,FORD,LSG,4D,98,17,2769,,0,1065,,G,,0,0,000000000,00000000000,0,0,0,1,0,0,0,0,0,0,0,999,0,0,0,12,12,6,2,12,0,0,0,1,34,8060,6,1,0,0,3,3,70,999,1,0,0,1,1,2,2008,7,2008,0,28,36,0,0,1,4,50,1,1,2,1,0,0,1,10,1,1,2,50,0,0
34,340096,2,2,1,18,3,21,51,12,2,1,0,34,2,37,402,37402,14,2007,5J6RE48557L0,5,J,6,R,E,4,8,5,5,7,L,0,0,P,HOND,CRV,UT,7,17,3532,,0,1031,,G,,0,0,000000000,00000000000,0,0,0,1,0,0,0,0,0,0,0,999,0,0,0,12,12,6,2,12,0,0,0,1,34,8068,6,1,0,0,3,0,68,999,0,0,0,0,0,0,0,0,0,0,0,0,0,0,1,4,50,1,1,2,1,0,0,1,62,1,1,1,51,1,0
34,340097,1,1,2,17,3,0,1,31,0,1,0,34,2,22,18,22018,4,2003,1G2NF52F93C1,1,G,2,N,F,5,2,F,9,3,C,1,0,P,PONT,SE1,4D,3,17,3116,,0,1070,,G,,0,0,000000000,00000000000,0,0,0,1,0,0,0,0,0,0,0,998,0,0,0,12,12,6,2,3,0,0,0,1,34,8759,6,1,0,0,3,0,65,999,0,0,0,0,0,0,0,0,0,1,28,0,0,0,1,2,5,1,1,4,1,0,0,3,6,1,1,4,14,2,1
34,340098,1,1,1,24,3,20,22,8,0,1,0,34,3,87,881,87881,66,2005,1XP7DB9X25D8,1,X,P,7,D,B,9,X,2,5,D,8,1,T,PTRB,387,DS,5,17,,8,0,0,CON,D,,1,57,1005217,571005217,3,6,3,1,0,0,0,0,0,0,0,998,0,0,0,12,12,2,3,8,0,0,0,1,34,8312,6,1,6,9,3,0,67,999,0,0,0,2,0,4,2008,8,2008,0,89,0,0,0,1,2,50,1,1,2,1,0,0,1,80,1,1,1,13,0,0
34,340099,1,3,1,23,3,18,59,12,1,1,0,34,1,12,461,12461,21,1999,1FTPE2427XHB,1,F,T,P,E,2,4,2,7,X,H,B,0,T,FORD,25V,CG,99,17,,2,0,1380,VAN,G,,0,0,000000000,00000000000,0,0,0,1,0,0,0,0,0,0,0,998,0,0,0,12,12,6,2,12,0,0,0,1,34,8010,6,1,0,0,3,0,67,999,0,1,0,0,0,1,2009,1,2009,0,0,0,0,0,1,2,50,1,2,2,2,0,0,1,17,2,1,1,20,0,0
34,340099,2,3,1,23,3,18,59,12,1,1,0,34,1,7,461,7461,21,1994,2B7KB31Z1RK1,2,B,7,K,B,3,1,Z,1,R,K,1,0,T,DODG,B35,VN,94,17,,2,0,1276,RMV,G,,0,0,000000000,00000000000,0,0,0,1,0,0,0,0,0,0,0,0,0,0,0,6,12,6,2,12,0,0,0,1,34,8060,6,1,0,0,3,3,70,999,0,0,0,0,1,12,2009,12,2009,0,0,0,0,0,1,2,50,1,2,2,2,0,0,5,15,1,1,2,22,0,0
34,340099,3,3,1,23,3,18,59,12,1,1,0,34,1,49,46,49046,5,2009,JTDKB20UX934,J,T,D,K,B,2,0,U,X,9,3,4,0,P,TOYT,PRI,4H,9,17,2932,,0,1063,,B,,0,0,000000000,00000000000,0,0,0,1,0,0,0,0,0,0,0,998,0,0,0,12,12,6,2,12,0,0,0,1,34,8088,6,1,6,0,3,0,74,999,0,0,0,0,0,0,0,0,0,0,0,0,0,0,1,2,50,1,2,2,2,0,0,1,17,2,1,1,98,1,0
34,340100,1,1,1,25,3,15,6,53,0,1,0,34,2,49,40,49040,4,2003,4T1BE30K73U7,4,T,1,B,E,3,0,K,7,3,U,7,0,P,TOYT,UXS,4D,3,17,2993,,0,1071,,G,,0,0,000000000,00000000000,0,0,0,1,0,0,0,0,0,0,0,998,0,0,0,10,12,6,2,42,0,0,0,1,34,8215,6,2,0,0,3,0,66,999,1,0,0,0,0,10,2009,10,2009,0,28,0,0,0,1,2,50,1,1,2,1,0,0,1,10,1,1,5,6,1,0
34,340102,1,1,1,28,3,1,47,33,0,1,0,34,1,20,22,20022,4,2009,1G1AT58H9971,1,G,1,A,T,5,8,H,9,9,7,1,0,P,CHEV,BLT,4D,9,17,3216,,0,1033,,G,,0,0,000000000,00000000000,0,0,0,1,0,0,0,0,0,0,0,998,0,0,0,12,12,6,2,42,0,0,0,1,34,8857,6,1,0,0,3,0,70,999,0,1,2,0,1,5,2007,8,2008,9,27,0,0,0,3,3,45,4,1,2,1,0,0,14,13,1,1,4,1,1,1
34,340103,1,2,1,28,3,6,25,12,1,1,0,42,1,35,39,35039,4,2001,JN1CA31D21T6,J,N,1,C,A,3,1,D,2,1,T,6,0,P,NISS,M20,4D,1,17,3071,,0,1083,,G,,0,0,000000000,00000000000,0,0,0,1,0,0,0,0,0,0,0,998,0,0,0,12,12,6,2,12,0,0,0,1,34,8094,1,1,0,0,2,0,71,999,0,3,0,0,2,1,2008,3,2010,0,27,0,0,0,3,4,45,1,2,2,1,0,0,15,9,7,2,2,32,1,1
34,340103,2,2,5,28,3,6,25,12,1,1,0,34,3,98,981,98981,52,2007,1N94161517A1,1,N,9,4,1,6,1,5,1,7,A,1,0,U,,,,7,17,,,,,,,,0,88,888888888,88888888888,3,21,22,1,0,0,0,0,6,0,0,998,0,0,0,6,6,9,2,12,0,0,0,1,34,8002,6,1,6,1,3,0,71,999,2,0,0,0,0,3,2009,7,2009,0,0,0,0,0,3,4,45,1,2,2,1,0,0,1,61,1,1,1,32,0,0
34,340104,1,1,3,28,3,19,25,42,0,1,0,42,2,35,39,35039,4,2000,JN1CA31A6YT0,J,N,1,C,A,3,1,A,6,Y,T,0,0,P,NISS,MGS,4D,0,17,3071,,0,1083,,G,,0,0,000000000,00000000000,0,0,0,1,0,0,0,0,0,0,0,998,0,0,0,12,12,6,2,42,0,0,0,1,34,8902,6,1,0,0,3,3,68,999,0,0,0,0,0,0,0,0,0,0,0,0,0,0,2,3,65,1,1,2,1,0,0,1,13,1,1,4,1,1,0
34,340105,1,2,1,29,3,7,34,12,6,1,0,34,3,85,881,85881,63,2000,1XKDPBEX0YJ8,1,X,K,D,P,B,E,X,0,Y,J,8,1,T,KW,T80,DS,0,17,,8,2600,1600,CON,D,,1,57,686058,57686058,3,4,3,1,0,0,0,0,0,0,0,998,9,0,0,3,11,6,2,12,0,0,0,1,34,8527,6,1,6,9,3,0,70,999,1,0,0,0,1,8,2008,3,2009,0,0,0,0,0,1,2,55,1,1,2,2,0,0,1,62,1,1,1,66,0,0
34,340105,2,2,1,29,3,7,34,12,6,1,0,34,2,55,35,55035,4,2006,KMHDN46D76U3,K,M,H,D,N,4,6,D,7,6,U,3,0,P,HYUN,GTL,4D,6,17,2784,,0,1027,,G,,0,0,000000000,00000000000,0,0,0,1,0,0,0,0,0,0,0,998,9,0,0,11,11,6,2,12,0,0,0,1,34,8050,6,1,0,0,3,0,69,147,0,0,0,0,0,0,0,0,0,0,0,0,0,0,1,2,55,1,1,2,2,0,0,17,10,6,1,2,66,1,0
34,340106,1,2,1,30,3,4,8,12,1,1,0,23,3,84,881,84881,66,2009,2HSDCSJR39C1,2,H,S,D,C,S,J,R,3,9,C,1,1,T,INTL,PPR,DS,9,17,,8,0,0,PRO,D,,1,57,369330,57369330,3,6,1,1,0,0,0,0,0,0,0,998,0,0,0,6,6,6,2,12,0,0,0,1,25,1108,6,1,6,9,3,0,71,999,0,0,0,0,0,0,0,0,0,0,45,0,0,0,2,3,65,1,1,2,1,0,0,3,53,1,1,1,25,0,0
34,340106,2,2,1,30,3,4,8,12,1,1,0,47,3,51,881,51881,66,2006,4V4N19TG86N4,4,V,4,N,1,9,T,G,8,6,N,4,2,T,VOLV,VNL,DS,6,17,,7,0,0,VVN,D,,1,57,36463,5736463,3,7,1,1,0,0,0,0,0,0,0,998,1,0,0,12,12,6,2,12,0,0,0,1,42,19023,6,1,6,3,3,3,69,187,0,0,0,0,0,0,0,0,0,0,38,92,0,0,2,3,65,1,1,2,1,0,0,1,51,3,1,1,24,1,0
34,340107,1,1,1,2,4,14,8,8,0,1,0,34,1,12,481,12481,31,1998,1FTZX18W7WNB,1,F,T,Z,X,1,8,W,7,W,N,B,0,T,FORD,F15,3C,98,17,,1,1570,1390,COF,G,,0,0,000000000,00000000000,0,0,0,1,0,0,0,0,0,0,0,998,0,0,0,8,8,0,1,8,0,0,0,1,34,7087,6,1,6,0,3,0,67,999,0,1,0,0,1,4,2008,9,2008,0,0,0,0,0,1,2,25,1,1,2,1,0,0,1,80,1,1,1,13,0,0
34,340108,1,2,2,6,4,21,47,8,0,1,0,36,1,19,22,19022,4,2006,1G6KD57Y96U1,1,G,6,K,D,5,7,Y,9,6,U,1,0,P,CADI,TDS,4D,6,17,4009,,0,1156,,G,,0,0,000000000,00000000000,0,0,0,1,0,0,0,0,0,0,0,999,0,0,0,11,11,2,3,8,0,0,0,1,36,10974,6,1,0,0,3,0,68,999,0,0,0,0,0,0,0,0,0,0,0,0,0,0,3,3,50,1,1,2,1,0,0,1,80,1,1,1,13,0,0
34,340108,2,2,3,6,4,21,47,8,0,1,0,34,1,62,421,62421,15,2003,SALMB11483A1,S,A,L,M,B,1,1,4,8,3,A,1,0,T,LNDR,RHS,4W,3,17,,2,0,1134,RRV,G,,0,0,000000000,00000000000,0,0,0,1,0,0,0,0,0,0,0,999,0,0,0,14,14,0,3,8,0,0,0,1,34,7450,6,1,0,0,3,0,68,999,0,0,0,1,1,5,2007,2,2009,0,0,0,0,0,3,3,50,1,1,2,1,0,0,1,80,1,1,1,98,0,0
34,340109,1,1,2,4,4,12,37,24,0,1,0,34,2,18,22,18022,4,2009,2G4WC5825912,2,G,4,W,C,5,8,2,5,9,1,2,0,P,BUIC,LCX,4D,9,17,3495,,0,1105,,G,,0,0,000000000,00000000000,0,0,0,1,0,0,0,0,0,0,0,998,0,1,2,14,81,6,2,1,0,0,0,1,34,8701,6,1,0,0,3,0,66,999,0,0,0,0,0,0,0,0,0,0,81,0,0,0,3,3,45,3,6,2,1,98,3,14,13,1,1,4,1,1,0
34,340110,1,1,1,26,3,15,59,8,0,1,0,34,3,86,881,86881,63,2007,1M2AG11C97M0,1,M,2,A,G,1,1,C,9,7,M,0,1,T,MACK,CV7,TM,7,17,,8,0,0,700,D,,1,88,888888888,88888888888,3,4,4,1,0,0,0,0,0,0,0,998,0,0,0,1,1,9,2,8,0,0,0,1,12,32164,6,1,6,3,3,0,66,999,0,0,0,0,1,1,2008,1,2008,0,0,0,0,0,2,2,35,1,1,2,1,3,3,4,17,1,1,1,13,0,0
34,340111,1,2,1,31,3,22,23,12,2,1,0,34,2,2,403,2403,14,1997,1J4FY49S5VP4,1,J,4,F,Y,4,9,S,5,V,P,4,0,T,JEEP,SAW,2W,97,17,,1,0,934,W/T,G,,0,0,000000000,00000000000,0,0,0,1,0,0,0,0,0,0,0,998,0,0,0,12,12,9,2,12,0,0,0,1,34,8215,6,1,0,0,3,0,71,999,0,5,0,0,5,6,2007,1,2010,0,28,0,0,0,1,2,50,1,1,2,1,0,0,1,10,1,1,2,50,0,1
34,340111,2,2,3,31,3,22,23,12,2,1,0,34,1,24,5,24005,4,2003,1G8JU54F83Y5,1,G,8,J,U,5,4,F,8,3,Y,5,0,P,STRN,L20,4D,3,17,3033,,0,1065,,G,,0,0,000000000,00000000000,0,0,0,1,0,0,0,0,0,0,0,998,0,0,0,12,12,9,2,12,0,0,0,1,34,8401,6,2,0,0,3,0,59,999,0,0,0,0,0,0,0,0,0,0,0,0,0,0,1,2,50,1,1,2,1,0,0,1,62,1,1,1,51,2,0
34,340112,1,2,2,29,3,13,41,33,0,1,0,34,1,14,21,14021,4,2006,3MEHM071X6R6,3,M,E,H,M,0,7,1,X,6,R,6,0,P,MERC,MLN,4D,6,17,3303,,0,1074,,G,,0,0,000000000,00000000000,0,0,0,1,0,0,0,0,0,0,0,998,0,0,0,10,10,6,2,12,0,0,0,1,34,7920,6,1,0,0,3,0,69,999,0,0,0,0,0,0,0,0,0,0,0,0,0,0,1,2,35,1,1,2,2,0,0,1,64,1,1,1,98,1,0
34,340112,2,2,1,29,3,13,41,33,0,1,0,34,2,7,402,7402,14,1999,1B4HS28Y3XF5,1,B,4,H,S,2,8,Y,3,X,F,5,0,P,DODG,DUR,UT,99,17,4397,,0,1159,,G,,0,0,000000000,00000000000,0,0,0,1,0,0,0,0,0,0,0,998,0,0,0,14,1,6,2,12,0,0,0,1,34,7059,6,1,0,0,3,0,72,999,0,0,0,2,3,11,2007,8,2009,1,28,0,0,0,6,1,25,2,9,2,2,0,0,14,6,2,1,4,98,0,0
34,340114,1,1,1,1,4,15,0,8,0,1,0,9,2,35,49,35049,6,2009,JN8AZ18W59W1,J,N,8,A,Z,1,8,W,5,9,W,1,0,P,NISS,MUR,UT,9,17,4009,,0,1112,,G,,0,0,000000000,00000000000,0,0,0,1,0,0,0,0,0,0,0,998,0,0,0,1,1,0,1,8,0,0,0,1,9,6810,6,1,0,0,3,0,62,999,98,0,0,0,0,0,0,0,0,0,38,0,0,0,1,2,40,1,1,2,1,3,3,11,80,1,1,1,13,0,0
34,340115,1,2,1,1,4,13,45,12,2,1,0,34,2,20,461,20461,21,2004,1GCGG29V9411,1,G,C,G,G,2,9,V,9,4,1,1,0,T,CHEV,E25,EC,4,17,,2,0,1550,EXP,G,,0,0,000000000,00000000000,0,0,0,1,0,0,0,0,0,0,0,998,0,0,0,12,12,9,2,12,0,0,0,1,34,8527,6,1,0,0,3,0,66,999,0,0,0,0,0,0,0,0,0,0,0,0,0,0,1,2,45,1,1,2,1,0,0,1,10,1,1,1,51,0,0
34,340115,2,2,1,1,4,13,45,12,2,1,0,34,1,19,14,19014,4,2002,1G6KY54902U1,1,G,6,K,Y,5,4,9,0,2,U,1,0,P,CADI,STS,4D,2,17,3992,,0,1122,,G,,0,0,000000000,00000000000,0,0,0,1,0,0,0,0,0,0,0,998,0,0,0,12,12,9,2,12,0,0,0,1,34,8527,6,1,0,0,3,0,66,999,0,0,0,0,2,6,2007,1,2009,0,28,0,0,0,1,2,45,1,1,2,1,0,0,1,10,1,1,2,50,1,0
34,340116,1,1,1,2,4,22,48,9,0,1,0,34,1,12,481,12481,31,1994,1FTEF14Y9RNB,1,F,T,E,F,1,4,Y,9,R,N,B,0,T,FORD,F15,PK,94,17,,2,1330,1170,COF,G,,0,0,000000000,00000000000,0,0,0,1,0,0,0,0,0,0,0,998,0,0,0,12,12,9,2,9,0,0,0,1,34,8030,6,1,0,0,3,0,72,999,0,0,0,0,0,0,0,0,0,0,0,0,0,0,3,2,50,1,1,2,1,3,3,1,83,1,1,1,13,0,0
34,340117,1,2,1,25,3,9,8,12,6,1,0,34,1,35,43,35043,4,1997,1N4AB41D3VC7,1,N,4,A,B,4,1,D,3,V,C,7,0,P,NISS,XGU,4D,97,17,2237,,0,998,,G,,0,0,000000000,00000000000,0,0,0,1,0,0,0,0,0,0,0,998,0,0,0,2,2,6,2,12,0,0,0,1,34,8807,6,1,0,0,3,0,64,999,0,0,0,0,0,0,0,0,0,0,38,39,0,0,1,2,35,1,1,2,1,20,3,1,17,1,1,9,87,1,0
34,340117,2,2,1,25,3,9,8,12,6,1,0,34,3,12,461,12461,21,2006,1FTSS34L56DA,1,F,T,S,S,3,4,L,5,6,D,A,0,T,FORD,3SD,EC,6,17,,2,0,1380,VAN,G,,0,0,000000000,00000000000,0,0,0,1,0,0,0,0,0,0,0,998,0,1,6,12,12,6,2,12,0,0,0,1,34,8807,6,1,6,0,3,0,71,999,0,0,0,0,0,0,0,0,0,0,0,0,0,0,1,2,45,1,1,2,1,0,0,1,66,7,1,1,86,0,0
34,340118,1,1,1,4,4,20,7,8,0,1,0,32,1,55,37,55037,2,2006,KMHHN65F36U2,K,M,H,H,N,6,5,F,3,6,U,2,0,P,HYUN,GSL,CP,6,17,2969,,0,996,,G,,0,0,000000000,00000000000,0,0,0,1,0,0,0,0,0,0,0,998,0,0,0,12,12,9,2,8,0,0,0,1,32,89138,6,1,0,0,3,3,69,125,0,0,0,0,0,0,0,0,0,0,0,0,0,0,1,2,40,1,1,2,1,3,3,1,17,1,1,1,13,0,0
34,340119,1,2,3,1,4,12,56,12,1,1,0,34,2,2,404,2404,14,2010,1J4RR5GT2AC1,1,J,4,R,R,5,G,T,2,A,C,1,0,T,JEEP,LMT,4W,10,17,,2,0,1095,GCK,G,,0,0,000000000,00000000000,0,0,0,1,0,0,0,0,0,0,0,998,0,0,0,6,6,6,2,12,0,0,0,1,27,55016,6,1,0,0,3,0,73,220,0,0,0,0,0,0,0,0,0,0,0,0,0,0,3,4,55,1,1,2,1,0,0,2,53,1,1,1,29,0,0
34,340119,2,2,3,1,4,12,56,12,1,1,0,42,1,37,421,37421,15,2005,2HKYF18605H5,2,H,K,Y,F,1,8,6,0,5,H,5,0,P,HOND,PIL,UT,5,17,4431,,0,1063,,G,,0,0,000000000,00000000000,0,0,0,1,0,0,0,0,0,0,0,998,0,0,0,12,12,6,2,12,0,0,0,1,42,19426,6,1,0,0,3,0,68,999,0,0,0,0,1,12,2008,12,2008,0,26,0,0,0,3,4,55,1,1,2,1,0,0,1,52,3,1,1,28,1,0
34,340120,1,2,1,4,4,15,53,12,6,1,0,34,2,12,35,12035,4,2000,1FAFP66L3YK1,1,F,A,F,P,6,6,L,3,Y,K,1,0,P,FORD,CST,4D,0,17,2769,,0,1065,,G,,0,0,000000000,00000000000,0,0,0,1,0,0,0,0,0,0,0,998,0,0,0,9,9,6,2,12,0,0,0,1,34,8721,6,1,0,0,3,0,69,999,1,0,0,0,1,6,2008,12,2008,1,0,0,0,0,1,2,25,1,1,2,1,20,3,1,17,1,1,1,89,1,0
34,340120,2,2,2,4,4,15,53,12,6,1,0,34,1,23,401,23401,14,2002,1GKDT13SX225,1,G,K,D,T,1,3,S,X,2,2,5,0,T,GMC,ENV,4W,2,17,,1,0,1130,ENV,G,,0,0,000000000,00000000000,0,0,0,1,0,0,0,0,0,0,0,998,0,0,0,12,12,6,2,12,0,0,0,1,34,8741,6,1,0,0,3,0,70,999,1,0,0,0,0,8,2009,8,2009,0,0,0,0,0,1,2,45,1,1,2,1,0,0,1,17,1,1,1,88,0,0
34,340121,1,1,1,4,4,17,26,30,0,1,0,34,1,53,706,53706,80,2007,JS1VY53A4721,J,S,1,V,Y,5,3,A,4,7,2,1,0,M,SUZI,ZR8,RS,7,17,,,,,,,1783,0,0,000000000,00000000000,0,0,0,1,0,0,0,0,0,0,0,999,0,0,0,12,12,6,2,30,0,0,0,1,34,7631,6,1,0,0,3,0,68,999,0,0,0,1,0,8,2008,8,2008,0,28,0,0,0,1,4,35,2,1,2,1,0,0,14,12,1,1,4,6,1,1
34,340123,1,1,2,6,4,2,50,42,0,1,0,34,1,12,3,12003,1,1988,1FABP45EXJF2,1,F,A,B,P,4,5,E,X,J,F,2,0,P,FORD,MGT,CV,88,17,3341,,0,1004,,G,,0,0,000000000,00000000000,0,0,0,1,0,0,0,0,0,0,0,998,0,0,0,1,9,6,2,42,0,0,1,1,34,8741,1,1,0,0,2,0,70,999,1,4,0,2,5,6,2007,4,2010,1,36,0,0,0,1,2,25,1,1,2,1,0,0,1,13,1,1,4,1,1,1
34,340124,1,2,1,5,4,0,38,12,6,1,1,34,2,12,422,12422,15,1999,1FMRU1861XLB,1,F,M,R,U,1,8,6,1,X,L,B,0,P,FORD,EPT,UT,99,17,5177,,0,1191,,G,,0,0,000000000,00000000000,0,0,0,1,0,0,0,0,0,0,0,998,0,0,0,12,12,4,3,12,0,0,0,1,34,7065,1,1,0,0,2,0,76,999,1,4,2,0,5,12,2007,10,2009,0,38,0,0,0,1,5,35,1,1,2,1,3,3,11,15,1,1,9,68,0,1
34,340124,2,2,1,5,4,0,38,12,6,1,0,34,1,34,706,34706,80,2005,WB10317A85ZL,W,B,1,0,3,1,7,A,8,5,Z,L,0,M,BMW,12G,EN,5,17,,,,,,,1170,0,0,000000000,00000000000,0,0,0,1,0,0,0,0,0,0,0,998,0,0,0,1,1,9,2,12,0,0,0,1,34,7036,6,1,0,0,3,0,68,430,0,0,0,0,0,0,0,0,0,0,0,0,0,0,1,2,25,1,1,2,1,3,3,1,67,1,1,1,69,1,0
34,340125,1,1,1,7,4,20,39,8,0,1,0,34,1,49,49,49049,6,2006,JTKKT6245601,J,T,K,K,T,6,2,4,5,6,0,1,0,P,TOYT,SXA,4H,6,17,2340,,0,933,,G,,0,0,000000000,00000000000,0,0,0,1,0,0,0,0,0,0,0,998,0,0,0,12,12,9,2,8,0,0,0,1,34,7732,6,1,0,0,3,0,60,999,0,0,0,1,0,11,2007,11,2007,0,0,0,0,0,2,3,55,1,1,2,1,0,0,1,80,1,1,1,13,0,0
34,340126,1,2,1,7,4,22,40,12,6,1,0,34,1,37,706,37706,80,1996,JH2RC4330TM1,J,H,2,R,C,4,3,3,0,T,M,1,0,M,HOND,VFD,RS,96,17,,,,,,,748,0,0,000000000,00000000000,0,0,0,1,0,0,0,0,0,0,0,998,0,0,0,11,10,6,2,12,0,0,0,1,34,8081,6,1,0,0,3,3,71,342,0,0,0,0,2,5,2009,11,2009,1,58,0,0,0,1,2,45,1,1,2,1,0,0,1,6,6,2,1,83,1,0
34,340126,2,2,3,7,4,22,40,12,6,1,0,34,2,7,402,7402,14,2001,1B4HS28Z81F5,1,B,4,H,S,2,8,Z,8,1,F,5,0,P,DODG,DUR,UT,1,17,4512,,0,1159,,G,,0,0,000000000,00000000000,0,0,0,1,0,0,0,0,0,0,0,998,0,0,0,10,9,6,2,12,0,0,0,1,34,8081,6,2,0,0,3,3,60,999,0,0,0,0,0,0,0,0,0,0,52,30,0,0,0,0,0,0,0,0,0,0,0,11,17,10,1,1,82,0,0
34,340127,1,2,1,8,4,13,40,12,6,1,0,34,1,72,706,72706,80,2006,1HD1GP1176K3,1,H,D,1,G,P,1,1,7,6,K,3,0,M,HD,WGI,RS,6,17,,,,,,,1450,0,0,000000000,00000000000,0,0,0,1,0,0,0,0,0,0,0,998,0,0,0,9,9,6,2,12,0,0,0,1,34,8562,6,1,0,0,3,0,71,999,0,0,0,1,2,5,2009,8,2009,0,0,0,0,0,1,2,50,1,1,2,1,3,3,1,66,2,1,1,89,1,0