STATE,ST_CASE,VEH_NO,VE_FORMS,NUMOCCS,DAY,MONTH,HOUR,MINUTE,HARM_EV,MAN_COLL,UNITTYPE,HIT_RUN,REG_STAT,OWNER,MAKE,MODEL,MAK_MOD,BODY_TYP,MOD_YEAR,VIN,VIN_1,VIN_2,VIN_3,VIN_4,VIN_5,VIN_6,VIN_7,VIN_8,VIN_9,VIN_10,VIN_11,VIN_12,TOW_VEH,VINTYPE,VINMAKE,VINA_MOD,VIN_BT,VINMODYR,VIN_LNGT,VIN_WGT,WGTCD_TR,WHLBS_LG,WHLBS_SH,SER_TR,FUELCODE,MCYCL_DS,J_KNIFE,MCARR_I1,MCARR_I2,MCARR_ID,GVWR,V_CONFIG,CARGO_BT,HAZ_INV,HAZ_PLAC,HAZ_ID,HAZ_CNO,HAZ_REL,BUS_USE,SPEC_USE,EMER_USE,TRAV_SP,UNDERIDE,ROLLOVER,ROLINLOC,IMPACT1,IMPACT2,DEFORMED,TOWED,M_HARM,VEH_SC1,VEH_SC2,FIRE_EXP,DR_PRES,L_STATE,DR_ZIP,L_STATUS,L_TYPE,CDL_STAT,L_ENDORS,L_COMPL,L_RESTRI,DR_HGT,DR_WGT,PREV_ACC,PREV_SUS,PREV_DWI,PREV_SPD,PREV_OTH,FIRST_MO,FIRST_YR,LAST_MO,LAST_YR,SPEEDREL,DR_SF1,DR_SF2,DR_SF3,DR_SF4,VTRAFWAY,VNUM_LAN,VSPD_LIM,VALIGN,VPROFILE,VPAVETYP,VSURCOND,VTRAFCON,VTCONT_F,P_CRASH1,P_CRASH2,P_CRASH3,PCRASH4,PCRASH5,ACC_TYPE,DEATHS,DR_DRINK
34,340242,2,2,2,25,5,16,28,12,6,1,0,34,1,7,41,7041,4,1995,1B3HD46T8SF5,1,B,3,H,D,4,6,T,8,S,F,5,0,P,DODG,INT,4D,95,17,3219,,0,1130,,G,,0,0,000000000,00000000000,0,0,0,1,0,0,0,0,0,0,0,998,0,0,0,3,3,4,3,12,0,0,0,1,34,8345,6,1,0,0,3,0,70,999,0,0,0,0,0,0,0,0,0,0,48,0,0,0,1,2,50,1,1,2,1,0,0,11,10,1,1,2,68,0,0
34,340243,1,1,3,2,7,11,23,1,0,1,0,42,2,12,401,12401,14,1999,1FMZU34E7XZA,1,F,M,Z,U,3,4,E,7,X,Z,A,0,P,FORD,EPR,UT,99,17,4128,,0,1116,,G,,0,0,000000000,00000000000,0,0,0,1,0,0,0,0,0,0,0,998,0,2,1,0,13,6,2,1,0,0,0,1,42,19128,6,1,0,0,3,0,64,999,0,0,0,0,0,0,0,0,0,0,85,0,0,0,3,5,55,1,1,2,1,0,0,1,61,6,4,6,98,1,0
34,340244,1,3,1,30,5,17,32,12,1,1,0,42,1,49,50,49050,3,2010,JTKDE3B76A03,J,T,K,D,E,3,B,7,6,A,0,3,0,P,TOYT,SXC,LB,10,17,2905,,0,1063,,G,,0,0,000000000,00000000000,0,0,0,1,0,0,0,0,0,0,0,999,0,0,0,6,1,6,2,12,0,0,1,1,42,19054,6,1,0,0,3,0,999,999,0,0,0,0,5,4,2008,1,2010,0,0,0,0,0,1,2,55,1,1,2,1,0,0,2,53,1,1,1,29,0,0
34,340244,2,3,1,30,5,17,32,12,1,1,0,34,1,2,403,2403,14,2005,1J4FA39S15P3,1,J,4,F,A,3,9,S,1,5,P,3,0,T,JEEP,WXR,2W,5,17,,1,0,934,WRA,G,,0,0,000000000,00000000000,0,0,0,1,0,0,0,0,0,0,0,999,0,0,0,12,12,6,2,12,35,0,0,1,34,8110,6,1,0,0,3,0,71,999,1,0,0,0,3,12,2008,1,2010,0,36,4,0,0,1,2,55,1,1,2,1,0,0,1,52,3,1,1,28,0,0
34,340244,3,3,2,30,5,17,32,12,1,1,0,34,1,37,706,37706,80,1998,1HFSC3403WA1,1,H,F,S,C,3,4,0,3,W,A,1,0,M,HOND,GLC,RS,98,17,,,,,,,1520,0,0,000000000,00000000000,0,0,0,1,0,0,0,0,0,0,0,999,0,0,0,12,12,6,2,12,0,0,0,1,34,8060,6,1,0,0,3,0,999,999,0,0,0,0,0,0,0,0,0,0,0,0,0,0,1,2,55,1,1,2,1,0,0,1,62,3,2,1,98,2,0
34,340245,1,1,3,12,5,1,50,33,0,1,0,34,2,49,401,49401,14,1999,JT3GM84RXX00,J,T,3,G,M,8,4,R,X,X,0,0,0,P,TOYT,RUN,UT,99,17,3485,,0,1053,,G,,0,0,000000000,00000000000,0,0,0,1,0,0,0,0,0,0,0,998,0,0,0,14,8,6,2,30,0,0,0,1,34,8053,6,1,0,0,3,0,59,999,2,0,0,1,1,2,2008,10,2009,1,0,0,0,0,2,3,50,1,1,2,2,0,0,1,11,1,1,5,1,1,1
34,340246,1,2,1,8,5,2,56,12,6,1,0,34,1,72,706,72706,80,1999,1HD1BML17XY0,1,H,D,1,B,M,L,1,7,X,Y,0,0,M,HD,FLF,RS,99,17,,,,,,,1340,0,0,000000000,00000000000,0,0,0,1,0,0,0,0,0,0,0,998,0,0,0,12,12,6,2,12,0,0,0,1,34,8755,6,1,6,0,3,0,69,195,0,0,0,0,0,0,0,0,0,0,0,0,0,0,1,3,35,2,1,2,1,3,3,14,17,3,2,1,69,1,0
34,340246,2,2,1,8,5,2,56,12,6,1,1,34,1,52,34,52034,4,2000,4A3AA46G5YE0,4,A,3,A,A,4,6,G,5,Y,E,0,9,P,MITS,GES,4D,0,17,3075,,0,1037,,G,,0,0,000000000,00000000000,0,0,0,1,0,0,0,0,0,0,0,998,0,0,0,2,2,4,1,12,0,0,0,1,34,8527,1,1,0,0,2,0,69,999,0,5,0,0,0,8,2007,1,2010,0,38,0,0,0,1,3,35,3,1,2,1,3,3,11,15,1,1,1,68,0,1
34,340247,1,1,1,21,6,3,3,24,0,1,0,34,2,35,401,35401,14,1995,JN8HD17YXSW1,J,N,8,H,D,1,7,Y,X,S,W,1,0,P,NISS,PFI,UT,95,17,3961,,0,1043,,G,,0,0,000000000,00000000000,0,0,0,1,0,0,0,0,0,0,0,999,0,0,0,11,12,6,2,2,0,0,1,1,34,8863,6,1,0,0,3,0,63,999,1,0,0,0,0,3,2009,3,2009,0,28,0,0,0,3,5,55,1,1,2,1,0,0,1,12,3,2,4,7,1,0
34,340248,1,2,2,30,5,17,45,12,2,1,0,34,1,20,22,20022,2,2007,1G1AL15F6772,1,G,1,A,L,1,5,F,6,7,7,2,0,P,CHEV,BLT,CP,7,17,2991,,0,1033,,G,,0,0,000000000,00000000000,0,0,0,1,0,0,0,0,0,0,0,998,0,0,0,12,12,6,2,12,0,0,0,1,34,8757,6,1,0,0,3,0,66,142,0,0,0,0,0,0,0,0,0,0,0,0,0,0,1,2,50,3,1,2,1,0,0,14,62,1,1,1,51,1,0
34,340248,2,2,1,30,5,17,45,12,2,1,0,34,2,37,32,37032,4,1994,1HGCD5634RA0,1,H,G,C,D,5,6,3,4,R,A,0,0,P,HOND,ULE,4D,94,17,2809,,0,1069,,G,,0,0,000000000,00000000000,0,0,0,1,0,0,0,0,0,0,0,998,0,0,0,12,12,6,2,12,0,0,0,1,34,8759,6,1,0,0,3,0,71,999,0,0,5,0,0,10,2007,3,2009,1,28,0,0,0,1,2,50,3,1,2,1,0,0,14,10,1,1,2,50,0,1
34,340249,1,1,1,19,6,19,54,1,0,1,0,34,1,23,401,23401,14,2000,1GKDT13W4Y23,1,G,K,D,T,1,3,W,4,Y,2,3,0,T,GMC,J/E,4W,0,17,,1,0,1070,J/E,G,,0,0,000000000,00000000000,0,0,0,1,0,0,0,0,0,0,0,999,0,2,1,0,13,6,2,1,0,0,0,1,34,7005,6,1,0,0,3,0,69,999,1,0,0,1,1,11,2008,12,2009,0,28,58,0,0,3,3,65,2,1,2,1,0,0,14,12,9,3,6,98,1,1
34,340250,1,1,1,4,6,23,28,33,0,1,0,36,1,12,473,12473,30,2002,1FMRU17L02LA,1,F,M,R,U,1,7,L,0,2,L,A,0,P,FORD,EPT,UT,2,17,4965,,0,1191,,G,,0,0,000000000,00000000000,0,0,0,1,0,0,0,0,0,0,0,999,0,1,6,14,99,6,2,1,0,0,0,1,36,11417,6,1,0,0,3,0,65,165,0,0,0,0,0,0,0,0,0,1,36,28,0,0,1,2,25,2,1,2,1,0,0,14,12,1,2,4,7,1,1
34,340251,1,1,1,24,4,3,53,8,0,1,0,34,2,48,34,48034,4,1997,4S3BD4353V72,4,S,3,B,D,4,3,5,3,V,7,2,0,P,SUBA,ULW,4D,97,17,2885,,0,1035,,G,,0,0,000000000,00000000000,0,0,0,1,0,0,0,0,0,0,0,999,0,0,0,14,14,0,1,8,0,0,0,1,34,8105,6,1,0,0,3,3,72,190,0,0,0,0,0,0,0,0,0,0,0,0,0,0,1,2,40,1,1,2,1,0,0,1,80,1,1,1,13,0,0
34,340252,1,2,1,19,8,18,18,12,6,1,0,34,1,7,482,7482,31,1995,1B7KF26C6SS1,1,B,7,K,F,2,6,C,6,S,S,1,0,T,DODG,250,PK,95,17,,2,0,1347,RPC,D,,0,0,000000000,00000000000,0,0,0,1,0,0,0,0,0,0,0,998,0,0,0,12,12,6,2,12,0,0,0,1,34,8360,6,1,6,0,3,0,70,999,1,0,0,0,1,6,2008,4,2010,0,0,0,0,0,1,2,25,1,1,2,1,0,0,1,66,1,1,1,86,0,0
34,340252,2,2,1,19,8,18,18,12,6,1,0,34,1,49,43,49043,4,2008,4T1BK36B28U3,4,T,1,B,K,3,6,B,2,8,U,3,0,P,TOYT,UTS,4D,8,17,3490,,0,1110,,G,,0,0,000000000,00000000000,0,0,0,1,0,0,0,0,0,0,0,998,0,0,0,3,3,6,2,12,0,0,0,1,34,8360,6,1,0,0,3,0,63,999,0,0,0,0,0,0,0,0,0,0,39,0,0,0,1,2,45,1,1,2,1,20,3,1,17,1,1,1,87,1,0
34,340253,1,1,1,29,6,15,54,33,0,1,0,34,2,7,21,7021,6,2006,2D4GV57216H1,2,D,4,G,V,5,7,2,1,6,H,1,0,P,DODG,MGN,UT,6,17,4083,,0,1200,,G,,0,0,000000000,00000000000,0,0,0,1,0,0,0,0,0,0,0,999,0,0,0,14,12,6,2,42,0,0,0,1,34,8234,6,1,0,0,3,0,75,999,0,0,0,1,0,3,2010,3,2010,0,0,0,0,0,1,2,35,1,1,2,1,0,0,1,12,1,1,5,6,1,0
34,340254,1,1,1,5,7,23,8,59,0,1,0,34,3,34,36,34036,1,2005,WBAEK73485B3,W,B,A,E,K,7,3,4,8,5,B,3,0,P,BMW,64C,CV,5,17,4178,,0,1094,,G,,0,0,000000000,00000000000,0,0,0,1,0,0,0,0,0,0,0,998,0,1,6,12,12,6,2,1,0,0,0,1,34,8755,6,1,0,0,3,0,76,999,1,0,0,0,2,9,2007,4,2010,1,0,0,0,0,2,3,55,1,1,2,1,0,0,1,11,1,1,5,1,1,1
34,340255,1,1,2,13,6,23,21,33,0,1,0,34,2,20,36,20036,2,1996,2G1WW12M4T92,2,G,1,W,W,1,2,M,4,T,9,2,0,P,CHEV,MLS,CP,96,17,3306,,0,1075,,G,,0,0,000000000,00000000000,0,0,0,1,0,0,0,0,0,0,0,999,0,0,0,14,12,6,2,30,0,0,0,1,34,7305,0,0,0,0,0,0,999,999,0,0,0,0,0,0,0,0,0,1,28,36,0,0,1,2,25,1,1,2,2,0,0,1,10,1,4,4,7,2,0
34,340256,1,1,2,13,6,19,16,33,0,1,1,95,2,49,422,49422,15,2001,5TDBT48A31S0,5,T,D,B,T,4,8,A,3,1,S,0,0,P,TOYT,SEQ,UT,1,17,5295,,0,1181,,G,,0,0,000000000,00000000000,0,0,0,1,0,0,0,0,0,0,0,999,0,0,0,14,12,6,2,42,0,0,0,1,34,7607,6,1,0,0,3,0,69,165,1,0,0,0,1,9,2009,4,2010,0,28,0,0,0,1,4,25,1,1,2,1,3,3,1,10,1,1,4,6,2,0
34,340257,1,1,1,23,6,19,4,9,0,1,0,34,2,21,22,21022,4,1997,1G3GR62C8V41,1,G,3,G,R,6,2,C,8,V,4,1,0,P,OLDS,AUR,4D,97,17,3967,,0,1138,,G,,0,0,000000000,00000000000,0,0,0,1,0,0,0,0,0,0,0,999,0,0,0,12,12,9,3,9,0,0,0,1,34,7023,6,1,0,0,3,1,71,999,0,0,0,0,1,8,2009,8,2009,0,0,0,0,0,3,4,50,1,1,2,1,0,0,1,11,6,1,4,13,0,0
34,340258,1,1,1,11,6,7,26,40,0,1,0,34,2,7,442,7442,20,2002,1B4GP34362B5,1,B,4,G,P,3,4,3,6,2,B,5,0,P,DODG,CAR,SV,2,17,4085,,0,1193,,F,,0,0,000000000,00000000000,0,0,0,1,0,0,0,0,0,0,0,999,0,0,0,10,12,6,2,8,0,0,0,1,34,7758,6,1,0,0,3,0,74,999,1,0,0,0,1,11,2009,12,2009,0,28,0,0,0,1,2,35,1,1,2,1,0,0,1,9,99,9,4,7,0,0
34,340259,1,1,3,3,6,15,36,42,0,1,0,34,1,49,32,49032,4,1996,2T1BB02E6TC1,2,T,1,B,B,0,2,E,6,T,C,1,0,P,TOYT,CRD,4D,96,17,2381,,0,970,,G,,0,0,000000000,00000000000,0,0,0,1,0,0,0,0,0,0,0,998,0,0,0,9,9,6,2,42,0,0,0,1,34,8094,6,1,0,0,3,0,60,999,0,0,0,0,1,8,2009,8,2009,0,0,0,0,0,1,2,50,2,1,2,1,0,0,14,13,6,3,5,2,1,0
34,340260,1,3,1,20,6,1,14,12,1,1,0,36,1,53,705,53705,80,2009,JS1GR7LA4921,J,S,1,G,R,7,L,A,4,9,2,1,0,M,SUZI,SX7,RC,9,17,,,,,,,750,0,0,000000000,00000000000,0,0,0,1,0,0,0,0,0,0,0,999,0,0,0,12,12,6,2,12,0,0,0,1,36,11691,6,1,6,0,3,0,68,999,0,0,0,0,0,0,0,0,0,1,36,27,0,0,2,3,65,1,2,2,1,0,0,15,51,1,1,2,24,0,1
34,340260,2,3,2,20,6,1,14,12,1,1,0,42,1,72,706,72706,80,2004,1HD1BXB194Y0,1,H,D,1,B,X,B,1,9,4,Y,0,0,M,HD,ISF,RS,4,17,,,,,,,1450,0,0,000000000,00000000000,0,0,0,1,0,0,0,0,0,0,0,999,0,0,0,6,81,6,2,12,0,0,0,1,42,17314,6,1,0,0,3,0,71,999,0,0,0,0,0,0,0,0,0,0,0,0,0,0,2,3,65,1,2,2,1,0,0,1,60,1,1,2,25,1,0
34,340260,3,3,1,20,6,1,14,12,1,1,1,99,9,99,999,99999,99,9999,999999999999,9,9,9,9,9,9,9,9,9,9,9,9,9,U,,,,9,17,,,,,,,,0,99,999999999,99999999999,9,99,99,1,0,0,0,0,99,99,9,999,0,0,0,14,99,9,1,54,99,99,0,1,99,99999,9,9,99,9,9,9,999,999,99,99,99,99,99,99,9999,99,9999,0,86,0,0,0,2,3,65,1,2,2,1,0,0,1,90,1,1,1,98,0,0
34,340261,1,3,1,11,6,13,53,12,7,1,1,34,2,42,43,42043,4,2009,WDDNG86X49A2,W,D,D,N,G,8,6,X,4,9,A,2,0,P,MERZ,S5A,4D,9,17,4630,,0,1246,,G,,0,0,000000000,00000000000,0,0,0,1,0,0,0,0,0,0,0,999,0,0,0,82,82,4,1,12,0,0,0,1,34,7430,6,1,0,0,3,0,67,999,1,0,0,0,0,1,2009,1,2009,0,27,36,0,0,3,3,55,1,1,2,1,0,0,15,51,1,1,2,46,0,1
34,340261,2,3,1,11,6,13,53,12,7,1,0,34,1,37,403,37403,14,2005,5J6YH28685L0,5,J,6,Y,H,2,8,6,8,5,L,0,0,P,HOND,ELE,UT,5,17,3587,,0,1014,,G,,0,0,000000000,00000000000,0,0,0,1,0,0,0,0,0,0,0,999,0,0,0,63,63,4,3,12,0,0,0,1,34,7401,6,1,0,0,3,3,64,200,0,0,0,0,1,1,2010,1,2010,0,0,0,0,0,3,3,55,1,1,2,1,0,0,1,61,1,3,2,45,1,0
34,340261,3,3,3,11,6,13,53,12,7,1,0,34,2,37,31,37031,4,2008,2HGFA16518H3,2,H,G,F,A,1,6,5,1,8,H,3,0,P,HOND,UCL,4D,8,17,2751,,0,1063,,G,,0,0,000000000,00000000000,0,0,0,1,0,0,0,0,0,0,0,999,0,0,0,12,12,4,3,12,0,0,0,1,36,10940,6,1,0,0,3,0,62,999,0,0,0,0,1,12,2008,12,2008,0,0,0,0,0,3,3,55,1,1,2,1,0,0,1,61,2,1,1,98,0,0
34,340262,1,2,6,27,6,15,37,5,0,1,1,34,1,12,402,12402,14,2002,1FMYU04102KB,1,F,M,Y,U,0,4,1,0,2,K,B,0,P,FORD,SPE,UT,2,17,3511,,0,1031,,G,,0,0,000000000,00000000000,0,0,0,1,0,0,0,0,0,0,0,999,0,0,0,0,0,0,1,5,0,0,0,1,34,8724,6,1,0,0,3,0,61,999,3,0,0,0,2,12,2008,4,2010,1,21,36,39,0,1,2,25,1,1,2,1,20,3,3,98,1,1,1,0,1,0
34,340262,2,2,1,27,6,15,37,5,0,1,0,34,1,13,1,13001,4,2000,1LNHM82W4YY8,1,L,N,H,M,8,2,W,4,Y,Y,8,0,P,LINC,SIG,4D,0,17,4075,,0,1177,,G,,0,0,000000000,00000000000,0,0,0,1,0,0,0,0,0,0,0,999,0,0,0,14,14,0,3,54,0,0,0,1,34,8724,6,1,0,0,3,0,71,999,0,0,0,0,0,0,0,0,0,0,85,0,0,0,1,2,40,1,2,2,1,20,3,1,66,1,1,2,98,0,0
34,340263,1,2,1,20,4,16,0,12,6,1,0,94,3,90,981,90981,58,2005,1BABGCKA75F2,1,B,A,B,G,C,K,A,7,5,F,2,0,U,,,,5,17,,,,,,,,0,88,888888888,88888888888,3,21,22,1,0,0,0,0,7,4,0,998,0,0,0,11,11,4,3,12,0,0,0,1,34,8030,6,1,6,1,3,0,68,999,0,5,0,0,0,9,2008,2,2010,0,48,0,0,0,1,2,30,1,1,2,1,0,0,11,15,1,1,2,82,0,0
34,340263,2,2,1,20,4,16,0,12,6,1,0,34,1,72,706,72706,80,2007,1HD1CZ3477K4,1,H,D,1,C,Z,3,4,7,7,K,4,0,M,HD,XLN,RS,7,17,,,,,,,1199,0,0,000000000,00000000000,0,0,0,1,0,0,0,0,0,0,0,0,0,0,0,11,11,6,2,12,0,0,0,1,94,8048,6,1,0,0,3,0,61,121,0,0,0,0,0,0,0,0,0,0,0,0,0,0,1,2,25,1,1,2,1,20,3,5,67,1,1,1,83,1,0
34,340264,1,1,1,26,5,11,11,8,0,1,0,34,1,37,32,37032,4,1996,1HGCD5639TA2,1,H,G,C,D,5,6,3,9,T,A,2,0,P,HOND,ULE,4D,96,17,2864,,0,1069,,G,,0,0,000000000,00000000000,0,0,0,1,0,0,0,0,0,0,0,999,0,0,0,12,12,4,3,8,0,0,0,1,34,8831,6,1,0,0,3,3,65,999,0,0,0,0,0,0,0,0,0,0,0,0,0,0,1,2,25,1,1,2,1,0,0,1,80,1,1,1,13,0,0
34,340265,1,3,1,2,5,5,41,12,2,1,0,42,1,37,31,37031,4,1998,1HGCF854XWA1,1,H,G,C,F,8,5,4,X,W,A,1,0,P,HOND,UDX,4D,98,17,2787,,0,1069,,G,,0,0,000000000,00000000000,0,0,0,1,0,0,0,0,0,0,0,85,0,0,0,12,3,6,2,12,0,0,0,1,42,18018,6,1,0,0,3,0,71,999,0,0,0,0,0,0,0,0,0,1,50,0,0,0,3,3,65,3,1,2,1,0,0,14,54,1,1,1,52,1,1
34,340265,2,3,2,2,5,5,41,12,2,1,0,34,2,12,401,12401,14,2000,1FMZU74E6YZA,1,F,M,Z,U,7,4,E,6,Y,Z,A,0,P,FORD,EPR,UT,0,17,4170,,0,1116,,G,,0,0,000000000,00000000000,0,0,0,1,0,0,0,0,0,0,0,998,0,0,0,12,9,6,2,12,0,0,0,1,34,7065,6,1,0,0,3,3,68,999,1,0,0,0,0,11,2009,11,2009,0,0,0,0,0,3,3,65,2,1,2,1,0,0,14,54,1,1,1,52,0,0
34,340265,3,3,2,2,5,5,41,12,2,1,0,42,3,93,981,93981,51,1997,1M8PDMPAXVP0,1,M,8,P,D,M,P,A,X,V,P,0,0,U,,,,97,17,,,,,,,,0,88,888888888,88888888888,3,21,22,1,0,0,0,0,5,0,0,998,0,0,0,12,12,6,2,12,0,0,0,1,42,18018,6,1,6,0,3,0,70,999,0,0,0,0,0,0,0,0,0,0,0,0,0,0,3,3,65,2,1,1,1,0,0,14,54,1,1,1,98,0,0
34,340266,1,1,1,3,7,21,36,8,0,1,1,34,1,19,5,19005,2,1993,1G6EL12BXPU6,1,G,6,E,L,1,2,B,X,P,U,6,0,P,CADI,ELD,CP,93,17,3518,,0,1080,,G,,0,0,000000000,00000000000,0,0,0,1,0,0,0,0,0,0,0,999,0,0,0,1,1,4,1,8,0,0,0,1,34,8340,6,1,0,0,3,0,62,999,0,0,0,0,0,0,0,0,0,0,36,0,0,0,1,2,40,1,1,2,1,0,0,1,80,1,1,1,13,0,1
34,340267,1,2,5,13,7,20,15,12,6,1,0,36,1,49,402,49402,14,2008,JTMBD33VX851,J,T,M,B,D,3,3,V,X,8,5,1,0,P,TOYT,RG4,UT,8,17,3444,,0,1047,,G,,0,0,000000000,00000000000,0,0,0,1,0,0,0,0,0,0,0,999,0,1,1,3,61,6,2,1,0,0,0,1,36,12590,6,1,0,0,3,0,61,999,0,0,0,0,0,0,0,0,0,0,0,0,0,0,2,2,45,1,1,2,1,3,3,1,66,1,3,2,87,1,0
34,340267,2,2,1,13,7,20,15,12,6,1,0,34,2,2,404,2404,14,2002,1J4GW48S82C3,1,J,4,G,W,4,8,S,8,2,C,3,0,T,JEEP,LRO,4W,2,17,,1,0,1059,GCK,G,,0,0,000000000,00000000000,0,0,0,1,0,0,0,0,0,0,0,999,0,0,0,12,12,9,3,12,0,0,0,1,34,8201,6,2,0,0,3,1,62,999,0,0,0,0,0,0,0,0,0,0,39,0,0,0,5,2,45,1,1,2,1,3,3,1,17,1,3,2,86,0,0
34,340268,1,1,1,17,7,17,47,1,0,1,0,34,1,73,709,73709,80,2008,JKAZX4P148A0,J,K,A,Z,X,4,P,1,4,8,A,0,0,M,KAWK,ZXP,RS,8,17,,,,,,,599,0,0,000000000,00000000000,0,0,0,1,0,0,0,0,0,0,0,999,0,0,0,0,0,6,2,1,0,0,0,1,34,7642,6,1,0,0,3,0,67,999,0,0,0,2,0,5,2009,9,2009,1,36,27,0,0,2,3,65,2,2,2,1,0,0,15,51,98,2,2,98,1,0
34,340269,1,1,1,12,7,11,22,8,0,1,0,34,1,37,31,37031,2,2008,2HGFG12608H5,2,H,G,F,G,1,2,6,0,8,H,5,0,P,HOND,UCL,CP,8,17,2718,,0,1043,,G,,0,0,000000000,00000000000,0,0,0,1,0,0,0,0,0,0,0,999,0,0,0,11,11,4,3,8,0,0,0,1,34,7436,6,1,0,0,3,0,62,999,0,0,0,0,1,1,2008,1,2008,0,38,0,0,0,1,2,25,1,1,2,1,3,3,11,80,1,1,2,13,0,0
34,340270,1,2,1,29,7,0,47,12,7,1,0,34,2,35,47,35047,4,2000,1N4DL01A3YC2,1,N,4,D,L,0,1,A,3,Y,C,2,0,P,NISS,AGS,4D,0,17,2848,,0,1031,,G,,0,0,000000000,00000000000,0,0,0,1,0,0,0,0,0,0,0,999,0,0,0,82,12,4,3,12,0,0,0,1,25,2467,6,1,0,0,3,0,68,999,0,0,0,0,0,0,0,0,0,0,27,0,0,0,3,3,50,1,2,2,1,0,0,15,51,1,1,1,44,0,0
34,340270,2,2,2,29,7,0,47,12,7,1,0,36,1,49,402,49402,14,2007,JTMBK32V7750,J,T,M,B,K,3,2,V,7,7,5,0,0,P,TOYT,RG4,UT,7,17,3677,,0,1047,,G,,0,0,000000000,00000000000,0,0,0,1,0,0,0,0,0,0,0,999,0,0,0,63,9,6,2,30,0,0,0,1,36,12550,6,1,0,0,3,0,999,999,0,0,0,0,0,0,0,0,0,0,0,0,0,0,3,3,50,1,2,2,1,0,0,1,61,1,1,2,45,1,1
34,340271,1,3,1,19,5,4,23,12,2,1,0,36,1,37,31,37031,4,2009,2HGFA16599H3,2,H,G,F,A,1,6,5,9,9,H,3,0,P,HOND,UCL,4D,9,17,2687,,0,1063,,G,,0,0,000000000,00000000000,0,0,0,1,0,0,0,0,0,0,0,998,0,0,0,12,12,6,2,12,0,0,0,1,36,10930,6,1,6,0,3,0,65,999,1,0,0,0,1,12,2007,9,2009,1,50,0,0,0,3,3,50,1,1,2,2,0,0,1,54,1,1,1,50,1,1
34,340271,2,3,1,19,5,4,23,12,2,1,0,36,1,13,1,13001,4,2005,1LNHM81WX5Y6,1,L,N,H,M,8,1,W,X,5,Y,6,0,P,LINC,SIG,4D,5,17,4359,,0,1177,,G,,0,0,000000000,00000000000,0,0,0,1,0,0,0,0,0,0,0,998,0,0,0,12,12,9,2,12,0,0,0,1,36,11209,6,1,6,0,3,3,73,999,0,0,0,1,0,5,2008,5,2008,0,0,0,0,0,3,3,50,1,1,2,2,0,0,1,54,1,1,1,51,0,0
34,340271,3,3,1,19,5,4,23,12,2,1,0,34,2,52,46,52046,4,2010,JA32U2FUXAU0,J,A,3,2,U,2,F,U,X,A,U,0,0,P,MITS,LST,4D,10,17,2922,,0,1037,,G,,0,0,000000000,00000000000,0,0,0,1,0,0,0,0,0,0,0,998,0,0,0,1,1,9,2,12,0,0,0,1,34,7506,6,1,0,0,3,0,65,999,1,0,0,0,2,8,2009,4,2010,0,0,0,0,0,3,3,50,1,1,2,2,0,0,1,11,1,1,2,98,0,0
34,340272,1,1,1,25,5,22,0,8,0,1,0,34,1,42,47,42047,1,2009,WDBTK56FX9T1,W,D,B,T,K,5,6,F,X,9,T,1,0,P,MERZ,K50,CV,9,17,3845,,0,1069,,G,,0,0,000000000,00000000000,0,0,0,1,0,0,0,0,0,0,0,998,0,0,0,12,12,6,2,8,0,0,0,1,34,7201,6,1,0,0,3,0,69,999,0,0,0,0,0,0,0,0,0,0,0,0,0,0,1,4,35,1,1,2,1,0,0,1,80,1,1,1,13,0,0
34,340273,1,1,1,29,7,22,11,8,0,1,0,34,1,49,40,49040,4,1997,4T1BG22K3VU8,4,T,1,B,G,2,2,K,3,V,U,8,0,P,TOYT,UEX,4D,97,17,2976,,0,1051,,G,,0,0,000000000,00000000000,0,0,0,1,0,0,0,0,0,0,0,999,0,0,0,12,12,4,3,8,0,0,0,1,34,8031,6,1,0,0,3,0,67,999,1,2,0,0,5,1,2009,6,2010,0,92,0,0,0,1,2,35,1,2,1,1,0,0,1,81,1,1,1,13,0,0
34,340274,1,1,1,13,7,16,43,9,0,1,0,34,1,7,402,7402,14,2000,1B4HS28Z1YF1,1,B,4,H,S,2,8,Z,1,Y,F,1,0,P,DODG,DUR,UT,0,17,4462,,0,1159,,G,,0,0,000000000,00000000000,0,0,0,1,0,0,0,0,0,0,0,999,0,0,0,12,12,4,3,9,0,0,0,1,34,8080,6,1,0,0,3,0,68,999,1,1,0,0,3,1,2008,8,2009,0,0,0,0,0,2,2,50,1,1,2,1,0,0,1,83,1,1,1,13,0,0
34,340275,1,3,1,19,7,20,46,12,6,1,0,34,2,12,473,12473,30,2005,1FMZU73EX5UB,1,F,M,Z,U,7,3,E,X,5,U,B,0,P,FORD,EPR,UT,5,17,4094,,0,1137,,G,,0,0,000000000,00000000000,0,0,0,1,0,0,0,0,0,0,0,999,0,0,0,12,12,4,3,12,0,0,0,1,34,7436,6,1,0,0,3,0,66,999,0,0,0,0,0,0,0,0,0,0,39,0,0,0,1,2,35,1,1,2,2,3,3,1,17,1,1,1,86,0,0
34,340275,2,3,3,19,7,20,46,12,6,1,0,34,1,6,441,6441,20,2007,1A4GP54L47R3,1,A,4,G,P,5,4,L,4,7,R,3,0,P,CHRY,TWC,SV,7,17,4267,,0,1193,,G,,0,0,000000000,00000000000,0,0,0,1,0,0,0,0,0,0,0,999,0,0,0,4,4,9,3,12,0,0,0,1,34,7436,6,1,0,0,3,0,66,999,0,0,0,0,0,0,0,0,0,0,0,0,0,0,1,3,35,1,1,2,2,3,3,1,66,1,1,1,87,1,0