STATE,ST_CASE,VEH_NO,VE_FORMS,NUMOCCS,DAY,MONTH,HOUR,MINUTE,HARM_EV,MAN_COLL,UNITTYPE,HIT_RUN,REG_STAT,OWNER,MAKE,MODEL,MAK_MOD,BODY_TYP,MOD_YEAR,VIN,VIN_1,VIN_2,VIN_3,VIN_4,VIN_5,VIN_6,VIN_7,VIN_8,VIN_9,VIN_10,VIN_11,VIN_12,TOW_VEH,VINTYPE,VINMAKE,VINA_MOD,VIN_BT,VINMODYR,VIN_LNGT,VIN_WGT,WGTCD_TR,WHLBS_LG,WHLBS_SH,SER_TR,FUELCODE,MCYCL_DS,J_KNIFE,MCARR_I1,MCARR_I2,MCARR_ID,GVWR,V_CONFIG,CARGO_BT,HAZ_INV,HAZ_PLAC,HAZ_ID,HAZ_CNO,HAZ_REL,BUS_USE,SPEC_USE,EMER_USE,TRAV_SP,UNDERIDE,ROLLOVER,ROLINLOC,IMPACT1,IMPACT2,DEFORMED,TOWED,M_HARM,VEH_SC1,VEH_SC2,FIRE_EXP,DR_PRES,L_STATE,DR_ZIP,L_STATUS,L_TYPE,CDL_STAT,L_ENDORS,L_COMPL,L_RESTRI,DR_HGT,DR_WGT,PREV_ACC,PREV_SUS,PREV_DWI,PREV_SPD,PREV_OTH,FIRST_MO,FIRST_YR,LAST_MO,LAST_YR,SPEEDREL,DR_SF1,DR_SF2,DR_SF3,DR_SF4,VTRAFWAY,VNUM_LAN,VSPD_LIM,VALIGN,VPROFILE,VPAVETYP,VSURCOND,VTRAFCON,VTCONT_F,P_CRASH1,P_CRASH2,P_CRASH3,PCRASH4,PCRASH5,ACC_TYPE,DEATHS,DR_DRINK
34,340343,1,1,1,31,8,20,3,8,0,1,0,34,2,49,32,49032,4,1991,JT2AE91A3M34,J,T,2,A,E,9,1,A,3,M,3,4,0,P,TOYT,COA,4D,91,17,2390,,0,957,,G,,0,0,000000000,00000000000,0,0,0,1,0,0,0,0,0,0,0,998,0,0,0,12,12,6,2,8,0,0,0,1,34,8094,6,1,0,0,3,0,70,999,0,0,0,0,0,0,0,0,0,0,0,0,0,0,1,4,55,1,1,2,1,0,0,1,80,1,1,1,13,0,0
34,340344,1,1,1,12,9,2,2,30,0,1,0,24,1,76,705,76705,80,2000,JYARJ04E9YA0,J,Y,A,R,J,0,4,E,9,Y,A,0,0,M,YAMA,R6L,RS,0,17,,,,,,,599,0,0,000000000,00000000000,0,0,0,1,0,0,0,0,0,0,0,999,0,0,0,12,12,9,3,30,0,0,0,1,24,21227,6,1,0,0,3,0,68,168,0,0,1,0,4,9,2008,7,2010,0,27,0,0,0,3,2,50,2,2,2,1,0,0,14,13,1,1,4,1,1,1
34,340345,1,1,2,1,8,6,6,42,0,1,0,34,2,22,22,22022,4,2008,1G2ZG57B5841,1,G,2,Z,G,5,7,B,5,8,4,1,0,P,PONT,6BS,4D,8,17,3305,,0,1123,,G,,0,0,000000000,00000000000,0,0,0,1,0,0,0,0,0,0,0,998,0,0,0,12,12,6,2,42,0,0,0,1,34,8028,1,1,0,0,2,3,69,999,1,4,0,0,1,9,2007,8,2010,0,28,0,0,0,1,4,50,1,1,2,1,0,0,1,10,1,1,5,6,1,0
34,340346,1,2,1,1,8,20,38,1,0,1,0,34,1,20,23,20023,6,2008,3GNDA23D58S5,3,G,N,D,A,2,3,D,5,8,S,5,0,P,CHEV,HHR,UT,8,17,3155,,0,1035,,G,,0,0,000000000,00000000000,0,0,0,1,0,0,0,0,0,0,0,998,0,0,0,12,12,6,2,12,0,0,0,1,34,8244,6,1,0,0,3,3,67,999,0,0,0,0,3,11,2007,8,2009,0,0,0,0,0,1,2,50,3,2,2,1,0,0,14,62,1,1,1,98,0,0
34,340346,2,2,1,1,8,20,38,1,0,1,0,34,1,72,706,72706,80,2006,1HD1HAZ186K8,1,H,D,1,H,A,Z,1,8,6,K,8,0,M,HD,VRA,RS,6,17,,,,,,,1130,0,0,000000000,00000000000,0,0,0,1,0,0,0,0,0,0,0,998,0,0,0,0,14,6,2,12,0,0,0,1,34,8330,6,1,0,0,3,0,73,999,0,0,0,1,0,6,2010,6,2010,1,28,0,0,0,1,2,50,2,2,2,1,0,0,14,6,2,9,1,98,1,1
34,340347,1,2,1,26,9,9,53,12,2,1,0,34,1,7,11,7011,4,1989,3B3BK46K8KT0,3,B,3,B,K,4,6,K,8,K,T,0,0,P,DODG,ALE,4D,89,17,2424,,0,1003,,G,,0,0,000000000,00000000000,0,0,0,1,0,0,0,0,0,0,0,999,0,0,0,12,12,4,3,12,0,0,0,1,34,8302,6,1,0,0,3,0,70,180,0,0,0,0,0,0,0,0,0,0,27,0,0,0,1,2,40,1,1,2,1,0,0,1,10,1,1,2,50,1,0
34,340347,2,2,1,26,9,9,53,12,2,1,0,34,2,2,403,2403,14,1998,1J4FY29P2WP7,1,J,4,F,Y,2,9,P,2,W,P,7,0,T,JEEP,SEW,2W,98,17,,1,0,934,W/T,G,,0,0,000000000,00000000000,0,0,0,1,0,0,0,0,0,0,0,999,0,0,0,12,12,6,2,12,0,0,0,1,34,8302,6,1,0,0,3,0,60,999,0,0,0,0,0,0,0,0,0,0,0,0,0,0,1,2,40,1,1,2,1,0,0,1,62,99,1,2,51,0,0
34,340348,1,1,1,29,9,23,33,30,0,1,0,34,1,53,706,53706,80,2000,JS1VS52A2Y21,J,S,1,V,S,5,2,A,2,Y,2,1,0,M,SUZI,VS8,RS,0,17,,,,,,,805,0,0,000000000,00000000000,0,0,0,1,0,0,0,0,0,0,0,999,0,0,0,12,12,6,2,2,0,0,1,1,34,8361,6,1,0,0,3,0,74,999,0,2,2,0,2,6,2008,10,2008,1,36,27,0,0,1,2,35,2,1,2,1,0,0,14,6,3,2,4,2,1,1
34,340349,1,3,1,8,9,13,25,54,11,1,0,34,2,12,461,12461,21,2001,1FTNE24L91HB,1,F,T,N,E,2,4,L,9,1,H,B,0,T,FORD,25V,CG,1,17,,2,0,1380,VAN,G,,0,0,000000000,00000000000,0,0,0,1,0,0,0,0,0,0,0,999,0,0,0,9,12,6,2,54,0,0,0,1,42,19115,6,1,0,0,3,0,74,198,0,1,1,0,1,9,2007,9,2008,0,0,0,0,0,1,2,35,1,2,2,1,0,0,1,62,1,1,1,98,1,0
34,340349,2,3,1,8,9,13,25,54,11,1,1,34,3,85,881,85881,63,2004,1NKWXBTX44J0,1,N,K,W,X,B,T,X,4,4,J,0,1,T,KW,W90,TM,4,17,,8,2850,1600,CON,D,,1,57,1964258,571964258,3,4,1,1,0,0,0,0,0,0,0,999,0,0,0,18,18,0,1,54,0,0,0,1,34,8015,6,1,6,9,3,0,69,999,0,1,0,0,2,8,2009,4,2010,0,21,91,77,0,1,2,35,1,2,2,1,0,0,1,10,1,1,1,98,0,0
34,340349,3,3,1,8,9,13,25,54,11,1,0,34,1,7,472,7472,30,2002,1B7HL38N52S6,1,B,7,H,L,3,8,N,5,2,S,6,0,T,DODG,DSQ,4C,2,17,,2,0,1309,DAK,G,,0,0,000000000,00000000000,0,0,0,1,0,0,0,0,0,0,0,999,0,0,0,11,11,2,1,12,0,0,0,1,34,8611,6,1,0,0,3,0,999,999,0,0,0,0,0,0,0,0,0,0,0,0,0,0,1,2,35,1,2,2,1,0,0,1,62,3,1,1,98,0,0
34,340350,1,1,3,20,8,12,23,33,0,1,0,34,2,37,32,37032,4,2007,1HGCM66577A0,1,H,G,C,M,6,6,5,7,7,A,0,0,P,HOND,UEX,4D,7,17,3371,,0,1079,,G,,0,0,000000000,00000000000,0,0,0,1,0,0,0,0,0,0,0,998,0,0,0,14,12,6,2,30,0,0,0,1,34,8096,6,1,0,0,3,0,64,999,0,0,0,0,0,0,0,0,0,0,28,0,0,0,1,2,45,1,1,2,1,0,0,1,13,1,1,5,1,1,0
34,340351,1,2,1,11,7,19,58,12,2,1,0,34,2,49,32,49032,4,2000,2T1BR12E1YC3,2,T,1,B,R,1,2,E,1,Y,C,3,0,P,TOYT,UVL,4D,0,17,2403,,0,970,,G,,0,0,000000000,00000000000,0,0,0,1,0,0,0,0,0,0,0,999,0,0,0,12,12,9,3,12,0,0,0,1,34,8835,6,1,0,0,3,0,67,220,0,0,0,0,0,0,0,0,0,0,27,0,0,0,1,2,45,1,1,2,1,0,0,1,10,1,1,2,50,1,0
34,340351,2,2,1,11,7,19,58,12,2,1,0,34,1,20,403,20403,14,2005,1GNDT13S7522,1,G,N,D,T,1,3,S,7,5,2,2,0,P,CHEV,TRL,UT,5,17,4612,,0,1130,,G,,0,0,000000000,00000000000,0,0,0,1,0,0,0,0,0,0,0,999,0,0,0,12,12,9,3,12,0,0,0,1,34,8502,6,1,0,0,3,3,64,999,0,0,0,0,0,0,0,0,0,0,0,0,0,0,1,2,45,1,1,2,1,0,0,1,62,1,1,1,51,0,0
34,340352,1,1,2,23,7,15,58,30,0,1,0,34,1,20,37,20037,4,2003,1G1ND52J33M6,1,G,1,N,D,5,2,J,3,3,M,6,0,P,CHEV,MAL,4D,3,17,3106,,0,1070,,G,,0,0,000000000,00000000000,0,0,0,1,0,0,0,0,0,0,0,999,0,0,0,12,12,6,2,30,0,0,0,1,34,8069,6,1,0,0,3,3,74,215,0,0,0,0,0,0,0,0,0,0,27,0,0,0,1,2,45,1,1,2,1,0,0,1,10,1,1,4,6,1,0
34,340353,1,3,1,17,8,14,47,12,6,1,0,34,2,20,481,20481,31,1999,1GCHK33J7XF0,1,G,C,H,K,3,3,J,7,X,F,0,0,T,CHEV,GK3,CW,99,17,,2,1685,1545,GM4,G,,0,0,000000000,00000000000,0,0,0,1,0,0,0,0,0,0,0,0,0,0,0,4,8,6,2,12,0,0,1,1,34,8520,6,1,6,0,3,0,72,999,0,0,0,0,0,0,0,0,0,0,0,0,0,0,1,4,55,1,1,2,1,20,3,11,53,1,1,1,68,0,0
34,340353,2,3,1,17,8,14,47,12,6,1,0,34,1,72,706,72706,80,2008,1HD1BX5128Y0,1,H,D,1,B,X,5,1,2,8,Y,0,0,M,HD,FLF,RS,8,17,,,,,,,1584,0,0,000000000,00000000000,0,0,0,1,0,0,0,0,0,0,0,999,0,0,0,12,12,6,2,12,0,0,0,1,34,8550,6,1,0,0,3,3,74,999,1,0,0,1,0,5,2009,9,2009,1,36,0,0,0,1,4,55,1,1,2,1,20,3,1,50,3,2,2,98,0,0
34,340353,3,3,1,17,8,14,47,12,6,1,0,34,1,76,705,76705,80,2003,JYARJ06E23A0,J,Y,A,R,J,0,6,E,2,3,A,0,0,M,YAMA,R6L,RS,3,17,,,,,,,599,0,0,000000000,00000000000,0,0,0,1,0,0,0,0,0,0,0,999,0,0,0,12,12,6,2,12,0,0,1,1,34,8550,6,1,0,0,3,3,69,999,2,1,0,0,1,5,2008,6,2010,1,36,0,0,0,1,4,55,1,1,2,1,20,3,1,50,10,2,1,69,1,1
34,340354,1,1,1,20,6,0,41,8,0,1,1,99,9,99,999,99999,99,9999,999999999999,9,9,9,9,9,9,9,9,9,9,9,9,9,U,,,,9,17,,,,,,,,0,99,999999999,99999999999,9,99,99,1,0,0,0,0,99,99,9,999,0,0,0,99,99,9,1,8,99,99,0,1,99,99999,9,9,99,9,9,9,999,999,99,99,99,99,99,99,9999,99,9999,9,99,99,99,99,1,2,25,1,1,2,1,0,0,99,80,3,2,3,13,0,0
34,340355,1,1,1,17,6,17,13,33,0,1,0,0,0,37,739,37739,90,9999,999999999999,9,9,9,9,9,9,9,9,9,9,9,9,0,U,,,,9,17,,,,,,,,0,0,000000000,00000000000,0,0,0,1,0,0,0,0,0,0,0,998,0,0,0,14,12,9,9,38,0,0,0,1,34,7203,1,1,0,0,2,0,72,999,0,3,0,0,4,3,2008,4,2010,1,36,37,0,0,1,2,25,1,1,2,1,0,0,99,99,99,9,9,1,1,0
34,340356,1,1,3,7,8,5,58,1,0,1,0,34,2,52,401,52401,14,2002,JA4MT31RX2J0,J,A,4,M,T,3,1,R,X,2,J,0,0,P,MITS,MNS,UT,2,17,4240,,0,1073,,G,,0,0,000000000,00000000000,0,0,0,1,0,0,0,0,0,0,0,999,0,1,1,0,0,6,2,1,0,0,0,1,34,8861,6,1,0,0,3,0,68,999,1,0,0,0,1,3,2008,5,2008,0,28,0,0,0,2,2,65,1,1,2,1,0,0,1,12,9,1,6,98,2,1
34,340357,1,2,2,18,7,0,14,12,2,1,0,25,1,76,706,76706,80,2007,JYARJ12E77A0,J,Y,A,R,J,1,2,E,7,7,A,0,0,M,YAMA,R6L,RS,7,17,,,,,,,599,0,0,000000000,00000000000,0,0,0,1,0,0,0,0,0,0,0,999,0,0,0,12,12,6,2,12,0,0,0,1,25,2301,6,1,0,0,3,0,64,176,0,3,0,0,0,8,2007,10,2009,1,35,36,0,0,1,2,25,1,1,2,1,0,0,17,50,6,1,2,50,1,0
34,340357,2,2,1,18,7,0,14,12,2,1,0,36,1,58,421,58421,15,2008,5N3AA08C58N9,5,N,3,A,A,0,8,C,5,8,N,9,0,P,INFI,QX5,UT,8,17,5903,,0,1232,,G,,0,0,000000000,00000000000,0,0,0,1,0,0,0,0,0,0,0,999,0,0,0,12,12,9,3,12,0,0,0,1,36,11225,6,1,0,0,3,3,67,999,0,0,0,0,0,0,0,0,0,0,0,0,0,0,1,2,25,1,1,2,1,0,0,1,62,1,1,1,51,0,0
34,340358,1,1,1,7,7,15,9,9,0,1,1,34,1,38,473,38473,30,2006,1GGCS1984687,1,G,G,C,S,1,9,8,4,6,8,7,0,T,ISU,280,4C,6,17,,1,0,1259,I28,G,,0,0,000000000,00000000000,0,0,0,1,0,0,0,0,0,0,0,999,0,0,0,12,12,4,1,9,0,0,0,1,34,8096,6,1,0,0,3,0,72,999,1,0,0,0,0,4,2010,4,2010,1,36,86,0,0,1,2,25,2,1,2,1,0,0,14,80,1,1,1,13,0,1
34,340359,1,1,1,22,7,20,39,8,0,1,1,34,1,42,42,42042,2,2005,WDBTK65G45T0,W,D,B,T,K,6,5,G,4,5,T,0,0,P,MERZ,CLK,CV,5,17,3770,,0,1069,,G,,0,0,000000000,00000000000,0,0,0,1,0,0,0,0,0,0,0,999,0,0,0,10,99,9,1,8,0,0,0,1,34,7111,6,1,0,0,3,0,71,999,0,3,0,2,5,10,2007,4,2010,1,36,0,0,0,1,2,25,1,2,2,1,0,0,1,80,1,1,1,13,0,0
34,340360,1,1,1,4,7,0,55,35,0,1,0,34,1,20,2,20002,4,2006,2G1WD58C2693,2,G,1,W,D,5,8,C,2,6,9,3,0,P,CHEV,ISS,4D,6,17,3607,,0,1105,,G,,0,0,000000000,00000000000,0,0,0,1,0,0,0,0,0,0,0,999,0,0,0,1,12,6,2,21,0,0,0,1,34,7036,6,1,6,0,3,0,74,999,0,0,0,0,1,2,2010,2,2010,0,27,0,0,0,1,2,50,3,2,2,1,0,0,14,11,1,1,4,1,1,1
34,340361,1,1,1,24,8,5,43,8,0,1,0,34,1,59,31,59031,4,2001,JT8BF28G7151,J,T,8,B,F,2,8,G,7,1,5,1,0,P,LEXS,ES3,4D,1,17,3373,,0,1051,,G,,0,0,000000000,00000000000,0,0,0,1,0,0,0,0,0,0,0,999,0,0,0,12,12,6,2,8,0,0,0,1,34,8817,6,1,0,0,3,0,67,999,1,0,0,1,1,2,2008,12,2008,0,0,0,0,0,3,3,50,1,1,2,2,3,3,1,80,1,1,1,13,0,0
34,340362,1,2,1,27,6,21,16,53,0,1,0,34,2,20,421,20421,15,2007,1GNFK13047R3,1,G,N,F,K,1,3,0,4,7,R,3,0,P,CHEV,KTA,UT,7,17,5706,,0,1160,,F,,0,0,000000000,00000000000,0,0,0,1,0,0,0,0,0,0,0,998,0,1,6,2,12,6,2,12,0,0,0,1,34,8525,6,1,0,0,3,0,66,999,1,0,0,0,0,6,2009,6,2009,1,36,0,0,0,1,2,35,1,2,2,1,0,0,1,13,1,1,4,1,0,1
34,340362,2,2,2,27,6,21,16,53,0,1,0,36,4,14,21,14021,4,2010,3MEHM0JG7AR6,3,M,E,H,M,0,J,G,7,A,R,6,0,P,MERC,MPR,4D,10,17,3303,,0,1074,,F,,0,0,000000000,00000000000,0,0,0,1,0,0,0,0,0,0,0,998,0,0,0,3,3,6,2,12,0,0,0,1,36,10280,6,1,0,0,3,3,73,999,0,0,0,0,0,0,0,0,0,0,0,0,0,0,1,2,35,1,2,2,1,0,0,11,15,1,1,1,98,1,0
34,340363,1,2,1,18,8,1,45,12,6,1,0,34,1,12,461,12461,21,2008,1FBNE31L28DB,1,F,B,N,E,3,1,L,2,8,D,B,0,T,FORD,WSD,BU,8,17,,2,0,1380,ECO,G,,0,0,000000000,00000000000,0,0,0,1,0,0,0,0,0,0,0,999,0,0,0,9,9,9,3,12,0,0,0,1,34,7036,6,1,0,0,3,0,73,999,0,0,0,1,2,4,2009,6,2010,0,0,0,0,0,1,4,55,1,1,2,1,0,0,1,66,1,1,1,89,0,0
34,340363,2,2,1,18,8,1,45,12,6,1,0,36,2,49,32,49032,4,1991,2T1AE91A5MC1,2,T,1,A,E,9,1,A,5,M,C,1,0,P,TOYT,COA,4D,91,17,2390,,0,957,,G,,0,0,000000000,00000000000,0,0,0,1,0,0,0,0,0,0,0,999,0,0,0,12,12,9,3,12,0,0,0,1,36,11434,6,1,0,0,3,3,74,999,0,0,0,0,0,0,0,0,0,0,39,0,0,0,4,1,25,1,1,2,1,20,3,1,17,1,1,1,88,1,0
34,340364,1,1,1,20,9,3,9,33,0,1,0,18,3,82,883,82883,66,2005,1FUJA6DE25LV,1,F,U,J,A,6,D,E,2,5,L,V,1,T,FRHT,COL,DS,5,17,,8,0,0,CON,D,,1,57,856029,57856029,3,6,1,1,0,0,0,0,0,0,0,998,0,1,3,14,12,6,2,2,0,0,1,1,42,19064,6,1,6,1,3,0,70,999,0,0,0,0,2,3,2008,2,2010,1,0,0,0,0,6,1,50,2,1,2,1,0,0,14,13,1,1,5,1,1,0
34,340365,1,2,3,11,9,18,45,12,7,1,0,42,1,12,481,12481,31,1993,1FTDF15N7PNA,1,F,T,D,F,1,5,N,7,P,N,A,0,T,FORD,F15,PK,93,17,,1,1330,1170,COF,G,,0,0,000000000,00000000000,0,0,0,1,0,0,0,0,0,0,0,998,0,1,6,1,12,6,2,1,0,0,1,1,42,19136,6,1,0,0,3,0,69,999,0,0,0,0,0,0,0,0,0,1,27,0,0,0,3,2,65,1,1,2,1,0,0,15,11,1,1,2,44,1,0
34,340365,2,2,4,11,9,18,45,12,7,1,0,34,1,35,39,35039,4,2004,1N4BA41E84C8,1,N,4,B,A,4,1,E,8,4,C,8,0,P,NISS,MEL,4D,4,17,3310,,0,1112,,G,,0,0,000000000,00000000000,0,0,0,1,0,0,0,0,0,0,0,998,0,0,0,7,12,6,2,42,0,0,0,1,34,8062,6,1,0,0,3,0,62,999,0,0,0,0,0,0,0,0,0,0,0,0,0,0,3,2,65,1,1,2,1,0,0,1,61,1,1,1,45,0,0
34,340366,1,4,4,12,9,14,30,12,1,1,0,24,3,14,17,14017,6,2001,1MEFM59S71A6,1,M,E,F,M,5,9,S,7,1,A,6,0,P,MERC,SLP,SW,1,17,3539,,0,1085,,G,,0,0,000000000,00000000000,0,0,0,1,0,0,0,0,0,0,0,998,0,0,0,12,12,6,2,12,0,0,0,1,24,21727,6,1,0,0,3,0,64,140,0,0,0,0,0,0,0,0,0,0,38,0,0,0,1,2,50,2,1,2,1,0,0,14,50,1,1,2,20,1,0
34,340366,2,4,2,12,9,14,30,12,1,1,0,34,1,42,45,42045,1,2002,WDBKK66F22F2,W,D,B,K,K,6,6,F,2,2,F,2,0,P,MERZ,SAK,RD,2,17,3130,,0,946,,G,,0,0,000000000,00000000000,0,0,0,1,0,0,0,0,0,0,0,0,0,0,0,6,6,9,2,12,0,0,0,1,34,8096,6,1,0,0,3,0,67,999,0,0,0,1,0,8,2010,8,2010,0,0,0,0,0,1,2,50,2,1,2,1,0,0,5,15,1,1,1,22,0,0
34,340366,3,4,1,12,9,14,30,12,1,1,0,34,1,76,709,76709,80,2008,JYARN20E58A0,J,Y,A,R,N,2,0,E,5,8,A,0,0,M,YAMA,YFR,RS,8,17,,,,,,,998,0,0,000000000,00000000000,0,0,0,1,0,0,0,0,0,0,0,998,0,0,0,12,12,6,2,12,0,0,0,1,34,8027,6,1,0,0,2,3,75,999,0,0,0,0,2,2,2010,8,2010,0,0,0,0,0,1,2,50,3,1,2,1,0,0,14,17,1,1,1,98,1,0
34,340366,4,4,4,12,9,14,30,12,1,1,0,42,2,2,404,2404,14,2001,1J4GW48S01C6,1,J,4,G,W,4,8,S,0,1,C,6,0,T,JEEP,LRO,4W,1,17,,1,0,1059,GCK,G,,0,0,000000000,00000000000,0,0,0,1,0,0,0,0,0,0,0,998,0,0,0,12,12,2,1,12,0,0,0,1,42,19148,6,1,6,0,3,0,67,999,1,0,0,0,2,12,2007,4,2010,0,0,0,0,0,1,2,50,3,1,2,1,0,0,14,17,1,1,1,98,0,0
34,340367,1,1,3,18,9,0,57,33,0,1,0,42,2,54,31,54031,3,1995,JH4DC4353SS0,J,H,4,D,C,4,3,5,3,S,S,0,0,P,ACUR,ILS,2H,95,17,2572,,0,1012,,G,,0,0,000000000,00000000000,0,0,0,1,0,0,0,0,0,0,0,70,0,0,0,14,3,6,2,30,0,0,0,1,34,7052,6,2,0,0,3,2,76,999,0,0,0,0,1,5,2010,5,2010,1,36,73,0,0,1,2,40,3,2,2,1,0,0,14,12,9,1,5,6,1,0
34,340368,1,2,1,10,9,10,1,12,6,1,0,34,2,12,422,12422,15,2002,1FMZU73E42UB,1,F,M,Z,U,7,3,E,4,2,U,B,0,P,FORD,EPR,UT,2,17,4378,,0,1137,,G,,0,0,000000000,00000000000,0,0,0,1,0,0,0,0,0,0,0,999,0,0,0,12,12,9,3,12,0,0,0,1,34,8232,6,1,0,0,3,0,68,999,0,0,0,0,0,0,0,0,0,0,39,0,0,0,1,2,25,1,1,2,1,20,3,1,17,1,1,1,86,0,0
34,340368,2,2,2,10,9,10,1,12,6,1,0,34,2,22,16,22016,2,2004,1G2JB12F5472,1,G,2,J,B,1,2,F,5,4,7,2,0,P,PONT,SFR,CP,4,17,2771,,0,1041,,G,,0,0,000000000,00000000000,0,0,0,1,0,0,0,0,0,0,0,999,0,0,0,3,9,4,1,12,0,0,0,1,34,8360,6,1,0,0,3,0,69,999,0,0,0,0,0,0,0,0,0,0,0,0,0,0,1,2,25,1,1,2,1,20,3,1,66,1,1,1,87,1,0
34,340369,1,1,1,14,9,23,21,42,0,1,0,34,2,14,6,14006,4,1994,2MELM75W1RX6,2,M,E,L,M,7,5,W,1,R,X,6,0,P,MERC,MGL,4D,94,17,3796,,0,1144,,G,,0,0,000000000,00000000000,0,0,0,1,0,0,0,0,0,0,0,998,0,0,0,12,12,6,2,42,0,0,0,1,34,7936,6,1,0,0,3,0,67,999,0,0,0,0,0,0,0,0,0,0,0,0,0,0,1,2,40,3,1,2,1,0,0,14,13,1,1,5,1,1,0
34,340370,1,1,2,5,9,15,47,14,0,1,0,34,2,2,405,2405,14,2004,1J4GL48K34W3,1,J,4,G,L,4,8,K,3,4,W,3,0,T,JEEP,SPR,4W,4,17,,1,0,1043,LIB,G,,0,0,000000000,00000000000,0,0,0,1,0,0,0,0,0,0,0,999,4,0,0,1,1,6,2,14,0,0,0,1,34,7073,6,1,0,0,3,0,71,999,0,0,0,0,0,0,0,0,0,0,28,58,0,0,2,2,65,1,1,2,1,0,0,1,13,6,1,5,98,1,0
34,340371,1,1,1,6,9,17,4,33,0,1,0,34,1,14,6,14006,4,2000,2MEFM74W4YX6,2,M,E,F,M,7,4,W,4,Y,X,6,0,P,MERC,GMG,4D,0,17,3958,,0,1147,,G,,0,0,000000000,00000000000,0,0,0,1,0,0,0,0,0,0,0,998,0,0,0,14,12,6,2,8,0,0,0,1,34,7018,6,1,6,0,3,3,69,999,3,0,0,0,1,10,2008,4,2010,0,86,0,0,0,1,2,25,1,1,2,1,0,0,1,11,1,1,4,1,0,0
34,340372,1,1,1,6,10,9,30,8,0,1,0,34,1,7,482,7482,31,2005,1D7HA18DX5S1,1,D,7,H,A,1,8,D,X,5,S,1,0,T,DODG,SQ1,CW,5,17,,2,1605,1405,RPC,G,,0,0,000000000,00000000000,0,0,0,1,0,0,0,0,0,0,0,998,0,0,0,11,11,9,2,8,0,0,0,1,34,8088,6,1,6,0,3,0,61,999,0,0,0,0,0,0,0,0,0,0,38,0,0,0,1,2,40,1,2,2,1,0,0,1,80,1,1,1,13,0,0
34,340373,1,1,1,29,10,10,30,31,0,1,0,36,1,20,9,20009,2,1996,2G1FP22K9T21,2,G,1,F,P,2,2,K,9,T,2,1,0,P,CHEV,C/R,CP,96,17,3306,,0,1011,,G,,0,0,000000000,00000000000,0,0,0,1,0,0,0,0,0,0,0,998,0,1,6,12,13,6,2,1,0,0,0,1,36,12780,6,1,0,0,3,0,70,999,0,3,0,0,2,10,2009,6,2010,1,0,0,0,0,1,2,25,1,2,2,1,0,0,1,11,1,1,5,1,1,0
34,340374,1,1,1,13,10,14,37,18,0,1,0,34,1,18,7,18007,4,1996,1G4AG55M5T64,1,G,4,A,G,5,5,M,5,T,6,4,0,P,BUIC,CSL,4D,96,17,2951,,0,1049,,G,,0,0,000000000,00000000000,0,0,0,1,0,0,0,0,0,0,0,998,0,0,0,1,1,9,2,8,0,0,0,1,34,8740,6,1,0,0,3,0,64,999,0,0,0,0,0,0,0,0,0,0,86,0,0,0,1,2,40,1,1,2,1,0,0,1,90,7,1,4,3,0,0
34,340375,1,1,1,23,10,14,15,8,0,1,0,34,1,14,17,14017,4,2000,1MEFM55S9YG6,1,M,E,F,M,5,5,S,9,Y,G,6,0,P,MERC,SLP,4D,0,17,3375,,0,1085,,G,,0,0,000000000,00000000000,0,0,0,1,0,0,0,0,0,0,0,998,0,0,0,1,1,9,2,8,0,0,0,1,34,8016,6,1,0,0,3,3,62,999,0,0,0,0,0,0,0,0,0,0,86,0,0,0,3,2,40,1,1,2,1,0,0,1,80,1,1,1,13,0,0
34,340376,1,1,1,14,9,20,25,8,0,1,0,34,1,55,35,55035,4,2010,KMHDU4ADXAU8,K,M,H,D,U,4,A,D,X,A,U,8,0,P,HYUN,BGS,4D,10,17,2723,,0,1043,,G,,0,0,000000000,00000000000,0,0,0,1,0,0,0,0,0,0,0,999,0,0,0,12,12,6,2,8,0,0,0,1,34,8028,6,1,0,0,3,0,65,999,0,0,0,0,0,0,0,0,0,0,0,0,0,0,2,2,55,1,1,2,1,0,0,1,80,1,1,2,13,0,0
34,340377,1,2,1,10,10,15,57,12,2,1,0,34,2,52,47,52047,6,2007,JA4MT41X67Z0,J,A,4,M,T,4,1,X,6,7,Z,0,0,P,MITS,OUT,UT,7,17,3783,,0,1051,,G,,0,0,000000000,00000000000,0,0,0,1,0,0,0,0,0,0,0,998,0,0,0,12,12,6,2,12,0,0,0,1,34,7860,6,1,6,0,3,0,66,999,2,0,0,0,0,8,2008,12,2008,0,28,0,0,0,1,2,45,2,1,2,1,0,0,14,10,1,1,2,50,0,0
34,340377,2,2,1,10,10,15,57,12,2,1,0,34,1,24,2,24002,2,1996,1G8ZG1275TZ1,1,G,8,Z,G,1,2,7,5,T,Z,1,0,P,STRN,SC2,CP,96,17,2265,,0,992,,G,,0,0,000000000,00000000000,0,0,0,1,0,0,0,0,0,0,0,998,0,0,0,12,12,6,2,12,0,0,0,1,34,7848,6,1,0,0,3,0,70,999,0,0,0,0,0,0,0,0,0,0,0,0,0,0,1,2,45,3,1,2,1,0,0,14,62,1,1,1,51,1,1