STATE,ST_CASE,VEH_NO,VE_FORMS,NUMOCCS,DAY,MONTH,HOUR,MINUTE,HARM_EV,MAN_COLL,UNITTYPE,HIT_RUN,REG_STAT,OWNER,MAKE,MODEL,MAK_MOD,BODY_TYP,MOD_YEAR,VIN,VIN_1,VIN_2,VIN_3,VIN_4,VIN_5,VIN_6,VIN_7,VIN_8,VIN_9,VIN_10,VIN_11,VIN_12,TOW_VEH,VINTYPE,VINMAKE,VINA_MOD,VIN_BT,VINMODYR,VIN_LNGT,VIN_WGT,WGTCD_TR,WHLBS_LG,WHLBS_SH,SER_TR,FUELCODE,MCYCL_DS,J_KNIFE,MCARR_I1,MCARR_I2,MCARR_ID,GVWR,V_CONFIG,CARGO_BT,HAZ_INV,HAZ_PLAC,HAZ_ID,HAZ_CNO,HAZ_REL,BUS_USE,SPEC_USE,EMER_USE,TRAV_SP,UNDERIDE,ROLLOVER,ROLINLOC,IMPACT1,IMPACT2,DEFORMED,TOWED,M_HARM,VEH_SC1,VEH_SC2,FIRE_EXP,DR_PRES,L_STATE,DR_ZIP,L_STATUS,L_TYPE,CDL_STAT,L_ENDORS,L_COMPL,L_RESTRI,DR_HGT,DR_WGT,PREV_ACC,PREV_SUS,PREV_DWI,PREV_SPD,PREV_OTH,FIRST_MO,FIRST_YR,LAST_MO,LAST_YR,SPEEDREL,DR_SF1,DR_SF2,DR_SF3,DR_SF4,VTRAFWAY,VNUM_LAN,VSPD_LIM,VALIGN,VPROFILE,VPAVETYP,VSURCOND,VTRAFCON,VTCONT_F,P_CRASH1,P_CRASH2,P_CRASH3,PCRASH4,PCRASH5,ACC_TYPE,DEATHS,DR_DRINK
34,340378,1,2,1,3,9,17,22,1,0,1,0,34,1,37,706,37706,80,2001,1HFSC18071A5,1,H,F,S,C,1,8,0,7,1,A,5,0,M,HOND,VT1,RS,1,17,,,,,,,1099,0,0,000000000,00000000000,0,0,0,1,0,0,0,0,0,0,0,999,0,0,0,0,18,6,2,54,0,0,0,1,34,7848,6,1,0,0,3,0,67,999,1,0,0,1,4,7,2008,11,2009,0,0,0,0,0,1,2,45,1,1,2,1,0,0,98,72,3,2,2,98,1,0
34,340378,2,2,1,3,9,17,22,1,0,1,0,34,2,6,52,6052,6,2007,3A4FY48B77T5,3,A,4,F,Y,4,8,B,7,7,T,5,0,P,CHRY,PTC,SV,7,17,2985,,0,1030,,G,,0,0,000000000,00000000000,0,0,0,1,0,0,0,0,0,0,0,999,0,0,0,11,11,6,2,54,0,0,0,1,34,7827,6,1,0,0,3,0,66,999,2,0,0,0,3,3,2008,6,2010,0,38,0,0,0,1,2,45,1,1,2,1,0,0,11,55,1,1,2,98,0,0
34,340379,1,1,1,1,9,19,21,1,0,1,0,34,1,53,706,53706,80,2004,JS1GT75A0421,J,S,1,G,T,7,5,A,0,4,2,1,0,M,SUZI,XR1,RS,4,17,,,,,,,988,0,0,000000000,00000000000,0,0,0,1,0,0,0,0,0,0,0,999,0,0,0,0,3,9,3,24,0,0,0,1,34,8109,6,1,0,0,3,0,74,160,1,0,0,0,2,7,2009,3,2010,1,36,34,0,0,2,2,65,1,1,2,1,0,0,6,6,1,2,4,7,1,0
34,340380,1,1,1,6,7,20,10,33,0,1,0,34,2,30,40,30040,4,1997,3VWRA81H9VM0,3,V,W,R,A,8,1,H,9,V,M,0,0,P,VOLK,UJG,4D,97,17,2507,,0,974,,G,,0,0,000000000,00000000000,0,0,0,1,0,0,0,0,0,0,0,998,0,0,0,14,12,6,2,23,0,0,0,1,34,7601,6,1,0,0,3,3,73,999,0,0,0,0,1,5,2008,5,2008,0,0,0,0,0,3,2,50,3,1,2,1,0,0,14,11,1,9,4,1,1,1
34,340381,1,1,1,4,10,5,45,8,0,1,0,34,1,20,471,20471,30,1989,1GCCS14Z1K22,1,G,C,C,S,1,4,Z,1,K,2,2,0,T,CHEV,S14,PK,89,17,,1,1179,1083,S,G,,0,0,000000000,00000000000,0,0,0,1,0,0,0,0,0,0,0,998,0,0,0,12,12,2,1,8,0,0,0,1,34,8361,6,1,0,0,3,0,74,999,1,0,0,0,0,11,2008,11,2008,0,0,0,0,0,2,2,45,1,1,2,2,0,0,1,81,2,1,1,13,0,0
34,340382,1,5,1,23,9,21,46,1,0,1,0,34,1,73,706,73706,80,2008,JKAZX4P108A0,J,K,A,Z,X,4,P,1,0,8,A,0,0,M,KAWK,ZXP,RS,8,17,,,,,,,599,0,0,000000000,00000000000,0,0,0,1,0,0,0,0,0,0,0,999,0,0,0,0,12,6,2,1,0,0,0,1,34,8859,6,1,0,0,3,3,67,200,0,0,0,0,0,0,0,0,0,0,0,0,0,0,3,3,45,3,1,2,1,0,0,14,9,99,4,3,98,1,1
34,340382,2,5,1,23,9,21,46,1,0,1,0,34,1,49,43,49043,4,2006,4T1BK36B56U0,4,T,1,B,K,3,6,B,5,6,U,0,0,P,TOYT,UTS,4D,6,17,3490,,0,1071,,G,,0,0,000000000,00000000000,0,0,0,1,0,0,0,0,0,0,0,999,0,0,0,14,14,0,1,54,0,0,0,1,34,7039,6,1,0,0,3,3,71,999,0,0,0,0,0,0,0,0,0,0,0,0,0,0,3,3,45,3,1,2,1,0,0,14,50,1,1,1,98,0,0
34,340382,3,5,1,23,9,21,46,1,0,1,0,34,2,32,43,32043,1,2009,WAUDF48H89K0,W,A,U,D,F,4,8,H,8,9,K,0,0,P,AUDI,2CQ,CV,9,17,3957,,0,1043,,G,,0,0,000000000,00000000000,0,0,0,1,0,0,0,0,0,0,0,999,0,0,0,14,14,0,1,54,0,0,0,1,34,7748,6,1,0,0,3,0,68,999,0,0,0,0,0,0,0,0,0,0,0,0,0,0,3,3,45,3,1,2,1,0,0,14,50,1,1,1,98,0,0
34,340382,4,5,1,23,9,21,46,1,0,1,0,36,2,7,41,7041,4,2000,2B3HD46R0YH2,2,B,3,H,D,4,6,R,0,Y,H,2,0,P,DODG,INT,4D,0,17,3385,,0,1130,,G,,0,0,000000000,00000000000,0,0,0,1,0,0,0,0,0,0,0,999,0,0,0,14,14,0,1,54,0,0,0,1,36,10302,6,1,0,0,3,0,71,999,0,0,0,0,0,0,0,0,0,0,0,0,0,0,3,3,45,3,1,2,1,0,0,2,50,2,1,1,98,0,0
34,340382,5,5,1,23,9,21,46,1,0,1,0,34,1,14,17,14017,6,1999,1MEFM58S5XA6,1,M,E,F,M,5,8,S,5,X,A,6,0,P,MERC,SGL,SW,99,17,3462,,0,1085,,G,,0,0,000000000,00000000000,0,0,0,1,0,0,0,0,0,0,0,999,0,0,0,14,14,0,1,54,0,0,0,1,34,7304,6,1,0,0,3,0,69,999,0,0,0,0,0,0,0,0,0,0,0,0,0,0,3,3,45,3,1,2,1,0,0,14,50,1,1,1,98,0,0
34,340383,1,2,1,8,10,15,13,12,8,1,0,34,2,34,34,34034,1,2007,WBAWR33597PX,W,B,A,W,R,3,3,5,9,7,P,X,0,P,BMW,3SV,CV,7,17,3792,,0,1087,,G,,0,0,000000000,00000000000,0,0,0,1,0,0,0,0,0,0,0,998,0,0,0,11,11,6,2,12,0,0,0,1,34,8085,6,1,0,0,3,0,66,999,3,0,0,2,5,10,2007,6,2010,0,28,0,0,0,1,2,50,1,1,2,1,0,0,1,10,1,1,2,64,0,0
34,340383,2,2,3,8,10,15,13,12,8,1,0,34,2,2,404,2404,14,1993,1J4GZ78Y6PC6,1,J,4,G,Z,7,8,Y,6,P,C,6,0,T,JEEP,LMT,4W,93,17,,1,0,1059,GCK,G,,0,0,000000000,00000000000,0,0,0,1,0,0,0,0,0,0,0,998,0,0,0,11,11,6,2,12,0,0,0,1,34,8085,6,1,0,0,3,0,65,999,0,0,0,0,1,8,2008,8,2008,0,0,0,0,0,1,2,50,1,1,2,1,0,0,1,62,1,1,1,65,1,0
34,340384,1,2,1,8,10,13,1,12,1,1,0,34,1,21,17,21017,4,1995,1G3AJ55M5S63,1,G,3,A,J,5,5,M,5,S,6,3,0,P,OLDS,CRL,4D,95,17,2733,,0,1049,,G,,0,0,000000000,00000000000,0,0,0,1,0,0,0,0,0,0,0,998,0,0,0,6,6,9,2,12,0,0,0,1,34,8052,6,1,0,0,3,3,62,999,0,0,0,0,0,0,0,0,0,0,0,0,0,0,3,2,45,1,1,2,1,0,0,3,53,1,3,2,26,1,0
34,340384,2,2,1,8,10,13,1,12,1,1,0,34,3,12,880,12880,67,2006,1FTWX31P26ED,1,F,T,W,X,3,1,P,2,6,E,D,0,T,FORD,F3S,4C,6,17,,3,1580,1420,SRW,D,,0,88,888888888,88888888888,2,1,97,1,0,0,0,0,0,0,0,998,0,1,5,12,99,6,2,12,0,0,0,1,34,8002,6,1,6,0,3,0,74,999,0,0,0,0,0,0,0,0,0,0,38,0,0,0,3,2,45,1,1,2,1,0,0,1,51,99,1,1,24,0,0
34,340385,1,1,1,18,9,2,50,42,0,1,0,34,1,73,705,73705,80,2000,JKAZX4J19YA0,J,K,A,Z,X,4,J,1,9,Y,A,0,0,M,KAWK,ZXJ,RS,0,17,,,,,,,600,0,0,000000000,00000000000,0,0,0,1,0,0,0,0,0,0,0,999,0,0,0,12,12,6,2,42,0,0,0,1,34,8062,6,1,0,0,3,0,71,165,0,0,0,0,3,1,2008,5,2008,0,0,0,0,0,1,2,50,1,1,2,1,0,0,3,13,1,1,4,1,1,1
34,340386,1,1,1,28,10,10,1,35,0,1,0,34,2,7,26,7026,4,2008,1B3LC46K08N2,1,B,3,L,C,4,6,K,0,8,N,2,0,P,DODG,AVN,4D,8,17,3355,,0,1089,,G,,0,0,000000000,00000000000,0,0,0,1,0,0,0,0,0,0,0,999,0,1,3,14,13,6,2,42,0,0,0,1,34,8087,6,1,0,0,3,0,67,999,0,0,0,0,0,0,0,0,0,0,58,0,0,0,2,2,65,1,1,2,1,0,0,3,51,11,4,4,2,1,0
34,340387,1,2,1,11,10,2,31,8,0,1,1,99,9,99,999,99999,99,9999,999999999999,9,9,9,9,9,9,9,9,9,9,9,9,9,U,,,,9,17,,,,,,,,0,99,999999999,99999999999,9,99,99,1,0,0,0,0,99,99,9,999,9,0,0,12,99,9,1,99,99,99,0,1,99,99999,9,9,99,9,9,9,999,999,99,99,99,99,99,99,9999,99,9999,9,99,99,99,99,3,4,55,2,1,2,1,0,0,14,80,1,1,1,13,0,0
34,340387,2,2,1,11,10,2,31,8,0,1,1,99,9,99,999,99999,99,9999,999999999999,9,9,9,9,9,9,9,9,9,9,9,9,9,U,,,,9,17,,,,,,,,0,99,999999999,99999999999,9,99,99,1,0,0,0,0,99,99,9,999,0,0,0,12,99,9,1,99,99,99,0,1,99,99999,9,9,99,9,9,9,999,999,99,99,99,99,99,99,9999,99,9999,9,99,99,99,99,3,4,55,2,1,2,1,0,0,14,80,1,1,1,98,0,0
34,340388,1,2,1,9,10,15,15,12,6,1,0,42,1,53,706,53706,80,2007,JS1GT77AX721,J,S,1,G,T,7,7,A,X,7,2,1,0,M,SUZI,XR1,RS,7,17,,,,,,,999,0,0,000000000,00000000000,0,0,0,1,0,0,0,0,0,0,0,100,0,0,0,12,12,6,2,12,0,0,0,1,42,18031,6,1,0,0,3,0,71,999,2,0,0,2,0,2,2008,4,2010,1,36,0,0,0,2,2,55,1,2,2,1,0,0,1,17,3,2,1,69,1,1
34,340388,2,2,2,9,10,15,15,12,6,1,0,34,1,37,421,37421,15,2008,5FNYF18748B0,5,F,N,Y,F,1,8,7,4,8,B,0,0,P,HOND,PIL,UT,8,17,4524,,0,1063,,G,,0,0,000000000,00000000000,0,0,0,1,0,0,0,0,0,0,0,998,0,0,0,2,2,6,2,12,0,0,0,1,34,8827,6,1,0,0,3,0,73,999,0,0,0,0,0,0,0,0,0,0,0,0,0,0,1,2,35,1,2,2,1,0,0,11,66,1,1,1,68,0,0
34,340389,1,1,2,30,9,22,34,5,0,1,0,34,1,34,401,34401,14,2001,WBAFA53521LP,W,B,A,F,A,5,3,5,2,1,L,P,0,P,BMW,BX5,UT,1,17,4519,,0,1110,,G,,0,0,000000000,00000000000,0,0,0,1,0,0,0,0,0,0,0,999,0,0,0,0,0,0,3,5,0,0,0,1,34,8534,6,1,0,0,3,3,74,999,0,0,0,0,2,2,2009,12,2009,0,36,0,0,0,2,3,65,1,1,2,1,0,0,1,13,1,1,4,0,1,1
34,340390,1,2,2,12,10,12,21,12,6,1,0,34,1,37,705,37705,80,1981,JH2RC011XBM1,J,H,2,R,C,0,1,1,X,B,M,1,0,M,HOND,C7C,RS,81,17,,,,,,,749,0,0,000000000,00000000000,0,0,0,1,0,0,0,0,0,0,0,998,0,0,0,12,12,6,2,12,0,0,0,1,34,8322,6,1,6,0,3,0,71,999,0,0,0,0,0,0,0,0,0,0,0,0,0,0,1,2,25,1,2,1,1,0,0,1,62,1,1,1,69,1,0
34,340390,2,2,1,12,10,12,21,12,6,1,0,34,1,12,4,12004,2,1995,1FALP62W9SH1,1,F,A,L,P,6,2,W,9,S,H,1,0,P,FORD,THL,2D,95,17,3536,,0,1130,,G,,0,0,000000000,00000000000,0,0,0,1,0,0,0,0,0,0,0,998,0,0,0,3,3,6,2,12,0,0,0,1,34,8090,6,1,0,0,3,0,65,999,0,0,0,0,0,0,0,0,0,0,38,0,0,0,1,2,25,1,2,2,1,0,0,11,15,1,1,1,68,0,0
34,340391,1,2,1,27,10,14,45,12,7,1,0,34,2,7,442,7442,20,1998,1B4GP55L1WB5,1,B,4,G,P,5,5,L,1,W,B,5,0,P,DODG,CAR,SV,98,17,3849,,0,1133,,G,,0,0,000000000,00000000000,0,0,0,1,0,0,0,0,0,0,0,998,0,0,0,11,12,6,2,42,0,0,0,1,34,8060,6,1,0,0,3,0,70,999,1,1,1,0,5,1,2008,8,2010,1,27,0,0,0,2,3,65,1,1,2,2,0,0,15,6,6,1,2,48,1,0
34,340391,2,2,1,27,10,14,45,12,7,1,0,34,1,12,422,12422,15,2003,1FMFU18L33LB,1,F,M,F,U,1,8,L,3,3,L,B,0,P,FORD,EPT,UT,3,17,5686,,0,1191,,G,,0,0,000000000,00000000000,0,0,0,1,0,0,0,0,0,0,0,998,0,1,3,5,6,6,2,42,0,0,0,1,34,8540,6,1,0,0,3,3,78,999,0,0,0,0,0,0,0,0,0,0,0,0,0,0,2,3,65,1,1,2,2,0,0,1,60,1,1,1,48,0,0
34,340392,1,1,3,18,9,20,10,1,0,1,0,42,1,38,401,38401,14,2000,JACDJ58XXY7J,J,A,C,D,J,5,8,X,X,Y,7,J,0,P,ISU,TRO,UT,0,17,4455,,0,1087,,G,,0,0,000000000,00000000000,0,0,0,1,0,0,0,0,0,0,0,999,0,1,3,0,98,9,3,1,0,0,0,1,42,17404,6,1,0,0,3,0,62,999,1,0,0,0,0,5,2008,5,2008,0,58,0,0,0,3,3,65,1,2,2,1,0,0,1,12,9,4,4,7,1,0
34,340393,1,2,1,8,10,18,0,12,6,1,0,34,1,73,709,73709,80,2009,JKAZX4R149A0,J,K,A,Z,X,4,R,1,4,9,A,0,0,M,KAWK,ZXP,RC,9,17,,,,,,,599,0,0,000000000,00000000000,0,0,0,1,0,0,0,0,0,0,0,998,0,0,0,12,12,6,2,12,0,0,1,1,34,8302,6,1,0,0,3,0,71,999,0,0,0,0,1,4,2008,4,2008,0,0,0,0,0,1,2,25,1,2,2,1,0,0,1,66,2,1,1,88,1,0
34,340393,2,2,2,8,10,18,0,12,6,1,1,45,2,7,482,7482,31,2002,1D7HA16N52J1,1,D,7,H,A,1,6,N,5,2,J,1,0,T,DODG,150,PK,2,17,,2,1405,1205,RPC,G,,0,0,000000000,00000000000,0,0,0,1,0,0,0,0,0,0,0,998,0,0,0,9,9,6,2,12,0,0,1,1,34,8302,0,0,0,0,0,0,999,999,0,0,0,0,0,0,0,0,0,0,38,0,0,0,1,2,25,1,2,2,1,20,3,1,17,1,1,1,89,0,0
34,340394,1,1,3,9,10,0,11,8,0,1,0,34,3,13,15,13015,4,2009,1LNHM93RX9G6,1,L,N,H,M,9,3,R,X,9,G,6,0,P,LINC,MKS,4D,9,17,4151,,0,1129,,G,,0,0,000000000,00000000000,0,0,0,1,0,0,0,0,0,0,0,998,0,0,0,1,1,9,2,8,0,0,0,1,34,8505,6,1,0,0,3,0,68,999,0,0,0,0,0,0,0,0,0,0,0,0,0,0,3,2,50,1,2,2,1,0,0,1,80,1,1,1,13,0,0
34,340395,1,2,1,12,10,8,49,12,2,1,0,34,3,84,981,84981,50,2011,4DRBUAAN8BB2,4,D,R,B,U,A,A,N,8,B,B,2,0,U,,,,,17,,,,,,,,0,88,888888888,88888888888,3,21,22,1,0,0,0,0,1,0,0,998,0,0,0,12,12,9,2,12,0,0,0,1,34,7422,6,1,6,1,3,0,66,999,1,0,0,0,0,11,2007,11,2007,0,0,0,0,0,1,2,40,4,2,2,2,0,0,14,62,6,1,9,51,0,0
34,340395,2,2,1,12,10,8,49,12,2,1,0,34,1,7,442,7442,20,2009,2D8HN44E29R6,2,D,8,H,N,4,4,E,2,9,R,6,0,P,DODG,CAR,SV,9,17,4321,,0,1212,,F,,0,0,000000000,00000000000,0,0,0,1,0,0,0,0,0,0,0,998,0,0,0,12,12,9,2,12,0,0,0,1,34,7444,6,1,0,0,3,0,70,999,0,0,0,0,1,6,2010,6,2010,0,28,0,0,0,1,2,40,4,2,2,2,0,0,14,10,1,1,9,50,1,1
34,340396,1,1,1,2,10,19,4,8,0,1,0,34,1,12,401,12401,14,2000,1FMZU74E8YZA,1,F,M,Z,U,7,4,E,8,Y,Z,A,0,P,FORD,EPR,UT,0,17,4170,,0,1116,,G,,0,0,000000000,00000000000,0,0,0,1,0,0,0,0,0,0,0,998,0,0,0,12,12,9,2,8,0,0,0,1,34,7013,6,1,0,0,3,0,70,999,0,0,0,0,0,0,0,0,0,0,0,0,0,0,1,2,25,1,1,2,1,0,0,1,80,1,1,1,13,0,0
34,340397,1,1,1,2,10,6,31,8,0,1,1,99,9,99,999,99999,99,9999,999999999999,9,9,9,9,9,9,9,9,9,9,9,9,9,U,,,,9,17,,,,,,,,0,99,999999999,99999999999,9,99,99,1,0,0,0,0,99,99,9,999,0,0,0,99,99,9,1,8,99,99,0,1,99,99999,9,9,99,9,9,9,999,999,99,99,99,99,99,99,9999,99,9999,9,99,99,99,99,2,2,35,1,1,2,2,0,0,1,80,99,1,9,13,0,0
34,340398,1,3,1,4,10,18,47,12,2,1,0,34,1,7,20,7020,4,1995,3B3ES47C7ST5,3,B,3,E,S,4,7,C,7,S,T,5,0,P,DODG,NEH,4P,95,17,2463,,0,1040,,G,,0,0,000000000,00000000000,0,0,0,1,0,0,0,0,0,0,0,998,0,0,0,12,12,6,2,12,0,0,0,1,34,7758,6,1,0,0,3,0,62,999,1,0,0,0,0,2,2008,2,2008,0,50,0,0,0,3,2,50,1,1,2,2,0,0,1,54,1,1,1,52,1,0
34,340398,2,3,1,4,10,18,47,12,2,1,0,34,1,51,46,51046,4,2007,YV1MS3826722,Y,V,1,M,S,3,8,2,6,7,2,2,0,P,VOLV,S42,4D,7,17,3223,,0,1039,,G,,0,0,000000000,00000000000,0,0,0,1,0,0,0,0,0,0,0,998,0,0,0,12,12,6,2,12,0,0,0,1,34,7748,6,1,0,0,3,0,66,999,0,0,0,0,0,0,0,0,0,0,0,0,0,0,3,2,50,1,1,2,2,0,0,1,54,9,1,2,52,0,0
34,340398,3,3,2,4,10,18,47,12,2,1,0,34,2,42,42,42042,4,2007,WDBRF92H87F8,W,D,B,R,F,9,2,H,8,7,F,8,0,P,MERZ,C2A,4D,7,17,3655,,0,1069,,G,,0,0,000000000,00000000000,0,0,0,1,0,0,0,0,0,0,0,998,0,0,0,11,12,6,2,12,0,0,0,1,34,7747,6,1,0,0,3,0,65,999,0,0,0,0,0,0,0,0,0,0,0,0,0,0,3,2,50,1,1,2,2,0,0,1,61,9,1,2,98,0,0
34,340399,1,2,2,19,10,11,38,12,1,1,0,34,2,37,32,37032,4,2002,1HGCG66822A0,1,H,G,C,G,6,6,8,2,2,A,0,0,P,HOND,UXS,4D,2,17,3120,,0,1069,,G,,0,0,000000000,00000000000,0,0,0,1,0,0,0,0,0,0,0,998,0,1,1,12,12,6,2,12,0,0,0,1,34,7045,1,1,0,0,2,3,67,999,2,1,2,1,5,1,2008,8,2010,1,84,0,0,0,4,1,40,1,1,2,1,0,0,1,50,1,1,1,20,1,0
34,340399,2,2,1,19,10,11,38,12,1,1,0,36,1,84,884,84884,66,2011,3HSCUAPR2BN2,3,H,S,C,U,A,P,R,2,B,N,2,1,T,INTL,PPR,DS,11,17,,8,0,0,PRO,D,,1,57,25028,5725028,3,6,1,1,0,0,0,0,0,0,0,0,0,0,0,6,6,9,2,12,0,0,0,1,36,12303,6,1,6,9,8,0,68,999,1,0,0,0,0,3,2008,3,2008,0,54,0,0,0,4,1,40,1,1,2,1,0,0,5,53,1,1,1,22,0,0
34,340400,1,2,1,18,10,19,31,12,6,1,0,42,1,82,881,82881,66,2000,1FUYSWEB8YLG,1,F,U,Y,S,W,E,B,8,Y,L,G,1,T,FRHT,FC2,DS,0,17,,8,0,0,CON,D,,1,57,1454112,571454112,3,6,1,1,0,0,0,0,0,0,0,998,0,0,0,8,8,4,3,12,0,0,0,1,42,19055,6,1,6,9,8,0,74,999,0,0,0,0,0,0,0,0,0,0,48,0,0,0,1,2,50,1,1,2,1,0,0,12,13,1,1,2,98,0,0
34,340400,2,2,1,18,10,19,31,12,6,1,0,34,1,20,443,20443,20,2001,1GNDU03EX1D2,1,G,N,D,U,0,3,E,X,1,D,2,0,P,CHEV,VTR,SV,1,17,3699,,0,1120,,G,,0,0,000000000,00000000000,0,0,0,1,0,0,0,0,0,0,0,998,2,0,0,12,12,6,2,12,0,0,0,1,34,8831,6,1,0,0,3,3,70,999,2,0,0,0,1,12,2009,6,2010,0,0,0,0,0,1,2,50,1,1,2,1,0,0,1,64,3,1,1,98,1,0
34,340401,1,2,2,14,10,17,56,14,0,1,0,34,1,18,20,18020,4,1997,2G4WB52K1V14,2,G,4,W,B,5,2,K,1,V,1,4,0,P,BUIC,RLS,4D,97,17,3444,,0,1090,,G,,0,0,000000000,00000000000,0,0,0,1,0,0,0,0,0,0,0,998,0,0,0,6,6,6,2,14,0,0,0,1,34,7011,6,1,0,0,3,0,67,999,1,0,0,0,1,6,2009,11,2009,0,31,0,0,0,2,2,99,1,2,2,2,0,0,13,8,1,3,4,98,1,0
34,340401,4,2,1,14,10,17,56,14,0,1,0,34,1,52,46,52046,4,2010,JA32U8FW2AU0,J,A,3,2,U,8,F,W,2,A,U,0,0,P,MITS,LGT,4D,10,17,3010,,0,1037,,G,,0,0,000000000,00000000000,0,0,0,1,0,0,0,0,0,0,0,998,0,0,0,1,1,2,1,12,0,0,0,1,34,7011,6,1,0,0,3,0,65,999,0,0,0,0,1,2,2008,2,2008,0,0,0,0,0,2,2,99,1,2,2,2,0,0,1,62,11,1,1,98,0,0
34,340402,1,1,1,14,10,18,51,8,0,1,0,34,1,49,40,49040,4,2007,4T1BE46K47U6,4,T,1,B,E,4,6,K,4,7,U,6,0,P,TOYT,CMB,4D,7,17,3108,,0,1093,,G,,0,0,000000000,00000000000,0,0,0,1,0,0,0,0,0,0,0,998,0,0,0,12,12,9,2,8,0,0,0,1,34,7726,6,1,0,0,3,3,61,999,0,0,0,0,1,4,2010,4,2010,0,0,0,0,0,2,3,55,1,1,2,2,3,3,1,80,1,1,1,13,0,0
34,340403,1,2,1,12,10,14,38,12,2,1,0,34,1,23,401,23401,14,1997,1GKDT13W2V25,1,G,K,D,T,1,3,W,2,V,2,5,0,T,GMC,JMY,4W,97,17,,1,0,1070,JMY,G,,0,0,000000000,00000000000,0,0,0,1,0,0,0,0,0,0,0,998,0,0,0,12,12,6,2,12,0,0,0,1,34,7111,6,2,0,0,3,0,69,999,1,0,0,0,0,6,2010,6,2010,0,28,0,0,0,1,2,50,1,2,2,1,0,0,1,10,1,1,2,50,1,0
34,340403,2,2,1,12,10,14,38,12,2,1,0,18,3,82,883,82883,66,2005,1FUJA6DEX5LU,1,F,U,J,A,6,D,E,X,5,L,U,1,T,FRHT,COL,DS,5,17,,8,0,0,CON,D,,1,57,382670,57382670,3,6,1,1,0,0,0,0,0,0,0,998,0,0,0,12,12,6,2,12,0,0,0,1,34,7008,6,1,6,1,3,0,73,999,1,0,0,0,3,11,2007,8,2010,0,0,0,0,0,1,2,50,1,1,2,1,0,0,1,62,1,1,1,51,0,0
34,340404,1,1,2,4,10,19,8,8,0,1,0,34,1,24,1,24001,4,1997,1G8ZF5282VZ1,1,G,8,Z,F,5,2,8,2,V,Z,1,0,P,STRN,SSL,4D,97,17,2264,,0,1024,,G,,0,0,000000000,00000000000,0,0,0,1,0,0,0,0,0,0,0,998,0,0,0,12,12,6,2,8,0,0,0,1,34,7836,6,1,0,0,3,0,68,999,0,0,0,0,0,0,0,0,0,0,0,0,0,0,1,2,50,1,1,2,2,0,0,1,80,1,1,1,13,0,0
34,340405,1,1,3,27,9,22,20,30,0,1,0,34,2,37,31,37031,4,2010,2HGFA1F53AH5,2,H,G,F,A,1,F,5,3,A,H,5,0,P,HOND,UCL,4D,10,17,2754,,0,1063,,G,,0,0,000000000,00000000000,0,0,0,1,0,0,0,0,0,0,0,999,0,1,6,81,81,6,2,1,0,0,0,1,34,8057,6,2,0,0,3,3,71,999,0,0,0,0,0,0,0,0,0,1,36,0,0,0,1,2,40,1,1,2,1,0,0,1,6,3,3,4,2,1,1
34,340406,1,1,4,14,9,0,36,5,0,1,1,34,2,12,473,12473,30,2003,1FMZU72KX3UA,1,F,M,Z,U,7,2,K,X,3,U,A,0,P,FORD,EPR,UT,3,17,4094,,0,1137,,F,,0,0,000000000,00000000000,0,0,0,1,0,0,0,0,0,0,0,0,0,0,0,0,0,0,1,5,0,0,0,1,34,8012,3,2,0,0,2,2,73,999,0,3,0,0,5,11,2007,6,2010,0,8,91,73,0,1,2,25,1,1,2,1,0,0,5,98,1,1,1,0,1,0
34,340407,1,2,1,23,10,12,44,12,2,1,0,34,2,37,31,37031,4,2004,1HGEM225X4L0,1,H,G,E,M,2,2,5,X,4,L,0,0,P,HOND,UCL,CP,4,17,0,,0,1031,,G,,0,0,000000000,00000000000,0,0,0,1,0,0,0,0,0,0,0,998,0,0,0,12,11,9,2,12,0,0,0,1,34,8873,6,1,0,0,3,0,70,999,1,0,0,0,2,11,2007,2,2010,1,28,0,0,0,1,2,35,1,1,2,1,0,0,1,10,1,1,2,50,1,0
34,340407,2,2,1,23,10,12,44,12,2,1,0,34,1,30,46,30046,4,2004,WVWPD63B64E1,W,V,W,P,D,6,3,B,6,4,E,1,0,P,VOLK,P4M,4D,4,17,3155,,0,1064,,G,,0,0,000000000,00000000000,0,0,0,1,0,0,0,0,0,0,0,998,0,0,0,12,11,9,2,12,0,0,0,1,34,8873,6,1,0,0,3,3,68,999,1,0,0,0,0,1,2010,1,2010,0,0,0,0,0,1,2,35,1,1,2,1,0,0,1,62,1,1,1,51,0,0
34,340408,1,2,2,30,9,15,52,12,2,1,0,34,1,49,40,49040,4,2003,4T1BE32K83U7,4,T,1,B,E,3,2,K,8,3,U,7,0,P,TOYT,UXS,4D,3,17,2993,,0,1071,,G,,0,0,000000000,00000000000,0,0,0,1,0,0,0,0,0,0,0,999,0,0,0,12,12,6,2,12,0,0,0,1,34,7746,6,1,0,0,3,3,72,999,1,0,0,0,0,12,2009,12,2009,0,0,0,0,0,1,4,40,1,1,2,1,0,0,1,62,1,1,1,51,2,0