STATE,ST_CASE,VEH_NO,VE_FORMS,NUMOCCS,DAY,MONTH,HOUR,MINUTE,HARM_EV,MAN_COLL,UNITTYPE,HIT_RUN,REG_STAT,OWNER,MAKE,MODEL,MAK_MOD,BODY_TYP,MOD_YEAR,VIN,VIN_1,VIN_2,VIN_3,VIN_4,VIN_5,VIN_6,VIN_7,VIN_8,VIN_9,VIN_10,VIN_11,VIN_12,TOW_VEH,VINTYPE,VINMAKE,VINA_MOD,VIN_BT,VINMODYR,VIN_LNGT,VIN_WGT,WGTCD_TR,WHLBS_LG,WHLBS_SH,SER_TR,FUELCODE,MCYCL_DS,J_KNIFE,MCARR_I1,MCARR_I2,MCARR_ID,GVWR,V_CONFIG,CARGO_BT,HAZ_INV,HAZ_PLAC,HAZ_ID,HAZ_CNO,HAZ_REL,BUS_USE,SPEC_USE,EMER_USE,TRAV_SP,UNDERIDE,ROLLOVER,ROLINLOC,IMPACT1,IMPACT2,DEFORMED,TOWED,M_HARM,VEH_SC1,VEH_SC2,FIRE_EXP,DR_PRES,L_STATE,DR_ZIP,L_STATUS,L_TYPE,CDL_STAT,L_ENDORS,L_COMPL,L_RESTRI,DR_HGT,DR_WGT,PREV_ACC,PREV_SUS,PREV_DWI,PREV_SPD,PREV_OTH,FIRST_MO,FIRST_YR,LAST_MO,LAST_YR,SPEEDREL,DR_SF1,DR_SF2,DR_SF3,DR_SF4,VTRAFWAY,VNUM_LAN,VSPD_LIM,VALIGN,VPROFILE,VPAVETYP,VSURCOND,VTRAFCON,VTCONT_F,P_CRASH1,P_CRASH2,P_CRASH3,PCRASH4,PCRASH5,ACC_TYPE,DEATHS,DR_DRINK
34,340408,2,2,1,30,9,15,52,12,2,1,0,34,1,12,461,12461,21,2004,1FDNE24L54HA,1,F,D,N,E,2,4,L,5,4,H,A,0,T,FORD,25V,IC,4,17,,2,0,1380,VAN,G,,0,0,000000000,00000000000,0,0,0,1,0,0,0,0,0,0,0,999,0,1,1,12,12,6,2,1,0,0,0,1,34,7728,6,1,0,0,3,1,68,999,3,0,0,0,0,6,2008,9,2010,0,28,0,0,0,1,4,40,1,1,2,1,0,0,1,10,1,1,2,50,0,0
34,340409,1,1,1,4,9,21,17,14,0,1,0,34,1,37,706,37706,80,2007,JH2SC57087M3,J,H,2,S,C,5,7,0,8,7,M,3,0,M,HOND,CBS,RS,7,17,,,,,,,998,0,0,000000000,00000000000,0,0,0,1,0,0,0,0,0,0,0,999,0,0,0,9,9,6,2,14,0,0,0,1,34,8861,6,1,0,0,3,0,70,240,1,0,0,0,0,4,2009,4,2009,1,28,36,0,0,1,2,25,1,2,2,1,0,0,3,12,1,1,4,11,1,0
34,340410,1,3,2,11,9,1,31,12,7,1,0,42,1,2,404,2404,14,1995,1J4GZ58SXSC6,1,J,4,G,Z,5,8,S,X,S,C,6,0,T,JEEP,LRO,4W,95,17,,1,0,1059,GCK,G,,0,0,000000000,00000000000,0,0,0,1,0,0,0,0,0,0,0,999,0,0,0,7,6,2,1,12,0,0,0,1,42,19140,6,1,6,0,3,0,66,999,0,3,0,0,2,10,2007,7,2009,0,0,0,0,0,2,3,65,1,1,2,1,0,0,1,53,1,1,2,98,0,0
34,340410,2,3,1,11,9,1,31,12,7,1,0,36,1,76,706,76706,80,2007,JYARN20E87A0,J,Y,A,R,N,2,0,E,8,7,A,0,0,M,YAMA,YFR,RS,7,17,,,,,,,998,0,0,000000000,00000000000,0,0,0,1,0,0,0,0,0,0,0,999,0,0,0,4,4,4,3,12,0,0,0,1,36,10302,6,1,0,0,3,0,999,999,99,99,99,99,99,99,9999,99,9999,1,27,0,0,0,2,3,65,1,1,2,1,0,0,15,51,7,4,2,98,1,0
34,340410,3,3,1,11,9,1,31,12,7,1,0,36,2,37,706,37706,80,2008,JH2SC59008M0,J,H,2,S,C,5,9,0,0,8,M,0,0,M,HOND,CBS,RC,8,17,,,,,,,998,0,0,000000000,00000000000,0,0,0,1,0,0,0,0,0,0,0,999,0,0,0,14,14,4,3,54,0,0,0,1,36,10128,6,1,0,0,3,0,999,999,99,99,99,99,99,99,9999,99,9999,0,0,0,0,0,2,3,65,1,1,2,1,0,0,1,51,1,1,4,98,0,0
34,340411,1,1,4,30,10,21,40,53,0,1,0,34,2,20,16,20016,2,2003,1G1JH12F1372,1,G,1,J,H,1,2,F,1,3,7,2,0,P,CHEV,CLP,CP,3,17,2749,,0,1041,,G,,0,0,000000000,00000000000,0,0,0,1,0,0,0,0,0,0,0,998,0,1,6,7,13,6,2,1,0,0,0,1,34,8865,6,2,0,0,3,2,64,999,0,0,0,0,1,9,2010,9,2010,1,36,73,0,0,1,2,45,2,1,2,1,0,0,14,6,3,9,5,2,2,0
34,340412,1,1,2,24,10,7,52,5,0,1,0,34,2,7,461,7461,21,2003,2D7HB11X23K5,2,D,7,H,B,1,1,X,2,3,K,5,0,T,DODG,15B,CG,3,17,,2,1272,1093,RMV,G,,0,0,000000000,00000000000,0,0,0,1,0,0,0,0,0,0,0,998,0,0,0,0,0,0,1,5,0,0,0,1,34,8096,1,1,0,0,2,0,68,999,0,5,0,0,2,1,2008,8,2010,0,36,0,0,0,1,2,25,3,1,2,1,0,0,14,98,1,1,1,0,1,0
34,340413,1,1,2,17,9,13,0,8,0,1,0,34,1,55,35,55035,4,2010,KMHDU4AD2AU8,K,M,H,D,U,4,A,D,2,A,U,8,0,P,HYUN,BGS,4D,10,17,2723,,0,1043,,G,,0,0,000000000,00000000000,0,0,0,1,0,0,0,0,0,0,0,999,0,0,0,12,12,2,3,8,0,0,0,1,34,8757,6,1,0,0,3,0,69,198,0,0,0,0,0,0,0,0,0,0,0,0,0,0,1,2,40,1,1,2,1,0,0,1,80,1,1,2,13,0,0
34,340414,1,1,1,25,10,5,48,8,0,1,0,42,2,2,404,2404,14,1998,1J4GZ78Y3WC1,1,J,4,G,Z,7,8,Y,3,W,C,1,0,T,JEEP,LMT,4W,98,17,,1,0,1059,GCK,G,,0,0,000000000,00000000000,0,0,0,1,0,0,0,0,0,0,0,998,0,0,0,12,12,9,2,8,0,0,0,1,12,32223,1,1,0,0,2,0,72,999,0,0,0,0,0,0,0,0,0,0,0,0,0,0,3,3,50,1,3,2,1,3,3,1,80,1,1,1,13,0,0
34,340415,1,1,2,9,9,1,40,35,0,1,0,12,1,53,705,53705,80,2004,JS1GN7CA2421,J,S,1,G,N,7,C,A,2,4,2,1,0,M,SUZI,GSK,RS,4,17,,,,,,,599,0,0,000000000,00000000000,0,0,0,1,0,0,0,0,0,0,0,999,0,0,0,12,12,4,3,42,0,0,0,1,12,34209,6,1,0,0,3,0,73,999,0,1,0,0,2,3,2010,6,2010,1,37,36,0,0,1,2,40,2,1,2,1,0,0,14,6,1,1,4,6,1,1
34,340416,1,1,1,17,9,6,46,35,0,1,0,34,2,2,404,2404,14,1997,1J4GZ58S6VC5,1,J,4,G,Z,5,8,S,6,V,C,5,0,T,JEEP,LRT,4W,97,17,,1,0,1059,GCK,G,,0,0,000000000,00000000000,0,0,0,1,0,0,0,0,0,0,0,999,0,0,0,12,12,6,2,2,0,0,1,1,34,8724,6,1,0,0,3,0,72,999,2,0,0,1,2,4,2008,5,2010,0,0,0,0,0,2,3,65,1,1,2,1,0,0,1,13,1,1,4,1,1,0
34,340417,1,1,1,12,9,23,53,33,0,1,0,34,2,37,32,37032,4,2004,1HGCM66804A1,1,H,G,C,M,6,6,8,0,4,A,1,0,P,HOND,UEX,4D,4,17,0,,0,1079,,G,,0,0,000000000,00000000000,0,0,0,1,0,0,0,0,0,0,0,999,0,0,0,14,9,6,2,30,0,0,0,1,34,7746,6,1,0,0,3,0,64,999,0,1,0,0,3,2,2008,10,2009,1,36,0,0,0,1,2,40,1,2,2,1,0,0,1,13,6,1,4,1,1,1
34,340418,1,1,2,20,10,12,31,42,0,1,0,34,1,20,461,20461,21,2002,1GBFG15R2211,1,G,B,F,G,1,5,R,2,2,1,1,0,T,CHEV,E/4,IC,2,17,,2,0,1350,E/X,G,,0,0,000000000,00000000000,0,0,0,1,0,0,0,0,0,0,0,998,0,0,0,12,12,6,2,42,0,0,0,1,34,7758,6,1,0,0,3,0,68,999,0,0,0,0,0,0,0,0,0,0,28,0,0,0,1,2,45,1,1,2,1,0,0,1,11,1,1,5,1,1,0
34,340419,1,1,3,12,9,2,2,24,0,1,0,13,1,12,401,12401,14,2006,1FMEU62EX6UA,1,F,M,E,U,6,2,E,X,6,U,A,0,P,FORD,EPR,UT,6,17,4310,,0,1137,,G,,0,0,000000000,00000000000,0,0,0,1,0,0,0,0,0,0,0,999,0,0,0,11,62,6,2,24,0,0,0,1,36,10026,6,1,0,0,3,0,63,190,0,0,0,0,1,3,2009,3,2009,0,0,0,0,0,3,3,65,1,2,2,1,0,0,1,12,1,1,4,6,1,0
34,340420,1,2,1,19,10,7,19,12,7,1,0,34,1,20,2,20002,4,2007,2G1WT58N6793,2,G,1,W,T,5,8,N,6,7,9,3,0,P,CHEV,IMT,4D,7,17,3674,,0,1105,,G,,0,0,000000000,00000000000,0,0,0,1,0,0,0,0,0,0,0,998,0,1,9,1,14,6,2,1,0,0,0,1,34,7457,6,1,0,0,3,0,66,999,0,0,0,0,0,0,0,0,0,0,28,0,0,0,3,3,50,1,1,2,1,0,0,15,53,1,1,2,46,1,0
34,340420,2,2,1,19,10,7,19,12,7,1,0,34,3,41,54,41054,6,2009,JM3TB38V1901,J,M,3,T,B,3,8,V,1,9,0,1,0,P,MAZD,CX9,UT,9,17,4550,,0,1132,,G,,0,0,000000000,00000000000,0,0,0,1,0,0,0,0,0,0,0,998,0,0,0,7,7,2,1,12,0,0,0,1,34,7457,6,1,0,0,3,3,60,999,0,0,0,0,1,5,2008,5,2008,0,0,0,0,0,3,3,50,1,1,2,1,0,0,1,11,1,1,1,45,0,0
34,340421,1,11,1,20,10,13,15,12,1,1,0,34,3,82,881,82881,66,2000,1FUYSSEB2YLB,1,F,U,Y,S,S,E,B,2,Y,L,B,1,T,FRHT,FC2,DS,0,17,,8,0,0,CON,D,,1,57,570943,57570943,3,6,1,1,0,0,0,0,0,0,0,998,0,0,0,12,12,6,2,12,0,0,0,1,34,8089,6,1,6,1,3,0,74,999,2,0,0,0,5,2,2009,3,2010,1,36,38,0,0,3,4,55,3,6,2,1,0,0,14,51,8,2,2,24,0,0
34,340421,2,11,1,20,10,13,15,12,1,1,0,34,2,20,481,20481,31,2003,1GCEK19VX3E3,1,G,C,E,K,1,9,V,X,3,E,3,0,T,CHEV,SK1,4C,3,17,,2,1575,1435,SIL,G,,0,0,000000000,00000000000,0,0,0,1,0,0,0,0,0,0,0,998,0,0,0,6,6,6,2,2,0,0,1,1,53,98011,6,1,0,0,3,3,70,140,0,0,0,0,0,0,0,0,0,0,0,0,0,0,3,4,55,3,6,2,1,0,0,2,18,1,1,2,25,1,0
34,340421,3,11,1,20,10,13,15,12,1,1,0,95,3,87,883,87883,66,2000,1XP5DB9X6YN5,1,X,P,5,D,B,9,X,6,Y,N,5,1,T,PTRB,379,DS,0,17,,8,0,0,CON,D,,1,57,790419,57790419,3,6,1,1,0,0,0,0,0,0,0,998,0,0,0,6,12,6,2,12,0,0,0,1,95,99999,9,9,99,9,9,9,999,999,99,99,99,99,99,99,9999,99,9999,0,0,0,0,0,3,4,55,3,6,2,1,0,0,2,18,1,1,2,98,0,0
34,340421,4,11,1,20,10,13,15,12,1,1,0,18,3,51,881,51881,66,2007,4V4NC9TG47N4,4,V,4,N,C,9,T,G,4,7,N,4,1,T,VOLV,VNL,DS,7,17,,8,0,0,VVN,D,,1,57,054283,57054283,3,6,1,1,0,0,0,0,0,0,0,998,0,0,0,7,12,6,2,12,0,0,0,1,34,8205,1,1,1,1,2,3,66,999,0,2,0,0,2,1,2008,6,2010,0,0,0,0,0,3,4,55,3,6,2,1,0,0,2,18,1,1,1,98,0,0
34,340421,5,11,1,20,10,13,15,12,1,1,0,34,3,85,881,85881,63,2005,1NKDXBTX95J0,1,N,K,D,X,B,T,X,9,5,J,0,0,T,KW,T80,TM,5,17,,8,2600,1600,CON,D,,0,57,1609554,571609554,3,2,4,1,0,0,0,0,0,0,0,998,0,0,0,7,7,6,2,12,0,0,0,1,34,7036,6,1,6,1,3,0,69,999,1,0,0,0,2,1,2008,12,2009,0,0,0,0,0,3,4,55,3,6,2,1,0,0,2,18,1,3,2,98,0,0
34,340421,6,11,1,20,10,13,15,12,1,1,0,42,2,20,461,20461,21,2001,1GBJG31R2111,1,G,B,J,G,3,1,R,2,1,1,1,0,T,CHEV,CT3,MY,1,17,,3,0,0,ETV,G,,0,88,888888888,88888888888,2,1,1,1,0,0,0,0,0,0,0,998,0,0,0,9,3,6,2,25,0,0,0,1,42,19002,6,1,0,0,3,3,68,999,0,0,0,0,0,0,0,0,0,0,0,0,0,0,3,4,55,3,6,2,1,0,0,2,18,1,1,2,98,0,0
34,340421,7,11,2,20,10,13,15,12,1,1,0,34,1,37,32,37032,4,1994,1HGCD565XRA1,1,H,G,C,D,5,6,5,X,R,A,1,0,P,HOND,UER,4D,94,17,2908,,0,1069,,G,,0,0,000000000,00000000000,0,0,0,1,0,0,0,0,0,0,0,998,0,0,0,99,5,4,3,25,0,0,0,1,34,7060,6,1,0,0,3,0,66,999,1,0,0,0,0,4,2010,4,2010,0,0,0,0,0,3,4,55,3,6,2,1,0,0,2,18,1,1,2,98,0,0
34,340421,8,11,2,20,10,13,15,12,1,1,0,12,1,34,37,34037,4,2001,WBAGG83441DN,W,B,A,G,G,8,3,4,4,1,D,N,0,P,BMW,74A,4D,1,17,4255,,0,1154,,G,,0,0,000000000,00000000000,0,0,0,1,0,0,0,0,0,0,0,998,0,0,0,99,3,6,2,12,0,0,0,1,34,8723,6,1,0,0,3,0,70,999,1,0,0,0,0,6,2010,6,2010,0,0,0,0,0,3,4,55,3,6,2,1,0,0,2,18,1,1,1,98,0,0
34,340421,9,11,1,20,10,13,15,12,1,1,0,34,2,55,35,55035,4,2010,KMHDU4AD4AU1,K,M,H,D,U,4,A,D,4,A,U,1,0,P,HYUN,BGS,4D,10,17,2723,,0,1043,,G,,0,0,000000000,00000000000,0,0,0,1,0,0,0,0,0,0,0,998,0,0,0,6,6,6,2,12,0,0,0,1,34,8527,6,1,6,0,3,0,70,999,0,0,0,0,0,0,0,0,0,0,0,0,0,0,3,4,55,3,6,2,1,0,0,2,18,1,1,2,98,0,0
34,340421,10,11,1,20,10,13,15,12,1,1,0,34,3,85,882,85882,63,2004,2NKMHD7X94M0,2,N,K,M,H,D,7,X,9,4,M,0,0,T,KW,T30,CC,4,17,,7,2800,1450,CON,D,,0,88,888888888,88888888888,3,1,1,1,0,0,0,0,0,0,0,998,0,0,0,99,8,4,1,12,0,0,0,1,34,7728,6,1,6,0,3,0,69,999,2,0,0,0,2,2,2008,3,2010,0,0,0,0,0,3,4,55,3,6,2,1,0,0,2,18,1,1,1,98,0,0
34,340421,11,11,1,20,10,13,15,12,1,1,0,18,3,82,883,82883,66,2007,1FUJA6CG87LW,1,F,U,J,A,6,C,G,8,7,L,W,0,T,FRHT,COL,DS,7,17,,8,0,0,CON,D,,0,77,777777777,77777777777,3,5,96,1,0,0,0,0,0,0,0,998,0,0,0,7,7,4,1,12,0,0,0,1,13,30045,6,1,6,1,3,0,74,248,98,0,0,0,0,0,0,0,0,0,0,0,0,0,3,4,55,3,6,2,1,0,0,2,18,1,1,1,98,0,0
34,340422,1,1,1,2,9,15,7,30,0,1,0,34,2,7,41,7041,4,2000,2B3HD46R4YH1,2,B,3,H,D,4,6,R,4,Y,H,1,0,P,DODG,INT,4D,0,17,3385,,0,1130,,G,,0,0,000000000,00000000000,0,0,0,1,0,0,0,0,0,0,0,999,0,0,0,12,12,6,2,30,0,0,0,1,36,10306,6,1,0,0,3,0,63,999,0,0,0,0,0,0,0,0,0,0,0,0,0,0,1,2,50,1,1,2,1,0,0,1,13,1,1,4,1,1,0
34,340423,1,1,2,8,9,11,54,25,0,1,0,34,1,20,471,20471,30,1993,1GCCS19Z4P01,1,G,C,C,S,1,9,Z,4,P,0,1,0,T,CHEV,S14,PC,93,17,,1,0,1229,S,G,,0,0,000000000,00000000000,0,0,0,1,0,0,0,0,0,0,0,999,0,0,0,12,12,4,3,25,0,0,0,1,34,7727,6,1,0,0,3,3,64,999,1,0,0,0,0,5,2010,5,2010,0,28,0,0,0,3,2,55,1,1,2,1,0,0,1,12,1,1,4,6,1,0
34,340424,1,1,1,1,9,14,46,24,0,1,0,34,1,6,51,6051,4,2005,2C3JA53G15H5,2,C,3,J,A,5,3,G,1,5,H,5,0,P,CHRY,3TR,4D,5,17,3675,,0,1200,,G,,0,0,000000000,00000000000,0,0,0,1,0,0,0,0,0,0,0,999,0,0,0,10,12,6,2,42,0,0,0,1,34,7090,6,1,0,0,3,0,66,999,0,0,0,0,0,0,0,0,0,0,0,0,0,0,3,4,65,1,2,2,1,0,0,1,12,1,1,4,6,1,1
34,340425,1,1,2,29,8,10,1,1,0,1,0,34,2,2,404,2404,14,1994,1J4GZ58Y6RC2,1,J,4,G,Z,5,8,Y,6,R,C,2,0,T,JEEP,LRO,4W,94,17,,1,0,1059,GCK,G,,0,0,000000000,00000000000,0,0,0,1,0,0,0,0,0,0,0,999,0,2,1,0,81,6,2,1,0,0,0,1,34,8844,6,2,0,0,3,1,63,999,0,0,0,0,0,0,0,0,0,0,28,58,52,0,1,2,40,1,2,2,1,0,0,1,12,7,1,6,98,1,0
34,340426,1,1,8,3,8,4,45,42,0,1,0,34,2,12,461,12461,21,2006,1FBSS31L76DA,1,F,B,S,S,3,1,L,7,6,D,A,0,T,FORD,WSD,BU,6,17,,2,0,1380,ECO,G,,0,0,000000000,00000000000,0,0,0,1,0,0,0,0,0,0,0,999,0,0,0,12,12,4,3,42,0,0,0,1,34,7726,6,1,0,0,3,3,70,999,0,0,0,0,0,0,0,0,0,0,0,0,0,0,1,4,40,1,1,2,1,0,0,1,12,1,1,4,6,1,0
34,340427,1,2,1,24,9,0,10,12,6,1,0,42,6,20,22,20022,4,2006,1G1AL55F4676,1,G,1,A,L,5,5,F,4,6,7,6,0,P,CHEV,BLT,4D,6,17,3216,,0,1033,,G,,0,0,000000000,00000000000,0,0,0,1,0,0,0,0,0,0,0,0,0,0,0,10,10,6,2,12,0,0,0,0,,,,,,,,,999,,,,,,,,,,,,20,0,0,0,2,3,65,1,1,2,1,0,0,0,53,0,0,0,98,0,0
34,340427,2,2,1,24,9,0,10,12,6,1,0,53,3,82,883,82883,66,2005,1FUJA6CK25LN,1,F,U,J,A,6,C,K,2,5,L,N,1,T,FRHT,COL,DS,5,17,,8,0,0,CON,D,,1,57,8273,578273,3,6,1,1,0,0,0,0,0,0,0,999,0,0,0,12,12,4,3,8,0,0,0,1,29,65325,6,1,6,3,3,0,74,325,0,3,0,0,0,5,2010,5,2010,0,84,0,0,0,2,3,65,1,1,2,1,0,0,15,50,1,1,2,98,0,0
34,340428,1,2,1,10,10,3,15,12,2,1,0,34,2,37,32,37032,2,2008,1HGCS12868A0,1,H,G,C,S,1,2,8,6,8,A,0,0,P,HOND,AXL,CP,8,17,3443,,0,1079,,G,,0,0,000000000,00000000000,0,0,0,1,0,0,0,0,0,0,0,998,0,0,0,12,12,6,2,12,0,0,0,1,34,8820,6,1,0,0,3,3,70,999,0,0,0,0,1,10,2007,10,2007,0,0,0,0,0,3,2,50,3,2,2,1,0,0,14,54,99,1,2,52,0,0
34,340428,2,2,1,10,10,3,15,12,2,1,0,34,2,37,32,37032,6,1995,1HGCE1825SA0,1,H,G,C,E,1,8,2,5,S,A,0,0,P,HOND,ALX,SW,95,17,2975,,0,1069,,G,,0,0,000000000,00000000000,0,0,0,1,0,0,0,0,0,0,0,998,0,0,0,12,12,6,2,12,0,0,0,1,34,8861,6,1,0,0,3,0,71,999,0,2,1,0,2,5,2008,4,2009,0,50,0,0,0,3,2,50,2,2,2,1,0,0,14,54,1,1,2,52,1,1
34,340429,1,1,1,19,9,6,50,9,0,1,0,34,2,37,39,37039,5,2007,JHMGD38437S0,J,H,M,G,D,3,8,4,3,7,S,0,0,P,HOND,FIT,4H,7,17,2514,,0,965,,G,,0,0,000000000,00000000000,0,0,0,1,0,0,0,0,0,0,0,999,0,0,0,12,12,2,3,9,0,0,0,1,34,8822,6,2,0,0,3,3,64,999,0,0,0,0,0,0,0,0,0,0,0,0,0,0,3,3,45,1,1,2,1,3,3,1,83,1,1,1,13,0,0
34,340430,1,1,2,30,9,5,59,8,0,1,0,34,3,23,461,23461,21,2001,1GDJG31R2111,1,G,D,J,G,3,1,R,2,1,1,1,0,T,GMC,SCT,YY,1,17,,3,1770,1390,STV,G,,0,0,000000000,00000000000,0,0,0,1,0,0,0,0,0,0,0,999,0,0,0,12,12,2,3,8,0,0,0,1,34,8879,6,1,0,0,3,0,66,999,0,0,0,0,0,0,0,0,0,0,86,0,0,0,1,2,25,1,1,2,2,0,0,1,80,3,2,1,13,0,0
34,340431,1,1,1,25,10,1,49,33,0,1,0,34,3,12,16,12016,4,2010,2FABP7BV2AX1,2,F,A,B,P,7,B,V,2,A,X,1,0,P,FORD,CVP,4D,10,17,4128,,0,1147,,F,,0,0,000000000,00000000000,0,0,0,1,0,0,0,0,0,5,0,998,0,0,0,14,9,6,2,30,0,0,0,1,34,7666,6,1,0,0,3,0,70,999,1,0,0,0,0,3,2009,3,2009,0,28,0,0,0,1,2,30,3,1,2,1,0,0,14,8,1,1,4,6,1,0
34,340432,1,1,1,27,10,14,54,8,0,1,0,34,3,12,880,12880,67,2006,1FDWX31536ED,1,F,D,W,X,3,1,5,3,6,E,D,0,T,FORD,F3S,4C,6,17,,3,1580,1420,SRW,G,,0,88,888888888,88888888888,2,1,96,1,0,0,0,0,0,0,0,998,0,0,0,12,12,9,2,8,0,0,0,1,34,8505,6,1,6,0,3,0,76,999,0,0,0,0,1,11,2008,11,2008,0,0,0,0,0,5,2,30,4,1,2,1,3,3,11,80,1,1,1,13,0,0
34,340433,1,1,1,29,10,10,17,33,0,1,0,34,1,12,17,12017,4,2000,1FAFP56S1YG1,1,F,A,F,P,5,6,S,1,Y,G,1,0,P,FORD,TEL,4D,0,17,3333,,0,1085,,G,,0,0,000000000,00000000000,0,0,0,1,0,0,0,0,0,0,0,998,0,0,0,14,12,6,2,19,0,0,0,1,34,7436,6,1,0,0,3,0,64,999,1,0,0,0,0,4,2010,4,2010,1,0,0,0,0,1,2,0,1,1,2,1,0,0,1,11,1,1,4,1,1,0
34,340434,1,1,5,29,10,17,25,1,0,1,0,42,2,35,401,35401,14,1997,JN8AR05Y7VW1,J,N,8,A,R,0,5,Y,7,V,W,1,0,P,NISS,PFI,UT,97,17,3934,,0,1063,,G,,0,0,000000000,00000000000,0,0,0,1,0,0,0,0,0,0,0,998,0,2,1,0,13,6,2,1,0,0,0,1,42,19148,6,1,0,0,3,0,67,999,0,2,0,0,0,1,2009,1,2010,0,80,0,0,0,2,2,65,1,2,2,1,0,0,1,1,7,3,6,98,1,0
34,340435,1,1,1,11,9,11,27,9,0,1,0,34,1,48,38,48038,4,2008,JF1GE61618G5,J,F,1,G,E,6,1,6,1,8,G,5,0,P,SUBA,I25,4D,8,17,3064,,0,1031,,G,,0,0,000000000,00000000000,0,0,0,1,0,0,0,0,0,0,0,999,0,0,0,1,1,4,3,9,0,0,0,1,34,7757,6,1,0,0,3,0,70,999,1,2,0,1,3,7,2009,9,2010,0,86,0,0,0,1,4,40,1,1,2,1,3,3,1,83,1,1,1,13,0,0
34,340436,1,2,1,29,10,19,10,12,6,1,0,34,1,53,705,53705,80,2009,JS1GN7EA0921,J,S,1,G,N,7,E,A,0,9,2,1,0,M,SUZI,G60,RC,9,17,,,,,,,599,0,0,000000000,00000000000,0,0,0,1,0,0,0,0,0,0,0,999,0,0,0,12,12,6,2,12,0,0,0,1,34,8753,6,1,0,0,3,0,70,999,0,0,0,0,2,8,2009,5,2010,0,92,0,0,0,1,2,45,1,1,2,1,0,0,1,67,1,1,2,83,1,0
34,340436,2,2,1,29,10,19,10,12,6,1,0,34,2,41,50,41050,4,2005,1YVHP80C155M,1,Y,V,H,P,8,0,C,1,5,5,M,0,P,MAZD,M6I,4D,5,17,3102,,0,1053,,G,,0,0,000000000,00000000000,0,0,0,1,0,0,0,0,0,0,0,999,0,0,0,9,9,6,2,12,0,0,0,1,34,8753,6,2,0,0,3,0,65,999,0,0,0,0,0,0,0,0,0,0,38,0,0,0,1,2,40,1,1,2,1,20,3,11,15,1,1,2,82,0,0
34,340437,1,1,5,11,9,17,7,8,0,1,0,34,1,12,473,12473,30,2004,1FMZU73K24UA,1,F,M,Z,U,7,3,K,2,4,U,A,0,P,FORD,EPR,UT,4,17,4094,,0,1137,,F,,0,0,000000000,00000000000,0,0,0,1,0,0,0,0,0,0,0,999,0,0,0,12,12,0,3,8,0,0,0,1,34,7036,6,1,0,0,3,0,65,999,0,0,0,0,1,4,2010,4,2010,0,0,0,0,0,1,2,25,1,1,2,1,0,0,1,81,1,1,1,13,0,0
34,340438,1,2,2,10,10,19,56,12,7,1,0,34,1,34,34,34034,2,2011,WBAKF5C54BE5,W,B,A,K,F,5,C,5,4,B,E,5,0,P,BMW,2XS,CP,11,17,3627,,0,1087,,G,,0,0,000000000,00000000000,0,0,0,1,0,0,0,0,0,0,0,998,0,0,0,1,3,6,2,42,0,0,0,1,34,7901,6,1,0,0,3,3,60,999,0,0,0,0,2,12,2009,2,2010,0,28,0,0,0,3,4,65,1,1,2,1,0,0,1,8,7,2,2,44,0,1
34,340438,2,2,1,10,10,19,56,12,7,1,0,37,1,48,34,48034,6,1998,4S3BG6851W76,4,S,3,B,G,6,8,5,1,W,7,6,0,P,SUBA,UK3,SW,98,17,3155,,0,1035,,G,,0,0,000000000,00000000000,0,0,0,1,0,0,0,0,0,0,0,998,0,0,0,9,9,6,2,42,0,0,0,1,34,8801,6,1,0,0,3,0,68,999,1,1,0,3,5,5,2008,8,2009,0,0,0,0,0,3,4,65,1,1,2,1,0,0,1,60,1,1,1,45,1,0
34,340439,1,2,0,23,9,11,14,12,1,1,0,36,3,84,881,84881,63,2001,1HTSCAAN81H3,1,H,T,S,C,A,A,N,8,1,H,3,0,T,INTL,470,CC,1,17,,7,2540,1280,40S,D,,0,88,888888888,88888888888,3,2,1,1,0,0,0,0,0,0,0,999,0,0,0,12,12,2,3,8,0,0,0,0,,,,,,,,,999,,,,,,,,,,,,20,0,0,0,1,2,25,1,1,2,1,3,3,0,17,0,0,0,32,0,0
34,340439,2,2,2,23,9,11,14,12,1,1,0,34,1,35,39,35039,4,2007,1N4BA41E87C8,1,N,4,B,A,4,1,E,8,7,C,8,0,P,NISS,MEL,4D,7,17,3474,,0,1112,,G,,0,0,000000000,00000000000,0,0,0,1,0,0,0,0,0,0,0,0,0,0,0,6,5,2,1,12,0,0,0,1,34,7111,6,1,0,0,3,0,70,999,0,0,0,0,2,5,2008,7,2010,0,0,0,0,0,1,2,25,1,1,2,1,3,3,5,53,1,1,2,32,0,0
34,340440,1,1,1,21,10,20,22,8,0,1,0,34,2,49,40,49040,4,2007,JTNBK46K2730,J,T,N,B,K,4,6,K,2,7,3,0,0,P,TOYT,CJS,4D,7,17,3164,,0,1093,,G,,0,0,000000000,00000000000,0,0,0,1,0,0,0,0,0,0,0,998,0,0,0,12,12,9,2,8,0,0,0,1,34,7866,6,1,6,0,3,0,64,999,0,0,0,0,0,0,0,0,0,0,0,0,0,0,2,3,50,1,1,2,1,0,0,1,80,1,1,1,13,0,0