STATE,ST_CASE,VEH_NO,VE_FORMS,NUMOCCS,DAY,MONTH,HOUR,MINUTE,HARM_EV,MAN_COLL,UNITTYPE,HIT_RUN,REG_STAT,OWNER,MAKE,MODEL,MAK_MOD,BODY_TYP,MOD_YEAR,VIN,VIN_1,VIN_2,VIN_3,VIN_4,VIN_5,VIN_6,VIN_7,VIN_8,VIN_9,VIN_10,VIN_11,VIN_12,TOW_VEH,VINTYPE,VINMAKE,VINA_MOD,VIN_BT,VINMODYR,VIN_LNGT,VIN_WGT,WGTCD_TR,WHLBS_LG,WHLBS_SH,SER_TR,FUELCODE,MCYCL_DS,J_KNIFE,MCARR_I1,MCARR_I2,MCARR_ID,GVWR,V_CONFIG,CARGO_BT,HAZ_INV,HAZ_PLAC,HAZ_ID,HAZ_CNO,HAZ_REL,BUS_USE,SPEC_USE,EMER_USE,TRAV_SP,UNDERIDE,ROLLOVER,ROLINLOC,IMPACT1,IMPACT2,DEFORMED,TOWED,M_HARM,VEH_SC1,VEH_SC2,FIRE_EXP,DR_PRES,L_STATE,DR_ZIP,L_STATUS,L_TYPE,CDL_STAT,L_ENDORS,L_COMPL,L_RESTRI,DR_HGT,DR_WGT,PREV_ACC,PREV_SUS,PREV_DWI,PREV_SPD,PREV_OTH,FIRST_MO,FIRST_YR,LAST_MO,LAST_YR,SPEEDREL,DR_SF1,DR_SF2,DR_SF3,DR_SF4,VTRAFWAY,VNUM_LAN,VSPD_LIM,VALIGN,VPROFILE,VPAVETYP,VSURCOND,VTRAFCON,VTCONT_F,P_CRASH1,P_CRASH2,P_CRASH3,PCRASH4,PCRASH5,ACC_TYPE,DEATHS,DR_DRINK
34,340441,1,2,1,28,10,17,28,1,0,1,0,34,1,73,706,73706,80,1984,JKAZNBB19EB5,J,K,A,Z,N,B,B,1,9,E,B,5,0,M,KAWK,Z11,RS,84,17,,,,,,,1100,0,0,000000000,00000000000,0,0,0,1,0,0,0,0,0,0,0,998,0,0,0,0,3,6,2,12,0,0,0,1,34,7848,6,1,0,0,3,3,66,999,1,0,0,1,5,2,2008,2,2009,1,36,28,0,0,1,2,50,1,5,2,1,0,0,1,6,3,4,2,98,1,0
34,340441,2,2,5,28,10,17,28,1,0,1,0,34,2,20,443,20443,20,2000,1GNDX13E5YD2,1,G,N,D,X,1,3,E,5,Y,D,2,0,T,CHEV,LUX,ES,0,17,3593,1,0,1200,VTR,G,,0,0,000000000,00000000000,0,0,0,1,0,0,0,0,0,0,0,998,0,0,0,10,10,6,2,12,0,0,0,1,34,7860,6,1,0,0,3,0,60,999,1,0,0,1,4,6,2008,9,2010,0,0,0,0,0,1,2,50,1,5,2,1,0,0,1,98,1,1,1,98,0,0
34,340442,1,1,1,4,11,22,30,31,0,1,0,34,2,47,35,47035,4,1999,YS3DF58N8X20,Y,S,3,D,F,5,8,N,8,X,2,0,0,P,SAA,93E,4H,99,17,3220,,0,1026,,G,,0,0,000000000,00000000000,0,0,0,1,0,0,0,0,0,0,0,999,0,1,4,1,10,6,2,1,0,0,0,1,34,7719,6,1,0,0,3,0,68,999,0,0,0,1,0,8,2009,8,2009,1,0,0,0,0,6,1,40,2,1,2,2,0,0,14,6,7,3,5,7,1,1
34,340443,1,2,1,23,12,11,46,12,6,1,0,34,3,12,444,12444,20,2010,NM0LS7CN0AT0,N,M,0,L,S,7,C,N,0,A,T,0,0,T,FORD,CXL,CG,10,17,,1,0,1146,TRN,G,,0,0,000000000,00000000000,0,0,0,1,0,0,0,0,0,0,0,998,0,0,0,3,3,9,2,12,0,0,0,1,34,7480,6,1,0,0,3,3,65,999,0,0,0,0,0,0,0,0,0,0,38,0,0,0,1,2,40,1,2,2,1,0,0,11,15,1,1,1,68,1,0
34,340443,2,2,1,23,12,11,46,12,6,1,0,34,1,7,482,7482,31,2008,3D7KS28D98G1,3,D,7,K,S,2,8,D,9,8,G,1,0,T,DODG,SQ2,CW,8,17,,2,1605,1405,RPC,G,,0,0,000000000,00000000000,0,0,0,1,0,0,0,0,0,0,0,998,0,0,0,12,12,9,2,12,0,0,0,1,34,7470,6,1,0,0,3,0,71,999,0,0,0,0,0,0,0,0,0,0,0,0,0,0,1,2,40,1,2,2,1,0,0,1,62,1,1,1,69,0,0
34,340444,1,1,1,20,12,9,46,8,0,1,0,34,1,42,401,42401,14,2000,4JGAB54E2YA1,4,J,G,A,B,5,4,E,2,Y,A,1,0,P,MERZ,ML3,UT,0,17,4210,,0,1110,,G,,0,0,000000000,00000000000,0,0,0,1,0,0,0,0,0,0,0,998,0,0,0,12,12,9,1,8,0,0,0,1,34,7760,6,1,0,0,3,3,68,999,0,0,0,0,1,4,2008,4,2008,0,38,0,0,0,1,2,30,1,1,2,1,0,0,1,80,1,1,1,13,0,0
34,340445,1,2,2,28,12,7,57,12,6,1,0,42,1,19,22,19022,4,2006,1G6KD57Y56U2,1,G,6,K,D,5,7,Y,5,6,U,2,0,P,CADI,TDS,4D,6,17,4009,,0,1156,,G,,0,0,000000000,00000000000,0,0,0,1,0,0,0,0,0,0,0,998,0,0,0,9,9,6,2,12,0,0,0,1,42,19073,6,1,0,0,3,0,72,999,0,0,0,0,0,0,0,0,0,0,99,99,99,99,1,2,50,1,1,2,2,0,0,99,99,1,9,9,89,1,0
34,340445,2,2,1,28,12,7,57,12,6,1,0,34,3,93,981,93981,52,2002,1M8SDMRAX2P0,1,M,8,S,D,M,R,A,X,2,P,0,0,U,,,,2,17,,,,,,,,0,88,888888888,88888888888,3,21,22,1,0,0,0,0,6,0,0,998,0,0,0,12,12,4,3,12,0,0,0,1,34,8094,6,1,6,1,3,0,65,999,0,0,0,0,0,0,0,0,0,0,0,0,0,0,1,2,50,1,1,2,2,0,0,1,17,1,1,1,88,0,0
34,340446,1,1,1,25,12,7,30,8,0,1,0,34,1,52,34,52034,4,2000,4A3AA46G1YE1,4,A,3,A,A,4,6,G,1,Y,E,1,0,P,MITS,GES,4D,0,17,3075,,0,1037,,G,,0,0,000000000,00000000000,0,0,0,1,0,0,0,0,0,0,0,998,0,0,0,12,12,9,1,8,0,0,0,1,34,7108,6,1,0,0,3,3,65,999,0,0,0,0,0,0,0,0,0,0,0,0,0,0,1,2,0,1,1,2,1,0,0,1,80,1,1,1,13,0,0
34,340447,1,2,1,20,12,9,9,12,2,1,0,34,3,82,881,82881,62,2005,1FVACWDC25HV,1,F,V,A,C,W,D,C,2,5,H,V,0,T,FRHT,16M,CC,5,17,,6,0,0,FM2,D,,0,57,16130,5716130,2,1,96,1,0,0,0,0,0,0,0,998,0,0,0,12,12,9,2,12,0,0,0,1,34,7018,6,1,0,0,2,0,74,999,1,4,0,1,2,2,2008,10,2010,0,38,0,0,0,1,2,30,1,1,2,1,3,3,1,17,1,1,1,69,0,0
34,340447,2,2,1,20,12,9,9,12,2,1,0,34,1,12,13,12013,4,1999,3FAFP15P7XR1,3,F,A,F,P,1,5,P,7,X,R,1,0,P,FORD,ESE,SW,99,17,2531,,0,984,,G,,0,0,000000000,00000000000,0,0,0,1,0,0,0,0,0,0,0,998,0,0,0,12,12,6,2,12,0,0,0,1,34,7901,6,1,0,0,3,0,68,999,0,0,0,0,0,0,0,0,0,0,38,0,0,0,1,2,30,1,1,2,1,3,3,11,15,1,1,1,68,1,0
34,340449,1,2,1,24,12,17,29,12,6,1,0,34,1,19,3,19003,4,1997,1G6KF5298VU2,1,G,6,K,F,5,2,9,8,V,U,2,0,P,CADI,DCS,4D,97,17,3946,,0,1138,,G,,0,0,000000000,00000000000,0,0,0,1,0,0,0,0,0,0,0,998,0,0,0,10,10,9,2,12,0,0,0,1,34,7417,6,1,0,0,3,3,71,999,0,0,0,0,1,7,2009,7,2009,0,38,0,0,0,1,2,40,1,3,2,1,0,0,11,15,1,1,1,82,1,0
34,340449,2,2,1,24,12,17,29,12,6,1,0,34,3,35,47,35047,4,2009,1N4AL21E19N4,1,N,4,A,L,2,1,E,1,9,N,4,0,P,NISS,ATS,4D,9,17,3179,,0,1093,,G,,0,0,000000000,00000000000,0,0,0,1,0,0,0,0,0,0,0,998,0,0,0,12,12,9,2,12,0,0,0,1,34,7436,6,1,0,0,3,0,67,999,0,0,0,0,0,0,0,0,0,0,0,0,0,0,1,2,40,1,3,2,1,0,0,1,17,1,1,1,83,0,0
34,340450,1,1,1,24,12,17,23,8,0,1,1,99,9,99,999,99999,99,9999,999999999999,9,9,9,9,9,9,9,9,9,9,9,9,0,U,,,,9,17,,,,,,,,0,0,000000000,00000000000,0,0,0,1,0,0,0,0,0,0,0,999,0,0,0,99,99,9,1,8,0,0,0,1,99,99999,9,9,99,9,9,9,999,999,99,99,99,99,99,99,9999,99,9999,9,38,0,0,0,1,2,25,1,1,2,1,0,0,99,80,1,9,9,13,0,0
34,340451,1,1,4,19,12,2,49,39,0,1,0,34,2,41,51,41051,5,2005,JM1BK1433513,J,M,1,B,K,1,4,3,3,5,1,3,0,P,MAZD,M3H,4H,5,17,2826,,0,1039,,G,,0,0,000000000,00000000000,0,0,0,1,0,0,0,0,0,0,0,998,0,0,0,12,9,6,2,39,0,0,0,1,34,7104,6,1,0,0,3,0,67,999,0,0,0,0,1,11,2009,11,2009,1,36,0,0,0,3,2,40,2,2,2,1,0,0,14,11,1,1,5,1,1,1
34,340452,1,1,3,7,11,0,47,8,0,1,0,42,1,63,38,63038,4,2010,KNAFU4A25A50,K,N,A,F,U,4,A,2,5,A,5,0,0,P,KIA,FEX,4D,10,17,2707,,0,1043,,G,,0,0,000000000,00000000000,0,0,0,1,0,0,0,0,0,0,0,998,0,0,0,1,1,9,2,8,0,0,0,1,42,18018,6,1,0,0,3,0,68,999,0,0,0,1,0,1,2009,1,2009,0,0,0,0,0,3,2,45,1,1,2,1,0,0,1,80,1,1,1,13,0,0
34,340453,1,1,1,10,11,10,13,58,0,1,0,34,1,55,36,55036,4,2002,KMHCG45C52U3,K,M,H,C,G,4,5,C,5,2,U,3,0,P,HYUN,AGL,4D,2,17,2350,,0,961,,G,,0,0,000000000,00000000000,0,0,0,1,0,0,0,0,0,0,0,999,0,1,5,14,13,6,2,2,0,0,1,1,34,8088,6,1,0,0,3,3,71,999,1,0,0,0,0,6,2008,6,2008,0,58,0,0,0,1,2,25,1,1,5,1,0,0,1,8,9,3,4,2,1,0
34,340454,1,1,1,14,11,12,25,33,0,1,0,34,1,37,709,37709,80,1976,999999999999,9,9,9,9,9,9,9,9,9,9,9,9,0,U,,,,9,17,,,,,,,,0,0,000000000,00000000000,0,0,0,1,0,0,0,0,0,0,0,999,0,0,0,14,61,6,2,1,0,0,0,1,34,7204,6,1,0,0,3,3,71,999,0,0,0,0,0,0,0,0,0,0,0,0,0,0,2,2,65,2,1,2,1,21,3,14,12,1,1,4,6,1,0
34,340455,1,1,1,2,11,20,24,8,0,1,0,34,1,12,422,12422,15,1997,1FMFU18L5VLC,1,F,M,F,U,1,8,L,5,V,L,C,0,P,FORD,EPT,UT,97,17,4827,,0,1190,,G,,0,0,000000000,00000000000,0,0,0,1,0,0,0,0,0,0,0,999,0,0,0,14,14,0,3,8,0,0,0,1,34,8401,6,1,0,0,3,0,62,999,2,0,0,0,3,4,2008,9,2010,0,86,0,0,0,1,2,25,1,1,2,1,0,0,4,80,1,1,1,13,0,0
34,340456,1,3,1,20,12,12,55,12,1,1,0,34,1,55,35,55035,4,2002,KMHDN45D42U3,K,M,H,D,N,4,5,D,4,2,U,3,0,P,HYUN,EST,4D,2,17,2635,,0,1027,,G,,0,0,000000000,00000000000,0,0,0,1,0,0,0,0,0,0,0,998,0,0,0,6,12,9,2,12,0,0,0,1,34,8244,6,1,0,0,3,0,62,999,1,0,0,0,0,11,2008,11,2008,0,0,0,0,0,1,2,45,1,1,2,1,0,0,2,18,1,1,2,98,0,0
34,340456,2,3,2,20,12,12,55,12,1,1,0,34,2,19,3,19003,4,2000,1G6KD54Y2YU2,1,G,6,K,D,5,4,Y,2,Y,U,2,0,P,CADI,DFW,4D,0,17,4012,,0,1138,,G,,0,0,000000000,00000000000,0,0,0,1,0,0,0,0,0,0,0,998,0,0,0,12,12,6,2,12,0,0,0,1,34,8201,6,1,0,0,3,0,64,999,0,0,0,0,0,0,0,0,0,0,0,0,0,0,1,2,45,1,1,2,1,0,0,1,62,1,1,1,98,1,0
34,340456,3,3,2,20,12,12,55,12,1,1,0,34,2,35,421,35421,15,2005,5N1AA08B65N7,5,N,1,A,A,0,8,B,6,5,N,7,0,P,NISS,ARM,UT,5,17,5276,,0,1232,,G,,0,0,000000000,00000000000,0,0,0,1,0,0,0,0,0,0,0,998,0,0,0,12,12,9,2,12,0,0,0,1,34,8205,6,1,0,0,3,3,66,999,0,0,0,0,0,0,0,0,0,0,28,0,0,0,1,2,45,1,1,2,1,0,0,1,52,7,2,2,98,0,0
34,340457,1,1,1,19,12,6,8,58,0,1,0,34,2,51,43,51043,4,2000,YV1LS56DXY26,Y,V,1,L,S,5,6,D,X,Y,2,6,0,P,VOLV,SGS,4D,0,17,3245,,0,1049,,G,,0,0,000000000,00000000000,0,0,0,1,0,0,0,0,0,0,0,998,0,0,0,14,9,6,2,42,0,0,0,1,34,7079,6,1,0,0,3,0,68,999,0,0,1,0,2,8,2009,8,2010,1,28,0,0,0,2,3,65,2,2,2,1,0,0,14,6,1,3,4,2,1,1
34,340458,1,1,1,18,12,15,48,33,0,1,0,34,1,37,709,37709,80,1980,PC012103582,P,C,0,1,2,1,0,3,5,8,2,,0,P,,,,,,,,,,,,,0,0,000000000,00000000000,0,0,0,1,0,0,0,0,0,0,0,998,0,0,0,14,12,6,2,42,0,0,0,1,34,7950,1,1,0,0,2,0,72,999,3,5,0,0,4,1,2008,12,2010,9,36,92,0,0,1,2,25,2,1,2,1,0,0,14,99,3,9,5,10,1,0
34,340459,1,2,1,3,11,23,23,8,0,1,0,34,1,49,401,49401,14,1997,JT3HN86R5V01,J,T,3,H,N,8,6,R,5,V,0,1,0,P,TOYT,RUN,UT,97,17,3850,,0,1053,,G,,0,0,000000000,00000000000,0,0,0,1,0,0,0,0,0,0,0,999,0,0,0,12,12,6,2,8,0,0,0,1,34,7731,6,1,0,0,3,0,72,999,2,0,0,0,1,1,2009,7,2009,0,0,0,0,0,3,3,65,1,1,2,1,0,0,1,80,1,1,1,13,0,0
34,340459,2,2,1,3,11,23,23,8,0,1,1,34,1,7,472,7472,31,2001,1B7GG22XX1S3,1,B,7,G,G,2,2,X,X,1,S,3,0,T,DODG,DAK,PC,1,17,,1,0,1309,DAK,G,,0,0,000000000,00000000000,0,0,0,1,0,0,0,0,0,0,0,999,0,0,0,12,12,0,1,54,0,0,0,1,34,7202,6,1,0,0,3,0,67,999,0,0,0,0,0,0,0,0,0,0,0,0,0,0,3,3,65,1,1,2,1,0,0,1,80,1,1,1,98,0,0
34,340460,1,2,1,16,12,15,57,12,2,1,0,34,2,13,2,13002,2,1998,1LNFM91V3WY6,1,L,N,F,M,9,1,V,3,W,Y,6,0,P,LINC,MK8,CP,98,17,3765,,0,1130,,G,,0,0,000000000,00000000000,0,0,0,1,0,0,0,0,0,0,0,998,0,0,0,12,12,6,2,12,0,0,0,1,34,8360,6,2,0,0,3,0,64,999,1,0,0,0,1,5,2009,7,2010,0,28,0,0,0,1,2,55,1,1,2,3,0,0,1,10,1,1,2,50,1,0
34,340460,2,2,1,16,12,15,57,12,2,1,0,34,3,12,870,12870,61,2007,1FDXE45P07DA,1,F,D,X,E,4,5,P,0,7,D,A,0,T,FORD,4DC,YY,7,17,,4,1760,1580,CTV,D,,0,88,888888888,88888888888,2,1,1,1,0,0,0,0,0,0,0,998,0,0,0,12,12,6,2,12,0,0,0,1,34,8037,6,1,6,0,3,0,67,999,0,0,0,0,0,0,0,0,0,0,0,0,0,0,1,2,55,1,1,2,3,0,0,1,62,1,1,1,51,0,0
34,340461,1,1,1,5,11,2,35,42,0,1,0,34,1,49,472,49472,30,2007,5TEMU52NX7Z4,5,T,E,M,U,5,2,N,X,7,Z,4,0,T,TOYT,DBD,CW,7,17,,1,0,1409,TAC,G,,0,0,000000000,00000000000,0,0,0,1,0,0,0,0,0,0,0,999,0,0,0,12,12,6,2,42,0,0,0,1,34,7083,6,1,0,0,3,3,71,999,0,0,0,0,0,0,0,0,0,0,87,0,0,0,1,2,25,1,1,2,2,0,0,1,13,1,1,4,1,1,1
34,340462,1,1,1,16,12,7,5,30,0,1,0,34,3,12,13,12013,6,1998,3FAFP15P5WR2,3,F,A,F,P,1,5,P,5,W,R,2,0,P,FORD,ESE,SW,98,17,2531,,0,984,,G,,0,0,000000000,00000000000,0,0,0,1,0,0,0,0,0,0,0,998,0,0,0,9,9,6,2,30,0,0,0,1,34,7863,6,1,0,0,3,0,67,999,1,0,0,0,1,9,2010,9,2010,0,0,0,0,0,1,2,50,3,6,2,1,0,0,14,9,1,3,5,2,1,0
34,340463,1,1,4,6,11,1,40,30,0,1,0,34,2,37,32,37032,4,2007,1HGCM56887A1,1,H,G,C,M,5,6,8,8,7,A,1,0,P,HOND,UEX,4D,7,17,3228,,0,1079,,G,,0,0,000000000,00000000000,0,0,0,1,0,0,0,0,0,0,0,999,0,1,6,8,61,6,2,42,0,0,0,1,34,8701,6,1,0,0,3,0,72,999,1,1,0,0,0,3,2008,2,2009,1,58,35,36,0,1,2,50,1,1,2,1,0,0,6,6,7,3,4,2,2,1
34,340464,1,1,1,16,12,7,2,8,0,1,0,34,1,21,17,21017,4,1987,2G3AJ51W1H94,2,G,3,A,J,5,1,W,1,H,9,4,0,P,OLDS,CCI,4D,87,17,2733,,0,1049,,G,,0,0,000000000,00000000000,0,0,0,1,0,0,0,0,0,0,0,998,0,0,0,12,12,9,2,8,0,0,0,1,34,7960,6,1,0,0,3,0,63,999,0,0,0,0,0,0,0,0,0,0,0,0,0,0,1,4,35,1,2,2,1,0,0,1,80,99,1,2,13,0,0
34,340465,1,4,1,10,12,17,38,24,0,1,0,34,2,12,422,12422,15,2004,1FMFU18L54LA,1,F,M,F,U,1,8,L,5,4,L,A,0,P,FORD,EPT,UT,4,17,5595,,0,1191,,G,,0,0,000000000,00000000000,0,0,0,1,0,0,0,0,0,0,0,998,0,0,0,3,10,6,2,12,0,0,0,1,34,8203,1,1,0,0,2,0,68,999,0,3,0,1,2,11,2008,11,2009,0,28,92,0,0,1,2,50,1,1,2,1,0,0,1,13,1,1,4,1,0,0
34,340465,2,4,1,10,12,17,38,24,0,1,0,34,2,12,24,12024,6,2010,2FMDK3JC2ABB,2,F,M,D,K,3,J,C,2,A,B,B,0,P,FORD,EDG,UT,10,17,4078,1,0,1112,EDG,G,,0,0,000000000,00000000000,0,0,0,1,0,0,0,0,0,0,0,998,0,0,0,10,10,2,1,12,0,0,0,1,34,8533,6,1,0,0,3,3,69,999,0,0,0,0,0,0,0,0,0,0,0,0,0,0,1,2,50,1,1,2,1,0,0,1,62,1,1,1,98,0,0
34,340465,3,4,1,10,12,17,38,24,0,1,0,34,1,30,40,30040,4,2003,3VWVH69M73M1,3,V,W,V,H,6,9,M,7,3,M,1,0,P,VOLK,ULI,4D,3,17,3104,,0,989,,G,,0,0,000000000,00000000000,0,0,0,1,0,0,0,0,0,0,0,998,0,0,0,9,9,6,2,12,0,0,0,1,34,8015,6,1,0,0,3,0,69,999,0,0,0,0,0,0,0,0,0,0,0,0,0,0,1,2,50,1,1,2,1,0,0,1,62,1,1,4,98,1,1
34,340465,4,4,1,10,12,17,38,24,0,1,0,34,4,35,50,35050,4,2010,3N1BC1CPXAL4,3,N,1,B,C,1,C,P,X,A,L,4,0,P,NISS,VSL,4H,10,17,2693,,0,1024,,G,,0,0,000000000,00000000000,0,0,0,1,0,0,0,0,0,0,0,998,0,0,0,12,12,9,2,24,0,0,0,1,34,8110,6,1,0,0,3,0,66,999,0,0,0,1,2,1,2008,5,2010,0,0,0,0,0,1,2,50,1,1,2,1,0,0,1,8,7,1,4,98,0,0
34,340466,1,2,1,8,11,9,24,33,0,1,0,34,1,7,402,7402,14,2001,1B4HS28N81F6,1,B,4,H,S,2,8,N,8,1,F,6,0,P,DODG,DUR,UT,1,17,4512,,0,1159,,G,,0,0,000000000,00000000000,0,0,0,1,0,0,0,0,0,0,0,998,0,2,1,14,9,6,2,12,0,0,0,1,34,7422,6,1,0,0,3,0,66,999,0,0,0,0,0,0,0,0,0,1,28,0,0,0,6,1,25,4,2,2,4,0,0,14,6,1,4,4,98,1,0
34,340466,2,2,1,8,11,9,24,33,0,1,0,19,3,85,881,85881,66,2007,1XKAD49X97J1,1,X,K,A,D,4,9,X,9,7,J,1,1,T,KW,T60,DS,7,17,,8,2600,1600,CON,D,,1,57,204208,57204208,3,6,1,1,0,0,0,0,0,0,0,998,0,0,0,12,12,9,2,12,0,0,0,1,39,43822,6,1,6,1,3,3,74,240,0,0,0,0,1,3,2010,3,2010,0,0,0,0,0,3,3,65,4,2,2,4,0,0,14,74,1,1,1,98,0,0
34,340468,1,1,1,9,11,15,5,8,0,1,0,34,1,49,32,49032,4,2008,2T1BR32E08C8,2,T,1,B,R,3,2,E,0,8,C,8,0,P,TOYT,UCS,4D,8,17,2530,,0,1024,,G,,0,0,000000000,00000000000,0,0,0,1,0,0,0,0,0,0,0,999,0,0,0,12,12,2,3,8,0,0,0,1,34,7052,6,1,0,0,3,0,60,999,1,0,0,0,1,12,2007,9,2009,0,38,0,0,0,1,2,30,1,2,2,1,50,3,1,80,1,1,1,13,0,0
34,340469,1,1,2,12,11,8,5,8,0,1,0,34,3,12,881,12881,61,2006,1FDAF57P36EA,1,F,D,A,F,5,7,P,3,6,E,A,0,T,FORD,F5D,CB,6,17,,5,2000,1410,DRW,D,,0,88,888888888,88888888888,2,1,1,1,0,0,0,0,0,0,0,999,0,0,0,12,12,0,4,8,0,0,0,1,34,7642,6,1,0,0,3,0,70,999,1,0,0,0,1,4,2008,4,2009,0,38,0,0,0,1,2,25,1,1,2,1,0,0,11,81,1,1,1,13,0,0
34,340470,1,1,1,15,12,4,10,8,0,1,0,34,3,86,881,86881,66,2007,1M1AG11Y87M0,1,M,1,A,G,1,1,Y,8,7,M,0,1,T,MACK,CV7,DS,7,17,,8,0,0,700,D,,1,57,429457,57429457,3,6,2,2,2,1203,1,1,0,0,0,998,0,0,0,12,12,9,2,8,0,0,0,1,34,7728,6,1,6,1,3,0,72,999,1,0,0,0,2,3,2008,5,2010,0,0,0,0,0,3,2,50,1,1,2,1,0,0,1,80,8,1,1,13,0,0
34,340471,1,2,2,13,11,14,2,12,6,1,0,34,1,18,23,18023,4,2006,1G4HD57236U1,1,G,4,H,D,5,7,2,3,6,U,1,0,P,BUIC,UXL,4D,6,17,3969,,0,1156,,G,,0,0,000000000,00000000000,0,0,0,1,0,0,0,0,0,0,0,999,0,0,0,10,10,6,2,12,0,0,0,1,34,8098,6,1,0,0,3,0,73,999,0,0,0,0,0,0,0,0,0,0,38,0,0,0,0,0,0,0,0,0,0,20,3,1,17,1,1,7,89,0,0
34,340471,2,2,1,13,11,14,2,12,6,1,0,34,1,71,706,71706,80,2001,ZDM1RB8S41B0,Z,D,M,1,R,B,8,S,4,1,B,0,0,U,,,,1,17,,,,,,,,0,0,000000000,00000000000,0,0,0,1,0,0,0,0,0,0,0,999,0,0,0,12,12,6,2,12,0,0,0,1,34,8081,6,1,0,0,3,0,70,187,0,0,0,0,0,0,0,0,0,0,0,0,0,0,1,2,50,1,1,2,1,0,0,1,71,3,2,2,88,1,0
34,340472,1,1,2,15,12,3,17,42,0,1,0,34,1,55,401,55401,14,2004,KM8SC13E04U7,K,M,8,S,C,1,3,E,0,4,U,7,0,P,HYUN,SAN,UT,4,17,3720,,0,1031,,G,,0,0,000000000,00000000000,0,0,0,1,0,0,0,0,0,0,0,998,0,0,0,1,1,9,2,42,0,0,0,1,34,7104,6,2,0,0,3,2,62,999,1,0,0,0,0,11,2010,11,2010,1,28,73,0,0,3,2,55,1,1,2,1,0,0,1,13,1,1,5,1,1,1
34,340473,1,1,1,3,12,14,20,8,0,1,0,34,1,6,441,6441,20,2008,2A8HR54P98R8,2,A,8,H,R,5,4,P,9,8,R,8,0,P,CHRY,TWC,SV,8,17,4507,,0,1212,,G,,0,0,000000000,00000000000,0,0,0,1,0,0,0,0,0,0,0,998,0,0,0,1,1,9,1,8,0,0,0,1,34,8759,6,1,0,0,3,0,72,999,0,0,0,0,0,0,0,0,0,0,0,0,0,0,1,2,40,4,2,2,1,0,0,14,80,1,1,1,13,0,0
34,340474,1,1,1,11,12,4,59,8,0,1,0,34,3,13,1,13001,4,2004,1LNHM81W34Y6,1,L,N,H,M,8,1,W,3,4,Y,6,0,P,LINC,EXS,4D,4,17,0,,0,1177,,G,,0,0,000000000,00000000000,0,0,0,1,0,0,0,0,0,1,0,998,0,0,0,12,12,9,1,8,0,0,0,1,34,7304,6,1,0,0,3,3,65,999,0,0,0,0,1,2,2010,2,2010,0,0,0,0,0,3,2,40,1,1,2,1,0,0,1,80,1,1,1,13,0,0
34,340475,1,1,1,3,11,7,3,8,0,1,0,34,2,12,461,12461,21,1999,1FTRE1424XHB,1,F,T,R,E,1,4,2,4,X,H,B,0,T,FORD,15V,CG,99,17,,2,0,1380,VAN,G,,0,0,000000000,00000000000,0,0,0,1,0,0,0,0,0,0,0,999,0,0,0,11,11,2,3,8,0,0,0,1,34,7801,6,1,0,0,3,0,63,999,1,0,0,0,1,4,2008,7,2010,0,38,0,0,0,1,2,30,1,1,2,1,21,3,1,81,1,1,1,13,0,0
34,340476,1,1,1,10,12,12,36,8,0,1,0,34,2,6,43,6043,1,2003,1C3EL75T43N5,1,C,3,E,L,7,5,T,4,3,N,5,0,P,CHRY,STC,CV,3,17,3304,,0,1060,,F,,0,0,000000000,00000000000,0,0,0,1,0,0,0,0,0,0,0,998,0,0,0,12,12,9,1,8,0,0,0,1,34,7470,6,1,0,0,3,3,75,999,0,0,0,0,0,0,0,0,0,0,0,0,0,0,1,2,35,1,1,2,1,0,0,1,80,1,1,1,13,0,0
34,340477,1,1,1,10,12,1,38,1,0,1,0,34,1,49,50,49050,3,2008,JTKDE1673802,J,T,K,D,E,1,6,7,3,8,0,2,0,P,TOYT,SXC,LB,8,17,2905,,0,1063,,G,,0,0,000000000,00000000000,0,0,0,1,0,0,0,0,0,0,0,998,0,2,6,0,99,6,2,1,0,0,0,1,34,7039,6,1,0,0,3,0,63,999,1,0,0,2,3,2,2008,3,2009,0,28,0,0,0,2,2,65,4,1,2,1,0,0,14,9,1,3,5,2,1,1
34,340478,1,4,1,6,11,16,0,12,2,1,0,34,2,20,37,20037,4,2004,1G1ZT54824F1,1,G,1,Z,T,5,4,8,2,4,F,1,0,P,CHEV,M/L,4D,4,17,3297,,0,1063,,G,,0,0,000000000,00000000000,0,0,0,1,0,0,0,0,0,0,0,999,0,0,0,12,12,6,2,12,0,0,0,1,34,8701,1,1,0,0,2,2,999,999,0,3,0,0,3,3,2008,9,2010,0,28,74,0,0,1,4,50,1,1,2,1,0,0,1,10,1,1,2,50,0,0
34,340478,2,4,1,6,11,16,0,12,2,1,0,34,1,20,2,20002,4,2001,2G1WF52E3192,2,G,1,W,F,5,2,E,3,1,9,2,0,P,CHEV,IMP,4D,1,17,3389,,0,1105,,G,,0,0,000000000,00000000000,0,0,0,1,0,0,0,0,0,0,0,999,0,0,0,12,12,6,2,12,0,0,0,1,34,8857,6,1,0,0,3,0,70,999,0,0,0,0,0,0,0,0,0,0,0,0,0,0,1,4,50,1,1,2,1,0,0,1,62,9,2,1,51,0,0
34,340478,3,4,1,6,11,16,0,12,2,1,0,34,1,2,404,2404,14,2001,1J4GW58N31C7,1,J,4,G,W,5,8,N,3,1,C,7,0,T,JEEP,LMT,4W,1,17,,1,0,1059,GCK,G,,0,0,000000000,00000000000,0,0,0,1,0,0,0,0,0,0,0,999,0,0,0,12,12,6,2,12,0,0,0,1,34,7740,6,1,0,0,3,3,62,999,0,0,0,0,0,0,0,0,0,0,0,0,0,0,1,4,50,1,1,2,1,0,0,1,54,3,1,1,98,1,0