STATE,ST_CASE,VEH_NO,VE_FORMS,NUMOCCS,DAY,MONTH,HOUR,MINUTE,HARM_EV,MAN_COLL,UNITTYPE,HIT_RUN,REG_STAT,OWNER,MAKE,MODEL,MAK_MOD,BODY_TYP,MOD_YEAR,VIN,VIN_1,VIN_2,VIN_3,VIN_4,VIN_5,VIN_6,VIN_7,VIN_8,VIN_9,VIN_10,VIN_11,VIN_12,TOW_VEH,VINTYPE,VINMAKE,VINA_MOD,VIN_BT,VINMODYR,VIN_LNGT,VIN_WGT,WGTCD_TR,WHLBS_LG,WHLBS_SH,SER_TR,FUELCODE,MCYCL_DS,J_KNIFE,MCARR_I1,MCARR_I2,MCARR_ID,GVWR,V_CONFIG,CARGO_BT,HAZ_INV,HAZ_PLAC,HAZ_ID,HAZ_CNO,HAZ_REL,BUS_USE,SPEC_USE,EMER_USE,TRAV_SP,UNDERIDE,ROLLOVER,ROLINLOC,IMPACT1,IMPACT2,DEFORMED,TOWED,M_HARM,VEH_SC1,VEH_SC2,FIRE_EXP,DR_PRES,L_STATE,DR_ZIP,L_STATUS,L_TYPE,CDL_STAT,L_ENDORS,L_COMPL,L_RESTRI,DR_HGT,DR_WGT,PREV_ACC,PREV_SUS,PREV_DWI,PREV_SPD,PREV_OTH,FIRST_MO,FIRST_YR,LAST_MO,LAST_YR,SPEEDREL,DR_SF1,DR_SF2,DR_SF3,DR_SF4,VTRAFWAY,VNUM_LAN,VSPD_LIM,VALIGN,VPROFILE,VPAVETYP,VSURCOND,VTRAFCON,VTCONT_F,P_CRASH1,P_CRASH2,P_CRASH3,PCRASH4,PCRASH5,ACC_TYPE,DEATHS,DR_DRINK
34,340478,4,4,1,6,11,16,0,12,2,1,0,34,2,49,32,49032,4,1997,2T1BA02E6VC2,2,T,1,B,A,0,2,E,6,V,C,2,0,P,TOYT,UCC,4D,97,17,2337,,0,970,,G,,0,0,000000000,00000000000,0,0,0,1,0,0,0,0,0,0,0,999,0,0,0,12,12,6,2,12,0,0,0,1,34,8527,6,1,0,0,3,0,72,999,0,0,0,0,3,7,2008,9,2009,0,0,0,0,0,1,4,50,1,1,2,1,0,0,1,54,3,3,4,98,0,0
34,340479,1,1,2,7,12,12,45,42,0,1,0,99,9,24,1,24001,4,2002,1G8ZH52822Z1,1,G,8,Z,H,5,2,8,2,2,Z,1,0,P,STRN,SL1,4D,2,17,2377,,0,1024,,G,,0,0,000000000,00000000000,0,0,0,1,0,0,0,0,0,0,0,998,0,0,0,12,12,9,2,42,0,0,0,1,34,7843,6,1,0,0,3,0,69,999,2,0,0,0,2,10,2008,9,2010,0,0,0,0,0,1,2,45,3,2,2,1,0,0,14,13,1,1,5,1,1,0
34,340480,1,3,1,3,12,4,45,8,0,1,1,99,9,99,999,99999,99,9999,999999999999,9,9,9,9,9,9,9,9,9,9,9,9,9,U,,,,9,17,,,,,,,,0,99,999999999,99999999999,9,99,99,1,0,0,0,0,99,99,9,998,0,0,0,12,12,9,1,8,0,0,0,1,99,99999,9,9,99,9,9,9,999,999,99,99,99,99,99,99,9999,99,9999,0,99,99,99,99,3,2,50,1,1,2,1,0,0,1,80,1,1,1,13,0,0
34,340480,2,3,1,3,12,4,45,8,0,1,0,34,3,12,881,12881,61,2001,1FDXF46F61EC,1,F,D,X,F,4,6,F,6,1,E,C,5,T,FORD,F4D,CB,1,17,,4,2010,1410,DRW,D,,0,88,888888888,88888888888,2,1,12,1,0,0,0,0,0,0,0,998,0,0,0,12,12,6,2,8,0,0,0,1,34,7104,6,1,0,0,3,0,71,999,2,0,0,0,1,4,2008,6,2009,0,0,0,0,0,3,2,50,1,1,2,1,0,0,1,80,1,1,1,98,0,0
34,340480,3,3,1,3,12,4,45,8,0,1,0,34,3,6,54,6054,6,2004,2C8GF68414R5,2,C,8,G,F,6,8,4,1,4,R,5,0,P,CHRY,PIF,UT,4,17,4546,,0,1163,,G,,0,0,000000000,00000000000,0,0,0,1,0,0,0,0,0,0,0,998,0,0,0,12,12,6,2,8,0,0,0,1,34,7405,6,1,0,0,3,3,72,999,0,0,1,0,4,3,2008,5,2009,0,0,0,0,0,3,2,50,1,1,2,1,0,0,1,80,1,1,1,98,0,0
34,340481,1,1,1,24,11,12,3,30,0,1,0,34,1,37,31,37031,4,2008,1HGFA16528L0,1,H,G,F,A,1,6,5,2,8,L,0,0,P,HOND,UCL,4D,8,17,2751,,0,1063,,G,,0,0,000000000,00000000000,0,0,0,1,0,0,0,0,0,0,0,999,0,0,0,11,11,6,2,30,0,0,0,1,34,8610,6,1,0,0,3,0,67,143,1,0,0,0,0,2,2009,2,2009,0,28,0,0,0,1,2,50,1,1,2,1,0,0,1,12,1,1,4,6,1,0
34,340482,1,1,1,11,11,17,21,8,0,1,0,34,1,49,40,49040,4,2007,4T1BE46K27U1,4,T,1,B,E,4,6,K,2,7,U,1,0,P,TOYT,CMB,4D,7,17,3108,,0,1093,,G,,0,0,000000000,00000000000,0,0,0,1,0,0,0,0,0,0,0,999,0,0,0,12,12,0,1,8,0,0,0,1,34,7648,6,1,0,0,3,0,66,999,0,0,0,0,0,0,0,0,0,0,0,0,0,0,1,2,25,1,1,2,1,0,0,1,80,1,1,1,13,0,0
34,340483,1,2,1,11,11,12,1,12,6,1,0,34,1,7,482,7482,31,1999,1B7HC16Y6XS2,1,B,7,H,C,1,6,Y,6,X,S,2,0,T,DODG,150,PK,99,17,,2,1347,1187,RPC,G,,0,0,000000000,00000000000,0,0,0,1,0,0,0,0,0,0,0,999,0,0,0,3,3,6,2,12,0,0,0,1,34,8332,6,1,0,0,3,0,61,999,0,0,0,0,0,0,0,0,0,0,38,0,0,0,1,2,40,1,1,2,1,20,3,11,15,1,1,2,82,0,0
34,340483,2,2,1,11,11,12,1,12,6,1,0,34,1,53,704,53704,80,2008,JS1CK44A0821,J,S,1,C,K,4,4,A,0,8,2,1,0,M,SUZI,SA4,MS,8,17,,,,,,,400,0,0,000000000,00000000000,0,0,0,1,0,0,0,0,0,0,0,999,0,0,0,12,12,6,2,12,0,0,0,1,34,8332,6,1,0,0,3,0,71,999,0,0,0,0,0,0,0,0,0,0,0,0,0,0,1,2,40,1,1,2,1,0,0,1,67,1,1,2,83,1,0
34,340484,1,1,1,14,9,23,0,9,0,1,1,34,1,12,401,12401,14,2005,1FMDU74W05UA,1,F,M,D,U,7,4,W,0,5,U,A,0,P,FORD,EPR,UT,5,17,4094,,0,1137,,G,,0,0,000000000,00000000000,0,0,0,1,0,0,0,0,0,0,0,998,0,0,0,12,12,9,1,9,0,0,0,1,34,8096,1,1,0,0,2,0,66,999,0,5,0,0,0,11,2007,1,2010,0,28,0,0,0,1,2,40,1,2,2,1,0,0,1,11,1,1,4,13,0,1
34,340485,1,1,5,5,10,1,27,33,0,1,0,34,2,22,18,22018,4,2001,1G2NW52E31C2,1,G,2,N,W,5,2,E,3,1,C,2,0,P,PONT,GAG,4D,1,17,3168,,0,1070,,G,,0,0,000000000,00000000000,0,0,0,1,0,0,0,0,0,0,0,998,0,0,0,14,9,6,2,30,0,0,0,1,34,8530,0,0,0,0,0,0,999,999,0,0,0,0,0,0,0,0,0,1,36,0,0,0,2,2,40,3,1,2,2,3,3,14,6,1,4,5,2,1,1
34,340486,1,1,3,21,11,8,46,35,0,1,0,34,3,13,1,13001,4,2006,1LNHM84W16Y6,1,L,N,H,M,8,4,W,1,6,Y,6,0,P,LINC,EXL,4D,6,17,4359,,0,1237,,G,,0,0,000000000,00000000000,0,0,0,1,0,0,0,0,0,0,0,999,0,0,0,14,12,6,2,21,0,0,0,1,42,18210,6,1,6,0,3,0,70,999,0,0,0,0,1,4,2008,4,2008,0,28,0,0,0,3,3,55,2,3,1,1,0,0,14,13,1,1,4,1,1,0
34,340487,1,2,1,13,10,5,20,12,1,1,0,25,3,82,881,82881,66,1998,1FUYDZYB4WP7,1,F,U,Y,D,Z,Y,B,4,W,P,7,1,T,FRHT,FLD,DS,98,17,,8,0,0,CON,D,,1,57,943420,57943420,3,6,1,1,0,0,0,0,0,0,0,0,0,0,0,6,6,9,9,12,0,0,0,1,25,1040,6,1,6,1,3,0,70,999,0,0,0,0,0,0,0,0,0,0,0,0,0,0,3,4,55,9,9,9,1,0,0,5,53,1,1,1,21,0,0
34,340487,2,2,2,13,10,5,20,12,1,1,0,36,2,14,6,14006,4,2000,2MEFM75W9YX7,2,M,E,F,M,7,5,W,9,Y,X,7,0,P,MERC,MGL,4D,0,17,3973,,0,1147,,G,,0,0,000000000,00000000000,0,0,0,1,0,0,0,0,0,0,0,998,0,0,0,12,12,6,2,12,0,0,0,1,36,10037,1,1,0,0,2,0,72,999,0,5,1,0,0,12,2007,4,2010,1,36,0,0,0,3,4,55,9,9,9,1,0,0,1,50,1,1,1,20,1,1
34,340488,1,1,2,21,10,20,12,1,0,1,0,34,2,42,401,42401,14,1999,4JGAB72E2XA1,4,J,G,A,B,7,2,E,2,X,A,1,0,P,MERZ,ML4,UT,99,17,4552,,0,1110,,G,,0,0,000000000,00000000000,0,0,0,1,0,0,0,0,0,0,0,998,0,2,1,0,13,9,2,1,0,0,0,1,34,7753,6,2,0,0,3,0,66,999,0,0,0,0,1,7,2010,7,2010,0,28,52,0,0,2,2,55,1,2,2,1,0,0,1,8,6,4,6,98,1,0
34,340489,1,1,1,18,12,0,2,38,0,1,0,34,2,37,31,37031,2,2006,2HGFG12846H5,2,H,G,F,G,1,2,8,4,6,H,5,0,P,HOND,UAX,CP,6,17,2767,,0,1043,,G,,0,0,000000000,00000000000,0,0,0,1,0,0,0,0,0,0,0,998,0,1,6,12,13,6,2,1,0,0,0,1,34,8620,6,1,0,0,3,3,70,999,0,1,0,3,1,6,2008,5,2009,0,28,0,0,0,2,2,55,3,1,2,1,0,0,14,13,1,1,5,1,1,0
34,340490,1,1,1,28,11,7,3,33,0,1,0,34,1,49,32,49032,4,2010,2T1BU4EE9AC4,2,T,1,B,U,4,E,E,9,A,C,4,0,P,TOYT,CBL,4D,10,17,2723,,0,1024,,G,,0,0,000000000,00000000000,0,0,0,1,0,0,0,0,0,0,0,999,0,0,0,14,12,6,2,19,0,0,0,1,34,7304,6,1,0,0,3,3,60,999,0,0,0,0,0,0,0,0,0,0,87,0,0,0,3,2,35,1,1,2,4,0,0,2,51,3,3,4,2,1,0
34,340491,1,2,1,24,12,6,39,12,1,1,0,36,1,12,442,12442,20,2001,2FMZA50481BA,2,F,M,Z,A,5,0,4,8,1,B,A,0,T,FORD,WLX,ES,1,17,,1,0,1207,WIN,G,,0,0,000000000,00000000000,0,0,0,1,0,0,0,0,0,0,0,0,0,0,0,6,6,6,2,8,0,0,0,1,36,11377,6,1,0,0,3,0,67,999,0,0,0,0,0,0,0,0,0,0,54,0,0,0,3,3,55,1,3,2,1,0,0,5,53,1,1,1,21,0,0
34,340491,2,2,1,24,12,6,39,12,1,1,0,34,1,20,441,20441,20,1999,1GCDM19W5XB1,1,G,C,D,M,1,9,W,5,X,B,1,0,T,CHEV,AST,EC,99,17,,1,0,1112,AST,G,,0,0,000000000,00000000000,0,0,0,1,0,0,0,0,0,0,0,998,0,0,0,12,12,6,2,12,0,0,0,1,34,7047,6,1,0,0,3,0,70,999,1,0,0,0,0,3,2008,3,2008,0,0,0,0,0,3,3,55,1,3,2,1,0,0,1,50,1,1,1,20,0,0
34,340492,1,2,1,30,11,13,56,12,6,1,0,34,1,14,17,14017,4,1998,1MEFM53S7WG6,1,M,E,F,M,5,3,S,7,W,G,6,0,P,MERC,SLP,4D,98,17,3299,,0,1085,,G,,0,0,000000000,00000000000,0,0,0,1,0,0,0,0,0,0,0,999,0,0,0,9,9,6,2,12,0,0,0,1,34,7848,6,1,0,0,3,3,64,999,0,0,0,0,0,0,0,0,0,0,38,0,0,0,1,2,25,1,1,2,2,20,3,3,17,1,1,1,89,1,0
34,340492,2,2,1,30,11,13,56,12,6,1,0,34,1,12,13,12013,4,1997,1FALP13PXVW2,1,F,A,L,P,1,3,P,X,V,W,2,0,P,FORD,EST,4D,97,17,2503,,0,984,,G,,0,0,000000000,00000000000,0,0,0,1,0,0,0,0,0,0,0,999,0,0,0,12,12,6,2,12,0,0,0,1,34,7827,6,1,0,0,3,0,65,999,0,0,0,1,0,3,2009,3,2009,0,0,0,0,0,1,2,35,1,2,2,2,0,0,1,66,1,1,1,88,0,0
34,340493,1,1,1,27,11,2,30,8,0,1,1,99,9,99,999,99999,99,9999,999999999999,9,9,9,9,9,9,9,9,9,9,9,9,9,U,,,,9,17,,,,,,,,0,99,999999999,99999999999,9,99,99,1,0,0,0,0,99,99,0,999,0,0,0,11,11,9,1,8,0,0,0,1,99,99999,9,9,99,9,9,9,999,999,99,99,99,99,99,99,9999,99,9999,9,38,0,0,0,1,2,25,1,1,2,1,0,0,1,80,99,1,1,13,0,0
34,340494,1,5,0,24,12,6,40,12,7,1,0,36,6,12,442,12442,20,2001,2FMZA50481BA,2,F,M,Z,A,5,0,4,8,1,B,A,0,T,FORD,WLX,ES,1,17,,1,0,1207,WIN,G,,0,0,000000000,00000000000,0,0,0,1,0,0,0,0,0,0,0,0,0,0,0,7,12,6,2,12,0,0,0,0,,,,,,,,,999,,,,,,,,,,,,0,0,0,0,3,3,55,1,3,2,1,0,0,0,53,0,0,0,98,0,0
34,340494,2,5,0,24,12,6,40,12,7,1,0,34,6,20,441,20441,20,1999,1GCDM19W5XB1,1,G,C,D,M,1,9,W,5,X,B,1,0,T,CHEV,AST,EC,99,17,,1,0,1112,AST,G,,0,0,000000000,00000000000,0,0,0,1,0,0,0,0,0,0,0,0,0,0,0,10,99,6,2,12,0,0,0,0,,,,,,,,,999,,,,,,,,,,,,0,0,0,0,3,3,55,1,3,2,1,0,0,0,53,0,0,0,48,0,0
34,340494,3,5,1,24,12,6,40,12,7,1,0,34,1,20,22,20022,4,2009,1G1AS58H6971,1,G,1,A,S,5,8,H,6,9,7,1,0,P,CHEV,BLS,4D,9,17,3216,,0,1033,,G,,0,0,000000000,00000000000,0,0,0,1,0,0,0,0,0,0,0,998,0,0,0,1,12,6,2,12,0,0,0,1,34,7660,6,1,0,0,3,3,70,999,1,0,0,0,0,8,2008,8,2008,0,0,0,0,0,3,3,55,1,3,2,1,0,0,1,50,6,1,2,48,0,0
34,340494,4,5,0,24,12,6,40,12,7,1,0,34,6,24,1,24001,4,2000,1G8ZH5289YZ1,1,G,8,Z,H,5,2,8,9,Y,Z,1,0,P,STRN,SL1,4D,0,17,2332,,0,1024,,G,,0,0,000000000,00000000000,0,0,0,1,0,0,0,0,0,0,0,0,0,0,0,99,99,9,2,12,0,0,0,0,,,,,,,,,999,,,,,,,,,,,,0,0,0,0,3,3,55,1,3,2,1,0,0,0,50,0,0,0,98,0,0
34,340494,5,5,1,24,12,6,40,12,7,1,0,36,1,37,31,37031,4,2008,JHMFA36208S0,J,H,M,F,A,3,6,2,0,8,S,0,0,P,HOND,CHY,4D,8,17,2877,,0,1063,,B,,0,0,000000000,00000000000,0,0,0,1,0,0,0,0,0,0,0,998,0,0,0,12,12,2,1,12,0,0,0,1,36,11742,6,1,0,0,3,0,71,999,0,0,0,0,0,0,0,0,0,0,0,0,0,0,3,3,55,1,3,2,1,0,0,1,50,1,1,1,98,0,0
34,340495,1,1,1,15,12,12,33,8,0,1,1,34,1,55,35,55035,4,2000,KMHJF35F0YU9,K,M,H,J,F,3,5,F,0,Y,U,9,0,P,HYUN,EGS,4D,0,17,2626,,0,1004,,G,,0,0,000000000,00000000000,0,0,0,1,0,0,0,0,0,0,0,998,0,0,0,1,1,9,1,8,0,0,0,1,34,8332,6,1,0,0,3,0,66,999,1,0,0,0,2,4,2010,6,2010,9,36,0,0,0,1,2,40,1,1,2,1,0,0,99,99,99,9,9,13,0,0
34,340496,1,2,1,4,11,16,0,12,6,1,0,34,2,37,31,37031,4,2005,2HGES16585H5,2,H,G,E,S,1,6,5,8,5,H,5,0,P,HOND,UCL,4D,5,17,2606,,0,1031,,G,,0,0,000000000,00000000000,0,0,0,1,0,0,0,0,0,0,0,998,0,0,0,12,12,9,2,12,0,0,0,1,34,7203,6,1,0,0,3,0,68,999,0,0,0,0,1,2,2008,2,2008,0,0,0,0,0,3,2,50,1,1,2,2,0,0,1,52,1,1,1,48,0,0
34,340496,2,2,1,4,11,16,0,12,6,1,0,36,3,85,881,85881,66,1999,1XKTD69X2XJ7,1,X,K,T,D,6,9,X,2,X,J,7,1,T,KW,T20,DS,99,17,,8,2600,1900,CON,D,,3,57,1784910,571784910,3,6,1,1,0,0,0,0,0,0,0,998,0,0,0,3,12,6,2,12,0,0,0,1,36,11590,6,1,0,0,2,0,999,999,0,0,0,0,0,0,0,0,0,0,28,0,0,0,3,2,50,1,1,2,2,0,0,99,53,1,9,7,48,1,0
34,340497,1,1,1,11,12,17,1,11,0,1,0,34,3,48,34,48034,6,2001,4S3BH6357173,4,S,3,B,H,6,3,5,7,1,7,3,0,P,SUBA,ULW,SW,1,17,3345,,0,1043,,G,,0,0,000000000,00000000000,0,0,0,1,0,0,0,0,0,0,0,998,0,0,0,12,12,6,2,42,0,0,0,1,97,99999,9,9,99,9,9,9,999,999,99,99,99,99,99,99,9999,99,9999,0,83,28,0,0,1,2,40,3,6,2,1,0,0,14,87,1,1,1,13,1,0
34,340498,1,1,1,10,12,20,22,42,0,1,0,34,1,12,3,12003,2,2000,1FAFP4044YF1,1,F,A,F,P,4,0,4,4,Y,F,1,0,P,FORD,MUS,CP,0,17,3066,,0,1013,,G,,0,0,000000000,00000000000,0,0,0,1,0,0,0,0,0,0,0,998,0,0,0,3,3,6,2,42,0,0,0,1,34,8009,6,1,0,0,3,0,69,999,1,0,0,0,0,4,2009,4,2009,0,28,0,0,0,1,2,35,4,1,2,1,0,0,14,8,8,4,5,7,1,1
34,340499,1,1,1,19,11,16,48,8,0,1,0,34,1,63,441,63441,20,2002,KNDUP1316262,K,N,D,U,P,1,3,1,6,2,6,2,0,P,KIA,SED,SV,2,17,4709,,0,1145,,G,,0,0,000000000,00000000000,0,0,0,1,0,0,0,0,0,0,0,999,0,0,0,12,12,2,3,8,0,0,0,1,34,7470,6,1,0,0,3,0,68,999,0,0,0,0,0,0,0,0,0,0,38,0,0,0,1,4,45,1,1,2,1,3,3,11,80,1,1,2,13,0,0
34,340501,1,1,1,18,12,19,6,8,0,1,0,34,2,41,471,41471,30,2001,4F4YR12D71TM,4,F,4,Y,R,1,2,D,7,1,T,M,0,T,MAZD,RGC,PK,1,17,,1,0,1116,B23,G,,0,0,000000000,00000000000,0,0,0,1,0,0,0,0,0,0,0,998,0,0,0,12,12,9,1,8,0,0,0,1,34,7072,6,1,6,0,3,3,63,999,0,0,0,0,1,5,2010,5,2010,0,0,0,0,0,1,2,35,1,1,2,1,0,0,1,80,1,1,1,13,0,0
34,340502,1,1,1,22,11,15,33,8,0,1,0,34,2,55,35,55035,4,2005,KMHDN56D45U1,K,M,H,D,N,5,6,D,4,5,U,1,0,P,HYUN,EST,4H,5,17,2635,,0,1027,,G,,0,0,000000000,00000000000,0,0,0,1,0,0,0,0,0,0,0,999,0,0,0,12,12,0,1,8,0,0,0,1,34,7055,6,1,0,0,3,3,70,999,0,0,0,0,0,0,0,0,0,0,0,0,0,0,1,2,25,1,2,2,1,0,0,1,80,1,2,1,13,0,0
34,340503,1,2,1,20,12,9,41,12,1,1,0,34,2,20,23,20023,6,2009,3GNCA13B49S6,3,G,N,C,A,1,3,B,4,9,S,6,0,P,CHEV,HHR,UT,9,17,3155,,0,1035,,F,,0,0,000000000,00000000000,0,0,0,1,0,0,0,0,0,0,0,998,0,0,0,6,6,6,2,12,0,0,0,1,34,8048,6,1,0,0,3,0,70,999,0,1,0,0,1,3,2008,7,2008,0,45,0,0,0,2,3,65,1,1,2,1,0,0,1,53,1,1,1,25,1,0
34,340503,2,2,1,20,12,9,41,12,1,1,0,34,1,82,883,82883,66,2001,1FUJAHBD41LJ,1,F,U,J,A,H,B,D,4,1,L,J,1,T,FRHT,FLD,DS,1,17,,8,0,0,CON,D,,1,88,888888888,88888888888,3,6,1,1,0,0,0,0,0,0,0,998,0,0,0,12,12,6,2,12,0,0,0,1,34,7047,6,1,6,1,3,0,68,999,0,0,0,0,0,0,0,0,0,0,38,84,0,0,2,3,65,1,1,2,1,0,0,1,51,1,1,1,24,0,0
34,340504,1,2,1,24,11,9,29,12,7,1,0,34,1,7,482,7482,31,1997,3B7HF13YXVG7,3,B,7,H,F,1,3,Y,X,V,G,7,0,T,DODG,150,PC,97,17,,2,1547,1387,RPC,G,,0,0,000000000,00000000000,0,0,0,1,0,0,0,0,0,0,0,999,0,0,0,1,1,6,2,12,0,0,0,1,34,8360,6,1,6,0,3,0,72,999,0,0,0,0,0,0,0,0,0,0,0,0,0,0,1,2,40,1,1,2,1,0,0,1,50,1,1,1,48,1,0
34,340504,2,2,0,24,11,9,29,12,7,1,0,34,6,86,881,86881,66,1987,1M2N179YXHA0,1,M,2,N,1,7,9,Y,X,H,A,0,1,T,MACK,R60,DS,87,17,,8,0,0,600,D,,1,57,487907,57487907,3,6,3,1,0,0,0,0,0,0,0,0,0,0,0,7,7,2,3,12,0,0,0,0,,,,,,,,,999,,,,,,,,,,,,20,0,0,0,1,2,40,1,1,2,1,0,0,0,53,0,0,0,48,0,0
34,340505,1,2,1,25,11,3,22,12,1,1,0,34,1,2,404,2404,14,1995,1J4FJ27S4SL5,1,J,4,F,J,2,7,S,4,S,L,5,0,T,JEEP,CSE,2W,95,17,,1,0,1014,CHK,G,,0,0,000000000,00000000000,0,0,0,1,0,0,0,0,0,0,0,999,0,1,5,6,12,6,2,2,0,0,1,1,34,8721,6,1,0,0,3,0,76,999,0,0,0,0,0,0,0,0,0,0,0,0,0,0,3,3,55,1,1,2,1,0,0,1,53,1,1,1,25,1,0
34,340505,2,2,5,25,11,3,22,12,1,1,0,34,3,34,402,34402,14,2010,WBXPC9C49AWJ,W,B,X,P,C,9,C,4,9,A,W,J,0,P,BMW,BX3,UT,10,17,4068,,0,1101,,G,,0,0,000000000,00000000000,0,0,0,1,0,0,0,0,0,0,0,999,0,0,0,12,12,6,2,12,0,0,0,1,34,8757,6,1,0,0,3,0,69,999,1,0,0,1,1,1,2008,10,2010,0,26,0,0,0,3,3,55,1,1,2,1,0,0,1,51,1,1,1,24,0,1
34,340506,1,3,1,22,12,8,2,12,1,1,0,34,2,2,404,2404,14,1995,1J4GZ58S1SC5,1,J,4,G,Z,5,8,S,1,S,C,5,0,T,JEEP,LRO,4W,95,17,,1,0,1059,GCK,G,,0,0,000000000,00000000000,0,0,0,1,0,0,0,0,0,0,0,998,0,1,2,12,12,6,2,12,0,0,0,1,34,8092,6,1,0,0,3,0,65,999,1,0,0,0,2,7,2008,12,2008,0,38,0,0,0,1,2,45,1,1,2,1,0,0,1,50,2,1,1,20,0,0
34,340506,2,3,3,22,12,8,2,12,1,1,0,34,2,41,441,41441,20,2000,JM3LW28GXY01,J,M,3,L,W,2,8,G,X,Y,0,1,0,P,MAZD,MWG,SV,0,17,3657,,0,1118,,G,,0,0,000000000,00000000000,0,0,0,1,0,0,0,0,0,0,0,0,0,0,0,6,6,6,2,12,0,0,0,1,34,8092,6,1,0,0,3,0,63,999,0,0,0,0,0,0,0,0,0,0,0,0,0,0,1,2,45,1,1,2,1,0,0,11,10,1,1,1,22,0,0
34,340506,3,3,1,22,12,8,2,12,1,1,0,34,1,18,22,18022,4,2007,2G4WD5522711,2,G,4,W,D,5,5,2,2,7,1,1,0,P,BUIC,LAL,4D,7,17,3502,,0,1105,,G,,0,0,000000000,00000000000,0,0,0,1,0,0,0,0,0,0,0,998,0,0,0,12,12,6,2,12,0,0,0,1,34,8087,6,1,6,0,3,3,73,999,0,0,0,0,0,0,0,0,0,0,0,0,0,0,1,2,45,1,1,2,1,0,0,1,62,1,1,1,98,1,0
34,340507,1,1,1,5,12,7,57,41,0,1,0,34,1,37,31,37031,4,2010,2HGFA1F65AH5,2,H,G,F,A,1,F,6,5,A,H,5,0,P,HOND,ULS,4D,10,17,2754,,0,1063,,G,,0,0,000000000,00000000000,0,0,0,1,0,0,0,0,0,0,0,998,0,0,0,12,12,6,2,41,0,0,0,1,34,7080,6,1,0,0,3,0,70,999,0,0,0,0,0,0,0,0,0,0,0,0,0,0,2,3,65,1,1,2,1,0,0,1,12,1,1,4,6,1,0
34,340508,1,3,2,26,11,19,28,8,0,1,0,34,1,37,402,37402,14,2001,JHLRD18411C0,J,H,L,R,D,1,8,4,1,1,C,0,0,P,HOND,CRV,UT,1,17,3236,,0,1032,,G,,0,0,000000000,00000000000,0,0,0,1,0,0,0,0,0,0,0,999,0,0,0,12,12,4,3,8,0,0,0,1,34,8075,6,1,0,0,3,0,72,999,1,0,0,0,2,7,2008,6,2010,0,0,0,0,0,3,4,45,1,1,2,1,0,0,1,80,1,1,1,13,0,0
34,340508,2,3,1,26,11,19,28,8,0,1,0,42,1,37,31,37031,4,2002,2HGES26782H5,2,H,G,E,S,2,6,7,8,2,H,5,0,P,HOND,UAX,4D,2,17,2615,,0,1031,,G,,0,0,000000000,00000000000,0,0,0,1,0,0,0,0,0,0,0,999,0,0,0,14,14,0,1,8,0,0,0,1,42,19153,6,1,0,0,3,0,64,999,0,0,0,0,0,0,0,0,0,0,0,0,0,0,3,4,45,1,1,2,1,0,0,1,80,1,1,1,98,0,0
34,340508,3,3,1,26,11,19,28,8,0,1,0,34,1,54,36,54036,4,2002,JH4KA965X2C0,J,H,4,K,A,9,6,5,X,2,C,0,0,P,ACUR,35R,4D,2,17,3898,,0,1146,,G,,0,0,000000000,00000000000,0,0,0,1,0,0,0,0,0,0,0,999,0,0,0,14,14,0,1,8,0,0,0,1,34,8110,6,1,0,0,3,3,68,999,1,0,0,0,0,10,2009,10,2009,0,0,0,0,0,3,4,45,1,1,2,1,0,0,1,80,1,1,1,98,0,0
34,340509,1,1,2,26,12,0,47,8,0,1,1,99,9,99,999,99999,99,9999,999999999999,9,9,9,9,9,9,9,9,9,9,9,9,0,U,,,,9,17,,,,,,,,0,0,000000000,00000000000,0,0,0,1,0,0,0,0,99,99,9,999,0,0,0,12,99,9,1,8,0,0,0,1,99,99999,9,9,99,9,9,9,999,999,99,99,99,99,99,99,9999,99,9999,9,86,0,0,0,1,2,25,1,1,2,1,3,3,1,80,1,1,1,13,0,0
34,340510,1,2,1,19,11,10,43,12,2,1,0,34,1,37,32,37032,6,1992,1HGCB9858NA0,1,H,G,C,B,9,8,5,8,N,A,0,0,P,HOND,ALX,SW,92,17,3133,,0,1071,,G,,0,0,000000000,00000000000,0,0,0,1,0,0,0,0,0,0,0,999,0,0,0,12,12,6,2,12,0,0,0,1,34,8873,6,1,0,0,3,3,71,220,0,0,0,0,2,12,2008,10,2010,0,28,0,0,0,1,2,45,2,3,2,1,0,0,14,10,1,1,2,50,1,0
34,340510,2,2,3,19,11,10,43,12,2,1,0,34,2,35,39,35039,4,2003,JN1DA31A03T4,J,N,1,D,A,3,1,A,0,3,T,4,0,P,NISS,MGL,4D,3,17,3124,,0,1083,,G,,0,0,000000000,00000000000,0,0,0,1,0,0,0,0,0,0,0,999,0,0,0,12,12,6,2,12,0,0,0,1,34,8844,6,1,0,0,3,0,65,999,0,0,0,0,0,0,0,0,0,0,0,0,0,0,1,2,45,2,3,2,1,0,0,14,62,1,1,1,51,0,0