STATE,ST_CASE,VEH_NO,VE_FORMS,NUMOCCS,DAY,MONTH,HOUR,MINUTE,HARM_EV,MAN_COLL,UNITTYPE,HIT_RUN,REG_STAT,OWNER,MAKE,MODEL,MAK_MOD,BODY_TYP,MOD_YEAR,VIN,VIN_1,VIN_2,VIN_3,VIN_4,VIN_5,VIN_6,VIN_7,VIN_8,VIN_9,VIN_10,VIN_11,VIN_12,TOW_VEH,VINTYPE,VINMAKE,VINA_MOD,VIN_BT,VINMODYR,VIN_LNGT,VIN_WGT,WGTCD_TR,WHLBS_LG,WHLBS_SH,SER_TR,FUELCODE,MCYCL_DS,J_KNIFE,MCARR_I1,MCARR_I2,MCARR_ID,GVWR,V_CONFIG,CARGO_BT,HAZ_INV,HAZ_PLAC,HAZ_ID,HAZ_CNO,HAZ_REL,BUS_USE,SPEC_USE,EMER_USE,TRAV_SP,UNDERIDE,ROLLOVER,ROLINLOC,IMPACT1,IMPACT2,DEFORMED,TOWED,M_HARM,VEH_SC1,VEH_SC2,FIRE_EXP,DR_PRES,L_STATE,DR_ZIP,L_STATUS,L_TYPE,CDL_STAT,L_ENDORS,L_COMPL,L_RESTRI,DR_HGT,DR_WGT,PREV_ACC,PREV_SUS,PREV_DWI,PREV_SPD,PREV_OTH,FIRST_MO,FIRST_YR,LAST_MO,LAST_YR,SPEEDREL,DR_SF1,DR_SF2,DR_SF3,DR_SF4,VTRAFWAY,VNUM_LAN,VSPD_LIM,VALIGN,VPROFILE,VPAVETYP,VSURCOND,VTRAFCON,VTCONT_F,P_CRASH1,P_CRASH2,P_CRASH3,PCRASH4,PCRASH5,ACC_TYPE,DEATHS,DR_DRINK
34,340511,1,1,1,6,9,0,41,8,0,1,1,36,2,20,431,20431,16,1997,1GNFK16R1VJ4,1,G,N,F,K,1,6,R,1,V,J,4,0,P,CHEV,K15,UT,97,17,0,,0,1315,,G,,0,0,000000000,00000000000,0,0,0,1,0,0,0,0,0,0,0,999,0,0,0,12,99,9,1,8,0,0,0,1,99,99999,9,9,99,9,9,9,999,999,99,99,99,99,99,99,9999,99,9999,0,38,0,0,0,1,4,35,1,1,2,1,3,3,1,80,1,1,1,13,0,0
34,340512,1,1,1,30,11,19,30,8,0,1,0,34,3,93,981,93981,52,2001,1M8SDMRA01P0,1,M,8,S,D,M,R,A,0,1,P,0,0,U,,,,1,17,,,,,,,,0,88,888888888,88888888888,2,21,22,1,0,0,0,0,6,0,0,999,0,0,0,12,12,2,3,8,0,0,0,1,36,10304,6,1,6,3,3,0,66,999,0,0,0,0,0,0,0,0,0,0,0,0,0,0,3,2,50,1,1,2,2,0,0,1,80,1,1,1,13,0,0
34,340513,1,1,4,30,11,16,57,8,0,1,0,34,1,41,37,41037,4,1994,1YVGE22C1R51,1,Y,V,G,E,2,2,C,1,R,5,1,0,P,MAZD,UDL,4D,94,17,2637,,0,1028,,G,,0,0,000000000,00000000000,0,0,0,1,0,0,0,0,0,0,0,999,0,0,0,12,12,0,3,8,0,0,0,1,34,7095,6,1,0,0,3,0,66,999,2,0,0,0,0,6,2008,8,2008,0,92,0,0,0,1,4,35,1,1,2,2,0,0,1,80,1,1,1,13,0,0
34,340514,1,1,1,29,11,18,17,9,0,1,0,34,1,82,883,82883,66,2004,1FUJA6CV34LM,1,F,U,J,A,6,C,V,3,4,L,M,1,T,FRHT,COL,DS,4,17,,8,0,0,CON,D,,1,57,149776,57149776,3,6,1,1,0,0,0,0,0,0,0,999,0,0,0,9,9,0,3,9,0,0,0,1,36,10031,6,1,6,0,3,0,69,999,0,0,0,0,0,0,0,0,0,0,0,0,0,0,3,2,40,1,1,2,1,3,3,1,83,1,1,1,13,0,0
34,340515,1,3,2,18,11,19,16,12,6,1,0,34,2,2,405,2405,14,2003,1J4GL48K93W7,1,J,4,G,L,4,8,K,9,3,W,7,0,T,JEEP,LSF,4W,3,17,,1,0,1043,LIB,G,,0,0,000000000,00000000000,0,0,0,1,0,0,0,0,0,0,0,999,0,0,0,12,12,6,2,12,0,0,0,1,34,8810,6,2,0,0,3,3,64,999,1,0,0,1,1,8,2010,10,2010,0,0,0,0,0,1,2,50,1,1,2,2,0,0,1,62,1,3,2,69,0,0
34,340515,2,3,2,18,11,19,16,12,6,1,0,34,2,22,18,22018,4,2000,1G2NF52E6YM7,1,G,2,N,F,5,2,E,6,Y,M,7,0,P,PONT,SE1,4D,0,17,3116,,0,1070,,G,,0,0,000000000,00000000000,0,0,0,1,0,0,0,0,0,0,0,999,0,0,0,3,3,6,2,12,0,0,0,1,34,8831,6,1,0,0,3,0,64,999,0,0,0,0,0,0,0,0,0,0,38,0,0,0,1,2,50,1,1,2,2,3,3,11,15,1,3,2,68,1,1
34,340515,3,3,1,18,11,19,16,12,6,1,0,34,1,23,481,23481,31,2005,2GTEC19V2512,2,G,T,E,C,1,9,V,2,5,1,2,0,T,GMC,NC1,4C,5,17,,2,1575,1435,SIE,G,,0,0,000000000,00000000000,0,0,0,1,0,0,0,0,0,0,0,0,0,0,0,7,7,4,3,12,0,0,0,1,34,7728,6,1,0,0,3,0,72,999,0,0,0,0,0,0,0,0,0,0,0,0,0,0,1,3,50,1,1,2,2,3,3,5,66,1,1,1,98,0,0
34,340516,1,1,1,8,12,1,24,33,0,1,0,34,2,14,17,14017,4,2003,1MEFM55S83G6,1,M,E,F,M,5,5,S,8,3,G,6,0,P,MERC,SLP,4D,3,17,3369,,0,1085,,G,,0,0,000000000,00000000000,0,0,0,1,0,0,0,0,0,0,0,998,0,0,0,14,9,6,2,42,0,0,0,1,34,8731,6,1,0,0,3,3,69,999,0,0,0,0,0,0,0,0,0,1,28,0,0,0,1,2,25,1,1,2,1,0,0,1,6,1,3,5,2,1,1
34,340517,1,1,1,24,9,16,15,33,0,1,0,34,1,2,404,2404,14,1999,1J4GW68N5XC5,1,J,4,G,W,6,8,N,5,X,C,5,0,T,JEEP,LMT,4W,99,17,,1,0,1059,GCK,G,,0,0,000000000,00000000000,0,0,0,1,0,0,0,0,0,0,0,998,0,0,0,14,99,9,2,42,0,0,0,1,34,7111,6,1,0,0,3,3,70,999,1,0,0,0,1,2,2010,7,2010,9,28,0,0,0,1,2,25,1,1,2,1,0,0,1,12,1,1,5,6,1,0
34,340518,1,2,1,17,9,18,54,12,6,1,0,34,1,49,40,49040,4,2009,4T1BE46K09U9,4,T,1,B,E,4,6,K,0,9,U,9,0,P,TOYT,CBA,4D,9,17,3263,,0,1090,,G,,0,0,000000000,00000000000,0,0,0,1,0,0,0,0,0,0,0,999,0,0,0,9,9,6,2,12,0,0,0,1,34,8330,6,1,0,0,3,0,70,999,0,0,0,0,0,0,0,0,0,0,38,0,0,0,1,2,25,1,1,2,1,20,3,11,66,1,1,1,68,1,0
34,340518,2,2,1,17,9,18,54,12,6,1,0,34,1,53,706,53706,80,2007,JS1GT77A8721,J,S,1,G,T,7,7,A,8,7,2,1,0,M,SUZI,XR1,RS,7,17,,,,,,,999,0,0,000000000,00000000000,0,0,0,1,0,0,0,0,0,0,0,999,0,0,0,12,12,6,2,12,0,0,0,1,34,8330,6,1,0,0,3,0,73,999,0,0,0,0,1,8,2008,8,2008,1,0,0,0,0,1,2,50,1,1,2,1,0,0,1,67,1,1,1,69,1,0
34,340519,1,1,2,26,9,4,4,33,0,1,0,34,2,49,32,49032,4,2007,JTDBR32E4701,J,T,D,B,R,3,2,E,4,7,0,1,0,P,TOYT,EEL,4D,7,17,2530,,0,1024,,G,,0,0,000000000,00000000000,0,0,0,1,0,0,0,0,0,0,0,998,0,0,0,14,1,6,2,30,0,0,0,1,34,7032,6,1,0,0,3,0,67,999,0,0,0,0,0,0,0,0,0,1,36,0,0,0,3,3,45,1,1,2,1,0,0,1,13,1,1,5,1,1,1
34,340520,1,1,1,21,12,5,57,8,0,1,0,34,1,20,401,20401,14,2004,1GNDT13X54K1,1,G,N,D,T,1,3,X,5,4,K,1,0,P,CHEV,BZR,UT,4,17,4134,,0,1070,,G,,0,0,000000000,00000000000,0,0,0,1,0,0,0,0,0,0,0,998,0,0,0,12,12,2,1,8,0,0,0,1,34,7060,6,1,6,0,3,3,68,999,1,0,0,0,0,6,2008,6,2008,0,0,0,0,0,1,2,25,1,1,2,1,0,0,1,80,1,1,1,13,0,0
34,340521,1,3,1,13,12,7,7,12,1,1,0,34,2,22,2,22002,4,1995,1G2HX52K7S42,1,G,2,H,X,5,2,K,7,S,4,2,0,P,PONT,BVS,4D,95,17,3446,,0,1108,,G,,0,0,000000000,00000000000,0,0,0,1,0,0,0,0,0,0,0,998,0,0,0,12,12,6,2,12,0,0,0,1,34,8527,1,2,0,0,2,1,69,999,0,1,0,3,5,3,2009,12,2010,0,52,38,0,0,1,2,50,1,1,2,2,0,0,1,50,9,1,1,20,0,0
34,340521,2,3,1,13,12,7,7,12,1,1,0,34,3,12,16,12016,4,2000,2FAFP71W6YX1,2,F,A,F,P,7,1,W,6,Y,X,1,0,P,FORD,CVP,4D,0,17,0,,0,1147,,G,,0,0,000000000,00000000000,0,0,0,1,0,0,0,0,0,0,0,0,0,0,0,6,12,6,2,12,0,0,0,1,34,8527,6,1,0,0,3,0,67,999,2,0,0,3,2,3,2008,12,2009,0,0,0,0,0,1,2,50,1,1,2,2,0,0,5,53,1,1,1,21,1,0
34,340521,3,3,1,13,12,7,7,12,1,1,0,42,3,20,461,20461,21,1999,1GCHG35R8X10,1,G,C,H,G,3,5,R,8,X,1,0,0,T,CHEV,EX3,CG,99,17,,2,0,1350,EXP,G,,0,0,000000000,00000000000,0,0,0,1,0,0,0,0,0,0,0,998,0,0,0,12,12,6,2,12,0,0,0,1,34,8753,6,1,0,0,3,3,69,999,0,0,0,0,0,0,0,0,0,0,0,0,0,0,1,2,50,1,1,2,2,0,0,1,62,1,1,1,98,0,0
34,340522,1,2,1,5,12,1,31,12,2,1,0,34,2,32,45,32045,2,2001,TRUWT28N3110,T,R,U,W,T,2,8,N,3,1,1,0,0,P,AUDI,ATQ,CP,1,17,3188,,0,956,,G,,0,0,000000000,00000000000,0,0,0,1,0,0,0,0,0,0,0,998,0,0,0,12,12,6,2,12,0,0,0,1,34,8857,6,1,0,0,3,0,74,999,1,0,0,1,1,5,2008,8,2009,1,28,0,0,0,1,2,35,2,2,2,1,0,0,14,10,1,1,2,50,1,1
34,340522,2,2,1,5,12,1,31,12,2,1,0,34,1,12,17,12017,4,2002,1FAFP53232A2,1,F,A,F,P,5,3,2,3,2,A,2,0,P,FORD,TSE,4D,2,17,3355,,0,1085,,F,,0,0,000000000,00000000000,0,0,0,1,0,0,0,0,0,0,0,998,0,0,0,12,12,6,2,12,0,0,0,1,34,8628,6,1,0,0,3,0,70,999,0,0,0,0,2,8,2008,4,2009,0,0,0,0,0,1,2,25,1,2,2,1,0,0,1,62,1,1,1,51,1,0
34,340523,1,2,1,12,10,11,0,12,6,1,0,42,1,30,40,30040,4,2006,3VWFT71K96M0,3,V,W,F,T,7,1,K,9,6,M,0,0,P,VOLK,JTD,4D,6,17,3160,,0,1015,,D,,0,0,000000000,00000000000,0,0,0,1,0,0,0,0,0,0,0,998,0,0,0,3,3,9,2,12,0,0,0,1,42,18013,6,1,0,0,3,0,72,999,0,0,0,0,0,0,0,0,0,0,0,0,0,0,1,2,25,1,1,2,1,20,3,11,53,1,1,1,76,0,0
34,340523,2,2,1,12,10,11,0,12,6,1,0,34,1,53,705,53705,80,2003,JS1GR7HAX321,J,S,1,G,R,7,H,A,X,3,2,1,0,M,SUZI,SX7,RS,3,17,,,,,,,749,0,0,000000000,00000000000,0,0,0,1,0,0,0,0,0,0,0,998,0,0,0,12,12,6,2,12,0,0,0,1,34,7203,6,1,0,0,3,0,69,999,1,2,0,0,0,10,2008,7,2009,1,29,34,39,0,1,2,25,1,1,2,1,0,0,6,17,1,1,1,77,1,0
34,340524,1,2,1,15,10,12,40,12,6,1,0,34,1,48,401,48401,14,2010,JF2SH6CC3AH7,J,F,2,S,H,6,C,C,3,A,H,7,0,P,SUBA,FOR,UT,10,17,3300,,0,1030,,G,,0,0,000000000,00000000000,0,0,0,1,0,0,0,0,0,0,0,998,0,0,0,11,11,6,2,12,0,0,0,1,34,8628,6,1,0,0,3,0,70,999,0,0,0,0,0,0,0,0,0,0,38,0,0,0,1,5,45,1,1,2,1,3,3,11,15,1,1,1,68,1,0
34,340524,2,2,1,15,10,12,40,12,6,1,0,34,3,12,461,12461,21,2003,1FDWE35S53HA,1,F,D,W,E,3,5,S,5,3,H,A,0,T,FORD,3DC,YY,3,17,,3,1760,1380,CTV,G,,0,88,888888888,88888888888,2,20,22,1,0,0,0,0,99,0,0,998,0,0,0,11,11,6,2,12,0,0,0,1,34,8611,6,1,6,1,3,1,61,999,0,0,0,0,0,0,0,0,0,0,0,0,0,0,1,5,45,1,1,2,1,3,3,1,62,1,1,1,69,0,0
34,340525,1,1,1,10,12,17,51,8,0,1,1,34,1,49,401,49401,14,2001,JT3HN86R7103,J,T,3,H,N,8,6,R,7,1,0,3,0,P,TOYT,RUN,UT,1,17,3930,,0,1053,,G,,0,0,000000000,00000000000,0,0,0,1,0,0,0,0,0,0,0,998,0,0,0,12,12,9,1,8,0,0,0,1,34,8817,6,1,0,0,3,3,70,999,0,0,0,0,0,0,0,0,0,0,86,0,0,0,1,2,35,1,1,2,1,0,0,1,80,1,1,1,13,0,0
34,340526,1,1,1,30,10,15,50,30,0,1,0,34,2,20,2,20002,4,2005,2G1WF52E0591,2,G,1,W,F,5,2,E,0,5,9,1,0,P,CHEV,IMP,4D,5,17,3389,,0,1105,,G,,0,0,000000000,00000000000,0,0,0,1,0,0,0,0,0,0,0,998,0,0,0,12,12,9,2,30,0,0,0,1,34,7080,6,1,0,0,3,0,65,999,0,0,0,0,0,0,0,0,0,0,0,0,0,0,1,2,25,4,1,2,1,0,0,14,13,1,1,4,1,1,0
34,340527,1,1,1,14,9,17,1,8,0,1,0,34,1,20,461,20461,21,1994,1GNEG25H6RF1,1,G,N,E,G,2,5,H,6,R,F,1,0,P,CHEV,SPT,SV,94,17,4625,,0,1250,,G,,0,0,000000000,00000000000,0,0,0,1,0,0,0,0,0,0,0,998,0,0,0,12,12,9,2,8,0,0,0,1,34,8701,6,1,0,0,3,3,69,999,1,0,0,0,0,12,2009,12,2009,0,38,0,0,0,1,2,25,1,1,2,1,0,0,1,80,1,1,1,13,0,0
34,340528,1,2,2,30,12,23,27,12,7,1,0,34,1,34,35,34035,4,2000,WBADM6349YGU,W,B,A,D,M,6,3,4,9,Y,G,U,0,P,BMW,52A,4D,0,17,3549,,0,1114,,G,,0,0,000000000,00000000000,0,0,0,1,0,0,0,0,0,0,0,998,0,1,1,1,13,6,2,1,0,0,0,1,34,7013,6,1,6,0,3,0,67,999,1,0,0,0,3,2,2008,1,2010,0,38,0,0,0,3,5,65,4,2,2,1,0,0,14,50,1,1,1,48,1,1
34,340528,2,2,0,30,12,23,27,12,7,1,0,34,3,84,881,84881,62,2007,1HTMMAAM17H3,1,H,T,M,M,A,A,M,1,7,H,3,1,T,INTL,430,CC,7,17,,6,0,0,40S,D,,1,57,1138841,571138841,2,1,3,1,0,0,0,0,0,0,0,0,0,0,0,7,7,2,1,12,0,0,0,0,,,,,,,,,999,,,,,,,,,,,,20,0,0,0,3,5,65,4,2,2,1,0,0,0,53,0,0,0,48,0,0
34,340529,1,1,1,5,12,5,16,35,0,1,0,42,2,41,47,41047,4,1999,JM1TA2214X15,J,M,1,T,A,2,2,1,4,X,1,5,0,P,MAZD,MIL,4D,99,17,3241,,0,1083,,G,,0,0,000000000,00000000000,0,0,0,1,0,0,0,0,0,0,0,999,0,1,6,14,6,6,2,42,0,0,0,1,34,8865,1,1,0,0,2,0,68,999,0,5,1,3,5,4,2008,11,2010,1,36,92,0,0,3,3,65,1,1,2,1,0,0,1,6,3,3,4,2,1,1
34,340530,1,1,1,13,12,19,47,8,0,1,0,34,1,12,401,12401,14,1997,1FMDU34E7VUB,1,F,M,D,U,3,4,E,7,V,U,B,0,P,FORD,EPR,UT,97,17,4166,,0,1115,,G,,0,0,000000000,00000000000,0,0,0,1,0,0,0,0,0,0,0,999,0,0,0,11,11,4,3,8,0,0,0,1,34,8753,6,1,0,0,3,0,69,999,0,0,0,0,2,7,2009,12,2009,0,0,0,0,0,2,3,50,1,1,2,1,0,0,1,80,9,1,2,13,0,0
34,340531,1,1,2,9,12,1,40,42,0,1,0,34,1,30,40,30040,4,2002,3VWSB69M12M0,3,V,W,S,B,6,9,M,1,2,M,0,0,P,VOLK,JGS,4D,2,17,2833,,0,989,,G,,0,0,000000000,00000000000,0,0,0,1,0,0,0,0,0,0,0,999,0,0,0,4,4,6,2,42,0,0,0,1,34,8724,1,1,0,0,2,0,72,999,1,1,0,1,1,1,2008,9,2010,1,36,0,0,0,1,2,45,2,1,2,1,0,0,14,6,8,4,4,2,1,1
34,340532,1,3,1,1,11,13,30,12,6,1,0,42,3,51,47,51047,4,2006,YV1RS5928625,Y,V,1,R,S,5,9,2,8,6,2,5,0,P,VOLV,S6F,4D,6,17,3393,,0,1069,,G,,0,0,000000000,00000000000,0,0,0,1,0,0,0,0,0,0,0,999,0,0,0,1,1,6,2,12,0,0,0,1,34,8077,6,1,0,0,3,0,64,165,1,0,0,0,1,7,2009,7,2009,0,39,48,0,0,1,2,45,1,1,2,1,3,3,11,54,1,1,3,68,1,0
34,340532,2,3,1,1,11,13,30,12,6,1,0,34,1,12,473,12473,30,2004,1FMZU72K54UA,1,F,M,Z,U,7,2,K,5,4,U,A,0,P,FORD,EPR,UT,4,17,4469,,0,1137,,F,,0,0,000000000,00000000000,0,0,0,1,0,0,0,0,0,0,0,999,0,0,0,12,12,6,2,12,0,0,0,1,34,8002,6,1,0,0,3,0,74,999,0,0,0,0,0,0,0,0,0,0,0,0,0,0,1,2,45,1,1,2,1,3,3,1,62,1,1,2,69,0,0
34,340532,3,3,1,1,11,13,30,12,6,1,0,34,2,6,43,6043,4,2007,1C3LC66M07N5,1,C,3,L,C,6,6,M,0,7,N,5,0,P,CHRY,SLT,4D,7,17,3413,,0,1089,,G,,0,0,000000000,00000000000,0,0,0,1,0,0,0,0,0,0,0,999,0,0,0,12,12,6,2,12,0,0,0,1,34,8054,6,1,0,0,3,0,74,999,0,0,0,0,0,0,0,0,0,0,0,0,0,0,1,2,45,1,1,2,1,3,3,1,61,1,1,1,98,0,0
34,340533,1,1,1,19,11,18,51,8,0,1,0,34,3,84,881,84881,66,2007,1HSHWAHN97J4,1,H,S,H,W,A,H,N,9,7,J,4,1,T,INTL,860,DS,7,17,,7,0,0,80S,D,,1,88,888888888,88888888888,3,6,1,1,0,0,0,0,0,0,0,999,0,0,0,12,12,2,3,8,0,0,0,1,34,8021,6,1,6,9,3,0,71,999,0,0,0,0,1,12,2009,12,2009,0,0,0,0,0,1,4,45,1,2,1,1,3,3,1,80,1,1,1,13,0,0
34,340534,1,1,1,25,10,14,42,35,0,1,0,34,1,35,47,35047,4,2009,1N4AL21E19N5,1,N,4,A,L,2,1,E,1,9,N,5,0,P,NISS,ATS,4D,9,17,3179,,0,1093,,G,,0,0,000000000,00000000000,0,0,0,1,0,0,0,0,0,0,0,999,0,1,1,2,9,6,2,30,0,0,0,1,34,8852,6,1,0,0,3,0,74,176,2,0,0,0,2,4,2008,6,2010,1,58,28,84,0,1,2,30,1,2,2,1,0,0,17,51,3,4,4,2,1,0
34,340535,1,2,1,20,12,18,58,12,2,1,0,34,2,49,40,49040,4,2000,4T1BG22K1YU7,4,T,1,B,G,2,2,K,1,Y,U,7,0,P,TOYT,UEX,4D,0,17,2998,,0,1051,,G,,0,0,000000000,00000000000,0,0,0,1,0,0,0,0,0,0,0,999,0,0,0,12,12,6,2,12,0,0,0,1,34,8015,6,1,0,0,3,0,72,999,1,0,0,0,0,10,2009,10,2009,0,28,0,0,0,1,2,50,1,1,2,1,0,0,1,10,1,1,2,50,1,0
34,340535,2,2,4,20,12,18,58,12,2,1,0,12,1,7,482,7482,31,2008,3D7MX48A18G2,3,D,7,M,X,4,8,A,1,8,G,2,0,T,DODG,SQ3,CW,8,17,,3,0,1600,RPC,D,,0,0,000000000,00000000000,0,0,0,1,0,0,0,0,0,0,0,999,0,0,0,12,12,6,2,12,0,0,0,1,12,32162,6,1,0,0,3,0,68,999,0,0,0,0,0,0,0,0,0,0,0,0,0,0,1,2,50,1,1,2,1,0,0,1,62,7,1,2,51,0,0
34,340536,1,1,2,7,9,0,32,1,0,1,0,42,2,37,709,37709,80,2008,JH2PC40038M1,J,H,2,P,C,4,0,0,3,8,M,1,0,M,HOND,B60,RS,8,17,,,,,,,599,0,0,000000000,00000000000,0,0,0,1,0,0,0,0,0,0,0,100,0,0,0,0,12,6,2,40,0,0,0,1,34,8859,6,1,6,0,3,0,73,999,3,0,0,0,1,10,2007,9,2010,1,36,28,0,0,3,2,50,3,1,2,1,0,0,14,6,3,1,1,98,1,1
34,340537,1,2,2,1,10,21,57,12,2,1,0,34,1,7,442,7442,20,1999,2B4GP2439XR4,2,B,4,G,P,2,4,3,9,X,R,4,0,P,DODG,CAR,SV,99,17,3686,,0,1193,,G,,0,0,000000000,00000000000,0,0,0,1,0,0,0,0,0,0,0,998,0,0,0,12,12,9,2,12,0,0,0,1,34,8089,6,1,0,0,3,0,67,999,0,0,1,0,2,3,2009,2,2010,0,0,0,0,0,2,4,50,1,1,2,1,0,0,1,62,1,1,1,51,1,0
34,340537,2,2,2,1,10,21,57,12,2,1,0,42,2,24,401,24401,14,2005,5GZCZ43D95S8,5,G,Z,C,Z,4,3,D,9,5,S,8,0,P,STRN,VUE,UT,5,17,3430,,0,1066,,G,,0,0,000000000,00000000000,0,0,0,1,0,0,0,0,0,0,0,998,0,0,0,12,12,9,2,12,0,0,0,1,42,19138,6,2,0,0,3,0,66,999,0,0,0,0,0,0,0,0,0,1,36,35,0,0,2,4,50,1,1,2,1,0,0,6,6,1,1,2,50,0,1
34,340538,1,1,1,16,6,12,29,8,0,1,0,34,2,9,19,9019,4,1990,1P3XA46K7LF8,1,P,3,X,A,4,6,K,7,L,F,8,0,P,PLYM,ACC,4D,90,17,2711,,0,1033,,G,,0,0,000000000,00000000000,0,0,0,1,0,0,0,0,0,0,0,999,0,0,0,12,12,9,3,8,0,0,0,1,34,7407,6,1,0,0,3,0,67,999,0,0,0,0,0,0,0,0,0,0,38,0,0,0,1,2,25,1,1,2,1,3,3,1,80,1,1,1,13,0,0
34,340539,1,2,1,14,8,20,32,12,6,1,0,34,1,12,481,12481,31,2000,1FTNX21L6YEA,1,F,T,N,X,2,1,L,6,Y,E,A,0,T,FORD,F2S,4C,0,17,,2,1580,1418,SRW,G,,0,0,000000000,00000000000,0,0,0,1,0,0,0,0,0,0,0,998,0,0,0,3,3,6,2,12,0,0,0,1,34,7050,6,1,0,0,3,0,65,999,0,2,0,0,4,12,2007,4,2010,0,0,0,0,0,1,2,25,1,1,2,1,3,3,11,15,1,1,1,76,0,0
34,340539,2,2,1,14,8,20,32,12,6,1,0,34,1,73,706,73706,80,2000,JKAZX2E10YA0,J,K,A,Z,X,2,E,1,0,Y,A,0,0,M,KAWK,Z9E,RS,0,17,,,,,,,900,0,0,000000000,00000000000,0,0,0,1,0,0,0,0,0,0,0,998,0,0,0,12,12,6,2,12,0,0,0,1,34,7050,6,1,0,0,3,0,75,999,1,0,0,0,0,7,2009,7,2009,0,0,0,0,0,1,2,25,1,1,2,1,3,3,1,65,1,1,1,77,1,0
34,340540,1,1,1,28,11,0,11,25,0,1,0,34,2,35,43,35043,4,2004,3N1AB51A04L7,3,N,1,A,B,5,1,A,0,4,L,7,0,P,NISS,S25,4D,4,17,2584,,0,998,,G,,0,0,000000000,00000000000,0,0,0,1,0,0,0,0,0,0,0,999,0,1,5,1,1,6,2,1,0,0,0,1,34,7405,6,1,0,0,3,0,69,999,2,0,0,1,3,10,2008,5,2009,1,0,0,0,0,1,2,35,4,1,2,1,0,0,14,6,4,1,4,1,1,1
34,340541,1,2,1,9,11,23,6,35,0,1,0,34,1,52,46,52046,4,2010,JA32W8FV5AU0,J,A,3,2,W,8,F,V,5,A,U,0,0,P,MITS,LEG,4D,10,17,3517,,0,1043,,G,,0,0,000000000,00000000000,0,0,0,1,0,0,0,0,0,0,0,999,0,0,0,11,7,6,2,12,0,0,0,1,34,7480,6,1,0,0,3,3,69,176,0,0,0,1,4,5,2008,8,2010,1,36,0,0,0,3,2,40,3,2,2,1,0,0,14,13,1,1,4,1,1,0
34,340541,2,2,2,9,11,23,6,35,0,1,0,34,1,12,3,12003,2,1988,1FABP42E7JF1,1,F,A,B,P,4,2,E,7,J,F,1,0,P,FORD,MGT,2H,88,17,3193,,0,1004,,G,,0,0,000000000,00000000000,0,0,0,1,0,0,0,0,0,0,0,999,0,0,0,1,1,6,2,12,0,0,0,1,34,7480,6,1,0,0,3,0,67,999,0,3,0,0,3,3,2009,9,2010,1,36,0,0,0,3,2,40,3,2,2,1,0,0,14,61,1,1,1,98,0,1
34,340542,1,1,2,1,12,9,38,16,0,1,0,34,3,13,1,13001,4,2007,1LNHM84W37Y6,1,L,N,H,M,8,4,W,3,7,Y,6,0,P,LINC,EXL,4D,7,17,4518,,0,1237,,G,,0,0,000000000,00000000000,0,0,0,1,0,0,0,0,0,0,0,998,0,0,0,0,13,6,2,16,0,0,0,1,34,7480,6,1,6,0,3,0,72,999,0,0,0,0,1,3,2009,3,2009,0,0,0,0,0,1,2,45,2,1,2,2,0,0,14,98,1,1,1,0,1,0
34,340544,1,1,1,16,9,11,0,8,0,1,0,34,3,12,16,12016,4,2003,2FAFP71W73X2,2,F,A,F,P,7,1,W,7,3,X,2,0,P,FORD,CVP,4D,3,17,3946,,0,1147,,G,,0,0,000000000,00000000000,0,0,0,1,0,0,0,0,0,1,0,998,0,0,0,12,12,9,2,8,0,0,0,1,34,7306,6,1,0,0,3,0,69,999,1,1,0,0,2,6,2008,2,2010,0,0,0,0,0,1,3,25,1,1,2,1,0,0,1,80,1,1,1,13,0,0
34,340545,1,1,3,6,8,21,17,8,0,1,0,34,2,34,34,34034,4,2005,WBAEW53495PN,W,B,A,E,W,5,3,4,9,5,P,N,0,P,BMW,33X,4D,5,17,3483,,0,1073,,G,,0,0,000000000,00000000000,0,0,0,1,0,0,0,0,0,0,0,998,0,0,0,12,12,9,2,8,0,0,0,1,36,11203,6,1,0,0,3,0,73,999,0,0,0,0,0,0,0,0,0,0,0,0,0,0,3,2,40,1,1,2,1,3,3,1,80,7,1,1,13,0,0
34,340546,1,1,1,24,7,23,49,1,0,1,0,34,2,18,3,18003,4,1993,1G4CW53LXP16,1,G,4,C,W,5,3,L,X,P,1,6,0,P,BUIC,PKA,4D,93,17,3441,,0,1108,,G,,0,0,000000000,00000000000,0,0,0,1,0,0,0,0,0,0,0,998,0,9,9,0,13,6,2,1,0,0,0,1,12,32907,6,1,0,0,3,0,65,999,0,0,0,0,0,0,0,0,0,9,99,99,99,99,1,2,25,1,1,2,1,0,0,99,99,99,9,9,98,1,0
34,340547,1,3,1,14,12,9,32,12,1,1,0,34,1,98,808,98808,61,2005,JNAUZ51J25A5,J,N,A,U,Z,5,1,J,2,5,A,5,0,T,UD,U14,TB,5,17,,4,0,0,UDS,D,,0,88,888888888,88888888888,2,1,1,1,0,0,0,0,0,0,0,998,7,0,0,12,12,9,1,12,0,0,0,1,34,8807,6,1,6,9,8,0,70,999,2,0,0,0,2,5,2008,10,2009,0,36,92,0,0,1,2,45,1,1,2,1,0,0,3,51,1,1,1,24,0,0