STATE,ST_CASE,VEH_NO,VE_FORMS,NUMOCCS,DAY,MONTH,HOUR,MINUTE,HARM_EV,MAN_COLL,UNITTYPE,HIT_RUN,REG_STAT,OWNER,MAKE,MODEL,MAK_MOD,BODY_TYP,MOD_YEAR,VIN,VIN_1,VIN_2,VIN_3,VIN_4,VIN_5,VIN_6,VIN_7,VIN_8,VIN_9,VIN_10,VIN_11,VIN_12,TOW_VEH,VINTYPE,VINMAKE,VINA_MOD,VIN_BT,VINMODYR,VIN_LNGT,VIN_WGT,WGTCD_TR,WHLBS_LG,WHLBS_SH,SER_TR,FUELCODE,MCYCL_DS,J_KNIFE,MCARR_I1,MCARR_I2,MCARR_ID,GVWR,V_CONFIG,CARGO_BT,HAZ_INV,HAZ_PLAC,HAZ_ID,HAZ_CNO,HAZ_REL,BUS_USE,SPEC_USE,EMER_USE,TRAV_SP,UNDERIDE,ROLLOVER,ROLINLOC,IMPACT1,IMPACT2,DEFORMED,TOWED,M_HARM,VEH_SC1,VEH_SC2,FIRE_EXP,DR_PRES,L_STATE,DR_ZIP,L_STATUS,L_TYPE,CDL_STAT,L_ENDORS,L_COMPL,L_RESTRI,DR_HGT,DR_WGT,PREV_ACC,PREV_SUS,PREV_DWI,PREV_SPD,PREV_OTH,FIRST_MO,FIRST_YR,LAST_MO,LAST_YR,SPEEDREL,DR_SF1,DR_SF2,DR_SF3,DR_SF4,VTRAFWAY,VNUM_LAN,VSPD_LIM,VALIGN,VPROFILE,VPAVETYP,VSURCOND,VTRAFCON,VTCONT_F,P_CRASH1,P_CRASH2,P_CRASH3,PCRASH4,PCRASH5,ACC_TYPE,DEATHS,DR_DRINK
35,350029,1,1,3,24,2,6,37,34,0,1,1,35,2,20,482,20482,31,2003,3GNEC13TX3G3,3,G,N,E,C,1,3,T,X,3,G,3,0,T,CHEV,CAV,CW,3,17,,2,0,1300,AVL,G,,0,0,000000000,00000000000,0,0,0,1,0,0,0,0,0,0,0,98,0,1,6,12,13,6,2,1,0,0,0,1,35,87105,0,0,0,0,0,0,66,165,98,0,0,0,0,0,0,0,0,0,36,91,0,0,1,2,25,1,2,4,8,0,0,1,13,3,9,4,2,1,1
35,350030,1,3,1,26,2,13,42,12,1,1,0,35,1,23,471,23471,30,1998,1GTCS19W4W85,1,G,T,C,S,1,9,W,4,W,8,5,0,T,GMC,SON,PC,98,17,,1,0,1229,SON,G,,0,0,000000000,00000000000,0,0,0,1,0,0,0,0,0,0,0,98,0,0,0,6,6,2,1,12,0,0,0,1,35,87068,6,1,0,0,3,0,66,145,98,0,0,0,1,7,2009,7,2009,0,0,0,0,0,3,4,65,1,1,2,1,0,0,1,53,1,1,1,25,0,0
35,350030,2,3,1,26,2,13,42,12,1,1,0,95,3,51,881,51881,66,2007,4V4NC9GH27N4,4,V,4,N,C,9,G,H,2,7,N,4,1,T,VOLV,VNL,DS,7,17,,8,0,0,VVN,D,,1,57,432826,57432826,3,6,97,1,0,0,0,0,0,0,0,98,7,0,0,4,4,6,2,12,0,0,0,1,95,0,6,1,6,1,3,1,999,999,99,99,99,99,99,99,9999,99,9999,0,0,0,0,0,3,4,65,1,1,2,1,0,0,1,61,1,1,1,98,0,0
35,350030,3,3,1,26,2,13,42,12,1,1,0,35,1,49,33,49033,2,2000,JTDDR32T0Y00,J,T,D,D,R,3,2,T,0,Y,0,0,0,P,TOYT,CGF,2H,0,17,2425,,0,1023,,G,,0,0,000000000,00000000000,0,0,0,1,0,0,0,0,0,0,0,98,3,0,0,12,12,6,2,12,0,0,0,1,35,87544,6,1,0,0,3,0,68,130,98,0,0,0,1,3,2007,4,2008,1,38,0,0,0,3,4,65,1,1,2,1,0,0,1,51,1,1,1,24,1,0
35,350031,1,1,3,1,3,3,54,26,0,1,0,35,2,41,35,41035,4,1994,999999999999,9,9,9,9,9,9,9,9,9,9,9,9,0,U,,,,9,17,,,,,,,,0,0,000000000,00000000000,0,0,0,1,0,0,0,0,0,0,0,98,0,1,1,12,13,6,2,1,0,0,0,1,35,88001,6,1,0,0,3,0,65,135,98,1,0,0,1,6,2009,6,2009,0,91,36,0,0,3,2,55,1,1,2,1,98,3,1,87,6,1,4,8,1,1
35,350032,1,1,1,16,3,20,30,38,0,1,0,35,2,49,32,49032,4,1989,1NXAE92E2KZ0,1,N,X,A,E,9,2,E,2,K,Z,0,0,P,TOYT,CDF,4D,89,17,0,,0,957,,G,,0,0,000000000,00000000000,0,0,0,1,0,0,0,0,0,0,0,98,0,1,1,98,12,6,2,1,0,0,0,1,35,88130,6,1,0,0,3,0,64,145,98,0,0,0,3,6,2008,10,2009,1,36,0,0,0,2,2,55,2,1,2,1,0,0,14,13,7,3,4,2,1,1
35,350033,1,1,1,21,3,14,40,24,0,1,0,35,2,53,706,53706,80,2000,JS1VT52A1Y21,J,S,1,V,T,5,2,A,1,Y,2,1,0,M,SUZI,TLR,RS,0,17,,,,,,,996,0,0,000000000,00000000000,0,0,0,1,0,0,0,0,0,0,0,98,0,0,0,12,12,6,2,24,0,0,0,1,6,92703,6,1,0,0,3,0,69,200,0,0,0,0,0,0,0,0,0,1,36,34,0,0,1,2,55,2,1,2,1,28,3,6,6,1,9,4,1,1,0
35,350034,1,1,1,20,3,7,0,38,0,1,0,35,2,12,35,12035,4,1996,1FALP6531TK1,1,F,A,L,P,6,5,3,1,T,K,1,0,P,FORD,CGS,4D,96,17,2773,,0,1065,,G,,0,0,000000000,00000000000,0,0,0,1,0,0,0,0,0,0,0,98,0,1,6,98,13,6,2,1,0,0,0,1,35,88240,6,1,0,0,3,0,69,150,98,0,0,0,1,5,2009,5,2009,0,0,0,0,0,2,2,65,1,1,2,1,0,0,1,13,1,1,4,1,1,1
35,350035,1,1,1,22,3,16,49,35,0,1,0,35,1,63,32,63032,4,2007,KNADE1237762,K,N,A,D,E,1,2,3,7,7,6,2,0,P,KIA,RBL,4D,7,17,2365,,0,984,,G,,0,0,000000000,00000000000,0,0,0,1,0,0,0,0,0,0,0,98,0,0,0,98,61,6,2,9,0,0,0,1,35,87110,6,1,0,0,3,0,62,100,98,0,0,0,0,0,0,0,0,1,0,0,0,0,1,3,60,2,1,2,1,0,0,6,9,7,4,4,7,0,0
35,350036,1,2,1,16,4,23,49,12,6,1,0,35,1,37,705,37705,80,1987,1HFRC1900HA3,1,H,F,R,C,1,9,0,0,H,A,3,0,M,HOND,V70,RS,87,17,,,,,,,700,0,0,000000000,00000000000,0,0,0,1,0,0,0,0,0,0,0,98,0,0,0,12,12,6,2,12,0,0,0,1,35,88240,6,1,0,0,3,0,72,180,98,0,0,0,0,0,0,0,0,1,38,39,0,0,1,2,35,1,1,2,1,3,3,1,17,1,1,1,88,1,1
35,350036,2,2,2,16,4,23,49,12,6,1,0,35,1,49,482,49482,31,2007,5TFBV54117X0,5,T,F,B,V,5,4,1,1,7,X,0,0,T,TOYT,DBS,CW,7,17,,2,0,1457,TUN,G,,0,0,000000000,00000000000,0,0,0,1,0,0,0,0,0,0,0,98,0,0,0,8,8,6,2,12,0,0,0,1,35,88240,6,1,0,0,3,0,69,250,98,1,0,0,4,7,2008,7,2008,0,0,0,0,0,1,2,35,1,1,2,1,3,3,1,66,1,1,1,89,0,0
35,350037,1,2,2,7,5,20,46,33,0,1,0,35,1,20,481,20481,31,2004,1GCGK29U44Z1,1,G,C,G,K,2,9,U,4,4,Z,1,0,T,CHEV,SK2,4C,4,17,,2,1575,1435,SIL,G,,0,0,000000000,00000000000,0,0,0,1,0,0,0,0,0,0,0,98,0,0,0,12,12,6,2,12,0,0,0,1,35,87401,6,1,0,0,3,0,69,174,98,0,0,0,2,4,2009,8,2009,0,0,0,0,0,3,3,35,1,1,2,1,98,3,1,62,1,1,1,98,0,0
35,350037,2,2,1,7,5,20,46,33,0,1,0,35,2,12,481,12481,31,1985,1FTHF26G4FPA,1,F,T,H,F,2,6,G,4,F,P,A,0,T,FORD,F25,PK,85,17,,2,1550,1330,COF,G,,0,0,000000000,00000000000,0,0,0,1,0,0,0,0,0,0,0,98,0,1,5,14,98,6,2,12,0,0,0,1,35,87401,6,1,0,0,3,0,70,205,98,0,0,0,0,0,0,0,0,0,84,58,0,0,3,3,35,1,1,2,1,98,8,1,73,6,9,4,8,1,1
35,350038,1,1,1,30,5,19,12,1,0,1,0,35,1,55,33,55033,4,2004,KMHWF25H44A9,K,M,H,W,F,2,5,H,4,4,A,9,0,P,HYUN,SOL,4D,4,17,3181,,0,1063,,G,,0,0,000000000,00000000000,0,0,0,1,0,0,0,0,0,0,0,98,0,1,5,0,13,6,2,1,0,0,0,1,35,87103,6,1,0,0,3,0,61,115,98,1,0,0,3,4,2010,4,2010,1,0,0,0,0,2,2,75,1,2,2,1,0,0,1,13,9,9,4,2,1,1
35,350039,1,2,4,1,5,17,49,12,1,1,0,35,2,6,52,6052,6,2002,3C8FY68B12T3,3,C,8,F,Y,6,8,B,1,2,T,3,0,P,CHRY,PTC,SV,2,17,3119,,0,1033,,G,,0,0,000000000,00000000000,0,0,0,1,0,0,0,0,0,0,0,98,0,1,1,6,6,6,2,12,0,0,0,1,35,88030,6,1,0,0,3,0,63,200,98,0,0,0,3,3,2008,3,2008,0,0,0,0,0,2,2,55,1,1,2,1,98,3,11,53,1,1,2,25,0,0
35,350039,2,2,2,1,5,17,49,12,1,1,0,35,2,35,43,35043,4,1992,1N4EB31P8NC7,1,N,4,E,B,3,1,P,8,N,C,7,0,P,NISS,SEN,4D,92,17,2266,,0,956,,G,,0,0,000000000,00000000000,0,0,0,1,0,0,0,0,0,0,0,98,0,0,0,12,12,6,2,12,0,0,0,1,35,88030,6,1,0,0,3,0,62,170,98,0,0,0,1,5,2009,5,2009,0,92,26,0,0,1,2,55,1,1,2,1,98,3,1,51,7,1,1,24,1,0
35,350040,1,1,2,15,1,16,20,42,0,1,0,35,1,12,481,12481,31,2006,1FTPW14546KB,1,F,T,P,W,1,4,5,4,6,K,B,0,T,FORD,F1S,CW,6,17,,2,1500,1390,COF,G,,0,0,000000000,00000000000,0,0,0,1,0,0,0,0,0,0,0,98,0,1,2,98,13,6,2,1,0,0,0,1,35,87901,6,1,0,0,3,0,67,145,98,0,0,0,1,1,2008,1,2008,1,58,0,0,0,2,2,45,1,1,2,1,0,0,1,6,6,3,4,2,1,1
35,350041,1,1,1,4,2,21,45,8,0,1,1,99,9,99,999,99999,99,9999,999999999999,9,9,9,9,9,9,9,9,9,9,9,9,9,U,,,,9,17,,,,,,,,0,99,999999999,99999999999,9,99,99,1,0,0,0,0,99,99,9,999,0,0,0,12,12,9,1,8,99,99,0,1,99,99999,9,9,99,9,9,9,999,999,99,99,99,99,99,99,9999,99,9999,0,0,0,0,0,2,2,30,1,1,2,1,0,0,1,80,99,1,1,13,0,0
35,350042,1,2,1,5,5,20,22,12,6,1,0,35,2,12,37,12037,4,2003,1FAFP33P93W2,1,F,A,F,P,3,3,P,9,3,W,2,0,P,FORD,FOX,4D,3,17,2564,,0,1030,,G,,0,0,000000000,00000000000,0,0,0,1,0,0,0,0,0,0,0,98,0,0,0,8,8,6,2,12,0,0,0,1,35,88101,6,1,0,0,3,0,65,165,98,0,0,0,0,0,0,0,0,0,38,39,0,0,2,2,65,1,1,2,1,0,0,11,15,1,1,1,82,1,0
35,350042,2,2,1,5,5,20,22,12,6,1,0,35,1,7,482,7482,31,2001,3B7HC13Y71G7,3,B,7,H,C,1,3,Y,7,1,G,7,0,T,DODG,Q15,4C,1,17,,2,1547,1387,RPC,G,,0,0,000000000,00000000000,0,0,0,1,0,0,0,0,0,0,0,98,0,0,0,12,12,6,2,12,0,0,0,1,35,88001,6,1,0,0,3,0,72,155,98,0,0,0,3,1,2009,3,2009,0,0,0,0,0,1,2,65,1,1,2,1,0,0,1,66,3,2,1,83,0,0
35,350044,1,1,2,7,5,8,23,8,0,1,0,35,2,12,4,12004,2,1994,1FALP62W2RH1,1,F,A,L,P,6,2,W,2,R,H,1,0,P,FORD,THL,2D,94,17,3570,,0,1130,,G,,0,0,000000000,00000000000,0,0,0,1,0,0,0,0,0,0,0,98,0,0,0,1,12,6,2,8,0,0,0,1,35,88061,6,1,0,0,3,0,36,265,98,0,0,0,1,4,2008,6,2008,0,0,0,0,0,2,2,55,1,1,2,1,0,0,1,80,1,1,2,13,0,0
35,350045,1,1,4,7,5,19,50,1,0,1,0,35,2,22,18,22018,2,2003,1G2NV12E83C2,1,G,2,N,V,1,2,E,8,3,C,2,0,P,PONT,GT1,CP,3,17,3118,,0,1070,,G,,0,0,000000000,00000000000,0,0,0,1,0,0,0,0,0,0,0,98,0,1,5,0,13,6,2,1,0,0,0,1,35,88260,6,1,0,0,3,0,64,180,98,0,0,0,1,5,2010,5,2010,0,58,36,0,0,2,2,65,1,1,2,1,0,0,1,13,1,4,4,2,1,0
35,350046,1,1,1,7,5,20,45,59,0,1,0,35,1,20,1,20001,2,1967,CS147Z143910,C,S,1,4,7,Z,1,4,3,9,1,0,0,P,,,,,,,,,,,,,0,0,000000000,00000000000,0,0,0,1,0,0,0,0,0,0,0,98,0,1,6,12,13,6,2,1,0,0,0,1,35,88023,6,1,0,0,3,0,75,195,98,0,0,0,1,1,2009,1,2009,0,58,0,0,0,3,2,55,1,2,2,1,0,0,1,12,2,9,4,6,1,1
35,350047,1,1,3,15,5,12,25,1,0,1,0,35,2,34,34,34034,4,1997,WBACC0324VEK,W,B,A,C,C,0,3,2,4,V,E,K,0,P,BMW,31A,4D,97,17,3064,,0,1063,,G,,0,0,000000000,00000000000,0,0,0,1,0,0,0,0,0,0,0,98,0,1,5,0,13,6,2,1,0,0,0,1,35,88240,6,1,0,0,3,0,69,135,98,0,0,0,1,3,2008,9,2009,1,58,0,0,0,2,2,65,1,1,2,1,0,0,1,13,4,2,4,2,2,1
35,350048,1,1,3,13,5,8,59,32,0,1,0,48,3,20,881,20881,61,2004,1GBJ7E1E44F5,1,G,B,J,7,E,1,E,4,4,F,5,0,T,CHEV,C7E,CH,4,17,,6,2600,1940,C75,G,,0,57,1283795,571283795,2,1,3,1,0,0,0,0,0,0,0,98,0,1,1,12,13,6,2,1,0,0,0,1,48,79347,6,1,0,0,3,0,66,185,0,0,0,1,0,3,2008,3,2008,1,0,0,0,0,2,2,55,1,1,2,1,0,0,1,13,6,9,4,2,1,0
35,350049,1,1,1,16,5,0,30,31,0,1,0,35,2,98,734,98734,90,2006,4XAMH50A16A9,4,X,A,M,H,5,0,A,1,6,A,9,0,M,POL,SP0,AT,6,17,,,,,,,499,0,0,000000000,00000000000,0,0,0,1,0,0,0,0,0,0,0,98,0,1,4,81,81,2,1,31,0,0,0,1,35,88350,6,1,0,0,3,0,65,130,98,0,0,0,0,0,0,0,0,0,0,0,0,0,1,2,15,1,2,2,8,21,3,1,13,1,1,4,1,1,1
35,350050,1,1,2,27,2,18,3,38,0,1,0,35,2,69,54,69054,3,2008,WMWMF735X8TT,W,M,W,M,F,7,3,5,X,8,T,T,0,P,MNNI,COS,2H,8,17,2634,,0,971,,G,,0,0,000000000,00000000000,0,0,0,1,0,0,0,0,0,0,0,95,0,1,6,12,14,6,2,1,0,0,0,1,35,87047,6,1,0,0,3,0,68,145,98,1,0,0,0,7,2007,7,2007,1,58,0,0,0,2,2,55,1,1,2,1,98,8,1,12,6,4,4,2,1,1
35,350051,1,2,2,6,3,18,53,12,6,1,0,4,1,7,482,7482,31,2003,3D7KA26D13G7,3,D,7,K,A,2,6,D,1,3,G,7,0,T,DODG,S25,PK,3,17,,2,0,1405,RPC,G,,0,0,000000000,00000000000,0,0,0,1,0,0,0,0,0,0,0,98,0,0,0,9,9,6,2,12,0,0,0,1,4,86510,6,1,0,0,3,1,72,238,0,0,0,0,0,0,0,0,0,0,38,0,0,0,2,2,55,1,2,2,2,20,3,11,15,1,1,1,68,1,0
35,350051,2,2,1,6,3,18,53,12,6,1,0,6,3,82,881,82881,66,1999,1FUYNWEB3XPA,1,F,U,Y,N,W,E,B,3,X,P,A,1,T,FRHT,FC1,DS,99,17,,8,0,0,CON,D,,1,57,012179,57012179,3,6,3,1,0,0,0,0,0,0,0,98,0,0,0,12,12,6,2,12,0,0,0,1,6,95963,6,1,6,1,3,1,67,175,0,0,0,0,2,3,2007,9,2009,0,0,0,0,0,1,2,55,1,2,2,2,20,3,1,71,3,1,2,69,0,0
35,350052,1,1,6,13,3,7,5,1,0,1,0,40,1,24,401,24401,14,2003,5GZCZ23D33S9,5,G,Z,C,Z,2,3,D,3,3,S,9,0,P,STRN,VUE,UT,3,17,3172,,0,1066,,G,,0,0,000000000,00000000000,0,0,0,1,0,0,0,0,0,0,0,98,0,1,3,0,13,6,2,1,0,0,0,1,19,50014,6,1,0,0,3,0,70,145,0,0,0,0,0,0,0,0,0,0,21,36,58,0,3,2,75,1,2,2,1,0,0,6,12,7,4,4,7,1,0
35,350053,1,1,4,12,3,1,49,1,0,1,0,48,1,41,402,41402,14,2005,4F2YZ02Z95KM,4,F,2,Y,Z,0,2,Z,9,5,K,M,0,P,MAZD,TRI,UT,5,17,3181,,0,1031,,G,,0,0,000000000,00000000000,0,0,0,1,0,0,0,0,0,0,0,98,0,1,3,0,13,6,2,1,0,0,0,1,17,62526,6,1,0,0,3,0,76,218,0,0,0,0,0,0,0,0,0,0,58,0,0,0,3,2,75,2,1,2,1,0,0,14,12,7,4,4,7,1,0
35,350054,1,3,3,2,4,11,57,12,6,1,0,35,1,12,13,12013,2,1995,1FASP1284SW2,1,F,A,S,P,1,2,8,4,S,W,2,0,P,FORD,EGT,2H,95,17,2459,,0,984,,G,,0,0,000000000,00000000000,0,0,0,1,0,0,0,0,0,0,0,98,0,1,1,1,12,6,2,12,0,0,0,1,35,87532,6,1,0,0,3,0,64,155,98,1,0,0,0,1,2008,9,2008,0,0,0,0,0,2,2,55,1,3,2,1,0,0,1,12,8,9,2,64,3,1
35,350054,2,3,2,2,4,11,57,12,6,1,0,34,1,37,402,37402,14,2006,JHLRD78566C0,J,H,L,R,D,7,8,5,6,6,C,0,0,P,HOND,CRV,UT,6,17,3428,,0,1033,,G,,0,0,000000000,00000000000,0,0,0,1,0,0,0,0,0,0,0,98,0,0,0,61,61,6,2,12,0,0,0,1,34,87544,6,1,0,0,3,0,71,188,0,0,0,0,0,0,0,0,0,0,0,0,0,0,2,2,55,1,3,2,1,0,0,1,62,1,1,1,65,0,0
35,350054,3,3,1,2,4,11,57,12,6,1,0,35,1,14,17,14017,4,1992,1MECM50U7NG6,1,M,E,C,M,5,0,U,7,N,G,6,0,P,MERC,SGS,4D,92,17,3147,,0,1060,,G,,0,0,000000000,00000000000,0,0,0,1,0,0,0,0,0,0,0,98,0,0,0,12,12,6,2,12,0,0,0,1,35,87506,6,1,0,0,3,0,67,160,98,0,0,0,1,10,2008,11,2008,0,0,0,0,0,2,2,55,1,3,2,1,0,0,1,62,1,1,1,98,0,0
35,350055,1,1,1,28,3,13,15,1,0,1,0,35,1,37,706,37706,80,2008,JH2SC59028M0,J,H,2,S,C,5,9,0,2,8,M,0,0,M,HOND,CBS,RC,8,17,,,,,,,998,0,0,000000000,00000000000,0,0,0,1,0,0,0,0,0,0,0,98,0,0,0,0,61,6,2,1,0,0,0,1,35,87121,6,1,0,0,3,0,69,230,98,0,0,0,0,0,0,0,0,1,0,0,0,0,2,2,25,1,1,2,1,0,0,1,78,3,2,1,98,1,0
35,350056,1,2,1,19,1,21,40,12,2,1,0,35,1,2,404,2404,14,1995,1J4GZ58SC515,1,J,4,G,Z,5,8,S,C,5,1,5,0,P,,,,,,,,,,,,,0,0,000000000,00000000000,0,0,0,1,0,0,0,0,0,0,0,98,0,0,0,12,12,6,2,12,0,0,0,1,35,87548,6,1,0,0,3,0,64,208,98,0,0,0,0,0,0,0,0,0,0,0,0,0,2,2,60,1,1,2,1,0,0,1,62,1,1,2,51,1,0
35,350056,2,2,1,19,1,21,40,12,2,1,0,35,2,55,38,55038,4,2002,KMHFU45E02A1,K,M,H,F,U,4,5,E,0,2,A,1,0,P,HYUN,XG5,4D,2,17,3651,,0,1083,,G,,0,0,000000000,00000000000,0,0,0,1,0,0,0,0,0,0,0,98,0,0,0,12,12,6,2,12,0,0,0,1,2,99686,6,1,99,9,9,9,999,999,99,99,99,99,99,99,9999,99,9999,0,0,0,0,0,2,2,60,1,1,2,1,0,0,1,10,1,1,2,50,1,1
35,350057,1,4,1,7,5,20,29,12,98,1,0,35,1,23,481,23481,31,2004,2GTEK13T2414,2,G,T,E,K,1,3,T,2,4,1,4,0,T,GMC,NK1,CW,4,17,,2,0,1435,SIE,G,,0,0,000000000,00000000000,0,0,0,1,0,0,0,0,0,0,0,98,0,1,1,98,12,6,2,12,0,0,0,1,35,88012,6,1,0,0,3,0,67,172,98,0,0,0,3,4,2008,4,2008,1,36,0,0,0,2,2,65,1,1,2,1,0,0,6,10,1,1,2,45,1,0
35,350057,2,4,1,7,5,20,29,12,98,1,0,35,1,6,51,6051,4,2004,2C3HE76K04H6,2,C,3,H,E,7,6,K,0,4,H,6,0,P,CHRY,30S,4D,4,17,3518,,0,1130,,G,,0,0,000000000,00000000000,0,0,0,1,0,0,0,0,0,0,0,98,0,0,0,98,12,6,2,12,0,0,0,1,35,88310,6,1,0,0,3,0,69,220,98,0,0,0,1,6,2009,7,2009,0,0,0,0,0,2,2,65,1,1,2,1,0,0,1,51,1,1,1,44,0,1
35,350057,3,4,2,7,5,20,29,12,98,1,0,35,1,12,481,12481,31,2002,1FTNW21L32EA,1,F,T,N,W,2,1,L,3,2,E,A,0,T,FORD,F2S,CW,2,17,,2,1724,1562,SRW,G,,0,0,000000000,00000000000,0,0,0,1,0,0,0,0,0,0,0,98,0,0,0,98,6,6,2,12,0,0,0,1,35,88011,6,1,0,0,3,0,71,300,98,0,0,0,0,0,0,0,0,0,0,0,0,0,2,2,65,1,1,2,1,0,0,1,62,1,1,2,98,1,0
35,350057,4,4,1,7,5,20,29,12,98,1,0,20,3,51,881,51881,66,2005,4V4NC9TG25N3,4,V,4,N,C,9,T,G,2,5,N,3,1,T,VOLV,VNL,DS,5,17,,8,0,0,VVN,D,,1,57,00541413,5700541413,3,6,1,1,0,0,0,0,0,0,0,98,0,0,0,12,12,6,2,12,0,0,0,1,29,64053,6,1,6,0,3,0,69,210,0,0,0,0,0,0,0,0,0,0,0,0,0,0,2,2,65,1,1,2,1,0,0,1,62,1,1,2,98,0,0
35,350058,1,3,1,21,1,23,45,12,2,1,0,35,2,12,481,12481,31,2001,3FTZF17211MA,3,F,T,Z,F,1,7,2,1,1,M,A,0,T,FORD,F15,PK,1,17,,1,1385,1199,COF,G,,0,0,000000000,00000000000,0,0,0,1,0,0,0,0,0,0,0,98,0,0,0,12,12,6,2,12,0,0,0,1,35,87109,6,1,0,0,3,0,67,150,98,0,0,0,3,6,2008,9,2008,0,0,0,0,0,2,2,65,1,2,2,1,0,0,1,10,1,1,2,50,1,0
35,350058,2,3,1,21,1,23,45,12,2,1,0,12,3,87,881,87881,66,1998,1XP5DR9X5WN4,1,X,P,5,D,R,9,X,5,W,N,4,1,T,PTRB,379,DS,98,17,,8,0,0,CON,D,,1,57,1208624,571208624,3,6,1,1,0,0,0,0,0,0,0,98,0,0,0,12,12,6,2,12,0,0,0,1,48,79407,6,1,6,2,3,0,65,158,0,0,0,0,0,0,0,0,0,0,0,0,0,0,2,2,65,1,2,2,1,0,0,1,62,1,1,2,51,0,0
35,350058,3,3,1,21,1,23,45,12,2,1,0,29,3,84,881,84881,66,2004,1HSHXAXR14J0,1,H,S,H,X,A,X,R,1,4,J,0,1,T,INTL,860,DS,4,17,,8,0,0,80S,D,,1,57,222024,57222024,3,6,1,1,0,0,0,0,0,0,0,98,0,1,5,12,12,6,2,12,0,0,0,1,48,79407,6,1,6,0,3,0,66,175,0,0,0,0,0,0,0,0,0,0,0,0,0,0,2,2,65,1,2,2,1,0,0,1,50,1,1,4,98,0,0
35,350059,1,1,2,29,1,23,0,43,0,1,0,35,2,7,482,7482,31,2003,3D7KU28663G7,3,D,7,K,U,2,8,6,6,3,G,7,0,T,DODG,SQ2,CW,3,17,,2,1605,1405,RPC,D,,0,0,000000000,00000000000,0,0,0,1,0,0,0,0,0,0,0,68,0,0,0,12,12,6,2,43,0,0,0,1,35,88260,6,1,0,0,3,0,62,108,98,0,0,0,3,9,2009,1,2010,1,39,0,0,0,1,2,55,1,1,2,1,20,3,1,17,1,1,4,14,1,1
35,350060,1,2,1,17,5,6,48,12,11,1,0,35,1,49,472,49472,30,2001,5TEGN92N01Z8,5,T,E,G,N,9,2,N,0,1,Z,8,0,T,TOYT,DCP,CW,1,17,,1,0,1219,TAC,G,,0,0,000000000,00000000000,0,0,0,1,0,0,0,0,0,0,0,98,3,0,0,12,12,6,2,12,0,0,0,1,35,87105,6,1,0,0,3,0,64,138,98,0,0,0,0,0,0,0,0,0,0,0,0,0,2,2,75,1,1,2,1,0,0,1,62,1,1,2,98,1,0
35,350060,2,2,1,17,5,6,48,12,11,1,0,35,2,22,32,22032,6,2006,5Y2SM65816Z4,5,Y,2,S,M,6,5,8,1,6,Z,4,0,P,PONT,VA4,4H,6,17,2980,,0,1024,,G,,0,0,000000000,00000000000,0,0,0,1,0,0,0,0,0,0,0,98,7,0,0,14,14,6,2,12,0,0,0,1,35,87328,6,1,0,0,3,0,64,155,98,0,0,0,0,0,0,0,0,0,36,92,0,0,2,2,75,1,1,2,1,0,0,1,12,99,1,4,98,0,0
35,350061,1,1,1,24,5,14,32,1,0,1,0,35,1,20,37,20037,4,2006,1G1ZT53846F2,1,G,1,Z,T,5,3,8,4,6,F,2,0,P,CHEV,MLT,4D,6,17,3316,,0,1063,,G,,0,0,000000000,00000000000,0,0,0,1,0,0,0,0,0,0,0,98,0,1,3,0,13,6,2,1,0,0,0,1,35,87504,6,1,0,0,3,0,65,180,98,0,0,0,0,0,0,0,0,0,0,0,0,0,2,2,75,1,1,2,1,0,0,1,11,7,3,4,7,1,0
35,350062,1,2,1,27,5,9,33,12,2,1,0,48,3,87,881,87881,66,2005,1XPGDB9X05N8,1,X,P,G,D,B,9,X,0,5,N,8,1,T,PTRB,385,DS,5,17,,8,0,0,CON,D,,1,57,2006273,572006273,3,6,97,1,0,0,0,0,0,0,0,98,0,0,0,12,12,6,2,12,0,0,0,1,48,79702,6,1,6,0,3,0,68,194,0,0,0,0,0,0,0,0,0,0,0,0,0,0,1,2,55,1,1,2,1,0,0,1,62,7,1,2,51,0,0
35,350062,2,2,1,27,5,9,33,12,2,1,0,48,3,23,481,23481,31,2007,1GTHK23D17F1,1,G,T,H,K,2,3,D,1,7,F,1,0,T,GMC,2KH,CW,7,17,,2,1670,1530,SIE,D,,0,0,000000000,00000000000,0,0,0,1,0,0,0,0,0,0,0,98,0,0,0,12,12,6,2,12,0,0,0,1,48,79763,6,1,0,0,3,0,70,190,0,0,0,0,0,0,0,0,0,0,0,0,0,0,2,2,55,1,1,2,1,0,0,1,10,2,2,2,50,1,0
35,350063,1,2,1,29,3,20,31,12,6,1,0,35,2,73,706,73706,80,2006,JKAZXCD1X6A0,J,K,A,Z,X,C,D,1,X,6,A,0,0,M,KAWK,Z10,RS,6,17,,,,,,,998,0,0,000000000,00000000000,0,0,0,1,0,0,0,0,0,0,0,98,0,0,0,12,12,6,2,12,0,0,1,1,35,87144,6,1,0,0,3,0,72,170,98,0,0,0,4,12,2007,9,2008,1,39,0,0,0,2,2,45,1,1,2,1,3,3,1,17,1,1,2,88,1,0