STATE,ST_CASE,VEH_NO,VE_FORMS,NUMOCCS,DAY,MONTH,HOUR,MINUTE,HARM_EV,MAN_COLL,UNITTYPE,HIT_RUN,REG_STAT,OWNER,MAKE,MODEL,MAK_MOD,BODY_TYP,MOD_YEAR,VIN,VIN_1,VIN_2,VIN_3,VIN_4,VIN_5,VIN_6,VIN_7,VIN_8,VIN_9,VIN_10,VIN_11,VIN_12,TOW_VEH,VINTYPE,VINMAKE,VINA_MOD,VIN_BT,VINMODYR,VIN_LNGT,VIN_WGT,WGTCD_TR,WHLBS_LG,WHLBS_SH,SER_TR,FUELCODE,MCYCL_DS,J_KNIFE,MCARR_I1,MCARR_I2,MCARR_ID,GVWR,V_CONFIG,CARGO_BT,HAZ_INV,HAZ_PLAC,HAZ_ID,HAZ_CNO,HAZ_REL,BUS_USE,SPEC_USE,EMER_USE,TRAV_SP,UNDERIDE,ROLLOVER,ROLINLOC,IMPACT1,IMPACT2,DEFORMED,TOWED,M_HARM,VEH_SC1,VEH_SC2,FIRE_EXP,DR_PRES,L_STATE,DR_ZIP,L_STATUS,L_TYPE,CDL_STAT,L_ENDORS,L_COMPL,L_RESTRI,DR_HGT,DR_WGT,PREV_ACC,PREV_SUS,PREV_DWI,PREV_SPD,PREV_OTH,FIRST_MO,FIRST_YR,LAST_MO,LAST_YR,SPEEDREL,DR_SF1,DR_SF2,DR_SF3,DR_SF4,VTRAFWAY,VNUM_LAN,VSPD_LIM,VALIGN,VPROFILE,VPAVETYP,VSURCOND,VTRAFCON,VTCONT_F,P_CRASH1,P_CRASH2,P_CRASH3,PCRASH4,PCRASH5,ACC_TYPE,DEATHS,DR_DRINK
35,350063,2,2,1,29,3,20,31,12,6,1,0,35,1,2,405,2405,14,2006,1J4GL58K46W2,1,J,4,G,L,5,8,K,4,6,W,2,0,T,JEEP,LMD,4W,6,17,,1,0,1043,LIB,G,,0,0,000000000,00000000000,0,0,0,1,0,0,0,0,0,0,0,98,0,0,0,62,62,6,2,12,0,0,0,1,35,87144,6,1,0,0,3,0,74,195,98,0,0,0,0,0,0,0,0,0,0,0,0,0,2,2,45,1,1,2,1,3,3,1,78,1,1,1,89,0,0
35,350064,1,1,3,7,2,22,15,1,0,1,0,48,1,12,481,12481,31,2007,1FTSW21P07EA,1,F,T,S,W,2,1,P,0,7,E,A,0,T,FORD,F2S,CW,7,17,,2,1720,1560,SRW,D,,0,0,000000000,00000000000,0,0,0,1,0,0,0,0,0,0,0,98,0,1,5,0,0,6,2,1,0,0,0,1,48,76052,6,1,0,0,3,0,68,188,0,0,0,0,0,0,0,0,0,0,0,0,0,0,2,2,55,1,1,2,3,98,8,1,13,1,2,4,2,1,1
35,350065,1,2,2,6,4,11,3,33,0,1,0,35,1,30,46,30046,4,2002,WVWRH63B92P1,W,V,W,R,H,6,3,B,9,2,P,1,0,P,VOLK,PGX,4D,2,17,3250,,0,1064,,G,,0,0,000000000,00000000000,0,0,0,1,0,0,0,0,0,0,0,0,0,0,0,9,9,6,2,12,0,0,0,1,35,87144,6,1,0,0,3,0,61,130,98,0,0,0,1,4,2008,6,2008,0,0,0,0,0,2,2,35,1,1,2,1,0,0,5,64,1,1,4,98,2,0
35,350065,2,2,1,6,4,11,3,33,0,1,0,35,2,7,442,7442,20,2001,2B4GP74L21R3,2,B,4,G,P,7,4,L,2,1,R,3,0,P,DODG,CAR,SV,1,17,4156,,0,1193,,G,,0,0,000000000,00000000000,0,0,0,1,0,0,0,0,0,0,0,98,0,0,0,12,61,6,2,12,0,0,0,1,35,87121,6,1,0,0,3,0,68,195,98,0,0,0,3,8,2008,1,2009,1,37,0,0,0,2,2,35,1,1,2,1,3,8,10,17,3,1,4,98,0,0
35,350066,1,2,1,10,4,10,6,12,6,1,0,35,1,34,705,34705,80,1976,4946749,4,9,4,6,7,4,9,,,,,,0,P,,,,,17,,,,,,,,0,0,000000000,00000000000,0,0,0,1,0,0,0,0,0,0,0,98,0,0,0,12,12,6,2,12,0,0,0,1,35,87111,6,1,0,0,3,0,74,240,98,0,0,0,0,0,0,0,0,0,0,0,0,0,2,2,35,1,1,2,1,0,0,1,17,1,1,1,88,1,0
35,350066,2,2,2,10,4,10,6,12,6,1,0,35,1,20,421,20421,15,2004,1GNEK13Z54J2,1,G,N,E,K,1,3,Z,5,4,J,2,0,P,CHEV,KTA,UT,4,17,5050,,0,1160,,F,,0,0,000000000,00000000000,0,0,0,1,0,0,0,0,0,0,0,98,0,0,0,61,61,6,2,12,0,0,0,1,35,87110,6,1,0,0,3,0,66,165,98,0,0,0,0,0,0,0,0,0,38,0,0,0,2,2,35,1,1,2,1,0,0,1,17,1,1,1,89,0,0
35,350067,1,1,1,30,4,11,27,26,0,1,0,35,2,35,471,35471,30,1995,1N6HD16SXSC3,1,N,6,H,D,1,6,S,X,S,C,3,0,T,NISS,KSX,PC,95,17,,1,0,1161,TRK,G,,0,0,000000000,00000000000,0,0,0,1,0,0,0,0,0,0,0,98,0,0,0,12,12,6,2,26,0,0,0,1,35,87110,6,1,0,0,3,0,62,150,98,0,0,0,0,0,0,0,0,0,28,0,0,0,2,2,30,1,1,2,1,0,0,1,14,1,1,4,14,1,0
35,350068,1,3,4,23,5,15,20,12,8,1,0,49,1,13,1,13001,4,2005,1LNHM82W85Y6,1,L,N,H,M,8,2,W,8,5,Y,6,0,P,LINC,SGL,4D,5,17,4359,,0,1177,,G,,0,0,000000000,00000000000,0,0,0,1,0,0,0,0,0,0,0,98,0,0,0,11,11,6,2,12,0,0,0,1,49,84737,6,1,0,0,3,0,71,180,98,0,0,0,0,0,0,0,0,0,0,0,0,0,2,2,55,1,1,2,1,0,0,1,10,1,1,1,64,2,0
35,350068,2,3,1,23,5,15,20,12,8,1,0,6,3,82,881,82881,66,1998,1FUYSZYB2WL9,1,F,U,Y,S,Z,Y,B,2,W,L,9,1,T,FRHT,FC2,DS,98,17,,8,0,0,CON,D,,1,57,01883891,5701883891,3,6,2,1,0,0,0,0,0,0,0,98,0,0,0,7,7,6,2,12,0,0,0,1,6,92145,6,1,6,3,3,0,66,167,0,0,0,0,0,0,0,0,0,0,0,0,0,0,1,2,55,1,1,2,1,0,0,1,78,1,1,2,65,0,0
35,350068,3,3,2,23,5,15,20,12,8,1,0,35,2,12,401,12401,14,2006,1FMEU73E86UB,1,F,M,E,U,7,3,E,8,6,U,B,0,P,FORD,EPR,UT,6,17,4456,,0,1137,,G,,0,0,000000000,00000000000,0,0,0,1,0,0,0,0,0,0,0,98,0,0,0,12,12,6,2,12,0,0,0,1,35,88340,6,1,0,0,3,0,68,200,98,0,0,0,0,0,0,0,0,0,0,0,0,0,1,2,55,1,1,2,1,0,0,1,78,1,1,1,98,0,0
35,350069,1,2,1,20,3,0,10,12,2,1,0,35,1,35,47,35047,4,2008,1N4AL21E48N5,1,N,4,A,L,2,1,E,4,8,N,5,0,P,NISS,ATS,4D,8,17,3028,,0,1093,,G,,0,0,000000000,00000000000,0,0,0,1,0,0,0,0,0,0,0,98,0,0,0,12,12,6,2,12,0,0,0,1,35,87402,6,1,0,0,3,0,74,150,98,0,0,0,3,12,2007,7,2009,0,0,0,0,0,2,2,65,1,1,2,1,0,0,1,10,1,1,2,50,1,1
35,350069,2,2,2,20,3,0,10,12,2,1,0,29,3,85,881,85881,66,2007,1XKADB9X17J1,1,X,K,A,D,B,9,X,1,7,J,1,1,T,KW,T60,DS,7,17,,8,2600,1600,CON,D,,2,57,00926891,5700926891,3,6,97,1,0,0,0,0,0,0,0,98,0,0,0,12,12,6,2,12,0,0,0,1,29,65605,6,1,6,0,3,0,71,143,0,0,0,0,0,0,0,0,0,0,0,0,0,0,2,2,65,1,1,2,1,0,0,1,78,1,1,2,51,0,0
35,350070,1,3,2,21,1,21,12,12,8,1,0,35,2,20,481,20481,31,1995,1GCEK14Z1SZ1,1,G,C,E,K,1,4,Z,1,S,Z,1,0,T,CHEV,GK1,PK,95,17,,2,1315,1175,GM4,G,,0,0,000000000,00000000000,0,0,0,1,0,0,0,0,0,0,0,98,0,0,0,7,12,6,2,12,0,0,0,1,35,88007,6,1,0,0,3,0,67,168,98,0,3,0,0,9,2007,1,2010,0,28,0,0,0,2,2,45,1,1,2,1,0,0,1,10,7,1,6,64,1,1
35,350070,2,3,2,21,1,21,12,12,8,1,0,35,2,20,16,20016,4,2002,1G1JC5243274,1,G,1,J,C,5,2,4,3,2,7,4,0,P,CHEV,CAC,4D,2,17,2676,,0,1041,,C,,0,0,000000000,00000000000,0,0,0,1,0,0,0,0,0,0,0,98,0,0,0,12,12,6,2,12,0,0,0,1,35,88021,6,1,0,0,3,0,68,110,98,0,0,0,0,0,0,0,0,0,0,0,0,0,2,2,45,1,1,2,1,0,0,1,78,1,1,2,65,0,0
35,350070,3,3,1,21,1,21,12,12,8,1,0,35,2,20,20,20020,4,1996,2G1WN52M3T92,2,G,1,W,N,5,2,M,3,T,9,2,0,P,CHEV,LLS,4D,96,17,3372,,0,1075,,G,,0,0,000000000,00000000000,0,0,0,1,0,0,0,0,0,0,0,98,0,0,0,81,81,6,2,12,0,0,0,1,35,88021,6,1,0,0,3,0,65,120,98,0,0,0,0,0,0,0,0,0,0,0,0,0,2,2,25,1,1,2,1,0,0,1,78,1,1,1,98,0,0
35,350071,1,1,1,21,1,15,35,1,0,1,0,35,2,12,481,12481,31,2000,1FTZF172XYKB,1,F,T,Z,F,1,7,2,X,Y,K,B,0,T,FORD,F15,PK,0,17,,1,1385,1199,COF,G,,0,0,000000000,00000000000,0,0,0,1,0,0,0,0,0,0,0,98,0,1,5,0,13,6,2,1,0,0,0,1,35,88340,6,1,0,0,3,0,68,135,98,0,0,0,0,10,2007,9,2009,1,58,0,0,0,2,2,45,1,1,2,2,28,3,1,13,3,1,4,1,1,1
35,350072,1,1,1,24,2,9,40,14,0,1,0,35,1,6,54,6054,6,2006,2A4GF68436R7,2,A,4,G,F,6,8,4,3,6,R,7,0,P,CHRY,PIF,UT,6,17,4507,,0,1160,,G,,0,0,000000000,00000000000,0,0,0,1,0,0,0,0,0,0,0,98,0,0,0,12,12,6,2,8,0,0,0,1,35,87109,6,1,0,0,3,0,66,168,98,0,0,0,0,0,0,0,0,0,0,0,0,0,6,1,35,1,1,2,1,0,0,1,82,1,1,4,11,0,1
35,350073,1,5,3,5,3,20,57,12,1,1,0,35,2,12,481,12481,31,2005,1FTSW21P45EB,1,F,T,S,W,2,1,P,4,5,E,B,0,T,FORD,F2S,CW,5,17,,2,1724,1562,SRW,D,,0,0,000000000,00000000000,0,0,0,1,0,0,0,0,0,0,0,98,0,0,0,12,12,6,2,12,0,0,0,1,35,87114,6,1,0,0,3,0,70,215,98,0,0,0,0,0,0,0,0,1,0,0,0,0,2,4,40,1,1,2,1,3,3,1,18,1,1,1,24,0,1
35,350073,2,5,4,5,3,20,57,12,1,1,0,35,2,20,2,20002,8,2007,2G1WT55K0791,2,G,1,W,T,5,5,K,0,7,9,1,0,P,CHEV,IMT,4D,7,17,3674,,0,1105,,F,,0,0,000000000,00000000000,0,0,0,1,0,0,0,0,0,0,0,98,0,0,0,6,6,6,2,12,0,0,0,1,35,87325,6,1,0,0,3,0,70,235,98,0,0,0,2,3,2010,3,2010,0,0,0,0,0,2,4,40,1,1,2,1,3,3,1,53,1,1,1,25,2,0
35,350073,3,5,3,5,3,20,57,12,1,1,0,35,1,12,23,12023,4,2007,3FAHP06Z47R1,3,F,A,H,P,0,6,Z,4,7,R,1,0,P,FORD,F/S,4D,7,17,3101,,0,1074,,G,,0,0,000000000,00000000000,0,0,0,1,0,0,0,0,0,0,0,98,0,0,0,6,6,6,2,12,0,0,0,1,35,87106,6,1,0,0,3,0,68,155,98,0,0,0,0,0,0,0,0,0,0,0,0,0,2,4,40,1,1,2,1,3,3,1,53,1,1,1,98,0,0
35,350073,4,5,3,5,3,20,57,12,1,1,0,35,2,49,40,49040,4,2007,JTNBE46K6730,J,T,N,B,E,4,6,K,6,7,3,0,0,P,TOYT,CMB,4D,7,17,3108,,0,1093,,G,,0,0,000000000,00000000000,0,0,0,1,0,0,0,0,0,0,0,98,0,0,0,6,6,6,2,12,0,0,0,1,35,87112,6,1,0,0,3,0,71,200,98,0,0,0,0,0,0,0,0,0,0,0,0,0,2,4,40,1,1,2,1,3,3,1,53,1,1,1,98,0,0
35,350073,5,5,2,5,3,20,57,12,1,1,0,35,1,49,40,49040,4,2009,4T1BE46K49U8,4,T,1,B,E,4,6,K,4,9,U,8,0,P,TOYT,CBA,4D,9,17,3263,,0,1090,,G,,0,0,000000000,00000000000,0,0,0,1,0,0,0,0,0,0,0,98,0,0,0,6,6,6,2,12,0,0,0,1,35,87104,6,1,0,0,3,0,62,130,98,0,0,0,0,0,0,0,0,0,0,0,0,0,2,4,40,1,1,2,2,3,3,1,53,1,1,1,98,0,0
35,350074,1,2,1,14,3,3,56,12,7,1,0,26,1,51,881,51881,66,2003,4V4NC9TG83N3,4,V,4,N,C,9,T,G,8,3,N,3,1,T,VOLV,VNL,DS,3,17,,8,0,0,VVN,D,,1,57,667715,57667715,3,6,1,1,0,0,0,0,0,0,0,98,0,0,0,11,12,2,1,12,0,0,0,1,26,49426,6,1,6,1,3,0,72,192,0,0,0,0,0,0,0,0,0,0,0,0,0,0,2,3,65,1,1,2,1,0,0,1,18,1,1,1,44,0,0
35,350074,2,2,1,14,3,3,56,12,7,1,0,35,1,72,706,72706,80,2009,1HD1CT31X9K4,1,H,D,1,C,T,3,1,X,9,K,4,0,M,HD,20C,RS,9,17,,,,,,,1202,0,0,000000000,00000000000,0,0,0,1,0,0,0,0,0,0,0,98,0,0,0,4,4,6,2,12,0,0,0,1,35,87015,6,1,0,0,3,0,66,150,98,0,0,0,0,0,0,0,0,1,0,0,0,0,2,3,65,1,1,2,1,0,0,1,10,1,1,2,45,1,0
35,350075,1,1,5,20,3,1,45,42,0,1,0,35,2,20,401,20401,14,1997,1GNDT13WXV21,1,G,N,D,T,1,3,W,X,V,2,1,0,P,CHEV,BZR,UT,97,17,4046,,0,1070,,G,,0,0,000000000,00000000000,0,0,0,1,0,0,0,0,0,0,0,98,0,0,0,12,12,6,2,42,0,0,0,1,48,79904,1,1,0,0,2,0,66,165,0,1,0,0,0,3,2010,3,2010,1,0,0,0,0,2,2,50,1,1,2,4,0,0,1,13,4,2,4,2,1,0
35,350076,1,2,1,28,3,18,42,12,6,1,0,35,1,72,706,72706,80,2007,1HD1CZ34X7K4,1,H,D,1,C,Z,3,4,X,7,K,4,0,M,HD,XLN,RS,7,17,,,,,,,1199,0,0,000000000,00000000000,0,0,0,1,0,0,0,0,0,0,0,98,0,0,0,12,12,6,2,12,0,0,0,1,4,87111,6,1,0,0,3,0,72,160,0,0,0,0,0,0,0,0,0,1,0,0,0,0,2,4,98,1,1,2,1,0,0,1,78,1,1,1,69,1,1
35,350076,2,2,3,28,3,18,42,12,6,1,0,35,2,49,40,49040,4,1995,JT2GK13E4S01,J,T,2,G,K,1,3,E,4,S,0,1,0,P,TOYT,XLE,4D,95,17,3274,,0,1031,,G,,0,0,000000000,00000000000,0,0,0,1,0,0,0,0,0,0,0,98,0,0,0,3,3,6,2,12,0,0,0,1,35,87123,6,1,0,0,3,0,63,125,98,0,0,0,0,0,0,0,0,0,38,0,0,0,2,4,98,1,1,2,1,0,0,11,15,1,1,1,68,1,0
35,350077,1,2,1,31,3,21,53,12,6,1,0,35,1,35,47,35047,4,2001,1N4DL01D11C2,1,N,4,D,L,0,1,D,1,1,C,2,0,P,NISS,AXE,4D,1,17,2754,,0,1031,,G,,0,0,000000000,00000000000,0,0,0,1,0,0,0,0,0,0,0,98,0,0,0,9,9,6,2,12,0,0,0,1,35,87112,6,1,0,0,3,0,64,130,98,0,0,0,0,0,0,0,0,0,0,0,0,0,2,3,98,1,2,2,1,1,3,1,78,1,1,1,89,1,0
35,350077,2,2,2,31,3,21,53,12,6,1,0,35,1,23,481,23481,31,1994,1GTEK19K5RE5,1,G,T,E,K,1,9,K,5,R,E,5,0,T,GMC,SK1,PC,94,17,,2,1555,1415,SIE,G,,0,0,000000000,00000000000,0,0,0,1,0,0,0,0,0,0,0,98,0,0,0,12,12,6,2,12,0,0,0,1,35,87123,6,1,0,0,3,0,66,170,98,1,1,0,0,0,0,0,0,0,39,38,30,0,2,3,98,1,2,2,1,0,0,1,17,1,1,1,88,0,1
35,350078,1,1,2,21,4,5,35,8,0,1,0,35,1,12,481,12481,31,2007,1FTRW14W17KC,1,F,T,R,W,1,4,W,1,7,K,C,0,T,FORD,F1S,CW,7,17,,2,0,1390,COF,G,,0,0,000000000,00000000000,0,0,0,1,0,0,0,0,0,0,0,98,0,0,0,12,12,6,2,8,0,0,0,1,35,87417,6,1,0,0,3,0,74,180,98,0,0,0,1,1,2008,2,2008,0,0,0,0,0,2,4,50,1,1,2,1,0,0,1,80,1,1,1,13,0,0
35,350079,1,1,4,24,4,0,14,8,0,1,0,47,1,12,402,12402,14,2007,1FMYU02Z87KB,1,F,M,Y,U,0,2,Z,8,7,K,B,0,P,FORD,SPE,UT,7,17,3156,,0,1031,,G,,0,0,000000000,00000000000,0,0,0,1,0,0,0,0,0,0,0,98,0,0,0,12,12,6,2,8,0,0,0,1,47,85743,6,1,0,0,3,0,70,175,0,0,0,0,0,0,0,0,0,0,0,0,0,0,2,4,65,1,1,2,1,0,0,1,80,6,1,1,13,0,0
35,350080,1,1,2,26,4,13,55,24,0,1,0,35,1,72,706,72706,80,2010,1HD1GP415AC3,1,H,D,1,G,P,4,1,5,A,C,3,0,M,HD,FWG,RS,10,17,,,,,,,1584,0,0,000000000,00000000000,0,0,0,1,0,0,0,0,0,0,0,98,0,0,0,12,12,6,2,24,0,0,0,1,35,87105,6,1,0,0,3,0,66,210,98,0,0,0,0,0,0,0,0,0,0,0,0,0,2,4,55,1,1,2,1,28,3,1,14,4,1,5,15,1,0
35,350081,1,1,2,1,6,7,0,8,0,1,0,35,1,49,401,49401,14,1994,JT3VN39W8R01,J,T,3,V,N,3,9,W,8,R,0,1,0,P,TOYT,RUN,UT,94,17,4165,,0,1033,,G,,0,0,000000000,00000000000,0,0,0,1,0,0,0,0,0,0,0,98,0,0,0,12,12,2,1,8,0,0,0,1,35,87512,6,1,0,0,3,0,66,165,98,0,0,0,1,11,2008,12,2008,0,0,0,0,0,2,2,40,1,1,2,1,20,3,11,80,1,1,1,13,0,0
35,350082,1,2,1,5,6,10,52,12,1,1,0,37,1,49,40,49040,4,2003,JTDBE80K7301,J,T,D,B,E,8,0,K,7,3,0,1,0,P,TOYT,,4D,3,17,,,,,,G,,0,0,000000000,00000000000,0,0,0,1,0,0,0,0,0,0,0,98,0,0,0,6,6,6,2,12,0,0,0,1,37,27587,6,1,0,0,2,0,68,195,0,0,0,0,0,0,0,0,0,0,58,0,0,0,2,2,75,2,2,2,1,98,3,14,12,6,2,4,62,1,0
35,350082,2,2,1,5,6,10,52,12,1,1,0,29,3,87,881,87881,66,2006,1NP5DB9X26D6,1,N,P,5,D,B,9,X,2,6,D,6,1,T,PTRB,379,DS,6,17,,8,0,0,CON,D,,1,57,774803,57774803,3,6,6,1,0,0,0,0,0,0,0,98,0,0,0,12,12,6,2,12,0,0,0,1,8,80910,6,1,6,1,3,0,67,210,0,0,0,0,0,0,0,0,0,0,0,0,0,0,2,2,75,2,2,2,1,98,3,14,78,7,1,4,62,0,0
35,350083,1,1,1,1,5,23,56,1,0,1,0,35,2,20,481,20481,31,1999,2GCEC19T2X11,2,G,C,E,C,1,9,T,2,X,1,1,0,T,CHEV,SC1,3C,99,17,,2,1575,1435,SIL,G,,0,0,000000000,00000000000,0,0,0,1,0,0,0,0,0,0,0,98,0,1,6,0,13,6,2,1,0,0,0,1,35,88030,6,1,0,0,3,0,71,145,98,0,0,0,3,6,2008,3,2010,1,39,0,0,0,1,2,35,1,1,2,1,0,0,1,10,1,4,4,7,1,1
35,350084,1,2,1,24,6,9,0,12,1,1,0,35,2,35,471,35471,30,1989,1N6HD16YXKC3,1,N,6,H,D,1,6,Y,X,K,C,3,0,T,NISS,U4K,PK,89,17,,1,0,1161,D21,G,,0,0,000000000,00000000000,0,0,0,1,0,0,0,0,0,0,0,98,0,0,0,12,6,6,2,12,0,0,0,1,35,87417,6,2,0,0,3,0,69,195,98,0,0,0,2,6,2009,2,2010,0,0,0,0,0,2,2,50,1,1,2,1,0,0,1,50,1,1,1,20,1,0
35,350084,2,2,1,24,6,9,0,12,1,1,0,35,3,86,881,86881,63,2003,1M1AE06Y43W0,1,M,1,A,E,0,6,Y,4,3,W,0,1,T,MACK,CX6,DS,3,17,,8,0,0,600,D,,1,57,3W014584,573W014584,3,2,4,1,0,0,0,0,0,0,0,0,0,0,0,6,6,6,2,12,0,0,0,1,35,87410,6,1,6,0,3,0,64,118,98,0,0,0,0,0,0,0,0,0,0,0,0,0,2,2,50,1,1,2,1,0,0,5,53,1,1,1,21,0,0
35,350085,1,1,1,6,6,20,26,1,0,1,0,35,2,35,402,35402,14,2001,5N1ED28TX1C5,5,N,1,E,D,2,8,T,X,1,C,5,0,P,NISS,XTR,UT,1,17,3546,,0,1043,,G,,0,0,000000000,00000000000,0,0,0,1,0,0,0,0,0,0,0,98,0,1,6,0,13,6,2,1,0,0,0,1,4,88020,6,1,0,0,3,0,63,110,0,0,0,0,0,0,0,0,0,1,0,0,0,0,2,2,45,1,1,2,1,98,3,1,11,6,3,4,2,1,0
35,350086,1,1,1,3,6,17,7,35,0,1,0,35,1,12,481,12481,31,2001,3FTNF21F71MA,3,F,T,N,F,2,1,F,7,1,M,A,0,T,FORD,F2S,PK,1,17,,2,0,1370,SRW,D,,0,0,000000000,00000000000,0,0,0,1,0,0,0,0,0,0,0,98,0,0,0,12,13,6,2,35,0,0,0,1,35,87034,6,1,0,0,3,0,72,170,98,0,0,0,0,0,0,0,0,1,80,36,0,0,2,2,75,1,2,2,1,0,0,6,1,7,2,4,2,1,1
35,350087,1,2,2,16,6,13,0,12,2,1,0,35,3,12,481,12481,31,2002,1FTNF20L02EB,1,F,T,N,F,2,0,L,0,2,E,B,0,T,FORD,F2S,PK,2,17,,2,0,1370,SRW,G,,0,0,000000000,00000000000,0,0,0,1,0,0,0,0,0,0,0,98,0,0,0,12,12,6,2,12,0,0,0,1,35,87004,6,1,0,0,3,0,68,180,98,0,0,1,0,4,2008,4,2009,0,27,0,0,0,2,2,75,1,2,2,1,0,0,1,12,6,1,2,50,1,0
35,350087,2,2,1,16,6,13,0,12,2,1,0,19,3,84,881,84881,66,2006,2HSCHAPR16C2,2,H,S,C,H,A,P,R,1,6,C,2,1,T,INTL,99I,TR,6,17,,8,0,0,990,D,,3,57,00001905,5700001905,3,6,1,1,0,0,0,0,0,0,0,98,0,0,0,12,12,6,2,12,0,0,0,1,18,46407,6,1,6,1,3,1,71,210,0,0,0,0,0,0,0,0,0,0,0,0,0,0,2,2,75,1,2,1,1,0,0,1,78,7,1,1,51,0,0
35,350088,1,2,2,18,3,7,55,12,6,1,0,35,1,20,421,20421,15,2001,1GNEK13T81R2,1,G,N,E,K,1,3,T,8,1,R,2,0,P,CHEV,KTA,UT,1,17,5050,,0,1160,,G,,0,0,000000000,00000000000,0,0,0,1,0,0,0,0,0,0,0,98,0,1,2,12,12,2,1,12,0,0,0,1,35,88203,6,1,0,0,3,0,70,150,98,0,0,0,0,0,0,0,0,0,38,0,0,0,2,2,35,1,1,2,1,0,0,4,66,1,1,2,86,0,0
35,350088,2,2,2,18,3,7,55,12,6,1,0,35,1,12,471,12471,30,2000,1FTZR15V2YPA,1,F,T,Z,R,1,5,V,2,Y,P,A,0,T,FORD,RNS,PS,0,17,,1,0,1259,RNG,F,,0,0,000000000,00000000000,0,0,0,1,0,0,0,0,0,0,0,98,0,0,0,3,3,6,2,12,0,0,0,1,35,88232,6,1,0,0,3,0,74,207,98,0,0,0,0,0,0,0,0,1,0,0,0,0,2,2,35,1,1,2,1,0,0,1,17,4,2,2,87,1,0
35,350090,1,2,1,30,1,6,30,8,0,1,0,35,2,20,403,20403,14,2006,1GNET16S9661,1,G,N,E,T,1,6,S,9,6,6,1,0,P,CHEV,TRL,UT,6,17,4954,,0,1290,,G,,0,0,000000000,00000000000,0,0,0,1,0,0,0,0,0,0,0,98,0,0,0,12,12,4,1,8,0,0,0,1,35,87501,6,1,0,0,3,0,73,140,98,0,0,0,0,0,0,0,0,0,0,0,0,0,3,2,65,1,1,2,1,98,3,6,13,6,1,2,13,0,0
35,350090,2,2,2,30,1,6,30,8,0,1,0,35,1,12,401,12401,14,2006,1FMEU62EX6UA,1,F,M,E,U,6,2,E,X,6,U,A,0,P,FORD,EPR,UT,6,17,4310,,0,1137,,G,,0,0,000000000,00000000000,0,0,0,1,0,0,0,0,0,0,0,98,0,0,0,12,12,6,2,8,0,0,0,1,35,87544,6,1,0,0,3,0,69,190,98,0,0,0,4,3,2008,1,2010,0,0,0,0,0,3,2,65,1,1,2,1,98,3,1,18,1,1,2,98,0,0
35,350091,1,1,1,28,4,23,36,35,0,1,0,35,2,12,481,12481,31,1999,1FTRX07L4XKB,1,F,T,R,X,0,7,L,4,X,K,B,0,T,FORD,F15,4C,99,17,,2,0,1385,COF,G,,0,0,000000000,00000000000,0,0,0,1,0,0,0,0,0,0,0,98,0,1,6,98,13,6,2,42,0,0,0,1,35,87401,0,0,0,0,0,0,65,178,98,0,0,0,0,0,0,0,0,1,0,0,0,0,2,2,25,2,1,2,1,28,3,14,12,1,1,4,6,1,1
35,350092,1,1,1,2,5,0,28,35,0,1,0,35,1,20,403,20403,14,2006,1GNES13H3622,1,G,N,E,S,1,3,H,3,6,2,2,0,P,CHEV,TRL,UT,6,17,4417,,0,1130,,G,,0,0,000000000,00000000000,0,0,0,1,0,0,0,0,0,0,0,98,0,0,0,12,12,6,2,35,0,0,0,1,4,87401,6,1,6,1,3,1,71,215,0,2,0,1,0,11,2007,12,2008,1,39,0,0,0,2,2,35,1,1,2,1,20,3,1,14,1,1,4,14,1,1
35,350093,1,1,1,3,5,20,49,9,0,1,0,35,1,7,422,7422,15,2004,1D4HD58D34F1,1,D,4,H,D,5,8,D,3,4,F,1,0,P,DODG,DUR,UT,4,17,4815,,0,1192,,G,,0,0,000000000,00000000000,0,0,0,1,0,0,0,0,0,0,0,98,0,0,0,12,12,4,3,9,0,0,0,1,35,87031,6,1,0,0,3,0,68,170,98,0,0,0,0,0,0,0,0,0,0,0,0,0,2,2,40,1,1,2,1,0,0,1,83,1,1,2,13,0,0
35,350094,1,1,1,3,5,16,34,1,0,1,0,35,2,6,51,6051,4,2001,2C3HE66G81H6,2,C,3,H,E,6,6,G,8,1,H,6,0,P,CHRY,30M,4D,1,17,3512,,0,1130,,G,,0,0,000000000,00000000000,0,0,0,1,0,0,0,0,0,0,0,98,0,1,6,0,13,6,2,1,0,0,0,1,35,88203,6,1,0,0,3,0,67,183,98,0,0,0,2,2,2009,3,2009,1,58,0,0,0,2,2,70,2,1,2,1,0,0,14,13,1,3,4,2,1,1
35,350095,1,1,1,6,5,20,45,8,0,1,0,35,1,12,16,12016,4,2001,2FAFP73W41X2,2,F,A,F,P,7,3,W,4,1,X,2,0,P,FORD,CVI,4D,1,17,3913,,0,1147,,G,,0,0,000000000,00000000000,0,0,0,1,0,0,0,0,0,0,0,98,0,0,0,12,12,2,1,8,0,0,0,1,35,87108,6,1,0,0,3,0,66,130,98,0,0,0,0,0,0,0,0,0,0,0,0,0,2,2,25,1,1,2,1,3,3,1,80,1,1,1,13,0,0
35,350096,1,1,1,9,5,2,23,1,0,1,0,35,2,7,482,7482,31,2005,1D7HU18N25J5,1,D,7,H,U,1,8,N,2,5,J,5,0,T,DODG,SQ1,CW,5,17,,2,1605,1405,RPC,G,,0,0,000000000,00000000000,0,0,0,1,0,0,0,0,0,0,0,98,0,1,3,0,13,6,2,1,0,0,0,1,35,87038,6,1,0,0,3,0,65,150,98,0,0,0,0,0,0,0,0,1,0,0,0,0,2,2,75,1,2,2,1,98,3,1,10,3,3,4,7,1,1