STATE,ST_CASE,VEH_NO,VE_FORMS,NUMOCCS,DAY,MONTH,HOUR,MINUTE,HARM_EV,MAN_COLL,UNITTYPE,HIT_RUN,REG_STAT,OWNER,MAKE,MODEL,MAK_MOD,BODY_TYP,MOD_YEAR,VIN,VIN_1,VIN_2,VIN_3,VIN_4,VIN_5,VIN_6,VIN_7,VIN_8,VIN_9,VIN_10,VIN_11,VIN_12,TOW_VEH,VINTYPE,VINMAKE,VINA_MOD,VIN_BT,VINMODYR,VIN_LNGT,VIN_WGT,WGTCD_TR,WHLBS_LG,WHLBS_SH,SER_TR,FUELCODE,MCYCL_DS,J_KNIFE,MCARR_I1,MCARR_I2,MCARR_ID,GVWR,V_CONFIG,CARGO_BT,HAZ_INV,HAZ_PLAC,HAZ_ID,HAZ_CNO,HAZ_REL,BUS_USE,SPEC_USE,EMER_USE,TRAV_SP,UNDERIDE,ROLLOVER,ROLINLOC,IMPACT1,IMPACT2,DEFORMED,TOWED,M_HARM,VEH_SC1,VEH_SC2,FIRE_EXP,DR_PRES,L_STATE,DR_ZIP,L_STATUS,L_TYPE,CDL_STAT,L_ENDORS,L_COMPL,L_RESTRI,DR_HGT,DR_WGT,PREV_ACC,PREV_SUS,PREV_DWI,PREV_SPD,PREV_OTH,FIRST_MO,FIRST_YR,LAST_MO,LAST_YR,SPEEDREL,DR_SF1,DR_SF2,DR_SF3,DR_SF4,VTRAFWAY,VNUM_LAN,VSPD_LIM,VALIGN,VPROFILE,VPAVETYP,VSURCOND,VTRAFCON,VTCONT_F,P_CRASH1,P_CRASH2,P_CRASH3,PCRASH4,PCRASH5,ACC_TYPE,DEATHS,DR_DRINK
35,350097,1,2,1,15,5,4,40,12,6,1,0,35,2,52,34,52034,4,1999,4A3AA46G7XE0,4,A,3,A,A,4,6,G,7,X,E,0,0,P,MITS,GES,4D,99,17,2935,,0,1037,,G,,0,0,000000000,00000000000,0,0,0,1,0,0,0,0,0,0,0,98,0,0,0,12,12,6,2,12,0,0,0,1,35,87015,6,1,0,0,3,0,63,185,98,0,0,0,0,0,0,0,0,0,39,0,0,0,2,3,50,1,1,2,1,3,3,1,17,1,1,1,88,0,0
35,350097,2,2,1,15,5,4,40,12,6,1,0,35,2,52,402,52402,14,2004,4A4MN31S94E0,4,A,4,M,N,3,1,S,9,4,E,0,0,P,MITS,END,UT,4,17,4134,,0,1083,,G,,0,0,000000000,00000000000,0,0,0,1,0,0,0,0,0,0,0,98,0,1,6,9,9,6,2,12,0,0,0,1,35,87111,6,1,0,0,3,0,67,220,98,0,0,0,0,0,0,0,0,0,39,0,0,0,2,3,50,1,1,2,1,3,3,1,78,1,1,1,89,1,1
35,350098,1,1,1,16,5,4,35,8,0,1,0,35,1,23,472,23472,30,2006,1GTDS1966681,1,G,T,D,S,1,9,6,6,6,8,1,0,T,GMC,CAN,4C,6,17,,1,0,1260,CAN,G,,0,0,000000000,00000000000,0,0,0,1,0,0,0,0,0,0,0,98,0,0,0,12,12,4,3,8,0,0,0,1,35,87120,6,1,0,0,3,0,70,200,98,0,0,0,0,0,0,0,0,0,0,0,0,0,2,2,35,1,1,2,1,0,0,1,10,1,1,1,13,0,0
35,350099,1,1,2,15,5,20,35,8,0,1,1,35,2,37,32,37032,4,1992,JHMCB7671NC0,J,H,M,C,B,7,6,7,1,N,C,0,0,P,HOND,AER,4D,92,17,2987,,0,1071,,G,,0,0,000000000,00000000000,0,0,0,1,0,0,0,0,0,0,0,98,0,0,0,12,12,6,2,8,0,0,0,1,35,87123,6,1,0,0,3,0,70,220,98,0,0,0,3,3,2008,1,2009,0,0,0,0,0,2,3,40,1,1,2,1,0,0,1,80,1,1,1,13,0,0
35,350100,1,1,2,19,5,2,16,1,0,1,0,35,1,59,32,59032,4,1991,JT8UF11EXM00,J,T,8,U,F,1,1,E,X,M,0,0,0,P,LEXS,LS4,4D,91,17,3591,,0,1108,,G,,0,0,000000000,00000000000,0,0,0,1,0,0,0,0,0,0,0,98,0,1,3,0,13,6,2,1,0,0,0,1,35,87105,6,1,0,0,3,0,75,190,98,0,0,0,3,4,2008,4,2009,0,0,0,0,0,2,2,65,1,1,2,1,98,3,1,12,98,9,4,7,1,1
35,350101,1,1,3,25,5,2,5,1,0,1,0,35,2,12,401,12401,14,1998,1FMYU22X6WUC,1,F,M,Y,U,2,2,X,6,W,U,C,0,P,FORD,EPR,UT,98,17,3692,,0,1017,,G,,0,0,000000000,00000000000,0,0,0,1,0,0,0,0,0,0,0,98,0,1,5,0,13,6,2,1,0,0,0,1,35,87461,6,1,0,0,3,0,69,175,98,0,0,0,0,0,0,0,0,1,0,0,0,0,2,2,35,1,1,2,1,0,0,1,13,99,9,4,2,1,1
35,350102,1,2,1,11,6,13,49,12,2,1,0,35,2,13,421,13421,15,2003,5LMFU27R63LJ,5,L,M,F,U,2,7,R,6,3,L,J,0,P,LINC,NAV,UT,3,17,5822,,0,1190,,G,,0,0,000000000,00000000000,0,0,0,1,0,0,0,0,0,0,0,98,0,0,0,12,12,6,2,12,0,0,0,1,35,88240,6,1,0,0,3,0,71,215,98,0,0,0,0,0,0,0,0,0,0,0,0,0,2,2,65,1,1,2,1,0,0,1,10,1,1,2,50,1,0
35,350102,2,2,1,11,6,13,49,12,2,1,0,48,3,20,481,20481,31,2006,1GCHC29U46E1,1,G,C,H,C,2,9,U,4,6,E,1,0,T,CHEV,2CH,4C,6,17,,2,1575,1435,SIL,G,,0,0,000000000,00000000000,0,0,0,1,0,0,0,0,0,0,0,98,0,0,0,12,12,6,2,12,0,0,0,1,48,79762,6,1,6,1,3,1,67,220,0,0,0,0,0,0,0,0,0,0,0,0,0,0,1,2,65,1,1,2,1,0,0,1,62,1,1,1,51,1,0
35,350103,1,1,1,15,6,21,32,8,0,1,1,35,2,7,482,7482,31,1996,3B7HF13Z4TM1,3,B,7,H,F,1,3,Z,4,T,M,1,0,T,DODG,150,PC,96,17,,2,1547,1387,RPC,G,,0,0,000000000,00000000000,0,0,0,1,0,0,0,0,0,0,0,98,0,0,0,62,62,6,2,8,0,0,0,1,35,87401,6,1,0,0,3,0,72,210,98,0,0,0,0,0,0,0,0,0,92,0,0,0,2,2,35,1,1,2,1,0,0,1,80,1,1,1,13,0,0
35,350104,1,2,1,22,6,15,11,24,0,1,0,35,3,85,881,85881,66,2009,1XKDP4TX59R2,1,X,K,D,P,4,T,X,5,9,R,2,1,T,KW,T80,DS,9,17,,8,2600,1600,CON,D,,1,57,1110145,571110145,3,6,3,1,0,0,0,0,0,0,0,98,0,0,0,7,7,6,2,12,0,0,0,1,35,87068,6,1,6,1,3,1,71,160,98,0,0,0,3,9,2007,6,2010,0,0,0,0,0,2,2,45,1,1,2,1,28,3,1,78,7,1,1,98,0,0
35,350104,2,2,1,22,6,15,11,24,0,1,0,35,1,13,1,13001,4,2004,1LNHM83W74Y6,1,L,N,H,M,8,3,W,7,4,Y,6,0,P,LINC,UTC,4D,4,17,4413,,0,1177,,G,,0,0,000000000,00000000000,0,0,0,1,0,0,0,0,0,0,0,98,0,0,0,98,11,6,2,12,0,0,0,1,35,87532,6,1,0,0,3,0,74,225,98,0,0,0,1,5,2008,7,2008,0,0,0,0,0,1,2,45,1,1,2,1,28,3,1,99,1,1,4,6,1,0
35,350105,1,1,2,23,6,11,45,1,0,1,0,4,1,21,441,21441,20,2000,1GHDX03E4YD1,1,G,H,D,X,0,3,E,4,Y,D,1,0,T,OLDS,SIL,ES,0,17,,1,0,1200,SIL,G,,0,0,000000000,00000000000,0,0,0,1,0,0,0,0,0,0,0,98,0,1,3,0,13,6,2,1,0,0,0,1,4,85705,6,1,0,0,3,1,61,185,0,0,0,0,0,0,0,0,0,0,0,0,0,0,2,2,75,1,1,2,1,0,0,1,12,99,3,4,7,1,0
35,350106,1,1,3,28,6,21,44,8,0,1,0,35,1,20,34,20034,3,1996,2C1MR2299T67,2,C,1,M,R,2,2,9,9,T,6,7,0,P,GEO,GML,2H,96,17,1808,,0,931,,G,,0,0,000000000,00000000000,0,0,0,1,0,0,0,0,0,0,0,98,0,0,0,12,12,6,2,8,0,0,0,1,35,88005,6,1,0,0,3,0,71,170,98,0,0,0,3,4,2008,6,2010,0,0,0,0,0,2,2,35,1,1,2,1,2,3,1,80,4,1,1,13,0,1
35,350107,1,1,5,4,7,16,30,1,0,1,0,48,1,23,431,23431,16,1997,3GKEC16R7VG5,3,G,K,E,C,1,6,R,7,V,G,5,0,T,GMC,SUB,4W,97,17,,2,0,1315,C15,G,,0,0,000000000,00000000000,0,0,0,1,0,0,0,0,0,0,0,98,0,1,3,0,13,6,2,1,0,0,0,1,48,79549,6,1,0,0,3,0,67,168,0,0,0,0,0,0,0,0,0,0,80,0,0,0,2,2,65,1,1,2,1,0,0,1,1,1,9,4,7,1,0
35,350108,1,2,1,18,7,13,36,12,2,1,0,35,1,37,31,37031,2,1985,JHMAF5310FS0,J,H,M,A,F,5,3,1,0,F,S,0,0,P,HOND,5CH,2H,85,17,1675,,0,866,,G,,0,0,000000000,00000000000,0,0,0,1,0,0,0,0,0,0,0,98,0,0,0,12,11,6,2,12,0,0,0,1,35,87418,6,1,0,0,3,0,71,140,98,0,0,0,0,0,0,0,0,0,38,0,0,0,2,3,55,1,2,2,1,28,3,1,10,1,1,2,50,1,1
35,350108,2,2,1,18,7,13,36,12,2,1,0,8,1,49,40,49040,4,1999,4T1BF22K1XU0,4,T,1,B,F,2,2,K,1,X,U,0,0,P,TOYT,XLL,4D,99,17,3175,,0,1051,,G,,0,0,000000000,00000000000,0,0,0,1,0,0,0,0,0,0,0,98,0,0,0,12,12,6,2,12,0,0,0,1,8,81321,6,1,6,1,3,1,68,264,0,0,0,0,0,0,0,0,0,0,0,0,0,0,1,3,55,1,2,2,1,28,3,1,62,1,1,1,51,0,0
35,350109,1,1,1,10,6,9,0,43,0,1,0,35,3,84,883,84883,63,1998,2HSFMAHR6WC0,2,H,S,F,M,A,H,R,6,W,C,0,1,T,INTL,920,TM,98,17,,8,2340,1600,920,D,,1,57,1517316,571517316,3,2,4,1,0,0,0,0,0,0,0,98,0,0,0,12,12,6,2,10,0,0,1,1,35,88220,6,1,6,1,3,1,73,225,98,0,0,0,2,6,2008,7,2008,0,38,39,0,0,3,2,70,1,1,2,1,65,3,1,98,1,1,1,15,1,0
35,350110,1,1,3,25,6,11,0,1,0,1,0,4,1,20,481,20481,31,2000,2GCEK19TXY12,2,G,C,E,K,1,9,T,X,Y,1,2,0,T,CHEV,SK1,PC,0,17,,2,1575,1435,SIL,G,,0,0,000000000,00000000000,0,0,0,1,0,0,0,0,0,0,0,98,0,1,2,0,13,6,2,1,0,0,0,1,4,85003,6,1,0,0,3,0,66,260,0,0,0,0,0,0,0,0,0,0,58,0,0,0,2,2,55,1,1,2,1,0,0,1,13,6,2,4,2,1,0
35,350111,1,1,2,22,4,7,9,24,0,1,0,35,2,23,481,23481,31,1987,1GTEV14K3HS5,1,G,T,E,V,1,4,K,3,H,S,5,0,T,GMC,V15,PK,87,17,,2,1315,1175,V15,G,,0,0,000000000,00000000000,0,0,0,1,0,0,0,0,0,0,0,98,0,1,5,14,13,6,2,1,0,0,0,1,35,87305,6,1,0,0,3,0,68,210,98,0,0,0,0,0,0,0,0,1,58,85,0,0,2,2,55,1,1,2,4,28,3,1,5,6,3,4,2,1,0
35,350112,1,1,1,3,6,20,15,1,0,1,0,20,1,35,472,35472,30,2000,1N6DD26SXYC3,1,N,6,D,D,2,6,S,X,Y,C,3,0,T,NISS,FKX,PC,0,17,,1,0,1161,FRT,G,,0,0,000000000,00000000000,0,0,0,1,0,0,0,0,0,0,0,98,0,1,5,0,13,6,2,1,0,0,0,1,20,67846,3,1,0,0,2,0,66,140,0,0,0,0,0,0,0,0,0,0,58,0,0,0,2,2,75,2,2,2,1,98,3,14,13,6,2,4,2,1,1
35,350113,1,2,2,10,6,13,33,12,6,1,0,35,2,6,441,6441,20,2003,2C4GP44353R3,2,C,4,G,P,4,4,3,5,3,R,3,0,P,CHRY,TWC,SV,3,17,3963,,0,1193,,F,,0,0,000000000,00000000000,0,0,0,1,0,0,0,0,0,0,0,98,0,0,0,3,3,6,2,12,0,0,0,1,35,87108,6,1,0,0,3,0,68,225,98,0,0,0,0,0,0,0,0,0,0,0,0,0,2,2,65,1,1,2,1,98,3,1,78,1,1,1,87,1,0
35,350113,2,2,1,10,6,13,33,12,6,1,0,35,2,21,21,21021,4,1996,1G3NL52T3TM3,1,G,3,N,L,5,2,T,3,T,M,3,0,P,OLDS,ASL,4D,96,17,2813,,0,1034,,G,,0,0,000000000,00000000000,0,0,0,1,0,0,0,0,0,0,0,98,0,0,0,12,12,6,2,12,0,0,0,1,35,88253,0,0,0,0,0,0,67,194,98,0,0,0,0,0,0,0,0,0,39,0,0,0,2,2,65,1,1,2,1,20,3,1,17,1,1,2,86,0,0
35,350114,1,1,7,14,6,17,47,1,0,1,0,26,2,20,443,20443,20,2001,1GNDX03E31D2,1,G,N,D,X,0,3,E,3,1,D,2,0,T,CHEV,VTR,ES,1,17,,1,0,1200,VTR,G,,0,0,000000000,00000000000,0,0,0,1,0,0,0,0,0,0,0,98,0,1,2,0,13,6,2,1,0,0,0,1,26,48433,6,1,0,0,3,0,68,195,0,0,0,0,0,0,0,0,0,0,58,0,0,0,2,2,75,1,2,2,1,0,0,1,13,7,4,4,2,1,0
35,350115,1,1,1,26,6,15,12,1,0,1,0,35,2,12,481,12481,31,1990,1FTEF14N9LPA,1,F,T,E,F,1,4,N,9,L,P,A,0,T,FORD,F15,PK,90,17,,2,1330,1170,COF,G,,0,0,000000000,00000000000,0,0,0,1,0,0,0,0,0,0,0,98,0,1,3,0,13,6,2,1,0,0,0,1,35,87701,6,1,0,0,3,0,70,135,98,0,0,0,0,0,0,0,0,0,0,0,0,0,2,2,55,1,1,2,1,28,3,1,12,1,2,5,7,1,1
35,350116,1,1,1,29,6,19,38,42,0,1,0,35,1,73,705,73705,80,2009,JKAEXEC1X9DA,J,K,A,E,X,E,C,1,X,9,D,A,0,M,KAWK,E6C,RC,9,17,,,,,,,649,0,0,000000000,00000000000,0,0,0,1,0,0,0,0,0,0,0,98,0,0,0,2,81,6,2,42,0,0,0,1,35,87505,6,1,0,0,3,0,66,140,98,0,0,0,0,0,0,0,0,1,0,0,0,0,2,2,35,1,1,2,1,0,0,1,12,1,1,4,6,1,1
35,350117,1,2,1,26,6,19,30,12,6,1,0,35,1,49,40,49040,4,1998,JT2BG22KXW01,J,T,2,B,G,2,2,K,X,W,0,1,0,P,TOYT,CXL,4D,98,17,3120,,0,1051,,G,,0,0,000000000,00000000000,0,0,0,1,0,0,0,0,0,0,0,98,0,0,0,9,9,6,2,12,0,0,0,1,35,87002,6,1,0,0,3,0,66,190,98,0,0,0,0,0,0,0,0,0,38,0,0,0,2,2,50,1,1,2,1,3,3,1,17,1,1,1,89,1,0
35,350117,2,2,2,26,6,19,30,12,6,1,0,35,1,7,481,7481,31,1993,1B7KE26C5PS1,1,B,7,K,E,2,6,C,5,P,S,1,0,T,DODG,D20,PK,93,17,,2,0,1310,D20,D,,0,0,000000000,00000000000,0,0,0,1,0,0,0,0,0,0,0,98,0,0,0,12,12,6,2,12,0,0,0,1,35,87031,6,1,0,0,3,0,70,180,98,0,0,0,1,7,2008,7,2008,0,0,0,0,0,2,2,50,1,1,2,1,3,3,1,78,1,1,1,88,0,0
35,350118,1,2,1,9,6,17,40,12,6,1,0,35,1,73,706,73706,80,2008,JKAZXCE148A0,J,K,A,Z,X,C,E,1,4,8,A,0,0,M,KAWK,Z0E,RS,8,17,,,,,,,998,0,0,000000000,00000000000,0,0,0,1,0,0,0,0,0,0,0,98,0,0,0,12,12,6,2,12,0,0,0,1,35,87123,6,1,0,0,3,0,72,235,98,0,0,0,0,0,0,0,0,1,8,0,0,0,2,2,35,1,4,2,1,0,0,1,51,1,1,2,98,1,1
35,350118,2,2,1,9,6,17,40,12,6,1,0,35,1,12,481,12481,31,2007,1FTRW12W67KA,1,F,T,R,W,1,2,W,6,7,K,A,0,T,FORD,F1S,CW,7,17,,2,0,1390,COF,G,,0,0,000000000,00000000000,0,0,0,1,0,0,0,0,0,0,0,98,0,0,0,5,5,6,2,12,0,0,0,1,35,87121,6,1,0,0,3,0,68,190,98,0,0,0,0,0,0,0,0,0,0,0,0,0,2,2,35,1,1,2,1,0,0,12,17,1,1,2,98,0,0
35,350119,1,1,1,15,3,16,0,1,0,1,0,4,1,53,405,53405,14,2006,JS3TY92V1641,J,S,3,T,Y,9,2,V,1,6,4,1,0,P,SUZI,XL7,UT,6,17,3638,,0,1102,,G,,0,0,000000000,00000000000,0,0,0,1,0,0,0,0,0,0,0,98,0,1,5,0,13,6,2,1,0,0,0,1,4,85737,6,1,0,0,3,0,73,200,0,0,0,0,0,0,0,0,0,1,0,0,0,0,2,2,75,2,1,2,1,98,3,14,13,1,1,4,1,1,0
35,350120,1,2,1,17,6,10,50,12,6,1,0,35,2,49,472,49472,30,2007,5TELU42N07Z4,5,T,E,L,U,4,2,N,0,7,Z,4,0,T,TOYT,DCL,CW,7,17,,1,0,1278,TAC,G,,0,0,000000000,00000000000,0,0,0,1,0,0,0,0,0,0,0,98,0,0,0,12,3,6,2,12,0,0,0,1,35,87124,6,1,0,0,3,0,66,149,98,0,0,0,2,11,2008,6,2009,0,0,0,0,0,2,4,45,1,1,2,1,3,3,1,78,1,1,1,69,0,0
35,350120,2,2,2,17,6,10,50,12,6,1,0,35,2,63,32,63032,4,2006,KNADE1236660,K,N,A,D,E,1,2,3,6,6,6,0,0,P,KIA,RIO,4D,6,17,2365,,0,984,,G,,0,0,000000000,00000000000,0,0,0,1,0,0,0,0,0,0,0,98,0,0,0,3,3,6,2,12,0,0,0,1,35,87040,6,1,0,0,3,0,63,175,98,0,0,0,0,0,0,0,0,0,38,0,0,0,2,2,45,1,1,2,1,3,3,11,17,1,1,2,68,1,0
35,350121,1,2,1,12,7,2,0,12,1,1,0,35,2,22,22,22022,4,2007,1G2ZF58B6741,1,G,2,Z,F,5,8,B,6,7,4,1,0,P,PONT,6VB,4D,7,17,3305,,0,1123,,G,,0,0,000000000,00000000000,0,0,0,1,0,0,0,0,0,0,0,98,0,0,0,12,12,6,2,12,0,0,0,1,35,87021,6,1,0,0,3,0,62,180,98,0,0,0,0,0,0,0,0,0,0,0,0,0,2,2,75,1,1,2,1,98,3,1,51,1,1,1,28,1,1
35,350121,2,2,2,12,7,2,0,12,1,1,0,17,3,87,881,87881,66,2008,1XPXD49X38N7,1,X,P,X,D,4,9,X,3,8,N,7,1,T,PTRB,389,DS,8,17,,8,0,0,CON,D,,1,57,000000,57000000,3,6,97,1,0,0,0,0,0,0,0,98,0,0,0,6,6,6,2,12,0,0,0,1,4,76501,6,1,6,1,3,1,66,176,0,2,0,0,0,10,2009,10,2009,0,0,0,0,0,2,2,75,1,1,2,1,98,3,2,18,1,1,1,29,0,0
35,350122,1,1,4,8,7,14,50,1,0,1,0,96,1,12,481,12481,31,2006,1FTRF12W46KC,1,F,T,R,F,1,2,W,4,6,K,C,0,T,FORD,F15,PK,6,17,,2,1450,1260,COF,G,,0,0,000000000,00000000000,0,0,0,1,0,0,0,0,0,0,0,98,0,1,5,0,13,6,2,1,0,0,0,1,96,0,6,1,0,0,3,0,66,185,99,99,99,99,99,99,9999,99,9999,0,80,0,0,0,2,2,75,1,1,2,1,0,0,1,13,1,2,4,2,1,0
35,350123,1,1,5,13,7,7,26,1,0,1,0,35,4,20,481,20481,31,2009,1GNFK230X9R2,1,G,N,F,K,2,3,0,X,9,R,2,0,P,CHEV,KTA,UT,9,17,5524,,0,1160,,F,,0,0,000000000,00000000000,0,0,0,1,0,0,0,0,0,0,0,98,0,1,5,0,13,6,2,1,0,0,0,1,6,90047,6,1,0,0,3,0,68,200,0,0,0,1,0,10,2008,10,2008,0,58,0,0,0,2,2,75,2,2,2,1,0,0,14,13,6,2,4,2,1,0
35,350124,1,1,1,13,7,20,15,42,0,1,0,35,1,37,705,37705,80,2001,JH2RC44371M4,J,H,2,R,C,4,4,3,7,1,M,4,0,M,HOND,V75,RS,1,17,,,,,,,745,0,0,000000000,00000000000,0,0,0,1,0,0,0,0,0,0,0,98,0,0,0,12,12,6,2,42,0,0,0,1,35,88022,6,1,0,0,3,0,66,150,98,0,0,0,0,0,0,0,0,1,0,0,0,0,2,2,45,2,2,2,1,28,3,14,13,1,1,4,1,1,1
35,350125,1,1,1,17,7,15,30,33,0,1,0,48,1,37,705,37705,80,2006,JH2PC370X6M3,J,H,2,P,C,3,7,0,X,6,M,3,0,M,HOND,B60,RS,6,17,,,,,,,599,0,0,000000000,00000000000,0,0,0,1,0,0,0,0,0,0,0,98,0,0,0,12,12,6,2,59,0,0,0,1,48,79904,6,1,0,0,3,0,67,204,0,0,0,0,0,0,0,0,0,1,0,0,0,0,2,2,55,2,2,2,1,98,3,14,10,1,1,4,6,1,0
35,350126,1,1,1,25,7,1,30,8,0,1,0,35,2,35,472,35472,30,2002,1N6ED29X52C3,1,N,6,E,D,2,9,X,5,2,C,3,0,T,NISS,XSC,CW,2,17,,1,0,1311,FRT,G,,0,0,000000000,00000000000,0,0,0,1,0,0,0,0,0,0,0,98,0,0,0,12,12,6,2,8,0,0,0,1,35,88021,6,1,0,0,3,0,71,250,98,0,0,0,0,0,0,0,0,0,0,0,0,0,2,2,65,1,1,2,1,0,0,1,80,1,1,1,13,0,0
35,350127,1,1,1,21,5,18,18,1,0,1,0,35,2,20,481,20481,31,2001,2GCEK19T6112,2,G,C,E,K,1,9,T,6,1,1,2,0,T,CHEV,SK1,4C,1,17,,2,1575,1435,SIL,G,,0,0,000000000,00000000000,0,0,0,1,0,0,0,0,0,0,0,98,0,1,5,0,13,6,2,1,0,0,0,1,35,87327,6,1,0,0,3,0,68,180,98,0,0,0,1,4,2010,4,2010,1,0,0,0,0,2,2,35,1,1,2,8,0,0,1,13,1,3,4,2,1,1
35,350128,1,1,2,25,7,17,14,1,0,1,0,35,2,12,37,12037,4,2006,1FAFP34N06W2,1,F,A,F,P,3,4,N,0,6,W,2,0,P,FORD,ZX4,4D,6,17,2676,,0,1029,,G,,0,0,000000000,00000000000,0,0,0,1,0,0,0,0,0,0,0,98,0,1,5,0,13,6,2,1,0,0,0,1,35,87323,6,1,0,0,3,0,65,152,98,0,0,0,0,0,0,0,0,0,58,0,0,0,2,2,75,2,2,2,1,0,0,14,13,7,2,4,2,1,0
35,350129,1,1,4,26,7,16,5,1,0,1,0,6,1,7,442,7442,20,2002,2B4GP44362R6,2,B,4,G,P,4,4,3,6,2,R,6,0,P,DODG,CAR,SV,2,17,4002,,0,1193,,F,,0,0,000000000,00000000000,0,0,0,1,0,0,0,0,0,0,0,98,0,1,5,0,13,6,2,1,0,0,0,1,6,90650,6,1,0,0,3,0,64,182,0,0,0,0,0,0,0,0,0,0,58,0,0,0,2,2,75,1,1,2,2,98,3,1,13,7,4,4,2,1,0
35,350130,1,2,3,28,1,2,30,12,2,1,0,35,2,20,34,20034,3,1992,2C1MR2465N67,2,C,1,M,R,2,4,6,5,N,6,7,0,P,GEO,GML,2H,92,17,1650,,931,892,,G,,0,0,000000000,00000000000,0,0,0,1,0,0,0,0,0,0,0,98,0,0,0,12,12,6,2,12,0,0,0,1,35,87013,6,1,0,0,3,0,63,183,98,0,0,0,0,0,0,0,0,0,0,0,0,0,1,2,55,1,1,2,1,0,0,1,62,1,1,1,52,1,1
35,350130,2,2,1,28,1,2,30,12,2,1,1,35,6,12,481,12481,31,2002,1FTNW21F72ED,1,F,T,N,W,2,1,F,7,2,E,D,0,T,FORD,F2S,CW,2,17,,2,1724,1562,SRW,D,,0,0,000000000,00000000000,0,0,0,1,0,0,0,0,0,0,0,98,0,0,0,12,12,6,2,12,0,0,0,0,,,,,,,,,999,,,,,,,,,,,,20,0,0,0,1,2,55,1,1,2,1,0,0,0,10,0,0,0,52,0,0
35,350132,1,1,1,28,1,6,0,1,0,1,0,35,2,7,482,7482,31,2001,3B7HC13Y11G8,3,B,7,H,C,1,3,Y,1,1,G,8,0,T,DODG,Q15,4C,1,17,,2,1547,1387,RPC,G,,0,0,000000000,00000000000,0,0,0,1,0,0,0,0,0,0,0,98,0,1,5,0,13,6,2,1,0,0,0,1,35,88435,0,0,0,0,0,0,65,130,99,99,99,99,99,99,9999,99,9999,1,0,0,0,0,1,2,55,1,1,2,3,0,0,1,12,3,2,4,2,1,1
35,350133,1,2,1,3,3,18,56,12,6,1,0,35,3,20,481,20481,31,2006,1GCHC24U86E1,1,G,C,H,C,2,4,U,8,6,E,1,0,T,CHEV,2CH,PK,6,17,,2,0,1330,SIL,G,,0,0,000000000,00000000000,0,0,0,1,0,0,0,0,0,0,0,98,0,0,0,12,12,6,2,12,0,0,0,1,35,88220,6,1,0,0,3,0,70,255,98,0,0,0,0,0,0,0,0,0,0,0,0,0,2,2,70,2,2,2,1,0,0,14,54,1,1,2,83,1,0
35,350133,2,2,1,3,3,18,56,12,6,1,0,35,3,86,881,86881,66,2008,1M2AX03Y78M0,1,M,2,A,X,0,3,Y,7,8,M,0,1,T,MACK,GU7,DS,8,17,,8,0,0,700,D,,1,57,1966149,571966149,3,6,2,1,0,0,0,0,0,0,0,98,0,0,0,5,5,4,1,12,0,0,0,1,35,88220,6,1,6,1,3,1,69,265,98,0,0,0,0,0,0,0,0,0,0,0,0,0,2,2,70,1,1,2,1,0,0,11,11,1,1,2,82,0,0
35,350134,1,1,5,14,3,7,50,14,0,1,0,35,1,12,401,12401,14,2003,1FMZU73K93ZA,1,F,M,Z,U,7,3,K,9,3,Z,A,0,P,FORD,EPR,UT,3,17,4094,,0,1137,,F,,0,0,000000000,00000000000,0,0,0,1,0,0,0,0,0,0,0,98,0,0,0,9,9,6,2,14,0,0,0,1,35,87031,6,1,0,0,3,0,71,205,98,0,0,0,0,0,0,0,0,1,87,0,0,0,2,2,75,1,1,2,3,0,0,1,6,7,1,4,98,1,0
35,350135,1,2,2,24,3,14,37,12,6,1,0,35,1,7,482,7482,31,2003,1D7HA18N83J5,1,D,7,H,A,1,8,N,8,3,J,5,0,T,DODG,SQ1,CW,3,17,,2,1605,1405,RPC,G,,0,0,000000000,00000000000,0,0,0,1,0,0,0,0,0,0,0,98,0,0,0,12,12,6,2,12,0,0,0,1,35,88201,6,1,0,0,3,0,61,144,98,0,0,0,3,3,2010,3,2010,0,0,0,0,0,1,2,35,1,1,2,1,0,0,1,78,1,1,1,88,0,0
35,350135,2,2,1,24,3,14,37,12,6,1,0,35,1,35,471,35471,30,1997,1N6SD16S1VC3,1,N,6,S,D,1,6,S,1,V,C,3,0,T,NISS,KSX,PC,97,17,,1,0,1161,TRK,G,,0,0,000000000,00000000000,0,0,0,1,0,0,0,0,0,0,0,98,0,0,0,9,9,6,2,12,0,0,0,1,35,88203,6,1,0,0,3,0,72,180,98,0,0,0,0,0,0,0,0,0,38,39,0,0,1,2,35,1,1,2,1,20,3,1,17,1,1,1,89,1,0
35,350136,1,1,1,7,5,8,16,1,0,1,0,35,1,41,45,41045,1,2006,JM1NC25F7601,J,M,1,N,C,2,5,F,7,6,0,1,0,P,MAZD,MIA,CV,6,17,2441,,0,892,,G,,0,0,000000000,00000000000,0,0,0,1,0,0,0,0,0,0,0,98,0,1,5,0,13,6,2,1,0,0,0,1,35,87020,6,1,0,0,3,0,63,125,98,0,0,0,0,0,0,0,0,0,82,0,0,0,1,2,65,1,1,2,2,0,0,1,13,7,3,4,2,1,0