STATE,ST_CASE,VEH_NO,VE_FORMS,NUMOCCS,DAY,MONTH,HOUR,MINUTE,HARM_EV,MAN_COLL,UNITTYPE,HIT_RUN,REG_STAT,OWNER,MAKE,MODEL,MAK_MOD,BODY_TYP,MOD_YEAR,VIN,VIN_1,VIN_2,VIN_3,VIN_4,VIN_5,VIN_6,VIN_7,VIN_8,VIN_9,VIN_10,VIN_11,VIN_12,TOW_VEH,VINTYPE,VINMAKE,VINA_MOD,VIN_BT,VINMODYR,VIN_LNGT,VIN_WGT,WGTCD_TR,WHLBS_LG,WHLBS_SH,SER_TR,FUELCODE,MCYCL_DS,J_KNIFE,MCARR_I1,MCARR_I2,MCARR_ID,GVWR,V_CONFIG,CARGO_BT,HAZ_INV,HAZ_PLAC,HAZ_ID,HAZ_CNO,HAZ_REL,BUS_USE,SPEC_USE,EMER_USE,TRAV_SP,UNDERIDE,ROLLOVER,ROLINLOC,IMPACT1,IMPACT2,DEFORMED,TOWED,M_HARM,VEH_SC1,VEH_SC2,FIRE_EXP,DR_PRES,L_STATE,DR_ZIP,L_STATUS,L_TYPE,CDL_STAT,L_ENDORS,L_COMPL,L_RESTRI,DR_HGT,DR_WGT,PREV_ACC,PREV_SUS,PREV_DWI,PREV_SPD,PREV_OTH,FIRST_MO,FIRST_YR,LAST_MO,LAST_YR,SPEEDREL,DR_SF1,DR_SF2,DR_SF3,DR_SF4,VTRAFWAY,VNUM_LAN,VSPD_LIM,VALIGN,VPROFILE,VPAVETYP,VSURCOND,VTRAFCON,VTCONT_F,P_CRASH1,P_CRASH2,P_CRASH3,PCRASH4,PCRASH5,ACC_TYPE,DEATHS,DR_DRINK
35,350137,1,1,4,28,5,22,49,39,0,1,0,35,2,53,40,53040,5,2008,JS2YB4131851,J,S,2,Y,B,4,1,3,1,8,5,1,0,P,SUZI,SXR,4H,8,17,2855,,0,984,,G,,0,0,000000000,00000000000,0,0,0,1,0,0,0,0,0,0,0,98,0,0,0,12,12,6,2,42,0,0,0,1,35,87567,6,1,0,0,3,0,65,145,98,0,0,0,3,12,2008,12,2009,1,0,0,0,0,1,2,25,1,1,2,1,0,0,1,13,7,2,4,2,2,0
35,350138,1,2,2,11,6,17,27,12,2,1,0,35,1,24,5,24005,4,2002,1G8JT54F82Y5,1,G,8,J,T,5,4,F,8,2,Y,5,0,P,STRN,L20,4D,2,17,2989,,0,1065,,G,,0,0,000000000,00000000000,0,0,0,1,0,0,0,0,0,0,0,98,0,0,0,12,12,6,2,12,0,0,0,1,35,87031,6,1,0,0,3,0,69,145,98,0,1,1,0,2,2009,6,2010,0,58,0,0,0,2,2,50,2,1,2,1,28,3,14,10,1,1,2,50,0,1
35,350138,2,2,1,11,6,17,27,12,2,1,0,35,1,20,34,20034,3,1993,2C1MR2464P67,2,C,1,M,R,2,4,6,4,P,6,7,0,P,GEO,GEM,2H,93,17,1650,,931,892,,G,,0,0,000000000,00000000000,0,0,0,1,0,0,0,0,0,0,0,98,0,0,0,12,12,6,2,12,0,0,0,1,35,87031,6,1,0,0,3,0,66,160,98,0,0,0,2,9,2009,1,2010,0,0,0,0,0,2,2,50,2,1,2,1,28,3,14,62,1,1,1,51,1,1
35,350139,1,1,1,23,5,15,53,35,0,1,0,35,1,6,43,6043,2,1996,4C3AU52N4TE2,4,C,3,A,U,5,2,N,4,T,E,2,0,P,CHRY,SLI,2P,96,17,3067,,0,1037,,G,,0,0,000000000,00000000000,0,0,0,1,0,0,0,0,0,0,0,98,0,1,5,12,13,6,2,1,0,0,0,1,35,87529,6,2,0,0,3,0,65,130,98,0,0,0,0,0,0,0,0,1,58,0,0,0,1,2,55,1,1,2,8,0,0,1,13,1,2,4,2,1,0
35,350140,1,1,1,6,6,12,49,35,0,1,0,35,1,20,19,20019,2,1995,1G1LW15M2SY1,1,G,1,L,W,1,5,M,2,S,Y,1,0,P,CHEV,Z26,CP,95,17,2990,,0,1034,,G,,0,0,000000000,00000000000,0,0,0,1,0,0,0,0,0,0,0,98,0,1,5,12,12,6,2,1,0,0,0,1,35,87401,6,1,0,0,3,0,71,145,98,0,0,0,0,0,0,0,0,1,0,0,0,0,1,2,45,2,2,2,1,0,0,14,13,1,2,4,2,1,1
35,350141,1,1,5,6,6,15,50,1,0,1,0,35,1,35,402,35402,14,2002,5N1ED28T92C5,5,N,1,E,D,2,8,T,9,2,C,5,0,P,NISS,XTR,UT,2,17,3638,,0,1043,,G,,0,0,000000000,00000000000,0,0,0,1,0,0,0,0,0,0,0,98,0,1,5,0,13,6,2,1,0,0,0,1,35,87109,6,1,0,0,3,0,66,175,98,0,0,0,0,0,0,0,0,0,81,0,0,0,2,2,40,1,1,2,1,28,3,1,13,1,2,4,2,2,0
35,350142,1,1,4,18,1,7,48,1,0,1,0,35,1,52,46,52046,4,2002,JA3AJ86E02U0,J,A,3,A,J,8,6,E,0,2,U,0,0,P,MITS,LZR,4D,2,17,2701,,0,1024,,G,,0,0,000000000,00000000000,0,0,0,1,0,0,0,0,0,0,0,98,0,1,5,0,13,6,2,1,0,0,0,1,35,87199,6,1,0,0,3,0,66,135,98,0,0,0,0,0,0,0,0,0,58,0,0,0,2,2,75,1,1,2,1,0,0,1,13,7,2,4,2,1,0
35,350143,1,1,1,20,1,18,0,1,0,1,0,35,3,98,804,98804,66,2007,5KKHALDE97PX,5,K,K,H,A,L,D,E,9,7,P,X,1,T,WSTR,49S,TM,7,17,,8,0,0,CNV,D,,1,57,01689172,5701689172,3,6,97,1,0,0,0,0,0,0,0,98,0,1,5,0,13,6,2,1,0,0,0,1,41,88220,6,1,6,0,3,0,71,168,0,0,0,0,0,0,0,0,0,1,0,0,0,0,1,2,55,2,1,2,1,98,3,14,13,6,2,4,7,1,0
35,350144,1,2,3,4,2,8,17,12,2,1,0,6,1,49,482,49482,31,2004,5TBET34154S4,5,T,B,E,T,3,4,1,5,4,S,4,0,T,TOYT,DBS,CW,4,17,,2,0,1283,TUN,G,,0,0,000000000,00000000000,0,0,0,1,0,0,0,0,0,0,0,98,0,0,0,12,12,6,2,12,0,0,0,1,6,91761,6,1,6,1,3,0,68,150,0,0,0,0,0,0,0,0,0,1,58,87,0,0,2,2,65,1,1,2,4,0,0,1,12,3,2,4,50,1,0
35,350144,2,2,1,4,2,8,17,12,2,1,0,35,1,20,471,20471,30,1995,1GCCS1945S81,1,G,C,C,S,1,9,4,5,S,8,1,0,T,CHEV,S14,PC,95,17,,1,0,1229,S,G,,0,0,000000000,00000000000,0,0,0,1,0,0,0,0,0,0,0,98,0,0,0,12,12,6,2,12,0,0,0,1,35,87347,6,1,0,0,3,0,67,210,98,0,0,0,0,0,0,0,0,0,0,0,0,0,2,2,65,1,1,2,4,0,0,1,78,1,1,4,51,0,0
35,350146,1,1,1,30,6,17,0,5,0,1,0,35,3,20,481,20481,31,1993,1GCEK14K2PZ2,1,G,C,E,K,1,4,K,2,P,Z,2,0,T,CHEV,GK1,PK,93,17,,2,1315,1175,GM4,G,,0,0,000000000,00000000000,0,0,0,1,0,0,0,0,0,0,0,98,0,0,0,0,0,0,3,5,0,0,0,1,35,87577,6,1,0,0,3,0,70,160,98,0,0,0,0,0,0,0,0,1,0,0,0,0,1,2,10,1,2,2,1,0,0,1,98,1,1,4,0,1,1
35,350147,1,2,1,30,6,16,36,12,6,1,0,35,1,12,481,12481,31,2002,1FTRX17202KB,1,F,T,R,X,1,7,2,0,2,K,B,0,T,FORD,F15,4C,2,17,,2,1571,1385,COF,G,,0,0,000000000,00000000000,0,0,0,1,0,0,0,0,0,0,0,98,0,0,0,12,12,6,2,12,0,0,0,1,35,88044,6,1,0,0,3,0,69,215,98,0,0,0,0,0,0,0,0,0,0,0,0,0,2,2,40,1,1,2,1,0,0,1,78,1,1,1,88,0,0
35,350147,2,2,3,30,6,16,36,12,6,1,0,35,2,37,32,37032,4,2001,1HGCG16541A0,1,H,G,C,G,1,6,5,4,1,A,0,0,P,HOND,UEX,4D,1,17,3329,,0,1069,,G,,0,0,000000000,00000000000,0,0,0,1,0,0,0,0,0,0,0,98,0,0,0,9,9,6,2,12,0,0,0,1,35,88021,6,1,0,0,3,0,69,123,98,0,0,0,0,0,0,0,0,1,38,39,0,0,1,2,40,1,1,2,1,0,0,1,17,1,1,2,89,1,0
35,350148,1,2,1,21,4,10,5,12,6,1,0,35,2,72,706,72706,80,2006,1HD1JDB116Y0,1,H,D,1,J,D,B,1,1,6,Y,0,0,M,HD,FTN,RS,6,17,,,,,,,1450,0,0,000000000,00000000000,0,0,0,1,0,0,0,0,0,0,0,98,0,0,0,3,3,6,2,12,0,0,0,1,35,87548,6,1,0,0,3,0,66,140,98,0,0,0,2,12,2007,3,2010,0,0,0,0,0,2,2,35,1,1,2,1,3,3,1,78,1,1,2,87,1,0
35,350148,2,2,1,21,4,10,5,12,6,1,0,35,2,49,40,49040,4,1996,JT2BF12K9T01,J,T,2,B,F,1,2,K,9,T,0,1,0,P,TOYT,LXS,4D,96,17,3241,,0,1031,,G,,0,0,000000000,00000000000,0,0,0,1,0,0,0,0,0,0,0,98,0,0,0,12,12,6,2,12,0,0,0,1,35,87532,6,1,0,0,3,0,67,147,98,0,0,0,0,0,0,0,0,1,38,39,0,0,2,2,35,1,1,2,1,3,3,1,17,1,2,2,86,0,1
35,350149,1,2,3,2,7,15,33,12,1,1,0,6,2,23,401,23401,14,2003,1GKDS13S5322,1,G,K,D,S,1,3,S,5,3,2,2,0,T,GMC,ENV,4W,3,17,,1,0,1130,ENV,G,,0,0,000000000,00000000000,0,0,0,1,0,0,0,0,0,0,0,98,0,0,0,12,12,6,2,12,0,0,0,1,6,90018,6,1,0,0,3,0,64,190,0,0,0,0,0,0,0,0,0,1,0,0,0,0,2,2,45,1,1,2,1,0,0,1,19,1,1,1,20,2,0
35,350149,2,2,1,2,7,15,33,12,1,1,0,18,3,82,881,82881,66,2009,1FUJGLDR99LA,1,F,U,J,G,L,D,R,9,9,L,A,1,T,FRHT,125,DS,9,17,,8,0,0,CSC,D,,1,57,74432,5774432,3,6,97,1,0,0,0,0,0,0,0,0,0,0,0,6,6,6,2,12,0,0,0,1,53,98660,6,1,6,0,3,0,72,245,0,0,0,3,1,4,2008,4,2010,0,0,0,0,0,2,2,45,1,1,2,1,0,0,4,50,1,1,1,21,0,0
35,350150,1,1,1,17,7,12,51,1,0,1,0,35,1,37,705,37705,80,1984,JH2RC1303EM1,J,H,2,R,C,1,3,0,3,E,M,1,0,M,HOND,C65,RS,84,17,,,,,,,650,0,0,000000000,00000000000,0,0,0,1,0,0,0,0,0,0,0,98,0,0,0,0,13,6,2,31,0,0,0,1,35,87508,6,1,0,0,3,0,66,135,98,0,0,0,1,6,2010,6,2010,0,0,0,0,0,1,2,25,1,1,2,1,28,3,1,13,3,2,4,2,1,0
35,350151,1,2,2,19,7,6,55,12,1,1,0,35,2,20,401,20401,14,1998,1GNCS13W1WK1,1,G,N,C,S,1,3,W,1,W,K,1,0,P,CHEV,BZR,UT,98,17,3685,,0,1070,,G,,0,0,000000000,00000000000,0,0,0,1,0,0,0,0,0,0,0,0,0,0,0,6,6,6,2,12,0,0,1,1,35,87110,6,1,0,0,3,0,68,140,98,0,0,0,0,0,0,0,0,0,0,0,0,0,2,2,75,1,1,2,1,0,0,5,53,1,1,2,21,2,0
35,350151,2,2,1,19,7,6,55,12,1,1,0,35,3,12,461,12461,21,2008,1FTNS24L48DA,1,F,T,N,S,2,4,L,4,8,D,A,0,T,FORD,25V,EC,8,17,,2,0,1380,VAN,G,,0,0,000000000,00000000000,0,0,0,1,0,0,0,0,0,0,0,98,0,0,0,12,12,6,2,12,0,0,0,1,35,87010,6,1,0,0,3,0,71,145,98,0,0,0,0,0,0,0,0,0,0,0,0,0,2,2,75,1,1,2,1,0,0,1,11,1,1,2,20,0,0
35,350152,1,2,2,23,7,11,46,12,7,1,0,35,2,20,402,20402,14,2000,2CNBJ13CXY69,2,C,N,B,J,1,3,C,X,Y,6,9,0,P,CHEV,TKR,UT,0,17,2987,,0,976,,G,,0,0,000000000,00000000000,0,0,0,1,0,0,0,0,0,0,0,98,0,0,0,61,61,6,2,12,0,0,0,1,35,87901,6,1,0,0,3,0,70,240,98,0,0,0,3,1,2009,1,2009,1,0,0,0,0,1,2,55,2,2,2,1,28,3,14,51,1,1,1,44,1,0
35,350152,2,2,1,23,7,11,46,12,7,1,0,35,1,7,482,7482,31,1997,3B7KC23ZXVG7,3,B,7,K,C,2,3,Z,X,V,G,7,0,T,DODG,250,PC,97,17,,2,1547,1387,RPC,G,,0,0,000000000,00000000000,0,0,0,1,0,0,0,0,0,0,0,98,0,0,0,81,81,6,2,12,0,0,0,1,2,87930,6,1,6,1,3,1,68,175,0,0,0,0,0,0,0,0,0,1,26,27,0,0,1,2,55,2,2,2,1,28,3,6,11,1,1,2,45,0,0
35,350153,1,1,2,2,8,4,4,1,0,1,0,4,2,52,401,52401,14,2002,JA4LS21H62J0,J,A,4,L,S,2,1,H,6,2,J,0,0,P,MITS,MNS,UT,2,17,3835,,0,1073,,G,,0,0,000000000,00000000000,0,0,0,1,0,0,0,0,0,0,0,98,0,1,3,0,13,6,2,1,0,0,0,1,4,85335,1,1,0,0,2,0,70,170,0,6,0,4,0,8,2008,5,2010,0,0,0,0,0,2,2,75,2,1,2,1,0,0,14,12,9,1,4,6,1,0
35,350154,1,1,1,3,8,5,8,1,0,1,0,35,1,23,471,23471,30,1995,1GKDT13W8SK5,1,G,K,D,T,1,3,W,8,S,K,5,0,T,GMC,JMY,4W,95,17,,1,0,1070,JMY,G,,0,0,000000000,00000000000,0,0,0,1,0,0,0,0,0,0,0,98,0,1,6,0,13,6,2,1,0,0,0,1,35,88220,6,1,0,0,3,0,75,190,98,0,0,0,1,5,2010,5,2010,1,0,0,0,0,1,2,55,2,1,2,1,0,0,14,13,1,1,4,1,1,1
35,350155,1,2,1,3,8,6,19,12,2,1,0,48,2,12,471,12471,30,1990,1FTCR10T1LUB,1,F,T,C,R,1,0,T,1,L,U,B,0,T,FORD,RNG,PK,90,17,,1,1140,1080,RNG,G,,0,0,000000000,00000000000,0,0,0,1,0,0,0,0,0,0,0,98,0,0,0,12,12,6,2,12,0,0,1,1,35,88081,0,0,0,8,0,8,999,999,99,99,99,99,99,99,9999,99,9999,0,0,0,0,0,1,2,65,2,2,2,1,28,3,14,11,2,1,2,50,1,0
35,350155,2,2,1,3,8,6,19,12,2,1,0,48,3,84,881,84881,66,2009,1HTMMAAN89H0,1,H,T,M,M,A,A,N,8,9,H,0,1,T,INTL,430,CC,9,17,,7,0,0,40S,D,,1,57,331112,57331112,3,6,1,1,0,0,0,0,0,0,0,98,0,0,0,12,12,6,2,12,0,0,0,1,48,79904,6,1,6,0,3,0,67,185,0,0,0,4,2,2,2008,3,2010,0,0,0,0,0,1,2,65,2,2,2,1,0,0,14,62,6,1,1,51,0,0
35,350156,1,1,1,5,8,1,34,33,0,1,0,35,1,35,32,35032,2,1992,JN1MS36P9NW1,J,N,1,M,S,3,6,P,9,N,W,1,0,P,NISS,240,2H,92,17,2730,,0,974,,G,,0,0,000000000,00000000000,0,0,0,1,0,0,0,0,0,0,0,98,0,1,6,12,13,6,2,1,0,0,0,1,35,87501,6,1,0,0,3,0,70,115,98,0,0,0,2,7,2009,5,2010,1,39,37,0,0,1,2,35,1,1,2,1,98,3,1,13,1,1,4,1,1,1
35,350157,1,1,1,10,8,20,25,8,0,1,0,48,1,82,881,82881,66,2000,1FUPCDYB9YDG,1,F,U,P,C,D,Y,B,9,Y,D,G,1,T,FRHT,FLD,DS,0,17,,8,0,0,CON,D,,1,57,1933825,571933825,3,6,97,1,0,0,0,0,0,0,0,98,0,0,0,12,12,6,2,8,0,0,0,1,48,79936,6,1,6,1,3,1,65,190,0,0,0,1,0,9,2008,9,2008,0,0,0,0,0,2,2,65,2,1,2,1,0,0,14,80,6,1,1,13,0,0
35,350158,1,1,2,21,7,10,47,5,0,1,0,48,2,20,481,20481,31,2002,2GCEC19VX214,2,G,C,E,C,1,9,V,X,2,1,4,0,T,CHEV,SC1,4C,2,17,,2,1575,1435,SIL,G,,0,0,000000000,00000000000,0,0,0,1,0,0,0,0,0,0,0,98,0,0,0,0,0,0,1,5,0,0,0,1,35,88135,6,1,0,0,3,0,61,135,98,0,0,0,3,7,2010,7,2010,0,21,0,0,0,1,2,55,1,1,2,1,0,0,1,98,1,1,1,0,1,0
35,350159,1,1,4,12,8,13,0,35,0,1,0,35,2,12,402,12402,14,2006,1FMYU02Z86KC,1,F,M,Y,U,0,2,Z,8,6,K,C,0,P,FORD,SPE,UT,6,17,3183,,0,1031,,G,,0,0,000000000,00000000000,0,0,0,1,0,0,0,0,0,0,0,98,0,1,5,12,13,6,2,1,0,0,0,1,35,87049,6,1,0,0,3,0,70,160,98,0,0,0,1,12,2007,12,2007,1,0,0,0,0,1,2,35,1,1,2,1,0,0,1,13,1,1,4,1,1,1
35,350160,1,1,1,12,8,4,16,8,0,1,0,35,1,23,421,23421,15,2000,1GKEK13T5YJ1,1,G,K,E,K,1,3,T,5,Y,J,1,0,T,GMC,YUK,4W,0,17,,2,0,1160,YUK,G,,0,0,000000000,00000000000,0,0,0,1,0,0,0,0,0,0,0,55,0,0,0,12,12,6,2,8,0,0,0,1,35,88021,6,1,0,0,3,0,67,200,98,0,0,0,4,9,2008,3,2010,0,0,0,0,0,2,2,55,1,1,2,1,0,0,1,80,1,1,2,13,0,0
35,350161,1,1,1,25,8,15,30,1,0,1,0,4,3,86,881,86881,66,2000,1M1AA13YXYW1,1,M,1,A,A,1,3,Y,X,Y,W,1,1,T,MACK,CH6,DS,0,17,,8,0,0,600,D,,1,57,01136453,5701136453,3,6,2,1,0,0,0,0,0,0,0,98,0,1,5,0,13,6,2,1,0,0,0,1,4,85353,6,1,6,1,3,1,70,220,0,0,0,0,0,0,0,0,0,0,58,0,0,0,1,2,35,2,2,2,1,0,0,14,12,7,2,4,7,1,0
35,350162,1,1,1,29,8,2,5,8,0,1,1,99,9,99,999,99999,99,9999,999999999999,9,9,9,9,9,9,9,9,9,9,9,9,9,U,,,,9,17,,,,,,,,0,99,999999999,99999999999,9,99,99,1,0,0,0,0,99,99,9,999,9,0,0,12,12,9,9,8,0,0,0,1,98,99999,9,9,99,9,9,8,999,999,99,99,99,99,99,99,9999,99,9999,9,99,99,99,99,1,3,99,1,1,2,1,3,3,1,80,1,1,1,13,0,0
35,350163,1,1,1,4,9,19,3,1,0,1,0,35,2,20,401,20401,14,1999,1GNDT13W1X22,1,G,N,D,T,1,3,W,1,X,2,2,0,P,CHEV,BZR,UT,99,17,4023,,0,1070,,G,,0,0,000000000,00000000000,0,0,0,1,0,0,0,0,0,0,0,98,0,1,5,0,13,9,2,1,0,0,0,1,35,87410,6,1,0,0,3,0,62,195,98,0,0,0,4,10,2008,2,2010,1,0,0,0,0,1,2,45,2,1,2,1,28,3,14,10,1,1,4,1,1,1
35,350164,1,1,1,2,9,21,23,38,0,1,0,35,2,6,51,6051,4,2008,2C3KA43R78H2,2,C,3,K,A,4,3,R,7,8,H,2,0,P,CHRY,3LX,4D,8,17,3725,,0,1200,,G,,0,0,000000000,00000000000,0,0,0,1,0,0,0,0,0,0,0,98,0,0,0,12,12,6,2,43,0,0,0,1,35,87567,6,1,0,0,3,0,62,170,98,0,0,0,2,7,2008,7,2008,1,37,0,0,0,1,2,35,1,2,1,1,0,0,1,92,1,2,4,7,1,1
35,350165,1,1,1,21,9,12,25,38,0,1,0,35,1,37,705,37705,80,2008,JH2PC400X8M1,J,H,2,P,C,4,0,0,X,8,M,1,0,M,HOND,B60,RS,8,17,,,,,,,599,0,0,000000000,00000000000,0,0,0,1,0,0,0,0,0,0,0,98,0,0,0,12,12,6,2,30,0,0,0,1,35,88240,6,1,0,0,3,0,74,245,98,0,0,0,0,0,0,0,0,1,0,0,0,0,1,2,45,2,1,2,1,0,0,14,12,1,2,4,7,1,0
35,350166,1,1,1,29,8,22,40,35,0,1,0,35,3,53,705,53705,80,1992,JS1GN75A0N21,J,S,1,G,N,7,5,A,0,N,2,1,0,M,SUZI,G60,RS,92,17,,,,,,,600,0,0,000000000,00000000000,0,0,0,1,0,0,0,0,0,0,0,98,0,0,0,12,12,6,2,35,0,0,0,1,35,87124,6,1,0,0,3,0,71,180,98,0,0,0,3,12,2009,3,2010,1,0,0,0,0,2,2,70,2,1,2,2,0,0,14,13,1,1,4,1,1,1
35,350167,1,1,1,8,9,1,6,8,0,1,1,0,0,99,999,99999,99,9999,999999999999,9,9,9,9,9,9,9,9,9,9,9,9,9,U,,,,9,17,,,,,,,,0,99,999999999,99999999999,9,99,99,1,0,0,0,0,99,99,9,999,9,0,0,12,99,9,9,8,0,0,0,1,99,99999,9,9,99,9,9,9,999,999,99,99,99,99,99,99,9999,99,9999,9,99,99,99,99,2,2,75,1,1,2,1,0,0,1,80,1,1,1,13,0,0
35,350168,1,1,1,19,8,21,40,42,0,1,0,35,1,20,22,20022,2,2006,1G1AK15F4677,1,G,1,A,K,1,5,F,4,6,7,7,0,P,CHEV,BLS,CP,6,17,2991,,0,1033,,G,,0,0,000000000,00000000000,0,0,0,1,0,0,0,0,0,0,0,98,0,0,0,12,12,6,2,42,0,0,0,1,35,87420,6,1,0,0,3,0,66,290,98,0,0,0,0,0,0,0,0,0,0,0,0,0,1,2,60,1,1,2,2,0,0,1,13,1,4,4,2,1,1
35,350169,1,2,2,23,3,8,44,12,2,1,0,35,1,22,16,22016,4,1999,3G2JB5242XS8,3,G,2,J,B,5,2,4,2,X,S,8,0,P,PONT,SFS,4D,99,17,2670,,0,1041,,G,,0,0,000000000,00000000000,0,0,0,1,0,0,0,0,0,0,0,98,0,0,0,12,12,6,2,12,0,0,0,1,35,87522,6,1,0,0,3,0,61,170,98,0,0,0,1,3,2009,3,2009,0,0,0,0,0,1,2,25,1,1,2,1,0,0,1,10,1,1,2,50,1,0
35,350169,2,2,1,23,3,8,44,12,2,1,0,35,1,7,472,7472,30,2000,1B7GG2AN54S7,1,B,7,G,G,2,A,N,5,4,S,7,0,T,DODG,,,4,17,,,,,,G,,0,0,000000000,00000000000,0,0,0,1,0,0,0,0,0,0,0,98,0,0,0,12,12,6,2,12,0,0,0,1,35,87532,6,1,0,0,3,0,60,140,98,0,0,0,0,0,0,0,0,0,0,0,0,0,1,2,25,1,1,2,1,0,0,1,62,2,1,1,51,0,0
35,350170,1,1,1,28,6,4,57,1,0,1,0,35,5,7,482,7482,31,2006,3D7KS26C56G2,3,D,7,K,S,2,6,C,5,6,G,2,0,T,DODG,S25,PK,6,17,,2,0,1405,RPC,D,,0,0,000000000,00000000000,0,0,0,1,0,0,0,0,0,0,0,98,0,1,5,0,13,6,2,1,0,0,0,1,98,99999,0,0,0,0,0,8,999,999,99,99,99,99,99,99,9999,99,9999,1,0,0,0,0,1,2,45,1,1,2,1,0,0,1,12,6,4,4,7,1,1
35,350171,1,1,4,20,3,7,8,38,0,1,0,4,2,35,473,35473,31,2005,1N6BA06A45N5,1,N,6,B,A,0,6,A,4,5,N,5,0,T,NISS,TXS,PC,5,17,,2,0,1398,TTN,F,,0,0,000000000,00000000000,0,0,0,1,0,0,0,0,0,0,0,98,0,1,5,12,13,6,2,1,0,0,0,1,4,86515,0,0,0,0,0,0,73,260,0,3,1,0,0,6,2007,2,2008,1,0,0,0,0,1,2,55,1,3,2,1,28,3,1,12,1,2,4,7,1,1
35,350172,1,2,2,31,5,12,4,12,6,1,0,35,1,14,17,14017,4,2004,1MEFM50U04G6,1,M,E,F,M,5,0,U,0,4,G,6,0,P,MERC,SGS,4D,4,17,3369,,0,1085,,G,,0,0,000000000,00000000000,0,0,0,1,0,0,0,0,0,0,0,98,0,0,0,9,9,6,2,12,0,0,0,1,35,87326,6,1,0,0,3,0,66,175,98,0,0,0,0,0,0,0,0,0,48,0,0,0,5,2,55,2,1,2,1,28,3,11,19,1,1,2,68,1,0
35,350172,2,2,3,31,5,12,4,12,6,1,0,35,3,6,441,6441,20,2008,2A8HR44HX8R1,2,A,8,H,R,4,4,H,X,8,R,1,0,P,CHRY,TWC,SV,8,17,4335,,0,1212,,F,,0,0,000000000,00000000000,0,0,0,1,0,0,0,0,0,0,0,98,0,0,0,12,12,6,2,12,0,0,0,1,35,87301,6,1,0,0,3,0,63,175,98,0,0,0,0,0,0,0,0,0,0,0,0,0,2,2,55,2,1,2,1,28,3,14,59,1,1,1,69,0,0
35,350173,1,1,1,29,8,19,2,31,0,1,0,0,0,98,706,98706,80,2005,5L5TX1550510,5,L,5,T,X,1,5,5,0,5,1,0,0,U,,,,5,17,,,,,,,,0,0,000000000,00000000000,0,0,0,1,0,0,0,0,0,0,0,98,0,0,0,12,12,6,2,31,0,0,0,1,35,87740,6,1,0,0,3,0,72,210,98,0,0,0,0,0,0,0,0,1,0,0,0,0,1,2,65,4,2,2,1,0,0,14,13,1,1,4,1,1,1
35,350174,1,1,1,21,9,21,0,1,0,1,0,48,3,86,881,86881,66,2004,1M1P267YX4M0,1,M,1,P,2,6,7,Y,X,4,M,0,1,T,MACK,RD6,DS,4,17,,8,0,0,600,D,,1,57,283481,57283481,3,6,2,1,0,0,0,0,0,0,0,98,0,1,6,0,13,6,2,1,0,0,0,1,35,88220,6,1,6,0,3,0,66,210,98,0,0,0,0,0,0,0,0,1,0,0,0,0,1,2,35,1,1,2,1,0,0,1,13,7,2,4,2,1,0
35,350175,1,1,1,19,6,10,51,1,0,1,0,35,2,19,421,19421,15,1999,1GYEK13R0XR4,1,G,Y,E,K,1,3,R,0,X,R,4,0,P,CADI,ESC,UT,99,17,5573,,0,1175,,G,,0,0,000000000,00000000000,0,0,0,1,0,0,0,0,0,0,0,98,0,1,6,0,13,6,2,1,0,0,0,1,99,87313,0,0,98,0,7,8,73,210,99,99,99,99,99,99,9999,99,9999,1,58,0,0,0,1,2,55,1,1,2,1,0,0,1,12,1,2,4,7,1,1
35,350176,1,1,1,14,4,4,4,1,0,1,0,35,1,12,401,12401,14,2001,1FMZU62EX1ZA,1,F,M,Z,U,6,2,E,X,1,Z,A,0,P,FORD,EPR,UT,1,17,3845,,0,1116,,G,,0,0,000000000,00000000000,0,0,0,1,0,0,0,0,0,0,0,98,0,1,5,0,13,6,2,1,0,0,0,1,35,87031,6,1,0,0,3,0,64,160,98,0,0,0,1,7,2009,8,2009,0,0,0,0,0,1,2,45,1,1,2,1,0,0,1,12,1,1,4,6,1,1
35,350177,1,4,1,25,5,17,32,12,1,1,0,35,1,35,39,35039,4,2002,JN1DA31D12T4,J,N,1,D,A,3,1,D,1,2,T,4,0,P,NISS,MGS,4D,2,17,3103,,0,1083,,G,,0,0,000000000,00000000000,0,0,0,1,0,0,0,0,0,0,0,0,0,0,0,6,6,4,1,12,0,0,0,1,35,87111,6,1,0,0,3,0,66,130,98,0,0,0,0,0,0,0,0,0,0,0,0,0,2,2,30,1,1,2,1,3,3,5,53,1,1,1,98,0,0
35,350177,2,4,1,25,5,17,32,12,1,1,0,35,1,49,46,49046,4,2005,JTDKB20U6531,J,T,D,K,B,2,0,U,6,5,3,1,0,P,TOYT,PRI,4H,5,17,2890,,0,1063,,B,,0,0,000000000,00000000000,0,0,0,1,0,0,0,0,0,0,0,0,0,0,0,6,12,6,2,12,0,0,0,1,35,87112,6,1,0,0,3,0,70,160,98,0,0,0,0,0,0,0,0,0,0,0,0,0,2,2,30,1,1,2,1,3,3,5,53,1,1,1,98,0,0