STATE,ST_CASE,VEH_NO,VE_FORMS,NUMOCCS,DAY,MONTH,HOUR,MINUTE,HARM_EV,MAN_COLL,UNITTYPE,HIT_RUN,REG_STAT,OWNER,MAKE,MODEL,MAK_MOD,BODY_TYP,MOD_YEAR,VIN,VIN_1,VIN_2,VIN_3,VIN_4,VIN_5,VIN_6,VIN_7,VIN_8,VIN_9,VIN_10,VIN_11,VIN_12,TOW_VEH,VINTYPE,VINMAKE,VINA_MOD,VIN_BT,VINMODYR,VIN_LNGT,VIN_WGT,WGTCD_TR,WHLBS_LG,WHLBS_SH,SER_TR,FUELCODE,MCYCL_DS,J_KNIFE,MCARR_I1,MCARR_I2,MCARR_ID,GVWR,V_CONFIG,CARGO_BT,HAZ_INV,HAZ_PLAC,HAZ_ID,HAZ_CNO,HAZ_REL,BUS_USE,SPEC_USE,EMER_USE,TRAV_SP,UNDERIDE,ROLLOVER,ROLINLOC,IMPACT1,IMPACT2,DEFORMED,TOWED,M_HARM,VEH_SC1,VEH_SC2,FIRE_EXP,DR_PRES,L_STATE,DR_ZIP,L_STATUS,L_TYPE,CDL_STAT,L_ENDORS,L_COMPL,L_RESTRI,DR_HGT,DR_WGT,PREV_ACC,PREV_SUS,PREV_DWI,PREV_SPD,PREV_OTH,FIRST_MO,FIRST_YR,LAST_MO,LAST_YR,SPEEDREL,DR_SF1,DR_SF2,DR_SF3,DR_SF4,VTRAFWAY,VNUM_LAN,VSPD_LIM,VALIGN,VPROFILE,VPAVETYP,VSURCOND,VTRAFCON,VTCONT_F,P_CRASH1,P_CRASH2,P_CRASH3,PCRASH4,PCRASH5,ACC_TYPE,DEATHS,DR_DRINK
36,360086,2,2,1,22,2,2,19,12,1,1,0,36,1,12,3,12003,1,1998,1FAFP45X5WF2,1,F,A,F,P,4,5,X,5,W,F,2,0,P,FORD,MGT,CV,98,17,3471,,0,1013,,G,,0,0,000000000,00000000000,0,0,0,1,0,0,0,0,0,0,0,999,0,0,0,6,12,6,2,2,0,0,1,1,36,11950,6,1,0,0,3,0,69,999,0,6,0,3,2,5,2007,10,2009,0,0,0,0,0,3,3,55,1,1,2,1,0,0,1,53,1,1,1,26,0,0
36,360087,1,2,1,24,2,14,34,12,2,1,0,36,1,12,443,12443,20,2005,1FMZK01195GA,1,F,M,Z,K,0,1,1,9,5,G,A,0,P,FORD,FSL,UT,5,17,3959,,0,1129,,G,,0,0,000000000,00000000000,0,0,0,1,0,0,0,0,0,0,0,999,0,0,0,12,12,6,2,12,0,0,0,1,36,13126,6,1,0,0,3,0,68,999,0,0,0,0,0,0,0,0,0,0,28,0,0,0,1,2,40,4,2,2,1,0,0,14,10,1,1,2,50,1,0
36,360087,2,2,2,24,2,14,34,12,2,1,0,36,1,20,441,20441,20,2004,1GNEL19X44B1,1,G,N,E,L,1,9,X,4,4,B,1,0,T,CHEV,AST,ES,4,17,,2,0,1112,AST,G,,0,0,000000000,00000000000,0,0,0,1,0,0,0,0,0,0,0,999,0,0,0,12,12,6,2,12,0,0,0,1,36,13156,6,1,0,0,3,0,67,999,0,0,0,0,0,0,0,0,0,0,0,0,0,0,1,2,40,4,2,2,1,0,0,14,62,4,1,1,51,0,0
36,360088,1,2,1,25,2,6,44,12,6,1,0,12,1,37,32,37032,2,1998,999999999999,9,9,9,9,9,9,9,9,9,9,9,9,0,U,,,,9,17,,,,,,,,0,0,000000000,00000000000,0,0,0,1,0,0,0,0,0,0,0,999,0,0,0,4,4,6,2,12,0,0,0,1,12,33617,6,1,0,0,3,0,68,999,0,0,0,1,1,12,2008,1,2009,0,27,0,0,0,6,2,99,2,2,2,3,0,0,15,5,1,4,2,47,1,0
36,360088,2,2,1,25,2,6,44,12,6,1,0,18,3,51,881,51881,66,2009,4V4NC9TJ29N2,4,V,4,N,C,9,T,J,2,9,N,2,2,T,VOLV,VNL,DS,9,17,,8,0,0,VVN,D,,1,57,185482,57185482,3,7,1,1,0,0,0,0,0,0,0,999,0,0,0,12,12,2,3,12,0,0,0,1,36,14624,6,1,6,2,3,0,69,999,0,0,0,0,0,0,0,0,0,0,0,0,0,0,3,6,65,1,1,2,3,0,0,1,60,1,1,2,45,0,0
36,360089,1,1,1,5,3,1,20,8,0,1,0,36,2,42,42,42042,4,2010,WDDHF8HB8AA1,W,D,D,H,F,8,H,B,8,A,A,1,0,P,MERZ,ESM,4D,10,17,4068,,0,1131,,G,,0,0,000000000,00000000000,0,0,0,1,0,0,0,0,0,0,0,999,0,0,0,11,11,2,3,8,0,0,0,1,36,11414,6,1,0,0,3,0,68,999,0,0,0,0,0,0,0,0,0,0,86,0,0,0,3,6,35,1,1,2,1,0,0,1,80,1,1,1,13,0,0
36,360090,1,1,1,5,3,19,25,8,0,1,0,34,3,12,401,12401,14,2008,1FMEU73E98UA,1,F,M,E,U,7,3,E,9,8,U,A,0,P,FORD,EPR,UT,8,17,4606,,0,1137,,G,,0,0,000000000,00000000000,0,0,0,1,0,0,0,0,0,0,0,999,0,0,0,11,11,2,1,8,0,0,0,1,34,7076,6,1,0,0,3,0,72,999,0,0,0,1,0,8,2007,8,2007,0,0,0,0,0,1,2,99,1,1,2,1,0,0,1,80,1,1,1,13,0,0
36,360091,1,2,1,18,1,18,42,12,1,1,0,36,2,7,402,7402,14,2003,1D4HS38N53F5,1,D,4,H,S,3,8,N,5,3,F,5,0,P,DODG,DUR,UT,3,17,4497,,0,1160,,G,,0,0,000000000,00000000000,0,0,0,1,0,0,0,0,0,0,0,999,0,0,0,12,12,6,2,8,0,0,0,1,36,11946,6,1,0,0,3,0,74,999,0,0,0,0,0,0,0,0,0,1,0,0,0,0,2,4,55,1,1,2,1,0,0,1,50,99,1,2,32,0,0
36,360091,2,2,0,18,1,18,42,12,1,1,0,36,6,23,481,23481,31,2008,1GTDT19E1881,1,G,T,D,T,1,9,E,1,8,8,1,0,T,GMC,CAN,4C,8,17,,1,0,1260,CAN,G,,0,0,000000000,00000000000,0,0,0,1,0,0,0,0,0,0,0,0,0,0,0,6,6,6,2,12,0,0,0,0,,,,,,,,,999,,,,,,,,,,,,0,0,0,0,2,4,55,1,1,2,1,0,0,0,98,0,0,0,32,0,0
36,360092,1,1,1,20,1,11,0,8,0,1,0,36,1,12,3,12003,2,1999,1FAFP4045XF2,1,F,A,F,P,4,0,4,5,X,F,2,0,P,FORD,MUS,CP,99,17,3069,,0,1013,,G,,0,0,000000000,00000000000,0,0,0,1,0,0,0,0,0,0,0,999,0,0,0,12,12,2,1,8,0,0,0,1,36,11783,6,1,0,0,3,3,62,999,4,0,0,0,0,8,2008,8,2009,0,0,0,0,0,1,4,30,1,1,9,1,0,0,1,80,1,1,1,13,0,0
36,360093,1,1,1,23,1,21,20,33,0,1,0,36,1,54,35,54035,4,2007,19UUA66257A0,1,9,U,U,A,6,6,2,5,7,A,0,0,P,ACUR,ATL,4D,7,17,3623,,0,1079,,G,,0,0,000000000,00000000000,0,0,0,1,0,0,0,0,0,0,0,999,0,0,0,1,12,6,2,8,0,0,0,1,36,10467,6,1,0,0,3,0,65,999,0,2,0,0,0,6,2007,11,2008,1,0,0,0,0,2,4,30,1,1,2,1,0,0,1,6,1,1,4,4,0,0
36,360094,1,2,1,28,1,7,55,12,2,1,0,36,2,49,32,49032,4,1992,1NXAE94A4NZ2,1,N,X,A,E,9,4,A,4,N,Z,2,0,P,TOYT,CDF,4D,92,17,2257,,0,957,,G,,0,0,000000000,00000000000,0,0,0,1,0,0,0,0,0,0,0,999,0,0,0,12,12,6,2,12,0,0,0,1,36,12590,1,1,0,0,2,0,68,999,1,7,1,0,1,5,2007,10,2009,1,28,0,0,0,1,2,55,2,2,2,3,0,0,14,10,99,1,2,50,1,0
36,360094,2,2,1,28,1,7,55,12,2,1,0,36,3,84,881,84881,62,2002,1HTMMAAM32H5,1,H,T,M,M,A,A,M,3,2,H,5,0,T,INTL,430,CC,2,17,,6,0,0,40S,D,,0,57,258685,57258685,2,1,3,1,0,0,0,0,0,0,0,999,0,0,0,12,11,6,2,12,0,0,0,1,36,12534,6,1,6,0,3,3,72,999,1,0,0,0,0,9,2007,9,2007,0,0,0,0,0,1,2,55,3,2,2,3,0,0,14,62,99,1,1,51,0,0
36,360095,1,3,3,29,1,19,51,12,6,1,0,34,3,7,26,7026,4,2010,1B3CC4FB3AN1,1,B,3,C,C,4,F,B,3,A,N,1,0,P,DODG,AXT,4D,10,17,3405,,0,1089,,G,,0,0,000000000,00000000000,0,0,0,1,0,0,0,0,0,0,0,999,0,0,0,12,12,6,2,8,0,0,0,1,36,11224,0,0,0,0,0,0,75,999,0,0,0,0,0,0,0,0,0,1,0,0,0,0,1,4,99,1,1,2,1,20,3,1,17,1,1,1,98,0,0
36,360095,2,3,1,29,1,19,51,12,6,1,0,24,1,49,402,49402,14,2004,JTEHD20V8460,J,T,E,H,D,2,0,V,8,4,6,0,0,P,TOYT,RV4,UT,4,17,3119,,0,980,,G,,0,0,000000000,00000000000,0,0,0,1,0,0,0,0,0,0,0,999,0,0,0,9,9,4,8,12,0,0,0,1,12,33334,6,1,0,0,3,0,67,999,0,0,0,0,0,0,0,0,0,0,0,0,0,0,1,4,99,1,1,2,1,20,3,11,53,1,1,1,98,0,0
36,360095,3,3,1,29,1,19,51,12,6,1,0,36,1,34,35,34035,4,2010,WBANV9C55AC3,W,B,A,N,V,9,C,5,5,A,C,3,0,P,BMW,XI5,4D,10,17,3946,,0,1137,,G,,0,0,000000000,00000000000,0,0,0,1,0,0,0,0,0,0,0,999,0,0,0,12,12,4,8,12,0,0,0,1,36,10024,6,1,0,0,3,0,68,999,0,0,0,0,0,0,0,0,0,0,0,0,0,0,1,4,99,1,1,2,1,20,3,1,66,1,1,1,98,0,0
36,360096,1,2,1,27,2,7,45,12,6,1,0,36,3,86,881,86881,63,2006,1M2AG11C36M0,1,M,2,A,G,1,1,C,3,6,M,0,0,T,MACK,CV7,TM,6,17,,8,0,0,700,D,,0,99,999999999,99999999999,3,2,4,1,0,0,0,0,0,0,0,25,0,0,0,12,12,0,1,12,0,0,0,1,36,14225,6,1,6,0,3,3,67,999,0,0,0,0,0,0,0,0,0,0,0,0,0,0,1,2,50,1,1,2,3,0,0,1,62,1,1,1,65,0,0
36,360096,2,2,1,27,2,7,45,12,6,1,0,36,2,35,43,35043,4,2001,3N1CB51DX1L5,3,N,1,C,B,5,1,D,X,1,L,5,0,P,NISS,XGX,4D,1,17,2469,,0,998,,G,,0,0,000000000,00000000000,0,0,0,1,0,0,0,0,0,0,0,999,0,0,0,5,5,6,2,12,0,0,0,1,36,14036,6,1,0,0,3,3,64,999,1,0,0,0,1,3,2007,11,2009,0,87,28,0,0,1,2,50,1,1,2,3,0,0,1,5,99,4,2,64,1,0
36,360097,1,1,2,7,2,15,13,8,0,1,0,34,2,2,404,2404,14,1996,999999999999,9,9,9,9,9,9,9,9,9,9,9,9,0,U,,,,9,17,,,,,,,,0,0,000000000,00000000000,0,0,0,1,0,0,0,0,0,0,0,25,0,0,0,12,12,4,3,8,0,0,0,1,36,11550,6,1,0,0,3,0,68,999,0,0,0,0,0,0,0,0,0,0,86,0,0,0,2,2,99,1,1,2,1,0,0,1,80,1,1,1,13,0,0
36,360098,1,2,1,14,2,3,17,8,0,1,1,99,9,99,999,99999,99,9999,999999999999,9,9,9,9,9,9,9,9,9,9,9,9,9,U,,,,9,17,,,,,,,,0,99,999999999,99999999999,9,99,99,1,0,0,0,0,0,99,9,999,9,0,0,12,99,9,1,99,99,99,0,1,99,99999,9,9,99,9,9,9,999,999,99,99,99,99,99,99,9999,99,9999,9,0,0,0,0,3,4,99,1,1,2,1,3,3,99,99,99,9,9,13,0,0
36,360098,2,2,2,14,2,3,17,8,0,1,0,36,1,23,421,23421,15,2002,1GKFK16Z32J1,1,G,K,F,K,1,6,Z,3,2,J,1,0,T,GMC,KX1,4W,2,17,,2,0,1300,YUK,F,,0,0,000000000,00000000000,0,0,0,1,0,0,0,0,0,0,0,999,0,0,0,14,14,0,1,8,0,0,0,1,36,11520,6,1,0,0,3,0,59,999,1,0,0,0,0,8,2007,8,2007,0,86,0,0,0,3,4,99,1,1,2,1,3,3,1,80,1,1,1,98,0,0
36,360099,1,1,1,30,1,19,15,8,0,1,0,36,1,20,2,20002,4,2004,2G1WF52E6491,2,G,1,W,F,5,2,E,6,4,9,1,0,P,CHEV,IMP,4D,4,17,3389,,0,1105,,G,,0,0,000000000,00000000000,0,0,0,1,0,0,0,0,0,0,0,999,0,0,0,12,12,2,1,8,0,0,0,1,36,11003,6,1,0,0,3,3,62,999,0,0,0,0,2,5,2007,1,2009,0,0,0,0,0,2,4,99,1,1,2,1,3,3,1,80,2,1,1,13,0,0
36,360100,1,1,2,20,2,4,30,8,0,1,1,36,1,49,40,49040,4,2009,4T1BE46K99U8,4,T,1,B,E,4,6,K,9,9,U,8,0,P,TOYT,CBA,4D,9,17,3263,,0,1090,,G,,0,0,000000000,00000000000,0,0,0,1,0,0,0,0,0,0,0,999,0,0,0,11,11,2,1,8,0,0,0,1,36,13357,6,1,0,0,3,0,66,999,0,0,0,0,0,0,0,0,0,0,0,0,0,0,3,4,65,1,1,2,2,0,0,1,80,1,1,1,13,0,0
36,360101,1,2,1,19,2,12,5,12,6,1,0,36,2,6,441,6441,20,2000,1C4GP54L8YB5,1,C,4,G,P,5,4,L,8,Y,B,5,0,P,CHRY,TWC,SV,0,17,3961,,0,1193,,G,,0,0,000000000,00000000000,0,0,0,1,0,0,0,0,0,0,0,999,0,0,0,3,3,6,2,12,0,0,0,1,36,14472,6,1,0,0,3,0,74,999,0,0,0,0,0,0,0,0,0,1,28,0,0,0,1,2,55,1,2,2,3,0,0,1,5,99,4,2,64,1,0
36,360101,2,2,2,19,2,12,5,12,6,1,0,36,1,37,402,37402,14,2006,SHSRD78526U4,S,H,S,R,D,7,8,5,2,6,U,4,0,P,HOND,CRV,UT,6,17,3428,,0,1033,,G,,0,0,000000000,00000000000,0,0,0,1,0,0,0,0,0,0,0,999,0,0,0,12,12,6,2,12,0,0,0,1,36,14560,6,1,0,0,3,3,69,999,0,0,0,0,0,0,0,0,0,0,0,0,0,0,1,2,55,1,2,2,3,0,0,1,62,7,1,1,65,0,0
36,360103,1,2,1,25,2,7,35,12,6,1,0,36,1,12,401,12401,14,2005,1FMZU73E55UB,1,F,M,Z,U,7,3,E,5,5,U,B,0,P,FORD,EPR,UT,5,17,4094,,0,1137,,G,,0,0,000000000,00000000000,0,0,0,1,0,0,0,0,0,0,0,999,0,0,0,12,12,6,2,12,0,0,0,1,36,13069,6,1,0,0,3,0,63,999,0,0,0,0,0,0,0,0,0,0,0,0,0,0,1,2,55,1,2,2,3,0,0,1,62,1,1,1,65,0,0
36,360103,2,2,1,25,2,7,35,12,6,1,0,36,2,7,41,7041,4,2004,2B3HD56G84H5,2,B,3,H,D,5,6,G,8,4,H,5,0,P,DODG,IEX,4D,4,17,3396,,0,1130,,G,,0,0,000000000,00000000000,0,0,0,1,0,0,0,0,0,0,0,999,0,0,0,3,3,6,2,12,0,0,0,1,36,13069,6,1,0,0,3,0,72,999,0,0,0,0,0,0,0,0,0,1,0,0,0,0,1,2,55,1,2,2,3,0,0,1,5,1,4,2,64,1,0
36,360104,1,1,1,3,3,0,45,42,0,1,0,36,1,35,39,35039,4,2008,1N4BA41EX8C8,1,N,4,B,A,4,1,E,X,8,C,8,0,P,NISS,MEL,4D,8,17,3462,,0,1112,,G,,0,0,000000000,00000000000,0,0,0,1,0,0,0,0,0,0,0,999,0,0,0,12,12,6,2,42,0,0,0,1,36,11756,6,8,0,0,3,3,67,999,0,2,1,0,0,7,2007,1,2010,1,0,0,0,0,4,4,99,1,1,2,2,0,0,1,14,1,1,4,14,1,1
36,360105,1,1,1,4,3,4,10,42,0,1,0,36,2,20,36,20036,2,1996,2G1WW12M6T92,2,G,1,W,W,1,2,M,6,T,9,2,0,P,CHEV,MLS,CP,96,17,3306,,0,1075,,G,,0,0,000000000,00000000000,0,0,0,1,0,0,0,0,0,0,0,999,0,1,5,9,13,6,2,1,0,0,0,1,36,14741,6,1,6,0,3,0,72,999,0,3,1,0,1,3,2009,5,2009,1,0,0,0,0,1,2,55,1,1,2,1,0,0,1,6,1,3,4,2,1,1
36,360106,1,2,1,5,3,14,17,12,2,1,0,36,2,24,1,24001,4,1998,1G8ZH5289WZ3,1,G,8,Z,H,5,2,8,9,W,Z,3,0,P,STRN,SL1,4D,98,17,2355,,0,1024,,G,,0,0,000000000,00000000000,0,0,0,1,0,0,0,0,0,0,0,999,0,0,0,12,12,6,2,12,0,0,0,1,36,12567,2,1,0,0,2,0,69,999,0,0,0,0,0,0,0,0,0,1,37,0,0,0,1,2,55,1,2,2,1,0,0,1,10,1,1,2,50,1,0
36,360106,2,2,1,5,3,14,17,12,2,1,0,36,2,20,881,20881,61,2005,1GBE4C32X5F5,1,G,B,E,4,C,3,2,X,5,F,5,1,T,CHEV,C4C,CB,5,17,,5,1880,1520,C45,D,,1,99,999999999,99999999999,2,1,3,1,0,0,0,0,0,0,0,999,0,0,0,12,12,4,3,12,0,0,0,1,36,12123,6,1,6,1,3,0,74,999,0,3,0,0,0,3,2007,4,2007,0,0,0,0,0,1,2,55,1,2,2,1,0,0,1,62,1,1,1,51,0,0
36,360107,1,2,1,16,1,14,32,12,6,1,0,36,1,49,32,49032,4,2000,2T1BR18E2YC3,2,T,1,B,R,1,8,E,2,Y,C,3,0,P,TOYT,UVL,4D,0,17,2403,,0,970,,G,,0,0,000000000,00000000000,0,0,0,1,0,0,0,0,0,0,0,999,0,0,0,11,11,4,1,12,0,0,0,1,36,10977,6,1,0,0,3,0,69,999,1,0,0,0,0,10,2007,10,2007,0,0,0,0,0,1,2,30,1,1,2,1,0,0,11,53,1,1,2,84,0,0
36,360107,2,2,1,16,1,14,32,12,6,1,0,36,1,53,705,53705,80,2007,JS1GN7DAX721,J,S,1,G,N,7,D,A,X,7,2,1,0,M,SUZI,G60,RS,7,17,,,,,,,599,0,0,000000000,00000000000,0,0,0,1,0,0,0,0,0,0,0,999,0,0,0,12,12,6,2,12,0,0,0,1,36,10954,1,1,0,0,2,0,70,999,0,10,0,0,1,4,2007,1,2010,0,27,0,0,0,1,2,30,1,1,2,1,0,0,1,51,1,1,1,84,1,0
36,360108,1,2,1,7,3,11,36,12,6,1,0,36,1,12,481,12481,31,2004,1FTVF14594NA,1,F,T,V,F,1,4,5,9,4,N,A,0,T,FORD,F15,PK,4,17,,2,1450,1260,COF,G,,0,0,000000000,00000000000,0,0,0,1,0,0,0,0,0,0,0,999,0,0,0,3,3,6,2,12,0,0,0,1,36,14091,6,1,6,0,3,0,73,999,0,0,0,0,0,0,0,0,0,0,38,0,0,0,1,2,99,1,1,2,1,20,3,1,17,1,1,1,87,1,1
36,360108,2,2,1,7,3,11,36,12,6,1,0,36,1,12,481,12481,31,2008,1FTWW31538EE,1,F,T,W,W,3,1,5,3,8,E,E,0,T,FORD,F3S,CW,8,17,,3,1720,1560,SRW,G,,0,0,000000000,00000000000,0,0,0,1,0,0,0,0,0,0,0,999,0,0,0,12,12,6,2,12,0,0,0,1,36,14091,6,1,6,0,3,0,73,999,0,0,0,0,1,4,2008,4,2008,0,0,0,0,0,1,2,55,1,1,2,2,0,0,1,66,1,1,1,86,0,0
36,360109,1,1,1,4,1,19,14,8,0,1,0,40,3,82,881,82881,66,2005,1FUJBBCK15LN,1,F,U,J,B,B,C,K,1,5,L,N,1,T,FRHT,ST2,DS,5,17,,8,0,0,CON,D,,1,99,999999999,99999999999,3,6,1,1,0,0,0,0,0,0,0,999,0,0,0,12,12,0,3,8,0,0,0,1,25,1129,6,1,6,1,3,3,66,999,99,99,99,99,99,99,9999,99,9999,0,86,0,0,0,4,2,99,1,1,2,1,20,3,10,80,1,1,1,13,0,0
36,360110,1,1,1,4,3,17,8,38,0,1,0,36,2,35,47,35047,4,2001,1N4DL01D11C1,1,N,4,D,L,0,1,D,1,1,C,1,0,P,NISS,AXE,4D,1,17,2754,,0,1031,,G,,0,0,000000000,00000000000,0,0,0,1,0,0,0,0,0,0,0,999,0,0,0,12,12,6,2,43,0,0,0,1,36,11714,6,1,0,0,3,0,71,999,1,0,0,0,0,3,2008,3,2008,0,0,0,0,0,1,2,99,1,1,2,1,0,0,1,13,1,1,4,1,1,0
36,360111,1,2,1,11,3,11,17,12,2,1,0,36,1,20,471,20471,30,1998,1GCCS1447WK2,1,G,C,C,S,1,4,4,7,W,K,2,0,T,CHEV,S14,PK,98,17,,1,1179,1083,S,G,,0,0,000000000,00000000000,0,0,0,1,0,0,0,0,0,0,0,999,0,0,0,12,12,6,2,12,0,0,0,1,36,13746,6,1,0,0,3,0,76,999,1,2,0,2,1,7,2007,3,2009,0,27,0,0,0,1,2,45,1,1,2,1,0,0,15,10,1,1,2,51,1,0
36,360111,2,2,1,11,3,11,17,12,2,1,0,36,3,86,881,86881,63,2001,1M2P270C11M0,1,M,2,P,2,7,0,C,1,1,M,0,1,T,MACK,RD6,TM,1,17,,8,0,0,600,D,,1,57,1119962,571119962,3,4,3,1,0,0,0,0,0,0,0,999,0,0,0,12,12,4,3,12,0,0,0,1,36,13746,6,1,6,1,3,0,68,999,0,0,0,0,0,0,0,0,0,0,0,0,0,0,1,2,45,1,1,2,1,0,0,1,62,1,1,1,50,0,0
36,360112,1,1,1,11,3,18,54,30,0,1,0,36,1,59,402,59402,14,2004,JTJBT20X6400,J,T,J,B,T,2,0,X,6,4,0,0,0,P,LEXS,GX7,UT,4,17,4740,,0,1098,,G,,0,0,000000000,00000000000,0,0,0,1,0,0,0,0,0,0,0,999,0,1,5,12,13,6,2,1,0,0,0,1,36,14623,6,1,0,0,3,0,67,999,4,0,0,1,1,4,2007,11,2009,0,0,0,0,0,3,4,55,1,1,2,1,0,0,1,13,1,1,4,1,1,0
36,360113,1,1,1,17,3,8,25,9,0,1,0,36,3,98,907,98907,52,2003,1VHGH3C28367,1,V,H,G,H,3,C,2,8,3,6,7,0,U,,,,3,17,,,,,,,,0,99,999999999,99999999999,3,21,22,1,0,0,0,0,6,0,0,999,0,0,0,14,14,0,1,9,0,0,0,1,36,11203,6,1,6,1,3,0,64,999,2,0,0,0,0,10,2007,12,2008,0,0,0,0,0,1,2,30,1,1,2,1,0,0,1,80,1,1,1,13,0,0
36,360114,1,5,1,14,1,3,57,12,7,1,0,12,2,6,52,6052,6,2006,3A4FY48B36T3,3,A,4,F,Y,4,8,B,3,6,T,3,0,P,CHRY,PTC,SV,6,17,3018,,0,1030,,G,,0,0,000000000,00000000000,0,0,0,1,0,0,0,0,0,0,0,999,0,0,0,12,12,6,2,12,0,0,0,1,12,32836,6,1,0,0,3,0,71,999,0,0,0,1,0,5,2009,5,2009,1,26,0,0,0,4,2,99,1,1,2,1,0,0,15,50,1,1,2,46,0,1
36,360114,2,5,3,14,1,3,57,12,7,1,0,36,1,18,7,18007,4,2004,2G4WS52J6411,2,G,4,W,S,5,2,J,6,4,1,1,0,P,BUIC,CCU,4D,4,17,3342,,0,1090,,G,,0,0,000000000,00000000000,0,0,0,1,0,0,0,0,0,0,0,0,0,0,0,9,9,4,1,12,0,0,0,1,36,11520,6,1,0,0,3,0,68,999,0,0,0,0,0,0,0,0,0,0,0,0,0,0,4,2,99,1,1,2,1,0,0,5,53,1,1,1,45,0,0
36,360114,3,5,1,14,1,3,57,12,7,1,0,36,2,30,46,30046,4,2002,WVWPD63B42P1,W,V,W,P,D,6,3,B,4,2,P,1,0,P,VOLK,PGS,4D,2,17,3099,,0,1064,,G,,0,0,000000000,00000000000,0,0,0,1,0,0,0,0,0,0,0,0,0,0,0,6,6,6,2,12,0,0,0,1,36,11385,1,1,0,0,0,0,69,999,1,19,0,0,9,11,2007,12,2009,0,92,0,0,0,4,2,99,1,1,2,1,0,0,5,53,1,1,1,98,0,0
36,360114,4,5,1,14,1,3,57,12,7,1,0,36,1,51,42,51042,4,1996,YV1LS554XT23,Y,V,1,L,S,5,5,4,X,T,2,3,0,P,VOLV,8/G,4D,96,17,3128,,0,1049,,G,,0,0,000000000,00000000000,0,0,0,1,0,0,0,0,0,0,0,0,0,0,0,6,6,6,2,12,0,0,0,1,36,11423,6,1,0,0,3,0,68,999,0,0,0,0,0,0,0,0,0,0,0,0,0,0,4,2,99,1,1,2,1,0,0,5,53,1,1,2,98,1,0
36,360114,5,5,1,14,1,3,57,12,7,1,0,36,1,37,31,37031,4,2004,2HGES26704H5,2,H,G,E,S,2,6,7,0,4,H,5,0,P,HOND,UAX,4D,4,17,2668,,0,1031,,G,,0,0,000000000,00000000000,0,0,0,1,0,0,0,0,0,0,0,0,0,0,0,7,7,4,1,12,0,0,0,1,36,11769,6,1,0,0,3,0,71,999,1,0,0,0,0,11,2008,11,2008,0,0,0,0,0,4,2,99,1,1,2,1,0,0,5,53,1,1,1,98,0,0
36,360115,1,2,2,19,1,15,0,12,6,1,0,36,2,20,32,20032,4,1997,1Y1SK5262VZ4,1,Y,1,S,K,5,2,6,2,V,Z,4,0,P,GEO,GEP,4D,97,17,2360,,0,971,,G,,0,0,000000000,00000000000,0,0,0,1,0,0,0,0,0,0,0,999,0,0,0,3,3,6,2,12,0,0,0,1,36,12577,6,7,0,0,3,3,66,999,0,0,0,0,0,0,0,0,0,0,52,87,28,0,1,2,55,1,2,2,2,0,0,1,5,99,4,2,64,1,0
36,360115,2,2,1,19,1,15,0,12,6,1,0,36,2,20,37,20037,4,2006,1G1ZT51F96F1,1,G,1,Z,T,5,1,F,9,6,F,1,0,P,CHEV,MLT,4D,6,17,3316,,0,1063,,G,,0,0,000000000,00000000000,0,0,0,1,0,0,0,0,0,0,0,999,0,0,0,12,12,6,2,12,0,0,0,1,36,10916,6,1,0,0,3,0,67,999,0,0,0,0,0,0,0,0,0,0,0,0,0,0,1,2,55,1,2,2,2,0,0,1,62,99,1,1,65,0,0
36,360116,1,2,1,25,2,8,10,12,6,1,0,36,3,84,881,84881,66,2010,3HSCUSJR8AN1,3,H,S,C,U,S,J,R,8,A,N,1,1,T,INTL,PPR,DS,10,17,,8,0,0,PRO,D,,1,57,020604,57020604,3,6,1,1,0,0,0,0,0,0,0,999,0,0,0,12,12,4,3,12,0,0,0,1,36,14760,6,1,6,1,3,0,69,999,0,0,0,0,0,0,0,0,0,0,0,0,0,0,1,2,55,1,2,2,3,28,3,1,62,9,1,4,64,0,0
36,360116,2,2,1,25,2,8,10,12,6,1,0,36,2,12,13,12013,2,1998,3FAKP1139WR2,3,F,A,K,P,1,1,3,9,W,R,2,0,P,FORD,ZXS,CP,98,17,2478,,0,984,,G,,0,0,000000000,00000000000,0,0,0,1,0,0,0,0,0,0,0,999,0,0,0,3,3,6,2,12,0,0,0,1,36,13332,6,1,0,0,3,0,64,999,0,2,0,0,1,12,2007,8,2009,1,0,0,0,0,1,2,55,1,2,2,3,28,3,1,6,1,4,4,65,1,0
36,360117,1,1,1,3,3,22,16,35,0,1,0,36,1,20,481,20481,31,1997,1GCEK19M5VE2,1,G,C,E,K,1,9,M,5,V,E,2,0,T,CHEV,GK1,PC,97,17,,2,1555,1415,GM4,G,,0,0,000000000,00000000000,0,0,0,1,0,0,0,0,0,0,0,999,0,0,0,3,3,6,2,35,0,0,0,1,36,10703,6,1,6,0,3,0,73,999,0,0,0,1,0,9,2007,9,2007,9,0,0,0,0,1,2,99,4,2,2,2,0,0,14,13,1,1,4,1,1,1