STATE,ST_CASE,VEH_NO,VE_FORMS,NUMOCCS,DAY,MONTH,HOUR,MINUTE,HARM_EV,MAN_COLL,UNITTYPE,HIT_RUN,REG_STAT,OWNER,MAKE,MODEL,MAK_MOD,BODY_TYP,MOD_YEAR,VIN,VIN_1,VIN_2,VIN_3,VIN_4,VIN_5,VIN_6,VIN_7,VIN_8,VIN_9,VIN_10,VIN_11,VIN_12,TOW_VEH,VINTYPE,VINMAKE,VINA_MOD,VIN_BT,VINMODYR,VIN_LNGT,VIN_WGT,WGTCD_TR,WHLBS_LG,WHLBS_SH,SER_TR,FUELCODE,MCYCL_DS,J_KNIFE,MCARR_I1,MCARR_I2,MCARR_ID,GVWR,V_CONFIG,CARGO_BT,HAZ_INV,HAZ_PLAC,HAZ_ID,HAZ_CNO,HAZ_REL,BUS_USE,SPEC_USE,EMER_USE,TRAV_SP,UNDERIDE,ROLLOVER,ROLINLOC,IMPACT1,IMPACT2,DEFORMED,TOWED,M_HARM,VEH_SC1,VEH_SC2,FIRE_EXP,DR_PRES,L_STATE,DR_ZIP,L_STATUS,L_TYPE,CDL_STAT,L_ENDORS,L_COMPL,L_RESTRI,DR_HGT,DR_WGT,PREV_ACC,PREV_SUS,PREV_DWI,PREV_SPD,PREV_OTH,FIRST_MO,FIRST_YR,LAST_MO,LAST_YR,SPEEDREL,DR_SF1,DR_SF2,DR_SF3,DR_SF4,VTRAFWAY,VNUM_LAN,VSPD_LIM,VALIGN,VPROFILE,VPAVETYP,VSURCOND,VTRAFCON,VTCONT_F,P_CRASH1,P_CRASH2,P_CRASH3,PCRASH4,PCRASH5,ACC_TYPE,DEATHS,DR_DRINK
36,360153,1,1,1,13,3,20,27,8,0,1,1,36,3,20,22,20022,2,2005,1G1AL12F8575,1,G,1,A,L,1,2,F,8,5,7,5,0,P,CHEV,BLS,CP,5,17,2991,,0,1033,,G,,0,0,000000000,00000000000,0,0,0,1,0,0,0,0,0,0,0,999,0,0,0,12,12,6,2,8,0,0,0,1,36,13088,6,1,0,0,3,0,72,999,0,1,0,0,0,6,2007,6,2007,1,92,0,0,0,9,9,99,1,1,9,2,0,0,1,80,99,1,1,13,0,1
36,360154,1,2,1,19,3,16,24,12,6,1,0,36,1,23,421,23421,15,2007,1GKFK13097R3,1,G,K,F,K,1,3,0,9,7,R,3,0,T,GMC,YUK,4W,7,17,,2,0,1160,YUK,F,,0,0,000000000,00000000000,0,0,0,1,0,0,0,0,0,0,0,35,0,0,0,12,12,6,2,12,0,0,0,1,36,12580,6,1,6,0,3,0,64,999,0,0,0,0,0,0,0,0,0,0,0,0,0,0,1,2,35,3,2,2,1,28,3,14,62,99,1,1,65,0,0
36,360154,2,2,2,19,3,16,24,12,6,1,0,36,1,72,706,72706,80,1989,1HD1DJL13KY5,1,H,D,1,D,J,L,1,3,K,Y,5,0,M,HD,FHC,RS,89,17,,,,,,,1340,0,0,000000000,00000000000,0,0,0,1,0,0,0,0,0,0,0,35,0,0,0,9,9,6,2,12,0,0,0,1,36,12601,6,1,0,0,3,0,71,999,0,0,0,0,0,0,0,0,0,0,28,0,0,0,1,2,35,3,2,2,1,28,3,14,10,99,3,2,64,2,0
36,360155,1,1,1,6,1,14,27,8,0,1,1,36,3,84,981,84981,59,1998,1HVBBAAN7WH5,1,H,V,B,B,A,A,N,7,W,H,5,0,T,INTL,380,BU,98,17,,7,2760,1520,30S,D,,0,99,999999999,99999999999,3,21,22,1,0,0,0,0,99,0,0,999,0,0,0,12,12,2,3,8,0,0,0,1,36,11218,6,1,6,0,3,0,65,999,0,0,0,1,1,12,2008,1,2009,0,92,0,0,0,1,4,30,1,1,2,1,0,0,1,80,99,1,1,13,0,0
36,360156,1,2,1,4,4,18,15,12,2,1,0,36,1,2,404,2404,14,1996,1J4EZ78S1TC1,1,J,4,E,Z,7,8,S,1,T,C,1,0,T,JEEP,LMT,4W,96,17,,1,0,1059,GCK,G,,0,0,000000000,00000000000,0,0,0,1,0,0,0,0,0,0,0,999,0,0,0,12,12,4,1,12,0,0,0,1,36,10473,6,1,0,0,3,3,61,999,1,0,0,0,0,12,2008,12,2008,0,0,0,0,0,1,2,30,1,1,2,1,0,0,10,19,99,1,1,80,0,0
36,360156,2,2,1,4,4,18,15,12,2,1,0,36,1,37,706,37706,80,2000,JH2SC3509YM3,J,H,2,S,C,3,5,0,9,Y,M,3,0,M,HOND,C1X,RS,0,17,,,,,,,1137,0,0,000000000,00000000000,0,0,0,1,0,0,0,0,0,0,0,999,0,0,0,12,12,6,2,12,0,0,0,1,36,10467,6,1,0,0,3,0,71,999,0,0,0,0,2,5,2008,8,2008,0,0,0,0,0,1,2,30,1,1,2,1,0,0,1,73,99,1,1,81,1,0
36,360157,1,1,1,30,1,5,55,30,0,1,0,13,1,23,441,23441,20,1995,1GKDM19W2SB5,1,G,K,D,M,1,9,W,2,S,B,5,0,T,GMC,SXT,ES,95,17,,1,0,1110,SAF,G,,0,0,000000000,00000000000,0,0,0,1,0,0,0,0,0,0,0,999,0,0,0,12,12,6,2,30,0,0,0,1,13,30038,1,1,0,0,2,2,73,195,98,2,0,0,1,4,2007,12,2009,0,74,0,0,0,1,2,30,1,1,2,1,0,0,1,12,99,1,4,6,1,0
36,360158,1,1,1,30,3,7,33,51,0,1,0,34,1,82,881,82881,66,1999,1FUYDDYB5XLB,1,F,U,Y,D,D,Y,B,5,X,L,B,1,T,FRHT,FLD,DS,99,17,,8,0,0,CON,D,,2,57,982135,57982135,3,6,2,1,0,0,0,0,0,0,0,999,0,2,5,0,0,6,2,1,0,0,0,1,34,7644,6,1,6,1,3,0,70,999,0,0,0,0,0,0,0,0,0,0,28,0,0,0,1,2,55,1,1,2,2,0,0,1,98,99,1,4,0,1,0
36,360159,1,1,2,28,3,10,51,11,0,1,0,36,2,14,38,14038,2,2002,1ZWHT61L8256,1,Z,W,H,T,6,1,L,8,2,5,6,0,P,MERC,C6S,2H,2,17,3013,,0,1064,,G,,0,0,000000000,00000000000,0,0,0,1,0,0,0,0,0,0,0,999,0,1,5,12,12,6,2,1,0,0,0,1,36,12589,6,2,0,0,3,0,68,999,0,0,0,0,0,0,0,0,0,1,0,0,0,0,2,2,55,1,3,2,1,0,0,1,87,99,1,1,13,1,0
36,360160,1,1,1,2,4,18,30,24,0,1,0,36,1,76,705,76705,80,2006,JYARJ12E46A0,J,Y,A,R,J,1,2,E,4,6,A,0,0,M,YAMA,R6L,RS,6,17,,,,,,,599,0,0,000000000,00000000000,0,0,0,1,0,0,0,0,0,0,0,999,0,0,0,12,12,6,2,24,0,0,0,1,36,13421,6,1,0,0,3,0,70,999,0,0,0,0,0,0,0,0,0,1,0,0,0,0,2,2,55,2,1,2,1,0,0,14,13,99,1,4,1,1,0
36,360161,1,1,1,6,4,12,27,26,0,1,0,36,2,14,6,14006,4,1984,1MEBP95F2EZ6,1,M,E,B,P,9,5,F,2,E,Z,6,0,P,MERC,MGR,4D,84,17,3734,,0,1143,,G,,0,0,000000000,00000000000,0,0,0,1,0,0,0,0,0,0,0,999,0,0,0,12,12,6,2,26,0,0,0,1,36,14502,6,1,0,0,3,0,70,999,0,0,0,0,0,0,0,0,0,0,0,0,0,0,3,4,55,1,2,2,1,98,8,1,14,99,1,1,12,1,1
36,360162,1,1,1,4,4,13,55,1,0,1,0,92,0,98,739,98739,90,1985,999999999999,9,9,9,9,9,9,9,9,9,9,9,9,0,U,,,,9,17,,,,,,,,0,0,000000000,00000000000,0,0,0,1,0,0,0,0,0,0,0,999,0,2,1,0,13,6,2,1,0,0,0,1,36,14801,6,1,0,0,3,0,67,999,0,0,0,0,0,0,0,0,0,1,28,0,0,0,1,2,55,1,2,4,1,0,0,1,9,99,7,3,98,1,0
36,360163,1,1,1,6,4,1,30,35,0,1,0,36,2,20,16,20016,4,2004,1G1JF52F7471,1,G,1,J,F,5,2,F,7,4,7,1,0,P,CHEV,CAS,4D,4,17,2676,,0,1041,,G,,0,0,000000000,00000000000,0,0,0,1,0,0,0,0,0,0,0,999,0,1,1,12,13,6,2,1,0,0,0,1,36,14132,6,1,0,0,3,0,64,999,0,0,0,0,0,0,0,0,0,0,0,0,0,0,1,2,55,1,1,2,1,0,0,1,11,99,1,4,1,1,1
36,360164,1,1,3,7,4,15,25,42,0,1,0,36,2,20,402,20402,14,1995,2CNBJ1863S69,2,C,N,B,J,1,8,6,3,S,6,9,0,P,GEO,GEO,UT,95,17,2365,,0,866,,G,,0,0,000000000,00000000000,0,0,0,1,0,0,0,0,0,0,0,999,0,0,0,12,12,6,2,42,0,0,0,1,36,12446,6,1,0,0,3,3,74,999,0,0,0,0,0,0,0,0,0,1,0,0,0,0,1,2,40,3,2,2,1,0,0,14,13,99,1,4,1,2,1
36,360165,1,1,1,30,3,9,53,8,0,1,0,36,1,20,403,20403,14,2005,1GNDT13S1521,1,G,N,D,T,1,3,S,1,5,2,1,0,P,CHEV,TRL,UT,5,17,4612,,0,1130,,G,,0,0,000000000,00000000000,0,0,0,1,0,0,0,0,0,0,0,999,0,0,0,12,12,2,3,8,0,0,0,1,36,14094,6,1,0,0,3,0,68,999,0,0,0,0,0,0,0,0,0,0,38,0,0,0,1,4,30,1,2,2,1,3,3,11,80,99,1,1,13,0,0
36,360166,1,1,1,7,4,19,25,15,0,1,0,36,1,23,880,23880,67,2005,1GDJK34275E2,1,G,D,J,K,3,4,2,7,5,E,2,0,T,GMC,NK3,CB,5,17,,3,1615,1370,SIE,D,,0,57,1276567,571276567,2,1,4,1,0,0,0,0,0,0,0,999,0,0,0,5,5,2,1,15,0,0,0,1,36,10921,6,1,6,0,3,3,69,999,0,0,0,0,0,0,0,0,0,0,0,0,0,0,1,2,30,1,1,2,1,28,3,1,83,99,1,1,13,0,0
36,360167,1,1,1,22,1,12,30,8,0,1,0,36,3,12,461,12461,21,2007,1FBNE31L37DA,1,F,B,N,E,3,1,L,3,7,D,A,0,T,FORD,WSD,BU,7,17,,2,0,1380,ECO,G,,0,0,000000000,00000000000,0,0,0,1,0,0,0,0,0,0,0,999,0,0,0,1,1,2,1,8,0,0,0,1,36,11411,6,1,0,0,3,0,66,999,0,0,0,1,0,1,2008,1,2008,0,0,0,0,0,9,9,99,1,1,2,1,0,0,1,80,6,1,1,13,0,0
36,360168,1,2,2,8,4,11,52,12,2,1,0,36,1,37,31,37031,2,1993,JHMEH6166PS0,J,H,M,E,H,6,1,6,6,P,S,0,0,P,HOND,DSI,CP,93,17,2396,,0,933,,G,,0,0,000000000,00000000000,0,0,0,1,0,0,0,0,0,0,0,80,0,0,0,12,12,6,2,12,0,0,0,1,36,12185,6,1,0,0,3,0,73,999,0,0,0,1,1,5,2008,6,2009,1,28,0,0,0,1,2,55,1,2,2,1,0,0,6,10,99,1,2,50,2,0
36,360168,2,2,1,8,4,11,52,12,2,1,0,36,1,7,482,7482,31,2005,3D7KS28D75G7,3,D,7,K,S,2,8,D,7,5,G,7,0,T,DODG,SQ2,CW,5,17,,2,1605,1405,RPC,G,,0,0,000000000,00000000000,0,0,0,1,0,0,0,0,0,0,0,999,0,0,0,12,12,6,2,12,0,0,0,1,36,12028,6,1,0,0,3,0,68,999,0,0,0,0,0,0,0,0,0,0,0,0,0,0,1,2,55,1,2,2,1,0,0,1,54,99,1,1,51,0,0
36,360169,1,1,3,18,3,2,15,33,0,1,0,12,2,58,32,58032,4,1997,JNKBY31D0VM0,J,N,K,B,Y,3,1,D,0,V,M,0,0,P,INFI,Q4T,4D,97,17,3745,,0,1114,,G,,0,0,000000000,00000000000,0,0,0,1,0,0,0,0,0,0,0,999,0,0,0,12,12,6,2,19,0,0,0,1,36,11710,6,1,0,0,3,0,75,999,1,0,0,0,1,6,2007,9,2008,0,39,28,0,0,1,2,99,1,1,9,1,20,3,1,14,99,1,4,14,1,1
36,360170,1,1,1,1,2,10,37,8,0,1,0,36,3,90,981,90981,50,2000,1BABHBPA1YF0,1,B,A,B,H,B,P,A,1,Y,F,0,0,U,,,,0,17,,,,,,,,0,88,888888888,88888888888,9,21,22,1,0,0,0,0,1,0,0,999,0,0,0,9,9,0,1,8,0,0,0,1,36,11385,6,1,6,1,3,0,65,999,0,1,0,0,0,10,2009,10,2009,0,38,0,0,0,1,9,99,1,1,2,1,3,3,11,80,99,1,1,13,0,0
36,360171,1,1,1,25,3,13,43,31,0,1,0,36,1,20,2,20002,4,2005,2G1WH52K9591,2,G,1,W,H,5,2,K,9,5,9,1,0,P,CHEV,IPL,4D,5,17,3466,,0,1105,,G,,0,0,000000000,00000000000,0,0,0,1,0,0,0,0,0,0,0,999,0,0,0,12,12,6,2,19,0,0,0,1,36,12589,6,1,0,0,3,3,68,999,0,0,0,0,0,0,0,0,0,0,0,0,0,0,1,2,45,1,1,2,1,0,0,1,13,99,1,4,1,1,0
36,360172,1,5,1,7,4,17,54,12,6,1,0,36,3,82,883,82883,66,2005,1FUJA6CK55LU,1,F,U,J,A,6,C,K,5,5,L,U,1,T,FRHT,COL,DS,5,17,,8,0,0,CON,D,,1,99,999999999,99999999999,3,6,1,1,0,0,0,0,0,0,0,999,0,0,0,12,12,6,2,12,0,0,0,1,36,13367,6,1,6,0,3,3,72,999,0,1,0,0,0,9,2007,9,2007,0,39,0,0,0,3,3,40,1,1,2,1,3,3,1,17,99,1,1,83,0,0
36,360172,2,5,2,7,4,17,54,12,6,1,0,36,1,22,20,22020,4,2006,2G2WP5525613,2,G,2,W,P,5,5,2,5,6,1,3,0,P,PONT,GRA,4D,6,17,3477,,0,1105,,G,,0,0,000000000,00000000000,0,0,0,1,0,0,0,0,0,0,0,999,0,0,0,9,9,6,2,12,0,0,0,1,36,11714,6,1,6,0,3,0,63,999,0,0,0,0,0,0,0,0,0,0,0,0,0,0,3,3,40,1,1,2,1,3,3,11,66,99,1,1,82,2,0
36,360172,3,5,1,7,4,17,54,12,6,1,0,36,1,13,1,13001,4,1998,1LNFM81W2WY6,1,L,N,F,M,8,1,W,2,W,Y,6,0,P,LINC,EXC,4D,98,17,3860,,0,1177,,G,,0,0,000000000,00000000000,0,0,0,1,0,0,0,0,0,0,0,999,0,0,0,9,9,6,2,12,0,0,0,1,36,11714,6,1,0,0,3,3,62,999,0,0,0,0,0,0,0,0,0,0,0,0,0,0,3,3,40,1,1,2,1,3,3,11,60,99,1,1,98,0,0
36,360172,4,5,1,7,4,17,54,12,6,1,0,36,1,37,31,37031,2,1998,1HGEJ8147WL0,1,H,G,E,J,8,1,4,7,W,L,0,0,P,HOND,UAX,CP,98,17,2507,,0,1032,,G,,0,0,000000000,00000000000,0,0,0,1,0,0,0,0,0,0,0,0,0,0,0,12,12,6,2,12,0,0,0,1,36,11757,6,1,0,0,3,0,63,999,0,0,0,0,0,0,0,0,0,0,0,0,0,0,3,3,40,1,1,2,1,3,3,5,78,1,1,1,98,0,0
36,360172,5,5,1,7,4,17,54,12,6,1,0,36,1,52,39,52039,3,1997,JA3AM44H2VY0,J,A,3,A,M,4,4,H,2,V,Y,0,0,P,MITS,3GT,2H,97,17,3131,,0,972,,G,,0,0,000000000,00000000000,0,0,0,1,0,0,0,0,0,0,0,0,0,0,0,12,12,2,1,12,0,0,0,1,36,11735,6,1,0,0,3,3,74,999,0,0,0,0,1,12,2008,12,2008,0,0,0,0,0,3,3,40,1,1,2,1,3,3,5,78,1,1,1,98,0,0
36,360173,1,1,3,29,3,7,54,42,0,1,0,36,3,12,443,12443,20,2007,2FMZA51687BA,2,F,M,Z,A,5,1,6,8,7,B,A,0,P,FORD,FRE,SV,7,17,4295,,0,1208,,G,,0,0,000000000,00000000000,0,0,0,1,0,0,0,0,0,0,0,999,0,0,0,12,12,6,2,42,0,0,0,1,36,12033,6,1,0,0,3,3,70,999,1,0,0,0,0,7,2008,7,2008,0,0,0,0,0,2,2,40,1,3,2,2,0,0,1,12,99,1,4,6,1,0
36,360174,1,1,1,3,4,12,6,24,0,1,0,36,1,76,706,76706,80,2006,JYAVP22E46A0,J,Y,A,V,P,2,2,E,4,6,A,0,0,M,YAMA,XCT,RS,6,17,,,,,,,1854,0,0,000000000,00000000000,0,0,0,1,0,0,0,0,0,0,0,999,0,0,0,12,12,6,2,1,0,0,0,1,36,14845,6,1,0,0,3,3,72,999,0,0,0,1,0,7,2008,7,2008,1,0,0,0,0,1,2,55,3,2,2,1,0,0,14,13,99,1,4,1,1,0
36,360175,1,1,1,6,4,21,15,24,0,1,0,36,2,2,404,2404,14,1998,1J4GZ58S1WC3,1,J,4,G,Z,5,8,S,1,W,C,3,0,T,JEEP,LRT,4W,98,17,,1,0,1059,GCK,G,,0,0,000000000,00000000000,0,0,0,1,0,0,0,0,0,0,0,999,0,1,5,12,12,6,2,1,0,0,0,1,36,13140,1,1,0,0,2,2,70,999,0,2,0,1,0,5,2009,7,2009,1,74,0,0,0,1,2,55,2,1,2,2,28,3,14,6,99,9,4,2,1,1
36,360176,1,1,3,9,4,16,45,8,0,1,0,36,2,18,20,18020,2,1995,2G4WB12L7S14,2,G,4,W,B,1,2,L,7,S,1,4,0,P,BUIC,RCG,CP,95,17,3261,,0,1075,,G,,0,0,000000000,00000000000,0,0,0,1,0,0,0,0,0,0,0,999,0,0,0,12,12,6,2,8,0,0,0,1,36,14212,0,0,0,0,0,0,61,999,0,0,0,0,0,0,0,0,0,0,52,0,0,0,1,4,30,1,1,2,1,0,0,1,80,99,1,1,13,0,0
36,360177,1,1,2,23,2,18,35,8,0,1,0,36,3,12,461,12461,21,2000,1FDSS34F2YHC,1,F,D,S,S,3,4,F,2,Y,H,C,0,T,FORD,3SD,IE,0,17,,2,0,1380,VAN,D,,0,0,000000000,00000000000,0,0,0,1,0,0,0,0,0,0,0,999,0,0,0,12,12,0,1,8,0,0,0,1,36,11212,6,1,6,0,3,0,72,999,0,0,0,0,0,0,0,0,0,0,0,0,0,0,1,9,99,1,1,9,2,3,3,11,80,99,1,1,13,0,0
36,360178,1,1,3,9,4,6,40,8,0,1,0,36,3,84,981,84981,59,1998,1HVBBAAN2WH5,1,H,V,B,B,A,A,N,2,W,H,5,0,T,INTL,380,BU,98,17,,7,2760,1520,30S,D,,0,5,723997,05723997,3,21,22,1,0,0,0,0,99,0,0,999,0,0,0,14,14,2,1,8,0,0,0,1,36,11436,6,1,6,0,3,0,66,999,0,0,0,0,0,0,0,0,0,0,38,0,0,0,1,2,99,1,1,2,2,3,3,10,80,99,1,1,13,0,0
36,360179,1,1,1,6,4,12,37,8,0,1,0,36,3,99,989,99989,59,9999,999999999999,9,9,9,9,9,9,9,9,9,9,9,9,0,U,,,,9,17,,,,,,,,0,88,888888888,88888888888,9,21,22,1,0,0,0,0,98,0,0,999,0,0,0,12,12,2,1,8,0,0,0,1,36,11434,6,1,6,1,3,0,69,999,1,0,0,0,0,11,2007,11,2007,0,38,0,0,0,1,7,30,1,1,2,1,3,3,11,80,99,1,1,13,0,0
36,360180,1,1,2,4,4,6,4,31,0,1,0,36,2,20,401,20401,14,1995,1GNCT18W7S21,1,G,N,C,T,1,8,W,7,S,2,1,0,P,CHEV,BZR,UT,95,17,3867,,0,1005,,G,,0,0,000000000,00000000000,0,0,0,1,0,0,0,0,0,0,0,999,0,1,2,5,5,6,2,1,0,0,0,1,36,14527,6,1,6,0,3,0,77,999,0,0,0,0,0,0,0,0,0,0,0,0,0,0,3,2,65,1,1,1,1,0,0,1,13,99,1,4,1,1,1
36,360181,1,2,1,12,4,13,32,12,2,1,0,36,1,72,706,72706,80,2006,1HD1BWB106Y0,1,H,D,1,B,W,B,1,0,6,Y,0,0,M,HD,FSI,RS,6,17,,,,,,,1450,0,0,000000000,00000000000,0,0,0,1,0,0,0,0,0,0,0,999,0,0,0,12,12,6,2,12,0,0,0,1,36,14101,6,1,0,0,3,0,72,999,0,0,0,0,0,0,0,0,0,1,28,0,0,0,1,2,45,2,3,2,1,0,0,14,6,99,1,4,98,1,0
36,360181,2,2,1,12,4,13,32,12,2,1,0,92,0,98,998,98998,92,1987,999999999999,9,9,9,9,9,9,9,9,9,9,9,9,0,U,,,,9,17,,,,,,,,0,0,000000000,00000000000,0,0,0,1,0,0,0,0,0,0,0,15,0,0,0,12,12,2,1,12,0,0,0,1,36,14729,6,1,0,0,3,0,62,999,0,0,0,0,0,0,0,0,0,0,0,0,0,0,0,0,0,0,0,0,0,0,0,99,98,99,1,5,98,0,0
36,360182,1,1,1,11,4,1,46,42,0,1,0,36,1,7,482,7482,31,1995,3B7HC13Z7SG7,3,B,7,H,C,1,3,Z,7,S,G,7,0,T,DODG,150,PC,95,17,,2,1547,1387,RPC,G,,0,0,000000000,00000000000,0,0,0,1,0,0,0,0,0,0,0,999,0,0,0,12,12,6,2,42,0,0,0,1,36,13157,0,0,0,0,0,0,999,999,0,0,0,0,0,0,0,0,0,1,0,0,0,0,1,2,55,1,1,2,1,0,0,1,6,99,3,4,2,1,1
36,360184,1,1,1,11,4,16,52,9,0,1,0,36,1,37,32,37032,4,1999,1HGCG6653XA0,1,H,G,C,G,6,6,5,3,X,A,0,0,P,HOND,ULX,4D,99,17,3053,,0,1069,,G,,0,0,000000000,00000000000,0,0,0,1,0,0,0,0,0,0,0,999,0,0,0,12,12,6,2,9,0,0,0,1,36,13501,6,1,0,0,3,0,70,999,0,0,0,0,0,0,0,0,0,0,0,0,0,0,1,4,55,1,2,2,1,0,0,1,84,99,1,4,13,0,0
36,360185,1,2,3,5,4,18,5,12,1,1,0,36,1,42,36,42036,4,1990,WDBCA25D4LA5,W,D,B,C,A,2,5,D,4,L,A,5,0,P,MERZ,3EL,4D,90,17,3785,,0,1211,,G,,0,0,000000000,00000000000,0,0,0,1,0,0,0,0,0,0,0,0,0,0,0,6,6,6,2,12,0,0,0,1,36,14437,6,1,0,0,3,0,67,999,0,0,0,0,0,0,0,0,0,0,0,0,0,0,2,4,65,1,1,2,1,0,0,5,98,1,1,1,21,2,0
36,360185,2,2,2,5,4,18,5,12,1,1,0,23,1,12,481,12481,31,2008,1FTWF31R38EC,1,F,T,W,F,3,1,R,3,8,E,C,0,T,FORD,F3S,PK,8,17,,3,0,1370,SRW,D,,0,0,000000000,00000000000,0,0,0,1,0,0,0,0,0,0,0,999,0,0,0,12,12,6,2,12,0,0,0,1,23,3908,6,1,0,0,3,0,999,999,0,0,0,0,0,0,0,0,0,0,0,0,0,0,2,4,65,1,1,2,1,0,0,1,50,1,1,1,20,0,0
36,360186,1,2,1,15,4,13,50,12,2,1,0,36,1,12,461,12461,21,2002,1FTNS24L92HA,1,F,T,N,S,2,4,L,9,2,H,A,0,T,FORD,25V,EC,2,17,,2,0,1380,VAN,G,,0,0,000000000,00000000000,0,0,0,1,0,0,0,0,0,0,0,999,0,0,0,12,12,6,2,12,0,0,0,1,36,12566,6,1,0,0,3,3,68,999,0,0,0,0,0,0,0,0,0,0,0,0,0,0,1,2,45,1,2,2,1,0,0,1,62,6,1,1,51,0,0
36,360186,2,2,1,15,4,13,50,12,2,1,0,36,1,37,31,37031,2,1996,2HGEJ6346TH1,2,H,G,E,J,6,3,4,6,T,H,1,0,P,HOND,UCD,2H,96,17,2190,,0,1032,,G,,0,0,000000000,00000000000,0,0,0,1,0,0,0,0,0,0,0,999,0,0,0,12,12,6,2,12,0,0,0,1,36,12566,6,1,0,0,3,0,69,999,0,0,0,0,0,0,0,0,0,1,28,0,0,0,1,2,45,1,2,2,1,0,0,1,10,7,1,2,50,1,0
36,360187,1,1,1,15,4,0,44,52,0,1,0,36,1,53,705,53705,80,2009,JS1GN7EA5921,J,S,1,G,N,7,E,A,5,9,2,1,0,M,SUZI,G60,RC,9,17,,,,,,,599,0,0,000000000,00000000000,0,0,0,1,0,0,0,0,0,0,0,999,0,0,0,12,12,6,2,32,0,0,0,1,36,14067,6,1,0,0,3,3,70,999,0,0,0,0,2,7,2007,12,2009,1,0,0,0,0,1,2,55,4,2,2,1,0,0,14,13,99,1,4,1,1,1
36,360188,1,1,1,17,2,8,2,8,0,1,0,36,3,84,981,84981,50,1995,1HTBBAAN5SH2,1,H,T,B,B,A,A,N,5,S,H,2,0,T,INTL,380,BU,95,17,,7,2760,1520,30S,D,,0,99,999999999,99999999999,3,21,22,1,0,0,0,0,1,0,0,999,0,0,0,12,12,0,1,8,0,0,0,1,36,11219,6,1,6,0,3,3,67,999,0,0,0,0,0,0,0,0,0,0,0,0,0,0,4,1,30,1,1,2,1,0,0,1,80,99,1,1,13,0,0
36,360189,1,1,2,6,4,4,55,42,0,1,0,36,2,23,421,23421,15,2003,1GKEK13Z33J1,1,G,K,E,K,1,3,Z,3,3,J,1,0,T,GMC,YUK,4W,3,17,,2,0,1160,YUK,F,,0,0,000000000,00000000000,0,0,0,1,0,0,0,0,0,0,0,999,0,0,0,12,12,6,9,42,0,0,0,1,36,11520,0,0,0,0,0,0,999,999,0,0,0,0,0,0,0,0,0,0,0,0,0,0,1,2,35,1,1,2,1,0,0,1,12,99,1,4,6,1,1
36,360190,1,1,1,28,3,13,56,31,0,1,0,36,1,22,18,22018,4,1994,1G2NE5530RC7,1,G,2,N,E,5,5,3,0,R,C,7,0,P,PONT,GAS,4D,94,17,2793,,0,1034,,G,,0,0,000000000,00000000000,0,0,0,1,0,0,0,0,0,0,0,999,0,0,0,12,12,6,2,19,0,0,0,1,36,12815,6,1,0,0,3,0,64,999,0,0,0,0,0,0,0,0,0,9,0,0,0,0,1,2,35,2,2,2,1,0,0,14,11,99,1,4,1,1,0
36,360191,1,1,1,17,3,22,58,8,0,1,0,36,3,20,441,20441,20,2000,1GNEL19W6YB1,1,G,N,E,L,1,9,W,6,Y,B,1,0,T,CHEV,AST,ES,0,17,,2,0,1112,AST,G,,0,0,000000000,00000000000,0,0,0,1,0,0,0,0,0,0,0,999,0,0,0,12,12,6,2,8,0,0,0,1,36,11792,6,1,6,0,3,0,68,999,0,0,0,0,0,0,0,0,0,0,0,0,0,0,2,6,40,1,1,2,1,3,3,1,80,99,1,1,13,0,0
36,360192,1,1,1,5,1,11,37,8,0,1,0,36,3,82,881,82881,63,1997,2FVNFWDBXVA8,2,F,V,N,F,W,D,B,X,V,A,8,1,T,FRHT,FLD,TM,97,17,,8,0,0,CON,D,,1,99,999999999,99999999999,3,2,2,1,0,0,0,0,0,0,0,999,0,0,0,3,3,6,2,8,0,0,0,1,36,11801,6,1,6,1,3,0,70,999,1,1,0,0,0,11,2007,10,2009,0,0,0,0,0,9,9,99,1,2,2,1,3,3,1,80,99,1,1,13,0,0
36,360193,1,1,1,7,1,18,40,8,0,1,0,36,1,69,54,69054,3,2004,WMWRE334X4TD,W,M,W,R,E,3,3,4,X,4,T,D,0,P,MNNI,COS,2H,4,17,2679,,0,971,,G,,0,0,000000000,00000000000,0,0,0,1,0,0,0,0,0,0,0,999,0,0,0,12,12,6,2,8,0,0,0,1,36,11411,6,1,0,0,3,0,72,999,0,0,0,0,0,0,0,0,0,0,92,0,0,0,9,9,99,1,1,2,1,0,0,1,80,99,1,1,13,0,1
36,360194,1,1,3,18,1,20,16,8,0,1,0,36,2,37,441,37441,20,2002,2HKRL18532H5,2,H,K,R,L,1,8,5,3,2,H,5,0,P,HOND,UDY,SV,2,17,4299,,0,1181,,G,,0,0,000000000,00000000000,0,0,0,1,0,0,0,0,0,0,0,999,0,0,0,12,12,2,1,8,0,0,0,1,36,11101,6,1,0,0,3,0,66,999,0,0,0,0,0,0,0,0,0,0,92,0,0,0,9,9,99,1,1,2,1,3,3,1,80,99,1,1,13,0,0