STATE,ST_CASE,VEH_NO,VE_FORMS,NUMOCCS,DAY,MONTH,HOUR,MINUTE,HARM_EV,MAN_COLL,UNITTYPE,HIT_RUN,REG_STAT,OWNER,MAKE,MODEL,MAK_MOD,BODY_TYP,MOD_YEAR,VIN,VIN_1,VIN_2,VIN_3,VIN_4,VIN_5,VIN_6,VIN_7,VIN_8,VIN_9,VIN_10,VIN_11,VIN_12,TOW_VEH,VINTYPE,VINMAKE,VINA_MOD,VIN_BT,VINMODYR,VIN_LNGT,VIN_WGT,WGTCD_TR,WHLBS_LG,WHLBS_SH,SER_TR,FUELCODE,MCYCL_DS,J_KNIFE,MCARR_I1,MCARR_I2,MCARR_ID,GVWR,V_CONFIG,CARGO_BT,HAZ_INV,HAZ_PLAC,HAZ_ID,HAZ_CNO,HAZ_REL,BUS_USE,SPEC_USE,EMER_USE,TRAV_SP,UNDERIDE,ROLLOVER,ROLINLOC,IMPACT1,IMPACT2,DEFORMED,TOWED,M_HARM,VEH_SC1,VEH_SC2,FIRE_EXP,DR_PRES,L_STATE,DR_ZIP,L_STATUS,L_TYPE,CDL_STAT,L_ENDORS,L_COMPL,L_RESTRI,DR_HGT,DR_WGT,PREV_ACC,PREV_SUS,PREV_DWI,PREV_SPD,PREV_OTH,FIRST_MO,FIRST_YR,LAST_MO,LAST_YR,SPEEDREL,DR_SF1,DR_SF2,DR_SF3,DR_SF4,VTRAFWAY,VNUM_LAN,VSPD_LIM,VALIGN,VPROFILE,VPAVETYP,VSURCOND,VTRAFCON,VTCONT_F,P_CRASH1,P_CRASH2,P_CRASH3,PCRASH4,PCRASH5,ACC_TYPE,DEATHS,DR_DRINK
36,360195,1,2,1,16,1,18,25,12,6,1,1,99,9,99,999,99999,99,9999,999999999999,9,9,9,9,9,9,9,9,9,9,9,9,0,U,,,,9,17,,,,,,,,0,0,000000000,00000000000,0,0,0,1,0,0,0,0,0,0,0,999,0,0,0,11,99,9,9,12,0,0,0,1,99,99999,9,9,99,9,9,9,999,999,99,99,99,99,99,99,9999,99,9999,1,0,0,0,0,1,2,30,1,1,2,99,0,0,1,10,99,1,2,98,0,0
36,360195,2,2,3,16,1,18,25,12,6,1,0,36,6,32,43,32043,4,1997,WAUCB88D1VA1,W,A,U,C,B,8,8,D,1,V,A,1,0,P,AUDI,41Q,4D,97,17,3042,,0,1026,,G,,0,0,000000000,00000000000,0,0,0,1,0,0,0,0,0,0,0,0,0,0,0,9,9,6,2,12,0,0,0,0,,,,,,,,,999,,,,,,,,,,,,20,0,0,0,1,2,30,1,1,2,99,0,0,0,62,0,0,0,98,1,0
36,360196,1,1,1,5,1,7,40,8,0,1,0,92,0,98,998,98998,97,2008,999999999999,9,9,9,9,9,9,9,9,9,9,9,9,0,U,,,,9,17,,,,,,,,0,0,000000000,00000000000,0,0,0,1,0,0,0,0,0,0,0,999,0,0,0,12,12,2,1,8,0,0,0,1,34,7746,6,1,0,0,3,0,68,999,0,0,0,0,0,0,0,0,0,0,0,0,0,0,4,1,30,1,1,2,1,3,3,1,80,99,1,1,13,0,0
36,360197,1,1,1,14,4,15,22,42,0,1,0,36,2,20,36,20036,2,2004,2G1WX12K2491,2,G,1,W,X,1,2,K,2,4,9,1,0,P,CHEV,MSS,CP,4,17,3395,,0,1105,,G,,0,0,000000000,00000000000,0,0,0,1,0,0,0,0,0,0,0,80,0,0,0,9,9,6,2,42,0,0,0,1,36,12413,1,1,0,0,2,2,66,999,0,0,0,0,0,0,0,0,0,1,74,0,0,0,1,2,55,3,1,1,1,0,0,14,12,7,1,4,6,1,1
36,360198,1,1,1,25,3,15,44,34,0,1,0,36,1,49,40,49040,4,2005,4T1BE32K75U5,4,T,1,B,E,3,2,K,7,5,U,5,0,P,TOYT,XLL,4D,5,17,3108,,0,1071,,G,,0,0,000000000,00000000000,0,0,0,1,0,0,0,0,0,0,0,999,0,0,0,12,12,6,2,34,0,0,0,1,36,13165,6,1,0,0,3,0,62,999,0,0,0,0,0,0,0,0,0,1,0,0,0,0,1,2,55,2,2,2,2,0,0,14,6,99,3,4,7,1,0
36,360199,1,1,1,20,4,5,18,8,0,1,0,36,2,49,32,49032,4,2000,2T1BR12E7YC3,2,T,1,B,R,1,2,E,7,Y,C,3,0,P,TOYT,UVL,4D,0,17,2403,,0,970,,G,,0,0,000000000,00000000000,0,0,0,1,0,0,0,0,0,0,0,999,0,0,0,12,12,6,2,8,0,0,0,1,36,11717,1,8,0,0,2,2,71,999,0,16,0,2,0,5,2007,2,2009,0,74,0,0,0,2,3,55,2,1,2,1,0,0,14,80,99,1,1,13,0,0
36,360200,1,1,4,4,4,5,16,42,0,1,0,36,2,34,35,34035,4,1990,WBAHD2315LBF,W,B,A,H,D,2,3,1,5,L,B,F,0,P,BMW,35A,4D,90,17,3570,,0,1087,,G,,0,0,000000000,00000000000,0,0,0,1,0,0,0,0,0,0,0,999,0,0,0,63,63,6,2,42,0,0,0,1,36,11575,6,1,0,0,3,0,64,999,0,0,0,0,1,3,2009,3,2009,1,0,0,0,0,3,3,55,1,1,2,2,0,0,15,6,99,9,4,2,1,1
36,360201,1,2,3,21,4,17,38,12,2,1,0,36,2,48,34,48034,4,1997,4S3BD6757V62,4,S,3,B,D,6,7,5,7,V,6,2,0,P,SUBA,UGT,4D,97,17,3090,,0,1035,,G,,0,0,000000000,00000000000,0,0,0,1,0,0,0,0,0,0,0,999,0,0,0,12,12,6,2,12,0,0,0,1,36,12094,6,1,0,0,3,0,71,999,1,2,0,0,2,7,2007,11,2009,0,28,0,0,0,1,2,55,4,1,2,1,28,3,14,10,99,1,2,50,2,0
36,360201,2,2,2,21,4,17,38,12,2,1,0,36,1,24,9,24009,4,2007,1G8ZS57N27F1,1,G,8,Z,S,5,7,N,2,7,F,1,0,P,STRN,AXE,4D,7,17,3528,,0,1123,,G,,0,0,000000000,00000000000,0,0,0,1,0,0,0,0,0,0,0,999,0,0,0,12,12,6,2,12,0,0,0,1,36,12186,6,1,0,0,3,0,66,999,1,0,0,1,0,10,2008,2,2010,0,0,0,0,0,1,2,55,4,1,2,1,28,3,14,62,99,1,1,51,0,0
36,360202,1,1,1,18,4,5,24,42,0,1,0,36,2,19,3,19003,4,1989,1G6CD5156K42,1,G,6,C,D,5,1,5,6,K,4,2,0,P,CADI,DFW,4D,89,17,3302,,0,1138,,G,,0,0,000000000,00000000000,0,0,0,1,0,0,0,0,0,0,0,999,0,0,0,3,3,6,2,42,0,0,0,1,36,11901,6,1,0,0,3,0,68,999,0,0,0,0,0,0,0,0,0,1,0,0,0,0,1,2,55,1,1,2,1,0,0,1,12,99,1,4,6,1,1
36,360203,1,1,1,10,4,23,18,30,0,1,0,36,1,12,401,12401,14,2001,1FMYU70E51UA,1,F,M,Y,U,7,0,E,5,1,U,A,0,P,FORD,EPR,UT,1,17,3959,,0,1018,,G,,0,0,000000000,00000000000,0,0,0,1,0,0,0,0,0,0,0,45,0,0,0,9,9,6,2,30,0,0,0,1,36,13132,6,1,0,0,3,0,70,999,0,0,0,2,0,3,2008,1,2010,0,0,0,0,0,1,2,45,1,1,2,1,0,0,1,12,99,1,4,6,1,1
36,360204,1,1,1,25,4,13,58,19,0,1,0,36,1,76,703,76703,80,1996,JYA2UJE0XTA0,J,Y,A,2,U,J,E,0,X,T,A,0,0,M,YAMA,XV2,RS,96,17,,,,,,,249,0,0,000000000,00000000000,0,0,0,1,0,0,0,0,0,0,0,999,0,0,0,6,12,6,2,19,0,0,0,1,36,14755,6,1,0,0,3,0,71,999,0,0,0,0,0,0,0,0,0,0,0,0,0,0,1,2,45,2,2,2,2,0,0,14,12,99,1,4,6,1,1
36,360205,1,2,1,8,4,19,16,12,6,1,0,36,1,53,706,53706,80,2005,JS1VS52AX521,J,S,1,V,S,5,2,A,X,5,2,1,0,M,SUZI,VS8,RS,5,17,,,,,,,805,0,0,000000000,00000000000,0,0,0,1,0,0,0,0,0,0,0,999,0,0,0,12,12,6,2,12,0,0,0,1,36,13057,6,1,0,0,3,3,67,999,1,0,0,1,2,5,2007,8,2008,1,0,0,0,0,1,2,45,1,3,2,2,28,3,1,67,99,1,1,69,1,1
36,360205,2,2,2,8,4,19,16,12,6,1,0,36,1,20,481,20481,31,2004,1GCHK23U74F2,1,G,C,H,K,2,3,U,7,4,F,2,0,T,CHEV,2KH,CW,4,17,,2,1670,1530,SIL,G,,0,0,000000000,00000000000,0,0,0,1,0,0,0,0,0,0,0,999,0,0,0,7,7,6,2,12,0,0,0,1,36,14850,6,1,0,0,3,0,71,999,0,0,0,0,0,0,0,0,0,0,0,0,0,0,1,2,45,1,3,2,2,28,3,11,17,99,1,1,68,0,0
36,360206,1,2,2,17,4,14,50,12,2,1,0,36,2,20,37,20037,4,2001,1G1NE52J6161,1,G,1,N,E,5,2,J,6,1,6,1,0,P,CHEV,M/L,4D,1,17,3051,,0,1070,,G,,0,0,000000000,00000000000,0,0,0,1,0,0,0,0,0,0,0,999,0,0,0,12,12,6,2,12,0,0,0,1,36,12981,6,1,0,0,3,0,69,999,0,0,0,0,0,0,0,0,0,0,28,0,0,0,1,2,55,4,1,2,2,28,3,14,10,99,1,2,50,0,0
36,360206,2,2,1,17,4,14,50,12,2,1,0,36,1,72,706,72706,80,2003,1HD1FRW443Y7,1,H,D,1,F,R,W,4,4,3,Y,7,0,M,HD,FCA,RS,3,17,,,,,,,1450,0,0,000000000,00000000000,0,0,0,1,0,0,0,0,0,0,0,999,0,0,0,12,12,6,2,12,0,0,0,1,36,12918,6,1,6,0,3,0,70,999,0,0,0,0,0,0,0,0,0,0,0,0,0,0,1,2,55,4,1,2,2,28,3,14,62,99,1,1,51,1,0
36,360207,1,2,2,7,4,10,38,12,6,1,0,36,1,12,16,12016,4,1995,2FALP73W4SX1,2,F,A,L,P,7,3,W,4,S,X,1,0,P,FORD,CVI,4D,95,17,3762,,0,1144,,G,,0,0,000000000,00000000000,0,0,0,1,0,0,0,0,0,0,0,999,0,0,0,11,11,6,2,12,0,0,0,1,36,13165,6,1,0,0,3,3,71,999,0,0,0,0,1,3,2008,3,2008,0,39,0,0,0,1,2,55,1,1,2,1,20,3,4,66,99,1,1,89,1,0
36,360207,2,2,1,7,4,10,38,12,6,1,0,36,1,6,43,6043,2,1998,4C3AU42N3WE1,4,C,3,A,U,4,2,N,3,W,E,1,0,P,CHRY,SLX,2P,98,17,2857,,0,1037,,G,,0,0,000000000,00000000000,0,0,0,1,0,0,0,0,0,0,0,999,0,0,0,12,12,6,2,12,0,0,0,1,36,14521,6,1,0,0,3,0,59,999,0,0,0,0,0,0,0,0,0,0,0,0,0,0,1,2,55,1,1,2,1,20,3,1,55,99,1,1,88,0,0
36,360208,1,1,2,24,4,2,43,25,0,1,0,36,1,37,31,37031,4,2005,2HGES16535H5,2,H,G,E,S,1,6,5,3,5,H,5,0,P,HOND,UCL,4D,5,17,2606,,0,1031,,G,,0,0,000000000,00000000000,0,0,0,1,0,0,0,0,0,0,0,999,0,0,0,11,11,6,2,42,0,0,0,1,36,11743,2,1,0,0,2,2,64,999,0,14,0,0,0,5,2007,2,2010,1,74,0,0,0,3,2,55,1,1,2,1,0,0,15,13,99,1,4,1,1,1
36,360209,1,2,1,27,3,8,9,12,2,1,0,36,2,2,405,2405,14,2004,1J4GL48K74W2,1,J,4,G,L,4,8,K,7,4,W,2,0,T,JEEP,SPR,4W,4,17,,1,0,1043,LIB,G,,0,0,000000000,00000000000,0,0,0,1,0,0,0,0,0,0,0,999,0,0,0,12,12,6,2,12,0,0,0,1,36,10952,6,1,0,0,3,3,62,999,0,0,0,0,0,0,0,0,0,0,0,0,0,0,1,2,30,1,1,2,1,0,0,1,62,99,1,1,51,0,0
36,360209,2,2,3,27,3,8,9,12,2,1,0,36,1,49,32,49032,4,2009,2T1BU40E49C1,2,T,1,B,U,4,0,E,4,9,C,1,0,P,TOYT,CBL,4D,9,17,2723,,0,1024,,G,,0,0,000000000,00000000000,0,0,0,1,0,0,0,0,0,0,0,999,0,0,0,12,12,6,2,12,0,0,0,1,36,10952,6,1,0,0,3,0,65,999,1,0,0,0,0,9,2008,9,2008,0,28,0,0,0,1,2,30,1,1,2,1,0,0,1,10,99,1,2,50,1,0
36,360210,1,1,2,7,4,13,15,30,0,1,0,36,2,34,35,34035,4,2000,WBADN634XYGM,W,B,A,D,N,6,3,4,X,Y,G,M,0,P,BMW,540,4D,0,17,3803,,0,1114,,G,,0,0,000000000,00000000000,0,0,0,1,0,0,0,0,0,0,0,999,0,0,0,5,7,6,2,42,0,0,0,1,36,12586,2,1,0,0,2,2,71,999,1,11,0,0,0,6,2007,3,2010,1,74,0,0,0,1,2,30,4,1,2,1,28,3,14,6,99,1,4,1,1,0
36,360211,1,1,3,16,4,21,5,8,0,1,0,36,1,21,2,21002,4,1996,1G3HY52K9T48,1,G,3,H,Y,5,2,K,9,T,4,8,0,P,OLDS,LSS,4D,96,17,3502,,0,1108,,G,,0,0,000000000,00000000000,0,0,0,1,0,0,0,0,0,0,0,999,0,0,0,12,12,6,2,8,0,0,0,1,36,14615,6,1,0,0,3,0,72,999,0,4,0,1,1,9,2008,12,2009,0,0,0,0,0,9,9,99,1,1,9,1,0,0,1,80,99,1,1,13,0,0
36,360212,1,1,1,3,2,6,30,40,0,1,0,36,2,35,39,35039,4,1999,JN1CA21DXXT2,J,N,1,C,A,2,1,D,X,X,T,2,0,P,NISS,MGS,4D,99,17,2896,,0,1063,,G,,0,0,000000000,00000000000,0,0,0,1,0,0,0,0,0,0,0,999,0,0,0,9,9,6,2,42,0,0,0,1,36,11704,6,1,0,0,3,0,66,999,1,0,0,0,0,7,2007,7,2007,0,0,0,0,0,1,2,30,4,1,2,3,0,0,14,5,99,2,4,2,1,0
36,360214,1,1,1,1,2,19,5,8,0,1,0,36,2,52,47,52047,6,2010,JA4AS2AW5AZ0,J,A,4,A,S,2,A,W,5,A,Z,0,0,P,MITS,OUT,UT,10,17,3384,,0,1051,,G,,0,0,000000000,00000000000,0,0,0,1,0,0,0,0,0,0,0,999,0,0,0,12,12,6,2,8,0,0,0,1,36,11726,6,1,0,0,3,3,67,999,0,0,0,0,0,0,0,0,0,0,0,0,0,0,1,2,99,1,1,9,1,0,0,1,80,99,1,1,13,0,0
36,360215,1,1,1,10,4,2,22,53,0,1,0,36,1,20,4,20004,2,2007,1G1YY26U6751,1,G,1,Y,Y,2,6,U,6,7,5,1,0,P,CHEV,CVT,CP,7,17,3179,,0,1057,,G,,0,0,000000000,00000000000,0,0,0,1,0,0,0,0,0,0,0,999,0,1,5,12,12,6,2,1,0,0,0,1,36,14020,6,1,6,0,3,0,69,999,0,0,0,0,1,12,2007,12,2007,1,0,0,0,0,1,2,55,1,2,2,1,0,0,1,13,99,1,4,1,1,1
36,360216,1,1,2,20,2,23,48,8,0,1,0,36,1,49,441,49441,20,1993,JT3AC11R1P10,J,T,3,A,C,1,1,R,1,P,1,0,0,P,TOYT,PRE,SV,93,17,3535,,0,1128,,G,,0,0,000000000,00000000000,0,0,0,1,0,0,0,0,0,0,0,999,0,0,0,12,12,6,2,8,0,0,0,1,36,11413,6,1,0,0,3,0,69,999,1,0,0,0,0,11,2007,11,2007,0,0,0,0,0,3,9,50,1,1,2,1,0,0,1,80,99,1,1,13,0,0
36,360217,1,1,2,20,4,9,41,8,0,1,0,36,2,12,461,12461,21,1999,1FTRE14WXXHB,1,F,T,R,E,1,4,W,X,X,H,B,0,T,FORD,15V,CG,99,17,,2,0,1380,VAN,G,,0,0,000000000,00000000000,0,0,0,1,0,0,0,0,0,0,0,999,0,0,0,12,12,6,2,8,0,0,0,1,36,11520,1,7,0,0,2,2,66,999,0,0,0,0,0,0,0,0,0,0,28,74,0,0,1,2,99,1,1,1,1,0,0,1,82,99,1,4,13,0,0
36,360218,2,1,1,19,4,17,1,8,0,1,1,36,1,2,404,2404,14,2001,1J4GW58N41C6,1,J,4,G,W,5,8,N,4,1,C,6,0,T,JEEP,LMT,4W,1,17,,1,0,1059,GCK,G,,0,0,000000000,00000000000,0,0,0,1,0,0,0,0,0,0,0,999,0,0,0,12,12,4,1,8,0,0,0,1,36,11577,6,1,0,0,3,0,68,999,0,0,0,0,0,0,0,0,0,9,86,0,0,0,1,2,30,1,1,2,1,0,0,1,80,99,1,1,13,0,0
36,360219,1,1,1,9,3,11,59,8,0,1,0,36,3,20,461,20461,21,2009,1GCGG25C9911,1,G,C,G,G,2,5,C,9,9,1,1,0,T,CHEV,E25,CG,9,17,,2,0,1350,EXP,G,,0,0,000000000,00000000000,0,0,0,1,0,0,0,0,0,0,0,30,0,0,0,12,12,2,3,8,0,0,0,1,36,11719,6,1,0,0,3,0,74,999,0,0,0,0,0,0,0,0,0,0,0,0,0,0,1,2,30,1,1,2,1,0,0,1,80,99,1,1,13,0,0
36,360220,1,2,1,5,4,17,35,12,6,1,0,36,1,13,421,13421,15,2000,5LMPU28A5YLJ,5,L,M,P,U,2,8,A,5,Y,L,J,0,P,LINC,NAV,UT,0,17,5723,,0,1190,,G,,0,0,000000000,00000000000,0,0,0,1,0,0,0,0,0,0,0,999,0,0,0,12,12,6,2,12,0,0,0,1,36,11743,6,1,0,0,3,0,68,999,1,6,0,0,0,7,2007,3,2010,1,0,0,0,0,2,4,55,1,1,2,1,0,0,1,17,99,1,1,86,0,0
36,360220,2,2,1,5,4,17,35,12,6,1,0,36,1,55,33,55033,4,2008,5NPET46C78H3,5,N,P,E,T,4,6,C,7,8,H,3,0,P,HYUN,SGL,4D,8,17,3253,,0,1074,,G,,0,0,000000000,00000000000,0,0,0,1,0,0,0,0,0,0,0,999,0,0,0,3,1,6,2,12,0,0,0,1,36,11772,6,1,0,0,3,3,69,999,0,0,0,0,0,0,0,0,0,0,38,0,0,0,2,4,55,1,1,2,1,0,0,1,17,99,1,1,87,1,0
36,360221,2,2,1,5,3,11,39,12,6,1,0,36,1,7,17,7017,5,1993,1B3XP28D4PN6,1,B,3,X,P,2,8,D,4,P,N,6,0,P,DODG,SHA,4H,93,17,2544,,0,972,,G,,0,0,000000000,00000000000,0,0,0,1,0,0,0,0,0,0,0,999,0,0,0,1,1,6,2,12,0,0,0,1,36,11702,6,1,0,0,3,3,66,999,0,0,0,0,0,0,0,0,0,0,0,0,0,0,9,9,99,1,1,9,1,3,3,1,66,99,1,1,87,1,0
36,360221,3,2,1,5,3,11,39,12,6,1,0,36,3,12,461,12461,21,2006,1FDWE35P76DA,1,F,D,W,E,3,5,P,7,6,D,A,0,T,FORD,3DC,YY,6,17,,3,1760,1380,CTV,D,,0,88,888888888,88888888888,2,21,22,1,0,0,0,0,1,0,0,999,0,0,0,12,12,6,2,12,0,0,0,1,36,11706,6,1,6,1,3,3,63,999,0,0,0,0,0,0,0,0,0,0,0,0,0,0,1,9,99,1,1,9,1,3,3,1,17,99,1,1,86,0,0
36,360222,1,2,1,28,2,2,45,42,0,1,0,12,1,37,31,37031,4,1996,999999999999,9,9,9,9,9,9,9,9,9,9,9,9,0,U,,,,9,17,,,,,,,,0,0,000000000,00000000000,0,0,0,1,0,0,0,0,0,0,0,999,0,0,0,12,12,6,2,42,0,0,0,1,12,33993,6,1,0,0,3,0,68,999,0,0,0,0,0,0,0,0,0,1,87,0,0,0,1,2,30,1,3,2,2,0,0,1,13,99,1,4,1,1,1
36,360222,2,2,2,28,2,2,45,42,0,1,0,36,1,49,44,49044,2,2007,4T1CE30P77U7,4,T,1,C,E,3,0,P,7,7,U,7,0,P,TOYT,CEE,CP,7,17,3185,,0,1071,,G,,0,0,000000000,00000000000,0,0,0,1,0,0,0,0,0,0,0,999,0,0,0,12,12,6,2,12,0,0,0,1,36,11758,6,1,0,0,3,0,71,999,1,0,0,0,0,1,2009,1,2009,0,87,0,0,0,1,2,30,1,3,2,2,0,0,1,13,99,9,4,98,0,1
36,360223,1,1,1,24,4,15,44,34,0,1,0,36,1,72,706,72706,80,2001,1HD1BWB161Y0,1,H,D,1,B,W,B,1,6,1,Y,0,0,M,HD,FSI,RS,1,17,,,,,,,1450,0,0,000000000,00000000000,0,0,0,1,0,0,0,0,0,0,0,999,0,0,0,12,12,6,2,30,0,0,0,1,36,13643,6,1,6,0,3,0,69,999,0,0,0,0,0,0,0,0,0,1,0,0,0,0,1,2,55,3,2,2,1,0,0,14,11,99,1,4,1,1,1
36,360224,1,1,1,14,3,0,53,8,0,1,0,36,1,20,481,20481,31,1997,1GCEK19R4VE2,1,G,C,E,K,1,9,R,4,V,E,2,0,T,CHEV,GK1,PC,97,17,,2,1555,1415,GM4,G,,0,0,000000000,00000000000,0,0,0,1,0,0,0,0,0,0,0,999,0,0,0,6,6,2,3,8,0,0,0,1,36,13126,6,1,0,0,3,0,69,999,0,0,0,0,0,0,0,0,0,0,31,0,0,0,1,2,30,1,1,2,2,0,0,13,82,99,1,1,98,0,0
36,360225,1,1,2,13,4,17,15,43,0,1,0,36,1,73,706,73706,80,2008,JKAZXCE138A0,J,K,A,Z,X,C,E,1,3,8,A,0,0,M,KAWK,Z0E,RS,8,17,,,,,,,998,0,0,000000000,00000000000,0,0,0,1,0,0,0,0,0,0,0,999,0,0,0,12,12,6,2,1,0,0,0,1,36,13476,6,1,0,0,3,0,68,999,0,0,0,0,0,0,0,0,0,1,39,0,0,0,1,2,55,1,1,2,1,65,3,2,18,99,1,1,12,2,0
36,360226,1,1,1,15,4,3,47,24,0,1,0,36,2,23,481,23481,31,2002,1GTHK24U12E2,1,G,T,H,K,2,4,U,1,2,E,2,0,T,GMC,2KH,PK,2,17,,2,0,1330,SIE,G,,0,0,000000000,00000000000,0,0,0,1,0,0,0,0,0,0,0,999,0,1,5,12,13,6,2,1,0,0,0,1,36,13803,6,1,6,0,3,0,72,999,1,1,0,0,1,4,2009,2,2010,0,0,0,0,0,1,2,55,1,1,2,1,28,3,1,11,99,1,4,1,1,1
36,360227,1,1,1,27,4,21,40,8,0,1,0,36,3,49,442,49442,20,2007,5TDZK23C27S0,5,T,D,Z,K,2,3,C,2,7,S,0,0,P,TOYT,SIE,SV,7,17,4177,,0,1193,,G,,0,0,000000000,00000000000,0,0,0,1,0,0,0,0,0,0,0,999,0,0,0,12,12,2,1,8,0,0,0,1,36,10456,6,1,0,0,3,0,72,999,0,1,0,1,0,5,2007,11,2007,0,0,0,0,0,2,2,30,1,1,2,1,0,0,1,80,99,1,1,13,0,0
36,360228,1,3,2,4,1,12,10,12,1,1,0,36,2,19,3,19003,4,1998,1G6KD54Y5WU7,1,G,6,K,D,5,4,Y,5,W,U,7,0,P,CADI,DFW,4D,98,17,4012,,0,1138,,G,,0,0,000000000,00000000000,0,0,0,1,0,0,0,0,0,0,0,999,0,0,0,12,12,6,2,12,0,0,0,1,36,10314,6,1,0,0,3,0,63,999,2,0,0,0,0,3,2008,8,2008,1,0,0,0,0,3,4,50,1,1,2,1,0,0,1,51,1,1,1,24,1,0
36,360228,2,3,1,4,1,12,10,12,1,1,0,36,2,9,442,9442,20,2000,2P4GP44R3YR6,2,P,4,G,P,4,4,R,3,Y,R,6,0,P,PLYM,VOF,SV,0,17,3863,,0,1193,,G,,0,0,000000000,00000000000,0,0,0,1,0,0,0,0,0,0,0,999,0,0,0,6,12,6,2,12,0,0,0,1,36,10310,0,0,0,0,0,0,999,999,0,0,0,0,5,6,2008,8,2008,0,92,0,0,0,3,4,50,1,1,2,1,0,0,1,53,1,1,1,25,0,0
36,360228,3,3,1,4,1,12,10,12,1,1,0,24,2,6,499,6499,20,1999,999999999999,9,9,9,9,9,9,9,9,9,9,9,9,0,U,,,,9,17,,,,,,,,0,0,000000000,00000000000,0,0,0,1,0,0,0,0,0,0,0,999,0,0,0,6,6,4,3,12,0,0,0,1,36,10310,0,0,0,0,0,0,999,999,0,1,0,0,9,2,2007,3,2009,0,92,0,0,0,3,4,50,1,1,2,1,0,0,1,53,1,1,1,98,0,0
36,360229,1,1,1,5,1,16,42,8,0,1,0,36,2,37,31,37031,2,2003,1HGEM22953L0,1,H,G,E,M,2,2,9,5,3,L,0,0,P,HOND,UAX,CP,3,17,2553,,0,1031,,G,,0,0,000000000,00000000000,0,0,0,1,0,0,0,0,0,0,0,999,0,0,0,12,12,2,3,8,0,0,0,1,36,11223,6,1,0,0,3,0,63,999,0,0,0,0,0,0,0,0,0,0,4,0,0,0,1,4,40,1,1,2,1,0,0,1,80,1,1,1,13,0,0
36,360230,1,1,1,6,1,12,5,8,0,1,0,36,3,12,461,12461,21,2008,1FTNE14W58DB,1,F,T,N,E,1,4,W,5,8,D,B,0,T,FORD,15V,CG,8,17,,2,0,1380,VAN,G,,0,0,000000000,00000000000,0,0,0,1,0,0,0,0,0,0,0,999,0,0,0,12,12,2,1,8,0,0,0,1,36,10304,6,1,6,1,3,0,66,999,1,4,0,0,4,11,2007,12,2009,0,0,0,0,0,1,2,30,1,1,2,1,0,0,1,80,99,1,1,13,0,0
36,360231,1,1,1,25,1,20,5,8,0,1,0,36,1,49,32,49032,4,2009,JTDBL40E6990,J,T,D,B,L,4,0,E,6,9,9,0,0,P,TOYT,CLB,4D,9,17,2723,,0,1024,,G,,0,0,000000000,00000000000,0,0,0,1,0,0,0,0,0,0,0,999,0,0,0,12,12,2,1,8,0,0,0,1,36,11735,6,1,0,0,3,0,66,999,0,0,0,0,1,3,2009,3,2009,0,0,0,0,0,3,2,30,1,1,2,2,3,3,1,80,99,1,1,13,0,0
36,360232,1,2,2,26,1,7,30,8,0,1,0,36,3,86,881,86881,66,1991,1M2AA07Y3MW0,1,M,2,A,A,0,7,Y,3,M,W,0,1,T,MACK,CH6,DS,91,17,,8,0,0,600,D,,1,99,999999999,99999999999,3,6,1,1,0,0,0,0,0,0,0,999,0,0,0,3,3,2,1,8,0,0,0,1,36,11418,6,1,6,1,3,0,67,999,0,0,0,0,2,8,2007,9,2009,0,0,0,0,0,9,9,99,1,1,2,1,3,3,10,80,99,1,1,13,0,0
36,360232,2,2,1,26,1,7,30,8,0,1,0,36,3,86,882,86882,63,2008,1M2AU04C18M0,1,M,2,A,U,0,4,C,1,8,M,0,0,T,MACK,LEU,TL,8,17,,8,0,0,600,D,,0,99,999999999,99999999999,3,1,4,1,0,0,0,0,0,0,0,0,0,0,0,6,6,2,1,8,0,0,0,1,36,11106,6,1,6,1,3,3,68,999,0,0,0,0,0,0,0,0,0,0,0,0,0,0,9,9,99,1,1,2,1,3,3,5,80,1,1,1,98,0,0
36,360233,1,1,1,21,4,12,15,34,0,1,0,36,1,6,44,6044,4,2000,1C3EJ46X8YN3,1,C,3,E,J,4,6,X,8,Y,N,3,0,P,CHRY,LXC,4D,0,17,2888,,0,1080,,G,,0,0,000000000,00000000000,0,0,0,1,0,0,0,0,0,0,0,999,0,0,0,1,9,6,2,42,0,0,0,1,36,14477,6,1,0,0,3,0,66,999,0,0,0,0,0,0,0,0,0,0,0,0,0,0,1,2,55,2,1,2,1,28,3,14,3,99,2,4,2,1,0
36,360234,1,1,1,24,4,23,43,30,0,1,0,36,2,37,32,37032,4,1996,1HGCD5635TA0,1,H,G,C,D,5,6,3,5,T,A,0,0,P,HOND,ULE,4D,96,17,2864,,0,1069,,G,,0,0,000000000,00000000000,0,0,0,1,0,0,0,0,0,0,0,999,0,1,5,12,12,6,2,1,0,0,0,1,36,13761,6,1,0,0,3,3,62,999,1,5,1,2,0,11,2007,2,2009,0,0,0,0,0,1,2,55,1,1,2,2,28,3,1,10,99,1,4,6,1,0