STATE,ST_CASE,VEH_NO,VE_FORMS,NUMOCCS,DAY,MONTH,HOUR,MINUTE,HARM_EV,MAN_COLL,UNITTYPE,HIT_RUN,REG_STAT,OWNER,MAKE,MODEL,MAK_MOD,BODY_TYP,MOD_YEAR,VIN,VIN_1,VIN_2,VIN_3,VIN_4,VIN_5,VIN_6,VIN_7,VIN_8,VIN_9,VIN_10,VIN_11,VIN_12,TOW_VEH,VINTYPE,VINMAKE,VINA_MOD,VIN_BT,VINMODYR,VIN_LNGT,VIN_WGT,WGTCD_TR,WHLBS_LG,WHLBS_SH,SER_TR,FUELCODE,MCYCL_DS,J_KNIFE,MCARR_I1,MCARR_I2,MCARR_ID,GVWR,V_CONFIG,CARGO_BT,HAZ_INV,HAZ_PLAC,HAZ_ID,HAZ_CNO,HAZ_REL,BUS_USE,SPEC_USE,EMER_USE,TRAV_SP,UNDERIDE,ROLLOVER,ROLINLOC,IMPACT1,IMPACT2,DEFORMED,TOWED,M_HARM,VEH_SC1,VEH_SC2,FIRE_EXP,DR_PRES,L_STATE,DR_ZIP,L_STATUS,L_TYPE,CDL_STAT,L_ENDORS,L_COMPL,L_RESTRI,DR_HGT,DR_WGT,PREV_ACC,PREV_SUS,PREV_DWI,PREV_SPD,PREV_OTH,FIRST_MO,FIRST_YR,LAST_MO,LAST_YR,SPEEDREL,DR_SF1,DR_SF2,DR_SF3,DR_SF4,VTRAFWAY,VNUM_LAN,VSPD_LIM,VALIGN,VPROFILE,VPAVETYP,VSURCOND,VTRAFCON,VTCONT_F,P_CRASH1,P_CRASH2,P_CRASH3,PCRASH4,PCRASH5,ACC_TYPE,DEATHS,DR_DRINK
36,360235,1,1,1,2,5,18,0,9,0,1,0,36,2,55,401,55401,14,2004,KM8SC73E84U6,K,M,8,S,C,7,3,E,8,4,U,6,0,P,HYUN,SAN,UT,4,17,3720,,0,1031,,G,,0,0,000000000,00000000000,0,0,0,1,0,0,0,0,0,0,0,999,0,0,0,12,12,6,2,9,0,0,0,1,36,11767,6,1,0,0,3,3,66,999,1,0,0,0,0,3,2009,3,2009,0,0,0,0,0,2,4,99,1,1,2,1,0,0,1,83,99,1,1,13,0,0
36,360236,1,2,1,15,4,16,55,24,0,1,0,36,1,53,706,53706,80,2009,JS1GT78A3921,J,S,1,G,T,7,8,A,3,9,2,1,0,M,SUZI,XR1,RC,9,17,,,,,,,999,0,0,000000000,00000000000,0,0,0,1,0,0,0,0,0,0,0,999,0,0,0,12,12,6,2,12,0,0,0,1,36,10956,6,1,0,0,3,0,70,999,1,1,0,2,9,1,2008,1,2009,1,52,28,0,0,1,2,40,4,2,2,1,0,0,14,10,99,1,4,1,1,1
36,360236,2,2,1,15,4,16,55,24,0,1,0,36,1,49,402,49402,14,1997,JT3HP10V2V70,J,T,3,H,P,1,0,V,2,V,7,0,0,P,TOYT,RV4,UT,97,17,2789,,0,949,,G,,0,0,000000000,00000000000,0,0,0,1,0,0,0,0,0,0,0,999,0,0,0,12,12,4,1,12,0,0,0,1,36,10960,6,1,0,0,3,0,70,999,0,0,0,0,0,0,0,0,0,0,0,0,0,0,1,2,40,4,2,2,1,0,0,14,62,99,1,1,98,0,0
36,360237,1,1,4,11,1,7,0,8,0,1,0,36,1,12,442,12442,20,1999,2FMZA5148XBA,2,F,M,Z,A,5,1,4,8,X,B,A,0,T,FORD,WLX,ES,99,17,,1,0,1207,WIN,G,,0,0,000000000,00000000000,0,0,0,1,0,0,0,0,0,0,0,999,0,0,0,12,12,2,1,8,0,0,0,1,36,11209,6,1,0,0,3,0,64,999,1,0,0,0,0,11,2009,11,2009,0,92,0,0,0,1,2,99,1,2,2,1,0,0,1,80,99,1,1,13,0,0
36,360238,1,3,1,8,3,7,55,12,6,1,0,36,2,21,21,21021,4,2003,1G3NL52F13C3,1,G,3,N,L,5,2,F,1,3,C,3,0,P,OLDS,A/G,4D,3,17,3016,,0,1070,,G,,0,0,000000000,00000000000,0,0,0,1,0,0,0,0,0,0,0,35,0,0,0,12,12,6,2,12,0,0,0,1,36,14622,6,1,0,0,3,3,73,999,0,0,0,0,1,4,2007,4,2007,0,39,0,0,0,1,5,35,1,1,2,1,3,3,1,17,99,1,1,86,0,0
36,360238,2,3,2,8,3,7,55,12,6,1,0,36,1,14,21,14021,4,2007,3MEHM08177R6,3,M,E,H,M,0,8,1,7,7,R,6,0,P,MERC,MPR,4D,7,17,3303,,0,1074,,G,,0,0,000000000,00000000000,0,0,0,1,0,0,0,0,0,0,0,15,0,0,0,1,1,6,2,12,0,0,0,1,36,14617,6,1,0,0,3,3,72,999,0,0,0,0,0,0,0,0,0,0,0,0,0,0,1,2,35,1,1,2,1,3,3,1,66,99,1,1,87,1,0
36,360238,3,3,1,8,3,7,55,12,6,1,0,36,1,20,16,20016,2,2001,1G1JC1244171,1,G,1,J,C,1,2,4,4,1,7,1,0,P,CHEV,CAV,CP,1,17,2617,,0,1041,,G,,0,0,000000000,00000000000,0,0,0,1,0,0,0,0,0,0,0,5,0,0,0,11,11,6,2,12,0,0,0,1,36,14609,6,1,0,0,3,3,71,999,1,0,0,0,0,10,2007,10,2007,0,0,0,0,0,1,9,99,1,1,9,1,3,3,11,17,99,1,1,98,0,0
36,360239,1,1,1,1,5,13,6,11,0,1,0,36,1,72,706,72706,80,2010,1HD1PZ811AB9,1,H,D,1,P,Z,8,1,1,A,B,9,0,M,HD,HSE,RS,10,17,,,,,,,1803,0,0,000000000,00000000000,0,0,0,1,0,0,0,0,0,0,0,76,0,0,0,12,12,6,2,30,0,0,0,1,36,14568,6,1,6,0,3,3,73,999,0,0,0,0,0,0,0,0,0,1,28,0,0,0,1,2,55,1,1,2,1,0,0,1,87,99,1,1,13,1,1
36,360240,1,1,2,26,4,22,28,30,0,1,0,36,2,12,401,12401,14,2005,1FMZU74E05UA,1,F,M,Z,U,7,4,E,0,5,U,A,0,P,FORD,EPR,UT,5,17,4094,,0,1137,,G,,0,0,000000000,00000000000,0,0,0,1,0,0,0,0,0,0,0,999,0,0,0,12,12,4,1,30,0,0,0,1,36,14445,2,1,0,0,2,2,63,999,0,1,0,0,0,5,2008,5,2008,0,74,0,0,0,1,2,30,1,1,2,1,0,0,1,9,99,2,4,7,1,0
36,360241,1,2,1,4,4,21,55,12,1,1,0,36,1,72,706,72706,80,2009,1HD1FR4169Y6,1,H,D,1,F,R,4,1,6,9,Y,6,0,M,HD,FKC,RS,9,17,,,,,,,1584,0,0,000000000,00000000000,0,0,0,1,0,0,0,0,0,0,0,43,0,0,0,12,12,6,2,12,0,0,0,1,36,10960,6,1,0,0,3,0,73,999,0,0,0,0,0,0,0,0,0,0,0,0,0,0,3,3,50,1,1,2,1,0,0,1,50,99,1,1,20,1,0
36,360241,2,2,3,4,4,21,55,12,1,1,0,36,2,35,47,35047,4,2008,1N4BL24E68C1,1,N,4,B,L,2,4,E,6,8,C,1,0,P,NISS,A5E,CP,8,17,3205,,0,1053,,G,,0,0,000000000,00000000000,0,0,0,1,0,0,0,0,0,0,0,0,0,0,0,6,6,2,1,12,0,0,0,1,36,10469,6,1,0,0,3,3,67,999,1,0,0,0,0,3,2008,3,2008,0,0,0,0,0,3,3,50,1,1,2,1,0,0,5,53,99,1,1,21,0,0
36,360242,1,1,1,27,4,9,15,42,0,1,0,36,1,48,45,48045,4,2004,4S3BH6861476,4,S,3,B,H,6,8,6,1,4,7,6,0,P,SUBA,UBK,SW,4,17,3510,,0,1043,,G,,0,0,000000000,00000000000,0,0,0,1,0,0,0,0,0,0,0,999,0,0,0,12,12,6,2,42,0,0,0,1,36,12976,6,1,0,0,3,0,67,999,0,0,0,0,0,0,0,0,0,0,0,0,0,0,2,3,65,1,1,2,2,0,0,1,12,99,1,4,6,1,0
36,360243,1,1,1,29,4,17,24,30,0,1,0,36,1,73,705,73705,80,2009,JKAZX4R139A0,J,K,A,Z,X,4,R,1,3,9,A,0,0,M,KAWK,ZXP,RC,9,17,,,,,,,599,0,0,000000000,00000000000,0,0,0,1,0,0,0,0,0,0,0,999,0,0,0,12,12,6,2,30,0,0,0,1,36,12065,6,1,0,0,3,0,71,999,0,0,0,0,1,7,2009,7,2009,0,0,0,0,0,2,2,45,3,1,2,1,0,0,14,13,99,1,4,1,1,0
36,360244,1,2,1,14,4,22,46,8,0,1,0,36,3,20,22,20022,4,2010,1G1AF5F57A71,1,G,1,A,F,5,F,5,7,A,7,1,0,P,CHEV,BL2,4D,10,17,3216,,0,1033,,G,,0,0,000000000,00000000000,0,0,0,1,0,0,0,0,0,0,0,999,0,0,0,12,12,6,2,8,0,0,0,1,36,10128,6,1,0,0,3,0,68,999,0,0,0,0,0,0,0,0,0,0,0,0,0,0,3,5,50,1,1,2,1,0,0,15,80,99,1,2,13,0,1
36,360244,2,2,1,14,4,22,46,8,0,1,0,36,3,32,43,32043,4,2008,WAUDF78E08A0,W,A,U,D,F,7,8,E,0,8,A,0,0,P,AUDI,NAQ,4D,8,17,3571,,0,1043,,G,,0,0,000000000,00000000000,0,0,0,1,0,0,0,0,0,0,0,999,0,0,0,99,99,0,1,8,0,0,0,1,36,11581,6,1,0,0,3,3,67,999,0,0,0,0,0,0,0,0,0,0,0,0,0,0,3,5,50,1,1,2,1,0,0,1,80,99,1,1,98,0,0
36,360245,1,1,1,10,4,3,0,3,0,1,0,36,2,37,31,37031,4,2003,2HGES16503H6,2,H,G,E,S,1,6,5,0,3,H,6,0,P,HOND,UCL,4D,3,17,2513,,0,1031,,G,,0,0,000000000,00000000000,0,0,0,1,0,0,0,0,0,0,0,999,0,0,0,0,0,6,2,3,0,0,0,1,36,13021,6,1,0,0,3,0,63,999,0,0,0,0,0,0,0,0,0,0,39,28,0,0,1,2,99,1,2,2,2,0,0,1,98,99,1,4,0,1,1
36,360246,1,1,1,30,4,1,30,24,0,1,0,36,1,76,705,76705,80,2005,JYARJ06E95A0,J,Y,A,R,J,0,6,E,9,5,A,0,0,M,YAMA,R6L,RS,5,17,,,,,,,599,0,0,000000000,00000000000,0,0,0,1,0,0,0,0,0,0,0,999,0,0,0,12,12,6,2,24,0,0,0,1,36,11542,2,1,0,0,2,2,69,999,0,7,0,2,3,6,2007,1,2010,1,74,0,0,0,3,2,55,3,2,2,1,0,0,14,6,99,2,4,2,1,1
36,360247,1,1,1,30,4,17,53,42,0,1,0,42,9,37,709,37709,80,9999,999999999999,9,9,9,9,9,9,9,9,9,9,9,9,0,U,,,,9,17,,,,,,,,0,0,000000000,00000000000,0,0,0,1,0,0,0,0,0,0,0,999,0,0,0,12,12,6,9,42,0,0,0,1,36,14580,1,1,0,0,2,2,71,999,1,1,0,0,0,11,2007,12,2008,0,74,0,0,0,1,2,99,1,1,9,1,0,0,1,13,99,1,4,1,1,0
36,360248,1,1,1,19,2,19,5,8,0,1,0,36,1,20,401,20401,14,1998,1GNDT13W9W23,1,G,N,D,T,1,3,W,9,W,2,3,0,P,CHEV,BZR,UT,98,17,4046,,0,1070,,G,,0,0,000000000,00000000000,0,0,0,1,0,0,0,0,0,0,0,999,0,0,0,12,12,6,2,8,0,0,0,1,36,11801,6,1,0,0,3,0,73,999,1,1,0,0,1,5,2009,1,2010,0,0,0,0,0,9,9,99,1,1,9,1,0,0,1,80,99,1,1,13,0,0
36,360249,1,1,1,29,4,11,30,8,0,1,0,36,1,20,401,20401,14,1998,1GNDT13W7W22,1,G,N,D,T,1,3,W,7,W,2,2,0,P,CHEV,BZR,UT,98,17,4046,,0,1070,,G,,0,0,000000000,00000000000,0,0,0,1,0,0,0,0,0,0,0,999,0,0,0,12,12,6,2,8,0,0,0,1,36,14482,6,1,6,0,3,3,70,999,0,0,0,0,0,0,0,0,0,0,28,0,0,0,1,2,40,1,1,2,1,0,0,1,81,99,1,4,13,0,0
36,360250,1,2,1,4,5,6,35,12,2,1,0,36,1,49,40,49040,4,2003,4T1BF32K23U5,4,T,1,B,F,3,2,K,2,3,U,5,0,P,TOYT,UXS,4D,3,17,3203,,0,1071,,G,,0,0,000000000,00000000000,0,0,0,1,0,0,0,0,0,0,0,65,0,0,0,12,12,6,2,12,0,0,0,1,36,10990,6,1,0,0,3,0,65,999,0,1,0,2,0,9,2007,12,2009,0,28,0,0,0,1,2,50,3,2,2,1,28,3,14,10,99,1,2,50,1,1
36,360250,2,2,1,4,5,6,35,12,2,1,0,36,3,86,881,86881,66,1994,1M2AA08Y6RW0,1,M,2,A,A,0,8,Y,6,R,W,0,0,T,MACK,CH6,DS,94,17,,8,0,0,600,D,,0,57,440964,57440964,3,5,96,1,0,0,0,0,0,0,0,40,0,0,0,12,12,6,2,12,0,0,0,1,36,10998,6,1,6,1,3,0,70,999,0,0,0,0,0,0,0,0,0,0,0,0,0,0,1,2,50,3,2,2,1,28,3,14,62,99,1,1,51,0,0
36,360251,1,2,1,8,4,14,52,12,6,1,0,36,3,84,881,84881,63,1983,1HTAA19E4DHA,1,H,T,A,A,1,9,E,4,D,H,A,0,T,INTL,9V4,CC,83,17,,7,2540,1400,SS,D,,0,99,999999999,99999999999,3,1,4,1,0,0,0,0,0,0,0,999,0,0,0,3,3,6,2,12,0,0,0,1,36,10956,6,1,6,1,3,0,74,999,0,0,0,0,0,0,0,0,0,0,28,0,0,0,1,4,45,1,2,1,1,28,3,1,10,99,4,2,64,0,0
36,360251,2,2,3,8,4,14,52,12,6,1,0,36,1,35,39,35039,4,1997,JN1CA21D9VT2,J,N,1,C,A,2,1,D,9,V,T,2,0,P,NISS,MGS,4D,97,17,2886,,0,1063,,G,,0,0,000000000,00000000000,0,0,0,1,0,0,0,0,0,0,0,999,0,0,0,12,12,6,2,12,0,0,0,1,36,10977,6,1,0,0,3,3,64,999,1,0,0,0,0,11,2008,11,2008,0,0,0,0,0,1,4,45,1,2,1,1,28,3,1,62,99,1,1,65,1,0
36,360252,1,2,2,24,4,11,43,12,6,1,0,94,3,20,881,20881,61,2009,1GBE4C3999F4,1,G,B,E,4,C,3,9,9,9,F,4,0,T,CHEV,CC4,CC,9,17,,5,1940,1520,C45,D,,0,99,999999999,99999999999,2,1,1,1,0,0,0,0,0,6,1,15,0,0,0,9,9,6,2,12,0,0,0,1,36,13603,6,1,0,0,3,0,72,999,0,0,0,0,0,0,0,0,0,0,38,0,0,0,1,2,55,1,2,2,1,0,0,12,55,99,1,2,98,0,0
36,360252,2,2,2,24,4,11,43,12,6,1,0,36,1,20,481,20481,31,1996,1GCEK19R5TE1,1,G,C,E,K,1,9,R,5,T,E,1,0,T,CHEV,GK1,PC,96,17,,2,1555,1415,GM4,G,,0,0,000000000,00000000000,0,0,0,1,0,0,0,0,0,0,0,50,0,0,0,12,12,6,2,12,0,0,0,1,36,13642,6,1,0,0,3,3,65,999,1,0,0,0,0,11,2009,11,2009,0,0,0,0,0,1,2,55,1,2,2,1,0,0,6,64,99,1,2,98,1,0
36,360253,1,2,4,15,4,16,34,12,2,1,0,36,3,12,881,12881,61,2002,1FDAX57F72EA,1,F,D,A,X,5,7,F,7,2,E,A,0,T,FORD,F5D,4B,2,17,,5,0,1620,DRW,D,,0,57,11526511,5711526511,2,1,4,1,0,0,0,0,0,0,0,55,0,0,0,12,12,6,2,12,0,0,0,1,36,12522,6,1,0,0,3,0,72,999,0,0,0,0,0,0,0,0,0,0,0,0,0,0,1,9,55,1,2,2,1,28,3,1,62,99,1,1,51,0,0
36,360253,2,2,1,15,4,16,34,12,2,1,0,36,1,19,431,19431,16,2003,1GYEK63N53R1,1,G,Y,E,K,6,3,N,5,3,R,1,0,P,CADI,ESC,UT,3,17,5560,,0,1160,,G,,0,0,000000000,00000000000,0,0,0,1,0,0,0,0,0,0,0,55,0,0,0,12,12,6,2,12,0,0,0,1,36,12570,6,1,0,0,3,0,63,999,1,0,0,0,0,9,2009,9,2009,0,28,0,0,0,1,9,55,1,2,2,1,28,3,1,10,99,1,2,50,1,0
36,360254,1,2,2,26,4,18,32,53,0,1,0,36,2,49,38,49038,2,1995,JT2EL56D8S00,J,T,2,E,L,5,6,D,8,S,0,0,0,P,TOYT,TTX,2D,95,17,1975,,0,937,,G,,0,0,000000000,00000000000,0,0,0,1,0,0,0,0,0,0,0,999,0,0,0,1,1,4,1,12,0,0,0,1,36,12550,6,1,0,0,3,0,70,999,1,1,0,0,0,6,2007,9,2007,0,0,0,0,0,1,2,35,1,2,2,2,0,0,1,62,99,1,2,98,0,0
36,360254,2,2,1,26,4,18,32,53,0,1,0,36,1,12,17,12017,4,2003,1FAFP55293A2,1,F,A,F,P,5,5,2,9,3,A,2,0,P,FORD,TSS,4D,3,17,3329,,0,1085,,F,,0,0,000000000,00000000000,0,0,0,1,0,0,0,0,0,0,0,999,0,0,0,3,3,6,2,12,0,0,0,1,36,12550,6,1,0,0,3,0,70,999,0,1,1,0,0,10,2009,1,2010,1,28,0,0,0,1,2,35,1,2,2,2,0,0,1,13,99,1,4,1,1,1
36,360255,1,1,4,22,2,2,24,30,0,1,0,42,2,32,44,32044,4,2000,WAUFL54D7YN0,W,A,U,F,L,5,4,D,7,Y,N,0,0,P,AUDI,842,4D,0,17,3770,,0,1135,,G,,0,0,000000000,00000000000,0,0,0,1,0,0,0,0,0,0,0,999,0,0,0,3,3,6,2,30,0,0,0,1,42,18466,6,1,0,0,3,0,68,999,0,0,0,0,0,0,0,0,0,1,92,0,0,0,1,2,30,4,2,2,1,0,0,14,12,99,1,4,6,1,1
36,360256,1,1,3,11,3,21,36,42,0,1,0,36,1,49,40,49040,4,1999,4T1BG22K6XU4,4,T,1,B,G,2,2,K,6,X,U,4,0,P,TOYT,UEX,4D,99,17,2998,,0,1051,,G,,0,0,000000000,00000000000,0,0,0,1,0,0,0,0,0,0,0,999,0,0,0,12,12,6,2,42,0,0,0,1,36,10475,0,0,0,0,0,0,59,999,1,0,0,0,0,5,2009,5,2009,1,0,0,0,0,9,9,35,1,1,9,1,0,0,1,13,99,1,4,1,1,0
36,360257,1,1,1,24,3,17,34,33,0,1,0,36,1,53,705,53705,80,2006,JS1GR7KA8621,J,S,1,G,R,7,K,A,8,6,2,1,0,M,SUZI,RK6,RS,6,17,,,,,,,750,0,0,000000000,00000000000,0,0,0,1,0,0,0,0,0,0,0,999,0,0,0,12,12,6,2,38,0,0,0,1,36,10464,6,1,6,0,3,0,72,999,0,0,0,0,0,0,0,0,0,1,0,0,0,0,1,2,30,3,2,2,1,0,0,14,13,99,1,4,1,1,0
36,360258,1,2,1,9,5,17,26,12,6,1,0,36,1,20,431,20431,16,2001,1GNFK16T21J2,1,G,N,F,K,1,6,T,2,1,J,2,0,P,CHEV,K15,UT,1,17,5123,,0,1300,,G,,0,0,000000000,00000000000,0,0,0,1,0,0,0,0,0,0,0,999,0,0,0,12,12,6,2,12,0,0,0,1,36,14047,6,1,0,0,3,3,74,999,0,0,0,0,0,0,0,0,0,0,0,0,0,0,2,3,55,1,1,2,1,21,3,1,66,99,1,1,86,0,0
36,360258,2,2,4,9,5,17,26,12,6,1,0,36,1,22,20,22020,4,2001,1G2WP52K11F2,1,G,2,W,P,5,2,K,1,1,F,2,0,P,PONT,GPG,4D,1,17,3496,,0,1105,,G,,0,0,000000000,00000000000,0,0,0,1,0,0,0,0,0,0,0,999,0,0,0,3,3,6,2,12,0,0,0,1,36,14075,0,0,0,0,0,0,60,999,1,6,0,0,0,7,2007,1,2010,0,38,39,0,0,2,3,55,1,1,2,1,21,3,1,17,99,1,1,87,1,0
36,360259,1,1,4,28,3,13,31,9,0,1,0,36,2,13,421,13421,15,1999,5LMPU28AXXLJ,5,L,M,P,U,2,8,A,X,X,L,J,0,P,LINC,NAV,UT,99,17,5557,,0,1190,,G,,0,0,000000000,00000000000,0,0,0,1,0,0,0,0,0,0,0,999,0,0,0,1,1,6,2,9,0,0,0,1,36,10468,0,0,0,0,0,0,999,999,0,0,0,0,0,0,0,0,0,0,0,0,0,0,3,2,99,1,1,2,2,0,0,1,8,1,7,1,13,0,0
36,360260,1,2,2,30,3,10,58,12,6,1,0,36,2,12,37,12037,4,2008,1FAHP35N58W2,1,F,A,H,P,3,5,N,5,8,W,2,0,P,FORD,FMS,4D,8,17,2623,,0,1029,,G,,0,0,000000000,00000000000,0,0,0,1,0,0,0,0,0,0,0,54,0,0,0,3,3,6,2,12,0,0,0,1,36,10901,6,1,0,0,3,3,70,999,0,0,0,0,0,0,0,0,0,1,39,0,0,0,1,2,35,1,2,2,2,0,0,1,6,99,4,2,64,2,0
36,360260,2,2,1,30,3,10,58,12,6,1,0,34,3,51,881,51881,62,2009,4V5K99EJ29N2,4,V,5,K,9,9,E,J,2,9,N,2,0,T,VOLV,VHD,CB,9,17,,8,0,0,VHD,D,,0,99,999999999,99999999999,2,1,4,1,0,0,0,0,0,0,0,40,0,0,0,12,12,6,2,12,0,0,0,1,34,7202,6,1,6,0,3,0,70,999,2,0,0,1,5,10,2007,12,2009,0,0,0,0,0,1,2,35,1,2,2,2,0,0,1,62,99,1,1,65,0,0
36,360261,1,2,1,6,2,5,19,12,6,1,0,36,3,84,881,84881,63,2002,1HTMKAAN92H5,1,H,T,M,K,A,A,N,9,2,H,5,0,T,INTL,440,CC,2,17,,7,0,0,40S,D,,0,99,999999999,99999999999,3,1,1,1,0,0,0,0,0,0,0,999,0,0,0,12,12,6,2,12,0,0,0,1,36,10701,6,1,6,0,3,0,68,999,1,0,0,0,0,7,2007,7,2007,0,0,0,0,0,1,4,99,1,2,2,1,3,3,1,66,7,1,1,88,0,0
36,360261,2,2,1,6,2,5,19,12,6,1,0,36,2,54,39,54039,4,2008,JH4CL96868C0,J,H,4,C,L,9,6,8,6,8,C,0,0,P,ACUR,TSX,4D,8,17,3345,,0,1051,,G,,0,0,000000000,00000000000,0,0,0,1,0,0,0,0,0,0,0,999,0,0,0,9,9,6,2,12,0,0,0,1,36,10583,6,1,0,0,3,3,61,999,0,0,0,0,0,0,0,0,0,0,39,0,0,0,1,4,99,1,2,2,1,3,3,1,17,99,1,1,89,1,1
36,360262,1,2,1,7,3,1,39,12,6,1,0,36,2,37,31,37031,4,1993,1HGEG8548PL0,1,H,G,E,G,8,5,4,8,P,L,0,0,P,HOND,CID,4D,93,17,2275,,0,1013,,G,,0,0,000000000,00000000000,0,0,0,1,0,0,0,0,0,0,0,999,0,0,0,9,9,6,2,8,0,0,0,1,36,11435,1,1,0,0,2,2,73,999,0,34,0,0,4,4,2007,3,2010,0,39,74,0,0,1,9,99,1,1,9,1,3,3,1,17,99,1,3,89,1,0
36,360262,2,2,2,7,3,1,39,12,6,1,0,36,2,35,39,35039,4,2000,JN1CA31D0YT7,J,N,1,C,A,3,1,D,0,Y,T,7,0,P,NISS,MGS,4D,0,17,3071,,0,1083,,G,,0,0,000000000,00000000000,0,0,0,1,0,0,0,0,0,0,0,999,0,0,0,12,12,6,2,12,0,0,0,1,36,11236,6,1,0,0,3,0,66,999,2,0,0,0,2,6,2009,1,2010,0,0,0,0,0,1,9,99,1,1,9,1,3,3,4,61,99,1,1,88,0,0
36,360264,1,1,3,28,3,21,53,8,0,1,0,36,1,12,17,12017,4,1992,1FACP55U2NA2,1,F,A,C,P,5,5,U,2,N,A,2,0,P,FORD,TAL,SW,92,17,3262,,0,1060,,G,,0,0,000000000,00000000000,0,0,0,1,0,0,0,0,0,0,0,999,0,0,0,12,12,6,2,8,0,0,0,1,36,11757,6,1,0,0,3,0,70,999,0,0,0,0,0,0,0,0,0,0,0,0,0,0,9,9,99,1,1,9,1,0,0,1,80,99,1,1,13,0,0
36,360265,1,2,1,18,3,22,40,12,2,1,0,36,2,20,39,20039,4,2007,KL1TG56687B1,K,L,1,T,G,5,6,6,8,7,B,1,0,P,CHEV,LTA,4D,7,17,2531,,0,976,,G,,0,0,000000000,00000000000,0,0,0,1,0,0,0,0,0,0,0,999,0,0,0,12,12,6,2,12,0,0,0,1,36,11766,6,1,0,0,3,0,70,999,0,0,0,0,0,0,0,0,0,0,0,0,0,0,2,3,55,1,1,2,1,3,3,1,67,99,1,1,69,1,0
36,360265,2,2,2,18,3,22,40,12,2,1,0,36,2,6,51,6051,4,2006,2C3KA43RX6H4,2,C,3,K,A,4,3,R,X,6,H,4,0,P,CHRY,C30,4D,6,17,3623,,0,1200,,G,,0,0,000000000,00000000000,0,0,0,1,0,0,0,0,0,0,0,999,0,0,0,12,12,6,2,12,0,0,0,1,36,11766,6,2,0,0,3,0,66,999,0,0,0,0,0,0,0,0,0,0,38,52,0,0,2,3,55,1,1,2,1,3,3,11,15,99,1,1,68,0,0
36,360266,1,1,2,2,5,3,58,42,0,1,0,12,1,35,473,35473,31,2005,1N6BA07B55N5,1,N,6,B,A,0,7,B,5,5,N,5,0,T,NISS,TXS,CW,5,17,,2,0,1398,TTN,F,,0,0,000000000,00000000000,0,0,0,1,0,0,0,0,0,0,0,999,0,0,0,12,12,6,2,42,0,0,0,1,12,32164,6,1,0,0,3,0,69,999,0,0,0,0,0,0,0,0,0,0,0,0,0,0,1,2,99,3,1,9,1,0,0,14,13,99,1,4,1,1,1
36,360267,1,1,1,20,4,16,25,30,0,1,0,36,1,19,5,19005,2,2000,1G6EL12Y7YU1,1,G,6,E,L,1,2,Y,7,Y,U,1,0,P,CADI,E/C,CP,0,17,3843,,0,1080,,G,,0,0,000000000,00000000000,0,0,0,1,0,0,0,0,0,0,0,999,0,0,0,12,12,6,2,30,0,0,0,1,36,11746,6,1,0,0,3,0,66,999,0,0,0,0,0,0,0,0,0,0,0,0,0,0,2,2,30,2,2,2,1,0,0,14,11,99,1,4,1,1,1
36,360268,1,2,1,21,4,20,39,8,0,1,0,36,1,35,51,35051,6,2009,JN8AS58VX9W1,J,N,8,A,S,5,8,V,X,9,W,1,0,P,NISS,ROG,UT,9,17,3435,,0,1059,,G,,0,0,000000000,00000000000,0,0,0,1,0,0,0,0,0,0,0,45,0,0,0,12,12,2,1,8,0,0,0,1,36,11746,6,1,0,0,3,3,62,999,0,0,0,0,0,0,0,0,0,0,0,0,0,0,2,2,50,1,2,2,1,28,3,1,80,99,1,1,13,0,0
36,360268,2,2,1,21,4,20,39,8,0,1,0,36,2,98,398,98398,9,2008,SCBDR33WX8C0,S,C,B,D,R,3,3,W,X,8,C,0,0,P,BENT,GTC,CV,8,17,5478,,0,1080,,G,,0,0,000000000,00000000000,0,0,0,1,0,0,0,0,0,0,0,999,0,0,0,14,14,2,1,8,0,0,0,1,36,11768,6,1,0,0,3,0,63,999,0,0,0,0,0,0,0,0,0,0,0,0,0,0,2,2,50,1,2,2,1,28,3,17,80,6,1,2,98,0,0
36,360269,1,1,1,9,5,5,23,8,0,1,1,99,9,99,999,99999,99,9999,999999999999,9,9,9,9,9,9,9,9,9,9,9,9,0,U,,,,9,17,,,,,,,,0,0,000000000,00000000000,0,0,0,1,0,0,0,0,0,0,0,999,0,0,0,12,12,9,1,8,0,0,0,1,99,99999,9,9,99,9,9,9,999,999,99,99,99,99,99,99,9999,99,9999,9,0,0,0,0,3,3,30,1,1,2,1,3,3,1,80,99,1,1,13,0,0
36,360270,1,1,1,16,1,17,27,8,0,1,0,36,2,7,442,7442,20,2006,1D4GP24R36B6,1,D,4,G,P,2,4,R,3,6,B,6,0,P,DODG,CAR,SV,6,17,4095,,0,1193,,G,,0,0,000000000,00000000000,0,0,0,1,0,0,0,0,0,0,0,999,0,0,0,12,12,2,1,8,0,0,0,1,36,11731,6,1,6,0,3,3,76,999,4,0,0,0,1,12,2007,5,2009,0,0,0,0,0,1,2,99,1,1,2,1,0,0,1,80,1,1,1,13,0,0