STATE,ST_CASE,VEH_NO,VE_FORMS,NUMOCCS,DAY,MONTH,HOUR,MINUTE,HARM_EV,MAN_COLL,UNITTYPE,HIT_RUN,REG_STAT,OWNER,MAKE,MODEL,MAK_MOD,BODY_TYP,MOD_YEAR,VIN,VIN_1,VIN_2,VIN_3,VIN_4,VIN_5,VIN_6,VIN_7,VIN_8,VIN_9,VIN_10,VIN_11,VIN_12,TOW_VEH,VINTYPE,VINMAKE,VINA_MOD,VIN_BT,VINMODYR,VIN_LNGT,VIN_WGT,WGTCD_TR,WHLBS_LG,WHLBS_SH,SER_TR,FUELCODE,MCYCL_DS,J_KNIFE,MCARR_I1,MCARR_I2,MCARR_ID,GVWR,V_CONFIG,CARGO_BT,HAZ_INV,HAZ_PLAC,HAZ_ID,HAZ_CNO,HAZ_REL,BUS_USE,SPEC_USE,EMER_USE,TRAV_SP,UNDERIDE,ROLLOVER,ROLINLOC,IMPACT1,IMPACT2,DEFORMED,TOWED,M_HARM,VEH_SC1,VEH_SC2,FIRE_EXP,DR_PRES,L_STATE,DR_ZIP,L_STATUS,L_TYPE,CDL_STAT,L_ENDORS,L_COMPL,L_RESTRI,DR_HGT,DR_WGT,PREV_ACC,PREV_SUS,PREV_DWI,PREV_SPD,PREV_OTH,FIRST_MO,FIRST_YR,LAST_MO,LAST_YR,SPEEDREL,DR_SF1,DR_SF2,DR_SF3,DR_SF4,VTRAFWAY,VNUM_LAN,VSPD_LIM,VALIGN,VPROFILE,VPAVETYP,VSURCOND,VTRAFCON,VTCONT_F,P_CRASH1,P_CRASH2,P_CRASH3,PCRASH4,PCRASH5,ACC_TYPE,DEATHS,DR_DRINK
36,360344,1,1,2,29,5,12,3,43,0,1,0,36,1,37,32,37032,4,2007,1HGCM66517A1,1,H,G,C,M,6,6,5,1,7,A,1,0,P,HOND,UEX,4D,7,17,3371,,0,1079,,G,,0,0,000000000,00000000000,0,0,0,1,0,0,0,0,0,0,0,999,0,1,5,12,12,6,2,1,0,0,0,1,36,10306,6,1,0,0,3,3,66,999,0,0,0,0,0,0,0,0,0,0,0,0,0,0,3,4,50,1,1,2,1,0,0,1,9,99,7,4,2,1,0
36,360345,1,1,1,29,5,20,25,30,0,1,0,36,2,37,706,37706,80,1986,1HFSC1808GA1,1,H,F,S,C,1,8,0,8,G,A,1,0,M,HOND,VT1,RS,86,17,,,,,,,1100,0,0,000000000,00000000000,0,0,0,1,0,0,0,0,0,0,0,999,0,0,0,12,12,6,2,30,0,0,0,1,36,13904,1,1,0,0,2,2,66,999,0,1,0,0,0,11,2008,11,2008,1,74,0,0,0,6,1,99,4,2,2,1,0,0,14,13,99,1,4,1,1,0
36,360346,1,1,1,12,1,9,20,8,0,1,0,36,2,37,31,37031,2,2005,1HGEM22535L0,1,H,G,E,M,2,2,5,3,5,L,0,0,P,HOND,UCL,CP,5,17,2587,,0,1031,,G,,0,0,000000000,00000000000,0,0,0,1,0,0,0,0,0,0,0,999,0,0,0,12,12,2,1,8,0,0,0,1,36,11364,6,1,0,0,3,0,68,999,0,0,0,0,0,0,0,0,0,0,38,0,0,0,9,9,99,1,1,9,1,3,3,11,80,99,1,1,13,0,0
36,360347,1,1,1,7,3,1,45,8,0,1,1,99,9,99,999,99999,99,9999,999999999999,9,9,9,9,9,9,9,9,9,9,9,9,0,U,,,,9,17,,,,,,,,0,0,000000000,00000000000,0,0,0,1,0,0,0,0,0,0,0,999,0,0,0,12,12,2,1,8,0,0,0,1,99,99999,9,9,99,9,9,9,999,999,99,99,99,99,99,99,9999,99,9999,0,0,0,0,0,1,9,99,1,1,9,1,0,0,1,80,99,1,1,13,0,0
36,360348,1,2,4,10,1,3,31,24,0,1,0,24,4,58,35,58035,4,1996,JNKCA21D2TT0,J,N,K,C,A,2,1,D,2,T,T,0,0,P,INFI,I30,4D,96,17,2974,,0,1063,,G,,0,0,000000000,00000000000,0,0,0,1,0,0,0,0,0,0,0,999,0,0,0,12,12,6,2,12,0,0,0,1,36,11223,6,1,0,0,3,0,69,999,0,3,0,0,2,1,2007,4,2009,0,28,0,0,0,3,3,99,1,1,2,1,0,0,1,8,99,7,4,2,2,1
36,360348,2,2,4,10,1,3,31,24,0,1,0,36,2,35,401,35401,14,1996,JN8AR05Y6TW0,J,N,8,A,R,0,5,Y,6,T,W,0,0,P,NISS,PFI,UT,96,17,4135,,0,1063,,G,,0,0,000000000,00000000000,0,0,0,1,0,0,0,0,0,0,0,999,0,0,0,1,1,6,2,12,0,0,0,1,36,11203,6,1,0,0,3,3,65,999,0,0,0,0,0,0,0,0,0,0,0,0,0,0,3,3,99,1,1,2,1,0,0,1,61,99,1,1,98,0,0
36,360349,1,1,2,14,4,0,9,9,0,1,0,36,3,49,40,49040,4,2007,4T1BE46KX7U0,4,T,1,B,E,4,6,K,X,7,U,0,0,P,TOYT,CMB,4D,7,17,3108,,0,1093,,G,,0,0,000000000,00000000000,0,0,0,1,0,0,0,0,0,0,0,999,0,0,0,12,12,6,2,9,0,0,0,1,36,11208,6,1,0,0,3,0,71,999,0,2,0,0,0,8,2009,8,2009,0,0,0,0,0,9,9,99,1,1,9,1,3,3,1,80,99,1,1,13,0,0
36,360350,1,1,1,24,4,4,14,14,0,1,0,36,1,76,706,76706,80,2007,JYARN20E87A0,J,Y,A,R,N,2,0,E,8,7,A,0,0,M,YAMA,YFR,RS,7,17,,,,,,,998,0,0,000000000,00000000000,0,0,0,1,0,0,0,0,0,0,0,999,0,0,0,99,99,6,2,14,0,0,0,1,36,12566,6,1,0,0,3,0,71,999,1,0,0,0,0,5,2007,5,2007,1,52,0,0,0,9,9,99,1,1,9,1,0,0,1,6,99,1,2,98,1,1
36,360351,1,1,1,6,6,13,45,15,0,1,0,36,2,24,7,24007,4,2006,1G8AJ55F96Z1,1,G,8,A,J,5,5,F,9,6,Z,1,0,P,STRN,SI2,4D,6,17,2802,,0,1035,,G,,0,0,000000000,00000000000,0,0,0,1,0,0,0,0,0,0,0,999,0,0,0,12,12,6,2,15,0,0,0,1,36,14425,6,2,0,0,3,0,71,999,0,0,0,0,0,0,0,0,0,0,0,0,0,0,1,2,55,1,2,1,2,0,0,1,80,99,1,1,13,0,0
36,360352,1,2,2,24,5,14,47,12,6,1,0,36,2,20,401,20401,14,2002,1GNDT13S6222,1,G,N,D,T,1,3,S,6,2,2,2,0,P,CHEV,TRL,UT,2,17,4628,,0,1130,,G,,0,0,000000000,00000000000,0,0,0,1,0,0,0,0,0,0,0,999,0,0,0,3,3,6,2,12,0,0,0,1,36,13203,6,2,0,0,3,0,63,999,0,0,0,0,0,0,0,0,0,1,28,0,0,0,1,2,55,1,1,2,1,0,0,6,10,99,1,4,66,1,1
36,360352,2,2,1,24,5,14,47,12,6,1,0,36,2,7,442,7442,20,2007,2D4GP44L17R3,2,D,4,G,P,4,4,L,1,7,R,3,0,P,DODG,CAR,SV,7,17,4252,,0,1193,,G,,0,0,000000000,00000000000,0,0,0,1,0,0,0,0,0,0,0,999,0,0,0,12,12,6,2,12,0,0,0,1,36,13030,6,1,0,0,3,0,62,999,0,0,0,0,0,0,0,0,0,0,0,0,0,0,1,2,55,1,1,2,1,0,0,1,62,7,1,4,66,0,0
36,360353,1,2,1,25,5,17,54,12,2,1,0,92,0,99,739,99739,90,9999,999999999999,9,9,9,9,9,9,9,9,9,9,9,9,0,U,,,,9,17,,,,,,,,0,0,000000000,00000000000,0,0,0,1,0,0,0,0,0,0,0,999,0,0,0,12,12,6,2,12,0,0,0,1,36,12957,0,0,0,0,0,0,999,999,0,0,0,0,0,0,0,0,0,0,52,38,28,0,1,2,55,1,1,2,1,0,0,1,10,99,1,2,50,1,0
36,360353,2,2,1,25,5,17,54,12,2,1,0,36,2,7,482,7482,31,2000,1B7HF16Z8YS5,1,B,7,H,F,1,6,Z,8,Y,S,5,0,T,DODG,150,PK,0,17,,2,1347,1187,RPC,G,,0,0,000000000,00000000000,0,0,0,1,0,0,0,0,0,0,0,999,0,0,0,12,12,6,2,12,0,0,0,1,36,12937,2,1,0,0,2,2,68,999,1,7,0,1,0,10,2008,4,2010,0,74,0,0,0,1,2,55,1,1,2,1,0,0,1,62,99,1,1,51,0,0
36,360354,1,2,5,6,6,4,56,12,2,1,0,50,2,37,421,37421,15,2010,999999999999,9,9,9,9,9,9,9,9,9,9,9,9,0,U,,,,9,17,,,,,,,,0,0,000000000,00000000000,0,0,0,1,0,0,0,0,0,0,0,999,0,0,0,12,12,6,2,12,0,0,0,1,50,5201,6,1,0,0,3,0,70,250,0,0,0,2,0,6,2010,6,2010,0,28,0,0,0,1,2,45,1,1,2,1,28,3,1,10,99,1,2,50,4,0
36,360354,2,2,1,6,6,4,56,12,2,1,0,33,3,82,883,82883,66,2007,1FUJA6CK57LX,1,F,U,J,A,6,C,K,5,7,L,X,1,T,FRHT,COL,DS,7,17,,8,0,0,CON,D,,1,57,179097,57179097,3,6,1,1,0,0,0,0,0,0,0,999,0,0,0,12,12,6,2,12,0,0,0,1,50,5301,6,1,6,1,3,0,66,160,0,0,0,0,0,0,0,0,0,0,0,0,0,0,1,2,45,1,1,2,1,28,3,1,62,6,1,1,51,0,0
36,360356,1,1,1,12,6,18,46,34,0,1,0,36,1,72,706,72706,80,1989,1HD1BKL10KY0,1,H,D,1,B,K,L,1,0,K,Y,0,0,M,HD,XTC,RS,89,17,,,,,,,1340,0,0,000000000,00000000000,0,0,0,1,0,0,0,0,0,0,0,999,0,0,0,12,12,6,2,34,0,0,0,1,36,14719,6,1,0,0,3,0,73,999,0,0,0,0,0,0,0,0,0,0,0,0,0,0,1,2,55,2,2,2,1,0,0,14,12,99,1,4,6,1,0
36,360357,1,1,1,28,4,15,10,31,0,1,0,99,9,47,35,47035,4,2005,999999999999,9,9,9,9,9,9,9,9,9,9,9,9,0,U,,,,9,17,,,,,,,,0,0,000000000,00000000000,0,0,0,1,0,0,0,0,0,0,0,999,0,0,0,12,12,6,2,2,0,0,1,1,36,13021,6,1,0,0,3,0,70,999,0,1,0,0,0,10,2009,10,2009,0,0,0,0,0,3,3,55,3,2,2,1,98,9,14,13,99,1,4,1,1,0
36,360358,1,1,1,13,6,19,26,24,0,1,0,36,1,72,706,72706,80,1999,1HD1CGP12XK1,1,H,D,1,C,G,P,1,2,X,K,1,0,M,HD,20C,RS,99,17,,,,,,,1200,0,0,000000000,00000000000,0,0,0,1,0,0,0,0,0,0,0,999,0,0,0,12,12,6,2,24,0,0,0,1,36,14170,6,1,6,0,3,0,67,999,0,0,0,0,0,0,0,0,0,1,0,0,0,0,1,2,55,4,2,2,2,0,0,14,11,99,1,4,1,1,1
36,360359,1,2,1,26,5,16,31,12,6,1,0,36,2,12,481,12481,31,2008,1FTSW21Y38ED,1,F,T,S,W,2,1,Y,3,8,E,D,0,T,FORD,F2S,CW,8,17,,2,1720,1560,SRW,G,,0,0,000000000,00000000000,0,0,0,1,0,0,0,0,0,0,0,999,0,0,0,12,12,6,2,12,0,0,0,1,36,12723,6,1,0,0,3,0,63,999,0,0,0,0,1,1,2010,1,2010,0,0,0,0,0,1,2,55,1,1,2,1,20,3,1,66,99,1,1,88,0,0
36,360359,2,2,2,26,5,16,31,12,6,1,0,36,2,7,442,7442,20,2003,2D4GP44343R2,2,D,4,G,P,4,4,3,4,3,R,2,0,P,DODG,CAR,SV,3,17,3975,,0,1193,,F,,0,0,000000000,00000000000,0,0,0,1,0,0,0,0,0,0,0,999,0,0,0,9,9,6,2,12,0,0,0,1,36,12549,6,1,0,0,3,0,67,999,1,1,0,0,0,7,2008,11,2009,0,38,0,0,0,1,2,55,1,1,2,1,20,3,4,17,99,1,1,89,1,1
36,360360,1,1,1,14,5,17,27,42,0,1,0,36,2,20,36,20036,2,1998,2G1WW12M3W92,2,G,1,W,W,1,2,M,3,W,9,2,0,P,CHEV,MLS,CP,98,17,3239,,0,1075,,G,,0,0,000000000,00000000000,0,0,0,1,0,0,0,0,0,0,0,999,0,0,0,12,12,6,2,42,0,0,0,1,36,13021,6,1,0,0,3,0,76,999,0,0,0,0,0,0,0,0,0,0,0,0,0,0,1,2,55,1,1,2,1,0,0,1,13,99,1,4,1,1,0
36,360361,1,1,1,29,5,22,29,34,0,1,0,36,1,53,705,53705,80,1989,JS1GR78AXK21,J,S,1,G,R,7,8,A,X,K,2,1,0,M,SUZI,GX7,RS,89,17,,,,,,,748,0,0,000000000,00000000000,0,0,0,1,0,0,0,0,0,0,0,999,0,0,0,12,12,6,2,32,0,0,0,1,36,13323,6,1,0,0,3,0,65,999,1,0,0,0,4,9,2007,6,2009,1,0,0,0,0,1,2,55,4,1,2,1,0,0,14,13,99,1,4,1,1,0
36,360362,1,1,2,21,4,0,15,8,0,1,0,36,3,23,881,23881,61,2009,1GDE5C1909F4,1,G,D,E,5,C,1,9,0,9,F,4,0,T,GMC,C5C,CC,9,17,,5,2240,1280,C55,D,,0,99,999999999,99999999999,2,1,1,1,0,0,0,0,0,0,0,999,0,0,0,1,1,6,2,8,0,0,0,1,36,11772,6,1,0,0,3,0,71,999,0,0,0,0,0,0,0,0,0,0,0,0,0,0,3,9,99,1,1,2,1,3,3,10,80,99,1,1,13,0,0
36,360363,1,1,4,25,4,22,15,50,0,1,0,36,2,49,40,49040,4,2010,4T4BF3EK5AR0,4,T,4,B,F,3,E,K,5,A,R,0,0,P,TOYT,CBA,4D,10,17,3263,,0,1093,,G,,0,0,000000000,00000000000,0,0,0,1,0,0,0,0,0,0,0,999,0,0,0,12,12,6,2,50,0,0,0,1,36,11224,1,2,0,0,2,2,68,999,1,15,1,1,1,8,2007,1,2010,1,74,0,0,0,3,9,99,1,1,9,2,0,0,1,10,99,1,4,6,1,0
36,360364,1,1,1,7,6,13,41,59,0,1,0,12,1,12,401,12401,14,1999,1FMZU34E4XZA,1,F,M,Z,U,3,4,E,4,X,Z,A,0,P,FORD,EPR,UT,99,17,4128,,0,1116,,G,,0,0,000000000,00000000000,0,0,0,1,0,0,0,0,0,0,0,999,0,1,5,12,12,6,2,1,0,0,0,1,12,33809,6,1,0,0,3,0,64,999,0,1,0,1,2,1,2008,9,2009,1,0,0,0,0,6,1,30,2,1,1,1,0,0,14,13,99,1,4,1,1,0
36,360365,1,1,1,7,6,7,40,9,0,1,0,36,2,20,16,20016,2,2004,1G1JC12F7471,1,G,1,J,C,1,2,F,7,4,7,1,0,P,CHEV,CAV,CP,4,17,2617,,0,1041,,G,,0,0,000000000,00000000000,0,0,0,1,0,0,0,0,0,0,0,999,0,0,0,12,1,6,2,9,0,0,0,1,36,12508,6,2,0,0,3,0,63,999,0,0,0,0,0,0,0,0,0,0,0,0,0,0,1,2,30,1,2,2,1,0,0,1,80,99,1,1,13,0,0
36,360366,1,2,2,30,5,22,47,12,2,1,0,36,2,35,47,35047,4,1994,1N4BU31D8RC2,1,N,4,B,U,3,1,D,8,R,C,2,0,P,NISS,AGS,4D,94,17,2729,,0,1031,,G,,0,0,000000000,00000000000,0,0,0,1,0,0,0,0,0,0,0,999,0,0,0,12,12,6,2,12,0,0,0,1,36,11771,0,0,0,0,0,0,999,999,0,0,0,0,2,5,2009,5,2009,1,28,0,0,0,1,2,40,4,2,2,1,0,0,14,10,99,1,2,50,2,1
36,360366,2,2,1,30,5,22,47,12,2,1,0,36,1,2,404,2404,14,2004,1J4GW48SX4C2,1,J,4,G,W,4,8,S,X,4,C,2,0,T,JEEP,LCF,4W,4,17,,1,0,1059,GCK,G,,0,0,000000000,00000000000,0,0,0,1,0,0,0,0,0,0,0,999,0,0,0,12,12,6,2,12,0,0,0,1,36,11732,6,1,0,0,3,0,73,999,0,0,0,0,0,0,0,0,0,0,0,0,0,0,1,2,40,4,2,2,1,0,0,14,62,99,1,1,51,1,0
36,360367,1,2,3,7,6,18,25,12,2,1,0,36,1,20,22,20022,4,2008,1G1AK58F1871,1,G,1,A,K,5,8,F,1,8,7,1,0,P,CHEV,BLS,4D,8,17,3216,,0,1033,,G,,0,0,000000000,00000000000,0,0,0,1,0,0,0,0,0,0,0,40,0,0,0,12,12,6,2,12,0,0,0,1,36,12043,6,1,0,0,3,0,70,999,0,0,0,0,0,0,0,0,0,0,28,0,0,0,1,2,55,1,1,2,1,0,0,1,10,99,1,2,50,0,0
36,360367,2,2,1,7,6,18,25,12,2,1,0,92,0,98,998,98998,92,1968,999999999999,9,9,9,9,9,9,9,9,9,9,9,9,0,U,,,,9,17,,,,,,,,0,0,000000000,00000000000,0,0,0,1,0,0,0,0,0,0,0,13,0,1,5,12,12,6,2,1,0,0,0,1,36,12187,6,1,0,0,3,3,69,999,0,1,0,0,2,5,2008,5,2008,0,0,0,0,0,1,2,55,1,1,2,1,0,0,1,62,99,1,1,51,1,0
36,360368,1,2,1,11,4,4,28,12,6,1,1,40,9,7,442,7442,20,2000,2B4GP45R7YR7,2,B,4,G,P,4,5,R,7,Y,R,7,0,P,DODG,CAR,SV,0,17,3772,,0,1133,,G,,0,0,000000000,00000000000,0,0,0,1,0,0,0,0,0,0,0,999,0,0,0,12,12,6,2,12,0,0,0,1,99,99999,9,9,99,9,9,9,999,999,99,99,99,99,99,99,9999,99,9999,1,0,0,0,0,1,4,99,1,1,2,1,3,3,1,17,99,1,1,86,0,0
36,360368,2,2,1,11,4,4,28,12,6,1,0,36,3,12,17,12017,6,2001,1FAFP58S61A2,1,F,A,F,P,5,8,S,6,1,A,2,0,P,FORD,TSE,SW,1,17,3540,,0,1085,,G,,0,0,000000000,00000000000,0,0,0,1,0,0,0,0,0,0,0,999,0,0,0,1,3,6,2,2,0,0,1,1,99,99999,9,9,99,9,9,9,999,999,99,99,99,99,99,99,9999,99,9999,0,0,0,0,0,1,4,99,1,1,2,1,3,3,1,66,99,1,1,87,1,0
36,360369,1,1,1,23,4,14,49,34,0,1,0,36,2,20,2,20002,4,1989,1G1BL51E8KR2,1,G,1,B,L,5,1,E,8,K,R,2,0,P,CHEV,CAP,4D,89,17,3693,,0,1160,,G,,0,0,000000000,00000000000,0,0,0,1,0,0,0,0,0,0,0,999,0,0,0,12,12,6,2,32,0,0,0,1,36,14733,6,1,0,0,3,3,64,999,0,0,0,0,0,0,0,0,0,0,0,0,0,0,1,2,55,1,1,2,1,0,0,1,13,99,1,4,1,1,0
36,360370,1,1,2,12,6,0,16,30,0,1,0,36,1,72,706,72706,80,1991,1HD1BJL47MY0,1,H,D,1,B,J,L,4,7,M,Y,0,0,M,HD,STC,RS,91,17,,,,,,,1340,0,0,000000000,00000000000,0,0,0,1,0,0,0,0,0,0,0,999,0,0,0,12,12,6,2,30,0,0,0,1,36,14120,6,1,0,0,3,3,72,999,1,0,0,1,0,8,2009,4,2010,1,0,0,0,0,1,2,30,1,1,2,1,0,0,1,6,99,1,4,1,1,0
36,360371,1,2,1,15,6,12,20,12,6,1,0,36,2,59,31,59031,4,2000,JT8BF28G6Y02,J,T,8,B,F,2,8,G,6,Y,0,2,0,P,LEXS,ES3,4D,0,17,3373,,0,1051,,G,,0,0,000000000,00000000000,0,0,0,1,0,0,0,0,0,0,0,999,0,0,0,1,1,6,2,12,0,0,0,1,36,12020,6,1,0,0,3,0,71,999,0,0,0,0,0,0,0,0,0,0,38,0,0,0,1,2,45,1,1,2,1,3,3,11,15,99,1,1,82,0,0
36,360371,2,2,1,15,6,12,20,12,6,1,0,36,1,72,706,72706,80,2009,1HD1GY4139K3,1,H,D,1,G,Y,4,1,3,9,K,3,0,M,HD,FTB,RS,9,17,,,,,,,1584,0,0,000000000,00000000000,0,0,0,1,0,0,0,0,0,0,0,999,0,0,0,12,12,6,2,12,0,0,0,1,36,12020,6,1,6,0,3,0,69,999,0,0,0,0,0,0,0,0,0,0,0,0,0,0,1,2,45,1,1,2,1,3,3,1,67,99,1,2,83,1,0
36,360372,1,3,1,4,5,11,55,12,6,1,0,12,3,55,35,55035,4,2010,999999999999,9,9,9,9,9,9,9,9,9,9,9,9,0,U,,BVS,4D,9,17,3362,,0,1108,,G,,0,0,000000000,00000000000,0,0,0,1,0,0,0,0,0,0,0,999,0,0,0,12,12,6,2,12,0,0,0,1,36,11746,0,0,0,0,0,0,71,999,0,7,0,0,0,3,2008,3,2008,0,39,0,0,0,2,2,30,1,1,2,1,3,3,1,17,99,1,1,88,0,1
36,360372,2,3,1,4,5,11,55,12,6,1,0,36,1,18,2,18002,4,1997,2G4WS52M3V14,2,G,4,W,S,5,2,M,3,V,1,4,0,P,BUIC,CCU,4D,97,17,3348,,0,1090,,G,,0,0,000000000,00000000000,0,0,0,1,0,0,0,0,0,0,0,999,0,0,0,9,12,6,2,12,0,0,0,1,36,11756,6,1,0,0,3,3,71,999,0,0,0,0,0,0,0,0,0,0,0,0,0,0,2,2,30,1,1,2,1,3,3,1,66,99,1,2,89,1,0
36,360372,3,3,1,4,5,11,55,12,6,1,0,36,1,12,461,12461,21,2009,1FTNE24WX9DA,1,F,T,N,E,2,4,W,X,9,D,A,0,T,FORD,25V,CG,9,17,,2,0,1380,VAN,G,,0,0,000000000,00000000000,0,0,0,1,0,0,0,0,0,0,0,0,0,0,0,12,11,6,2,12,0,0,0,1,36,11565,6,1,0,0,3,0,69,999,1,9,0,1,4,8,2007,2,2010,0,0,0,0,0,2,2,30,1,1,2,1,3,3,5,66,99,1,1,98,0,0
36,360373,1,1,1,14,6,17,0,42,0,1,0,36,2,12,481,12481,31,2001,1FTWW32F41EC,1,F,T,W,W,3,2,F,4,1,E,C,0,T,FORD,F3D,CW,1,17,,3,1720,1560,DRW,D,,0,0,000000000,00000000000,0,0,0,1,0,0,0,0,0,0,0,999,0,0,0,12,12,6,2,42,0,0,0,1,36,14541,6,1,0,0,3,0,68,999,1,1,0,0,1,4,2009,8,2009,1,0,0,0,0,1,2,45,1,2,2,1,0,0,1,12,99,1,4,6,1,0
36,360374,1,2,1,1,6,15,20,12,1,1,0,36,1,7,442,7442,20,1996,1B4GP54L3TB2,1,B,4,G,P,5,4,L,3,T,B,2,0,P,DODG,CAR,SV,96,17,3846,,0,1193,,G,,0,0,000000000,00000000000,0,0,0,1,0,0,0,0,0,0,0,999,0,0,0,12,12,6,2,9,0,0,0,1,36,11590,6,1,0,0,3,3,72,999,0,0,0,0,0,0,0,0,0,0,26,0,0,0,3,2,99,1,1,1,1,0,0,1,52,99,1,1,24,0,0
36,360374,2,2,1,1,6,15,20,12,1,1,0,36,2,55,35,55035,6,1999,KMHJW25F0XU1,K,M,H,J,W,2,5,F,0,X,U,1,0,P,HYUN,ELL,SW,99,17,2648,,0,1004,,G,,0,0,000000000,00000000000,0,0,0,1,0,0,0,0,0,0,0,999,0,0,0,6,12,6,2,9,0,0,0,1,36,11550,6,1,0,0,3,3,63,999,0,0,0,0,0,0,0,0,0,0,0,0,0,0,3,2,99,1,1,1,1,0,0,1,18,99,1,2,25,0,0
36,360375,1,1,2,13,6,22,7,24,0,1,0,36,1,72,706,72706,80,2002,1HD1BMY112Y0,1,H,D,1,B,M,Y,1,1,2,Y,0,0,M,HD,FLF,RS,2,17,,,,,,,1450,0,0,000000000,00000000000,0,0,0,1,0,0,0,0,0,0,0,999,0,0,0,11,11,6,2,42,0,0,0,1,36,14034,6,1,0,0,3,0,73,999,0,0,0,0,0,0,0,0,0,0,0,0,0,0,1,2,55,3,1,2,2,28,3,14,12,99,1,4,6,1,1
36,360376,1,1,1,16,6,22,9,32,0,1,0,36,2,55,35,55035,4,2000,KMHJF35F4YU0,K,M,H,J,F,3,5,F,4,Y,U,0,0,P,HYUN,EGS,4D,0,17,2626,,0,1004,,G,,0,0,000000000,00000000000,0,0,0,1,0,0,0,0,0,0,0,999,0,0,0,12,12,6,2,30,0,0,0,1,36,14885,0,0,0,0,0,0,67,999,0,0,0,0,0,0,0,0,0,1,0,0,0,0,1,2,55,1,1,2,1,28,3,1,13,99,1,4,1,1,1
36,360377,1,2,1,12,6,16,10,12,6,1,0,36,1,37,402,37402,14,2009,JHLRE48729C0,J,H,L,R,E,4,8,7,2,9,C,0,0,P,HOND,CRV,UT,9,17,3549,,0,1031,,G,,0,0,000000000,00000000000,0,0,0,1,0,0,0,0,0,0,0,999,0,0,0,12,12,6,2,12,0,0,0,1,36,14059,6,1,0,0,3,0,73,999,0,0,0,0,0,0,0,0,0,0,38,0,0,0,1,2,45,1,1,2,1,28,3,11,15,99,1,1,68,0,0
36,360377,2,2,1,12,6,16,10,12,6,1,0,36,2,72,706,72706,80,2009,1HD1GY4169K3,1,H,D,1,G,Y,4,1,6,9,K,3,0,M,HD,FTB,RS,9,17,,,,,,,1584,0,0,000000000,00000000000,0,0,0,1,0,0,0,0,0,0,0,999,0,0,0,1,1,6,2,12,0,0,0,1,36,14086,6,1,6,0,3,0,73,999,0,0,0,0,0,0,0,0,0,0,0,0,0,0,1,2,45,1,1,2,1,28,3,1,66,98,1,1,69,1,0
36,360378,1,1,5,12,6,21,15,8,0,1,0,36,2,12,401,12401,14,2000,1FMYU70X4YUA,1,F,M,Y,U,7,0,X,4,Y,U,A,0,P,FORD,EPR,UT,0,17,3870,,0,1017,,G,,0,0,000000000,00000000000,0,0,0,1,0,0,0,0,0,0,0,999,0,0,0,12,12,2,1,8,0,0,0,1,36,13126,6,1,0,0,3,3,64,999,0,0,0,0,0,0,0,0,0,0,0,0,0,0,1,2,50,1,1,2,2,0,0,1,80,4,1,1,13,0,0
36,360379,1,1,1,27,3,7,22,42,0,1,0,36,1,35,49,35049,6,2005,JN8AZ08W95W4,J,N,8,A,Z,0,8,W,9,5,W,4,0,P,NISS,MUR,UT,5,17,3829,,0,1112,,G,,0,0,000000000,00000000000,0,0,0,1,0,0,0,0,0,0,0,999,0,1,5,7,9,6,2,1,0,0,0,1,36,10562,6,1,0,0,3,0,64,999,0,0,0,0,0,0,0,0,0,0,0,0,0,0,1,3,99,4,2,2,1,0,0,14,13,99,1,4,1,1,1
36,360380,1,1,1,12,6,1,57,46,0,1,0,36,1,72,706,72706,80,1996,1HD1FDL14TY6,1,H,D,1,F,D,L,1,4,T,Y,6,0,M,HD,FHR,RS,96,17,,,,,,,1340,0,0,000000000,00000000000,0,0,0,1,0,0,0,0,0,0,0,999,0,0,0,12,12,6,2,46,0,0,0,1,36,13323,6,1,0,0,3,0,75,999,0,1,0,1,1,7,2007,1,2010,0,51,0,0,0,3,3,40,1,2,2,1,3,3,1,12,99,1,4,6,1,1
36,360381,1,1,1,16,5,7,30,25,0,1,0,36,1,12,473,12473,30,2001,1FMZU77E01UB,1,F,M,Z,U,7,7,E,0,1,U,B,0,P,FORD,EPR,UT,1,17,4332,,0,1259,,G,,0,0,000000000,00000000000,0,0,0,1,0,0,0,0,0,0,0,999,0,1,1,12,12,6,2,1,0,0,0,1,36,10580,6,1,0,0,3,0,71,999,0,0,0,0,0,0,0,0,0,1,0,0,0,0,6,1,99,2,1,1,1,0,0,14,6,99,1,4,6,1,0
36,360382,1,1,1,18,6,18,32,30,0,1,0,0,0,98,739,98739,90,2000,999999999999,9,9,9,9,9,9,9,9,9,9,9,9,0,U,,,,9,17,,,,,,,,0,0,000000000,00000000000,0,0,0,1,0,0,0,0,0,0,0,999,0,0,0,12,12,6,2,30,0,0,0,1,36,14070,6,1,0,0,3,3,72,999,0,0,0,0,0,0,0,0,0,1,0,0,0,0,1,2,45,1,1,2,1,0,0,1,13,99,1,4,1,1,1
36,360383,1,2,2,12,6,16,21,12,6,1,0,36,3,20,881,20881,62,2004,1GBJ6C1C44F5,1,G,B,J,6,C,1,C,4,4,F,5,0,T,CHEV,C6C,CB,4,17,,6,9600,1282,C65,D,,0,57,097235,57097235,2,1,1,1,0,0,0,0,0,0,0,999,0,0,0,1,12,6,2,12,0,0,0,1,36,13605,6,1,6,1,3,0,63,999,0,0,0,0,0,0,0,0,0,0,39,0,0,0,1,2,55,1,2,2,1,20,3,1,17,99,1,1,87,0,0