STATE,ST_CASE,VEH_NO,VE_FORMS,NUMOCCS,DAY,MONTH,HOUR,MINUTE,HARM_EV,MAN_COLL,UNITTYPE,HIT_RUN,REG_STAT,OWNER,MAKE,MODEL,MAK_MOD,BODY_TYP,MOD_YEAR,VIN,VIN_1,VIN_2,VIN_3,VIN_4,VIN_5,VIN_6,VIN_7,VIN_8,VIN_9,VIN_10,VIN_11,VIN_12,TOW_VEH,VINTYPE,VINMAKE,VINA_MOD,VIN_BT,VINMODYR,VIN_LNGT,VIN_WGT,WGTCD_TR,WHLBS_LG,WHLBS_SH,SER_TR,FUELCODE,MCYCL_DS,J_KNIFE,MCARR_I1,MCARR_I2,MCARR_ID,GVWR,V_CONFIG,CARGO_BT,HAZ_INV,HAZ_PLAC,HAZ_ID,HAZ_CNO,HAZ_REL,BUS_USE,SPEC_USE,EMER_USE,TRAV_SP,UNDERIDE,ROLLOVER,ROLINLOC,IMPACT1,IMPACT2,DEFORMED,TOWED,M_HARM,VEH_SC1,VEH_SC2,FIRE_EXP,DR_PRES,L_STATE,DR_ZIP,L_STATUS,L_TYPE,CDL_STAT,L_ENDORS,L_COMPL,L_RESTRI,DR_HGT,DR_WGT,PREV_ACC,PREV_SUS,PREV_DWI,PREV_SPD,PREV_OTH,FIRST_MO,FIRST_YR,LAST_MO,LAST_YR,SPEEDREL,DR_SF1,DR_SF2,DR_SF3,DR_SF4,VTRAFWAY,VNUM_LAN,VSPD_LIM,VALIGN,VPROFILE,VPAVETYP,VSURCOND,VTRAFCON,VTCONT_F,P_CRASH1,P_CRASH2,P_CRASH3,PCRASH4,PCRASH5,ACC_TYPE,DEATHS,DR_DRINK
36,360383,2,2,3,12,6,16,21,12,6,1,0,36,1,7,442,7442,20,2004,1D4GP25B24B5,1,D,4,G,P,2,5,B,2,4,B,5,0,P,DODG,CAR,SV,4,17,3672,,0,1133,,G,,0,0,000000000,00000000000,0,0,0,1,0,0,0,0,0,0,0,999,0,0,0,12,12,6,2,12,0,0,0,1,36,13619,6,1,0,0,3,0,74,999,0,1,0,0,0,6,2009,6,2009,0,0,0,0,0,1,2,55,1,2,2,1,20,3,1,66,99,1,1,86,1,0
36,360384,1,1,1,17,6,5,12,59,0,1,0,18,3,98,809,98809,66,2009,2FWBA2CK29AA,2,F,W,B,A,2,C,K,2,9,A,A,2,T,STRG,A90,DS,9,17,,7,0,0,STE,D,,1,57,241829,57241829,3,7,1,1,0,0,0,0,0,0,0,999,0,1,5,12,61,6,2,1,0,0,0,1,36,14737,6,1,6,1,3,0,70,999,1,0,0,0,0,6,2009,6,2009,0,0,0,0,0,3,2,65,1,1,2,1,0,0,1,12,99,1,4,6,1,0
36,360385,1,1,1,4,6,23,56,8,0,1,0,36,1,20,482,20482,31,2002,3GNEK13T62G1,3,G,N,E,K,1,3,T,6,2,G,1,0,T,CHEV,KAV,CW,2,17,,2,0,1300,AVL,G,,0,0,000000000,00000000000,0,0,0,1,0,0,0,0,0,0,0,999,0,0,0,12,12,2,1,8,0,0,0,1,36,12866,6,1,6,0,3,3,74,999,2,0,0,0,0,1,2008,1,2009,0,0,0,0,0,2,4,55,1,3,2,1,0,0,1,80,99,1,1,13,0,0
36,360387,1,3,1,14,6,12,0,12,1,1,0,36,1,12,37,12037,2,2000,3FAFP3133YR1,3,F,A,F,P,3,1,3,3,Y,R,1,0,P,FORD,FZX,3P,0,17,2551,,0,1030,,G,,0,0,000000000,00000000000,0,0,0,1,0,0,0,0,0,0,0,0,0,0,0,6,6,6,2,12,0,0,0,1,36,13036,6,1,0,0,3,0,63,999,0,1,0,0,0,10,2008,10,2008,0,0,0,0,0,1,2,55,1,1,2,1,0,0,5,53,1,1,1,21,1,0
36,360387,2,3,1,14,6,12,0,12,1,1,0,36,1,20,421,20421,15,2000,1GNDT13W1Y21,1,G,N,D,T,1,3,W,1,Y,2,1,0,P,CHEV,BZR,UT,0,17,4049,,0,1070,,G,,0,0,000000000,00000000000,0,0,0,1,0,0,0,0,0,0,0,999,0,0,0,12,12,6,2,2,0,0,1,1,36,13036,6,1,0,0,3,0,69,999,2,0,0,0,0,10,2008,2,2010,0,92,0,0,0,1,2,55,1,1,2,1,0,0,1,50,99,1,1,20,0,0
36,360387,3,3,1,14,6,12,0,12,1,1,0,36,1,23,481,23481,32,2004,1GTHK24U54E2,1,G,T,H,K,2,4,U,5,4,E,2,0,T,GMC,2KH,PK,4,17,,2,0,1330,SIE,G,,0,0,000000000,00000000000,0,0,0,1,0,0,0,0,0,0,0,999,0,0,0,12,12,6,2,12,0,0,0,1,36,13131,6,1,6,0,3,3,71,999,0,0,0,0,0,0,0,0,0,0,0,0,0,0,1,2,55,1,1,2,1,0,0,1,60,99,1,1,98,0,0
36,360388,1,2,1,24,6,7,1,12,6,1,0,36,1,37,705,37705,80,1994,JH2PC2516RM3,J,H,2,P,C,2,5,1,6,R,M,3,0,M,HOND,RF2,RS,94,17,,,,,,,600,0,0,000000000,00000000000,0,0,0,1,0,0,0,0,0,0,0,999,0,0,0,12,12,6,2,12,0,0,0,1,36,14424,6,1,0,0,3,0,73,999,1,2,0,3,0,7,2007,9,2009,1,0,0,0,0,1,2,55,1,2,2,2,0,0,1,52,99,1,1,73,1,0
36,360388,2,2,3,24,6,7,1,12,6,1,0,36,1,49,482,49482,31,2008,5TBBV54108S5,5,T,B,B,V,5,4,1,0,8,S,5,0,T,TOYT,DBS,CW,8,17,,2,0,1457,TUN,G,,0,0,000000000,00000000000,0,0,0,1,0,0,0,0,0,0,0,999,0,0,0,5,5,2,1,12,0,0,0,1,36,14512,6,1,6,0,3,0,75,999,0,0,0,0,0,0,0,0,0,0,0,0,0,0,1,2,55,1,2,2,2,0,0,11,18,99,1,1,72,0,0
36,360389,1,1,2,19,6,21,35,11,0,1,0,36,2,72,706,72706,80,2003,1HD1FCW103Y6,1,H,D,1,F,C,W,1,0,3,Y,6,0,M,HD,FLU,RS,3,17,,,,,,,1450,0,0,000000000,00000000000,0,0,0,1,0,0,0,0,0,0,0,999,0,0,0,12,61,6,2,11,0,0,0,1,36,14731,6,1,0,0,3,3,71,999,0,2,0,0,0,6,2007,7,2009,0,83,0,0,0,1,2,55,1,2,2,1,0,0,1,87,99,1,3,13,1,1
36,360390,1,1,1,26,6,0,9,24,0,1,0,36,1,37,705,37705,80,2004,JH2PC35074M5,J,H,2,P,C,3,5,0,7,4,M,5,0,M,HOND,CF4,RS,4,17,,,,,,,599,0,0,000000000,00000000000,0,0,0,1,0,0,0,0,0,0,0,999,0,0,0,12,6,6,2,24,0,0,0,1,36,10027,6,1,0,0,3,0,70,999,0,5,0,1,2,3,2008,8,2009,0,0,0,0,0,3,3,50,1,1,2,1,0,0,1,12,99,1,4,6,1,1
36,360391,1,2,1,27,5,12,2,12,6,1,0,36,1,76,705,76705,80,2009,JYARJ16EX9A0,J,Y,A,R,J,1,6,E,X,9,A,0,0,M,YAMA,R6L,RC,9,17,,,,,,,599,0,0,000000000,00000000000,0,0,0,1,0,0,0,0,0,0,0,90,0,0,0,12,12,6,2,12,0,0,0,1,36,14220,6,1,0,0,3,3,70,999,2,0,0,0,1,6,2007,2,2010,1,0,0,0,0,1,2,30,1,1,2,1,0,0,1,10,99,1,1,69,1,0
36,360391,2,2,1,27,5,12,2,12,6,1,0,36,3,92,981,92981,52,2006,15GGD1915610,1,5,G,G,D,1,9,1,5,6,1,0,0,U,,,,6,17,,,,,,,,0,88,888888888,88888888888,3,21,22,1,0,0,0,0,6,0,0,12,0,0,0,3,3,6,2,12,0,0,0,1,36,14206,6,1,6,1,3,3,70,999,1,0,0,0,0,9,2007,9,2007,0,0,0,0,0,1,2,30,1,1,2,1,0,0,11,62,99,1,1,68,0,0
36,360392,1,1,1,30,3,1,27,8,0,1,1,36,9,20,403,20403,14,2006,1GNDS13S9621,1,G,N,D,S,1,3,S,9,6,2,1,0,P,CHEV,TRL,UT,6,17,4417,,0,1130,,G,,0,0,000000000,00000000000,0,0,0,1,0,0,0,0,0,0,0,999,0,0,0,12,12,9,2,8,0,0,0,1,99,99999,9,9,99,9,9,9,999,999,99,99,99,99,99,99,9999,99,9999,0,0,0,0,0,5,2,99,1,2,9,2,0,0,1,80,99,1,1,13,0,0
36,360393,1,1,1,27,5,20,0,30,0,1,0,36,1,72,706,72706,80,2008,1HD1JJ5118Y0,1,H,D,1,J,J,5,1,1,8,Y,0,0,M,HD,FCW,RS,8,17,,,,,,,1584,0,0,000000000,00000000000,0,0,0,1,0,0,0,0,0,0,0,999,0,0,0,1,1,6,2,30,0,0,0,1,36,12601,6,1,0,0,3,0,69,999,2,0,0,0,0,11,2007,3,2009,0,0,0,0,0,1,2,55,3,2,2,1,0,0,14,13,99,1,4,1,1,0
36,360394,1,1,1,24,6,23,34,35,0,1,0,36,1,72,706,72706,80,2008,1HD1BX5108Y0,1,H,D,1,B,X,5,1,0,8,Y,0,0,M,HD,FLF,RS,8,17,,,,,,,1584,0,0,000000000,00000000000,0,0,0,1,0,0,0,0,0,0,0,999,0,0,0,12,81,6,2,30,0,0,0,1,36,13166,6,1,6,0,3,0,75,999,0,0,0,0,0,0,0,0,0,1,0,0,0,0,1,2,55,1,1,2,1,20,3,1,13,99,1,4,1,1,1
36,360395,1,2,5,11,3,22,10,14,0,1,0,36,2,37,31,37031,4,1997,JHMEJ6524VS0,J,H,M,E,J,6,5,2,4,V,S,0,0,P,HOND,UCD,4D,97,17,2256,,0,1032,,G,,0,0,000000000,00000000000,0,0,0,1,0,0,0,0,0,0,0,999,0,0,0,12,6,6,2,12,0,0,0,1,36,11101,6,1,0,0,3,0,72,999,0,0,0,0,0,0,0,0,0,1,0,0,0,0,3,4,99,1,1,2,1,0,0,1,50,99,1,4,11,1,0
36,360395,3,2,1,11,3,22,10,14,0,1,0,36,2,37,32,37032,4,1995,1HGCD5637SA1,1,H,G,C,D,5,6,3,7,S,A,1,0,P,HOND,ULE,4D,95,17,2809,,0,1069,,G,,0,0,000000000,00000000000,0,0,0,1,0,0,0,0,0,0,0,999,0,0,0,12,12,9,9,12,0,0,0,1,36,11944,6,1,0,0,3,0,69,999,0,0,0,0,2,11,2008,10,2009,9,0,0,0,0,3,4,99,1,1,2,1,0,0,1,50,99,1,1,98,0,0
36,360396,1,1,1,26,6,22,27,11,0,1,0,36,1,72,709,72709,80,1980,999999999999,9,9,9,9,9,9,9,9,9,9,9,9,0,U,,,,9,17,,,,,,,,0,0,000000000,00000000000,0,0,0,1,0,0,0,0,0,0,0,999,0,0,0,12,12,6,2,11,0,0,0,1,36,14032,6,1,0,0,3,0,67,999,0,0,0,0,0,0,0,0,0,0,83,0,0,0,1,2,55,1,1,2,1,0,0,1,87,99,1,1,13,1,0
36,360397,1,1,2,28,3,19,56,8,0,1,0,36,1,12,17,12017,4,1997,1FALP52UXVG3,1,F,A,L,P,5,2,U,X,V,G,3,0,P,FORD,TAG,4D,97,17,3329,,0,1085,,G,,0,0,000000000,00000000000,0,0,0,1,0,0,0,0,0,0,0,35,0,0,0,12,12,6,2,8,0,0,0,1,36,14120,6,1,0,0,3,0,65,999,0,9,0,1,0,8,2007,7,2009,0,92,0,0,0,1,5,35,1,2,1,2,3,3,1,80,99,1,1,13,0,0
36,360398,1,1,1,15,5,22,26,8,0,1,1,36,2,49,32,49032,4,2010,2T1BU4EE8AC2,2,T,1,B,U,4,E,E,8,A,C,2,0,P,TOYT,CBL,4D,10,17,2723,,0,1024,,G,,0,0,000000000,00000000000,0,0,0,1,0,0,0,0,0,0,0,999,0,0,0,12,12,2,1,8,0,0,0,1,36,10456,6,1,0,0,3,0,68,999,0,2,0,0,0,4,2009,6,2009,0,0,0,0,0,1,4,99,1,1,2,1,3,3,1,80,99,1,1,13,0,0
36,360399,1,2,1,10,6,7,20,12,6,1,0,36,3,87,881,87881,63,2008,1NPTL4TX78N7,1,N,P,T,L,4,T,X,7,8,N,7,0,T,PTRB,367,TM,8,17,,8,0,0,CON,D,,0,57,336492,57336492,3,2,4,1,0,0,0,0,0,0,0,999,0,1,5,12,12,6,2,12,0,0,0,1,36,14755,6,1,6,1,3,3,71,999,0,0,0,0,0,0,0,0,0,0,0,0,0,0,1,4,30,1,1,2,1,20,3,1,66,99,1,1,88,0,0
36,360399,2,2,1,10,6,7,20,12,6,1,0,36,2,7,442,7442,20,1994,1B4GH54R5RX2,1,B,4,G,H,5,4,R,5,R,X,2,0,P,DODG,CAR,SV,94,17,3684,,0,1193,,G,,0,0,000000000,00000000000,0,0,0,1,0,0,0,0,0,0,0,999,0,0,0,9,9,6,2,12,0,0,0,1,36,14719,6,1,0,0,3,0,64,999,0,0,0,0,0,0,0,0,0,0,39,0,0,0,1,4,30,1,1,2,1,20,3,1,17,99,1,1,89,1,0
36,360400,1,1,5,22,5,22,30,42,0,1,0,36,2,14,17,14017,4,2000,1MEFM55S3YA6,1,M,E,F,M,5,5,S,3,Y,A,6,0,P,MERC,SLP,4D,0,17,3375,,0,1085,,G,,0,0,000000000,00000000000,0,0,0,1,0,0,0,0,0,0,0,67,0,0,0,9,9,6,2,42,0,0,0,1,36,13501,6,2,0,0,3,0,69,999,1,0,0,0,0,9,2009,9,2009,1,0,0,0,0,1,2,30,4,2,2,1,0,0,14,13,99,1,4,1,1,1
36,360401,1,1,1,13,6,19,4,38,0,1,0,36,1,59,31,59031,4,2001,JT8BF28G4103,J,T,8,B,F,2,8,G,4,1,0,3,0,P,LEXS,ES3,4D,1,17,3373,,0,1051,,G,,0,0,000000000,00000000000,0,0,0,1,0,0,0,0,0,0,0,55,0,1,5,1,1,6,2,1,0,0,0,1,36,10980,6,1,0,0,3,0,73,999,0,0,0,0,0,0,0,0,0,0,0,0,0,0,1,4,55,2,2,2,2,0,0,14,12,99,1,4,6,1,1
36,360402,1,1,1,22,6,6,0,42,0,1,0,31,3,84,881,84881,66,2010,3HSCUAPR3AN1,3,H,S,C,U,A,P,R,3,A,N,1,1,T,INTL,PPR,DS,10,17,,8,0,0,PRO,D,,1,57,73705,5773705,3,6,1,1,0,0,0,0,0,0,0,999,0,0,0,12,12,6,2,2,0,0,1,1,1,35603,6,1,6,1,3,3,72,350,0,0,0,1,0,4,2009,4,2009,0,0,0,0,0,2,2,65,1,1,2,1,0,0,1,13,99,1,4,1,1,0
36,360403,1,2,3,11,6,21,30,12,2,1,0,36,1,12,481,12481,31,1998,2FTZX17W7WCA,2,F,T,Z,X,1,7,W,7,W,C,A,0,T,FORD,F15,3C,98,17,,1,1570,1390,COF,G,,0,0,000000000,00000000000,0,0,0,1,0,0,0,0,0,0,0,0,0,0,0,12,12,6,2,12,0,0,0,1,36,14513,6,1,0,0,3,3,64,999,1,0,0,0,0,9,2008,9,2008,0,28,0,0,0,1,2,40,2,2,2,1,0,0,5,54,99,1,1,50,0,0
36,360403,2,2,1,11,6,21,30,12,2,1,0,36,1,49,32,49032,4,1998,2T1BR12EXWC0,2,T,1,B,R,1,2,E,X,W,C,0,0,P,TOYT,UVL,4D,98,17,2414,,0,970,,G,,0,0,000000000,00000000000,0,0,0,1,0,0,0,0,0,0,0,999,0,0,0,12,12,6,2,12,0,0,0,1,36,14513,6,1,0,0,3,0,72,999,0,0,0,0,0,0,0,0,0,1,0,0,0,0,1,2,40,2,2,2,1,0,0,14,50,99,1,1,51,1,1
36,360404,1,2,3,20,6,17,5,12,2,1,0,36,3,55,35,55035,4,2010,KMHDU4AD1AU8,K,M,H,D,U,4,A,D,1,A,U,8,0,P,HYUN,BGS,4D,10,17,2723,,0,1043,,G,,0,0,000000000,00000000000,0,0,0,1,0,0,0,0,0,0,0,999,0,0,0,12,12,2,1,12,0,0,0,1,36,10457,6,1,0,0,3,0,64,999,0,0,0,0,0,0,0,0,0,0,38,0,0,0,3,2,30,1,2,2,1,0,0,11,15,99,1,1,68,0,0
36,360404,2,2,1,20,6,17,5,12,2,1,0,36,1,76,709,76709,80,2003,999999999999,9,9,9,9,9,9,9,9,9,9,9,9,0,U,,,,9,17,,,,,,,,0,0,000000000,00000000000,0,0,0,1,0,0,0,0,0,0,0,999,0,0,0,12,12,6,2,12,0,0,0,1,36,10607,6,1,6,0,3,0,68,999,0,0,0,0,0,0,0,0,0,0,0,0,0,0,3,2,30,1,2,2,1,0,0,1,62,99,1,1,69,1,0
36,360405,1,3,1,30,6,23,5,12,2,1,0,36,1,20,2,20002,4,2001,2G1WF55E9191,2,G,1,W,F,5,5,E,9,1,9,1,0,P,CHEV,IMP,4D,1,17,3389,,0,1105,,G,,0,0,000000000,00000000000,0,0,0,1,0,0,0,0,0,0,0,999,0,0,0,12,12,6,2,12,0,0,0,1,36,10927,6,1,0,0,3,0,67,999,0,0,0,0,0,0,0,0,0,0,0,0,0,0,1,2,30,4,2,2,1,0,0,14,62,99,1,1,51,0,0
36,360405,2,3,1,30,6,23,5,12,2,1,0,36,2,48,401,48401,14,2009,JF2SH61619H7,J,F,2,S,H,6,1,6,1,9,H,7,0,P,SUBA,FOR,UT,9,17,3250,,0,1030,,G,,0,0,000000000,00000000000,0,0,0,1,0,0,0,0,0,0,0,999,0,0,0,12,12,6,2,12,0,0,0,1,36,10956,6,1,0,0,3,0,72,999,0,0,0,0,0,0,0,0,0,0,0,0,0,0,1,2,30,4,2,2,1,0,0,14,62,99,1,1,98,0,0
36,360405,3,3,1,30,6,23,5,12,2,1,0,36,2,76,705,76705,80,2007,JYARJ12E77A0,J,Y,A,R,J,1,2,E,7,7,A,0,0,M,YAMA,R6L,RS,7,17,,,,,,,599,0,0,000000000,00000000000,0,0,0,1,0,0,0,0,0,0,0,999,0,0,0,12,12,6,2,12,0,0,0,1,36,10993,0,0,0,0,0,0,69,999,0,2,0,0,0,4,2009,1,2010,1,28,0,0,0,1,2,30,4,2,2,1,0,0,14,10,99,1,2,50,1,1
36,360406,1,2,1,1,7,9,46,12,6,1,0,36,2,42,44,42044,1,2011,WDBSK7BA2BF1,W,D,B,S,K,7,B,A,2,B,F,1,0,P,MERZ,SLX,CV,11,17,4222,,0,1008,,G,,0,0,000000000,00000000000,0,0,0,1,0,0,0,0,0,0,0,999,0,0,0,12,12,6,2,12,0,0,0,1,36,14057,6,1,0,0,3,0,64,999,0,0,0,0,0,0,0,0,0,0,0,0,0,0,5,4,45,1,1,2,1,0,0,1,72,99,1,1,88,0,0
36,360406,2,2,1,1,7,9,46,12,6,1,0,36,1,24,3,24003,6,2000,1G8ZN8278YZ1,1,G,8,Z,N,8,2,7,8,Y,Z,1,0,P,STRN,SW2,SW,0,17,2479,,0,1024,,G,,0,0,000000000,00000000000,0,0,0,1,0,0,0,0,0,0,0,999,0,0,0,9,9,6,2,12,0,0,0,1,36,14075,6,1,0,0,3,0,64,999,0,0,0,0,0,0,0,0,0,0,38,0,0,0,5,4,45,1,1,2,1,0,0,4,11,99,1,1,89,1,0
36,360407,1,3,4,1,7,17,8,12,6,1,0,36,1,14,6,14006,4,2005,2MEFM74W65X6,2,M,E,F,M,7,4,W,6,5,X,6,0,P,MERC,GMG,4D,5,17,4038,,0,1147,,G,,0,0,000000000,00000000000,0,0,0,1,0,0,0,0,0,0,0,999,0,0,0,9,9,6,2,12,0,0,0,1,36,14001,6,1,0,0,3,3,64,999,0,0,0,0,0,0,0,0,0,0,38,0,0,0,1,2,55,1,1,2,1,20,3,11,15,99,1,2,68,1,0
36,360407,2,3,1,1,7,17,8,12,6,1,0,36,3,82,883,82883,66,2001,1FVHAHCG21LG,1,F,V,H,A,H,C,G,2,1,L,G,1,T,FRHT,FLD,TM,1,17,,8,0,0,CON,D,,1,57,716143,57716143,3,6,6,1,0,0,0,0,0,0,0,999,0,0,0,12,12,6,2,12,0,0,0,1,36,14624,6,1,6,0,3,0,68,999,0,0,0,0,0,0,0,0,0,0,0,0,0,0,1,2,55,1,1,2,1,20,3,1,66,99,1,1,69,0,0
36,360407,3,3,1,1,7,17,8,12,6,1,0,36,2,2,405,2405,14,2005,1J4GL48K65W6,1,J,4,G,L,4,8,K,6,5,W,6,0,T,JEEP,SPR,4W,5,17,,1,0,1043,LIB,G,,0,0,000000000,00000000000,0,0,0,1,0,0,0,0,0,0,0,999,0,0,0,12,12,6,2,12,0,0,0,1,36,14001,6,1,0,0,3,3,67,999,1,0,0,0,0,9,2007,9,2007,0,0,0,0,0,1,2,55,1,1,2,1,20,3,1,62,99,1,1,98,0,0
36,360408,1,2,1,15,6,10,40,12,1,1,0,36,1,55,35,55035,4,2002,KMHDN45D12U3,K,M,H,D,N,4,5,D,1,2,U,3,0,P,HYUN,EST,4D,2,17,2635,,0,1027,,G,,0,0,000000000,00000000000,0,0,0,1,0,0,0,0,0,0,0,999,0,0,0,12,12,6,2,12,0,0,0,1,36,13205,6,1,0,0,3,0,65,999,0,0,0,0,0,0,0,0,0,0,0,0,0,0,3,2,99,1,2,2,1,3,3,1,50,99,1,1,20,1,0
36,360408,2,2,2,15,6,10,40,12,1,1,0,42,3,19,22,19022,4,2008,1G6KD57Y68U1,1,G,6,K,D,5,7,Y,6,8,U,1,0,P,CADI,TDS,4D,8,17,4009,,0,1156,,G,,0,0,000000000,00000000000,0,0,0,1,0,0,0,0,0,0,0,0,0,0,0,6,6,6,2,12,0,0,0,1,42,18411,6,1,0,0,3,0,71,999,0,0,0,0,1,2,2008,2,2008,0,0,0,0,0,3,2,99,1,2,2,1,3,3,5,53,99,1,1,21,0,0
36,360409,1,1,1,12,2,16,20,8,0,1,0,36,1,37,32,37032,4,2003,1HGCM55373A0,1,H,G,C,M,5,5,3,7,3,A,0,0,P,HOND,ULX,4D,3,17,3053,,0,1079,,G,,0,0,000000000,00000000000,0,0,0,1,0,0,0,0,0,0,0,999,0,0,0,12,12,2,1,8,0,0,0,1,36,10457,6,1,0,0,3,0,64,999,1,0,0,0,0,9,2007,9,2007,0,0,0,0,0,3,2,99,1,1,2,10,20,3,10,80,99,1,1,13,0,0
36,360410,1,1,1,24,6,23,35,35,0,1,0,36,1,12,481,12481,31,1999,1FTSF31F3XEC,1,F,T,S,F,3,1,F,3,X,E,C,0,T,FORD,F3S,PK,99,17,,2,0,1370,SRW,D,,0,0,000000000,00000000000,0,0,0,1,0,0,0,0,0,0,0,999,0,1,5,12,12,6,2,1,0,0,0,1,36,13668,6,1,0,0,3,0,68,999,4,0,0,0,3,8,2007,3,2009,1,0,0,0,0,1,2,55,2,2,2,1,0,0,14,13,99,1,4,1,1,1
36,360411,1,1,2,24,5,21,34,30,0,1,0,36,1,53,706,53706,80,2006,JS1GT76AX621,J,S,1,G,T,7,6,A,X,6,2,1,0,M,SUZI,XR1,RS,6,17,,,,,,,999,0,0,000000000,00000000000,0,0,0,1,0,0,0,0,0,0,0,999,0,0,0,12,12,6,2,30,0,0,0,1,36,11949,1,1,0,0,2,2,68,999,0,5,0,2,0,8,2009,3,2010,1,92,74,0,0,1,2,55,4,1,2,1,28,3,14,13,99,1,4,1,1,0
36,360412,1,1,2,28,6,0,53,8,0,1,0,36,1,7,43,7043,2,2001,4B3AG52H31E1,4,B,3,A,G,5,2,H,3,1,E,1,0,P,DODG,SRS,2P,1,17,3098,,0,1037,,G,,0,0,000000000,00000000000,0,0,0,1,0,0,0,0,0,0,0,999,0,0,0,12,12,6,2,8,0,0,0,1,36,11968,6,1,0,0,3,0,72,999,2,0,0,0,0,2,2010,5,2010,0,0,0,0,0,1,6,45,1,2,2,1,3,3,1,80,99,1,1,13,0,0
36,360413,1,1,2,26,6,4,13,33,0,1,0,36,2,23,421,23421,15,2001,1GKEK13TX1R1,1,G,K,E,K,1,3,T,X,1,R,1,0,T,GMC,YUK,4W,1,17,,2,0,1160,YUK,G,,0,0,000000000,00000000000,0,0,0,1,0,0,0,0,0,0,0,999,0,0,0,12,12,6,2,2,0,0,1,1,36,14606,6,1,0,0,3,3,68,999,0,2,0,0,1,7,2009,1,2010,1,8,0,0,0,4,1,30,1,1,2,1,0,0,1,13,99,1,4,1,2,1
36,360414,1,1,1,30,6,17,57,8,0,1,0,36,1,52,34,52034,4,2007,4A3AB36F07E0,4,A,3,A,B,3,6,F,0,7,E,0,0,P,MITS,GES,4D,7,17,3439,,0,1083,,G,,0,0,000000000,00000000000,0,0,0,1,0,0,0,0,0,0,0,999,0,0,0,12,12,6,2,8,0,0,0,1,36,14609,6,1,0,0,3,0,65,999,1,0,0,0,0,8,2008,8,2008,0,0,0,0,0,1,2,99,1,1,2,1,0,0,1,80,6,1,1,13,0,0
36,360415,1,2,1,16,6,11,5,12,2,1,0,36,2,20,16,20016,4,2001,1G1JC5241173,1,G,1,J,C,5,2,4,1,1,7,3,0,P,CHEV,CAC,4D,1,17,2676,,0,1041,,C,,0,0,000000000,00000000000,0,0,0,1,0,0,0,0,0,0,0,999,0,0,0,12,12,6,2,12,0,0,0,1,36,14526,6,2,0,0,3,0,67,999,0,0,0,0,0,0,0,0,0,0,28,0,0,0,1,2,45,1,1,2,2,0,0,1,10,99,1,2,50,0,0
36,360415,2,2,1,16,6,11,5,12,2,1,0,36,1,30,44,30044,4,1993,9BWGA2306PP0,9,B,W,G,A,2,3,0,6,P,P,0,0,P,VOLK,FGL,4D,93,17,2238,,0,928,,G,,0,0,000000000,00000000000,0,0,0,1,0,0,0,0,0,0,0,999,0,0,0,12,12,6,2,12,0,0,0,1,36,14609,1,1,0,0,2,3,66,999,0,1,0,0,0,3,2010,3,2010,0,0,0,0,0,1,2,45,1,1,2,2,0,0,1,62,99,1,1,51,1,0
36,360416,1,3,2,25,6,21,34,12,6,1,0,36,2,20,32,20032,4,1995,1Y1SK5262SZ0,1,Y,1,S,K,5,2,6,2,S,Z,0,0,P,GEO,GEP,4D,95,17,2348,,0,971,,G,,0,0,000000000,00000000000,0,0,0,1,0,0,0,0,0,0,0,10,0,0,0,3,3,6,2,12,0,0,0,1,36,14094,6,2,0,0,3,2,62,999,0,0,0,0,0,0,0,0,0,0,38,73,0,0,1,2,45,1,1,2,1,0,0,11,10,99,1,1,68,0,0
36,360416,2,3,1,25,6,21,34,12,6,1,0,36,2,53,706,53706,80,2007,JS1GW71A3721,J,S,1,G,W,7,1,A,3,7,2,1,0,M,SUZI,GRZ,RS,7,17,,,,,,,1299,0,0,000000000,00000000000,0,0,0,1,0,0,0,0,0,0,0,999,0,0,0,12,12,6,2,12,0,0,0,1,36,14120,1,8,0,0,2,0,71,999,0,3,1,0,1,6,2009,10,2009,0,0,0,0,0,1,2,45,1,1,2,1,0,0,1,62,99,1,1,69,1,0
36,360416,3,3,1,25,6,21,34,12,6,1,0,36,2,22,22,22022,4,2009,1G2ZG57B4941,1,G,2,Z,G,5,7,B,4,9,4,1,0,P,PONT,G/6,4D,9,17,3305,,0,1123,,G,,0,0,000000000,00000000000,0,0,0,1,0,0,0,0,0,0,0,999,0,0,0,12,12,6,2,12,0,0,0,1,36,14132,6,2,0,0,3,0,64,999,0,0,0,0,0,0,0,0,0,0,0,0,0,0,1,2,45,1,1,2,1,0,0,1,62,99,1,1,98,0,0
36,360417,1,2,1,16,4,10,28,12,2,1,0,36,1,30,40,30040,4,2002,3VWSK69M62M0,3,V,W,S,K,6,9,M,6,2,M,0,0,P,VOLK,JGS,4D,2,17,2833,,0,989,,G,,0,0,000000000,00000000000,0,0,0,1,0,0,0,0,0,0,0,999,0,0,0,12,12,6,2,12,0,0,0,1,36,12090,6,1,0,0,3,0,73,999,1,1,0,1,0,12,2007,9,2009,0,28,0,0,0,1,2,55,1,2,2,1,0,0,1,10,99,1,2,50,1,0