STATE,ST_CASE,VEH_NO,VE_FORMS,NUMOCCS,DAY,MONTH,HOUR,MINUTE,HARM_EV,MAN_COLL,UNITTYPE,HIT_RUN,REG_STAT,OWNER,MAKE,MODEL,MAK_MOD,BODY_TYP,MOD_YEAR,VIN,VIN_1,VIN_2,VIN_3,VIN_4,VIN_5,VIN_6,VIN_7,VIN_8,VIN_9,VIN_10,VIN_11,VIN_12,TOW_VEH,VINTYPE,VINMAKE,VINA_MOD,VIN_BT,VINMODYR,VIN_LNGT,VIN_WGT,WGTCD_TR,WHLBS_LG,WHLBS_SH,SER_TR,FUELCODE,MCYCL_DS,J_KNIFE,MCARR_I1,MCARR_I2,MCARR_ID,GVWR,V_CONFIG,CARGO_BT,HAZ_INV,HAZ_PLAC,HAZ_ID,HAZ_CNO,HAZ_REL,BUS_USE,SPEC_USE,EMER_USE,TRAV_SP,UNDERIDE,ROLLOVER,ROLINLOC,IMPACT1,IMPACT2,DEFORMED,TOWED,M_HARM,VEH_SC1,VEH_SC2,FIRE_EXP,DR_PRES,L_STATE,DR_ZIP,L_STATUS,L_TYPE,CDL_STAT,L_ENDORS,L_COMPL,L_RESTRI,DR_HGT,DR_WGT,PREV_ACC,PREV_SUS,PREV_DWI,PREV_SPD,PREV_OTH,FIRST_MO,FIRST_YR,LAST_MO,LAST_YR,SPEEDREL,DR_SF1,DR_SF2,DR_SF3,DR_SF4,VTRAFWAY,VNUM_LAN,VSPD_LIM,VALIGN,VPROFILE,VPAVETYP,VSURCOND,VTRAFCON,VTCONT_F,P_CRASH1,P_CRASH2,P_CRASH3,PCRASH4,PCRASH5,ACC_TYPE,DEATHS,DR_DRINK
36,360417,2,2,1,16,4,10,28,12,2,1,0,36,3,84,881,84881,62,2010,1HTMMAAL8AH1,1,H,T,M,M,A,A,L,8,A,H,1,0,T,INTL,430,CC,10,17,,6,0,0,40S,D,,0,57,0397962,570397962,2,1,1,1,0,0,0,0,0,0,0,999,0,0,0,12,12,6,2,12,0,0,0,1,36,12180,6,1,6,1,3,0,69,999,0,0,0,0,0,0,0,0,0,0,0,0,0,0,1,2,55,1,2,2,1,0,0,1,62,99,1,1,51,0,0
36,360418,1,1,1,20,6,5,19,24,0,1,0,36,2,39,36,39036,4,2005,SAJWA51A75WE,S,A,J,W,A,5,1,A,7,5,W,E,0,P,JAGU,XT3,4D,5,17,3586,,0,1067,,G,,0,0,000000000,00000000000,0,0,0,1,0,0,0,0,0,0,0,999,0,0,0,12,12,6,2,24,0,0,0,1,36,11566,6,1,0,0,3,0,68,999,2,2,0,0,0,12,2007,3,2010,0,0,0,0,0,3,4,55,1,2,1,1,0,0,1,13,99,1,4,1,1,1
36,360419,1,1,1,9,7,10,34,33,0,1,0,36,1,35,47,35047,4,2010,1N4BL2AP3AN5,1,N,4,B,L,2,A,P,3,A,N,5,0,P,NISS,ATR,4D,10,17,3240,,0,1093,,G,,0,0,000000000,00000000000,0,0,0,1,0,0,0,0,0,0,0,40,0,0,0,12,12,6,2,42,0,0,0,1,36,11385,6,1,0,0,3,3,76,999,2,1,0,0,0,7,2007,1,2008,0,0,0,0,0,1,2,30,1,1,2,1,0,0,1,12,99,1,4,6,1,0
36,360420,1,2,1,24,4,12,55,24,0,1,0,36,2,7,20,7020,4,2000,1B3ES46C0YD6,1,B,3,E,S,4,6,C,0,Y,D,6,0,P,DODG,NSE,4D,0,17,2515,,0,1050,,G,,0,0,000000000,00000000000,0,0,0,1,0,0,0,0,0,0,0,60,0,1,1,12,6,6,2,1,0,0,0,1,36,10303,0,0,0,0,0,0,71,999,0,0,0,0,0,0,0,0,0,9,0,0,0,0,3,9,50,1,1,2,1,0,0,1,11,99,2,4,2,1,1
36,360420,2,2,1,24,4,12,55,24,0,1,0,34,1,72,706,72706,80,2001,1HD1FMW131Y6,1,H,D,1,F,M,W,1,3,1,Y,6,0,M,HD,TPI,RS,1,17,,,,,,,1450,0,0,000000000,00000000000,0,0,0,1,0,0,0,0,0,0,0,999,0,0,0,12,12,6,2,12,0,0,0,1,34,7002,6,1,0,0,3,3,70,999,1,0,0,0,1,7,2007,5,2008,0,0,0,0,0,3,9,50,1,1,2,1,0,0,1,51,99,1,1,98,0,0
36,360421,1,1,1,29,6,15,2,24,0,1,0,36,1,49,40,49040,6,1996,4T1EF12K4TU1,4,T,1,E,F,1,2,K,4,T,U,1,0,P,TOYT,UCL,SW,96,17,3406,,0,1031,,G,,0,0,000000000,00000000000,0,0,0,1,0,0,0,0,0,0,0,999,0,0,0,12,12,6,2,38,0,0,0,1,36,12790,6,1,6,0,3,0,70,999,0,0,0,0,0,0,0,0,0,0,0,0,0,0,1,2,35,2,1,2,1,28,3,14,9,99,2,4,7,1,0
36,360422,1,1,2,26,6,0,33,24,0,1,0,36,2,24,5,24005,4,2001,1G8JU52F71Y5,1,G,8,J,U,5,2,F,7,1,Y,5,0,P,STRN,L20,4D,1,17,3009,,0,1065,,G,,0,0,000000000,00000000000,0,0,0,1,0,0,0,0,0,0,0,999,0,0,0,12,3,6,2,42,0,0,0,1,36,10303,6,1,0,0,3,0,60,999,0,7,0,1,2,8,2007,1,2010,0,0,0,0,0,3,3,50,4,1,2,1,0,0,14,9,99,9,4,7,1,1
36,360423,1,2,1,22,6,9,24,12,7,1,0,36,1,50,706,50706,80,2010,SMTB00TL3AJ4,S,M,T,B,0,0,T,L,3,A,J,4,0,M,TRIU,THU,RS,10,17,,,,,,,1597,0,0,000000000,00000000000,0,0,0,1,0,0,0,0,0,0,0,999,0,0,0,1,1,6,2,12,0,0,0,1,36,10924,6,1,6,0,3,0,71,999,1,1,0,0,1,11,2009,5,2010,0,8,28,0,0,3,4,65,3,1,1,1,0,0,15,11,99,1,2,46,1,0
36,360423,2,2,1,22,6,9,24,12,7,1,0,36,2,2,404,2404,14,2006,1J4GR48K06C3,1,J,4,G,R,4,8,K,0,6,C,3,0,T,JEEP,LCF,4W,6,17,,1,0,1095,GCK,G,,0,0,000000000,00000000000,0,0,0,1,0,0,0,0,0,0,0,999,0,0,0,7,7,2,1,12,0,0,0,1,36,12594,6,1,0,0,3,0,70,999,0,0,0,0,0,0,0,0,0,0,0,0,0,0,3,4,65,3,1,1,1,0,0,14,60,99,1,1,45,0,0
36,360424,1,2,1,26,6,10,59,12,6,1,0,36,1,53,705,53705,80,2003,JS1GR7HA8321,J,S,1,G,R,7,H,A,8,3,2,1,0,M,SUZI,SX7,RS,3,17,,,,,,,749,0,0,000000000,00000000000,0,0,0,1,0,0,0,0,0,0,0,999,0,0,0,3,3,6,2,12,0,0,0,1,36,12413,1,1,0,0,2,0,68,999,1,4,0,0,0,10,2008,3,2010,1,0,0,0,0,1,2,55,1,3,2,1,0,0,1,62,6,9,1,74,1,0
36,360424,2,2,1,26,6,10,59,12,6,1,0,36,1,37,31,37031,4,1994,1HGCD5620RA0,1,H,G,C,D,5,6,2,0,R,A,0,0,P,HOND,UDX,4D,94,17,2699,,0,1069,,G,,0,0,000000000,00000000000,0,0,0,1,0,0,0,0,0,0,0,999,0,0,0,3,3,2,1,12,0,0,0,1,36,11565,6,1,0,0,3,0,68,999,0,0,0,0,0,0,0,0,0,0,0,0,0,0,1,2,55,1,3,2,1,0,0,11,10,99,1,1,74,0,0
36,360425,1,2,1,18,6,15,15,12,2,1,0,12,2,24,7,24007,4,2006,1G8AL58F56Z1,1,G,8,A,L,5,8,F,5,6,Z,1,0,P,STRN,SI3,4D,6,17,2831,,0,1035,,G,,0,0,000000000,00000000000,0,0,0,1,0,0,0,0,0,0,0,999,0,0,0,12,12,6,2,12,0,0,0,1,12,32312,6,1,0,0,3,3,65,999,0,0,0,0,0,0,0,0,0,0,28,0,0,0,1,2,55,1,1,2,1,0,0,1,10,99,1,2,50,1,0
36,360425,2,2,1,18,6,15,15,12,2,1,0,36,1,38,882,38882,61,2007,JALC4B160770,J,A,L,C,4,B,1,6,0,7,7,0,0,T,ISU,NPR,TB,7,17,,4,1760,1090,NPR,D,,0,99,999999999,99999999999,2,1,1,1,0,0,0,0,0,0,0,999,0,1,1,12,12,6,2,1,0,0,0,1,36,13346,6,1,0,0,3,0,67,999,0,0,0,0,0,0,0,0,0,0,0,0,0,0,1,2,55,1,1,2,1,0,0,1,62,6,1,1,51,0,0
36,360426,1,1,1,1,7,2,30,8,0,1,0,36,2,7,481,7481,31,1993,1B7HM16Y9PS2,1,B,7,H,M,1,6,Y,9,P,S,2,0,T,DODG,W15,PK,93,17,,2,1310,1150,W15,G,,0,0,000000000,00000000000,0,0,0,1,0,0,0,0,0,0,0,999,0,0,0,12,12,6,2,8,0,0,0,1,36,13601,6,1,0,0,3,0,76,999,0,0,0,0,0,0,0,0,0,0,0,0,0,0,1,2,55,1,1,2,1,0,0,1,80,99,1,1,13,0,0
36,360427,1,2,1,6,7,20,18,12,1,1,0,36,1,72,706,72706,80,2007,1HD1CV3117K4,1,H,D,1,C,V,3,1,1,7,K,4,0,M,HD,20R,RS,7,17,,,,,,,1199,0,0,000000000,00000000000,0,0,0,1,0,0,0,0,0,0,0,999,0,0,0,12,12,6,2,12,0,0,0,1,36,14760,6,1,0,0,3,3,67,999,0,0,0,0,0,0,0,0,0,0,0,0,0,0,1,2,45,4,2,2,1,4,3,14,52,99,1,1,28,1,0
36,360427,2,2,1,6,7,20,18,12,1,1,0,14,1,82,881,82881,66,2000,1FUYSSZBXYLB,1,F,U,Y,S,S,Z,B,X,Y,L,B,1,T,FRHT,FC2,DS,0,17,,8,0,0,CON,D,,1,99,999999999,99999999999,3,6,1,1,0,0,0,0,0,0,0,999,0,0,0,6,6,2,1,12,0,0,0,1,18,46268,6,1,6,1,3,0,68,190,0,1,0,0,1,12,2007,12,2009,0,0,0,0,0,1,2,45,4,2,2,1,4,3,2,18,99,1,1,29,0,0
36,360428,1,2,1,27,6,19,42,12,6,1,0,25,1,24,1,24001,4,2002,1G8ZK52712Z2,1,G,8,Z,K,5,2,7,1,2,Z,2,0,P,STRN,SL2,4D,2,17,2431,,0,1024,,G,,0,0,000000000,00000000000,0,0,0,1,0,0,0,0,0,0,0,999,0,0,0,9,9,6,2,12,0,0,0,1,25,1118,6,1,0,0,3,0,999,999,0,0,0,0,0,0,0,0,0,0,39,38,0,0,2,4,55,1,2,2,1,20,3,1,17,99,1,1,89,1,0
36,360428,2,2,1,27,6,19,42,12,6,1,0,36,1,14,443,14443,20,2001,4M2ZV12T91DJ,4,M,2,Z,V,1,2,T,9,1,D,J,0,P,MERC,VLR,SV,1,17,4002,,0,1122,,G,,0,0,000000000,00000000000,0,0,0,1,0,0,0,0,0,0,0,999,0,0,0,12,12,6,2,12,0,0,0,1,36,12123,6,1,0,0,3,0,66,999,0,0,0,0,0,0,0,0,0,0,0,0,0,0,2,4,55,1,2,2,1,20,3,1,66,6,1,1,88,0,0
36,360429,1,1,2,27,6,6,18,34,0,1,0,36,1,49,33,49033,2,2002,JTDDY38T4200,J,T,D,D,Y,3,8,T,4,2,0,0,0,P,TOYT,GTF,2L,2,17,2500,,0,1023,,G,,0,0,000000000,00000000000,0,0,0,1,0,0,0,0,0,0,0,999,0,1,5,12,12,6,2,1,0,0,0,1,36,13815,6,1,0,0,3,0,75,999,0,0,0,0,0,0,0,0,0,0,0,0,0,0,1,2,55,1,3,2,1,28,3,1,12,99,1,4,6,1,1
36,360430,1,1,1,1,5,7,45,8,0,1,0,36,3,86,881,86881,63,1999,1M2P268C5XM0,1,M,2,P,2,6,8,C,5,X,M,0,0,T,MACK,RD6,DP,99,17,,8,0,0,600,D,,0,99,999999999,99999999999,3,2,1,1,0,0,0,0,0,0,0,999,0,0,0,12,12,9,1,8,0,0,0,1,36,11432,6,1,6,1,3,0,69,999,0,0,0,0,0,0,0,0,0,0,38,48,0,0,1,2,99,1,1,2,1,3,3,10,80,99,1,1,13,0,0
36,360431,1,2,1,16,5,22,52,33,0,1,0,36,2,53,706,53706,80,2004,JS1GT75A2421,J,S,1,G,T,7,5,A,2,4,2,1,0,M,SUZI,XR1,RS,4,17,,,,,,,988,0,0,000000000,00000000000,0,0,0,1,0,0,0,0,0,0,0,999,0,0,0,1,3,6,2,42,0,0,0,1,52,802,9,9,99,3,9,9,999,999,99,99,99,99,99,99,9999,99,9999,1,8,28,0,0,3,2,99,4,1,9,1,0,0,15,50,99,1,4,1,1,0
36,360431,2,2,1,16,5,22,52,33,0,1,0,36,1,59,31,59031,4,2000,JT8BF28G4Y50,J,T,8,B,F,2,8,G,4,Y,5,0,0,P,LEXS,ES3,4D,0,17,3373,,0,1051,,G,,0,0,000000000,00000000000,0,0,0,1,0,0,0,0,0,0,0,0,0,0,0,6,6,2,1,12,0,0,0,1,36,11212,6,1,0,0,3,0,74,999,1,0,0,0,1,9,2007,3,2009,0,0,0,0,0,3,2,99,4,1,9,1,0,0,5,53,99,1,1,98,0,0
36,360432,1,1,1,26,1,1,6,8,0,1,1,99,9,99,999,99999,99,9999,999999999999,9,9,9,9,9,9,9,9,9,9,9,9,0,U,,,,9,17,,,,,,,,0,0,000000000,00000000000,0,0,0,1,0,0,0,0,0,0,0,999,0,0,0,12,12,9,1,8,0,0,0,1,99,99999,9,9,99,9,9,9,999,999,99,99,99,99,99,99,9999,99,9999,0,0,0,0,0,3,3,99,1,1,2,2,0,0,1,80,99,1,1,13,0,0
36,360433,1,1,1,14,4,9,24,9,0,1,0,36,3,7,442,7442,20,2008,1D8HN44H98B1,1,D,8,H,N,4,4,H,9,8,B,1,0,P,DODG,CAR,SV,8,17,4321,,0,1212,,F,,0,0,000000000,00000000000,0,0,0,1,0,0,0,0,0,0,0,999,0,0,0,12,12,2,3,9,0,0,0,1,36,11234,1,1,0,0,2,0,72,999,0,3,0,1,2,3,2008,9,2009,1,39,0,0,0,1,3,30,1,1,2,1,3,3,15,83,99,1,2,13,0,0
36,360434,1,1,2,2,7,12,7,30,0,1,0,51,3,7,25,7025,5,2010,1B3CB4HA4AD5,1,B,3,C,B,4,H,A,4,A,D,5,0,P,DODG,CXT,4D,10,17,3039,,0,1037,,G,,0,0,000000000,00000000000,0,0,0,1,0,0,0,0,0,0,0,999,0,0,0,1,1,6,2,30,0,0,0,1,36,10026,6,1,0,0,3,3,73,999,0,0,0,0,0,0,0,0,0,0,0,0,0,0,1,2,55,3,1,2,1,0,0,14,13,99,1,4,1,1,0
36,360435,1,1,1,6,6,22,28,34,0,1,0,36,1,20,431,20431,16,1987,1GNEV16KXHF1,1,G,N,E,V,1,6,K,X,H,F,1,0,P,CHEV,V10,UT,87,17,4478,,0,1295,,G,,0,0,000000000,00000000000,0,0,0,1,0,0,0,0,0,0,0,999,0,0,0,12,12,6,2,42,0,0,0,1,12,34420,1,1,0,0,2,2,66,999,0,1,0,0,0,10,2007,10,2007,0,74,0,0,0,1,2,55,1,2,2,1,28,3,1,13,99,1,4,1,1,1
36,360436,1,1,1,7,7,22,39,8,0,1,0,36,1,12,442,12442,20,2001,2FMZA57481BC,2,F,M,Z,A,5,7,4,8,1,B,C,0,T,FORD,SES,ES,1,17,,1,0,1207,WIN,G,,0,0,000000000,00000000000,0,0,0,1,0,0,0,0,0,0,0,999,0,0,0,12,12,6,2,8,0,0,0,1,36,12202,6,2,0,0,3,0,63,999,0,1,0,0,0,6,2010,6,2010,0,0,0,0,0,6,1,30,1,1,2,1,0,0,1,80,6,1,1,13,0,0
36,360437,1,1,1,14,6,20,17,8,0,1,0,36,3,12,461,12461,21,2002,1FTNE24L02HB,1,F,T,N,E,2,4,L,0,2,H,B,0,T,FORD,25V,CG,2,17,,2,0,1380,VAN,G,,0,0,000000000,00000000000,0,0,0,1,0,0,0,0,0,0,0,999,0,0,0,1,1,2,1,8,0,0,0,1,36,10804,6,1,0,0,3,0,70,999,0,0,0,0,0,0,0,0,0,0,0,0,0,0,4,4,30,1,1,2,1,3,3,1,80,99,1,1,13,0,0
36,360438,1,1,4,30,5,3,27,5,0,1,0,36,2,23,431,23431,16,1999,1GKFK16R2XJ7,1,G,K,F,K,1,6,R,2,X,J,7,0,T,GMC,KSU,4W,99,17,,2,0,1315,K15,G,,0,0,000000000,00000000000,0,0,0,1,0,0,0,0,0,0,0,999,0,0,0,0,0,0,3,5,0,0,0,1,36,13778,1,1,0,0,2,0,71,999,1,1,0,0,0,10,2009,4,2010,0,92,0,0,0,1,2,55,1,2,2,1,0,0,1,98,99,1,1,0,1,1
36,360439,1,1,1,4,7,12,15,34,0,1,0,36,1,53,705,53705,80,2006,JS1GN7DA9621,J,S,1,G,N,7,D,A,9,6,2,1,0,M,SUZI,K6R,RS,6,17,,,,,,,599,0,0,000000000,00000000000,0,0,0,1,0,0,0,0,0,0,0,999,0,0,0,12,12,6,2,42,0,0,0,1,36,13421,6,1,6,0,3,0,70,999,1,0,0,0,1,7,2008,8,2008,1,0,0,0,0,1,2,55,3,3,2,1,28,3,14,13,99,1,4,1,1,0
36,360440,1,2,2,11,7,17,39,12,2,1,0,0,0,76,705,76705,80,1999,999999999999,9,9,9,9,9,9,9,9,9,9,9,9,0,U,,,,9,17,,,,,,,,0,0,000000000,00000000000,0,0,0,1,0,0,0,0,0,0,0,999,0,0,0,12,12,6,2,12,0,0,0,1,36,12117,6,1,6,0,3,3,70,999,0,0,0,0,0,0,0,0,0,0,28,0,0,0,1,2,55,2,1,1,1,28,3,14,10,99,1,2,50,2,0
36,360440,2,2,1,11,7,17,39,12,2,1,0,36,1,22,20,22020,4,2004,2G2WS5428412,2,G,2,W,S,5,4,2,8,4,1,2,0,P,PONT,GP2,4D,4,17,3484,,0,1105,,G,,0,0,000000000,00000000000,0,0,0,1,0,0,0,0,0,0,0,999,0,0,0,12,12,6,2,12,0,0,0,1,36,12093,6,1,0,0,3,0,67,999,0,0,0,0,0,0,0,0,0,0,0,0,0,0,1,2,55,2,1,1,1,28,3,14,62,99,1,1,51,0,0
36,360441,1,1,1,7,6,6,30,5,0,1,0,36,1,76,706,76706,80,2001,JYARN07E31A0,J,Y,A,R,N,0,7,E,3,1,A,0,0,M,YAMA,FZS,RS,1,17,,,,,,,998,0,0,000000000,00000000000,0,0,0,1,0,0,0,0,0,0,0,999,0,0,0,0,0,6,2,5,0,0,0,1,36,11510,6,1,0,0,3,0,74,999,0,0,0,0,0,0,0,0,0,1,0,0,0,0,1,4,30,1,1,2,1,0,0,1,98,99,1,1,0,1,0
36,360442,1,1,2,6,7,19,0,9,0,1,0,36,1,2,404,2404,14,2002,1J8GW68JX2C1,1,J,8,G,W,6,8,J,X,2,C,1,0,T,JEEP,OVR,4W,2,17,,1,0,1059,GCK,G,,0,0,000000000,00000000000,0,0,0,1,0,0,0,0,0,0,0,50,0,0,0,12,12,6,2,9,0,0,0,1,36,13630,6,1,0,0,3,0,64,999,0,0,0,0,0,0,0,0,0,0,0,0,0,0,1,2,55,1,1,2,1,28,3,1,83,99,1,1,13,0,0
36,360443,1,1,2,23,4,19,27,30,0,1,0,36,2,34,34,34034,2,2003,WBSBL93433JR,W,B,S,B,L,9,3,4,3,3,J,R,0,P,BMW,M3S,CP,3,17,3415,,0,1075,,G,,0,0,000000000,00000000000,0,0,0,1,0,0,0,0,0,0,0,999,0,0,0,12,12,6,2,30,0,0,0,1,36,10033,1,1,0,0,2,2,72,999,0,2,0,0,2,9,2009,12,2009,1,74,0,0,0,2,2,30,1,1,2,1,3,3,1,13,99,1,4,1,1,0
36,360444,1,1,1,13,6,0,8,8,0,1,0,36,1,35,47,35047,4,1998,1N4DL01D9WC1,1,N,4,D,L,0,1,D,9,W,C,1,0,P,NISS,AGS,4D,98,17,2766,,0,1031,,G,,0,0,000000000,00000000000,0,0,0,1,0,0,0,0,0,0,0,50,0,0,0,12,12,6,2,8,0,0,0,1,36,11235,6,1,0,0,3,0,73,999,0,0,0,0,0,0,0,0,0,0,0,0,0,0,3,3,55,1,1,2,1,3,3,1,80,99,1,1,13,0,0
36,360445,1,1,1,23,6,3,0,8,0,1,0,36,1,35,47,35047,4,1993,1N4BU31F8PC2,1,N,4,B,U,3,1,F,8,P,C,2,0,P,NISS,AGS,4D,93,17,2729,,0,1031,,G,,0,0,000000000,00000000000,0,0,0,1,0,0,0,0,0,0,0,999,0,0,0,12,12,2,1,8,0,0,0,1,48,77082,6,1,0,0,3,3,999,999,0,0,0,0,0,0,0,0,0,0,0,0,0,0,4,3,55,1,1,2,1,3,3,1,80,99,1,1,13,0,0
36,360446,1,1,1,2,7,1,21,42,0,1,0,36,1,49,51,49051,5,2007,JTDBT9230710,J,T,D,B,T,9,2,3,0,7,1,0,0,P,TOYT,YAR,4D,7,17,2288,,0,969,,G,,0,0,000000000,00000000000,0,0,0,1,0,0,0,0,0,0,0,999,0,0,0,12,12,6,2,42,0,0,0,1,36,11729,6,8,0,0,3,0,60,999,0,2,1,0,0,3,2010,6,2010,0,0,0,0,0,1,2,30,1,1,2,1,0,0,1,13,99,1,4,1,1,1
36,360447,1,1,2,6,6,12,41,42,0,1,0,36,1,59,32,59032,4,1998,JT8BH28F5W01,J,T,8,B,H,2,8,F,5,W,0,1,0,P,LEXS,LS4,4D,98,17,3890,,0,1122,,G,,0,0,000000000,00000000000,0,0,0,1,0,0,0,0,0,0,0,999,0,0,0,12,12,6,2,42,0,0,0,1,36,11787,6,1,0,0,3,3,63,999,0,0,0,0,0,0,0,0,0,0,0,0,0,0,3,3,55,1,2,2,1,0,0,1,13,99,1,4,1,1,0
36,360448,1,2,1,7,6,13,13,12,6,1,0,36,3,86,881,86881,66,1987,1M2N179Y9HA0,1,M,2,N,1,7,9,Y,9,H,A,0,1,T,MACK,R60,DS,87,17,,8,0,0,600,D,,1,99,999999999,99999999999,3,6,1,1,0,0,0,0,0,0,0,999,0,0,0,12,12,6,2,12,0,0,0,1,36,11949,1,1,1,2,2,2,68,999,0,10,0,0,1,10,2008,6,2010,0,74,0,0,0,3,9,99,1,1,2,1,3,3,1,66,99,1,1,69,0,0
36,360448,2,2,1,7,6,13,13,12,6,1,0,36,1,24,1,24001,4,1999,1G8ZH5283XZ3,1,G,8,Z,H,5,2,8,3,X,Z,3,0,P,STRN,SL1,4D,99,17,2355,,0,1024,,G,,0,0,000000000,00000000000,0,0,0,1,0,0,0,0,0,0,0,999,0,0,0,1,1,6,2,12,0,0,0,1,36,11715,6,1,0,0,3,3,65,999,0,0,0,0,0,0,0,0,0,0,0,0,0,0,3,9,99,1,1,2,1,3,3,11,15,99,1,1,68,1,0
36,360449,1,2,1,10,6,17,25,12,2,1,0,36,1,7,442,7442,20,2006,2D4GP44L36R6,2,D,4,G,P,4,4,L,3,6,R,6,0,P,DODG,CAR,SV,6,17,4252,,0,1193,,G,,0,0,000000000,00000000000,0,0,0,1,0,0,0,0,0,0,0,999,0,0,0,12,12,6,2,12,0,0,0,1,36,11702,6,1,0,0,3,0,68,999,0,0,0,0,0,0,0,0,0,0,0,0,0,0,1,2,99,1,1,2,1,0,0,1,62,99,1,1,51,0,0
36,360449,2,2,1,10,6,17,25,12,2,1,0,36,2,49,482,49482,31,2004,5TBBT44124S4,5,T,B,B,T,4,4,1,2,4,S,4,0,T,TOYT,TT5,4C,4,17,,2,0,1283,TUN,G,,0,0,000000000,00000000000,0,0,0,1,0,0,0,0,0,0,0,999,0,0,0,12,12,6,2,12,0,0,0,1,36,11772,6,1,0,0,3,0,77,999,0,0,0,0,0,0,0,0,0,0,0,0,0,0,1,2,99,1,1,2,1,0,0,1,10,99,1,2,50,1,0
36,360450,1,2,1,5,5,14,50,12,6,1,0,36,2,73,705,73705,80,2005,JKBZXJC165A0,J,K,B,Z,X,J,C,1,6,5,A,0,0,M,KAWK,X63,RS,5,17,,,,,,,636,0,0,000000000,00000000000,0,0,0,1,0,0,0,0,0,0,0,999,0,0,0,12,12,6,2,12,0,0,0,1,36,11717,6,1,0,0,3,3,65,999,0,5,0,0,0,8,2007,11,2009,0,0,0,0,0,1,4,45,1,1,2,1,0,0,1,62,99,1,1,69,1,0
36,360450,2,2,1,5,5,14,50,12,6,1,0,36,1,7,472,7472,30,2005,1D7HW48N55S3,1,D,7,H,W,4,8,N,5,5,S,3,0,T,DODG,DQS,CW,5,17,,2,0,1309,DAK,G,,0,0,000000000,00000000000,0,0,0,1,0,0,0,0,0,0,0,999,0,0,0,3,3,6,2,12,0,0,0,1,36,11779,6,1,6,0,3,0,72,999,0,0,0,0,0,0,0,0,0,0,38,0,0,0,1,4,45,1,1,2,1,0,0,11,15,99,1,1,68,0,0
36,360451,1,2,1,18,6,15,15,12,6,1,0,36,1,41,53,41053,5,2008,JM3ER29LX801,J,M,3,E,R,2,9,L,X,8,0,1,0,P,MAZD,MCX,UT,8,17,3710,,0,1083,,G,,0,0,000000000,00000000000,0,0,0,1,0,0,0,0,0,0,0,999,0,0,0,3,3,6,2,12,0,0,0,1,36,11763,3,1,0,0,2,2,65,999,0,0,0,0,0,0,0,0,0,0,74,0,0,0,1,2,50,1,1,2,1,3,3,1,66,99,1,1,87,0,0
36,360451,2,2,1,18,6,15,15,12,6,1,0,36,1,37,706,37706,80,2004,JH2SC57084M0,J,H,2,S,C,5,7,0,8,4,M,0,0,M,HOND,CBS,RS,4,17,,,,,,,998,0,0,000000000,00000000000,0,0,0,1,0,0,0,0,0,0,0,999,0,0,0,12,12,6,2,12,0,0,0,1,36,11749,6,1,0,0,3,0,67,999,0,4,0,1,0,6,2007,1,2009,1,39,0,0,0,1,2,50,1,1,2,1,3,3,1,17,99,1,1,86,1,0
36,360452,1,2,1,1,6,15,57,12,6,1,0,36,1,63,32,63032,4,2006,KNADE1232660,K,N,A,D,E,1,2,3,2,6,6,0,0,P,KIA,RIO,4D,6,17,2365,,0,984,,G,,0,0,000000000,00000000000,0,0,0,1,0,0,0,0,0,0,0,999,0,0,0,7,7,6,2,12,0,0,0,1,36,13219,6,1,0,0,3,3,70,999,0,0,0,0,0,0,0,0,0,0,38,0,0,0,5,2,99,1,1,2,1,0,0,11,15,99,1,1,68,0,0
36,360452,2,2,1,1,6,15,57,12,6,1,0,36,2,37,706,37706,80,2003,1HFSC46023A1,1,H,F,S,C,4,6,0,2,3,A,1,0,M,HOND,XT8,RS,3,17,,,,,,,1795,0,0,000000000,00000000000,0,0,0,1,0,0,0,0,0,0,0,999,0,0,0,12,12,6,2,12,0,0,0,1,36,13208,2,1,0,0,2,3,66,999,0,5,0,1,1,10,2008,1,2010,0,0,0,0,0,5,2,99,1,1,2,1,0,0,1,62,99,1,1,69,1,0
36,360453,1,1,1,16,7,10,14,9,0,1,0,36,1,35,39,35039,4,1999,JN1CA21D6XT2,J,N,1,C,A,2,1,D,6,X,T,2,0,P,NISS,MGS,4D,99,17,2896,,0,1063,,G,,0,0,000000000,00000000000,0,0,0,1,0,0,0,0,0,0,0,999,0,0,0,1,1,2,1,9,0,0,0,1,36,11435,6,1,0,0,3,3,67,999,0,3,0,1,1,9,2008,4,2009,0,0,0,0,0,1,9,30,1,1,2,1,0,0,1,83,99,1,1,13,0,0
36,360454,1,2,1,10,5,6,58,12,6,1,0,36,1,35,39,35039,4,2005,1N4BA41E05C8,1,N,4,B,A,4,1,E,0,5,C,8,0,P,NISS,MEL,4D,5,17,3321,,0,1112,,G,,0,0,000000000,00000000000,0,0,0,1,0,0,0,0,0,0,0,999,0,0,0,12,12,6,2,12,0,0,0,1,36,11740,6,1,0,0,3,0,64,999,1,0,0,0,0,2,2009,2,2009,0,0,0,0,0,1,2,99,1,1,2,1,20,3,1,66,99,1,1,88,0,0