STATE,ST_CASE,VEH_NO,VE_FORMS,NUMOCCS,DAY,MONTH,HOUR,MINUTE,HARM_EV,MAN_COLL,UNITTYPE,HIT_RUN,REG_STAT,OWNER,MAKE,MODEL,MAK_MOD,BODY_TYP,MOD_YEAR,VIN,VIN_1,VIN_2,VIN_3,VIN_4,VIN_5,VIN_6,VIN_7,VIN_8,VIN_9,VIN_10,VIN_11,VIN_12,TOW_VEH,VINTYPE,VINMAKE,VINA_MOD,VIN_BT,VINMODYR,VIN_LNGT,VIN_WGT,WGTCD_TR,WHLBS_LG,WHLBS_SH,SER_TR,FUELCODE,MCYCL_DS,J_KNIFE,MCARR_I1,MCARR_I2,MCARR_ID,GVWR,V_CONFIG,CARGO_BT,HAZ_INV,HAZ_PLAC,HAZ_ID,HAZ_CNO,HAZ_REL,BUS_USE,SPEC_USE,EMER_USE,TRAV_SP,UNDERIDE,ROLLOVER,ROLINLOC,IMPACT1,IMPACT2,DEFORMED,TOWED,M_HARM,VEH_SC1,VEH_SC2,FIRE_EXP,DR_PRES,L_STATE,DR_ZIP,L_STATUS,L_TYPE,CDL_STAT,L_ENDORS,L_COMPL,L_RESTRI,DR_HGT,DR_WGT,PREV_ACC,PREV_SUS,PREV_DWI,PREV_SPD,PREV_OTH,FIRST_MO,FIRST_YR,LAST_MO,LAST_YR,SPEEDREL,DR_SF1,DR_SF2,DR_SF3,DR_SF4,VTRAFWAY,VNUM_LAN,VSPD_LIM,VALIGN,VPROFILE,VPAVETYP,VSURCOND,VTRAFCON,VTCONT_F,P_CRASH1,P_CRASH2,P_CRASH3,PCRASH4,PCRASH5,ACC_TYPE,DEATHS,DR_DRINK
36,360454,2,2,1,10,5,6,58,12,6,1,0,36,2,24,1,24001,4,1999,1G8ZK5277XZ2,1,G,8,Z,K,5,2,7,7,X,Z,2,0,P,STRN,SL2,4D,99,17,2418,,0,1024,,G,,0,0,000000000,00000000000,0,0,0,1,0,0,0,0,0,0,0,999,0,0,0,9,9,6,2,12,0,0,0,1,36,11752,6,1,0,0,3,3,66,999,0,0,0,0,0,0,0,0,0,0,39,0,0,0,1,2,99,1,1,2,1,20,3,1,17,99,1,1,89,1,0
36,360455,1,1,1,2,5,15,5,42,0,1,0,36,1,72,706,72706,80,1987,1HD1ELL14HY1,1,H,D,1,E,L,L,1,4,H,Y,1,0,M,HD,FLR,RS,87,17,,,,,,,1340,0,0,000000000,00000000000,0,0,0,1,0,0,0,0,0,0,0,999,0,0,0,12,12,6,2,42,0,0,0,1,36,11356,6,1,0,0,3,0,67,999,1,0,0,0,0,4,2008,4,2008,0,0,0,0,0,3,2,30,2,1,2,1,0,0,14,9,99,7,4,2,1,1
36,360456,1,2,4,7,3,15,48,12,6,1,0,36,2,49,50,49050,3,2005,JTKDE1771500,J,T,K,D,E,1,7,7,1,5,0,0,0,P,TOYT,SXC,LB,5,17,2905,,0,1063,,G,,0,0,000000000,00000000000,0,0,0,1,0,0,0,0,0,0,0,999,0,0,0,12,12,2,1,12,0,0,0,1,36,11953,6,2,0,0,3,3,64,999,1,0,0,0,0,11,2009,11,2009,0,0,0,0,0,2,4,99,1,1,2,1,20,3,1,68,99,1,1,88,0,0
36,360456,2,2,1,7,3,15,48,12,6,1,0,36,1,37,32,37032,4,1990,1HGCB7664LA0,1,H,G,C,B,7,6,6,4,L,A,0,0,P,HOND,AER,4D,90,17,2923,,0,1071,,G,,0,0,000000000,00000000000,0,0,0,1,0,0,0,0,0,0,0,999,0,0,0,9,9,2,1,12,0,0,0,1,36,11950,6,1,0,0,3,3,68,999,0,0,0,0,0,0,0,0,0,0,0,0,0,0,2,4,99,1,1,2,1,20,3,1,17,99,1,1,89,1,0
36,360457,1,2,1,1,6,12,37,12,6,1,0,36,2,49,50,49050,3,2007,JTKDE1777701,J,T,K,D,E,1,7,7,7,7,0,1,0,P,TOYT,SXC,LB,7,17,2905,,0,1063,,G,,0,0,000000000,00000000000,0,0,0,1,0,0,0,0,0,0,0,999,0,0,0,12,12,6,2,12,0,0,0,1,36,11731,6,1,0,0,3,0,66,999,0,0,0,0,0,0,0,0,0,0,0,0,0,0,3,3,99,1,1,2,1,3,3,1,66,99,1,1,86,0,0
36,360457,2,2,1,1,6,12,37,12,6,1,0,36,2,49,403,49403,14,2004,JTEDP21A7400,J,T,E,D,P,2,1,A,7,4,0,0,0,P,TOYT,HIG,UT,4,17,3650,,0,1069,,G,,0,0,000000000,00000000000,0,0,0,1,0,0,0,0,0,0,0,999,0,1,3,3,3,6,2,1,0,0,0,1,36,11762,6,1,0,0,3,0,73,999,1,0,0,0,0,1,2008,1,2008,0,39,0,0,0,3,3,99,1,1,2,1,3,3,1,17,99,1,1,87,1,0
36,360458,1,2,1,19,6,8,56,12,6,1,0,36,1,48,401,48401,14,2002,JF1SF63562H7,J,F,1,S,F,6,3,5,6,2,H,7,0,P,SUBA,FOR,UT,2,17,3140,,0,994,,G,,0,0,000000000,00000000000,0,0,0,1,0,0,0,0,0,0,0,999,0,0,0,11,11,6,2,12,0,0,0,1,36,12182,6,1,0,0,3,3,66,999,0,0,0,0,0,0,0,0,0,0,38,0,0,0,1,2,45,3,1,2,1,20,3,11,17,99,1,1,82,1,0
36,360458,2,2,1,19,6,8,56,12,6,1,0,36,3,86,881,86881,63,1984,1M2N187YXEA0,1,M,2,N,1,8,7,Y,X,E,A,0,0,T,MACK,R60,DS,84,17,,8,2400,1510,600,D,,0,57,1385193,571385193,3,2,7,1,0,0,0,0,0,0,0,999,0,0,0,12,12,6,2,12,0,0,0,1,36,12182,6,1,6,1,3,0,67,999,2,0,0,0,0,12,2008,6,2010,0,0,0,0,0,1,2,45,3,1,2,1,20,3,14,66,8,1,1,83,0,0
36,360459,1,2,1,11,7,8,23,12,2,1,0,36,1,20,39,20039,4,2008,KL1TD56628B0,K,L,1,T,D,5,6,6,2,8,B,0,0,P,CHEV,ABS,4D,8,17,0,,0,976,,G,,0,0,000000000,00000000000,0,0,0,1,0,0,0,0,0,0,0,999,0,0,0,12,12,6,2,12,0,0,0,1,36,14120,6,1,0,0,3,0,64,999,0,0,0,0,0,0,0,0,0,0,28,0,0,0,2,2,45,4,2,2,1,0,0,14,62,99,1,1,50,1,0
36,360459,2,2,1,11,7,8,23,12,2,1,0,36,1,37,31,37031,4,2007,JHMFA362X7S0,J,H,M,F,A,3,6,2,X,7,S,0,0,P,HOND,CHY,4D,7,17,2875,,0,1063,,B,,0,0,000000000,00000000000,0,0,0,1,0,0,0,0,0,0,0,999,0,0,0,12,12,6,2,12,0,0,0,1,36,14304,6,1,0,0,3,3,68,999,0,0,0,0,0,0,0,0,0,0,0,0,0,0,2,2,45,4,2,2,1,0,0,14,10,99,1,2,51,0,0
36,360460,1,2,1,7,7,16,43,12,2,1,0,36,1,20,32,20032,4,1996,1Y1SK5265TZ0,1,Y,1,S,K,5,2,6,5,T,Z,0,0,P,GEO,GEP,4D,96,17,2359,,0,971,,G,,0,0,000000000,00000000000,0,0,0,1,0,0,0,0,0,0,0,999,0,0,0,12,12,6,2,12,0,0,0,1,36,13815,6,1,0,0,3,0,62,999,1,0,0,0,0,11,2007,11,2007,0,28,0,0,0,1,2,55,1,1,2,1,0,0,1,9,99,7,2,50,1,0
36,360460,2,2,1,7,7,16,43,12,2,1,0,36,2,49,40,49040,4,2000,JT2BG22K0Y04,J,T,2,B,G,2,2,K,0,Y,0,4,0,P,TOYT,CXL,4D,0,17,3120,,0,1051,,G,,0,0,000000000,00000000000,0,0,0,1,0,0,0,0,0,0,0,999,0,0,0,12,12,6,2,12,0,0,0,1,36,13733,6,1,0,0,3,0,63,999,0,0,0,0,0,0,0,0,0,0,0,0,0,0,1,2,55,1,1,2,1,0,0,1,62,99,1,1,51,0,0
36,360461,1,1,1,17,7,0,57,5,0,1,0,36,1,76,709,76709,80,1982,999999999999,9,9,9,9,9,9,9,9,9,9,9,9,0,U,,,,9,17,,,,,,,,0,0,000000000,00000000000,0,0,0,1,0,0,0,0,0,0,0,999,0,0,0,0,0,6,2,5,0,0,0,1,36,14804,6,1,0,0,3,0,67,999,0,0,0,0,0,0,0,0,0,1,28,0,0,0,1,2,55,3,2,2,1,28,3,14,98,99,2,4,0,1,1
36,360462,1,1,1,16,6,12,20,42,0,1,0,12,1,23,421,23421,15,2004,1GKFK16Z34J1,1,G,K,F,K,1,6,Z,3,4,J,1,0,T,GMC,KX1,4W,4,17,,2,0,1300,YUK,F,,0,0,000000000,00000000000,0,0,0,1,0,0,0,0,0,0,0,999,0,0,0,12,12,6,2,42,0,0,0,1,12,33924,6,1,0,0,3,0,75,999,0,0,0,2,0,12,2007,7,2008,0,0,0,0,0,1,2,55,1,1,2,2,28,3,1,12,1,1,4,6,1,0
36,360463,1,1,1,4,6,11,2,14,0,1,0,36,1,20,16,20016,4,2001,1G1JC5244172,1,G,1,J,C,5,2,4,4,1,7,2,0,P,CHEV,CAC,4D,1,17,2676,,0,1041,,C,,0,0,000000000,00000000000,0,0,0,1,0,0,0,0,0,0,0,999,0,0,0,12,12,6,2,8,0,0,0,1,36,11720,6,1,0,0,3,3,65,999,0,0,0,0,0,0,0,0,0,0,0,0,0,0,1,2,99,1,1,2,1,0,0,1,13,99,1,4,1,1,0
36,360464,1,1,1,18,7,1,50,19,0,1,0,36,2,53,709,53709,80,2003,999999999999,9,9,9,9,9,9,9,9,9,9,9,9,0,U,,,,9,17,,,,,,,,0,0,000000000,00000000000,0,0,0,1,0,0,0,0,0,0,0,999,0,0,0,12,12,6,2,19,0,0,0,1,36,12967,6,1,0,0,3,3,69,999,3,0,0,1,2,3,2009,5,2010,1,0,0,0,0,1,2,30,2,1,2,1,0,0,14,12,99,1,4,6,1,1
36,360465,1,1,1,11,7,1,41,42,0,1,0,36,2,37,705,37705,80,2000,JH2PC3503YM1,J,H,2,P,C,3,5,0,3,Y,M,1,0,M,HOND,CF4,RS,0,17,,,,,,,599,0,0,000000000,00000000000,0,0,0,1,0,0,0,0,0,0,0,999,0,0,0,12,12,6,2,42,0,0,0,1,36,14485,1,1,0,0,2,2,73,999,0,5,0,0,0,3,2010,6,2010,1,74,0,0,0,1,2,99,1,1,2,1,0,0,1,13,99,1,4,1,1,1
36,360466,1,1,1,1,7,8,58,42,0,1,0,36,1,54,32,54032,4,1988,JH4KA4658JC0,J,H,4,K,A,4,6,5,8,J,C,0,0,P,ACUR,LEL,4D,88,17,3073,,0,1087,,G,,0,0,000000000,00000000000,0,0,0,1,0,0,0,0,0,0,0,999,0,0,0,12,12,6,2,42,0,0,0,1,36,12028,6,1,0,0,3,3,68,999,0,0,0,0,1,9,2007,9,2007,0,0,0,0,0,1,2,45,1,2,2,1,0,0,1,12,99,1,4,6,1,0
36,360467,1,1,1,18,7,13,23,24,0,1,0,36,1,71,706,71706,80,2006,ZDM1UB5V96B0,Z,D,M,1,U,B,5,V,9,6,B,0,0,U,,,,6,17,,,,,,,,0,0,000000000,00000000000,0,0,0,1,0,0,0,0,0,0,0,999,0,0,0,12,12,6,2,24,0,0,0,1,36,11215,6,1,0,0,3,0,71,999,0,1,0,0,1,5,2009,8,2009,1,0,0,0,0,3,2,55,3,2,2,1,0,0,14,13,99,1,4,1,1,0
36,360468,1,1,2,20,7,13,50,34,0,1,0,36,2,55,401,55401,14,2001,KM8SC83D81U1,K,M,8,S,C,8,3,D,8,1,U,1,0,P,HYUN,SAN,UT,1,17,3549,,0,1031,,G,,0,0,000000000,00000000000,0,0,0,1,0,0,0,0,0,0,0,999,0,1,4,12,12,6,2,1,0,0,0,1,36,14450,6,1,0,0,3,3,72,999,1,0,0,0,0,7,2008,7,2008,1,0,0,0,0,2,2,65,1,1,2,1,0,0,1,6,99,3,4,2,1,0
36,360469,1,2,2,16,7,15,35,12,6,1,0,0,0,49,32,49032,4,1993,999999999999,9,9,9,9,9,9,9,9,9,9,9,9,0,U,,,,9,17,,,,,,,,0,0,000000000,00000000000,0,0,0,1,0,0,0,0,0,0,0,999,0,0,0,5,5,6,2,12,0,0,0,1,36,13809,2,1,0,0,2,2,69,999,0,0,0,0,0,0,0,0,0,1,74,28,0,0,1,2,55,4,2,2,1,28,3,14,6,99,4,2,64,1,1
36,360469,2,2,1,16,7,15,35,12,6,1,0,36,1,18,401,18401,14,2006,3G5DA03L36S5,3,G,5,D,A,0,3,L,3,6,S,5,0,P,BUIC,RZV,UT,6,17,4096,,0,1122,,G,,0,0,000000000,00000000000,0,0,0,1,0,0,0,0,0,0,0,999,0,0,0,12,12,6,2,12,0,0,0,1,36,13733,6,1,0,0,3,3,68,999,1,0,0,0,0,6,2009,6,2009,0,0,0,0,0,1,2,55,4,2,2,1,28,3,14,62,99,1,1,65,0,0
36,360470,1,2,1,23,7,16,38,12,2,1,0,36,2,49,403,49403,14,2008,JTEES42A7820,J,T,E,E,S,4,2,A,7,8,2,0,0,P,TOYT,HIG,UT,8,17,4321,,0,1098,,G,,0,0,000000000,00000000000,0,0,0,1,0,0,0,0,0,0,0,999,0,0,0,12,12,6,2,12,0,0,0,1,36,12508,6,1,6,0,3,3,71,999,1,0,0,0,0,6,2008,6,2008,0,28,0,0,0,1,2,50,1,1,2,1,28,3,1,10,99,1,2,50,0,0
36,360470,2,2,2,23,7,16,38,12,2,1,0,36,1,49,401,49401,14,2003,JTEBU17R1380,J,T,E,B,U,1,7,R,1,3,8,0,0,P,TOYT,RUN,UT,3,17,4290,,0,1098,,G,,0,0,000000000,00000000000,0,0,0,1,0,0,0,0,0,0,0,999,0,1,2,12,12,6,2,1,0,0,0,1,36,12601,6,1,0,0,3,0,74,999,0,0,0,0,0,0,0,0,0,0,0,0,0,0,1,2,50,1,1,2,1,28,3,1,62,99,1,1,51,1,0
36,360471,1,1,4,1,7,6,45,35,0,1,0,36,3,12,461,12461,21,2005,1FDSS34P75HB,1,F,D,S,S,3,4,P,7,5,H,B,0,T,FORD,3SD,IE,5,17,,2,0,1380,VAN,D,,0,0,000000000,00000000000,0,0,0,1,0,0,0,0,0,6,0,999,0,0,0,12,12,6,2,42,0,0,0,1,36,11368,6,1,0,0,3,0,64,999,0,0,0,0,0,0,0,0,0,0,0,0,0,0,1,2,30,2,2,2,1,0,0,14,10,99,1,4,6,1,0
36,360472,1,2,1,7,7,14,47,12,2,1,0,36,1,20,20,20020,4,1997,2G1WL52M1V91,2,G,1,W,L,5,2,M,1,V,9,1,0,P,CHEV,L/S,4D,97,17,3360,,0,1075,,G,,0,0,000000000,00000000000,0,0,0,1,0,0,0,0,0,0,0,999,0,0,0,12,12,6,2,12,0,0,0,1,36,14904,6,1,0,0,3,0,71,999,0,0,0,0,0,0,0,0,0,0,28,0,0,0,1,2,99,1,1,2,1,0,0,1,10,99,1,4,50,0,0
36,360472,2,2,15,7,7,14,47,12,2,1,0,36,3,12,461,12461,21,2005,1FDXE45S45HB,1,F,D,X,E,4,5,S,4,5,H,B,0,T,FORD,4DC,YY,5,17,,4,1760,1580,CTV,G,,0,0,000000000,00000000000,0,0,0,1,0,0,0,0,8,0,0,999,0,1,5,12,12,6,2,1,0,0,0,1,36,13021,6,1,6,0,3,0,68,999,1,0,0,0,0,6,2009,6,2009,0,0,0,0,0,1,2,99,1,1,2,1,0,0,1,62,7,1,4,51,1,0
36,360473,1,1,1,11,6,15,51,14,0,1,0,36,1,59,403,59403,14,2007,2T2HK31UX7C0,2,T,2,H,K,3,1,U,X,7,C,0,0,P,LEXS,RX5,UT,7,17,4090,,0,1069,,G,,0,0,000000000,00000000000,0,0,0,1,0,0,0,0,0,0,0,999,0,0,0,1,3,6,2,8,0,0,0,1,36,11561,6,1,0,0,3,0,64,999,1,0,0,1,0,6,2008,3,2009,0,0,0,0,0,4,1,30,1,1,1,1,0,0,1,11,99,1,1,98,0,0
36,360474,1,3,2,17,7,12,49,12,6,1,0,36,2,37,32,37032,4,2005,1HGCM66505A0,1,H,G,C,M,6,6,5,0,5,A,0,0,P,HOND,UEX,4D,5,17,3384,,0,1079,,G,,0,0,000000000,00000000000,0,0,0,1,0,0,0,0,0,0,0,999,0,0,0,7,7,2,1,12,0,0,0,1,36,11947,6,1,0,0,3,0,60,999,0,0,0,0,0,0,0,0,0,0,0,0,0,0,1,2,40,1,1,2,1,28,3,1,62,7,1,1,65,0,0
36,360474,2,3,1,17,7,12,49,12,6,1,0,36,1,55,35,55035,4,2006,KMHDN46D56U2,K,M,H,D,N,4,6,D,5,6,U,2,0,P,HYUN,GTL,4D,6,17,2784,,0,1027,,G,,0,0,000000000,00000000000,0,0,0,1,0,0,0,0,0,0,0,999,0,0,0,12,12,6,2,12,0,0,0,1,36,11933,6,1,0,0,3,0,66,999,0,0,0,0,0,0,0,0,0,0,0,0,0,0,1,2,40,1,1,2,1,28,3,1,62,99,1,1,98,0,0
36,360474,3,3,5,17,7,12,49,12,6,1,0,36,3,49,40,49040,4,2007,4T1BB46K77U0,4,T,1,B,B,4,6,K,7,7,U,0,0,P,TOYT,CHY,4D,7,17,3680,,0,1093,,B,,0,0,000000000,00000000000,0,0,0,1,0,0,0,0,0,0,0,999,0,0,0,12,12,6,2,12,0,0,0,1,36,11024,6,1,0,0,3,0,67,999,0,0,0,0,0,0,0,0,0,0,28,39,0,0,1,2,40,1,1,2,1,28,3,1,10,99,1,2,64,1,0
36,360475,1,1,2,12,7,1,34,42,0,1,0,36,1,35,47,35047,4,1997,1N4BU31D4VC2,1,N,4,B,U,3,1,D,4,V,C,2,0,P,NISS,AGS,4D,97,17,2756,,0,1031,,G,,0,0,000000000,00000000000,0,0,0,1,0,0,0,0,0,0,0,101,0,0,0,9,9,6,2,42,0,0,0,1,36,14621,0,0,0,0,0,0,68,999,2,44,0,3,1,12,2008,5,2010,1,0,0,0,0,6,1,55,2,1,2,1,0,0,14,6,99,1,4,6,1,1
36,360476,1,1,1,21,7,8,30,8,0,1,0,36,1,21,21,21021,4,2000,1G3NL52E3YC3,1,G,3,N,L,5,2,E,3,Y,C,3,0,P,OLDS,A/G,4D,0,17,3022,,0,1070,,G,,0,0,000000000,00000000000,0,0,0,1,0,0,0,0,0,0,0,22,0,0,0,12,12,6,2,8,0,0,0,1,36,14863,6,1,0,0,3,0,64,999,2,1,0,0,2,10,2008,4,2009,0,38,0,0,0,1,2,30,1,1,2,1,3,3,11,80,99,1,1,13,0,0
36,360477,1,2,1,24,7,16,31,12,6,1,0,36,1,20,471,20471,30,2000,1GCDT14WXYK1,1,G,C,D,T,1,4,W,X,Y,K,1,0,T,CHEV,S14,PK,0,17,,1,1179,1083,S,G,,0,0,000000000,00000000000,0,0,0,1,0,0,0,0,0,0,0,999,0,0,0,9,9,6,2,12,0,0,0,1,36,12302,6,1,0,0,3,0,69,999,0,0,0,0,0,0,0,0,0,0,52,0,0,0,1,2,55,1,1,2,1,28,3,1,10,99,1,2,64,1,0
36,360477,2,2,6,24,7,16,31,12,6,1,0,36,1,49,442,49442,20,2006,5TDZA23C86S4,5,T,D,Z,A,2,3,C,8,6,S,4,0,P,TOYT,SIE,SV,6,17,4120,,0,1193,,G,,0,0,000000000,00000000000,0,0,0,1,0,0,0,0,0,0,0,999,0,0,0,12,12,6,2,12,0,0,0,1,36,12302,6,1,0,0,3,0,73,999,0,0,0,0,0,0,0,0,0,0,0,0,0,0,1,2,55,1,1,2,1,28,3,1,62,99,1,1,65,0,0
36,360478,1,1,1,23,7,2,53,8,0,1,1,99,9,99,999,99999,99,9999,999999999999,9,9,9,9,9,9,9,9,9,9,9,9,0,U,,,,9,17,,,,,,,,0,0,000000000,00000000000,0,0,0,1,0,0,0,0,0,0,0,999,0,0,0,12,12,9,1,8,0,0,0,1,99,99999,9,9,99,9,9,9,999,999,99,99,99,99,99,99,9999,99,9999,0,0,0,0,0,3,3,30,1,1,2,1,3,3,1,80,99,1,1,13,0,0
36,360479,1,2,1,21,7,9,52,12,2,1,0,36,1,6,51,6051,4,2005,2C3JA53G15H1,2,C,3,J,A,5,3,G,1,5,H,1,0,P,CHRY,3TR,4D,5,17,3675,,0,1200,,G,,0,0,000000000,00000000000,0,0,0,1,0,0,0,0,0,0,0,999,0,0,0,12,12,6,2,12,0,0,0,1,36,12125,6,1,0,0,3,3,71,999,0,0,0,0,1,1,2009,1,2009,0,8,33,0,0,1,2,45,1,2,2,1,0,0,6,10,99,1,2,50,0,0
36,360479,2,2,1,21,7,9,52,12,2,1,0,36,1,20,481,20481,31,1991,2GCEK19HXM12,2,G,C,E,K,1,9,H,X,M,1,2,0,T,CHEV,GK1,PC,91,17,,2,1555,1415,GM4,G,,0,0,000000000,00000000000,0,0,0,1,0,0,0,0,0,0,0,999,0,0,0,12,12,6,2,12,0,0,0,1,36,12534,6,1,0,0,3,3,66,999,0,0,0,0,0,0,0,0,0,0,0,0,0,0,1,2,45,1,2,2,1,0,0,1,62,99,1,1,51,1,0
36,360480,1,1,1,21,7,9,15,8,0,1,0,36,3,12,461,12461,21,2002,1FDXE45F51HB,1,F,D,X,E,4,5,F,5,1,H,B,0,T,FORD,4DC,YY,1,17,,4,1760,1580,CTV,D,,0,99,999999999,99999999999,2,20,22,1,0,0,0,0,1,2,0,999,0,0,0,12,12,2,1,8,0,0,0,1,36,11427,6,1,6,0,3,0,66,999,2,0,0,0,0,7,2009,3,2010,0,38,0,0,0,1,2,30,1,1,2,1,3,3,11,80,99,1,1,13,0,0
36,360481,1,1,1,22,7,23,26,30,0,1,0,36,1,77,709,77709,80,2008,5VPXB26D6830,5,V,P,X,B,2,6,D,6,8,3,0,0,M,VCTY,VJD,RS,8,17,,,,,,,1634,0,0,000000000,00000000000,0,0,0,1,0,0,0,0,0,0,0,999,0,0,0,12,12,6,2,30,0,0,0,1,36,12528,6,1,0,0,3,0,68,999,0,0,0,1,1,6,2008,5,2009,1,0,0,0,0,1,2,30,4,1,2,1,0,0,14,13,99,1,4,1,1,1
36,360482,1,2,3,28,4,17,10,12,6,1,0,39,3,12,461,12461,21,2010,1FTNS2EWXADA,1,F,T,N,S,2,E,W,X,A,D,A,0,T,FORD,25V,EC,10,17,,2,0,1380,VAN,G,,0,0,000000000,00000000000,0,0,0,1,0,0,0,0,0,0,0,999,0,0,0,5,5,6,2,12,0,0,0,1,36,11706,6,1,6,0,3,0,999,999,1,0,0,0,0,5,2009,5,2009,0,0,0,0,0,1,2,99,1,1,2,1,20,3,1,66,99,1,1,87,2,0
36,360482,2,2,3,28,4,17,10,12,6,1,0,36,2,12,401,12401,14,1998,1FMZU35PXWZA,1,F,M,Z,U,3,5,P,X,W,Z,A,0,P,FORD,EPR,UT,98,17,4374,,0,1115,,G,,0,0,000000000,00000000000,0,0,0,1,0,0,0,0,0,0,0,999,0,0,0,12,12,6,2,12,0,0,0,1,36,11768,6,1,0,0,3,3,64,999,0,0,0,0,0,0,0,0,0,0,39,0,0,0,1,2,99,1,1,2,1,20,3,1,17,99,1,1,86,0,0
36,360483,1,1,4,20,6,6,38,42,0,1,0,36,2,54,32,54032,4,1992,JH4KA7665NC0,J,H,4,K,A,7,6,6,5,N,C,0,0,P,ACUR,LEL,4D,92,17,3170,,0,1146,,G,,0,0,000000000,00000000000,0,0,0,1,0,0,0,0,0,0,0,999,0,0,0,11,11,6,2,42,0,0,0,1,36,11550,6,1,0,0,3,0,67,999,1,0,0,0,0,12,2009,12,2009,1,0,0,0,0,3,4,55,3,1,2,1,0,0,14,13,99,1,4,1,1,1
36,360484,1,2,1,9,5,2,0,12,6,1,0,36,2,2,404,2404,14,1999,1J4FF68S9XL6,1,J,4,F,F,6,8,S,9,X,L,6,0,T,JEEP,SPC,4W,99,17,,1,0,1014,CHK,G,,0,0,000000000,00000000000,0,0,0,1,0,0,0,0,0,0,0,999,0,0,0,12,12,6,2,12,0,0,0,1,36,11203,6,1,0,0,3,0,69,999,1,0,0,0,0,10,2009,10,2009,0,0,0,0,0,5,4,99,1,1,2,1,3,3,1,66,99,1,1,45,0,0
36,360484,2,2,2,9,5,2,0,12,6,1,0,36,2,2,404,2404,14,2007,1J8GR48K37C6,1,J,8,G,R,4,8,K,3,7,C,6,0,T,JEEP,LCF,4W,7,17,,1,0,1095,GCK,G,,0,0,000000000,00000000000,0,0,0,1,0,0,0,0,0,0,0,999,0,0,0,5,5,6,2,12,0,0,0,1,36,10469,1,1,0,0,2,0,70,999,0,1,0,1,0,4,2010,4,2010,0,48,0,0,0,5,4,99,1,1,2,1,3,3,15,16,99,1,1,46,1,0
36,360485,1,1,5,15,7,8,45,42,0,1,0,36,2,37,31,37031,4,2010,2HGFA1F51AH5,2,H,G,F,A,1,F,5,1,A,H,5,0,P,HOND,UCL,4D,10,17,2754,,0,1063,,G,,0,0,000000000,00000000000,0,0,0,1,0,0,0,0,0,0,0,999,0,0,0,3,3,6,2,42,0,0,0,1,36,11001,6,1,0,0,3,0,62,999,0,0,0,0,0,0,0,0,0,0,0,0,0,0,2,6,55,1,1,2,1,0,0,17,60,7,2,4,2,3,0
36,360486,1,1,1,16,6,13,12,42,0,1,0,36,2,14,38,14038,2,2000,1ZWHT61L4Y56,1,Z,W,H,T,6,1,L,4,Y,5,6,0,P,MERC,CU6,2H,0,17,2881,,0,1064,,G,,0,0,000000000,00000000000,0,0,0,1,0,0,0,0,0,0,0,999,0,0,0,3,3,6,2,42,0,0,0,1,36,13425,6,1,0,0,3,0,72,999,0,0,0,0,0,0,0,0,0,1,0,0,0,0,1,2,55,1,3,2,1,28,3,1,6,99,4,4,7,1,0
36,360487,1,1,3,25,7,18,32,9,0,1,0,36,2,20,16,20016,2,2003,1G1JC12F2372,1,G,1,J,C,1,2,F,2,3,7,2,0,P,CHEV,CAV,CP,3,17,2617,,0,1041,,G,,0,0,000000000,00000000000,0,0,0,1,0,0,0,0,0,0,0,999,0,0,0,12,12,2,1,9,0,0,0,1,36,14111,6,2,0,0,3,0,72,999,0,0,0,0,0,0,0,0,0,0,0,0,0,0,3,2,55,4,2,1,1,21,3,16,83,99,1,1,13,0,0
36,360488,1,2,1,18,6,10,0,12,6,1,0,37,3,84,881,84881,66,2005,2HSCHAPR45C1,2,H,S,C,H,A,P,R,4,5,C,1,1,T,INTL,99I,DS,5,17,,8,0,0,990,D,,1,57,548617,57548617,3,6,1,1,0,0,0,0,0,0,0,999,0,0,0,4,4,6,2,12,0,0,0,1,37,27924,6,1,6,0,3,0,68,999,0,0,0,0,0,0,0,0,0,0,28,0,0,0,3,2,65,1,1,2,1,0,0,15,11,6,1,1,48,0,0
36,360488,2,2,4,18,6,10,0,12,6,1,0,42,1,52,35,52035,4,2001,JA3AY26C81U0,J,A,3,A,Y,2,6,C,8,1,U,0,0,P,MITS,MES,4D,1,17,2437,,0,984,,G,,0,0,000000000,00000000000,0,0,0,1,0,0,0,0,0,0,0,999,0,0,0,12,12,6,2,12,0,0,0,1,42,16127,6,1,0,0,3,0,71,999,0,0,0,1,0,5,2008,5,2008,0,0,0,0,0,3,2,65,1,1,2,1,0,0,1,60,7,4,2,48,1,0
36,360489,1,3,3,25,7,13,26,12,2,1,0,36,1,20,2,20002,4,1995,1G1BL52P0SR1,1,G,1,B,L,5,2,P,0,S,R,1,0,P,CHEV,CIS,4D,95,17,4061,,0,1159,,G,,0,0,000000000,00000000000,0,0,0,1,0,0,0,0,0,0,0,999,0,0,0,12,12,6,2,12,0,0,0,1,36,13339,6,1,0,0,3,0,68,999,1,0,0,0,0,8,2007,8,2007,0,28,0,0,0,1,2,55,1,1,2,1,0,0,1,10,99,1,2,50,0,1