STATE,ST_CASE,VEH_NO,VE_FORMS,NUMOCCS,DAY,MONTH,HOUR,MINUTE,HARM_EV,MAN_COLL,UNITTYPE,HIT_RUN,REG_STAT,OWNER,MAKE,MODEL,MAK_MOD,BODY_TYP,MOD_YEAR,VIN,VIN_1,VIN_2,VIN_3,VIN_4,VIN_5,VIN_6,VIN_7,VIN_8,VIN_9,VIN_10,VIN_11,VIN_12,TOW_VEH,VINTYPE,VINMAKE,VINA_MOD,VIN_BT,VINMODYR,VIN_LNGT,VIN_WGT,WGTCD_TR,WHLBS_LG,WHLBS_SH,SER_TR,FUELCODE,MCYCL_DS,J_KNIFE,MCARR_I1,MCARR_I2,MCARR_ID,GVWR,V_CONFIG,CARGO_BT,HAZ_INV,HAZ_PLAC,HAZ_ID,HAZ_CNO,HAZ_REL,BUS_USE,SPEC_USE,EMER_USE,TRAV_SP,UNDERIDE,ROLLOVER,ROLINLOC,IMPACT1,IMPACT2,DEFORMED,TOWED,M_HARM,VEH_SC1,VEH_SC2,FIRE_EXP,DR_PRES,L_STATE,DR_ZIP,L_STATUS,L_TYPE,CDL_STAT,L_ENDORS,L_COMPL,L_RESTRI,DR_HGT,DR_WGT,PREV_ACC,PREV_SUS,PREV_DWI,PREV_SPD,PREV_OTH,FIRST_MO,FIRST_YR,LAST_MO,LAST_YR,SPEEDREL,DR_SF1,DR_SF2,DR_SF3,DR_SF4,VTRAFWAY,VNUM_LAN,VSPD_LIM,VALIGN,VPROFILE,VPAVETYP,VSURCOND,VTRAFCON,VTCONT_F,P_CRASH1,P_CRASH2,P_CRASH3,PCRASH4,PCRASH5,ACC_TYPE,DEATHS,DR_DRINK
36,360531,1,2,1,31,7,14,0,12,2,1,0,36,2,20,881,20881,63,1997,1GBM7H1JXVJ1,1,G,B,M,7,H,1,J,X,V,J,1,0,T,CHEV,7H4,CC,97,17,,7,2590,1450,CSR,D,,0,57,1537241,571537241,3,1,4,1,0,0,0,0,0,0,0,999,0,0,0,12,12,6,2,12,0,0,0,1,36,14821,6,1,6,1,3,0,70,999,0,0,0,0,0,0,0,0,0,0,38,0,0,0,1,2,55,1,1,2,1,0,0,11,15,99,1,1,68,0,0
36,360531,2,2,3,31,7,14,0,12,2,1,0,36,2,35,47,35047,4,2000,1N4DL01D7YC1,1,N,4,D,L,0,1,D,7,Y,C,1,0,P,NISS,AGS,4D,0,17,2754,,0,1031,,G,,0,0,000000000,00000000000,0,0,0,1,0,0,0,0,0,0,0,999,0,0,0,12,12,6,2,12,0,0,0,1,36,14903,6,1,0,0,3,3,63,999,0,0,0,0,0,0,0,0,0,0,0,0,0,0,1,2,55,1,1,2,1,0,0,1,66,99,1,1,69,1,0
36,360532,1,2,1,8,5,4,5,12,6,1,0,25,3,82,883,82883,66,2007,1FUJA6CK97LY,1,F,U,J,A,6,C,K,9,7,L,Y,1,T,FRHT,COL,DS,7,17,,8,0,0,CON,D,,1,57,184737,57184737,3,6,1,1,0,0,0,0,0,0,0,999,0,0,0,9,9,2,1,12,0,0,0,1,36,11758,6,1,6,1,3,0,71,999,0,0,0,0,0,0,0,0,0,0,31,0,0,0,2,2,30,1,1,2,1,0,0,13,98,99,1,1,98,0,0
36,360532,2,2,1,8,5,4,5,12,6,1,0,36,2,2,403,2403,14,1993,1J4FY49SXPP2,1,J,4,F,Y,4,9,S,X,P,P,2,0,T,JEEP,WYS,2W,93,17,,1,0,934,W/Y,G,,0,0,000000000,00000000000,0,0,0,1,0,0,0,0,0,0,0,999,0,0,0,12,12,6,2,12,0,0,0,1,36,11746,6,1,6,0,3,0,68,999,0,2,0,0,0,5,2007,5,2007,0,0,0,0,0,2,2,30,1,1,2,1,0,0,1,56,99,1,1,98,1,1
36,360533,1,3,3,2,6,9,19,12,2,1,0,36,2,6,52,6052,6,2006,3A4FY48B76T2,3,A,4,F,Y,4,8,B,7,6,T,2,0,P,CHRY,PTC,SV,6,17,3018,,0,1030,,G,,0,0,000000000,00000000000,0,0,0,1,0,0,0,0,0,0,0,999,0,0,0,11,11,2,1,12,0,0,0,1,36,11801,6,1,0,0,3,0,65,999,0,0,0,0,0,0,0,0,0,0,0,0,0,0,1,2,99,1,1,2,1,0,0,1,62,99,1,1,98,0,0
36,360533,2,3,2,2,6,9,19,12,2,1,0,36,1,22,2,22002,4,1993,1G2HX53L5P12,1,G,2,H,X,5,3,L,5,P,1,2,0,P,PONT,BVS,4D,93,17,0,,0,1108,,G,,0,0,000000000,00000000000,0,0,0,1,0,0,0,0,0,0,0,999,0,0,0,12,11,6,2,12,0,0,0,1,36,11746,6,1,0,0,3,0,67,999,0,0,0,0,0,0,0,0,0,0,0,0,0,0,1,2,99,1,1,2,1,0,0,1,62,99,1,1,69,1,0
36,360533,3,3,1,2,6,9,19,12,2,1,0,36,2,41,45,41045,1,2007,JM1NC26F3701,J,M,1,N,C,2,6,F,3,7,0,1,0,P,MAZD,MIA,CV,7,17,2498,,0,917,,G,,0,0,000000000,00000000000,0,0,0,1,0,0,0,0,0,0,0,999,0,0,0,12,12,6,2,12,0,0,0,1,36,11747,6,1,0,0,3,0,69,999,0,0,0,2,0,11,2008,8,2009,0,38,0,0,0,1,2,99,1,1,2,1,0,0,11,15,99,1,2,68,0,0
36,360534,1,1,1,2,8,19,31,24,0,1,0,36,1,53,706,53706,80,1981,JS1GU71A6B21,J,S,1,G,U,7,1,A,6,B,2,1,0,M,SUZI,S1E,RS,81,17,,,,,,,1074,0,0,000000000,00000000000,0,0,0,1,0,0,0,0,0,0,0,999,0,0,0,12,12,6,2,24,0,0,0,1,36,14066,6,1,0,0,3,0,67,999,0,2,0,0,0,6,2009,6,2009,0,0,0,0,0,1,2,55,2,1,2,1,28,3,6,13,99,1,4,1,1,1
36,360535,1,1,1,9,8,16,31,38,0,1,0,36,2,76,705,76705,80,2007,JYARJ06E17A0,J,Y,A,R,J,0,6,E,1,7,A,0,0,M,YAMA,F6S,RS,7,17,,,,,,,600,0,0,000000000,00000000000,0,0,0,1,0,0,0,0,0,0,0,100,0,0,0,12,12,6,2,42,0,0,0,1,36,12020,2,1,0,0,2,2,71,999,0,13,0,2,0,9,2007,5,2009,1,52,74,0,0,1,2,40,3,2,2,1,0,0,14,6,99,2,4,2,1,1
36,360536,1,1,2,10,8,1,18,59,0,1,0,36,1,49,402,49402,14,2006,JTMBD33V1650,J,T,M,B,D,3,3,V,1,6,5,0,0,P,TOYT,RG4,UT,6,17,3444,,0,1050,,G,,0,0,000000000,00000000000,0,0,0,1,0,0,0,0,0,0,0,999,0,1,5,12,12,6,2,1,0,0,0,1,36,13753,6,1,0,0,3,3,71,999,0,0,0,0,0,0,0,0,0,0,0,0,0,0,1,2,30,2,2,4,2,28,3,14,12,99,1,4,6,1,0
36,360537,1,1,5,10,8,12,7,24,0,1,0,36,1,12,401,12401,14,1994,1FMDU34X9RUB,1,F,M,D,U,3,4,X,9,R,U,B,0,P,FORD,EPR,UT,94,17,4053,,0,1120,,G,,0,0,000000000,00000000000,0,0,0,1,0,0,0,0,0,0,0,999,0,1,5,5,13,6,2,1,0,0,0,1,36,12406,6,1,0,0,3,0,62,999,0,1,0,0,0,2,2008,2,2008,1,24,0,0,0,1,2,55,1,2,2,1,0,0,1,12,4,3,4,7,1,1
36,360538,1,2,1,19,3,15,30,8,0,1,1,9,9,20,443,20443,20,2001,1GNDX13E01D1,1,G,N,D,X,1,3,E,0,1,D,1,0,T,CHEV,LUX,ES,1,17,,1,0,1200,VTR,G,,0,0,000000000,00000000000,0,0,0,1,0,0,0,0,0,0,0,999,0,0,0,12,12,6,2,8,0,0,0,1,36,11204,0,0,0,0,0,0,999,999,0,0,0,0,0,0,0,0,0,0,92,0,0,0,1,9,99,1,1,2,1,20,3,1,80,99,1,1,13,0,1
36,360538,2,2,2,19,3,15,30,8,0,1,0,34,2,20,2,20002,4,2003,2G1WH52K4393,2,G,1,W,H,5,2,K,4,3,9,3,0,P,CHEV,IPL,4D,3,17,3466,,0,1105,,G,,0,0,000000000,00000000000,0,0,0,1,0,0,0,0,0,0,0,999,0,0,0,5,5,2,1,12,0,0,0,1,34,7055,6,1,0,0,3,0,74,999,0,0,0,0,5,4,2007,10,2009,0,0,0,0,0,1,9,99,1,1,2,1,20,3,1,53,99,1,1,98,0,0
36,360539,1,1,2,12,3,21,27,8,0,1,0,36,3,98,907,98907,52,2009,1VHHH3P24967,1,V,H,H,H,3,P,2,4,9,6,7,0,U,,,,9,17,,,,,,,,0,88,888888888,88888888888,9,21,22,1,0,0,0,0,6,0,0,999,0,0,0,7,7,0,1,8,0,0,0,1,36,11234,6,1,6,0,3,3,69,999,1,0,0,0,0,12,2009,12,2009,0,0,0,0,0,1,2,99,1,1,2,2,3,3,11,80,99,1,1,13,0,0
36,360540,1,1,1,12,3,9,0,8,0,1,0,36,3,12,16,12016,4,2009,2FAHP70V49X1,2,F,A,H,P,7,0,V,4,9,X,1,0,P,FORD,CVS,4D,9,17,0,,0,1207,,F,,0,0,000000000,00000000000,0,0,0,1,0,0,0,0,0,0,0,999,0,0,0,3,3,2,1,8,0,0,0,1,34,7306,6,1,0,0,3,3,77,999,0,0,0,0,2,7,2008,10,2008,0,0,0,0,0,1,9,99,1,1,2,2,3,3,1,80,99,1,1,13,0,0
36,360541,1,1,1,26,4,20,48,8,0,1,0,36,2,53,405,53405,14,2003,JS3TX92V6341,J,S,3,T,X,9,2,V,6,3,4,1,0,P,SUZI,XL7,UT,3,17,3533,,0,1102,,G,,0,0,000000000,00000000000,0,0,0,1,0,0,0,0,0,0,0,999,0,0,0,12,12,2,3,8,0,0,0,1,36,11710,6,1,0,0,3,3,70,999,0,0,0,0,0,0,0,0,0,0,0,0,0,0,3,3,99,1,1,2,2,0,0,1,80,99,1,1,13,0,0
36,360542,1,2,2,25,1,5,50,12,1,1,0,36,1,58,37,58037,4,2004,JNKCV51F04M7,J,N,K,C,V,5,1,F,0,4,M,7,0,P,INFI,AWD,4D,4,17,3677,,0,1122,,G,,0,0,000000000,00000000000,0,0,0,1,0,0,0,0,0,0,0,999,0,0,0,6,12,2,1,8,0,0,0,1,36,11208,6,1,0,0,3,0,70,999,0,0,0,0,0,0,0,0,0,0,27,92,0,0,3,3,99,1,2,2,2,0,0,15,53,99,1,1,27,0,0
36,360542,2,2,1,25,1,5,50,12,1,1,0,36,3,12,461,12461,21,2005,1FBSS31L45HA,1,F,B,S,S,3,1,L,4,5,H,A,0,T,FORD,WSD,BU,5,17,,2,0,1380,ECO,G,,0,0,000000000,00000000000,0,0,0,1,0,0,0,0,0,0,0,999,0,0,0,12,12,2,1,12,0,0,0,1,36,11206,6,1,0,0,3,3,68,999,0,0,0,0,0,0,0,0,0,0,0,0,0,0,3,3,99,1,2,2,2,0,0,1,51,99,1,1,24,0,0
36,360543,1,1,4,11,4,4,50,8,0,1,0,36,2,7,21,7021,6,2006,2D4FV47T56H1,2,D,4,F,V,4,7,T,5,6,H,1,0,P,DODG,MGN,UT,6,17,3751,,0,1200,,G,,0,0,000000000,00000000000,0,0,0,1,0,0,0,0,0,0,0,999,0,0,0,12,12,6,2,8,0,0,0,1,36,10455,6,1,0,0,3,0,69,999,0,2,0,0,1,2,2009,3,2010,1,28,0,0,0,3,9,99,1,2,2,1,0,0,1,13,99,1,4,13,0,1
36,360544,1,3,5,6,6,23,35,12,1,1,0,42,1,62,401,62401,14,1999,SALTY1247XA2,S,A,L,T,Y,1,2,4,7,X,A,2,0,T,LNDR,DII,4W,99,17,,2,0,1000,DIS,G,,0,0,000000000,00000000000,0,0,0,1,0,0,0,0,0,0,0,999,0,0,0,12,12,6,2,12,0,0,0,1,42,18103,6,1,0,0,3,0,68,999,0,0,0,0,0,0,0,0,0,1,91,0,0,0,6,1,50,1,1,2,1,0,0,15,51,99,1,1,24,2,0
36,360544,2,3,1,6,6,23,35,12,1,1,0,36,2,49,32,49032,4,2004,2T1BR32E34C2,2,T,1,B,R,3,2,E,3,4,C,2,0,P,TOYT,UCS,4D,4,17,2502,,0,1024,,G,,0,0,000000000,00000000000,0,0,0,1,0,0,0,0,0,0,0,999,0,0,0,6,12,6,2,12,0,0,0,1,36,10473,6,1,0,0,3,3,63,999,0,0,0,0,0,0,0,0,0,0,0,0,0,0,6,1,50,1,1,2,1,0,0,1,53,99,1,1,25,0,0
36,360544,3,3,1,6,6,23,35,12,1,1,0,36,1,49,472,49472,30,2008,5TELU42N98Z5,5,T,E,L,U,4,2,N,9,8,Z,5,0,T,TOYT,DCL,CW,8,17,,1,0,1278,TAC,G,,0,0,000000000,00000000000,0,0,0,1,0,0,0,0,0,0,0,999,0,0,0,6,6,2,1,12,0,0,0,1,36,10469,6,1,0,0,3,0,69,999,0,0,0,0,1,9,2009,9,2009,0,0,0,0,0,6,1,50,1,1,2,1,0,0,1,53,99,1,1,98,0,0
36,360545,1,1,1,3,7,13,31,17,0,1,0,36,1,53,705,53705,80,2002,JS1GN7BA1221,J,S,1,G,N,7,B,A,1,2,2,1,0,M,SUZI,G60,RS,2,17,,,,,,,599,0,0,000000000,00000000000,0,0,0,1,0,0,0,0,0,0,0,999,0,0,0,12,12,6,2,17,0,0,0,1,36,12508,6,1,6,0,3,3,69,999,1,0,0,0,0,5,2009,5,2009,1,0,0,0,0,2,2,55,3,2,2,1,0,0,14,13,99,1,4,1,1,0
36,360546,1,1,1,14,7,6,8,42,0,1,0,36,1,23,471,23471,30,1998,1GTCS1444WK5,1,G,T,C,S,1,4,4,4,W,K,5,0,T,GMC,SON,PK,98,17,,1,1179,1083,SON,G,,0,0,000000000,00000000000,0,0,0,1,0,0,0,0,0,0,0,999,0,0,0,12,12,6,2,42,0,0,0,1,36,12463,6,1,0,0,3,0,68,999,0,0,0,0,0,0,0,0,0,0,0,0,0,0,1,2,45,1,1,2,2,0,0,1,13,99,1,4,1,1,0
36,360547,1,2,1,13,8,15,43,12,6,1,0,36,1,20,22,20022,4,2006,1G1AK55F8678,1,G,1,A,K,5,5,F,8,6,7,8,0,P,CHEV,BLS,4D,6,17,3216,,0,1033,,G,,0,0,000000000,00000000000,0,0,0,1,0,0,0,0,0,0,0,999,0,0,0,11,11,6,2,12,0,0,0,1,36,12068,6,1,6,0,3,0,72,999,0,0,0,0,0,0,0,0,0,0,39,0,0,0,1,2,55,1,1,2,1,20,3,11,15,99,1,1,82,0,0
36,360547,2,2,1,13,8,15,43,12,6,1,0,36,1,72,706,72706,80,2001,1HD1BTY161Y0,1,H,D,1,B,T,Y,1,6,1,Y,0,0,M,HD,XTB,RS,1,17,,,,,,,1450,0,0,000000000,00000000000,0,0,0,1,0,0,0,0,0,0,0,999,0,0,0,12,12,6,2,12,0,0,0,1,36,12078,6,1,6,0,3,3,69,999,0,0,0,0,0,0,0,0,0,0,0,0,0,0,1,2,55,1,1,2,1,20,3,15,66,99,1,1,83,1,0
36,360548,1,1,1,11,7,17,58,8,0,1,1,99,9,99,999,99999,99,9999,999999999999,9,9,9,9,9,9,9,9,9,9,9,9,0,U,,,,9,17,,,,,,,,0,0,000000000,00000000000,0,0,0,1,0,0,0,0,0,0,0,999,0,0,0,12,12,9,1,8,0,0,0,1,99,99999,9,9,99,9,9,9,999,999,99,99,99,99,99,99,9999,99,9999,0,0,0,0,0,1,2,99,1,1,2,1,0,0,1,80,99,1,1,13,0,0
36,360549,1,2,2,2,6,11,40,12,6,1,0,36,2,6,41,6041,4,1994,2C3EL56T9RH3,2,C,3,E,L,5,6,T,9,R,H,3,0,P,CHRY,CND,4D,94,17,3289,,0,1130,,G,,0,0,000000000,00000000000,0,0,0,1,0,0,0,0,0,0,0,999,0,0,0,3,3,6,2,12,0,0,0,1,36,11554,6,1,0,0,3,0,66,999,0,0,0,0,0,0,0,0,0,0,38,0,0,0,1,4,99,1,1,2,1,3,3,11,15,99,1,1,68,1,0
36,360549,2,2,1,2,6,11,40,12,6,1,0,36,1,35,47,35047,4,2006,1N4AL11D76N4,1,N,4,A,L,1,1,D,7,6,N,4,0,P,NISS,ASL,4D,6,17,2915,,0,1102,,G,,0,0,000000000,00000000000,0,0,0,1,0,0,0,0,0,0,0,999,0,0,0,12,12,2,1,12,0,0,0,1,36,11705,6,1,0,0,3,0,65,999,0,0,0,0,0,0,0,0,0,0,0,0,0,0,1,4,99,1,1,2,1,3,3,1,66,99,1,1,69,0,0
36,360550,1,1,1,25,7,19,7,9,0,1,0,36,1,12,3,12003,2,2004,1FAFP40664F1,1,F,A,F,P,4,0,6,6,4,F,1,0,P,FORD,MUS,CP,4,17,3114,,0,1013,,G,,0,0,000000000,00000000000,0,0,0,1,0,0,0,0,0,0,0,999,0,0,0,12,12,6,2,9,0,0,0,1,36,14502,6,1,0,0,3,0,70,999,0,0,0,0,1,11,2007,11,2007,0,0,0,0,0,1,2,55,1,2,2,1,0,0,1,83,99,1,1,13,0,0
36,360551,1,2,1,12,8,6,11,12,6,1,0,92,0,99,739,99739,90,2004,999999999999,9,9,9,9,9,9,9,9,9,9,9,9,0,U,,,,9,17,,,,,,,,0,0,000000000,00000000000,0,0,0,1,0,0,0,0,0,0,0,999,0,1,1,83,83,6,2,12,0,0,0,1,36,13037,0,0,0,0,0,0,999,999,0,0,0,0,0,0,0,0,0,0,39,52,0,0,1,2,55,1,1,2,1,20,3,1,17,99,1,1,87,1,0
36,360551,2,2,1,12,8,6,11,12,6,1,0,36,1,12,402,12402,14,2003,1FMYU93173KA,1,F,M,Y,U,9,3,1,7,3,K,A,0,P,FORD,SPE,UT,3,17,3458,,0,1031,,G,,0,0,000000000,00000000000,0,0,0,1,0,0,0,0,0,0,0,999,0,0,0,12,12,6,2,12,0,0,0,1,36,13032,6,1,6,0,3,3,68,999,0,0,0,0,0,0,0,0,0,0,0,0,0,0,1,2,55,1,1,2,1,20,3,1,66,99,1,1,86,0,0
36,360552,1,2,1,12,8,11,57,12,6,1,0,36,1,53,705,53705,80,2004,JS1VP53A8421,J,S,1,V,P,5,3,A,8,4,2,1,0,M,SUZI,SV6,RS,4,17,,,,,,,645,0,0,000000000,00000000000,0,0,0,1,0,0,0,0,0,0,0,999,0,0,0,12,12,6,2,12,0,0,0,1,36,14125,6,1,0,0,3,3,71,999,0,0,0,0,0,0,0,0,0,1,27,0,0,0,1,2,55,1,1,2,1,0,0,6,52,99,1,2,73,1,0
36,360552,2,2,1,12,8,11,57,12,6,1,0,36,3,23,461,23461,21,2006,1GTGG25V4611,1,G,T,G,G,2,5,V,4,6,1,1,0,T,GMC,SA2,CG,6,17,,2,0,1350,SAV,G,,0,0,000000000,00000000000,0,0,0,1,0,0,0,0,0,0,0,999,0,0,0,7,7,2,1,12,0,0,0,1,36,14058,6,1,0,0,3,0,73,999,0,0,0,0,0,0,0,0,0,0,0,0,0,0,1,2,55,1,1,2,1,0,0,11,15,99,1,1,72,0,0
36,360553,1,2,1,3,8,15,24,12,2,1,0,36,1,20,481,20481,31,2007,2GCEK19J4716,2,G,C,E,K,1,9,J,4,7,1,6,0,T,CHEV,SK1,4C,7,17,,2,1575,1339,SIL,G,,0,0,000000000,00000000000,0,0,0,1,0,0,0,0,0,0,0,3,0,0,0,12,12,6,2,12,0,0,0,1,36,13790,6,1,0,0,3,0,66,999,0,0,0,0,0,0,0,0,0,0,0,0,0,0,1,2,30,1,1,2,1,3,3,11,15,99,1,1,68,0,0
36,360553,2,2,1,3,8,15,24,12,2,1,0,36,1,49,40,49040,4,1999,4T1BG22KXXU5,4,T,1,B,G,2,2,K,X,X,U,5,0,P,TOYT,UEX,4D,99,17,2998,,0,1051,,G,,0,0,000000000,00000000000,0,0,0,1,0,0,0,0,0,0,0,999,0,0,0,12,12,6,2,12,0,0,0,1,36,13901,6,1,0,0,3,3,65,999,0,0,0,0,0,0,0,0,0,0,0,0,0,0,1,2,30,1,1,2,1,3,3,1,62,99,1,1,69,1,0
36,360554,1,2,1,4,7,23,30,12,6,1,0,36,3,12,401,12401,14,2007,1FMEU73887UB,1,F,M,E,U,7,3,8,8,7,U,B,0,P,FORD,EPR,UT,7,17,4706,,0,1137,,G,,0,0,000000000,00000000000,0,0,0,1,0,0,0,0,0,6,1,999,0,0,0,12,12,6,2,12,0,0,0,1,36,11706,6,1,0,0,3,3,68,999,1,0,0,0,0,9,2008,9,2008,0,0,0,0,0,1,2,99,1,1,2,1,0,0,1,17,99,1,1,73,0,0
36,360554,2,2,4,4,7,23,30,12,6,1,0,36,1,24,2,24002,2,1993,1G8ZH1571PZ1,1,G,8,Z,H,1,5,7,1,P,Z,1,0,P,STRN,SC2,CP,93,17,0,,0,992,,G,,0,0,000000000,00000000000,0,0,0,1,0,0,0,0,0,0,0,999,0,0,0,63,63,6,2,12,0,0,0,1,36,11717,6,1,0,0,3,0,68,999,0,0,0,0,0,0,0,0,0,0,38,0,0,0,1,2,99,1,1,2,1,0,0,11,15,99,1,1,72,1,0
36,360555,1,2,1,7,8,17,53,12,2,1,0,9,1,49,40,49040,4,1993,JT2SK12EXP01,J,T,2,S,K,1,2,E,X,P,0,1,0,P,TOYT,CLE,4D,93,17,3053,,0,1031,,G,,0,0,000000000,00000000000,0,0,0,1,0,0,0,0,0,0,0,999,0,0,0,12,12,6,2,12,0,0,0,1,9,6066,6,1,0,0,3,0,71,999,98,0,0,0,0,0,0,0,0,0,28,0,0,0,1,2,40,2,1,2,1,0,0,14,10,99,1,2,50,1,1
36,360555,2,2,1,7,8,17,53,12,2,1,0,36,2,49,472,49472,30,2004,5TEWM72N34Z3,5,T,E,W,M,7,2,N,3,4,Z,3,0,T,TOYT,XTR,PC,4,17,,1,0,1219,TAC,G,,0,0,000000000,00000000000,0,0,0,1,0,0,0,0,0,0,0,999,0,0,0,12,12,6,2,12,0,0,0,1,36,14817,6,1,0,0,3,3,62,999,0,0,0,0,0,0,0,0,0,0,0,0,0,0,1,2,40,3,1,2,1,0,0,14,62,99,1,1,51,0,0
36,360556,1,2,1,8,7,11,54,12,7,1,0,36,1,7,41,7041,4,1997,2B3HD46F1VH6,2,B,3,H,D,4,6,F,1,V,H,6,0,P,DODG,INT,4D,97,17,3319,,0,1130,,G,,0,0,000000000,00000000000,0,0,0,1,0,0,0,0,0,0,0,999,0,0,0,11,12,6,2,12,0,0,0,1,36,14871,6,1,0,0,3,3,69,999,0,0,0,0,0,0,0,0,0,0,28,0,0,0,1,2,35,1,1,2,1,3,3,1,10,99,1,2,45,1,0
36,360556,2,2,1,8,7,11,54,12,7,1,0,36,1,12,401,12401,14,2004,1FMZU72K24UB,1,F,M,Z,U,7,2,K,2,4,U,B,0,P,FORD,EPR,UT,4,17,4469,,0,1137,,F,,0,0,000000000,00000000000,0,0,0,1,0,0,0,0,0,0,0,0,0,0,0,5,5,2,1,12,0,0,0,1,36,14904,6,1,0,0,3,0,66,999,0,0,0,1,0,2,2009,2,2009,0,0,0,0,0,1,2,35,1,1,2,1,3,3,5,60,99,1,1,44,0,0
36,360557,1,2,1,7,8,0,10,12,1,1,0,36,2,34,398,34398,2,2010,WBAWC7C53AE2,W,B,A,W,C,7,C,5,3,A,E,2,0,P,BMW,35X,CP,10,17,3770,,0,1087,,G,,0,0,000000000,00000000000,0,0,0,1,0,0,0,0,0,0,0,999,0,0,0,12,12,6,2,12,0,0,0,1,36,11753,6,1,0,0,3,0,68,999,0,0,0,0,1,9,2007,9,2007,0,0,0,0,0,4,2,40,1,1,1,1,0,0,1,51,99,1,1,24,0,0
36,360557,2,2,2,7,8,0,10,12,1,1,0,36,2,72,706,72706,80,2009,1HD1BW5169Y0,1,H,D,1,B,W,5,1,6,9,Y,0,0,M,HD,STC,RS,9,17,,,,,,,1584,0,0,000000000,00000000000,0,0,0,1,0,0,0,0,0,0,0,999,0,0,0,6,6,6,2,12,0,0,0,1,36,11967,6,1,0,0,3,0,73,999,0,0,0,0,0,0,0,0,0,0,0,0,0,0,4,2,40,1,1,1,1,0,0,1,53,99,1,1,25,1,0
36,360558,1,1,1,15,8,0,3,35,0,1,0,36,1,72,706,72706,80,2008,1HD1GP4478K3,1,H,D,1,G,P,4,4,7,8,K,3,0,M,HD,FWA,RS,8,17,,,,,,,1584,0,0,000000000,00000000000,0,0,0,1,0,0,0,0,0,0,0,999,0,0,0,12,12,6,2,42,0,0,0,1,36,13787,6,1,0,0,3,3,72,999,2,0,0,1,1,6,2008,6,2010,0,0,0,0,0,1,2,55,1,1,2,1,28,3,1,13,99,1,4,1,1,0
36,360559,1,2,1,29,7,5,10,12,2,1,0,36,2,49,32,49032,4,1999,2T1BR18E9XC2,2,T,1,B,R,1,8,E,9,X,C,2,0,P,TOYT,UVL,4D,99,17,2414,,0,970,,G,,0,0,000000000,00000000000,0,0,0,1,0,0,0,0,0,0,0,999,0,0,0,12,12,6,2,12,0,0,0,1,36,12209,6,1,0,0,3,0,69,999,0,0,0,0,0,0,0,0,0,0,51,0,0,0,3,2,55,1,1,2,1,0,0,1,98,99,1,1,52,1,0
36,360559,2,2,1,29,7,5,10,12,2,1,0,40,3,84,881,84881,66,2007,1HSHXAHR67J4,1,H,S,H,X,A,H,R,6,7,J,4,1,T,INTL,860,DS,7,17,,8,0,0,80S,D,,1,57,80806,5780806,3,6,1,1,0,0,0,0,0,0,0,999,0,0,0,12,12,6,2,2,0,0,1,1,36,12206,6,1,6,1,3,0,69,999,0,0,0,0,0,0,0,0,0,0,0,0,0,0,3,2,55,1,1,2,1,0,0,1,98,99,1,1,52,0,0
36,360560,1,1,1,28,7,7,35,33,0,1,0,36,2,18,2,18002,4,1997,1G4HP52K1VH5,1,G,4,H,P,5,2,K,1,V,H,5,0,P,BUIC,LCF,4D,97,17,3446,,0,1108,,G,,0,0,000000000,00000000000,0,0,0,1,0,0,0,0,0,0,0,70,0,0,0,12,12,6,2,8,0,0,0,1,36,14414,6,1,0,0,3,0,71,999,0,1,0,0,0,5,2008,5,2008,1,0,0,0,0,1,2,99,1,1,2,1,0,0,1,13,99,1,4,1,0,0
36,360561,1,1,1,14,8,11,30,24,0,1,0,36,2,37,706,37706,80,2010,JH2SC6154AK0,J,H,2,S,C,6,1,5,4,A,K,0,0,M,HOND,13X,RS,10,17,,,,,,,1312,0,0,000000000,00000000000,0,0,0,1,0,0,0,0,0,0,0,999,0,0,0,11,3,6,2,24,0,0,0,1,36,10940,6,1,6,0,3,0,69,999,0,0,0,0,0,0,0,0,0,0,0,0,0,0,1,2,55,2,2,2,1,28,3,14,12,99,1,4,6,1,1
36,360562,1,1,1,14,8,18,51,30,0,1,0,36,1,72,706,72706,80,1994,1HD1BML19RY0,1,H,D,1,B,M,L,1,9,R,Y,0,0,M,HD,FLF,RS,94,17,,,,,,,1340,0,0,000000000,00000000000,0,0,0,1,0,0,0,0,0,0,0,999,0,0,0,12,12,6,2,30,0,0,0,1,36,12095,6,1,0,0,3,0,69,999,0,1,0,0,0,12,2007,12,2007,1,0,0,0,0,1,2,40,3,1,2,1,28,3,14,13,99,1,4,1,1,1
36,360563,1,2,1,15,8,14,27,12,2,1,0,36,1,72,706,72706,80,1999,1HD1DDV11XY6,1,H,D,1,D,D,V,1,1,X,Y,6,0,M,HD,FHT,RS,99,17,,,,,,,1450,0,0,000000000,00000000000,0,0,0,1,0,0,0,0,0,0,0,999,0,0,0,12,12,6,2,12,0,0,0,1,36,12144,6,1,0,0,3,3,72,999,1,0,0,0,0,7,2009,7,2009,0,28,0,0,0,1,2,55,3,2,2,1,28,3,14,10,99,1,2,50,1,0