STATE,ST_CASE,VEH_NO,VE_FORMS,NUMOCCS,DAY,MONTH,HOUR,MINUTE,HARM_EV,MAN_COLL,UNITTYPE,HIT_RUN,REG_STAT,OWNER,MAKE,MODEL,MAK_MOD,BODY_TYP,MOD_YEAR,VIN,VIN_1,VIN_2,VIN_3,VIN_4,VIN_5,VIN_6,VIN_7,VIN_8,VIN_9,VIN_10,VIN_11,VIN_12,TOW_VEH,VINTYPE,VINMAKE,VINA_MOD,VIN_BT,VINMODYR,VIN_LNGT,VIN_WGT,WGTCD_TR,WHLBS_LG,WHLBS_SH,SER_TR,FUELCODE,MCYCL_DS,J_KNIFE,MCARR_I1,MCARR_I2,MCARR_ID,GVWR,V_CONFIG,CARGO_BT,HAZ_INV,HAZ_PLAC,HAZ_ID,HAZ_CNO,HAZ_REL,BUS_USE,SPEC_USE,EMER_USE,TRAV_SP,UNDERIDE,ROLLOVER,ROLINLOC,IMPACT1,IMPACT2,DEFORMED,TOWED,M_HARM,VEH_SC1,VEH_SC2,FIRE_EXP,DR_PRES,L_STATE,DR_ZIP,L_STATUS,L_TYPE,CDL_STAT,L_ENDORS,L_COMPL,L_RESTRI,DR_HGT,DR_WGT,PREV_ACC,PREV_SUS,PREV_DWI,PREV_SPD,PREV_OTH,FIRST_MO,FIRST_YR,LAST_MO,LAST_YR,SPEEDREL,DR_SF1,DR_SF2,DR_SF3,DR_SF4,VTRAFWAY,VNUM_LAN,VSPD_LIM,VALIGN,VPROFILE,VPAVETYP,VSURCOND,VTRAFCON,VTCONT_F,P_CRASH1,P_CRASH2,P_CRASH3,PCRASH4,PCRASH5,ACC_TYPE,DEATHS,DR_DRINK
36,360563,2,2,4,15,8,14,27,12,2,1,0,36,2,49,40,49040,4,2009,4T1BB46K09U0,4,T,1,B,B,4,6,K,0,9,U,0,0,P,TOYT,CHB,4D,9,17,3680,,0,1090,,B,1450,0,0,000000000,00000000000,0,0,0,1,0,0,0,0,0,0,0,999,0,0,0,12,12,6,2,12,0,0,0,1,36,12144,6,1,0,0,3,3,65,999,0,0,0,0,0,0,0,0,0,0,0,0,0,0,1,2,55,3,2,2,1,28,3,14,62,99,1,1,51,0,0
36,360564,1,1,1,12,8,7,5,8,0,1,0,36,2,49,40,49040,4,1999,4T1BG22K0XU5,4,T,1,B,G,2,2,K,0,X,U,5,0,P,TOYT,UEX,4D,99,17,2998,,0,1051,,G,,0,0,000000000,00000000000,0,0,0,1,0,0,0,0,0,0,0,999,0,0,0,12,12,6,2,8,0,0,0,1,36,14534,6,1,0,0,3,3,65,999,0,0,0,0,0,0,0,0,0,0,0,0,0,0,1,5,35,1,1,2,1,0,0,1,80,99,1,1,13,0,0
36,360565,1,1,1,21,6,7,55,35,0,1,0,36,1,6,441,6441,20,2005,2C4GP54L25R2,2,C,4,G,P,5,4,L,2,5,R,2,0,P,CHRY,TWC,SV,5,17,4256,,0,1193,,G,,0,0,000000000,00000000000,0,0,0,1,0,0,0,0,0,0,0,999,0,1,5,12,12,6,2,1,0,0,0,1,36,12901,6,1,0,0,3,0,64,999,0,0,0,0,1,12,2009,12,2009,0,0,0,0,0,1,2,55,1,2,2,1,28,3,1,13,99,1,4,1,1,1
36,360566,1,1,1,18,8,22,15,8,0,1,0,13,2,54,31,54031,3,1993,JH4DA9351PS0,J,H,4,D,A,9,3,5,1,P,S,0,0,P,ACUR,ILS,2H,93,17,2491,,0,1004,,G,,0,0,000000000,00000000000,0,0,0,1,0,0,0,0,0,0,0,65,0,0,0,12,12,6,2,8,0,0,0,1,36,11553,6,1,0,0,3,0,68,999,0,1,0,1,0,9,2009,11,2009,1,92,0,0,0,3,2,40,1,1,2,1,0,0,1,80,99,1,1,13,0,0
36,360567,1,1,2,22,8,0,26,25,0,1,0,36,2,53,704,53704,80,2008,JS1SK44A8821,J,S,1,S,K,4,4,A,8,8,2,1,0,M,SUZI,DSM,RT,8,17,,,,,,,398,0,0,000000000,00000000000,0,0,0,1,0,0,0,0,0,0,0,999,0,0,0,11,1,6,2,25,0,0,0,1,36,10033,0,0,0,0,0,0,999,999,0,0,0,0,0,0,0,0,0,1,52,0,0,0,3,2,40,1,2,9,1,0,0,1,10,99,1,4,6,2,1
36,360568,1,2,1,12,8,18,15,12,2,1,0,36,1,20,32,20032,2,1991,1Y1SK5464MZ0,1,Y,1,S,K,5,4,6,4,M,Z,0,0,P,GEO,GEP,4D,91,17,2364,,0,957,,G,,0,0,000000000,00000000000,0,0,0,1,0,0,0,0,0,0,0,999,0,0,0,12,12,6,2,12,0,0,0,1,36,14303,6,1,0,0,3,0,70,999,0,0,0,0,0,0,0,0,0,0,39,0,0,0,4,2,30,1,1,2,1,20,3,1,17,99,1,2,50,1,0
36,360568,2,2,2,12,8,18,15,12,2,1,0,36,1,12,401,12401,14,2004,1FMZU72K34UA,1,F,M,Z,U,7,2,K,3,4,U,A,0,P,FORD,EPR,UT,4,17,4469,,0,1137,,F,,0,0,000000000,00000000000,0,0,0,1,0,0,0,0,0,0,0,999,0,0,0,12,12,6,2,12,0,0,0,1,36,14301,6,1,0,0,3,3,64,999,0,1,0,0,0,12,2008,12,2008,0,0,0,0,0,4,2,30,1,1,2,1,20,3,1,62,99,1,2,51,0,0
36,360569,1,3,1,15,8,12,35,12,6,1,0,36,1,37,31,37031,4,2009,19XFA16529E0,1,9,X,F,A,1,6,5,2,9,E,0,0,P,HOND,UCL,4D,9,17,2687,,0,1063,,G,,0,0,000000000,00000000000,0,0,0,1,0,0,0,0,0,0,0,999,0,0,0,1,12,6,2,12,0,0,0,1,36,14043,6,1,0,0,3,3,62,999,0,0,0,0,0,0,0,0,0,0,28,48,0,0,1,4,45,1,1,2,1,0,0,11,98,99,1,2,68,1,0
36,360569,2,3,2,15,8,12,35,12,6,1,0,36,1,63,441,63441,20,2008,KNDMB2339862,K,N,D,M,B,2,3,3,9,8,6,2,0,P,KIA,SED,SV,8,17,4387,,0,1189,,G,,0,0,000000000,00000000000,0,0,0,1,0,0,0,0,0,0,0,999,0,0,0,12,12,6,2,12,0,0,0,1,36,14059,6,1,0,0,3,3,64,999,0,0,0,0,0,0,0,0,0,0,0,0,0,0,1,4,45,1,1,2,1,0,0,1,62,99,1,1,69,0,0
36,360569,3,3,1,15,8,12,35,12,6,1,0,36,1,12,442,12442,20,2001,2FMDA52451BB,2,F,M,D,A,5,2,4,5,1,B,B,0,T,FORD,WSE,ES,1,17,,1,0,1207,WIN,G,,0,0,000000000,00000000000,0,0,0,1,0,0,0,0,0,0,0,999,0,0,0,12,12,2,1,12,0,0,0,1,36,14043,6,1,0,0,3,3,72,999,0,2,1,0,0,11,2009,4,2010,0,0,0,0,0,1,4,45,1,1,2,1,0,0,1,62,7,1,1,98,0,0
36,360570,1,1,1,2,5,15,20,17,0,1,0,36,1,76,706,76706,80,2008,JYARN20E88A0,J,Y,A,R,N,2,0,E,8,8,A,0,0,M,YAMA,YFR,RS,8,17,,,,,,,998,0,0,000000000,00000000000,0,0,0,1,0,0,0,0,0,0,0,30,0,0,0,12,12,6,2,17,0,0,0,1,36,11225,6,1,0,0,3,3,69,999,2,0,0,0,0,4,2009,11,2009,0,0,0,0,0,6,1,30,3,2,2,1,0,0,14,13,99,1,4,1,1,0
36,360571,1,1,1,4,8,22,46,8,0,1,0,36,3,7,24,7024,4,2010,999999999999,9,9,9,9,9,9,9,9,9,9,9,9,0,U,,,,9,17,,,,,,,,0,0,000000000,00000000000,0,0,0,1,0,0,0,0,0,5,0,999,0,0,0,12,12,6,2,8,0,0,0,1,36,12865,6,1,0,0,3,0,71,999,0,0,0,0,0,0,0,0,0,0,0,0,0,0,1,2,30,1,1,2,1,0,0,1,80,99,1,1,13,0,0
36,360572,1,1,4,26,6,2,35,33,0,1,0,36,2,37,31,37031,2,1996,1HGEJ6226TL0,1,H,G,E,J,6,2,2,6,T,L,0,0,P,HOND,UCD,CP,96,17,2274,,0,1032,,G,,0,0,000000000,00000000000,0,0,0,1,0,0,0,0,0,0,0,999,0,1,5,1,13,6,2,1,0,0,0,1,36,10040,6,1,0,0,3,0,66,999,0,0,0,0,0,0,0,0,0,1,8,0,0,0,1,2,99,3,2,2,1,0,0,14,6,99,2,4,2,2,1
36,360573,1,1,1,15,6,9,35,42,0,1,0,36,1,20,2,20002,4,1987,1G1BN51Z2HX1,1,G,1,B,N,5,1,Z,2,H,X,1,0,P,CHEV,CCL,4D,87,17,3512,,0,1160,,G,,0,0,000000000,00000000000,0,0,0,1,0,0,0,0,0,0,0,999,0,0,0,12,12,6,2,42,0,0,0,1,36,11236,6,1,0,0,3,3,73,999,0,0,0,0,0,0,0,0,0,0,0,0,0,0,3,2,99,1,1,2,1,0,0,1,13,99,1,4,1,1,0
36,360574,1,3,1,2,8,12,35,12,1,1,0,24,6,63,402,63402,14,2007,999999999999,9,9,9,9,9,9,9,9,9,9,9,9,1,U,,,,9,17,,,,,,,,1,0,000000000,00000000000,0,0,0,1,0,0,0,0,0,0,0,0,0,0,0,6,6,6,2,12,0,0,0,0,,,,,,,,,999,,,,,,,,,,,,54,0,0,0,3,3,55,1,1,1,1,0,0,0,98,0,0,0,98,0,0
36,360574,2,3,2,2,8,12,35,12,1,1,0,36,1,59,31,59031,4,2005,JTHBA30GX551,J,T,H,B,A,3,0,G,X,5,5,1,0,P,LEXS,E33,4D,5,17,3472,,0,1071,,G,,0,0,000000000,00000000000,0,0,0,1,0,0,0,0,0,0,0,999,0,0,0,12,12,2,1,8,0,0,0,1,36,10510,6,1,0,0,3,0,63,999,0,0,0,0,0,0,0,0,0,0,26,0,0,0,3,3,55,1,1,1,1,0,0,1,50,6,1,2,98,0,0
36,360574,3,3,1,2,8,12,35,12,1,1,0,36,2,30,40,30040,4,2003,3VWRK69M13M0,3,V,W,R,K,6,9,M,1,3,M,0,0,P,VOLK,UJG,4D,3,17,2818,,0,989,,G,,0,0,000000000,00000000000,0,0,0,1,0,0,0,0,0,0,0,999,0,0,0,12,12,6,2,12,0,0,0,1,36,12180,6,1,0,0,3,0,65,999,0,0,0,0,0,0,0,0,0,0,26,0,0,0,3,3,55,1,1,1,1,0,0,1,50,99,1,1,98,0,0
36,360575,1,1,1,2,8,13,28,9,0,1,0,17,3,85,881,85881,66,2003,1XKTDB9X93J8,1,X,K,T,D,B,9,X,9,3,J,8,1,T,KW,T20,DS,3,17,,8,2600,1900,CON,D,,1,99,999999999,99999999999,3,6,1,1,0,0,0,0,0,0,0,999,0,0,0,12,12,0,1,9,0,0,0,1,18,46235,6,1,6,1,3,3,71,200,0,0,0,0,0,0,0,0,0,0,0,0,0,0,1,2,30,1,1,2,1,3,3,10,83,99,1,1,13,0,0
36,360576,1,1,2,13,3,7,10,24,0,1,0,36,2,30,42,30042,5,2000,WVWDE21J1YW5,W,V,W,D,E,2,1,J,1,Y,W,5,0,P,VOLK,GTX,2H,0,17,2856,,0,989,,G,,0,0,000000000,00000000000,0,0,0,1,0,0,0,0,0,0,0,999,0,1,5,12,13,6,2,1,0,0,0,1,36,11428,6,1,0,0,3,3,70,999,1,0,0,0,0,11,2008,11,2008,0,0,0,0,0,3,3,99,2,1,2,6,0,0,14,5,99,4,4,2,1,0
36,360577,1,1,2,15,5,13,10,14,0,1,0,36,2,20,403,20403,14,2006,1GNDT13S9623,1,G,N,D,T,1,3,S,9,6,2,3,0,P,CHEV,TRL,UT,6,17,4594,,0,1130,,G,,0,0,000000000,00000000000,0,0,0,1,0,0,0,0,0,0,0,999,0,0,0,12,12,6,2,14,0,0,0,1,36,10312,6,1,0,0,3,0,72,999,0,0,0,1,0,11,2009,11,2009,0,0,0,0,0,2,2,50,1,1,1,1,0,0,1,13,99,1,4,1,1,0
36,360578,1,2,1,21,5,9,55,12,9,1,0,13,1,20,36,20036,2,2002,2G1WW12E7291,2,G,1,W,W,1,2,E,7,2,9,1,0,P,CHEV,MLS,CP,2,17,3340,,0,1105,,G,,0,0,000000000,00000000000,0,0,0,1,0,0,0,0,0,0,0,999,0,0,0,11,11,6,2,12,0,0,0,1,13,30313,6,1,0,0,3,0,73,167,98,0,0,0,0,0,0,0,0,1,28,0,0,0,4,3,35,1,1,2,1,0,0,1,6,99,3,2,98,1,0
36,360578,2,2,0,21,5,9,55,12,9,1,0,36,6,87,881,87881,66,2008,1XPXD40X38N7,1,X,P,X,D,4,0,X,3,8,N,7,1,T,PTRB,389,DS,8,17,,8,0,0,CON,D,,1,99,999999999,99999999999,3,6,1,1,0,0,0,0,0,0,0,0,0,0,0,6,6,2,1,12,0,0,0,0,,,,,,,,,999,,,,,,,,,,,,0,0,0,0,4,3,35,4,1,2,1,0,0,0,98,0,0,0,98,0,0
36,360579,1,1,2,21,8,23,8,34,0,1,0,36,2,21,22,21022,4,2001,1G3GR64H7142,1,G,3,G,R,6,4,H,7,1,4,2,0,P,OLDS,AUR,4D,1,17,3686,,0,1122,,G,,0,0,000000000,00000000000,0,0,0,1,0,0,0,0,0,0,0,999,0,1,5,12,12,6,2,1,0,0,0,1,36,13209,1,8,0,0,2,2,67,999,1,5,1,0,1,12,2008,6,2010,1,74,0,0,0,1,2,55,2,2,2,1,0,0,14,12,99,1,4,6,1,1
36,360580,1,1,13,23,8,7,0,1,0,1,0,34,2,23,461,23461,21,2001,1GTHG39R1111,1,G,T,H,G,3,9,R,1,1,1,1,0,T,GMC,SA3,EC,1,17,,2,0,1550,SAV,G,,0,0,000000000,00000000000,0,0,0,1,0,0,0,0,0,0,0,999,0,1,5,0,0,6,2,1,0,0,0,1,9,6810,9,9,99,9,9,9,999,999,99,99,99,99,99,99,9999,99,9999,1,92,0,0,0,3,3,55,1,1,2,2,0,0,1,3,99,1,4,1,1,0
36,360581,1,1,1,24,8,20,4,1,0,1,0,47,3,82,883,82883,66,2006,1FUJA6CK06LV,1,F,U,J,A,6,C,K,0,6,L,V,1,T,FRHT,COL,DS,6,17,,8,0,0,CON,D,,1,57,00511412,5700511412,3,6,1,1,0,0,0,0,0,0,0,999,0,2,1,0,0,6,2,1,0,0,0,1,17,60130,6,1,6,1,3,0,72,999,0,0,0,1,0,2,2010,2,2010,1,0,0,0,0,1,2,55,1,2,2,2,28,3,1,98,6,2,1,98,1,1
36,360583,1,1,1,24,8,20,39,15,0,1,1,36,2,22,18,22018,4,2004,1G2NF52E44M5,1,G,2,N,F,5,2,E,4,4,M,5,0,P,PONT,SE1,4D,4,17,3066,,0,1070,,G,,0,0,000000000,00000000000,0,0,0,1,0,0,0,0,0,0,0,999,0,0,0,12,12,2,1,15,0,0,0,1,36,14905,6,1,0,0,3,3,64,999,1,0,0,0,1,9,2007,2,2008,0,86,0,0,0,1,2,30,1,2,2,1,0,0,1,85,99,1,1,13,0,0
36,360584,1,1,2,27,8,21,57,8,0,1,0,36,1,7,442,7442,20,1994,1B4GK54L6RX2,1,B,4,G,K,5,4,L,6,R,X,2,0,P,DODG,CAR,SV,94,17,4021,,0,1193,,G,,0,0,000000000,00000000000,0,0,0,1,0,0,0,0,0,0,0,999,0,0,0,12,12,6,2,8,0,0,0,1,36,10573,6,1,0,0,3,0,72,999,0,0,0,0,1,7,2009,7,2009,0,0,0,0,0,1,2,30,1,2,2,1,0,0,1,80,99,1,1,13,0,0
36,360585,1,1,1,18,7,4,0,8,0,1,0,50,1,7,41,7041,4,2004,999999999999,9,9,9,9,9,9,9,9,9,9,9,9,0,U,,,,9,17,,,,,,,,0,0,000000000,00000000000,0,0,0,1,0,0,0,0,0,0,0,999,0,0,0,14,14,6,2,8,0,0,0,1,50,5753,9,9,99,9,9,9,999,999,99,99,99,99,99,99,9999,99,9999,0,0,0,0,0,1,2,55,1,1,2,1,0,0,1,80,99,1,1,13,0,0
36,360586,1,2,4,21,8,15,21,12,2,1,0,36,1,7,482,7482,31,2008,1D7HU18258J1,1,D,7,H,U,1,8,2,5,8,J,1,0,T,DODG,SQ1,CW,8,17,,2,1605,1405,RPC,G,,0,0,000000000,00000000000,0,0,0,1,0,0,0,0,0,0,0,999,0,0,0,12,12,6,2,12,0,0,0,1,36,13642,6,1,0,0,3,0,71,999,0,0,0,0,0,0,0,0,0,0,28,0,0,0,1,2,55,2,2,2,1,0,0,14,10,99,1,2,50,0,0
36,360586,2,2,2,21,8,15,21,12,2,1,0,36,1,9,442,9442,20,1998,2P4GP25R2WR7,2,P,4,G,P,2,5,R,2,W,R,7,0,P,PLYM,VOF,SV,98,17,3428,,0,1133,,G,,0,0,000000000,00000000000,0,0,0,1,0,0,0,0,0,0,0,999,0,0,0,12,12,6,2,12,0,0,0,1,36,13642,6,1,0,0,3,0,62,999,0,0,0,0,0,0,0,0,0,0,0,0,0,0,1,2,55,3,2,2,1,0,0,14,62,99,1,1,51,2,0
36,360587,1,2,1,18,8,14,34,12,2,1,0,36,2,14,398,14398,1,1992,6MPCT01Z8N86,6,M,P,C,T,0,1,Z,8,N,8,6,0,P,MERC,CAP,CV,92,17,2404,,0,947,,G,,0,0,000000000,00000000000,0,0,0,1,0,0,0,0,0,0,0,999,0,0,0,12,12,6,2,12,0,0,0,1,36,14080,6,1,0,0,3,0,69,999,0,0,0,0,0,0,0,0,0,0,28,0,0,0,1,2,55,2,2,2,1,0,0,14,10,99,1,2,50,1,0
36,360587,2,2,1,18,8,14,34,12,2,1,0,36,1,82,881,82881,66,1994,1FUYDDYB9RP5,1,F,U,Y,D,D,Y,B,9,R,P,5,1,T,FRHT,FLD,DS,94,17,,8,0,0,CON,D,,1,57,142382,57142382,3,6,1,1,0,0,0,0,0,0,0,999,0,0,0,12,12,4,3,12,0,0,0,1,36,14086,6,1,6,0,3,0,70,999,0,0,0,0,0,0,0,0,0,0,0,0,0,0,1,2,55,3,2,2,1,0,0,14,62,99,1,1,51,0,0
36,360588,1,2,2,19,8,21,40,12,1,1,0,36,1,35,401,35401,14,2009,5N1AR18B59C6,5,N,1,A,R,1,8,B,5,9,C,6,0,P,NISS,PFI,UT,9,17,4665,,0,1122,,G,,0,0,000000000,00000000000,0,0,0,1,0,0,0,0,0,0,0,999,0,0,0,6,6,6,2,12,0,0,0,1,36,11435,6,1,0,0,3,0,70,999,0,0,0,0,0,0,0,0,0,0,0,0,0,0,3,3,40,1,2,1,1,0,0,1,53,99,1,1,25,0,0
36,360588,2,2,1,19,8,21,40,12,1,1,0,36,1,72,706,72706,80,2009,1HD1FS4109Y6,1,H,D,1,F,S,4,1,0,9,Y,6,0,M,HD,LTR,RS,9,17,,,,,,,1584,0,0,000000000,00000000000,0,0,0,1,0,0,0,0,0,0,0,999,0,0,0,12,12,6,2,12,0,0,0,1,36,11379,6,1,0,0,3,3,69,999,0,0,0,0,1,6,2008,6,2008,0,26,0,0,0,3,3,40,1,2,1,1,0,0,1,51,99,1,1,24,1,1
36,360589,1,2,4,19,8,20,33,12,6,1,0,12,1,37,402,37402,14,2010,5J6RE4H72AL0,5,J,6,R,E,4,H,7,2,A,L,0,0,P,HOND,CRV,UT,10,17,3549,,0,1031,,G,,0,0,000000000,00000000000,0,0,0,1,0,0,0,0,0,0,0,999,0,0,0,3,3,6,2,12,0,0,0,1,12,34104,6,1,0,0,3,0,63,999,0,0,0,0,0,0,0,0,0,0,39,48,0,0,3,2,55,1,1,2,1,3,3,11,15,99,1,1,68,1,0
36,360589,2,2,1,19,8,20,33,12,6,1,0,36,2,59,403,59403,14,2004,2T2HA31U44C0,2,T,2,H,A,3,1,U,4,4,C,0,0,P,LEXS,R33,UT,4,17,4065,,0,1069,,G,,0,0,000000000,00000000000,0,0,0,1,0,0,0,0,0,0,0,999,0,0,0,12,12,6,2,12,0,0,0,1,36,10014,6,1,0,0,3,0,73,999,0,0,0,0,1,10,2007,10,2007,0,0,0,0,0,3,2,55,1,1,2,1,3,3,1,62,99,1,1,69,0,0
36,360590,1,1,1,19,8,8,41,8,0,1,0,36,1,7,482,7482,31,2005,1D7HU18N45S2,1,D,7,H,U,1,8,N,4,5,S,2,0,T,DODG,SQ1,CW,5,17,,2,1605,1405,RPC,G,,0,0,000000000,00000000000,0,0,0,1,0,0,0,0,0,0,0,999,0,0,0,12,12,2,1,8,0,0,0,1,36,11795,6,1,0,0,3,3,72,999,0,0,0,0,1,1,2010,1,2010,0,92,0,0,0,1,4,40,1,1,1,1,0,0,1,80,99,1,1,13,0,0
36,360591,1,1,1,21,6,17,54,42,0,1,0,36,2,7,442,7442,20,1997,2B4GP25R8VR1,2,B,4,G,P,2,5,R,8,V,R,1,0,P,DODG,CAR,SV,97,17,3490,,0,1133,,G,,0,0,000000000,00000000000,0,0,0,1,0,0,0,0,0,0,0,999,0,0,0,12,12,6,2,42,0,0,0,1,36,13064,6,1,0,0,3,0,72,999,0,0,0,0,0,0,0,0,0,1,28,0,0,0,1,2,55,1,2,2,1,28,3,1,14,99,1,4,14,1,0
36,360592,1,1,2,9,8,15,33,34,0,1,0,36,1,48,34,48034,4,2003,4S3BH6756376,4,S,3,B,H,6,7,5,6,3,7,6,0,P,SUBA,UWP,SW,3,17,3430,,0,1043,,G,,0,0,000000000,00000000000,0,0,0,1,0,0,0,0,0,0,0,999,0,0,0,1,1,6,2,42,0,0,0,1,36,14850,6,1,0,0,3,0,71,999,0,0,0,0,0,0,0,0,0,0,0,0,0,0,2,2,45,4,1,2,1,0,0,14,13,99,1,4,1,1,0
36,360593,1,1,1,1,9,14,15,33,0,1,0,36,1,12,17,12017,6,2001,1FAFP58S51A1,1,F,A,F,P,5,8,S,5,1,A,1,0,P,FORD,TSE,SW,1,17,3540,,0,1085,,G,,0,0,000000000,00000000000,0,0,0,1,0,0,0,0,0,0,0,999,0,0,0,12,12,6,2,42,0,0,0,1,36,14216,6,1,0,0,3,3,72,999,0,0,0,0,0,0,0,0,0,0,0,0,0,0,1,4,30,1,1,2,1,0,0,1,12,99,1,4,6,1,0
36,360594,1,1,1,29,8,15,37,59,0,1,0,36,1,72,706,72706,80,2007,1HD1HHZ177K8,1,H,D,1,H,H,Z,1,7,7,K,8,0,M,HD,VNS,RS,7,17,,,,,,,1130,0,0,000000000,00000000000,0,0,0,1,0,0,0,0,0,0,0,999,0,0,0,12,12,6,2,59,0,0,0,1,36,12303,6,1,0,0,3,0,66,999,0,0,0,0,0,0,0,0,0,0,0,0,0,0,6,2,55,2,1,2,1,0,0,14,12,99,1,4,6,1,0
36,360595,1,1,1,30,8,18,12,30,0,1,0,36,1,12,481,12481,31,1995,1FTHF25HXSNA,1,F,T,H,F,2,5,H,X,S,N,A,0,T,FORD,F25,PK,95,17,,2,0,1330,COF,G,,0,0,000000000,00000000000,0,0,0,1,0,0,0,0,0,0,0,999,0,0,0,12,12,6,2,42,0,0,0,1,36,12075,6,1,0,0,3,0,73,999,0,0,0,0,0,0,0,0,0,1,0,0,0,0,1,2,55,3,2,2,1,28,3,14,13,99,1,4,1,1,1
36,360596,1,1,1,4,9,13,31,8,0,1,0,36,1,12,461,12461,21,2006,1FTNE24W66DB,1,F,T,N,E,2,4,W,6,6,D,B,0,T,FORD,25V,CG,6,17,,2,0,1380,VAN,G,,0,0,000000000,00000000000,0,0,0,1,0,0,0,0,0,0,0,999,0,0,0,12,12,2,1,8,0,0,0,1,36,11373,6,1,0,0,3,0,67,999,0,0,0,0,0,0,0,0,0,0,38,0,0,0,4,7,30,1,1,2,1,3,3,11,80,99,1,1,13,0,0
36,360597,1,1,2,4,9,9,27,8,0,1,0,36,1,58,401,58401,14,1999,JNRAR05Y1XW0,J,N,R,A,R,0,5,Y,1,X,W,0,0,P,INFI,QX4,UT,99,17,4141,,0,1063,,G,,0,0,000000000,00000000000,0,0,0,1,0,0,0,0,0,0,0,28,0,0,0,12,12,2,1,8,0,0,0,1,36,11434,6,1,0,0,3,0,63,999,0,1,0,0,0,12,2007,12,2007,0,92,0,0,0,3,3,30,1,1,2,1,0,0,1,80,99,1,1,13,0,0
36,360598,1,1,1,26,8,22,52,9,0,1,1,99,9,99,999,99999,99,9999,999999999999,9,9,9,9,9,9,9,9,9,9,9,9,0,U,,,,9,17,,,,,,,,0,0,000000000,00000000000,0,0,0,1,0,0,0,0,0,0,0,999,0,0,0,1,1,9,1,9,0,0,0,1,99,99999,9,9,99,9,9,9,999,999,99,99,99,99,99,99,9999,99,9999,0,0,0,0,0,4,5,30,1,1,2,1,3,3,1,80,99,1,1,13,0,0
36,360599,1,2,1,29,8,8,55,12,6,1,0,36,2,63,401,63401,14,2001,KNDJA7233150,K,N,D,J,A,7,2,3,3,1,5,0,0,P,KIA,SPO,UT,1,17,3352,,0,1043,,G,,0,0,000000000,00000000000,0,0,0,1,0,0,0,0,0,0,0,999,0,0,0,12,12,6,2,12,0,0,0,1,36,14171,6,1,0,0,3,0,65,999,0,0,0,0,0,0,0,0,0,0,39,0,0,0,1,2,55,1,2,2,1,20,3,1,17,99,1,1,88,0,0
36,360599,2,2,1,29,8,8,55,12,6,1,0,36,1,12,471,12471,30,2001,1FTZR15E21PB,1,F,T,Z,R,1,5,E,2,1,P,B,0,T,FORD,RNS,PS,1,17,,1,0,1259,RNG,G,,0,0,000000000,00000000000,0,0,0,1,0,0,0,0,0,0,0,999,0,0,0,9,9,6,2,12,0,0,0,1,36,14171,6,1,0,0,3,0,69,999,0,0,0,0,0,0,0,0,0,0,0,0,0,0,1,2,55,1,2,2,1,20,3,1,66,99,1,1,89,1,0
36,360600,1,1,5,21,8,18,43,35,0,1,0,34,4,7,43,7043,4,2006,1B3AL46T66N2,1,B,3,A,L,4,6,T,6,6,N,2,0,P,DODG,SRX,4D,6,17,3106,,0,1080,,F,,0,0,000000000,00000000000,0,0,0,1,0,0,0,0,0,0,0,999,0,0,0,12,12,6,2,35,0,0,0,1,36,11219,6,1,0,0,3,3,66,999,0,0,0,0,0,0,0,0,0,0,87,28,0,0,3,2,55,4,2,2,2,0,0,14,5,99,3,4,2,1,0
36,360601,1,1,1,27,7,6,8,42,0,1,0,36,2,51,43,51043,4,1998,YV1LS5675W25,Y,V,1,L,S,5,6,7,5,W,2,5,0,P,VOLV,SGL,4D,98,17,3300,,0,1049,,G,,0,0,000000000,00000000000,0,0,0,1,0,0,0,0,0,0,0,999,0,0,0,12,12,6,2,2,0,0,1,1,36,14580,6,1,0,0,3,0,66,999,0,0,0,0,0,0,0,0,0,1,0,0,0,0,1,2,55,3,1,9,1,0,0,14,12,99,1,4,6,1,1
36,360602,1,1,1,5,7,23,4,8,0,1,0,36,1,13,1,13001,4,2005,1LNHM84W45Y6,1,L,N,H,M,8,4,W,4,5,Y,6,0,P,LINC,EXL,4D,5,17,4359,,0,1237,,G,,0,0,000000000,00000000000,0,0,0,1,0,0,0,0,0,0,0,999,0,0,0,12,12,2,1,8,0,0,0,1,36,11208,6,1,0,0,3,0,66,999,1,0,0,0,0,9,2009,9,2009,0,0,0,0,0,3,3,99,1,1,2,1,3,3,1,80,99,1,1,13,0,0
36,360603,1,1,1,1,9,10,12,42,0,1,0,36,2,30,47,30047,3,2000,3VWBC21C9YM4,3,V,W,B,C,2,1,C,9,Y,M,4,0,P,VOLK,NGL,2H,0,17,2689,,0,989,,G,,0,0,000000000,00000000000,0,0,0,1,0,0,0,0,0,0,0,999,0,0,0,99,99,6,2,2,0,0,1,1,36,13421,6,1,0,0,3,3,71,999,1,6,0,1,5,12,2008,5,2010,1,0,0,0,0,1,2,55,4,1,2,1,0,0,14,12,99,1,4,6,1,0
36,360604,1,2,1,24,6,15,0,12,6,1,0,36,1,37,32,37032,4,1994,1HGCD566XRA1,1,H,G,C,D,5,6,6,X,R,A,1,0,P,HOND,AEX,4D,94,17,2908,,0,1069,,G,,0,0,000000000,00000000000,0,0,0,1,0,0,0,0,0,0,0,999,0,0,0,12,12,6,2,12,0,0,0,1,36,10918,6,1,0,0,3,0,65,999,2,0,0,0,2,12,2007,12,2008,0,28,0,0,0,1,2,45,1,1,2,1,0,0,1,10,99,1,2,64,1,1