STATE,ST_CASE,VEH_NO,VE_FORMS,NUMOCCS,DAY,MONTH,HOUR,MINUTE,HARM_EV,MAN_COLL,UNITTYPE,HIT_RUN,REG_STAT,OWNER,MAKE,MODEL,MAK_MOD,BODY_TYP,MOD_YEAR,VIN,VIN_1,VIN_2,VIN_3,VIN_4,VIN_5,VIN_6,VIN_7,VIN_8,VIN_9,VIN_10,VIN_11,VIN_12,TOW_VEH,VINTYPE,VINMAKE,VINA_MOD,VIN_BT,VINMODYR,VIN_LNGT,VIN_WGT,WGTCD_TR,WHLBS_LG,WHLBS_SH,SER_TR,FUELCODE,MCYCL_DS,J_KNIFE,MCARR_I1,MCARR_I2,MCARR_ID,GVWR,V_CONFIG,CARGO_BT,HAZ_INV,HAZ_PLAC,HAZ_ID,HAZ_CNO,HAZ_REL,BUS_USE,SPEC_USE,EMER_USE,TRAV_SP,UNDERIDE,ROLLOVER,ROLINLOC,IMPACT1,IMPACT2,DEFORMED,TOWED,M_HARM,VEH_SC1,VEH_SC2,FIRE_EXP,DR_PRES,L_STATE,DR_ZIP,L_STATUS,L_TYPE,CDL_STAT,L_ENDORS,L_COMPL,L_RESTRI,DR_HGT,DR_WGT,PREV_ACC,PREV_SUS,PREV_DWI,PREV_SPD,PREV_OTH,FIRST_MO,FIRST_YR,LAST_MO,LAST_YR,SPEEDREL,DR_SF1,DR_SF2,DR_SF3,DR_SF4,VTRAFWAY,VNUM_LAN,VSPD_LIM,VALIGN,VPROFILE,VPAVETYP,VSURCOND,VTRAFCON,VTCONT_F,P_CRASH1,P_CRASH2,P_CRASH3,PCRASH4,PCRASH5,ACC_TYPE,DEATHS,DR_DRINK
36,360604,2,2,1,24,6,15,0,12,6,1,0,36,3,86,881,86881,63,2005,1M2AG11C75M0,1,M,2,A,G,1,1,C,7,5,M,0,0,T,MACK,CV7,TM,5,17,,8,0,0,700,D,,0,57,00765257,5700765257,3,2,4,1,0,0,0,0,0,0,0,999,0,0,0,11,11,6,2,12,0,0,0,1,36,12589,6,1,6,1,3,0,70,999,0,0,0,0,0,0,0,0,0,0,0,0,0,0,1,2,45,1,1,2,1,0,0,1,62,7,1,1,65,0,0
36,360605,1,1,1,20,8,22,43,34,0,1,0,36,3,6,43,6043,4,2008,1C3LC46J98N2,1,C,3,L,C,4,6,J,9,8,N,2,0,P,CHRY,SLX,4D,8,17,3313,,0,1089,,G,,0,0,000000000,00000000000,0,0,0,1,0,0,0,0,0,0,0,999,0,1,5,12,12,6,2,2,0,0,1,1,36,13662,6,1,0,0,3,3,74,999,3,0,0,0,2,12,2007,6,2010,0,0,0,0,0,1,2,55,4,1,2,1,28,3,14,12,99,1,4,6,1,0
36,360606,1,1,1,27,8,23,27,34,0,1,0,36,1,63,33,63033,4,2008,KNAFE1210855,K,N,A,F,E,1,2,1,0,8,5,5,0,P,KIA,SXC,4D,8,17,2919,,0,1028,,G,,0,0,000000000,00000000000,0,0,0,1,0,0,0,0,0,0,0,999,0,1,5,9,9,6,2,1,0,0,0,1,36,12992,6,1,0,0,3,0,65,999,1,0,0,0,0,4,2009,4,2009,1,0,0,0,0,1,2,55,1,1,2,1,28,3,1,13,99,1,4,1,1,0
36,360607,1,1,1,7,5,10,0,8,0,1,0,36,3,98,907,98907,52,2009,1VHHH3P23A67,1,V,H,H,H,3,P,2,3,A,6,7,0,U,,,,,17,,,,,,,,0,99,999999999,99999999999,3,21,22,1,0,0,0,0,6,0,0,999,0,0,0,11,11,2,3,8,0,0,0,1,36,11580,6,1,6,0,3,3,62,999,1,0,0,0,0,6,2007,6,2007,0,39,0,0,0,1,4,30,1,1,2,1,3,3,11,15,99,1,1,13,0,0
36,360608,1,1,1,7,9,21,7,30,0,1,0,36,1,37,705,37705,80,1986,JH2RC2103GM2,J,H,2,R,C,2,1,0,3,G,M,2,0,M,HOND,F70,RS,86,17,,,,,,,700,0,0,000000000,00000000000,0,0,0,1,0,0,0,0,0,0,0,999,0,0,0,12,12,6,2,30,0,0,0,1,36,12110,6,1,0,0,3,3,72,999,0,0,0,0,0,0,0,0,0,0,0,0,0,0,1,2,35,4,1,2,1,28,3,14,89,7,1,4,1,1,1
36,360609,1,2,2,25,6,23,57,12,6,1,0,36,1,73,705,73705,80,2009,JKAZX4R109A0,J,K,A,Z,X,4,R,1,0,9,A,0,0,M,KAWK,ZXP,RC,9,17,,,,,,,599,0,0,000000000,00000000000,0,0,0,1,0,0,0,0,0,0,0,999,0,0,0,12,12,6,2,12,0,0,0,1,36,11228,6,1,0,0,3,0,69,999,0,3,0,0,0,11,2008,2,2010,0,0,0,0,0,1,2,99,1,1,2,1,20,3,1,66,99,1,1,88,2,0
36,360609,2,2,2,25,6,23,57,12,6,1,0,36,2,35,47,35047,4,2009,1N4AL21E29N4,1,N,4,A,L,2,1,E,2,9,N,4,0,P,NISS,ATS,4D,9,17,3179,,0,1093,,G,,0,0,000000000,00000000000,0,0,0,1,0,0,0,0,0,0,0,999,0,0,0,11,11,2,1,12,0,0,0,1,36,11210,6,1,0,0,3,3,60,999,0,0,0,0,0,0,0,0,0,0,0,0,0,0,1,2,99,1,1,2,1,20,3,1,17,7,1,1,89,0,0
36,360610,1,1,1,30,8,15,46,8,0,1,0,36,1,12,22,12022,6,2007,1FMDK05137GA,1,F,M,D,K,0,5,1,3,7,G,A,0,P,FORD,FSL,UT,7,17,3825,,0,1129,,G,,0,0,000000000,00000000000,0,0,0,1,0,0,0,0,0,0,0,999,0,0,0,12,12,6,2,8,0,0,0,1,36,13662,6,1,0,0,3,3,68,999,0,0,0,0,0,0,0,0,0,0,0,0,0,0,1,2,55,1,2,2,1,28,3,1,80,99,1,1,13,0,0
36,360611,1,1,1,6,9,15,0,24,0,1,0,36,1,53,706,53706,80,2005,JS1GT76A9521,J,S,1,G,T,7,6,A,9,5,2,1,0,M,SUZI,XR1,RS,5,17,,,,,,,999,0,0,000000000,00000000000,0,0,0,1,0,0,0,0,0,0,0,100,0,0,0,12,12,6,2,24,0,0,0,1,36,10523,6,1,6,0,3,0,74,999,1,0,0,0,0,6,2010,6,2010,1,0,0,0,0,3,4,55,3,1,2,1,0,0,14,6,99,2,4,2,1,0
36,360612,1,1,1,11,8,18,2,30,0,1,0,36,1,20,2,20002,4,2001,2G1WH55K4193,2,G,1,W,H,5,5,K,4,1,9,3,0,P,CHEV,IPL,4D,1,17,3466,,0,1105,,G,,0,0,000000000,00000000000,0,0,0,1,0,0,0,0,0,0,0,999,0,0,0,12,12,6,2,42,0,0,0,1,36,11580,6,1,0,0,3,0,63,999,0,0,0,0,0,0,0,0,0,0,0,0,0,0,3,9,99,1,1,2,1,3,3,1,13,99,1,4,1,1,0
36,360613,1,2,1,5,7,6,50,12,2,1,0,36,3,12,461,12461,21,2009,1FBSS31L09DA,1,F,B,S,S,3,1,L,0,9,D,A,0,T,FORD,WSD,BU,9,17,,2,0,1380,ECO,G,,0,0,000000000,00000000000,0,0,0,1,0,0,0,0,0,0,0,999,0,0,0,12,12,6,2,12,0,0,0,1,36,11740,6,1,6,0,3,0,67,999,0,0,0,0,1,5,2010,5,2010,0,0,0,0,0,3,3,99,1,2,2,1,0,0,1,54,99,1,1,98,1,0
36,360613,2,2,1,5,7,6,50,12,2,1,0,36,1,42,401,42401,14,2002,4JGAB75E42A3,4,J,G,A,B,7,5,E,4,2,A,3,0,P,MERZ,M50,UT,2,17,0,,0,1110,,G,,0,0,000000000,00000000000,0,0,0,1,0,0,0,0,0,0,0,999,0,0,0,12,12,6,2,12,0,0,0,1,36,11550,1,1,0,0,2,2,71,999,0,1,0,0,0,4,2010,4,2010,0,74,51,0,0,3,3,99,1,2,2,1,0,0,1,98,99,1,1,98,0,1
36,360614,1,1,1,12,7,6,3,8,0,1,0,36,1,49,442,49442,20,2007,5TDZK23CX7S0,5,T,D,Z,K,2,3,C,X,7,S,0,0,P,TOYT,SIE,SV,7,17,4177,,0,1193,,G,,0,0,000000000,00000000000,0,0,0,1,0,0,0,0,0,0,0,999,0,0,0,12,12,6,2,8,0,0,0,1,36,10469,6,1,0,0,3,3,70,999,1,0,0,0,0,1,2010,1,2010,0,0,0,0,0,1,2,30,1,1,2,1,0,0,1,80,99,1,1,13,0,0
36,360615,1,1,2,25,7,1,40,59,0,1,0,36,2,24,1,24001,4,1992,1G8ZK5476NZ2,1,G,8,Z,K,5,4,7,6,N,Z,2,0,P,STRN,SL2,4D,92,17,2438,,0,1024,,G,,0,0,000000000,00000000000,0,0,0,1,0,0,0,0,0,0,0,999,0,0,0,12,12,6,2,19,0,0,0,1,36,11205,6,1,0,0,3,0,71,999,0,0,0,0,2,2,2010,2,2010,1,28,0,0,0,3,2,99,1,1,2,2,0,0,10,16,99,1,4,1,1,0
36,360616,1,2,1,26,8,12,50,12,1,1,0,36,3,84,881,84881,66,2007,2HSCHAPT77C5,2,H,S,C,H,A,P,T,7,7,C,5,1,T,INTL,99I,DS,7,17,,8,0,0,990,D,,1,57,713784,57713784,3,6,1,1,0,0,0,0,0,0,0,999,7,0,0,12,12,6,2,12,0,0,0,1,36,12459,6,1,6,0,3,3,72,999,0,0,0,0,0,0,0,0,0,0,26,0,0,0,1,2,55,1,1,2,1,0,0,1,50,99,1,1,20,0,0
36,360616,2,2,2,26,8,12,50,12,1,1,0,36,2,37,31,37031,4,2004,2HGES267X4H5,2,H,G,E,S,2,6,7,X,4,H,5,0,P,HOND,UAX,4D,4,17,2668,,0,1031,,G,,0,0,000000000,00000000000,0,0,0,1,0,0,0,0,0,0,0,0,0,0,0,6,6,6,2,12,0,0,0,1,36,12464,6,1,0,0,3,3,62,999,0,0,0,0,0,0,0,0,0,0,0,0,0,0,1,2,55,1,1,2,1,0,0,5,53,1,1,1,21,2,0
36,360617,1,1,1,24,8,10,35,8,0,1,0,36,1,37,402,37402,14,2008,5J6RE48788L0,5,J,6,R,E,4,8,7,8,8,L,0,0,P,HOND,CRV,UT,8,17,3549,,0,1031,,G,,0,0,000000000,00000000000,0,0,0,1,0,0,0,0,0,0,0,999,0,0,0,12,12,6,2,8,0,0,0,1,36,13326,6,1,0,0,3,3,67,999,0,0,0,0,0,0,0,0,0,0,0,0,0,0,1,2,55,1,2,2,1,0,0,1,80,99,1,1,13,0,0
36,360618,1,1,2,9,8,14,0,35,0,1,0,36,1,49,40,49040,4,2009,4T1BE46K59U8,4,T,1,B,E,4,6,K,5,9,U,8,0,P,TOYT,CBA,4D,9,17,3263,,0,1090,,G,,0,0,000000000,00000000000,0,0,0,1,0,0,0,0,0,0,0,999,0,1,2,12,12,6,2,1,0,0,0,1,36,11204,6,1,0,0,3,3,60,999,0,1,0,0,0,8,2008,8,2008,1,27,0,0,0,3,2,55,2,1,2,1,98,3,14,6,99,9,4,2,1,0
36,360619,1,2,1,8,7,17,25,12,6,1,0,36,3,12,401,12401,14,2005,1FMZU73WX5ZA,1,F,M,Z,U,7,3,W,X,5,Z,A,0,P,FORD,EPR,UT,5,17,4094,,0,1137,,G,,0,0,000000000,00000000000,0,0,0,1,0,0,0,0,0,0,0,999,0,0,0,1,1,6,2,12,0,0,0,1,22,70714,6,1,0,0,3,0,67,150,0,0,0,0,0,0,0,0,0,0,0,0,0,0,4,2,99,1,1,2,1,3,3,1,17,99,1,1,87,0,0
36,360619,2,2,1,8,7,17,25,12,6,1,0,36,2,98,709,98709,81,2009,ZAPM448F3950,Z,A,P,M,4,4,8,F,3,9,5,0,0,U,,,,9,17,,,,,,,,0,0,000000000,00000000000,0,0,0,1,0,0,0,0,0,0,0,999,0,0,0,12,12,6,2,12,0,0,0,1,36,11217,6,1,0,0,3,0,65,999,0,0,0,0,0,0,0,0,0,0,0,0,0,0,4,2,99,1,1,2,1,3,3,1,17,99,1,1,86,1,0
36,360620,1,2,1,24,7,22,28,12,2,1,0,36,1,6,441,6441,20,1997,1C4GP64L6VB4,1,C,4,G,P,6,4,L,6,V,B,4,0,P,CHRY,TWC,SV,97,17,4059,,0,1193,,G,,0,0,000000000,00000000000,0,0,0,1,0,0,0,0,0,0,0,999,0,0,0,12,12,6,2,12,0,0,0,1,36,10023,1,1,0,0,2,2,70,999,0,0,0,0,1,12,2007,12,2007,0,74,0,0,0,1,4,30,1,2,2,1,3,3,11,15,99,1,1,68,0,0
36,360620,2,2,2,24,7,22,28,12,2,1,0,36,1,37,704,37704,80,1982,JH2PC0542CM0,J,H,2,P,C,0,5,4,2,C,M,0,0,M,HOND,B45,RS,82,17,,,,,,,450,0,0,000000000,00000000000,0,0,0,1,0,0,0,0,0,0,0,999,0,0,0,12,12,6,2,12,0,0,0,1,36,10956,6,1,0,0,3,0,68,999,0,0,0,0,0,0,0,0,0,0,52,0,0,0,1,4,30,1,2,2,1,3,3,1,67,99,1,1,69,1,0
36,360621,1,2,1,23,6,20,18,12,6,1,0,36,1,73,706,73706,80,2000,JKAZX2E17YA0,J,K,A,Z,X,2,E,1,7,Y,A,0,0,M,KAWK,Z9E,RS,0,17,,,,,,,900,0,0,000000000,00000000000,0,0,0,1,0,0,0,0,0,0,0,999,0,0,0,12,12,6,2,12,0,0,0,1,36,11768,0,0,0,0,0,0,71,999,0,0,0,0,0,0,0,0,0,1,0,0,0,0,1,2,99,1,2,2,1,20,3,1,66,99,1,1,83,1,1
36,360621,2,2,3,23,6,20,18,12,6,1,0,36,1,23,882,23882,61,1995,J8DF5A124S37,J,8,D,F,5,A,1,2,4,S,3,7,0,T,GMC,W5R,TB,95,17,,5,0,0,500,D,,0,99,999999999,99999999999,2,1,1,1,0,0,0,0,0,0,0,999,0,0,0,7,7,2,1,12,0,0,0,1,12,32966,6,1,6,1,3,0,73,999,0,0,0,1,0,3,2009,3,2009,0,38,0,0,0,1,2,99,1,2,2,1,20,3,11,15,99,1,1,82,0,0
36,360622,1,1,1,14,7,0,4,30,0,1,0,36,2,35,39,35039,4,1996,JN1CA21D5TT1,J,N,1,C,A,2,1,D,5,T,T,1,0,P,NISS,MGS,4D,96,17,2886,,0,1063,,G,,0,0,000000000,00000000000,0,0,0,1,0,0,0,0,0,0,0,999,0,0,0,12,12,6,2,30,0,0,0,1,36,11706,0,0,0,0,0,0,69,999,0,3,0,0,0,11,2009,7,2010,0,0,0,0,0,3,9,99,1,1,2,1,0,0,1,13,99,1,4,1,1,1
36,360623,1,1,2,10,8,2,25,30,0,1,0,34,2,22,18,22018,4,2003,1G2NG52E93M5,1,G,2,N,G,5,2,E,9,3,M,5,0,P,PONT,SE2,4D,3,17,3116,,0,1070,,G,,0,0,000000000,00000000000,0,0,0,1,0,0,0,0,0,0,0,999,0,0,0,12,12,6,2,30,0,0,0,1,36,11701,6,1,0,0,3,0,69,999,1,7,0,0,1,11,2007,5,2010,1,0,0,0,0,1,2,35,1,1,2,1,3,3,11,15,99,1,4,1,1,0
36,360624,1,1,1,17,8,22,40,24,0,1,0,36,1,53,705,53705,80,2004,JS1GN7CA3421,J,S,1,G,N,7,C,A,3,4,2,1,0,M,SUZI,GSK,RS,4,17,,,,,,,599,0,0,000000000,00000000000,0,0,0,1,0,0,0,0,0,0,0,999,0,0,0,12,12,6,2,24,0,0,0,1,36,12533,6,1,0,0,3,3,66,999,1,1,0,1,2,1,2009,9,2009,0,52,0,0,0,1,2,99,4,2,2,1,0,0,14,12,99,1,4,6,1,0
36,360625,1,1,1,5,6,8,47,8,0,1,0,42,1,87,881,87881,66,2007,1XP5DB9X17N6,1,X,P,5,D,B,9,X,1,7,N,6,1,T,PTRB,379,DS,7,17,,8,0,0,CON,D,,1,99,999999999,99999999999,3,6,1,1,0,0,0,0,0,0,0,999,0,0,0,1,1,2,1,8,0,0,0,1,42,17859,6,1,6,1,3,0,67,999,0,0,0,0,2,4,2008,6,2008,0,0,0,0,0,1,2,30,1,1,2,1,3,3,4,80,99,1,1,13,0,0
36,360626,1,1,3,17,8,17,49,9,0,1,0,36,2,63,38,63038,4,2010,KNAFU4A21A51,K,N,A,F,U,4,A,2,1,A,5,1,0,P,KIA,FEX,4D,10,17,2707,,0,1043,,G,,0,0,000000000,00000000000,0,0,0,1,0,0,0,0,0,0,0,999,0,0,0,11,11,6,2,9,0,0,0,1,36,11752,6,1,0,0,3,0,63,999,0,2,0,0,0,7,2009,9,2009,0,0,0,0,0,1,2,99,1,1,2,1,0,0,1,83,99,1,1,13,0,0
36,360627,1,3,0,2,5,23,2,12,1,1,0,36,6,37,32,37032,2,2003,1HGCM82693A0,1,H,G,C,M,8,2,6,9,3,A,0,0,P,HOND,UEX,CP,3,17,3047,,0,1051,,G,,0,0,000000000,00000000000,0,0,0,1,0,0,0,0,0,0,0,0,0,0,0,6,6,6,2,12,0,0,0,0,,,,,,,,,999,,,,,,,,,,,,0,0,0,0,3,3,50,1,3,2,1,0,0,0,98,0,0,0,98,0,0
36,360627,2,3,1,2,5,23,2,12,1,1,0,36,1,76,705,76705,80,2009,JYARJ16E69A0,J,Y,A,R,J,1,6,E,6,9,A,0,0,M,YAMA,R6L,RC,9,17,,,,,,,599,0,0,000000000,00000000000,0,0,0,1,0,0,0,0,0,0,0,999,0,0,0,12,12,6,2,12,0,0,0,1,36,10031,6,1,0,0,3,0,67,999,1,5,1,0,0,5,2008,10,2009,0,0,0,0,0,3,2,50,1,3,2,1,0,0,1,50,99,1,1,98,1,0
36,360627,3,3,1,2,5,23,2,12,1,1,0,36,2,30,42,30042,5,2003,9BWGK61J5340,9,B,W,G,K,6,1,J,5,3,4,0,0,P,VOLK,GLS,4H,3,17,2822,,0,989,,G,,0,0,000000000,00000000000,0,0,0,1,0,0,0,0,0,0,0,999,0,0,0,3,3,2,1,12,0,0,0,1,36,11209,6,1,0,0,3,3,66,999,0,0,0,0,0,0,0,0,0,0,0,0,0,0,3,3,50,1,3,2,1,0,0,1,19,99,1,1,98,0,0
36,360628,1,1,1,30,8,12,24,42,0,1,0,36,2,42,36,42036,4,1991,WDBCA35EXMA5,W,D,B,C,A,3,5,E,X,M,A,5,0,P,MERZ,42S,4D,91,17,3915,,0,1211,,G,,0,0,000000000,00000000000,0,0,0,1,0,0,0,0,0,0,0,999,0,0,0,12,12,6,2,42,0,0,0,1,36,11771,6,1,0,0,3,3,62,999,1,0,0,0,0,12,2008,12,2008,0,0,0,0,0,1,2,99,2,3,2,1,0,0,14,12,99,1,4,6,1,0
36,360629,1,1,1,30,8,0,30,24,0,1,0,36,1,72,706,72706,80,2009,1HD4CP2109K4,1,H,D,4,C,P,2,1,0,9,K,4,0,M,HD,L8C,RS,9,17,,,,,,,883,0,0,000000000,00000000000,0,0,0,1,0,0,0,0,0,0,0,999,0,0,0,12,12,6,2,24,0,0,0,1,36,14586,6,8,0,0,3,0,69,999,0,14,1,0,2,12,2007,5,2010,1,0,0,0,0,1,2,30,1,2,2,1,0,0,1,13,99,1,4,1,1,1
36,360630,1,3,0,26,6,21,56,12,1,1,0,36,6,49,33,49033,2,1992,JT2AT86FXN00,J,T,2,A,T,8,6,F,X,N,0,0,0,P,TOYT,CSF,CP,92,17,2447,,0,994,,G,,0,0,000000000,00000000000,0,0,0,1,0,0,0,0,0,0,0,0,0,0,0,6,6,6,2,12,0,0,0,0,,,,,,,,,999,,,,,,,,,,,,0,0,0,0,3,3,65,1,2,1,1,0,0,0,98,0,0,0,98,0,0
36,360630,2,3,1,26,6,21,56,12,1,1,0,36,1,35,43,35043,4,2006,3N1CB51D16L6,3,N,1,C,B,5,1,D,1,6,L,6,0,P,NISS,S18,4D,6,17,2509,,0,998,,G,,0,0,000000000,00000000000,0,0,0,1,0,0,0,0,0,0,0,999,0,0,0,12,12,6,2,12,0,0,0,1,36,12303,6,1,0,0,3,0,69,999,0,0,0,0,0,0,0,0,0,0,0,0,0,0,3,3,65,1,2,1,1,0,0,6,50,99,1,2,98,1,1
36,360630,3,3,1,26,6,21,56,12,1,1,0,6,3,82,883,82883,66,2002,1FUJA6CG32LJ,1,F,U,J,A,6,C,G,3,2,L,J,1,T,FRHT,COL,DS,2,17,,8,0,0,CON,D,,3,57,11697550,5711697550,3,6,1,1,0,0,0,0,0,0,0,999,0,0,0,12,12,6,2,12,0,0,0,1,36,10467,6,1,6,0,3,3,66,999,0,0,0,0,0,0,0,0,0,0,92,0,0,0,3,3,65,1,2,1,1,0,0,1,50,99,1,2,98,0,0
36,360631,1,1,1,21,8,9,4,8,0,1,0,36,1,2,404,2404,14,1993,1J4GZ58YXPC6,1,J,4,G,Z,5,8,Y,X,P,C,6,0,T,JEEP,LRO,4W,93,17,,1,0,1059,GCK,G,,0,0,000000000,00000000000,0,0,0,1,0,0,0,0,0,0,0,30,0,0,0,12,12,6,2,8,0,0,0,1,36,12110,6,1,0,0,3,0,62,999,0,0,0,0,0,0,0,0,0,0,0,0,0,0,1,4,30,1,1,2,1,0,0,1,80,99,1,1,13,0,0
36,360632,1,1,1,27,8,9,50,42,0,1,0,36,1,48,34,48034,4,2002,4S3BE6352272,4,S,3,B,E,6,3,5,2,2,7,2,0,P,SUBA,ULW,4D,2,17,3255,,0,1043,,G,,0,0,000000000,00000000000,0,0,0,1,0,0,0,0,0,0,0,999,0,1,5,12,12,6,2,1,0,0,0,1,36,12534,6,1,0,0,3,3,66,999,0,0,0,0,1,12,2009,12,2009,0,0,0,0,0,1,2,55,1,2,2,1,0,0,1,13,99,1,4,1,1,0
36,360633,1,1,1,3,9,19,41,8,0,1,0,36,1,20,2,20002,4,2004,2G1WF52E0491,2,G,1,W,F,5,2,E,0,4,9,1,0,P,CHEV,IMP,4D,4,17,3389,,0,1105,,G,,0,0,000000000,00000000000,0,0,0,1,0,0,0,0,0,0,0,999,0,0,0,12,12,6,2,8,0,0,0,1,36,14901,6,1,0,0,3,3,67,999,1,1,0,1,0,11,2007,3,2010,0,0,0,0,0,1,2,30,1,1,2,1,0,0,1,80,99,1,1,13,0,1
36,360634,1,1,1,15,9,2,11,8,0,1,0,36,3,69,54,69054,3,2009,WMWMF33589TW,W,M,W,M,F,3,3,5,8,9,T,W,0,P,MNNI,COO,2H,9,17,2568,,0,971,,G,,0,0,000000000,00000000000,0,0,0,1,0,0,0,0,0,0,0,999,0,0,0,12,14,6,2,8,0,0,0,1,25,2139,6,1,0,0,3,0,67,999,0,0,0,0,0,0,0,0,0,0,0,0,0,0,3,3,40,1,1,2,1,0,0,1,80,99,1,1,13,0,0
36,360635,1,1,1,14,9,17,45,35,0,1,0,36,1,53,705,53705,80,2007,JS1SP46A8721,J,S,1,S,P,4,6,A,8,7,2,1,0,M,SUZI,D6E,RT,7,17,,,,,,,644,0,0,000000000,00000000000,0,0,0,1,0,0,0,0,0,0,0,999,0,0,0,12,12,6,2,30,0,0,0,1,36,12835,6,1,0,0,3,3,73,999,0,0,0,0,0,0,0,0,0,0,0,0,0,0,1,2,30,4,1,2,1,0,0,6,13,99,1,4,1,1,0
36,360636,1,1,2,14,9,12,0,42,0,1,0,36,1,22,441,22441,20,1998,1GMDX03E6WD2,1,G,M,D,X,0,3,E,6,W,D,2,0,T,PONT,TSP,ES,98,17,,1,0,1200,TSP,G,,0,0,000000000,00000000000,0,0,0,1,0,0,0,0,0,0,0,999,0,0,0,12,12,6,2,42,0,0,0,1,36,14450,6,1,0,0,3,3,67,999,0,0,0,0,0,0,0,0,0,0,0,0,0,0,1,2,55,1,1,2,1,0,0,1,13,99,1,4,1,1,0
36,360637,1,1,1,15,9,20,30,8,0,1,0,36,1,37,31,37031,4,2003,2HGES16543H5,2,H,G,E,S,1,6,5,4,3,H,5,0,P,HOND,UCL,4D,3,17,2513,,0,1031,,G,,0,0,000000000,00000000000,0,0,0,1,0,0,0,0,0,0,0,999,0,0,0,12,12,2,1,8,0,0,0,1,36,14223,6,1,0,0,3,0,66,999,0,0,0,0,0,0,0,0,0,0,38,39,0,0,3,5,40,1,1,2,1,3,3,1,80,99,1,1,13,0,0
36,360638,1,1,1,30,5,2,35,14,0,1,0,36,2,37,709,37709,80,2006,JH2PC37016M3,J,H,2,P,C,3,7,0,1,6,M,3,0,M,HOND,B60,RS,6,17,,,,,,,599,0,0,000000000,00000000000,0,0,0,1,0,0,0,0,0,0,0,999,0,0,0,12,12,6,2,14,0,0,0,1,36,13208,2,1,0,0,2,3,70,999,2,15,2,0,0,10,2007,4,2010,0,8,0,0,0,1,2,30,1,1,2,1,0,0,1,10,1,1,2,11,1,1
36,360639,1,2,2,15,1,10,50,12,6,1,0,36,1,20,20,20020,4,1999,2G1WL52M1X11,2,G,1,W,L,5,2,M,1,X,1,1,0,P,CHEV,L/S,4D,99,17,3330,,0,1075,,G,,0,0,000000000,00000000000,0,0,0,1,0,0,0,0,0,0,0,999,0,0,0,3,3,6,2,12,0,0,0,1,36,12020,6,1,0,0,3,3,68,999,0,0,0,0,0,0,0,0,0,0,38,0,0,0,2,4,45,1,1,2,1,0,0,11,15,1,1,2,68,1,0
36,360639,2,2,1,15,1,10,50,12,6,1,0,36,1,19,22,19022,4,2006,1G6KD57Y86U1,1,G,6,K,D,5,7,Y,8,6,U,1,0,P,CADI,TDS,4D,6,17,4009,,0,1156,,G,,0,0,000000000,00000000000,0,0,0,1,0,0,0,0,0,0,0,999,0,0,0,12,12,6,2,12,0,0,0,1,36,12180,6,1,0,0,3,0,77,999,0,0,0,0,1,8,2009,8,2009,0,0,0,0,0,2,4,45,1,1,2,1,0,0,1,62,99,1,1,69,0,0
36,360640,1,1,1,11,9,14,20,34,0,1,0,36,2,22,18,22018,4,2000,1G2NF52EXYC5,1,G,2,N,F,5,2,E,X,Y,C,5,0,P,PONT,SE1,4D,0,17,3116,,0,1070,,G,,0,0,000000000,00000000000,0,0,0,1,0,0,0,0,0,0,0,999,0,0,0,12,12,6,2,42,0,0,0,1,36,13071,6,1,0,0,3,0,72,999,0,3,1,0,0,8,2008,7,2010,1,0,0,0,0,1,2,55,1,1,2,1,0,0,1,6,99,2,4,7,1,0
36,360641,1,1,1,9,3,17,25,34,0,1,0,36,1,69,54,69054,3,2007,WMWMF33507TL,W,M,W,M,F,3,3,5,0,7,T,L,0,P,MNNI,COO,2H,7,17,2546,,0,971,,G,,0,0,000000000,00000000000,0,0,0,1,0,0,0,0,0,0,0,999,0,0,0,12,12,6,2,43,0,0,0,1,36,12401,6,1,0,0,3,3,69,999,0,0,0,0,0,0,0,0,0,0,0,0,0,0,1,2,99,3,1,2,1,28,3,14,12,99,1,4,6,1,0
36,360642,1,1,1,17,7,23,29,33,0,1,0,36,2,34,35,34035,4,2007,WBANF335X7CW,W,B,A,N,F,3,3,5,X,7,C,W,0,P,BMW,52X,4D,7,17,3627,,0,1137,,G,,0,0,000000000,00000000000,0,0,0,1,0,0,0,0,0,0,0,999,0,0,0,1,1,6,2,30,0,0,0,1,36,14621,6,1,0,0,3,0,68,999,1,0,0,0,0,6,2010,6,2010,1,0,0,0,0,1,2,30,1,1,2,1,0,0,1,13,99,1,4,1,1,1
36,360643,1,1,1,6,3,7,21,8,0,1,0,36,1,20,401,20401,14,1996,1GNFK16R9TJ3,1,G,N,F,K,1,6,R,9,T,J,3,0,P,CHEV,K15,UT,96,17,5082,,0,1315,,G,,0,0,000000000,00000000000,0,0,0,1,0,0,0,0,0,0,0,999,0,0,0,12,12,0,3,8,0,0,0,1,36,14905,6,1,6,0,3,0,69,999,0,0,0,0,0,0,0,0,0,0,0,0,0,0,2,4,35,1,2,2,1,0,0,11,80,99,1,1,13,0,0