STATE,ST_CASE,VEH_NO,VE_FORMS,NUMOCCS,DAY,MONTH,HOUR,MINUTE,HARM_EV,MAN_COLL,UNITTYPE,HIT_RUN,REG_STAT,OWNER,MAKE,MODEL,MAK_MOD,BODY_TYP,MOD_YEAR,VIN,VIN_1,VIN_2,VIN_3,VIN_4,VIN_5,VIN_6,VIN_7,VIN_8,VIN_9,VIN_10,VIN_11,VIN_12,TOW_VEH,VINTYPE,VINMAKE,VINA_MOD,VIN_BT,VINMODYR,VIN_LNGT,VIN_WGT,WGTCD_TR,WHLBS_LG,WHLBS_SH,SER_TR,FUELCODE,MCYCL_DS,J_KNIFE,MCARR_I1,MCARR_I2,MCARR_ID,GVWR,V_CONFIG,CARGO_BT,HAZ_INV,HAZ_PLAC,HAZ_ID,HAZ_CNO,HAZ_REL,BUS_USE,SPEC_USE,EMER_USE,TRAV_SP,UNDERIDE,ROLLOVER,ROLINLOC,IMPACT1,IMPACT2,DEFORMED,TOWED,M_HARM,VEH_SC1,VEH_SC2,FIRE_EXP,DR_PRES,L_STATE,DR_ZIP,L_STATUS,L_TYPE,CDL_STAT,L_ENDORS,L_COMPL,L_RESTRI,DR_HGT,DR_WGT,PREV_ACC,PREV_SUS,PREV_DWI,PREV_SPD,PREV_OTH,FIRST_MO,FIRST_YR,LAST_MO,LAST_YR,SPEEDREL,DR_SF1,DR_SF2,DR_SF3,DR_SF4,VTRAFWAY,VNUM_LAN,VSPD_LIM,VALIGN,VPROFILE,VPAVETYP,VSURCOND,VTRAFCON,VTCONT_F,P_CRASH1,P_CRASH2,P_CRASH3,PCRASH4,PCRASH5,ACC_TYPE,DEATHS,DR_DRINK
36,360682,2,2,1,7,6,20,16,12,9,1,0,9,2,53,705,53705,80,1999,JS1VP52A2X21,J,S,1,V,P,5,2,A,2,X,2,1,0,M,SUZI,SV6,RS,99,17,,,,,,,645,0,0,000000000,00000000000,0,0,0,1,0,0,0,0,0,0,0,999,0,0,0,11,11,6,2,12,0,0,0,1,36,11215,6,1,0,0,3,0,70,999,0,0,0,0,0,0,0,0,0,0,0,0,0,0,1,4,99,1,1,2,1,20,3,1,65,99,1,1,98,1,0
36,360683,1,1,1,12,4,6,45,8,0,1,0,36,2,7,472,7472,30,2003,1D7HL32N13S3,1,D,7,H,L,3,2,N,1,3,S,3,0,T,DODG,SPT,PC,3,17,,2,0,1309,DAK,G,,0,0,000000000,00000000000,0,0,0,1,0,0,0,0,0,0,0,999,0,0,0,12,12,6,2,8,0,0,0,1,36,11542,6,1,0,0,3,0,67,999,1,0,0,0,0,6,2007,6,2007,0,0,0,0,0,1,4,99,1,1,2,1,0,0,1,80,99,1,1,13,0,0
36,360684,1,1,1,3,8,21,10,8,0,1,0,36,1,41,50,41050,4,2003,1YVFP80C935M,1,Y,V,F,P,8,0,C,9,3,5,M,0,P,MAZD,M6I,4D,3,17,3042,,0,1053,,G,,0,0,000000000,00000000000,0,0,0,1,0,0,0,0,0,0,0,999,0,0,0,12,11,6,2,8,0,0,0,1,36,11575,6,1,0,0,3,3,63,999,0,2,0,0,0,8,2008,10,2008,0,92,0,0,0,1,2,99,1,1,2,1,0,0,1,80,99,1,1,13,0,0
36,360685,1,1,1,8,9,20,41,8,0,1,0,36,1,37,31,37031,4,2010,2HGFA1F61AH5,2,H,G,F,A,1,F,6,1,A,H,5,0,P,HOND,ULS,4D,10,17,2754,,0,1063,,G,,0,0,000000000,00000000000,0,0,0,1,0,0,0,0,0,0,0,999,0,0,0,12,12,6,2,8,0,0,0,1,36,11704,6,1,0,0,3,0,68,999,1,0,0,1,1,9,2007,11,2009,0,0,0,0,0,1,2,99,1,1,2,1,3,3,1,80,99,1,1,13,0,0
36,360686,1,2,2,9,8,16,48,12,6,1,0,36,1,23,481,23481,31,1987,1GTGV24K7HF7,1,G,T,G,V,2,4,K,7,H,F,7,0,T,GMC,V25,PK,87,17,,2,0,1315,V25,G,,0,0,000000000,00000000000,0,0,0,1,0,0,0,0,0,0,0,50,0,0,0,12,12,6,2,12,0,0,0,1,36,11776,6,1,6,0,3,0,70,999,0,2,0,0,0,2,2008,11,2009,0,0,0,0,0,3,2,50,1,1,1,1,3,3,1,17,99,1,1,69,0,0
36,360686,2,2,5,9,8,16,48,12,6,1,0,36,4,49,51,49051,4,2009,JTDKT9035952,J,T,D,K,T,9,0,3,5,9,5,2,0,P,TOYT,YAR,4H,9,17,0,,0,969,,G,,0,0,000000000,00000000000,0,0,0,1,0,0,0,0,0,0,0,999,0,0,0,3,3,6,2,12,0,0,0,1,36,11950,0,0,0,0,0,0,999,999,0,0,0,0,0,0,0,0,0,0,39,92,0,0,3,2,50,1,1,1,1,3,3,11,15,99,1,1,68,1,0
36,360687,1,1,2,1,9,20,11,16,0,1,0,36,2,34,39,34039,1,1999,4USCH3337XLF,4,U,S,C,H,3,3,3,7,X,L,F,0,P,BMW,UZ8,CV,99,17,2910,,0,963,,G,,0,0,000000000,00000000000,0,0,0,1,0,0,0,0,0,0,0,999,0,0,0,0,13,6,2,16,0,0,0,1,36,12866,6,1,0,0,3,3,64,999,0,0,0,0,0,0,0,0,0,0,0,0,0,0,1,2,35,4,3,2,1,28,3,14,98,99,1,1,0,1,0
36,360688,1,1,1,4,9,16,48,9,0,1,0,12,1,35,47,35047,4,2004,1N4AL11D34C1,1,N,4,A,L,1,1,D,3,4,C,1,0,P,NISS,ABS,4D,4,17,2913,,0,1102,,G,,0,0,000000000,00000000000,0,0,0,1,0,0,0,0,0,0,0,999,0,0,0,12,12,2,1,9,0,0,0,1,12,33558,6,1,0,0,3,0,68,999,0,0,0,0,0,0,0,0,0,0,0,0,0,0,4,2,30,1,1,2,1,20,3,1,83,6,1,2,13,0,0
36,360689,1,1,1,29,9,5,45,8,0,1,0,36,1,9,442,9442,20,1999,2P4GP25R9XR1,2,P,4,G,P,2,5,R,9,X,R,1,0,P,PLYM,VOF,SV,99,17,3415,,0,1133,,G,,0,0,000000000,00000000000,0,0,0,1,0,0,0,0,0,0,0,40,0,0,0,12,12,6,2,8,0,0,0,1,36,11434,6,1,0,0,3,3,63,999,1,0,0,0,0,6,2008,6,2008,0,0,0,0,0,1,3,30,1,1,2,1,0,0,1,80,99,1,1,13,0,0
36,360690,1,2,1,3,9,9,58,12,2,1,0,36,1,98,804,98804,66,1998,2WLPCDCJ3WK9,2,W,L,P,C,D,C,J,3,W,K,9,0,T,WSTR,490,TM,98,17,,8,0,0,CNV,D,,0,57,1245077,571245077,3,2,4,1,0,0,0,0,0,0,0,999,0,0,0,12,12,6,2,12,0,0,0,1,36,12885,6,1,6,1,3,3,73,999,0,0,0,0,0,0,0,0,0,0,38,48,0,0,1,2,35,1,1,2,1,28,3,11,15,99,1,1,68,0,0
36,360690,2,2,1,3,9,9,58,12,2,1,0,36,1,55,35,55035,4,2004,KMHDN46D54U7,K,M,H,D,N,4,6,D,5,4,U,7,0,P,HYUN,EST,4D,4,17,2635,,0,1027,,G,,0,0,000000000,00000000000,0,0,0,1,0,0,0,0,0,0,0,999,0,0,0,12,12,6,2,12,0,0,0,1,36,12857,6,1,0,0,3,3,60,999,0,0,0,0,0,0,0,0,0,0,0,0,0,0,1,2,35,1,1,2,1,28,3,1,66,99,1,1,69,1,0
36,360691,1,2,1,4,9,17,30,12,2,1,0,36,1,76,706,76706,80,2009,JYARN17E49A0,J,Y,A,R,N,1,7,E,4,9,A,0,0,M,YAMA,F1Z,RC,9,17,,,,,,,998,0,0,000000000,00000000000,0,0,0,1,0,0,0,0,0,0,0,999,0,0,0,12,3,6,2,12,0,0,0,1,36,10506,6,1,0,0,3,3,74,999,1,0,0,1,1,7,2008,1,2010,1,28,0,0,0,1,2,40,1,2,2,1,28,3,1,10,99,2,2,50,1,0
36,360691,2,2,1,4,9,17,30,12,2,1,0,36,1,2,404,2404,14,1999,1J4FF68S4XL6,1,J,4,F,F,6,8,S,4,X,L,6,0,T,JEEP,SPC,4W,99,17,,1,0,1014,CHK,G,,0,0,000000000,00000000000,0,0,0,1,0,0,0,0,0,0,0,999,0,0,0,12,12,6,2,12,0,0,0,1,36,10590,6,1,0,0,3,0,74,999,0,0,0,0,0,0,0,0,0,0,0,0,0,0,1,2,40,1,2,2,1,28,3,1,62,99,1,1,51,0,0
36,360692,1,2,1,26,9,0,20,12,6,1,0,36,1,13,1,13001,4,2002,1LNHM81W32Y6,1,L,N,H,M,8,1,W,3,2,Y,6,0,P,LINC,EXC,4D,2,17,4047,,0,1177,,G,,0,0,000000000,00000000000,0,0,0,1,0,0,0,0,0,0,0,999,0,0,0,3,3,6,2,12,0,0,0,1,36,10455,6,1,0,0,3,0,66,999,0,0,0,0,0,0,0,0,0,0,38,0,0,0,1,4,30,1,1,2,1,3,3,11,15,99,1,1,68,0,0
36,360692,2,2,1,26,9,0,20,12,6,1,0,36,2,73,705,73705,80,2007,JKAZX4P107A0,J,K,A,Z,X,4,P,1,0,7,A,0,0,M,KAWK,ZXP,RS,7,17,,,,,,,599,0,0,000000000,00000000000,0,0,0,1,0,0,0,0,0,0,0,999,0,0,0,12,12,6,2,12,0,0,0,1,36,10454,0,0,0,0,0,0,999,999,0,0,0,0,0,0,0,0,0,0,0,0,0,0,1,4,30,1,1,2,1,3,3,1,62,99,1,1,69,1,0
36,360693,1,2,1,6,9,12,34,12,6,1,0,36,2,12,3,12003,2,2009,1ZVHT80N6951,1,Z,V,H,T,8,0,N,6,9,5,1,0,P,FORD,MUS,CP,9,17,3300,,0,1071,,G,,0,0,000000000,00000000000,0,0,0,1,0,0,0,0,0,0,0,999,0,0,0,7,7,2,1,12,0,0,0,1,36,11030,6,2,0,0,3,0,70,999,0,0,0,0,0,0,0,0,0,0,92,38,52,0,1,6,30,1,2,2,1,3,3,11,15,99,1,1,68,0,0
36,360693,2,2,1,6,9,12,34,12,6,1,0,36,1,71,706,71706,80,2008,ZDM1ZDFWX8B0,Z,D,M,1,Z,D,F,W,X,8,B,0,0,U,,,,8,17,,,,,,,,0,0,000000000,00000000000,0,0,0,1,0,0,0,0,0,0,0,999,0,0,0,12,12,6,2,12,0,0,0,1,36,11030,6,1,0,0,3,0,69,999,1,0,0,0,0,7,2009,7,2009,0,0,0,0,0,1,6,30,1,2,2,1,3,3,1,66,99,1,1,69,1,0
36,360694,1,1,1,7,7,20,50,9,0,1,1,34,3,98,804,98804,63,2005,5KKHAEDE45PU,5,K,K,H,A,E,D,E,4,5,P,U,1,T,WSTR,49F,TM,5,17,,8,0,0,CNV,D,,1,99,999999999,99999999999,3,2,1,1,0,0,0,0,0,0,0,999,0,0,0,3,3,2,1,9,0,0,0,1,99,99999,9,9,99,9,9,9,999,999,99,99,99,99,99,99,9999,99,9999,0,0,0,0,0,1,2,99,1,1,2,1,0,0,10,83,99,1,1,98,0,0
36,360695,1,1,1,25,9,13,15,1,0,1,0,36,2,98,739,98739,90,2006,4UF06ATV66T2,4,U,F,0,6,A,T,V,6,6,T,2,0,U,,,,6,17,,,,,,,,0,0,000000000,00000000000,0,0,0,1,0,0,0,0,0,0,0,999,0,2,1,0,0,6,2,1,0,0,0,1,36,13753,6,1,0,0,3,3,67,999,0,0,0,0,0,0,0,0,0,1,0,0,0,0,1,2,55,1,1,2,1,0,0,1,98,99,3,1,98,1,0
36,360696,1,1,3,4,7,23,48,42,0,1,0,36,2,12,37,12037,2,2002,3FAFP31352R1,3,F,A,F,P,3,1,3,5,2,R,1,0,P,FORD,FZX,3P,2,17,2598,,0,1030,,G,,0,0,000000000,00000000000,0,0,0,1,0,0,0,0,0,0,0,999,0,0,0,12,12,6,2,42,0,0,0,1,36,14701,0,0,0,0,0,0,999,999,0,0,0,0,0,0,0,0,0,0,0,0,0,0,1,2,99,1,1,2,1,0,0,1,13,99,1,4,1,1,0
36,360697,1,1,2,30,7,4,40,9,0,1,1,39,2,7,461,7461,21,1997,2B7HB21X6VK5,2,B,7,H,B,2,1,X,6,V,K,5,0,T,DODG,25B,CG,97,17,,2,1272,1096,RMV,G,,0,0,000000000,00000000000,0,0,0,1,0,0,0,0,0,0,0,999,0,0,0,12,12,2,3,9,0,0,0,1,36,10304,1,1,0,0,2,2,66,999,0,0,0,0,0,0,0,0,0,0,92,74,0,0,1,2,30,1,1,2,1,0,0,1,83,99,1,1,13,0,0
36,360698,1,1,3,4,9,1,45,42,0,1,0,36,1,30,46,30046,6,2004,WVWVD63B44E1,W,V,W,V,D,6,3,B,4,4,E,1,0,P,VOLK,PGS,SW,4,17,3252,,0,1064,,G,,0,0,000000000,00000000000,0,0,0,1,0,0,0,0,0,0,0,999,0,0,0,3,3,6,2,42,0,0,0,1,36,12586,6,1,0,0,3,0,68,999,1,0,0,1,1,8,2008,2,2010,1,0,0,0,0,1,2,55,2,1,2,1,28,3,14,13,99,1,4,1,1,1
36,360699,1,1,1,25,9,19,57,11,0,1,0,36,1,72,706,72706,80,2007,1HD1GN4127K3,1,H,D,1,G,N,4,1,2,7,K,3,0,M,HD,FDL,RS,7,17,,,,,,,1584,0,0,000000000,00000000000,0,0,0,1,0,0,0,0,0,0,0,45,0,0,0,12,12,6,2,11,0,0,0,1,36,13317,6,1,0,0,3,0,66,999,0,0,0,0,0,0,0,0,0,0,83,0,0,0,1,2,55,1,1,2,1,0,0,1,87,99,1,1,13,1,1
36,360700,1,2,5,29,7,15,33,12,2,1,0,36,1,20,36,20036,2,1995,2G1WX12X3S91,2,G,1,W,X,1,2,X,3,S,9,1,0,P,CHEV,MZ3,CP,95,17,3451,,0,1075,,G,,0,0,000000000,00000000000,0,0,0,1,0,0,0,0,0,0,0,999,0,0,0,12,12,6,2,12,0,0,0,1,36,13440,6,1,0,0,3,0,64,999,0,1,0,0,0,5,2010,5,2010,0,38,0,0,0,1,2,55,1,1,2,1,20,3,11,15,99,1,1,82,0,0
36,360700,2,2,1,29,7,15,33,12,2,1,0,36,1,72,706,72706,80,2008,1HD1FR4108Y6,1,H,D,1,F,R,4,1,0,8,Y,6,0,M,HD,FKC,RS,8,17,,,,,,,1584,0,0,000000000,00000000000,0,0,0,1,0,0,0,0,0,0,0,999,0,0,0,12,12,6,2,12,0,0,0,1,36,13440,6,1,6,0,3,3,71,999,0,0,0,0,0,0,0,0,0,0,0,0,0,0,1,2,55,1,1,2,1,20,3,1,17,99,1,1,83,1,0
36,360701,1,1,2,26,9,12,45,11,0,1,0,42,1,73,706,73706,80,2009,JKBVNRA169A0,J,K,B,V,N,R,A,1,6,9,A,0,0,M,KAWK,V7A,RS,9,17,,,,,,,1700,0,0,000000000,00000000000,0,0,0,1,0,0,0,0,0,0,0,40,0,0,0,12,12,6,2,11,0,0,0,1,42,18847,6,1,0,0,3,0,72,999,0,0,0,0,0,0,0,0,0,0,83,0,0,0,1,2,55,3,1,2,1,28,3,14,87,99,1,1,13,1,0
36,360702,1,1,1,2,10,10,5,8,0,1,0,36,3,20,481,20481,31,2004,999999999999,9,9,9,9,9,9,9,9,9,9,9,9,0,U,,,,9,17,,,,,,,,0,0,000000000,00000000000,0,0,0,1,0,0,0,0,0,0,0,999,0,0,0,12,12,0,1,8,0,0,0,1,23,4422,6,1,0,0,3,0,67,999,0,0,0,0,0,0,0,0,0,0,38,0,0,0,1,2,30,1,1,2,1,3,3,11,80,99,1,1,13,0,0
36,360703,1,1,1,5,9,0,39,25,0,1,0,36,2,35,47,35047,4,1999,1N4DL01D5XC1,1,N,4,D,L,0,1,D,5,X,C,1,0,P,NISS,AGS,4D,99,17,2762,,0,1031,,G,,0,0,000000000,00000000000,0,0,0,1,0,0,0,0,0,0,0,999,0,0,0,12,12,6,2,2,0,0,1,1,36,13480,6,2,0,0,3,0,67,999,1,2,1,1,1,9,2007,7,2010,0,0,0,0,0,1,2,55,4,1,2,1,0,0,14,13,99,1,4,1,1,0
36,360704,1,4,2,11,8,13,55,12,1,1,0,36,3,84,881,84881,63,2010,1HSHUAZN6AJ2,1,H,S,H,U,A,Z,N,6,A,J,2,1,T,INTL,850,DS,10,17,,7,0,0,80S,D,,1,57,504172,57504172,3,4,1,1,0,0,0,0,0,0,0,0,0,0,0,12,12,6,2,12,0,0,0,1,36,13440,6,1,6,0,3,3,66,999,0,0,0,0,0,0,0,0,0,0,26,0,0,0,1,2,45,1,3,2,1,0,0,1,50,99,1,1,20,0,0
36,360704,2,4,2,11,8,13,55,12,1,1,0,36,1,63,33,63033,4,2009,KNAFE222X956,K,N,A,F,E,2,2,2,X,9,5,6,0,P,KIA,SXC,4D,9,17,2701,,0,1028,,G,,0,0,000000000,00000000000,0,0,0,1,0,0,0,0,0,0,0,0,0,0,0,6,6,6,2,12,0,0,0,1,36,13860,6,1,0,0,3,0,72,999,0,0,0,0,0,0,0,0,0,0,0,0,0,0,1,2,45,1,3,2,1,0,0,5,53,99,1,1,21,2,0
36,360704,3,4,1,11,8,13,55,12,1,1,0,36,3,12,481,12481,31,2008,1FTRF12218KE,1,F,T,R,F,1,2,2,1,8,K,E,0,T,FORD,F15,PK,8,17,,2,1450,1260,COF,G,,0,0,000000000,00000000000,0,0,0,1,0,0,0,0,0,0,0,0,0,0,0,6,6,6,2,12,0,0,0,1,36,14590,6,1,0,0,3,0,70,999,0,3,1,0,0,11,2007,1,2008,0,0,0,0,0,1,2,45,1,3,2,1,0,0,5,53,99,1,1,98,0,0
36,360704,4,4,1,11,8,13,55,12,1,1,0,36,1,7,482,7482,31,2004,1D7HU16D74J1,1,D,7,H,U,1,6,D,7,4,J,1,0,T,DODG,S15,PK,4,17,,2,1405,1205,RPC,G,,0,0,000000000,00000000000,0,0,0,1,0,0,0,0,0,0,0,999,0,0,0,18,18,2,1,54,0,0,0,1,36,13021,6,1,0,0,3,0,67,999,0,0,0,0,0,0,0,0,0,0,0,0,0,0,1,2,45,1,3,2,1,0,0,1,98,99,1,1,98,0,0
36,360705,1,1,5,25,9,12,34,41,0,1,0,36,1,6,41,6041,4,1998,2C3HD46J9WH1,2,C,3,H,D,4,6,J,9,W,H,1,0,P,CHRY,CIX,4D,98,17,3422,,0,1130,,G,,0,0,000000000,00000000000,0,0,0,1,0,0,0,0,0,0,0,999,0,0,0,9,9,6,2,42,0,0,0,1,36,14131,6,1,0,0,3,0,70,999,0,0,0,0,0,0,0,0,0,1,0,0,0,0,1,2,55,1,2,2,1,0,0,1,12,99,1,4,6,2,0
36,360706,1,1,2,26,9,3,17,34,0,1,0,36,2,63,32,63032,4,2008,KNADE1238863,K,N,A,D,E,1,2,3,8,8,6,3,0,P,KIA,RBL,4D,8,17,2365,,0,984,,G,,0,0,000000000,00000000000,0,0,0,1,0,0,0,0,0,0,0,999,0,0,0,12,12,6,2,30,0,0,0,1,36,14850,2,1,0,0,2,2,66,999,1,2,1,1,0,2,2008,11,2008,1,74,0,0,0,1,2,55,1,1,2,1,0,0,1,13,99,1,4,1,1,1
36,360707,1,2,1,14,9,9,18,12,6,1,0,36,1,12,17,12017,4,2006,1FAFP56U66A2,1,F,A,F,P,5,6,U,6,6,A,2,0,P,FORD,TEL,4D,6,17,3314,,0,1085,,G,,0,0,000000000,00000000000,0,0,0,1,0,0,0,0,0,0,0,999,0,0,0,9,9,6,2,12,0,0,0,1,36,14020,6,1,0,0,3,3,67,999,0,0,0,0,1,11,2007,11,2007,0,39,0,0,0,1,4,30,1,1,2,1,20,3,11,17,99,1,1,68,1,0
36,360707,2,2,1,14,9,9,18,12,6,1,0,36,1,20,481,20481,31,2000,1GCEK14V9YZ2,1,G,C,E,K,1,4,V,9,Y,Z,2,0,T,CHEV,SK1,PK,0,17,,2,1330,1190,SIL,G,,0,0,000000000,00000000000,0,0,0,1,0,0,0,0,0,0,0,999,0,0,0,12,12,6,2,12,0,0,0,1,36,14058,6,1,0,0,3,0,66,999,0,0,0,0,0,0,0,0,0,0,0,0,0,0,1,4,30,1,1,2,1,20,3,1,66,99,1,1,69,0,0
36,360708,1,2,1,4,10,17,7,12,2,1,0,36,2,24,1,24001,4,1994,1G8ZF5590RZ3,1,G,8,Z,F,5,5,9,0,R,Z,3,0,P,STRN,SSL,4D,94,17,2210,,0,1024,,G,,0,0,000000000,00000000000,0,0,0,1,0,0,0,0,0,0,0,999,0,0,0,12,12,6,2,12,0,0,0,1,36,12832,6,2,0,0,3,3,68,999,1,0,0,0,0,2,2010,2,2010,0,28,0,0,0,1,2,55,3,1,2,1,0,0,14,10,99,1,2,50,1,0
36,360708,2,2,1,4,10,17,7,12,2,1,0,36,3,20,471,20471,30,2000,1GCCS1958YK2,1,G,C,C,S,1,9,5,8,Y,K,2,0,T,CHEV,S14,PC,0,17,,1,0,1229,S,F,,0,0,000000000,00000000000,0,0,0,1,0,0,0,0,0,0,0,999,0,0,0,12,12,6,2,12,0,0,0,1,36,12837,6,1,0,0,3,0,70,999,0,0,0,0,0,0,0,0,0,0,0,0,0,0,1,2,55,3,1,2,1,0,0,14,62,99,1,1,51,1,0
36,360709,1,1,2,24,7,21,13,8,0,1,0,36,1,9,442,9442,20,1998,2P4GP44G7WR7,2,P,4,G,P,4,4,G,7,W,R,7,0,P,PLYM,VOF,SV,98,17,3675,,0,1193,,F,,0,0,000000000,00000000000,0,0,0,1,0,0,0,0,0,0,0,999,0,0,0,1,1,2,1,8,0,0,0,1,36,11717,6,1,0,0,3,0,66,999,1,0,0,0,0,9,2009,9,2009,0,0,0,0,0,2,4,99,1,1,2,1,0,0,1,80,99,1,1,13,0,0
36,360710,1,2,1,16,7,22,40,12,1,1,0,36,2,76,705,76705,80,2001,JYACJ01C81A0,J,Y,A,C,J,0,1,C,8,1,A,0,0,M,YAMA,Y42,MX,1,17,,,,,,,400,0,0,000000000,00000000000,0,0,0,1,0,0,0,0,0,0,0,35,0,0,0,6,6,6,2,12,0,0,0,1,36,12561,2,1,0,0,2,2,70,999,0,3,1,0,0,1,2009,4,2009,0,74,0,0,0,1,2,35,1,2,2,1,0,0,1,53,99,1,1,25,1,1
36,360710,2,2,1,16,7,22,40,12,1,1,1,36,1,35,481,35481,31,2010,1N6AA0EC4AN3,1,N,6,A,A,0,E,C,4,A,N,3,0,T,NISS,TXP,CW,10,17,,2,0,1398,TTN,G,,0,0,000000000,00000000000,0,0,0,1,0,0,0,0,0,0,0,999,0,0,0,12,12,6,2,12,0,0,0,1,36,12531,6,1,6,0,3,3,72,999,3,0,0,1,1,10,2007,4,2009,0,92,38,0,0,1,2,35,1,2,2,1,0,0,1,51,99,1,1,24,0,1
36,360711,1,1,1,28,9,4,2,8,0,1,1,99,9,99,999,99999,99,9999,999999999999,9,9,9,9,9,9,9,9,9,9,9,9,0,U,,,,9,17,,,,,,,,0,0,000000000,00000000000,0,0,0,1,0,0,0,0,0,0,0,999,0,0,0,99,99,9,1,8,0,0,0,1,99,99999,9,9,99,9,9,9,999,999,99,99,99,99,99,99,9999,99,9999,0,0,0,0,0,3,3,99,1,2,1,2,0,0,1,80,99,1,1,13,0,0
36,360712,1,1,1,15,8,19,24,31,0,1,0,0,0,73,739,73739,90,2004,999999999999,9,9,9,9,9,9,9,9,9,9,9,9,0,U,,,,9,17,,,,,,,,0,0,000000000,00000000000,0,0,0,1,0,0,0,0,0,0,0,999,0,1,5,9,9,4,1,1,0,0,0,1,36,12414,2,1,0,0,2,2,74,999,0,0,0,0,0,0,0,0,0,1,74,0,0,0,1,2,99,4,2,2,2,0,0,14,12,99,1,4,6,1,1
36,360713,1,1,2,20,8,18,8,5,0,1,0,36,1,20,431,20431,16,1995,1GNFK16K2SJ4,1,G,N,F,K,1,6,K,2,S,J,4,0,P,CHEV,K15,UT,95,17,0,,0,1315,,G,,0,0,000000000,00000000000,0,0,0,1,0,0,0,0,0,0,0,10,0,0,0,0,0,0,3,5,0,0,0,1,36,14605,6,1,0,0,3,0,66,999,0,1,0,0,1,11,2007,4,2008,0,0,0,0,0,1,2,30,1,1,2,1,0,0,13,98,1,1,1,0,1,0
36,360714,1,1,1,4,8,19,50,33,0,1,0,36,1,72,706,72706,80,1992,1HD1EGL15NY1,1,H,D,1,E,G,L,1,5,N,Y,1,0,M,HD,FXP,RS,92,17,,,,,,,1340,0,0,000000000,00000000000,0,0,0,1,0,0,0,0,0,0,0,999,0,0,0,12,12,6,2,42,0,0,0,1,36,12533,6,1,0,0,3,0,69,999,1,0,0,0,1,7,2009,4,2010,0,0,0,0,0,4,1,99,1,1,2,1,0,0,1,9,99,1,4,6,1,1
36,360715,1,3,1,26,8,16,20,12,2,1,0,36,1,20,23,20023,6,2008,3GNCA53P18S6,3,G,N,C,A,5,3,P,1,8,S,6,0,P,CHEV,HHR,UT,8,17,3155,,0,1035,,G,,0,0,000000000,00000000000,0,0,0,1,0,0,0,0,0,0,0,999,0,0,0,12,12,6,2,12,0,0,0,1,36,14551,6,1,0,0,3,3,58,999,0,0,0,0,0,0,0,0,0,0,28,0,0,0,1,2,50,1,2,2,1,0,0,1,10,99,1,2,50,1,0
36,360715,2,3,1,26,8,16,20,12,2,1,0,39,3,51,881,51881,66,1999,4VG7DAJF2XN7,4,V,G,7,D,A,J,F,2,X,N,7,1,T,VOLV,VVN,DS,99,17,,8,0,0,VVN,D,,1,57,00335884,5700335884,3,6,3,1,0,0,0,0,0,0,0,999,0,0,0,12,12,6,2,12,0,0,0,1,36,14590,6,1,6,1,3,0,64,999,0,0,0,0,0,0,0,0,0,0,0,0,0,0,1,2,50,1,2,2,1,0,0,1,62,99,1,1,51,0,0
36,360715,3,3,1,26,8,16,20,12,2,1,0,36,1,20,2,20002,4,2003,2G1WF52E4393,2,G,1,W,F,5,2,E,4,3,9,3,0,P,CHEV,IMP,4D,3,17,3389,,0,1105,,G,,0,0,000000000,00000000000,0,0,0,1,0,0,0,0,0,0,0,999,0,0,0,12,12,6,2,12,0,0,0,1,36,14505,6,1,0,0,3,0,64,999,0,2,0,2,2,1,2009,7,2010,0,0,0,0,0,1,2,50,1,2,2,1,0,0,1,62,99,1,1,98,0,0
36,360716,1,1,1,30,8,2,5,8,0,1,0,36,1,37,31,37031,2,1996,1HGEJ6228TL0,1,H,G,E,J,6,2,2,8,T,L,0,0,P,HOND,UCD,CP,96,17,2274,,0,1032,,G,,0,0,000000000,00000000000,0,0,0,1,0,0,0,0,0,0,0,999,0,0,0,12,12,6,2,8,0,0,0,1,36,11550,6,1,0,0,3,3,65,999,0,5,0,1,1,11,2007,8,2009,0,92,0,0,0,1,2,30,1,1,2,1,0,0,1,80,99,1,1,13,0,1
36,360717,1,2,1,30,9,5,9,12,6,1,0,36,1,12,3,12003,2,1998,1FAFP4042WF1,1,F,A,F,P,4,0,4,2,W,F,1,0,P,FORD,MUS,CP,98,17,3065,,0,1013,,G,,0,0,000000000,00000000000,0,0,0,1,0,0,0,0,0,0,0,999,0,0,0,9,9,6,2,12,0,0,0,1,36,11367,6,1,0,0,3,0,76,999,0,0,0,0,0,0,0,0,0,1,87,39,0,0,1,2,30,1,1,2,2,20,3,1,66,99,1,1,89,1,0
36,360717,2,2,1,30,9,5,9,12,6,1,0,17,3,51,881,51881,66,2005,4V4MC9GF65N3,4,V,4,M,C,9,G,F,6,5,N,3,1,T,VOLV,VNM,DS,5,17,,8,0,0,VVN,D,,1,99,999999999,99999999999,3,6,1,1,0,0,0,0,0,0,0,999,0,0,0,12,12,2,1,12,0,0,0,1,42,17545,6,1,6,1,3,0,73,999,0,0,0,0,1,6,2009,6,2009,0,0,0,0,0,1,2,30,1,1,2,2,20,3,1,17,99,1,1,88,0,0