STATE,ST_CASE,VEH_NO,VE_FORMS,NUMOCCS,DAY,MONTH,HOUR,MINUTE,HARM_EV,MAN_COLL,UNITTYPE,HIT_RUN,REG_STAT,OWNER,MAKE,MODEL,MAK_MOD,BODY_TYP,MOD_YEAR,VIN,VIN_1,VIN_2,VIN_3,VIN_4,VIN_5,VIN_6,VIN_7,VIN_8,VIN_9,VIN_10,VIN_11,VIN_12,TOW_VEH,VINTYPE,VINMAKE,VINA_MOD,VIN_BT,VINMODYR,VIN_LNGT,VIN_WGT,WGTCD_TR,WHLBS_LG,WHLBS_SH,SER_TR,FUELCODE,MCYCL_DS,J_KNIFE,MCARR_I1,MCARR_I2,MCARR_ID,GVWR,V_CONFIG,CARGO_BT,HAZ_INV,HAZ_PLAC,HAZ_ID,HAZ_CNO,HAZ_REL,BUS_USE,SPEC_USE,EMER_USE,TRAV_SP,UNDERIDE,ROLLOVER,ROLINLOC,IMPACT1,IMPACT2,DEFORMED,TOWED,M_HARM,VEH_SC1,VEH_SC2,FIRE_EXP,DR_PRES,L_STATE,DR_ZIP,L_STATUS,L_TYPE,CDL_STAT,L_ENDORS,L_COMPL,L_RESTRI,DR_HGT,DR_WGT,PREV_ACC,PREV_SUS,PREV_DWI,PREV_SPD,PREV_OTH,FIRST_MO,FIRST_YR,LAST_MO,LAST_YR,SPEEDREL,DR_SF1,DR_SF2,DR_SF3,DR_SF4,VTRAFWAY,VNUM_LAN,VSPD_LIM,VALIGN,VPROFILE,VPAVETYP,VSURCOND,VTRAFCON,VTCONT_F,P_CRASH1,P_CRASH2,P_CRASH3,PCRASH4,PCRASH5,ACC_TYPE,DEATHS,DR_DRINK
36,360786,1,1,4,30,9,22,58,42,0,1,0,36,1,49,50,49050,3,2006,JTKDE177X600,J,T,K,D,E,1,7,7,X,6,0,0,0,P,TOYT,SXC,LB,6,17,2905,,0,1063,,G,,0,0,000000000,00000000000,0,0,0,1,0,0,0,0,0,0,0,79,0,0,0,3,3,6,2,42,0,0,0,1,36,14530,6,1,0,0,3,3,62,999,0,0,0,0,0,0,0,0,0,1,0,0,0,0,1,2,45,1,2,2,2,0,0,1,6,99,4,4,7,1,1
36,360787,1,3,2,30,9,14,17,12,7,1,0,36,3,87,881,87881,66,2006,1XP5DB0X46N6,1,X,P,5,D,B,0,X,4,6,N,6,1,T,PTRB,379,DS,6,17,,8,0,0,CON,D,,1,57,584461,57584461,3,6,7,1,0,0,0,0,0,0,0,999,0,0,0,4,12,6,2,12,0,0,0,1,36,14432,6,1,6,1,3,0,66,999,0,0,0,0,0,0,0,0,0,1,26,0,0,0,3,2,65,2,1,2,2,0,0,15,11,99,1,2,46,0,0
36,360787,2,3,1,30,9,14,17,12,7,1,0,36,1,55,35,55035,4,2009,KMHDU46D39U8,K,M,H,D,U,4,6,D,3,9,U,8,0,P,HYUN,HEL,4D,9,17,2723,,0,1043,,G,,0,0,000000000,00000000000,0,0,0,1,0,0,0,0,0,0,0,999,0,0,0,7,7,6,2,12,0,0,0,1,36,13057,6,1,0,0,3,3,69,999,1,0,0,0,0,1,2010,1,2010,0,0,0,0,0,3,2,65,2,1,2,2,0,0,2,61,99,1,1,45,1,0
36,360787,3,3,1,30,9,14,17,12,7,1,1,36,3,87,881,87881,66,2003,1XP5DB0X73D8,1,X,P,5,D,B,0,X,7,3,D,8,1,T,PTRB,379,DS,3,17,,8,0,0,CON,D,,1,57,764909,57764909,3,6,7,1,0,0,0,0,0,0,0,999,0,0,0,4,4,2,1,12,0,0,0,1,36,13406,6,1,6,1,3,0,70,999,2,0,0,0,0,3,2009,12,2009,0,92,0,0,0,3,2,65,2,1,2,2,0,0,14,11,99,1,2,98,0,0
36,360788,1,2,1,1,10,15,39,12,2,1,0,37,3,84,881,84881,66,2000,1HSHCAHR9YH2,1,H,S,H,C,A,H,R,9,Y,H,2,1,T,INTL,810,DS,0,17,,8,2560,1440,80S,D,,1,57,121018,57121018,3,6,1,1,0,0,0,0,0,0,0,999,0,0,0,12,12,2,3,12,0,0,0,1,36,14225,6,1,6,1,3,0,70,999,0,0,0,0,0,0,0,0,0,0,0,0,0,0,1,2,45,4,2,2,1,0,0,14,62,1,1,1,51,0,0
36,360788,2,2,1,1,10,15,39,12,2,1,0,36,1,6,14,6014,4,1993,1C3XC66R3PD2,1,C,3,X,C,6,6,R,3,P,D,2,0,P,CHRY,NYS,4D,93,17,3151,,0,1043,,G,,0,0,000000000,00000000000,0,0,0,1,0,0,0,0,0,0,0,999,0,0,0,12,12,6,2,12,0,0,0,1,36,14757,6,1,0,0,3,3,68,999,0,0,0,0,0,0,0,0,0,0,28,0,0,0,1,2,45,4,2,2,1,0,0,14,10,1,1,2,50,1,0
36,360789,1,1,7,13,10,13,30,5,0,1,0,36,3,20,461,20461,21,2007,999999999999,9,9,9,9,9,9,9,9,9,9,9,9,0,U,,,,9,17,,,,,,,,0,0,000000000,00000000000,0,0,0,1,0,0,0,0,0,0,0,999,0,0,0,0,0,0,1,5,0,0,0,1,36,12072,6,1,0,0,3,3,67,999,0,0,0,0,0,0,0,0,0,0,0,0,0,0,2,2,55,1,1,2,1,0,0,11,98,99,1,1,0,1,0
36,360790,1,1,1,13,10,17,50,14,0,1,0,36,2,37,706,37706,80,2008,JH2SC59058M0,J,H,2,S,C,5,9,0,5,8,M,0,0,M,HOND,CBS,RC,8,17,,,,,,,998,0,0,000000000,00000000000,0,0,0,1,0,0,0,0,0,0,0,999,0,0,0,11,11,6,2,14,0,0,0,1,36,14211,2,1,0,0,2,0,69,999,0,0,0,0,0,0,0,0,0,0,0,0,0,0,1,2,30,1,1,2,1,0,0,1,9,99,3,2,11,1,1
36,360791,1,2,1,2,10,12,17,12,2,1,0,36,2,20,422,20422,15,2004,3GNFK16T44G1,3,G,N,F,K,1,6,T,4,4,G,1,0,P,CHEV,K15,UT,4,17,5219,,0,1300,,G,,0,0,000000000,00000000000,0,0,0,1,0,0,0,0,0,0,0,999,0,0,0,12,12,6,2,12,0,0,0,1,36,11788,6,1,0,0,3,0,63,999,1,0,0,0,0,1,2009,1,2009,0,0,0,0,0,1,2,50,1,1,2,1,0,0,1,62,99,1,1,51,0,0
36,360791,2,2,1,2,10,12,17,12,2,1,0,36,1,51,42,51042,4,1995,YV1LS5511S12,Y,V,1,L,S,5,5,1,1,S,1,2,0,P,VOLV,8/G,4D,95,17,3126,,0,1049,,G,,0,0,000000000,00000000000,0,0,0,1,0,0,0,0,0,0,0,999,0,0,0,12,12,6,2,12,0,0,0,1,36,11961,6,1,0,0,3,0,75,999,0,0,0,0,0,0,0,0,0,0,28,0,0,0,1,2,50,1,1,2,1,0,0,1,10,99,1,2,50,1,0
36,360792,1,1,1,8,10,20,28,15,0,1,0,36,2,14,37,14037,4,1999,1MEFM6533XK6,1,M,E,F,M,6,5,3,3,X,K,6,0,P,MERC,MSP,4D,99,17,2805,,0,1065,,G,,0,0,000000000,00000000000,0,0,0,1,0,0,0,0,0,0,0,999,0,0,0,12,12,6,2,15,0,0,0,1,36,14604,6,1,0,0,3,0,72,999,0,0,0,0,0,0,0,0,0,0,0,0,0,0,1,2,35,1,2,2,1,0,0,1,80,99,1,1,13,0,0
36,360793,1,1,1,17,9,12,30,31,0,1,0,36,1,49,403,49403,14,2010,JTEDK3EH6A21,J,T,E,D,K,3,E,H,6,A,2,1,0,P,TOYT,HIG,UT,10,17,0,,0,1098,,G,,0,0,000000000,00000000000,0,0,0,1,0,0,0,0,0,0,0,999,0,0,0,12,12,6,2,34,0,0,0,1,36,14012,6,1,0,0,3,0,69,999,0,0,0,0,0,0,0,0,0,0,0,0,0,0,1,2,55,1,1,2,1,0,0,1,12,1,1,4,6,1,0
36,360794,1,1,1,6,10,22,24,8,0,1,0,36,2,41,35,41035,4,1995,JM1BA1417S01,J,M,1,B,A,1,4,1,7,S,0,1,0,P,MAZD,PDL,4D,95,17,2449,,0,1026,,G,,0,0,000000000,00000000000,0,0,0,1,0,0,0,0,0,0,0,999,0,0,0,12,12,6,2,8,0,0,0,1,36,10965,6,1,0,0,3,0,68,999,0,0,0,0,0,0,0,0,0,0,0,0,0,0,3,2,45,1,1,2,1,3,3,1,80,99,1,1,13,0,0
36,360795,1,1,1,7,6,12,24,8,0,1,0,36,3,20,2,20002,4,2000,2G1WF52E6Y92,2,G,1,W,F,5,2,E,6,Y,9,2,0,P,CHEV,IMP,4D,0,17,3389,,0,1110,,G,,0,0,000000000,00000000000,0,0,0,1,0,0,0,0,0,0,0,999,0,0,0,12,12,2,3,8,0,0,0,1,36,11731,6,1,0,0,3,3,71,999,0,0,0,0,0,0,0,0,0,0,86,0,0,0,5,3,99,1,1,2,1,2,3,1,80,2,1,1,13,0,0
36,360796,1,6,1,23,9,12,16,12,1,1,0,36,1,42,45,42045,1,2010,WDBWK5EA7AF2,W,D,B,W,K,5,E,A,7,A,F,2,0,P,MERZ,SK0,CV,10,17,3241,,0,957,,G,,0,0,000000000,00000000000,0,0,0,1,0,0,0,0,0,0,0,999,0,0,0,12,12,6,2,12,0,0,0,1,36,14617,6,1,0,0,3,3,62,999,0,0,0,0,0,0,0,0,0,0,26,0,0,0,2,3,99,1,1,2,1,3,3,1,50,99,1,1,20,1,0
36,360796,2,6,2,23,9,12,16,12,1,1,0,36,1,20,402,20402,14,2003,2CNBJ6340369,2,C,N,B,J,6,3,4,0,3,6,9,0,P,CHEV,TKR,UT,3,17,2987,,0,976,,G,,0,0,000000000,00000000000,0,0,0,1,0,0,0,0,0,0,0,0,0,0,0,6,6,6,2,12,0,0,0,1,36,14506,6,1,0,0,3,3,61,999,1,0,0,0,0,6,2008,6,2008,0,0,0,0,0,2,3,99,1,1,2,1,3,3,5,53,99,1,1,21,0,0
36,360796,3,6,1,23,9,12,16,12,1,1,0,36,2,12,37,12037,2,2003,1FAFP33P33W2,1,F,A,F,P,3,3,P,3,3,W,2,0,P,FORD,FOX,4D,3,17,2564,,0,1030,,G,,0,0,000000000,00000000000,0,0,0,1,0,0,0,0,0,0,0,0,0,0,0,3,3,4,3,12,0,0,0,1,36,14470,1,1,0,0,2,2,67,999,0,0,0,0,0,0,0,0,0,0,74,0,0,0,2,3,99,1,1,2,1,3,3,5,98,99,1,1,98,0,0
36,360796,4,6,2,23,9,12,16,12,1,1,0,36,1,58,37,58037,4,2007,JNKBV61F47M8,J,N,K,B,V,6,1,F,4,7,M,8,0,P,INFI,AWD,4D,7,17,3587,,0,1122,,G,,0,0,000000000,00000000000,0,0,0,1,0,0,0,0,0,0,0,0,0,0,0,6,6,6,2,12,0,0,0,1,36,14304,6,1,0,0,3,3,60,999,0,0,0,0,0,0,0,0,0,0,0,0,0,0,2,3,99,1,1,2,1,3,3,5,98,99,1,1,98,0,0
36,360796,5,6,1,23,9,12,16,12,1,1,0,36,1,49,40,49040,4,2009,4T1BK46K79U0,4,T,1,B,K,4,6,K,7,9,U,0,0,P,TOYT,LXS,4D,9,17,3461,,0,1090,,G,,0,0,000000000,00000000000,0,0,0,1,0,0,0,0,0,0,0,0,0,0,0,6,6,6,2,12,0,0,0,1,36,14617,6,1,0,0,3,0,67,999,0,0,0,0,0,0,0,0,0,0,0,0,0,0,2,3,99,1,1,2,1,3,3,5,98,99,1,1,98,0,0
36,360796,6,6,3,23,9,12,16,12,1,1,0,36,2,37,402,37402,14,2009,5J6RE48539L0,5,J,6,R,E,4,8,5,3,9,L,0,0,P,HOND,CRV,UT,9,17,3532,,0,1031,,G,,0,0,000000000,00000000000,0,0,0,1,0,0,0,0,0,0,0,0,0,0,0,6,6,4,3,12,0,0,0,1,36,14626,6,1,0,0,3,0,62,999,0,0,0,0,0,0,0,0,0,0,0,0,0,0,2,3,99,1,1,2,1,3,3,5,98,99,1,1,98,0,0
36,360797,1,1,1,5,10,10,50,24,0,1,0,33,3,98,809,98809,66,2006,2FWJAZDE06AV,2,F,W,J,A,Z,D,E,0,6,A,V,1,T,STRG,LT9,DS,6,17,,8,0,0,STE,D,,3,57,164880,57164880,3,6,1,1,0,0,0,0,0,0,0,999,0,0,0,1,1,6,2,5,0,0,0,1,33,3470,6,1,6,3,3,0,71,999,0,0,0,0,1,6,2010,6,2010,0,0,0,0,0,1,2,30,1,6,2,2,0,0,1,4,1,1,4,1,1,0
36,360798,1,1,1,10,10,1,10,8,0,1,1,36,2,2,404,2404,14,2000,1J4FF48S7YL1,1,J,4,F,F,4,8,S,7,Y,L,1,0,T,JEEP,SPT,4W,0,17,,1,0,1014,CHK,G,,0,0,000000000,00000000000,0,0,0,1,0,0,0,0,0,0,0,999,0,0,0,12,12,2,1,8,0,0,0,1,36,14701,6,1,0,0,3,3,75,999,0,0,0,0,0,0,0,0,0,0,28,0,0,0,1,2,55,1,1,2,1,28,3,1,80,99,1,4,13,0,0
36,360799,1,1,1,13,9,14,20,8,0,1,0,36,1,49,402,49402,14,2002,JTEHH20V1260,J,T,E,H,H,2,0,V,1,2,6,0,0,P,TOYT,RV4,UT,2,17,2877,,0,980,,G,,0,0,000000000,00000000000,0,0,0,1,0,0,0,0,0,0,0,999,0,0,0,12,12,2,1,8,0,0,0,1,36,11003,6,1,0,0,3,0,63,999,0,0,0,0,0,0,0,0,0,0,0,0,0,0,4,1,99,1,1,2,1,0,0,1,80,99,1,1,13,0,0
36,360800,1,1,1,9,10,7,4,42,0,1,0,92,0,35,47,35047,4,1997,1N4BU31D6VC1,1,N,4,B,U,3,1,D,6,V,C,1,0,P,NISS,AGS,4D,97,17,2756,,0,1031,,G,,0,0,000000000,00000000000,0,0,0,1,0,0,0,0,0,0,0,999,0,0,0,9,9,6,2,42,0,0,0,1,36,14611,0,0,0,0,0,0,66,999,0,4,0,0,0,12,2008,4,2009,1,0,0,0,0,1,2,30,1,1,2,1,0,0,6,13,99,1,4,1,1,1
36,360801,1,1,2,13,10,14,52,42,0,1,0,36,1,22,20,22020,4,2007,2G2WR5541712,2,G,2,W,R,5,5,4,1,7,1,2,0,P,PONT,GPG,4D,7,17,3484,,0,1105,,G,,0,0,000000000,00000000000,0,0,0,1,0,0,0,0,0,0,0,999,0,0,0,5,1,6,2,42,0,0,0,1,36,13669,6,1,0,0,3,3,73,999,1,0,0,0,0,8,2009,8,2009,1,0,0,0,0,1,2,20,1,3,2,1,0,0,1,12,99,1,4,6,2,0
36,360802,1,1,1,13,9,5,21,24,0,1,0,25,3,82,883,82883,66,2004,1FUJA6AV84LM,1,F,U,J,A,6,A,V,8,4,L,M,1,T,FRHT,COL,DS,4,17,,8,0,0,CON,D,,1,57,16130,5716130,3,6,1,1,0,0,0,0,0,0,0,999,0,1,5,12,12,6,2,1,0,0,0,1,42,17067,6,1,6,1,3,3,69,999,0,0,0,0,0,0,0,0,0,0,0,0,0,0,3,2,65,2,1,2,1,0,0,14,12,99,1,4,6,1,0
36,360803,1,1,1,4,10,6,50,8,0,1,0,36,3,90,981,90981,50,2002,1BAAGCPA12F2,1,B,A,A,G,C,P,A,1,2,F,2,0,U,,,,2,17,,,,,,,,0,57,60026630,5760026630,3,21,22,1,0,0,0,0,1,0,0,14,0,0,0,12,12,2,3,8,0,0,0,1,36,14047,6,1,6,0,3,3,71,999,0,0,0,0,0,0,0,0,0,0,38,0,0,0,1,4,40,1,2,2,1,3,3,11,80,99,1,1,13,0,0
36,360804,1,1,2,28,9,18,41,33,0,1,0,36,1,37,32,37032,4,2007,1HGCM66597A0,1,H,G,C,M,6,6,5,9,7,A,0,0,P,HOND,UEX,4D,7,17,3371,,0,1079,,G,,0,0,000000000,00000000000,0,0,0,1,0,0,0,0,0,0,0,999,0,1,6,12,12,6,2,1,0,0,0,1,36,12180,6,1,0,0,3,3,64,999,0,0,0,0,0,0,0,0,0,0,0,0,0,0,1,2,35,1,1,2,1,28,3,1,13,99,1,4,1,1,0
36,360805,1,2,1,15,10,6,33,12,2,1,0,36,1,20,2,20002,4,2005,2G1WF52E2592,2,G,1,W,F,5,2,E,2,5,9,2,0,P,CHEV,IMP,4D,5,17,3389,,0,1105,,G,,0,0,000000000,00000000000,0,0,0,1,0,0,0,0,0,0,0,999,0,0,0,12,12,6,2,12,0,0,0,1,36,12072,6,1,0,0,3,3,60,999,1,0,0,0,0,7,2010,7,2010,0,28,0,0,0,1,2,55,1,1,2,2,0,0,1,10,99,1,2,50,0,0
36,360805,2,2,1,15,10,6,33,12,2,1,0,36,2,37,402,37402,14,1998,JHLRD1860WC0,J,H,L,R,D,1,8,6,0,W,C,0,0,P,HOND,CRV,UT,98,17,3155,,0,1032,,G,,0,0,000000000,00000000000,0,0,0,1,0,0,0,0,0,0,0,999,0,0,0,12,12,6,2,12,0,0,0,1,36,12010,6,1,0,0,3,3,73,999,0,0,0,0,1,3,2008,3,2008,0,0,0,0,0,1,2,55,1,1,2,2,0,0,1,62,99,1,1,51,1,0
36,360806,1,1,1,11,10,23,47,8,0,1,0,36,2,59,31,59031,4,1999,JT8BF28G7X01,J,T,8,B,F,2,8,G,7,X,0,1,0,P,LEXS,ES3,4D,99,17,3351,,0,1051,,G,,0,0,000000000,00000000000,0,0,0,1,0,0,0,0,0,0,0,999,0,0,0,12,12,6,2,8,0,0,0,1,36,11219,6,1,0,0,3,0,67,999,0,0,0,0,0,0,0,0,0,0,38,0,0,0,1,2,30,1,1,2,2,3,3,1,80,99,1,1,13,0,0
36,360807,1,2,1,20,9,14,35,12,7,1,0,36,2,20,403,20403,14,2006,1GNDT13S0623,1,G,N,D,T,1,3,S,0,6,2,3,0,P,CHEV,TRL,UT,6,17,4594,,0,1130,,G,,0,0,000000000,00000000000,0,0,0,1,0,0,0,0,0,0,0,0,0,0,0,5,5,6,2,12,0,0,0,1,36,13057,6,1,0,0,3,0,69,999,0,0,0,0,0,0,0,0,0,0,27,0,0,0,3,6,65,2,2,2,1,0,0,15,60,6,1,2,44,1,0
36,360807,2,2,1,20,9,14,35,12,7,1,0,36,3,51,881,51881,66,2007,4V4NC9GH27N4,4,V,4,N,C,9,G,H,2,7,N,4,1,T,VOLV,VNL,DS,7,17,,8,0,0,VVN,D,,1,57,331423,57331423,3,6,1,1,0,0,0,0,0,0,0,999,0,0,0,7,7,0,1,12,0,0,0,1,36,13041,6,1,6,1,3,0,69,999,0,0,0,0,0,0,0,0,0,0,0,0,0,0,3,6,65,2,2,2,1,0,0,15,60,6,1,2,45,0,0
36,360808,1,1,2,18,10,16,17,9,0,1,0,36,3,20,2,20002,4,2007,999999999999,9,9,9,9,9,9,9,9,9,9,9,9,0,U,,,,9,17,,,,,,,,0,0,000000000,00000000000,0,0,0,1,0,0,0,0,0,5,1,999,0,0,0,12,1,6,2,9,0,0,0,1,36,14614,6,1,0,0,3,0,72,999,0,0,0,0,0,0,0,0,0,0,0,0,0,0,1,2,30,1,1,2,1,0,0,1,83,99,1,1,13,0,0
36,360809,1,2,1,16,10,6,44,12,2,1,0,36,1,22,20,22020,4,2006,2G2WP5523611,2,G,2,W,P,5,5,2,3,6,1,1,0,P,PONT,GRA,4D,6,17,3477,,0,1105,,G,,0,0,000000000,00000000000,0,0,0,1,0,0,0,0,0,0,0,999,0,0,0,12,12,6,2,12,0,0,0,1,36,14043,6,1,0,0,3,0,68,999,0,0,0,0,0,0,0,0,0,0,92,0,0,0,1,4,45,1,1,2,1,0,0,1,62,99,1,1,51,0,0
36,360809,2,2,1,16,10,6,44,12,2,1,0,36,1,20,22,20022,2,2009,1G1AK18H1972,1,G,1,A,K,1,8,H,1,9,7,2,0,P,CHEV,BLS,CP,9,17,2991,,0,1033,,G,,0,0,000000000,00000000000,0,0,0,1,0,0,0,0,0,0,0,999,0,0,0,12,12,6,2,12,0,0,0,1,36,14086,6,1,0,0,3,0,73,999,1,2,0,0,4,8,2008,4,2009,0,28,0,0,0,1,4,45,1,1,2,1,0,0,1,10,99,1,2,50,1,1
36,360810,1,1,6,23,10,3,14,33,0,1,1,36,2,12,401,12401,14,2004,1FMDU75W14ZA,1,F,M,D,U,7,5,W,1,4,Z,A,0,P,FORD,EPR,UT,4,17,4094,,0,1137,,G,,0,0,000000000,00000000000,0,0,0,1,0,0,0,0,0,0,0,999,0,1,5,99,13,6,2,1,0,0,0,1,36,14304,6,1,0,0,3,0,74,999,0,0,0,0,0,0,0,0,0,1,36,0,0,0,1,2,30,4,1,2,1,20,3,11,13,99,1,4,1,1,1
36,360811,1,1,1,31,5,2,30,9,0,1,0,36,1,7,24,7024,4,2007,2B3KA53H97H6,2,B,3,K,A,5,3,H,9,7,H,6,0,P,DODG,CHR,4D,7,17,3976,,0,1200,,G,,0,0,000000000,00000000000,0,0,0,1,0,0,0,0,0,0,0,999,0,0,0,12,12,2,1,9,0,0,0,1,36,11436,6,1,0,0,3,0,71,999,0,0,0,1,0,5,2008,5,2008,0,86,0,0,0,1,2,99,1,1,2,1,0,0,1,83,1,1,1,13,0,1
36,360812,1,1,1,20,6,1,17,25,0,1,0,36,2,37,705,37705,80,2005,JH2PC37095M2,J,H,2,P,C,3,7,0,9,5,M,2,0,M,HOND,B60,RS,5,17,,,,,,,599,0,0,000000000,00000000000,0,0,0,1,0,0,0,0,0,0,0,999,0,0,0,99,99,6,2,21,0,0,0,1,36,11225,6,1,0,0,3,0,70,999,0,2,0,0,0,9,2007,7,2008,0,52,0,0,0,6,4,99,4,1,2,1,0,0,14,12,99,1,4,6,1,0
36,360813,1,2,1,12,10,14,31,12,2,1,0,36,2,20,443,20443,20,1998,1GNDX03E2WD1,1,G,N,D,X,0,3,E,2,W,D,1,0,T,CHEV,VTR,ES,98,17,,1,0,1200,VTR,G,,0,0,000000000,00000000000,0,0,0,1,0,0,0,0,0,0,0,999,0,0,0,12,12,6,2,12,0,0,0,1,36,12025,6,1,0,0,3,3,69,999,0,0,0,0,0,0,0,0,0,0,28,0,0,0,1,2,55,1,1,2,1,0,0,1,10,99,1,2,50,1,0
36,360813,2,2,1,12,10,14,31,12,2,1,0,36,2,12,442,12442,20,1995,2FMDA514XSBB,2,F,M,D,A,5,1,4,X,S,B,B,0,T,FORD,WWG,ES,95,17,,1,0,1207,WIN,G,,0,0,000000000,00000000000,0,0,0,1,0,0,0,0,0,0,0,999,0,0,0,12,12,6,2,12,0,0,0,1,36,12086,6,1,0,0,3,0,72,999,0,0,0,0,0,0,0,0,0,0,0,0,0,0,1,2,55,1,1,2,1,0,0,1,62,99,1,1,51,0,0
36,360814,1,1,1,17,10,15,55,1,0,1,0,36,1,37,709,37709,80,2008,JH2SC59018M0,J,H,2,S,C,5,9,0,1,8,M,0,0,M,HOND,CBS,RC,8,17,,,,,,,998,0,0,000000000,00000000000,0,0,0,1,0,0,0,0,0,0,0,999,0,0,0,0,11,4,1,1,0,0,0,1,36,10598,6,1,6,0,3,0,69,999,0,0,0,0,0,0,0,0,0,1,48,0,0,0,1,2,30,1,1,2,1,0,0,10,98,99,1,1,98,1,0
36,360815,1,1,1,20,10,15,17,31,0,1,0,51,3,35,50,35050,4,2010,3N1BC1CP8AL4,3,N,1,B,C,1,C,P,8,A,L,4,0,P,NISS,VSL,4H,10,17,2693,,0,1024,,G,,0,0,000000000,00000000000,0,0,0,1,0,0,0,0,0,0,0,999,0,1,5,12,12,6,2,1,0,0,0,1,12,33855,6,1,0,0,3,0,60,999,0,0,0,0,0,0,0,0,0,0,0,0,0,0,3,3,65,1,1,2,1,0,0,1,12,99,1,4,6,1,0
36,360816,1,1,1,20,10,22,10,30,0,1,0,36,2,76,734,76734,90,2005,JY4AM03Y25C0,J,Y,4,A,M,0,3,Y,2,5,C,0,0,M,YAMA,Y6W,AT,5,17,,,,,,,660,0,0,000000000,00000000000,0,0,0,1,0,0,0,0,0,0,0,999,0,0,0,12,12,6,2,30,0,0,0,1,36,12422,0,0,0,0,0,0,75,999,0,0,0,0,0,0,0,0,0,1,0,0,0,0,1,2,55,2,2,2,1,0,0,14,12,99,1,4,6,1,1
36,360817,1,1,6,24,10,2,56,42,0,1,0,50,2,22,22,22022,2,2006,1G2ZH1586641,1,G,2,Z,H,1,5,8,6,6,4,1,0,P,PONT,GGT,CP,6,17,3428,,0,1123,,G,,0,0,000000000,00000000000,0,0,0,1,0,0,0,0,0,0,0,999,0,1,5,3,3,6,2,1,0,0,0,1,50,5250,6,1,0,0,3,0,71,145,0,0,0,1,0,4,2008,4,2008,1,0,0,0,0,1,2,55,2,1,2,2,0,0,17,12,99,1,4,6,2,1
36,360818,1,2,1,14,10,15,24,12,2,1,0,36,1,7,43,7043,4,2003,1B3EL36X43N5,1,B,3,E,L,3,6,X,4,3,N,5,0,P,DODG,SSE,4D,3,17,3108,,0,1080,,G,,0,0,000000000,00000000000,0,0,0,1,0,0,0,0,0,0,0,999,0,0,0,12,12,6,2,12,0,0,0,1,36,12118,6,1,0,0,3,0,63,999,1,0,0,0,0,10,2008,10,2008,0,0,0,0,0,1,4,55,1,1,2,1,3,3,1,62,99,1,1,69,0,0
36,360818,2,2,1,14,10,15,24,12,2,1,0,36,1,9,38,9038,4,1998,1P3EJ46C9WN1,1,P,3,E,J,4,6,C,9,W,N,1,0,P,PLYM,BEE,4D,98,17,2848,,0,1080,,G,,0,0,000000000,00000000000,0,0,0,1,0,0,0,0,0,0,0,999,0,0,0,12,12,6,2,12,0,0,0,1,36,12020,6,1,0,0,3,3,64,999,0,0,0,0,0,0,0,0,0,0,38,0,0,0,1,4,55,1,1,2,1,3,3,11,15,99,1,1,68,1,0
36,360819,1,2,1,11,10,16,40,5,0,1,0,36,1,73,709,73709,80,2004,JKAZXCC194A0,J,K,A,Z,X,C,C,1,9,4,A,0,0,M,KAWK,Z1R,RS,4,17,,,,,,,998,0,0,000000000,00000000000,0,0,0,1,0,0,0,0,0,0,0,999,0,0,0,0,10,6,2,5,0,0,0,1,36,10455,6,1,6,0,3,0,69,999,0,0,0,0,0,0,0,0,0,0,0,0,0,0,3,6,65,1,1,2,1,0,0,2,98,1,1,1,0,1,0
36,360819,2,2,1,11,10,16,40,5,0,1,0,36,1,37,709,37709,80,2008,JH2PC40458M1,J,H,2,P,C,4,0,4,5,8,M,1,0,M,HOND,B60,RS,8,17,,,,,,,599,0,0,000000000,00000000000,0,0,0,1,0,0,0,0,0,0,0,999,0,0,0,6,6,2,1,24,0,0,0,1,36,10462,6,1,0,0,3,0,71,999,0,0,0,0,0,0,0,0,0,0,0,0,0,0,3,6,65,1,1,2,1,0,0,1,50,1,1,1,98,0,0
36,360820,1,1,1,17,10,2,32,34,0,1,0,36,2,53,705,53705,80,1994,JS1GR78A6R21,J,S,1,G,R,7,8,A,6,R,2,1,0,M,SUZI,GX7,RS,94,17,,,,,,,748,0,0,000000000,00000000000,0,0,0,1,0,0,0,0,0,0,0,999,0,0,0,12,12,6,2,34,0,0,0,1,36,13417,6,1,0,0,3,3,65,999,0,1,1,0,3,5,2008,11,2009,1,0,0,0,0,1,2,55,1,2,2,1,0,0,1,12,99,1,4,6,1,1
36,360821,1,1,1,18,10,20,42,42,0,1,0,36,1,76,705,76705,80,2004,JYARJ06E34A0,J,Y,A,R,J,0,6,E,3,4,A,0,0,M,YAMA,R6L,RS,4,17,,,,,,,599,0,0,000000000,00000000000,0,0,0,1,0,0,0,0,0,0,0,999,0,0,0,12,12,6,2,42,0,0,0,1,36,11758,1,1,0,0,2,2,67,999,0,10,0,2,0,6,2008,10,2010,1,74,0,0,0,1,2,99,2,2,2,1,0,0,14,13,99,1,4,1,1,0
36,360822,1,1,1,24,10,8,29,42,0,1,0,36,2,9,20,9020,4,2001,1P3AS46C91D1,1,P,3,A,S,4,6,C,9,1,D,1,0,P,PLYM,NLX,4D,1,17,2585,,0,1050,,G,,0,0,000000000,00000000000,0,0,0,1,0,0,0,0,0,0,0,50,0,1,5,12,12,6,2,1,0,0,0,1,36,11040,6,1,0,0,3,0,69,999,0,0,0,0,0,0,0,0,0,0,0,0,0,0,1,4,50,1,1,2,1,0,0,1,12,99,1,4,6,1,1