STATE,ST_CASE,VEH_NO,VE_FORMS,NUMOCCS,DAY,MONTH,HOUR,MINUTE,HARM_EV,MAN_COLL,UNITTYPE,HIT_RUN,REG_STAT,OWNER,MAKE,MODEL,MAK_MOD,BODY_TYP,MOD_YEAR,VIN,VIN_1,VIN_2,VIN_3,VIN_4,VIN_5,VIN_6,VIN_7,VIN_8,VIN_9,VIN_10,VIN_11,VIN_12,TOW_VEH,VINTYPE,VINMAKE,VINA_MOD,VIN_BT,VINMODYR,VIN_LNGT,VIN_WGT,WGTCD_TR,WHLBS_LG,WHLBS_SH,SER_TR,FUELCODE,MCYCL_DS,J_KNIFE,MCARR_I1,MCARR_I2,MCARR_ID,GVWR,V_CONFIG,CARGO_BT,HAZ_INV,HAZ_PLAC,HAZ_ID,HAZ_CNO,HAZ_REL,BUS_USE,SPEC_USE,EMER_USE,TRAV_SP,UNDERIDE,ROLLOVER,ROLINLOC,IMPACT1,IMPACT2,DEFORMED,TOWED,M_HARM,VEH_SC1,VEH_SC2,FIRE_EXP,DR_PRES,L_STATE,DR_ZIP,L_STATUS,L_TYPE,CDL_STAT,L_ENDORS,L_COMPL,L_RESTRI,DR_HGT,DR_WGT,PREV_ACC,PREV_SUS,PREV_DWI,PREV_SPD,PREV_OTH,FIRST_MO,FIRST_YR,LAST_MO,LAST_YR,SPEEDREL,DR_SF1,DR_SF2,DR_SF3,DR_SF4,VTRAFWAY,VNUM_LAN,VSPD_LIM,VALIGN,VPROFILE,VPAVETYP,VSURCOND,VTRAFCON,VTCONT_F,P_CRASH1,P_CRASH2,P_CRASH3,PCRASH4,PCRASH5,ACC_TYPE,DEATHS,DR_DRINK
36,360823,1,2,1,11,10,7,52,12,6,1,0,36,1,41,35,41035,4,1999,JM1BJ2229X01,J,M,1,B,J,2,2,2,9,X,0,1,0,P,MAZD,PDL,4D,99,17,2449,,0,1028,,G,,0,0,000000000,00000000000,0,0,0,1,0,0,0,0,0,0,0,999,0,0,0,12,12,6,2,12,0,0,0,1,36,10473,6,1,0,0,3,0,65,999,0,0,0,0,0,0,0,0,0,0,0,0,0,0,1,3,30,1,1,2,1,3,3,1,17,99,1,1,88,0,0
36,360823,2,2,1,11,10,7,52,12,6,1,0,36,1,49,402,49402,14,2003,JTEGH20V9300,J,T,E,G,H,2,0,V,9,3,0,0,0,P,TOYT,RV4,UT,3,17,2711,,0,980,,G,,0,0,000000000,00000000000,0,0,0,1,0,0,0,0,0,0,0,999,0,0,0,9,9,6,2,12,0,0,0,1,36,10475,6,1,0,0,3,0,66,999,0,0,0,0,1,3,2010,3,2010,0,0,0,0,0,1,3,30,1,1,2,1,3,3,1,17,99,1,1,89,1,0
36,360824,1,1,1,3,8,21,0,8,0,1,0,36,1,18,2,18002,4,1998,1G4HR52K8WH4,1,G,4,H,R,5,2,K,8,W,H,4,0,P,BUIC,LLF,4D,98,17,3370,,0,1108,,G,,0,0,000000000,00000000000,0,0,0,1,0,0,0,0,0,0,0,999,0,0,0,12,12,2,1,8,0,0,0,1,36,11235,6,1,0,0,3,0,66,999,0,0,0,0,0,0,0,0,0,0,0,0,0,0,1,2,99,1,2,2,1,0,0,1,80,99,1,1,13,0,0
36,360825,1,1,1,9,9,18,19,14,0,1,0,36,2,20,401,20401,14,2002,1GNDT13W22K1,1,G,N,D,T,1,3,W,2,2,K,1,0,P,CHEV,BZR,UT,2,17,4114,,0,1070,,G,,0,0,000000000,00000000000,0,0,0,1,0,0,0,0,0,0,0,999,0,0,0,12,12,6,2,14,0,0,0,1,36,10310,6,1,0,0,3,0,72,999,0,0,0,0,0,0,0,0,0,0,0,0,0,0,4,1,30,1,2,2,1,0,0,4,17,99,1,1,11,1,0
36,360826,1,1,1,19,10,13,59,9,0,1,0,36,1,19,3,19003,4,2005,1G6KD54Y75U2,1,G,6,K,D,5,4,Y,7,5,U,2,0,P,CADI,DFW,4D,5,17,3978,,0,1153,,G,,0,0,000000000,00000000000,0,0,0,1,0,0,0,0,0,0,0,999,0,0,0,11,11,2,1,9,0,0,0,1,36,14621,6,1,0,0,3,3,65,999,0,0,0,0,0,0,0,0,0,0,0,0,0,0,1,2,30,1,1,2,1,20,3,1,83,99,1,1,13,0,0
36,360827,1,2,1,27,10,7,16,12,6,1,0,36,2,9,442,9442,20,1998,2P4GP25R5WR7,2,P,4,G,P,2,5,R,5,W,R,7,0,P,PLYM,VOF,SV,98,17,3428,,0,1133,,G,,0,0,000000000,00000000000,0,0,0,1,0,0,0,0,0,0,0,999,0,0,0,3,3,6,2,12,0,0,0,1,36,13209,1,1,0,0,2,0,67,999,0,5,0,0,0,10,2008,1,2010,0,38,92,0,0,1,2,45,1,1,2,2,0,0,11,15,99,1,1,68,0,0
36,360827,2,2,1,27,10,7,16,12,6,1,0,36,1,72,706,72706,80,2001,1HD1BMY151Y0,1,H,D,1,B,M,Y,1,5,1,Y,0,0,M,HD,FLF,RS,1,17,,,,,,,1450,0,0,000000000,00000000000,0,0,0,1,0,0,0,0,0,0,0,999,0,0,0,12,12,6,2,12,0,0,0,1,36,13027,6,1,0,0,3,0,70,999,0,0,0,0,0,0,0,0,0,0,0,0,0,0,1,2,45,1,1,2,2,0,0,1,62,99,1,1,69,1,0
36,360828,1,1,1,25,10,18,44,8,0,1,0,36,1,18,2,18002,4,1998,1G4HP52K2WH4,1,G,4,H,P,5,2,K,2,W,H,4,0,P,BUIC,LCF,4D,98,17,3348,,0,1108,,G,,0,0,000000000,00000000000,0,0,0,1,0,0,0,0,0,0,0,999,0,0,0,12,12,6,2,8,0,0,0,1,36,14094,6,1,0,0,3,3,67,999,0,0,0,0,0,0,0,0,0,0,0,0,0,0,1,2,55,1,1,2,1,0,0,1,80,99,1,1,13,0,0
36,360829,1,1,3,3,10,13,45,14,0,1,0,36,2,37,441,37441,20,2001,2HKRL18631H5,2,H,K,R,L,1,8,6,3,1,H,5,0,P,HOND,UDY,SV,1,17,4288,,0,1181,,G,,0,0,000000000,00000000000,0,0,0,1,0,0,0,0,0,0,0,999,0,0,0,9,9,6,2,42,0,0,0,1,36,11229,6,1,0,0,3,3,69,999,0,0,0,0,0,0,0,0,0,1,28,0,0,0,4,1,30,1,1,2,1,0,0,1,6,99,3,4,11,1,0
36,360830,1,1,3,23,8,23,58,9,0,1,0,36,2,30,40,30040,4,2001,3VWST29M01M0,3,V,W,S,T,2,9,M,0,1,M,0,0,P,VOLK,JGS,4D,1,17,2833,,0,989,,G,,0,0,000000000,00000000000,0,0,0,1,0,0,0,0,0,0,0,999,0,0,0,12,12,6,2,9,0,0,0,1,36,10455,0,0,0,0,0,0,999,999,0,0,0,0,0,0,0,0,0,0,52,0,0,0,1,4,99,1,1,2,1,3,3,1,83,99,1,1,13,0,0
36,360832,1,2,2,14,8,22,50,12,6,1,0,36,1,53,706,53706,80,2007,JS1GW71AX721,J,S,1,G,W,7,1,A,X,7,2,1,0,M,SUZI,GRZ,RS,7,17,,,,,,,1299,0,0,000000000,00000000000,0,0,0,1,0,0,0,0,0,0,0,999,0,0,0,12,12,6,2,12,0,0,0,1,36,11779,6,1,0,0,3,0,70,999,0,0,0,1,0,3,2008,3,2008,0,0,0,0,0,3,4,99,1,1,2,1,3,3,1,66,99,1,1,69,1,0
36,360832,2,2,3,14,8,22,50,12,6,1,0,36,2,14,21,14021,4,2007,3MEHM071X7R6,3,M,E,H,M,0,7,1,X,7,R,6,0,P,MERC,MLN,4D,7,17,3303,,0,1074,,G,,0,0,000000000,00000000000,0,0,0,1,0,0,0,0,0,0,0,999,0,0,0,1,3,6,2,12,0,0,0,1,36,11576,6,1,0,0,3,3,69,999,1,0,0,0,0,2,2008,2,2008,0,38,0,0,0,3,4,99,1,1,2,1,3,3,11,15,99,1,1,68,0,0
36,360833,1,3,2,29,9,16,55,12,6,1,0,36,1,14,6,14006,4,1999,2MEFM75W7XX6,2,M,E,F,M,7,5,W,7,X,X,6,0,P,MERC,MGL,4D,99,17,3922,,0,1147,,G,,0,0,000000000,00000000000,0,0,0,1,0,0,0,0,0,0,0,999,0,0,0,11,11,6,2,12,0,0,0,1,36,11725,6,1,0,0,3,0,67,999,0,0,0,0,0,0,0,0,0,0,0,0,0,0,2,4,99,1,1,2,1,0,0,1,62,99,1,1,65,1,0
36,360833,2,3,1,29,9,16,55,12,6,1,0,36,2,35,421,35421,15,2008,5N1AR18B38C6,5,N,1,A,R,1,8,B,3,8,C,6,0,P,NISS,PFI,UT,8,17,4684,,0,1122,,G,,0,0,000000000,00000000000,0,0,0,1,0,0,0,0,0,0,0,999,0,0,0,12,12,6,2,12,0,0,0,1,36,11731,6,1,0,0,3,3,66,999,1,0,0,0,0,9,2009,9,2009,0,0,0,0,0,2,4,99,1,1,2,1,0,0,1,62,99,1,1,98,0,0
36,360833,3,3,2,29,9,16,55,12,6,1,0,36,3,12,461,12461,21,2003,1FTNS24273HA,1,F,T,N,S,2,4,2,7,3,H,A,0,T,FORD,25V,EC,3,17,,2,0,1380,VAN,G,,0,0,000000000,00000000000,0,0,0,1,0,0,0,0,0,0,0,999,0,0,0,12,12,6,2,12,0,0,0,1,36,11754,6,1,0,0,3,0,76,999,1,0,0,0,0,12,2007,12,2007,0,28,0,0,0,2,4,99,1,1,2,1,0,0,1,10,99,1,2,64,0,0
36,360834,1,1,1,2,9,23,45,33,0,1,0,36,1,53,705,53705,80,2008,JS1GN7EA4821,J,S,1,G,N,7,E,A,4,8,2,1,0,M,SUZI,G60,RS,8,17,,,,,,,599,0,0,000000000,00000000000,0,0,0,1,0,0,0,0,0,0,0,999,0,0,0,12,10,6,2,24,0,0,0,1,36,11725,6,1,0,0,3,0,70,999,0,0,0,0,0,0,0,0,0,1,0,0,0,0,1,4,99,3,1,2,1,0,0,14,13,99,1,4,1,1,1
36,360835,1,1,1,26,9,4,15,39,0,1,0,36,1,34,34,34034,4,1999,WBAAM3337XFP,W,B,A,A,M,3,3,3,7,X,F,P,0,P,BMW,23U,4D,99,17,3153,,0,1073,,G,,0,0,000000000,00000000000,0,0,0,1,0,0,0,0,0,0,0,95,0,0,0,3,3,6,2,39,0,0,0,1,36,11704,6,1,0,0,3,0,64,999,0,0,0,0,0,0,0,0,0,1,37,0,0,0,1,2,30,1,1,2,1,0,0,1,12,99,1,4,6,1,1
36,360836,1,1,1,25,9,6,40,38,0,1,0,36,2,37,31,37031,2,1997,1HGEJ6228VL0,1,H,G,E,J,6,2,2,8,V,L,0,0,P,HOND,UCD,CP,97,17,2337,,0,1032,,G,,0,0,000000000,00000000000,0,0,0,1,0,0,0,0,0,0,0,999,0,1,5,12,12,6,2,38,0,0,0,1,36,11967,6,1,0,0,3,3,62,999,1,3,0,0,3,5,2009,1,2010,1,0,0,0,0,4,2,45,1,1,2,1,0,0,1,13,99,1,4,1,1,1
36,360837,1,1,1,19,10,21,11,30,0,1,0,36,1,23,481,23481,31,2001,1GTGK29U11Z1,1,G,T,G,K,2,9,U,1,1,Z,1,0,T,GMC,NK2,4C,1,17,,2,1575,1435,SIE,G,,0,0,000000000,00000000000,0,0,0,1,0,0,0,0,0,0,0,999,0,0,0,12,12,6,2,30,0,0,1,1,36,12075,6,1,0,0,3,0,65,999,0,0,0,0,0,0,0,0,0,0,28,0,0,0,1,2,30,1,1,2,1,20,3,11,13,99,1,4,14,1,0
36,360838,1,1,1,16,10,17,0,42,0,1,0,36,1,22,19,22019,2,2007,1G2AL15F9772,1,G,2,A,L,1,5,F,9,7,7,2,0,P,PONT,G/5,CP,7,17,2991,,0,1035,,G,,0,0,000000000,00000000000,0,0,0,1,0,0,0,0,0,0,0,999,0,0,0,12,12,6,2,42,0,0,0,1,36,14623,6,1,0,0,3,0,72,999,1,0,0,1,0,9,2008,11,2008,1,0,0,0,0,1,2,55,3,1,2,1,28,3,14,12,99,1,4,6,1,1
36,360839,1,1,3,24,10,5,47,8,0,1,0,36,2,19,481,19481,31,2007,1GYFK63897R6,1,G,Y,F,K,6,3,8,9,7,R,6,0,P,CADI,ESC,UT,7,17,5751,,0,1160,,G,,0,0,000000000,00000000000,0,0,0,1,0,0,0,0,0,0,0,999,0,0,0,6,6,2,1,8,0,0,0,1,36,10039,6,1,0,0,3,0,70,999,0,0,0,0,2,10,2009,11,2009,0,31,52,0,0,1,4,30,1,1,2,1,3,3,13,80,99,1,1,98,0,0
36,360840,1,1,3,10,10,2,16,24,0,1,0,36,1,12,481,12481,31,1996,2FTHF26H5TCA,2,F,T,H,F,2,6,H,5,T,C,A,0,T,FORD,F25,PK,96,17,,2,0,1330,COF,G,,0,0,000000000,00000000000,0,0,0,1,0,0,0,0,0,0,0,999,0,1,5,12,12,6,2,1,0,0,0,1,36,12959,6,1,0,0,3,3,69,999,0,0,0,0,0,0,0,0,0,1,0,0,0,0,1,2,55,1,1,2,1,28,3,1,13,99,1,4,1,1,1
36,360841,1,1,1,20,10,14,0,34,0,1,0,36,2,12,18,12018,3,1996,1ZVLT22B3T51,1,Z,V,L,T,2,2,B,3,T,5,1,0,P,FORD,PGT,2H,96,17,2921,,0,1028,,G,,0,0,000000000,00000000000,0,0,0,1,0,0,0,0,0,0,0,65,0,0,0,12,12,6,2,42,0,0,0,1,36,14004,6,1,0,0,3,0,71,999,4,0,0,0,0,2,2008,1,2010,0,0,0,0,0,2,2,65,1,1,2,1,0,0,1,13,99,1,4,1,1,0
36,360842,1,1,2,24,10,13,0,1,0,1,0,36,2,53,706,53706,80,2007,JS1VS55A3721,J,S,1,V,S,5,5,A,3,7,2,1,0,M,SUZI,VL8,RS,7,17,,,,,,,819,0,0,000000000,00000000000,0,0,0,1,0,0,0,0,0,0,0,999,0,0,0,0,3,6,2,1,0,0,0,1,36,11379,6,1,6,0,3,3,68,999,1,0,0,0,0,8,2009,8,2009,0,28,0,0,0,1,2,55,3,2,2,1,0,0,17,98,99,1,1,98,1,1
36,360843,1,1,1,30,10,23,24,34,0,1,0,36,1,12,481,12481,31,2001,2FTRX18W81CA,2,F,T,R,X,1,8,W,8,1,C,A,0,T,FORD,F15,4C,1,17,,2,1574,1388,COF,G,,0,0,000000000,00000000000,0,0,0,1,0,0,0,0,0,0,0,999,0,1,5,12,12,6,2,1,0,0,0,1,36,14719,6,1,0,0,3,0,70,999,0,3,1,0,0,7,2008,4,2009,1,0,0,0,0,1,2,55,4,1,2,1,28,3,14,6,8,4,4,7,1,0
36,360844,1,1,1,5,9,1,58,8,0,1,1,99,9,99,999,99999,99,9999,999999999999,9,9,9,9,9,9,9,9,9,9,9,9,0,U,,,,9,17,,,,,,,,0,0,000000000,00000000000,0,0,0,1,0,0,0,0,0,0,0,999,0,0,0,99,99,9,1,8,0,0,0,1,99,99999,9,9,99,9,9,9,999,999,99,99,99,99,99,99,9999,99,9999,9,0,0,0,0,1,4,99,1,1,2,1,0,0,99,80,99,9,9,13,0,0
36,360845,1,2,1,18,10,14,57,12,2,1,0,36,1,35,50,35050,4,2007,3N1BC13E57L3,3,N,1,B,C,1,3,E,5,7,L,3,0,P,NISS,VSL,4H,7,17,2649,,0,1024,,G,,0,0,000000000,00000000000,0,0,0,1,0,0,0,0,0,0,0,999,0,0,0,12,12,6,2,12,0,0,0,1,36,12477,6,1,0,0,3,0,65,999,0,0,0,0,0,0,0,0,0,0,0,0,0,0,1,2,55,3,1,2,1,0,0,14,10,99,1,2,50,1,1
36,360845,2,2,5,18,10,14,57,12,2,1,0,36,3,7,462,7462,21,2005,WD8PD6443558,W,D,8,P,D,6,4,4,3,5,5,8,0,P,DODG,SNR,SV,5,17,5186,,0,1400,,D,,0,57,31553,5731553,1,20,22,1,0,0,0,0,6,0,0,999,0,0,0,12,12,6,2,12,0,0,0,1,36,12051,6,1,6,0,3,0,67,999,0,0,0,0,0,0,0,0,0,0,0,0,0,0,1,2,55,2,1,2,1,0,0,14,62,99,1,1,51,0,0
36,360846,1,1,1,8,9,21,42,8,0,1,0,36,2,12,37,12037,4,2000,1G1NE52J1Y61,1,G,1,N,E,5,2,J,1,Y,6,1,0,P,CHEV,M/L,4D,0,17,3077,,0,1070,,G,,0,0,000000000,00000000000,0,0,0,1,0,0,0,0,0,0,0,999,0,0,0,12,1,6,2,8,0,0,0,1,36,11212,6,1,0,0,3,0,72,999,0,0,0,0,0,0,0,0,0,0,0,0,0,0,1,4,99,1,1,2,1,3,3,1,80,99,1,1,13,0,0
36,360847,1,1,3,13,10,14,50,8,0,1,0,36,2,12,481,12481,31,2007,1FTPW14517FB,1,F,T,P,W,1,4,5,1,7,F,B,0,T,FORD,F1S,CW,7,17,,2,0,1390,COF,G,,0,0,000000000,00000000000,0,0,0,1,0,0,0,0,0,0,0,999,0,0,0,12,12,6,2,8,0,0,0,1,36,11942,6,1,0,0,3,0,61,999,0,0,0,0,0,0,0,0,0,0,0,0,0,0,1,2,30,1,1,2,1,20,3,11,80,99,1,1,13,0,0
36,360848,1,3,1,16,10,12,44,12,1,1,0,36,1,55,35,55035,4,2009,KMHDU46D39U8,K,M,H,D,U,4,6,D,3,9,U,8,0,P,HYUN,HEL,4D,9,17,2723,,0,1043,,G,,0,0,000000000,00000000000,0,0,0,1,0,0,0,0,0,0,0,999,0,0,0,12,12,6,2,12,0,0,0,1,36,10583,6,1,0,0,3,3,65,999,0,0,0,0,0,0,0,0,0,1,4,0,0,0,2,2,30,1,2,2,1,0,0,1,51,1,1,1,24,0,0
36,360848,2,3,1,16,10,12,44,12,1,1,0,36,1,13,14,13014,6,2010,1LNHL9FT7AG6,1,L,N,H,L,9,F,T,7,A,G,6,0,P,LINC,MSA,4D,10,17,4305,,0,1129,,G,,0,0,000000000,00000000000,0,0,0,1,0,0,0,0,0,0,0,999,0,0,0,6,3,6,2,12,0,0,0,1,36,10605,6,1,0,0,3,0,66,999,0,0,0,0,0,0,0,0,0,0,0,0,0,0,2,2,30,1,2,2,1,0,0,1,53,1,1,1,25,1,0
36,360848,3,3,1,16,10,12,44,12,1,1,0,36,3,12,461,12461,21,2007,1FBNE31L17DB,1,F,B,N,E,3,1,L,1,7,D,B,0,T,FORD,WSD,BU,7,17,,2,0,1380,ECO,G,,0,0,000000000,00000000000,0,0,0,1,0,0,0,0,0,0,0,999,0,0,0,12,12,6,2,12,0,0,0,1,36,10803,6,1,0,0,3,3,72,999,0,0,0,0,0,0,0,0,0,0,0,0,0,0,2,2,30,1,2,2,1,0,0,1,62,1,1,1,98,0,0
36,360849,1,1,1,20,10,19,11,8,0,1,0,36,1,7,41,7041,4,2001,2B3AD46R71H5,2,B,3,A,D,4,6,R,7,1,H,5,0,P,DODG,ISE,4D,1,17,3393,,0,1130,,G,,0,0,000000000,00000000000,0,0,0,1,0,0,0,0,0,0,0,999,0,0,0,12,12,9,9,8,0,0,0,1,36,10522,6,1,0,0,3,0,71,999,0,0,0,0,0,0,0,0,0,0,0,0,0,0,1,3,99,1,2,2,1,0,0,1,80,99,1,1,13,0,0
36,360850,1,1,1,1,10,14,31,59,0,1,0,36,1,12,481,12481,31,2000,1FTRX18L6YNA,1,F,T,R,X,1,8,L,6,Y,N,A,0,T,FORD,F15,4C,0,17,,2,1574,1388,COF,G,,0,0,000000000,00000000000,0,0,0,1,0,0,0,0,0,0,0,999,0,1,5,6,13,6,2,1,0,0,0,1,36,12550,6,1,6,0,3,3,72,999,0,0,0,0,0,0,0,0,0,0,87,0,0,0,3,2,65,4,1,2,2,0,0,14,13,99,1,4,1,1,0
36,360851,1,2,3,3,10,5,50,12,1,1,0,36,2,41,399,41399,4,2010,JM1BL1H68A12,J,M,1,B,L,1,H,6,8,A,1,2,0,P,MAZD,M3S,4H,10,17,3005,,0,1039,,G,,0,0,000000000,00000000000,0,0,0,1,0,0,0,0,0,0,0,0,0,0,0,6,6,6,2,12,0,0,0,1,36,11720,6,1,6,0,3,0,65,999,1,0,0,0,0,6,2008,6,2008,0,0,0,0,0,3,2,99,1,1,2,1,3,3,5,53,99,1,1,21,1,0
36,360851,2,2,1,3,10,5,50,12,1,1,1,36,1,35,47,35047,4,2007,1N4AL21E57C2,1,N,4,A,L,2,1,E,5,7,C,2,0,P,NISS,ATS,4D,7,17,3042,,0,1093,,G,,0,0,000000000,00000000000,0,0,0,1,0,0,0,0,0,0,0,999,0,0,0,12,12,4,3,12,0,0,0,1,36,11742,6,1,0,0,3,3,72,999,0,0,0,0,0,0,0,0,0,0,26,92,0,0,3,2,99,1,1,2,1,3,3,1,50,99,1,1,20,0,1
36,360852,1,1,1,7,7,14,0,33,0,1,0,36,1,49,40,49040,4,1998,4T1BF28K6WU0,4,T,1,B,F,2,8,K,6,W,U,0,0,P,TOYT,CXL,4D,98,17,3086,,0,1051,,G,,0,0,000000000,00000000000,0,0,0,1,0,0,0,0,0,0,0,999,0,0,0,12,12,6,2,30,0,0,0,1,36,11793,6,1,0,0,3,3,68,999,0,0,0,0,0,0,0,0,0,0,0,0,0,0,3,6,98,1,1,2,1,0,0,1,13,1,1,4,1,1,0
36,360853,1,2,4,29,10,12,43,12,6,1,0,36,2,12,16,12016,4,1989,2FABP74F1KX1,2,F,A,B,P,7,4,F,1,K,X,1,0,P,FORD,CVL,4D,89,17,3770,,0,1143,,G,,0,0,000000000,00000000000,0,0,0,1,0,0,0,0,0,0,0,999,0,0,0,9,9,6,2,12,0,0,0,1,36,12981,6,1,0,0,3,0,64,999,0,2,0,1,1,4,2008,7,2010,0,39,0,0,0,1,2,55,1,1,2,2,3,3,1,17,99,1,1,89,2,0
36,360853,2,2,1,29,10,12,43,12,6,1,0,36,2,12,471,12471,30,1997,1FTCR10A9VTA,1,F,T,C,R,1,0,A,9,V,T,A,0,T,FORD,RNG,PK,97,17,,1,1140,1080,RNG,G,,0,0,000000000,00000000000,0,0,0,1,0,0,0,0,0,0,0,999,0,0,0,12,12,6,2,12,0,0,0,1,36,12901,6,1,0,0,3,0,68,999,1,0,0,0,3,11,2008,9,2009,0,0,0,0,0,1,2,55,1,1,2,2,3,3,1,66,99,1,1,88,0,0
36,360854,1,2,1,10,10,12,40,12,6,1,0,36,1,22,18,22018,4,2002,1G2NF52E32M6,1,G,2,N,F,5,2,E,3,2,M,6,0,P,PONT,SE1,4D,2,17,3116,,0,1070,,G,,0,0,000000000,00000000000,0,0,0,1,0,0,0,0,0,0,0,999,0,0,0,11,11,6,2,12,0,0,0,1,36,13760,6,1,0,0,3,0,65,999,0,0,0,0,0,0,0,0,0,0,38,0,0,0,1,4,45,1,1,2,1,0,0,11,98,99,1,1,98,1,0
36,360854,2,2,3,10,10,12,40,12,6,1,0,36,1,52,34,52034,4,1991,JA3CR46VXMZ0,J,A,3,C,R,4,6,V,X,M,Z,0,0,P,MITS,GAL,4D,91,17,2667,,0,1024,,G,,0,0,000000000,00000000000,0,0,0,1,0,0,0,0,0,0,0,999,0,0,0,12,12,6,2,12,0,0,0,1,36,13905,6,1,0,0,3,3,64,999,0,0,0,0,0,0,0,0,0,0,0,0,0,0,1,4,55,1,1,2,1,0,0,1,72,99,1,1,98,1,0
36,360855,1,2,1,21,10,21,19,8,0,1,0,36,1,12,401,12401,14,2002,1FMZU73E42ZB,1,F,M,Z,U,7,3,E,4,2,Z,B,0,P,FORD,EPR,UT,2,17,4378,,0,1137,,G,,0,0,000000000,00000000000,0,0,0,1,0,0,0,0,0,0,0,999,0,1,5,11,11,6,2,8,0,0,0,1,36,12010,6,1,0,0,3,3,74,999,0,0,0,0,0,0,0,0,0,0,0,0,0,0,2,2,55,1,1,2,1,0,0,1,80,99,1,1,13,0,0
36,360855,2,2,1,21,10,21,19,8,0,1,0,36,1,49,46,49046,4,2010,JTDKN3DU5A01,J,T,D,K,N,3,D,U,5,A,0,1,0,P,TOYT,PRI,4H,10,17,3042,,0,1063,,B,,0,0,000000000,00000000000,0,0,0,1,0,0,0,0,0,0,0,999,0,0,0,12,12,6,2,8,36,0,0,1,36,12866,6,1,0,0,3,0,64,999,0,0,0,0,0,0,0,0,0,0,0,0,0,0,2,2,55,1,1,2,1,0,0,15,80,99,1,1,98,0,0
36,360856,1,1,1,22,10,8,5,9,0,1,0,36,3,98,806,98806,63,2008,5PVNV8JV482S,5,P,V,N,V,8,J,V,4,8,2,S,0,T,HINO,338,CC,8,17,,7,0,0,HIN,D,,0,99,999999999,99999999999,3,1,1,1,0,0,0,0,0,0,0,999,0,0,0,5,5,2,1,9,0,0,0,1,36,11777,6,1,6,1,3,0,70,999,0,0,0,0,0,0,0,0,0,0,0,0,0,0,4,1,99,1,1,2,1,0,0,1,83,99,1,1,13,0,0
36,360857,1,1,2,26,10,19,2,9,0,1,0,36,2,22,16,22016,4,2001,1G2JB5243171,1,G,2,J,B,5,2,4,3,1,7,1,0,P,PONT,SFS,4D,1,17,2644,,0,1041,,G,,0,0,000000000,00000000000,0,0,0,1,0,0,0,0,0,0,0,999,0,0,0,12,12,6,2,9,0,0,0,1,36,13486,6,1,0,0,3,3,69,999,0,0,0,0,0,0,0,0,0,0,0,0,0,0,2,5,30,1,1,2,1,0,0,1,83,99,1,1,13,0,0
36,360858,1,1,1,4,11,8,32,30,0,1,0,34,2,20,441,20441,20,2000,1GCDM19W8YB2,1,G,C,D,M,1,9,W,8,Y,B,2,0,T,CHEV,AST,EC,0,17,,1,0,1112,AST,G,,0,0,000000000,00000000000,0,0,0,1,0,0,0,0,0,0,0,999,0,0,0,11,11,6,2,39,0,0,0,1,34,7630,6,1,0,0,3,0,68,999,0,3,0,0,4,5,2008,4,2010,0,0,0,0,0,1,2,30,1,2,2,2,28,3,1,13,99,1,4,1,1,0
36,360859,1,2,2,2,10,10,38,12,6,1,0,36,1,7,20,7020,4,2000,1B3ES46C1YD5,1,B,3,E,S,4,6,C,1,Y,D,5,0,P,DODG,NSE,4D,0,17,2515,,0,1050,,G,,0,0,000000000,00000000000,0,0,0,1,0,0,0,0,0,0,0,999,0,0,0,9,9,6,2,12,0,0,0,1,36,13126,6,1,0,0,3,3,70,999,0,0,0,0,0,0,0,0,0,0,39,0,0,0,1,2,55,1,1,2,1,20,3,1,17,99,1,1,89,1,0
36,360859,2,2,2,2,10,10,38,12,6,1,0,36,1,20,481,20481,31,2006,3GCEK14Z46G2,3,G,C,E,K,1,4,Z,4,6,G,2,0,T,CHEV,SK1,PK,6,17,,2,1330,1190,SIL,F,,0,0,000000000,00000000000,0,0,0,1,0,0,0,0,0,0,0,999,0,0,0,12,12,6,2,12,0,0,0,1,32,14456,9,9,99,9,9,9,999,999,99,99,99,99,99,99,9999,99,9999,0,0,0,0,0,1,2,55,1,1,2,1,20,3,1,66,99,1,1,88,0,0
36,360860,1,2,3,5,11,17,29,12,8,1,0,36,2,12,442,12442,20,2002,2FMZA51442BB,2,F,M,Z,A,5,1,4,4,2,B,B,0,T,FORD,WLX,ES,2,17,,1,0,1207,WIN,G,,0,0,000000000,00000000000,0,0,0,1,0,0,0,0,0,0,0,999,0,0,0,11,11,6,2,12,0,0,0,1,36,12828,6,1,0,0,3,0,60,999,0,0,0,0,0,0,0,0,0,0,0,0,0,0,1,2,55,1,3,2,1,0,0,1,62,99,1,1,65,0,0
36,360860,2,2,1,5,11,17,29,12,8,1,0,36,1,20,471,20471,30,1997,1GCDT19X9V81,1,G,C,D,T,1,9,X,9,V,8,1,0,T,CHEV,S14,PC,97,17,,1,0,1229,S,G,,0,0,000000000,00000000000,0,0,0,1,0,0,0,0,0,0,0,999,0,1,5,11,11,6,2,1,0,0,0,1,36,12809,6,1,0,0,3,3,66,999,0,0,0,1,0,5,2008,5,2008,1,28,0,0,0,1,2,55,1,3,2,1,0,0,1,10,99,1,2,64,1,1