STATE,ST_CASE,VEH_NO,VE_FORMS,NUMOCCS,DAY,MONTH,HOUR,MINUTE,HARM_EV,MAN_COLL,UNITTYPE,HIT_RUN,REG_STAT,OWNER,MAKE,MODEL,MAK_MOD,BODY_TYP,MOD_YEAR,VIN,VIN_1,VIN_2,VIN_3,VIN_4,VIN_5,VIN_6,VIN_7,VIN_8,VIN_9,VIN_10,VIN_11,VIN_12,TOW_VEH,VINTYPE,VINMAKE,VINA_MOD,VIN_BT,VINMODYR,VIN_LNGT,VIN_WGT,WGTCD_TR,WHLBS_LG,WHLBS_SH,SER_TR,FUELCODE,MCYCL_DS,J_KNIFE,MCARR_I1,MCARR_I2,MCARR_ID,GVWR,V_CONFIG,CARGO_BT,HAZ_INV,HAZ_PLAC,HAZ_ID,HAZ_CNO,HAZ_REL,BUS_USE,SPEC_USE,EMER_USE,TRAV_SP,UNDERIDE,ROLLOVER,ROLINLOC,IMPACT1,IMPACT2,DEFORMED,TOWED,M_HARM,VEH_SC1,VEH_SC2,FIRE_EXP,DR_PRES,L_STATE,DR_ZIP,L_STATUS,L_TYPE,CDL_STAT,L_ENDORS,L_COMPL,L_RESTRI,DR_HGT,DR_WGT,PREV_ACC,PREV_SUS,PREV_DWI,PREV_SPD,PREV_OTH,FIRST_MO,FIRST_YR,LAST_MO,LAST_YR,SPEEDREL,DR_SF1,DR_SF2,DR_SF3,DR_SF4,VTRAFWAY,VNUM_LAN,VSPD_LIM,VALIGN,VPROFILE,VPAVETYP,VSURCOND,VTRAFCON,VTCONT_F,P_CRASH1,P_CRASH2,P_CRASH3,PCRASH4,PCRASH5,ACC_TYPE,DEATHS,DR_DRINK
36,360861,1,1,2,18,8,8,10,17,0,1,0,36,2,20,401,20401,14,1995,1GNDT13W0S22,1,G,N,D,T,1,3,W,0,S,2,2,0,P,CHEV,BZR,UT,95,17,4071,,0,1070,,G,,0,0,000000000,00000000000,0,0,0,1,0,0,0,0,0,0,0,999,0,0,0,12,12,6,2,3,0,0,0,1,36,10931,6,1,0,0,3,0,70,999,0,0,0,0,0,0,0,0,0,0,0,0,0,0,1,2,40,4,1,2,1,28,3,17,13,99,1,4,1,2,0
36,360862,1,1,1,10,10,18,3,11,0,1,0,36,1,73,706,73706,80,2010,JKAZXCF17AA0,J,K,A,Z,X,C,F,1,7,A,A,0,0,M,KAWK,Z0F,RC,10,17,,,,,,,998,0,0,000000000,00000000000,0,0,0,1,0,0,0,0,0,0,0,999,0,0,0,12,12,6,2,11,0,0,0,1,36,12553,6,1,0,0,3,3,72,999,0,0,0,0,0,0,0,0,0,0,83,0,0,0,1,2,55,2,2,1,1,28,3,17,87,99,1,1,13,1,0
36,360863,1,1,1,15,10,16,43,42,0,1,0,36,1,32,40,32040,1,2005,WUARL48H45K9,W,U,A,R,L,4,8,H,4,5,K,9,0,P,AUDI,S4C,CV,5,17,4123,,0,1045,,G,,0,0,000000000,00000000000,0,0,0,1,0,0,0,0,0,0,0,999,0,0,0,7,7,6,2,42,0,0,0,1,36,13152,6,1,0,0,3,0,70,999,0,0,0,0,0,0,0,0,0,1,0,0,0,0,1,2,55,1,2,2,2,28,3,1,8,99,2,4,7,1,1
36,360864,1,1,1,21,10,23,6,32,0,1,0,36,1,12,422,12422,15,2001,1FMFU18L21LB,1,F,M,F,U,1,8,L,2,1,L,B,0,P,FORD,EPT,UT,1,17,5417,,0,1191,,G,,0,0,000000000,00000000000,0,0,0,1,0,0,0,0,0,0,0,999,0,0,0,12,12,6,2,2,0,0,1,1,36,14020,6,1,0,0,3,0,72,999,0,0,0,0,0,0,0,0,0,0,39,0,0,0,1,2,55,2,1,2,2,20,3,14,13,99,1,4,1,1,1
36,360865,1,4,1,16,8,12,33,12,6,1,0,36,2,30,40,30040,4,2003,3VWPE69M93M1,3,V,W,P,E,6,9,M,9,3,M,1,0,P,VOLK,JWE,4D,3,17,2963,,0,989,,G,,0,0,000000000,00000000000,0,0,0,1,0,0,0,0,0,0,0,95,0,0,0,12,12,6,2,12,0,0,0,1,36,13027,6,1,0,0,3,0,69,999,0,0,0,0,2,5,2010,5,2010,1,8,28,0,0,1,4,55,4,1,2,1,0,0,6,10,99,1,2,64,0,0
36,360865,2,4,2,16,8,12,33,12,6,1,0,36,2,12,17,12017,4,2007,1FAFP53U47A2,1,F,A,F,P,5,3,U,4,7,A,2,0,P,FORD,TSE,4D,7,17,3307,,0,1085,,G,,0,0,000000000,00000000000,0,0,0,1,0,0,0,0,0,0,0,999,0,0,0,9,9,6,2,12,0,0,0,1,36,13212,6,1,0,0,3,0,67,999,0,0,0,0,0,0,0,0,0,0,0,0,0,0,1,4,55,4,1,2,1,0,0,14,62,99,1,1,65,1,0
36,360865,3,4,1,16,8,12,33,12,6,1,0,36,2,7,442,7442,20,2000,1B4GP44R0YB7,1,B,4,G,P,4,4,R,0,Y,B,7,0,P,DODG,CAR,SV,0,17,3863,1,0,1193,RNG,G,,0,0,000000000,00000000000,0,0,0,1,0,0,0,0,0,0,0,999,0,0,0,3,3,2,1,12,0,0,0,1,36,13039,6,1,0,0,3,0,74,999,0,0,0,2,0,9,2008,12,2008,0,0,0,0,0,1,4,55,4,1,2,1,0,0,14,98,6,1,2,98,0,0
36,360865,4,4,1,16,8,12,33,12,6,1,0,36,1,20,481,20481,31,2002,1GCEK14V12Z2,1,G,C,E,K,1,4,V,1,2,Z,2,0,T,CHEV,SK1,PK,2,17,,2,1330,1190,SIL,G,,0,0,000000000,00000000000,0,0,0,1,0,0,0,0,0,0,0,999,0,0,0,11,11,6,2,12,0,0,0,1,36,13088,6,1,0,0,3,0,62,999,0,0,0,0,0,0,0,0,0,0,0,0,0,0,1,4,55,4,1,2,1,0,0,14,98,7,1,2,98,0,0
36,360866,1,1,1,15,9,18,45,42,0,1,0,36,1,20,471,20471,30,2003,1GCDT19X2382,1,G,C,D,T,1,9,X,2,3,8,2,0,T,CHEV,S14,3C,3,17,,1,0,1229,S,G,,0,0,000000000,00000000000,0,0,0,1,0,0,0,0,0,0,0,999,0,0,0,12,12,6,2,42,0,0,0,1,36,11518,6,1,0,0,3,3,74,999,0,0,0,0,0,0,0,0,0,0,0,0,0,0,1,2,99,1,1,2,1,0,0,17,87,7,1,4,1,1,0
36,360867,1,2,1,30,10,23,53,12,6,1,0,36,1,37,709,37709,80,1980,999999999999,9,9,9,9,9,9,9,9,9,9,9,9,0,U,,,,9,17,,,,,,,,0,0,000000000,00000000000,0,0,0,1,0,0,0,0,0,0,0,999,0,0,0,12,12,6,2,12,0,0,0,1,36,14616,6,1,0,0,3,0,74,999,0,0,0,0,0,0,0,0,0,0,0,0,0,0,2,4,30,1,1,2,1,3,3,1,66,99,1,1,69,1,1
36,360867,2,2,4,30,10,23,53,12,6,1,0,36,2,20,401,20401,14,2004,1GNDT13X74K1,1,G,N,D,T,1,3,X,7,4,K,1,0,P,CHEV,BZR,UT,4,17,4134,,0,1070,,G,,0,0,000000000,00000000000,0,0,0,1,0,0,0,0,0,0,0,999,0,0,0,1,1,6,2,12,0,0,0,1,36,14468,6,1,0,0,3,0,65,999,0,0,0,0,0,0,0,0,0,0,38,0,0,0,2,4,30,1,1,2,1,3,3,11,15,99,1,1,68,0,0
36,360868,1,2,2,5,10,15,16,12,6,1,0,40,2,37,31,37031,2,2005,1HGEM22915L0,1,H,G,E,M,2,2,9,1,5,L,0,0,P,HOND,UAX,CP,5,17,2657,,0,1031,,G,,0,0,000000000,00000000000,0,0,0,1,0,0,0,0,0,0,0,999,0,0,0,9,9,6,2,12,0,0,0,1,40,74701,6,1,0,0,3,0,67,999,0,0,0,0,0,0,0,0,0,0,39,0,0,0,1,2,55,1,1,2,2,20,3,1,17,99,1,1,89,2,0
36,360868,2,2,1,5,10,15,16,12,6,1,0,36,3,87,881,87881,66,2005,1XP7DU9X35D8,1,X,P,7,D,U,9,X,3,5,D,8,1,T,PTRB,387,DS,5,17,,8,0,0,CON,D,,1,57,00456011,5700456011,3,6,1,1,0,0,0,0,0,0,0,45,0,0,0,12,12,6,2,12,0,0,0,1,95,0,9,9,99,9,9,9,999,999,99,99,99,99,99,99,9999,99,9999,0,0,0,0,0,1,2,55,1,1,2,2,20,3,1,66,99,1,1,88,0,0
36,360869,1,1,1,22,10,23,22,8,0,1,1,36,2,63,38,63038,4,2010,KNAFW4A39A51,K,N,A,F,W,4,A,3,9,A,5,1,0,P,KIA,FSX,4D,10,17,2853,,0,1043,,G,,0,0,000000000,00000000000,0,0,0,1,0,0,0,0,0,0,0,999,0,0,0,12,12,2,3,8,0,0,0,1,36,10467,0,0,0,0,0,0,68,999,0,0,0,0,0,0,0,0,0,0,52,92,0,0,1,4,99,1,1,2,1,0,0,1,80,99,1,1,13,0,0
36,360870,1,1,2,11,11,2,10,42,0,1,0,36,2,37,32,37032,4,1994,1HGCD5568RA0,1,H,G,C,D,5,5,6,8,R,A,0,0,P,HOND,AEX,4D,94,17,2908,,0,1069,,G,,0,0,000000000,00000000000,0,0,0,1,0,0,0,0,0,0,0,999,0,1,5,6,6,6,2,1,0,0,0,1,36,11596,6,1,0,0,3,0,73,999,0,0,0,0,0,0,0,0,0,0,27,0,0,0,1,4,30,4,1,2,1,0,0,15,12,99,1,4,6,1,1
36,360871,1,1,1,13,11,8,49,42,0,1,0,36,2,37,706,37706,80,2004,1HFSC47054A3,1,H,F,S,C,4,7,0,5,4,A,3,0,M,HOND,GL8,RS,4,17,,,,,,,1832,0,0,000000000,00000000000,0,0,0,1,0,0,0,0,0,0,0,999,0,0,0,12,12,6,2,42,0,0,0,1,36,12836,6,1,0,0,3,0,75,999,1,0,0,0,0,3,2009,3,2009,1,0,0,0,0,1,2,45,1,2,2,1,28,3,1,13,99,1,4,1,1,0
36,360872,1,1,2,5,11,19,11,8,0,1,0,36,1,37,402,37402,14,2008,JHLRE48508C0,J,H,L,R,E,4,8,5,0,8,C,0,0,P,HOND,CRV,UT,8,17,3532,,0,1031,,G,,0,0,000000000,00000000000,0,0,0,1,0,0,0,0,0,0,0,999,0,0,0,12,12,2,1,8,0,0,0,1,36,12866,6,1,0,0,3,0,68,999,0,0,0,0,0,0,0,0,0,0,0,0,0,0,1,4,55,1,1,2,2,0,0,1,80,99,1,1,13,0,0
36,360873,1,1,2,4,11,18,34,8,0,1,0,36,1,20,404,20404,14,2008,2CNDL43F3863,2,C,N,D,L,4,3,F,3,8,6,3,0,P,CHEV,EQU,UT,8,17,3829,,0,1125,,G,,0,0,000000000,00000000000,0,0,0,1,0,0,0,0,0,0,0,20,0,0,0,12,12,2,1,8,0,0,0,1,36,13036,6,1,0,0,3,3,68,999,1,0,0,0,0,7,2010,7,2010,0,38,0,0,0,1,2,30,1,3,2,2,28,3,1,80,99,1,1,13,0,0
36,360874,1,2,2,3,11,21,40,12,6,1,0,36,2,6,52,6052,6,2008,3A8FY48B08T1,3,A,8,F,Y,4,8,B,0,8,T,1,0,P,CHRY,PTC,SV,8,17,3076,,0,1030,,G,,0,0,000000000,00000000000,0,0,0,1,0,0,0,0,0,0,0,999,0,0,0,83,83,6,2,12,0,0,0,1,36,10984,1,1,0,0,2,3,71,999,1,1,0,0,0,8,2008,7,2010,0,92,0,0,0,1,2,40,1,1,2,1,3,3,11,15,99,1,1,68,0,0
36,360874,2,2,1,3,11,21,40,12,6,1,0,36,2,76,705,76705,80,2008,JYARJ16E48A0,J,Y,A,R,J,1,6,E,4,8,A,0,0,M,YAMA,R6L,RS,8,17,,,,,,,599,0,0,000000000,00000000000,0,0,0,1,0,0,0,0,0,0,0,999,0,0,0,12,12,6,2,12,0,0,0,1,36,10970,6,1,0,0,3,0,72,999,0,5,0,0,0,11,2007,4,2008,1,0,0,0,0,1,2,40,1,1,2,1,3,3,1,62,99,1,1,69,1,1
36,360875,1,2,2,20,8,14,30,12,6,1,0,36,2,49,40,49040,4,1994,4T1SK13E1RU3,4,T,1,S,K,1,3,E,1,R,U,3,0,P,TOYT,XLE,4D,94,17,3131,,0,1031,,G,,0,0,000000000,00000000000,0,0,0,1,0,0,0,0,0,0,0,999,0,0,0,8,8,6,2,12,0,0,0,1,36,11219,6,1,0,0,3,3,74,999,0,0,0,0,0,0,0,0,0,0,48,0,0,0,1,4,99,1,1,2,1,0,0,12,11,99,1,2,98,1,0
36,360875,2,2,2,20,8,14,30,12,6,1,0,36,2,58,39,58039,6,2009,JNRAS18W89M1,J,N,R,A,S,1,8,W,8,9,M,1,0,P,INFI,IFX,UT,9,17,4299,,0,1136,,G,,0,0,000000000,00000000000,0,0,0,1,0,0,0,0,0,0,0,999,0,0,0,12,12,6,2,12,0,0,0,1,36,11214,6,1,0,0,3,0,75,999,0,6,0,0,1,9,2007,9,2008,0,0,0,0,0,1,4,99,1,1,2,1,0,0,1,60,99,1,1,98,0,0
36,360876,1,1,1,13,11,22,13,8,0,1,0,36,2,55,33,55033,4,2004,KMHWF35H94A9,K,M,H,W,F,3,5,H,9,4,A,9,0,P,HYUN,SGX,4D,4,17,3212,,0,1063,,G,,0,0,000000000,00000000000,0,0,0,1,0,0,0,0,0,0,0,55,0,0,0,12,12,6,2,8,0,0,0,1,36,14821,6,2,0,0,2,2,66,999,0,0,0,0,0,0,0,0,0,0,74,0,0,0,1,2,55,1,1,1,1,0,0,1,80,99,1,1,13,0,0
36,360877,1,2,2,10,11,13,25,12,2,1,0,36,2,30,47,30047,3,2000,3VWDD21C4YM4,3,V,W,D,D,2,1,C,4,Y,M,4,0,P,VOLK,NGX,2H,0,17,2915,,0,989,,G,,0,0,000000000,00000000000,0,0,0,1,0,0,0,0,0,0,0,999,0,0,0,12,12,6,2,12,0,0,0,1,36,12816,6,1,0,0,3,3,75,999,0,0,0,0,0,0,0,0,0,0,28,0,0,0,1,2,55,2,1,2,1,0,0,14,10,99,1,2,50,1,0
36,360877,2,2,1,10,11,13,25,12,2,1,0,36,3,98,804,98804,66,2003,2WKJABAV63KL,2,W,K,J,A,B,A,V,6,3,K,L,1,T,WSTR,49X,DS,3,17,,8,0,0,CNV,D,,1,57,829810,57829810,3,6,1,1,0,0,0,0,0,0,0,999,0,1,5,12,12,6,2,1,0,0,0,1,36,12134,6,1,6,0,3,0,70,999,0,0,0,0,0,0,0,0,0,0,0,0,0,0,1,2,55,3,1,2,1,0,0,14,62,99,1,1,51,0,0
36,360878,1,1,1,15,11,5,0,43,0,1,0,36,1,20,481,20481,31,2006,1GCEK19B46Z1,1,G,C,E,K,1,9,B,4,6,Z,1,0,T,CHEV,SK1,4C,6,17,,2,1575,1340,SIL,G,,0,0,000000000,00000000000,0,0,0,1,0,0,0,0,0,0,0,40,0,0,0,12,12,6,2,3,0,0,0,1,36,14094,6,1,0,0,3,0,71,999,0,0,0,0,0,0,0,0,0,1,28,0,0,0,1,2,30,1,1,2,1,0,0,1,6,99,2,4,14,1,1
36,360879,1,1,1,16,11,12,26,8,0,1,0,36,1,7,881,7881,61,1994,1B6MC36CXRS5,1,B,6,M,C,3,6,C,X,R,S,5,0,T,DODG,350,CB,94,17,,3,1627,1347,RPC,D,,0,99,999999999,99999999999,2,1,1,1,0,0,0,0,0,0,0,999,0,0,0,12,12,6,2,8,0,0,0,1,36,14414,6,1,6,0,3,0,71,999,0,1,0,1,1,7,2008,12,2009,0,38,0,0,0,1,2,35,1,2,2,1,3,3,11,80,99,1,1,13,0,0
36,360880,1,3,2,7,11,12,19,12,6,1,0,36,1,20,22,20022,4,2010,1G1AB5F56A71,1,G,1,A,B,5,F,5,6,A,7,1,0,P,CHEV,BLS,4D,10,17,3216,,0,1033,,G,,0,0,000000000,00000000000,0,0,0,1,0,0,0,0,0,0,0,999,0,0,0,7,3,6,2,12,0,0,0,1,36,14569,6,1,0,0,3,3,60,999,1,0,0,0,0,7,2008,7,2008,0,39,38,0,0,1,2,55,1,1,2,2,20,3,1,17,99,1,1,89,1,0
36,360880,2,3,2,7,11,12,19,12,6,1,0,36,1,14,17,14017,4,1995,1MELM50UXSG6,1,M,E,L,M,5,0,U,X,S,G,6,0,P,MERC,SGS,4D,95,17,3144,,0,1060,,G,,0,0,000000000,00000000000,0,0,0,1,0,0,0,0,0,0,0,999,0,0,0,12,12,6,2,12,0,0,0,1,36,14066,6,1,0,0,3,3,69,999,0,0,0,0,0,0,0,0,0,0,0,0,0,0,1,2,55,1,1,2,2,20,3,1,66,99,1,1,88,0,0
36,360880,3,3,3,7,11,12,19,12,6,1,0,36,1,7,442,7442,20,2002,1B4GP25352B6,1,B,4,G,P,2,5,3,5,2,B,6,0,P,DODG,CAR,SV,2,17,3766,,0,1133,,F,,0,0,000000000,00000000000,0,0,0,1,0,0,0,0,0,0,0,999,0,0,0,12,12,6,2,12,0,0,0,1,36,14066,6,1,0,0,3,3,67,999,0,0,0,0,0,0,0,0,0,0,0,0,0,0,1,2,55,1,1,2,2,20,3,1,17,99,1,1,98,0,0
36,360881,1,1,2,19,9,16,30,59,0,1,0,36,1,35,47,35047,4,2010,1N4AL2AP7AN4,1,N,4,A,L,2,A,P,7,A,N,4,0,P,NISS,ATS,4D,10,17,3063,,0,1093,,G,,0,0,000000000,00000000000,0,0,0,1,0,0,0,0,0,0,0,999,0,0,0,12,12,6,2,50,0,0,0,1,36,11714,6,1,0,0,3,0,70,999,0,0,0,0,0,0,0,0,0,0,0,0,0,0,3,4,55,3,1,2,1,0,0,14,13,99,1,4,1,1,0
36,360882,1,1,1,25,9,0,40,5,0,1,0,36,1,72,706,72706,80,1990,1HD1BKL14LY0,1,H,D,1,B,K,L,1,4,L,Y,0,0,M,HD,XTC,RS,90,17,,,,,,,1340,0,0,000000000,00000000000,0,0,0,1,0,0,0,0,0,0,0,999,0,0,0,0,12,6,2,30,0,0,0,1,36,13033,6,1,0,0,3,0,71,999,0,0,0,0,0,0,0,0,0,0,28,0,0,0,1,2,55,3,1,2,1,28,3,17,98,99,1,4,0,1,1
36,360883,1,1,1,23,10,12,30,35,0,1,0,36,1,48,38,48038,6,2008,JF1GH63618H8,J,F,1,G,H,6,3,6,1,8,H,8,0,P,SUBA,ISP,SW,8,17,3108,,0,1031,,G,,0,0,000000000,00000000000,0,0,0,1,0,0,0,0,0,0,0,999,0,0,0,12,7,6,2,2,0,0,1,1,36,10604,6,1,0,0,3,0,67,999,0,0,0,0,0,0,0,0,0,0,0,0,0,0,3,2,55,1,1,1,1,0,0,1,13,99,1,4,1,1,0
36,360884,1,1,2,10,7,3,0,30,0,1,0,36,2,51,45,51045,4,2000,YV1TS94D5Y10,Y,V,1,T,S,9,4,D,5,Y,1,0,0,P,VOLV,S80,4D,0,17,3589,,0,1099,,G,,0,0,000000000,00000000000,0,0,0,1,0,0,0,0,0,0,0,50,0,0,0,12,12,6,2,42,0,0,0,1,36,13206,6,1,0,0,3,3,71,999,0,0,0,0,0,0,0,0,0,1,39,0,0,0,1,2,30,1,1,2,2,0,0,1,12,99,1,4,6,1,1
36,360885,1,4,1,30,10,10,35,12,1,1,0,36,1,52,34,52034,4,2007,4A3AB36F17E0,4,A,3,A,B,3,6,F,1,7,E,0,0,P,MITS,GES,4D,7,17,3439,,0,1083,,G,,0,0,000000000,00000000000,0,0,0,1,0,0,0,0,0,0,0,999,0,0,0,12,12,6,2,12,0,0,0,1,36,12084,1,1,0,0,2,2,71,999,1,2,0,0,0,3,2008,5,2010,0,74,0,0,0,1,2,40,1,1,2,1,0,0,1,50,99,1,2,20,0,0
36,360885,2,4,1,30,10,10,35,12,1,1,0,36,1,72,706,72706,80,2005,1HD1FVW195Y6,1,H,D,1,F,V,W,1,9,5,Y,6,0,M,HD,IUA,RS,5,17,,,,,,,1450,0,0,000000000,00000000000,0,0,0,1,0,0,0,0,0,0,0,0,0,0,0,6,6,6,2,12,0,0,0,1,36,12303,6,1,0,0,3,0,73,999,0,0,0,0,0,0,0,0,0,0,0,0,0,0,1,2,40,1,1,2,1,0,0,5,50,1,1,1,21,1,0
36,360885,3,4,2,30,10,10,35,12,1,1,0,36,3,12,481,12481,31,1998,2FTZF1826WCB,2,F,T,Z,F,1,8,2,6,W,C,B,0,T,FORD,F15,PK,98,17,,1,1390,1200,COF,G,,0,0,000000000,00000000000,0,0,0,1,0,0,0,0,0,0,0,0,0,0,0,6,6,6,2,12,0,0,0,1,36,12306,6,1,0,0,3,0,66,999,0,0,0,0,0,0,0,0,0,0,0,0,0,0,1,2,40,1,1,2,1,0,0,5,50,1,1,1,98,0,0
36,360885,4,4,2,30,10,10,35,12,1,1,0,36,1,12,481,12481,31,1992,1FTHF25G4NNA,1,F,T,H,F,2,5,G,4,N,N,A,0,T,FORD,F25,PK,92,17,,2,0,1330,COF,G,,0,0,000000000,00000000000,0,0,0,1,0,0,0,0,0,0,0,999,0,0,0,7,7,2,1,12,0,0,0,1,36,12303,6,1,0,0,3,0,70,999,0,0,0,0,0,0,0,0,0,0,0,0,0,0,1,2,40,1,1,2,1,0,0,1,62,99,1,1,98,0,0
36,360886,1,1,1,12,11,12,10,8,0,1,0,36,1,35,443,35443,20,1998,4N2ZN1113WD8,4,N,2,Z,N,1,1,1,3,W,D,8,0,P,NISS,QST,SV,98,17,4007,,0,1122,,G,,0,0,000000000,00000000000,0,0,0,1,0,0,0,0,0,0,0,10,0,0,0,12,12,2,1,8,0,0,0,1,36,11419,6,1,0,0,3,3,68,999,0,0,0,0,0,0,0,0,0,0,38,92,0,0,4,1,30,1,1,2,1,3,3,11,80,99,1,1,13,0,0
36,360887,1,2,2,4,11,6,55,8,0,1,0,36,3,23,461,23461,21,2000,1GDJG31F9Y11,1,G,D,J,G,3,1,F,9,Y,1,1,0,T,GMC,SCT,YY,0,17,,3,1770,1390,STV,D,,0,88,888888888,88888888888,2,20,22,1,0,0,0,0,1,2,0,999,0,0,0,12,12,6,2,8,0,0,0,1,36,11793,6,1,0,0,3,3,70,999,0,0,0,1,0,1,2008,1,2008,0,0,0,0,0,1,4,30,1,1,2,2,0,0,1,80,99,1,1,13,0,0
36,360887,2,2,1,4,11,6,55,8,0,1,1,99,9,99,999,99999,99,9999,999999999999,9,9,9,9,9,9,9,9,9,9,9,9,0,U,,,,9,17,,,,,,,,0,0,000000000,00000000000,0,0,0,1,0,0,0,0,0,0,0,999,0,0,0,99,99,9,1,8,0,0,0,1,99,99999,9,9,99,9,9,9,999,999,99,99,99,99,99,99,9999,99,9999,9,0,0,0,0,1,4,30,1,1,2,2,0,0,1,80,99,1,1,98,0,0
36,360888,1,1,1,6,11,5,0,9,0,1,0,94,3,86,881,86881,66,2000,1M1AA08Y8YW0,1,M,1,A,A,0,8,Y,8,Y,W,0,1,T,MACK,CH6,DS,0,17,,8,0,0,600,D,,1,57,9610189,579610189,3,6,1,1,0,0,0,0,0,0,0,999,0,0,0,14,14,0,1,9,0,0,0,1,36,11967,6,1,6,0,3,3,68,999,0,0,0,0,0,0,0,0,0,0,0,0,0,0,3,2,45,1,1,2,1,0,0,1,83,4,1,1,13,0,0
36,360889,1,1,1,10,11,7,9,35,0,1,0,36,2,20,401,20401,14,1998,1GNCT18W7WK2,1,G,N,C,T,1,8,W,7,W,K,2,0,P,CHEV,BZR,UT,98,17,3874,,0,1005,,G,,0,0,000000000,00000000000,0,0,0,1,0,0,0,0,0,0,0,999,0,1,5,5,5,6,2,1,0,0,0,1,36,13037,1,2,0,0,2,2,65,999,3,0,1,0,0,8,2009,4,2010,0,74,0,0,0,1,2,45,1,1,2,1,0,0,1,13,99,1,4,1,1,0
36,360890,1,1,1,8,9,3,44,30,0,1,0,36,2,49,32,49032,4,2007,2T1BR32E27C7,2,T,1,B,R,3,2,E,2,7,C,7,0,P,TOYT,UCS,4D,7,17,2530,,0,1024,,G,,0,0,000000000,00000000000,0,0,0,1,0,0,0,0,0,0,0,999,0,1,5,12,12,6,2,1,0,0,0,1,36,13037,1,1,0,0,2,2,68,999,0,6,0,1,0,1,2008,8,2010,1,28,74,0,0,1,2,50,1,2,2,2,0,0,1,12,99,1,4,6,1,1
36,360891,1,1,2,24,10,0,40,8,0,1,0,36,1,12,37,12037,4,2009,1FAHP33N99W1,1,F,A,H,P,3,3,N,9,9,W,1,0,P,FORD,FOS,CP,9,17,2588,,0,1029,,G,,0,0,000000000,00000000000,0,0,0,1,0,0,0,0,0,0,0,999,0,0,0,12,12,4,1,8,0,0,0,1,36,13069,6,1,0,0,3,0,71,999,0,0,0,1,0,9,2008,9,2008,0,0,0,0,0,1,2,55,1,1,2,2,0,0,1,80,99,1,1,13,0,0
36,360892,1,1,1,31,10,12,40,24,0,1,0,36,1,76,706,76706,80,2009,JYAVP11E49A1,J,Y,A,V,P,1,1,E,4,9,A,1,0,M,YAMA,XVS,RS,9,17,,,,,,,1063,0,0,000000000,00000000000,0,0,0,1,0,0,0,0,0,0,0,999,0,0,0,12,12,6,2,24,0,0,0,1,36,11379,6,1,0,0,2,2,73,999,1,0,0,0,0,7,2008,7,2008,0,52,74,0,0,3,2,65,1,1,2,1,0,0,1,13,99,1,4,1,1,0
36,360893,1,1,3,31,10,2,36,8,0,1,0,36,1,20,403,20403,14,2003,1GNDT13S3322,1,G,N,D,T,1,3,S,3,3,2,2,0,P,CHEV,TRL,UT,3,17,4600,,0,1130,,G,,0,0,000000000,00000000000,0,0,0,1,0,0,0,0,0,0,0,999,0,0,0,12,12,6,2,8,0,0,0,1,36,12914,6,1,0,0,3,3,72,999,0,0,0,0,0,0,0,0,0,0,0,0,0,0,1,2,99,1,1,2,2,28,3,1,80,99,1,1,13,0,1
36,360894,1,2,2,6,11,22,25,12,1,1,0,36,3,35,48,35048,2,2009,JN1AZ44E09M4,J,N,1,A,Z,4,4,E,0,9,M,4,0,P,NISS,370,CP,9,17,3232,,0,1004,,G,,0,0,000000000,00000000000,0,0,0,1,0,0,0,0,0,0,0,999,0,0,0,6,6,6,2,12,0,0,0,1,36,10512,6,1,0,0,3,0,67,999,0,0,0,0,2,9,2008,12,2009,1,28,0,0,0,1,2,55,1,1,2,1,0,0,1,6,99,4,2,98,0,1
36,360894,2,2,2,6,11,22,25,12,1,1,0,36,1,37,402,37402,14,2006,SHSRD78946U4,S,H,S,R,D,7,8,9,4,6,U,4,0,P,HOND,CRV,UT,6,17,3494,,0,1033,,G,,0,0,000000000,00000000000,0,0,0,1,0,0,0,0,0,0,0,999,0,0,0,12,12,6,2,12,0,0,0,1,36,10462,6,1,0,0,3,3,65,999,0,0,0,0,0,0,0,0,0,0,0,0,0,0,1,2,55,1,1,2,1,0,0,1,62,99,1,1,98,1,0
36,360895,1,2,1,30,6,20,33,12,6,1,0,36,3,98,907,98907,52,2007,1VHHH3P2X767,1,V,H,H,H,3,P,2,X,7,6,7,0,U,,,,7,17,,,,,,,,0,88,888888888,88888888888,3,21,22,1,0,0,0,0,6,0,0,999,0,0,0,9,9,2,1,12,0,0,0,1,36,10458,6,1,6,1,3,0,67,999,1,0,0,0,0,11,2007,11,2007,0,0,0,0,0,1,2,99,1,1,2,1,0,0,1,66,99,1,1,89,0,0
36,360895,2,2,1,30,6,20,33,12,6,1,0,92,0,73,709,73709,80,9999,999999999999,9,9,9,9,9,9,9,9,9,9,9,9,0,U,,,,9,17,,,,,,,,0,0,000000000,00000000000,0,0,0,1,0,0,0,0,0,0,0,999,0,0,0,12,12,4,9,12,0,0,0,1,36,11420,6,1,0,0,3,0,71,999,0,0,0,0,0,0,0,0,0,0,52,39,0,0,1,2,99,1,1,2,1,20,3,1,17,99,1,1,88,1,0