STATE,ST_CASE,VEH_NO,VE_FORMS,NUMOCCS,DAY,MONTH,HOUR,MINUTE,HARM_EV,MAN_COLL,UNITTYPE,HIT_RUN,REG_STAT,OWNER,MAKE,MODEL,MAK_MOD,BODY_TYP,MOD_YEAR,VIN,VIN_1,VIN_2,VIN_3,VIN_4,VIN_5,VIN_6,VIN_7,VIN_8,VIN_9,VIN_10,VIN_11,VIN_12,TOW_VEH,VINTYPE,VINMAKE,VINA_MOD,VIN_BT,VINMODYR,VIN_LNGT,VIN_WGT,WGTCD_TR,WHLBS_LG,WHLBS_SH,SER_TR,FUELCODE,MCYCL_DS,J_KNIFE,MCARR_I1,MCARR_I2,MCARR_ID,GVWR,V_CONFIG,CARGO_BT,HAZ_INV,HAZ_PLAC,HAZ_ID,HAZ_CNO,HAZ_REL,BUS_USE,SPEC_USE,EMER_USE,TRAV_SP,UNDERIDE,ROLLOVER,ROLINLOC,IMPACT1,IMPACT2,DEFORMED,TOWED,M_HARM,VEH_SC1,VEH_SC2,FIRE_EXP,DR_PRES,L_STATE,DR_ZIP,L_STATUS,L_TYPE,CDL_STAT,L_ENDORS,L_COMPL,L_RESTRI,DR_HGT,DR_WGT,PREV_ACC,PREV_SUS,PREV_DWI,PREV_SPD,PREV_OTH,FIRST_MO,FIRST_YR,LAST_MO,LAST_YR,SPEEDREL,DR_SF1,DR_SF2,DR_SF3,DR_SF4,VTRAFWAY,VNUM_LAN,VSPD_LIM,VALIGN,VPROFILE,VPAVETYP,VSURCOND,VTRAFCON,VTCONT_F,P_CRASH1,P_CRASH2,P_CRASH3,PCRASH4,PCRASH5,ACC_TYPE,DEATHS,DR_DRINK
36,360931,2,2,1,16,11,18,0,12,2,1,0,36,2,20,16,20016,4,1997,1G1JC524XV72,1,G,1,J,C,5,2,4,X,V,7,2,0,P,CHEV,CAV,4D,97,17,2630,,0,1041,,G,,0,0,000000000,00000000000,0,0,0,1,0,0,0,0,0,0,0,999,0,0,0,12,12,6,2,12,0,0,0,1,36,14719,6,1,0,0,3,3,66,999,0,3,0,1,1,2,2008,12,2009,0,0,0,0,0,1,2,55,3,1,2,2,0,0,14,62,99,1,1,51,1,0
36,360932,1,1,1,5,9,10,47,42,0,1,0,36,1,54,421,54421,15,2005,2HNYD18935H5,2,H,N,Y,D,1,8,9,3,5,H,5,0,P,ACUR,MDX,UT,5,17,4542,,0,1063,,G,,0,0,000000000,00000000000,0,0,0,1,0,0,0,0,0,0,0,999,0,0,0,12,12,6,2,42,0,0,0,1,36,11766,6,1,0,0,3,0,69,999,0,0,0,0,0,0,0,0,0,0,0,0,0,0,1,2,30,1,1,2,1,0,0,1,12,1,1,4,6,1,0
36,360933,1,1,6,29,8,0,58,30,0,1,0,36,9,35,47,35047,4,2007,1N4AL21E77C1,1,N,4,A,L,2,1,E,7,7,C,1,0,P,NISS,ATS,4D,7,17,3042,,0,1093,,G,,0,0,000000000,00000000000,0,0,0,1,0,0,0,0,0,0,0,999,0,0,0,3,3,6,2,30,0,0,0,1,99,99999,9,9,99,9,9,9,999,999,99,99,99,99,99,99,9999,99,9999,1,0,0,0,0,1,2,30,1,1,2,1,0,0,1,6,99,3,4,7,2,0
36,360934,1,1,1,2,11,10,10,42,0,1,0,36,1,20,2,20002,4,2008,2G1WB58N9812,2,G,1,W,B,5,8,N,9,8,1,2,0,P,CHEV,IPL,4D,8,17,3555,,0,1105,,G,,0,0,000000000,00000000000,0,0,0,1,0,0,0,0,0,0,0,999,0,0,0,12,12,6,2,42,0,0,0,1,36,12197,6,1,0,0,3,0,72,999,0,0,0,0,0,0,0,0,0,0,0,0,0,0,3,3,55,2,1,2,1,0,0,14,13,99,1,4,1,1,0
36,360935,1,2,1,11,10,0,40,12,6,1,0,36,1,37,32,37032,2,2010,1HGCS2B89AA0,1,H,G,C,S,2,B,8,9,A,A,0,0,P,HOND,AXL,CP,10,17,3401,,0,1079,,G,,0,0,000000000,00000000000,0,0,0,1,0,0,0,0,0,0,0,999,0,0,0,12,12,6,2,2,0,0,1,1,36,14623,6,7,0,0,3,2,64,999,0,0,0,0,0,0,0,0,0,1,28,73,0,0,1,4,45,2,2,2,1,0,0,14,10,99,1,2,66,1,1
36,360935,2,2,3,11,10,0,40,12,6,1,0,36,1,7,442,7442,20,2006,1D4GP24R26B5,1,D,4,G,P,2,4,R,2,6,B,5,0,P,DODG,CAR,SV,6,17,4095,,0,1193,,G,,0,0,000000000,00000000000,0,0,0,1,0,0,0,0,0,0,0,999,0,0,0,61,61,4,1,12,0,0,0,1,36,14692,6,1,0,0,3,0,71,999,0,0,0,0,0,0,0,0,0,0,0,0,0,0,1,4,45,3,2,2,1,0,0,14,62,99,1,1,66,0,0
36,360936,1,1,4,10,11,0,28,34,0,1,0,36,1,52,35,52035,4,2001,JA3AY36C91U0,J,A,3,A,Y,3,6,C,9,1,U,0,0,P,MITS,MLS,4D,1,17,2459,,0,984,,G,,0,0,000000000,00000000000,0,0,0,1,0,0,0,0,0,0,0,999,0,0,0,12,12,6,2,42,0,0,0,1,36,13843,6,1,0,0,3,0,69,999,1,0,0,0,1,7,2008,7,2008,0,0,0,0,0,1,2,55,1,2,2,1,28,3,17,87,6,1,4,6,1,0
36,360937,1,1,1,28,11,9,46,42,0,1,0,36,1,22,18,22018,4,2003,1G2NW52E93C2,1,G,2,N,W,5,2,E,9,3,C,2,0,P,PONT,GAG,4D,3,17,3116,,0,1070,,G,,0,0,000000000,00000000000,0,0,0,1,0,0,0,0,0,0,0,999,0,0,0,9,9,6,2,42,0,0,0,1,36,14171,6,1,0,0,3,0,62,999,0,1,0,1,0,5,2008,9,2009,0,87,0,0,0,1,2,45,3,2,2,4,28,3,14,5,99,3,4,2,1,1
36,360938,1,2,1,15,11,12,5,12,6,1,0,36,1,37,32,37032,4,1997,1HGCD5635VA0,1,H,G,C,D,5,6,3,5,V,A,0,0,P,HOND,ULE,4D,97,17,2864,,0,1069,,G,,0,0,000000000,00000000000,0,0,0,1,0,0,0,0,0,0,0,999,0,0,0,1,61,6,2,12,0,0,0,1,36,11703,6,1,6,0,3,0,68,999,2,0,0,0,0,12,2009,1,2010,0,0,0,0,0,3,2,55,4,1,2,1,0,0,14,62,1,1,3,65,1,0
36,360938,2,2,1,15,11,12,5,12,6,1,0,36,1,20,441,20441,20,1997,1GNEL19WXVB1,1,G,N,E,L,1,9,W,X,V,B,1,0,T,CHEV,AST,ES,97,17,,2,0,1110,AST,G,,0,0,000000000,00000000000,0,0,0,1,0,0,0,0,0,0,0,999,0,0,0,1,62,6,2,12,0,0,0,1,36,11212,6,1,0,0,3,0,67,999,0,0,0,0,0,0,0,0,0,0,28,0,0,0,3,2,55,4,1,2,1,0,0,14,10,1,1,2,64,0,1
36,360939,1,1,2,3,11,6,10,8,0,1,0,36,3,12,461,12461,21,2006,1FBSS31L06DB,1,F,B,S,S,3,1,L,0,6,D,B,0,T,FORD,WSD,BU,6,17,,2,0,1380,ECO,G,,0,0,000000000,00000000000,0,0,0,1,0,0,0,0,0,0,0,999,0,0,0,12,12,4,1,8,0,0,0,1,36,14609,6,1,0,0,3,0,67,999,0,0,0,0,0,0,0,0,0,0,86,0,0,0,1,2,40,1,1,2,1,0,0,1,80,1,1,1,13,0,0
36,360940,1,1,1,23,11,14,30,19,0,1,0,36,1,37,31,37031,4,2003,2HGES26773H5,2,H,G,E,S,2,6,7,7,3,H,5,0,P,HOND,UAX,4D,3,17,2601,,0,1031,,G,,0,0,000000000,00000000000,0,0,0,1,0,0,0,0,0,0,0,999,0,0,0,12,12,6,2,19,0,0,0,1,36,12054,6,1,0,0,3,3,67,999,0,0,0,0,0,0,0,0,0,0,0,0,0,0,1,2,30,1,1,2,1,28,3,1,12,1,1,4,6,1,0
36,360941,1,1,2,26,11,2,48,31,0,1,0,53,1,7,402,7402,14,1999,1B4HS28Y8XF5,1,B,4,H,S,2,8,Y,8,X,F,5,0,P,DODG,DUR,UT,99,17,4397,,0,1159,,G,,0,0,000000000,00000000000,0,0,0,1,0,0,0,0,0,0,0,999,0,0,0,3,3,6,2,31,0,0,0,1,53,98204,6,1,0,0,3,0,68,999,0,0,0,0,0,0,0,0,0,1,0,0,0,0,1,2,30,1,1,2,2,0,0,1,12,1,1,4,6,1,1
36,360942,1,1,1,28,11,4,33,42,0,1,0,36,2,37,32,37032,2,1995,1HGCD7258SA0,1,H,G,C,D,7,2,5,8,S,A,0,0,P,HOND,AEX,CP,95,17,2853,,0,1069,,G,,0,0,000000000,00000000000,0,0,0,1,0,0,0,0,0,0,0,999,0,0,0,99,99,6,2,2,0,0,1,1,36,10598,6,1,0,0,3,0,61,999,1,2,1,0,1,10,2008,10,2009,1,0,0,0,0,1,2,99,1,1,2,99,0,0,1,13,99,1,4,1,1,1
36,360943,1,2,2,5,11,9,9,12,6,1,0,12,3,82,881,82881,66,2003,1FUJBBCG43LK,1,F,U,J,B,B,C,G,4,3,L,K,1,T,FRHT,ST2,DS,3,17,,8,0,0,CON,D,,1,57,0845489,570845489,3,6,1,1,0,0,0,0,0,0,0,999,0,0,0,12,12,4,3,12,0,0,0,1,12,32835,6,1,6,1,3,3,70,999,0,0,0,0,0,0,0,0,0,0,0,0,0,0,1,2,45,1,1,2,2,0,0,1,67,1,1,2,83,0,0
36,360943,2,2,1,5,11,9,9,12,6,1,0,36,1,7,421,7421,15,1990,3B7GE13Y4LM0,3,B,7,G,E,1,3,Y,4,L,M,0,0,T,DODG,D15,PC,90,17,,1,1490,1330,D15,G,,0,0,000000000,00000000000,0,0,0,1,0,0,0,0,0,0,0,999,0,0,0,9,62,6,2,12,0,0,0,1,36,14065,6,1,0,0,3,3,72,999,0,0,0,1,0,4,2010,4,2010,0,38,0,0,0,1,2,99,1,1,2,1,20,3,11,17,1,1,2,82,1,0
36,360944,1,1,1,18,11,17,5,8,0,1,0,36,1,49,50,49050,3,2006,JTKDE1776601,J,T,K,D,E,1,7,7,6,6,0,1,0,P,TOYT,SXC,LB,6,17,2905,,0,1063,,G,,0,0,000000000,00000000000,0,0,0,1,0,0,0,0,0,0,0,999,0,0,0,12,12,2,3,8,0,0,0,1,36,13732,6,1,0,0,3,3,65,999,1,0,0,0,1,10,2008,7,2010,0,0,0,0,0,1,2,55,1,2,2,2,0,0,1,80,99,1,3,13,0,0
36,360945,1,1,1,28,11,6,30,33,0,1,0,36,1,20,4,20004,2,2005,1G1YY22U1551,1,G,1,Y,Y,2,2,U,1,5,5,1,0,P,CHEV,CVT,CP,5,17,3179,,0,1057,,G,,0,0,000000000,00000000000,0,0,0,1,0,0,0,0,0,0,0,999,0,0,0,12,12,6,2,42,0,0,0,1,36,11801,6,1,0,0,3,3,64,999,0,0,0,0,0,0,0,0,0,0,0,0,0,0,2,4,40,1,1,2,1,0,0,1,12,99,1,4,6,1,1
36,360946,1,1,1,28,11,2,45,42,0,1,0,36,1,2,404,2404,14,2005,1J4HR48N25C6,1,J,4,H,R,4,8,N,2,5,C,6,0,T,JEEP,LCF,4W,5,17,,1,0,1095,GCK,G,,0,0,000000000,00000000000,0,0,0,1,0,0,0,0,0,0,0,999,0,0,0,9,9,6,2,2,0,0,1,1,36,11704,6,1,0,0,3,0,65,999,0,0,0,0,0,0,0,0,0,0,0,0,0,0,3,3,40,2,1,2,1,0,0,17,12,99,1,4,6,1,1
36,360947,1,2,1,16,11,17,48,12,1,1,0,36,1,12,471,12471,30,1991,1FTCR11A1MUE,1,F,T,C,R,1,1,A,1,M,U,E,0,T,FORD,RNG,PK,91,17,,1,1140,1080,RNG,G,,0,0,000000000,00000000000,0,0,0,1,0,0,0,0,0,0,0,55,0,0,0,12,12,6,2,12,0,0,0,1,36,13491,1,1,0,0,2,0,69,999,1,3,0,0,5,4,2008,10,2010,1,0,0,0,0,2,5,45,1,1,2,2,0,0,1,50,1,1,1,20,1,0
36,360947,2,2,1,16,11,17,48,12,1,1,0,36,3,82,883,82883,63,2002,1FVHAHAS52LK,1,F,V,H,A,H,A,S,5,2,L,K,1,T,FRHT,FLD,TM,2,17,,8,0,0,CON,D,,1,57,1299939,571299939,3,4,6,1,0,0,0,0,0,0,0,0,0,0,0,6,6,2,1,12,0,0,0,1,36,13501,6,1,6,1,3,0,76,999,0,0,0,0,0,0,0,0,0,0,0,0,0,0,2,5,45,1,1,2,2,0,0,5,53,1,1,1,21,0,0
36,360948,1,1,3,19,11,22,43,53,0,1,0,36,2,12,17,12017,6,2001,1FAFP53UX1A1,1,F,A,F,P,5,3,U,X,1,A,1,0,P,FORD,TSE,4D,1,17,3354,,0,1085,,G,,0,0,000000000,00000000000,0,0,0,1,0,0,0,0,0,0,0,999,0,0,0,1,1,6,2,42,0,0,0,1,36,13368,6,1,0,0,3,3,66,999,0,0,0,0,0,0,0,0,0,1,0,0,0,0,1,2,40,1,1,2,1,0,0,1,6,99,2,4,7,1,0
36,360949,1,1,2,2,10,18,55,8,0,1,0,36,2,41,399,41399,2,1973,S124A121448,S,1,2,4,A,1,2,1,4,4,8,,0,P,,,,,,,,,,,,,0,0,000000000,00000000000,0,0,0,1,0,0,0,0,0,0,0,999,0,0,0,12,12,2,1,8,0,0,0,1,36,11237,6,1,0,0,3,0,68,999,0,0,0,0,0,0,0,0,0,0,86,0,0,0,4,1,30,1,1,2,1,0,0,1,80,1,1,1,13,0,0
36,360950,1,1,1,8,11,6,20,42,0,1,0,36,1,12,37,12037,4,2004,1FAFP38Z74W1,1,F,A,F,P,3,8,Z,7,4,W,1,0,P,FORD,FZT,4D,4,17,2586,,0,1030,,G,,0,0,000000000,00000000000,0,0,0,1,0,0,0,0,0,0,0,999,0,0,0,10,62,6,2,42,0,0,0,1,36,11778,6,1,0,0,3,0,62,999,1,0,0,0,0,2,2008,2,2008,0,0,0,0,0,1,2,50,2,1,2,4,0,0,14,13,1,4,4,2,1,0
36,360951,1,1,5,22,11,21,16,35,0,1,0,36,2,48,38,48038,4,1999,JF1GF4856XH8,J,F,1,G,F,4,8,5,6,X,H,8,0,P,SUBA,ISP,SW,99,17,2860,,0,992,,G,,0,0,000000000,00000000000,0,0,0,1,0,0,0,0,0,0,0,999,0,1,6,12,13,6,2,1,0,0,0,1,36,14024,6,1,0,0,3,3,66,999,0,0,0,0,0,0,0,0,0,0,52,0,0,0,1,2,55,1,1,2,1,0,0,17,90,6,1,4,6,1,0
36,360952,1,2,1,6,11,15,48,5,0,1,0,34,1,37,709,37709,80,2006,JH2PC37066M3,J,H,2,P,C,3,7,0,6,6,M,3,0,M,HOND,B60,RS,6,17,,,,,,,599,0,0,000000000,00000000000,0,0,0,1,0,0,0,0,0,0,0,999,0,0,0,0,81,6,2,12,0,0,0,1,34,7302,6,1,0,0,2,3,68,999,0,0,0,0,0,0,0,0,0,1,0,0,0,0,1,2,40,4,1,2,1,0,0,14,6,1,1,2,0,1,0
36,360952,2,2,2,6,11,15,48,5,0,1,0,36,1,7,472,7472,30,1992,1B7GG23X0NS5,1,B,7,G,G,2,3,X,0,N,S,5,0,T,DODG,DAK,PC,92,17,,1,0,1309,DAK,G,,0,0,000000000,00000000000,0,0,0,1,0,0,0,0,0,0,0,999,0,0,0,1,1,2,1,12,0,0,0,1,36,10993,6,1,0,0,3,0,72,999,0,0,0,0,0,0,0,0,0,0,0,0,0,0,1,2,40,4,1,2,1,0,0,14,62,7,1,4,98,0,0
36,360953,1,1,1,22,11,19,30,8,0,1,0,36,1,32,43,32043,4,2002,WAULC68EX2A1,W,A,U,L,C,6,8,E,X,2,A,1,0,P,AUDI,41Q,4D,2,17,3311,,0,1043,,G,,0,0,000000000,00000000000,0,0,0,1,0,0,0,0,0,0,0,999,0,0,0,12,12,6,2,8,0,0,0,1,36,12582,6,1,0,0,3,0,61,999,0,0,0,0,0,0,0,0,0,0,0,0,0,0,1,2,40,1,2,2,1,28,3,1,80,99,1,1,13,0,0
36,360954,1,1,2,30,11,17,11,8,0,1,1,36,3,20,461,20461,21,2008,1GBJG31CX811,1,G,B,J,G,3,1,C,X,8,1,1,0,T,CHEV,CT3,MY,8,17,,3,0,1500,ETV,G,,0,0,000000000,00000000000,0,0,0,1,0,0,0,0,0,0,0,999,0,0,0,12,12,2,1,8,0,0,0,1,36,13210,0,0,0,0,0,0,62,999,0,5,0,0,0,8,2009,10,2009,0,38,92,0,0,1,2,30,1,1,2,2,20,3,11,80,99,1,1,13,0,0
36,360955,1,1,1,29,11,10,45,30,0,1,0,36,1,72,709,72709,80,2009,1HD4CP2169K4,1,H,D,4,C,P,2,1,6,9,K,4,0,M,HD,L8C,RS,9,17,,,,,,,883,0,0,000000000,00000000000,0,0,0,1,0,0,0,0,0,0,0,999,0,0,0,12,12,6,2,30,0,0,0,1,36,11953,6,1,3,0,3,0,72,999,0,2,0,0,0,1,2008,11,2009,0,0,0,0,0,1,5,40,3,1,2,1,0,0,14,9,1,7,4,2,1,0
36,360956,1,1,1,19,11,18,45,8,0,1,0,36,1,6,54,6054,6,2004,2C8GF68414R3,2,C,8,G,F,6,8,4,1,4,R,3,0,P,CHRY,PIF,UT,4,17,4546,,0,1163,,G,,0,0,000000000,00000000000,0,0,0,1,0,0,0,0,0,0,0,999,0,0,0,11,11,2,3,8,0,0,0,1,36,11779,1,1,0,0,2,0,62,999,1,2,0,0,0,5,2009,12,2009,0,86,0,0,0,1,2,99,1,1,2,1,0,0,1,80,1,1,1,13,0,0
36,360957,1,1,1,30,11,15,25,34,0,1,0,36,2,2,405,2405,14,2006,1J4GL58K76W2,1,J,4,G,L,5,8,K,7,6,W,2,0,T,JEEP,LMD,4W,6,17,,1,0,1043,LIB,G,,0,0,000000000,00000000000,0,0,0,1,0,0,0,0,0,0,0,999,0,0,0,12,62,6,2,30,0,0,0,1,36,14787,6,1,6,0,3,0,71,999,0,0,0,0,0,0,0,0,0,0,0,0,0,0,1,2,55,1,1,2,2,0,0,1,12,1,1,4,6,1,0
36,360958,1,1,2,29,11,10,16,30,0,1,0,36,1,35,39,35039,4,2003,JN1DA31A03T4,J,N,1,D,A,3,1,A,0,3,T,4,0,P,NISS,MGL,4D,3,17,3124,,0,1083,,G,,0,0,000000000,00000000000,0,0,0,1,0,0,0,0,0,0,0,999,0,1,5,9,13,6,2,30,0,0,0,1,36,11203,6,1,0,0,3,0,64,999,1,2,0,0,0,2,2010,9,2010,1,52,0,0,0,4,3,40,1,1,1,1,0,0,1,12,1,1,4,6,1,0
36,360959,1,2,2,13,11,11,16,12,6,1,0,36,2,55,35,55035,4,2009,KMHDU46D09U7,K,M,H,D,U,4,6,D,0,9,U,7,0,P,HYUN,HEL,4D,9,17,2723,,0,1043,,G,,0,0,000000000,00000000000,0,0,0,1,0,0,0,0,0,0,0,999,0,0,0,9,61,6,2,12,0,0,0,1,36,14224,6,1,0,0,3,3,66,999,0,0,0,0,0,0,0,0,0,0,38,0,0,0,2,2,55,1,1,2,1,20,3,1,55,1,1,3,89,1,1
36,360959,2,2,1,13,11,11,16,12,6,1,0,39,3,87,881,87881,66,1995,1XP5DB9X9SN3,1,X,P,5,D,B,9,X,9,S,N,3,1,T,PTRB,379,DS,95,17,,8,0,0,CON,D,,1,57,585748,57585748,3,6,2,1,0,0,0,0,0,0,0,999,0,0,0,5,5,4,3,12,0,0,0,1,39,44041,6,1,6,3,3,3,69,999,0,0,0,0,0,0,0,0,0,0,0,0,0,0,2,2,55,1,1,1,1,0,0,1,66,1,1,3,88,0,0
36,360960,1,1,2,15,11,21,13,42,0,1,0,36,2,21,20,21020,4,1990,2G3AJ54N6L23,2,G,3,A,J,5,4,N,6,L,2,3,0,P,OLDS,CIS,4D,90,17,2642,,0,1049,,G,,0,0,000000000,00000000000,0,0,0,1,0,0,0,0,0,0,0,60,0,0,0,1,82,6,2,42,0,0,0,1,36,14903,6,1,0,0,3,0,72,999,1,3,0,3,2,12,2007,3,2010,1,0,0,0,0,1,2,30,2,1,2,1,0,0,14,12,1,1,4,6,1,1
36,360961,1,1,1,17,11,18,11,8,0,1,0,36,1,34,34,34034,4,1991,WBAAJ9311MEJ,W,B,A,A,J,9,3,1,1,M,E,J,0,P,BMW,31I,4D,91,17,2657,,0,1012,,G,,0,0,000000000,00000000000,0,0,0,1,0,0,0,0,0,0,0,999,0,0,0,12,12,6,2,8,0,0,0,1,36,12430,6,1,0,0,3,0,73,999,0,0,0,0,0,0,0,0,0,0,0,0,0,0,1,3,55,2,2,2,2,0,0,14,80,99,1,1,13,0,0
36,360962,1,1,1,18,11,12,58,42,0,1,0,36,1,35,47,35047,4,2006,1N4AL11D36N4,1,N,4,A,L,1,1,D,3,6,N,4,0,P,NISS,ASL,4D,6,17,2915,,0,1102,,G,,0,0,000000000,00000000000,0,0,0,1,0,0,0,0,0,0,0,999,0,0,0,12,12,6,2,42,0,0,0,1,36,11779,6,1,0,0,3,0,73,999,0,0,0,0,0,0,0,0,0,0,0,0,0,0,3,2,55,1,1,2,1,0,0,1,13,1,1,4,1,1,1
36,360963,1,2,0,15,11,18,38,12,1,1,0,36,6,12,999,12999,99,1978,999999999999,9,9,9,9,9,9,9,9,9,9,9,9,0,U,,,,9,17,,,,,,,,0,0,000000000,00000000000,0,0,0,1,0,0,0,0,0,0,0,0,0,0,0,6,6,6,2,12,0,0,0,0,,,,,,,,,999,,,,,,,,,,,,20,0,0,0,1,2,55,1,1,2,1,0,0,0,98,0,0,0,32,0,0
36,360963,2,2,2,15,11,18,38,12,1,1,0,36,1,49,482,49482,31,2003,5TBBT441X3S4,5,T,B,B,T,4,4,1,X,3,S,4,0,T,TOYT,TT5,4C,3,17,,2,0,1283,TUN,G,,0,0,000000000,00000000000,0,0,0,1,0,0,0,0,0,0,0,999,0,0,0,12,12,6,2,12,0,0,0,1,36,13069,6,1,0,0,3,0,71,999,1,0,0,0,0,10,2009,10,2009,0,0,0,0,0,1,2,55,1,1,2,1,0,0,1,50,99,1,1,32,1,0
36,360964,1,2,1,15,11,23,40,12,2,1,0,36,1,35,39,35039,4,1999,JN1CA21D0XM4,J,N,1,C,A,2,1,D,0,X,M,4,0,P,NISS,MGS,4D,99,17,2896,,0,1063,,G,,0,0,000000000,00000000000,0,0,0,1,0,0,0,0,0,0,0,999,0,0,0,12,12,6,2,12,0,0,0,1,36,10925,6,1,0,0,3,3,70,999,1,0,0,1,0,11,2007,8,2008,0,28,0,0,0,1,2,55,1,1,2,1,28,3,1,10,99,1,2,50,1,0
36,360964,2,2,2,15,11,23,40,12,2,1,0,36,1,55,39,55039,4,2008,KMHFC46F98A3,K,M,H,F,C,4,6,F,9,8,A,3,0,P,HYUN,AZL,4D,8,17,3629,,0,1094,,G,,0,0,000000000,00000000000,0,0,0,1,0,0,0,0,0,0,0,999,0,0,0,12,12,6,2,12,0,0,0,1,36,10950,1,8,0,0,2,2,70,999,1,2,1,0,0,8,2009,10,2010,0,74,0,0,0,1,2,55,1,1,2,1,28,3,1,62,99,1,1,51,0,0
36,360965,1,2,2,2,11,20,31,12,7,1,0,36,1,24,7,24007,4,2004,1G8AW12F34Z1,1,G,8,A,W,1,2,F,3,4,Z,1,0,P,STRN,SI3,C4,4,17,2854,,0,1032,,G,,0,0,000000000,00000000000,0,0,0,1,0,0,0,0,0,0,0,999,0,0,0,9,62,4,1,12,0,0,0,1,36,11758,6,1,0,0,3,0,68,999,0,0,0,0,0,0,0,0,0,0,0,0,0,0,3,6,55,1,1,2,1,0,0,1,61,1,1,1,45,0,0
36,360965,2,2,1,2,11,20,31,12,7,1,0,36,2,35,47,35047,4,2002,1N4BL11E32C1,1,N,4,B,L,1,1,E,3,2,C,1,0,P,NISS,ABE,4D,2,17,3099,,0,1102,,G,,0,0,000000000,00000000000,0,0,0,1,0,0,0,0,0,0,0,999,0,0,0,3,9,6,2,42,0,0,0,1,36,11550,6,1,0,0,3,3,66,999,0,0,0,0,0,0,0,0,0,1,27,0,0,0,3,6,55,1,1,2,1,0,0,6,11,1,1,2,46,1,0
36,360966,1,1,1,15,5,6,0,9,0,1,0,36,2,35,47,35047,4,1998,1N4DL01D4WC1,1,N,4,D,L,0,1,D,4,W,C,1,0,P,NISS,AGS,4D,98,17,2766,,0,1031,,G,,0,0,000000000,00000000000,0,0,0,1,0,0,0,0,0,0,0,999,0,0,0,1,1,2,1,9,0,0,0,1,36,11221,6,1,0,0,3,0,65,999,0,0,0,0,0,0,0,0,0,0,86,0,0,0,1,2,99,1,1,2,1,0,0,1,83,1,1,1,13,0,0
36,360967,1,1,1,11,9,20,38,9,0,1,0,36,3,98,907,98907,52,2005,1VHHH3P24567,1,V,H,H,H,3,P,2,4,5,6,7,0,U,,,,5,17,,,,,,,,0,77,777777777,77777777777,3,21,22,1,0,0,0,0,6,0,0,999,0,0,0,1,1,2,3,9,0,0,0,1,36,11236,6,1,6,1,3,0,71,999,1,0,0,0,0,5,2008,5,2008,0,86,0,0,0,2,4,30,1,1,2,1,0,0,1,83,1,1,1,98,0,0
36,360968,1,3,2,19,11,14,55,12,1,1,0,36,1,7,461,7461,21,1997,2B7HB21X3VK5,2,B,7,H,B,2,1,X,3,V,K,5,0,T,DODG,25B,CG,97,17,,2,1272,1096,RMV,G,,0,0,000000000,00000000000,0,0,0,1,0,0,0,0,0,0,0,0,0,0,0,6,6,4,1,12,0,0,0,1,36,14843,6,1,0,0,3,0,69,999,0,10,0,1,4,7,2008,12,2009,0,0,0,0,0,1,2,55,1,1,2,1,0,0,5,53,1,1,1,98,0,0
36,360968,2,3,6,19,11,14,55,12,1,1,0,36,1,20,443,20443,20,2000,1GNDX03E4YD1,1,G,N,D,X,0,3,E,4,Y,D,1,0,T,CHEV,VTR,ES,0,17,3415,1,0,1200,VTR,G,,0,0,000000000,00000000000,0,0,0,1,0,0,0,0,0,0,0,0,0,0,0,6,6,6,2,12,0,0,0,1,36,14714,6,1,0,0,3,0,62,999,0,0,0,0,0,0,0,0,0,0,0,0,0,0,1,2,55,1,1,2,1,0,0,5,53,1,1,1,21,1,0
36,360968,3,3,2,19,11,14,55,12,1,1,0,36,2,7,482,7482,31,2007,1D7HU18N77J5,1,D,7,H,U,1,8,N,7,7,J,5,0,T,DODG,SQ1,CW,7,17,,2,1605,1405,RPC,G,,0,0,000000000,00000000000,0,0,0,1,0,0,0,0,0,0,0,55,0,0,0,12,12,6,2,12,0,0,0,1,36,14895,6,1,0,0,3,3,64,999,0,0,0,1,0,4,2010,4,2010,0,41,54,0,0,1,2,55,1,1,2,1,0,0,1,50,1,1,1,20,0,0
36,360969,1,1,5,28,11,17,27,8,0,1,0,42,3,20,23,20023,6,2011,999999999999,9,9,9,9,9,9,9,9,9,9,9,9,0,U,,,,9,17,,,,,,,,0,0,000000000,00000000000,0,0,0,1,0,0,0,0,0,0,0,45,0,0,0,12,12,4,3,8,0,0,0,1,36,14845,6,1,0,0,3,3,70,999,2,0,0,0,0,10,2009,10,2010,0,86,0,0,0,1,2,45,1,1,2,1,0,0,1,80,99,1,1,13,0,0
36,360970,1,2,1,21,11,13,7,12,6,1,0,42,1,2,403,2403,14,1997,999999999999,9,9,9,9,9,9,9,9,9,9,9,9,0,U,,,,9,17,,,,,,,,0,0,000000000,00000000000,0,0,0,1,0,0,0,0,0,0,0,55,0,0,0,12,12,6,2,12,0,0,0,1,42,16501,6,1,0,0,3,3,66,999,0,0,0,1,0,2,2009,2,2009,0,28,0,0,0,1,2,55,4,2,2,1,0,0,14,11,1,1,2,66,1,0