STATE,ST_CASE,VEH_NO,VE_FORMS,NUMOCCS,DAY,MONTH,HOUR,MINUTE,HARM_EV,MAN_COLL,UNITTYPE,HIT_RUN,REG_STAT,OWNER,MAKE,MODEL,MAK_MOD,BODY_TYP,MOD_YEAR,VIN,VIN_1,VIN_2,VIN_3,VIN_4,VIN_5,VIN_6,VIN_7,VIN_8,VIN_9,VIN_10,VIN_11,VIN_12,TOW_VEH,VINTYPE,VINMAKE,VINA_MOD,VIN_BT,VINMODYR,VIN_LNGT,VIN_WGT,WGTCD_TR,WHLBS_LG,WHLBS_SH,SER_TR,FUELCODE,MCYCL_DS,J_KNIFE,MCARR_I1,MCARR_I2,MCARR_ID,GVWR,V_CONFIG,CARGO_BT,HAZ_INV,HAZ_PLAC,HAZ_ID,HAZ_CNO,HAZ_REL,BUS_USE,SPEC_USE,EMER_USE,TRAV_SP,UNDERIDE,ROLLOVER,ROLINLOC,IMPACT1,IMPACT2,DEFORMED,TOWED,M_HARM,VEH_SC1,VEH_SC2,FIRE_EXP,DR_PRES,L_STATE,DR_ZIP,L_STATUS,L_TYPE,CDL_STAT,L_ENDORS,L_COMPL,L_RESTRI,DR_HGT,DR_WGT,PREV_ACC,PREV_SUS,PREV_DWI,PREV_SPD,PREV_OTH,FIRST_MO,FIRST_YR,LAST_MO,LAST_YR,SPEEDREL,DR_SF1,DR_SF2,DR_SF3,DR_SF4,VTRAFWAY,VNUM_LAN,VSPD_LIM,VALIGN,VPROFILE,VPAVETYP,VSURCOND,VTRAFCON,VTCONT_F,P_CRASH1,P_CRASH2,P_CRASH3,PCRASH4,PCRASH5,ACC_TYPE,DEATHS,DR_DRINK
36,361004,2,2,5,12,12,7,7,12,8,1,0,36,2,12,481,12481,31,2001,2FTRX18W01CA,2,F,T,R,X,1,8,W,0,1,C,A,0,T,FORD,F15,4C,1,17,,2,1574,1388,COF,G,,0,0,000000000,00000000000,0,0,0,1,0,0,0,0,0,0,0,999,0,0,0,62,62,6,2,12,0,0,0,1,36,13309,6,1,0,0,3,0,66,999,2,0,0,0,1,4,2009,11,2010,0,0,0,0,0,1,2,55,3,1,2,4,0,0,14,62,99,1,1,65,0,0
36,361005,1,1,1,16,12,16,10,42,0,1,0,36,1,14,17,14017,4,1999,1MEFM53S6XG6,1,M,E,F,M,5,3,S,6,X,G,6,0,P,MERC,SLS,4D,99,17,3299,,0,1085,,G,,0,0,000000000,00000000000,0,0,0,1,0,0,0,0,0,0,0,999,0,0,0,12,12,6,2,42,0,0,0,1,36,11554,6,1,0,0,3,0,65,999,1,0,0,0,0,11,2009,11,2009,0,0,0,0,0,1,4,40,1,1,2,1,0,0,1,12,1,1,4,6,1,0
36,361006,1,2,1,9,12,16,40,12,6,1,0,36,2,14,38,14038,2,2001,1ZWFT61L6156,1,Z,W,F,T,6,1,L,6,1,5,6,0,P,MERC,CU6,2H,1,17,2996,,0,1064,,G,,0,0,000000000,00000000000,0,0,0,1,0,0,0,0,0,0,0,999,0,0,0,9,9,6,2,12,0,0,0,1,36,14747,6,1,0,0,3,0,69,999,1,0,0,1,1,6,2010,9,2010,1,28,0,0,0,1,2,55,2,1,2,3,0,0,14,6,99,3,2,64,1,0
36,361006,2,2,1,9,12,16,40,12,6,1,0,36,2,12,37,12037,4,2008,1FAHP34N08W1,1,F,A,H,P,3,4,N,0,8,W,1,0,P,FORD,FSN,4D,8,17,2623,,0,1029,,G,,0,0,000000000,00000000000,0,0,0,1,0,0,0,0,0,0,0,999,0,0,0,12,12,6,2,12,0,0,0,1,36,14733,6,1,0,0,3,0,64,999,0,0,0,0,0,0,0,0,0,0,0,0,0,0,1,2,55,2,1,2,3,0,0,14,62,99,1,1,65,0,0
36,361007,1,1,1,17,12,4,59,42,0,1,0,36,1,35,43,35043,4,2007,3N1AB61E77L6,3,N,1,A,B,6,1,E,7,7,L,6,0,P,NISS,SL2,4D,7,17,2853,,0,1057,,G,,0,0,000000000,00000000000,0,0,0,1,0,0,0,0,0,0,0,80,0,0,0,9,9,6,2,42,0,0,0,1,36,12732,6,1,0,0,3,0,66,999,0,0,0,0,0,0,0,0,0,1,0,0,0,0,1,2,55,4,1,2,1,0,0,14,6,99,3,4,2,1,1
36,361008,1,2,2,10,12,16,27,12,6,1,0,36,2,12,37,12037,4,2005,1FAHP34N65W1,1,F,A,H,P,3,4,N,6,5,W,1,0,P,FORD,ZX4,4D,5,17,2677,,0,1030,,G,,0,0,000000000,00000000000,0,0,0,1,0,0,0,0,0,0,0,999,0,0,0,81,81,6,2,12,0,0,0,1,36,10460,6,1,0,0,3,0,72,999,0,0,0,0,0,0,0,0,0,0,0,0,0,0,1,9,30,1,1,2,1,3,3,11,15,99,1,1,68,1,0
36,361008,2,2,1,10,12,16,27,12,6,1,0,36,3,12,461,12461,21,2006,1FTNE24W06DA,1,F,T,N,E,2,4,W,0,6,D,A,0,T,FORD,25V,CG,6,17,,2,0,1380,VAN,G,,0,0,000000000,00000000000,0,0,0,1,0,0,0,0,0,0,0,999,0,0,0,12,12,6,2,12,0,0,0,1,36,11365,6,1,6,0,3,0,71,999,0,0,0,0,0,0,0,0,0,1,0,0,0,0,1,9,30,1,1,2,1,3,3,1,62,99,1,1,69,0,0
36,361009,1,1,1,10,12,18,22,8,0,1,0,36,1,35,402,35402,14,2003,5N1ED28Y13C6,5,N,1,E,D,2,8,Y,1,3,C,6,0,P,NISS,XTR,UT,3,17,3924,,0,1043,,G,,0,0,000000000,00000000000,0,0,0,1,0,0,0,0,0,0,0,999,0,0,0,12,12,2,1,8,0,0,0,1,36,11530,6,1,0,0,3,3,71,999,0,0,0,0,0,0,0,0,0,0,86,0,0,0,2,4,30,1,1,2,1,0,0,1,80,1,1,1,13,0,0
36,361010,1,1,1,18,12,9,11,21,0,1,0,36,1,37,31,37031,2,2005,1HGEM22945L0,1,H,G,E,M,2,2,9,4,5,L,0,0,P,HOND,UAX,CP,5,17,2657,,0,1031,,G,,0,0,000000000,00000000000,0,0,0,1,0,0,0,0,0,0,0,999,0,0,0,12,12,6,2,21,0,0,0,1,36,10710,6,1,0,0,3,0,71,999,0,0,0,0,1,5,2010,5,2010,0,0,0,0,0,3,2,45,3,1,2,1,0,0,14,13,99,1,4,1,1,1
36,361011,1,2,1,14,12,20,15,12,6,1,0,36,1,18,7,18007,4,2005,2G4WS52J7511,2,G,4,W,S,5,2,J,7,5,1,1,0,P,BUIC,CCU,4D,5,17,3342,,0,1090,,G,,0,0,000000000,00000000000,0,0,0,1,0,0,0,0,0,0,0,999,0,0,0,9,9,6,2,12,0,0,0,1,36,12078,6,1,0,0,3,3,68,999,0,0,0,0,0,0,0,0,0,0,38,39,0,0,2,2,99,1,1,2,1,20,3,11,55,1,1,2,82,1,0
36,361011,2,2,1,14,12,20,15,12,6,1,0,36,1,12,481,12481,31,2003,1FTWW33P93EC,1,F,T,W,W,3,3,P,9,3,E,C,0,T,FORD,F3D,CW,3,17,,3,1720,1560,DRW,D,,0,0,000000000,00000000000,0,0,0,1,0,0,0,0,0,0,0,0,0,0,0,12,12,6,2,12,0,0,0,1,36,12190,6,1,6,0,3,0,71,999,0,0,0,0,0,0,0,0,0,0,0,0,0,0,1,2,55,1,1,2,1,0,0,1,66,1,1,1,83,0,0
36,361012,1,1,1,18,12,4,53,24,0,1,0,42,2,20,16,20016,4,1998,1G1JC5248W71,1,G,1,J,C,5,2,4,8,W,7,1,0,P,CHEV,CAV,4D,98,17,2630,,0,1041,,G,,0,0,000000000,00000000000,0,0,0,1,0,0,0,0,0,0,0,999,0,1,6,12,12,6,2,1,0,0,0,1,42,18822,6,1,0,0,3,0,73,999,0,0,0,0,0,0,0,0,0,0,0,0,0,0,1,2,55,3,1,2,1,28,3,14,13,99,1,4,1,1,0
36,361013,1,2,1,2,12,17,47,8,0,1,1,36,1,48,401,48401,14,2006,JF1SG65666H7,J,F,1,S,G,6,5,6,6,6,H,7,0,P,SUBA,FOR,UT,6,17,3165,,0,994,,G,,0,0,000000000,00000000000,0,0,0,1,0,0,0,0,0,0,0,22,0,0,0,12,12,2,3,8,0,0,0,1,36,10708,6,1,0,0,3,0,63,999,0,0,0,0,0,0,0,0,0,0,92,0,0,0,1,2,30,1,2,2,1,0,0,1,80,99,1,1,13,0,0
36,361013,2,2,1,2,12,17,47,8,0,1,0,36,1,7,442,7442,20,1996,1B4GP54L5TB3,1,B,4,G,P,5,4,L,5,T,B,3,0,P,DODG,CAR,SV,96,17,3846,,0,1193,,G,,0,0,000000000,00000000000,0,0,0,1,0,0,0,0,0,0,0,999,0,0,0,12,12,0,3,8,0,0,0,1,36,10710,6,1,0,0,3,3,59,999,0,0,0,0,0,0,0,0,0,0,0,0,0,0,1,2,30,1,2,2,1,0,0,1,80,99,1,1,98,0,0
36,361014,1,1,1,7,7,23,18,30,0,1,0,36,1,12,481,12481,31,1997,1FTDF1724VNB,1,F,T,D,F,1,7,2,4,V,N,B,0,T,FORD,F15,PK,97,17,,1,1390,1200,COF,G,,0,0,000000000,00000000000,0,0,0,1,0,0,0,0,0,0,0,999,0,0,0,3,3,6,2,30,0,0,0,1,36,13120,6,1,0,0,3,0,69,999,1,0,0,0,0,12,2009,12,2009,1,0,0,0,0,3,2,30,1,1,2,1,0,0,1,6,1,4,4,7,1,1
36,361015,1,1,1,27,12,17,49,34,0,1,0,36,1,23,481,23481,31,2001,1GTEK14T31Z2,1,G,T,E,K,1,4,T,3,1,Z,2,0,T,GMC,NK1,PK,1,17,,2,1330,1190,SIE,G,,0,0,000000000,00000000000,0,0,0,1,0,0,0,0,0,0,0,999,0,1,6,12,12,6,2,1,0,0,0,1,36,13476,6,1,6,0,3,0,68,999,0,0,0,0,0,0,0,0,0,1,87,0,0,0,1,2,55,1,1,2,3,28,3,6,5,99,3,4,2,1,0
36,361016,1,1,1,26,12,1,12,42,0,1,0,36,1,48,401,48401,14,1999,JF1SF6352XH7,J,F,1,S,F,6,3,5,2,X,H,7,0,P,SUBA,FOR,UT,99,17,3125,,0,994,,G,,0,0,000000000,00000000000,0,0,0,1,0,0,0,0,0,0,0,999,0,0,0,12,12,6,2,42,0,0,0,1,36,13082,6,1,0,0,3,3,70,999,1,0,0,0,0,4,2008,4,2008,0,0,0,0,0,1,2,50,2,1,2,1,0,0,14,12,99,1,4,6,1,0
36,361017,1,1,1,16,12,18,33,8,0,1,0,36,1,22,18,22018,4,2004,1G2NE52F94M6,1,G,2,N,E,5,2,F,9,4,M,6,0,P,PONT,GAS,4D,4,17,3066,,0,1070,,G,,0,0,000000000,00000000000,0,0,0,1,0,0,0,0,0,0,0,50,0,0,0,12,12,6,2,8,0,0,0,1,36,13316,6,1,0,0,3,0,71,999,0,0,0,0,0,0,0,0,0,0,0,0,0,0,1,2,55,1,1,2,2,0,0,1,80,99,1,1,13,0,0
36,361018,1,1,2,26,12,7,10,8,0,1,0,36,1,20,401,20401,14,1996,1GNDT13W2T22,1,G,N,D,T,1,3,W,2,T,2,2,0,P,CHEV,BZR,UT,96,17,4023,,0,1070,,G,,0,0,000000000,00000000000,0,0,0,1,0,0,0,0,0,0,0,999,0,0,0,12,12,6,2,8,0,0,0,1,36,14606,1,1,0,0,2,2,62,999,0,5,0,0,0,9,2009,10,2010,0,74,0,0,0,1,3,40,1,1,2,1,0,0,1,80,99,1,1,13,0,0
36,361019,1,1,1,31,12,4,32,8,0,1,0,36,2,12,422,12422,15,2006,1FMPU16536LA,1,F,M,P,U,1,6,5,3,6,L,A,0,P,FORD,EPT,UT,6,17,5606,,0,1190,,G,,0,0,000000000,00000000000,0,0,0,1,0,0,0,0,0,0,0,999,0,0,0,12,12,6,2,8,0,0,0,1,36,14085,6,1,0,0,3,0,66,999,0,0,0,0,0,0,0,0,0,0,0,0,0,0,1,2,35,1,2,2,2,0,0,1,80,99,1,1,13,0,0
36,361020,1,1,2,14,12,7,11,14,0,1,0,36,2,20,482,20482,31,2003,3GNEK13T23G2,3,G,N,E,K,1,3,T,2,3,G,2,0,T,CHEV,KAV,CW,3,17,,2,0,1300,AVL,G,,0,0,000000000,00000000000,0,0,0,1,0,0,0,0,0,0,0,999,0,0,0,12,12,6,2,8,0,0,0,1,36,14821,6,1,0,0,3,0,64,999,0,0,0,0,0,0,0,0,0,0,28,87,0,0,2,4,65,1,2,1,3,0,0,2,11,4,2,4,11,0,0
36,361022,1,1,1,19,12,18,18,14,0,1,0,36,1,48,45,48045,6,2007,4S4BP61CX773,4,S,4,B,P,6,1,C,X,7,7,3,0,P,SUBA,LOI,SW,7,17,3330,,0,1051,,G,,0,0,000000000,00000000000,0,0,0,1,0,0,0,0,0,0,0,999,0,0,0,12,12,6,2,14,0,0,0,1,36,14210,6,1,0,0,3,3,67,999,0,0,0,0,0,0,0,0,0,0,0,0,0,0,1,4,30,1,1,2,2,0,0,1,98,99,1,2,11,1,0
36,361023,1,1,1,21,12,7,35,1,0,1,0,36,1,49,401,49401,14,1995,JT3VN39W6S01,J,T,3,V,N,3,9,W,6,S,0,1,0,P,TOYT,RUN,UT,95,17,4105,,0,1033,,G,,0,0,000000000,00000000000,0,0,0,1,0,0,0,0,0,0,0,999,0,2,1,0,9,6,2,1,0,0,0,1,36,10958,6,1,0,0,3,0,70,999,0,4,0,0,0,5,2008,8,2009,1,28,0,0,0,3,2,65,1,1,2,1,0,0,1,98,99,4,2,98,1,0
36,361024,1,3,1,17,12,17,14,12,6,1,0,36,1,37,32,37032,4,1990,1HGCB7659LA1,1,H,G,C,B,7,6,5,9,L,A,1,0,P,HOND,ALE,4D,90,17,2504,,0,1071,,G,,0,0,000000000,00000000000,0,0,0,1,0,0,0,0,0,0,0,999,0,0,0,63,63,6,2,12,0,0,0,1,36,14414,6,1,0,0,3,0,60,999,0,0,0,0,0,0,0,0,0,0,39,0,0,0,1,2,35,1,1,2,3,20,3,1,17,99,1,1,89,1,0
36,361024,2,3,1,17,12,17,14,12,6,1,0,36,1,20,481,20481,31,1994,1GCFC24Z7RZ2,1,G,C,F,C,2,4,Z,7,R,Z,2,0,T,CHEV,GC2,PK,94,17,,2,0,1315,GM4,G,,0,0,000000000,00000000000,0,0,0,1,0,0,0,0,0,0,0,999,0,0,0,12,12,6,2,12,0,0,0,1,36,14009,6,1,6,0,3,3,73,999,0,0,0,0,0,0,0,0,0,0,0,0,0,0,1,2,35,1,1,2,3,20,3,1,66,99,1,1,88,0,0
36,361024,3,3,2,17,12,17,14,12,6,1,0,36,2,23,481,23481,31,2002,2GTEK19T9212,2,G,T,E,K,1,9,T,9,2,1,2,0,T,GMC,NK1,4C,2,17,,2,1575,1435,SIE,G,,0,0,000000000,00000000000,0,0,0,1,0,0,0,0,0,0,0,999,0,0,0,12,12,6,2,12,0,0,0,1,36,14024,6,1,0,0,3,3,67,999,0,0,0,0,0,0,0,0,0,0,0,0,0,0,1,2,35,1,1,2,3,20,3,1,66,99,1,1,98,0,0
36,361025,1,2,2,18,12,13,58,12,6,1,0,36,1,7,482,7482,31,1997,3B7KF23Z5VM5,3,B,7,K,F,2,3,Z,5,V,M,5,0,T,DODG,250,PC,97,17,,2,1547,1387,RPC,G,,0,0,000000000,00000000000,0,0,0,1,0,0,0,0,0,0,0,999,0,0,0,12,12,6,2,12,0,0,0,1,36,13352,1,1,0,0,2,2,69,999,0,0,0,0,0,0,0,0,0,0,74,0,0,0,1,2,55,3,2,2,2,28,3,14,67,99,1,1,83,0,1
36,361025,2,2,1,18,12,13,58,12,6,1,0,36,2,24,1,24001,4,2000,1G8ZG528XYZ1,1,G,8,Z,G,5,2,8,X,Y,Z,1,0,P,STRN,SL1,4D,0,17,2332,,0,1024,,G,,0,0,000000000,00000000000,0,0,0,1,0,0,0,0,0,0,0,999,0,0,0,9,9,6,2,12,0,0,0,1,36,13304,6,1,0,0,3,0,66,999,0,0,0,0,0,0,0,0,0,0,38,0,0,0,1,2,55,3,2,2,2,20,3,11,15,99,1,1,82,1,0
36,361026,1,1,3,29,6,5,0,30,0,1,0,36,9,13,1,13001,4,1995,1LNLM83W2SY6,1,L,N,L,M,8,3,W,2,S,Y,6,0,P,LINC,CAR,4D,95,17,4095,,0,1174,,G,,0,0,000000000,00000000000,0,0,0,1,0,0,0,0,0,0,0,999,0,0,0,3,3,6,2,30,0,0,0,1,99,99999,9,9,99,9,9,9,999,999,99,99,99,99,99,99,9999,99,9999,1,0,0,0,0,3,2,40,1,1,2,1,0,0,1,13,1,1,4,1,1,0
36,361027,1,1,2,4,9,1,53,33,0,1,0,36,2,37,32,37032,4,2009,5KBCP36879B5,5,K,B,C,P,3,6,8,7,9,B,5,0,P,HOND,AXL,4D,9,17,3600,,0,1102,,G,,0,0,000000000,00000000000,0,0,0,1,0,0,0,0,0,0,0,999,0,0,0,12,62,6,2,30,0,0,1,1,36,10314,6,1,0,0,3,3,69,999,0,2,0,0,2,11,2009,7,2010,1,8,0,0,0,1,2,99,3,6,2,1,0,0,14,8,1,4,4,2,1,1
36,361028,1,1,1,4,9,1,8,8,0,1,0,36,2,12,23,12023,4,2009,3FAHP07Z79R1,3,F,A,H,P,0,7,Z,7,9,R,1,0,P,FORD,F/E,4D,9,17,3181,,0,1074,,G,,0,0,000000000,00000000000,0,0,0,1,0,0,0,0,0,0,0,999,0,0,0,12,12,2,3,8,0,0,0,1,36,11743,6,1,0,0,3,0,66,999,0,0,0,0,0,0,0,0,0,0,86,0,0,0,3,4,55,1,1,2,1,2,3,1,80,1,1,1,13,0,0
36,361029,1,2,4,28,12,13,48,12,6,1,0,42,1,37,31,37031,4,2002,2HGES16592H5,2,H,G,E,S,1,6,5,9,2,H,5,0,P,HOND,UCL,4D,2,17,2515,,0,1031,,G,,0,0,000000000,00000000000,0,0,0,1,0,0,0,0,0,0,0,999,0,0,0,3,3,6,2,12,0,0,0,1,42,19380,6,1,0,0,3,3,73,999,0,0,0,0,0,0,0,0,0,1,28,87,0,0,1,2,55,1,2,2,3,28,3,1,5,99,4,2,64,2,0
36,361029,2,2,1,28,12,13,48,12,6,1,0,36,1,18,3,18003,4,1995,1G4CW52K9SH6,1,G,4,C,W,5,2,K,9,S,H,6,0,P,BUIC,PKA,4D,95,17,3532,,0,1108,,G,,0,0,000000000,00000000000,0,0,0,1,0,0,0,0,0,0,0,45,0,0,0,12,12,6,2,12,0,0,0,1,36,13332,6,1,0,0,3,0,70,999,0,0,0,0,0,0,0,0,0,0,0,0,0,0,1,2,55,1,2,2,3,28,3,1,62,99,1,1,65,0,0
36,361030,1,2,1,26,9,9,5,12,1,1,0,36,2,73,709,73709,80,2009,JKAZX4R189A0,J,K,A,Z,X,4,R,1,8,9,A,0,0,M,KAWK,ZXP,RC,9,17,,,,,,,599,0,0,000000000,00000000000,0,0,0,1,0,0,0,0,0,0,0,110,0,0,0,12,12,6,2,12,0,0,0,1,36,11419,6,1,0,0,3,0,67,999,0,21,0,0,3,10,2007,1,2010,1,27,0,0,0,3,4,50,1,1,2,1,0,0,1,51,1,1,2,24,1,0
36,361030,2,2,3,26,9,9,5,12,1,1,0,24,1,42,48,42048,4,1999,WDBJF25H6XA8,W,D,B,J,F,2,5,H,6,X,A,8,0,P,MERZ,ETD,4D,99,17,3505,,0,1115,,D,,0,0,000000000,00000000000,0,0,0,1,0,0,0,0,0,0,0,999,0,0,0,6,6,2,1,12,0,0,0,1,24,20815,6,1,6,0,3,0,71,999,0,0,0,0,0,0,0,0,0,0,0,0,0,0,3,4,50,1,1,2,1,0,0,1,53,1,1,1,25,0,0
36,361031,1,1,1,10,11,11,15,8,0,1,0,36,3,49,40,49040,4,2010,4T1BF3EK7AU5,4,T,1,B,F,3,E,K,7,A,U,5,0,P,TOYT,CBA,4D,10,17,3263,,0,1093,,G,,0,0,000000000,00000000000,0,0,0,1,0,0,0,0,0,0,0,999,0,0,0,12,12,6,2,8,0,0,0,1,36,13037,6,1,0,0,3,0,73,999,5,0,0,0,0,2,2009,11,2010,0,28,0,0,0,1,2,45,1,2,2,1,28,3,1,11,99,1,4,13,0,0
36,361032,1,1,1,19,12,17,58,8,0,1,0,36,1,18,2,18002,4,1996,1G4CW52K3TH6,1,G,4,C,W,5,2,K,3,T,H,6,0,P,BUIC,PKA,4D,96,17,3536,,0,1108,,G,,0,0,000000000,00000000000,0,0,0,1,0,0,0,0,0,0,0,999,0,0,0,12,12,6,2,8,0,0,0,1,36,14450,6,1,0,0,3,3,66,999,1,0,0,0,0,1,2010,1,2010,0,0,0,0,0,1,2,30,1,1,2,1,0,0,1,80,99,1,1,13,0,1
36,361033,1,1,1,20,12,9,15,8,0,1,0,36,1,7,461,7461,21,2002,2B7KB31Z32K1,2,B,7,K,B,3,1,Z,3,2,K,1,0,T,DODG,35B,CG,2,17,,2,0,1272,RMV,G,,0,0,000000000,00000000000,0,0,0,1,0,0,0,0,0,0,0,999,0,0,0,3,3,0,1,8,0,0,0,1,36,12401,6,1,0,0,3,3,69,999,1,0,0,0,0,2,2008,2,2008,0,38,0,0,0,1,2,30,1,1,2,1,20,3,1,80,98,1,1,13,0,0
36,361034,1,1,1,31,12,17,26,8,0,1,0,36,1,63,33,63033,4,2006,KNAFE1217652,K,N,A,F,E,1,2,1,7,6,5,2,0,P,KIA,SLE,4D,6,17,2701,,0,1028,,G,,0,0,000000000,00000000000,0,0,0,1,0,0,0,0,0,0,0,999,0,0,0,12,12,2,1,8,0,0,0,1,36,13021,6,1,0,0,3,0,72,999,0,0,0,0,0,0,0,0,0,0,0,0,0,0,1,4,30,1,2,2,1,0,0,1,80,4,1,1,13,0,0
36,361035,1,1,2,29,10,20,59,31,0,1,0,36,2,52,34,52034,4,2005,4A3AB76S45E0,4,A,3,A,B,7,6,S,4,5,E,0,0,P,MITS,MGT,4D,5,17,3649,,0,1083,,G,,0,0,000000000,00000000000,0,0,0,1,0,0,0,0,0,0,0,70,0,0,0,62,62,6,2,42,0,0,0,1,36,12309,6,1,0,0,3,0,69,999,0,0,0,0,0,0,0,0,0,1,36,0,0,0,1,2,30,1,1,2,1,0,0,1,6,99,3,4,7,1,1
36,361037,1,1,2,6,10,16,46,30,0,1,0,36,2,37,31,37031,4,2001,2HGES16501H5,2,H,G,E,S,1,6,5,0,1,H,5,0,P,HOND,UCL,4D,1,17,2515,,0,1031,,G,,0,0,000000000,00000000000,0,0,0,1,0,0,0,0,0,0,0,999,0,0,0,12,12,6,2,30,0,0,0,1,36,12533,6,1,0,0,3,3,66,999,1,0,0,0,0,9,2009,9,2009,0,0,0,0,0,1,2,30,1,1,2,1,0,0,1,13,99,1,4,1,1,0
36,361038,1,1,1,24,10,22,15,42,0,1,0,36,1,18,22,18022,4,2008,2G4WD5823811,2,G,4,W,D,5,8,2,3,8,1,1,0,P,BUIC,LAL,4D,8,17,3502,,0,1105,,G,,0,0,000000000,00000000000,0,0,0,1,0,0,0,0,0,0,0,999,0,0,0,12,12,6,2,42,0,0,0,1,36,11554,6,1,0,0,3,0,65,999,0,0,0,0,0,0,0,0,0,0,0,0,0,0,1,2,99,1,1,2,99,0,0,1,13,99,1,4,1,1,0
36,361039,1,1,2,13,11,9,0,8,0,1,0,36,1,35,39,35039,4,2002,JN1DA31A12T3,J,N,1,D,A,3,1,A,1,2,T,3,0,P,NISS,MGL,4D,2,17,3146,,0,1083,,G,,0,0,000000000,00000000000,0,0,0,1,0,0,0,0,0,0,0,999,0,0,0,12,1,2,1,8,0,0,0,1,36,10021,6,1,0,0,3,3,67,999,0,0,0,0,0,0,0,0,0,0,0,0,0,0,1,4,30,1,1,2,1,3,3,1,80,99,1,1,13,0,0
36,361040,1,1,2,10,10,7,48,25,0,1,0,37,2,35,43,35043,4,2009,3N1AB61E0916,3,N,1,A,B,6,1,E,0,9,1,6,0,P,NISS,SL2,4D,9,17,2897,,0,1057,,G,,0,0,000000000,00000000000,0,0,0,1,0,0,0,0,0,0,0,999,0,0,0,9,61,6,2,25,0,0,0,1,36,10303,1,1,0,0,2,0,999,999,0,5,0,0,2,12,2008,4,2010,1,0,0,0,0,3,3,99,2,1,2,1,0,0,14,6,99,3,4,2,2,1
36,361041,1,1,1,30,12,19,50,8,0,1,0,36,1,9,442,9442,20,1997,2P4GP44R9VR2,2,P,4,G,P,4,4,R,9,V,R,2,0,P,PLYM,VOF,SV,97,17,3687,,0,1193,,G,,0,0,000000000,00000000000,0,0,0,1,0,0,0,0,0,0,0,999,0,0,0,12,12,2,1,8,0,0,0,1,42,19150,6,1,0,0,3,3,74,999,0,0,0,0,0,0,0,0,0,0,87,0,0,0,1,4,35,1,1,2,1,0,0,1,80,99,1,1,13,0,0
36,361042,1,2,1,25,10,6,41,12,6,1,0,36,3,84,981,84981,50,2000,1HVBJABN1YA9,1,H,V,B,J,A,B,N,1,Y,A,9,0,T,INTL,300,BU,0,17,,7,0,0,30S,D,,0,77,777777777,77777777777,3,21,22,1,0,0,0,0,1,0,0,999,0,0,0,12,12,6,2,12,0,0,0,1,36,11590,6,1,6,1,3,0,72,999,0,0,0,0,0,0,0,0,0,0,0,0,0,0,3,4,99,1,1,2,1,0,0,1,70,99,1,1,98,1,0
36,361042,2,2,1,25,10,6,41,12,6,1,0,36,3,87,881,87881,66,2001,1XPFDB9X61N5,1,X,P,F,D,B,9,X,6,1,N,5,1,T,PTRB,378,DS,1,17,,8,0,0,CON,D,,1,77,777777777,77777777777,3,6,2,1,0,0,0,0,0,0,0,999,0,0,0,7,7,6,2,12,0,0,0,1,34,7208,6,1,6,3,3,0,71,999,1,0,0,0,1,12,2007,9,2009,0,38,0,0,0,3,4,99,1,1,2,1,0,0,16,98,1,1,1,98,0,0
36,361043,1,3,1,11,12,14,7,12,1,1,0,12,3,20,2,20002,4,2010,2G1WA5EK5A11,2,G,1,W,A,5,E,K,5,A,1,1,0,P,CHEV,IPL,4D,10,17,3555,,0,1105,,F,,0,0,000000000,00000000000,0,0,0,1,0,0,0,0,0,0,0,999,0,0,0,12,12,6,2,12,0,0,0,1,36,14482,6,1,0,0,3,0,72,999,0,0,0,0,0,0,0,0,0,0,26,0,0,0,1,2,55,1,1,2,1,0,0,2,51,99,1,1,28,0,0
36,361043,2,3,2,11,12,14,7,12,1,1,0,36,2,12,471,12471,30,1998,1FTYR10C0WTA,1,F,T,Y,R,1,0,C,0,W,T,A,0,T,FORD,RNG,PK,98,17,,1,1175,1116,RNG,G,,0,0,000000000,00000000000,0,0,0,1,0,0,0,0,0,0,0,999,0,0,0,6,3,6,2,12,0,0,0,1,36,14476,6,1,0,0,3,0,72,999,0,0,0,0,0,0,0,0,0,0,8,0,0,0,1,2,55,1,1,2,1,0,0,2,53,99,1,2,29,0,0
36,361043,3,3,2,11,12,14,7,12,1,1,0,36,1,12,402,12402,14,2008,1FMCU93158KB,1,F,M,C,U,9,3,1,5,8,K,B,0,P,FORD,SPE,UT,8,17,3465,,0,1031,,G,,0,0,000000000,00000000000,0,0,0,1,0,0,0,0,0,0,0,999,0,0,0,12,12,6,2,12,0,0,0,1,36,14470,6,1,0,0,3,0,66,999,1,0,0,0,0,6,2010,6,2010,0,0,0,0,0,1,2,55,1,1,2,1,0,0,1,62,99,1,1,98,1,0
36,361044,1,2,1,18,12,0,13,12,1,1,0,36,2,35,47,35047,4,2001,1N4DL01D51C1,1,N,4,D,L,0,1,D,5,1,C,1,0,P,NISS,AXE,4D,1,17,2754,,0,1031,,G,,0,0,000000000,00000000000,0,0,0,1,0,0,0,0,0,0,0,0,0,0,0,6,6,6,2,12,0,0,0,1,36,10920,6,1,0,0,3,0,72,999,0,0,0,0,0,0,0,0,0,0,54,0,0,0,3,3,55,1,1,2,1,0,0,5,53,1,1,1,22,1,1