STATE,ST_CASE,VEH_NO,VE_FORMS,NUMOCCS,DAY,MONTH,HOUR,MINUTE,HARM_EV,MAN_COLL,UNITTYPE,HIT_RUN,REG_STAT,OWNER,MAKE,MODEL,MAK_MOD,BODY_TYP,MOD_YEAR,VIN,VIN_1,VIN_2,VIN_3,VIN_4,VIN_5,VIN_6,VIN_7,VIN_8,VIN_9,VIN_10,VIN_11,VIN_12,TOW_VEH,VINTYPE,VINMAKE,VINA_MOD,VIN_BT,VINMODYR,VIN_LNGT,VIN_WGT,WGTCD_TR,WHLBS_LG,WHLBS_SH,SER_TR,FUELCODE,MCYCL_DS,J_KNIFE,MCARR_I1,MCARR_I2,MCARR_ID,GVWR,V_CONFIG,CARGO_BT,HAZ_INV,HAZ_PLAC,HAZ_ID,HAZ_CNO,HAZ_REL,BUS_USE,SPEC_USE,EMER_USE,TRAV_SP,UNDERIDE,ROLLOVER,ROLINLOC,IMPACT1,IMPACT2,DEFORMED,TOWED,M_HARM,VEH_SC1,VEH_SC2,FIRE_EXP,DR_PRES,L_STATE,DR_ZIP,L_STATUS,L_TYPE,CDL_STAT,L_ENDORS,L_COMPL,L_RESTRI,DR_HGT,DR_WGT,PREV_ACC,PREV_SUS,PREV_DWI,PREV_SPD,PREV_OTH,FIRST_MO,FIRST_YR,LAST_MO,LAST_YR,SPEEDREL,DR_SF1,DR_SF2,DR_SF3,DR_SF4,VTRAFWAY,VNUM_LAN,VSPD_LIM,VALIGN,VPROFILE,VPAVETYP,VSURCOND,VTRAFCON,VTCONT_F,P_CRASH1,P_CRASH2,P_CRASH3,PCRASH4,PCRASH5,ACC_TYPE,DEATHS,DR_DRINK
36,361044,2,2,1,18,12,0,13,12,1,1,0,36,1,37,32,37032,2,2009,1HGCS22869A0,1,H,G,C,S,2,2,8,6,9,A,0,0,P,HOND,AXL,CP,9,17,3446,,0,1079,,G,,0,0,000000000,00000000000,0,0,0,1,0,0,0,0,0,0,0,999,0,0,0,12,12,6,2,12,0,0,0,1,36,10960,6,1,0,0,3,0,73,999,0,0,0,0,0,0,0,0,0,1,0,0,0,0,3,3,55,1,1,2,1,0,0,1,50,99,1,1,20,0,1
36,361045,1,2,2,18,12,17,1,12,2,1,0,36,1,49,49,49049,6,2008,JTLKE50E4810,J,T,L,K,E,5,0,E,4,8,1,0,0,P,TOYT,SXB,UT,8,17,3020,,0,1024,,G,,0,0,000000000,00000000000,0,0,0,1,0,0,0,0,0,0,0,999,0,0,0,12,12,6,2,12,0,0,0,1,36,13850,6,1,0,0,3,0,71,999,0,0,0,0,0,0,0,0,0,0,28,0,0,0,1,2,55,2,2,2,1,28,3,14,10,99,1,2,50,1,0
36,361045,2,2,1,18,12,17,1,12,2,1,0,36,1,12,481,12481,31,1995,2FTHF25HXSCA,2,F,T,H,F,2,5,H,X,S,C,A,0,T,FORD,F25,PK,95,17,,2,0,1330,COF,G,,0,0,000000000,00000000000,0,0,0,1,0,0,0,0,0,0,0,999,0,1,5,12,12,6,2,1,0,0,0,1,36,14842,6,1,0,0,3,0,66,999,0,0,0,0,0,0,0,0,0,0,0,0,0,0,1,2,55,3,2,2,1,28,3,14,63,99,1,1,51,0,0
36,361046,1,2,1,28,12,11,6,12,2,1,0,36,1,12,13,12013,4,1999,1FAFP13P9XW1,1,F,A,F,P,1,3,P,9,X,W,1,0,P,FORD,ESE,4D,99,17,2468,,0,984,,G,,0,0,000000000,00000000000,0,0,0,1,0,0,0,0,0,0,0,999,0,0,0,12,12,6,2,12,0,0,0,1,36,14870,6,1,0,0,3,3,63,999,0,0,0,0,0,0,0,0,0,0,51,39,0,0,3,2,55,1,1,2,1,0,0,1,98,99,1,1,52,1,0
36,361046,2,2,1,28,12,11,6,12,2,1,0,36,1,21,17,21017,4,1994,1G3AG55M6R63,1,G,3,A,G,5,5,M,6,R,6,3,0,P,OLDS,CIS,4D,94,17,2818,,0,1049,,G,,0,0,000000000,00000000000,0,0,0,1,0,0,0,0,0,0,0,999,0,0,0,12,12,6,2,12,0,0,0,1,36,14801,6,1,0,0,3,3,66,999,0,0,0,0,1,10,2008,10,2008,0,0,0,0,0,3,2,55,1,1,2,1,0,0,1,98,99,1,1,52,0,0
36,361047,1,2,2,30,12,9,32,12,1,1,0,36,3,98,804,98804,66,2005,5KJNAEAVX5PN,5,K,J,N,A,E,A,V,X,5,P,N,1,T,WSTR,49F,DS,5,17,,8,0,0,CNV,D,,1,57,00664900,5700664900,3,6,3,1,0,0,0,0,0,0,0,999,0,0,0,12,12,6,2,12,0,0,0,1,36,13339,6,1,6,1,3,0,72,999,0,0,0,0,0,0,0,0,0,0,0,0,0,0,1,2,55,1,2,2,2,28,3,1,50,99,1,1,32,0,0
36,361047,2,2,0,30,12,9,32,12,1,1,0,36,6,82,881,82881,63,2006,1FVACXCS46HW,1,F,V,A,C,X,C,S,4,6,H,W,0,T,FRHT,16M,CC,6,17,,7,0,0,FM2,D,,0,57,1141889,571141889,3,1,7,1,0,0,0,0,0,0,0,0,0,0,0,6,6,6,2,8,0,0,0,0,,,,,,,,,999,,,,,,,,,,,,20,0,0,0,1,2,55,3,2,2,2,28,3,0,53,0,0,0,32,0,0
36,361048,1,3,2,26,12,14,37,12,6,1,0,36,1,54,31,54031,4,1990,JH4DB1560LS0,J,H,4,D,B,1,5,6,0,L,S,0,0,P,ACUR,IGS,4D,90,17,2535,,0,1024,,G,,0,0,000000000,00000000000,0,0,0,1,0,0,0,0,0,0,0,35,0,0,0,62,62,6,2,12,0,0,0,1,36,14211,6,1,0,0,3,0,71,999,0,0,0,1,0,4,2010,4,2010,0,27,0,0,0,1,4,35,1,1,2,1,0,0,17,10,8,1,2,47,0,0
36,361048,2,3,1,26,12,14,37,12,6,1,0,36,1,20,2,20002,4,2007,2G1WT58N9791,2,G,1,W,T,5,8,N,9,7,9,1,0,P,CHEV,IMT,4D,7,17,3674,,0,1105,,G,,0,0,000000000,00000000000,0,0,0,1,0,0,0,0,0,0,0,35,0,0,0,1,12,6,2,12,0,0,0,1,36,14221,6,1,0,0,3,0,73,999,0,0,0,0,2,6,2008,12,2010,0,0,0,0,0,1,4,35,1,1,2,1,0,0,1,61,99,1,1,45,1,0
36,361048,3,3,1,26,12,14,37,12,6,1,0,36,1,6,51,6051,4,2010,2C3CA4CD5AH1,2,C,3,C,A,4,C,D,5,A,H,1,0,P,CHRY,3TR,4D,10,17,3758,,0,1200,,G,,0,0,000000000,00000000000,0,0,0,1,0,0,0,0,0,0,0,35,0,0,0,12,12,6,2,12,0,0,0,1,36,14215,6,1,0,0,3,0,66,999,0,1,0,0,1,5,2008,11,2008,0,0,0,0,0,1,4,35,1,1,2,1,0,0,1,62,99,1,1,98,0,0
36,361049,1,2,4,29,12,23,0,8,0,1,0,9,2,49,46,49046,4,2005,JTDKB20U6530,J,T,D,K,B,2,0,U,6,5,3,0,0,P,TOYT,PRI,4H,5,17,2890,,0,1063,,B,,0,0,000000000,00000000000,0,0,0,1,0,0,0,0,0,0,0,999,0,0,0,11,11,2,1,8,36,0,0,1,9,6902,6,1,2,0,3,0,65,999,98,0,0,0,0,0,0,0,0,0,0,0,0,0,3,3,50,1,1,2,2,0,0,1,80,99,1,1,13,0,0
36,361049,2,2,1,29,12,23,0,8,0,1,0,9,3,34,35,34035,4,2010,WBANV9C59AC3,W,B,A,N,V,9,C,5,9,A,C,3,0,P,BMW,XI5,4D,10,17,3946,,0,1137,,G,,0,0,000000000,00000000000,0,0,0,1,0,0,0,0,0,0,0,999,0,0,0,12,12,2,1,8,0,0,0,1,9,6880,6,1,0,0,3,0,72,999,98,0,0,1,0,3,2008,3,2008,0,0,0,0,0,3,3,50,1,1,2,2,0,0,1,80,99,1,1,98,0,0
36,361050,2,1,1,7,12,15,47,33,0,1,0,36,2,12,481,12481,31,1995,1FTEX14N8SKA,1,F,T,E,X,1,4,N,8,S,K,A,0,T,FORD,F15,PS,95,17,,2,1550,1390,COF,G,,0,0,000000000,00000000000,0,0,0,1,0,0,0,0,0,0,0,20,0,0,0,12,12,6,2,14,0,0,0,1,36,14701,1,1,0,0,2,0,69,999,0,0,0,0,0,0,0,0,0,0,0,0,0,0,4,2,30,1,2,2,2,20,3,1,12,99,1,4,6,1,0
36,361051,1,1,1,7,10,16,21,8,0,1,0,36,3,98,907,98907,52,2009,1VHHH3P2X967,1,V,H,H,H,3,P,2,X,9,6,7,0,U,,,,9,17,,,,,,,,0,88,888888888,88888888888,3,21,22,1,0,0,0,0,6,0,0,999,0,0,0,11,11,6,2,8,0,0,0,1,36,11234,6,1,6,1,3,0,65,999,0,0,0,0,0,0,0,0,0,0,0,0,0,0,3,2,99,1,1,2,1,0,0,1,80,99,1,1,13,0,0
36,361052,1,1,1,15,11,17,9,8,0,1,0,36,1,49,442,49442,20,2004,5TDZA23C84S1,5,T,D,Z,A,2,3,C,8,4,S,1,0,P,TOYT,SIE,SV,4,17,4120,,0,1193,,G,,0,0,000000000,00000000000,0,0,0,1,0,0,0,0,0,0,0,999,0,0,0,12,12,2,1,8,0,0,0,1,36,11001,6,1,0,0,3,3,70,999,0,0,0,0,0,0,0,0,0,0,0,0,0,0,2,4,35,1,1,2,1,0,0,1,80,99,1,1,13,0,0
36,361053,1,2,1,2,12,7,56,33,0,1,0,36,1,54,35,54035,4,2002,19UUA56692A0,1,9,U,U,A,5,6,6,9,2,A,0,0,P,ACUR,32T,4D,2,17,3492,,0,1081,,G,,0,0,000000000,00000000000,0,0,0,1,0,0,0,0,0,0,0,38,0,0,0,11,3,6,2,12,0,0,0,1,36,14067,6,1,0,0,3,3,64,999,0,0,0,0,0,0,0,0,0,0,87,0,0,0,6,2,99,2,2,2,4,0,0,14,10,1,1,6,98,1,0
36,361053,2,2,1,2,12,7,56,33,0,1,0,26,3,85,881,85881,66,2003,1XKWDB9X03J7,1,X,K,W,D,B,9,X,0,3,J,7,1,T,KW,W90,DS,3,17,,8,2850,1600,CON,D,,1,57,790261,57790261,3,6,1,1,0,0,0,0,0,0,0,25,0,0,0,11,11,2,3,12,0,0,0,1,26,48356,6,1,6,1,3,0,68,180,1,0,0,0,0,11,2009,11,2009,0,92,0,0,0,3,4,45,2,2,2,1,3,3,3,62,1,1,1,98,0,0
36,361054,1,3,2,28,11,14,42,12,1,1,0,36,1,30,40,30040,4,2008,3VWRZ71K38M0,3,V,W,R,Z,7,1,K,3,8,M,0,0,P,VOLK,JSE,4D,8,17,3202,,0,1015,,G,,0,0,000000000,00000000000,0,0,0,1,0,0,0,0,0,0,0,0,0,0,0,6,6,6,2,12,0,0,0,1,36,14626,6,1,6,0,3,0,72,999,0,0,0,0,0,0,0,0,0,0,0,0,0,0,2,4,40,1,1,2,1,0,0,5,53,1,1,1,21,1,0
36,361054,2,3,2,28,11,14,42,12,1,1,0,36,1,42,401,42401,14,1999,4JGAB72E6XA0,4,J,G,A,B,7,2,E,6,X,A,0,0,P,MERZ,ML4,UT,99,17,4552,,0,1110,,G,,0,0,000000000,00000000000,0,0,0,1,0,0,0,0,0,0,0,999,0,0,0,12,12,6,2,12,0,0,0,1,36,14580,6,1,0,0,3,0,72,999,1,3,0,0,0,4,2008,10,2010,0,26,27,0,0,2,4,40,1,1,2,1,0,0,15,50,7,1,2,20,0,0
36,361054,3,3,1,28,11,14,42,12,1,1,0,36,1,13,421,13421,15,2005,5LMFU28505LJ,5,L,M,F,U,2,8,5,0,5,L,J,0,P,LINC,NAV,UT,5,17,5892,,0,1190,,G,,0,0,000000000,00000000000,0,0,0,1,0,0,0,0,0,0,0,999,0,0,0,12,12,6,2,12,0,0,0,1,36,14626,6,1,0,0,3,0,68,999,0,0,0,0,0,0,0,0,0,0,0,0,0,0,2,4,40,1,1,2,1,0,0,1,62,7,1,1,98,0,0
36,361055,1,1,1,20,12,23,7,30,0,1,0,36,1,54,35,54035,4,2003,19UUA56613A0,1,9,U,U,A,5,6,6,1,3,A,0,0,P,ACUR,32T,4D,3,17,3492,,0,1081,,G,,0,0,000000000,00000000000,0,0,0,1,0,0,0,0,0,0,0,999,0,0,0,12,12,6,2,2,0,0,1,1,36,10590,6,1,0,0,3,3,74,999,1,0,0,1,2,4,2008,7,2010,1,0,0,0,0,1,2,45,1,1,2,1,28,3,1,12,99,1,4,6,1,1
36,361056,1,1,3,31,12,2,20,38,0,1,0,36,2,54,35,54035,4,2006,19UUA66226A0,1,9,U,U,A,6,6,2,2,6,A,0,0,P,ACUR,32T,4D,6,17,3580,,0,1079,,G,,0,0,000000000,00000000000,0,0,0,1,0,0,0,0,0,0,0,999,0,0,0,9,9,6,2,42,0,0,0,1,36,10803,6,1,0,0,3,3,67,999,0,0,0,0,0,0,0,0,0,1,0,0,0,0,1,2,45,2,1,2,1,0,0,14,6,99,3,4,7,1,1
36,361057,1,1,1,24,12,17,24,38,0,1,0,36,1,20,481,20481,31,2010,1GCSKSEA9AZ1,1,G,C,S,K,S,E,A,9,A,Z,1,0,T,CHEV,2SK,4C,10,17,,2,1575,1435,SIL,F,,0,0,000000000,00000000000,0,0,0,1,0,0,0,0,0,0,0,999,0,0,0,12,12,6,2,38,0,0,0,1,36,14719,6,1,0,0,3,3,72,999,0,0,0,0,0,0,0,0,0,0,0,0,0,0,1,2,30,1,1,2,1,0,0,1,12,99,1,4,6,1,0
36,361058,2,1,6,13,12,23,45,8,0,1,0,95,3,20,422,20422,15,2007,999999999999,9,9,9,9,9,9,9,9,9,9,9,9,0,U,,,,9,17,,,,,,,,0,0,000000000,00000000000,0,0,0,1,0,0,0,0,0,0,0,999,0,0,0,83,83,6,2,8,0,0,0,1,95,0,9,9,99,9,9,9,999,999,99,99,99,99,99,99,9999,99,9999,1,87,0,0,0,3,2,65,1,1,2,3,0,0,2,6,4,4,4,13,0,0
36,361059,1,1,1,18,9,4,7,8,0,1,0,36,1,12,422,12422,15,2001,1FMRU16W11LA,1,F,M,R,U,1,6,W,1,1,L,A,0,P,FORD,EPT,UT,1,17,5250,,0,1191,,G,,0,0,000000000,00000000000,0,0,0,1,0,0,0,0,0,0,0,999,0,0,0,12,12,2,1,8,0,0,0,1,36,11203,6,1,6,0,3,3,70,999,1,0,0,0,0,5,2008,5,2008,0,86,0,0,0,5,6,99,1,1,2,1,0,0,1,80,1,1,1,13,0,1
36,361060,1,1,1,30,9,6,38,8,0,1,1,36,3,98,907,98907,52,1999,1VH569P74X65,1,V,H,5,6,9,P,7,4,X,6,5,0,U,,,,99,17,,,,,,,,0,77,777777777,77777777777,3,21,22,1,0,0,0,0,6,0,0,999,0,0,0,10,10,0,1,8,0,0,0,1,36,10303,6,1,6,1,3,3,68,999,1,0,0,0,0,3,2008,3,2008,0,86,0,0,0,1,2,30,1,1,2,2,0,0,11,80,1,1,1,13,0,0
36,361061,1,1,2,1,10,23,58,59,0,1,0,36,2,37,31,37031,2,1999,1HGEJ7126XL0,1,H,G,E,J,7,1,2,6,X,L,0,0,P,HOND,UCH,CP,99,17,2370,,0,1032,,G,,0,0,000000000,00000000000,0,0,0,1,0,0,0,0,0,0,0,999,0,0,0,5,5,6,2,59,0,0,0,1,36,11220,1,1,0,0,2,2,68,999,0,15,0,0,1,10,2007,1,2010,1,74,0,0,0,3,3,99,1,2,2,1,0,0,1,6,99,2,4,2,1,1
36,361062,1,1,1,19,10,20,53,8,0,1,1,99,9,99,999,99999,99,9999,999999999999,9,9,9,9,9,9,9,9,9,9,9,9,0,U,,,,9,17,,,,,,,,0,0,000000000,00000000000,0,0,0,1,0,0,0,0,0,0,0,999,0,0,0,99,99,9,1,8,0,0,0,1,99,99999,9,9,99,9,9,9,999,999,99,99,99,99,99,99,9999,99,9999,0,0,0,0,0,1,2,99,1,1,1,1,0,0,1,80,99,1,3,13,0,0
36,361063,1,1,2,16,10,16,49,8,0,1,0,12,1,35,421,35421,15,2005,5N1AA08B35N7,5,N,1,A,A,0,8,B,3,5,N,7,0,P,NISS,ARM,UT,5,17,5276,,0,1232,,G,,0,0,000000000,00000000000,0,0,0,1,0,0,0,0,0,0,0,999,0,0,0,12,12,2,1,8,0,0,0,1,36,11103,6,1,0,0,3,0,72,999,0,0,0,0,3,4,2008,4,2008,0,0,0,0,0,1,4,35,1,2,2,1,3,3,1,80,6,1,1,13,0,0
36,361064,1,1,1,17,10,19,50,8,0,1,0,36,2,35,402,35402,14,2003,5N1ED28T93C6,5,N,1,E,D,2,8,T,9,3,C,6,0,P,NISS,XTR,UT,3,17,3638,,0,1043,,G,,0,0,000000000,00000000000,0,0,0,1,0,0,0,0,0,0,0,999,0,0,0,12,12,6,2,8,0,0,0,1,36,11741,6,1,0,0,3,3,75,999,0,0,0,0,0,0,0,0,0,0,0,0,0,0,6,1,40,1,5,2,1,0,0,1,80,99,1,1,13,0,1
36,361065,1,1,1,16,10,13,0,8,0,1,0,36,1,72,706,72706,80,2001,1HD4CAM171K1,1,H,D,4,C,A,M,1,7,1,K,1,0,M,HD,X88,RS,1,17,,,,,,,883,0,0,000000000,00000000000,0,0,0,1,0,0,0,0,0,0,0,999,0,0,0,12,12,9,9,8,0,0,0,1,26,48116,6,1,0,0,2,2,76,999,0,0,0,0,0,0,0,0,0,0,74,0,0,0,1,2,30,1,1,2,1,3,3,1,80,99,1,1,13,0,0
36,361066,1,2,1,15,7,12,20,12,1,1,0,36,3,99,998,99998,92,1985,999999999999,9,9,9,9,9,9,9,9,9,9,9,9,0,U,,,,9,17,,,,,,,,0,0,000000000,00000000000,0,0,0,1,0,0,0,0,0,0,0,999,0,0,0,6,6,6,2,42,0,0,0,1,36,12155,6,1,6,0,3,3,69,999,0,0,0,0,0,0,0,0,0,0,0,0,0,0,1,2,99,1,2,2,1,0,0,1,53,99,1,1,27,0,0
36,361066,2,2,1,15,7,12,20,12,1,1,0,36,1,22,18,22018,4,2001,1G2NF52T61C2,1,G,2,N,F,5,2,T,6,1,C,2,0,P,PONT,SE1,4D,1,17,3116,,0,1070,,G,,0,0,000000000,00000000000,0,0,0,1,0,0,0,0,0,0,0,999,0,0,0,12,12,6,2,12,0,0,0,1,36,12116,6,1,0,0,3,0,64,999,0,0,0,0,0,0,0,0,0,1,26,0,0,0,1,2,99,1,2,2,1,0,0,1,51,99,1,1,24,1,0
36,361067,1,1,1,14,10,11,29,8,0,1,0,36,3,34,401,34401,14,2008,5UXFE43588L0,5,U,X,F,E,4,3,5,8,8,L,0,0,P,BMW,BX5,UT,8,17,4916,,0,1155,,G,,0,0,000000000,00000000000,0,0,0,1,0,0,0,0,0,0,0,20,0,0,0,12,12,2,1,8,0,0,0,1,36,11746,6,1,0,0,3,0,72,999,0,5,0,0,0,11,2007,8,2010,0,0,0,0,0,3,2,45,1,1,2,1,3,3,1,80,99,1,1,13,0,0
36,361068,1,1,1,27,10,18,40,8,0,1,0,36,1,20,20,20020,4,1998,2G1WL52M2W91,2,G,1,W,L,5,2,M,2,W,9,1,0,P,CHEV,L/S,4D,98,17,3330,,0,1075,,G,,0,0,000000000,00000000000,0,0,0,1,0,0,0,0,0,0,0,999,0,0,0,12,12,2,1,8,0,0,0,1,36,11229,6,1,0,0,3,0,70,999,0,0,0,0,0,0,0,0,0,0,87,0,0,0,1,2,30,1,1,2,2,0,0,1,80,99,1,1,13,0,0
36,361069,1,1,1,20,10,6,30,15,0,1,0,36,1,12,3,12003,1,2007,1ZVHT84N8753,1,Z,V,H,T,8,4,N,8,7,5,3,0,P,FORD,MUS,CV,7,17,3352,,0,1071,,G,,0,0,000000000,00000000000,0,0,0,1,0,0,0,0,0,0,0,999,0,0,0,12,12,6,2,15,0,0,0,1,36,11795,6,1,0,0,3,0,63,999,0,0,0,0,0,0,0,0,0,0,0,0,0,0,1,2,99,1,1,2,1,0,0,1,83,99,1,1,13,0,0
36,361070,1,1,1,30,10,23,52,8,0,1,0,36,1,37,32,37032,4,1996,1HGCD5662TA0,1,H,G,C,D,5,6,6,2,T,A,0,0,P,HOND,UEX,4D,96,17,2985,,0,1069,,G,,0,0,000000000,00000000000,0,0,0,1,0,0,0,0,0,0,0,999,0,0,0,12,12,6,2,8,0,0,0,1,36,11757,6,1,0,0,3,0,62,999,1,0,0,0,0,7,2009,7,2009,0,0,0,0,0,3,2,55,1,1,1,1,0,0,1,80,99,1,1,13,0,0
36,361071,1,1,1,30,10,23,10,8,0,1,0,36,2,20,443,20443,20,2004,1GNDX03EX4D2,1,G,N,D,X,0,3,E,X,4,D,2,0,T,CHEV,VTR,ES,4,17,,1,0,1200,VTR,G,,0,0,000000000,00000000000,0,0,0,1,0,0,0,0,0,0,0,999,0,0,0,12,10,6,2,8,0,0,0,1,48,75248,6,1,0,0,3,0,999,999,0,0,0,0,2,10,2008,2,2009,0,0,0,0,0,1,2,30,1,1,2,99,3,3,1,80,99,1,1,13,0,0
36,361072,1,1,1,25,10,11,50,8,0,1,0,36,1,12,402,12402,14,2003,1FMYU93183KA,1,F,M,Y,U,9,3,1,8,3,K,A,0,P,FORD,SPE,UT,3,17,3458,,0,1031,,G,,0,0,000000000,00000000000,0,0,0,1,0,0,0,0,0,0,0,999,0,0,0,6,6,2,1,8,0,0,0,1,36,10462,6,1,0,0,3,0,68,999,0,0,0,0,0,0,0,0,0,0,92,0,0,0,3,2,30,1,1,2,1,0,0,13,80,99,1,1,98,0,0
36,361073,1,1,1,21,11,18,8,8,0,1,1,99,9,99,999,99999,99,9999,999999999999,9,9,9,9,9,9,9,9,9,9,9,9,0,U,,,,9,17,,,,,,,,0,0,000000000,00000000000,0,0,0,1,0,0,0,0,0,0,0,999,0,0,0,99,99,9,1,8,0,0,0,1,99,99999,9,9,99,9,9,9,999,999,99,99,99,99,99,99,9999,99,9999,0,0,0,0,0,1,4,30,1,1,2,1,3,3,10,80,99,1,1,13,0,0
36,361074,1,2,3,30,10,2,40,12,2,1,0,36,2,7,20,7020,4,2000,1B3ES46C2YD6,1,B,3,E,S,4,6,C,2,Y,D,6,0,P,DODG,NSE,4D,0,17,2515,,0,1050,,G,,0,0,000000000,00000000000,0,0,0,1,0,0,0,0,0,0,0,999,0,0,0,12,12,9,9,12,0,0,0,1,36,11706,6,1,0,0,3,0,67,999,0,0,0,0,1,11,2009,11,2009,0,0,0,0,0,1,2,99,1,1,2,1,0,0,1,62,99,1,1,51,1,0
36,361074,2,2,1,30,10,2,40,12,2,1,0,36,2,55,35,55035,4,2000,KMHJF35F7YU0,K,M,H,J,F,3,5,F,7,Y,U,0,0,P,HYUN,EGS,4D,0,17,2626,,0,1004,,G,,0,0,000000000,00000000000,0,0,0,1,0,0,0,0,0,0,0,999,0,0,0,12,12,9,9,12,0,0,0,1,36,11706,6,1,0,0,3,0,67,999,0,0,0,0,0,0,0,0,0,0,28,0,0,0,1,2,99,1,1,2,1,0,0,1,10,99,1,2,50,0,1
36,361075,1,1,1,1,11,8,10,8,0,1,0,42,1,34,35,34035,4,1993,WBAHD5314PGB,W,B,A,H,D,5,3,1,4,P,G,B,0,P,BMW,525,4D,93,17,3484,,0,1087,,G,,0,0,000000000,00000000000,0,0,0,1,0,0,0,0,0,0,0,999,0,0,0,12,12,6,2,8,0,0,0,1,42,19120,6,1,0,0,3,0,71,999,0,1,0,0,0,1,2010,1,2010,0,92,0,0,0,1,4,99,1,1,2,1,3,3,1,80,99,1,1,13,0,0
36,361076,1,1,2,26,12,1,18,30,0,1,0,36,2,52,37,52037,2,1997,4A3AK44Y8VE0,4,A,3,A,K,4,4,Y,8,V,E,0,0,P,MITS,EGS,2H,97,17,2855,,0,988,,G,,0,0,000000000,00000000000,0,0,0,1,0,0,0,0,0,0,0,999,0,0,0,99,99,6,2,30,0,0,0,1,36,13904,6,1,0,0,3,0,68,999,1,6,0,2,0,2,2008,11,2010,1,0,0,0,0,3,4,55,2,5,2,1,0,0,14,12,99,1,4,6,1,0
36,361077,1,1,2,18,12,7,23,30,0,1,0,36,2,35,43,35043,4,1994,1N4EB31F1RC8,1,N,4,E,B,3,1,F,1,R,C,8,0,P,NISS,SEL,4D,94,17,2346,,0,957,,G,,0,0,000000000,00000000000,0,0,0,1,0,0,0,0,0,0,0,40,0,0,0,12,12,6,2,30,0,0,0,1,36,12307,0,0,0,0,0,0,999,999,0,1,0,0,0,7,2009,7,2009,0,0,0,0,0,2,4,40,1,1,2,2,0,0,1,13,99,1,4,1,1,0
36,361078,1,1,1,26,11,7,2,30,0,1,0,36,1,49,401,49401,14,2002,JT3HN87RX203,J,T,3,H,N,8,7,R,X,2,0,3,0,P,TOYT,RUN,UT,2,17,4115,,0,1053,,G,,0,0,000000000,00000000000,0,0,0,1,0,0,0,0,0,0,0,999,0,0,0,1,9,6,2,30,0,0,0,1,36,10469,6,1,0,0,3,3,66,999,0,0,0,0,2,11,2007,11,2008,0,87,28,0,0,1,4,99,4,2,2,2,3,3,11,13,99,1,4,1,1,0
36,361079,1,2,2,27,11,20,43,12,6,1,0,34,2,22,22,22022,4,2005,1G2ZG5281541,1,G,2,Z,G,5,2,8,1,5,4,1,0,P,PONT,G/6,4D,5,17,3420,,0,1123,,G,,0,0,000000000,00000000000,0,0,0,1,0,0,0,0,0,0,0,999,0,0,0,82,82,6,2,12,0,0,0,1,34,7407,6,1,0,0,3,0,60,999,0,0,0,0,0,0,0,0,0,0,38,0,0,0,3,2,30,1,1,2,1,3,3,11,15,99,1,1,68,0,0
36,361079,2,2,4,27,11,20,43,12,6,1,0,36,1,42,42,42042,4,2009,WDDGF81X89R0,W,D,D,G,F,8,1,X,8,9,R,0,0,P,MERZ,C4A,4D,9,17,3737,,0,1087,,G,,0,0,000000000,00000000000,0,0,0,1,0,0,0,0,0,0,0,999,0,0,0,12,12,6,2,12,0,0,0,1,36,10308,6,1,0,0,3,3,62,999,0,0,0,0,0,0,0,0,0,0,0,0,0,0,3,2,30,1,1,2,1,3,3,1,62,99,1,1,69,1,0
36,361080,1,1,1,17,11,5,8,8,0,1,0,36,1,12,13,12013,6,1997,3FALP15P1VR1,3,F,A,L,P,1,5,P,1,V,R,1,0,P,FORD,LXE,SW,97,17,2571,,0,984,,G,,0,0,000000000,00000000000,0,0,0,1,0,0,0,0,0,0,0,999,0,0,0,12,12,2,3,8,0,0,0,1,36,11550,6,1,6,0,3,0,72,999,0,2,0,0,0,4,2008,6,2008,0,92,0,0,0,4,2,30,1,1,2,2,0,0,1,80,7,1,3,13,0,0
36,361081,1,1,1,2,10,19,16,59,0,1,0,36,1,37,706,37706,80,1997,JH2SC3501VM0,J,H,2,S,C,3,5,0,1,V,M,0,0,M,HOND,C1X,RS,97,17,,,,,,,1137,0,0,000000000,00000000000,0,0,0,1,0,0,0,0,0,0,0,999,0,0,0,12,12,9,9,30,0,0,0,1,36,12572,6,1,0,0,3,0,71,999,0,0,0,0,0,0,0,0,0,1,0,0,0,0,1,2,55,1,1,2,1,0,0,1,13,99,1,4,1,1,1
36,361082,1,1,1,10,11,18,10,1,0,1,0,36,1,35,39,35039,4,2002,JN1DA31A52T3,J,N,1,D,A,3,1,A,5,2,T,3,0,P,NISS,MGL,4D,2,17,3146,,0,1083,,G,,0,0,000000000,00000000000,0,0,0,1,0,0,0,0,0,0,0,999,0,9,3,0,13,6,2,1,0,0,0,1,36,11768,6,1,0,0,3,0,65,999,2,0,0,0,0,3,2008,5,2010,1,0,0,0,0,3,2,99,1,1,2,1,0,0,1,12,99,1,4,6,1,0