STATE,ST_CASE,VEH_NO,VE_FORMS,NUMOCCS,DAY,MONTH,HOUR,MINUTE,HARM_EV,MAN_COLL,UNITTYPE,HIT_RUN,REG_STAT,OWNER,MAKE,MODEL,MAK_MOD,BODY_TYP,MOD_YEAR,VIN,VIN_1,VIN_2,VIN_3,VIN_4,VIN_5,VIN_6,VIN_7,VIN_8,VIN_9,VIN_10,VIN_11,VIN_12,TOW_VEH,VINTYPE,VINMAKE,VINA_MOD,VIN_BT,VINMODYR,VIN_LNGT,VIN_WGT,WGTCD_TR,WHLBS_LG,WHLBS_SH,SER_TR,FUELCODE,MCYCL_DS,J_KNIFE,MCARR_I1,MCARR_I2,MCARR_ID,GVWR,V_CONFIG,CARGO_BT,HAZ_INV,HAZ_PLAC,HAZ_ID,HAZ_CNO,HAZ_REL,BUS_USE,SPEC_USE,EMER_USE,TRAV_SP,UNDERIDE,ROLLOVER,ROLINLOC,IMPACT1,IMPACT2,DEFORMED,TOWED,M_HARM,VEH_SC1,VEH_SC2,FIRE_EXP,DR_PRES,L_STATE,DR_ZIP,L_STATUS,L_TYPE,CDL_STAT,L_ENDORS,L_COMPL,L_RESTRI,DR_HGT,DR_WGT,PREV_ACC,PREV_SUS,PREV_DWI,PREV_SPD,PREV_OTH,FIRST_MO,FIRST_YR,LAST_MO,LAST_YR,SPEEDREL,DR_SF1,DR_SF2,DR_SF3,DR_SF4,VTRAFWAY,VNUM_LAN,VSPD_LIM,VALIGN,VPROFILE,VPAVETYP,VSURCOND,VTRAFCON,VTCONT_F,P_CRASH1,P_CRASH2,P_CRASH3,PCRASH4,PCRASH5,ACC_TYPE,DEATHS,DR_DRINK
36,361083,1,2,1,11,11,18,54,33,0,1,0,36,3,12,461,12461,21,2005,1FBNE31LX5HA,1,F,B,N,E,3,1,L,X,5,H,A,0,T,FORD,WSD,BU,5,17,,2,0,1380,ECO,G,,0,0,000000000,00000000000,0,0,0,1,0,0,0,0,0,0,0,40,0,0,0,1,12,6,2,12,0,0,0,1,36,11722,6,1,0,0,3,0,63,999,1,0,0,0,1,12,2008,6,2009,0,0,0,0,0,1,4,40,1,1,2,1,0,0,1,62,99,1,1,98,0,0
36,361083,2,2,3,11,11,18,54,33,0,1,0,36,1,35,39,35039,4,2001,JN1CA31D71T6,J,N,1,C,A,3,1,D,7,1,T,6,0,P,NISS,M20,4D,1,17,3071,,0,1083,,G,,0,0,000000000,00000000000,0,0,0,1,0,0,0,0,0,0,0,999,0,0,0,3,1,6,2,12,0,0,0,1,36,11720,6,1,0,0,3,0,73,999,0,0,0,0,0,0,0,0,0,1,28,0,0,0,1,4,40,1,1,2,1,0,0,15,10,99,1,4,1,2,0
36,361084,1,2,1,8,9,14,54,12,1,1,0,36,1,14,17,14017,4,2003,1MEHM59S83A6,1,M,E,H,M,5,9,S,8,3,A,6,0,P,MERC,SLP,SW,3,17,3514,,0,1085,,G,,0,0,000000000,00000000000,0,0,0,1,0,0,0,0,0,0,0,999,0,0,0,12,12,6,2,12,0,0,0,1,36,11797,6,1,0,0,3,3,70,999,0,0,0,0,0,0,0,0,0,0,26,0,0,0,1,2,99,1,1,2,1,0,0,1,52,1,1,1,28,1,0
36,361084,2,2,3,8,9,14,54,12,1,1,0,36,3,84,881,84881,62,1995,1HTSCAAM9SH6,1,H,T,S,C,A,A,M,9,S,H,6,0,T,INTL,470,CC,95,17,,6,2540,1280,40S,D,,0,57,1355798,571355798,2,1,1,1,0,0,0,0,0,0,0,999,0,0,0,6,6,4,1,12,0,0,0,1,36,11706,6,1,0,0,3,0,65,999,0,0,0,0,0,0,0,0,0,0,92,0,0,0,1,2,99,1,1,2,1,0,0,2,53,1,1,1,29,0,0
36,361085,1,1,1,25,11,18,48,35,0,1,0,36,1,49,43,49043,4,2001,4T1BF28B41U1,4,T,1,B,F,2,8,B,4,1,U,1,0,P,TOYT,UVS,4D,1,17,3428,,0,1071,,G,,0,0,000000000,00000000000,0,0,0,1,0,0,0,0,0,0,0,999,0,0,0,10,12,6,2,42,0,0,0,1,36,11365,6,1,0,0,3,3,67,999,0,0,0,0,0,0,0,0,0,0,0,0,0,0,3,8,65,1,1,2,2,0,0,1,12,1,1,4,6,1,0
36,361086,1,1,1,4,12,22,55,8,0,1,0,36,2,20,441,20441,20,2002,1GBDM19X82B1,1,G,B,D,M,1,9,X,8,2,B,1,0,T,CHEV,AST,IE,2,17,,1,0,1112,AST,G,,0,0,000000000,00000000000,0,0,0,1,0,0,0,0,0,0,0,999,0,0,0,12,12,2,3,8,0,0,0,1,36,11575,6,1,0,0,3,0,71,999,0,0,0,0,0,0,0,0,0,0,86,0,0,0,1,4,99,1,1,2,1,2,3,1,80,1,1,1,13,0,0
36,361087,1,1,1,11,12,18,53,42,0,1,0,36,1,20,481,20481,31,2008,1GCHK24K78E1,1,G,C,H,K,2,4,K,7,8,E,1,0,T,CHEV,2KH,PK,8,17,,2,0,1330,SIL,G,,0,0,000000000,00000000000,0,0,0,1,0,0,0,0,0,0,0,999,0,0,0,9,61,6,2,2,0,0,1,1,36,13827,6,1,0,0,3,0,75,999,0,0,0,0,0,0,0,0,0,1,58,0,0,0,1,2,55,1,2,2,11,0,0,1,6,1,4,4,7,1,1
36,361088,1,1,1,23,11,11,10,8,0,1,0,36,1,13,1,13001,4,2003,1LNHM82W53Y6,1,L,N,H,M,8,2,W,5,3,Y,6,0,P,LINC,SIG,4D,3,17,4156,,0,1177,,G,,0,0,000000000,00000000000,0,0,0,1,0,0,0,0,0,0,0,999,0,0,0,12,12,2,3,8,0,0,0,1,36,11763,6,1,6,0,3,3,68,999,0,0,0,0,0,0,0,0,0,0,86,0,0,0,1,4,99,1,1,2,1,2,3,1,80,1,1,1,13,0,0
36,361090,1,1,1,16,11,6,10,8,0,1,0,36,3,98,898,98898,60,2007,5B4KPD2U7734,5,B,4,K,P,D,2,U,7,7,3,4,0,U,,,,7,17,,,,,,,,0,77,777777777,77777777777,2,1,1,1,0,0,0,0,0,0,0,999,0,0,0,12,12,2,1,8,0,0,0,1,36,13323,6,1,0,0,3,0,71,999,0,0,0,1,2,1,2008,2,2010,0,86,38,0,0,1,2,30,1,1,1,2,2,3,11,80,1,1,1,13,0,0
36,361091,1,1,1,18,4,3,51,8,0,1,1,99,9,99,999,99999,99,9999,999999999999,9,9,9,9,9,9,9,9,9,9,9,9,0,U,,,,9,17,,,,,,,,0,0,000000000,00000000000,0,0,0,1,0,0,0,0,0,0,0,999,0,0,0,12,12,9,1,8,0,0,0,1,99,99999,9,9,99,9,9,9,999,999,99,99,99,99,99,99,9999,99,9999,0,38,86,0,0,4,2,99,1,2,2,1,2,3,1,80,1,1,1,13,0,0
36,361092,1,1,1,4,11,14,27,8,0,1,0,36,1,7,442,7442,20,2008,1D8HN54P98B1,1,D,8,H,N,5,4,P,9,8,B,1,0,P,DODG,CAR,SV,8,17,4483,,0,1212,,G,,0,0,000000000,00000000000,0,0,0,1,0,0,0,0,0,0,0,999,0,0,0,12,82,4,3,8,0,0,0,1,36,11576,6,1,0,0,3,3,70,999,0,0,0,0,0,0,0,0,0,0,0,0,0,0,3,8,99,1,1,2,2,0,0,1,13,1,1,2,13,0,0
36,361093,1,4,1,2,11,14,28,8,0,1,0,36,2,42,401,42401,14,2002,4JGAB54E02A2,4,J,G,A,B,5,4,E,0,2,A,2,0,P,MERZ,ML3,UT,2,17,0,,0,1110,,G,,0,0,000000000,00000000000,0,0,0,1,0,0,0,0,0,0,0,999,0,0,0,12,12,6,2,8,0,0,0,1,36,11218,6,1,0,0,3,3,66,999,0,0,0,0,0,0,0,0,0,0,38,0,0,0,1,2,30,1,1,2,1,3,3,11,15,99,1,1,13,0,0
36,361093,2,4,4,2,11,14,28,8,0,1,0,36,3,12,461,12461,22,2008,1FTNE24WX8DB,1,F,T,N,E,2,4,W,X,8,D,B,0,T,FORD,25V,CG,8,17,,2,0,1380,VAN,G,,0,0,000000000,00000000000,0,0,0,1,0,0,0,0,0,0,0,0,0,0,0,63,63,2,1,12,0,0,0,1,36,11219,6,1,6,0,3,0,74,999,0,0,0,0,0,0,0,0,0,0,0,0,0,0,1,2,30,1,1,2,1,3,3,5,62,99,1,1,98,0,0
36,361093,3,4,3,2,11,14,28,8,0,1,0,36,2,49,403,49403,14,2008,JTEES43AX820,J,T,E,E,S,4,3,A,X,8,2,0,0,P,TOYT,HIG,UT,8,17,4255,,0,1098,,G,,0,0,000000000,00000000000,0,0,0,1,0,0,0,0,0,0,0,0,0,0,0,12,12,4,3,12,0,0,0,1,36,11223,6,1,0,0,3,0,69,999,0,0,0,0,0,0,0,0,0,0,0,0,0,0,1,2,30,1,1,2,1,3,3,5,62,99,1,1,98,0,0
36,361093,4,4,3,2,11,14,28,8,0,1,0,36,2,37,31,37031,4,1995,JHMEH9696SS0,J,H,M,E,H,9,6,9,6,S,S,0,0,P,HOND,CEX,4D,95,17,2459,,0,1032,,G,,0,0,000000000,00000000000,0,0,0,1,0,0,0,0,0,0,0,0,0,0,0,12,12,4,3,12,0,0,0,1,36,11236,6,1,0,0,3,0,64,999,0,0,0,0,1,7,2009,7,2009,0,0,0,0,0,1,2,30,1,1,2,1,3,3,5,62,99,1,1,98,0,0
36,361094,1,1,1,14,11,9,0,8,0,1,0,36,1,7,20,7020,4,2000,1B3ES46C1YD8,1,B,3,E,S,4,6,C,1,Y,D,8,0,P,DODG,NSE,4D,0,17,2515,,0,1050,,G,,0,0,000000000,00000000000,0,0,0,1,0,0,0,0,0,0,0,999,0,0,0,12,12,2,1,8,0,0,0,1,36,10467,6,1,0,0,3,3,67,999,0,0,0,0,0,0,0,0,0,0,38,0,0,0,1,4,30,1,1,2,1,3,3,10,80,99,1,1,13,0,0
36,361095,1,1,1,26,11,15,9,8,0,1,1,36,1,7,24,7024,4,2006,2B3KA43G16H5,2,B,3,K,A,4,3,G,1,6,H,5,0,P,DODG,CTL,4D,6,17,3718,,0,1200,,G,,0,0,000000000,00000000000,0,0,0,1,0,0,0,0,0,0,0,999,0,0,0,12,12,6,2,8,0,0,0,1,36,10473,6,1,0,0,3,0,59,999,0,0,0,0,0,0,0,0,0,0,38,0,0,0,4,1,99,1,1,2,1,3,3,1,80,99,1,1,13,0,0
36,361096,1,1,1,19,11,1,28,33,0,1,0,36,2,35,47,35047,4,2005,1N4AL11D65C1,1,N,4,A,L,1,1,D,6,5,C,1,0,P,NISS,ASL,4D,5,17,2915,,0,1102,,G,,0,0,000000000,00000000000,0,0,0,1,0,0,0,0,0,0,0,999,0,0,0,12,6,6,2,42,0,0,0,1,36,11747,6,1,0,0,3,0,71,999,0,0,0,1,1,1,2010,3,2010,0,0,0,0,0,1,2,99,1,2,2,1,0,0,1,13,99,1,4,1,1,0
36,361097,1,1,1,29,11,17,40,8,0,1,0,36,3,7,20,7020,4,2002,1B3ES56C52D5,1,B,3,E,S,5,6,C,5,2,D,5,0,P,DODG,ESN,4D,2,17,2662,,0,1050,,G,,0,0,000000000,00000000000,0,0,0,1,0,0,0,0,0,0,0,999,0,0,0,12,12,2,3,8,0,0,0,1,36,10467,6,1,6,0,3,0,67,999,0,7,0,0,1,12,2007,8,2008,0,0,0,0,0,3,2,30,1,2,2,1,3,3,1,80,99,1,1,13,0,0
36,361098,1,2,1,17,11,14,15,12,6,1,0,36,1,63,34,63034,4,2006,KNAGE1231650,K,N,A,G,E,1,2,3,1,6,5,0,0,P,KIA,OLE,4D,6,17,3279,,0,1063,,G,,0,0,000000000,00000000000,0,0,0,1,0,0,0,0,0,0,0,999,0,0,0,12,12,6,2,12,0,0,0,1,36,11757,6,1,0,0,3,0,68,999,0,0,0,0,0,0,0,0,0,0,0,0,0,0,5,4,99,1,3,2,1,0,0,1,66,99,1,1,83,0,0
36,361098,2,2,1,17,11,14,15,12,6,1,0,36,2,35,47,35047,4,2000,1N4DL01D1YC1,1,N,4,D,L,0,1,D,1,Y,C,1,0,P,NISS,AGS,4D,0,17,2754,,0,1031,,G,,0,0,000000000,00000000000,0,0,0,1,0,0,0,0,0,0,0,999,0,0,0,11,9,6,2,12,0,0,0,1,36,11704,6,1,6,0,3,3,69,999,0,0,0,0,0,0,0,0,0,0,38,0,0,0,1,2,99,1,1,2,1,20,3,11,15,99,1,1,82,1,0
36,361099,1,1,2,14,11,16,51,33,0,1,0,36,1,14,17,14017,4,1998,1MEFM53S1WA6,1,M,E,F,M,5,3,S,1,W,A,6,0,P,MERC,SLP,4D,98,17,3299,,0,1085,,G,,0,0,000000000,00000000000,0,0,0,1,0,0,0,0,0,0,0,999,0,0,0,12,12,6,2,8,0,0,0,1,36,11365,6,1,6,0,3,0,71,999,0,1,0,0,0,8,2009,8,2009,0,0,0,0,0,4,4,99,1,1,2,1,0,0,1,13,99,1,4,1,0,0
36,361100,1,1,1,21,12,12,27,8,0,1,0,36,1,37,421,37421,15,2003,2HKYF18553H5,2,H,K,Y,F,1,8,5,5,3,H,5,0,P,HOND,PIL,UT,3,17,4439,,0,1063,,G,,0,0,000000000,00000000000,0,0,0,1,0,0,0,0,0,0,0,999,0,0,0,12,12,2,1,8,0,0,0,1,36,10461,6,1,0,0,3,3,72,999,0,0,0,0,0,0,0,0,0,0,86,0,0,0,1,2,30,1,1,2,1,0,0,1,80,1,1,1,13,0,0
36,361101,1,1,2,24,11,23,13,30,0,1,0,36,1,12,401,12401,14,1999,1FMZU24E4XUC,1,F,M,Z,U,2,4,E,4,X,U,C,0,P,FORD,EPR,UT,99,17,3898,,0,1017,,G,,0,0,000000000,00000000000,0,0,0,1,0,0,0,0,0,0,0,999,0,0,0,12,12,6,2,30,0,0,0,1,36,11940,6,1,0,0,3,0,66,999,0,0,0,0,0,0,0,0,0,0,0,0,0,0,1,2,99,1,1,2,1,0,0,1,12,99,1,4,6,1,1
36,361102,1,1,1,18,11,18,25,8,0,1,0,36,1,20,2,20002,4,2004,1G1ND52F64M6,1,G,1,N,D,5,2,F,6,4,M,6,0,P,CHEV,CLA,4D,4,17,3106,,0,1070,,G,,0,0,000000000,00000000000,0,0,0,1,0,0,0,0,0,0,0,999,0,0,0,12,12,6,2,8,0,0,0,1,36,11701,6,1,0,0,3,3,70,999,1,0,0,0,0,2,2009,2,2009,0,0,0,0,0,3,2,99,1,1,2,1,0,0,1,80,99,1,1,13,0,0
36,361103,1,1,1,28,8,16,19,5,0,1,0,36,1,72,709,72709,80,1978,2F62788H8,2,F,6,2,7,8,8,H,8,,,,0,P,,,,,,,,,,,,,0,0,000000000,00000000000,0,0,0,1,0,0,0,0,0,0,0,999,0,0,0,0,10,2,8,5,0,0,0,1,36,14120,6,1,6,0,3,3,68,999,1,0,0,0,0,5,2008,5,2008,0,85,0,0,0,1,2,99,2,3,2,1,0,0,14,62,7,1,4,0,1,0
36,361104,1,1,1,16,11,17,52,8,0,1,0,36,1,49,40,49040,4,2009,4T1BE46K79U8,4,T,1,B,E,4,6,K,7,9,U,8,0,P,TOYT,CBA,4D,9,17,3263,,0,1090,,G,,0,0,000000000,00000000000,0,0,0,1,0,0,0,0,0,0,0,999,0,0,0,12,12,0,1,8,0,0,0,1,36,11368,6,1,0,0,3,3,67,999,0,0,0,0,0,0,0,0,0,0,0,0,0,0,4,3,99,1,1,2,1,3,3,11,80,99,1,1,13,0,0
36,361105,1,2,1,27,11,22,29,8,0,1,0,36,2,35,51,35051,6,2010,JN8AS5MV6AW1,J,N,8,A,S,5,M,V,6,A,W,1,0,P,NISS,ROG,UT,10,17,3435,,0,1059,,G,,0,0,000000000,00000000000,0,0,0,1,0,0,0,0,0,0,0,999,0,0,0,12,12,2,1,8,0,0,0,1,36,11374,6,2,0,0,3,0,69,999,0,0,0,0,0,0,0,0,0,0,0,0,0,0,1,2,99,1,2,2,1,3,3,1,80,99,1,1,13,0,0
36,361105,2,2,1,27,11,22,29,8,0,1,0,36,1,35,39,35039,4,1998,JN1CA21D7WM9,J,N,1,C,A,2,1,D,7,W,M,9,0,P,NISS,MGS,4D,98,17,3026,,0,1063,,G,,0,0,000000000,00000000000,0,0,0,1,0,0,0,0,0,0,0,999,0,0,0,14,14,0,1,8,0,0,0,1,36,11375,6,1,0,0,3,3,66,999,0,0,0,0,0,0,0,0,0,0,0,0,0,0,1,2,99,1,2,2,1,3,3,1,80,99,1,1,98,0,0
36,361106,1,1,1,29,10,6,3,8,0,1,0,36,2,12,401,12401,14,2003,1FMDU73W43UA,1,F,M,D,U,7,3,W,4,3,U,A,0,P,FORD,EPR,UT,3,17,4094,,0,1137,,G,,0,0,000000000,00000000000,0,0,0,1,0,0,0,0,0,0,0,32,0,0,0,12,12,6,2,8,0,0,0,1,36,13502,6,1,0,0,3,0,61,999,1,0,0,0,0,11,2009,11,2009,0,0,0,0,0,1,4,30,1,1,2,2,0,0,1,80,99,1,1,13,0,0
36,361107,1,2,1,30,12,21,38,8,0,1,0,36,2,35,401,35401,14,2001,JN8DR09Y21W5,J,N,8,D,R,0,9,Y,2,1,W,5,0,P,NISS,PFI,UT,1,17,3997,,0,1063,,G,,0,0,000000000,00000000000,0,0,0,1,0,0,0,0,0,0,0,0,0,0,0,12,12,6,2,12,0,0,0,1,36,10466,6,1,0,0,3,0,66,999,1,0,0,1,1,12,2008,5,2010,0,0,0,0,0,2,2,99,1,1,2,10,0,0,5,51,1,1,1,98,0,0
36,361107,2,2,1,30,12,21,38,8,0,1,0,36,1,35,47,35047,4,2008,1N4AL21E28N4,1,N,4,A,L,2,1,E,2,8,N,4,0,P,NISS,ATS,4D,8,17,3028,,0,1093,,G,,0,0,000000000,00000000000,0,0,0,1,0,0,0,0,0,0,0,999,0,0,0,12,12,6,2,8,0,0,0,1,36,10465,6,1,0,0,3,0,71,999,0,0,0,0,0,0,0,0,0,0,86,0,0,0,2,2,99,1,1,2,10,0,0,1,80,1,1,1,13,0,0
36,361108,1,1,4,19,12,3,35,33,0,1,0,36,2,42,31,42031,4,1988,WDBEA30D7JA6,W,D,B,E,A,3,0,D,7,J,A,6,0,P,MERZ,30E,4D,88,17,3090,,0,1102,,G,,0,0,000000000,00000000000,0,0,0,1,0,0,0,0,0,0,0,999,0,0,0,12,5,6,2,42,0,0,0,1,36,11784,6,1,0,0,3,3,60,999,0,1,0,0,0,11,2008,11,2008,1,0,0,0,0,1,3,40,1,1,2,1,0,0,1,12,99,1,4,6,1,0
36,361109,1,1,1,1,12,20,30,8,0,1,0,36,1,20,401,20401,14,1996,1GNFK16R5TJ3,1,G,N,F,K,1,6,R,5,T,J,3,0,P,CHEV,K15,UT,96,17,5082,,0,1315,,G,,0,0,000000000,00000000000,0,0,0,1,0,0,0,0,0,0,0,999,0,0,0,12,12,6,2,8,0,0,0,1,36,11757,0,0,0,0,0,0,73,999,0,0,0,0,0,0,0,0,0,0,0,0,0,0,3,2,99,1,1,2,1,3,3,1,17,1,1,1,13,0,1
36,361110,1,1,1,10,11,22,28,8,0,1,0,36,1,49,43,49043,4,2000,4T1BF28B4YU0,4,T,1,B,F,2,8,B,4,Y,U,0,0,P,TOYT,UVS,4D,0,17,3335,,0,1071,,G,,0,0,000000000,00000000000,0,0,0,1,0,0,0,0,0,0,0,999,0,0,0,12,12,2,1,8,0,0,0,1,36,11590,6,1,6,0,3,0,74,999,0,0,0,0,0,0,0,0,0,0,0,0,0,0,4,1,99,1,1,2,1,0,0,1,80,99,1,1,13,0,0
36,361111,1,1,1,11,12,17,12,30,0,1,0,36,1,12,3,12003,2,2005,1ZVFT80N5551,1,Z,V,F,T,8,0,N,5,5,5,1,0,P,FORD,MUS,CP,5,17,3300,,0,1071,,G,,0,0,000000000,00000000000,0,0,0,1,0,0,0,0,0,0,0,999,0,0,0,12,12,6,2,30,0,0,0,1,36,11767,6,1,0,0,3,0,62,999,0,0,0,0,0,0,0,0,0,1,0,0,0,0,1,2,35,1,1,2,1,0,0,1,13,99,1,4,1,1,0
36,361112,1,1,2,18,12,18,4,8,0,1,0,36,1,35,47,35047,4,2004,1N4AL11D84C1,1,N,4,A,L,1,1,D,8,4,C,1,0,P,NISS,ABS,4D,4,17,2913,,0,1102,,G,,0,0,000000000,00000000000,0,0,0,1,0,0,0,0,0,0,0,999,0,0,0,12,12,6,2,8,0,0,0,1,36,11967,6,1,0,0,3,0,68,999,0,0,0,0,0,0,0,0,0,0,0,0,0,0,3,2,55,1,1,2,1,0,0,1,80,99,1,1,13,0,0
36,361113,1,2,1,17,12,22,20,12,2,1,0,36,3,20,461,20461,21,2011,1GCWGFFA6B11,1,G,C,W,G,F,F,A,6,B,1,1,0,T,CHEV,E25,CG,11,17,,2,0,1350,EXP,F,,0,0,000000000,00000000000,0,0,0,1,0,0,0,0,0,0,0,999,0,0,0,12,12,6,2,12,0,0,0,1,36,11772,6,1,0,0,3,0,70,999,0,0,0,0,0,0,0,0,0,0,0,0,0,0,1,2,99,3,1,2,1,0,0,14,62,99,1,1,51,1,0
36,361113,2,2,1,17,12,22,20,12,2,1,0,36,1,13,421,13421,15,2002,5LMFU28R12LJ,5,L,M,F,U,2,8,R,1,2,L,J,0,P,LINC,NAV,UT,2,17,5746,,0,1190,,G,,0,0,000000000,00000000000,0,0,0,1,0,0,0,0,0,0,0,999,0,0,0,12,12,6,2,12,0,0,0,1,36,11967,6,1,0,0,3,3,71,999,0,0,0,0,0,0,0,0,0,0,28,0,0,0,1,2,99,2,1,2,1,0,0,14,10,99,1,2,50,0,1
36,361114,1,2,1,4,12,11,40,12,6,1,0,36,1,12,461,12461,21,2003,1FTNE24W63HB,1,F,T,N,E,2,4,W,6,3,H,B,0,T,FORD,25V,CG,3,17,,2,0,1380,VAN,G,,0,0,000000000,00000000000,0,0,0,1,0,0,0,0,0,0,0,999,0,0,0,12,12,6,2,12,0,0,0,1,36,11757,6,1,0,0,3,3,69,999,0,4,0,0,1,9,2008,11,2009,0,0,0,0,0,1,4,35,1,1,1,1,0,0,1,66,99,1,1,98,0,0
36,361114,2,2,3,4,12,11,40,12,6,1,0,36,2,6,51,6051,4,2006,2C3LA53G66H2,2,C,3,L,A,5,3,G,6,6,H,2,0,P,CHRY,3TR,4D,6,17,3651,,0,1200,,G,,0,0,000000000,00000000000,0,0,0,1,0,0,0,0,0,0,0,999,0,0,0,9,9,6,2,12,0,0,0,1,36,11412,6,1,0,0,3,0,69,999,0,0,0,0,0,0,0,0,0,0,48,47,0,0,6,1,99,3,1,2,1,21,3,11,15,99,1,1,98,1,0
36,361115,1,1,2,4,12,8,28,33,0,1,0,36,2,49,40,49040,4,2003,4T1BE32K63U6,4,T,1,B,E,3,2,K,6,3,U,6,0,P,TOYT,UXS,4D,3,17,2993,,0,1071,,G,,0,0,000000000,00000000000,0,0,0,1,0,0,0,0,0,0,0,999,0,1,5,14,12,6,2,1,0,0,0,1,36,11758,6,1,0,0,3,0,67,999,1,0,0,0,0,8,2010,8,2010,1,0,0,0,0,1,4,35,1,1,2,1,0,0,1,6,99,4,4,7,2,0
36,361116,1,1,1,24,12,3,13,30,0,1,0,36,1,41,34,41034,2,1981,JM1FB3316B05,J,M,1,F,B,3,3,1,6,B,0,5,0,P,MAZD,RX7,CP,81,17,2345,,0,953,,G,,0,0,000000000,00000000000,0,0,0,1,0,0,0,0,0,0,0,999,0,0,0,9,9,6,2,30,0,0,0,1,36,12827,6,1,0,0,3,3,75,999,2,1,0,1,0,6,2008,7,2009,1,0,0,0,0,1,2,55,1,1,2,1,28,3,1,13,99,3,4,2,1,1
36,361117,1,2,4,29,12,21,5,12,6,1,0,36,2,49,401,49401,14,2000,JT3HN86R9Y03,J,T,3,H,N,8,6,R,9,Y,0,3,0,P,TOYT,RUN,UT,0,17,3885,,0,1053,,G,,0,0,000000000,00000000000,0,0,0,1,0,0,0,0,0,0,0,999,0,1,5,83,13,6,2,1,0,0,0,1,36,10956,6,1,0,0,3,3,73,999,0,0,0,0,0,0,0,0,0,1,28,87,52,0,1,2,55,2,6,2,3,0,0,14,5,99,4,2,66,1,0
36,361117,2,2,1,29,12,21,5,12,6,1,0,34,3,12,461,12461,21,2008,1FTSS34LX8DB,1,F,T,S,S,3,4,L,X,8,D,B,0,T,FORD,3SD,EC,8,17,,2,0,1380,VAN,G,,0,0,000000000,00000000000,0,0,0,1,0,0,0,0,0,0,0,999,0,0,0,12,12,6,2,12,0,0,0,1,36,10990,6,1,0,0,3,0,74,999,0,0,0,0,0,0,0,0,0,0,0,0,0,0,2,3,55,3,5,2,3,0,0,14,62,99,1,1,66,0,0
36,361118,1,1,1,21,12,11,25,52,0,1,0,36,1,49,401,49401,14,2002,JT3HN86R3203,J,T,3,H,N,8,6,R,3,2,0,3,0,P,TOYT,RUN,UT,2,17,4070,,0,1053,,G,,0,0,000000000,00000000000,0,0,0,1,0,0,0,0,0,0,0,999,0,0,0,12,12,6,2,42,0,0,0,1,36,11777,6,1,0,0,3,0,68,999,0,0,0,0,0,0,0,0,0,0,0,0,0,0,3,3,55,1,1,2,1,0,0,1,13,99,1,4,1,1,0
36,361119,1,1,1,31,12,16,56,5,0,1,0,36,2,76,734,76734,90,2003,JY4AM03Y23C0,J,Y,4,A,M,0,3,Y,2,3,C,0,0,M,YAMA,Y6W,AT,3,17,,,,,,,660,0,0,000000000,00000000000,0,0,0,1,0,0,0,0,0,0,0,999,0,0,0,0,0,2,1,5,0,0,0,1,36,11955,6,1,0,0,3,0,68,999,0,0,0,0,0,0,0,0,0,1,52,0,0,0,1,2,99,1,2,2,1,0,0,2,98,99,1,1,0,1,0
36,361120,1,1,1,7,12,6,5,8,0,1,0,36,3,86,881,86881,63,2005,1M2AG11C25M0,1,M,2,A,G,1,1,C,2,5,M,0,0,T,MACK,CV7,TM,5,17,,8,0,0,700,D,,0,99,999999999,99999999999,3,2,4,1,0,0,0,0,0,0,0,999,0,0,0,6,6,0,1,8,0,0,0,1,42,18322,6,1,6,0,3,3,72,999,0,1,0,0,1,9,2008,6,2010,0,31,0,0,0,4,3,30,1,1,2,1,3,3,13,80,99,1,1,98,0,0
36,361121,1,1,2,24,12,11,57,30,0,1,0,34,1,55,35,55035,4,2010,KMHDU4AD1AU0,K,M,H,D,U,4,A,D,1,A,U,0,0,P,HYUN,BGS,4D,10,17,2723,,0,1043,,G,,0,0,000000000,00000000000,0,0,0,1,0,0,0,0,0,0,0,999,0,1,5,12,12,6,2,1,0,0,0,1,34,8831,6,1,0,0,3,0,999,999,0,0,0,0,0,0,0,0,0,0,0,0,0,0,2,2,30,1,1,2,1,0,0,1,13,99,1,4,1,1,0
36,361122,1,1,1,7,12,18,44,8,0,1,1,99,9,99,999,99999,99,9999,999999999999,9,9,9,9,9,9,9,9,9,9,9,9,0,U,,,,9,17,,,,,,,,0,0,000000000,00000000000,0,0,0,1,0,0,0,0,0,0,0,999,0,0,0,12,12,9,1,8,0,0,0,1,99,99999,9,9,99,9,9,9,999,999,99,99,99,99,99,99,9999,99,9999,1,0,0,0,0,4,3,99,1,1,2,1,0,0,1,80,99,1,1,13,0,0
36,361123,1,1,1,26,12,10,50,8,0,1,0,34,1,49,40,49040,4,2004,4T1BE32K04U7,4,T,1,B,E,3,2,K,0,4,U,7,0,P,TOYT,UXS,4D,4,17,3086,,0,1071,,G,,0,0,000000000,00000000000,0,0,0,1,0,0,0,0,0,0,0,999,0,0,0,12,12,2,1,8,0,0,0,1,34,8724,6,1,0,0,3,3,60,999,0,0,0,0,0,0,0,0,0,0,38,87,0,0,1,2,30,1,1,2,2,0,0,1,80,99,1,1,13,0,0