STATE,ST_CASE,VEH_NO,VE_FORMS,NUMOCCS,DAY,MONTH,HOUR,MINUTE,HARM_EV,MAN_COLL,UNITTYPE,HIT_RUN,REG_STAT,OWNER,MAKE,MODEL,MAK_MOD,BODY_TYP,MOD_YEAR,VIN,VIN_1,VIN_2,VIN_3,VIN_4,VIN_5,VIN_6,VIN_7,VIN_8,VIN_9,VIN_10,VIN_11,VIN_12,TOW_VEH,VINTYPE,VINMAKE,VINA_MOD,VIN_BT,VINMODYR,VIN_LNGT,VIN_WGT,WGTCD_TR,WHLBS_LG,WHLBS_SH,SER_TR,FUELCODE,MCYCL_DS,J_KNIFE,MCARR_I1,MCARR_I2,MCARR_ID,GVWR,V_CONFIG,CARGO_BT,HAZ_INV,HAZ_PLAC,HAZ_ID,HAZ_CNO,HAZ_REL,BUS_USE,SPEC_USE,EMER_USE,TRAV_SP,UNDERIDE,ROLLOVER,ROLINLOC,IMPACT1,IMPACT2,DEFORMED,TOWED,M_HARM,VEH_SC1,VEH_SC2,FIRE_EXP,DR_PRES,L_STATE,DR_ZIP,L_STATUS,L_TYPE,CDL_STAT,L_ENDORS,L_COMPL,L_RESTRI,DR_HGT,DR_WGT,PREV_ACC,PREV_SUS,PREV_DWI,PREV_SPD,PREV_OTH,FIRST_MO,FIRST_YR,LAST_MO,LAST_YR,SPEEDREL,DR_SF1,DR_SF2,DR_SF3,DR_SF4,VTRAFWAY,VNUM_LAN,VSPD_LIM,VALIGN,VPROFILE,VPAVETYP,VSURCOND,VTRAFCON,VTCONT_F,P_CRASH1,P_CRASH2,P_CRASH3,PCRASH4,PCRASH5,ACC_TYPE,DEATHS,DR_DRINK
37,370013,2,2,2,9,1,18,5,12,6,1,0,37,1,12,481,12481,31,2004,2FTRX17244CA,2,F,T,R,X,1,7,2,4,4,C,A,0,T,FORD,HER,4C,4,17,,2,1570,1390,COF,G,,0,0,000000000,00000000000,0,0,0,1,0,0,0,0,0,0,0,0,0,0,0,11,11,6,2,12,0,0,0,1,37,27834,6,1,0,0,3,3,62,999,0,0,0,0,0,0,0,0,0,0,0,0,0,0,1,2,55,1,1,2,1,20,3,5,63,1,1,1,89,0,0
37,370014,1,1,3,4,1,2,10,42,0,1,0,37,2,34,37,34037,4,2004,WBAGN635X4DS,W,B,A,G,N,6,3,5,X,4,D,S,0,P,BMW,45L,4D,4,17,4464,,0,1232,,G,,0,0,000000000,00000000000,0,0,0,1,0,0,0,0,0,0,0,100,0,0,0,3,3,6,2,42,0,0,0,1,37,27207,6,1,0,0,3,3,66,999,0,0,0,0,2,9,2008,5,2009,1,36,58,0,0,2,2,55,1,1,2,1,0,0,1,9,1,1,4,6,3,1
37,370015,1,2,1,12,1,20,15,12,2,1,0,37,2,20,16,20016,2,2000,1G1JC1249Y71,1,G,1,J,C,1,2,4,9,Y,7,1,0,P,CHEV,CAV,CP,0,17,2617,,0,1041,,G,,0,0,000000000,00000000000,0,0,0,1,0,0,0,0,0,0,0,40,0,0,0,12,12,6,2,12,0,0,0,1,37,27341,6,1,0,0,3,3,69,999,0,0,0,0,0,0,0,0,0,0,0,0,0,0,1,2,55,1,1,2,1,0,0,1,62,1,1,1,51,0,0
37,370015,2,2,1,12,1,20,15,12,2,1,0,37,1,49,401,49401,14,1989,JT4RN62D4K02,J,T,4,R,N,6,2,D,4,K,0,2,0,P,TOYT,RUN,UT,89,17,0,,0,1030,,G,,0,0,000000000,00000000000,0,0,0,1,0,0,0,0,0,0,0,65,0,1,1,12,12,6,2,12,0,0,0,1,37,27341,6,1,0,0,3,3,66,999,0,3,2,0,0,5,2007,10,2008,1,28,0,0,0,1,2,55,1,1,2,1,0,0,1,10,1,1,2,50,1,1
37,370016,1,1,1,8,1,4,7,35,0,1,0,37,1,49,401,49401,14,1999,JT3HN87RXX01,J,T,3,H,N,8,7,R,X,X,0,1,0,P,TOYT,RUN,UT,99,17,3930,,0,1053,,G,,0,0,000000000,00000000000,0,0,0,1,0,0,0,0,0,0,0,60,0,1,5,12,12,6,2,1,0,0,0,1,37,27326,6,1,0,0,3,3,67,999,1,0,0,0,0,3,2007,3,2007,1,0,0,0,0,1,2,55,4,2,2,4,0,0,14,6,1,4,4,7,1,1
37,370017,1,2,4,7,1,15,36,12,1,1,0,37,2,12,481,12481,31,1998,1FTZX1767WNB,1,F,T,Z,X,1,7,6,7,W,N,B,0,T,FORD,F15,3C,98,17,,1,1570,1390,COF,G,,0,0,000000000,00000000000,0,0,0,1,0,0,0,0,0,0,0,0,0,0,0,6,6,4,1,12,0,0,0,1,37,28138,6,1,0,0,3,0,62,999,0,0,0,0,0,0,0,0,0,0,0,0,0,0,1,2,45,1,1,2,1,0,0,11,15,1,1,1,21,0,0
37,370017,2,2,2,7,1,15,36,12,1,1,0,37,1,20,16,20016,2,2001,1G1JC1243171,1,G,1,J,C,1,2,4,3,1,7,1,0,P,CHEV,CAV,CP,1,17,2617,,0,1041,,G,,0,0,000000000,00000000000,0,0,0,1,0,0,0,0,0,0,0,40,0,0,0,12,12,6,2,12,0,0,0,1,37,28071,6,1,0,0,3,0,67,999,3,0,0,0,0,5,2007,10,2009,1,54,0,0,0,1,2,45,1,1,2,1,0,0,1,50,1,1,1,20,1,0
37,370018,1,2,1,17,1,19,10,12,6,1,0,12,1,2,404,2404,14,1996,1J4FX58S2TC1,1,J,4,F,X,5,8,S,2,T,C,1,0,T,JEEP,LRO,4W,96,17,,1,0,1059,GCK,G,,0,0,000000000,00000000000,0,0,0,1,0,0,0,0,0,0,0,45,0,0,0,12,12,6,2,12,0,0,0,1,37,27539,6,1,0,0,3,0,66,999,0,0,0,1,0,2,2007,2,2007,0,0,0,0,0,1,2,45,1,1,2,2,0,0,1,62,1,1,2,66,0,0
37,370018,2,2,2,17,1,19,10,12,6,1,0,37,1,37,31,37031,2,2001,1HGEM22521L0,1,H,G,E,M,2,2,5,2,1,L,0,0,P,HOND,UCL,CP,1,17,2496,,0,1031,,G,,0,0,000000000,00000000000,0,0,0,1,0,0,0,0,0,0,0,45,0,0,0,3,3,6,2,12,0,0,0,1,37,27603,6,1,0,0,3,0,64,999,0,0,0,1,0,7,2007,7,2007,0,28,0,0,0,1,2,45,1,1,2,2,0,0,1,10,1,2,2,66,2,1
37,370019,1,2,2,7,1,16,44,12,6,1,0,37,1,12,471,12471,30,1993,1FTCR10U3PTA,1,F,T,C,R,1,0,U,3,P,T,A,0,T,FORD,RNG,PK,93,17,,1,1139,1079,RNG,G,,0,0,000000000,00000000000,0,0,0,1,0,0,0,0,0,0,0,55,0,0,0,12,12,6,2,12,0,0,0,1,37,28365,6,1,0,0,3,3,72,999,1,0,0,0,0,4,2007,4,2007,0,0,0,0,0,1,2,55,1,1,2,1,0,0,1,17,1,1,1,86,0,0
37,370019,2,2,1,7,1,16,44,12,6,1,0,37,1,12,481,12481,31,1994,1FTDF15Y8RNA,1,F,T,D,F,1,5,Y,8,R,N,A,0,T,FORD,F15,PK,94,17,,1,1330,1170,COF,G,,0,0,000000000,00000000000,0,0,0,1,0,0,0,0,0,0,0,5,0,1,1,3,3,6,2,12,0,0,0,1,37,27524,6,1,0,0,3,3,68,999,0,0,0,0,0,0,0,0,0,0,38,0,0,0,1,2,55,1,1,2,1,20,3,4,17,1,1,2,87,1,0
37,370020,1,2,0,16,1,4,45,12,6,1,0,37,6,12,481,12481,31,2008,1FTRW14W68FA,1,F,T,R,W,1,4,W,6,8,F,A,0,T,FORD,F1S,CW,8,17,,2,1500,1390,COF,G,,0,0,000000000,00000000000,0,0,0,1,0,0,0,0,0,0,0,0,0,1,1,11,11,6,2,12,0,0,0,0,,,,,,,,,999,,,,,,,,,,,,20,0,0,0,3,4,70,1,1,2,1,0,0,0,53,0,0,0,48,0,0
37,370020,2,2,3,16,1,4,45,12,6,1,0,54,2,20,9,20009,2,1989,1G1FP21S6KL1,1,G,1,F,P,2,1,S,6,K,L,1,0,P,CHEV,CAM,CP,89,17,3082,,0,1010,,G,,0,0,000000000,00000000000,0,0,0,1,0,0,0,0,0,0,0,80,0,0,0,12,12,6,2,12,0,0,0,1,54,25165,1,1,0,0,2,0,66,125,0,0,0,0,0,0,0,0,0,1,0,0,0,0,3,4,70,1,1,2,1,0,0,1,50,1,1,1,48,2,0
37,370021,1,2,1,6,1,18,12,12,2,1,0,37,1,7,402,7402,14,1999,1B4HS28Y2XF6,1,B,4,H,S,2,8,Y,2,X,F,6,0,P,DODG,DUR,UT,99,17,4397,,0,1159,,G,,0,0,000000000,00000000000,0,0,0,1,0,0,0,0,0,0,0,55,0,0,0,12,12,6,2,12,0,0,0,1,37,28714,6,1,0,0,3,0,68,999,0,0,0,0,0,0,0,0,0,0,28,36,0,0,1,2,55,1,1,2,1,0,0,1,10,1,1,2,50,0,0
37,370021,2,2,1,6,1,18,12,12,2,1,0,37,2,20,441,20441,20,1997,1GNDM19W8VB1,1,G,N,D,M,1,9,W,8,V,B,1,0,T,CHEV,AST,ES,97,17,,1,0,1110,AST,G,,0,0,000000000,00000000000,0,0,0,1,0,0,0,0,0,0,0,55,0,0,0,12,12,6,2,12,0,0,0,1,37,28714,1,1,0,0,2,0,61,999,0,0,0,0,0,0,0,0,0,0,0,0,0,0,1,2,55,1,1,2,1,0,0,1,62,1,1,1,51,1,1
37,370022,1,2,1,22,1,17,10,12,2,1,0,37,1,59,31,59031,4,1998,JT8BF28G6W50,J,T,8,B,F,2,8,G,6,W,5,0,0,P,LEXS,ES3,4D,98,17,3378,,0,1051,,G,,0,0,000000000,00000000000,0,0,0,1,0,0,0,0,0,0,0,55,0,0,0,12,12,6,2,12,0,0,0,1,37,28461,3,1,0,0,2,3,71,999,0,0,0,0,0,0,0,0,0,0,28,0,0,0,1,2,55,1,1,2,1,0,0,1,10,1,1,2,50,1,0
37,370022,2,2,1,22,1,17,10,12,2,1,0,37,2,20,481,20481,31,2004,2GCEK13T2414,2,G,C,E,K,1,3,T,2,4,1,4,0,T,CHEV,SK1,CW,4,17,,2,0,1435,SIL,G,,0,0,000000000,00000000000,0,0,0,1,0,0,0,0,0,0,0,55,0,0,0,12,12,6,2,12,0,0,0,1,37,28392,6,2,0,0,3,0,72,999,0,0,0,0,0,0,0,0,0,0,0,0,0,0,1,2,55,1,1,2,1,0,0,1,62,1,1,1,51,0,0
37,370023,1,1,1,23,1,2,19,1,0,1,0,37,1,37,32,37032,4,1994,JHMCD5667RC0,J,H,M,C,D,5,6,6,7,R,C,0,0,P,HOND,AEX,4D,94,17,2908,,0,1069,,G,,0,0,000000000,00000000000,0,0,0,1,0,0,0,0,0,0,0,65,0,9,1,0,0,6,2,1,0,0,0,1,37,28465,6,1,0,0,3,0,78,999,1,0,0,2,1,2,2008,1,2010,0,28,36,58,0,1,2,55,4,1,2,1,0,0,14,10,1,1,6,98,1,1
37,370024,1,1,2,17,1,20,13,42,0,1,0,37,1,12,3,12003,2,2002,1FAFP42X82F1,1,F,A,F,P,4,2,X,8,2,F,1,0,P,FORD,MGT,CP,2,17,3241,,0,1013,,G,,0,0,000000000,00000000000,0,0,0,1,0,0,0,0,0,0,0,90,0,0,0,9,9,6,2,42,0,0,0,1,37,28740,6,1,0,0,3,3,67,999,0,0,0,0,0,0,0,0,0,0,36,0,0,0,3,2,60,4,2,2,1,0,0,14,13,1,1,4,1,1,0
37,370025,1,1,2,18,1,14,49,42,0,1,0,37,2,12,481,12481,31,1999,1FTRX17W4XNC,1,F,T,R,X,1,7,W,4,X,N,C,0,T,FORD,F15,4C,99,17,,2,1571,1385,COF,G,,0,0,000000000,00000000000,0,0,0,1,0,0,0,0,0,0,0,90,0,0,0,12,3,6,2,42,0,0,0,1,37,28092,1,1,0,0,2,3,64,999,1,3,0,0,0,12,2007,12,2009,0,36,0,0,0,1,2,55,4,2,2,1,0,0,14,12,1,1,4,6,1,1
37,370026,1,2,1,13,1,14,16,12,6,1,0,37,3,23,881,23881,63,1997,1GDM7H1M8VJ5,1,G,D,M,7,H,1,M,8,V,J,5,0,T,GMC,7H4,CC,97,17,,7,2590,1450,CSR,G,,0,88,888888888,88888888888,3,1,2,2,2,1978,3,1,0,0,0,55,0,0,0,9,9,2,1,12,0,0,0,1,37,28376,6,1,6,3,3,3,73,999,1,0,0,0,0,10,2008,10,2008,0,48,0,0,0,1,2,55,1,1,2,1,0,0,11,15,1,1,1,72,0,0
37,370026,2,2,1,13,1,14,16,12,6,1,0,37,1,37,703,37703,80,2009,JH2MC13039K5,J,H,2,M,C,1,3,0,3,9,K,5,0,M,HOND,CMX,RS,9,17,,,,,,,234,0,0,000000000,00000000000,0,0,0,1,0,0,0,0,0,0,0,55,0,0,0,12,12,6,2,12,0,0,0,1,37,27587,6,1,0,0,3,3,66,999,0,0,0,2,1,7,2008,7,2009,0,0,0,0,0,1,2,55,1,1,2,1,0,0,6,51,1,1,2,73,1,0
37,370027,1,1,1,19,1,3,13,8,0,1,0,37,1,2,404,2404,14,1990,1J4FJ58L4LL2,1,J,4,F,J,5,8,L,4,L,L,2,0,T,JEEP,LAR,4W,90,17,,1,0,1014,CHK,G,,0,0,000000000,00000000000,0,0,0,1,0,0,0,0,0,0,0,65,0,0,0,12,12,6,2,8,0,0,0,1,36,14813,6,1,0,0,3,0,64,999,0,0,0,0,0,0,0,0,0,0,0,0,0,0,3,2,65,1,1,2,1,0,0,1,80,1,1,1,13,0,0
37,370028,1,2,1,13,1,16,21,12,6,1,0,37,1,85,881,85881,66,2001,1XKWDB9X41J8,1,X,K,W,D,B,9,X,4,1,J,8,1,T,KW,W90,DS,1,17,,8,2850,1600,CON,D,,1,99,999999999,99999999999,3,6,3,1,0,0,0,0,0,0,0,55,0,0,0,1,1,6,2,12,0,0,0,1,37,28634,6,1,6,9,3,0,66,999,0,0,0,0,0,0,0,0,0,0,0,0,0,0,1,2,55,1,4,2,1,0,0,1,65,6,1,1,79,0,0
37,370028,2,2,1,13,1,16,21,12,6,1,0,37,3,13,421,13421,15,2007,5LMFU28507LJ,5,L,M,F,U,2,8,5,0,7,L,J,0,P,LINC,NAV,UT,7,17,6070,,0,1190,,G,,0,0,000000000,00000000000,0,0,0,1,0,0,0,0,0,0,0,30,0,0,0,12,11,6,2,12,0,0,0,1,37,27028,1,1,1,0,2,3,70,999,0,1,1,0,0,12,2008,2,2009,0,39,0,0,0,1,2,55,1,1,2,1,20,3,10,16,1,1,1,78,1,0
37,370029,1,1,1,7,1,13,24,24,0,1,0,37,1,20,431,20431,16,1997,3GNGK26F0VG1,3,G,N,G,K,2,6,F,0,V,G,1,0,P,CHEV,K25,UT,97,17,0,,0,1315,,D,,0,0,000000000,00000000000,0,0,0,1,0,0,0,0,0,0,0,80,0,1,3,12,12,6,2,1,0,0,0,1,37,27886,6,1,0,0,3,0,74,999,1,0,0,0,1,1,2008,9,2008,0,58,0,0,0,3,3,65,4,1,2,1,0,0,14,12,1,1,4,6,1,0
37,370030,1,1,1,25,1,14,15,16,0,1,0,37,2,19,3,19003,4,2002,1G6KD54Y92U1,1,G,6,K,D,5,4,Y,9,2,U,1,0,P,CADI,DFW,4D,2,17,3978,,0,1153,,G,,0,0,000000000,00000000000,0,0,0,1,0,0,0,0,0,0,0,45,0,0,0,0,12,6,2,16,0,0,0,1,37,28164,6,1,0,0,3,0,67,999,0,0,0,0,0,0,0,0,0,0,0,0,0,0,1,2,45,4,2,2,1,0,0,14,98,1,1,1,0,1,0
37,370031,1,1,1,27,1,13,40,42,0,1,0,37,2,37,32,37032,4,1987,1HGCA5645HA0,1,H,G,C,A,5,6,4,5,H,A,0,0,P,HOND,LXI,4D,87,17,2535,,0,1024,,G,,0,0,000000000,00000000000,0,0,0,1,0,0,0,0,0,0,0,70,0,0,0,9,9,6,2,42,0,0,0,1,37,28034,1,1,0,0,2,0,70,999,0,1,0,0,1,12,2008,9,2009,1,0,0,0,0,1,2,55,1,1,2,1,0,0,1,9,1,2,4,2,1,1
37,370032,1,1,3,17,1,23,20,34,0,1,0,37,2,18,20,18020,4,2002,2G4WB55K6212,2,G,4,W,B,5,5,K,6,2,1,2,0,P,BUIC,RLS,4D,2,17,3438,,0,1090,,G,,0,0,000000000,00000000000,0,0,0,1,0,0,0,0,0,0,0,90,0,1,5,11,12,6,2,42,0,0,0,1,37,27937,6,1,0,0,3,3,66,999,0,0,0,0,0,0,0,0,0,0,36,58,0,0,1,2,55,1,1,2,2,0,0,1,9,1,2,4,2,2,1
37,370033,1,2,1,18,1,5,19,12,2,1,0,37,2,49,50,49050,3,2008,JTKDE167X802,J,T,K,D,E,1,6,7,X,8,0,2,0,P,TOYT,SXC,LB,8,17,2905,,0,1063,,G,,0,0,000000000,00000000000,0,0,0,1,0,0,0,0,0,0,0,55,0,0,0,12,12,6,2,12,0,0,0,1,37,27525,6,1,0,0,3,0,73,999,0,6,0,2,1,3,2007,12,2009,0,28,0,0,0,1,2,55,1,2,2,1,0,0,1,10,1,1,2,50,1,0
37,370033,2,2,1,18,1,5,19,12,2,1,0,37,1,12,473,12473,30,2005,1FMZU67K55UA,1,F,M,Z,U,6,7,K,5,5,U,A,0,P,FORD,EPR,UT,5,17,4095,,0,1259,,F,,0,0,000000000,00000000000,0,0,0,1,0,0,0,0,0,0,0,55,0,1,1,12,12,6,2,12,0,0,1,1,37,27544,6,1,0,0,3,0,72,999,0,0,0,0,0,0,0,0,0,0,0,0,0,0,1,2,55,1,2,2,1,0,0,1,62,1,4,2,51,0,0
37,370034,1,2,1,6,1,17,42,12,6,1,0,37,1,49,422,49422,15,2004,5TDZT34A14S2,5,T,D,Z,T,3,4,A,1,4,S,2,1,P,TOYT,SEQ,UT,4,17,5070,,0,1181,,G,,1,0,000000000,00000000000,0,0,0,1,0,0,0,0,0,0,0,40,0,0,0,3,3,2,1,12,0,0,0,1,37,27358,6,1,0,0,3,3,72,999,0,0,0,0,0,0,0,0,0,0,38,0,0,0,1,2,45,4,2,2,1,0,0,11,15,1,1,1,68,0,0
37,370034,2,2,1,6,1,17,42,12,6,1,0,37,1,73,703,73703,80,2007,JKAEXMF1X7DA,J,K,A,E,X,M,F,1,X,7,D,A,0,M,KAWK,EXF,RS,7,17,,,,,,,248,0,0,000000000,00000000000,0,0,0,1,0,0,0,0,0,0,0,45,0,0,0,12,12,6,2,12,0,0,0,1,37,27410,6,1,0,0,3,3,66,999,0,0,0,0,0,0,0,0,0,0,0,0,0,0,1,2,45,4,2,2,1,0,0,14,62,1,1,1,69,1,0
37,370035,1,1,5,2,1,16,13,53,0,1,0,37,1,12,481,12481,31,2004,1FTRW12W54KC,1,F,T,R,W,1,2,W,5,4,K,C,0,T,FORD,F1S,CW,4,17,,2,1450,1260,COF,G,,0,0,000000000,00000000000,0,0,0,1,0,0,0,0,0,0,0,110,0,1,1,12,13,6,2,1,0,0,0,1,37,28585,6,1,0,0,3,0,72,999,0,0,0,0,0,0,0,0,0,1,36,0,0,0,1,2,55,2,1,2,1,0,0,14,12,1,1,4,6,1,0
37,370036,1,1,1,12,1,23,56,53,0,1,0,37,1,54,36,54036,4,1996,JH4KA9651TC0,J,H,4,K,A,9,6,5,1,T,C,0,0,P,ACUR,35R,4D,96,17,3587,,0,1146,,G,,0,0,000000000,00000000000,0,0,0,1,0,0,0,0,0,0,0,90,0,1,2,12,13,6,2,1,0,0,0,1,37,27330,6,1,0,0,3,0,74,999,0,0,0,0,0,0,0,0,0,0,36,0,0,0,1,2,55,3,1,2,1,0,0,14,13,1,1,5,1,1,1
37,370037,1,1,1,17,1,1,0,34,0,1,0,37,2,59,34,59034,4,1999,JT8BD68S7X00,J,T,8,B,D,6,8,S,7,X,0,0,0,P,LEXS,GS3,4D,99,17,3638,,0,1102,,G,,0,0,000000000,00000000000,0,0,0,1,0,0,0,0,0,0,0,85,0,1,2,12,12,6,2,1,0,0,0,1,37,27332,6,1,0,0,3,0,63,999,1,0,0,0,1,8,2009,10,2009,1,39,0,0,0,1,2,55,1,1,2,2,0,0,1,13,1,1,5,1,1,1
37,370038,1,3,4,19,1,16,35,12,6,1,0,37,2,18,2,18002,4,1992,1G4HP53L2NH4,1,G,4,H,P,5,3,L,2,N,H,4,0,P,BUIC,LCF,4D,92,17,3417,,0,1108,,G,,0,0,000000000,00000000000,0,0,0,1,0,0,0,0,0,0,0,20,0,0,0,3,3,6,2,12,0,0,0,1,37,28572,6,2,0,0,3,3,70,999,0,0,0,0,0,0,0,0,0,0,38,0,0,0,1,2,55,4,1,2,99,0,0,11,15,1,2,2,68,1,0
37,370038,2,3,1,19,1,16,35,12,6,1,0,37,1,12,35,12035,4,2000,1FAFP663XYK1,1,F,A,F,P,6,6,3,X,Y,K,1,0,P,FORD,CSE,4D,0,17,2769,,0,1065,,G,,0,0,000000000,00000000000,0,0,0,1,0,0,0,0,0,0,0,55,0,0,0,12,12,6,2,12,0,0,0,1,37,28504,6,1,0,0,3,0,63,999,0,0,0,0,1,5,2009,5,2009,0,0,0,0,0,1,2,55,1,1,2,99,0,0,1,62,1,1,2,69,0,0
37,370038,3,3,1,19,1,16,35,12,6,1,0,37,1,35,47,35047,4,2002,1N4AL11D02C2,1,N,4,A,L,1,1,D,0,2,C,2,0,P,NISS,ABS,4D,2,17,2873,,0,1102,,G,,0,0,000000000,00000000000,0,0,0,1,0,0,0,0,0,0,0,30,0,0,0,10,11,4,1,12,0,0,0,1,37,28504,6,1,0,0,3,0,62,999,0,0,0,0,0,0,0,0,0,0,0,0,0,0,1,2,55,1,1,2,99,0,0,1,62,1,1,1,98,0,0
37,370039,1,2,1,20,1,11,38,12,6,1,0,37,2,51,881,51881,66,2004,4V4NC9TG24N3,4,V,4,N,C,9,T,G,2,4,N,3,1,T,VOLV,VNL,DS,4,17,,8,0,0,VVN,D,,1,57,680698,57680698,3,6,10,1,0,0,0,0,0,0,0,35,0,0,0,12,12,4,1,12,0,0,0,1,37,27341,6,1,6,9,3,0,71,999,0,0,0,0,0,0,0,0,0,0,0,0,0,0,1,2,40,1,1,2,1,0,0,1,66,1,1,1,88,0,0
37,370039,2,2,2,20,1,11,38,12,6,1,0,37,1,7,41,7041,4,2004,2B3AD46R84H7,2,B,3,A,D,4,6,R,8,4,H,7,0,P,DODG,ISE,4D,4,17,3329,,0,1130,,G,,0,0,000000000,00000000000,0,0,0,1,0,0,0,0,0,0,0,5,0,0,0,9,9,6,2,12,0,0,0,1,37,28353,6,1,0,0,3,3,72,999,0,0,0,0,0,0,0,0,0,0,38,0,0,0,1,2,55,1,1,2,1,20,3,1,17,1,1,2,89,1,0
37,370040,1,1,1,23,1,22,0,59,0,1,0,37,1,53,34,53034,4,2007,KL5JD56ZX7K5,K,L,5,J,D,5,6,Z,X,7,K,5,0,P,SUZI,FCP,4D,7,17,2700,,0,1024,,G,,0,0,000000000,00000000000,0,0,0,1,0,0,0,0,0,0,0,65,0,1,5,12,13,6,2,42,0,0,0,1,37,27243,1,1,0,0,2,3,60,999,0,2,0,0,2,12,2008,11,2009,0,99,99,99,99,3,4,65,1,1,2,1,0,0,1,13,1,1,4,1,1,0
37,370041,1,1,1,15,1,22,24,34,0,1,0,37,2,22,18,22018,4,2004,1G2NF52E74M5,1,G,2,N,F,5,2,E,7,4,M,5,0,P,PONT,SE1,4D,4,17,3066,,0,1070,,G,,0,0,000000000,00000000000,0,0,0,1,0,0,0,0,0,0,0,75,0,1,5,12,12,6,2,1,0,0,0,1,37,28340,6,1,0,0,3,0,68,999,0,1,0,0,0,11,2008,11,2008,1,0,0,0,0,1,2,55,1,1,2,1,0,0,1,13,1,1,5,1,1,1
37,370042,1,1,1,20,1,20,44,34,0,1,0,37,2,7,472,7472,31,2004,1D7HL48NX4S7,1,D,7,H,L,4,8,N,X,4,S,7,0,T,DODG,DQS,CW,4,17,,2,0,1309,DAK,G,,0,0,000000000,00000000000,0,0,0,1,0,0,0,0,0,0,0,35,0,0,0,1,1,6,2,34,0,0,0,1,37,28386,6,1,0,0,3,0,63,999,0,1,0,0,0,1,2008,1,2008,0,36,0,0,0,1,2,55,1,1,2,1,0,0,4,12,1,1,4,6,1,1
37,370043,1,2,1,5,1,14,53,12,6,1,0,45,2,54,35,54035,4,2003,19UUA56663A0,1,9,U,U,A,5,6,6,6,3,A,0,0,P,ACUR,32T,4D,3,17,3492,,0,1081,,G,,0,0,000000000,00000000000,0,0,0,1,0,0,0,0,0,0,0,10,0,0,0,1,1,4,1,12,0,0,0,1,45,29720,6,1,0,0,3,3,67,210,0,0,0,1,0,12,2008,12,2008,0,38,0,0,0,1,4,45,1,1,2,1,3,3,11,15,1,1,2,68,0,0
37,370043,2,2,1,5,1,14,53,12,6,1,0,37,1,53,706,53706,80,2005,JS1VT54A5521,J,S,1,V,T,5,4,A,5,5,2,1,0,M,SUZI,SK3,RS,5,17,,,,,,,996,0,0,000000000,00000000000,0,0,0,1,0,0,0,0,0,0,0,40,0,0,0,12,12,6,2,12,0,0,0,1,37,28110,6,1,0,0,3,3,71,999,1,0,0,0,2,1,2007,10,2009,0,0,0,0,0,1,4,45,1,1,2,1,3,3,1,66,4,1,2,69,1,0
37,370044,1,2,2,8,1,10,43,12,2,1,0,37,3,20,481,20481,31,2005,1GCHK29U05E2,1,G,C,H,K,2,9,U,0,5,E,2,0,T,CHEV,2KH,4C,5,17,,2,1575,1435,SIL,G,,0,0,000000000,00000000000,0,0,0,1,0,0,0,0,0,0,0,45,0,0,0,12,12,6,2,12,0,0,0,1,37,28110,6,1,0,0,3,3,72,999,0,0,0,0,0,0,0,0,0,0,28,0,0,0,1,2,45,1,2,2,1,0,0,1,10,1,1,2,50,0,0
37,370044,2,2,1,8,1,10,43,12,2,1,0,37,1,12,442,12442,20,1998,2FMZA5144WBD,2,F,M,Z,A,5,1,4,4,W,B,D,0,T,FORD,WWG,ES,98,17,,1,0,1207,WIN,G,,0,0,000000000,00000000000,0,0,0,1,0,0,0,0,0,0,0,45,0,0,0,12,12,6,2,12,0,0,0,1,37,28103,6,1,0,0,3,3,62,999,0,0,0,1,0,10,2009,10,2009,0,0,0,0,0,1,2,45,1,2,2,1,0,0,1,62,1,1,1,51,1,0
37,370045,1,2,2,21,1,19,1,12,6,1,0,37,2,20,473,20473,30,2008,1GCDS43E4882,1,G,C,D,S,4,3,E,4,8,8,2,0,T,CHEV,RD2,CW,8,17,,1,0,1260,CAL,G,,0,0,000000000,00000000000,0,0,0,1,0,0,0,0,0,0,0,50,0,0,0,12,12,6,2,12,0,0,0,1,37,28027,6,2,0,0,3,0,68,999,1,0,0,0,0,3,2009,3,2009,1,39,0,0,0,1,2,45,1,3,2,2,20,3,1,19,1,1,1,88,0,0
37,370045,2,2,1,21,1,19,1,12,6,1,0,37,2,14,37,14037,4,1999,1MEFM66L3XK6,1,M,E,F,M,6,6,L,3,X,K,6,0,P,MERC,MLS,4D,99,17,2824,,0,1065,,G,,0,0,000000000,00000000000,0,0,0,1,0,0,0,0,0,0,0,45,0,0,0,9,9,6,2,12,0,0,0,1,37,28110,6,1,0,0,3,0,68,999,0,0,0,0,1,9,2009,9,2009,0,0,0,0,0,1,2,45,4,3,2,2,0,0,14,68,1,1,1,89,1,0
37,370046,1,1,1,12,1,16,21,42,0,1,0,37,1,7,472,7472,30,1993,1B7FL26X7PS1,1,B,7,F,L,2,6,X,7,P,S,1,0,T,DODG,DAK,PK,93,17,,1,1239,1119,DAK,G,,0,0,000000000,00000000000,0,0,0,1,0,0,0,0,0,0,0,45,0,0,0,12,12,6,2,42,0,0,0,1,37,27501,6,1,0,0,3,0,71,999,0,0,0,0,0,0,0,0,0,0,0,0,0,0,1,4,45,1,2,2,1,0,0,1,13,1,1,4,1,1,0