STATE,ST_CASE,VEH_NO,VE_FORMS,NUMOCCS,DAY,MONTH,HOUR,MINUTE,HARM_EV,MAN_COLL,UNITTYPE,HIT_RUN,REG_STAT,OWNER,MAKE,MODEL,MAK_MOD,BODY_TYP,MOD_YEAR,VIN,VIN_1,VIN_2,VIN_3,VIN_4,VIN_5,VIN_6,VIN_7,VIN_8,VIN_9,VIN_10,VIN_11,VIN_12,TOW_VEH,VINTYPE,VINMAKE,VINA_MOD,VIN_BT,VINMODYR,VIN_LNGT,VIN_WGT,WGTCD_TR,WHLBS_LG,WHLBS_SH,SER_TR,FUELCODE,MCYCL_DS,J_KNIFE,MCARR_I1,MCARR_I2,MCARR_ID,GVWR,V_CONFIG,CARGO_BT,HAZ_INV,HAZ_PLAC,HAZ_ID,HAZ_CNO,HAZ_REL,BUS_USE,SPEC_USE,EMER_USE,TRAV_SP,UNDERIDE,ROLLOVER,ROLINLOC,IMPACT1,IMPACT2,DEFORMED,TOWED,M_HARM,VEH_SC1,VEH_SC2,FIRE_EXP,DR_PRES,L_STATE,DR_ZIP,L_STATUS,L_TYPE,CDL_STAT,L_ENDORS,L_COMPL,L_RESTRI,DR_HGT,DR_WGT,PREV_ACC,PREV_SUS,PREV_DWI,PREV_SPD,PREV_OTH,FIRST_MO,FIRST_YR,LAST_MO,LAST_YR,SPEEDREL,DR_SF1,DR_SF2,DR_SF3,DR_SF4,VTRAFWAY,VNUM_LAN,VSPD_LIM,VALIGN,VPROFILE,VPAVETYP,VSURCOND,VTRAFCON,VTCONT_F,P_CRASH1,P_CRASH2,P_CRASH3,PCRASH4,PCRASH5,ACC_TYPE,DEATHS,DR_DRINK
37,370120,2,2,1,23,2,7,53,12,2,1,0,37,1,35,401,35401,14,1994,JN8HD17S8RW2,J,N,8,H,D,1,7,S,8,R,W,2,0,P,NISS,PFI,UT,94,17,3497,,0,1043,,G,,0,0,000000000,00000000000,0,0,0,1,0,0,0,0,0,0,0,55,0,0,0,12,12,6,2,12,0,0,0,1,37,28379,6,1,0,0,3,0,69,999,2,0,0,0,2,1,2008,2,2010,0,28,0,0,0,1,2,55,1,3,2,1,0,0,1,10,1,1,2,50,1,0
37,370121,1,2,1,16,2,23,29,23,0,1,0,37,2,59,32,59032,4,2002,JTHBN30F8200,J,T,H,B,N,3,0,F,8,2,0,0,0,P,LEXS,L43,4D,2,17,3955,,0,1152,,G,,0,0,000000000,00000000000,0,0,0,1,0,0,0,0,0,0,0,75,0,0,0,11,11,6,2,12,0,0,0,1,45,29582,6,1,0,0,3,0,60,165,1,0,0,0,0,11,2009,11,2009,0,28,0,0,0,1,2,55,1,1,2,1,0,0,1,10,1,1,4,6,1,1
37,370121,2,2,1,16,2,23,29,23,0,1,0,37,3,23,461,23461,21,2001,1GDHG31R2119,1,G,D,H,G,3,1,R,2,1,1,9,0,T,GMC,SCT,YY,1,17,,2,1770,1390,STV,G,,0,0,000000000,00000000000,0,0,0,1,0,0,0,0,0,0,0,55,0,0,0,12,12,6,2,12,0,0,0,1,45,29569,6,1,0,0,3,0,71,270,0,0,0,0,0,0,0,0,0,0,0,0,0,0,1,2,55,1,1,2,1,0,0,1,62,1,1,1,98,0,0
37,370122,1,2,2,12,2,19,10,12,2,1,0,37,2,20,481,20481,31,1989,1GCDK14Z6KE2,1,G,C,D,K,1,4,Z,6,K,E,2,0,T,CHEV,GK1,PK,89,17,,1,1315,1175,GM4,G,,0,0,000000000,00000000000,0,0,0,1,0,0,0,0,0,0,0,65,0,0,0,12,12,6,2,12,0,0,0,1,37,28508,6,1,0,0,3,0,67,999,0,1,0,1,0,12,2007,4,2009,0,35,0,0,0,1,2,55,4,1,2,1,0,0,6,54,1,1,2,62,2,1
37,370122,2,2,2,12,2,19,10,12,2,1,0,37,3,12,461,12461,21,1994,1FDKE30M2RHB,1,F,D,K,E,3,0,M,2,R,H,B,0,T,FORD,35C,MY,94,17,,3,1760,1380,CTV,D,,0,0,000000000,00000000000,0,0,0,1,0,0,0,0,0,6,0,55,0,0,0,12,12,6,2,12,0,0,0,1,37,28366,6,1,6,0,3,1,66,999,0,0,0,1,0,9,2007,9,2007,0,0,0,0,0,1,2,55,4,1,2,1,0,0,14,62,1,1,1,62,0,0
37,370123,1,1,2,20,2,23,16,34,0,1,0,37,1,7,43,7043,4,2006,1B3EL46X36N1,1,B,3,E,L,4,6,X,3,6,N,1,0,P,DODG,SRX,4D,6,17,3106,,0,1080,,G,,0,0,000000000,00000000000,0,0,0,1,0,0,0,0,0,0,0,55,0,0,0,12,12,6,2,42,0,0,0,1,37,28385,6,1,0,0,3,3,67,999,0,0,0,0,0,0,0,0,0,0,0,0,0,0,1,2,55,4,1,2,1,0,0,14,12,1,1,4,6,1,0
37,370124,1,1,1,14,2,10,54,59,0,1,0,37,1,59,32,59032,4,1990,JT8UF11E1L00,J,T,8,U,F,1,1,E,1,L,0,0,0,P,LEXS,LS4,4D,90,17,3591,,0,1108,,G,,0,0,000000000,00000000000,0,0,0,1,0,0,0,0,0,0,0,65,0,1,3,12,12,6,2,1,0,0,0,1,37,27030,6,1,0,0,3,3,72,999,0,0,0,0,0,0,0,0,0,0,0,0,0,0,2,2,65,3,2,2,1,0,0,14,12,1,1,4,6,1,0
37,370125,1,1,1,6,3,3,55,34,0,1,0,37,2,12,3,12003,2,2000,1FAFP42X3YF1,1,F,A,F,P,4,2,X,3,Y,F,1,0,P,FORD,MGT,CP,0,17,3241,,0,1013,,G,,0,0,000000000,00000000000,0,0,0,1,0,0,0,0,0,0,0,100,0,1,2,12,12,6,2,1,0,0,0,1,37,28360,6,1,0,0,3,0,72,999,0,0,0,0,2,6,2008,1,2009,1,36,0,0,0,1,2,55,4,2,2,1,0,0,14,12,1,1,4,6,1,1
37,370126,1,1,1,8,3,1,35,59,0,1,0,37,2,12,13,12013,2,1987,1FABP1793HW2,1,F,A,B,P,1,7,9,3,H,W,2,0,P,FORD,EXL,CP,87,17,2291,,0,942,,G,,0,0,000000000,00000000000,0,0,0,1,0,0,0,0,0,0,0,65,0,1,5,3,3,6,2,1,0,0,0,1,37,28753,1,1,0,0,2,0,67,999,0,1,0,0,1,4,2007,1,2010,1,0,0,0,0,1,2,55,4,2,2,1,0,0,14,13,1,1,4,1,1,1
37,370127,1,1,3,6,3,16,7,18,0,1,0,45,1,12,481,12481,31,2007,1FTSW21P47EB,1,F,T,S,W,2,1,P,4,7,E,B,0,T,FORD,F2S,CW,7,17,,2,1720,1560,SRW,D,,0,0,000000000,00000000000,0,0,0,1,0,0,0,0,0,0,0,90,0,0,0,12,12,6,2,8,0,0,0,1,45,29582,1,1,0,0,2,0,71,170,0,1,0,1,0,5,2007,11,2009,1,28,36,89,0,1,2,55,4,1,2,1,0,0,14,12,1,1,4,6,0,1
37,370128,1,1,1,4,3,13,13,35,0,1,0,37,2,73,706,73706,80,2006,JKAZXCD126A0,J,K,A,Z,X,C,D,1,2,6,A,0,0,M,KAWK,Z10,RS,6,17,,,,,,,998,0,0,000000000,00000000000,0,0,0,1,0,0,0,0,0,0,0,100,0,0,0,12,12,6,2,35,0,0,0,1,37,28562,1,1,0,0,2,0,76,999,0,1,0,0,1,8,2008,4,2009,1,36,0,0,0,1,2,45,3,1,2,1,0,0,14,13,1,1,4,1,1,1
37,370129,1,1,1,3,3,23,15,30,0,1,0,37,2,34,35,34035,4,2007,WBANE53567CW,W,B,A,N,E,5,3,5,6,7,C,W,0,P,BMW,525,4D,7,17,3395,,0,1137,,G,,0,0,000000000,00000000000,0,0,0,1,0,0,0,0,0,0,0,55,0,0,0,12,12,6,2,30,0,0,0,1,37,28305,6,1,0,0,3,0,74,999,0,1,0,0,2,2,2008,10,2009,1,0,0,0,0,1,2,25,1,1,2,1,0,0,1,13,1,1,4,1,1,1
37,370130,1,1,2,3,3,21,8,32,0,1,0,37,2,37,31,37031,3,2000,2HGEJ6326YH1,2,H,G,E,J,6,3,2,6,Y,H,1,0,P,HOND,UCC,2H,0,17,2359,,0,1032,,G,,0,0,000000000,00000000000,0,0,0,1,0,0,0,0,0,0,0,90,0,1,5,12,9,6,2,42,0,0,0,1,37,27360,6,2,0,0,3,3,69,999,0,0,0,0,0,0,0,0,0,0,36,0,0,0,1,2,45,1,2,2,1,0,0,1,12,1,1,4,6,1,1
37,370131,1,1,2,7,3,4,15,24,0,1,0,37,1,54,31,54031,4,1995,JH4DB7666SS0,J,H,4,D,B,7,6,6,6,S,S,0,0,P,ACUR,ISE,4D,95,17,2696,,0,1031,,G,,0,0,000000000,00000000000,0,0,0,1,0,0,0,0,0,0,0,100,0,0,0,5,5,6,2,42,0,0,0,1,37,27295,6,1,0,0,3,3,68,999,0,2,0,0,1,10,2008,2,2010,0,36,0,0,0,1,2,45,4,1,2,1,0,0,14,12,1,1,4,6,2,1
37,370132,1,1,4,12,3,19,46,7,0,1,0,51,2,22,403,22403,14,2007,2CKDL63F6761,2,C,K,D,L,6,3,F,6,7,6,1,0,P,PONT,TOR,UT,7,17,3660,,0,1125,,G,,0,0,000000000,00000000000,0,0,0,1,0,0,0,0,0,0,0,70,0,0,0,0,0,6,2,7,0,0,0,1,51,24520,6,1,0,0,3,0,72,190,0,0,0,0,0,0,0,0,0,0,0,0,0,0,3,2,70,1,1,2,1,0,0,1,98,1,1,1,0,1,0
37,370133,1,2,2,6,3,1,14,12,1,1,0,37,2,12,17,12017,6,1997,1FALP57U6VG2,1,F,A,L,P,5,7,U,6,V,G,2,0,P,FORD,TAG,SW,97,17,3480,,0,1085,,G,,0,0,000000000,00000000000,0,0,0,1,0,0,0,0,0,0,0,85,0,1,1,6,12,6,2,42,0,0,0,1,37,27703,6,1,0,0,3,3,72,999,0,0,0,2,0,7,2008,12,2008,1,0,0,0,0,1,4,55,1,1,2,1,0,0,1,60,1,1,1,25,2,1
37,370133,2,2,1,6,3,1,14,12,1,1,1,37,9,20,401,20401,14,1995,1GNCS13W0SK2,1,G,N,C,S,1,3,W,0,S,K,2,0,P,CHEV,BZR,UT,95,17,3666,,0,1070,,G,,0,0,000000000,00000000000,0,0,0,1,0,0,0,0,0,0,0,85,0,0,0,12,11,2,1,12,0,0,0,1,99,99999,9,9,99,9,9,9,999,999,99,99,99,99,99,99,9999,99,9999,1,27,28,36,0,1,4,55,1,1,2,1,0,0,15,10,1,1,2,24,0,0
37,370134,1,2,1,10,3,13,35,12,6,1,0,37,3,85,881,85881,66,2000,1XKDD69X9YR8,1,X,K,D,D,6,9,X,9,Y,R,8,1,T,KW,T80,DS,0,17,,8,2600,1600,CON,D,,1,57,108700,57108700,3,6,1,1,0,0,0,0,0,0,0,55,0,1,2,12,12,6,2,12,0,0,0,1,37,27932,6,1,6,0,3,0,67,999,1,0,0,0,0,11,2007,11,2007,0,0,0,0,0,1,2,55,1,1,2,1,0,0,1,65,1,1,1,79,1,0
37,370134,2,2,1,10,3,13,35,12,6,1,0,37,1,20,20,20020,4,2000,2G1WL52J2Y13,2,G,1,W,L,5,2,J,2,Y,1,3,0,P,CHEV,LUM,4D,0,17,3330,,0,1075,,G,,0,0,000000000,00000000000,0,0,0,1,0,0,0,0,0,0,0,20,0,1,2,9,9,6,2,12,0,0,0,1,37,27948,6,1,0,0,3,3,70,999,0,0,0,0,0,0,0,0,0,0,38,0,0,0,1,2,55,1,1,2,1,20,3,10,16,1,1,1,78,0,0
37,370135,1,1,2,4,3,8,14,34,0,1,0,37,2,52,37,52037,3,2002,4A3AC44G32E0,4,A,3,A,C,4,4,G,3,2,E,0,0,P,MITS,EGS,2H,2,17,2944,,0,1008,,G,,0,0,000000000,00000000000,0,0,0,1,0,0,0,0,0,0,0,55,0,1,1,11,11,6,2,1,0,0,0,1,37,27565,6,2,0,0,3,3,62,999,0,1,0,0,0,4,2009,4,2009,1,58,0,0,0,1,2,55,4,1,2,1,0,0,14,13,1,2,4,2,1,0
37,370136,1,1,1,8,3,14,44,53,0,1,0,37,1,12,402,12402,14,2008,1FMCU03158KA,1,F,M,C,U,0,3,1,5,8,K,A,0,P,FORD,SPE,UT,8,17,3313,,0,1031,,G,,0,0,000000000,00000000000,0,0,0,1,0,0,0,0,0,0,0,55,0,0,0,12,12,6,2,42,0,0,0,1,37,27507,4,1,0,0,2,3,72,999,1,1,0,0,0,3,2009,6,2009,0,0,0,0,0,1,2,55,4,1,2,1,0,0,14,13,1,1,4,1,1,1
37,370137,1,1,2,7,3,13,8,1,0,1,0,37,2,20,431,20431,16,1996,3GNFK16R5TG1,3,G,N,F,K,1,6,R,5,T,G,1,0,P,CHEV,K15,UT,96,17,5082,,0,1315,,G,,0,0,000000000,00000000000,0,0,0,1,0,0,0,0,0,0,0,70,0,2,2,0,3,6,2,30,0,0,0,1,37,28551,6,1,0,0,3,3,70,999,0,1,0,0,0,9,2009,9,2009,1,0,0,0,0,1,2,55,4,1,2,1,0,0,14,13,1,1,4,1,1,1
37,370138,1,2,1,1,3,13,51,12,6,1,0,37,2,49,40,49040,4,2002,4T1BF32K92U5,4,T,1,B,F,3,2,K,9,2,U,5,0,P,TOYT,LXS,4D,2,17,3296,,0,1071,,G,,0,0,000000000,00000000000,0,0,0,1,0,0,0,0,0,0,0,10,0,0,0,7,7,6,2,12,0,0,0,1,37,28212,6,1,0,0,3,3,67,999,0,0,0,0,0,0,0,0,0,0,39,0,0,0,1,2,45,1,1,2,1,20,3,4,17,1,1,1,89,1,0
37,370138,2,2,2,1,3,13,51,12,6,1,0,37,1,12,3,12003,3,1989,1FABP41A2KF2,1,F,A,B,P,4,1,A,2,K,F,2,0,P,FORD,MLX,2H,89,17,2819,,0,1005,,G,,0,0,000000000,00000000000,0,0,0,1,0,0,0,0,0,0,0,55,0,0,0,12,12,4,1,12,0,0,0,1,37,28208,6,1,0,0,3,0,65,999,0,3,0,3,2,6,2007,2,2010,0,0,0,0,0,2,6,45,1,1,2,1,0,0,1,66,4,1,1,88,0,0
37,370139,1,1,1,6,3,12,20,23,0,1,0,37,1,20,481,20481,31,1994,1GCEK14K4RZ1,1,G,C,E,K,1,4,K,4,R,Z,1,0,T,CHEV,GK1,PK,94,17,,2,1315,1175,GM4,G,,0,0,000000000,00000000000,0,0,0,1,0,0,0,0,0,0,0,55,0,2,5,12,12,6,2,1,0,0,0,1,37,28740,6,1,6,0,3,0,73,999,0,0,0,0,0,0,0,0,0,0,0,0,0,0,1,2,55,4,1,2,1,0,0,14,13,1,1,4,1,1,0
37,370140,1,2,1,3,3,17,50,12,6,1,0,37,1,21,17,21017,4,1992,1G3AM54N4N64,1,G,3,A,M,5,4,N,4,N,6,4,0,P,OLDS,CSL,4D,92,17,2751,,0,1049,,G,,0,0,000000000,00000000000,0,0,0,1,0,0,0,0,0,0,0,45,0,0,0,3,3,6,2,12,0,0,0,1,37,27855,6,1,0,0,3,0,71,999,0,2,0,2,0,6,2008,6,2008,0,39,0,0,0,2,2,45,1,1,2,2,3,3,1,17,1,1,1,87,1,0
37,370140,2,2,1,3,3,17,50,12,6,1,0,37,1,20,481,20481,31,1998,1GCGK29R3WE1,1,G,C,G,K,2,9,R,3,W,E,1,0,T,CHEV,GK2,PC,98,17,,2,1555,1415,GM4,G,,0,0,000000000,00000000000,0,0,0,1,0,0,0,0,0,0,0,55,0,0,0,12,12,6,2,12,0,0,0,1,37,27855,6,1,0,0,3,0,73,999,0,0,0,0,0,0,0,0,0,0,0,0,0,0,2,2,55,1,1,2,2,3,3,1,66,1,1,1,86,0,0
37,370141,1,2,2,8,3,18,59,12,6,1,0,37,1,55,35,55035,4,1999,KMHJF25F9XU8,K,M,H,J,F,2,5,F,9,X,U,8,0,P,HYUN,ELL,4D,99,17,2560,,0,1004,,G,,0,0,000000000,00000000000,0,0,0,1,0,0,0,0,0,0,0,55,0,0,0,3,3,6,2,12,0,0,0,1,37,28539,6,1,0,0,3,3,72,999,0,0,0,0,0,0,0,0,0,0,39,0,0,0,2,2,55,1,1,2,1,0,0,11,15,1,1,1,68,1,0
37,370141,2,2,1,8,3,18,59,12,6,1,0,37,1,20,16,20016,2,1997,1G1JC1243VM1,1,G,1,J,C,1,2,4,3,V,M,1,0,P,CHEV,C/S,CP,97,17,2584,,0,1041,,G,,0,0,000000000,00000000000,0,0,0,1,0,0,0,0,0,0,0,55,0,0,0,12,12,6,2,12,0,0,0,1,37,28570,6,1,0,0,3,0,67,999,0,0,0,2,1,8,2009,2,2010,0,0,0,0,0,2,2,55,1,1,2,1,0,0,1,17,1,1,1,69,0,0
37,370142,1,2,4,6,3,12,39,12,2,1,0,37,1,49,401,49401,14,1997,JT3HN87R1V90,J,T,3,H,N,8,7,R,1,V,9,0,0,P,TOYT,RUN,UT,97,17,3940,,0,1053,,G,,0,0,000000000,00000000000,0,0,0,1,0,0,0,0,0,0,0,45,0,1,1,12,12,6,2,12,0,0,0,1,37,27263,6,1,0,0,3,3,69,999,0,0,0,0,1,2,2010,2,2010,0,0,0,0,0,1,2,45,1,1,2,1,4,3,1,66,1,1,1,69,0,0
37,370142,2,2,2,6,3,12,39,12,2,1,0,37,2,35,43,35043,2,1994,1N4EB32A6RC8,1,N,4,E,B,3,2,A,6,R,C,8,0,P,NISS,SXL,2D,94,17,2324,,0,957,,G,,0,0,000000000,00000000000,0,0,0,1,0,0,0,0,0,0,0,35,0,0,0,12,12,6,2,12,0,0,0,1,37,27263,6,7,0,0,3,3,70,999,0,0,0,0,0,0,0,0,0,0,38,0,0,0,1,2,45,1,1,2,1,4,3,11,15,1,1,1,68,1,0
37,370143,1,1,1,12,3,21,53,35,0,1,0,37,1,20,16,20016,2,1997,1G1JC1249V72,1,G,1,J,C,1,2,4,9,V,7,2,0,P,CHEV,C/S,CP,97,17,2584,,0,1041,,G,,0,0,000000000,00000000000,0,0,0,1,0,0,0,0,0,0,0,65,0,1,2,12,12,6,2,1,0,0,0,1,37,27341,6,1,0,0,3,0,70,999,1,0,0,0,0,1,2010,1,2010,1,0,0,0,0,1,2,55,4,3,2,2,0,0,14,12,1,1,4,6,1,1
37,370144,1,1,1,5,3,23,9,8,0,1,0,37,1,37,441,37441,20,2000,2HKRL1856YH5,2,H,K,R,L,1,8,5,6,Y,H,5,0,P,HOND,UDY,SV,0,17,4233,,0,1181,,G,,0,0,000000000,00000000000,0,0,0,1,0,0,0,0,0,0,0,55,0,0,0,12,1,6,2,8,0,0,0,1,37,28472,6,1,6,0,3,0,67,999,0,0,0,0,4,7,2008,2,2010,0,0,0,0,0,1,2,55,1,1,2,1,0,0,1,80,1,1,1,13,0,0
37,370145,1,1,1,9,3,0,1,53,0,1,0,37,2,20,37,20037,4,2007,1G1ZT68NX7F1,1,G,1,Z,T,6,8,N,X,7,F,1,0,P,CHEV,XLT,4D,7,17,3543,,0,1123,,G,,0,0,000000000,00000000000,0,0,0,1,0,0,0,0,0,0,0,65,0,2,4,12,61,6,2,1,0,0,0,1,37,28352,1,1,0,0,2,0,61,999,0,1,0,0,1,3,2009,11,2009,1,58,0,0,0,1,2,55,1,1,2,1,0,0,1,13,1,1,4,1,1,1
37,370146,1,7,1,1,3,8,40,12,1,1,0,37,3,84,881,84881,66,2007,2HSCEAPR57C4,2,H,S,C,E,A,P,R,5,7,C,4,1,T,INTL,92I,DS,7,17,,8,0,0,920,D,,1,57,11639160,5711639160,3,6,1,1,0,0,0,0,0,0,0,55,9,0,0,12,12,6,2,12,0,0,0,1,37,28382,6,1,6,9,3,0,72,999,0,0,0,0,0,0,0,0,0,1,0,0,0,0,3,4,65,1,2,2,1,0,0,1,52,1,1,1,28,0,0
37,370146,2,7,1,1,3,8,40,12,1,1,0,37,1,37,32,37032,6,1995,1HGCE1898SA0,1,H,G,C,E,1,8,9,8,S,A,0,0,P,HOND,AEX,SW,95,17,3096,,0,1069,,G,,0,0,000000000,00000000000,0,0,0,1,0,0,0,0,0,0,0,15,0,0,0,6,6,6,2,12,0,0,0,1,37,27615,6,1,0,0,3,3,72,999,0,0,0,0,0,0,0,0,0,0,0,0,0,0,3,4,65,1,2,2,1,0,0,2,18,1,1,1,29,1,0
37,370146,3,7,1,1,3,8,40,12,1,1,0,37,1,24,1,24001,4,1996,1G8ZK5279TZ2,1,G,8,Z,K,5,2,7,9,T,Z,2,0,P,STRN,SL2,4D,96,17,2350,,0,1024,,G,,0,0,000000000,00000000000,0,0,0,1,0,0,0,0,0,0,0,15,0,0,0,6,6,6,2,12,0,0,0,1,37,27610,6,1,0,0,3,3,66,999,0,0,0,1,0,1,2009,1,2009,0,0,0,0,0,3,4,65,1,2,2,1,0,0,2,18,1,1,1,98,0,0
37,370146,4,7,1,1,3,8,40,12,1,1,0,37,1,49,40,49040,4,1996,4T1BG12K2TU6,4,T,1,B,G,1,2,K,2,T,U,6,0,P,TOYT,DLX,4D,96,17,2932,,0,1031,,G,,0,0,000000000,00000000000,0,0,0,1,0,0,0,0,0,0,0,65,0,0,0,6,12,4,1,12,0,0,0,1,37,27603,6,1,0,0,3,3,66,999,1,0,0,0,0,10,2007,10,2007,0,0,0,0,0,3,4,65,1,2,2,1,0,0,1,53,1,1,1,98,0,0
37,370146,5,7,1,1,3,8,40,12,1,1,0,37,1,32,43,32043,4,2002,WAULT68EX2A1,W,A,U,L,T,6,8,E,X,2,A,1,0,P,AUDI,43Q,4D,2,17,3488,,0,1043,,G,,0,0,000000000,00000000000,0,0,0,1,0,0,0,0,0,0,0,65,0,0,0,5,5,2,1,12,0,0,0,1,37,27609,6,1,0,0,3,0,73,999,0,1,0,2,1,7,2009,2,2010,0,0,0,0,0,3,4,65,1,2,2,1,0,0,1,60,1,1,1,98,0,0
37,370146,6,7,1,1,3,8,40,12,1,1,0,37,1,35,39,35039,4,2002,JN1DA31D22T4,J,N,1,D,A,3,1,D,2,2,T,4,0,P,NISS,MGS,4D,2,17,3103,,0,1083,,G,,0,0,000000000,00000000000,0,0,0,1,0,0,0,0,0,0,0,55,0,0,0,6,6,2,1,12,0,0,0,1,37,27612,6,1,0,0,3,0,68,999,0,0,0,0,0,0,0,0,0,0,0,0,0,0,3,4,65,1,2,2,1,0,0,1,60,1,1,1,98,0,0
37,370146,7,7,1,1,3,8,40,12,1,1,0,37,1,7,24,7024,4,2009,2B3LA33V09H5,2,B,3,L,A,3,3,V,0,9,H,5,0,P,DODG,CHS,4D,9,17,3820,,0,1200,,G,,0,0,000000000,00000000000,0,0,0,1,0,0,0,0,0,0,0,70,0,0,0,18,18,2,1,54,0,0,0,1,47,37042,6,1,0,0,3,3,66,115,0,0,0,0,0,0,0,0,0,0,0,0,0,0,3,4,65,1,2,2,1,0,0,1,98,1,1,1,98,0,0
37,370147,1,2,1,2,3,16,10,12,6,1,0,37,1,12,3,12003,2,1999,1FAFP4043XF2,1,F,A,F,P,4,0,4,3,X,F,2,0,P,FORD,MUS,CP,99,17,3069,,0,1013,,G,,0,0,000000000,00000000000,0,0,0,1,0,0,0,0,0,0,0,55,0,0,0,3,3,6,2,12,0,0,0,1,37,28333,6,1,0,0,3,3,64,999,0,0,0,2,0,4,2008,7,2009,1,28,0,0,0,1,2,55,1,1,2,2,0,0,1,10,1,1,2,64,1,0
37,370147,2,2,1,2,3,16,10,12,6,1,0,37,2,12,481,12481,31,2002,1FTWW32FX2EA,1,F,T,W,W,3,2,F,X,2,E,A,1,T,FORD,F3D,CW,2,17,,3,1720,1560,DRW,D,,1,0,000000000,00000000000,0,0,0,1,0,0,0,0,0,0,0,55,0,0,0,12,12,6,2,12,0,0,0,1,37,27883,6,1,0,0,3,0,73,999,0,0,0,0,0,0,0,0,0,0,0,0,0,0,1,2,55,4,1,2,2,0,0,14,62,1,1,1,65,0,0
37,370148,1,1,2,2,3,16,33,34,0,1,0,37,1,20,32,20032,4,1995,1Y1SK5281SZ0,1,Y,1,S,K,5,2,8,1,S,Z,0,0,P,GEO,PRL,4D,95,17,2348,,0,971,,G,,0,0,000000000,00000000000,0,0,0,1,0,0,0,0,0,0,0,55,0,1,2,12,12,6,2,1,0,0,0,1,37,27530,0,0,0,0,0,0,70,999,0,0,0,0,0,0,0,0,0,1,0,0,0,0,1,2,55,4,2,2,2,0,0,14,13,1,1,4,1,1,0
37,370149,1,1,1,4,3,19,23,9,0,1,0,37,1,23,481,23481,31,1997,1GTEC19M2VE5,1,G,T,E,C,1,9,M,2,V,E,5,0,T,GMC,SC1,PC,97,17,,2,1555,1415,SIE,G,,0,0,000000000,00000000000,0,0,0,1,0,0,0,0,0,0,0,35,0,0,0,12,12,4,1,9,0,0,0,1,37,27530,6,1,6,0,3,0,71,999,0,0,0,0,0,0,0,0,0,0,0,0,0,0,1,2,45,1,1,2,1,0,0,1,83,1,1,1,13,0,0
37,370150,1,2,0,6,3,0,8,12,1,1,0,37,6,84,881,84881,63,1996,1HTSCABK6TH3,1,H,T,S,C,A,B,K,6,T,H,3,0,T,INTL,470,CC,96,17,,5,2540,1280,40S,D,,0,88,888888888,88888888888,3,1,96,1,0,0,0,0,0,0,0,0,0,0,0,6,6,6,2,12,0,0,0,0,,,,,,,,,999,,,,,,,,,,,,20,0,0,0,3,2,55,1,2,2,1,0,0,0,50,0,0,0,98,0,0
37,370150,2,2,1,6,3,0,8,12,1,1,0,37,3,12,481,12481,31,2008,1FTWW31R48ED,1,F,T,W,W,3,1,R,4,8,E,D,0,T,FORD,F3S,CW,8,17,,3,1720,1560,SRW,D,,0,0,000000000,00000000000,0,0,0,1,0,0,0,0,0,0,0,70,0,0,0,12,12,6,2,12,0,0,0,1,37,28580,6,1,0,0,3,0,71,999,2,0,0,0,0,8,2007,9,2009,1,0,0,0,0,3,2,55,1,2,2,1,0,0,1,50,1,1,1,98,1,0
37,370151,1,2,1,12,3,11,29,12,6,1,0,37,1,12,442,12442,20,1998,2FMZA514XWBC,2,F,M,Z,A,5,1,4,X,W,B,C,0,T,FORD,WWG,ES,98,17,,1,0,1207,WIN,G,,0,0,000000000,00000000000,0,0,0,1,0,0,0,0,0,0,0,5,0,0,0,9,9,6,2,12,0,0,0,1,37,27863,6,1,0,0,3,0,68,999,0,0,0,0,0,0,0,0,0,0,38,0,0,0,1,2,45,1,1,2,1,0,0,11,15,1,1,1,82,1,0
37,370151,2,2,1,12,3,11,29,12,6,1,0,37,2,12,401,12401,14,2004,1FMZU74W74ZA,1,F,M,Z,U,7,4,W,7,4,Z,A,0,P,FORD,EPR,UT,4,17,4094,,0,1137,,G,,0,0,000000000,00000000000,0,0,0,1,0,0,0,0,0,0,0,45,0,1,1,12,12,6,2,12,0,0,0,1,37,27534,6,1,0,0,3,0,68,999,1,0,0,0,0,5,2009,5,2009,0,0,0,0,0,1,2,45,1,1,2,1,0,0,1,72,1,1,1,83,0,0
37,370152,1,1,0,10,3,9,3,8,0,1,0,37,6,23,881,23881,61,2007,1GDE5E1967F4,1,G,D,E,5,E,1,9,6,7,F,4,0,T,GMC,C5E,CH,7,17,,5,2350,1690,C55,D,,0,88,888888888,88888888888,2,1,96,1,0,0,0,0,0,0,0,20,0,0,0,14,12,6,2,8,0,0,0,0,,,,,,,,,999,,,,,,,,,,,,0,0,0,0,1,2,35,4,2,2,2,0,0,0,98,0,0,0,98,0,0
37,370153,1,2,1,25,3,11,17,12,2,1,0,37,1,20,2,20002,4,2005,2G1WF52E7592,2,G,1,W,F,5,2,E,7,5,9,2,0,P,CHEV,IMP,4D,5,17,3389,,0,1105,,G,,0,0,000000000,00000000000,0,0,0,1,0,0,0,0,0,0,0,55,0,0,0,12,12,6,2,12,0,0,0,1,37,28467,6,1,0,0,3,3,75,999,0,0,0,0,0,0,0,0,0,0,28,36,0,0,1,2,55,1,1,2,1,0,0,1,10,1,1,2,50,1,0