STATE,ST_CASE,VEH_NO,VE_FORMS,NUMOCCS,DAY,MONTH,HOUR,MINUTE,HARM_EV,MAN_COLL,UNITTYPE,HIT_RUN,REG_STAT,OWNER,MAKE,MODEL,MAK_MOD,BODY_TYP,MOD_YEAR,VIN,VIN_1,VIN_2,VIN_3,VIN_4,VIN_5,VIN_6,VIN_7,VIN_8,VIN_9,VIN_10,VIN_11,VIN_12,TOW_VEH,VINTYPE,VINMAKE,VINA_MOD,VIN_BT,VINMODYR,VIN_LNGT,VIN_WGT,WGTCD_TR,WHLBS_LG,WHLBS_SH,SER_TR,FUELCODE,MCYCL_DS,J_KNIFE,MCARR_I1,MCARR_I2,MCARR_ID,GVWR,V_CONFIG,CARGO_BT,HAZ_INV,HAZ_PLAC,HAZ_ID,HAZ_CNO,HAZ_REL,BUS_USE,SPEC_USE,EMER_USE,TRAV_SP,UNDERIDE,ROLLOVER,ROLINLOC,IMPACT1,IMPACT2,DEFORMED,TOWED,M_HARM,VEH_SC1,VEH_SC2,FIRE_EXP,DR_PRES,L_STATE,DR_ZIP,L_STATUS,L_TYPE,CDL_STAT,L_ENDORS,L_COMPL,L_RESTRI,DR_HGT,DR_WGT,PREV_ACC,PREV_SUS,PREV_DWI,PREV_SPD,PREV_OTH,FIRST_MO,FIRST_YR,LAST_MO,LAST_YR,SPEEDREL,DR_SF1,DR_SF2,DR_SF3,DR_SF4,VTRAFWAY,VNUM_LAN,VSPD_LIM,VALIGN,VPROFILE,VPAVETYP,VSURCOND,VTRAFCON,VTCONT_F,P_CRASH1,P_CRASH2,P_CRASH3,PCRASH4,PCRASH5,ACC_TYPE,DEATHS,DR_DRINK
37,370153,2,2,1,25,3,11,17,12,2,1,0,37,1,49,40,49040,4,2007,JTNBB46K0730,J,T,N,B,B,4,6,K,0,7,3,0,0,P,TOYT,CHY,4D,7,17,3680,,0,1093,,B,,0,0,000000000,00000000000,0,0,0,1,0,0,0,0,0,0,0,55,0,0,0,12,12,6,2,12,0,0,0,1,37,28469,6,1,0,0,3,3,70,999,0,0,0,1,0,3,2008,3,2008,0,0,0,0,0,1,2,55,1,1,2,1,0,0,1,62,1,1,1,51,1,0
37,370154,1,1,1,20,3,15,17,41,0,1,0,37,1,37,35,37035,1,2000,JHMAP1140YT0,J,H,M,A,P,1,1,4,0,Y,T,0,0,P,HOND,S20,CV,0,17,2809,,0,945,,G,,0,0,000000000,00000000000,0,0,0,1,0,0,0,0,0,0,0,75,0,0,0,12,12,6,2,42,0,0,0,1,37,28630,6,1,0,0,3,0,72,999,1,2,0,4,1,5,2007,1,2009,0,36,0,0,0,1,2,55,1,2,2,99,0,0,1,13,1,1,4,1,1,0
37,370155,1,1,5,17,3,7,30,9,0,1,0,37,2,35,43,35043,4,1995,1N4AB41D4SC7,1,N,4,A,B,4,1,D,4,S,C,7,0,P,NISS,XGU,4D,95,17,2324,,0,998,,G,,0,0,000000000,00000000000,0,0,0,1,0,0,0,0,0,0,0,55,0,0,0,2,1,6,2,9,0,0,0,1,37,28027,6,1,0,0,3,0,61,999,0,0,0,0,1,7,2008,7,2008,1,86,0,0,0,3,2,55,1,1,2,1,0,0,1,80,1,1,1,13,0,0
37,370156,1,1,3,23,3,18,25,9,0,1,0,37,1,20,473,20473,30,2006,1GCDS1967682,1,G,C,D,S,1,9,6,7,6,8,2,0,T,CHEV,RDO,4C,6,17,,1,0,1260,CAL,G,,0,0,000000000,00000000000,0,0,0,1,0,0,0,0,0,0,0,25,0,0,0,12,12,2,1,9,0,0,0,1,37,28645,6,1,0,0,3,0,70,999,0,0,0,0,0,0,0,0,0,0,0,0,0,0,1,2,35,1,1,2,1,0,0,1,83,1,1,1,13,0,0
37,370157,1,2,1,19,3,20,3,12,2,1,0,37,2,2,404,2404,14,2004,1J4GW48N74C1,1,J,4,G,W,4,8,N,7,4,C,1,0,T,JEEP,LCF,4W,4,17,,1,0,1059,GCK,G,,0,0,000000000,00000000000,0,0,0,1,0,0,0,0,0,0,0,45,0,0,0,12,12,4,8,12,0,0,0,1,37,28658,3,1,0,0,2,0,63,999,0,0,0,0,1,2,2010,2,2010,0,28,36,0,0,1,4,45,1,1,2,1,0,0,1,10,1,1,2,50,1,1
37,370157,2,2,3,19,3,20,3,12,2,1,0,37,2,6,441,6441,20,1997,1C4GP64L1VB2,1,C,4,G,P,6,4,L,1,V,B,2,0,P,CHRY,TWC,SV,97,17,4059,,0,1193,,G,,0,0,000000000,00000000000,0,0,0,1,0,0,0,0,0,0,0,45,0,0,0,12,12,6,2,12,0,0,0,1,37,28610,6,1,0,0,3,0,59,999,0,0,0,0,0,0,0,0,0,0,0,0,0,0,1,4,45,1,1,2,1,0,0,1,62,1,1,1,51,0,0
37,370158,1,1,1,27,3,17,38,35,0,1,0,37,2,12,23,12023,4,2010,3FAHP0HA5AR1,3,F,A,H,P,0,H,A,5,A,R,1,0,P,FORD,F/E,4D,10,17,3285,,0,1074,,G,,0,0,000000000,00000000000,0,0,0,1,0,0,0,0,0,0,0,25,0,0,0,12,11,2,9,35,0,0,0,1,37,27344,6,1,0,0,3,3,69,999,0,0,0,0,0,0,0,0,0,0,0,0,0,0,1,2,55,4,2,2,1,0,0,11,13,1,1,4,1,1,0
37,370159,1,1,2,28,3,15,2,42,0,1,0,37,1,49,422,49422,15,2002,5TDBT48A12S0,5,T,D,B,T,4,8,A,1,2,S,0,0,P,TOYT,SEQ,UT,2,17,5295,,0,1181,,G,,0,0,000000000,00000000000,0,0,0,1,0,0,0,0,0,0,0,50,0,0,0,12,12,6,2,42,0,0,0,1,37,28136,6,1,0,0,3,0,70,999,0,0,0,1,0,5,2007,5,2007,0,28,58,0,0,1,2,55,1,1,2,2,0,0,1,12,1,1,4,6,1,0
37,370160,1,1,1,9,3,22,23,34,0,1,0,37,1,20,36,20036,2,2007,2G1WL15C1793,2,G,1,W,L,1,5,C,1,7,9,3,0,P,CHEV,MSS,CP,7,17,3549,,0,1105,,G,,0,0,000000000,00000000000,0,0,0,1,0,0,0,0,0,0,0,80,0,1,2,12,12,6,2,1,0,0,0,1,37,28463,6,1,6,0,3,3,73,999,0,0,0,2,0,11,2009,1,2010,1,0,0,0,0,1,2,55,4,1,2,1,0,0,14,13,1,1,4,1,1,1
37,370161,1,2,2,16,3,18,35,12,2,1,0,37,2,12,13,12013,3,1994,1FARP11J5RW1,1,F,A,R,P,1,1,J,5,R,W,1,0,P,FORD,EST,2H,94,17,2325,,0,984,,G,,0,0,000000000,00000000000,0,0,0,1,0,0,0,0,0,0,0,55,0,0,0,12,12,6,2,12,0,0,0,1,37,28472,1,1,0,0,2,0,70,999,0,0,0,0,0,0,0,0,0,0,28,0,0,0,1,2,55,1,1,2,1,0,0,1,10,1,1,2,50,1,1
37,370161,2,2,1,16,3,18,35,12,2,1,0,37,2,12,481,12481,31,2000,1FTRX18L4YNA,1,F,T,R,X,1,8,L,4,Y,N,A,0,T,FORD,F15,4C,0,17,,2,1574,1388,COF,G,,0,0,000000000,00000000000,0,0,0,1,0,0,0,0,0,0,0,55,0,0,0,12,12,6,2,12,0,0,0,1,37,28472,6,2,0,0,3,3,70,999,0,0,0,0,0,0,0,0,0,0,0,0,0,0,1,2,55,1,1,2,1,0,0,1,62,1,1,1,51,0,0
37,370162,1,1,1,28,3,21,13,9,0,1,0,37,2,20,403,20403,14,2003,1GNDS13S3323,1,G,N,D,S,1,3,S,3,3,2,3,0,P,CHEV,TRL,UT,3,17,4417,,0,1130,,G,,0,0,000000000,00000000000,0,0,0,1,0,0,0,0,0,0,0,50,0,0,0,12,12,2,1,9,0,0,0,1,37,28438,6,1,0,0,3,0,72,999,0,0,0,0,0,0,0,0,0,0,0,0,0,0,1,2,55,1,1,2,2,0,0,1,83,1,1,1,13,0,1
37,370163,1,2,1,11,3,7,54,12,6,1,0,37,3,84,881,84881,63,2000,1HTSCAAN6YH6,1,H,T,S,C,A,A,N,6,Y,H,6,0,T,INTL,470,CC,0,17,,7,2540,1280,40S,D,,0,57,016208,57016208,3,1,1,1,0,0,0,0,0,0,0,50,0,0,0,12,12,6,2,12,0,0,0,1,37,28382,6,1,6,0,3,0,70,999,0,0,0,0,0,0,0,0,0,0,0,0,0,0,1,2,55,1,1,2,2,0,0,1,63,6,1,2,66,0,0
37,370163,2,2,1,11,3,7,54,12,6,1,0,37,1,6,52,6052,6,2003,3C4FY48B33T6,3,C,4,F,Y,4,8,B,3,3,T,6,0,P,CHRY,PTC,SV,3,17,3049,,0,1030,,G,,0,0,000000000,00000000000,0,0,0,1,0,0,0,0,0,0,0,55,0,0,0,9,9,6,2,12,0,0,0,1,37,28312,6,1,0,0,3,0,70,999,0,0,0,0,0,0,0,0,0,0,28,58,0,0,1,2,55,1,1,2,2,0,0,1,10,1,2,2,66,1,0
37,370164,1,1,2,2,3,22,56,34,0,1,0,37,1,7,402,7402,14,2001,1B4HS28N91F5,1,B,4,H,S,2,8,N,9,1,F,5,0,P,DODG,DUR,UT,1,17,4512,,0,1159,,G,,0,0,000000000,00000000000,0,0,0,1,0,0,0,0,0,0,0,60,0,0,0,12,11,6,2,42,0,0,0,1,37,28362,6,1,0,0,3,0,59,999,0,0,0,1,2,3,2007,2,2010,1,0,0,0,0,1,2,60,1,1,2,3,0,0,1,6,1,2,4,7,1,0
37,370165,1,1,1,18,3,7,28,8,0,1,0,37,1,12,24,12024,6,2009,2FMDK39C09BA,2,F,M,D,K,3,9,C,0,9,B,A,0,P,FORD,EDG,UT,9,17,4078,,0,1112,,G,,0,0,000000000,00000000000,0,0,0,1,0,0,0,0,0,0,0,30,0,0,0,12,12,2,1,8,0,0,0,1,37,27021,6,1,0,0,3,3,68,999,1,0,0,0,0,4,2009,4,2009,0,0,0,0,0,1,4,45,1,2,2,1,3,3,1,80,1,1,1,13,0,0
37,370166,1,1,1,22,3,7,16,21,0,1,0,37,2,12,481,12481,31,2006,1FTRF12276NB,1,F,T,R,F,1,2,2,7,6,N,B,0,T,FORD,F15,PK,6,17,,2,1450,1260,COF,G,,0,0,000000000,00000000000,0,0,0,1,0,0,0,0,0,0,0,85,0,0,0,12,12,6,2,21,0,0,0,1,37,27298,6,1,0,0,3,3,72,999,0,0,0,0,1,6,2008,6,2008,1,0,0,0,0,6,2,65,1,1,2,1,0,0,1,12,1,1,4,6,1,0
37,370167,1,1,4,28,3,7,5,1,0,1,0,9,1,14,401,14401,14,2003,4M2ZU86W53ZJ,4,M,2,Z,U,8,6,W,5,3,Z,J,0,P,MERC,MOU,UT,3,17,4170,,0,1138,,G,,0,0,000000000,00000000000,0,0,0,1,0,0,0,0,0,0,0,90,0,2,3,0,13,6,2,1,0,0,0,1,9,6854,6,1,0,0,3,3,61,999,98,0,0,0,0,0,0,0,0,1,58,0,0,0,3,2,70,1,1,2,1,0,0,1,6,1,4,4,7,2,0
37,370168,1,1,1,25,3,20,30,42,0,1,0,37,2,12,13,12013,4,1993,3FAPP13J6PR1,3,F,A,P,P,1,3,J,6,P,R,1,0,P,FORD,LXE,4D,93,17,2364,,0,984,,G,,0,0,000000000,00000000000,0,0,0,1,0,0,0,0,0,0,0,65,0,0,0,3,3,6,2,42,0,0,0,1,37,28376,0,0,0,0,0,0,999,999,0,0,0,1,2,3,2008,2,2010,0,36,0,0,0,1,2,55,4,1,2,1,0,0,14,12,1,1,4,6,1,1
37,370169,1,1,1,6,3,11,11,32,0,1,0,37,1,35,39,35039,4,2000,JN1CA31DXYT5,J,N,1,C,A,3,1,D,X,Y,T,5,0,P,NISS,MGS,4D,0,17,3071,,0,1083,,G,,0,0,000000000,00000000000,0,0,0,1,0,0,0,0,0,0,0,50,0,0,0,12,12,6,2,42,0,0,0,1,37,28625,6,1,0,0,3,0,69,999,0,0,0,0,0,0,0,0,0,0,36,0,0,0,1,2,35,4,2,2,1,0,0,14,13,1,1,4,1,1,0
37,370170,1,1,2,29,3,7,1,1,0,1,0,37,2,20,16,20016,4,1998,1G1JC5242W72,1,G,1,J,C,5,2,4,2,W,7,2,0,P,CHEV,CAV,4D,98,17,2630,,0,1041,,G,,0,0,000000000,00000000000,0,0,0,1,0,0,0,0,0,0,0,55,0,2,2,0,0,6,2,1,0,0,0,1,37,27501,6,1,0,0,3,0,74,999,0,1,0,0,0,2,2010,2,2010,1,0,0,0,0,1,2,55,1,4,2,6,0,0,1,6,1,9,4,2,2,0
37,370171,1,1,1,20,3,21,55,1,0,1,0,37,1,73,706,73706,80,2009,JKBZGNA149A0,J,K,B,Z,G,N,A,1,4,9,A,0,0,M,KAWK,ZGA,RS,9,17,,,,,,,1352,0,0,000000000,00000000000,0,0,0,1,0,0,0,0,0,0,0,85,0,0,0,0,3,6,2,1,0,0,0,1,37,28804,6,1,0,0,3,0,70,999,0,0,0,0,0,0,0,0,0,1,0,0,0,0,3,2,70,4,2,2,1,0,0,14,13,1,1,4,1,1,0
37,370172,1,2,2,21,3,15,3,12,6,1,0,37,2,12,3,12003,2,2008,1ZVHT82H2851,1,Z,V,H,T,8,2,H,2,8,5,1,0,P,FORD,MGT,CP,8,17,3450,,0,1071,,G,,0,0,000000000,00000000000,0,0,0,1,0,0,0,0,0,0,0,95,0,0,0,9,9,6,2,12,0,0,0,1,37,28645,6,1,0,0,3,0,67,999,0,0,0,0,0,0,0,0,0,1,28,36,0,0,1,4,50,1,2,2,2,0,0,1,6,1,4,2,66,2,0
37,370172,2,2,2,21,3,15,3,12,6,1,0,12,1,6,51,6051,4,2006,2C3LA63H16H2,2,C,3,L,A,6,3,H,1,6,H,2,0,P,CHRY,30C,4D,6,17,3980,,0,1200,,G,,0,0,000000000,00000000000,0,0,0,1,0,0,0,0,0,0,0,50,0,0,0,12,12,6,2,12,0,0,0,1,12,32136,6,1,0,0,3,3,69,999,0,0,0,2,0,12,2007,3,2009,0,0,0,0,0,1,4,50,1,2,2,2,0,0,1,62,1,1,1,66,1,0
37,370173,1,2,1,21,3,22,2,12,6,1,0,37,2,19,3,19003,4,1990,1G6CD5338L42,1,G,6,C,D,5,3,3,8,L,4,2,0,P,CADI,DFW,4D,90,17,3382,,0,1138,,G,,0,0,000000000,00000000000,0,0,0,1,0,0,0,0,0,0,0,70,0,0,0,12,12,6,2,12,0,0,0,1,37,28208,1,1,0,0,2,0,65,999,0,2,0,0,1,6,2007,1,2008,0,36,37,39,0,1,4,35,1,1,2,1,3,3,1,17,1,1,1,86,0,0
37,370173,2,2,1,21,3,22,2,12,6,1,0,37,1,20,2,20002,4,2001,2G1WF52E6191,2,G,1,W,F,5,2,E,6,1,9,1,0,P,CHEV,IMP,4D,1,17,3389,,0,1105,,G,,0,0,000000000,00000000000,0,0,0,1,0,0,0,0,0,0,0,30,0,0,0,3,3,6,2,12,0,0,0,1,37,28265,6,1,0,0,3,3,67,999,1,0,0,1,1,9,2007,7,2009,0,0,0,0,0,1,4,35,1,1,2,1,3,3,1,66,1,1,1,87,1,0
37,370174,1,1,2,27,3,0,58,8,0,1,0,37,1,20,481,20481,31,1998,1GCEK19R9WE1,1,G,C,E,K,1,9,R,9,W,E,1,0,T,CHEV,GK1,PC,98,17,,2,1555,1415,GM4,G,,0,0,000000000,00000000000,0,0,0,1,0,0,0,0,0,0,0,45,0,0,0,12,12,2,1,8,0,0,0,1,37,27816,6,1,0,0,3,3,70,999,0,0,0,0,0,0,0,0,0,0,0,0,0,0,1,2,45,4,2,2,1,0,0,14,80,1,1,1,13,0,0
37,370175,1,1,1,17,3,22,10,1,0,1,0,37,1,72,706,72706,80,2008,1HD1CX3198K4,1,H,D,1,C,X,3,1,9,8,K,4,0,M,HD,C1U,RS,8,17,,,,,,,1202,0,0,000000000,00000000000,0,0,0,1,0,0,0,0,0,0,0,45,0,0,0,0,0,6,2,1,0,0,0,1,37,28540,6,1,0,0,3,0,62,999,0,0,0,0,0,0,0,0,0,0,36,0,0,0,1,4,45,4,1,2,1,0,0,14,13,1,1,4,1,1,1
37,370176,1,2,1,14,3,20,18,12,2,1,0,37,2,49,32,49032,4,2008,2T1BR32E38C9,2,T,1,B,R,3,2,E,3,8,C,9,0,P,TOYT,UCS,4D,8,17,2530,,0,1024,,G,,0,0,000000000,00000000000,0,0,0,1,0,0,0,0,0,0,0,65,0,0,0,12,12,6,2,12,0,0,0,1,37,28379,6,1,0,0,3,3,66,999,0,0,0,0,0,0,0,0,0,1,28,0,0,0,1,2,55,2,1,2,1,0,0,14,10,1,1,2,50,0,0
37,370176,2,2,3,14,3,20,18,12,2,1,0,37,1,35,39,35039,4,1999,JN1CA21D8XT2,J,N,1,C,A,2,1,D,8,X,T,2,0,P,NISS,MGS,4D,99,17,2896,,0,1063,,G,,0,0,000000000,00000000000,0,0,0,1,0,0,0,0,0,0,0,55,0,0,0,12,12,6,2,12,0,0,0,1,37,28315,6,1,0,0,3,0,62,999,1,0,0,0,3,9,2007,2,2010,0,0,0,0,0,1,2,55,1,1,2,1,0,0,1,54,1,1,1,51,1,0
37,370177,1,1,1,23,3,7,20,34,0,1,0,37,1,23,481,23481,31,2008,1GTEK19JX8Z1,1,G,T,E,K,1,9,J,X,8,Z,1,0,T,GMC,SK1,4C,8,17,,2,1575,1339,SIE,G,,0,0,000000000,00000000000,0,0,0,1,0,0,0,0,0,0,0,90,0,0,0,12,12,6,2,42,0,0,0,1,37,28431,6,1,0,0,3,0,72,999,4,0,0,1,4,7,2008,2,2010,1,36,0,0,0,1,2,55,3,2,2,1,0,0,14,6,1,1,4,1,1,0
37,370178,1,3,1,19,3,18,3,12,6,1,0,37,1,12,481,12481,31,2007,1FTRF12207KB,1,F,T,R,F,1,2,2,0,7,K,B,0,T,FORD,F15,PK,7,17,,2,1450,1260,COF,G,,0,0,000000000,00000000000,0,0,0,1,0,0,0,0,0,0,0,3,0,0,0,4,4,6,2,12,0,0,0,1,37,28147,6,1,0,0,3,0,67,999,0,0,0,0,0,0,0,0,0,0,38,0,0,0,1,2,55,1,1,2,1,20,3,11,15,1,1,1,68,0,0
37,370178,2,3,1,19,3,18,3,12,6,1,0,37,1,37,706,37706,80,2008,JH2RC50018M4,J,H,2,R,C,5,0,0,1,8,M,4,0,M,HOND,T7C,RS,8,17,,,,,,,745,0,0,000000000,00000000000,0,0,0,1,0,0,0,0,0,0,0,55,0,0,0,12,12,6,2,12,0,0,0,1,37,28147,6,1,0,0,3,3,70,999,1,1,0,0,2,4,2007,11,2008,0,0,0,0,0,1,2,55,1,1,2,1,20,3,1,17,1,1,1,69,1,0
37,370178,3,3,1,19,3,18,3,12,6,1,0,37,1,7,472,7472,30,2001,1B7GG2AN21S1,1,B,7,G,G,2,A,N,2,1,S,1,0,T,DODG,QAD,4C,1,17,,1,0,1309,DAK,G,,0,0,000000000,00000000000,0,0,0,1,0,0,0,0,0,0,0,40,0,0,0,12,12,2,1,43,0,0,0,1,37,28078,6,1,6,0,3,3,72,999,1,0,0,0,0,6,2009,6,2009,0,0,0,0,0,1,2,55,1,1,2,1,20,3,17,60,7,1,4,98,0,0
37,370179,1,1,1,23,3,4,59,8,0,1,0,37,1,49,43,49043,4,2000,4T1BF28BXYU0,4,T,1,B,F,2,8,B,X,Y,U,0,0,P,TOYT,UVS,4D,0,17,3335,,0,1071,,G,,0,0,000000000,00000000000,0,0,0,1,0,0,0,0,0,0,0,45,0,0,0,12,12,2,3,8,99,99,0,1,37,28139,6,1,0,0,3,0,64,999,0,0,0,0,0,0,0,0,0,0,0,0,0,0,2,4,45,1,1,2,1,4,3,1,17,1,1,1,13,0,0
37,370180,1,1,2,16,3,14,39,14,0,1,0,37,2,30,47,30047,3,2000,3VWCA21C4YM4,3,V,W,C,A,2,1,C,4,Y,M,4,0,P,VOLK,NGS,2H,0,17,2742,,0,989,,G,,0,0,000000000,00000000000,0,0,0,1,0,0,0,0,0,0,0,65,0,0,0,4,4,6,2,8,0,0,0,1,37,28001,6,1,0,0,3,3,73,999,0,0,0,0,0,0,0,0,0,1,28,36,92,0,1,2,55,1,2,2,1,0,0,1,10,1,1,4,6,0,0
37,370181,1,1,1,23,3,6,45,34,0,1,0,37,1,20,421,20421,15,1999,1GNEK13R7XJ3,1,G,N,E,K,1,3,R,7,X,J,3,0,P,CHEV,KTA,UT,99,17,5268,,0,1175,,G,,0,0,000000000,00000000000,0,0,0,1,0,0,0,0,0,0,0,55,0,1,2,12,12,6,2,1,0,0,0,1,37,28001,6,1,0,0,3,0,67,999,0,0,0,0,0,0,0,0,0,0,99,99,99,99,1,2,55,4,2,2,1,0,0,14,13,1,1,4,1,1,0
37,370182,1,1,2,1,3,20,0,53,0,1,0,37,2,18,2,18002,4,1997,1G4HP52K0VH5,1,G,4,H,P,5,2,K,0,V,H,5,0,P,BUIC,LCF,4D,97,17,3446,,0,1108,,G,,0,0,000000000,00000000000,0,0,0,1,0,0,0,0,0,0,0,70,0,1,2,12,1,6,2,1,0,0,0,1,37,27320,6,1,0,0,3,3,72,999,0,0,0,2,0,6,2007,4,2009,1,92,0,0,0,1,2,55,4,2,2,1,0,0,14,13,1,1,4,1,1,1
37,370183,1,1,1,25,3,16,5,16,0,1,0,37,3,51,881,51881,66,2008,4V4NC9EH18N4,4,V,4,N,C,9,E,H,1,8,N,4,1,T,VOLV,VNL,DS,8,17,,8,0,0,VVN,D,,1,57,090882,57090882,3,6,8,1,0,0,0,0,0,0,0,50,0,0,0,0,12,6,2,16,0,0,0,1,13,30721,6,1,6,9,3,0,75,300,98,0,0,0,0,0,0,0,0,0,0,0,0,0,2,2,50,1,1,2,1,0,0,1,98,1,1,1,0,1,0
37,370184,1,3,1,19,3,19,15,12,2,1,0,37,2,73,706,73706,80,2000,JKAZX2E19YA0,J,K,A,Z,X,2,E,1,9,Y,A,0,0,M,KAWK,Z9E,RS,0,17,,,,,,,900,0,0,000000000,00000000000,0,0,0,1,0,0,0,0,0,0,0,115,0,0,0,12,12,6,2,12,0,0,0,1,37,27713,6,1,6,0,3,0,71,999,0,0,0,1,0,5,2009,5,2009,1,28,36,0,0,2,4,55,4,2,2,1,0,0,14,10,1,1,2,50,1,0
37,370184,2,3,1,19,3,19,15,12,2,1,0,37,1,34,39,34039,2,1997,4USCJ332XVLC,4,U,S,C,J,3,3,2,X,V,L,C,0,P,BMW,UZ8,CV,97,17,2844,,0,963,,G,,0,0,000000000,00000000000,0,0,0,1,0,0,0,0,0,0,0,45,0,0,0,12,12,6,2,12,0,0,0,1,37,27513,6,1,0,0,3,0,70,999,0,0,0,0,0,0,0,0,0,0,0,0,0,0,2,4,55,1,1,2,1,0,0,1,62,1,1,1,51,0,0
37,370184,3,3,3,19,3,19,15,12,2,1,0,37,1,49,32,49032,4,2007,2T1BR32E87C7,2,T,1,B,R,3,2,E,8,7,C,7,0,P,TOYT,UCS,4D,7,17,2530,,0,1024,,G,,0,0,000000000,00000000000,0,0,0,1,0,0,0,0,0,0,0,35,0,0,0,12,12,6,2,12,0,0,0,1,37,27519,6,1,0,0,3,3,70,999,0,0,0,0,1,5,2008,5,2008,0,0,0,0,0,2,4,55,1,1,2,1,0,0,1,62,1,1,1,98,0,0
37,370185,1,1,1,24,3,18,26,53,0,1,0,37,2,12,16,12016,4,1993,2FALP74W8PX2,2,F,A,L,P,7,4,W,8,P,X,2,0,P,FORD,CVL,4D,93,17,3769,,0,1144,,G,,0,0,000000000,00000000000,0,0,0,1,0,0,0,0,0,0,0,100,0,0,0,10,10,6,2,42,0,0,1,1,37,27589,1,1,0,0,2,0,67,999,0,1,0,1,1,6,2007,9,2007,1,36,58,0,0,2,2,45,1,4,2,1,0,0,6,6,1,2,4,2,1,1
37,370186,1,1,1,21,3,14,6,53,0,1,0,37,1,12,401,12401,14,2002,1FMZU62E22UA,1,F,M,Z,U,6,2,E,2,2,U,A,0,P,FORD,EPR,UT,2,17,4094,,0,1137,,G,,0,0,000000000,00000000000,0,0,0,1,0,0,0,0,0,0,0,45,0,1,2,12,12,6,2,1,0,0,0,1,37,28669,6,1,0,0,3,3,71,999,1,1,0,0,0,3,2008,11,2009,0,58,0,0,0,1,2,55,1,1,2,2,0,0,1,13,1,1,4,1,1,0
37,370187,1,2,2,19,3,17,25,12,2,1,0,37,1,13,1,13001,4,2006,1LNHM85W56Y6,1,L,N,H,M,8,5,W,5,6,Y,6,0,P,LINC,SLW,4D,6,17,4359,,0,1237,,G,,0,0,000000000,00000000000,0,0,0,1,0,0,0,0,0,0,0,15,0,0,0,12,12,6,2,12,0,0,0,1,37,28697,6,1,0,0,3,3,71,999,0,0,0,0,0,0,0,0,0,0,38,0,0,0,1,2,45,1,2,2,1,20,3,11,67,1,1,2,82,1,0
37,370187,2,2,1,19,3,17,25,12,2,1,0,37,1,7,41,7041,4,1997,2B3HD46FXVH7,2,B,3,H,D,4,6,F,X,V,H,7,0,P,DODG,INT,4D,97,17,3319,,0,1130,,G,,0,0,000000000,00000000000,0,0,0,1,0,0,0,0,0,0,0,45,0,0,0,12,12,6,2,12,0,0,0,1,37,28635,4,1,0,0,2,3,62,999,1,1,0,0,4,5,2007,11,2009,0,0,0,0,0,1,2,45,1,2,2,1,20,3,1,62,6,1,2,83,0,0
37,370188,1,1,1,16,2,6,18,35,0,1,0,45,1,37,31,37031,2,2003,1HGEM22533L0,1,H,G,E,M,2,2,5,3,3,L,0,0,P,HOND,UCL,CP,3,17,2465,,0,1031,,G,,0,0,000000000,00000000000,0,0,0,1,0,0,0,0,0,0,0,60,0,1,2,2,2,6,2,1,99,99,0,1,45,29323,6,1,0,0,3,0,65,200,0,0,0,0,0,0,0,0,0,0,99,99,99,99,3,6,60,4,1,2,1,0,0,14,13,1,1,4,1,1,0
37,370189,1,1,1,25,3,13,34,42,0,1,0,37,2,35,401,35401,14,1990,JN8HD17Y3LW2,J,N,8,H,D,1,7,Y,3,L,W,2,0,P,NISS,PFI,UT,90,17,3804,,0,1043,,G,,0,0,000000000,00000000000,0,0,0,1,0,0,0,0,0,0,0,35,0,0,0,12,12,6,2,42,0,0,0,1,37,28645,1,1,0,0,2,0,72,999,2,0,1,0,0,12,2008,9,2009,0,0,0,0,0,1,2,55,1,1,2,1,0,0,1,12,1,1,4,6,1,0
37,370190,1,2,2,20,3,17,21,12,6,1,0,37,1,37,31,37031,2,2007,2HGFG11867H5,2,H,G,F,G,1,1,8,6,7,H,5,0,P,HOND,UAX,CP,7,17,2698,,0,1043,,G,,0,0,000000000,00000000000,0,0,0,1,0,0,0,0,0,0,0,60,0,1,2,3,3,6,2,12,0,0,0,1,37,28682,6,1,0,0,3,0,69,999,0,0,0,0,1,8,2009,8,2009,1,28,36,0,0,1,2,45,1,1,2,1,0,0,1,10,1,1,1,66,1,1
37,370190,2,2,2,20,3,17,21,12,6,1,0,37,1,12,481,12481,31,2002,1FTRW08L92KC,1,F,T,R,W,0,8,L,9,2,K,C,0,T,FORD,F1S,CW,2,17,,2,0,1388,COF,G,,0,0,000000000,00000000000,0,0,0,1,0,0,0,0,0,0,0,45,0,0,0,12,12,6,2,12,0,0,0,1,37,28021,6,1,0,0,3,0,69,999,0,0,0,0,0,0,0,0,0,0,0,0,0,0,1,2,45,1,1,2,1,0,0,1,62,1,1,1,66,0,0
37,370191,1,2,2,15,3,0,2,12,1,1,0,37,1,12,37,12037,4,2009,1FAHP35N99W2,1,F,A,H,P,3,5,N,9,9,W,2,0,P,FORD,FSE,4D,9,17,2623,,0,1029,,G,,0,0,000000000,00000000000,0,0,0,1,0,0,0,0,0,0,0,65,0,0,0,12,12,6,2,8,0,0,0,1,36,12701,6,1,0,0,3,0,63,999,0,0,0,1,0,2,2010,2,2010,0,0,0,0,0,3,4,70,1,1,2,1,0,0,1,50,1,1,1,98,0,0