STATE,ST_CASE,VEH_NO,VE_FORMS,NUMOCCS,DAY,MONTH,HOUR,MINUTE,HARM_EV,MAN_COLL,UNITTYPE,HIT_RUN,REG_STAT,OWNER,MAKE,MODEL,MAK_MOD,BODY_TYP,MOD_YEAR,VIN,VIN_1,VIN_2,VIN_3,VIN_4,VIN_5,VIN_6,VIN_7,VIN_8,VIN_9,VIN_10,VIN_11,VIN_12,TOW_VEH,VINTYPE,VINMAKE,VINA_MOD,VIN_BT,VINMODYR,VIN_LNGT,VIN_WGT,WGTCD_TR,WHLBS_LG,WHLBS_SH,SER_TR,FUELCODE,MCYCL_DS,J_KNIFE,MCARR_I1,MCARR_I2,MCARR_ID,GVWR,V_CONFIG,CARGO_BT,HAZ_INV,HAZ_PLAC,HAZ_ID,HAZ_CNO,HAZ_REL,BUS_USE,SPEC_USE,EMER_USE,TRAV_SP,UNDERIDE,ROLLOVER,ROLINLOC,IMPACT1,IMPACT2,DEFORMED,TOWED,M_HARM,VEH_SC1,VEH_SC2,FIRE_EXP,DR_PRES,L_STATE,DR_ZIP,L_STATUS,L_TYPE,CDL_STAT,L_ENDORS,L_COMPL,L_RESTRI,DR_HGT,DR_WGT,PREV_ACC,PREV_SUS,PREV_DWI,PREV_SPD,PREV_OTH,FIRST_MO,FIRST_YR,LAST_MO,LAST_YR,SPEEDREL,DR_SF1,DR_SF2,DR_SF3,DR_SF4,VTRAFWAY,VNUM_LAN,VSPD_LIM,VALIGN,VPROFILE,VPAVETYP,VSURCOND,VTRAFCON,VTCONT_F,P_CRASH1,P_CRASH2,P_CRASH3,PCRASH4,PCRASH5,ACC_TYPE,DEATHS,DR_DRINK
37,370191,2,2,2,15,3,0,2,12,1,1,0,12,6,12,401,12401,14,2000,1FMZU62X9YZA,1,F,M,Z,U,6,2,X,9,Y,Z,A,0,P,FORD,EPR,UT,0,17,3865,,0,1116,,G,,0,0,000000000,00000000000,0,0,0,1,0,0,0,0,0,0,0,0,0,0,0,6,6,6,2,12,0,0,0,0,,,,,,,,,999,,,,,,,,,,,,20,0,0,0,3,4,70,1,1,2,1,0,0,0,50,0,0,0,98,0,0
37,370192,1,1,1,23,3,2,54,33,0,1,0,37,1,37,32,37032,4,1994,1HGCD5647RA0,1,H,G,C,D,5,6,4,7,R,A,0,0,P,HOND,ULE,4D,94,17,2842,,0,1069,,G,,0,0,000000000,00000000000,0,0,0,1,0,0,0,0,0,0,0,50,0,0,0,3,4,6,2,30,99,99,0,1,37,27377,6,1,0,0,3,0,68,999,2,3,0,3,3,6,2007,5,2009,1,24,36,0,0,2,4,35,4,2,2,2,0,0,14,6,1,4,4,7,1,1
37,370193,1,1,1,26,3,2,16,30,0,1,0,37,5,21,20,21020,4,1990,1G3AJ54N7L63,1,G,3,A,J,5,4,N,7,L,6,3,0,P,OLDS,CIS,4D,90,17,2642,,0,1049,,G,,0,0,000000000,00000000000,0,0,0,1,0,0,0,0,0,0,0,998,0,0,0,12,12,6,2,30,99,99,0,1,37,27407,6,1,0,0,3,0,70,999,0,0,0,0,0,0,0,0,0,9,99,99,99,99,2,6,35,4,1,2,2,0,0,14,13,1,1,4,1,1,1
37,370194,1,1,1,20,3,18,0,59,0,1,0,37,2,72,706,72706,80,2003,1HD1BYB433Y1,1,H,D,1,B,Y,B,4,3,3,Y,1,0,M,HD,ALF,RS,3,17,,,,,,,1450,0,0,000000000,00000000000,0,0,0,1,0,0,0,0,0,0,0,90,0,0,0,12,12,6,2,26,0,0,0,1,37,28786,1,1,0,0,2,0,72,999,0,3,1,0,1,3,2007,1,2008,1,0,0,0,0,3,4,60,4,1,2,1,0,0,14,12,1,1,4,6,1,1
37,370195,1,2,1,28,3,1,10,12,2,1,0,37,1,22,441,22441,20,1993,1GMDU06D8PT2,1,G,M,D,U,0,6,D,8,P,T,2,0,P,PONT,TSP,SV,93,17,3448,,0,1098,,G,,0,0,000000000,00000000000,0,0,0,1,0,0,0,0,0,0,0,55,0,0,0,12,12,6,2,12,0,0,0,1,37,27530,6,1,0,0,3,0,69,999,1,0,0,0,0,1,2008,1,2008,0,28,0,0,0,1,2,55,1,1,2,1,0,0,1,10,1,1,2,50,0,0
37,370195,2,2,1,28,3,1,10,12,2,1,0,37,1,72,706,72706,80,1999,1HD1GHV17XY3,1,H,D,1,G,H,V,1,7,X,Y,3,0,M,HD,FDX,RS,99,17,,,,,,,1450,0,0,000000000,00000000000,0,0,0,1,0,0,0,0,0,0,0,55,0,0,0,12,12,6,2,12,0,0,0,1,37,27542,6,1,0,0,3,0,75,999,0,0,0,0,1,11,2008,11,2008,0,0,0,0,0,1,2,55,1,1,2,1,0,0,1,62,1,1,1,51,1,1
37,370196,1,1,1,28,3,23,47,8,0,1,0,37,2,2,405,2405,14,2003,1J4GK58KX3W5,1,J,4,G,K,5,8,K,X,3,W,5,0,T,JEEP,LMD,4W,3,17,,1,0,1043,LIB,G,,0,0,000000000,00000000000,0,0,0,1,0,0,0,0,0,0,0,55,0,0,0,12,12,6,2,8,0,0,0,1,37,28594,6,1,0,0,3,0,66,999,1,0,0,1,0,2,2009,6,2009,0,0,0,0,0,2,4,55,1,1,2,1,0,0,1,80,3,1,1,13,0,0
37,370197,1,1,2,22,3,21,18,8,0,1,0,37,1,20,471,20471,30,2003,1GCDT19X8381,1,G,C,D,T,1,9,X,8,3,8,1,0,T,CHEV,S14,3C,3,17,,1,0,1229,S,G,,0,0,000000000,00000000000,0,0,0,1,0,0,0,0,0,0,0,45,0,0,0,12,12,2,9,8,0,0,0,1,37,27909,6,1,0,0,3,0,64,999,0,1,0,0,5,6,2008,5,2009,0,0,0,0,0,1,2,45,1,1,2,1,0,0,1,80,1,1,1,13,0,0
37,370198,1,1,1,28,3,4,51,42,0,1,0,51,5,53,706,53706,80,2008,JS1GX72A9821,J,S,1,G,X,7,2,A,9,8,2,1,0,M,SUZI,GXR,RS,8,17,,,,,,,1340,0,0,000000000,00000000000,0,0,0,1,0,0,0,0,0,0,0,90,0,0,0,12,12,6,2,42,0,0,0,1,37,28343,6,1,6,0,2,3,67,999,0,0,0,0,2,3,2008,6,2008,1,36,0,0,0,1,2,55,2,3,2,1,0,0,14,12,1,1,4,6,1,1
37,370199,1,1,1,18,3,19,50,42,0,1,0,51,2,12,13,12013,4,1999,1FAFP10P3XW1,1,F,A,F,P,1,0,P,3,X,W,1,0,P,FORD,LXE,4D,99,17,2468,,0,984,,G,,0,0,000000000,00000000000,0,0,0,1,0,0,0,0,0,0,0,65,0,1,5,4,4,6,2,1,0,0,0,1,51,23607,6,1,0,0,3,0,72,220,0,0,0,0,0,0,0,0,0,1,36,0,0,0,1,2,55,3,2,2,1,0,0,14,13,1,1,4,1,1,1
37,370200,1,2,1,13,3,2,22,12,1,1,0,37,1,41,51,41051,4,2007,JM1BK12F7716,J,M,1,B,K,1,2,F,7,7,1,6,0,P,MAZD,M3I,4D,7,17,2780,,0,1039,,G,,0,0,000000000,00000000000,0,0,0,1,0,0,0,0,0,0,0,45,0,0,0,12,12,6,2,12,0,0,0,1,37,27609,6,1,0,0,3,0,59,999,0,0,0,0,0,0,0,0,0,0,92,0,0,0,1,4,45,1,2,2,2,3,3,1,50,1,1,1,20,0,1
37,370200,2,2,3,13,3,2,22,12,1,1,0,39,2,49,50,49050,3,2006,JTKDE177X600,J,T,K,D,E,1,7,7,X,6,0,0,0,P,TOYT,SXC,LB,6,17,2905,,0,1063,,G,,0,0,000000000,00000000000,0,0,0,1,0,0,0,0,0,0,0,0,0,0,0,6,6,6,2,12,0,0,0,1,37,27609,6,1,0,0,3,3,77,999,0,0,0,0,0,0,0,0,0,0,0,0,0,0,1,4,45,1,2,2,2,3,3,5,53,1,1,1,22,1,1
37,370201,1,1,1,28,3,0,38,42,0,1,0,37,2,69,40,69040,2,2005,ZAMEC38A8500,Z,A,M,E,C,3,8,A,8,5,0,0,0,P,MASE,G38,CP,5,17,3704,,0,1047,,G,,0,0,000000000,00000000000,0,0,0,1,0,0,0,0,0,0,0,135,0,0,0,11,11,6,2,42,0,0,0,1,36,99999,9,9,99,9,9,9,999,999,99,99,99,99,99,99,9999,99,9999,1,36,0,0,0,6,1,65,4,3,1,1,0,0,14,6,1,1,4,1,1,1
37,370202,1,2,3,31,3,13,27,12,7,1,0,37,1,41,51,41051,4,2008,JM1BK34L9818,J,M,1,B,K,3,4,L,9,8,1,8,0,P,MAZD,MS3,4H,8,17,3153,,0,1039,,G,,0,0,000000000,00000000000,0,0,0,1,0,0,0,0,0,0,0,75,0,0,0,8,8,6,2,24,0,0,0,1,37,27514,6,1,0,0,3,3,78,999,1,0,0,0,0,7,2007,7,2007,1,27,36,0,0,3,4,65,1,1,2,1,0,0,15,10,1,1,2,44,0,0
37,370202,2,2,1,31,3,13,27,12,7,1,0,25,1,20,19,20019,4,1996,1G1LD55M0TY2,1,G,1,L,D,5,5,M,0,T,Y,2,0,P,CHEV,CSA,4D,96,17,2745,,0,1034,,G,,0,0,000000000,00000000000,0,0,0,1,0,0,0,0,0,0,0,65,0,1,2,11,11,6,2,1,0,0,0,1,25,1540,6,1,0,0,3,0,72,999,0,0,0,0,0,0,0,0,0,0,0,0,0,0,3,4,65,1,1,2,1,0,0,1,60,1,1,1,45,1,0
37,370203,1,1,2,20,3,23,37,35,0,1,0,92,0,37,739,37739,90,2002,000000000000,0,0,0,0,0,0,0,0,0,0,0,0,0,U,,,,,17,,,,,,,,0,0,000000000,00000000000,0,0,0,1,0,0,0,0,0,0,0,30,0,1,2,3,3,9,9,1,0,0,0,1,37,28635,1,1,0,0,1,0,71,999,0,1,0,0,1,11,2007,4,2009,0,36,0,0,0,1,2,30,4,2,2,1,0,0,14,13,1,1,4,1,1,1
37,370204,1,1,1,28,3,12,55,42,0,1,0,37,1,14,36,14036,6,1998,3MEFM15P5WR6,3,M,E,F,M,1,5,P,5,W,R,6,0,P,MERC,TSL,SW,98,17,2532,,0,984,,G,,0,0,000000000,00000000000,0,0,0,1,0,0,0,0,0,0,0,65,0,0,0,12,12,6,2,42,0,0,0,1,37,27883,6,1,0,0,3,0,63,999,0,0,0,0,0,0,0,0,0,1,36,0,0,0,1,2,55,4,1,2,1,0,0,14,13,1,1,4,1,1,0
37,370205,1,1,1,5,4,7,35,11,0,1,0,37,1,37,706,37706,80,2007,1HFSC47L77A6,1,H,F,S,C,4,7,L,7,7,A,6,0,M,HOND,GL8,RS,7,17,,,,,,,1832,0,0,000000000,00000000000,0,0,0,1,0,0,0,0,0,0,0,55,0,0,0,12,12,6,2,32,0,0,0,1,37,28422,6,1,0,0,3,0,71,999,0,0,0,0,0,0,0,0,0,0,0,0,0,0,1,2,55,1,1,2,1,0,0,1,87,1,1,1,13,1,0
37,370206,1,2,1,7,4,3,33,12,6,1,0,37,2,35,47,35047,4,2005,1N4AL11D95C2,1,N,4,A,L,1,1,D,9,5,C,2,0,P,NISS,ASL,4D,5,17,2915,,0,1102,,G,,0,0,000000000,00000000000,0,0,0,1,0,0,0,0,0,0,0,50,0,0,0,3,3,6,2,12,0,0,0,1,37,28025,6,1,0,0,3,3,63,999,0,0,0,0,0,0,0,0,0,0,28,58,0,0,1,2,45,4,1,2,1,0,0,14,10,1,2,2,66,1,1
37,370206,2,2,2,7,4,3,33,12,6,1,0,37,1,12,481,12481,31,2000,1FTRX17L3YNA,1,F,T,R,X,1,7,L,3,Y,N,A,0,T,FORD,F15,4C,0,17,,2,1571,1385,COF,G,,0,0,000000000,00000000000,0,0,0,1,0,0,0,0,0,0,0,45,0,0,0,12,12,6,2,12,0,0,0,1,37,28075,6,1,6,0,3,0,66,999,1,0,0,2,1,9,2007,2,2010,0,0,0,0,0,1,2,45,1,1,2,1,0,0,1,62,1,1,1,66,0,0
37,370207,1,1,2,2,4,19,38,8,0,1,0,37,1,49,472,49472,30,2009,3TMJU62N99M0,3,T,M,J,U,6,2,N,9,9,M,0,0,T,TOYT,DCP,CW,9,17,,1,0,1278,TAC,G,,0,0,000000000,00000000000,0,0,0,1,0,0,0,0,0,0,0,55,0,0,0,12,12,6,2,8,0,0,0,1,37,28562,6,1,0,0,3,3,70,999,0,0,0,0,0,0,0,0,0,0,0,0,0,0,2,4,55,1,1,2,1,20,3,1,80,1,1,1,13,0,0
37,370208,1,3,1,1,4,23,14,12,6,1,0,37,1,7,43,7043,4,2000,1B3EJ46X1YN1,1,B,3,E,J,4,6,X,1,Y,N,1,0,P,DODG,SSE,4D,0,17,2937,,0,1080,,G,,0,0,000000000,00000000000,0,0,0,1,0,0,0,0,0,0,0,45,0,0,0,10,6,6,2,12,0,0,0,1,37,28117,6,1,0,0,3,3,72,999,1,0,0,0,1,3,2008,4,2008,0,0,0,0,0,1,2,45,1,1,2,1,3,3,1,17,1,1,1,89,1,0
37,370208,2,3,1,1,4,23,14,12,6,1,0,37,1,7,482,7482,31,1999,1B7HC13Y9XJ5,1,B,7,H,C,1,3,Y,9,X,J,5,0,T,DODG,Q15,4C,99,17,,2,1547,1387,RPC,G,,0,0,000000000,00000000000,0,0,0,1,0,0,0,0,0,0,0,45,0,0,0,12,12,6,2,12,0,0,0,1,37,28650,6,1,0,0,3,0,72,999,1,0,0,1,0,2,2008,1,2010,0,0,0,0,0,1,2,45,1,1,2,1,3,3,1,17,1,1,1,88,0,0
37,370208,3,3,1,1,4,23,14,12,6,1,0,37,3,85,883,85883,66,2008,1FUJA6CK58LZ,1,F,U,J,A,6,C,K,5,8,L,Z,1,T,FRHT,COL,DS,8,17,,8,0,0,CON,D,,1,57,882732,57882732,3,6,2,2,2,1203,3,1,0,0,0,0,0,0,0,9,9,2,1,12,0,0,0,1,37,28655,6,1,6,1,3,3,72,999,0,0,0,0,0,0,0,0,0,0,0,0,0,0,1,2,45,1,1,2,1,3,3,5,50,1,1,1,98,0,0
37,370209,1,3,1,5,4,12,47,12,1,1,0,93,3,84,881,84881,63,2001,1HTSCAAN41H3,1,H,T,S,C,A,A,N,4,1,H,3,0,T,INTL,470,CC,1,17,,7,2540,1280,40S,D,,0,57,342596,57342596,3,1,1,1,0,0,0,0,0,0,0,50,7,0,0,12,12,6,2,12,0,0,0,1,37,28902,6,1,6,0,3,0,73,999,0,0,0,0,0,0,0,0,0,0,92,0,0,0,1,4,55,1,1,2,1,3,3,1,50,1,1,1,20,0,0
37,370209,2,3,5,5,4,12,47,12,1,1,0,13,1,7,442,7442,20,1999,1B4GP44L2XB8,1,B,4,G,P,4,4,L,2,X,B,8,0,P,DODG,CAR,SV,99,17,3856,,0,1193,,G,,0,0,000000000,00000000000,0,0,0,1,0,0,0,0,0,0,0,0,0,0,0,6,6,6,2,12,0,0,0,1,13,30753,6,1,0,0,3,3,71,184,98,0,0,0,0,0,0,0,0,0,0,0,0,0,1,4,55,1,1,2,1,3,3,5,50,1,1,1,21,2,0
37,370209,3,3,2,5,4,12,47,12,1,1,0,37,1,2,404,2404,14,1996,1J4GZ58S0TC3,1,J,4,G,Z,5,8,S,0,T,C,3,0,T,JEEP,LRO,4W,96,17,,1,0,1059,GCK,G,,0,0,000000000,00000000000,0,0,0,1,0,0,0,0,0,0,0,0,0,0,0,6,6,6,2,12,0,0,0,1,37,28771,6,1,0,0,3,0,71,999,1,0,0,1,0,4,2008,4,2009,0,0,0,0,0,1,4,55,1,1,2,1,3,3,5,50,1,1,1,98,0,0
37,370210,1,1,1,2,4,5,32,8,0,1,0,37,2,22,2,22002,4,2000,1G2HX54K8Y42,1,G,2,H,X,5,4,K,8,Y,4,2,0,P,PONT,BVS,4D,0,17,3633,,0,1122,,G,,0,0,000000000,00000000000,0,0,0,1,0,0,0,0,0,0,0,40,0,0,0,11,11,6,2,8,0,0,0,1,37,28472,6,1,0,0,3,0,66,999,0,0,0,0,0,0,0,0,0,0,0,0,0,0,1,3,45,1,1,2,1,0,0,1,80,1,1,1,13,0,0
37,370211,1,3,3,3,4,11,45,12,6,1,0,39,2,59,32,59032,4,2001,JTHBN30F2100,J,T,H,B,N,3,0,F,2,1,0,0,0,P,LEXS,L43,4D,1,17,3957,,0,1152,,G,,0,0,000000000,00000000000,0,0,0,1,0,0,0,0,0,0,0,55,0,0,0,3,3,6,2,12,0,0,0,1,39,43017,9,9,99,9,9,9,999,999,99,99,99,99,99,99,9999,99,9999,0,38,0,0,0,1,2,55,1,2,2,1,20,3,11,15,1,1,1,68,0,0
37,370211,2,3,2,3,4,11,45,12,6,1,0,37,2,20,36,20036,2,1998,2G1WW12MXW91,2,G,1,W,W,1,2,M,X,W,9,1,0,P,CHEV,MLS,CP,98,17,3239,,0,1075,,G,,0,0,000000000,00000000000,0,0,0,1,0,0,0,0,0,0,0,55,0,0,0,12,12,6,2,12,0,0,0,1,37,28472,6,1,0,0,3,0,65,999,0,0,0,0,0,0,0,0,0,0,0,0,0,0,1,2,55,1,2,2,1,20,3,1,17,1,1,1,69,1,0
37,370211,3,3,2,3,4,11,45,12,6,1,0,37,1,51,46,51046,4,2006,YV1MS3827621,Y,V,1,M,S,3,8,2,7,6,2,1,0,P,VOLV,S42,4D,6,17,3225,,0,1039,,G,,0,0,000000000,00000000000,0,0,0,1,0,0,0,0,0,0,0,0,0,0,0,12,12,4,9,12,0,0,0,1,37,28405,6,1,0,0,3,3,62,999,0,0,0,0,0,0,0,0,0,0,0,0,0,0,1,2,55,1,2,2,1,20,3,5,50,1,1,1,98,0,0
37,370212,1,1,1,4,4,11,40,59,0,1,0,37,1,20,471,20471,30,2001,1GCCS1954181,1,G,C,C,S,1,9,5,4,1,8,1,0,T,CHEV,S14,PC,1,17,,1,0,1229,S,F,,0,0,000000000,00000000000,0,0,0,1,0,0,0,0,0,0,0,65,0,1,2,1,12,4,9,1,0,0,0,1,37,28431,1,1,0,0,2,3,72,999,0,1,0,0,0,3,2010,3,2010,1,36,0,0,0,1,2,55,4,1,2,1,0,0,14,13,1,1,4,1,1,1
37,370213,1,1,1,5,4,9,0,34,0,1,0,37,2,30,47,30047,3,2001,3VWCC21CX1M4,3,V,W,C,C,2,1,C,X,1,M,4,0,P,VOLK,NGS,2H,1,17,2873,,0,989,,G,,0,0,000000000,00000000000,0,0,0,1,0,0,0,0,0,0,0,55,0,1,2,12,12,4,9,1,0,0,0,1,37,28423,1,1,0,0,2,0,63,999,0,3,0,0,1,10,2007,11,2009,0,0,0,0,0,1,2,55,1,1,2,1,0,0,1,12,1,1,4,6,1,1
37,370214,1,1,2,5,4,23,37,34,0,1,0,37,2,35,39,35039,4,2004,1N4BA41EX4C8,1,N,4,B,A,4,1,E,X,4,C,8,0,P,NISS,MEL,4D,4,17,3310,,0,1112,,G,,0,0,000000000,00000000000,0,0,0,1,0,0,0,0,0,0,0,85,0,1,2,12,12,6,2,1,0,0,0,1,37,28463,6,1,0,0,3,0,71,999,0,0,0,0,0,0,0,0,0,1,36,0,0,0,1,2,55,4,1,2,1,0,0,14,13,1,1,4,1,1,1
37,370215,1,2,1,8,4,7,1,12,6,1,0,37,1,6,43,6043,4,2005,1C3EL56R65N6,1,C,3,E,L,5,6,R,6,5,N,6,0,P,CHRY,STO,4D,5,17,3128,,0,1080,,G,,0,0,000000000,00000000000,0,0,0,1,0,0,0,0,0,0,0,15,0,0,0,9,9,6,2,12,0,0,0,1,37,28436,6,1,0,0,3,0,61,999,0,0,0,0,0,0,0,0,0,0,38,0,0,0,1,2,55,1,1,2,1,0,0,11,72,1,1,7,82,1,0
37,370215,2,2,1,8,4,7,1,12,6,1,0,37,1,20,431,20431,16,1988,1GNGV26J1JF1,1,G,N,G,V,2,6,J,1,J,F,1,0,P,CHEV,V20,UT,88,17,5162,,0,1295,,D,,0,0,000000000,00000000000,0,0,0,1,0,0,0,0,0,0,0,60,0,0,0,12,12,6,2,12,0,0,0,1,37,28436,6,1,0,0,3,0,70,999,0,0,0,0,0,0,0,0,0,0,0,0,0,0,1,2,55,1,1,2,1,0,0,1,54,1,1,1,83,0,0
37,370216,1,2,1,2,4,15,6,12,6,1,0,37,3,85,881,85881,66,1999,1XKWDR9XXXJ8,1,X,K,W,D,R,9,X,X,X,J,8,1,T,KW,W90,DS,99,17,,8,2850,1600,CON,D,,1,99,999999999,99999999999,3,6,10,1,0,0,0,0,0,0,0,55,0,0,0,12,12,6,2,12,0,0,0,1,37,28527,6,1,6,1,3,0,72,999,0,0,0,0,0,0,0,0,0,0,0,0,0,0,1,2,55,1,1,2,1,0,0,1,54,6,1,2,83,0,0
37,370216,2,2,1,2,4,15,6,12,6,1,0,37,1,18,7,18007,4,1997,2G4WS52M4V14,2,G,4,W,S,5,2,M,4,V,1,4,0,P,BUIC,CCU,4D,97,17,3348,,0,1090,,G,,0,0,000000000,00000000000,0,0,0,1,0,0,0,0,0,0,0,5,0,0,0,9,9,6,2,12,0,0,0,1,37,28586,6,1,0,0,3,3,66,999,0,0,0,0,0,0,0,0,0,0,38,0,0,0,1,2,55,1,1,2,1,0,0,11,72,1,1,7,82,1,0
37,370217,1,2,1,12,4,16,36,12,6,1,0,37,1,7,482,7482,31,2005,1D7HU18D55J5,1,D,7,H,U,1,8,D,5,5,J,5,0,T,DODG,SQ1,CW,5,17,,2,1605,1405,RPC,G,,0,0,000000000,00000000000,0,0,0,1,0,0,0,0,0,0,0,55,0,0,0,12,12,4,9,12,0,0,0,1,37,27107,6,1,0,0,3,3,71,999,0,2,1,0,1,7,2008,3,2010,0,0,0,0,0,2,4,55,1,1,2,1,20,3,1,17,1,1,1,88,0,0
37,370217,2,2,1,12,4,16,36,12,6,1,0,37,1,20,16,20016,4,1995,3G1JC5242SS8,3,G,1,J,C,5,2,4,2,S,S,8,0,P,CHEV,CAV,4D,95,17,2676,,0,1041,,G,,0,0,000000000,00000000000,0,0,0,1,0,0,0,0,0,0,0,20,0,0,0,9,9,4,9,12,0,0,0,1,37,27295,6,1,0,0,3,0,67,999,0,0,0,0,0,0,0,0,0,0,38,0,0,0,2,4,55,1,1,2,1,20,3,4,17,1,1,1,89,1,0
37,370218,1,1,1,3,4,6,7,34,0,1,0,37,2,12,401,12401,14,2004,1FMZU63K54ZB,1,F,M,Z,U,6,3,K,5,4,Z,B,0,P,FORD,EPR,UT,4,17,4094,,0,1137,,F,,0,0,000000000,00000000000,0,0,0,1,0,0,0,0,0,0,0,75,0,1,5,12,81,6,2,1,0,0,0,1,37,28458,1,1,0,0,2,0,72,999,0,1,0,0,0,2,2009,2,2009,0,36,0,0,0,1,2,55,4,1,2,1,0,0,14,13,1,1,4,1,1,0
37,370219,1,1,1,5,4,17,50,42,0,1,0,37,1,63,402,63402,14,2003,KNDJC7333350,K,N,D,J,C,7,3,3,3,3,5,0,0,P,KIA,SOR,UT,3,17,4255,,0,1067,,G,,0,0,000000000,00000000000,0,0,0,1,0,0,0,0,0,0,0,75,0,2,6,1,13,6,2,42,0,0,0,1,37,27549,6,1,0,0,3,0,67,999,0,0,0,0,0,0,0,0,0,1,0,0,0,0,1,2,55,4,2,2,1,0,0,14,10,1,1,4,6,1,0
37,370220,1,1,2,2,4,1,19,34,0,1,0,37,2,49,40,49040,4,1996,4T1BG12K7TU7,4,T,1,B,G,1,2,K,7,T,U,7,0,P,TOYT,DLX,4D,96,17,2932,,0,1031,,G,,0,0,000000000,00000000000,0,0,0,1,0,0,0,0,0,0,0,110,0,1,5,11,61,6,2,34,0,0,0,1,37,27946,6,1,6,0,3,0,70,999,0,0,0,0,0,0,0,0,0,1,58,0,0,0,1,2,55,4,1,2,1,0,0,14,13,1,1,4,1,1,1
37,370221,1,2,2,2,4,16,30,1,0,1,0,26,1,72,706,72706,80,2008,1HD1FB4198Y6,1,H,D,1,F,B,4,1,9,8,Y,6,0,M,HD,FHR,RS,8,17,,,,,,,1584,0,0,000000000,00000000000,0,0,0,1,0,0,0,0,0,0,0,40,0,0,0,0,9,6,2,12,0,0,0,1,26,48187,6,1,0,0,3,3,72,225,0,0,0,1,1,1,2008,9,2009,1,28,0,0,0,1,2,55,4,3,2,1,0,0,14,6,1,1,2,98,1,0
37,370221,2,2,1,2,4,16,30,1,0,1,0,37,2,37,32,37032,4,2006,1HGCM66896A0,1,H,G,C,M,6,6,8,9,6,A,0,0,P,HOND,UEX,4D,6,17,3437,,0,1079,,G,,0,0,000000000,00000000000,0,0,0,1,0,0,0,0,0,0,0,25,0,0,0,12,12,6,2,12,0,0,0,1,37,28771,6,1,0,0,3,3,62,999,0,0,0,0,0,0,0,0,0,0,0,0,0,0,1,2,55,4,3,2,1,0,0,14,62,1,1,1,98,0,0
37,370222,1,1,1,5,4,0,40,1,0,1,0,42,1,48,37,48037,2,1992,JF1CX3536NH1,J,F,1,C,X,3,5,3,6,N,H,1,0,P,SUBA,SVS,CP,92,17,3580,,0,1028,,G,,0,0,000000000,00000000000,0,0,0,1,0,0,0,0,0,0,0,80,0,2,5,0,61,6,2,1,0,0,0,1,42,16503,1,1,5,0,2,3,72,999,0,3,2,1,1,6,2009,12,2009,1,0,0,0,0,1,2,55,4,1,2,1,0,0,14,12,1,1,4,6,1,1
37,370223,1,1,3,10,4,23,55,59,0,1,0,37,1,21,401,21401,14,1996,1GHDT13W2T27,1,G,H,D,T,1,3,W,2,T,2,7,0,P,OLDS,BRA,UT,96,17,4184,,0,1070,,G,,0,0,000000000,00000000000,0,0,0,1,0,0,0,0,0,0,0,90,0,9,1,12,61,6,2,1,0,0,0,1,37,27405,6,1,0,0,3,0,69,999,0,0,0,0,0,0,0,0,0,0,36,0,0,0,1,2,55,1,2,2,1,0,0,1,13,1,1,4,1,1,1
37,370224,1,2,1,8,4,16,35,12,2,1,0,37,1,35,47,35047,4,2003,1N4AL11D53C1,1,N,4,A,L,1,1,D,5,3,C,1,0,P,NISS,ABS,4D,3,17,2913,,0,1102,,G,,0,0,000000000,00000000000,0,0,0,1,0,0,0,0,0,0,0,55,0,0,0,12,12,6,2,12,0,0,0,1,37,27524,6,1,0,0,3,0,63,999,0,1,0,1,0,5,2009,3,2010,0,28,0,0,0,1,2,55,4,1,2,1,0,0,14,10,1,1,2,50,0,0
37,370224,2,2,2,8,4,16,35,12,2,1,0,37,2,12,17,12017,4,1996,1FALP52U5TA1,1,F,A,L,P,5,2,U,5,T,A,1,0,P,FORD,TAG,4D,96,17,3347,,0,1085,,G,,0,0,000000000,00000000000,0,0,0,1,0,0,0,0,0,0,0,55,0,0,0,12,12,6,2,12,0,0,0,1,37,27576,6,1,6,0,3,3,68,999,3,0,0,0,0,8,2007,2,2010,0,0,0,0,0,1,2,55,4,1,2,1,0,0,14,62,1,1,1,51,1,0
37,370225,1,1,2,5,4,6,10,8,0,1,0,36,1,6,441,6441,20,2009,2A8HR54129R5,2,A,8,H,R,5,4,1,2,9,R,5,0,P,CHRY,TWC,SV,9,17,4507,,0,1212,,G,,0,0,000000000,00000000000,0,0,0,1,0,0,0,0,0,0,0,45,0,0,0,12,12,6,2,8,0,0,0,1,36,14837,6,1,0,0,3,3,74,999,0,0,0,0,0,0,0,0,0,0,0,0,0,0,1,2,45,1,2,2,1,0,0,1,80,1,1,1,13,0,0
37,370226,1,1,1,7,4,22,3,34,0,1,0,37,1,20,9,20009,2,1995,2G1FP22P9S22,2,G,1,F,P,2,2,P,9,S,2,2,0,P,CHEV,Z28,CP,95,17,3390,,0,1011,,G,,0,0,000000000,00000000000,0,0,0,1,0,0,0,0,0,0,0,45,0,9,2,12,13,6,2,42,0,0,0,1,37,28460,6,1,0,0,3,0,64,999,0,0,0,0,0,0,0,0,0,1,0,0,0,0,1,2,35,4,1,2,1,0,0,14,6,1,2,4,2,1,1
37,370227,1,1,1,4,4,13,25,1,0,1,0,37,1,72,706,72706,80,2007,1HD1BX5147Y0,1,H,D,1,B,X,5,1,4,7,Y,0,0,M,HD,FLF,RS,7,17,,,,,,,1584,0,0,000000000,00000000000,0,0,0,1,0,0,0,0,0,0,0,40,0,0,0,0,12,6,2,53,0,0,0,1,37,27205,6,1,0,0,3,3,71,999,0,0,0,0,1,12,2008,12,2008,1,58,0,0,0,1,2,55,2,1,2,1,0,0,14,12,1,1,4,6,1,1