STATE,ST_CASE,VEH_NO,VE_FORMS,NUMOCCS,DAY,MONTH,HOUR,MINUTE,HARM_EV,MAN_COLL,UNITTYPE,HIT_RUN,REG_STAT,OWNER,MAKE,MODEL,MAK_MOD,BODY_TYP,MOD_YEAR,VIN,VIN_1,VIN_2,VIN_3,VIN_4,VIN_5,VIN_6,VIN_7,VIN_8,VIN_9,VIN_10,VIN_11,VIN_12,TOW_VEH,VINTYPE,VINMAKE,VINA_MOD,VIN_BT,VINMODYR,VIN_LNGT,VIN_WGT,WGTCD_TR,WHLBS_LG,WHLBS_SH,SER_TR,FUELCODE,MCYCL_DS,J_KNIFE,MCARR_I1,MCARR_I2,MCARR_ID,GVWR,V_CONFIG,CARGO_BT,HAZ_INV,HAZ_PLAC,HAZ_ID,HAZ_CNO,HAZ_REL,BUS_USE,SPEC_USE,EMER_USE,TRAV_SP,UNDERIDE,ROLLOVER,ROLINLOC,IMPACT1,IMPACT2,DEFORMED,TOWED,M_HARM,VEH_SC1,VEH_SC2,FIRE_EXP,DR_PRES,L_STATE,DR_ZIP,L_STATUS,L_TYPE,CDL_STAT,L_ENDORS,L_COMPL,L_RESTRI,DR_HGT,DR_WGT,PREV_ACC,PREV_SUS,PREV_DWI,PREV_SPD,PREV_OTH,FIRST_MO,FIRST_YR,LAST_MO,LAST_YR,SPEEDREL,DR_SF1,DR_SF2,DR_SF3,DR_SF4,VTRAFWAY,VNUM_LAN,VSPD_LIM,VALIGN,VPROFILE,VPAVETYP,VSURCOND,VTRAFCON,VTCONT_F,P_CRASH1,P_CRASH2,P_CRASH3,PCRASH4,PCRASH5,ACC_TYPE,DEATHS,DR_DRINK
37,370265,1,2,1,7,4,23,6,12,8,1,0,37,1,23,471,23471,30,1996,1GTCS1948T85,1,G,T,C,S,1,9,4,8,T,8,5,0,T,GMC,SON,PC,96,17,,1,0,1229,SON,G,,0,0,000000000,00000000000,0,0,0,1,0,0,0,0,0,0,0,55,0,0,0,11,11,6,2,12,0,0,0,1,37,28360,6,1,0,0,3,0,70,999,0,0,0,2,1,8,2007,5,2009,0,28,0,0,0,1,2,55,1,1,2,1,0,0,1,10,1,1,2,64,0,0
37,370265,2,2,1,7,4,23,6,12,8,1,0,0,0,98,709,98709,88,2006,000000000000,0,0,0,0,0,0,0,0,0,0,0,0,0,U,,,,,17,,,,,,,,0,0,000000000,00000000000,0,0,0,1,0,0,0,0,0,0,0,30,0,0,0,9,9,6,2,12,0,0,0,1,37,28377,0,0,0,0,0,0,999,999,0,1,0,0,0,6,2008,6,2008,0,24,0,0,0,1,2,55,1,1,2,1,0,0,1,62,1,1,1,65,1,0
37,370267,1,2,3,18,4,16,36,12,2,1,0,37,1,7,482,7482,31,2006,1D7HU18256S6,1,D,7,H,U,1,8,2,5,6,S,6,1,T,DODG,SQ1,CW,6,17,,2,1605,1405,RPC,G,,1,0,000000000,00000000000,0,0,0,1,0,0,0,0,0,0,0,50,0,1,1,12,12,6,2,12,0,0,0,1,37,28023,6,1,6,0,3,0,68,999,0,0,0,0,1,1,2009,1,2009,0,28,0,0,0,1,2,55,4,1,2,1,0,0,14,10,1,1,2,50,0,1
37,370267,2,2,2,18,4,16,36,12,2,1,0,37,1,12,481,12481,31,1991,1FTDF15Y8MNA,1,F,T,D,F,1,5,Y,8,M,N,A,1,T,FORD,F15,PK,91,17,,1,1330,1170,COF,G,,1,0,000000000,00000000000,0,0,0,1,0,0,0,0,0,0,0,50,0,0,0,12,12,6,2,12,0,0,0,1,37,27239,6,1,0,0,3,0,71,999,1,0,0,0,0,6,2009,6,2009,0,0,0,0,0,1,2,55,4,1,2,1,0,0,14,62,1,1,1,51,1,0
37,370268,1,1,1,17,4,18,3,35,0,1,0,37,2,7,482,7482,31,2000,1B7HF13Y0YJ1,1,B,7,H,F,1,3,Y,0,Y,J,1,0,T,DODG,Q15,4C,0,17,,2,1547,1387,RPC,G,,0,0,000000000,00000000000,0,0,0,1,0,0,0,0,0,0,0,65,0,1,2,12,12,6,2,1,0,0,0,1,37,28081,3,1,0,0,2,0,67,999,0,1,0,0,0,10,2009,10,2009,0,0,0,0,0,1,2,45,4,3,2,1,0,0,14,12,1,1,4,6,1,1
37,370269,1,1,1,24,4,12,52,1,0,1,0,37,1,73,706,73706,80,2001,JKBVNCA111B5,J,K,B,V,N,C,A,1,1,1,B,5,0,M,KAWK,VN8,RS,1,17,,,,,,,800,0,0,000000000,00000000000,0,0,0,1,0,0,0,0,0,0,0,55,0,0,0,0,3,6,2,38,0,0,0,1,37,28676,1,1,0,0,2,0,76,999,0,6,0,0,3,5,2008,4,2010,1,28,0,0,0,1,2,55,4,2,2,1,0,0,14,12,1,1,4,98,1,0
37,370270,1,2,1,1,4,16,48,12,2,1,0,37,2,12,442,12442,20,1998,2FMDA5145WBB,2,F,M,D,A,5,1,4,5,W,B,B,0,T,FORD,WWG,ES,98,17,,1,0,1207,WIN,G,,0,0,000000000,00000000000,0,0,0,1,0,0,0,0,0,0,0,55,0,0,0,12,12,6,2,12,0,0,0,1,37,28227,6,1,0,0,3,0,66,999,0,0,0,0,0,0,0,0,0,0,0,0,0,0,1,2,55,1,1,2,1,0,0,1,62,1,1,1,51,1,0
37,370270,2,2,2,1,4,16,48,12,2,1,0,37,1,37,402,37402,14,2006,JHLRD68886C0,J,H,L,R,D,6,8,8,8,6,C,0,0,P,HOND,CRV,UT,6,17,3349,,0,1033,,G,,0,0,000000000,00000000000,0,0,0,1,0,0,0,0,0,0,0,55,0,0,0,12,12,6,2,12,0,0,0,1,37,28103,6,1,0,0,3,3,68,999,0,0,0,0,0,0,0,0,0,0,28,0,0,0,1,2,55,1,1,2,1,0,0,1,10,1,1,2,50,1,0
37,370271,1,1,1,10,4,17,59,34,0,1,0,37,3,20,481,20481,31,2003,2GCEC19V4313,2,G,C,E,C,1,9,V,4,3,1,3,0,T,CHEV,SC1,4C,3,17,,2,1575,1435,SIL,G,,0,0,000000000,00000000000,0,0,0,1,0,0,0,0,0,0,0,65,0,1,2,12,12,6,2,1,0,0,0,1,37,28170,0,0,0,0,0,0,71,999,0,0,0,0,0,0,0,0,0,1,0,0,0,0,2,2,55,1,1,2,1,0,0,1,13,1,1,4,1,1,0
37,370272,1,2,1,1,4,18,55,12,6,1,0,37,1,55,33,55033,4,2011,5NPEC4AC5BH0,5,N,P,E,C,4,A,C,5,B,H,0,0,P,HYUN,SLI,4D,11,17,3199,,0,1100,,G,,0,0,000000000,00000000000,0,0,0,1,0,0,0,0,0,0,0,65,0,0,0,12,12,6,2,12,0,0,0,1,37,27614,6,1,0,0,3,0,65,999,0,0,0,0,0,0,0,0,0,1,39,0,0,0,2,6,45,1,1,2,1,3,3,1,17,1,1,1,83,0,1
37,370272,2,2,1,1,4,18,55,12,6,1,0,37,1,12,37,12037,4,2003,1FAFP34P43W2,1,F,A,F,P,3,4,P,4,3,W,2,0,P,FORD,FCS,4D,3,17,2564,,0,1030,,G,,0,0,000000000,00000000000,0,0,0,1,0,0,0,0,0,0,0,35,0,0,0,9,9,6,2,12,0,0,0,1,37,27545,6,1,0,0,3,3,65,999,0,0,0,0,0,0,0,0,0,0,0,0,0,0,1,2,45,1,1,2,1,3,3,11,15,1,1,1,82,1,0
37,370273,1,2,1,20,4,9,16,12,1,1,0,37,1,53,705,53705,80,2007,JS1VP54A9721,J,S,1,V,P,5,4,A,9,7,2,1,0,M,SUZI,SDL,RS,7,17,,,,,,,645,0,0,000000000,00000000000,0,0,0,1,0,0,0,0,0,0,0,45,0,0,0,12,12,6,2,12,0,0,0,1,37,27592,6,1,0,0,3,0,67,999,0,0,0,0,0,0,0,0,0,0,0,0,0,0,1,2,45,1,1,2,1,0,0,1,50,1,1,1,20,1,0
37,370273,2,2,1,20,4,9,16,12,1,1,0,37,3,12,471,12471,30,2008,1FTYR14E18PA,1,F,T,Y,R,1,4,E,1,8,P,A,0,T,FORD,RNS,PS,8,17,,1,0,1260,RNG,G,,0,0,000000000,00000000000,0,0,0,1,0,0,0,0,0,0,0,0,0,0,0,6,6,6,2,12,0,0,0,1,37,27539,6,1,0,0,3,0,64,999,0,0,0,0,0,0,0,0,0,0,0,0,0,0,1,2,45,1,1,2,1,0,0,5,53,1,1,1,21,0,0
37,370274,1,1,2,8,4,21,30,32,0,1,0,37,2,12,401,12401,14,1997,1FMCU22X9VUC,1,F,M,C,U,2,2,X,9,V,U,C,0,P,FORD,EPR,UT,97,17,3707,,0,1017,,G,,0,0,000000000,00000000000,0,0,0,1,0,0,0,0,0,0,0,80,0,1,2,12,9,6,2,1,0,0,0,1,37,27807,1,1,0,0,2,0,73,999,0,1,0,0,0,1,2010,1,2010,0,28,36,0,0,1,2,55,1,1,2,1,0,0,1,12,1,1,4,6,1,0
37,370275,1,2,1,30,3,6,52,12,2,1,0,37,1,2,404,2404,14,2000,1J4G248S8YC1,1,J,4,G,2,4,8,S,8,Y,C,1,0,T,JEEP,LRO,4W,0,17,,1,0,1059,GCK,G,,0,0,000000000,00000000000,0,0,0,1,0,0,0,0,0,0,0,70,0,0,0,12,12,6,2,12,0,0,0,1,37,27055,6,1,0,0,3,3,68,999,1,0,0,1,0,6,2008,11,2008,0,28,0,0,0,1,2,55,4,2,2,1,0,0,14,10,1,1,2,50,0,0
37,370275,2,2,1,30,3,6,52,12,2,1,0,37,1,76,706,76706,80,2006,JYAVP11E06A0,J,Y,A,V,P,1,1,E,0,6,A,0,0,M,YAMA,XVA,RS,6,17,,,,,,,1063,0,0,000000000,00000000000,0,0,0,1,0,0,0,0,0,0,0,45,0,0,0,12,12,6,2,12,0,0,0,1,37,27055,6,1,6,0,3,3,67,999,0,0,0,0,0,0,0,0,0,0,0,0,0,0,1,2,55,4,2,2,1,0,0,14,62,1,1,1,51,1,0
37,370276,1,1,1,24,4,3,32,35,0,1,0,37,2,20,22,20022,2,2007,1G1AL18F0772,1,G,1,A,L,1,8,F,0,7,7,2,0,P,CHEV,BLT,CP,7,17,2991,,0,1033,,G,,0,0,000000000,00000000000,0,0,0,1,0,0,0,0,0,0,0,55,0,1,5,12,12,6,2,1,0,0,0,1,37,28681,6,1,0,0,3,0,65,999,0,0,0,0,0,0,0,0,0,1,0,0,0,0,1,2,45,4,2,2,1,0,0,14,13,1,1,4,1,1,1
37,370277,1,1,1,25,4,21,9,8,0,1,0,37,1,7,482,7482,31,2003,1D7HA18N43J5,1,D,7,H,A,1,8,N,4,3,J,5,0,T,DODG,SQ1,CW,3,17,,2,1605,1405,RPC,G,,0,0,000000000,00000000000,0,0,0,1,0,0,0,0,0,0,0,37,0,0,0,12,12,6,2,8,0,0,0,1,37,28451,6,1,0,0,3,3,71,999,0,0,0,0,0,0,0,0,0,0,0,0,0,0,1,2,55,1,1,2,1,0,0,1,80,1,1,1,13,0,0
37,370278,1,1,2,30,4,23,43,33,0,1,0,37,1,72,706,72706,80,1991,1HD1BLL18MY0,1,H,D,1,B,L,L,1,8,M,Y,0,0,M,HD,XST,RS,91,17,,,,,,,1340,0,0,000000000,00000000000,0,0,0,1,0,0,0,0,0,0,0,70,0,0,0,1,12,4,8,53,0,0,0,1,37,28601,6,1,0,0,3,0,72,999,0,0,0,0,0,0,0,0,0,0,36,0,0,0,1,4,45,1,1,2,1,0,0,1,13,1,1,4,1,1,1
37,370279,1,1,1,28,4,1,46,42,0,1,0,12,1,20,36,20036,2,2002,2G1WX15K6293,2,G,1,W,X,1,5,K,6,2,9,3,0,P,CHEV,MSS,CP,2,17,3395,,0,1105,,G,,0,0,000000000,00000000000,0,0,0,1,0,0,0,0,0,0,0,70,0,1,5,12,12,6,2,42,0,0,1,1,12,34606,6,1,0,0,3,3,64,999,0,1,0,1,0,3,2010,3,2010,1,0,0,0,0,1,2,55,2,2,2,1,0,0,14,12,1,1,4,6,1,1
37,370280,1,2,2,20,4,14,46,12,6,1,0,12,1,72,706,72706,80,2005,1HD1FLW185Y6,1,H,D,1,F,L,W,1,8,5,Y,6,0,M,HD,CUS,RS,5,17,,,,,,,1450,0,0,000000000,00000000000,0,0,0,1,0,0,0,0,0,0,0,40,0,0,0,3,3,6,2,12,0,0,0,1,36,13027,6,1,0,0,3,0,74,999,0,0,0,0,0,0,0,0,0,0,28,58,0,0,1,2,45,4,1,2,1,0,0,14,10,1,1,2,64,1,0
37,370280,2,2,1,20,4,14,46,12,6,1,0,37,2,12,461,12461,21,1999,1FTPE2421XHA,1,F,T,P,E,2,4,2,1,X,H,A,0,T,FORD,25V,CG,99,17,,2,0,1380,VAN,G,,0,0,000000000,00000000000,0,0,0,1,0,0,0,0,0,0,0,45,0,0,0,12,12,4,1,12,0,0,0,1,55,54303,1,1,0,0,2,0,68,260,0,0,0,0,0,0,0,0,0,0,0,0,0,0,1,2,45,4,1,2,1,0,0,14,62,1,1,1,65,0,0
37,370281,1,3,1,3,4,14,13,12,1,1,0,37,1,35,47,35047,4,2008,1N4AL21E58N4,1,N,4,A,L,2,1,E,5,8,N,4,0,P,NISS,ATS,4D,8,17,3028,,0,1093,,G,,0,0,000000000,00000000000,0,0,0,1,0,0,0,0,0,0,0,44,0,0,0,12,12,6,2,12,0,0,0,1,37,27360,6,1,0,0,3,0,60,999,0,0,0,0,0,0,0,0,0,0,0,0,0,0,1,2,55,1,2,2,1,0,0,1,50,1,1,1,20,0,0
37,370281,2,3,2,3,4,14,13,12,1,1,0,37,1,49,471,49471,30,1985,JT4RN55R4F01,J,T,4,R,N,5,5,R,4,F,0,1,0,T,TOYT,55R,PK,85,17,,1,0,1122,HTP,G,,0,0,000000000,00000000000,0,0,0,1,0,0,0,0,0,0,0,0,0,0,0,6,3,6,2,12,0,0,0,1,37,27360,6,1,0,0,3,0,68,999,0,0,0,0,0,0,0,0,0,0,0,0,0,0,1,2,55,1,2,2,1,0,0,5,53,1,1,1,21,2,0
37,370281,3,3,1,3,4,14,13,12,1,1,0,37,2,22,20,22020,4,1999,1G2WJ52M2XF3,1,G,2,W,J,5,2,M,2,X,F,3,0,P,PONT,GFS,4D,99,17,3414,,0,1105,,G,,0,0,000000000,00000000000,0,0,0,1,0,0,0,0,0,0,0,55,0,0,0,12,12,6,2,12,0,0,0,1,37,27360,6,1,0,0,3,0,69,999,0,0,0,0,0,0,0,0,0,0,0,0,0,0,1,2,55,1,2,2,1,0,0,1,62,1,1,1,98,0,0
37,370282,1,2,2,27,4,7,19,12,6,1,0,37,2,20,16,20016,2,1998,1G1JC124XWM1,1,G,1,J,C,1,2,4,X,W,M,1,0,P,CHEV,C/S,CP,98,17,2584,,0,1041,,G,,0,0,000000000,00000000000,0,0,0,1,0,0,0,0,0,0,0,15,0,0,0,3,3,6,2,12,0,0,0,1,37,27360,6,2,0,0,3,3,64,999,0,0,0,0,0,0,0,0,0,0,38,0,0,0,1,2,55,1,2,2,1,0,0,11,15,1,1,1,68,1,0
37,370282,2,2,1,27,4,7,19,12,6,1,0,37,1,12,481,12481,31,2007,1FTRX14W27KA,1,F,T,R,X,1,4,W,2,7,K,A,0,T,FORD,F15,4C,7,17,,2,1630,1330,COF,G,,0,0,000000000,00000000000,0,0,0,1,0,0,0,0,0,0,0,50,0,0,0,12,12,6,2,12,0,0,0,1,37,27292,6,1,6,0,3,0,67,999,0,0,0,0,0,0,0,0,0,0,0,0,0,0,1,2,55,1,2,2,1,0,0,1,54,1,1,1,69,0,0
37,370283,1,2,1,10,4,1,0,12,6,1,0,37,3,85,881,85881,66,2004,3WKDDU9X44F0,3,W,K,D,D,U,9,X,4,4,F,0,1,T,KW,T80,DS,4,17,,8,2600,1600,CON,D,,1,57,1021423,571021423,3,6,97,1,0,0,0,0,0,0,0,55,0,1,2,12,12,6,2,12,0,0,0,1,37,28398,6,1,6,8,3,3,71,999,2,0,0,0,0,6,2008,5,2009,0,0,0,0,0,2,4,55,1,1,2,1,3,3,1,66,1,1,1,86,1,0
37,370283,2,2,1,10,4,1,0,12,6,1,0,37,2,2,404,2404,14,2000,1J4FF48S4YL1,1,J,4,F,F,4,8,S,4,Y,L,1,0,T,JEEP,SPT,4W,0,17,,1,0,1014,CHK,G,,0,0,000000000,00000000000,0,0,0,1,0,0,0,0,0,0,0,45,0,0,0,1,1,6,2,12,0,0,0,1,37,28349,6,1,0,0,3,0,71,999,1,0,0,2,1,5,2008,3,2009,0,0,0,0,0,1,4,55,1,1,2,1,3,3,1,17,1,1,1,87,0,0
37,370284,1,2,3,24,4,14,40,12,1,1,0,37,2,20,444,20444,20,2005,1GNDV23L35D2,1,G,N,D,V,2,3,L,3,5,D,2,0,T,CHEV,DLS,ES,5,17,,1,0,1211,UPL,G,,0,0,000000000,00000000000,0,0,0,1,0,0,0,0,0,0,0,55,0,0,0,12,12,6,2,12,0,0,0,1,37,27864,6,1,0,0,3,3,61,999,3,0,0,0,1,7,2007,4,2009,1,54,0,0,0,1,2,55,4,2,2,1,0,0,14,50,1,1,1,20,0,0
37,370284,2,2,1,24,4,14,40,12,1,1,0,37,1,37,709,37709,80,1999,JH2RC4433XM1,J,H,2,R,C,4,4,3,3,X,M,1,0,M,HOND,V75,RS,99,17,,,,,,,745,0,0,000000000,00000000000,0,0,0,1,0,0,0,0,0,0,0,0,0,0,0,6,6,6,2,12,0,0,0,1,37,27852,6,1,0,0,2,0,71,999,0,0,0,0,0,0,0,0,0,0,0,0,0,0,1,2,55,4,2,2,1,0,0,5,53,1,1,1,21,1,0
37,370285,1,2,1,18,4,23,21,12,1,1,0,37,2,37,706,37706,80,2006,JH2SC57076M2,J,H,2,S,C,5,7,0,7,6,M,2,0,M,HOND,CBS,RS,6,17,,,,,,,998,0,0,000000000,00000000000,0,0,0,1,0,0,0,0,0,0,0,70,0,0,0,12,12,6,2,12,0,0,0,1,37,28052,1,1,0,0,2,0,71,999,1,4,0,0,1,7,2007,3,2010,0,36,0,0,0,3,4,50,1,2,2,1,0,0,1,51,1,1,1,24,1,1
37,370285,2,2,2,18,4,23,21,12,1,1,0,37,1,7,482,7482,31,2004,1D7HA18DX4S7,1,D,7,H,A,1,8,D,X,4,S,7,0,T,DODG,SQ1,CW,4,17,,2,1605,1405,RPC,G,,0,0,000000000,00000000000,0,0,0,1,0,0,0,0,0,0,0,30,0,0,0,6,6,2,1,12,0,0,0,1,37,28056,6,1,0,0,3,3,70,999,0,0,0,2,0,12,2007,10,2008,0,0,0,0,0,3,4,50,1,2,2,1,0,0,1,53,1,1,1,25,0,0
37,370286,1,1,1,13,4,9,5,42,0,1,0,37,1,23,481,23481,31,1994,1GTDC14ZXRZ5,1,G,T,D,C,1,4,Z,X,R,Z,5,0,T,GMC,SC1,PK,94,17,,1,1315,1175,SIE,G,,0,0,000000000,00000000000,0,0,0,1,0,0,0,0,0,0,0,35,0,0,0,12,12,6,2,42,0,0,0,1,37,27403,6,1,0,0,3,3,78,999,0,0,0,0,0,0,0,0,0,0,99,99,99,99,1,2,35,4,1,2,1,0,0,14,13,1,1,4,1,1,0
37,370287,1,1,4,24,4,11,56,42,0,1,0,25,2,2,405,2405,14,2005,1J4GL48K75W5,1,J,4,G,L,4,8,K,7,5,W,5,0,T,JEEP,SPR,4W,5,17,,1,0,1043,LIB,G,,0,0,000000000,00000000000,0,0,0,1,0,0,0,0,0,0,0,70,0,0,0,12,3,6,2,42,0,0,0,1,25,2790,6,1,0,0,3,3,63,999,0,0,0,0,0,0,0,0,0,0,58,0,0,0,3,4,70,4,1,2,1,0,0,14,13,1,1,4,1,1,0
37,370288,1,1,1,21,4,22,15,34,0,1,0,37,2,76,706,76706,80,2003,JYARN10EX3A0,J,Y,A,R,N,1,0,E,X,3,A,0,0,M,YAMA,YFR,RS,3,17,,,,,,,998,0,0,000000000,00000000000,0,0,0,1,0,0,0,0,0,0,0,90,0,0,0,12,3,6,2,59,0,0,0,1,37,27504,6,1,0,0,3,0,68,999,1,0,0,1,1,11,2007,3,2009,1,35,36,0,0,3,4,65,1,1,2,1,0,0,6,8,1,1,4,1,1,1
37,370289,1,1,1,16,4,15,13,43,0,1,0,37,1,41,35,41035,4,2002,JM1BJ2252205,J,M,1,B,J,2,2,5,2,2,0,5,0,P,MAZD,PDS,4D,2,17,2493,,0,1028,,G,,0,0,000000000,00000000000,0,0,0,1,0,0,0,0,0,0,0,998,0,0,0,12,12,6,2,43,0,0,0,1,37,28791,6,1,0,0,3,3,76,999,0,0,0,0,0,0,0,0,0,0,99,99,99,99,1,2,35,4,2,2,1,0,0,14,13,1,1,4,1,1,0
37,370290,1,2,2,26,4,19,20,12,6,1,0,37,1,20,2,20002,4,1987,1G1BN51H2HX1,1,G,1,B,N,5,1,H,2,H,X,1,0,P,CHEV,CCL,4D,87,17,3512,,0,1160,,G,,0,0,000000000,00000000000,0,0,0,1,0,0,0,0,0,0,0,50,0,1,2,1,1,6,2,1,0,0,0,1,37,28379,1,1,0,0,2,3,68,999,0,5,0,1,3,9,2007,1,2010,0,39,0,0,0,1,2,55,1,1,2,1,20,3,1,17,1,1,1,87,2,0
37,370290,2,2,1,26,4,19,20,12,6,1,0,37,1,37,32,37032,4,1992,1HGCB7672NA0,1,H,G,C,B,7,6,7,2,N,A,0,0,P,HOND,AEX,4D,92,17,2987,,0,1071,,G,,0,0,000000000,00000000000,0,0,0,1,0,0,0,0,0,0,0,55,0,0,0,12,12,6,2,12,0,0,0,1,37,28376,6,1,0,0,3,0,74,999,0,1,0,0,0,2,2008,2,2008,0,0,0,0,0,1,2,55,1,1,2,1,0,0,1,66,1,1,1,86,0,0
37,370291,1,3,1,9,4,14,51,12,1,1,0,48,2,87,881,87881,66,2000,1XP5DB9X2YD4,1,X,P,5,D,B,9,X,2,Y,D,4,1,T,PTRB,379,DS,0,17,,8,0,0,CON,D,,1,57,92693,5792693,3,6,3,1,0,0,0,0,0,0,0,55,0,0,0,12,12,4,1,12,0,0,0,1,48,77532,6,1,6,0,3,0,999,999,0,0,0,0,3,5,2007,4,2009,1,0,0,0,0,2,4,35,1,1,2,1,3,3,1,50,1,1,1,20,0,0
37,370291,2,3,4,9,4,14,51,12,1,1,0,37,1,6,441,6441,20,2000,1C4GP44G0YB6,1,C,4,G,P,4,4,G,0,Y,B,6,0,P,CHRY,TWC,SV,0,17,3948,,0,1193,,F,,0,0,000000000,00000000000,0,0,0,1,0,0,0,0,0,0,0,0,0,0,0,6,11,6,2,12,0,0,0,1,37,28117,6,1,0,0,3,3,67,999,0,0,0,0,0,0,0,0,0,0,0,0,0,0,2,4,35,1,1,2,1,3,3,11,53,1,1,1,21,1,0
37,370291,3,3,1,9,4,14,51,12,1,1,0,17,3,82,881,82881,66,2007,1FUJA6CV17LX,1,F,U,J,A,6,C,V,1,7,L,X,1,T,FRHT,COL,DS,7,17,,8,0,0,CON,D,,1,57,191496,57191496,3,6,1,1,0,0,0,0,0,0,0,35,0,0,0,7,7,2,1,12,0,0,0,1,37,28610,6,1,6,9,3,3,70,999,1,0,0,0,0,3,2010,3,2010,0,0,0,0,0,2,4,35,1,1,2,1,3,3,1,63,1,1,1,98,0,0
37,370292,1,2,1,28,4,7,42,12,7,1,0,37,1,20,481,20481,31,1993,1GCEK14K0PE2,1,G,C,E,K,1,4,K,0,P,E,2,0,T,CHEV,GK1,PK,93,17,,2,1315,1175,GM4,G,,0,0,000000000,00000000000,0,0,0,1,0,0,0,0,0,0,0,75,0,1,2,3,3,6,2,1,0,0,0,1,37,27524,6,2,0,0,3,0,71,999,0,0,0,0,0,0,0,0,0,1,35,0,0,0,1,2,55,1,1,2,1,0,0,6,51,1,1,2,46,1,0
37,370292,2,2,1,28,4,7,42,12,7,1,0,37,2,12,481,12481,31,1997,1FTDF18W9VNA,1,F,T,D,F,1,8,W,9,V,N,A,0,T,FORD,F15,PK,97,17,,1,1390,1200,COF,G,,0,0,000000000,00000000000,0,0,0,1,0,0,0,0,0,0,0,70,0,1,2,9,9,6,2,1,0,0,0,1,37,27524,6,2,0,0,3,3,70,999,0,0,0,0,0,0,0,0,0,0,0,0,0,0,1,2,55,1,2,2,1,0,0,1,61,1,1,1,45,0,0
37,370293,1,1,2,25,4,3,53,42,0,1,0,37,2,18,7,18007,4,2001,2G4WS52JX113,2,G,4,W,S,5,2,J,X,1,1,3,0,P,BUIC,CCU,4D,1,17,3368,,0,1090,,G,,0,0,000000000,00000000000,0,0,0,1,0,0,0,0,0,0,0,55,0,0,0,12,11,6,2,43,0,0,0,1,37,28078,6,1,0,0,3,0,72,999,2,0,0,0,1,8,2009,3,2010,0,36,0,0,0,1,2,25,1,1,2,2,0,0,1,13,1,1,4,1,1,1
37,370294,1,1,1,14,4,17,42,8,0,1,0,37,1,42,44,42044,2,2001,WDBFA68F21F1,W,D,B,F,A,6,8,F,2,1,F,1,0,P,MERZ,SL5,RD,1,17,4125,,0,990,,G,,0,0,000000000,00000000000,0,0,0,1,0,0,0,0,0,0,0,35,0,0,0,12,12,4,1,8,0,0,0,1,37,28412,6,1,6,0,3,0,71,999,0,0,0,0,1,3,2010,3,2010,0,0,0,0,0,4,3,35,1,1,2,1,0,0,1,80,1,1,1,13,0,0
37,370295,1,1,2,26,4,11,44,1,0,1,0,37,2,20,403,20403,14,2003,1GNDS13S6321,1,G,N,D,S,1,3,S,6,3,2,1,0,P,CHEV,TRL,UT,3,17,4417,,0,1130,,G,,0,0,000000000,00000000000,0,0,0,1,0,0,0,0,0,0,0,90,0,9,2,0,9,6,2,1,0,0,0,1,37,28458,6,1,0,0,3,3,72,999,0,0,0,0,2,4,2009,1,2010,1,36,58,0,0,3,4,70,1,1,2,1,0,0,1,13,1,1,4,1,1,0
37,370296,1,1,2,14,4,22,24,35,0,1,0,37,2,37,441,37441,20,1998,JHMRA3849WC0,J,H,M,R,A,3,8,4,9,W,C,0,0,P,HOND,ODY,SV,98,17,3349,,0,1114,,G,,0,0,000000000,00000000000,0,0,0,1,0,0,0,0,0,0,0,55,0,0,0,9,9,6,2,42,0,0,0,1,37,27030,6,2,0,0,3,3,61,999,0,0,0,0,0,0,0,0,0,0,0,0,0,0,1,2,55,1,1,2,1,0,0,1,12,1,1,4,6,1,0
37,370297,1,1,1,30,4,18,15,1,0,1,0,45,1,37,706,37706,80,2004,1HFSC43044A4,1,H,F,S,C,4,3,0,4,4,A,4,0,M,HOND,VT2,RS,4,17,,,,,,,1099,0,0,000000000,00000000000,0,0,0,1,0,0,0,0,0,0,0,40,0,0,0,0,0,6,2,1,0,0,0,1,45,29621,6,1,0,0,3,0,68,260,0,0,0,0,0,0,0,0,0,1,28,0,0,0,1,2,35,4,2,2,1,0,0,14,9,1,1,2,98,1,0
37,370298,1,2,1,30,4,20,15,12,2,1,0,37,2,76,705,76705,80,2005,JYARJ06EX5A0,J,Y,A,R,J,0,6,E,X,5,A,0,0,M,YAMA,R6L,RS,5,17,,,,,,,599,0,0,000000000,00000000000,0,0,0,1,0,0,0,0,0,0,0,110,0,0,0,12,12,6,2,12,0,0,0,1,37,27536,1,1,0,0,2,0,68,999,0,7,0,0,2,7,2007,11,2008,0,28,36,0,0,1,2,55,1,3,2,1,0,0,1,11,1,1,2,50,1,0
37,370298,2,2,1,30,4,20,15,12,2,1,0,37,2,12,35,12035,4,1999,1FAFP6637XK2,1,F,A,F,P,6,6,3,7,X,K,2,0,P,FORD,CSE,4D,99,17,2774,,0,1065,,G,,0,0,000000000,00000000000,0,0,0,1,0,0,0,0,0,0,0,45,0,0,0,12,12,6,2,12,0,0,0,1,37,27537,1,1,0,0,2,0,70,999,0,3,0,0,2,9,2007,1,2008,0,0,0,0,0,1,2,45,1,3,2,1,0,0,1,62,1,1,1,51,0,0
37,370299,1,1,2,29,4,21,35,8,0,1,0,37,1,37,31,37031,4,1995,JHMEH9690SS0,J,H,M,E,H,9,6,9,0,S,S,0,0,P,HOND,CEX,4D,95,17,2459,,0,1032,,G,,0,0,000000000,00000000000,0,0,0,1,0,0,0,0,0,0,0,45,0,0,0,12,12,6,2,8,0,0,0,1,37,27596,6,1,0,0,3,3,71,999,0,0,0,0,0,0,0,0,0,0,0,0,0,0,1,2,45,1,1,2,1,3,3,1,80,1,1,1,13,0,0