STATE,ST_CASE,VEH_NO,VE_FORMS,NUMOCCS,DAY,MONTH,HOUR,MINUTE,HARM_EV,MAN_COLL,UNITTYPE,HIT_RUN,REG_STAT,OWNER,MAKE,MODEL,MAK_MOD,BODY_TYP,MOD_YEAR,VIN,VIN_1,VIN_2,VIN_3,VIN_4,VIN_5,VIN_6,VIN_7,VIN_8,VIN_9,VIN_10,VIN_11,VIN_12,TOW_VEH,VINTYPE,VINMAKE,VINA_MOD,VIN_BT,VINMODYR,VIN_LNGT,VIN_WGT,WGTCD_TR,WHLBS_LG,WHLBS_SH,SER_TR,FUELCODE,MCYCL_DS,J_KNIFE,MCARR_I1,MCARR_I2,MCARR_ID,GVWR,V_CONFIG,CARGO_BT,HAZ_INV,HAZ_PLAC,HAZ_ID,HAZ_CNO,HAZ_REL,BUS_USE,SPEC_USE,EMER_USE,TRAV_SP,UNDERIDE,ROLLOVER,ROLINLOC,IMPACT1,IMPACT2,DEFORMED,TOWED,M_HARM,VEH_SC1,VEH_SC2,FIRE_EXP,DR_PRES,L_STATE,DR_ZIP,L_STATUS,L_TYPE,CDL_STAT,L_ENDORS,L_COMPL,L_RESTRI,DR_HGT,DR_WGT,PREV_ACC,PREV_SUS,PREV_DWI,PREV_SPD,PREV_OTH,FIRST_MO,FIRST_YR,LAST_MO,LAST_YR,SPEEDREL,DR_SF1,DR_SF2,DR_SF3,DR_SF4,VTRAFWAY,VNUM_LAN,VSPD_LIM,VALIGN,VPROFILE,VPAVETYP,VSURCOND,VTRAFCON,VTCONT_F,P_CRASH1,P_CRASH2,P_CRASH3,PCRASH4,PCRASH5,ACC_TYPE,DEATHS,DR_DRINK
37,370403,1,2,1,5,6,15,14,12,6,1,0,37,1,12,481,12481,31,2005,1FTPW14595KE,1,F,T,P,W,1,4,5,9,5,K,E,0,T,FORD,F1S,CW,5,17,,2,1450,1260,COF,G,,0,0,000000000,00000000000,0,0,0,1,0,0,0,0,0,0,0,55,0,1,2,12,12,6,2,12,0,0,0,1,37,28227,6,1,0,0,3,0,73,999,0,0,0,3,0,1,2008,8,2009,0,0,0,0,0,1,2,55,1,1,2,1,0,0,1,67,1,1,1,83,0,0
37,370403,2,2,1,5,6,15,14,12,6,1,0,37,1,7,472,7472,30,1993,1B7FL23X7PS2,1,B,7,F,L,2,3,X,7,P,S,2,0,T,DODG,DAK,PC,93,17,,1,0,1309,DAK,G,,0,0,000000000,00000000000,0,0,0,1,0,0,0,0,0,0,0,10,0,0,0,10,10,6,2,12,0,0,0,1,37,28163,6,1,0,0,3,0,72,999,0,0,0,0,0,0,0,0,0,0,38,0,0,0,1,2,55,8,8,2,1,20,3,11,15,1,1,1,82,1,0
37,370404,1,1,2,12,6,14,44,1,0,1,0,40,2,12,471,12471,30,2003,1FTYR10D53PA,1,F,T,Y,R,1,0,D,5,3,P,A,0,T,FORD,RNG,PK,3,17,,1,1175,1116,RNG,G,,0,0,000000000,00000000000,0,0,0,1,0,0,0,0,0,0,0,65,0,2,5,0,3,6,2,1,0,0,0,1,37,28025,6,1,0,0,3,3,70,999,0,0,0,0,0,0,0,0,0,1,0,0,0,0,1,2,55,3,2,2,1,0,0,14,13,1,1,4,1,1,0
37,370405,1,1,1,18,6,12,14,30,0,1,0,37,1,19,3,19003,4,2000,1G6KD54Y6YU1,1,G,6,K,D,5,4,Y,6,Y,U,1,0,P,CADI,DFW,4D,0,17,4012,,0,1138,,G,,0,0,000000000,00000000000,0,0,0,1,0,0,0,0,0,0,0,55,0,0,0,12,7,6,2,30,0,0,0,1,37,28083,6,1,6,0,3,3,70,999,0,0,0,0,0,0,0,0,0,0,99,99,99,99,2,2,55,3,1,2,1,0,0,14,13,1,1,4,1,1,0
37,370406,1,1,2,28,5,1,51,42,0,1,0,37,1,49,471,49471,30,1994,4TARN01P2RZ2,4,T,A,R,N,0,1,P,2,R,Z,2,0,T,TOYT,SDX,PK,94,17,,1,0,1030,HTP,G,,0,0,000000000,00000000000,0,0,0,1,0,0,0,0,0,0,0,60,0,2,5,13,13,6,2,42,0,0,1,1,37,28630,6,1,0,0,3,0,72,999,1,0,0,1,0,11,2007,1,2008,1,58,0,0,0,1,2,45,2,2,2,1,0,0,14,6,1,1,4,1,1,1
37,370407,1,1,2,1,6,14,52,23,0,1,0,37,2,21,2,21002,4,1998,1G3HN52K8W48,1,G,3,H,N,5,2,K,8,W,4,8,0,P,OLDS,8LW,4D,98,17,3455,,0,1108,,G,,0,0,000000000,00000000000,0,0,0,1,0,0,0,0,0,0,0,40,0,0,0,12,12,6,2,23,0,0,0,1,37,28681,6,1,0,0,3,0,64,999,0,0,0,0,0,0,0,0,0,0,36,0,0,0,1,2,55,3,1,2,1,0,0,14,13,1,1,4,1,1,0
37,370408,1,1,1,11,6,21,20,1,0,1,0,37,2,37,31,37031,4,1990,1HGED3657LA0,1,H,G,E,D,3,6,5,7,L,A,0,0,P,HOND,CLX,4D,90,17,2072,,0,984,,G,,0,0,000000000,00000000000,0,0,0,1,0,0,0,0,0,0,0,55,0,2,5,0,0,6,2,1,0,0,0,1,37,28645,1,1,0,0,2,0,56,999,0,5,0,0,2,6,2007,11,2009,1,0,0,0,0,1,2,55,2,1,2,1,0,0,14,12,1,1,4,6,1,1
37,370409,1,1,1,12,6,5,49,30,0,1,0,37,1,12,481,12481,31,1999,1FTNW21L3XEE,1,F,T,N,W,2,1,L,3,X,E,E,0,T,FORD,F2S,CW,99,17,,2,1724,1562,SRW,G,,0,0,000000000,00000000000,0,0,0,1,0,0,0,0,0,0,0,60,0,1,5,3,3,6,2,1,0,0,0,1,37,28630,6,1,6,0,3,0,73,999,0,0,0,0,0,0,0,0,0,1,28,58,0,0,1,2,45,3,1,2,1,0,0,14,12,1,1,4,6,1,1
37,370410,1,1,2,4,5,3,49,35,0,1,0,37,2,37,32,37032,4,2000,1HGCG1652YA0,1,H,G,C,G,1,6,5,2,Y,A,0,0,P,HOND,UEX,4D,0,17,3285,,0,1069,,G,,0,0,000000000,00000000000,0,0,0,1,0,0,0,0,0,0,0,100,0,0,0,3,3,6,2,42,0,0,0,9,,,,,,,,,999,,,,,,,,,,,,0,0,0,0,1,2,45,2,1,2,1,0,0,0,12,0,0,0,6,1,0
37,370411,1,1,1,15,6,18,14,32,0,1,0,37,1,20,421,20421,15,2004,1GNEK13Z04R2,1,G,N,E,K,1,3,Z,0,4,R,2,0,P,CHEV,KTA,UT,4,17,5050,,0,1160,,F,,0,0,000000000,00000000000,0,0,0,1,0,0,0,0,0,0,0,45,0,1,5,12,12,6,2,1,0,0,0,1,37,28673,6,1,0,0,3,0,68,999,1,0,0,0,0,8,2008,8,2008,0,0,0,0,0,1,2,45,2,1,2,1,0,0,14,13,1,1,4,1,1,1
37,370412,1,2,1,6,6,19,10,12,1,1,0,45,2,41,37,41037,4,1995,1YVGE22C9S54,1,Y,V,G,E,2,2,C,9,S,5,4,0,P,MAZD,UDL,4D,95,17,2743,,0,1028,,G,,0,0,000000000,00000000000,0,0,0,1,0,0,0,0,0,0,0,55,0,0,0,6,12,6,2,12,0,0,0,1,96,0,9,9,99,9,9,9,999,999,99,99,99,99,99,99,9999,99,9999,1,28,0,0,0,1,2,55,1,1,2,2,0,0,1,6,1,3,4,64,1,0
37,370412,2,2,1,6,6,19,10,12,1,1,0,13,1,2,403,2403,14,2007,1J4FA24177L1,1,J,4,F,A,2,4,1,7,7,L,1,0,T,JEEP,WXR,2W,7,17,,1,0,954,WRA,G,,0,0,000000000,00000000000,0,0,0,1,0,0,0,0,0,0,0,55,0,0,0,12,12,6,2,12,0,0,0,1,13,30560,6,1,0,0,3,3,71,260,98,0,0,0,0,0,0,0,0,0,0,0,0,0,1,2,55,1,1,2,2,0,0,1,62,7,1,4,65,0,0
37,370413,1,2,1,19,5,22,2,12,6,1,0,37,1,24,2,24002,2,1994,1G8ZH1570RZ2,1,G,8,Z,H,1,5,7,0,R,Z,2,0,P,STRN,SC2,CP,94,17,2302,,0,992,,G,,0,0,000000000,00000000000,0,0,0,1,0,0,0,0,0,0,0,45,0,0,0,9,9,6,2,12,0,0,0,1,37,28021,6,1,0,0,3,3,69,999,1,0,0,0,1,12,2009,1,2010,0,38,0,0,0,1,2,45,8,8,2,1,20,3,1,17,1,1,1,89,1,0
37,370413,2,2,2,19,5,22,2,12,6,1,0,37,1,12,481,12481,31,1999,1FTRX18L4XNA,1,F,T,R,X,1,8,L,4,X,N,A,0,T,FORD,F15,4C,99,17,,2,1574,1388,COF,G,,0,0,000000000,00000000000,0,0,0,1,0,0,0,0,0,0,0,45,0,0,0,12,12,6,2,12,0,0,0,1,37,28150,6,1,0,0,3,0,70,999,0,0,0,0,2,8,2008,7,2009,0,0,0,0,0,1,2,45,1,1,2,1,0,0,1,66,1,1,1,88,0,0
37,370414,1,1,2,5,6,22,13,8,0,1,0,37,2,49,401,49401,14,1997,JT3HN87R7V00,J,T,3,H,N,8,7,R,7,V,0,0,0,P,TOYT,RUN,UT,97,17,3940,,0,1053,,G,,0,0,000000000,00000000000,0,0,0,1,0,0,0,0,0,0,0,65,0,0,0,14,14,0,1,8,0,0,0,1,47,37064,6,1,0,0,3,0,68,170,0,0,0,1,0,10,2007,10,2007,0,0,0,0,0,3,2,65,1,1,2,1,0,0,1,80,1,1,1,13,0,0
37,370415,1,1,2,13,6,3,21,8,0,1,0,37,2,6,441,6441,20,2001,2C4GP443X1R2,2,C,4,G,P,4,4,3,X,1,R,2,0,P,CHRY,TWC,SV,1,17,3993,,0,1193,,F,,0,0,000000000,00000000000,0,0,0,1,0,0,0,0,0,0,0,65,0,0,0,12,12,6,2,8,0,0,0,1,37,28150,6,1,0,0,3,0,67,999,1,0,0,3,2,1,2008,6,2010,0,99,99,99,99,3,2,65,1,1,2,1,0,0,1,80,1,1,1,13,0,0
37,370416,1,2,1,24,5,8,25,12,2,1,0,37,1,30,46,30046,4,1994,WVWJF4317RE0,W,V,W,J,F,4,3,1,7,R,E,0,0,P,VOLK,PGX,4D,94,17,3065,,0,1033,,G,,0,0,000000000,00000000000,0,0,0,1,0,0,0,0,0,0,0,70,0,0,0,12,12,6,2,12,0,0,0,1,37,28456,6,2,0,0,3,3,71,999,0,0,0,0,0,0,0,0,0,1,28,0,0,0,1,2,55,1,1,2,2,0,0,1,10,1,1,2,50,1,0
37,370416,2,2,1,24,5,8,25,12,2,1,0,37,3,12,461,12461,21,2006,1FTSS34L26HB,1,F,T,S,S,3,4,L,2,6,H,B,0,T,FORD,3SD,EC,6,17,,2,0,1380,VAN,G,,0,0,000000000,00000000000,0,0,0,1,0,0,0,0,0,0,0,55,0,0,0,12,12,6,2,12,0,0,0,1,37,28450,6,1,0,0,3,3,68,999,1,0,0,0,0,6,2007,6,2007,0,0,0,0,0,1,2,55,1,1,2,2,0,0,1,62,1,1,1,51,1,0
37,370417,1,2,2,29,5,15,46,12,6,1,0,37,1,53,34,53034,4,2007,KL5JD56Z67K5,K,L,5,J,D,5,6,Z,6,7,K,5,0,P,SUZI,FCP,4D,7,17,2700,,0,1024,,G,,0,0,000000000,00000000000,0,0,0,1,0,0,0,0,0,0,0,55,0,0,0,9,9,6,2,12,0,0,0,1,37,28213,6,1,0,0,3,0,71,999,0,0,0,0,0,0,0,0,0,0,38,0,0,0,1,2,55,1,1,2,1,20,3,1,17,1,1,1,89,1,0
37,370417,2,2,3,29,5,15,46,12,6,1,0,45,1,6,54,6054,6,2005,2C4GM68475R5,2,C,4,G,M,6,8,4,7,5,R,5,0,P,CHRY,PIF,UT,5,17,4361,,0,1160,,G,,0,0,000000000,00000000000,0,0,0,1,0,0,0,0,0,0,0,55,0,0,0,12,12,6,2,12,0,0,0,1,45,29033,6,1,0,0,3,3,68,225,0,0,0,0,0,0,0,0,0,0,0,0,0,0,1,2,55,1,1,2,1,0,0,1,66,1,1,1,88,0,0
37,370418,1,2,1,11,5,0,15,12,1,1,0,37,2,63,34,63034,4,2004,KNAGD1285453,K,N,A,G,D,1,2,8,5,4,5,3,0,P,KIA,OLE,4D,4,17,3279,,0,1063,,G,,0,0,000000000,00000000000,0,0,0,1,0,0,0,0,0,0,0,90,0,0,0,12,12,6,2,12,0,0,0,1,37,28423,6,1,0,0,3,0,67,999,0,2,0,0,1,1,2008,2,2010,1,36,0,0,0,2,4,55,1,1,2,1,0,0,1,51,1,1,1,24,0,0
37,370418,2,2,2,11,5,0,15,12,1,1,0,37,1,49,40,49040,4,1996,4T1BF12K1TU1,4,T,1,B,F,1,2,K,1,T,U,1,0,P,TOYT,LXS,4D,96,17,3241,,0,1031,,G,,0,0,000000000,00000000000,0,0,0,1,0,0,0,0,0,0,0,50,0,1,3,6,6,6,2,12,0,0,0,1,37,28433,6,1,0,0,3,3,72,999,2,2,0,0,0,6,2007,10,2009,0,0,0,0,0,2,4,55,1,1,2,1,0,0,1,53,1,1,1,25,1,0
37,370419,1,2,2,7,6,13,55,12,6,1,0,37,1,20,401,20401,14,1996,1GNCT18W1TK2,1,G,N,C,T,1,8,W,1,T,K,2,0,P,CHEV,BZR,UT,96,17,3814,,0,1005,,G,,0,0,000000000,00000000000,0,0,0,1,0,0,0,0,0,0,0,15,0,0,0,12,12,6,2,12,0,0,0,1,37,28442,6,1,0,0,3,0,63,999,0,0,0,2,3,9,2007,5,2010,0,38,0,0,0,1,2,55,2,1,2,1,0,0,11,15,1,1,1,82,0,0
37,370419,2,2,2,7,6,13,55,12,6,1,0,37,1,22,18,22018,2,2000,1G2NF12T0YM8,1,G,2,N,F,1,2,T,0,Y,M,8,0,P,PONT,SE1,CP,0,17,3066,,0,1070,,G,,0,0,000000000,00000000000,0,0,0,1,0,0,0,0,0,0,0,55,0,0,0,11,11,6,2,12,0,0,0,1,37,28472,6,1,0,0,3,0,72,999,0,0,0,0,0,0,0,0,0,0,0,0,0,0,1,2,55,3,1,2,1,0,0,14,62,1,1,1,83,1,0
37,370420,1,1,1,9,5,1,35,53,0,1,0,37,2,35,47,35047,4,2002,1N4BL11E62C2,1,N,4,B,L,1,1,E,6,2,C,2,0,P,NISS,ABE,4D,2,17,3099,,0,1102,,G,,0,0,000000000,00000000000,0,0,0,1,0,0,0,0,0,0,0,90,0,0,0,12,3,6,2,42,0,0,0,1,37,28562,6,1,0,0,3,0,66,999,0,0,0,0,0,0,0,0,0,1,58,0,0,0,1,2,55,1,1,2,1,0,0,1,13,1,1,4,1,1,1
37,370421,1,2,1,21,5,19,37,12,6,1,0,37,1,49,472,49472,30,2007,5TELU42N07Z3,5,T,E,L,U,4,2,N,0,7,Z,3,0,T,TOYT,DCL,CW,7,17,,1,0,1278,TAC,G,,0,0,000000000,00000000000,0,0,0,1,0,0,0,0,0,0,0,15,0,0,0,9,9,6,2,12,0,0,0,1,37,27949,6,1,0,0,3,3,71,999,0,0,0,1,0,5,2009,5,2009,0,38,0,0,0,1,4,50,1,1,2,1,0,0,11,15,1,1,1,82,0,1
37,370421,2,2,1,21,5,19,37,12,6,1,0,37,1,72,706,72706,80,2007,1HD1HHZ157K8,1,H,D,1,H,H,Z,1,5,7,K,8,0,M,HD,VNS,RS,7,17,,,,,,,1130,0,0,000000000,00000000000,0,0,0,1,0,0,0,0,0,0,0,57,0,0,0,12,12,6,2,12,0,0,0,1,37,27948,6,1,0,0,3,0,69,999,0,0,0,0,0,0,0,0,0,1,0,0,0,0,1,4,50,1,1,2,1,0,0,1,66,1,1,1,83,1,0
37,370422,1,2,1,21,5,23,23,12,6,1,0,37,1,37,32,37032,4,2006,1HGCM66556A0,1,H,G,C,M,6,6,5,5,6,A,0,0,P,HOND,UEX,4D,6,17,3437,,0,1079,,G,,0,0,000000000,00000000000,0,0,0,1,0,0,0,0,0,0,0,35,0,0,0,9,9,6,2,12,0,0,0,1,37,28164,6,1,0,0,3,0,63,999,2,0,0,0,0,5,2008,8,2009,0,38,0,0,0,1,2,35,8,8,2,1,20,3,11,15,1,1,1,82,1,0
37,370422,2,2,2,21,5,23,23,12,6,1,0,37,1,34,401,34401,14,2006,5UXFB53556LV,5,U,X,F,B,5,3,5,5,6,L,V,0,P,BMW,BX5,UT,6,17,4927,,0,1110,,G,,0,0,000000000,00000000000,0,0,0,1,0,0,0,0,0,0,0,55,0,0,0,12,12,6,2,12,0,0,0,1,37,27370,6,1,0,0,3,0,66,999,0,0,0,0,2,6,2008,1,2009,0,0,0,0,0,1,4,55,1,2,2,1,0,0,1,67,1,1,1,83,0,0
37,370423,1,1,2,29,5,6,56,42,0,1,0,13,3,12,461,12461,21,2010,1FTNE2EW2ADA,1,F,T,N,E,2,E,W,2,A,D,A,0,T,FORD,25V,CG,10,17,,2,0,1380,VAN,G,,0,0,000000000,00000000000,0,0,0,1,0,0,0,0,0,0,0,70,0,0,0,12,12,6,2,42,0,0,0,1,13,30008,6,1,0,0,3,0,72,275,98,1,0,1,1,8,2008,3,2010,0,0,0,0,0,3,3,70,1,1,2,1,0,0,1,12,1,1,4,6,1,0
37,370424,1,2,2,29,5,17,50,12,6,1,0,37,2,52,401,52401,14,1998,JA4MT31P6WP0,J,A,4,M,T,3,1,P,6,W,P,0,0,P,MITS,MNS,UT,98,17,3980,,0,1073,,G,,0,0,000000000,00000000000,0,0,0,1,0,0,0,0,0,0,0,15,0,0,0,9,9,6,2,12,0,0,1,1,37,27299,6,2,0,0,3,3,63,999,0,0,0,0,0,0,0,0,0,0,38,0,0,0,1,2,55,1,1,2,1,0,0,11,15,1,1,1,82,0,0
37,370424,2,2,1,29,5,17,50,12,6,1,0,37,1,37,705,37705,80,2006,JH2RC44026M0,J,H,2,R,C,4,4,0,2,6,M,0,0,M,HOND,T7C,RS,6,17,,,,,,,745,0,0,000000000,00000000000,0,0,0,1,0,0,0,0,0,0,0,45,0,0,0,12,12,6,2,12,0,0,1,1,37,27360,6,1,0,0,3,3,66,999,0,0,0,0,0,0,0,0,0,0,0,0,0,0,1,2,55,1,1,2,1,0,0,1,72,1,1,1,83,1,0
37,370425,1,1,1,15,6,13,47,53,0,1,0,37,2,12,401,12401,14,1994,1FMEU15N4RLA,1,F,M,E,U,1,5,N,4,R,L,A,0,P,FORD,BRO,UT,94,17,4616,,0,1050,,G,,0,0,000000000,00000000000,0,0,0,1,0,0,0,0,0,0,0,55,0,2,1,12,12,6,2,1,0,0,0,1,37,27292,6,1,0,0,3,0,62,999,0,3,0,2,0,10,2007,6,2010,0,58,0,0,0,1,2,55,1,2,2,1,0,0,1,13,1,1,4,1,1,0
37,370426,1,1,1,7,5,7,15,34,0,1,0,37,2,20,481,20481,31,1976,CCE616V14972,C,C,E,6,1,6,V,1,4,9,7,2,0,P,,,,,,,,,,,,,0,0,000000000,00000000000,0,0,0,1,0,0,0,0,0,0,0,55,0,1,5,1,1,6,2,1,0,0,0,1,37,27865,1,1,0,0,2,0,66,999,0,3,1,0,0,5,2008,9,2008,1,0,0,0,0,1,2,55,3,1,2,1,0,0,14,13,1,1,4,1,1,0
37,370427,1,1,1,2,6,7,59,45,0,1,0,38,3,51,881,51881,66,2002,4V4NC9JJ92N3,4,V,4,N,C,9,J,J,9,2,N,3,1,T,VOLV,VNL,DS,2,17,,8,0,0,VVN,D,,1,52,268239,52268239,3,6,1,1,0,0,0,0,0,0,0,70,0,0,0,12,12,6,2,8,0,0,0,1,37,28384,6,1,6,9,3,3,69,999,1,0,0,0,0,9,2008,9,2008,1,36,0,0,0,3,2,70,1,1,2,1,0,0,1,13,1,1,4,1,0,0
37,370428,1,2,1,1,6,15,27,12,2,1,0,37,1,12,37,12037,4,2005,1FAFP34N45W1,1,F,A,F,P,3,4,N,4,5,W,1,0,P,FORD,ZX4,4D,5,17,2677,,0,1030,,G,,0,0,000000000,00000000000,0,0,0,1,0,0,0,0,0,0,0,45,0,0,0,12,12,6,2,12,0,0,0,1,37,27704,6,1,0,0,3,3,68,999,0,0,0,1,0,2,2010,2,2010,0,0,0,0,0,1,2,45,1,2,2,1,0,0,1,62,2,1,1,50,1,0
37,370428,2,2,2,1,6,15,27,12,2,1,0,37,2,41,51,41051,4,2005,JM1BK12F2512,J,M,1,B,K,1,2,F,2,5,1,2,0,P,MAZD,M3I,4D,5,17,2696,,0,1039,,G,,0,0,000000000,00000000000,0,0,0,1,0,0,0,0,0,0,0,40,0,0,0,12,12,6,2,12,0,0,0,1,37,27713,6,1,0,0,3,3,68,999,0,0,0,0,0,0,0,0,0,0,28,0,0,0,1,2,45,1,2,2,1,0,0,1,54,1,1,2,51,0,0
37,370429,1,2,1,21,5,17,50,12,6,1,0,51,1,37,32,37032,4,1993,JHMCB768XPC0,J,H,M,C,B,7,6,8,X,P,C,0,0,P,HOND,ASE,4D,93,17,3014,,0,1071,,G,,0,0,000000000,00000000000,0,0,0,1,0,0,0,0,0,0,0,25,0,0,0,9,9,6,2,12,0,0,0,1,51,22454,6,1,6,0,3,3,72,260,2,0,0,2,0,7,2007,3,2009,0,38,0,0,0,1,2,55,1,1,2,1,20,3,4,17,1,1,1,89,1,0
37,370429,2,2,3,21,5,17,50,12,6,1,0,37,1,12,401,12401,14,2003,1FMZU73K43ZB,1,F,M,Z,U,7,3,K,4,3,Z,B,0,P,FORD,EPR,UT,3,17,4094,,0,1137,,F,,0,0,000000000,00000000000,0,0,0,1,0,0,0,0,0,0,0,55,0,0,0,12,12,6,2,12,0,0,0,1,37,27886,6,1,0,0,3,3,62,999,0,0,0,0,0,0,0,0,0,0,0,0,0,0,1,2,55,1,1,2,1,20,3,1,17,1,1,1,88,0,0
37,370430,1,1,1,6,5,14,33,24,0,1,0,37,1,20,2,20002,4,2000,2G1WF52E7Y93,2,G,1,W,F,5,2,E,7,Y,9,3,0,P,CHEV,IMP,4D,0,17,3389,,0,1110,,G,,0,0,000000000,00000000000,0,0,0,1,0,0,0,0,0,0,0,90,0,0,0,1,1,6,2,24,0,0,0,1,37,27407,6,1,0,0,3,3,69,999,0,0,0,0,0,0,0,0,0,1,0,0,0,0,3,4,65,1,1,1,1,0,0,1,6,1,1,4,1,1,0
37,370431,1,1,1,17,5,9,10,14,0,1,0,37,3,85,881,85881,63,2007,2NKMHD7X77M2,2,N,K,M,H,D,7,X,7,7,M,2,0,T,KW,T30,CC,7,17,,7,2800,1450,CON,D,,0,57,326797,57326797,3,2,1,1,0,0,0,0,0,0,0,55,0,0,0,12,11,6,2,8,0,0,0,1,37,27407,6,1,6,0,3,0,76,999,0,0,0,0,0,0,0,0,0,1,92,0,0,0,3,4,65,3,1,2,2,0,0,15,6,1,1,4,6,0,0
37,370432,1,2,1,17,5,21,38,12,2,1,0,37,1,20,402,20402,14,2000,2CNBE13C5Y69,2,C,N,B,E,1,3,C,5,Y,6,9,0,P,CHEV,TKR,UT,0,17,2866,,0,976,,G,,0,0,000000000,00000000000,0,0,0,1,0,0,0,0,0,0,0,60,0,0,0,12,12,6,2,12,0,0,0,1,37,27101,6,1,0,0,3,0,71,999,0,0,0,0,0,0,0,0,0,0,0,0,0,0,3,4,60,1,1,2,2,0,0,1,54,1,1,2,50,1,0
37,370432,2,2,2,17,5,21,38,12,2,1,0,37,2,49,32,49032,4,1992,1NXAE94A3NZ2,1,N,X,A,E,9,4,A,3,N,Z,2,0,P,TOYT,CDF,4D,92,17,2257,,0,957,,G,,0,0,000000000,00000000000,0,0,0,1,0,0,0,0,0,0,0,60,0,0,0,12,12,6,2,12,0,0,0,1,37,27406,6,1,0,0,3,0,50,999,0,0,0,0,1,4,2010,4,2010,0,0,0,0,0,3,4,60,1,1,2,2,0,0,1,62,1,1,1,51,0,0
37,370433,1,2,1,20,5,0,54,12,2,1,0,37,2,21,17,21017,4,1994,1G3AG55M5R64,1,G,3,A,G,5,5,M,5,R,6,4,0,P,OLDS,CIS,4D,94,17,2818,,0,1049,,G,,0,0,000000000,00000000000,0,0,0,1,0,0,0,0,0,0,0,65,0,0,0,12,12,6,2,12,0,0,0,1,37,27045,6,1,0,0,3,3,64,999,0,0,0,0,1,1,2010,1,2010,1,0,0,0,0,3,4,55,1,1,2,1,0,0,1,54,1,1,2,50,1,1
37,370433,2,2,1,20,5,0,54,12,2,1,0,37,1,21,20,21020,4,1998,1G3NG52M3W63,1,G,3,N,G,5,2,M,3,W,6,3,0,P,OLDS,GLS,4D,98,17,3102,,0,1070,,G,,0,0,000000000,00000000000,0,0,0,1,0,0,0,0,0,0,0,55,0,0,0,12,12,6,2,12,0,0,0,1,37,27010,6,1,0,0,3,3,71,999,0,0,0,1,0,4,2010,4,2010,0,0,0,0,0,3,4,55,1,1,2,1,0,0,1,62,1,1,1,51,1,0
37,370434,1,1,2,30,5,2,14,1,0,1,0,37,2,34,34,34034,4,2004,WBAEW53414PN,W,B,A,E,W,5,3,4,1,4,P,N,0,P,BMW,33X,4D,4,17,3483,,0,1073,,G,,0,0,000000000,00000000000,0,0,0,1,0,0,0,0,0,0,0,65,0,2,5,0,9,6,2,42,0,0,0,1,37,27040,6,1,0,0,3,0,73,999,0,0,0,0,0,0,0,0,0,1,36,0,0,0,1,2,35,3,1,2,1,0,0,14,6,1,1,4,6,1,1
37,370435,1,1,2,6,6,2,37,18,0,1,0,37,1,20,4,20004,2,2004,1G1YY22G9451,1,G,1,Y,Y,2,2,G,9,4,5,1,0,P,CHEV,CVT,CP,4,17,3214,,0,1045,,G,,0,0,000000000,00000000000,0,0,0,1,0,0,0,0,0,0,0,100,0,0,0,12,12,6,2,19,0,0,0,1,37,27101,6,1,0,0,3,0,69,999,2,0,0,0,4,11,2008,2,2010,1,0,0,0,0,1,3,45,2,1,2,1,0,0,14,13,1,1,4,1,1,1
37,370436,1,1,1,11,6,22,22,15,0,1,1,99,9,99,999,99999,99,9999,999999999999,9,9,9,9,9,9,9,9,9,9,9,9,0,U,,,,9,17,,,,,,,,0,0,000000000,00000000000,0,0,0,1,0,0,0,0,0,0,0,999,0,0,0,12,12,9,1,15,0,0,0,1,99,99999,9,9,99,9,9,9,999,999,99,99,99,99,99,99,9999,99,9999,0,99,99,99,99,1,2,35,1,1,2,1,0,0,1,83,1,1,1,13,0,0
37,370437,1,1,5,10,6,14,57,35,0,1,0,37,1,35,43,35043,4,2003,3N1CB51D13L8,3,N,1,C,B,5,1,D,1,3,L,8,0,P,NISS,XGX,4D,3,17,2411,,0,998,,G,,0,0,000000000,00000000000,0,0,0,1,0,0,0,0,0,0,0,65,0,1,5,1,1,6,2,1,0,0,0,1,37,27106,6,1,0,0,3,0,60,999,1,1,0,1,1,4,2009,2,2010,1,58,0,0,0,2,4,55,1,2,2,1,0,0,1,12,1,1,4,6,1,0
37,370438,1,2,2,9,5,10,50,12,6,1,0,45,1,20,443,20443,20,1999,1GNDU06E3XD2,1,G,N,D,U,0,6,E,3,X,D,2,0,P,CHEV,VTR,SV,99,17,3699,,0,1120,,G,,0,0,000000000,00000000000,0,0,0,1,0,0,0,0,0,0,0,35,0,0,0,9,9,6,2,12,0,0,0,1,37,28052,0,0,0,0,0,0,66,999,0,0,0,1,0,6,2008,6,2008,0,39,0,0,0,1,3,35,1,2,2,1,3,3,1,17,1,1,1,89,1,0
37,370438,2,2,6,9,5,10,50,12,6,1,0,37,2,12,422,12422,15,2002,1FMRU15W52LA,1,F,M,R,U,1,5,W,5,2,L,A,0,P,FORD,EPT,UT,2,17,4891,,0,1191,,G,,0,0,000000000,00000000000,0,0,0,1,0,0,0,0,0,0,0,41,0,0,0,12,12,6,2,12,0,0,0,1,37,28052,6,1,0,0,3,3,64,999,0,0,0,0,1,6,2007,6,2007,0,0,0,0,0,1,3,45,1,2,2,1,3,3,1,17,1,1,1,88,0,0