STATE,ST_CASE,VEH_NO,VE_FORMS,NUMOCCS,DAY,MONTH,HOUR,MINUTE,HARM_EV,MAN_COLL,UNITTYPE,HIT_RUN,REG_STAT,OWNER,MAKE,MODEL,MAK_MOD,BODY_TYP,MOD_YEAR,VIN,VIN_1,VIN_2,VIN_3,VIN_4,VIN_5,VIN_6,VIN_7,VIN_8,VIN_9,VIN_10,VIN_11,VIN_12,TOW_VEH,VINTYPE,VINMAKE,VINA_MOD,VIN_BT,VINMODYR,VIN_LNGT,VIN_WGT,WGTCD_TR,WHLBS_LG,WHLBS_SH,SER_TR,FUELCODE,MCYCL_DS,J_KNIFE,MCARR_I1,MCARR_I2,MCARR_ID,GVWR,V_CONFIG,CARGO_BT,HAZ_INV,HAZ_PLAC,HAZ_ID,HAZ_CNO,HAZ_REL,BUS_USE,SPEC_USE,EMER_USE,TRAV_SP,UNDERIDE,ROLLOVER,ROLINLOC,IMPACT1,IMPACT2,DEFORMED,TOWED,M_HARM,VEH_SC1,VEH_SC2,FIRE_EXP,DR_PRES,L_STATE,DR_ZIP,L_STATUS,L_TYPE,CDL_STAT,L_ENDORS,L_COMPL,L_RESTRI,DR_HGT,DR_WGT,PREV_ACC,PREV_SUS,PREV_DWI,PREV_SPD,PREV_OTH,FIRST_MO,FIRST_YR,LAST_MO,LAST_YR,SPEEDREL,DR_SF1,DR_SF2,DR_SF3,DR_SF4,VTRAFWAY,VNUM_LAN,VSPD_LIM,VALIGN,VPROFILE,VPAVETYP,VSURCOND,VTRAFCON,VTCONT_F,P_CRASH1,P_CRASH2,P_CRASH3,PCRASH4,PCRASH5,ACC_TYPE,DEATHS,DR_DRINK
37,370506,3,3,2,11,6,15,0,12,6,1,0,21,1,7,442,7442,20,2005,2D4GP44L05R3,2,D,4,G,P,4,4,L,0,5,R,3,0,P,DODG,CAR,SV,5,17,4222,,0,1193,,G,,0,0,000000000,00000000000,0,0,0,1,0,0,0,0,0,0,0,25,0,0,0,12,12,2,1,12,0,0,0,1,21,42001,6,1,8,0,3,0,70,200,0,0,0,0,0,0,0,0,0,0,0,0,0,0,1,4,98,1,3,2,1,0,0,1,62,1,1,1,98,0,0
37,370507,1,2,1,25,6,16,59,12,6,1,0,37,1,7,482,7482,31,1998,3B7KF22D7WG1,3,B,7,K,F,2,2,D,7,W,G,1,0,T,DODG,250,PC,98,17,,2,1547,1387,RPC,D,,0,0,000000000,00000000000,0,0,0,1,0,0,0,0,0,0,0,65,0,0,0,12,12,6,2,12,0,0,0,1,37,28138,6,1,0,0,3,0,75,999,1,0,0,0,0,8,2007,8,2007,1,0,0,0,0,1,2,45,1,3,2,1,4,3,1,66,1,1,1,88,0,0
37,370507,2,2,1,25,6,16,59,12,6,1,0,37,1,49,32,49032,4,2008,1NXBR32E68Z0,1,N,X,B,R,3,2,E,6,8,Z,0,0,P,TOYT,UCS,4D,8,17,2530,,0,1024,,G,,0,0,000000000,00000000000,0,0,0,1,0,0,0,0,0,0,0,20,0,0,0,9,11,6,2,12,0,0,0,1,37,28124,6,1,0,0,3,0,67,999,0,0,0,0,0,0,0,0,0,0,38,0,0,0,1,2,45,1,1,2,1,4,3,1,17,1,1,1,89,1,0
37,370508,1,2,1,30,6,14,34,12,11,1,0,37,3,86,881,86881,66,2006,1M1AJ07Y06N0,1,M,1,A,J,0,7,Y,0,6,N,0,1,T,MACK,CHN,DS,6,17,,8,0,0,600,D,,1,57,352712,57352712,3,6,4,1,0,0,0,0,0,0,0,0,0,0,0,5,5,2,1,12,0,0,0,1,37,28107,6,1,6,9,3,3,72,999,1,0,0,0,1,8,2008,1,2010,0,0,0,0,0,2,3,55,1,2,2,2,0,0,5,15,1,1,1,65,0,0
37,370508,2,2,2,30,6,14,34,12,11,1,0,37,1,9,442,9442,20,1999,2P4GP24G0XR2,2,P,4,G,P,2,4,G,0,X,R,2,0,P,PLYM,VOF,SV,99,17,3686,,0,1193,,F,,0,0,000000000,00000000000,0,0,0,1,0,0,0,0,0,0,0,55,0,0,0,3,3,6,2,12,0,0,0,1,37,28105,6,1,0,0,3,1,69,999,0,0,0,0,0,0,0,0,0,0,0,0,0,0,2,3,55,1,2,2,2,0,0,1,9,1,4,2,64,2,0
37,370509,1,1,1,23,6,13,22,42,0,1,0,37,1,12,17,12017,4,2001,1FAFP52U61A1,1,F,A,F,P,5,2,U,6,1,A,1,0,P,FORD,TAX,4D,1,17,3331,,0,1085,,G,,0,0,000000000,00000000000,0,0,0,1,0,0,0,0,0,0,0,55,0,0,0,12,12,6,2,42,0,0,0,1,37,28372,6,1,0,0,3,0,70,999,0,0,0,0,0,0,0,0,0,0,99,99,99,99,2,4,55,1,2,2,1,0,0,1,12,1,1,4,6,1,0
37,370510,1,2,2,23,6,18,9,12,2,1,0,37,1,7,442,7442,20,2005,1D4GP25RX5B4,1,D,4,G,P,2,5,R,X,5,B,4,0,P,DODG,CAR,SV,5,17,3725,,0,1133,,G,,0,0,000000000,00000000000,0,0,0,1,0,0,0,0,0,0,0,35,0,0,0,12,12,6,2,12,0,0,0,1,37,27006,6,1,0,0,3,3,64,999,0,0,0,0,0,0,0,0,0,0,0,0,0,0,1,2,35,4,1,2,2,0,0,14,62,1,1,1,69,0,0
37,370510,2,2,1,23,6,18,9,12,2,1,0,37,2,49,32,49032,4,1991,1NXAE94A9MZ2,1,N,X,A,E,9,4,A,9,M,Z,2,0,P,TOYT,CDF,4D,91,17,2394,,0,957,,G,,0,0,000000000,00000000000,0,0,0,1,0,0,0,0,0,0,0,25,0,0,0,12,12,6,2,12,0,0,0,1,37,27028,6,1,0,0,3,0,68,999,0,0,0,0,0,0,0,0,0,0,38,0,0,0,1,2,35,4,1,2,2,0,0,11,15,1,1,1,68,1,0
37,370511,1,1,1,19,6,10,15,8,0,1,0,37,1,22,16,22016,2,1999,1G2JB1241X75,1,G,2,J,B,1,2,4,1,X,7,5,0,P,PONT,SFS,CP,99,17,2630,,0,1041,,G,,0,0,000000000,00000000000,0,0,0,1,0,0,0,0,0,0,0,45,0,0,0,12,12,0,1,8,0,0,0,1,37,28518,6,1,0,0,3,0,73,999,1,0,0,1,0,2,2009,9,2009,0,0,0,0,0,1,2,55,1,2,2,1,0,0,1,80,1,1,1,13,0,0
37,370512,1,2,1,25,6,11,40,12,2,1,0,37,1,48,34,48034,6,1996,4S3BG6855T73,4,S,3,B,G,6,8,5,5,T,7,3,0,P,SUBA,ULK,SW,96,17,3230,,0,1035,,G,,0,0,000000000,00000000000,0,0,0,1,0,0,0,0,0,0,0,55,0,0,0,12,12,6,2,12,0,0,0,1,37,28786,6,1,0,0,3,0,68,999,0,0,0,1,1,7,2008,7,2008,0,28,58,0,0,2,4,55,1,1,2,1,0,0,1,59,1,1,2,50,0,0
37,370512,2,2,1,25,6,11,40,12,2,1,0,37,1,98,706,98706,80,2001,5CDMTB5131G0,5,C,D,M,T,B,5,1,3,1,G,0,0,U,,,,1,17,,,,,,,,0,0,000000000,00000000000,0,0,0,1,0,0,0,0,0,0,0,55,0,0,0,12,12,6,2,12,0,0,0,1,37,28723,6,1,0,0,3,3,67,999,0,0,0,0,0,0,0,0,0,0,0,0,0,0,2,4,55,1,1,2,1,0,0,1,62,1,1,1,51,1,0
37,370513,1,1,3,27,6,19,19,42,0,1,0,37,2,52,35,52035,2,1995,JA3AA31C9SU0,J,A,3,A,A,3,1,C,9,S,U,0,0,P,MITS,MLS,2D,95,17,2160,,0,961,,G,,0,0,000000000,00000000000,0,0,0,1,0,0,0,0,0,0,0,80,0,0,0,3,3,6,2,42,0,0,0,1,37,28613,1,1,0,0,2,0,69,999,0,1,0,0,0,10,2007,10,2007,1,0,0,0,0,3,2,65,1,2,2,2,0,0,1,11,1,1,4,1,1,1
37,370514,1,1,1,29,6,5,8,11,0,1,0,37,1,72,706,72706,80,2009,1HD1BW5179Y0,1,H,D,1,B,W,5,1,7,9,Y,0,0,M,HD,STC,RS,9,17,,,,,,,1584,0,0,000000000,00000000000,0,0,0,1,0,0,0,0,0,0,0,55,0,0,0,12,12,6,2,11,0,0,0,1,37,28585,6,1,6,0,3,0,66,999,2,0,0,0,0,10,2007,3,2010,0,0,0,0,0,1,2,55,1,1,2,1,0,0,1,87,1,1,1,13,1,0
37,370515,1,2,1,22,6,16,9,12,2,1,0,37,1,12,4,12004,2,1993,1FAPP6246PH2,1,F,A,P,P,6,2,4,6,P,H,2,0,P,FORD,THL,2D,93,17,3566,,0,1130,,G,,0,0,000000000,00000000000,0,0,0,1,0,0,0,0,0,0,0,60,0,0,0,12,12,6,2,12,0,0,0,1,37,27330,6,1,0,0,3,3,61,999,1,0,0,1,2,9,2007,1,2010,0,28,0,0,0,1,2,55,4,2,2,1,0,0,14,10,1,1,2,50,0,0
37,370515,2,2,3,22,6,16,9,12,2,1,0,37,1,12,481,12481,31,1995,1FTEF15Y7SLA,1,F,T,E,F,1,5,Y,7,S,L,A,0,T,FORD,F15,PK,95,17,,2,1330,1170,COF,G,,0,0,000000000,00000000000,0,0,0,1,0,0,0,0,0,0,0,55,0,1,5,12,12,6,2,12,0,0,0,1,37,27330,6,1,0,0,3,0,70,999,0,1,0,0,0,8,2008,8,2008,0,0,0,0,0,1,2,55,4,2,2,1,0,0,14,62,1,1,1,51,1,0
37,370516,1,1,1,21,6,13,0,9,0,1,0,37,1,37,32,37032,4,1995,1HGCD566XSA0,1,H,G,C,D,5,6,6,X,S,A,0,0,P,HOND,AEX,4D,95,17,2908,,0,1069,,G,,0,0,000000000,00000000000,0,0,0,1,0,0,0,0,0,0,0,50,0,0,0,12,12,6,2,9,0,0,0,1,37,27809,6,1,0,0,3,3,73,999,1,0,0,0,0,6,2008,6,2008,0,0,0,0,0,1,2,55,1,1,2,1,0,0,1,83,1,1,1,13,0,0
37,370517,1,1,2,22,6,23,8,35,0,1,0,13,3,49,40,49040,4,2010,4T1BF3EK5AU0,4,T,1,B,F,3,E,K,5,A,U,0,0,P,TOYT,CBA,4D,10,17,3263,,0,1093,,G,,0,0,000000000,00000000000,0,0,0,1,0,0,0,0,0,0,0,75,0,0,0,12,12,6,2,21,0,0,0,1,37,28369,6,1,0,0,3,0,69,999,1,0,0,0,2,3,2010,6,2010,0,58,0,0,0,3,2,65,1,1,2,1,0,0,1,13,1,1,4,1,1,1
37,370518,1,2,1,28,6,2,40,12,1,1,0,19,3,82,881,82881,66,2009,2HSCUAPR39C1,2,H,S,C,U,A,P,R,3,9,C,1,1,T,INTL,PPR,DS,9,17,,8,0,0,PRO,D,,1,57,134697,57134697,3,6,1,1,0,0,0,0,0,0,0,65,0,0,0,12,12,6,2,12,0,0,0,1,37,28306,6,1,6,9,3,0,69,999,0,0,0,1,1,4,2008,1,2010,1,84,0,0,0,3,2,65,1,1,2,1,0,0,1,51,1,1,1,24,0,0
37,370518,2,2,2,28,6,2,40,12,1,1,0,12,2,21,17,21017,4,1993,1G3AG55N5P64,1,G,3,A,G,5,5,N,5,P,6,4,0,P,OLDS,CIS,4D,93,17,2776,,0,1049,,G,,0,0,000000000,00000000000,0,0,0,1,0,0,0,0,0,0,0,45,0,1,5,6,6,6,2,1,0,0,0,1,12,32907,6,1,6,0,3,3,70,999,0,0,0,1,0,10,2009,10,2009,0,0,0,0,0,3,2,65,1,1,2,1,0,0,1,53,1,1,1,25,1,0
37,370519,1,2,1,28,6,21,56,12,6,1,0,37,1,72,706,72706,80,2003,1HD1BMY173Y0,1,H,D,1,B,M,Y,1,7,3,Y,0,0,M,HD,FLF,RS,3,17,,,,,,,1450,0,0,000000000,00000000000,0,0,0,1,0,0,0,0,0,0,0,45,0,0,0,12,12,6,2,12,0,0,0,1,37,27592,6,1,0,0,3,3,71,999,0,0,0,0,0,0,0,0,0,0,0,0,0,0,2,4,45,4,2,2,1,3,3,14,66,1,1,1,69,1,1
37,370519,2,2,1,28,6,21,56,12,6,1,0,37,1,37,31,37031,4,1999,2HGEJ6676XH5,2,H,G,E,J,6,6,7,6,X,H,5,0,P,HOND,UCL,4D,99,17,2456,,0,1032,,G,,0,0,000000000,00000000000,0,0,0,1,0,0,0,0,0,0,0,10,0,0,0,1,1,6,2,12,0,0,0,1,37,27603,6,1,0,0,3,0,70,999,0,0,0,1,1,12,2007,5,2010,0,38,0,0,0,2,4,45,4,2,2,1,3,3,11,15,1,1,1,68,0,0
37,370520,1,2,2,26,6,12,50,12,6,1,0,37,1,49,32,49032,4,1993,1NXAE04E3PZ0,1,N,X,A,E,0,4,E,3,P,Z,0,0,P,TOYT,COA,4D,93,17,2304,,0,957,,G,,0,0,000000000,00000000000,0,0,0,1,0,0,0,0,0,0,0,15,0,0,0,11,11,6,2,12,0,0,0,1,37,27018,6,1,0,0,3,3,63,999,0,0,0,0,0,0,0,0,0,0,38,0,0,0,1,2,55,1,2,2,1,20,3,1,17,1,1,1,89,1,0
37,370520,2,2,1,26,6,12,50,12,6,1,0,37,1,20,20,20020,2,1993,2G1WN14T2P91,2,G,1,W,N,1,4,T,2,P,9,1,0,P,CHEV,EUR,CP,93,17,3193,,0,1075,,G,,0,0,000000000,00000000000,0,0,0,1,0,0,0,0,0,0,0,50,0,0,0,12,12,6,2,12,0,0,0,1,37,28634,6,1,0,0,3,3,67,999,1,0,0,0,0,12,2008,12,2008,0,0,0,0,0,1,2,55,4,2,2,1,0,0,14,66,1,1,1,88,0,0
37,370521,1,2,4,9,5,17,7,12,6,1,0,37,2,20,20,20020,2,1992,1G2WJ14T1NF2,1,G,2,W,J,1,4,T,1,N,F,2,0,P,PONT,GFS,CP,92,17,3214,,0,1075,,G,,0,0,000000000,00000000000,0,0,0,1,0,0,0,0,0,0,0,75,0,1,5,9,9,6,2,12,0,0,1,1,37,27809,1,1,0,0,2,0,76,999,0,4,0,1,2,12,2008,12,2009,0,39,0,0,0,1,4,55,1,2,2,1,20,3,1,17,1,1,1,89,1,1
37,370521,2,2,3,9,5,17,7,12,6,1,0,37,2,37,32,37032,4,2002,1HGCG16582A0,1,H,G,C,G,1,6,5,8,2,A,0,0,P,HOND,UEX,4D,2,17,3329,,0,1069,,G,,0,0,000000000,00000000000,0,0,0,1,0,0,0,0,0,0,0,45,0,0,0,12,12,6,2,12,0,0,0,1,37,27809,6,1,0,0,3,3,69,999,0,0,0,0,0,0,0,0,0,0,0,0,0,0,1,2,45,1,1,2,1,0,0,1,66,1,1,1,88,0,0
37,370522,1,1,2,27,5,2,9,33,0,1,0,37,2,51,40,51040,6,1993,YV1JW8837P30,Y,V,1,J,W,8,8,3,7,P,3,0,0,P,VOLV,940,SW,93,17,3177,,0,1091,,G,,0,0,000000000,00000000000,0,0,0,1,0,0,0,0,0,0,0,65,0,0,0,1,12,6,2,30,0,0,0,1,37,27510,6,1,0,0,3,0,62,999,0,0,0,1,1,11,2008,6,2009,1,36,0,0,0,1,2,25,3,1,2,1,0,0,14,13,1,1,4,1,1,1
37,370523,1,1,2,30,6,6,10,30,0,1,0,37,2,49,32,49032,4,1994,JT2AE04B7R00,J,T,2,A,E,0,4,B,7,R,0,0,0,P,TOYT,COA,4D,94,17,2359,,0,970,,G,,0,0,000000000,00000000000,0,0,0,1,0,0,0,0,0,0,0,70,0,0,0,9,9,6,2,30,0,0,0,1,37,28640,0,0,0,0,0,0,68,999,0,0,0,0,0,0,0,0,0,0,36,0,0,0,1,2,45,2,2,2,1,0,0,14,13,1,2,4,2,1,1
37,370524,1,2,2,30,6,12,30,12,6,1,0,37,1,13,1,13001,4,2007,1LNHM82V37Y6,1,L,N,H,M,8,2,V,3,7,Y,6,0,P,LINC,SGL,4D,7,17,4345,,0,1177,,F,,0,0,000000000,00000000000,0,0,0,1,0,0,0,0,0,0,0,5,0,0,0,12,12,6,2,12,0,0,0,1,37,27264,6,1,0,0,3,3,64,999,1,0,0,0,0,4,2010,4,2010,0,38,0,0,0,0,0,0,0,0,0,0,0,0,1,17,1,1,1,86,0,0
37,370524,2,2,4,30,6,12,30,12,6,1,0,37,1,6,441,6441,20,2000,1C4GP54L0YB5,1,C,4,G,P,5,4,L,0,Y,B,5,0,P,CHRY,TWC,SV,0,17,3961,,0,1193,,G,,0,0,000000000,00000000000,0,0,0,1,0,0,0,0,0,0,0,45,0,1,1,3,3,6,2,1,0,0,0,1,37,27360,6,1,0,0,3,0,68,999,0,0,0,1,0,7,2007,7,2007,0,0,0,0,0,1,4,45,4,2,2,1,0,0,14,71,1,1,1,87,1,0
37,370525,1,1,1,21,6,7,54,8,0,1,0,37,2,37,31,37031,4,2010,2HGFA1F99AH5,2,H,G,F,A,1,F,9,9,A,H,5,0,P,HOND,CVL,4D,10,17,2831,,0,1063,,G,,0,0,000000000,00000000000,0,0,0,1,0,0,0,0,0,0,0,20,0,0,0,12,12,2,1,8,0,0,0,1,37,27203,6,1,0,0,3,3,67,999,0,0,0,0,0,0,0,0,0,1,0,0,0,0,1,2,20,1,1,2,1,0,0,1,80,1,1,1,13,0,0
37,370526,1,2,1,1,7,17,25,12,2,1,0,37,2,49,40,49040,4,1996,4T1BG12K3TU7,4,T,1,B,G,1,2,K,3,T,U,7,0,P,TOYT,DLX,4D,96,17,2932,,0,1031,,G,,0,0,000000000,00000000000,0,0,0,1,0,0,0,0,0,0,0,50,0,0,0,12,12,6,2,12,0,0,0,1,37,28119,6,1,0,0,3,0,66,999,1,0,0,0,2,5,2009,4,2010,0,0,0,0,0,1,2,55,4,2,2,1,0,0,14,62,6,1,2,51,0,0
37,370526,2,2,1,1,7,17,25,12,2,1,0,37,1,53,33,53033,4,2006,JS2RC62H7653,J,S,2,R,C,6,2,H,7,6,5,3,0,P,SUZI,ARB,4H,6,17,2698,,0,976,,G,,0,0,000000000,00000000000,0,0,0,1,0,0,0,0,0,0,0,50,0,0,0,12,12,6,2,12,0,0,0,1,37,28170,6,1,0,0,3,3,65,999,0,0,0,0,0,0,0,0,0,0,28,0,0,0,1,2,55,4,2,2,1,0,0,14,10,1,1,1,50,1,0
37,370527,1,2,1,2,7,17,44,12,6,1,0,37,3,49,472,49472,30,1995,4TAUN61C2SZ0,4,T,A,U,N,6,1,C,2,S,Z,0,0,T,TOYT,REG,PK,95,17,,1,0,1033,TAC,G,,0,0,000000000,00000000000,0,0,0,1,0,0,0,0,0,0,0,15,0,0,0,1,1,6,2,12,0,0,0,1,45,28105,6,1,0,0,3,0,71,160,0,1,0,0,1,12,2007,11,2009,0,38,0,0,0,2,2,55,1,2,2,1,0,0,11,15,1,1,1,68,0,0
37,370527,2,2,1,2,7,17,44,12,6,1,0,37,1,37,706,37706,80,1992,1HFSC2239NA4,1,H,F,S,C,2,2,3,9,N,A,4,0,M,HOND,G1E,RS,92,17,,,,,,,1500,0,0,000000000,00000000000,0,0,0,1,0,0,0,0,0,0,0,55,0,0,0,12,12,6,2,12,0,0,0,1,37,28079,6,1,0,0,2,0,70,999,0,0,0,0,0,0,0,0,0,0,0,0,0,0,2,2,55,1,2,2,1,0,0,1,66,1,1,1,69,1,1
37,370528,1,1,1,4,7,18,15,1,0,1,0,37,1,53,706,53706,80,2005,JS1GT76A1521,J,S,1,G,T,7,6,A,1,5,2,1,0,M,SUZI,XR1,RS,5,17,,,,,,,999,0,0,000000000,00000000000,0,0,0,1,0,0,0,0,0,0,0,90,0,0,0,0,0,6,2,1,0,0,0,1,37,28601,1,1,0,0,2,0,67,999,0,1,1,1,1,10,2007,10,2009,1,36,0,0,0,1,2,45,1,1,2,1,0,0,1,6,1,1,2,98,1,1
37,370529,1,2,1,1,7,17,54,12,2,1,0,37,1,12,471,12471,30,1997,1FTCR14X6VPB,1,F,T,C,R,1,4,X,6,V,P,B,0,T,FORD,RNS,PS,97,17,,1,0,1250,RNG,G,,0,0,000000000,00000000000,0,0,0,1,0,0,0,0,0,0,0,45,0,0,0,12,12,6,2,12,0,0,0,1,37,28613,6,1,0,0,3,3,68,999,0,0,0,0,0,0,0,0,0,0,28,0,0,0,1,2,45,1,2,2,1,0,0,1,10,1,1,2,50,0,0
37,370529,2,2,1,1,7,17,54,12,2,1,0,37,1,72,706,72706,80,2007,1HD1CX3147K4,1,H,D,1,C,X,3,1,4,7,K,4,0,M,HD,C1U,RS,7,17,,,,,,,1199,0,0,000000000,00000000000,0,0,0,1,0,0,0,0,0,0,0,45,0,0,0,12,12,6,2,12,0,0,0,1,37,28601,6,1,0,0,3,3,67,999,0,0,0,0,0,0,0,0,0,0,0,0,0,0,1,2,45,1,2,2,1,0,0,1,62,1,1,1,51,1,0
37,370530,1,1,1,5,7,6,5,34,0,1,0,37,1,52,37,52037,1,2008,4A3AL35T48E0,4,A,3,A,L,3,5,T,4,8,E,0,0,P,MITS,STG,CV,8,17,3671,,0,1014,,G,,0,0,000000000,00000000000,0,0,0,1,0,0,0,0,0,0,0,55,0,0,0,12,12,6,2,42,0,0,0,1,37,28115,6,1,0,0,3,0,66,999,1,0,0,0,0,7,2008,7,2008,0,58,0,0,0,1,2,55,4,1,2,1,0,0,14,12,1,1,4,6,1,1
37,370531,1,3,2,2,7,16,47,12,1,1,0,37,1,35,473,35473,31,2005,1N6BA07B75N5,1,N,6,B,A,0,7,B,7,5,N,5,1,T,NISS,TXS,CW,5,17,,2,0,1398,TTN,F,,1,0,000000000,00000000000,0,0,0,1,0,0,0,0,0,0,0,0,0,0,0,6,6,2,1,12,0,0,0,1,37,28768,6,1,0,0,3,0,69,999,0,0,0,0,0,0,0,0,0,0,0,0,0,0,1,2,55,1,3,2,1,0,0,5,53,1,1,1,98,0,0
37,370531,2,3,1,2,7,16,47,12,1,1,0,37,1,76,705,76705,80,2003,JYA5AHE053A0,J,Y,A,5,A,H,E,0,5,3,A,0,0,M,YAMA,YZF,RS,3,17,,,,,,,599,0,0,000000000,00000000000,0,0,0,1,0,0,0,0,0,0,0,0,0,0,0,6,12,6,2,12,0,0,0,1,37,28739,6,1,0,0,2,0,74,999,0,0,0,0,0,0,0,0,0,0,0,0,0,0,1,2,55,1,3,2,1,0,0,5,53,1,1,1,21,1,0
37,370531,3,3,1,2,7,16,47,12,1,1,0,37,1,20,37,20037,4,2003,1G1NE52J63M5,1,G,1,N,E,5,2,J,6,3,M,5,0,P,CHEV,M/L,4D,3,17,3106,,0,1070,,G,,0,0,000000000,00000000000,0,0,0,1,0,0,0,0,0,0,0,50,0,0,0,12,12,6,2,12,0,0,0,1,37,28759,6,1,0,0,3,3,68,999,0,0,0,0,0,0,0,0,0,1,91,0,0,0,1,2,55,1,3,2,1,0,0,1,50,1,1,1,20,0,0
37,370532,1,1,2,4,7,20,42,1,0,1,0,37,2,12,401,12401,14,2000,1FMZU73E7YUB,1,F,M,Z,U,7,3,E,7,Y,U,B,0,P,FORD,EPR,UT,0,17,4106,,0,1116,,G,,0,0,000000000,00000000000,0,0,0,1,0,0,0,0,0,0,0,70,0,2,1,0,12,6,2,1,0,0,0,1,37,28334,6,1,0,0,3,0,71,999,0,0,0,0,1,8,2009,8,2009,1,28,0,0,0,1,2,55,3,1,2,1,0,0,14,13,1,1,6,98,1,1
37,370533,1,2,1,1,7,13,35,1,0,1,0,37,1,37,705,37705,80,2001,JH2PC350X1M2,J,H,2,P,C,3,5,0,X,1,M,2,0,M,HOND,CF4,RS,1,17,,,,,,,599,0,0,000000000,00000000000,0,0,0,1,0,0,0,0,0,0,0,55,0,0,0,0,3,6,2,12,0,0,0,1,37,27298,6,1,0,0,3,0,71,999,0,0,0,0,2,7,2007,2,2010,1,28,0,0,0,1,2,35,2,3,2,1,0,0,14,6,1,2,2,98,1,0
37,370533,2,2,1,1,7,13,35,1,0,1,0,37,1,7,471,7471,30,1984,JB7FP24D8EY1,J,B,7,F,P,2,4,D,8,E,Y,1,0,T,DODG,CUS,PK,84,17,,1,0,1096,D5I,G,,0,0,000000000,00000000000,0,0,0,1,0,0,0,0,0,0,0,35,0,0,0,12,12,2,1,12,0,0,0,1,37,27248,6,1,0,0,3,0,75,999,0,0,0,0,0,0,0,0,0,0,0,0,0,0,1,2,35,3,3,2,1,0,0,14,62,1,1,1,98,0,0
37,370534,1,2,2,5,7,7,52,12,6,1,0,37,2,12,3,12003,2,1998,1FAFP4040WF1,1,F,A,F,P,4,0,4,0,W,F,1,0,P,FORD,MUS,CP,98,17,3065,,0,1013,,G,,0,0,000000000,00000000000,0,0,0,1,0,0,0,0,0,0,0,35,0,0,0,3,3,6,2,12,0,0,0,1,37,28360,6,1,0,0,3,0,68,999,0,0,0,1,1,2,2008,10,2008,0,38,0,0,0,1,2,55,1,1,2,1,20,3,1,17,1,1,1,87,1,0
37,370534,2,2,1,5,7,7,52,12,6,1,0,37,1,35,471,35471,30,1993,1N6SD16S4PC3,1,N,6,S,D,1,6,S,4,P,C,3,0,T,NISS,KNG,PC,93,17,,1,0,1161,TRK,G,,0,0,000000000,00000000000,0,0,0,1,0,0,0,0,0,0,0,50,0,0,0,12,12,6,2,12,0,0,0,1,37,28360,6,1,6,0,3,3,72,999,0,0,0,0,0,0,0,0,0,0,0,0,0,0,1,2,55,1,1,2,1,0,0,1,66,1,1,1,86,1,0
37,370535,1,1,1,1,7,6,41,35,0,1,0,37,1,37,31,37031,3,1988,JHMED8359JS0,J,H,M,E,D,8,3,5,9,J,S,0,0,P,HOND,CCD,2H,88,17,1856,,0,906,,G,,0,0,000000000,00000000000,0,0,0,1,0,0,0,0,0,0,0,75,0,1,5,12,12,6,2,1,0,0,0,1,37,28128,6,1,0,0,3,0,69,999,0,0,0,0,1,7,2009,7,2009,1,58,0,0,0,1,2,55,1,1,2,1,0,0,1,12,1,1,4,6,1,0
37,370536,1,2,1,4,7,19,55,12,6,1,0,37,1,76,705,76705,80,2007,JYAVM01E57A1,J,Y,A,V,M,0,1,E,5,7,A,1,0,M,YAMA,VS6,RS,7,17,,,,,,,649,0,0,000000000,00000000000,0,0,0,1,0,0,0,0,0,0,0,10,0,0,0,9,9,6,2,12,0,0,0,1,37,27520,6,1,0,0,3,3,73,999,0,0,0,0,1,6,2010,6,2010,0,38,48,0,0,3,2,70,1,1,2,1,0,0,11,19,1,1,1,82,1,0
37,370536,2,2,6,4,7,19,55,12,6,1,0,37,1,37,441,37441,20,2002,2HKRL186X2H5,2,H,K,R,L,1,8,6,X,2,H,5,0,P,HOND,UDY,SV,2,17,4354,,0,1181,,G,,0,0,000000000,00000000000,0,0,0,1,0,0,0,0,0,0,0,70,0,0,0,12,12,6,2,12,0,0,0,1,37,27360,6,1,0,0,3,0,64,999,0,0,0,0,2,10,2007,5,2008,0,0,0,0,0,3,2,70,1,1,2,1,0,0,1,59,1,1,1,83,0,0
37,370537,1,1,1,27,6,8,44,38,0,1,0,37,1,12,442,12442,20,1998,2FMZA51U4WBD,2,F,M,Z,A,5,1,U,4,W,B,D,0,T,FORD,WWG,ES,98,17,,1,0,1207,WIN,G,,0,0,000000000,00000000000,0,0,0,1,0,0,0,0,0,0,0,45,0,0,0,11,12,6,2,2,0,0,1,1,37,28399,6,1,0,0,3,3,65,999,0,0,0,0,0,0,0,0,0,0,0,0,0,0,1,2,55,1,1,2,1,0,0,1,12,1,1,4,6,1,0
37,370538,1,1,1,27,6,23,55,34,0,1,0,37,2,49,43,49043,4,1995,4T1GB11E9SU0,4,T,1,G,B,1,1,E,9,S,U,0,0,P,TOYT,UAS,4D,95,17,3265,,0,1071,,G,,0,0,000000000,00000000000,0,0,0,1,0,0,0,0,0,0,0,55,0,1,4,11,12,6,2,42,0,0,0,1,37,28356,1,1,0,0,2,0,66,999,0,3,0,0,0,2,2009,2,2010,0,0,0,0,0,1,2,55,1,1,2,1,0,0,1,12,1,1,4,6,1,0