STATE,ST_CASE,VEH_NO,VE_FORMS,NUMOCCS,DAY,MONTH,HOUR,MINUTE,HARM_EV,MAN_COLL,UNITTYPE,HIT_RUN,REG_STAT,OWNER,MAKE,MODEL,MAK_MOD,BODY_TYP,MOD_YEAR,VIN,VIN_1,VIN_2,VIN_3,VIN_4,VIN_5,VIN_6,VIN_7,VIN_8,VIN_9,VIN_10,VIN_11,VIN_12,TOW_VEH,VINTYPE,VINMAKE,VINA_MOD,VIN_BT,VINMODYR,VIN_LNGT,VIN_WGT,WGTCD_TR,WHLBS_LG,WHLBS_SH,SER_TR,FUELCODE,MCYCL_DS,J_KNIFE,MCARR_I1,MCARR_I2,MCARR_ID,GVWR,V_CONFIG,CARGO_BT,HAZ_INV,HAZ_PLAC,HAZ_ID,HAZ_CNO,HAZ_REL,BUS_USE,SPEC_USE,EMER_USE,TRAV_SP,UNDERIDE,ROLLOVER,ROLINLOC,IMPACT1,IMPACT2,DEFORMED,TOWED,M_HARM,VEH_SC1,VEH_SC2,FIRE_EXP,DR_PRES,L_STATE,DR_ZIP,L_STATUS,L_TYPE,CDL_STAT,L_ENDORS,L_COMPL,L_RESTRI,DR_HGT,DR_WGT,PREV_ACC,PREV_SUS,PREV_DWI,PREV_SPD,PREV_OTH,FIRST_MO,FIRST_YR,LAST_MO,LAST_YR,SPEEDREL,DR_SF1,DR_SF2,DR_SF3,DR_SF4,VTRAFWAY,VNUM_LAN,VSPD_LIM,VALIGN,VPROFILE,VPAVETYP,VSURCOND,VTRAFCON,VTCONT_F,P_CRASH1,P_CRASH2,P_CRASH3,PCRASH4,PCRASH5,ACC_TYPE,DEATHS,DR_DRINK
37,370579,2,2,1,23,4,22,16,8,0,1,0,37,1,37,441,37441,20,2000,2HKRL1859YH5,2,H,K,R,L,1,8,5,9,Y,H,5,0,P,HOND,UDY,SV,0,17,4233,,0,1181,,G,,0,0,000000000,00000000000,0,0,0,1,0,0,0,0,0,0,0,45,0,0,0,12,12,4,1,8,0,0,0,1,37,27801,6,1,0,0,3,3,61,999,0,0,0,0,0,0,0,0,0,0,0,0,0,0,1,3,45,1,1,2,1,0,0,1,80,1,1,1,98,0,0
37,370580,1,2,1,8,5,1,32,12,6,1,0,92,0,99,709,99709,81,2005,000000000000,0,0,0,0,0,0,0,0,0,0,0,0,0,U,,,,,17,,,,,,,,0,0,000000000,00000000000,0,0,0,1,0,0,0,0,0,0,0,30,0,0,0,3,3,6,2,12,0,0,0,1,37,28025,1,1,0,0,1,0,70,999,0,2,1,0,1,11,2007,1,2010,0,39,0,0,0,1,4,35,1,1,2,1,3,3,1,17,1,1,1,87,1,1
37,370580,2,2,2,8,5,1,32,12,6,1,0,37,2,20,481,20481,31,2002,1GCHK24U22E1,1,G,C,H,K,2,4,U,2,2,E,1,0,T,CHEV,2KH,PK,2,17,,2,0,1330,SIL,G,,0,0,000000000,00000000000,0,0,0,1,0,0,0,0,0,0,0,45,0,0,0,12,12,4,1,12,0,0,0,1,37,28262,6,1,0,0,3,0,69,999,0,0,0,0,0,0,0,0,0,0,0,0,0,0,1,4,45,1,1,2,1,3,3,1,17,1,1,1,86,0,0
37,370581,1,2,4,21,5,2,19,8,0,1,0,37,1,20,471,20471,30,1993,1GCCS19R4P81,1,G,C,C,S,1,9,R,4,P,8,1,0,T,CHEV,S14,PC,93,17,,1,0,1229,S,G,,0,0,000000000,00000000000,0,0,0,1,0,0,0,0,0,0,0,25,0,0,0,0,0,0,1,7,0,0,0,1,37,28086,6,1,6,0,3,1,68,999,0,3,0,0,1,8,2007,12,2007,0,39,0,0,0,1,2,35,1,1,2,1,20,3,11,98,1,1,1,98,0,0
37,370581,2,2,1,21,5,2,19,8,0,1,0,37,3,7,24,7024,4,2009,2B3KA43T79H5,2,B,3,K,A,4,3,T,7,9,H,5,0,P,DODG,CHA,4D,9,17,3820,,0,1200,,G,,0,0,000000000,00000000000,0,0,0,1,0,0,0,0,0,0,0,15,0,0,0,14,14,0,1,8,0,0,0,1,37,28086,6,1,6,0,3,0,69,999,1,0,0,0,0,7,2009,7,2009,0,39,0,0,0,1,2,35,1,1,2,1,20,3,11,80,1,1,1,13,0,0
37,370582,1,1,1,4,5,23,15,42,0,1,0,37,1,12,401,12401,14,1995,1FMDU32X9SUC,1,F,M,D,U,3,2,X,9,S,U,C,0,P,FORD,EPR,UT,95,17,3844,,0,1115,,G,,0,0,000000000,00000000000,0,0,0,1,0,0,0,0,0,0,0,60,0,0,0,12,12,6,2,42,0,0,0,1,37,28301,1,1,0,0,2,0,67,999,0,7,0,0,7,6,2008,1,2010,1,99,99,99,99,1,4,45,1,1,2,1,0,0,1,9,1,1,4,1,1,0
37,370583,1,1,2,20,5,3,50,1,0,1,0,37,2,52,401,52401,14,2002,JA4LS21H82J0,J,A,4,L,S,2,1,H,8,2,J,0,0,P,MITS,MNS,UT,2,17,3835,,0,1073,,G,,0,0,000000000,00000000000,0,0,0,1,0,0,0,0,0,0,0,55,0,2,1,0,0,6,2,1,0,0,0,1,37,27511,1,1,0,0,2,0,66,999,0,0,0,0,0,0,0,0,0,1,36,58,0,0,1,5,35,1,1,2,1,0,0,1,6,1,7,2,98,1,1
37,370584,1,1,1,16,6,21,27,8,0,1,0,26,2,20,16,20016,4,2002,1G1JC5249271,1,G,1,J,C,5,2,4,9,2,7,1,0,P,CHEV,CAC,4D,2,17,2676,,0,1041,,C,,0,0,000000000,00000000000,0,0,0,1,0,0,0,0,0,0,0,50,0,0,0,12,12,4,1,8,0,0,0,1,26,49336,6,1,0,0,3,3,67,140,0,0,0,0,0,0,0,0,0,0,0,0,0,0,3,3,50,1,2,1,1,0,0,1,80,1,1,1,13,0,0
37,370585,1,1,1,23,7,23,16,30,0,1,0,37,1,12,401,12401,14,2000,1FMYU60XXYUA,1,F,M,Y,U,6,0,X,X,Y,U,A,0,P,FORD,EPR,UT,0,17,3670,,0,1017,,G,,0,0,000000000,00000000000,0,0,0,1,0,0,0,0,0,0,0,40,0,0,0,12,12,6,2,30,0,0,0,1,37,28083,6,1,0,0,3,3,71,999,2,0,0,0,1,9,2007,3,2010,0,0,0,0,0,1,3,35,1,1,2,1,3,3,1,10,1,1,4,6,1,0
37,370586,1,1,1,27,7,4,46,8,0,1,0,37,1,59,401,59401,14,2000,JT6HF10U4Y01,J,T,6,H,F,1,0,U,4,Y,0,1,0,P,LEXS,RX3,UT,0,17,3900,,0,1031,,G,,0,0,000000000,00000000000,0,0,0,1,0,0,0,0,0,0,0,45,0,0,0,12,14,2,9,8,0,0,0,1,37,28645,6,1,0,0,3,0,69,999,1,0,0,0,0,11,2008,11,2008,0,0,0,0,0,1,5,45,1,1,2,1,0,0,1,80,1,1,1,13,0,0
37,370587,1,2,1,12,7,11,3,12,2,1,0,37,3,98,881,98881,63,2006,5DG8AU5T6600,5,D,G,8,A,U,5,T,6,6,0,0,0,U,,,,6,17,,,,,,,,0,57,491372,57491372,3,2,5,1,0,0,0,0,0,0,0,50,0,0,0,12,12,6,2,12,0,0,0,1,37,28659,6,1,6,0,3,3,72,999,0,0,0,0,0,0,0,0,0,0,0,0,0,0,1,2,55,1,2,2,2,0,0,1,62,1,1,1,51,0,0
37,370587,2,2,2,12,7,11,3,12,2,1,0,37,1,9,398,9398,4,1994,3P3AA46K1RT3,3,P,3,A,A,4,6,K,1,R,T,3,0,P,PLYM,ACC,4D,94,17,2751,,0,1035,,G,,0,0,000000000,00000000000,0,0,0,1,0,0,0,0,0,0,0,55,0,0,0,12,12,6,2,12,0,0,0,1,37,28601,6,1,0,0,3,3,67,999,0,0,0,0,0,0,0,0,0,0,28,0,0,0,1,2,55,1,2,2,2,0,0,1,5,1,1,2,50,2,0
37,370588,1,1,1,15,7,10,17,30,0,1,0,37,1,12,3,12003,2,1997,1FALP4044VF1,1,F,A,L,P,4,0,4,4,V,F,1,0,P,FORD,MUS,CP,97,17,3084,,0,1013,,G,,0,0,000000000,00000000000,0,0,0,1,0,0,0,0,0,0,0,100,0,1,5,3,3,6,2,30,0,0,0,1,37,27516,6,1,0,0,3,0,69,999,0,0,0,1,0,6,2010,6,2010,1,36,58,0,0,1,2,55,2,3,2,1,0,0,14,6,1,1,4,1,1,1
37,370589,1,2,2,30,7,16,34,12,6,1,0,39,4,20,39,20039,4,2009,KL1TD56E79B3,K,L,1,T,D,5,6,E,7,9,B,3,0,P,CHEV,LTS,4D,9,17,2569,,0,976,,G,,0,0,000000000,00000000000,0,0,0,1,0,0,0,0,0,0,0,15,0,0,0,3,3,6,2,12,0,0,0,1,51,23454,6,1,0,0,3,3,60,170,0,0,0,0,0,0,0,0,0,0,38,0,0,0,1,2,55,1,1,2,1,4,3,4,17,1,1,1,87,1,0
37,370589,2,2,2,30,7,16,34,12,6,1,0,37,1,49,482,49482,31,2010,5TFUW5F10AX1,5,T,F,U,W,5,F,1,0,A,X,1,0,T,TOYT,DBS,CW,10,17,,2,0,1457,TUN,F,,0,0,000000000,00000000000,0,0,0,1,0,0,0,0,0,0,0,55,0,1,1,12,12,6,2,12,0,0,0,1,37,27928,6,1,0,0,3,3,72,999,0,0,0,0,0,0,0,0,0,0,0,0,0,0,1,2,55,1,1,2,1,4,3,1,54,1,1,1,86,0,0
37,370590,1,1,5,31,7,19,36,35,0,1,0,13,2,7,482,7482,31,2007,1D7HA18P97J5,1,D,7,H,A,1,8,P,9,7,J,5,0,T,DODG,SQ1,CW,7,17,,2,1605,1405,RPC,F,,0,0,000000000,00000000000,0,0,0,1,0,0,0,0,0,0,0,60,0,1,5,11,11,6,2,1,0,0,0,1,37,28314,6,1,0,0,3,0,60,999,1,0,0,0,1,3,2008,8,2008,0,58,0,0,0,3,4,70,1,1,2,1,0,0,1,1,1,1,4,1,1,0
37,370591,1,1,1,21,7,21,41,30,0,1,0,37,2,6,43,6043,2,1995,4C3AU42N0SE2,4,C,3,A,U,4,2,N,0,S,E,2,0,P,CHRY,SLX,2P,95,17,2796,,0,1037,,G,,0,0,000000000,00000000000,0,0,0,1,0,0,0,0,0,0,0,45,0,0,0,12,11,6,2,30,0,0,0,1,37,28304,1,1,0,0,2,0,68,999,1,8,1,0,10,3,2009,6,2010,0,39,0,0,0,2,4,45,1,1,2,1,3,3,1,11,1,1,4,1,1,0
37,370592,1,1,3,31,7,18,21,9,0,1,0,37,2,7,482,7482,31,2009,1D3HB18P09S7,1,D,3,H,B,1,8,P,0,9,S,7,0,T,DODG,Q15,CW,9,17,,2,0,1400,RPC,G,,0,0,000000000,00000000000,0,0,0,1,0,0,0,0,0,0,0,50,0,0,0,12,12,4,9,9,0,0,0,1,37,27028,6,1,6,0,3,0,66,999,0,0,0,0,0,0,0,0,0,0,0,0,0,0,1,2,55,3,1,2,1,0,0,14,83,1,1,1,13,0,0
37,370593,1,2,1,21,7,11,5,12,6,1,0,37,3,85,881,85881,66,2010,1XKDD49X1AJ2,1,X,K,D,D,4,9,X,1,A,J,2,1,T,KW,T80,DS,10,17,,8,2600,1600,CON,D,,1,57,1021423,571021423,3,6,97,1,0,0,0,0,0,0,0,55,0,0,0,9,9,6,2,12,0,0,0,1,37,28382,6,1,6,1,3,3,74,999,0,0,0,0,1,10,2009,10,2009,0,0,0,0,0,2,4,55,1,1,2,1,4,3,1,17,1,1,1,89,0,0
37,370593,2,2,7,21,7,11,5,12,6,1,0,51,1,63,441,63441,20,2006,KNDMB2336660,K,N,D,M,B,2,3,3,6,6,6,0,0,P,KIA,SED,SV,6,17,0,,0,1145,,G,,0,0,000000000,00000000000,0,0,0,1,0,0,0,0,0,0,0,55,0,0,0,12,12,6,2,12,0,0,0,1,51,22801,6,1,0,0,3,3,66,270,1,0,0,0,0,9,2007,9,2007,0,38,39,0,0,2,4,55,1,1,2,1,4,3,1,15,1,1,1,88,1,0
37,370594,1,1,1,21,7,0,9,7,0,1,0,37,1,72,706,72706,80,1999,1HD1ETL45XY9,1,H,D,1,E,T,L,4,5,X,Y,9,0,M,HD,XR3,RS,99,17,,,,,,,1340,0,0,000000000,00000000000,0,0,0,1,0,0,0,0,0,0,0,65,0,0,0,0,0,6,2,7,0,0,0,1,37,28659,6,1,0,0,3,3,70,999,0,0,0,0,1,11,2007,11,2007,0,58,0,0,0,2,3,65,1,1,2,1,98,9,1,11,1,1,4,0,1,1
37,370595,1,2,3,25,7,20,57,12,2,1,0,37,1,21,20,21020,4,1994,1G3WH55M0RD4,1,G,3,W,H,5,5,M,0,R,D,4,0,P,OLDS,SUS,4D,94,17,3137,,0,1075,,G,,0,0,000000000,00000000000,0,0,0,1,0,0,0,0,0,0,0,55,0,0,0,12,12,6,2,12,0,0,0,1,37,28016,6,1,0,0,3,3,66,999,0,0,0,0,1,8,2009,8,2009,0,0,0,0,0,1,2,55,1,1,2,1,0,0,1,62,1,1,1,51,1,0
37,370595,2,2,1,25,7,20,57,12,2,1,0,37,1,2,404,2404,14,1997,1J4FJ68SXVL5,1,J,4,F,J,6,8,S,X,V,L,5,0,T,JEEP,SPT,4W,97,17,,1,0,1014,CHK,G,,0,0,000000000,00000000000,0,0,0,1,0,0,0,0,0,0,0,60,0,0,0,12,12,6,2,12,0,0,0,1,37,28032,1,1,0,0,2,0,69,999,0,2,4,0,1,5,2008,9,2009,1,28,0,0,0,1,2,55,1,1,2,1,0,0,1,54,1,1,2,50,0,1
37,370596,1,1,1,25,7,11,55,42,0,1,0,45,2,37,705,37705,80,1984,JH2PC1001EM1,J,H,2,P,C,1,0,0,1,E,M,1,0,M,HOND,V5F,RS,84,17,,,,,,,500,0,0,000000000,00000000000,0,0,0,1,0,0,0,0,0,0,0,50,0,0,0,12,12,4,3,42,0,0,0,1,45,29710,6,1,0,0,3,0,71,178,0,1,1,1,0,10,2008,5,2009,1,36,0,0,0,1,2,45,2,1,2,1,0,0,14,11,1,1,4,1,1,1
37,370597,1,2,2,23,7,11,8,12,6,1,0,37,3,87,881,87881,66,1994,1XPCDR8X1RN3,1,X,P,C,D,R,8,X,1,R,N,3,1,T,PTRB,377,DS,94,17,,8,0,0,CON,D,,1,57,662419,57662419,3,6,1,1,0,0,0,0,0,0,0,45,0,0,0,12,12,6,2,12,0,0,0,1,37,27360,6,1,6,0,3,0,69,999,0,0,0,1,0,12,2007,12,2007,0,0,0,0,0,1,2,45,1,1,2,1,4,3,1,67,1,1,1,83,0,0
37,370597,2,2,3,23,7,11,8,12,6,1,0,51,2,7,442,7442,20,1996,2B4FP25BXTR7,2,B,4,F,P,2,5,B,X,T,R,7,0,P,DODG,CAR,SV,96,17,3425,,0,1133,,G,,0,0,000000000,00000000000,0,0,0,1,0,0,0,0,0,0,0,10,0,0,0,9,9,6,2,12,0,0,1,1,51,23487,6,2,0,0,3,0,70,189,0,0,0,0,0,0,0,0,0,0,38,0,0,0,1,2,45,1,1,2,1,4,3,11,15,1,1,1,82,1,0
37,370598,1,1,1,27,7,19,51,53,0,1,0,37,2,37,705,37705,80,1997,JH2PC2509VM6,J,H,2,P,C,2,5,0,9,V,M,6,0,M,HOND,RF3,RS,97,17,,,,,,,600,0,0,000000000,00000000000,0,0,0,1,0,0,0,0,0,0,0,50,0,0,0,12,12,6,2,32,0,0,0,1,37,27313,1,1,0,0,2,0,71,999,1,1,0,0,2,2,2009,8,2009,1,36,0,0,0,1,2,40,2,1,2,1,0,0,14,11,1,1,4,1,1,0
37,370599,1,1,1,26,7,12,2,1,0,1,0,37,3,51,881,51881,63,1999,4VMDCMUEXXN7,4,V,M,D,C,M,U,E,X,X,N,7,0,T,VOLV,XWX,TL,99,17,,8,0,0,XPD,D,,0,37,2130989,372130989,3,2,7,1,0,0,0,0,0,0,0,50,0,2,5,0,0,6,2,1,0,0,0,1,37,27824,6,1,0,0,2,0,69,999,1,0,0,0,1,5,2008,9,2009,1,36,0,0,0,1,2,55,3,1,2,1,0,0,14,10,1,1,4,6,1,0
37,370600,1,1,1,24,7,23,26,35,0,1,0,37,2,72,706,72706,80,1984,1HD1BEK21EY0,1,H,D,1,B,E,K,2,1,E,Y,0,0,M,HD,FXW,RS,84,17,,,,,,,1340,0,0,000000000,00000000000,0,0,0,1,0,0,0,0,0,0,0,55,0,0,0,12,12,6,2,35,0,0,0,1,37,28625,0,0,0,0,0,0,999,999,0,0,0,0,0,0,0,0,0,1,36,0,0,0,1,2,45,2,1,2,1,0,0,14,11,1,1,4,1,1,0
37,370601,1,1,2,25,7,15,36,32,0,1,0,51,1,12,16,12016,4,2003,2FAFP74W63X1,2,F,A,F,P,7,4,W,6,3,X,1,0,P,FORD,CVL,4D,3,17,3946,,0,1147,,G,,0,0,000000000,00000000000,0,0,0,1,0,0,0,0,0,0,0,65,0,1,5,9,9,6,2,1,0,0,0,1,51,23236,6,1,0,0,3,0,70,200,0,0,0,0,0,0,0,0,0,1,36,0,0,0,3,4,65,3,2,1,1,0,0,14,10,1,1,4,6,1,0
37,370602,1,1,3,12,7,22,49,17,0,1,0,37,2,2,404,2404,14,1994,1J4FJ68SXRL1,1,J,4,F,J,6,8,S,X,R,L,1,0,T,JEEP,SPT,4W,94,17,,1,0,1014,CHK,G,,0,0,000000000,00000000000,0,0,0,1,0,0,0,0,0,0,0,60,0,1,5,3,4,6,2,1,0,0,0,1,37,28701,6,1,0,0,3,2,67,999,0,0,0,0,0,0,0,0,0,1,58,74,0,0,1,2,45,1,1,2,1,0,0,1,11,1,1,4,1,1,1
37,370603,1,1,1,25,7,23,11,8,0,1,0,37,1,6,52,6052,6,2009,3A8FY58919T5,3,A,8,F,Y,5,8,9,1,9,T,5,0,P,CHRY,PTC,SV,9,17,3165,,0,1030,,G,,0,0,000000000,00000000000,0,0,0,1,0,0,0,0,0,0,0,50,0,0,0,12,12,6,2,8,0,0,0,1,37,28705,6,1,0,0,3,0,69,999,0,0,0,0,0,0,0,0,0,0,0,0,0,0,1,2,55,1,2,2,1,0,0,1,80,1,1,1,13,0,0
37,370604,1,2,2,27,7,14,40,12,2,1,0,37,1,14,6,14006,4,2001,2MEFM75W41X6,2,M,E,F,M,7,5,W,4,1,X,6,0,P,MERC,MGL,4D,1,17,3948,,0,1147,,G,,0,0,000000000,00000000000,0,0,0,1,0,0,0,0,0,0,0,45,0,0,0,12,12,6,2,12,0,0,0,1,37,28429,6,1,0,0,3,3,66,999,0,0,0,0,0,0,0,0,0,0,0,0,0,0,1,2,55,3,1,2,1,0,0,14,62,1,1,1,59,1,0
37,370604,2,2,1,27,7,14,40,12,2,1,0,37,1,51,43,51043,6,1998,YV1LZ5644W24,Y,V,1,L,Z,5,6,4,4,W,2,4,0,P,VOLV,VXC,SW,98,17,3719,,0,1049,,G,,0,0,000000000,00000000000,0,0,0,1,0,0,0,0,0,0,0,40,0,0,0,12,12,6,2,12,0,0,0,1,37,28405,6,1,0,0,3,0,71,999,1,0,0,0,1,8,2008,1,2009,0,28,0,0,0,1,2,55,3,1,2,1,0,0,3,54,3,1,2,58,0,0
37,370605,1,1,1,13,7,21,23,8,0,1,0,37,2,20,461,20461,21,2000,1GCFG25W3Y12,1,G,C,F,G,2,5,W,3,Y,1,2,0,T,CHEV,E25,CG,0,17,,2,0,1350,EXP,G,,0,0,000000000,00000000000,0,0,0,1,0,0,0,0,0,0,0,55,0,0,0,12,12,6,2,8,0,0,0,1,37,28570,6,1,0,0,3,0,74,999,0,0,0,1,4,3,2008,3,2010,0,0,0,0,0,1,4,55,1,1,2,1,0,0,1,80,1,1,1,13,0,0
37,370606,1,4,1,28,7,17,32,12,2,1,0,37,1,6,42,6042,4,1996,2C3HC56FXTH1,2,C,3,H,C,5,6,F,X,T,H,1,0,P,CHRY,LHS,4D,96,17,3560,,0,1130,,G,,0,0,000000000,00000000000,0,0,0,1,0,0,0,0,0,0,0,10,0,0,0,12,12,2,9,12,0,0,0,1,37,28443,6,1,0,0,3,3,71,999,0,0,0,0,0,0,0,0,0,0,38,0,0,0,1,5,45,1,1,2,1,0,0,11,72,1,1,1,98,0,0
37,370606,2,4,1,28,7,17,32,12,2,1,0,37,1,37,32,37032,4,2006,1HGCM56366A0,1,H,G,C,M,5,6,3,6,6,A,0,0,P,HOND,ASE,4D,6,17,3197,,0,1079,,G,,0,0,000000000,00000000000,0,0,0,1,0,0,0,0,0,0,0,45,0,0,0,12,12,6,2,12,0,0,0,1,37,28443,6,1,0,0,3,0,64,999,1,0,0,0,1,5,2009,6,2009,0,0,0,0,0,1,5,45,1,1,2,1,0,0,1,71,1,1,1,98,0,0
37,370606,3,4,1,28,7,17,32,12,2,1,0,37,2,20,442,20442,20,1993,1GNDU06D0PT1,1,G,N,D,U,0,6,D,0,P,T,1,0,P,CHEV,L/M,SV,93,17,3100,,0,1098,,G,,0,0,000000000,00000000000,0,0,0,1,0,0,0,0,0,0,0,45,0,0,0,12,12,6,2,12,0,0,0,1,37,28443,0,0,0,0,0,0,71,999,0,0,0,0,0,0,0,0,0,0,0,0,0,0,1,5,45,1,1,2,1,0,0,1,54,1,1,1,98,1,0
37,370606,4,4,1,28,7,17,32,12,2,1,0,37,1,37,32,37032,4,2003,1HGCM56303A0,1,H,G,C,M,5,6,3,0,3,A,0,0,P,HOND,ULX,4D,3,17,3053,,0,1079,,G,,0,0,000000000,00000000000,0,0,0,1,0,0,0,0,0,0,0,45,0,0,0,9,9,6,2,12,0,0,0,1,37,28390,6,1,0,0,3,3,66,999,0,0,0,0,0,0,0,0,0,0,0,0,0,0,1,5,45,1,1,2,1,0,0,1,51,1,1,1,98,0,0
37,370607,1,1,1,30,7,20,56,1,0,1,0,37,1,37,32,37032,4,2003,1HGCM66543A0,1,H,G,C,M,6,6,5,4,3,A,0,0,P,HOND,UEX,4D,3,17,3109,,0,1079,,G,,0,0,000000000,00000000000,0,0,0,1,0,0,0,0,0,0,0,75,0,1,5,0,12,6,2,42,0,0,0,1,37,28478,6,1,0,0,3,3,62,999,1,1,0,0,0,12,2007,2,2008,1,36,0,0,0,1,2,55,2,1,2,1,0,0,14,11,1,1,4,1,1,1
37,370608,1,2,1,28,7,15,57,12,6,1,0,37,3,84,981,84981,59,1985,1HVLPHXLXFHA,1,H,V,L,P,H,X,L,X,F,H,A,0,T,INTL,853,BU,85,17,,6,2760,1520,SS,D,,0,0,000000000,00000000000,0,0,0,1,0,0,0,0,8,0,0,5,0,0,0,1,1,2,1,12,0,0,0,1,37,27884,6,1,0,0,3,3,71,999,0,1,0,0,0,10,2009,10,2009,0,38,0,0,0,1,2,55,8,8,2,1,20,3,4,17,1,1,1,87,0,0
37,370608,2,2,1,28,7,15,57,12,6,1,0,37,1,53,706,53706,80,2004,JS1VS54A9421,J,S,1,V,S,5,4,A,9,4,2,1,0,M,SUZI,VL8,RS,4,17,,,,,,,805,0,0,000000000,00000000000,0,0,0,1,0,0,0,0,0,0,0,55,0,0,0,12,12,6,2,12,0,0,0,1,37,27834,6,1,0,0,3,0,70,999,0,0,0,0,0,0,0,0,0,0,0,0,0,0,1,2,55,1,1,2,1,0,0,1,66,1,1,1,86,1,0
37,370609,1,2,2,29,7,9,27,12,2,1,0,37,1,49,482,49482,31,2006,5TBET34126S5,5,T,B,E,T,3,4,1,2,6,S,5,0,T,TOYT,DBS,CW,6,17,,2,0,1283,TUN,G,,0,0,000000000,00000000000,0,0,0,1,0,0,0,0,0,0,0,55,0,0,0,12,12,6,2,12,0,0,0,1,37,28586,6,1,0,0,3,0,71,999,1,0,0,0,0,4,2008,4,2008,0,28,0,0,0,1,2,55,4,1,2,1,0,0,14,10,1,1,2,50,0,0
37,370609,2,2,2,29,7,9,27,12,2,1,0,37,1,35,43,35043,4,1998,1N4AB41D2WC7,1,N,4,A,B,4,1,D,2,W,C,7,0,P,NISS,EXE,4D,98,17,2353,,0,998,,G,,0,0,000000000,00000000000,0,0,0,1,0,0,0,0,0,0,0,55,0,1,1,12,12,6,2,12,0,0,0,1,37,28509,6,1,0,0,3,0,65,999,0,0,0,0,0,0,0,0,0,0,0,0,0,0,1,2,55,4,1,2,1,0,0,14,62,1,1,1,51,1,0
37,370610,1,2,1,16,7,21,22,15,0,1,0,37,2,23,471,23471,30,2002,1GTCS1451281,1,G,T,C,S,1,4,5,1,2,8,1,0,T,GMC,SON,PK,2,17,,1,0,1083,SON,F,,0,0,000000000,00000000000,0,0,0,1,0,0,0,0,0,0,0,55,0,0,0,12,12,2,1,15,0,0,0,1,37,28372,6,1,0,0,3,0,68,999,0,0,0,0,0,0,0,0,0,0,0,0,0,0,1,2,55,1,1,2,1,0,0,1,83,1,1,1,13,0,0
37,370610,2,2,4,16,7,21,22,15,0,1,0,37,1,35,47,35047,4,1997,1N4BU31D0VC1,1,N,4,B,U,3,1,D,0,V,C,1,0,P,NISS,AGS,4D,97,17,2756,,0,1031,,G,,0,0,000000000,00000000000,0,0,0,1,0,0,0,0,0,0,0,0,0,0,0,12,12,2,1,54,0,0,0,1,37,28364,6,1,0,0,3,0,63,999,0,0,0,0,0,0,0,0,0,0,0,0,0,0,1,2,55,1,1,2,1,0,0,1,87,1,1,1,98,0,0
37,370611,1,1,3,27,7,23,49,8,0,1,0,37,1,37,441,37441,20,2004,5FNRL18694B1,5,F,N,R,L,1,8,6,9,4,B,1,0,P,HOND,UDY,SV,4,17,4365,,0,1181,,G,,0,0,000000000,00000000000,0,0,0,1,0,0,0,0,0,0,0,70,0,0,0,12,12,6,2,8,0,0,0,1,37,28358,6,1,0,0,3,0,68,999,0,0,0,0,0,0,0,0,0,0,0,0,0,0,3,4,70,1,3,2,1,0,0,1,80,1,1,1,13,0,0
37,370612,1,1,5,29,7,5,45,34,0,1,0,37,2,20,481,20481,31,2006,1GCHK23216F1,1,G,C,H,K,2,3,2,1,6,F,1,0,T,CHEV,2KH,CW,6,17,,2,1670,1530,SIL,D,,0,0,000000000,00000000000,0,0,0,1,0,0,0,0,0,0,0,70,0,1,5,12,9,6,2,34,0,0,0,1,37,28340,1,1,0,0,2,3,71,999,0,1,0,0,1,6,2008,11,2009,0,36,0,0,0,1,2,55,4,1,2,1,0,0,14,13,1,1,4,1,1,0
37,370613,1,1,1,25,7,3,19,34,0,1,0,37,2,12,17,12017,4,2001,1FAHP56S51A2,1,F,A,H,P,5,6,S,5,1,A,2,0,P,FORD,TEL,4D,1,17,3333,,0,1085,,G,,0,0,000000000,00000000000,0,0,0,1,0,0,0,0,0,0,0,75,0,1,1,12,12,6,2,1,0,0,0,1,37,28344,0,0,0,0,0,0,999,999,0,0,0,0,0,0,0,0,0,1,58,0,0,0,1,2,55,1,1,2,1,0,0,1,13,1,1,4,1,1,1
37,370614,1,1,2,5,7,17,15,1,0,1,0,37,1,72,706,72706,80,2004,1HD1FCW144Y6,1,H,D,1,F,C,W,1,4,4,Y,6,0,M,HD,FLU,RS,4,17,,,,,,,1450,0,0,000000000,00000000000,0,0,0,1,0,0,0,0,0,0,0,55,0,0,0,0,0,6,2,1,0,0,0,1,37,27030,6,1,0,0,3,3,67,999,0,0,0,0,0,0,0,0,0,0,0,0,0,0,2,2,55,1,1,2,1,0,0,1,13,1,1,4,1,1,0
37,370615,1,1,2,30,7,20,3,42,0,1,0,37,2,12,3,12003,2,2004,1FAFP40694F1,1,F,A,F,P,4,0,6,9,4,F,1,0,P,FORD,MUS,CP,4,17,3114,,0,1013,,G,,0,0,000000000,00000000000,0,0,0,1,0,0,0,0,0,0,0,80,0,0,0,12,12,6,2,42,0,0,0,1,37,28163,6,2,0,0,3,3,68,999,0,0,0,0,0,0,0,0,0,1,36,0,0,0,1,2,55,3,2,2,1,0,0,14,13,1,1,4,1,1,0