STATE,ST_CASE,VEH_NO,VE_FORMS,NUMOCCS,DAY,MONTH,HOUR,MINUTE,HARM_EV,MAN_COLL,UNITTYPE,HIT_RUN,REG_STAT,OWNER,MAKE,MODEL,MAK_MOD,BODY_TYP,MOD_YEAR,VIN,VIN_1,VIN_2,VIN_3,VIN_4,VIN_5,VIN_6,VIN_7,VIN_8,VIN_9,VIN_10,VIN_11,VIN_12,TOW_VEH,VINTYPE,VINMAKE,VINA_MOD,VIN_BT,VINMODYR,VIN_LNGT,VIN_WGT,WGTCD_TR,WHLBS_LG,WHLBS_SH,SER_TR,FUELCODE,MCYCL_DS,J_KNIFE,MCARR_I1,MCARR_I2,MCARR_ID,GVWR,V_CONFIG,CARGO_BT,HAZ_INV,HAZ_PLAC,HAZ_ID,HAZ_CNO,HAZ_REL,BUS_USE,SPEC_USE,EMER_USE,TRAV_SP,UNDERIDE,ROLLOVER,ROLINLOC,IMPACT1,IMPACT2,DEFORMED,TOWED,M_HARM,VEH_SC1,VEH_SC2,FIRE_EXP,DR_PRES,L_STATE,DR_ZIP,L_STATUS,L_TYPE,CDL_STAT,L_ENDORS,L_COMPL,L_RESTRI,DR_HGT,DR_WGT,PREV_ACC,PREV_SUS,PREV_DWI,PREV_SPD,PREV_OTH,FIRST_MO,FIRST_YR,LAST_MO,LAST_YR,SPEEDREL,DR_SF1,DR_SF2,DR_SF3,DR_SF4,VTRAFWAY,VNUM_LAN,VSPD_LIM,VALIGN,VPROFILE,VPAVETYP,VSURCOND,VTRAFCON,VTCONT_F,P_CRASH1,P_CRASH2,P_CRASH3,PCRASH4,PCRASH5,ACC_TYPE,DEATHS,DR_DRINK
37,370616,1,1,3,1,7,1,56,8,0,1,0,37,1,37,32,37032,4,1992,1HGCB7577NA2,1,H,G,C,B,7,5,7,7,N,A,2,0,P,HOND,AEX,4D,92,17,2987,,0,1071,,G,,0,0,000000000,00000000000,0,0,0,1,0,0,0,0,0,0,0,45,0,0,0,14,14,6,2,8,0,0,0,1,37,27025,6,1,0,0,3,0,73,999,0,0,0,0,0,0,0,0,0,0,92,0,0,0,1,2,45,1,2,2,1,0,0,1,80,1,1,1,13,0,1
37,370617,1,1,1,23,7,7,42,9,0,1,0,37,2,2,404,2404,14,2001,1J4GW48N71C6,1,J,4,G,W,4,8,N,7,1,C,6,0,T,JEEP,LRO,4W,1,17,,1,0,1059,GCK,G,,0,0,000000000,00000000000,0,0,0,1,0,0,0,0,0,0,0,45,0,0,0,12,12,4,1,9,0,0,0,1,37,27021,6,1,0,0,3,0,67,999,0,0,0,0,0,0,0,0,0,1,92,0,0,0,1,2,45,3,2,2,1,0,0,14,83,1,1,1,13,0,0
37,370618,1,1,2,27,7,18,20,35,0,1,0,37,1,54,34,54034,4,1993,JH4CC2565PC0,J,H,4,C,C,2,5,6,5,P,C,0,0,P,ACUR,VGS,4D,93,17,3160,,0,1104,,G,,0,0,000000000,00000000000,0,0,0,1,0,0,0,0,0,0,0,80,0,0,0,98,13,6,2,42,0,0,0,1,37,28112,6,1,0,0,3,0,71,999,0,1,0,1,0,11,2008,6,2010,0,36,0,0,0,1,2,55,2,2,2,1,0,0,14,12,1,1,4,6,1,1
37,370619,1,1,1,10,7,0,45,24,0,1,0,37,2,59,401,59401,14,1999,JT6HF10U3X00,J,T,6,H,F,1,0,U,3,X,0,0,0,P,LEXS,RX3,UT,99,17,3900,,0,1031,,G,,0,0,000000000,00000000000,0,0,0,1,0,0,0,0,0,0,0,55,0,1,3,12,12,6,2,1,0,0,0,1,37,27511,6,1,0,0,3,3,69,999,0,0,0,0,0,0,0,0,0,0,0,0,0,0,3,2,55,1,1,2,2,0,0,1,12,1,1,4,6,1,1
37,370620,1,1,1,23,7,17,46,8,0,1,0,26,3,98,809,98809,63,2008,2FZHAZDE48AA,2,F,Z,H,A,Z,D,E,4,8,A,A,0,T,STRG,LT9,TM,8,17,,8,0,0,STE,D,,0,57,887504,57887504,3,2,7,1,0,0,0,0,0,0,0,70,0,0,0,3,3,2,1,8,0,0,0,1,37,27298,6,1,6,9,3,3,71,999,0,0,0,0,0,0,0,0,0,0,0,0,0,0,3,4,70,1,2,2,1,0,0,1,81,1,1,1,13,0,0
37,370621,1,1,1,27,7,15,26,42,0,1,0,37,1,35,471,35471,30,1989,1N6HD11Y6KC3,1,N,6,H,D,1,1,Y,6,K,C,3,0,T,NISS,U4S,PK,89,17,,1,0,1043,D21,G,,0,0,000000000,00000000000,0,0,0,1,0,0,0,0,0,0,0,50,0,0,0,12,12,6,2,42,0,0,0,1,37,27018,6,1,0,0,3,3,72,999,0,0,0,0,0,0,0,0,0,0,58,0,0,0,1,2,55,3,1,2,1,0,0,14,12,1,1,4,6,1,1
37,370622,1,2,1,2,8,5,12,12,6,1,0,37,1,84,883,84883,66,1993,1HSRDEMRXPH5,1,H,S,R,D,E,M,R,X,P,H,5,1,T,INTL,960,TL,93,17,,8,1710,1280,90S,D,,1,88,888888888,88888888888,3,6,8,1,0,0,0,0,0,0,0,5,0,0,0,7,7,6,2,12,0,0,0,1,37,28469,6,1,6,9,3,3,74,999,1,0,0,0,0,9,2007,9,2007,0,38,0,0,0,1,2,55,1,1,2,1,3,3,11,15,1,1,1,82,0,0
37,370622,2,2,1,2,8,5,12,12,6,1,0,37,1,21,23,21023,4,2001,1G3WH52H01F1,1,G,3,W,H,5,2,H,0,1,F,1,0,P,OLDS,IGX,4D,1,17,3455,,0,1090,,G,,0,0,000000000,00000000000,0,0,0,1,0,0,0,0,0,0,0,55,0,0,0,12,12,6,2,12,0,0,0,1,37,28436,6,1,0,0,3,0,64,999,0,0,0,0,0,0,0,0,0,0,0,0,0,0,2,2,55,1,1,2,1,3,3,1,67,1,1,1,83,1,0
37,370623,1,1,4,1,8,0,51,42,0,1,0,37,2,52,37,52037,3,2001,4A3AC54H51E1,4,A,3,A,C,5,4,H,5,1,E,1,0,P,MITS,ECG,2H,1,17,3120,,0,1008,,G,,0,0,000000000,00000000000,0,0,0,1,0,0,0,0,0,0,0,65,0,0,0,1,1,6,2,42,0,0,0,1,37,28748,6,1,0,0,3,3,63,999,1,0,0,2,0,12,2007,8,2008,1,0,0,0,0,1,2,40,2,2,2,1,0,0,14,12,1,1,4,6,1,0
37,370624,1,1,2,5,8,2,57,8,0,1,0,37,1,12,481,12481,31,1999,1FTRX18L5XNA,1,F,T,R,X,1,8,L,5,X,N,A,0,T,FORD,F15,4C,99,17,,2,1574,1388,COF,G,,0,0,000000000,00000000000,0,0,0,1,0,0,0,0,0,0,0,65,0,0,0,12,12,6,2,8,0,0,0,1,37,28711,6,1,0,0,3,0,71,999,0,0,0,1,0,2,2009,2,2009,0,0,0,0,0,3,4,65,1,1,2,1,0,0,1,80,1,1,1,13,0,0
37,370625,1,1,1,3,8,20,53,8,0,1,0,37,2,23,401,23401,14,2005,1GKDS13S8521,1,G,K,D,S,1,3,S,8,5,2,1,0,T,GMC,ENV,4W,5,17,,1,0,1130,ENV,G,,0,0,000000000,00000000000,0,0,0,1,0,0,0,0,0,0,0,65,0,0,0,12,12,2,1,8,0,0,0,1,37,27576,6,1,0,0,3,3,74,999,1,2,0,0,0,9,2007,8,2008,0,0,0,0,0,3,4,65,1,1,2,1,0,0,1,80,1,1,1,13,0,0
37,370626,1,2,1,4,8,16,30,12,6,1,0,37,2,12,401,12401,14,1999,1FMYU24E5XUC,1,F,M,Y,U,2,4,E,5,X,U,C,0,P,FORD,EPR,UT,99,17,3898,,0,1017,,G,,0,0,000000000,00000000000,0,0,0,1,0,0,0,0,0,0,0,15,0,0,0,12,12,6,2,12,0,0,0,1,37,27370,6,2,0,0,3,0,61,999,1,0,0,0,0,5,2009,5,2009,0,38,0,0,0,1,2,55,1,1,2,1,20,3,1,17,1,1,1,88,0,0
37,370626,2,2,1,4,8,16,30,12,6,1,0,37,1,72,706,72706,80,2006,1HD1CGP166K4,1,H,D,1,C,G,P,1,6,6,K,4,0,M,HD,20C,RS,6,17,,,,,,,1200,0,0,000000000,00000000000,0,0,0,1,0,0,0,0,0,0,0,45,0,0,0,11,11,6,2,12,0,0,0,1,37,27350,6,1,6,0,3,0,71,999,0,0,0,0,0,0,0,0,0,0,0,0,0,0,1,2,55,3,8,2,1,0,0,14,66,1,1,1,89,1,0
37,370627,1,1,2,5,8,6,0,34,0,1,0,37,2,20,481,20481,31,1993,1GCDC14K5PZ2,1,G,C,D,C,1,4,K,5,P,Z,2,0,T,CHEV,GC1,PK,93,17,,1,1315,1175,GM4,G,,0,0,000000000,00000000000,0,0,0,1,0,0,0,0,0,0,0,65,0,0,0,12,12,6,2,42,0,0,0,1,37,28372,6,1,0,0,3,0,70,999,0,0,0,1,0,4,2010,4,2010,0,39,0,0,0,1,2,55,1,1,2,1,20,3,1,14,1,1,4,14,1,1
37,370628,1,2,2,2,8,12,45,12,6,1,0,37,2,19,3,19003,2,1987,1G6CD1180H42,1,G,6,C,D,1,1,8,0,H,4,2,0,P,CADI,DFW,CP,87,17,3312,,0,1108,,G,,0,0,000000000,00000000000,0,0,0,1,0,0,0,0,0,0,0,5,0,0,0,11,11,6,2,12,0,0,0,1,37,28040,6,1,0,0,3,3,70,999,1,0,0,0,0,7,2010,7,2010,0,38,0,0,0,1,2,35,1,1,2,1,20,3,11,15,1,1,1,82,1,0
37,370628,2,2,1,2,8,12,45,12,6,1,0,37,2,14,402,14402,14,2005,4M2CU57165DJ,4,M,2,C,U,5,7,1,6,5,D,J,0,P,MERC,MRN,UT,5,17,3409,,0,1031,,G,,0,0,000000000,00000000000,0,0,0,1,0,0,0,0,0,0,0,35,0,0,0,12,12,6,2,12,0,0,0,1,37,28139,6,1,0,0,3,0,65,999,0,0,0,0,0,0,0,0,0,0,0,0,0,0,1,2,35,1,1,2,1,0,0,1,67,1,1,1,83,0,0
37,370629,1,2,1,4,8,19,49,12,2,1,0,37,2,20,17,20017,4,1987,2G1AW51W4H11,2,G,1,A,W,5,1,W,4,H,1,1,0,P,CHEV,CEL,4D,87,17,2685,,0,1049,,G,,0,0,000000000,00000000000,0,0,0,1,0,0,0,0,0,0,0,40,0,0,0,12,12,6,2,12,0,0,0,1,37,27537,1,1,0,0,2,0,66,999,0,2,0,0,0,4,2008,6,2008,0,28,0,0,0,1,2,55,1,3,2,1,0,0,1,10,1,1,2,50,1,1
37,370629,2,2,1,4,8,19,49,12,2,1,0,37,3,7,461,7461,21,2001,2B7LB31ZX1K5,2,B,7,L,B,3,1,Z,X,1,K,5,0,T,DODG,C3V,CG,1,17,,2,0,1272,CRV,G,,0,0,000000000,00000000000,0,0,0,1,0,0,0,0,0,0,0,45,0,0,0,12,12,4,1,12,0,0,0,1,37,27537,6,1,6,0,3,0,70,999,0,0,0,1,1,8,2009,11,2009,0,0,0,0,0,1,2,55,1,3,2,1,0,0,1,62,1,1,1,51,0,0
37,370630,1,1,1,7,1,10,35,8,0,1,0,37,3,84,881,84881,63,2005,1HSHXAHR85J0,1,H,S,H,X,A,H,R,8,5,J,0,0,T,INTL,860,DS,5,17,,8,0,0,80S,D,,0,57,121018,57121018,3,2,98,1,0,0,0,0,0,0,0,5,0,0,0,12,12,0,8,8,0,0,0,1,13,30810,6,1,6,0,3,3,72,250,98,0,0,0,1,5,2008,5,2008,0,38,0,0,0,1,2,35,1,1,2,1,0,0,11,80,1,1,1,13,0,1
37,370631,1,1,1,15,4,9,25,53,0,1,0,37,1,34,706,34706,80,2009,WB10388089ZT,W,B,1,0,3,8,8,0,8,9,Z,T,0,M,BMW,R2T,RS,9,17,,,,,,,1170,0,0,000000000,00000000000,0,0,0,1,0,0,0,0,0,0,0,55,0,0,0,12,12,6,2,32,0,0,0,1,37,27239,6,1,0,0,3,0,70,999,0,0,0,0,0,0,0,0,0,0,0,0,0,0,1,2,55,1,2,2,1,0,0,1,12,1,1,4,6,1,0
37,370632,1,1,2,13,6,4,32,42,0,1,0,45,2,22,9,22009,3,1999,2G2FS22K6X22,2,G,2,F,S,2,2,K,6,X,2,2,0,P,PONT,FBD,2H,99,17,3340,,0,1011,,G,,0,0,000000000,00000000000,0,0,0,1,0,0,0,0,0,0,0,80,0,1,1,3,3,6,2,42,0,0,0,1,37,28462,0,0,0,0,0,0,999,999,0,0,0,0,0,0,0,0,0,0,36,0,0,0,1,2,45,1,1,2,1,0,0,1,13,1,1,4,1,2,1
37,370633,1,3,1,23,7,16,14,12,8,1,0,37,2,37,31,37031,4,2001,1HGES16511L0,1,H,G,E,S,1,6,5,1,1,L,0,0,P,HOND,UCL,4D,1,17,2515,,0,1031,,G,,0,0,000000000,00000000000,0,0,0,1,0,0,0,0,0,0,0,55,0,0,0,11,3,6,2,12,0,0,0,1,37,28451,6,1,0,0,3,0,67,999,0,0,0,0,0,0,0,0,0,0,28,0,0,0,1,2,55,1,1,2,1,0,0,1,10,1,1,2,64,1,0
37,370633,2,3,1,23,7,16,14,12,8,1,0,37,1,23,401,23401,14,2005,1GKDS13S8522,1,G,K,D,S,1,3,S,8,5,2,2,0,T,GMC,ENV,4W,5,17,,1,0,1130,ENV,G,,0,0,000000000,00000000000,0,0,0,1,0,0,0,0,0,0,0,55,0,0,0,11,11,6,2,12,0,0,0,1,37,28448,6,1,0,0,3,3,66,999,0,0,0,0,0,0,0,0,0,0,0,0,0,0,1,2,55,1,1,2,1,0,0,1,62,1,1,1,65,0,0
37,370633,3,3,1,23,7,16,14,12,8,1,0,37,1,12,471,12471,30,1995,1FTCR10A4STA,1,F,T,C,R,1,0,A,4,S,T,A,0,T,FORD,RNG,PK,95,17,,1,1140,1080,RNG,G,,0,0,000000000,00000000000,0,0,0,1,0,0,0,0,0,0,0,55,0,0,0,12,12,6,2,12,0,0,0,1,37,28451,6,1,0,0,3,0,74,999,0,0,0,0,0,0,0,0,0,0,0,0,0,0,1,2,55,1,1,2,1,0,0,1,62,7,1,1,98,0,0
37,370634,1,1,1,24,7,20,39,33,0,1,0,37,1,20,401,20401,14,2002,1GNDT13W22K2,1,G,N,D,T,1,3,W,2,2,K,2,0,P,CHEV,BZR,UT,2,17,4114,,0,1070,,G,,0,0,000000000,00000000000,0,0,0,1,0,0,0,0,0,0,0,75,0,1,5,12,9,6,2,1,0,0,0,1,37,27106,6,1,0,0,3,0,60,999,0,0,0,0,0,0,0,0,0,1,58,0,0,0,3,2,45,4,2,2,1,0,0,14,13,1,1,4,1,1,0
37,370635,1,3,1,30,7,16,4,12,8,1,0,37,1,37,706,37706,80,2002,1HFSC46082A0,1,H,F,S,C,4,6,0,8,2,A,0,0,M,HOND,XT8,RS,2,17,,,,,,,1795,0,0,000000000,00000000000,0,0,0,1,0,0,0,0,0,0,0,70,0,0,0,11,12,6,2,12,0,0,0,1,37,27526,6,1,6,0,3,0,65,999,0,0,0,0,0,0,0,0,0,1,28,0,0,0,1,2,55,2,2,2,1,0,0,14,10,1,1,2,64,1,0
37,370635,2,3,4,30,7,16,4,12,8,1,0,37,1,37,402,37402,14,2006,JHLRD68846C0,J,H,L,R,D,6,8,8,4,6,C,0,0,P,HOND,CRV,UT,6,17,3349,,0,1033,,G,,0,0,000000000,00000000000,0,0,0,1,0,0,0,0,0,0,0,55,0,0,0,7,7,2,1,12,0,0,0,1,37,27501,6,1,0,0,3,0,61,999,0,0,0,0,0,0,0,0,0,0,0,0,0,0,1,2,55,3,2,2,1,0,0,14,62,1,1,1,65,0,0
37,370635,3,3,1,30,7,16,4,12,8,1,0,48,2,7,482,7482,31,2002,1D7HA16K12J2,1,D,7,H,A,1,6,K,1,2,J,2,0,T,DODG,150,PK,2,17,,2,1405,1205,RPC,G,,0,0,000000000,00000000000,0,0,0,1,0,0,0,0,0,0,0,55,0,0,0,12,12,6,2,12,0,0,0,1,37,27521,6,1,0,0,3,0,68,999,1,1,0,0,0,3,2008,10,2008,0,0,0,0,0,1,2,55,2,2,2,1,0,0,14,62,1,1,1,98,0,0
37,370636,1,1,1,30,7,21,31,34,0,1,0,51,2,54,35,54035,4,1999,19UUA5647XA0,1,9,U,U,A,5,6,4,7,X,A,0,0,P,ACUR,32T,4D,99,17,3447,,0,1081,,G,,0,0,000000000,00000000000,0,0,0,1,0,0,0,0,0,0,0,65,0,1,5,1,1,6,2,34,0,0,0,1,51,23851,1,1,1,0,2,0,68,150,0,9,0,0,1,8,2007,7,2010,0,58,0,0,0,1,2,55,3,1,2,1,0,0,14,12,1,3,4,7,1,1
37,370637,1,1,1,17,7,1,25,53,0,1,0,37,1,37,706,37706,80,1999,1HFSC2235XA1,1,H,F,S,C,2,2,3,5,X,A,1,0,M,HOND,1/2,RS,99,17,,,,,,,1520,0,0,000000000,00000000000,0,0,0,1,0,0,0,0,0,0,0,66,0,0,0,12,12,6,2,1,0,0,0,1,37,28625,6,1,0,0,3,0,71,999,0,0,0,0,0,0,0,0,0,0,36,0,0,0,1,2,55,1,2,2,1,0,0,1,13,1,1,4,1,1,1
37,370638,1,1,1,23,7,2,25,1,0,1,0,37,2,72,706,72706,80,2005,1HD1FLW125Y6,1,H,D,1,F,L,W,1,2,5,Y,6,0,M,HD,CUS,RS,5,17,,,,,,,1450,0,0,000000000,00000000000,0,0,0,1,0,0,0,0,0,0,0,50,0,0,0,0,0,6,2,1,0,0,0,1,37,28677,6,1,0,0,3,0,74,999,0,0,0,1,0,8,2009,8,2009,0,0,0,0,0,1,2,45,1,1,2,1,0,0,1,12,1,1,4,6,1,1
37,370639,1,3,1,15,7,99,99,12,1,1,0,37,2,37,32,37032,4,2002,1HGCG16572A0,1,H,G,C,G,1,6,5,7,2,A,0,0,P,HOND,UEX,4D,2,17,3329,,0,1069,,G,,0,0,000000000,00000000000,0,0,0,1,0,0,0,0,0,0,0,998,0,0,0,12,12,6,2,12,0,0,0,1,37,28202,6,1,0,0,3,0,69,999,0,0,0,1,0,3,2009,3,2009,9,0,0,0,0,3,6,45,1,1,2,1,3,3,1,50,1,1,1,20,0,1
37,370639,2,3,1,15,7,99,99,12,1,1,0,37,1,37,32,37032,4,2005,1HGCM56775A1,1,H,G,C,M,5,6,7,7,5,A,1,0,P,HOND,UEX,4D,5,17,3203,,0,1079,,G,,0,0,000000000,00000000000,0,0,0,1,0,0,0,0,0,0,0,0,0,0,0,6,98,6,2,12,0,0,0,1,37,28012,6,1,0,0,3,0,67,999,0,1,0,0,0,3,2008,3,2008,0,0,0,0,0,3,6,45,1,1,2,1,3,3,5,53,1,1,3,21,1,0
37,370639,3,3,3,15,7,99,99,12,1,1,0,37,1,82,881,82881,66,1999,1FUYSSEB9XLA,1,F,U,Y,S,S,E,B,9,X,L,A,0,T,FRHT,FC2,DS,99,17,,8,0,0,CON,D,,0,57,38111,5738111,3,5,96,1,0,0,0,0,0,0,0,998,0,0,0,1,1,6,2,12,0,0,0,1,37,28269,6,1,6,9,3,3,66,999,2,0,0,0,1,10,2007,6,2010,0,0,0,0,0,3,6,45,1,1,2,1,3,3,4,66,1,1,1,98,0,0
37,370640,1,2,2,17,7,21,34,8,0,1,0,37,2,20,402,20402,14,1994,2CNBE18U2R69,2,C,N,B,E,1,8,U,2,R,6,9,0,P,GEO,GEO,UT,94,17,2189,,0,866,,G,,0,0,000000000,00000000000,0,0,0,1,0,0,0,0,0,0,0,35,0,0,0,12,12,2,1,8,0,0,0,1,37,28205,1,1,0,0,2,0,65,999,0,1,0,0,1,4,2009,8,2009,0,0,0,0,0,3,4,35,1,1,2,2,0,0,1,80,1,1,1,13,0,0
37,370640,2,2,5,17,7,21,34,8,0,1,0,37,2,12,422,12422,15,2002,1FMRU15L02LA,1,F,M,R,U,1,5,L,0,2,L,A,0,P,FORD,EPT,UT,2,17,4891,,0,1191,,G,,0,0,000000000,00000000000,0,0,0,1,0,0,0,0,0,0,0,35,0,0,0,14,14,0,1,8,0,0,0,1,37,28227,6,1,0,0,3,3,68,999,1,1,0,0,0,7,2008,2,2010,0,0,0,0,0,3,4,35,1,1,2,2,0,0,1,80,1,1,1,98,0,0
37,370641,1,2,2,29,7,13,38,12,6,1,0,37,1,37,402,37402,14,2002,JHLRD68432C0,J,H,L,R,D,6,8,4,3,2,C,0,0,P,HOND,CRV,UT,2,17,3201,,0,1031,,G,,0,0,000000000,00000000000,0,0,0,1,0,0,0,0,0,0,0,17,0,0,0,1,1,2,3,12,0,0,0,1,37,28217,6,1,0,0,3,3,62,999,0,0,0,0,0,0,0,0,0,0,38,0,0,0,3,4,45,1,1,2,1,0,0,11,15,1,1,1,68,0,0
37,370641,2,2,1,29,7,13,38,12,6,1,0,45,1,76,705,76705,80,2005,JYAVM01E15A0,J,Y,A,V,M,0,1,E,1,5,A,0,0,M,YAMA,V6A,RS,5,17,,,,,,,649,0,0,000000000,00000000000,0,0,0,1,0,0,0,0,0,0,0,44,0,0,0,12,12,6,2,12,0,0,0,1,45,29708,6,1,0,0,3,0,64,160,0,0,0,1,0,7,2009,7,2009,0,0,0,0,0,3,4,45,1,1,2,1,0,0,1,17,1,1,1,69,1,0
37,370642,1,1,1,5,7,0,46,1,0,1,0,37,2,49,421,49421,15,1997,JT3HJ85J4V01,J,T,3,H,J,8,5,J,4,V,0,1,0,P,TOYT,LCW,UT,97,17,4751,,0,1122,,G,,0,0,000000000,00000000000,0,0,0,1,0,0,0,0,0,0,0,75,0,2,5,0,0,6,2,1,0,0,0,1,37,27801,1,1,0,0,2,3,76,999,0,1,0,0,0,4,2010,4,2010,0,58,0,0,0,2,4,55,1,1,2,1,0,0,1,13,1,1,4,1,1,1
37,370643,1,1,1,17,7,21,30,18,0,1,0,0,0,98,709,98709,81,2008,000000000000,0,0,0,0,0,0,0,0,0,0,0,0,0,U,,,,,17,,,,,,,,0,0,000000000,00000000000,0,0,0,1,0,0,0,0,0,0,0,35,0,0,0,12,12,2,3,18,0,0,0,1,37,27260,1,1,0,0,1,0,72,999,0,1,0,0,1,4,2009,4,2010,0,0,0,0,0,2,4,55,1,1,2,2,0,0,1,90,1,1,3,15,1,0
37,370644,1,2,3,28,7,21,45,12,2,1,0,37,1,49,32,49032,4,2002,1NXBR12E52Z6,1,N,X,B,R,1,2,E,5,2,Z,6,0,P,TOYT,UCS,4D,2,17,2405,,0,970,,G,,0,0,000000000,00000000000,0,0,0,1,0,0,0,0,0,0,0,45,0,0,0,12,12,6,2,12,0,0,0,1,37,27317,6,1,0,0,3,0,64,999,0,0,0,0,1,6,2008,6,2008,0,0,0,0,0,1,2,45,1,1,2,1,0,0,1,62,1,1,1,51,1,0
37,370644,2,2,1,28,7,21,45,12,2,1,0,37,2,42,42,42042,4,1998,WDBHA23G9WA6,W,D,B,H,A,2,3,G,9,W,A,6,0,P,MERZ,C23,4D,98,17,3095,,0,1059,,G,,0,0,000000000,00000000000,0,0,0,1,0,0,0,0,0,0,0,65,0,1,1,12,12,6,2,12,0,0,0,1,37,27205,1,1,0,0,2,0,66,999,0,5,1,0,5,10,2007,1,2010,1,28,36,0,0,1,2,45,1,1,2,1,0,0,1,10,1,1,1,50,0,0
37,370645,1,1,4,18,7,1,12,8,0,1,0,37,1,20,422,20422,15,2006,1GNEC16Z66J1,1,G,N,E,C,1,6,Z,6,6,J,1,0,P,CHEV,C15,UT,6,17,5269,,0,1300,,F,,0,0,000000000,00000000000,0,0,0,1,0,0,0,0,0,0,0,75,0,0,0,12,12,6,2,8,0,0,0,1,37,27856,6,1,0,0,3,0,68,999,0,0,0,0,1,3,2010,3,2010,0,0,0,0,0,3,4,65,1,1,2,1,0,0,1,80,1,1,1,13,0,0
37,370646,1,1,1,31,7,16,10,52,0,1,0,0,0,98,709,98709,81,2004,000000000000,0,0,0,0,0,0,0,0,0,0,0,0,0,U,,,,,17,,,,,,,,0,0,000000000,00000000000,0,0,0,1,0,0,0,0,0,0,0,45,0,0,0,12,12,6,2,52,0,0,0,1,37,28133,1,1,0,0,1,0,59,999,0,0,0,0,0,0,0,0,0,0,0,0,0,0,1,2,35,3,2,2,1,0,0,14,13,1,1,4,1,1,1
37,370647,1,1,2,25,7,2,20,42,0,1,0,37,2,59,31,59031,4,2001,JT8BF28G6151,J,T,8,B,F,2,8,G,6,1,5,1,0,P,LEXS,ES3,4D,1,17,3373,,0,1051,,G,,0,0,000000000,00000000000,0,0,0,1,0,0,0,0,0,0,0,95,0,0,0,3,3,6,2,42,0,0,0,1,99,99999,9,9,99,9,9,9,999,999,99,99,99,99,99,99,9999,99,9999,0,36,0,0,0,1,2,55,2,1,2,1,0,0,14,12,1,1,4,6,1,0
37,370648,1,1,1,28,7,20,50,33,0,1,0,37,1,99,709,99709,80,2004,4K7S813594C0,4,K,7,S,8,1,3,5,9,4,C,0,0,U,,,,4,17,,,,,,,,0,0,000000000,00000000000,0,0,0,1,0,0,0,0,0,0,0,85,0,0,0,1,9,6,2,30,0,0,0,1,37,27613,6,1,0,0,3,0,70,999,0,0,0,0,0,0,0,0,0,1,36,0,0,0,1,4,45,3,2,2,1,0,0,14,13,1,1,4,1,1,1
37,370649,1,1,1,25,7,23,21,8,0,1,0,37,1,12,37,12037,4,2008,1FAHP35N58W1,1,F,A,H,P,3,5,N,5,8,W,1,0,P,FORD,FMS,4D,8,17,2623,,0,1029,,G,,0,0,000000000,00000000000,0,0,0,1,0,0,0,0,0,0,0,50,0,0,0,12,12,4,1,8,0,0,0,1,37,27530,6,1,0,0,3,3,64,999,1,0,0,1,0,9,2008,10,2008,0,0,0,0,0,2,4,55,1,3,2,1,3,3,1,80,1,1,1,13,0,0
37,370650,1,3,1,14,8,21,0,12,8,1,0,37,1,72,706,72706,80,1986,1HD1EBL14GY1,1,H,D,1,E,B,L,1,4,G,Y,1,0,M,HD,FRS,RS,86,17,,,,,,,1340,0,0,000000000,00000000000,0,0,0,1,0,0,0,0,0,0,0,50,0,0,0,9,9,6,2,12,0,0,0,1,37,27244,6,1,0,0,3,0,69,999,0,0,0,1,0,10,2008,10,2008,0,0,0,0,0,1,2,50,1,1,2,1,0,0,1,62,1,1,1,65,1,0
37,370650,2,3,1,14,8,21,0,12,8,1,0,37,1,12,481,12481,31,2008,1FTSW21R28EB,1,F,T,S,W,2,1,R,2,8,E,B,0,T,FORD,F2S,CW,8,17,,2,1720,1560,SRW,D,,0,0,000000000,00000000000,0,0,0,1,0,0,0,0,0,0,0,50,0,0,0,11,11,6,2,12,0,0,0,1,37,27217,6,1,0,0,3,0,64,999,0,0,0,0,0,0,0,0,0,0,28,0,0,0,1,2,50,1,1,2,1,0,0,1,10,1,1,2,64,0,1
37,370650,3,3,1,14,8,21,0,12,8,1,0,37,2,20,481,20481,31,2007,1GCEC14X77Z6,1,G,C,E,C,1,4,X,7,7,Z,6,0,T,CHEV,SC1,PK,7,17,,2,1330,1190,SIL,G,,0,0,000000000,00000000000,0,0,0,1,0,0,0,0,0,0,0,50,0,0,0,9,9,6,2,12,0,0,0,1,37,27214,6,1,0,0,3,0,72,999,0,0,0,0,1,8,2009,8,2009,0,0,0,0,0,1,2,50,1,1,2,1,0,0,1,62,1,1,1,98,0,0
37,370651,1,3,2,27,7,8,48,12,2,1,0,37,1,14,443,14443,20,1997,4M2DV111XVDJ,4,M,2,D,V,1,1,1,X,V,D,J,0,P,MERC,VLR,SV,97,17,0,,0,1122,,G,,0,0,000000000,00000000000,0,0,0,1,0,0,0,0,0,0,0,50,0,0,0,12,12,4,3,12,0,0,0,1,37,28301,6,1,0,0,3,0,66,999,0,0,0,0,0,0,0,0,0,0,0,0,0,0,2,4,50,4,2,2,2,0,0,14,62,1,1,1,98,0,0