STATE,ST_CASE,VEH_NO,VE_FORMS,NUMOCCS,DAY,MONTH,HOUR,MINUTE,HARM_EV,MAN_COLL,UNITTYPE,HIT_RUN,REG_STAT,OWNER,MAKE,MODEL,MAK_MOD,BODY_TYP,MOD_YEAR,VIN,VIN_1,VIN_2,VIN_3,VIN_4,VIN_5,VIN_6,VIN_7,VIN_8,VIN_9,VIN_10,VIN_11,VIN_12,TOW_VEH,VINTYPE,VINMAKE,VINA_MOD,VIN_BT,VINMODYR,VIN_LNGT,VIN_WGT,WGTCD_TR,WHLBS_LG,WHLBS_SH,SER_TR,FUELCODE,MCYCL_DS,J_KNIFE,MCARR_I1,MCARR_I2,MCARR_ID,GVWR,V_CONFIG,CARGO_BT,HAZ_INV,HAZ_PLAC,HAZ_ID,HAZ_CNO,HAZ_REL,BUS_USE,SPEC_USE,EMER_USE,TRAV_SP,UNDERIDE,ROLLOVER,ROLINLOC,IMPACT1,IMPACT2,DEFORMED,TOWED,M_HARM,VEH_SC1,VEH_SC2,FIRE_EXP,DR_PRES,L_STATE,DR_ZIP,L_STATUS,L_TYPE,CDL_STAT,L_ENDORS,L_COMPL,L_RESTRI,DR_HGT,DR_WGT,PREV_ACC,PREV_SUS,PREV_DWI,PREV_SPD,PREV_OTH,FIRST_MO,FIRST_YR,LAST_MO,LAST_YR,SPEEDREL,DR_SF1,DR_SF2,DR_SF3,DR_SF4,VTRAFWAY,VNUM_LAN,VSPD_LIM,VALIGN,VPROFILE,VPAVETYP,VSURCOND,VTRAFCON,VTCONT_F,P_CRASH1,P_CRASH2,P_CRASH3,PCRASH4,PCRASH5,ACC_TYPE,DEATHS,DR_DRINK
37,370718,2,3,1,31,8,22,43,12,1,1,0,37,1,37,704,37704,80,1980,NC012128119,N,C,0,1,2,1,2,8,1,1,9,,0,P,,,,,,,,,,,,,0,0,000000000,00000000000,0,0,0,1,0,0,0,0,0,0,0,60,0,0,0,6,6,6,2,12,0,0,0,1,37,28716,6,1,0,0,3,0,69,999,0,0,0,0,0,0,0,0,0,0,0,0,0,0,3,4,60,1,1,2,1,0,0,2,18,1,1,1,29,1,0
37,370718,3,3,1,31,8,22,43,12,1,1,0,18,3,82,883,82883,66,2004,1FUJAPCKX4DM,1,F,U,J,A,P,C,K,X,4,D,M,1,T,FRHT,FL3,DS,4,17,,8,0,0,CON,D,,1,57,070892,57070892,3,6,2,1,0,0,0,0,0,0,0,60,0,0,0,18,18,6,2,54,0,0,0,1,48,77536,6,1,6,0,3,3,999,999,1,0,0,0,0,6,2008,6,2008,0,0,0,0,0,3,4,60,1,1,2,1,0,0,1,98,1,1,1,98,0,0
37,370719,1,2,4,28,8,20,20,12,6,1,0,37,2,37,32,37032,4,1999,JHMCG5647XC0,J,H,M,C,G,5,6,4,7,X,C,0,0,P,HOND,ULX,4D,99,17,3053,,0,1069,,G,,0,0,000000000,00000000000,0,0,0,1,0,0,0,0,0,0,0,55,0,0,0,1,2,6,2,12,0,0,0,1,37,27503,6,1,0,0,3,0,74,999,0,0,0,0,0,0,0,0,0,0,38,0,0,0,1,2,55,2,1,2,1,0,0,11,15,1,1,1,68,2,0
37,370719,2,2,4,28,8,20,20,12,6,1,0,37,1,20,401,20401,14,1998,1GNDT13W1W22,1,G,N,D,T,1,3,W,1,W,2,2,1,P,CHEV,BZR,UT,98,17,4046,,0,1070,,G,,3,0,000000000,00000000000,0,0,0,1,0,0,0,0,0,0,0,50,0,0,0,12,12,6,2,12,0,0,0,1,37,28516,6,1,6,0,3,0,75,999,0,0,0,0,0,0,0,0,0,0,0,0,0,0,1,2,55,3,1,2,1,0,0,14,54,1,1,1,69,0,0
37,370720,1,1,2,21,8,12,10,1,0,1,0,37,1,12,481,12481,31,2007,1FTRF12297KD,1,F,T,R,F,1,2,2,9,7,K,D,0,T,FORD,F15,PK,7,17,,2,1450,1260,COF,G,,0,0,000000000,00000000000,0,0,0,1,0,0,0,0,0,0,0,55,0,2,5,0,98,6,2,1,0,0,0,1,37,28164,6,1,0,0,3,0,71,999,1,0,0,0,1,12,2007,2,2009,0,58,0,0,0,1,2,55,1,1,2,1,0,0,1,12,1,1,4,6,1,0
37,370721,1,1,1,28,8,8,19,42,0,1,0,37,1,20,16,20016,2,1999,1G1JC1249X71,1,G,1,J,C,1,2,4,9,X,7,1,0,P,CHEV,C/S,CP,99,17,2617,,0,1041,,G,,0,0,000000000,00000000000,0,0,0,1,0,0,0,0,0,0,0,45,0,1,5,12,12,6,2,1,0,0,0,1,37,27312,6,1,0,0,3,0,73,999,0,0,0,0,0,0,0,0,0,0,0,0,0,0,2,4,45,1,3,2,1,0,0,1,13,1,1,4,1,1,0
37,370722,1,1,1,10,8,18,30,8,0,1,0,37,1,51,881,51881,66,2000,4V4ND4JH3YN2,4,V,4,N,D,4,J,H,3,Y,N,2,0,T,VOLV,VVN,DS,0,17,,8,0,0,VVN,D,,0,57,734296,57734296,3,5,96,1,0,0,0,0,0,0,0,5,0,0,0,6,6,0,1,8,0,0,0,1,37,28430,6,1,6,9,3,3,71,999,0,0,0,1,0,6,2008,6,2008,0,0,0,0,0,1,2,55,1,1,2,1,0,0,13,80,1,1,1,92,0,0
37,370723,1,1,1,12,8,1,15,34,0,1,0,37,2,54,35,54035,4,2001,19UUA56761A0,1,9,U,U,A,5,6,7,6,1,A,0,0,P,ACUR,32T,4D,1,17,3494,,0,1081,,G,,0,0,000000000,00000000000,0,0,0,1,0,0,0,0,0,0,0,110,0,1,4,1,13,6,2,42,0,0,0,1,37,28312,1,1,0,0,2,0,68,999,0,2,0,0,0,5,2009,10,2009,1,36,0,0,0,1,2,55,3,1,2,1,0,0,14,12,1,1,4,6,1,1
37,370724,1,1,1,27,8,21,50,34,0,1,0,37,1,7,482,7482,31,2006,1D7HA18N66S6,1,D,7,H,A,1,8,N,6,6,S,6,0,T,DODG,SQ1,CW,6,17,,2,1405,1205,RPC,G,,0,0,000000000,00000000000,0,0,0,1,0,0,0,0,0,0,0,70,0,0,0,11,12,6,2,42,0,0,0,1,37,28382,6,1,0,0,3,0,66,999,0,0,0,0,0,0,0,0,0,0,58,0,0,0,1,2,55,2,1,2,1,0,0,14,12,1,1,4,6,1,1
37,370725,1,2,0,25,8,17,12,12,1,1,0,28,3,98,804,98804,66,2007,5KJJABCK47PX,5,K,J,J,A,B,C,K,4,7,P,X,1,T,WSTR,49X,DS,7,17,,8,0,0,CNV,D,,1,57,104632,57104632,3,6,3,1,0,0,0,0,0,0,0,0,0,0,0,6,6,6,8,12,0,0,0,0,,,,,,,,,999,,,,,,,,,,,,20,0,0,0,3,8,60,1,1,2,1,0,0,0,53,0,0,0,32,0,0
37,370725,2,2,2,25,8,17,12,12,1,1,0,37,3,20,20,20020,4,1996,2G1WL52M7T91,2,G,1,W,L,5,2,M,7,T,9,1,0,P,CHEV,LUM,4D,96,17,3330,,0,1075,,G,,0,0,000000000,00000000000,0,0,0,1,0,0,0,0,0,0,0,50,0,0,0,12,12,6,2,12,0,0,0,1,37,27703,6,1,0,0,3,3,67,999,1,0,0,0,0,8,2009,8,2009,1,0,0,0,0,3,8,60,1,1,2,1,0,0,1,50,8,1,1,32,1,0
37,370726,1,1,2,27,8,13,44,34,0,1,0,37,1,49,32,49032,4,2003,1NXBR32E63Z0,1,N,X,B,R,3,2,E,6,3,Z,0,0,P,TOYT,UCS,4D,3,17,2502,,0,1024,,G,,0,0,000000000,00000000000,0,0,0,1,0,0,0,0,0,0,0,70,0,0,0,12,12,6,2,21,0,0,0,1,37,27831,6,1,0,0,3,3,71,999,0,0,0,0,0,0,0,0,0,0,58,0,0,0,3,4,70,1,1,2,1,0,0,1,13,1,1,4,1,1,0
37,370727,1,1,1,30,8,4,16,11,0,1,0,37,2,72,706,72706,80,1981,1HD1AFK15BY1,1,H,D,1,A,F,K,1,5,B,Y,1,0,M,HD,FTC,RS,81,17,,,,,,,1340,0,0,000000000,00000000000,0,0,0,1,0,0,0,0,0,0,0,45,0,0,0,12,12,6,2,11,0,0,0,1,37,28681,6,1,0,0,3,3,70,999,0,0,0,0,0,0,0,0,0,0,0,0,0,0,1,2,45,1,2,2,1,0,0,1,87,1,1,1,13,1,0
37,370728,1,2,3,23,8,16,55,12,2,1,0,37,1,2,404,2404,14,1990,1J4FJ58LXLL1,1,J,4,F,J,5,8,L,X,L,L,1,0,T,JEEP,LAR,4W,90,17,,1,0,1014,CHK,G,,0,0,000000000,00000000000,0,0,0,1,0,0,0,0,0,0,0,55,0,0,0,12,12,6,2,12,0,0,0,1,37,27504,1,1,3,0,2,3,72,999,0,0,0,0,0,0,0,0,0,0,38,0,0,0,1,2,55,1,1,2,1,0,0,11,10,1,1,1,68,0,0
37,370728,2,2,6,23,8,16,55,12,2,1,0,37,1,18,7,18007,4,1993,1G4AH55N7P64,1,G,4,A,H,5,5,N,7,P,6,4,0,P,BUIC,CCU,4D,93,17,2824,,0,1047,,G,,0,0,000000000,00000000000,0,0,0,1,0,0,0,0,0,0,0,45,0,0,0,12,12,6,2,12,0,0,0,1,37,27504,0,0,0,0,0,0,999,999,0,0,0,0,0,0,0,0,0,0,0,0,0,0,1,2,55,1,1,2,1,0,0,1,62,1,1,1,69,1,0
37,370729,1,1,1,21,8,2,14,42,0,1,0,37,2,18,2,18002,4,1998,1G4HR52K1WH5,1,G,4,H,R,5,2,K,1,W,H,5,0,P,BUIC,LLF,4D,98,17,3370,,0,1108,,G,,0,0,000000000,00000000000,0,0,0,1,0,0,0,0,0,0,0,70,0,0,0,12,12,6,2,42,0,0,0,1,37,27330,1,1,0,0,2,0,69,999,0,4,0,0,1,12,2007,3,2009,1,0,0,0,0,1,2,35,2,1,2,1,0,0,14,12,1,1,4,6,1,0
37,370730,1,1,1,22,8,7,54,8,0,1,0,37,1,30,47,30047,3,2001,3VWBT21C01M4,3,V,W,B,T,2,1,C,0,1,M,4,0,P,VOLK,NGL,2H,1,17,2719,,0,989,,G,,0,0,000000000,00000000000,0,0,0,1,0,0,0,0,0,0,0,998,0,0,0,12,12,6,2,8,0,0,0,1,37,28205,6,1,0,0,3,0,61,999,0,0,0,1,1,12,2008,3,2009,0,28,36,0,0,1,2,35,1,2,2,1,0,0,1,12,1,1,4,13,0,0
37,370731,1,2,2,27,8,10,40,12,6,1,0,37,1,20,421,20421,15,1999,1GNEC13R2XJ3,1,G,N,E,C,1,3,R,2,X,J,3,0,P,CHEV,CTA,UT,99,17,4865,,0,1175,,G,,0,0,000000000,00000000000,0,0,0,1,0,0,0,0,0,0,0,40,0,0,0,12,12,6,2,12,0,0,0,1,37,28443,6,1,6,0,3,0,68,999,0,0,0,0,0,0,0,0,0,0,0,0,0,0,1,4,45,1,1,2,1,0,0,1,72,1,1,1,83,0,0
37,370731,2,2,1,27,8,10,40,12,6,1,0,37,2,37,32,37032,4,2005,1HGCM66515A0,1,H,G,C,M,6,6,5,1,5,A,0,0,P,HOND,UEX,4D,5,17,3384,,0,1079,,G,,0,0,000000000,00000000000,0,0,0,1,0,0,0,0,0,0,0,5,0,0,0,9,9,6,2,12,0,0,0,1,37,28443,6,1,0,0,3,0,68,999,0,0,0,0,0,0,0,0,0,0,38,0,0,0,1,4,45,1,1,2,1,0,0,11,15,1,1,1,82,1,0
37,370732,1,2,1,25,8,13,45,12,6,1,0,37,3,20,461,20461,21,2007,1GCGG25V5711,1,G,C,G,G,2,5,V,5,7,1,1,0,T,CHEV,E25,CG,7,17,,2,0,1350,EXP,G,,0,0,000000000,00000000000,0,0,0,1,0,0,0,0,0,0,0,10,0,0,0,3,3,6,2,12,0,0,0,1,37,27858,6,1,0,0,3,3,75,999,0,0,0,1,2,3,2008,4,2009,0,38,0,0,0,1,2,55,1,1,2,1,20,3,1,17,1,1,1,87,0,0
37,370732,2,2,2,25,8,13,45,12,6,1,0,37,1,35,443,35443,20,1994,4N2DN11W7RD8,4,N,2,D,N,1,1,W,7,R,D,8,0,P,NISS,QST,SV,94,17,3738,,0,1122,,G,,0,0,000000000,00000000000,0,0,0,1,0,0,0,0,0,0,0,50,0,0,0,12,12,6,2,12,0,0,0,1,37,27828,6,1,0,0,3,3,62,999,0,0,0,0,0,0,0,0,0,0,0,0,0,0,1,2,55,1,1,2,1,0,0,1,66,1,1,1,86,1,0
37,370733,1,2,1,24,8,12,10,12,6,1,0,37,1,54,35,54035,4,2004,19UUA66254A0,1,9,U,U,A,6,6,2,5,4,A,0,0,P,ACUR,ATL,4D,4,17,3575,,0,1081,,G,,0,0,000000000,00000000000,0,0,0,1,0,0,0,0,0,0,0,55,0,0,0,12,12,6,2,12,0,0,0,1,37,28761,6,1,0,0,3,0,68,999,0,0,0,1,0,4,2008,4,2008,0,39,0,0,0,1,2,55,1,3,2,1,20,3,1,17,1,1,1,88,0,0
37,370733,2,2,2,24,8,12,10,12,6,1,0,37,1,18,7,18007,4,2001,2G4WS52JX112,2,G,4,W,S,5,2,J,X,1,1,2,0,P,BUIC,CCU,4D,1,17,3368,,0,1090,,G,,0,0,000000000,00000000000,0,0,0,1,0,0,0,0,0,0,0,50,0,0,0,9,9,6,2,12,0,0,0,1,37,28139,6,1,0,0,3,3,71,999,0,0,0,0,0,0,0,0,0,0,0,0,0,0,1,2,55,1,3,2,1,0,0,1,66,1,1,1,89,2,0
37,370734,1,2,1,26,8,5,55,12,1,1,0,37,1,18,2,18002,4,1994,1G4HP52L0RH4,1,G,4,H,P,5,2,L,0,R,H,4,0,P,BUIC,LCF,4D,94,17,3449,,0,1108,,G,,0,0,000000000,00000000000,0,0,0,1,0,0,0,0,0,0,0,0,0,0,0,6,6,6,2,12,0,0,0,1,37,28040,6,1,0,0,3,0,62,999,0,0,0,1,0,9,2007,9,2007,0,54,0,0,0,3,4,65,1,2,2,1,0,0,5,53,1,1,1,21,1,0
37,370734,2,2,1,26,8,5,55,12,1,1,0,37,1,37,441,37441,20,2007,5FNRL38437B0,5,F,N,R,L,3,8,4,3,7,B,0,0,P,HOND,UDY,SV,7,17,0,,0,1181,,G,,0,0,000000000,00000000000,0,0,0,1,0,0,0,0,0,0,0,60,0,0,0,12,12,6,2,12,0,0,0,1,37,28086,6,1,0,0,3,0,73,999,0,0,0,0,0,0,0,0,0,0,0,0,0,0,3,4,65,1,2,2,1,0,0,1,50,1,1,1,20,0,0
37,370735,1,2,1,27,8,10,4,54,11,1,0,37,1,37,709,37709,80,2009,JH2SC590X9K1,J,H,2,S,C,5,9,0,X,9,K,1,0,M,HOND,CBS,RC,9,17,,,,,,,999,0,0,000000000,00000000000,0,0,0,1,0,0,0,0,0,0,0,55,0,0,0,12,9,6,2,54,0,0,0,1,37,28546,6,1,0,0,3,0,72,999,0,0,0,0,1,12,2008,12,2008,1,28,0,0,0,1,2,55,1,4,2,1,0,0,2,18,1,1,1,98,1,0
37,370735,2,2,1,27,8,10,4,54,11,1,0,37,1,37,401,37401,14,2000,4S6DM58W3Y44,4,S,6,D,M,5,8,W,3,Y,4,4,0,P,HOND,PAS,UT,0,17,4041,,0,1064,,G,,0,0,000000000,00000000000,0,0,0,1,0,0,0,0,0,0,0,55,0,0,0,12,12,6,2,54,0,0,0,1,37,28466,6,1,0,0,3,0,65,999,1,0,0,0,0,10,2008,10,2008,0,0,0,0,0,1,2,55,1,4,2,1,0,0,1,62,1,1,1,98,0,0
37,370736,1,1,1,27,8,12,0,42,0,1,0,37,1,18,20,18020,4,1996,2G4WB52K1T14,2,G,4,W,B,5,2,K,1,T,1,4,0,P,BUIC,RGC,4D,96,17,3331,,0,1075,,G,,0,0,000000000,00000000000,0,0,0,1,0,0,0,0,0,0,0,55,0,0,0,12,12,6,2,42,0,0,0,1,37,28351,6,1,0,0,3,0,68,999,0,0,0,0,0,0,0,0,0,0,0,0,0,0,1,2,55,1,1,2,1,0,0,1,13,1,1,4,1,1,0
37,370737,1,1,1,31,8,17,55,1,0,1,0,37,2,12,481,12481,31,2000,1FTNX21F6YED,1,F,T,N,X,2,1,F,6,Y,E,D,0,T,FORD,F2S,4C,0,17,,2,1580,1418,SRW,D,,0,0,000000000,00000000000,0,0,0,1,0,0,0,0,0,0,0,20,0,2,5,0,7,6,2,1,0,0,0,1,37,28713,6,1,0,0,3,0,64,999,1,1,0,0,2,12,2008,3,2010,0,58,0,0,0,1,2,35,1,1,2,1,0,0,1,13,1,1,4,1,1,1
37,370739,1,1,2,20,8,0,23,38,0,1,0,37,2,34,35,34035,4,2004,WBANA53574B1,W,B,A,N,A,5,3,5,7,4,B,1,0,P,BMW,525,4D,4,17,3428,,0,1114,,G,,0,0,000000000,00000000000,0,0,0,1,0,0,0,0,0,0,0,70,0,0,0,9,9,6,2,38,0,0,0,1,37,27540,6,1,0,0,3,3,69,999,0,1,0,2,0,11,2008,3,2010,1,36,0,0,0,1,2,45,1,2,2,2,0,0,1,13,1,1,4,1,1,1
37,370740,1,1,1,21,8,22,21,8,0,1,0,37,1,63,32,63032,4,2003,KNADC1257362,K,N,A,D,C,1,2,5,7,3,6,2,0,P,KIA,RIO,4D,3,17,2403,,0,949,,G,,0,0,000000000,00000000000,0,0,0,1,0,0,0,0,0,0,0,50,0,0,0,12,12,2,3,8,0,0,0,1,37,27530,6,1,0,0,3,3,65,999,0,0,0,0,0,0,0,0,0,0,0,0,0,0,3,4,50,1,1,2,1,0,0,1,80,1,1,1,13,0,0
37,370741,1,1,2,28,8,1,44,8,0,1,0,37,1,7,482,7482,31,2006,1D7HA18N76J1,1,D,7,H,A,1,8,N,7,6,J,1,0,T,DODG,SQ1,CW,6,17,,2,1405,1205,RPC,G,,0,0,000000000,00000000000,0,0,0,1,0,0,0,0,0,0,0,50,0,0,0,12,12,4,1,8,0,0,0,1,37,28365,6,1,0,0,3,0,66,999,1,0,0,0,1,8,2008,3,2010,0,0,0,0,0,3,4,50,1,1,2,1,0,0,1,80,1,1,1,13,0,0
37,370742,1,1,2,31,8,7,45,30,0,1,0,37,2,54,35,54035,4,2001,19UUA56681A0,1,9,U,U,A,5,6,6,8,1,A,0,0,P,ACUR,32T,4D,1,17,3483,,0,1081,,G,,0,0,000000000,00000000000,0,0,0,1,0,0,0,0,0,0,0,90,0,0,0,3,3,6,2,30,0,0,0,1,37,28551,6,1,0,0,3,3,66,999,0,1,0,0,1,9,2007,12,2008,1,58,0,0,0,1,2,45,3,2,2,1,0,0,14,12,1,1,4,6,1,0
37,370743,1,1,1,3,9,23,32,34,0,1,0,37,2,7,482,7482,31,2001,1B7HF13Z01J1,1,B,7,H,F,1,3,Z,0,1,J,1,0,T,DODG,Q15,4C,1,17,,2,1547,1387,RPC,G,,0,0,000000000,00000000000,0,0,0,1,0,0,0,0,0,0,0,55,0,1,5,12,12,6,2,1,0,0,0,1,37,27616,1,1,0,0,2,0,69,999,0,1,0,0,0,2,2008,2,2008,0,58,0,0,0,1,2,55,1,2,2,1,0,0,1,12,1,1,4,6,1,1
37,370744,1,3,1,4,9,15,13,12,2,1,0,37,1,41,37,41037,4,2002,1YVGF22CX252,1,Y,V,G,F,2,2,C,X,2,5,2,0,P,MAZD,U6L,4D,2,17,2864,,0,1051,,G,,0,0,000000000,00000000000,0,0,0,1,0,0,0,0,0,0,0,55,0,0,0,12,12,6,2,12,0,0,0,1,37,28677,6,1,0,0,3,3,62,999,0,0,0,0,0,0,0,0,0,0,28,0,0,0,1,2,55,1,1,2,1,0,0,1,10,1,1,2,50,1,0
37,370744,2,3,1,4,9,15,13,12,2,1,0,37,2,49,43,49043,4,2006,4T1BK36B56U1,4,T,1,B,K,3,6,B,5,6,U,1,0,P,TOYT,UTS,4D,6,17,3490,,0,1071,,G,,0,0,000000000,00000000000,0,0,0,1,0,0,0,0,0,0,0,55,0,0,0,12,12,6,2,12,0,0,0,1,37,28117,6,1,0,0,3,0,66,999,0,0,0,0,0,0,0,0,0,0,0,0,0,0,1,2,55,1,1,2,1,0,0,1,62,1,1,1,51,0,0
37,370744,3,3,1,4,9,15,13,12,2,1,0,37,1,72,706,72706,80,2008,1HD1FC4118Y7,1,H,D,1,F,C,4,1,1,8,Y,7,0,M,HD,FLU,RS,8,17,,,,,,,1584,0,0,000000000,00000000000,0,0,0,1,0,0,0,0,0,0,0,55,0,0,0,12,12,6,2,12,0,0,0,1,37,28124,6,1,0,0,3,0,68,999,0,0,0,0,0,0,0,0,0,0,0,0,0,0,1,2,55,1,1,2,1,0,0,1,50,1,1,1,98,0,0
37,370745,1,2,1,3,9,15,53,54,11,1,0,37,3,20,881,20881,62,2006,1GBK7C1316F4,1,G,B,K,7,C,1,3,1,6,F,4,0,T,CHEV,C7C,CB,6,17,,6,2960,1400,C75,D,,0,57,382035,57382035,2,1,1,1,0,0,0,0,0,0,0,45,0,0,0,18,18,0,1,54,0,0,0,1,37,28602,6,1,0,0,3,0,71,999,0,0,0,0,0,0,0,0,0,0,0,0,0,0,1,2,55,1,1,2,1,0,0,1,72,1,1,1,98,0,0
37,370745,2,2,1,3,9,15,53,54,11,1,0,0,0,99,739,99739,90,9999,000000000000,0,0,0,0,0,0,0,0,0,0,0,0,0,U,,,,,17,,,,,,,,0,0,000000000,00000000000,0,0,0,1,0,0,0,0,0,0,0,998,0,2,5,3,3,0,8,1,0,0,0,1,37,28753,6,1,0,0,1,0,66,999,0,0,0,0,0,0,0,0,0,0,38,0,0,0,1,2,98,8,8,8,1,0,0,11,54,6,1,1,98,1,1
37,370746,1,1,1,4,9,13,45,43,0,1,0,37,1,76,706,76706,80,2004,JYARN13E14A0,J,Y,A,R,N,1,3,E,1,4,A,0,0,M,YAMA,YFR,RS,4,17,,,,,,,998,0,0,000000000,00000000000,0,0,0,1,0,0,0,0,0,0,0,60,0,0,0,9,9,6,2,42,0,0,0,1,13,31315,6,1,0,0,3,0,75,265,98,0,0,0,0,0,0,0,0,0,0,0,0,0,1,2,55,2,1,2,1,0,0,14,12,1,1,4,6,1,0
37,370747,1,1,2,1,9,23,20,1,0,1,0,37,1,23,431,23431,16,2003,3GKEC16Z83G2,3,G,K,E,C,1,6,Z,8,3,G,2,0,T,GMC,CX1,4W,3,17,,2,0,1300,YUK,F,,0,0,000000000,00000000000,0,0,0,1,0,0,0,0,0,0,0,80,0,2,3,0,63,6,2,1,0,0,0,1,37,27896,6,1,0,0,3,0,63,999,0,1,0,0,0,10,2007,10,2007,1,58,0,0,0,2,4,70,1,2,2,1,0,0,1,12,1,1,4,6,1,0
37,370748,1,1,2,8,9,20,2,9,0,1,0,37,2,20,471,20471,30,1999,1GCCS19X8X81,1,G,C,C,S,1,9,X,8,X,8,1,0,T,CHEV,S14,PC,99,17,,1,0,1229,S,G,,0,0,000000000,00000000000,0,0,0,1,0,0,0,0,0,0,0,55,0,0,0,12,12,2,1,9,0,0,0,1,37,27804,6,2,0,0,3,0,66,999,0,0,0,0,0,0,0,0,0,0,0,0,0,0,1,2,55,1,1,2,1,0,0,1,83,1,1,1,13,0,0
37,370749,1,1,1,1,9,19,10,8,0,1,0,45,3,84,881,84881,66,2002,2HSCNASR02C0,2,H,S,C,N,A,S,R,0,2,C,0,1,T,INTL,94I,DS,2,17,,8,0,0,940,D,,1,57,1493981,571493981,3,6,1,1,0,0,0,0,0,0,0,40,0,0,0,1,1,2,1,8,0,0,0,1,45,29001,6,1,6,0,3,0,71,200,0,0,0,0,0,0,0,0,0,0,80,0,0,0,1,2,45,4,2,2,1,0,0,14,98,1,1,4,13,0,0
37,370750,1,2,4,4,9,0,3,12,6,1,0,37,2,42,31,42031,4,1985,WDBAB33C5FA2,W,D,B,A,B,3,3,C,5,F,A,2,0,P,MERZ,3DT,4D,85,17,3380,,0,1100,,D,,0,0,000000000,00000000000,0,0,0,1,0,0,0,0,0,0,0,55,0,0,0,12,12,6,2,8,0,0,0,1,37,28396,6,1,0,0,3,0,60,999,0,0,0,0,0,0,0,0,0,1,0,0,0,0,1,2,55,1,1,2,1,0,0,1,50,1,1,1,98,0,0
37,370750,2,2,0,4,9,0,3,12,6,1,0,37,6,12,481,12481,31,2002,1FTRW08L82KB,1,F,T,R,W,0,8,L,8,2,K,B,0,T,FORD,F1S,CW,2,17,,2,0,1388,COF,G,,0,0,000000000,00000000000,0,0,0,1,0,0,0,0,0,0,0,0,0,0,0,5,5,6,2,12,0,0,0,0,,,,,,,,,999,,,,,,,,,,,,20,0,0,0,1,2,55,1,1,2,1,0,0,0,53,0,0,0,98,0,0
37,370751,1,1,3,3,9,20,57,9,0,1,0,37,1,12,35,12035,4,1996,3FALP6536TM1,3,F,A,L,P,6,5,3,6,T,M,1,0,P,FORD,CGS,4D,96,17,2773,,0,1065,,G,,0,0,000000000,00000000000,0,0,0,1,0,0,0,0,0,0,0,40,0,0,0,12,12,6,2,9,0,0,0,1,37,28360,6,1,0,0,3,0,62,999,0,0,0,0,1,2,2008,2,2008,0,33,0,0,0,1,2,55,1,1,2,1,0,0,6,83,1,1,2,13,0,1
37,370752,1,1,1,9,1,6,30,38,0,1,0,37,2,52,34,52034,4,1999,4A3AA46GXXE0,4,A,3,A,A,4,6,G,X,X,E,0,0,P,MITS,GES,4D,99,17,2935,,0,1037,,G,,0,0,000000000,00000000000,0,0,0,1,0,0,0,0,0,0,0,75,0,1,5,1,1,6,2,1,0,0,0,1,37,28348,6,1,0,0,3,3,71,999,1,0,0,0,0,10,2009,10,2009,1,0,0,0,0,1,2,55,4,1,2,1,0,0,14,13,1,1,4,1,1,0
37,370753,1,2,1,25,3,13,13,12,6,1,0,37,1,38,401,38401,14,1995,JACDJ58V5S79,J,A,C,D,J,5,8,V,5,S,7,9,0,P,ISU,TRO,UT,95,17,0,,0,1087,,G,,0,0,000000000,00000000000,0,0,0,1,0,0,0,0,0,0,0,3,0,0,0,12,12,6,2,12,0,0,0,1,37,28409,6,1,0,0,3,0,62,999,0,0,0,0,0,0,0,0,0,0,38,0,0,0,1,2,45,1,1,2,1,0,0,11,15,1,1,1,68,0,0
37,370753,2,2,1,25,3,13,13,12,6,1,0,37,1,72,706,72706,80,2006,1HD4CJM116K4,1,H,D,4,C,J,M,1,1,6,K,4,0,M,HD,L8C,RS,6,17,,,,,,,883,0,0,000000000,00000000000,0,0,0,1,0,0,0,0,0,0,0,45,0,0,0,9,9,6,2,12,0,0,0,1,37,28428,6,1,0,0,3,0,70,999,0,0,0,0,1,10,2008,10,2008,0,0,0,0,0,1,2,45,1,1,2,1,0,0,1,62,1,1,1,69,1,0
37,370754,1,5,1,6,6,16,3,12,1,1,0,37,2,23,8,23008,6,2008,1GKER23748J1,1,G,K,E,R,2,3,7,4,8,J,1,0,T,GMC,S1F,4W,8,17,,2,0,1189,ACA,G,,0,0,000000000,00000000000,0,0,0,1,0,0,0,0,0,0,0,45,0,0,0,12,12,6,2,12,0,0,0,1,37,28104,6,1,0,0,3,0,72,999,0,0,0,0,0,0,0,0,0,1,0,0,0,0,1,2,45,1,1,2,1,0,0,1,52,1,1,1,20,0,0
37,370754,2,5,1,6,6,16,3,12,1,1,0,37,2,73,705,73705,80,1977,KZ650C004726,K,Z,6,5,0,C,0,0,4,7,2,6,0,P,,,,,,,,,,,,,0,0,000000000,00000000000,0,0,0,1,0,0,0,0,0,0,0,0,0,0,0,6,6,6,2,12,0,0,0,1,37,28104,6,1,0,0,3,0,69,999,0,0,0,0,0,0,0,0,0,0,0,0,0,0,1,2,45,1,1,2,1,0,0,5,50,1,1,1,21,1,0
37,370754,3,5,3,6,6,16,3,12,1,1,0,37,1,12,17,12017,4,2000,1FAFP5526YA1,1,F,A,F,P,5,5,2,6,Y,A,1,0,P,FORD,TSS,4D,0,17,3333,,0,1085,,F,,0,0,000000000,00000000000,0,0,0,1,0,0,0,0,0,0,0,0,0,0,0,6,6,6,2,12,0,0,0,1,37,28227,6,1,0,0,3,0,67,999,0,0,0,0,0,0,0,0,0,0,0,0,0,0,1,2,45,1,1,2,1,0,0,5,50,1,1,1,98,0,0