STATE,ST_CASE,VEH_NO,VE_FORMS,NUMOCCS,DAY,MONTH,HOUR,MINUTE,HARM_EV,MAN_COLL,UNITTYPE,HIT_RUN,REG_STAT,OWNER,MAKE,MODEL,MAK_MOD,BODY_TYP,MOD_YEAR,VIN,VIN_1,VIN_2,VIN_3,VIN_4,VIN_5,VIN_6,VIN_7,VIN_8,VIN_9,VIN_10,VIN_11,VIN_12,TOW_VEH,VINTYPE,VINMAKE,VINA_MOD,VIN_BT,VINMODYR,VIN_LNGT,VIN_WGT,WGTCD_TR,WHLBS_LG,WHLBS_SH,SER_TR,FUELCODE,MCYCL_DS,J_KNIFE,MCARR_I1,MCARR_I2,MCARR_ID,GVWR,V_CONFIG,CARGO_BT,HAZ_INV,HAZ_PLAC,HAZ_ID,HAZ_CNO,HAZ_REL,BUS_USE,SPEC_USE,EMER_USE,TRAV_SP,UNDERIDE,ROLLOVER,ROLINLOC,IMPACT1,IMPACT2,DEFORMED,TOWED,M_HARM,VEH_SC1,VEH_SC2,FIRE_EXP,DR_PRES,L_STATE,DR_ZIP,L_STATUS,L_TYPE,CDL_STAT,L_ENDORS,L_COMPL,L_RESTRI,DR_HGT,DR_WGT,PREV_ACC,PREV_SUS,PREV_DWI,PREV_SPD,PREV_OTH,FIRST_MO,FIRST_YR,LAST_MO,LAST_YR,SPEEDREL,DR_SF1,DR_SF2,DR_SF3,DR_SF4,VTRAFWAY,VNUM_LAN,VSPD_LIM,VALIGN,VPROFILE,VPAVETYP,VSURCOND,VTRAFCON,VTCONT_F,P_CRASH1,P_CRASH2,P_CRASH3,PCRASH4,PCRASH5,ACC_TYPE,DEATHS,DR_DRINK
37,370754,4,5,3,6,6,16,3,12,1,1,0,37,2,41,51,41051,5,2009,JM1BK3433912,J,M,1,B,K,3,4,3,3,9,1,2,0,P,MAZD,M3H,4H,9,17,2930,,0,1039,,G,,0,0,000000000,00000000000,0,0,0,1,0,0,0,0,0,0,0,0,0,0,0,6,6,4,1,12,0,0,0,1,37,28110,6,1,0,0,3,0,64,999,0,0,0,0,0,0,0,0,0,0,0,0,0,0,1,2,45,1,1,2,1,0,0,5,50,1,1,1,98,0,0
37,370754,5,5,2,6,6,16,3,12,1,1,0,37,1,13,1,13001,4,2005,1LNHM81W05Y6,1,L,N,H,M,8,1,W,0,5,Y,6,0,P,LINC,SIG,4D,5,17,4359,,0,1177,,G,,0,0,000000000,00000000000,0,0,0,1,0,0,0,0,0,0,0,0,0,0,0,6,6,2,1,12,0,0,0,1,37,28227,6,1,0,0,3,0,70,999,0,0,0,0,0,0,0,0,0,0,0,0,0,0,1,2,45,1,1,2,1,0,0,5,15,1,1,1,98,0,0
37,370755,1,2,1,24,8,15,44,12,9,1,0,37,1,2,405,2405,14,2003,1J4GL38K33W5,1,J,4,G,L,3,8,K,3,3,W,5,0,T,JEEP,RNG,4W,3,17,,1,0,1043,LIB,G,,0,0,000000000,00000000000,0,0,0,1,0,0,0,0,0,0,0,5,0,0,0,6,6,2,1,12,0,0,0,1,37,28031,6,1,0,0,3,3,65,999,0,0,0,2,1,10,2007,5,2010,0,0,0,0,0,1,2,20,1,1,2,1,20,3,11,15,1,1,1,82,0,0
37,370755,2,2,1,24,8,15,44,12,9,1,0,0,0,98,709,98709,81,2009,000000000000,0,0,0,0,0,0,0,0,0,0,0,0,0,U,,,,,17,,,,,,,,0,0,000000000,00000000000,0,0,0,1,0,0,0,0,0,0,0,30,0,0,0,9,9,6,2,12,0,0,0,1,37,28803,1,1,0,0,1,0,74,999,0,2,0,0,1,5,2009,3,2010,0,0,0,0,0,1,2,20,1,1,2,1,0,0,1,67,1,1,1,83,1,1
37,370756,1,2,1,18,8,8,12,12,6,1,0,51,3,86,882,86882,63,2006,1M2AC07CX6M0,1,M,2,A,C,0,7,C,X,6,M,0,0,T,MACK,LE6,GG,6,17,,8,0,0,600,D,,0,57,334446,57334446,3,2,7,1,0,0,0,0,0,0,0,45,0,0,0,12,12,2,3,12,0,0,0,1,51,23452,6,1,6,0,3,0,76,220,0,0,0,0,0,0,0,0,0,0,39,0,0,0,1,2,45,1,1,2,1,3,3,1,17,1,1,1,88,0,0
37,370756,2,2,2,18,8,8,12,12,6,1,0,37,2,20,23,20023,6,2006,3GNDA23P96S5,3,G,N,D,A,2,3,P,9,6,S,5,0,P,CHEV,HHR,UT,6,17,3155,,0,1035,,G,,0,0,000000000,00000000000,0,0,0,1,0,0,0,0,0,0,0,5,0,0,0,9,9,6,2,12,0,0,0,1,37,27949,6,1,0,0,3,0,69,999,0,0,0,0,0,0,0,0,0,0,0,0,0,0,1,2,45,1,1,2,1,3,3,1,66,1,1,1,89,1,0
37,370757,1,2,2,30,8,21,20,12,2,1,0,37,2,12,422,12422,15,2007,1FMFK20587LA,1,F,M,F,K,2,0,5,8,7,L,A,0,P,FORD,EPT,UT,7,17,6155,,0,1310,,G,,0,0,000000000,00000000000,0,0,0,1,0,0,0,0,0,0,0,50,0,0,0,12,12,6,2,12,0,0,0,1,48,78236,6,1,0,0,3,0,999,999,0,0,0,0,0,0,0,0,0,0,0,0,0,0,1,2,55,1,1,2,1,0,0,1,62,6,1,2,51,0,0
37,370757,2,2,1,30,8,21,20,12,2,1,0,37,1,20,7,20007,10,1986,3GCCW80H7GS9,3,G,C,C,W,8,0,H,7,G,S,9,0,P,CHEV,ELC,PK,86,17,3103,,0,1171,,G,,0,0,000000000,00000000000,0,0,0,1,0,0,0,0,0,0,0,55,0,0,0,12,12,6,2,12,0,0,0,1,37,28546,6,1,6,0,3,3,70,999,0,0,0,0,0,0,0,0,0,0,28,0,0,0,1,2,55,1,2,2,1,0,0,1,10,1,1,2,50,1,0
37,370758,1,2,1,29,8,3,2,12,6,1,0,37,2,20,22,20022,2,2006,1G1AL15F9677,1,G,1,A,L,1,5,F,9,6,7,7,0,P,CHEV,BLT,CP,6,17,2991,,0,1033,,G,,0,0,000000000,00000000000,0,0,0,1,0,0,0,0,0,0,0,82,0,0,0,12,12,6,2,12,0,0,0,1,37,28383,6,1,0,0,3,0,61,999,0,0,0,0,0,0,0,0,0,1,0,0,0,0,1,2,55,1,1,2,1,0,0,1,56,1,1,2,98,1,1
37,370758,2,2,3,29,8,3,2,12,6,1,0,37,1,12,481,12481,31,1999,1FTRX18L6XNC,1,F,T,R,X,1,8,L,6,X,N,C,1,T,FORD,F15,4C,99,17,,2,1574,1388,COF,G,,1,0,000000000,00000000000,0,0,0,1,0,0,0,0,0,0,0,2,0,0,0,9,9,6,2,12,0,0,0,1,37,28383,6,1,0,0,3,0,71,999,1,0,0,0,0,9,2008,9,2008,0,0,0,0,0,1,2,55,1,1,2,1,0,0,13,62,1,1,1,98,0,0
37,370759,1,1,3,15,9,20,41,8,0,1,0,37,2,12,401,12401,14,2002,1FMZU67E32UC,1,F,M,Z,U,6,7,E,3,2,U,C,0,P,FORD,EPR,UT,2,17,4120,,0,1259,,G,,0,0,000000000,00000000000,0,0,0,1,0,0,0,0,0,0,0,50,0,0,0,12,12,2,1,8,0,0,0,1,37,28320,6,1,0,0,3,3,64,999,0,0,0,0,0,0,0,0,0,0,0,0,0,0,1,2,55,1,1,2,1,0,0,1,80,1,1,1,13,0,0
37,370760,1,1,4,11,9,2,24,38,0,1,0,37,1,20,481,20481,31,2001,1GCEK14T91Z2,1,G,C,E,K,1,4,T,9,1,Z,2,0,T,CHEV,SK1,PK,1,17,,2,1330,1190,SIL,G,,0,0,000000000,00000000000,0,0,0,1,0,0,0,0,0,0,0,70,0,1,5,6,81,6,2,1,0,0,0,1,37,28451,6,1,0,0,3,0,70,999,1,0,0,0,0,9,2010,9,2010,1,36,0,0,0,1,2,55,3,1,2,1,0,0,14,13,1,4,4,2,3,1
37,370761,1,2,1,13,9,15,32,12,2,1,0,37,1,12,401,12401,14,2004,1FMZU72KX4UC,1,F,M,Z,U,7,2,K,X,4,U,C,0,P,FORD,EPR,UT,4,17,4469,,0,1137,,F,,0,0,000000000,00000000000,0,0,0,1,0,0,0,0,0,0,0,15,0,0,0,12,12,6,2,12,0,0,0,1,37,28748,6,1,0,0,3,0,73,999,0,0,0,0,0,0,0,0,0,0,28,38,48,0,1,2,55,1,2,2,1,20,3,11,15,1,1,2,82,1,0
37,370761,2,2,2,13,9,15,32,12,2,1,0,37,2,20,403,20403,14,2005,1GNET16S8561,1,G,N,E,T,1,6,S,8,5,6,1,0,P,CHEV,TRL,UT,5,17,4954,,0,1290,,G,,0,0,000000000,00000000000,0,0,0,1,0,0,0,0,0,0,0,55,0,0,0,12,12,6,2,12,0,0,0,1,37,28734,6,1,0,0,3,0,67,999,0,0,0,0,0,0,0,0,0,0,0,0,0,0,1,2,55,1,1,2,1,0,0,1,67,1,1,1,83,0,0
37,370762,2,1,1,6,9,3,17,14,0,1,0,37,2,24,1,24001,4,1996,1G8ZH5281TZ3,1,G,8,Z,H,5,2,8,1,T,Z,3,0,P,STRN,SL1,4D,96,17,2277,,0,1024,,G,,0,0,000000000,00000000000,0,0,0,1,0,0,0,0,0,0,0,45,0,0,0,12,12,6,2,14,0,0,0,1,37,28025,6,1,0,0,3,0,67,999,1,0,0,0,0,10,2007,10,2007,1,0,0,0,0,1,2,35,3,4,2,1,0,0,14,13,1,1,4,1,1,0
37,370763,1,1,1,14,9,18,16,42,0,1,0,37,1,37,705,37705,80,1982,JH2RC0107CM3,J,H,2,R,C,0,1,0,7,C,M,3,0,M,HOND,CB7,RS,82,17,,,,,,,750,0,0,000000000,00000000000,0,0,0,1,0,0,0,0,0,0,0,65,0,0,0,12,12,6,2,42,0,0,0,1,37,28655,6,1,6,0,3,0,68,999,0,0,0,0,0,0,0,0,0,1,36,0,0,0,1,2,35,2,2,2,1,0,0,14,10,1,1,4,6,1,1
37,370764,1,1,2,18,9,3,29,42,0,1,0,37,2,20,4,20004,2,1975,1Z37J5S43793,1,Z,3,7,J,5,S,4,3,7,9,3,0,P,,,,,,,,,,,,,0,0,000000000,00000000000,0,0,0,1,0,0,0,0,0,0,0,70,0,0,0,3,3,6,2,42,0,0,0,1,37,28532,6,1,0,0,3,0,71,999,0,1,0,0,1,7,2008,7,2008,1,36,58,0,0,1,2,55,1,1,2,1,0,0,1,13,1,1,4,1,1,1
37,370765,1,3,1,14,9,16,46,12,6,1,0,37,1,12,401,12401,14,1994,1FMDU32X1RUB,1,F,M,D,U,3,2,X,1,R,U,B,0,P,FORD,EPR,UT,94,17,3863,,0,1120,,G,,0,0,000000000,00000000000,0,0,0,1,0,0,0,0,0,0,0,15,0,0,0,12,10,6,2,12,0,0,0,1,37,28601,6,1,0,0,3,0,67,999,0,0,0,0,0,0,0,0,0,0,28,0,0,0,1,2,35,1,1,2,1,0,0,1,10,1,1,2,64,1,1
37,370765,2,3,1,14,9,16,46,12,6,1,0,37,1,12,3,12003,2,1991,1FACP41E6MF1,1,F,A,C,P,4,1,E,6,M,F,1,0,P,FORD,MLX,2H,91,17,2824,,0,1005,,G,,0,0,000000000,00000000000,0,0,0,1,0,0,0,0,0,0,0,30,0,0,0,3,3,4,9,12,0,0,0,1,37,28601,6,1,6,0,3,3,74,999,0,0,0,0,0,0,0,0,0,0,0,0,0,0,1,2,35,1,1,2,1,0,0,1,62,6,1,2,65,0,0
37,370765,3,3,2,14,9,16,46,12,6,1,0,37,1,7,442,7442,20,1991,1B4GK44R7MX5,1,B,4,G,K,4,4,R,7,M,X,5,0,P,DODG,CAR,SV,91,17,3542,,0,1190,,G,,0,0,000000000,00000000000,0,0,0,1,0,0,0,0,0,0,0,30,0,0,0,9,9,6,2,12,0,0,0,1,37,28601,6,1,0,0,3,3,68,999,0,0,0,0,0,0,0,0,0,0,0,0,0,0,1,2,35,1,1,2,1,0,0,1,62,1,1,1,98,0,0
37,370766,1,1,1,13,9,14,40,42,0,1,0,37,2,37,32,37032,4,2002,1HGCG56732A1,1,H,G,C,G,5,6,7,3,2,A,1,0,P,HOND,USE,4D,2,17,3120,,0,1069,,G,,0,0,000000000,00000000000,0,0,0,1,0,0,0,0,0,0,0,60,0,0,0,9,9,6,2,42,0,0,0,1,37,27316,0,0,0,0,0,0,999,999,0,0,0,0,0,0,0,0,0,0,99,99,99,99,1,2,55,1,1,2,1,0,0,1,10,1,1,4,6,1,0
37,370767,1,2,2,12,9,19,10,12,6,1,0,37,2,22,22,22022,4,2006,1G2ZH5583642,1,G,2,Z,H,5,5,8,3,6,4,2,0,P,PONT,GGT,4D,6,17,3426,,0,1123,,G,,0,0,000000000,00000000000,0,0,0,1,0,0,0,0,0,0,0,10,0,0,0,11,11,6,2,12,0,0,0,1,37,28348,6,1,0,0,3,3,64,999,1,0,0,0,0,8,2009,8,2009,0,38,0,0,0,1,2,35,1,1,2,1,20,3,11,15,1,1,1,82,0,0
37,370767,2,2,2,12,9,19,10,12,6,1,0,37,1,37,706,37706,80,2003,1HFSC52003A0,1,H,F,S,C,5,2,0,0,3,A,0,0,M,HOND,V13,RS,3,17,,,,,,,1312,0,0,000000000,00000000000,0,0,0,1,0,0,0,0,0,0,0,45,0,0,0,12,12,6,2,12,0,0,0,1,37,28348,6,1,0,0,3,3,69,999,0,0,0,0,0,0,0,0,0,0,0,0,0,0,1,2,45,1,1,2,1,0,0,1,17,1,1,1,83,1,0
37,370768,1,2,3,16,9,4,10,12,1,1,0,12,1,35,443,35443,20,2001,4N2ZN16T61D8,4,N,2,Z,N,1,6,T,6,1,D,8,0,P,NISS,QST,SV,1,17,3877,,0,1122,,G,,0,0,000000000,00000000000,0,0,0,1,0,0,0,0,0,0,0,0,0,0,0,6,6,6,2,12,0,0,0,1,12,32976,6,1,0,0,3,0,63,999,0,0,0,1,0,10,2008,10,2008,0,0,0,0,0,2,4,55,2,1,2,1,0,0,5,18,1,1,5,32,1,0
37,370768,2,2,1,16,9,4,10,12,1,1,0,37,1,20,37,20037,4,2009,1G1ZH57B39F1,1,G,1,Z,H,5,7,B,3,9,F,1,0,P,CHEV,ML1,4D,9,17,3436,,0,1123,,G,,0,0,000000000,00000000000,0,0,0,1,0,0,0,0,0,0,0,55,0,0,0,12,12,6,2,12,0,0,0,1,37,28348,6,1,0,0,3,0,66,999,0,0,0,1,1,3,2008,10,2009,0,36,0,0,0,2,4,55,2,1,2,1,0,0,14,50,1,1,4,32,0,0
37,370769,1,1,1,7,9,18,10,8,0,1,1,37,2,54,38,54038,3,2002,JH4DC54812C0,J,H,4,D,C,5,4,8,1,2,C,0,0,P,ACUR,RSX,2H,2,17,2769,,0,1012,,G,,0,0,000000000,00000000000,0,0,0,1,0,0,0,0,0,0,0,59,0,0,0,12,12,2,1,8,0,0,0,1,37,27292,6,1,0,0,3,0,61,999,0,0,0,0,0,0,0,0,0,1,36,0,0,0,1,2,50,2,1,2,1,0,0,14,80,1,1,1,13,0,0
37,370770,1,2,2,9,9,14,14,12,6,1,0,37,1,18,2,18002,4,1998,1G4HP52K0WH4,1,G,4,H,P,5,2,K,0,W,H,4,0,P,BUIC,LCF,4D,98,17,3348,,0,1108,,G,,0,0,000000000,00000000000,0,0,0,1,0,0,0,0,0,0,0,15,0,0,0,9,8,6,2,12,0,0,0,1,37,28515,6,1,0,0,3,3,66,999,0,0,0,0,0,0,0,0,0,0,38,0,0,0,1,5,35,1,1,2,1,20,3,11,15,1,1,1,82,1,0
37,370770,2,2,1,9,9,14,14,12,6,1,0,37,1,12,481,12481,31,1998,1FTZX1762WNB,1,F,T,Z,X,1,7,6,2,W,N,B,1,T,FORD,F15,3C,98,17,,1,1570,1390,COF,G,,1,0,000000000,00000000000,0,0,0,1,0,0,0,0,0,0,0,5,0,0,0,12,12,6,2,12,0,0,0,1,37,28518,6,1,0,0,3,0,70,999,0,0,0,0,0,0,0,0,0,0,0,0,0,0,1,5,35,1,1,2,1,20,3,4,17,1,1,1,83,0,0
37,370771,1,3,1,5,9,3,9,12,7,1,1,37,1,73,706,73706,80,2000,JKAZX2E14YA0,J,K,A,Z,X,2,E,1,4,Y,A,0,0,M,KAWK,Z9E,RS,0,17,,,,,,,900,0,0,000000000,00000000000,0,0,0,1,0,0,0,0,0,0,0,80,0,0,0,2,2,4,1,12,0,0,0,1,37,27834,1,1,0,0,2,0,73,999,0,2,0,0,2,9,2008,8,2010,1,36,0,0,0,3,4,70,1,2,2,1,0,0,1,11,1,1,2,44,0,0
37,370771,2,3,1,5,9,3,9,12,7,1,0,37,1,53,706,53706,80,2005,JS1GT76A0521,J,S,1,G,T,7,6,A,0,5,2,1,0,M,SUZI,XR1,RS,5,17,,,,,,,999,0,0,000000000,00000000000,0,0,0,1,0,0,0,0,0,0,0,70,0,0,0,7,7,6,2,12,0,0,0,1,37,28590,6,1,0,0,3,0,71,999,3,0,0,1,0,10,2007,8,2008,0,0,0,0,0,3,4,70,1,2,2,1,0,0,1,61,1,1,1,45,1,0
37,370771,3,3,1,5,9,3,9,12,7,1,0,37,1,53,705,53705,80,2004,JS1GN7CA7421,J,S,1,G,N,7,C,A,7,4,2,1,0,M,SUZI,GSK,RS,4,17,,,,,,,599,0,0,000000000,00000000000,0,0,0,1,0,0,0,0,0,0,0,70,0,0,0,12,12,4,1,12,0,0,0,1,37,27858,1,1,0,0,2,0,73,999,0,5,0,0,6,12,2007,7,2010,0,0,0,0,0,3,4,70,1,2,2,1,0,0,1,90,1,1,1,98,0,1
37,370772,1,1,1,4,9,6,25,32,0,1,0,37,2,2,404,2404,14,1996,1J4FJ78S8TL2,1,J,4,F,J,7,8,S,8,T,L,2,0,T,JEEP,CTY,4W,96,17,,1,0,1014,CHK,G,,0,0,000000000,00000000000,0,0,0,1,0,0,0,0,0,0,0,65,0,1,5,14,1,6,2,1,0,0,0,1,37,27009,6,1,0,0,3,3,69,999,0,0,0,0,0,0,0,0,0,1,36,0,0,0,1,2,55,3,2,2,1,0,0,14,6,1,1,4,1,1,1
37,370773,1,1,1,9,9,21,5,24,0,1,0,37,1,72,706,72706,80,2006,1HD1GM1166K3,1,H,D,1,G,M,1,1,6,6,K,3,0,M,HD,FDI,RS,6,17,,,,,,,1450,0,0,000000000,00000000000,0,0,0,1,0,0,0,0,0,0,0,50,0,0,0,12,12,6,2,24,0,0,0,1,37,27284,6,1,0,0,3,0,69,999,0,0,0,0,0,0,0,0,0,0,99,99,99,99,6,1,65,4,2,2,1,0,0,14,12,1,1,4,6,1,1
37,370774,1,1,1,8,9,12,25,53,0,1,0,37,2,73,703,73703,80,1995,JKAEXMF16SA0,J,K,A,E,X,M,F,1,6,S,A,0,0,M,KAWK,E2X,RS,95,17,,,,,,,250,0,0,000000000,00000000000,0,0,0,1,0,0,0,0,0,0,0,65,0,0,0,12,12,6,2,32,0,0,0,1,37,28120,6,1,0,0,3,0,72,999,4,0,0,0,1,4,2008,8,2010,1,36,0,0,0,1,2,45,2,1,2,1,0,0,14,12,1,1,4,6,1,1
37,370775,1,2,2,12,9,21,15,12,6,1,0,45,2,72,706,72706,80,2007,1HD1KB4147Y6,1,H,D,1,K,B,4,1,4,7,Y,6,0,M,HD,FHX,RS,7,17,,,,,,,1584,0,0,000000000,00000000000,0,0,0,1,0,0,0,0,0,0,0,50,0,0,0,3,3,4,9,12,0,0,0,1,45,29078,6,1,0,0,3,3,75,228,0,0,0,0,0,0,0,0,0,1,36,0,0,0,1,2,35,2,2,2,1,0,0,14,10,1,1,2,64,1,1
37,370775,2,2,1,12,9,21,15,12,6,1,0,37,1,38,405,38405,14,2004,4S2DE58Y3446,4,S,2,D,E,5,8,Y,3,4,4,6,0,P,ISU,AXM,UT,4,17,4004,,0,1064,,G,,0,0,000000000,00000000000,0,0,0,1,0,0,0,0,0,0,0,30,0,0,0,12,12,6,2,12,0,0,0,1,37,28016,6,1,0,0,3,0,67,999,0,0,0,1,1,7,2009,9,2009,0,0,0,0,0,1,2,35,3,2,2,1,0,0,14,62,1,1,1,65,0,0
37,370776,1,1,1,22,9,20,29,42,0,1,0,37,1,35,48,35048,2,2003,JN1AZ34D13T1,J,N,1,A,Z,3,4,D,1,3,T,1,0,P,NISS,3ZC,CP,3,17,3062,,0,1083,,G,,0,0,000000000,00000000000,0,0,0,1,0,0,0,0,0,0,0,85,0,0,0,12,12,6,2,42,0,0,0,1,37,28054,6,1,0,0,3,3,66,999,0,0,0,0,0,0,0,0,0,1,36,0,0,0,1,2,45,1,2,2,2,0,0,1,6,1,1,4,1,1,0
37,370777,1,2,2,4,9,18,5,12,6,1,0,37,1,72,706,72706,80,2007,1HD1HFZ177K8,1,H,D,1,H,F,Z,1,7,7,K,8,0,M,HD,VRA,RS,7,17,,,,,,,1130,0,0,000000000,00000000000,0,0,0,1,0,0,0,0,0,0,0,30,0,0,0,12,12,6,2,12,0,0,0,1,37,27410,6,1,0,0,3,3,70,999,3,0,0,0,0,11,2008,3,2010,0,0,0,0,0,1,2,30,1,4,2,1,0,0,1,67,1,1,1,69,1,0
37,370777,2,2,1,4,9,18,5,12,6,1,0,37,1,49,401,49401,14,1998,JT3HN86R8W01,J,T,3,H,N,8,6,R,8,W,0,1,0,P,TOYT,RUN,UT,98,17,3850,,0,1053,,G,,0,0,000000000,00000000000,0,0,0,1,0,0,0,0,0,0,0,10,0,0,0,3,3,6,2,12,0,0,0,1,37,27409,6,1,0,0,3,3,71,999,0,0,0,0,0,0,0,0,0,0,39,0,0,0,1,2,30,1,4,2,1,0,0,11,54,1,1,2,68,0,0
37,370778,1,1,2,18,9,2,11,32,0,1,0,37,2,20,20,20020,4,1997,2G1WL52M3V91,2,G,1,W,L,5,2,M,3,V,9,1,0,P,CHEV,L/S,4D,97,17,3360,,0,1075,,G,,0,0,000000000,00000000000,0,0,0,1,0,0,0,0,0,0,0,45,0,1,5,10,12,6,2,1,0,0,0,1,37,27317,6,1,0,0,3,0,73,999,0,0,0,0,0,0,0,0,0,0,0,0,0,0,1,2,50,1,1,2,1,0,0,1,13,1,1,4,1,1,1
37,370779,1,2,2,11,9,13,29,12,2,1,0,37,1,7,43,7043,4,2002,1B3EL36X92N1,1,B,3,E,L,3,6,X,9,2,N,1,0,P,DODG,SSE,4D,2,17,3114,,0,1080,,G,,0,0,000000000,00000000000,0,0,0,1,0,0,0,0,0,0,0,55,0,0,0,12,12,6,2,12,0,0,0,1,37,28323,6,1,0,0,3,0,63,999,0,0,0,0,0,0,0,0,0,0,28,0,0,0,1,2,55,2,1,2,1,0,0,14,62,6,1,2,50,1,0
37,370779,2,2,1,11,9,13,29,12,2,1,0,37,1,7,41,7041,4,2003,2B3HD46R03H5,2,B,3,H,D,4,6,R,0,3,H,5,0,P,DODG,ISE,4D,3,17,3340,,0,1130,,G,,0,0,000000000,00000000000,0,0,0,1,0,0,0,0,0,0,0,55,0,0,0,12,12,6,2,12,0,0,0,1,37,28314,6,1,0,0,3,0,60,999,0,0,0,0,0,0,0,0,0,0,28,0,0,0,1,2,55,3,1,2,1,0,0,14,62,1,1,2,51,0,0
37,370780,1,2,1,11,9,3,30,12,8,1,0,17,1,85,881,85881,66,1996,1XKAD69X1TJ6,1,X,K,A,D,6,9,X,1,T,J,6,1,T,KW,T60,DS,96,17,,8,0,0,CON,D,,1,57,500737,57500737,3,6,1,1,0,0,0,0,0,0,0,45,0,0,0,9,9,6,2,12,0,0,0,1,17,61132,6,1,6,0,3,0,68,230,0,0,0,0,0,0,0,0,0,0,0,0,0,0,1,2,55,1,2,2,1,0,0,1,62,1,1,1,65,0,0
37,370780,2,2,3,11,9,3,30,12,8,1,0,21,2,14,38,14038,2,2000,1ZWFT61LXY56,1,Z,W,F,T,6,1,L,X,Y,5,6,0,P,MERC,CU6,2H,0,17,2881,,0,1064,,G,,0,0,000000000,00000000000,0,0,0,1,0,0,0,0,0,0,0,65,0,0,0,10,10,6,2,12,0,0,0,1,37,28792,0,0,0,0,0,0,999,999,0,0,0,0,0,0,0,0,0,1,28,36,0,0,1,2,55,1,2,2,1,0,0,1,10,1,1,2,64,1,1
37,370781,1,1,1,7,9,18,37,1,0,1,0,37,1,1,399,1399,9,1974,999999999999,9,9,9,9,9,9,9,9,9,9,9,9,0,U,,,,9,17,,,,,,,,0,0,000000000,00000000000,0,0,0,1,0,0,0,0,0,0,0,55,0,2,5,0,2,6,2,1,0,0,0,1,37,27545,6,1,0,0,3,3,63,999,0,0,0,0,0,0,0,0,0,1,36,0,0,0,1,2,45,3,2,2,1,0,0,14,13,1,1,4,1,1,0
37,370782,1,1,2,14,9,7,55,14,0,1,0,37,2,38,402,38402,14,2002,4S2CK58W2243,4,S,2,C,K,5,8,W,2,2,4,3,0,P,ISU,ROD,UT,2,17,0,,0,1064,,G,,0,0,000000000,00000000000,0,0,0,1,0,0,0,0,0,0,0,90,0,0,0,12,12,6,2,14,0,0,0,1,37,27713,1,1,0,0,2,0,71,999,0,6,1,0,5,6,2008,5,2010,1,36,0,0,0,3,4,70,1,1,1,1,0,0,1,13,1,1,4,1,1,1
37,370783,1,1,2,18,9,23,8,32,0,1,0,37,1,72,706,72706,80,1996,1HD1BNL15TY0,1,H,D,1,B,N,L,1,5,T,Y,0,0,M,HD,FLN,RS,96,17,,,,,,,1340,0,0,000000000,00000000000,0,0,0,1,0,0,0,0,0,0,0,55,0,0,0,12,12,6,2,32,0,0,0,1,37,28168,6,1,0,0,3,0,74,999,0,0,0,0,0,0,0,0,0,0,0,0,0,0,1,2,55,1,1,2,1,0,0,1,13,1,1,4,1,2,1
37,370784,1,1,1,1,9,3,0,8,0,1,1,99,9,99,999,99999,99,9999,999999999999,9,9,9,9,9,9,9,9,9,9,9,9,0,U,,,,9,17,,,,,,,,0,0,000000000,00000000000,0,0,0,1,0,0,0,0,0,0,0,35,0,0,0,12,12,9,1,8,0,0,0,1,99,99999,9,9,99,9,9,9,999,999,99,99,99,99,99,99,9999,99,9999,0,0,0,0,0,2,2,35,4,2,2,1,0,0,14,80,1,1,1,13,0,0
37,370785,1,1,2,5,9,23,59,8,0,1,0,37,2,7,422,7422,15,2008,1D8HD48NX8F1,1,D,8,H,D,4,8,N,X,8,F,1,0,P,DODG,DUR,UT,8,17,4865,,0,1192,,G,,0,0,000000000,00000000000,0,0,0,1,0,0,0,0,0,0,0,60,0,0,0,12,12,4,1,8,0,0,0,1,37,27509,6,1,0,0,3,3,71,999,0,0,0,1,0,5,2008,5,2008,0,0,0,0,0,3,4,60,1,1,1,1,0,0,1,80,1,1,1,13,0,0
37,370786,1,1,1,11,9,5,57,34,0,1,0,37,1,30,47,30047,3,2000,3VWCD21C5YM4,3,V,W,C,D,2,1,C,5,Y,M,4,0,P,VOLK,NGS,2H,0,17,2827,,0,989,,G,,0,0,000000000,00000000000,0,0,0,1,0,0,0,0,0,0,0,90,0,1,5,7,7,6,2,1,0,0,0,1,37,27203,6,1,0,0,3,0,68,999,0,0,0,0,1,7,2010,7,2010,1,36,0,0,0,1,2,55,3,1,2,1,0,0,14,12,1,1,4,6,1,1
37,370787,1,1,2,8,9,11,50,42,0,1,0,37,1,20,421,20421,15,2007,1GNFC13CX7R2,1,G,N,F,C,1,3,C,X,7,R,2,0,P,CHEV,CTA,UT,7,17,5443,,0,1160,,G,,0,0,000000000,00000000000,0,0,0,1,0,0,0,0,0,0,0,60,0,0,0,12,10,6,2,2,0,0,1,1,37,27801,6,1,0,0,3,0,75,999,0,0,0,1,0,11,2009,11,2009,0,58,0,0,0,1,2,55,1,1,2,1,0,0,1,13,1,1,4,1,1,0
37,370788,1,1,1,15,9,6,52,32,0,1,0,37,1,24,7,24007,4,2007,1G8AJ55F77Z1,1,G,8,A,J,5,5,F,7,7,Z,1,0,P,STRN,SI2,4D,7,17,2805,,0,1032,,G,,0,0,000000000,00000000000,0,0,0,1,0,0,0,0,0,0,0,90,0,1,5,3,12,6,2,42,0,0,0,1,37,27816,6,1,0,0,3,3,65,999,1,0,0,0,1,2,2009,11,2009,1,36,0,0,0,1,2,45,3,1,2,1,0,0,14,6,1,1,4,6,1,1