STATE,ST_CASE,VEH_NO,VE_FORMS,NUMOCCS,DAY,MONTH,HOUR,MINUTE,HARM_EV,MAN_COLL,UNITTYPE,HIT_RUN,REG_STAT,OWNER,MAKE,MODEL,MAK_MOD,BODY_TYP,MOD_YEAR,VIN,VIN_1,VIN_2,VIN_3,VIN_4,VIN_5,VIN_6,VIN_7,VIN_8,VIN_9,VIN_10,VIN_11,VIN_12,TOW_VEH,VINTYPE,VINMAKE,VINA_MOD,VIN_BT,VINMODYR,VIN_LNGT,VIN_WGT,WGTCD_TR,WHLBS_LG,WHLBS_SH,SER_TR,FUELCODE,MCYCL_DS,J_KNIFE,MCARR_I1,MCARR_I2,MCARR_ID,GVWR,V_CONFIG,CARGO_BT,HAZ_INV,HAZ_PLAC,HAZ_ID,HAZ_CNO,HAZ_REL,BUS_USE,SPEC_USE,EMER_USE,TRAV_SP,UNDERIDE,ROLLOVER,ROLINLOC,IMPACT1,IMPACT2,DEFORMED,TOWED,M_HARM,VEH_SC1,VEH_SC2,FIRE_EXP,DR_PRES,L_STATE,DR_ZIP,L_STATUS,L_TYPE,CDL_STAT,L_ENDORS,L_COMPL,L_RESTRI,DR_HGT,DR_WGT,PREV_ACC,PREV_SUS,PREV_DWI,PREV_SPD,PREV_OTH,FIRST_MO,FIRST_YR,LAST_MO,LAST_YR,SPEEDREL,DR_SF1,DR_SF2,DR_SF3,DR_SF4,VTRAFWAY,VNUM_LAN,VSPD_LIM,VALIGN,VPROFILE,VPAVETYP,VSURCOND,VTRAFCON,VTCONT_F,P_CRASH1,P_CRASH2,P_CRASH3,PCRASH4,PCRASH5,ACC_TYPE,DEATHS,DR_DRINK
37,370789,1,2,1,9,9,21,3,12,2,1,0,37,1,73,705,73705,80,2003,JKBZXJB113A0,J,K,B,Z,X,J,B,1,1,3,A,0,0,M,KAWK,Z3B,RS,3,17,,,,,,,636,0,0,000000000,00000000000,0,0,0,1,0,0,0,0,0,0,0,45,0,0,0,12,12,6,2,12,0,0,0,1,37,28428,6,1,6,0,3,3,66,999,3,0,0,2,2,9,2007,4,2010,0,28,0,0,0,1,5,45,1,1,2,1,0,0,1,10,1,1,2,50,1,0
37,370789,2,2,5,9,9,21,3,12,2,1,0,37,1,23,431,23431,16,1999,1GKEC16R2XJ7,1,G,K,E,C,1,6,R,2,X,J,7,0,T,GMC,SUB,4W,99,17,,2,0,1315,C15,G,,0,0,000000000,00000000000,0,0,0,1,0,0,0,0,0,0,0,45,0,0,0,12,12,6,2,12,0,0,0,1,37,28443,6,1,0,0,3,3,67,999,0,0,0,0,0,0,0,0,0,0,0,0,0,0,1,5,45,1,1,2,1,0,0,1,62,1,1,1,51,0,0
37,370790,1,3,1,18,9,10,42,12,2,1,0,37,1,53,705,53705,80,2006,JS1CP51A9621,J,S,1,C,P,5,1,A,9,6,2,1,0,M,SUZI,A6K,MS,6,17,,,,,,,638,0,0,000000000,00000000000,0,0,0,1,0,0,0,0,0,0,0,45,0,0,0,12,12,6,2,12,0,0,0,1,37,28594,6,1,0,0,3,0,70,999,0,0,0,0,0,0,0,0,0,0,28,0,0,0,1,2,45,2,1,2,1,0,0,14,10,1,1,2,50,1,0
37,370790,2,3,2,18,9,10,42,12,2,1,0,37,1,14,443,14443,20,1997,4M2DV1111VDJ,4,M,2,D,V,1,1,1,1,V,D,J,0,P,MERC,VLR,SV,97,17,0,,0,1122,,G,,0,0,000000000,00000000000,0,0,0,1,0,0,0,0,0,0,0,45,0,0,0,12,12,6,2,12,0,0,0,1,37,28555,6,1,0,0,3,0,66,999,0,0,0,1,0,1,2009,1,2009,0,0,0,0,0,1,2,45,3,1,2,1,0,0,14,62,1,1,1,51,0,0
37,370790,4,3,1,18,9,10,42,12,2,1,0,37,1,12,13,12013,4,1999,1FAFP10P2XW1,1,F,A,F,P,1,0,P,2,X,W,1,0,P,FORD,LXE,4D,99,17,2468,,0,984,,G,,0,0,000000000,00000000000,0,0,0,1,0,0,0,0,0,0,0,45,0,0,0,12,12,2,1,43,0,0,0,1,37,28544,6,1,0,0,3,0,63,999,0,0,0,0,0,0,0,0,0,0,0,0,0,0,1,2,45,2,1,2,1,0,0,14,52,7,1,4,98,0,0
37,370791,1,2,1,15,9,16,29,12,6,1,0,37,2,12,471,12471,30,1998,1FTYR14U0WTA,1,F,T,Y,R,1,4,U,0,W,T,A,0,T,FORD,RNS,PS,98,17,,1,0,1257,RNG,G,,0,0,000000000,00000000000,0,0,0,1,0,0,0,0,0,0,0,45,0,0,0,9,4,6,2,12,0,0,1,1,37,28393,6,1,0,0,3,3,62,999,0,0,0,0,0,0,0,0,0,0,38,0,0,0,1,2,45,1,1,2,1,4,3,1,17,1,1,1,89,1,0
37,370791,2,2,6,15,9,16,29,12,6,1,0,37,3,12,461,12461,21,2002,1FTSS34L72HA,1,F,T,S,S,3,4,L,7,2,H,A,0,T,FORD,3SD,EC,2,17,,2,0,1380,VAN,G,,0,0,000000000,00000000000,0,0,0,1,0,0,0,0,0,0,0,55,0,0,0,12,12,6,2,12,0,0,0,1,37,28425,6,1,0,0,3,0,71,999,0,0,0,0,0,0,0,0,0,0,0,0,0,0,1,2,55,1,1,2,1,4,3,1,17,1,1,1,88,0,0
37,370792,1,1,1,11,9,6,30,35,0,1,0,37,2,49,32,49032,4,1990,JT2AE94A6L33,J,T,2,A,E,9,4,A,6,L,3,3,0,P,TOYT,CDF,4D,90,17,2207,,0,957,,G,,0,0,000000000,00000000000,0,0,0,1,0,0,0,0,0,0,0,85,0,1,5,6,1,6,2,42,0,0,0,1,37,28338,6,1,0,0,3,0,68,999,0,0,0,0,0,0,0,0,0,1,58,0,0,0,1,2,55,3,2,2,1,0,0,14,12,1,1,4,6,1,1
37,370793,1,1,1,19,9,5,7,8,0,1,0,37,1,12,481,12481,31,1999,1FTRX08L0XKA,1,F,T,R,X,0,8,L,0,X,K,A,0,T,FORD,F15,4C,99,17,,2,0,1388,COF,G,,0,0,000000000,00000000000,0,0,0,1,0,0,0,0,0,0,0,45,0,0,0,12,12,2,1,8,0,0,0,1,37,28345,6,1,0,0,3,3,71,999,0,0,0,0,1,7,2009,7,2009,0,0,0,0,0,2,2,45,4,1,2,1,0,0,14,80,1,1,1,13,0,0
37,370794,1,1,1,10,9,23,21,53,0,1,1,99,9,99,999,99999,99,9999,999999999999,9,9,9,9,9,9,9,9,9,9,9,9,0,U,,,,9,17,,,,,,,,0,0,000000000,00000000000,0,0,0,1,0,0,0,0,0,0,0,55,0,0,0,12,12,9,1,8,0,0,0,1,99,99999,9,9,99,9,9,9,999,999,99,99,99,99,99,99,9999,99,9999,0,28,0,0,0,1,2,55,1,1,2,1,0,0,1,81,6,1,4,9,0,0
37,370795,1,1,1,11,9,20,15,8,0,1,1,99,9,99,999,99999,99,9999,999999999999,9,9,9,9,9,9,9,9,9,9,9,9,0,U,,,,9,17,,,,,,,,0,0,000000000,00000000000,0,0,0,1,0,0,0,0,0,0,0,35,0,0,0,12,12,2,1,8,0,0,0,1,99,99999,9,9,99,9,9,9,999,999,99,99,99,99,99,99,9999,99,9999,0,99,99,99,99,1,2,45,1,1,2,1,0,0,1,80,1,1,1,13,0,1
37,370796,1,2,1,10,9,10,12,12,6,1,0,37,3,20,481,20481,31,2009,1GCEC14X29Z1,1,G,C,E,C,1,4,X,2,9,Z,1,0,T,CHEV,SC1,PK,9,17,,2,1330,1190,SIL,G,,0,0,000000000,00000000000,0,0,0,1,0,0,0,0,0,0,0,55,0,0,0,12,12,6,2,12,0,0,0,1,37,28551,6,1,0,0,3,0,69,999,0,0,0,0,1,1,2009,1,2009,0,39,0,0,0,1,2,55,1,1,2,1,20,3,1,17,1,1,1,86,0,0
37,370796,2,2,3,10,9,10,12,12,6,1,0,37,2,12,401,12401,14,2008,1FMEU63E08UA,1,F,M,E,U,6,3,E,0,8,U,A,0,P,FORD,EPR,UT,8,17,4436,,0,1137,,G,,0,0,000000000,00000000000,0,0,0,1,0,0,0,0,0,0,0,55,0,1,5,3,3,6,2,1,0,0,0,1,37,28385,6,1,0,0,3,0,65,999,0,0,0,0,0,0,0,0,0,0,0,0,0,0,1,2,55,1,1,2,1,0,0,1,66,1,1,1,87,1,0
37,370797,1,1,4,14,9,23,50,59,0,1,0,37,2,37,32,37032,4,2000,1HGCG1651YA0,1,H,G,C,G,1,6,5,1,Y,A,0,0,P,HOND,UEX,4D,0,17,3285,,0,1069,,G,,0,0,000000000,00000000000,0,0,0,1,0,0,0,0,0,0,0,95,0,1,5,4,81,6,2,1,0,0,0,1,37,27043,1,1,0,0,2,0,74,999,0,11,2,0,6,11,2007,3,2009,1,36,0,0,0,1,2,55,1,2,2,1,0,0,1,6,1,4,4,2,1,1
37,370798,1,1,1,11,9,16,26,24,0,1,0,17,1,76,705,76705,80,2001,JYARJ04E31A0,J,Y,A,R,J,0,4,E,3,1,A,0,0,M,YAMA,R6L,RS,1,17,,,,,,,599,0,0,000000000,00000000000,0,0,0,1,0,0,0,0,0,0,0,70,0,0,0,3,3,6,2,24,0,0,0,1,17,62707,6,1,0,0,3,0,72,175,1,0,0,0,1,6,2008,10,2008,0,0,0,0,0,6,2,70,3,2,2,1,0,0,14,13,1,1,4,1,1,0
37,370799,1,1,3,18,9,16,5,24,0,1,0,37,2,37,403,37403,14,2004,5J6YH18664L0,5,J,6,Y,H,1,8,6,6,4,L,0,0,P,HOND,ELE,UT,4,17,0,,0,1014,,G,,0,0,000000000,00000000000,0,0,0,1,0,0,0,0,0,0,0,60,0,1,5,1,1,6,2,1,0,0,0,1,37,27603,6,1,0,0,3,3,63,999,0,0,0,0,0,0,0,0,0,0,58,0,0,0,2,4,55,1,1,2,1,0,0,1,13,1,1,4,1,2,0
37,370800,1,2,2,23,9,7,34,12,6,1,0,37,2,12,17,12017,4,2001,1FAFP53271A2,1,F,A,F,P,5,3,2,7,1,A,2,0,P,FORD,TSE,4D,1,17,3354,,0,1085,,F,,0,0,000000000,00000000000,0,0,0,1,0,0,0,0,0,0,0,20,0,0,0,12,12,6,2,12,0,0,0,1,37,27571,6,2,0,0,3,0,72,999,1,0,0,0,0,5,2010,5,2010,0,38,0,0,0,1,2,55,1,2,2,1,20,3,1,17,1,1,1,88,0,0
37,370800,2,2,1,23,9,7,34,12,6,1,0,37,1,20,401,20401,14,1988,1GNCT18ZXJ01,1,G,N,C,T,1,8,Z,X,J,0,1,0,T,CHEV,SBZ,S2,88,17,,1,0,1005,S10,G,,0,0,000000000,00000000000,0,0,0,1,0,0,0,0,0,0,0,45,0,1,1,9,9,6,2,12,0,0,0,1,37,27597,6,1,0,0,3,0,67,999,0,0,0,0,0,0,0,0,0,0,0,0,0,0,1,2,45,1,1,2,1,0,0,1,66,1,1,1,89,1,0
37,370801,1,3,3,18,9,17,59,12,6,1,0,37,1,6,43,6043,2,1998,4C3AU52NXWE1,4,C,3,A,U,5,2,N,X,W,E,1,0,P,CHRY,SLI,2P,98,17,3093,,0,1037,,G,,0,0,000000000,00000000000,0,0,0,1,0,0,0,0,0,0,0,60,0,0,0,9,9,6,2,12,0,0,0,1,37,28333,6,1,0,0,3,0,70,999,1,0,0,2,1,11,2007,5,2010,0,35,36,0,0,1,2,45,1,1,2,1,0,0,6,10,1,1,2,64,3,1
37,370801,2,3,1,18,9,17,59,12,6,1,0,37,1,12,471,12471,30,1992,1FTCR10A8NTA,1,F,T,C,R,1,0,A,8,N,T,A,0,T,FORD,RNG,PK,92,17,,1,1139,1079,RNG,G,,0,0,000000000,00000000000,0,0,0,1,0,0,0,0,0,0,0,45,0,0,0,12,12,6,2,12,0,0,0,1,37,28365,6,1,0,0,3,0,71,999,1,0,0,1,0,7,2008,11,2009,0,0,0,0,0,1,2,45,1,1,2,1,0,0,1,54,1,1,1,65,1,0
37,370801,3,3,3,18,9,17,59,12,6,1,0,37,1,7,499,7499,48,1999,NCS88054,N,C,S,8,8,0,5,4,,,,,0,P,,,,,,,,,,,,,0,0,000000000,00000000000,0,0,0,1,0,0,0,0,0,0,0,45,0,0,0,18,18,2,1,54,0,0,0,1,37,27530,6,1,0,0,3,0,66,999,0,0,0,0,0,0,0,0,0,0,0,0,0,0,1,2,45,1,1,2,1,0,0,1,98,1,1,1,98,0,0
37,370802,1,1,1,18,9,23,10,34,0,1,0,37,2,20,481,20481,31,1988,1GCDC14K3JZ2,1,G,C,D,C,1,4,K,3,J,Z,2,0,T,CHEV,GC1,PK,88,17,,1,1315,1175,GM4,G,,0,0,000000000,00000000000,0,0,0,1,0,0,0,0,0,0,0,65,0,1,5,11,61,6,2,1,0,0,0,1,37,27830,1,1,0,0,2,0,65,999,0,2,1,0,0,3,2008,8,2010,1,58,0,0,0,1,2,55,1,1,2,1,0,0,1,13,1,3,4,2,1,1
37,370803,1,2,3,14,9,22,9,12,1,1,0,37,2,63,31,63031,4,2001,KNAFB1217150,K,N,A,F,B,1,2,1,7,1,5,0,0,P,KIA,SPL,4D,1,17,2478,,0,1008,,G,,0,0,000000000,00000000000,0,0,0,1,0,0,0,0,0,0,0,65,0,0,0,12,12,4,1,12,0,0,0,1,37,28697,6,1,0,0,3,0,66,999,0,0,0,2,1,7,2008,5,2010,1,0,0,0,0,2,4,55,1,1,2,1,0,0,1,51,1,1,1,24,0,0
37,370803,2,2,1,14,9,22,9,12,1,1,0,0,0,98,709,98709,81,2010,000000000000,0,0,0,0,0,0,0,0,0,0,0,0,0,U,,,,,17,,,,,,,,0,0,000000000,00000000000,0,0,0,1,0,0,0,0,0,0,0,35,0,0,0,6,6,6,2,12,0,0,0,1,37,28697,1,2,0,0,1,0,69,999,0,1,0,0,0,5,2009,5,2009,0,0,0,0,0,2,4,55,1,1,2,1,0,0,1,53,1,1,1,25,1,1
37,370804,1,1,3,16,9,2,35,34,0,1,0,37,1,41,44,41044,2,1993,1YVGE31AXP51,1,Y,V,G,E,3,1,A,X,P,5,1,0,P,MAZD,UM6,CP,93,17,2600,,0,1028,,G,,0,0,000000000,00000000000,0,0,0,1,0,0,0,0,0,0,0,70,0,0,0,12,12,6,2,2,0,0,1,1,37,27883,6,1,6,0,3,0,64,999,0,0,0,0,0,0,0,0,0,1,36,0,0,0,1,2,55,2,1,2,1,0,0,14,12,1,1,4,6,1,1
37,370805,2,1,1,10,9,7,21,14,0,1,0,37,2,2,404,2404,14,1997,1J4GZ58S8VC5,1,J,4,G,Z,5,8,S,8,V,C,5,0,T,JEEP,LRT,4W,97,17,,1,0,1059,GCK,G,,0,0,000000000,00000000000,0,0,0,1,0,0,0,0,0,0,0,45,0,0,0,11,11,2,1,14,0,0,0,1,37,27055,6,2,0,0,3,3,64,999,0,0,0,0,0,0,0,0,0,0,0,0,0,0,1,2,45,1,2,2,1,0,0,1,50,6,1,4,11,0,0
37,370806,1,1,1,15,9,8,7,42,0,1,0,37,2,35,39,35039,4,1996,JN1CA21D4TM4,J,N,1,C,A,2,1,D,4,T,M,4,0,P,NISS,MGS,4D,96,17,2886,,0,1063,,G,,0,0,000000000,00000000000,0,0,0,1,0,0,0,0,0,0,0,55,0,0,0,12,12,6,2,42,0,0,0,1,37,27018,6,1,0,0,3,0,66,999,0,0,0,0,0,0,0,0,0,0,27,0,0,0,1,2,55,3,2,2,1,0,0,14,13,1,1,4,1,1,0
37,370807,1,1,2,17,1,20,50,1,0,1,0,37,1,20,401,20401,14,1998,1GNDT13W0W21,1,G,N,D,T,1,3,W,0,W,2,1,0,P,CHEV,BZR,UT,98,17,4046,,0,1070,,G,,0,0,000000000,00000000000,0,0,0,1,0,0,0,0,0,0,0,90,0,2,1,0,0,6,2,1,0,0,0,1,37,28356,6,1,0,0,3,0,69,999,0,0,0,0,0,0,0,0,0,0,36,58,0,0,1,2,55,3,1,2,2,0,0,14,13,1,1,6,98,1,1
37,370808,1,1,1,7,5,15,34,30,0,1,0,17,1,20,498,20498,31,1979,3721527656MM,3,7,2,1,5,2,7,6,5,6,M,M,0,U,,,,6,17,,,,,,,,0,0,000000000,00000000000,0,0,0,1,0,0,0,0,0,0,0,40,0,0,0,12,12,6,2,19,0,0,0,1,37,28715,1,1,0,0,2,0,71,999,1,3,1,0,2,9,2007,11,2008,0,36,51,58,0,1,2,30,1,1,2,1,0,0,1,12,1,1,4,6,1,1
37,370809,1,1,1,31,8,17,57,1,0,1,0,37,1,53,705,53705,80,2005,JS1VP53A4521,J,S,1,V,P,5,3,A,4,5,2,1,0,M,SUZI,SV6,RS,5,17,,,,,,,645,0,0,000000000,00000000000,0,0,0,1,0,0,0,0,0,0,0,45,0,0,0,0,0,2,8,1,0,0,0,1,37,27009,6,1,0,0,3,0,72,999,0,0,0,0,1,8,2010,8,2010,0,0,0,0,0,1,2,45,1,1,2,1,0,0,1,50,3,1,1,98,1,0
37,370810,1,1,1,20,8,20,38,8,0,1,0,37,1,2,404,2404,14,1994,1J4GZ78Y6RC1,1,J,4,G,Z,7,8,Y,6,R,C,1,0,T,JEEP,LMT,4W,94,17,,1,0,1059,GCK,G,,0,0,000000000,00000000000,0,0,0,1,0,0,0,0,0,0,0,50,0,0,0,12,12,2,1,8,0,0,0,1,37,27804,6,1,0,0,3,3,64,999,0,0,0,0,0,0,0,0,0,0,0,0,0,0,2,2,50,1,1,2,1,0,0,1,83,1,1,1,13,0,0
37,370811,1,2,2,29,9,8,59,12,2,1,0,37,1,22,20,22020,4,2001,1G2WP52K31F2,1,G,2,W,P,5,2,K,3,1,F,2,0,P,PONT,GPG,4D,1,17,3496,,0,1105,,G,,0,0,000000000,00000000000,0,0,0,1,0,0,0,0,0,0,0,50,0,0,0,12,12,6,2,12,0,0,0,1,37,28320,6,1,0,0,3,0,66,999,0,0,0,0,0,0,0,0,0,0,0,0,0,0,1,2,55,3,1,2,2,0,0,14,62,1,1,1,51,0,0
37,370811,2,2,1,29,9,8,59,12,2,1,0,37,1,12,17,12017,4,1994,1FALP52UXRA2,1,F,A,L,P,5,2,U,X,R,A,2,0,P,FORD,TAG,4D,94,17,3104,,0,1060,,G,,0,0,000000000,00000000000,0,0,0,1,0,0,0,0,0,0,0,50,0,0,0,12,12,6,2,12,0,0,0,1,37,28337,6,1,0,0,3,3,69,999,0,0,0,0,0,0,0,0,0,0,28,0,0,0,1,2,50,2,1,2,2,0,0,14,10,1,1,2,50,1,0
37,370812,1,1,2,11,9,15,34,52,0,1,0,37,2,20,401,20401,14,1996,1GNDT13W4TK2,1,G,N,D,T,1,3,W,4,T,K,2,0,P,CHEV,BZR,UT,96,17,4023,,0,1070,,G,,0,0,000000000,00000000000,0,0,0,1,0,0,0,0,0,0,0,50,0,1,5,9,9,6,2,52,0,0,0,1,37,28787,6,1,0,0,3,0,72,999,0,1,0,0,0,4,2010,4,2010,1,58,0,0,0,3,5,50,3,1,2,2,0,0,14,6,4,3,4,2,1,0
37,370813,1,2,1,24,9,20,53,8,0,1,0,37,2,2,404,2404,14,1999,1J4GW58S6XC5,1,J,4,G,W,5,8,S,6,X,C,5,0,T,JEEP,LRO,4W,99,17,,1,0,1059,GCK,G,,0,0,000000000,00000000000,0,0,0,1,0,0,0,0,0,0,0,55,0,0,0,12,12,4,1,8,0,0,0,1,37,28630,6,1,0,0,3,0,74,999,0,0,0,0,0,0,0,0,0,0,0,0,0,0,2,2,55,1,1,2,1,0,0,1,80,1,1,1,13,0,0
37,370813,2,2,2,24,9,20,53,8,0,1,0,37,2,49,40,49040,4,1998,4T1BG22K9WU3,4,T,1,B,G,2,2,K,9,W,U,3,0,P,TOYT,CXL,4D,98,17,2998,,0,1051,,G,,0,0,000000000,00000000000,0,0,0,1,0,0,0,0,0,0,0,50,0,0,0,14,14,2,1,8,0,0,0,1,37,28613,6,1,0,0,3,0,65,999,0,1,0,0,0,2,2009,2,2009,0,0,0,0,0,2,2,55,1,1,2,1,0,0,1,80,1,1,1,98,0,0
37,370814,1,1,3,18,9,3,1,34,0,1,0,37,1,12,17,12017,4,1999,1FAFP53U9XA1,1,F,A,F,P,5,3,U,9,X,A,1,0,P,FORD,TSE,4D,99,17,3353,,0,1085,,G,,0,0,000000000,00000000000,0,0,0,1,0,0,0,0,0,0,0,100,0,1,6,1,9,6,2,30,0,0,0,1,37,28348,1,1,0,0,2,0,72,999,0,1,0,0,0,5,2009,5,2009,1,36,0,0,0,1,2,55,1,1,2,1,0,0,1,13,1,1,4,1,1,1
37,370815,1,1,1,29,9,19,8,8,0,1,0,17,1,37,31,37031,4,2007,1HGFA16807L0,1,H,G,F,A,1,6,8,0,7,L,0,0,P,HOND,UAX,4D,7,17,2807,,0,1063,,G,,0,0,000000000,00000000000,0,0,0,1,0,0,0,0,0,0,0,45,0,0,0,12,12,2,1,8,0,0,0,1,17,62707,6,1,0,0,3,3,67,175,0,0,0,0,0,0,0,0,0,0,0,0,0,0,1,4,40,1,1,2,1,0,0,1,80,1,1,1,13,0,0
37,370816,1,1,1,30,9,17,44,1,0,1,0,37,2,12,16,12016,4,1993,2FACP74W2PX1,2,F,A,C,P,7,4,W,2,P,X,1,0,P,FORD,CVL,4D,93,17,3769,,0,1144,,G,,0,0,000000000,00000000000,0,0,0,1,0,0,0,0,0,0,0,55,0,2,6,0,0,6,2,3,0,0,0,1,37,27953,6,1,6,0,3,3,65,999,1,0,0,0,0,6,2010,6,2010,0,28,58,0,0,1,2,55,1,1,2,1,0,0,1,13,1,3,4,98,1,0
37,370817,1,2,1,26,9,14,30,12,2,1,0,37,1,20,461,20461,21,1998,1GCGG25R0W10,1,G,C,G,G,2,5,R,0,W,1,0,0,T,CHEV,G20,VN,98,17,,2,0,1350,VAN,G,,0,0,000000000,00000000000,0,0,0,1,0,0,0,0,0,0,0,55,0,0,0,12,12,6,2,12,0,0,0,1,37,27292,6,1,0,0,3,3,66,999,0,0,0,1,1,7,2009,9,2010,0,28,36,0,0,1,2,55,1,1,2,2,0,0,1,10,1,1,2,50,0,1
37,370817,2,2,1,26,9,14,30,12,2,1,0,37,1,35,47,35047,4,2000,1N4DL01D2YC2,1,N,4,D,L,0,1,D,2,Y,C,2,0,P,NISS,AGS,4D,0,17,2754,,0,1031,,G,,0,0,000000000,00000000000,0,0,0,1,0,0,0,0,0,0,0,55,0,0,0,12,12,6,2,12,0,0,0,1,37,27292,6,1,0,0,3,3,69,999,1,0,0,0,0,1,2009,1,2009,0,0,0,0,0,1,2,55,1,2,2,2,0,0,1,62,1,1,1,51,1,0
37,370818,2,1,1,13,9,20,2,14,0,1,0,37,1,12,481,12481,31,1987,1FTCF15Y2HNB,1,F,T,C,F,1,5,Y,2,H,N,B,0,T,FORD,F15,PK,87,17,,1,1330,1170,COF,G,,0,0,000000000,00000000000,0,0,0,1,0,0,0,0,0,0,0,45,0,1,5,12,12,6,2,14,0,0,0,1,37,27704,6,1,0,0,3,0,69,999,0,0,0,0,0,0,0,0,0,1,39,0,0,0,1,2,25,1,2,2,1,20,3,1,14,1,1,4,14,1,0
37,370819,1,2,2,24,9,23,23,12,1,1,0,37,2,51,46,51046,6,2000,YV1VW255XYF5,Y,V,1,V,W,2,5,5,X,Y,F,5,0,P,VOLV,V40,SW,0,17,3081,,0,1004,,G,,0,0,000000000,00000000000,0,0,0,1,0,0,0,0,0,0,0,60,0,0,0,12,12,6,2,12,0,0,0,1,13,30344,6,1,0,0,3,0,73,225,98,0,0,0,0,0,0,0,0,1,36,0,0,0,1,2,35,1,3,2,1,0,0,1,52,1,1,1,24,1,0
37,370819,2,2,3,24,9,23,23,12,1,1,0,37,2,23,481,23481,31,2006,1GTEC14X06Z1,1,G,T,E,C,1,4,X,0,6,Z,1,0,T,GMC,NC1,PK,6,17,,2,1330,1190,SIE,G,,0,0,000000000,00000000000,0,0,0,1,0,0,0,0,0,0,0,35,0,0,0,6,6,6,2,12,0,0,0,1,37,27703,6,1,0,0,3,0,71,999,0,0,0,0,0,0,0,0,0,0,0,0,0,0,1,2,35,1,3,2,1,0,0,11,18,1,1,1,26,0,0
37,370820,1,1,1,25,9,2,0,32,0,1,0,37,1,7,26,7026,4,2008,1B3LC46K58N2,1,B,3,L,C,4,6,K,5,8,N,2,0,P,DODG,AVN,4D,8,17,3355,,0,1089,,G,,0,0,000000000,00000000000,0,0,0,1,0,0,0,0,0,0,0,85,0,1,5,14,11,6,2,42,0,0,0,1,37,27613,6,1,0,0,3,0,68,999,2,1,0,1,2,11,2007,12,2009,1,36,0,0,0,1,2,35,3,2,2,1,3,3,14,13,1,1,4,1,1,1
37,370821,1,2,1,20,9,2,58,12,1,1,0,37,1,49,32,49032,4,1993,1NXAE04E8PZ0,1,N,X,A,E,0,4,E,8,P,Z,0,0,P,TOYT,COA,4D,93,17,2304,,0,957,,G,,0,0,000000000,00000000000,0,0,0,1,0,0,0,0,0,0,0,65,0,0,0,12,12,6,2,12,0,0,0,1,37,27406,6,1,0,0,3,3,69,999,1,1,0,0,1,2,2010,8,2010,1,36,0,0,0,3,6,55,1,1,2,1,0,0,1,51,1,1,1,24,0,0
37,370821,2,2,1,20,9,2,58,12,1,1,0,37,1,53,706,53706,80,2002,JS1GT74A1221,J,S,1,G,T,7,4,A,1,2,2,1,0,M,SUZI,XR1,RS,2,17,,,,,,,988,0,0,000000000,00000000000,0,0,0,1,0,0,0,0,0,0,0,55,0,0,0,6,6,6,2,12,0,0,0,1,37,27405,6,1,0,0,3,3,67,999,0,0,0,0,3,3,2010,7,2010,0,0,0,0,0,3,6,55,1,1,2,1,0,0,1,18,1,1,1,25,1,1
37,370822,1,3,1,22,9,15,58,50,0,1,0,45,3,85,881,85881,66,2010,1XKAD49X5AJ2,1,X,K,A,D,4,9,X,5,A,J,2,1,T,KW,T60,DS,10,17,,8,2600,1600,CON,D,,1,57,63145,5763145,3,6,3,1,0,0,0,0,0,0,0,65,0,0,0,12,12,4,1,50,0,0,0,1,45,29039,6,1,6,0,3,0,73,265,1,0,0,1,0,2,2009,12,2009,0,21,0,0,0,3,4,65,1,1,2,1,0,0,1,98,1,1,1,98,0,0
37,370822,2,3,1,22,9,15,58,50,0,1,0,25,3,7,25,7025,5,2010,1B3CB4HA0AD6,1,B,3,C,B,4,H,A,0,A,D,6,0,P,DODG,CXT,4D,10,17,3039,,0,1037,,G,,0,0,000000000,00000000000,0,0,0,1,0,0,0,0,0,0,0,65,0,0,0,12,12,6,2,18,0,0,0,1,12,34205,6,1,0,0,3,0,71,999,0,0,0,0,0,0,0,0,0,0,0,0,0,0,3,4,65,1,1,2,1,0,0,1,98,1,1,1,98,1,0
37,370822,3,3,1,22,9,15,58,50,0,1,0,29,3,87,883,87883,66,1999,1NP5DB9X4XD5,1,N,P,5,D,B,9,X,4,X,D,5,1,T,PTRB,379,DS,99,17,,8,0,0,CON,D,,1,57,1773940,571773940,3,6,6,1,0,0,0,0,0,0,0,65,0,0,0,12,12,6,2,18,0,0,0,1,13,30106,6,1,6,9,3,0,71,190,98,0,0,1,0,4,2009,4,2009,0,0,0,0,0,3,4,65,1,1,2,1,0,0,1,98,1,1,1,98,0,0
37,370823,1,1,5,18,9,17,14,8,0,1,0,37,1,7,482,7482,31,2007,1D7HA18287S2,1,D,7,H,A,1,8,2,8,7,S,2,1,T,DODG,SQ1,CW,7,17,,2,1605,1405,RPC,G,,1,0,000000000,00000000000,0,0,0,1,0,0,0,0,0,0,0,45,0,0,0,11,11,0,1,8,0,0,0,1,37,27583,6,1,0,0,3,3,66,999,0,0,0,0,0,0,0,0,0,0,0,0,0,0,1,3,45,1,1,2,1,0,0,1,80,2,1,1,13,0,0