STATE,ST_CASE,VEH_NO,VE_FORMS,NUMOCCS,DAY,MONTH,HOUR,MINUTE,HARM_EV,MAN_COLL,UNITTYPE,HIT_RUN,REG_STAT,OWNER,MAKE,MODEL,MAK_MOD,BODY_TYP,MOD_YEAR,VIN,VIN_1,VIN_2,VIN_3,VIN_4,VIN_5,VIN_6,VIN_7,VIN_8,VIN_9,VIN_10,VIN_11,VIN_12,TOW_VEH,VINTYPE,VINMAKE,VINA_MOD,VIN_BT,VINMODYR,VIN_LNGT,VIN_WGT,WGTCD_TR,WHLBS_LG,WHLBS_SH,SER_TR,FUELCODE,MCYCL_DS,J_KNIFE,MCARR_I1,MCARR_I2,MCARR_ID,GVWR,V_CONFIG,CARGO_BT,HAZ_INV,HAZ_PLAC,HAZ_ID,HAZ_CNO,HAZ_REL,BUS_USE,SPEC_USE,EMER_USE,TRAV_SP,UNDERIDE,ROLLOVER,ROLINLOC,IMPACT1,IMPACT2,DEFORMED,TOWED,M_HARM,VEH_SC1,VEH_SC2,FIRE_EXP,DR_PRES,L_STATE,DR_ZIP,L_STATUS,L_TYPE,CDL_STAT,L_ENDORS,L_COMPL,L_RESTRI,DR_HGT,DR_WGT,PREV_ACC,PREV_SUS,PREV_DWI,PREV_SPD,PREV_OTH,FIRST_MO,FIRST_YR,LAST_MO,LAST_YR,SPEEDREL,DR_SF1,DR_SF2,DR_SF3,DR_SF4,VTRAFWAY,VNUM_LAN,VSPD_LIM,VALIGN,VPROFILE,VPAVETYP,VSURCOND,VTRAFCON,VTCONT_F,P_CRASH1,P_CRASH2,P_CRASH3,PCRASH4,PCRASH5,ACC_TYPE,DEATHS,DR_DRINK
37,370861,1,1,1,12,8,7,18,34,0,1,0,37,1,20,421,20421,15,1999,1GNEK13R3XJ3,1,G,N,E,K,1,3,R,3,X,J,3,0,P,CHEV,KTA,UT,99,17,5268,,0,1175,,G,,0,0,000000000,00000000000,0,0,0,1,0,0,0,0,0,0,0,45,0,1,5,10,0,6,2,1,0,0,0,1,37,28328,6,1,0,0,3,0,71,999,0,0,0,0,0,0,0,0,0,0,0,0,0,0,1,2,55,1,1,2,1,0,0,1,10,1,1,4,6,1,0
37,370862,1,2,2,14,8,13,41,12,6,1,0,37,1,20,2,20002,4,2003,2G1WF52E1392,2,G,1,W,F,5,2,E,1,3,9,2,0,P,CHEV,IMP,4D,3,17,3389,,0,1105,,G,,0,0,000000000,00000000000,0,0,0,1,0,0,0,0,0,0,0,10,0,0,0,3,3,6,2,12,0,0,0,1,37,27591,6,1,0,0,3,3,71,999,0,0,0,0,0,0,0,0,0,0,38,0,0,0,1,2,45,1,1,2,1,20,3,4,17,1,1,1,87,1,0
37,370862,2,2,1,14,8,13,41,12,6,1,0,37,2,7,461,7461,21,1999,2B6HB11Y1XK5,2,B,6,H,B,1,1,Y,1,X,K,5,0,T,DODG,15B,IC,99,17,,2,1272,1093,RMV,G,,0,0,000000000,00000000000,0,0,0,1,0,0,0,0,0,0,0,50,0,0,0,12,12,6,2,12,0,0,0,1,37,27545,6,1,0,0,3,0,66,999,1,0,0,1,1,2,2008,10,2009,0,0,0,0,0,1,2,45,1,1,2,1,0,0,1,55,9,1,2,86,0,0
37,370863,1,2,1,29,9,6,49,12,6,1,0,37,1,20,401,20401,14,1997,1GNDT13W3V21,1,G,N,D,T,1,3,W,3,V,2,1,0,P,CHEV,BZR,UT,97,17,4046,,0,1070,,G,,0,0,000000000,00000000000,0,0,0,1,0,0,0,0,0,0,0,15,0,0,0,10,10,6,2,12,0,0,0,1,37,28601,6,1,0,0,3,3,64,999,1,0,0,0,0,11,2007,11,2007,0,0,0,0,0,1,5,35,1,1,2,1,3,3,4,17,1,1,1,89,0,0
37,370863,2,2,1,29,9,6,49,12,6,1,0,8,1,20,481,20481,31,1990,1GCDC14Z5LE1,1,G,C,D,C,1,4,Z,5,L,E,1,0,T,CHEV,GC1,PK,90,17,,1,1415,1175,GM4,G,,0,0,000000000,00000000000,0,0,0,1,0,0,0,0,0,0,0,50,0,0,0,12,12,6,2,12,0,0,0,1,37,28601,6,1,0,0,3,0,64,999,0,0,0,0,0,0,0,0,0,0,39,0,0,0,1,5,35,1,1,2,1,3,3,1,54,1,1,1,88,1,0
37,370864,1,2,1,25,9,22,45,8,0,1,0,37,2,34,34,34034,4,1997,WBACD4321VAV,W,B,A,C,D,4,3,2,1,V,A,V,0,P,BMW,8IA,4D,97,17,3197,,0,1063,,G,,0,0,000000000,00000000000,0,0,0,1,0,0,0,0,0,0,0,50,0,0,0,1,2,4,1,8,0,0,0,1,37,27948,6,1,0,0,3,3,65,999,0,0,0,0,0,0,0,0,0,0,0,0,0,0,1,5,50,1,1,2,1,0,0,1,80,1,1,1,13,0,0
37,370864,2,2,2,25,9,22,45,8,0,1,0,37,1,49,40,49040,4,1996,4T1BG12K9TU6,4,T,1,B,G,1,2,K,9,T,U,6,0,P,TOYT,DLX,4D,96,17,2932,,0,1031,,G,,0,0,000000000,00000000000,0,0,0,1,0,0,0,0,0,0,0,50,0,0,0,14,14,6,2,8,0,0,0,1,37,27834,6,1,0,0,3,0,64,999,0,0,0,0,0,0,0,0,0,0,0,0,0,0,1,5,50,1,1,2,1,0,0,1,80,1,1,1,98,0,0
37,370865,1,2,1,26,9,18,58,12,6,1,0,37,2,14,17,14017,4,1995,1MELM5044SA6,1,M,E,L,M,5,0,4,4,S,A,6,0,P,MERC,SGS,4D,95,17,3144,,0,1060,,G,,0,0,000000000,00000000000,0,0,0,1,0,0,0,0,0,0,0,35,0,0,0,2,2,6,2,12,0,0,0,1,37,27577,6,1,6,0,3,0,63,999,0,0,0,0,0,0,0,0,0,1,36,0,0,0,1,3,45,1,1,2,2,0,0,11,15,1,1,2,68,0,1
37,370865,2,2,2,26,9,18,58,12,6,1,0,37,1,72,706,72706,80,1996,1HD1BLL13TY0,1,H,D,1,B,L,L,1,3,T,Y,0,0,M,HD,XST,RS,96,17,,,,,,,1340,0,0,000000000,00000000000,0,0,0,1,0,0,0,0,0,0,0,45,0,0,0,12,12,6,2,12,0,0,0,1,37,27524,6,1,0,0,3,3,70,999,0,0,0,1,2,1,2009,2,2010,0,0,0,0,0,1,3,45,1,1,2,2,0,0,1,54,1,1,1,69,1,1
37,370866,1,2,1,8,9,19,7,12,6,1,0,37,3,82,881,82881,66,1994,1FUYDSEB5RH4,1,F,U,Y,D,S,E,B,5,R,H,4,1,T,FRHT,FLD,DS,94,17,,8,0,0,CON,D,,3,57,873626,57873626,3,6,97,1,0,0,0,0,0,0,0,45,1,0,0,9,9,6,2,12,0,0,0,1,37,28328,6,1,6,0,3,0,69,999,0,0,0,0,0,0,0,0,0,0,0,0,0,0,1,2,55,1,2,2,1,0,0,1,62,7,1,1,66,0,0
37,370866,2,2,1,8,9,19,7,12,6,1,0,37,1,20,37,20037,4,2005,1G1ZS52F75F1,1,G,1,Z,S,5,2,F,7,5,F,1,0,P,CHEV,MAL,4D,5,17,3174,,0,1063,,G,,0,0,000000000,00000000000,0,0,0,1,0,0,0,0,0,0,0,55,0,0,0,12,11,6,2,12,0,0,0,1,37,28334,6,1,0,0,3,3,70,999,0,0,0,0,0,0,0,0,0,0,28,0,0,0,1,2,55,1,2,2,1,0,0,1,10,1,1,2,66,1,0
37,370867,1,1,1,17,9,20,0,24,0,1,0,37,1,12,471,12471,30,2004,1FTZR44E94PA,1,F,T,Z,R,4,4,E,9,4,P,A,0,T,FORD,RNS,4C,4,17,,1,0,1257,RNG,G,,0,0,000000000,00000000000,0,0,0,1,0,0,0,0,0,0,0,55,0,1,5,10,10,6,2,24,0,0,0,1,37,27526,6,1,0,0,3,0,74,999,1,2,0,0,1,11,2007,1,2009,0,58,0,0,0,1,4,55,1,1,2,1,0,0,1,12,1,1,4,6,1,1
37,370868,1,1,2,26,9,20,10,42,0,1,0,37,1,49,472,49472,30,2004,5TEHN72N84Z4,5,T,E,H,N,7,2,N,8,4,Z,4,0,T,TOYT,DCL,CW,4,17,,1,0,1219,TAC,G,,0,0,000000000,00000000000,0,0,0,1,0,0,0,0,0,0,0,55,0,0,0,3,3,6,2,42,0,0,0,1,37,28539,6,1,0,0,3,0,67,999,0,1,0,1,1,12,2009,4,2010,0,36,0,0,0,2,4,55,1,1,2,2,0,0,1,12,1,1,4,6,1,1
37,370869,1,1,2,26,9,16,59,18,0,1,0,37,2,20,2,20002,4,2004,2G1WH52K7491,2,G,1,W,H,5,2,K,7,4,9,1,0,P,CHEV,IPL,4D,4,17,3466,,0,1105,,G,,0,0,000000000,00000000000,0,0,0,1,0,0,0,0,0,0,0,40,0,0,0,11,12,6,2,42,0,0,0,1,37,27573,6,1,0,0,3,0,77,999,0,0,0,0,0,0,0,0,0,1,36,58,0,0,1,2,20,1,3,2,2,0,0,1,13,9,1,4,1,1,0
37,370870,1,1,1,11,9,3,58,32,0,1,0,37,3,2,404,2404,14,2010,1J4PS4GK7AC1,1,J,4,P,S,4,G,K,7,A,C,1,0,T,JEEP,LRO,4W,10,17,,1,0,1095,GCK,G,,0,0,000000000,00000000000,0,0,0,1,0,0,0,0,0,0,0,75,0,1,5,12,12,6,2,1,0,0,1,1,37,28379,1,1,0,0,2,0,71,999,0,10,0,0,13,11,2007,4,2010,1,36,0,0,0,1,2,55,2,1,2,1,0,0,14,12,1,1,4,6,1,1
37,370871,1,2,4,24,9,11,48,12,6,1,0,37,1,12,481,12481,31,2001,2FTRX18L81CA,2,F,T,R,X,1,8,L,8,1,C,A,0,T,FORD,F15,4C,1,17,,2,1574,1388,COF,G,,0,0,000000000,00000000000,0,0,0,1,0,0,0,0,0,0,0,45,0,0,0,3,3,4,1,12,0,0,0,1,37,27597,6,1,0,0,3,0,72,999,0,0,0,0,0,0,0,0,0,0,38,0,0,0,1,2,45,1,1,2,1,0,0,6,10,1,1,2,73,0,0
37,370871,2,2,1,24,9,11,48,12,6,1,0,0,0,99,709,99709,81,9999,000000000000,0,0,0,0,0,0,0,0,0,0,0,0,0,U,,,,,17,,,,,,,,0,0,000000000,00000000000,0,0,0,1,0,0,0,0,0,0,0,999,0,0,0,12,12,4,9,12,0,0,0,1,37,27597,1,1,0,0,1,0,67,999,0,0,0,0,0,0,0,0,0,0,0,0,0,0,1,2,45,1,1,2,1,0,0,11,15,1,1,1,72,1,1
37,370872,1,2,3,11,10,13,34,12,2,1,0,37,3,12,461,12461,22,2006,1FDXE45P86DA,1,F,D,X,E,4,5,P,8,6,D,A,0,T,FORD,4DC,YY,6,17,,4,1760,1580,CTV,D,,0,0,000000000,00000000000,0,0,0,1,0,0,0,0,0,6,0,45,0,0,0,12,12,6,2,12,0,0,0,1,37,28610,6,1,0,0,3,0,69,999,0,0,0,0,0,0,0,0,0,0,0,0,0,0,1,2,45,1,2,2,1,0,0,1,62,1,1,1,51,0,0
37,370872,2,2,1,11,10,13,34,12,2,1,0,37,1,12,402,12402,14,2003,1FMYU93123KA,1,F,M,Y,U,9,3,1,2,3,K,A,0,P,FORD,SPE,UT,3,17,3458,,0,1031,,G,,0,0,000000000,00000000000,0,0,0,1,0,0,0,0,0,0,0,45,0,1,1,12,12,6,2,12,0,0,0,1,37,28681,6,1,0,0,3,3,70,999,1,0,0,0,0,3,2010,3,2010,0,28,0,0,0,1,2,45,1,2,2,1,0,0,1,54,1,1,2,50,1,0
37,370873,1,2,2,4,10,7,7,12,2,1,0,37,2,37,32,37032,4,1990,1HGCB7669LA0,1,H,G,C,B,7,6,6,9,L,A,0,0,P,HOND,AER,4D,90,17,2923,,0,1071,,G,,0,0,000000000,00000000000,0,0,0,1,0,0,0,0,0,0,0,50,0,0,0,12,12,6,2,12,0,0,0,1,37,28083,6,1,0,0,3,0,66,999,0,0,0,0,2,6,2010,6,2010,0,28,0,0,0,1,2,55,1,2,2,1,0,0,1,10,1,1,2,50,1,0
37,370873,2,2,1,4,10,7,7,12,2,1,0,37,1,49,40,49040,4,2000,4T1BG22K9YU6,4,T,1,B,G,2,2,K,9,Y,U,6,0,P,TOYT,UEX,4D,0,17,2998,,0,1051,,G,,0,0,000000000,00000000000,0,0,0,1,0,0,0,0,0,0,0,55,0,0,0,12,12,6,2,12,0,0,0,1,37,28083,6,1,0,0,3,0,64,999,0,0,0,0,0,0,0,0,0,0,0,0,0,0,1,2,55,1,2,2,1,0,0,1,62,1,1,1,51,0,0
37,370874,1,1,1,3,10,23,32,8,0,1,0,37,1,12,402,12402,14,2001,1FMYU04111KC,1,F,M,Y,U,0,4,1,1,1,K,C,0,P,FORD,SPE,UT,1,17,3186,,0,1031,,G,,0,0,000000000,00000000000,0,0,0,1,0,0,0,0,0,0,0,55,0,0,0,1,1,4,1,8,0,0,0,1,37,28083,0,0,0,0,0,0,999,999,0,0,0,0,2,1,2009,10,2009,0,0,0,0,0,1,2,55,3,1,2,1,0,0,14,80,1,1,1,13,0,0
37,370875,1,2,1,1,10,7,18,12,2,1,0,18,1,82,881,82881,66,1998,1FUYSDYB0WLA,1,F,U,Y,S,D,Y,B,0,W,L,A,1,T,FRHT,FC2,DS,98,17,,8,0,0,CON,D,,1,57,659150,57659150,3,6,1,1,0,0,0,0,0,0,0,55,0,0,0,12,12,6,2,12,0,0,0,1,37,27886,6,1,6,0,3,0,68,999,0,0,0,1,2,1,2009,7,2009,0,0,0,0,0,1,2,55,3,1,2,2,0,0,14,62,1,1,1,51,0,0
37,370875,2,2,1,1,10,7,18,12,2,1,0,37,1,21,441,21441,20,1997,1GHDX03E4VD2,1,G,H,D,X,0,3,E,4,V,D,2,0,T,OLDS,SIL,ES,97,17,,1,0,1200,SIL,G,,0,0,000000000,00000000000,0,0,0,1,0,0,0,0,0,0,0,55,0,0,0,12,12,6,2,12,0,0,0,1,37,27314,6,1,0,0,3,0,72,999,2,1,0,1,2,10,2008,4,2010,0,28,0,0,0,1,2,55,2,1,2,2,0,0,14,10,1,1,2,50,1,0
37,370876,1,1,1,6,10,9,38,42,0,1,0,37,1,37,32,37032,2,1996,1HGCD7267TA0,1,H,G,C,D,7,2,6,7,T,A,0,0,P,HOND,UEX,CP,96,17,2930,,0,1069,,G,,0,0,000000000,00000000000,0,0,0,1,0,0,0,0,0,0,0,70,0,0,0,3,3,6,2,42,0,0,0,1,37,28021,6,1,0,0,3,0,62,999,0,0,0,1,0,5,2009,5,2009,1,58,0,0,0,1,2,55,3,1,2,1,0,0,14,12,1,4,4,7,1,0
37,370877,1,2,1,5,10,10,13,12,6,1,0,37,1,18,7,18007,4,1993,1G4AG55N3P64,1,G,4,A,G,5,5,N,3,P,6,4,0,P,BUIC,CSP,4D,93,17,2870,,0,1047,,G,,0,0,000000000,00000000000,0,0,0,1,0,0,0,0,0,0,0,10,0,0,0,11,11,6,2,12,0,0,0,1,37,28306,6,1,0,0,3,3,64,999,0,0,0,0,0,0,0,0,0,0,38,0,0,0,1,2,45,1,1,2,1,20,3,11,15,1,1,1,82,1,0
37,370877,2,2,1,5,10,10,13,12,6,1,0,37,2,23,481,23481,31,2002,2GTEC19TX213,2,G,T,E,C,1,9,T,X,2,1,3,0,T,GMC,NC1,4C,2,17,,2,1575,1435,SIE,G,,0,0,000000000,00000000000,0,0,0,1,0,0,0,0,0,0,0,45,0,0,0,12,12,6,2,12,0,0,0,1,37,28306,0,0,0,0,0,0,999,999,0,0,0,0,0,0,0,0,0,0,0,0,0,0,1,4,45,1,1,2,1,0,0,1,67,1,1,1,83,0,0
37,370878,1,1,1,9,10,2,56,42,0,1,0,37,1,49,32,49032,4,2009,2T1BU40E29C1,2,T,1,B,U,4,0,E,2,9,C,1,0,P,TOYT,CBL,4D,9,17,2723,,0,1024,,G,,0,0,000000000,00000000000,0,0,0,1,0,0,0,0,0,0,0,60,0,0,0,12,12,6,2,42,0,0,0,1,37,28304,6,1,0,0,3,0,68,999,0,0,0,1,0,12,2008,12,2008,1,0,0,0,0,1,2,45,2,1,2,1,0,0,14,12,1,1,4,6,1,1
37,370879,1,1,3,10,10,21,21,34,0,1,0,37,1,2,404,2404,14,1995,1J4GZ78S9SC5,1,J,4,G,Z,7,8,S,9,S,C,5,0,T,JEEP,L/O,4W,95,17,,1,0,1059,GCK,G,,0,0,000000000,00000000000,0,0,0,1,0,0,0,0,0,0,0,55,0,1,5,12,9,6,2,1,0,0,0,1,37,27958,6,1,0,0,3,0,65,999,0,0,0,1,0,5,2009,5,2009,0,99,99,99,99,1,4,55,1,1,2,1,0,0,1,13,1,1,4,1,1,1
37,370880,1,2,1,2,10,5,45,12,2,1,0,37,2,37,32,37032,4,1996,1HGCD5556TA2,1,H,G,C,D,5,5,5,6,T,A,2,0,P,HOND,UER,4D,96,17,2919,,0,1069,,G,,0,0,000000000,00000000000,0,0,0,1,0,0,0,0,0,0,0,55,0,0,0,12,12,6,2,12,0,0,0,1,37,27703,0,0,0,0,0,0,999,999,0,2,1,0,0,6,2010,9,2010,0,51,0,0,0,3,4,65,1,1,2,1,0,0,1,54,1,1,1,52,1,1
37,370880,2,2,1,2,10,5,45,12,2,1,0,37,1,12,481,12481,31,2002,1FTSX31L42EB,1,F,T,S,X,3,1,L,4,2,E,B,0,T,FORD,F3S,4C,2,17,,2,1580,1418,SRW,G,,0,0,000000000,00000000000,0,0,0,1,0,0,0,0,0,0,0,60,0,0,0,12,12,6,2,12,0,0,0,1,37,27522,6,1,0,0,3,0,72,999,0,0,0,1,0,8,2008,8,2008,0,0,0,0,0,3,4,65,1,1,2,1,0,0,1,54,1,1,1,52,0,0
37,370881,1,2,1,6,10,10,22,12,6,1,0,37,1,37,703,37703,88,2005,JH2MF02075K8,J,H,2,M,F,0,2,0,7,5,K,8,0,M,HOND,CN2,MS,5,17,,,,,,,244,0,0,000000000,00000000000,0,0,0,1,0,0,0,0,0,0,0,45,0,0,0,9,9,6,2,12,0,0,0,1,37,27018,6,1,0,0,2,0,70,999,0,0,0,0,0,0,0,0,0,0,0,0,0,0,1,2,45,1,1,2,1,0,0,1,62,1,1,1,69,1,0
37,370881,2,2,1,6,10,10,22,12,6,1,0,37,3,20,481,20481,31,2003,2GCEK19V0311,2,G,C,E,K,1,9,V,0,3,1,1,0,T,CHEV,SK1,4C,3,17,,2,1575,1435,SIL,G,,0,0,000000000,00000000000,0,0,0,1,0,0,0,0,0,0,0,34,0,0,0,12,12,6,2,12,0,0,0,1,37,27023,6,1,0,0,3,0,70,999,0,0,0,2,2,6,2009,4,2010,0,38,0,0,0,1,2,45,1,1,2,1,0,0,11,10,1,1,1,68,0,0
37,370882,1,1,1,10,10,8,5,34,0,1,0,37,2,37,31,37031,4,1992,1HGEG8647NL0,1,H,G,E,G,8,6,4,7,N,L,0,0,P,HOND,CID,4D,92,17,2275,,0,1031,,G,,0,0,000000000,00000000000,0,0,0,1,0,0,0,0,0,0,0,55,0,0,0,12,12,6,2,34,0,0,0,1,37,28326,6,1,0,0,3,0,67,999,0,2,0,1,0,4,2009,5,2009,0,36,0,0,0,1,2,55,1,2,2,1,0,0,1,12,1,1,4,6,1,0
37,370883,1,1,2,1,10,1,37,30,0,1,0,37,1,20,4,20004,2,1995,1G1YY22P8S51,1,G,1,Y,Y,2,2,P,8,S,5,1,0,P,CHEV,CVT,CP,95,17,3203,,0,962,,G,,0,0,000000000,00000000000,0,0,0,1,0,0,0,0,0,0,0,85,0,0,0,9,6,6,2,30,0,0,1,1,37,28791,6,1,0,0,3,3,67,999,0,1,0,0,0,6,2010,6,2010,1,36,0,0,0,1,2,35,2,1,2,1,0,0,14,6,1,3,4,2,1,1
37,370884,1,1,1,6,10,8,26,8,0,1,0,37,1,20,471,20471,30,1993,1GCCS14R2P01,1,G,C,C,S,1,4,R,2,P,0,1,0,T,CHEV,S14,PK,93,17,,1,1179,1083,S,G,,0,0,000000000,00000000000,0,0,0,1,0,0,0,0,0,0,0,45,0,0,0,12,12,2,1,8,0,0,0,1,37,28677,6,1,0,0,3,0,68,999,0,1,0,0,0,1,2008,1,2008,0,0,0,0,0,1,2,45,1,1,2,1,0,0,1,80,1,1,1,13,0,0
37,370885,1,2,1,9,10,7,59,12,6,1,0,37,1,35,401,35401,14,2001,JN8DR09Y31W6,J,N,8,D,R,0,9,Y,3,1,W,6,0,P,NISS,PFI,UT,1,17,3997,,0,1063,,G,,0,0,000000000,00000000000,0,0,0,1,0,0,0,0,0,0,0,35,0,0,0,1,1,6,2,12,0,0,0,1,37,27577,6,1,0,0,3,0,63,999,0,0,0,0,0,0,0,0,0,0,38,0,0,0,1,2,35,1,1,2,1,0,0,11,11,1,1,1,68,0,0
37,370885,2,2,1,9,10,7,59,12,6,1,0,37,1,73,706,73706,80,1995,JKAVNDA10SB5,J,K,A,V,N,D,A,1,0,S,B,5,0,M,KAWK,V75,RS,95,17,,,,,,,750,0,0,000000000,00000000000,0,0,0,1,0,0,0,0,0,0,0,35,0,0,0,12,12,6,2,12,0,0,0,1,37,27524,6,1,0,0,3,0,68,999,0,0,0,0,1,8,2008,8,2008,0,0,0,0,0,1,2,35,1,1,2,1,0,0,1,62,1,1,1,69,1,0
37,370886,1,1,4,3,10,17,26,42,0,1,0,37,2,12,481,12481,31,2004,1FTRX12W04NB,1,F,T,R,X,1,2,W,0,4,N,B,0,T,FORD,F15,4C,4,17,,2,1450,1260,COF,G,,0,0,000000000,00000000000,0,0,0,1,0,0,0,0,0,0,0,65,0,1,5,13,13,6,2,1,0,0,0,1,37,28734,6,1,0,0,3,0,71,999,0,2,0,0,1,9,2008,10,2009,1,36,0,0,0,1,2,45,3,4,2,1,0,0,14,13,1,1,4,1,1,1
37,370887,1,1,2,8,10,21,29,59,0,1,0,37,1,12,13,12013,4,2001,3FAFP13P01R1,3,F,A,F,P,1,3,P,0,1,R,1,0,P,FORD,ESC,4D,1,17,2454,,0,984,,G,,0,0,000000000,00000000000,0,0,0,1,0,0,0,0,0,0,0,40,0,0,0,12,12,6,2,34,0,0,0,1,37,28734,6,1,0,0,3,0,62,999,0,0,0,0,0,0,0,0,0,0,36,0,0,0,1,2,35,3,4,2,1,0,0,14,13,1,1,4,1,1,0
37,370888,1,1,1,12,10,20,0,32,0,1,0,37,1,20,2,20002,4,2003,2G1WH52K2394,2,G,1,W,H,5,2,K,2,3,9,4,0,P,CHEV,IPL,4D,3,17,3466,,0,1105,,G,,0,0,000000000,00000000000,0,0,0,1,0,0,0,0,0,0,0,55,0,0,0,12,12,6,2,32,0,0,0,1,37,27846,6,1,0,0,3,0,68,999,0,0,0,0,0,0,0,0,0,0,58,0,0,0,1,2,55,1,1,2,1,0,0,1,13,1,1,4,1,1,0
37,370889,1,2,1,11,10,6,55,12,2,1,0,37,2,41,35,41035,4,1999,JM1BJ2224X01,J,M,1,B,J,2,2,2,4,X,0,1,0,P,MAZD,PDL,4D,99,17,2449,,0,1028,,G,,0,0,000000000,00000000000,0,0,0,1,0,0,0,0,0,0,0,55,0,0,0,12,12,6,2,12,0,0,0,1,37,27356,6,1,0,0,3,0,67,999,0,0,0,0,0,0,0,0,0,0,28,0,0,0,1,2,55,1,1,2,1,0,0,1,10,1,1,1,50,1,0
37,370889,2,2,1,11,10,6,55,12,2,1,0,37,1,7,422,7422,15,2006,1D4HD38K66F1,1,D,4,H,D,3,8,K,6,6,F,1,0,P,DODG,DUR,UT,6,17,4462,,0,1192,,G,,0,0,000000000,00000000000,0,0,0,1,0,0,0,0,0,0,0,55,0,0,0,12,12,6,2,12,0,0,0,1,37,27281,6,1,6,0,3,0,60,999,0,0,0,0,0,0,0,0,0,0,0,0,0,0,1,2,55,1,1,2,1,0,0,1,62,7,1,1,51,0,0
37,370890,1,1,1,9,10,0,1,8,0,1,0,47,1,12,441,12441,20,1993,1FMDA31U8PZA,1,F,M,D,A,3,1,U,8,P,Z,A,0,T,FORD,ARO,ES,93,17,,1,0,1190,ARO,G,,0,0,000000000,00000000000,0,0,0,1,0,0,0,0,0,0,0,45,0,1,5,12,81,6,2,8,0,0,0,1,37,28356,0,0,0,0,0,0,64,999,0,0,0,0,0,0,0,0,0,0,28,36,0,0,1,2,45,1,1,2,1,0,0,1,12,1,1,4,13,0,1
37,370891,1,2,2,1,10,18,37,12,1,1,0,37,2,55,401,55401,14,2007,5NMSH13E87H0,5,N,M,S,H,1,3,E,8,7,H,0,0,P,HYUN,SAN,UT,7,17,3846,,0,1063,,G,,0,0,000000000,00000000000,0,0,0,1,0,0,0,0,0,0,0,55,0,0,0,12,12,2,1,12,0,0,0,1,37,28571,6,1,0,0,3,3,68,999,0,0,0,0,0,0,0,0,0,0,0,0,0,0,1,4,55,1,1,2,2,0,0,1,51,1,1,1,79,0,0
37,370891,2,2,1,1,10,18,37,12,1,1,0,0,0,99,709,99709,81,2010,000000000000,0,0,0,0,0,0,0,0,0,0,0,0,0,U,,,,,17,,,,,,,,0,0,000000000,00000000000,0,0,0,1,0,0,0,0,0,0,0,998,0,0,0,6,6,6,2,12,0,0,0,1,37,28529,1,1,0,0,1,0,72,999,0,1,1,0,0,4,2008,5,2008,0,38,0,0,0,1,2,55,1,1,2,2,0,0,10,16,1,1,1,78,1,1
37,370892,1,2,1,10,10,16,10,59,0,1,0,37,2,49,471,49471,30,1989,JT4RN01P4K70,J,T,4,R,N,0,1,P,4,K,7,0,0,T,TOYT,SWD,PK,89,17,,1,0,1030,HTP,G,,0,0,000000000,00000000000,0,0,0,1,0,0,0,0,0,0,0,70,0,0,0,12,12,6,2,12,0,0,0,1,37,28457,6,2,0,0,3,3,62,999,0,0,0,0,0,0,0,0,0,0,28,36,58,0,1,2,55,3,1,2,1,0,0,14,13,1,1,4,1,0,0
37,370892,2,2,2,10,10,16,10,59,0,1,0,37,1,20,471,20471,30,2002,1GCDT19W5282,1,G,C,D,T,1,9,W,5,2,8,2,0,T,CHEV,S14,3C,2,17,,1,0,1229,S,G,,0,0,000000000,00000000000,0,0,0,1,0,0,0,0,0,0,0,55,0,0,0,12,12,6,2,12,0,0,0,1,37,28425,6,1,6,0,3,0,68,999,2,0,0,0,2,11,2007,8,2010,0,0,0,0,0,1,2,55,2,1,2,1,0,0,14,62,1,1,1,98,2,0
37,370893,1,2,1,5,10,15,59,12,2,1,0,37,2,12,441,12441,20,1995,1FMDA31XXSZA,1,F,M,D,A,3,1,X,X,S,Z,A,0,T,FORD,ARO,ES,95,17,,1,0,1190,ARO,G,,0,0,000000000,00000000000,0,0,0,1,0,0,0,0,0,0,0,5,0,0,0,12,12,6,2,12,0,0,0,1,37,27828,6,1,0,0,3,0,63,999,0,0,0,0,0,0,0,0,0,0,38,0,0,0,1,2,45,1,1,2,1,0,0,11,15,1,1,1,82,1,0
37,370893,2,2,1,5,10,15,59,12,2,1,0,37,1,12,401,12401,14,2004,1FMZU77K74UA,1,F,M,Z,U,7,7,K,7,4,U,A,0,P,FORD,EPR,UT,4,17,4349,,0,1259,,F,,0,0,000000000,00000000000,0,0,0,1,0,0,0,0,0,0,0,45,0,0,0,12,12,6,2,12,0,0,0,1,37,27834,6,1,0,0,3,0,63,999,0,0,0,0,1,1,2009,1,2009,0,0,0,0,0,1,2,45,1,1,2,1,0,0,1,71,1,1,1,83,0,0
37,370894,1,1,1,11,10,21,55,1,0,1,0,37,2,12,401,12401,14,1997,1FMCU22X0VUA,1,F,M,C,U,2,2,X,0,V,U,A,0,P,FORD,EPR,UT,97,17,3707,,0,1017,,G,,0,0,000000000,00000000000,0,0,0,1,0,0,0,0,0,0,0,90,0,2,1,0,13,6,2,42,0,0,0,1,37,27889,6,1,6,0,3,3,69,999,2,1,0,0,3,6,2009,7,2010,1,28,36,0,0,1,2,55,3,1,2,1,0,0,14,6,1,2,2,98,1,0