STATE,ST_CASE,VEH_NO,VE_FORMS,NUMOCCS,DAY,MONTH,HOUR,MINUTE,HARM_EV,MAN_COLL,UNITTYPE,HIT_RUN,REG_STAT,OWNER,MAKE,MODEL,MAK_MOD,BODY_TYP,MOD_YEAR,VIN,VIN_1,VIN_2,VIN_3,VIN_4,VIN_5,VIN_6,VIN_7,VIN_8,VIN_9,VIN_10,VIN_11,VIN_12,TOW_VEH,VINTYPE,VINMAKE,VINA_MOD,VIN_BT,VINMODYR,VIN_LNGT,VIN_WGT,WGTCD_TR,WHLBS_LG,WHLBS_SH,SER_TR,FUELCODE,MCYCL_DS,J_KNIFE,MCARR_I1,MCARR_I2,MCARR_ID,GVWR,V_CONFIG,CARGO_BT,HAZ_INV,HAZ_PLAC,HAZ_ID,HAZ_CNO,HAZ_REL,BUS_USE,SPEC_USE,EMER_USE,TRAV_SP,UNDERIDE,ROLLOVER,ROLINLOC,IMPACT1,IMPACT2,DEFORMED,TOWED,M_HARM,VEH_SC1,VEH_SC2,FIRE_EXP,DR_PRES,L_STATE,DR_ZIP,L_STATUS,L_TYPE,CDL_STAT,L_ENDORS,L_COMPL,L_RESTRI,DR_HGT,DR_WGT,PREV_ACC,PREV_SUS,PREV_DWI,PREV_SPD,PREV_OTH,FIRST_MO,FIRST_YR,LAST_MO,LAST_YR,SPEEDREL,DR_SF1,DR_SF2,DR_SF3,DR_SF4,VTRAFWAY,VNUM_LAN,VSPD_LIM,VALIGN,VPROFILE,VPAVETYP,VSURCOND,VTRAFCON,VTCONT_F,P_CRASH1,P_CRASH2,P_CRASH3,PCRASH4,PCRASH5,ACC_TYPE,DEATHS,DR_DRINK
37,370895,1,3,6,12,10,14,35,54,11,1,0,37,1,20,481,20481,31,1995,1GCHC39K0SE2,1,G,C,H,C,3,9,K,0,S,E,2,1,T,CHEV,GC3,PC,95,17,,2,0,1555,GM4,G,,1,0,000000000,00000000000,0,0,0,1,0,0,0,0,0,0,0,55,0,0,0,18,18,4,1,54,0,0,0,1,37,28590,6,1,0,0,3,0,70,999,0,0,0,0,0,0,0,0,0,0,28,0,0,0,1,2,55,3,4,2,1,0,0,14,10,1,1,2,98,0,0
37,370895,2,3,3,12,10,14,35,54,11,1,0,37,3,20,24,20024,6,2010,1GNLRGED9AS1,1,G,N,L,R,G,E,D,9,A,S,1,0,P,CHEV,TRV,UT,10,17,4790,,0,1189,,G,,0,0,000000000,00000000000,0,0,0,1,0,0,0,0,0,0,0,55,0,0,0,12,12,6,2,54,0,0,0,1,37,27858,6,1,0,0,3,3,61,999,0,0,0,0,0,0,0,0,0,0,0,0,0,0,1,2,55,2,1,2,1,0,0,14,62,1,1,1,98,1,0
37,370895,3,3,1,12,10,14,35,54,11,1,0,37,2,2,404,2404,14,2004,1J4GX58N74C2,1,J,4,G,X,5,8,N,7,4,C,2,0,T,JEEP,LMT,4W,4,17,,1,0,1059,GCK,G,,0,0,000000000,00000000000,0,0,0,1,0,0,0,0,0,0,0,40,0,0,0,18,18,2,1,54,0,0,0,1,37,27858,6,1,0,0,3,0,67,999,2,0,0,0,0,4,2009,6,2010,0,0,0,0,0,1,2,55,3,4,2,1,0,0,14,51,1,1,1,98,0,0
37,370896,1,2,1,4,10,5,20,12,2,1,0,37,1,23,481,23481,31,1983,2GTEK14H5D15,2,G,T,E,K,1,4,H,5,D,1,5,0,T,GMC,K15,PK,83,17,,2,1315,1175,K15,G,,0,0,000000000,00000000000,0,0,0,1,0,0,0,0,0,0,0,55,0,1,1,12,12,6,2,12,0,0,0,1,37,27248,6,1,0,0,3,0,72,999,0,1,0,0,1,6,2008,9,2010,0,28,0,0,0,1,2,55,3,1,2,1,0,0,14,10,1,1,2,50,0,0
37,370896,2,2,1,4,10,5,20,12,2,1,0,37,1,35,43,35043,2,1994,1N4EB32A5RC7,1,N,4,E,B,3,2,A,5,R,C,7,0,P,NISS,SXL,2D,94,17,2324,,0,957,,G,,0,0,000000000,00000000000,0,0,0,1,0,0,0,0,0,0,0,55,0,0,0,12,12,6,2,12,0,0,0,1,37,27316,6,1,0,0,3,3,71,999,0,0,0,0,0,0,0,0,0,0,0,0,0,0,1,2,55,2,1,2,1,0,0,14,62,1,1,1,51,1,0
37,370897,1,1,1,8,10,2,40,59,0,1,0,37,1,12,3,12003,2,1995,1FALP4049SF1,1,F,A,L,P,4,0,4,9,S,F,1,0,P,FORD,MUS,CP,95,17,3077,,0,1013,,G,,0,0,000000000,00000000000,0,0,0,1,0,0,0,0,0,0,0,55,0,1,5,12,12,6,2,1,0,0,0,1,37,28304,6,1,0,0,3,3,70,999,0,3,1,0,0,7,2008,3,2010,0,39,0,0,0,1,2,55,1,1,2,1,20,3,1,12,1,1,4,6,1,1
37,370898,1,1,1,11,10,14,51,42,0,1,0,37,1,37,31,37031,4,2003,1HGES16553L0,1,H,G,E,S,1,6,5,5,3,L,0,0,P,HOND,UCL,4D,3,17,2513,,0,1031,,G,,0,0,000000000,00000000000,0,0,0,1,0,0,0,0,0,0,0,60,0,0,0,12,12,6,2,42,0,0,0,1,37,28340,6,1,0,0,3,0,66,999,0,0,0,0,0,0,0,0,0,1,0,0,0,0,3,4,65,1,1,2,1,0,0,1,13,1,1,4,1,1,0
37,370899,1,1,1,2,10,11,1,34,0,1,0,37,2,12,16,12016,4,1999,2FAFP74W5XX1,2,F,A,F,P,7,4,W,5,X,X,1,0,P,FORD,CVL,4D,99,17,3917,,0,1147,,G,,0,0,000000000,00000000000,0,0,0,1,0,0,0,0,0,0,0,80,0,1,5,12,12,6,2,1,0,0,0,1,37,28339,6,1,0,0,3,0,65,999,2,0,0,3,3,1,2008,7,2010,1,36,0,0,0,1,2,55,1,1,2,1,0,0,1,13,1,1,4,1,1,0
37,370900,1,2,1,9,10,19,51,12,2,1,0,37,1,37,705,37705,80,2005,JH2RC503X5M1,J,H,2,R,C,5,0,3,X,5,M,1,0,M,HOND,VCA,RS,5,17,,,,,,,745,0,0,000000000,00000000000,0,0,0,1,0,0,0,0,0,0,0,55,0,0,0,12,12,6,2,12,0,0,0,1,37,28103,6,1,0,0,2,0,71,999,0,0,0,0,0,0,0,0,0,0,28,0,0,0,1,2,55,3,3,2,1,0,0,14,10,1,1,2,50,1,1
37,370900,2,2,2,9,10,19,51,12,2,1,0,37,1,12,17,12017,4,2007,1FAFP53U57A1,1,F,A,F,P,5,3,U,5,7,A,1,0,P,FORD,TSE,4D,7,17,3307,,0,1085,,G,,0,0,000000000,00000000000,0,0,0,1,0,0,0,0,0,0,0,55,0,0,0,12,12,6,2,12,0,0,0,1,37,28110,6,1,0,0,3,3,65,999,0,0,0,0,0,0,0,0,0,0,0,0,0,0,1,2,55,3,3,2,1,0,0,14,62,1,1,1,51,0,0
37,370901,1,1,1,6,10,18,21,59,0,1,0,37,1,2,404,2404,14,2000,1J4GW48S5YC3,1,J,4,G,W,4,8,S,5,Y,C,3,0,T,JEEP,LRO,4W,0,17,,1,0,1059,GCK,G,,0,0,000000000,00000000000,0,0,0,1,0,0,0,0,0,0,0,64,0,1,5,12,12,6,2,1,0,0,0,1,37,27587,6,1,0,0,3,0,66,999,0,0,0,0,0,0,0,0,0,1,58,0,0,0,1,2,45,3,3,2,1,0,0,14,13,1,1,4,1,1,1
37,370902,1,2,3,10,10,15,9,12,2,1,0,37,2,19,20,19020,6,2005,1GYEE6373501,1,G,Y,E,E,6,3,7,3,5,0,1,0,P,CADI,SRX,UT,5,17,4164,,0,1164,,G,,0,0,000000000,00000000000,0,0,0,1,0,0,0,0,0,0,0,80,0,1,1,12,12,6,2,12,0,0,0,1,37,27501,0,0,0,0,0,0,999,999,0,0,0,0,1,1,2010,1,2010,1,28,36,0,0,1,2,45,1,2,2,1,0,0,1,10,1,1,2,50,0,0
37,370902,2,2,4,10,10,15,9,12,2,1,0,29,1,14,6,14006,4,2005,2MEFM75W05X6,2,M,E,F,M,7,5,W,0,5,X,6,0,P,MERC,MGL,4D,5,17,4094,,0,1147,,G,,0,0,000000000,00000000000,0,0,0,1,0,0,0,0,0,0,0,40,0,0,0,12,12,6,2,12,0,0,0,1,29,63628,6,1,0,0,3,3,66,165,0,0,0,0,0,0,0,0,0,0,0,0,0,0,1,2,45,1,2,2,1,0,0,1,62,1,1,1,51,1,1
37,370903,1,1,2,9,10,12,10,24,0,1,0,37,2,2,404,2404,14,1995,1J4GZ58S0SC5,1,J,4,G,Z,5,8,S,0,S,C,5,0,T,JEEP,LRO,4W,95,17,,1,0,1059,GCK,G,,0,0,000000000,00000000000,0,0,0,1,0,0,0,0,0,0,0,55,0,1,5,12,12,6,2,1,0,0,0,1,37,28694,6,1,0,0,3,0,69,999,0,0,0,2,0,10,2007,6,2008,0,99,99,99,99,2,4,55,1,1,2,1,0,0,1,12,1,1,4,6,1,0
37,370904,1,2,1,5,10,14,12,12,6,1,0,37,3,85,881,85881,66,2000,1XKTDU9X6YJ8,1,X,K,T,D,U,9,X,6,Y,J,8,1,T,KW,T20,DS,0,17,,8,2600,1900,CON,D,,1,77,777777777,77777777777,3,6,10,1,0,0,0,0,0,0,0,55,0,0,0,12,12,6,2,12,0,0,0,1,37,28518,6,1,6,8,3,0,69,999,0,3,0,0,0,6,2008,9,2009,0,0,0,0,0,2,4,55,1,1,2,1,0,0,1,66,1,1,1,88,0,0
37,370904,2,2,2,5,10,14,12,12,6,1,0,37,1,18,3,18003,4,1989,1G4CW54C8K16,1,G,4,C,W,5,4,C,8,K,1,6,0,P,BUIC,EPF,4D,89,17,3241,,0,1108,,G,,0,0,000000000,00000000000,0,0,0,1,0,0,0,0,0,0,0,55,0,0,0,9,9,6,2,12,0,0,0,1,11,28365,6,1,0,0,3,0,63,162,0,0,0,0,0,0,0,0,0,0,38,0,0,0,1,2,55,1,1,2,1,20,3,1,17,1,1,1,89,2,0
37,370905,1,1,4,10,10,3,36,59,0,1,0,37,2,37,31,37031,4,1994,1HGEG8642RL0,1,H,G,E,G,8,6,4,2,R,L,0,0,P,HOND,EXX,4D,94,17,2250,,0,1032,,G,,0,0,000000000,00000000000,0,0,0,1,0,0,0,0,0,0,0,100,0,1,5,12,12,6,2,1,0,0,0,1,37,27883,6,2,0,0,3,3,69,999,0,0,0,0,0,0,0,0,0,1,36,0,0,0,1,2,55,2,1,2,1,0,0,14,6,1,1,4,6,3,1
37,370906,1,1,1,12,10,13,9,59,0,1,0,37,1,37,31,37031,4,2006,1HGFA16816L0,1,H,G,F,A,1,6,8,1,6,L,0,0,P,HOND,UAX,4D,6,17,2804,,0,1063,,G,,0,0,000000000,00000000000,0,0,0,1,0,0,0,0,0,0,0,55,0,1,5,12,61,6,2,1,0,0,0,1,37,27863,6,1,0,0,3,0,63,999,0,0,0,1,1,8,2008,9,2009,0,99,99,99,99,2,4,55,1,1,2,1,0,0,1,11,1,1,4,1,1,0
37,370907,1,1,2,26,9,19,51,8,0,1,0,37,2,7,21,7021,6,2005,2D8GV58255H1,2,D,8,G,V,5,8,2,5,5,H,1,0,P,DODG,MGN,UT,5,17,4161,,0,1200,,G,,0,0,000000000,00000000000,0,0,0,1,0,0,0,0,0,0,0,30,0,0,0,12,12,2,1,8,0,0,0,1,37,28730,6,1,0,0,3,0,76,999,0,0,0,0,0,0,0,0,0,0,0,0,0,0,1,4,35,1,2,2,2,0,0,1,80,1,1,1,13,0,0
37,370908,1,3,1,27,9,16,6,12,6,1,0,37,3,82,981,82981,50,2010,4UZABRDT3ACA,4,U,Z,A,B,R,D,T,3,A,C,A,0,T,FRHT,B2B,BU,10,17,,7,0,0,CHA,D,,0,88,888888888,88888888888,3,21,22,1,0,0,0,0,1,0,0,15,0,0,0,5,5,4,3,12,0,0,0,1,37,27610,6,1,6,3,3,3,62,999,0,0,0,0,0,0,0,0,0,0,0,0,0,0,1,4,45,1,1,2,2,3,3,11,15,1,1,1,68,0,0
37,370908,2,3,3,27,9,16,6,12,6,1,0,37,2,63,34,63034,4,2006,KNAGD1283654,K,N,A,G,D,1,2,8,3,6,5,4,0,P,KIA,OLE,4D,6,17,3281,,0,1063,,G,,0,0,000000000,00000000000,0,0,0,1,0,0,0,0,0,0,0,80,0,0,0,12,12,6,2,12,0,0,0,1,37,27525,6,2,0,0,3,3,66,999,0,0,0,0,0,0,0,0,0,1,0,0,0,0,1,4,45,1,1,2,2,3,3,1,17,1,1,1,69,1,0
37,370908,3,3,2,27,9,16,6,12,6,1,0,37,2,37,32,37032,4,1999,1HGCG1658XA0,1,H,G,C,G,1,6,5,8,X,A,0,0,P,HOND,UEX,4D,99,17,3285,,0,1069,,G,,0,0,000000000,00000000000,0,0,0,1,0,0,0,0,0,0,0,0,0,0,0,12,12,6,2,12,0,0,0,1,37,27511,6,1,0,0,3,3,70,999,3,0,0,0,0,9,2008,3,2010,0,0,0,0,0,1,2,30,1,1,2,2,3,1,5,98,1,1,1,98,0,0
37,370909,1,2,1,27,9,10,56,12,6,1,0,37,1,2,404,2404,14,2000,1J4FF48S8YL1,1,J,4,F,F,4,8,S,8,Y,L,1,0,T,JEEP,SPT,4W,0,17,,1,0,1014,CHK,G,,0,0,000000000,00000000000,0,0,0,1,0,0,0,0,0,0,0,45,0,0,0,9,9,6,2,12,0,0,0,1,37,27807,6,1,0,0,3,0,68,999,0,0,0,0,1,4,2008,4,2008,1,28,58,0,0,1,4,45,4,1,2,2,0,0,14,9,1,4,2,64,1,0
37,370909,2,2,2,27,9,10,56,12,6,1,0,37,1,20,421,20421,15,1991,1GNEV18KXMF1,1,G,N,E,V,1,8,K,X,M,F,1,0,T,CHEV,VBZ,S2,91,17,,2,0,1065,V10,G,,0,0,000000000,00000000000,0,0,0,1,0,0,0,0,0,0,0,45,0,0,0,12,12,6,2,12,0,0,0,1,37,27807,6,1,0,0,3,3,67,999,0,0,0,0,0,0,0,0,0,0,0,0,0,0,1,4,45,4,1,2,2,0,0,14,62,1,1,1,65,0,0
37,370910,1,2,1,2,10,2,44,12,2,1,0,37,2,2,404,2404,14,1996,1J4FJ68S1TL1,1,J,4,F,J,6,8,S,1,T,L,1,0,T,JEEP,SPC,4W,96,17,,1,0,1014,CHK,G,,0,0,000000000,00000000000,0,0,0,1,0,0,0,0,0,0,0,50,0,0,0,12,12,6,2,12,0,0,0,1,37,28704,6,1,0,0,3,0,63,999,0,0,0,0,0,0,0,0,0,0,36,51,0,0,3,4,55,1,2,2,1,0,0,1,19,1,1,1,52,0,1
37,370910,2,2,1,2,10,2,44,12,2,1,0,47,2,49,49,49049,6,2005,JTLKT3241540,J,T,L,K,T,3,2,4,1,5,4,0,0,P,TOYT,SXB,UT,5,17,2395,,0,984,,G,,0,0,000000000,00000000000,0,0,0,1,0,0,0,0,0,0,0,60,0,0,0,12,12,6,2,12,0,0,0,1,37,28805,6,1,0,0,3,0,65,999,1,0,0,0,0,8,2008,8,2008,0,0,0,0,0,3,4,55,1,2,2,1,0,0,1,54,1,1,1,52,1,0
37,370911,1,1,1,13,10,7,4,43,0,1,0,37,2,12,471,12471,30,1993,1FTCR10A9PTA,1,F,T,C,R,1,0,A,9,P,T,A,0,T,FORD,RNG,PK,93,17,,1,1139,1079,RNG,G,,0,0,000000000,00000000000,0,0,0,1,0,0,0,0,0,0,0,30,0,0,0,12,12,6,2,43,0,0,0,1,37,28705,6,1,0,0,3,3,74,999,0,0,0,0,0,0,0,0,0,0,0,0,0,0,1,2,30,4,1,2,2,0,0,14,10,1,1,4,6,1,0
37,370912,1,1,2,19,10,18,19,42,0,1,0,37,2,22,9,22009,3,2002,2G2FS22KX221,2,G,2,F,S,2,2,K,X,2,2,1,0,P,PONT,FBD,2H,2,17,3327,,0,1011,,G,,0,0,000000000,00000000000,0,0,0,1,0,0,0,0,0,0,0,75,0,0,0,3,3,6,2,42,0,0,0,1,37,28787,6,1,0,0,3,3,69,999,0,0,0,0,1,8,2010,8,2010,0,36,0,0,0,1,2,35,2,1,2,1,0,0,14,12,1,1,4,6,1,0
37,370913,1,1,1,20,10,4,48,1,0,1,0,37,1,72,705,72705,80,1978,KZ750B031661,K,Z,7,5,0,B,0,3,1,6,6,1,0,P,,,,,,,,,,,,,0,0,000000000,00000000000,0,0,0,1,0,0,0,0,0,0,0,40,0,0,0,0,0,6,2,1,0,0,0,1,37,28613,6,1,0,0,2,0,64,999,0,0,0,0,0,0,0,0,0,0,0,0,0,0,1,2,55,3,2,2,1,0,0,14,13,1,1,4,1,1,1
37,370914,1,1,1,24,10,4,8,30,0,1,0,37,1,41,51,41051,4,2006,JM1BK12G7614,J,M,1,B,K,1,2,G,7,6,1,4,0,P,MAZD,M3I,4D,6,17,2696,,0,1039,,G,,0,0,000000000,00000000000,0,0,0,1,0,0,0,0,0,0,0,60,0,0,0,9,9,6,2,30,0,0,0,1,37,28601,6,1,0,0,3,0,64,999,1,0,0,0,0,9,2008,9,2008,1,0,0,0,0,1,2,55,2,1,2,1,0,0,14,13,1,1,4,1,1,1
37,370915,1,1,1,19,10,7,9,42,0,1,0,37,2,37,32,37032,4,2006,1HGCM563X6A1,1,H,G,C,M,5,6,3,X,6,A,1,0,P,HOND,ASE,4D,6,17,3197,,0,1079,,G,,0,0,000000000,00000000000,0,0,0,1,0,0,0,0,0,0,0,65,0,1,5,12,61,6,2,42,0,0,0,1,37,28412,6,1,0,0,3,0,61,999,0,0,0,0,0,0,0,0,0,0,0,0,0,0,1,2,55,1,1,2,1,0,0,1,13,1,1,4,1,1,0
37,370916,1,3,1,19,10,17,35,12,6,1,0,37,1,21,20,21020,4,1993,1G3AG55N6P63,1,G,3,A,G,5,5,N,6,P,6,3,0,P,OLDS,CIS,4D,93,17,2776,,0,1049,,G,,0,0,000000000,00000000000,0,0,0,1,0,0,0,0,0,0,0,35,0,0,0,3,3,6,2,12,0,0,0,1,37,27107,6,1,0,0,3,0,71,999,0,0,0,0,0,0,0,0,0,0,38,0,0,0,1,2,50,4,1,2,1,0,0,11,15,1,1,1,68,1,0
37,370916,2,3,1,19,10,17,35,12,6,1,0,37,1,49,472,49472,30,2004,5TEWN72N04Z4,5,T,E,W,N,7,2,N,0,4,Z,4,0,T,TOYT,XTR,PC,4,17,,1,0,1219,TAC,G,,0,0,000000000,00000000000,0,0,0,1,0,0,0,0,0,0,0,45,0,0,0,12,12,6,2,12,0,0,0,1,37,27107,6,1,0,0,3,0,70,999,0,0,0,0,0,0,0,0,0,0,0,0,0,0,1,2,50,4,1,2,1,0,0,14,62,1,1,1,69,0,0
37,370916,3,3,1,19,10,17,35,12,6,1,0,37,1,41,45,41045,1,2002,JM1NB3533202,J,M,1,N,B,3,5,3,3,2,0,2,0,P,MAZD,MIS,CV,2,17,2387,,0,892,,G,,0,0,000000000,00000000000,0,0,0,1,0,0,0,0,0,0,0,0,0,0,0,12,12,2,1,12,0,0,0,1,37,27107,6,1,0,0,3,3,61,999,0,0,0,0,1,4,2008,4,2008,0,0,0,0,0,0,0,0,0,0,0,0,0,0,5,19,1,1,1,98,0,0
37,370917,1,2,2,22,10,16,35,12,6,1,0,37,2,12,401,12401,14,1998,1FMYU22X9WUD,1,F,M,Y,U,2,2,X,9,W,U,D,0,P,FORD,EPR,UT,98,17,3692,,0,1017,,G,,0,0,000000000,00000000000,0,0,0,1,0,0,0,0,0,0,0,55,0,0,0,12,12,6,2,12,0,0,0,1,37,27299,6,2,0,0,3,3,66,999,0,1,0,0,0,6,2010,6,2010,0,0,0,0,0,1,2,55,1,1,2,1,0,0,1,71,1,1,1,88,0,0
37,370917,2,2,1,22,10,16,35,12,6,1,0,0,0,99,998,99998,97,9999,000000000000,0,0,0,0,0,0,0,0,0,0,0,0,0,U,,,,,17,,,,,,,,0,0,000000000,00000000000,0,0,0,1,0,0,0,0,0,0,0,10,0,0,0,7,7,6,2,12,0,0,0,1,37,27295,0,0,0,0,0,0,72,999,0,0,0,0,0,0,0,0,0,0,38,0,0,0,1,2,55,1,1,2,1,0,0,1,19,1,1,1,89,1,0
37,370918,1,1,3,9,10,21,11,1,0,1,0,37,1,12,471,12471,30,1992,1FTCR10A1NUB,1,F,T,C,R,1,0,A,1,N,U,B,0,T,FORD,RNG,PK,92,17,,1,1139,1079,RNG,G,,0,0,000000000,00000000000,0,0,0,1,0,0,0,0,0,0,0,30,0,2,1,0,0,6,2,1,0,0,0,1,37,27284,6,1,0,0,3,3,67,999,1,0,0,0,0,12,2008,12,2008,0,36,0,0,0,4,1,25,3,1,2,1,0,0,14,19,1,1,1,98,1,1
37,370919,1,1,1,1,10,22,34,42,0,1,0,37,2,20,22,20022,4,2007,1G1AK58F8771,1,G,1,A,K,5,8,F,8,7,7,1,0,P,CHEV,BLS,4D,7,17,3216,,0,1033,,G,,0,0,000000000,00000000000,0,0,0,1,0,0,0,0,0,0,0,54,0,0,0,9,9,6,2,42,0,0,0,1,37,27406,6,1,0,0,3,0,74,999,0,4,0,0,0,6,2008,8,2010,1,0,0,0,0,1,2,25,1,3,2,1,0,0,1,13,1,1,4,1,1,1
37,370920,1,1,2,17,10,20,4,42,0,1,0,37,2,30,46,30046,4,2000,WVWMA23B0YP3,W,V,W,M,A,2,3,B,0,Y,P,3,0,P,VOLK,PGS,4D,0,17,2956,,0,1066,,G,,0,0,000000000,00000000000,0,0,0,1,0,0,0,0,0,0,0,80,0,0,0,9,9,6,2,42,0,0,0,1,37,27260,1,1,0,0,2,0,65,999,0,5,0,0,4,1,2008,8,2010,1,0,0,0,0,2,4,55,1,1,2,1,0,0,1,13,1,1,4,1,1,1
37,370921,1,1,1,22,10,13,13,42,0,1,0,37,2,22,18,22018,4,2000,1G2NF52EXYC5,1,G,2,N,F,5,2,E,X,Y,C,5,0,P,PONT,SE1,4D,0,17,3116,,0,1070,,G,,0,0,000000000,00000000000,0,0,0,1,0,0,0,0,0,0,0,65,0,0,0,3,3,6,2,42,0,0,0,1,37,28128,6,1,0,0,3,3,65,999,0,0,0,0,0,0,0,0,0,1,58,0,0,0,1,2,55,1,1,2,1,0,0,1,12,1,1,4,6,1,0
37,370922,1,1,2,6,10,13,51,42,0,1,0,37,2,37,32,37032,4,2001,1HGCG16511A0,1,H,G,C,G,1,6,5,1,1,A,0,0,P,HOND,UEX,4D,1,17,3329,,0,1069,,G,,0,0,000000000,00000000000,0,0,0,1,0,0,0,0,0,0,0,70,0,0,0,3,3,6,2,42,0,0,0,1,37,27371,6,1,0,0,3,0,67,999,1,0,0,0,0,1,2009,1,2009,1,58,0,0,0,1,2,35,2,1,2,1,0,0,14,12,1,1,4,6,1,0
37,370923,1,2,1,7,10,9,12,12,6,1,0,37,1,63,33,63033,4,2005,KNAFE1210551,K,N,A,F,E,1,2,1,0,5,5,1,0,P,KIA,SLE,4D,5,17,2701,,0,1028,,G,,0,0,000000000,00000000000,0,0,0,1,0,0,0,0,0,0,0,40,0,0,0,12,12,6,2,12,0,0,0,1,37,28403,6,1,0,0,3,0,63,999,0,0,0,0,0,0,0,0,0,0,39,0,0,0,1,4,45,1,1,2,1,3,3,1,17,1,1,1,88,0,0
37,370923,2,2,3,7,10,9,12,12,6,1,0,37,1,18,4,18004,4,1992,1G4BT5374NR4,1,G,4,B,T,5,3,7,4,N,R,4,0,P,BUIC,RDL,4D,92,17,4113,,0,1159,,G,,0,0,000000000,00000000000,0,0,0,1,0,0,0,0,0,0,0,10,0,0,0,9,9,6,2,12,0,0,0,1,37,28412,6,1,0,0,3,3,67,999,0,0,0,0,0,0,0,0,0,0,0,0,0,0,1,2,25,1,1,2,1,3,3,1,66,1,1,1,89,1,0
37,370924,1,1,5,23,10,1,5,32,0,1,0,18,2,12,18,12018,3,1994,1ZVLT20A4R51,1,Z,V,L,T,2,0,A,4,R,5,1,0,P,FORD,PBS,2H,94,17,2690,,0,1028,,G,,0,0,000000000,00000000000,0,0,0,1,0,0,0,0,0,0,0,75,0,1,1,81,81,6,2,1,0,0,0,1,37,27574,6,1,0,0,3,0,68,999,0,2,0,0,4,2,2008,2,2010,1,36,0,0,0,1,2,55,4,1,2,1,0,0,14,12,1,1,4,6,1,1
37,370925,1,2,1,6,10,17,56,12,6,1,0,37,1,23,471,23471,30,2000,1GTCS19W7Y82,1,G,T,C,S,1,9,W,7,Y,8,2,0,T,GMC,SON,PC,0,17,,1,0,1229,SON,G,,0,0,000000000,00000000000,0,0,0,1,0,0,0,0,0,0,0,10,0,0,0,5,5,6,2,12,0,0,0,1,37,27205,6,1,0,0,3,3,69,999,0,0,0,0,1,3,2010,3,2010,0,48,0,0,0,1,2,35,1,1,2,1,0,0,11,15,1,1,2,68,0,0
37,370925,2,2,1,6,10,17,56,12,6,1,0,37,1,76,706,76706,80,2007,JYARN20E87A0,J,Y,A,R,N,2,0,E,8,7,A,0,0,M,YAMA,YFR,RS,7,17,,,,,,,998,0,0,000000000,00000000000,0,0,0,1,0,0,0,0,0,0,0,60,0,0,0,12,12,6,2,12,0,0,0,1,37,27205,6,1,6,0,3,3,70,999,1,0,0,0,0,11,2007,11,2007,1,0,0,0,0,1,2,35,1,1,2,1,0,0,1,66,3,1,1,69,1,1
37,370926,1,1,5,24,10,18,15,32,0,1,0,37,1,20,37,20037,4,2006,1G1ZT51816F1,1,G,1,Z,T,5,1,8,1,6,F,1,0,P,CHEV,MLT,4D,6,17,3316,,0,1063,,G,,0,0,000000000,00000000000,0,0,0,1,0,0,0,0,0,0,0,55,0,1,5,12,12,6,2,32,0,0,0,1,37,28447,1,1,0,0,2,0,67,999,0,3,0,3,0,1,2008,7,2010,0,36,0,0,0,1,2,55,1,1,2,1,0,0,1,13,1,1,4,1,1,0
37,370927,1,1,1,7,10,6,37,8,0,1,0,37,1,22,20,22020,4,2003,1G2WK52J43F1,1,G,2,W,K,5,2,J,4,3,F,1,0,P,PONT,GFS,4D,3,17,3384,,0,1105,,G,,0,0,000000000,00000000000,0,0,0,1,0,0,0,0,0,0,0,55,0,0,0,12,12,6,2,8,0,0,0,1,37,28352,6,1,0,0,3,0,66,999,0,0,0,0,0,0,0,0,0,0,0,0,0,0,1,2,55,1,2,2,1,0,0,1,80,1,1,1,13,0,0
37,370928,1,2,1,9,10,19,56,12,6,1,0,37,2,12,17,12017,4,1998,1FAFP52U4WG1,1,F,A,F,P,5,2,U,4,W,G,1,0,P,FORD,TLS,4D,98,17,3359,,0,1085,,G,,0,0,000000000,00000000000,0,0,0,1,0,0,0,0,0,0,0,45,0,0,0,9,9,6,2,12,0,0,0,1,37,27610,6,1,0,0,3,3,67,999,0,0,0,0,0,0,0,0,0,0,39,0,0,0,1,4,45,1,1,2,1,20,3,1,17,1,1,1,89,1,0
37,370928,2,2,2,9,10,19,56,12,6,1,0,37,1,12,401,12401,14,1998,1FMZU34E1WUB,1,F,M,Z,U,3,4,E,1,W,U,B,0,P,FORD,EPR,UT,98,17,4146,,0,1115,,G,,0,0,000000000,00000000000,0,0,0,1,0,0,0,0,0,0,0,45,0,0,0,12,12,6,2,12,0,0,0,1,37,27610,1,1,0,0,2,0,67,999,0,1,0,0,0,10,2010,10,2010,0,0,0,0,0,1,4,45,1,1,2,1,0,0,1,66,1,1,1,88,0,1
37,370929,1,1,3,16,10,22,23,59,0,1,0,37,2,37,32,37032,4,1992,1HGCB7656NA0,1,H,G,C,B,7,6,5,6,N,A,0,0,P,HOND,ALX,4D,92,17,2504,,0,1071,,G,,0,0,000000000,00000000000,0,0,0,1,0,0,0,0,0,0,0,80,0,0,0,12,12,6,2,59,0,0,0,1,37,27587,6,1,0,0,3,0,66,999,2,0,0,2,1,5,2008,11,2009,0,36,0,0,0,3,6,45,1,1,2,1,3,3,1,12,1,1,4,6,1,0