STATE,ST_CASE,VEH_NO,VE_FORMS,NUMOCCS,DAY,MONTH,HOUR,MINUTE,HARM_EV,MAN_COLL,UNITTYPE,HIT_RUN,REG_STAT,OWNER,MAKE,MODEL,MAK_MOD,BODY_TYP,MOD_YEAR,VIN,VIN_1,VIN_2,VIN_3,VIN_4,VIN_5,VIN_6,VIN_7,VIN_8,VIN_9,VIN_10,VIN_11,VIN_12,TOW_VEH,VINTYPE,VINMAKE,VINA_MOD,VIN_BT,VINMODYR,VIN_LNGT,VIN_WGT,WGTCD_TR,WHLBS_LG,WHLBS_SH,SER_TR,FUELCODE,MCYCL_DS,J_KNIFE,MCARR_I1,MCARR_I2,MCARR_ID,GVWR,V_CONFIG,CARGO_BT,HAZ_INV,HAZ_PLAC,HAZ_ID,HAZ_CNO,HAZ_REL,BUS_USE,SPEC_USE,EMER_USE,TRAV_SP,UNDERIDE,ROLLOVER,ROLINLOC,IMPACT1,IMPACT2,DEFORMED,TOWED,M_HARM,VEH_SC1,VEH_SC2,FIRE_EXP,DR_PRES,L_STATE,DR_ZIP,L_STATUS,L_TYPE,CDL_STAT,L_ENDORS,L_COMPL,L_RESTRI,DR_HGT,DR_WGT,PREV_ACC,PREV_SUS,PREV_DWI,PREV_SPD,PREV_OTH,FIRST_MO,FIRST_YR,LAST_MO,LAST_YR,SPEEDREL,DR_SF1,DR_SF2,DR_SF3,DR_SF4,VTRAFWAY,VNUM_LAN,VSPD_LIM,VALIGN,VPROFILE,VPAVETYP,VSURCOND,VTRAFCON,VTCONT_F,P_CRASH1,P_CRASH2,P_CRASH3,PCRASH4,PCRASH5,ACC_TYPE,DEATHS,DR_DRINK
37,370930,1,2,2,17,10,20,51,12,2,1,0,37,2,12,471,12471,30,1995,1FTCR15X4SPA,1,F,T,C,R,1,5,X,4,S,P,A,0,T,FORD,RNS,PS,95,17,,1,0,1250,RNG,G,,0,0,000000000,00000000000,0,0,0,1,0,0,0,0,0,0,0,60,0,1,1,12,12,6,2,12,0,0,0,1,37,28333,0,0,0,0,0,0,999,999,0,0,0,0,0,0,0,0,0,0,28,33,36,0,1,2,45,2,1,2,1,0,0,6,10,1,1,2,50,0,1
37,370930,2,2,2,17,10,20,51,12,2,1,0,37,2,49,442,49442,20,2006,5TDZA22CX6S5,5,T,D,Z,A,2,2,C,X,6,S,5,0,P,TOYT,SIE,SV,6,17,4165,,0,1193,,G,,0,0,000000000,00000000000,0,0,0,1,0,0,0,0,0,0,0,45,0,0,0,12,12,6,2,12,0,0,0,1,37,28365,6,1,0,0,3,0,61,999,0,0,0,0,0,0,0,0,0,0,0,0,0,0,1,2,45,3,1,2,1,0,0,14,62,1,1,1,51,1,0
37,370931,1,1,6,18,10,7,1,1,0,1,0,37,2,20,431,20431,16,1992,1GNFK16K8NJ3,1,G,N,F,K,1,6,K,8,N,J,3,0,P,CHEV,K15,UT,92,17,5169,,0,1315,,G,,0,0,000000000,00000000000,0,0,0,1,0,0,0,0,0,0,0,65,0,2,1,0,0,6,2,1,0,0,0,1,37,28365,0,0,0,0,0,0,999,999,1,0,0,0,1,4,2009,5,2009,1,28,58,0,0,1,2,55,3,2,2,1,0,0,14,6,1,1,2,98,1,0
37,370932,1,1,1,20,10,16,50,53,0,1,0,37,2,7,20,7020,4,2004,1B3ES56C44D6,1,B,3,E,S,5,6,C,4,4,D,6,0,P,DODG,NXT,4D,4,17,2634,,0,1040,,G,,0,0,000000000,00000000000,0,0,0,1,0,0,0,0,0,0,0,60,0,0,0,12,12,6,2,32,0,0,0,1,37,27822,6,1,0,0,3,3,63,999,1,0,0,0,0,5,2009,5,2009,1,0,0,0,0,1,2,45,1,1,2,1,0,0,1,13,1,1,4,1,1,0
37,370933,1,1,1,7,6,13,38,34,0,1,0,37,1,12,481,12481,31,2005,1FTRF14515NB,1,F,T,R,F,1,4,5,1,5,N,B,0,T,FORD,F15,PK,5,17,,2,1450,1260,COF,G,,0,0,000000000,00000000000,0,0,0,1,0,0,0,0,0,0,0,55,0,0,0,12,12,6,2,42,0,0,0,1,37,27565,6,1,0,0,3,3,70,999,0,0,0,0,0,0,0,0,0,0,58,0,0,0,1,2,55,1,1,2,1,0,0,1,13,1,1,4,1,1,0
37,370934,1,3,1,29,7,15,47,12,1,1,0,37,2,18,3,18003,4,2003,1G4CW54K8341,1,G,4,C,W,5,4,K,8,3,4,1,0,P,BUIC,PKA,4D,3,17,3778,,0,1138,,G,,0,0,000000000,00000000000,0,0,0,1,0,0,0,0,0,0,0,0,0,0,0,6,6,2,1,12,0,0,0,1,37,27834,6,1,0,0,3,3,64,999,0,0,0,0,0,0,0,0,0,0,0,0,0,0,2,3,45,1,1,2,2,3,3,5,53,1,1,1,98,0,0
37,370934,2,3,1,29,7,15,47,12,1,1,0,37,1,12,481,12481,31,2001,3FTNX21F71MA,3,F,T,N,X,2,1,F,7,1,M,A,0,T,FORD,F2S,4C,1,17,,2,1580,1418,SRW,D,,0,0,000000000,00000000000,0,0,0,1,0,0,0,0,0,0,0,0,0,0,0,6,6,4,1,12,0,0,0,1,37,28557,6,1,0,0,3,3,75,999,0,0,0,0,0,0,0,0,0,0,0,0,0,0,2,3,45,1,1,2,2,0,0,5,53,1,1,1,21,0,0
37,370934,3,3,1,29,7,15,47,12,1,1,0,37,1,37,32,37032,4,2006,1HGCM66526A0,1,H,G,C,M,6,6,5,2,6,A,0,0,P,HOND,UEX,4D,6,17,3437,,0,1079,,G,,0,0,000000000,00000000000,0,0,0,1,0,0,0,0,0,0,0,30,0,0,0,12,12,6,2,12,0,0,0,1,37,27809,6,1,0,0,3,3,76,999,2,0,0,0,0,8,2008,12,2009,1,0,0,0,0,2,3,45,1,1,2,2,0,0,1,50,1,1,1,20,1,0
37,370935,1,2,2,27,10,14,5,12,6,1,0,37,1,19,3,19003,4,2005,1G6KD54Y75U1,1,G,6,K,D,5,4,Y,7,5,U,1,0,P,CADI,DFW,4D,5,17,3978,,0,1153,,G,,0,0,000000000,00000000000,0,0,0,1,0,0,0,0,0,0,0,15,0,0,0,3,3,6,2,12,0,0,0,1,37,28387,6,1,0,0,3,0,68,999,0,0,0,0,0,0,0,0,0,0,38,0,0,0,2,4,60,1,2,2,1,0,0,11,15,1,1,1,68,2,0
37,370935,2,2,4,27,10,14,5,12,6,1,0,45,2,2,404,2404,14,1999,1J4G258S6XC7,1,J,4,G,2,5,8,S,6,X,C,7,0,T,JEEP,LRO,4W,99,17,,1,0,1059,GCK,G,,0,0,000000000,00000000000,0,0,0,1,0,0,0,0,0,0,0,55,0,0,0,12,12,6,2,12,0,0,0,1,45,29710,6,2,0,0,3,0,62,143,0,0,0,0,0,0,0,0,0,0,0,0,0,0,2,4,60,1,2,2,1,0,0,1,66,1,1,1,69,0,0
37,370936,1,1,3,30,10,17,37,1,0,1,0,37,1,12,471,12471,30,2003,1FTYR10U33PA,1,F,T,Y,R,1,0,U,3,3,P,A,0,T,FORD,RNG,PK,3,17,,1,1175,1116,RNG,G,,0,0,000000000,00000000000,0,0,0,1,0,0,0,0,0,0,0,60,0,2,1,0,61,6,2,1,0,0,0,1,37,27610,6,1,0,0,3,0,70,999,0,0,0,1,0,6,2008,6,2008,1,28,58,0,0,1,2,55,3,1,2,1,0,0,14,13,1,2,6,98,1,0
37,370937,1,3,1,16,10,19,22,12,1,1,0,37,2,72,706,72706,80,1998,1HD4CAM10WY2,1,H,D,4,C,A,M,1,0,W,Y,2,0,M,HD,X88,RS,98,17,,,,,,,883,0,0,000000000,00000000000,0,0,0,1,0,0,0,0,0,0,0,10,0,0,0,6,6,6,2,12,0,0,0,1,37,28630,6,1,0,0,2,0,71,999,0,0,0,0,0,0,0,0,0,0,0,0,0,0,1,2,45,1,2,2,1,0,0,2,18,1,1,1,29,1,0
37,370937,2,3,3,16,10,19,22,12,1,1,0,36,2,20,37,20037,4,2009,1G1ZH57B1942,1,G,1,Z,H,5,7,B,1,9,4,2,0,P,CHEV,ML1,4D,9,17,3436,,0,1123,,G,,0,0,000000000,00000000000,0,0,0,1,0,0,0,0,0,0,0,40,0,0,0,12,12,6,2,12,0,0,0,1,36,14094,6,1,0,0,3,0,64,999,2,0,0,0,0,1,2009,5,2009,0,0,0,0,0,1,2,45,1,2,2,1,0,0,1,52,1,1,1,28,0,0
37,370937,3,3,2,16,10,19,22,12,1,1,0,37,1,7,472,7472,30,2003,1D7HG38XX3S2,1,D,7,H,G,3,8,X,X,3,S,2,0,T,DODG,QSP,CW,3,17,,2,0,1309,DAK,G,,0,0,000000000,00000000000,0,0,0,1,0,0,0,0,0,0,0,45,0,0,0,9,18,2,1,54,0,0,0,1,37,28630,6,1,0,0,3,3,64,999,0,0,0,0,0,0,0,0,0,0,0,0,0,0,1,2,45,1,2,2,1,0,0,1,54,1,1,1,98,0,0
37,370938,1,1,1,27,10,11,13,45,0,1,0,12,3,82,881,82881,66,1997,1FUYSXYBXVL8,1,F,U,Y,S,X,Y,B,X,V,L,8,1,T,FRHT,FC2,DS,97,17,,8,0,0,CON,D,,1,57,191032,57191032,3,6,1,1,0,0,0,0,0,0,0,65,0,0,0,11,62,6,2,45,0,0,0,1,12,33971,6,1,6,9,3,3,70,999,0,0,0,3,0,3,2008,7,2009,1,0,0,0,0,3,4,65,1,1,2,1,98,3,1,11,1,1,2,15,0,0
37,370939,1,1,1,27,10,11,50,34,0,1,0,37,1,20,471,20471,30,1989,1GCBS14Z9K21,1,G,C,B,S,1,4,Z,9,K,2,1,0,T,CHEV,S14,PK,89,17,,1,1179,1083,S,G,,0,0,000000000,00000000000,0,0,0,1,0,0,0,0,0,0,0,40,0,0,0,12,12,6,2,42,0,0,0,1,37,27295,6,1,0,0,3,3,65,999,1,0,0,0,0,5,2010,5,2010,0,99,99,99,99,1,2,45,3,2,1,1,0,0,14,13,1,1,4,1,1,0
37,370940,1,1,1,31,10,1,26,30,0,1,0,0,0,99,709,99709,81,9999,000000000000,0,0,0,0,0,0,0,0,0,0,0,0,0,U,,,,,17,,,,,,,,0,0,000000000,00000000000,0,0,0,1,0,0,0,0,0,0,0,40,0,0,0,12,12,6,2,30,0,0,0,1,37,27310,1,1,0,0,1,0,70,999,0,4,1,0,2,1,2008,8,2009,0,0,0,0,0,1,2,35,1,1,2,1,0,0,1,13,1,1,4,1,1,1
37,370941,1,2,1,31,10,21,29,12,2,1,0,37,1,7,472,7472,30,1992,1B7FL26XXNS6,1,B,7,F,L,2,6,X,X,N,S,6,0,T,DODG,DAK,PK,92,17,,1,1239,1119,DAK,G,,0,0,000000000,00000000000,0,0,0,1,0,0,0,0,0,0,0,45,0,0,0,12,12,6,2,12,0,0,0,1,37,27405,6,1,0,0,3,0,70,999,0,0,0,0,0,0,0,0,0,0,28,58,0,0,1,2,45,1,1,2,1,0,0,1,10,1,1,2,50,1,1
37,370941,2,2,2,31,10,21,29,12,2,1,0,37,2,49,403,49403,14,2005,JTEDP21A5500,J,T,E,D,P,2,1,A,5,5,0,0,0,P,TOYT,HIG,UT,5,17,3520,,0,1069,,G,,0,0,000000000,00000000000,0,0,0,1,0,0,0,0,0,0,0,45,0,0,0,12,12,6,2,12,0,0,0,1,37,27405,6,1,6,0,3,0,71,999,0,0,0,0,0,0,0,0,0,0,0,0,0,0,1,2,45,1,1,2,1,0,0,1,62,1,1,1,51,0,0
37,370942,1,2,2,31,10,18,14,12,6,1,0,37,2,24,1,24001,4,1994,1G8ZH5590RZ1,1,G,8,Z,H,5,5,9,0,R,Z,1,0,P,STRN,SL1,4D,94,17,2252,,0,1024,,G,,0,0,000000000,00000000000,0,0,0,1,0,0,0,0,0,0,0,55,0,0,0,12,12,6,2,12,0,0,0,1,37,27505,1,1,0,0,2,3,68,999,0,0,0,0,0,0,0,0,0,1,0,0,0,0,1,2,55,1,2,2,1,0,0,1,62,1,1,1,69,1,0
37,370942,2,2,1,31,10,18,14,12,6,1,0,0,0,99,998,99998,92,9999,000000000000,0,0,0,0,0,0,0,0,0,0,0,0,1,U,,,,,17,,,,,,,,1,0,000000000,00000000000,0,0,0,1,0,0,0,0,0,0,0,15,0,0,0,3,3,4,1,12,0,0,0,1,37,27332,6,1,6,0,3,0,73,999,0,0,0,0,0,0,0,0,0,0,0,0,0,0,1,2,55,1,2,2,1,0,0,11,15,1,1,1,68,0,0
37,370943,1,1,1,30,10,19,43,34,0,1,0,37,2,20,16,20016,2,1999,1G1JC1243X72,1,G,1,J,C,1,2,4,3,X,7,2,0,P,CHEV,C/S,CP,99,17,2617,,0,1041,,G,,0,0,000000000,00000000000,0,0,0,1,0,0,0,0,0,0,0,55,0,1,5,12,12,6,2,1,0,0,0,1,37,28555,1,1,0,0,2,0,71,999,0,0,0,0,0,0,0,0,0,0,0,0,0,0,1,2,55,2,1,2,1,0,0,14,12,1,1,4,6,1,1
37,370944,1,1,1,17,10,1,25,8,0,1,0,37,1,49,482,49482,31,2005,5TBDT44125S4,5,T,B,D,T,4,4,1,2,5,S,4,0,T,TOYT,DBS,CW,5,17,,2,0,1283,TUN,G,,0,0,000000000,00000000000,0,0,0,1,0,0,0,0,0,0,0,998,0,0,0,9,9,2,3,8,0,0,0,1,37,28104,6,1,0,0,3,3,66,999,0,0,0,0,0,0,0,0,0,0,0,0,0,0,1,6,55,1,2,2,1,0,0,1,80,1,1,1,13,0,1
37,370945,1,1,1,23,10,0,57,8,0,1,1,37,1,35,47,35047,4,2005,1N4BL11D75C2,1,N,4,B,L,1,1,D,7,5,C,2,0,P,NISS,ASR,4D,5,17,3101,,0,1102,,G,,0,0,000000000,00000000000,0,0,0,1,0,0,0,0,0,0,0,45,0,0,0,14,14,2,1,8,0,0,0,1,37,28270,6,1,0,0,3,3,68,999,1,0,0,0,0,5,2008,5,2008,0,0,0,0,0,2,4,45,1,2,2,1,0,0,1,80,1,1,1,13,0,0
37,370946,1,2,1,8,10,12,45,12,1,1,0,37,1,50,706,50706,80,1998,SMT395DJ9WJ0,S,M,T,3,9,5,D,J,9,W,J,0,0,M,TRIU,THU,RS,98,17,,,,,,,885,0,0,000000000,00000000000,0,0,0,1,0,0,0,0,0,0,0,25,0,0,0,12,12,6,2,12,0,0,0,1,37,28387,6,1,0,0,3,3,69,999,0,0,0,0,1,4,2009,4,2009,1,0,0,0,0,1,2,35,1,1,2,1,0,0,1,50,1,1,1,20,1,0
37,370946,2,2,1,8,10,12,45,12,1,1,0,37,2,37,32,37032,4,1997,JHMCD5639VC0,J,H,M,C,D,5,6,3,9,V,C,0,0,P,HOND,ULE,4D,97,17,2864,,0,1069,,G,,0,0,000000000,00000000000,0,0,0,1,0,0,0,0,0,0,0,0,0,0,0,6,6,2,1,12,0,0,0,1,37,28327,6,1,0,0,3,0,68,999,1,1,0,0,2,1,2010,7,2010,0,0,0,0,0,1,2,35,1,1,2,1,0,0,5,18,1,1,1,21,0,0
37,370947,1,1,2,29,10,17,15,9,0,1,0,37,1,37,32,37032,4,1999,1HGCG5641XA0,1,H,G,C,G,5,6,4,1,X,A,0,0,P,HOND,ULX,4D,99,17,3053,,0,1069,,G,,0,0,000000000,00000000000,0,0,0,1,0,0,0,0,0,0,0,55,0,0,0,12,12,6,2,9,0,0,0,1,37,27856,6,1,0,0,3,3,71,999,1,0,0,0,0,4,2008,4,2008,1,0,0,0,0,1,2,55,3,2,2,1,0,0,14,83,1,1,1,13,0,0
37,370948,1,1,2,28,10,5,30,34,0,1,0,37,1,23,401,23401,14,2001,1GKCS18W91K1,1,G,K,C,S,1,8,W,9,1,K,1,0,T,GMC,JMY,2W,1,17,,1,0,1005,JMY,G,,0,0,000000000,00000000000,0,0,0,1,0,0,0,0,0,0,0,70,0,1,5,5,61,6,2,1,0,0,0,1,37,28445,1,1,0,0,2,0,63,999,0,4,4,0,4,5,2008,4,2010,0,58,0,0,0,1,2,55,3,1,2,2,0,0,14,13,1,4,4,2,1,1
37,370949,1,1,2,23,10,3,9,42,0,1,0,37,2,19,14,19014,4,1998,1G6KY5495WU9,1,G,6,K,Y,5,4,9,5,W,U,9,0,P,CADI,STS,4D,98,17,3922,,0,1122,,G,,0,0,000000000,00000000000,0,0,0,1,0,0,0,0,0,0,0,70,0,0,0,9,9,6,2,42,0,0,0,1,37,28464,6,1,0,0,3,0,73,999,0,0,0,0,2,4,2008,12,2008,0,36,0,0,0,6,2,45,1,2,2,1,0,0,10,12,1,2,4,7,1,1
37,370950,1,1,2,13,10,11,38,19,0,1,0,37,2,35,39,35039,4,1996,JN1CA21D4TT1,J,N,1,C,A,2,1,D,4,T,T,1,0,P,NISS,MGS,4D,96,17,2886,,0,1063,,G,,0,0,000000000,00000000000,0,0,0,1,0,0,0,0,0,0,0,90,0,0,0,12,12,6,2,19,0,0,0,1,37,27851,6,1,0,0,3,0,73,999,1,0,0,0,0,11,2008,11,2008,1,36,0,0,0,1,2,55,1,1,2,1,0,0,1,13,1,1,4,1,1,0
37,370951,1,1,1,23,10,22,23,8,0,1,1,37,2,12,401,12401,14,1997,1FMDU35P1VUA,1,F,M,D,U,3,5,P,1,V,U,A,0,P,FORD,EPR,UT,97,17,4166,,0,1115,,G,,0,0,000000000,00000000000,0,0,0,1,0,0,0,0,0,0,0,50,0,0,0,1,1,2,1,8,0,0,0,1,37,27203,1,1,0,0,2,0,64,999,0,2,0,0,0,5,2008,3,2009,1,36,0,0,0,1,2,35,1,1,2,2,0,0,1,80,1,1,1,13,0,1
37,370952,1,1,1,29,10,9,8,34,0,1,0,37,2,53,706,53706,80,2000,JS1VT52A2Y21,J,S,1,V,T,5,2,A,2,Y,2,1,0,M,SUZI,TLR,RS,0,17,,,,,,,996,0,0,000000000,00000000000,0,0,0,1,0,0,0,0,0,0,0,80,0,0,0,12,12,6,2,32,0,0,0,1,37,28386,6,1,0,0,2,0,68,999,1,2,0,2,1,3,2008,2,2010,1,0,0,0,0,1,2,55,4,1,2,1,0,0,14,13,1,1,4,1,1,0
37,370953,1,1,7,24,10,2,53,1,0,1,0,37,2,7,422,7422,15,2004,1D4HD48N74F1,1,D,4,H,D,4,8,N,7,4,F,1,0,P,DODG,DUR,UT,4,17,4648,,0,1192,,G,,0,0,000000000,00000000000,0,0,0,1,0,0,0,0,0,0,0,80,0,1,5,0,0,6,2,1,0,0,0,1,37,27455,1,1,0,0,2,0,71,999,1,5,2,1,2,9,2008,4,2010,1,36,0,0,0,1,2,40,3,2,2,1,0,0,14,13,1,1,4,98,1,1
37,370954,1,2,1,31,10,7,13,12,8,1,0,37,2,37,31,37031,2,2004,1HGEM22934L0,1,H,G,E,M,2,2,9,3,4,L,0,0,P,HOND,UAX,CP,4,17,0,,0,1031,,G,,0,0,000000000,00000000000,0,0,0,1,0,0,0,0,0,0,0,45,0,0,0,11,11,6,2,12,0,0,0,1,37,27013,6,1,0,0,3,3,68,999,0,0,0,0,1,4,2010,4,2010,0,28,0,0,0,1,4,45,2,1,2,1,0,0,14,10,1,1,2,64,1,0
37,370954,2,2,1,31,10,7,13,12,8,1,0,37,3,51,881,51881,66,2009,4V4NC9EG39N2,4,V,4,N,C,9,E,G,3,9,N,2,1,T,VOLV,VNL,DS,9,17,,8,0,0,VVN,D,,1,77,777777777,77777777777,3,6,1,1,0,0,0,0,0,0,0,45,0,0,0,7,7,4,1,12,0,0,0,1,37,28023,6,1,6,0,3,0,67,999,0,0,0,0,0,0,0,0,0,0,0,0,0,0,1,4,45,3,1,2,1,0,0,14,62,1,1,1,65,0,0
37,370955,1,2,2,24,10,0,3,12,2,1,0,37,2,7,482,7482,31,2004,3D7KU28D24G1,3,D,7,K,U,2,8,D,2,4,G,1,0,T,DODG,SQ2,CW,4,17,,2,1605,1405,RPC,G,,0,0,000000000,00000000000,0,0,0,1,0,0,0,0,0,0,0,65,0,0,0,12,12,6,2,12,0,0,0,1,37,28110,1,1,0,0,2,0,73,999,0,2,0,0,0,5,2008,5,2008,1,28,36,0,0,1,2,45,2,2,2,1,0,0,14,54,1,1,2,50,0,1
37,370955,2,2,1,24,10,0,3,12,2,1,0,45,1,49,472,49472,30,1999,4TAPM62N7XZ4,4,T,A,P,M,6,2,N,7,X,Z,4,0,T,TOYT,REG,PK,99,17,,1,0,1033,TAC,G,,0,0,000000000,00000000000,0,0,0,1,0,0,0,0,0,0,0,45,0,0,0,12,12,6,2,12,0,0,0,1,45,29714,6,1,0,0,3,3,76,195,0,0,0,0,0,0,0,0,0,0,0,0,0,0,1,2,45,3,2,2,1,0,0,14,62,1,1,1,51,1,0
37,370956,1,2,1,30,10,11,50,12,2,1,0,37,2,2,405,2405,14,2007,1J4GK48K17W7,1,J,4,G,K,4,8,K,1,7,W,7,0,T,JEEP,SPR,4W,7,17,,1,0,1043,LIB,G,,0,0,000000000,00000000000,0,0,0,1,0,0,0,0,0,0,0,55,0,0,0,12,12,6,2,12,0,0,0,1,37,28027,6,1,0,0,3,0,68,999,0,0,0,0,0,0,0,0,0,0,28,0,0,0,1,2,55,1,1,2,1,0,0,1,54,1,1,2,50,0,0
37,370956,2,2,1,30,10,11,50,12,2,1,0,37,1,12,3,12003,2,2002,1FAFP42X32F1,1,F,A,F,P,4,2,X,3,2,F,1,0,P,FORD,MGT,CP,2,17,3241,,0,1013,,G,,0,0,000000000,00000000000,0,0,0,1,0,0,0,0,0,0,0,55,0,0,0,12,12,6,2,12,0,0,0,1,37,28269,6,1,0,0,3,3,75,999,1,0,0,1,1,11,2007,7,2010,0,0,0,0,0,1,2,55,1,1,2,1,0,0,1,62,1,1,1,51,1,0
37,370957,1,2,1,17,10,12,14,12,6,1,0,37,1,7,43,7043,4,2005,1B3EL46X85N6,1,B,3,E,L,4,6,X,8,5,N,6,0,P,DODG,SRX,4D,5,17,3093,,0,1080,,G,,0,0,000000000,00000000000,0,0,0,1,0,0,0,0,0,0,0,45,0,0,0,12,12,6,2,12,0,0,0,1,37,27529,6,1,0,0,3,3,76,999,0,1,0,0,1,5,2008,9,2008,0,39,0,0,0,2,8,45,1,1,2,1,3,3,1,17,1,1,1,86,1,0
37,370957,2,2,1,17,10,12,14,12,6,1,0,37,2,13,1,13001,4,2001,1LNHM81W31Y6,1,L,N,H,M,8,1,W,3,1,Y,6,0,P,LINC,EXC,4D,1,17,4057,,0,1177,,G,,0,0,000000000,00000000000,0,0,0,1,0,0,0,0,0,0,0,35,0,0,0,3,2,6,2,12,0,0,0,1,37,27520,6,1,0,0,3,0,62,999,1,0,0,0,0,12,2009,12,2009,0,0,0,0,0,2,8,35,1,1,2,1,3,3,1,17,1,1,1,87,0,0
37,370958,1,1,1,21,10,16,20,34,0,1,0,37,2,30,40,30040,4,2011,3VWDX7AJ9BM3,3,V,W,D,X,7,A,J,9,B,M,3,0,P,VOLK,JSA,4D,11,17,3082,,0,0,,G,,0,0,000000000,00000000000,0,0,0,1,0,0,0,0,0,0,0,55,0,0,0,12,12,6,2,42,0,0,0,1,37,27530,6,1,0,0,3,3,71,999,0,0,0,1,2,7,2008,6,2009,0,99,99,99,99,1,2,55,3,1,2,1,0,0,14,13,1,1,4,1,1,0
37,370959,1,1,1,1,11,5,1,8,0,1,0,37,1,49,471,49471,30,1994,4TARN01PXRZ2,4,T,A,R,N,0,1,P,X,R,Z,2,0,T,TOYT,SDX,PK,94,17,,1,0,1030,HTP,G,,0,0,000000000,00000000000,0,0,0,1,0,0,0,0,0,0,0,45,0,0,0,12,12,4,1,8,0,0,0,1,37,28636,6,1,6,0,3,0,66,999,0,0,0,0,0,0,0,0,0,0,85,0,0,0,1,2,45,1,1,2,1,0,0,1,80,6,1,2,13,0,0
37,370960,1,1,2,6,11,2,42,34,0,1,0,37,1,49,472,49472,30,1999,4TASN92NXXZ4,4,T,A,S,N,9,2,N,X,X,Z,4,0,T,TOYT,XPR,PC,99,17,,1,0,1219,TAC,G,,0,0,000000000,00000000000,0,0,0,1,0,0,0,0,0,0,0,55,0,1,5,12,12,6,2,1,0,0,0,1,37,28524,6,1,0,0,3,3,79,999,0,0,0,0,0,0,0,0,0,0,0,0,0,0,1,2,55,1,1,2,1,0,0,1,13,1,1,4,1,1,1
37,370961,1,1,1,1,11,7,22,25,0,1,0,37,2,12,481,12481,31,1998,1FTRF1768WNA,1,F,T,R,F,1,7,6,8,W,N,A,0,T,FORD,F15,PK,98,17,,2,1390,1200,COF,G,,0,0,000000000,00000000000,0,0,0,1,0,0,0,0,0,0,0,65,0,1,3,12,12,6,2,1,0,0,0,1,37,27107,6,1,0,0,3,0,61,999,0,0,0,0,4,12,2008,6,2010,0,0,0,0,0,3,6,65,3,1,2,1,0,0,14,13,1,1,4,6,1,0
37,370962,1,2,1,3,11,20,32,12,6,1,0,37,1,12,33,12033,3,1988,KNJBT07K1J61,K,N,J,B,T,0,7,K,1,J,6,1,0,P,FORD,FLX,2H,88,17,1750,,0,902,,G,,0,0,000000000,00000000000,0,0,0,1,0,0,0,0,0,0,0,10,0,0,0,9,9,6,2,12,0,0,0,1,37,28086,6,1,0,0,3,3,72,999,0,0,0,0,1,3,2010,3,2010,0,38,0,0,0,1,2,45,1,1,2,2,20,3,4,17,1,1,1,89,1,0
37,370962,2,2,1,3,11,20,32,12,6,1,0,37,1,12,471,12471,30,1994,1FTCR10U5RUC,1,F,T,C,R,1,0,U,5,R,U,C,0,T,FORD,RNG,PK,94,17,,1,1140,1080,RNG,G,,0,0,000000000,00000000000,0,0,0,1,0,0,0,0,0,0,0,40,0,0,0,12,12,6,2,12,0,0,0,1,37,28034,6,1,0,0,3,0,60,999,0,0,0,0,0,0,0,0,0,0,0,0,0,0,1,2,45,1,1,2,2,0,0,1,54,1,1,1,88,0,0
37,370963,1,1,2,5,11,7,15,11,0,1,0,37,2,52,40,52040,4,1997,6MMAP37P0VT0,6,M,M,A,P,3,7,P,0,V,T,0,0,P,MITS,DES,4P,97,17,3363,,0,1071,,G,,0,0,000000000,00000000000,0,0,0,1,0,0,0,0,0,0,0,55,0,1,5,12,12,6,2,3,0,0,0,1,37,27525,6,1,0,0,3,0,71,999,0,0,0,0,0,0,0,0,0,0,83,0,0,0,1,2,55,1,2,2,2,0,0,1,87,6,1,1,13,1,0
37,370964,1,1,2,3,11,17,55,53,0,1,0,37,1,6,42,6042,4,1997,2C3HC56F5VH6,2,C,3,H,C,5,6,F,5,V,H,6,0,P,CHRY,LHS,4D,97,17,3527,,0,1130,,G,,0,0,000000000,00000000000,0,0,0,1,0,0,0,0,0,0,0,55,0,1,5,11,13,6,2,42,0,0,0,1,37,27874,6,1,0,0,3,0,75,999,0,0,0,1,1,1,2009,1,2009,0,0,0,0,0,1,2,55,2,1,2,1,0,0,14,10,1,1,4,6,1,1
37,370965,1,2,1,4,11,10,8,12,6,1,0,37,1,48,34,48034,6,1996,4S3BK4353T63,4,S,3,B,K,4,3,5,3,T,6,3,0,P,SUBA,ULW,SW,96,17,2915,,0,1035,,G,,0,0,000000000,00000000000,0,0,0,1,0,0,0,0,0,0,0,45,0,0,0,10,10,6,2,12,0,0,0,1,37,28805,6,1,0,0,3,0,64,999,0,0,0,0,0,0,0,0,0,1,36,0,0,0,1,2,45,1,1,2,2,0,0,1,6,1,1,2,64,1,0
37,370965,2,2,1,4,11,10,8,12,6,1,0,37,1,12,481,12481,31,1995,1FTEX14H3SKB,1,F,T,E,X,1,4,H,3,S,K,B,0,T,FORD,F15,PS,95,17,,2,1550,1390,COF,G,,0,0,000000000,00000000000,0,0,0,1,0,0,0,0,0,0,0,45,0,0,0,12,12,6,2,12,0,0,0,1,37,28759,6,1,0,0,3,0,62,999,0,0,0,0,0,0,0,0,0,0,0,0,0,0,1,2,45,1,1,2,2,0,0,1,62,1,1,1,65,0,0