STATE,ST_CASE,VEH_NO,VE_FORMS,NUMOCCS,DAY,MONTH,HOUR,MINUTE,HARM_EV,MAN_COLL,UNITTYPE,HIT_RUN,REG_STAT,OWNER,MAKE,MODEL,MAK_MOD,BODY_TYP,MOD_YEAR,VIN,VIN_1,VIN_2,VIN_3,VIN_4,VIN_5,VIN_6,VIN_7,VIN_8,VIN_9,VIN_10,VIN_11,VIN_12,TOW_VEH,VINTYPE,VINMAKE,VINA_MOD,VIN_BT,VINMODYR,VIN_LNGT,VIN_WGT,WGTCD_TR,WHLBS_LG,WHLBS_SH,SER_TR,FUELCODE,MCYCL_DS,J_KNIFE,MCARR_I1,MCARR_I2,MCARR_ID,GVWR,V_CONFIG,CARGO_BT,HAZ_INV,HAZ_PLAC,HAZ_ID,HAZ_CNO,HAZ_REL,BUS_USE,SPEC_USE,EMER_USE,TRAV_SP,UNDERIDE,ROLLOVER,ROLINLOC,IMPACT1,IMPACT2,DEFORMED,TOWED,M_HARM,VEH_SC1,VEH_SC2,FIRE_EXP,DR_PRES,L_STATE,DR_ZIP,L_STATUS,L_TYPE,CDL_STAT,L_ENDORS,L_COMPL,L_RESTRI,DR_HGT,DR_WGT,PREV_ACC,PREV_SUS,PREV_DWI,PREV_SPD,PREV_OTH,FIRST_MO,FIRST_YR,LAST_MO,LAST_YR,SPEEDREL,DR_SF1,DR_SF2,DR_SF3,DR_SF4,VTRAFWAY,VNUM_LAN,VSPD_LIM,VALIGN,VPROFILE,VPAVETYP,VSURCOND,VTRAFCON,VTCONT_F,P_CRASH1,P_CRASH2,P_CRASH3,PCRASH4,PCRASH5,ACC_TYPE,DEATHS,DR_DRINK
37,370997,1,3,1,6,11,22,59,8,0,1,0,36,1,23,481,23481,31,2009,2GTEK19C3911,2,G,T,E,K,1,9,C,3,9,1,1,0,T,GMC,SK1,4C,9,17,,2,1575,1339,SIE,G,,0,0,000000000,00000000000,0,0,0,1,0,0,0,0,0,0,0,45,0,0,0,12,12,4,1,8,0,0,0,1,36,13209,6,1,6,0,3,0,72,999,0,0,0,0,0,0,0,0,0,0,0,0,0,0,2,6,50,1,1,2,1,0,0,1,80,1,1,1,13,0,0
37,370997,2,3,3,6,11,22,59,8,0,1,0,37,1,12,37,12037,6,2003,1FAFP36393W1,1,F,A,F,P,3,6,3,9,3,W,1,0,P,FORD,FST,SW,3,17,2564,,0,1030,,G,,0,0,000000000,00000000000,0,0,0,1,0,0,0,0,0,0,0,50,0,0,0,6,6,4,1,12,0,0,0,1,37,28602,6,1,0,0,3,0,68,999,1,0,0,0,0,3,2009,3,2009,0,0,0,0,0,2,6,50,1,1,2,1,0,0,2,53,1,1,1,98,0,0
37,370997,3,3,1,6,11,22,59,8,0,1,0,37,2,30,40,30040,4,2001,3VWSP69M71M1,3,V,W,S,P,6,9,M,7,1,M,1,0,P,VOLK,JSI,4D,1,17,2910,,0,989,,D,,0,0,000000000,00000000000,0,0,0,1,0,0,0,0,0,0,0,50,0,0,0,12,12,6,2,12,0,0,0,1,37,28027,6,1,0,0,3,3,65,999,0,0,0,0,0,0,0,0,0,1,0,0,0,0,2,6,50,1,1,2,1,0,0,1,52,1,1,1,98,0,0
37,370998,1,1,3,6,11,19,48,42,0,1,0,37,2,37,32,37032,4,1997,1HGCD5639VA0,1,H,G,C,D,5,6,3,9,V,A,0,0,P,HOND,ULE,4D,97,17,2864,,0,1069,,G,,0,0,000000000,00000000000,0,0,0,1,0,0,0,0,0,0,0,80,0,1,5,12,13,6,2,42,0,0,0,1,37,28025,0,0,0,0,0,0,999,999,0,0,0,0,0,0,0,0,0,1,36,0,0,0,1,2,45,3,2,2,1,0,0,14,13,1,1,4,1,2,1
37,370999,1,2,1,16,11,10,41,12,6,1,0,37,1,7,18,7018,4,1991,1B3XC56R6MD1,1,B,3,X,C,5,6,R,6,M,D,1,0,P,DODG,DLE,4D,91,17,3003,,0,1045,,G,,0,0,000000000,00000000000,0,0,0,1,0,0,0,0,0,0,0,5,0,0,0,9,9,6,2,12,0,0,0,1,37,28083,6,1,0,0,3,3,67,999,0,0,0,0,0,0,0,0,0,0,38,0,0,0,1,2,45,1,1,2,2,20,3,1,19,1,1,1,89,1,0
37,370999,2,2,1,16,11,10,41,12,6,1,0,37,1,20,481,20481,31,2000,1GCEC14VXYZ2,1,G,C,E,C,1,4,V,X,Y,Z,2,0,T,CHEV,SC1,PK,0,17,,2,1330,1190,SIL,G,,0,0,000000000,00000000000,0,0,0,1,0,0,0,0,0,0,0,35,0,0,0,12,12,6,2,12,0,0,0,1,37,28023,6,1,0,0,3,0,71,999,0,0,0,0,0,0,0,0,0,0,0,0,0,0,1,4,45,1,1,2,2,0,0,1,66,1,1,1,88,0,0
37,371000,1,1,1,12,11,7,15,8,0,1,0,37,1,12,471,12471,30,2003,1FTYR10UX3TA,1,F,T,Y,R,1,0,U,X,3,T,A,0,T,FORD,RNG,PK,3,17,,1,1175,1116,RNG,G,,0,0,000000000,00000000000,0,0,0,1,0,0,0,0,0,0,0,55,0,0,0,12,12,4,1,8,0,0,0,1,37,28516,6,1,0,0,3,0,74,999,0,0,0,0,0,0,0,0,0,0,0,0,0,0,1,2,55,1,1,2,1,0,0,1,80,1,1,1,13,0,0
37,371001,1,1,1,17,11,16,51,1,0,1,0,37,2,52,401,52401,14,1999,JA4LS31HXXP0,J,A,4,L,S,3,1,H,X,X,P,0,0,P,MITS,MNS,UT,99,17,3755,,0,1073,,G,,0,0,000000000,00000000000,0,0,0,1,0,0,0,0,0,0,0,65,0,2,1,0,9,6,2,1,0,0,0,1,37,28609,6,1,0,0,3,0,57,999,1,0,0,0,1,12,2007,7,2010,0,28,58,0,0,3,4,65,1,1,2,1,0,0,1,13,1,1,1,98,1,0
37,371002,1,1,1,16,11,23,8,42,0,1,0,37,1,6,441,6441,20,2007,2A4GP44R77R3,2,A,4,G,P,4,4,R,7,7,R,3,0,P,CHRY,TWC,SV,7,17,4163,,0,1193,,G,,0,0,000000000,00000000000,0,0,0,1,0,0,0,0,0,0,0,55,0,0,0,12,12,6,2,42,0,0,0,1,37,27501,6,1,0,0,3,3,74,999,0,0,0,0,0,0,0,0,0,0,29,51,0,0,2,4,55,1,1,2,3,0,0,1,12,1,1,4,6,1,0
37,371003,1,1,1,15,11,11,29,53,0,1,0,37,1,12,461,12461,21,1995,1FTHE24Y9SHA,1,F,T,H,E,2,4,Y,9,S,H,A,0,T,FORD,25V,CG,95,17,,2,0,1380,VAN,G,,0,0,000000000,00000000000,0,0,0,1,0,0,0,0,0,0,0,50,0,1,5,12,12,6,2,1,0,0,0,1,37,28735,6,1,0,0,3,3,71,999,0,0,0,0,0,0,0,0,0,1,0,0,0,0,1,2,45,1,2,2,2,0,0,1,12,1,1,4,6,1,0
37,371004,1,1,1,10,11,10,8,8,0,1,0,37,2,49,403,49403,14,2002,JTEGF21A0200,J,T,E,G,F,2,1,A,0,2,0,0,0,P,TOYT,HIG,UT,2,17,3660,,0,1069,,G,,0,0,000000000,00000000000,0,0,0,1,0,0,0,0,0,0,0,55,0,0,0,12,12,6,2,8,0,0,0,1,37,28152,6,1,0,0,3,3,68,999,1,0,0,0,0,3,2009,3,2009,0,0,0,0,0,3,4,55,1,1,2,1,0,0,1,80,1,1,1,13,0,0
37,371005,1,1,3,16,11,6,3,38,0,1,0,37,2,12,401,12401,14,1999,1FMZU32E3XUA,1,F,M,Z,U,3,2,E,3,X,U,A,0,P,FORD,EPR,UT,99,17,3891,,0,1116,,G,,0,0,000000000,00000000000,0,0,0,1,0,0,0,0,0,0,0,65,0,1,5,3,5,6,2,1,0,0,0,1,37,28150,0,0,0,0,0,0,999,999,0,0,0,0,0,0,0,0,0,1,58,0,0,0,1,2,45,2,1,2,2,0,0,14,12,1,1,4,6,1,0
37,371006,1,2,1,20,11,17,50,12,2,1,0,37,2,37,32,37032,2,2005,1HGCM72725A0,1,H,G,C,M,7,2,7,2,5,A,0,0,P,HOND,UEX,CP,5,17,3124,,0,1051,,G,,0,0,000000000,00000000000,0,0,0,1,0,0,0,0,0,0,0,75,0,0,0,12,12,6,2,12,0,0,0,1,37,28442,6,1,0,0,3,3,67,999,0,0,0,0,1,10,2010,10,2010,1,28,0,0,0,1,2,55,3,1,2,1,0,0,14,10,1,1,2,50,1,1
37,371006,2,2,1,20,11,17,50,12,2,1,0,37,2,20,403,20403,14,2005,1GNDT13S1522,1,G,N,D,T,1,3,S,1,5,2,2,0,P,CHEV,TRL,UT,5,17,4612,,0,1130,,G,,0,0,000000000,00000000000,0,0,0,1,0,0,0,0,0,0,0,55,0,0,0,12,12,6,2,12,0,0,0,1,37,28450,6,1,0,0,3,0,66,999,0,0,0,0,0,0,0,0,0,0,0,0,0,0,1,2,55,2,1,2,1,0,0,14,62,1,1,1,51,0,0
37,371007,1,2,1,12,11,15,36,12,6,1,0,37,1,48,401,48401,14,2000,JF1SF6554YG7,J,F,1,S,F,6,5,5,4,Y,G,7,0,P,SUBA,FOR,UT,0,17,3125,,0,994,,G,,0,0,000000000,00000000000,0,0,0,1,0,0,0,0,0,0,0,55,0,1,5,3,3,6,2,12,0,0,0,1,37,27284,6,1,0,0,3,0,65,999,0,0,0,0,0,0,0,0,0,0,28,58,0,0,1,2,55,1,3,2,1,0,0,1,10,1,1,2,64,1,0
37,371007,2,2,2,12,11,15,36,12,6,1,0,37,3,20,461,20461,21,2007,1GBHG31U9711,1,G,B,H,G,3,1,U,9,7,1,1,0,T,CHEV,CT3,MY,7,17,,2,1770,1390,ETV,G,,0,88,888888888,88888888888,1,21,22,1,0,0,0,0,1,2,0,45,0,0,0,12,12,6,2,12,0,0,0,1,37,28690,6,1,0,0,3,3,65,999,0,0,0,0,0,0,0,0,0,0,0,0,0,0,1,2,45,1,3,2,1,0,0,1,62,1,1,1,65,0,0
37,371008,1,1,2,12,11,17,59,8,0,1,0,37,1,20,471,20471,30,1994,1GCCS14ZXR82,1,G,C,C,S,1,4,Z,X,R,8,2,0,T,CHEV,S14,PK,94,17,,1,1179,1083,S,G,,0,0,000000000,00000000000,0,0,0,1,0,0,0,0,0,0,0,55,0,0,0,12,12,2,1,8,0,0,0,1,37,28398,6,1,0,0,3,3,61,999,1,0,0,0,0,6,2009,6,2009,0,0,0,0,0,1,2,55,1,1,2,1,0,0,1,80,1,1,1,13,0,0
37,371009,1,2,1,11,11,8,35,12,2,1,0,45,1,54,421,54421,15,2001,2HNYD18671H5,2,H,N,Y,D,1,8,6,7,1,H,5,0,P,ACUR,MDX,UT,1,17,4383,,0,1063,,G,,0,0,000000000,00000000000,0,0,0,1,0,0,0,0,0,0,0,55,0,1,1,12,12,6,2,12,0,0,0,1,45,29708,6,1,0,0,3,0,78,105,0,0,0,1,1,4,2008,8,2009,1,28,0,0,0,1,2,55,1,1,2,1,0,0,1,10,1,1,2,50,0,0
37,371009,2,2,1,11,11,8,35,12,2,1,0,37,2,37,31,37031,2,2001,1HGEM22501L0,1,H,G,E,M,2,2,5,0,1,L,0,0,P,HOND,UCL,CP,1,17,2496,,0,1031,,G,,0,0,000000000,00000000000,0,0,0,1,0,0,0,0,0,0,0,55,0,0,0,12,12,6,2,12,0,0,0,1,37,28033,6,1,0,0,3,0,69,999,0,0,0,0,0,0,0,0,0,0,0,0,0,0,1,2,55,1,1,2,1,0,0,1,62,1,1,1,51,1,0
37,371010,1,2,1,2,11,20,11,8,0,1,0,37,1,42,31,42031,4,1990,WDBEA30D8LB1,W,D,B,E,A,3,0,D,8,L,B,1,0,P,MERZ,30E,4D,90,17,3315,,0,1102,,G,,0,0,000000000,00000000000,0,0,0,1,0,0,0,0,0,0,0,53,0,0,0,12,12,6,2,8,0,0,0,1,37,28127,6,1,0,0,3,3,75,999,0,0,0,0,0,0,0,0,0,0,0,0,0,0,3,6,45,1,1,2,1,0,0,1,80,1,1,1,13,0,0
37,371010,2,2,1,2,11,20,11,8,0,1,0,37,2,12,17,12017,6,1999,1FAFP58U3XA2,1,F,A,F,P,5,8,U,3,X,A,2,0,P,FORD,TSE,SW,99,17,3480,,0,1085,,G,,0,0,000000000,00000000000,0,0,0,1,0,0,0,0,0,0,0,45,0,0,0,12,12,2,3,12,0,0,0,1,37,27410,6,1,0,0,3,0,74,999,0,0,0,0,0,0,0,0,0,0,0,0,0,0,3,6,45,1,1,2,1,0,0,1,63,1,1,1,98,0,0
37,371011,1,1,2,7,11,1,22,34,0,1,0,37,1,52,402,52402,14,2004,4A4MN21S54E0,4,A,4,M,N,2,1,S,5,4,E,0,0,P,MITS,END,UT,4,17,4079,,0,1083,,G,,0,0,000000000,00000000000,0,0,0,1,0,0,0,0,0,0,0,75,0,1,5,12,12,6,2,34,0,0,0,1,37,27870,6,1,0,0,3,0,70,999,0,0,0,0,0,0,0,0,0,1,0,0,0,0,1,2,35,3,1,2,1,0,0,14,13,1,1,4,1,1,1
37,371012,1,2,1,11,11,9,5,12,6,1,0,37,3,86,881,86881,63,2008,1M2AV02CX8M0,1,M,2,A,V,0,2,C,X,8,M,0,0,T,MACK,MRU,TL,8,17,,8,0,0,600,D,,0,77,777777777,77777777777,3,2,1,1,0,0,0,0,0,0,0,55,0,0,0,12,12,6,2,12,0,0,0,1,37,27546,6,1,6,0,3,0,74,999,1,0,0,0,0,10,2009,10,2009,0,0,0,0,0,1,2,55,1,1,2,1,0,0,1,66,1,1,1,83,0,0
37,371012,2,2,5,11,11,9,5,12,6,1,0,37,2,37,441,37441,20,2002,2HKRL18052H5,2,H,K,R,L,1,8,0,5,2,H,5,0,P,HOND,UDY,SV,2,17,4376,,0,1181,,G,,0,0,000000000,00000000000,0,0,0,1,0,0,0,0,0,0,0,15,0,0,0,9,9,6,2,12,0,0,0,1,37,27521,6,1,0,0,3,3,60,999,0,0,0,0,0,0,0,0,0,0,38,0,0,0,1,2,55,1,2,2,1,20,3,11,15,1,1,1,82,1,0
37,371013,1,2,1,16,11,20,33,12,6,1,0,37,3,82,881,82881,66,2003,1FUJA6CG93LL,1,F,U,J,A,6,C,G,9,3,L,L,1,T,FRHT,COL,DS,3,17,,8,0,0,CON,D,,1,57,920546,57920546,3,6,97,1,0,0,0,0,0,0,0,5,0,0,0,7,7,4,8,12,0,0,0,1,37,27576,6,1,6,0,3,3,72,999,0,0,0,0,0,0,0,0,0,0,31,0,0,0,1,2,55,1,1,2,2,0,0,13,19,1,1,1,66,0,0
37,371013,2,2,1,16,11,20,33,12,6,1,0,37,2,12,401,12401,14,2004,1FMZU67K44UA,1,F,M,Z,U,6,7,K,4,4,U,A,0,P,FORD,EPR,UT,4,17,4135,,0,1259,,F,,0,0,000000000,00000000000,0,0,0,1,0,0,0,0,0,0,0,55,0,0,0,12,12,6,2,12,0,0,0,1,37,27557,6,1,0,0,3,3,71,999,0,0,0,0,0,0,0,0,0,0,0,0,0,0,1,2,55,1,1,2,2,0,0,1,56,1,1,1,66,1,0
37,371014,1,2,2,20,11,12,28,12,6,1,0,37,2,9,442,9442,20,1995,2P4GH2535SR2,2,P,4,G,H,2,5,3,5,S,R,2,0,P,PLYM,VOF,SV,95,17,3181,,0,1123,,G,,0,0,000000000,00000000000,0,0,0,1,0,0,0,0,0,0,0,40,0,0,0,12,12,6,2,12,0,0,0,1,37,28092,6,1,0,0,3,3,72,999,0,0,0,0,0,0,0,0,0,0,0,0,0,0,1,2,45,1,1,2,1,0,0,1,62,1,1,1,69,0,0
37,371014,2,2,1,20,11,12,28,12,6,1,0,37,2,55,36,55036,3,1997,KMHVD14N8VU2,K,M,H,V,D,1,4,N,8,V,U,2,0,P,HYUN,ACL,2H,97,17,2101,,0,945,,G,,0,0,000000000,00000000000,0,0,0,1,0,0,0,0,0,0,0,40,0,0,0,1,1,6,2,12,0,0,0,1,37,28092,6,1,0,0,3,0,71,999,0,0,0,0,0,0,0,0,0,0,38,48,0,0,1,2,45,1,2,2,1,0,0,11,15,1,1,1,68,1,0
37,371015,1,1,1,1,11,2,59,25,0,1,0,37,3,20,22,20022,4,2010,1G1AF5F59A72,1,G,1,A,F,5,F,5,9,A,7,2,0,P,CHEV,BL2,4D,10,17,3216,,0,1033,,G,,0,0,000000000,00000000000,0,0,0,1,0,0,0,0,0,0,0,65,0,1,1,12,12,6,2,25,0,0,1,1,37,28212,6,1,0,0,3,0,73,999,0,0,0,2,0,3,2009,10,2009,0,51,0,0,0,3,4,55,1,1,2,1,0,0,1,13,1,1,4,1,1,1
37,371016,1,1,1,7,11,1,56,8,0,1,0,37,1,22,22,22022,4,2006,1G2ZG5581641,1,G,2,Z,G,5,5,8,1,6,4,1,0,P,PONT,GS1,4D,6,17,3419,,0,1123,,G,,0,0,000000000,00000000000,0,0,0,1,0,0,0,0,0,0,0,60,0,0,0,12,12,6,2,8,0,0,0,1,37,28092,6,1,0,0,3,0,65,999,0,0,0,0,1,7,2009,7,2009,0,0,0,0,0,3,4,60,1,2,2,1,0,0,1,80,1,1,1,13,0,0
37,371017,1,1,1,19,11,13,58,9,0,1,0,37,2,37,441,37441,20,2003,5FNRL18073B0,5,F,N,R,L,1,8,0,7,3,B,0,0,P,HOND,UDY,SV,3,17,4376,,0,1181,,G,,0,0,000000000,00000000000,0,0,0,1,0,0,0,0,0,0,0,45,0,0,0,12,12,4,1,9,0,0,0,1,37,27856,6,1,0,0,3,3,64,999,0,0,0,0,0,0,0,0,0,1,0,0,0,0,1,2,45,1,1,2,1,0,0,1,83,1,1,1,13,0,0
37,371018,1,1,1,10,11,10,50,1,0,1,0,37,1,72,706,72706,80,2006,1HD1CGP186K4,1,H,D,1,C,G,P,1,8,6,K,4,0,M,HD,20C,RS,6,17,,,,,,,1200,0,0,000000000,00000000000,0,0,0,1,0,0,0,0,0,0,0,35,0,0,0,0,12,6,2,1,0,0,0,1,37,28460,6,1,0,0,3,0,66,999,0,0,0,0,0,0,0,0,0,0,84,0,0,0,1,2,45,1,1,2,1,0,0,1,62,1,1,4,1,1,0
37,371019,1,2,1,2,11,18,1,12,6,1,0,37,1,12,401,12401,14,2002,1FMDU63EX2ZA,1,F,M,D,U,6,3,E,X,2,Z,A,0,P,FORD,EPR,UT,2,17,4163,,0,1137,,G,,0,0,000000000,00000000000,0,0,0,1,0,0,0,0,0,0,0,55,0,0,0,12,12,6,2,12,0,0,0,1,37,28601,6,1,0,0,3,3,69,999,0,0,0,0,0,0,0,0,0,0,39,0,0,0,1,4,55,1,2,2,1,3,3,1,67,1,1,1,83,0,0
37,371019,2,2,2,2,11,18,1,12,6,1,0,37,1,19,5,19005,2,1989,1G6EL1152KU6,1,G,6,E,L,1,1,5,2,K,U,6,0,P,CADI,ELD,CP,89,17,3335,,0,1080,,G,,0,0,000000000,00000000000,0,0,0,1,0,0,0,0,0,0,0,20,0,0,0,9,9,6,2,12,0,0,0,1,37,28147,6,1,0,0,3,3,71,999,0,0,0,0,0,0,0,0,0,0,0,0,0,0,1,2,55,8,8,2,1,3,3,11,15,1,1,1,82,1,0
37,371020,1,1,1,19,11,15,22,1,0,1,0,37,2,51,46,51046,6,2000,YV1VW2521YF4,Y,V,1,V,W,2,5,2,1,Y,F,4,0,P,VOLV,V40,SW,0,17,3081,,0,1004,,G,,0,0,000000000,00000000000,0,0,0,1,0,0,0,0,0,0,0,55,0,2,5,0,0,6,2,1,0,0,0,1,37,28147,6,1,0,0,3,0,67,999,0,0,0,1,0,9,2009,9,2009,0,0,0,0,0,1,2,55,1,1,2,1,0,0,1,12,1,1,4,6,1,0
37,371021,1,1,2,17,11,22,2,42,0,1,0,37,1,7,442,7442,20,2006,2D4GP44L36R7,2,D,4,G,P,4,4,L,3,6,R,7,0,P,DODG,CAR,SV,6,17,4252,,0,1193,,G,,0,0,000000000,00000000000,0,0,0,1,0,0,0,0,0,0,0,50,0,0,0,12,12,6,2,42,0,0,0,1,37,27053,6,1,0,0,3,0,69,999,0,0,0,0,0,0,0,0,0,1,0,0,0,0,1,2,55,3,1,2,1,0,0,14,13,1,1,4,1,1,0
37,371022,1,2,1,8,11,17,10,12,6,1,0,37,1,12,422,12422,15,2006,1FMFU185X6LA,1,F,M,F,U,1,8,5,X,6,L,A,0,P,FORD,EPT,UT,6,17,5606,,0,1190,,G,,0,0,000000000,00000000000,0,0,0,1,0,0,0,0,0,0,0,20,0,0,0,12,12,6,2,12,0,0,0,1,37,28759,6,1,0,0,3,0,71,999,1,0,0,0,0,5,2009,5,2009,0,38,0,0,0,1,2,35,1,1,2,1,20,3,1,17,1,1,1,88,0,0
37,371022,2,2,2,8,11,17,10,12,6,1,0,37,2,12,402,12402,14,2001,1FMYU03131KF,1,F,M,Y,U,0,3,1,3,1,K,F,0,P,FORD,SPE,UT,1,17,3069,,0,1031,,G,,0,0,000000000,00000000000,0,0,0,1,0,0,0,0,0,0,0,45,0,1,1,7,7,6,2,12,0,0,0,1,37,28768,6,1,0,0,3,0,73,999,0,0,0,0,0,0,0,0,0,0,0,0,0,0,1,2,50,1,1,2,1,0,0,1,66,1,1,1,89,1,0
37,371023,1,1,1,4,11,1,13,42,0,1,0,37,1,18,2,18002,4,1999,1G4HP52K1XH4,1,G,4,H,P,5,2,K,1,X,H,4,0,P,BUIC,LCF,4D,99,17,3443,,0,1108,,G,,0,0,000000000,00000000000,0,0,0,1,0,0,0,0,0,0,0,25,0,0,0,12,12,6,2,42,0,0,1,1,37,28112,6,1,0,0,3,3,76,999,0,0,0,0,0,0,0,0,0,0,0,0,0,0,1,2,35,1,1,2,2,0,0,1,12,1,1,4,6,1,0
37,371024,1,1,1,6,11,3,48,8,0,1,0,37,1,49,472,49472,30,2003,5TEHN72N23Z2,5,T,E,H,N,7,2,N,2,3,Z,2,0,T,TOYT,DCL,CW,3,17,,1,0,1219,TAC,G,,0,0,000000000,00000000000,0,0,0,1,0,0,0,0,0,0,0,35,0,0,0,14,14,2,1,8,0,0,0,1,37,27545,6,1,6,0,3,3,76,999,0,0,0,2,1,8,2009,11,2010,0,0,0,0,0,2,6,45,1,1,2,1,0,0,1,80,1,1,1,13,0,0
37,371025,1,2,2,3,11,18,32,12,2,1,0,37,2,63,401,63401,14,2001,KNDJA7231156,K,N,D,J,A,7,2,3,1,1,5,6,0,P,KIA,SPO,UT,1,17,3352,,0,1043,,G,,0,0,000000000,00000000000,0,0,0,1,0,0,0,0,0,0,0,15,0,0,0,12,12,6,2,12,0,0,0,1,37,27610,6,2,0,0,3,3,64,999,0,0,0,0,0,0,0,0,0,0,38,0,0,0,1,4,45,1,1,2,1,3,3,11,15,1,1,1,68,1,0
37,371025,2,2,3,3,11,18,32,12,2,1,0,24,2,20,2,20002,4,2007,2G1WU58R0791,2,G,1,W,U,5,8,R,0,7,9,1,0,P,CHEV,ITZ,4D,7,17,3729,,0,1105,,G,,0,0,000000000,00000000000,0,0,0,1,0,0,0,0,0,0,0,45,0,0,0,12,12,6,2,12,0,0,0,1,37,27610,6,1,0,0,3,0,71,999,0,0,0,1,0,11,2007,11,2007,0,0,0,0,0,1,4,45,1,1,2,2,3,3,1,62,1,1,1,69,0,0
37,371026,1,1,1,20,11,22,21,8,0,1,0,51,1,6,54,6054,6,2004,2C8GF68434R1,2,C,8,G,F,6,8,4,3,4,R,1,0,P,CHRY,PIF,UT,4,17,4546,,0,1163,,G,,0,0,000000000,00000000000,0,0,0,1,0,0,0,0,0,0,0,65,0,0,0,12,12,6,2,8,0,0,0,1,51,23112,6,1,0,0,3,0,73,260,0,0,0,1,0,1,2009,1,2009,0,0,0,0,0,3,5,65,1,1,2,1,0,0,1,80,1,1,1,13,0,0
37,371027,1,2,1,5,11,8,50,12,6,1,0,36,3,51,881,51881,66,2005,4V4NC9TH35N3,4,V,4,N,C,9,T,H,3,5,N,3,1,T,VOLV,VNL,DS,5,17,,8,0,0,VVN,D,,1,57,512599,57512599,3,6,1,1,0,0,0,0,0,0,0,15,0,0,0,7,7,4,1,12,0,0,0,1,36,14225,6,1,6,9,3,0,64,999,0,0,0,0,1,5,2010,5,2010,0,38,0,0,0,8,8,55,8,8,8,1,20,3,11,15,1,1,1,82,0,0
37,371027,2,2,1,5,11,8,50,12,6,1,0,37,1,2,404,2404,14,2007,1J8HR68277C5,1,J,8,H,R,6,8,2,7,7,C,5,0,T,JEEP,OVR,4W,7,17,,2,0,1095,GCK,G,,0,0,000000000,00000000000,0,0,0,1,0,0,0,0,0,0,0,55,3,1,5,12,12,6,2,12,0,0,0,1,37,28665,6,1,0,0,3,0,67,999,0,0,0,1,0,2,2008,2,2008,0,0,0,0,0,2,4,55,1,2,2,1,0,0,1,67,1,1,1,83,1,0
37,371028,1,1,1,5,11,7,46,8,0,1,1,99,9,99,999,99999,99,9999,999999999999,9,9,9,9,9,9,9,9,9,9,9,9,0,U,,,,9,17,,,,,,,,0,0,000000000,00000000000,0,0,0,1,0,0,0,0,0,0,0,55,0,0,0,99,99,4,1,8,0,0,0,1,99,99999,9,9,99,9,9,9,999,999,99,99,99,99,99,99,9999,99,9999,0,0,0,0,0,2,4,55,1,1,2,1,0,0,1,80,1,1,1,13,0,0
37,371029,1,2,1,15,11,14,37,12,6,1,0,37,1,18,18,18018,4,1995,1G4NV55M5SC4,1,G,4,N,V,5,5,M,5,S,C,4,0,P,BUIC,SLG,4D,95,17,2941,,0,1034,,G,,0,0,000000000,00000000000,0,0,0,1,0,0,0,0,0,0,0,5,0,0,0,9,9,6,2,12,0,0,0,1,37,28365,6,1,0,0,3,3,66,999,0,0,0,0,0,0,0,0,0,0,38,0,0,0,1,2,55,1,1,2,1,4,3,1,17,1,1,1,89,1,0
37,371029,2,2,1,15,11,14,37,12,6,1,0,37,1,12,471,12471,30,2004,1FTZR45EX4PA,1,F,T,Z,R,4,5,E,X,4,P,A,0,T,FORD,RNS,4C,4,17,,1,0,1259,RNG,G,,0,0,000000000,00000000000,0,0,0,1,0,0,0,0,0,0,0,55,0,0,0,12,12,6,2,12,0,0,0,1,37,28578,6,1,0,0,3,3,64,999,0,0,0,0,0,0,0,0,0,0,0,0,0,0,1,2,55,1,1,2,1,4,3,1,66,1,1,1,88,0,0
37,371030,1,2,1,14,5,5,57,12,7,1,0,37,3,85,881,85881,66,2009,1XKDP4EX89J2,1,X,K,D,P,4,E,X,8,9,J,2,1,T,KW,T80,DS,9,17,,8,2600,1600,CON,D,,1,57,27913,5727913,3,6,97,1,0,0,0,0,0,0,0,65,0,0,0,1,1,2,1,12,0,0,0,1,37,28164,6,1,6,9,3,3,70,999,0,0,0,0,0,0,0,0,0,0,0,0,0,0,3,4,65,1,1,1,1,0,0,1,74,1,1,1,45,0,0
37,371030,2,2,1,14,5,5,57,12,7,1,0,37,2,23,421,23421,15,1997,1GKDT13W8V25,1,G,K,D,T,1,3,W,8,V,2,5,0,T,GMC,JMY,4W,97,17,,1,0,1070,JMY,G,,0,0,000000000,00000000000,0,0,0,1,0,0,0,0,0,0,0,70,0,1,5,7,11,6,2,12,0,0,0,1,37,27713,6,1,0,0,3,3,71,999,0,0,0,0,0,0,0,0,0,0,38,0,0,0,6,4,65,1,1,1,1,0,0,16,10,1,1,2,47,1,0
37,371031,1,1,1,30,5,22,55,42,0,1,0,37,1,20,471,20471,30,1999,1GCCS1446X81,1,G,C,C,S,1,4,4,6,X,8,1,0,T,CHEV,S14,PK,99,17,,1,1179,1083,S,G,,0,0,000000000,00000000000,0,0,0,1,0,0,0,0,0,0,0,55,0,0,0,12,12,6,2,42,0,0,0,1,37,27281,6,1,0,0,3,0,63,999,2,0,0,0,0,10,2008,11,2008,1,28,0,0,0,1,2,55,2,1,2,1,0,0,14,12,1,1,4,6,1,0