STATE,ST_CASE,VEH_NO,VE_FORMS,NUMOCCS,DAY,MONTH,HOUR,MINUTE,HARM_EV,MAN_COLL,UNITTYPE,HIT_RUN,REG_STAT,OWNER,MAKE,MODEL,MAK_MOD,BODY_TYP,MOD_YEAR,VIN,VIN_1,VIN_2,VIN_3,VIN_4,VIN_5,VIN_6,VIN_7,VIN_8,VIN_9,VIN_10,VIN_11,VIN_12,TOW_VEH,VINTYPE,VINMAKE,VINA_MOD,VIN_BT,VINMODYR,VIN_LNGT,VIN_WGT,WGTCD_TR,WHLBS_LG,WHLBS_SH,SER_TR,FUELCODE,MCYCL_DS,J_KNIFE,MCARR_I1,MCARR_I2,MCARR_ID,GVWR,V_CONFIG,CARGO_BT,HAZ_INV,HAZ_PLAC,HAZ_ID,HAZ_CNO,HAZ_REL,BUS_USE,SPEC_USE,EMER_USE,TRAV_SP,UNDERIDE,ROLLOVER,ROLINLOC,IMPACT1,IMPACT2,DEFORMED,TOWED,M_HARM,VEH_SC1,VEH_SC2,FIRE_EXP,DR_PRES,L_STATE,DR_ZIP,L_STATUS,L_TYPE,CDL_STAT,L_ENDORS,L_COMPL,L_RESTRI,DR_HGT,DR_WGT,PREV_ACC,PREV_SUS,PREV_DWI,PREV_SPD,PREV_OTH,FIRST_MO,FIRST_YR,LAST_MO,LAST_YR,SPEEDREL,DR_SF1,DR_SF2,DR_SF3,DR_SF4,VTRAFWAY,VNUM_LAN,VSPD_LIM,VALIGN,VPROFILE,VPAVETYP,VSURCOND,VTRAFCON,VTCONT_F,P_CRASH1,P_CRASH2,P_CRASH3,PCRASH4,PCRASH5,ACC_TYPE,DEATHS,DR_DRINK
37,371101,2,2,1,9,12,10,0,12,2,1,0,37,2,12,401,12401,14,2008,1FMEU74E48UA,1,F,M,E,U,7,4,E,4,8,U,A,0,P,FORD,EPR,UT,8,17,4606,,0,1137,,G,,0,0,000000000,00000000000,0,0,0,1,0,0,0,0,0,0,0,55,0,0,0,12,12,6,2,12,0,0,1,1,37,28714,6,1,0,0,3,0,69,999,1,0,0,1,1,5,2008,1,2010,0,28,0,0,0,1,2,55,3,2,2,1,0,0,14,10,1,1,2,50,1,0
37,371102,1,1,2,23,6,17,30,5,0,1,0,0,0,98,739,98739,90,2007,000000000000,0,0,0,0,0,0,0,0,0,0,0,0,0,U,,,,,17,,,,,,,,0,0,000000000,00000000000,0,0,0,1,0,0,0,0,0,0,0,35,0,0,0,0,0,0,1,5,0,0,0,1,37,28625,6,1,0,0,1,0,64,999,1,0,0,0,0,4,2008,4,2008,0,0,0,0,0,1,2,55,1,2,2,1,0,0,1,12,1,1,4,0,1,0
37,371103,1,1,4,7,8,15,50,5,0,1,0,37,1,20,481,20481,31,1989,1GCDC14K4KE1,1,G,C,D,C,1,4,K,4,K,E,1,0,T,CHEV,GC1,PK,89,17,,1,1315,1175,GM4,G,,0,0,000000000,00000000000,0,0,0,1,0,0,0,0,0,0,0,17,0,0,0,0,0,0,1,5,0,0,0,1,37,28217,6,1,6,0,3,0,68,999,2,0,0,0,1,6,2008,2,2010,0,36,58,0,0,1,2,35,1,2,2,1,0,0,3,98,1,1,1,0,1,0
37,371104,1,1,1,26,9,6,27,8,0,1,0,47,1,22,32,22032,6,2009,5Y2SM67039Z4,5,Y,2,S,M,6,7,0,3,9,Z,4,0,P,PONT,VA4,4H,9,17,3284,,0,1024,,G,,0,0,000000000,00000000000,0,0,0,1,0,0,0,0,0,0,0,35,0,0,0,12,12,2,3,8,0,0,0,1,47,37684,6,1,0,0,3,0,66,200,1,0,0,0,0,2,2009,2,2009,0,0,0,0,0,1,2,45,1,2,2,2,0,0,1,80,1,1,1,13,0,0
37,371105,1,1,2,17,9,18,7,1,0,1,0,37,1,20,37,20037,4,2006,1G1ZT51F36F2,1,G,1,Z,T,5,1,F,3,6,F,2,0,P,CHEV,MLT,4D,6,17,3316,,0,1063,,G,,0,0,000000000,00000000000,0,0,0,1,0,0,0,0,0,0,0,50,0,2,5,0,9,6,2,42,0,0,0,1,37,28073,6,1,0,0,3,3,68,999,0,0,0,0,0,0,0,0,0,1,28,58,0,0,1,2,35,2,3,2,1,0,0,14,10,1,1,4,98,1,0
37,371106,1,1,1,23,9,12,54,30,0,1,0,37,1,37,32,37032,4,2010,1HGCP2F31AA0,1,H,G,C,P,2,F,3,1,A,A,0,0,P,HOND,ULX,4D,10,17,3269,,0,1102,,G,,0,0,000000000,00000000000,0,0,0,1,0,0,0,0,0,0,0,30,0,0,0,12,12,6,2,30,0,0,0,1,37,27886,6,1,0,0,3,0,72,999,0,0,0,0,0,0,0,0,0,0,0,0,0,0,3,4,35,1,1,2,1,0,0,1,10,1,1,4,6,1,0
37,371107,1,1,1,1,9,19,6,42,0,1,0,0,0,98,739,98739,90,9999,000000000000,0,0,0,0,0,0,0,0,0,0,0,0,0,U,,,,,17,,,,,,,,0,0,000000000,00000000000,0,0,0,1,0,0,0,0,0,0,0,50,0,0,0,12,12,6,2,42,0,0,0,1,37,27525,0,0,0,0,0,0,999,999,0,0,0,0,0,0,0,0,0,0,36,0,0,0,1,2,45,2,1,2,1,0,0,14,12,1,1,4,6,1,1
37,371108,1,1,3,25,9,23,1,5,0,1,0,37,1,12,471,12471,30,1992,1FTCR10AXNUB,1,F,T,C,R,1,0,A,X,N,U,B,0,T,FORD,RNG,PK,92,17,,1,1139,1079,RNG,G,,0,0,000000000,00000000000,0,0,0,1,0,0,0,0,0,0,0,15,0,0,0,0,0,0,1,5,0,0,0,1,37,28105,6,1,0,0,3,0,67,999,0,0,0,0,0,0,0,0,0,0,0,0,0,0,1,2,25,1,2,2,1,0,0,1,98,1,1,1,0,1,0
37,371109,1,2,2,28,9,13,8,12,6,1,0,39,1,14,6,14006,4,2008,2MEFM75V58X6,2,M,E,F,M,7,5,V,5,8,X,6,0,P,MERC,MGL,4D,8,17,4117,,0,1146,,F,,0,0,000000000,00000000000,0,0,0,1,0,0,0,0,0,0,0,30,0,0,0,3,3,6,2,12,0,0,0,1,39,45633,6,1,0,0,3,3,62,115,0,0,0,0,0,0,0,0,0,0,38,0,0,0,1,2,40,1,1,2,2,20,3,1,17,1,1,1,87,1,0
37,371109,2,2,2,28,9,13,8,12,6,1,0,37,1,12,481,12481,31,2003,2FTRX18L43CA,2,F,T,R,X,1,8,L,4,3,C,A,0,T,FORD,F15,4C,3,17,,2,1574,1388,COF,G,,0,0,000000000,00000000000,0,0,0,1,0,0,0,0,0,0,0,45,0,0,0,12,12,6,2,12,0,0,0,1,37,28347,6,1,0,0,3,0,72,999,0,0,0,0,0,0,0,0,0,0,0,0,0,0,1,2,40,1,1,2,2,0,0,1,66,1,1,1,86,0,0
37,371110,1,1,1,6,9,19,45,42,0,1,0,37,1,76,709,76709,80,1998,NCMS72316,N,C,M,S,7,2,3,1,6,,,,0,P,,,,,,,,,,,,,0,0,000000000,00000000000,0,0,0,1,0,0,0,0,0,0,0,999,0,0,0,3,3,6,2,42,0,0,0,1,37,27909,6,1,0,0,3,3,67,999,1,0,0,0,2,2,2008,7,2010,1,0,0,0,0,2,2,35,1,1,2,1,0,0,1,13,1,1,4,1,1,1
37,371111,1,2,5,11,9,8,25,12,6,1,0,37,2,37,32,37032,4,1994,1HGCD566XRA0,1,H,G,C,D,5,6,6,X,R,A,0,0,P,HOND,AEX,4D,94,17,2908,,0,1069,,G,,0,0,000000000,00000000000,0,0,0,1,0,0,0,0,0,0,0,65,0,0,0,12,12,6,2,12,0,0,0,1,37,28658,6,2,0,0,3,3,72,999,0,0,0,0,0,0,0,0,0,1,39,0,0,0,1,2,45,1,1,2,1,3,3,1,66,1,1,1,88,0,0
37,371111,2,2,1,11,9,8,25,12,6,1,0,37,1,7,43,7043,4,2006,1B3EL46R86N1,1,B,3,E,L,4,6,R,8,6,N,1,0,P,DODG,SRX,4D,6,17,3106,,0,1080,,G,,0,0,000000000,00000000000,0,0,0,1,0,0,0,0,0,0,0,45,0,0,0,9,9,6,2,12,0,0,0,1,37,28072,6,1,0,0,3,0,75,999,0,0,0,0,0,0,0,0,0,0,0,0,0,0,1,2,45,1,1,2,1,3,3,1,17,1,1,1,89,1,0
37,371112,1,2,1,7,9,11,52,12,1,1,0,37,2,22,9,22009,3,1997,2G2FS22KXV22,2,G,2,F,S,2,2,K,X,V,2,2,0,P,PONT,FBD,2H,97,17,3187,,0,1011,,G,,0,0,000000000,00000000000,0,0,0,1,0,0,0,0,0,0,0,84,0,0,0,12,12,6,2,12,0,0,0,1,37,28328,6,1,0,0,3,0,73,999,1,0,0,0,1,2,2008,1,2010,1,28,36,0,0,3,2,65,3,2,2,1,0,0,14,51,1,1,2,24,0,0
37,371112,2,2,4,7,9,11,52,12,1,1,0,37,2,19,5,19005,2,1997,1G6ET1296VU6,1,G,6,E,T,1,2,9,6,V,U,6,0,P,CADI,ETC,CP,97,17,3772,,0,1080,,G,,0,0,000000000,00000000000,0,0,0,1,0,0,0,0,0,0,0,50,0,0,0,6,3,6,2,52,0,0,0,1,37,28328,0,0,0,0,0,0,73,999,0,0,0,0,1,4,2008,4,2008,0,0,0,0,0,3,2,65,3,2,2,1,0,0,14,53,1,1,1,25,1,0
37,371113,1,1,1,12,11,15,33,8,0,1,0,37,1,12,422,12422,15,1999,1FMRU17L1XLC,1,F,M,R,U,1,7,L,1,X,L,C,0,P,FORD,EPT,UT,99,17,4808,,0,1191,,G,,0,0,000000000,00000000000,0,0,0,1,0,0,0,0,0,0,0,10,0,0,0,12,12,0,3,8,0,0,0,1,37,27455,6,1,0,0,3,0,65,999,0,0,0,0,0,0,0,0,0,0,0,0,0,0,0,0,0,0,0,0,0,0,0,1,19,1,1,9,13,0,0
37,371114,1,1,1,15,11,18,47,43,0,1,0,37,1,20,2,20002,4,2007,2G1WT58K0793,2,G,1,W,T,5,8,K,0,7,9,3,0,P,CHEV,IMT,4D,7,17,3674,,0,1105,,F,,0,0,000000000,00000000000,0,0,0,1,0,0,0,0,0,0,0,35,0,0,0,12,12,6,2,42,0,0,0,1,37,27801,6,1,0,0,3,3,70,999,0,0,0,0,0,0,0,0,0,0,0,0,0,0,1,4,35,4,4,2,1,0,0,14,12,1,1,4,6,1,0
37,371115,1,1,1,23,11,21,0,8,0,1,0,45,2,37,32,37032,4,1999,1HGCG5654XA1,1,H,G,C,G,5,6,5,4,X,A,1,0,P,HOND,UEX,4D,99,17,3086,,0,1069,,G,,0,0,000000000,00000000000,0,0,0,1,0,0,0,0,0,0,0,45,0,0,0,12,12,4,3,8,0,0,0,1,45,29684,6,1,0,0,3,0,63,115,2,0,0,1,0,1,2010,6,2010,0,0,0,0,0,2,6,45,1,1,2,1,20,3,1,80,1,1,1,13,0,0
37,371116,1,1,1,28,11,3,20,30,0,1,0,37,2,65,31,65031,1,2009,WMEEK31XX9K2,W,M,E,E,K,3,1,X,X,9,K,2,0,P,SMRT,SMS,CV,9,17,1852,,0,735,,G,,0,0,000000000,00000000000,0,0,0,1,0,0,0,0,0,0,0,35,0,2,4,1,5,6,2,1,0,0,0,1,37,27513,6,1,0,0,3,0,62,999,0,0,0,0,0,0,0,0,0,0,58,0,0,0,1,3,35,1,1,2,1,0,0,1,13,1,1,4,1,1,1
37,371117,1,2,2,10,12,99,99,12,2,1,0,37,2,20,36,20036,2,1998,2G1WW12M1W91,2,G,1,W,W,1,2,M,1,W,9,1,0,P,CHEV,MLS,CP,98,17,3239,,0,1075,,G,,0,0,000000000,00000000000,0,0,0,1,0,0,0,0,0,0,0,45,0,0,0,12,12,6,2,12,0,0,0,1,37,27217,6,2,0,0,3,0,65,999,1,0,0,0,0,6,2010,6,2010,0,0,0,0,0,1,2,45,1,2,2,1,0,0,1,62,1,1,1,51,0,0
37,371117,2,2,1,10,12,99,99,12,2,1,0,37,1,51,39,51039,4,1985,YV1DX874XF21,Y,V,1,D,X,8,7,4,X,F,2,1,0,P,VOLV,4/6,4D,85,17,3062,,0,1091,,G,,0,0,000000000,00000000000,0,0,0,1,0,0,0,0,0,0,0,45,0,0,0,12,12,6,2,12,0,0,0,1,37,27215,6,1,0,0,3,3,67,999,0,0,0,0,0,0,0,0,0,0,28,0,0,0,1,2,45,1,2,2,1,0,0,1,10,1,1,2,50,1,0
37,371118,1,2,1,13,12,13,1,12,6,1,0,37,1,12,17,12017,6,1996,1FALP57U5TA2,1,F,A,L,P,5,7,U,5,T,A,2,0,P,FORD,TAG,SW,96,17,3511,,0,1085,,G,,0,0,000000000,00000000000,0,0,0,1,0,0,0,0,0,0,0,15,0,0,0,9,9,6,2,12,0,0,0,1,37,27217,6,1,0,0,3,0,72,999,0,0,0,0,1,9,2009,9,2009,0,99,99,99,99,1,4,35,1,1,2,1,3,3,1,17,1,1,1,89,1,0
37,371118,2,2,1,13,12,13,1,12,6,1,0,37,1,12,402,12402,14,2002,1FMYU04152KB,1,F,M,Y,U,0,4,1,5,2,K,B,0,P,FORD,SPE,UT,2,17,3511,,0,1031,,G,,0,0,000000000,00000000000,0,0,0,1,0,0,0,0,0,0,0,40,0,0,0,12,12,6,2,12,0,0,0,1,37,27253,6,1,0,0,3,3,62,999,0,0,0,0,0,0,0,0,0,0,99,99,99,99,1,2,35,8,8,8,1,3,3,1,17,1,1,1,88,0,0
37,371119,1,1,1,24,12,6,45,8,0,1,0,37,2,12,23,12023,4,2007,3FAHP07Z47R1,3,F,A,H,P,0,7,Z,4,7,R,1,0,P,FORD,F/E,4D,7,17,3101,,0,1074,,G,,0,0,000000000,00000000000,0,0,0,1,0,0,0,0,0,0,0,45,0,0,0,12,12,6,2,8,0,0,0,1,37,28681,6,1,0,0,3,0,63,999,1,0,0,1,1,3,2008,5,2010,0,0,0,0,0,1,2,45,1,1,2,1,0,0,1,80,1,1,1,13,0,1
37,371120,1,1,2,17,12,22,0,42,0,1,0,37,1,12,442,12442,20,2002,2FMZA51462BB,2,F,M,Z,A,5,1,4,6,2,B,B,0,T,FORD,WLX,ES,2,17,,1,0,1207,WIN,G,,0,0,000000000,00000000000,0,0,0,1,0,0,0,0,0,0,0,55,0,0,0,12,12,6,2,42,0,0,0,1,37,27805,6,1,0,0,3,0,66,999,0,0,0,0,1,11,2010,11,2010,0,0,0,0,0,1,2,55,3,1,2,1,0,0,14,13,1,1,4,1,1,1
37,371121,1,1,1,19,12,4,35,8,0,1,1,99,9,99,999,99999,99,9999,999999999999,9,9,9,9,9,9,9,9,9,9,9,9,0,U,,,,9,17,,,,,,,,0,0,000000000,00000000000,0,0,0,1,0,0,0,0,0,0,0,55,0,0,0,12,12,4,1,8,0,0,0,1,99,99999,9,9,99,9,9,9,999,999,99,99,99,99,99,99,9999,99,9999,0,99,99,99,99,1,2,55,1,1,2,1,0,0,1,80,1,1,1,13,0,0
37,371122,1,1,0,29,12,16,1,8,0,1,0,37,6,2,405,2405,14,2004,1J4GL48K24W2,1,J,4,G,L,4,8,K,2,4,W,2,0,T,JEEP,SPR,4W,4,17,,1,0,1043,LIB,G,,0,0,000000000,00000000000,0,0,0,1,0,0,0,0,0,0,0,10,0,0,0,6,6,4,8,8,33,0,0,0,,,,,,,,,999,,,,,,,,,,,,0,0,0,0,1,2,98,4,2,2,3,0,0,0,98,0,0,0,98,0,0
37,371123,1,2,1,31,12,19,3,12,2,1,0,37,1,76,709,76709,88,2009,000000000000,0,0,0,0,0,0,0,0,0,0,0,0,0,U,,,,,17,,,,,,,,0,0,000000000,00000000000,0,0,0,1,0,0,0,0,0,0,0,40,0,0,0,12,12,6,2,12,0,0,0,1,37,28655,1,1,0,0,1,0,66,999,0,1,0,0,2,6,2009,6,2010,0,28,0,0,0,1,2,35,2,2,2,1,0,0,14,10,1,1,2,50,1,0
37,371123,2,2,5,31,12,19,3,12,2,1,0,37,2,37,441,37441,20,2001,2HKRL18631H5,2,H,K,R,L,1,8,6,3,1,H,5,0,P,HOND,UDY,SV,1,17,4288,,0,1181,,G,,0,0,000000000,00000000000,0,0,0,1,0,0,0,0,0,0,0,30,0,0,0,12,12,4,1,12,0,0,0,1,37,28655,0,0,0,0,0,0,999,999,0,0,0,0,0,0,0,0,0,0,0,0,0,0,1,2,35,4,2,2,1,0,0,14,62,1,1,1,51,0,0
37,371124,1,2,2,23,12,11,4,12,6,1,0,37,2,12,402,12402,14,2002,1FMYU03152KC,1,F,M,Y,U,0,3,1,5,2,K,C,0,P,FORD,SPE,UT,2,17,3277,,0,1031,,G,,0,0,000000000,00000000000,0,0,0,1,0,0,0,0,0,0,0,10,0,0,0,11,11,6,2,12,0,0,0,1,37,28650,6,1,0,0,3,0,68,999,0,0,0,0,0,0,0,0,0,0,38,0,0,0,1,2,55,1,2,2,1,0,0,11,19,1,1,1,82,2,0
37,371124,2,2,1,23,12,11,4,12,6,1,0,37,3,37,441,37441,20,2011,5FNRL5H60BB0,5,F,N,R,L,5,H,6,0,B,B,0,0,P,HOND,UDY,SV,11,17,4483,,0,1181,,G,,0,0,000000000,00000000000,0,0,0,1,0,0,0,0,0,0,0,55,0,0,0,12,12,6,2,12,0,0,0,1,37,28601,6,1,0,0,3,0,62,999,0,0,0,0,0,0,0,0,0,0,0,0,0,0,1,2,55,1,2,2,1,0,0,1,72,1,1,1,83,0,0
37,371125,1,1,1,25,12,9,8,8,0,1,1,99,9,99,999,99999,99,9999,999999999999,9,9,9,9,9,9,9,9,9,9,9,9,0,U,,,,9,17,,,,,,,,0,0,000000000,00000000000,0,0,0,1,0,0,0,0,0,0,0,998,0,0,0,12,12,4,1,8,0,0,0,1,37,28430,9,9,99,9,9,9,999,999,99,99,99,99,99,99,9999,99,9999,0,0,0,0,0,1,2,98,4,1,2,1,0,0,14,80,1,1,1,13,0,0
37,371126,1,1,2,5,12,1,51,34,0,1,0,37,1,35,473,35473,31,2006,1N6BA06A46N5,1,N,6,B,A,0,6,A,4,6,N,5,0,T,NISS,TXS,PC,6,17,,2,0,1398,TTN,F,,0,0,000000000,00000000000,0,0,0,1,0,0,0,0,0,0,0,100,0,1,5,12,81,6,2,1,0,0,0,1,37,28314,6,1,0,0,3,0,67,999,0,0,0,1,0,3,2009,3,2009,1,28,36,0,0,1,2,55,3,1,2,2,0,0,14,12,1,1,4,6,1,1
37,371127,1,2,1,16,12,7,59,12,6,1,0,37,3,12,481,12481,31,2006,1FTNF20536EC,1,F,T,N,F,2,0,5,3,6,E,C,0,T,FORD,F2S,PK,6,17,,2,0,1370,SRW,G,,0,0,000000000,00000000000,0,0,0,1,0,0,0,0,0,0,0,45,0,0,0,12,12,6,2,12,0,0,0,1,37,28390,6,1,0,0,3,0,65,999,0,0,0,0,2,9,2009,2,2010,1,28,0,0,0,1,2,55,1,3,2,4,0,0,1,10,1,1,1,64,0,0
37,371127,2,2,1,16,12,7,59,12,6,1,0,37,1,20,4,20004,3,1987,1G1YY2183H51,1,G,1,Y,Y,2,1,8,3,H,5,1,0,P,CHEV,CVT,2H,87,17,3216,,0,960,,G,,0,0,000000000,00000000000,0,0,0,1,0,0,0,0,0,0,0,35,0,0,0,9,9,6,2,12,0,0,0,1,37,27330,6,1,6,0,3,0,71,999,0,0,0,0,0,0,0,0,0,0,0,0,0,0,1,2,55,1,3,2,4,0,0,1,62,1,1,1,65,1,0
37,371128,1,1,1,8,12,11,39,8,0,1,0,37,2,20,421,20421,15,1999,1GNDT13W2XK1,1,G,N,D,T,1,3,W,2,X,K,1,0,P,CHEV,BZR,UT,99,17,4023,,0,1070,,G,,0,0,000000000,00000000000,0,0,0,1,0,0,0,0,0,0,0,35,0,0,0,12,12,6,2,8,0,0,0,1,37,27360,6,1,0,0,3,0,70,999,0,0,0,0,0,0,0,0,0,0,99,99,99,99,1,2,35,1,1,2,1,0,0,1,82,1,1,1,13,0,0
37,371129,1,1,2,26,12,10,0,42,0,1,0,1,1,13,1,13001,4,2004,1LNHM83W14Y6,1,L,N,H,M,8,3,W,1,4,Y,6,0,P,LINC,UTC,4D,4,17,4413,,0,1177,,G,,0,0,000000000,00000000000,0,0,0,1,0,0,0,0,0,0,0,45,0,0,0,12,12,6,2,42,0,0,0,1,1,35016,6,1,0,0,3,0,74,200,0,0,0,0,0,0,0,0,0,0,0,0,0,0,3,6,70,3,1,2,3,0,0,14,8,5,1,4,1,1,0
37,371130,1,2,4,28,12,15,45,12,2,1,0,37,1,7,25,7025,5,2007,1B3HB48B67D5,1,B,3,H,B,4,8,B,6,7,D,5,0,P,DODG,CXT,4D,7,17,3038,,0,1037,,G,,0,0,000000000,00000000000,0,0,0,1,0,0,0,0,0,0,0,50,0,0,0,12,12,6,2,12,0,0,0,1,37,27292,6,1,0,0,3,0,60,999,1,0,0,0,0,3,2009,3,2009,0,28,0,0,0,1,2,55,2,2,2,2,0,0,14,10,1,1,1,50,1,0
37,371130,2,2,1,28,12,15,45,12,2,1,0,0,0,99,998,99998,92,9999,000000000000,0,0,0,0,0,0,0,0,0,0,0,0,0,U,,,,,17,,,,,,,,0,0,000000000,00000000000,0,0,0,1,0,0,0,0,0,0,0,15,0,0,0,12,12,6,2,12,0,0,0,1,37,28115,6,1,6,0,3,0,70,999,0,0,0,0,0,0,0,0,0,0,0,0,0,0,1,2,55,3,2,2,1,0,0,14,62,1,1,1,51,0,0
37,371131,1,1,1,17,12,21,44,42,0,1,0,37,1,12,3,12003,1,1994,1FALP45T9RF2,1,F,A,L,P,4,5,T,9,R,F,2,0,P,FORD,MGT,CV,94,17,3414,,0,1013,,G,,0,0,000000000,00000000000,0,0,0,1,0,0,0,0,0,0,0,55,0,0,0,1,3,6,2,42,0,0,0,1,37,27028,1,1,0,0,2,0,72,999,0,1,0,0,0,3,2010,3,2010,1,58,0,0,0,1,2,55,2,1,2,4,0,0,14,6,1,2,4,7,1,0
37,371132,1,2,1,16,12,9,20,12,6,1,0,37,2,20,471,20471,30,1997,1GCCS144XVK2,1,G,C,C,S,1,4,4,X,V,K,2,0,T,CHEV,S14,PK,97,17,,1,1179,1083,S,G,,0,0,000000000,00000000000,0,0,0,1,0,0,0,0,0,0,0,50,0,0,0,3,3,6,2,12,0,0,0,1,37,28525,6,1,0,0,3,3,70,999,0,0,0,1,0,7,2008,7,2008,1,28,0,0,0,1,2,55,1,3,2,4,0,0,1,6,1,4,2,64,1,0
37,371132,2,2,1,16,12,9,20,12,6,1,0,37,3,20,481,20481,31,1997,1GCEK19R5VE1,1,G,C,E,K,1,9,R,5,V,E,1,0,T,CHEV,GK1,PC,97,17,,2,1555,1415,GM4,G,,0,0,000000000,00000000000,0,0,0,1,0,0,0,0,0,0,0,50,0,0,0,12,12,6,2,12,0,0,0,1,37,28405,6,1,0,0,3,3,74,999,0,0,0,2,0,3,2009,1,2010,0,0,0,0,0,1,2,55,1,3,2,4,0,0,1,62,1,1,1,65,0,0
37,371133,1,1,4,11,12,3,32,59,0,1,0,37,1,24,1,24001,4,1996,1G8ZK527XTZ3,1,G,8,Z,K,5,2,7,X,T,Z,3,0,P,STRN,SL2,4D,96,17,2350,,0,1024,,G,,0,0,000000000,00000000000,0,0,0,1,0,0,0,0,0,0,0,113,0,0,0,9,9,6,2,59,0,0,0,1,37,27704,6,1,0,0,3,0,65,999,0,0,0,1,0,5,2009,5,2009,1,58,0,0,0,3,3,65,1,1,2,1,0,0,15,13,1,1,4,1,1,1
37,371134,1,1,1,3,12,20,29,42,0,1,0,37,1,2,404,2404,14,1994,1J4GZ78Y8RC2,1,J,4,G,Z,7,8,Y,8,R,C,2,0,T,JEEP,LMT,4W,94,17,,1,0,1059,GCK,G,,0,0,000000000,00000000000,0,0,0,1,0,0,0,0,0,0,0,85,0,1,5,11,11,6,2,42,0,0,1,1,37,27804,1,1,0,0,2,0,67,999,0,0,0,0,0,0,0,0,0,1,36,0,0,0,1,2,55,3,1,2,1,0,0,14,13,1,1,4,1,1,0
37,371135,1,1,1,31,12,21,54,59,0,1,0,37,1,14,17,14017,4,1998,1MEFM53SXWA6,1,M,E,F,M,5,3,S,X,W,A,6,0,P,MERC,SLP,4D,98,17,3299,,0,1085,,G,,0,0,000000000,00000000000,0,0,0,1,0,0,0,0,0,0,0,60,0,0,0,62,62,6,2,23,0,0,0,1,37,27801,6,1,0,0,3,3,74,999,0,2,0,0,0,3,2009,2,2010,1,0,0,0,0,1,2,55,3,1,2,1,0,0,14,12,1,1,4,6,1,1
37,371136,1,1,1,29,12,19,23,8,0,1,0,37,2,2,407,2407,14,2008,1J8FT28028D6,1,J,8,F,T,2,8,0,2,8,D,6,0,T,JEEP,SPO,4W,8,17,,1,0,1037,PRT,G,,0,0,000000000,00000000000,0,0,0,1,0,0,0,0,0,0,0,40,0,0,0,12,12,4,1,8,0,0,0,1,37,27292,6,1,0,0,3,0,68,999,0,0,0,0,0,0,0,0,0,0,0,0,0,0,1,2,35,1,2,2,1,0,0,1,13,1,1,4,13,0,0
37,371137,1,1,2,10,12,20,54,30,0,1,0,37,1,12,3,12003,1,1992,1FACP44E3NF1,1,F,A,C,P,4,4,E,3,N,F,1,0,P,FORD,MLX,CV,92,17,2996,,0,1005,,G,,0,0,000000000,00000000000,0,0,0,1,0,0,0,0,0,0,0,15,0,0,0,12,12,4,3,30,0,0,0,1,37,28164,6,1,0,0,3,0,62,999,0,0,0,0,0,0,0,0,0,0,28,0,0,0,0,0,0,0,0,0,0,0,0,1,10,1,1,4,15,1,1
37,371138,1,1,1,21,12,17,50,8,0,1,1,37,2,35,472,35472,30,2001,1N6DD26S21C3,1,N,6,D,D,2,6,S,2,1,C,3,0,T,NISS,FKX,PC,1,17,,1,0,1161,FRT,G,,0,0,000000000,00000000000,0,0,0,1,0,0,0,0,0,0,0,40,0,0,0,12,12,6,2,8,0,0,0,1,37,27979,1,1,0,0,2,3,69,999,0,1,1,0,1,4,2008,6,2010,0,28,0,0,0,1,2,55,1,1,2,1,0,0,1,80,1,1,2,13,0,1
37,371139,1,2,1,3,12,8,8,12,6,1,0,37,1,22,2,22002,4,1996,1G2HX52K2T42,1,G,2,H,X,5,2,K,2,T,4,2,0,P,PONT,BVS,4D,96,17,3351,,0,1108,,G,,0,0,000000000,00000000000,0,0,0,1,0,0,0,0,0,0,0,25,0,0,0,9,9,6,2,12,0,0,0,1,37,27265,6,1,0,0,3,3,67,999,0,0,0,0,0,0,0,0,0,0,39,0,0,0,2,4,45,1,3,2,1,3,3,1,17,1,1,1,89,1,0
37,371139,2,2,1,3,12,8,8,12,6,1,0,37,2,20,482,20482,31,2003,3GNEC13T33G2,3,G,N,E,C,1,3,T,3,3,G,2,0,T,CHEV,CAV,CW,3,17,,2,0,1300,AVL,G,,0,0,000000000,00000000000,0,0,0,1,0,0,0,0,0,0,0,50,0,0,0,12,12,6,2,12,0,0,0,1,37,27265,6,1,0,0,3,0,61,999,0,0,0,0,0,0,0,0,0,0,0,0,0,0,1,4,50,8,8,2,1,3,3,1,66,1,1,1,88,0,0
37,371140,1,2,1,10,12,17,0,12,6,1,0,37,1,37,32,37032,4,1998,1HGCG1650WA0,1,H,G,C,G,1,6,5,0,W,A,0,0,P,HOND,UEX,4D,98,17,3184,,0,1069,,G,,0,0,000000000,00000000000,0,0,0,1,0,0,0,0,0,0,0,10,0,0,0,9,9,6,2,12,0,0,0,1,37,27262,6,1,0,0,3,3,65,999,0,0,0,1,0,9,2008,9,2008,0,38,0,0,0,1,2,35,8,8,2,1,20,3,11,15,1,1,1,82,1,0
37,371140,2,2,1,10,12,17,0,12,6,1,0,37,2,2,403,2403,14,1990,2J4FY19EXLJ5,2,J,4,F,Y,1,9,E,X,L,J,5,0,T,JEEP,W/S,2W,90,17,,1,0,934,W/Y,G,,0,0,000000000,00000000000,0,0,0,1,0,0,0,0,0,0,0,45,0,0,0,12,12,4,3,12,0,0,0,1,37,27284,6,1,6,0,3,3,67,999,0,0,0,0,0,0,0,0,0,0,0,0,0,0,1,2,45,1,2,2,1,0,0,1,67,1,1,1,83,0,0