STATE,ST_CASE,VEH_NO,VE_FORMS,NUMOCCS,DAY,MONTH,HOUR,MINUTE,HARM_EV,MAN_COLL,UNITTYPE,HIT_RUN,REG_STAT,OWNER,MAKE,MODEL,MAK_MOD,BODY_TYP,MOD_YEAR,VIN,VIN_1,VIN_2,VIN_3,VIN_4,VIN_5,VIN_6,VIN_7,VIN_8,VIN_9,VIN_10,VIN_11,VIN_12,TOW_VEH,VINTYPE,VINMAKE,VINA_MOD,VIN_BT,VINMODYR,VIN_LNGT,VIN_WGT,WGTCD_TR,WHLBS_LG,WHLBS_SH,SER_TR,FUELCODE,MCYCL_DS,J_KNIFE,MCARR_I1,MCARR_I2,MCARR_ID,GVWR,V_CONFIG,CARGO_BT,HAZ_INV,HAZ_PLAC,HAZ_ID,HAZ_CNO,HAZ_REL,BUS_USE,SPEC_USE,EMER_USE,TRAV_SP,UNDERIDE,ROLLOVER,ROLINLOC,IMPACT1,IMPACT2,DEFORMED,TOWED,M_HARM,VEH_SC1,VEH_SC2,FIRE_EXP,DR_PRES,L_STATE,DR_ZIP,L_STATUS,L_TYPE,CDL_STAT,L_ENDORS,L_COMPL,L_RESTRI,DR_HGT,DR_WGT,PREV_ACC,PREV_SUS,PREV_DWI,PREV_SPD,PREV_OTH,FIRST_MO,FIRST_YR,LAST_MO,LAST_YR,SPEEDREL,DR_SF1,DR_SF2,DR_SF3,DR_SF4,VTRAFWAY,VNUM_LAN,VSPD_LIM,VALIGN,VPROFILE,VPAVETYP,VSURCOND,VTRAFCON,VTCONT_F,P_CRASH1,P_CRASH2,P_CRASH3,PCRASH4,PCRASH5,ACC_TYPE,DEATHS,DR_DRINK
37,371141,1,1,1,28,12,17,59,8,0,1,0,37,2,12,401,12401,14,2002,1FMZU77E72UB,1,F,M,Z,U,7,7,E,7,2,U,B,0,P,FORD,EPR,UT,2,17,4340,,0,1259,,G,,0,0,000000000,00000000000,0,0,0,1,0,0,0,0,0,0,0,55,0,0,0,12,12,4,3,8,0,0,0,1,37,28734,6,1,0,0,3,0,60,999,0,0,0,0,0,0,0,0,0,0,0,0,0,0,3,5,55,4,1,2,1,0,0,14,80,1,1,1,13,0,0
37,371142,1,1,1,16,12,8,15,34,0,1,0,37,1,23,471,23471,30,2002,1GKDT13S1222,1,G,K,D,T,1,3,S,1,2,2,2,0,T,GMC,ENV,4W,2,17,,1,0,1130,ENV,G,,0,0,000000000,00000000000,0,0,0,1,0,0,0,0,0,0,0,55,0,1,5,12,12,6,2,34,0,0,0,1,37,28310,6,1,0,0,3,0,72,999,0,1,0,2,0,1,2008,9,2008,0,0,0,0,0,1,2,55,1,1,2,2,0,0,6,8,1,1,4,1,1,0
37,371143,1,2,1,18,12,7,18,12,2,1,0,37,1,53,34,53034,4,2005,KL5JD56Z55K2,K,L,5,J,D,5,6,Z,5,5,K,2,0,P,SUZI,FZS,4D,5,17,2700,,0,1024,,G,,0,0,000000000,00000000000,0,0,0,1,0,0,0,0,0,0,0,55,0,0,0,12,12,6,2,12,0,0,0,1,37,27521,6,1,0,0,3,0,62,999,2,0,0,0,2,11,2008,10,2010,0,0,0,0,0,1,2,55,2,1,2,1,0,0,14,62,1,1,1,51,0,0
37,371143,2,2,1,18,12,7,18,12,2,1,0,37,1,49,32,49032,4,1997,1NXBA02EXVZ6,1,N,X,B,A,0,2,E,X,V,Z,6,0,P,TOYT,UCC,4D,97,17,2337,,0,970,,G,,0,0,000000000,00000000000,0,0,0,1,0,0,0,0,0,0,0,55,0,0,0,12,12,6,2,12,0,0,0,1,37,28334,6,1,0,0,3,0,71,999,0,0,0,0,0,0,0,0,0,0,28,0,0,0,1,2,55,3,1,2,1,0,0,14,54,1,1,2,50,1,0
37,371144,1,1,1,21,12,14,24,34,0,1,0,37,1,21,21,21021,4,1995,1G3NL55M2SM3,1,G,3,N,L,5,5,M,2,S,M,3,0,P,OLDS,ACS,4D,95,17,2779,,0,1034,,G,,0,0,000000000,00000000000,0,0,0,1,0,0,0,0,0,0,0,75,0,1,5,12,12,6,2,1,0,0,0,1,37,27569,6,1,0,0,3,3,63,999,1,0,0,0,0,1,2009,1,2009,1,36,58,0,0,1,2,55,3,2,2,1,0,0,14,13,1,1,4,1,1,0
37,371145,1,1,2,26,12,21,9,57,0,1,0,37,2,49,472,49472,30,2000,4TAWN72N0YZ6,4,T,A,W,N,7,2,N,0,Y,Z,6,0,T,TOYT,XTR,PC,0,17,,1,0,1219,TAC,G,,0,0,000000000,00000000000,0,0,0,1,0,0,0,0,0,0,0,70,0,1,3,1,0,6,2,1,0,0,0,1,37,27834,6,1,0,0,3,0,69,999,0,0,0,0,0,0,0,0,0,1,36,0,0,0,3,4,70,1,1,2,4,0,0,1,6,1,1,4,6,1,0
37,371146,1,1,1,26,12,18,54,8,0,1,0,37,2,12,471,12471,30,1999,1FTYR10C5XPB,1,F,T,Y,R,1,0,C,5,X,P,B,0,T,FORD,RNG,PK,99,17,,1,1175,1116,RNG,G,,0,0,000000000,00000000000,0,0,0,1,0,0,0,0,0,0,0,40,0,0,0,12,12,2,1,8,0,0,0,1,37,27332,6,1,0,0,3,0,70,999,0,0,0,0,0,0,0,0,0,0,0,0,0,0,1,2,55,2,4,2,10,0,0,14,80,1,1,1,13,0,0
37,371147,1,2,2,31,12,19,31,12,1,1,0,37,2,37,33,37033,2,2001,JHMBB62791C8,J,H,M,B,B,6,2,7,9,1,C,8,0,P,HOND,PEC,CP,1,17,0,,0,1017,,G,,0,0,000000000,00000000000,0,0,0,1,0,0,0,0,0,0,0,75,0,0,0,6,6,6,2,12,0,0,0,1,37,27330,6,1,0,0,3,0,71,999,0,0,0,0,0,0,0,0,0,1,28,36,0,0,1,2,55,2,2,2,1,0,0,14,6,1,4,2,66,1,0
37,371147,2,2,1,31,12,19,31,12,1,1,0,37,2,7,442,7442,20,1997,2B4GP2434VR4,2,B,4,G,P,2,4,3,4,V,R,4,0,P,DODG,CAR,SV,97,17,3658,,0,1193,,G,,0,0,000000000,00000000000,0,0,0,1,0,0,0,0,0,0,0,55,0,0,0,12,12,6,2,12,0,0,0,1,37,27332,0,0,0,0,0,0,999,999,0,0,0,0,0,0,0,0,0,0,92,0,0,0,1,2,55,3,2,2,1,0,0,14,62,1,1,1,66,0,0
37,371148,1,2,1,24,12,15,24,12,6,1,0,37,2,49,43,49043,4,1996,4T1BF12B3TU0,4,T,1,B,F,1,2,B,3,T,U,0,0,P,TOYT,UVS,4D,96,17,3263,,0,1071,,G,,0,0,000000000,00000000000,0,0,0,1,0,0,0,0,0,0,0,95,0,0,0,3,3,6,2,12,0,0,0,1,37,28551,0,0,0,0,0,0,70,999,0,0,0,0,0,0,0,0,0,1,36,0,0,0,1,2,55,3,1,2,1,0,0,14,6,1,4,2,66,1,1
37,371148,2,2,1,24,12,15,24,12,6,1,0,37,2,2,405,2405,14,2003,1J4GK48K73W5,1,J,4,G,K,4,8,K,7,3,W,5,0,T,JEEP,LSF,4W,3,17,,1,0,1043,LIB,G,,0,0,000000000,00000000000,0,0,0,1,0,0,0,0,0,0,0,50,0,0,0,12,12,6,2,12,0,0,0,1,37,28551,6,1,0,0,3,0,67,999,0,0,0,0,0,0,0,0,0,0,0,0,0,0,1,2,55,2,1,2,1,0,0,14,62,1,1,1,66,0,0
37,371149,1,1,1,22,12,13,50,43,0,1,0,37,1,12,481,12481,31,1995,1FTEF15N9SNA,1,F,T,E,F,1,5,N,9,S,N,A,0,T,FORD,F15,PK,95,17,,2,1330,1170,COF,G,,0,0,000000000,00000000000,0,0,0,1,0,0,0,0,0,0,0,50,0,0,0,12,12,6,2,59,0,0,0,1,37,28752,6,1,0,0,3,0,74,999,1,1,0,2,1,1,2008,11,2010,0,99,99,99,99,1,5,50,1,1,2,1,0,0,1,12,1,1,4,6,1,0
37,371150,1,2,1,23,12,2,10,12,2,1,0,12,1,30,42,30042,5,1998,3VWFA81HXWM2,3,V,W,F,A,8,1,H,X,W,M,2,0,P,VOLK,GGL,4H,98,17,2447,,0,974,,G,,0,0,000000000,00000000000,0,0,0,1,0,0,0,0,0,0,0,35,0,0,0,12,12,6,2,12,0,0,0,1,12,28209,6,1,0,0,3,0,72,999,0,0,0,0,0,0,0,0,0,0,24,28,0,0,2,4,35,1,1,2,1,0,0,1,10,1,1,2,50,1,1
37,371150,2,2,2,23,12,2,10,12,2,1,0,34,2,37,32,37032,4,2000,JHMCG5654YC0,J,H,M,C,G,5,6,5,4,Y,C,0,0,P,HOND,UEX,4D,0,17,3086,,0,1069,,G,,0,0,000000000,00000000000,0,0,0,1,0,0,0,0,0,0,0,35,0,0,0,12,12,6,2,12,0,0,0,1,37,28214,1,1,0,0,2,0,74,999,0,6,0,0,7,5,2008,5,2010,0,92,0,0,0,2,4,35,1,1,2,1,0,0,1,62,1,1,1,51,0,1
37,371151,1,1,3,26,12,3,16,30,0,1,0,45,2,37,31,37031,4,2001,1HGES16531L0,1,H,G,E,S,1,6,5,3,1,L,0,0,P,HOND,UCL,4D,1,17,2515,,0,1031,,G,,0,0,000000000,00000000000,0,0,0,1,0,0,0,0,0,0,0,55,0,0,0,3,3,6,2,30,0,0,0,1,45,29812,6,1,0,0,3,3,67,200,0,0,0,0,0,0,0,0,0,1,36,0,0,0,3,5,65,1,1,1,4,0,0,1,6,1,1,4,1,1,1
37,371152,1,1,1,16,12,17,20,42,0,1,0,37,2,2,405,2405,14,2003,1J4GL48K83W5,1,J,4,G,L,4,8,K,8,3,W,5,0,T,JEEP,LSF,4W,3,17,,1,0,1043,LIB,G,,0,0,000000000,00000000000,0,0,0,1,0,0,0,0,0,0,0,55,0,0,0,1,2,6,2,42,0,0,0,1,37,27325,6,1,0,0,3,3,74,999,1,0,0,0,0,11,2010,11,2010,0,58,0,0,0,1,2,55,3,2,2,2,0,0,14,13,1,1,4,1,1,1
37,371153,1,3,2,5,12,11,53,12,6,1,0,37,1,53,34,53034,4,2005,KL5JD56Z55K2,K,L,5,J,D,5,6,Z,5,5,K,2,0,P,SUZI,FZS,4D,5,17,2700,,0,1024,,G,,0,0,000000000,00000000000,0,0,0,1,0,0,0,0,0,0,0,30,0,0,0,1,12,6,2,30,0,0,0,1,37,28411,6,1,0,0,3,3,66,999,0,0,0,1,0,9,2010,9,2010,0,39,0,0,0,2,2,55,1,1,2,1,3,3,1,17,1,1,1,87,1,0
37,371153,2,3,3,5,12,11,53,12,6,1,0,37,1,35,443,35443,20,2004,5N1BV28UX4N3,5,N,1,B,V,2,8,U,X,4,N,3,0,P,NISS,QST,SV,4,17,3885,,0,1240,,G,,0,0,000000000,00000000000,0,0,0,1,0,0,0,0,0,0,0,55,0,0,0,12,12,6,2,12,0,0,0,1,37,28451,6,1,0,0,3,3,79,999,0,0,0,0,0,0,0,0,0,0,0,0,0,0,2,3,55,1,1,2,1,3,3,1,54,1,1,1,86,0,0
37,371153,3,3,1,5,12,11,53,12,6,1,0,37,3,49,421,49421,15,2007,JTEHT05J6721,J,T,E,H,T,0,5,J,6,7,2,1,0,P,TOYT,LCW,UT,7,17,5425,,0,1122,,G,,0,0,000000000,00000000000,0,0,0,1,0,0,0,0,0,0,0,0,0,0,0,9,9,2,1,54,0,0,0,1,37,28409,6,1,0,0,3,0,64,999,0,0,0,0,0,0,0,0,0,0,0,0,0,0,2,3,55,1,1,2,1,3,3,11,15,1,1,1,98,0,0
37,371154,1,1,1,24,12,17,30,8,0,1,0,37,1,23,481,23481,31,1994,1GTEK14K5RZ5,1,G,T,E,K,1,4,K,5,R,Z,5,0,T,GMC,SK1,PK,94,17,,2,1315,1175,SIE,G,,0,0,000000000,00000000000,0,0,0,1,0,0,0,0,0,0,0,45,0,0,0,12,12,2,1,8,0,0,0,1,37,28435,6,1,0,0,3,0,73,999,0,0,0,0,0,0,0,0,0,0,0,0,0,0,1,5,45,1,1,2,1,0,0,1,80,1,1,1,13,0,0
37,371155,1,1,2,26,12,8,45,34,0,1,0,37,1,23,401,23401,14,2004,1GKES16S7461,1,G,K,E,S,1,6,S,7,4,6,1,0,T,GMC,EXL,4W,4,17,,2,0,1290,ENV,G,,0,0,000000000,00000000000,0,0,0,1,0,0,0,0,0,0,0,55,0,1,5,3,0,6,2,1,0,0,0,1,37,28460,6,1,0,0,3,3,69,999,0,0,0,0,0,0,0,0,0,1,36,58,0,0,1,2,55,1,1,2,10,0,0,1,6,1,1,4,6,1,0
37,371156,1,2,1,22,12,13,7,59,0,1,0,51,2,20,431,20431,16,1999,1GNFK16R0XJ4,1,G,N,F,K,1,6,R,0,X,J,4,0,P,CHEV,K15,UT,99,17,5297,,0,1315,,G,,0,0,000000000,00000000000,0,0,0,1,0,0,0,0,0,0,0,55,0,0,0,12,12,6,2,12,0,0,0,1,51,24266,6,1,0,0,3,0,72,220,0,0,0,0,0,0,0,0,0,0,28,58,0,0,2,4,55,1,1,2,1,0,0,1,8,1,1,4,1,0,0
37,371156,2,2,1,22,12,13,7,59,0,1,0,37,2,12,37,12037,4,2004,1FAFP38Z34W1,1,F,A,F,P,3,8,Z,3,4,W,1,0,P,FORD,FZT,4D,4,17,2586,,0,1030,,G,,0,0,000000000,00000000000,0,0,0,1,0,0,0,0,0,0,0,55,0,0,0,9,9,6,2,12,0,0,0,1,21,41094,6,1,0,0,3,0,65,130,0,0,0,0,0,0,0,0,0,0,0,0,0,0,2,4,55,1,1,2,1,0,0,1,62,1,1,1,98,1,0
37,371157,1,1,3,3,12,4,6,1,0,1,0,51,9,49,401,49401,14,1995,JT3VN39W7S01,J,T,3,V,N,3,9,W,7,S,0,1,0,P,TOYT,RUN,UT,95,17,4105,,0,1033,,G,,0,0,000000000,00000000000,0,0,0,1,0,0,0,0,0,0,0,75,0,2,1,0,0,6,2,1,0,0,0,9,,,,,,,,,999,,,,,,,,,,,,0,0,0,0,3,4,65,1,1,1,1,0,0,0,6,0,0,0,98,1,0
37,371158,1,2,1,11,12,0,55,12,2,1,0,37,1,37,32,37032,4,1995,JHMCD563XSC0,J,H,M,C,D,5,6,3,X,S,C,0,0,P,HOND,ALX,4D,95,17,2809,,0,1069,,G,,0,0,000000000,00000000000,0,0,0,1,0,0,0,0,0,0,0,55,0,0,0,12,12,6,2,12,0,0,0,1,37,28338,6,1,0,0,3,0,65,999,0,0,0,0,0,0,0,0,0,0,28,0,0,0,1,2,55,1,1,2,1,0,0,1,10,1,1,2,50,0,0
37,371158,2,2,4,11,12,0,55,12,2,1,0,37,2,12,471,12471,30,1987,1FTBR10T0HUC,1,F,T,B,R,1,0,T,0,H,U,C,0,T,FORD,RNG,PK,87,17,,1,1140,1080,RNG,G,,0,0,000000000,00000000000,0,0,0,1,0,0,0,0,0,0,0,45,0,0,0,12,12,6,2,12,0,0,0,1,37,28338,6,1,0,0,3,0,64,999,1,0,0,0,0,10,2010,10,2010,0,0,0,0,0,1,2,55,1,1,2,1,0,0,1,62,1,1,1,51,1,0
37,371159,1,2,1,19,12,15,36,12,2,1,0,37,1,37,32,37032,4,2005,1HGCM56815A1,1,H,G,C,M,5,6,8,1,5,A,1,0,P,HOND,UEX,4D,5,17,3203,,0,1079,,G,,0,0,000000000,00000000000,0,0,0,1,0,0,0,0,0,0,0,55,0,0,0,12,12,6,2,12,0,0,0,1,37,28363,6,1,0,0,3,0,65,999,0,0,0,0,0,0,0,0,0,0,28,0,0,0,5,3,55,1,1,2,1,0,0,1,10,1,1,2,50,1,0
37,371159,2,2,1,19,12,15,36,12,2,1,0,37,1,20,481,20481,31,2000,1GCEC14W7YE1,1,G,C,E,C,1,4,W,7,Y,E,1,0,T,CHEV,SC1,PK,0,17,,2,1330,1190,SIL,G,,0,0,000000000,00000000000,0,0,0,1,0,0,0,0,0,0,0,55,0,0,0,12,12,6,2,12,0,0,0,1,37,28170,6,1,0,0,3,0,66,999,0,0,0,0,1,9,2010,9,2010,0,0,0,0,0,5,3,55,1,1,2,1,0,0,1,62,1,1,1,51,1,0
37,371160,1,1,1,16,12,8,36,35,0,1,0,37,1,12,481,12481,31,2004,1FTSW31P54EE,1,F,T,S,W,3,1,P,5,4,E,E,0,T,FORD,F3S,CW,4,17,,2,1724,1562,SRW,D,,0,0,000000000,00000000000,0,0,0,1,0,0,0,0,0,0,0,55,0,1,5,12,12,6,2,1,0,0,0,1,37,28364,6,1,0,0,3,3,73,999,0,0,0,0,0,0,0,0,0,1,36,0,0,0,1,2,55,1,1,2,4,0,0,1,6,1,1,4,1,1,0
37,371161,1,1,1,18,12,21,10,34,0,1,0,42,1,2,403,2403,14,1991,2J4FY19P8MJ1,2,J,4,F,Y,1,9,P,8,M,J,1,0,T,JEEP,W/S,2W,91,17,,1,0,934,W/Y,G,,0,0,000000000,00000000000,0,0,0,1,0,0,0,0,0,0,0,55,0,1,5,12,12,6,2,1,0,0,0,1,37,28340,0,0,0,0,0,0,70,999,0,0,0,0,0,0,0,0,0,1,36,0,0,0,1,2,55,1,1,2,2,0,0,1,6,1,1,4,1,1,1
37,371162,1,1,2,25,12,5,12,34,0,1,0,45,2,12,3,12003,2,2000,1FAFP4048YF1,1,F,A,F,P,4,0,4,8,Y,F,1,0,P,FORD,MUS,CP,0,17,3066,,0,1013,,G,,0,0,000000000,00000000000,0,0,0,1,0,0,0,0,0,0,0,55,0,1,5,12,12,6,2,1,0,0,0,1,37,28386,1,1,0,0,2,0,66,999,0,0,0,0,0,0,0,0,0,0,0,0,0,0,1,2,55,1,1,2,1,0,0,1,13,1,1,4,1,1,1
37,371163,1,1,1,28,12,20,2,11,0,1,0,92,0,53,733,53733,90,2006,000000000000,0,0,0,0,0,0,0,0,0,0,0,0,0,U,,,,,17,,,,,,,,0,0,000000000,00000000000,0,0,0,1,0,0,0,0,0,0,0,65,0,0,0,12,12,6,2,11,0,0,0,1,37,28364,1,1,0,0,1,0,68,999,0,0,0,0,1,9,2010,9,2010,1,36,0,0,0,1,2,55,1,1,2,1,0,0,1,87,1,1,1,13,1,0
37,371164,1,2,2,17,12,8,6,12,2,1,0,37,1,7,402,7402,14,2002,1B4HS48N72F1,1,B,4,H,S,4,8,N,7,2,F,1,0,P,DODG,DUR,UT,2,17,4595,,0,1160,,G,,0,0,000000000,00000000000,0,0,0,1,0,0,0,0,0,0,0,45,0,0,0,12,12,6,2,12,0,0,0,1,37,28081,6,1,0,0,3,0,67,999,0,0,0,1,2,4,2008,11,2010,1,28,36,0,0,1,2,45,2,2,2,4,0,0,14,6,1,1,2,50,0,0
37,371164,2,2,1,17,12,8,6,12,2,1,0,37,1,63,33,63033,4,2007,KNAFE1618750,K,N,A,F,E,1,6,1,8,7,5,0,0,P,KIA,SX5,4H,7,17,2950,,0,1028,,G,,0,0,000000000,00000000000,0,0,0,1,0,0,0,0,0,0,0,45,0,0,0,12,12,6,2,12,0,0,0,1,37,28081,6,1,0,0,3,0,67,999,0,0,0,0,0,0,0,0,0,0,0,0,0,0,1,2,45,3,2,2,4,0,0,14,62,1,1,1,51,1,0
37,371165,1,1,1,19,12,1,51,32,0,1,0,37,1,20,481,20481,31,1997,2GCEK19R8V12,2,G,C,E,K,1,9,R,8,V,1,2,0,T,CHEV,GK1,PC,97,17,,2,1555,1415,GM4,G,,0,0,000000000,00000000000,0,0,0,1,0,0,0,0,0,0,0,80,0,0,0,6,6,6,2,34,0,0,0,1,37,28366,6,1,6,0,3,0,72,999,0,0,0,0,0,0,0,0,0,1,36,0,0,0,1,2,55,3,1,2,2,0,0,14,6,1,1,4,6,1,1
37,371166,1,1,3,16,12,9,55,1,0,1,0,37,1,35,39,35039,4,1995,JN1CA21D5ST0,J,N,1,C,A,2,1,D,5,S,T,0,0,P,NISS,MGS,4D,95,17,2886,,0,1063,,G,,0,0,000000000,00000000000,0,0,0,1,0,0,0,0,0,0,0,55,0,2,5,0,0,6,2,1,0,0,0,1,37,28441,6,1,0,0,3,3,68,999,0,0,0,0,0,0,0,0,0,1,36,0,0,0,1,2,55,3,1,2,4,0,0,14,6,1,1,4,1,1,0
37,371167,1,1,3,24,12,22,50,34,0,1,0,37,1,37,32,37032,4,1997,1HGCD5638VA2,1,H,G,C,D,5,6,3,8,V,A,2,0,P,HOND,ULE,4D,97,17,2864,,0,1069,,G,,0,0,000000000,00000000000,0,0,0,1,0,0,0,0,0,0,0,55,0,1,5,9,0,6,2,1,0,0,0,1,37,28447,6,1,0,0,3,3,63,999,1,0,0,0,0,6,2010,6,2010,0,0,0,0,0,1,2,55,1,1,2,1,0,0,1,10,1,1,4,6,1,1
37,371168,1,1,4,17,12,22,55,5,0,1,0,37,2,7,472,7472,30,2002,1B7GG32N52S7,1,B,7,G,G,3,2,N,5,2,S,7,0,T,DODG,DSX,PC,2,17,,1,0,1309,DAK,G,,0,0,000000000,00000000000,0,0,0,1,0,0,0,0,0,0,0,35,0,0,0,0,0,0,1,5,0,0,0,1,37,28747,6,1,0,0,3,0,69,999,0,1,0,0,1,10,2009,5,2010,0,0,0,0,0,1,2,45,1,2,2,1,0,0,1,98,1,1,1,0,1,0
37,371169,1,3,1,9,12,7,51,12,6,1,0,37,1,37,32,37032,2,2003,1HGCM72223A0,1,H,G,C,M,7,2,2,2,3,A,0,0,P,HOND,ULX,CP,3,17,2994,,0,1051,,G,,0,0,000000000,00000000000,0,0,0,1,0,0,0,0,0,0,0,51,0,0,0,2,6,6,2,12,0,0,0,1,37,27525,6,1,0,0,3,0,69,999,0,0,0,0,0,0,0,0,0,0,58,0,0,0,3,4,65,1,1,2,1,0,0,1,10,1,1,2,64,1,0
37,371169,2,3,1,9,12,7,51,12,6,1,0,95,3,20,403,20403,14,2007,1GNDT13S2722,1,G,N,D,T,1,3,S,2,7,2,2,0,P,CHEV,TRL,UT,7,17,4523,,0,1130,,G,,0,0,000000000,00000000000,0,0,0,1,0,0,0,0,0,0,0,65,0,0,0,12,12,6,2,12,0,0,0,1,37,28701,6,1,6,0,3,0,73,999,0,0,0,0,0,0,0,0,0,0,0,0,0,0,3,5,65,1,1,2,1,0,0,1,64,1,1,1,65,0,0
37,371169,3,3,1,9,12,7,51,12,6,1,0,37,1,2,403,2403,14,2007,1J8GA59177L1,1,J,8,G,A,5,9,1,7,7,L,1,0,T,JEEP,SAH,4W,7,17,,1,0,1160,WRA,G,,0,0,000000000,00000000000,0,0,0,1,0,0,0,0,0,0,0,65,0,0,0,12,12,6,2,12,0,0,0,1,37,27560,6,1,0,0,3,3,76,999,0,0,0,0,0,0,0,0,0,0,0,0,0,0,3,5,65,1,1,2,1,0,0,1,64,1,1,1,98,0,0
37,371170,1,3,1,15,12,10,50,12,2,1,0,37,1,20,471,20471,30,2000,1GCCS1444Y81,1,G,C,C,S,1,4,4,4,Y,8,1,0,T,CHEV,S14,PK,0,17,,1,1179,1083,S,G,,0,0,000000000,00000000000,0,0,0,1,0,0,0,0,0,0,0,15,0,0,0,12,12,6,2,12,0,0,0,1,37,27610,6,1,6,0,3,3,69,999,0,0,0,0,0,0,0,0,0,0,39,0,0,0,1,2,45,1,1,2,1,3,3,11,15,1,1,2,84,0,0
37,371170,2,3,1,15,12,10,50,12,2,1,0,37,1,12,423,12423,15,2000,1FMNU43L4YED,1,F,M,N,U,4,3,L,4,Y,E,D,0,P,FORD,EXC,UT,0,17,7188,,0,1371,,G,,0,0,000000000,00000000000,0,0,0,1,0,0,0,0,0,0,0,45,0,0,0,12,12,6,2,12,0,0,0,1,37,27610,6,1,6,0,3,0,65,999,0,0,0,0,0,0,0,0,0,0,0,0,0,0,1,2,45,1,1,2,1,3,3,1,17,1,1,1,84,0,0
37,371170,3,3,2,15,12,10,50,12,2,1,0,37,1,12,471,12471,30,1990,1FTCR14T2LPB,1,F,T,C,R,1,4,T,2,L,P,B,0,T,FORD,RNS,PS,90,17,,1,0,1250,RNG,G,,0,0,000000000,00000000000,0,0,0,1,0,0,0,0,0,0,0,45,0,0,0,9,9,4,9,12,0,0,0,1,37,27608,6,1,6,0,3,3,66,999,0,0,0,0,0,0,0,0,0,0,0,0,0,0,1,2,45,1,1,2,1,3,3,1,17,1,1,1,98,1,0
37,371171,1,1,3,27,12,12,13,1,0,1,0,37,1,2,404,2404,14,1996,1J4EX58S3TC1,1,J,4,E,X,5,8,S,3,T,C,1,0,T,JEEP,LRO,4W,96,17,,1,0,1059,GCK,G,,0,0,000000000,00000000000,0,0,0,1,0,0,0,0,0,0,0,45,0,2,5,0,3,6,2,42,0,0,0,1,37,28659,6,1,0,0,3,0,69,999,0,0,0,1,2,2,2010,10,2010,1,36,0,0,0,1,2,55,3,2,2,4,0,0,14,6,1,1,4,98,1,0
37,371172,1,1,1,30,12,17,59,8,0,1,0,37,1,30,47,30047,3,2000,3VWCF21C6YM4,3,V,W,C,F,2,1,C,6,Y,M,4,0,P,VOLK,NGI,2H,0,17,2815,,0,989,,D,,0,0,000000000,00000000000,0,0,0,1,0,0,0,0,0,0,0,999,0,0,0,12,12,6,2,8,0,0,0,1,37,27896,6,1,0,0,3,0,68,999,0,0,0,1,0,5,2008,5,2008,0,0,0,0,0,1,5,45,1,1,2,1,0,0,1,80,1,1,1,13,0,0
37,371173,1,1,1,17,6,15,44,7,0,1,0,92,0,53,733,53733,90,9999,000000000000,0,0,0,0,0,0,0,0,0,0,0,0,0,U,,,,,17,,,,,,,,0,0,000000000,00000000000,0,0,0,1,0,0,0,0,0,0,0,25,0,0,0,0,0,4,9,7,0,0,0,1,37,27852,6,1,0,0,1,0,71,999,1,0,0,0,0,4,2008,4,2008,0,58,0,0,0,1,2,55,1,1,2,1,0,0,1,98,1,1,4,0,1,0
37,371174,1,2,3,16,7,11,27,12,6,1,0,37,2,35,47,35047,4,1995,1N4BU31D2SC1,1,N,4,B,U,3,1,D,2,S,C,1,0,P,NISS,AGS,4D,95,17,2800,,0,1031,,G,,0,0,000000000,00000000000,0,0,0,1,0,0,0,0,0,0,0,10,0,0,0,9,10,6,2,12,0,0,0,1,37,27229,6,1,0,0,3,0,70,999,0,0,0,0,0,0,0,0,0,0,38,0,0,0,2,2,35,1,1,2,1,97,8,1,17,1,1,1,89,1,0
37,371174,2,2,1,16,7,11,27,12,6,1,0,37,2,98,804,98804,66,2003,5KJJAHAV43PL,5,K,J,J,A,H,A,V,4,3,P,L,1,T,WSTR,490,DS,3,17,,8,0,0,CNV,D,,1,99,999999999,99999999999,3,6,1,1,0,0,0,0,0,0,0,35,0,0,0,12,12,6,2,12,0,0,0,1,37,28133,6,1,6,0,3,0,71,999,0,0,0,0,0,0,0,0,0,0,0,0,0,0,2,2,35,1,1,2,1,97,8,1,54,1,1,1,88,0,0
37,371175,1,1,1,4,7,2,38,11,0,1,0,92,0,53,734,53734,90,2008,000000000000,0,0,0,0,0,0,0,0,0,0,0,0,0,U,,,,,17,,,,,,,,0,0,000000000,00000000000,0,0,0,1,0,0,0,0,0,0,0,65,0,1,1,12,0,6,2,1,0,0,0,1,37,27804,6,1,0,0,1,0,71,999,0,0,0,0,0,0,0,0,0,1,36,0,0,0,1,3,45,3,3,2,1,0,0,14,87,1,1,1,13,1,1
37,371176,1,1,1,20,8,23,35,42,0,1,0,37,1,7,42,7042,2,1998,4B3AU52N6WE1,4,B,3,A,U,5,2,N,6,W,E,1,0,P,DODG,AES,2P,98,17,2886,,0,1037,,G,,0,0,000000000,00000000000,0,0,0,1,0,0,0,0,0,0,0,60,0,0,0,12,12,6,2,42,0,0,0,1,37,28901,1,1,0,0,2,0,70,999,2,0,0,1,0,2,2008,7,2009,1,92,0,0,0,2,4,55,1,1,2,2,0,0,1,6,1,1,4,6,1,0