STATE,ST_CASE,VEH_NO,VE_FORMS,NUMOCCS,DAY,MONTH,HOUR,MINUTE,HARM_EV,MAN_COLL,UNITTYPE,HIT_RUN,REG_STAT,OWNER,MAKE,MODEL,MAK_MOD,BODY_TYP,MOD_YEAR,VIN,VIN_1,VIN_2,VIN_3,VIN_4,VIN_5,VIN_6,VIN_7,VIN_8,VIN_9,VIN_10,VIN_11,VIN_12,TOW_VEH,VINTYPE,VINMAKE,VINA_MOD,VIN_BT,VINMODYR,VIN_LNGT,VIN_WGT,WGTCD_TR,WHLBS_LG,WHLBS_SH,SER_TR,FUELCODE,MCYCL_DS,J_KNIFE,MCARR_I1,MCARR_I2,MCARR_ID,GVWR,V_CONFIG,CARGO_BT,HAZ_INV,HAZ_PLAC,HAZ_ID,HAZ_CNO,HAZ_REL,BUS_USE,SPEC_USE,EMER_USE,TRAV_SP,UNDERIDE,ROLLOVER,ROLINLOC,IMPACT1,IMPACT2,DEFORMED,TOWED,M_HARM,VEH_SC1,VEH_SC2,FIRE_EXP,DR_PRES,L_STATE,DR_ZIP,L_STATUS,L_TYPE,CDL_STAT,L_ENDORS,L_COMPL,L_RESTRI,DR_HGT,DR_WGT,PREV_ACC,PREV_SUS,PREV_DWI,PREV_SPD,PREV_OTH,FIRST_MO,FIRST_YR,LAST_MO,LAST_YR,SPEEDREL,DR_SF1,DR_SF2,DR_SF3,DR_SF4,VTRAFWAY,VNUM_LAN,VSPD_LIM,VALIGN,VPROFILE,VPAVETYP,VSURCOND,VTRAFCON,VTCONT_F,P_CRASH1,P_CRASH2,P_CRASH3,PCRASH4,PCRASH5,ACC_TYPE,DEATHS,DR_DRINK
38,380019,2,2,1,18,4,14,35,12,6,1,0,92,0,99,701,99701,88,9999,850335001575,8,5,0,3,3,5,0,0,1,5,7,5,0,P,,,,,,,,,,,,,0,0,000000000,00000000000,0,0,0,1,0,0,0,0,0,0,0,999,0,0,0,11,12,6,2,12,0,0,0,1,38,58243,6,7,0,0,3,1,67,130,0,0,0,0,0,0,0,0,0,0,39,0,0,0,1,2,25,1,1,2,1,20,3,1,17,1,2,1,89,1,0
38,380020,1,2,2,18,4,18,11,12,6,1,0,38,1,37,705,37705,80,1996,JH2RC4306TM2,J,H,2,R,C,4,3,0,6,T,M,2,0,M,HOND,F7C,RS,96,17,,,,,,,748,0,0,000000000,00000000000,0,0,0,1,0,0,0,0,0,0,0,998,0,0,0,12,12,6,2,12,0,0,0,1,38,58102,6,1,6,0,3,1,66,150,0,0,0,0,0,0,0,0,0,0,0,0,0,0,1,2,55,1,1,2,1,0,0,1,66,2,1,1,88,2,0
38,380020,2,2,2,18,4,18,11,12,6,1,0,38,1,23,481,23481,31,2003,1GTHK23133F2,1,G,T,H,K,2,3,1,3,3,F,2,0,T,GMC,2KH,CW,3,17,,2,1670,1530,SIE,D,,0,0,000000000,00000000000,0,0,0,1,0,0,0,0,0,0,0,998,0,0,0,7,7,6,2,12,0,0,0,1,38,58033,6,1,1,0,3,1,70,195,0,5,1,2,1,6,2007,2,2009,0,39,0,0,0,1,2,55,1,1,2,1,20,3,1,17,1,1,1,89,0,0
38,380021,1,2,5,21,4,21,30,12,6,1,0,98,1,21,21,21021,4,1999,1G3NF12E9XC3,1,G,3,N,F,1,2,E,9,X,C,3,0,P,OLDS,AGS,CP,99,17,2968,,0,1070,,G,,0,0,000000000,00000000000,0,0,0,1,0,0,0,0,0,0,0,998,0,0,0,3,81,6,2,12,0,0,0,1,98,58370,0,0,0,0,0,0,65,125,0,0,0,0,0,0,0,0,0,1,58,0,0,0,1,2,55,3,9,2,1,0,0,14,10,8,4,2,62,1,1
38,380021,2,2,2,21,4,21,30,12,6,1,0,98,1,20,401,20401,14,1995,1GNDT13W4S21,1,G,N,D,T,1,3,W,4,S,2,1,0,P,CHEV,BZR,UT,95,17,4071,,0,1070,,G,,0,0,000000000,00000000000,0,0,0,1,0,0,0,0,0,0,0,998,0,0,0,12,12,6,2,12,0,0,0,1,38,58335,6,1,0,0,3,1,66,227,0,0,0,0,0,0,0,0,0,0,0,0,0,0,1,2,55,2,8,2,1,0,0,14,62,99,1,1,62,0,1
38,380022,1,1,1,24,4,1,30,35,0,1,0,38,1,20,481,20481,31,1995,1GCEC14K1SZ1,1,G,C,E,C,1,4,K,1,S,Z,1,0,T,CHEV,GC1,PK,95,17,,2,1315,1175,GM4,G,,0,0,000000000,00000000000,0,0,0,1,0,0,0,0,0,0,0,998,0,1,5,12,12,6,2,35,0,0,0,1,38,58368,6,1,0,0,3,1,66,145,0,0,0,1,0,3,2008,3,2008,1,0,0,0,0,1,2,65,3,2,2,1,0,0,14,13,1,1,4,1,1,1
38,380023,1,1,4,24,4,2,40,1,0,1,0,99,9,20,481,20481,31,1999,1GCEK19T6XZ1,1,G,C,E,K,1,9,T,6,X,Z,1,0,T,CHEV,SK1,3C,99,17,,2,1575,1435,SIL,G,,0,0,000000000,00000000000,0,0,0,1,0,0,0,0,0,0,0,998,0,1,5,0,99,6,2,1,0,0,0,1,38,58329,6,1,0,0,3,0,70,180,1,2,0,6,1,10,2007,1,2009,1,0,0,0,0,1,2,98,3,1,2,1,0,0,14,13,6,1,4,1,1,1
38,380024,1,1,3,27,4,0,40,33,0,1,0,48,1,52,46,52046,4,2008,JA3AW86V18U0,J,A,3,A,W,8,6,V,1,8,U,0,0,P,MITS,LEG,4D,8,17,3517,,0,1043,,G,,0,0,000000000,00000000000,0,0,0,1,0,0,0,0,0,0,0,999,0,0,0,1,12,6,2,42,0,0,0,1,48,78343,6,1,0,0,3,0,69,260,0,1,0,2,0,5,2008,11,2009,1,82,0,0,0,1,2,25,1,1,2,1,0,0,1,13,2,1,4,4,1,1
38,380025,1,1,1,5,3,11,8,1,0,1,0,38,1,9,11,9011,4,1989,3P3BK46D9KT9,3,P,3,B,K,4,6,D,9,K,T,9,0,P,PLYM,RLE,4D,89,17,2424,,0,1003,,G,,0,0,000000000,00000000000,0,0,0,1,0,0,0,0,0,0,0,998,0,1,5,0,0,6,2,1,0,0,0,1,38,58103,6,1,0,0,3,3,63,188,0,0,0,0,0,0,0,0,0,0,0,0,0,0,1,2,55,1,2,4,2,0,0,1,9,2,1,4,1,1,0
38,380026,1,3,1,19,5,21,30,12,8,1,0,38,1,21,23,21023,4,2000,1G3WH52H8YF3,1,G,3,W,H,5,2,H,8,Y,F,3,0,P,OLDS,IGX,4D,0,17,3455,,0,1090,,G,,0,0,000000000,00000000000,0,0,0,1,0,0,0,0,0,0,0,998,0,0,0,11,11,6,2,12,32,0,0,1,38,58374,6,1,0,0,3,0,64,161,0,0,0,0,0,0,0,0,0,0,51,0,0,0,1,2,55,1,1,2,1,0,0,1,10,1,1,2,64,0,0
38,380026,2,3,1,19,5,21,30,12,8,1,0,38,1,72,706,72706,80,1980,6E18798J0,6,E,1,8,7,9,8,J,0,,,,0,P,,,,,,,,,,,,,0,0,000000000,00000000000,0,0,0,1,0,0,0,0,0,0,0,998,0,0,0,9,9,6,2,12,0,0,0,1,38,58301,6,1,0,0,3,0,75,340,0,0,0,0,0,0,0,0,0,0,92,0,0,0,1,2,55,1,1,2,1,0,0,1,62,1,1,1,65,0,0
38,380026,3,3,2,19,5,21,30,12,8,1,0,38,1,72,706,72706,80,2006,1HD1FFW166Y6,1,H,D,1,F,F,W,1,6,6,Y,6,0,M,HD,TCI,RS,6,17,,,,,,,1450,0,0,000000000,00000000000,0,0,0,1,0,0,0,0,0,0,0,998,0,0,0,9,9,6,2,12,0,0,0,1,38,58301,6,1,0,0,2,1,73,250,0,0,0,1,0,3,2010,3,2010,0,92,0,0,0,1,2,55,1,1,2,1,0,0,1,62,1,1,1,98,1,0
38,380027,1,1,1,20,5,1,5,1,0,1,0,38,1,20,481,20481,31,2001,2GCEK19V0113,2,G,C,E,K,1,9,V,0,1,1,3,0,T,CHEV,SK1,4C,1,17,,2,1575,1435,SIL,G,,0,0,000000000,00000000000,0,0,0,1,0,0,0,0,0,0,0,999,0,1,5,0,11,6,2,1,0,0,0,1,38,58529,6,1,0,0,3,0,72,165,0,0,0,0,0,0,0,0,0,0,0,0,0,0,1,2,55,3,2,2,1,0,0,14,13,7,4,4,7,1,1
38,380028,1,1,1,31,5,19,40,57,0,1,0,38,1,72,706,72706,80,1999,1HD1FCW13XY6,1,H,D,1,F,C,W,1,3,X,Y,6,0,M,HD,FLU,RS,99,17,,,,,,,1450,0,0,000000000,00000000000,0,0,0,1,0,0,0,0,0,0,0,999,0,0,0,2,2,6,2,57,0,0,0,1,38,58565,6,1,0,0,3,0,70,180,0,0,0,1,0,6,2007,6,2007,9,0,0,0,0,1,2,55,3,1,2,1,0,0,14,13,1,1,4,1,1,0
38,380029,1,1,4,28,5,6,23,1,0,1,0,98,2,20,16,20016,2,1999,1G1JC1247X71,1,G,1,J,C,1,2,4,7,X,7,1,0,P,CHEV,C/S,CP,99,17,2617,,0,1041,,G,,0,0,000000000,00000000000,0,0,0,1,0,0,0,0,0,0,0,998,0,1,5,0,3,6,2,1,0,0,0,1,98,58381,0,0,0,0,0,0,999,999,0,0,0,0,0,0,0,0,0,1,0,0,0,0,1,2,55,3,2,4,1,0,0,14,12,1,1,4,6,1,1
38,380030,1,2,2,3,6,15,5,12,2,1,0,41,2,20,444,20444,20,2006,1GNDV33L66D1,1,G,N,D,V,3,3,L,6,6,D,1,0,T,CHEV,DLT,ES,6,17,,1,0,1211,UPL,G,,0,0,000000000,00000000000,0,0,0,1,0,0,0,0,0,0,0,998,0,1,2,12,12,6,2,2,0,0,1,1,38,58504,0,0,0,0,0,0,70,181,0,0,0,0,0,0,0,0,0,1,28,0,0,0,1,2,55,3,1,2,1,0,0,14,10,7,1,2,50,2,1
38,380030,2,2,1,3,6,15,5,12,2,1,0,38,1,37,32,37032,4,1998,1HGCG5646WA0,1,H,G,C,G,5,6,4,6,W,A,0,0,P,HOND,ULX,4D,98,17,2952,,0,1069,,G,,0,0,000000000,00000000000,0,0,0,1,0,0,0,0,0,0,0,998,0,0,0,12,12,6,2,12,0,0,0,1,38,58504,6,1,0,0,3,1,66,270,4,0,0,0,1,7,2008,7,2008,0,0,0,0,0,1,2,55,3,1,2,1,0,0,14,62,2,1,1,51,1,0
38,380031,1,3,1,5,6,1,39,12,6,1,0,27,2,20,20,20020,4,1995,2G1WL52M7S11,2,G,1,W,L,5,2,M,7,S,1,1,0,P,CHEV,LUM,4D,95,17,3330,,0,1075,,G,,0,0,000000000,00000000000,0,0,0,1,0,0,0,0,0,0,0,99,0,0,0,11,11,6,2,12,0,0,0,1,27,56716,2,1,0,0,2,0,999,999,0,0,0,0,0,0,0,0,0,1,36,37,0,0,1,4,40,1,1,1,1,2,3,1,17,1,1,1,77,0,1
38,380031,2,3,4,5,6,1,39,12,6,1,0,38,1,22,22,22022,4,2008,1G2ZG57B3841,1,G,2,Z,G,5,7,B,3,8,4,1,0,P,PONT,6BS,4D,8,17,3305,,0,1123,,G,,0,0,000000000,00000000000,0,0,0,1,0,0,0,0,0,0,0,998,0,0,0,4,4,6,2,12,0,0,0,1,38,58203,6,1,0,0,3,0,67,250,1,0,0,0,0,3,2010,3,2010,0,0,0,0,0,1,4,40,1,1,1,1,2,3,11,66,10,1,1,76,2,0
38,380031,3,3,2,5,6,1,39,12,6,1,0,38,3,37,421,37421,15,2009,5FNYF48529B0,5,F,N,Y,F,4,8,5,2,9,B,0,0,P,HOND,PIL,UT,9,17,4544,,0,1092,,G,,0,0,000000000,00000000000,0,0,0,1,0,0,0,0,0,0,0,99,0,0,0,11,11,4,1,12,0,0,0,1,38,58208,6,1,0,0,3,0,73,200,0,0,0,0,0,0,0,0,0,0,0,0,0,0,1,4,40,1,1,1,1,2,3,1,62,9,1,1,98,0,0
38,380032,1,2,1,23,6,6,50,12,2,1,0,38,3,23,882,23882,61,2005,J8DB4B168570,J,8,D,B,4,B,1,6,8,5,7,0,0,T,GMC,W35,TB,5,17,,3,1760,1090,3/5,D,,0,99,999999999,99999999999,2,1,1,1,0,0,0,0,0,0,0,998,0,0,0,12,1,6,2,12,0,0,0,1,38,58401,6,1,7,0,3,0,66,140,0,0,0,2,0,5,2010,6,2010,0,51,0,0,0,1,2,65,2,1,2,1,0,0,14,10,1,1,2,50,0,0
38,380032,2,2,2,23,6,6,50,12,2,1,0,38,1,20,422,20422,15,2008,3GNFK16348G2,3,G,N,F,K,1,6,3,4,8,G,2,1,P,CHEV,K15,UT,8,17,5743,,0,1300,,F,,1,0,000000000,00000000000,0,0,0,1,0,0,0,0,0,0,0,998,0,0,0,12,1,6,2,12,0,0,0,1,38,58301,6,1,0,0,3,0,73,200,0,0,0,0,0,0,0,0,0,0,0,0,0,0,1,2,65,3,1,2,1,0,0,14,62,6,1,2,51,1,0
38,380033,1,1,2,24,6,20,15,1,0,1,0,38,2,7,442,7442,20,2000,2B4GP44G2YR5,2,B,4,G,P,4,4,G,2,Y,R,5,0,P,DODG,CAR,SV,0,17,3863,,0,1193,,F,,0,0,000000000,00000000000,0,0,0,1,0,0,0,0,0,0,0,998,0,1,5,0,81,6,2,1,0,0,0,1,38,58790,6,1,0,0,3,1,62,140,0,0,0,2,0,4,2010,4,2010,0,0,0,0,0,2,2,70,1,1,2,1,0,0,1,12,1,4,4,9,1,0
38,380034,1,1,1,5,7,22,0,1,0,1,0,38,1,72,706,72706,80,2007,1HD1FF4147Y6,1,H,D,1,F,F,4,1,4,7,Y,6,0,M,HD,FHC,RS,7,17,,,,,,,1584,0,0,000000000,00000000000,0,0,0,1,0,0,0,0,0,0,0,998,0,0,0,0,61,6,2,1,0,0,0,1,38,58504,6,1,6,0,3,0,71,190,0,0,0,0,0,0,0,0,0,0,0,0,0,0,1,2,65,3,2,2,1,0,0,14,18,2,2,1,98,1,0
38,380035,1,1,1,6,7,12,50,35,0,1,0,38,2,53,402,53402,14,1991,2S3TA01C5M64,2,S,3,T,A,0,1,C,5,M,6,4,0,P,SUZI,SDK,UT,91,17,0,,0,866,,G,,0,0,000000000,00000000000,0,0,0,1,0,0,0,0,0,0,0,998,0,1,5,12,12,6,2,1,0,0,0,1,38,58623,6,1,0,0,3,1,66,145,0,0,0,0,0,0,0,0,0,0,0,0,0,0,1,2,45,1,1,2,1,0,0,1,11,6,1,4,4,1,0
38,380036,1,1,1,16,7,11,45,9,0,1,0,38,3,12,481,12481,31,2004,1FTPX14534NA,1,F,T,P,X,1,4,5,3,4,N,A,0,T,FORD,F15,4C,4,17,,2,1450,1260,COF,G,,0,0,000000000,00000000000,0,0,0,1,0,0,0,0,0,0,0,53,0,0,0,1,1,4,3,9,0,0,0,1,38,58703,6,1,6,0,3,0,67,160,0,0,0,1,0,1,2008,1,2008,0,85,86,0,0,2,2,70,1,1,2,1,0,0,1,18,2,1,1,13,0,0
38,380037,1,1,2,9,7,21,30,42,0,1,0,38,2,20,481,20481,31,1985,1GCCS14B1F21,1,G,C,C,S,1,4,B,1,F,2,1,0,T,CHEV,S14,PK,85,17,,1,1229,1083,S,G,,0,0,000000000,00000000000,0,0,0,1,0,0,0,0,0,0,0,40,0,0,0,12,12,6,2,42,0,0,0,1,38,58639,6,1,6,0,3,0,70,220,0,0,0,0,0,0,0,0,0,0,58,0,0,0,1,2,55,1,1,4,1,0,0,1,13,7,1,4,1,1,1
38,380038,1,2,1,10,7,6,2,12,6,1,0,38,1,72,706,72706,80,2005,1HD1FXV115Y6,1,H,D,1,F,X,V,1,1,5,Y,6,0,M,HD,HRF,RS,5,17,,,,,,,1450,0,0,000000000,00000000000,0,0,0,1,0,0,0,0,0,0,0,999,0,0,0,12,12,6,2,12,0,0,0,1,38,58638,6,1,6,0,3,3,72,200,0,0,0,1,0,7,2010,7,2010,0,0,0,0,0,1,2,55,2,2,4,1,0,0,14,55,2,2,1,88,1,0
38,380038,2,2,1,10,7,6,2,12,6,1,0,38,2,12,17,12017,4,1997,1FALP52U9VG1,1,F,A,L,P,5,2,U,9,V,G,1,0,P,FORD,TAG,4D,97,17,3329,,0,1085,,G,,0,0,000000000,00000000000,0,0,0,1,0,0,0,0,0,0,0,999,0,0,0,61,61,6,2,12,0,0,0,1,38,58638,6,1,6,0,3,3,70,170,0,0,0,0,0,0,0,0,0,0,0,0,0,0,1,2,45,1,8,4,1,20,3,1,17,1,1,1,89,0,1
38,380039,1,2,1,15,7,14,58,12,2,1,0,38,2,20,481,20481,31,1999,1GCGK29U6XE2,1,G,C,G,K,2,9,U,6,X,E,2,0,T,CHEV,SK2,3C,99,17,,2,1575,1435,SIL,G,,0,0,000000000,00000000000,0,0,0,1,0,0,0,0,0,0,0,998,0,0,0,12,12,6,2,12,0,0,1,1,27,55337,6,1,0,0,3,0,72,225,0,0,0,0,0,0,0,0,0,0,28,0,0,0,1,2,65,1,1,2,1,0,0,1,10,1,1,2,50,1,1
38,380039,2,2,1,15,7,14,58,12,2,1,0,56,3,85,881,85881,66,2007,1XKWDB9X67J1,1,X,K,W,D,B,9,X,6,7,J,1,1,T,KW,W90,DS,7,17,,8,2850,1600,CON,D,,1,56,1690316,561690316,3,6,1,1,0,0,0,0,0,0,0,998,0,0,0,12,12,6,2,12,0,0,1,1,56,82718,6,1,6,0,3,1,69,250,0,0,0,2,1,6,2009,6,2010,0,0,0,0,0,1,2,65,1,1,2,1,0,0,1,54,4,1,1,51,1,0
38,380040,1,1,2,17,7,15,25,32,0,1,0,38,1,72,706,72706,80,2010,1HD1PYP1XAB9,1,H,D,1,P,Y,P,1,X,A,B,9,0,M,HD,,RS,10,17,,,,,,,,0,0,000000000,00000000000,0,0,0,1,0,0,0,0,0,0,0,63,0,0,0,12,12,2,3,32,0,0,0,1,38,58225,6,1,0,0,3,1,70,280,0,0,0,1,0,4,2010,4,2010,1,0,0,0,0,1,2,35,3,1,2,1,0,0,14,13,6,1,4,1,1,1
38,380041,1,2,1,22,7,13,21,12,2,1,0,38,1,20,2,20002,4,2000,2G1WF55E9Y92,2,G,1,W,F,5,5,E,9,Y,9,2,0,P,CHEV,IMP,4D,0,17,3389,,0,1110,,G,,0,0,000000000,00000000000,0,0,0,1,0,0,0,0,0,0,0,998,0,0,0,12,12,6,2,12,0,0,0,1,38,58250,6,1,0,0,3,1,62,162,0,0,0,0,0,0,0,0,0,0,0,0,0,0,1,2,65,1,1,2,2,0,0,1,10,1,1,2,50,1,0
38,380041,2,2,1,22,7,13,21,12,2,1,0,38,1,23,481,23481,31,2003,2GTEK19T8312,2,G,T,E,K,1,9,T,8,3,1,2,0,T,GMC,NK1,4C,3,17,,2,1575,1435,SIE,G,,0,0,000000000,00000000000,0,0,0,1,0,0,0,0,0,0,0,998,0,0,0,12,12,6,2,12,0,0,0,1,38,58237,6,1,0,0,3,1,65,170,0,0,0,0,0,0,0,0,0,0,0,0,0,0,1,2,65,1,1,2,2,0,0,1,62,1,1,1,51,0,0
38,380042,1,2,1,21,7,21,53,12,6,1,0,38,1,72,706,72706,80,2004,1HD1HAZ184K8,1,H,D,1,H,A,Z,1,8,4,K,8,0,M,HD,VRA,RS,4,17,,,,,,,1130,0,0,000000000,00000000000,0,0,0,1,0,0,0,0,0,0,0,22,0,0,0,12,12,6,2,12,0,0,0,1,38,58503,6,1,0,0,3,0,69,175,0,0,0,0,0,0,0,0,0,0,0,0,0,0,2,2,30,3,5,2,1,0,0,14,66,1,1,1,88,1,1
38,380042,2,2,1,21,7,21,53,12,6,1,0,38,2,7,20,7020,4,1995,1B3ES47C0SD5,1,B,3,E,S,4,7,C,0,S,D,5,0,P,DODG,NEH,4P,95,17,2463,,0,1040,,G,,0,0,000000000,00000000000,0,0,0,1,0,0,0,0,0,0,0,998,0,0,0,10,10,6,2,12,0,0,0,1,38,58520,6,1,0,0,3,1,63,200,0,0,0,0,1,3,2010,3,2010,0,0,0,0,0,2,2,25,1,1,2,1,20,3,1,17,1,1,1,89,0,0
38,380043,1,2,2,16,7,14,28,12,2,1,0,56,1,18,22,18022,4,2005,2G4WD5324512,2,G,4,W,D,5,3,2,4,5,1,2,0,P,BUIC,LAL,4D,5,17,3502,,0,1138,,G,,0,0,000000000,00000000000,0,0,0,1,0,0,0,0,0,0,0,998,0,0,0,12,12,6,2,12,0,0,0,1,56,82009,6,1,0,0,3,1,68,180,0,0,0,0,0,0,0,0,0,0,28,0,0,0,1,2,65,1,2,2,1,0,0,1,10,1,1,2,50,1,0
38,380043,2,2,3,16,7,14,28,12,2,1,0,38,2,7,442,7442,20,2005,1D4GP24RX5B2,1,D,4,G,P,2,4,R,X,5,B,2,0,P,DODG,CAR,SV,5,17,3867,,0,1193,,G,,0,0,000000000,00000000000,0,0,0,1,0,0,0,0,0,0,0,65,0,0,0,12,12,6,2,12,0,0,0,1,38,58601,6,1,0,0,3,1,64,200,0,0,0,0,1,8,2007,8,2007,0,0,0,0,0,1,2,65,1,2,2,1,0,0,1,62,9,1,1,51,0,0
38,380044,1,2,2,31,7,1,55,8,0,1,0,99,9,99,999,99999,99,9999,999999999999,9,9,9,9,9,9,9,9,9,9,9,9,0,U,,,,9,17,,,,,,,,0,0,000000000,00000000000,0,0,0,1,0,0,0,0,0,0,0,998,0,0,0,1,12,4,1,8,0,0,0,1,99,99999,9,9,99,9,9,9,999,999,99,99,99,99,99,99,9999,99,9999,9,0,0,0,0,1,2,55,1,1,2,1,0,0,1,80,99,1,1,13,0,0
38,380044,2,2,1,31,7,1,55,8,0,1,1,99,9,99,999,99999,99,9999,999999999999,9,9,9,9,9,9,9,9,9,9,9,9,0,U,,,,9,17,,,,,,,,0,0,000000000,00000000000,0,0,0,1,0,0,0,0,0,0,0,998,0,0,0,14,99,9,1,8,0,0,0,1,99,99999,9,9,99,9,9,9,999,999,99,99,99,99,99,99,9999,99,9999,9,0,0,0,0,1,2,55,1,1,2,1,0,0,1,80,99,1,1,98,0,0
38,380045,1,1,1,1,8,4,24,8,0,1,0,38,2,12,17,12017,4,2006,1FAFP56UX6A1,1,F,A,F,P,5,6,U,X,6,A,1,0,P,FORD,TEL,4D,6,17,3314,,0,1085,,G,,0,0,000000000,00000000000,0,0,0,1,0,0,0,0,0,0,0,60,0,0,0,1,1,2,3,8,0,0,0,1,38,58538,6,1,0,0,3,0,70,165,0,0,0,0,0,0,0,0,0,0,0,0,0,0,1,2,65,1,2,2,1,0,0,1,80,6,1,1,13,0,0
38,380046,1,2,1,8,8,17,42,12,2,1,0,92,0,20,421,20421,15,1996,1GNDT13W1T21,1,G,N,D,T,1,3,W,1,T,2,1,0,P,CHEV,BZR,UT,96,17,4023,,0,1070,,G,,0,0,000000000,00000000000,0,0,0,1,0,0,0,0,0,0,0,999,0,0,0,12,12,6,2,12,0,0,0,1,38,58274,2,1,0,0,2,0,71,180,0,1,0,0,0,5,2010,5,2010,1,0,0,0,0,1,2,55,1,1,4,1,0,0,1,10,1,1,2,50,1,1
38,380046,2,2,1,8,8,17,42,12,2,1,0,38,3,7,482,7482,31,2007,3D7KS28A97G8,3,D,7,K,S,2,8,A,9,7,G,8,0,T,DODG,SQ2,CW,7,17,,2,1605,1405,RPC,D,,0,0,000000000,00000000000,0,0,0,1,0,0,0,0,0,0,0,23,0,0,0,12,12,6,2,12,0,0,0,1,38,58046,6,1,6,0,3,1,76,185,0,0,0,0,0,0,0,0,0,0,0,0,0,0,1,2,55,1,1,4,1,0,0,1,62,9,1,2,51,0,0
38,380047,1,1,1,9,8,23,0,1,0,1,0,48,1,12,401,12401,14,1998,1FMZU32X1WUA,1,F,M,Z,U,3,2,X,1,W,U,A,0,P,FORD,EPR,UT,98,17,3911,,0,1115,,G,,0,0,000000000,00000000000,0,0,0,1,0,0,0,0,0,0,0,999,0,1,5,0,3,6,2,1,0,0,0,1,48,56201,1,1,0,0,3,1,67,195,0,4,0,1,0,5,2009,3,2010,0,0,0,0,0,1,2,35,1,1,4,2,0,0,1,9,2,4,4,7,1,1
38,380048,1,1,1,13,8,0,52,1,0,1,0,38,2,19,421,19421,15,1999,1GYEK13RXXR4,1,G,Y,E,K,1,3,R,X,X,R,4,0,P,CADI,ESC,UT,99,17,5573,,0,1175,,G,,0,0,000000000,00000000000,0,0,0,1,0,0,0,0,0,0,0,998,0,1,5,0,13,6,2,1,0,0,0,1,38,58335,6,1,0,0,3,1,73,225,0,1,0,0,0,8,2007,8,2007,9,0,0,0,0,1,2,65,2,9,2,1,0,0,14,10,99,2,4,7,1,0
38,380049,1,1,1,14,8,21,45,35,0,1,0,38,2,72,706,72706,80,2010,1HD1GP41XAC3,1,H,D,1,G,P,4,1,X,A,C,3,0,M,HD,FWG,RS,10,17,,,,,,,1584,0,0,000000000,00000000000,0,0,0,1,0,0,0,0,0,0,0,998,0,0,0,12,12,6,2,35,0,0,0,1,38,58746,6,1,0,0,2,0,74,250,0,0,0,0,0,0,0,0,0,1,0,0,0,0,1,2,65,3,2,2,1,0,0,14,13,1,1,4,1,1,1
38,380050,1,1,1,22,8,17,30,1,0,1,0,38,1,22,18,22018,8,1993,1G2NE14N6PM5,1,G,2,N,E,1,4,N,6,P,M,5,0,P,PONT,GAS,CP,93,17,0,,0,1034,,G,,0,0,000000000,00000000000,0,0,0,1,0,0,0,0,0,0,0,998,0,1,5,0,13,6,2,1,0,0,0,1,38,58802,6,1,0,0,3,0,73,210,0,0,0,0,0,0,0,0,0,1,0,0,0,0,1,2,45,3,2,2,1,0,0,14,6,2,7,4,7,1,1
38,380051,1,2,2,27,8,15,45,12,1,1,0,38,2,7,482,7482,31,1999,3B7KF2365XG1,3,B,7,K,F,2,3,6,5,X,G,1,1,T,DODG,Q25,4C,99,17,,2,1547,1387,RPC,D,,1,0,000000000,00000000000,0,0,0,1,0,0,0,0,0,0,0,998,0,0,0,12,12,6,2,12,0,0,0,1,38,58301,6,1,0,0,3,0,75,200,0,0,0,1,0,5,2010,5,2010,0,0,0,0,0,2,2,70,3,1,2,1,0,0,14,64,2,1,1,24,0,0
38,380051,2,2,6,27,8,15,45,12,1,1,0,27,3,63,441,63441,20,2010,KNDMG4C35A63,K,N,D,M,G,4,C,3,5,A,6,3,0,P,KIA,SED,SV,10,17,4387,,0,1189,,G,,0,0,000000000,00000000000,0,0,0,1,0,0,0,0,0,0,0,998,0,0,0,6,6,6,2,12,0,0,0,1,27,55125,6,1,0,0,3,0,60,102,0,0,0,0,0,0,0,0,0,0,38,30,0,0,2,2,70,3,1,2,1,0,0,8,53,1,1,1,26,1,0
38,380052,1,2,8,28,8,18,4,12,6,1,0,27,1,7,482,7482,31,2002,1D7HU18Z32S6,1,D,7,H,U,1,8,Z,3,2,S,6,0,T,DODG,Q15,CW,2,17,,2,1605,1405,RPC,G,,0,0,000000000,00000000000,0,0,0,1,0,0,0,0,0,0,0,998,0,0,0,12,12,6,2,12,0,0,0,1,27,56258,6,1,0,0,3,0,62,160,0,0,0,0,0,0,0,0,0,0,0,0,0,0,2,2,70,1,1,2,1,0,0,1,66,2,1,1,88,0,0
38,380052,2,2,1,28,8,18,4,12,6,1,0,38,1,12,16,12016,4,1989,2FABP74F3KX1,2,F,A,B,P,7,4,F,3,K,X,1,0,P,FORD,CVL,4D,89,17,3770,,0,1143,,G,,0,0,000000000,00000000000,0,0,0,1,0,0,0,0,0,0,0,998,0,0,0,9,9,6,2,12,0,0,0,1,38,58201,6,1,0,0,3,0,64,150,0,0,0,0,0,0,0,0,0,0,0,0,0,0,1,2,98,1,1,2,1,20,8,1,17,1,1,1,89,1,0