STATE,ST_CASE,VEH_NO,VE_FORMS,NUMOCCS,DAY,MONTH,HOUR,MINUTE,HARM_EV,MAN_COLL,UNITTYPE,HIT_RUN,REG_STAT,OWNER,MAKE,MODEL,MAK_MOD,BODY_TYP,MOD_YEAR,VIN,VIN_1,VIN_2,VIN_3,VIN_4,VIN_5,VIN_6,VIN_7,VIN_8,VIN_9,VIN_10,VIN_11,VIN_12,TOW_VEH,VINTYPE,VINMAKE,VINA_MOD,VIN_BT,VINMODYR,VIN_LNGT,VIN_WGT,WGTCD_TR,WHLBS_LG,WHLBS_SH,SER_TR,FUELCODE,MCYCL_DS,J_KNIFE,MCARR_I1,MCARR_I2,MCARR_ID,GVWR,V_CONFIG,CARGO_BT,HAZ_INV,HAZ_PLAC,HAZ_ID,HAZ_CNO,HAZ_REL,BUS_USE,SPEC_USE,EMER_USE,TRAV_SP,UNDERIDE,ROLLOVER,ROLINLOC,IMPACT1,IMPACT2,DEFORMED,TOWED,M_HARM,VEH_SC1,VEH_SC2,FIRE_EXP,DR_PRES,L_STATE,DR_ZIP,L_STATUS,L_TYPE,CDL_STAT,L_ENDORS,L_COMPL,L_RESTRI,DR_HGT,DR_WGT,PREV_ACC,PREV_SUS,PREV_DWI,PREV_SPD,PREV_OTH,FIRST_MO,FIRST_YR,LAST_MO,LAST_YR,SPEEDREL,DR_SF1,DR_SF2,DR_SF3,DR_SF4,VTRAFWAY,VNUM_LAN,VSPD_LIM,VALIGN,VPROFILE,VPAVETYP,VSURCOND,VTRAFCON,VTCONT_F,P_CRASH1,P_CRASH2,P_CRASH3,PCRASH4,PCRASH5,ACC_TYPE,DEATHS,DR_DRINK
38,380053,1,2,4,2,9,6,30,12,6,1,0,38,3,12,881,12881,62,2006,3FRWW65T76V3,3,F,R,W,W,6,5,T,7,6,V,3,0,T,FORD,F66,CH,6,17,,6,2780,1820,COF,D,,0,77,777777777,77777777777,2,1,3,1,0,0,0,0,0,0,0,998,0,0,0,12,12,6,2,12,0,0,0,1,38,58801,6,1,6,0,3,0,72,286,1,2,0,3,1,8,2008,8,2010,0,0,0,0,0,1,2,55,1,1,2,2,0,0,1,66,9,1,1,86,0,0
38,380053,2,2,1,2,9,6,30,12,6,1,0,38,2,20,481,20481,31,1991,1GCDC14K1ME1,1,G,C,D,C,1,4,K,1,M,E,1,0,T,CHEV,GC1,PK,91,17,,1,1315,1175,GM4,G,,0,0,000000000,00000000000,0,0,0,1,0,0,0,0,0,0,0,35,0,0,0,1,2,6,2,12,0,0,0,1,38,58770,3,7,0,0,2,0,68,120,0,0,0,0,0,0,0,0,0,1,0,0,0,0,1,2,55,1,1,2,2,20,3,1,17,1,1,1,87,1,1
38,380054,1,4,1,6,9,19,7,12,6,1,0,38,1,49,32,49032,4,2007,1NXBR32E17Z8,1,N,X,B,R,3,2,E,1,7,Z,8,0,P,TOYT,UCS,4D,7,17,2530,,0,1024,,G,,0,0,000000000,00000000000,0,0,0,1,0,0,0,0,0,0,0,998,0,0,0,11,11,2,3,12,0,0,0,1,38,58078,6,1,3,0,3,1,67,140,1,0,0,0,4,11,2007,9,2008,0,28,0,0,0,2,2,75,1,1,1,2,0,0,1,11,9,1,2,98,0,0
38,380054,2,4,2,6,9,19,7,12,6,1,0,38,1,12,401,12401,14,1998,1FMZU34E0WZB,1,F,M,Z,U,3,4,E,0,W,Z,B,0,P,FORD,EPR,UT,98,17,4146,,0,1115,,G,,0,0,000000000,00000000000,0,0,0,1,0,0,0,0,0,0,0,998,0,1,2,5,61,6,2,12,0,0,0,1,38,58059,6,1,6,0,3,0,67,220,0,0,0,0,0,0,0,0,0,0,0,0,0,0,1,2,75,1,1,1,2,0,0,1,3,2,4,6,98,1,0
38,380054,3,4,1,6,9,19,7,12,6,1,0,53,3,51,881,51881,66,2007,4V4NC9TJX7N4,4,V,4,N,C,9,T,J,X,7,N,4,1,T,VOLV,VNL,DS,7,17,,8,0,0,VVN,D,,1,57,113769,57113769,3,6,1,1,0,0,0,0,0,0,0,998,0,0,0,11,61,6,2,12,0,0,0,1,53,98662,6,1,6,0,3,0,71,240,0,0,0,0,0,0,0,0,0,0,0,0,0,0,2,2,75,1,1,1,2,0,0,1,64,7,1,1,98,0,0
38,380054,4,4,2,6,9,19,7,12,6,1,0,38,1,20,431,20431,16,1996,3GNFK16R3TG1,3,G,N,F,K,1,6,R,3,T,G,1,0,P,CHEV,K15,UT,96,17,5082,,0,1315,,G,,0,0,000000000,00000000000,0,0,0,1,0,0,0,0,0,0,0,998,0,0,0,12,12,6,2,12,0,0,0,1,38,58072,6,1,0,0,3,0,71,165,0,0,0,0,0,0,0,0,0,0,0,0,0,0,2,2,75,1,1,1,2,0,0,1,62,7,1,1,98,0,0
38,380055,1,1,1,8,9,2,53,8,0,1,0,38,3,19,18,19018,4,2007,1G6DP5775701,1,G,6,D,P,5,7,7,5,7,0,1,0,P,CADI,HF6,4D,7,17,3509,,0,1134,,G,,0,0,000000000,00000000000,0,0,0,1,0,0,0,0,0,0,0,998,0,0,0,12,12,2,1,8,0,0,0,1,38,58329,6,1,0,0,3,1,63,145,1,0,0,1,0,11,2007,5,2009,0,0,0,0,0,1,2,65,1,1,2,1,0,0,1,80,1,1,1,13,0,0
38,380056,1,1,1,10,9,7,24,1,0,1,0,38,2,2,404,2404,14,1995,1J4GZ78Y2SC5,1,J,4,G,Z,7,8,Y,2,S,C,5,0,T,JEEP,L/O,4W,95,17,,1,0,1059,GCK,G,,0,0,000000000,00000000000,0,0,0,1,0,0,0,0,0,0,0,998,0,1,5,0,12,6,2,1,0,0,0,1,38,58523,6,1,0,0,3,0,69,131,0,0,0,0,0,0,0,0,0,1,0,0,0,0,1,2,55,1,1,4,2,0,0,1,6,1,1,4,6,1,0
38,380057,1,1,2,12,9,3,30,33,0,1,0,38,1,41,35,41035,4,1998,JM1BC141XW02,J,M,1,B,C,1,4,1,X,W,0,2,0,P,MAZD,PDS,4D,98,17,2385,,0,1026,,G,,0,0,000000000,00000000000,0,0,0,1,0,0,0,0,0,0,0,998,0,0,0,11,62,6,2,42,0,0,0,1,38,58201,6,1,0,0,3,0,70,150,0,0,0,0,0,0,0,0,0,1,0,0,0,0,1,2,25,1,1,1,1,0,0,1,8,9,1,4,6,1,1
38,380058,1,1,1,10,9,14,28,15,0,1,0,38,2,20,481,20481,31,1997,2GCEK19R0V12,2,G,C,E,K,1,9,R,0,V,1,2,0,T,CHEV,GK1,PC,97,17,,2,1555,1415,GM4,G,,0,0,000000000,00000000000,0,0,0,1,0,0,0,0,0,0,0,998,0,0,0,1,1,2,3,15,0,0,0,1,38,58504,6,1,0,0,3,0,67,180,0,0,0,0,0,0,0,0,0,0,0,0,0,0,1,5,25,1,1,1,1,0,0,1,80,1,1,1,13,0,0
38,380059,1,1,1,19,9,3,10,1,0,1,0,38,1,12,481,12481,31,2008,1FTRW14588FA,1,F,T,R,W,1,4,5,8,8,F,A,0,T,FORD,F1S,CW,8,17,,2,1500,1390,COF,G,,0,0,000000000,00000000000,0,0,0,1,0,0,0,0,0,0,0,998,0,1,5,0,81,6,2,1,0,0,0,1,31,58249,6,1,0,0,3,0,73,260,0,0,0,2,0,2,2009,7,2010,1,0,0,0,0,1,2,55,1,1,4,1,0,0,1,8,6,4,4,2,1,1
38,380060,1,1,1,20,9,21,15,1,0,1,0,38,3,98,804,98804,66,2001,2WKEDD3J11K9,2,W,K,E,D,D,3,J,1,1,K,9,1,T,WSTR,49E,DS,1,17,,8,0,0,CNV,D,,3,57,26182,5726182,3,6,2,1,0,0,0,0,0,0,0,999,0,1,5,0,81,6,2,1,0,0,0,1,16,83316,6,1,6,1,3,0,71,131,0,0,0,0,0,0,0,0,0,0,0,0,0,0,1,2,65,3,2,2,1,0,0,14,8,2,7,4,2,1,0
38,380061,1,1,2,26,9,1,0,1,0,1,0,38,2,21,22,21022,4,2001,1G3GR64H1141,1,G,3,G,R,6,4,H,1,1,4,1,0,P,OLDS,AUR,4D,1,17,3686,,0,1122,,G,,0,0,000000000,00000000000,0,0,0,1,0,0,0,0,0,0,0,75,0,1,5,0,81,6,2,1,0,0,0,1,38,58401,6,1,0,0,3,0,67,130,0,0,0,0,0,0,0,0,0,1,0,0,0,0,1,2,40,3,1,2,1,0,0,14,6,10,3,4,7,2,1
38,380062,1,2,3,27,9,19,15,12,6,1,0,38,1,7,482,7482,31,2006,3D7ML48CX6G1,3,D,7,M,L,4,8,C,X,6,G,1,0,T,DODG,SQ3,CW,6,17,,3,0,1600,RPC,D,,0,0,000000000,00000000000,0,0,0,1,0,0,0,0,0,0,0,998,0,1,5,10,13,6,2,1,0,0,0,1,38,58577,6,1,6,0,3,0,72,165,0,0,0,2,1,10,2009,4,2010,0,0,0,0,0,1,2,65,1,1,2,1,0,0,1,66,9,1,2,89,1,0
38,380062,2,2,1,27,9,19,15,12,6,1,0,38,1,20,881,20881,62,1975,CCE615V14885,C,C,E,6,1,5,V,1,4,8,8,5,0,P,,,,,,,,,,,,,0,77,777777777,77777777777,2,1,96,1,0,0,0,0,0,0,0,998,0,0,0,12,12,6,2,12,0,0,0,1,38,58575,6,1,0,0,3,0,71,260,0,0,0,0,0,0,0,0,0,0,38,0,0,0,1,2,55,1,1,4,1,20,8,1,17,1,1,1,88,0,0
38,380063,1,2,1,29,9,7,10,12,2,1,0,38,2,24,1,24001,4,2000,1G8ZK5279YZ2,1,G,8,Z,K,5,2,7,9,Y,Z,2,0,P,STRN,SL2,4D,0,17,2425,,0,1024,,G,,0,0,000000000,00000000000,0,0,0,1,0,0,0,0,0,0,0,998,0,0,0,12,12,6,2,12,0,0,0,1,38,58060,6,1,0,0,3,0,62,153,0,0,0,0,0,0,0,0,0,0,0,0,0,0,1,2,65,3,1,2,1,0,0,14,10,1,1,2,50,1,0
38,380063,2,2,1,29,9,7,10,12,2,1,0,38,2,12,481,12481,31,2005,1FTSW21P05EB,1,F,T,S,W,2,1,P,0,5,E,B,0,T,FORD,F2S,CW,5,17,,2,1724,1562,SRW,D,,0,0,000000000,00000000000,0,0,0,1,0,0,0,0,0,0,0,998,0,1,1,12,12,6,2,12,0,0,0,1,38,58054,6,1,0,0,3,0,67,122,0,0,0,0,0,0,0,0,0,0,0,0,0,0,1,2,65,2,1,2,1,0,0,14,62,1,1,1,51,0,0
38,380064,1,1,2,30,9,7,38,1,0,1,0,8,3,85,881,85881,63,1981,2NKHHN7X8BM2,2,N,K,H,H,N,7,X,8,B,M,2,0,T,KW,T37,CC,11,17,,7,0,0,CON,D,,0,57,623628,57623628,3,1,2,2,1,1993,3,2,0,0,0,998,0,1,5,0,81,6,2,1,0,0,0,1,56,82801,6,1,6,0,3,0,70,240,0,0,0,0,0,0,0,0,0,0,0,0,0,0,1,2,65,1,2,2,1,0,0,1,11,6,1,4,6,2,0
38,380065,1,2,2,30,9,19,28,12,6,1,0,38,1,73,706,73706,80,2009,JKBZXNC189A0,J,K,B,Z,X,N,C,1,8,9,A,0,0,M,KAWK,X4C,RC,9,17,,,,,,,1352,0,0,000000000,00000000000,0,0,0,1,0,0,0,0,0,0,0,998,0,0,0,12,12,6,2,12,0,0,0,1,38,58103,6,1,0,0,3,3,67,200,0,0,0,1,1,9,2008,9,2010,9,39,0,0,0,5,5,35,1,1,1,1,2,3,3,17,10,1,1,69,2,0
38,380065,2,2,1,30,9,19,28,12,6,1,0,38,2,20,461,20461,21,2001,1GBHG31R5111,1,G,B,H,G,3,1,R,5,1,1,1,0,T,CHEV,CT3,MY,1,17,,2,0,0,ETV,G,,0,0,000000000,00000000000,0,0,0,1,0,0,0,0,99,3,0,998,0,0,0,3,3,4,3,12,0,0,0,1,38,58104,6,1,0,0,3,1,63,123,0,0,0,0,0,0,0,0,0,0,0,0,0,0,5,5,35,1,1,1,1,2,3,11,15,1,1,1,68,0,0
38,380066,1,1,5,1,10,1,0,1,0,1,0,56,2,21,21,21021,4,2000,1G3NL52T9YC4,1,G,3,N,L,5,2,T,9,Y,C,4,0,P,OLDS,A/G,4D,0,17,3022,,0,1070,,G,,0,0,000000000,00000000000,0,0,0,1,0,0,0,0,0,0,0,998,0,1,5,0,81,6,2,1,0,0,0,1,38,58351,6,1,0,0,3,1,69,130,0,0,0,3,0,10,2008,7,2010,9,0,0,0,0,1,2,65,3,2,2,1,0,0,14,11,6,1,4,1,1,1
38,380067,1,1,1,2,10,2,0,1,0,1,0,46,1,20,481,20481,31,2005,1GCJK33275F9,1,G,C,J,K,3,3,2,7,5,F,9,0,T,CHEV,SK3,CW,5,17,,3,0,1670,SIL,D,,0,0,000000000,00000000000,0,0,0,1,0,0,0,0,0,0,0,999,0,1,5,0,13,6,2,1,0,0,0,1,46,58653,6,1,0,0,3,0,74,290,0,0,0,0,0,0,0,0,0,9,0,0,0,0,1,2,55,3,2,2,1,0,0,14,11,6,1,4,1,1,1
38,380068,1,1,1,2,10,15,54,58,0,1,0,0,0,98,998,98998,92,1974,000000000000,0,0,0,0,0,0,0,0,0,0,0,0,0,U,,,,,17,,,,,,,,0,0,000000000,00000000000,0,0,0,1,0,0,0,0,0,0,0,998,0,0,0,14,12,4,8,5,0,0,0,1,38,58368,6,1,6,0,3,1,73,215,0,0,0,1,0,8,2008,8,2008,0,0,0,0,0,1,2,55,1,1,4,1,0,0,1,3,1,1,1,15,1,0
38,380069,1,1,1,3,10,19,30,1,0,1,0,53,2,35,401,35401,14,1997,JN8AR05Y6VW1,J,N,8,A,R,0,5,Y,6,V,W,1,0,P,NISS,PFI,UT,97,17,3934,,0,1063,,G,,0,0,000000000,00000000000,0,0,0,1,0,0,0,0,0,0,0,999,0,1,5,0,81,6,2,1,0,0,0,1,53,58765,1,1,0,0,2,0,73,160,0,1,0,0,1,7,2009,1,2010,1,0,0,0,0,1,2,55,3,1,5,1,0,0,14,12,7,3,4,2,1,1
38,380070,1,1,1,4,10,7,20,24,0,1,0,17,1,12,481,12481,31,2010,1FTSW2BY8AEA,1,F,T,S,W,2,B,Y,8,A,E,A,0,T,FORD,F2S,CW,10,17,,2,1724,1562,SRW,G,,0,0,000000000,00000000000,0,0,0,1,0,0,0,0,0,0,0,998,0,1,5,11,11,6,2,1,0,0,0,1,17,60552,6,1,0,0,3,0,74,220,0,0,0,0,0,0,0,0,0,0,0,0,0,0,2,2,75,1,1,1,1,0,0,1,10,1,1,4,1,1,0
38,380071,1,1,3,6,10,22,50,1,0,1,0,56,1,7,482,7482,31,2004,3D7KU28C04G1,3,D,7,K,U,2,8,C,0,4,G,1,0,T,DODG,SQ2,CW,4,17,,2,1605,1405,RPC,D,,0,0,000000000,00000000000,0,0,0,1,0,0,0,0,0,0,0,998,0,1,5,0,13,6,2,1,0,0,0,1,56,82836,1,1,5,0,2,0,72,200,0,2,1,0,1,4,2008,8,2010,1,0,0,0,0,1,2,55,3,1,2,1,0,0,14,13,6,1,4,1,2,1
38,380072,1,2,1,7,10,11,20,12,1,1,0,38,1,72,706,72706,80,2007,1HD1KB41X7Y6,1,H,D,1,K,B,4,1,X,7,Y,6,0,M,HD,FHX,RS,7,17,,,,,,,1584,0,0,000000000,00000000000,0,0,0,1,0,0,0,0,0,0,0,998,0,0,0,12,12,6,2,12,0,0,0,1,38,58545,6,1,0,0,3,0,67,250,1,0,0,1,0,1,2008,9,2008,1,0,0,0,0,1,2,65,1,1,2,1,0,0,6,50,3,2,1,20,1,0
38,380072,2,2,1,7,10,11,20,12,1,1,0,38,1,85,881,85881,66,1988,1XKAD29X9JS5,1,X,K,A,D,2,9,X,9,J,S,5,1,T,KW,T60,DS,88,17,,8,0,0,CON,D,,1,77,777777777,77777777777,3,6,8,1,0,0,0,0,0,0,0,0,0,0,0,6,6,4,1,12,0,0,0,1,38,58636,6,1,0,0,3,0,71,210,0,0,0,0,0,0,0,0,0,0,0,0,0,0,1,2,65,1,1,2,1,0,0,5,15,1,1,1,21,0,0
38,380073,1,1,2,8,10,20,43,8,0,1,0,38,1,22,20,22020,4,2000,1G2WP12K6YF1,1,G,2,W,P,1,2,K,6,Y,F,1,0,P,PONT,GPG,CP,0,17,3386,,0,1105,,G,,0,0,000000000,00000000000,0,0,0,1,0,0,0,0,0,0,0,40,0,0,0,12,11,4,3,8,0,0,0,1,38,58103,6,1,0,0,3,1,68,200,0,5,0,2,5,6,2008,1,2010,0,0,0,0,0,3,2,35,1,1,2,1,0,0,1,80,1,1,1,13,0,0
38,380074,1,1,1,11,10,14,22,8,0,1,0,38,1,22,18,22018,8,1998,1G2NE12M5WC7,1,G,2,N,E,1,2,M,5,W,C,7,0,P,PONT,GAS,CP,98,17,2835,,0,1034,,G,,0,0,000000000,00000000000,0,0,0,1,0,0,0,0,0,0,0,35,0,0,0,12,12,0,1,8,0,0,0,1,38,58370,0,0,0,0,0,0,65,150,0,0,0,0,0,0,0,0,0,1,36,0,0,0,1,2,15,1,5,2,1,0,0,1,80,2,1,1,13,0,0
38,380075,1,1,1,17,10,1,50,21,0,1,0,27,2,20,2,20002,4,2002,2G1WF52E2292,2,G,1,W,F,5,2,E,2,2,9,2,0,P,CHEV,IMP,4D,2,17,3389,,0,1105,,G,,0,0,000000000,00000000000,0,0,0,1,0,0,0,0,0,0,0,998,0,0,0,12,12,6,2,21,0,0,1,1,38,58203,0,0,0,0,0,0,65,130,0,3,1,1,0,3,2008,6,2009,1,36,0,0,0,3,2,35,1,1,1,1,0,0,1,8,3,2,4,15,1,1
38,380076,1,1,4,16,10,1,7,42,0,1,0,38,2,14,17,14017,4,1999,1MEFM53S5XG6,1,M,E,F,M,5,3,S,5,X,G,6,0,P,MERC,SLS,4D,99,17,3299,,0,1085,,G,,0,0,000000000,00000000000,0,0,0,1,0,0,0,0,0,0,0,40,0,0,0,12,12,6,2,42,0,0,0,1,38,58078,6,1,0,0,3,0,65,160,0,0,0,1,0,10,2009,10,2009,1,0,0,0,0,1,2,25,1,1,2,1,21,3,11,13,1,4,4,15,1,1
38,380077,1,1,1,17,10,4,18,1,0,1,0,38,1,76,705,76705,80,2007,JYARJ10EX7A0,J,Y,A,R,J,1,0,E,X,7,A,0,0,M,YAMA,YZF,RS,7,17,,,,,,,599,0,0,000000000,00000000000,0,0,0,1,0,0,0,0,0,0,0,998,0,0,0,0,81,6,2,1,0,0,0,1,38,58053,6,1,0,0,3,2,69,180,1,0,0,1,0,12,2007,1,2009,1,74,0,0,0,1,2,65,1,1,2,1,0,0,1,13,6,1,4,1,1,1
38,380078,1,1,1,26,10,12,55,10,0,1,0,38,3,85,881,85881,66,2009,1XKWPBEX59R2,1,X,K,W,P,B,E,X,5,9,R,2,1,T,KW,W90,DS,9,17,,8,2850,1600,CON,D,,1,38,1658749,381658749,3,6,2,1,0,0,0,0,0,0,0,10,0,0,0,1,1,6,2,10,0,0,1,1,16,58854,6,1,6,1,3,0,70,240,0,0,0,0,0,0,0,0,0,0,0,0,0,0,1,2,55,1,2,4,1,65,8,4,91,1,1,1,15,1,0
38,380079,1,2,1,28,10,9,47,12,6,1,0,56,3,12,481,12481,31,2006,1FTSW21P06ED,1,F,T,S,W,2,1,P,0,6,E,D,1,T,FORD,F2S,CW,6,17,,2,1720,1560,SRW,D,,3,0,000000000,00000000000,0,0,0,1,0,0,0,0,0,0,0,998,0,0,0,3,3,6,2,12,0,0,0,1,41,97801,6,1,6,0,3,0,67,198,0,0,0,0,0,0,0,0,0,1,79,87,0,0,1,2,65,1,1,2,3,0,0,1,5,1,3,2,66,1,0
38,380079,2,2,2,28,10,9,47,12,6,1,0,6,3,23,881,23881,62,2005,1GDG5C1E55F9,1,G,D,G,5,C,1,E,5,5,F,9,1,T,GMC,C5C,CB,5,17,,6,2240,1280,C55,G,,1,77,777777777,77777777777,2,1,1,1,0,0,0,0,0,0,0,998,0,0,0,12,12,6,2,12,0,0,0,1,6,95687,6,1,0,0,3,1,72,195,0,0,0,0,0,0,0,0,0,0,0,0,0,0,1,2,65,1,1,2,3,0,0,1,62,2,1,1,66,1,0
38,380080,1,1,1,31,10,4,30,34,0,1,0,38,1,23,481,23481,31,2001,2GTEK19T4112,2,G,T,E,K,1,9,T,4,1,1,2,0,T,GMC,NK1,4C,1,17,,2,1575,1435,SIE,G,,0,0,000000000,00000000000,0,0,0,1,0,0,0,0,0,0,0,999,0,1,5,14,61,6,2,1,0,0,0,1,38,58853,1,1,0,0,2,0,69,175,0,4,1,0,0,6,2009,11,2009,0,0,0,0,0,1,2,65,1,1,2,1,0,0,1,13,7,1,4,1,1,1
38,380081,1,1,2,1,11,15,44,1,0,1,0,38,2,23,401,23401,14,1998,1GKCT18W8WK5,1,G,K,C,T,1,8,W,8,W,K,5,0,T,GMC,JMY,2W,98,17,,1,0,1005,JMY,G,,0,0,000000000,00000000000,0,0,0,1,0,0,0,0,0,0,0,998,0,1,5,0,61,6,2,1,0,0,0,1,38,58316,0,0,0,0,0,0,73,185,0,0,0,0,0,0,0,0,0,1,58,0,0,0,1,2,65,1,2,2,1,0,0,1,12,7,3,4,7,1,1
38,380082,1,2,1,1,11,21,38,12,1,1,0,46,1,7,482,7482,31,1997,1B7HC16Y9VJ5,1,B,7,H,C,1,6,Y,9,V,J,5,0,T,DODG,150,PK,97,17,,2,1347,1187,RPC,G,,0,0,000000000,00000000000,0,0,0,1,0,0,0,0,0,0,0,998,3,0,0,12,12,6,2,12,0,0,0,1,46,57255,1,1,1,0,2,1,75,160,0,2,1,0,0,2,2008,3,2010,1,84,0,0,0,1,2,65,1,1,2,1,0,0,1,50,1,1,1,32,1,1
38,380082,2,2,0,1,11,21,38,12,1,1,0,0,6,98,998,98998,92,2010,999999999999,9,9,9,9,9,9,9,9,9,9,9,9,1,U,,,,9,17,,,,,,,,1,0,000000000,00000000000,0,0,0,1,0,0,0,0,0,0,0,0,0,0,0,6,6,2,1,12,0,0,0,0,,,,,,,,,999,,,,,,,,,,,,20,0,0,0,1,2,65,1,1,2,1,0,0,0,53,0,0,0,32,0,0
38,380083,1,1,3,3,11,0,35,11,0,1,0,98,2,99,999,99999,99,9999,999999999999,9,9,9,9,9,9,9,9,9,9,9,9,0,U,,,,9,17,,,,,,,,0,0,000000000,00000000000,0,0,0,1,0,0,0,0,0,0,0,998,0,0,0,12,12,6,2,11,0,0,0,1,38,58335,0,0,0,0,0,0,999,999,0,6,1,0,0,3,2010,5,2010,1,0,0,0,0,1,2,65,9,1,2,98,0,0,99,87,99,1,1,13,1,1
38,380084,1,1,4,11,11,22,30,1,0,1,0,38,2,20,481,20481,31,2001,2GCEK19TX113,2,G,C,E,K,1,9,T,X,1,1,3,0,T,CHEV,SK1,4C,1,17,,2,1575,1435,SIL,G,,0,0,000000000,00000000000,0,0,0,1,0,0,0,0,0,0,0,998,0,1,5,0,61,6,2,1,0,0,0,1,27,56379,6,1,0,0,3,1,60,120,0,0,0,0,1,3,2010,3,2010,0,0,0,0,0,1,2,50,1,1,4,1,0,0,1,9,7,9,4,7,1,1
38,380085,1,1,3,13,11,18,5,1,0,1,0,38,1,6,43,6043,2,1999,4C3AU42N6XE0,4,C,3,A,U,4,2,N,6,X,E,0,0,P,CHRY,SLX,2P,99,17,2957,,0,1037,,G,,0,0,000000000,00000000000,0,0,0,1,0,0,0,0,0,0,0,999,0,1,5,0,13,6,2,1,0,0,0,1,38,58601,6,1,0,0,3,1,66,135,0,0,0,1,0,2,2010,2,2010,0,58,85,0,0,1,2,55,1,2,4,1,0,0,1,12,7,3,4,2,1,1
38,380086,1,1,1,17,11,18,30,1,0,1,0,38,1,20,401,20401,14,2000,1GNDT13W9Y22,1,G,N,D,T,1,3,W,9,Y,2,2,1,P,CHEV,BZR,UT,0,17,4049,,0,1070,,G,,2,0,000000000,00000000000,0,0,0,1,0,0,0,0,0,0,0,999,0,1,3,0,98,6,2,1,0,0,0,1,38,58072,6,1,0,0,3,1,73,250,0,0,0,0,0,0,0,0,0,0,0,0,0,0,2,2,75,1,1,1,2,0,0,1,98,1,3,4,7,1,0
38,380087,1,2,1,21,11,12,24,12,6,1,0,38,1,20,482,20482,31,2008,3GNFK12348G1,3,G,N,F,K,1,2,3,4,8,G,1,0,P,CHEV,AVL,UT,8,17,5803,,0,1300,,F,,0,0,000000000,00000000000,0,0,0,1,0,0,0,0,0,0,0,998,0,0,0,12,12,6,2,12,0,0,0,1,38,58104,6,1,0,0,3,1,70,150,1,0,0,1,0,5,2009,9,2010,0,87,0,0,0,2,2,75,1,1,1,4,0,0,1,62,1,1,1,66,0,0
38,380087,2,2,1,21,11,12,24,12,6,1,0,38,2,7,481,7481,31,1991,1B7HE16Y5MS2,1,B,7,H,E,1,6,Y,5,M,S,2,0,T,DODG,D15,PK,91,17,,2,1310,1150,D15,G,,0,0,000000000,00000000000,0,0,0,1,0,0,0,0,0,0,0,998,0,0,0,3,3,6,2,12,0,0,0,1,38,58104,6,1,0,0,3,1,78,178,0,0,0,4,0,1,2008,8,2009,1,87,0,0,0,2,2,75,1,1,1,4,0,0,1,6,1,4,7,66,1,0
38,380088,1,1,1,23,11,21,40,8,0,1,1,99,9,99,999,99999,99,9999,999999999999,9,9,9,9,9,9,9,9,9,9,9,9,9,U,,,,9,17,,,,,,,,0,0,000000000,00000000000,0,0,0,1,0,0,0,0,0,0,0,998,0,0,0,12,99,9,1,8,99,99,0,1,99,99999,9,9,99,9,9,9,999,999,99,99,99,99,99,99,9999,99,9999,9,99,99,99,99,1,2,55,1,2,2,98,0,0,1,80,1,1,1,13,0,0
38,380089,1,2,1,22,12,9,55,12,6,1,0,38,3,51,881,51881,66,2005,4V4NC9TG65N3,4,V,4,N,C,9,T,G,6,5,N,3,2,T,VOLV,VNL,DS,5,17,,8,0,0,VVN,D,,3,57,1758856,571758856,3,7,1,1,0,0,0,0,0,0,0,998,0,0,0,12,12,6,2,12,0,0,0,1,38,58401,6,1,6,1,3,1,75,290,0,0,0,0,0,0,0,0,0,0,0,0,0,0,3,2,55,1,1,2,4,1,3,1,17,6,1,2,83,0,0
38,380089,2,2,4,22,12,9,55,12,6,1,0,38,1,23,441,23441,20,1995,1GDEL19W2SB5,1,G,D,E,L,1,9,W,2,S,B,5,0,T,GMC,SXT,IE,95,17,,2,0,1110,SAF,G,,0,0,000000000,00000000000,0,0,0,1,0,0,0,0,0,0,0,998,0,0,0,9,63,6,2,12,0,0,0,1,38,58203,6,1,0,0,3,1,69,180,0,0,0,0,0,0,0,0,0,0,0,0,0,0,3,2,55,1,1,2,4,1,3,11,66,1,1,1,82,2,0
38,380090,1,2,1,23,12,11,30,12,2,1,0,38,1,12,24,12024,6,2010,2FMDK4KC9ABA,2,F,M,D,K,4,K,C,9,A,B,A,0,P,FORD,EDG,UT,10,17,4288,,0,1112,,G,,0,0,000000000,00000000000,0,0,0,1,0,0,0,0,0,0,0,999,0,0,0,12,11,6,2,12,0,0,0,1,38,58502,6,1,6,0,3,1,70,290,0,0,0,2,0,5,2008,5,2010,0,0,0,0,0,1,2,65,1,2,2,3,0,0,1,10,1,1,2,50,1,0
38,380090,2,2,1,23,12,11,30,12,2,1,0,38,1,12,481,12481,31,2007,1FTSW21P37EA,1,F,T,S,W,2,1,P,3,7,E,A,0,T,FORD,F2S,CW,7,17,,2,1720,1560,SRW,D,,0,0,000000000,00000000000,0,0,0,1,0,0,0,0,0,0,0,50,0,0,0,12,11,6,2,12,0,0,0,1,38,58562,6,1,6,0,3,0,77,280,0,0,0,0,2,6,2008,9,2009,0,0,0,0,0,1,2,65,1,2,2,3,0,0,1,62,1,1,1,51,0,0
38,380091,1,15,1,30,12,11,55,12,2,1,0,17,3,82,881,82881,66,2006,1FUJBBCK66LV,1,F,U,J,B,B,C,K,6,6,L,V,1,T,FRHT,ST2,DS,6,17,,8,0,0,CON,D,,1,57,1350349,571350349,3,6,1,1,0,0,0,0,0,0,0,40,0,0,0,12,12,6,2,8,0,0,0,1,17,60656,6,1,6,0,3,0,75,215,0,0,0,0,0,0,0,0,0,1,0,0,0,0,2,2,75,1,1,2,6,0,0,1,50,2,1,2,50,0,0