STATE,ST_CASE,VEH_NO,VE_FORMS,NUMOCCS,DAY,MONTH,HOUR,MINUTE,HARM_EV,MAN_COLL,UNITTYPE,HIT_RUN,REG_STAT,OWNER,MAKE,MODEL,MAK_MOD,BODY_TYP,MOD_YEAR,VIN,VIN_1,VIN_2,VIN_3,VIN_4,VIN_5,VIN_6,VIN_7,VIN_8,VIN_9,VIN_10,VIN_11,VIN_12,TOW_VEH,VINTYPE,VINMAKE,VINA_MOD,VIN_BT,VINMODYR,VIN_LNGT,VIN_WGT,WGTCD_TR,WHLBS_LG,WHLBS_SH,SER_TR,FUELCODE,MCYCL_DS,J_KNIFE,MCARR_I1,MCARR_I2,MCARR_ID,GVWR,V_CONFIG,CARGO_BT,HAZ_INV,HAZ_PLAC,HAZ_ID,HAZ_CNO,HAZ_REL,BUS_USE,SPEC_USE,EMER_USE,TRAV_SP,UNDERIDE,ROLLOVER,ROLINLOC,IMPACT1,IMPACT2,DEFORMED,TOWED,M_HARM,VEH_SC1,VEH_SC2,FIRE_EXP,DR_PRES,L_STATE,DR_ZIP,L_STATUS,L_TYPE,CDL_STAT,L_ENDORS,L_COMPL,L_RESTRI,DR_HGT,DR_WGT,PREV_ACC,PREV_SUS,PREV_DWI,PREV_SPD,PREV_OTH,FIRST_MO,FIRST_YR,LAST_MO,LAST_YR,SPEEDREL,DR_SF1,DR_SF2,DR_SF3,DR_SF4,VTRAFWAY,VNUM_LAN,VSPD_LIM,VALIGN,VPROFILE,VPAVETYP,VSURCOND,VTRAFCON,VTCONT_F,P_CRASH1,P_CRASH2,P_CRASH3,PCRASH4,PCRASH5,ACC_TYPE,DEATHS,DR_DRINK
38,380091,2,15,1,30,12,11,55,12,2,1,0,27,3,12,881,12881,61,2006,1FCLE49L16DA,1,F,C,L,E,4,9,L,1,6,D,A,0,T,FORD,4CH,IC,6,17,,4,1760,1580,CSC,G,,0,57,184265,57184265,2,1,1,1,0,0,0,0,0,0,0,0,0,0,0,12,12,6,2,12,0,0,0,1,38,58103,6,1,0,0,3,0,74,220,0,0,0,0,0,0,0,0,0,0,54,87,0,0,2,2,75,1,1,2,6,0,0,5,54,1,1,1,51,0,0
38,380091,3,15,1,30,12,11,55,12,2,1,0,41,3,85,881,85881,62,2010,2NKHHM6X3AM2,2,N,K,H,H,M,6,X,3,A,M,2,0,T,KW,T27,CC,10,17,,6,2600,1600,CON,D,,0,77,777777777,77777777777,2,1,1,1,0,0,0,0,0,0,0,0,0,0,0,6,6,6,2,12,0,0,0,1,27,56560,6,1,0,0,3,0,77,270,0,0,0,0,0,0,0,0,0,0,54,87,0,0,2,2,75,1,1,2,6,0,0,5,53,1,1,3,98,0,0
38,380091,4,15,1,30,12,11,55,12,2,1,0,38,1,49,472,49472,30,1998,4TAWN72N6WZ1,4,T,A,W,N,7,2,N,6,W,Z,1,0,T,TOYT,XTR,PC,98,17,,1,0,1219,TAC,G,,0,0,000000000,00000000000,0,0,0,1,0,0,0,0,0,0,0,0,0,0,0,6,6,6,2,12,0,0,0,1,38,58103,6,1,0,0,3,1,68,165,2,0,0,0,0,12,2009,12,2009,0,54,87,0,0,2,2,75,1,1,2,6,0,0,5,53,1,1,3,98,0,0
38,380091,5,15,1,30,12,11,55,12,2,1,0,38,1,37,402,37402,14,1997,JHLRD1855VC0,J,H,L,R,D,1,8,5,5,V,C,0,0,P,HOND,CRV,UT,97,17,3063,,0,1032,,G,,0,0,000000000,00000000000,0,0,0,1,0,0,0,0,0,0,0,0,0,0,0,6,6,6,2,12,0,0,0,1,38,58078,6,1,0,0,3,1,71,320,0,0,0,0,0,0,0,0,0,0,54,87,0,0,2,2,75,1,1,2,6,0,0,5,53,1,1,3,98,0,0
38,380091,6,15,1,30,12,11,55,12,2,1,0,38,1,49,43,49043,4,2008,4T1BK36B88U2,4,T,1,B,K,3,6,B,8,8,U,2,0,P,TOYT,UTS,4D,8,17,3490,,0,1110,,G,,0,0,000000000,00000000000,0,0,0,1,0,0,0,0,0,0,0,0,0,0,0,6,6,6,2,12,0,0,0,1,38,58103,6,1,0,0,3,1,69,170,0,0,0,0,0,0,0,0,0,0,54,87,0,0,2,2,75,1,1,2,6,0,0,5,53,1,1,3,98,0,0
38,380091,7,15,1,30,12,11,55,12,2,1,0,38,3,7,482,7482,31,2001,3B7HF13Z41G2,3,B,7,H,F,1,3,Z,4,1,G,2,0,T,DODG,Q15,4C,1,17,,2,1547,1387,RPC,G,,0,0,000000000,00000000000,0,0,0,1,0,0,0,0,0,0,0,0,0,0,0,6,6,6,2,12,0,0,0,1,38,58078,6,1,6,0,3,0,71,190,0,0,0,0,0,0,0,0,0,0,54,87,0,0,2,2,75,1,1,2,6,0,0,5,53,1,1,3,98,0,0
38,380091,8,15,1,30,12,11,55,12,2,1,0,38,1,7,482,7482,31,2007,1D7HU18267S1,1,D,7,H,U,1,8,2,6,7,S,1,0,T,DODG,SQ1,CW,7,17,,2,1605,1405,RPC,G,,0,0,000000000,00000000000,0,0,0,1,0,0,0,0,0,0,0,0,0,0,0,6,6,6,2,12,0,0,0,1,38,58625,6,1,0,0,3,0,70,170,0,0,0,3,1,10,2008,5,2010,0,54,87,0,0,2,2,75,1,1,2,6,0,0,5,53,1,1,3,98,0,0
38,380091,9,15,1,30,12,11,55,12,2,1,0,38,1,20,481,20481,31,2008,1GCEK19058Z2,1,G,C,E,K,1,9,0,5,8,Z,2,0,T,CHEV,SK1,4C,8,17,,2,1575,1339,SIL,F,,0,0,000000000,00000000000,0,0,0,1,0,0,0,0,0,0,0,0,0,0,0,6,6,4,1,12,0,0,0,1,38,58078,6,1,6,0,3,0,75,270,0,0,0,0,0,0,0,0,0,0,54,87,0,0,2,2,75,1,1,2,6,0,0,5,53,1,1,3,98,0,0
38,380091,10,15,1,30,12,11,55,12,2,1,0,38,3,20,403,20403,14,2005,1GNDT13SX522,1,G,N,D,T,1,3,S,X,5,2,2,0,P,CHEV,TRL,UT,5,17,4612,,0,1130,,G,,0,0,000000000,00000000000,0,0,0,1,0,0,0,0,0,0,0,0,0,0,0,6,6,6,2,12,0,0,0,1,38,58503,6,1,0,0,3,0,74,210,0,0,0,0,0,0,0,0,0,0,54,87,0,0,2,2,75,1,1,2,6,0,0,5,53,1,1,4,98,0,0
38,380091,11,15,1,30,12,11,55,12,2,1,0,30,1,52,46,52046,4,2010,JA32U1FU6AU0,J,A,3,2,U,1,F,U,6,A,U,0,0,P,MITS,LDE,4D,10,17,2911,,0,1037,,G,,0,0,000000000,00000000000,0,0,0,1,0,0,0,0,0,0,0,0,0,0,0,6,6,4,1,12,0,0,0,1,30,59047,6,1,0,0,3,1,68,120,98,0,0,0,0,0,0,0,0,0,54,87,0,0,2,2,75,1,1,2,6,0,0,5,98,1,1,3,98,0,0
38,380091,12,15,1,30,12,11,55,12,2,1,0,17,3,87,881,87881,66,2004,1XP5DB9X74D8,1,X,P,5,D,B,9,X,7,4,D,8,1,T,PTRB,379,DS,4,17,,8,0,0,CON,D,,1,77,777777777,77777777777,3,6,1,1,0,0,0,0,0,0,0,0,0,0,0,8,8,6,2,12,0,0,0,1,17,60126,9,9,99,9,9,9,999,999,99,99,99,99,99,99,9999,99,9999,0,54,87,0,0,2,2,75,1,1,2,6,0,0,5,5,5,4,5,98,0,0
38,380091,13,15,1,30,12,11,55,12,2,1,0,27,1,49,32,49032,4,2005,4T1BE32K55U6,4,T,1,B,E,3,2,K,5,5,U,6,0,P,TOYT,XLL,4D,5,17,3108,,0,1071,,G,,0,0,000000000,00000000000,0,0,0,1,0,0,0,0,0,0,0,0,0,0,0,6,12,6,2,12,0,0,0,1,27,56560,6,1,0,0,3,1,69,180,0,0,0,2,0,4,2008,11,2009,0,54,87,0,0,2,2,75,1,1,2,6,0,0,5,53,1,1,4,98,0,0
38,380091,14,15,1,30,12,11,55,12,2,1,0,27,3,20,481,20481,31,2003,1GCEK19T23E2,1,G,C,E,K,1,9,T,2,3,E,2,0,T,CHEV,SK1,4C,3,17,,2,1575,1435,SIL,G,,0,0,000000000,00000000000,0,0,0,1,0,0,0,0,0,0,0,0,0,0,0,6,6,2,1,12,0,0,0,1,27,56482,6,1,0,0,3,0,70,190,0,0,0,0,0,0,0,0,0,0,54,87,0,0,2,2,75,1,1,2,6,0,0,5,50,1,1,3,98,0,0
38,380091,15,15,1,30,12,11,55,12,2,1,0,27,1,22,18,22018,4,2005,1G2NE52E05M1,1,G,2,N,E,5,2,E,0,5,M,1,0,P,PONT,GAS,4D,5,17,3066,,0,1070,,G,,0,0,000000000,00000000000,0,0,0,1,0,0,0,0,0,0,0,0,0,0,0,6,6,2,1,12,0,0,0,1,27,56554,6,1,5,0,3,0,69,250,0,4,2,3,2,3,2008,12,2010,0,54,87,0,0,2,2,75,1,1,2,6,0,0,5,50,1,1,3,98,0,0
38,380092,1,2,1,20,12,13,22,12,1,1,0,31,3,87,883,87883,66,2005,1XP5D49X75D8,1,X,P,5,D,4,9,X,7,5,D,8,1,T,PTRB,379,DS,5,17,,8,0,0,CON,D,,1,57,054985,57054985,3,6,98,1,0,0,0,0,0,0,0,60,0,0,0,12,12,6,2,12,0,0,0,1,31,68107,6,1,6,0,3,1,75,410,0,0,0,1,0,10,2009,10,2009,0,0,0,0,0,2,2,75,1,1,1,3,0,0,1,51,2,1,1,24,0,0
38,380092,2,2,1,20,12,13,22,12,1,1,0,38,1,20,481,20481,31,1993,2GBEK19K5P11,2,G,B,E,K,1,9,K,5,P,1,1,0,T,CHEV,GK1,CL,93,17,,2,1555,1415,GM4,G,,0,0,000000000,00000000000,0,0,0,1,0,0,0,0,0,0,0,50,0,1,5,6,6,6,2,1,0,0,0,1,38,58601,6,1,0,0,3,1,69,215,0,0,0,1,0,4,2009,4,2009,0,0,0,0,0,2,2,75,1,1,1,3,0,0,1,53,1,1,1,25,1,0
39,390001,1,2,2,5,1,12,30,12,6,1,0,39,1,20,22,20022,4,2006,1G1AL55F4677,1,G,1,A,L,5,5,F,4,6,7,7,0,P,CHEV,BLT,4D,6,17,3216,,0,1033,,G,,0,0,000000000,00000000000,0,0,0,1,0,0,0,0,0,0,0,998,0,1,1,5,5,6,2,12,0,0,0,1,39,44109,6,1,0,0,3,0,70,185,0,0,0,0,0,0,0,0,0,0,28,0,0,0,1,2,35,1,1,2,3,0,0,6,10,1,1,2,66,1,0
39,390001,2,2,3,5,1,12,30,12,6,1,0,39,1,6,52,6052,6,2002,3C8FY68B02T3,3,C,8,F,Y,6,8,B,0,2,T,3,0,P,CHRY,PTC,SV,2,17,3119,,0,1033,,G,,0,0,000000000,00000000000,0,0,0,1,0,0,0,0,0,0,0,35,0,0,0,12,12,6,2,12,0,0,0,1,39,44094,6,1,0,0,3,3,64,160,0,0,0,0,0,0,0,0,0,0,0,0,0,0,1,2,35,1,1,2,3,0,0,1,62,1,1,1,66,0,0
39,390002,1,1,2,25,1,22,52,8,0,1,0,39,1,63,401,63401,14,2000,KNDJA7233Y56,K,N,D,J,A,7,2,3,3,Y,5,6,0,P,KIA,SPO,UT,0,17,3352,,0,1043,,G,,0,0,000000000,00000000000,0,0,0,1,0,0,0,0,0,0,0,35,0,0,0,1,1,4,3,8,0,0,0,1,39,44266,6,1,0,0,3,0,63,220,0,0,0,0,0,0,0,0,0,0,0,0,0,0,1,4,45,1,1,2,1,0,0,1,80,1,1,1,13,0,0
39,390003,1,4,1,30,1,21,23,12,1,1,0,26,1,13,401,13401,14,2004,5LMEU88H44ZJ,5,L,M,E,U,8,8,H,4,4,Z,J,0,P,LINC,AVI,UT,4,17,4975,,0,1137,,G,,0,0,000000000,00000000000,0,0,0,1,0,0,0,0,0,0,0,0,0,0,0,6,6,6,2,8,0,0,0,1,26,48309,6,1,0,0,3,0,69,140,1,7,0,0,3,9,2007,11,2009,0,54,0,0,0,3,6,65,1,1,2,1,0,0,7,53,1,7,2,21,0,0
39,390003,2,4,1,30,1,21,23,12,1,1,0,39,1,37,39,37039,5,2009,JHMGE88439S0,J,H,M,G,E,8,8,4,3,9,S,0,0,P,HOND,FIS,4H,9,17,2520,,0,984,,G,,0,0,000000000,00000000000,0,0,0,1,0,0,0,0,0,0,0,70,0,0,0,12,12,6,2,12,0,0,0,1,39,45356,6,1,0,0,3,0,67,220,0,0,0,0,0,0,0,0,0,1,26,0,0,0,3,6,65,1,1,2,1,0,0,1,50,1,1,1,20,0,0
39,390003,3,4,1,30,1,21,23,12,1,1,0,39,2,41,51,41051,5,2004,JM1BK3430411,J,M,1,B,K,3,4,3,0,4,1,1,0,P,MAZD,M3H,4H,4,17,2826,,0,1039,,G,,0,0,000000000,00000000000,0,0,0,1,0,0,0,0,0,0,0,60,0,0,0,12,12,6,2,12,0,0,0,1,39,45429,6,1,0,0,3,0,63,275,0,0,0,1,1,3,2008,5,2008,0,0,0,0,0,3,6,65,1,1,2,1,0,0,1,61,1,1,1,98,0,0
39,390003,4,4,4,30,1,21,23,12,1,1,1,99,9,99,999,99999,99,9999,999999999999,9,9,9,9,9,9,9,9,9,9,9,9,0,U,,,,9,17,,,,,,,,0,0,000000000,00000000000,0,0,0,1,0,0,0,0,99,99,9,999,3,0,0,12,12,9,1,8,0,0,0,1,99,99999,9,9,99,9,9,9,999,999,99,99,99,99,99,99,9999,99,9999,0,86,0,0,0,3,6,65,1,1,2,1,0,0,1,80,1,1,1,98,0,0
39,390004,1,1,2,30,1,16,23,23,0,1,0,39,2,55,36,55036,3,2004,KMHCG35C04U3,K,M,H,C,G,3,5,C,0,4,U,3,0,P,HYUN,AGL,2H,4,17,2339,,0,961,,G,,0,0,000000000,00000000000,0,0,0,1,0,0,0,0,0,0,0,998,0,0,0,3,13,6,2,23,0,0,0,1,39,45154,6,1,0,0,3,0,67,175,0,0,0,0,0,0,0,0,0,0,36,0,0,0,1,2,45,1,2,2,1,0,0,1,12,1,1,4,6,2,0
39,390005,1,1,1,31,1,1,15,53,0,1,0,39,1,23,481,23481,31,2000,1GTEC14V3YE4,1,G,T,E,C,1,4,V,3,Y,E,4,0,T,GMC,NC1,PK,0,17,,2,1330,1190,SIE,G,,0,0,000000000,00000000000,0,0,0,1,0,0,0,0,0,0,0,55,0,0,0,9,3,6,2,42,0,0,0,1,39,45176,6,1,0,0,3,0,72,180,0,1,0,0,1,4,2007,6,2007,0,29,58,0,0,1,2,55,1,1,2,1,0,0,1,12,1,1,4,6,1,1
39,390006,1,1,2,1,1,0,19,1,0,1,0,39,1,12,481,12481,31,1998,1FTDX18W5WKA,1,F,T,D,X,1,8,W,5,W,K,A,0,T,FORD,F15,3C,98,17,,1,1570,1390,COF,G,,0,0,000000000,00000000000,0,0,0,1,0,0,0,0,0,0,0,998,0,1,5,0,10,6,2,1,0,0,0,1,39,45121,1,1,0,0,2,0,73,160,0,2,0,0,4,4,2008,7,2009,1,0,0,0,0,1,2,55,3,1,2,1,0,0,14,11,6,1,4,1,1,1
39,390007,1,1,2,2,1,2,26,34,0,1,0,39,1,12,481,12481,31,2007,1FTSW31P07EA,1,F,T,S,W,3,1,P,0,7,E,A,0,T,FORD,F3S,CW,7,17,,2,1720,1560,SRW,D,,0,0,000000000,00000000000,0,0,0,1,0,0,0,0,0,0,0,80,0,1,5,9,13,6,2,1,0,0,0,1,39,45056,6,1,0,0,3,0,73,160,0,0,0,0,0,0,0,0,0,1,36,0,0,0,1,2,55,1,1,2,1,0,0,1,6,1,1,4,1,2,1
39,390008,1,1,2,3,1,19,25,42,0,1,0,39,1,12,481,12481,31,2000,1FTWW33F7YEB,1,F,T,W,W,3,3,F,7,Y,E,B,0,T,FORD,F3D,CW,0,17,,3,1720,1560,DRW,D,,0,0,000000000,00000000000,0,0,0,1,0,0,0,0,0,0,0,998,0,0,0,10,9,6,2,42,0,0,0,1,39,44683,6,1,0,0,3,0,71,220,0,0,0,0,0,0,0,0,0,1,36,0,0,0,1,2,55,2,1,2,3,0,0,14,5,1,1,4,1,1,1
39,390009,1,3,1,4,1,8,50,12,6,1,0,39,2,20,2,20002,4,2002,2G1WF55E9293,2,G,1,W,F,5,5,E,9,2,9,3,0,P,CHEV,IMP,4D,2,17,3389,,0,1105,,G,,0,0,000000000,00000000000,0,0,0,1,0,0,0,0,0,0,0,998,0,0,0,3,3,6,2,12,0,0,0,1,39,43204,6,1,0,0,3,0,66,140,1,0,0,0,0,11,2008,11,2008,0,28,36,0,0,3,4,45,4,1,2,4,0,0,14,5,1,1,2,66,0,0
39,390009,2,3,2,4,1,8,50,12,6,1,0,39,2,20,37,20037,4,2000,1G1ND52J8Y61,1,G,1,N,D,5,2,J,8,Y,6,1,0,P,CHEV,MAL,4D,0,17,3051,,0,1070,,G,,0,0,000000000,00000000000,0,0,0,1,0,0,0,0,0,0,0,998,0,0,0,12,12,6,2,12,0,0,0,1,39,43232,6,1,0,0,3,0,68,175,0,0,0,0,0,0,0,0,0,0,0,0,0,0,3,4,45,4,1,2,4,0,0,14,62,1,1,1,66,1,0
39,390009,3,3,1,4,1,8,50,12,6,1,0,39,1,37,31,37031,4,2005,2HGES16585H5,2,H,G,E,S,1,6,5,8,5,H,5,0,P,HOND,UCL,4D,5,17,2606,,0,1031,,G,,0,0,000000000,00000000000,0,0,0,1,0,0,0,0,0,0,0,998,0,0,0,12,12,4,3,12,0,0,0,1,39,43232,6,1,0,0,3,3,61,160,0,0,0,0,0,0,0,0,0,0,0,0,0,0,3,4,45,4,1,2,4,0,0,14,50,1,1,1,98,0,0
39,390010,1,2,1,4,1,8,0,24,0,1,0,39,1,7,402,7402,14,2001,1B4HS28N31F5,1,B,4,H,S,2,8,N,3,1,F,5,0,P,DODG,DUR,UT,1,17,4512,,0,1159,,G,,0,0,000000000,00000000000,0,0,0,1,0,0,0,0,0,0,0,60,0,0,0,12,12,6,2,12,0,0,0,1,39,43701,6,1,0,0,3,3,74,220,0,0,0,1,0,3,2009,3,2009,0,0,0,0,0,3,4,65,4,2,2,3,0,0,14,62,1,1,1,98,0,0
39,390010,2,2,1,4,1,8,0,24,0,1,0,39,2,12,471,12471,30,2001,1FTYR11U91TA,1,F,T,Y,R,1,1,U,9,1,T,A,0,T,FORD,RNG,PK,1,17,,1,1176,1116,RNG,G,,0,0,000000000,00000000000,0,0,0,1,0,0,0,0,0,0,0,998,0,0,0,3,3,6,2,12,0,0,0,1,39,43722,6,1,0,0,3,3,64,156,0,0,0,0,0,0,0,0,0,0,36,0,0,0,3,4,65,4,2,2,3,0,0,14,5,1,1,4,1,1,0
39,390011,1,2,1,31,1,18,53,12,2,1,0,39,1,21,2,21002,4,1992,1G3HN53L1NH3,1,G,3,H,N,5,3,L,1,N,H,3,0,P,OLDS,88R,4D,92,17,3342,,0,1108,,G,,0,0,000000000,00000000000,0,0,0,1,0,0,0,0,0,0,0,998,0,0,0,12,12,6,2,12,0,0,0,1,39,44864,6,1,0,0,3,3,79,170,0,0,0,0,0,0,0,0,0,0,28,0,0,0,1,2,50,2,1,2,1,0,0,14,10,1,1,2,50,1,0
39,390011,2,2,2,31,1,18,53,12,2,1,0,39,1,24,1,24001,4,2002,1G8ZH54802Z1,1,G,8,Z,H,5,4,8,0,2,Z,1,0,P,STRN,SL1,4D,2,17,2377,,0,1024,,G,,0,0,000000000,00000000000,0,0,0,1,0,0,0,0,0,0,0,40,0,0,0,12,12,6,2,12,0,0,0,1,39,44813,6,1,0,0,3,0,60,140,0,0,0,0,0,0,0,0,0,0,0,0,0,0,1,2,50,3,1,2,1,0,0,14,62,1,1,1,51,0,0
39,390012,1,1,1,2,2,19,0,42,0,1,0,39,1,12,401,12401,14,2002,1FMZU73EX2UC,1,F,M,Z,U,7,3,E,X,2,U,C,0,P,FORD,EPR,UT,2,17,4378,,0,1137,,G,,0,0,000000000,00000000000,0,0,0,1,0,0,0,0,0,0,0,40,0,1,5,12,13,6,2,1,0,0,0,1,39,43413,6,1,0,0,3,3,70,160,0,0,0,0,0,0,0,0,0,0,29,0,0,0,1,2,55,1,1,2,3,0,0,1,13,1,1,4,1,1,0
39,390013,1,2,3,4,2,2,28,12,1,1,0,39,1,20,16,20016,6,1992,1G1JC8448N71,1,G,1,J,C,8,4,4,8,N,7,1,0,P,CHEV,CRV,SW,92,17,2617,,0,1013,,G,,0,0,000000000,00000000000,0,0,0,1,0,0,0,0,0,0,0,998,0,0,0,6,6,6,2,12,0,0,0,1,39,45030,1,1,0,0,2,0,64,170,0,0,0,0,1,11,2009,11,2009,0,0,0,0,0,2,4,65,1,1,2,1,0,0,1,53,1,1,1,25,2,0
39,390013,2,2,1,4,2,2,28,12,1,1,0,39,1,2,405,2405,14,2007,1J4GL48K27W5,1,J,4,G,L,4,8,K,2,7,W,5,0,T,JEEP,SPR,4W,7,17,,1,0,1043,LIB,G,,0,0,000000000,00000000000,0,0,0,1,0,0,0,0,0,0,0,998,0,0,0,12,12,4,3,12,0,0,0,1,39,45211,6,1,0,0,3,0,68,135,3,0,0,0,1,6,2007,11,2008,1,26,0,0,0,2,4,65,1,1,2,1,0,0,1,51,1,1,1,24,0,1
39,390014,1,1,1,6,2,21,15,42,0,1,0,39,1,20,37,20037,4,2000,1G1ND52J7Y61,1,G,1,N,D,5,2,J,7,Y,6,1,0,P,CHEV,MAL,4D,0,17,3051,,0,1070,,G,,0,0,000000000,00000000000,0,0,0,1,0,0,0,0,0,0,0,45,0,0,0,3,3,6,2,42,0,0,0,1,39,45345,6,1,0,0,3,3,72,195,1,0,0,0,1,5,2007,5,2007,0,29,0,0,0,1,2,50,1,1,2,4,0,0,1,12,1,1,4,6,1,1
39,390015,1,1,1,8,2,13,26,1,0,1,0,39,2,22,20,22020,4,1996,1G2WJ52M8TF2,1,G,2,W,J,5,2,M,8,T,F,2,0,P,PONT,GFS,4D,96,17,3234,,0,1075,,G,,0,0,000000000,00000000000,0,0,0,1,0,0,0,0,0,0,0,998,0,2,3,0,13,6,2,1,0,0,0,1,39,43723,6,1,0,0,3,3,60,165,1,0,0,0,0,4,2008,4,2008,0,36,0,0,0,3,4,65,1,2,2,1,0,0,1,12,7,1,4,6,1,0
39,390016,1,1,2,1,1,17,10,34,0,1,0,39,2,12,471,12471,30,1992,1FTCR10UXNPA,1,F,T,C,R,1,0,U,X,N,P,A,0,T,FORD,RNG,PK,92,17,,1,1139,1079,RNG,G,,0,0,000000000,00000000000,0,0,0,1,0,0,0,0,0,0,0,50,0,2,5,1,13,6,2,1,0,0,0,1,39,45414,6,1,0,0,3,0,71,125,0,0,0,0,0,0,0,0,0,0,29,0,0,0,1,2,50,1,1,2,1,0,0,1,13,6,1,4,1,1,0
39,390017,1,2,2,4,1,13,12,12,8,1,0,39,2,20,421,20421,15,1992,1GNCT18W7N01,1,G,N,C,T,1,8,W,7,N,0,1,0,P,CHEV,S10,UT,92,17,3486,,0,1005,,G,,0,0,000000000,00000000000,0,0,0,1,0,0,0,0,0,0,0,35,0,0,0,7,7,4,1,12,0,0,0,1,39,43076,6,1,0,0,3,3,67,175,0,0,0,0,0,0,0,0,0,0,0,0,0,0,1,2,35,1,1,2,3,0,0,1,18,1,1,1,65,0,0
39,390017,2,2,1,4,1,13,12,12,8,1,0,39,2,20,19,20019,4,1993,1G1LT53T4PY1,1,G,1,L,T,5,3,T,4,P,Y,1,0,P,CHEV,COL,4D,93,17,2763,,0,1034,,G,,0,0,000000000,00000000000,0,0,0,1,0,0,0,0,0,0,0,0,0,0,0,10,10,6,2,8,0,0,0,1,39,43025,6,1,0,0,3,3,60,112,1,0,0,0,0,8,2008,8,2008,0,28,36,0,0,1,2,35,1,1,2,4,0,0,2,5,2,1,2,64,0,0
39,390018,1,1,3,10,1,10,59,34,0,1,0,39,1,12,3,12003,2,2000,1FAFP4041YF2,1,F,A,F,P,4,0,4,1,Y,F,2,0,P,FORD,MUS,CP,0,17,3066,,0,1013,,G,,0,0,000000000,00000000000,0,0,0,1,0,0,0,0,0,0,0,55,0,1,5,12,13,6,2,1,0,0,0,1,39,43044,6,1,0,0,3,0,70,175,1,0,0,1,3,10,2007,6,2009,1,36,0,0,0,1,2,55,1,2,2,2,0,0,1,5,6,1,4,1,1,0
39,390019,1,2,1,10,1,13,43,12,6,1,0,39,1,18,7,18007,4,1996,1G4AG55M0T64,1,G,4,A,G,5,5,M,0,T,6,4,0,P,BUIC,CSL,4D,96,17,2951,,0,1049,,G,,0,0,000000000,00000000000,0,0,0,1,0,0,0,0,0,0,0,20,0,0,0,9,9,6,2,12,0,0,0,1,39,43209,6,1,0,0,3,3,65,180,1,0,0,0,1,7,2009,7,2009,0,38,0,0,0,1,4,35,1,1,2,2,20,3,1,17,1,1,2,89,1,0
39,390019,2,2,2,10,1,13,43,12,6,1,0,39,2,23,421,23421,15,2005,1GKFK66U85J1,1,G,K,F,K,6,6,U,8,5,J,1,0,T,GMC,DXL,4W,5,17,,2,0,1300,YUK,G,,0,0,000000000,00000000000,0,0,0,1,0,0,0,0,0,0,0,0,0,0,0,12,12,6,2,12,0,0,0,1,39,43221,6,1,0,0,3,0,66,130,0,1,0,1,0,9,2009,10,2009,0,0,0,0,0,1,4,35,1,1,2,2,0,0,1,17,2,1,1,88,0,0
39,390020,1,1,1,1,1,19,38,32,0,1,0,39,1,49,40,49040,4,1995,4T1SK12E4SU8,4,T,1,S,K,1,2,E,4,S,U,8,0,P,TOYT,CLE,4D,95,17,3086,,0,1031,,G,,0,0,000000000,00000000000,0,0,0,1,0,0,0,0,0,0,0,998,0,1,5,11,13,6,2,1,0,0,0,1,39,45171,6,1,0,0,3,0,75,160,1,2,0,0,2,3,2007,2,2009,1,29,0,0,0,1,2,55,1,2,2,1,0,0,1,13,3,1,4,1,1,0
39,390021,1,2,1,13,1,14,34,12,6,1,0,39,1,18,20,18020,2,1990,2G4WB14T8L14,2,G,4,W,B,1,4,T,8,L,1,4,0,P,BUIC,RGC,CP,90,17,3102,,0,1075,,G,,0,0,000000000,00000000000,0,0,0,1,0,0,0,0,0,0,0,998,0,0,0,2,2,6,2,12,0,0,0,1,39,43517,6,1,0,0,3,3,61,130,0,0,0,0,0,0,0,0,0,0,38,0,0,0,1,2,45,1,1,2,1,0,0,11,15,1,1,1,68,1,0
39,390021,2,2,1,13,1,14,34,12,6,1,0,39,1,20,22,20022,2,2006,999999999999,9,9,9,9,9,9,9,9,9,9,9,9,0,U,,,,9,17,,,,,,,,0,0,000000000,00000000000,0,0,0,1,0,0,0,0,0,0,0,0,0,0,0,12,12,6,2,12,0,0,0,1,39,43517,6,1,0,0,3,3,67,150,0,0,0,1,0,1,2008,1,2008,0,0,0,0,0,1,2,45,1,1,2,1,0,0,1,17,2,1,1,69,0,0
39,390022,1,1,1,15,1,19,0,34,0,1,0,39,1,49,401,49401,14,2000,JT3HN86R6Y02,J,T,3,H,N,8,6,R,6,Y,0,2,0,P,TOYT,RUN,UT,0,17,3885,,0,1053,,G,,0,0,000000000,00000000000,0,0,0,1,0,0,0,0,0,0,0,998,0,1,5,3,13,6,2,1,0,0,0,1,39,45843,6,1,0,0,3,0,67,260,0,0,0,1,1,4,2007,5,2009,1,0,0,0,0,1,2,55,4,1,2,2,0,0,14,13,1,1,4,1,1,1
39,390023,1,1,2,3,1,2,25,24,0,1,0,39,2,20,2,20002,4,2002,2G1WF55E5293,2,G,1,W,F,5,5,E,5,2,9,3,0,P,CHEV,IMP,4D,2,17,3389,,0,1105,,G,,0,0,000000000,00000000000,0,0,0,1,0,0,0,0,0,0,0,998,0,1,5,12,13,6,2,1,0,0,0,1,39,45432,6,1,0,0,3,0,73,185,1,0,0,1,5,8,2007,12,2009,1,36,0,0,0,1,4,45,3,1,2,1,0,0,14,13,1,1,4,1,2,1