STATE,ST_CASE,VEH_NO,VE_FORMS,NUMOCCS,DAY,MONTH,HOUR,MINUTE,HARM_EV,MAN_COLL,UNITTYPE,HIT_RUN,REG_STAT,OWNER,MAKE,MODEL,MAK_MOD,BODY_TYP,MOD_YEAR,VIN,VIN_1,VIN_2,VIN_3,VIN_4,VIN_5,VIN_6,VIN_7,VIN_8,VIN_9,VIN_10,VIN_11,VIN_12,TOW_VEH,VINTYPE,VINMAKE,VINA_MOD,VIN_BT,VINMODYR,VIN_LNGT,VIN_WGT,WGTCD_TR,WHLBS_LG,WHLBS_SH,SER_TR,FUELCODE,MCYCL_DS,J_KNIFE,MCARR_I1,MCARR_I2,MCARR_ID,GVWR,V_CONFIG,CARGO_BT,HAZ_INV,HAZ_PLAC,HAZ_ID,HAZ_CNO,HAZ_REL,BUS_USE,SPEC_USE,EMER_USE,TRAV_SP,UNDERIDE,ROLLOVER,ROLINLOC,IMPACT1,IMPACT2,DEFORMED,TOWED,M_HARM,VEH_SC1,VEH_SC2,FIRE_EXP,DR_PRES,L_STATE,DR_ZIP,L_STATUS,L_TYPE,CDL_STAT,L_ENDORS,L_COMPL,L_RESTRI,DR_HGT,DR_WGT,PREV_ACC,PREV_SUS,PREV_DWI,PREV_SPD,PREV_OTH,FIRST_MO,FIRST_YR,LAST_MO,LAST_YR,SPEEDREL,DR_SF1,DR_SF2,DR_SF3,DR_SF4,VTRAFWAY,VNUM_LAN,VSPD_LIM,VALIGN,VPROFILE,VPAVETYP,VSURCOND,VTRAFCON,VTCONT_F,P_CRASH1,P_CRASH2,P_CRASH3,PCRASH4,PCRASH5,ACC_TYPE,DEATHS,DR_DRINK
39,390093,2,2,1,18,2,6,50,12,8,1,0,39,2,20,471,20471,30,1992,1GCCS14Z3N21,1,G,C,C,S,1,4,Z,3,N,2,1,0,T,CHEV,S14,PK,92,17,,1,1179,1083,S,G,,0,0,000000000,00000000000,0,0,0,1,0,0,0,0,0,0,0,18,0,0,0,9,9,6,2,12,0,0,0,1,39,45805,6,1,0,0,3,0,66,195,0,1,0,1,1,3,2008,11,2008,0,0,0,0,0,1,4,55,1,1,2,3,0,0,1,62,1,1,1,65,1,0
39,390094,1,1,2,19,2,23,37,34,0,1,0,39,1,54,34,54034,4,1993,JH4CC2663PC0,J,H,4,C,C,2,6,6,3,P,C,0,0,P,ACUR,VGS,4D,93,17,3160,,0,1104,,G,,0,0,000000000,00000000000,0,0,0,1,0,0,0,0,0,0,0,998,0,0,0,12,12,6,2,30,0,0,0,1,39,44506,6,1,0,0,3,0,67,200,0,0,0,0,0,0,0,0,0,0,36,0,0,0,1,2,35,4,6,2,1,0,0,14,12,1,1,4,6,1,1
39,390095,1,2,1,24,2,8,50,12,8,1,0,39,3,86,881,86881,66,1997,1M1AA18Y8VW0,1,M,1,A,A,1,8,Y,8,V,W,0,1,T,MACK,CH6,DS,97,17,,8,0,0,600,D,,1,57,01758335,5701758335,3,6,4,1,0,0,0,0,0,0,0,55,0,1,5,9,10,6,2,12,0,0,0,1,39,43812,6,1,6,0,3,3,66,190,1,0,0,0,0,10,2008,10,2008,0,0,0,0,0,1,2,55,1,2,2,1,0,0,1,60,9,1,1,65,0,0
39,390095,2,2,1,24,2,8,50,12,8,1,0,39,3,35,47,35047,4,1995,1N4BU31D5SC1,1,N,4,B,U,3,1,D,5,S,C,1,0,P,NISS,AGS,4D,95,17,2800,,0,1031,,G,,0,0,000000000,00000000000,0,0,0,1,0,0,0,0,0,0,0,998,0,0,0,9,10,6,2,12,0,0,0,1,39,43907,6,1,0,0,3,0,63,155,0,0,0,0,0,0,0,0,0,0,28,0,0,0,1,2,55,1,2,2,1,0,0,1,10,1,1,2,64,1,0
39,390096,1,1,1,24,2,19,15,8,0,1,1,39,1,20,443,20443,20,2001,1GNDX03E01D3,1,G,N,D,X,0,3,E,0,1,D,3,9,T,CHEV,VTR,ES,1,17,,1,0,1200,VTR,G,,0,0,000000000,00000000000,0,0,0,1,0,0,0,0,0,0,0,40,0,0,0,12,12,9,1,8,99,99,0,1,39,45209,6,1,0,0,3,0,63,135,0,0,0,0,0,0,0,0,0,0,91,0,0,0,1,2,25,1,1,2,1,0,0,1,17,1,1,9,13,0,0
39,390097,1,1,1,14,2,19,41,42,0,1,0,39,1,2,404,2404,14,1994,1J4FJ78S2RL1,1,J,4,F,J,7,8,S,2,R,L,1,0,T,JEEP,CTY,4W,94,17,,1,0,1014,CHK,G,,0,0,000000000,00000000000,0,0,0,1,0,0,0,0,0,0,0,50,0,0,0,1,1,6,2,42,0,0,0,1,39,44637,6,1,0,0,3,0,70,170,0,0,0,0,0,0,0,0,0,0,29,0,0,0,1,2,55,3,1,2,1,0,0,14,13,1,1,4,1,1,1
39,390098,1,3,1,27,2,15,6,12,6,1,1,39,1,23,401,23401,14,1998,1GKCT18W8WK5,1,G,K,C,T,1,8,W,8,W,K,5,0,T,GMC,JMY,2W,98,17,,1,0,1005,JMY,G,,0,0,000000000,00000000000,0,0,0,1,0,0,0,0,0,0,0,50,0,0,0,12,11,6,2,12,0,0,0,1,39,44703,6,1,0,0,3,0,71,165,0,1,0,0,0,2,2009,2,2009,0,36,39,0,0,1,2,35,1,1,2,2,3,3,1,17,1,1,1,86,0,1
39,390098,2,3,6,27,2,15,6,12,6,1,0,39,1,20,443,20443,20,2004,1GNDV13E94D2,1,G,N,D,V,1,3,E,9,4,D,2,0,T,CHEV,LUX,ES,4,17,,1,0,1200,VTR,G,,0,0,000000000,00000000000,0,0,0,1,0,0,0,0,0,0,0,17,0,0,0,1,1,6,2,12,0,0,0,1,39,44703,6,1,0,0,3,3,68,150,0,0,0,0,0,0,0,0,0,0,0,0,0,0,1,2,25,1,1,2,2,3,3,4,66,1,1,1,87,1,0
39,390098,3,3,3,27,2,15,6,12,6,1,0,39,2,20,402,20402,14,1999,2CNBJ18CXX69,2,C,N,B,J,1,8,C,X,X,6,9,0,P,CHEV,TKR,UT,99,17,2717,,0,866,,G,,0,0,000000000,00000000000,0,0,0,1,0,0,0,0,0,0,0,0,0,0,0,11,11,6,2,12,0,0,0,1,39,44706,6,1,0,0,3,0,71,205,0,0,0,0,0,0,0,0,0,0,0,0,0,0,1,2,25,1,1,2,2,3,3,5,66,1,1,1,98,0,0
39,390099,1,1,1,5,3,2,0,30,0,1,0,39,1,20,16,20016,3,1997,1G1JC1245V72,1,G,1,J,C,1,2,4,5,V,7,2,0,P,CHEV,C/S,CP,97,17,2584,,0,1041,,G,,0,0,000000000,00000000000,0,0,0,1,0,0,0,0,0,0,0,45,0,0,0,9,9,6,2,30,0,0,0,1,39,44446,6,1,0,0,3,3,76,175,2,0,0,0,1,12,2007,1,2009,1,29,0,0,0,1,2,45,3,1,2,1,0,0,14,13,1,1,4,1,1,1
39,390100,1,2,1,7,3,1,26,12,2,1,0,42,1,7,43,7043,4,2000,1B3EJ46X1YN1,1,B,3,E,J,4,6,X,1,Y,N,1,0,P,DODG,SSE,4D,0,17,2937,,0,1080,,G,,0,0,000000000,00000000000,0,0,0,1,0,0,0,0,0,0,0,75,7,0,0,12,13,6,2,12,0,0,0,1,42,16148,6,1,6,0,3,3,72,999,0,0,0,0,0,0,0,0,0,0,51,0,0,0,3,4,65,1,1,2,1,0,0,1,10,1,1,1,50,1,1
39,390100,2,2,2,7,3,1,26,12,2,1,0,34,3,82,881,82881,66,2003,1FUJA6CG23PK,1,F,U,J,A,6,C,G,2,3,P,K,1,T,FRHT,COL,DS,3,17,,8,0,0,CON,D,,1,57,17723,5717723,3,6,1,1,0,0,0,0,0,0,0,65,0,0,0,12,13,6,2,2,0,0,1,1,42,16833,6,1,6,0,3,0,71,999,0,0,0,1,0,3,2009,3,2009,0,0,0,0,0,3,4,65,1,1,2,1,0,0,1,54,1,1,1,51,0,0
39,390101,1,1,1,7,3,3,15,34,0,1,0,39,1,7,442,7442,20,2007,2D4GP44L57R3,2,D,4,G,P,4,4,L,5,7,R,3,0,P,DODG,CAR,SV,7,17,4252,,0,1193,,G,,0,0,000000000,00000000000,0,0,0,1,0,0,0,0,0,0,0,998,0,0,0,11,11,6,2,30,0,0,0,1,39,44039,6,1,0,0,3,3,67,156,0,1,0,2,3,8,2007,2,2010,0,29,0,0,0,1,2,55,1,1,2,1,0,0,1,13,1,1,4,1,1,1
39,390102,1,1,2,10,3,21,0,59,0,1,0,39,1,20,443,20443,20,2000,1GNDU23E8YD3,1,G,N,D,U,2,3,E,8,Y,D,3,0,P,CHEV,VTR,SV,0,17,3699,,0,1120,,G,,0,0,000000000,00000000000,0,0,0,1,0,0,0,0,0,0,0,51,0,1,5,1,1,6,2,1,0,0,0,1,39,43938,6,1,0,0,3,0,67,160,0,0,0,0,0,0,0,0,0,1,29,0,0,0,1,2,45,3,2,2,1,0,0,14,13,1,1,4,1,1,1
39,390103,1,1,1,13,3,23,15,30,0,1,0,99,9,14,4,14004,9,1994,999999999999,9,9,9,9,9,9,9,9,9,9,9,9,0,U,,,,9,17,,,,,,,,0,0,000000000,00000000000,0,0,0,1,0,0,0,0,0,0,0,999,0,0,0,7,7,6,2,42,0,0,0,1,39,44612,6,1,0,0,3,0,66,205,0,0,0,1,1,10,2007,12,2009,1,29,58,0,0,1,2,55,3,1,2,2,0,0,14,13,6,1,4,1,1,1
39,390104,1,1,4,13,3,0,18,43,0,1,0,39,1,23,481,23481,31,1990,2GTGK29K4L15,2,G,T,G,K,2,9,K,4,L,1,5,0,T,GMC,SK2,PC,90,17,,2,1555,1415,SIE,G,,0,0,000000000,00000000000,0,0,0,1,0,0,0,0,0,0,0,998,0,1,5,9,13,6,2,43,0,0,0,1,39,45692,1,1,0,0,2,0,71,175,0,0,0,0,0,0,0,0,0,0,29,58,0,0,1,2,55,1,1,2,2,0,0,1,13,6,1,4,1,1,1
39,390105,1,1,1,16,3,7,10,34,0,1,0,39,1,7,20,7020,2,1998,1B3ES42Y9WD5,1,B,3,E,S,4,2,Y,9,W,D,5,0,P,DODG,HSR,2P,98,17,2469,,0,1040,,G,,0,0,000000000,00000000000,0,0,0,1,0,0,0,0,0,0,0,998,0,1,5,12,13,6,2,1,0,0,0,1,39,43532,6,1,0,0,3,3,70,260,0,1,0,0,0,8,2008,8,2008,0,29,0,0,0,1,2,55,1,1,2,1,0,0,1,12,6,1,4,6,1,0
39,390106,1,1,1,24,3,10,55,33,0,1,0,39,3,12,881,12881,61,1999,1FDWF36L8XEE,1,F,D,W,F,3,6,L,8,X,E,E,0,T,FORD,F3D,CB,99,17,,3,1650,1410,DRW,G,,0,57,1063677,571063677,2,1,96,1,0,0,0,0,0,0,0,998,0,0,0,12,12,6,2,42,0,0,0,1,39,43223,6,1,6,0,3,0,75,322,0,0,0,0,0,0,0,0,0,0,29,0,0,0,1,4,35,1,1,2,1,0,0,1,13,1,1,4,1,1,0
39,390107,1,3,1,1,2,15,55,12,6,1,0,39,1,34,34,34034,4,2001,WBAAN37461ND,W,B,A,A,N,3,7,4,6,1,N,D,0,P,BMW,325,4D,1,17,3241,,0,1073,,G,,0,0,000000000,00000000000,0,0,0,1,0,0,0,0,0,0,0,10,0,0,0,12,3,6,2,12,0,0,0,1,39,43082,6,1,0,0,3,3,74,207,0,0,0,0,0,0,0,0,0,0,0,0,0,0,1,4,45,1,1,2,1,3,3,11,15,1,1,1,68,1,0
39,390107,2,3,1,1,2,15,55,12,6,1,0,39,1,7,472,7472,30,2002,1B7HG48N32S5,1,B,7,H,G,4,8,N,3,2,S,5,0,T,DODG,DQS,4C,2,17,,2,0,1309,DAK,G,,0,0,000000000,00000000000,0,0,0,1,0,0,0,0,0,0,0,50,0,0,0,3,2,6,2,12,0,0,0,1,39,43021,6,1,0,0,3,0,72,220,1,2,0,3,1,7,2007,11,2009,1,39,91,0,0,1,4,45,1,1,2,1,3,3,1,17,1,1,1,69,0,0
39,390107,3,3,1,1,2,15,55,12,6,1,0,39,1,37,471,37471,30,2008,2HJYK16508H5,2,H,J,Y,K,1,6,5,0,8,H,5,0,T,HOND,RTL,PK,8,17,,2,0,1220,RID,G,,0,0,000000000,00000000000,0,0,0,1,0,0,0,0,0,0,0,0,0,0,0,10,10,6,2,12,0,0,0,1,39,43015,6,1,0,0,3,0,71,220,0,0,0,0,0,0,0,0,0,0,0,0,0,0,1,4,45,1,1,2,1,3,3,5,54,1,1,1,98,0,0
39,390109,1,4,2,4,3,17,44,12,6,1,0,39,2,20,401,20401,14,2004,1GNDT13S5423,1,G,N,D,T,1,3,S,5,4,2,3,0,P,CHEV,TRL,UT,4,17,4612,,0,1130,,G,,0,0,000000000,00000000000,0,0,0,1,0,0,0,0,0,0,0,998,1,1,1,3,13,6,2,1,0,0,0,1,39,45318,6,1,0,0,3,3,63,148,0,0,0,1,0,6,2009,6,2009,0,26,36,0,0,3,6,65,1,1,2,1,0,0,1,50,1,2,2,48,2,0
39,390109,2,4,1,4,3,17,44,12,6,1,0,18,3,82,883,82883,66,2006,1FUJA6CK66LW,1,F,U,J,A,6,C,K,6,6,L,W,1,T,FRHT,COL,DS,6,17,,8,0,0,CON,D,,1,57,01021187,5701021187,3,6,1,1,0,0,0,0,0,0,0,50,0,0,0,12,12,6,2,12,0,0,0,1,39,45414,6,1,6,1,3,0,67,170,0,0,0,1,0,9,2009,9,2009,0,0,0,0,0,6,1,65,1,1,2,1,0,0,1,61,2,1,1,48,0,0
39,390109,3,4,1,4,3,17,44,12,6,1,0,39,1,49,40,49040,4,2001,4T1BG22K61U7,4,T,1,B,G,2,2,K,6,1,U,7,0,P,TOYT,CXL,4D,1,17,2998,,0,1051,,G,,0,0,000000000,00000000000,0,0,0,1,0,0,0,0,0,0,0,0,0,0,0,6,6,6,2,12,0,0,0,1,39,45356,6,1,0,0,3,0,72,253,0,0,0,0,0,0,0,0,0,0,0,0,0,0,3,6,65,1,1,2,1,0,0,5,18,1,1,1,98,0,0
39,390109,4,4,4,4,3,17,44,12,6,1,0,39,1,21,441,21441,20,1997,1GHDX03E1VD2,1,G,H,D,X,0,3,E,1,V,D,2,0,T,OLDS,SIL,ES,97,17,,1,0,1200,SIL,G,,0,0,000000000,00000000000,0,0,0,1,0,0,0,0,0,0,0,65,0,0,0,6,6,4,1,12,0,0,0,1,39,45365,6,1,0,0,3,0,60,250,1,0,0,0,1,11,2007,1,2008,0,0,0,0,0,3,6,65,1,1,2,1,0,0,1,18,1,1,1,98,0,0
39,390110,1,3,1,5,3,20,20,12,1,1,0,39,1,76,709,76709,80,1996,999999999999,9,9,9,9,9,9,9,9,9,9,9,9,5,U,,,,9,17,,,,,,,,0,0,000000000,00000000000,0,0,0,1,0,0,0,0,0,0,0,998,0,0,0,6,6,6,2,34,0,0,0,1,39,43162,6,1,0,0,3,0,75,200,0,2,0,0,0,8,2008,9,2008,0,99,99,99,99,1,2,98,1,1,2,1,0,0,1,18,1,1,1,98,0,0
39,390110,2,3,1,5,3,20,20,12,1,1,0,39,1,37,709,37709,80,1987,999999999999,9,9,9,9,9,9,9,9,9,9,9,9,0,U,,,,9,17,,,,,,,,0,0,000000000,00000000000,0,0,0,1,0,0,0,0,0,0,0,998,0,0,0,6,6,6,2,12,0,0,0,1,39,43064,1,1,0,0,2,0,67,140,0,0,0,0,0,0,0,0,0,0,24,0,0,0,1,2,98,1,1,2,1,0,0,1,18,1,1,1,25,1,0
39,390110,3,3,2,5,3,20,20,12,1,1,0,39,2,12,481,12481,31,2000,1FTRX17L3YNA,1,F,T,R,X,1,7,L,3,Y,N,A,0,T,FORD,F15,4C,0,17,,2,1571,1385,COF,G,,0,0,000000000,00000000000,0,0,0,1,0,0,0,0,0,0,0,40,0,0,0,12,12,6,2,12,0,0,0,1,39,43162,6,1,0,0,3,3,74,215,0,0,0,0,0,0,0,0,0,0,26,0,0,0,1,2,40,1,1,2,1,0,0,1,52,1,1,1,24,0,0
39,390111,1,2,2,8,3,17,15,12,6,1,0,39,1,7,41,7041,4,2002,2B3HD46R02H1,2,B,3,H,D,4,6,R,0,2,H,1,0,P,DODG,ISE,4D,2,17,3373,,0,1130,,G,,0,0,000000000,00000000000,0,0,0,1,0,0,0,0,0,0,0,998,0,0,0,12,12,6,2,12,0,0,0,1,39,43821,6,1,0,0,3,0,65,160,0,0,0,1,0,8,2007,8,2007,0,0,0,0,0,1,2,55,1,1,2,1,0,0,1,62,1,1,1,64,1,0
39,390111,2,2,1,8,3,17,15,12,6,1,0,39,2,22,2,22002,4,1987,1G2HX5435HW2,1,G,2,H,X,5,4,3,5,H,W,2,0,P,PONT,BON,4D,87,17,3316,,0,1108,,G,,0,0,000000000,00000000000,0,0,0,1,0,0,0,0,0,0,0,998,0,0,0,10,10,6,2,12,0,0,0,1,39,43821,6,1,0,0,3,0,69,135,0,0,0,1,0,11,2009,11,2009,0,0,0,0,0,1,2,55,1,1,2,1,0,0,6,10,1,1,2,65,0,0
39,390112,1,1,3,25,2,10,26,34,0,1,0,39,2,22,18,22018,4,1999,1G2NE52T2XM8,1,G,2,N,E,5,2,T,2,X,M,8,0,P,PONT,GAS,4D,99,17,3102,,0,1071,,G,,0,0,000000000,00000000000,0,0,0,1,0,0,0,0,0,0,0,998,0,1,5,99,13,6,2,1,0,0,0,1,39,45311,1,1,0,0,2,0,72,40,1,4,1,1,2,6,2007,11,2009,0,99,99,99,99,1,2,55,1,1,2,1,0,0,1,13,7,2,4,2,2,0
39,390113,1,2,1,26,2,9,5,12,2,1,0,39,2,7,402,7402,14,1999,1B4HS28Y3XF5,1,B,4,H,S,2,8,Y,3,X,F,5,0,P,DODG,DUR,UT,99,17,4397,,0,1159,,G,,0,0,000000000,00000000000,0,0,0,1,0,0,0,0,0,0,0,55,0,0,0,12,12,6,2,12,0,0,0,1,39,45331,6,1,0,0,3,0,71,248,2,5,0,1,4,5,2007,1,2010,0,99,99,99,99,1,2,55,1,1,2,4,0,0,1,17,1,1,9,50,1,0
39,390113,2,2,1,26,2,9,5,12,2,1,0,39,1,12,481,12481,31,2001,1FTSF31S21EC,1,F,T,S,F,3,1,S,2,1,E,C,0,T,FORD,F3S,PK,1,17,,2,0,1370,SRW,G,,0,0,000000000,00000000000,0,0,0,1,0,0,0,0,0,0,0,55,0,0,0,12,12,6,2,12,0,0,0,1,39,45311,6,1,0,0,3,0,72,220,0,1,0,0,2,2,2008,10,2009,0,99,99,99,99,1,2,55,1,1,2,4,0,0,1,17,1,1,9,51,0,0
39,390114,1,2,1,27,2,12,28,12,6,1,0,39,1,12,13,12013,9,1995,1FASP15J0SW1,1,F,A,S,P,1,5,J,0,S,W,1,0,P,FORD,EST,SW,95,17,2451,,0,984,,G,,0,0,000000000,00000000000,0,0,0,1,0,0,0,0,0,0,0,998,0,0,0,12,12,6,2,12,0,0,0,1,39,45891,6,1,0,0,3,0,72,180,0,0,0,0,0,0,0,0,0,0,39,0,0,0,1,2,55,1,1,2,2,3,3,1,17,1,1,1,65,1,0
39,390114,2,2,8,27,2,12,28,12,6,1,0,39,2,22,441,22441,20,2001,1GMDX03E01D2,1,G,M,D,X,0,3,E,0,1,D,2,0,T,PONT,MON,ES,1,17,,1,0,1200,MON,G,,0,0,000000000,00000000000,0,0,0,1,0,0,0,0,0,0,0,50,0,1,6,2,2,6,2,12,0,0,0,1,39,45373,6,1,0,0,3,3,68,130,0,0,0,0,0,0,0,0,0,0,0,0,0,0,1,2,55,1,1,2,2,3,3,1,17,1,1,1,64,0,0
39,390116,1,5,1,15,3,19,40,12,6,1,0,39,1,7,27,7027,6,2009,3D4GH57V19T1,3,D,4,G,H,5,7,V,1,9,T,1,0,P,DODG,JOU,UT,9,17,4229,,0,1138,,G,,0,0,000000000,00000000000,0,0,0,1,0,0,0,0,0,0,0,40,0,0,0,12,12,6,2,12,0,0,0,1,39,43614,6,1,0,0,3,3,69,165,0,0,0,0,0,0,0,0,0,1,39,0,0,0,1,4,35,1,1,2,1,3,3,1,17,1,1,1,69,0,0
39,390116,2,5,1,15,3,19,40,12,6,1,0,39,1,22,20,22020,4,2000,1G2WP52K2YF2,1,G,2,W,P,5,2,K,2,Y,F,2,0,P,PONT,GPG,4D,0,17,3455,,0,1105,,G,,0,0,000000000,00000000000,0,0,0,1,0,0,0,0,0,0,0,10,0,0,0,3,3,6,2,12,0,0,0,1,39,43702,6,1,0,0,3,3,60,100,0,0,0,0,0,0,0,0,0,0,0,0,0,0,1,4,35,1,1,2,1,3,3,11,15,1,1,1,68,1,0
39,390116,3,5,2,15,3,19,40,12,6,1,0,39,1,37,32,37032,4,1994,1HGCD5653RA0,1,H,G,C,D,5,6,5,3,R,A,0,0,P,HOND,UER,4D,94,17,2908,,0,1069,,G,,0,0,000000000,00000000000,0,0,0,1,0,0,0,0,0,0,0,0,0,0,0,2,2,2,3,12,0,0,0,1,39,43344,6,1,0,0,3,0,71,175,1,0,0,0,2,6,2007,9,2007,0,0,0,0,0,1,4,35,1,1,2,1,3,3,5,50,1,1,1,98,0,0
39,390116,4,5,3,15,3,19,40,12,6,1,0,39,2,9,442,9442,20,1999,2P4GP45GXXR1,2,P,4,G,P,4,5,G,X,X,R,1,0,P,PLYM,VOF,SV,99,17,3768,,0,1133,,F,,0,0,000000000,00000000000,0,0,0,1,0,0,0,0,0,0,0,0,0,0,0,12,12,2,1,12,0,0,0,1,39,43403,6,1,0,0,3,0,62,125,0,0,0,0,0,0,0,0,0,0,0,0,0,0,1,4,35,1,1,2,1,0,0,5,50,1,1,1,98,0,0
39,390116,5,5,2,15,3,19,40,12,6,1,0,39,1,14,37,14037,4,1998,1MEFM66L5WK6,1,M,E,F,M,6,6,L,5,W,K,6,0,P,MERC,MLE,4D,98,17,0,,0,1065,,G,,0,0,000000000,00000000000,0,0,0,1,0,0,0,0,0,0,0,5,0,0,0,12,12,2,1,12,0,0,0,1,39,43402,6,1,0,0,3,0,71,190,0,0,0,0,1,6,2009,6,2009,0,0,0,0,0,1,4,35,1,1,2,1,3,3,1,17,1,1,1,98,0,0
39,390117,1,2,1,14,3,14,47,12,6,1,0,39,2,12,23,12023,4,2007,3FAHP07Z57R1,3,F,A,H,P,0,7,Z,5,7,R,1,0,P,FORD,F/E,4D,7,17,3101,,0,1074,,G,,0,0,000000000,00000000000,0,0,0,1,0,0,0,0,0,0,0,55,0,0,0,1,12,6,2,12,0,0,0,1,39,44035,6,1,0,0,3,3,62,135,0,0,0,0,1,6,2009,6,2009,0,0,0,0,0,1,2,55,1,1,2,2,4,3,1,66,1,1,1,87,0,0
39,390117,2,2,1,14,3,14,47,12,6,1,0,39,1,49,43,49043,4,2002,4T1BF28B62U2,4,T,1,B,F,2,8,B,6,2,U,2,0,P,TOYT,UVS,4D,2,17,3417,,0,1071,,G,,0,0,000000000,00000000000,0,0,0,1,0,0,0,0,0,0,0,998,0,0,0,12,12,6,2,12,0,0,0,1,39,44074,6,1,0,0,3,3,63,125,0,0,0,0,0,0,0,0,0,0,38,0,0,0,1,2,55,1,1,2,2,4,3,1,17,1,1,1,86,1,0
39,390118,1,2,1,17,3,16,26,12,2,1,0,39,1,72,706,72706,80,2003,1HD1GEV1X3K3,1,H,D,1,G,E,V,1,X,3,K,3,0,M,HD,FWG,RS,3,17,,,,,,,1450,0,0,000000000,00000000000,0,0,0,1,0,0,0,0,0,0,0,998,0,0,0,12,12,6,2,12,0,0,0,1,39,45506,6,1,0,0,3,0,70,200,0,0,0,0,0,0,0,0,0,0,28,0,0,0,1,2,55,2,1,2,1,0,0,14,10,1,1,2,50,1,0
39,390118,2,2,1,17,3,16,26,12,2,1,0,39,1,7,482,7482,31,2001,1B7HC16Y31S7,1,B,7,H,C,1,6,Y,3,1,S,7,0,T,DODG,150,PK,1,17,,2,1347,1187,RPC,G,,0,0,000000000,00000000000,0,0,0,1,0,0,0,0,0,0,0,51,0,0,0,12,11,6,2,12,0,0,0,1,39,45385,6,1,0,0,3,0,72,210,0,1,0,0,0,6,2007,6,2007,0,0,0,0,0,1,2,55,2,1,2,1,0,0,14,62,1,1,1,51,0,0
39,390119,1,2,1,4,2,8,12,12,6,1,0,39,1,20,16,20016,2,1996,1G1JC1247TM1,1,G,1,J,C,1,2,4,7,T,M,1,0,P,CHEV,CAV,CP,96,17,2617,,0,1041,,G,,0,0,000000000,00000000000,0,0,0,1,0,0,0,0,0,0,0,998,0,0,0,3,9,6,2,12,0,0,0,1,39,43724,6,1,0,0,3,3,67,150,0,0,0,0,0,0,0,0,0,0,28,36,0,0,1,2,55,4,1,2,1,0,0,14,8,6,2,2,64,1,0
39,390119,2,2,2,4,2,8,12,12,6,1,0,39,1,18,2,18002,4,1997,1G4HP52K5VH4,1,G,4,H,P,5,2,K,5,V,H,4,0,P,BUIC,LCF,4D,97,17,3446,,0,1108,,G,,0,0,000000000,00000000000,0,0,0,1,0,0,0,0,0,0,0,998,0,0,0,12,12,6,2,12,0,0,0,1,39,43779,6,1,0,0,3,0,73,255,0,0,0,0,0,0,0,0,0,0,0,0,0,0,1,2,55,4,1,2,1,0,0,14,62,1,1,1,65,0,0
39,390120,1,1,1,10,3,23,0,1,0,1,0,39,1,20,471,20471,30,1996,1GCCS19X3T81,1,G,C,C,S,1,9,X,3,T,8,1,0,T,CHEV,S14,PC,96,17,,1,0,1229,S,G,,0,0,000000000,00000000000,0,0,0,1,0,0,0,0,0,0,0,61,0,1,1,0,9,6,2,1,0,0,0,1,39,43331,6,1,0,0,3,3,70,160,0,0,0,0,2,5,2009,5,2009,0,28,36,0,0,1,2,55,4,1,2,1,40,3,14,8,1,2,2,98,1,1
39,390121,1,2,1,10,3,2,25,12,2,1,0,39,3,37,31,37031,4,2009,JHMFA36269S0,J,H,M,F,A,3,6,2,6,9,S,0,0,P,HOND,CHY,4D,9,17,2877,,0,0,,B,,0,0,000000000,00000000000,0,0,0,1,0,0,0,0,0,0,0,998,0,0,0,12,10,6,2,12,0,0,0,1,39,43344,6,1,0,0,3,0,65,170,0,0,0,0,0,0,0,0,0,0,0,0,0,0,1,2,55,4,1,2,1,0,0,14,62,1,1,1,51,1,0
39,390121,2,2,1,10,3,2,25,12,2,1,0,39,2,37,31,37031,2,1995,1HGEJ1227SL0,1,H,G,E,J,1,2,2,7,S,L,0,0,P,HOND,CEX,CP,95,17,2371,,0,1032,,G,,0,0,000000000,00000000000,0,0,0,1,0,0,0,0,0,0,0,998,0,0,0,12,10,6,2,12,0,0,0,1,39,43344,6,1,0,0,3,0,72,160,0,3,1,5,2,6,2007,12,2008,0,28,0,0,0,1,2,55,4,1,2,1,0,0,14,10,1,1,2,50,1,1
39,390122,1,2,1,13,3,8,20,12,6,1,0,39,2,18,2,18002,4,1994,1G4HP52L6RH5,1,G,4,H,P,5,2,L,6,R,H,5,0,P,BUIC,LCF,4D,94,17,3449,,0,1108,,G,,0,0,000000000,00000000000,0,0,0,1,0,0,0,0,0,0,0,998,0,0,0,3,9,6,2,12,0,0,0,1,39,45439,6,1,0,0,3,0,64,120,1,2,1,0,0,6,2007,9,2007,0,28,36,0,0,1,2,55,4,1,2,2,0,0,14,5,1,1,6,65,1,0
39,390122,2,2,1,13,3,8,20,12,6,1,0,39,2,87,881,87881,66,1986,1XP9DB9X5GN1,1,X,P,9,D,B,9,X,5,G,N,1,1,T,PTRB,359,DS,86,17,,8,0,0,CON,D,,1,57,960578,57960578,3,6,1,1,0,0,0,0,0,0,0,50,0,0,0,12,14,6,2,12,0,0,0,1,39,45177,6,1,6,1,3,0,70,195,0,1,0,1,0,11,2007,12,2007,0,91,0,0,0,1,2,55,4,1,2,2,0,0,14,62,2,1,1,64,0,0
39,390123,1,1,2,16,3,8,45,38,0,1,0,39,2,12,481,12481,31,1993,1FTEF14Y1PLA,1,F,T,E,F,1,4,Y,1,P,L,A,0,T,FORD,F15,PK,93,17,,2,1330,1170,COF,G,,0,0,000000000,00000000000,0,0,0,1,0,0,0,0,0,0,0,99,0,0,0,12,12,6,2,35,0,0,0,1,39,43123,1,1,0,0,2,3,72,200,0,6,1,0,1,3,2008,12,2009,0,28,36,0,0,1,2,45,1,2,2,1,0,0,3,14,1,1,5,14,2,1