STATE,ST_CASE,VEH_NO,VE_FORMS,NUMOCCS,DAY,MONTH,HOUR,MINUTE,HARM_EV,MAN_COLL,UNITTYPE,HIT_RUN,REG_STAT,OWNER,MAKE,MODEL,MAK_MOD,BODY_TYP,MOD_YEAR,VIN,VIN_1,VIN_2,VIN_3,VIN_4,VIN_5,VIN_6,VIN_7,VIN_8,VIN_9,VIN_10,VIN_11,VIN_12,TOW_VEH,VINTYPE,VINMAKE,VINA_MOD,VIN_BT,VINMODYR,VIN_LNGT,VIN_WGT,WGTCD_TR,WHLBS_LG,WHLBS_SH,SER_TR,FUELCODE,MCYCL_DS,J_KNIFE,MCARR_I1,MCARR_I2,MCARR_ID,GVWR,V_CONFIG,CARGO_BT,HAZ_INV,HAZ_PLAC,HAZ_ID,HAZ_CNO,HAZ_REL,BUS_USE,SPEC_USE,EMER_USE,TRAV_SP,UNDERIDE,ROLLOVER,ROLINLOC,IMPACT1,IMPACT2,DEFORMED,TOWED,M_HARM,VEH_SC1,VEH_SC2,FIRE_EXP,DR_PRES,L_STATE,DR_ZIP,L_STATUS,L_TYPE,CDL_STAT,L_ENDORS,L_COMPL,L_RESTRI,DR_HGT,DR_WGT,PREV_ACC,PREV_SUS,PREV_DWI,PREV_SPD,PREV_OTH,FIRST_MO,FIRST_YR,LAST_MO,LAST_YR,SPEEDREL,DR_SF1,DR_SF2,DR_SF3,DR_SF4,VTRAFWAY,VNUM_LAN,VSPD_LIM,VALIGN,VPROFILE,VPAVETYP,VSURCOND,VTRAFCON,VTCONT_F,P_CRASH1,P_CRASH2,P_CRASH3,PCRASH4,PCRASH5,ACC_TYPE,DEATHS,DR_DRINK
39,390124,1,1,2,17,3,1,30,3,0,1,0,39,1,37,32,37032,4,1992,1HGCB7679NA1,1,H,G,C,B,7,6,7,9,N,A,1,0,P,HOND,AEX,4D,92,17,2987,,0,1071,,G,,0,0,000000000,00000000000,0,0,0,1,0,0,0,0,0,0,0,999,0,0,0,0,12,6,2,3,0,0,0,1,39,43001,6,1,0,0,3,0,66,130,2,0,0,0,1,7,2008,8,2008,0,28,0,0,0,1,4,35,1,2,2,1,0,0,1,98,1,1,5,0,2,1
39,390125,1,2,1,17,3,9,27,12,6,1,0,39,3,86,882,86882,63,2003,1M2K195C23M0,1,M,2,K,1,9,5,C,2,3,M,0,1,T,MACK,MR6,TL,3,17,,8,0,0,600,D,,1,57,844665,57844665,3,2,4,1,0,0,0,0,0,0,0,40,7,0,0,12,2,4,3,12,0,0,0,1,39,44667,6,1,6,1,3,0,71,185,0,0,0,0,0,0,0,0,0,0,0,0,0,0,1,2,45,1,1,2,1,0,0,1,60,1,1,1,73,0,0
39,390125,2,2,1,17,3,9,27,12,6,1,0,39,2,49,40,49040,4,2002,4T1BF32K92U0,4,T,1,B,F,3,2,K,9,2,U,0,0,P,TOYT,LXS,4D,2,17,3296,,0,1071,,G,,0,0,000000000,00000000000,0,0,0,1,0,0,0,0,0,0,0,998,0,0,0,9,7,6,2,12,0,0,0,1,39,44636,6,1,0,0,3,3,64,140,0,0,0,0,0,0,0,0,0,0,48,0,0,0,1,2,45,1,1,2,1,0,0,11,10,1,1,1,72,1,0
39,390126,1,1,1,27,3,22,42,38,0,1,0,39,1,53,706,53706,80,1988,JS1GV72A5J21,J,S,1,G,V,7,2,A,5,J,2,1,0,M,SUZI,GSX,RS,88,17,,,,,,,1127,0,0,000000000,00000000000,0,0,0,1,0,0,0,0,0,0,0,998,0,0,0,12,12,4,3,31,0,0,0,1,39,44601,6,1,0,0,3,0,67,160,1,3,0,0,4,6,2007,2,2009,0,99,99,99,99,1,2,25,4,2,2,1,0,0,14,13,1,1,5,1,1,1
39,390129,1,2,2,4,3,8,7,12,2,1,0,39,1,63,402,63402,14,2003,KNDJC7337350,K,N,D,J,C,7,3,3,7,3,5,0,0,P,KIA,SOR,UT,3,17,4255,,0,1067,,G,,0,0,000000000,00000000000,0,0,0,1,0,0,0,0,0,0,0,998,0,0,0,12,11,6,2,12,0,0,0,1,39,43764,6,1,0,0,3,3,60,300,0,0,0,0,0,0,0,0,0,0,28,0,0,0,1,2,55,1,2,1,1,0,0,1,10,1,1,2,50,2,0
39,390129,2,2,3,4,3,8,7,12,2,1,0,39,1,20,461,20461,21,1997,1GCGG25R6V10,1,G,C,G,G,2,5,R,6,V,1,0,0,T,CHEV,G20,VN,97,17,,2,0,1350,VAN,G,,0,0,000000000,00000000000,0,0,0,1,0,0,0,0,0,0,0,55,0,0,0,12,11,6,2,12,0,0,0,1,39,43787,6,1,0,0,3,0,69,170,0,3,1,0,3,3,2007,9,2008,0,0,0,0,0,1,2,55,1,2,1,1,0,0,1,62,1,1,1,51,0,0
39,390130,1,1,1,13,3,20,5,8,0,1,1,39,1,20,481,20481,31,2001,1GCJC39U81F1,1,G,C,J,C,3,9,U,8,1,F,1,0,T,CHEV,SC3,4C,1,17,,3,0,1575,SIL,G,,0,0,000000000,00000000000,0,0,0,1,0,0,0,0,0,0,0,40,0,0,0,12,12,4,3,8,0,0,0,1,39,45069,6,1,0,0,3,0,70,175,1,0,0,0,0,5,2008,5,2008,0,86,0,0,0,5,4,35,1,2,2,2,3,3,1,80,1,1,1,13,0,1
39,390131,1,1,1,17,3,23,15,24,0,1,0,39,1,12,23,12023,4,2006,3FAHP08196R1,3,F,A,H,P,0,8,1,9,6,R,1,0,P,FORD,F/L,4D,6,17,3101,,0,1074,,G,,0,0,000000000,00000000000,0,0,0,1,0,0,0,0,0,0,0,998,0,1,5,5,11,6,2,1,0,0,0,1,39,43334,6,1,0,0,3,0,60,115,0,0,0,0,1,6,2008,6,2008,1,29,58,0,0,1,2,35,2,2,2,1,0,0,14,13,6,1,4,1,1,1
39,390132,1,2,1,19,3,13,52,12,2,1,0,39,2,22,20,22020,4,2000,1G2WJ52J1YF1,1,G,2,W,J,5,2,J,1,Y,F,1,0,P,PONT,GFS,4D,0,17,3373,,0,1105,,G,,0,0,000000000,00000000000,0,0,0,1,0,0,0,0,0,0,0,998,0,0,0,12,12,6,2,12,0,0,1,1,39,43224,6,1,0,0,3,3,66,189,2,0,0,0,1,8,2008,12,2008,0,28,0,0,0,1,2,55,1,1,2,1,0,0,1,10,1,1,2,50,1,1
39,390132,2,2,1,19,3,13,52,12,2,1,0,34,3,86,881,86881,66,2006,1M1AK06Y26N0,1,M,1,A,K,0,6,Y,2,6,N,0,1,T,MACK,CXN,DS,6,17,,8,0,0,600,D,,1,57,024370,57024370,3,6,1,1,0,0,0,0,0,0,0,55,0,0,0,12,12,6,2,12,0,0,0,1,39,43232,6,1,6,0,3,0,65,155,0,0,0,1,1,7,2007,10,2008,0,0,0,0,0,1,2,55,1,1,2,1,0,0,1,62,1,1,1,51,0,0
39,390133,1,2,1,21,3,14,18,12,1,1,0,50,3,82,881,82881,66,2002,1FUJBBCG12LJ,1,F,U,J,B,B,C,G,1,2,L,J,1,T,FRHT,ST2,DS,2,17,,8,0,0,CON,D,,1,57,1367624,571367624,3,6,1,1,0,0,0,0,0,0,0,0,0,0,0,6,14,6,2,12,0,0,0,1,50,5408,6,1,1,0,2,0,71,166,0,0,0,1,2,3,2009,7,2009,1,54,0,0,0,3,4,65,1,1,2,1,0,0,5,18,1,7,1,21,0,0
39,390133,2,2,1,21,3,14,18,12,1,1,0,39,3,12,17,12017,4,2005,1FAFP53285A1,1,F,A,F,P,5,3,2,8,5,A,1,0,P,FORD,TSE,4D,5,17,3306,,0,1085,,F,,0,0,000000000,00000000000,0,0,0,1,0,0,0,0,0,0,0,60,1,0,0,12,12,6,2,12,0,0,0,1,13,43235,6,1,6,0,3,3,73,228,98,0,0,0,0,0,0,0,0,1,26,0,0,0,6,1,65,1,1,2,1,0,0,16,50,1,1,1,20,1,0
39,390134,1,2,1,21,3,13,25,12,6,1,0,39,1,76,706,76706,80,2007,JYAVP11E87A0,J,Y,A,V,P,1,1,E,8,7,A,0,0,M,YAMA,XVS,RS,7,17,,,,,,,1063,0,0,000000000,00000000000,0,0,0,1,0,0,0,0,0,0,0,998,0,0,0,3,3,6,2,12,0,0,0,1,39,44705,6,1,0,0,3,3,64,220,0,0,0,0,0,0,0,0,0,0,39,0,0,0,1,4,45,1,2,2,1,3,3,1,17,1,1,1,87,1,0
39,390134,2,2,1,21,3,13,25,12,6,1,0,39,2,18,401,18401,14,2003,3G5DA03E33S5,3,G,5,D,A,0,3,E,3,3,S,5,0,P,BUIC,RZV,UT,3,17,4024,,0,1122,,G,,0,0,000000000,00000000000,0,0,0,1,0,0,0,0,0,0,0,20,0,0,0,12,1,4,9,12,0,0,0,1,39,44709,1,1,0,0,2,3,64,140,0,1,0,0,1,9,2009,11,2009,0,0,0,0,0,6,1,45,1,2,2,1,3,3,1,66,1,1,1,86,0,0
39,390135,1,3,1,26,3,15,10,12,1,1,0,39,2,7,442,7442,20,1998,2B4FP25B6WR8,2,B,4,F,P,2,5,B,6,W,R,8,0,P,DODG,CAR,SV,98,17,3428,,0,1133,,G,,0,0,000000000,00000000000,0,0,0,1,0,0,0,0,0,0,0,0,0,0,0,6,1,6,2,12,0,0,0,1,39,44125,6,1,0,0,3,3,72,216,0,0,0,0,0,0,0,0,0,0,0,0,0,0,2,4,45,1,1,2,1,3,3,5,53,1,1,2,21,1,0
39,390135,2,3,1,26,3,15,10,12,1,1,0,39,1,24,401,24401,14,2006,5GZCZ23D06S8,5,G,Z,C,Z,2,3,D,0,6,S,8,0,P,STRN,VUE,UT,6,17,3207,,0,1066,,G,,0,0,000000000,00000000000,0,0,0,1,0,0,0,0,0,0,0,25,0,0,0,12,11,6,2,12,0,0,0,1,39,44320,6,1,0,0,3,3,64,130,0,0,0,0,0,0,0,0,0,1,26,0,0,0,2,4,45,1,1,2,1,3,3,1,17,1,1,1,20,0,0
39,390135,3,3,1,26,3,15,10,12,1,1,0,18,1,87,881,87881,66,1999,1XP5DR9X9XN4,1,X,P,5,D,R,9,X,9,X,N,4,1,T,PTRB,379,DS,99,17,,8,0,0,CON,D,,1,57,264184,57264184,3,6,97,1,0,0,0,0,0,0,0,35,0,0,0,12,12,6,2,12,0,0,0,1,1,36104,6,1,6,0,3,3,71,213,1,0,0,0,1,9,2007,7,2009,0,0,0,0,0,2,4,45,1,1,2,1,3,3,1,62,1,1,1,98,0,0
39,390137,1,1,3,3,2,2,5,30,0,1,0,39,1,12,16,12016,4,1999,2FAFP73W3XX1,2,F,A,F,P,7,3,W,3,X,X,1,0,P,FORD,CVI,4D,99,17,3917,,0,1147,,G,,0,0,000000000,00000000000,0,0,0,1,0,0,0,0,0,0,0,60,0,1,6,3,3,6,2,30,0,0,0,1,39,44512,6,1,0,0,3,3,71,215,0,0,0,1,0,3,2009,3,2009,1,36,0,0,0,1,2,35,1,2,2,1,0,0,3,12,11,2,5,7,1,1
39,390138,1,2,2,13,2,18,20,12,8,1,0,39,2,22,32,22032,6,2003,5Y2SL62843Z4,5,Y,2,S,L,6,2,8,4,3,Z,4,0,P,PONT,VIB,4H,3,17,2700,,0,1024,,G,,0,0,000000000,00000000000,0,0,0,1,0,0,0,0,0,0,0,35,0,0,0,2,12,6,2,12,0,0,0,1,39,44062,6,1,0,0,3,3,75,175,0,0,0,0,0,0,0,0,0,0,28,0,0,0,1,2,45,4,2,2,3,0,0,14,62,2,1,1,64,0,0
39,390138,2,2,2,13,2,18,20,12,8,1,0,39,1,2,405,2405,14,2006,1J4GL48K56W1,1,J,4,G,L,4,8,K,5,6,W,1,0,T,JEEP,SPR,4W,6,17,,1,0,1043,LIB,G,,0,0,000000000,00000000000,0,0,0,1,0,0,0,0,0,0,0,40,0,0,0,2,2,6,2,12,0,0,0,1,39,44024,6,1,0,0,3,3,72,200,0,0,0,0,1,5,2009,5,2009,0,0,0,0,0,1,2,45,4,2,2,3,0,0,14,62,1,1,2,65,1,0
39,390139,1,2,1,19,2,14,57,12,8,1,0,39,1,21,21,21021,4,2002,1G3NK52F52C2,1,G,3,N,K,5,2,F,5,2,C,2,0,P,OLDS,AGX,4D,2,17,3021,,0,1070,,G,,0,0,000000000,00000000000,0,0,0,1,0,0,0,0,0,0,0,26,0,0,0,2,2,6,2,12,0,0,0,1,39,44212,6,1,0,0,3,3,65,190,0,0,0,0,0,0,0,0,0,0,0,0,0,0,1,4,35,4,2,2,1,0,0,14,62,1,1,1,65,0,0
39,390139,2,2,1,19,2,14,57,12,8,1,0,39,1,7,43,7043,4,2003,1B3EL56T83N5,1,B,3,E,L,5,6,T,8,3,N,5,0,P,DODG,STS,4D,3,17,3149,,0,1080,,F,,0,0,000000000,00000000000,0,0,0,1,0,0,0,0,0,0,0,40,0,0,0,2,2,6,2,12,0,0,0,1,39,44070,6,1,0,0,3,0,72,170,1,0,0,0,1,11,2007,7,2008,1,28,0,0,0,1,4,35,4,2,2,1,0,0,14,17,1,1,2,64,1,0
39,390140,1,2,2,8,3,15,19,12,6,1,0,39,1,34,34,34034,2,1994,WBABE5329RJA,W,B,A,B,E,5,3,2,9,R,J,A,0,P,BMW,31S,CP,94,17,2867,,0,1063,,G,,0,0,000000000,00000000000,0,0,0,1,0,0,0,0,0,0,0,998,0,0,0,3,3,6,2,12,0,0,0,1,39,45248,6,1,0,0,3,3,75,155,0,0,0,0,0,0,0,0,0,0,38,0,0,0,1,4,40,1,2,2,1,3,3,11,15,1,1,2,68,1,0
39,390140,2,2,1,8,3,15,19,12,6,1,0,18,1,12,471,12471,30,2000,999999999999,9,9,9,9,9,9,9,9,9,9,9,9,0,U,,,,9,17,,,,,,,,0,0,000000000,00000000000,0,0,0,1,0,0,0,0,0,0,0,998,0,0,0,12,2,6,2,12,0,0,0,1,18,47025,9,9,99,9,9,9,999,999,99,99,99,99,99,99,9999,99,9999,0,0,0,0,0,1,4,40,1,2,2,1,3,3,1,17,1,1,1,69,0,0
39,390141,2,1,1,10,3,3,46,14,0,1,0,39,1,7,482,7482,31,2006,1D7HU18N26J2,1,D,7,H,U,1,8,N,2,6,J,2,0,T,DODG,SQ1,CW,6,17,,2,1405,1205,RPC,G,,0,0,000000000,00000000000,0,0,0,1,0,0,0,0,0,0,0,45,0,0,0,10,10,6,2,14,0,0,0,1,39,44125,6,1,0,0,3,0,74,250,0,0,0,3,0,12,2007,11,2009,0,0,0,0,0,1,4,35,1,1,2,2,0,0,1,17,1,1,5,98,0,0
39,390142,1,2,1,14,3,18,40,12,2,1,0,39,1,49,44,49044,2,1999,2T1CF28P5XC1,2,T,1,C,F,2,8,P,5,X,C,1,0,P,TOYT,CEE,CP,99,17,3230,,0,1051,,G,,0,0,000000000,00000000000,0,0,0,1,0,0,0,0,0,0,0,50,0,0,0,12,12,6,2,12,0,0,0,1,39,44087,6,1,0,0,3,0,74,180,0,0,0,0,0,0,0,0,0,0,0,0,0,0,1,2,55,1,1,2,2,0,0,1,62,1,1,1,51,0,0
39,390142,2,2,5,14,3,18,40,12,2,1,0,39,1,20,443,20443,20,2002,1GNDX03E82D3,1,G,N,D,X,0,3,E,8,2,D,3,0,T,CHEV,VTR,ES,2,17,,1,0,1200,VTR,G,,0,0,000000000,00000000000,0,0,0,1,0,0,0,0,0,0,0,71,0,0,0,12,12,6,2,12,0,0,0,1,39,43612,6,1,0,0,3,0,62,130,0,0,0,0,0,0,0,0,0,1,28,91,0,0,1,2,55,1,1,2,2,0,0,1,8,1,1,2,50,1,0
39,390143,1,2,1,17,3,5,38,12,2,1,0,39,1,12,37,12037,4,2002,1FAFP34P52W2,1,F,A,F,P,3,4,P,5,2,W,2,0,P,FORD,FSC,4D,2,17,2604,,0,1030,,G,,0,0,000000000,00000000000,0,0,0,1,0,0,0,0,0,0,0,50,0,0,0,12,12,6,2,12,0,0,0,1,39,43331,6,1,0,0,3,3,63,155,0,0,0,0,0,0,0,0,0,0,0,0,0,0,1,2,55,4,1,2,1,0,0,14,62,1,1,1,51,1,0
39,390143,2,2,1,17,3,5,38,12,2,1,0,39,2,52,34,52034,4,2001,4A3AA46G21E1,4,A,3,A,A,4,6,G,2,1,E,1,0,P,MITS,GES,4D,1,17,3075,,0,1037,,G,,0,0,000000000,00000000000,0,0,0,1,0,0,0,0,0,0,0,62,0,0,0,12,12,6,2,12,0,0,1,1,39,43324,6,1,0,0,3,0,66,153,2,1,0,2,1,7,2007,6,2009,0,28,91,0,0,1,2,55,4,1,2,1,0,0,14,10,1,1,2,50,0,0
39,390144,1,1,2,19,3,22,43,42,0,1,0,39,2,53,706,53706,80,1987,JS1GU74A2H21,J,S,1,G,U,7,4,A,2,H,2,1,0,M,SUZI,SX1,RS,87,17,,,,,,,1052,0,0,000000000,00000000000,0,0,0,1,0,0,0,0,0,0,0,998,0,0,0,12,12,6,2,42,0,0,1,1,39,45417,1,1,0,0,2,0,73,190,0,13,1,0,8,1,2009,1,2010,0,0,0,0,0,1,2,35,4,1,2,1,0,0,14,13,1,1,5,1,2,1
39,390145,1,1,2,26,1,1,37,33,0,1,0,39,1,21,1,21001,2,1988,1G3WS14W0JD3,1,G,3,W,S,1,4,W,0,J,D,3,0,P,OLDS,SUL,CP,88,17,3027,,0,1075,,G,,0,0,000000000,00000000000,0,0,0,1,0,0,0,0,0,0,0,53,0,0,0,99,9,6,2,42,0,0,0,1,39,43604,6,1,0,0,3,0,67,300,0,0,0,0,0,0,0,0,0,1,36,0,0,0,1,2,35,1,1,2,3,0,0,3,6,1,2,4,2,1,0
39,390146,1,2,1,2,3,18,30,12,1,1,0,39,1,72,709,72709,80,1999,1HD1GJV13XY3,1,H,D,1,G,J,V,1,3,X,Y,3,0,M,HD,FXX,RS,99,17,3102,,0,1071,,G,1450,0,0,000000000,00000000000,0,0,0,1,0,0,0,0,0,0,0,0,0,0,0,6,98,6,2,12,0,0,0,1,39,44512,6,1,0,0,3,0,68,175,1,2,0,0,0,5,2009,10,2009,0,0,0,0,0,1,2,35,1,1,2,1,0,0,5,17,1,1,1,21,1,1
39,390146,2,2,2,2,3,18,30,12,1,1,0,39,2,22,18,22018,4,1999,1G2NE52T0XM7,1,G,2,N,E,5,2,T,0,X,M,7,0,P,PONT,GAS,4D,99,17,3102,,0,1071,,G,,0,0,000000000,00000000000,0,0,0,1,0,0,0,0,0,0,0,998,0,0,0,12,14,2,3,12,0,0,0,1,39,44405,4,8,0,0,2,0,65,225,0,1,0,0,0,8,2008,8,2008,0,91,0,0,0,1,2,35,1,1,2,1,0,0,1,17,1,1,1,20,0,0
39,390147,1,2,1,11,3,23,27,12,8,1,0,39,1,2,407,2407,14,2009,1J4FT28B19D1,1,J,4,F,T,2,8,B,1,9,D,1,0,T,JEEP,SPO,4W,9,17,,1,0,1037,PRT,G,,0,0,000000000,00000000000,0,0,0,1,0,0,0,0,0,0,0,998,0,1,5,10,10,6,2,12,0,0,0,1,39,43240,6,1,0,0,3,3,64,175,1,0,0,1,1,5,2009,7,2009,0,0,0,0,0,1,4,45,1,1,2,2,0,0,1,62,1,1,1,65,0,0
39,390147,2,2,1,11,3,23,27,12,8,1,0,39,2,35,47,35047,4,2005,1N4AL11D85C2,1,N,4,A,L,1,1,D,8,5,C,2,0,P,NISS,ASL,4D,5,17,2915,,0,1102,,G,,0,0,000000000,00000000000,0,0,0,1,0,0,0,0,0,0,0,998,0,0,0,10,10,6,2,12,0,0,0,1,39,43240,6,1,0,0,3,0,64,162,1,0,0,0,0,11,2007,11,2007,0,36,0,0,0,1,4,45,1,1,2,2,0,0,1,5,1,1,2,64,1,1
39,390148,1,1,1,13,3,2,54,10,0,1,0,39,2,21,1,21001,2,1985,1G3GR47A4FP3,1,G,3,G,R,4,7,A,4,F,P,3,0,P,OLDS,CSU,CP,85,17,3108,,0,1081,,G,,0,0,000000000,00000000000,0,0,0,1,0,0,0,0,0,0,0,998,0,0,0,12,62,6,2,10,0,0,0,1,39,43613,3,1,0,0,2,0,69,165,0,1,0,1,1,4,2008,2,2010,0,39,0,0,0,1,4,45,1,1,2,2,65,3,1,91,1,1,1,15,1,1
39,390149,1,1,1,25,3,1,30,42,0,1,0,39,2,20,481,20481,31,1992,1GCDC14Z0NE2,1,G,C,D,C,1,4,Z,0,N,E,2,0,T,CHEV,GC1,PK,92,17,,1,1315,1175,GM4,G,,0,0,000000000,00000000000,0,0,0,1,0,0,0,0,0,0,0,60,0,1,6,12,98,9,2,1,0,0,0,1,39,44216,6,1,0,0,3,3,70,150,1,0,0,0,2,7,2007,6,2009,1,0,0,0,0,1,2,45,4,1,2,1,0,0,14,13,1,1,5,1,1,1
39,390150,1,1,1,25,3,2,48,52,0,1,0,39,2,20,481,20481,31,2000,1GCEK19T9YE1,1,G,C,E,K,1,9,T,9,Y,E,1,0,T,CHEV,SK1,PC,0,17,,2,1575,1435,SIL,G,,0,0,000000000,00000000000,0,0,0,1,0,0,0,0,0,0,0,998,0,0,0,10,13,6,2,21,0,0,0,1,39,45672,6,1,0,0,3,3,62,140,0,0,0,1,0,11,2008,11,2008,0,28,0,0,0,1,2,55,4,1,2,1,0,0,14,12,1,1,5,6,1,1
39,390151,1,1,1,29,3,6,23,8,0,1,0,39,3,84,981,84981,50,2008,4DRBUAAN38B6,4,D,R,B,U,A,A,N,3,8,B,6,0,U,,,,8,17,,,,,,,,0,99,999999999,99999999999,3,21,22,1,0,0,0,0,1,0,0,5,0,0,0,2,2,0,1,8,0,0,0,1,39,45044,6,1,6,0,3,3,67,170,0,0,0,0,0,0,0,0,0,0,0,0,0,0,1,2,25,4,1,2,2,0,0,14,80,1,1,1,13,0,0
39,390153,1,7,1,31,3,15,45,12,1,1,0,39,3,84,881,84881,66,2005,2HSCNAPR65C1,2,H,S,C,N,A,P,R,6,5,C,1,1,T,INTL,94I,DS,5,17,,8,0,0,940,D,,1,57,104037,57104037,3,6,1,1,0,0,0,0,0,0,0,998,7,0,0,12,12,6,2,12,0,0,0,1,39,44511,6,1,6,0,3,0,73,165,1,0,0,0,0,12,2007,12,2007,0,26,91,0,0,1,4,45,1,1,2,1,3,3,1,18,1,1,1,20,0,0
39,390153,2,7,5,31,3,15,45,12,1,1,0,95,3,22,22,22022,4,2008,999999999999,9,9,9,9,9,9,9,9,9,9,9,9,0,U,,,,9,17,,,,,,,,0,0,000000000,00000000000,0,0,0,1,0,0,0,0,0,0,0,0,0,0,0,6,6,6,2,12,0,0,0,1,39,44052,6,1,0,0,3,0,69,150,0,0,0,0,0,0,0,0,0,0,0,0,0,0,1,4,45,1,1,2,1,3,3,5,50,2,1,1,22,3,0
39,390153,3,7,1,31,3,15,45,12,1,1,0,39,1,7,403,7403,14,2007,1D8GU58K47W6,1,D,8,G,U,5,8,K,4,7,W,6,0,P,DODG,NIT,UT,7,17,4161,,0,1088,,G,,0,0,000000000,00000000000,0,0,0,1,0,0,0,0,0,0,0,0,0,0,0,5,3,6,2,12,0,0,0,1,39,44444,6,1,0,0,3,0,66,185,0,0,0,0,0,0,0,0,0,0,0,0,0,0,1,4,45,1,1,2,1,3,3,1,52,1,1,1,98,0,0
39,390153,4,7,1,31,3,15,45,12,1,1,0,39,1,20,473,20473,30,2006,1GCCS1986681,1,G,C,C,S,1,9,8,6,6,8,1,0,T,CHEV,RDO,4C,6,17,,1,0,1260,CAL,G,,0,0,000000000,00000000000,0,0,0,1,0,0,0,0,0,0,0,3,2,0,0,6,6,6,2,12,0,0,0,1,39,44288,6,1,0,0,3,0,65,150,0,0,0,0,0,0,0,0,0,0,0,0,0,0,1,4,45,1,1,2,1,3,3,1,18,1,1,1,98,0,0
39,390153,5,7,1,31,3,15,45,12,1,1,0,39,1,20,482,20482,31,2007,3GNFK12367G1,3,G,N,F,K,1,2,3,6,7,G,1,0,P,CHEV,AVL,UT,7,17,5664,,0,1300,,F,,0,0,000000000,00000000000,0,0,0,1,0,0,0,0,0,0,0,4,0,0,0,99,6,6,2,12,0,0,0,1,39,44266,6,1,0,0,3,3,70,210,0,0,0,0,0,0,0,0,0,0,0,0,0,0,1,4,45,1,1,2,1,3,3,1,52,1,1,1,98,0,0
39,390153,6,7,3,31,3,15,45,12,1,1,0,39,1,23,401,23401,14,2003,1GKDT13S2322,1,G,K,D,T,1,3,S,2,3,2,2,0,T,GMC,ENV,4W,3,17,,1,0,1130,ENV,G,,0,0,000000000,00000000000,0,0,0,1,0,0,0,0,0,0,0,25,0,0,0,10,10,6,2,12,0,0,0,1,39,44483,6,1,0,0,3,3,67,215,0,0,0,0,0,0,0,0,0,0,0,0,0,0,1,4,45,1,1,2,1,3,3,1,62,1,1,1,98,0,0
39,390153,7,7,1,31,3,15,45,12,1,1,0,39,1,37,709,37709,80,1978,999999999999,9,9,9,9,9,9,9,9,9,9,9,9,0,U,,,,9,17,,,,,,,,0,0,000000000,00000000000,0,0,0,1,0,0,0,0,0,0,0,0,0,0,0,12,12,6,2,12,0,0,0,1,39,44512,6,1,0,0,3,3,72,220,1,0,0,0,1,10,2008,10,2008,0,0,0,0,0,1,4,45,1,1,2,1,3,3,5,62,1,1,1,98,0,0
39,390154,1,1,1,17,3,20,23,52,0,1,0,39,1,20,17,20017,4,1988,1G1AW51W0J62,1,G,1,A,W,5,1,W,0,J,6,2,0,P,CHEV,CEL,4D,88,17,2604,,0,1049,,G,,0,0,000000000,00000000000,0,0,0,1,0,0,0,0,0,0,0,60,0,0,0,12,12,6,2,52,0,0,0,1,39,44142,6,1,0,0,3,0,71,190,0,0,0,2,2,8,2007,11,2009,1,29,0,0,0,6,2,40,2,2,2,1,0,0,14,12,1,1,4,6,1,1
39,390155,1,2,2,28,3,1,20,12,6,1,0,39,2,22,20,22020,4,1998,1G2WJ52K2WF2,1,G,2,W,J,5,2,K,2,W,F,2,0,P,PONT,GFS,4D,98,17,3373,,0,1105,,G,,0,0,000000000,00000000000,0,0,0,1,0,0,0,0,0,0,0,998,0,0,0,9,13,6,2,12,0,0,0,1,39,45344,1,1,0,0,2,3,65,160,0,0,0,0,0,0,0,0,0,0,28,0,0,0,2,4,65,1,1,2,1,0,0,1,10,1,1,6,66,2,1
39,390155,2,2,1,28,3,1,20,12,6,1,0,39,1,22,18,22018,4,1995,1G2NE55M6SC7,1,G,2,N,E,5,5,M,6,S,C,7,0,P,PONT,GAS,4D,95,17,2945,,0,1034,,G,,0,0,000000000,00000000000,0,0,0,1,0,0,0,0,0,0,0,55,0,0,0,12,12,6,2,12,0,0,0,1,39,45315,6,1,0,0,3,0,70,175,1,0,0,0,0,5,2008,5,2008,0,0,0,0,0,2,4,65,1,1,2,1,0,0,1,62,1,1,1,66,0,0
39,390156,2,1,2,29,3,2,5,14,0,1,0,39,2,51,43,51043,6,2001,YV1SZ58D7110,Y,V,1,S,Z,5,8,D,7,1,1,0,0,P,VOLV,VXC,SW,1,17,3759,,0,1088,,G,,0,0,000000000,00000000000,0,0,0,1,0,0,0,0,0,0,0,65,1,0,0,12,12,6,2,14,0,0,0,1,39,45243,6,1,0,0,3,0,69,168,1,0,0,0,0,7,2009,7,2009,0,29,0,0,0,2,4,65,3,1,2,2,0,0,14,13,1,1,4,1,1,0
39,390159,1,2,1,3,4,2,3,12,6,1,0,39,1,7,42,7042,2,1998,4B3AU52N8WE1,4,B,3,A,U,5,2,N,8,W,E,1,0,P,DODG,AES,2P,98,17,2886,,0,1037,,G,,0,0,000000000,00000000000,0,0,0,1,0,0,0,0,0,0,0,998,0,0,0,3,13,6,2,42,0,0,0,1,39,45337,6,1,0,0,3,3,69,210,1,3,0,0,2,7,2007,10,2009,1,99,99,99,99,1,2,55,1,1,2,1,0,0,6,99,1,1,9,46,1,1