STATE,ST_CASE,VEH_NO,VE_FORMS,NUMOCCS,DAY,MONTH,HOUR,MINUTE,HARM_EV,MAN_COLL,UNITTYPE,HIT_RUN,REG_STAT,OWNER,MAKE,MODEL,MAK_MOD,BODY_TYP,MOD_YEAR,VIN,VIN_1,VIN_2,VIN_3,VIN_4,VIN_5,VIN_6,VIN_7,VIN_8,VIN_9,VIN_10,VIN_11,VIN_12,TOW_VEH,VINTYPE,VINMAKE,VINA_MOD,VIN_BT,VINMODYR,VIN_LNGT,VIN_WGT,WGTCD_TR,WHLBS_LG,WHLBS_SH,SER_TR,FUELCODE,MCYCL_DS,J_KNIFE,MCARR_I1,MCARR_I2,MCARR_ID,GVWR,V_CONFIG,CARGO_BT,HAZ_INV,HAZ_PLAC,HAZ_ID,HAZ_CNO,HAZ_REL,BUS_USE,SPEC_USE,EMER_USE,TRAV_SP,UNDERIDE,ROLLOVER,ROLINLOC,IMPACT1,IMPACT2,DEFORMED,TOWED,M_HARM,VEH_SC1,VEH_SC2,FIRE_EXP,DR_PRES,L_STATE,DR_ZIP,L_STATUS,L_TYPE,CDL_STAT,L_ENDORS,L_COMPL,L_RESTRI,DR_HGT,DR_WGT,PREV_ACC,PREV_SUS,PREV_DWI,PREV_SPD,PREV_OTH,FIRST_MO,FIRST_YR,LAST_MO,LAST_YR,SPEEDREL,DR_SF1,DR_SF2,DR_SF3,DR_SF4,VTRAFWAY,VNUM_LAN,VSPD_LIM,VALIGN,VPROFILE,VPAVETYP,VSURCOND,VTRAFCON,VTCONT_F,P_CRASH1,P_CRASH2,P_CRASH3,PCRASH4,PCRASH5,ACC_TYPE,DEATHS,DR_DRINK
39,390195,1,3,1,2,3,18,46,12,8,1,0,39,1,20,401,20401,14,2002,1GNDT13S9222,1,G,N,D,T,1,3,S,9,2,2,2,0,P,CHEV,TRL,UT,2,17,4628,,0,1130,,G,,0,0,000000000,00000000000,0,0,0,1,0,0,0,0,0,0,0,75,0,0,0,10,12,6,2,12,0,0,0,1,39,45014,1,1,0,0,2,0,70,200,0,1,0,1,1,3,2007,1,2009,1,28,0,0,0,1,4,35,2,1,2,1,0,0,14,10,1,1,2,64,1,1
39,390195,2,3,1,2,3,18,46,12,8,1,0,39,1,20,443,20443,20,2001,1GNDX03E61D3,1,G,N,D,X,0,3,E,6,1,D,3,0,T,CHEV,VTR,ES,1,17,,1,0,1200,VTR,G,,0,0,000000000,00000000000,0,0,0,1,0,0,0,0,0,0,0,41,0,0,0,10,10,6,2,12,0,0,0,1,39,45014,6,1,0,0,3,0,67,140,0,0,0,0,0,0,0,0,0,0,0,0,0,0,1,4,35,2,1,2,1,0,0,14,62,1,1,1,65,0,0
39,390195,3,3,1,2,3,18,46,12,8,1,0,39,1,63,402,63402,14,2005,KNDJC7331554,K,N,D,J,C,7,3,3,1,5,5,4,0,P,KIA,SOR,UT,5,17,4306,,0,1067,,G,,0,0,000000000,00000000000,0,0,0,1,0,0,0,0,0,0,0,35,0,0,0,12,12,6,2,12,0,0,0,1,39,45014,6,1,0,0,3,0,66,150,0,0,0,0,0,0,0,0,0,0,0,0,0,0,1,4,35,3,1,2,1,0,0,14,60,1,1,1,98,0,0
39,390196,1,1,1,15,3,7,24,8,0,1,0,39,1,22,20,22020,4,2002,1G2WP52K82F1,1,G,2,W,P,5,2,K,8,2,F,1,0,P,PONT,GPG,4D,2,17,3496,,0,1105,,G,,0,0,000000000,00000000000,0,0,0,1,0,0,0,0,0,0,0,25,0,0,0,11,13,4,3,8,0,0,0,1,39,44857,6,1,0,0,3,0,63,190,0,0,0,0,0,0,0,0,0,0,0,0,0,0,1,2,25,1,1,2,2,0,0,1,80,1,1,1,13,0,0
39,390198,1,1,1,5,4,20,11,25,0,1,0,39,2,7,25,7025,5,2009,1B3HB48A29D2,1,B,3,H,B,4,8,A,2,9,D,2,0,P,DODG,CXT,4D,9,17,3039,,0,1037,,G,,0,0,000000000,00000000000,0,0,0,1,0,0,0,0,0,0,0,117,0,0,0,12,12,6,2,25,0,0,0,1,39,43611,1,1,0,0,2,0,73,205,1,2,0,1,1,8,2007,3,2010,1,29,0,0,0,3,4,65,1,1,2,1,0,0,1,12,1,1,4,6,1,1
39,390199,1,1,1,8,4,10,0,33,0,1,0,39,1,18,2,18002,4,1999,1G4HP52K8XH4,1,G,4,H,P,5,2,K,8,X,H,4,0,P,BUIC,LCF,4D,99,17,3443,,0,1108,,G,,0,0,000000000,00000000000,0,0,0,1,0,0,0,0,0,0,0,35,0,0,0,6,6,6,2,42,0,0,0,1,39,43015,6,1,0,0,3,3,64,150,0,0,0,0,0,0,0,0,0,0,29,0,0,0,1,2,25,1,1,2,2,0,0,13,13,1,1,4,98,1,0
39,390200,1,2,2,20,3,5,2,12,2,1,0,39,2,23,471,23471,30,2000,1GKDT13W8Y23,1,G,K,D,T,1,3,W,8,Y,2,3,0,T,GMC,J/E,4W,0,17,,1,0,1070,J/E,G,,0,0,000000000,00000000000,0,0,0,1,0,0,0,0,0,0,0,90,0,0,0,12,12,6,2,12,0,0,0,1,39,44128,1,1,0,0,2,0,72,210,0,11,1,0,7,8,2007,3,2010,1,28,36,0,0,1,2,35,1,1,2,1,3,3,6,10,1,1,2,50,0,1
39,390200,2,2,2,20,3,5,2,12,2,1,0,39,1,18,7,18007,4,1995,1G4AG55M9S64,1,G,4,A,G,5,5,M,9,S,6,4,0,P,BUIC,CSP,4D,95,17,2986,,0,1049,,G,,0,0,000000000,00000000000,0,0,0,1,0,0,0,0,0,0,0,10,0,0,0,12,12,6,2,12,0,0,0,1,39,44120,6,1,0,0,3,0,70,150,0,1,0,0,0,4,2008,4,2008,0,0,0,0,0,1,2,35,1,1,2,1,3,3,4,62,1,1,1,51,1,0
39,390201,1,1,1,29,3,15,35,35,0,1,0,39,1,35,43,35043,4,2002,3N1CB51D22L6,3,N,1,C,B,5,1,D,2,2,L,6,0,P,NISS,XGX,4D,2,17,2441,,0,998,,G,,0,0,000000000,00000000000,0,0,0,1,0,0,0,0,0,0,0,76,0,1,5,9,9,6,2,30,0,0,0,1,39,44301,6,1,0,0,3,0,69,140,0,0,0,0,1,6,2007,6,2007,1,29,0,0,0,3,6,55,1,1,2,1,0,0,15,13,1,1,4,1,1,1
39,390202,1,1,2,4,4,23,55,33,0,1,0,39,1,20,4,20004,2,1973,1Z37J3S42025,1,Z,3,7,J,3,S,4,2,0,2,5,0,P,,,,,,,,,,,,,0,0,000000000,00000000000,0,0,0,1,0,0,0,0,0,0,0,998,0,0,0,12,9,6,2,30,0,0,0,1,39,44137,6,1,0,0,3,0,73,205,0,0,0,0,0,0,0,0,0,1,36,0,0,0,1,2,35,1,1,2,1,0,0,1,6,1,3,4,2,1,1
39,390204,1,1,1,11,4,2,31,25,0,1,0,39,1,18,401,18401,14,2005,3G5DA03E45S5,3,G,5,D,A,0,3,E,4,5,S,5,0,P,BUIC,RZV,UT,5,17,4096,,0,1122,,G,,0,0,000000000,00000000000,0,0,0,1,0,0,0,0,0,0,0,998,0,1,3,11,13,6,2,1,0,0,0,1,39,43606,6,1,0,0,3,0,64,146,2,0,0,0,1,10,2008,6,2009,0,29,0,0,0,3,4,60,2,2,2,1,0,0,14,12,1,4,4,7,1,1
39,390205,1,1,3,17,4,4,28,35,0,1,0,39,2,7,422,7422,15,2004,1D8HD58D34F1,1,D,8,H,D,5,8,D,3,4,F,1,0,P,DODG,DUR,UT,4,17,4815,,0,1192,,G,,0,0,000000000,00000000000,0,0,0,1,0,0,0,0,0,0,0,80,0,1,5,3,13,6,2,1,0,0,0,1,39,44136,6,1,0,0,3,0,74,190,0,3,0,0,2,8,2007,3,2010,1,29,0,0,0,6,1,45,4,2,2,1,0,0,14,12,1,1,4,6,2,1
39,390206,1,1,1,18,4,6,20,24,0,1,0,39,2,7,482,7482,31,1995,1B7KF26C3SS2,1,B,7,K,F,2,6,C,3,S,S,2,0,T,DODG,250,PK,95,17,,2,0,1347,RPC,D,,0,0,000000000,00000000000,0,0,0,1,0,0,0,0,0,0,0,998,0,1,5,11,13,6,2,1,0,0,0,1,39,43040,6,1,0,0,3,0,73,240,0,0,0,1,1,4,2008,7,2009,0,29,0,0,0,1,2,55,1,1,2,1,0,0,1,12,1,1,4,6,1,1
39,390207,1,2,2,18,4,21,15,12,6,1,0,39,1,39,32,39032,4,2004,SAJWA71C54SG,S,A,J,W,A,7,1,C,5,4,S,G,0,P,JAGU,XJ8,4D,4,17,3766,,0,1194,,G,,0,0,000000000,00000000000,0,0,0,1,0,0,0,0,0,0,0,10,0,0,0,9,9,6,2,12,0,0,0,1,39,45255,6,1,0,0,3,3,76,210,0,0,0,1,0,8,2008,8,2008,0,38,0,0,0,1,2,55,2,1,2,1,20,3,4,17,1,1,1,89,0,0
39,390207,2,2,1,18,4,21,15,12,6,1,0,39,1,76,706,76706,80,2005,JYARP07E85A0,J,Y,A,R,P,0,7,E,8,5,A,0,0,M,YAMA,F13,RS,5,17,,,,,,,1298,0,0,000000000,00000000000,0,0,0,1,0,0,0,0,0,0,0,998,0,0,0,12,12,6,2,12,0,0,0,1,39,45154,6,1,6,0,3,3,70,215,0,0,0,0,0,0,0,0,0,0,0,0,0,0,1,2,55,3,1,2,1,20,3,14,66,1,1,1,88,1,0
39,390208,1,2,2,19,4,13,13,12,1,1,0,39,2,14,401,14401,14,2005,4M2ZU86W45UJ,4,M,2,Z,U,8,6,W,4,5,U,J,0,P,MERC,MOU,UT,5,17,4428,,0,1138,,G,,0,0,000000000,00000000000,0,0,0,1,0,0,0,0,0,0,0,998,0,1,1,12,13,6,2,1,0,0,0,1,39,43512,3,1,0,0,2,0,71,170,0,2,0,0,1,3,2008,7,2008,1,26,0,0,0,1,2,55,1,1,2,1,0,0,1,6,1,1,1,24,0,0
39,390208,2,2,1,19,4,13,13,12,1,1,0,39,2,20,2,20002,4,2006,2G1WT58K7692,2,G,1,W,T,5,8,K,7,6,9,2,0,P,CHEV,IMT,4D,6,17,3477,,0,1105,,F,,0,0,000000000,00000000000,0,0,0,1,0,0,0,0,0,0,0,998,0,1,5,6,13,6,2,1,0,0,0,1,39,45880,6,1,0,0,3,3,69,150,0,0,0,0,0,0,0,0,0,0,0,0,0,0,1,2,55,1,1,2,1,0,0,1,53,1,1,1,25,1,0
39,390209,1,2,2,23,4,19,10,12,6,1,0,39,2,37,441,37441,20,1998,JHMRA387XWC0,J,H,M,R,A,3,8,7,X,W,C,0,0,P,HOND,ODY,SV,98,17,3382,,0,1114,,G,,0,0,000000000,00000000000,0,0,0,1,0,0,0,0,0,0,0,65,0,0,0,9,9,6,2,12,0,0,0,1,39,45808,1,1,0,0,2,0,63,155,0,0,0,0,0,0,0,0,0,0,28,0,0,0,2,4,65,1,1,2,2,0,0,1,10,7,1,6,66,1,1
39,390209,2,2,4,23,4,19,10,12,6,1,0,39,2,23,401,23401,14,2005,1GKDT13S7521,1,G,K,D,T,1,3,S,7,5,2,1,0,T,GMC,ENV,4W,5,17,,1,0,1130,ENV,G,,0,0,000000000,00000000000,0,0,0,1,0,0,0,0,0,0,0,65,0,1,5,12,12,6,2,12,0,0,0,1,39,45817,6,1,0,0,3,3,70,180,0,0,0,0,0,0,0,0,0,0,0,0,0,0,2,4,65,1,1,2,2,0,0,1,62,1,1,1,66,0,0
39,390210,1,1,1,21,1,7,2,8,0,1,0,39,1,18,401,18401,14,2003,3G5DB03E53S5,3,G,5,D,B,0,3,E,5,3,S,5,0,P,BUIC,RZV,UT,3,17,4024,,0,1122,,G,,0,0,000000000,00000000000,0,0,0,1,0,0,0,0,0,0,0,998,0,0,0,12,12,4,3,8,0,0,0,1,39,43607,6,1,0,0,3,0,63,160,1,0,0,0,0,5,2009,5,2009,0,91,0,0,0,1,2,35,1,1,2,2,0,0,6,18,1,1,1,13,0,0
39,390211,1,1,1,20,2,1,54,8,0,1,1,39,2,55,35,55035,4,2003,KMHDN45D53U6,K,M,H,D,N,4,5,D,5,3,U,6,0,P,HYUN,EST,4D,3,17,2635,,0,1027,,G,,0,0,000000000,00000000000,0,0,0,1,0,0,0,0,0,0,0,40,0,0,0,11,11,2,1,8,0,0,0,1,39,44105,6,1,0,0,3,0,67,135,0,0,0,0,0,0,0,0,0,1,91,0,0,0,1,2,25,1,1,2,1,0,0,1,80,1,1,1,13,0,1
39,390212,1,4,1,26,3,14,50,12,2,1,0,39,1,13,1,13001,4,1996,1LNLM82W4TY7,1,L,N,L,M,8,2,W,4,T,Y,7,0,P,LINC,SDJ,4D,96,17,4040,,0,1174,,G,,0,0,000000000,00000000000,0,0,0,1,0,0,0,0,0,0,0,30,0,0,0,12,12,6,2,12,0,0,0,1,39,44857,6,1,0,0,3,0,68,160,1,0,0,0,1,10,2008,10,2008,0,28,36,0,0,1,2,25,1,1,2,1,0,0,1,10,1,7,2,50,1,0
39,390212,2,4,1,26,3,14,50,12,2,1,0,39,3,98,808,98808,61,2000,JNAUZV1J4YA4,J,N,A,U,Z,V,1,J,4,Y,A,4,0,T,UD,U14,TB,0,17,,4,0,0,UDS,D,,0,99,999999999,99999999999,2,1,98,1,0,0,0,0,0,0,0,998,0,0,0,12,12,6,2,12,0,0,0,1,39,44857,6,1,0,0,3,3,72,230,0,0,0,0,2,7,2007,9,2008,0,0,0,0,0,1,2,25,1,1,2,1,0,0,2,62,1,1,1,51,0,0
39,390212,3,4,1,26,3,14,50,12,2,1,0,39,1,18,401,18401,14,2004,3G5DA03E44S5,3,G,5,D,A,0,3,E,4,4,S,5,0,P,BUIC,RZV,UT,4,17,4024,,0,1122,,G,,0,0,000000000,00000000000,0,0,0,1,0,0,0,0,0,0,0,5,0,0,0,7,7,2,1,12,0,0,0,1,39,44857,6,1,0,0,3,3,62,160,0,0,0,0,0,0,0,0,0,0,0,0,0,0,1,2,25,1,1,2,1,0,0,15,78,1,1,1,98,0,0
39,390212,4,4,2,26,3,14,50,12,2,1,0,39,1,12,401,12401,14,2007,1FMEU73E07UB,1,F,M,E,U,7,3,E,0,7,U,B,0,P,FORD,EPR,UT,7,17,4615,,0,1137,,G,,0,0,000000000,00000000000,0,0,0,1,0,0,0,0,0,0,0,0,0,0,0,9,9,2,1,12,0,0,0,1,39,44857,6,1,0,0,3,3,63,140,0,0,0,0,0,0,0,0,0,0,0,0,0,0,1,2,25,1,1,2,1,0,0,5,78,1,1,1,98,0,0
39,390213,1,1,1,7,4,0,3,1,0,1,0,39,1,20,401,20401,14,1993,1GNCT18W7P01,1,G,N,C,T,1,8,W,7,P,0,1,0,P,CHEV,S10,UT,93,17,3529,,0,1005,,G,,0,0,000000000,00000000000,0,0,0,1,0,0,0,0,0,0,0,998,0,2,5,0,0,6,2,1,0,0,0,1,39,43920,1,1,0,0,2,0,73,180,0,1,0,0,1,7,2008,9,2008,0,36,0,0,0,1,2,25,1,2,2,1,0,0,1,12,1,1,4,6,1,1
39,390214,1,1,1,23,4,21,30,1,0,1,0,39,2,98,739,98739,90,1998,4XACC38CXWC0,4,X,A,C,C,3,8,C,X,W,C,0,0,M,POL,GN4,AT,98,17,,,,,,,400,0,0,000000000,00000000000,0,0,0,1,0,0,0,0,0,0,0,998,0,2,5,0,0,4,9,1,0,0,0,1,39,44255,6,1,0,0,3,0,68,180,0,0,0,0,0,0,0,0,0,1,29,0,0,0,1,2,40,1,1,2,1,0,0,10,13,1,1,4,1,1,1
39,390215,1,2,1,27,4,8,20,24,0,1,0,39,2,14,17,14017,4,2001,1MEFM55SX1G6,1,M,E,F,M,5,5,S,X,1,G,6,0,P,MERC,SLP,4D,1,17,3351,,0,1085,,G,,0,0,000000000,00000000000,0,0,0,1,0,0,0,0,0,0,0,998,1,0,0,11,13,6,2,12,0,0,0,1,39,45013,6,1,0,0,3,0,70,150,0,0,0,0,1,12,2009,12,2009,0,29,0,0,0,1,2,55,2,1,2,1,0,0,14,10,1,1,4,6,1,0
39,390215,2,2,1,27,4,8,20,24,0,1,0,39,3,87,881,87881,66,1996,1XP5DB9XXTN3,1,X,P,5,D,B,9,X,X,T,N,3,1,T,PTRB,379,DS,96,17,,8,0,0,CON,D,,1,57,189102,57189102,3,6,96,1,0,0,0,0,0,0,0,50,0,0,0,11,13,6,2,12,0,0,0,1,39,45327,6,1,6,0,3,0,74,240,0,0,0,0,0,0,0,0,0,0,0,0,0,0,1,2,55,3,1,2,1,0,0,14,62,7,1,4,98,0,0
39,390216,1,2,1,27,4,17,15,12,6,1,0,39,1,63,34,63034,4,2006,KNAGE1232650,K,N,A,G,E,1,2,3,2,6,5,0,0,P,KIA,OLE,4D,6,17,3279,,0,1063,,G,,0,0,000000000,00000000000,0,0,0,1,0,0,0,0,0,0,0,998,0,0,0,9,9,6,2,12,0,0,0,1,39,45368,6,1,0,0,3,3,61,205,0,0,0,0,0,0,0,0,0,0,39,0,0,0,1,2,55,1,2,2,1,20,3,1,17,1,1,1,89,1,0
39,390216,2,2,1,27,4,17,15,12,6,1,0,39,1,20,481,20481,31,1995,2GCEK19K2S12,2,G,C,E,K,1,9,K,2,S,1,2,0,T,CHEV,GK1,PC,95,17,,2,1555,1415,GM4,G,,0,0,000000000,00000000000,0,0,0,1,0,0,0,0,0,0,0,50,0,0,0,12,1,6,2,12,0,0,0,1,39,45314,6,1,6,0,3,0,72,250,0,0,0,0,0,0,0,0,0,0,0,0,0,0,1,2,50,1,2,2,1,0,0,1,66,1,1,1,88,0,0
39,390217,1,2,1,28,4,7,17,12,6,1,0,39,2,12,3,12003,2,1973,3F05H227496,3,F,0,5,H,2,2,7,4,9,6,,0,P,,,,,,,,,,,,,0,0,000000000,00000000000,0,0,0,1,0,0,0,0,0,0,0,60,0,0,0,12,12,6,2,12,0,0,0,1,39,44256,6,1,0,0,3,0,67,140,0,0,0,1,0,8,2009,8,2009,1,0,0,0,0,1,2,50,1,2,2,1,0,0,1,72,1,1,1,69,0,0
39,390217,2,2,2,28,4,7,17,12,6,1,0,39,2,22,16,22016,2,2002,1G2JB1245271,1,G,2,J,B,1,2,4,5,2,7,1,0,P,PONT,SFS,CP,2,17,2606,,0,1041,,G,,0,0,000000000,00000000000,0,0,0,1,0,0,0,0,0,0,0,998,0,0,0,9,9,6,2,12,0,0,0,1,39,44256,6,1,0,0,3,0,64,125,0,0,0,0,0,0,0,0,0,0,38,0,0,0,1,2,50,1,2,2,1,0,0,11,15,1,1,1,68,2,0
39,390219,1,1,1,29,4,3,54,33,0,1,0,99,9,37,709,37709,80,9999,999999999999,9,9,9,9,9,9,9,9,9,9,9,9,0,U,,,,9,17,,,,,,,,0,0,000000000,00000000000,0,0,0,1,0,0,0,0,0,0,0,998,0,0,0,13,13,6,2,5,0,0,0,1,39,44509,0,0,0,0,0,0,999,999,0,0,0,0,0,0,0,0,0,0,29,0,0,0,1,2,35,1,2,2,1,0,0,1,13,1,1,4,1,1,1
39,390221,1,2,1,30,4,19,28,12,6,1,0,39,2,21,21,21021,2,1999,1G3NL12E8XC3,1,G,3,N,L,1,2,E,8,X,C,3,0,P,OLDS,A/G,CP,99,17,2963,,0,1070,,G,,0,0,000000000,00000000000,0,0,0,1,0,0,0,0,0,0,0,10,0,0,0,7,7,6,2,12,0,0,0,1,39,44266,6,1,0,0,3,0,69,200,0,0,0,0,0,0,0,0,0,0,38,0,0,0,1,2,45,3,2,2,1,20,3,11,15,1,1,1,82,0,0
39,390221,2,2,1,30,4,19,28,12,6,1,0,39,1,37,706,37706,80,1983,1HFSC0200DA3,1,H,F,S,C,0,2,0,0,D,A,3,0,M,HOND,G10,RS,83,17,,,,,,,1100,0,0,000000000,00000000000,0,0,0,1,0,0,0,0,0,0,0,998,0,0,0,12,9,6,2,12,0,0,0,1,39,44023,6,1,0,0,3,3,65,213,0,0,0,1,0,6,2008,6,2008,0,0,0,0,0,1,2,45,3,2,2,1,0,0,14,67,1,1,1,83,1,0
39,390222,1,1,2,30,4,18,5,34,0,1,0,39,1,72,706,72706,80,2003,1HD1FLW183Y6,1,H,D,1,F,L,W,1,8,3,Y,6,0,M,HD,CUS,RS,3,17,,,,,,,1450,0,0,000000000,00000000000,0,0,0,1,0,0,0,0,0,0,0,50,0,0,0,9,9,4,8,1,0,0,0,1,39,45150,6,1,6,0,3,3,71,200,1,0,0,1,1,11,2007,1,2010,1,29,0,0,0,1,2,45,3,1,2,1,0,0,14,13,1,1,4,1,1,0
39,390225,1,3,2,1,4,22,45,12,7,1,0,39,1,53,706,53706,80,2004,JS1GW71AX421,J,S,1,G,W,7,1,A,X,4,2,1,0,M,SUZI,GXR,RS,4,17,,,,,,,1298,0,0,000000000,00000000000,0,0,0,1,0,0,0,0,0,0,0,998,0,0,0,9,9,6,2,12,0,0,0,1,39,44111,6,1,0,0,3,3,75,254,0,0,0,0,0,0,0,0,0,1,0,0,0,0,3,6,60,4,2,2,1,0,0,14,18,1,1,1,44,2,0
39,390225,2,3,5,1,4,22,45,12,7,1,0,39,1,7,442,7442,20,2000,2B4GP44G5YR7,2,B,4,G,P,4,4,G,5,Y,R,7,0,P,DODG,CAR,SV,0,17,3863,,0,1193,,F,,0,0,000000000,00000000000,0,0,0,1,0,0,0,0,0,0,0,60,0,0,0,5,5,6,2,12,0,0,0,1,39,44104,6,1,0,0,3,0,60,178,0,0,0,0,3,12,2009,12,2009,0,80,0,0,0,3,6,60,4,2,2,1,0,0,14,51,1,1,1,45,0,0
39,390225,3,3,1,1,4,22,45,12,7,1,1,99,9,99,884,99884,66,9999,999999999999,9,9,9,9,9,9,9,9,9,9,9,9,1,U,,,,9,17,,,,,,,,1,99,999999999,99999999999,3,6,1,1,0,0,0,0,0,0,0,999,7,0,0,99,99,9,1,12,0,0,0,1,99,99999,9,9,99,9,9,9,999,999,99,99,99,99,99,99,9999,99,9999,9,99,99,99,99,3,6,60,4,2,2,1,0,0,14,61,1,1,1,98,0,0
39,390226,1,2,3,4,4,15,19,12,2,1,0,39,1,42,48,42048,4,1999,WDBJF70H3XA7,W,D,B,J,F,7,0,H,3,X,A,7,0,P,MERZ,E43,4D,99,17,3515,,0,1115,,G,,0,0,000000000,00000000000,0,0,0,1,0,0,0,0,0,0,0,5,0,0,0,12,12,6,2,12,0,0,0,1,39,43214,6,1,0,0,3,3,65,175,0,0,0,0,0,0,0,0,0,0,0,0,0,0,1,4,35,1,1,2,1,0,0,1,62,1,1,1,51,1,0
39,390226,2,2,1,4,4,15,19,12,2,1,0,39,1,2,404,2404,14,1998,1J4GZ58S7WC1,1,J,4,G,Z,5,8,S,7,W,C,1,0,T,JEEP,LRT,4W,98,17,,1,0,1059,GCK,G,,0,0,000000000,00000000000,0,0,0,1,0,0,0,0,0,0,0,998,0,0,0,12,12,6,2,12,0,0,0,1,39,43214,6,1,0,0,3,3,70,290,0,0,0,0,3,5,2007,6,2009,0,28,36,0,0,1,4,35,1,1,2,1,0,0,1,8,1,1,2,50,0,0
39,390227,1,3,1,7,4,20,43,12,6,1,0,39,1,22,20,22020,4,2006,2G2WP5520612,2,G,2,W,P,5,5,2,0,6,1,2,0,P,PONT,GRA,4D,6,17,3477,,0,1105,,G,,0,0,000000000,00000000000,0,0,0,1,0,0,0,0,0,0,0,45,0,0,0,9,9,6,2,12,0,0,0,1,39,44319,6,1,0,0,3,0,74,180,1,0,0,0,0,2,2009,2,2009,0,0,0,0,0,1,2,45,1,2,2,1,0,0,1,17,1,1,1,89,0,0
39,390227,2,3,1,7,4,20,43,12,6,1,0,39,2,37,31,37031,4,2008,1HGCP268X8A0,1,H,G,C,P,2,6,8,X,8,A,0,0,P,HOND,AXL,4D,8,17,3416,,0,1102,,G,,0,0,000000000,00000000000,0,0,0,1,0,0,0,0,0,0,0,45,0,0,0,9,9,2,1,12,0,0,0,1,39,44614,3,1,0,0,2,3,70,190,0,0,0,0,0,0,0,0,0,0,0,0,0,0,1,2,45,1,2,2,1,0,0,1,17,1,1,1,98,0,0
39,390227,3,3,1,7,4,20,43,12,6,1,0,39,1,72,706,72706,80,1999,1HD1GDV18XY3,1,H,D,1,G,D,V,1,8,X,Y,3,0,M,HD,FDL,RS,99,17,,,,,,,1450,0,0,000000000,00000000000,0,0,0,1,0,0,0,0,0,0,0,65,0,0,0,12,12,6,2,12,0,0,0,1,39,44319,6,1,0,0,3,3,72,200,0,2,0,0,3,8,2007,10,2008,1,39,0,0,0,1,2,45,1,2,2,1,20,3,1,17,1,1,1,88,1,1
39,390228,1,1,2,10,4,7,7,33,0,1,0,39,1,7,482,7482,31,2003,1D7KU28673J5,1,D,7,K,U,2,8,6,7,3,J,5,0,T,DODG,SQ2,CW,3,17,,2,1605,1405,RPC,D,,0,0,000000000,00000000000,0,0,0,1,0,0,0,0,0,0,0,998,0,0,0,12,13,6,2,3,0,0,0,1,39,43526,6,1,0,0,3,3,67,150,0,0,0,0,0,0,0,0,0,0,36,0,0,0,1,2,25,1,1,2,1,0,0,1,13,1,1,5,1,2,1
39,390229,1,1,2,10,4,9,51,42,0,1,0,39,1,20,481,20481,31,1997,2GCEK19R7V11,2,G,C,E,K,1,9,R,7,V,1,1,0,T,CHEV,GK1,PC,97,17,,2,1555,1415,GM4,G,,0,0,000000000,00000000000,0,0,0,1,0,0,0,0,0,0,0,40,0,0,0,12,12,6,2,42,0,0,0,1,39,44857,6,1,0,0,3,0,74,280,0,0,0,2,1,10,2007,10,2009,1,0,0,0,0,1,2,25,1,1,2,1,0,0,1,13,1,1,5,1,1,0
39,390231,1,2,1,17,4,14,15,12,6,1,0,39,2,37,709,37709,80,2003,1HFSC47053A2,1,H,F,S,C,4,7,0,5,3,A,2,0,M,HOND,GL8,RS,3,17,,,,,,,1832,0,0,000000000,00000000000,0,0,0,1,0,0,0,0,0,0,0,40,0,0,0,12,12,6,2,12,0,0,0,1,39,44112,6,1,0,0,3,0,69,240,2,2,0,1,3,8,2007,6,2009,1,0,0,0,0,1,2,25,1,1,2,1,0,0,1,17,1,1,2,88,1,1
39,390231,2,2,2,17,4,14,15,12,6,1,0,39,2,55,33,55033,4,2003,KMHWF35H03A8,K,M,H,W,F,3,5,H,0,3,A,8,0,P,HYUN,SGX,4D,3,17,3254,,0,1063,,G,,0,0,000000000,00000000000,0,0,0,1,0,0,0,0,0,0,0,5,0,0,0,9,9,4,3,12,0,0,0,1,39,44137,6,1,0,0,3,0,74,260,2,0,0,1,0,10,2007,8,2008,0,0,0,0,0,1,2,25,1,1,2,1,20,3,1,17,1,1,1,89,0,0
39,390232,1,2,1,18,4,10,9,12,2,1,0,39,2,20,37,20037,4,2005,1G1ZS52F15F2,1,G,1,Z,S,5,2,F,1,5,F,2,0,P,CHEV,MAL,4D,5,17,3174,,0,1063,,G,,0,0,000000000,00000000000,0,0,0,1,0,0,0,0,0,0,0,998,0,1,1,12,12,6,2,12,0,0,0,1,39,43964,6,1,0,0,3,0,64,200,1,3,1,0,1,11,2008,1,2009,0,0,0,0,0,2,4,55,1,1,2,1,0,0,1,62,2,1,1,51,1,1
39,390232,2,2,1,18,4,10,9,12,2,1,0,39,1,20,481,20481,31,1999,1GCEK19T5XE1,1,G,C,E,K,1,9,T,5,X,E,1,0,T,CHEV,SK1,3C,99,17,,2,1575,1435,SIL,G,,0,0,000000000,00000000000,0,0,0,1,0,0,0,0,0,0,0,54,0,0,0,12,12,6,2,12,0,0,0,1,39,43935,6,1,0,0,3,3,72,175,0,0,0,0,0,0,0,0,0,0,28,0,0,0,2,4,55,1,1,2,1,0,0,1,18,2,1,2,50,0,0
39,390233,1,1,2,18,4,2,35,14,0,1,0,39,1,52,46,52046,4,2009,JA3AU86W09U0,J,A,3,A,U,8,6,W,0,9,U,0,0,P,MITS,LGT,4D,9,17,3043,,0,1037,,G,,0,0,000000000,00000000000,0,0,0,1,0,0,0,0,0,0,0,60,0,0,0,9,9,6,2,14,0,0,0,1,39,45044,6,1,0,0,3,0,75,145,1,0,0,0,2,1,2008,2,2008,1,28,36,0,0,1,2,25,4,1,2,1,0,0,14,6,1,1,4,11,1,1