STATE,ST_CASE,VEH_NO,VE_FORMS,NUMOCCS,DAY,MONTH,HOUR,MINUTE,HARM_EV,MAN_COLL,UNITTYPE,HIT_RUN,REG_STAT,OWNER,MAKE,MODEL,MAK_MOD,BODY_TYP,MOD_YEAR,VIN,VIN_1,VIN_2,VIN_3,VIN_4,VIN_5,VIN_6,VIN_7,VIN_8,VIN_9,VIN_10,VIN_11,VIN_12,TOW_VEH,VINTYPE,VINMAKE,VINA_MOD,VIN_BT,VINMODYR,VIN_LNGT,VIN_WGT,WGTCD_TR,WHLBS_LG,WHLBS_SH,SER_TR,FUELCODE,MCYCL_DS,J_KNIFE,MCARR_I1,MCARR_I2,MCARR_ID,GVWR,V_CONFIG,CARGO_BT,HAZ_INV,HAZ_PLAC,HAZ_ID,HAZ_CNO,HAZ_REL,BUS_USE,SPEC_USE,EMER_USE,TRAV_SP,UNDERIDE,ROLLOVER,ROLINLOC,IMPACT1,IMPACT2,DEFORMED,TOWED,M_HARM,VEH_SC1,VEH_SC2,FIRE_EXP,DR_PRES,L_STATE,DR_ZIP,L_STATUS,L_TYPE,CDL_STAT,L_ENDORS,L_COMPL,L_RESTRI,DR_HGT,DR_WGT,PREV_ACC,PREV_SUS,PREV_DWI,PREV_SPD,PREV_OTH,FIRST_MO,FIRST_YR,LAST_MO,LAST_YR,SPEEDREL,DR_SF1,DR_SF2,DR_SF3,DR_SF4,VTRAFWAY,VNUM_LAN,VSPD_LIM,VALIGN,VPROFILE,VPAVETYP,VSURCOND,VTRAFCON,VTCONT_F,P_CRASH1,P_CRASH2,P_CRASH3,PCRASH4,PCRASH5,ACC_TYPE,DEATHS,DR_DRINK
39,390278,1,2,1,16,5,14,27,12,2,1,0,39,1,20,16,20016,2,2004,1G1JC12F2472,1,G,1,J,C,1,2,F,2,4,7,2,0,P,CHEV,CAV,CP,4,17,2617,,0,1041,,G,,0,0,000000000,00000000000,0,0,0,1,0,0,0,0,0,0,0,998,0,0,0,12,12,6,2,12,0,0,0,1,39,45322,6,1,6,0,3,3,75,250,0,0,0,0,0,0,0,0,0,0,28,0,0,0,1,4,45,1,1,2,1,0,0,1,10,1,1,2,50,1,0
39,390278,2,2,1,16,5,14,27,12,2,1,0,39,2,7,461,7461,21,1997,2B7HB21YXVK5,2,B,7,H,B,2,1,Y,X,V,K,5,0,T,DODG,25B,CG,97,17,,2,1272,1096,RMV,G,,0,0,000000000,00000000000,0,0,0,1,0,0,0,0,0,0,0,25,0,0,0,12,12,6,2,12,0,0,0,1,39,45415,6,1,0,0,3,0,74,175,0,0,0,0,0,0,0,0,0,0,0,0,0,0,1,4,45,1,1,2,1,0,0,1,62,1,1,1,51,0,0
39,390279,1,2,1,20,5,17,4,12,6,1,0,39,1,37,709,37709,80,1978,999999999999,9,9,9,9,9,9,9,9,9,9,9,9,0,U,,,,9,17,,,,,,,,0,0,000000000,00000000000,0,0,0,1,0,0,0,0,0,0,0,40,0,0,0,12,12,6,2,12,0,0,0,1,39,44820,6,1,0,0,3,0,70,180,0,0,0,0,0,0,0,0,0,0,0,0,0,0,1,2,55,1,1,2,1,0,0,1,66,1,1,1,86,1,0
39,390279,2,2,1,20,5,17,4,12,6,1,0,39,2,37,32,37032,2,2000,1HGCG3247YA0,1,H,G,C,G,3,2,4,7,Y,A,0,0,P,HOND,ULX,CP,0,17,3009,,0,1051,,G,,0,0,000000000,00000000000,0,0,0,1,0,0,0,0,0,0,0,5,0,0,0,1,1,4,9,12,0,0,0,1,39,44820,6,1,0,0,3,0,66,120,0,0,0,0,0,0,0,0,0,0,38,0,0,0,1,2,55,1,1,2,1,20,3,1,17,1,1,1,87,0,0
39,390280,1,3,1,21,5,19,37,12,6,1,0,29,3,12,37,12037,4,2009,1FAHP35NX9W2,1,F,A,H,P,3,5,N,X,9,W,2,0,P,FORD,FSE,4D,9,17,2623,,0,1029,,G,,0,0,000000000,00000000000,0,0,0,1,0,0,0,0,0,0,0,60,0,0,0,12,12,6,2,12,0,0,0,1,39,45243,6,1,0,0,3,0,76,205,1,1,0,2,1,1,2008,6,2009,0,28,0,0,0,2,6,65,1,1,2,2,0,0,1,12,1,1,6,69,1,0
39,390280,2,3,1,21,5,19,37,12,6,1,0,34,3,87,881,87881,66,1999,999999999999,9,9,9,9,9,9,9,9,9,9,9,9,1,U,,,,9,17,,,,,,,,1,57,442398,57442398,3,6,1,1,0,0,0,0,0,0,0,50,0,0,0,9,9,4,3,12,0,0,0,1,34,7663,6,1,6,0,3,0,70,999,0,0,0,1,4,5,2007,11,2009,0,0,0,0,0,2,6,65,1,1,2,2,0,0,1,64,1,1,1,68,0,0
39,390280,3,3,2,21,5,19,37,12,6,1,0,39,1,84,881,84881,66,1999,2HSFHAER9XC0,2,H,S,F,H,A,E,R,9,X,C,0,1,T,INTL,940,TM,99,17,,8,2340,1600,90S,D,,1,57,837238,57837238,3,6,1,1,0,0,0,0,0,0,0,50,0,0,0,11,11,6,2,12,0,0,0,1,39,43078,6,1,6,0,3,3,70,250,0,0,0,1,2,5,2007,11,2008,0,0,0,0,0,2,6,65,1,1,2,2,0,0,1,64,1,1,1,98,0,0
39,390281,1,1,2,22,5,12,55,8,0,1,0,39,2,30,40,30040,4,2004,3VWSK69M34M0,3,V,W,S,K,6,9,M,3,4,M,0,0,P,VOLK,JGS,4D,4,17,2833,,0,989,,G,,0,0,000000000,00000000000,0,0,0,1,0,0,0,0,0,0,0,30,0,0,0,12,12,2,1,8,0,0,0,1,39,45013,6,1,0,0,3,3,63,155,1,0,0,1,0,6,2007,10,2007,0,0,0,0,0,1,2,55,1,2,2,1,0,0,1,80,1,1,1,13,0,0
39,390282,1,1,3,23,5,3,39,30,0,1,0,39,2,35,39,35039,4,2005,1N4BA41E05C8,1,N,4,B,A,4,1,E,0,5,C,8,0,P,NISS,MEL,4D,5,17,3321,,0,1112,,G,,0,0,000000000,00000000000,0,0,0,1,0,0,0,0,0,0,0,80,0,0,0,3,3,6,2,30,0,0,0,1,39,43004,6,1,0,0,3,0,67,135,0,4,1,0,0,7,2009,11,2009,1,29,0,0,0,1,2,35,1,1,2,1,0,0,1,12,1,1,4,6,1,1
39,390283,1,2,1,23,5,21,45,1,0,1,0,39,1,53,704,53704,80,2008,JS1CK44A8821,J,S,1,C,K,4,4,A,8,8,2,1,0,M,SUZI,SA4,MS,8,17,,,,,,,400,0,0,000000000,00000000000,0,0,0,1,0,0,0,0,0,0,0,998,0,0,0,0,3,4,3,12,0,0,0,1,39,44691,6,1,0,0,3,3,70,185,0,0,0,0,0,0,0,0,0,0,0,0,0,0,1,2,55,1,1,2,1,0,0,1,8,1,1,1,98,1,0
39,390283,2,2,1,23,5,21,45,1,0,1,0,39,1,20,22,20022,2,2007,1G1AL15F7772,1,G,1,A,L,1,5,F,7,7,7,2,0,P,CHEV,BLT,CP,7,17,2991,,0,1033,,G,,0,0,000000000,00000000000,0,0,0,1,0,0,0,0,0,0,0,10,0,0,0,5,5,2,3,12,0,0,0,1,39,44691,6,1,0,0,3,0,64,123,1,0,0,0,1,1,2008,8,2008,0,38,0,0,0,1,2,55,1,2,2,1,0,0,11,10,1,1,2,98,0,0
39,390284,1,2,1,24,5,18,46,12,2,1,0,39,1,49,32,49032,4,2001,2T1BR12E21C3,2,T,1,B,R,1,2,E,2,1,C,3,0,P,TOYT,UCS,4D,1,17,2410,,0,970,,G,,0,0,000000000,00000000000,0,0,0,1,0,0,0,0,0,0,0,998,0,0,0,12,12,6,2,12,0,0,0,1,39,43004,6,1,0,0,3,3,72,200,0,0,0,0,1,8,2007,8,2007,0,28,0,0,0,1,2,99,1,2,2,1,0,0,1,10,1,1,2,50,1,0
39,390284,2,2,2,24,5,18,46,12,2,1,0,39,2,30,47,30047,3,2008,3VWRW31C88M5,3,V,W,R,W,3,1,C,8,8,M,5,0,P,VOLK,BSS,2H,8,17,2997,,0,989,,G,,0,0,000000000,00000000000,0,0,0,1,0,0,0,0,0,0,0,998,0,0,0,12,12,6,2,12,0,0,0,1,39,43062,6,1,0,0,3,3,63,140,0,0,0,0,0,0,0,0,0,0,0,0,0,0,1,2,99,1,2,2,1,0,0,1,62,1,1,1,51,0,0
39,390285,1,1,1,29,5,6,28,43,0,1,0,39,1,49,40,49040,4,1993,4T1SK12EXPU1,4,T,1,S,K,1,2,E,X,P,U,1,0,P,TOYT,CLE,4D,93,17,3053,,0,1031,,G,,0,0,000000000,00000000000,0,0,0,1,0,0,0,0,0,0,0,60,0,0,0,1,9,6,2,30,0,0,0,1,39,45216,6,1,0,0,3,0,72,185,1,4,1,0,1,7,2008,12,2009,0,29,0,0,0,2,6,55,1,1,2,1,0,0,1,13,1,1,4,1,1,1
39,390286,1,1,1,3,6,22,6,53,0,1,0,39,2,53,706,53706,80,2005,JS1VS56A6521,J,S,1,V,S,5,6,A,6,5,2,1,0,M,SUZI,MBK,RS,5,17,,,,,,,805,0,0,000000000,00000000000,0,0,0,1,0,0,0,0,0,0,0,998,0,0,0,12,9,6,2,18,0,0,0,1,39,43119,6,1,0,0,3,0,69,170,0,0,0,1,3,3,2009,8,2009,0,29,0,0,0,1,2,55,4,1,2,1,0,0,14,13,1,1,4,1,1,1
39,390287,1,1,2,5,3,12,11,42,0,1,0,39,2,12,471,12471,30,1994,1FTCR10A6RPA,1,F,T,C,R,1,0,A,6,R,P,A,0,T,FORD,RNG,PK,94,17,,1,1140,1080,RNG,G,,0,0,000000000,00000000000,0,0,0,1,0,0,0,0,0,0,0,35,0,0,0,10,10,6,2,42,0,0,0,1,39,44511,6,1,0,0,3,3,66,205,0,0,0,0,1,11,2007,11,2007,0,51,0,0,0,1,2,40,4,2,2,1,0,0,14,12,1,1,5,6,1,0
39,390288,1,1,3,30,4,19,28,42,0,1,0,39,2,6,441,6441,20,2005,1C4GP45R05B2,1,C,4,G,P,4,5,R,0,5,B,2,0,P,CHRY,TWC,SV,5,17,3819,,0,1133,,G,,0,0,000000000,00000000000,0,0,0,1,0,0,0,0,0,0,0,35,0,0,0,10,10,6,2,42,0,0,0,1,39,43031,6,1,0,0,3,0,65,214,0,0,0,0,0,0,0,0,0,0,29,0,0,0,1,2,35,1,1,2,1,0,0,1,12,1,1,4,6,1,0
39,390289,1,1,1,19,5,21,0,24,0,1,0,39,1,37,702,37702,88,1984,JH2JF0205EK0,J,H,2,J,F,0,2,0,5,E,K,0,0,M,HOND,CH1,MS,84,17,,,,,,,125,0,0,000000000,00000000000,0,0,0,1,0,0,0,0,0,0,0,35,0,0,0,1,12,6,2,24,0,0,0,1,39,44048,6,1,0,0,3,3,66,180,0,0,0,1,0,7,2008,7,2008,0,29,0,0,0,1,2,45,2,2,2,1,0,0,14,13,1,1,4,1,1,0
39,390290,1,1,1,21,5,17,32,34,0,1,0,39,1,20,20,20020,4,1998,2G1WL52M2W11,2,G,1,W,L,5,2,M,2,W,1,1,0,P,CHEV,L/S,4D,98,17,3330,,0,1075,,G,,0,0,000000000,00000000000,0,0,0,1,0,0,0,0,0,0,0,998,0,0,0,9,9,6,2,30,0,0,0,1,39,44035,6,1,0,0,3,3,71,160,0,0,0,0,1,4,2008,4,2008,1,29,0,0,0,1,2,55,1,1,2,1,0,0,6,12,7,1,4,6,1,0
39,390291,1,2,2,22,5,15,58,12,2,1,0,39,1,63,441,63441,20,2006,KNDMB233X660,K,N,D,M,B,2,3,3,X,6,6,0,0,P,KIA,SED,SV,6,17,0,,0,1145,,G,,0,0,000000000,00000000000,0,0,0,1,0,0,0,0,0,0,0,998,0,0,0,12,12,6,2,12,0,0,0,1,39,44123,6,1,0,0,3,0,66,180,2,0,0,0,1,9,2007,2,2010,0,0,0,0,0,1,2,55,1,1,2,2,0,0,1,62,1,1,1,51,0,0
39,390291,2,2,1,22,5,15,58,12,2,1,0,39,1,20,471,20471,30,1995,1GCCS19ZXS82,1,G,C,C,S,1,9,Z,X,S,8,2,0,T,CHEV,S14,PC,95,17,,1,0,1229,S,G,,0,0,000000000,00000000000,0,0,0,1,0,0,0,0,0,0,0,998,0,0,0,12,12,6,2,12,0,0,0,1,39,44201,6,1,0,0,3,0,69,170,0,0,0,0,0,0,0,0,0,0,36,28,0,0,1,2,55,1,1,2,2,0,0,6,10,1,1,2,50,1,1
39,390292,1,1,1,23,5,5,30,42,0,1,0,39,2,14,6,14006,2,1980,107024120305,1,0,7,0,2,4,1,2,0,3,0,5,0,P,,,,,17,,,,,,,,0,0,000000000,00000000000,0,0,0,1,0,0,0,0,0,0,0,998,0,1,5,9,13,6,2,1,0,0,0,1,39,43023,6,1,0,0,3,0,68,135,0,0,0,0,0,0,0,0,0,1,29,0,0,0,1,2,55,3,1,2,1,0,0,14,13,1,1,4,1,1,1
39,390293,1,1,1,24,5,13,0,34,0,1,0,39,1,98,706,98706,80,2009,4MZAX03D2933,4,M,Z,A,X,0,3,D,2,9,3,3,0,U,,,,9,17,,,,,,,,0,0,000000000,00000000000,0,0,0,1,0,0,0,0,0,0,0,998,0,0,0,12,12,6,2,42,0,0,1,1,39,44256,6,1,0,0,3,0,72,150,0,0,0,1,0,7,2009,7,2009,1,29,0,0,0,1,2,55,1,1,2,1,0,0,1,13,1,1,4,1,1,0
39,390294,1,1,1,26,5,23,55,1,0,1,0,39,1,71,706,71706,80,2000,ZDM1SB5T6YB0,Z,D,M,1,S,B,5,T,6,Y,B,0,0,U,,,,0,17,,,,,,,,0,0,000000000,00000000000,0,0,0,1,0,0,0,0,0,0,0,998,0,0,0,0,9,6,2,42,0,0,0,1,39,43015,6,1,0,0,3,3,67,130,0,2,0,0,2,10,2007,3,2010,1,29,0,0,0,1,2,45,3,2,2,1,0,0,14,13,1,1,4,1,1,0
39,390295,1,2,2,27,5,13,55,12,6,1,0,39,2,35,39,35039,4,1990,JN1HJ01P4LT3,J,N,1,H,J,0,1,P,4,L,T,3,0,P,NISS,MAX,4D,90,17,3140,,0,1043,,G,,0,0,000000000,00000000000,0,0,0,1,0,0,0,0,0,0,0,998,0,0,0,3,3,6,2,12,0,0,0,1,39,43068,6,1,0,0,3,0,67,270,0,0,0,0,0,0,0,0,0,0,39,0,0,0,1,2,55,1,1,2,1,20,3,1,17,1,1,1,87,2,0
39,390295,2,2,2,27,5,13,55,12,6,1,0,39,1,3,431,3431,16,2006,5GRGN23U26H1,5,G,R,G,N,2,3,U,2,6,H,1,0,T,HUMM,HH2,4W,6,17,,2,0,1228,HUM,G,,0,0,000000000,00000000000,0,0,0,1,0,0,0,0,0,0,0,50,0,0,0,12,12,6,2,12,0,0,0,1,39,43031,6,1,0,0,3,0,72,190,0,0,0,0,1,11,2009,11,2009,0,0,0,0,0,1,2,50,1,1,2,1,0,0,1,66,1,1,1,86,0,0
39,390296,1,2,1,28,5,20,51,12,6,1,0,39,1,12,481,12481,31,2003,1FTRF18W33NA,1,F,T,R,F,1,8,W,3,3,N,A,0,T,FORD,F15,PK,3,17,,2,1388,1202,COF,G,,0,0,000000000,00000000000,0,0,0,1,0,0,0,0,0,0,0,5,0,0,0,9,9,6,2,12,0,0,0,1,39,44212,6,1,0,0,3,0,66,170,0,0,0,1,0,7,2007,7,2007,0,0,0,0,0,1,2,35,1,2,2,1,0,0,11,60,1,1,1,72,0,0
39,390296,2,2,1,28,5,20,51,12,6,1,0,39,1,76,709,76709,80,2005,999999999999,9,9,9,9,9,9,9,9,9,9,9,9,0,U,,,,9,17,,,,,,,,0,0,000000000,00000000000,0,0,0,1,0,0,0,0,0,0,0,998,0,0,0,12,13,6,9,12,0,0,0,1,39,44312,6,1,0,0,3,0,73,165,0,0,0,3,4,6,2007,8,2009,0,28,0,0,0,1,2,35,1,2,2,1,0,0,6,10,1,1,2,73,1,0
39,390297,1,1,1,30,5,4,57,33,0,1,0,39,2,19,14,19014,4,1997,1G6KS52YXVU8,1,G,6,K,S,5,2,Y,X,V,U,8,0,P,CADI,SLS,4D,97,17,3797,,0,1110,,G,,0,0,000000000,00000000000,0,0,0,1,0,0,0,0,0,0,0,998,0,0,0,11,11,6,2,30,0,0,0,1,39,45406,1,1,0,0,2,0,74,275,0,7,0,1,9,2,2009,5,2010,1,29,0,0,0,1,4,35,1,2,2,1,0,0,1,12,1,1,4,6,1,1
39,390298,1,1,1,18,5,16,50,34,0,1,0,27,1,34,709,34709,80,2005,WB10388095ZM,W,B,1,0,3,8,8,0,9,5,Z,M,0,M,BMW,R00,RS,5,17,,,,,,,1170,0,0,000000000,00000000000,0,0,0,1,0,0,0,0,0,0,0,65,0,0,0,12,13,6,2,1,0,0,0,1,27,55108,6,1,0,0,3,3,68,200,0,0,0,0,0,0,0,0,0,0,29,0,0,0,2,4,65,1,1,2,2,0,0,1,13,1,1,4,1,1,0
39,390299,1,3,1,24,5,13,49,12,1,1,0,18,3,85,881,85881,66,2008,1XKDA48X18J2,1,X,K,D,A,4,8,X,1,8,J,2,2,T,KW,T80,DS,8,17,,8,2600,1600,CON,D,,1,57,239039,57239039,3,7,1,1,0,0,0,0,0,0,0,0,0,0,0,6,6,4,3,12,0,0,0,1,42,18433,6,1,6,1,3,0,73,999,0,0,0,0,0,0,0,0,0,0,0,0,0,0,3,6,65,1,1,2,1,0,0,5,53,1,1,1,98,0,0
39,390299,2,3,3,24,5,13,49,12,1,1,0,39,2,12,422,12422,15,2007,1FMFU18577LA,1,F,M,F,U,1,8,5,7,7,L,A,0,P,FORD,EPT,UT,7,17,5803,,0,1190,,G,,0,0,000000000,00000000000,0,0,0,1,0,0,0,0,0,0,0,0,2,0,0,6,12,6,2,12,0,0,0,1,39,44483,6,1,0,0,3,0,65,160,0,0,0,0,0,0,0,0,0,0,0,0,0,0,3,6,65,1,1,2,1,0,0,5,53,1,1,1,21,3,0
39,390299,3,3,1,24,5,13,49,12,1,1,0,39,3,87,881,87881,66,2005,1XP5DB9X45N8,1,X,P,5,D,B,9,X,4,5,N,8,1,T,PTRB,379,DS,5,17,,8,0,0,CON,D,,1,57,783010,57783010,3,6,1,1,0,0,0,0,0,0,0,60,7,0,0,12,12,6,2,12,0,0,0,1,39,44878,6,1,6,0,3,0,75,295,0,0,0,0,0,0,0,0,0,1,26,0,0,0,3,6,65,1,1,2,1,0,0,1,6,1,1,1,20,0,0
39,390300,1,1,1,28,5,13,33,1,0,1,0,39,1,76,706,76706,80,2006,JYAVP11EX6A0,J,Y,A,V,P,1,1,E,X,6,A,0,0,M,YAMA,XVA,RS,6,17,,,,,,,1063,0,0,000000000,00000000000,0,0,0,1,0,0,0,0,0,0,0,66,0,0,0,0,1,6,2,1,0,0,0,1,39,44820,6,1,0,0,3,0,73,265,0,0,0,0,0,0,0,0,0,1,0,0,0,0,1,2,55,1,2,2,1,0,0,1,98,1,2,1,2,1,0
39,390301,1,2,2,31,5,0,31,12,2,1,0,39,1,37,31,37031,4,1998,1HGEJ6676WL0,1,H,G,E,J,6,6,7,6,W,L,0,0,P,HOND,UCL,4D,98,17,2426,,0,1032,,G,,0,0,000000000,00000000000,0,0,0,1,0,0,0,0,0,0,0,998,0,0,0,12,12,6,2,12,0,0,0,1,39,43302,3,1,0,0,2,0,67,110,0,0,0,1,0,3,2009,3,2009,0,28,0,0,0,2,4,65,1,1,2,1,0,0,1,10,1,1,1,50,2,1
39,390301,2,2,1,31,5,0,31,12,2,1,0,39,1,12,13,12013,4,1998,1FALP13P4WW1,1,F,A,L,P,1,3,P,4,W,W,1,0,P,FORD,ESS,4D,98,17,2468,,0,984,,G,,0,0,000000000,00000000000,0,0,0,1,0,0,0,0,0,0,0,998,0,0,0,12,12,6,2,12,0,0,0,1,39,45843,6,1,0,0,3,3,72,220,0,0,0,0,1,9,2007,9,2007,0,0,0,0,0,2,4,65,1,1,2,1,0,0,1,62,1,1,1,51,1,0
39,390302,1,1,1,1,6,14,54,5,0,1,0,17,1,23,461,23461,21,1992,2GDJG31N6N45,2,G,D,J,G,3,1,N,6,N,4,5,0,T,GMC,CUT,YY,92,17,,3,1460,1250,CTV,G,,0,0,000000000,00000000000,0,0,0,1,0,0,0,0,0,0,0,998,0,0,0,0,12,6,2,18,0,0,0,1,17,60433,6,1,0,0,3,0,78,198,0,0,0,0,0,0,0,0,0,0,29,0,0,0,3,6,65,2,1,2,1,0,0,14,4,1,1,4,0,1,0
39,390304,1,2,1,8,6,16,25,12,6,1,0,39,1,21,441,21441,20,2003,1GHDX03E13D1,1,G,H,D,X,0,3,E,1,3,D,1,0,T,OLDS,SIL,ES,3,17,,1,0,1200,SIL,G,,0,0,000000000,00000000000,0,0,0,1,0,0,0,0,0,0,0,50,0,1,5,12,12,6,2,12,0,0,0,1,39,45804,6,1,0,0,3,0,74,230,0,0,0,4,1,3,2008,8,2009,0,38,0,0,0,1,2,55,1,1,2,1,20,3,1,17,1,1,1,88,1,0
39,390304,2,2,1,8,6,16,25,12,6,1,0,25,3,55,35,55035,4,2008,KMHDU46D68U4,K,M,H,D,U,4,6,D,6,8,U,4,0,P,HYUN,GST,4D,8,17,2723,,0,1043,,G,,0,0,000000000,00000000000,0,0,0,1,0,0,0,0,0,0,0,60,0,1,5,9,9,6,2,12,0,0,0,1,39,45806,6,1,0,0,3,0,65,145,0,0,0,2,0,9,2007,10,2009,0,0,0,0,0,1,2,55,1,1,2,1,0,0,1,66,1,1,1,89,0,0
39,390305,1,1,1,10,6,21,44,34,0,1,0,39,1,37,706,37706,80,1997,1HFSC2237VA9,1,H,F,S,C,2,2,3,7,V,A,9,0,M,HOND,1/2,RS,97,17,,,,,,,1520,0,0,000000000,00000000000,0,0,0,1,0,0,0,0,0,0,0,998,0,0,0,12,12,6,2,1,0,0,0,1,39,43119,6,1,6,0,3,3,66,160,0,0,0,0,0,0,0,0,0,0,29,0,0,0,2,4,55,1,2,2,1,0,0,1,13,1,1,4,1,1,1
39,390306,1,3,1,16,4,12,5,12,1,1,0,39,1,62,401,62401,14,2002,SALTY12482A7,S,A,L,T,Y,1,2,4,8,2,A,7,0,T,LNDR,DSE,4W,2,17,,2,0,1000,DIS,G,,0,0,000000000,00000000000,0,0,0,1,0,0,0,0,0,0,0,35,0,0,0,12,12,6,2,12,0,0,0,1,39,45458,6,1,0,0,3,0,73,190,0,0,0,0,0,0,0,0,0,0,26,0,0,0,1,4,35,1,1,2,2,0,0,1,18,1,1,1,24,0,0
39,390306,2,3,1,16,4,12,5,12,1,1,0,39,1,37,32,37032,4,2004,1HGCM56804A0,1,H,G,C,M,5,6,8,0,4,A,0,0,P,HOND,UEX,4D,4,17,0,,0,1079,,G,,0,0,000000000,00000000000,0,0,0,1,0,0,0,0,0,0,0,5,0,0,0,6,6,6,9,12,0,0,0,1,39,45459,6,1,0,0,3,0,74,200,0,0,0,0,0,0,0,0,0,0,0,0,0,0,1,4,35,1,2,2,2,3,3,2,18,1,1,1,25,1,0
39,390306,3,3,1,16,4,12,5,12,1,1,0,39,1,37,31,37031,2,2009,2HGFG215X9H7,2,H,G,F,G,2,1,5,X,9,H,7,0,P,HOND,UCS,CP,9,17,2895,,0,0,,G,,0,0,000000000,00000000000,0,0,0,1,0,0,0,0,0,0,0,0,0,0,0,6,6,2,3,12,0,0,0,1,39,45305,6,1,0,0,3,0,67,180,1,0,0,1,0,10,2008,10,2008,0,0,0,0,0,1,4,35,1,2,2,2,3,3,5,18,1,1,1,98,0,0
39,390307,1,2,1,3,5,11,12,12,8,1,0,39,3,20,481,20481,31,2007,1GBJK34D97E1,1,G,B,J,K,3,4,D,9,7,E,1,0,T,CHEV,SK3,CB,7,17,,3,1615,1370,SIL,D,,0,0,000000000,00000000000,0,0,0,1,0,0,0,0,0,0,0,998,0,0,0,9,13,6,2,12,0,0,0,1,39,44691,6,1,0,0,3,0,70,250,1,0,0,0,1,9,2007,7,2008,0,0,0,0,0,1,2,55,4,2,2,1,0,0,14,62,7,1,1,65,1,0
39,390307,2,2,1,3,5,11,12,12,8,1,0,39,3,12,881,12881,63,1997,1FDYU90V4VVA,1,F,D,Y,U,9,0,V,4,V,V,A,3,T,FORD,LT9,TM,97,17,,8,2580,1500,COL,D,,1,57,060649,57060649,3,2,3,1,0,0,0,0,0,0,0,55,7,1,1,9,9,6,2,12,0,0,0,1,39,45723,6,1,6,1,3,0,67,135,0,0,0,0,0,0,0,0,0,0,0,0,0,0,1,2,55,4,2,2,1,0,0,14,62,6,2,6,64,0,0
39,390308,1,1,1,6,5,23,44,1,0,1,0,39,1,76,705,76705,80,1982,JYA5K5000CA0,J,Y,A,5,K,5,0,0,0,C,A,0,0,M,YAMA,XJ5,RS,82,17,,,,,,,550,0,0,000000000,00000000000,0,0,0,1,0,0,0,0,0,0,0,998,0,0,0,0,12,6,2,40,0,0,0,1,39,43542,6,1,0,0,3,0,73,195,2,1,0,0,2,4,2008,4,2010,9,51,0,0,0,1,2,35,4,1,2,1,0,0,14,8,1,2,5,7,1,0
39,390309,1,1,1,7,5,3,45,33,0,1,0,39,2,14,4,14004,2,1991,1MEPM6048MH6,1,M,E,P,M,6,0,4,8,M,H,6,0,P,MERC,CLS,2D,91,17,3587,,0,1130,,G,,0,0,000000000,00000000000,0,0,0,1,0,0,0,0,0,0,0,998,0,0,0,3,3,6,2,30,0,0,1,1,39,44105,1,1,0,0,2,0,73,220,0,0,0,0,0,0,0,0,0,1,36,0,0,0,1,4,25,4,1,2,1,0,0,14,6,1,1,5,6,1,1
39,390310,1,1,1,7,5,22,34,8,0,1,1,39,3,23,431,23431,16,1995,1GTEC14Z1SZ5,1,G,T,E,C,1,4,Z,1,S,Z,5,0,T,GMC,SC1,PK,95,17,,2,1315,1175,SIE,G,,0,0,000000000,00000000000,0,0,0,1,0,0,0,0,0,0,0,998,0,0,0,12,12,4,1,8,0,0,0,1,39,44112,1,1,0,0,2,0,66,145,0,6,0,0,6,8,2007,4,2010,0,91,0,0,0,1,4,25,1,1,2,2,0,0,1,80,1,1,1,13,0,0
39,390311,1,2,1,8,5,21,26,12,6,1,0,39,1,53,706,53706,80,2003,JS1VS53A4321,J,S,1,V,S,5,3,A,4,3,2,1,0,M,SUZI,VZ8,RS,3,17,,,,,,,805,0,0,000000000,00000000000,0,0,0,1,0,0,0,0,0,0,0,70,0,0,0,12,12,6,2,12,0,0,0,1,39,45503,6,1,0,0,3,0,72,185,0,0,0,1,0,8,2007,8,2007,1,0,0,0,0,1,4,35,1,1,2,1,0,0,1,72,1,1,1,83,1,1
39,390311,2,2,4,8,5,21,26,12,6,1,0,39,1,12,37,12037,4,2003,1FAFP34P13W3,1,F,A,F,P,3,4,P,1,3,W,3,0,P,FORD,FCS,4D,3,17,2564,,0,1030,,G,,0,0,000000000,00000000000,0,0,0,1,0,0,0,0,0,0,0,5,0,0,0,9,9,6,2,12,0,0,0,1,39,43160,6,1,0,0,3,3,64,250,0,1,0,0,0,1,2009,1,2009,0,38,0,0,0,1,4,35,1,1,2,1,0,0,11,10,1,1,2,82,0,0
39,390312,1,1,1,9,5,2,48,1,0,1,0,39,1,59,403,59403,14,2008,2T2HK31U38C0,2,T,2,H,K,3,1,U,3,8,C,0,0,P,LEXS,RX5,UT,8,17,4090,,0,1069,,G,,0,0,000000000,00000000000,0,0,0,1,0,0,0,0,0,0,0,102,0,1,3,0,3,6,2,1,0,0,0,1,39,43085,1,1,0,0,2,3,74,210,1,4,0,1,2,9,2007,12,2009,0,0,0,0,0,3,4,65,1,1,2,1,0,0,1,13,6,1,4,98,1,1
39,390313,1,1,1,9,5,18,38,30,0,1,0,39,1,2,404,2404,14,1999,1J4FF68S4XL6,1,J,4,F,F,6,8,S,4,X,L,6,0,T,JEEP,SPC,4W,99,17,,1,0,1014,CHK,G,,0,0,000000000,00000000000,0,0,0,1,0,0,0,0,0,0,0,30,0,1,5,2,9,6,2,1,0,0,0,1,39,44105,6,1,0,0,3,0,70,145,0,0,0,0,0,0,0,0,0,0,36,0,0,0,1,3,35,1,1,2,2,0,0,1,8,1,1,5,1,1,1