STATE,ST_CASE,VEH_NO,VE_FORMS,NUMOCCS,DAY,MONTH,HOUR,MINUTE,HARM_EV,MAN_COLL,UNITTYPE,HIT_RUN,REG_STAT,OWNER,MAKE,MODEL,MAK_MOD,BODY_TYP,MOD_YEAR,VIN,VIN_1,VIN_2,VIN_3,VIN_4,VIN_5,VIN_6,VIN_7,VIN_8,VIN_9,VIN_10,VIN_11,VIN_12,TOW_VEH,VINTYPE,VINMAKE,VINA_MOD,VIN_BT,VINMODYR,VIN_LNGT,VIN_WGT,WGTCD_TR,WHLBS_LG,WHLBS_SH,SER_TR,FUELCODE,MCYCL_DS,J_KNIFE,MCARR_I1,MCARR_I2,MCARR_ID,GVWR,V_CONFIG,CARGO_BT,HAZ_INV,HAZ_PLAC,HAZ_ID,HAZ_CNO,HAZ_REL,BUS_USE,SPEC_USE,EMER_USE,TRAV_SP,UNDERIDE,ROLLOVER,ROLINLOC,IMPACT1,IMPACT2,DEFORMED,TOWED,M_HARM,VEH_SC1,VEH_SC2,FIRE_EXP,DR_PRES,L_STATE,DR_ZIP,L_STATUS,L_TYPE,CDL_STAT,L_ENDORS,L_COMPL,L_RESTRI,DR_HGT,DR_WGT,PREV_ACC,PREV_SUS,PREV_DWI,PREV_SPD,PREV_OTH,FIRST_MO,FIRST_YR,LAST_MO,LAST_YR,SPEEDREL,DR_SF1,DR_SF2,DR_SF3,DR_SF4,VTRAFWAY,VNUM_LAN,VSPD_LIM,VALIGN,VPROFILE,VPAVETYP,VSURCOND,VTRAFCON,VTCONT_F,P_CRASH1,P_CRASH2,P_CRASH3,PCRASH4,PCRASH5,ACC_TYPE,DEATHS,DR_DRINK
39,390314,1,2,3,10,5,10,48,12,6,1,0,39,1,20,403,20403,14,2007,1GNET13M0721,1,G,N,E,T,1,3,M,0,7,2,1,0,P,CHEV,TRL,UT,7,17,4523,,0,1130,,G,,0,0,000000000,00000000000,0,0,0,1,0,0,0,0,0,0,0,26,0,0,0,12,12,6,2,12,0,0,0,1,39,43031,6,1,0,0,3,3,72,156,0,2,0,2,5,6,2007,7,2009,0,38,0,0,0,1,4,45,1,1,2,1,3,3,11,15,1,1,2,82,0,0
39,390314,2,2,3,10,5,10,48,12,6,1,0,39,2,19,3,19003,4,1998,1G6KF5494WU7,1,G,6,K,F,5,4,9,4,W,U,7,0,P,CADI,DCS,4D,98,17,4063,,0,1138,,G,,0,0,000000000,00000000000,0,0,0,1,0,0,0,0,0,0,0,34,0,0,0,9,10,6,2,12,0,0,0,1,39,43082,6,1,0,0,3,3,71,250,0,0,0,0,1,4,2008,4,2008,0,0,0,0,0,1,4,45,1,1,2,1,3,3,1,67,1,1,1,83,2,0
39,390315,1,5,1,10,5,14,25,12,1,1,0,39,3,51,881,51881,66,2008,4V4NC9EH48N2,4,V,4,N,C,9,E,H,4,8,N,2,1,T,VOLV,VNL,DS,8,17,,8,0,0,VVN,D,,1,57,000766000,57000766000,3,6,1,1,0,0,0,0,0,0,0,55,0,0,0,12,12,6,2,12,0,0,0,1,39,45324,6,1,6,1,3,3,68,195,0,0,0,1,1,7,2007,3,2008,0,26,91,0,0,3,4,65,1,2,2,1,40,3,1,18,1,1,1,24,0,0
39,390315,2,5,1,10,5,14,25,12,1,1,0,39,1,12,37,12037,4,2000,1FAFP34P0YW1,1,F,A,F,P,3,4,P,0,Y,W,1,0,P,FORD,FSC,4D,0,17,2564,,0,1030,,G,,0,0,000000000,00000000000,0,0,0,1,0,0,0,0,0,0,0,10,0,0,0,6,6,6,2,12,0,0,0,1,39,44077,6,1,0,0,3,3,66,120,0,0,0,0,0,0,0,0,0,0,0,0,0,0,3,4,65,1,2,2,1,40,3,2,50,1,1,1,25,1,0
39,390315,3,5,1,10,5,14,25,12,1,1,0,39,2,6,54,6054,6,2007,2A8GF68X37R3,2,A,8,G,F,6,8,X,3,7,R,3,0,P,CHRY,PIF,UT,7,17,4593,,0,1163,,G,,0,0,000000000,00000000000,0,0,0,1,0,0,0,0,0,0,0,20,0,0,0,6,7,6,2,12,0,0,0,1,39,44077,6,1,0,0,3,0,64,115,1,0,0,0,0,12,2007,12,2007,0,0,0,0,0,3,4,65,1,2,2,1,40,3,2,50,1,1,1,98,0,0
39,390315,4,5,2,10,5,14,25,12,1,1,0,39,1,7,20,7020,4,2004,999999999999,9,9,9,9,9,9,9,9,9,9,9,9,0,U,,F/E,4D,9,17,3285,,0,1074,,G,,0,0,000000000,00000000000,0,0,0,1,0,0,0,0,0,0,0,0,0,0,0,13,13,6,2,12,0,0,0,1,39,44087,6,1,0,0,3,3,68,190,0,0,0,1,0,6,2007,6,2007,0,0,0,0,0,3,4,65,1,2,2,1,40,3,5,50,1,1,1,98,0,0
39,390315,5,5,2,10,5,14,25,12,1,1,0,39,1,19,22,19022,4,2008,1G6KD57YX8U1,1,G,6,K,D,5,7,Y,X,8,U,1,0,P,CADI,TDS,4D,8,17,4009,,0,1156,,G,,0,0,000000000,00000000000,0,0,0,1,0,0,0,0,0,0,0,0,0,0,0,5,5,2,1,12,0,0,0,1,39,44124,6,1,0,0,3,0,70,200,0,0,0,0,0,0,0,0,0,0,0,0,0,0,3,4,65,1,2,2,1,40,3,5,50,1,1,1,98,0,0
39,390316,1,1,1,8,4,22,25,30,0,1,0,39,3,49,32,49032,4,2004,1NXBR32E74Z2,1,N,X,B,R,3,2,E,7,4,Z,2,0,P,TOYT,UCS,4D,4,17,2502,,0,1024,,G,,0,0,000000000,00000000000,0,0,0,1,0,0,0,0,0,0,0,60,0,0,0,11,11,0,1,30,0,0,0,1,39,44022,6,1,0,0,3,3,71,195,0,0,0,0,0,0,0,0,0,0,29,0,0,0,2,4,60,1,1,1,2,0,0,1,12,7,1,4,6,1,0
39,390317,1,2,1,2,5,21,27,12,2,1,0,39,1,37,31,37031,2,2002,1HGEM229X2L0,1,H,G,E,M,2,2,9,X,2,L,0,0,P,HOND,UAX,CP,2,17,2590,,0,1031,,G,,0,0,000000000,00000000000,0,0,0,1,0,0,0,0,0,0,0,36,0,0,0,12,12,6,2,12,0,0,0,1,39,43046,6,1,0,0,3,0,68,210,1,1,0,0,3,2,2008,7,2009,0,28,0,0,0,1,2,35,1,1,2,2,0,0,6,10,1,1,2,50,1,1
39,390317,2,2,1,2,5,21,27,12,2,1,0,39,1,20,481,20481,31,2005,1GCEK19Z55Z1,1,G,C,E,K,1,9,Z,5,5,Z,1,0,T,CHEV,SK1,4C,5,17,,2,1575,1435,SIL,F,,0,0,000000000,00000000000,0,0,0,1,0,0,0,0,0,0,0,30,0,0,0,12,12,6,2,12,0,0,0,1,39,43130,6,1,0,0,3,0,71,160,0,0,0,0,0,0,0,0,0,0,0,0,0,0,1,2,35,1,1,2,2,0,0,1,62,1,1,1,51,0,0
39,390318,1,2,1,18,5,14,29,12,2,1,0,39,2,20,482,20482,31,2002,3GNEK13T22G1,3,G,N,E,K,1,3,T,2,2,G,1,0,T,CHEV,KAV,CW,2,17,,2,0,1300,AVL,G,,0,0,000000000,00000000000,0,0,0,1,0,0,0,0,0,0,0,51,0,0,0,12,12,6,2,12,0,0,0,1,39,45429,6,1,0,0,3,0,70,220,1,0,0,0,2,3,2008,5,2009,0,28,0,0,0,1,4,40,1,1,2,2,3,3,15,10,1,1,2,50,0,0
39,390318,2,2,2,18,5,14,29,12,2,1,0,39,1,55,35,55035,4,2004,KMHDN46D44U9,K,M,H,D,N,4,6,D,4,4,U,9,0,P,HYUN,EST,4D,4,17,2635,,0,1027,,G,,0,0,000000000,00000000000,0,0,0,1,0,0,0,0,0,0,0,35,0,0,0,12,12,6,2,12,0,0,0,1,39,45322,6,1,0,0,3,3,61,140,0,0,0,0,0,0,0,0,0,0,0,0,0,0,1,4,40,1,1,2,2,3,3,1,62,1,1,1,51,2,0
39,390319,1,2,1,27,5,19,31,12,6,1,0,39,1,55,401,55401,14,2003,KM8SC13E33U5,K,M,8,S,C,1,3,E,3,3,U,5,0,P,HYUN,SAN,UT,3,17,3549,,0,1031,,G,,0,0,000000000,00000000000,0,0,0,1,0,0,0,0,0,0,0,5,0,0,0,12,11,2,9,12,0,0,0,1,39,44077,6,1,0,0,3,3,67,140,0,0,0,0,0,0,0,0,0,0,39,0,0,0,1,2,35,1,1,2,1,20,3,4,17,1,1,1,90,0,0
39,390319,2,2,2,27,5,19,31,12,6,1,0,39,1,72,706,72706,80,1999,1HD1FFW14XY6,1,H,D,1,F,F,W,1,4,X,Y,6,0,M,HD,TCI,RS,99,17,,,,,,,1450,0,0,000000000,00000000000,0,0,0,1,0,0,0,0,0,0,0,35,0,0,0,7,7,4,3,12,0,0,0,1,39,44048,6,1,6,0,3,0,72,200,0,0,0,0,0,0,0,0,0,0,0,0,0,0,1,2,35,1,1,2,1,4,3,1,66,1,1,1,90,1,0
39,390320,1,2,1,8,6,8,46,12,2,1,0,39,1,12,481,12481,31,1997,1FTJW36F2VEC,1,F,T,J,W,3,6,F,2,V,E,C,0,T,FORD,F35,CW,97,17,,2,0,1680,COF,D,,0,0,000000000,00000000000,0,0,0,1,0,0,0,0,0,0,0,3,0,0,0,12,14,6,2,12,0,0,0,1,39,45334,6,1,0,0,3,3,70,135,2,0,0,0,1,9,2007,4,2009,0,38,0,0,0,1,2,55,1,2,2,1,0,0,11,15,1,1,1,68,0,0
39,390320,2,2,1,8,6,8,46,12,2,1,0,39,1,76,706,76706,80,2005,JYAVP17E05A0,J,Y,A,V,P,1,7,E,0,5,A,0,0,M,YAMA,X17,RS,5,17,,,,,,,1670,0,0,000000000,00000000000,0,0,0,1,0,0,0,0,0,0,0,998,0,0,0,12,13,6,2,12,0,0,0,1,39,45869,6,1,0,0,3,0,75,240,0,0,0,0,2,8,2007,10,2008,0,0,0,0,0,1,2,55,1,2,2,1,0,0,1,62,1,1,1,69,1,0
39,390321,1,2,1,10,6,10,38,12,2,1,0,39,1,12,442,12442,20,1995,2FMDA5140SBB,2,F,M,D,A,5,1,4,0,S,B,B,0,T,FORD,WWG,ES,95,17,,1,0,1207,WIN,G,,0,0,000000000,00000000000,0,0,0,1,0,0,0,0,0,0,0,998,0,0,0,12,1,6,2,12,0,0,0,1,39,44632,6,1,0,0,3,3,63,225,0,0,0,0,0,0,0,0,0,0,28,0,0,0,1,2,40,1,2,2,1,0,0,1,10,1,1,2,50,1,0
39,390321,2,2,1,10,6,10,38,12,2,1,0,39,1,12,461,12461,21,1992,1FDEE14N5NHA,1,F,D,E,E,1,4,N,5,N,H,A,0,T,FORD,15V,IC,92,17,,2,0,1380,VAN,G,,0,0,000000000,00000000000,0,0,0,1,0,0,0,0,0,0,0,20,0,0,0,12,12,6,2,12,0,0,0,1,39,44720,6,1,0,0,3,0,72,250,1,0,0,1,1,4,2009,12,2009,0,0,0,0,0,1,2,40,1,2,2,1,0,0,1,62,1,1,1,51,0,0
39,390322,1,1,1,12,6,16,15,34,0,1,0,39,1,37,705,37705,80,2003,JH2PC35053M4,J,H,2,P,C,3,5,0,5,3,M,4,0,M,HOND,CF4,RS,3,17,,,,,,,599,0,0,000000000,00000000000,0,0,0,1,0,0,0,0,0,0,0,80,0,0,0,12,12,6,2,1,0,0,0,1,39,44483,6,1,0,0,3,3,70,195,1,0,0,1,0,11,2007,10,2008,1,29,0,0,0,1,2,40,3,2,2,1,0,0,14,13,1,1,4,1,1,1
39,390323,1,2,1,12,6,18,47,12,6,1,0,39,1,53,705,53705,80,2008,JS1GR7LA6821,J,S,1,G,R,7,L,A,6,8,2,1,0,M,SUZI,SX7,RS,8,17,,,,,,,749,0,0,000000000,00000000000,0,0,0,1,0,0,0,0,0,0,0,998,0,0,0,12,12,6,2,12,0,0,0,1,39,44514,6,1,0,0,3,3,68,180,1,1,0,3,4,10,2007,8,2009,0,36,0,0,0,1,4,40,1,1,2,1,0,0,1,72,1,1,1,83,1,0
39,390323,2,2,2,12,6,18,47,12,6,1,0,39,1,19,22,19022,4,2007,1G6KD57Y67U1,1,G,6,K,D,5,7,Y,6,7,U,1,0,P,CADI,TDS,4D,7,17,4009,,0,1156,,G,,0,0,000000000,00000000000,0,0,0,1,0,0,0,0,0,0,0,10,0,0,0,11,11,4,3,12,0,0,0,1,39,44471,3,1,0,0,2,3,72,225,2,1,0,0,0,10,2007,12,2009,0,38,0,0,0,1,4,40,1,1,2,1,0,0,11,15,1,1,1,82,0,0
39,390324,1,2,1,12,6,17,2,12,6,1,0,39,2,73,706,73706,80,1999,JKBVNCB18XB5,J,K,B,V,N,C,B,1,8,X,B,5,0,M,KAWK,V8B,RS,99,17,,,,,,,800,0,0,000000000,00000000000,0,0,0,1,0,0,0,0,0,0,0,5,0,0,0,9,13,6,2,2,0,0,1,1,39,45103,6,7,0,0,3,0,74,254,0,0,0,0,0,0,0,0,0,0,38,0,0,0,1,2,45,3,2,2,1,20,3,11,15,1,1,1,82,1,0
39,390324,2,2,1,12,6,17,2,12,6,1,0,39,1,7,482,7482,31,2004,1D7HU18N24S5,1,D,7,H,U,1,8,N,2,4,S,5,0,T,DODG,SQ1,CW,4,17,,2,1605,1405,RPC,G,,0,0,000000000,00000000000,0,0,0,1,0,0,0,0,0,0,0,40,0,0,0,12,12,6,2,12,0,0,0,1,39,45103,6,1,0,0,3,0,65,160,0,0,0,0,0,0,0,0,0,0,0,0,0,0,1,2,45,2,2,2,1,0,0,14,67,1,1,1,83,0,0
39,390325,1,2,2,13,6,3,20,12,2,1,0,39,1,24,7,24007,4,2006,1G8AJ55FX6Z1,1,G,8,A,J,5,5,F,X,6,Z,1,0,P,STRN,SI2,4D,6,17,2802,,0,1035,,G,,0,0,000000000,00000000000,0,0,0,1,0,0,0,0,0,0,0,998,0,0,0,12,11,6,2,12,0,0,0,1,39,43202,1,1,0,0,2,0,70,190,0,5,0,0,4,6,2008,5,2010,0,28,0,0,0,1,4,50,2,1,2,2,0,0,14,10,1,1,2,50,1,1
39,390325,2,2,1,13,6,3,20,12,2,1,0,39,1,49,402,49402,14,2000,JT3HP10V8Y02,J,T,3,H,P,1,0,V,8,Y,0,2,0,P,TOYT,RV4,UT,0,17,2844,,0,949,,G,,0,0,000000000,00000000000,0,0,0,1,0,0,0,0,0,0,0,998,0,0,0,12,12,6,2,12,0,0,0,1,39,43008,6,1,0,0,3,0,70,190,0,0,0,0,0,0,0,0,0,0,0,0,0,0,1,4,50,3,1,2,2,0,0,14,62,1,1,1,51,1,0
39,390326,1,2,2,24,4,18,45,12,2,1,0,39,1,12,481,12481,31,1992,1FTDF15N4NLA,1,F,T,D,F,1,5,N,4,N,L,A,0,T,FORD,F15,PK,92,17,,1,1330,1170,COF,G,,0,0,000000000,00000000000,0,0,0,1,0,0,0,0,0,0,0,50,0,0,0,12,12,6,2,12,0,0,0,1,39,45342,6,1,0,0,3,0,71,165,0,0,0,0,3,9,2007,10,2007,0,28,36,91,0,1,2,55,1,1,2,2,0,0,1,9,1,1,2,50,0,0
39,390326,2,2,3,24,4,18,45,12,2,1,0,39,2,22,399,22399,6,2008,2CKDL33F0860,2,C,K,D,L,3,3,F,0,8,6,0,0,P,PONT,TOR,UT,8,17,3660,,0,1125,,G,,0,0,000000000,00000000000,0,0,0,1,0,0,0,0,0,0,0,50,0,0,0,12,12,6,2,12,0,0,0,1,39,45005,6,1,0,0,3,0,75,250,1,0,0,1,1,6,2008,3,2010,0,0,0,0,0,1,2,55,1,1,2,2,0,0,1,62,1,1,1,51,1,0
39,390327,1,2,1,10,5,13,0,12,8,1,0,39,2,7,442,7442,20,2009,2D8HN54119R5,2,D,8,H,N,5,4,1,1,9,R,5,0,P,DODG,CAR,SV,9,17,4483,,0,1212,,G,,0,0,000000000,00000000000,0,0,0,1,0,0,0,0,0,0,0,52,0,0,0,9,12,6,2,12,0,0,0,1,39,43506,6,1,0,0,3,0,68,124,1,1,0,0,0,8,2008,8,2008,0,28,0,0,0,1,2,55,4,2,2,1,0,0,14,10,1,1,2,64,1,0
39,390327,2,2,2,10,5,13,0,12,8,1,0,39,1,20,481,20481,31,1995,1GCEC14K2SE2,1,G,C,E,C,1,4,K,2,S,E,2,0,T,CHEV,GC1,PK,95,17,,2,1315,1175,GM4,G,,0,0,000000000,00000000000,0,0,0,1,0,0,0,0,0,0,0,44,0,0,0,9,12,6,2,12,0,0,0,1,39,43570,6,1,0,0,3,3,69,150,0,0,0,0,0,0,0,0,0,0,0,0,0,0,1,2,55,4,2,2,1,0,0,14,62,1,1,1,65,2,0
39,390328,1,2,5,12,5,14,50,12,2,1,0,39,2,2,404,2404,14,2001,1J4GW58N41C6,1,J,4,G,W,5,8,N,4,1,C,6,0,T,JEEP,LMT,4W,1,17,,1,0,1059,GCK,G,,0,0,000000000,00000000000,0,0,0,1,0,0,0,0,0,0,0,25,0,0,0,12,12,6,2,12,0,0,0,1,35,87111,0,0,0,0,0,0,999,999,98,0,0,0,0,0,0,0,0,0,0,0,0,0,1,2,55,4,1,2,2,0,0,14,62,1,1,1,52,0,0
39,390328,2,2,3,12,5,14,50,12,2,1,0,39,3,12,461,12461,21,2002,1FDSS34F42HA,1,F,D,S,S,3,4,F,4,2,H,A,0,T,FORD,3SD,EC,2,17,,2,0,1380,VAN,D,,0,0,000000000,00000000000,0,0,0,1,0,0,0,0,0,6,1,55,0,0,0,12,12,6,2,12,0,0,0,1,39,43907,6,1,0,0,3,3,64,165,1,0,0,0,0,12,2009,12,2009,0,51,0,0,0,1,2,55,2,1,2,2,0,0,14,5,1,1,2,52,1,0
39,390329,1,2,1,12,5,8,10,12,2,1,0,39,2,6,51,6051,4,2001,2C3AE66G51H7,2,C,3,A,E,6,6,G,5,1,H,7,0,P,CHRY,30M,4D,1,17,3512,,0,1130,,G,,0,0,000000000,00000000000,0,0,0,1,0,0,0,0,0,0,0,998,0,0,0,12,12,6,2,12,0,0,1,1,54,45669,6,1,0,0,3,0,68,200,0,0,0,0,0,0,0,0,0,0,0,0,0,0,1,2,55,4,1,2,1,0,0,14,62,1,1,1,51,1,0
39,390329,2,2,1,12,5,8,10,12,2,1,0,39,2,24,1,24001,4,2001,1G8JU52F81Y5,1,G,8,J,U,5,2,F,8,1,Y,5,0,P,STRN,L20,4D,1,17,3009,,0,1065,,G,,0,0,000000000,00000000000,0,0,0,1,0,0,0,0,0,0,0,998,0,0,0,12,12,6,2,12,0,0,0,1,39,43228,6,1,0,0,3,3,64,250,0,0,0,1,0,10,2009,10,2009,0,28,0,0,0,1,2,55,4,1,2,2,0,0,14,10,1,1,2,50,0,0
39,390330,1,1,1,14,5,22,13,34,0,1,0,39,1,23,481,23481,31,2007,1GTHC24U97E1,1,G,T,H,C,2,4,U,9,7,E,1,0,T,GMC,2CH,PK,7,17,,2,0,1330,SIE,G,,0,0,000000000,00000000000,0,0,0,1,0,0,0,0,0,0,0,998,0,1,6,9,9,6,2,1,0,0,0,1,39,45873,6,1,0,0,3,0,64,150,0,0,0,0,0,0,0,0,0,0,0,0,0,0,1,2,99,4,1,2,1,0,0,14,12,1,2,5,7,1,1
39,390331,1,1,1,14,5,11,15,1,0,1,0,39,2,37,402,37402,14,2003,SHSRD78853U1,S,H,S,R,D,7,8,8,5,3,U,1,0,P,HOND,CRV,UT,3,17,3287,,0,1031,,G,,0,0,000000000,00000000000,0,0,0,1,0,0,0,0,0,0,0,998,0,1,6,0,9,6,2,1,0,0,0,1,39,43358,6,1,0,0,3,0,64,307,0,1,0,0,1,7,2009,9,2009,0,36,0,0,0,1,2,55,4,2,2,1,0,0,14,13,1,1,4,1,1,0
39,390332,1,1,1,8,5,13,30,24,0,1,0,39,3,20,481,20481,31,2000,1GCGK24J4YR1,1,G,C,G,K,2,4,J,4,Y,R,1,0,T,CHEV,GK2,PK,0,17,,2,0,1315,GM4,G,,0,0,000000000,00000000000,0,0,0,1,0,0,0,0,0,0,0,65,0,1,5,12,12,6,2,24,0,0,0,1,39,43780,1,1,0,0,2,0,77,240,0,4,1,0,0,1,2009,4,2009,1,29,58,0,0,1,2,55,3,1,2,1,0,0,14,13,7,1,4,1,1,1
39,390333,1,2,2,15,5,2,27,12,6,1,0,39,1,7,422,7422,15,2005,1D4HB48N85F5,1,D,4,H,B,4,8,N,8,5,F,5,0,P,DODG,DUR,UT,5,17,4958,,0,1192,,G,,0,0,000000000,00000000000,0,0,0,1,0,0,0,0,0,0,0,998,0,0,0,12,2,6,2,12,0,0,0,1,39,43611,3,1,0,0,2,3,65,135,1,0,0,0,0,12,2009,12,2009,0,28,0,0,0,1,4,35,1,1,2,2,0,0,1,62,1,1,1,69,0,1
39,390333,2,2,3,15,5,2,27,12,6,1,0,39,1,35,47,35047,4,2008,1N4AL21EX8C2,1,N,4,A,L,2,1,E,X,8,C,2,0,P,NISS,ATS,4D,8,17,3028,,0,1093,,G,,0,0,000000000,00000000000,0,0,0,1,0,0,0,0,0,0,0,998,0,0,0,3,3,6,2,12,0,0,0,1,39,43612,6,1,0,0,3,0,69,130,0,0,0,0,0,0,0,0,0,0,91,0,0,0,1,4,35,1,1,2,2,0,0,11,15,1,1,2,68,1,1
39,390334,1,1,1,15,5,22,50,33,0,1,0,39,1,7,4,7004,1,2003,1B3JR65Z13V5,1,B,3,J,R,6,5,Z,1,3,V,5,0,P,DODG,ST1,CV,3,17,3283,,0,988,,G,,0,0,000000000,00000000000,0,0,0,1,0,0,0,0,0,0,0,998,0,0,0,2,9,6,2,42,0,0,0,1,39,44143,6,1,0,0,3,0,70,200,0,0,0,0,0,0,0,0,0,0,36,0,0,0,1,2,35,4,2,2,1,0,0,14,8,1,1,5,1,1,1
39,390335,1,1,1,15,5,8,5,35,0,1,0,39,1,20,481,20481,31,1996,1GCEK14R3TZ1,1,G,C,E,K,1,4,R,3,T,Z,1,0,T,CHEV,GK1,PK,96,17,,2,1315,1175,GM4,G,,0,0,000000000,00000000000,0,0,0,1,0,0,0,0,0,0,0,30,0,0,0,10,10,6,2,2,0,0,1,1,39,44820,6,1,0,0,3,0,70,175,0,0,0,0,0,0,0,0,0,0,51,0,0,0,1,2,55,1,2,2,1,0,0,1,12,1,1,5,6,1,1
39,390336,1,2,1,16,5,15,47,12,6,1,0,39,2,20,431,20431,16,2003,1GNFK16Z23J1,1,G,N,F,K,1,6,Z,2,3,J,1,0,P,CHEV,K15,UT,3,17,5123,,0,1300,,F,,0,0,000000000,00000000000,0,0,0,1,0,0,0,0,0,0,0,5,0,0,0,4,4,6,2,12,0,0,0,1,39,44836,6,1,0,0,3,0,61,100,0,0,0,0,0,0,0,0,0,0,38,0,0,0,1,4,55,1,1,9,1,20,3,1,66,1,1,1,87,0,0
39,390336,2,2,1,16,5,15,47,12,6,1,0,92,0,53,705,53705,80,2006,999999999999,9,9,9,9,9,9,9,9,9,9,9,9,0,U,,,,9,17,,,,,,,,0,0,000000000,00000000000,0,0,0,1,0,0,0,0,0,0,0,998,0,0,0,12,12,6,2,12,0,0,0,1,39,44811,6,1,0,0,3,0,69,210,0,0,0,0,0,0,0,0,0,0,0,0,0,0,1,4,55,1,1,9,1,0,0,1,17,1,1,2,86,1,0
39,390337,1,2,1,17,5,17,38,12,7,1,0,39,1,20,471,20471,30,2000,1GCCS1957YK2,1,G,C,C,S,1,9,5,7,Y,K,2,0,T,CHEV,S14,PC,0,17,,1,0,1229,S,F,,0,0,000000000,00000000000,0,0,0,1,0,0,0,0,0,0,0,65,0,1,6,3,3,6,2,1,0,0,0,1,39,44212,6,1,0,0,3,0,64,160,0,2,1,0,0,7,2007,10,2007,1,27,0,0,0,3,8,65,1,1,2,2,0,0,15,11,1,1,2,44,1,0
39,390337,2,2,1,17,5,17,38,12,7,1,0,39,1,12,37,12037,4,2007,1FAHP34NX7W2,1,F,A,H,P,3,4,N,X,7,W,2,0,P,FORD,FMS,4D,7,17,2636,,0,1029,,G,,0,0,000000000,00000000000,0,0,0,1,0,0,0,0,0,0,0,55,0,0,0,9,10,2,1,12,0,0,0,1,39,44116,6,1,0,0,3,0,64,150,0,0,0,0,0,0,0,0,0,0,0,0,0,0,3,8,65,1,1,2,2,0,0,1,61,1,1,1,45,0,0
39,390338,1,1,1,19,5,18,56,24,0,1,0,39,2,20,401,20401,14,2000,1GNCT18W9YK1,1,G,N,C,T,1,8,W,9,Y,K,1,0,P,CHEV,BZR,UT,0,17,3848,,0,1005,,G,,0,0,000000000,00000000000,0,0,0,1,0,0,0,0,0,0,0,70,0,0,0,10,10,6,2,24,0,0,0,1,39,45662,1,1,0,0,2,0,67,185,1,2,0,0,2,9,2009,12,2009,1,0,0,0,0,3,4,60,4,2,2,1,0,0,14,6,7,1,4,6,1,0
39,390339,1,2,1,19,5,17,23,12,2,1,0,39,3,38,882,38882,61,2006,JALB4B164670,J,A,L,B,4,B,1,6,4,6,7,0,0,T,ISU,NPR,TB,6,17,,3,1760,1090,NPR,D,,0,57,00000383,5700000383,2,1,1,1,0,0,0,0,0,0,0,55,0,0,0,12,12,6,2,12,0,0,0,1,39,43228,6,1,0,0,3,0,71,240,0,0,0,0,0,0,0,0,0,0,0,0,0,0,1,2,55,4,2,2,1,0,0,14,62,1,1,1,51,0,0
39,390339,2,2,1,19,5,17,23,12,2,1,0,39,2,14,36,14036,6,1993,3MAPM15J1PR6,3,M,A,P,M,1,5,J,1,P,R,6,0,P,MERC,TRA,SW,93,17,2468,,0,984,,G,,0,0,000000000,00000000000,0,0,0,1,0,0,0,0,0,0,0,998,0,0,0,12,12,6,2,12,0,0,0,1,39,45701,1,1,0,0,2,0,69,255,0,0,0,0,0,0,0,0,0,0,28,0,0,0,1,2,55,4,2,2,1,0,0,14,10,1,1,2,50,1,0
39,390340,1,2,1,20,5,23,40,12,6,1,0,39,1,22,19,22019,2,2007,1G2AL15F6773,1,G,2,A,L,1,5,F,6,7,7,3,0,P,PONT,G/5,CP,7,17,2991,,0,1035,,G,,0,0,000000000,00000000000,0,0,0,1,0,0,0,0,0,0,0,45,0,0,0,12,10,6,9,12,0,0,0,1,39,43221,6,1,0,0,3,0,74,200,0,1,0,0,0,11,2008,11,2008,0,0,0,0,0,2,4,50,1,2,2,1,3,3,1,17,1,1,1,86,0,0
39,390340,2,2,1,20,5,23,40,12,6,1,0,39,1,20,16,20016,2,2004,1G1JC12F6471,1,G,1,J,C,1,2,F,6,4,7,1,0,P,CHEV,CAV,CP,4,17,2617,,0,1041,,G,,0,0,000000000,00000000000,0,0,0,1,0,0,0,0,0,0,0,15,0,0,0,3,3,6,9,12,0,0,0,1,39,43231,6,1,0,0,3,3,68,130,0,0,0,0,0,0,0,0,0,0,39,0,0,0,2,4,50,1,2,2,1,3,3,1,17,1,1,2,87,1,1
39,390341,1,1,1,21,5,5,0,9,0,1,1,99,9,99,999,99999,99,9999,999999999999,9,9,9,9,9,9,9,9,9,9,9,9,0,U,,,,9,17,,,,,,,,0,0,000000000,00000000000,0,0,0,1,0,0,0,0,0,0,0,998,0,0,0,99,99,9,1,9,0,0,0,1,99,99999,9,9,99,9,9,9,999,999,99,99,99,99,99,99,9999,99,9999,0,0,0,0,0,1,4,45,1,1,1,2,0,0,1,17,1,1,3,13,0,0
39,390342,1,2,2,21,5,20,5,12,6,1,0,26,1,37,709,37709,80,2003,999999999999,9,9,9,9,9,9,9,9,9,9,9,9,0,U,,,,9,17,,,,,,,,0,0,000000000,00000000000,0,0,0,1,0,0,0,0,0,0,0,50,0,0,0,12,12,6,2,12,0,0,0,1,26,49014,6,1,0,0,3,3,69,230,0,0,0,0,0,0,0,0,0,0,0,0,0,0,1,2,55,1,1,2,2,0,0,1,10,1,1,2,64,2,0