STATE,ST_CASE,VEH_NO,VE_FORMS,NUMOCCS,DAY,MONTH,HOUR,MINUTE,HARM_EV,MAN_COLL,UNITTYPE,HIT_RUN,REG_STAT,OWNER,MAKE,MODEL,MAK_MOD,BODY_TYP,MOD_YEAR,VIN,VIN_1,VIN_2,VIN_3,VIN_4,VIN_5,VIN_6,VIN_7,VIN_8,VIN_9,VIN_10,VIN_11,VIN_12,TOW_VEH,VINTYPE,VINMAKE,VINA_MOD,VIN_BT,VINMODYR,VIN_LNGT,VIN_WGT,WGTCD_TR,WHLBS_LG,WHLBS_SH,SER_TR,FUELCODE,MCYCL_DS,J_KNIFE,MCARR_I1,MCARR_I2,MCARR_ID,GVWR,V_CONFIG,CARGO_BT,HAZ_INV,HAZ_PLAC,HAZ_ID,HAZ_CNO,HAZ_REL,BUS_USE,SPEC_USE,EMER_USE,TRAV_SP,UNDERIDE,ROLLOVER,ROLINLOC,IMPACT1,IMPACT2,DEFORMED,TOWED,M_HARM,VEH_SC1,VEH_SC2,FIRE_EXP,DR_PRES,L_STATE,DR_ZIP,L_STATUS,L_TYPE,CDL_STAT,L_ENDORS,L_COMPL,L_RESTRI,DR_HGT,DR_WGT,PREV_ACC,PREV_SUS,PREV_DWI,PREV_SPD,PREV_OTH,FIRST_MO,FIRST_YR,LAST_MO,LAST_YR,SPEEDREL,DR_SF1,DR_SF2,DR_SF3,DR_SF4,VTRAFWAY,VNUM_LAN,VSPD_LIM,VALIGN,VPROFILE,VPAVETYP,VSURCOND,VTRAFCON,VTCONT_F,P_CRASH1,P_CRASH2,P_CRASH3,PCRASH4,PCRASH5,ACC_TYPE,DEATHS,DR_DRINK
39,390414,1,1,2,26,6,3,43,59,0,1,0,39,1,20,401,20401,14,2004,1GCDS1367481,1,G,C,D,S,1,3,6,7,4,8,1,0,T,CHEV,RDO,CW,4,17,,1,0,1260,CAL,G,,0,0,000000000,00000000000,0,0,0,1,0,0,0,0,0,0,0,998,0,1,5,3,13,6,2,59,0,0,0,1,39,44870,6,1,0,0,3,0,75,200,0,0,0,2,0,7,2008,2,2009,0,0,0,0,0,1,2,55,1,2,2,1,0,0,1,13,1,1,4,1,1,1
39,390415,1,1,3,29,6,12,16,53,0,1,0,39,1,37,32,37032,4,1999,JHMCG5642XC0,J,H,M,C,G,5,6,4,2,X,C,0,0,P,HOND,ULX,4D,99,17,3053,,0,1069,,G,,0,0,000000000,00000000000,0,0,0,1,0,0,0,0,0,0,0,55,0,0,0,3,3,6,2,42,0,0,0,1,39,44691,6,1,0,0,3,0,64,125,0,0,0,0,0,0,0,0,0,0,58,0,0,0,1,2,55,1,1,2,1,0,0,1,12,6,1,4,6,1,0
39,390416,1,2,1,1,7,13,55,12,6,1,0,39,2,98,998,98998,97,2005,000000000000,0,0,0,0,0,0,0,0,0,0,0,0,0,U,,,,,17,,,,,,,,0,0,000000000,00000000000,0,0,0,1,0,0,0,0,0,0,0,3,0,0,0,5,5,6,2,12,0,0,0,1,39,43811,6,1,0,0,3,3,68,175,0,0,0,0,0,0,0,0,0,0,38,0,0,0,1,2,55,1,1,2,1,20,3,1,17,1,1,1,87,0,0
39,390416,2,2,4,1,7,13,55,12,6,1,0,39,1,72,706,72706,80,1984,1HD1BBK24EY0,1,H,D,1,B,B,K,2,4,E,Y,0,0,M,HD,FXF,RS,84,17,,,,,,,1340,0,0,000000000,00000000000,0,0,0,1,0,0,0,0,0,0,0,998,0,0,0,12,1,6,2,1,0,0,0,1,39,43812,6,1,0,0,3,0,68,170,0,0,0,0,0,0,0,0,0,0,0,0,0,0,1,2,55,1,1,2,1,0,0,1,66,1,1,1,86,1,0
39,390417,1,1,1,2,7,12,15,34,0,1,0,39,1,72,706,72706,80,2008,1HD1JK5148Y0,1,H,D,1,J,K,5,1,4,8,Y,0,0,M,HD,FWC,RS,8,17,,,,,,,1584,0,0,000000000,00000000000,0,0,0,1,0,0,0,0,0,0,0,40,0,0,0,3,3,4,3,1,0,0,0,1,39,45760,6,1,0,0,3,0,70,245,0,0,0,0,0,0,0,0,0,0,0,0,0,0,1,2,55,3,1,2,1,0,0,14,13,1,1,4,1,1,0
39,390418,1,1,1,3,7,2,55,24,0,1,0,39,1,53,705,53705,80,1995,JS1GR7BA4S21,J,S,1,G,R,7,B,A,4,S,2,1,0,M,SUZI,SR7,RS,95,17,,,,,,,749,0,0,000000000,00000000000,0,0,0,1,0,0,0,0,0,0,0,998,0,0,0,12,3,6,2,1,0,0,0,1,39,43211,6,1,0,0,3,0,73,180,1,3,1,0,2,10,2007,5,2010,1,0,0,0,0,6,1,65,2,2,2,1,0,0,14,12,1,1,4,6,1,1
39,390419,1,1,1,5,7,12,13,32,0,1,0,39,3,86,882,86882,66,2005,1M3K131K95M0,1,M,3,K,1,3,1,K,9,5,M,0,0,T,MACK,MR6,GL,5,17,,8,0,0,600,,,0,57,00911599,5700911599,3,2,97,2,2,1075,2,2,0,0,0,998,0,1,5,1,12,6,2,2,0,0,1,1,39,44050,6,1,6,1,3,3,70,175,0,0,0,0,3,11,2009,3,2010,0,0,0,0,0,1,2,45,1,1,2,1,0,0,1,13,1,1,4,1,1,1
39,390420,1,1,1,7,7,21,30,24,0,1,0,39,2,37,703,37703,80,2008,JH2MC13008K4,J,H,2,M,C,1,3,0,0,8,K,4,0,M,HOND,CMX,RS,8,17,,,,,,,234,0,0,000000000,00000000000,0,0,0,1,0,0,0,0,0,0,0,998,0,0,0,1,3,6,2,24,0,0,0,1,39,44515,6,1,0,0,3,0,65,120,0,2,1,1,0,2,2008,5,2008,0,0,0,0,0,3,6,65,1,1,2,1,0,0,1,13,1,1,4,1,1,1
39,390421,1,1,1,11,7,13,50,10,0,1,0,39,1,20,473,20473,30,2006,1GCDT1365681,1,G,C,D,T,1,3,6,5,6,8,1,0,T,CHEV,RDO,CW,6,17,,1,0,1260,CAL,G,,0,0,000000000,00000000000,0,0,0,1,0,0,0,0,0,0,0,35,0,0,0,3,3,6,2,10,0,0,0,1,39,43512,6,1,0,0,3,3,70,216,0,0,0,0,0,0,0,0,0,0,38,0,0,0,1,2,55,1,2,4,1,65,3,1,98,1,1,1,98,1,0
39,390422,1,1,1,17,3,16,40,1,0,1,0,39,1,72,706,72706,80,1998,1HD1BKL19WY0,1,H,D,1,B,K,L,1,9,W,Y,0,0,M,HD,XTC,RS,98,17,,,,,,,1340,0,0,000000000,00000000000,0,0,0,1,0,0,0,0,0,0,0,998,0,0,0,0,9,2,9,1,0,0,0,1,39,45211,6,1,0,0,3,3,72,210,0,0,0,0,0,0,0,0,0,0,0,0,0,0,1,2,40,4,1,2,2,0,0,14,5,1,1,5,1,1,0
39,390423,1,2,1,14,6,13,50,12,6,1,0,39,2,20,499,20499,31,1990,1GCHK34NXLE2,1,G,C,H,K,3,4,N,X,L,E,2,0,T,CHEV,GK3,PK,90,17,,2,1595,1315,GM4,G,,0,0,000000000,00000000000,0,0,0,1,0,0,0,0,0,0,0,998,0,0,0,3,3,6,2,12,0,0,0,1,39,45308,6,1,0,0,3,0,63,163,0,0,0,0,0,0,0,0,0,0,39,0,0,0,1,2,55,1,1,2,1,20,3,1,17,1,1,2,87,0,0
39,390423,2,2,1,14,6,13,50,12,6,1,0,39,1,14,17,14017,4,2005,1MEFM55SX5A6,1,M,E,F,M,5,5,S,X,5,A,6,0,P,MERC,SLP,4D,5,17,3369,,0,1085,,G,,0,0,000000000,00000000000,0,0,0,1,0,0,0,0,0,0,0,998,0,0,0,12,12,6,2,12,0,0,0,1,39,45331,6,1,0,0,3,0,72,235,1,0,0,1,1,3,2008,1,2009,0,0,0,0,0,1,2,55,1,1,2,1,0,0,1,17,1,1,1,86,1,0
39,390424,1,2,1,15,6,9,59,12,6,1,0,39,2,63,32,63032,5,2007,KNADE1636761,K,N,A,D,E,1,6,3,6,7,6,1,0,P,KIA,5SX,4H,7,17,2438,,0,984,,G,,0,0,000000000,00000000000,0,0,0,1,0,0,0,0,0,0,0,998,0,0,0,9,9,6,2,12,0,0,0,1,39,43026,6,1,0,0,3,3,65,140,1,0,0,0,1,4,2009,4,2009,0,38,39,0,0,1,2,55,1,2,2,1,20,3,1,17,1,1,1,89,1,0
39,390424,2,2,3,15,6,9,59,12,6,1,0,39,2,2,404,2404,14,2004,1J8GW58J64C3,1,J,8,G,W,5,8,J,6,4,C,3,0,T,JEEP,LMT,4W,4,17,,1,0,1059,GCK,G,,0,0,000000000,00000000000,0,0,0,1,0,0,0,0,0,0,0,50,0,0,0,12,12,6,2,12,0,0,0,1,39,43119,6,1,0,0,3,3,68,135,0,0,0,0,0,0,0,0,0,0,0,0,0,0,1,2,50,1,2,2,1,0,0,1,17,1,1,1,88,0,0
39,390426,1,2,1,17,6,16,17,12,6,1,0,39,2,22,18,22018,4,2001,1G2NF52E01C1,1,G,2,N,F,5,2,E,0,1,C,1,0,P,PONT,SE1,4D,1,17,3116,,0,1070,,G,,0,0,000000000,00000000000,0,0,0,1,0,0,0,0,0,0,0,998,1,0,0,12,2,6,2,12,0,0,0,1,39,43432,6,1,0,0,3,3,66,200,1,0,0,0,0,9,2007,9,2007,0,38,39,0,0,1,2,55,1,1,2,1,20,3,1,17,1,1,2,88,1,0
39,390426,2,2,1,17,6,16,17,12,6,1,0,17,3,87,881,87881,66,2000,1XP5DB9X0YD5,1,X,P,5,D,B,9,X,0,Y,D,5,1,T,PTRB,379,DS,0,17,,8,0,0,CON,D,,1,57,216939,57216939,3,6,3,1,0,0,0,0,0,0,0,55,0,0,0,9,9,4,3,12,0,0,0,1,18,47905,6,1,6,1,3,3,69,185,0,0,0,1,0,4,2008,4,2008,0,0,0,0,0,1,2,55,1,1,2,1,0,0,1,17,1,1,1,89,0,0
39,390427,1,2,3,18,6,19,10,12,6,1,0,39,2,12,442,12442,20,2003,2FMZA51483BA,2,F,M,Z,A,5,1,4,8,3,B,A,0,T,FORD,WLX,ES,3,17,,1,0,1207,WIN,G,,0,0,000000000,00000000000,0,0,0,1,0,0,0,0,0,0,0,35,0,0,0,3,3,6,2,12,0,0,0,1,39,44035,6,1,0,0,3,0,69,250,0,0,0,0,0,0,0,0,0,0,0,0,0,0,1,4,45,1,1,2,2,4,3,1,17,1,1,1,87,1,0
39,390427,2,2,1,18,6,19,10,12,6,1,0,39,3,38,882,38882,61,1999,JALC4B145X70,J,A,L,C,4,B,1,4,5,X,7,0,1,T,ISU,NPR,TB,99,17,,4,0,0,NPR,D,,1,99,999999999,99999999999,2,1,1,1,0,0,0,0,0,0,0,2,0,0,0,12,12,2,3,12,0,0,0,1,39,44035,6,1,6,0,3,3,71,180,2,0,0,1,0,3,2008,5,2010,0,39,0,0,0,1,4,50,1,1,2,2,4,3,1,17,1,1,2,86,0,1
39,390428,1,2,1,18,6,3,44,12,8,1,0,39,1,14,443,14443,20,2002,4M2ZV12T92DJ,4,M,2,Z,V,1,2,T,9,2,D,J,0,P,MERC,VLR,SV,2,17,4050,,0,1122,,G,,0,0,000000000,00000000000,0,0,0,1,0,0,0,0,0,0,0,55,0,0,0,10,12,6,2,12,0,0,0,1,39,45682,6,1,0,0,3,3,72,215,0,1,0,0,1,4,2008,4,2008,0,51,0,0,0,2,2,65,1,1,2,1,0,0,1,17,1,1,1,64,1,1
39,390428,2,2,1,18,6,3,44,12,8,1,0,39,1,22,16,22016,2,1997,1G2JB1247V75,1,G,2,J,B,1,2,4,7,V,7,5,0,P,PONT,SFS,CP,97,17,2559,,0,1041,,G,,0,0,000000000,00000000000,0,0,0,1,0,0,0,0,0,0,0,998,0,0,0,10,12,6,2,12,0,0,0,1,39,45662,6,1,0,0,3,0,75,225,2,0,0,0,4,11,2008,4,2010,0,0,0,0,0,2,2,65,1,1,2,1,0,0,1,17,1,1,1,65,1,0
39,390429,1,1,1,19,6,21,50,35,0,1,0,39,2,53,705,53705,80,1983,JS1GN72LXD21,J,S,1,G,N,7,2,L,X,D,2,1,0,M,SUZI,GS5,RS,83,17,,,,,,,549,0,0,000000000,00000000000,0,0,0,1,0,0,0,0,0,0,0,998,0,0,0,9,9,4,3,42,0,0,0,1,47,45701,6,1,0,0,3,0,72,175,0,0,0,1,2,2,2008,5,2010,1,0,0,0,0,1,2,55,4,1,2,1,0,0,14,12,1,1,5,6,1,1
39,390430,1,2,2,20,6,11,55,12,11,1,0,39,2,7,25,7025,5,2009,1B3HB48AX9D1,1,B,3,H,B,4,8,A,X,9,D,1,0,P,DODG,CXT,4D,9,17,3039,,0,1037,,G,,0,0,000000000,00000000000,0,0,0,1,0,0,0,0,0,0,0,65,0,0,0,13,13,6,2,12,0,0,0,1,39,43123,6,1,0,0,3,3,70,180,0,0,0,1,0,1,2009,1,2009,0,0,0,0,0,3,6,65,1,1,2,2,0,0,1,62,1,1,1,66,1,0
39,390430,2,2,2,20,6,11,55,12,11,1,1,99,9,99,499,99499,19,9999,999999999999,9,9,9,9,9,9,9,9,9,9,9,9,0,U,,,,9,17,,,,,,,,0,0,000000000,00000000000,0,0,0,1,0,0,0,0,0,0,0,998,0,0,0,2,2,4,1,12,0,0,0,1,99,99999,9,9,99,9,9,9,999,999,99,99,99,99,99,99,9999,99,9999,0,0,0,0,0,3,6,65,1,1,2,2,0,0,1,10,1,1,1,66,0,0
39,390431,1,1,2,21,6,8,24,53,0,1,0,39,2,52,37,52037,1,1999,4A3AX55F3XE1,4,A,3,A,X,5,5,F,3,X,E,1,0,P,MITS,SGT,CV,99,17,3053,,0,988,,G,,0,0,000000000,00000000000,0,0,0,1,0,0,0,0,0,0,0,998,0,1,5,12,12,6,2,42,0,0,0,1,39,43067,6,1,0,0,3,0,72,240,0,2,0,1,1,1,2009,5,2009,1,0,0,0,0,1,2,55,2,1,2,1,40,3,14,12,1,1,5,6,1,0
39,390432,1,2,1,21,6,19,15,12,6,1,0,39,1,12,401,12401,14,1987,1FMBU14T5HUB,1,F,M,B,U,1,4,T,5,H,U,B,0,P,FORD,BII,UT,87,17,3050,,0,940,,G,,0,0,000000000,00000000000,0,0,0,1,0,0,0,0,0,0,0,40,0,0,0,12,12,6,2,12,0,0,0,1,39,45694,6,1,0,0,3,0,69,190,0,0,0,0,0,0,0,0,0,0,0,0,0,0,1,2,55,4,1,2,2,0,0,14,10,1,1,1,65,0,0
39,390432,2,2,2,21,6,19,15,12,6,1,0,39,2,22,20,22020,4,2004,2G2WS5229411,2,G,2,W,S,5,2,2,9,4,1,1,0,P,PONT,GP2,4D,4,17,3484,,0,1105,,G,,0,0,000000000,00000000000,0,0,0,1,0,0,0,0,0,0,0,60,0,0,0,3,3,6,2,12,0,0,0,1,39,45694,3,1,0,0,2,0,69,140,0,2,0,0,0,4,2008,9,2009,1,36,51,91,0,1,2,55,4,1,2,2,40,3,14,6,1,1,2,64,1,0
39,390433,1,1,2,22,6,9,39,43,0,1,0,39,1,12,401,12401,14,1998,1FMYU22EXWUB,1,F,M,Y,U,2,2,E,X,W,U,B,0,P,FORD,EPR,UT,98,17,3692,,0,1017,,G,,0,0,000000000,00000000000,0,0,0,1,0,0,0,0,0,0,0,35,0,1,3,10,9,6,2,1,0,0,0,1,39,45373,6,1,0,0,3,0,63,130,0,0,0,0,0,0,0,0,0,1,36,91,0,0,3,4,35,4,2,2,2,0,0,14,8,1,1,5,6,1,0
39,390434,1,2,1,22,6,21,25,12,2,1,0,39,2,20,20,20020,4,1997,2G1WL52M5V92,2,G,1,W,L,5,2,M,5,V,9,2,0,P,CHEV,L/S,4D,97,17,3360,,0,1075,,G,,0,0,000000000,00000000000,0,0,0,1,0,0,0,0,0,0,0,40,0,0,0,12,12,6,2,12,0,0,0,1,39,44641,6,1,0,0,3,0,63,130,0,0,0,0,0,0,0,0,0,0,38,91,0,0,1,2,45,1,3,2,1,0,0,11,15,1,1,2,68,0,0
39,390434,2,2,1,22,6,21,25,12,2,1,0,39,1,37,706,37706,80,1995,1HFSC220XSA7,1,H,F,S,C,2,2,0,X,S,A,7,0,M,HOND,G/2,RS,95,17,,,,,,,1500,0,0,000000000,00000000000,0,0,0,1,0,0,0,0,0,0,0,998,0,0,0,12,12,6,2,12,0,0,0,1,39,44688,6,1,0,0,3,0,69,195,0,0,0,0,0,0,0,0,0,0,0,0,0,0,1,2,45,1,3,2,1,0,0,1,17,1,1,1,69,1,0
39,390435,1,1,1,22,6,22,26,52,0,1,0,39,1,72,706,72706,80,1991,1HD1BML1XMY0,1,H,D,1,B,M,L,1,X,M,Y,0,0,M,HD,FLF,RS,91,17,,,,,,,1340,0,0,000000000,00000000000,0,0,0,1,0,0,0,0,0,0,0,998,0,0,0,9,9,6,2,30,0,0,0,1,39,44621,6,1,0,0,3,0,67,160,0,0,0,0,0,0,0,0,0,1,0,0,0,0,1,2,25,4,2,2,1,0,0,14,8,3,1,5,6,1,1
39,390436,1,2,2,23,6,14,17,59,0,1,0,18,1,49,472,49472,30,2005,5TEJU62N35Z0,5,T,E,J,U,6,2,N,3,5,Z,0,0,T,TOYT,DCP,CW,5,17,,1,0,1219,TAC,G,,0,0,000000000,00000000000,0,0,0,1,0,0,0,0,0,0,0,998,0,1,5,12,12,6,2,12,0,0,0,1,18,46229,6,1,0,0,3,3,70,190,0,1,0,1,3,12,2007,6,2009,0,0,0,0,0,3,4,65,1,1,2,1,0,0,1,60,1,1,1,98,1,0
39,390436,2,2,1,23,6,14,17,59,0,1,0,17,3,84,884,84884,66,2010,3HSCUSJR1AN1,3,H,S,C,U,S,J,R,1,A,N,1,1,T,INTL,PPR,DS,10,17,,8,0,0,PRO,D,,1,57,076376,57076376,3,6,1,1,0,0,0,0,0,0,0,65,0,0,0,12,3,6,2,12,0,0,0,1,42,15554,6,1,6,0,3,0,68,999,1,0,0,1,0,2,2008,7,2009,0,0,0,0,0,3,4,65,1,1,2,1,0,0,1,10,1,1,4,98,0,0
39,390437,1,1,2,26,6,3,37,34,0,1,0,39,2,20,36,20036,2,1996,2G1WW12M8T91,2,G,1,W,W,1,2,M,8,T,9,1,0,P,CHEV,MLS,CP,96,17,3306,,0,1075,,G,,0,0,000000000,00000000000,0,0,0,1,0,0,0,0,0,0,0,998,0,0,0,9,9,6,9,30,0,0,0,1,39,43223,1,1,0,0,2,0,63,120,1,4,0,0,3,1,2008,9,2009,0,0,0,0,0,1,4,45,1,1,2,1,0,0,1,13,1,1,5,1,1,1
39,390438,1,2,1,26,6,22,18,12,6,1,0,39,1,12,17,12017,4,2003,1FAFP53273G1,1,F,A,F,P,5,3,2,7,3,G,1,0,P,FORD,TSE,4D,3,17,3336,,0,1085,,F,,0,0,000000000,00000000000,0,0,0,1,0,0,0,0,0,0,0,998,0,1,5,12,12,6,2,12,0,0,0,1,39,43302,6,1,0,0,3,0,74,260,0,1,0,1,0,12,2007,12,2007,0,28,0,0,0,1,2,55,1,1,2,1,0,0,1,10,1,1,2,64,1,0
39,390438,2,2,2,26,6,22,18,12,6,1,0,39,1,30,40,30040,4,2003,3VWPE69M23M1,3,V,W,P,E,6,9,M,2,3,M,1,0,P,VOLK,JWE,4D,3,17,2963,,0,989,,G,,0,0,000000000,00000000000,0,0,0,1,0,0,0,0,0,0,0,998,0,0,0,10,10,6,2,12,0,0,0,1,39,43344,6,1,0,0,3,3,61,120,0,0,0,0,0,0,0,0,0,0,0,0,0,0,1,2,55,1,1,2,1,0,0,1,62,1,1,1,65,1,0
39,390439,1,2,1,26,6,20,3,12,6,1,0,39,1,48,34,48034,6,1993,4S3BJ6331P99,4,S,3,B,J,6,3,3,1,P,9,9,0,P,SUBA,LGL,SW,93,17,2895,,0,1016,,G,,0,0,000000000,00000000000,0,0,0,1,0,0,0,0,0,0,0,998,0,0,0,2,2,6,2,12,0,0,0,1,39,43147,6,1,0,0,3,3,66,185,0,0,0,0,0,0,0,0,0,0,0,0,0,0,1,4,45,1,1,2,2,3,3,11,15,1,1,1,68,1,0
39,390439,2,2,2,26,6,20,3,12,6,1,0,12,1,20,401,20401,14,2004,1GNDS13S7423,1,G,N,D,S,1,3,S,7,4,2,3,0,P,CHEV,TRL,UT,4,17,4425,,0,1130,,G,,0,0,000000000,00000000000,0,0,0,1,0,0,0,0,0,0,0,998,0,0,0,12,12,6,2,12,0,0,0,1,12,43147,6,1,0,0,3,0,69,999,0,0,0,0,0,0,0,0,0,0,39,0,0,0,1,4,45,1,1,2,2,3,3,1,17,1,1,2,69,0,0
39,390440,1,2,1,28,6,23,28,12,6,1,0,39,1,2,404,2404,14,2001,1J4FF48S71L5,1,J,4,F,F,4,8,S,7,1,L,5,0,T,JEEP,SPT,4W,1,17,,1,0,1014,CHK,G,,0,0,000000000,00000000000,0,0,0,1,0,0,0,0,0,0,0,55,0,1,5,12,12,6,2,12,0,0,0,1,39,44691,6,1,0,0,3,3,67,195,1,0,0,0,1,7,2009,4,2010,0,39,0,0,0,1,3,55,1,1,2,1,20,3,1,17,1,1,2,88,0,0
39,390440,2,2,3,28,6,23,28,12,6,1,0,39,2,7,25,7025,5,2008,1B3HB28B48D5,1,B,3,H,B,2,8,B,4,8,D,5,0,P,DODG,CLB,4D,8,17,2966,,0,1037,,G,,0,0,000000000,00000000000,0,0,0,1,0,0,0,0,0,0,0,998,0,0,0,9,9,6,2,12,0,0,0,1,39,44287,6,1,0,0,3,0,66,160,0,1,0,1,0,12,2007,1,2008,0,0,0,0,0,1,3,35,1,1,2,1,0,0,1,17,1,1,1,89,1,0
39,390441,1,1,1,30,6,11,57,53,0,1,0,39,1,12,471,12471,30,1993,1FTCR11U8PUA,1,F,T,C,R,1,1,U,8,P,U,A,0,T,FORD,RNG,PK,93,17,,1,1139,1079,RNG,G,,0,0,000000000,00000000000,0,0,0,1,0,0,0,0,0,0,0,998,0,1,5,99,99,6,2,1,0,0,0,1,39,43102,6,1,0,0,3,3,59,110,0,0,0,1,0,10,2009,10,2009,0,36,0,0,0,1,2,55,1,1,2,1,0,0,1,13,7,4,5,2,1,0
39,390442,1,1,4,2,7,18,50,34,0,1,0,39,2,22,2,22002,4,1998,1G2HZ5213WH2,1,G,2,H,Z,5,2,1,3,W,H,2,0,P,PONT,BSI,4D,98,17,3625,,0,1108,,G,,0,0,000000000,00000000000,0,0,0,1,0,0,0,0,0,0,0,60,0,0,0,9,9,6,2,30,0,0,0,1,39,43316,6,1,0,0,3,3,70,230,0,0,0,0,0,0,0,0,0,1,36,0,0,0,1,2,55,1,1,2,1,0,0,1,13,1,1,5,1,1,0
39,390443,1,2,2,3,6,12,9,12,6,1,0,39,2,20,471,20471,30,1999,1GCCS1441XK1,1,G,C,C,S,1,4,4,1,X,K,1,0,T,CHEV,S14,PK,99,17,,1,1179,1083,S,G,,0,0,000000000,00000000000,0,0,0,1,0,0,0,0,0,0,0,40,0,0,0,12,1,4,3,12,0,0,0,1,39,43204,0,0,0,0,0,0,999,999,0,0,0,0,0,0,0,0,0,0,39,0,0,0,1,2,45,1,1,2,1,3,3,1,17,1,1,1,88,0,0
39,390443,2,2,2,3,6,12,9,12,6,1,0,39,1,48,45,48045,9,2007,999999999999,9,9,9,9,9,9,9,9,9,9,9,9,0,U,,,,9,17,,,,,,,,0,0,000000000,00000000000,0,0,0,1,0,0,0,0,0,0,0,50,0,1,5,9,13,4,3,43,0,0,0,1,39,43035,6,1,0,0,3,0,63,120,0,0,0,0,0,0,0,0,0,0,0,0,0,0,1,2,45,1,1,2,1,3,3,1,66,1,1,1,89,1,0
39,390444,1,2,4,16,6,17,42,12,6,1,0,39,2,12,17,12017,4,1999,1FAFP53S6XG2,1,F,A,F,P,5,3,S,6,X,G,2,0,P,FORD,SCS,4D,99,17,3353,,0,1085,,G,,0,0,000000000,00000000000,0,0,0,1,0,0,0,0,0,0,0,998,0,0,0,9,9,6,9,12,0,0,0,1,39,43343,6,1,0,0,3,0,72,195,0,0,0,0,0,0,0,0,0,0,38,0,0,0,1,2,55,1,1,2,1,20,3,4,17,1,1,1,89,1,0
39,390444,2,2,2,16,6,17,42,12,6,1,0,39,2,24,1,24001,4,1997,1G8ZJ5270VZ3,1,G,8,Z,J,5,2,7,0,V,Z,3,0,P,STRN,SL2,4D,97,17,2333,,0,1024,,G,,0,0,000000000,00000000000,0,0,0,1,0,0,0,0,0,0,0,60,0,0,0,12,12,6,9,12,0,0,0,1,39,43345,6,1,0,0,3,0,60,125,0,0,0,0,0,0,0,0,0,0,0,0,0,0,1,2,55,1,1,2,1,0,0,1,66,1,1,1,88,0,0
39,390445,1,1,1,26,6,20,16,32,0,1,0,39,2,2,404,2404,14,1993,1J4FJ68S9PL6,1,J,4,F,J,6,8,S,9,P,L,6,0,T,JEEP,SPT,4W,93,17,,1,0,1014,CHK,G,,0,0,000000000,00000000000,0,0,0,1,0,0,0,0,0,0,0,998,0,1,5,12,13,6,2,1,0,0,0,1,39,43050,1,1,0,0,2,0,73,184,1,7,1,0,1,7,2007,12,2009,0,0,0,0,0,1,2,55,1,1,2,1,0,0,1,13,1,1,4,1,1,1
39,390446,1,1,1,28,6,14,28,42,0,1,0,39,1,24,7,24007,4,2004,1G8AM12F44Z1,1,G,8,A,M,1,2,F,4,4,Z,1,0,P,STRN,SI2,C4,4,17,2775,,0,1032,,G,,0,0,000000000,00000000000,0,0,0,1,0,0,0,0,0,0,0,998,0,0,0,1,13,6,2,42,0,0,0,1,39,44615,6,1,0,0,3,3,67,190,1,0,0,0,1,11,2008,12,2008,0,58,0,0,0,1,2,55,1,2,2,1,0,0,1,12,6,4,4,7,1,1
39,390447,1,1,2,3,7,20,0,42,0,1,0,39,2,41,45,41045,1,1994,JM1NA3537R05,J,M,1,N,A,3,5,3,7,R,0,5,0,P,MAZD,MIA,CV,94,17,2293,,0,892,,G,,0,0,000000000,00000000000,0,0,0,1,0,0,0,0,0,0,0,998,0,1,5,11,13,6,2,1,0,0,0,1,39,43316,6,1,0,0,3,3,67,125,0,0,0,0,0,0,0,0,0,1,0,0,0,0,1,2,55,1,1,2,1,0,0,1,12,1,1,4,6,1,0
39,390448,1,1,1,12,7,6,28,42,0,1,0,39,1,24,7,24007,4,2003,1G8AL52FX3Z1,1,G,8,A,L,5,2,F,X,3,Z,1,0,P,STRN,SI3,4D,3,17,2802,,0,1032,,G,,0,0,000000000,00000000000,0,0,0,1,0,0,0,0,0,0,0,998,0,0,0,12,12,6,9,42,0,0,0,1,39,44312,6,1,0,0,3,3,65,170,0,0,0,0,0,0,0,0,0,0,0,0,0,0,1,2,45,1,2,2,1,0,0,1,13,1,1,4,1,1,0
39,390449,1,1,1,14,7,3,15,8,0,1,0,39,1,12,442,12442,20,1998,2FMDA5140WBA,2,F,M,D,A,5,1,4,0,W,B,A,0,T,FORD,WWG,ES,98,17,,1,0,1207,WIN,G,,0,0,000000000,00000000000,0,0,0,1,0,0,0,0,0,0,0,65,0,0,0,12,12,0,3,8,0,0,0,1,4,43015,6,1,0,0,3,0,69,195,0,0,0,0,0,0,0,0,0,0,0,0,0,0,3,6,65,1,1,2,1,0,0,1,80,1,1,1,13,0,0
39,390450,1,1,2,17,7,17,43,35,0,1,0,39,2,72,709,72709,80,1977,2F11619H7,2,F,1,1,6,1,9,H,7,,,,0,P,,,,,,,,,,,,,0,0,000000000,00000000000,0,0,0,1,0,0,0,0,0,0,0,998,0,0,0,12,12,6,2,35,0,0,0,1,39,44270,1,1,0,0,2,0,70,155,0,3,1,0,0,2,2010,4,2010,1,0,0,0,0,1,2,35,2,1,2,1,0,0,14,12,1,1,4,6,1,1
39,390451,1,1,2,17,7,5,25,34,0,1,0,39,2,21,3,21003,4,1997,1G3HC52K6V48,1,G,3,H,C,5,2,K,6,V,4,8,0,P,OLDS,REG,4D,97,17,3813,,0,1108,,G,,0,0,000000000,00000000000,0,0,0,1,0,0,0,0,0,0,0,998,0,2,5,11,13,6,2,2,0,0,1,1,39,44833,6,1,0,0,3,3,65,125,1,3,1,0,1,8,2007,12,2007,0,0,0,0,0,1,2,55,3,1,2,1,0,0,14,13,1,1,4,1,1,1