STATE,ST_CASE,VEH_NO,VE_FORMS,NUMOCCS,DAY,MONTH,HOUR,MINUTE,HARM_EV,MAN_COLL,UNITTYPE,HIT_RUN,REG_STAT,OWNER,MAKE,MODEL,MAK_MOD,BODY_TYP,MOD_YEAR,VIN,VIN_1,VIN_2,VIN_3,VIN_4,VIN_5,VIN_6,VIN_7,VIN_8,VIN_9,VIN_10,VIN_11,VIN_12,TOW_VEH,VINTYPE,VINMAKE,VINA_MOD,VIN_BT,VINMODYR,VIN_LNGT,VIN_WGT,WGTCD_TR,WHLBS_LG,WHLBS_SH,SER_TR,FUELCODE,MCYCL_DS,J_KNIFE,MCARR_I1,MCARR_I2,MCARR_ID,GVWR,V_CONFIG,CARGO_BT,HAZ_INV,HAZ_PLAC,HAZ_ID,HAZ_CNO,HAZ_REL,BUS_USE,SPEC_USE,EMER_USE,TRAV_SP,UNDERIDE,ROLLOVER,ROLINLOC,IMPACT1,IMPACT2,DEFORMED,TOWED,M_HARM,VEH_SC1,VEH_SC2,FIRE_EXP,DR_PRES,L_STATE,DR_ZIP,L_STATUS,L_TYPE,CDL_STAT,L_ENDORS,L_COMPL,L_RESTRI,DR_HGT,DR_WGT,PREV_ACC,PREV_SUS,PREV_DWI,PREV_SPD,PREV_OTH,FIRST_MO,FIRST_YR,LAST_MO,LAST_YR,SPEEDREL,DR_SF1,DR_SF2,DR_SF3,DR_SF4,VTRAFWAY,VNUM_LAN,VSPD_LIM,VALIGN,VPROFILE,VPAVETYP,VSURCOND,VTRAFCON,VTCONT_F,P_CRASH1,P_CRASH2,P_CRASH3,PCRASH4,PCRASH5,ACC_TYPE,DEATHS,DR_DRINK
39,390452,1,1,1,18,7,10,15,24,0,1,0,39,1,53,706,53706,80,2009,JS1GX72A0921,J,S,1,G,X,7,2,A,0,9,2,1,0,M,SUZI,GXR,RC,9,17,,,,,,,1340,0,0,000000000,00000000000,0,0,0,1,0,0,0,0,0,0,0,45,0,0,0,12,13,6,2,31,0,0,0,1,39,45459,6,1,6,0,3,0,69,230,0,0,0,0,0,0,0,0,0,1,0,0,0,0,2,4,45,3,2,2,1,0,0,14,13,1,1,4,1,1,0
39,390453,1,1,3,3,7,23,35,34,0,1,0,39,2,22,18,22018,4,1999,1G2NE52E9XM7,1,G,2,N,E,5,2,E,9,X,M,7,0,P,PONT,GAS,4D,99,17,3102,,0,1071,,G,,0,0,000000000,00000000000,0,0,0,1,0,0,0,0,0,0,0,72,0,1,6,10,10,6,2,1,0,0,0,1,39,43713,6,1,0,0,3,0,69,160,0,0,0,0,0,0,0,0,0,0,36,0,0,0,1,2,55,4,1,2,1,40,3,6,8,1,1,5,6,2,1
39,390454,1,1,1,3,7,2,18,1,0,1,0,39,1,72,706,72706,80,1993,1HD1DJL1XPY5,1,H,D,1,D,J,L,1,X,P,Y,5,0,M,HD,FHC,RS,93,17,,,,,,,1340,0,0,000000000,00000000000,0,0,0,1,0,0,0,0,0,0,0,998,0,0,0,0,9,4,3,1,0,0,0,1,39,44444,6,1,0,0,3,3,71,185,0,2,1,0,0,10,2008,12,2008,0,51,0,0,0,1,2,55,1,1,2,1,0,0,1,12,1,1,5,6,1,1
39,390455,1,1,1,5,7,3,47,35,0,1,0,39,2,2,404,2404,14,1997,1J4GZ78YXVC5,1,J,4,G,Z,7,8,Y,X,V,C,5,0,T,JEEP,L/O,4W,97,17,,1,0,1059,GCK,G,,0,0,000000000,00000000000,0,0,0,1,0,0,0,0,0,0,0,998,0,0,0,12,12,6,2,35,0,0,0,1,54,25248,2,1,0,0,2,0,999,999,0,2,0,0,0,7,2009,9,2009,0,36,0,0,0,1,2,45,4,2,2,1,0,0,14,8,1,1,5,6,1,1
39,390456,1,2,1,6,7,11,31,12,2,1,0,39,3,12,442,12442,20,2003,2FMZA52413BB,2,F,M,Z,A,5,2,4,1,3,B,B,0,T,FORD,WSE,ES,3,17,,1,0,1207,WIN,G,,0,0,000000000,00000000000,0,0,0,1,0,0,0,0,0,0,0,15,0,0,0,12,12,6,2,12,0,0,0,1,39,43318,6,1,0,0,3,0,59,160,0,0,0,0,0,0,0,0,0,0,38,0,0,0,2,4,40,1,1,2,1,0,0,11,15,1,1,2,82,1,0
39,390456,2,2,2,6,7,11,31,12,2,1,0,39,1,53,404,53404,14,2007,JS3TD9418742,J,S,3,T,D,9,4,1,8,7,4,2,0,P,SUZI,GVT,UT,7,17,3582,,0,1039,,G,,0,0,000000000,00000000000,0,0,0,1,0,0,0,0,0,0,0,25,0,0,0,12,12,6,2,12,0,0,0,1,39,43619,6,1,0,0,3,0,65,140,0,0,0,0,0,0,0,0,0,0,0,0,0,0,2,4,40,1,1,2,1,0,0,1,17,1,1,1,83,0,0
39,390457,1,1,1,8,7,12,30,34,0,1,0,39,1,37,32,37032,4,2000,1HGCG165XYA0,1,H,G,C,G,1,6,5,X,Y,A,0,0,P,HOND,UEX,4D,0,17,3285,,0,1069,,G,,0,0,000000000,00000000000,0,0,0,1,0,0,0,0,0,0,0,60,0,1,5,10,10,6,2,1,0,0,0,1,39,45231,6,1,0,0,3,0,71,207,1,3,0,3,2,8,2008,3,2010,0,36,0,0,0,3,4,60,1,2,2,1,0,0,1,8,6,2,5,7,1,0
39,390458,1,1,1,14,5,20,21,25,0,1,0,39,1,72,706,72706,80,2007,1HD1PR81X7Y9,1,H,D,1,P,R,8,1,X,7,Y,9,0,M,HD,FL5,RS,7,17,,,,,,,1800,0,0,000000000,00000000000,0,0,0,1,0,0,0,0,0,0,0,67,0,0,0,12,12,6,2,1,0,0,0,1,39,44312,6,1,6,0,3,0,72,240,0,0,0,1,0,2,2008,2,2008,1,0,0,0,0,3,4,50,2,6,2,1,0,0,14,12,1,1,4,6,1,0
39,390459,1,1,1,9,6,15,30,8,0,1,0,39,1,12,22,12022,6,2005,1FMZK03105GA,1,F,M,Z,K,0,3,1,0,5,G,A,0,P,FORD,FSL,UT,5,17,3959,,0,1129,,G,,0,0,000000000,00000000000,0,0,0,1,0,0,0,0,0,0,0,40,0,0,0,12,12,4,3,8,0,0,0,1,39,43528,6,1,0,0,3,3,70,165,0,0,0,0,0,0,0,0,0,0,0,0,0,0,1,4,45,1,1,2,1,0,0,1,80,1,1,1,13,0,0
39,390460,1,1,1,13,6,17,18,21,0,1,0,39,1,49,40,49040,4,1998,4T1BF22K5WU0,4,T,1,B,F,2,2,K,5,W,U,0,0,P,TOYT,CXL,4D,98,17,3086,,0,1051,,G,,0,0,000000000,00000000000,0,0,0,1,0,0,0,0,0,0,0,55,0,0,0,11,13,6,2,2,0,0,1,1,39,44139,6,1,0,0,3,0,67,160,1,0,0,1,0,2,2008,11,2008,1,0,0,0,0,1,4,35,1,1,2,1,0,0,1,12,1,1,4,6,1,0
39,390461,1,1,1,26,6,5,2,33,0,1,0,39,1,6,41,6041,4,1999,2C3HD46J0XH5,2,C,3,H,D,4,6,J,0,X,H,5,0,P,CHRY,CIX,4D,99,17,3474,,0,1130,,G,,0,0,000000000,00000000000,0,0,0,1,0,0,0,0,0,0,0,998,0,0,0,12,11,6,2,43,0,0,0,1,39,45420,6,1,0,0,3,0,71,215,1,0,0,2,3,11,2007,5,2010,0,0,0,0,0,1,4,35,1,1,1,1,3,3,11,12,1,1,4,6,1,1
39,390462,1,3,1,29,6,15,35,12,1,1,0,39,1,37,705,37705,80,2007,JH2PC40047M0,J,H,2,P,C,4,0,0,4,7,M,0,0,M,HOND,B60,RS,7,17,,,,,,,599,0,0,000000000,00000000000,0,0,0,1,0,0,0,0,0,0,0,80,0,0,0,12,12,6,2,12,0,0,0,1,39,44889,6,1,0,0,3,0,66,175,0,0,0,1,1,5,2008,3,2010,1,36,0,0,0,6,1,60,2,2,2,1,0,0,14,6,1,1,1,24,1,0
39,390462,2,3,1,29,6,15,35,12,1,1,0,39,1,37,31,37031,2,2010,2HGFG1B64AH5,2,H,G,F,G,1,B,6,4,A,H,5,0,P,HOND,UCL,CP,10,17,2721,,0,1043,,G,,0,0,000000000,00000000000,0,0,0,1,0,0,0,0,0,0,0,2,0,0,0,6,6,6,2,12,0,0,0,1,39,44114,6,1,0,0,3,0,71,185,0,0,0,0,1,1,2009,1,2009,0,0,0,0,0,6,1,60,2,2,2,1,0,0,2,53,1,1,1,25,0,0
39,390462,3,3,1,29,6,15,35,12,1,1,0,39,2,23,401,23401,14,2002,1GKDT13S2223,1,G,K,D,T,1,3,S,2,2,2,3,0,T,GMC,ENV,4W,2,17,,1,0,1130,ENV,G,,0,0,000000000,00000000000,0,0,0,1,0,0,0,0,0,0,0,2,0,0,0,5,5,4,3,12,0,0,0,1,39,44131,6,1,0,0,3,3,73,225,0,0,0,0,0,0,0,0,0,0,0,0,0,0,6,1,60,2,2,2,1,0,0,2,53,1,1,1,98,0,0
39,390463,1,1,1,11,7,15,38,1,0,1,0,39,1,98,706,98706,80,1999,4MZSS11JXX32,4,M,Z,S,S,1,1,J,X,X,3,2,0,U,,,,99,17,,,,,,,,0,0,000000000,00000000000,0,0,0,1,0,0,0,0,0,0,0,998,0,0,0,0,0,6,2,1,0,0,0,1,39,43228,6,1,0,0,3,0,66,160,0,2,0,0,1,10,2009,3,2010,0,0,0,0,0,1,2,55,3,6,2,1,0,0,14,9,1,1,1,98,1,0
39,390464,1,2,1,18,7,13,5,12,1,1,0,39,1,37,402,37402,14,2001,JHLRD18401C0,J,H,L,R,D,1,8,4,0,1,C,0,0,P,HOND,CRV,UT,1,17,3236,,0,1032,,G,,0,0,000000000,00000000000,0,0,0,1,0,0,0,0,0,0,0,0,0,0,0,6,5,2,9,12,0,0,0,1,39,44039,6,1,0,0,3,0,64,145,0,0,0,0,0,0,0,0,0,0,0,0,0,0,1,2,45,1,1,2,1,0,0,5,53,1,1,1,21,0,0
39,390464,2,2,2,18,7,13,5,12,1,1,0,39,1,72,706,72706,80,2010,1HD1KB415AB6,1,H,D,1,K,B,4,1,5,A,B,6,0,M,HD,FHX,RS,10,17,,,,,,,1584,0,0,000000000,00000000000,0,0,0,1,0,0,0,0,0,0,0,45,0,0,0,12,12,6,2,12,0,0,0,1,39,44256,6,1,0,0,3,0,71,190,0,0,0,0,0,0,0,0,0,1,26,0,0,0,1,2,45,1,1,2,1,0,0,1,6,1,1,1,20,1,0
39,390465,1,2,1,21,7,14,31,7,0,1,0,39,1,7,18,7018,4,1992,1B3XC4639ND8,1,B,3,X,C,4,6,3,9,N,D,8,0,P,DODG,DYN,4D,92,17,2893,,0,1045,,G,,0,0,000000000,00000000000,0,0,0,1,0,0,0,0,0,0,0,10,0,0,0,0,0,0,1,7,0,0,0,1,39,45341,6,1,6,0,3,0,66,150,0,0,0,1,0,9,2007,9,2007,0,38,0,0,0,1,2,55,1,1,2,1,0,0,11,15,1,1,1,0,0,0
39,390465,2,2,1,21,7,14,31,7,0,1,0,39,1,72,706,72706,80,2007,1HD1FY4107Y6,1,H,D,1,F,Y,4,1,0,7,Y,6,0,M,HD,HRS,RS,7,17,,,,,,,1584,0,0,000000000,00000000000,0,0,0,1,0,0,0,0,0,0,0,998,0,0,0,14,14,2,3,43,0,0,0,1,39,45344,6,1,0,0,3,0,72,270,0,0,0,0,0,0,0,0,0,0,84,0,0,0,1,2,55,1,1,2,1,0,0,1,62,8,1,1,98,1,0
39,390466,1,1,4,25,7,2,45,42,0,1,0,39,1,51,42,51042,4,1997,YV1LS572XV13,Y,V,1,L,S,5,7,2,X,V,1,3,0,P,VOLV,8/T,4D,97,17,3272,,0,1049,,G,,0,0,000000000,00000000000,0,0,0,1,0,0,0,0,0,0,0,998,0,0,0,1,1,6,2,35,0,0,0,1,39,44905,6,1,0,0,3,0,65,145,0,0,0,2,1,8,2007,10,2007,1,0,0,0,0,1,2,45,3,2,2,1,0,0,14,13,1,1,4,1,1,1
39,390467,1,2,2,4,6,1,6,30,0,1,0,39,1,7,42,7042,2,1995,4B3AU52N7SE1,4,B,3,A,U,5,2,N,7,S,E,1,0,P,DODG,AES,2P,95,17,2994,,0,1037,,G,,0,0,000000000,00000000000,0,0,0,1,0,0,0,0,0,0,0,998,0,0,0,9,9,6,2,30,0,0,0,1,39,44512,6,1,0,0,3,0,62,135,0,0,0,0,0,0,0,0,0,1,28,0,0,0,1,2,35,4,2,2,1,0,0,14,6,1,1,4,98,1,1
39,390467,2,2,1,4,6,1,6,30,0,1,0,39,1,37,31,37031,2,2001,1HGCG32791A0,1,H,G,C,G,3,2,7,9,1,A,0,0,P,HOND,UEX,CP,1,17,3014,,0,1051,,G,,0,0,000000000,00000000000,0,0,0,1,0,0,0,0,0,0,0,998,0,0,0,11,11,6,2,40,0,0,0,1,39,44425,6,1,0,0,3,0,68,165,0,0,0,0,0,0,0,0,0,1,28,0,0,0,1,2,35,4,2,2,1,0,0,14,6,1,1,4,98,0,1
39,390468,1,2,1,29,5,13,10,12,6,1,0,39,1,7,442,7442,20,2003,1D4GP24343B2,1,D,4,G,P,2,4,3,4,3,B,2,0,P,DODG,CAR,SV,3,17,3877,,0,1193,,F,,0,0,000000000,00000000000,0,0,0,1,0,0,0,0,0,0,0,998,0,0,0,12,12,6,2,12,0,0,0,1,39,43223,6,1,0,0,3,0,67,150,0,0,0,0,3,3,2008,10,2009,0,0,0,0,0,1,2,45,4,1,2,1,0,0,11,17,1,1,1,68,0,0
39,390468,2,2,4,29,5,13,10,12,6,1,0,39,2,49,44,49044,2,1999,2T1CF28P3XC1,2,T,1,C,F,2,8,P,3,X,C,1,0,P,TOYT,CEE,CP,99,17,3230,,0,1051,,G,,0,0,000000000,00000000000,0,0,0,1,0,0,0,0,0,0,0,998,0,0,0,3,3,6,2,12,0,0,0,1,39,43228,6,1,0,0,3,0,65,120,1,0,0,1,1,3,2008,4,2008,0,39,0,0,0,1,2,45,4,1,2,1,20,3,14,17,1,1,2,69,1,0
39,390469,1,1,1,6,6,2,57,8,0,1,1,99,9,99,399,99399,9,9999,999999999999,9,9,9,9,9,9,9,9,9,9,9,9,0,U,,,,9,17,,,,,,,,0,0,000000000,00000000000,0,0,0,1,0,0,0,0,0,0,0,999,0,0,0,99,99,9,1,8,0,0,0,1,99,99999,9,9,99,9,9,9,999,999,99,99,99,99,99,99,9999,99,9999,9,0,0,0,0,1,2,35,1,1,2,2,0,0,1,17,1,1,3,13,0,0
39,390470,1,2,1,10,6,9,59,12,7,1,0,39,1,98,706,98706,80,2008,999999999999,9,9,9,9,9,9,9,9,9,9,9,9,0,U,,,,9,17,,,,,,,,0,0,000000000,00000000000,0,0,0,1,0,0,0,0,0,0,0,25,0,0,0,8,5,6,2,12,0,0,0,1,39,45236,6,1,0,0,3,3,63,190,0,0,0,1,0,12,2007,12,2007,0,0,0,0,0,1,4,40,1,1,2,1,0,0,1,61,1,1,1,44,1,0
39,390470,2,2,1,10,6,9,59,12,7,1,0,39,2,20,22,20022,4,2008,1G1AK58FX872,1,G,1,A,K,5,8,F,X,8,7,2,0,P,CHEV,BLS,4D,8,17,3216,,0,1033,,G,,0,0,000000000,00000000000,0,0,0,1,0,0,0,0,0,0,0,5,0,0,0,10,11,6,2,12,0,0,0,1,39,45236,6,1,0,0,3,0,67,131,0,0,0,0,0,0,0,0,0,0,91,0,0,0,1,4,40,1,1,2,1,0,0,1,11,1,1,2,45,0,0
39,390471,1,2,1,16,6,14,33,12,8,1,0,39,1,20,20,20020,2,1991,2G1WL14T2M92,2,G,1,W,L,1,4,T,2,M,9,2,0,P,CHEV,LUM,CP,91,17,2957,,0,1075,,G,,0,0,000000000,00000000000,0,0,0,1,0,0,0,0,0,0,0,998,0,0,0,10,10,6,2,12,0,0,0,1,39,43416,6,1,0,0,3,0,70,135,0,0,0,0,0,0,0,0,0,0,28,0,0,0,1,2,55,1,1,2,1,0,0,1,10,1,1,2,64,1,0
39,390471,2,2,1,16,6,14,33,12,8,1,0,39,1,20,461,20461,21,2002,1GCHG39R8211,1,G,C,H,G,3,9,R,8,2,1,1,0,T,CHEV,E35,EC,2,17,,2,0,1550,EXP,G,,0,0,000000000,00000000000,0,0,0,1,0,0,0,0,0,0,0,998,0,0,0,10,10,6,2,12,0,0,0,1,39,43420,6,1,0,0,3,0,68,200,0,0,0,0,0,0,0,0,0,0,0,0,0,0,1,2,55,1,1,2,1,0,0,1,62,1,1,1,65,0,0
39,390472,1,1,1,19,6,19,32,8,0,1,0,39,1,12,471,12471,30,2003,1FTYR10U73TA,1,F,T,Y,R,1,0,U,7,3,T,A,0,T,FORD,RNG,PK,3,17,,1,1175,1116,RNG,G,,0,0,000000000,00000000000,0,0,0,1,0,0,0,0,0,0,0,998,0,0,0,2,2,2,3,8,0,0,0,1,39,45005,1,1,0,0,2,0,71,160,2,0,0,0,1,9,2007,1,2010,0,36,86,91,0,3,4,50,4,2,2,1,0,0,14,13,6,1,5,13,0,1
39,390473,1,2,1,22,6,10,45,12,6,1,0,39,1,20,22,20022,4,2007,1G1AK55F3773,1,G,1,A,K,5,5,F,3,7,7,3,0,P,CHEV,BLS,4D,7,17,3216,,0,1033,,G,,0,0,000000000,00000000000,0,0,0,1,0,0,0,0,0,0,0,51,0,0,0,3,3,6,2,12,0,0,0,1,39,45344,6,1,0,0,3,3,71,135,0,0,0,0,0,0,0,0,0,1,28,36,0,0,1,2,50,1,2,2,2,0,0,1,10,1,1,2,64,1,0
39,390473,2,2,2,22,6,10,45,12,6,1,0,39,1,23,401,23401,14,2002,999999999999,9,9,9,9,9,9,9,9,9,9,9,9,0,U,,,,9,17,,,,,,,,0,0,000000000,00000000000,0,0,0,1,0,0,0,0,0,0,0,44,0,0,0,12,12,6,2,12,0,0,0,1,39,45344,6,1,0,0,3,0,64,155,0,0,0,0,0,0,0,0,0,0,0,0,0,0,1,2,50,1,2,2,2,0,0,1,62,1,1,1,65,0,0
39,390474,1,2,1,25,6,19,33,12,6,1,0,39,1,20,36,20036,2,1997,2G1WW12M8V91,2,G,1,W,W,1,2,M,8,V,9,1,0,P,CHEV,MLS,CP,97,17,3320,,0,1075,,G,,0,0,000000000,00000000000,0,0,0,1,0,0,0,0,0,0,0,15,0,0,0,9,9,6,2,12,0,0,0,1,39,44705,6,1,0,0,3,0,62,140,0,0,0,0,0,0,0,0,0,0,38,91,0,0,1,2,25,1,1,2,1,20,3,1,17,1,1,2,89,0,0
39,390474,2,2,1,25,6,19,33,12,6,1,0,92,0,76,709,76709,80,2000,999999999999,9,9,9,9,9,9,9,9,9,9,9,9,0,U,,,,9,17,,,,,,,,0,0,000000000,00000000000,0,0,0,1,0,0,0,0,0,0,0,39,0,0,0,12,10,6,2,12,0,0,0,1,39,44646,6,1,0,0,3,0,68,155,0,5,1,2,2,1,2009,5,2010,1,0,0,0,0,1,2,25,1,1,2,1,0,0,1,17,1,1,1,88,1,0
39,390475,1,1,1,1,7,13,1,34,0,1,0,39,1,20,37,20037,4,2003,1G1ND52J53M5,1,G,1,N,D,5,2,J,5,3,M,5,0,P,CHEV,MAL,4D,3,17,3106,,0,1070,,G,,0,0,000000000,00000000000,0,0,0,1,0,0,0,0,0,0,0,998,0,1,5,3,3,6,2,1,0,0,0,1,39,44035,6,1,0,0,3,0,66,230,1,0,0,0,1,1,2008,2,2008,0,51,0,0,0,1,2,45,1,1,2,1,0,0,1,13,1,1,5,1,1,0
39,390476,1,2,1,4,7,21,55,12,1,1,0,39,1,72,706,72706,80,2003,1HD1GHV183K3,1,H,D,1,G,H,V,1,8,3,K,3,0,M,HD,FDX,RS,3,17,,,,,,,1450,0,0,000000000,00000000000,0,0,0,1,0,0,0,0,0,0,0,998,0,0,0,12,12,6,2,12,0,0,0,1,39,43452,6,1,0,0,3,3,71,185,0,0,0,0,0,0,0,0,0,0,26,0,0,0,3,4,65,1,2,2,1,0,0,1,18,1,1,1,24,1,1
39,390476,2,2,3,4,7,21,55,12,1,1,0,47,1,2,404,2404,14,1996,999999999999,9,9,9,9,9,9,9,9,9,9,9,9,0,U,,,,9,17,,,,,,,,0,0,000000000,00000000000,0,0,0,1,0,0,0,0,0,0,0,55,0,0,0,6,6,4,3,12,0,0,0,1,47,37617,6,1,0,0,3,0,73,198,0,0,0,0,0,0,0,0,0,0,0,0,0,0,3,4,65,1,2,2,1,0,0,1,53,1,1,1,25,0,0
39,390477,1,1,1,5,7,13,34,9,0,1,0,39,1,6,52,6052,6,2002,3C8FY68B32T3,3,C,8,F,Y,6,8,B,3,2,T,3,0,P,CHRY,PTC,SV,2,17,3119,,0,1033,,G,,0,0,000000000,00000000000,0,0,0,1,0,0,0,0,0,0,0,25,0,0,0,2,2,4,1,9,0,0,0,1,39,44212,6,1,0,0,3,0,70,200,0,0,0,0,1,5,2010,5,2010,1,26,0,0,0,1,2,25,1,1,2,1,0,0,1,83,1,1,1,13,0,0
39,390478,1,2,1,27,7,16,41,12,7,1,0,39,1,72,706,72706,80,1999,1HD1GHV10XY3,1,H,D,1,G,H,V,1,0,X,Y,3,0,M,HD,FDX,RS,99,17,,,,,,,1450,0,0,000000000,00000000000,0,0,0,1,0,0,0,0,0,0,0,40,0,0,0,9,9,6,2,30,0,0,0,1,39,45365,6,1,0,0,3,0,66,225,0,0,0,0,0,0,0,0,0,0,26,0,0,0,1,2,50,1,1,2,1,0,0,1,17,1,1,2,45,1,0
39,390478,2,2,1,27,7,16,41,12,7,1,0,39,2,18,7,18007,4,2003,2G4WS52J4311,2,G,4,W,S,5,2,J,4,3,1,1,0,P,BUIC,CCU,4D,3,17,3368,,0,1090,,G,,0,0,000000000,00000000000,0,0,0,1,0,0,0,0,0,0,0,0,0,0,0,4,4,6,9,12,0,0,0,1,39,45365,6,1,0,0,3,3,70,225,0,0,0,1,0,5,2009,5,2009,0,0,0,0,0,1,2,50,1,1,2,1,0,0,5,17,1,1,1,44,0,0
39,390479,1,1,1,7,7,14,5,34,0,1,0,39,1,2,403,2403,14,2010,1J4AA2D18AL2,1,J,4,A,A,2,D,1,8,A,L,2,0,T,JEEP,WRS,2W,10,17,,1,0,954,WRA,G,,0,0,000000000,00000000000,0,0,0,1,0,0,0,0,0,0,0,47,0,1,5,10,13,6,2,1,0,0,0,1,39,44272,6,1,0,0,3,0,67,158,0,0,0,0,0,0,0,0,0,1,51,0,0,0,1,2,45,1,1,2,1,0,0,1,12,1,1,5,6,1,1
39,390480,1,1,2,11,7,17,35,9,0,1,0,39,1,76,705,76705,80,2001,JYARJ04E51A0,J,Y,A,R,J,0,4,E,5,1,A,0,0,M,YAMA,R6L,RS,1,17,,,,,,,599,0,0,000000000,00000000000,0,0,0,1,0,0,0,0,0,0,0,25,0,0,0,2,0,6,2,9,0,0,0,1,39,43607,6,1,0,0,3,0,71,200,0,0,0,0,0,0,0,0,0,0,0,0,0,0,1,2,25,1,1,2,1,0,0,1,17,1,1,1,13,1,0
39,390481,1,1,1,14,7,1,29,8,0,1,1,99,9,20,421,20421,15,2000,1GNEK13T1YJ1,1,G,N,E,K,1,3,T,1,Y,J,1,0,P,CHEV,KTA,UT,0,17,5333,,0,1160,,G,,0,0,000000000,00000000000,0,0,0,1,0,0,0,0,0,0,0,64,0,0,0,99,99,0,1,8,0,0,0,1,39,43213,1,1,0,0,2,0,74,225,1,10,0,0,5,9,2007,9,2009,0,82,0,0,0,2,6,65,4,2,2,1,28,3,14,80,1,1,2,13,0,0
39,390482,1,2,1,15,7,19,58,12,2,1,0,39,2,37,705,37705,80,1982,JH2RC0116CM2,J,H,2,R,C,0,1,1,6,C,M,2,0,M,HOND,C7C,RS,82,17,,,,,,,750,0,0,000000000,00000000000,0,0,0,1,0,0,0,0,0,0,0,998,0,0,0,12,12,6,2,12,0,0,0,1,39,44805,1,1,0,0,2,0,67,180,0,1,0,0,0,10,2008,10,2008,0,28,0,0,0,1,2,55,2,2,2,1,0,0,14,10,3,1,2,50,1,1
39,390482,2,2,2,15,7,19,58,12,2,1,0,39,2,20,24,20024,6,2010,1GNLRGED1AS1,1,G,N,L,R,G,E,D,1,A,S,1,0,P,CHEV,TRV,UT,10,17,4790,,0,1189,,G,,0,0,000000000,00000000000,0,0,0,1,0,0,0,0,0,0,0,45,0,0,0,12,12,6,2,12,0,0,0,1,39,44627,6,1,0,0,3,0,66,122,2,0,0,0,0,10,2007,1,2010,0,0,0,0,0,1,2,55,4,2,2,1,0,0,14,62,3,1,1,51,0,0
39,390483,1,2,1,18,7,0,59,12,2,1,0,92,0,73,709,73709,80,1996,999999999999,9,9,9,9,9,9,9,9,9,9,9,9,0,U,,,,9,17,,,,,,,,0,0,000000000,00000000000,0,0,0,1,0,0,0,0,0,0,0,30,0,0,0,12,12,2,3,12,0,0,0,1,39,45150,6,1,0,0,3,0,70,165,0,1,0,1,4,3,2008,1,2010,0,24,26,0,0,1,2,45,4,2,9,1,0,0,14,10,1,1,3,50,0,1
39,390483,2,2,1,18,7,0,59,12,2,1,0,92,0,73,709,73709,80,1995,999999999999,9,9,9,9,9,9,9,9,9,9,9,9,0,U,,,,9,17,,,,,,,,0,0,000000000,00000000000,0,0,0,1,0,0,0,0,0,0,0,30,0,0,0,12,12,2,3,12,0,0,0,1,39,45245,6,1,0,0,3,0,72,145,0,0,0,2,1,9,2007,9,2008,0,24,26,0,0,1,2,45,4,2,9,1,0,0,14,62,1,1,3,51,1,1
39,390484,1,1,1,6,7,10,3,30,0,1,0,39,1,24,1,24001,4,1998,1G8ZK5276WZ2,1,G,8,Z,K,5,2,7,6,W,Z,2,0,P,STRN,SL2,4D,98,17,2422,,0,1024,,G,,0,0,000000000,00000000000,0,0,0,1,0,0,0,0,0,0,0,998,0,0,0,10,10,6,2,30,0,0,0,1,39,43623,6,1,0,0,3,3,60,136,0,0,0,0,0,0,0,0,0,0,0,0,0,0,1,2,55,1,1,2,1,0,0,1,13,6,1,4,1,1,0
39,390485,1,1,1,11,7,5,41,30,0,1,0,39,2,21,23,21023,4,2000,1G3WH52H7YF1,1,G,3,W,H,5,2,H,7,Y,F,1,0,P,OLDS,IGX,4D,0,17,3455,,0,1090,,G,,0,0,000000000,00000000000,0,0,0,1,0,0,0,0,0,0,0,998,0,0,0,10,10,6,2,30,0,0,0,1,39,43201,1,1,0,0,2,0,63,139,1,2,0,1,0,7,2009,11,2009,0,36,0,0,0,1,2,35,1,1,2,1,0,0,1,12,1,1,5,6,1,1
39,390486,1,1,4,22,6,16,39,25,0,1,0,39,2,49,50,49050,3,2007,JTKDE1770701,J,T,K,D,E,1,7,7,0,7,0,1,0,P,TOYT,SXC,2H,7,17,2905,,0,1063,,G,,0,0,000000000,00000000000,0,0,0,1,0,0,0,0,0,0,0,65,0,0,0,11,11,6,9,25,0,0,0,1,39,43231,0,0,0,0,0,0,999,999,0,0,0,0,0,0,0,0,0,0,0,0,0,0,3,4,65,1,1,2,1,0,0,1,12,1,1,4,6,1,0
39,390487,1,2,2,14,7,15,48,12,6,1,0,39,1,18,7,18007,4,1996,1G4AG554XT64,1,G,4,A,G,5,5,4,X,T,6,4,0,P,BUIC,CSL,4D,96,17,2951,,0,1049,,G,,0,0,000000000,00000000000,0,0,0,1,0,0,0,0,0,0,0,998,0,0,0,9,13,6,2,12,0,0,0,1,39,45661,6,1,0,0,3,0,62,155,0,0,0,0,0,0,0,0,0,0,38,0,0,0,2,4,55,1,1,2,1,20,3,11,15,1,1,1,82,2,0