STATE,ST_CASE,VEH_NO,VE_FORMS,NUMOCCS,DAY,MONTH,HOUR,MINUTE,HARM_EV,MAN_COLL,UNITTYPE,HIT_RUN,REG_STAT,OWNER,MAKE,MODEL,MAK_MOD,BODY_TYP,MOD_YEAR,VIN,VIN_1,VIN_2,VIN_3,VIN_4,VIN_5,VIN_6,VIN_7,VIN_8,VIN_9,VIN_10,VIN_11,VIN_12,TOW_VEH,VINTYPE,VINMAKE,VINA_MOD,VIN_BT,VINMODYR,VIN_LNGT,VIN_WGT,WGTCD_TR,WHLBS_LG,WHLBS_SH,SER_TR,FUELCODE,MCYCL_DS,J_KNIFE,MCARR_I1,MCARR_I2,MCARR_ID,GVWR,V_CONFIG,CARGO_BT,HAZ_INV,HAZ_PLAC,HAZ_ID,HAZ_CNO,HAZ_REL,BUS_USE,SPEC_USE,EMER_USE,TRAV_SP,UNDERIDE,ROLLOVER,ROLINLOC,IMPACT1,IMPACT2,DEFORMED,TOWED,M_HARM,VEH_SC1,VEH_SC2,FIRE_EXP,DR_PRES,L_STATE,DR_ZIP,L_STATUS,L_TYPE,CDL_STAT,L_ENDORS,L_COMPL,L_RESTRI,DR_HGT,DR_WGT,PREV_ACC,PREV_SUS,PREV_DWI,PREV_SPD,PREV_OTH,FIRST_MO,FIRST_YR,LAST_MO,LAST_YR,SPEEDREL,DR_SF1,DR_SF2,DR_SF3,DR_SF4,VTRAFWAY,VNUM_LAN,VSPD_LIM,VALIGN,VPROFILE,VPAVETYP,VSURCOND,VTRAFCON,VTCONT_F,P_CRASH1,P_CRASH2,P_CRASH3,PCRASH4,PCRASH5,ACC_TYPE,DEATHS,DR_DRINK
39,390487,2,2,1,14,7,15,48,12,6,1,0,39,3,84,881,84881,66,2000,2HSCEAMR9YC0,2,H,S,C,E,A,M,R,9,Y,C,0,1,T,INTL,92I,DS,0,17,,8,0,0,920,D,,1,57,1474348,571474348,3,6,4,1,0,0,0,0,0,0,0,55,0,0,0,12,11,6,2,12,0,0,0,1,39,45656,6,1,6,0,3,0,75,220,0,0,0,1,1,1,2008,5,2009,0,0,0,0,0,2,4,60,1,1,2,1,0,0,1,67,1,1,1,83,0,0
39,390488,1,2,1,16,7,23,0,12,1,1,0,39,2,23,481,23481,31,2004,1GTHK33G64F2,1,G,T,H,K,3,3,G,6,4,F,2,0,T,GMC,NK3,CW,4,17,,2,0,1670,SIE,G,,0,0,000000000,00000000000,0,0,0,1,0,0,0,0,0,8,1,70,0,0,0,12,12,6,2,42,0,0,0,1,39,43449,6,1,0,0,3,3,69,233,0,0,0,0,0,0,0,0,0,0,33,0,0,0,1,2,55,1,1,2,1,0,0,6,10,1,1,1,28,0,0
39,390488,2,2,2,16,7,23,0,12,1,1,0,39,2,41,35,41035,4,1999,JM1BJ2226X01,J,M,1,B,J,2,2,2,6,X,0,1,0,P,MAZD,PDL,4D,99,17,2449,,0,1028,,G,,0,0,000000000,00000000000,0,0,0,1,0,0,0,0,0,0,0,998,0,0,0,6,7,6,2,12,0,0,0,1,39,43469,6,1,0,0,3,0,63,115,0,0,0,1,0,5,2009,5,2009,0,38,0,0,0,1,2,55,1,1,2,1,0,0,11,61,1,1,1,30,1,0
39,390489,1,1,3,16,7,17,24,35,0,1,1,39,2,20,481,20481,31,1998,1GCGC24R9WZ2,1,G,C,G,C,2,4,R,9,W,Z,2,0,T,CHEV,GC2,PK,98,17,,2,0,1315,GM4,G,,0,0,000000000,00000000000,0,0,0,1,0,0,0,0,0,0,0,30,0,0,0,3,3,6,2,42,0,0,0,1,39,45601,0,0,0,0,0,0,999,999,0,0,0,0,0,0,0,0,0,1,36,0,0,0,1,2,55,3,1,2,1,0,0,14,13,1,1,4,1,1,0
39,390490,1,1,1,16,7,23,10,24,0,1,0,39,1,98,709,98709,80,2006,999999999999,9,9,9,9,9,9,9,9,9,9,9,9,0,U,,,,9,17,,,,,,,,0,0,000000000,00000000000,0,0,0,1,0,0,0,0,0,0,0,998,0,0,0,11,9,6,2,24,0,0,0,1,39,44144,6,1,0,0,3,0,71,232,0,0,0,1,0,4,2010,4,2010,0,0,0,0,0,3,6,60,2,2,2,1,0,0,14,12,1,1,4,6,1,1
39,390491,1,2,2,25,7,21,12,12,6,1,0,39,1,20,441,20441,20,1997,1GNDM19W0VB2,1,G,N,D,M,1,9,W,0,V,B,2,0,T,CHEV,AST,ES,97,17,,1,0,1110,AST,G,,0,0,000000000,00000000000,0,0,0,1,0,0,0,0,0,0,0,998,0,0,0,8,13,6,2,12,0,0,0,1,39,43337,6,1,0,0,3,0,62,150,0,0,0,0,0,0,0,0,0,0,0,0,0,0,1,2,55,1,1,2,1,0,0,1,66,1,1,1,89,1,0
39,390491,2,2,4,25,7,21,12,12,6,1,0,39,2,12,401,12401,14,1993,1FMCU24X3PUD,1,F,M,C,U,2,4,X,3,P,U,D,0,P,FORD,EPR,UT,93,17,3890,,0,1020,,G,,0,0,000000000,00000000000,0,0,0,1,0,0,0,0,0,0,0,998,0,0,0,12,12,6,2,12,0,0,0,1,39,43337,6,1,0,0,3,0,74,210,1,0,0,0,0,6,2010,6,2010,0,39,0,0,0,1,2,55,1,1,2,1,20,3,1,17,1,1,1,88,0,0
39,390492,1,1,1,25,7,0,15,42,0,1,0,39,2,12,37,12037,4,2004,1FAFP34374W1,1,F,A,F,P,3,4,3,7,4,W,1,0,P,FORD,FSP,4D,4,17,2604,,0,1030,,G,,0,0,000000000,00000000000,0,0,0,1,0,0,0,0,0,0,0,998,0,1,5,3,3,6,2,42,0,0,0,1,39,43901,6,1,0,0,3,0,66,165,0,0,0,0,0,0,0,0,0,1,0,0,0,0,1,2,40,3,2,2,2,0,0,14,13,1,1,4,1,1,0
39,390493,1,2,4,27,7,21,13,12,6,1,0,39,1,24,9,24009,4,2008,1G8ZS57N18F1,1,G,8,Z,S,5,7,N,1,8,F,1,0,P,STRN,AXE,4D,8,17,3525,,0,1123,,G,,0,0,000000000,00000000000,0,0,0,1,0,0,0,0,0,0,0,998,0,0,0,9,9,6,2,12,0,0,0,1,39,44842,6,1,0,0,3,3,65,155,0,0,0,1,0,2,2010,2,2010,0,0,0,0,0,1,2,55,1,2,2,1,0,0,1,66,1,1,1,89,0,0
39,390493,2,2,1,27,7,21,13,12,6,1,0,39,2,69,54,69054,3,2003,WMWRC33423TC,W,M,W,R,C,3,3,4,2,3,T,C,0,P,MNNI,COO,2H,3,17,2524,,0,971,,G,,0,0,000000000,00000000000,0,0,0,1,0,0,0,0,0,0,0,998,0,0,0,12,12,6,2,12,0,0,0,1,39,44840,6,1,0,0,3,3,68,135,0,5,0,0,4,8,2007,8,2009,0,39,0,0,0,1,2,55,1,2,2,1,20,3,1,17,1,1,1,88,1,0
39,390494,1,1,6,28,7,19,34,42,0,1,0,39,2,22,2,22002,4,1993,1G2HX53L0P12,1,G,2,H,X,5,3,L,0,P,1,2,0,P,PONT,BVS,4D,93,17,0,,0,1108,,G,,0,0,000000000,00000000000,0,0,0,1,0,0,0,0,0,0,0,55,0,0,0,12,12,6,2,42,0,0,0,1,39,44270,6,1,0,0,3,0,62,150,1,0,0,0,1,4,2010,5,2010,1,0,0,0,0,1,2,35,1,1,2,1,0,0,1,12,1,1,4,6,1,0
39,390496,1,1,2,11,7,2,50,34,0,1,0,39,2,22,18,22018,4,2000,1G2NV52EXYM7,1,G,2,N,V,5,2,E,X,Y,M,7,0,P,PONT,GT1,4D,0,17,3168,,0,1070,,G,,0,0,000000000,00000000000,0,0,0,1,0,0,0,0,0,0,0,998,0,1,5,3,13,6,2,1,0,0,0,1,39,43420,6,1,0,0,3,0,67,180,1,0,0,0,0,4,2009,4,2009,1,36,0,0,0,1,2,55,1,2,1,1,0,0,1,9,2,1,5,6,1,0
39,390497,1,1,1,18,7,12,5,42,0,1,0,39,1,72,706,72706,80,2010,1HD1BW515AB0,1,H,D,1,B,W,5,1,5,A,B,0,0,M,HD,STC,RS,10,17,,,,,,,1584,0,0,000000000,00000000000,0,0,0,1,0,0,0,0,0,0,0,998,0,0,0,9,9,4,3,42,0,0,0,1,39,45005,6,1,0,0,3,3,65,170,0,0,0,0,0,0,0,0,0,0,48,0,0,0,1,2,45,1,1,2,1,0,0,1,8,1,2,4,2,1,0
39,390498,1,1,1,9,1,16,26,8,0,1,0,39,1,55,38,55038,4,2002,KMHFU45E02A2,K,M,H,F,U,4,5,E,0,2,A,2,0,P,HYUN,XG5,4D,2,17,3651,,0,1083,,G,,0,0,000000000,00000000000,0,0,0,1,0,0,0,0,0,0,0,25,0,0,0,12,13,4,1,8,0,0,0,1,39,44060,6,1,0,0,3,0,63,120,0,0,0,0,0,0,0,0,0,0,39,0,0,0,1,4,25,1,1,2,2,20,3,1,80,1,1,1,13,0,0
39,390499,1,2,1,4,7,17,32,12,6,1,0,39,1,12,471,12471,30,1994,1FTCR10U9RUA,1,F,T,C,R,1,0,U,9,R,U,A,0,T,FORD,RNG,PK,94,17,,1,1140,1080,RNG,G,,0,0,000000000,00000000000,0,0,0,1,0,0,0,0,0,0,0,50,0,0,0,12,12,6,2,12,0,0,0,1,39,44090,6,1,0,0,3,0,72,190,0,0,0,0,0,0,0,0,0,0,0,0,0,0,1,2,55,1,1,2,1,0,0,1,17,1,1,1,86,0,0
39,390499,2,2,1,4,7,17,32,12,6,1,0,39,1,22,20,22020,2,1993,1G2WJ14T7PF2,1,G,2,W,J,1,4,T,7,P,F,2,0,P,PONT,GFS,CP,93,17,3105,,0,1075,,G,,0,0,000000000,00000000000,0,0,0,1,0,0,0,0,0,0,0,998,0,0,0,2,2,6,2,12,0,0,0,1,39,44050,6,1,0,0,3,0,72,165,0,0,0,0,0,0,0,0,0,0,38,0,0,0,1,2,55,1,1,2,1,20,3,1,17,3,1,2,87,1,0
39,390500,1,2,1,4,7,16,51,12,6,1,0,39,1,98,709,98709,80,2008,LYDTCKPB7811,L,Y,D,T,C,K,P,B,7,8,1,1,0,U,,,,8,17,,,,,,,,0,0,000000000,00000000000,0,0,0,1,0,0,0,0,0,0,0,998,0,0,0,12,12,6,2,12,0,0,0,1,39,44052,6,1,0,0,3,0,65,200,0,0,0,0,0,0,0,0,0,0,0,0,0,0,1,2,25,1,1,2,1,3,3,1,17,1,1,1,69,1,0
39,390500,2,2,2,4,7,16,51,12,6,1,1,39,2,12,473,12473,30,2001,1FMYU70E71UA,1,F,M,Y,U,7,0,E,7,1,U,A,0,P,FORD,EPR,UT,1,17,3959,,0,1018,,G,,0,0,000000000,00000000000,0,0,0,1,0,0,0,0,0,0,0,998,0,0,0,2,3,2,3,12,0,0,0,1,48,75052,6,1,0,0,3,0,999,999,0,0,0,0,0,0,0,0,0,0,37,91,0,0,1,2,25,1,1,2,1,3,3,11,15,1,1,2,68,0,1
39,390501,1,1,1,17,7,19,24,38,0,1,0,39,1,72,706,72706,80,1987,1HD1BHL11HY0,1,H,D,1,B,H,L,1,1,H,Y,0,0,M,HD,FXT,RS,87,17,,,,,,,1340,0,0,000000000,00000000000,0,0,0,1,0,0,0,0,0,0,0,60,0,0,0,3,3,6,9,38,0,0,0,1,39,43724,6,1,0,0,3,0,73,240,1,2,1,0,1,11,2007,5,2009,1,0,0,0,0,1,2,55,3,2,2,1,0,0,14,13,1,1,4,1,1,1
39,390502,1,2,5,22,7,21,5,12,6,1,0,39,2,7,43,7043,4,1998,1B3EJ46X0WN3,1,B,3,E,J,4,6,X,0,W,N,3,0,P,DODG,STR,4D,98,17,2837,,0,1080,,G,,0,0,000000000,00000000000,0,0,0,1,0,0,0,0,0,0,0,30,0,0,0,1,1,6,2,12,0,0,0,1,39,43344,1,1,0,0,2,0,65,135,0,9,0,0,8,8,2007,7,2010,0,38,0,0,0,1,2,55,1,1,2,1,20,3,11,15,1,1,1,76,1,0
39,390502,2,2,1,22,7,21,5,12,6,1,0,39,2,20,481,20481,31,1992,1GCDC14Z9NE1,1,G,C,D,C,1,4,Z,9,N,E,1,0,T,CHEV,GC1,PK,92,17,,1,1315,1175,GM4,G,,0,0,000000000,00000000000,0,0,0,1,0,0,0,0,0,0,0,998,0,1,5,12,12,6,2,12,0,0,0,1,39,43040,6,1,0,0,3,0,68,150,0,0,0,0,0,0,0,0,0,0,0,0,0,0,1,2,55,1,1,2,1,0,0,1,65,1,1,1,77,0,0
39,390503,1,1,1,24,7,22,12,34,0,1,0,39,1,41,45,41045,1,1991,JM1NA3515M12,J,M,1,N,A,3,5,1,5,M,1,2,0,P,MAZD,MIA,CV,91,17,2093,,0,892,,G,,0,0,000000000,00000000000,0,0,0,1,0,0,0,0,0,0,0,998,0,1,5,3,9,4,3,1,0,0,0,1,39,43145,6,1,0,0,3,0,74,190,0,0,0,0,1,12,2007,12,2007,0,58,0,0,0,1,2,55,1,1,2,1,0,0,1,12,6,1,4,6,1,1
39,390504,1,1,1,28,7,0,10,53,0,1,0,39,1,20,401,20401,14,2000,1GNDT13W1Y23,1,G,N,D,T,1,3,W,1,Y,2,3,0,P,CHEV,BZR,UT,0,17,4049,,0,1070,,G,,0,0,000000000,00000000000,0,0,0,1,0,0,0,0,0,0,0,998,0,0,0,12,12,6,2,42,0,0,0,1,39,44515,6,1,6,0,3,0,77,245,1,0,0,0,0,2,2008,2,2008,0,58,0,0,0,1,2,45,1,1,2,1,0,0,1,13,6,1,4,1,1,1
39,390505,1,2,1,28,7,4,51,12,7,1,0,42,1,41,47,41047,4,1998,JM1TA2215W14,J,M,1,T,A,2,2,1,5,W,1,4,0,P,MAZD,MIL,4D,98,17,3216,,0,1083,,G,,0,0,000000000,00000000000,0,0,0,1,0,0,0,0,0,0,0,998,0,1,3,11,9,6,2,1,0,0,0,1,42,19154,6,1,0,0,3,0,73,999,0,0,0,1,1,2,2008,3,2010,1,26,0,0,0,3,6,65,1,1,2,1,0,0,1,6,1,1,1,45,1,0
39,390505,2,2,4,28,7,4,51,12,7,1,0,29,3,7,442,7442,20,2010,2D4RN5D10AR2,2,D,4,R,N,5,D,1,0,A,R,2,0,P,DODG,CAR,SV,10,17,4483,,0,1212,,G,,0,0,000000000,00000000000,0,0,0,1,0,0,0,0,0,0,0,65,0,0,0,5,12,6,2,57,0,0,0,1,29,99999,0,0,0,0,0,0,999,999,0,0,0,0,0,0,0,0,0,0,0,0,0,0,3,6,65,1,1,2,1,0,0,1,53,1,1,1,44,0,0
39,390506,1,1,1,31,7,23,20,1,0,1,0,39,1,98,739,98739,90,2010,000000000000,0,0,0,0,0,0,0,0,0,0,0,0,0,U,,,,,17,,,,,,,,0,0,000000000,00000000000,0,0,0,1,0,0,0,0,0,0,0,998,0,2,1,0,13,6,2,1,0,0,0,1,12,34472,6,1,0,0,3,0,73,999,0,0,0,0,0,0,0,0,0,1,0,0,0,0,1,2,55,1,1,2,1,0,0,1,6,1,1,2,98,1,1
39,390507,1,2,1,2,8,19,12,12,2,1,0,39,1,20,481,20481,31,1992,1GCEC14ZXNE1,1,G,C,E,C,1,4,Z,X,N,E,1,0,T,CHEV,GC1,PK,92,17,,2,1315,1175,GM4,G,,0,0,000000000,00000000000,0,0,0,1,0,0,0,0,0,0,0,998,0,0,0,12,12,6,2,12,0,0,1,1,39,44041,6,1,0,0,3,0,69,180,1,3,1,2,5,2,2008,5,2010,0,28,0,0,0,1,2,55,1,1,2,1,0,0,1,10,1,1,2,50,1,1
39,390507,2,2,1,2,8,19,12,12,2,1,0,39,2,22,22,22022,4,2008,1G2ZF57B9841,1,G,2,Z,F,5,7,B,9,8,4,1,0,P,PONT,6VB,4D,8,17,3305,,0,1123,,G,,0,0,000000000,00000000000,0,0,0,1,0,0,0,0,0,0,0,998,0,0,0,12,12,6,2,12,0,0,1,1,39,44004,6,1,0,0,3,3,62,120,0,0,0,0,0,0,0,0,0,0,0,0,0,0,1,2,55,1,1,2,1,0,0,1,62,1,1,1,51,0,0
39,390508,1,2,2,2,8,17,13,12,2,1,0,39,2,12,401,12401,14,2004,1FMZU73K34UB,1,F,M,Z,U,7,3,K,3,4,U,B,0,P,FORD,EPR,UT,4,17,4094,,0,1137,,F,,0,0,000000000,00000000000,0,0,0,1,0,0,0,0,0,0,0,998,0,1,1,12,12,6,2,12,0,0,0,1,39,43540,6,1,0,0,3,0,62,118,2,0,0,0,1,11,2008,2,2010,0,0,0,0,0,1,2,55,1,1,2,1,0,0,1,62,1,1,1,51,2,0
39,390508,2,2,1,2,8,17,13,12,2,1,0,39,2,49,46,49046,5,2004,JTDKB20U9401,J,T,D,K,B,2,0,U,9,4,0,1,0,P,TOYT,PRI,4H,4,17,2890,,0,1063,,B,,0,0,000000000,00000000000,0,0,0,1,0,0,0,0,0,0,0,998,0,0,0,12,12,6,2,12,36,0,0,1,39,43533,6,1,0,0,3,0,66,150,0,0,0,0,0,0,0,0,0,0,28,0,0,0,1,2,55,1,1,2,1,0,0,1,10,1,1,2,50,1,1
39,390509,1,2,2,3,8,16,5,12,2,1,0,39,3,12,461,12461,21,2009,1FTNE24W89DA,1,F,T,N,E,2,4,W,8,9,D,A,0,T,FORD,25V,CG,9,17,,2,0,1380,VAN,G,,0,0,000000000,00000000000,0,0,0,1,0,0,0,0,0,0,0,998,0,0,0,12,12,6,2,12,0,0,0,1,39,43326,6,1,0,0,3,0,66,165,2,0,0,0,0,7,2009,3,2010,0,28,0,0,0,1,2,55,1,1,2,1,0,0,1,10,1,1,2,50,2,0
39,390509,2,2,1,3,8,16,5,12,2,1,0,39,3,85,881,85881,66,2003,1XKDDU9X43J3,1,X,K,D,D,U,9,X,4,3,J,3,1,T,KW,T80,DS,3,17,,8,2600,1600,CON,D,,1,88,888888888,88888888888,3,6,1,1,0,0,0,0,0,0,0,59,0,0,0,12,12,6,2,12,0,0,0,1,39,43119,6,1,6,0,3,3,71,220,1,0,0,1,1,6,2009,4,2010,0,0,0,0,0,1,2,55,1,1,2,1,0,0,1,62,1,1,1,51,0,0
39,390511,1,2,1,14,1,7,55,48,0,1,0,39,1,24,401,24401,14,2005,5GZCZ33D85S8,5,G,Z,C,Z,3,3,D,8,5,S,8,0,P,STRN,VUE,UT,5,17,3299,,0,1066,,G,,0,0,000000000,00000000000,0,0,0,1,0,0,0,0,0,0,0,998,0,1,6,12,12,6,2,40,0,0,0,1,39,44070,6,1,0,0,3,0,68,180,1,0,0,0,0,9,2009,9,2009,0,36,0,0,0,1,4,35,1,1,2,2,0,0,1,8,1,1,4,1,1,0
39,390511,2,2,1,14,1,7,55,48,0,1,0,39,1,2,404,2404,14,2007,1J8GR48K17C5,1,J,8,G,R,4,8,K,1,7,C,5,0,T,JEEP,LCF,4W,7,17,,1,0,1095,GCK,G,,0,0,000000000,00000000000,0,0,0,1,0,0,0,0,0,0,0,35,0,0,0,6,6,4,3,12,0,0,0,1,39,44134,6,1,0,0,3,0,70,150,0,0,0,0,0,0,0,0,0,0,0,0,0,0,1,4,35,1,1,2,2,0,0,1,18,1,1,1,98,0,0
39,390512,1,1,1,23,4,22,40,33,0,1,0,39,3,76,705,76705,80,2003,JYAVM01E93A0,J,Y,A,V,M,0,1,E,9,3,A,0,0,M,YAMA,V6A,RS,3,17,,,,,,,649,0,0,000000000,00000000000,0,0,0,1,0,0,0,0,0,0,0,998,0,0,0,9,9,4,3,30,0,0,0,1,39,44310,1,1,0,0,2,0,71,205,0,8,1,0,1,7,2007,11,2009,0,0,0,0,0,1,2,35,1,1,2,1,0,0,1,13,1,1,4,1,1,1
39,390514,1,1,1,17,7,17,8,34,0,1,0,39,1,76,705,76705,80,2001,JYAVM01E91A0,J,Y,A,V,M,0,1,E,9,1,A,0,0,M,YAMA,V6A,RS,1,17,,,,,,,649,0,0,000000000,00000000000,0,0,0,1,0,0,0,0,0,0,0,40,0,0,0,3,3,4,9,34,0,0,0,1,39,43310,6,1,0,0,3,0,68,150,0,0,0,0,1,6,2008,6,2008,0,0,0,0,0,1,2,55,3,2,1,1,0,0,14,13,6,1,4,1,1,0
39,390515,1,1,1,29,7,23,4,8,0,1,1,39,2,7,482,7482,31,1998,3B7HC12Y0WM2,3,B,7,H,C,1,2,Y,0,W,M,2,0,T,DODG,150,PC,98,17,,2,1547,1387,RPC,G,,0,0,000000000,00000000000,0,0,0,1,0,0,0,0,0,0,0,55,0,0,0,12,12,0,1,8,0,0,0,1,39,43420,3,1,0,0,2,3,67,145,0,1,0,0,0,6,2009,6,2009,0,86,0,0,0,1,2,55,1,1,2,1,0,0,1,80,1,1,1,13,0,0
39,390516,1,1,1,6,8,20,35,8,0,1,0,39,2,20,37,20037,4,2002,1G1ND52J52M5,1,G,1,N,D,5,2,J,5,2,M,5,0,P,CHEV,MAL,4D,2,17,3053,,0,1070,,G,,0,0,000000000,00000000000,0,0,0,1,0,0,0,0,0,0,0,42,0,0,0,1,13,4,3,8,0,0,0,1,39,44843,6,1,0,0,3,3,68,165,0,0,0,2,0,3,2008,1,2010,0,86,0,0,0,1,2,55,1,2,2,1,0,0,1,80,1,1,1,13,0,1
39,390517,1,1,3,7,8,11,43,43,0,1,0,39,1,20,9,20009,2,1993,2G1FP22S3P21,2,G,1,F,P,2,2,S,3,P,2,1,0,P,CHEV,CAM,CP,93,17,3241,,0,1010,,G,,0,0,000000000,00000000000,0,0,0,1,0,0,0,0,0,0,0,998,0,0,0,14,9,6,2,42,0,0,0,1,39,44004,6,1,0,0,3,0,67,150,1,0,0,0,1,6,2008,6,2008,0,36,0,0,0,1,2,45,1,2,2,1,0,0,1,13,1,1,4,1,2,0
39,390518,1,2,1,11,8,0,50,12,1,1,0,39,1,18,21,18021,2,1990,1G4EC13C8LB9,1,G,4,E,C,1,3,C,8,L,B,9,0,P,BUIC,REA,CP,90,17,3291,,0,985,,G,,0,0,000000000,00000000000,0,0,0,1,0,0,0,0,0,0,0,60,0,0,0,6,6,4,3,12,0,0,0,1,39,43224,6,1,6,0,3,3,67,170,0,0,0,1,0,8,2009,8,2009,0,0,0,0,0,3,6,65,1,1,2,1,0,0,1,53,1,1,1,25,0,0
39,390518,2,2,1,11,8,0,50,12,1,1,0,39,2,76,706,76706,80,1998,JYARN02E6WA0,J,Y,A,R,N,0,2,E,6,W,A,0,0,M,YAMA,YFR,RS,98,17,,,,,,,998,0,0,000000000,00000000000,0,0,0,1,0,0,0,0,0,0,0,999,0,0,0,12,12,6,2,12,0,0,0,1,39,43211,1,1,0,0,2,0,66,170,0,3,0,0,3,10,2008,5,2010,1,26,0,0,0,3,6,65,1,1,2,1,0,0,1,6,1,1,1,24,1,1
39,390519,1,2,1,13,8,8,10,12,6,1,0,39,1,24,9,24009,4,2009,1G8ZS57B39F1,1,G,8,Z,S,5,7,B,3,9,F,1,0,P,STRN,AXE,4D,9,17,3529,,0,1123,,G,,0,0,000000000,00000000000,0,0,0,1,0,0,0,0,0,0,0,35,0,0,0,12,12,6,9,12,0,0,0,1,39,43123,6,1,0,0,3,0,66,130,1,0,0,0,0,9,2008,9,2008,0,0,0,0,0,1,4,35,1,1,2,1,0,0,1,66,1,1,1,86,0,0
39,390519,2,2,2,13,8,8,10,12,6,1,0,39,1,12,422,12422,15,2006,1FMPU17526LA,1,F,M,P,U,1,7,5,2,6,L,A,0,P,FORD,EPT,UT,6,17,5353,,0,1190,,G,,0,0,000000000,00000000000,0,0,0,1,0,0,0,0,0,0,0,998,0,0,0,3,3,2,9,12,0,0,0,1,39,43228,6,1,0,0,3,3,67,180,0,0,0,0,0,0,0,0,0,0,38,0,0,0,1,4,35,1,1,2,1,20,3,1,17,1,1,1,87,1,0
39,390520,1,2,1,14,8,23,56,18,0,1,0,39,1,12,15,12015,4,1994,1FAPP36XXRK2,1,F,A,P,P,3,6,X,X,R,K,2,0,P,FORD,TGL,4D,94,17,2569,,0,999,,G,,0,0,000000000,00000000000,0,0,0,1,0,0,0,0,0,0,0,50,0,0,0,12,12,6,2,12,0,0,0,1,39,44691,6,1,0,0,3,3,71,230,0,0,0,0,0,0,0,0,0,0,81,28,0,0,1,2,55,1,1,2,1,0,0,15,90,6,1,2,12,1,0
39,390520,2,2,2,14,8,23,56,18,0,1,0,39,3,7,881,7881,61,2009,3D6WD76L49G5,3,D,6,W,D,7,6,L,4,9,G,5,0,T,DODG,S5T,CC,9,17,,5,2045,1445,RPC,D,,0,88,888888888,88888888888,2,1,97,1,0,0,0,0,0,0,0,45,0,0,0,12,12,6,9,12,0,0,0,1,39,44627,6,1,6,0,3,0,73,165,1,0,0,0,1,6,2010,7,2010,0,0,0,0,0,1,2,55,1,1,2,1,0,0,1,62,1,1,1,98,0,0
39,390521,1,2,2,18,8,21,52,12,6,1,0,39,1,20,39,20039,5,2009,KL1TD66E49B3,K,L,1,T,D,6,6,E,4,9,B,3,0,P,CHEV,LTS,5D,9,17,2547,,0,976,,G,,0,0,000000000,00000000000,0,0,0,1,0,0,0,0,0,0,0,998,0,0,0,3,1,6,2,12,0,0,0,1,39,45424,6,1,0,0,3,3,73,295,0,0,0,0,0,0,0,0,0,0,38,0,0,0,1,2,55,1,2,2,1,20,3,1,17,1,1,1,87,2,0
39,390521,2,2,1,18,8,21,52,12,6,1,0,39,2,20,37,20037,4,2003,1G1ND52J53M7,1,G,1,N,D,5,2,J,5,3,M,7,0,P,CHEV,MAL,4D,3,17,3106,,0,1070,,G,,0,0,000000000,00000000000,0,0,0,1,0,0,0,0,0,0,0,998,0,0,0,12,11,6,2,12,0,0,0,1,39,45373,6,1,0,0,3,0,66,125,1,0,0,1,2,6,2009,5,2010,0,0,0,0,0,1,2,55,1,2,2,1,0,0,1,66,1,1,1,86,0,0
39,390522,1,2,3,10,7,22,37,12,7,1,0,39,2,20,22,20022,4,2006,1G1AK55FX678,1,G,1,A,K,5,5,F,X,6,7,8,0,P,CHEV,BLS,4D,6,17,3216,,0,1033,,G,,0,0,000000000,00000000000,0,0,0,1,0,0,0,0,0,0,0,80,0,1,6,3,3,6,2,12,0,0,0,1,39,44109,1,1,0,0,2,0,66,135,0,6,0,0,0,1,2009,10,2009,1,36,0,0,0,3,4,60,4,1,2,1,0,0,6,6,1,1,2,44,1,1
39,390522,2,2,2,10,7,22,37,12,7,1,0,37,1,12,473,12473,30,2005,1FMZU63K25UB,1,F,M,Z,U,6,3,K,2,5,U,B,0,P,FORD,EPR,UT,5,17,4094,,0,1137,,F,,0,0,000000000,00000000000,0,0,0,1,0,0,0,0,0,0,0,60,0,0,0,9,9,2,1,12,0,0,0,1,17,44144,6,1,6,0,3,0,73,280,0,0,0,0,0,0,0,0,0,0,0,0,0,0,3,4,60,4,1,2,1,0,0,15,18,1,1,1,45,0,0
39,390523,1,1,1,14,7,16,30,42,0,1,0,39,1,22,9,22009,3,1995,2G2FS22S1S22,2,G,2,F,S,2,2,S,1,S,2,2,0,P,PONT,FBD,2H,95,17,3230,,0,1011,,G,,0,0,000000000,00000000000,0,0,0,1,0,0,0,0,0,0,0,998,0,0,0,9,9,6,2,42,0,0,0,1,39,43019,6,1,0,0,3,0,71,175,0,0,0,1,0,9,2007,9,2007,1,36,0,0,0,1,2,55,1,1,2,1,0,0,6,8,1,2,5,7,1,0
39,390524,1,3,1,14,7,8,48,12,8,1,0,39,1,63,32,63032,5,2006,KNADE163X661,K,N,A,D,E,1,6,3,X,6,6,1,0,P,KIA,RI5,4H,6,17,2438,,0,984,,G,,0,0,000000000,00000000000,0,0,0,1,0,0,0,0,0,0,0,998,0,0,0,10,12,6,2,12,0,0,0,1,39,45245,6,1,0,0,3,3,70,275,0,0,0,0,0,0,0,0,0,9,28,0,0,0,1,4,40,1,2,2,1,0,0,1,10,1,1,2,64,1,0
39,390524,2,3,3,14,7,8,48,12,8,1,0,39,1,12,481,12481,31,2002,1FTWW33F32EA,1,F,T,W,W,3,3,F,3,2,E,A,0,T,FORD,F3D,CW,2,17,,3,1720,1560,DRW,D,,0,0,000000000,00000000000,0,0,0,1,0,0,0,0,0,0,0,40,0,0,0,9,9,6,2,12,0,0,0,1,39,45133,6,1,0,0,3,0,74,195,1,0,0,0,3,7,2008,11,2008,0,0,0,0,0,1,4,40,1,2,2,1,0,0,1,62,1,1,1,65,0,0