STATE,ST_CASE,VEH_NO,VE_FORMS,NUMOCCS,DAY,MONTH,HOUR,MINUTE,HARM_EV,MAN_COLL,UNITTYPE,HIT_RUN,REG_STAT,OWNER,MAKE,MODEL,MAK_MOD,BODY_TYP,MOD_YEAR,VIN,VIN_1,VIN_2,VIN_3,VIN_4,VIN_5,VIN_6,VIN_7,VIN_8,VIN_9,VIN_10,VIN_11,VIN_12,TOW_VEH,VINTYPE,VINMAKE,VINA_MOD,VIN_BT,VINMODYR,VIN_LNGT,VIN_WGT,WGTCD_TR,WHLBS_LG,WHLBS_SH,SER_TR,FUELCODE,MCYCL_DS,J_KNIFE,MCARR_I1,MCARR_I2,MCARR_ID,GVWR,V_CONFIG,CARGO_BT,HAZ_INV,HAZ_PLAC,HAZ_ID,HAZ_CNO,HAZ_REL,BUS_USE,SPEC_USE,EMER_USE,TRAV_SP,UNDERIDE,ROLLOVER,ROLINLOC,IMPACT1,IMPACT2,DEFORMED,TOWED,M_HARM,VEH_SC1,VEH_SC2,FIRE_EXP,DR_PRES,L_STATE,DR_ZIP,L_STATUS,L_TYPE,CDL_STAT,L_ENDORS,L_COMPL,L_RESTRI,DR_HGT,DR_WGT,PREV_ACC,PREV_SUS,PREV_DWI,PREV_SPD,PREV_OTH,FIRST_MO,FIRST_YR,LAST_MO,LAST_YR,SPEEDREL,DR_SF1,DR_SF2,DR_SF3,DR_SF4,VTRAFWAY,VNUM_LAN,VSPD_LIM,VALIGN,VPROFILE,VPAVETYP,VSURCOND,VTRAFCON,VTCONT_F,P_CRASH1,P_CRASH2,P_CRASH3,PCRASH4,PCRASH5,ACC_TYPE,DEATHS,DR_DRINK
39,390558,4,1,2,1,8,2,46,14,0,1,1,39,2,20,16,20016,4,1997,1G1JF5240V72,1,G,1,J,F,5,2,4,0,V,7,2,0,P,CHEV,CAS,4D,97,17,2729,,0,1041,,G,,0,0,000000000,00000000000,0,0,0,1,0,0,0,0,0,0,0,0,0,0,0,5,3,4,3,8,0,0,0,1,39,43123,1,1,0,0,2,0,71,175,0,2,0,0,3,6,2008,5,2009,9,31,91,0,0,1,2,25,1,2,2,1,0,0,13,18,1,1,4,98,0,0
39,390559,1,1,1,3,8,19,56,35,0,1,0,39,2,20,441,20441,20,1995,1GNDM19W2SB1,1,G,N,D,M,1,9,W,2,S,B,1,0,T,CHEV,AST,ES,95,17,,1,0,1110,AST,G,,0,0,000000000,00000000000,0,0,0,1,0,0,0,0,0,0,0,998,0,1,5,2,13,6,2,1,0,0,0,1,39,45654,3,1,0,0,2,0,73,170,0,0,0,0,0,0,0,0,0,0,99,99,99,99,1,2,25,1,2,2,1,0,0,1,13,1,1,5,1,1,1
39,390560,1,2,1,6,8,9,52,12,6,1,0,39,1,20,471,20471,30,2003,1GCDT19X4381,1,G,C,D,T,1,9,X,4,3,8,1,0,T,CHEV,S14,3C,3,17,,1,0,1229,S,G,,0,0,000000000,00000000000,0,0,0,1,0,0,0,0,0,0,0,57,0,0,0,10,10,6,2,12,0,0,0,1,39,44064,6,1,0,0,3,0,66,183,0,0,0,0,0,0,0,0,0,1,0,0,0,0,1,2,55,1,1,2,1,0,0,1,17,1,1,1,89,1,0
39,390560,2,2,2,6,8,9,52,12,6,1,0,51,1,37,31,37031,4,2009,2HGFA16539H5,2,H,G,F,A,1,6,5,3,9,H,5,0,P,HOND,UCL,4D,9,17,2687,,0,1063,,G,,0,0,000000000,00000000000,0,0,0,1,0,0,0,0,0,0,0,50,0,0,0,12,12,6,2,12,0,0,0,1,51,22844,6,1,0,0,3,0,69,190,1,0,0,0,0,3,2008,3,2008,0,28,91,0,0,1,2,55,1,1,2,1,20,3,1,17,1,1,2,88,0,0
39,390561,1,2,1,31,5,2,31,12,2,1,0,39,2,49,40,49040,4,1991,4T1SV21E3MU3,4,T,1,S,V,2,1,E,3,M,U,3,0,P,TOYT,CMD,4D,91,17,2734,,0,1024,,G,,0,0,000000000,00000000000,0,0,0,1,0,0,0,0,0,0,0,998,0,0,0,12,12,6,2,12,0,0,0,1,39,43545,6,1,0,0,3,0,72,180,0,1,0,0,0,6,2009,6,2009,0,0,0,0,0,1,2,55,1,1,2,1,0,0,1,62,1,1,1,51,1,0
39,390561,2,2,2,31,5,2,31,12,2,1,0,26,2,20,481,20481,31,2009,999999999999,9,9,9,9,9,9,9,9,9,9,9,9,0,U,,2SK,CW,9,17,,2,0,1435,SIL,F,,0,0,000000000,00000000000,0,0,0,1,0,0,0,0,0,0,0,50,0,0,0,12,12,6,2,12,0,0,0,1,26,48161,6,1,0,0,3,3,63,144,0,0,0,2,0,8,2009,12,2009,0,28,36,91,0,1,2,55,1,1,2,1,0,0,1,10,1,1,2,50,0,0
39,390562,1,1,2,24,6,19,29,42,0,1,0,39,2,12,471,12471,30,1997,1FTCR14A3VTA,1,F,T,C,R,1,4,A,3,V,T,A,0,T,FORD,RNS,PS,97,17,,1,0,1250,RNG,G,,0,0,000000000,00000000000,0,0,0,1,0,0,0,0,0,0,0,75,0,1,6,12,12,6,2,42,0,0,0,1,39,45631,3,1,0,0,2,0,72,160,1,5,0,0,0,12,2008,5,2010,0,36,0,0,0,1,2,55,4,2,2,1,0,0,14,13,1,2,5,2,1,1
39,390563,1,1,1,24,6,6,55,42,0,1,0,39,1,20,17,20017,4,1988,3G1AW51R5JS5,3,G,1,A,W,5,1,R,5,J,S,5,0,P,CHEV,CEL,4D,88,17,2604,,0,1049,,G,,0,0,000000000,00000000000,0,0,0,1,0,0,0,0,0,0,0,55,0,0,0,12,12,6,2,42,0,0,0,1,39,44615,6,1,0,0,3,0,73,175,0,0,0,0,0,0,0,0,0,1,99,99,99,99,1,2,55,3,1,2,1,0,0,14,11,1,1,5,1,1,1
39,390564,1,1,1,7,8,21,15,11,0,1,0,39,1,37,709,37709,80,2002,JH2PF01192K0,J,H,2,P,F,0,1,1,9,2,K,0,0,M,HOND,FSC,RS,2,17,,,,,,,582,0,0,000000000,00000000000,0,0,0,1,0,0,0,0,0,0,0,998,0,0,0,12,12,4,3,11,0,0,0,1,39,45850,6,1,0,0,3,3,73,300,1,0,0,0,0,2,2009,2,2009,0,83,0,0,0,1,2,55,1,1,2,1,0,0,1,87,1,1,1,13,1,0
39,390565,1,1,1,8,8,16,45,34,0,1,0,39,1,2,404,2404,14,1996,1J4EZ78Y6TC1,1,J,4,E,Z,7,8,Y,6,T,C,1,0,T,JEEP,LMT,4W,96,17,,1,0,1059,GCK,G,,0,0,000000000,00000000000,0,0,0,1,0,0,0,0,0,0,0,998,0,1,5,12,13,6,2,1,0,0,0,1,39,43543,6,1,0,0,3,3,70,200,2,0,0,0,3,9,2008,2,2010,0,36,51,0,0,1,2,55,1,1,2,1,0,0,1,12,7,1,5,6,1,1
39,390566,1,3,2,10,8,9,40,12,6,1,0,39,2,18,7,18007,4,2000,2G4WS52J6Y11,2,G,4,W,S,5,2,J,6,Y,1,1,0,P,BUIC,CCU,4D,0,17,3368,,0,1090,,G,,0,0,000000000,00000000000,0,0,0,1,0,0,0,0,0,0,0,998,0,0,0,3,3,6,2,12,0,0,0,1,39,45159,6,1,0,0,3,3,62,150,0,0,0,0,0,0,0,0,0,0,38,0,0,0,1,2,55,1,1,2,1,20,3,1,17,1,1,2,87,1,0
39,390566,2,3,1,10,8,9,40,12,6,1,0,39,1,6,441,6441,20,2010,2A4RR4DE4AR2,2,A,4,R,R,4,D,E,4,A,R,2,0,P,CHRY,TWC,SV,10,17,4335,,0,1212,,F,,0,0,000000000,00000000000,0,0,0,1,0,0,0,0,0,0,0,55,0,0,0,12,12,6,2,12,0,0,0,1,39,45322,6,1,0,0,3,0,68,175,0,0,0,0,0,0,0,0,0,0,0,0,0,0,1,2,55,1,1,2,1,0,0,1,17,1,1,1,86,0,0
39,390566,3,3,2,10,8,9,40,12,6,1,0,39,1,49,44,49044,2,2000,2T1CF22P5YC3,2,T,1,C,F,2,2,P,5,Y,C,3,0,P,TOYT,CEE,CP,0,17,3230,,0,1051,,G,,0,0,000000000,00000000000,0,0,0,1,0,0,0,0,0,0,0,2,0,0,0,12,12,6,2,12,0,0,0,1,39,45133,6,1,0,0,3,0,68,195,0,0,0,2,0,1,2009,8,2009,0,0,0,0,0,1,2,55,1,1,2,1,0,0,1,17,1,1,1,98,0,0
39,390567,1,1,1,12,8,23,0,42,0,1,0,39,2,24,1,24001,4,1997,1G8ZH5287VZ2,1,G,8,Z,H,5,2,8,7,V,Z,2,0,P,STRN,SL1,4D,97,17,2293,,0,1024,,G,,0,0,000000000,00000000000,0,0,0,1,0,0,0,0,0,0,0,54,0,0,0,12,12,6,2,42,0,0,0,1,39,43148,3,1,0,0,2,0,69,230,0,1,0,0,1,10,2009,2,2010,1,0,0,0,0,1,2,55,1,2,1,1,0,0,1,13,1,1,5,1,1,0
39,390568,1,1,1,13,8,6,15,53,0,1,0,39,2,12,481,12481,31,2008,1FTRF12258KD,1,F,T,R,F,1,2,2,5,8,K,D,0,T,FORD,F15,PK,8,17,,2,1450,1260,COF,G,,0,0,000000000,00000000000,0,0,0,1,0,0,0,0,0,0,0,60,0,0,0,12,9,6,2,42,0,0,0,1,39,43130,6,1,0,0,3,0,71,180,2,2,0,4,1,12,2007,3,2010,1,0,0,0,0,1,2,45,4,1,2,1,0,0,14,12,1,1,5,6,1,0
39,390569,1,1,1,13,8,13,25,1,0,1,0,39,1,14,401,14401,14,1997,4M2DU55P2VUJ,4,M,2,D,U,5,5,P,2,V,U,J,0,P,MERC,MOU,UT,97,17,0,,0,1120,,G,,0,0,000000000,00000000000,0,0,0,1,0,0,0,0,0,0,0,998,0,1,6,0,13,6,2,1,0,0,0,1,39,43727,6,1,0,0,3,0,67,223,0,0,0,1,0,2,2008,2,2008,0,0,0,0,0,1,2,50,1,2,2,1,0,0,1,13,9,1,4,98,1,0
39,390570,1,1,1,16,8,16,57,33,0,1,0,39,1,12,23,12023,4,2010,3FAHP0HAXAR2,3,F,A,H,P,0,H,A,X,A,R,2,0,P,FORD,F/E,4D,10,17,3285,,0,1074,,G,,0,0,000000000,00000000000,0,0,0,1,0,0,0,0,0,0,0,65,0,0,0,12,12,6,2,43,0,0,0,1,39,44420,6,1,0,0,3,3,64,120,1,0,0,0,0,5,2009,5,2009,1,0,0,0,0,1,2,25,1,1,2,6,0,0,1,13,1,1,5,1,1,1
39,390571,1,2,1,7,8,13,25,12,6,1,0,39,1,76,709,76709,80,2007,JYARJ12E77A0,J,Y,A,R,J,1,2,E,7,7,A,0,0,M,YAMA,R6L,RS,7,17,,,,,,,599,0,0,000000000,00000000000,0,0,0,1,0,0,0,0,0,0,0,80,0,0,0,12,99,6,2,12,0,0,0,1,39,45011,6,1,0,0,3,3,70,165,0,0,0,0,0,0,0,0,0,1,0,0,0,0,1,2,55,1,1,2,1,0,0,1,18,1,1,1,93,1,0
39,390571,2,2,1,7,8,13,25,12,6,1,0,39,1,7,461,7461,21,2002,1D7HU18Z22S5,1,D,7,H,U,1,8,Z,2,2,S,5,0,T,DODG,Q15,CW,2,17,,2,1605,1405,RPC,G,,0,0,000000000,00000000000,0,0,0,1,0,0,0,0,0,0,0,5,0,0,0,4,4,6,2,12,0,0,0,1,39,45056,6,1,0,0,3,0,73,215,0,0,0,0,0,0,0,0,0,0,0,0,0,0,1,2,55,1,1,2,1,0,0,13,98,1,1,1,92,0,0
39,390572,1,2,1,12,8,23,0,12,1,1,0,39,1,12,461,12461,21,1995,1FTFE24HXSHC,1,F,T,F,E,2,4,H,X,S,H,C,0,T,FORD,25V,CG,95,17,,2,0,1380,VAN,G,,0,0,000000000,00000000000,0,0,0,1,0,0,0,0,0,0,0,60,0,0,0,12,12,6,2,12,0,0,1,1,39,43130,6,1,0,0,3,0,72,160,0,0,0,1,0,3,2009,3,2009,0,26,0,0,0,2,4,60,1,1,2,1,3,3,1,17,1,1,1,24,1,1
39,390572,2,2,2,12,8,23,0,12,1,1,0,13,3,85,881,85881,66,2001,1XKTDB9X81J8,1,X,K,T,D,B,9,X,8,1,J,8,1,T,KW,T20,DS,1,17,,8,2600,1900,CON,D,,1,57,1570779,571570779,3,6,1,1,0,0,0,0,0,0,0,20,0,0,0,6,6,0,1,12,0,0,0,1,13,30014,6,1,6,3,3,0,70,220,98,0,0,2,0,5,2008,9,2009,0,0,0,0,0,2,4,60,1,1,2,1,3,3,1,17,1,1,1,25,0,0
39,390573,1,2,1,15,8,16,10,12,8,1,0,39,1,30,42,30042,1,1998,3VWBA61E0WM8,3,V,W,B,A,6,1,E,0,W,M,8,0,P,VOLK,UCL,CV,98,17,2685,,0,974,,G,,0,0,000000000,00000000000,0,0,0,1,0,0,0,0,0,0,0,998,0,0,0,10,10,6,2,12,0,0,0,1,39,45152,6,1,0,0,3,0,74,195,0,4,1,0,1,3,2008,12,2008,0,28,0,0,0,1,2,55,4,2,2,2,0,0,14,10,1,1,2,64,1,0
39,390573,2,2,4,15,8,16,10,12,8,1,0,18,1,2,405,2405,14,2004,1J4GL48K44W1,1,J,4,G,L,4,8,K,4,4,W,1,0,T,JEEP,SPR,4W,4,17,,1,0,1043,LIB,G,,0,0,000000000,00000000000,0,0,0,1,0,0,0,0,0,0,0,998,0,0,0,10,10,6,2,12,0,0,0,1,18,47353,6,1,0,0,3,0,60,120,0,0,0,0,0,0,0,0,0,0,0,0,0,0,1,2,55,4,2,2,2,0,0,14,62,1,1,1,65,0,0
39,390574,1,2,2,15,8,2,58,12,6,1,0,39,3,35,43,35043,2,1997,1N4AB42D8VC5,1,N,4,A,B,4,2,D,8,V,C,5,0,P,NISS,2SE,CP,97,17,2252,,0,998,,G,,0,0,000000000,00000000000,0,0,0,1,0,0,0,0,0,0,0,998,0,1,6,9,9,6,2,12,0,0,0,1,39,43326,6,1,0,0,3,0,71,186,0,0,0,0,0,0,0,0,0,0,39,0,0,0,1,2,55,1,1,2,1,20,3,1,17,1,1,1,89,2,1
39,390574,2,2,1,15,8,2,58,12,6,1,0,39,1,12,481,12481,31,1990,1FTHF26HXLPA,1,F,T,H,F,2,6,H,X,L,P,A,0,T,FORD,F25,PK,90,17,,2,0,1330,COF,G,,0,0,000000000,00000000000,0,0,0,1,0,0,0,0,0,0,0,55,0,0,0,12,12,6,2,12,0,0,0,1,39,45812,6,1,0,0,3,0,74,254,0,0,0,0,0,0,0,0,0,0,0,0,0,0,1,2,55,1,1,2,1,0,0,1,17,1,1,1,88,0,0
39,390575,1,1,1,18,8,22,12,38,0,1,0,39,1,21,17,21017,4,1996,1G3AJ55M4T64,1,G,3,A,J,5,5,M,4,T,6,4,0,P,OLDS,CRL,4D,96,17,2924,,0,1049,,G,,0,0,000000000,00000000000,0,0,0,1,0,0,0,0,0,0,0,998,0,0,0,12,12,6,2,43,0,0,0,1,39,44648,1,1,0,0,2,3,69,180,0,1,1,0,1,4,2009,4,2009,1,0,0,0,0,1,2,55,3,2,2,1,0,0,14,12,1,1,5,6,1,1
39,390576,1,1,2,16,3,1,50,30,0,1,0,39,2,24,1,24001,4,1997,1G8ZJ5273VZ4,1,G,8,Z,J,5,2,7,3,V,Z,4,0,P,STRN,SL2,4D,97,17,2333,,0,1024,,G,,0,0,000000000,00000000000,0,0,0,1,0,0,0,0,0,0,0,66,0,1,5,3,13,6,2,1,0,0,0,1,39,43302,6,1,0,0,3,0,64,140,0,0,0,0,1,9,2009,9,2009,1,0,0,0,0,1,2,55,3,1,2,1,0,0,14,13,1,1,4,1,1,1
39,390577,1,1,2,2,5,20,15,3,0,1,0,39,1,21,20,21020,4,1994,1G3AG55M7R63,1,G,3,A,G,5,5,M,7,R,6,3,0,P,OLDS,CIS,4D,94,17,2818,,0,1049,,G,,0,0,000000000,00000000000,0,0,0,1,0,0,0,0,0,0,0,998,0,0,0,0,0,4,3,3,0,0,0,1,39,45732,6,1,0,0,3,0,65,150,0,0,0,0,0,0,0,0,0,0,87,0,0,0,1,2,55,3,1,2,6,0,0,14,13,1,1,4,0,2,1
39,390578,1,2,1,15,7,13,7,12,6,1,0,39,1,37,706,37706,80,2004,JH2SC57014M0,J,H,2,S,C,5,7,0,1,4,M,0,0,M,HOND,CBS,RS,4,17,,,,,,,998,0,0,000000000,00000000000,0,0,0,1,0,0,0,0,0,0,0,54,0,0,0,12,12,6,2,12,0,0,0,1,39,44113,1,1,0,0,2,0,69,170,0,2,0,0,4,8,2007,12,2008,1,0,0,0,0,1,4,35,1,5,2,1,0,0,1,62,1,1,1,69,1,1
39,390578,2,2,1,15,7,13,7,12,6,1,0,39,1,20,16,20016,4,2002,1G1JH52F1272,1,G,1,J,H,5,2,F,1,2,7,2,0,P,CHEV,CLP,4D,2,17,0,,0,1041,,G,,0,0,000000000,00000000000,0,0,0,1,0,0,0,0,0,0,0,5,0,0,0,1,1,6,2,12,0,0,0,1,39,44109,6,1,0,0,3,0,67,200,0,0,0,0,0,0,0,0,0,0,38,0,0,0,1,4,35,1,6,2,1,0,0,11,10,1,1,2,68,0,0
39,390579,1,1,2,16,7,2,37,33,0,1,0,39,1,53,705,53705,80,2007,JS1GR7KA0721,J,S,1,G,R,7,K,A,0,7,2,1,0,M,SUZI,SX7,RS,7,17,,,,,,,749,0,0,000000000,00000000000,0,0,0,1,0,0,0,0,0,0,0,998,0,0,0,12,12,6,9,33,0,0,0,1,39,45044,6,1,0,0,3,0,73,180,0,0,0,1,0,7,2008,7,2008,0,36,0,0,0,2,4,45,1,2,2,1,0,0,1,13,1,1,4,1,1,0
39,390580,1,1,2,24,7,13,4,9,0,1,0,39,1,22,18,22018,8,2004,999999999999,9,9,9,9,9,9,9,9,9,9,9,9,0,U,,,,9,17,,,,,,,,0,0,000000000,00000000000,0,0,0,1,0,0,0,0,0,0,0,55,0,0,0,12,13,2,3,9,0,0,0,1,39,44410,6,1,0,0,3,0,70,230,0,0,0,0,0,0,0,0,0,1,0,0,0,0,1,2,45,1,1,2,1,0,0,1,83,1,1,1,13,0,0
39,390581,1,1,1,8,8,0,30,33,0,1,0,39,1,34,706,34706,80,2000,WB10416A9YZC,W,B,1,0,4,1,6,A,9,Y,Z,C,0,M,BMW,R11,RS,0,17,,,,,,,1100,0,0,000000000,00000000000,0,0,0,1,0,0,0,0,0,0,0,998,0,0,0,1,12,6,2,42,0,0,0,1,39,44111,6,1,0,0,3,0,69,210,0,0,0,0,0,0,0,0,0,0,0,0,0,0,1,2,35,4,1,1,1,0,0,14,13,1,1,4,1,1,1
39,390582,1,2,1,15,8,17,49,12,2,1,0,39,1,48,45,48045,4,2010,JF1GH6D63AH8,J,F,1,G,H,6,D,6,3,A,H,8,0,P,SUBA,ISP,SW,10,17,3108,,0,1031,,G,,0,0,000000000,00000000000,0,0,0,1,0,0,0,0,0,0,0,45,0,0,0,12,12,6,2,2,0,0,1,1,39,45106,6,1,0,0,3,0,60,115,2,0,0,1,1,11,2008,8,2010,0,28,0,0,0,1,4,45,2,1,2,2,0,0,14,10,1,1,2,50,0,0
39,390582,2,2,3,15,8,17,49,12,2,1,0,39,1,34,34,34034,2,2000,WBAAM3340YCA,W,B,A,A,M,3,3,4,0,Y,C,A,0,P,BMW,3I2,4D,0,17,3153,,0,1073,,G,,0,0,000000000,00000000000,0,0,0,1,0,0,0,0,0,0,0,40,0,0,0,12,12,6,2,12,0,0,0,1,39,45121,6,1,0,0,3,0,67,120,0,1,0,1,3,7,2008,7,2009,0,0,0,0,0,1,4,45,3,1,2,2,0,0,14,62,1,1,1,51,1,0
39,390583,1,2,5,18,8,0,53,12,1,1,0,39,2,20,401,20401,14,1996,1GNDT13W9T23,1,G,N,D,T,1,3,W,9,T,2,3,0,P,CHEV,BZR,UT,96,17,4023,,0,1070,,G,,0,0,000000000,00000000000,0,0,0,1,0,0,0,0,0,0,0,998,0,0,0,12,12,6,2,12,0,0,0,1,39,44907,3,1,0,0,2,0,72,173,0,2,1,0,0,7,2008,11,2008,1,26,0,0,0,1,2,40,1,1,2,1,20,3,1,52,1,1,1,28,0,1
39,390583,2,2,2,18,8,0,53,12,1,1,0,39,1,76,705,76705,80,2004,JYARJ06E44A0,J,Y,A,R,J,0,6,E,4,4,A,0,0,M,YAMA,R6L,RS,4,17,,,,,,,599,0,0,000000000,00000000000,0,0,0,1,0,0,0,0,0,0,0,998,0,0,0,6,6,6,2,12,0,0,0,1,39,44903,6,1,0,0,3,0,68,190,0,2,0,2,0,9,2007,10,2008,0,0,0,0,0,1,2,40,1,1,2,1,20,3,2,53,1,1,1,29,1,0
39,390584,1,2,1,19,8,7,40,12,6,1,0,39,1,12,13,12013,4,1999,1FAFP13P6XW2,1,F,A,F,P,1,3,P,6,X,W,2,0,P,FORD,ESE,4D,99,17,2468,,0,984,,G,,0,0,000000000,00000000000,0,0,0,1,0,0,0,0,0,0,0,998,0,0,0,9,9,6,2,12,0,0,0,1,39,45113,6,1,0,0,3,3,66,145,1,0,0,0,0,11,2008,11,2008,0,38,0,0,0,1,2,55,1,1,2,1,20,3,10,16,1,1,1,78,1,0
39,390584,2,2,1,19,8,7,40,12,6,1,0,39,1,7,472,7472,30,1998,1B7GL22Y6WS5,1,B,7,G,L,2,2,Y,6,W,S,5,0,T,DODG,DAK,PC,98,17,,1,0,1309,DAK,G,,0,0,000000000,00000000000,0,0,0,1,0,0,0,0,0,0,0,60,0,1,1,12,11,6,2,12,0,0,0,1,39,45113,6,1,0,0,3,0,66,130,0,1,0,0,0,5,2010,5,2010,0,0,0,0,0,1,2,55,1,1,2,1,0,0,1,65,1,1,1,79,0,1
39,390585,1,1,1,22,8,0,57,30,0,1,0,39,2,12,3,12003,2,1999,1FAFP4440XF1,1,F,A,F,P,4,4,4,0,X,F,1,0,P,FORD,MUS,CV,99,17,3211,,0,1013,,G,,0,0,000000000,00000000000,0,0,0,1,0,0,0,0,0,0,0,55,0,0,0,9,9,6,2,30,0,0,0,1,39,44278,6,1,0,0,3,0,72,205,1,0,0,0,0,11,2008,11,2008,1,0,0,0,0,1,2,35,3,2,2,2,0,0,14,13,1,1,4,1,1,1
39,390586,1,2,1,17,8,22,43,12,6,1,0,39,1,72,706,72706,80,1999,1HD1CAP1XXK1,1,H,D,1,C,A,P,1,X,X,K,1,0,M,HD,L12,RS,99,17,,,,,,,1200,0,0,000000000,00000000000,0,0,0,1,0,0,0,0,0,0,0,45,0,0,0,12,12,6,2,12,0,0,0,1,39,43614,6,1,0,0,3,0,72,220,1,0,0,0,1,5,2010,7,2010,0,0,0,0,0,1,4,35,1,2,2,1,0,0,1,17,1,1,2,69,1,0
39,390586,2,2,1,17,8,22,43,12,6,1,1,39,2,20,2,20002,4,1992,1G1BL53E5NW1,1,G,1,B,L,5,3,E,5,N,W,1,0,P,CHEV,CAP,4D,92,17,3907,,0,1159,,G,,0,0,000000000,00000000000,0,0,0,1,0,0,0,0,0,0,0,20,0,0,0,3,5,6,2,12,0,0,0,1,39,43607,1,1,0,0,2,0,72,195,0,1,0,0,3,5,2010,6,2010,0,38,0,0,0,1,4,35,1,2,2,1,0,0,11,17,1,1,2,68,0,1
39,390587,1,1,2,7,5,19,36,32,0,1,0,39,1,12,3,12003,9,1999,999999999999,9,9,9,9,9,9,9,9,9,9,9,9,0,U,,,,9,17,,,,,,,,0,0,000000000,00000000000,0,0,0,1,0,0,0,0,0,0,0,77,0,0,0,12,12,6,2,32,0,0,0,1,39,45066,6,1,0,0,3,3,73,200,1,0,0,1,2,6,2007,7,2009,1,0,0,0,0,1,2,55,1,2,2,1,0,0,1,10,1,1,5,6,1,1
39,390588,1,2,1,29,5,1,40,12,2,1,0,39,1,20,36,20036,2,2006,2G1WM16KX692,2,G,1,W,M,1,6,K,X,6,9,2,0,P,CHEV,M/T,CP,6,17,3461,,0,1105,,F,,0,0,000000000,00000000000,0,0,0,1,0,0,0,0,0,0,0,998,0,0,0,12,12,6,2,12,0,0,0,1,39,44109,6,1,0,0,3,0,72,240,0,0,0,0,0,0,0,0,0,0,30,0,0,0,6,1,60,4,2,2,1,0,0,14,18,1,1,1,50,1,1
39,390588,2,2,3,29,5,1,40,12,2,1,0,39,2,20,403,20403,14,2005,1GNDT13S3523,1,G,N,D,T,1,3,S,3,5,2,3,0,P,CHEV,TRL,UT,5,17,4612,,0,1130,,G,,0,0,000000000,00000000000,0,0,0,1,0,0,0,0,0,0,0,60,0,0,0,12,12,6,2,12,0,0,0,1,39,44017,6,1,0,0,3,0,70,175,0,0,0,3,2,7,2007,10,2009,0,0,0,0,0,6,1,60,4,2,2,1,0,0,14,18,1,1,1,51,0,0
39,390589,1,1,1,14,6,14,59,1,0,1,0,39,1,20,16,20016,4,2002,1G1JF52T4271,1,G,1,J,F,5,2,T,4,2,7,1,0,P,CHEV,CAS,4D,2,17,2676,,0,1041,,G,,0,0,000000000,00000000000,0,0,0,1,0,0,0,0,0,0,0,998,0,2,5,0,0,6,2,1,0,0,0,1,39,43615,6,1,0,0,3,3,59,110,0,0,0,0,0,0,0,0,0,1,0,0,0,0,3,4,60,1,1,2,1,0,0,15,13,1,3,4,2,1,1
39,390590,1,1,2,11,8,13,19,33,0,1,0,39,1,12,3,12003,2,1997,1FALP4044VF1,1,F,A,L,P,4,0,4,4,V,F,1,0,P,FORD,MUS,CP,97,17,3084,,0,1013,,G,,0,0,000000000,00000000000,0,0,0,1,0,0,0,0,0,0,0,998,0,0,0,3,3,6,2,42,0,0,0,1,39,44646,6,1,0,0,3,0,72,240,0,4,0,0,1,1,2008,6,2010,1,39,0,0,0,1,2,25,1,1,2,1,20,3,1,13,1,1,4,1,1,0
39,390591,1,1,1,13,8,16,30,8,0,1,1,26,1,12,481,12481,31,2003,1FTRF18W53NB,1,F,T,R,F,1,8,W,5,3,N,B,0,T,FORD,F15,PK,3,17,,2,1388,1202,COF,G,,0,0,000000000,00000000000,0,0,0,1,0,0,0,0,0,0,0,50,0,0,0,1,1,6,2,8,0,0,0,1,26,48182,6,1,0,0,3,0,68,250,1,0,0,0,0,11,2007,11,2007,0,39,0,0,0,1,4,45,1,1,2,1,3,3,1,80,1,1,1,13,0,1
39,390592,1,4,1,22,8,2,2,7,0,1,0,39,1,20,16,20016,2,1999,1G1JC1242X72,1,G,1,J,C,1,2,4,2,X,7,2,0,P,CHEV,C/S,CP,99,17,2617,,0,1041,,G,,0,0,000000000,00000000000,0,0,0,1,0,0,0,0,0,0,0,998,0,0,0,0,0,0,3,7,0,0,0,1,39,45240,6,1,0,0,3,3,66,180,1,0,0,0,2,10,2008,11,2009,0,36,0,0,0,3,3,65,1,2,2,1,0,0,1,98,1,1,1,0,0,1
39,390592,2,4,1,22,8,2,2,7,0,1,0,18,3,85,881,85881,66,2010,1XKAD08X6AJ2,1,X,K,A,D,0,8,X,6,A,J,2,1,T,KW,T60,DS,10,17,,8,2600,1600,CON,D,,1,57,717188,57717188,3,6,2,1,0,0,0,0,0,0,0,998,0,0,0,14,14,0,1,8,0,0,0,1,39,45244,6,1,6,1,3,0,72,305,1,0,0,0,0,11,2009,11,2009,0,0,0,0,0,3,3,65,1,2,2,1,0,0,1,80,1,1,1,98,0,0
39,390592,3,4,1,22,8,2,2,7,0,1,1,39,2,41,51,41051,4,2009,JM1BK32F0912,J,M,1,B,K,3,2,F,0,9,1,2,0,P,MAZD,M3I,4D,9,17,2780,,0,1039,,G,,0,0,000000000,00000000000,0,0,0,1,0,0,0,0,0,0,0,998,0,0,0,14,14,6,9,8,0,0,0,1,39,45217,6,1,0,0,3,0,63,113,0,0,0,1,0,9,2009,9,2009,0,0,0,0,0,3,3,65,1,2,2,1,0,0,1,80,1,1,1,98,0,0