STATE,ST_CASE,VEH_NO,VE_FORMS,NUMOCCS,DAY,MONTH,HOUR,MINUTE,HARM_EV,MAN_COLL,UNITTYPE,HIT_RUN,REG_STAT,OWNER,MAKE,MODEL,MAK_MOD,BODY_TYP,MOD_YEAR,VIN,VIN_1,VIN_2,VIN_3,VIN_4,VIN_5,VIN_6,VIN_7,VIN_8,VIN_9,VIN_10,VIN_11,VIN_12,TOW_VEH,VINTYPE,VINMAKE,VINA_MOD,VIN_BT,VINMODYR,VIN_LNGT,VIN_WGT,WGTCD_TR,WHLBS_LG,WHLBS_SH,SER_TR,FUELCODE,MCYCL_DS,J_KNIFE,MCARR_I1,MCARR_I2,MCARR_ID,GVWR,V_CONFIG,CARGO_BT,HAZ_INV,HAZ_PLAC,HAZ_ID,HAZ_CNO,HAZ_REL,BUS_USE,SPEC_USE,EMER_USE,TRAV_SP,UNDERIDE,ROLLOVER,ROLINLOC,IMPACT1,IMPACT2,DEFORMED,TOWED,M_HARM,VEH_SC1,VEH_SC2,FIRE_EXP,DR_PRES,L_STATE,DR_ZIP,L_STATUS,L_TYPE,CDL_STAT,L_ENDORS,L_COMPL,L_RESTRI,DR_HGT,DR_WGT,PREV_ACC,PREV_SUS,PREV_DWI,PREV_SPD,PREV_OTH,FIRST_MO,FIRST_YR,LAST_MO,LAST_YR,SPEEDREL,DR_SF1,DR_SF2,DR_SF3,DR_SF4,VTRAFWAY,VNUM_LAN,VSPD_LIM,VALIGN,VPROFILE,VPAVETYP,VSURCOND,VTRAFCON,VTCONT_F,P_CRASH1,P_CRASH2,P_CRASH3,PCRASH4,PCRASH5,ACC_TYPE,DEATHS,DR_DRINK
39,390626,1,1,1,11,8,0,49,33,0,1,0,39,1,53,706,53706,80,2006,JS1GW71A1621,J,S,1,G,W,7,1,A,1,6,2,1,0,M,SUZI,GXR,RS,6,17,,,,,,,1298,0,0,000000000,00000000000,0,0,0,1,0,0,0,0,0,0,0,39,0,0,0,10,10,6,2,30,0,0,0,1,39,45240,6,1,0,0,3,0,72,200,0,0,0,0,0,0,0,0,0,1,36,0,0,0,1,2,25,4,5,2,1,0,0,14,8,1,2,5,2,1,1
39,390627,1,1,2,11,8,10,33,34,0,1,0,39,1,13,1,13001,4,1999,1LNHM97V5XY6,1,L,N,H,M,9,7,V,5,X,Y,6,0,P,LINC,CON,4D,99,17,3868,,0,1090,,G,,0,0,000000000,00000000000,0,0,0,1,0,0,0,0,0,0,0,998,0,0,0,12,2,6,2,42,0,0,1,1,39,44601,6,1,0,0,3,0,67,180,0,0,0,0,0,0,0,0,0,0,0,0,0,0,3,6,65,1,2,2,1,0,0,1,13,1,1,5,1,1,0
39,390628,1,1,3,17,8,14,25,34,0,1,0,39,2,20,471,20471,30,1986,1GCBS14E7G22,1,G,C,B,S,1,4,E,7,G,2,2,0,T,CHEV,S14,PK,86,17,,1,1229,1083,S,G,,0,0,000000000,00000000000,0,0,0,1,0,0,0,0,0,0,0,25,0,1,6,12,3,6,2,1,0,0,0,1,39,45694,6,8,0,0,3,0,71,215,0,0,0,0,0,0,0,0,0,0,36,0,0,0,1,2,55,4,2,2,1,0,0,14,8,1,2,5,7,1,0
39,390629,1,2,1,19,8,7,59,12,6,1,0,39,1,37,703,37703,80,2007,JH2MC13037K3,J,H,2,M,C,1,3,0,3,7,K,3,0,M,HOND,CMX,RS,7,17,,,,,,,234,0,0,000000000,00000000000,0,0,0,1,0,0,0,0,0,0,0,10,0,0,0,3,3,6,2,12,0,0,0,1,39,44820,6,1,0,0,3,3,66,192,1,0,0,0,1,2,2010,2,2010,0,38,0,0,0,1,2,25,1,1,2,1,0,0,1,17,1,1,1,87,1,0
39,390629,2,2,1,19,8,7,59,12,6,1,0,37,1,20,2,20002,4,2004,2G1WF52E4492,2,G,1,W,F,5,2,E,4,4,9,2,0,P,CHEV,IMP,4D,4,17,3389,,0,1105,,G,,0,0,000000000,00000000000,0,0,0,1,0,0,0,0,0,0,0,15,0,0,0,12,10,4,1,12,0,0,0,1,39,44820,6,1,0,0,3,0,66,114,0,0,0,0,0,0,0,0,0,0,0,0,0,0,1,2,25,1,1,2,1,0,0,1,17,1,1,1,86,0,0
39,390630,1,2,4,19,8,11,44,12,6,1,0,4,1,49,40,49040,4,2002,4T1BE32KX2U0,4,T,1,B,E,3,2,K,X,2,U,0,0,P,TOYT,LXS,4D,2,17,3086,,0,1071,,G,,0,0,000000000,00000000000,0,0,0,1,0,0,0,0,0,0,0,998,0,1,5,3,3,6,2,12,0,0,0,1,4,85614,6,1,0,0,3,3,65,195,0,0,0,0,0,0,0,0,0,0,38,0,0,0,1,2,55,1,2,2,1,20,3,1,17,1,1,1,87,2,0
39,390630,2,2,1,19,8,11,44,12,6,1,0,39,1,55,33,55033,4,2006,KMHET46C96A0,K,M,H,E,T,4,6,C,9,6,A,0,0,P,HYUN,SOL,4D,6,17,3253,,0,1074,,G,,0,0,000000000,00000000000,0,0,0,1,0,0,0,0,0,0,0,45,0,0,0,12,12,6,2,12,0,0,0,1,39,44676,6,1,0,0,3,3,66,160,0,0,0,1,0,6,2009,6,2009,0,0,0,0,0,1,2,55,1,2,2,1,0,0,1,17,1,1,1,86,0,0
39,390631,1,2,2,4,7,18,42,12,6,1,0,39,1,18,402,18402,14,2004,5GAET13P6423,5,G,A,E,T,1,3,P,6,4,2,3,0,P,BUIC,RNR,UT,4,17,4600,,0,1130,,G,,0,0,000000000,00000000000,0,0,0,1,0,0,0,0,0,0,0,998,0,1,1,11,13,6,2,1,0,0,0,1,39,45828,6,1,0,0,3,3,63,162,0,0,0,0,0,0,0,0,0,0,0,0,0,0,1,2,55,1,1,2,1,0,0,1,66,1,1,1,86,1,0
39,390631,2,2,1,4,7,18,42,12,6,1,0,39,1,24,1,24001,4,2001,999999999999,9,9,9,9,9,9,9,9,9,9,9,9,0,U,,,,9,17,,,,,,,,0,0,000000000,00000000000,0,0,0,1,0,0,0,0,0,0,0,55,0,0,0,1,13,6,2,12,0,0,0,1,39,45885,6,1,0,0,3,3,64,170,0,0,0,0,0,0,0,0,0,0,39,0,0,0,1,2,55,1,1,2,1,20,3,1,17,1,1,1,87,0,0
39,390632,1,1,1,15,7,11,0,35,0,1,0,39,1,12,471,12471,30,2004,1FTYR44U14PA,1,F,T,Y,R,4,4,U,1,4,P,A,0,T,FORD,RNS,4C,4,17,,1,0,1257,RNG,G,,0,0,000000000,00000000000,0,0,0,1,0,0,0,0,0,0,0,998,0,0,0,12,11,6,2,42,0,0,0,1,39,45786,6,1,0,0,3,3,73,185,0,0,0,0,0,0,0,0,0,0,0,0,0,0,1,2,45,3,1,2,1,0,0,14,13,1,1,4,1,1,0
39,390633,1,3,1,13,8,16,38,12,1,1,0,39,1,72,709,72709,80,1979,4E37189H9,4,E,3,7,1,8,9,H,9,,,,0,P,,,,,,,,,,,,,0,0,000000000,00000000000,0,0,0,1,0,0,0,0,0,0,0,998,0,0,0,12,12,6,2,12,0,0,0,1,39,43207,6,1,0,0,3,3,73,240,0,0,0,0,0,0,0,0,0,0,26,0,0,0,1,2,55,1,1,2,1,0,0,1,17,1,1,1,20,1,0
39,390633,2,3,1,13,8,16,38,12,1,1,0,39,1,7,25,7025,5,2007,1B3HB48BX7D3,1,B,3,H,B,4,8,B,X,7,D,3,0,P,DODG,CXT,4D,7,17,3038,,0,1037,,G,,0,0,000000000,00000000000,0,0,0,1,0,0,0,0,0,0,0,0,0,0,0,6,6,6,9,12,0,0,0,1,39,43207,6,1,0,0,3,3,68,145,0,0,0,0,0,0,0,0,0,0,0,0,0,0,1,2,55,1,1,2,1,0,0,5,53,1,1,1,21,0,0
39,390633,3,3,2,13,8,16,38,12,1,1,0,39,1,22,20,22020,4,1999,1G2NW52E3XM9,1,G,2,N,W,5,2,E,3,X,M,9,0,P,PONT,GAG,4D,99,17,3168,,0,1071,,G,,0,0,000000000,00000000000,0,0,0,1,0,0,0,0,0,0,0,0,0,0,0,6,6,2,1,12,0,0,0,1,39,43155,6,1,0,0,3,0,66,150,0,0,0,0,0,0,0,0,0,0,0,0,0,0,1,2,55,1,1,2,1,0,0,5,53,1,1,1,98,0,0
39,390634,1,1,3,24,8,3,27,33,0,1,0,39,2,37,32,37032,4,1994,1HGCD563XRA0,1,H,G,C,D,5,6,3,X,R,A,0,0,P,HOND,ULE,4D,94,17,2809,,0,1069,,G,,0,0,000000000,00000000000,0,0,0,1,0,0,0,0,0,0,0,998,0,0,0,5,13,6,2,30,0,0,0,1,39,43607,0,0,0,0,0,0,999,999,0,0,0,0,0,0,0,0,0,1,0,0,0,0,1,4,35,1,1,2,1,0,0,1,6,1,4,4,7,3,1
39,390635,1,1,1,9,9,11,12,52,0,1,0,39,1,7,482,7482,31,2007,3D7KS28D37G7,3,D,7,K,S,2,8,D,3,7,G,7,0,T,DODG,SQ2,CW,7,17,,2,1605,1405,RPC,G,,0,0,000000000,00000000000,0,0,0,1,0,0,0,0,0,0,0,60,0,1,3,12,9,6,2,24,0,0,0,1,39,45780,6,1,0,0,3,0,67,210,0,0,0,0,0,0,0,0,0,0,0,0,0,0,2,4,60,1,1,2,1,0,0,1,12,1,1,4,6,1,0
39,390636,1,1,2,10,9,23,54,15,0,1,0,39,2,12,17,12017,4,2003,1FAFP55U63A1,1,F,A,F,P,5,5,U,6,3,A,1,0,P,FORD,TSS,4D,3,17,3329,,0,1085,,G,,0,0,000000000,00000000000,0,0,0,1,0,0,0,0,0,0,0,35,0,0,0,12,13,6,2,15,0,0,0,1,39,45213,6,1,0,0,3,0,73,135,0,0,0,0,0,0,0,0,0,0,0,0,0,0,1,2,45,1,1,2,1,0,0,1,83,1,1,1,13,0,0
39,390637,1,1,1,10,9,11,18,35,0,1,0,39,1,20,481,20481,31,1996,1GCEC14W1TZ1,1,G,C,E,C,1,4,W,1,T,Z,1,0,T,CHEV,GC1,PK,96,17,,2,1315,1175,GM4,G,,0,0,000000000,00000000000,0,0,0,1,0,0,0,0,0,0,0,998,0,0,0,12,12,6,2,42,0,0,0,1,39,43840,6,1,0,0,3,3,74,247,0,0,0,0,0,0,0,0,0,0,0,0,0,0,1,2,55,2,1,2,1,0,0,14,12,1,1,4,6,1,0
39,390638,1,1,1,14,9,8,22,8,0,1,0,39,1,20,404,20404,14,2008,2CNDL9372863,2,C,N,D,L,9,3,7,2,8,6,3,0,P,CHEV,EQU,UT,8,17,3818,,0,1125,,G,,0,0,000000000,00000000000,0,0,0,1,0,0,0,0,0,0,0,35,0,0,0,11,11,2,9,8,0,0,0,1,39,43026,6,1,0,0,3,0,60,110,0,0,0,0,0,0,0,0,0,0,0,0,0,0,1,2,50,1,1,2,1,0,0,1,80,1,1,1,13,0,0
39,390639,1,1,2,16,9,7,13,8,0,1,0,39,2,18,20,18020,4,2000,2G4WB52K7Y13,2,G,4,W,B,5,2,K,7,Y,1,3,0,P,BUIC,RLS,4D,0,17,3438,,0,1090,,G,,0,0,000000000,00000000000,0,0,0,1,0,0,0,0,0,0,0,35,0,0,0,12,12,6,9,8,0,0,0,1,39,43232,6,1,0,0,3,0,73,200,0,0,0,0,0,0,0,0,0,0,0,0,0,0,1,4,35,1,1,2,2,0,0,1,80,1,1,1,13,0,0
39,390641,1,3,1,19,8,16,18,12,2,1,0,39,1,37,441,37441,20,2004,5FNRL18994B0,5,F,N,R,L,1,8,9,9,4,B,0,0,P,HOND,UDY,SV,4,17,4365,,0,1181,,G,,0,0,000000000,00000000000,0,0,0,1,0,0,0,0,0,0,0,33,0,0,0,12,12,6,2,12,0,0,0,1,39,44720,6,1,0,0,3,0,65,220,0,0,0,0,0,0,0,0,0,0,28,0,0,0,1,2,45,1,2,2,1,0,0,1,10,1,1,2,50,1,0
39,390641,2,3,1,19,8,16,18,12,2,1,0,39,2,72,706,72706,80,2006,1HD1FRW146Y6,1,H,D,1,F,R,W,1,4,6,Y,6,0,M,HD,FCI,RS,6,17,,,,,,,1450,0,0,000000000,00000000000,0,0,0,1,0,0,0,0,0,0,0,998,0,0,0,12,12,6,2,12,0,0,0,1,39,44646,6,1,0,0,3,0,68,200,0,3,1,0,0,3,2008,5,2008,0,0,0,0,0,1,2,45,1,2,2,1,0,0,1,62,1,1,1,51,1,0
39,390641,3,3,1,19,8,16,18,12,2,1,0,39,1,20,401,20401,14,1996,1GNDT13W4T21,1,G,N,D,T,1,3,W,4,T,2,1,0,P,CHEV,BZR,UT,96,17,4023,,0,1070,,G,,0,0,000000000,00000000000,0,0,0,1,0,0,0,0,0,0,0,998,0,0,0,10,10,6,2,12,0,0,0,1,39,44646,6,1,0,0,3,0,67,170,0,0,0,0,0,0,0,0,0,0,0,0,0,0,1,2,45,1,2,2,1,0,0,1,62,1,1,1,98,0,0
39,390642,1,2,1,20,8,13,39,12,8,1,0,39,2,23,481,23481,31,2008,2GTEC1902813,2,G,T,E,C,1,9,0,2,8,1,3,0,T,GMC,SC1,4C,8,17,,2,1575,1339,SIE,F,,0,0,000000000,00000000000,0,0,0,1,0,0,0,0,0,0,0,30,0,0,0,10,10,6,2,12,0,0,0,1,39,43235,6,1,0,0,3,0,70,200,0,0,0,0,0,0,0,0,0,0,36,51,0,0,1,2,35,1,1,2,1,0,0,1,10,2,1,2,64,0,0
39,390642,2,2,1,20,8,13,39,12,8,1,0,39,1,54,399,54399,7,1990,JH4DA9459LS0,J,H,4,D,A,9,4,5,9,L,S,0,0,P,ACUR,ILS,2H,90,17,2491,,0,1004,,G,,0,0,000000000,00000000000,0,0,0,1,0,0,0,0,0,0,0,32,0,0,0,10,10,6,2,12,0,0,0,1,39,43235,6,1,0,0,3,0,59,95,0,0,0,0,0,0,0,0,0,0,0,0,0,0,1,2,35,1,1,2,1,0,0,1,62,1,1,1,65,1,0
39,390643,1,1,1,21,8,14,15,9,0,1,0,39,2,12,481,12481,31,1985,1FTEF14Y9FNA,1,F,T,E,F,1,4,Y,9,F,N,A,0,T,FORD,F15,PK,85,17,,2,1550,1170,COF,G,,0,0,000000000,00000000000,0,0,0,1,0,0,0,0,0,0,0,35,0,0,0,12,12,0,3,9,0,0,0,1,39,43149,6,1,0,0,3,3,71,190,0,0,0,0,0,0,0,0,0,0,28,39,91,0,1,2,55,1,2,2,2,0,0,1,17,1,1,2,13,0,0
39,390644,1,2,1,21,8,19,3,12,6,1,0,39,1,53,706,53706,80,2006,JS1VY53A8621,J,S,1,V,Y,5,3,A,8,6,2,1,0,M,SUZI,VZR,RS,6,17,,,,,,,1783,0,0,000000000,00000000000,0,0,0,1,0,0,0,0,0,0,0,5,0,0,0,12,12,6,2,12,0,0,0,1,39,43204,6,1,0,0,3,0,73,250,1,1,0,0,1,9,2009,4,2010,0,0,0,0,0,1,4,99,1,1,2,2,0,0,1,62,1,1,1,83,1,0
39,390644,2,2,1,21,8,19,3,12,6,1,0,39,1,20,481,20481,31,1998,1GCHC33J2WF0,1,G,C,H,C,3,3,J,2,W,F,0,0,T,CHEV,GC3,CW,98,17,,2,0,1685,GM4,G,,0,0,000000000,00000000000,0,0,0,1,0,0,0,0,0,0,0,35,0,0,0,3,3,6,2,12,0,0,0,1,39,43223,6,1,0,0,3,0,74,150,1,0,0,0,0,6,2008,6,2008,0,38,0,0,0,1,4,99,1,1,2,2,0,0,11,18,1,1,2,82,0,0
39,390645,1,2,1,21,8,11,39,12,6,1,0,39,1,37,706,37706,80,2007,1HFSC46E07A5,1,H,F,S,C,4,6,E,0,7,A,5,0,M,HOND,VCX,RS,7,17,,,,,,,1795,0,0,000000000,00000000000,0,0,0,1,0,0,0,0,0,0,0,5,0,0,0,12,2,6,9,12,0,0,0,1,39,43062,6,1,0,0,3,0,76,290,0,0,0,0,0,0,0,0,0,0,0,0,0,0,2,2,35,1,1,2,1,3,3,1,17,1,1,1,86,1,0
39,390645,2,2,1,21,8,11,39,12,6,1,0,39,2,37,31,37031,4,1998,1HGEJ6573WL0,1,H,G,E,J,6,5,7,3,W,L,0,0,P,HOND,UCL,4D,98,17,2375,,0,1032,,G,,0,0,000000000,00000000000,0,0,0,1,0,0,0,0,0,0,0,35,0,0,0,2,2,6,9,12,0,0,0,1,39,43023,6,1,0,0,3,3,74,150,0,0,0,0,0,0,0,0,0,0,39,0,0,0,2,2,45,1,1,2,1,3,3,1,17,1,1,1,87,0,0
39,390646,1,2,2,22,8,16,50,12,1,1,0,39,1,20,481,20481,31,1989,1GCDC14KXKE1,1,G,C,D,C,1,4,K,X,K,E,1,0,T,CHEV,GC1,PK,89,17,,1,1315,1175,GM4,G,,0,0,000000000,00000000000,0,0,0,1,0,0,0,0,0,0,0,68,0,0,0,12,12,2,3,12,0,0,0,1,39,43512,6,1,0,0,3,0,74,210,0,0,0,3,1,3,2008,4,2010,1,26,0,0,0,1,4,45,1,1,2,1,0,0,1,18,1,1,1,24,0,1
39,390646,2,2,1,22,8,16,50,12,1,1,0,39,1,73,706,73706,80,2002,JKAZX9C1X2A0,J,K,A,Z,X,9,C,1,X,2,A,0,0,M,KAWK,Z12,RS,2,17,,,,,,,1200,0,0,000000000,00000000000,0,0,0,1,0,0,0,0,0,0,0,998,0,0,0,6,6,6,2,12,0,0,0,1,39,45831,6,1,0,0,3,0,71,370,1,1,0,0,1,4,2008,11,2009,0,0,0,0,0,1,4,45,1,1,2,1,0,0,1,53,1,1,1,25,1,1
39,390647,1,2,1,22,8,18,40,12,2,1,0,39,2,72,706,72706,80,2007,1HD1HFZ127K8,1,H,D,1,H,F,Z,1,2,7,K,8,0,M,HD,VRA,RS,7,17,,,,,,,1130,0,0,000000000,00000000000,0,0,0,1,0,0,0,0,0,0,0,998,0,0,0,12,12,6,2,12,0,0,0,1,39,45385,6,1,0,0,3,0,65,130,0,0,0,0,0,0,0,0,0,0,28,0,0,0,1,2,55,4,1,2,1,0,0,14,10,1,1,2,50,1,1
39,390647,2,2,1,22,8,18,40,12,2,1,0,39,1,2,403,2403,14,2008,1J4FA24148L5,1,J,4,F,A,2,4,1,4,8,L,5,0,T,JEEP,WXR,2W,8,17,,1,0,954,WRA,G,,0,0,000000000,00000000000,0,0,0,1,0,0,0,0,0,0,0,998,0,0,0,12,11,6,2,12,0,0,0,1,39,45042,6,1,0,0,3,0,70,210,0,0,0,0,0,0,0,0,0,0,0,0,0,0,1,2,45,4,1,2,1,0,0,14,62,1,1,1,51,0,0
39,390648,1,2,1,23,8,13,47,12,6,1,0,42,1,87,881,87881,66,2007,1XP5DB9X37N7,1,X,P,5,D,B,9,X,3,7,N,7,1,T,PTRB,379,DS,7,17,,8,0,0,CON,D,,1,57,736210,57736210,3,6,1,1,0,0,0,0,0,0,0,45,0,0,0,12,12,6,2,12,0,0,0,1,42,16749,6,1,6,1,3,0,69,999,0,0,0,0,1,9,2009,9,2009,0,0,0,0,0,1,2,55,1,2,2,1,0,0,1,17,1,1,1,88,0,0
39,390648,2,2,1,23,8,13,47,12,6,1,0,39,1,12,37,12037,4,2007,1FAHP34N87W1,1,F,A,H,P,3,4,N,8,7,W,1,0,P,FORD,FMS,4D,7,17,2636,,0,1029,,G,,0,0,000000000,00000000000,0,0,0,1,0,0,0,0,0,0,0,40,0,0,0,9,9,6,2,12,0,0,0,1,39,44432,6,1,0,0,3,0,70,205,0,0,0,1,0,10,2007,10,2007,0,39,0,0,0,1,2,55,1,2,2,1,20,3,1,17,1,1,1,89,1,0
39,390649,1,1,2,23,8,18,15,53,0,1,1,39,1,20,401,20401,14,1996,1GNDT13W7T21,1,G,N,D,T,1,3,W,7,T,2,1,0,P,CHEV,BZR,UT,96,17,4023,,0,1070,,G,,0,0,000000000,00000000000,0,0,0,1,0,0,0,0,0,0,0,998,0,1,5,12,12,6,2,53,0,0,0,1,39,45133,6,1,0,0,3,0,68,195,0,0,0,0,0,0,0,0,0,0,36,91,0,0,1,2,55,4,2,2,1,0,0,14,11,6,2,4,2,1,1
39,390650,1,1,1,23,8,14,0,34,0,1,0,39,1,72,706,72706,80,2001,1HD4CJM151K1,1,H,D,4,C,J,M,1,5,1,K,1,0,M,HD,L8C,RS,1,17,,,,,,,883,0,0,000000000,00000000000,0,0,0,1,0,0,0,0,0,0,0,50,0,0,0,12,12,6,2,34,0,0,0,1,39,45011,6,1,0,0,3,3,68,145,1,2,1,0,1,11,2008,9,2009,0,51,0,0,0,1,2,55,4,2,2,1,0,0,14,12,1,1,5,6,1,1
39,390651,1,1,1,25,8,9,25,35,0,1,0,39,1,12,461,12461,21,1998,1FDRE1460WHB,1,F,D,R,E,1,4,6,0,W,H,B,0,T,FORD,15V,IC,98,17,,2,0,1380,VAN,G,,0,0,000000000,00000000000,0,0,0,1,0,0,0,0,0,0,0,998,0,1,5,12,9,6,2,30,0,0,0,1,39,43725,6,1,0,0,3,3,69,250,0,0,0,0,0,0,0,0,0,0,0,0,0,0,1,2,55,4,2,2,1,0,0,14,13,1,1,5,1,1,1
39,390652,1,1,3,26,8,23,50,33,0,1,0,39,2,12,13,12013,4,1994,3FARP13J3RR1,3,F,A,R,P,1,3,J,3,R,R,1,0,P,FORD,EST,4D,94,17,2371,,0,984,,G,,0,0,000000000,00000000000,0,0,0,1,0,0,0,0,0,0,0,25,0,0,0,12,12,6,2,42,0,0,0,1,39,43907,1,8,0,0,2,0,74,175,1,5,0,1,2,5,2009,7,2010,0,36,91,0,0,1,2,25,2,2,2,1,0,0,14,8,1,2,5,2,1,1
39,390653,1,1,8,2,6,8,13,30,0,1,0,39,3,84,981,84981,50,2001,1HVBBAAN41H3,1,H,V,B,B,A,A,N,4,1,H,3,0,T,INTL,380,BU,1,17,,7,2760,1520,30S,D,,0,88,888888888,88888888888,3,21,22,1,0,0,0,0,1,0,0,50,0,1,5,12,13,6,2,30,0,0,0,1,39,43821,6,1,6,1,3,3,66,140,2,1,0,0,0,5,2008,7,2009,0,0,0,0,0,1,2,55,3,1,2,1,0,0,14,13,1,1,4,1,1,0
39,390654,1,2,1,31,8,13,33,12,6,1,0,39,3,12,881,12881,63,1977,U81DV047549,U,8,1,D,V,0,4,7,5,4,9,,0,P,,,,,,,,,,,,,0,57,1068838,571068838,3,2,4,1,0,0,0,0,0,0,0,50,0,0,0,12,11,4,9,12,0,0,0,1,39,44662,6,1,6,0,3,0,71,190,0,0,0,0,1,8,2008,8,2008,0,0,0,0,0,1,2,55,1,1,2,1,0,0,1,66,1,1,1,86,0,0
39,390654,2,2,1,31,8,13,33,12,6,1,0,39,1,55,33,55033,4,2002,KMHWF25S52A5,K,M,H,W,F,2,5,S,5,2,A,5,0,P,HYUN,SOL,4D,2,17,3181,,0,1063,,G,,0,0,000000000,00000000000,0,0,0,1,0,0,0,0,0,0,0,10,0,0,0,2,2,6,2,12,0,0,0,1,39,44303,6,1,0,0,3,0,67,150,1,0,0,2,0,3,2008,11,2009,0,38,0,0,0,1,2,55,1,1,2,1,20,3,1,17,1,1,1,87,1,1
39,390655,1,1,1,4,9,6,26,42,0,1,0,39,1,12,461,12461,21,2000,1FTPE2423YHA,1,F,T,P,E,2,4,2,3,Y,H,A,0,T,FORD,25V,CG,0,17,,2,0,1380,VAN,G,,0,0,000000000,00000000000,0,0,0,1,0,0,0,0,0,0,0,998,0,0,0,12,13,6,2,2,0,0,1,1,39,43917,6,1,0,0,3,0,71,184,0,0,0,0,0,0,0,0,0,0,0,0,0,0,1,2,55,3,2,2,1,0,0,14,12,1,1,4,6,1,0
39,390656,1,2,1,7,9,10,19,12,1,1,0,39,1,7,442,7442,20,2003,1D4GP44383B2,1,D,4,G,P,4,4,3,8,3,B,2,0,P,DODG,CAR,SV,3,17,3975,,0,1193,,F,,0,0,000000000,00000000000,0,0,0,1,0,0,0,0,0,0,0,51,1,0,0,12,12,6,2,12,0,0,0,1,39,43357,6,1,0,0,3,0,70,225,0,0,0,0,0,0,0,0,0,1,26,0,0,0,1,2,55,1,2,2,1,0,0,1,6,1,1,1,20,1,0
39,390656,2,2,1,7,9,10,19,12,1,1,0,39,1,51,881,51881,66,2003,4V4NC9GH73N3,4,V,4,N,C,9,G,H,7,3,N,3,1,T,VOLV,VNL,DS,3,17,,8,0,0,VVN,D,,1,57,01951134,5701951134,3,6,1,1,0,0,0,0,0,0,0,0,0,0,0,6,6,4,9,12,0,0,0,1,39,43311,6,1,6,0,3,3,73,200,1,0,0,0,2,6,2008,7,2008,0,0,0,0,0,1,2,55,1,2,2,1,0,0,5,53,1,1,1,21,0,0
39,390657,1,1,1,9,9,1,34,33,0,1,0,39,1,12,16,12016,4,1997,2FALP74WXVX1,2,F,A,L,P,7,4,W,X,V,X,1,0,P,FORD,CVL,4D,97,17,0,,0,1144,,G,,0,0,000000000,00000000000,0,0,0,1,0,0,0,0,0,0,0,50,0,0,0,1,7,6,2,21,0,0,0,1,39,43701,6,1,0,0,3,0,70,150,0,0,0,0,0,0,0,0,0,1,36,0,0,0,1,2,35,4,2,2,1,0,0,6,13,1,1,4,1,1,1
39,390658,1,1,1,12,9,11,0,32,0,1,0,39,1,76,706,76706,80,2006,JYAVP04E56A0,J,Y,A,V,P,0,4,E,5,6,A,0,0,M,YAMA,ZTF,RS,6,17,,,,,,,1294,0,0,000000000,00000000000,0,0,0,1,0,0,0,0,0,0,0,998,0,0,0,12,12,6,2,32,0,0,0,1,39,43783,6,1,0,0,3,0,70,215,0,0,0,0,0,0,0,0,0,1,0,0,0,0,1,2,55,3,2,2,1,0,0,14,13,1,1,4,1,1,0
39,390659,1,1,1,12,9,5,20,52,0,1,0,39,1,12,17,12017,4,2001,1FAFP55U31A1,1,F,A,F,P,5,5,U,3,1,A,1,0,P,FORD,TSS,4D,1,17,3343,,0,1085,,G,,0,0,000000000,00000000000,0,0,0,1,0,0,0,0,0,0,0,998,0,0,0,6,9,6,2,38,0,0,0,1,39,43725,6,1,0,0,3,0,68,150,0,0,0,0,0,0,0,0,0,0,0,0,0,0,1,2,55,3,1,2,1,0,0,13,13,1,1,4,1,1,1
39,390660,1,2,3,15,9,12,8,12,6,1,0,39,3,12,481,12481,31,2005,999999999999,9,9,9,9,9,9,9,9,9,9,9,9,0,U,,,,9,17,,,,,,,,0,0,000000000,00000000000,0,0,0,1,0,0,0,0,0,0,0,20,7,0,0,12,1,6,2,12,0,0,0,1,39,44135,6,1,0,0,3,3,76,250,0,0,0,0,2,1,2008,3,2010,0,39,0,0,0,1,2,55,1,1,2,1,20,3,4,17,1,1,1,88,0,0
39,390660,2,2,1,15,9,12,8,12,6,1,0,39,1,20,16,20016,4,2001,1G1JF5241173,1,G,1,J,F,5,2,4,1,1,7,3,0,P,CHEV,CAS,4D,1,17,2676,,0,1041,,G,,0,0,000000000,00000000000,0,0,0,1,0,0,0,0,0,0,0,53,0,0,0,9,9,6,2,12,0,0,0,1,39,44233,6,1,0,0,3,3,67,140,0,0,0,0,0,0,0,0,0,0,0,0,0,0,1,2,55,1,1,2,1,0,0,1,66,1,1,1,89,1,0
39,390661,1,2,1,23,9,17,21,12,6,1,0,18,3,86,881,86881,66,2000,1M1AA18Y3YW1,1,M,1,A,A,1,8,Y,3,Y,W,1,1,T,MACK,CH6,DS,0,17,,8,0,0,600,D,,1,57,76065,5776065,3,6,2,1,0,0,0,0,0,0,0,0,0,0,0,9,13,6,9,2,0,0,1,1,39,43720,6,1,6,0,3,0,71,265,0,0,0,0,0,0,0,0,0,0,0,0,0,0,1,4,45,1,1,2,1,0,0,5,62,1,1,1,89,0,0
39,390661,2,2,1,23,9,17,21,12,6,1,0,39,1,7,472,7472,30,1996,1B7GL23X1TS5,1,B,7,G,L,2,3,X,1,T,S,5,0,T,DODG,DAK,PC,96,17,,1,0,1309,DAK,G,,0,0,000000000,00000000000,0,0,0,1,0,0,0,0,0,0,0,998,0,0,0,12,13,6,9,2,0,0,1,1,39,43130,6,1,0,0,3,0,70,180,0,1,1,0,2,2,2008,3,2010,0,28,0,0,0,1,4,45,1,1,2,1,0,0,1,10,1,1,6,88,1,1