STATE,ST_CASE,VEH_NO,VE_FORMS,NUMOCCS,DAY,MONTH,HOUR,MINUTE,HARM_EV,MAN_COLL,UNITTYPE,HIT_RUN,REG_STAT,OWNER,MAKE,MODEL,MAK_MOD,BODY_TYP,MOD_YEAR,VIN,VIN_1,VIN_2,VIN_3,VIN_4,VIN_5,VIN_6,VIN_7,VIN_8,VIN_9,VIN_10,VIN_11,VIN_12,TOW_VEH,VINTYPE,VINMAKE,VINA_MOD,VIN_BT,VINMODYR,VIN_LNGT,VIN_WGT,WGTCD_TR,WHLBS_LG,WHLBS_SH,SER_TR,FUELCODE,MCYCL_DS,J_KNIFE,MCARR_I1,MCARR_I2,MCARR_ID,GVWR,V_CONFIG,CARGO_BT,HAZ_INV,HAZ_PLAC,HAZ_ID,HAZ_CNO,HAZ_REL,BUS_USE,SPEC_USE,EMER_USE,TRAV_SP,UNDERIDE,ROLLOVER,ROLINLOC,IMPACT1,IMPACT2,DEFORMED,TOWED,M_HARM,VEH_SC1,VEH_SC2,FIRE_EXP,DR_PRES,L_STATE,DR_ZIP,L_STATUS,L_TYPE,CDL_STAT,L_ENDORS,L_COMPL,L_RESTRI,DR_HGT,DR_WGT,PREV_ACC,PREV_SUS,PREV_DWI,PREV_SPD,PREV_OTH,FIRST_MO,FIRST_YR,LAST_MO,LAST_YR,SPEEDREL,DR_SF1,DR_SF2,DR_SF3,DR_SF4,VTRAFWAY,VNUM_LAN,VSPD_LIM,VALIGN,VPROFILE,VPAVETYP,VSURCOND,VTRAFCON,VTCONT_F,P_CRASH1,P_CRASH2,P_CRASH3,PCRASH4,PCRASH5,ACC_TYPE,DEATHS,DR_DRINK
39,390662,1,3,2,25,9,8,27,12,6,1,0,39,2,38,402,38402,14,1997,4S2CK58V1V43,4,S,2,C,K,5,8,V,1,V,4,3,0,P,ISU,ROD,UT,97,17,0,,0,1087,,G,,0,0,000000000,00000000000,0,0,0,1,0,0,0,0,0,0,0,75,0,1,1,11,13,6,2,1,0,0,0,1,54,45640,6,1,0,0,3,0,68,220,0,0,0,0,0,0,0,0,0,1,28,58,0,0,2,4,65,1,1,2,1,0,0,6,13,6,1,6,47,1,1
39,390662,2,3,2,25,9,8,27,12,6,1,0,39,1,20,481,20481,31,2009,1GCHC536X9F1,1,G,C,H,C,5,3,6,X,9,F,1,0,T,CHEV,2C2,CW,9,17,,2,1670,1530,SIL,D,,0,0,000000000,00000000000,0,0,0,1,0,0,0,0,0,0,0,60,0,0,0,4,3,2,1,12,0,0,0,1,39,45315,6,1,0,0,3,0,71,195,0,0,0,0,0,0,0,0,0,0,0,0,0,0,2,4,65,1,1,2,1,0,0,1,61,1,1,1,45,0,0
39,390662,3,3,2,25,9,8,27,12,6,1,0,39,1,22,441,22441,20,1999,1GMDX03E9XD1,1,G,M,D,X,0,3,E,9,X,D,1,0,T,PONT,M/T,ES,99,17,,1,0,1200,M/T,G,,0,0,000000000,00000000000,0,0,0,1,0,0,0,0,0,0,0,65,0,0,0,0,0,0,1,7,0,0,0,1,39,45169,6,1,0,0,3,0,69,220,0,0,0,0,0,0,0,0,0,0,0,0,0,0,2,4,65,1,1,2,1,0,0,1,98,1,1,1,98,0,0
39,390663,1,1,1,2,7,23,42,35,0,1,0,39,1,53,706,53706,80,2003,JS1VS54A6321,J,S,1,V,S,5,4,A,6,3,2,1,0,M,SUZI,VL8,RS,3,17,,,,,,,805,0,0,000000000,00000000000,0,0,0,1,0,0,0,0,0,0,0,45,0,0,0,12,9,6,2,35,0,0,0,1,39,45404,6,1,0,0,3,0,70,185,0,2,1,2,4,1,2008,4,2010,0,0,0,0,0,1,2,45,3,1,2,1,0,0,14,13,1,1,4,1,1,1
39,390664,1,1,1,5,9,5,11,52,0,1,0,39,2,63,402,63402,14,2011,5XYKTDA19BG0,5,X,Y,K,T,D,A,1,9,B,G,0,0,P,KIA,SOR,UT,11,17,3929,,0,1063,,G,,0,0,000000000,00000000000,0,0,0,1,0,0,0,0,0,0,0,60,0,0,0,12,12,6,2,52,0,0,0,1,39,44094,6,1,0,0,3,0,73,325,0,0,0,1,1,3,2009,8,2010,0,0,0,0,0,3,4,60,1,2,2,1,0,0,1,12,1,1,4,6,1,0
39,390665,1,2,1,17,9,16,7,12,6,1,0,39,1,20,481,20481,31,2007,2GCEK13Z2711,2,G,C,E,K,1,3,Z,2,7,1,1,0,T,CHEV,1KW,CW,7,17,,2,0,1435,SIL,F,,0,0,000000000,00000000000,0,0,0,1,0,0,0,0,0,0,0,998,0,0,0,3,3,6,2,12,0,0,0,1,39,45879,6,1,0,0,3,0,72,210,0,0,0,0,0,0,0,0,0,0,38,0,0,0,2,4,55,1,1,2,1,20,3,4,17,1,1,1,87,1,1
39,390665,2,2,3,17,9,16,7,12,6,1,0,39,1,7,482,7482,31,2000,1B7KF2367YJ1,1,B,7,K,F,2,3,6,7,Y,J,1,0,T,DODG,Q25,4C,0,17,,2,1547,1387,RPC,D,,0,0,000000000,00000000000,0,0,0,1,0,0,0,0,0,0,0,65,0,0,0,12,12,6,2,12,0,0,0,1,39,43413,6,1,0,0,3,0,73,250,0,0,0,0,0,0,0,0,0,0,0,0,0,0,2,4,65,1,1,2,1,0,0,1,66,1,1,1,86,0,0
39,390666,1,1,1,18,9,2,55,42,0,1,0,39,1,52,46,52046,4,2004,JA3AJ66F74U0,J,A,3,A,J,6,6,F,7,4,U,0,0,P,MITS,LRL,4D,4,17,2843,,0,1024,,G,,0,0,000000000,00000000000,0,0,0,1,0,0,0,0,0,0,0,998,0,0,0,9,13,6,2,42,0,0,0,1,39,43147,6,1,0,0,3,0,72,185,2,0,0,2,3,10,2007,4,2009,1,0,0,0,0,1,2,55,1,1,2,1,0,0,1,13,1,1,4,1,1,1
39,390667,1,1,1,18,9,3,20,8,0,1,0,39,1,7,482,7482,31,2005,1D7HU16D85J5,1,D,7,H,U,1,6,D,8,5,J,5,0,T,DODG,S15,PK,5,17,,2,1405,1205,RPC,G,,0,0,000000000,00000000000,0,0,0,1,0,0,0,0,0,0,0,40,0,0,0,12,12,2,1,8,0,0,0,1,39,45638,6,1,0,0,3,0,73,183,3,0,0,0,4,8,2009,8,2010,0,28,0,0,0,1,2,55,2,1,2,1,0,0,14,80,1,1,2,13,0,0
39,390668,1,1,1,18,9,14,15,1,0,1,0,39,1,76,703,76703,88,1984,JYA25J005EA1,J,Y,A,2,5,J,0,0,5,E,A,1,0,M,YAMA,XC1,MS,84,17,,,,,,,180,0,0,000000000,00000000000,0,0,0,1,0,0,0,0,0,0,0,998,0,0,0,0,11,4,3,1,0,0,0,1,39,44883,6,1,0,0,3,3,71,158,0,0,0,0,0,0,0,0,0,0,0,0,0,0,1,2,55,1,1,2,1,0,0,1,13,1,1,4,1,1,0
39,390669,1,3,1,20,9,9,45,12,7,1,0,39,1,12,3,12003,2,2006,1ZVFT80N9651,1,Z,V,F,T,8,0,N,9,6,5,1,0,P,FORD,MUS,CP,6,17,3351,,0,1071,,G,,0,0,000000000,00000000000,0,0,0,1,0,0,0,0,0,0,0,70,0,0,0,1,3,4,9,12,0,0,0,1,39,44053,6,1,0,0,3,0,73,180,0,0,0,0,0,0,0,0,0,0,0,0,0,0,2,4,65,2,1,2,1,0,0,14,61,1,1,1,45,0,0
39,390669,2,3,1,20,9,9,45,12,7,1,0,39,1,12,3,12003,1,2006,1ZVFT84N2652,1,Z,V,F,T,8,4,N,2,6,5,2,0,P,FORD,MUS,CV,6,17,3477,,0,1071,,G,,0,0,000000000,00000000000,0,0,0,1,0,0,0,0,0,0,0,998,0,0,0,11,9,6,2,12,0,0,0,1,39,43452,6,1,0,0,3,3,69,182,0,0,0,0,0,0,0,0,0,0,28,0,0,0,2,4,65,2,1,2,1,0,0,14,10,1,1,2,47,1,0
39,390669,3,3,1,20,9,9,45,12,7,1,0,39,3,12,481,12481,31,2003,3FTSF31S83MB,3,F,T,S,F,3,1,S,8,3,M,B,0,T,FORD,F3S,PK,3,17,,2,0,1370,SRW,G,,0,0,000000000,00000000000,0,0,0,1,0,0,0,0,0,0,0,65,0,1,1,12,1,6,2,12,0,0,0,1,39,44824,6,1,0,0,3,0,68,185,0,0,0,0,0,0,0,0,0,0,0,0,0,0,2,4,65,3,1,2,1,0,0,14,62,1,1,1,98,0,0
39,390670,1,1,1,20,9,20,14,9,0,1,0,39,2,22,441,22441,20,1999,1GMDX03EXXD2,1,G,M,D,X,0,3,E,X,X,D,2,0,T,PONT,M/T,ES,99,17,,1,0,1200,M/T,G,,0,0,000000000,00000000000,0,0,0,1,0,0,0,0,0,0,0,45,0,0,0,1,13,4,3,9,0,0,0,1,39,45150,1,1,0,0,2,0,64,120,0,0,0,0,0,0,0,0,0,0,26,0,0,0,1,2,45,1,1,2,1,0,0,1,83,1,1,1,13,0,0
39,390671,1,1,2,22,9,0,7,1,0,1,0,39,1,12,401,12401,14,1999,1FMZU24E8XUB,1,F,M,Z,U,2,4,E,8,X,U,B,0,P,FORD,EPR,UT,99,17,3898,,0,1017,,G,,0,0,000000000,00000000000,0,0,0,1,0,0,0,0,0,0,0,45,0,2,1,0,0,6,2,1,0,0,0,1,39,43606,6,1,0,0,3,3,75,180,0,0,0,0,0,0,0,0,0,0,28,0,0,0,1,4,40,1,1,2,1,0,0,1,98,7,1,6,98,1,1
39,390672,1,1,1,23,9,15,35,1,0,1,0,39,1,37,705,37705,80,1982,JH2RC0114CM2,J,H,2,R,C,0,1,1,4,C,M,2,0,M,HOND,C7C,RS,82,17,,,,,,,750,0,0,000000000,00000000000,0,0,0,1,0,0,0,0,0,0,0,35,0,0,0,0,0,4,3,1,0,0,0,1,39,43469,6,1,0,0,3,3,73,240,1,0,0,0,0,7,2010,7,2010,1,28,0,0,0,1,2,55,3,1,2,8,98,8,14,6,1,1,2,98,1,0
39,390673,1,1,2,12,5,22,5,9,0,1,0,39,1,23,471,23471,30,1992,1GTCS14R5N25,1,G,T,C,S,1,4,R,5,N,2,5,0,T,GMC,SON,PK,92,17,,1,1179,1083,SON,G,,0,0,000000000,00000000000,0,0,0,1,0,0,0,0,0,0,0,25,0,0,0,12,12,4,3,9,0,0,0,1,39,45744,6,1,0,0,3,0,66,180,0,0,0,0,0,0,0,0,0,0,0,0,0,0,1,2,35,1,2,2,1,3,3,1,17,1,1,2,13,0,0
39,390674,1,1,2,24,5,19,57,8,0,1,0,39,2,9,38,9038,4,1996,1P3EJ46C6TN2,1,P,3,E,J,4,6,C,6,T,N,2,0,P,PLYM,BRE,4D,96,17,2857,,0,1080,,G,,0,0,000000000,00000000000,0,0,0,1,0,0,0,0,0,0,0,10,0,0,0,12,12,0,1,8,0,0,0,1,39,45830,6,1,0,0,3,0,76,165,0,0,0,0,0,0,0,0,0,0,0,0,0,0,1,2,35,1,1,2,1,0,0,1,18,1,1,1,13,0,0
39,390675,1,1,1,12,8,9,23,25,0,1,0,39,3,38,882,38882,61,2009,4KLB4W1N69J8,4,K,L,B,4,W,1,N,6,9,J,8,1,T,ISU,NPR,TB,9,17,,3,1760,1090,NPR,G,,1,99,999999999,99999999999,2,1,1,1,0,0,0,0,0,0,0,60,0,1,6,12,12,6,2,59,0,0,1,1,39,44134,6,1,0,0,3,0,74,250,0,0,0,0,0,0,0,0,0,0,99,99,99,99,3,6,60,1,1,2,1,0,0,1,13,1,1,5,1,1,0
39,390677,1,1,1,25,8,1,47,20,0,1,0,39,1,12,499,12499,31,1978,999999999999,9,9,9,9,9,9,9,9,9,9,9,9,0,U,,,,9,17,,,,,,,,0,0,000000000,00000000000,0,0,0,1,0,0,0,0,0,0,0,80,0,0,0,12,12,6,2,20,0,0,1,1,39,45365,6,1,0,0,3,0,67,160,0,0,0,0,0,0,0,0,0,1,36,0,0,0,2,4,65,1,1,2,1,0,0,1,11,1,2,5,2,1,1
39,390678,1,3,1,26,8,18,24,12,1,1,0,39,2,14,6,14006,4,2002,2MEFM75W82X6,2,M,E,F,M,7,5,W,8,2,X,6,0,P,MERC,MGL,4D,2,17,3970,,0,1147,,G,,0,0,000000000,00000000000,0,0,0,1,0,0,0,0,0,0,0,40,0,0,0,12,12,6,2,12,0,0,0,1,39,45011,6,1,0,0,3,0,68,160,0,0,0,0,0,0,0,0,0,1,99,99,99,99,1,2,25,1,1,2,1,0,0,3,18,1,1,2,24,1,0
39,390678,2,3,3,26,8,18,24,12,1,1,0,39,2,49,32,49032,7,2003,JTDDR32T4301,J,T,D,D,R,3,2,T,4,3,0,1,0,P,TOYT,CGF,2L,3,17,2339,,0,1023,,G,,0,0,000000000,00000000000,0,0,0,1,0,0,0,0,0,0,0,20,0,0,0,6,6,6,2,12,0,0,0,1,39,45011,6,1,0,0,3,0,72,170,1,1,0,2,1,2,2008,10,2008,0,0,0,0,0,1,2,25,1,1,2,1,0,0,2,53,1,1,1,25,0,0
39,390678,3,3,3,26,8,18,24,12,1,1,0,39,1,12,23,12023,4,2006,3FAFP07Z96R1,3,F,A,F,P,0,7,Z,9,6,R,1,0,P,FORD,F/E,4D,6,17,3101,,0,1074,,G,,0,0,000000000,00000000000,0,0,0,1,0,0,0,0,0,0,0,25,0,0,0,6,6,6,2,12,0,0,0,1,39,45011,6,1,0,0,3,0,69,175,0,0,0,0,0,0,0,0,0,0,0,0,0,0,1,2,25,1,1,2,1,0,0,1,53,1,1,1,98,0,0
39,390679,1,1,1,26,8,1,15,8,0,1,0,29,3,85,884,85884,66,2006,1XKADB8X76J0,1,X,K,A,D,B,8,X,7,6,J,0,1,T,KW,T60,DS,6,17,,8,2600,1600,CON,D,,1,57,070289,57070289,3,6,1,1,0,0,0,0,0,0,0,38,0,0,0,2,12,4,1,8,0,0,0,1,39,44811,6,1,6,1,3,3,66,162,0,0,0,0,0,0,0,0,0,0,0,0,0,0,1,4,45,1,1,2,1,3,3,1,18,1,1,1,13,0,0
39,390680,1,2,1,13,7,12,30,12,6,1,0,39,1,12,401,12401,14,1999,1FMZU35P1XZB,1,F,M,Z,U,3,5,P,1,X,Z,B,0,P,FORD,EPR,UT,99,17,4347,,0,1116,,G,,0,0,000000000,00000000000,0,0,0,1,0,0,0,0,0,0,0,30,0,0,0,12,12,6,9,12,0,0,0,1,39,43221,6,1,0,0,3,0,68,165,0,0,0,0,0,0,0,0,0,0,0,0,0,0,1,3,35,1,1,2,1,3,3,1,17,1,1,1,69,0,0
39,390680,2,2,1,13,7,12,30,12,6,1,0,39,1,24,7,24007,4,2006,1G8AN15F26Z1,1,G,8,A,N,1,5,F,2,6,Z,1,0,P,STRN,SI2,C4,6,17,2843,,0,1035,,G,,0,0,000000000,00000000000,0,0,0,1,0,0,0,0,0,0,0,25,0,0,0,3,3,6,9,12,0,0,0,1,39,43136,6,1,0,0,3,3,70,170,0,0,0,0,0,0,0,0,0,0,38,0,0,0,1,3,35,1,1,2,1,3,3,11,17,1,1,1,68,1,0
39,390681,1,2,1,27,8,13,17,12,1,1,0,39,1,53,705,53705,80,1995,JS1GR7BA2S21,J,S,1,G,R,7,B,A,2,S,2,1,0,M,SUZI,SR7,RS,95,17,,,,,,,749,0,0,000000000,00000000000,0,0,0,1,0,0,0,0,0,0,0,998,0,0,0,12,12,6,2,12,0,0,0,1,39,44425,1,1,0,0,2,3,73,170,1,0,0,0,2,4,2008,9,2008,0,26,0,0,0,1,2,45,1,1,2,1,0,0,1,18,1,1,1,20,1,0
39,390681,2,2,2,27,8,13,17,12,1,1,0,39,2,20,401,20401,14,1997,1GNDT13W6V21,1,G,N,D,T,1,3,W,6,V,2,1,0,P,CHEV,BZR,UT,97,17,4046,,0,1070,,G,,0,0,000000000,00000000000,0,0,0,1,0,0,0,0,0,0,0,0,0,0,0,6,5,4,3,12,0,0,0,1,39,44483,6,1,0,0,3,0,62,110,0,0,0,2,0,12,2007,6,2009,0,0,0,0,0,1,2,45,1,1,2,1,0,0,5,18,1,1,1,21,0,0
39,390682,1,1,1,27,8,15,31,9,0,1,0,39,2,7,482,7482,31,1999,3B7HC13Z6XG2,3,B,7,H,C,1,3,Z,6,X,G,2,0,T,DODG,Q15,4C,99,17,,2,1547,1387,RPC,G,,0,0,000000000,00000000000,0,0,0,1,0,0,0,0,0,0,0,35,0,0,0,3,3,2,1,9,0,0,0,1,39,43746,6,1,0,0,3,0,73,275,0,0,0,0,0,0,0,0,0,0,0,0,0,0,1,2,55,1,1,2,1,0,0,1,18,8,1,1,13,0,0
39,390683,1,2,1,27,8,14,51,12,2,1,0,39,1,6,42,6042,4,1994,2C3ED56F1RH2,2,C,3,E,D,5,6,F,1,R,H,2,0,P,CHRY,LHS,4D,94,17,3549,,0,1130,,G,,0,0,000000000,00000000000,0,0,0,1,0,0,0,0,0,0,0,998,0,0,0,12,12,6,2,12,0,0,0,1,39,44312,6,1,0,0,3,3,70,190,0,0,0,0,0,0,0,0,0,0,0,0,0,0,1,4,45,1,1,2,1,0,0,1,10,1,1,1,51,1,0
39,390683,2,2,1,27,8,14,51,12,2,1,0,39,1,7,20,7020,4,2001,1B3ES46C71D1,1,B,3,E,S,4,6,C,7,1,D,1,0,P,DODG,NSS,4D,1,17,2585,,0,1050,,G,,0,0,000000000,00000000000,0,0,0,1,0,0,0,0,0,0,0,45,0,0,0,12,12,6,2,12,0,0,0,1,39,44305,6,1,0,0,3,0,70,185,0,0,0,0,0,0,0,0,0,0,28,0,0,0,1,4,45,1,1,2,1,0,0,1,10,1,1,2,50,0,0
39,390684,1,1,1,28,8,21,58,42,0,1,0,39,2,18,7,18007,4,1998,2G4WS52M6W15,2,G,4,W,S,5,2,M,6,W,1,5,0,P,BUIC,CCU,4D,98,17,3255,,0,1090,,G,,0,0,000000000,00000000000,0,0,0,1,0,0,0,0,0,0,0,998,0,0,0,9,9,6,2,42,0,0,0,1,39,45843,1,1,0,0,2,0,66,165,0,2,1,0,0,12,2007,3,2008,0,36,0,0,0,1,2,55,4,1,2,1,0,0,14,11,8,1,5,1,1,1
39,390685,1,2,2,28,8,2,44,12,8,1,0,39,3,12,23,12023,4,2010,999999999999,9,9,9,9,9,9,9,9,9,9,9,9,0,U,,,,9,17,,,,,,,,0,0,000000000,00000000000,0,0,0,1,0,0,0,0,0,0,0,49,0,0,0,2,2,6,2,12,0,0,1,1,26,48823,6,1,0,0,3,0,66,160,0,0,0,0,0,0,0,0,0,0,28,0,0,0,1,2,55,1,1,2,1,0,0,6,10,1,1,2,64,1,1
39,390685,2,2,1,28,8,2,44,12,8,1,0,26,3,82,884,82884,66,2003,999999999999,9,9,9,9,9,9,9,9,9,9,9,9,1,U,,,,9,17,,,,,,,,1,57,854401,57854401,3,6,1,1,0,0,0,0,0,0,0,55,2,0,0,2,2,6,2,12,0,0,0,1,26,48180,6,1,6,1,3,0,72,290,1,0,0,1,1,7,2008,10,2008,0,0,0,0,0,1,2,55,1,1,2,1,0,0,1,62,1,1,1,65,0,0
39,390686,1,1,1,29,8,20,21,1,0,1,0,39,1,72,709,72709,80,2009,999999999999,9,9,9,9,9,9,9,9,9,9,9,9,0,U,,,,9,17,,,,,,,,0,0,000000000,00000000000,0,0,0,1,0,0,0,0,0,0,0,998,0,0,0,0,0,6,2,1,0,0,0,1,39,45385,6,1,0,0,3,0,71,160,0,0,0,1,0,4,2009,4,2009,0,0,0,0,0,1,2,55,4,2,2,1,0,0,14,10,1,1,4,1,1,1
39,390687,1,2,1,30,8,16,59,12,1,1,0,39,2,12,481,12481,31,1984,1FTCF15Y4ELA,1,F,T,C,F,1,5,Y,4,E,L,A,0,T,FORD,F15,PK,84,17,,1,1390,1170,COF,G,,0,0,000000000,00000000000,0,0,0,1,0,0,0,0,0,0,0,998,1,0,0,12,12,6,2,12,0,0,0,1,39,45850,6,1,0,0,3,0,74,273,0,0,0,0,0,0,0,0,0,0,26,0,0,0,1,2,55,1,1,2,1,0,0,1,18,1,1,1,24,1,0
39,390687,2,2,1,30,8,16,59,12,1,1,0,39,3,82,881,82881,66,1994,2FUYDCXB0RA4,2,F,U,Y,D,C,X,B,0,R,A,4,1,T,FRHT,FLD,DS,94,17,,8,0,0,CON,D,,1,57,01497647,5701497647,3,6,1,1,0,0,0,0,0,0,0,20,0,0,0,6,6,6,2,12,0,0,0,1,39,45812,6,1,6,0,3,0,68,235,0,0,0,0,0,0,0,0,0,0,0,0,0,0,1,2,55,1,1,2,1,0,0,2,18,1,1,1,25,0,0
39,390688,1,1,1,30,8,12,16,53,0,1,0,39,2,12,37,12037,4,2001,1FAFP34361W2,1,F,A,F,P,3,4,3,6,1,W,2,0,P,FORD,FSS,4D,1,17,2563,,0,1030,,G,,0,0,000000000,00000000000,0,0,0,1,0,0,0,0,0,0,0,998,0,1,6,2,2,6,2,1,0,0,0,1,39,45002,6,1,0,0,3,0,68,145,0,1,0,1,0,2,2008,5,2008,0,36,0,0,0,1,2,40,1,1,2,1,0,0,1,8,1,1,5,1,1,0
39,390689,1,8,1,16,8,11,45,12,1,1,0,37,3,86,881,86881,66,2006,1M1AK02Y96N0,1,M,1,A,K,0,2,Y,9,6,N,0,3,T,MACK,CXN,DS,6,17,,8,0,0,600,D,,1,57,121018,57121018,3,8,1,1,0,0,0,0,0,0,0,65,7,0,0,12,12,6,2,12,0,0,1,1,42,16125,6,1,6,3,3,3,68,999,0,0,0,0,0,0,0,0,0,0,26,0,0,0,3,6,65,1,1,2,1,40,3,1,18,2,1,1,24,0,0
39,390689,2,8,3,16,8,11,45,12,1,1,0,24,3,12,37,12037,9,2010,1FAHP3GN3AW1,1,F,A,H,P,3,G,N,3,A,W,1,0,P,FORD,FOS,4D,10,17,2623,,0,1029,,G,,0,0,000000000,00000000000,0,0,0,1,0,0,0,0,0,0,0,998,0,0,0,6,6,6,2,12,0,0,0,1,24,21030,6,1,0,0,3,0,62,155,0,0,0,0,0,0,0,0,0,0,0,0,0,0,3,6,65,1,1,2,1,40,3,2,18,1,1,1,25,1,0
39,390689,3,8,2,16,8,11,45,12,1,1,0,18,3,82,884,82884,66,2011,1FUJGLDR2BLA,1,F,U,J,G,L,D,R,2,B,L,A,1,T,FRHT,125,DS,11,17,,8,0,0,CSC,D,,1,57,273818,57273818,3,6,1,1,0,0,0,0,0,0,0,4,0,0,0,99,99,6,2,12,0,0,0,1,26,49452,6,1,6,3,3,0,67,150,0,0,0,2,0,9,2007,3,2009,0,0,0,0,0,3,6,65,1,2,2,1,40,3,2,18,1,1,1,98,0,0
39,390689,4,8,1,16,8,11,45,12,1,1,0,51,1,20,481,20481,31,2008,1GCEK19J18E1,1,G,C,E,K,1,9,J,1,8,E,1,0,T,CHEV,SK1,4C,8,17,,2,1575,1339,SIL,G,,0,0,000000000,00000000000,0,0,0,1,0,0,0,0,0,0,0,30,0,0,0,4,4,6,2,12,0,0,0,1,51,20155,6,1,0,0,3,0,72,160,1,0,0,0,0,9,2009,9,2009,0,0,0,0,0,3,6,65,1,1,2,1,40,3,2,18,1,1,1,98,0,0
39,390689,5,8,1,16,8,11,45,12,1,1,0,13,3,89,881,89881,66,1995,4V2PCBPF1SN6,4,V,2,P,C,B,P,F,1,S,N,6,1,T,WHGM,WAH,AC,95,17,,8,0,0,WCN,D,,1,57,438719,57438719,3,6,6,1,0,0,0,0,0,0,0,17,0,0,0,99,99,2,1,12,0,0,0,1,18,46815,6,1,6,1,3,0,70,155,0,0,0,1,0,12,2008,12,2008,0,0,0,0,0,3,6,65,1,1,2,1,40,3,2,18,1,1,1,98,0,0
39,390689,6,8,3,16,8,11,45,12,1,1,0,34,3,49,40,49040,4,2009,4T1BE46K19U2,4,T,1,B,E,4,6,K,1,9,U,2,0,P,TOYT,CBA,4D,9,17,3263,,0,1090,,G,,0,0,000000000,00000000000,0,0,0,1,0,0,0,0,0,0,0,998,0,0,0,6,6,6,2,12,0,0,0,1,34,8701,6,1,0,0,3,3,69,999,0,0,0,0,0,0,0,0,0,0,0,0,0,0,3,6,65,1,2,2,1,40,3,2,18,1,1,1,98,0,0
39,390689,7,8,3,16,8,11,45,12,1,1,0,42,1,12,37,12037,9,2004,1FAFP36354W1,1,F,A,F,P,3,6,3,5,4,W,1,0,P,FORD,FSE,SW,4,17,2683,,0,1030,,G,,0,0,000000000,00000000000,0,0,0,1,0,0,0,0,0,0,0,25,0,0,0,6,6,6,2,12,0,0,0,1,42,19446,6,1,0,0,3,3,67,999,0,0,0,0,0,0,0,0,0,0,0,0,0,0,3,6,65,1,2,2,1,40,3,2,18,1,1,1,98,0,0
39,390689,8,8,1,16,8,11,45,12,1,1,0,39,3,12,23,12023,4,2010,3FAHP0HA7AR2,3,F,A,H,P,0,H,A,7,A,R,2,0,P,FORD,F/E,4D,10,17,3285,,0,1074,,G,,0,0,000000000,00000000000,0,0,0,1,0,0,0,0,0,0,0,23,0,0,0,2,2,2,1,12,0,0,0,1,39,44126,6,1,0,0,3,3,75,230,2,0,0,1,1,12,2008,4,2009,0,0,0,0,0,3,6,65,1,2,2,1,40,3,2,18,1,1,1,98,0,0
39,390690,1,1,2,1,9,7,30,9,0,1,0,39,3,7,461,7461,21,2003,3D7KU28D43G8,3,D,7,K,U,2,8,D,4,3,G,8,0,T,DODG,SQ2,CW,3,17,,2,1605,1405,RPC,G,,0,0,000000000,00000000000,0,0,0,1,0,0,0,0,0,0,0,47,0,0,0,2,2,4,3,9,0,0,0,1,39,43228,6,1,0,0,3,3,70,140,0,0,0,1,4,6,2008,2,2010,0,0,0,0,0,1,2,55,1,1,2,1,0,0,1,10,9,1,1,13,0,0
39,390691,1,2,1,3,9,5,39,12,6,1,0,39,1,21,441,21441,20,2000,1GHDX03E0YD1,1,G,H,D,X,0,3,E,0,Y,D,1,0,T,OLDS,SIL,ES,0,17,,1,0,1200,SIL,G,,0,0,000000000,00000000000,0,0,0,1,0,0,0,0,0,0,0,10,0,0,0,3,3,2,3,12,0,0,0,1,39,45414,6,1,0,0,3,3,68,241,0,3,0,0,3,3,2008,11,2008,0,99,99,99,99,1,4,35,1,1,2,1,0,0,11,17,1,1,1,82,0,1
39,390691,2,2,1,3,9,5,39,12,6,1,0,39,1,50,706,50706,80,2005,SMT915RN75J2,S,M,T,9,1,5,R,N,7,5,J,2,0,M,TRIU,SPM,RS,5,17,,,,,,,865,0,0,000000000,00000000000,0,0,0,1,0,0,0,0,0,0,0,30,0,0,0,12,12,6,2,12,0,0,0,1,39,45403,6,1,0,0,3,3,67,155,0,0,0,0,0,0,0,0,0,0,99,99,99,99,1,4,35,1,1,2,1,0,0,1,17,1,1,1,83,1,1
39,390692,1,1,1,4,9,23,30,8,0,1,1,39,9,18,2,18002,4,1992,1G4HR53L1NH4,1,G,4,H,R,5,3,L,1,N,H,4,0,P,BUIC,LLF,4D,92,17,3457,,0,1108,,G,,0,0,000000000,00000000000,0,0,0,1,0,0,0,0,0,0,0,998,0,0,0,12,12,4,3,8,0,0,0,1,39,45344,6,1,0,0,3,3,76,160,0,0,0,0,0,0,0,0,0,0,0,0,0,0,1,2,99,1,1,2,1,0,0,1,18,1,1,1,13,0,0
39,390693,1,2,1,9,7,14,18,12,2,1,0,39,1,22,20,22020,4,2003,1G2WP52K63F1,1,G,2,W,P,5,2,K,6,3,F,1,0,P,PONT,GPG,4D,3,17,3496,,0,1105,,G,,0,0,000000000,00000000000,0,0,0,1,0,0,0,0,0,0,0,998,0,0,0,12,11,6,2,12,0,0,0,1,39,44130,6,1,0,0,3,3,66,220,1,0,0,0,0,2,2009,2,2009,0,28,0,0,0,1,4,25,1,1,2,2,0,0,1,10,1,1,2,50,1,0