STATE,ST_CASE,VEH_NO,VE_FORMS,NUMOCCS,DAY,MONTH,HOUR,MINUTE,HARM_EV,MAN_COLL,UNITTYPE,HIT_RUN,REG_STAT,OWNER,MAKE,MODEL,MAK_MOD,BODY_TYP,MOD_YEAR,VIN,VIN_1,VIN_2,VIN_3,VIN_4,VIN_5,VIN_6,VIN_7,VIN_8,VIN_9,VIN_10,VIN_11,VIN_12,TOW_VEH,VINTYPE,VINMAKE,VINA_MOD,VIN_BT,VINMODYR,VIN_LNGT,VIN_WGT,WGTCD_TR,WHLBS_LG,WHLBS_SH,SER_TR,FUELCODE,MCYCL_DS,J_KNIFE,MCARR_I1,MCARR_I2,MCARR_ID,GVWR,V_CONFIG,CARGO_BT,HAZ_INV,HAZ_PLAC,HAZ_ID,HAZ_CNO,HAZ_REL,BUS_USE,SPEC_USE,EMER_USE,TRAV_SP,UNDERIDE,ROLLOVER,ROLINLOC,IMPACT1,IMPACT2,DEFORMED,TOWED,M_HARM,VEH_SC1,VEH_SC2,FIRE_EXP,DR_PRES,L_STATE,DR_ZIP,L_STATUS,L_TYPE,CDL_STAT,L_ENDORS,L_COMPL,L_RESTRI,DR_HGT,DR_WGT,PREV_ACC,PREV_SUS,PREV_DWI,PREV_SPD,PREV_OTH,FIRST_MO,FIRST_YR,LAST_MO,LAST_YR,SPEEDREL,DR_SF1,DR_SF2,DR_SF3,DR_SF4,VTRAFWAY,VNUM_LAN,VSPD_LIM,VALIGN,VPROFILE,VPAVETYP,VSURCOND,VTRAFCON,VTCONT_F,P_CRASH1,P_CRASH2,P_CRASH3,PCRASH4,PCRASH5,ACC_TYPE,DEATHS,DR_DRINK
39,390726,2,2,1,12,9,12,59,12,2,1,0,39,1,13,5,13005,4,2000,1LNHM97V7YY8,1,L,N,H,M,9,7,V,7,Y,Y,8,0,P,LINC,CON,4D,0,17,3848,,0,1090,,G,,0,0,000000000,00000000000,0,0,0,1,0,0,0,0,0,0,0,50,0,0,0,12,12,6,2,12,0,0,0,1,39,45106,3,1,0,0,2,0,75,260,0,2,1,3,1,6,2008,3,2010,0,28,91,0,0,1,2,55,4,2,2,1,0,0,14,10,1,1,2,50,0,1
39,390727,1,1,3,13,6,12,50,5,0,1,0,39,2,23,401,23401,14,2002,1GKDT13S8222,1,G,K,D,T,1,3,S,8,2,2,2,0,T,GMC,ENV,4W,2,17,,1,0,1130,ENV,G,,0,0,000000000,00000000000,0,0,0,1,0,0,0,0,0,0,0,25,0,0,0,0,0,0,1,5,0,0,0,1,39,44077,3,1,0,0,2,0,62,115,0,1,1,0,0,5,2009,5,2009,0,0,0,0,0,1,2,25,1,1,2,1,0,0,1,98,1,1,1,0,1,0
39,390728,1,1,2,23,8,5,43,31,0,1,0,39,2,12,422,12422,15,2000,1FMRU1565YLC,1,F,M,R,U,1,5,6,5,Y,L,C,0,P,FORD,EPT,UT,0,17,4886,,0,1191,,G,,0,0,000000000,00000000000,0,0,0,1,0,0,0,0,0,0,0,998,0,0,0,9,9,6,2,31,0,0,0,1,39,44511,6,1,0,0,3,0,67,165,1,1,0,0,0,8,2009,12,2009,1,36,0,0,0,1,4,98,4,2,2,1,0,0,14,6,6,2,5,2,2,1
39,390729,1,1,1,8,9,19,13,8,0,1,0,39,2,20,481,20481,31,1997,1GCEK19R2VE2,1,G,C,E,K,1,9,R,2,V,E,2,0,T,CHEV,GK1,PC,97,17,,2,1555,1415,GM4,G,,0,0,000000000,00000000000,0,0,0,1,0,0,0,0,0,0,0,998,0,0,0,12,12,6,2,8,0,0,0,1,39,45885,6,1,0,0,3,0,72,180,0,0,0,0,0,0,0,0,0,1,0,0,0,0,1,2,25,1,2,2,1,0,0,1,18,2,1,1,13,0,0
39,390730,1,2,1,8,9,15,24,12,2,1,0,39,1,73,706,73706,80,2002,JKBVNAL112A0,J,K,B,V,N,A,L,1,1,2,A,0,0,M,KAWK,V5L,RS,2,17,,,,,,,1500,0,0,000000000,00000000000,0,0,0,1,0,0,0,0,0,0,0,998,0,0,0,12,12,6,2,12,0,0,0,1,39,43560,6,1,0,0,3,0,77,210,0,0,0,0,0,0,0,0,0,0,28,0,0,0,1,2,55,1,1,2,1,0,0,6,10,2,1,2,50,1,0
39,390730,2,2,1,8,9,15,24,12,2,1,0,18,3,85,881,85881,66,2005,1XKDDB0X15J0,1,X,K,D,D,B,0,X,1,5,J,0,1,T,KW,T80,DS,5,17,,8,2600,1600,CON,D,,1,57,599735,57599735,3,6,1,1,0,0,0,0,0,0,0,50,0,0,0,12,12,4,3,12,0,0,0,1,39,43560,6,1,6,1,3,0,76,181,0,0,0,1,1,11,2009,11,2009,0,0,0,0,0,1,2,55,1,1,2,1,0,0,1,62,2,1,1,51,0,0
39,390731,1,2,2,9,9,16,43,12,6,1,0,39,1,12,471,12471,30,1997,1FTCR11X0VTA,1,F,T,C,R,1,1,X,0,V,T,A,0,T,FORD,RNG,PK,97,17,,1,1140,1080,RNG,G,,0,0,000000000,00000000000,0,0,0,1,0,0,0,0,0,0,0,998,0,1,1,9,9,6,2,12,0,0,0,1,39,44231,6,1,0,0,3,0,68,200,0,0,0,0,0,0,0,0,0,0,0,0,0,0,1,2,55,1,1,2,1,20,3,1,17,1,1,1,89,1,0
39,390731,2,2,1,9,9,16,43,12,6,1,0,39,1,20,9,20009,2,1995,2G1FP22P7S21,2,G,1,F,P,2,2,P,7,S,2,1,0,P,CHEV,Z28,CP,95,17,3390,,0,1011,,G,,0,0,000000000,00000000000,0,0,0,1,0,0,0,0,0,0,0,40,0,0,0,12,12,6,2,12,0,0,0,1,39,44288,6,1,0,0,3,3,71,220,0,0,0,0,0,0,0,0,0,0,0,0,0,0,1,2,45,1,1,2,1,0,0,1,17,1,1,1,88,0,0
39,390732,1,2,4,12,9,0,3,1,0,1,0,39,1,12,471,12471,30,1998,1FTYR10C7WTA,1,F,T,Y,R,1,0,C,7,W,T,A,0,T,FORD,RNG,PK,98,17,,1,1175,1116,RNG,G,,0,0,000000000,00000000000,0,0,0,1,0,0,0,0,0,0,0,55,0,1,5,0,13,6,2,1,0,0,0,1,39,44905,6,1,0,0,3,0,70,190,0,0,0,0,1,8,2010,8,2010,1,36,0,0,0,6,1,60,4,2,2,1,0,0,14,6,7,2,4,7,1,1
39,390732,2,2,4,12,9,0,3,1,0,1,0,39,3,12,37,12037,4,2009,1FAHP36N89W2,1,F,A,H,P,3,6,N,8,9,W,2,0,P,FORD,FOS,4D,9,17,2623,,0,1029,,G,,0,0,000000000,00000000000,0,0,0,1,0,0,0,0,0,0,0,55,0,0,0,12,12,2,1,54,0,0,0,1,39,44907,6,1,0,0,3,0,74,285,1,0,0,2,0,7,2008,4,2010,0,0,0,0,0,6,1,60,4,2,2,1,0,0,14,18,1,1,1,98,0,0
39,390733,1,1,1,14,9,7,2,1,0,1,0,39,1,37,706,37706,80,1994,1HFSC1814RA8,1,H,F,S,C,1,8,1,4,R,A,8,0,M,HOND,VT1,RS,94,17,,,,,,,1100,0,0,000000000,00000000000,0,0,0,1,0,0,0,0,0,0,0,72,0,0,0,0,3,6,2,1,0,0,0,1,39,44820,6,1,0,0,2,0,68,180,0,0,0,0,0,0,0,0,0,1,36,0,0,0,1,2,55,4,2,2,1,0,0,14,6,7,2,5,2,1,1
39,390734,1,2,1,15,9,15,40,12,6,1,0,39,2,24,1,24001,4,2001,1G8ZH54871Z3,1,G,8,Z,H,5,4,8,7,1,Z,3,0,P,STRN,SL1,4D,1,17,2360,,0,1024,,G,,0,0,000000000,00000000000,0,0,0,1,0,0,0,0,0,0,0,62,0,0,0,12,12,6,2,12,0,0,0,1,39,44880,6,1,0,0,3,3,68,180,1,0,0,3,1,11,2009,6,2010,0,0,0,0,0,2,4,60,4,2,2,1,0,0,14,17,1,1,1,86,0,0
39,390734,2,2,2,15,9,15,40,12,6,1,0,39,2,18,7,18007,4,2005,2G4WS52J6511,2,G,4,W,S,5,2,J,6,5,1,1,0,P,BUIC,CCU,4D,5,17,3342,,0,1090,,G,,0,0,000000000,00000000000,0,0,0,1,0,0,0,0,0,0,0,998,0,0,0,3,3,6,2,12,0,0,0,1,39,44254,6,1,0,0,3,3,70,150,0,0,0,0,1,9,2009,9,2009,0,38,0,0,0,2,4,50,4,2,2,1,2,3,14,17,1,1,1,87,1,0
39,390735,1,2,3,17,9,12,50,12,6,1,0,54,2,84,881,84881,62,1991,1HTSAZPMXMH3,1,H,T,S,A,Z,P,M,X,M,H,3,0,T,INTL,460,CC,91,17,,6,2540,1280,40S,D,,0,99,999999999,99999999999,2,1,1,1,0,0,0,0,0,0,0,60,0,0,0,12,12,6,2,12,0,0,0,1,54,26101,6,1,0,0,3,3,74,190,0,0,0,0,0,0,0,0,0,0,0,0,0,0,2,4,60,1,2,2,1,0,0,1,17,1,1,1,83,0,0
39,390735,2,2,2,17,9,12,50,12,6,1,0,39,1,20,498,20498,31,1979,CL249F317883,C,L,2,4,9,F,3,1,7,8,8,3,0,P,,20C,RS,,17,,,,,,,1202,0,0,000000000,00000000000,0,0,0,1,0,0,0,0,0,0,0,998,0,0,0,9,9,6,2,12,0,0,0,1,39,45701,6,1,0,0,3,0,70,260,0,1,0,0,2,12,2007,11,2008,0,38,91,0,0,2,4,60,1,2,2,1,20,3,11,17,1,1,2,82,1,0
39,390736,1,3,1,17,9,16,0,12,7,1,0,39,3,6,52,6052,6,2008,3A8FY48B88T1,3,A,8,F,Y,4,8,B,8,8,T,1,0,P,CHRY,PTC,SV,8,17,3076,,0,1030,,G,,0,0,000000000,00000000000,0,0,0,1,0,0,0,0,0,0,0,60,0,0,0,12,10,6,2,12,0,0,0,1,39,45142,6,1,0,0,3,3,71,280,0,0,0,1,0,7,2010,7,2010,1,0,0,0,0,1,2,55,4,1,2,1,0,0,14,62,1,1,1,98,1,0
39,390736,2,3,2,17,9,16,0,12,7,1,0,39,2,20,16,20016,2,2000,1G1JC124XY71,1,G,1,J,C,1,2,4,X,Y,7,1,0,P,CHEV,CAV,CP,0,17,2617,,0,1041,,G,,0,0,000000000,00000000000,0,0,0,1,0,0,0,0,0,0,0,96,0,1,6,10,12,6,2,12,0,0,0,1,39,45171,6,1,0,0,3,0,73,174,0,0,0,0,0,0,0,0,0,1,28,36,0,0,1,2,55,4,1,2,1,0,0,14,6,2,2,2,45,0,0
39,390736,3,3,3,17,9,16,0,12,7,1,0,39,2,24,1,24001,4,1996,1G8ZJ5278TZ2,1,G,8,Z,J,5,2,7,8,T,Z,2,0,P,STRN,SL2,4D,96,17,2320,,0,1024,,G,,0,0,000000000,00000000000,0,0,0,1,0,0,0,0,0,0,0,85,0,0,0,2,2,6,2,12,0,0,0,1,39,45133,1,1,0,0,2,0,73,225,0,2,0,1,1,9,2008,1,2010,1,28,36,91,0,1,2,55,4,1,2,1,40,3,6,6,2,2,2,44,0,0
39,390737,1,1,1,18,9,20,44,14,0,1,0,39,1,20,481,20481,31,1995,1GCEC14Z8SZ1,1,G,C,E,C,1,4,Z,8,S,Z,1,0,T,CHEV,GC1,PK,95,17,,2,1315,1175,GM4,G,,0,0,000000000,00000000000,0,0,0,1,0,0,0,0,0,0,0,55,0,0,0,2,2,6,2,8,0,0,0,1,39,45651,6,1,0,0,3,0,62,134,0,0,0,0,0,0,0,0,0,0,0,0,0,0,2,4,60,1,2,2,1,0,0,1,13,1,1,5,1,0,0
39,390738,1,2,1,18,9,5,48,12,2,1,0,39,3,55,41,55041,4,2009,KMHGC46F39U0,K,M,H,G,C,4,6,F,3,9,U,0,0,P,HYUN,GN4,4D,9,17,4012,,0,0,,G,,0,0,000000000,00000000000,0,0,0,1,0,0,0,0,0,0,0,998,0,0,0,12,12,6,2,12,0,0,1,1,39,44028,6,1,0,0,3,0,73,175,0,1,0,1,0,10,2009,12,2009,0,28,0,0,0,1,4,35,1,1,1,1,0,0,1,10,1,1,2,50,1,0
39,390738,2,2,1,18,9,5,48,12,2,1,0,39,3,12,881,12881,63,1991,1FDYK82A4MVA,1,F,D,Y,K,8,2,A,4,M,V,A,1,T,FORD,L8F,CC,91,17,,8,2580,1380,COL,D,,1,99,999999999,99999999999,3,1,4,1,0,0,0,0,0,0,0,25,0,0,0,12,12,6,2,12,0,0,0,1,39,44133,6,1,6,1,3,3,74,250,1,0,0,0,0,12,2008,12,2008,0,0,0,0,0,1,4,35,1,1,1,1,0,0,1,62,1,1,1,51,0,0
39,390739,1,1,1,18,9,15,10,32,0,1,0,39,1,20,16,20016,2,2000,1G1JC1243Y72,1,G,1,J,C,1,2,4,3,Y,7,2,0,P,CHEV,CAV,CP,0,17,2617,,0,1041,,G,,0,0,000000000,00000000000,0,0,0,1,0,0,0,0,0,0,0,998,0,1,5,12,12,6,2,32,0,0,0,1,39,45628,6,1,0,0,3,0,75,285,0,1,0,0,0,8,2010,8,2010,1,0,0,0,0,1,2,45,4,2,2,1,0,0,14,13,1,1,5,1,1,1
39,390740,1,1,1,19,9,9,35,53,0,1,0,39,2,24,9,24009,4,2007,1G8ZS57N47F1,1,G,8,Z,S,5,7,N,4,7,F,1,0,P,STRN,AXE,4D,7,17,3528,,0,1123,,G,,0,0,000000000,00000000000,0,0,0,1,0,0,0,0,0,0,0,45,0,0,0,12,12,6,2,42,0,0,0,1,39,45373,6,1,0,0,3,3,64,200,0,0,0,0,0,0,0,0,0,0,36,0,0,0,1,2,55,1,2,2,1,0,0,1,9,6,2,5,2,1,0
39,390741,1,1,1,20,9,13,38,42,0,1,0,39,2,20,401,20401,14,1999,1GNCS18W6XK1,1,G,N,C,S,1,8,W,6,X,K,1,0,P,CHEV,BZR,UT,99,17,3536,,0,1005,,G,,0,0,000000000,00000000000,0,0,0,1,0,0,0,0,0,0,0,45,0,0,0,12,12,6,2,42,0,0,0,1,39,43334,6,1,0,0,3,3,74,170,0,0,0,0,0,0,0,0,0,0,51,0,0,0,1,2,55,1,1,2,1,0,0,1,12,1,1,5,6,1,0
39,390742,1,2,2,21,9,13,15,12,8,1,0,39,2,7,472,7472,30,1991,1B7FL23X1MS2,1,B,7,F,L,2,3,X,1,M,S,2,0,T,DODG,DAK,PC,91,17,,1,0,1309,DAK,G,,0,0,000000000,00000000000,0,0,0,1,0,0,0,0,0,0,0,45,0,0,0,9,9,6,2,12,0,0,0,1,39,45359,6,1,0,0,3,0,72,260,1,0,0,0,0,12,2009,12,2009,0,0,0,0,0,1,2,55,1,1,2,1,0,0,1,62,7,1,1,65,1,0
39,390742,2,2,1,21,9,13,15,12,8,1,0,12,1,19,480,19480,31,2005,3GYFK66N35G1,3,G,Y,F,K,6,6,N,3,5,G,1,0,P,CADI,ESC,UT,5,17,5820,,0,1300,,G,,0,0,000000000,00000000000,0,0,0,1,0,0,0,0,0,0,0,55,0,1,5,10,10,6,2,12,0,0,0,1,12,45373,1,1,0,0,2,3,62,999,0,4,0,1,1,5,2008,8,2010,0,28,36,91,0,1,2,55,1,1,2,1,0,0,1,8,6,2,2,64,0,0
39,390743,1,1,1,23,9,22,52,34,0,1,0,39,1,37,31,37031,2,1995,1HGEJ2122SL0,1,H,G,E,J,2,1,2,2,S,L,0,0,P,HOND,CID,CP,95,17,2168,,0,1032,,G,,0,0,000000000,00000000000,0,0,0,1,0,0,0,0,0,0,0,998,0,0,0,10,10,6,2,42,0,0,0,1,39,44653,6,1,0,0,3,0,70,145,2,4,0,0,3,4,2008,9,2010,0,36,0,0,0,1,2,55,1,2,2,1,0,0,1,9,2,2,5,2,1,1
39,390744,1,1,2,24,9,4,45,42,0,1,0,39,1,13,1,13001,8,1990,999999999999,9,9,9,9,9,9,9,9,9,9,9,9,0,U,,,,9,17,,,,,,,,0,0,000000000,00000000000,0,0,0,1,0,0,0,0,0,0,0,91,0,1,6,2,2,6,2,42,0,0,0,1,39,45427,1,1,0,0,2,0,70,230,0,0,0,0,0,0,0,0,0,1,36,0,0,0,1,2,50,1,2,2,1,0,0,1,6,1,2,5,2,1,1
39,390745,1,1,2,24,9,22,43,34,0,1,0,39,2,20,401,20401,14,1996,1GNDT13W6T21,1,G,N,D,T,1,3,W,6,T,2,1,0,P,CHEV,BZR,UT,96,17,4023,,0,1070,,G,,0,0,000000000,00000000000,0,0,0,1,0,0,0,0,0,0,0,998,0,1,5,10,9,6,2,1,0,0,0,1,39,45701,1,1,0,0,2,0,69,145,2,13,2,0,10,3,2008,4,2010,1,51,0,0,0,1,2,55,4,1,2,1,0,0,14,13,1,1,5,1,1,1
39,390747,1,2,1,14,10,18,43,12,1,1,0,39,2,12,401,12401,14,1999,1FMYU22E1XUC,1,F,M,Y,U,2,2,E,1,X,U,C,0,P,FORD,EPR,UT,99,17,3675,,0,1017,,G,,0,0,000000000,00000000000,0,0,0,1,0,0,0,0,0,0,0,998,0,1,1,12,12,6,2,12,0,0,0,1,39,45036,1,1,0,0,2,3,71,185,1,1,0,0,0,7,2008,10,2008,1,26,0,0,0,1,4,50,1,1,2,1,3,3,1,6,6,1,1,24,0,0
39,390747,2,2,1,14,10,18,43,12,1,1,0,39,1,35,47,35047,4,1999,1N4DL01D2XC2,1,N,4,D,L,0,1,D,2,X,C,2,0,P,NISS,AGS,4D,99,17,2762,,0,1031,,G,,0,0,000000000,00000000000,0,0,0,1,0,0,0,0,0,0,0,998,0,0,0,6,7,6,2,12,0,0,0,1,39,45054,6,1,0,0,3,0,65,140,0,0,0,0,0,0,0,0,0,0,0,0,0,0,1,4,50,1,1,2,1,3,3,1,53,1,1,1,25,1,0
39,390748,1,1,1,16,10,0,2,59,0,1,0,39,1,37,706,37706,80,1983,JH2SC1200DM0,J,H,2,S,C,1,2,0,0,D,M,0,0,M,HOND,VF1,RS,83,17,,,,,,,1100,0,0,000000000,00000000000,0,0,0,1,0,0,0,0,0,0,0,998,0,0,0,12,9,6,2,1,0,0,0,1,39,43055,6,1,0,0,3,3,66,150,0,0,0,0,0,0,0,0,0,0,0,0,0,0,1,2,55,2,2,2,1,0,0,14,13,1,1,4,1,1,1
39,390749,1,1,1,16,10,3,20,35,0,1,0,39,1,37,31,37031,4,2000,2HGEJ6611YH5,2,H,G,E,J,6,6,1,1,Y,H,5,0,P,HOND,UCE,4D,0,17,2388,,0,1032,,G,,0,0,000000000,00000000000,0,0,0,1,0,0,0,0,0,0,0,998,0,0,0,3,3,6,2,42,0,0,0,1,39,45368,6,1,0,0,3,0,69,165,0,0,0,2,0,4,2009,6,2009,0,58,0,0,0,1,2,55,1,2,2,1,0,0,1,12,6,1,4,6,1,1
39,390750,1,1,1,17,10,15,50,42,0,1,0,39,2,20,22,20022,2,2007,1G1AK15F4771,1,G,1,A,K,1,5,F,4,7,7,1,0,P,CHEV,BLS,CP,7,17,2991,,0,1033,,G,,0,0,000000000,00000000000,0,0,0,1,0,0,0,0,0,0,0,998,0,1,5,11,13,6,2,1,0,0,0,1,39,44413,6,1,0,0,3,0,68,250,0,0,0,0,1,10,2008,10,2008,0,0,0,0,0,1,2,55,1,2,2,1,0,0,1,13,1,1,4,1,1,0
39,390751,1,1,1,18,10,18,20,42,0,1,0,39,1,7,472,7472,30,1993,1B7FL26X8PS1,1,B,7,F,L,2,6,X,8,P,S,1,0,T,DODG,DAK,PK,93,17,,1,1239,1119,DAK,G,,0,0,000000000,00000000000,0,0,0,1,0,0,0,0,0,0,0,30,0,0,0,12,12,6,2,42,0,0,0,1,39,45040,6,1,0,0,3,0,73,210,0,0,0,0,0,0,0,0,0,0,0,0,0,0,1,2,55,1,2,2,1,0,0,1,13,1,1,4,1,1,0
39,390752,1,1,1,19,10,14,58,34,0,1,0,39,2,6,43,6043,1,2006,1C3EL55R06N2,1,C,3,E,L,5,5,R,0,6,N,2,0,P,CHRY,STO,CV,6,17,3178,,0,1060,,G,,0,0,000000000,00000000000,0,0,0,1,0,0,0,0,0,0,0,998,0,1,5,12,11,6,2,1,0,0,0,1,39,44410,6,1,0,0,3,3,68,160,0,0,0,0,0,0,0,0,0,0,0,0,0,0,1,2,55,1,1,2,1,0,0,1,12,1,1,4,6,1,0
39,390753,1,2,4,21,10,1,54,12,6,1,0,39,1,22,20,22020,2,1998,1G2WP121XWF2,1,G,2,W,P,1,2,1,X,W,F,2,0,P,PONT,GTP,CP,98,17,3396,,0,1105,,G,,0,0,000000000,00000000000,0,0,0,1,0,0,0,0,0,0,0,998,0,0,0,1,13,6,2,12,0,0,0,1,39,43612,6,1,0,0,3,0,70,150,0,0,0,1,3,7,2008,10,2009,0,0,0,0,0,1,4,45,1,1,2,2,0,0,1,72,1,1,1,87,3,1
39,390753,2,2,1,21,10,1,54,12,6,1,0,26,1,20,481,20481,31,2003,999999999999,9,9,9,9,9,9,9,9,9,9,9,9,0,U,,,,9,17,,,,,,,,0,0,000000000,00000000000,0,0,0,1,0,0,0,0,0,0,0,998,0,1,1,12,13,6,2,12,0,0,0,1,26,49267,6,1,0,0,3,3,73,218,0,0,0,0,0,0,0,0,0,0,38,0,0,0,1,4,45,1,1,2,2,0,0,4,15,1,1,1,86,0,1
39,390754,1,1,1,22,10,21,52,34,0,1,0,39,2,12,481,12481,31,2002,1FTNX21L82EB,1,F,T,N,X,2,1,L,8,2,E,B,0,T,FORD,F2S,4C,2,17,,2,1580,1418,SRW,G,,0,0,000000000,00000000000,0,0,0,1,0,0,0,0,0,0,0,998,0,1,5,1,13,6,2,1,0,0,0,1,39,44859,0,0,0,0,0,0,61,999,0,0,0,0,1,1,2010,1,2010,1,0,0,0,0,1,2,55,1,2,2,1,0,0,1,6,1,1,4,1,1,1
39,390755,1,2,5,23,10,15,50,12,6,1,0,39,2,49,40,49040,4,1999,4T1BF28K6XU0,4,T,1,B,F,2,8,K,6,X,U,0,0,P,TOYT,XLL,4D,99,17,3175,,0,1051,,G,,0,0,000000000,00000000000,0,0,0,1,0,0,0,0,0,0,0,998,0,0,0,9,9,6,2,12,0,0,0,1,19,51347,9,9,99,9,9,9,999,999,99,99,99,99,99,99,9999,99,9999,0,0,0,0,0,1,2,55,1,1,2,1,0,0,1,66,1,1,1,89,1,0
39,390755,2,2,1,23,10,15,50,12,6,1,0,39,1,12,24,12024,6,2008,2FMDK49C28BA,2,F,M,D,K,4,9,C,2,8,B,A,0,P,FORD,EDG,UT,8,17,4282,,0,1112,,G,,0,0,000000000,00000000000,0,0,0,1,0,0,0,0,0,0,0,40,0,0,0,12,12,6,2,12,0,0,0,1,39,43912,6,1,0,0,3,0,64,115,0,0,0,0,0,0,0,0,0,0,39,0,0,0,1,2,55,1,1,2,1,20,3,1,17,1,1,1,88,0,0
39,390756,1,1,2,24,10,2,44,59,0,1,0,39,1,49,32,49032,4,1996,2T1BB02E1TC1,2,T,1,B,B,0,2,E,1,T,C,1,0,P,TOYT,CRD,4D,96,17,2381,,0,970,,G,,0,0,000000000,00000000000,0,0,0,1,0,0,0,0,0,0,0,998,0,1,5,12,12,6,2,23,0,0,0,1,39,43147,6,1,0,0,3,0,67,170,0,0,0,1,0,11,2008,11,2008,0,36,0,0,0,1,2,55,1,2,2,1,0,0,1,13,1,1,4,1,1,1
39,390757,1,1,1,26,10,10,45,31,0,1,0,39,3,37,32,37032,4,2001,1HGCG56681A1,1,H,G,C,G,5,6,6,8,1,A,1,0,P,HOND,UEX,4D,1,17,3075,,0,1069,,G,,0,0,000000000,00000000000,0,0,0,1,0,0,0,0,0,0,0,998,0,1,5,12,13,6,2,1,0,0,0,1,39,45669,6,1,0,0,3,0,71,205,0,0,0,0,1,11,2009,11,2009,0,0,0,0,0,2,4,65,3,1,2,1,0,0,14,13,1,1,4,1,1,0
39,390758,1,1,1,9,9,1,59,34,0,1,0,39,2,22,18,22018,2,1995,1G2NW15M1SC8,1,G,2,N,W,1,5,M,1,S,C,8,0,P,PONT,GAG,CP,95,17,2952,,0,1034,,G,,0,0,000000000,00000000000,0,0,0,1,0,0,0,0,0,0,0,50,0,2,5,12,13,6,2,1,0,0,0,1,39,44241,6,1,0,0,3,3,66,120,0,0,0,0,0,0,0,0,0,0,58,0,0,0,1,2,50,3,1,2,1,0,0,14,12,6,1,4,6,1,0
39,390759,1,2,1,21,9,16,5,12,6,1,0,39,1,72,706,72706,80,2008,1HD1FC4158Y6,1,H,D,1,F,C,4,1,5,8,Y,6,0,M,HD,FLU,RS,8,17,,,,,,,1584,0,0,000000000,00000000000,0,0,0,1,0,0,0,0,0,0,0,998,0,0,0,12,12,6,2,12,0,0,0,1,39,44647,6,1,0,0,3,0,76,425,2,1,0,1,4,11,2008,6,2010,0,0,0,0,0,1,2,40,1,2,2,1,0,0,1,67,1,1,1,88,1,0
39,390759,2,2,2,21,9,16,5,12,6,1,0,39,2,84,881,84881,63,1991,1HTSHNZR7MH3,1,H,T,S,H,N,Z,R,7,M,H,3,0,T,INTL,490,TM,91,17,,8,2540,1280,40S,D,,0,88,888888888,88888888888,3,2,4,1,0,0,0,0,0,0,0,998,0,0,0,9,9,2,1,12,0,0,0,1,39,44641,6,1,6,0,3,3,70,210,0,0,0,0,3,11,2008,11,2009,0,38,0,0,0,1,2,40,1,2,2,1,20,3,4,15,1,1,1,89,0,0
39,390760,1,1,3,2,10,3,42,42,0,1,0,39,2,20,37,20037,4,1998,1G1ND52M5W61,1,G,1,N,D,5,2,M,5,W,6,1,0,P,CHEV,MAL,4D,98,17,3100,,0,1070,,G,,0,0,000000000,00000000000,0,0,0,1,0,0,0,0,0,0,0,998,0,0,0,9,9,6,2,42,0,0,0,1,39,44256,6,1,0,0,3,0,66,135,0,0,0,0,0,0,0,0,0,1,0,0,0,0,6,1,65,2,2,2,1,0,0,14,12,1,1,4,6,1,1
39,390761,1,1,3,7,10,20,42,34,0,1,0,39,1,37,31,37031,2,2000,1HGEJ8144YL0,1,H,G,E,J,8,1,4,4,Y,L,0,0,P,HOND,UAX,CP,0,17,2513,,0,1032,,G,,0,0,000000000,00000000000,0,0,0,1,0,0,0,0,0,0,0,55,0,1,5,3,13,6,2,1,0,0,0,1,39,43140,1,1,0,0,2,0,66,145,2,4,0,1,2,9,2008,12,2009,1,0,0,0,0,1,2,55,3,1,2,1,0,0,14,13,1,1,4,1,1,0
39,390762,1,2,2,8,10,18,48,12,6,1,0,39,1,37,471,37471,30,2008,2HJYK16328H5,2,H,J,Y,K,1,6,3,2,8,H,5,0,T,HOND,RTX,PK,8,17,,2,0,1220,RID,G,,0,0,000000000,00000000000,0,0,0,1,0,0,0,0,0,0,0,998,0,0,0,11,9,6,2,12,0,0,0,1,39,44483,6,1,0,0,3,0,75,260,0,0,0,0,1,7,2009,7,2009,0,0,0,0,0,1,2,55,1,2,2,1,0,0,1,66,1,1,1,89,1,0
39,390762,2,2,1,8,10,18,48,12,6,1,0,39,1,7,26,7026,4,2009,1B3LC46B69N5,1,B,3,L,C,4,6,B,6,9,N,5,0,P,DODG,AVN,4D,9,17,3355,,0,1089,,G,,0,0,000000000,00000000000,0,0,0,1,0,0,0,0,0,0,0,998,0,0,0,12,1,6,2,12,0,0,0,1,39,44105,6,1,0,0,3,0,66,165,0,0,0,1,0,7,2009,7,2009,0,39,0,0,0,1,2,55,1,2,2,1,20,3,1,17,1,1,1,88,0,0
39,390763,1,1,2,9,10,17,30,35,0,1,0,39,1,48,37,48037,2,1992,JF1CX3439NH1,J,F,1,C,X,3,4,3,9,N,H,1,0,P,SUBA,SVL,CP,92,17,3525,,0,1028,,G,,0,0,000000000,00000000000,0,0,0,1,0,0,0,0,0,0,0,100,0,1,5,12,13,6,2,30,0,0,0,1,39,44444,6,1,0,0,3,0,70,230,1,0,0,1,2,6,2008,8,2010,1,0,0,0,0,1,2,35,3,2,2,1,0,0,14,13,1,1,4,1,1,0