STATE,ST_CASE,VEH_NO,VE_FORMS,NUMOCCS,DAY,MONTH,HOUR,MINUTE,HARM_EV,MAN_COLL,UNITTYPE,HIT_RUN,REG_STAT,OWNER,MAKE,MODEL,MAK_MOD,BODY_TYP,MOD_YEAR,VIN,VIN_1,VIN_2,VIN_3,VIN_4,VIN_5,VIN_6,VIN_7,VIN_8,VIN_9,VIN_10,VIN_11,VIN_12,TOW_VEH,VINTYPE,VINMAKE,VINA_MOD,VIN_BT,VINMODYR,VIN_LNGT,VIN_WGT,WGTCD_TR,WHLBS_LG,WHLBS_SH,SER_TR,FUELCODE,MCYCL_DS,J_KNIFE,MCARR_I1,MCARR_I2,MCARR_ID,GVWR,V_CONFIG,CARGO_BT,HAZ_INV,HAZ_PLAC,HAZ_ID,HAZ_CNO,HAZ_REL,BUS_USE,SPEC_USE,EMER_USE,TRAV_SP,UNDERIDE,ROLLOVER,ROLINLOC,IMPACT1,IMPACT2,DEFORMED,TOWED,M_HARM,VEH_SC1,VEH_SC2,FIRE_EXP,DR_PRES,L_STATE,DR_ZIP,L_STATUS,L_TYPE,CDL_STAT,L_ENDORS,L_COMPL,L_RESTRI,DR_HGT,DR_WGT,PREV_ACC,PREV_SUS,PREV_DWI,PREV_SPD,PREV_OTH,FIRST_MO,FIRST_YR,LAST_MO,LAST_YR,SPEEDREL,DR_SF1,DR_SF2,DR_SF3,DR_SF4,VTRAFWAY,VNUM_LAN,VSPD_LIM,VALIGN,VPROFILE,VPAVETYP,VSURCOND,VTRAFCON,VTCONT_F,P_CRASH1,P_CRASH2,P_CRASH3,PCRASH4,PCRASH5,ACC_TYPE,DEATHS,DR_DRINK
39,390842,1,2,1,16,11,14,39,12,7,1,0,39,1,7,482,7482,31,2008,1D7HU18258S6,1,D,7,H,U,1,8,2,5,8,S,6,0,T,DODG,SQ1,CW,8,17,,2,1605,1405,RPC,G,,0,0,000000000,00000000000,0,0,0,1,0,0,0,0,0,0,0,998,0,1,5,1,11,6,2,42,0,0,0,1,39,43019,6,1,6,1,3,3,75,275,0,0,0,0,0,0,0,0,0,0,27,0,0,0,1,2,55,1,1,2,2,0,0,15,10,1,1,2,44,1,0
39,390842,2,2,1,16,11,14,39,12,7,1,0,39,1,2,405,2405,14,2006,1J4GL48K36W1,1,J,4,G,L,4,8,K,3,6,W,1,0,T,JEEP,SPR,4W,6,17,,1,0,1043,LIB,G,,0,0,000000000,00000000000,0,0,0,1,0,0,0,0,0,0,0,50,0,0,0,7,11,4,3,34,0,0,0,1,39,43019,6,1,0,0,3,3,57,170,0,0,0,0,0,0,0,0,0,0,0,0,0,0,1,2,55,1,1,2,2,0,0,1,60,1,1,1,45,0,0
39,390843,1,1,1,16,11,0,55,9,0,1,1,39,1,12,461,12461,21,2002,1FTRE14292HA,1,F,T,R,E,1,4,2,9,2,H,A,0,T,FORD,15V,CG,2,17,,2,0,1380,VAN,G,,0,0,000000000,00000000000,0,0,0,1,0,0,0,0,0,0,0,998,0,0,0,11,11,4,3,9,0,0,0,1,39,43204,6,1,0,0,3,0,71,145,1,3,0,0,5,1,2009,8,2010,0,99,99,99,99,1,2,45,1,1,2,1,0,0,1,83,1,1,1,13,0,0
39,390844,1,1,2,23,11,3,29,24,0,1,0,39,1,23,401,23401,14,2002,1GKET16S2261,1,G,K,E,T,1,6,S,2,2,6,1,0,T,GMC,EXL,4W,2,17,,2,0,1290,ENV,G,,0,0,000000000,00000000000,0,0,0,1,0,0,0,0,0,0,0,998,0,1,5,11,9,6,2,1,0,0,0,1,39,43026,1,1,0,0,2,0,71,170,0,1,0,0,1,6,2010,10,2010,0,0,0,0,0,6,2,65,3,2,2,2,0,0,14,13,1,1,4,1,1,1
39,390845,1,1,2,28,11,14,13,40,0,1,0,39,1,20,23,20023,6,2008,3GNCA23D28S7,3,G,N,C,A,2,3,D,2,8,S,7,0,P,CHEV,HHR,UT,8,17,3155,,0,1035,,G,,0,0,000000000,00000000000,0,0,0,1,0,0,0,0,0,0,0,55,0,1,5,11,13,4,3,1,0,0,0,1,39,43145,6,1,0,0,3,0,64,220,0,0,0,0,1,11,2010,11,2010,0,0,0,0,0,1,2,55,1,1,2,1,0,0,1,13,1,1,4,1,1,0
39,390846,1,1,3,17,11,15,35,43,0,1,0,39,1,37,31,37031,3,1997,2HGEJ6446VH1,2,H,G,E,J,6,4,4,6,V,H,1,0,P,HOND,UCD,2H,97,17,2319,,0,1032,,G,,0,0,000000000,00000000000,0,0,0,1,0,0,0,0,0,0,0,65,0,0,0,12,12,4,3,43,0,0,0,1,39,45207,6,1,0,0,3,0,62,155,0,0,0,0,0,0,0,0,0,0,81,0,0,0,3,6,65,1,1,2,1,0,0,1,90,6,1,4,1,1,0
39,390847,1,2,1,7,5,9,47,12,6,1,0,39,1,14,6,14006,4,2001,2MEFM74W71X6,2,M,E,F,M,7,4,W,7,1,X,6,0,P,MERC,GMG,4D,1,17,3927,,0,1147,,G,,0,0,000000000,00000000000,0,0,0,1,0,0,0,0,0,0,0,15,0,0,0,1,1,6,2,12,0,0,0,1,39,45039,6,1,0,0,3,3,70,190,0,0,0,0,0,0,0,0,0,0,38,0,0,0,1,2,55,1,1,2,1,3,3,11,15,1,1,1,68,1,0
39,390847,2,2,3,7,5,9,47,12,6,1,0,39,2,49,403,49403,14,2004,JTEDP21A5400,J,T,E,D,P,2,1,A,5,4,0,0,0,P,TOYT,HIG,UT,4,17,3650,,0,1069,,G,,0,0,000000000,00000000000,0,0,0,1,0,0,0,0,0,0,0,40,0,0,0,12,12,6,9,12,0,0,0,1,39,45140,6,1,0,0,3,3,64,110,0,0,0,0,0,0,0,0,0,0,0,0,0,0,1,2,55,1,1,2,1,3,3,1,67,1,1,1,69,0,0
39,390848,1,1,1,3,10,9,10,53,0,1,0,39,1,20,443,20443,20,2003,1GNDU03E73D1,1,G,N,D,U,0,3,E,7,3,D,1,0,P,CHEV,VTR,SV,3,17,3699,,0,1120,,G,,0,0,000000000,00000000000,0,0,0,1,0,0,0,0,0,0,0,35,0,0,0,12,13,6,2,19,0,0,0,1,39,44054,6,1,0,0,3,3,72,160,0,0,0,0,0,0,0,0,0,1,36,0,0,0,1,2,25,1,1,2,2,0,0,1,12,7,1,4,6,1,0
39,390849,1,1,1,8,10,20,4,33,0,1,0,39,1,72,706,72706,80,2002,1HD1BXB142Y0,1,H,D,1,B,X,B,1,4,2,Y,0,0,M,HD,ISF,RS,2,17,,,,,,,1450,0,0,000000000,00000000000,0,0,0,1,0,0,0,0,0,0,0,998,0,0,0,9,9,4,3,58,0,0,0,1,39,44410,6,1,0,0,3,0,72,200,0,0,0,0,0,0,0,0,0,0,0,0,0,0,1,2,25,2,1,2,1,0,0,15,12,6,1,4,6,1,1
39,390850,1,2,2,28,10,8,32,12,1,1,0,39,1,23,471,23471,30,1999,1GTCS144XX85,1,G,T,C,S,1,4,4,X,X,8,5,0,T,GMC,SON,PK,99,17,,1,1179,1083,SON,G,,0,0,000000000,00000000000,0,0,0,1,0,0,0,0,0,0,0,998,0,0,0,12,12,4,3,12,0,0,0,1,39,44446,6,1,6,0,3,3,70,223,0,0,0,0,1,9,2010,9,2010,1,26,0,0,0,1,2,25,1,2,2,1,3,3,1,6,1,1,1,20,1,0
39,390850,2,2,1,28,10,8,32,12,1,1,0,39,3,82,881,82881,66,1998,2FUYDDZB9WA8,2,F,U,Y,D,D,Z,B,9,W,A,8,0,T,FRHT,FLD,DS,98,17,,8,0,0,CON,D,,0,88,888888888,88888888888,3,2,1,1,0,0,0,0,0,0,0,0,0,0,0,6,6,2,1,12,0,0,0,1,42,16148,6,1,6,0,3,0,70,999,0,0,0,0,0,0,0,0,0,0,0,0,0,0,1,2,25,1,2,2,1,3,3,5,53,1,1,1,21,0,0
39,390851,1,1,2,18,11,1,30,34,0,1,0,39,1,76,739,76739,90,2000,000000000000,0,0,0,0,0,0,0,0,0,0,0,0,0,U,,,,,17,,,,,,,,0,0,000000000,00000000000,0,0,0,1,0,0,0,0,0,0,0,998,0,2,5,12,12,4,3,1,0,0,0,1,39,43071,1,1,0,0,2,0,70,175,1,4,0,0,3,4,2008,10,2010,1,0,0,0,0,1,2,55,1,2,2,1,0,0,1,13,1,1,4,1,1,1
39,390852,1,1,1,19,11,2,0,34,0,1,0,39,1,14,401,14401,14,1997,4M2DU55P1VUJ,4,M,2,D,U,5,5,P,1,V,U,J,0,P,MERC,MOU,UT,97,17,0,,0,1120,,G,,0,0,000000000,00000000000,0,0,0,1,0,0,0,0,0,0,0,67,0,1,5,1,7,6,2,1,0,0,0,1,39,43337,6,1,0,0,3,0,72,158,1,3,1,0,2,3,2008,12,2009,1,0,0,0,0,1,2,55,1,1,2,1,0,0,1,13,6,1,4,1,1,1
39,390853,1,1,1,21,11,21,50,59,0,1,0,39,1,54,37,54037,2,1999,19UYA2254XL0,1,9,U,Y,A,2,2,5,4,X,L,0,0,P,ACUR,30C,CP,99,17,3285,,0,1069,,G,,0,0,000000000,00000000000,0,0,0,1,0,0,0,0,0,0,0,40,0,0,0,12,12,6,2,43,0,0,0,1,39,44236,6,1,0,0,3,3,67,245,0,0,0,0,2,10,2009,10,2009,0,0,0,0,0,1,2,98,8,8,2,98,0,0,1,12,1,1,4,6,1,0
39,390854,1,2,2,21,11,19,48,12,6,1,0,39,2,37,31,37031,4,1996,1HGEJ667XTL0,1,H,G,E,J,6,6,7,X,T,L,0,0,P,HOND,UCL,4D,96,17,2426,,0,1032,,G,,0,0,000000000,00000000000,0,0,0,1,0,0,0,0,0,0,0,5,0,0,0,9,9,6,2,12,0,0,0,1,39,43333,1,1,0,0,2,0,71,165,0,3,1,1,3,3,2009,10,2009,0,36,0,0,0,1,2,55,1,1,2,1,20,3,11,53,1,1,1,72,1,1
39,390854,2,2,2,21,11,19,48,12,6,1,0,39,1,23,481,23481,31,1997,1GTEC14W2VZ5,1,G,T,E,C,1,4,W,2,V,Z,5,0,T,GMC,SC1,PK,97,17,,2,1315,1175,SIE,G,,0,0,000000000,00000000000,0,0,0,1,0,0,0,0,0,0,0,45,0,0,0,12,1,6,2,12,0,0,0,1,39,43311,6,1,0,0,3,0,70,150,0,7,1,0,1,9,2008,6,2010,1,28,39,0,0,1,2,55,1,1,2,1,20,3,15,6,1,1,2,73,0,1
39,390855,1,1,1,21,11,16,30,53,0,1,0,39,1,22,441,22441,20,1993,1GMDU06D1PT2,1,G,M,D,U,0,6,D,1,P,T,2,0,P,PONT,TSP,SV,93,17,3448,,0,1098,,G,,0,0,000000000,00000000000,0,0,0,1,0,0,0,0,0,0,0,998,0,0,0,12,12,6,2,42,0,0,0,1,39,45784,6,1,0,0,3,0,72,225,0,0,0,0,0,0,0,0,0,0,0,0,0,0,1,2,35,1,1,2,1,0,0,1,12,1,1,4,6,1,1
39,390856,1,2,2,24,11,5,1,12,1,1,0,17,3,84,881,84881,66,2010,2HSDBSJR9AC1,2,H,S,D,B,S,J,R,9,A,C,1,1,T,INTL,PRO,DS,10,17,,8,0,0,PRO,D,,1,57,1062707,571062707,3,6,1,1,0,0,0,0,0,0,0,998,1,0,0,12,11,6,2,12,0,0,0,1,21,42501,6,1,6,0,3,0,75,150,1,0,0,0,0,3,2008,3,2008,1,26,0,0,0,2,4,65,1,1,2,1,0,0,1,6,1,1,1,24,1,0
39,390856,2,2,1,24,11,5,1,12,1,1,0,18,3,82,883,82883,66,2007,1FUJA6CK87DX,1,F,U,J,A,6,C,K,8,7,D,X,1,T,FRHT,COL,DS,7,17,,8,0,0,CON,D,,1,57,183949,57183949,3,6,1,1,0,0,0,0,0,0,0,60,0,0,0,6,6,6,2,12,0,0,0,1,13,30045,6,1,6,0,3,0,67,165,98,0,0,0,0,0,0,0,0,0,0,0,0,0,2,4,65,1,1,2,1,0,0,1,53,1,1,1,25,0,0
39,390857,1,1,2,4,6,4,6,42,0,1,0,39,2,20,461,20461,21,1998,1GCHG39R2W10,1,G,C,H,G,3,9,R,2,W,1,0,0,T,CHEV,G35,EV,98,17,,2,0,1550,VAN,G,,0,0,000000000,00000000000,0,0,0,1,0,0,0,0,0,0,0,998,0,0,0,2,2,6,2,42,0,0,0,1,39,43138,6,1,0,0,3,0,67,140,0,0,0,1,1,4,2008,10,2008,0,99,99,99,99,1,2,45,4,2,2,1,0,0,14,13,99,1,5,1,1,0
39,390858,1,1,2,8,8,19,8,1,0,1,0,92,0,76,734,76734,90,1995,JY44GBA07SA0,J,Y,4,4,G,B,A,0,7,S,A,0,0,M,YAMA,Y4W,AT,95,17,,,,,,,386,0,0,000000000,00000000000,0,0,0,1,0,0,0,0,0,0,0,998,0,1,6,0,4,4,3,1,0,0,0,1,39,44319,6,1,0,0,3,0,71,278,0,0,0,1,2,3,2008,3,2010,0,0,0,0,0,1,2,55,1,2,4,1,0,0,13,12,1,1,5,98,1,0
39,390859,1,1,1,13,9,19,40,8,0,1,0,39,2,2,404,2404,14,1996,1J4GZ58SXTC3,1,J,4,G,Z,5,8,S,X,T,C,3,0,T,JEEP,LRO,4W,96,17,,1,0,1059,GCK,G,,0,0,000000000,00000000000,0,0,0,1,0,0,0,0,0,0,0,20,0,0,0,1,1,0,1,8,0,0,0,1,39,44113,6,1,0,0,3,0,64,127,1,0,0,0,3,5,2009,6,2009,0,0,0,0,0,1,2,25,1,1,2,1,0,0,1,80,1,1,1,13,0,0
39,390860,1,1,2,19,9,11,31,42,0,1,0,39,1,12,3,12003,3,1988,1FABP42E7JF1,1,F,A,B,P,4,2,E,7,J,F,1,0,P,FORD,MGT,2H,88,17,3193,,0,1004,,G,,0,0,000000000,00000000000,0,0,0,1,0,0,0,0,0,0,0,79,0,0,0,9,9,6,2,42,0,0,0,1,39,44883,6,1,0,0,3,0,74,160,0,1,0,0,0,3,2009,3,2009,1,28,36,0,0,1,2,35,4,1,2,1,0,0,14,6,1,2,5,11,2,0
39,390861,1,2,2,8,10,16,30,12,6,1,0,39,2,55,32,55032,4,1994,KMHVF22J4RU9,K,M,H,V,F,2,2,J,4,R,U,9,0,P,HYUN,EGL,4D,94,17,2224,,0,938,,G,,0,0,000000000,00000000000,0,0,0,1,0,0,0,0,0,0,0,15,0,0,0,3,3,6,2,12,0,0,0,1,39,45152,6,1,0,0,3,3,70,240,0,0,0,0,0,0,0,0,0,0,38,0,0,0,3,4,50,1,1,2,1,3,3,11,15,1,1,2,82,1,0
39,390861,2,2,3,8,10,16,30,12,6,1,0,39,1,64,31,64031,4,2000,KLATA5261YB5,K,L,A,T,A,5,2,6,1,Y,B,5,0,P,DAEW,LNS,4D,0,17,2522,,0,992,,G,,0,0,000000000,00000000000,0,0,0,1,0,0,0,0,0,0,0,45,0,0,0,12,12,6,9,12,0,0,0,1,39,45323,6,1,0,0,3,0,78,220,0,1,0,0,3,1,2008,6,2010,0,0,0,0,0,3,4,50,1,1,2,1,3,3,1,17,1,1,1,83,0,0
39,390862,1,2,1,9,10,3,30,12,1,1,1,39,9,7,21,7021,6,2005,2D4GV58205H6,2,D,4,G,V,5,8,2,0,5,H,6,0,P,DODG,MGN,UT,5,17,4161,,0,1200,,G,,0,0,000000000,00000000000,0,0,0,1,0,0,0,0,0,0,0,998,0,0,0,12,98,6,2,12,0,0,0,1,99,99999,9,9,99,9,9,9,999,999,99,99,99,99,99,99,9999,99,9999,1,36,0,0,0,1,3,45,1,1,2,1,3,3,1,17,1,1,1,77,0,0
39,390862,2,2,1,9,10,3,30,12,1,1,0,39,2,20,461,20461,21,1990,2GBEG25K5L41,2,G,B,E,G,2,5,K,5,L,4,1,0,T,CHEV,SV2,IC,90,17,,2,1250,1100,S/V,G,,0,0,000000000,00000000000,0,0,0,1,0,0,0,0,0,0,0,998,0,0,0,6,7,6,2,2,0,0,1,1,39,45417,6,1,0,0,3,0,75,275,1,0,0,1,1,7,2008,12,2009,0,0,0,0,0,1,3,45,1,1,2,1,3,3,11,17,1,2,2,76,1,0
39,390864,1,2,1,11,10,13,0,12,2,1,0,39,1,9,17,9017,7,1994,1P3AP683XRN2,1,P,3,A,P,6,8,3,X,R,N,2,0,P,PLYM,SUD,4H,94,17,2755,,0,972,,G,,0,0,000000000,00000000000,0,0,0,1,0,0,0,0,0,0,0,2,0,0,0,12,12,6,2,12,0,0,0,1,39,45232,6,1,0,0,3,0,70,165,0,0,0,0,0,0,0,0,0,0,38,0,0,0,1,4,25,1,2,2,1,0,0,1,10,1,1,1,50,0,0
39,390864,2,2,1,11,10,13,0,12,2,1,1,39,2,37,32,37032,4,1996,1HGCD5657TA0,1,H,G,C,D,5,6,5,7,T,A,0,0,P,HOND,UER,4D,96,17,2974,,0,1069,,G,,0,0,000000000,00000000000,0,0,0,1,0,0,0,0,0,0,0,40,0,0,0,12,12,6,2,8,0,0,0,1,39,45224,3,1,0,0,2,0,67,135,0,0,0,0,0,0,0,0,0,1,36,91,0,0,1,4,25,1,2,2,1,0,0,1,62,6,2,1,51,0,0
39,390865,1,2,2,18,10,8,26,12,2,1,0,39,1,18,401,18401,14,2002,3G5DB03E72S5,3,G,5,D,B,0,3,E,7,2,S,5,0,P,BUIC,RZV,UT,2,17,4250,,0,1122,,G,,0,0,000000000,00000000000,0,0,0,1,0,0,0,0,0,0,0,30,0,0,0,12,10,6,2,12,0,0,0,1,39,44304,6,1,0,0,3,0,66,160,1,1,0,0,1,10,2009,9,2010,0,48,0,0,0,1,2,30,1,1,2,1,3,3,11,17,1,1,1,68,1,0
39,390865,2,2,6,18,10,8,26,12,2,1,0,39,1,14,6,14006,4,1986,2MEBP95F5GX6,2,M,E,B,P,9,5,F,5,G,X,6,0,P,MERC,MGR,4D,86,17,3782,,0,1143,,G,,0,0,000000000,00000000000,0,0,0,1,0,0,0,0,0,0,0,30,0,0,0,12,10,6,2,12,0,0,0,1,39,44310,6,1,0,0,3,0,70,190,0,0,0,0,0,0,0,0,0,0,0,0,0,0,1,2,30,1,1,2,1,3,3,1,17,1,1,1,69,0,0
39,390866,1,3,1,18,10,16,0,12,1,1,0,39,3,19,18,19018,4,2008,1G6DT57V9801,1,G,6,D,T,5,7,V,9,8,0,1,0,P,CADI,AF6,4D,8,17,3568,,0,1134,,G,,0,0,000000000,00000000000,0,0,0,1,0,0,0,0,0,0,0,998,0,0,0,12,12,6,2,12,0,0,0,1,39,45011,6,1,0,0,3,0,64,106,0,0,0,0,0,0,0,0,0,0,26,0,0,0,1,4,40,1,1,2,1,0,0,1,18,1,1,1,28,0,0
39,390866,2,3,2,18,10,16,0,12,1,1,0,39,3,7,442,7442,20,1999,1B4GP45G9XB5,1,B,4,G,P,4,5,G,9,X,B,5,0,P,DODG,CAR,SV,99,17,3768,,0,1133,,F,,0,0,000000000,00000000000,0,0,0,1,0,0,0,0,0,0,0,45,0,0,0,6,98,6,2,12,0,0,0,1,39,45011,0,0,0,0,0,0,999,999,0,0,0,0,0,0,0,0,0,1,0,0,0,0,1,4,40,1,1,2,1,0,0,2,18,1,1,1,29,1,0
39,390866,3,3,1,18,10,16,0,12,1,1,0,39,1,12,481,12481,31,2004,2FTRF07324CA,2,F,T,R,F,0,7,3,2,4,C,A,0,T,FORD,1SV,PK,4,17,,2,1450,1260,COF,G,,0,0,000000000,00000000000,0,0,0,1,0,0,0,0,0,0,0,998,0,0,0,12,12,6,9,12,0,0,0,1,39,45011,6,1,0,0,3,0,71,230,0,0,0,0,0,0,0,0,0,0,0,0,0,0,1,4,40,1,1,2,1,0,0,1,18,1,1,1,98,0,0
39,390867,1,2,1,22,10,7,17,12,6,1,0,39,1,35,47,35047,4,2002,1N4AL11D02C7,1,N,4,A,L,1,1,D,0,2,C,7,0,P,NISS,ABS,4D,2,17,2873,,0,1102,,G,,0,0,000000000,00000000000,0,0,0,1,0,0,0,0,0,0,0,50,0,0,0,12,12,6,2,12,0,0,0,1,39,44255,6,1,0,0,3,3,71,180,1,0,0,0,0,2,2008,2,2008,0,0,0,0,0,2,4,55,1,1,2,1,0,0,1,17,2,1,1,88,0,0
39,390867,2,2,1,22,10,7,17,12,6,1,0,39,1,49,40,49040,4,2007,4T1BE46K37U1,4,T,1,B,E,4,6,K,3,7,U,1,0,P,TOYT,CMB,4D,7,17,3108,,0,1093,,G,,0,0,000000000,00000000000,0,0,0,1,0,0,0,0,0,0,0,998,0,0,0,9,9,6,2,12,0,0,0,1,39,44266,6,1,0,0,3,3,74,170,0,0,0,0,0,0,0,0,0,0,38,39,0,0,2,4,55,1,1,1,1,20,3,1,17,2,1,2,89,1,0
39,390868,1,3,3,22,10,11,38,12,8,1,0,39,2,6,42,6042,4,2000,2C3HC56G6YH3,2,C,3,H,C,5,6,G,6,Y,H,3,0,P,CHRY,LHS,4D,0,17,3477,,0,1130,,G,,0,0,000000000,00000000000,0,0,0,1,0,0,0,0,0,0,0,65,0,0,0,3,7,2,1,12,0,0,0,1,39,44505,6,1,0,0,3,0,70,160,0,1,0,0,0,7,2008,7,2008,0,0,0,0,0,2,4,65,1,1,2,1,0,0,1,62,1,1,1,65,0,0
39,390868,2,3,1,22,10,11,38,12,8,1,0,39,3,6,52,6052,6,2006,999999999999,9,9,9,9,9,9,9,9,9,9,9,9,0,U,,,,9,17,,,,,,,,0,0,000000000,00000000000,0,0,0,1,0,0,0,0,0,0,0,60,0,0,0,2,2,6,2,12,0,0,0,1,39,44240,6,1,0,0,3,0,74,235,1,0,0,0,1,7,2010,8,2010,0,0,0,0,0,2,4,65,1,1,2,1,0,0,1,18,2,1,1,98,0,0
39,390868,3,3,1,22,10,11,38,12,8,1,0,42,2,6,52,6052,6,2007,3A4FY58BX7T6,3,A,4,F,Y,5,8,B,X,7,T,6,0,P,CHRY,PTC,SV,7,17,3040,,0,1030,,G,,0,0,000000000,00000000000,0,0,0,1,0,0,0,0,0,0,0,65,0,1,1,9,9,6,2,12,0,0,0,1,42,15043,6,1,0,0,3,0,67,999,0,0,0,0,0,0,0,0,0,0,28,0,0,0,2,4,65,1,1,2,1,0,0,1,10,1,2,2,64,1,0
39,390869,1,2,1,23,10,14,33,12,6,1,0,39,2,20,401,20401,14,1991,1GCCS14Z0M01,1,G,C,C,S,1,4,Z,0,M,0,1,0,T,CHEV,S14,PK,91,17,,1,1179,1083,S,G,,0,0,000000000,00000000000,0,0,0,1,0,0,0,0,0,0,0,998,0,0,0,12,12,6,2,12,0,0,0,1,39,43512,6,1,0,0,3,3,68,160,0,0,0,0,1,8,2010,8,2010,0,38,0,0,0,1,2,55,1,1,2,1,20,3,1,17,1,1,1,88,0,0
39,390869,2,2,1,23,10,14,33,12,6,1,0,39,1,22,2,22002,4,2001,1G2HZ5419142,1,G,2,H,Z,5,4,1,9,1,4,2,0,P,PONT,BSI,4D,1,17,3716,,0,1122,,G,,0,0,000000000,00000000000,0,0,0,1,0,0,0,0,0,0,0,998,0,0,0,9,9,6,2,12,0,0,0,1,39,45831,6,1,0,0,3,0,64,135,0,0,0,0,0,0,0,0,0,0,0,0,0,0,1,2,55,1,1,2,1,0,0,1,17,1,1,2,89,1,0
39,390870,1,1,2,29,10,21,11,42,0,1,0,39,1,49,41,49041,2,1991,JT2SW22N1M00,J,T,2,S,W,2,2,N,1,M,0,0,0,P,TOYT,MSR,CP,91,17,2758,,0,945,,G,,0,0,000000000,00000000000,0,0,0,1,0,0,0,0,0,0,0,62,0,0,0,2,9,6,2,42,0,0,0,1,39,44720,6,1,0,0,3,0,72,170,0,0,0,0,0,0,0,0,0,1,36,0,0,0,1,2,25,4,2,2,1,0,0,14,6,1,2,5,2,1,1
39,390871,1,1,1,31,10,0,27,42,0,1,0,39,2,37,734,37734,90,2004,999999999999,9,9,9,9,9,9,9,9,9,9,9,9,0,U,,,,9,17,,,,,,,,0,0,000000000,00000000000,0,0,0,1,0,0,0,0,0,0,0,44,0,0,0,12,12,6,2,42,0,0,0,1,39,43318,6,1,0,0,3,0,69,175,0,0,0,0,0,0,0,0,0,0,36,0,0,0,1,2,55,4,1,2,1,0,0,14,9,1,2,5,7,1,1
39,390872,1,1,3,31,10,3,4,34,0,1,0,39,2,37,399,37399,4,2008,2HGFA16548H3,2,H,G,F,A,1,6,5,4,8,H,3,0,P,HOND,UCL,4D,8,17,2751,,0,1063,,G,,0,0,000000000,00000000000,0,0,0,1,0,0,0,0,0,0,0,100,0,1,5,10,98,6,2,42,0,0,0,1,39,44221,6,1,0,0,3,0,73,160,0,0,0,0,0,0,0,0,0,1,36,91,0,0,1,2,40,1,1,2,1,0,0,1,6,1,2,5,7,2,0
39,390873,1,1,1,1,11,8,30,34,0,1,0,39,1,20,37,20037,4,1999,1G1NE52M9X62,1,G,1,N,E,5,2,M,9,X,6,2,0,P,CHEV,M/L,4D,99,17,3077,,0,1070,,G,,0,0,000000000,00000000000,0,0,0,1,0,0,0,0,0,0,0,998,0,1,5,9,10,6,2,1,0,0,0,1,39,43050,6,1,0,0,3,0,67,150,0,0,0,1,0,4,2008,4,2008,0,0,0,0,0,1,2,55,1,2,2,1,0,0,1,13,1,1,5,1,1,0
39,390874,1,2,1,1,11,10,40,12,6,1,0,27,3,84,881,84881,66,2007,2HSCKAPR37C3,2,H,S,C,K,A,P,R,3,7,C,3,0,T,INTL,99X,DS,7,17,,8,0,0,990,D,,0,57,116455,57116455,3,5,96,1,0,0,0,0,0,0,0,30,0,0,0,12,12,6,2,12,0,0,0,1,49,84010,6,1,6,0,3,0,73,305,98,0,0,0,0,0,0,0,0,0,0,0,0,0,1,2,55,4,1,2,1,0,0,14,62,2,1,1,65,0,0
39,390874,2,2,1,1,11,10,40,12,6,1,0,39,1,12,471,12471,30,1999,1FTZR15V5XTA,1,F,T,Z,R,1,5,V,5,X,T,A,0,T,FORD,RNS,PS,99,17,,1,0,1259,RNG,F,,0,0,000000000,00000000000,0,0,0,1,0,0,0,0,0,0,0,998,0,0,0,9,9,6,2,12,0,0,0,1,39,45601,6,1,0,0,3,3,70,205,0,1,0,0,2,7,2009,4,2010,0,28,36,0,0,1,2,55,4,1,2,1,0,0,14,11,2,1,2,64,1,0
39,390875,1,4,2,1,11,13,40,12,6,1,0,39,1,6,43,6043,4,2003,1C3EL46XX3N5,1,C,3,E,L,4,6,X,X,3,N,5,0,P,CHRY,SLX,4D,3,17,3102,,0,1080,,G,,0,0,000000000,00000000000,0,0,0,1,0,0,0,0,0,0,0,35,0,0,0,12,12,6,2,12,0,0,0,1,39,44903,6,1,0,0,3,3,63,150,0,0,0,0,0,0,0,0,0,0,39,0,0,0,1,4,45,1,1,2,1,3,3,1,17,1,1,1,88,1,0
39,390875,2,4,1,1,11,13,40,12,6,1,0,39,1,23,422,23422,15,2007,1GKFK66887J2,1,G,K,F,K,6,6,8,8,7,J,2,0,T,GMC,DXL,LL,7,17,,2,0,1300,YUK,G,,0,0,000000000,00000000000,0,0,0,1,0,0,0,0,0,0,0,30,0,0,0,9,3,6,2,12,0,0,0,1,39,44904,6,1,0,0,3,3,67,145,0,0,0,0,0,0,0,0,0,0,0,0,0,0,1,4,35,1,1,2,1,3,3,1,17,1,1,1,89,0,0
39,390875,3,4,2,1,11,13,40,12,6,1,0,39,3,24,1,24001,4,1999,1G8ZK5273XZ2,1,G,8,Z,K,5,2,7,3,X,Z,2,0,P,STRN,SL2,4D,99,17,2418,,0,1024,,G,,0,0,000000000,00000000000,0,0,0,1,0,0,0,0,0,0,0,0,0,0,0,12,12,4,3,12,0,0,0,1,39,44906,6,1,0,0,3,0,63,125,1,0,0,0,0,10,2010,10,2010,0,0,0,0,0,1,4,35,1,1,2,1,3,3,5,17,1,1,1,98,0,0