STATE,ST_CASE,VEH_NO,VE_FORMS,NUMOCCS,DAY,MONTH,HOUR,MINUTE,HARM_EV,MAN_COLL,UNITTYPE,HIT_RUN,REG_STAT,OWNER,MAKE,MODEL,MAK_MOD,BODY_TYP,MOD_YEAR,VIN,VIN_1,VIN_2,VIN_3,VIN_4,VIN_5,VIN_6,VIN_7,VIN_8,VIN_9,VIN_10,VIN_11,VIN_12,TOW_VEH,VINTYPE,VINMAKE,VINA_MOD,VIN_BT,VINMODYR,VIN_LNGT,VIN_WGT,WGTCD_TR,WHLBS_LG,WHLBS_SH,SER_TR,FUELCODE,MCYCL_DS,J_KNIFE,MCARR_I1,MCARR_I2,MCARR_ID,GVWR,V_CONFIG,CARGO_BT,HAZ_INV,HAZ_PLAC,HAZ_ID,HAZ_CNO,HAZ_REL,BUS_USE,SPEC_USE,EMER_USE,TRAV_SP,UNDERIDE,ROLLOVER,ROLINLOC,IMPACT1,IMPACT2,DEFORMED,TOWED,M_HARM,VEH_SC1,VEH_SC2,FIRE_EXP,DR_PRES,L_STATE,DR_ZIP,L_STATUS,L_TYPE,CDL_STAT,L_ENDORS,L_COMPL,L_RESTRI,DR_HGT,DR_WGT,PREV_ACC,PREV_SUS,PREV_DWI,PREV_SPD,PREV_OTH,FIRST_MO,FIRST_YR,LAST_MO,LAST_YR,SPEEDREL,DR_SF1,DR_SF2,DR_SF3,DR_SF4,VTRAFWAY,VNUM_LAN,VSPD_LIM,VALIGN,VPROFILE,VPAVETYP,VSURCOND,VTRAFCON,VTCONT_F,P_CRASH1,P_CRASH2,P_CRASH3,PCRASH4,PCRASH5,ACC_TYPE,DEATHS,DR_DRINK
39,390972,2,2,2,5,12,2,40,12,6,1,0,39,1,7,422,7422,15,2004,1D7HG38K34S6,1,D,7,H,G,3,8,K,3,4,S,6,0,T,DODG,QSP,CW,4,17,,2,0,1309,DAK,G,,0,0,000000000,00000000000,0,0,0,1,0,0,0,0,0,0,0,30,0,0,0,12,12,6,2,12,0,0,0,1,39,44077,1,1,0,0,2,0,68,185,0,1,0,4,0,8,2008,8,2009,0,0,0,0,0,1,4,35,1,1,2,4,0,0,1,62,1,1,1,65,0,0
39,390973,1,1,1,6,12,7,1,33,0,1,0,39,1,49,40,49040,4,1999,4T1BG22K0XU9,4,T,1,B,G,2,2,K,0,X,U,9,0,P,TOYT,UEX,4D,99,17,2998,,0,1051,,G,,0,0,000000000,00000000000,0,0,0,1,0,0,0,0,0,0,0,35,0,0,0,10,10,6,2,30,0,0,0,1,39,44240,6,1,0,0,3,0,73,196,0,0,0,0,0,0,0,0,0,0,99,99,99,99,1,4,35,1,1,2,3,0,0,1,12,1,1,5,6,1,0
39,390974,1,2,1,6,12,12,5,12,6,1,0,42,1,12,481,12481,31,2003,3FTNX21L43MB,3,F,T,N,X,2,1,L,4,3,M,B,0,T,FORD,F2S,4C,3,17,,2,1580,1418,SRW,G,,0,0,000000000,00000000000,0,0,0,1,0,0,0,0,0,0,0,40,0,0,0,12,12,6,2,12,0,0,0,1,42,15021,6,1,0,0,3,3,74,999,0,0,0,0,0,0,0,0,0,1,0,0,0,0,1,2,35,1,2,2,2,0,0,1,17,1,1,1,88,0,0
39,390974,2,2,1,6,12,12,5,12,6,1,0,42,1,20,481,20481,31,2000,2G1WL52J7Y11,2,G,1,W,L,5,2,J,7,Y,1,1,0,P,CHEV,LUM,4D,0,17,3330,,0,1075,,G,,0,0,000000000,00000000000,0,0,0,1,0,0,0,0,0,0,0,5,0,0,0,9,9,6,2,12,0,0,0,1,42,18847,1,1,0,0,2,3,70,999,0,1,0,0,0,11,2010,11,2010,0,38,0,0,0,1,2,35,1,2,2,2,0,0,1,17,1,1,1,89,1,0
39,390976,1,1,1,7,12,4,15,8,0,1,0,39,1,20,499,20499,31,2011,1GCNKPEX8BZ1,1,G,C,N,K,P,E,X,8,B,Z,1,0,T,CHEV,SK1,PK,11,17,,2,1330,1190,SIL,G,,0,0,000000000,00000000000,0,0,0,1,0,0,0,0,0,0,0,45,0,0,0,11,11,4,3,8,0,0,0,1,39,43004,6,1,0,0,3,3,70,195,0,0,0,0,0,0,0,0,0,0,0,0,0,0,3,4,50,1,2,2,1,0,0,1,80,1,1,1,13,0,0
39,390977,1,2,1,8,12,10,50,12,1,1,0,39,3,82,881,82881,66,2006,1FUJBBCK66LW,1,F,U,J,B,B,C,K,6,6,L,W,1,T,FRHT,ST2,DS,6,17,,8,0,0,CON,D,,1,57,081405,57081405,3,6,1,1,0,0,0,0,0,0,0,55,0,0,0,12,12,4,3,12,0,0,0,1,42,15122,6,1,6,1,3,0,68,999,0,0,0,0,0,0,0,0,0,0,0,0,0,0,3,4,55,1,1,2,1,0,0,15,18,1,1,2,24,0,0
39,390977,2,2,1,8,12,10,50,12,1,1,0,39,1,21,20,21020,4,1997,1G3WH52M9VF3,1,G,3,W,H,5,2,M,9,V,F,3,0,P,OLDS,SUL,4D,97,17,3388,,0,1075,,G,,0,0,000000000,00000000000,0,0,0,1,0,0,0,0,0,0,0,998,0,0,0,6,6,6,2,12,0,0,1,1,39,43942,6,1,0,0,3,3,67,175,0,0,0,0,1,5,2009,5,2009,0,27,0,0,0,6,1,55,1,1,2,1,0,0,1,18,1,1,1,26,1,0
39,390978,1,1,1,10,12,22,28,43,0,1,0,39,3,62,401,62401,14,2004,SALTY19474A8,S,A,L,T,Y,1,9,4,7,4,A,8,0,T,LNDR,DSE,4W,4,17,,2,0,1000,DIS,G,,0,0,000000000,00000000000,0,0,0,1,0,0,0,0,0,0,0,998,0,1,6,99,98,6,2,35,0,0,1,1,39,43026,1,1,0,0,2,0,67,170,1,3,0,2,1,2,2008,3,2010,1,36,0,0,0,6,1,65,3,2,2,1,0,0,14,8,8,2,5,2,1,1
39,390979,1,2,5,10,12,17,36,12,6,1,0,39,1,2,405,2405,14,2005,1J4GL48K15W7,1,J,4,G,L,4,8,K,1,5,W,7,0,T,JEEP,SPR,4W,5,17,,1,0,1043,LIB,G,,0,0,000000000,00000000000,0,0,0,1,0,0,0,0,0,0,0,5,0,0,0,3,3,6,2,12,0,0,0,1,39,44824,6,1,0,0,3,3,64,199,0,0,0,0,0,0,0,0,0,0,0,0,0,0,1,2,55,1,1,2,2,20,3,1,17,1,1,1,87,1,0
39,390979,2,2,1,10,12,17,36,12,6,1,0,51,1,12,481,12481,31,2004,1FTSX31P64ED,1,F,T,S,X,3,1,P,6,4,E,D,0,T,FORD,F3S,4C,4,17,,2,1580,1418,SRW,D,,0,0,000000000,00000000000,0,0,0,1,0,0,0,0,0,0,0,55,0,0,0,12,12,6,2,12,0,0,0,1,51,24265,6,1,0,0,3,0,63,160,0,0,0,0,0,0,0,0,0,0,0,0,0,0,1,2,55,1,1,2,2,0,0,1,17,1,1,1,86,0,0
39,390980,1,2,1,11,12,23,27,8,0,1,0,39,1,12,401,12401,14,1998,1FMRU1760WLC,1,F,M,R,U,1,7,6,0,W,L,C,0,P,FORD,EPT,UT,98,17,4808,,0,1190,,G,,0,0,000000000,00000000000,0,0,0,1,0,0,0,0,0,0,0,35,0,0,0,4,4,8,1,8,0,0,0,1,39,43204,6,1,0,0,3,0,73,200,1,0,0,0,0,10,2009,10,2009,0,0,0,0,0,1,4,35,1,1,2,2,0,0,1,18,1,1,1,13,0,0
39,390980,2,2,1,11,12,23,27,8,0,1,0,39,1,7,42,7042,2,1996,4B3AU52N8TE3,4,B,3,A,U,5,2,N,8,T,E,3,0,P,DODG,AES,2P,96,17,2892,,0,1037,,G,,0,0,000000000,00000000000,0,0,0,1,0,0,0,0,0,0,0,35,0,0,0,10,10,4,1,8,0,0,0,1,39,43026,6,1,0,0,3,0,60,205,0,0,0,0,1,4,2008,4,2008,0,0,0,0,0,1,4,35,1,1,2,2,0,0,1,18,1,1,1,98,0,0
39,390981,1,3,1,12,11,13,3,1,0,1,0,39,1,37,705,37705,80,2004,JH2PC35004M5,J,H,2,P,C,3,5,0,0,4,M,5,0,M,HOND,CF4,RS,4,17,,,,,,,599,0,0,000000000,00000000000,0,0,0,1,0,0,0,0,0,0,0,54,0,0,0,0,98,6,2,1,0,0,0,1,39,45066,6,1,0,0,3,1,73,190,0,0,0,3,0,4,2009,10,2010,1,36,0,0,0,1,2,45,1,2,2,1,0,0,1,6,2,2,5,7,1,0
39,390981,2,3,1,12,11,13,3,1,0,1,0,39,1,53,705,53705,80,2006,JS1VP53A9621,J,S,1,V,P,5,3,A,9,6,2,1,0,M,SUZI,SV6,RS,6,17,,,,,,,645,0,0,000000000,00000000000,0,0,0,1,0,0,0,0,0,0,0,60,0,0,0,9,98,6,2,12,0,0,0,1,39,45410,6,1,0,0,3,0,72,170,0,0,0,0,2,10,2010,10,2010,1,26,36,0,0,1,2,45,1,2,2,1,0,0,1,6,1,2,1,98,0,0
39,390981,3,3,1,12,11,13,3,1,0,1,0,39,2,49,43,49043,4,2001,4T1BF28B21U1,4,T,1,B,F,2,8,B,2,1,U,1,0,P,TOYT,UVS,4D,1,17,3428,,0,1071,,G,,0,0,000000000,00000000000,0,0,0,1,0,0,0,0,0,0,0,0,0,0,0,7,7,2,1,12,0,0,0,1,39,45066,6,1,0,0,3,3,63,190,0,0,0,0,0,0,0,0,0,0,0,0,0,0,1,2,45,1,2,2,1,0,0,5,18,1,1,1,98,0,0
39,390982,1,2,1,12,12,10,42,12,6,1,0,39,1,21,21,21021,4,2001,1G3NF52E91C1,1,G,3,N,F,5,2,E,9,1,C,1,0,P,OLDS,AGS,4D,1,17,3022,,0,1070,,G,,0,0,000000000,00000000000,0,0,0,1,0,0,0,0,0,0,0,998,0,0,0,3,3,6,2,12,0,0,0,1,39,43046,6,1,0,0,3,3,60,95,0,0,0,0,0,0,0,0,0,0,28,36,0,0,1,2,55,1,1,2,3,0,0,1,5,1,2,1,64,1,0
39,390982,2,2,2,12,12,10,42,12,6,1,0,39,1,12,402,12402,14,2010,1FMCU9D75AKC,1,F,M,C,U,9,D,7,5,A,K,C,0,P,FORD,SPE,UT,10,17,3504,,0,1031,,G,,0,0,000000000,00000000000,0,0,0,1,0,0,0,0,0,0,0,30,0,0,0,12,12,6,2,12,0,0,0,1,39,43025,6,1,0,0,3,0,72,195,0,0,0,0,0,0,0,0,0,0,0,0,0,0,1,2,55,1,1,2,3,0,0,1,62,1,1,2,65,0,0
39,390983,1,1,5,12,12,16,25,34,0,1,0,39,1,20,401,20401,14,2003,1GNDT13S7323,1,G,N,D,T,1,3,S,7,3,2,3,0,P,CHEV,TRL,UT,3,17,4600,,0,1130,,G,,0,0,000000000,00000000000,0,0,0,1,0,0,0,0,0,0,0,998,0,1,5,3,4,6,2,42,0,0,0,1,39,44076,6,1,0,0,3,3,71,240,0,0,0,0,3,10,2008,12,2008,0,36,0,0,0,1,2,55,1,1,2,4,0,0,1,9,1,2,5,7,2,0
39,390984,1,2,4,14,12,10,44,12,6,1,0,39,1,12,37,12037,4,2000,1FAFP33P4YW2,1,F,A,F,P,3,3,P,4,Y,W,2,0,P,FORD,FOX,4D,0,17,2564,,0,1030,,G,,0,0,000000000,00000000000,0,0,0,1,0,0,0,0,0,0,0,998,0,0,0,3,98,6,2,12,0,0,0,1,39,45882,6,1,0,0,3,3,64,165,0,2,0,0,0,12,2008,12,2008,0,39,0,0,0,1,2,55,1,1,2,2,3,3,1,17,1,1,2,87,3,0
39,390984,2,2,1,14,12,10,44,12,6,1,0,55,3,87,884,87884,66,2005,1XP5DB9X65N8,1,X,P,5,D,B,9,X,6,5,N,8,1,T,PTRB,379,DS,5,17,,8,0,0,CON,D,,1,57,728495,57728495,3,6,3,1,0,0,0,0,0,0,0,55,0,0,0,12,12,6,2,12,0,0,0,1,55,53556,6,1,6,0,3,3,70,155,0,0,0,1,0,5,2009,5,2009,0,0,0,0,0,1,2,55,1,1,2,2,3,3,1,17,1,1,2,86,0,0
39,390985,1,1,1,16,12,16,35,10,0,1,0,39,3,12,881,12881,61,2000,1FDAF56F7YEE,1,F,D,A,F,5,6,F,7,Y,E,E,0,T,FORD,F5D,CB,0,17,,5,2010,1410,DRW,D,,0,57,473633,57473633,2,1,1,1,0,0,0,0,0,0,0,998,0,0,0,3,3,6,2,10,0,0,0,1,39,43449,6,1,0,0,3,0,75,300,0,0,0,0,0,0,0,0,0,0,38,0,0,0,1,2,55,1,2,2,1,65,3,1,18,1,1,1,12,1,1
39,390986,1,1,1,17,12,21,30,21,0,1,0,39,3,20,421,20421,15,2001,1GNDT13WX1K2,1,G,N,D,T,1,3,W,X,1,K,2,0,P,CHEV,BZR,UT,1,17,4133,,0,1070,,G,,0,0,000000000,00000000000,0,0,0,1,0,0,0,0,0,0,0,45,0,0,0,12,98,6,2,21,0,0,0,1,39,43524,6,1,0,0,3,3,67,210,1,0,0,0,1,3,2008,3,2008,0,36,0,0,0,1,2,55,1,1,2,1,0,0,1,9,1,2,5,2,1,1
39,390987,1,4,1,18,12,10,0,12,1,1,0,39,2,2,404,2404,14,2004,1J4GW48S44C1,1,J,4,G,W,4,8,S,4,4,C,1,0,T,JEEP,LCF,4W,4,17,,1,0,1059,GCK,G,,0,0,000000000,00000000000,0,0,0,1,0,0,0,0,0,0,0,55,0,0,0,12,12,6,2,12,0,0,0,1,39,45656,6,1,0,0,3,0,73,205,0,1,0,1,0,12,2009,3,2010,0,26,91,0,0,1,2,55,1,2,2,1,0,0,1,18,1,1,1,20,0,0
39,390987,2,4,1,18,12,10,0,12,1,1,0,39,2,49,46,49046,5,2006,JTDKB20U2675,J,T,D,K,B,2,0,U,2,6,7,5,0,P,TOYT,PRI,4H,6,17,3470,,0,1063,,B,,0,0,000000000,00000000000,0,0,0,1,0,0,0,0,0,0,0,55,0,0,0,12,12,6,2,12,0,0,0,1,39,43214,6,1,0,0,3,3,65,120,1,0,0,1,1,1,2009,10,2010,0,0,0,0,0,1,2,55,1,2,2,1,0,0,1,18,1,1,1,98,0,0
39,390987,3,4,2,18,12,10,0,12,1,1,0,39,2,20,402,20402,14,1994,2CNBJ18U9R69,2,C,N,B,J,1,8,U,9,R,6,9,0,P,GEO,GEO,UT,94,17,2365,,0,866,,G,,0,0,000000000,00000000000,0,0,0,1,0,0,0,0,0,0,0,0,0,0,0,7,7,4,1,12,0,0,0,1,39,45692,6,1,0,0,3,0,70,280,2,0,0,0,2,4,2008,4,2010,0,0,0,0,0,1,2,0,1,2,2,1,0,0,5,18,1,1,1,98,0,0
39,390987,4,4,3,18,12,10,0,12,1,1,0,39,2,14,4,14004,2,1995,1MELM624XSH6,1,M,E,L,M,6,2,4,X,S,H,6,0,P,MERC,XR7,2D,95,17,3533,,0,1130,,G,,0,0,000000000,00000000000,0,0,0,1,0,0,0,0,0,0,0,0,0,0,0,6,3,6,2,12,0,0,0,1,39,45638,6,1,0,0,3,0,64,130,0,1,0,1,0,4,2008,5,2009,0,0,0,0,0,1,2,0,1,2,2,1,0,0,5,18,1,1,1,21,1,0
39,390988,1,2,1,19,12,4,10,12,8,1,0,39,1,7,26,7026,4,2008,1B3LC56K38N1,1,B,3,L,C,5,6,K,3,8,N,1,0,P,DODG,AXT,4D,8,17,3465,,0,1089,,G,,0,0,000000000,00000000000,0,0,0,1,0,0,0,0,0,0,0,74,0,0,0,10,10,6,2,12,0,0,0,1,39,44120,6,1,0,0,3,0,66,130,0,0,0,5,4,2,2008,11,2010,1,36,51,0,0,3,6,60,1,1,2,1,0,0,1,6,1,2,2,64,1,1
39,390988,2,2,2,19,12,4,10,12,8,1,0,39,3,6,441,6441,20,2006,2A4GP44R06R7,2,A,4,G,P,4,4,R,0,6,R,7,0,P,CHRY,TWC,SV,6,17,4163,,0,1193,,G,,0,0,000000000,00000000000,0,0,0,1,0,0,0,0,0,0,0,60,0,0,0,10,10,6,2,12,0,0,0,1,39,44077,6,1,0,0,3,0,70,200,0,0,0,2,0,9,2009,3,2010,0,0,0,0,0,3,6,60,1,1,2,1,0,0,1,18,1,1,1,65,0,0
39,390991,1,2,1,1,12,8,19,12,2,1,0,39,2,20,403,20403,14,2003,1GNDT13S6323,1,G,N,D,T,1,3,S,6,3,2,3,0,P,CHEV,TRL,UT,3,17,4600,,0,1130,,G,,0,0,000000000,00000000000,0,0,0,1,0,0,0,0,0,0,0,35,0,0,0,12,12,6,2,12,0,0,0,1,39,44060,6,1,0,0,3,3,65,160,1,0,0,0,0,6,2009,6,2009,0,28,0,0,0,1,2,35,1,1,2,2,0,0,1,10,1,1,2,50,1,0
39,390991,2,2,3,1,12,8,19,12,2,1,0,39,1,20,441,20441,20,2002,1GNDM19X22B1,1,G,N,D,M,1,9,X,2,2,B,1,0,T,CHEV,AST,ES,2,17,,1,0,1112,AST,G,,0,0,000000000,00000000000,0,0,0,1,0,0,0,0,0,0,0,35,0,0,0,12,12,6,2,12,0,0,0,1,39,44094,6,1,0,0,3,0,63,140,0,0,0,0,0,0,0,0,0,0,0,0,0,0,1,2,35,1,1,2,2,0,0,1,62,1,1,1,51,0,0
39,390992,1,1,1,20,12,22,55,59,0,1,0,39,2,7,20,7020,4,2000,1B3ES46C5YD7,1,B,3,E,S,4,6,C,5,Y,D,7,0,P,DODG,NSE,4D,0,17,2515,,0,1050,,G,,0,0,000000000,00000000000,0,0,0,1,0,0,0,0,0,0,0,40,0,0,0,12,12,6,2,43,0,0,0,1,39,45415,6,1,0,0,3,0,68,155,0,1,0,0,1,2,2008,3,2008,0,99,99,99,99,1,4,40,1,1,2,2,0,0,1,12,1,1,5,6,1,0
39,390993,1,2,3,13,12,18,24,12,6,1,0,39,1,12,17,12017,4,2001,1FAFP52U91G1,1,F,A,F,P,5,2,U,9,1,G,1,0,P,FORD,TAX,4D,1,17,3331,,0,1085,,G,,0,0,000000000,00000000000,0,0,0,1,0,0,0,0,0,0,0,45,0,0,0,3,98,6,2,12,0,0,0,1,39,45866,6,1,0,0,3,3,71,220,0,1,0,0,0,11,2010,11,2010,0,28,36,0,0,1,2,55,1,1,2,4,0,0,1,9,1,2,2,64,1,0
39,390993,2,2,2,13,12,18,24,12,6,1,0,39,1,18,2,18002,4,2001,1G4HR54K91U2,1,G,4,H,R,5,4,K,9,1,U,2,0,P,BUIC,LLF,4D,1,17,3591,,0,1122,,G,,0,0,000000000,00000000000,0,0,0,1,0,0,0,0,0,0,0,35,0,0,0,12,98,6,2,12,0,0,0,1,39,45351,6,1,0,0,3,0,72,185,1,0,0,1,0,6,2009,10,2009,0,0,0,0,0,1,2,55,1,1,2,4,0,0,1,62,1,1,1,65,0,0
39,390994,1,1,1,27,11,2,3,8,0,1,1,39,2,21,2,21002,4,1978,999999999999,9,9,9,9,9,9,9,9,9,9,9,9,0,U,,,,9,17,,,,,,,,0,0,000000000,00000000000,0,0,0,1,0,0,0,0,0,0,0,15,0,0,0,12,12,2,1,8,0,0,0,1,39,43812,6,1,0,0,3,3,71,160,0,1,0,0,0,7,2008,7,2008,0,86,0,0,0,1,2,25,1,1,2,1,0,0,1,16,1,1,1,13,0,0
39,390995,1,2,1,11,12,7,0,12,7,1,0,39,2,13,421,13421,15,1998,5LMPU28L5WLJ,5,L,M,P,U,2,8,L,5,W,L,J,0,P,LINC,NAV,UT,98,17,5557,,0,1190,,G,,0,0,000000000,00000000000,0,0,0,1,0,0,0,0,0,0,0,47,0,0,0,99,98,6,2,12,0,0,0,1,39,45662,1,1,0,0,2,0,999,200,0,1,0,0,1,3,2009,5,2009,1,36,0,0,0,1,2,35,4,1,2,2,0,0,14,6,2,2,2,44,1,1
39,390995,2,2,2,11,12,7,0,12,7,1,0,21,1,12,471,12471,30,1998,1FTZR15U1WTA,1,F,T,Z,R,1,5,U,1,W,T,A,0,T,FORD,RNS,PS,98,17,,1,0,1259,RNG,G,,0,0,000000000,00000000000,0,0,0,1,0,0,0,0,0,0,0,57,0,0,0,99,98,6,2,12,0,0,0,1,21,41166,1,1,0,0,2,0,72,160,0,1,1,0,0,10,2010,10,2010,1,36,0,0,0,1,2,35,4,1,2,2,0,0,14,6,2,2,2,45,0,1
39,390996,1,1,5,18,12,19,4,34,0,1,0,18,2,7,482,7482,31,2002,3B7HA18N62G1,3,B,7,H,A,1,8,N,6,2,G,1,0,T,DODG,Q15,CW,2,17,,2,1605,1405,RPC,G,,0,0,000000000,00000000000,0,0,0,1,0,0,0,0,0,0,0,50,0,1,6,99,98,6,2,42,0,0,0,1,18,47390,0,0,0,0,0,0,999,999,0,0,0,0,0,0,0,0,0,0,28,0,0,0,1,2,55,1,2,2,4,0,0,1,5,1,2,5,2,1,0
39,390997,1,1,1,18,12,12,36,1,0,1,0,16,3,51,884,51884,78,2008,4V4NC9GHX8N4,4,V,4,N,C,9,G,H,X,8,N,4,1,T,VOLV,VNL,DS,8,17,,8,0,0,VVN,D,,1,57,1985560,571985560,3,19,98,1,0,0,0,0,0,0,0,50,0,1,5,0,3,6,2,24,0,0,0,1,16,83401,6,1,6,1,3,3,73,230,0,2,0,2,0,9,2008,7,2010,0,21,0,0,0,3,4,60,4,2,2,1,0,0,14,13,1,1,5,1,1,0
39,390998,1,1,1,19,12,2,9,8,0,1,1,39,2,49,40,49040,4,2009,4T4BE46K89R0,4,T,4,B,E,4,6,K,8,9,R,0,0,P,TOYT,CBA,4D,9,17,3263,,0,1090,,G,,0,0,000000000,00000000000,0,0,0,1,0,0,0,0,0,0,0,35,0,0,0,1,1,4,3,8,0,0,0,1,39,44023,1,1,0,0,2,3,72,210,1,1,0,0,1,12,2009,6,2010,0,51,0,0,0,1,2,35,1,1,2,1,0,0,1,13,1,1,4,13,0,1
39,390999,1,2,3,21,12,11,49,12,2,1,0,54,2,12,402,12402,14,2006,1FMYU92Z46KD,1,F,M,Y,U,9,2,Z,4,6,K,D,0,P,FORD,SPE,UT,6,17,3346,,0,1031,,G,,0,0,000000000,00000000000,0,0,0,1,0,0,0,0,0,0,0,51,0,0,0,12,12,6,2,12,0,0,0,1,54,25632,6,1,0,0,3,3,69,160,0,0,0,0,0,0,0,0,0,0,28,36,91,0,2,4,55,1,1,2,1,0,0,1,5,2,2,2,50,0,0
39,390999,2,2,5,21,12,11,49,12,2,1,0,39,1,21,2,21002,4,1999,1G3HN52K7X48,1,G,3,H,N,5,2,K,7,X,4,8,0,P,OLDS,8LW,4D,99,17,3455,,0,1108,,G,,0,0,000000000,00000000000,0,0,0,1,0,0,0,0,0,0,0,65,0,0,0,12,12,6,2,12,0,0,0,1,39,43207,6,1,0,0,3,0,66,165,0,0,0,0,0,0,0,0,0,0,0,0,0,0,2,4,55,1,1,2,1,0,0,1,62,2,1,1,51,2,0
39,391000,1,1,1,21,12,6,46,8,0,1,0,47,3,84,884,84884,66,2007,2HSCEAPR07C5,2,H,S,C,E,A,P,R,0,7,C,5,1,T,INTL,92I,DS,7,17,,8,0,0,920,D,,1,57,96609,5796609,3,6,1,1,0,0,0,0,0,0,0,55,0,0,0,2,2,2,1,8,0,0,0,1,39,44146,6,1,6,1,3,3,73,230,0,0,0,0,0,0,0,0,0,0,0,0,0,0,1,4,55,1,1,2,1,0,0,1,81,1,1,1,13,0,0
39,391001,1,1,1,22,12,17,5,43,0,1,0,39,1,37,32,37032,4,1992,1HGCB7578NA2,1,H,G,C,B,7,5,7,8,N,A,2,0,P,HOND,AEX,4D,92,17,2987,,0,1071,,G,,0,0,000000000,00000000000,0,0,0,1,0,0,0,0,0,0,0,998,0,0,0,9,9,6,2,30,0,0,0,1,39,43081,1,1,0,0,2,3,72,200,0,3,0,0,1,12,2008,4,2009,0,36,0,0,0,1,2,55,1,2,2,1,0,0,1,13,2,2,5,2,1,1
39,391002,1,1,1,23,12,15,20,42,0,1,0,39,3,12,481,12481,31,2004,1FTPX14534FA,1,F,T,P,X,1,4,5,3,4,F,A,0,T,FORD,F15,4C,4,17,,2,1450,1260,COF,G,,0,0,000000000,00000000000,0,0,0,1,0,0,0,0,0,0,0,55,0,0,0,12,12,6,2,42,0,0,0,1,39,43844,6,1,0,0,3,0,69,185,0,0,0,0,0,0,0,0,0,0,0,0,0,0,1,2,55,4,1,2,1,0,0,14,13,1,1,5,1,1,1
39,391003,1,1,1,23,12,2,30,24,0,1,0,39,1,20,401,20401,14,1999,1GCCT19WXX81,1,G,C,C,T,1,9,W,X,X,8,1,0,T,CHEV,S14,PC,99,17,,1,0,1229,S,G,,0,0,000000000,00000000000,0,0,0,1,0,0,0,0,0,0,0,998,0,1,6,3,98,6,2,24,0,0,0,1,39,45327,6,1,0,0,3,0,70,200,2,7,0,0,5,5,2008,10,2010,0,36,0,0,0,1,2,45,4,2,2,1,0,0,14,8,1,2,5,2,1,1
39,391004,1,2,1,24,12,7,19,12,1,1,0,39,2,35,47,35047,4,2005,1N4AL11DX5N4,1,N,4,A,L,1,1,D,X,5,N,4,0,P,NISS,ASL,4D,5,17,2915,,0,1102,,G,,0,0,000000000,00000000000,0,0,0,1,0,0,0,0,0,0,0,998,0,0,0,6,6,6,2,12,0,0,0,1,39,43607,6,1,0,0,3,0,60,145,1,0,0,0,0,3,2009,3,2009,0,0,0,0,0,1,2,30,1,1,2,1,0,0,1,18,1,1,1,25,0,0
39,391004,2,2,1,24,12,7,19,12,1,1,0,39,1,20,20,20020,4,1997,2G1WL52M5V93,2,G,1,W,L,5,2,M,5,V,9,3,0,P,CHEV,L/S,4D,97,17,3360,,0,1075,,G,,0,0,000000000,00000000000,0,0,0,1,0,0,0,0,0,0,0,52,0,0,0,12,12,6,2,12,0,0,0,1,39,43607,6,1,0,0,3,0,70,200,0,0,0,0,0,0,0,0,0,1,26,0,0,0,1,2,30,1,1,2,1,0,0,1,18,1,1,1,24,1,0
39,391005,1,1,3,25,12,5,40,53,0,1,0,39,2,20,481,20481,31,1988,1GCDC14H7JE1,1,G,C,D,C,1,4,H,7,J,E,1,0,T,CHEV,GC1,PK,88,17,,1,1315,1175,GM4,G,,0,0,000000000,00000000000,0,0,0,1,0,0,0,0,0,0,0,998,0,0,0,2,2,6,2,42,0,0,0,1,39,43333,6,1,0,0,3,0,66,140,0,0,0,0,0,0,0,0,0,0,0,0,0,0,1,2,55,1,2,2,3,0,0,1,13,1,1,5,1,1,0
39,391006,1,2,3,26,12,21,20,12,8,1,0,39,1,2,404,2404,14,1994,1J4GZ58Y9RC1,1,J,4,G,Z,5,8,Y,9,R,C,1,0,T,JEEP,LRO,4W,94,17,,1,0,1059,GCK,G,,0,0,000000000,00000000000,0,0,0,1,0,0,0,0,0,0,0,998,0,0,0,10,10,6,2,12,0,0,0,1,39,43204,1,1,0,0,2,0,65,180,0,2,0,0,1,9,2010,11,2010,0,28,36,0,0,1,2,55,1,1,2,3,0,0,1,5,1,2,2,64,0,0
39,391006,2,2,3,26,12,21,20,12,8,1,0,39,2,35,402,35402,14,2001,5N1ED28Y21C5,5,N,1,E,D,2,8,Y,2,1,C,5,0,P,NISS,XTR,UT,1,17,3811,,0,1043,,G,,0,0,000000000,00000000000,0,0,0,1,0,0,0,0,0,0,0,998,0,1,5,10,10,6,2,12,0,0,0,1,39,43123,1,1,0,0,2,0,70,180,0,1,0,1,1,12,2007,2,2008,0,0,0,0,0,1,2,55,1,1,2,3,0,0,1,63,1,1,1,65,1,0
39,391007,1,2,1,26,12,13,53,12,6,1,0,39,1,23,401,23401,14,2005,999999999999,9,9,9,9,9,9,9,9,9,9,9,9,0,U,,,,9,17,,,,,,,,0,0,000000000,00000000000,0,0,0,1,0,0,0,0,0,0,0,35,0,0,0,1,2,6,2,12,0,0,0,1,39,44836,6,1,0,0,3,3,70,182,0,0,0,0,0,0,0,0,0,0,0,0,0,0,1,2,35,4,2,2,2,40,3,14,17,1,1,1,87,0,0