STATE,ST_CASE,VEH_NO,VE_FORMS,NUMOCCS,DAY,MONTH,HOUR,MINUTE,HARM_EV,MAN_COLL,UNITTYPE,HIT_RUN,REG_STAT,OWNER,MAKE,MODEL,MAK_MOD,BODY_TYP,MOD_YEAR,VIN,VIN_1,VIN_2,VIN_3,VIN_4,VIN_5,VIN_6,VIN_7,VIN_8,VIN_9,VIN_10,VIN_11,VIN_12,TOW_VEH,VINTYPE,VINMAKE,VINA_MOD,VIN_BT,VINMODYR,VIN_LNGT,VIN_WGT,WGTCD_TR,WHLBS_LG,WHLBS_SH,SER_TR,FUELCODE,MCYCL_DS,J_KNIFE,MCARR_I1,MCARR_I2,MCARR_ID,GVWR,V_CONFIG,CARGO_BT,HAZ_INV,HAZ_PLAC,HAZ_ID,HAZ_CNO,HAZ_REL,BUS_USE,SPEC_USE,EMER_USE,TRAV_SP,UNDERIDE,ROLLOVER,ROLINLOC,IMPACT1,IMPACT2,DEFORMED,TOWED,M_HARM,VEH_SC1,VEH_SC2,FIRE_EXP,DR_PRES,L_STATE,DR_ZIP,L_STATUS,L_TYPE,CDL_STAT,L_ENDORS,L_COMPL,L_RESTRI,DR_HGT,DR_WGT,PREV_ACC,PREV_SUS,PREV_DWI,PREV_SPD,PREV_OTH,FIRST_MO,FIRST_YR,LAST_MO,LAST_YR,SPEEDREL,DR_SF1,DR_SF2,DR_SF3,DR_SF4,VTRAFWAY,VNUM_LAN,VSPD_LIM,VALIGN,VPROFILE,VPAVETYP,VSURCOND,VTRAFCON,VTCONT_F,P_CRASH1,P_CRASH2,P_CRASH3,PCRASH4,PCRASH5,ACC_TYPE,DEATHS,DR_DRINK
40,400159,1,1,1,3,5,18,16,24,0,1,0,40,2,99,706,99706,80,2001,1B91BBH1X1W3,1,B,9,1,B,B,H,1,X,1,W,3,0,U,,,,1,17,,,,,,,,0,0,000000000,00000000000,0,0,0,1,0,0,0,0,0,0,0,60,0,0,0,3,9,6,2,24,0,0,0,1,40,74963,6,1,0,0,3,9,77,280,0,0,0,0,0,0,0,0,0,1,0,0,0,0,1,2,35,3,6,2,1,0,0,14,6,6,1,4,1,1,0
40,400160,1,1,1,4,5,5,39,42,0,1,0,40,1,49,482,49482,31,2000,5TBRT3418YS0,5,T,B,R,T,3,4,1,8,Y,S,0,0,T,TOYT,TRS,4C,0,17,,2,0,1283,TUN,G,,0,0,000000000,00000000000,0,0,0,1,0,0,0,0,0,0,0,998,0,0,0,12,12,6,2,42,0,0,0,1,40,74804,6,1,0,0,3,0,69,220,0,0,0,0,0,0,0,0,0,9,0,0,0,0,3,2,70,3,5,2,1,0,0,14,9,6,3,4,7,1,0
40,400161,1,2,1,7,5,2,15,12,6,1,1,40,2,20,421,20421,15,1982,1G8EK18C3CF1,1,G,8,E,K,1,8,C,3,C,F,1,0,P,CHEV,K10,UT,82,17,4087,,0,1065,,D,,0,0,000000000,00000000000,0,0,0,1,0,0,0,0,0,0,0,998,0,0,0,12,12,4,1,12,0,0,0,1,40,74110,3,1,6,0,2,0,73,180,0,0,0,0,1,4,2008,4,2008,0,39,0,0,0,1,4,40,1,6,2,1,3,3,1,17,1,1,1,83,0,0
40,400161,2,2,1,7,5,2,15,12,6,1,0,40,1,37,31,37031,2,1997,1HGEJ712XVL1,1,H,G,E,J,7,1,2,X,V,L,1,0,P,HOND,UCH,CP,97,17,2324,,0,1032,,G,,0,0,000000000,00000000000,0,0,0,1,0,0,0,0,0,0,0,998,0,0,0,9,9,6,2,12,0,0,0,1,40,74063,6,1,6,0,3,0,63,118,0,0,0,1,0,11,2009,11,2009,0,0,0,0,0,1,4,30,1,1,2,1,3,3,11,15,1,1,1,82,1,1
40,400162,1,4,1,17,4,2,6,12,2,1,0,40,1,37,402,37402,14,2006,JHLRD788X6C0,J,H,L,R,D,7,8,8,X,6,C,0,0,P,HOND,CRV,UT,6,17,3472,,0,1033,,G,,0,0,000000000,00000000000,0,0,0,1,0,0,0,0,0,0,0,998,0,1,1,12,12,6,2,12,0,0,0,1,40,73072,6,1,0,0,3,8,73,165,0,1,1,0,0,8,2009,8,2009,0,50,0,0,0,3,4,60,3,1,1,2,0,0,14,54,1,1,1,50,0,1
40,400162,2,4,2,17,4,2,6,12,2,1,0,40,2,54,37,54037,2,1998,19UYA325XWL0,1,9,U,Y,A,3,2,5,X,W,L,0,0,P,ACUR,23C,CP,98,17,3064,,0,1069,,G,,0,0,000000000,00000000000,0,0,0,1,0,0,0,0,0,0,0,998,0,0,0,12,12,6,2,12,0,0,0,1,40,73003,6,1,0,0,3,8,69,135,0,0,0,0,0,0,0,0,0,0,0,0,0,0,3,4,60,3,1,1,2,0,0,14,54,6,1,1,51,1,0
40,400162,3,4,1,17,4,2,6,12,2,1,0,40,3,12,461,12461,21,2007,1FTNE14W87DA,1,F,T,N,E,1,4,W,8,7,D,A,0,T,FORD,15V,CG,7,17,,2,0,1380,VAN,G,,0,0,000000000,00000000000,0,0,0,1,0,0,0,0,0,0,0,998,0,0,0,12,98,2,1,18,0,0,0,1,40,73162,6,1,0,0,3,8,70,165,0,1,0,1,0,11,2007,11,2007,0,0,0,0,0,3,4,60,3,1,1,2,0,0,14,90,2,1,1,98,0,0
40,400162,4,4,1,17,4,2,6,12,2,1,0,40,2,21,22,21022,4,1995,1G3GR62C0S41,1,G,3,G,R,6,2,C,0,S,4,1,0,P,OLDS,AUR,4D,95,17,3967,,0,1138,,G,,0,0,000000000,00000000000,0,0,0,1,0,0,0,0,0,0,0,998,0,0,0,12,98,2,1,18,0,0,0,1,40,73064,6,1,0,0,3,8,70,170,0,0,0,0,1,7,2009,7,2009,0,81,0,0,0,3,4,60,3,1,1,1,0,0,14,90,2,1,1,98,0,0
40,400163,1,1,6,20,3,11,50,42,0,1,0,48,1,20,422,20422,15,2004,1GNEC16Z34J2,1,G,N,E,C,1,6,Z,3,4,J,2,0,P,CHEV,C15,UT,4,17,4947,,0,1300,,F,,0,0,000000000,00000000000,0,0,0,1,0,0,0,0,0,0,0,998,0,1,3,12,4,6,2,42,0,0,0,1,48,76123,6,1,0,0,3,0,65,189,0,0,0,0,0,0,0,0,0,9,58,0,0,0,3,2,70,1,1,1,3,0,0,1,12,8,4,4,7,1,0
40,400164,1,1,1,7,4,0,4,1,0,1,0,40,2,76,709,76709,88,2006,JYASG18Y06A0,J,Y,A,S,G,1,8,Y,0,6,A,0,0,M,YAMA,CP2,MS,6,17,,,,,,,249,0,0,000000000,00000000000,0,0,0,1,0,0,0,0,0,0,0,998,0,0,0,0,9,6,2,1,0,0,0,1,40,74864,6,1,0,0,3,3,74,240,0,0,0,0,0,0,0,0,0,1,28,0,0,0,1,2,55,1,1,2,2,4,3,1,6,99,2,9,98,1,0
40,400165,1,2,2,5,5,18,55,12,6,1,0,40,1,20,481,20481,31,2001,2GCEC19T3113,2,G,C,E,C,1,9,T,3,1,1,3,0,T,CHEV,SC1,4C,1,17,,2,1575,1435,SIL,G,,0,0,000000000,00000000000,0,0,0,1,0,0,0,0,0,0,0,998,0,0,0,1,11,6,2,12,0,0,0,1,40,73703,6,1,0,0,3,0,73,150,0,0,0,0,0,0,0,0,0,1,38,0,0,0,1,2,45,1,1,5,1,0,0,1,17,1,1,4,86,1,0
40,400165,2,2,2,5,5,18,55,12,6,1,0,40,2,37,403,37403,14,2006,5J6YH18346L0,5,J,6,Y,H,1,8,3,4,6,L,0,0,P,HOND,ELE,UT,6,17,3429,,0,1014,,G,,0,0,000000000,00000000000,0,0,0,1,0,0,0,0,0,0,0,998,0,1,1,1,11,6,2,12,0,0,0,1,40,73701,6,1,0,0,3,0,73,190,0,0,1,0,1,2,2008,5,2010,0,0,0,0,0,1,2,45,1,1,5,1,0,0,1,17,1,1,4,87,2,0
40,400166,1,3,3,30,4,13,18,12,2,1,0,40,2,20,16,20016,2,1998,1G1JC124XWM1,1,G,1,J,C,1,2,4,X,W,M,1,0,P,CHEV,C/S,CP,98,17,2584,,0,1041,,G,,0,0,000000000,00000000000,0,0,0,1,0,0,0,0,0,0,0,998,0,0,0,12,12,6,2,12,0,0,0,1,40,74346,6,1,0,0,3,3,65,132,0,0,0,0,0,0,0,0,0,0,28,0,0,0,1,2,55,1,1,2,2,0,0,1,10,1,1,2,50,0,1
40,400166,2,3,3,30,4,13,18,12,2,1,0,40,1,49,32,49032,4,2000,1NXBR12E6YZ4,1,N,X,B,R,1,2,E,6,Y,Z,4,0,P,TOYT,UVL,4D,0,17,2403,,0,970,,G,,0,0,000000000,00000000000,0,0,0,1,0,0,0,0,0,0,0,998,0,0,0,12,12,6,2,12,0,0,0,1,40,74346,6,1,0,0,3,3,59,135,0,0,0,0,0,0,0,0,0,0,0,0,0,0,1,2,55,1,1,2,2,0,0,1,62,1,1,1,51,3,0
40,400166,3,3,1,30,4,13,18,12,2,1,0,40,1,12,37,12037,4,2002,1FAFP33P82W3,1,F,A,F,P,3,3,P,8,2,W,3,0,P,FORD,FOX,4D,2,17,2604,,0,1030,,G,,0,0,000000000,00000000000,0,0,0,1,0,0,0,0,0,0,0,998,0,0,0,12,12,4,1,12,0,0,0,1,40,74344,6,1,0,0,3,0,65,175,0,0,0,1,0,12,2009,12,2009,0,0,0,0,0,1,2,55,1,1,2,2,0,0,1,62,1,1,1,98,0,0
40,400167,1,2,2,8,5,10,20,12,6,1,0,40,3,18,7,18007,2,2001,2G4WS52J4111,2,G,4,W,S,5,2,J,4,1,1,1,0,P,BUIC,CCU,4D,1,17,3368,,0,1090,,G,,0,0,000000000,00000000000,0,0,0,1,0,0,0,0,0,0,0,998,0,0,0,3,12,6,2,12,0,0,0,1,40,73521,6,1,0,0,3,0,65,135,0,0,0,0,0,0,0,0,0,0,0,0,0,0,1,2,45,1,1,2,1,0,0,12,10,1,1,3,98,1,1
40,400167,2,2,1,8,5,10,20,12,6,1,0,40,1,7,461,7461,21,2000,1B7KF2365YJ1,1,B,7,K,F,2,3,6,5,Y,J,1,0,T,DODG,Q25,4C,0,17,,2,1547,1387,RPC,D,,0,0,000000000,00000000000,0,0,0,1,0,0,0,0,0,0,0,998,0,0,0,12,12,6,2,12,0,0,0,1,40,73651,6,1,0,0,3,3,70,177,0,0,0,0,0,0,0,0,0,0,0,0,0,0,1,2,45,1,1,2,1,0,0,6,52,4,2,2,98,0,0
40,400168,1,2,1,26,4,1,30,12,2,1,0,92,0,12,481,12481,31,2005,1FTSX21525EA,1,F,T,S,X,2,1,5,2,5,E,A,0,T,FORD,F2S,4C,5,17,,2,1580,1418,SRW,G,,0,0,000000000,00000000000,0,0,0,1,0,0,0,0,0,0,0,998,1,0,0,12,12,6,2,12,0,0,0,1,40,73728,6,1,0,0,3,0,999,999,0,0,0,0,0,0,0,0,0,0,28,0,0,0,1,2,65,1,1,2,1,0,0,1,10,1,1,2,50,1,1
40,400168,2,2,1,26,4,1,30,12,2,1,0,17,3,82,881,82881,66,1999,1FUPBDYB2XLA,1,F,U,P,B,D,Y,B,2,X,L,A,1,T,FRHT,FLB,DS,99,17,,8,0,0,COE,D,,1,57,773524,57773524,3,6,3,1,0,0,0,0,0,0,0,998,7,0,0,12,12,6,2,12,0,0,0,1,20,67554,6,1,6,3,3,0,72,200,0,0,0,0,0,0,0,0,0,0,0,0,0,0,1,2,65,1,1,2,1,0,0,1,62,7,1,1,51,0,0
40,400169,1,1,2,11,5,20,17,1,0,1,0,40,2,20,431,20431,16,1998,1GNCS13W3W22,1,G,N,C,S,1,3,W,3,W,2,2,0,P,CHEV,BZR,UT,98,17,3685,,0,1070,,G,,0,0,000000000,00000000000,0,0,0,1,0,0,0,0,0,0,0,998,0,2,5,0,3,6,2,1,0,0,0,1,40,74401,6,1,0,0,3,0,71,200,0,4,0,0,0,11,2007,4,2010,0,0,0,0,0,1,2,55,2,1,2,2,40,3,14,13,4,1,4,6,1,1
40,400170,1,2,1,19,6,8,13,12,6,1,0,40,1,20,36,20036,2,2000,2G1WW12E0Y92,2,G,1,W,W,1,2,E,0,Y,9,2,0,P,CHEV,MLS,CP,0,17,3340,,0,1075,,G,,0,0,000000000,00000000000,0,0,0,1,0,0,0,0,0,0,0,998,0,0,0,9,9,6,2,12,0,0,0,1,40,74941,6,1,6,0,3,0,73,999,0,1,0,3,0,12,2007,2,2010,0,48,0,0,0,1,2,65,1,1,2,1,0,0,12,10,1,1,4,98,1,0
40,400170,2,2,1,19,6,8,13,12,6,1,0,40,1,20,481,20481,31,2007,2GCEK13M3715,2,G,C,E,K,1,3,M,3,7,1,5,0,T,CHEV,1KW,CW,7,17,,2,0,1435,SIL,G,,0,0,000000000,00000000000,0,0,0,1,0,0,0,0,0,0,0,998,0,0,0,12,12,6,2,12,0,0,0,1,40,74462,6,1,6,0,3,0,72,200,0,0,0,0,0,0,0,0,0,0,0,0,0,0,1,2,65,1,1,2,1,0,0,1,64,8,2,4,98,0,0
40,400171,1,2,2,10,5,15,33,12,2,1,0,6,1,12,422,12422,15,2000,1FMZU73E6YZC,1,F,M,Z,U,7,3,E,6,Y,Z,C,0,P,FORD,EPR,UT,0,17,4106,,0,1116,,G,,0,0,000000000,00000000000,0,0,0,1,0,0,0,0,0,0,0,998,0,0,0,12,12,6,2,12,0,0,0,1,6,96021,6,1,0,0,3,0,73,240,0,0,0,0,0,0,0,0,0,0,28,0,0,0,1,2,65,1,1,2,1,28,3,1,62,1,1,3,51,0,0
40,400171,2,2,2,10,5,15,33,12,2,1,0,40,3,18,7,18007,4,2004,2G4WS52J3412,2,G,4,W,S,5,2,J,3,4,1,2,0,P,BUIC,CCU,4D,4,17,3342,,0,1090,,G,,0,0,000000000,00000000000,0,0,0,1,0,0,0,0,0,0,0,998,0,0,0,12,12,6,2,12,0,0,0,1,40,74301,6,1,0,0,3,0,62,220,0,0,0,0,0,0,0,0,0,0,0,0,0,0,1,2,65,1,1,2,1,28,3,1,11,1,1,3,50,1,0
40,400172,1,3,1,18,5,6,20,12,6,1,0,40,1,20,403,20403,14,2008,1GNDS13S0821,1,G,N,D,S,1,3,S,0,8,2,1,0,P,CHEV,TRL,UT,8,17,4356,,0,1130,,G,,0,0,000000000,00000000000,0,0,0,1,0,0,0,0,0,0,0,998,0,0,0,12,9,6,2,12,0,0,0,1,40,74743,6,1,0,0,3,0,75,190,0,0,0,0,0,0,0,0,0,0,28,0,0,0,1,2,65,2,6,2,1,28,3,14,1,4,2,1,64,0,0
40,400172,2,3,1,18,5,6,20,12,6,1,0,40,1,20,481,20481,31,2005,1GCDT1963582,1,G,C,D,T,1,9,6,3,5,8,2,0,T,CHEV,RDO,4C,5,17,,1,0,1259,CAL,G,,0,0,000000000,00000000000,0,0,0,1,0,0,0,0,0,0,0,998,0,1,6,9,9,6,2,12,0,0,0,1,40,74764,6,1,0,0,3,0,69,145,0,0,0,0,0,0,0,0,0,0,0,0,0,0,1,2,65,3,5,2,1,40,3,14,62,1,2,3,65,1,0
40,400172,3,3,1,18,5,6,20,12,6,1,0,5,1,37,31,37031,2,2008,2HGFG12988H5,2,H,G,F,G,1,2,9,8,8,H,5,0,P,HOND,CVL,CP,8,17,2769,,0,1043,,G,,0,0,000000000,00000000000,0,0,0,1,0,0,0,0,0,0,0,998,0,0,0,3,3,6,2,12,0,0,0,1,5,71832,6,1,3,0,3,0,72,175,0,0,0,0,0,0,0,0,0,0,0,0,0,0,1,2,65,3,5,2,1,40,3,14,62,1,2,4,98,0,0
40,400173,1,2,4,14,5,17,47,12,6,1,0,40,1,63,31,63031,4,1999,KNAFB1211X57,K,N,A,F,B,1,2,1,1,X,5,7,0,P,KIA,SPL,4D,99,17,2478,,0,1008,,G,,0,0,000000000,00000000000,0,0,0,1,0,0,0,0,0,0,0,998,0,0,0,12,12,6,2,12,0,0,0,1,40,74370,6,1,0,0,3,3,72,130,0,0,0,0,0,0,0,0,0,0,0,0,0,0,1,2,65,1,1,2,1,40,3,1,10,1,1,4,64,1,0
40,400173,2,2,1,14,5,17,47,12,6,1,0,48,2,82,899,82899,63,1999,1FUPCXZB7XPB,1,F,U,P,C,X,Z,B,7,X,P,B,1,T,FRHT,FLD,DS,99,17,,8,0,0,CON,D,,1,57,6287081,576287081,3,4,1,1,0,0,0,0,0,0,0,99,0,0,0,9,12,6,2,12,0,0,0,1,48,78537,6,1,6,3,3,0,999,999,0,0,0,0,2,4,2008,6,2008,0,0,0,0,0,1,2,65,1,1,2,1,0,0,1,62,4,1,4,65,0,0
40,400174,1,1,2,21,5,1,11,32,0,1,0,40,3,20,481,20481,31,2000,2GCEC19T8Y13,2,G,C,E,C,1,9,T,8,Y,1,3,0,T,CHEV,SC1,PC,0,17,,2,1575,1435,SIL,G,,0,0,000000000,00000000000,0,0,0,1,0,0,0,0,0,0,0,998,0,0,0,12,12,6,2,32,0,0,0,1,40,74871,6,1,0,0,3,3,67,200,0,0,0,0,0,0,0,0,0,0,0,0,0,0,1,2,45,1,5,2,1,28,3,1,13,1,1,4,1,1,0
40,400175,1,2,2,24,5,21,32,12,1,1,0,17,3,82,899,82899,66,2005,1FUJBBCK75LN,1,F,U,J,B,B,C,K,7,5,L,N,1,T,FRHT,ST2,DS,5,17,,8,0,0,CON,D,,1,57,070851,57070851,3,6,1,1,0,0,0,0,0,0,0,0,0,0,0,6,6,6,2,12,0,0,1,1,17,62221,6,1,99,9,9,9,999,999,99,99,99,99,99,99,9999,99,9999,0,0,0,0,0,2,3,35,1,1,1,1,0,0,1,18,1,1,1,21,0,0
40,400175,2,2,1,24,5,21,32,12,1,1,0,40,1,55,33,55033,4,2009,5NPET46C39H4,5,N,P,E,T,4,6,C,3,9,H,4,0,P,HYUN,SGL,4D,9,17,3292,,0,1074,,G,,0,0,000000000,00000000000,0,0,0,1,0,0,0,0,0,0,0,998,0,0,0,12,12,6,2,12,0,0,1,1,40,73109,6,1,0,0,3,0,62,185,0,0,0,0,0,0,0,0,0,0,0,0,0,0,1,3,35,1,1,1,1,0,0,1,50,1,1,1,20,1,1
40,400176,1,2,3,25,5,17,52,12,6,1,0,40,2,20,481,20481,31,1994,1GCDC14Z6RZ2,1,G,C,D,C,1,4,Z,6,R,Z,2,0,T,CHEV,GC1,PK,94,17,,1,1315,1175,GM4,G,,0,0,000000000,00000000000,0,0,0,1,0,0,0,0,0,0,0,998,0,0,0,12,11,6,2,12,0,0,0,1,40,73620,6,1,0,0,3,0,70,152,0,0,0,0,0,0,0,0,0,0,0,0,0,0,1,2,55,1,5,2,1,20,3,1,17,1,1,1,88,0,0
40,400176,2,2,1,25,5,17,52,12,6,1,0,40,1,51,34,51034,4,1992,YV1AS8204N14,Y,V,1,A,S,8,2,0,4,N,1,4,0,P,VOLV,24G,4D,92,17,2954,,0,1043,,G,,0,0,000000000,00000000000,0,0,0,1,0,0,0,0,0,0,0,998,0,0,0,11,10,6,2,12,0,0,0,1,40,73620,6,1,0,0,3,3,64,114,0,0,0,0,1,5,2008,5,2008,0,0,0,0,0,1,2,55,1,6,2,1,0,0,1,17,1,1,1,89,1,0
40,400177,1,1,5,26,5,17,19,5,0,1,0,40,1,20,481,20481,31,2007,1GCEC19V07Z1,1,G,C,E,C,1,9,V,0,7,Z,1,0,T,CHEV,SC1,4C,7,17,,2,1575,1340,SIL,G,,0,0,000000000,00000000000,0,0,0,1,0,0,0,0,0,0,0,998,0,0,0,0,4,2,1,5,0,0,0,1,40,73082,6,1,0,0,3,3,66,135,0,0,0,0,0,0,0,0,0,0,0,0,0,0,1,2,45,1,6,2,1,0,0,1,98,1,1,1,0,1,0
40,400178,1,2,1,7,6,10,33,12,6,1,0,40,1,55,35,55035,4,2005,KMHDN46D55U0,K,M,H,D,N,4,6,D,5,5,U,0,0,P,HYUN,EST,4D,5,17,2635,,0,1027,,G,,0,0,000000000,00000000000,0,0,0,1,0,0,0,0,0,0,0,998,0,0,0,10,10,6,2,12,0,0,0,1,40,74553,6,1,0,0,3,0,58,160,0,0,0,0,0,0,0,0,0,0,38,39,0,0,2,2,70,1,1,1,2,20,3,1,17,1,1,2,89,1,0
40,400178,2,2,3,7,6,10,33,12,6,1,0,48,1,2,404,2404,14,2006,1J4GR48K76C2,1,J,4,G,R,4,8,K,7,6,C,2,0,T,JEEP,LCF,4W,6,17,,1,0,1095,GCK,G,,0,0,000000000,00000000000,0,0,0,1,0,0,0,0,0,0,0,998,0,0,0,12,12,6,2,12,0,0,0,1,48,78233,6,1,0,0,3,1,999,999,0,0,0,0,0,0,0,0,0,0,0,0,0,0,2,2,70,1,1,1,2,0,0,1,66,6,1,1,88,0,0
40,400179,1,1,2,26,5,10,8,35,0,1,0,40,2,14,401,14401,14,1997,4M2DU52P8VUJ,4,M,2,D,U,5,2,P,8,V,U,J,0,P,MERC,MOU,UT,97,17,3930,,0,1120,,G,,0,0,000000000,00000000000,0,0,0,1,0,0,0,0,0,0,0,998,0,0,0,11,10,6,2,42,0,0,0,1,40,74048,6,1,0,0,3,0,67,135,0,0,0,0,1,5,2007,5,2007,0,0,0,0,0,2,2,65,2,5,2,1,0,0,14,63,7,1,4,6,1,0
40,400180,1,2,1,28,5,17,43,12,2,1,0,40,1,35,472,35472,30,2008,1N6BD06T88C4,1,N,6,B,D,0,6,T,8,8,C,4,0,T,NISS,KXS,PC,8,17,,1,0,1259,FRT,G,,0,0,000000000,00000000000,0,0,0,1,0,0,0,0,0,0,0,998,0,0,0,12,11,6,2,12,0,0,0,1,40,74571,6,1,0,0,3,3,75,203,0,0,0,0,0,0,0,0,0,0,28,0,0,0,1,2,55,1,1,2,1,40,3,1,10,1,1,1,50,1,0
40,400180,2,2,2,28,5,17,43,12,2,1,0,40,1,7,461,7461,21,1994,1B7MC36C8RS7,1,B,7,M,C,3,6,C,8,R,S,7,0,T,DODG,350,PK,94,17,,3,1627,1347,RPC,D,,0,0,000000000,00000000000,0,0,0,1,0,0,0,0,0,0,0,998,0,0,0,12,11,6,2,12,0,0,0,1,40,74571,6,1,6,0,3,3,73,200,0,0,0,0,0,0,0,0,0,0,28,0,0,0,1,2,55,1,1,2,1,40,3,1,62,1,1,2,51,0,0
40,400181,1,1,1,28,5,20,28,53,0,1,0,40,3,20,481,20481,31,1999,1GCEK19T0XE1,1,G,C,E,K,1,9,T,0,X,E,1,0,T,CHEV,SK1,3C,99,17,,2,1575,1435,SIL,G,,0,0,000000000,00000000000,0,0,0,1,0,0,0,0,0,0,0,998,0,1,6,10,3,6,2,1,0,0,0,1,40,73533,6,1,0,0,3,3,68,210,0,0,0,0,0,0,0,0,0,0,0,0,0,0,1,2,55,1,3,2,1,0,0,1,12,1,1,4,6,1,1
40,400182,1,1,1,29,5,12,46,35,0,1,0,40,3,20,481,20481,31,2008,1GCHK24K18E1,1,G,C,H,K,2,4,K,1,8,E,1,0,T,CHEV,2KH,PK,8,17,,2,0,1330,SIL,G,,0,0,000000000,00000000000,0,0,0,1,0,0,0,0,0,0,0,998,0,1,5,11,8,6,2,1,0,0,0,1,40,73086,6,1,0,0,3,0,71,170,0,0,2,0,0,4,2008,4,2009,0,0,0,0,0,1,2,65,1,6,2,1,0,0,1,13,1,1,4,1,1,1
40,400183,1,1,2,27,5,12,3,9,0,1,0,40,1,20,431,20431,16,2002,1GNEC16Z2212,1,G,N,E,C,1,6,Z,2,2,1,2,0,T,CHEV,C1S,4W,2,17,,2,0,1300,C15,F,,0,0,000000000,00000000000,0,0,0,1,0,0,0,0,0,0,0,998,0,0,0,10,10,2,1,9,0,0,0,1,40,74523,6,1,0,0,3,0,70,160,0,1,0,0,0,2,2008,2,2008,0,0,0,0,0,1,2,25,1,6,2,1,0,0,1,84,2,1,1,13,0,0
40,400184,1,1,1,16,6,14,40,14,0,1,0,40,3,82,881,82881,66,2000,1FUYSSEB8YPB,1,F,U,Y,S,S,E,B,8,Y,P,B,2,T,FRHT,FC2,DS,0,17,,8,0,0,CON,D,,1,57,286193,57286193,3,7,1,1,0,0,0,0,0,0,0,998,0,1,2,1,1,6,2,8,0,0,0,1,40,73401,6,1,6,8,3,0,65,180,0,0,0,0,0,0,0,0,0,0,0,0,0,0,3,2,70,3,5,1,1,0,0,14,13,6,1,4,3,0,0
40,400185,1,2,2,16,6,16,30,12,6,1,0,35,1,49,482,49482,31,2008,5TBBV54128S5,5,T,B,B,V,5,4,1,2,8,S,5,0,T,TOYT,DBS,CW,8,17,,2,0,1457,TUN,G,,0,0,000000000,00000000000,0,0,0,1,0,0,0,0,0,0,0,998,0,0,0,11,12,6,2,12,0,0,0,1,35,87701,6,1,0,0,3,0,67,160,98,0,0,0,0,0,0,0,0,0,38,0,0,0,1,2,55,1,1,2,1,20,3,1,17,1,1,1,89,1,0
40,400185,2,2,1,16,6,16,30,12,6,1,0,20,3,20,481,20481,31,2007,1GCHK24U77E1,1,G,C,H,K,2,4,U,7,7,E,1,0,T,CHEV,2KH,PK,7,17,,2,0,1330,SIL,G,,0,0,000000000,00000000000,0,0,0,1,0,0,0,0,0,0,0,998,0,0,0,11,12,6,2,12,0,0,0,1,20,67954,6,1,0,0,3,0,69,200,0,0,0,0,0,0,0,0,0,0,0,0,0,0,1,2,65,1,1,2,1,0,0,1,66,1,1,1,88,0,0
40,400186,1,1,4,24,5,0,54,38,0,1,0,40,1,23,481,23481,31,2000,1GTEK19T7YE3,1,G,T,E,K,1,9,T,7,Y,E,3,0,T,GMC,NK1,3C,0,17,,2,1575,1435,SIE,G,,0,0,000000000,00000000000,0,0,0,1,0,0,0,0,0,0,0,998,0,1,5,81,12,6,2,1,0,0,0,1,40,74445,6,1,6,0,3,0,74,250,0,0,0,0,0,0,0,0,0,0,0,0,0,0,1,2,55,1,2,2,1,0,0,1,13,8,4,4,2,1,1
40,400187,1,1,1,14,6,3,40,32,0,1,0,40,3,87,881,87881,66,2008,1XPWDB0X28D7,1,X,P,W,D,B,0,X,2,8,D,7,1,T,PTRB,388,DS,8,17,,8,0,0,CON,D,,3,57,154429,57154429,3,6,2,2,2,1977,9,2,0,0,0,998,0,1,5,12,13,6,2,1,0,0,0,1,40,73644,6,1,6,1,3,0,71,168,0,0,0,0,0,0,0,0,0,0,0,0,0,0,1,2,65,1,5,2,1,0,0,1,13,1,1,4,1,1,0
40,400188,1,1,1,15,6,11,48,42,0,1,0,40,1,14,6,14006,4,1996,2MELM75W4TX6,2,M,E,L,M,7,5,W,4,T,X,6,0,P,MERC,GLB,4D,96,17,3796,,0,1144,,G,,0,0,000000000,00000000000,0,0,0,1,0,0,0,0,0,0,0,998,0,0,0,12,12,6,2,42,0,0,0,1,40,74956,6,1,0,0,3,0,62,195,0,0,0,0,0,0,0,0,0,0,0,0,0,0,1,2,35,2,1,2,1,0,0,14,13,1,1,4,1,1,0
40,400189,1,2,2,3,6,15,9,12,6,1,0,40,1,12,442,12442,20,1999,2FMZA5149XBB,2,F,M,Z,A,5,1,4,9,X,B,B,0,T,FORD,WLX,ES,99,17,,1,0,1207,WIN,G,,0,0,000000000,00000000000,0,0,0,1,0,0,0,0,0,0,0,998,0,0,0,9,9,6,2,12,0,0,0,1,40,73701,6,1,6,0,3,0,69,250,0,1,0,0,0,2,2009,2,2009,0,38,0,0,0,2,2,45,1,1,2,1,20,3,1,17,1,1,2,89,2,0
40,400189,2,2,1,3,6,15,9,12,6,1,0,40,3,82,881,82881,66,1997,1FV3GFAC5VH8,1,F,V,3,G,F,A,C,5,V,H,8,5,T,FRHT,F60,CC,97,17,,6,0,0,MCV,D,,0,57,1584334,571584334,3,5,12,1,0,0,0,0,0,0,0,998,0,0,0,12,12,6,2,12,0,0,0,1,40,73701,6,1,6,1,2,0,67,200,0,0,0,0,0,0,0,0,0,0,0,0,0,0,3,2,55,1,1,2,1,0,0,1,66,99,1,2,88,0,0