STATE,ST_CASE,VEH_NO,VE_FORMS,NUMOCCS,DAY,MONTH,HOUR,MINUTE,HARM_EV,MAN_COLL,UNITTYPE,HIT_RUN,REG_STAT,OWNER,MAKE,MODEL,MAK_MOD,BODY_TYP,MOD_YEAR,VIN,VIN_1,VIN_2,VIN_3,VIN_4,VIN_5,VIN_6,VIN_7,VIN_8,VIN_9,VIN_10,VIN_11,VIN_12,TOW_VEH,VINTYPE,VINMAKE,VINA_MOD,VIN_BT,VINMODYR,VIN_LNGT,VIN_WGT,WGTCD_TR,WHLBS_LG,WHLBS_SH,SER_TR,FUELCODE,MCYCL_DS,J_KNIFE,MCARR_I1,MCARR_I2,MCARR_ID,GVWR,V_CONFIG,CARGO_BT,HAZ_INV,HAZ_PLAC,HAZ_ID,HAZ_CNO,HAZ_REL,BUS_USE,SPEC_USE,EMER_USE,TRAV_SP,UNDERIDE,ROLLOVER,ROLINLOC,IMPACT1,IMPACT2,DEFORMED,TOWED,M_HARM,VEH_SC1,VEH_SC2,FIRE_EXP,DR_PRES,L_STATE,DR_ZIP,L_STATUS,L_TYPE,CDL_STAT,L_ENDORS,L_COMPL,L_RESTRI,DR_HGT,DR_WGT,PREV_ACC,PREV_SUS,PREV_DWI,PREV_SPD,PREV_OTH,FIRST_MO,FIRST_YR,LAST_MO,LAST_YR,SPEEDREL,DR_SF1,DR_SF2,DR_SF3,DR_SF4,VTRAFWAY,VNUM_LAN,VSPD_LIM,VALIGN,VPROFILE,VPAVETYP,VSURCOND,VTRAFCON,VTCONT_F,P_CRASH1,P_CRASH2,P_CRASH3,PCRASH4,PCRASH5,ACC_TYPE,DEATHS,DR_DRINK
40,400337,2,2,2,5,6,13,25,12,1,1,0,40,2,35,43,35043,4,2001,3N1BB51D01L1,3,N,1,B,B,5,1,D,0,1,L,1,0,P,NISS,SSE,4D,1,17,2596,,0,998,,G,,0,0,000000000,00000000000,0,0,0,1,0,0,0,0,0,0,0,998,0,0,0,6,5,4,1,12,0,0,0,1,40,74112,6,1,0,0,3,0,68,180,0,0,0,0,0,0,0,0,0,0,0,0,0,0,2,2,40,1,1,1,1,0,0,99,99,99,9,9,98,0,0
40,400338,1,1,1,7,5,2,14,1,0,1,0,40,1,73,709,73709,80,1979,KZT00E001547,K,Z,T,0,0,E,0,0,1,5,4,7,0,P,,,,,,,,,,,,,0,0,000000000,00000000000,0,0,0,1,0,0,0,0,0,0,0,998,0,0,0,0,3,2,9,1,0,0,0,1,40,73112,6,1,0,0,3,3,76,210,0,2,0,0,2,6,2008,12,2008,1,28,0,0,0,2,4,60,2,1,1,1,0,0,14,6,1,1,9,98,1,0
40,400339,1,1,1,29,9,2,10,14,0,1,0,37,3,86,881,86881,66,2005,1M1AK02Y85N0,1,M,1,A,K,0,2,Y,8,5,N,0,3,T,MACK,CXN,DS,5,17,,8,0,0,600,D,,1,57,0121018,570121018,3,8,1,1,0,0,0,0,0,0,0,998,0,0,0,12,12,6,2,14,0,0,1,1,48,75142,6,1,6,0,3,3,999,999,0,0,0,0,0,0,0,0,0,0,80,0,0,0,3,2,70,1,1,2,1,0,0,1,13,1,1,4,1,0,0
40,400340,1,1,1,29,6,21,48,34,0,1,0,48,1,49,40,49040,4,2005,4T1BE30K55U0,4,T,1,B,E,3,0,K,5,5,U,0,0,P,TOYT,XLL,4D,5,17,3108,,0,1071,,G,,0,0,000000000,00000000000,0,0,0,1,0,0,0,0,0,0,0,998,0,1,5,10,13,6,2,1,0,0,0,1,48,76309,6,1,0,0,3,0,999,999,1,1,0,0,0,8,2008,11,2008,0,0,0,0,0,3,2,70,2,6,1,1,0,0,14,13,1,1,4,1,1,0
40,400341,1,1,4,5,10,1,32,1,0,1,0,18,2,7,482,7482,31,2005,1D7HU18N95S3,1,D,7,H,U,1,8,N,9,5,S,3,0,T,DODG,SQ1,CW,5,17,,2,1605,1405,RPC,G,,0,0,000000000,00000000000,0,0,0,1,0,0,0,0,0,0,0,998,0,9,1,0,9,6,2,1,0,0,0,1,18,46536,6,2,0,0,3,0,70,145,0,0,0,0,0,0,0,0,0,0,28,0,0,0,1,2,45,1,1,4,1,0,0,1,12,7,3,6,98,1,0
40,400342,1,2,1,18,6,13,50,12,6,1,0,40,1,20,471,20471,30,2003,1GCCS14H4381,1,G,C,C,S,1,4,H,4,3,8,1,0,T,CHEV,S14,PK,3,17,,1,0,1083,S,G,,0,0,000000000,00000000000,0,0,0,1,0,0,0,0,0,0,0,998,0,1,1,9,13,6,2,12,0,0,0,1,40,74743,6,1,0,0,3,0,69,170,0,0,0,0,0,0,0,0,0,0,38,0,0,0,2,2,55,1,1,2,1,20,3,11,15,4,1,9,82,1,0
40,400342,2,2,1,18,6,13,50,12,6,1,0,48,3,87,890,87890,63,1994,1XP5DB9X2RD3,1,X,P,5,D,B,9,X,2,R,D,3,1,T,PTRB,379,DS,94,17,,8,0,0,CON,D,,1,57,132088730,57132088730,3,4,4,1,0,0,0,0,0,0,0,998,0,0,0,12,12,6,2,12,0,0,0,1,48,75477,6,1,6,3,3,0,999,999,0,0,0,0,0,0,0,0,0,0,0,0,0,0,2,2,55,3,1,2,1,0,0,14,17,1,1,3,83,0,0
40,400343,1,3,1,2,8,17,12,12,8,1,0,40,1,20,481,20481,31,1981,1GCDC14H0BJ1,1,G,C,D,C,1,4,H,0,B,J,1,0,T,CHEV,C10,PK,81,17,,1,1315,1175,C10,G,,0,0,000000000,00000000000,0,0,0,1,0,0,0,0,0,0,0,998,0,0,0,9,10,6,2,12,0,0,0,1,40,74820,6,1,0,0,3,0,72,190,0,0,0,1,1,1,2009,4,2010,0,28,0,0,0,2,4,65,1,1,1,1,28,3,1,53,3,4,9,64,1,0
40,400343,2,3,2,2,8,17,12,12,8,1,0,40,2,20,481,20481,31,2009,1GCHK53659F1,1,G,C,H,K,5,3,6,5,9,F,1,0,T,CHEV,2K2,CW,9,17,,2,1670,1530,SIL,D,,0,0,000000000,00000000000,0,0,0,1,0,0,0,0,0,0,0,998,0,0,0,10,12,6,2,12,0,0,0,1,40,74570,6,1,0,0,3,0,70,173,0,0,0,0,0,0,0,0,0,0,0,0,0,0,2,4,65,1,1,1,1,28,3,1,63,9,4,9,65,0,0
40,400343,3,3,1,2,8,17,12,12,8,1,0,40,2,20,481,20481,31,2005,1GCEC14X75Z3,1,G,C,E,C,1,4,X,7,5,Z,3,0,T,CHEV,SC1,PK,5,17,,2,1330,1190,SIL,G,,0,0,000000000,00000000000,0,0,0,1,0,0,0,0,0,0,0,998,0,0,0,11,11,6,2,12,0,0,0,1,40,74820,6,1,0,0,3,3,68,140,0,0,0,0,0,0,0,0,0,0,0,0,0,0,1,4,65,1,1,1,1,28,3,1,63,1,1,9,98,0,0
40,400345,1,1,1,4,5,17,23,9,0,1,0,40,1,20,481,20481,31,2005,2GCEC19T8513,2,G,C,E,C,1,9,T,8,5,1,3,0,T,CHEV,SC1,4C,5,17,,2,1575,1435,SIL,G,,0,0,000000000,00000000000,0,0,0,1,0,0,0,0,0,0,0,998,0,0,0,12,12,2,3,9,0,0,0,1,40,73036,6,1,6,0,3,0,73,178,0,0,0,0,0,0,0,0,0,0,0,0,0,0,1,2,25,1,1,2,1,0,0,1,83,1,1,1,13,0,0
40,400346,1,1,1,3,8,16,59,42,0,1,0,40,3,20,421,20421,15,2005,1GNDS13S8521,1,G,N,D,S,1,3,S,8,5,2,1,0,P,CHEV,TRL,UT,5,17,4425,,0,1130,,G,,0,0,000000000,00000000000,0,0,0,1,0,0,0,0,0,0,0,998,0,0,0,12,12,6,2,42,0,0,0,1,40,74342,6,1,0,0,3,0,70,195,0,0,1,0,0,10,2007,10,2007,0,0,0,0,0,1,2,45,3,6,1,1,0,0,14,13,1,1,4,1,1,1
40,400347,1,1,1,3,8,13,27,32,0,1,0,40,3,82,890,82890,62,1997,1FUY3WEB6VH8,1,F,U,Y,3,W,E,B,6,V,H,8,1,T,FRHT,FD1,DS,97,17,,8,0,0,CON,D,,1,99,999999999,99999999999,3,4,8,1,0,0,0,0,0,0,0,998,0,1,5,12,13,6,2,1,0,0,1,1,40,73651,6,1,3,3,3,0,71,145,0,0,0,2,3,7,2008,8,2009,0,0,0,0,0,1,2,65,1,6,2,1,0,0,1,12,4,1,4,6,1,0
40,400348,1,1,2,18,7,2,19,33,0,1,0,40,1,37,709,37709,80,2003,JH2SC50043M1,J,H,2,S,C,5,0,0,4,3,M,1,0,M,HOND,CR9,RS,3,17,,,,,,,954,0,0,000000000,00000000000,0,0,0,1,0,0,0,0,0,0,0,998,0,0,0,12,12,6,2,33,0,0,0,1,40,73139,6,1,0,0,3,0,71,205,0,1,1,4,3,1,2008,7,2010,0,91,0,0,0,2,2,25,3,1,2,1,0,0,14,13,1,1,4,1,1,1
40,400349,1,1,3,5,8,16,26,34,0,1,0,40,3,18,2,18002,4,1997,1G4HP52K8VH6,1,G,4,H,P,5,2,K,8,V,H,6,0,P,BUIC,LCF,4D,97,17,3446,,0,1108,,G,,0,0,000000000,00000000000,0,0,0,1,0,0,0,0,0,0,0,998,0,1,6,10,3,6,2,1,0,0,0,1,40,73554,0,0,0,0,0,0,999,999,0,0,0,0,0,0,0,0,0,1,0,0,0,0,2,2,55,1,1,2,1,0,0,1,13,1,1,4,1,1,0
40,400350,1,1,2,6,8,20,43,8,0,1,0,40,2,49,32,49032,4,2008,1NXBR32E08Z9,1,N,X,B,R,3,2,E,0,8,Z,9,0,P,TOYT,UCS,4D,8,17,2530,,0,1024,,G,,0,0,000000000,00000000000,0,0,0,1,0,0,0,0,0,0,0,998,0,0,0,12,12,6,2,8,0,0,0,1,40,74014,6,1,0,0,3,3,71,160,0,0,0,0,0,0,0,0,0,0,8,0,0,0,3,2,70,1,1,2,2,0,0,1,80,1,1,1,13,0,0
40,400351,1,1,1,7,8,14,36,1,0,1,0,40,1,77,709,77709,80,2005,5VPCB16D3530,5,V,P,C,B,1,6,D,3,5,3,0,0,M,VCTY,CBD,RS,5,17,,,,,,,1507,0,0,000000000,00000000000,0,0,0,1,0,0,0,0,0,0,0,998,0,0,0,0,1,6,2,1,0,0,0,1,5,72904,6,1,6,0,3,0,68,375,0,0,0,0,0,0,0,0,0,1,0,0,0,0,1,2,55,1,1,2,1,0,0,1,13,1,1,4,1,1,0
40,400352,1,2,1,8,8,2,9,12,2,1,0,40,1,37,32,37032,4,1991,1HGCB7541MA1,1,H,G,C,B,7,5,4,1,M,A,1,0,P,HOND,ADL,4D,91,17,2392,,0,1071,,G,,0,0,000000000,00000000000,0,0,0,1,0,0,0,0,0,0,0,998,0,0,0,12,11,6,2,12,0,0,0,1,40,73064,6,1,0,0,3,3,67,137,1,0,0,3,1,2,2010,5,2010,0,28,0,0,0,1,2,55,1,3,2,1,28,3,1,10,4,4,9,50,1,0
40,400352,2,2,1,8,8,2,9,12,2,1,0,40,1,20,481,20481,31,2009,1GCEK29019Z2,1,G,C,E,K,2,9,0,1,9,Z,2,0,T,CHEV,2SK,4C,9,17,,2,1575,1339,SIL,F,,0,0,000000000,00000000000,0,0,0,1,0,0,0,0,0,0,0,998,0,1,9,12,13,6,2,12,0,0,0,1,40,73010,6,1,0,0,3,0,69,170,0,0,0,0,0,0,0,0,0,0,0,0,0,0,1,2,55,1,3,2,1,28,3,1,62,4,4,9,51,0,0
40,400353,1,1,1,9,8,3,23,25,0,1,0,40,1,7,482,7482,31,2000,1B7HC16Z9YS5,1,B,7,H,C,1,6,Z,9,Y,S,5,0,T,DODG,150,PK,0,17,,2,1347,1187,RPC,G,,0,0,000000000,00000000000,0,0,0,1,0,0,0,0,0,0,0,998,0,1,2,1,13,6,2,25,0,0,0,1,40,74115,6,1,0,0,3,0,71,300,0,0,0,0,0,0,0,0,0,1,0,0,0,0,3,2,45,3,6,2,1,9,9,14,13,4,1,9,1,1,0
40,400354,1,2,1,20,8,13,54,12,2,1,0,40,1,20,403,20403,14,2008,3GNDA53P98S6,3,G,N,D,A,5,3,P,9,8,S,6,0,P,CHEV,HHR,UT,8,17,3155,,0,1035,,G,,0,0,000000000,00000000000,0,0,0,1,0,0,0,0,0,0,0,998,0,1,6,12,12,6,2,12,0,0,0,1,40,74056,6,1,0,0,3,0,66,200,0,0,0,0,0,0,0,0,0,0,28,0,0,0,3,2,50,1,1,2,1,28,3,1,11,1,1,3,50,1,0
40,400354,2,2,1,20,8,13,54,12,2,1,0,40,3,87,890,87890,63,2006,1XP5DB9X76D6,1,X,P,5,D,B,9,X,7,6,D,6,1,T,PTRB,379,DS,6,17,,8,0,0,CON,D,,1,57,0301005,570301005,3,4,4,1,0,0,0,0,0,0,0,998,0,0,0,12,12,6,2,12,0,0,0,1,40,74454,6,1,6,3,3,3,72,260,0,0,0,0,0,0,0,0,0,0,0,0,0,0,3,2,50,1,1,2,1,28,3,1,63,4,1,3,51,0,0
40,400355,1,1,1,4,1,18,42,8,0,1,1,40,2,6,41,6041,4,1998,2C3HD46J0WH1,2,C,3,H,D,4,6,J,0,W,H,1,0,P,CHRY,CIX,4D,98,17,3422,,0,1130,,G,,0,0,000000000,00000000000,0,0,0,1,0,0,0,0,0,0,0,998,0,0,0,12,12,0,1,8,0,0,0,1,40,74136,0,0,0,0,0,0,66,125,0,1,0,0,3,8,2008,1,2010,0,8,0,0,0,1,4,40,1,5,2,1,3,3,1,80,99,1,1,13,0,0
40,400356,1,1,1,30,6,22,15,34,0,1,0,40,1,20,37,20037,4,1999,1G1ND52M5XY1,1,G,1,N,D,5,2,M,5,X,Y,1,0,P,CHEV,MAL,4D,99,17,3051,,0,1070,,G,,0,0,000000000,00000000000,0,0,0,1,0,0,0,0,0,0,0,998,0,0,0,12,9,6,2,14,0,0,0,1,40,74437,6,1,0,0,3,0,65,135,0,0,0,0,0,0,0,0,0,0,0,0,0,0,3,2,65,1,1,2,1,0,0,1,13,99,1,4,1,1,1
40,400357,1,2,2,17,10,17,5,12,2,1,0,20,1,20,2,20002,4,2007,2G1WT55N2792,2,G,1,W,T,5,5,N,2,7,9,2,0,P,CHEV,IMT,4D,7,17,3674,,0,1105,,G,,0,0,000000000,00000000000,0,0,0,1,0,0,0,0,0,0,0,998,0,0,0,12,12,6,2,12,0,0,0,1,20,67204,6,1,6,0,3,3,69,165,0,0,0,0,0,0,0,0,0,0,28,0,0,0,1,2,65,3,1,2,1,0,0,14,10,1,1,1,50,2,0
40,400357,2,2,1,17,10,17,5,12,2,1,0,40,2,6,51,6051,4,2008,2C3KA43R98H1,2,C,3,K,A,4,3,R,9,8,H,1,0,P,CHRY,3LX,4D,8,17,3725,,0,1200,,G,,0,0,000000000,00000000000,0,0,0,1,0,0,0,0,0,0,0,998,0,0,0,12,12,6,2,12,0,0,0,1,40,73860,0,0,0,0,0,0,999,999,99,99,99,99,99,99,9999,99,9999,0,0,0,0,0,1,2,65,2,1,2,1,28,3,14,62,1,1,1,51,0,1
40,400358,1,1,1,19,10,22,59,42,0,1,0,40,1,20,481,20481,31,1996,2GCEC19RXT12,2,G,C,E,C,1,9,R,X,T,1,2,0,T,CHEV,GC1,PC,96,17,,2,1555,1415,GM4,G,,0,0,000000000,00000000000,0,0,0,1,0,0,0,0,0,0,0,998,0,1,5,12,13,6,2,1,0,0,0,1,40,74003,6,1,0,0,3,0,73,230,0,1,0,0,2,10,2007,9,2009,0,0,0,0,0,1,2,45,1,1,2,2,28,3,1,12,1,1,4,6,1,1
40,400359,1,1,1,19,10,12,9,31,0,1,0,40,1,49,40,49040,2,1999,2T1CF22P6XC2,2,T,1,C,F,2,2,P,6,X,C,2,0,P,TOYT,CEE,CP,99,17,3230,,0,1051,,G,,0,0,000000000,00000000000,0,0,0,1,0,0,0,0,0,0,0,998,0,1,6,1,13,6,2,1,0,0,0,1,40,74021,6,1,0,0,3,0,69,160,0,0,0,0,0,0,0,0,0,0,0,0,0,0,2,2,45,1,1,2,2,0,0,1,12,1,1,4,6,1,0
40,400360,1,1,1,17,10,6,0,35,0,1,0,40,1,20,16,20016,2,2004,1G1JC12F9471,1,G,1,J,C,1,2,F,9,4,7,1,0,P,CHEV,CAV,CP,4,17,2617,,0,1041,,G,,0,0,000000000,00000000000,0,0,0,1,0,0,0,0,0,0,0,998,0,1,6,14,13,6,2,1,0,0,0,1,40,74766,6,1,0,0,3,0,69,152,0,0,0,2,1,1,2009,3,2010,0,0,0,0,0,1,2,65,1,1,2,1,0,0,1,13,1,1,4,1,1,0
40,400361,1,1,1,14,10,16,46,34,0,1,0,5,2,21,23,21023,4,1999,1G3WS52K3XF3,1,G,3,W,S,5,2,K,3,X,F,3,0,P,OLDS,IGL,4D,99,17,3467,,0,1090,,G,,0,0,000000000,00000000000,0,0,0,1,0,0,0,0,0,0,0,998,0,1,5,14,9,6,2,34,0,0,0,1,40,74745,2,1,0,0,2,0,63,180,0,0,0,0,0,0,0,0,0,0,0,0,0,0,1,2,65,3,1,2,1,28,3,14,13,1,1,4,1,1,0
40,400362,1,1,1,8,7,1,50,24,0,1,0,40,2,18,20,18020,4,1994,2G4WF55L2R14,2,G,4,W,F,5,5,L,2,R,1,4,0,P,BUIC,RGS,4D,94,17,3335,,0,1075,,G,,0,0,000000000,00000000000,0,0,0,1,0,0,0,0,0,0,0,998,0,0,0,12,12,6,2,23,0,0,0,1,40,73750,6,1,6,0,3,3,67,190,0,0,0,0,0,0,0,0,0,0,0,0,0,0,1,2,65,1,1,2,1,0,0,1,12,1,1,5,6,1,0
40,400363,1,1,1,5,7,2,0,1,0,1,0,0,0,76,739,76739,90,2009,000000000000,0,0,0,0,0,0,0,0,0,0,0,0,0,U,,,,,17,,,,,,,,0,0,000000000,00000000000,0,0,0,1,0,0,0,0,0,0,0,998,0,2,1,0,2,6,2,1,0,0,0,1,40,73533,6,1,6,0,3,0,67,175,0,1,0,0,0,9,2007,9,2007,9,0,0,0,0,1,2,55,1,1,2,1,0,0,1,87,99,2,3,98,1,1
40,400364,1,1,1,15,6,20,57,57,0,1,0,40,1,12,18,12018,3,1996,1ZVLT20A0T51,1,Z,V,L,T,2,0,A,0,T,5,1,0,P,FORD,PBS,2H,96,17,2690,,0,1028,,G,,0,0,000000000,00000000000,0,0,0,1,0,0,0,0,0,0,0,998,0,0,0,11,11,6,2,2,0,0,1,1,40,73096,6,1,0,0,3,3,71,200,0,0,0,2,1,5,2008,6,2010,9,0,0,0,0,3,2,70,1,5,2,1,0,0,1,12,99,9,4,6,1,0
40,400365,1,1,1,15,7,11,28,18,0,1,0,48,1,20,431,20431,16,1999,3GNEC16R2XG2,3,G,N,E,C,1,6,R,2,X,G,2,0,P,CHEV,C15,UT,99,17,4825,,0,1315,,G,,0,0,000000000,00000000000,0,0,0,1,0,0,0,0,0,0,0,998,0,0,0,12,12,6,2,18,0,0,0,1,48,78028,6,1,0,0,3,3,999,999,0,0,0,0,0,0,0,0,0,0,0,0,0,0,1,2,45,2,1,1,1,40,3,14,12,1,1,4,6,1,0
40,400366,1,1,1,6,7,16,25,24,0,1,0,40,2,23,421,23421,15,1998,1GKEK13R3WJ7,1,G,K,E,K,1,3,R,3,W,J,7,0,T,GMC,YUK,4W,98,17,,2,0,1175,YUK,G,,0,0,000000000,00000000000,0,0,0,1,0,0,0,0,0,0,0,998,0,1,2,11,11,6,2,1,0,0,0,1,40,73109,6,1,6,0,3,0,69,160,0,0,0,0,0,0,0,0,0,1,0,0,0,0,6,1,35,2,6,2,1,21,3,14,12,9,3,4,4,1,1
40,400367,1,2,1,29,4,11,51,12,2,1,0,40,2,54,31,54031,4,1991,JH4DB1660MS0,J,H,4,D,B,1,6,6,0,M,S,0,0,P,ACUR,IGS,4D,91,17,2535,,0,1024,,G,,0,0,000000000,00000000000,0,0,0,1,0,0,0,0,0,0,0,998,0,0,0,12,12,2,4,12,0,0,0,1,40,73071,6,1,0,0,3,0,68,145,0,0,0,0,0,0,0,0,0,0,0,0,0,0,1,2,25,1,1,1,1,0,0,1,10,1,1,2,50,1,0
40,400367,2,2,1,29,4,11,51,12,2,1,0,40,1,12,23,12023,4,2007,3FAHP02187R2,3,F,A,H,P,0,2,1,8,7,R,2,0,P,FORD,FSA,4D,7,17,0,,0,1074,,G,,0,0,000000000,00000000000,0,0,0,1,0,0,0,0,0,0,0,998,0,0,0,12,12,2,1,12,0,0,0,1,40,73069,6,1,6,0,3,3,75,195,0,0,0,0,0,0,0,0,0,0,0,0,0,0,1,2,25,1,1,2,1,0,0,1,62,1,1,1,51,0,0
40,400368,1,1,1,15,10,12,52,38,0,1,0,40,1,20,481,20481,31,2002,2GCEC19V2213,2,G,C,E,C,1,9,V,2,2,1,3,0,T,CHEV,SC1,4C,2,17,,2,1575,1435,SIL,G,,0,0,000000000,00000000000,0,0,0,1,0,0,0,0,0,0,0,998,0,1,5,98,13,6,2,1,0,0,0,1,40,73456,6,1,0,0,3,0,72,240,0,0,0,0,0,0,0,0,0,1,0,0,0,0,1,2,45,1,1,1,1,0,0,1,13,1,1,4,1,1,0
40,400369,1,1,1,20,10,20,40,11,0,1,0,40,1,12,13,12013,4,1994,1FARP14J7RW1,1,F,A,R,P,1,4,J,7,R,W,1,0,P,FORD,EST,4H,94,17,2419,,0,984,,G,,0,0,000000000,00000000000,0,0,0,1,0,0,0,0,0,0,0,998,0,0,0,11,11,6,2,11,0,0,0,1,40,74016,6,1,0,0,3,0,69,294,0,0,0,0,0,0,0,0,0,0,83,0,0,0,1,2,65,1,1,2,1,28,3,1,87,1,1,1,13,1,0
40,400370,1,2,1,16,7,11,0,12,6,1,0,40,1,76,703,76703,80,2009,JYA3AWE049A1,J,Y,A,3,A,W,E,0,4,9,A,1,0,M,YAMA,TWE,EN,9,17,,,,,,,196,0,0,000000000,00000000000,0,0,0,1,0,0,0,0,0,0,0,998,0,0,0,12,12,6,2,12,0,0,0,1,40,73064,6,1,6,0,3,3,68,200,0,0,0,0,1,6,2008,6,2008,0,0,0,0,0,1,4,40,1,1,1,1,0,0,1,62,7,1,1,69,1,0
40,400370,2,2,1,16,7,11,0,12,6,1,0,40,1,12,481,12481,31,2002,1FTRF17L82NA,1,F,T,R,F,1,7,L,8,2,N,A,0,T,FORD,F15,PK,2,17,,2,1385,1199,COF,G,,0,0,000000000,00000000000,0,0,0,1,0,0,0,0,0,0,0,998,0,0,0,1,1,6,2,12,0,0,0,1,40,73064,6,1,0,0,3,0,74,207,0,0,0,0,0,0,0,0,0,0,38,0,0,0,1,4,40,1,1,1,1,0,0,11,15,1,1,2,68,0,0
40,400371,1,1,1,17,7,5,48,33,0,1,0,40,1,18,7,18007,4,1991,1G4AG54N8M64,1,G,4,A,G,5,4,N,8,M,6,4,0,P,BUIC,CSP,4D,91,17,2798,,0,1049,,G,,0,0,000000000,00000000000,0,0,0,1,0,0,0,0,0,0,0,998,0,0,0,12,12,6,2,2,0,0,1,1,40,73106,6,1,0,0,3,0,66,220,0,0,0,0,0,0,0,0,0,1,58,0,0,0,2,2,35,1,1,2,1,0,0,1,13,1,1,5,1,1,1
40,400372,1,1,1,7,8,22,0,35,0,1,0,40,1,72,709,72709,80,2006,1HD1GX1156K3,1,H,D,1,G,X,1,1,5,6,K,3,0,M,HD,FXI,RS,6,17,,,,,,,1450,0,0,000000000,00000000000,0,0,0,1,0,0,0,0,0,0,0,998,0,0,0,9,13,6,2,1,0,0,0,1,40,74354,1,1,0,0,2,0,71,180,0,0,0,0,0,0,0,0,0,0,39,0,0,0,1,2,65,1,1,2,1,20,3,1,19,1,1,4,98,1,0
40,400373,1,2,1,10,10,22,16,12,2,1,0,40,3,12,481,12481,31,1996,1FTEX15N7TKA,1,F,T,E,X,1,5,N,7,T,K,A,0,T,FORD,F15,PS,96,17,,2,1550,1390,COF,G,,0,0,000000000,00000000000,0,0,0,1,0,0,0,0,0,0,0,998,0,0,0,12,12,6,2,12,0,0,0,1,40,73107,6,1,0,0,3,3,70,195,1,2,0,1,4,9,2009,10,2010,0,28,0,0,0,1,2,55,1,6,2,1,0,0,1,10,1,1,2,50,1,0
40,400373,2,2,5,10,10,22,16,12,2,1,0,40,1,7,482,7482,31,2006,1D7HU18286S6,1,D,7,H,U,1,8,2,8,6,S,6,0,T,DODG,SQ1,CW,6,17,,2,1605,1405,RPC,G,,0,0,000000000,00000000000,0,0,0,1,0,0,0,0,0,0,0,998,0,0,0,12,11,6,2,12,0,0,0,1,40,73701,6,1,0,0,3,0,71,165,0,0,0,0,0,0,0,0,0,0,0,0,0,0,1,2,55,1,5,2,1,28,3,1,62,1,1,1,51,0,0
40,400374,1,2,1,19,9,2,20,12,6,1,0,40,1,20,481,20481,31,2004,1GCHK23G24F2,1,G,C,H,K,2,3,G,2,4,F,2,0,T,CHEV,2KH,CW,4,17,,2,1670,1530,SIL,G,,0,0,000000000,00000000000,0,0,0,1,0,0,0,0,0,0,0,998,0,0,0,1,1,6,2,12,0,0,0,1,40,74834,6,1,0,0,3,0,76,145,0,0,0,0,0,0,0,0,0,0,28,0,0,0,1,2,65,3,3,2,1,28,3,14,10,1,4,2,64,0,1
40,400374,2,2,4,19,9,2,20,12,6,1,0,40,1,12,481,12481,31,2001,1FTRW07L81KC,1,F,T,R,W,0,7,L,8,1,K,C,0,T,FORD,F1S,CW,1,17,,2,0,1385,COF,G,,0,0,000000000,00000000000,0,0,0,1,0,0,0,0,0,0,0,998,0,1,5,12,12,6,2,12,0,0,0,1,40,74834,6,1,0,0,3,3,66,140,0,0,0,0,0,0,0,0,0,0,0,0,0,0,1,2,65,2,5,2,1,28,3,14,62,1,1,1,65,1,0
40,400375,1,2,1,16,10,10,58,12,6,1,0,40,1,12,481,12481,31,2008,1FTSW21508EC,1,F,T,S,W,2,1,5,0,8,E,C,0,T,FORD,F2S,CW,8,17,,2,1720,1560,SRW,G,,0,0,000000000,00000000000,0,0,0,1,0,0,0,0,0,0,0,998,0,0,0,1,1,6,2,12,0,0,0,1,40,74953,6,1,6,0,3,0,75,230,0,0,0,0,1,5,2009,5,2009,0,28,0,0,0,1,2,65,1,1,2,1,0,0,11,15,1,1,2,68,0,0
40,400375,2,2,3,16,10,10,58,12,6,1,0,40,1,35,52,35052,6,2009,JN8AZ28R29T1,J,N,8,A,Z,2,8,R,2,9,T,1,0,P,NISS,CUB,UT,9,17,2762,,0,996,,G,,0,0,000000000,00000000000,0,0,0,1,0,0,0,0,0,0,0,998,0,0,0,12,12,6,2,12,0,0,0,1,40,74730,6,1,0,0,3,0,65,230,0,0,0,0,2,6,2008,10,2009,0,0,0,0,0,1,2,65,1,1,2,1,0,0,1,62,1,1,1,69,2,0
40,400376,1,1,1,21,10,9,0,10,0,1,0,40,3,87,881,87881,63,2008,2NPRLN9X28M7,2,N,P,R,L,N,9,X,2,8,M,7,1,T,PTRB,340,TM,8,17,,8,0,0,CON,D,,1,77,777777777,77777777777,3,2,28,1,0,0,0,0,0,0,0,998,0,1,1,3,3,6,2,10,0,0,0,1,40,74525,6,1,6,0,3,3,73,220,0,0,0,0,0,0,0,0,0,0,38,0,0,0,1,2,45,1,1,5,11,65,3,1,90,1,1,1,15,1,0
40,400377,1,2,2,22,10,7,44,12,6,1,0,40,2,41,471,41471,30,1999,4F4ZR16V7XTM,4,F,4,Z,R,1,6,V,7,X,T,M,0,T,MAZD,3CP,PC,99,17,,1,0,1257,B30,F,,0,0,000000000,00000000000,0,0,0,1,0,0,0,0,0,0,0,998,0,1,5,12,12,6,2,12,0,0,0,1,40,73759,6,7,0,0,3,2,73,165,0,0,0,0,0,0,0,0,0,0,39,73,0,0,1,2,45,1,1,2,1,20,3,1,17,3,1,1,88,1,0
40,400377,2,2,1,22,10,7,44,12,6,1,0,40,1,12,471,12471,30,1993,1FTCR10U1PPA,1,F,T,C,R,1,0,U,1,P,P,A,0,T,FORD,RNG,PK,93,17,,1,1139,1079,RNG,G,,0,0,000000000,00000000000,0,0,0,1,0,0,0,0,0,0,0,998,0,0,0,9,9,6,2,12,0,0,0,1,40,74641,6,1,0,0,3,0,71,170,0,0,0,0,0,0,0,0,0,0,0,0,0,0,1,2,55,1,1,2,1,28,3,1,66,1,1,1,89,0,0