STATE,ST_CASE,VEH_NO,VE_FORMS,NUMOCCS,DAY,MONTH,HOUR,MINUTE,HARM_EV,MAN_COLL,UNITTYPE,HIT_RUN,REG_STAT,OWNER,MAKE,MODEL,MAK_MOD,BODY_TYP,MOD_YEAR,VIN,VIN_1,VIN_2,VIN_3,VIN_4,VIN_5,VIN_6,VIN_7,VIN_8,VIN_9,VIN_10,VIN_11,VIN_12,TOW_VEH,VINTYPE,VINMAKE,VINA_MOD,VIN_BT,VINMODYR,VIN_LNGT,VIN_WGT,WGTCD_TR,WHLBS_LG,WHLBS_SH,SER_TR,FUELCODE,MCYCL_DS,J_KNIFE,MCARR_I1,MCARR_I2,MCARR_ID,GVWR,V_CONFIG,CARGO_BT,HAZ_INV,HAZ_PLAC,HAZ_ID,HAZ_CNO,HAZ_REL,BUS_USE,SPEC_USE,EMER_USE,TRAV_SP,UNDERIDE,ROLLOVER,ROLINLOC,IMPACT1,IMPACT2,DEFORMED,TOWED,M_HARM,VEH_SC1,VEH_SC2,FIRE_EXP,DR_PRES,L_STATE,DR_ZIP,L_STATUS,L_TYPE,CDL_STAT,L_ENDORS,L_COMPL,L_RESTRI,DR_HGT,DR_WGT,PREV_ACC,PREV_SUS,PREV_DWI,PREV_SPD,PREV_OTH,FIRST_MO,FIRST_YR,LAST_MO,LAST_YR,SPEEDREL,DR_SF1,DR_SF2,DR_SF3,DR_SF4,VTRAFWAY,VNUM_LAN,VSPD_LIM,VALIGN,VPROFILE,VPAVETYP,VSURCOND,VTRAFCON,VTCONT_F,P_CRASH1,P_CRASH2,P_CRASH3,PCRASH4,PCRASH5,ACC_TYPE,DEATHS,DR_DRINK
40,400378,1,3,2,10,10,14,23,12,2,1,0,40,1,23,472,23472,30,2004,1GTDS1364481,1,G,T,D,S,1,3,6,4,4,8,1,0,T,GMC,CAN,CW,4,17,,1,0,1260,CAN,G,,0,0,000000000,00000000000,0,0,0,1,0,0,0,0,0,0,0,998,0,0,0,12,12,6,2,12,0,0,0,1,40,74056,6,1,0,0,3,3,61,175,0,0,0,0,0,0,0,0,0,1,28,0,0,0,1,2,65,3,6,2,2,28,3,14,10,3,1,1,50,0,0
40,400378,2,3,1,10,10,14,23,12,2,1,0,40,1,49,40,49040,4,2003,4T1BE32K53U6,4,T,1,B,E,3,2,K,5,3,U,6,0,P,TOYT,UXS,4D,3,17,2993,,0,1071,,G,,0,0,000000000,00000000000,0,0,0,1,0,0,0,0,0,0,0,998,0,0,0,12,12,6,2,12,0,0,0,1,40,74056,6,1,0,0,3,0,65,175,0,0,0,1,0,2,2008,2,2008,0,0,0,0,0,1,2,65,2,5,2,2,28,3,14,62,1,1,1,51,1,0
40,400378,3,3,4,10,10,14,23,12,2,1,0,40,1,12,16,12016,4,1996,2FALP71W4TX1,2,F,A,L,P,7,1,W,4,T,X,1,0,P,FORD,CVP,4D,96,17,0,,0,1144,,G,,0,0,000000000,00000000000,0,0,0,1,0,0,0,0,0,0,0,998,0,0,0,11,11,6,2,12,0,0,0,1,40,74035,6,1,0,0,3,0,73,200,0,0,0,0,0,0,0,0,0,0,0,0,0,0,1,2,65,2,5,2,2,28,3,14,62,1,1,1,98,0,0
40,400379,1,2,1,1,6,18,22,12,1,1,0,40,1,37,32,37032,4,1996,1HGCD5632TA2,1,H,G,C,D,5,6,3,2,T,A,2,0,P,HOND,ULE,4D,96,17,2864,,0,1069,,G,,0,0,000000000,00000000000,0,0,0,1,0,0,0,0,0,0,0,998,0,0,0,12,6,6,2,12,0,0,0,1,40,74146,6,1,0,0,3,0,63,120,0,0,0,0,0,0,0,0,0,0,28,0,0,0,1,4,35,1,1,2,1,0,0,1,50,1,1,3,20,0,0
40,400379,2,2,2,1,6,18,22,12,1,1,0,40,2,7,20,7020,4,1996,1B3ES27C2TD5,1,B,3,E,S,2,7,C,2,T,D,5,0,P,DODG,NEO,4P,96,17,2352,,0,1040,,G,,0,0,000000000,00000000000,0,0,0,1,0,0,0,0,0,0,0,0,0,1,5,6,13,6,2,12,0,0,0,1,40,74464,6,1,0,0,3,0,58,134,0,0,0,0,0,0,0,0,0,0,0,0,0,0,1,4,35,1,1,2,1,0,0,5,12,99,1,1,21,1,0
40,400380,1,2,1,9,8,8,25,12,2,1,0,56,2,7,43,7043,4,2002,1B3EL46R82N3,1,B,3,E,L,4,6,R,8,2,N,3,0,P,DODG,SSP,4D,2,17,3136,,0,1080,,G,,0,0,000000000,00000000000,0,0,0,1,0,0,0,0,0,0,0,998,0,0,0,12,12,6,2,12,0,0,0,1,40,74062,6,1,0,0,3,0,66,127,0,1,0,1,2,3,2009,2,2010,0,0,0,0,0,1,2,65,1,3,2,1,0,0,1,10,99,4,4,50,0,0
40,400380,2,2,1,9,8,8,25,12,2,1,0,40,2,72,709,72709,80,1997,1HD4CAM35VY2,1,H,D,4,C,A,M,3,5,V,Y,2,0,M,HD,X88,RS,97,17,,,,,,,883,0,0,000000000,00000000000,0,0,0,1,0,0,0,0,0,0,0,998,0,0,0,12,8,6,2,12,0,0,0,1,40,74066,6,1,6,0,3,0,70,220,0,0,0,0,1,8,2008,8,2008,0,0,0,0,0,1,2,65,1,5,2,1,28,3,1,64,4,4,4,51,1,0
40,400381,1,1,1,14,8,21,4,8,0,1,0,40,1,52,34,52034,4,2001,4A3AA46G51E1,4,A,3,A,A,4,6,G,5,1,E,1,0,P,MITS,GES,4D,1,17,3075,,0,1037,,G,,0,0,000000000,00000000000,0,0,0,1,0,0,0,0,0,0,0,998,0,0,0,12,13,2,3,8,0,0,0,1,40,73106,6,1,0,0,3,0,66,175,0,0,0,0,0,0,0,0,0,0,0,0,0,0,1,4,40,1,5,2,1,0,0,1,80,1,1,1,13,0,1
40,400382,1,3,2,9,10,19,18,12,1,1,0,40,1,42,51,42051,4,2009,WDDDJ72X69A1,W,D,D,D,J,7,2,X,6,9,A,1,0,P,MERZ,MC5,C4,9,17,4020,,0,1124,,G,,0,0,000000000,00000000000,0,0,0,1,0,0,0,0,0,0,0,998,0,0,0,12,12,6,2,12,0,0,0,1,40,73025,6,1,0,0,3,0,68,130,0,0,0,1,0,10,2008,10,2008,0,91,0,0,0,1,4,40,1,1,2,1,0,0,1,50,1,1,1,20,0,0
40,400382,2,3,1,9,10,19,18,12,1,1,0,40,2,98,703,98703,80,2008,999999999999,9,9,9,9,9,9,9,9,9,9,9,9,0,U,,,,9,17,,,,,,,,0,0,000000000,00000000000,0,0,0,1,0,0,0,0,0,0,0,0,0,0,0,6,6,6,2,12,0,0,0,1,40,73003,6,1,0,0,3,0,65,125,0,1,0,0,7,9,2009,8,2010,0,0,0,0,0,1,4,40,1,1,2,1,0,0,5,53,1,1,1,21,1,0
40,400382,3,3,1,9,10,19,18,12,1,1,1,99,9,99,999,99999,99,9999,999999999999,9,9,9,9,9,9,9,9,9,9,9,9,0,U,,,,9,17,,,,,,,,0,0,000000000,00000000000,0,0,0,1,0,0,0,0,0,0,0,998,0,0,0,99,99,9,1,54,0,0,0,1,99,99999,9,9,99,9,9,9,999,999,99,99,99,99,99,99,9999,99,9999,0,0,0,0,0,1,4,40,1,1,2,1,0,0,1,99,99,9,9,98,0,0
40,400384,1,1,1,27,10,19,11,24,0,1,0,40,2,20,481,20481,31,1988,1GCDC14H7JZ2,1,G,C,D,C,1,4,H,7,J,Z,2,1,T,CHEV,GC1,PK,88,17,,1,1315,1175,GM4,G,,3,0,000000000,00000000000,0,0,0,1,0,0,0,0,0,0,0,998,0,1,6,1,1,6,2,24,0,0,0,1,40,74959,0,0,0,0,0,0,999,999,0,1,0,0,0,1,2008,1,2008,0,0,0,0,0,1,2,45,2,1,2,1,0,0,14,12,1,1,4,6,1,1
40,400385,1,2,1,7,8,17,49,12,6,1,0,40,2,20,481,20481,31,1996,2GCEC19M1T11,2,G,C,E,C,1,9,M,1,T,1,1,0,T,CHEV,GC1,PC,96,17,,2,1555,1415,GM4,G,,0,0,000000000,00000000000,0,0,0,1,0,0,0,0,0,0,0,998,0,0,0,8,8,6,2,12,0,0,0,1,40,74361,6,1,6,0,3,0,73,170,0,0,0,0,0,0,0,0,0,0,38,0,0,0,0,0,0,0,0,0,0,20,3,1,17,1,1,2,89,0,0
40,400385,2,2,1,7,8,17,49,12,6,1,0,40,1,72,706,72706,80,2001,1HD1BWB111Y0,1,H,D,1,B,W,B,1,1,1,Y,0,0,M,HD,FSI,RS,1,17,,,,,,,1450,0,0,000000000,00000000000,0,0,0,1,0,0,0,0,0,0,0,998,0,0,0,12,12,6,2,12,0,0,0,1,40,74364,6,1,6,0,3,0,71,160,0,0,0,0,0,0,0,0,0,0,0,0,0,0,1,2,70,1,1,2,1,0,0,1,66,1,1,1,88,1,0
40,400386,1,1,1,18,8,5,33,33,0,1,0,40,3,12,481,12481,31,2009,1FTPX14V89FA,1,F,T,P,X,1,4,V,8,9,F,A,0,T,FORD,F15,4C,9,17,,2,1630,1330,COF,F,,0,0,000000000,00000000000,0,0,0,1,0,0,0,0,0,0,0,998,0,1,6,1,9,6,2,42,0,0,0,1,40,73644,6,1,6,0,3,3,70,180,0,0,0,0,0,0,0,0,0,1,39,0,0,0,1,2,30,1,1,2,1,20,3,1,14,1,1,4,14,1,0
40,400387,1,1,1,2,10,20,13,8,0,1,0,40,1,23,481,23481,31,2007,3GTEC14X17G1,3,G,T,E,C,1,4,X,1,7,G,1,0,T,GMC,NC1,PK,7,17,,2,1330,1190,SIE,G,,0,0,000000000,00000000000,0,0,0,1,0,0,0,0,0,0,0,998,0,0,0,9,9,0,1,8,0,0,0,1,40,73122,6,1,0,0,3,0,71,260,0,0,0,0,0,0,0,0,0,0,86,0,0,0,1,4,40,1,1,2,1,98,3,1,80,1,1,1,13,0,0
40,400388,1,2,1,29,10,15,46,12,6,1,0,40,1,37,32,37032,4,2010,1HGCP3F85AA0,1,H,G,C,P,3,F,8,5,A,A,0,0,P,HOND,AXL,4D,10,17,3583,,0,1102,,G,,0,0,000000000,00000000000,0,0,0,1,0,0,0,0,0,0,0,998,0,0,0,9,9,6,2,12,0,0,0,1,40,74135,6,1,0,0,3,0,64,120,0,0,0,0,0,0,0,0,0,0,39,0,0,0,1,2,50,1,1,2,1,20,3,1,17,1,1,1,89,1,0
40,400388,2,2,1,29,10,15,46,12,6,1,0,40,1,37,441,37441,20,2007,5FNRL38807B0,5,F,N,R,L,3,8,8,0,7,B,0,0,P,HOND,UDY,SV,7,17,0,,0,1181,,G,,0,0,000000000,00000000000,0,0,0,1,0,0,0,0,0,0,0,998,0,0,0,12,12,6,2,12,0,0,0,1,40,74070,6,1,0,0,3,0,63,175,0,0,0,0,0,0,0,0,0,0,0,0,0,0,1,2,50,1,6,2,1,28,3,1,66,1,1,1,88,0,0
40,400389,1,2,1,1,11,19,2,12,6,1,0,40,2,22,16,22016,2,2002,1G2JD12F7272,1,G,2,J,D,1,2,F,7,2,7,2,0,P,PONT,SFG,CP,2,17,2771,,0,1041,,G,,0,0,000000000,00000000000,0,0,0,1,0,0,0,0,0,0,0,998,0,0,0,10,9,6,2,12,0,0,0,1,40,74860,6,1,0,0,3,3,66,120,0,0,0,0,0,0,0,0,0,0,39,0,0,0,1,5,45,1,1,2,1,20,3,11,15,1,1,2,82,1,0
40,400389,2,2,1,1,11,19,2,12,6,1,0,40,1,7,482,7482,31,2001,1B7MC33701J2,1,B,7,M,C,3,3,7,0,1,J,2,0,T,DODG,Q35,4C,1,17,,3,0,1547,RPC,D,,0,0,000000000,00000000000,0,0,0,1,0,0,0,0,0,0,0,998,0,0,0,12,12,6,2,12,0,0,0,1,40,74868,6,1,0,0,3,0,72,145,1,2,0,2,5,4,2008,4,2010,0,0,0,0,0,1,5,45,1,1,2,1,0,0,1,17,1,1,1,83,0,0
40,400390,1,1,2,28,10,14,33,35,0,1,0,40,1,52,37,52037,2,1997,4A3AK44Y2VE1,4,A,3,A,K,4,4,Y,2,V,E,1,0,P,MITS,EGS,2H,97,17,2855,,0,988,,G,,0,0,000000000,00000000000,0,0,0,1,0,0,0,0,0,0,0,998,0,1,5,2,13,6,2,35,0,0,0,1,40,74867,0,0,0,0,0,0,68,220,0,2,2,0,1,7,2008,11,2009,1,0,0,0,0,1,2,45,1,6,2,1,0,0,1,12,1,1,4,6,1,1
40,400391,1,2,2,26,10,19,40,12,6,1,0,40,2,20,19,20019,2,1995,1G1LV15M5SY1,1,G,1,L,V,1,5,M,5,S,Y,1,0,P,CHEV,BER,CP,95,17,2756,,0,1034,,G,,0,0,000000000,00000000000,0,0,0,1,0,0,0,0,0,0,0,998,0,0,0,3,3,6,2,12,0,0,0,1,40,74604,2,1,0,0,2,0,72,230,0,0,0,0,1,2,2008,2,2008,0,38,0,0,0,1,2,55,1,1,2,1,21,3,1,17,1,1,1,87,2,1
40,400391,2,2,3,26,10,19,40,12,6,1,0,20,1,7,482,7482,31,1997,3B7HC13Z7VG7,3,B,7,H,C,1,3,Z,7,V,G,7,0,T,DODG,150,PC,97,17,,2,1547,1387,RPC,G,,0,0,000000000,00000000000,0,0,0,1,0,0,0,0,0,0,0,998,0,0,0,12,12,6,2,12,0,0,0,1,20,67005,6,1,0,0,3,3,68,165,0,0,0,0,0,0,0,0,0,0,0,0,0,0,2,2,65,1,1,2,1,0,0,1,66,1,1,1,86,0,0
40,400392,1,1,2,20,10,19,59,38,0,1,0,40,1,20,481,20481,31,2008,1GCEK14C38Z2,1,G,C,E,K,1,4,C,3,8,Z,2,0,T,CHEV,SK1,PK,8,17,,2,1330,1190,SIL,G,,0,0,000000000,00000000000,0,0,0,1,0,0,0,0,0,0,0,998,0,1,6,10,13,6,2,1,0,0,0,1,40,74801,6,1,6,0,3,0,75,150,0,2,0,1,2,11,2007,11,2009,1,0,0,0,0,1,2,35,1,1,2,1,0,0,1,6,1,3,4,2,1,1
40,400393,1,2,1,18,10,14,27,12,6,1,0,40,2,12,442,12442,20,1998,2FMDA5145WBA,2,F,M,D,A,5,1,4,5,W,B,A,0,T,FORD,WWG,ES,98,17,,1,0,1207,WIN,G,,0,0,000000000,00000000000,0,0,0,1,0,0,0,0,0,0,0,998,0,1,5,9,9,6,2,12,0,0,0,1,40,74159,6,1,0,0,3,0,62,160,1,1,0,1,1,10,2007,1,2010,0,39,0,0,0,1,2,50,1,1,2,1,20,3,1,17,1,1,1,89,1,0
40,400393,2,2,2,18,10,14,27,12,6,1,0,40,1,18,401,18401,14,2007,3G5DA03L97S5,3,G,5,D,A,0,3,L,9,7,S,5,0,P,BUIC,RZV,UT,7,17,4096,,0,1122,,G,,0,0,000000000,00000000000,0,0,0,1,0,0,0,0,0,0,0,998,0,0,0,12,12,6,2,12,0,0,0,1,40,74021,6,1,0,0,3,0,68,185,0,0,0,0,0,0,0,0,0,0,0,0,0,0,1,2,50,1,1,2,1,0,0,1,66,1,1,1,88,0,0
40,400394,1,2,1,17,7,1,11,12,6,1,0,40,1,7,28,7028,2,2010,2B3CJ7DW3AH1,2,B,3,C,J,7,D,W,3,A,H,1,0,P,DODG,CS8,CP,10,17,4170,,0,1160,,G,,0,0,000000000,00000000000,0,0,0,1,0,0,0,0,0,0,0,998,0,0,0,12,12,6,2,12,0,0,0,1,40,74436,6,1,0,0,3,3,69,190,0,0,0,0,1,4,2010,4,2010,1,28,0,0,0,1,2,35,2,1,2,1,28,3,14,10,1,1,2,64,0,1
40,400394,2,2,2,17,7,1,11,12,6,1,0,40,2,37,31,37031,4,2002,1HGES26732L0,1,H,G,E,S,2,6,7,3,2,L,0,0,P,HOND,UAX,4D,2,17,2615,,0,1031,,G,,0,0,000000000,00000000000,0,0,0,1,0,0,0,0,0,0,0,998,0,0,0,11,11,6,2,12,0,0,0,1,40,74134,6,1,0,0,3,3,68,180,0,1,0,1,3,3,2008,8,2009,0,0,0,0,0,1,2,35,3,1,2,1,28,3,14,62,1,1,1,65,2,0
40,400395,1,1,1,31,10,6,10,59,0,1,0,40,2,12,37,12037,4,2004,1FAFP38Z54W1,1,F,A,F,P,3,8,Z,5,4,W,1,0,P,FORD,FZT,4D,4,17,2586,,0,1030,,G,,0,0,000000000,00000000000,0,0,0,1,0,0,0,0,0,0,0,998,0,1,5,4,4,6,2,1,0,0,0,1,48,78572,0,0,0,0,0,0,68,125,0,0,0,0,0,0,0,0,0,0,0,0,0,0,3,3,70,1,1,1,1,0,0,1,13,1,4,4,2,1,1
40,400396,1,1,2,24,7,2,25,1,0,1,0,40,2,35,472,35472,30,2002,1N6ED29Y22C3,1,N,6,E,D,2,9,Y,2,2,C,3,0,T,NISS,XSC,CW,2,17,,1,0,1311,FRT,G,,0,0,000000000,00000000000,0,0,0,1,0,0,0,0,0,0,0,998,0,1,1,0,1,6,2,1,0,0,0,1,40,74066,6,1,0,0,3,0,66,130,0,1,1,0,0,8,2007,6,2010,1,0,0,0,0,1,2,45,1,1,4,1,0,0,1,6,6,1,6,98,1,1
40,400397,1,1,2,25,10,99,99,26,0,1,0,40,2,37,32,37032,4,1995,JHMCD5632SC0,J,H,M,C,D,5,6,3,2,S,C,0,0,P,HOND,ALX,4D,95,17,2809,,0,1069,,G,,0,0,000000000,00000000000,0,0,0,1,0,0,0,0,0,0,0,998,0,1,5,12,13,6,2,1,0,0,0,1,40,74037,6,1,0,0,3,3,72,205,0,0,0,0,0,0,0,0,0,0,0,0,0,0,1,2,65,1,1,2,1,0,0,1,12,1,1,4,6,2,1
40,400398,1,1,2,10,7,13,45,1,0,1,0,99,9,37,706,37706,80,2008,1HFSC49W18A6,1,H,F,S,C,4,9,W,1,8,A,6,0,M,HOND,TT3,RS,8,17,,,,,,,1795,0,0,000000000,00000000000,0,0,0,1,0,0,0,0,0,0,0,998,0,0,0,0,9,6,2,1,0,0,0,1,5,72734,6,1,6,1,3,0,70,180,0,0,0,0,0,0,0,0,0,0,38,0,0,0,1,2,65,3,1,2,1,0,0,14,9,8,2,4,2,1,0
40,400399,1,1,1,4,10,19,37,58,0,1,0,40,1,72,706,72706,80,2010,1HD1GX418AC3,1,H,D,1,G,X,4,1,8,A,C,3,0,M,HD,FFB,RS,10,17,,,,,,,1584,0,0,000000000,00000000000,0,0,0,1,0,0,0,0,0,0,0,998,0,0,0,12,12,4,3,58,0,0,0,1,40,74070,6,1,0,0,3,0,70,230,0,0,0,0,0,0,0,0,0,1,0,0,0,0,1,2,25,2,1,2,1,0,0,14,6,1,9,4,2,1,1
40,400400,1,1,6,9,10,0,22,24,0,1,0,40,2,12,481,12481,31,1997,1FTDX1767VNA,1,F,T,D,X,1,7,6,7,V,N,A,0,T,FORD,F15,3C,97,17,,1,1570,1390,COF,G,,0,0,000000000,00000000000,0,0,0,1,0,0,0,0,0,0,0,998,0,1,6,12,10,6,2,1,0,0,0,1,40,74079,6,1,0,0,3,0,72,250,0,0,0,0,0,0,0,0,0,1,0,0,0,0,1,2,25,2,6,2,1,0,0,14,12,3,1,4,6,1,0
40,400401,1,1,1,2,11,3,0,34,0,1,0,40,1,2,403,2403,14,2006,1J4FA49S96P7,1,J,4,F,A,4,9,S,9,6,P,7,0,T,JEEP,SPW,2W,6,17,,1,0,934,W/T,G,,0,0,000000000,00000000000,0,0,0,1,0,0,0,0,0,0,0,998,0,1,6,11,12,6,2,1,0,0,0,1,40,73639,6,1,6,0,3,3,72,275,0,0,0,1,2,12,2007,7,2010,0,83,0,0,0,1,3,65,1,6,2,1,28,3,1,87,7,4,4,3,1,0
40,400402,1,1,1,18,7,8,32,9,0,1,0,40,3,20,481,20481,31,2008,1GCEK19048Z2,1,G,C,E,K,1,9,0,4,8,Z,2,0,T,CHEV,SK1,4C,8,17,,2,1575,1339,SIL,F,,0,0,000000000,00000000000,0,0,0,1,0,0,0,0,0,0,0,998,0,0,0,12,12,4,1,9,0,0,0,1,40,73112,6,1,0,0,3,0,70,185,0,0,0,0,0,0,0,0,0,0,86,0,0,0,1,2,45,1,5,2,1,0,0,1,83,1,1,1,13,0,0
40,400403,1,1,1,11,8,14,19,8,0,1,0,40,1,12,461,12461,21,1997,1FTEE1429VHA,1,F,T,E,E,1,4,2,9,V,H,A,0,T,FORD,15V,CG,97,17,,2,0,1380,VAN,G,,0,0,000000000,00000000000,0,0,0,1,0,0,0,0,0,0,0,998,0,0,0,12,12,4,1,8,0,0,0,1,40,73114,6,1,0,0,3,0,65,170,0,0,0,0,0,0,0,0,0,0,86,0,0,0,2,3,45,1,6,2,1,0,0,1,80,8,1,2,13,0,0
40,400404,1,2,4,24,10,15,47,12,6,1,0,40,2,14,38,14038,2,2001,1ZWFT61LX156,1,Z,W,F,T,6,1,L,X,1,5,6,0,P,MERC,CU6,2H,1,17,2996,,0,1064,,G,,0,0,000000000,00000000000,0,0,0,1,0,0,0,0,0,0,0,998,0,0,0,4,4,6,2,12,0,0,0,1,40,74063,6,2,0,0,3,2,60,104,0,0,0,0,0,0,0,0,0,0,38,73,0,0,1,2,45,1,6,2,1,20,3,1,17,1,1,1,87,2,0
40,400404,2,2,1,24,10,15,47,12,6,1,0,40,1,7,472,7472,31,1998,1B7FL26X2WS5,1,B,7,F,L,2,6,X,2,W,S,5,0,T,DODG,DAK,PK,98,17,,1,1239,1119,DAK,G,,0,0,000000000,00000000000,0,0,0,1,0,0,0,0,0,0,0,998,0,1,5,12,12,6,2,12,0,0,0,1,40,74066,6,1,6,0,3,0,70,160,0,0,0,0,1,7,2008,7,2008,0,0,0,0,0,1,2,45,1,1,2,1,0,0,1,66,4,1,1,86,0,0
40,400405,1,2,1,1,10,15,20,12,6,1,0,40,1,76,706,76706,80,2003,JYARN10E13A0,J,Y,A,R,N,1,0,E,1,3,A,0,0,M,YAMA,YFR,RS,3,17,,,,,,,998,0,0,000000000,00000000000,0,0,0,1,0,0,0,0,0,0,0,998,0,0,0,9,3,6,2,12,0,0,0,1,40,74016,6,1,0,0,3,2,74,160,0,0,0,0,0,0,0,0,0,1,74,28,0,0,1,2,55,2,5,2,1,28,3,14,6,3,3,2,64,1,0
40,400405,2,2,1,1,10,15,20,12,6,1,0,40,3,12,16,12016,4,2003,2FAHP71W33X2,2,F,A,H,P,7,1,W,3,3,X,2,0,P,FORD,CVP,4D,3,17,3946,,0,1147,,G,,0,0,000000000,00000000000,0,0,0,1,0,0,0,0,0,5,0,998,0,0,0,11,10,4,3,12,0,0,0,1,40,74346,6,1,0,0,3,0,68,195,0,0,0,0,0,0,0,0,0,0,0,0,0,0,1,2,55,3,5,2,1,28,3,14,62,1,1,1,65,0,0
40,400406,1,2,1,25,10,14,29,12,6,1,0,40,3,12,16,12016,4,2007,2FAHP71W17X1,2,F,A,H,P,7,1,W,1,7,X,1,0,P,FORD,CVP,4D,7,17,4129,,0,1146,,G,,0,0,000000000,00000000000,0,0,0,1,0,0,0,0,0,5,0,998,0,0,0,10,10,6,2,12,0,0,0,1,40,74063,6,1,0,0,3,0,68,165,0,0,0,0,0,0,0,0,0,0,38,16,0,0,6,2,75,1,1,2,1,20,3,11,15,1,1,2,82,1,0
40,400406,2,2,1,25,10,14,29,12,6,1,0,40,1,82,881,82881,63,2002,1FUJAHBD02PJ,1,F,U,J,A,H,B,D,0,2,P,J,0,T,FRHT,FLD,DS,2,17,,8,0,0,CON,D,,0,57,2026153,572026153,3,2,4,1,0,0,0,0,0,0,0,998,0,0,0,12,12,4,3,12,0,0,0,1,40,74066,6,1,6,0,3,0,74,270,0,0,0,0,0,0,0,0,0,0,21,0,0,0,1,4,40,1,6,2,1,0,0,1,17,3,1,1,83,0,0
40,400407,1,2,1,23,10,1,8,12,2,1,0,40,1,20,481,20481,31,2006,3GCEC14X36G2,3,G,C,E,C,1,4,X,3,6,G,2,0,T,CHEV,SC1,PK,6,17,,2,1330,1190,SIL,G,,0,0,000000000,00000000000,0,0,0,1,0,0,0,0,0,0,0,998,0,0,0,12,12,6,2,12,0,0,0,1,40,74301,6,1,0,0,3,3,65,125,0,0,0,1,1,7,2008,8,2009,0,28,0,0,0,1,2,65,1,5,2,1,28,3,1,10,1,1,2,50,0,1
40,400407,2,2,1,23,10,1,8,12,2,1,0,40,2,63,34,63034,4,2006,KNAGE1233650,K,N,A,G,E,1,2,3,3,6,5,0,0,P,KIA,OLE,4D,6,17,3279,,0,1063,,G,,0,0,000000000,00000000000,0,0,0,1,0,0,0,0,0,0,0,998,0,0,0,12,12,6,2,12,0,0,0,1,40,74354,6,1,0,0,3,0,66,110,0,0,0,0,1,3,2010,3,2010,0,0,0,0,0,1,2,65,1,6,2,1,0,0,1,62,3,1,1,51,1,1
40,400408,1,1,3,2,10,23,3,1,0,1,0,48,2,20,481,20481,31,2005,1GCEC19V75Z3,1,G,C,E,C,1,9,V,7,5,Z,3,0,T,CHEV,SC1,4C,5,17,,2,1575,1435,SIL,G,,0,0,000000000,00000000000,0,0,0,1,0,0,0,0,0,0,0,998,0,2,1,0,1,6,2,1,0,0,0,1,99,99999,9,9,99,9,9,9,999,999,99,99,99,99,99,99,9999,99,9999,1,28,0,0,0,1,2,55,1,1,4,1,0,0,1,6,1,3,6,98,1,0
40,400409,1,1,1,21,10,17,16,24,0,1,0,40,1,13,1,13001,4,1997,1LNLM82WXVY6,1,L,N,L,M,8,2,W,X,V,Y,6,0,P,LINC,SET,4D,97,17,3977,,0,1174,,G,,0,0,000000000,00000000000,0,0,0,1,0,0,0,0,0,0,0,998,0,0,0,1,12,6,2,42,0,0,0,1,40,74442,6,1,0,0,3,0,71,190,0,0,0,0,0,0,0,0,0,0,0,0,0,0,2,2,65,1,1,2,1,0,0,1,13,1,1,4,1,1,0
40,400410,1,2,2,14,6,11,30,12,6,1,0,48,1,22,20,22020,4,2000,1G2WR5217YF1,1,G,2,W,R,5,2,1,7,Y,F,1,0,P,PONT,GTP,4D,0,17,3523,,0,1105,,G,,0,0,000000000,00000000000,0,0,0,1,0,0,0,0,0,0,0,998,0,0,0,12,12,6,2,12,0,0,0,1,48,79036,6,1,6,0,3,3,999,999,0,1,0,0,0,2,2008,2,2008,0,0,0,0,0,2,4,70,2,1,2,1,0,0,14,8,8,9,2,64,1,0
40,400410,2,2,1,14,6,11,30,12,6,1,0,12,3,51,881,51881,66,2006,4V4N19TG06N4,4,V,4,N,1,9,T,G,0,6,N,4,2,T,VOLV,VNL,DS,6,17,,7,0,0,VVN,D,,1,57,01535278,5701535278,3,7,1,1,0,0,0,0,0,0,0,998,0,0,0,7,7,4,3,12,0,0,0,1,12,32827,6,1,6,3,3,0,73,999,0,0,0,0,0,0,0,0,0,0,0,0,0,0,2,4,70,1,1,2,1,0,0,1,64,1,1,2,65,0,0
40,400411,1,2,1,19,7,8,0,12,6,1,0,40,1,7,482,7482,31,2003,3D7KA28C33G7,3,D,7,K,A,2,8,C,3,3,G,7,1,T,DODG,SQ2,CW,3,17,,2,1605,1405,RPC,D,,1,0,000000000,00000000000,0,0,0,1,0,0,0,0,0,0,0,998,0,0,0,10,10,4,3,12,0,0,0,1,40,74011,6,1,0,0,3,0,71,180,0,0,0,0,0,0,0,0,0,0,0,0,0,0,1,2,45,1,1,2,1,0,0,11,15,1,1,2,72,0,0
40,400411,2,2,1,19,7,8,0,12,6,1,0,40,1,53,705,53705,80,2009,JS1GN7EA3921,J,S,1,G,N,7,E,A,3,9,2,1,0,M,SUZI,G60,RC,9,17,,,,,,,599,0,0,000000000,00000000000,0,0,0,1,0,0,0,0,0,0,0,998,0,0,0,12,12,6,2,12,0,0,0,1,40,74467,6,1,0,0,3,0,69,160,0,0,0,0,0,0,0,0,0,1,35,0,0,0,1,2,45,1,1,2,1,0,0,6,60,3,2,1,73,1,1