STATE,ST_CASE,VEH_NO,VE_FORMS,NUMOCCS,DAY,MONTH,HOUR,MINUTE,HARM_EV,MAN_COLL,UNITTYPE,HIT_RUN,REG_STAT,OWNER,MAKE,MODEL,MAK_MOD,BODY_TYP,MOD_YEAR,VIN,VIN_1,VIN_2,VIN_3,VIN_4,VIN_5,VIN_6,VIN_7,VIN_8,VIN_9,VIN_10,VIN_11,VIN_12,TOW_VEH,VINTYPE,VINMAKE,VINA_MOD,VIN_BT,VINMODYR,VIN_LNGT,VIN_WGT,WGTCD_TR,WHLBS_LG,WHLBS_SH,SER_TR,FUELCODE,MCYCL_DS,J_KNIFE,MCARR_I1,MCARR_I2,MCARR_ID,GVWR,V_CONFIG,CARGO_BT,HAZ_INV,HAZ_PLAC,HAZ_ID,HAZ_CNO,HAZ_REL,BUS_USE,SPEC_USE,EMER_USE,TRAV_SP,UNDERIDE,ROLLOVER,ROLINLOC,IMPACT1,IMPACT2,DEFORMED,TOWED,M_HARM,VEH_SC1,VEH_SC2,FIRE_EXP,DR_PRES,L_STATE,DR_ZIP,L_STATUS,L_TYPE,CDL_STAT,L_ENDORS,L_COMPL,L_RESTRI,DR_HGT,DR_WGT,PREV_ACC,PREV_SUS,PREV_DWI,PREV_SPD,PREV_OTH,FIRST_MO,FIRST_YR,LAST_MO,LAST_YR,SPEEDREL,DR_SF1,DR_SF2,DR_SF3,DR_SF4,VTRAFWAY,VNUM_LAN,VSPD_LIM,VALIGN,VPROFILE,VPAVETYP,VSURCOND,VTRAFCON,VTCONT_F,P_CRASH1,P_CRASH2,P_CRASH3,PCRASH4,PCRASH5,ACC_TYPE,DEATHS,DR_DRINK
40,400444,2,1,1,13,11,3,20,14,0,1,0,40,1,7,402,7402,14,2001,1B4HR28NX1F5,1,B,4,H,R,2,8,N,X,1,F,5,0,P,DODG,DUR,UT,1,17,4272,,0,1159,,G,,0,0,000000000,00000000000,0,0,0,1,0,0,0,0,0,0,0,998,0,1,2,12,10,6,2,14,0,0,0,1,40,73099,6,2,0,0,3,2,62,150,0,0,0,1,5,10,2008,10,2010,0,73,0,0,0,3,3,65,1,1,2,1,0,0,1,13,1,1,4,11,1,1
40,400445,1,1,1,10,11,20,40,15,0,1,0,40,1,23,431,23431,16,1995,1GDEC16K1SJ7,1,G,D,E,C,1,6,K,1,S,J,7,0,T,GMC,SUB,IC,95,17,,2,0,1315,C15,G,,0,0,000000000,00000000000,0,0,0,1,0,0,0,0,0,0,0,998,0,0,0,12,12,4,1,15,0,0,0,1,40,73111,6,1,0,0,3,0,68,180,0,0,0,0,0,0,0,0,0,0,0,0,0,0,1,4,40,1,1,2,1,0,0,1,83,1,1,1,13,0,0
40,400446,1,1,1,10,7,2,36,1,0,1,0,0,0,37,734,37734,90,2005,1HFTE2404544,1,H,F,T,E,2,4,0,4,5,4,4,0,M,HOND,T3M,AT,5,17,,,,,,,329,0,0,000000000,00000000000,0,0,0,1,0,0,0,0,0,0,0,998,0,2,1,0,13,6,2,1,0,0,0,1,40,74948,6,1,6,0,3,3,69,150,0,0,0,0,0,0,0,0,0,0,0,0,0,0,1,2,55,1,1,2,1,40,3,1,9,1,1,1,98,1,1
40,400447,1,1,1,16,7,22,30,42,0,1,0,40,1,23,481,23481,31,1993,2GTEC19HXP15,2,G,T,E,C,1,9,H,X,P,1,5,0,T,GMC,SC1,PC,93,17,,2,1555,1415,SIE,G,,0,0,000000000,00000000000,0,0,0,1,0,0,0,0,0,0,0,998,0,1,5,3,13,6,2,1,0,0,0,1,40,73018,6,1,0,0,3,3,70,165,0,0,0,0,0,0,0,0,0,1,0,0,0,0,1,2,45,1,1,4,1,0,0,1,6,1,2,4,7,1,1
40,400448,1,1,1,26,7,17,36,35,0,1,0,40,2,20,481,20481,31,2003,1GCEC19T13Z1,1,G,C,E,C,1,9,T,1,3,Z,1,0,T,CHEV,SC1,4C,3,17,,2,1575,1435,SIL,G,,0,0,000000000,00000000000,0,0,0,1,0,0,0,0,0,0,0,998,0,0,0,12,13,6,2,35,0,0,0,1,40,74801,6,1,6,0,3,0,70,135,0,0,0,0,0,0,0,0,0,0,92,0,0,0,3,2,75,1,1,2,1,0,0,1,13,99,1,4,1,1,0
40,400449,1,1,1,18,7,22,26,31,0,1,0,40,2,35,399,35399,4,2005,3N1CB51D35L4,3,N,1,C,B,5,1,D,3,5,L,4,0,P,NISS,S18,4D,5,17,2387,,0,998,,G,,0,0,000000000,00000000000,0,0,0,1,0,0,0,0,0,0,0,998,0,0,0,11,3,6,2,30,0,0,0,1,40,74030,6,1,6,0,3,0,72,130,0,0,0,0,0,0,0,0,0,1,58,0,0,0,5,2,45,1,6,2,1,40,3,1,6,6,4,4,2,1,0
40,400450,1,1,1,21,5,7,53,9,0,1,0,40,1,7,482,7482,31,1994,1B7HC16Z5RS5,1,B,7,H,C,1,6,Z,5,R,S,5,1,T,DODG,150,PK,94,17,,2,1347,1187,RPC,G,,1,0,000000000,00000000000,0,0,0,1,0,0,0,0,0,0,0,998,0,0,0,12,12,2,3,9,0,0,0,1,40,73501,6,1,0,0,3,0,70,160,0,0,0,0,0,0,0,0,0,0,0,0,0,0,1,2,25,1,1,1,1,0,0,1,83,1,1,1,13,0,0
40,400451,1,2,2,22,10,1,30,12,2,1,0,48,3,85,881,85881,66,2010,1XKAD49X3AJ2,1,X,K,A,D,4,9,X,3,A,J,2,1,T,KW,T60,DS,10,17,,8,2600,1600,CON,D,,1,57,079466,57079466,3,6,1,1,0,0,0,0,0,0,0,998,0,0,0,12,12,6,2,12,0,0,0,1,39,43824,6,1,6,0,3,3,66,150,0,0,0,0,0,0,0,0,0,0,0,0,0,0,1,2,65,3,1,2,1,28,3,14,62,6,1,2,51,0,0
40,400451,2,2,1,22,10,1,30,12,2,1,0,40,1,7,482,7482,31,2004,3D7KU28C44G1,3,D,7,K,U,2,8,C,4,4,G,1,0,T,DODG,SQ2,CW,4,17,,2,1605,1405,RPC,D,,0,0,000000000,00000000000,0,0,0,1,0,0,0,0,0,0,0,998,0,0,0,12,12,6,2,12,0,0,0,1,40,74727,6,1,6,0,3,0,77,240,0,0,0,0,0,0,0,0,0,0,0,0,0,0,1,2,65,2,1,2,1,28,3,14,10,1,1,2,50,1,1
40,400452,1,1,1,6,11,15,7,1,0,1,0,40,1,34,706,34706,80,2010,WB1051705AZV,W,B,1,0,5,1,7,0,5,A,Z,V,0,M,BMW,S10,RC,10,17,,,,,,,999,0,0,000000000,00000000000,0,0,0,1,0,0,0,0,0,0,0,998,0,0,0,0,9,6,2,1,0,0,0,1,40,74055,6,1,0,0,3,3,74,225,0,0,0,0,0,0,0,0,0,0,0,0,0,0,1,2,45,3,1,2,1,28,3,14,13,1,1,4,1,1,0
40,400453,1,1,1,18,11,4,45,42,0,1,0,40,2,24,1,24001,4,1995,1G8ZH5283SZ2,1,G,8,Z,H,5,2,8,3,S,Z,2,0,P,STRN,SL1,4D,95,17,2252,,0,1024,,G,,0,0,000000000,00000000000,0,0,0,1,0,0,0,0,0,0,0,998,0,1,3,12,12,6,2,42,0,0,0,1,40,74128,1,1,0,0,2,3,71,160,0,1,0,2,7,12,2007,7,2010,0,50,0,0,0,2,3,40,1,1,1,1,0,0,1,13,1,1,4,1,1,1
40,400454,1,1,1,19,7,20,30,5,0,1,0,0,0,53,734,53734,90,2002,JSAAM43A0221,J,S,A,A,M,4,3,A,0,2,2,1,0,M,SUZI,LA5,AT,2,17,,,,,,,493,0,0,000000000,00000000000,0,0,0,1,0,0,0,0,0,0,0,998,0,9,5,0,0,2,1,5,0,0,0,1,40,74543,6,1,6,0,3,3,67,150,0,0,0,0,0,0,0,0,0,1,0,0,0,0,1,2,40,2,1,4,1,0,0,14,98,1,1,1,0,1,1
40,400455,1,2,1,19,8,3,43,12,6,1,0,40,1,23,481,23481,31,2006,2GTEK13T3611,2,G,T,E,K,1,3,T,3,6,1,1,0,T,GMC,NK1,CW,6,17,,2,0,1435,SIE,G,,0,0,000000000,00000000000,0,0,0,1,0,0,0,0,0,0,0,998,0,1,5,12,13,6,2,12,0,0,0,1,40,74354,6,1,0,0,3,0,67,135,0,0,0,0,0,0,0,0,0,1,39,0,0,0,1,2,55,1,6,2,1,20,3,1,17,1,1,1,88,1,0
40,400455,2,2,1,19,8,3,43,12,6,1,0,4,3,87,881,87881,66,2004,1XP7DU9X84D8,1,X,P,7,D,U,9,X,8,4,D,8,1,T,PTRB,387,DS,4,17,,8,0,0,CON,D,,1,57,717434,57717434,3,6,1,1,0,0,0,0,0,0,0,998,0,0,0,7,7,4,3,12,0,0,0,1,40,74426,6,1,6,0,3,0,74,325,0,0,0,0,0,0,0,0,0,0,0,0,0,0,1,2,55,1,6,2,1,4,3,1,66,1,1,1,89,0,0
40,400456,1,1,3,6,11,13,21,42,0,1,0,40,1,2,405,2405,14,2004,1J4GK58K84W2,1,J,4,G,K,5,8,K,8,4,W,2,0,T,JEEP,LMD,4W,4,17,,1,0,1043,LIB,G,,0,0,000000000,00000000000,0,0,0,1,0,0,0,0,0,0,0,998,0,0,0,12,12,6,2,42,0,0,0,1,40,74017,6,2,0,0,3,2,64,150,0,0,0,0,1,11,2009,11,2009,0,58,73,0,0,1,2,45,1,1,2,1,0,0,1,12,1,1,4,6,1,0
40,400457,1,2,2,12,11,11,17,12,6,1,0,40,3,35,472,35472,30,1999,1N6DD26S3XC3,1,N,6,D,D,2,6,S,3,X,C,3,0,T,NISS,KXS,PC,99,17,,1,0,1161,FRT,G,,0,0,000000000,00000000000,0,0,0,1,0,0,0,0,0,0,0,998,0,0,0,3,3,6,2,12,0,0,0,1,40,74129,6,1,0,0,3,0,73,165,0,0,0,0,0,0,0,0,0,0,38,0,0,0,2,2,65,1,5,1,1,21,3,11,15,1,1,1,76,1,0
40,400457,2,2,1,12,11,11,17,12,6,1,0,40,3,82,881,82881,66,2007,1FUJBBCK57LZ,1,F,U,J,B,B,C,K,5,7,L,Z,1,T,FRHT,ST2,DS,7,17,,8,0,0,CON,D,,1,57,34666,5734666,3,6,3,1,0,0,0,0,0,0,0,998,0,0,0,12,12,6,2,12,0,0,0,1,29,63042,6,1,6,0,3,0,75,180,0,0,0,0,0,0,0,0,0,0,0,0,0,0,2,2,65,1,1,1,1,0,0,1,17,1,1,1,77,0,0
40,400458,1,1,1,14,11,19,19,42,0,1,0,40,1,12,481,12481,31,1994,1FTEF15N6RNB,1,F,T,E,F,1,5,N,6,R,N,B,0,T,FORD,F15,PK,94,17,,2,1330,1170,COF,G,,0,0,000000000,00000000000,0,0,0,1,0,0,0,0,0,0,0,998,0,0,0,12,12,6,2,42,0,0,0,1,40,74342,6,1,6,0,3,0,69,250,0,0,0,1,1,6,2010,7,2010,1,0,0,0,0,1,2,55,3,6,2,1,28,3,14,6,8,4,4,7,1,1
40,400459,1,1,6,16,11,18,29,1,0,1,0,40,1,20,421,20421,15,1998,1GNCS13W7W21,1,G,N,C,S,1,3,W,7,W,2,1,0,P,CHEV,BZR,UT,98,17,3685,,0,1070,,G,,0,0,000000000,00000000000,0,0,0,1,0,0,0,0,0,0,0,998,0,9,1,0,3,6,2,1,0,0,0,1,40,74014,6,1,0,0,3,0,63,180,0,0,0,0,0,0,0,0,0,0,0,0,0,0,1,2,65,2,6,2,1,28,3,14,8,3,4,6,98,1,0
40,400460,1,1,1,23,11,18,13,59,0,1,0,40,2,12,13,12013,4,1999,1FAFP13P7XW1,1,F,A,F,P,1,3,P,7,X,W,1,0,P,FORD,ESE,4D,99,17,2468,,0,984,,G,,0,0,000000000,00000000000,0,0,0,1,0,0,0,0,0,0,0,998,0,1,5,12,13,6,2,1,0,0,0,1,40,73044,6,1,0,0,3,0,74,161,0,0,0,1,0,1,2008,1,2008,0,0,0,0,0,1,2,45,1,5,2,1,28,3,1,13,1,1,4,1,1,0
40,400461,1,1,1,24,11,17,46,1,0,1,0,40,1,72,706,72706,80,2002,1HD1FMW162Y6,1,H,D,1,F,M,W,1,6,2,Y,6,0,M,HD,TPI,RS,2,17,,,,,,,1450,0,0,000000000,00000000000,0,0,0,1,0,0,0,0,0,0,0,998,0,0,0,0,9,6,2,1,0,0,0,1,40,74361,6,1,0,0,3,0,74,220,0,0,0,2,2,4,2008,5,2010,1,0,0,0,0,1,2,45,2,1,2,1,28,3,14,12,1,1,4,6,1,1
40,400463,1,1,1,21,8,7,10,1,0,1,0,40,2,7,20,7020,4,2002,1B3ES26C62D5,1,B,3,E,S,2,6,C,6,2,D,5,0,P,DODG,NEO,4D,2,17,2604,,0,1050,,G,,0,0,000000000,00000000000,0,0,0,1,0,0,0,0,0,0,0,998,0,1,5,0,81,6,2,42,0,0,0,1,40,73569,6,1,0,0,3,0,70,147,0,0,0,0,0,0,0,0,0,1,36,58,0,0,1,2,30,2,1,2,1,0,0,14,6,6,4,4,7,1,1
40,400464,1,1,1,22,11,21,0,1,0,1,0,40,2,2,404,2404,14,1998,1J4FJ68S6WL1,1,J,4,F,J,6,8,S,6,W,L,1,0,T,JEEP,SCL,4W,98,17,,1,0,1014,CHK,G,,0,0,000000000,00000000000,0,0,0,1,0,0,0,0,0,0,0,998,0,2,1,0,13,6,2,1,0,0,0,1,40,74726,6,1,0,0,3,3,77,200,0,0,0,0,1,10,2008,10,2008,1,0,0,0,0,1,2,65,2,1,2,1,28,3,14,6,1,4,2,98,1,1
40,400465,1,1,2,14,1,12,18,42,0,1,0,40,2,20,4,20004,2,1995,1G1YY22P5S51,1,G,1,Y,Y,2,2,P,5,S,5,1,0,P,CHEV,CVT,CP,95,17,3203,,0,962,,G,,0,0,000000000,00000000000,0,0,0,1,0,0,0,0,0,0,0,998,0,0,0,9,14,6,2,42,0,0,0,1,40,73529,6,2,0,0,3,2,67,113,0,0,0,0,0,0,0,0,0,1,73,58,0,0,1,2,98,2,1,1,1,0,0,14,6,9,3,4,2,1,0
40,400466,1,1,1,13,6,17,38,1,0,1,0,92,0,98,739,98739,90,2007,000000000000,0,0,0,0,0,0,0,0,0,0,0,0,0,U,,,,,17,,,,,,,,0,0,000000000,00000000000,0,0,0,1,0,0,0,0,0,0,0,998,0,2,1,0,9,4,1,1,0,0,0,1,40,73036,6,1,0,0,1,0,71,168,0,0,0,0,0,0,0,0,0,0,0,0,0,0,1,2,35,1,1,2,1,0,0,99,9,1,1,1,98,1,1
40,400467,1,1,1,8,10,10,22,8,0,1,1,40,1,21,2,21002,4,1994,1G3HY52L8RH3,1,G,3,H,Y,5,2,L,8,R,H,3,0,P,OLDS,RLS,4D,94,17,3373,,0,1108,,G,,0,0,000000000,00000000000,0,0,0,1,0,0,0,0,0,0,0,998,0,0,0,98,98,2,1,8,0,0,0,1,40,73121,6,1,0,0,3,0,65,145,0,0,0,0,2,3,2009,1,2010,0,38,0,0,0,1,5,40,1,1,2,1,0,0,1,81,1,1,1,13,0,0
40,400468,1,1,1,27,8,23,45,32,0,1,0,40,1,20,444,20444,20,2005,1GNDV33L15D1,1,G,N,D,V,3,3,L,1,5,D,1,0,T,CHEV,DLT,ES,5,17,,1,0,1211,UPL,G,,0,0,000000000,00000000000,0,0,0,1,0,0,0,0,0,0,0,998,0,1,5,12,13,6,2,32,0,0,0,1,40,73559,6,1,0,0,3,3,72,180,0,0,0,0,0,0,0,0,0,0,0,0,0,0,1,2,45,1,1,2,1,0,0,1,13,1,1,4,1,1,0
40,400469,1,2,0,27,6,23,9,8,0,1,0,40,6,20,2,20002,4,1982,1G1AN69JXCX1,1,G,1,A,N,6,9,J,X,C,X,1,0,P,CHEV,CCL,4D,82,17,3491,,0,1160,,G,,0,0,000000000,00000000000,0,0,0,1,0,0,0,0,0,0,0,0,0,0,0,5,5,6,2,12,33,0,0,0,,,,,,,,,999,,,,,,,,,,,,0,0,0,0,2,3,65,1,1,1,1,28,3,0,53,0,0,0,98,0,0
40,400469,2,2,1,27,6,23,9,8,0,1,0,40,1,6,441,6441,20,2008,2A8HR54P48R7,2,A,8,H,R,5,4,P,4,8,R,7,0,P,CHRY,TWC,SV,8,17,4507,,0,1212,,G,,0,0,000000000,00000000000,0,0,0,1,0,0,0,0,0,0,0,998,0,0,0,12,12,6,2,8,0,0,0,1,40,74055,6,1,0,0,3,0,63,130,0,0,0,0,0,0,0,0,0,0,0,0,0,0,2,3,65,1,1,1,1,28,3,1,50,9,1,1,13,0,0
40,400470,1,1,1,31,8,17,11,52,0,1,0,40,1,20,36,20036,2,2000,2G1WW12E6Y91,2,G,1,W,W,1,2,E,6,Y,9,1,0,P,CHEV,MLS,CP,0,17,3340,,0,1075,,G,,0,0,000000000,00000000000,0,0,0,1,0,0,0,0,0,0,0,998,0,0,0,11,9,6,2,52,0,0,0,1,40,74601,6,1,0,0,3,0,68,130,0,0,0,0,0,0,0,0,0,9,0,0,0,0,3,2,70,1,1,2,99,0,0,1,13,1,1,4,1,1,0
40,400471,1,1,1,26,8,23,41,42,0,1,0,40,2,18,3,18003,4,1995,1G4CW52K3SH6,1,G,4,C,W,5,2,K,3,S,H,6,0,P,BUIC,PKA,4D,95,17,3532,,0,1108,,G,,0,0,000000000,00000000000,0,0,0,1,0,0,0,0,0,0,0,998,0,0,0,10,10,6,2,42,0,0,1,1,40,74801,6,1,0,0,3,0,60,130,0,0,0,0,0,0,0,0,0,1,0,0,0,0,1,2,35,1,6,4,1,0,0,1,9,6,9,4,7,1,1
40,400472,1,2,1,10,11,10,45,12,6,1,0,40,1,12,481,12481,31,2008,1FTPX12V78FA,1,F,T,P,X,1,2,V,7,8,F,A,0,T,FORD,F15,4C,8,17,,2,1630,1330,COF,F,,0,0,000000000,00000000000,0,0,0,1,0,0,0,0,0,0,0,998,0,0,0,7,7,2,3,12,0,0,0,1,40,73931,6,1,0,0,3,0,70,180,0,0,0,0,0,0,0,0,0,0,38,0,0,0,1,2,55,1,1,5,1,20,3,2,17,1,1,1,89,1,0
40,400472,2,2,1,10,11,10,45,12,6,1,0,40,3,86,881,86881,66,2005,1M1AG10Y85M0,1,M,1,A,G,1,0,Y,8,5,M,0,1,T,MACK,CV7,DS,5,17,,8,0,0,700,D,,1,99,999999999,99999999999,3,6,8,1,0,0,0,0,0,0,0,998,0,0,0,12,12,2,1,12,0,0,0,1,40,73950,6,1,6,0,3,3,75,290,0,0,0,0,0,0,0,0,0,0,0,0,0,0,1,2,55,1,3,2,1,0,0,1,66,1,1,1,88,0,0
40,400473,1,2,2,27,11,23,53,12,1,1,0,40,1,12,401,12401,14,2004,1FMZU67K54UA,1,F,M,Z,U,6,7,K,5,4,U,A,0,P,FORD,EPR,UT,4,17,4135,,0,1259,,F,,0,0,000000000,00000000000,0,0,0,1,0,0,0,0,0,0,0,998,0,1,6,6,12,6,2,35,0,0,0,1,40,73132,6,1,0,0,3,3,73,200,0,0,0,0,0,0,0,0,0,0,0,0,0,0,2,2,70,1,1,1,1,0,0,1,53,1,1,1,25,0,0
40,400473,2,2,1,27,11,23,53,12,1,1,0,40,1,76,705,76705,80,2009,JYARJ16E29A0,J,Y,A,R,J,1,6,E,2,9,A,0,0,M,YAMA,R6L,RC,9,17,,,,,,,599,0,0,000000000,00000000000,0,0,0,1,0,0,0,0,0,0,0,998,0,0,0,12,12,6,2,12,0,0,0,1,40,73120,6,1,0,0,3,0,69,150,0,0,0,2,1,6,2009,9,2010,1,0,0,0,0,2,2,70,1,1,1,1,0,0,1,51,1,1,1,24,1,1
40,400474,1,2,1,5,11,2,30,12,6,1,0,95,3,85,881,85881,66,2003,1XKADB9X53J9,1,X,K,A,D,B,9,X,5,3,J,9,1,T,KW,T60,DS,3,17,4064,8,2600,1600,CON,D,,1,57,583097,57583097,3,6,1,1,0,0,0,0,0,0,0,998,0,0,0,3,3,6,2,12,0,0,0,1,95,0,6,1,6,0,3,0,999,999,0,0,0,0,1,3,2010,3,2010,0,0,0,0,0,1,2,65,1,6,2,1,0,0,1,54,6,1,2,65,0,0
40,400474,2,2,2,5,11,2,30,12,6,1,0,35,2,6,51,6051,4,2005,2C3JA63H95H1,2,C,3,J,A,6,3,H,9,5,H,1,0,P,CHRY,30C,4D,5,17,4064,,0,1200,,G,,0,0,000000000,00000000000,0,0,0,1,0,0,0,0,0,0,0,998,0,0,0,12,1,6,2,12,0,0,0,1,48,79070,6,1,0,0,3,0,999,999,0,0,0,0,0,0,0,0,0,0,51,91,0,0,1,2,65,1,5,1,1,0,0,1,10,1,1,2,64,1,1
40,400475,1,1,1,30,11,13,40,32,0,1,0,40,2,20,471,20471,30,1994,1GCCS1444R81,1,G,C,C,S,1,4,4,4,R,8,1,0,T,CHEV,S14,PK,94,17,,1,1179,1083,S,G,,0,0,000000000,00000000000,0,0,0,1,0,0,0,0,0,0,0,998,0,0,0,12,12,6,2,32,0,0,0,1,40,74859,6,1,0,0,3,0,70,220,0,0,0,0,0,0,0,0,0,0,0,0,0,0,1,2,65,1,1,2,1,0,0,1,13,1,1,4,1,1,0
40,400476,1,1,1,12,8,16,5,38,0,1,0,40,3,12,471,12471,30,2008,1FTYR14U68PA,1,F,T,Y,R,1,4,U,6,8,P,A,0,T,FORD,RNS,PS,8,17,,1,0,1260,RNG,G,,0,0,000000000,00000000000,0,0,0,1,0,0,0,0,0,0,0,998,0,0,0,10,9,6,2,42,0,0,0,1,40,74872,6,1,0,0,3,0,62,120,0,0,0,0,0,0,0,0,0,1,58,0,0,0,1,2,45,1,4,7,1,0,0,1,13,99,4,4,2,1,1
40,400477,1,2,2,13,8,21,35,12,6,1,0,40,1,6,43,6043,4,2009,2C3KA43D29H5,2,C,3,K,A,4,3,D,2,9,H,5,0,P,CHRY,3LX,4D,9,17,3712,,0,1200,,G,,0,0,000000000,00000000000,0,0,0,1,0,0,0,0,0,0,0,998,0,0,0,11,11,6,2,12,0,0,0,1,40,74743,6,1,0,0,3,0,66,145,0,0,0,0,0,0,0,0,0,0,38,0,0,0,1,2,65,1,1,2,1,0,0,11,10,99,1,1,68,1,0
40,400477,2,2,1,13,8,21,35,12,6,1,0,40,3,7,482,7482,31,2002,3B7KC23622M2,3,B,7,K,C,2,3,6,2,2,M,2,0,T,DODG,Q25,4C,2,17,,2,1547,1387,RPC,D,,0,0,000000000,00000000000,0,0,0,1,0,0,0,0,0,0,0,998,0,0,0,12,12,6,2,12,0,0,0,1,40,74562,6,1,0,0,3,0,74,260,0,0,0,0,0,0,0,0,0,0,0,0,0,0,1,2,65,1,1,2,1,40,3,1,17,99,1,3,69,0,1
40,400478,1,3,1,18,11,18,34,11,0,1,0,40,3,85,881,85881,66,2005,1XKWDB9X15J0,1,X,K,W,D,B,9,X,1,5,J,0,1,T,KW,W90,DS,5,17,,8,2850,1600,CON,D,,1,57,1367721,571367721,3,6,1,1,0,0,0,0,0,0,0,998,0,0,0,12,12,4,1,11,0,0,0,1,40,74601,6,1,3,0,3,3,72,180,0,0,0,4,1,5,2008,8,2010,0,0,0,0,0,1,2,65,1,1,2,1,0,0,1,87,1,1,1,13,0,0
40,400478,2,3,2,18,11,18,34,11,0,1,0,40,1,20,481,20481,31,2000,1GCGK29UXYZ1,1,G,C,G,K,2,9,U,X,Y,Z,1,0,T,CHEV,SK2,PC,0,17,,2,1575,1435,SIL,G,,0,0,000000000,00000000000,0,0,0,1,0,0,0,0,0,0,0,998,0,0,0,12,11,6,2,12,0,0,0,1,40,73728,6,1,0,0,3,0,69,168,0,0,0,0,0,0,0,0,0,0,0,0,0,0,1,2,65,1,1,2,1,0,0,1,87,6,1,2,98,1,0
40,400478,3,3,1,18,11,18,34,11,0,1,0,40,3,87,881,87881,66,1999,1XP5D69X6XD4,1,X,P,5,D,6,9,X,6,X,D,4,1,T,PTRB,379,DS,99,17,,8,0,0,CON,D,,1,57,1367721,571367721,3,6,1,1,0,0,0,0,0,0,0,998,0,0,0,11,12,6,2,12,0,0,0,1,40,74631,6,1,6,0,3,0,72,160,1,0,0,1,2,7,2008,3,2009,0,0,0,0,0,1,2,65,1,1,2,1,0,0,1,62,1,1,1,98,0,0
40,400479,1,1,1,6,6,15,1,10,0,1,0,40,1,23,481,23481,31,2005,1GTEC14XX5Z1,1,G,T,E,C,1,4,X,X,5,Z,1,0,T,GMC,NC1,PK,5,17,,2,1330,1190,SIE,G,,0,0,000000000,00000000000,0,0,0,1,0,0,0,0,0,0,0,998,0,1,5,3,3,6,2,10,0,0,0,1,40,74955,6,1,0,0,3,0,64,170,0,1,0,1,0,7,2009,8,2009,0,39,0,0,0,1,2,25,1,1,2,1,65,3,1,91,1,1,1,15,1,0
40,400480,1,1,1,23,8,14,9,24,0,1,0,40,1,59,401,59401,14,1999,JT6HF10UXX00,J,T,6,H,F,1,0,U,X,X,0,0,0,P,LEXS,RX3,UT,99,17,3900,,0,1031,,G,,0,0,000000000,00000000000,0,0,0,1,0,0,0,0,0,0,0,998,0,1,6,9,9,6,2,24,0,0,0,1,40,74135,6,1,0,0,3,3,62,175,0,0,0,0,0,0,0,0,0,0,27,0,0,0,3,2,70,1,6,2,1,0,0,15,13,99,1,4,1,1,0
40,400481,1,1,1,15,8,14,55,9,0,1,0,40,2,12,481,12481,31,2006,1FTRW12W86FB,1,F,T,R,W,1,2,W,8,6,F,B,0,T,FORD,F1S,CW,6,17,,2,0,1390,COF,G,,0,0,000000000,00000000000,0,0,0,1,0,0,0,0,0,0,0,998,0,0,0,1,3,2,1,9,0,0,0,1,40,73013,6,1,0,0,3,3,75,170,0,0,0,0,0,0,0,0,0,0,86,0,0,0,1,2,55,4,1,2,1,0,0,14,13,1,1,5,13,0,0
40,400482,1,2,2,20,8,13,45,12,2,1,0,40,1,18,7,18007,4,1998,2G4WS52M0W15,2,G,4,W,S,5,2,M,0,W,1,5,0,P,BUIC,CCU,4D,98,17,3255,,0,1090,,G,,0,0,000000000,00000000000,0,0,0,1,0,0,0,0,0,0,0,998,0,0,0,12,10,6,2,12,0,0,0,1,40,74002,6,1,0,0,3,0,68,180,0,0,0,0,0,0,0,0,0,0,38,0,0,0,1,2,45,1,6,2,1,20,3,11,15,99,1,3,82,1,0
40,400482,2,2,2,20,8,13,45,12,2,1,0,40,1,37,441,37441,20,2004,5FNRL18914B0,5,F,N,R,L,1,8,9,1,4,B,0,0,P,HOND,UDY,SV,4,17,4365,,0,1181,,G,,0,0,000000000,00000000000,0,0,0,1,0,0,0,0,0,0,0,998,0,0,0,12,12,6,2,12,0,0,0,1,40,74029,6,1,0,0,3,0,64,127,0,0,0,0,0,0,0,0,0,0,0,0,0,0,1,2,45,1,6,1,1,28,3,1,67,99,1,3,83,0,0
40,400483,1,1,1,23,8,21,20,49,0,1,0,40,2,41,50,41050,4,2009,1YVHP82H895M,1,Y,V,H,P,8,2,H,8,9,5,M,0,P,MAZD,M6I,4D,9,17,3258,,0,1098,,G,,0,0,000000000,00000000000,0,0,0,1,0,0,0,0,0,0,0,998,0,0,0,12,12,6,2,49,0,0,0,1,40,73533,6,1,0,0,3,3,64,120,0,0,0,0,0,0,0,0,0,0,83,0,0,0,1,2,55,1,1,2,1,0,0,1,87,99,1,3,13,0,0
40,400484,1,2,1,11,7,12,14,12,6,1,0,40,1,49,472,49472,30,2005,5TEJU62N65Z0,5,T,E,J,U,6,2,N,6,5,Z,0,0,T,TOYT,DCP,CW,5,17,,1,0,1219,TAC,G,,0,0,000000000,00000000000,0,0,0,1,0,0,0,0,0,0,0,998,0,0,0,12,12,6,2,12,0,0,0,1,40,73141,6,1,0,0,3,0,72,180,0,0,0,0,0,0,0,0,0,0,28,0,0,0,1,2,55,1,6,2,1,0,0,1,10,99,1,1,45,1,0