STATE,ST_CASE,VEH_NO,VE_FORMS,NUMOCCS,DAY,MONTH,HOUR,MINUTE,HARM_EV,MAN_COLL,UNITTYPE,HIT_RUN,REG_STAT,OWNER,MAKE,MODEL,MAK_MOD,BODY_TYP,MOD_YEAR,VIN,VIN_1,VIN_2,VIN_3,VIN_4,VIN_5,VIN_6,VIN_7,VIN_8,VIN_9,VIN_10,VIN_11,VIN_12,TOW_VEH,VINTYPE,VINMAKE,VINA_MOD,VIN_BT,VINMODYR,VIN_LNGT,VIN_WGT,WGTCD_TR,WHLBS_LG,WHLBS_SH,SER_TR,FUELCODE,MCYCL_DS,J_KNIFE,MCARR_I1,MCARR_I2,MCARR_ID,GVWR,V_CONFIG,CARGO_BT,HAZ_INV,HAZ_PLAC,HAZ_ID,HAZ_CNO,HAZ_REL,BUS_USE,SPEC_USE,EMER_USE,TRAV_SP,UNDERIDE,ROLLOVER,ROLINLOC,IMPACT1,IMPACT2,DEFORMED,TOWED,M_HARM,VEH_SC1,VEH_SC2,FIRE_EXP,DR_PRES,L_STATE,DR_ZIP,L_STATUS,L_TYPE,CDL_STAT,L_ENDORS,L_COMPL,L_RESTRI,DR_HGT,DR_WGT,PREV_ACC,PREV_SUS,PREV_DWI,PREV_SPD,PREV_OTH,FIRST_MO,FIRST_YR,LAST_MO,LAST_YR,SPEEDREL,DR_SF1,DR_SF2,DR_SF3,DR_SF4,VTRAFWAY,VNUM_LAN,VSPD_LIM,VALIGN,VPROFILE,VPAVETYP,VSURCOND,VTRAFCON,VTCONT_F,P_CRASH1,P_CRASH2,P_CRASH3,PCRASH4,PCRASH5,ACC_TYPE,DEATHS,DR_DRINK
40,400484,2,2,1,11,7,12,14,12,6,1,0,40,3,12,884,12884,62,1994,1FDLF47F9REA,1,F,D,L,F,4,7,F,9,R,E,A,0,T,FORD,FSD,CB,94,17,,4,1850,1370,COF,D,,0,5,7DPS50735,057DPS50735,2,2,3,1,0,0,0,0,0,0,0,99,0,0,0,9,9,6,2,12,0,0,0,1,40,74857,6,1,6,3,3,0,73,220,0,1,0,0,2,7,2009,9,2009,0,0,0,0,0,1,2,55,1,5,2,1,0,0,1,60,99,1,1,44,0,0
40,400485,1,2,1,2,12,19,25,18,0,1,0,40,3,84,881,84881,66,2005,3HSCNAPR85N0,3,H,S,C,N,A,P,R,8,5,N,0,1,T,INTL,94I,DS,5,17,,8,0,0,940,D,,1,57,766583,57766583,3,6,8,1,0,0,0,0,0,0,0,998,0,0,0,12,12,6,2,12,0,0,0,1,40,73059,6,1,6,0,3,3,75,260,0,0,0,0,0,0,0,0,0,0,0,0,0,0,3,2,55,3,6,2,1,0,0,14,54,6,1,4,8,0,0
40,400485,2,2,1,2,12,19,25,18,0,1,0,40,1,41,37,41037,4,2002,1YVGF22C9253,1,Y,V,G,F,2,2,C,9,2,5,3,0,P,MAZD,U6L,4D,2,17,2864,,0,1051,,G,,0,0,000000000,00000000000,0,0,0,1,0,0,0,0,0,0,0,998,0,0,0,9,9,6,2,12,0,0,0,1,40,73572,6,1,0,0,3,0,71,155,0,0,0,0,3,8,2009,3,2010,0,50,37,0,0,3,2,55,2,5,2,1,0,0,14,54,9,3,4,98,1,1
40,400486,1,1,2,19,11,22,8,34,0,1,0,40,2,7,472,7472,30,1994,1B7GL23Y8RS5,1,B,7,G,L,2,3,Y,8,R,S,5,0,T,DODG,DAK,PC,94,17,,1,0,1309,DAK,G,,0,0,000000000,00000000000,0,0,0,1,0,0,0,0,0,0,0,998,0,0,0,12,12,6,2,42,0,0,0,1,40,74820,6,1,0,0,3,0,62,130,0,0,0,0,0,0,0,0,0,0,58,0,0,0,1,2,65,1,6,2,1,0,0,1,13,1,1,4,1,1,0
40,400487,1,1,1,28,11,1,53,1,0,1,0,40,2,7,482,7482,31,2003,1D7HA18N93S2,1,D,7,H,A,1,8,N,9,3,S,2,0,T,DODG,SQ1,CW,3,17,,2,1605,1405,RPC,G,,0,0,000000000,00000000000,0,0,0,1,0,0,0,0,0,0,0,998,0,1,1,0,10,6,2,1,0,0,0,1,40,74079,6,1,0,0,3,0,66,125,0,0,0,1,1,10,2009,11,2009,1,0,0,0,0,1,2,65,3,1,2,1,28,3,14,6,1,4,6,98,1,1
40,400488,1,1,3,23,7,15,30,8,0,1,0,40,2,12,481,12481,31,2003,1FTRW07L23KA,1,F,T,R,W,0,7,L,2,3,K,A,0,T,FORD,F1S,CW,3,17,,2,0,1385,COF,G,,0,0,000000000,00000000000,0,0,0,1,0,0,0,0,0,0,0,998,9,0,0,6,6,0,1,8,0,0,0,1,40,73942,6,1,0,0,3,0,57,116,0,0,0,0,0,0,0,0,0,0,38,0,0,0,1,2,25,1,1,4,1,0,0,13,80,1,1,1,98,0,0
40,400489,1,1,1,10,11,23,43,31,0,1,0,92,0,76,702,76702,80,2003,JYACE07Y23A0,J,Y,A,C,E,0,7,Y,2,3,A,0,0,M,YAMA,TRW,TL,3,17,,,,,,,124,0,0,000000000,00000000000,0,0,0,1,0,0,0,0,0,0,0,998,0,0,0,12,12,2,3,31,0,0,0,1,40,73098,6,1,0,0,2,0,65,143,0,0,0,0,2,2,2010,6,2010,0,24,39,0,0,1,2,45,1,1,2,1,20,3,1,14,1,1,4,14,1,0
40,400490,1,2,0,23,11,19,50,12,11,1,0,40,6,12,481,12481,31,2004,1FTNW21S14EC,1,F,T,N,W,2,1,S,1,4,E,C,1,T,FORD,F2S,CW,4,17,,2,1724,1562,SRW,G,,1,0,000000000,00000000000,0,0,0,1,0,0,0,0,0,0,0,0,0,0,0,5,5,6,2,12,0,0,0,0,,,,,,,,,999,,,,,,,,,,,,20,0,0,0,2,2,60,1,1,1,1,40,3,0,53,0,0,0,32,0,0
40,400490,2,2,2,23,11,19,50,12,11,1,0,40,2,12,17,12017,4,1999,1FAFP52U3XG1,1,F,A,F,P,5,2,U,3,X,G,1,0,P,FORD,TAX,4D,99,17,3329,,0,1085,,G,,0,0,000000000,00000000000,0,0,0,1,0,0,0,0,0,0,0,998,0,0,0,12,12,6,2,8,0,0,0,1,40,74423,6,1,0,0,3,3,63,112,0,0,0,0,0,0,0,0,0,1,0,0,0,0,2,2,60,1,1,1,1,40,3,1,50,1,1,1,32,0,0
40,400491,1,2,2,15,11,17,20,12,6,1,0,40,2,49,32,49032,4,1998,1NXBR12E0WZ0,1,N,X,B,R,1,2,E,0,W,Z,0,0,P,TOYT,UVL,4D,98,17,2414,,0,970,,G,,0,0,000000000,00000000000,0,0,0,1,0,0,0,0,0,0,0,998,0,0,0,10,10,6,2,12,0,0,0,1,40,73179,6,1,0,0,3,0,63,150,0,0,0,0,0,0,0,0,0,0,38,0,0,0,1,4,55,1,1,2,1,20,3,11,15,1,1,1,82,1,0
40,400491,2,2,1,15,11,17,20,12,6,1,0,40,3,7,482,7482,31,1999,1B7MC3365XJ5,1,B,7,M,C,3,3,6,5,X,J,5,0,T,DODG,Q35,4C,99,17,,3,0,1547,RPC,D,,0,0,000000000,00000000000,0,0,0,1,0,0,0,0,0,0,0,998,0,0,0,12,12,6,2,12,0,0,0,1,40,73064,6,1,0,0,3,3,72,170,0,0,0,0,0,0,0,0,0,0,0,0,0,0,2,2,45,1,1,2,1,0,0,1,66,3,1,1,83,0,0
40,400492,1,1,1,6,12,17,35,1,0,1,0,40,1,20,481,20481,31,2005,1GCEC14X35Z3,1,G,C,E,C,1,4,X,3,5,Z,3,0,T,CHEV,SC1,PK,5,17,,2,1330,1190,SIL,G,,0,0,000000000,00000000000,0,0,0,1,0,0,0,0,0,0,0,998,0,1,5,0,13,6,2,1,0,0,0,1,40,74859,6,1,0,0,3,0,71,230,0,0,0,0,0,0,0,0,0,0,58,0,0,0,2,2,70,1,1,1,1,0,0,1,12,8,4,4,7,1,0
40,400493,1,2,1,12,11,16,45,12,2,1,0,20,2,12,4,12004,2,1996,1FALP62W6TH1,1,F,A,L,P,6,2,W,6,T,H,1,0,P,FORD,THL,2D,96,17,3561,,0,1130,,G,,0,0,000000000,00000000000,0,0,0,1,0,0,0,0,0,0,0,998,0,0,0,12,12,6,2,12,0,0,0,1,20,67901,6,1,0,0,3,0,62,120,0,0,0,0,0,0,0,0,0,0,0,0,0,0,1,2,65,1,1,2,1,0,0,1,54,1,1,6,52,0,0
40,400493,2,2,5,12,11,16,45,12,2,1,0,20,1,20,444,20444,20,2005,1GNDV33L35D1,1,G,N,D,V,3,3,L,3,5,D,1,0,T,CHEV,DLT,ES,5,17,,1,0,1211,UPL,G,,0,0,000000000,00000000000,0,0,0,1,0,0,0,0,0,0,0,998,0,1,5,12,12,6,2,12,0,0,0,1,20,67901,6,1,0,0,3,0,67,170,0,0,0,1,0,12,2009,12,2009,0,0,0,0,0,1,2,65,1,1,2,1,0,0,1,54,1,1,1,52,3,0
40,400494,1,1,1,19,11,19,42,8,0,1,0,40,2,12,481,12481,31,1998,1FTRX07L4WKA,1,F,T,R,X,0,7,L,4,W,K,A,0,T,FORD,F15,3C,98,17,,2,0,1390,COF,G,,0,0,000000000,00000000000,0,0,0,1,0,0,0,0,0,0,0,35,0,0,0,12,12,2,1,8,0,0,0,1,40,73018,6,1,0,0,3,0,64,130,0,0,0,0,0,0,0,0,0,0,0,0,0,0,1,4,35,1,3,1,1,0,0,1,80,8,1,1,13,0,0
40,400495,1,1,1,6,12,20,28,30,0,1,0,40,1,20,34,20034,3,1997,2C1MR229XV67,2,C,1,M,R,2,2,9,X,V,6,7,0,P,GEO,LSI,2H,97,17,1821,,0,931,,G,,0,0,000000000,00000000000,0,0,0,1,0,0,0,0,0,0,0,998,0,0,0,1,1,6,2,30,0,0,1,1,40,74129,6,1,0,0,3,0,68,120,0,0,0,0,1,6,2008,6,2008,0,0,0,0,0,3,3,65,1,1,1,1,0,0,1,13,1,1,4,1,1,0
40,400496,1,2,1,1,12,21,57,24,0,1,0,40,2,20,481,20481,31,2001,2GCEC19T5112,2,G,C,E,C,1,9,T,5,1,1,2,0,T,CHEV,SC1,4C,1,17,,2,1575,1435,SIL,G,,0,0,000000000,00000000000,0,0,0,1,0,0,0,0,0,0,0,998,0,0,0,2,12,6,2,12,0,0,0,1,40,74133,6,1,0,0,3,3,74,240,0,0,0,0,0,0,0,0,0,0,0,0,0,0,1,2,40,3,6,2,1,0,0,99,13,1,1,4,1,1,1
40,400496,2,2,1,1,12,21,57,24,0,1,0,40,1,49,43,49043,4,1998,4T1BF18B5WU2,4,T,1,B,F,1,8,B,5,W,U,2,0,P,TOYT,UVS,4D,98,17,3340,,0,1071,,G,,0,0,000000000,00000000000,0,0,0,1,0,0,0,0,0,0,0,998,1,0,0,11,11,6,2,12,0,0,0,1,40,74136,6,1,0,0,3,0,68,190,0,0,0,0,0,0,0,0,0,0,0,0,0,0,1,2,40,2,5,2,1,0,0,14,62,1,1,1,98,0,1
40,400497,1,1,4,5,12,13,7,1,0,1,0,31,1,12,401,12401,14,2002,1FMZU73E82ZB,1,F,M,Z,U,7,3,E,8,2,Z,B,0,P,FORD,EPR,UT,2,17,4378,,0,1137,,G,,0,0,000000000,00000000000,0,0,0,1,0,0,0,0,0,0,0,998,0,2,3,0,10,6,2,1,0,0,0,1,31,68022,6,1,0,0,3,0,67,135,0,0,0,0,0,0,0,0,0,0,27,58,0,0,2,4,70,1,1,2,1,0,0,1,8,8,4,4,7,1,0
40,400498,1,1,1,8,12,5,13,59,0,1,0,40,2,35,401,35401,14,1994,JN8HD17SXRW2,J,N,8,H,D,1,7,S,X,R,W,2,0,P,NISS,PFI,UT,94,17,3497,,0,1043,,G,,0,0,000000000,00000000000,0,0,0,1,0,0,0,0,0,0,0,998,0,1,5,12,13,6,2,1,0,0,0,1,40,74824,6,1,0,0,3,0,67,175,1,0,0,1,2,12,2009,3,2010,0,39,0,0,0,1,2,65,1,6,2,1,20,3,1,14,1,1,4,14,1,0
40,400499,1,2,3,7,11,15,58,12,1,1,0,40,1,12,481,12481,31,2010,1FTFW1EV3AFA,1,F,T,F,W,1,E,V,3,A,F,A,0,T,FORD,F1S,CW,10,17,,2,1570,1450,COF,F,,0,0,000000000,00000000000,0,0,0,1,0,0,0,0,0,0,0,998,0,0,0,12,12,6,2,12,0,0,0,1,40,74104,6,1,0,0,3,0,60,175,0,0,0,0,0,0,0,0,0,0,36,0,0,0,3,3,65,1,1,1,1,0,0,1,50,1,1,1,20,1,0
40,400499,2,2,2,7,11,15,58,12,1,1,0,6,3,82,881,82881,66,2002,1FUJBBCG92LG,1,F,U,J,B,B,C,G,9,2,L,G,1,T,FRHT,ST2,DS,2,17,,8,0,0,CON,D,,1,57,1421040,571421040,3,6,1,1,0,0,0,0,0,0,0,0,0,0,0,6,6,4,1,12,0,0,0,1,6,92701,9,9,99,9,9,9,999,999,99,99,99,99,99,99,9999,99,9999,0,0,0,0,0,3,3,65,1,1,1,1,0,0,5,53,1,1,1,21,0,0
40,400500,1,1,1,10,12,0,20,32,0,1,0,40,3,86,881,86881,66,2003,1M1AA18Y53W1,1,M,1,A,A,1,8,Y,5,3,W,1,1,T,MACK,CH6,DS,3,17,,8,0,0,600,D,,1,57,722617,57722617,3,6,2,1,0,0,0,0,0,0,0,998,0,1,5,12,13,6,2,32,0,0,0,1,40,73644,6,1,6,1,3,3,68,150,0,0,0,0,3,8,2010,11,2010,0,0,0,0,0,1,2,65,1,1,2,1,0,0,1,13,1,1,4,1,1,1
40,400501,1,1,1,4,12,9,28,59,0,1,0,40,3,49,401,49401,14,2002,JT3HN86R3290,J,T,3,H,N,8,6,R,3,2,9,0,0,P,TOYT,RUN,UT,2,17,4070,,0,1053,,G,,0,0,000000000,00000000000,0,0,0,1,0,0,0,0,0,0,0,998,0,1,6,12,10,6,2,42,0,0,0,1,40,74006,6,1,0,0,3,3,64,138,0,0,0,0,0,0,0,0,0,0,0,0,0,0,2,4,70,1,1,2,1,0,0,1,13,1,1,4,1,1,0
40,400502,1,2,2,19,8,18,54,12,6,1,0,40,2,12,17,12017,4,1990,1FACP5740LG2,1,F,A,C,P,5,7,4,0,L,G,2,0,P,FORD,TAG,SW,90,17,3258,,0,1060,,G,,0,0,000000000,00000000000,0,0,0,1,0,0,0,0,0,0,0,998,0,0,0,9,9,6,2,12,0,0,0,1,40,73463,6,1,0,0,3,3,71,180,0,0,0,0,1,7,2010,7,2010,0,39,0,0,0,1,2,30,1,1,2,1,20,3,1,17,1,1,1,89,1,0
40,400502,2,2,1,19,8,18,54,12,6,1,0,40,2,12,481,12481,31,1997,1FTDX1761VKA,1,F,T,D,X,1,7,6,1,V,K,A,0,T,FORD,F15,3C,97,17,,1,1570,1390,COF,G,,0,0,000000000,00000000000,0,0,0,1,0,0,0,0,0,0,0,998,0,0,0,12,12,6,2,12,0,0,0,1,40,73018,6,1,0,0,3,0,70,158,0,0,0,2,4,8,2007,7,2009,0,0,0,0,0,1,2,30,1,1,2,1,0,0,1,66,1,1,1,88,0,0
40,400503,1,2,1,7,11,3,2,12,6,1,0,40,1,20,22,20022,2,2006,1G1AM15B6676,1,G,1,A,M,1,5,B,6,6,7,6,0,P,CHEV,BSS,CP,6,17,2815,,0,1033,,G,,0,0,000000000,00000000000,0,0,0,1,0,0,0,0,0,0,0,0,0,0,0,3,3,6,2,12,0,0,0,1,40,74340,6,1,0,0,3,3,62,130,0,0,0,2,1,7,2009,2,2010,0,54,0,0,0,3,2,75,1,1,2,1,0,0,7,53,1,1,1,48,1,1
40,400503,2,2,2,7,11,3,2,12,6,1,0,40,3,82,881,82881,66,2010,1FUJA6DR3ADA,1,F,U,J,A,6,D,R,3,A,D,A,1,T,FRHT,COL,DS,10,17,,8,0,0,CON,D,,1,57,0053773,570053773,3,6,1,2,2,2556,4,1,0,0,0,998,0,0,0,12,12,6,2,12,0,0,0,1,5,72740,6,1,6,1,3,3,71,240,0,0,0,0,1,2,2010,2,2010,0,0,0,0,0,3,2,75,1,1,2,1,0,0,1,50,1,1,1,48,0,0
40,400504,1,1,1,1,12,19,30,35,0,1,0,40,2,19,14,19014,4,2000,1G6KS54Y1YU1,1,G,6,K,S,5,4,Y,1,Y,U,1,0,P,CADI,SLS,4D,0,17,3970,,0,1122,,G,,0,0,000000000,00000000000,0,0,0,1,0,0,0,0,0,0,0,998,0,1,6,1,13,6,2,35,0,0,0,1,48,75701,6,1,0,0,3,0,999,999,0,0,0,0,0,0,0,0,0,0,0,0,0,0,1,2,65,3,4,2,1,28,3,14,13,1,4,4,2,1,1
40,400505,1,1,1,27,6,2,10,58,0,1,0,40,1,72,709,72709,80,2006,1HD1BVB156Y0,1,H,D,1,B,V,B,1,5,6,Y,0,0,M,HD,FTI,RS,6,17,,,,,,,1450,0,0,000000000,00000000000,0,0,0,1,0,0,0,0,0,0,0,998,0,0,0,3,3,6,2,58,0,0,0,1,40,73028,6,1,0,0,3,3,76,230,0,0,0,0,0,0,0,0,0,0,0,0,0,0,3,2,70,1,1,1,1,0,0,1,12,99,1,4,6,1,0
40,400506,1,1,4,7,8,22,30,8,0,1,0,40,2,14,6,14006,4,1997,2MELM75W6VX6,2,M,E,L,M,7,5,W,6,V,X,6,0,P,MERC,MGL,4D,97,17,3796,,0,1144,,G,,0,0,000000000,00000000000,0,0,0,1,0,0,0,0,0,0,0,998,0,0,0,12,12,2,1,8,0,0,0,1,40,73110,6,1,0,0,3,0,65,125,0,0,0,3,2,1,2008,4,2009,0,0,0,0,0,1,4,40,1,3,1,1,1,3,4,80,99,1,1,13,0,1
40,400507,1,3,1,18,1,18,30,12,6,1,0,40,1,19,3,19003,4,2005,1G6KD54Y05U2,1,G,6,K,D,5,4,Y,0,5,U,2,0,P,CADI,DFW,4D,5,17,3978,,0,1153,,G,,0,0,000000000,00000000000,0,0,0,1,0,0,0,0,0,0,0,998,0,0,0,12,12,6,2,12,0,0,0,1,40,74106,6,1,0,0,3,0,62,160,0,0,0,0,0,0,0,0,0,0,39,0,0,0,1,2,30,1,1,2,1,20,3,1,17,99,1,2,86,0,1
40,400507,2,3,1,18,1,18,30,12,6,1,0,40,1,63,401,63401,14,1998,KNDJA723XW55,K,N,D,J,A,7,2,3,X,W,5,5,0,P,KIA,SPO,UT,98,17,3352,,0,1043,,G,,0,0,000000000,00000000000,0,0,0,1,0,0,0,0,0,0,0,998,0,1,1,3,13,6,2,12,0,0,0,1,40,74126,6,1,0,0,3,0,67,105,0,0,0,0,0,0,0,0,0,0,0,0,0,0,1,2,40,1,1,2,1,0,0,1,66,99,1,2,87,0,0
40,400507,3,3,1,18,1,18,30,12,6,1,0,40,1,20,421,20421,15,1997,1GNDT13W5VK2,1,G,N,D,T,1,3,W,5,V,K,2,0,P,CHEV,BZR,UT,97,17,4046,,0,1070,,G,,0,0,000000000,00000000000,0,0,0,1,0,0,0,0,0,0,0,998,0,1,1,11,1,6,2,12,0,0,0,1,40,74126,6,1,0,0,3,0,63,270,0,0,0,0,0,0,0,0,0,1,0,0,0,0,3,2,40,1,1,1,1,1,3,1,17,99,1,2,98,1,0
40,400508,1,2,1,15,9,10,6,12,6,1,0,40,1,76,703,76703,80,2007,JYAVG04EX7A0,J,Y,A,V,G,0,4,E,X,7,A,0,0,M,YAMA,XV2,RS,7,17,,,,,,,249,0,0,000000000,00000000000,0,0,0,1,0,0,0,0,0,0,0,998,0,0,0,9,9,6,2,12,0,0,0,1,40,74075,6,1,0,0,3,0,71,175,0,0,0,0,0,0,0,0,0,0,39,0,0,0,1,2,40,1,5,2,1,20,3,11,15,1,1,1,82,1,0
40,400508,2,2,2,15,9,10,6,12,6,1,0,40,1,7,442,7442,20,2007,2D4GP44L07R2,2,D,4,G,P,4,4,L,0,7,R,2,0,P,DODG,CAR,SV,7,17,4252,,0,1193,,G,,0,0,000000000,00000000000,0,0,0,1,0,0,0,0,0,0,0,998,0,0,0,12,12,6,2,12,0,0,0,1,40,74032,6,1,0,0,3,3,69,200,0,0,0,0,0,0,0,0,0,0,0,0,0,0,1,2,40,1,6,2,1,0,0,1,67,1,1,1,83,0,0
40,400509,1,1,1,19,9,23,39,1,0,1,0,40,1,34,34,34034,2,2000,WBABM3347YJN,W,B,A,B,M,3,3,4,7,Y,J,N,0,P,BMW,3CI,CP,0,17,3153,,0,1073,,G,,0,0,000000000,00000000000,0,0,0,1,0,0,0,0,0,0,0,998,0,1,6,0,1,6,2,1,0,0,0,1,40,73159,6,1,0,0,3,0,70,175,0,0,0,0,0,0,0,0,0,0,0,0,0,0,1,2,50,3,1,2,1,0,0,14,13,1,4,4,2,1,1
40,400510,1,2,1,3,10,2,7,12,6,1,0,5,2,37,705,37705,80,2007,JH2PC210X7M8,J,H,2,P,C,2,1,0,X,7,M,8,0,M,HOND,VT6,RS,7,17,,,,,,,583,0,0,000000000,00000000000,0,0,0,1,0,0,0,0,0,0,0,75,0,0,0,12,12,6,2,12,0,0,0,1,5,73029,1,1,0,0,2,2,70,160,0,0,0,0,1,1,2009,1,2009,1,39,37,74,89,1,4,35,1,1,1,1,98,3,1,17,1,1,1,88,1,1
40,400510,2,2,2,3,10,2,7,12,6,1,0,40,2,20,16,20016,4,2000,1G1JC5240Y73,1,G,1,J,C,5,2,4,0,Y,7,3,0,P,CHEV,CAV,4D,0,17,2676,,0,1041,,G,,0,0,000000000,00000000000,0,0,0,1,0,0,0,0,0,0,0,998,0,0,0,8,8,6,2,12,0,0,0,1,40,74030,6,2,0,0,3,3,66,150,0,0,0,0,0,0,0,0,0,0,0,0,0,0,1,4,30,1,1,1,1,98,3,1,66,1,1,1,89,0,0
40,400511,1,1,2,8,10,7,9,15,0,1,0,40,2,12,401,12401,14,2001,1FMRU17L41LB,1,F,M,R,U,1,7,L,4,1,L,B,0,P,FORD,EPT,UT,1,17,4886,,0,1191,,G,,0,0,000000000,00000000000,0,0,0,1,0,0,0,0,0,0,0,998,0,0,0,12,12,6,2,15,0,0,0,1,40,73084,6,1,0,0,3,3,65,230,0,0,0,0,0,0,0,0,0,0,0,0,0,0,1,4,35,1,1,2,1,0,0,1,83,6,1,1,13,0,0
40,400512,1,1,1,9,10,23,19,8,0,1,0,40,1,22,18,22018,4,2002,1G2NF52E02M5,1,G,2,N,F,5,2,E,0,2,M,5,0,P,PONT,SE1,4D,2,17,3116,,0,1070,,G,,0,0,000000000,00000000000,0,0,0,1,0,0,0,0,0,0,0,998,0,0,0,12,12,4,1,8,0,0,0,1,40,73107,6,1,0,0,3,3,60,130,0,0,0,0,2,3,2009,9,2010,0,0,0,0,0,1,4,40,1,1,2,1,0,0,1,80,1,1,1,13,0,0
40,400513,1,2,1,14,10,20,11,8,0,1,0,40,1,21,17,21017,4,1994,1G3AG55M8R63,1,G,3,A,G,5,5,M,8,R,6,3,0,P,OLDS,CIS,4D,94,17,2818,,0,1049,,G,,0,0,000000000,00000000000,0,0,0,1,0,0,0,0,0,0,0,998,0,0,0,12,12,2,1,8,0,0,0,1,40,73108,6,1,0,0,3,0,66,135,0,0,0,0,0,0,0,0,0,0,0,0,0,0,1,4,40,1,1,2,1,0,0,1,80,1,1,1,13,0,0
40,400513,2,2,2,14,10,20,11,8,0,1,0,40,1,7,20,7020,4,2003,1B3ES26C53D2,1,B,3,E,S,2,6,C,5,3,D,2,0,P,DODG,SEN,4D,3,17,2587,,0,1040,,G,,0,0,000000000,00000000000,0,0,0,1,0,0,0,0,0,0,0,998,0,0,0,11,11,2,1,8,0,0,0,1,40,73109,6,1,0,0,3,0,63,123,0,0,0,0,2,6,2008,6,2008,0,0,0,0,0,1,4,40,1,1,2,1,0,0,1,80,1,1,1,98,0,0
40,400514,1,1,1,29,7,0,1,35,0,1,0,40,1,12,3,12003,2,1997,1FALP47V4VF1,1,F,A,L,P,4,7,V,4,V,F,1,0,P,FORD,MCB,CP,97,17,3404,,0,1013,,G,,0,0,000000000,00000000000,0,0,0,1,0,0,0,0,0,0,0,998,0,0,0,12,12,6,2,19,0,0,0,1,40,74063,6,1,2,0,3,0,71,185,0,0,2,3,1,9,2007,5,2010,1,0,0,0,0,1,2,99,1,1,2,1,0,0,1,13,99,1,4,1,1,1
40,400515,1,1,1,24,8,12,5,35,0,1,0,40,2,20,37,20037,4,2007,1G1ZS58F27F1,1,G,1,Z,S,5,8,F,2,7,F,1,0,P,CHEV,M/L,4D,7,17,3122,,0,1063,,G,,0,0,000000000,00000000000,0,0,0,1,0,0,0,0,0,0,0,998,0,0,0,12,12,6,2,34,0,0,0,1,40,74127,6,1,0,0,3,3,68,171,1,0,0,1,1,9,2007,9,2007,0,0,0,0,0,1,2,55,1,1,1,1,0,0,1,13,99,1,4,1,1,0
40,400516,1,1,5,17,8,5,24,33,0,1,0,40,2,12,401,12401,14,1997,1FMDU32E9VZA,1,F,M,D,U,3,2,E,9,V,Z,A,0,P,FORD,EPR,UT,97,17,3939,,0,1115,,G,,0,0,000000000,00000000000,0,0,0,1,0,0,0,0,0,0,0,998,0,1,6,7,13,6,2,1,0,0,0,1,40,73159,6,1,0,0,3,0,66,153,0,0,0,0,0,0,0,0,0,1,0,0,0,0,1,2,30,3,1,2,1,0,0,14,13,4,1,4,1,1,1
40,400517,1,2,1,16,10,23,0,12,2,1,0,40,1,22,16,22016,4,2000,1G2JB5245Y73,1,G,2,J,B,5,2,4,5,Y,7,3,0,P,PONT,SFS,4D,0,17,2644,2,0,1041,SIL,G,,0,0,000000000,00000000000,0,0,0,1,0,0,0,0,0,0,0,998,0,0,0,12,12,6,2,12,0,0,1,1,40,73084,6,1,0,0,3,3,63,150,0,0,0,1,0,2,2009,2,2009,0,28,0,0,0,1,4,45,1,1,1,1,0,0,1,10,1,1,2,50,1,1
40,400517,2,2,2,16,10,23,0,12,2,1,0,40,1,20,481,20481,31,2005,1GCEC19X85Z2,1,G,C,E,C,1,9,X,8,5,Z,2,0,T,CHEV,SC1,4C,5,17,,2,1575,1435,SIL,G,,0,0,000000000,00000000000,0,0,0,1,0,0,0,0,0,0,0,998,0,0,0,12,12,6,2,12,0,0,0,1,40,73130,6,1,0,0,3,0,65,180,0,0,0,0,1,2,2010,2,2010,0,0,0,0,0,1,4,45,1,1,1,1,0,0,1,62,6,1,2,51,0,0
40,400518,1,1,1,24,10,1,58,1,0,1,0,40,1,20,421,20421,15,2003,1GNEC13Z43J3,1,G,N,E,C,1,3,Z,4,3,J,3,0,P,CHEV,CTA,UT,3,17,4828,,0,1160,,F,,0,0,000000000,00000000000,0,0,0,1,0,0,0,0,0,0,0,998,0,1,5,0,13,6,2,1,0,0,0,1,40,73112,6,1,0,0,3,0,72,199,0,0,0,0,0,0,0,0,0,1,0,0,0,0,6,1,60,2,6,1,1,0,0,14,12,1,1,4,6,1,1
40,400519,1,2,1,5,11,22,17,12,2,1,0,40,1,20,481,20481,31,1995,2GCEK19K3S12,2,G,C,E,K,1,9,K,3,S,1,2,0,T,CHEV,GK1,PC,95,17,,2,1555,1415,GM4,G,,0,0,000000000,00000000000,0,0,0,1,0,0,0,0,0,0,0,998,0,0,0,12,12,6,2,12,0,0,0,1,40,74134,6,1,0,0,3,0,65,165,0,0,0,0,1,8,2008,8,2008,0,51,0,0,0,2,2,65,1,1,2,1,0,0,1,54,1,1,1,52,0,1
40,400519,2,2,1,5,11,22,17,12,2,1,0,40,2,35,47,35047,4,1998,1N4DL01D0WC2,1,N,4,D,L,0,1,D,0,W,C,2,0,P,NISS,AGS,4D,98,17,2766,,0,1031,,G,,0,0,000000000,00000000000,0,0,0,1,0,0,0,0,0,0,0,998,0,0,0,12,12,6,2,12,0,0,0,1,40,74019,6,2,0,0,3,3,71,195,0,0,0,0,0,0,0,0,0,0,0,0,0,0,2,2,65,1,1,2,1,0,0,1,54,1,1,1,52,1,0