STATE,ST_CASE,VEH_NO,VE_FORMS,NUMOCCS,DAY,MONTH,HOUR,MINUTE,HARM_EV,MAN_COLL,UNITTYPE,HIT_RUN,REG_STAT,OWNER,MAKE,MODEL,MAK_MOD,BODY_TYP,MOD_YEAR,VIN,VIN_1,VIN_2,VIN_3,VIN_4,VIN_5,VIN_6,VIN_7,VIN_8,VIN_9,VIN_10,VIN_11,VIN_12,TOW_VEH,VINTYPE,VINMAKE,VINA_MOD,VIN_BT,VINMODYR,VIN_LNGT,VIN_WGT,WGTCD_TR,WHLBS_LG,WHLBS_SH,SER_TR,FUELCODE,MCYCL_DS,J_KNIFE,MCARR_I1,MCARR_I2,MCARR_ID,GVWR,V_CONFIG,CARGO_BT,HAZ_INV,HAZ_PLAC,HAZ_ID,HAZ_CNO,HAZ_REL,BUS_USE,SPEC_USE,EMER_USE,TRAV_SP,UNDERIDE,ROLLOVER,ROLINLOC,IMPACT1,IMPACT2,DEFORMED,TOWED,M_HARM,VEH_SC1,VEH_SC2,FIRE_EXP,DR_PRES,L_STATE,DR_ZIP,L_STATUS,L_TYPE,CDL_STAT,L_ENDORS,L_COMPL,L_RESTRI,DR_HGT,DR_WGT,PREV_ACC,PREV_SUS,PREV_DWI,PREV_SPD,PREV_OTH,FIRST_MO,FIRST_YR,LAST_MO,LAST_YR,SPEEDREL,DR_SF1,DR_SF2,DR_SF3,DR_SF4,VTRAFWAY,VNUM_LAN,VSPD_LIM,VALIGN,VPROFILE,VPAVETYP,VSURCOND,VTRAFCON,VTCONT_F,P_CRASH1,P_CRASH2,P_CRASH3,PCRASH4,PCRASH5,ACC_TYPE,DEATHS,DR_DRINK
40,400520,1,1,1,8,12,0,35,1,0,1,0,40,1,20,482,20482,31,2003,3GNEK13T73G1,3,G,N,E,K,1,3,T,7,3,G,1,0,T,CHEV,KAV,CW,3,17,,2,0,1300,AVL,G,,0,0,000000000,00000000000,0,0,0,1,0,0,0,0,0,0,0,998,0,2,5,0,13,6,2,1,0,0,0,1,40,74437,6,1,0,0,3,0,70,150,0,2,2,0,0,7,2009,9,2009,0,0,0,0,0,1,2,45,1,1,4,2,0,0,1,8,3,3,4,2,1,1
40,400521,1,1,1,9,12,6,10,42,0,1,0,40,2,12,471,12471,30,1997,1FTCR11U4VTA,1,F,T,C,R,1,1,U,4,V,T,A,0,T,FORD,RNG,PK,97,17,,1,1140,1080,RNG,G,,0,0,000000000,00000000000,0,0,0,1,0,0,0,0,0,0,0,999,0,0,0,1,2,6,2,2,0,0,1,1,40,74745,6,1,6,0,3,3,66,227,0,0,0,0,3,6,2008,11,2009,0,0,0,0,0,1,2,45,1,6,2,1,0,0,1,13,1,1,4,1,1,0
40,400522,1,1,4,14,12,20,11,8,0,1,0,92,0,20,481,20481,31,2010,1GC4KXB66AF1,1,G,C,4,K,X,B,6,6,A,F,1,1,T,CHEV,2K2,CW,10,17,,2,1670,1530,SIL,D,,1,0,000000000,00000000000,0,0,0,1,0,0,0,0,0,0,0,998,0,0,0,12,12,6,2,8,0,0,0,1,5,72104,6,1,0,0,3,0,72,160,0,0,0,3,1,2,2009,7,2010,0,0,0,0,0,3,2,70,1,1,1,1,0,0,1,80,1,1,1,13,0,0
40,400523,1,1,1,15,12,0,39,1,0,1,0,40,2,12,401,12401,14,1996,1FMDU32X1TZA,1,F,M,D,U,3,2,X,1,T,Z,A,0,P,FORD,EPR,UT,96,17,3952,,0,1115,,G,,0,0,000000000,00000000000,0,0,0,1,0,0,0,0,0,0,0,998,0,1,5,0,13,6,2,1,0,0,0,1,40,74728,6,2,0,0,3,2,65,135,0,0,0,0,0,0,0,0,0,0,73,0,0,0,2,2,65,1,5,2,1,0,0,1,13,1,3,4,2,1,1
40,400524,1,1,2,17,12,7,37,1,0,1,0,40,3,84,881,84881,63,2008,1HTXHAPT38J5,1,H,T,X,H,A,P,T,3,8,J,5,1,T,INTL,56I,TM,8,17,,8,0,0,560,D,,1,57,238203,57238203,3,2,97,1,0,0,0,0,0,0,0,998,0,2,5,0,13,6,2,1,0,0,0,1,40,73801,6,1,6,0,3,0,67,165,0,0,0,0,9,3,2008,12,2008,1,0,0,0,0,1,2,65,1,6,2,4,28,3,1,6,1,4,4,7,1,0
40,400525,1,2,2,13,9,19,19,12,6,1,0,40,1,73,705,73705,80,2007,JKAEXVD177A1,J,K,A,E,X,V,D,1,7,7,A,1,0,M,KAWK,E5D,RS,7,17,,,,,,,498,0,0,000000000,00000000000,0,0,0,1,0,0,0,0,0,0,0,50,0,0,0,12,12,4,1,12,0,0,0,1,40,74801,6,1,0,0,3,2,72,160,0,0,0,0,1,1,2008,1,2008,1,39,74,0,0,1,2,30,1,1,2,1,20,3,1,17,3,1,1,88,1,0
40,400525,2,2,2,13,9,19,19,12,6,1,0,40,1,18,7,18007,4,1994,1G4AG55M0R64,1,G,4,A,G,5,5,M,0,R,6,4,0,P,BUIC,CSP,4D,94,17,2974,,0,1049,,G,,0,0,000000000,00000000000,0,0,0,1,0,0,0,0,0,0,0,998,0,0,0,9,9,4,1,12,0,0,0,1,40,74801,6,1,0,0,3,0,64,180,0,0,0,0,0,0,0,0,0,0,0,0,0,0,1,2,30,1,1,2,1,0,0,1,66,1,1,1,89,0,0
40,400526,1,1,2,27,11,16,24,1,0,1,0,40,1,12,471,12471,30,1997,1FTCR14X7VPA,1,F,T,C,R,1,4,X,7,V,P,A,0,T,FORD,RNS,PS,97,17,,1,0,1250,RNG,G,,0,0,000000000,00000000000,0,0,0,1,0,0,0,0,0,0,0,998,0,2,5,0,13,6,2,1,0,0,0,1,40,73542,6,1,0,0,3,3,69,160,0,0,0,0,1,12,2008,12,2008,1,58,0,0,0,1,2,55,1,1,4,1,0,0,1,6,1,4,4,7,1,1
40,400527,1,1,3,2,12,19,25,1,0,1,0,40,1,14,443,14443,20,1996,4M2DV11W0TDJ,4,M,2,D,V,1,1,W,0,T,D,J,0,P,MERC,VLR,SV,96,17,0,,0,1122,,G,,0,0,000000000,00000000000,0,0,0,1,0,0,0,0,0,0,0,998,0,2,5,0,13,6,2,1,0,0,0,1,40,74848,0,0,0,0,0,0,62,130,0,1,0,0,1,12,2008,1,2009,1,0,0,0,0,1,2,65,1,1,2,1,0,0,1,13,1,1,4,1,1,1
40,400528,1,1,1,18,12,23,16,24,0,1,0,40,1,23,481,23481,31,1979,TW80H9K50048,T,W,8,0,H,9,K,5,0,0,4,8,0,P,,,,,,,,,,,,,0,0,000000000,00000000000,0,0,0,1,0,0,0,0,0,0,0,998,0,1,6,1,13,6,2,1,0,0,0,1,6,74434,6,1,0,0,3,3,69,280,0,0,0,0,1,4,2009,4,2009,0,58,0,0,0,1,2,65,3,5,2,1,28,3,14,13,1,1,4,1,1,1
40,400529,1,3,2,25,7,1,47,12,7,1,0,40,2,49,44,49044,1,2004,4T1CA38P94U0,4,T,1,C,A,3,8,P,9,4,U,0,0,P,TOYT,CEE,CP,4,17,3175,,0,1051,,G,,0,0,000000000,00000000000,0,0,0,1,0,0,0,0,0,0,0,998,0,0,0,11,3,6,2,12,0,0,0,1,40,74132,6,1,0,0,3,3,69,170,0,0,0,0,0,0,0,0,0,1,28,0,0,0,1,4,40,1,6,1,1,0,0,6,51,4,1,9,44,2,1
40,400529,2,3,1,25,7,1,47,12,7,1,0,40,1,55,33,55033,4,2007,5NPEU46F47H2,5,N,P,E,U,4,6,F,4,7,H,2,0,P,HYUN,SLI,4D,7,17,3458,,0,1074,,G,,0,0,000000000,00000000000,0,0,0,1,0,0,0,0,0,0,0,998,0,0,0,4,4,6,2,12,0,0,0,1,40,74133,6,1,0,0,3,3,62,110,0,0,0,0,0,0,0,0,0,0,0,0,0,0,1,4,40,1,6,1,1,0,0,1,53,99,1,3,45,0,0
40,400529,3,3,2,25,7,1,47,12,7,1,0,40,2,23,481,23481,31,2006,1GTEK19T46Z2,1,G,T,E,K,1,9,T,4,6,Z,2,0,T,GMC,NK1,4C,6,17,,2,1575,1340,SIE,G,,0,0,000000000,00000000000,0,0,0,1,0,0,0,0,0,0,0,998,0,0,0,12,12,6,2,12,0,0,0,1,40,74066,6,1,0,0,3,0,75,280,0,0,0,0,0,0,0,0,0,0,0,0,0,0,1,4,40,1,1,2,1,0,0,1,62,99,1,3,98,0,0
40,400530,1,2,4,8,8,2,17,12,2,1,0,40,2,19,3,19003,4,1998,1G6KD54Y5WU8,1,G,6,K,D,5,4,Y,5,W,U,8,0,P,CADI,DFW,4D,98,17,4012,,0,1138,,G,,0,0,000000000,00000000000,0,0,0,1,0,0,0,0,0,0,0,998,0,1,6,12,12,6,2,12,0,0,0,1,40,74134,1,1,1,0,2,0,70,135,0,0,0,0,0,0,0,0,0,0,28,0,0,0,2,2,45,1,1,2,1,28,3,6,10,99,1,3,50,1,1
40,400530,2,2,2,8,8,2,17,12,2,1,0,40,2,37,31,37031,2,1993,JHMEH6263PS0,J,H,M,E,H,6,2,6,3,P,S,0,0,P,HOND,DSI,CP,93,17,2396,,0,933,,G,,0,0,000000000,00000000000,0,0,0,1,0,0,0,0,0,0,0,998,0,0,0,12,12,6,2,12,0,0,0,1,40,74145,6,1,0,0,3,0,69,140,0,0,0,0,0,0,0,0,0,0,0,0,0,0,1,2,45,1,1,2,1,28,3,1,63,7,1,3,51,0,0
40,400531,1,1,1,12,7,21,9,20,0,1,0,40,2,20,471,20471,30,2000,1GCCS1959Y82,1,G,C,C,S,1,9,5,9,Y,8,2,0,T,CHEV,S14,PC,0,17,,1,0,1229,S,F,,0,0,000000000,00000000000,0,0,0,1,0,0,0,0,0,0,0,998,0,0,0,10,10,6,2,20,0,0,0,1,40,74112,6,1,0,0,3,0,67,110,0,1,1,1,5,3,2008,7,2008,0,0,0,0,0,3,4,65,1,3,2,1,0,0,1,12,99,1,4,6,1,1
40,400532,1,1,1,8,8,5,30,42,0,1,0,40,1,20,16,20016,4,2004,1G1JC52FX473,1,G,1,J,C,5,2,F,X,4,7,3,0,P,CHEV,CAV,4D,4,17,2676,,0,1041,,G,,0,0,000000000,00000000000,0,0,0,1,0,0,0,0,0,0,0,998,0,1,6,12,13,6,2,42,0,0,0,1,40,73049,6,1,0,0,3,0,64,138,0,0,0,0,2,9,2007,7,2008,1,0,0,0,0,1,2,45,1,4,2,1,0,0,1,13,99,1,4,1,1,1
40,400533,1,2,2,13,8,15,55,12,6,1,0,40,2,12,481,12481,31,2001,1FTRW07W71KF,1,F,T,R,W,0,7,W,7,1,K,F,0,T,FORD,F1S,CW,1,17,,2,0,1385,COF,G,,0,0,000000000,00000000000,0,0,0,1,0,0,0,0,0,0,0,998,0,0,0,63,6,4,1,12,0,0,0,1,40,74429,6,1,0,0,3,3,73,200,0,0,0,0,0,0,0,0,0,0,38,0,0,0,1,4,55,1,1,2,1,20,3,1,17,99,1,1,89,0,0
40,400533,2,2,1,13,8,15,55,12,6,1,0,40,1,53,709,53709,80,2006,JS1VS55A1621,J,S,1,V,S,5,5,A,1,6,2,1,0,M,SUZI,C50,RS,6,17,,,,,,,805,0,0,000000000,00000000000,0,0,0,1,0,0,0,0,0,0,0,998,0,0,0,12,12,6,2,12,0,0,0,1,40,74454,6,1,0,0,3,3,67,175,0,0,0,0,0,0,0,0,0,0,0,0,0,0,1,4,55,1,1,2,1,0,0,1,17,99,1,9,88,1,0
40,400534,1,2,1,4,12,13,40,12,6,1,0,40,1,18,7,18007,4,1999,2G4WS52M7X15,2,G,4,W,S,5,2,M,7,X,1,5,0,P,BUIC,CCU,4D,99,17,3353,,0,1090,,G,,0,0,000000000,00000000000,0,0,0,1,0,0,0,0,0,0,0,998,0,0,0,9,9,6,2,12,0,0,0,1,40,74354,6,1,0,0,3,0,66,150,0,0,0,0,0,0,0,0,0,0,0,0,0,0,1,2,25,1,1,2,1,20,3,1,17,1,1,1,89,1,0
40,400534,2,2,1,4,12,13,40,12,6,1,0,31,1,12,481,12481,31,1986,1FTEF26N9GPA,1,F,T,E,F,2,6,N,9,G,P,A,0,T,FORD,F25,PK,86,17,,2,0,1330,COF,G,,0,0,000000000,00000000000,0,0,0,1,0,0,0,0,0,0,0,998,0,0,0,12,12,6,2,12,0,0,0,1,31,74333,6,1,0,0,3,0,72,150,1,2,0,2,2,2,2008,6,2010,0,0,0,0,0,1,2,25,1,1,2,1,0,0,1,66,3,1,1,88,0,0
40,400535,1,1,1,23,12,6,35,35,0,1,0,92,0,2,404,2404,14,2000,1J4GW48N2YC3,1,J,4,G,W,4,8,N,2,Y,C,3,0,T,JEEP,LRO,4W,0,17,,1,0,1059,GCK,G,,0,0,000000000,00000000000,0,0,0,1,0,0,0,0,0,0,0,998,0,1,5,12,12,6,2,1,0,0,0,1,40,74953,1,1,0,0,2,0,69,140,0,3,0,4,1,9,2009,10,2010,0,0,0,0,0,1,2,65,1,1,2,1,0,0,1,12,1,1,4,6,1,0
40,400536,1,1,1,27,10,22,6,30,0,1,0,40,2,37,32,37032,4,2001,1HGCG16571A0,1,H,G,C,G,1,6,5,7,1,A,0,0,P,HOND,UEX,4D,1,17,3329,,0,1069,,G,,0,0,000000000,00000000000,0,0,0,1,0,0,0,0,0,0,0,998,0,0,0,12,12,6,2,30,0,0,0,1,40,73003,6,1,0,0,3,0,62,105,0,0,0,1,0,9,2010,9,2010,0,0,0,0,0,1,4,45,1,1,2,1,0,0,1,12,1,1,4,6,1,0
40,400537,1,3,1,15,12,6,5,12,7,1,0,40,1,7,482,7482,31,2001,3B7KC23611G2,3,B,7,K,C,2,3,6,1,1,G,2,0,T,DODG,Q25,4C,1,17,,2,1547,1387,RPC,D,,0,0,000000000,00000000000,0,0,0,1,0,0,0,0,0,0,0,998,0,0,0,11,12,6,2,12,0,0,0,1,40,74423,6,1,0,0,3,0,71,150,0,0,0,1,1,3,2010,3,2010,0,33,0,0,0,1,2,55,3,1,2,1,28,3,6,51,3,1,2,46,0,0
40,400537,2,3,1,15,12,6,5,12,7,1,0,40,1,20,481,20481,31,2001,2GCEK19T3111,2,G,C,E,K,1,9,T,3,1,1,1,0,T,CHEV,SK1,4C,1,17,,2,1575,1435,SIL,G,,0,0,000000000,00000000000,0,0,0,1,0,0,0,0,0,0,0,998,0,0,0,11,11,6,2,12,0,0,0,1,40,74403,6,1,0,0,3,0,67,180,0,0,0,0,0,0,0,0,0,0,0,0,0,0,1,2,55,2,1,2,1,28,3,14,53,7,1,3,45,1,0
40,400537,3,3,1,15,12,6,5,12,7,1,0,40,1,20,481,20481,31,1998,1GCEC19M2WE2,1,G,C,E,C,1,9,M,2,W,E,2,0,T,CHEV,GC1,PC,98,17,,2,1555,1415,GM4,G,,0,0,000000000,00000000000,0,0,0,1,0,0,0,0,0,0,0,998,0,0,0,7,7,0,1,12,0,0,0,1,40,74423,6,1,0,0,3,0,73,155,0,0,0,0,1,9,2010,9,2010,0,0,0,0,0,1,2,55,3,1,2,1,28,3,14,60,2,1,1,98,0,0
40,400538,1,1,1,19,12,14,8,32,0,1,0,40,1,7,24,7024,4,2007,2B3KA53HX7H8,2,B,3,K,A,5,3,H,X,7,H,8,0,P,DODG,CHR,4D,7,17,3976,,0,1200,,G,,0,0,000000000,00000000000,0,0,0,1,0,0,0,0,0,0,0,998,0,0,0,12,12,6,2,32,0,0,1,1,40,73858,6,1,0,0,3,0,65,130,0,0,0,0,0,0,0,0,0,1,0,0,0,0,1,2,65,2,6,2,1,28,3,14,12,1,1,4,6,1,1
40,400539,1,1,1,30,11,18,20,8,0,1,0,40,1,35,401,35401,14,2006,5N1AR18W56C6,5,N,1,A,R,1,8,W,5,6,C,6,0,P,NISS,PFI,UT,6,17,4373,,0,1122,,G,,0,0,000000000,00000000000,0,0,0,1,0,0,0,0,0,0,0,998,0,0,0,12,12,6,2,8,0,0,0,1,40,73661,6,1,0,0,3,0,66,140,0,0,0,1,0,11,2009,11,2009,0,0,0,0,0,2,2,55,1,5,2,1,0,0,1,80,1,1,1,13,0,0
40,400540,1,1,1,30,3,6,33,17,0,1,0,40,2,12,481,12481,31,2000,1FTNW21F9YED,1,F,T,N,W,2,1,F,9,Y,E,D,0,T,FORD,F2S,CW,0,17,,2,1724,1562,SRW,D,,0,0,000000000,00000000000,0,0,0,1,0,0,0,0,0,0,0,998,0,0,0,11,12,6,2,23,0,0,0,1,40,73572,2,1,0,0,2,2,73,190,0,0,0,0,0,0,0,0,0,0,74,0,0,0,1,2,15,3,1,2,1,0,0,14,13,1,1,4,1,1,0
40,400541,1,1,1,22,8,20,14,8,0,1,0,48,1,12,481,12481,31,2005,1FTSW21PX5EC,1,F,T,S,W,2,1,P,X,5,E,C,0,T,FORD,F2S,CW,5,17,,2,1724,1562,SRW,D,,0,0,000000000,00000000000,0,0,0,1,0,0,0,0,0,0,0,998,0,0,0,11,11,0,1,8,0,0,0,1,48,74074,6,1,0,0,3,3,999,999,0,0,0,0,0,0,0,0,0,0,0,0,0,0,1,2,0,1,5,2,1,0,0,1,80,1,1,1,13,0,0
40,400542,1,1,3,22,7,18,15,8,0,1,0,40,9,12,481,12481,31,2006,1FTSW21P16ED,1,F,T,S,W,2,1,P,1,6,E,D,0,T,FORD,F2S,CW,6,17,,2,1720,1560,SRW,D,,0,0,000000000,00000000000,0,0,0,1,0,0,0,0,0,0,0,998,0,0,0,1,1,4,1,8,0,0,0,1,40,74578,6,1,6,0,3,3,65,135,0,0,0,0,0,0,0,0,0,0,0,0,0,0,2,2,70,1,3,2,1,98,3,1,80,8,1,1,13,0,0
40,400543,1,1,2,23,12,4,24,1,0,1,0,40,1,23,431,23431,16,1988,1GKER16K7JF5,1,G,K,E,R,1,6,K,7,J,F,5,0,T,GMC,RSU,4W,88,17,,2,0,1295,R15,G,,0,0,000000000,00000000000,0,0,0,1,0,0,0,0,0,0,0,998,0,2,1,0,13,6,2,1,0,0,0,1,40,73007,6,1,0,0,3,3,67,125,0,0,0,0,1,7,2009,7,2009,0,0,0,0,0,2,2,70,1,1,1,1,0,0,1,12,1,3,6,98,1,0
40,400544,1,2,1,30,11,11,15,12,6,1,0,40,1,6,14,6014,4,1991,1C3XY66R2MD2,1,C,3,X,Y,6,6,R,2,M,D,2,0,P,CHRY,NFA,4D,91,17,3345,,0,1093,,G,,0,0,000000000,00000000000,0,0,0,1,0,0,0,0,0,0,0,998,0,0,0,9,9,6,2,12,0,0,0,1,40,73114,6,1,0,0,3,3,70,132,0,0,0,0,0,0,0,0,0,0,38,0,0,0,2,2,25,1,1,2,1,20,3,1,17,1,1,1,89,1,0
40,400544,2,2,1,30,11,11,15,12,6,1,0,40,1,12,471,12471,30,2000,1FTYR14V0YPB,1,F,T,Y,R,1,4,V,0,Y,P,B,0,T,FORD,RNS,PS,0,17,,1,0,1257,RNG,F,,0,0,000000000,00000000000,0,0,0,1,0,0,0,0,0,0,0,38,0,0,0,12,12,6,2,12,0,0,0,1,40,73013,6,1,0,0,3,0,75,198,0,0,0,0,0,0,0,0,0,0,0,0,0,0,1,4,40,1,1,2,1,0,0,1,66,4,1,1,88,0,0
40,400546,1,1,1,24,12,13,19,38,0,1,0,40,2,41,50,41050,4,2006,1YVHP80D565M,1,Y,V,H,P,8,0,D,5,6,5,M,0,P,MAZD,M6S,4D,6,17,3320,,0,1053,,G,,0,0,000000000,00000000000,0,0,0,1,0,0,0,0,0,0,0,998,0,2,5,12,13,6,2,1,0,0,0,1,40,73570,6,1,0,0,3,0,69,165,0,0,0,0,0,0,0,0,0,1,0,0,0,0,1,2,55,1,1,4,1,0,0,1,6,1,4,4,7,1,0
40,400547,1,2,2,18,8,15,13,12,6,1,0,40,1,14,37,14037,4,1999,1MEFM653XXK6,1,M,E,F,M,6,5,3,X,X,K,6,0,P,MERC,MSP,4D,99,17,2805,,0,1065,,G,,0,0,000000000,00000000000,0,0,0,1,0,0,0,0,0,0,0,998,3,0,0,11,10,6,2,12,0,0,0,1,40,73074,6,1,0,0,3,0,61,110,0,0,0,0,0,0,0,0,0,0,38,0,0,0,1,2,65,1,6,2,1,0,0,1,62,9,2,2,69,1,0
40,400547,2,2,2,18,8,15,13,12,6,1,0,40,3,90,981,90981,50,1999,1GBL7T1C5XJ1,1,G,B,L,7,T,1,C,5,X,J,1,0,T,CHEV,B7T,BU,99,17,,7,2737,1567,BSR,D,,0,88,888888888,88888888888,3,21,22,1,0,0,0,0,1,0,0,998,7,0,0,12,12,4,3,12,0,0,0,1,40,73075,6,1,6,1,3,0,73,250,0,0,0,0,0,0,0,0,0,0,38,0,0,0,1,2,65,1,5,2,1,0,0,11,15,1,1,1,68,0,0
40,400548,1,1,4,25,11,2,6,1,0,1,0,40,1,12,3,12003,2,1997,1FALP4042VF1,1,F,A,L,P,4,0,4,2,V,F,1,0,P,FORD,MUS,CP,97,17,3084,,0,1013,,G,,0,0,000000000,00000000000,0,0,0,1,0,0,0,0,0,0,0,998,0,2,5,0,13,6,2,1,0,0,0,1,40,73099,6,1,0,0,3,0,72,189,0,0,0,1,1,12,2007,4,2008,1,0,0,0,0,2,2,60,1,1,1,1,0,0,1,12,1,4,4,7,2,1
40,400549,1,3,1,7,12,19,13,12,7,1,1,99,9,99,881,99881,66,9999,999999999999,9,9,9,9,9,9,9,9,9,9,9,9,1,U,,,,9,17,,,,,,,,1,99,999999999,99999999999,3,6,1,1,0,0,0,0,99,99,9,998,0,0,0,9,9,4,1,12,0,0,0,1,99,99999,9,9,99,9,9,9,999,999,99,99,99,99,99,99,9999,99,9999,0,0,0,0,0,3,3,60,1,1,2,2,0,0,1,52,1,1,1,48,0,0
40,400549,2,3,2,7,12,19,13,12,7,1,0,40,1,12,401,12401,14,2003,1FMZU63K73ZB,1,F,M,Z,U,6,3,K,7,3,Z,B,0,P,FORD,EPR,UT,3,17,4094,,0,1137,,F,,0,0,000000000,00000000000,0,0,0,1,0,0,0,0,0,0,0,998,0,0,0,5,11,6,2,12,0,0,0,1,40,73401,6,1,0,0,3,0,64,140,0,0,0,0,0,0,0,0,0,0,0,0,0,0,3,3,60,1,1,2,2,0,0,2,53,4,1,1,48,0,0
40,400549,3,3,1,7,12,19,13,12,7,1,0,5,1,49,402,49402,14,2002,JTEHH20V1201,J,T,E,H,H,2,0,V,1,2,0,1,0,P,TOYT,RV4,UT,2,17,2877,,0,980,,G,,0,0,000000000,00000000000,0,0,0,1,0,0,0,0,0,0,0,0,0,0,0,5,5,6,2,8,0,0,0,1,5,73071,6,1,0,0,3,0,69,176,0,0,0,1,1,4,2009,4,2009,0,54,0,0,0,3,3,60,1,1,2,2,0,0,7,53,1,1,1,98,0,0
40,400550,1,2,3,8,12,7,48,12,2,1,0,40,1,7,482,7482,31,2005,1D3HU16D85J5,1,D,3,H,U,1,6,D,8,5,J,5,0,T,DODG,S15,PK,5,17,,2,1405,1205,RPC,G,,0,0,000000000,00000000000,0,0,0,1,0,0,0,0,0,0,0,998,0,0,0,12,12,6,2,12,0,0,0,1,40,73010,6,1,0,0,3,0,76,167,0,0,0,1,0,5,2010,5,2010,0,0,0,0,0,1,2,65,1,4,2,2,28,3,1,62,8,1,3,51,0,0
40,400550,2,2,2,8,12,7,48,12,2,1,0,40,2,53,34,53034,4,2008,KL5JD56Z48K7,K,L,5,J,D,5,6,Z,4,8,K,7,0,P,SUZI,FCP,4D,8,17,2756,,0,1024,,G,,0,0,000000000,00000000000,0,0,0,1,0,0,0,0,0,0,0,998,0,0,0,12,12,6,2,2,0,0,1,1,40,73010,6,1,0,0,3,0,66,150,0,1,0,1,1,2,2008,4,2008,0,0,0,0,0,1,2,65,1,4,2,2,0,0,1,10,7,1,2,50,2,0
40,400551,1,1,1,29,12,18,59,8,0,1,0,40,1,18,20,18020,4,2004,2G4WB52K6412,2,G,4,W,B,5,2,K,6,4,1,2,0,P,BUIC,RLS,4D,4,17,3418,,0,1090,,G,,0,0,000000000,00000000000,0,0,0,1,0,0,0,0,0,0,0,998,0,0,0,12,12,6,2,8,0,0,0,1,40,73064,6,1,0,0,3,0,68,165,0,0,0,0,1,2,2008,2,2008,0,0,0,0,0,6,2,70,2,1,1,1,0,0,14,80,1,1,1,13,0,0
40,400552,1,2,1,15,7,0,3,12,2,1,0,40,2,24,1,24001,4,2001,1G8ZH52871Z2,1,G,8,Z,H,5,2,8,7,1,Z,2,0,P,STRN,SL1,4D,1,17,2360,,0,1024,,G,,0,0,000000000,00000000000,0,0,0,1,0,0,0,0,0,0,0,38,0,0,0,12,12,6,2,12,0,0,0,1,40,74135,6,1,0,0,3,0,60,135,0,0,0,0,2,1,2008,2,2009,0,50,0,0,0,3,3,60,1,1,2,1,0,0,1,18,2,1,1,50,1,1
40,400552,2,2,1,15,7,0,3,12,2,1,0,40,1,49,33,49033,2,2000,JTDDY38T2Y00,J,T,D,D,Y,3,8,T,2,Y,0,0,0,P,TOYT,GTF,2L,0,17,2500,,0,1023,,G,,0,0,000000000,00000000000,0,0,0,1,0,0,0,0,0,0,0,998,0,0,0,12,12,6,2,12,0,0,0,1,40,74129,6,1,0,0,3,0,999,160,0,0,0,0,0,0,0,0,0,0,0,0,0,0,3,3,60,1,1,2,1,0,0,1,54,9,1,2,51,0,0
40,400553,1,2,1,19,2,15,15,12,6,1,0,40,2,12,461,12461,21,2004,1FTNS24W94HA,1,F,T,N,S,2,4,W,9,4,H,A,0,T,FORD,25V,EC,4,17,,2,0,1380,VAN,G,,0,0,000000000,00000000000,0,0,0,1,0,0,0,0,0,0,0,998,0,0,0,10,10,2,1,12,0,0,0,1,40,73114,6,1,0,0,3,3,69,145,0,0,0,0,0,0,0,0,0,0,38,0,0,0,1,4,45,1,1,2,1,0,0,11,98,1,1,1,82,0,0
40,400553,2,2,1,19,2,15,15,12,6,1,0,40,1,76,706,76706,80,2009,JYAVN01E49A0,J,Y,A,V,N,0,1,E,4,9,A,0,0,M,YAMA,V95,RS,9,17,,,,,,,942,0,0,000000000,00000000000,0,0,0,1,0,0,0,0,0,0,0,998,0,0,0,12,12,6,2,12,0,0,0,1,40,73110,6,1,0,0,2,0,72,235,0,1,1,1,2,1,2008,12,2009,0,0,0,0,0,1,4,45,1,1,2,1,0,0,1,72,1,1,1,83,1,0
40,400554,1,2,1,29,7,5,31,12,6,1,0,40,1,21,2,21002,4,1989,1G3HY54C9K18,1,G,3,H,Y,5,4,C,9,K,1,8,0,P,OLDS,FRB,4D,89,17,3134,,0,1108,,G,,0,0,000000000,00000000000,0,0,0,1,0,0,0,0,0,0,0,998,0,0,0,9,9,6,2,12,0,0,0,1,40,73119,0,0,0,0,0,0,65,180,0,1,1,0,0,5,2009,6,2009,0,38,0,0,0,1,2,25,1,1,2,1,20,3,1,17,1,1,1,89,1,1
40,400554,2,2,1,29,7,5,31,12,6,1,0,40,3,12,16,12016,4,2008,2FAFP71V28X1,2,F,A,F,P,7,1,V,2,8,X,1,0,P,FORD,CVP,4D,8,17,0,,0,1146,,F,,0,0,000000000,00000000000,0,0,0,1,0,0,0,0,0,5,1,998,0,0,0,12,12,6,2,12,0,0,0,1,40,73102,6,1,0,0,3,0,72,240,0,0,0,0,0,0,0,0,0,1,16,0,0,0,1,4,35,1,1,2,1,0,0,1,66,9,1,3,88,0,0
40,400555,1,1,1,20,8,0,24,8,0,1,0,40,1,12,481,12481,31,1997,1FTDX1767VKA,1,F,T,D,X,1,7,6,7,V,K,A,0,T,FORD,F15,3C,97,17,,1,1570,1390,COF,G,,0,0,000000000,00000000000,0,0,0,1,0,0,0,0,0,0,0,998,0,0,0,12,12,6,2,8,0,0,0,1,40,74107,6,1,0,0,3,0,67,150,0,0,0,0,0,0,0,0,0,0,0,0,0,0,3,3,60,1,5,2,1,0,0,1,80,4,1,1,13,0,0
40,400556,1,2,1,9,12,6,38,12,2,1,0,40,1,24,7,24007,4,2007,1G8AL55F27Z1,1,G,8,A,L,5,5,F,2,7,Z,1,0,P,STRN,SI3,4D,7,17,2841,,0,1032,,G,,0,0,000000000,00000000000,0,0,0,1,0,0,0,0,0,0,0,998,0,0,0,12,12,6,2,12,0,0,0,1,40,73052,6,1,0,0,3,0,75,225,0,0,0,0,0,0,0,0,0,0,0,0,0,0,1,2,60,1,1,2,1,0,0,1,10,1,1,2,50,1,0