STATE,ST_CASE,VEH_NO,VE_FORMS,NUMOCCS,DAY,MONTH,HOUR,MINUTE,HARM_EV,MAN_COLL,UNITTYPE,HIT_RUN,REG_STAT,OWNER,MAKE,MODEL,MAK_MOD,BODY_TYP,MOD_YEAR,VIN,VIN_1,VIN_2,VIN_3,VIN_4,VIN_5,VIN_6,VIN_7,VIN_8,VIN_9,VIN_10,VIN_11,VIN_12,TOW_VEH,VINTYPE,VINMAKE,VINA_MOD,VIN_BT,VINMODYR,VIN_LNGT,VIN_WGT,WGTCD_TR,WHLBS_LG,WHLBS_SH,SER_TR,FUELCODE,MCYCL_DS,J_KNIFE,MCARR_I1,MCARR_I2,MCARR_ID,GVWR,V_CONFIG,CARGO_BT,HAZ_INV,HAZ_PLAC,HAZ_ID,HAZ_CNO,HAZ_REL,BUS_USE,SPEC_USE,EMER_USE,TRAV_SP,UNDERIDE,ROLLOVER,ROLINLOC,IMPACT1,IMPACT2,DEFORMED,TOWED,M_HARM,VEH_SC1,VEH_SC2,FIRE_EXP,DR_PRES,L_STATE,DR_ZIP,L_STATUS,L_TYPE,CDL_STAT,L_ENDORS,L_COMPL,L_RESTRI,DR_HGT,DR_WGT,PREV_ACC,PREV_SUS,PREV_DWI,PREV_SPD,PREV_OTH,FIRST_MO,FIRST_YR,LAST_MO,LAST_YR,SPEEDREL,DR_SF1,DR_SF2,DR_SF3,DR_SF4,VTRAFWAY,VNUM_LAN,VSPD_LIM,VALIGN,VPROFILE,VPAVETYP,VSURCOND,VTRAFCON,VTCONT_F,P_CRASH1,P_CRASH2,P_CRASH3,PCRASH4,PCRASH5,ACC_TYPE,DEATHS,DR_DRINK
40,400588,1,3,1,11,7,12,54,12,6,1,0,40,2,20,39,20039,4,2005,KL1TG62665B4,K,L,1,T,G,6,2,6,6,5,B,4,0,P,CHEV,LTA,5D,5,17,2354,,0,976,,G,,0,0,000000000,00000000000,0,0,0,1,0,0,0,0,0,0,0,998,0,0,0,9,9,6,2,12,0,0,0,1,40,73110,6,1,0,0,3,3,66,146,0,0,0,0,0,0,0,0,0,0,38,0,0,0,1,2,35,1,5,2,1,20,3,1,17,1,1,1,89,1,0
40,400588,2,3,4,11,7,12,54,12,6,1,0,40,1,12,481,12481,31,2008,1FTRW14W48KB,1,F,T,R,W,1,4,W,4,8,K,B,0,T,FORD,F1S,CW,8,17,,2,1500,1390,COF,G,,0,0,000000000,00000000000,0,0,0,1,0,0,0,0,0,0,0,998,0,0,0,12,12,6,2,12,0,0,0,1,40,74881,6,1,0,0,3,0,63,105,0,0,0,0,0,0,0,0,0,0,0,0,0,0,1,2,65,1,5,2,1,28,3,1,66,1,1,1,88,0,0
40,400588,3,3,2,11,7,12,54,12,6,1,0,40,2,37,32,37032,2,2002,1HGCG22592A0,1,H,G,C,G,2,2,5,9,2,A,0,0,P,HOND,UEX,CP,2,17,3283,,0,1051,,G,,0,0,000000000,00000000000,0,0,0,1,0,0,0,0,0,0,0,0,0,0,0,11,11,6,2,12,0,0,0,1,40,74855,6,1,0,0,3,3,71,130,0,0,0,0,0,0,0,0,0,0,0,0,0,0,1,2,65,1,6,2,1,28,3,11,15,1,1,1,98,0,0
40,400589,1,2,1,20,7,18,7,12,6,1,0,40,1,12,442,12442,20,1999,2FMZA5142XBC,2,F,M,Z,A,5,1,4,2,X,B,C,0,T,FORD,WLX,ES,99,17,,1,0,1207,WIN,G,,0,0,000000000,00000000000,0,0,0,1,0,0,0,0,0,0,0,998,0,0,0,3,3,6,2,12,0,0,0,1,40,74006,6,1,0,0,3,0,67,140,1,0,0,1,1,5,2008,8,2008,1,58,0,0,0,1,2,55,1,1,2,1,0,0,1,10,1,1,6,66,1,1
40,400589,2,2,3,20,7,18,7,12,6,1,0,40,1,20,481,20481,31,2007,2GCEK19JX717,2,G,C,E,K,1,9,J,X,7,1,7,0,T,CHEV,SK1,4C,7,17,,2,1575,1339,SIL,G,,0,0,000000000,00000000000,0,0,0,1,0,0,0,0,0,0,0,998,0,0,0,12,12,6,2,12,0,0,0,1,40,74003,6,1,0,0,3,0,69,250,0,0,0,0,0,0,0,0,0,0,0,0,0,0,1,2,55,1,1,2,1,0,0,1,62,1,1,1,66,0,0
40,400590,1,1,1,20,7,19,10,8,0,1,0,40,2,20,9,20009,2,1995,2G1FP22S8S21,2,G,1,F,P,2,2,S,8,S,2,1,0,P,CHEV,CAM,CP,95,17,3251,,0,1011,,G,,0,0,000000000,00000000000,0,0,0,1,0,0,0,0,0,0,0,998,0,0,0,12,12,4,1,8,0,0,0,1,40,74337,0,0,0,0,0,0,71,230,0,0,0,0,1,4,2010,4,2010,1,0,0,0,0,1,2,35,1,6,2,1,0,0,1,80,1,1,1,13,0,0
40,400591,1,2,4,21,7,3,13,12,6,1,0,40,2,41,402,41402,14,2001,4F2CU08151KM,4,F,2,C,U,0,8,1,5,1,K,M,0,P,MAZD,TRI,UT,1,17,3455,,0,1031,,G,,0,0,000000000,00000000000,0,0,0,1,0,0,0,0,0,0,0,998,0,0,0,12,12,6,2,12,0,0,0,1,40,74804,6,1,0,0,3,0,62,130,0,0,0,2,3,9,2007,8,2009,0,38,0,0,0,1,2,35,1,1,4,1,20,3,1,17,1,1,1,88,1,1
40,400591,2,2,1,21,7,3,13,12,6,1,0,40,1,87,881,87881,66,2000,1XP5DB9X2YN5,1,X,P,5,D,B,9,X,2,Y,N,5,1,T,PTRB,379,DS,0,17,,8,0,0,CON,D,,1,57,763516,57763516,3,6,4,1,0,0,0,0,0,0,0,998,0,0,0,9,9,6,2,12,0,0,0,1,40,74855,6,1,6,0,3,0,72,200,0,0,0,0,0,0,0,0,0,0,0,0,0,0,1,2,65,1,1,2,1,0,0,1,66,1,1,1,89,0,0
40,400592,1,1,1,22,7,22,1,8,0,1,1,40,2,49,40,49040,4,1997,4T1BF22K2VU0,4,T,1,B,F,2,2,K,2,V,U,0,0,P,TOYT,UEX,4D,97,17,3086,,0,1051,,G,,0,0,000000000,00000000000,0,0,0,1,0,0,0,0,0,0,0,998,0,0,0,12,12,4,1,8,0,0,0,1,40,74653,6,1,0,0,3,3,69,212,0,1,1,0,1,12,2009,6,2010,0,0,0,0,0,1,2,55,1,1,2,1,28,3,1,80,1,1,1,13,0,1
40,400593,1,1,1,24,7,17,0,1,0,1,0,40,1,37,705,37705,80,2003,JH2RC44643M7,J,H,2,R,C,4,4,6,4,3,M,7,0,M,HOND,VCC,RS,3,17,,,,,,,745,0,0,000000000,00000000000,0,0,0,1,0,0,0,0,0,0,0,998,0,0,0,0,3,6,2,1,0,0,0,1,40,74740,6,1,0,0,3,0,70,190,0,0,0,0,0,0,0,0,0,0,0,0,0,0,1,2,65,1,1,2,1,0,0,1,13,1,1,4,1,1,0
40,400594,1,1,6,24,7,17,35,59,0,1,0,17,1,20,461,20461,21,1998,1GBJG31R1W10,1,G,B,J,G,3,1,R,1,W,1,0,0,T,CHEV,CUT,MY,98,17,,3,1770,1390,CTV,G,,0,0,000000000,00000000000,0,0,0,1,0,0,0,0,0,0,0,998,0,0,0,12,12,6,2,21,0,0,0,1,17,61731,6,1,0,0,3,0,71,160,0,0,0,0,0,0,0,0,0,0,0,0,0,0,2,2,75,1,6,1,1,40,3,1,13,1,1,4,1,2,0
40,400595,1,2,2,25,7,14,0,12,6,1,0,40,2,12,471,12471,30,1999,1FTYR14V1XPA,1,F,T,Y,R,1,4,V,1,X,P,A,0,T,FORD,RNS,PS,99,17,,1,0,1257,RNG,F,,0,0,000000000,00000000000,0,0,0,1,0,0,0,0,0,0,0,998,0,0,0,1,1,6,2,12,0,0,0,1,40,73949,6,1,0,0,3,0,72,145,0,0,0,0,0,0,0,0,0,0,48,0,0,0,1,2,65,1,5,2,1,28,3,11,15,1,1,1,68,1,0
40,400595,2,2,3,25,7,14,0,12,6,1,0,40,2,49,482,49482,31,2007,5TFRV54187X0,5,T,F,R,V,5,4,1,8,7,X,0,0,T,TOYT,DBS,CW,7,17,,2,0,1457,TUN,G,,0,0,000000000,00000000000,0,0,0,1,0,0,0,0,0,0,0,998,0,0,0,11,11,6,2,12,0,0,0,1,40,73942,6,1,0,0,3,0,71,150,0,0,0,1,0,10,2008,10,2008,0,0,0,0,0,1,2,65,1,5,2,1,28,3,1,62,1,1,1,69,0,0
40,400596,1,2,3,6,10,23,30,12,6,1,0,40,2,20,481,20481,31,2001,1GCEC14W11Z1,1,G,C,E,C,1,4,W,1,1,Z,1,0,T,CHEV,SC1,PK,1,17,,2,1330,1190,SIL,G,,0,0,000000000,00000000000,0,0,0,1,0,0,0,0,0,0,0,998,0,0,0,12,12,6,2,12,0,0,0,1,40,74553,6,1,0,0,3,3,73,140,0,1,0,0,1,8,2010,8,2010,0,38,0,0,0,1,2,25,1,1,2,1,20,3,1,17,1,1,1,86,1,1
40,400596,2,2,1,6,10,23,30,12,6,1,0,40,2,20,22,20022,2,2008,1G1AK18F1873,1,G,1,A,K,1,8,F,1,8,7,3,0,P,CHEV,BLS,CP,8,17,2991,,0,1033,,G,,0,0,000000000,00000000000,0,0,0,1,0,0,0,0,0,0,0,998,0,0,0,2,2,6,2,12,0,0,0,1,40,74553,6,1,0,0,3,0,74,245,0,0,0,0,0,0,0,0,0,0,0,0,0,0,1,2,25,1,1,2,1,0,0,1,66,1,1,1,87,0,0
40,400597,1,1,1,31,12,18,11,8,0,1,1,99,9,99,999,99999,99,9999,999999999999,9,9,9,9,9,9,9,9,9,9,9,9,0,U,,,,9,17,,,,,,,,0,0,000000000,00000000000,0,0,0,1,0,0,0,0,99,99,9,998,0,0,0,99,99,9,1,8,0,0,0,1,99,99999,9,9,99,9,9,9,999,999,99,99,99,99,99,99,9999,99,9999,0,0,0,0,0,1,4,40,1,1,2,1,0,0,1,80,1,1,1,13,0,0
40,400598,1,2,1,20,12,20,30,12,6,1,0,40,1,14,6,14006,4,2007,2MEFM74V97X6,2,M,E,F,M,7,4,V,9,7,X,6,0,P,MERC,GMG,4D,7,17,4135,,0,1147,,F,,0,0,000000000,00000000000,0,0,0,1,0,0,0,0,0,0,0,998,0,0,0,12,3,6,2,12,0,0,0,1,40,74764,6,1,0,0,3,0,62,135,0,0,0,0,0,0,0,0,0,0,0,0,0,0,1,2,65,1,5,2,1,28,3,1,66,1,1,1,86,0,0
40,400598,2,2,2,20,12,20,30,12,6,1,0,48,2,12,471,12471,30,1994,1FTCR10A7RUE,1,F,T,C,R,1,0,A,7,R,U,E,0,T,FORD,RNG,PK,94,17,,1,1140,1080,RNG,G,,0,0,000000000,00000000000,0,0,0,1,0,0,0,0,0,0,0,998,0,0,0,3,3,6,2,12,0,0,0,1,48,75160,1,1,0,0,2,3,65,200,0,8,0,0,0,10,2008,12,2010,0,39,0,0,0,1,2,65,1,3,2,1,20,3,1,17,1,1,1,87,1,0
40,400599,1,2,1,1,11,15,49,12,6,1,0,40,1,23,471,23471,30,2003,1GTCS19X4382,1,G,T,C,S,1,9,X,4,3,8,2,0,T,GMC,SON,3C,3,17,,1,0,1229,SON,G,,0,0,000000000,00000000000,0,0,0,1,0,0,0,0,0,0,0,998,0,0,0,9,9,6,2,12,0,0,0,1,40,73013,6,1,0,0,3,3,68,160,0,0,0,0,0,0,0,0,0,0,38,0,0,0,1,4,45,1,1,2,1,20,3,11,98,1,1,1,84,1,0
40,400599,2,2,1,1,11,15,49,12,6,1,0,40,1,18,2,18002,4,2000,1G4HP54K5Y41,1,G,4,H,P,5,4,K,5,Y,4,1,0,P,BUIC,LCF,4D,0,17,3567,,0,1122,,G,,0,0,000000000,00000000000,0,0,0,1,0,0,0,0,0,0,0,998,0,0,0,12,12,6,2,12,0,0,0,1,40,73012,6,1,0,0,3,0,64,160,0,0,0,1,1,11,2008,10,2010,0,0,0,0,0,1,4,45,1,1,2,1,0,0,1,67,1,1,1,84,0,0
40,400600,1,1,1,27,12,17,23,34,0,1,0,40,1,12,481,12481,31,2004,1FTSF31P44EC,1,F,T,S,F,3,1,P,4,4,E,C,0,T,FORD,F3S,PK,4,17,,2,0,1370,SRW,D,,0,0,000000000,00000000000,0,0,0,1,0,0,0,0,0,0,0,998,0,1,5,2,13,6,2,1,0,0,0,1,40,73560,6,1,0,0,3,0,75,185,0,0,0,0,0,0,0,0,0,0,0,0,0,0,1,2,55,1,1,4,1,0,0,1,12,1,4,4,7,1,0
40,400601,1,2,1,6,10,5,44,12,1,1,1,40,1,12,481,12481,31,2005,1FTPW14575FB,1,F,T,P,W,1,4,5,7,5,F,B,0,T,FORD,F1S,CW,5,17,,2,1450,1260,COF,G,,0,0,000000000,00000000000,0,0,0,1,0,0,0,0,0,0,0,998,7,1,6,12,12,6,2,12,0,0,0,1,40,73119,6,1,0,0,3,0,71,193,0,0,0,1,1,12,2008,8,2010,0,91,0,0,0,1,4,50,1,6,2,1,3,3,1,50,1,1,1,20,0,1
40,400601,2,2,1,6,10,5,44,12,1,1,0,40,1,22,9,22009,2,2002,2G2FV22G6221,2,G,2,F,V,2,2,G,6,2,2,1,0,P,PONT,FTA,2H,2,17,3452,,0,1011,,G,,0,0,000000000,00000000000,0,0,0,1,0,0,0,0,0,0,0,0,0,0,0,6,6,6,2,12,0,0,0,1,40,73069,6,1,0,0,3,0,72,215,0,0,0,0,0,0,0,0,0,0,0,0,0,0,1,4,50,1,6,2,1,3,3,5,53,1,1,1,21,1,0
40,400602,1,1,2,5,11,6,42,33,0,1,0,40,1,12,481,12481,31,1997,1FTDX1763VKA,1,F,T,D,X,1,7,6,3,V,K,A,0,T,FORD,F15,3C,97,17,,1,1570,1390,COF,G,,0,0,000000000,00000000000,0,0,0,1,0,0,0,0,0,0,0,998,0,1,5,98,13,6,2,1,0,0,0,1,40,73044,1,1,0,0,2,3,67,160,0,1,0,0,4,1,2009,11,2010,0,0,0,0,0,6,1,70,2,5,2,1,3,3,14,12,1,9,4,1,1,0
40,400603,1,4,1,13,11,2,9,12,1,1,0,40,1,12,471,12471,30,2001,1FTYR10U81TA,1,F,T,Y,R,1,0,U,8,1,T,A,0,T,FORD,RNG,PK,1,17,,1,1175,1116,RNG,G,,0,0,000000000,00000000000,0,0,0,1,0,0,0,0,0,0,0,998,0,0,0,12,12,4,3,12,0,0,0,1,40,73703,6,1,0,0,3,0,70,205,0,0,0,0,0,0,0,0,0,0,0,0,0,0,1,2,45,1,1,2,1,0,0,1,50,1,1,1,20,0,1
40,400603,2,4,2,13,11,2,9,12,1,1,0,40,1,35,47,35047,4,2002,1N4AL11D92C2,1,N,4,A,L,1,1,D,9,2,C,2,0,P,NISS,ABS,4D,2,17,2873,,0,1102,,G,,0,0,000000000,00000000000,0,0,0,1,0,0,0,0,0,0,0,0,0,0,0,6,6,6,2,12,0,0,0,1,40,73703,6,1,0,0,3,3,65,105,0,0,0,0,0,0,0,0,0,0,0,0,0,0,1,2,45,1,1,2,1,0,0,5,53,1,1,1,21,1,0
40,400603,3,4,2,13,11,2,9,12,1,1,0,40,1,12,481,12481,31,2004,1FTPW14514KB,1,F,T,P,W,1,4,5,1,4,K,B,0,T,FORD,F1S,CW,4,17,,2,1450,1260,COF,G,,0,0,000000000,00000000000,0,0,0,1,0,0,0,0,0,0,0,0,0,0,0,6,6,6,2,54,0,0,0,1,40,73034,6,1,0,0,3,3,71,195,0,2,0,2,3,8,2009,10,2010,0,0,0,0,0,1,2,45,1,1,2,1,0,0,5,53,1,1,1,98,0,0
40,400603,4,4,3,13,11,2,9,12,1,1,0,40,1,7,24,7024,4,2006,2B3KA43G36H4,2,B,3,K,A,4,3,G,3,6,H,4,0,P,DODG,CTL,4D,6,17,3718,,0,1200,,G,,0,0,000000000,00000000000,0,0,0,1,0,0,0,0,0,0,0,0,0,0,0,6,6,4,1,54,0,0,0,1,40,73703,6,1,6,0,3,0,73,205,0,0,0,1,2,5,2008,9,2010,0,0,0,0,0,1,2,45,1,1,2,1,0,0,5,53,1,1,1,98,0,0
40,400605,1,1,1,17,12,16,30,1,0,1,0,48,1,12,471,12471,30,2000,1FTYR14X2YPB,1,F,T,Y,R,1,4,X,2,Y,P,B,0,T,FORD,RNS,PS,0,17,,1,0,1257,RNG,G,,0,0,000000000,00000000000,0,0,0,1,0,0,0,0,0,0,0,998,0,2,3,0,13,6,2,1,0,0,0,1,48,76240,6,1,0,0,3,3,75,210,0,0,0,0,0,0,0,0,0,0,89,29,34,0,3,2,70,1,1,2,2,0,0,6,12,1,2,4,7,1,1
40,400606,1,1,1,18,12,17,46,34,0,1,0,40,2,20,481,20481,31,1990,1GCDC14K5LZ1,1,G,C,D,C,1,4,K,5,L,Z,1,0,T,CHEV,GC1,PK,90,17,,1,1415,1175,GM4,G,,0,0,000000000,00000000000,0,0,0,1,0,0,0,0,0,0,0,998,0,0,0,12,12,6,2,32,0,0,0,1,40,74108,2,1,0,0,2,3,72,219,1,3,1,0,7,4,2008,11,2009,0,0,0,0,0,1,3,45,1,1,2,1,3,3,99,13,1,1,4,1,1,1
40,400607,1,1,2,25,12,16,35,5,0,1,0,40,2,19,481,19481,31,2008,1GYFK66808R2,1,G,Y,F,K,6,6,8,0,8,R,2,0,P,CADI,ESC,UT,8,17,5866,,0,1300,,G,,0,0,000000000,00000000000,0,0,0,1,0,0,0,0,0,0,0,998,0,0,0,0,0,0,1,5,0,0,0,1,40,73703,0,0,0,0,0,0,68,150,0,0,0,0,2,2,2009,9,2010,0,89,0,0,0,2,2,40,1,1,2,1,0,0,1,98,1,1,1,0,1,0
40,400608,1,2,2,14,12,18,30,12,2,1,0,40,1,23,481,23481,31,1996,1GTEK19R9TE5,1,G,T,E,K,1,9,R,9,T,E,5,0,T,GMC,SK1,PC,96,17,,2,1555,1415,SIE,G,,0,0,000000000,00000000000,0,0,0,1,0,0,0,0,0,0,0,998,0,0,0,12,12,6,2,12,0,0,0,1,40,73628,6,1,0,0,3,0,68,173,0,0,0,0,0,0,0,0,0,0,38,0,0,0,2,2,55,1,1,2,1,0,0,11,15,1,1,1,68,0,0
40,400608,2,2,3,14,12,18,30,12,2,1,0,40,2,20,403,20403,14,2005,1GNDT13S4521,1,G,N,D,T,1,3,S,4,5,2,1,0,P,CHEV,TRL,UT,5,17,4612,,0,1130,,G,,0,0,000000000,00000000000,0,0,0,1,0,0,0,0,0,0,0,998,0,0,0,12,12,6,2,12,0,0,0,1,40,73096,6,1,0,0,3,3,74,280,0,1,0,0,2,6,2009,9,2009,0,0,0,0,0,2,2,55,1,1,2,1,0,0,1,62,1,1,1,69,1,0
40,400609,1,1,1,14,11,19,14,33,0,1,0,40,1,23,481,23481,31,1998,1GTEC14W9WZ5,1,G,T,E,C,1,4,W,9,W,Z,5,0,T,GMC,SC1,PK,98,17,,2,1315,1175,SIE,G,,0,0,000000000,00000000000,0,0,0,1,0,0,0,0,0,0,0,998,0,0,0,11,2,6,2,43,0,0,0,1,40,74401,6,1,0,0,3,0,67,285,0,0,0,0,0,0,0,0,0,0,0,0,0,0,1,4,45,1,1,2,1,0,0,1,12,1,1,4,6,1,0
40,400610,1,1,1,1,12,20,36,9,0,1,0,40,1,14,6,14006,4,2000,2MEFM75W7YX6,2,M,E,F,M,7,5,W,7,Y,X,6,0,P,MERC,MGL,4D,0,17,3973,,0,1147,,G,,0,0,000000000,00000000000,0,0,0,1,0,0,0,0,0,0,0,998,0,0,0,12,12,4,3,9,0,0,0,1,40,73132,6,1,0,0,3,0,67,121,0,0,0,0,0,0,0,0,0,0,0,0,0,0,2,3,45,1,1,2,1,0,0,1,83,1,1,1,13,0,0
40,400611,1,2,2,17,12,16,30,12,6,1,0,40,1,19,3,19003,4,2002,1G6KD54YX2U2,1,G,6,K,D,5,4,Y,X,2,U,2,0,P,CADI,DFW,4D,2,17,3978,,0,1153,,G,,0,0,000000000,00000000000,0,0,0,1,0,0,0,0,0,0,0,998,0,0,0,3,3,6,2,12,0,0,0,1,40,73020,6,1,0,0,3,0,73,205,0,0,0,0,0,0,0,0,0,0,48,0,0,0,1,2,55,1,1,2,1,0,0,11,15,1,1,1,68,1,0
40,400611,2,2,4,17,12,16,30,12,6,1,0,40,1,23,421,23421,15,2005,1GKEC13T65R2,1,G,K,E,C,1,3,T,6,5,R,2,0,T,GMC,YUK,4W,5,17,,2,0,1160,YUK,G,,0,0,000000000,00000000000,0,0,0,1,0,0,0,0,0,0,0,998,7,0,0,12,12,6,2,12,0,0,0,1,40,73020,6,1,0,0,3,0,64,130,0,0,0,0,0,0,0,0,0,0,0,0,0,0,1,2,55,1,1,2,1,0,0,1,62,4,1,1,69,0,0
40,400612,1,1,2,10,11,18,48,8,0,1,0,40,1,37,441,37441,20,2008,5FNRL38728B0,5,F,N,R,L,3,8,7,2,8,B,0,0,P,HOND,UDY,SV,8,17,4550,,0,1181,,G,,0,0,000000000,00000000000,0,0,0,1,0,0,0,0,0,0,0,998,0,0,0,12,12,2,1,8,0,0,0,1,40,73505,6,1,0,0,3,0,67,190,0,0,0,1,0,12,2008,12,2008,0,0,0,0,0,2,3,45,1,1,1,1,3,3,1,80,4,1,1,13,0,0
40,400613,1,1,2,20,11,23,51,53,0,1,1,40,1,7,402,7402,14,2002,1B4HR58Z02F1,1,B,4,H,R,5,8,Z,0,2,F,1,0,P,DODG,DUR,UT,2,17,4393,,0,1160,,G,,0,0,000000000,00000000000,0,0,0,1,0,0,0,0,0,0,0,998,0,1,5,11,11,6,2,1,0,0,0,1,40,74804,6,1,0,0,3,0,73,215,0,0,0,0,0,0,0,0,0,1,0,0,0,0,1,2,40,1,6,2,1,28,3,1,13,1,3,4,2,1,0
40,400614,1,2,3,5,11,20,47,12,6,1,0,40,2,19,3,19003,2,1993,1G6CD13B5P42,1,G,6,C,D,1,3,B,5,P,4,2,0,P,CADI,DFW,CP,93,17,3424,,0,1108,,G,,0,0,000000000,00000000000,0,0,0,1,0,0,0,0,0,0,0,998,0,0,0,3,3,6,2,12,0,0,0,1,40,74403,2,1,0,0,2,0,71,140,0,0,0,0,3,5,2009,11,2010,0,38,0,0,0,2,4,45,1,1,1,1,0,0,11,15,10,1,1,68,1,1
40,400614,2,2,1,5,11,20,47,12,6,1,0,40,1,7,880,7880,67,2001,1B7MC33651J5,1,B,7,M,C,3,3,6,5,1,J,5,0,T,DODG,Q35,4C,1,17,,3,0,1547,RPC,D,,0,88,888888888,88888888888,2,1,96,1,0,0,0,0,0,0,0,998,0,0,0,12,12,6,2,12,0,0,0,1,40,74403,6,1,0,0,3,0,74,220,0,0,0,0,0,0,0,0,0,0,0,0,0,0,2,4,45,1,1,1,1,0,0,1,62,1,1,1,69,0,0
40,400615,1,2,1,15,10,8,45,12,6,1,0,40,1,12,481,12481,31,1994,1FTEX15H6RKC,1,F,T,E,X,1,5,H,6,R,K,C,0,T,FORD,F15,PS,94,17,,2,1550,1390,COF,G,,0,0,000000000,00000000000,0,0,0,1,0,0,0,0,0,0,0,998,0,0,0,12,12,6,2,12,0,0,0,1,40,73533,6,1,0,0,3,0,66,135,0,0,0,0,0,0,0,0,0,0,48,0,0,0,1,2,35,2,1,2,1,0,0,14,17,3,1,2,86,1,0
40,400615,2,2,1,15,10,8,45,12,6,1,0,40,1,12,481,12481,31,2006,1FTRF122X6NA,1,F,T,R,F,1,2,2,X,6,N,A,5,T,FORD,F15,PK,6,17,,2,1450,1260,COF,G,,3,0,000000000,00000000000,8,0,0,1,0,0,0,0,0,0,0,998,0,0,0,3,3,6,2,12,0,0,0,1,40,73529,6,1,0,0,3,0,69,165,0,0,0,0,0,0,0,0,0,0,0,0,0,0,1,2,35,1,1,2,1,0,0,1,66,1,1,1,87,0,0
40,400616,1,2,1,28,10,11,58,12,6,1,0,40,1,9,442,9442,20,1998,2P4FP25B0WR6,2,P,4,F,P,2,5,B,0,W,R,6,0,P,PLYM,VOF,SV,98,17,3428,,0,1133,,G,,0,0,000000000,00000000000,0,0,0,1,0,0,0,0,0,0,0,998,0,0,0,10,10,6,2,12,0,0,0,1,40,73055,6,1,0,0,3,0,64,200,0,0,0,0,0,0,0,0,0,0,38,0,0,0,1,2,45,1,1,2,1,20,3,4,17,1,1,1,89,0,0
40,400616,2,2,1,28,10,11,58,12,6,1,0,40,1,73,706,73706,80,2007,JKBVNAN137A0,J,K,B,V,N,A,N,1,3,7,A,0,0,M,KAWK,V5N,RS,7,17,,,,,,,1470,0,0,000000000,00000000000,0,0,0,1,0,0,0,0,0,0,0,998,0,0,0,12,12,6,2,12,0,0,0,1,40,73055,6,1,0,0,3,0,68,180,0,0,0,0,0,0,0,0,0,0,0,0,0,0,1,2,45,1,6,2,1,0,0,1,66,1,1,1,88,1,0
40,400617,1,2,2,17,12,11,29,12,6,1,0,40,1,2,404,2404,14,1999,1J4GW68N7XC5,1,J,4,G,W,6,8,N,7,X,C,5,0,T,JEEP,LMT,4W,99,17,,1,0,1059,GCK,G,,0,0,000000000,00000000000,0,0,0,1,0,0,0,0,0,0,0,998,1,0,0,12,12,6,2,12,0,0,0,1,40,74859,6,1,0,0,3,0,64,160,0,0,0,0,0,0,0,0,0,0,39,0,0,0,1,2,45,1,1,1,1,20,3,1,17,1,1,1,69,2,0
40,400617,2,2,1,17,12,11,29,12,6,1,0,48,3,82,881,82881,66,2005,1FUJA6CK15DV,1,F,U,J,A,6,C,K,1,5,D,V,1,T,FRHT,COL,DS,5,17,,8,0,0,CON,D,,1,57,01040998,5701040998,3,6,3,1,0,0,0,0,0,0,0,998,0,0,0,9,9,4,1,12,0,0,0,1,40,74437,6,1,6,0,3,0,72,200,0,0,0,0,0,0,0,0,0,0,0,0,0,0,1,2,30,1,1,1,1,20,3,11,66,1,1,1,68,0,0
40,400618,1,2,1,18,3,13,37,12,6,1,0,40,1,12,17,12017,4,2001,1FAFP55211A2,1,F,A,F,P,5,5,2,1,1,A,2,0,P,FORD,TSS,4D,1,17,3343,,0,1085,,F,,0,0,000000000,00000000000,0,0,0,1,0,0,0,0,0,0,0,998,0,0,0,8,9,6,2,12,0,0,0,1,40,74342,6,1,0,0,3,0,68,185,0,0,0,0,0,0,0,0,0,0,38,0,0,0,3,3,55,1,1,2,1,20,3,11,15,1,1,1,82,1,0
40,400618,2,2,2,18,3,13,37,12,6,1,0,40,1,20,481,20481,31,2008,1GCEK14X88Z2,1,G,C,E,K,1,4,X,8,8,Z,2,0,T,CHEV,SK1,PK,8,17,,2,1330,1190,SIL,G,,0,0,000000000,00000000000,0,0,0,1,0,0,0,0,0,0,0,998,0,0,0,12,14,6,2,12,0,0,0,1,40,74366,6,1,6,0,3,0,68,240,0,0,0,0,0,0,0,0,0,0,0,0,0,0,3,3,55,1,1,2,1,0,0,1,67,1,1,1,83,0,0
40,400619,1,1,1,31,12,19,0,30,0,1,0,40,1,37,403,37403,14,2008,5J6YH28778L0,5,J,6,Y,H,2,8,7,7,8,L,0,0,P,HOND,ELE,UT,8,17,3661,,0,1014,,G,,0,0,000000000,00000000000,0,0,0,1,0,0,0,0,0,0,0,998,0,0,0,11,11,6,2,30,0,0,0,1,40,73110,6,1,0,0,3,3,73,180,0,0,0,0,0,0,0,0,0,0,0,0,0,0,1,4,55,1,1,2,1,0,0,1,12,1,1,4,6,1,0
40,400620,1,2,2,21,12,19,21,12,1,1,0,40,1,12,481,12481,31,1997,1FTDF1729VKC,1,F,T,D,F,1,7,2,9,V,K,C,0,T,FORD,F15,PK,97,17,,1,1390,1200,COF,G,,0,0,000000000,00000000000,0,0,0,1,0,0,0,0,0,0,0,998,0,1,5,6,6,6,2,1,0,0,0,1,40,74851,6,1,0,0,3,0,72,200,0,0,0,0,0,0,0,0,0,0,0,0,0,0,3,2,70,1,1,1,1,0,0,1,53,1,1,2,25,1,0