STATE,ST_CASE,VEH_NO,VE_FORMS,NUMOCCS,DAY,MONTH,HOUR,MINUTE,HARM_EV,MAN_COLL,UNITTYPE,HIT_RUN,REG_STAT,OWNER,MAKE,MODEL,MAK_MOD,BODY_TYP,MOD_YEAR,VIN,VIN_1,VIN_2,VIN_3,VIN_4,VIN_5,VIN_6,VIN_7,VIN_8,VIN_9,VIN_10,VIN_11,VIN_12,TOW_VEH,VINTYPE,VINMAKE,VINA_MOD,VIN_BT,VINMODYR,VIN_LNGT,VIN_WGT,WGTCD_TR,WHLBS_LG,WHLBS_SH,SER_TR,FUELCODE,MCYCL_DS,J_KNIFE,MCARR_I1,MCARR_I2,MCARR_ID,GVWR,V_CONFIG,CARGO_BT,HAZ_INV,HAZ_PLAC,HAZ_ID,HAZ_CNO,HAZ_REL,BUS_USE,SPEC_USE,EMER_USE,TRAV_SP,UNDERIDE,ROLLOVER,ROLINLOC,IMPACT1,IMPACT2,DEFORMED,TOWED,M_HARM,VEH_SC1,VEH_SC2,FIRE_EXP,DR_PRES,L_STATE,DR_ZIP,L_STATUS,L_TYPE,CDL_STAT,L_ENDORS,L_COMPL,L_RESTRI,DR_HGT,DR_WGT,PREV_ACC,PREV_SUS,PREV_DWI,PREV_SPD,PREV_OTH,FIRST_MO,FIRST_YR,LAST_MO,LAST_YR,SPEEDREL,DR_SF1,DR_SF2,DR_SF3,DR_SF4,VTRAFWAY,VNUM_LAN,VSPD_LIM,VALIGN,VPROFILE,VPAVETYP,VSURCOND,VTRAFCON,VTCONT_F,P_CRASH1,P_CRASH2,P_CRASH3,PCRASH4,PCRASH5,ACC_TYPE,DEATHS,DR_DRINK
40,400620,2,2,1,21,12,19,21,12,1,1,0,40,2,12,481,12481,31,1999,1FTZF1721XKC,1,F,T,Z,F,1,7,2,1,X,K,C,0,T,FORD,F15,PK,99,17,,1,1385,1199,COF,G,,0,0,000000000,00000000000,0,0,0,1,0,0,0,0,0,0,0,998,0,1,5,12,12,6,2,1,0,0,0,1,40,73106,6,1,6,0,3,3,80,300,0,1,0,5,1,9,2008,10,2010,0,0,0,0,0,3,2,70,1,1,1,1,0,0,15,51,1,1,2,24,0,0
40,400621,1,1,1,22,11,20,45,30,0,1,0,40,1,12,37,12037,3,2005,3FAFP31N25R1,3,F,A,F,P,3,1,N,2,5,R,1,0,P,FORD,FZX,3P,5,17,2654,,0,1030,,G,,0,0,000000000,00000000000,0,0,0,1,0,0,0,0,0,0,0,998,0,0,0,12,12,4,1,30,0,0,0,1,40,73050,6,1,0,0,3,3,77,300,0,0,0,0,0,0,0,0,0,0,0,0,0,0,1,2,98,2,1,2,1,0,0,14,13,1,1,4,1,1,0
40,400622,1,1,2,30,10,22,30,8,0,1,0,40,2,20,481,20481,31,1991,2GCGC29N3M11,2,G,C,G,C,2,9,N,3,M,1,1,0,T,CHEV,GC2,PC,91,17,,2,1555,1415,GM4,G,,0,0,000000000,00000000000,0,0,0,1,0,0,0,0,0,0,0,998,0,0,0,12,12,0,3,8,0,0,0,1,40,73015,6,1,0,0,3,3,72,300,0,0,0,0,1,1,2008,1,2008,0,0,0,0,0,1,2,25,1,5,2,1,28,3,11,80,1,1,1,13,0,0
40,400623,1,2,2,7,4,9,35,12,6,1,0,29,1,12,17,12017,4,1990,1FACP50U5LG2,1,F,A,C,P,5,0,U,5,L,G,2,0,P,FORD,TAL,4D,90,17,2956,,0,1060,,G,,0,0,000000000,00000000000,0,0,0,1,0,0,0,0,0,0,0,998,0,0,0,9,9,6,2,12,0,0,0,1,29,65625,6,1,0,0,3,3,59,170,0,0,0,0,0,0,0,0,0,0,38,0,0,0,2,2,55,1,1,2,1,20,3,11,15,1,1,1,82,1,0
40,400623,2,2,1,7,4,9,35,12,6,1,0,20,3,85,881,85881,63,1995,2XKDD69X6SM6,2,X,K,D,D,6,9,X,6,S,M,6,1,T,KW,T80,DS,95,17,,8,0,1600,CON,D,,1,99,999999999,99999999999,3,2,98,1,0,0,0,0,0,0,0,998,0,0,0,12,12,6,2,12,0,0,0,1,20,66739,6,1,6,0,3,0,72,190,0,0,0,0,0,0,0,0,0,0,0,0,0,0,2,2,65,1,1,2,1,0,0,1,67,4,1,1,83,0,0
41,410001,1,1,1,13,1,5,12,8,0,1,0,41,2,49,48,49048,5,2005,JTKKT6243500,J,T,K,K,T,6,2,4,3,5,0,0,0,P,TOYT,SXA,4H,5,17,2340,,0,933,,G,,0,0,000000000,00000000000,0,0,0,1,0,0,0,0,0,0,0,998,0,0,0,12,12,2,3,8,0,0,0,1,41,97035,6,1,0,0,3,1,64,133,0,0,0,0,1,6,2008,6,2008,0,0,0,0,0,2,4,55,1,1,2,2,0,0,1,80,1,1,1,13,0,0
41,410002,1,1,1,14,1,14,51,42,0,1,0,92,0,35,32,35032,2,1987,JN1VS26S8HW0,J,N,1,V,S,2,6,S,8,H,W,0,0,P,NISS,SX,2H,87,17,2902,,0,955,,G,,0,0,000000000,00000000000,0,0,0,1,0,0,0,0,0,0,0,998,0,0,0,3,3,6,2,42,0,0,0,1,41,97448,6,1,0,0,3,0,70,160,1,6,0,0,10,6,2008,1,2010,0,0,0,0,0,1,2,55,2,1,2,1,40,3,14,13,99,4,4,2,1,0
41,410003,1,1,1,15,1,18,8,8,0,1,0,41,1,37,32,37032,4,1989,JHMCA564XKC0,J,H,M,C,A,5,6,4,X,K,C,0,0,P,HOND,LXI,4D,89,17,2553,,0,1024,,G,,0,0,000000000,00000000000,0,0,0,1,0,0,0,0,0,0,0,998,0,0,0,12,12,2,3,8,0,0,0,1,41,97116,6,1,0,0,3,0,70,130,0,0,0,1,0,5,2009,5,2009,0,0,0,0,0,1,2,40,1,1,2,2,20,3,1,80,1,1,1,13,0,0
41,410004,1,2,1,22,1,7,0,8,0,1,0,53,1,20,481,20481,31,1991,2GCFK29K0M11,2,G,C,F,K,2,9,K,0,M,1,1,0,T,CHEV,GK2,PC,91,17,,2,1555,1415,GM4,G,,0,0,000000000,00000000000,0,0,0,1,0,0,0,0,0,0,0,998,0,0,0,12,12,4,3,8,0,0,0,1,53,98531,6,1,0,0,3,1,73,170,0,0,0,0,0,0,0,0,0,1,0,0,0,0,1,2,55,1,1,2,2,4,3,1,17,1,1,1,13,0,0
41,410004,2,2,0,22,1,7,0,8,0,1,0,41,6,20,481,20481,31,2007,1GCHK33607F5,1,G,C,H,K,3,3,6,0,7,F,5,1,T,CHEV,SK3,CW,7,17,,2,0,1670,SIL,D,,1,0,000000000,00000000000,0,0,0,1,0,0,0,0,0,0,0,0,0,0,0,83,83,6,2,12,0,0,0,0,,,,,,,,,999,,,,,,,,,,,,0,0,0,0,1,2,55,1,1,2,2,0,0,0,54,0,0,0,98,0,0
41,410005,1,1,1,23,1,19,20,8,0,1,0,41,1,12,24,12024,6,2010,2FMDK4JC9ABA,2,F,M,D,K,4,J,C,9,A,B,A,0,P,FORD,EDG,UT,10,17,4288,,0,1112,,G,,0,0,000000000,00000000000,0,0,0,1,0,0,0,0,0,0,0,998,0,0,0,12,12,4,3,8,0,0,0,1,41,97236,6,1,0,0,3,0,69,230,0,0,0,0,0,0,0,0,0,0,0,0,0,0,5,4,40,1,1,2,1,0,0,1,80,1,1,1,13,0,0
41,410006,1,2,1,25,1,7,44,12,2,1,0,93,3,85,881,85881,66,2000,1XKWD69XXYJ8,1,X,K,W,D,6,9,X,X,Y,J,8,2,T,KW,W90,DS,0,17,,8,2850,1600,CON,D,,3,57,0307391,570307391,3,7,2,1,0,0,0,0,0,0,0,998,0,0,0,12,0,6,2,12,0,0,0,1,53,98512,6,1,6,1,3,0,70,220,0,0,0,0,0,0,0,0,0,1,87,0,0,0,1,2,55,3,6,2,4,0,0,14,6,1,1,2,50,0,0
41,410006,2,2,1,25,1,7,44,12,2,1,0,41,1,49,401,49401,14,2004,JTEBT14R3480,J,T,E,B,T,1,4,R,3,4,8,0,0,P,TOYT,RUN,UT,4,17,4330,,0,1098,,G,,0,0,000000000,00000000000,0,0,0,1,0,0,0,0,0,0,0,998,0,1,5,12,12,6,2,12,0,0,0,1,41,97037,6,1,0,0,3,0,68,215,0,0,0,0,0,0,0,0,0,0,0,0,0,0,1,2,55,2,5,2,4,0,0,14,62,99,1,1,51,1,0
41,410007,1,1,1,26,1,18,34,8,0,1,0,41,1,7,18,7018,4,1989,1B3BC46K4KD5,1,B,3,B,C,4,6,K,4,K,D,5,0,P,DODG,DYN,4D,89,17,2992,,0,1043,,G,,0,0,000000000,00000000000,0,0,0,1,0,0,0,0,0,0,0,998,0,0,0,12,12,2,3,8,0,0,0,1,41,97080,6,1,0,0,3,1,68,198,0,0,0,0,0,0,0,0,0,0,0,0,0,0,5,4,99,1,5,2,1,0,0,1,80,1,1,1,13,0,0
41,410008,1,1,1,9,1,99,99,3,0,1,0,41,1,7,43,7043,2,2001,4B3AG52H91E1,4,B,3,A,G,5,2,H,9,1,E,1,0,P,DODG,SRS,2P,1,17,3098,,0,1037,,G,,0,0,000000000,00000000000,0,0,0,1,0,0,0,0,0,0,0,998,0,0,0,0,0,6,2,3,0,0,0,1,41,97478,6,1,0,0,3,0,65,150,0,0,0,0,0,0,0,0,0,1,0,0,0,0,1,2,99,1,1,2,99,0,0,1,13,1,1,4,0,1,1
41,410009,1,2,1,11,1,16,45,12,6,1,0,41,1,12,3,12003,2,2005,1ZVHT82H5551,1,Z,V,H,T,8,2,H,5,5,5,1,0,P,FORD,MGT,CP,5,17,3450,,0,1071,,G,,0,0,000000000,00000000000,0,0,0,1,0,0,0,0,0,0,0,998,0,0,0,12,12,6,2,12,0,0,0,1,41,97437,6,1,0,0,3,0,80,190,0,0,0,0,0,0,0,0,0,1,0,0,0,0,1,2,45,1,1,2,1,0,0,1,67,8,1,1,83,0,0
41,410009,2,2,2,11,1,16,45,12,6,1,0,41,1,49,442,49442,20,2001,4T3ZF13C11U4,4,T,3,Z,F,1,3,C,1,1,U,4,0,P,TOYT,SIE,SV,1,17,3932,,0,1142,,G,,0,0,000000000,00000000000,0,0,0,1,0,0,0,0,0,0,0,998,0,0,0,9,9,6,2,12,0,0,0,1,41,97487,6,1,0,0,3,0,65,125,0,0,0,0,0,0,0,0,0,0,38,0,0,0,1,2,45,1,1,2,1,20,3,11,15,1,1,1,82,1,0
41,410010,1,1,1,11,1,6,22,8,0,1,0,41,1,7,43,7043,4,2005,1B3EL46R35N7,1,B,3,E,L,4,6,R,3,5,N,7,0,P,DODG,SRX,4D,5,17,3093,,0,1080,,G,,0,0,000000000,00000000000,0,0,0,1,0,0,0,0,0,0,0,998,0,0,0,12,12,2,4,8,0,0,0,1,41,97411,6,1,0,0,3,0,65,145,0,0,0,1,0,8,2008,8,2008,0,0,0,0,0,1,2,45,2,1,2,2,0,0,14,80,1,1,1,13,0,0
41,410011,1,2,1,27,1,10,5,12,2,1,0,41,1,12,481,12481,31,1994,1FTEF14N6RLA,1,F,T,E,F,1,4,N,6,R,L,A,0,T,FORD,F15,PK,94,17,,2,1330,1170,COF,G,,0,0,000000000,00000000000,0,0,0,1,0,0,0,0,0,0,0,998,0,0,0,12,12,6,2,12,0,0,1,1,41,97914,6,1,0,0,3,0,72,195,0,0,0,0,0,0,0,0,0,0,28,0,0,0,1,2,55,1,1,2,2,0,0,1,10,1,1,2,50,1,0
41,410011,2,2,1,27,1,10,5,12,2,1,0,93,3,85,881,85881,66,1994,1XKAD69X3RS6,1,X,K,A,D,6,9,X,3,R,S,6,1,T,KW,T60,DS,94,17,,8,0,1600,CON,D,,3,57,0968758,570968758,3,6,3,1,0,0,0,0,0,0,0,998,0,0,0,12,12,6,2,12,0,0,0,1,16,83607,6,1,6,0,3,0,72,220,0,0,0,1,0,11,2009,11,2009,0,0,0,0,0,1,2,55,1,1,2,2,0,0,1,62,2,1,1,51,0,0
41,410012,1,1,1,28,1,18,35,9,0,1,0,41,1,12,481,12481,31,1998,2FTZX18W1WCA,2,F,T,Z,X,1,8,W,1,W,C,A,0,T,FORD,F15,3C,98,17,,1,1570,1390,COF,G,,0,0,000000000,00000000000,0,0,0,1,0,0,0,0,0,0,0,998,0,0,0,12,12,2,1,9,0,0,0,1,41,97375,6,1,0,0,3,0,67,135,1,0,0,0,0,7,2007,7,2007,0,0,0,0,0,1,2,55,1,1,2,1,0,0,1,85,99,9,9,13,0,0
41,410013,1,1,1,29,1,18,28,8,0,1,0,41,1,12,481,12481,31,1996,1FTHX25F8TEB,1,F,T,H,X,2,5,F,8,T,E,B,0,T,FORD,F25,PS,96,17,,2,1550,1390,COF,D,,0,0,000000000,00000000000,0,0,0,1,0,0,0,0,0,0,0,998,0,0,0,12,12,2,1,8,0,0,0,1,41,97402,6,1,0,0,3,1,72,158,1,0,0,0,0,1,2010,1,2010,0,0,0,0,0,5,4,40,1,1,2,1,0,0,15,80,99,1,1,13,0,0
41,410014,1,2,2,1,2,10,5,12,6,1,0,41,2,12,481,12481,31,2003,1FTNF20L13EB,1,F,T,N,F,2,0,L,1,3,E,B,1,T,FORD,F2S,PK,3,17,,2,0,1370,SRW,G,,1,0,000000000,00000000000,0,0,0,1,0,0,0,0,0,0,0,998,0,0,0,12,12,2,3,12,0,0,0,1,41,97478,6,1,0,0,3,0,68,195,0,0,0,0,0,0,0,0,0,0,0,0,0,0,1,2,55,1,1,2,2,0,0,1,67,3,2,1,83,0,0
41,410014,2,2,1,1,2,10,5,12,6,1,0,41,1,18,7,18007,4,2003,2G4WS52J8311,2,G,4,W,S,5,2,J,8,3,1,1,0,P,BUIC,CCU,4D,3,17,3368,,0,1090,,G,,0,0,000000000,00000000000,0,0,0,1,0,0,0,0,0,0,0,998,0,0,0,9,9,6,2,12,0,0,0,1,41,97402,6,1,0,0,3,0,71,180,0,0,0,0,0,0,0,0,0,0,38,0,0,0,1,2,55,1,1,2,2,20,3,11,15,1,1,2,82,1,0
41,410015,1,1,1,1,2,10,0,15,0,1,0,41,3,82,883,82883,66,2001,1FUJA6BD51PJ,1,F,U,J,A,6,B,D,5,1,P,J,1,T,FRHT,COL,DS,1,17,,8,0,0,CON,D,,1,57,0234838,570234838,3,6,1,1,0,0,0,0,0,0,0,998,0,0,0,12,12,0,1,15,0,0,0,1,41,97355,6,1,6,0,3,0,70,150,0,0,0,0,0,0,0,0,0,0,0,0,0,0,5,4,55,1,1,2,2,2,3,10,80,1,1,2,13,0,0
41,410016,1,1,1,4,2,10,45,35,0,1,0,41,3,87,881,87881,66,1986,205850KP,2,0,5,8,5,0,K,P,,,,,1,P,,,,12,,,,,,,,,1,57,1341034,571341034,3,6,10,1,0,0,0,0,0,0,0,998,0,0,0,12,12,6,2,72,0,0,0,1,41,97424,6,1,6,0,3,1,69,205,0,0,0,0,0,0,0,0,0,0,0,0,0,0,1,2,55,1,1,2,1,0,0,1,13,1,1,4,1,1,0
41,410017,1,1,1,3,2,20,41,8,0,1,0,30,1,12,15,12015,2,1990,2FAPP36X3LB1,2,F,A,P,P,3,6,X,3,L,B,1,0,P,FORD,TGL,4D,90,17,2587,,0,999,,G,,0,0,000000000,00000000000,0,0,0,1,0,0,0,0,0,0,0,998,0,0,0,12,12,2,1,8,0,0,0,1,30,59752,6,1,0,0,3,0,64,120,98,0,0,0,0,0,0,0,0,0,0,0,0,0,1,2,45,1,1,2,2,0,0,1,80,1,1,1,13,0,0
41,410018,1,1,1,5,2,22,26,8,0,1,0,41,1,7,442,7442,20,1986,2B4FK51G9GR7,2,B,4,F,K,5,1,G,9,G,R,7,0,T,DODG,CLE,MP,86,17,,1,0,1120,CAR,G,,0,0,000000000,00000000000,0,0,0,1,0,0,0,0,0,0,0,998,0,0,0,12,12,2,3,8,0,0,0,1,41,97321,6,1,0,0,3,0,62,250,0,0,0,0,0,0,0,0,0,0,0,0,0,0,5,4,55,1,1,2,1,0,0,1,80,1,1,1,13,0,0
41,410019,1,1,1,24,2,18,18,8,0,1,0,41,1,20,481,20481,31,2002,2GCEK19T8211,2,G,C,E,K,1,9,T,8,2,1,1,0,T,CHEV,SK1,4C,2,17,,2,1575,1435,SIL,G,,0,0,000000000,00000000000,0,0,0,1,0,0,0,0,0,0,0,998,0,0,0,12,12,2,3,8,0,0,0,1,41,97202,6,1,0,0,3,1,68,165,0,3,0,2,4,4,2007,2,2009,0,0,0,0,0,1,4,35,1,1,2,2,0,0,1,80,1,1,1,13,0,0
41,410020,1,2,4,10,2,21,23,12,6,1,0,41,1,6,43,6043,4,2002,1C3EL46R92N3,1,C,3,E,L,4,6,R,9,2,N,3,0,P,CHRY,SLX,4D,2,17,3118,,0,1080,,G,,0,0,000000000,00000000000,0,0,0,1,0,0,0,0,0,0,0,998,0,0,0,12,12,6,2,9,0,0,0,1,41,97463,6,1,0,0,3,0,68,150,1,0,0,0,0,8,2008,8,2008,1,35,0,0,0,1,2,55,1,1,2,1,0,0,6,11,6,1,2,64,0,0
41,410020,2,2,2,10,2,21,23,12,6,1,0,41,1,12,37,12037,4,2002,1FAFP34P42W2,1,F,A,F,P,3,4,P,4,2,W,2,0,P,FORD,FSC,4D,2,17,2604,,0,1030,,G,,0,0,000000000,00000000000,0,0,0,1,0,0,0,0,0,0,0,998,0,0,0,2,2,4,3,12,0,0,0,1,41,97426,6,1,0,0,3,0,64,145,0,2,0,1,0,5,2009,9,2009,0,0,0,0,0,1,2,55,1,1,2,1,0,0,1,54,1,1,1,65,0,0
41,410021,1,2,1,11,2,16,58,12,2,1,0,41,1,48,401,48401,14,2004,JF1SG65674H7,J,F,1,S,G,6,5,6,7,4,H,7,0,P,SUBA,FOR,UT,4,17,3095,,0,994,,G,,0,0,000000000,00000000000,0,0,0,1,0,0,0,0,0,0,0,998,0,0,0,12,12,6,2,12,0,0,0,1,41,97341,6,1,0,0,3,1,66,141,0,0,0,0,0,0,0,0,0,0,28,0,0,0,1,2,55,2,1,2,2,0,0,14,10,1,1,2,50,0,0
41,410021,2,2,2,11,2,16,58,12,2,1,0,41,2,12,471,12471,30,1986,1FTCR10T0GUA,1,F,T,C,R,1,0,T,0,G,U,A,0,T,FORD,RNG,PK,86,17,,1,1140,1080,RNG,G,,0,0,000000000,00000000000,0,0,0,1,0,0,0,0,0,0,0,998,0,0,0,12,12,6,2,12,0,0,0,1,41,97391,6,1,0,0,3,1,69,200,0,0,0,0,0,0,0,0,0,0,0,0,0,0,1,2,55,3,1,2,2,0,0,14,62,1,1,1,51,2,0
41,410022,1,2,2,14,2,22,48,12,6,1,0,41,5,37,31,37031,2,1997,1HGEJ6121VL0,1,H,G,E,J,6,1,2,1,V,L,0,0,P,HOND,UCD,CP,97,17,2271,,0,1032,,G,,0,0,000000000,00000000000,0,0,0,1,0,0,0,0,0,0,0,999,0,0,0,3,3,6,2,12,0,0,0,1,41,97470,0,0,0,0,0,0,74,180,0,1,0,0,0,4,2007,4,2007,1,28,37,0,0,5,4,45,1,1,2,1,0,0,3,6,1,4,2,64,1,0
41,410022,2,2,1,14,2,22,48,12,6,1,0,41,3,12,16,12016,4,2009,2FAHP71V59X1,2,F,A,H,P,7,1,V,5,9,X,1,0,P,FORD,CVP,4D,9,17,0,,0,1147,,F,,0,0,000000000,00000000000,0,0,0,1,0,0,0,0,0,5,1,998,0,0,0,12,12,6,2,12,0,0,0,1,41,97470,6,1,0,0,3,0,72,260,1,0,0,0,1,1,2008,3,2008,0,16,37,0,0,5,4,45,1,1,2,1,0,0,2,62,1,1,1,65,0,0
41,410024,1,2,4,18,2,9,29,12,2,1,0,41,1,12,422,12422,15,1998,1FMPU18L5WLB,1,F,M,P,U,1,8,L,5,W,L,B,0,P,FORD,EPT,UT,98,17,5177,,0,1190,,G,,0,0,000000000,00000000000,0,0,0,1,0,0,0,0,0,0,0,998,0,0,0,12,12,6,2,12,0,0,0,1,41,97394,6,1,0,0,3,1,70,200,1,0,0,0,0,12,2009,12,2009,0,28,0,0,0,1,2,55,3,2,2,1,0,0,14,10,1,1,2,50,0,0
41,410024,2,2,2,18,2,9,29,12,2,1,0,53,1,35,39,35039,4,2005,1N4BA41E55C8,1,N,4,B,A,4,1,E,5,5,C,8,0,P,NISS,MEL,4D,5,17,3321,,0,1112,,G,,0,0,000000000,00000000000,0,0,0,1,0,0,0,0,0,0,0,998,0,0,0,12,12,6,2,12,0,0,0,1,53,98532,6,1,0,0,3,0,67,172,0,0,0,0,0,0,0,0,0,0,0,0,0,0,1,2,55,2,2,2,1,0,0,14,62,99,1,1,51,1,0
41,410025,1,1,1,22,2,99,99,35,0,1,0,41,2,41,471,41471,30,1997,4F4CR13X8VTM,4,F,4,C,R,1,3,X,8,V,T,M,0,T,MAZD,4RC,PK,97,17,,1,0,1079,B40,G,,0,0,000000000,00000000000,0,0,0,1,0,0,0,0,0,0,0,998,0,1,6,12,12,6,2,3,0,0,0,1,41,97750,6,1,0,0,3,0,70,190,0,0,0,0,0,0,0,0,0,0,0,0,0,0,1,2,55,3,1,2,1,0,0,14,13,1,1,4,1,1,0
41,410026,1,1,1,13,2,13,50,1,0,1,0,0,0,73,734,73734,90,9999,999999999999,9,9,9,9,9,9,9,9,9,9,9,9,0,U,,,,9,17,,,,,,,,0,0,000000000,00000000000,0,0,0,1,0,0,0,0,0,0,0,998,0,2,5,0,0,0,1,1,0,0,0,1,41,97526,6,1,0,0,3,1,72,190,0,0,0,0,0,0,0,0,0,0,0,0,0,0,1,2,0,1,1,5,11,0,0,1,13,1,1,4,1,1,0
41,410027,1,2,1,22,2,18,55,12,6,1,0,41,1,48,34,48034,6,1995,4S3BK6558S73,4,S,3,B,K,6,5,5,8,S,7,3,0,P,SUBA,SI4,SW,95,17,3120,,0,1035,,G,,0,0,000000000,00000000000,0,0,0,1,0,0,0,0,0,0,0,998,0,0,0,9,9,6,2,12,0,0,0,1,41,97045,6,1,0,0,3,1,65,145,0,0,0,0,0,0,0,0,0,0,38,0,0,0,1,2,55,1,1,2,1,20,3,11,15,99,1,2,82,1,0
41,410027,2,2,2,22,2,18,55,12,6,1,0,41,2,12,481,12481,31,1998,1FTZX1726WNB,1,F,T,Z,X,1,7,2,6,W,N,B,0,T,FORD,F15,3C,98,17,,1,1570,1390,COF,G,,0,0,000000000,00000000000,0,0,0,1,0,0,0,0,0,0,0,998,0,0,0,12,12,4,3,12,0,0,0,1,41,97071,0,0,0,0,0,0,65,160,0,0,0,0,0,0,0,0,0,0,0,0,0,0,1,2,55,1,1,2,1,0,0,1,67,99,1,1,83,0,0
41,410028,1,1,1,23,2,99,99,58,0,1,0,41,1,48,31,48031,6,1987,JF1AN43B5HB4,J,F,1,A,N,4,3,B,5,H,B,4,0,P,SUBA,GL,SW,87,17,2395,,0,970,,G,,0,0,000000000,00000000000,0,0,0,1,0,0,0,0,0,0,0,998,0,0,0,14,0,4,3,58,0,0,0,1,41,97711,6,1,6,0,3,0,76,225,0,0,0,0,0,0,0,0,0,1,0,0,0,0,1,2,25,2,6,2,99,0,0,1,6,1,1,4,6,1,0
41,410029,1,1,2,28,2,5,36,30,0,1,1,41,2,63,441,63441,20,2003,KNDUP1311363,K,N,D,U,P,1,3,1,1,3,6,3,0,P,KIA,SED,SV,3,17,4709,,0,1145,,G,,0,0,000000000,00000000000,0,0,0,1,0,0,0,0,0,0,0,999,0,0,0,12,12,6,2,30,0,0,0,1,41,97217,6,1,0,0,3,0,70,190,0,0,0,0,0,0,0,0,0,0,91,0,0,0,5,4,40,1,1,2,1,0,0,1,8,1,1,4,6,1,1
41,410030,1,2,4,16,1,15,40,12,2,1,0,41,1,32,43,32043,4,2003,WAULC68E83A2,W,A,U,L,C,6,8,E,8,3,A,2,0,P,AUDI,41Q,4D,3,17,3311,,0,1043,,G,,0,0,000000000,00000000000,0,0,0,1,0,0,0,0,0,0,0,998,0,0,0,12,12,6,2,12,0,0,0,1,41,97327,6,1,0,0,3,0,74,275,0,0,0,1,2,6,2009,6,2009,1,28,0,0,0,1,2,55,2,2,2,2,0,0,14,10,99,1,2,50,0,0
41,410030,2,2,5,16,1,15,40,12,2,1,0,41,1,49,40,49040,4,2001,JT2BG22K1105,J,T,2,B,G,2,2,K,1,1,0,5,0,P,TOYT,CXL,4D,1,17,3120,,0,1051,,G,,0,0,000000000,00000000000,0,0,0,1,0,0,0,0,0,0,0,998,0,0,0,12,12,6,2,12,0,0,0,1,41,97405,6,1,0,0,3,1,66,132,0,0,0,0,0,0,0,0,0,0,0,0,0,0,1,2,55,3,2,2,2,0,0,14,62,99,1,1,51,1,0
41,410031,1,1,3,22,3,20,55,8,0,1,0,41,1,18,2,18002,4,2002,1G4HP54K5241,1,G,4,H,P,5,4,K,5,2,4,1,0,P,BUIC,LCF,4D,2,17,3567,,0,1122,,G,,0,0,000000000,00000000000,0,0,0,1,0,0,0,0,0,0,0,998,0,0,0,12,12,4,3,8,0,0,0,1,41,97478,6,1,0,0,3,0,75,214,1,0,0,0,0,5,2007,5,2007,0,0,0,0,0,2,2,65,1,1,2,1,0,0,1,80,1,1,1,13,0,0
41,410032,1,1,1,4,3,6,47,42,0,1,0,41,2,20,8,20008,2,1974,1Y17K4L10021,1,Y,1,7,K,4,L,1,0,0,2,1,0,P,,,,,,,,,,,,,0,0,000000000,00000000000,0,0,0,1,0,0,0,0,0,0,0,998,0,0,0,12,12,6,2,42,0,0,1,1,41,97424,1,1,0,0,2,0,73,200,0,26,0,1,6,9,2007,11,2009,0,0,0,0,0,1,2,55,1,6,2,99,0,0,1,12,1,4,4,7,1,1
41,410033,1,2,1,4,3,5,25,54,11,1,1,41,3,89,881,89881,66,1995,4V1WDBJH9SN6,4,V,1,W,D,B,J,H,9,S,N,6,2,T,WHGM,WIA,DS,95,17,,8,0,0,ARO,D,,1,88,888888888,88888888888,3,7,3,1,0,0,0,0,0,0,0,998,0,0,0,18,18,0,1,54,0,0,0,1,41,97641,6,1,0,8,2,0,70,230,0,0,0,1,0,7,2008,7,2008,0,91,0,0,0,1,2,55,3,6,2,2,0,0,14,98,7,1,1,98,0,0
41,410033,2,2,1,4,3,5,25,54,11,1,0,93,3,82,883,82883,66,2004,1FUJA6CK84LN,1,F,U,J,A,6,C,K,8,4,L,N,1,T,FRHT,COL,DS,4,17,,8,0,0,CON,D,,1,57,188891,57188891,3,6,1,1,0,0,0,0,0,0,0,998,0,0,0,18,18,6,2,54,0,0,0,1,32,89431,6,1,6,0,3,3,72,300,0,0,0,0,0,0,0,0,0,0,0,0,0,0,1,2,55,2,5,2,2,0,0,14,98,1,1,1,98,1,0
41,410034,1,1,1,6,3,14,24,34,0,1,0,41,1,50,706,50706,80,2006,SMT700FR96J2,S,M,T,7,0,0,F,R,9,6,J,2,0,M,TRIU,TIG,RS,6,17,,,,,,,955,0,0,000000000,00000000000,0,0,0,1,0,0,0,0,0,0,0,998,0,0,0,12,12,2,3,34,0,0,0,1,41,97405,6,1,0,0,3,1,73,225,0,0,0,0,1,9,2007,9,2007,0,0,0,0,0,1,2,55,1,6,2,1,20,3,1,14,99,1,4,14,1,0
41,410035,1,1,1,6,3,13,0,34,0,1,0,41,1,98,706,98706,80,2006,VBKVA44036M9,V,B,K,V,A,4,4,0,3,6,M,9,0,U,,,,6,17,,,,,,,,0,0,000000000,00000000000,0,0,0,1,0,0,0,0,0,0,0,998,0,0,0,12,12,6,2,42,0,0,0,1,41,97462,6,1,0,0,3,0,76,185,0,0,0,1,0,7,2009,7,2009,1,0,0,0,0,1,2,0,3,6,2,1,0,0,14,12,1,1,4,6,1,0