STATE,ST_CASE,VEH_NO,VE_FORMS,NUMOCCS,DAY,MONTH,HOUR,MINUTE,HARM_EV,MAN_COLL,UNITTYPE,HIT_RUN,REG_STAT,OWNER,MAKE,MODEL,MAK_MOD,BODY_TYP,MOD_YEAR,VIN,VIN_1,VIN_2,VIN_3,VIN_4,VIN_5,VIN_6,VIN_7,VIN_8,VIN_9,VIN_10,VIN_11,VIN_12,TOW_VEH,VINTYPE,VINMAKE,VINA_MOD,VIN_BT,VINMODYR,VIN_LNGT,VIN_WGT,WGTCD_TR,WHLBS_LG,WHLBS_SH,SER_TR,FUELCODE,MCYCL_DS,J_KNIFE,MCARR_I1,MCARR_I2,MCARR_ID,GVWR,V_CONFIG,CARGO_BT,HAZ_INV,HAZ_PLAC,HAZ_ID,HAZ_CNO,HAZ_REL,BUS_USE,SPEC_USE,EMER_USE,TRAV_SP,UNDERIDE,ROLLOVER,ROLINLOC,IMPACT1,IMPACT2,DEFORMED,TOWED,M_HARM,VEH_SC1,VEH_SC2,FIRE_EXP,DR_PRES,L_STATE,DR_ZIP,L_STATUS,L_TYPE,CDL_STAT,L_ENDORS,L_COMPL,L_RESTRI,DR_HGT,DR_WGT,PREV_ACC,PREV_SUS,PREV_DWI,PREV_SPD,PREV_OTH,FIRST_MO,FIRST_YR,LAST_MO,LAST_YR,SPEEDREL,DR_SF1,DR_SF2,DR_SF3,DR_SF4,VTRAFWAY,VNUM_LAN,VSPD_LIM,VALIGN,VPROFILE,VPAVETYP,VSURCOND,VTRAFCON,VTCONT_F,P_CRASH1,P_CRASH2,P_CRASH3,PCRASH4,PCRASH5,ACC_TYPE,DEATHS,DR_DRINK
41,410153,1,1,1,27,7,22,47,42,0,1,0,41,2,12,481,12481,31,1997,1FTHX26F2VEA,1,F,T,H,X,2,6,F,2,V,E,A,0,T,FORD,F25,PS,97,17,,2,1550,1390,COF,D,,0,0,000000000,00000000000,0,0,0,1,0,0,0,0,0,0,0,998,0,0,0,9,9,6,2,42,0,0,0,1,53,97424,6,1,0,0,3,0,66,130,0,0,0,0,0,0,0,0,0,0,0,0,0,0,1,2,99,3,1,2,1,0,0,1,12,1,1,4,6,1,1
41,410154,1,2,2,27,7,22,23,12,1,1,0,41,1,37,31,37031,2,1999,1HGEM1156XL0,1,H,G,E,M,1,1,5,6,X,L,0,0,P,HOND,USS,CP,99,17,2612,,0,1032,,G,,0,0,000000000,00000000000,0,0,0,1,0,0,0,0,0,0,0,998,0,0,0,12,12,4,3,12,0,0,0,1,41,97236,6,1,0,0,3,0,64,120,0,0,0,0,1,6,2009,6,2009,0,27,0,0,0,5,4,99,1,1,2,1,2,3,15,50,99,9,2,20,1,0
41,410154,2,2,1,27,7,22,23,12,1,1,0,41,2,7,402,7402,14,1999,1B4HS28Z1XF6,1,B,4,H,S,2,8,Z,1,X,F,6,0,P,DODG,DUR,UT,99,17,4397,,0,1159,,G,,0,0,000000000,00000000000,0,0,0,1,0,0,0,0,0,0,0,0,0,0,0,6,6,4,1,12,0,0,0,1,41,97219,6,1,0,0,3,0,69,155,0,0,0,1,0,7,2009,7,2009,0,0,0,0,0,5,4,99,1,1,2,1,2,3,5,53,1,1,1,21,0,0
41,410155,1,1,2,28,7,14,25,42,0,1,0,6,1,24,1,24001,4,2000,1G8ZK5274YZ1,1,G,8,Z,K,5,2,7,4,Y,Z,1,0,P,STRN,SL2,4D,0,17,2425,,0,1024,,G,,0,0,000000000,00000000000,0,0,0,1,0,0,0,0,0,0,0,998,0,0,0,12,12,6,2,42,0,0,1,1,6,90808,6,1,0,0,3,1,66,160,0,0,0,0,0,0,0,0,0,0,0,0,0,0,1,2,55,1,6,2,1,0,0,1,12,1,1,4,6,1,0
41,410156,1,1,1,29,7,15,15,1,0,1,0,41,1,37,709,37709,80,1979,GL14112080,G,L,1,4,1,1,2,0,8,0,,,0,P,,,,,,,,,,,,,0,0,000000000,00000000000,0,0,0,1,0,0,0,0,0,0,0,998,0,0,0,0,0,2,3,1,0,0,0,1,41,97530,6,1,0,0,3,1,72,300,0,0,0,0,0,0,0,0,0,9,0,0,0,0,1,2,55,3,2,2,1,0,0,14,13,1,1,4,1,1,0
41,410157,1,1,1,29,7,18,35,15,0,1,0,41,1,2,404,2404,14,1993,1J4GZ58S2PC7,1,J,4,G,Z,5,8,S,2,P,C,7,0,T,JEEP,LRO,4W,93,17,,1,0,1059,GCK,G,,0,0,000000000,00000000000,0,0,0,1,0,0,0,0,0,0,0,998,0,0,0,4,4,2,1,15,0,0,0,1,41,97756,6,1,0,0,3,0,67,165,0,0,0,0,1,9,2008,9,2008,0,0,0,0,0,1,2,25,1,1,2,1,0,0,1,80,1,1,1,13,0,0
41,410158,1,1,2,30,7,15,40,41,0,1,0,53,1,37,32,37032,4,2007,1HGCM56417A2,1,H,G,C,M,5,6,4,1,7,A,2,0,P,HOND,ULX,4D,7,17,3197,,0,1079,,G,,0,0,000000000,00000000000,0,0,0,1,0,0,0,0,0,0,0,998,0,0,0,12,12,4,3,41,0,0,0,1,53,98665,6,1,0,0,3,1,71,165,0,0,0,0,0,0,0,0,0,0,0,0,0,0,1,2,55,1,1,2,1,0,0,1,13,1,1,4,1,1,0
41,410159,1,2,1,31,7,19,52,12,2,1,0,41,2,34,34,34034,2,1994,WBABE632XRJC,W,B,A,B,E,6,3,2,X,R,J,C,0,P,BMW,3SA,CP,94,17,2955,,0,1063,,G,,0,0,000000000,00000000000,0,0,0,1,0,0,0,0,0,0,0,998,0,0,0,12,12,6,2,12,0,0,0,1,41,97038,1,1,0,0,2,0,70,160,0,6,2,0,1,6,2008,3,2010,0,28,0,0,0,1,2,55,1,1,2,1,0,0,1,10,1,1,2,50,1,1
41,410159,2,2,1,31,7,19,52,12,2,1,0,41,1,7,442,7442,20,1996,1B4GP55L5TB2,1,B,4,G,P,5,5,L,5,T,B,2,0,P,DODG,CAR,SV,96,17,3758,,0,1133,,G,,0,0,000000000,00000000000,0,0,0,1,0,0,0,0,0,0,0,998,0,0,0,12,12,6,2,12,0,0,0,1,41,97038,6,1,0,0,3,1,66,165,0,0,0,0,0,0,0,0,0,0,0,0,0,0,1,2,55,1,1,2,1,0,0,1,62,1,1,1,51,0,0
41,410160,1,1,1,1,5,3,5,42,0,1,0,41,2,37,31,37031,2,1993,2HGEJ2140PH5,2,H,G,E,J,2,1,4,0,P,H,5,0,P,HOND,CID,CP,93,17,2224,,0,1013,,G,,0,0,000000000,00000000000,0,0,0,1,0,0,0,0,0,0,0,998,0,0,0,3,3,6,2,42,0,0,0,1,41,97477,6,1,0,0,3,0,76,250,0,0,0,1,1,5,2008,10,2009,1,0,0,0,0,1,2,25,1,1,2,2,0,0,11,15,6,4,4,2,1,1
41,410161,1,1,2,4,7,21,18,42,0,1,0,41,5,35,32,35032,2,1989,JN1HS36P4KW0,J,N,1,H,S,3,6,P,4,K,W,0,0,P,NISS,24S,2H,89,17,2690,,0,974,,G,,0,0,000000000,00000000000,0,0,0,1,0,0,0,0,0,0,0,66,0,0,0,6,6,6,2,42,0,0,1,1,41,97051,1,1,0,0,2,0,70,165,0,11,0,0,0,7,2007,7,2009,1,37,0,0,0,1,2,55,1,2,2,1,0,0,1,12,6,4,4,7,2,0
41,410162,1,1,5,9,7,19,24,8,0,1,0,41,1,20,421,20421,15,2000,1GNEK13TXYJ1,1,G,N,E,K,1,3,T,X,Y,J,1,0,P,CHEV,KTA,UT,0,17,5333,,0,1160,,G,,0,0,000000000,00000000000,0,0,0,1,0,0,0,0,0,0,0,998,0,0,0,12,12,2,1,8,0,0,0,1,41,97478,6,1,0,0,3,0,63,120,0,0,0,0,0,0,0,0,0,0,0,0,0,0,3,3,55,1,1,2,1,0,0,1,80,1,1,1,13,0,0
41,410163,1,1,1,18,7,3,12,8,0,1,1,99,9,99,999,99999,99,9999,999999999999,9,9,9,9,9,9,9,9,9,9,9,9,0,U,,,,9,17,,,,,,,,0,0,000000000,00000000000,0,0,0,1,0,0,0,0,0,0,0,998,0,0,0,12,12,0,1,8,0,0,0,1,99,99999,9,9,99,9,9,9,999,999,99,99,99,99,99,99,9999,99,9999,9,99,99,99,99,1,4,99,1,1,2,1,0,0,1,80,99,1,1,13,0,0
41,410164,1,2,2,19,7,10,37,12,6,1,0,41,1,49,471,49471,30,1992,4TARN01P1NZ0,4,T,A,R,N,0,1,P,1,N,Z,0,0,T,TOYT,USD,PK,92,17,,1,0,1029,UHT,G,,0,0,000000000,00000000000,0,0,0,1,0,0,0,0,0,0,0,998,0,0,0,3,3,6,2,12,0,0,0,1,41,97469,6,1,0,0,3,1,71,155,1,1,0,0,0,2,2009,4,2009,0,39,0,0,0,1,2,45,1,5,2,1,20,3,1,17,1,1,1,87,1,0
41,410164,2,2,1,19,7,10,37,12,6,1,0,41,3,87,881,87881,66,1992,1XPFDB9X6NN3,1,X,P,F,D,B,9,X,6,N,N,3,1,T,PTRB,378,DS,92,17,,8,2750,1310,CON,D,,1,57,1445654,571445654,3,6,4,1,0,0,0,0,0,0,0,998,0,1,5,12,12,6,2,12,0,0,0,1,41,97481,6,1,6,0,3,0,72,200,1,0,0,0,2,8,2007,10,2008,0,0,0,0,0,1,2,45,1,1,2,1,0,0,1,66,1,1,1,86,0,0
41,410165,1,1,7,31,7,19,47,53,0,1,0,41,1,35,401,35401,14,1993,JN8HD17Y6PW1,J,N,8,H,D,1,7,Y,6,P,W,1,0,P,NISS,PFI,UT,93,17,3912,,0,1043,,G,,0,0,000000000,00000000000,0,0,0,1,0,0,0,0,0,0,0,67,0,1,5,3,13,6,2,1,0,0,0,1,41,97523,6,1,0,0,3,0,71,173,0,0,0,0,0,0,0,0,0,1,58,0,0,0,1,2,55,1,1,2,1,0,0,1,13,6,4,4,2,1,1
41,410166,1,1,3,1,6,18,55,1,0,1,0,41,1,35,473,35473,31,2005,1N6AA06A45N5,1,N,6,A,A,0,6,A,4,5,N,5,0,T,NISS,TXS,PC,5,17,,2,0,1398,TTN,G,,0,0,000000000,00000000000,0,0,0,1,0,0,0,0,0,0,0,998,0,1,3,0,0,6,2,1,0,0,0,1,41,97233,1,1,0,0,2,0,68,130,1,4,0,8,0,9,2008,5,2010,1,0,0,0,0,2,2,65,2,1,2,1,0,0,14,12,1,1,4,6,1,0
41,410167,1,3,2,26,3,17,8,25,0,1,0,93,3,85,881,85881,66,2000,1XKWDB9X7YR8,1,X,K,W,D,B,9,X,7,Y,R,8,1,T,KW,W90,DS,0,17,,8,2850,1600,CON,D,,1,57,0715765,570715765,3,6,1,1,0,0,0,0,0,0,0,998,0,1,1,12,12,6,2,12,0,0,0,1,6,92113,6,1,6,0,3,0,66,179,0,0,0,1,0,4,2009,4,2009,1,36,0,0,0,1,2,99,2,1,2,1,40,3,14,12,1,1,4,6,1,0
41,410167,2,3,1,26,3,17,8,25,0,1,0,93,3,82,881,82881,66,1999,1FUPDXYB0XDA,1,F,U,P,D,X,Y,B,0,X,D,A,1,T,FRHT,FLD,DS,99,17,,8,0,0,CON,D,,1,57,1942597,571942597,3,6,1,1,0,0,0,0,0,0,0,998,0,0,0,12,12,6,2,12,0,0,0,1,6,92274,6,1,6,0,3,3,67,210,2,0,0,1,1,4,2007,3,2010,0,0,0,0,0,1,2,99,1,1,2,1,0,0,1,54,1,1,1,98,0,0
41,410167,3,3,1,26,3,17,8,25,0,1,0,41,1,63,33,63033,4,2009,KNAFE2212956,K,N,A,F,E,2,2,1,2,9,5,6,0,P,KIA,SXC,4D,9,17,2701,,0,1028,,G,,0,0,000000000,00000000000,0,0,0,1,0,0,0,0,0,0,0,998,0,0,0,12,12,6,2,12,0,0,0,1,41,97463,6,1,0,0,3,0,66,135,0,0,0,0,0,0,0,0,0,0,0,0,0,0,1,2,99,1,1,2,1,0,0,1,52,98,1,1,98,0,0
41,410168,1,1,1,1,8,99,99,1,0,1,0,41,1,18,2,18002,4,1995,1G4HP52L4SH4,1,G,4,H,P,5,2,L,4,S,H,4,0,P,BUIC,LCF,4D,95,17,3422,,0,1108,,G,,0,0,000000000,00000000000,0,0,0,1,0,0,0,0,0,0,0,998,0,1,5,0,0,6,2,1,0,0,0,1,41,97824,6,1,0,0,3,1,70,195,0,0,0,0,0,0,0,0,0,9,0,0,0,0,1,2,55,3,1,2,1,0,0,1,13,1,1,4,1,1,1
41,410169,1,1,9,2,8,5,30,1,0,1,0,6,2,20,461,20461,21,2003,1GAHG39U2311,1,G,A,H,G,3,9,U,2,3,1,1,1,T,CHEV,E35,ES,3,17,,2,0,1550,EXP,G,,1,0,000000000,00000000000,0,0,0,1,0,0,0,0,0,0,0,999,0,1,5,0,0,6,2,1,0,0,0,1,6,93728,6,1,0,0,3,0,71,190,0,0,0,0,0,0,0,0,0,0,0,0,0,0,2,2,55,1,1,2,1,0,0,1,13,1,1,4,1,1,0
41,410170,1,1,2,1,8,99,99,1,0,1,0,41,2,7,482,7482,31,2007,3D7KS28A07G7,3,D,7,K,S,2,8,A,0,7,G,7,0,T,DODG,SQ2,CW,7,17,,2,1605,1405,RPC,D,,0,0,000000000,00000000000,0,0,0,1,0,0,0,0,0,0,0,998,0,1,5,0,0,6,2,1,0,0,0,1,41,97801,6,1,0,0,3,0,69,118,0,1,0,0,0,7,2009,7,2009,0,0,0,0,0,1,2,55,2,2,2,1,0,0,14,12,1,1,4,6,1,1
41,410171,1,1,1,3,8,16,27,42,0,1,0,41,1,12,37,12037,2,2008,1FAHP32N08W1,1,F,A,H,P,3,2,N,0,8,W,1,0,P,FORD,FSN,CP,8,17,2588,,0,1029,,G,,0,0,000000000,00000000000,0,0,0,1,0,0,0,0,0,0,0,998,0,0,0,12,12,9,9,42,0,0,0,1,41,97525,6,1,0,0,3,3,69,180,2,0,0,0,2,9,2008,3,2009,0,0,0,0,0,5,4,35,1,1,2,1,0,0,1,13,1,1,4,1,1,0
41,410172,1,1,2,5,8,3,8,8,0,1,0,41,1,12,3,12003,2,2002,1FAFP40492F1,1,F,A,F,P,4,0,4,9,2,F,1,0,P,FORD,MUS,CP,2,17,3066,,0,1013,,G,,0,0,000000000,00000000000,0,0,0,1,0,0,0,0,0,0,0,998,0,0,0,12,12,4,9,8,0,0,0,1,41,97267,6,1,0,0,3,0,74,265,0,0,0,1,0,2,2010,2,2010,0,0,0,0,0,5,2,40,1,1,2,1,0,0,1,80,1,1,1,13,0,0
41,410173,1,3,2,17,8,17,45,12,6,1,0,6,2,7,26,7026,4,2008,1B3LC56J48N1,1,B,3,L,C,5,6,J,4,8,N,1,0,P,DODG,AXT,4D,8,17,3465,,0,1089,,G,,0,0,000000000,00000000000,0,0,0,1,0,0,0,0,0,0,0,998,0,0,0,12,12,6,2,12,0,0,0,1,6,95203,1,1,0,0,2,0,72,165,0,1,0,0,0,11,2009,11,2009,0,28,0,0,0,1,2,55,1,1,2,1,0,0,1,10,1,1,2,64,1,0
41,410173,2,3,1,17,8,17,45,12,6,1,0,93,3,85,881,85881,66,2009,1XKDD49X79R2,1,X,K,D,D,4,9,X,7,9,R,2,1,T,KW,T80,DS,9,17,,8,2600,1600,CON,D,,1,57,0362221,570362221,3,6,1,1,0,0,0,0,0,0,0,998,0,0,0,7,7,4,1,12,0,0,0,1,41,97627,6,1,6,0,3,0,69,193,1,0,0,0,0,3,2010,3,2010,0,0,0,0,0,1,2,55,1,1,2,1,0,0,1,62,1,1,1,65,0,0
41,410173,3,3,1,17,8,17,45,12,6,1,0,93,3,87,881,87881,66,2006,1XP5DB9X06D8,1,X,P,5,D,B,9,X,0,6,D,8,1,T,PTRB,379,DS,6,17,,8,0,0,CON,D,,1,57,1093337,571093337,3,6,1,1,0,0,0,0,0,0,0,998,0,0,0,12,12,4,1,12,0,0,0,1,6,95993,6,1,6,0,3,0,69,190,1,1,0,0,0,3,2008,4,2010,0,0,0,0,0,1,2,55,1,1,2,1,0,0,1,62,1,1,1,98,0,0
41,410174,1,2,1,11,8,5,56,12,6,1,0,41,1,37,31,37031,4,2004,1HGEM22964L0,1,H,G,E,M,2,2,9,6,4,L,0,0,P,HOND,UAX,CP,4,17,0,,0,1031,,G,,0,0,000000000,00000000000,0,0,0,1,0,0,0,0,0,0,0,998,0,0,0,3,3,4,1,12,0,0,0,1,41,97501,6,1,0,0,3,1,65,175,0,0,0,0,0,0,0,0,0,0,38,0,0,0,1,4,35,3,1,2,1,0,0,11,15,1,1,2,68,0,0
41,410174,2,2,1,11,8,5,56,12,6,1,0,41,1,72,706,72706,80,1996,1HD1CAP16TY2,1,H,D,1,C,A,P,1,6,T,Y,2,0,M,HD,L12,RS,96,17,,,,,,,1200,0,0,000000000,00000000000,0,0,0,1,0,0,0,0,0,0,0,998,0,0,0,12,12,6,2,12,0,0,0,1,41,97501,6,1,0,0,3,0,67,180,1,0,0,0,0,6,2009,6,2009,0,0,0,0,0,1,4,35,2,1,2,1,0,0,1,62,4,2,1,69,1,0
41,410175,1,1,1,11,8,11,30,59,0,1,0,41,1,12,481,12481,31,2006,1FTSW21P06EA,1,F,T,S,W,2,1,P,0,6,E,A,0,T,FORD,F2S,CW,6,17,,2,1720,1560,SRW,D,,0,0,000000000,00000000000,0,0,0,1,0,0,0,0,0,0,0,998,0,0,0,12,12,4,3,43,0,0,0,1,32,89404,6,1,0,0,3,0,68,218,0,0,0,0,0,0,0,0,0,0,0,0,0,0,1,2,55,3,2,2,1,0,0,14,13,1,1,4,1,1,0
41,410176,1,1,2,11,8,16,32,17,0,1,0,41,1,49,46,49046,4,2009,JTDKB20U6934,J,T,D,K,B,2,0,U,6,9,3,4,0,P,TOYT,PRI,4H,9,17,2932,,0,1063,,B,,0,0,000000000,00000000000,0,0,0,1,0,0,0,0,0,0,0,998,0,0,0,12,12,6,2,42,36,0,0,1,41,97405,6,1,0,0,3,1,72,178,0,0,0,1,0,2,2008,2,2008,0,0,0,0,0,1,2,55,3,1,2,2,0,0,14,12,1,1,4,6,1,0
41,410177,1,2,1,13,8,22,9,12,6,1,0,41,1,73,705,73705,80,1995,JKAZX4E10SB5,J,K,A,Z,X,4,E,1,0,S,B,5,0,M,KAWK,ZXE,RS,95,17,,,,,,,600,0,0,000000000,00000000000,0,0,0,1,0,0,0,0,0,0,0,998,0,0,0,12,12,6,2,12,0,0,0,1,41,97027,6,1,0,0,3,0,75,165,0,0,0,0,0,0,0,0,0,1,0,0,0,0,1,2,99,1,1,2,1,0,0,1,62,1,1,1,69,1,0
41,410177,2,2,1,13,8,22,9,12,6,1,0,41,1,20,441,20441,20,1985,1G8DM15N2FB1,1,G,8,D,M,1,5,N,2,F,B,1,0,P,CHEV,AST,SV,85,17,2920,,0,1110,,G,,0,0,000000000,00000000000,0,0,0,1,0,0,0,0,0,0,0,998,0,0,0,1,1,4,1,12,0,0,0,1,41,97027,6,1,0,0,3,0,70,200,0,2,0,2,1,4,2009,5,2010,0,38,0,0,0,1,2,99,1,1,2,1,0,0,11,15,1,1,2,68,0,0
41,410178,1,1,2,5,8,6,10,35,0,1,0,53,1,12,471,12471,30,2002,1FTZR45E62PB,1,F,T,Z,R,4,5,E,6,2,P,B,0,T,FORD,RNS,4C,2,17,,1,0,1259,RNG,G,,0,0,000000000,00000000000,0,0,0,1,0,0,0,0,0,0,0,998,0,1,5,3,3,6,2,1,0,0,0,1,53,99350,6,1,0,0,3,0,68,200,0,0,0,0,1,10,2008,10,2008,0,0,0,0,0,2,2,65,2,2,2,1,0,0,14,13,1,1,4,1,1,0
41,410179,1,1,1,14,8,14,10,9,0,1,0,41,1,20,421,20421,15,2005,1GNEK13T85J1,1,G,N,E,K,1,3,T,8,5,J,1,0,P,CHEV,KTA,UT,5,17,5192,,0,1160,,G,,0,0,000000000,00000000000,0,0,0,1,0,0,0,0,0,0,0,998,0,0,0,12,12,2,1,9,0,0,0,1,41,97420,6,1,0,0,3,1,69,155,0,0,0,0,0,0,0,0,0,0,0,0,0,0,1,2,0,3,2,2,1,0,0,14,83,1,1,1,13,0,0
41,410180,1,1,1,14,8,14,41,8,0,1,0,92,0,12,481,12481,31,1996,999999999999,9,9,9,9,9,9,9,9,9,9,9,9,0,U,,,,9,17,,,,,,,,0,0,000000000,00000000000,0,0,0,1,0,0,0,0,0,0,0,998,0,0,0,12,12,2,1,8,0,0,0,1,41,97420,6,1,0,0,3,0,71,300,0,0,0,0,0,0,0,0,0,0,0,0,0,0,1,2,25,1,1,2,1,0,0,1,80,1,1,1,13,0,0
41,410181,1,1,1,14,8,22,5,1,0,1,0,41,1,72,706,72706,80,2007,1HD1FF4177Y6,1,H,D,1,F,F,4,1,7,7,Y,6,0,M,HD,FHC,RS,7,17,,,,,,,1584,0,0,000000000,00000000000,0,0,0,1,0,0,0,0,0,0,0,998,0,0,0,0,0,4,3,1,0,0,0,1,41,97038,1,1,0,0,2,0,70,185,1,5,0,0,0,9,2008,5,2010,0,0,0,0,0,2,2,65,1,2,2,1,0,0,1,13,1,1,4,1,1,1
41,410182,1,1,1,14,8,13,31,42,0,1,0,41,1,72,706,72706,80,1988,1HD1BLL19JY0,1,H,D,1,B,L,L,1,9,J,Y,0,0,M,HD,XST,RS,88,17,,,,,,,1340,0,0,000000000,00000000000,0,0,0,1,0,0,0,0,0,0,0,998,0,0,0,12,12,4,3,42,0,0,0,1,41,97267,6,1,6,0,3,1,72,175,1,0,0,0,0,7,2008,7,2008,0,0,0,0,0,1,2,55,1,1,2,1,0,0,1,13,1,1,4,1,1,0
41,410183,1,2,1,15,8,14,20,12,2,1,0,41,2,48,38,48038,2,1995,JF1GM6552SH4,J,F,1,G,M,6,5,5,2,S,H,4,0,P,SUBA,IX4,CP,95,17,2840,,0,992,,G,,0,0,000000000,00000000000,0,0,0,1,0,0,0,0,0,0,0,998,0,0,0,12,12,6,2,12,0,0,0,1,41,97707,6,1,0,0,3,0,71,210,0,2,0,0,0,10,2007,10,2007,1,28,0,0,0,1,2,55,3,2,2,1,0,0,14,10,1,1,2,50,0,0
41,410183,2,2,2,15,8,14,20,12,2,1,0,48,1,37,706,37706,80,2006,1HFSC47F06A5,1,H,F,S,C,4,7,F,0,6,A,5,0,M,HOND,GL8,RS,6,17,,,,,,,1832,0,0,000000000,00000000000,0,0,0,1,0,0,0,0,0,0,0,998,0,0,0,12,12,6,2,12,0,0,0,1,48,76255,6,1,6,0,3,0,999,999,0,0,0,0,0,0,0,0,0,0,0,0,0,0,1,2,55,2,2,2,1,0,0,14,62,1,1,1,51,1,0
41,410184,1,2,1,16,8,13,47,12,2,1,0,41,1,49,401,49401,14,2002,JT3HN86R1290,J,T,3,H,N,8,6,R,1,2,9,0,0,P,TOYT,RUN,UT,2,17,4070,,0,1053,,G,,0,0,000000000,00000000000,0,0,0,1,0,0,0,0,0,0,0,998,0,0,0,12,12,6,2,12,0,0,0,1,41,97452,6,1,0,0,3,0,64,150,0,0,0,0,0,0,0,0,0,0,28,91,0,0,1,2,55,2,2,2,1,0,0,14,10,1,1,2,50,0,0
41,410184,2,2,1,16,8,13,47,12,2,1,0,41,1,12,471,12471,30,1993,1FTCR10X5PPB,1,F,T,C,R,1,0,X,5,P,P,B,0,T,FORD,RNG,PK,93,17,,1,1139,1079,RNG,G,,0,0,000000000,00000000000,0,0,0,1,0,0,0,0,0,0,0,998,0,0,0,12,12,6,2,12,0,0,0,1,41,97452,6,1,0,0,3,1,71,190,0,0,0,0,0,0,0,0,0,0,0,0,0,0,1,2,55,3,2,2,1,0,0,14,62,1,1,1,51,1,0
41,410185,1,1,4,17,8,7,22,42,0,1,0,41,2,12,13,12013,4,1999,1FAFP13P1XW2,1,F,A,F,P,1,3,P,1,X,W,2,0,P,FORD,ESE,4D,99,17,2468,,0,984,,G,,0,0,000000000,00000000000,0,0,0,1,0,0,0,0,0,0,0,998,0,0,0,12,12,6,2,42,0,0,0,1,41,97702,1,1,0,0,2,0,66,160,0,5,0,0,0,2,2008,9,2009,0,92,0,0,0,1,2,55,2,1,2,1,0,0,1,12,1,1,4,6,2,1
41,410186,1,1,1,18,8,23,31,5,0,1,0,41,1,76,705,76705,80,2008,JYARJ06E28A0,J,Y,A,R,J,0,6,E,2,8,A,0,0,M,YAMA,F6S,RS,8,17,,,,,,,600,0,0,000000000,00000000000,0,0,0,1,0,0,0,0,0,0,0,998,0,0,0,0,0,4,3,42,0,0,0,1,41,97068,6,1,0,0,3,0,70,160,0,1,0,2,0,7,2008,4,2009,1,0,0,0,0,1,4,40,3,5,2,1,0,0,14,12,1,1,4,0,1,1
41,410187,1,2,1,25,8,8,29,12,2,1,0,41,2,35,47,35047,4,1997,1N4BU31D1VC2,1,N,4,B,U,3,1,D,1,V,C,2,0,P,NISS,AGS,4D,97,17,2756,,0,1031,,G,,0,0,000000000,00000000000,0,0,0,1,0,0,0,0,0,0,0,998,0,0,0,12,12,6,2,12,0,0,0,1,41,97496,6,1,0,0,3,0,62,120,0,0,0,0,0,0,0,0,0,0,0,0,0,0,1,2,55,3,1,2,1,0,0,14,62,1,1,1,51,0,0
41,410187,2,2,1,25,8,8,29,12,2,1,0,41,2,54,31,54031,3,1990,JH4DA9350LS0,J,H,4,D,A,9,3,5,0,L,S,0,0,P,ACUR,ILS,2H,90,17,2491,,0,1004,,G,,0,0,000000000,00000000000,0,0,0,1,0,0,0,0,0,0,0,998,0,0,0,12,12,6,2,12,0,0,0,1,41,97470,6,1,0,0,3,0,68,170,0,5,0,1,1,11,2007,7,2009,1,28,0,0,0,1,2,55,3,1,2,1,0,0,14,10,1,1,2,50,1,0
41,410188,1,2,1,25,8,9,50,12,2,1,0,41,1,37,471,37471,30,2007,2HJYK16567H5,2,H,J,Y,K,1,6,5,6,7,H,5,0,T,HOND,RTL,PK,7,17,,2,0,1220,RID,G,,0,0,000000000,00000000000,0,0,0,1,0,0,0,0,0,0,0,998,0,1,5,12,12,6,2,12,0,0,0,1,41,97756,6,1,0,0,3,1,74,215,0,0,0,0,0,0,0,0,0,0,28,0,0,0,1,2,55,2,2,2,1,0,0,14,10,1,1,2,50,1,0
41,410188,2,2,1,25,8,9,50,12,2,1,0,41,3,87,881,87881,66,1984,1XP9DB9X7EP1,1,X,P,9,D,B,9,X,7,E,P,1,1,T,PTRB,359,DS,84,17,,8,2750,1310,CON,D,,1,57,0665063,570665063,3,6,10,1,0,0,0,0,0,0,0,998,0,1,1,12,12,6,2,12,0,0,0,1,41,97370,6,1,6,0,3,0,72,180,0,0,0,0,0,0,0,0,0,0,0,0,0,0,1,2,55,2,2,2,1,0,0,14,62,1,1,1,51,0,0
41,410189,1,1,1,25,8,21,30,14,0,1,0,99,9,37,421,37421,15,2003,999999999999,9,9,9,9,9,9,9,9,9,9,9,9,0,U,,,,9,17,,,,,,,,0,0,000000000,00000000000,0,0,0,1,0,0,0,0,0,0,0,998,0,0,0,12,12,6,2,2,0,0,1,1,99,99999,9,9,99,0,9,9,999,999,99,99,99,99,99,99,9999,99,9999,9,0,0,0,0,6,1,65,3,1,2,1,0,0,14,13,1,1,4,1,1,0
41,410190,1,1,1,26,8,17,22,8,0,1,1,41,1,49,471,49471,30,1994,4TARN01P7RZ1,4,T,A,R,N,0,1,P,7,R,Z,1,0,T,TOYT,SDX,PK,94,17,,1,0,1030,HTP,G,,0,0,000000000,00000000000,0,0,0,1,0,0,0,0,0,0,0,998,0,0,0,12,12,2,3,8,0,0,0,1,41,97202,6,1,0,0,3,0,72,170,0,0,0,1,2,8,2008,3,2010,0,91,0,0,0,1,2,99,1,2,2,1,0,0,1,80,1,1,1,13,0,0