STATE,ST_CASE,VEH_NO,VE_FORMS,NUMOCCS,DAY,MONTH,HOUR,MINUTE,HARM_EV,MAN_COLL,UNITTYPE,HIT_RUN,REG_STAT,OWNER,MAKE,MODEL,MAK_MOD,BODY_TYP,MOD_YEAR,VIN,VIN_1,VIN_2,VIN_3,VIN_4,VIN_5,VIN_6,VIN_7,VIN_8,VIN_9,VIN_10,VIN_11,VIN_12,TOW_VEH,VINTYPE,VINMAKE,VINA_MOD,VIN_BT,VINMODYR,VIN_LNGT,VIN_WGT,WGTCD_TR,WHLBS_LG,WHLBS_SH,SER_TR,FUELCODE,MCYCL_DS,J_KNIFE,MCARR_I1,MCARR_I2,MCARR_ID,GVWR,V_CONFIG,CARGO_BT,HAZ_INV,HAZ_PLAC,HAZ_ID,HAZ_CNO,HAZ_REL,BUS_USE,SPEC_USE,EMER_USE,TRAV_SP,UNDERIDE,ROLLOVER,ROLINLOC,IMPACT1,IMPACT2,DEFORMED,TOWED,M_HARM,VEH_SC1,VEH_SC2,FIRE_EXP,DR_PRES,L_STATE,DR_ZIP,L_STATUS,L_TYPE,CDL_STAT,L_ENDORS,L_COMPL,L_RESTRI,DR_HGT,DR_WGT,PREV_ACC,PREV_SUS,PREV_DWI,PREV_SPD,PREV_OTH,FIRST_MO,FIRST_YR,LAST_MO,LAST_YR,SPEEDREL,DR_SF1,DR_SF2,DR_SF3,DR_SF4,VTRAFWAY,VNUM_LAN,VSPD_LIM,VALIGN,VPROFILE,VPAVETYP,VSURCOND,VTRAFCON,VTCONT_F,P_CRASH1,P_CRASH2,P_CRASH3,PCRASH4,PCRASH5,ACC_TYPE,DEATHS,DR_DRINK
41,410223,2,2,1,30,9,15,7,12,2,1,0,41,3,12,481,12481,40,2008,1FDSX35R98EB,1,F,D,S,X,3,5,R,9,8,E,B,0,T,FORD,F3S,4B,8,17,,2,0,1620,SRW,D,,0,0,000000000,00000000000,0,0,0,1,0,0,0,0,0,0,0,998,0,0,0,12,12,6,2,12,0,0,0,1,41,97499,6,1,0,0,3,1,73,220,0,0,0,0,0,0,0,0,0,0,0,0,0,0,1,2,55,3,1,2,1,0,0,14,62,1,1,1,51,0,0
41,410224,1,1,1,30,9,99,99,1,0,1,0,41,1,7,482,7482,31,2004,3D7KU28C84G1,3,D,7,K,U,2,8,C,8,4,G,1,0,T,DODG,SQ2,CW,4,17,,2,1605,1405,RPC,D,,0,0,000000000,00000000000,0,0,0,1,0,0,0,0,0,0,0,998,0,1,6,0,0,6,2,1,0,0,0,1,41,97880,6,1,6,0,3,3,73,185,0,0,0,0,1,6,2010,6,2010,1,0,0,0,0,1,2,55,4,2,2,99,0,0,14,13,1,1,4,1,1,1
41,410225,1,1,1,2,10,14,10,31,0,1,0,53,1,22,16,22016,2,1998,1G2JB1249W76,1,G,2,J,B,1,2,4,9,W,7,6,0,P,PONT,SFS,CP,98,17,2637,,0,1041,,G,,0,0,000000000,00000000000,0,0,0,1,0,0,0,0,0,0,0,998,0,1,5,3,0,6,2,1,0,0,0,1,53,99218,1,1,0,0,2,3,69,210,0,1,0,0,0,7,2008,7,2008,0,0,0,0,0,1,2,55,3,1,2,1,0,0,14,12,7,4,4,7,1,1
41,410226,1,5,1,5,10,1,52,8,0,1,0,41,1,12,36,12036,3,1995,KNJLT05H0S61,K,N,J,L,T,0,5,H,0,S,6,1,0,P,FORD,ASP,2H,95,17,2004,,0,907,,G,,0,0,000000000,00000000000,0,0,0,1,0,0,0,0,0,0,0,998,0,0,0,12,12,4,3,8,0,0,0,1,41,97217,6,1,0,0,3,0,68,165,1,6,0,0,2,12,2008,7,2010,0,0,0,0,0,3,2,50,2,1,2,1,0,0,14,80,1,1,1,13,0,0
41,410226,2,5,1,5,10,1,52,8,0,1,0,53,1,37,471,37471,30,2008,2HJYK16528H5,2,H,J,Y,K,1,6,5,2,8,H,5,0,T,HOND,RTL,PK,8,17,,2,0,1220,RID,G,,0,0,000000000,00000000000,0,0,0,1,0,0,0,0,0,0,0,998,0,0,0,14,14,0,1,8,0,0,0,1,53,98683,6,1,0,0,3,0,66,170,0,0,0,0,0,0,0,0,0,0,0,0,0,0,3,2,50,2,1,2,1,0,0,14,80,1,1,1,98,0,0
41,410226,3,5,1,5,10,1,52,8,0,1,0,93,3,82,881,82881,66,2001,1FUJA6CGX1PH,1,F,U,J,A,6,C,G,X,1,P,H,1,T,FRHT,COL,DS,1,17,,8,0,0,CON,D,,1,57,0856289,570856289,3,6,1,1,0,0,0,0,0,0,0,998,0,0,0,14,14,0,1,8,0,0,0,1,41,97454,6,1,6,0,3,0,73,210,0,0,0,0,0,0,0,0,0,0,0,0,0,0,3,2,50,2,1,2,1,0,0,14,80,1,1,1,98,0,0
41,410226,4,5,1,5,10,1,52,8,0,1,0,41,3,23,882,23882,61,2007,J8DC4B167770,J,8,D,C,4,B,1,6,7,7,7,0,0,T,GMC,W45,TB,7,17,,4,1760,1090,4/5,D,,0,88,888888888,88888888888,2,1,96,1,0,0,0,0,0,0,0,998,0,0,0,14,14,0,1,8,0,0,0,1,41,97206,6,1,0,0,3,0,70,185,1,0,0,0,1,7,2008,8,2008,0,0,0,0,0,3,2,50,2,1,2,1,0,0,14,80,1,1,1,98,0,0
41,410226,5,5,1,5,10,1,52,8,0,1,0,41,2,37,31,37031,4,1998,2HGEJ6675WH5,2,H,G,E,J,6,6,7,5,W,H,5,0,P,HOND,UCL,4D,98,17,2426,,0,1032,,G,,0,0,000000000,00000000000,0,0,0,1,0,0,0,0,0,0,0,998,0,0,0,14,14,0,1,8,0,0,0,1,41,97060,6,1,0,0,3,0,68,165,0,0,0,1,0,6,2008,6,2008,0,0,0,0,0,3,2,50,2,1,2,1,0,0,14,80,1,1,1,98,0,0
41,410227,1,1,1,7,10,1,30,1,0,1,0,41,1,54,31,54031,3,1998,JH4DC2389WS0,J,H,4,D,C,2,3,8,9,W,S,0,0,P,ACUR,GSR,2H,98,17,2603,,0,1012,,G,,0,0,000000000,00000000000,0,0,0,1,0,0,0,0,0,0,0,998,0,1,5,0,98,6,2,1,0,0,0,1,41,97471,6,1,0,0,3,1,72,140,0,0,0,0,0,0,0,0,0,9,99,99,99,99,1,2,55,1,1,2,1,0,0,1,13,6,1,4,1,1,1
41,410228,1,1,1,7,10,16,55,1,0,1,0,41,2,2,404,2404,14,1993,1J4GZ58S6PC1,1,J,4,G,Z,5,8,S,6,P,C,1,0,T,JEEP,LRO,4W,93,17,,1,0,1059,GCK,G,,0,0,000000000,00000000000,0,0,0,1,0,0,0,0,0,0,0,998,0,1,5,0,0,6,2,1,0,0,0,1,41,97633,0,0,0,0,0,0,999,999,0,4,1,0,0,12,2009,4,2010,1,0,0,0,0,1,2,55,1,1,2,1,0,0,1,12,1,1,4,6,1,1
41,410229,1,3,1,9,10,16,17,12,6,1,0,41,1,20,2,20002,4,2002,2G1WH55K1291,2,G,1,W,H,5,5,K,1,2,9,1,0,P,CHEV,IPL,4D,2,17,3466,,0,1105,,G,,0,0,000000000,00000000000,0,0,0,1,0,0,0,0,0,0,0,998,0,0,0,12,12,6,2,12,0,0,0,1,41,97734,6,1,0,0,3,0,71,250,0,0,0,0,0,0,0,0,0,0,28,0,0,0,1,2,55,1,1,2,1,0,0,6,10,1,1,2,64,1,0
41,410229,2,3,2,9,10,16,17,12,6,1,0,53,1,48,401,48401,14,2003,JF1SG63603H7,J,F,1,S,G,6,3,6,0,3,H,7,0,P,SUBA,FOR,UT,3,17,3090,,0,994,,G,,0,0,000000000,00000000000,0,0,0,1,0,0,0,0,0,0,0,998,0,0,0,10,10,2,1,12,0,0,0,1,53,98026,6,1,0,0,3,1,71,145,0,0,0,0,0,0,0,0,0,0,0,0,0,0,1,2,55,1,1,2,1,0,0,1,62,1,1,1,65,0,0
41,410229,3,3,2,9,10,16,17,12,6,1,0,41,1,7,482,7482,31,2002,3B7KF236X2M2,3,B,7,K,F,2,3,6,X,2,M,2,0,T,DODG,Q25,4C,2,17,,2,1547,1387,RPC,D,,0,0,000000000,00000000000,0,0,0,1,0,0,0,0,0,0,0,998,0,0,0,12,12,6,2,12,0,0,0,1,41,97741,6,1,0,0,3,0,74,190,0,0,0,0,1,2,2008,2,2008,0,0,0,0,0,1,2,55,1,1,2,1,0,0,1,62,1,1,1,98,0,0
41,410230,1,1,1,9,10,1,0,1,0,1,0,41,1,37,32,37032,2,1991,1HGCB716XMA0,1,H,G,C,B,7,1,6,X,M,A,0,0,P,HOND,AER,CP,91,17,2888,,0,1071,,G,,0,0,000000000,00000000000,0,0,0,1,0,0,0,0,0,0,0,998,0,1,5,0,0,6,2,1,0,0,0,1,41,97023,6,1,0,0,3,0,70,221,0,1,0,0,0,1,2008,1,2008,1,0,0,0,0,1,2,99,3,1,2,2,0,0,14,13,1,1,4,1,1,1
41,410231,1,1,1,11,10,11,50,1,0,1,0,41,1,22,9,22009,2,1985,1G2FW87H4FL6,1,G,2,F,W,8,7,H,4,F,L,6,0,P,PONT,FAM,2H,85,17,3133,,0,1010,,G,,0,0,000000000,00000000000,0,0,0,1,0,0,0,0,0,0,0,998,0,1,5,0,0,6,2,1,0,0,0,1,41,97420,6,1,0,0,3,1,66,160,0,1,0,1,0,11,2008,1,2009,9,99,99,99,99,2,2,50,2,2,2,1,0,0,14,12,1,1,4,6,1,0
41,410232,1,2,1,15,10,18,12,12,2,1,0,41,1,6,52,6052,6,2007,3A4FY48B97T5,3,A,4,F,Y,4,8,B,9,7,T,5,0,P,CHRY,PTC,SV,7,17,2985,,0,1030,,G,,0,0,000000000,00000000000,0,0,0,1,0,0,0,0,0,0,0,998,0,0,0,12,12,6,2,12,0,0,0,1,41,97344,6,1,0,0,3,1,66,292,0,0,0,0,0,0,0,0,0,0,28,0,0,0,1,2,40,2,1,2,1,0,0,1,10,1,1,2,50,1,0
41,410232,2,2,1,15,10,18,12,12,2,1,0,41,1,37,31,37031,4,1998,2HGEJ6678WH6,2,H,G,E,J,6,6,7,8,W,H,6,0,P,HOND,UCL,4D,98,17,2426,,0,1032,,G,,0,0,000000000,00000000000,0,0,0,1,0,0,0,0,0,0,0,998,0,0,0,12,12,6,2,12,0,0,0,1,41,97101,6,1,0,0,3,1,73,162,0,1,0,0,0,10,2007,10,2007,0,0,0,0,0,1,2,40,3,1,2,1,0,0,14,62,1,1,1,51,0,0
41,410233,1,1,1,18,10,10,20,42,0,1,0,92,0,49,471,49471,30,1984,999999999999,9,9,9,9,9,9,9,9,9,9,9,9,0,U,,,,9,17,,,,,,,,0,0,000000000,00000000000,0,0,0,1,0,0,0,0,0,0,0,998,0,0,0,9,9,6,2,42,0,0,0,1,41,97536,6,1,0,0,3,0,67,150,0,0,0,0,0,0,0,0,0,1,0,0,0,0,1,2,45,1,1,2,1,0,0,1,12,7,3,4,7,1,0
41,410235,1,2,1,20,10,17,51,25,0,1,0,41,1,76,706,76706,80,2000,JYAVP02E4YA0,J,Y,A,V,P,0,2,E,4,Y,A,0,0,M,YAMA,XAL,RS,0,17,,,,,,,1602,0,0,000000000,00000000000,0,0,0,1,0,0,0,0,0,0,0,998,0,0,0,9,12,6,2,12,0,0,1,1,41,97230,6,1,0,0,3,1,66,145,0,0,0,0,0,0,0,0,0,1,0,0,0,0,3,3,55,1,2,1,1,0,0,1,51,1,1,4,6,1,0
41,410235,2,2,1,20,10,17,51,25,0,1,0,41,1,20,9,20009,2,2010,2G1FF1EV3A91,2,G,1,F,F,1,E,V,3,A,9,1,0,P,CHEV,CLT,CP,10,17,3741,,0,1123,,G,,0,0,000000000,00000000000,0,0,0,1,0,0,0,0,0,0,0,998,0,0,0,6,6,9,1,12,0,0,0,1,41,97215,6,1,0,0,3,0,62,140,1,0,0,1,0,6,2009,8,2010,0,0,0,0,0,3,3,55,1,2,1,1,0,0,1,53,1,1,1,98,0,0
41,410236,1,1,1,22,10,10,22,42,0,1,0,41,1,12,481,12481,31,1984,1FTEF14H9EPB,1,F,T,E,F,1,4,H,9,E,P,B,0,T,FORD,F15,PK,84,17,,2,1330,1170,COF,G,,0,0,000000000,00000000000,0,0,0,1,0,0,0,0,0,0,0,998,0,0,0,12,12,6,2,42,0,0,0,1,41,97501,6,1,0,0,3,0,72,155,0,0,0,0,0,0,0,0,0,9,99,99,99,99,1,2,55,1,1,2,1,0,0,1,13,1,1,4,1,1,0
41,410237,1,2,1,22,10,12,15,12,6,1,0,41,2,53,705,53705,80,2004,JS1GN7CAX421,J,S,1,G,N,7,C,A,X,4,2,1,0,M,SUZI,GSK,RS,4,17,,,,,,,599,0,0,000000000,00000000000,0,0,0,1,0,0,0,0,0,0,0,998,0,0,0,12,12,4,3,12,0,0,0,1,41,97218,6,1,0,0,3,0,69,155,1,0,0,2,3,12,2007,8,2010,1,0,0,0,0,5,4,35,1,2,2,1,0,0,1,6,3,2,2,69,1,0
41,410237,2,2,1,22,10,12,15,12,6,1,0,41,1,35,472,35472,30,2007,1N6AD09W37C4,1,N,6,A,D,0,9,W,3,7,C,4,0,T,NISS,CEO,CW,7,17,,1,0,1399,FRT,G,,0,0,000000000,00000000000,0,0,0,1,0,0,0,0,0,0,0,998,0,0,0,3,3,6,2,12,0,0,0,1,41,97266,6,1,0,0,3,0,69,180,0,0,0,0,0,0,0,0,0,0,0,0,0,0,5,4,35,1,2,2,1,0,0,11,62,1,1,1,68,0,0
41,410238,1,3,1,25,10,15,37,12,6,1,0,41,1,20,399,20399,4,2004,1G1ND52F94M6,1,G,1,N,D,5,2,F,9,4,M,6,0,P,CHEV,CLA,4D,4,17,3106,,0,1070,,G,,0,0,000000000,00000000000,0,0,0,1,0,0,0,0,0,0,0,998,0,0,0,12,12,6,2,12,0,0,0,1,6,95961,6,1,0,0,3,0,66,190,0,0,0,0,0,0,0,0,0,0,39,0,0,0,1,2,99,1,1,2,2,20,3,1,17,1,1,1,86,0,0
41,410238,2,3,1,25,10,15,37,12,6,1,0,93,3,82,883,82883,66,2006,1FUJAWCKX6LV,1,F,U,J,A,W,C,K,X,6,L,V,1,T,FRHT,ARG,DS,6,17,,8,0,0,HTL,D,,1,57,012185,57012185,3,6,1,1,0,0,0,0,0,0,0,998,0,0,0,2,18,4,3,12,0,0,0,1,41,97438,6,1,6,0,3,1,68,135,0,0,0,0,0,0,0,0,0,0,0,0,0,0,1,2,45,1,1,2,2,0,0,1,66,6,1,2,87,0,0
41,410238,3,3,1,25,10,15,37,12,6,1,0,41,3,20,481,20481,31,2006,1GCHK29U46E2,1,G,C,H,K,2,9,U,4,6,E,2,1,T,CHEV,2KH,4C,6,17,,2,1575,1435,SIL,G,,1,0,000000000,00000000000,0,0,0,1,0,0,0,0,0,0,0,998,0,0,0,13,13,6,2,54,0,0,0,1,41,97367,6,1,0,0,3,0,66,125,0,0,0,0,0,0,0,0,0,0,0,0,0,0,1,2,45,1,1,2,2,0,0,1,61,1,1,1,98,1,0
41,410239,1,2,1,25,10,2,44,8,0,1,1,99,9,99,999,99999,99,9999,999999999999,9,9,9,9,9,9,9,9,9,9,9,9,9,U,,,,9,17,,,,,,,,0,99,999999999,99999999999,9,99,99,1,0,0,0,0,0,0,0,998,0,0,0,12,12,9,1,8,0,0,0,1,99,99999,9,9,99,9,9,9,999,999,99,99,99,99,99,99,9999,99,9999,9,99,99,99,99,3,2,50,1,1,2,2,0,0,99,80,99,9,9,13,0,0
41,410239,2,2,1,25,10,2,44,8,0,1,0,41,1,52,35,52035,2,2000,JA3AY11A8YU0,J,A,3,A,Y,1,1,A,8,Y,U,0,0,P,MITS,MDE,2D,0,17,2183,,0,951,,G,,0,0,000000000,00000000000,0,0,0,1,0,0,0,0,0,0,0,998,0,0,0,14,14,2,1,8,0,0,0,1,41,97217,6,1,0,0,3,0,61,147,0,0,0,0,0,0,0,0,0,0,0,0,0,0,3,2,50,1,1,2,2,0,0,1,80,1,1,1,98,0,0
41,410241,1,2,1,19,9,17,27,12,6,1,0,41,1,41,37,41037,2,1986,JM1GC311XG18,J,M,1,G,C,3,1,1,X,G,1,8,0,P,MAZD,626,CP,86,17,2450,,0,988,,G,,0,0,000000000,00000000000,0,0,0,1,0,0,0,0,0,0,0,998,0,0,0,9,9,6,2,12,0,0,0,1,41,97030,6,1,0,0,3,0,64,130,0,0,0,0,0,0,0,0,0,0,38,0,0,0,1,2,45,1,1,2,2,20,3,1,17,1,1,1,89,1,0
41,410241,2,2,2,19,9,17,27,12,6,1,0,41,1,12,481,12481,31,1997,1FTJW36FXVEA,1,F,T,J,W,3,6,F,X,V,E,A,1,T,FORD,F35,CW,97,17,,2,0,1680,COF,D,,1,0,000000000,00000000000,0,0,0,1,0,0,0,0,0,0,0,998,0,0,0,12,12,9,9,12,0,0,0,1,41,97060,6,1,0,0,3,0,68,180,0,0,0,0,0,0,0,0,0,0,0,0,0,0,1,2,45,1,1,2,2,0,0,1,66,3,2,1,88,0,1
41,410243,1,2,1,1,10,10,5,12,6,1,0,41,2,49,401,49401,14,1994,JT3VN39W9R01,J,T,3,V,N,3,9,W,9,R,0,1,0,P,TOYT,RUN,UT,94,17,4165,,0,1033,,G,,0,0,000000000,00000000000,0,0,0,1,0,0,0,0,0,0,0,998,0,0,0,12,12,9,3,12,0,0,0,1,41,97045,6,1,0,0,3,0,61,98,0,0,0,1,0,10,2009,10,2009,0,0,0,0,0,1,2,45,1,1,2,1,0,0,1,17,1,1,2,64,0,0
41,410243,2,2,1,1,10,10,5,12,6,1,0,41,1,48,38,48038,4,1993,JF1GC2447PK5,J,F,1,G,C,2,4,4,7,P,K,5,0,P,SUBA,ILP,4D,93,17,2460,,0,991,,G,,0,0,000000000,00000000000,0,0,0,1,0,0,0,0,0,0,0,998,0,0,0,9,9,6,2,12,0,0,0,1,41,97045,6,1,0,0,3,0,64,170,0,0,0,0,0,0,0,0,0,0,0,0,0,0,1,2,45,1,1,2,1,0,0,1,62,1,1,1,65,1,0
41,410244,1,1,1,9,10,12,25,9,0,1,0,41,1,37,31,37031,2,2005,1HGEM22365L0,1,H,G,E,M,2,2,3,6,5,L,0,0,P,HOND,CVP,CP,5,17,2513,,0,1031,,G,,0,0,000000000,00000000000,0,0,0,1,0,0,0,0,0,0,0,43,0,0,0,12,12,4,3,9,0,0,0,1,41,97702,6,1,0,0,3,1,63,104,0,0,0,1,2,7,2010,10,2010,0,38,0,0,0,1,4,45,3,1,2,1,0,0,14,83,3,2,1,13,0,0
41,410245,1,2,1,9,10,12,5,12,6,1,0,41,1,58,35,58035,4,1999,JNKCA21A1XT7,J,N,K,C,A,2,1,A,1,X,T,7,0,P,INFI,I30,4D,99,17,3035,,0,1063,,G,,0,0,000000000,00000000000,0,0,0,1,0,0,0,0,0,0,0,998,0,0,0,11,11,6,2,12,0,0,0,1,41,97392,6,1,0,0,3,0,66,125,0,0,0,1,0,2,2010,2,2010,0,39,0,0,0,1,4,45,1,1,2,2,20,3,11,15,1,1,1,82,0,0
41,410245,2,2,1,9,10,12,5,12,6,1,0,41,1,20,2,20002,4,1992,1G1BN53E8NW1,1,G,1,B,N,5,3,E,8,N,W,1,0,P,CHEV,CLL,4D,92,17,3951,,0,1159,,G,,0,0,000000000,00000000000,0,0,0,1,0,0,0,0,0,0,0,998,0,0,0,12,12,6,2,12,0,0,0,1,41,97304,6,1,0,0,3,0,71,175,0,0,0,0,0,0,0,0,0,0,0,0,0,0,1,2,45,1,1,2,2,0,0,1,66,1,1,1,83,1,0
41,410246,1,1,1,9,10,21,32,8,0,1,1,16,1,35,471,35471,30,1986,JN6ND16S8GW0,J,N,6,N,D,1,6,S,8,G,W,0,0,T,NISS,D2K,PK,86,17,,1,0,0,D21,G,,0,0,000000000,00000000000,0,0,0,1,0,0,0,0,0,0,0,998,0,0,0,12,12,4,3,8,0,0,0,1,16,83687,6,1,0,0,3,3,61,200,0,0,0,0,0,0,0,0,0,1,91,0,0,0,1,2,25,1,1,2,1,0,0,1,80,1,1,1,13,0,1
41,410247,1,1,1,13,10,0,10,42,0,1,0,41,2,49,40,49040,4,1996,JT2BG12K5T03,J,T,2,B,G,1,2,K,5,T,0,3,0,P,TOYT,DLX,4D,96,17,2932,,0,1031,,G,,0,0,000000000,00000000000,0,0,0,1,0,0,0,0,0,0,0,998,0,0,0,3,3,4,3,42,0,0,0,1,41,97306,1,1,0,0,2,0,72,200,0,3,0,1,0,7,2008,10,2008,1,0,0,0,0,1,2,30,3,1,2,1,0,0,1,12,1,1,4,6,1,1
41,410248,1,1,1,26,10,19,24,8,0,1,0,41,2,37,421,37421,15,2005,2HKYF185X5H5,2,H,K,Y,F,1,8,5,X,5,H,5,0,P,HOND,PIL,UT,5,17,4431,,0,1063,,G,,0,0,000000000,00000000000,0,0,0,1,0,0,0,0,0,0,0,998,0,0,0,12,12,9,1,8,0,0,0,1,41,97401,6,1,0,0,3,0,64,128,0,0,0,1,0,7,2009,7,2009,0,0,0,0,0,5,4,35,1,1,2,2,0,0,1,80,1,1,1,13,0,0
41,410249,1,1,2,30,10,18,15,8,0,1,0,41,1,35,471,35471,30,1996,1N6SD11S4TC3,1,N,6,S,D,1,1,S,4,T,C,3,0,T,NISS,XES,PK,96,17,,1,0,1043,TRK,G,,0,0,000000000,00000000000,0,0,0,1,0,0,0,0,0,0,0,998,0,0,0,12,12,4,3,8,0,0,0,1,41,97301,6,1,0,0,3,0,62,178,0,0,0,0,0,0,0,0,0,0,0,0,0,0,5,4,45,1,1,2,2,0,0,1,80,1,1,1,13,0,0
41,410250,1,1,3,30,10,20,50,8,0,1,0,41,1,49,32,49032,4,2005,1NXBR32E85Z4,1,N,X,B,R,3,2,E,8,5,Z,4,0,P,TOYT,UCS,4D,5,17,2530,,0,1024,,G,,0,0,000000000,00000000000,0,0,0,1,0,0,0,0,0,0,0,998,0,0,0,12,12,4,3,8,0,0,0,1,41,97524,6,1,0,0,3,0,71,180,0,0,0,0,0,0,0,0,0,0,0,0,0,0,5,4,45,1,1,2,2,0,0,1,80,3,2,1,13,0,0
41,410251,1,1,10,1,11,8,0,1,0,1,0,41,2,20,461,20461,21,1988,1GBEG25K0J71,1,G,B,E,G,2,5,K,0,J,7,1,0,T,CHEV,SV2,IC,88,17,,2,1250,1100,S/V,G,,0,0,000000000,00000000000,0,0,0,1,0,0,0,0,0,0,0,998,0,1,6,0,0,6,2,1,0,0,0,1,53,97071,6,1,0,0,3,0,66,170,0,0,0,1,1,12,2009,4,2010,9,0,0,0,0,1,2,0,4,1,4,3,0,0,1,13,1,1,4,1,1,0
41,410252,1,1,1,4,11,18,36,8,0,1,0,41,1,9,17,9017,3,1991,1P3XP24DXMN6,1,P,3,X,P,2,4,D,X,M,N,6,0,P,PLYM,SAS,2H,91,17,2551,,0,970,,G,,0,0,000000000,00000000000,0,0,0,1,0,0,0,0,0,0,0,998,0,0,0,12,12,4,1,8,0,0,0,1,41,97067,6,1,0,0,3,0,70,225,0,0,0,0,1,6,2009,6,2009,0,0,0,0,0,5,4,45,1,1,2,1,0,0,1,80,1,1,1,13,0,0
41,410253,1,2,1,7,11,10,6,24,0,1,0,41,1,37,32,37032,4,1994,1HGCD563XRA0,1,H,G,C,D,5,6,3,X,R,A,0,0,P,HOND,ULE,4D,94,17,2809,,0,1069,,G,,0,0,000000000,00000000000,0,0,0,1,0,0,0,0,0,0,0,998,0,0,0,12,12,6,2,12,0,0,0,1,41,97352,6,1,0,0,3,0,69,264,0,0,0,0,0,0,0,0,0,0,28,0,0,0,1,2,55,1,1,2,2,0,0,1,13,1,1,4,1,1,0
41,410253,2,2,1,7,11,10,6,24,0,1,0,41,1,7,482,7482,31,2001,3B7HF13Z51G2,3,B,7,H,F,1,3,Z,5,1,G,2,0,T,DODG,Q15,4C,1,17,,2,1547,1387,RPC,G,,0,0,000000000,00000000000,0,0,0,1,0,0,0,0,0,0,0,998,0,0,0,12,12,6,2,12,0,0,0,1,41,97327,6,1,0,0,3,0,64,198,0,0,0,0,0,0,0,0,0,0,0,0,0,0,1,2,55,1,1,2,2,0,0,1,62,1,1,1,98,0,0
41,410254,1,1,1,8,11,18,5,8,0,1,0,41,1,52,45,52045,6,1994,JA3EE59G2RZ0,J,A,3,E,E,5,9,G,2,R,Z,0,0,P,MITS,EX4,SW,94,17,3285,,0,1071,,G,,0,0,000000000,00000000000,0,0,0,1,0,0,0,0,0,0,0,998,0,0,0,12,12,4,3,8,0,0,0,1,41,97424,6,1,0,0,3,1,64,135,0,1,0,1,0,9,2008,6,2009,9,92,0,0,0,3,2,55,1,5,2,2,0,0,1,80,1,1,1,13,0,1
41,410255,1,1,1,8,11,11,21,8,0,1,0,8,1,52,40,52040,4,2004,6MMAP67P84T0,6,M,M,A,P,6,7,P,8,4,T,0,0,P,MITS,DLS,4P,4,17,3582,,0,1071,,G,,0,0,000000000,00000000000,0,0,0,1,0,0,0,0,0,0,0,998,0,0,0,12,12,6,2,15,0,0,0,1,8,80923,6,1,0,0,3,0,71,210,0,0,0,0,0,0,0,0,0,0,38,0,0,0,1,4,99,1,1,2,1,2,3,10,80,1,1,2,13,0,0
41,410256,1,1,2,9,11,6,20,11,0,1,0,41,1,54,31,54031,3,1990,JH4DA9355LS0,J,H,4,D,A,9,3,5,5,L,S,0,0,P,ACUR,ILS,2H,90,17,2491,,0,1004,,G,,0,0,000000000,00000000000,0,0,0,1,0,0,0,0,0,0,0,998,0,0,0,12,12,4,3,11,0,0,0,1,41,97338,6,1,6,0,3,0,73,250,0,0,0,1,0,10,2010,10,2010,0,0,0,0,0,1,2,55,1,1,2,2,0,0,1,87,1,1,1,13,1,0
41,410257,1,1,1,3,11,7,4,8,0,1,0,53,1,54,31,54031,4,1990,JH4DB1554LS0,J,H,4,D,B,1,5,5,4,L,S,0,0,P,ACUR,ILS,4D,90,17,2513,,0,1024,,G,,0,0,000000000,00000000000,0,0,0,1,0,0,0,0,0,0,0,998,0,0,0,12,12,2,3,8,0,0,0,1,53,99362,6,1,0,0,3,0,68,135,0,2,0,0,2,5,2008,9,2010,0,0,0,0,0,1,2,40,1,1,2,1,0,0,1,80,6,1,1,13,0,0
41,410258,1,2,1,3,11,18,36,8,0,1,0,41,1,37,31,37031,4,2000,JHMEJ6670YS0,J,H,M,E,J,6,6,7,0,Y,S,0,0,P,HOND,UCL,4D,0,17,2456,,0,1032,,G,,0,0,000000000,00000000000,0,0,0,1,0,0,0,0,0,0,0,998,0,0,0,12,12,2,3,8,0,0,0,1,41,97405,6,1,0,0,3,0,71,185,0,0,0,0,0,0,0,0,0,0,0,0,0,0,1,4,55,1,1,2,1,0,0,1,80,1,1,1,13,0,0
41,410258,2,2,1,3,11,18,36,8,0,1,0,41,1,22,5,22005,2,1988,1G2PE1190JP2,1,G,2,P,E,1,1,9,0,J,P,2,0,P,PONT,FRO,CP,88,17,2487,,0,934,,G,,0,0,000000000,00000000000,0,0,0,1,0,0,0,0,0,0,0,998,0,0,0,12,12,9,3,8,0,0,0,1,41,97405,6,1,0,0,3,0,67,187,0,0,0,0,0,0,0,0,0,0,0,0,0,0,1,4,55,1,1,2,1,0,0,1,80,1,1,1,98,0,0
41,410259,1,2,1,7,11,16,6,12,6,1,0,41,1,54,31,54031,3,1989,JH4DA3345KS0,J,H,4,D,A,3,3,4,5,K,S,0,0,P,ACUR,IRS,2H,89,17,2235,,0,965,,G,,0,0,000000000,00000000000,0,0,0,1,0,0,0,0,0,0,0,998,0,0,0,3,3,6,2,12,0,0,0,1,41,97080,6,1,0,0,3,0,67,150,0,0,0,0,0,0,0,0,0,1,0,0,0,0,5,4,35,1,6,2,2,0,0,1,10,6,4,3,64,1,0