STATE,ST_CASE,VEH_NO,VE_FORMS,NUMOCCS,DAY,MONTH,HOUR,MINUTE,HARM_EV,MAN_COLL,UNITTYPE,HIT_RUN,REG_STAT,OWNER,MAKE,MODEL,MAK_MOD,BODY_TYP,MOD_YEAR,VIN,VIN_1,VIN_2,VIN_3,VIN_4,VIN_5,VIN_6,VIN_7,VIN_8,VIN_9,VIN_10,VIN_11,VIN_12,TOW_VEH,VINTYPE,VINMAKE,VINA_MOD,VIN_BT,VINMODYR,VIN_LNGT,VIN_WGT,WGTCD_TR,WHLBS_LG,WHLBS_SH,SER_TR,FUELCODE,MCYCL_DS,J_KNIFE,MCARR_I1,MCARR_I2,MCARR_ID,GVWR,V_CONFIG,CARGO_BT,HAZ_INV,HAZ_PLAC,HAZ_ID,HAZ_CNO,HAZ_REL,BUS_USE,SPEC_USE,EMER_USE,TRAV_SP,UNDERIDE,ROLLOVER,ROLINLOC,IMPACT1,IMPACT2,DEFORMED,TOWED,M_HARM,VEH_SC1,VEH_SC2,FIRE_EXP,DR_PRES,L_STATE,DR_ZIP,L_STATUS,L_TYPE,CDL_STAT,L_ENDORS,L_COMPL,L_RESTRI,DR_HGT,DR_WGT,PREV_ACC,PREV_SUS,PREV_DWI,PREV_SPD,PREV_OTH,FIRST_MO,FIRST_YR,LAST_MO,LAST_YR,SPEEDREL,DR_SF1,DR_SF2,DR_SF3,DR_SF4,VTRAFWAY,VNUM_LAN,VSPD_LIM,VALIGN,VPROFILE,VPAVETYP,VSURCOND,VTRAFCON,VTCONT_F,P_CRASH1,P_CRASH2,P_CRASH3,PCRASH4,PCRASH5,ACC_TYPE,DEATHS,DR_DRINK
41,410297,1,3,2,29,12,3,35,12,2,1,0,41,2,55,38,55038,4,2005,KMHFU45E45A4,K,M,H,F,U,4,5,E,4,5,A,4,0,P,HYUN,XG5,4D,5,17,3651,,0,1083,,G,,0,0,000000000,00000000000,0,0,0,1,0,0,0,0,0,0,0,998,0,0,0,12,12,6,2,12,0,0,0,1,41,97124,1,1,0,0,2,3,64,110,0,3,0,0,2,11,2009,7,2010,0,28,0,0,0,1,2,55,1,1,2,2,0,0,1,10,1,1,2,50,1,0
41,410297,2,3,1,29,12,3,35,12,2,1,0,93,3,82,883,82883,63,2009,1FVMA6CV89LA,1,F,V,M,A,6,C,V,8,9,L,A,1,T,FRHT,COL,TM,9,17,,8,0,0,CON,D,,1,57,0770324,570770324,3,4,2,2,2,1203,3,2,0,0,0,998,0,0,0,12,12,6,2,12,0,0,1,1,41,97132,6,1,6,1,3,0,69,175,0,0,0,0,0,0,0,0,0,0,0,0,0,0,1,2,55,1,1,2,2,0,0,1,62,1,1,1,51,0,0
41,410297,3,3,1,29,12,3,35,12,2,1,0,41,3,82,881,82881,66,2000,1FUYZCXB3YHG,1,F,U,Y,Z,C,X,B,3,Y,H,G,1,T,FRHT,FC1,DS,0,17,,8,0,0,CON,D,,1,57,806080,57806080,3,6,1,1,0,0,0,0,0,0,0,998,0,0,0,12,12,6,2,12,0,0,0,1,41,97071,6,1,6,0,3,0,67,190,1,0,0,0,0,5,2010,5,2010,0,0,0,0,0,1,2,55,1,1,2,2,0,0,1,50,1,1,1,98,0,0
41,410298,1,2,3,30,12,12,21,12,2,1,0,41,2,14,38,14038,2,2000,1ZWFT61L5Y56,1,Z,W,F,T,6,1,L,5,Y,5,6,0,P,MERC,CU6,2H,0,17,2881,,0,1064,,G,,0,0,000000000,00000000000,0,0,0,1,0,0,0,0,0,0,0,998,0,0,0,12,12,6,2,12,0,0,0,1,41,97702,1,1,0,0,2,0,69,165,0,6,0,1,2,7,2010,12,2010,0,28,0,0,0,5,4,55,1,2,2,1,0,0,1,10,1,1,2,50,1,0
41,410298,2,2,1,30,12,12,21,12,2,1,0,41,1,23,431,23431,16,1996,1GKGK26J8TJ7,1,G,K,G,K,2,6,J,8,T,J,7,0,T,GMC,KSB,4W,96,17,,2,0,1315,K25,G,,0,0,000000000,00000000000,0,0,0,1,0,0,0,0,0,0,0,998,0,0,0,12,12,6,2,12,0,0,0,1,41,97739,6,1,0,0,3,1,74,190,0,0,0,1,0,5,2008,5,2008,0,0,0,0,0,5,4,55,1,2,2,1,0,0,1,62,2,1,1,51,0,0
41,410299,1,1,4,11,10,2,46,1,0,1,0,41,2,20,481,20481,31,1989,2GCEK19K4K12,2,G,C,E,K,1,9,K,4,K,1,2,0,T,CHEV,GK1,PC,89,17,,2,1555,1415,GM4,G,,0,0,000000000,00000000000,0,0,0,1,0,0,0,0,0,0,0,48,0,1,1,0,0,6,2,1,0,0,0,1,99,99999,9,9,99,0,9,9,999,999,99,99,99,99,99,99,9999,99,9999,0,58,0,0,0,1,2,35,2,9,2,99,0,0,14,12,7,1,6,98,1,1
41,410300,1,2,1,8,11,17,28,8,0,1,0,41,1,20,481,20481,31,1996,1GCEK19R1TE2,1,G,C,E,K,1,9,R,1,T,E,2,0,T,CHEV,GK1,PC,96,17,,2,1555,1415,GM4,G,,0,0,000000000,00000000000,0,0,0,1,0,0,0,0,0,0,0,998,0,0,0,12,12,4,1,8,0,0,0,1,41,97132,6,1,0,0,3,0,68,215,0,0,0,0,0,0,0,0,0,0,0,0,0,0,1,3,35,1,1,2,2,0,0,1,80,1,1,1,13,0,0
41,410300,2,2,1,8,11,17,28,8,0,1,0,41,1,20,481,20481,31,1996,1GCGK29R7TE2,1,G,C,G,K,2,9,R,7,T,E,2,0,T,CHEV,GK2,PC,96,17,,2,0,1555,GM4,G,,0,0,000000000,00000000000,0,0,0,1,0,0,0,0,0,0,0,998,0,0,0,14,12,4,1,8,0,0,0,1,41,97132,6,1,0,0,3,0,69,160,0,0,0,0,0,0,0,0,0,0,0,0,0,0,1,3,35,1,1,2,2,0,0,1,80,1,1,1,98,0,0
41,410301,1,1,1,5,10,19,58,34,0,1,0,41,1,35,471,35471,30,1986,JN6ND11Y8GW0,J,N,6,N,D,1,1,Y,8,G,W,0,0,T,NISS,DS4,PK,86,17,,1,0,0,D21,G,,0,0,000000000,00000000000,0,0,0,1,0,0,0,0,0,0,0,998,0,0,0,12,12,4,3,34,0,0,0,1,41,97060,6,1,0,0,3,1,66,190,0,0,0,0,0,0,0,0,0,9,99,99,99,99,1,2,99,3,1,2,1,0,0,10,13,1,1,4,1,1,0
41,410302,1,2,2,25,10,15,15,12,6,1,0,41,1,23,401,23401,14,1989,1GKCT18Z8K85,1,G,K,C,T,1,8,Z,8,K,8,5,0,T,GMC,SJI,S2,89,17,,1,0,1005,S15,G,,0,0,000000000,00000000000,0,0,0,1,0,0,0,0,0,0,0,998,0,0,0,9,9,4,3,12,0,0,0,1,41,97525,6,1,0,0,3,0,74,185,0,0,0,0,0,0,0,0,0,0,38,48,0,0,1,2,55,1,1,2,2,0,0,12,52,1,1,2,98,1,0
41,410302,2,2,2,25,10,15,15,12,6,1,0,41,1,7,442,7442,20,1999,1B4GP44R3XB9,1,B,4,G,P,4,4,R,3,X,B,9,0,P,DODG,CAR,SV,99,17,3856,,0,1193,,G,,0,0,000000000,00000000000,0,0,0,1,0,0,0,0,0,0,0,998,0,0,0,12,12,4,3,12,0,0,0,1,41,97526,6,1,0,0,3,0,74,185,0,0,0,0,0,0,0,0,0,0,0,0,0,0,1,2,55,1,1,2,2,0,0,1,60,1,1,1,98,0,0
41,410303,1,2,1,19,11,10,59,12,2,1,0,41,1,12,13,12013,4,1989,1FAPP9890KW2,1,F,A,P,P,9,8,9,0,K,W,2,0,P,FORD,LXE,SW,89,17,2312,,0,942,,G,,0,0,000000000,00000000000,0,0,0,1,0,0,0,0,0,0,0,998,0,0,0,12,12,6,2,12,0,0,0,1,41,97415,6,1,0,0,3,1,66,105,0,0,0,0,0,0,0,0,0,0,28,0,0,0,5,6,45,1,1,2,2,0,0,1,54,1,1,1,52,1,0
41,410303,2,2,1,19,11,10,59,12,2,1,0,41,1,49,40,49040,4,1995,JT2SK12E6S03,J,T,2,S,K,1,2,E,6,S,0,3,0,P,TOYT,CLE,4D,95,17,3086,,0,1031,,G,,0,0,000000000,00000000000,0,0,0,1,0,0,0,0,0,0,0,998,0,0,0,12,12,6,2,12,0,0,0,1,41,97415,6,1,0,0,3,1,65,130,0,0,0,0,0,0,0,0,0,0,28,0,0,0,5,6,45,1,1,2,2,0,0,1,54,1,1,1,52,0,0
42,420001,1,1,1,3,1,7,44,42,0,1,0,42,2,69,54,69054,3,2006,WMWRC33576TK,W,M,W,R,C,3,3,5,7,6,T,K,0,P,MNNI,COO,2H,6,17,3340,,0,971,,G,,0,0,000000000,00000000000,0,0,0,1,0,0,0,0,0,0,0,50,0,1,5,9,9,6,2,42,0,0,0,1,42,19135,6,1,0,0,3,0,71,999,0,0,0,0,0,0,0,0,0,1,51,0,0,0,1,2,25,2,6,2,1,0,0,14,6,7,3,4,2,1,1
42,420002,1,1,1,8,1,13,15,30,0,1,0,42,2,9,442,9442,20,1998,1P4GP44G2WB6,1,P,4,G,P,4,4,G,2,W,B,6,0,P,PLYM,VOF,SV,98,17,3675,,0,1193,,F,,0,0,000000000,00000000000,0,0,0,1,0,0,0,0,0,0,0,55,0,0,0,10,10,6,2,30,0,0,0,1,42,16870,6,1,0,0,3,3,63,999,0,0,0,0,0,0,0,0,0,1,87,0,0,0,1,2,45,1,1,2,3,0,0,1,6,1,3,4,2,1,0
42,420003,1,1,3,19,1,1,9,8,0,1,0,42,1,7,442,7442,20,2002,1B4GP25372B5,1,B,4,G,P,2,5,3,7,2,B,5,0,P,DODG,CAR,SV,2,17,3766,,0,1133,,F,,0,0,000000000,00000000000,0,0,0,1,0,0,0,0,0,0,0,38,0,0,0,11,11,2,3,8,0,0,0,1,42,17013,6,1,0,0,3,0,58,999,0,0,0,1,0,3,2009,3,2009,0,0,0,0,0,1,2,40,1,1,2,1,0,0,1,80,4,1,1,13,0,0
42,420004,1,2,1,1,1,1,8,12,6,1,0,92,0,76,998,76998,91,9999,000000000000,0,0,0,0,0,0,0,0,0,0,0,0,0,U,,,,,17,,,,,,,,0,0,000000000,00000000000,0,0,0,1,0,0,0,0,0,0,0,55,0,0,0,12,12,6,2,12,0,0,0,1,42,16406,1,1,0,0,1,0,70,999,0,2,0,0,1,2,2007,7,2009,1,18,23,0,0,1,2,55,1,1,2,3,0,0,1,66,1,1,1,88,1,1
42,420004,2,2,1,1,1,1,8,12,6,1,0,42,1,12,481,12481,31,1995,1FTDF15Y7SLA,1,F,T,D,F,1,5,Y,7,S,L,A,0,T,FORD,F15,PK,95,17,,1,1330,1170,COF,G,,0,0,000000000,00000000000,0,0,0,1,0,0,0,0,0,0,0,5,0,0,0,10,10,6,2,12,0,0,0,1,42,16427,6,1,0,0,3,0,68,999,0,0,0,0,0,0,0,0,0,0,38,0,0,0,1,2,55,1,1,2,3,20,3,4,17,1,1,1,89,0,0
42,420005,1,2,1,7,1,5,44,12,6,1,0,42,3,84,881,84881,66,2005,2HSCESBR05C0,2,H,S,C,E,S,B,R,0,5,C,0,1,T,INTL,92I,DS,5,17,,8,0,0,920,D,,1,57,00757900,5700757900,3,6,97,1,0,0,0,0,0,0,0,5,0,0,0,8,8,2,1,12,0,0,0,1,42,15068,6,1,6,0,3,0,68,999,0,0,0,0,0,0,0,0,0,0,31,48,0,0,1,2,45,1,1,2,4,0,0,13,10,2,1,1,92,0,1
42,420005,2,2,3,7,1,5,44,12,6,1,0,42,1,35,401,35401,14,2001,JN8DR09Y01W5,J,N,8,D,R,0,9,Y,0,1,W,5,0,P,NISS,PFI,UT,1,17,3997,,0,1063,,G,,0,0,000000000,00000000000,0,0,0,1,0,0,0,0,0,0,0,55,1,0,0,11,11,6,2,12,0,0,0,1,42,16201,6,1,0,0,3,0,68,999,0,0,0,0,0,0,0,0,0,1,87,0,0,0,1,2,45,1,1,2,4,0,0,1,56,4,2,1,93,1,0
42,420006,1,1,1,15,1,8,10,42,0,1,0,42,2,18,7,18007,4,1993,3G4AG54N6PS6,3,G,4,A,G,5,4,N,6,P,S,6,0,P,BUIC,CSP,4D,93,17,2870,,0,1047,,G,,0,0,000000000,00000000000,0,0,0,1,0,0,0,0,0,0,0,50,0,0,0,8,11,6,2,42,0,0,0,1,42,17049,6,1,0,0,3,0,73,999,0,0,0,2,0,5,2007,5,2009,1,51,0,0,0,1,2,45,1,6,2,1,0,0,1,12,1,1,4,6,1,1
42,420007,1,1,1,19,1,12,40,34,0,1,0,42,2,55,36,55036,4,2001,KMHCG45C21U2,K,M,H,C,G,4,5,C,2,1,U,2,0,P,HYUN,AGL,4D,1,17,2290,,0,961,,G,,0,0,000000000,00000000000,0,0,0,1,0,0,0,0,0,0,0,50,0,0,0,11,4,6,2,30,0,0,0,1,42,15102,6,1,0,0,3,0,69,999,0,0,0,0,0,0,0,0,0,1,51,0,0,0,1,2,45,2,3,2,2,0,0,14,6,7,3,4,7,1,0
42,420008,1,4,2,6,1,20,55,12,6,1,0,26,2,37,403,37403,14,2003,5J6YH28573L0,5,J,6,Y,H,2,8,5,7,3,L,0,0,P,HOND,ELE,UT,3,17,3544,,0,1014,,G,,0,0,000000000,00000000000,0,0,0,1,0,0,0,0,0,0,0,70,0,0,0,9,13,6,2,12,0,0,0,1,26,48103,6,1,0,0,3,0,999,999,0,0,0,0,0,0,0,0,0,1,87,27,35,0,2,2,65,1,6,2,4,0,0,15,5,8,4,2,46,1,0
42,420008,2,4,1,6,1,20,55,12,6,1,0,39,3,84,884,84884,66,2007,2HSCKSCR87C4,2,H,S,C,K,S,C,R,8,7,C,4,1,T,INTL,99X,DS,7,17,,8,0,0,990,D,,1,57,00161246,5700161246,3,6,1,1,0,0,0,0,0,0,0,65,0,1,1,1,83,6,2,12,0,0,0,1,39,44875,6,1,6,0,3,0,68,185,0,0,0,0,0,0,0,0,0,1,87,0,0,0,2,2,65,1,6,2,4,0,0,1,61,8,1,2,45,0,0
42,420008,3,4,7,6,1,20,55,12,6,1,0,25,4,37,441,37441,20,2008,5FNRL38438B1,5,F,N,R,L,3,8,4,3,8,B,1,0,P,HOND,UDY,SV,8,17,4473,,0,1181,,G,,0,0,000000000,00000000000,0,0,0,1,0,0,0,0,0,0,0,65,0,0,0,11,11,6,2,12,0,0,0,1,36,11212,2,1,0,0,2,2,999,999,99,99,99,99,99,99,9999,99,9999,0,74,0,0,0,2,2,65,1,5,2,4,0,0,1,64,1,1,1,98,2,0
42,420008,4,4,1,6,1,20,55,12,6,1,0,37,3,84,881,84881,66,2005,1HSHXAHR45J0,1,H,S,H,X,A,H,R,4,5,J,0,2,T,INTL,860,DS,5,17,,8,0,0,80S,D,,1,57,00121018,5700121018,3,7,1,1,0,0,0,0,0,0,0,60,0,0,0,7,7,4,1,12,0,0,0,1,39,44473,6,1,6,1,3,0,66,200,0,0,0,0,0,0,0,0,0,0,0,0,0,0,2,2,65,1,5,2,4,0,0,1,64,7,1,1,98,0,0
42,420009,1,1,4,16,1,21,49,30,0,1,0,42,1,2,404,2404,14,1994,1J4FJ68S5RL2,1,J,4,F,J,6,8,S,5,R,L,2,0,T,JEEP,SPT,4W,94,17,,1,0,1014,CHK,G,,0,0,000000000,00000000000,0,0,0,1,0,0,0,0,0,0,0,50,0,0,0,9,12,6,2,42,0,0,0,1,42,15666,6,1,0,0,3,3,68,999,0,0,0,0,0,0,0,0,0,1,0,0,0,0,1,2,45,1,1,2,2,0,0,1,6,1,1,4,1,1,0
42,420010,1,1,1,10,1,2,30,42,0,1,0,42,2,12,35,12035,4,1999,1FAFP6635XK2,1,F,A,F,P,6,6,3,5,X,K,2,0,P,FORD,CSE,4D,99,17,2774,,0,1065,,G,,0,0,000000000,00000000000,0,0,0,1,0,0,0,0,0,0,0,55,0,1,6,3,3,6,2,42,0,0,0,1,42,17876,6,1,0,0,3,0,74,999,0,0,0,0,0,0,0,0,0,1,0,0,0,0,1,2,45,1,1,2,1,0,0,1,8,1,4,4,7,1,1
42,420011,1,1,1,23,1,19,10,34,0,1,0,42,1,49,32,49032,4,2007,2T1BR32E47C8,2,T,1,B,R,3,2,E,4,7,C,8,0,P,TOYT,UCS,4D,7,17,2530,,0,1024,,G,,0,0,000000000,00000000000,0,0,0,1,0,0,0,0,0,0,0,55,0,1,6,11,11,6,2,1,0,0,0,1,42,16239,6,1,0,0,3,0,71,999,0,0,0,0,0,0,0,0,0,0,51,0,0,0,1,2,55,1,1,2,1,0,0,1,12,1,1,4,6,1,0
42,420012,1,1,1,3,1,20,36,42,0,1,0,42,2,12,37,12037,4,2000,3FAFP3138YR2,3,F,A,F,P,3,1,3,8,Y,R,2,0,P,FORD,FZX,3P,0,17,2551,,0,1030,,G,,0,0,000000000,00000000000,0,0,0,1,0,0,0,0,0,0,0,80,0,1,6,12,12,6,2,42,0,0,0,1,42,15401,0,0,0,0,0,0,71,999,0,5,0,0,4,9,2007,11,2009,1,0,0,0,0,3,2,55,1,6,2,1,0,0,1,13,1,1,4,1,1,0
42,420013,1,2,1,25,1,16,18,12,6,1,0,34,2,2,404,2404,14,1999,1J4GW58N0XC6,1,J,4,G,W,5,8,N,0,X,C,6,0,T,JEEP,LRO,4W,99,17,,1,0,1059,GCK,G,,0,0,000000000,00000000000,0,0,0,1,0,0,0,0,0,0,0,999,0,0,0,9,9,6,2,12,0,0,0,1,34,8609,6,1,0,0,3,0,70,999,0,0,0,0,0,0,0,0,0,1,39,0,0,0,4,1,25,1,1,2,2,20,3,1,17,1,1,1,89,1,1
42,420013,2,2,2,25,1,16,18,12,6,1,0,42,3,20,461,20461,21,2000,1GCEG15M4Y11,1,G,C,E,G,1,5,M,4,Y,1,1,0,T,CHEV,E15,CG,0,17,,2,0,1350,EXP,G,,0,0,000000000,00000000000,0,0,0,1,0,0,0,0,0,0,0,999,0,0,0,12,12,6,2,12,0,0,0,1,42,19055,6,1,0,0,3,0,70,999,0,0,0,0,0,0,0,0,0,0,0,0,0,0,3,2,40,1,1,2,2,0,0,1,66,7,1,1,88,0,0
42,420014,1,1,1,4,1,8,37,31,0,1,0,18,3,82,883,82883,66,2007,1FUJA6CK97DX,1,F,U,J,A,6,C,K,9,7,D,X,1,T,FRHT,COL,DS,7,17,,8,0,0,CON,D,,1,57,00183949,5700183949,3,6,1,1,0,0,0,0,0,0,0,20,0,0,0,12,12,6,2,42,0,0,0,1,13,30013,6,1,6,1,3,0,72,200,98,0,0,0,0,0,0,0,0,0,99,99,99,99,3,2,65,1,6,2,3,0,0,1,13,1,1,4,1,1,0
42,420015,1,2,1,13,1,21,20,12,2,1,0,42,2,12,3,12003,2,1998,1FAFP42X3WF1,1,F,A,F,P,4,2,X,3,W,F,1,0,P,FORD,MGT,CP,98,17,3278,,0,1013,,G,,0,0,000000000,00000000000,0,0,0,1,0,0,0,0,0,0,0,96,0,0,0,12,12,6,2,12,0,0,0,1,42,17331,6,1,0,0,3,0,63,999,2,1,0,1,1,12,2007,12,2009,1,33,37,51,0,1,2,35,1,6,2,1,0,0,6,10,1,1,1,50,0,0
42,420015,2,2,1,13,1,21,20,12,2,1,0,42,1,24,1,24001,4,1996,1G8ZK5273TZ3,1,G,8,Z,K,5,2,7,3,T,Z,3,0,P,STRN,SL2,4D,96,17,2350,,0,1024,,G,,0,0,000000000,00000000000,0,0,0,1,0,0,0,0,0,0,0,35,0,0,0,12,12,6,2,12,0,0,0,1,42,17331,6,1,0,0,3,3,74,999,0,0,0,0,0,0,0,0,0,0,0,0,0,0,1,2,35,1,5,2,1,0,0,1,54,1,1,1,51,1,0
42,420016,1,2,1,7,1,7,33,12,6,1,0,42,1,48,45,48045,4,2005,4S4BP68C9543,4,S,4,B,P,6,8,C,9,5,4,3,0,P,SUBA,OXT,SW,5,17,3415,,0,1051,,G,,0,0,000000000,00000000000,0,0,0,1,0,0,0,0,0,0,0,999,0,0,0,3,3,6,2,12,0,0,0,1,42,18702,6,1,0,0,3,0,66,999,0,0,0,0,0,0,0,0,0,1,51,87,0,0,1,4,50,2,6,2,4,0,0,14,5,8,4,2,64,1,0
42,420016,2,2,2,7,1,7,33,12,6,1,0,42,1,12,402,12402,14,2004,1FMCU93104KA,1,F,M,C,U,9,3,1,0,4,K,A,0,P,FORD,SPE,UT,4,17,3346,,0,1031,,G,,0,0,000000000,00000000000,0,0,0,1,0,0,0,0,0,0,0,45,0,0,0,12,12,6,2,12,0,0,0,1,42,18702,6,1,0,0,3,0,67,999,0,0,0,0,0,0,0,0,0,0,0,0,0,0,1,4,50,1,5,2,4,0,0,1,62,1,1,1,65,0,0
42,420017,1,3,1,22,1,23,11,12,2,1,0,42,2,20,401,20401,14,2003,1GNCT18X03K1,1,G,N,C,T,1,8,X,0,3,K,1,0,P,CHEV,BZR,UT,3,17,3884,,0,1005,,G,,0,0,000000000,00000000000,0,0,0,1,0,0,0,0,0,0,0,65,0,0,0,12,12,6,2,12,0,0,0,1,42,16130,6,1,0,0,3,0,68,999,0,0,0,0,0,0,0,0,0,0,51,0,0,0,2,2,55,1,1,2,1,0,0,1,54,1,1,1,52,0,1
42,420017,2,3,2,22,1,23,11,12,2,1,0,42,1,13,1,13001,4,1990,1LNCM81F5LY7,1,L,N,C,M,8,1,F,5,L,Y,7,0,P,LINC,TNC,4D,90,17,4028,,0,1174,,G,,0,0,000000000,00000000000,0,0,0,1,0,0,0,0,0,0,0,55,0,0,0,12,12,6,2,12,0,0,0,1,42,16426,6,1,6,0,3,1,72,999,0,0,0,0,0,0,0,0,0,0,0,0,0,0,2,2,55,1,1,2,1,0,0,1,54,1,1,1,52,1,0
42,420017,3,3,2,22,1,23,11,12,2,1,0,26,1,2,404,2404,14,2000,1J4GW58NXYC1,1,J,4,G,W,5,8,N,X,Y,C,1,0,T,JEEP,LMT,4W,0,17,,1,0,1059,GCK,G,,0,0,000000000,00000000000,0,0,0,1,0,0,0,0,0,0,0,55,0,0,0,11,0,2,1,54,0,0,0,1,26,48138,6,1,0,0,3,3,68,215,0,0,0,0,0,0,0,0,0,0,0,0,0,0,2,2,55,1,1,2,1,0,0,1,98,1,1,1,98,0,0
42,420018,1,2,2,6,1,8,8,12,6,1,0,42,1,41,35,41035,4,1993,JM1BG2249P06,J,M,1,B,G,2,2,4,9,P,0,6,0,P,MAZD,PDX,4D,93,17,2338,,0,984,,G,,0,0,000000000,00000000000,0,0,0,1,0,0,0,0,0,0,0,999,0,0,0,3,3,6,2,12,0,0,0,1,42,19320,6,1,6,0,3,0,65,999,0,0,0,0,0,0,0,0,0,1,51,87,0,0,1,2,45,1,1,2,4,0,0,1,6,99,4,2,64,2,0
42,420018,2,2,1,6,1,8,8,12,6,1,0,42,1,35,49,35049,6,2010,JN8AZ1MWXAW1,J,N,8,A,Z,1,M,W,X,A,W,1,0,P,NISS,MUR,UT,10,17,3915,,0,0,,G,,0,0,000000000,00000000000,0,0,0,1,0,0,0,0,0,0,0,999,0,0,0,12,12,6,2,12,0,0,0,1,42,19607,6,1,0,0,3,3,74,999,0,0,0,0,0,0,0,0,0,0,0,0,0,0,1,2,45,1,1,2,4,0,0,1,62,9,1,1,65,0,0
42,420019,1,1,1,8,1,22,38,1,0,1,0,12,1,2,405,2405,14,2002,1J4GK48K12W1,1,J,4,G,K,4,8,K,1,2,W,1,0,T,JEEP,SPR,4W,2,17,,1,0,1043,LIB,G,,0,0,000000000,00000000000,0,0,0,1,0,0,0,0,0,0,0,90,0,1,2,0,0,6,2,1,0,0,0,1,42,17019,6,1,0,0,3,1,60,999,0,1,0,0,0,7,2007,7,2007,1,58,0,0,0,2,2,65,3,1,1,1,0,0,14,13,6,4,4,2,1,1
42,420020,1,1,1,21,1,5,15,11,0,1,0,42,1,12,13,12013,4,1994,3FARP13J8RR1,3,F,A,R,P,1,3,J,8,R,R,1,0,P,FORD,EST,4D,94,17,2371,,0,984,,G,,0,0,000000000,00000000000,0,0,0,1,0,0,0,0,0,0,0,45,0,1,6,10,10,6,2,32,0,0,0,1,42,16061,6,1,0,0,3,0,70,999,0,0,0,0,0,0,0,0,0,0,83,0,0,0,1,2,45,1,6,2,1,0,0,1,87,98,1,1,13,1,0
42,420021,1,3,1,12,1,16,33,12,6,1,0,42,1,7,482,7482,31,2003,1D7HU18N13S3,1,D,7,H,U,1,8,N,1,3,S,3,0,T,DODG,SQ1,CW,3,17,,2,1605,1405,RPC,G,,0,0,000000000,00000000000,0,0,0,1,0,0,0,0,0,0,0,50,0,0,0,11,5,6,2,12,0,0,0,1,42,18302,6,1,6,0,3,0,70,999,0,0,0,0,0,0,0,0,0,1,87,51,27,0,1,4,50,3,1,2,2,40,3,15,6,8,4,2,64,0,0
42,420021,2,3,2,12,1,16,33,12,6,1,0,42,3,20,481,20481,31,2004,1GCHK29U34E1,1,G,C,H,K,2,9,U,3,4,E,1,0,T,CHEV,2KH,4C,4,17,,2,1575,1435,SIL,G,,0,0,000000000,00000000000,0,0,0,1,0,0,0,0,0,0,0,45,0,0,0,7,7,2,1,12,0,0,0,1,42,18801,6,1,6,0,3,1,72,999,0,0,0,0,0,0,0,0,0,0,0,0,0,0,1,4,50,1,1,2,2,40,3,1,62,1,1,1,65,0,0
42,420021,3,3,1,12,1,16,33,12,6,1,0,42,1,48,38,48038,4,1997,JF1GC4352VH5,J,F,1,G,C,4,3,5,2,V,H,5,0,P,SUBA,IL4,4D,97,17,2690,,0,992,,G,,0,0,000000000,00000000000,0,0,0,1,0,0,0,0,0,0,0,45,0,0,0,11,11,6,2,12,0,0,0,1,42,18702,6,1,0,0,3,0,64,999,0,0,0,0,0,0,0,0,0,0,0,0,0,0,1,4,50,1,1,2,2,40,3,1,62,1,1,1,98,1,0
42,420022,1,2,1,28,1,0,11,12,6,1,0,42,1,7,472,7472,31,2006,1D7HW48N56S6,1,D,7,H,W,4,8,N,5,6,S,6,0,T,DODG,DQS,CW,6,17,,2,0,1309,DAK,G,,0,0,000000000,00000000000,0,0,0,1,0,0,0,0,0,0,0,50,7,0,0,12,12,6,2,12,0,0,0,1,42,18042,6,1,0,0,3,3,71,999,0,0,0,0,0,0,0,0,0,1,0,0,0,0,1,2,40,1,6,2,1,3,3,1,17,1,1,1,83,0,1
42,420022,2,2,3,28,1,0,11,12,6,1,0,42,2,58,35,58035,4,1999,JNKCA21A0XT7,J,N,K,C,A,2,1,A,0,X,T,7,0,P,INFI,I30,4D,99,17,3035,,0,1063,,G,,0,0,000000000,00000000000,0,0,0,1,0,0,0,0,0,0,0,5,0,0,0,9,9,6,2,12,0,0,0,1,34,7728,6,1,0,0,3,0,66,999,0,0,0,0,0,0,0,0,0,0,0,0,0,0,1,2,30,1,4,2,1,3,3,11,15,1,1,1,82,3,0
42,420023,1,2,4,27,1,10,45,12,6,1,0,42,1,49,32,49032,4,2004,2T1BR32EX4C2,2,T,1,B,R,3,2,E,X,4,C,2,0,P,TOYT,UCS,4D,4,17,2502,,0,1024,,G,,0,0,000000000,00000000000,0,0,0,1,0,0,0,0,0,0,0,15,0,0,0,3,3,6,2,12,0,0,0,1,42,17824,6,1,0,0,3,0,71,999,0,0,0,0,0,0,0,0,0,0,38,0,0,0,1,2,25,1,1,2,1,20,3,4,17,1,1,1,87,1,0
42,420023,2,2,1,27,1,10,45,12,6,1,0,42,3,85,881,85881,63,2004,1NKWXBEX74J3,1,N,K,W,X,B,E,X,7,4,J,3,0,T,KW,W90,TM,4,17,,8,2850,1600,CON,D,,0,42,a00115178,42a00115178,3,2,4,1,0,0,0,0,0,0,0,35,0,0,0,12,12,6,2,12,0,0,0,1,42,17737,6,1,6,0,3,0,66,999,0,0,0,0,0,0,0,0,0,0,0,0,0,0,1,2,35,1,1,2,1,0,0,1,66,4,2,1,86,0,0