STATE,ST_CASE,VEH_NO,VE_FORMS,NUMOCCS,DAY,MONTH,HOUR,MINUTE,HARM_EV,MAN_COLL,UNITTYPE,HIT_RUN,REG_STAT,OWNER,MAKE,MODEL,MAK_MOD,BODY_TYP,MOD_YEAR,VIN,VIN_1,VIN_2,VIN_3,VIN_4,VIN_5,VIN_6,VIN_7,VIN_8,VIN_9,VIN_10,VIN_11,VIN_12,TOW_VEH,VINTYPE,VINMAKE,VINA_MOD,VIN_BT,VINMODYR,VIN_LNGT,VIN_WGT,WGTCD_TR,WHLBS_LG,WHLBS_SH,SER_TR,FUELCODE,MCYCL_DS,J_KNIFE,MCARR_I1,MCARR_I2,MCARR_ID,GVWR,V_CONFIG,CARGO_BT,HAZ_INV,HAZ_PLAC,HAZ_ID,HAZ_CNO,HAZ_REL,BUS_USE,SPEC_USE,EMER_USE,TRAV_SP,UNDERIDE,ROLLOVER,ROLINLOC,IMPACT1,IMPACT2,DEFORMED,TOWED,M_HARM,VEH_SC1,VEH_SC2,FIRE_EXP,DR_PRES,L_STATE,DR_ZIP,L_STATUS,L_TYPE,CDL_STAT,L_ENDORS,L_COMPL,L_RESTRI,DR_HGT,DR_WGT,PREV_ACC,PREV_SUS,PREV_DWI,PREV_SPD,PREV_OTH,FIRST_MO,FIRST_YR,LAST_MO,LAST_YR,SPEEDREL,DR_SF1,DR_SF2,DR_SF3,DR_SF4,VTRAFWAY,VNUM_LAN,VSPD_LIM,VALIGN,VPROFILE,VPAVETYP,VSURCOND,VTRAFCON,VTCONT_F,P_CRASH1,P_CRASH2,P_CRASH3,PCRASH4,PCRASH5,ACC_TYPE,DEATHS,DR_DRINK
42,420059,1,2,3,31,1,12,7,12,6,1,0,42,2,37,32,37032,4,1997,1HGCD5634VA2,1,H,G,C,D,5,6,3,4,V,A,2,0,P,HOND,ULE,4D,97,17,2864,,0,1069,,G,,0,0,000000000,00000000000,0,0,0,1,0,0,0,0,0,0,0,999,0,0,0,9,9,6,2,12,0,0,0,1,42,18102,6,1,0,0,3,0,65,999,0,0,0,1,0,1,2008,1,2008,1,51,27,0,0,5,4,55,1,1,2,1,0,0,15,10,1,4,2,64,1,0
42,420059,2,2,2,31,1,12,7,12,6,1,0,24,1,2,404,2404,14,1999,1J4GW58S5XC6,1,J,4,G,W,5,8,S,5,X,C,6,0,T,JEEP,LRO,4W,99,17,,1,0,1059,GCK,G,,0,0,000000000,00000000000,0,0,0,1,0,0,0,0,0,0,0,999,0,1,1,12,12,6,2,12,0,0,0,1,42,18951,6,1,0,0,3,0,72,999,0,0,0,0,0,0,0,0,0,0,0,0,0,0,5,4,55,1,1,2,1,0,0,1,62,1,1,1,65,0,0
42,420060,1,1,2,16,1,2,48,24,0,1,0,42,2,12,481,12481,31,1997,1FTHF36F6VEC,1,F,T,H,F,3,6,F,6,V,E,C,0,T,FORD,F35,PK,97,17,,2,0,1330,COF,D,,0,0,000000000,00000000000,0,0,0,1,0,0,0,0,0,0,0,999,0,1,5,98,13,6,2,30,0,0,0,1,42,15020,6,1,0,0,3,0,66,999,1,1,1,0,0,4,2008,2,2009,1,0,0,0,0,1,2,25,3,6,2,1,0,0,14,13,6,1,4,1,1,1
42,420061,1,1,1,23,1,23,7,30,0,1,0,42,1,20,481,20481,31,1990,1GCDK14K7LE2,1,G,C,D,K,1,4,K,7,L,E,2,0,T,CHEV,GK1,PK,90,17,,1,1415,1175,GM4,G,,0,0,000000000,00000000000,0,0,0,1,0,0,0,0,0,0,0,999,0,1,6,3,3,6,2,30,0,0,0,1,42,17538,6,1,6,0,3,0,70,999,0,0,0,0,1,7,2009,7,2009,1,51,0,0,0,1,2,45,2,1,2,1,0,0,14,12,99,4,4,7,1,1
42,420062,1,1,1,22,1,7,52,38,0,1,0,42,1,49,40,49040,4,2002,4T1BF30K52U5,4,T,1,B,F,3,0,K,5,2,U,5,0,P,TOYT,LXS,4D,2,17,3296,,0,1071,,G,,0,0,000000000,00000000000,0,0,0,1,0,0,0,0,0,0,0,999,0,0,0,12,12,6,2,43,0,0,0,1,42,17201,6,1,0,0,3,3,63,999,0,0,0,0,0,0,0,0,0,1,39,0,0,0,1,2,35,1,1,2,2,20,3,1,14,1,1,4,14,1,0
42,420063,1,1,2,8,1,17,38,8,0,1,0,42,1,22,20,22020,2,1994,1G2NE1539RM5,1,G,2,N,E,1,5,3,9,R,M,5,0,P,PONT,GAS,CP,94,17,2736,,0,1034,,G,,0,0,000000000,00000000000,0,0,0,1,0,0,0,0,0,0,0,45,0,0,0,12,12,6,2,8,0,0,0,1,42,99999,6,1,0,0,3,3,70,999,0,0,0,0,0,0,0,0,0,0,0,0,0,0,5,4,45,1,1,2,1,0,0,1,80,4,1,1,13,0,0
42,420064,1,1,1,30,1,18,50,35,0,1,0,42,1,12,402,12402,14,2005,1FMYU93115KB,1,F,M,Y,U,9,3,1,1,5,K,B,0,P,FORD,SPE,UT,5,17,3464,,0,1031,,G,,0,0,000000000,00000000000,0,0,0,1,0,0,0,0,0,0,0,60,0,1,6,12,12,6,2,1,0,0,0,1,42,19507,6,1,0,0,3,0,70,999,1,0,0,0,0,5,2008,5,2008,1,0,0,0,0,1,2,45,3,1,2,1,40,3,14,13,1,1,4,1,1,0
42,420065,1,1,2,25,1,11,20,24,0,1,0,49,3,87,884,87884,63,1991,1XPCDB9X5MD3,1,X,P,C,D,B,9,X,5,M,D,3,0,T,PTRB,377,DS,91,17,,8,2750,1310,CON,D,,0,57,01067142,5701067142,3,2,3,1,0,0,0,0,0,0,0,55,0,1,2,3,3,6,2,23,0,0,0,1,40,73052,6,1,6,0,3,0,71,260,0,0,0,2,2,3,2007,12,2008,1,0,0,0,0,1,2,35,3,6,2,2,0,0,14,6,6,4,4,2,1,0
42,420066,1,1,1,26,1,18,42,8,0,1,0,42,1,24,5,24005,4,2001,1G8JU52F71Y5,1,G,8,J,U,5,2,F,7,1,Y,5,0,P,STRN,L20,4D,1,17,3009,,0,1065,,G,,0,0,000000000,00000000000,0,0,0,1,0,0,0,0,0,0,0,10,0,0,0,2,2,2,3,8,0,0,0,1,42,18018,6,1,0,0,3,0,65,999,0,0,0,0,1,9,2008,9,2008,0,0,0,0,0,1,2,30,1,1,2,1,3,3,10,80,1,1,1,13,0,0
42,420067,1,1,1,31,1,10,41,15,0,1,0,42,1,23,401,23401,14,2006,1GKET63M0621,1,G,K,E,T,6,3,M,0,6,2,1,0,T,GMC,E/D,4W,6,17,,2,0,1130,E/D,G,,0,0,000000000,00000000000,0,0,0,1,0,0,0,0,0,0,0,999,0,0,0,1,1,2,1,15,0,0,0,1,42,19003,6,1,0,0,3,0,70,999,0,0,0,0,0,0,0,0,0,0,0,0,0,0,1,2,25,1,6,2,1,0,0,1,83,1,1,1,13,0,0
42,420068,1,1,2,12,1,8,12,24,0,1,0,42,1,12,17,12017,4,1999,1FAFP53U6XG2,1,F,A,F,P,5,3,U,6,X,G,2,0,P,FORD,TSE,4D,99,17,3353,,0,1085,,G,,0,0,000000000,00000000000,0,0,0,1,0,0,0,0,0,0,0,55,0,0,0,2,11,6,2,24,0,0,0,1,42,17066,6,1,0,0,3,1,64,999,0,0,0,0,0,0,0,0,0,0,0,0,0,0,3,2,55,2,1,2,1,0,0,14,13,8,1,4,1,1,0
42,420069,1,1,2,9,1,14,22,40,0,1,0,42,4,20,498,20498,15,2010,1GNLVEED6AS1,1,G,N,L,V,E,E,D,6,A,S,1,0,P,CHEV,TRV,UT,10,17,5066,,0,1189,,G,,0,0,000000000,00000000000,0,0,0,1,0,0,0,0,0,0,0,999,0,0,0,12,12,6,2,38,0,0,0,1,42,19120,6,1,0,0,3,0,73,999,1,0,0,0,0,2,2009,2,2009,1,0,0,0,0,1,2,30,1,1,2,1,0,0,1,13,1,1,4,1,2,0
42,420070,1,1,1,17,1,20,12,8,0,1,0,17,1,87,881,87881,66,1995,1XP5D69X1SD3,1,X,P,5,D,6,9,X,1,S,D,3,1,T,PTRB,379,DS,95,17,,8,0,0,CON,D,,1,57,00241572,5700241572,3,6,1,1,0,0,0,0,0,0,0,30,0,0,0,12,12,2,3,8,0,0,0,1,39,43725,6,1,6,1,3,3,70,235,0,0,0,0,0,0,0,0,0,0,0,0,0,0,3,2,50,2,1,1,2,0,0,14,80,2,1,1,13,0,0
42,420071,1,1,1,14,1,18,30,8,0,1,0,42,1,23,471,23471,30,1997,1GKDT13W9V25,1,G,K,D,T,1,3,W,9,V,2,5,0,T,GMC,JMY,4W,97,17,,1,0,1070,JMY,G,,0,0,000000000,00000000000,0,0,0,1,0,0,0,0,0,0,0,35,0,0,0,12,12,2,1,8,0,0,0,1,42,19124,1,1,0,0,2,0,66,999,0,0,0,0,0,0,0,0,0,0,0,0,0,0,1,9,35,1,1,2,1,0,0,1,80,4,1,1,13,0,0
42,420072,1,2,2,8,1,0,28,12,2,1,0,42,1,9,19,9019,4,1991,1P3XA46K2MF6,1,P,3,X,A,4,6,K,2,M,F,6,0,P,PLYM,ACC,4D,91,17,2716,,0,1033,,G,,0,0,000000000,00000000000,0,0,0,1,0,0,0,0,0,0,0,999,0,0,0,12,12,6,2,12,0,0,0,1,42,17815,6,1,0,0,3,0,64,999,0,0,0,0,0,0,0,0,0,0,51,0,0,0,1,2,50,2,1,2,2,0,0,14,10,1,1,2,50,1,1
42,420072,2,2,2,8,1,0,28,12,2,1,0,42,1,12,401,12401,14,1997,1FMDU24E3VUA,1,F,M,D,U,2,4,E,3,V,U,A,0,P,FORD,EPR,UT,97,17,3931,,0,1017,,G,,0,0,000000000,00000000000,0,0,0,1,0,0,0,0,0,0,0,999,0,0,0,12,12,4,3,12,0,0,0,1,42,17579,6,1,6,0,3,0,71,999,1,0,0,0,1,5,2008,4,2009,0,0,0,0,0,1,2,50,3,1,2,2,0,0,14,62,1,1,1,51,0,0
42,420073,1,2,1,18,1,19,22,12,1,1,0,42,1,72,706,72706,80,2009,1HD1GY4149K3,1,H,D,1,G,Y,4,1,4,9,K,3,0,M,HD,FTB,RS,9,17,,,,,,,1584,0,0,000000000,00000000000,0,0,0,1,0,0,0,0,0,0,0,63,0,0,0,12,12,6,2,24,0,0,0,1,42,17522,6,1,0,0,3,0,73,999,0,0,0,0,0,0,0,0,0,1,26,0,0,0,2,2,65,1,1,2,1,0,0,1,51,4,2,1,24,1,1
42,420073,2,2,1,18,1,19,22,12,1,1,1,99,9,99,399,99399,9,9999,999999999999,9,9,9,9,9,9,9,9,9,9,9,9,0,U,,,,9,17,,,,,,,,0,0,000000000,00000000000,0,0,0,1,0,0,0,0,0,0,0,999,0,0,0,6,99,9,1,12,0,0,0,1,99,99999,9,9,99,0,9,9,999,999,99,99,99,99,99,99,9999,99,9999,0,0,0,0,0,2,2,65,1,1,2,1,0,0,1,53,1,1,1,25,0,0
42,420074,1,1,1,16,1,1,32,8,0,1,0,34,1,35,47,35047,4,1997,1N4BU31D0VC2,1,N,4,B,U,3,1,D,0,V,C,2,0,P,NISS,AGS,4D,97,17,2756,,0,1031,,G,,0,0,000000000,00000000000,0,0,0,1,0,0,0,0,0,0,0,56,0,0,0,11,11,2,3,8,0,0,0,1,34,8043,6,1,0,0,3,0,74,999,1,0,0,0,1,8,2009,11,2009,1,0,0,0,0,3,3,45,1,5,2,1,28,3,1,80,4,2,1,13,0,0
42,420075,1,1,3,26,1,19,0,42,0,1,0,42,1,12,401,12401,14,2000,1FMYU70E1YUA,1,F,M,Y,U,7,0,E,1,Y,U,A,0,P,FORD,EPR,UT,0,17,3870,,0,1017,,G,,0,0,000000000,00000000000,0,0,0,1,0,0,0,0,0,0,0,999,0,1,6,7,7,4,3,3,0,0,0,1,42,16123,6,1,0,0,3,0,70,999,0,0,0,0,0,0,0,0,0,0,52,87,0,0,1,2,25,2,4,2,3,0,0,14,5,4,3,4,2,3,0
42,420076,1,1,2,16,1,15,30,8,0,1,0,42,3,12,421,12421,15,1994,1FMEU15N5RLA,1,F,M,E,U,1,5,N,5,R,L,A,0,P,FORD,BRO,UT,94,17,4616,,0,1050,,G,,0,0,000000000,00000000000,0,0,0,1,0,0,0,0,0,0,0,999,0,0,0,12,12,2,1,8,0,0,0,1,42,18201,6,1,0,0,3,0,70,999,1,0,0,0,0,9,2009,9,2009,0,0,0,0,0,1,4,25,1,5,2,1,3,3,11,80,1,1,1,13,0,0
42,420077,1,2,1,19,1,6,30,34,0,1,0,42,1,7,462,7462,21,2007,WD0PE7453751,W,D,0,P,E,7,4,5,3,7,5,1,0,T,DODG,SNR,VN,7,17,,2,0,1440,SNR,D,,0,0,000000000,00000000000,0,0,0,1,0,0,0,0,0,0,0,40,0,0,0,1,1,6,2,12,0,0,0,1,42,19040,6,1,0,0,3,0,70,999,0,0,0,0,0,0,0,0,0,0,0,0,0,0,1,2,45,1,5,2,4,0,0,1,62,1,1,1,98,0,0
42,420077,2,2,1,19,1,6,30,34,0,1,0,42,1,12,37,12037,4,2008,1FAHP35N88W2,1,F,A,H,P,3,5,N,8,8,W,2,0,P,FORD,FMS,4D,8,17,2623,,0,1029,,G,,0,0,000000000,00000000000,0,0,0,1,0,0,0,0,0,0,0,40,0,0,0,11,1,6,2,12,0,0,0,1,42,19454,6,1,0,0,3,0,70,999,0,0,0,0,0,0,0,0,0,0,87,51,0,0,1,2,45,1,6,2,4,0,0,1,5,1,4,4,7,1,0
42,420078,1,1,1,31,1,18,27,35,0,1,0,42,1,12,481,12481,31,2000,2FTRX08L8YCA,2,F,T,R,X,0,8,L,8,Y,C,A,0,T,FORD,F15,4C,0,17,,2,0,1388,COF,G,,0,0,000000000,00000000000,0,0,0,1,0,0,0,0,0,0,0,40,0,1,6,10,10,4,3,1,0,0,0,1,42,18850,6,1,0,0,3,0,70,999,0,0,0,0,1,12,2008,12,2008,0,51,0,0,0,1,2,40,1,3,2,1,0,0,1,13,6,4,4,2,1,1
42,420079,1,2,1,5,1,17,47,12,6,1,0,42,1,7,482,7482,31,1999,1B7HF13Z5XJ5,1,B,7,H,F,1,3,Z,5,X,J,5,0,T,DODG,Q15,4C,99,17,,2,1547,1387,RPC,G,,0,0,000000000,00000000000,0,0,0,1,0,0,0,0,0,0,0,999,0,0,0,1,1,6,2,12,0,0,0,1,42,19061,6,1,0,0,3,0,73,999,1,0,0,0,0,7,2007,7,2007,0,0,0,0,0,2,2,55,1,1,2,1,0,0,1,78,1,1,1,98,0,0
42,420079,2,2,1,5,1,17,47,12,6,1,0,42,1,35,43,35043,4,2003,3N1CB51DX3L7,3,N,1,C,B,5,1,D,X,3,L,7,0,P,NISS,XGX,4D,3,17,2411,,0,998,,G,,0,0,000000000,00000000000,0,0,0,1,0,0,0,0,0,0,0,999,0,0,0,3,3,6,2,12,0,0,0,1,42,19380,6,1,0,0,3,0,63,999,0,0,0,0,0,0,0,0,0,0,58,0,0,0,2,2,55,2,1,2,1,0,0,14,51,1,9,6,98,1,1
42,420080,1,1,1,14,1,22,10,8,0,1,1,42,9,7,482,7482,31,1998,3B7HF13Z6WG1,3,B,7,H,F,1,3,Z,6,W,G,1,0,T,DODG,Q15,4C,98,17,,2,1547,1387,RPC,G,,0,0,000000000,00000000000,0,0,0,1,0,0,0,0,0,0,0,999,0,0,0,1,1,9,4,8,99,99,0,1,99,99999,9,9,99,0,9,9,999,999,99,99,99,99,99,99,9999,99,9999,9,0,0,0,0,2,4,25,3,1,2,2,0,0,14,82,99,9,9,13,0,0
42,420081,1,1,1,14,2,10,10,24,0,1,0,42,3,87,881,87881,66,1998,1XP5D69XXWN4,1,X,P,5,D,6,9,X,X,W,N,4,1,T,PTRB,379,DS,98,17,,8,0,0,CON,D,,1,57,00952287,5700952287,3,6,7,1,0,0,0,0,0,0,0,65,0,0,0,1,1,4,3,24,0,0,0,1,42,16823,6,1,6,0,3,0,67,999,1,0,0,2,1,2,2007,2,2009,1,0,0,0,0,2,2,65,3,1,2,2,0,0,14,13,1,1,4,1,1,0
42,420082,1,1,1,21,2,2,0,42,0,1,0,42,1,13,1,13001,4,2002,1LNHM82W42Y6,1,L,N,H,M,8,2,W,4,2,Y,6,0,P,LINC,SIG,4D,2,17,4075,,0,1177,,G,,0,0,000000000,00000000000,0,0,0,1,0,0,0,0,0,0,0,50,0,0,0,12,12,6,2,42,0,0,0,1,42,17756,6,1,0,0,3,0,69,999,0,1,1,0,0,8,2008,1,2009,1,58,0,0,0,1,2,50,3,6,2,1,0,0,14,13,1,1,4,1,1,1
42,420083,1,2,1,7,2,13,49,12,6,1,0,42,1,64,33,64033,4,2000,KLAVA6927YB2,K,L,A,V,A,6,9,2,7,Y,B,2,0,P,DAEW,LCS,4D,0,17,3119,,0,1051,,G,,0,0,000000000,00000000000,0,0,0,1,0,0,0,0,0,0,0,999,0,0,0,12,12,6,2,12,0,0,0,1,42,17350,6,1,0,0,3,3,66,999,0,3,0,1,1,5,2007,7,2009,0,87,39,0,0,1,2,40,1,1,2,3,20,3,2,17,1,1,1,86,1,0
42,420083,2,2,1,7,2,13,49,12,6,1,0,42,3,51,881,51881,63,2001,4V5JC8UF41N3,4,V,5,J,C,8,U,F,4,1,N,3,0,T,VOLV,WGM,TM,1,17,,8,0,0,WCN,D,,0,57,00546591,5700546591,3,2,4,1,0,0,0,0,0,0,0,999,0,0,0,2,2,4,3,12,0,0,0,1,42,17331,6,1,6,0,3,0,73,999,0,0,0,0,0,0,0,0,0,0,0,0,0,0,1,2,40,1,1,2,3,0,0,1,68,1,1,1,87,0,0
42,420084,1,1,1,12,2,13,37,8,0,1,0,42,1,48,38,48038,4,2005,JF1GD67545H5,J,F,1,G,D,6,7,5,4,5,H,5,0,P,SUBA,IR4,4D,5,17,2972,,0,994,,G,,0,0,000000000,00000000000,0,0,0,1,0,0,0,0,0,0,0,50,0,0,0,12,12,4,3,8,0,0,0,1,42,16822,6,1,6,0,3,1,70,999,0,0,0,0,0,0,0,0,0,1,39,40,0,0,1,2,45,3,1,2,1,50,3,14,80,4,2,1,13,0,0
42,420085,1,2,1,9,2,17,30,12,2,1,0,42,1,6,16,6016,4,1992,3C3XA4636NT2,3,C,3,X,A,4,6,3,6,N,T,2,0,P,CHRY,LBA,4D,92,17,2800,,0,1033,,G,,0,0,000000000,00000000000,0,0,0,1,0,0,0,0,0,0,0,55,2,0,0,12,12,6,2,12,0,0,0,1,42,16404,6,1,0,0,3,1,63,999,0,0,0,0,0,0,0,0,0,1,87,51,0,0,1,2,55,2,1,2,3,0,0,14,10,99,1,2,50,1,1
42,420085,2,2,2,9,2,17,30,12,2,1,0,42,1,2,404,2404,14,1997,1J4FJ78SXVL5,1,J,4,F,J,7,8,S,X,V,L,5,0,T,JEEP,CTY,4W,97,17,,1,0,1014,CHK,G,,0,0,000000000,00000000000,0,0,0,1,0,0,0,0,0,0,0,50,0,0,0,12,12,6,2,12,0,0,0,1,42,16403,6,1,6,0,3,1,72,999,0,0,0,0,0,0,0,0,0,0,0,0,0,0,1,2,55,3,1,2,3,0,0,14,62,4,2,1,51,0,0
42,420086,1,1,1,25,2,15,6,8,0,1,0,42,1,20,443,20443,20,2000,1GNDU03E3YD3,1,G,N,D,U,0,3,E,3,Y,D,3,0,P,CHEV,VTR,SV,0,17,3699,,0,1120,,G,,0,0,000000000,00000000000,0,0,0,1,0,0,0,0,0,0,0,45,0,0,0,12,12,2,1,8,0,0,0,1,42,15772,6,1,0,0,3,0,70,999,0,0,0,0,0,0,0,0,0,0,0,0,0,0,1,2,55,3,3,2,2,0,0,14,80,1,1,1,13,0,0
42,420087,1,1,2,26,2,13,50,1,0,1,0,42,1,20,403,20403,14,2005,1GNDT13S9522,1,G,N,D,T,1,3,S,9,5,2,2,0,P,CHEV,TRL,UT,5,17,4612,,0,1130,,G,,0,0,000000000,00000000000,0,0,0,1,0,0,0,0,0,0,0,999,0,1,5,0,0,6,2,1,0,0,0,1,42,17815,6,1,6,0,3,0,63,999,0,0,0,0,0,0,0,0,0,1,51,87,0,0,1,2,35,3,1,2,10,0,0,14,6,6,4,4,7,1,0
42,420088,1,2,1,10,2,9,37,12,6,1,0,17,1,2,405,2405,14,2008,1J8GN28K58W2,1,J,8,G,N,2,8,K,5,8,W,2,0,T,JEEP,SPR,4W,8,17,,1,0,1061,LIB,G,,0,0,000000000,00000000000,0,0,0,1,0,0,0,0,0,0,0,60,3,0,0,12,12,6,2,12,0,0,0,1,17,61060,6,1,0,0,3,3,70,160,0,0,0,0,0,0,0,0,0,1,87,0,0,0,3,2,65,1,6,2,3,40,3,1,50,1,1,1,48,1,0
42,420088,2,2,1,10,2,9,37,12,6,1,0,27,3,82,883,82883,66,2006,1FUJA6CVX6LV,1,F,U,J,A,6,C,V,X,6,L,V,1,T,FRHT,COL,DS,6,17,,8,0,0,CON,D,,1,57,00125630,5700125630,3,6,1,1,0,0,0,0,0,0,0,0,0,0,0,3,3,4,9,12,0,0,0,1,10,19943,6,1,1,1,3,0,68,180,0,0,0,0,0,0,0,0,0,0,54,0,0,0,3,2,65,1,6,2,3,40,3,5,53,1,1,1,48,0,0
42,420089,1,1,2,14,2,1,53,23,0,1,0,42,1,20,481,20481,31,2002,1GCEC14W92Z1,1,G,C,E,C,1,4,W,9,2,Z,1,0,T,CHEV,SC1,PK,2,17,,2,1330,1190,SIL,G,,0,0,000000000,00000000000,0,0,0,1,0,0,0,0,0,0,0,999,0,1,5,98,98,6,2,3,0,0,0,1,42,19007,6,1,0,0,3,0,70,999,1,0,0,2,1,2,2007,10,2008,0,51,0,0,0,1,2,35,3,1,2,1,0,0,14,12,1,1,4,6,1,0
42,420090,1,2,1,15,2,5,56,12,2,1,0,42,1,20,471,20471,30,1993,1GCCS14A1P81,1,G,C,C,S,1,4,A,1,P,8,1,0,T,CHEV,S14,PK,93,17,,1,1179,1083,S,G,,0,0,000000000,00000000000,0,0,0,1,0,0,0,0,0,0,0,45,0,0,0,12,12,6,2,12,0,0,0,1,42,17862,6,1,0,0,3,1,66,999,0,0,0,0,0,0,0,0,0,1,51,87,0,0,1,2,55,1,5,2,4,0,0,1,5,1,1,2,50,1,0
42,420090,2,2,1,15,2,5,56,12,2,1,0,42,1,12,471,12471,30,2002,1FTZR45E92PA,1,F,T,Z,R,4,5,E,9,2,P,A,0,T,FORD,RNS,4C,2,17,,1,0,1259,RNG,G,,0,0,000000000,00000000000,0,0,0,1,0,0,0,0,0,0,0,20,0,0,0,12,12,6,2,12,0,0,0,1,42,17844,6,1,0,0,3,0,68,999,0,0,0,0,0,0,0,0,0,0,0,0,0,0,1,2,55,1,6,2,4,0,0,1,62,9,1,1,51,0,0
42,420091,1,1,1,19,2,6,10,8,0,1,0,42,2,2,404,2404,14,1997,1J4GZ58S4VC6,1,J,4,G,Z,5,8,S,4,V,C,6,0,T,JEEP,LRT,4W,97,17,,1,0,1059,GCK,G,,0,0,000000000,00000000000,0,0,0,1,0,0,0,0,0,0,0,30,0,0,0,11,11,2,3,8,0,0,0,1,42,15650,6,1,0,0,3,1,69,999,0,0,0,0,0,0,0,0,0,0,0,0,0,0,1,2,55,1,1,2,2,0,0,1,80,1,1,1,13,0,0
42,420092,1,3,1,12,2,13,0,12,1,1,0,42,3,87,881,87881,63,2008,1NPTL4TX88N7,1,N,P,T,L,4,T,X,8,8,N,7,0,T,PTRB,367,TM,8,17,,8,0,0,CON,D,,0,57,01256152,5701256152,3,2,96,1,0,0,0,0,0,0,0,50,0,0,0,12,12,2,1,12,0,0,0,1,42,16249,6,1,6,1,3,3,68,999,0,0,0,0,2,6,2009,10,2009,1,26,0,0,0,1,2,55,1,5,2,1,0,0,1,51,4,2,1,24,0,0
42,420092,2,3,6,12,2,13,0,12,1,1,0,42,2,7,442,7442,20,1994,1B4GH4432RX3,1,B,4,G,H,4,4,3,2,R,X,3,0,P,DODG,CAR,SV,94,17,3580,,0,1193,,G,,0,0,000000000,00000000000,0,0,0,1,0,0,0,0,0,0,0,5,0,0,0,6,6,6,2,12,0,0,0,1,42,15774,6,1,0,0,3,3,66,999,0,0,0,1,0,4,2009,4,2009,0,0,0,0,0,1,2,55,1,5,2,1,0,0,11,53,1,1,1,26,1,0
42,420092,3,3,2,12,2,13,0,12,1,1,0,42,1,35,402,35402,14,2004,5N1ED28Y84C6,5,N,1,E,D,2,8,Y,8,4,C,6,0,P,NISS,XTR,UT,4,17,3924,,0,1043,,G,,0,0,000000000,00000000000,0,0,0,1,0,0,0,0,0,0,0,55,0,0,0,11,11,2,1,54,0,0,0,1,42,16226,6,1,0,0,3,0,66,999,0,0,0,0,0,0,0,0,0,0,0,0,0,0,1,2,55,1,6,2,1,0,0,1,98,1,1,1,98,0,0
42,420093,1,1,1,1,2,18,1,14,0,1,0,42,3,34,35,34035,4,2003,WBADT33413GF,W,B,A,D,T,3,3,4,1,3,G,F,0,P,BMW,525,4D,3,17,3450,,0,1114,,G,,0,0,000000000,00000000000,0,0,0,1,0,0,0,0,0,0,0,999,1,0,0,12,12,6,2,14,0,0,0,1,42,19063,6,1,0,0,3,0,70,999,1,0,0,1,1,3,2009,10,2009,1,53,0,0,0,2,2,55,1,1,2,1,0,0,1,8,1,1,4,6,1,0
42,420094,1,2,2,14,2,16,5,12,6,1,0,42,1,20,401,20401,14,1996,1GNDT13W2T21,1,G,N,D,T,1,3,W,2,T,2,1,0,P,CHEV,BZR,UT,96,17,4023,,0,1070,,G,,0,0,000000000,00000000000,0,0,0,1,0,0,0,0,0,0,0,55,0,0,0,10,10,6,2,12,0,0,0,1,42,15746,6,1,0,0,3,3,68,999,0,0,0,0,0,0,0,0,0,1,51,87,0,0,1,2,55,3,5,2,10,0,0,14,6,1,3,2,64,1,0
42,420094,2,2,1,14,2,16,5,12,6,1,0,42,1,2,404,2404,14,2005,1J4GR48K55C6,1,J,4,G,R,4,8,K,5,5,C,6,0,T,JEEP,LCF,4W,5,17,,1,0,1095,GCK,G,,0,0,000000000,00000000000,0,0,0,1,0,0,0,0,0,0,0,55,0,0,0,11,11,6,2,12,0,0,0,1,42,15729,6,1,0,0,3,3,65,999,0,0,0,0,0,0,0,0,0,0,0,0,0,0,1,2,55,1,6,2,10,0,0,1,62,1,1,1,65,1,0
42,420095,1,1,1,3,2,0,18,24,0,1,0,39,3,98,809,98809,66,2009,2FWJA3CK19AA,2,F,W,J,A,3,C,K,1,9,A,A,1,T,STRG,A90,DS,9,17,,8,0,0,STE,D,,1,57,00190180,5700190180,3,6,1,1,0,0,0,0,0,0,0,55,0,0,0,1,12,6,2,42,0,0,1,1,42,17112,6,1,6,1,3,1,69,999,0,0,0,0,0,0,0,0,0,0,99,99,99,99,2,2,65,1,5,1,1,0,0,1,13,1,1,4,1,1,0
42,420096,1,1,1,20,2,23,17,35,0,1,0,42,1,49,48,49048,5,2006,JTKKT6246650,J,T,K,K,T,6,2,4,6,6,5,0,0,P,TOYT,SXA,4H,6,17,2340,,0,933,,G,,0,0,000000000,00000000000,0,0,0,1,0,0,0,0,0,0,0,70,0,1,5,1,14,6,2,42,0,0,0,1,42,18458,6,1,0,0,3,0,64,999,0,0,0,0,0,0,0,0,0,1,51,58,0,0,1,2,55,3,6,2,1,0,0,14,6,1,3,4,2,1,0
42,420097,1,2,1,2,2,6,57,12,6,1,0,42,1,12,23,12023,4,2007,3FAHP01147R1,3,F,A,H,P,0,1,1,4,7,R,1,0,P,FORD,FAE,4D,7,17,0,,0,1074,,G,,0,0,000000000,00000000000,0,0,0,1,0,0,0,0,0,0,0,999,0,0,0,4,4,6,2,12,0,0,0,1,42,19530,6,1,0,0,3,1,70,999,0,0,0,0,0,0,0,0,0,0,48,0,0,0,3,2,45,1,1,2,1,0,0,11,15,1,1,1,68,1,0
42,420097,2,2,2,2,2,6,57,12,6,1,0,42,1,32,43,32043,4,2002,WAULC68E92A2,W,A,U,L,C,6,8,E,9,2,A,2,0,P,AUDI,41Q,4D,2,17,3311,,0,1043,,G,,0,0,000000000,00000000000,0,0,0,1,0,0,0,0,0,0,0,999,0,0,0,12,12,6,2,12,0,0,0,1,42,19608,6,1,0,0,3,0,72,999,0,0,0,1,0,5,2008,5,2008,0,0,0,0,0,3,2,45,3,1,2,1,0,0,14,62,1,1,1,69,1,0