STATE,ST_CASE,VEH_NO,VE_FORMS,NUMOCCS,DAY,MONTH,HOUR,MINUTE,HARM_EV,MAN_COLL,UNITTYPE,HIT_RUN,REG_STAT,OWNER,MAKE,MODEL,MAK_MOD,BODY_TYP,MOD_YEAR,VIN,VIN_1,VIN_2,VIN_3,VIN_4,VIN_5,VIN_6,VIN_7,VIN_8,VIN_9,VIN_10,VIN_11,VIN_12,TOW_VEH,VINTYPE,VINMAKE,VINA_MOD,VIN_BT,VINMODYR,VIN_LNGT,VIN_WGT,WGTCD_TR,WHLBS_LG,WHLBS_SH,SER_TR,FUELCODE,MCYCL_DS,J_KNIFE,MCARR_I1,MCARR_I2,MCARR_ID,GVWR,V_CONFIG,CARGO_BT,HAZ_INV,HAZ_PLAC,HAZ_ID,HAZ_CNO,HAZ_REL,BUS_USE,SPEC_USE,EMER_USE,TRAV_SP,UNDERIDE,ROLLOVER,ROLINLOC,IMPACT1,IMPACT2,DEFORMED,TOWED,M_HARM,VEH_SC1,VEH_SC2,FIRE_EXP,DR_PRES,L_STATE,DR_ZIP,L_STATUS,L_TYPE,CDL_STAT,L_ENDORS,L_COMPL,L_RESTRI,DR_HGT,DR_WGT,PREV_ACC,PREV_SUS,PREV_DWI,PREV_SPD,PREV_OTH,FIRST_MO,FIRST_YR,LAST_MO,LAST_YR,SPEEDREL,DR_SF1,DR_SF2,DR_SF3,DR_SF4,VTRAFWAY,VNUM_LAN,VSPD_LIM,VALIGN,VPROFILE,VPAVETYP,VSURCOND,VTRAFCON,VTCONT_F,P_CRASH1,P_CRASH2,P_CRASH3,PCRASH4,PCRASH5,ACC_TYPE,DEATHS,DR_DRINK
42,420098,1,1,1,5,2,2,25,24,0,1,0,42,1,2,404,2404,14,2004,1J4GW48S24C2,1,J,4,G,W,4,8,S,2,4,C,2,0,T,JEEP,LCF,4W,4,17,,1,0,1059,GCK,G,,0,0,000000000,00000000000,0,0,0,1,0,0,0,0,0,0,0,45,0,1,5,10,10,6,2,1,0,0,0,1,42,18452,6,1,0,0,3,3,68,999,0,0,0,0,0,0,0,0,0,1,51,58,0,0,1,2,25,2,6,2,1,0,0,14,12,1,1,4,6,1,1
42,420099,1,1,1,28,2,11,15,42,0,1,0,92,0,98,739,98739,90,9999,000000000000,0,0,0,0,0,0,0,0,0,0,0,0,0,U,,,,,17,,,,,,,,0,0,000000000,00000000000,0,0,0,1,0,0,0,0,0,0,0,25,0,0,0,12,12,6,4,42,0,0,0,1,42,17870,6,1,6,0,1,0,71,999,0,0,0,0,0,0,0,0,0,0,58,87,0,0,4,1,55,2,3,4,3,0,0,14,12,1,1,4,6,1,0
42,420100,1,4,1,7,2,19,40,12,7,1,0,51,3,51,884,51884,66,2005,4V4NC9GH75N3,4,V,4,N,C,9,G,H,7,5,N,3,1,T,VOLV,VNL,DS,5,17,,8,0,0,VVN,D,,1,57,01104156,5701104156,3,6,1,1,0,0,0,0,0,0,0,65,0,0,0,3,3,6,2,8,0,0,0,1,51,22603,6,1,6,0,3,0,66,156,0,0,0,0,0,0,0,0,0,1,28,0,0,0,3,2,65,2,6,2,1,0,0,14,11,2,1,1,46,0,0
42,420100,2,4,1,7,2,19,40,12,7,1,0,18,3,51,884,51884,66,2006,4V4NC9GH96N4,4,V,4,N,C,9,G,H,9,6,N,4,1,T,VOLV,VNL,DS,6,17,,8,0,0,VVN,D,,1,57,00135530,5700135530,3,6,1,1,0,0,0,0,0,0,0,40,0,0,0,9,9,2,1,12,0,0,0,1,42,15501,6,1,6,1,3,0,70,999,0,0,0,1,0,6,2008,6,2008,0,0,0,0,0,3,2,65,2,6,2,1,0,0,14,61,1,1,1,45,0,0
42,420100,3,4,4,7,2,19,40,12,7,1,0,39,2,20,473,20473,30,2005,1GCDT1360582,1,G,C,D,T,1,3,6,0,5,8,2,0,T,CHEV,RDO,CW,5,17,,1,0,1260,CAL,G,,0,0,000000000,00000000000,0,0,0,1,0,0,0,0,0,0,0,40,0,0,0,9,9,2,3,12,0,0,0,1,39,43130,6,1,0,0,3,0,68,190,0,0,0,2,0,6,2008,10,2009,0,0,0,0,0,3,2,65,2,6,2,1,0,0,2,53,1,1,1,98,0,0
42,420100,4,4,2,7,2,19,40,12,7,1,0,39,1,20,22,20022,2,2005,1G1AK12FX575,1,G,1,A,K,1,2,F,X,5,7,5,0,P,CHEV,CBT,CP,5,17,2991,,0,1033,,G,,0,0,000000000,00000000000,0,0,0,1,0,0,0,0,0,0,0,0,0,0,0,6,6,6,2,12,0,0,0,1,39,43113,6,1,0,0,3,0,66,140,0,0,0,0,0,0,0,0,0,0,0,0,0,0,3,2,65,2,6,2,1,0,0,5,53,1,1,1,98,0,0
42,420101,1,3,1,11,2,16,8,12,6,1,0,42,1,20,20,20020,4,1998,2G1WL52M8W92,2,G,1,W,L,5,2,M,8,W,9,2,0,P,CHEV,L/S,4D,98,17,3330,,0,1075,,G,,0,0,000000000,00000000000,0,0,0,1,0,0,0,0,0,0,0,999,0,0,0,10,10,6,2,12,0,0,0,1,42,16667,6,1,0,0,3,0,66,999,0,0,0,0,0,0,0,0,0,1,87,0,0,0,3,2,65,1,5,1,3,0,0,1,5,1,2,1,45,1,0
42,420101,2,3,3,11,2,16,8,12,6,1,0,42,3,7,442,7442,20,2006,1D4GP24R66B6,1,D,4,G,P,2,4,R,6,6,B,6,0,P,DODG,CAR,SV,6,17,4095,,0,1193,,G,,0,0,000000000,00000000000,0,0,0,1,0,0,0,0,0,0,0,999,0,0,0,12,12,6,2,12,0,0,0,1,42,15724,6,1,0,0,3,0,75,999,0,0,0,0,0,0,0,0,0,1,87,0,0,0,3,2,65,1,5,1,3,0,0,1,52,1,1,1,44,0,0
42,420101,3,3,1,11,2,16,8,12,6,1,0,42,1,20,481,20481,31,2006,1GCHK23226F1,1,G,C,H,K,2,3,2,2,6,F,1,0,T,CHEV,2KH,CW,6,17,,2,1670,1530,SIL,D,,0,0,000000000,00000000000,0,0,0,1,0,0,0,0,0,0,0,30,0,0,0,12,12,2,1,12,0,0,0,1,42,16833,6,1,0,0,3,0,67,999,0,0,0,1,0,9,2007,9,2007,0,87,0,0,0,3,2,65,1,5,1,3,0,0,1,52,2,1,1,98,0,0
42,420102,1,2,1,21,2,4,50,12,6,1,1,42,2,12,401,12401,14,2004,1FMZU72KX4ZA,1,F,M,Z,U,7,2,K,X,4,Z,A,0,P,FORD,EPR,UT,4,17,4469,,0,1137,,F,,0,0,000000000,00000000000,0,0,0,1,0,0,0,0,0,0,0,999,0,0,0,1,98,4,1,8,0,0,0,1,42,15221,6,1,0,0,3,0,67,999,1,0,0,0,0,4,2008,4,2008,0,0,0,0,0,1,2,25,1,1,2,2,0,0,1,67,1,1,1,83,0,1
42,420102,2,2,1,21,2,4,50,12,6,1,0,42,1,12,37,12037,4,2007,1FAHP34N57W1,1,F,A,H,P,3,4,N,5,7,W,1,0,P,FORD,FMS,4D,7,17,2636,,0,1029,,G,,0,0,000000000,00000000000,0,0,0,1,0,0,0,0,0,0,0,999,0,0,0,2,2,6,2,12,0,0,0,1,42,15221,6,1,0,0,3,0,60,999,0,0,0,0,1,5,2009,5,2009,0,38,0,0,0,1,2,25,1,1,2,2,20,3,11,15,1,1,1,82,0,0
42,420103,1,1,5,23,2,16,0,1,0,1,0,42,1,23,401,23401,14,2003,1GKDT13S7321,1,G,K,D,T,1,3,S,7,3,2,1,0,T,GMC,ENV,4W,3,17,,1,0,1130,ENV,G,,0,0,000000000,00000000000,0,0,0,1,0,0,0,0,0,0,0,65,0,1,5,0,3,6,2,42,0,0,0,1,42,18301,6,1,0,0,3,3,62,999,0,0,0,0,0,0,0,0,0,1,87,0,0,0,3,2,65,1,1,2,10,0,0,1,5,1,4,4,2,2,0
42,420104,1,1,1,26,2,21,57,35,0,1,0,42,2,22,441,22441,20,1999,1GMDX03EXXD1,1,G,M,D,X,0,3,E,X,X,D,1,0,T,PONT,M/T,ES,99,17,,1,0,1200,M/T,G,,0,0,000000000,00000000000,0,0,0,1,0,0,0,0,0,0,0,999,0,1,6,10,10,6,2,42,0,0,0,1,42,17109,6,1,0,0,3,0,67,999,0,0,0,0,0,0,0,0,0,1,58,87,0,0,3,2,50,2,6,2,2,0,0,14,6,1,9,4,2,1,1
42,420105,1,1,4,16,2,23,21,8,0,1,0,42,2,20,401,20401,14,1999,1GNDT13W7X22,1,G,N,D,T,1,3,W,7,X,2,2,0,P,CHEV,BZR,UT,99,17,4023,,0,1070,,G,,0,0,000000000,00000000000,0,0,0,1,0,0,0,0,0,0,0,50,0,0,0,12,12,6,2,8,0,0,0,1,42,18222,6,1,0,0,3,1,71,999,0,0,0,0,1,2,2008,2,2008,0,0,0,0,0,3,2,45,1,1,2,1,2,3,1,80,1,1,1,13,0,0
42,420106,1,1,1,14,2,6,3,8,0,1,0,42,2,6,441,6441,20,2006,1A4GP45R36B7,1,A,4,G,P,4,5,R,3,6,B,7,0,P,CHRY,TWC,SV,6,17,3831,,0,1133,,G,,0,0,000000000,00000000000,0,0,0,1,0,0,0,0,0,0,0,999,0,0,0,1,1,4,3,8,0,0,0,1,42,15226,6,1,0,0,3,0,68,999,0,0,0,0,0,0,0,0,0,0,38,0,0,0,3,3,35,1,1,2,2,0,0,1,80,1,1,3,13,0,1
42,420107,1,2,1,8,3,11,29,12,2,1,0,42,2,14,17,14017,4,1998,1MEFM50U3WA6,1,M,E,F,M,5,0,U,3,W,A,6,0,P,MERC,SGL,4D,98,17,3299,,0,1085,,G,,0,0,000000000,00000000000,0,0,0,1,0,0,0,0,0,0,0,999,0,0,0,12,12,6,2,12,0,0,0,1,42,19013,6,1,0,0,3,3,74,999,0,0,0,0,0,0,0,0,0,0,39,51,35,0,1,2,35,1,1,2,1,3,3,6,50,1,1,1,50,1,1
42,420107,2,2,1,8,3,11,29,12,2,1,0,42,2,7,43,7043,4,2004,1B3EL36T14N1,1,B,3,E,L,3,6,T,1,4,N,1,0,P,DODG,SSE,4D,4,17,3088,,0,1080,,F,,0,0,000000000,00000000000,0,0,0,1,0,0,0,0,0,0,0,0,0,0,0,12,12,6,2,12,0,0,0,1,42,19013,2,1,0,0,2,0,64,999,0,1,0,0,0,12,2009,12,2009,0,0,0,0,0,1,2,35,1,1,2,1,3,3,5,62,1,1,1,51,0,0
42,420108,1,2,1,4,2,0,23,12,2,1,0,42,1,20,37,20037,4,1999,1G1ND52T2XY1,1,G,1,N,D,5,2,T,2,X,Y,1,0,P,CHEV,MAL,4D,99,17,3051,,0,1070,,G,,0,0,000000000,00000000000,0,0,0,1,0,0,0,0,0,0,0,55,0,0,0,12,12,6,2,12,0,0,0,1,12,33023,6,1,0,0,3,0,63,999,0,0,0,0,0,0,0,0,0,0,51,0,0,0,1,2,55,2,5,2,1,0,0,14,10,1,1,2,50,1,1
42,420108,2,2,2,4,2,0,23,12,2,1,0,36,1,82,881,82881,66,2001,1FUPUXYB51LG,1,F,U,P,U,X,Y,B,5,1,L,G,1,T,FRHT,FLD,DS,1,17,,8,0,0,CON,D,,1,57,00503000,5700503000,3,6,1,1,0,0,0,0,0,0,0,40,0,0,0,12,12,6,2,12,0,0,0,1,36,11771,6,1,6,0,3,0,65,999,1,1,0,0,0,10,2008,3,2009,0,0,0,0,0,1,2,55,3,6,2,1,0,0,14,62,8,1,1,51,0,0
42,420109,1,3,1,25,2,14,53,12,8,1,0,42,1,13,5,13005,4,2000,1LNHM97V6YY8,1,L,N,H,M,9,7,V,6,Y,Y,8,0,P,LINC,CON,4D,0,17,3848,,0,1090,,G,,0,0,000000000,00000000000,0,0,0,1,0,0,0,0,0,0,0,45,0,0,0,11,11,6,2,12,0,0,0,1,42,17103,6,1,0,0,3,0,70,999,0,0,0,0,1,9,2009,9,2009,0,51,0,0,0,1,2,55,1,6,2,1,0,0,1,10,1,1,2,64,1,0
42,420109,2,3,1,25,2,14,53,12,8,1,0,92,0,98,998,98998,92,9999,000000000000,0,0,0,0,0,0,0,0,0,0,0,0,0,U,,,,,17,,,,,,,,0,0,000000000,00000000000,0,0,0,1,0,0,0,0,0,0,0,22,0,0,0,7,7,4,4,12,0,0,0,1,42,17842,6,1,6,0,1,0,67,999,0,0,0,0,0,0,0,0,0,0,0,0,0,0,1,2,55,1,5,2,1,0,0,1,62,1,1,1,65,0,0
42,420109,3,3,2,25,2,14,53,12,8,1,0,42,1,20,16,20016,4,2003,1G1JF52F8373,1,G,1,J,F,5,2,F,8,3,7,3,0,P,CHEV,CAS,4D,3,17,2676,,0,1041,,G,,0,0,000000000,00000000000,0,0,0,1,0,0,0,0,0,0,0,25,0,0,0,9,9,6,2,12,0,0,0,1,42,17086,6,1,0,0,3,0,66,999,0,0,0,0,0,0,0,0,0,0,0,0,0,0,1,2,55,1,5,2,1,0,0,1,54,1,1,1,98,0,0
42,420110,1,2,3,16,2,12,5,12,6,1,0,42,2,12,17,12017,4,2000,1FAFP56S3YG2,1,F,A,F,P,5,6,S,3,Y,G,2,0,P,FORD,TEL,4D,0,17,3333,,0,1085,,G,,0,0,000000000,00000000000,0,0,0,1,0,0,0,0,0,0,0,55,0,0,0,3,3,6,2,12,0,0,0,1,42,15902,6,1,0,0,3,0,65,999,0,1,1,1,0,3,2008,1,2009,1,51,87,0,0,1,2,55,2,6,2,3,0,0,14,6,99,4,2,64,1,0
42,420110,2,2,1,16,2,12,5,12,6,1,0,42,2,35,402,35402,14,2005,5N1AN08W85C6,5,N,1,A,N,0,8,W,8,5,C,6,0,P,NISS,XTR,UT,5,17,5200,,0,1063,,G,,0,0,000000000,00000000000,0,0,0,1,0,0,0,0,0,0,0,35,0,0,0,12,12,4,3,12,0,0,0,1,42,15658,6,1,0,0,3,0,73,999,0,0,0,0,0,0,0,0,0,0,0,0,0,0,1,2,55,1,5,2,3,0,0,1,60,9,1,1,65,0,0
42,420111,1,5,1,4,2,6,15,8,0,1,0,42,2,6,44,6044,4,1999,1C3EJ56H8XN5,1,C,3,E,J,5,6,H,8,X,N,5,0,P,CHRY,CLI,4D,99,17,3089,,0,1080,,G,,0,0,000000000,00000000000,0,0,0,1,0,0,0,0,0,0,0,50,0,0,0,3,3,2,1,8,0,0,0,1,42,18049,6,1,0,0,3,0,71,999,0,0,0,0,0,0,0,0,0,0,0,0,0,0,3,2,45,1,1,1,1,0,0,1,80,1,1,1,13,0,0
42,420111,2,5,1,4,2,6,15,8,0,1,0,34,3,98,809,98809,62,2006,2FZACFCS66AV,2,F,Z,A,C,F,C,S,6,6,A,V,0,T,STRG,ACT,CC,6,17,,6,0,0,STE,D,,0,57,01818432,5701818432,2,1,96,1,0,0,0,0,0,0,0,50,0,0,0,14,14,0,1,8,0,0,0,1,34,8844,6,1,6,0,3,0,72,999,0,0,0,0,2,10,2008,10,2008,0,0,0,0,0,3,2,45,1,1,1,1,0,0,1,80,1,1,1,98,0,0
42,420111,3,5,1,4,2,6,15,8,0,1,1,99,9,99,999,99999,99,9999,999999999999,9,9,9,9,9,9,9,9,9,9,9,9,9,U,,,,9,17,,,,,,,,0,99,999999999,99999999999,9,99,99,1,0,0,0,0,99,99,9,999,0,0,0,99,99,9,1,99,99,99,0,1,99,99999,9,9,99,9,9,9,999,999,99,99,99,99,99,99,9999,99,9999,0,0,0,0,0,3,2,45,1,1,1,1,0,0,1,80,1,1,1,98,0,0
42,420111,4,5,1,4,2,6,15,8,0,1,1,99,9,99,999,99999,99,9999,999999999999,9,9,9,9,9,9,9,9,9,9,9,9,9,U,,,,9,17,,,,,,,,0,99,999999999,99999999999,9,99,99,1,0,0,0,0,99,99,9,999,0,0,0,99,99,9,1,99,99,99,0,1,99,99999,9,9,99,9,9,9,999,999,99,99,99,99,99,99,9999,99,9999,0,0,0,0,0,3,2,45,1,1,1,1,0,0,1,80,1,1,1,98,0,0
42,420111,5,5,1,4,2,6,15,8,0,1,1,99,9,99,999,99999,99,9999,999999999999,9,9,9,9,9,9,9,9,9,9,9,9,9,U,,,,9,17,,,,,,,,0,99,999999999,99999999999,9,99,99,1,0,0,0,0,99,99,9,999,0,0,0,99,99,9,1,99,99,99,0,1,99,99999,9,9,99,9,9,9,999,999,99,99,99,99,99,99,9999,99,9999,0,0,0,0,0,3,2,45,1,1,1,1,0,0,1,80,1,1,1,98,0,0
42,420112,1,1,1,26,2,20,42,8,0,1,0,42,2,58,33,58033,4,1996,JNKCP01D6TT5,J,N,K,C,P,0,1,D,6,T,T,5,0,P,INFI,G20,4D,96,17,2780,,0,1004,,G,,0,0,000000000,00000000000,0,0,0,1,0,0,0,0,0,0,0,999,0,0,0,2,2,2,3,8,0,0,0,1,42,18252,1,1,0,0,2,3,72,999,0,11,0,0,3,11,2007,12,2009,0,92,0,0,0,1,2,35,1,1,2,2,0,0,1,80,4,1,1,13,0,0
42,420113,1,1,5,21,2,1,50,25,0,1,0,42,2,7,25,7025,5,2007,1B3HB48B57D1,1,B,3,H,B,4,8,B,5,7,D,1,0,P,DODG,CXT,4D,7,17,3038,,0,1037,,G,,0,0,000000000,00000000000,0,0,0,1,0,0,0,0,0,0,0,999,0,1,6,11,11,6,2,1,0,0,0,1,42,15241,6,1,0,0,3,0,72,999,0,0,0,0,0,0,0,0,0,1,0,0,0,0,3,2,55,3,6,2,1,0,0,14,12,7,1,4,6,3,0
42,420114,1,3,1,9,2,11,15,12,8,1,0,42,1,23,481,23481,31,2005,2GTEK13T2512,2,G,T,E,K,1,3,T,2,5,1,2,0,T,GMC,NK1,CW,5,17,,2,0,1435,SIE,G,,0,0,000000000,00000000000,0,0,0,1,0,0,0,0,0,0,0,999,0,0,0,10,11,6,2,12,0,0,0,1,42,15522,6,1,0,0,3,3,70,999,1,0,0,0,1,3,2009,3,2009,1,87,51,0,0,5,4,45,2,1,2,3,0,0,14,5,1,1,2,64,0,0
42,420114,2,3,1,9,2,11,15,12,8,1,0,42,1,12,481,12481,31,2002,1FTNF21L42EB,1,F,T,N,F,2,1,L,4,2,E,B,0,T,FORD,F2S,PK,2,17,,2,0,1370,SRW,G,,0,0,000000000,00000000000,0,0,0,1,0,0,0,0,0,0,0,35,0,0,0,10,10,2,1,12,0,0,0,1,42,15537,6,1,0,0,3,1,71,999,0,0,0,0,0,0,0,0,0,0,0,0,0,0,5,4,45,3,1,2,3,0,0,14,62,9,1,1,65,0,0
42,420114,3,3,2,9,2,11,15,12,8,1,0,42,1,22,16,22016,2,2004,1G2JB12F3472,1,G,2,J,B,1,2,F,3,4,7,2,0,P,PONT,SFR,CP,4,17,2771,,0,1041,,G,,0,0,000000000,00000000000,0,0,0,1,0,0,0,0,0,0,0,35,0,0,0,10,10,6,2,12,0,0,0,1,42,16630,6,1,0,0,3,1,70,999,0,0,0,0,0,0,0,0,0,0,0,0,0,0,5,4,45,3,1,2,3,0,0,14,62,1,1,1,98,1,0
42,420115,1,1,1,15,2,19,11,48,0,1,0,42,1,53,402,53402,14,2002,2S3TD52VX261,2,S,3,T,D,5,2,V,X,2,6,1,0,P,SUZI,VIT,UT,2,17,3053,,0,976,,G,,0,0,000000000,00000000000,0,0,0,1,0,0,0,0,0,0,0,55,0,1,5,3,3,6,2,1,0,0,0,1,54,26062,6,1,0,0,3,3,74,210,0,0,0,0,0,0,0,0,0,1,87,0,0,0,3,2,55,2,1,1,4,0,0,14,6,99,4,4,2,1,0
42,420116,1,4,1,12,2,15,49,12,7,1,0,42,1,18,7,18007,4,2004,2G4WS52J7413,2,G,4,W,S,5,2,J,7,4,1,3,0,P,BUIC,CCU,4D,4,17,3342,,0,1090,,G,,0,0,000000000,00000000000,0,0,0,1,0,0,0,0,0,0,0,999,7,0,0,1,10,6,2,12,0,0,0,1,42,16365,6,1,0,0,3,3,69,999,1,1,0,0,0,11,2008,12,2008,0,0,0,0,0,1,2,25,1,5,2,2,3,3,1,50,1,1,1,44,1,0
42,420116,2,4,1,12,2,15,49,12,7,1,0,42,1,49,472,49472,30,2007,5TEUX42N07Z4,5,T,E,U,X,4,2,N,0,7,Z,4,0,T,TOYT,ACC,PC,7,17,,1,0,1278,TAC,G,,0,0,000000000,00000000000,0,0,0,1,0,0,0,0,0,0,0,0,0,0,0,7,7,4,3,12,0,0,0,1,42,16365,6,1,0,0,3,3,72,999,0,0,0,0,0,0,0,0,0,0,0,0,0,0,1,2,25,1,5,2,2,3,3,5,53,1,1,1,45,0,0
42,420116,3,4,2,12,2,15,49,12,7,1,0,42,1,20,471,20471,30,2002,1GCDT13W62K2,1,G,C,D,T,1,3,W,6,2,K,2,0,T,CHEV,S14,CW,2,17,,1,0,1229,S,G,,0,0,000000000,00000000000,0,0,0,1,0,0,0,0,0,0,0,0,0,0,0,5,5,2,1,12,0,0,0,1,42,16340,6,1,0,0,3,0,999,999,0,0,0,0,0,0,0,0,0,0,0,0,0,0,1,2,25,1,5,2,2,3,3,5,53,1,1,1,98,0,0
42,420116,4,4,2,12,2,15,49,12,7,1,0,42,1,12,481,12481,31,1989,1FTEF14Y6KNB,1,F,T,E,F,1,4,Y,6,K,N,B,0,T,FORD,F15,PK,89,17,,2,1330,1170,COF,G,,0,0,000000000,00000000000,0,0,0,1,0,0,0,0,0,0,0,45,0,0,0,10,10,6,2,12,0,0,0,1,42,16340,6,1,0,0,3,3,70,999,0,0,0,1,0,3,2007,3,2007,0,0,0,0,0,1,2,25,3,6,2,2,0,0,14,62,7,1,1,98,0,0
42,420117,1,1,1,9,2,2,18,42,0,1,0,42,2,22,24,22024,4,2008,6G2EC57Y48L1,6,G,2,E,C,5,7,Y,4,8,L,1,0,P,PONT,8GT,4D,8,17,3995,,0,1148,,G,,0,0,000000000,00000000000,0,0,0,1,0,0,0,0,0,0,0,999,0,0,0,10,1,6,2,43,0,0,0,1,42,19401,0,0,0,0,0,0,76,999,0,0,0,0,0,0,0,0,0,0,51,0,0,0,1,2,25,2,1,2,1,0,0,14,12,1,1,4,6,1,1
42,420118,1,1,3,13,2,5,10,33,0,1,0,42,2,18,2,18002,4,2002,1G4HR54KX2U2,1,G,4,H,R,5,4,K,X,2,U,2,0,P,BUIC,LLF,4D,2,17,3591,,0,1122,,G,,0,0,000000000,00000000000,0,0,0,1,0,0,0,0,0,0,0,999,0,1,3,14,14,6,2,1,0,0,0,1,42,19120,0,0,0,0,0,0,70,999,0,6,0,0,1,12,2007,11,2009,0,87,0,0,0,2,3,40,1,1,2,4,0,0,1,12,1,1,4,6,2,0
42,420119,1,1,1,20,2,19,51,8,0,1,0,34,1,54,31,54031,4,1999,JH4DC4452XS0,J,H,4,D,C,4,4,5,2,X,S,0,0,P,ACUR,ILS,2H,99,17,2685,,0,1012,,G,,0,0,000000000,00000000000,0,0,0,1,0,0,0,0,0,0,0,25,0,0,0,12,12,4,1,8,0,0,0,1,34,8043,6,1,0,0,3,0,64,999,0,0,0,1,4,4,2007,11,2009,0,0,0,0,0,5,4,30,1,1,2,1,0,0,1,80,1,1,1,13,0,0
42,420120,1,1,1,12,2,9,0,48,0,1,0,42,1,37,32,37032,4,2005,1HGCM567X5A1,1,H,G,C,M,5,6,7,X,5,A,1,0,P,HOND,UEX,4D,5,17,3203,,0,1079,,G,,0,0,000000000,00000000000,0,0,0,1,0,0,0,0,0,0,0,999,0,1,6,12,14,6,2,35,0,0,0,1,42,15358,6,1,0,0,3,3,70,999,1,1,0,0,0,2,2008,8,2008,1,0,0,0,0,2,2,65,1,1,2,2,0,0,1,13,1,1,4,1,1,1
42,420121,1,1,1,18,2,18,15,8,0,1,1,99,9,99,884,99884,66,9999,999999999999,9,9,9,9,9,9,9,9,9,9,9,9,1,U,,,,9,17,,,,,,,,1,99,999999999,99999999999,3,6,98,1,0,0,0,0,0,0,0,60,0,0,0,1,1,2,1,8,0,0,0,1,99,99999,9,9,99,9,9,9,999,999,99,99,99,99,99,99,9999,99,9999,0,84,0,0,0,2,2,65,1,6,2,1,0,0,17,50,1,1,1,13,0,0
42,420122,1,1,1,27,2,18,44,8,0,1,0,42,2,2,404,2404,14,2003,1J4GW48S33C5,1,J,4,G,W,4,8,S,3,3,C,5,0,T,JEEP,LRO,4W,3,17,,1,0,1059,GCK,G,,0,0,000000000,00000000000,0,0,0,1,0,0,0,0,0,0,0,35,0,0,0,12,12,2,1,8,0,0,0,1,42,19134,6,1,0,0,3,0,75,999,0,0,0,0,0,0,0,0,0,0,0,0,0,0,3,3,99,1,1,2,2,0,0,1,80,4,1,1,13,0,0
42,420123,1,3,2,10,2,19,30,8,0,1,0,36,1,37,403,37403,14,2006,5J6YH27786L0,5,J,6,Y,H,2,7,7,8,6,L,0,0,P,HOND,ELE,UT,6,17,3527,,0,1014,,G,,0,0,000000000,00000000000,0,0,0,1,0,0,0,0,0,0,0,30,0,0,0,1,1,6,2,8,0,0,0,1,36,14850,6,1,0,0,3,3,999,999,0,0,0,0,0,0,0,0,0,0,87,77,0,0,2,2,55,1,6,2,3,0,0,1,80,1,1,1,13,0,0
42,420123,3,3,3,10,2,19,30,8,0,1,0,42,1,7,482,7482,31,2002,3D7HU18N82G1,3,D,7,H,U,1,8,N,8,2,G,1,0,T,DODG,Q15,CW,2,17,,2,1605,1405,RPC,G,,0,0,000000000,00000000000,0,0,0,1,0,0,0,0,0,0,0,30,0,0,0,11,11,6,2,12,0,0,0,1,42,17201,6,1,0,0,3,0,67,999,0,0,0,0,0,0,0,0,0,0,87,77,0,0,2,2,55,1,6,2,3,0,0,1,52,1,1,1,98,0,0
42,420123,4,3,4,10,2,19,30,8,0,1,0,2,2,20,404,20404,14,2007,2CNDL23FX760,2,C,N,D,L,2,3,F,X,7,6,0,0,P,CHEV,EQU,UT,7,17,3796,,0,1125,,G,,0,0,000000000,00000000000,0,0,0,1,0,0,0,0,0,0,0,30,0,0,0,1,1,6,2,12,0,0,0,1,39,43567,6,1,6,0,3,0,74,300,0,0,0,0,0,0,0,0,0,0,87,77,0,0,2,2,55,1,6,2,3,0,0,1,52,1,1,1,98,0,0
42,420124,1,2,2,14,2,14,30,12,2,1,0,42,2,55,37,55037,2,2008,KMHHM66D78U2,K,M,H,H,M,6,6,D,7,8,U,2,0,P,HYUN,TGS,CP,8,17,2898,,0,996,,G,,0,0,000000000,00000000000,0,0,0,1,0,0,0,0,0,0,0,80,0,0,0,12,12,6,2,12,0,0,0,1,42,19473,6,2,0,0,3,0,69,999,0,0,0,0,1,12,2009,12,2009,1,51,58,0,0,1,2,35,2,1,2,1,0,0,14,10,1,1,2,50,1,0
42,420124,2,2,2,14,2,14,30,12,2,1,0,42,1,34,34,34034,2,2004,WBSBL93484PN,W,B,S,B,L,9,3,4,8,4,P,N,0,P,BMW,M3S,CP,4,17,3415,,0,1075,,G,,0,0,000000000,00000000000,0,0,0,1,0,0,0,0,0,0,0,35,0,0,0,12,12,6,2,12,0,0,0,1,42,18964,6,1,0,0,3,0,67,999,0,0,0,0,0,0,0,0,0,0,0,0,0,0,1,2,35,1,1,2,1,0,0,1,62,1,1,1,51,1,0
42,420125,1,2,1,11,2,17,4,12,2,1,0,42,1,20,403,20403,14,2005,1GNDT13S9521,1,G,N,D,T,1,3,S,9,5,2,1,0,P,CHEV,TRL,UT,5,17,4612,,0,1130,,G,,0,0,000000000,00000000000,0,0,0,1,0,0,0,0,0,0,0,45,7,0,0,12,12,6,2,12,0,0,0,1,42,17225,6,1,0,0,3,1,65,999,1,0,0,0,0,1,2009,1,2009,1,51,87,0,0,1,2,45,1,1,2,4,0,0,1,5,6,4,2,50,0,0