STATE,ST_CASE,VEH_NO,VE_FORMS,NUMOCCS,DAY,MONTH,HOUR,MINUTE,HARM_EV,MAN_COLL,UNITTYPE,HIT_RUN,REG_STAT,OWNER,MAKE,MODEL,MAK_MOD,BODY_TYP,MOD_YEAR,VIN,VIN_1,VIN_2,VIN_3,VIN_4,VIN_5,VIN_6,VIN_7,VIN_8,VIN_9,VIN_10,VIN_11,VIN_12,TOW_VEH,VINTYPE,VINMAKE,VINA_MOD,VIN_BT,VINMODYR,VIN_LNGT,VIN_WGT,WGTCD_TR,WHLBS_LG,WHLBS_SH,SER_TR,FUELCODE,MCYCL_DS,J_KNIFE,MCARR_I1,MCARR_I2,MCARR_ID,GVWR,V_CONFIG,CARGO_BT,HAZ_INV,HAZ_PLAC,HAZ_ID,HAZ_CNO,HAZ_REL,BUS_USE,SPEC_USE,EMER_USE,TRAV_SP,UNDERIDE,ROLLOVER,ROLINLOC,IMPACT1,IMPACT2,DEFORMED,TOWED,M_HARM,VEH_SC1,VEH_SC2,FIRE_EXP,DR_PRES,L_STATE,DR_ZIP,L_STATUS,L_TYPE,CDL_STAT,L_ENDORS,L_COMPL,L_RESTRI,DR_HGT,DR_WGT,PREV_ACC,PREV_SUS,PREV_DWI,PREV_SPD,PREV_OTH,FIRST_MO,FIRST_YR,LAST_MO,LAST_YR,SPEEDREL,DR_SF1,DR_SF2,DR_SF3,DR_SF4,VTRAFWAY,VNUM_LAN,VSPD_LIM,VALIGN,VPROFILE,VPAVETYP,VSURCOND,VTRAFCON,VTCONT_F,P_CRASH1,P_CRASH2,P_CRASH3,PCRASH4,PCRASH5,ACC_TYPE,DEATHS,DR_DRINK
42,420125,2,2,2,11,2,17,4,12,2,1,0,42,1,30,40,30040,4,2001,3VWSK69M81M1,3,V,W,S,K,6,9,M,8,1,M,1,0,P,VOLK,JGS,4D,1,17,2833,,0,989,,G,,0,0,000000000,00000000000,0,0,0,1,0,0,0,0,0,0,0,40,0,0,0,12,12,6,2,12,0,0,0,1,42,17202,6,1,0,0,3,0,59,999,0,0,0,0,0,0,0,0,0,0,0,0,0,0,1,2,45,1,1,2,4,0,0,1,62,1,1,1,51,1,0
42,420126,1,2,3,11,2,13,3,48,0,1,0,42,2,12,35,12035,4,1997,1FALP65ZXVK1,1,F,A,L,P,6,5,Z,X,V,K,1,0,P,FORD,CSG,4D,97,17,0,,0,1065,,C,,0,0,000000000,00000000000,0,0,0,1,0,0,0,0,0,0,0,80,0,0,0,12,4,6,2,12,0,0,0,1,42,17074,0,0,0,0,0,0,62,999,0,4,0,0,3,4,2007,12,2009,1,58,51,0,0,1,2,45,2,6,2,1,40,3,14,6,99,3,4,2,2,0
42,420126,2,2,1,11,2,13,3,48,0,1,0,42,1,13,421,13421,15,1998,5LMPU28L7WLJ,5,L,M,P,U,2,8,L,7,W,L,J,0,P,LINC,NAV,UT,98,17,5557,,0,1190,,G,,0,0,000000000,00000000000,0,0,0,1,0,0,0,0,0,0,0,35,0,0,0,11,11,6,2,12,0,0,0,1,42,17111,6,1,0,0,3,0,67,999,0,0,0,0,0,0,0,0,0,0,0,0,0,0,1,2,45,3,5,2,1,40,3,14,62,9,1,4,98,0,0
42,420127,1,2,1,5,2,0,0,24,0,1,0,42,1,48,45,48045,4,2006,4S3BL6767642,4,S,3,B,L,6,7,6,7,6,4,2,0,P,SUBA,LTL,4D,6,17,3300,,0,1051,,G,,0,0,000000000,00000000000,0,0,0,1,0,0,0,0,0,0,0,999,0,1,5,4,4,6,2,12,0,0,0,1,42,18519,6,1,0,0,3,0,67,999,0,0,0,0,0,0,0,0,0,1,0,0,0,0,1,2,40,3,5,2,1,0,0,14,13,1,1,4,1,1,1
42,420127,2,2,1,5,2,0,0,24,0,1,0,42,1,20,22,20022,2,2006,1G1AK15F4678,1,G,1,A,K,1,5,F,4,6,7,8,0,P,CHEV,BLS,CP,6,17,2991,,0,1033,,G,,0,0,000000000,00000000000,0,0,0,1,0,0,0,0,0,0,0,999,0,0,0,12,12,6,2,12,0,0,0,1,42,18452,6,1,0,0,3,0,62,999,0,0,0,0,0,0,0,0,0,0,0,0,0,0,1,2,40,1,6,2,1,0,0,1,62,4,2,1,98,0,0
42,420128,1,2,1,9,2,8,29,12,6,1,0,42,1,20,19,20019,4,1996,1G1LD5549TY2,1,G,1,L,D,5,5,4,9,T,Y,2,0,P,CHEV,CSA,4D,96,17,2745,,0,1034,,G,,0,0,000000000,00000000000,0,0,0,1,0,0,0,0,0,0,0,999,0,0,0,12,12,6,2,12,0,0,0,1,42,16507,6,1,0,0,3,1,74,999,0,0,0,0,0,0,0,0,0,0,39,0,0,0,2,2,35,1,1,2,1,3,3,1,17,1,1,1,88,1,0
42,420128,2,2,1,9,2,8,29,12,6,1,0,42,1,20,443,20443,20,2003,1GNDX03E93D2,1,G,N,D,X,0,3,E,9,3,D,2,0,T,CHEV,VTR,ES,3,17,,1,0,1200,VTR,G,,0,0,000000000,00000000000,0,0,0,1,0,0,0,0,0,0,0,999,0,0,0,11,11,6,2,12,0,0,0,1,42,16507,6,1,0,0,3,0,67,999,0,0,0,0,0,0,0,0,0,0,0,0,0,0,1,2,25,1,1,2,1,3,3,1,66,1,1,1,89,0,0
42,420129,1,2,1,27,2,14,20,12,6,1,0,42,1,20,482,20482,31,2003,3GNEK13T53G2,3,G,N,E,K,1,3,T,5,3,G,2,0,T,CHEV,KAV,CW,3,17,,2,0,1300,AVL,G,,0,0,000000000,00000000000,0,0,0,1,0,0,0,0,0,0,0,10,0,0,0,11,11,6,2,12,0,0,0,1,42,17055,6,1,0,0,3,0,69,999,0,0,0,0,0,0,0,0,0,0,38,0,0,0,1,2,35,1,1,2,1,0,0,11,98,1,1,1,82,0,0
42,420129,2,2,2,27,2,14,20,12,6,1,0,42,1,6,441,6441,20,2004,1C4GP45R04B5,1,C,4,G,P,4,5,R,0,4,B,5,0,P,CHRY,TWC,SV,4,17,3811,,0,1133,,G,,0,0,000000000,00000000000,0,0,0,1,0,0,0,0,0,0,0,35,0,0,0,1,1,6,2,12,0,0,0,1,42,17011,6,1,0,0,3,3,63,999,0,0,0,0,0,0,0,0,0,0,0,0,0,0,1,2,35,1,1,2,1,0,0,1,72,1,1,1,83,1,0
42,420130,1,2,4,26,2,22,35,25,0,1,0,42,2,49,40,49040,4,1997,4T1BG22K9VU0,4,T,1,B,G,2,2,K,9,V,U,0,0,P,TOYT,UEX,4D,97,17,2976,,0,1051,,G,,0,0,000000000,00000000000,0,0,0,1,0,0,0,0,0,0,0,999,1,1,1,2,2,6,2,1,0,0,0,1,42,19142,6,1,0,0,3,0,61,999,0,4,0,0,3,11,2008,10,2009,0,99,99,99,99,3,4,50,3,1,2,1,0,0,14,13,6,9,4,1,1,0
42,420130,2,2,1,26,2,22,35,25,0,1,0,34,1,85,881,85881,66,2000,1XKWDB9X0YJ8,1,X,K,W,D,B,9,X,0,Y,J,8,1,T,KW,W90,DS,0,17,,8,2850,1600,CON,D,,1,57,00085986,5700085986,3,6,1,1,0,0,0,0,0,0,0,55,0,0,0,4,4,4,1,12,0,0,0,1,34,7066,6,1,6,0,3,0,71,999,1,2,0,0,5,8,2007,9,2009,0,0,0,0,0,3,4,50,3,1,2,1,0,0,14,60,1,1,1,98,0,0
42,420131,1,2,1,21,2,0,8,12,2,1,0,42,1,22,20,22020,4,2006,2G2WP582X612,2,G,2,W,P,5,8,2,X,6,1,2,0,P,PONT,GRA,4D,6,17,3477,,0,1105,,G,,0,0,000000000,00000000000,0,0,0,1,0,0,0,0,0,0,0,999,0,0,0,12,12,6,2,12,0,0,0,1,42,19030,6,1,6,0,3,0,72,999,0,0,0,0,0,0,0,0,0,0,51,0,0,0,1,2,55,1,6,2,1,0,0,1,10,1,1,2,50,1,1
42,420131,2,2,1,21,2,0,8,12,2,1,0,42,1,6,43,6043,4,2003,1C3EL45T53N5,1,C,3,E,L,4,5,T,5,3,N,5,0,P,CHRY,SLX,CV,3,17,3296,,0,1060,,F,,0,0,000000000,00000000000,0,0,0,1,0,0,0,0,0,0,0,999,0,0,0,12,12,6,2,12,0,0,0,1,42,17938,6,1,0,0,3,3,66,999,0,0,0,0,0,0,0,0,0,0,0,0,0,0,1,2,55,1,5,2,1,0,0,1,62,1,1,1,51,1,0
42,420132,1,2,1,24,2,23,20,12,2,1,0,42,2,52,37,52037,3,2000,4A3AC44GXYE1,4,A,3,A,C,4,4,G,X,Y,E,1,0,P,MITS,EGS,2H,0,17,2985,,0,1008,,G,,0,0,000000000,00000000000,0,0,0,1,0,0,0,0,0,0,0,100,2,0,0,12,12,6,2,12,0,0,1,1,42,18656,6,1,0,0,3,0,71,999,0,0,0,1,0,4,2008,4,2008,1,51,33,0,0,1,2,55,1,6,2,1,0,0,6,54,4,2,1,50,1,1
42,420132,2,2,1,24,2,23,20,12,2,1,0,42,3,98,881,98881,61,2007,5B4KPD2V5734,5,B,4,K,P,D,2,V,5,7,3,4,0,U,,,,7,17,,,,,,,,0,57,00021800,5700021800,2,1,1,1,0,0,0,0,0,0,0,45,0,0,0,12,12,6,2,12,0,0,0,1,42,18702,6,1,6,0,3,3,65,999,1,1,2,1,0,5,2007,12,2009,0,0,0,0,0,1,2,55,1,5,2,1,0,0,1,54,7,1,1,51,0,0
42,420133,1,2,1,18,2,17,32,12,6,1,0,36,1,63,34,63034,4,2007,KNAGE1237751,K,N,A,G,E,1,2,3,7,7,5,1,0,P,KIA,OLE,4D,7,17,3142,,0,1071,,G,,0,0,000000000,00000000000,0,0,0,1,0,0,0,0,0,0,0,25,0,0,0,10,10,6,2,12,0,0,0,1,36,14702,6,1,0,0,3,3,66,999,2,0,0,0,0,1,2008,1,2008,0,39,0,0,0,4,1,35,1,1,1,2,20,3,1,17,1,1,1,89,1,0
42,420133,2,2,1,18,2,17,32,12,6,1,0,42,1,20,16,20016,2,1997,1G1JC1243VM1,1,G,1,J,C,1,2,4,3,V,M,1,0,P,CHEV,C/S,CP,97,17,2584,,0,1041,,G,,0,0,000000000,00000000000,0,0,0,1,0,0,0,0,0,0,0,40,0,0,0,12,12,6,2,12,0,0,0,1,42,16438,6,1,0,0,3,0,70,999,0,0,0,0,0,0,0,0,0,0,0,0,0,0,1,2,45,1,5,2,2,0,0,1,66,1,1,1,88,0,0
42,420134,1,2,6,17,2,7,26,12,2,1,0,42,3,90,981,90981,50,2005,1BAKGCKH35F2,1,B,A,K,G,C,K,H,3,5,F,2,0,U,,,,5,17,,,,,,,,0,88,888888888,88888888888,2,21,22,1,0,0,0,0,1,0,0,19,7,0,0,12,12,2,3,12,0,0,0,1,42,19473,6,1,6,1,3,0,69,999,0,0,0,0,0,0,0,0,0,0,48,0,0,0,1,2,50,1,1,2,1,0,0,11,15,1,1,2,68,0,0
42,420134,2,2,2,17,2,7,26,12,2,1,0,42,2,37,31,37031,2,1999,1HGEJ8147XL0,1,H,G,E,J,8,1,4,7,X,L,0,0,P,HOND,UAX,CP,99,17,2513,,0,1032,,G,,0,0,000000000,00000000000,0,0,0,1,0,0,0,0,0,0,0,50,0,0,0,12,12,6,2,12,0,0,0,1,42,18074,6,1,0,0,3,0,72,999,0,0,0,0,0,0,0,0,0,0,0,0,0,0,1,2,50,1,1,2,1,0,0,1,62,9,2,1,69,1,0
42,420135,1,2,2,28,2,19,15,12,6,1,0,34,2,23,401,23401,14,2002,1GKDT13S8221,1,G,K,D,T,1,3,S,8,2,2,1,0,T,GMC,ENV,4W,2,17,,1,0,1130,ENV,G,,0,0,000000000,00000000000,0,0,0,1,0,0,0,0,0,0,0,999,0,0,0,2,2,6,2,12,0,0,0,1,34,8046,6,1,6,0,3,0,65,999,0,0,0,0,0,0,0,0,0,0,48,0,0,0,1,2,25,1,1,2,1,0,0,11,15,1,1,2,68,0,1
42,420135,2,2,2,28,2,19,15,12,6,1,0,92,0,76,739,76739,90,9999,000000000000,0,0,0,0,0,0,0,0,0,0,0,0,0,U,,,,,17,,,,,,,,0,0,000000000,00000000000,0,0,0,1,0,0,0,0,0,0,0,999,0,0,0,1,1,6,2,12,0,0,0,1,42,19124,0,0,0,0,1,0,999,999,0,0,0,0,0,0,0,0,0,0,18,0,0,0,1,2,25,1,1,2,1,0,0,1,62,1,1,1,69,2,0
42,420136,1,2,1,3,2,8,0,12,6,1,0,42,2,20,16,20016,2,2003,1G1JC12FX371,1,G,1,J,C,1,2,F,X,3,7,1,0,P,CHEV,CAV,CP,3,17,2617,,0,1041,,G,,0,0,000000000,00000000000,0,0,0,1,0,0,0,0,0,0,0,999,0,0,0,4,4,6,2,12,0,0,0,1,42,16055,6,1,0,0,3,3,62,999,0,0,0,0,0,0,0,0,0,0,87,51,0,0,1,2,45,1,6,2,2,0,0,1,8,6,1,6,64,1,0
42,420136,2,2,1,3,2,8,0,12,6,1,0,42,1,12,481,12481,31,2002,1FTWW33F12EC,1,F,T,W,W,3,3,F,1,2,E,C,0,T,FORD,F3D,CW,2,17,,3,1720,1560,DRW,D,,0,0,000000000,00000000000,0,0,0,1,0,0,0,0,0,0,0,999,0,0,0,1,1,6,2,12,0,0,0,1,42,15656,6,1,0,0,3,0,72,999,0,0,0,0,0,0,0,0,0,0,0,0,0,0,1,2,45,1,5,2,2,0,0,1,62,4,1,1,65,0,0
42,420137,1,2,1,15,2,9,42,12,6,1,0,42,1,20,401,20401,14,2000,1GNDT13W9Y21,1,G,N,D,T,1,3,W,9,Y,2,1,0,P,CHEV,BZR,UT,0,17,4049,,0,1070,,G,,0,0,000000000,00000000000,0,0,0,1,0,0,0,0,0,0,0,26,0,0,0,12,12,6,2,12,0,0,0,1,42,16101,6,1,0,0,3,0,65,999,0,0,0,0,0,0,0,0,0,0,39,0,0,0,1,4,40,1,1,2,1,3,3,1,17,1,1,1,83,0,0
42,420137,2,2,2,15,2,9,42,12,6,1,0,42,2,12,13,12013,2,1999,3FAKP1132XR1,3,F,A,K,P,1,1,3,2,X,R,1,0,P,FORD,ZCH,CP,99,17,2478,,0,984,,G,,0,0,000000000,00000000000,0,0,0,1,0,0,0,0,0,0,0,5,0,0,0,10,10,6,2,12,0,0,0,1,42,16101,6,1,0,0,3,0,69,999,0,0,0,0,0,0,0,0,0,0,0,0,0,0,1,2,25,1,6,2,1,3,3,11,66,1,1,1,82,1,0
42,420138,1,2,1,23,3,18,50,24,0,1,0,42,1,22,22,22022,4,2008,1G2ZF57B3842,1,G,2,Z,F,5,7,B,3,8,4,2,0,P,PONT,6VB,4D,8,17,3305,,0,1123,,G,,0,0,000000000,00000000000,0,0,0,1,0,0,0,0,0,0,0,55,0,0,0,5,3,6,2,12,0,0,1,1,42,15338,6,1,6,0,3,1,72,999,1,0,0,0,2,11,2009,3,2010,1,58,0,0,0,1,2,45,3,5,2,2,0,0,14,13,1,1,4,1,1,0
42,420138,2,2,1,23,3,18,50,24,0,1,0,42,1,7,482,7482,31,1997,1B7HF13Y4VJ5,1,B,7,H,F,1,3,Y,4,V,J,5,0,T,DODG,150,PC,97,17,,2,1547,1387,RPC,G,,0,0,000000000,00000000000,0,0,0,1,0,0,0,0,0,0,0,45,0,0,0,12,12,6,2,12,0,0,0,1,42,15338,6,1,0,0,3,1,70,999,0,0,0,0,0,0,0,0,0,0,0,0,0,0,1,2,45,2,6,2,2,0,0,14,62,9,1,1,98,0,0
42,420139,1,2,1,17,3,9,45,12,6,1,0,42,1,63,32,63032,4,2004,KNADC1256462,K,N,A,D,C,1,2,5,6,4,6,2,0,P,KIA,RIO,4D,4,17,2403,,0,949,,G,,0,0,000000000,00000000000,0,0,0,1,0,0,0,0,0,0,0,5,0,0,0,3,3,6,2,12,0,0,0,1,42,15531,6,1,0,0,3,3,60,999,0,0,0,0,0,0,0,0,0,0,48,0,0,0,3,2,55,1,1,1,1,0,0,11,15,1,1,1,68,1,0
42,420139,2,2,1,17,3,9,45,12,6,1,0,42,3,84,881,84881,63,2006,1HTXRAPTX6J1,1,H,T,X,R,A,P,T,X,6,J,1,0,T,INTL,59I,TM,6,17,,8,0,0,590,D,,0,58,000196026,58000196026,3,2,4,1,0,0,0,0,0,0,0,40,0,0,0,12,12,4,1,12,0,0,0,1,42,15936,6,1,6,0,3,0,70,999,0,0,0,0,0,0,0,0,0,0,0,0,0,0,3,2,55,1,1,1,1,0,0,1,62,9,2,2,69,0,0
42,420140,1,2,1,5,2,18,39,8,0,1,1,99,9,99,399,99399,9,9999,999999999999,9,9,9,9,9,9,9,9,9,9,9,9,0,U,,,,9,17,,,,,,,,0,0,000000000,00000000000,0,0,0,1,0,0,0,0,0,0,0,70,0,0,0,12,12,9,1,8,0,0,0,1,99,99999,9,9,99,0,9,9,999,999,99,99,99,99,99,99,9999,99,9999,1,0,0,0,0,3,3,55,1,1,2,2,0,0,1,80,1,1,1,13,0,0
42,420140,2,2,2,5,2,18,39,8,0,1,0,42,1,22,2,22002,4,2001,1G2HX54KX141,1,G,2,H,X,5,4,K,X,1,4,1,0,P,PONT,BVS,4D,1,17,3633,,0,1122,,G,,0,0,000000000,00000000000,0,0,0,1,0,0,0,0,0,0,0,55,0,0,0,12,12,6,2,8,0,0,0,1,42,19013,6,1,0,0,3,3,62,999,0,0,0,0,0,0,0,0,0,0,0,0,0,0,3,3,55,1,1,2,2,0,0,1,80,99,1,1,98,0,0
42,420141,1,1,1,20,3,3,48,11,0,1,0,42,2,72,706,72706,80,2001,1HD1CGP121K1,1,H,D,1,C,G,P,1,2,1,K,1,0,M,HD,20C,RS,1,17,,,,,,,1200,0,0,000000000,00000000000,0,0,0,1,0,0,0,0,0,0,0,999,0,0,0,12,12,2,3,11,0,0,0,1,42,19526,1,1,0,0,2,1,75,999,0,4,0,1,1,5,2007,8,2008,0,83,0,0,0,1,2,40,1,6,2,1,0,0,1,87,1,1,1,13,1,1
42,420142,1,1,1,11,2,14,0,8,0,1,0,42,2,20,481,20481,31,1983,1GCEK14H5DF3,1,G,C,E,K,1,4,H,5,D,F,3,0,T,CHEV,K10,PK,83,17,,2,1315,1175,K10,G,,0,0,000000000,00000000000,0,0,0,1,0,0,0,0,0,0,0,40,0,0,0,1,1,4,3,8,0,0,0,1,42,18078,6,2,0,0,3,1,71,999,0,0,0,0,0,0,0,0,0,1,52,87,0,0,1,2,45,3,6,2,3,0,0,14,5,6,2,4,2,0,0
42,420143,1,1,1,20,3,13,57,59,0,1,0,42,1,37,706,37706,80,2007,1HFSC47L17A6,1,H,F,S,C,4,7,L,1,7,A,6,0,M,HOND,GL8,RS,7,17,,,,,,,1832,0,0,000000000,00000000000,0,0,0,1,0,0,0,0,0,0,0,70,0,0,0,9,9,6,2,59,0,0,0,1,42,15857,6,1,0,0,3,0,65,999,0,0,0,0,0,0,0,0,0,1,0,0,0,0,6,1,20,2,1,2,1,40,3,14,6,1,7,4,7,1,0
42,420144,1,2,2,10,2,15,20,12,6,1,0,92,0,98,998,98998,91,9999,000000000000,0,0,0,0,0,0,0,0,0,0,0,0,0,U,,,,,17,,,,,,,,0,0,000000000,00000000000,0,0,0,1,0,0,0,0,0,0,0,45,0,0,0,12,12,4,3,12,0,0,0,1,42,17560,6,1,0,0,1,0,73,999,0,0,0,1,0,12,2009,12,2009,1,18,35,77,87,4,2,25,1,1,2,3,0,0,6,17,7,1,1,77,2,0
42,420144,2,2,1,10,2,15,20,12,6,1,0,42,1,14,17,14017,4,1992,1MELM50U0NA6,1,M,E,L,M,5,0,U,0,N,A,6,0,P,MERC,SGS,4D,92,17,3147,,0,1060,,G,,0,0,000000000,00000000000,0,0,0,1,0,0,0,0,0,0,0,5,0,0,0,1,1,2,3,12,0,0,0,1,42,17602,6,1,0,0,3,2,71,999,0,0,0,0,1,11,2007,11,2007,0,77,87,74,0,1,2,25,1,1,2,3,20,3,11,66,1,1,1,76,0,0
42,420145,1,1,2,5,3,22,35,35,0,1,0,92,0,37,32,37032,2,1996,1HGCD7252TA0,1,H,G,C,D,7,2,5,2,T,A,0,0,P,HOND,UER,CP,96,17,2930,,0,1069,,G,,0,0,000000000,00000000000,0,0,0,1,0,0,0,0,0,0,0,100,0,1,6,12,12,6,2,35,0,0,0,1,26,18301,3,1,0,0,2,0,72,170,0,0,0,0,0,0,0,0,0,1,27,0,0,0,2,2,50,2,1,2,1,0,0,15,6,1,1,4,2,1,1
42,420146,1,2,1,13,3,0,5,12,2,1,0,42,1,22,16,22016,2,1998,1G2JB1242W75,1,G,2,J,B,1,2,4,2,W,7,5,0,P,PONT,SFS,CP,98,17,2637,,0,1041,,G,,0,0,000000000,00000000000,0,0,0,1,0,0,0,0,0,0,0,999,0,0,0,12,12,6,2,12,0,0,0,1,42,17980,6,1,0,0,3,0,68,999,0,0,0,1,0,4,2009,4,2009,0,51,0,0,0,2,2,65,1,1,1,2,0,0,1,54,1,1,1,52,0,1
42,420146,2,2,1,13,3,0,5,12,2,1,0,42,1,52,37,52037,3,1999,4A3AK34Y1XE1,4,A,3,A,K,3,4,Y,1,X,E,1,0,P,MITS,ERS,2H,99,17,2754,,0,988,,G,,0,0,000000000,00000000000,0,0,0,1,0,0,0,0,0,0,0,999,0,0,0,12,12,6,2,12,0,0,0,1,42,17046,6,1,6,0,3,0,68,999,2,0,0,0,0,3,2007,3,2008,0,0,0,0,0,2,2,65,1,1,1,2,0,0,1,54,7,1,1,52,1,0
42,420147,1,1,1,13,3,14,18,25,0,1,0,42,2,9,442,9442,20,1996,2P4GP44R6TR6,2,P,4,G,P,4,4,R,6,T,R,6,0,P,PLYM,VOF,SV,96,17,3663,,0,1193,,G,,0,0,000000000,00000000000,0,0,0,1,0,0,0,0,0,0,0,55,0,0,0,11,11,4,3,25,0,0,0,1,42,19142,6,1,0,0,3,3,66,999,0,1,1,0,1,6,2007,3,2008,1,0,0,0,0,3,3,55,1,1,1,2,0,0,1,12,1,1,4,6,1,0
42,420148,1,1,1,16,3,8,50,8,0,1,0,42,1,12,17,12017,4,1991,1FACP52U7MG1,1,F,A,C,P,5,2,U,7,M,G,1,0,P,FORD,TAG,4D,91,17,3062,,0,1060,,G,,0,0,000000000,00000000000,0,0,0,1,0,0,0,0,0,0,0,999,0,0,0,1,1,4,3,8,0,0,0,1,42,16651,6,1,0,0,3,1,73,999,0,0,0,1,0,8,2008,8,2008,0,0,0,0,0,1,2,35,1,1,2,1,0,0,1,13,1,1,4,1,0,0
42,420149,1,1,2,25,3,4,30,34,0,1,0,42,1,37,31,37031,3,1999,2HGEJ6344XH1,2,H,G,E,J,6,3,4,4,X,H,1,0,P,HOND,UCD,2H,99,17,2388,,0,1032,,G,,0,0,000000000,00000000000,0,0,0,1,0,0,0,0,0,0,0,50,0,1,5,14,0,6,2,1,0,0,0,1,42,16327,6,1,0,0,3,0,69,999,0,0,0,0,0,0,0,0,0,0,51,0,0,0,1,2,55,1,1,2,1,0,0,1,12,1,1,4,6,1,0
42,420150,1,1,1,7,3,1,3,42,0,1,0,42,1,20,37,20037,4,2005,1G1ZT54805F1,1,G,1,Z,T,5,4,8,0,5,F,1,0,P,CHEV,M/L,4D,5,17,3297,,0,1063,,G,,0,0,000000000,00000000000,0,0,0,1,0,0,0,0,0,0,0,999,0,0,0,10,10,6,2,42,0,0,0,1,42,18210,6,1,0,0,3,3,66,999,1,1,2,0,1,10,2007,10,2008,1,58,0,0,0,1,2,55,3,1,2,1,0,0,14,6,6,1,4,2,1,1
42,420151,1,1,1,6,3,0,0,8,0,1,1,42,9,99,399,99399,9,9999,999999999999,9,9,9,9,9,9,9,9,9,9,9,9,0,U,,,,9,17,,,,,,,,0,0,000000000,00000000000,0,0,0,1,0,0,0,0,0,0,0,999,0,0,0,1,1,2,1,8,0,0,0,1,99,99999,9,9,99,0,9,9,999,999,99,99,99,99,99,99,9999,99,9999,0,99,99,99,99,1,2,35,1,5,2,1,0,0,1,80,99,9,1,13,0,0
42,420152,1,2,1,2,3,4,18,12,2,1,0,42,2,12,17,12017,4,1997,1FALP52U7VA3,1,F,A,L,P,5,2,U,7,V,A,3,0,P,FORD,TAG,4D,97,17,3329,,0,1085,,G,,0,0,000000000,00000000000,0,0,0,1,0,0,0,0,0,0,0,55,0,0,0,12,12,6,2,12,0,0,0,1,42,17049,6,1,0,0,3,0,72,999,0,0,0,0,0,0,0,0,0,0,51,0,0,0,1,2,55,1,1,2,1,0,0,1,10,1,1,2,50,1,0
42,420152,2,2,1,2,3,4,18,12,2,1,0,42,3,20,481,20481,31,2007,1GCHK23K77F5,1,G,C,H,K,2,3,K,7,7,F,5,0,T,CHEV,2KH,CW,7,17,,2,1670,1530,SIL,G,,0,0,000000000,00000000000,0,0,0,1,0,0,0,0,0,0,0,55,0,0,0,12,12,6,2,12,0,0,0,1,42,17082,6,1,0,0,3,3,68,999,0,1,0,0,2,10,2007,12,2007,0,0,0,0,0,1,2,55,1,1,2,1,0,0,1,62,7,1,1,51,0,0
42,420153,1,1,2,17,3,13,5,45,0,1,0,42,1,20,16,20016,2,1998,1G1JC1247W72,1,G,1,J,C,1,2,4,7,W,7,2,0,P,CHEV,C/S,CP,98,17,2584,,0,1041,,G,,0,0,000000000,00000000000,0,0,0,1,0,0,0,0,0,0,0,45,2,0,0,12,12,6,2,45,0,0,0,1,42,16426,6,1,0,0,3,0,63,999,0,0,0,0,0,0,0,0,0,1,0,0,0,0,1,2,55,1,1,2,1,0,0,1,51,1,1,1,16,1,0
42,420154,1,2,1,21,3,21,35,12,6,1,0,92,0,76,739,76739,90,9999,000000000000,0,0,0,0,0,0,0,0,0,0,0,0,0,U,,,,,17,,,,,,,,0,0,000000000,00000000000,0,0,0,1,0,0,0,0,0,0,0,45,0,0,0,12,12,6,2,12,0,0,0,1,42,17970,6,1,0,0,1,0,66,999,0,0,0,0,2,4,2008,4,2008,1,0,0,0,0,3,2,45,1,6,2,1,0,0,1,67,4,2,1,83,1,1
42,420154,2,2,1,21,3,21,35,12,6,1,0,17,3,87,881,87881,66,2009,1XP7D49X99D7,1,X,P,7,D,4,9,X,9,9,D,7,0,T,PTRB,387,DS,9,17,,8,0,0,CON,D,,0,57,00085840,5700085840,3,5,96,1,0,0,0,0,0,0,0,5,0,0,0,9,9,4,1,12,0,0,0,1,42,18603,6,1,6,1,3,3,67,999,0,0,0,0,1,6,2008,6,2008,0,0,0,0,0,1,2,25,1,5,2,1,20,3,11,15,1,1,1,82,0,0
42,420155,1,1,1,17,3,18,35,15,0,1,0,42,2,12,471,12471,30,1999,1FTYR10C2XTB,1,F,T,Y,R,1,0,C,2,X,T,B,0,T,FORD,RNG,PK,99,17,,1,1175,1116,RNG,G,,0,0,000000000,00000000000,0,0,0,1,0,0,0,0,0,0,0,63,0,0,0,12,12,2,3,15,0,0,0,1,42,19002,6,1,0,0,3,3,68,999,0,5,0,0,0,5,2009,10,2009,1,51,0,0,0,1,2,25,1,1,2,1,0,0,1,80,6,1,1,13,0,0
42,420156,1,1,1,15,3,19,0,35,0,1,0,42,1,20,9,20009,2,1998,2G1FP22K4W21,2,G,1,F,P,2,2,K,4,W,2,1,0,P,CHEV,CAM,CP,98,17,3331,,0,1011,,G,,0,0,000000000,00000000000,0,0,0,1,0,0,0,0,0,0,0,65,0,1,5,12,12,6,2,1,0,0,0,1,42,17737,6,1,0,0,3,0,66,999,0,3,0,0,2,3,2007,9,2007,1,51,58,0,0,1,2,35,3,1,2,2,0,0,14,6,1,4,4,7,1,1
42,420157,1,1,1,19,3,21,50,43,0,1,0,42,2,72,706,72706,80,2000,1HD1GEV19YY3,1,H,D,1,G,E,V,1,9,Y,Y,3,0,M,HD,FWG,RS,0,17,,,,,,,1450,0,0,000000000,00000000000,0,0,0,1,0,0,0,0,0,0,0,56,0,0,0,6,6,6,2,42,0,0,0,1,42,17362,3,1,3,0,2,0,72,999,0,0,0,0,0,0,0,0,0,0,0,0,0,0,1,2,55,3,6,2,1,0,0,14,13,1,1,4,1,1,1