STATE,ST_CASE,VEH_NO,VE_FORMS,NUMOCCS,DAY,MONTH,HOUR,MINUTE,HARM_EV,MAN_COLL,UNITTYPE,HIT_RUN,REG_STAT,OWNER,MAKE,MODEL,MAK_MOD,BODY_TYP,MOD_YEAR,VIN,VIN_1,VIN_2,VIN_3,VIN_4,VIN_5,VIN_6,VIN_7,VIN_8,VIN_9,VIN_10,VIN_11,VIN_12,TOW_VEH,VINTYPE,VINMAKE,VINA_MOD,VIN_BT,VINMODYR,VIN_LNGT,VIN_WGT,WGTCD_TR,WHLBS_LG,WHLBS_SH,SER_TR,FUELCODE,MCYCL_DS,J_KNIFE,MCARR_I1,MCARR_I2,MCARR_ID,GVWR,V_CONFIG,CARGO_BT,HAZ_INV,HAZ_PLAC,HAZ_ID,HAZ_CNO,HAZ_REL,BUS_USE,SPEC_USE,EMER_USE,TRAV_SP,UNDERIDE,ROLLOVER,ROLINLOC,IMPACT1,IMPACT2,DEFORMED,TOWED,M_HARM,VEH_SC1,VEH_SC2,FIRE_EXP,DR_PRES,L_STATE,DR_ZIP,L_STATUS,L_TYPE,CDL_STAT,L_ENDORS,L_COMPL,L_RESTRI,DR_HGT,DR_WGT,PREV_ACC,PREV_SUS,PREV_DWI,PREV_SPD,PREV_OTH,FIRST_MO,FIRST_YR,LAST_MO,LAST_YR,SPEEDREL,DR_SF1,DR_SF2,DR_SF3,DR_SF4,VTRAFWAY,VNUM_LAN,VSPD_LIM,VALIGN,VPROFILE,VPAVETYP,VSURCOND,VTRAFCON,VTCONT_F,P_CRASH1,P_CRASH2,P_CRASH3,PCRASH4,PCRASH5,ACC_TYPE,DEATHS,DR_DRINK
42,420232,1,2,1,30,4,9,25,12,8,1,0,42,1,49,40,49040,4,1999,4T1BG22K5XU4,4,T,1,B,G,2,2,K,5,X,U,4,0,P,TOYT,UEX,4D,99,17,2998,,0,1051,,G,,0,0,000000000,00000000000,0,0,0,1,0,0,0,0,0,0,0,999,0,0,0,10,11,6,2,19,0,0,0,1,42,19464,6,1,0,0,3,0,64,999,0,0,0,0,0,0,0,0,0,0,51,0,0,0,1,4,40,1,1,2,1,0,0,1,10,1,1,2,64,1,0
42,420232,2,2,1,30,4,9,25,12,8,1,0,42,1,12,17,12017,4,2005,1FAFP53U45A2,1,F,A,F,P,5,3,U,4,5,A,2,0,P,FORD,TSE,4D,5,17,3306,,0,1085,,G,,0,0,000000000,00000000000,0,0,0,1,0,0,0,0,0,0,0,999,0,0,0,7,7,4,3,12,0,0,0,1,42,19464,6,1,0,0,3,0,65,999,0,0,0,1,0,3,2009,3,2009,0,0,0,0,0,1,4,40,1,1,2,1,0,0,1,62,1,1,1,65,0,0
42,420233,1,1,1,23,4,13,5,42,0,1,0,42,2,12,37,12037,4,2006,1FAFP34NX6W1,1,F,A,F,P,3,4,N,X,6,W,1,0,P,FORD,ZX4,4D,6,17,2676,,0,1029,,G,,0,0,000000000,00000000000,0,0,0,1,0,0,0,0,0,0,0,60,0,0,0,12,12,6,2,42,0,0,0,1,42,16661,6,1,0,0,3,0,67,999,0,0,0,0,0,0,0,0,0,1,51,0,0,0,1,2,45,1,6,2,1,0,0,1,8,1,1,4,6,1,0
42,420234,1,3,1,8,4,5,57,8,0,1,0,42,1,54,35,54035,4,2005,19UUA662X5A0,1,9,U,U,A,6,6,2,X,5,A,0,0,P,ACUR,ATL,4D,5,17,3575,,0,1081,,G,,0,0,000000000,00000000000,0,0,0,1,0,0,0,0,0,0,0,999,0,0,0,12,12,6,2,8,0,0,0,1,42,19403,6,1,6,0,3,0,63,999,0,0,0,0,1,6,2008,6,2008,0,0,0,0,0,3,2,55,1,1,1,1,0,0,1,80,1,1,1,13,0,0
42,420234,2,3,1,8,4,5,57,8,0,1,0,42,3,82,884,82884,66,2005,1FUJA6DE95LN,1,F,U,J,A,6,D,E,9,5,L,N,1,T,FRHT,COL,DS,5,17,,8,0,0,CON,D,,1,57,00252424,5700252424,3,6,1,1,0,0,0,0,0,0,0,999,0,0,0,11,11,6,2,12,0,0,0,1,42,19540,6,1,6,1,3,1,70,999,0,0,0,0,1,1,2009,1,2009,0,0,0,0,0,3,2,55,1,1,1,1,0,0,1,51,8,1,1,98,0,0
42,420234,3,3,1,8,4,5,57,8,0,1,0,42,4,12,17,12017,4,2008,1FAHP27W08G1,1,F,A,H,P,2,7,W,0,8,G,1,0,P,FORD,TSA,4D,8,17,3814,,0,1129,,G,,0,0,000000000,00000000000,0,0,0,1,0,0,0,0,0,0,0,999,0,0,0,6,6,6,2,12,0,0,0,1,42,19606,6,1,0,0,3,0,69,999,0,0,0,0,0,0,0,0,0,0,0,0,0,0,3,2,55,1,1,1,1,0,0,1,53,8,1,1,98,0,0
42,420235,1,1,1,8,4,2,49,30,0,1,0,42,1,7,20,7020,4,2005,1B3ES56C75D2,1,B,3,E,S,5,6,C,7,5,D,2,0,P,DODG,NXT,4D,5,17,2634,,0,1040,,G,,0,0,000000000,00000000000,0,0,0,1,0,0,0,0,0,0,0,999,0,1,5,1,1,6,2,30,0,0,0,1,42,17963,6,1,0,0,3,0,59,999,1,1,0,1,1,5,2008,6,2009,1,0,0,0,0,1,2,55,3,1,2,1,40,3,14,13,3,2,4,2,1,1
42,420236,1,1,1,5,4,22,11,43,0,1,0,42,2,20,20,20020,4,1999,2G1WN52K9X92,2,G,1,W,N,5,2,K,9,X,9,2,0,P,CHEV,L/Z,4D,99,17,3372,,0,1075,,G,,0,0,000000000,00000000000,0,0,0,1,0,0,0,0,0,0,0,90,0,1,5,1,3,6,2,39,0,0,0,1,42,17241,6,2,0,0,3,3,73,999,0,0,0,0,0,0,0,0,0,1,51,0,0,0,1,2,55,1,5,2,1,0,0,1,6,7,1,4,2,1,0
42,420237,1,1,1,26,4,15,26,24,0,1,0,42,1,12,17,12017,4,2000,1FAFP5527YG1,1,F,A,F,P,5,5,2,7,Y,G,1,0,P,FORD,TSS,4D,0,17,3333,,0,1085,,F,,0,0,000000000,00000000000,0,0,0,1,0,0,0,0,0,0,0,999,0,0,0,9,9,6,2,42,0,0,0,1,42,17110,6,1,0,0,3,1,76,999,2,0,0,1,0,12,2009,4,2010,1,8,51,35,36,1,3,35,2,6,2,2,0,0,6,6,1,9,4,7,1,0
42,420238,1,1,1,11,4,22,5,11,0,1,0,42,1,22,16,22016,2,1994,1G2JB14H6R75,1,G,2,J,B,1,4,H,6,R,7,5,0,P,PONT,SLE,CP,94,17,2484,,0,1013,,G,,0,0,000000000,00000000000,0,0,0,1,0,0,0,0,0,0,0,45,0,0,0,12,12,6,2,11,0,0,0,1,42,17061,6,1,0,0,3,0,73,999,0,0,0,0,0,0,0,0,0,0,0,0,0,0,1,2,45,1,1,2,1,0,0,1,87,3,2,1,13,1,0
42,420239,1,1,1,11,4,12,20,38,0,1,0,42,1,76,706,76706,80,2005,JYAVP17E15A0,J,Y,A,V,P,1,7,E,1,5,A,0,0,M,YAMA,X17,RS,5,17,,,,,,,1670,0,0,000000000,00000000000,0,0,0,1,0,0,0,0,0,0,0,40,0,0,0,2,9,6,2,34,0,0,0,1,42,15425,6,1,0,0,3,3,68,999,0,0,0,0,0,0,0,0,0,0,58,52,0,0,1,2,40,3,1,2,1,0,0,14,13,1,1,4,1,1,0
42,420240,1,2,2,2,4,19,10,12,6,1,0,42,1,72,706,72706,80,2009,1HD1GY4149K3,1,H,D,1,G,Y,4,1,4,9,K,3,0,M,HD,FTB,RS,9,17,,,,,,,1584,0,0,000000000,00000000000,0,0,0,1,0,0,0,0,0,0,0,999,0,0,0,1,1,6,2,12,0,0,0,1,42,18436,6,7,0,0,2,2,70,999,0,0,0,0,0,0,0,0,0,0,48,73,0,0,1,2,45,3,5,2,1,0,0,11,15,1,1,1,68,1,1
42,420240,2,2,1,2,4,19,10,12,6,1,0,36,2,7,26,7026,4,2008,1B3LC56K18N6,1,B,3,L,C,5,6,K,1,8,N,6,0,P,DODG,AXT,4D,8,17,3465,,0,1089,,G,,0,0,000000000,00000000000,0,0,0,1,0,0,0,0,0,0,0,999,0,0,0,12,12,6,2,12,0,0,0,1,36,12723,6,1,0,0,3,0,64,999,1,0,0,0,0,9,2008,9,2008,0,0,0,0,0,1,2,45,2,6,2,1,0,0,14,61,1,1,1,69,0,0
42,420241,1,1,1,21,4,15,37,42,0,1,0,42,1,35,402,35402,14,2002,5N1ED28Y12C6,5,N,1,E,D,2,8,Y,1,2,C,6,0,P,NISS,XTR,UT,2,17,3924,,0,1043,,G,,0,0,000000000,00000000000,0,0,0,1,0,0,0,0,0,0,0,65,0,0,0,10,10,6,2,42,0,0,0,1,42,18328,6,1,0,0,3,0,71,999,0,0,0,0,0,0,0,0,0,1,51,58,0,0,1,2,55,3,6,2,1,0,0,14,13,6,2,4,2,1,1
42,420242,1,2,1,19,4,0,6,12,6,1,0,42,2,58,32,58032,4,1996,JNKNG01D0TM4,J,N,K,N,G,0,1,D,0,T,M,4,0,P,INFI,Q45,4D,96,17,3882,,0,1134,,G,,0,0,000000000,00000000000,0,0,0,1,0,0,0,0,0,0,0,999,0,0,0,12,12,6,2,12,0,0,0,1,42,17110,0,0,0,0,0,0,72,999,0,3,0,0,0,3,2010,3,2010,1,39,37,91,0,1,2,25,1,1,2,1,3,3,1,17,1,1,1,86,0,1
42,420242,2,2,2,19,4,0,6,12,6,1,0,42,2,21,21,21021,4,2002,1G3NL52F82C1,1,G,3,N,L,5,2,F,8,2,C,1,0,P,OLDS,A/G,4D,2,17,3016,,0,1070,,G,,0,0,000000000,00000000000,0,0,0,1,0,0,0,0,0,0,0,999,0,0,0,2,2,6,2,12,0,0,0,1,42,17048,6,1,0,0,3,1,67,999,0,0,0,1,0,9,2009,9,2009,0,0,0,0,0,1,2,25,1,4,2,1,3,3,1,66,1,1,1,87,1,0
42,420243,1,2,1,2,4,16,48,12,1,1,0,42,1,53,706,53706,80,1987,JS1GR75A2H21,J,S,1,G,R,7,5,A,2,H,2,1,0,M,SUZI,SX7,RS,87,17,,,,,,,749,0,0,000000000,00000000000,0,0,0,1,0,0,0,0,0,0,0,35,0,0,0,12,12,6,2,12,0,0,0,1,42,17090,6,7,0,0,3,0,68,999,0,0,0,1,1,2,2009,3,2010,1,26,0,0,0,1,2,35,1,1,2,1,0,0,1,52,3,2,1,28,1,0
42,420243,2,2,2,2,4,16,48,12,1,1,0,42,1,2,405,2405,14,2007,1J4GL48K37W5,1,J,4,G,L,4,8,K,3,7,W,5,0,T,JEEP,SPR,4W,7,17,,1,0,1043,LIB,G,,0,0,000000000,00000000000,0,0,0,1,0,0,0,0,0,0,0,4,0,0,0,6,6,2,1,12,0,0,0,1,42,17084,6,1,0,0,3,0,63,999,0,0,0,0,0,0,0,0,0,0,0,0,0,0,1,2,35,1,1,2,1,0,0,2,53,1,1,1,29,0,0
42,420244,1,1,1,21,4,19,22,1,0,1,0,42,2,20,401,20401,14,1994,1GNDT13W8R21,1,G,N,D,T,1,3,W,8,R,2,1,0,P,CHEV,S10,UT,94,17,3811,,0,1070,,G,,0,0,000000000,00000000000,0,0,0,1,0,0,0,0,0,0,0,45,0,1,5,0,13,6,2,30,0,0,0,1,42,18255,6,1,0,0,3,0,67,999,1,0,0,0,0,8,2009,8,2009,0,51,0,0,0,1,2,45,1,1,2,1,0,0,1,12,99,1,4,7,1,1
42,420245,1,2,2,2,4,21,20,12,6,1,0,42,1,12,13,12013,4,1998,1FAFP13P4WW3,1,F,A,F,P,1,3,P,4,W,W,3,0,P,FORD,ESS,4D,98,17,2468,,0,984,,G,,0,0,000000000,00000000000,0,0,0,1,0,0,0,0,0,0,0,10,0,0,0,5,5,6,2,12,0,0,0,1,42,16112,1,1,0,0,2,0,64,999,0,4,0,0,1,10,2009,4,2010,0,38,0,0,0,1,2,25,1,3,2,1,20,3,11,15,1,1,1,76,1,0
42,420245,2,2,2,2,4,21,20,12,6,1,0,42,1,41,441,41441,20,2002,JM3LW28J3203,J,M,3,L,W,2,8,J,3,2,0,3,0,P,MAZD,MWG,SV,2,17,3794,,0,1118,,G,,0,0,000000000,00000000000,0,0,0,1,0,0,0,0,0,0,0,50,0,0,0,11,11,6,2,12,0,0,0,1,42,16156,6,1,6,0,3,3,64,999,2,1,1,0,2,12,2007,4,2009,1,0,0,0,0,1,2,45,2,3,2,1,0,0,14,65,1,1,1,77,0,1
42,420246,1,1,1,24,4,11,38,24,0,1,0,42,1,72,706,72706,80,2008,1HD1FC4448Y6,1,H,D,1,F,C,4,4,4,8,Y,6,0,M,HD,FUA,RS,8,17,,,,,,,1584,0,0,000000000,00000000000,0,0,0,1,0,0,0,0,0,0,0,50,0,0,0,3,3,2,3,24,0,0,0,1,42,17701,6,1,0,0,3,0,72,999,0,0,0,0,0,0,0,0,0,0,58,0,0,0,1,2,55,3,6,2,1,0,0,14,13,6,1,4,1,1,0
42,420247,1,1,1,3,4,11,50,24,0,1,0,42,1,72,706,72706,80,2001,1HD1BXB171Y0,1,H,D,1,B,X,B,1,7,1,Y,0,0,M,HD,ISF,RS,1,17,,,,,,,1450,0,0,000000000,00000000000,0,0,0,1,0,0,0,0,0,0,0,120,0,0,0,12,12,6,2,24,0,0,0,1,42,19152,1,1,0,0,2,0,72,999,0,3,0,0,0,8,2007,1,2010,1,0,0,0,0,2,2,55,2,5,1,1,0,0,14,6,3,2,4,7,1,1
42,420248,1,1,1,24,4,5,20,1,0,1,0,42,3,85,881,85881,63,2005,3BKDXBEX25F0,3,B,K,D,X,B,E,X,2,5,F,0,0,T,KW,T80,TM,5,17,,8,2600,1600,CON,D,,0,57,00792319,5700792319,3,2,2,1,0,0,0,0,0,0,0,50,0,2,1,0,14,6,2,30,0,0,0,1,42,15946,6,1,6,1,3,0,71,999,0,0,0,1,0,12,2009,12,2009,1,52,51,53,0,1,2,35,3,6,2,1,0,0,14,10,7,1,2,98,1,0
42,420249,1,1,1,19,4,0,50,33,0,1,0,42,2,38,401,38401,14,1990,JACCH58R3L79,J,A,C,C,H,5,8,R,3,L,7,9,0,P,ISU,TRO,UT,90,17,0,,0,1043,,G,,0,0,000000000,00000000000,0,0,0,1,0,0,0,0,0,0,0,60,0,1,1,2,2,6,2,1,0,0,0,1,42,17065,6,1,0,0,3,0,69,999,0,0,0,0,0,0,0,0,0,1,0,0,0,0,1,2,25,1,1,2,1,3,3,1,6,3,2,4,2,1,1
42,420250,1,1,1,20,4,6,55,35,0,1,0,42,1,20,401,20401,14,1995,1GNCT18W3SK2,1,G,N,C,T,1,8,W,3,S,K,2,0,P,CHEV,BZR,UT,95,17,3867,,0,1005,,G,,0,0,000000000,00000000000,0,0,0,1,0,0,0,0,0,0,0,70,0,1,6,11,11,6,2,35,0,0,0,1,42,17935,6,1,0,0,3,0,72,999,0,2,0,0,0,6,2007,7,2009,1,51,58,0,0,1,2,45,3,1,2,1,0,0,14,13,6,1,4,6,1,1
42,420251,1,1,2,30,4,14,15,42,0,1,0,42,2,71,706,71706,80,2006,ZDM1UB5VX6B0,Z,D,M,1,U,B,5,V,X,6,B,0,0,U,,,,6,17,,,,,,,,0,0,000000000,00000000000,0,0,0,1,0,0,0,0,0,0,0,999,0,0,0,12,12,6,2,42,0,0,0,1,42,18444,6,1,0,0,3,0,71,999,0,0,0,0,0,0,0,0,0,1,35,0,0,0,1,2,40,1,1,2,1,0,0,6,54,4,2,4,8,2,0
42,420252,1,1,1,26,4,20,44,30,0,1,0,42,2,20,22,20022,2,2007,1G1AL15F4771,1,G,1,A,L,1,5,F,4,7,7,1,0,P,CHEV,BLT,CP,7,17,2991,,0,1033,,G,,0,0,000000000,00000000000,0,0,0,1,0,0,0,0,0,0,0,999,0,1,5,12,12,6,2,30,0,0,0,1,42,18411,6,2,0,0,3,0,65,999,0,0,0,0,0,0,0,0,0,0,52,58,87,0,1,2,45,3,1,2,2,0,0,14,13,1,1,4,1,1,0
42,420253,1,1,1,22,4,14,28,30,0,1,0,42,1,49,51,49051,3,2007,JTDJT9237750,J,T,D,J,T,9,2,3,7,7,5,0,0,P,TOYT,YAR,2H,7,17,2290,,0,969,,G,,0,0,000000000,00000000000,0,0,0,1,0,0,0,0,0,0,0,30,0,0,0,12,12,6,2,30,0,0,0,1,42,18030,6,1,0,0,3,3,64,999,0,0,0,0,0,0,0,0,0,0,99,99,99,99,1,2,35,1,5,2,1,0,0,1,13,1,1,4,1,1,0
42,420254,1,1,1,29,4,21,30,30,0,1,0,42,1,22,24,22024,4,2009,6G2EC57Y99L1,6,G,2,E,C,5,7,Y,9,9,L,1,0,P,PONT,8GT,4D,9,17,3995,,0,1148,,G,,0,0,000000000,00000000000,0,0,0,1,0,0,0,0,0,0,0,999,0,0,0,1,1,6,2,30,0,0,0,1,42,18407,6,1,0,0,3,0,70,999,0,0,0,0,0,0,0,0,0,1,58,0,0,0,1,2,55,3,1,2,1,0,0,14,13,98,1,4,1,1,1
42,420255,1,1,6,16,4,10,20,5,0,1,0,42,2,12,13,12013,6,1997,3FALP15P0VR1,3,F,A,L,P,1,5,P,0,V,R,1,0,P,FORD,LXE,SW,97,17,2571,,0,984,,G,,0,0,000000000,00000000000,0,0,0,1,0,0,0,0,0,0,0,999,0,0,0,0,0,0,3,5,0,0,0,1,42,19104,6,1,0,0,3,1,65,999,0,0,0,0,0,0,0,0,0,0,0,0,0,0,1,2,99,1,1,2,1,20,3,10,16,1,1,1,0,1,0
42,420256,1,1,1,16,4,9,57,46,0,1,0,42,3,49,45,49045,2,2003,JTDAT1238302,J,T,D,A,T,1,2,3,8,3,0,2,0,P,TOYT,ECH,2D,3,17,1994,,0,934,,G,,0,0,000000000,00000000000,0,0,0,1,0,0,0,0,0,0,0,999,0,1,6,12,12,6,2,1,0,0,0,1,42,15003,6,1,0,0,3,0,66,999,0,0,0,0,0,0,0,0,0,1,26,39,0,0,1,4,40,1,6,2,1,3,3,17,52,3,2,4,2,1,0
42,420257,1,1,1,3,4,17,39,34,0,1,0,42,1,37,705,37705,80,2000,JH2PC3502YM1,J,H,2,P,C,3,5,0,2,Y,M,1,0,M,HOND,CF4,RS,0,17,,,,,,,599,0,0,000000000,00000000000,0,0,0,1,0,0,0,0,0,0,0,70,0,0,0,14,14,6,2,42,0,0,0,1,42,18969,6,7,0,0,3,0,73,999,0,0,0,1,0,7,2008,7,2008,1,52,35,51,0,1,2,35,1,6,2,1,0,0,6,6,99,2,4,2,1,0
42,420258,1,1,1,1,4,21,45,8,0,1,0,42,1,2,404,2404,14,2002,1J8GW38N62C2,1,J,8,G,W,3,8,N,6,2,C,2,0,T,JEEP,GSP,4W,2,17,,1,0,1059,GCK,G,,0,0,000000000,00000000000,0,0,0,1,0,0,0,0,0,0,0,999,0,0,0,12,12,2,3,8,0,0,0,1,42,17522,6,1,0,0,3,3,64,999,0,0,0,0,0,0,0,0,0,0,0,0,0,0,6,1,55,1,6,1,1,0,0,1,80,8,1,1,13,0,0
42,420259,1,1,1,7,4,13,56,35,0,1,0,42,2,12,35,12035,4,1999,1FAFP6535XK1,1,F,A,F,P,6,5,3,5,X,K,1,0,P,FORD,LXC,4D,99,17,2774,,0,1065,,G,,0,0,000000000,00000000000,0,0,0,1,0,0,0,0,0,0,0,75,0,1,5,1,0,6,2,1,0,0,0,1,42,19143,6,1,0,0,3,0,66,999,0,0,0,0,0,0,0,0,0,1,58,0,0,0,2,2,65,2,1,2,1,0,0,14,12,3,3,4,2,1,0
42,420260,1,1,1,7,4,22,5,8,0,1,1,99,9,99,499,99499,29,9999,999999999999,9,9,9,9,9,9,9,9,9,9,9,9,0,U,,,,9,17,,,,,,,,0,0,000000000,00000000000,0,0,0,1,0,0,0,0,0,0,0,999,0,0,0,12,12,4,1,8,0,0,0,1,99,99999,9,9,99,0,9,9,999,999,99,99,99,99,99,99,9999,99,9999,0,99,99,99,99,3,2,35,1,1,2,1,0,0,1,80,99,1,1,13,0,0
42,420261,1,1,2,2,4,16,8,31,0,1,0,42,1,20,32,20032,4,1999,1Y1SK5483XZ4,1,Y,1,S,K,5,4,8,3,X,Z,4,0,P,CHEV,P/L,4D,99,17,2403,,0,971,,G,,0,0,000000000,00000000000,0,0,0,1,0,0,0,0,0,0,0,40,0,0,0,1,1,6,2,32,0,0,0,1,42,15857,6,1,0,0,3,1,68,999,0,0,0,0,0,0,0,0,0,0,0,0,0,0,1,2,45,3,1,2,1,0,0,14,13,1,1,4,1,1,0
42,420262,1,1,3,22,4,12,55,5,0,1,0,92,0,98,998,98998,93,9999,000000000000,0,0,0,0,0,0,0,0,0,0,0,0,0,U,,,,,17,,,,,,,,0,88,888888888,88888888888,3,99,98,1,0,0,0,0,0,0,0,3,0,0,0,0,0,0,1,5,39,0,0,1,42,16101,6,1,6,0,1,0,70,999,0,0,0,0,0,0,0,0,0,0,21,0,0,0,1,2,55,1,1,2,1,0,0,1,98,1,1,1,0,1,0
42,420263,1,1,4,13,4,19,51,1,0,1,0,42,2,12,401,12401,14,2002,1FMYU70E42UB,1,F,M,Y,U,7,0,E,4,2,U,B,0,P,FORD,EPR,UT,2,17,4060,,0,1018,,G,,0,0,000000000,00000000000,0,0,0,1,0,0,0,0,0,0,0,999,0,2,1,0,13,6,2,1,0,0,0,1,42,16201,6,2,0,0,3,0,68,999,0,0,0,0,0,0,0,0,0,0,51,0,0,0,1,2,35,3,5,2,1,0,0,14,13,6,1,2,98,1,1
42,420264,1,2,1,8,4,0,30,8,0,1,0,42,1,2,405,2405,14,2007,1J4GL48K47W7,1,J,4,G,L,4,8,K,4,7,W,7,0,T,JEEP,SPR,4W,7,17,,1,0,1043,LIB,G,,0,0,000000000,00000000000,0,0,0,1,0,0,0,0,0,0,0,60,0,0,0,12,12,2,3,8,0,0,0,1,42,15748,6,1,0,0,3,0,64,999,0,0,0,0,0,0,0,0,0,0,0,0,0,0,2,2,55,1,1,2,1,0,0,1,80,2,1,1,13,0,0
42,420264,2,2,1,8,4,0,30,8,0,1,0,42,1,37,31,37031,2,1997,1HGEJ6125VL1,1,H,G,E,J,6,1,2,5,V,L,1,0,P,HOND,UCD,CP,97,17,2271,,0,1032,,G,,0,0,000000000,00000000000,0,0,0,1,0,0,0,0,0,0,0,55,0,0,0,14,14,0,3,8,0,0,0,1,42,15701,6,1,0,0,3,0,67,999,0,0,0,0,0,0,0,0,0,0,0,0,0,0,2,2,55,1,1,2,1,0,0,15,80,1,1,1,98,0,0
42,420265,1,1,1,11,4,1,10,30,0,1,0,42,1,2,404,2404,14,1999,1J4FF68S6XL5,1,J,4,F,F,6,8,S,6,X,L,5,0,T,JEEP,SPC,4W,99,17,,1,0,1014,CHK,G,,0,0,000000000,00000000000,0,0,0,1,0,0,0,0,0,0,0,55,0,0,0,12,13,6,2,42,0,0,0,1,42,18826,6,1,0,0,3,0,66,999,0,0,0,0,0,0,0,0,0,1,0,0,0,0,1,2,40,3,4,2,1,0,0,14,13,1,1,4,1,1,1
42,420266,1,1,1,4,4,7,49,8,0,1,0,42,2,48,401,48401,14,2006,JF1SG656X6H7,J,F,1,S,G,6,5,6,X,6,H,7,0,P,SUBA,FOR,UT,6,17,3165,,0,994,,G,,0,0,000000000,00000000000,0,0,0,1,0,0,0,0,0,0,0,999,0,0,0,12,12,2,1,8,0,0,0,1,42,15342,6,1,0,0,3,0,67,999,0,0,0,0,0,0,0,0,0,0,0,0,0,0,1,2,25,1,6,2,1,0,0,1,80,99,9,9,13,0,0
42,420267,1,1,1,6,4,13,24,8,0,1,0,42,1,49,51,49051,4,2007,JTDBT9236710,J,T,D,B,T,9,2,3,6,7,1,0,0,P,TOYT,YAR,4D,7,17,2288,,0,969,,G,,0,0,000000000,00000000000,0,0,0,1,0,0,0,0,0,0,0,25,0,0,0,10,10,4,3,8,0,0,0,1,42,19606,6,1,0,0,3,3,65,999,0,0,0,0,0,0,0,0,0,0,0,0,0,0,1,2,35,1,1,2,1,1,3,1,80,1,1,1,13,0,0
42,420268,1,1,1,2,4,18,21,8,0,1,0,42,1,38,402,38402,14,2002,4S2DM58W7243,4,S,2,D,M,5,8,W,7,2,4,3,0,P,ISU,ROD,UT,2,17,0,,0,1064,,G,,0,0,000000000,00000000000,0,0,0,1,0,0,0,0,0,0,0,999,0,0,0,1,1,0,1,8,0,0,0,1,42,19143,6,1,0,0,3,1,67,999,0,0,0,0,0,0,0,0,0,0,0,0,0,0,4,1,99,1,1,2,1,0,0,1,80,99,1,1,13,0,0
42,420269,1,1,1,3,4,1,20,8,0,1,1,99,9,7,399,7399,9,9999,999999999999,9,9,9,9,9,9,9,9,9,9,9,9,0,U,,,,9,17,,,,,,,,0,0,000000000,00000000000,0,0,0,1,0,0,0,0,0,0,0,999,0,0,0,2,2,4,1,8,0,0,0,1,99,99999,9,9,99,0,9,9,999,999,99,99,99,99,99,99,9999,99,9999,0,0,0,0,0,1,2,30,1,1,2,1,0,0,1,80,1,1,1,13,0,1
42,420270,1,1,1,1,4,8,11,8,0,1,0,42,1,14,402,14402,14,2010,4M2CN8B75AKJ,4,M,2,C,N,8,B,7,5,A,K,J,0,P,MERC,MRN,UT,10,17,3384,,0,1031,,G,,0,0,000000000,00000000000,0,0,0,1,0,0,0,0,0,0,0,25,0,0,0,1,1,4,1,8,0,0,0,1,42,19149,6,1,0,0,3,0,67,999,0,0,0,0,0,0,0,0,0,0,0,0,0,0,1,4,25,1,1,2,1,0,0,1,80,6,1,1,13,0,0
42,420271,1,1,1,29,4,21,30,8,0,1,0,42,1,7,461,7461,21,1997,2B4HB25Y3VK5,2,B,4,H,B,2,5,Y,3,V,K,5,0,T,DODG,25W,MP,97,17,,2,0,1272,RMW,G,,0,0,000000000,00000000000,0,0,0,1,0,0,0,0,0,0,0,30,0,0,0,1,1,4,1,8,0,0,0,1,42,19082,6,1,0,0,3,3,67,999,0,0,0,0,0,0,0,0,0,1,0,0,0,0,4,3,25,1,1,2,1,2,3,1,80,9,1,1,13,0,0
42,420272,1,2,1,16,4,8,34,12,2,1,0,42,1,35,43,35043,4,1994,1N4EB31F9RC8,1,N,4,E,B,3,1,F,9,R,C,8,0,P,NISS,SEL,4D,94,17,2346,,0,957,,G,,0,0,000000000,00000000000,0,0,0,1,0,0,0,0,0,0,0,35,0,0,0,12,12,6,2,12,0,0,0,1,42,17801,6,1,0,0,3,0,60,999,0,0,0,1,1,10,2007,2,2010,0,51,0,0,0,1,2,35,1,1,2,1,0,0,1,10,1,1,1,50,1,0
42,420272,2,2,2,16,4,8,34,12,2,1,0,42,1,13,15,13015,4,2009,1LNHM93R39G6,1,L,N,H,M,9,3,R,3,9,G,6,0,P,LINC,MKS,4D,9,17,4151,,0,1129,,G,,0,0,000000000,00000000000,0,0,0,1,0,0,0,0,0,0,0,35,0,0,0,12,12,6,2,12,0,0,0,1,42,17801,6,1,0,0,3,0,59,999,0,0,0,0,0,0,0,0,0,0,0,0,0,0,1,2,35,1,1,2,1,0,0,1,62,6,1,1,51,0,0
42,420273,1,1,1,16,4,23,9,8,0,1,0,42,1,20,37,20037,4,2004,1G1ZU54834F1,1,G,1,Z,U,5,4,8,3,4,F,1,0,P,CHEV,MLT,4D,4,17,3315,,0,1063,,G,,0,0,000000000,00000000000,0,0,0,1,0,0,0,0,0,0,0,999,0,0,0,12,12,2,3,8,0,0,0,1,42,18102,6,1,0,0,3,3,63,999,0,0,0,0,0,0,0,0,0,0,0,0,0,0,1,4,40,1,1,2,2,0,0,1,80,2,1,1,13,0,0