STATE,ST_CASE,VEH_NO,VE_FORMS,NUMOCCS,DAY,MONTH,HOUR,MINUTE,HARM_EV,MAN_COLL,UNITTYPE,HIT_RUN,REG_STAT,OWNER,MAKE,MODEL,MAK_MOD,BODY_TYP,MOD_YEAR,VIN,VIN_1,VIN_2,VIN_3,VIN_4,VIN_5,VIN_6,VIN_7,VIN_8,VIN_9,VIN_10,VIN_11,VIN_12,TOW_VEH,VINTYPE,VINMAKE,VINA_MOD,VIN_BT,VINMODYR,VIN_LNGT,VIN_WGT,WGTCD_TR,WHLBS_LG,WHLBS_SH,SER_TR,FUELCODE,MCYCL_DS,J_KNIFE,MCARR_I1,MCARR_I2,MCARR_ID,GVWR,V_CONFIG,CARGO_BT,HAZ_INV,HAZ_PLAC,HAZ_ID,HAZ_CNO,HAZ_REL,BUS_USE,SPEC_USE,EMER_USE,TRAV_SP,UNDERIDE,ROLLOVER,ROLINLOC,IMPACT1,IMPACT2,DEFORMED,TOWED,M_HARM,VEH_SC1,VEH_SC2,FIRE_EXP,DR_PRES,L_STATE,DR_ZIP,L_STATUS,L_TYPE,CDL_STAT,L_ENDORS,L_COMPL,L_RESTRI,DR_HGT,DR_WGT,PREV_ACC,PREV_SUS,PREV_DWI,PREV_SPD,PREV_OTH,FIRST_MO,FIRST_YR,LAST_MO,LAST_YR,SPEEDREL,DR_SF1,DR_SF2,DR_SF3,DR_SF4,VTRAFWAY,VNUM_LAN,VSPD_LIM,VALIGN,VPROFILE,VPAVETYP,VSURCOND,VTRAFCON,VTCONT_F,P_CRASH1,P_CRASH2,P_CRASH3,PCRASH4,PCRASH5,ACC_TYPE,DEATHS,DR_DRINK
42,420350,1,1,1,29,5,2,40,24,0,1,0,42,2,37,32,37032,4,2000,1HGCG165XYA0,1,H,G,C,G,1,6,5,X,Y,A,0,0,P,HOND,UEX,4D,0,17,3285,,0,1069,,G,,0,0,000000000,00000000000,0,0,0,1,0,0,0,0,0,0,0,999,0,0,0,12,12,6,2,35,0,0,0,1,42,19406,1,1,0,0,2,3,69,999,0,3,1,0,1,10,2007,11,2008,1,27,0,0,0,3,3,65,3,1,2,1,0,0,15,13,1,1,4,1,1,1
42,420351,1,1,1,28,5,0,15,24,0,1,0,42,1,37,421,37421,15,2003,2HKYF18403H5,2,H,K,Y,F,1,8,4,0,3,H,5,0,P,HOND,PIL,UT,3,17,4439,,0,1063,,G,,0,0,000000000,00000000000,0,0,0,1,0,0,0,0,0,0,0,999,0,1,1,10,0,6,2,1,0,0,0,1,42,19061,6,1,0,0,3,0,69,999,0,0,0,0,0,0,0,0,0,1,0,0,0,0,6,1,30,2,1,2,2,0,0,14,12,1,1,4,6,1,1
42,420352,1,1,2,5,5,11,58,42,0,1,0,42,1,30,42,30042,3,1989,1VWDC017XKV0,1,V,W,D,C,0,1,7,X,K,V,0,0,P,VOLK,GT6,2H,89,17,2180,,0,973,,G,,0,0,000000000,00000000000,0,0,0,1,0,0,0,0,0,0,0,999,0,0,0,1,1,6,2,42,0,0,0,1,42,19047,6,1,0,0,3,0,64,999,1,3,0,0,2,2,2008,1,2010,0,0,0,0,0,2,2,35,1,1,2,1,0,0,1,12,1,1,4,6,1,0
42,420353,1,1,3,7,5,22,27,8,0,1,0,42,2,7,20,7020,2,1998,1B3ES42Y7WD6,1,B,3,E,S,4,2,Y,7,W,D,6,0,P,DODG,HSR,2P,98,17,2469,,0,1040,,G,,0,0,000000000,00000000000,0,0,0,1,0,0,0,0,0,0,0,999,0,0,0,1,1,4,3,8,0,0,0,1,42,18036,6,2,0,0,3,1,59,999,0,0,0,0,0,0,0,0,0,0,99,99,99,99,5,4,55,1,6,2,1,0,0,1,80,2,1,1,13,0,0
42,420354,1,5,1,10,5,6,29,12,1,1,0,42,3,98,809,98809,66,2000,2FWYHSEB2YAH,2,F,W,Y,H,S,E,B,2,Y,A,H,1,T,STRG,AT9,DS,0,17,,8,0,0,STE,D,,3,57,00468855,5700468855,3,6,1,1,0,0,0,0,0,0,0,65,0,1,1,12,9,6,2,12,0,0,0,1,42,19032,6,1,6,0,3,0,71,999,0,0,0,0,2,4,2009,10,2009,1,26,0,0,0,1,2,55,2,6,2,1,40,3,14,51,4,2,1,24,1,0
42,420354,2,5,1,10,5,6,29,12,1,1,0,42,2,22,18,22018,4,1997,1G2NE52M6VC7,1,G,2,N,E,5,2,M,6,V,C,7,0,P,PONT,GAS,4D,97,17,2752,,0,1034,,G,,0,0,000000000,00000000000,0,0,0,1,0,0,0,0,0,0,0,40,0,0,0,6,1,6,2,12,0,0,0,1,42,15905,6,1,0,0,3,0,68,999,0,0,0,1,0,5,2009,5,2009,0,0,0,0,0,1,2,55,2,6,2,1,40,3,14,53,1,1,1,25,0,0
42,420354,3,5,1,10,5,6,29,12,1,1,0,18,3,84,881,84881,66,2006,2HSCNSBR56C2,2,H,S,C,N,S,B,R,5,6,C,2,1,T,INTL,94I,DS,6,17,,8,0,0,940,D,,1,57,00117394,5700117394,3,6,2,2,2,8888,3,1,0,0,0,30,0,1,6,1,9,6,2,12,0,0,0,1,54,26719,6,1,6,1,3,3,70,220,0,0,0,0,0,0,0,0,0,0,0,0,0,0,1,2,55,3,5,2,1,0,0,14,62,1,1,1,98,1,0
42,420354,4,5,1,10,5,6,29,12,1,1,0,42,2,20,16,20016,2,2005,1G1JH12F2571,1,G,1,J,H,1,2,F,2,5,7,1,0,P,CHEV,CLP,CP,5,17,2749,,0,1041,,G,,0,0,000000000,00000000000,0,0,0,1,0,0,0,0,0,0,0,35,0,0,0,12,12,6,2,12,0,0,0,1,42,16667,6,1,0,0,3,0,65,999,0,0,0,0,0,0,0,0,0,0,0,0,0,0,1,2,55,3,5,2,1,0,0,14,62,1,1,1,98,0,0
42,420354,5,5,2,10,5,6,29,12,1,1,0,42,1,53,402,53402,14,2003,2S3TD52V3361,2,S,3,T,D,5,2,V,3,3,6,1,0,P,SUZI,VIT,UT,3,17,2871,,0,976,,G,,0,0,000000000,00000000000,0,0,0,1,0,0,0,0,0,0,0,35,0,0,0,11,11,6,2,12,0,0,0,1,42,16655,6,1,6,0,3,0,68,999,0,0,0,0,0,0,0,0,0,0,0,0,0,0,1,2,55,3,5,2,1,0,0,14,62,1,1,1,98,0,0
42,420355,1,1,1,5,5,21,20,44,0,1,0,42,5,2,407,2407,14,2009,1J4FT48B49D2,1,J,4,F,T,4,8,B,4,9,D,2,0,T,JEEP,PTL,4W,9,17,,1,0,1037,PRT,G,,0,0,000000000,00000000000,0,0,0,1,0,0,0,0,0,0,0,9,0,1,1,0,2,6,2,1,0,0,0,1,42,19320,0,0,0,0,0,0,999,999,0,0,0,0,0,0,0,0,0,1,37,82,32,52,4,1,0,1,1,2,1,20,3,1,5,1,1,4,0,1,0
42,420356,1,7,1,20,5,17,17,12,7,1,0,36,1,2,405,2405,14,2003,1J4GL48K23W7,1,J,4,G,L,4,8,K,2,3,W,7,0,T,JEEP,LSF,4W,3,17,,1,0,1043,LIB,G,,0,0,000000000,00000000000,0,0,0,1,0,0,0,0,0,0,0,999,0,0,0,9,1,6,2,12,0,0,0,1,36,10538,6,1,0,0,3,0,70,999,0,0,0,0,0,0,0,0,0,0,39,0,0,0,1,2,25,1,1,2,1,20,3,10,16,7,1,1,78,1,0
42,420356,2,7,1,20,5,17,17,12,7,1,0,42,1,48,401,48401,14,2002,JF1SF63582H7,J,F,1,S,F,6,3,5,8,2,H,7,0,P,SUBA,FOR,UT,2,17,3140,,0,994,,G,,0,0,000000000,00000000000,0,0,0,1,0,0,0,0,0,0,0,45,0,0,0,3,3,4,3,12,0,0,0,1,42,18940,6,1,0,0,3,0,71,999,0,0,0,0,0,0,0,0,0,0,0,0,0,0,5,4,45,1,1,2,1,0,0,1,65,1,1,1,79,0,0
42,420356,3,7,1,20,5,17,17,12,7,1,0,42,2,20,22,20022,4,2007,1G1AK55F5773,1,G,1,A,K,5,5,F,5,7,7,3,0,P,CHEV,BLS,4D,7,17,3216,,0,1033,,G,,0,0,000000000,00000000000,0,0,0,1,0,0,0,0,0,0,0,10,0,0,0,5,5,2,1,12,0,0,0,1,42,18976,6,2,0,0,3,0,62,999,0,0,0,0,0,0,0,0,0,0,0,0,0,0,5,4,45,1,1,2,1,0,0,2,65,1,1,1,98,0,0
42,420356,4,7,1,20,5,17,17,12,7,1,0,34,1,42,48,42048,4,2010,WDDHF8HB3AA0,W,D,D,H,F,8,H,B,3,A,A,0,0,P,MERZ,ESM,4D,10,17,4068,,0,1131,,G,,0,0,000000000,00000000000,0,0,0,1,0,0,0,0,0,0,0,0,0,0,0,2,2,2,1,12,0,0,0,1,34,7960,6,1,0,0,3,0,73,999,1,0,0,0,1,5,2007,8,2008,0,0,0,0,0,5,4,45,1,1,2,1,0,0,5,53,1,1,1,98,0,0
42,420356,5,7,1,20,5,17,17,12,7,1,0,42,1,12,17,12017,4,1999,1FAFP53U0XA2,1,F,A,F,P,5,3,U,0,X,A,2,0,P,FORD,TSE,4D,99,17,3353,,0,1085,,G,,0,0,000000000,00000000000,0,0,0,1,0,0,0,0,0,0,0,0,0,0,0,5,5,6,2,12,0,0,0,1,42,18901,6,1,0,0,3,0,69,999,0,0,0,0,0,0,0,0,0,0,0,0,0,0,5,4,45,1,1,2,1,0,0,5,53,1,1,1,98,0,0
42,420356,6,7,1,20,5,17,17,12,7,1,0,42,1,14,20,14020,4,2005,1MEFM43175G6,1,M,E,F,M,4,3,1,7,5,G,6,0,P,MERC,PR4,4D,5,17,3818,,0,1129,,G,,0,0,000000000,00000000000,0,0,0,1,0,0,0,0,0,0,0,0,0,0,0,6,6,2,1,12,0,0,0,1,42,18930,6,1,0,0,3,0,63,999,0,0,0,0,0,0,0,0,0,0,0,0,0,0,5,4,45,1,1,2,1,0,0,5,50,1,1,1,98,0,0
42,420356,7,7,1,20,5,17,17,12,7,1,0,42,2,52,37,52037,1,2002,4A3AE45G12E0,4,A,3,A,E,4,5,G,1,2,E,0,0,P,MITS,SGS,CV,2,17,3042,,0,1008,,G,,0,0,000000000,00000000000,0,0,0,1,0,0,0,0,0,0,0,0,0,0,0,6,6,2,1,12,0,0,0,1,42,19046,6,1,0,0,3,3,66,999,0,0,0,0,0,0,0,0,0,0,0,0,0,0,5,4,45,1,1,2,1,0,0,5,50,1,1,1,98,0,0
42,420357,1,1,2,7,5,12,45,33,0,1,0,42,1,55,33,55033,4,2009,5NPEU46F19H4,5,N,P,E,U,4,6,F,1,9,H,4,0,P,HYUN,SLI,4D,9,17,3494,,0,1074,,G,,0,0,000000000,00000000000,0,0,0,1,0,0,0,0,0,0,0,30,0,0,0,14,11,6,2,30,0,0,0,1,42,18707,6,1,0,0,3,3,70,999,0,0,0,0,0,0,0,0,0,1,99,99,99,99,1,2,25,3,5,2,1,0,0,14,13,1,1,4,1,1,0
42,420358,1,1,1,1,5,22,57,8,0,1,1,99,9,99,399,99399,9,9999,999999999999,9,9,9,9,9,9,9,9,9,9,9,9,0,U,,,,9,17,,,,,,,,0,0,000000000,00000000000,0,0,0,1,0,0,0,0,0,0,0,999,0,0,0,12,12,9,1,8,0,0,0,1,99,99999,9,9,99,0,9,9,999,999,99,99,99,99,99,99,9999,99,9999,9,99,99,99,99,1,2,30,1,1,2,1,0,0,1,80,1,1,1,13,0,0
42,420359,1,1,4,23,5,15,56,8,0,1,0,42,4,14,21,14021,4,2010,3MEHM0JG1AR6,3,M,E,H,M,0,J,G,1,A,R,6,0,P,MERC,MPR,4D,10,17,3303,,0,1074,,F,,0,0,000000000,00000000000,0,0,0,1,0,0,0,0,0,0,0,999,0,0,0,12,12,2,3,8,0,0,0,1,42,15210,6,1,0,0,3,1,65,999,0,0,0,0,0,0,0,0,0,0,0,0,0,0,1,2,25,1,6,2,1,0,0,1,80,6,1,1,13,0,0
42,420360,1,5,1,1,5,18,16,12,6,1,0,42,1,22,18,22018,4,2003,1G2NF52F53C1,1,G,2,N,F,5,2,F,5,3,C,1,0,P,PONT,SE1,4D,3,17,3116,,0,1070,,G,,0,0,000000000,00000000000,0,0,0,1,0,0,0,0,0,0,0,999,0,0,0,10,10,6,2,12,0,0,0,1,42,15905,6,1,0,0,3,3,77,999,0,0,0,0,0,0,0,0,0,0,30,38,0,0,1,2,35,1,1,2,1,0,0,11,98,1,1,1,82,0,0
42,420360,2,5,1,1,5,18,16,12,6,1,0,42,1,72,706,72706,80,2000,1HD1BTY19YY0,1,H,D,1,B,T,Y,1,9,Y,Y,0,0,M,HD,XTB,RS,0,17,,,,,,,1450,0,0,000000000,00000000000,0,0,0,1,0,0,0,0,0,0,0,999,0,0,0,12,12,6,2,12,0,0,0,1,42,15522,6,1,0,0,2,0,70,999,0,0,0,0,0,0,0,0,0,0,0,0,0,0,1,2,35,1,1,2,1,0,0,1,72,4,2,1,83,1,1
42,420360,3,5,1,1,5,18,16,12,6,1,0,42,1,72,706,72706,80,1996,1HD1CAP15TY2,1,H,D,1,C,A,P,1,5,T,Y,2,0,M,HD,L12,RS,96,17,,,,,,,1200,0,0,000000000,00000000000,0,0,0,1,0,0,0,0,0,0,0,999,0,0,0,12,12,4,3,12,0,0,0,1,42,15963,6,1,0,0,2,0,71,999,0,0,0,0,0,0,0,0,0,0,0,0,0,0,1,2,35,1,1,2,1,0,0,1,72,4,2,1,98,0,0
42,420360,4,5,2,1,5,18,16,12,6,1,0,42,1,72,706,72706,80,1976,2A43312H6,2,A,4,3,3,1,2,H,6,,,,0,P,,,,,,,,,,,,,0,0,000000000,00000000000,0,0,0,1,0,0,0,0,0,0,0,999,0,0,0,11,11,4,3,12,0,0,0,1,42,15522,6,1,0,0,3,0,70,999,0,0,0,0,0,0,0,0,0,0,0,0,0,0,1,2,35,1,1,2,1,0,0,1,72,99,1,1,98,0,1
42,420360,5,5,3,1,5,18,16,12,6,1,0,42,1,21,23,21023,4,1998,1G3WS52K1WF3,1,G,3,W,S,5,2,K,1,W,F,3,0,P,OLDS,IGL,4D,98,17,3455,,0,1090,,G,,0,0,000000000,00000000000,0,0,0,1,0,0,0,0,0,0,0,999,0,0,0,14,14,2,3,54,0,0,0,1,42,15905,6,1,0,0,3,0,76,999,0,0,0,0,0,0,0,0,0,0,0,0,0,0,1,2,35,1,1,2,1,0,0,1,98,8,2,1,98,0,0
42,420361,1,1,1,11,5,3,10,30,0,1,0,42,2,7,472,7472,30,2000,1B7GL2AN1YS6,1,B,7,G,L,2,A,N,1,Y,S,6,0,T,DODG,QAD,4C,0,17,,1,0,1309,DAK,G,,0,0,000000000,00000000000,0,0,0,1,0,0,0,0,0,0,0,999,0,0,0,12,12,4,1,30,0,0,0,1,42,19015,6,1,0,0,3,3,67,999,1,0,0,0,0,11,2008,11,2008,0,99,99,99,99,1,2,99,1,1,2,1,0,0,1,13,1,1,4,1,1,0
42,420362,1,1,1,25,5,13,43,1,0,1,0,42,1,72,706,72706,80,2000,1HD4CAM15YK1,1,H,D,4,C,A,M,1,5,Y,K,1,0,M,HD,X88,RS,0,17,,,,,,,883,0,0,000000000,00000000000,0,0,0,1,0,0,0,0,0,0,0,10,0,0,0,0,0,2,3,1,0,0,0,1,42,19380,1,1,1,0,2,0,74,999,0,6,0,0,2,10,2008,5,2010,0,52,30,0,0,6,1,35,2,6,1,1,0,0,98,98,1,1,1,98,1,1
42,420363,1,1,1,18,5,18,25,43,0,1,0,42,2,22,16,22016,2,2000,1G2JB124XY71,1,G,2,J,B,1,2,4,X,Y,7,1,0,P,PONT,SFS,CP,0,17,2606,,0,1041,,G,,0,0,000000000,00000000000,0,0,0,1,0,0,0,0,0,0,0,999,0,1,6,9,10,6,2,42,0,0,0,1,42,16625,6,2,0,0,3,0,65,999,1,0,0,0,0,11,2009,11,2009,1,52,0,0,0,1,2,55,1,1,2,1,0,0,1,10,1,1,4,6,1,0
42,420364,1,1,1,27,5,7,11,9,0,1,0,42,2,12,471,12471,30,1994,1FTCR10A7RUA,1,F,T,C,R,1,0,A,7,R,U,A,0,T,FORD,RNG,PK,94,17,,1,1140,1080,RNG,G,,0,0,000000000,00000000000,0,0,0,1,0,0,0,0,0,0,0,40,0,0,0,1,1,4,3,9,0,0,0,1,42,15238,6,2,0,0,3,3,68,999,0,0,0,0,0,0,0,0,0,0,52,28,0,0,1,2,40,3,5,2,1,0,0,14,13,1,1,4,13,0,0
42,420365,1,1,4,12,4,16,8,35,0,1,0,42,2,24,1,24001,4,2001,1G8ZF528X1Z2,1,G,8,Z,F,5,2,8,X,1,Z,2,0,P,STRN,SSL,4D,1,17,2332,,0,1024,,G,,0,0,000000000,00000000000,0,0,0,1,0,0,0,0,0,0,0,41,0,0,0,1,1,4,1,5,0,0,0,1,42,17061,0,0,0,0,0,0,72,999,0,0,0,0,0,0,0,0,0,1,58,36,0,0,1,2,55,3,6,2,1,0,0,14,6,1,1,4,1,1,0
42,420366,1,1,1,8,5,2,29,30,0,1,0,42,1,34,34,34034,2,2004,WBABD53464PD,W,B,A,B,D,5,3,4,6,4,P,D,0,P,BMW,30C,CP,4,17,3285,,0,1073,,G,,0,0,000000000,00000000000,0,0,0,1,0,0,0,0,0,0,0,999,0,1,6,99,99,6,2,42,0,0,0,1,42,17543,6,1,0,0,3,0,71,999,0,0,0,0,0,0,0,0,0,1,58,0,0,0,1,2,35,3,3,2,1,0,0,14,13,1,1,4,1,1,1
42,420367,1,1,5,9,5,21,48,33,0,1,0,42,2,21,20,21020,4,1997,1G3WH52M2VF3,1,G,3,W,H,5,2,M,2,V,F,3,0,P,OLDS,SUL,4D,97,17,3388,,0,1075,,G,,0,0,000000000,00000000000,0,0,0,1,0,0,0,0,0,0,0,85,0,0,0,14,3,6,2,30,0,0,0,1,42,19013,6,1,0,0,3,0,62,999,0,0,0,0,0,0,0,0,0,1,0,0,0,0,1,4,35,2,1,1,1,0,0,14,6,4,9,4,2,1,1
42,420368,1,1,1,4,5,18,53,8,0,1,0,42,1,7,402,7402,14,2001,1B4HS28NX1F6,1,B,4,H,S,2,8,N,X,1,F,6,0,P,DODG,DUR,UT,1,17,4512,,0,1159,,G,,0,0,000000000,00000000000,0,0,0,1,0,0,0,0,0,0,0,65,0,0,0,11,11,4,3,8,0,0,0,1,42,18618,6,1,0,0,3,3,73,999,0,0,0,0,0,0,0,0,0,1,0,0,0,0,3,2,55,3,6,2,1,0,0,14,80,8,1,1,13,0,0
42,420369,1,1,3,13,5,20,10,44,0,1,0,36,2,7,482,7482,31,2001,1B7HF16Z51S1,1,B,7,H,F,1,6,Z,5,1,S,1,1,T,DODG,150,PK,1,17,,2,1347,1187,RPC,G,,1,0,000000000,00000000000,0,0,0,1,0,0,0,0,0,0,0,35,0,0,0,0,98,4,3,8,0,0,0,1,42,15216,6,1,0,0,3,0,68,999,0,0,0,0,0,0,0,0,0,0,22,24,52,0,1,4,35,3,4,2,1,0,0,14,4,99,1,1,0,0,0
42,420370,1,1,1,14,5,7,43,42,0,1,0,42,1,7,20,7020,4,2000,1B3ES46C9YD8,1,B,3,E,S,4,6,C,9,Y,D,8,0,P,DODG,NSE,4D,0,17,2515,,0,1050,,G,,0,0,000000000,00000000000,0,0,0,1,0,0,0,0,0,0,0,999,0,0,0,12,12,6,2,42,0,0,0,1,42,19320,6,1,0,0,3,3,68,999,0,0,0,0,0,0,0,0,0,0,51,0,0,0,1,2,45,1,1,2,1,0,0,1,12,1,1,4,6,1,0
42,420371,1,1,1,23,5,0,52,8,0,1,0,42,2,37,31,37031,2,2001,1HGEM21571L0,1,H,G,E,M,2,1,5,7,1,L,0,0,P,HOND,UCL,CP,1,17,2465,,0,1031,,G,,0,0,000000000,00000000000,0,0,0,1,0,0,0,0,0,0,0,45,0,0,0,12,12,6,2,8,0,0,0,1,42,18327,6,1,0,0,3,0,72,999,0,0,0,0,0,0,0,0,0,0,0,0,0,0,1,3,45,1,6,2,1,0,0,1,80,2,1,1,13,0,0
42,420372,1,1,1,7,5,6,1,34,0,1,0,42,1,50,705,50705,80,2009,SMTD00NSX9J3,S,M,T,D,0,0,N,S,X,9,J,3,0,M,TRIU,DA5,RC,9,17,,,,,,,675,0,0,000000000,00000000000,0,0,0,1,0,0,0,0,0,0,0,75,0,0,0,12,12,6,2,39,0,0,1,1,42,19512,6,7,0,0,3,0,71,999,0,0,0,0,0,0,0,0,0,1,35,36,0,0,1,2,35,1,1,2,1,0,0,6,6,1,1,4,1,1,0
42,420373,1,1,1,26,5,16,14,38,0,1,0,42,1,18,2,18002,4,2002,1G4HP54K1241,1,G,4,H,P,5,4,K,1,2,4,1,0,P,BUIC,LCF,4D,2,17,3567,,0,1122,,G,,0,0,000000000,00000000000,0,0,0,1,0,0,0,0,0,0,0,55,0,0,0,12,12,6,2,34,0,0,0,1,42,17921,6,1,0,0,3,1,67,999,0,0,0,0,0,0,0,0,0,0,51,0,0,0,1,2,55,1,1,2,1,0,0,1,12,1,1,4,6,1,0
42,420374,1,1,1,15,5,5,33,35,0,1,0,42,1,37,32,37032,2,1993,1HGCB7289PA0,1,H,G,C,B,7,2,8,9,P,A,0,0,P,HOND,ASE,CP,93,17,3014,,0,1071,,G,,0,0,000000000,00000000000,0,0,0,1,0,0,0,0,0,0,0,75,0,1,6,1,9,6,2,42,0,0,1,1,42,18466,6,1,0,0,3,0,74,999,0,0,0,0,0,0,0,0,0,1,35,0,0,0,2,2,65,1,1,1,1,0,0,6,51,9,3,4,2,1,1
42,420375,1,3,1,11,5,9,58,12,6,1,0,42,1,7,20,7020,4,2000,1B3ES46C2YD8,1,B,3,E,S,4,6,C,2,Y,D,8,0,P,DODG,NSE,4D,0,17,2515,,0,1050,,G,,0,0,000000000,00000000000,0,0,0,1,0,0,0,0,0,0,0,999,0,0,0,3,3,6,2,12,0,0,0,1,42,18201,6,1,0,0,3,1,67,999,2,0,0,0,1,2,2008,11,2009,0,38,0,0,0,1,2,35,1,1,2,1,20,3,1,17,1,1,1,87,1,0
42,420375,2,3,1,11,5,9,58,12,6,1,0,42,3,84,884,84884,66,2005,1HSHXAHR45J1,1,H,S,H,X,A,H,R,4,5,J,1,1,T,INTL,860,DS,5,17,,8,0,0,80S,D,,1,57,00582323,5700582323,3,6,1,1,0,0,0,0,0,0,0,30,0,0,0,12,12,2,3,12,0,0,0,1,42,17815,6,1,6,0,3,1,75,999,0,0,0,0,1,6,2008,6,2008,0,0,0,0,0,1,3,25,1,5,2,1,0,0,1,66,3,2,1,86,0,0
42,420375,3,3,1,11,5,9,58,12,6,1,0,42,1,20,402,20402,14,2003,2CNBJ13C9369,2,C,N,B,J,1,3,C,9,3,6,9,0,P,CHEV,TKR,UT,3,17,2987,,0,976,,G,,0,0,000000000,00000000000,0,0,0,1,0,0,0,0,0,0,0,0,0,0,0,12,12,2,3,12,0,0,0,1,42,18246,6,1,0,0,3,0,65,999,0,0,0,0,0,0,0,0,0,0,0,0,0,0,5,2,25,1,6,2,1,0,0,5,62,1,1,1,98,0,0
42,420376,1,1,1,16,5,20,9,33,0,1,0,42,1,72,706,72706,80,1986,1HD1BKL12GY0,1,H,D,1,B,K,L,1,2,G,Y,0,0,M,HD,XTC,RS,86,17,,,,,,,1340,0,0,000000000,00000000000,0,0,0,1,0,0,0,0,0,0,0,999,0,0,0,12,1,6,2,30,0,0,0,1,42,18944,6,1,0,0,2,0,69,999,0,0,0,0,0,0,0,0,0,0,35,0,0,0,1,2,35,1,1,2,1,0,0,6,13,1,1,4,1,1,1
42,420377,1,1,2,25,5,17,4,8,0,1,0,42,1,12,402,12402,14,2009,1FMCU94759KD,1,F,M,C,U,9,4,7,5,9,K,D,0,P,FORD,SPE,UT,9,17,3504,,0,1031,,G,,0,0,000000000,00000000000,0,0,0,1,0,0,0,0,0,0,0,49,0,0,0,12,12,2,3,8,0,0,0,1,42,16601,6,1,6,0,3,0,73,999,0,0,0,0,0,0,0,0,0,1,0,0,0,0,5,2,40,1,1,2,1,0,0,1,80,1,1,1,13,0,0
42,420378,1,1,2,30,5,16,0,18,0,1,0,42,1,72,706,72706,80,2002,1HD1JBB1X2Y0,1,H,D,1,J,B,B,1,X,2,Y,0,0,M,HD,XDI,RS,2,17,,,,,,,1450,0,0,000000000,00000000000,0,0,0,1,0,0,0,0,0,0,0,999,0,0,0,14,9,6,2,1,0,0,0,1,42,15214,6,7,0,0,2,2,72,999,0,2,1,1,1,11,2007,10,2009,0,52,73,81,0,1,2,25,3,1,2,1,0,0,14,90,3,2,1,12,1,1
42,420379,1,1,3,29,5,19,20,33,0,1,0,42,1,20,22,20022,2,2006,1G1AP11P0676,1,G,1,A,P,1,1,P,0,6,7,6,0,P,CHEV,SSC,CP,6,17,2991,,0,1033,,G,,0,0,000000000,00000000000,0,0,0,1,0,0,0,0,0,0,0,999,0,1,6,1,1,6,2,42,0,0,0,1,42,17236,6,1,0,0,3,0,67,999,0,0,0,0,0,0,0,0,0,1,51,0,0,0,1,2,25,1,1,2,1,0,0,1,10,98,3,4,2,3,1
42,420380,1,1,2,1,5,2,40,59,0,1,0,42,1,32,43,32043,4,2003,WAULC68E93A1,W,A,U,L,C,6,8,E,9,3,A,1,0,P,AUDI,41Q,4D,3,17,3311,,0,1043,,G,,0,0,000000000,00000000000,0,0,0,1,0,0,0,0,0,0,0,70,0,0,0,11,9,6,2,42,0,0,0,1,42,17201,6,1,0,0,3,0,65,999,1,3,0,1,1,5,2007,2,2009,1,51,58,0,0,1,2,40,3,1,2,1,0,0,14,6,7,3,4,2,2,1
42,420381,1,1,1,25,5,0,45,35,0,1,0,42,2,87,881,87881,66,2003,1XP5DB9X63D5,1,X,P,5,D,B,9,X,6,3,D,5,1,T,PTRB,379,DS,3,17,,8,0,0,CON,D,,1,57,00753551,5700753551,3,6,3,1,0,0,0,0,0,0,0,999,0,1,6,14,14,6,2,35,0,0,0,1,42,16127,6,1,6,1,3,3,73,999,0,0,0,0,0,0,0,0,0,0,0,0,0,0,2,2,55,2,6,1,1,0,0,14,8,1,1,4,6,1,0
42,420382,1,1,1,18,5,3,44,19,0,1,0,42,1,22,18,22018,2,1991,1G2NW14D8MC6,1,G,2,N,W,1,4,D,8,M,C,6,0,P,PONT,GAS,CP,91,17,2699,,0,1034,,G,,0,0,000000000,00000000000,0,0,0,1,0,0,0,0,0,0,0,55,0,0,0,12,12,6,2,19,0,0,0,1,42,15221,6,1,0,0,3,3,68,999,0,0,0,0,0,0,0,0,0,1,51,0,0,0,1,2,25,1,5,2,1,0,0,1,12,1,1,4,6,1,0
42,420383,1,1,1,21,5,1,0,42,0,1,0,42,1,6,43,6043,2,1996,4C3AU52N4TE3,4,C,3,A,U,5,2,N,4,T,E,3,0,P,CHRY,SLI,2P,96,17,3067,,0,1037,,G,,0,0,000000000,00000000000,0,0,0,1,0,0,0,0,0,0,0,65,0,0,0,3,3,6,2,42,0,0,0,1,42,15601,6,1,0,0,3,0,67,999,0,0,0,0,0,0,0,0,0,1,51,0,0,0,1,2,40,1,1,2,1,0,0,1,13,6,4,4,7,1,1
42,420384,1,3,1,7,5,15,21,12,7,1,0,42,2,7,482,7482,31,2002,3D7HU18Z12G2,3,D,7,H,U,1,8,Z,1,2,G,2,0,T,DODG,Q15,CW,2,17,,2,1605,1405,RPC,G,,0,0,000000000,00000000000,0,0,0,1,0,0,0,0,0,0,0,65,0,1,1,5,3,6,2,24,0,0,0,1,42,18503,0,0,0,0,0,0,999,999,0,0,0,0,1,5,2007,5,2007,0,28,0,0,0,3,3,65,1,1,1,1,0,0,1,11,8,1,1,44,1,1
42,420384,2,3,2,7,5,15,21,12,7,1,0,42,2,19,3,19003,4,1999,1G6KD54YXXU8,1,G,6,K,D,5,4,Y,X,X,U,8,0,P,CADI,DFW,4D,99,17,4012,,0,1138,,G,,0,0,000000000,00000000000,0,0,0,1,0,0,0,0,0,0,0,65,0,0,0,7,7,2,1,12,0,0,0,1,42,18436,6,1,0,0,3,0,66,999,0,0,0,0,0,0,0,0,0,0,0,0,0,0,3,3,65,1,1,1,1,0,0,1,61,1,1,1,45,0,0