STATE,ST_CASE,VEH_NO,VE_FORMS,NUMOCCS,DAY,MONTH,HOUR,MINUTE,HARM_EV,MAN_COLL,UNITTYPE,HIT_RUN,REG_STAT,OWNER,MAKE,MODEL,MAK_MOD,BODY_TYP,MOD_YEAR,VIN,VIN_1,VIN_2,VIN_3,VIN_4,VIN_5,VIN_6,VIN_7,VIN_8,VIN_9,VIN_10,VIN_11,VIN_12,TOW_VEH,VINTYPE,VINMAKE,VINA_MOD,VIN_BT,VINMODYR,VIN_LNGT,VIN_WGT,WGTCD_TR,WHLBS_LG,WHLBS_SH,SER_TR,FUELCODE,MCYCL_DS,J_KNIFE,MCARR_I1,MCARR_I2,MCARR_ID,GVWR,V_CONFIG,CARGO_BT,HAZ_INV,HAZ_PLAC,HAZ_ID,HAZ_CNO,HAZ_REL,BUS_USE,SPEC_USE,EMER_USE,TRAV_SP,UNDERIDE,ROLLOVER,ROLINLOC,IMPACT1,IMPACT2,DEFORMED,TOWED,M_HARM,VEH_SC1,VEH_SC2,FIRE_EXP,DR_PRES,L_STATE,DR_ZIP,L_STATUS,L_TYPE,CDL_STAT,L_ENDORS,L_COMPL,L_RESTRI,DR_HGT,DR_WGT,PREV_ACC,PREV_SUS,PREV_DWI,PREV_SPD,PREV_OTH,FIRST_MO,FIRST_YR,LAST_MO,LAST_YR,SPEEDREL,DR_SF1,DR_SF2,DR_SF3,DR_SF4,VTRAFWAY,VNUM_LAN,VSPD_LIM,VALIGN,VPROFILE,VPAVETYP,VSURCOND,VTRAFCON,VTCONT_F,P_CRASH1,P_CRASH2,P_CRASH3,PCRASH4,PCRASH5,ACC_TYPE,DEATHS,DR_DRINK
42,420539,1,1,1,12,7,16,20,34,0,1,0,42,1,82,881,82881,66,2000,1FUPCSEB8YPB,1,F,U,P,C,S,E,B,8,Y,P,B,1,T,FRHT,FLD,DS,0,17,,8,0,0,CON,D,,1,57,01359482,5701359482,3,6,98,1,0,0,0,0,0,0,0,55,0,1,5,14,12,6,2,30,0,0,0,1,42,16314,6,1,6,0,3,0,68,999,0,0,0,1,5,3,2008,7,2010,0,51,58,0,0,1,2,55,3,1,2,1,0,0,14,10,7,1,4,1,1,0
42,420540,1,2,1,25,6,18,53,12,7,1,0,42,2,37,31,37031,2,1996,1HGEJ6227TL0,1,H,G,E,J,6,2,2,7,T,L,0,0,P,HOND,UCD,CP,96,17,2274,,0,1032,,G,,0,0,000000000,00000000000,0,0,0,1,0,0,0,0,0,0,0,999,0,0,0,5,12,6,2,24,0,0,0,1,42,17501,6,1,0,0,3,3,70,999,0,0,0,1,0,12,2009,12,2009,1,35,27,36,0,3,2,55,1,1,2,1,0,0,15,51,1,1,2,46,1,1
42,420540,2,2,1,25,6,18,53,12,7,1,0,42,1,20,2,20002,4,2008,2G1WB58K6892,2,G,1,W,B,5,8,K,6,8,9,2,0,P,CHEV,IPL,4D,8,17,3555,,0,1105,,F,,0,0,000000000,00000000000,0,0,0,1,0,0,0,0,0,0,0,999,0,0,0,11,11,6,2,12,0,0,0,1,42,17752,6,1,0,0,3,0,67,999,0,0,0,0,0,0,0,0,0,0,0,0,0,0,3,2,55,1,1,2,1,0,0,1,61,1,1,1,45,0,0
42,420541,1,1,1,28,7,15,3,8,0,1,0,42,1,63,441,63441,20,2003,KNDUP1316364,K,N,D,U,P,1,3,1,6,3,6,4,0,P,KIA,SED,SV,3,17,4709,,0,1145,,G,,0,0,000000000,00000000000,0,0,0,1,0,0,0,0,0,0,0,999,0,0,0,6,6,2,1,8,0,0,0,1,42,15241,6,1,0,0,3,0,66,999,0,0,0,0,0,0,0,0,0,0,31,0,0,0,0,0,0,0,0,0,0,0,0,13,80,1,1,7,13,0,0
42,420542,1,2,1,1,6,21,21,12,6,1,0,42,1,98,706,98706,80,2001,5CDMCB5111G0,5,C,D,M,C,B,5,1,1,1,G,0,0,U,,,,1,17,,,,,,,,0,0,000000000,00000000000,0,0,0,1,0,0,0,0,0,0,0,64,0,0,0,12,12,6,2,12,0,0,0,1,42,17921,3,7,0,0,2,0,72,999,0,0,0,0,0,0,0,0,0,1,33,0,0,0,1,2,55,1,1,2,1,0,0,6,51,4,2,1,46,1,1
42,420542,2,2,1,1,6,21,21,12,6,1,0,42,2,2,404,2404,14,1999,1J4GW58SXXC5,1,J,4,G,W,5,8,S,X,X,C,5,0,T,JEEP,LRO,4W,99,17,,1,0,1059,GCK,G,,0,0,000000000,00000000000,0,0,0,1,0,0,0,0,0,0,0,45,0,0,0,8,8,4,3,12,0,0,0,1,42,17851,6,1,0,0,3,0,69,999,0,0,0,0,0,0,0,0,0,0,0,0,0,0,1,2,55,1,1,2,1,0,0,1,61,4,2,1,45,0,0
42,420543,1,1,1,28,7,4,10,42,0,1,0,42,2,59,421,59421,15,1996,JT6HJ88J7T01,J,T,6,H,J,8,8,J,7,T,0,1,0,P,LEXS,LX4,UT,96,17,4971,,0,1122,,G,,0,0,000000000,00000000000,0,0,0,1,0,0,0,0,0,0,0,50,0,0,0,12,12,6,2,42,0,0,0,1,42,18433,3,1,0,0,2,0,62,999,0,0,0,0,0,0,0,0,0,1,0,0,0,0,1,2,25,1,5,2,1,0,0,1,13,1,1,4,1,1,1
42,420544,1,1,1,19,7,22,11,59,0,1,0,42,1,72,706,72706,80,2004,1HD1BSY144Y0,1,H,D,1,B,S,Y,1,4,4,Y,0,0,M,HD,XTD,RS,4,17,,,,,,,1450,0,0,000000000,00000000000,0,0,0,1,0,0,0,0,0,0,0,999,0,0,0,12,12,6,2,59,0,0,0,1,42,17078,6,1,6,0,3,0,72,999,0,0,0,0,1,4,2008,4,2008,0,58,0,0,0,1,2,40,3,1,2,1,0,0,14,13,1,1,4,1,1,1
42,420545,1,1,1,2,7,1,45,19,0,1,0,92,0,98,739,98739,90,2000,4XABG38C6Y24,4,X,A,B,G,3,8,C,6,Y,2,4,0,M,POL,S44,AT,0,17,,,,,,,378,0,0,000000000,00000000000,0,0,0,1,0,0,0,0,0,0,0,999,0,1,1,10,10,6,2,19,0,0,0,1,42,18407,0,0,0,0,1,0,68,999,0,2,0,0,2,2,2008,5,2009,0,0,0,0,0,1,2,25,2,1,2,1,0,0,14,12,1,1,4,6,1,1
42,420546,1,1,1,5,7,5,31,11,0,1,0,42,1,53,706,53706,80,1999,JS1VX51L4X21,J,S,1,V,X,5,1,L,4,X,2,1,0,M,SUZI,VS4,RS,99,17,,,,,,,1360,0,0,000000000,00000000000,0,0,0,1,0,0,0,0,0,0,0,999,0,0,0,3,3,6,2,11,0,0,0,1,42,19053,6,1,0,0,3,0,73,999,0,0,0,0,0,0,0,0,0,0,0,0,0,0,1,2,45,1,1,2,1,0,0,2,87,2,1,1,13,1,0
42,420547,1,3,1,5,7,7,55,12,6,1,0,34,3,84,881,84881,66,2007,1HSHWAHN17J4,1,H,S,H,W,A,H,N,1,7,J,4,1,T,INTL,860,DS,7,17,,7,0,0,80S,D,,2,57,00016130,5700016130,3,6,1,1,0,0,0,0,0,0,0,999,7,0,0,1,1,6,2,12,0,0,0,1,34,8859,6,1,6,1,3,0,72,999,0,0,0,0,1,2,2009,2,2009,1,58,0,0,0,2,2,45,3,1,2,1,28,3,14,13,8,4,2,64,0,0
42,420547,2,3,1,5,7,7,55,12,6,1,0,42,1,49,32,49032,4,2002,2T1BR18E32C5,2,T,1,B,R,1,8,E,3,2,C,5,0,P,TOYT,UCS,4D,2,17,2405,,0,970,,G,,0,0,000000000,00000000000,0,0,0,1,0,0,0,0,0,0,0,45,0,0,0,10,10,6,2,12,0,0,0,1,42,18505,6,1,0,0,3,0,69,999,0,0,0,0,0,0,0,0,0,0,0,0,0,0,2,2,45,2,1,2,1,28,3,14,62,9,1,1,65,1,0
42,420547,3,3,12,5,7,7,55,12,6,1,0,34,2,7,461,7461,21,1999,2B5WB35Z2XK5,2,B,5,W,B,3,5,Z,2,X,K,5,0,P,DODG,RMW,SV,99,17,5388,,0,1272,,G,,0,0,000000000,00000000000,0,0,0,1,0,0,0,0,0,0,0,50,1,0,0,12,12,6,2,12,0,0,0,1,34,7206,6,1,0,0,3,0,67,999,0,0,0,0,2,5,2008,7,2008,0,0,0,0,0,2,2,45,2,1,2,1,28,3,14,62,3,2,1,98,0,0
42,420548,1,1,1,2,7,20,12,53,0,1,0,42,2,37,705,37705,80,2002,JH2PC350X2M3,J,H,2,P,C,3,5,0,X,2,M,3,0,M,HOND,CF4,RS,2,17,,,,,,,599,0,0,000000000,00000000000,0,0,0,1,0,0,0,0,0,0,0,999,0,0,0,99,99,4,3,43,0,0,0,1,42,17601,6,7,0,0,3,0,65,999,0,0,0,0,1,11,2009,11,2009,1,0,0,0,0,1,2,35,1,1,2,1,0,0,3,6,99,1,4,2,1,0
42,420549,1,1,1,11,7,5,0,34,0,1,0,42,2,41,471,41471,30,1994,4F4CR13X6RTM,4,F,4,C,R,1,3,X,6,R,T,M,0,T,MAZD,4RC,PK,94,17,,1,0,1079,B40,G,,0,0,000000000,00000000000,0,0,0,1,0,0,0,0,0,0,0,999,0,0,0,12,12,6,2,35,0,0,0,1,42,15926,6,1,0,0,3,0,69,999,0,0,0,0,0,0,0,0,0,0,51,0,0,0,1,2,45,2,1,2,8,0,0,14,12,1,1,4,6,1,1
42,420550,1,1,1,10,7,16,47,38,0,1,0,42,2,72,706,72706,80,1983,1HD1AKK16DY0,1,H,D,1,A,K,K,1,6,D,Y,0,0,M,HD,FHS,RS,83,17,,,,,,,1340,0,0,000000000,00000000000,0,0,0,1,0,0,0,0,0,0,0,999,0,0,0,12,12,9,3,1,0,0,0,1,42,15147,1,1,0,0,2,0,69,999,0,0,0,0,0,0,0,0,0,0,0,0,0,0,1,2,45,2,1,2,11,0,0,14,3,1,1,4,1,1,1
42,420551,1,1,1,18,7,1,50,35,0,1,0,42,2,14,443,14443,20,1999,4M2XV11T5XDJ,4,M,2,X,V,1,1,T,5,X,D,J,0,P,MERC,VLR,SV,99,17,3944,,0,1122,,G,,0,0,000000000,00000000000,0,0,0,1,0,0,0,0,0,0,0,999,0,1,5,1,2,6,2,42,0,0,0,1,42,18657,6,1,0,0,3,0,65,999,0,0,0,0,0,0,0,0,0,1,51,0,0,0,1,2,55,1,1,2,1,0,0,1,6,99,4,4,7,1,1
42,420552,1,1,4,16,7,3,10,42,0,1,0,42,2,52,46,52046,4,2003,JA3AH86F63U1,J,A,3,A,H,8,6,F,6,3,U,1,0,P,MITS,LEV,4D,3,17,3263,,0,1033,,G,,0,0,000000000,00000000000,0,0,0,1,0,0,0,0,0,0,0,80,0,0,0,11,11,6,2,42,0,0,0,1,42,19344,0,0,0,0,0,0,999,999,0,0,0,0,0,0,0,0,0,1,51,0,0,0,1,2,35,2,1,2,1,0,0,14,12,3,2,4,7,2,1
42,420553,1,1,10,26,7,15,50,35,0,1,0,42,1,6,442,6442,20,2000,2C4GJ25R2YR8,2,C,4,G,J,2,5,R,2,Y,R,8,0,P,CHRY,VOV,SV,0,17,3432,,0,1133,,G,,0,0,000000000,00000000000,0,0,0,1,0,0,0,0,0,0,0,60,0,1,1,11,11,6,2,1,0,0,0,1,42,19140,6,1,0,0,3,0,59,999,0,0,0,0,0,0,0,0,0,0,0,0,0,0,3,2,65,1,1,2,1,0,0,1,1,7,1,4,2,1,0
42,420554,1,1,2,5,7,4,0,42,0,1,0,42,2,2,404,2404,14,1995,1J4GZ58S2SC5,1,J,4,G,Z,5,8,S,2,S,C,5,0,T,JEEP,LRO,4W,95,17,,1,0,1059,GCK,G,,0,0,000000000,00000000000,0,0,0,1,0,0,0,0,0,0,0,60,0,1,5,2,2,6,2,42,0,0,0,1,42,17082,6,7,0,0,3,0,64,999,0,0,0,0,0,0,0,0,0,1,51,58,0,0,1,2,55,3,5,2,1,0,0,14,6,3,4,4,7,1,1
42,420555,1,1,1,3,7,17,26,1,0,1,0,42,1,72,706,72706,80,1997,1HD1BRL15VY0,1,H,D,1,B,R,L,1,5,V,Y,0,0,M,HD,LTS,RS,97,17,,,,,,,1340,0,0,000000000,00000000000,0,0,0,1,0,0,0,0,0,0,0,65,0,0,0,0,0,6,2,1,0,0,0,1,42,16641,6,1,6,0,3,0,70,999,0,0,0,0,0,0,0,0,0,1,0,0,0,0,1,2,55,3,1,2,1,40,3,14,6,1,1,4,1,1,1
42,420556,1,3,1,15,6,3,40,12,6,1,0,42,2,12,13,12013,2,1998,3FAKP1136WR2,3,F,A,K,P,1,1,3,6,W,R,2,0,P,FORD,ZXS,CP,98,17,2478,,0,984,,G,,0,0,000000000,00000000000,0,0,0,1,0,0,0,0,0,0,0,50,0,0,0,11,1,6,2,12,0,0,0,1,42,16210,6,1,0,0,3,1,63,999,0,0,0,0,0,0,0,0,0,0,51,0,0,0,1,2,55,1,6,2,1,0,0,1,10,1,1,2,64,1,0
42,420556,2,3,1,15,6,3,40,12,6,1,0,42,3,20,481,20481,31,2008,1GCEK19J38Z2,1,G,C,E,K,1,9,J,3,8,Z,2,0,T,CHEV,SK1,4C,8,17,,2,1575,1339,SIL,G,,0,0,000000000,00000000000,0,0,0,1,0,0,0,0,0,0,0,55,0,0,0,11,11,6,2,12,0,0,0,1,42,16025,6,1,0,0,3,0,71,999,0,0,0,0,0,0,0,0,0,0,0,0,0,0,1,2,55,1,5,2,1,0,0,1,62,7,1,1,65,0,0
42,420556,3,3,1,15,6,3,40,12,6,1,0,18,3,82,884,82884,66,2006,1FUJBBCG26LU,1,F,U,J,B,B,C,G,2,6,L,U,1,T,FRHT,ST2,DS,6,17,,8,0,0,CON,D,,1,57,00264184,5700264184,3,6,1,1,0,0,0,0,0,0,0,50,0,0,0,12,12,6,2,12,0,0,0,1,42,15521,6,1,6,1,3,1,73,999,0,0,0,0,1,5,2008,5,2008,0,0,0,0,0,1,2,55,1,5,2,1,0,0,1,54,2,1,1,98,0,0
42,420557,1,1,1,1,7,18,29,24,0,1,0,42,1,98,706,98706,80,2004,999999999999,9,9,9,9,9,9,9,9,9,9,9,9,0,U,,,,9,17,,,,,,,,0,0,000000000,00000000000,0,0,0,1,0,0,0,0,0,0,0,65,0,0,0,11,11,6,2,24,0,0,0,1,42,16830,6,1,0,0,3,0,69,999,1,0,0,0,0,1,2009,1,2009,1,58,0,0,0,3,2,65,2,1,2,1,0,0,14,12,3,2,4,7,1,1
42,420558,1,3,3,25,6,13,27,12,6,1,0,42,2,12,442,12442,20,2003,2FMZA52493BA,2,F,M,Z,A,5,2,4,9,3,B,A,0,T,FORD,WSE,ES,3,17,,1,0,1207,WIN,G,,0,0,000000000,00000000000,0,0,0,1,0,0,0,0,0,0,0,999,0,0,0,1,11,6,2,12,0,0,0,1,42,18042,6,1,0,0,3,0,69,999,0,0,0,0,0,0,0,0,0,1,51,0,0,0,3,2,55,1,1,2,1,0,0,1,6,99,4,2,64,1,0
42,420558,2,3,1,25,6,13,27,12,6,1,0,42,1,41,402,41402,14,2005,4F2YZ94135KM,4,F,2,Y,Z,9,4,1,3,5,K,M,0,P,MAZD,TRI,UT,5,17,3482,,0,1031,,G,,0,0,000000000,00000000000,0,0,0,1,0,0,0,0,0,0,0,55,0,0,0,11,11,6,2,12,0,0,0,1,42,18360,6,1,0,0,3,0,74,999,0,0,0,0,0,0,0,0,0,0,0,0,0,0,3,2,55,1,1,2,1,0,0,1,62,99,1,1,65,0,0
42,420558,3,3,1,25,6,13,27,12,6,1,0,42,3,12,881,12881,63,2006,3FRXF75T56V3,3,F,R,X,F,7,5,T,5,6,V,3,0,T,FORD,F77,CC,6,17,,7,2810,1460,COF,D,,0,57,00303825,5700303825,3,1,96,1,0,0,0,0,0,0,0,999,0,0,0,12,12,6,2,12,0,0,0,1,55,54956,6,1,6,0,3,0,71,210,0,0,0,0,1,11,2007,11,2007,0,0,0,0,0,3,2,55,1,1,2,1,0,0,1,54,4,2,1,98,0,0
42,420559,1,1,2,27,7,18,47,30,0,1,0,42,1,20,403,20403,14,2005,1GNDT13S8521,1,G,N,D,T,1,3,S,8,5,2,1,0,P,CHEV,TRL,UT,5,17,4612,,0,1130,,G,,0,0,000000000,00000000000,0,0,0,1,0,0,0,0,0,0,0,45,0,1,6,10,10,6,2,30,0,0,0,1,42,17047,6,1,0,0,3,0,64,999,0,0,0,0,0,0,0,0,0,0,83,0,0,0,1,2,40,3,1,2,1,0,0,14,87,6,1,4,1,1,0
42,420560,1,1,2,10,7,13,50,58,0,1,0,42,1,72,706,72706,80,2009,1HD1MAM179Y8,1,H,D,1,M,A,M,1,7,9,Y,8,0,M,HD,UTG,RS,9,17,,,,,,,1690,0,0,000000000,00000000000,0,0,0,1,0,0,0,0,0,0,0,55,0,0,0,9,9,6,2,1,0,0,0,1,42,15861,6,1,0,0,3,0,72,999,0,0,0,0,0,0,0,0,0,0,58,0,0,0,1,2,55,3,1,2,1,0,0,14,13,1,1,4,1,1,0
42,420561,1,1,1,4,7,12,55,1,0,1,0,42,1,53,705,53705,80,2006,JS1GR7KA3621,J,S,1,G,R,7,K,A,3,6,2,1,0,M,SUZI,RK6,RS,6,17,,,,,,,750,0,0,000000000,00000000000,0,0,0,1,0,0,0,0,0,0,0,999,0,0,0,0,99,6,2,42,0,0,0,1,42,17820,6,7,0,0,3,0,70,999,0,0,0,1,0,5,2008,5,2008,1,0,0,0,0,1,3,55,3,5,2,1,0,0,14,13,3,4,4,2,1,0
42,420562,1,5,1,24,6,19,57,12,1,1,0,26,3,82,884,82884,66,2002,1FUJBBCG82LJ,1,F,U,J,B,B,C,G,8,2,L,J,1,T,FRHT,ST2,DS,2,17,,8,0,0,CON,D,,1,57,01581467,5701581467,3,6,1,1,0,0,0,0,0,0,0,72,0,0,0,12,12,6,2,12,0,0,0,1,26,48307,6,1,6,1,3,0,69,165,1,0,0,0,1,11,2008,2,2009,1,26,0,0,0,3,2,55,1,1,2,1,3,3,1,50,1,1,1,20,0,0
42,420562,2,5,1,24,6,19,57,12,1,1,0,10,1,20,4,20004,2,2008,1G1YY26W0851,1,G,1,Y,Y,2,6,W,0,8,5,1,0,P,CHEV,CVT,CP,8,17,3217,,0,1057,,G,,0,0,000000000,00000000000,0,0,0,1,0,0,0,0,0,0,0,0,0,0,0,5,5,6,2,12,0,0,0,1,10,19803,6,1,0,0,3,0,71,200,0,0,0,0,0,0,0,0,0,0,0,0,0,0,3,2,55,1,1,2,1,3,3,5,53,1,1,1,98,0,0
42,420562,3,5,2,24,6,19,57,12,1,1,0,42,2,55,401,55401,14,2003,KM8SC73DX3U3,K,M,8,S,C,7,3,D,X,3,U,3,0,P,HYUN,SAN,UT,3,17,3720,,0,1031,,G,,0,0,000000000,00000000000,0,0,0,1,0,0,0,0,0,0,0,0,0,0,0,6,6,6,2,12,0,0,0,1,42,18301,6,1,0,0,3,3,64,999,0,0,0,0,0,0,0,0,0,0,0,0,0,0,3,2,55,1,1,2,1,3,3,5,53,1,1,1,98,0,0
42,420562,4,5,1,24,6,19,57,12,1,1,0,42,1,6,51,6051,4,2004,2C3AE66G24H6,2,C,3,A,E,6,6,G,2,4,H,6,0,P,CHRY,30M,4D,4,17,3447,,0,1130,,G,,0,0,000000000,00000000000,0,0,0,1,0,0,0,0,0,0,0,0,0,0,0,5,5,6,2,12,0,0,0,1,42,18360,6,1,0,0,3,3,70,999,0,0,0,0,0,0,0,0,0,0,0,0,0,0,3,2,55,1,1,2,1,3,3,5,53,1,1,1,98,0,0
42,420562,5,5,1,24,6,19,57,12,1,1,0,36,1,69,54,69054,3,2006,WMWRE335X6TN,W,M,W,R,E,3,3,5,X,6,T,N,0,P,MNNI,COS,2H,6,17,2678,,0,971,,G,,0,0,000000000,00000000000,0,0,0,1,0,0,0,0,0,0,0,0,0,0,0,6,6,6,2,12,0,0,0,1,36,10034,6,1,0,0,3,3,63,999,0,0,0,1,1,1,2009,3,2010,0,0,0,0,0,3,2,55,1,1,2,1,3,3,5,53,1,1,1,21,1,0
42,420563,1,1,2,16,7,17,8,35,0,1,0,42,1,6,441,6441,20,2003,2C4GP44393R1,2,C,4,G,P,4,4,3,9,3,R,1,0,P,CHRY,TWC,SV,3,17,3963,,0,1193,,F,,0,0,000000000,00000000000,0,0,0,1,0,0,0,0,0,0,0,55,0,1,5,11,10,6,2,42,32,0,0,1,42,16316,6,1,0,0,3,3,70,999,0,0,0,0,0,0,0,0,0,0,99,99,99,99,2,2,55,1,1,1,1,0,0,1,13,3,3,4,2,1,0
42,420565,1,6,1,3,6,10,50,12,2,1,0,42,1,12,37,12037,4,2006,1FAFP34N46W1,1,F,A,F,P,3,4,N,4,6,W,1,0,P,FORD,ZX4,4D,6,17,2676,,0,1029,,G,,0,0,000000000,00000000000,0,0,0,1,0,0,0,0,0,0,0,999,0,0,0,12,12,6,2,12,0,0,0,1,42,19602,6,1,0,0,3,0,75,999,0,0,0,0,0,0,0,0,0,1,51,0,0,0,3,2,55,1,4,2,1,0,0,1,54,1,1,1,52,1,0
42,420565,2,6,1,3,6,10,50,12,2,1,0,42,1,30,40,30040,4,2000,3VWRF29M2YM1,3,V,W,R,F,2,9,M,2,Y,M,1,0,P,VOLK,JJI,4D,0,17,2901,,0,989,,D,,0,0,000000000,00000000000,0,0,0,1,0,0,0,0,0,0,0,999,0,0,0,12,12,6,2,12,0,0,0,1,42,19506,6,1,0,0,3,0,67,999,0,0,0,0,0,0,0,0,0,0,0,0,0,0,3,2,55,1,4,2,1,0,0,1,54,1,1,1,52,0,0
42,420565,3,6,1,3,6,10,50,12,2,1,0,42,2,55,401,55401,14,2002,KM8SC13D92U2,K,M,8,S,C,1,3,D,9,2,U,2,0,P,HYUN,SAN,UT,2,17,3549,,0,1031,,G,,0,0,000000000,00000000000,0,0,0,1,0,0,0,0,0,0,0,999,0,0,0,12,12,6,2,12,0,0,0,1,42,19541,6,1,0,0,3,1,67,999,0,0,0,0,0,0,0,0,0,0,0,0,0,0,3,2,55,1,4,2,1,0,0,1,51,1,1,1,98,0,0
42,420565,4,6,2,3,6,10,50,12,2,1,0,42,2,20,22,20022,4,2007,1G1AK55FX771,1,G,1,A,K,5,5,F,X,7,7,1,0,P,CHEV,BLS,4D,7,17,3216,,0,1033,,G,,0,0,000000000,00000000000,0,0,0,1,0,0,0,0,0,0,0,999,0,0,0,98,12,4,3,35,0,0,0,1,42,17972,6,1,0,0,3,0,73,999,1,0,0,0,0,3,2008,3,2008,0,0,0,0,0,3,2,55,1,4,2,1,0,0,1,51,4,2,1,98,0,0
42,420565,5,6,1,3,6,10,50,12,2,1,0,42,1,20,481,20481,31,1994,1GCGK29K1RE2,1,G,C,G,K,2,9,K,1,R,E,2,0,T,CHEV,GK2,PC,94,17,,2,1555,1415,GM4,G,,0,0,000000000,00000000000,0,0,0,1,0,0,0,0,0,0,0,999,0,0,0,12,12,2,1,12,0,0,0,1,42,19608,6,1,0,0,3,0,70,999,0,0,0,1,0,3,2008,3,2008,0,0,0,0,0,3,2,55,1,4,2,1,0,0,1,51,4,2,1,98,0,0
42,420565,6,6,1,3,6,10,50,12,2,1,0,42,1,55,33,55033,4,2006,5NPEU46FX6H0,5,N,P,E,U,4,6,F,X,6,H,0,0,P,HYUN,SGX,4D,6,17,3458,,0,1074,,G,,0,0,000000000,00000000000,0,0,0,1,0,0,0,0,0,0,0,999,0,0,0,0,0,2,1,16,0,0,0,1,42,19530,6,1,0,0,3,1,73,999,0,0,0,0,0,0,0,0,0,0,0,0,0,0,3,2,55,1,4,2,1,0,0,1,98,7,1,1,98,0,0
42,420566,1,1,4,1,8,14,0,35,0,1,0,42,2,14,401,14401,14,2004,4M2ZU86E94UJ,4,M,2,Z,U,8,6,E,9,4,U,J,0,P,MERC,MOU,UT,4,17,4433,,0,1138,,G,,0,0,000000000,00000000000,0,0,0,1,0,0,0,0,0,0,0,30,0,1,1,1,1,6,2,2,0,0,1,1,42,18656,1,1,0,0,2,0,74,999,0,1,1,0,0,11,2007,8,2008,1,0,0,0,0,4,1,55,2,5,5,1,0,0,14,13,7,1,4,1,1,0
42,420567,1,1,1,2,8,19,15,32,0,1,0,42,2,2,404,2404,14,2004,1J4GW48S64C2,1,J,4,G,W,4,8,S,6,4,C,2,0,T,JEEP,LCF,4W,4,17,,1,0,1059,GCK,G,,0,0,000000000,00000000000,0,0,0,1,0,0,0,0,0,0,0,80,0,1,5,14,13,6,2,42,0,0,1,1,12,15344,0,0,0,0,0,0,72,999,0,0,0,0,0,0,0,0,0,1,0,0,0,0,1,2,40,1,1,2,1,0,0,1,13,1,1,4,1,1,1
42,420568,1,1,2,4,8,0,30,43,0,1,0,42,2,37,31,37031,2,2006,2HGFG11606H5,2,H,G,F,G,1,1,6,0,6,H,5,0,P,HOND,UCL,CP,6,17,2654,,0,1043,,G,,0,0,000000000,00000000000,0,0,0,1,0,0,0,0,0,0,0,100,0,1,5,12,13,6,2,42,0,0,0,1,42,18834,6,1,0,0,3,0,70,999,1,0,0,0,1,12,2009,2,2010,1,51,0,0,0,1,2,40,2,6,2,1,0,0,14,6,1,3,4,2,2,1
42,420569,1,1,1,8,8,18,55,1,0,1,0,42,1,72,706,72706,80,2008,1HD1BW5178Y0,1,H,D,1,B,W,5,1,7,8,Y,0,0,M,HD,STC,RS,8,17,,,,,,,1584,0,0,000000000,00000000000,0,0,0,1,0,0,0,0,0,0,0,45,0,0,0,0,0,2,3,1,0,0,0,1,42,16127,6,1,0,0,3,0,70,999,0,0,0,0,0,0,0,0,0,1,0,0,0,0,1,2,45,3,1,2,1,0,0,14,13,3,4,4,2,1,1
42,420570,1,1,2,28,8,20,50,34,0,1,0,92,0,98,739,98739,90,2006,4XAMH50A1620,4,X,A,M,H,5,0,A,1,6,2,0,0,M,POL,SP0,AT,6,17,,,,,,,499,0,0,000000000,00000000000,0,0,0,1,0,0,0,0,0,0,0,999,0,0,0,10,10,6,2,34,0,0,0,1,42,15936,0,0,0,0,1,0,999,999,0,0,0,0,0,0,0,0,0,1,51,58,52,0,1,2,25,2,4,1,1,0,0,14,6,7,1,4,7,1,0
42,420571,1,1,1,30,8,2,30,59,0,1,0,42,1,12,481,12481,31,1997,1FTJW35F2VEA,1,F,T,J,W,3,5,F,2,V,E,A,0,T,FORD,F35,CW,97,17,,2,0,1680,COF,D,,0,0,000000000,00000000000,0,0,0,1,0,0,0,0,0,0,0,999,0,1,5,4,0,6,2,1,0,0,0,1,42,16133,6,1,0,0,3,0,70,999,0,0,0,0,1,5,2008,5,2008,0,0,0,0,0,1,2,55,3,1,2,1,0,0,14,13,1,1,4,1,1,1
42,420572,1,1,1,21,8,21,9,24,0,1,0,42,1,49,40,49040,4,2000,4T1BG22K0YU0,4,T,1,B,G,2,2,K,0,Y,U,0,0,P,TOYT,UEX,4D,0,17,2998,,0,1051,,G,,0,0,000000000,00000000000,0,0,0,1,0,0,0,0,0,0,0,60,0,0,0,7,8,6,2,30,0,0,1,1,42,19343,6,1,0,0,3,0,67,999,0,0,0,1,0,10,2009,10,2009,1,51,0,0,0,1,2,40,2,6,2,1,40,3,14,12,7,1,4,6,1,1
42,420573,1,1,1,21,8,18,29,17,0,1,0,42,2,13,1,13001,4,1996,1LNLM81W7TY6,1,L,N,L,M,8,1,W,7,T,Y,6,0,P,LINC,EXC,4D,96,17,4040,,0,1174,,G,,0,0,000000000,00000000000,0,0,0,1,0,0,0,0,0,0,0,999,0,1,6,2,1,6,2,35,0,0,0,1,42,18431,6,1,0,0,3,3,67,999,0,0,0,1,0,9,2008,9,2008,0,0,0,0,0,3,2,65,1,1,2,1,0,0,1,8,1,1,4,1,1,0
42,420574,1,1,1,28,8,21,12,43,0,1,0,42,1,12,471,12471,30,1991,1FTCR15X9MPA,1,F,T,C,R,1,5,X,9,M,P,A,0,T,FORD,RNS,PS,91,17,,1,0,1250,RNG,G,,0,0,000000000,00000000000,0,0,0,1,0,0,0,0,0,0,0,999,0,0,0,3,12,6,2,42,0,0,0,1,42,16661,6,1,0,0,3,0,63,999,0,0,0,1,0,3,2010,3,2010,1,0,0,0,0,1,2,55,1,1,2,1,0,0,1,13,1,1,4,1,1,1