STATE,ST_CASE,VEH_NO,VE_FORMS,NUMOCCS,DAY,MONTH,HOUR,MINUTE,HARM_EV,MAN_COLL,UNITTYPE,HIT_RUN,REG_STAT,OWNER,MAKE,MODEL,MAK_MOD,BODY_TYP,MOD_YEAR,VIN,VIN_1,VIN_2,VIN_3,VIN_4,VIN_5,VIN_6,VIN_7,VIN_8,VIN_9,VIN_10,VIN_11,VIN_12,TOW_VEH,VINTYPE,VINMAKE,VINA_MOD,VIN_BT,VINMODYR,VIN_LNGT,VIN_WGT,WGTCD_TR,WHLBS_LG,WHLBS_SH,SER_TR,FUELCODE,MCYCL_DS,J_KNIFE,MCARR_I1,MCARR_I2,MCARR_ID,GVWR,V_CONFIG,CARGO_BT,HAZ_INV,HAZ_PLAC,HAZ_ID,HAZ_CNO,HAZ_REL,BUS_USE,SPEC_USE,EMER_USE,TRAV_SP,UNDERIDE,ROLLOVER,ROLINLOC,IMPACT1,IMPACT2,DEFORMED,TOWED,M_HARM,VEH_SC1,VEH_SC2,FIRE_EXP,DR_PRES,L_STATE,DR_ZIP,L_STATUS,L_TYPE,CDL_STAT,L_ENDORS,L_COMPL,L_RESTRI,DR_HGT,DR_WGT,PREV_ACC,PREV_SUS,PREV_DWI,PREV_SPD,PREV_OTH,FIRST_MO,FIRST_YR,LAST_MO,LAST_YR,SPEEDREL,DR_SF1,DR_SF2,DR_SF3,DR_SF4,VTRAFWAY,VNUM_LAN,VSPD_LIM,VALIGN,VPROFILE,VPAVETYP,VSURCOND,VTRAFCON,VTCONT_F,P_CRASH1,P_CRASH2,P_CRASH3,PCRASH4,PCRASH5,ACC_TYPE,DEATHS,DR_DRINK
42,420575,1,2,2,14,7,15,37,12,6,1,0,42,1,35,47,35047,4,2001,1N4DL01DX1C2,1,N,4,D,L,0,1,D,X,1,C,2,0,P,NISS,AXE,4D,1,17,2754,,0,1031,,G,,0,0,000000000,00000000000,0,0,0,1,0,0,0,0,0,0,0,5,0,0,0,9,9,6,2,12,0,0,0,1,42,17563,1,1,0,0,2,3,70,999,0,1,0,0,0,3,2009,3,2009,0,38,0,0,0,1,2,35,1,1,2,2,20,3,1,17,1,1,1,89,2,0
42,420575,2,2,1,14,7,15,37,12,6,1,0,42,3,7,43,7043,4,1997,1B3EJ46X8VN7,1,B,3,E,J,4,6,X,8,V,N,7,0,P,DODG,STR,4D,97,17,2912,,0,1080,,G,,0,0,000000000,00000000000,0,0,0,1,0,0,0,0,0,0,0,50,0,0,0,12,12,6,2,12,0,0,0,1,42,17566,6,1,6,0,3,0,72,999,1,0,0,0,0,11,2007,11,2007,0,0,0,0,0,1,2,55,1,5,2,2,0,0,1,66,8,1,2,88,0,0
42,420576,1,1,1,10,8,22,36,42,0,1,0,92,0,76,734,76734,90,2005,JY4AH12Y55C0,J,Y,4,A,H,1,2,Y,5,5,C,0,0,M,YAMA,YF3,AT,5,17,,,,,,,348,0,0,000000000,00000000000,0,0,0,1,0,0,0,0,0,0,0,40,0,0,0,12,12,2,3,42,0,0,0,1,42,17837,1,1,0,0,1,0,73,999,0,3,0,0,0,8,2007,8,2007,1,58,51,0,0,1,2,35,2,1,7,1,0,0,14,12,3,2,4,7,1,1
42,420577,1,2,1,22,6,14,49,12,2,1,0,42,3,20,461,20461,21,2005,1GBJG31U7512,1,G,B,J,G,3,1,U,7,5,1,2,0,T,CHEV,CT3,MY,5,17,,3,1770,1390,ETV,G,,0,0,000000000,00000000000,0,0,0,1,0,0,0,0,0,0,0,55,0,1,1,12,12,6,2,12,0,0,1,1,42,17067,6,1,0,0,3,1,65,999,0,0,0,0,0,0,0,0,0,0,51,0,0,0,1,2,50,2,3,2,1,0,0,14,1,1,1,2,50,0,0
42,420577,2,2,1,22,6,14,49,12,2,1,0,42,2,2,405,2405,14,2005,1J4GL48K95W6,1,J,4,G,L,4,8,K,9,5,W,6,0,T,JEEP,SPR,4W,5,17,,1,0,1043,LIB,G,,0,0,000000000,00000000000,0,0,0,1,0,0,0,0,0,0,0,50,0,0,0,12,12,6,2,12,0,0,0,1,42,17963,6,1,0,0,3,1,68,999,0,0,0,0,0,0,0,0,0,0,0,0,0,0,1,2,50,3,3,2,1,0,0,14,62,9,2,1,51,1,0
42,420578,1,1,1,26,8,3,0,42,0,1,0,42,2,24,1,24001,4,1996,1G8ZK5270TZ1,1,G,8,Z,K,5,2,7,0,T,Z,1,0,P,STRN,SL2,4D,96,17,2350,,0,1024,,G,,0,0,000000000,00000000000,0,0,0,1,0,0,0,0,0,0,0,70,0,0,0,9,9,6,2,42,0,0,0,1,42,18702,6,1,0,0,3,1,68,999,1,0,0,0,0,8,2010,8,2010,1,51,0,0,0,2,2,65,1,1,2,2,0,0,1,13,6,1,4,1,1,0
42,420579,1,1,1,12,6,6,15,33,0,1,0,42,5,30,42,30042,5,1996,3VWFA81H0TM0,3,V,W,F,A,8,1,H,0,T,M,0,0,P,VOLK,GGH,4H,96,17,2445,,0,974,,G,,0,0,000000000,00000000000,0,0,0,1,0,0,0,0,0,0,0,999,0,1,6,9,3,6,2,1,0,0,0,1,42,19390,0,0,0,0,0,0,999,999,0,0,0,0,0,0,0,0,0,0,51,0,0,0,1,2,45,1,1,2,1,0,0,1,12,4,2,4,7,1,1
42,420580,1,1,7,13,6,7,30,30,0,1,0,42,3,12,461,12461,21,2006,1FBNE31L26HA,1,F,B,N,E,3,1,L,2,6,H,A,0,T,FORD,WSD,BU,6,17,,2,0,1380,ECO,G,,0,0,000000000,00000000000,0,0,0,1,0,0,0,0,0,0,0,35,0,0,0,9,9,6,2,30,0,0,0,1,24,21136,6,1,0,0,3,0,69,160,0,0,0,0,0,0,0,0,0,1,58,87,51,0,1,2,40,3,1,7,2,0,0,14,5,2,1,4,1,1,0
42,420581,1,1,1,31,7,3,30,52,0,1,0,42,1,20,16,20016,4,1999,1G1JC5249X71,1,G,1,J,C,5,2,4,9,X,7,1,0,P,CHEV,CAV,4D,99,17,2676,,0,1041,,G,,0,0,000000000,00000000000,0,0,0,1,0,0,0,0,0,0,0,999,0,1,6,14,0,6,2,1,0,0,0,1,42,15022,6,1,0,0,3,3,70,999,1,0,0,1,1,9,2007,11,2008,0,0,0,0,0,1,2,35,3,1,2,1,0,0,14,13,1,1,4,1,1,0
42,420582,1,1,3,18,7,17,0,1,0,1,0,42,2,12,401,12401,14,1998,1FMZU34E9WUB,1,F,M,Z,U,3,4,E,9,W,U,B,0,P,FORD,EPR,UT,98,17,4146,,0,1115,,G,,0,0,000000000,00000000000,0,0,0,1,0,0,0,0,0,0,0,999,0,2,1,0,0,6,2,1,0,0,0,1,42,18643,6,1,0,0,3,0,73,999,0,0,0,0,0,0,0,0,0,1,35,0,0,0,1,2,55,1,6,2,1,0,0,6,6,9,3,6,98,1,0
42,420583,1,2,1,10,6,22,46,12,1,1,0,42,1,72,706,72706,80,2006,1HD1FRW156Y6,1,H,D,1,F,R,W,1,5,6,Y,6,0,M,HD,FCI,RS,6,17,,,,,,,1450,0,0,000000000,00000000000,0,0,0,1,0,0,0,0,0,0,0,80,0,0,0,12,12,6,2,12,0,0,0,1,42,16823,6,1,6,0,3,1,74,999,0,0,0,0,0,0,0,0,0,1,26,0,0,0,1,2,55,1,1,2,1,0,0,1,51,4,2,1,24,1,1
42,420583,2,2,1,10,6,22,46,12,1,1,0,42,3,12,481,12481,31,1993,1FDHF37M0PNA,1,F,D,H,F,3,7,M,0,P,N,A,1,T,FORD,F35,CB,93,17,,2,1610,1330,COF,D,,1,0,000000000,00000000000,0,0,0,1,0,0,0,0,0,0,0,55,0,0,0,6,6,2,1,12,0,0,0,1,42,16828,6,1,0,0,3,0,68,999,0,0,0,0,0,0,0,0,0,0,0,0,0,0,1,2,55,1,1,2,1,0,0,1,53,1,1,1,25,0,0
42,420584,1,2,1,16,6,1,0,12,2,1,0,42,2,37,32,37032,4,2000,1HGCG6651YA0,1,H,G,C,G,6,6,5,1,Y,A,0,0,P,HOND,ULX,4D,0,17,3053,,0,1069,,G,,0,0,000000000,00000000000,0,0,0,1,0,0,0,0,0,0,0,55,0,0,0,12,12,6,2,12,0,0,0,1,42,19038,6,1,0,0,3,0,68,999,1,0,0,0,0,7,2009,7,2009,1,50,51,30,0,6,1,98,1,1,2,1,0,0,1,54,1,1,1,52,1,1
42,420584,2,2,1,16,6,1,0,12,2,1,0,42,1,14,6,14006,4,1994,2MELM75W7RX6,2,M,E,L,M,7,5,W,7,R,X,6,0,P,MERC,MGL,4D,94,17,3796,,0,1144,,G,,0,0,000000000,00000000000,0,0,0,1,0,0,0,0,0,0,0,55,0,0,0,12,12,6,2,12,0,0,0,1,42,19104,6,1,0,0,3,0,68,999,1,1,0,0,1,8,2007,12,2009,0,0,0,0,0,3,3,50,1,1,2,1,0,0,1,54,4,2,1,52,0,0
42,420585,1,2,1,3,6,9,15,12,2,1,0,42,2,21,20,21020,4,1998,1G3NG52M4W63,1,G,3,N,G,5,2,M,4,W,6,3,0,P,OLDS,GLS,4D,98,17,3102,,0,1070,,G,,0,0,000000000,00000000000,0,0,0,1,0,0,0,0,0,0,0,65,0,0,0,12,12,6,2,12,0,0,0,1,42,17522,6,1,0,0,3,0,64,999,0,0,0,0,0,0,0,0,0,0,51,0,0,0,3,2,65,1,1,2,1,0,0,1,12,4,2,2,50,0,0
42,420585,2,2,2,3,6,9,15,12,2,1,0,42,1,12,16,12016,4,1993,2FACP74W9PX2,2,F,A,C,P,7,4,W,9,P,X,2,0,P,FORD,CVL,4D,93,17,3769,,0,1144,,G,,0,0,000000000,00000000000,0,0,0,1,0,0,0,0,0,0,0,65,0,0,0,12,12,6,2,12,0,0,0,1,42,17049,6,1,0,0,3,0,62,999,0,0,0,0,0,0,0,0,0,0,0,0,0,0,3,2,65,1,1,2,1,0,0,1,62,4,1,1,51,1,0
42,420586,1,2,1,4,6,23,9,12,6,1,0,42,2,24,401,24401,14,2006,5GZCZ23D76S8,5,G,Z,C,Z,2,3,D,7,6,S,8,0,P,STRN,VUE,UT,6,17,3207,,0,1066,,G,,0,0,000000000,00000000000,0,0,0,1,0,0,0,0,0,0,0,0,0,0,0,9,9,6,2,12,0,0,0,1,42,18055,6,1,0,0,3,0,67,999,0,0,0,0,0,0,0,0,0,0,81,28,54,0,3,2,65,1,1,1,1,0,0,5,90,1,1,1,48,1,0
42,420586,2,2,1,4,6,23,9,12,6,1,0,36,3,82,884,82884,66,2001,1FUJBBCGX1LG,1,F,U,J,B,B,C,G,X,1,L,G,1,T,FRHT,ST2,DS,1,17,,8,0,0,CON,D,,1,57,00144832,5700144832,3,6,1,1,0,0,0,0,0,0,0,65,0,0,0,12,12,6,2,12,0,0,0,1,36,11373,6,1,6,0,3,3,69,999,0,18,0,0,1,6,2007,1,2010,0,0,0,0,0,3,2,65,1,1,1,1,0,0,15,50,4,2,1,48,0,0
42,420587,1,1,5,7,8,3,15,42,0,1,0,42,1,2,404,2404,14,2004,1J4GW58N84C2,1,J,4,G,W,5,8,N,8,4,C,2,0,T,JEEP,LMT,4W,4,17,,1,0,1059,GCK,G,,0,0,000000000,00000000000,0,0,0,1,0,0,0,0,0,0,0,55,0,0,0,1,1,6,2,42,0,0,0,1,42,15940,6,1,0,0,3,3,66,999,1,0,0,0,1,1,2008,2,2008,1,0,0,0,0,1,2,35,3,1,2,1,0,0,14,13,2,1,4,1,1,1
42,420588,1,2,1,6,6,18,0,12,6,1,0,42,2,48,401,48401,14,2007,JF1SG63637H7,J,F,1,S,G,6,3,6,3,7,H,7,0,P,SUBA,FOR,UT,7,17,3140,,0,994,,G,,0,0,000000000,00000000000,0,0,0,1,0,0,0,0,0,0,0,999,0,0,0,4,4,6,2,12,0,0,0,1,42,16428,6,1,6,0,3,0,67,999,0,0,0,0,0,0,0,0,0,1,0,0,0,0,1,2,45,3,6,2,1,0,0,14,13,1,1,4,64,1,1
42,420588,2,2,1,6,6,18,0,12,6,1,0,42,1,12,481,12481,31,2004,1FTRF14WX4NA,1,F,T,R,F,1,4,W,X,4,N,A,0,T,FORD,F15,PK,4,17,,2,1450,1260,COF,G,,0,0,000000000,00000000000,0,0,0,1,0,0,0,0,0,0,0,35,0,0,0,11,11,6,2,12,0,0,0,1,42,16428,6,1,0,0,3,1,70,999,0,0,0,0,0,0,0,0,0,0,0,0,0,0,1,2,45,2,5,2,1,0,0,14,62,7,1,4,65,0,0
42,420589,1,1,1,15,8,1,59,1,0,1,0,42,2,72,706,72706,80,2004,1HD1BXB194Y0,1,H,D,1,B,X,B,1,9,4,Y,0,0,M,HD,ISF,RS,4,17,,,,,,,1450,0,0,000000000,00000000000,0,0,0,1,0,0,0,0,0,0,0,999,0,0,0,0,0,6,2,1,0,0,0,1,42,17322,1,1,0,0,2,0,66,999,0,1,1,0,1,10,2008,7,2009,1,51,0,0,0,1,2,40,1,1,2,2,0,0,1,10,1,1,1,98,1,1
42,420590,1,2,1,1,6,21,48,12,8,1,0,42,2,21,2,21002,4,1998,1G3HN52K2W48,1,G,3,H,N,5,2,K,2,W,4,8,0,P,OLDS,8LW,4D,98,17,3455,,0,1108,,G,,0,0,000000000,00000000000,0,0,0,1,0,0,0,0,0,0,0,999,0,0,0,11,11,6,2,42,0,0,0,1,42,19057,6,1,0,0,3,0,67,999,0,0,0,0,0,0,0,0,0,0,51,0,0,0,1,2,35,2,1,2,1,0,0,14,10,1,1,1,64,1,0
42,420590,2,2,2,1,6,21,48,12,8,1,0,42,2,20,16,20016,2,1998,1G1JF12T3W72,1,G,1,J,F,1,2,T,3,W,7,2,0,P,CHEV,CZ2,CP,98,17,2749,,0,1041,,G,,0,0,000000000,00000000000,0,0,0,1,0,0,0,0,0,0,0,999,0,0,0,7,7,6,2,12,0,0,0,1,42,19047,6,1,0,0,3,0,65,999,0,0,0,0,0,0,0,0,0,0,0,0,0,0,1,2,35,3,1,2,1,0,0,14,62,7,1,1,65,0,0
42,420591,1,1,1,13,8,0,25,58,0,1,0,42,2,47,34,47034,5,1997,YS3CH65RXV10,Y,S,3,C,H,6,5,R,X,V,1,0,0,P,SAA,9AO,4H,97,17,3250,,0,1052,,G,,0,0,000000000,00000000000,0,0,0,1,0,0,0,0,0,0,0,999,0,1,6,14,6,6,2,19,0,0,0,1,42,17545,6,1,0,0,3,3,74,999,1,3,0,1,2,6,2009,5,2010,1,52,58,0,0,1,2,40,3,1,2,2,0,0,14,13,1,1,4,1,1,1
42,420592,1,2,1,18,6,16,19,12,2,1,0,42,1,9,19,9019,4,1994,3P3AA4635RT2,3,P,3,A,A,4,6,3,5,R,T,2,0,P,PLYM,ACC,4D,94,17,2751,,0,1035,,G,,0,0,000000000,00000000000,0,0,0,1,0,0,0,0,0,0,0,999,0,0,0,12,12,6,2,12,0,0,0,1,42,16630,6,1,0,0,3,3,65,999,0,1,0,0,0,11,2008,11,2008,0,35,51,0,0,1,3,55,2,6,2,1,0,0,6,10,1,1,1,50,1,1
42,420592,2,2,1,18,6,16,19,12,2,1,0,42,1,6,441,6441,20,2006,2A4GP44R76R8,2,A,4,G,P,4,4,R,7,6,R,8,0,P,CHRY,TWC,SV,6,17,4163,,0,1193,,G,,0,0,000000000,00000000000,0,0,0,1,0,0,0,0,0,0,0,999,0,0,0,12,12,6,2,12,0,0,0,1,42,16692,6,1,0,0,3,0,72,999,0,0,0,0,0,0,0,0,0,0,0,0,0,0,1,3,55,3,5,2,1,0,0,14,62,1,1,1,51,0,0
42,420593,1,1,4,24,8,16,5,35,0,1,0,36,2,30,42,30042,3,2010,WVWED7AJ5AW3,W,V,W,E,D,7,A,J,5,A,W,3,0,P,VOLK,GTI,2H,10,17,3034,,0,1015,,G,,0,0,000000000,00000000000,0,0,0,1,0,0,0,0,0,0,0,70,0,0,0,1,1,6,2,42,0,0,0,1,36,11725,6,1,0,0,3,0,72,999,0,0,0,0,0,0,0,0,0,0,36,0,0,0,3,2,65,3,1,2,1,0,0,14,13,1,1,4,1,1,0
42,420594,1,1,2,14,8,2,34,32,0,1,0,42,1,12,481,12481,31,2001,2FTRX18L71CA,2,F,T,R,X,1,8,L,7,1,C,A,0,T,FORD,F15,4C,1,17,,2,1574,1388,COF,G,,0,0,000000000,00000000000,0,0,0,1,0,0,0,0,0,0,0,65,0,1,6,5,0,6,2,1,0,0,0,1,42,17051,6,1,0,0,3,0,70,999,0,0,0,0,0,0,0,0,0,1,58,0,0,0,1,2,40,3,1,2,1,0,0,14,13,8,4,4,1,1,1
42,420595,1,2,1,8,6,16,39,12,6,1,0,42,1,49,32,49032,4,2006,JTDBR32E7600,J,T,D,B,R,3,2,E,7,6,0,0,0,P,TOYT,EEL,4D,6,17,2530,,0,1024,,G,,0,0,000000000,00000000000,0,0,0,1,0,0,0,0,0,0,0,10,0,0,0,11,11,6,2,12,0,0,0,1,42,16063,6,1,0,0,3,0,64,999,0,0,0,0,0,0,0,0,0,0,39,0,0,0,1,2,25,1,1,2,1,20,3,10,16,1,1,1,78,1,0
42,420595,2,2,1,8,6,16,39,12,6,1,0,42,1,53,34,53034,4,2005,KL5JD56Z95K1,K,L,5,J,D,5,6,Z,9,5,K,1,0,P,SUZI,FZS,4D,5,17,2700,,0,1024,,G,,0,0,000000000,00000000000,0,0,0,1,0,0,0,0,0,0,0,25,0,0,0,1,1,6,2,12,0,0,0,1,42,16063,6,1,0,0,3,3,66,999,1,1,1,1,0,11,2007,11,2009,0,0,0,0,0,1,2,35,1,1,2,1,0,0,1,65,1,1,1,79,0,0
42,420596,1,2,2,5,6,7,35,12,2,1,0,42,1,37,32,37032,4,2007,1HGCM55167A0,1,H,G,C,M,5,5,1,6,7,A,0,0,P,HOND,UVP,4D,7,17,3124,,0,1079,,G,,0,0,000000000,00000000000,0,0,0,1,0,0,0,0,0,0,0,40,0,0,0,12,12,6,2,12,0,0,0,1,42,17024,6,1,0,0,3,0,62,999,0,0,0,0,0,0,0,0,0,0,51,0,0,0,1,2,45,2,1,2,2,0,0,14,10,1,1,2,50,1,0
42,420596,2,2,1,5,6,7,35,12,2,1,0,42,3,84,884,84884,63,1992,1HTSHNZT2NH4,1,H,T,S,H,N,Z,T,2,N,H,4,0,T,INTL,490,TM,92,17,,8,2540,1280,40S,D,,0,57,00348392,5700348392,3,2,3,1,0,0,0,0,0,0,0,20,0,0,0,12,12,6,2,12,0,0,0,1,42,17013,6,1,6,0,3,0,67,999,0,0,0,0,0,0,0,0,0,0,0,0,0,0,1,2,45,3,4,2,2,0,0,14,62,2,2,1,51,0,0
42,420597,1,2,1,30,6,16,0,12,2,1,0,12,1,49,40,49040,4,2001,JT2BF22K2103,J,T,2,B,F,2,2,K,2,1,0,3,0,P,TOYT,CXL,4D,1,17,3175,,0,1051,,G,,0,0,000000000,00000000000,0,0,0,1,0,0,0,0,0,0,0,45,0,0,0,12,12,6,2,12,0,0,0,1,12,33870,6,1,0,0,3,3,74,999,0,0,0,0,0,0,0,0,0,0,51,0,0,0,1,3,45,1,1,2,1,3,3,1,10,1,1,2,50,0,0
42,420597,2,2,1,30,6,16,0,12,2,1,0,42,1,48,38,48038,6,2004,JF1GG68564H8,J,F,1,G,G,6,8,5,6,4,H,8,0,P,SUBA,ISP,SW,4,17,3050,,0,994,,G,,0,0,000000000,00000000000,0,0,0,1,0,0,0,0,0,0,0,0,0,0,0,12,12,6,2,12,0,0,0,1,42,17110,6,1,0,0,3,3,61,999,0,0,0,1,0,9,2007,9,2007,0,0,0,0,0,1,3,45,1,1,2,1,3,3,5,62,1,1,1,51,1,0
42,420598,1,1,1,24,6,0,20,34,0,1,0,42,2,73,705,73705,80,2009,JKAKLEE169DA,J,K,A,K,L,E,E,1,6,9,D,A,0,M,KAWK,KLE,EN,9,17,,,,,,,651,0,0,000000000,00000000000,0,0,0,1,0,0,0,0,0,0,0,999,0,0,0,1,14,6,2,14,0,0,0,1,42,18431,1,1,0,0,2,0,71,999,0,2,0,1,0,8,2007,8,2009,1,58,0,0,0,1,2,40,3,6,2,1,0,0,14,13,4,2,4,2,1,1
42,420599,1,1,2,1,8,16,22,42,0,1,0,42,2,73,706,73706,80,1979,KZ750B044381,K,Z,7,5,0,B,0,4,4,3,8,1,0,P,,,,,,,,,,,,,0,0,000000000,00000000000,0,0,0,1,0,0,0,0,0,0,0,50,0,0,0,12,12,6,2,42,0,0,0,1,42,15666,0,0,0,0,0,0,66,999,0,2,0,0,2,8,2008,8,2009,1,58,0,0,0,1,2,55,3,2,2,1,40,3,14,13,1,1,4,1,1,1
42,420600,1,1,2,7,8,1,52,30,0,1,0,42,1,20,4,20004,2,1978,1Z87L8S40253,1,Z,8,7,L,8,S,4,0,2,5,3,0,P,,,,,,,,,,,,,0,0,000000000,00000000000,0,0,0,1,0,0,0,0,0,0,0,70,0,0,0,4,4,6,2,30,0,0,0,1,42,16412,6,1,0,0,3,3,64,999,0,0,0,0,0,0,0,0,0,1,51,0,0,0,1,2,45,3,5,2,1,0,0,14,6,1,1,4,7,1,1
42,420601,1,1,3,13,8,2,29,42,0,1,0,42,2,32,42,32042,4,1999,WAUBA24B3XN0,W,A,U,B,A,2,4,B,3,X,N,0,0,P,AUDI,A6Q,4D,99,17,3669,,0,1086,,G,,0,0,000000000,00000000000,0,0,0,1,0,0,0,0,0,0,0,50,0,0,0,5,5,6,2,42,0,0,0,1,42,19382,6,1,0,0,3,1,65,999,0,0,0,0,0,0,0,0,0,1,51,0,0,0,1,2,25,3,1,2,2,40,3,14,13,7,4,4,2,1,0
42,420602,1,2,1,21,6,12,11,12,6,1,0,42,1,2,403,2403,14,2009,1J4FA24129L7,1,J,4,F,A,2,4,1,2,9,L,7,0,T,JEEP,WXR,2W,9,17,,1,0,954,WRA,G,,0,0,000000000,00000000000,0,0,0,1,0,0,0,0,0,0,0,30,0,1,1,7,7,4,3,1,0,0,0,1,42,17220,6,1,0,0,3,0,68,999,0,0,0,0,0,0,0,0,0,0,39,0,0,0,1,2,25,1,1,2,1,20,3,1,17,1,1,1,89,1,0
42,420602,2,2,1,21,6,12,11,12,6,1,0,42,1,13,1,13001,4,1996,1LNLM82W4TY6,1,L,N,L,M,8,2,W,4,T,Y,6,0,P,LINC,SDJ,4D,96,17,4040,,0,1174,,G,,0,0,000000000,00000000000,0,0,0,1,0,0,0,0,0,0,0,50,0,0,0,12,12,4,3,12,0,0,0,1,42,17257,6,1,0,0,3,2,68,999,0,0,0,0,0,0,0,0,0,0,74,0,0,0,1,2,50,1,1,2,1,0,0,1,66,1,1,1,88,0,0
42,420603,1,2,1,17,6,11,37,12,6,1,0,42,1,20,443,20443,20,2003,1GNDX03E13D1,1,G,N,D,X,0,3,E,1,3,D,1,0,T,CHEV,VTR,ES,3,17,,1,0,1200,VTR,G,,0,0,000000000,00000000000,0,0,0,1,0,0,0,0,0,0,0,999,0,0,0,3,3,6,2,12,0,0,0,1,42,16652,6,1,0,0,3,1,63,999,0,0,0,0,0,0,0,0,0,0,48,0,0,0,1,2,55,1,1,2,1,0,0,11,15,1,1,1,68,0,0
42,420603,2,2,1,17,6,11,37,12,6,1,0,42,1,76,705,76705,80,2007,JYARJ12E17A0,J,Y,A,R,J,1,2,E,1,7,A,0,0,M,YAMA,R6L,RS,7,17,,,,,,,599,0,0,000000000,00000000000,0,0,0,1,0,0,0,0,0,0,0,999,0,0,0,12,12,6,2,12,0,0,0,1,42,16652,3,1,0,0,2,3,71,999,0,5,0,1,2,7,2007,10,2009,1,0,0,0,0,1,2,55,1,1,2,1,0,0,1,62,1,1,1,69,1,0
42,420604,1,2,1,30,6,12,57,12,6,1,0,1,1,73,709,73709,80,2007,JKBZXNA187A0,J,K,B,Z,X,N,A,1,8,7,A,0,0,M,KAWK,X4A,RS,7,17,,,,,,,1352,0,0,000000000,00000000000,0,0,0,1,0,0,0,0,0,0,0,999,0,0,0,12,12,9,1,12,0,0,0,1,1,36744,6,1,0,0,3,0,71,200,0,2,0,1,0,1,2008,2,2008,0,0,0,0,0,1,2,0,1,1,2,1,0,0,1,66,4,2,1,86,1,0
42,420604,2,2,1,30,6,12,57,12,6,1,0,42,1,41,35,41035,4,2001,JM1BJ2255104,J,M,1,B,J,2,2,5,5,1,0,4,0,P,MAZD,PLS,4D,1,17,2634,,0,1028,,G,,0,0,000000000,00000000000,0,0,0,1,0,0,0,0,0,0,0,999,0,0,0,3,3,4,1,12,0,0,0,1,42,19104,6,1,0,0,3,0,63,999,0,0,0,0,0,0,0,0,0,0,39,0,0,0,4,1,0,1,1,2,1,20,3,1,17,99,1,1,87,0,0
42,420605,1,1,1,11,8,16,59,1,0,1,0,42,2,20,402,20402,14,1996,2CNBJ1861T69,2,C,N,B,J,1,8,6,1,T,6,9,0,P,GEO,GEO,UT,96,17,2555,,0,866,,G,,0,0,000000000,00000000000,0,0,0,1,0,0,0,0,0,0,0,999,0,2,1,0,0,6,2,1,0,0,0,1,42,18651,1,1,0,0,2,0,70,999,0,1,1,0,1,10,2008,3,2009,1,27,0,0,0,3,2,55,1,1,2,1,0,0,15,98,6,4,2,98,1,0
42,420606,1,2,1,23,6,13,30,12,2,1,0,42,2,37,39,37039,5,2007,JHMGD38627S0,J,H,M,G,D,3,8,6,2,7,S,0,0,P,HOND,FIS,4H,7,17,2551,,0,965,,G,,0,0,000000000,00000000000,0,0,0,1,0,0,0,0,0,0,0,45,0,0,0,12,12,6,2,12,0,0,0,1,42,15236,6,1,0,0,3,0,62,999,0,0,0,0,0,0,0,0,0,0,51,0,0,0,3,2,40,1,6,1,1,0,0,1,10,1,1,2,50,1,0
42,420606,2,2,1,23,6,13,30,12,2,1,0,18,3,82,884,82884,66,2007,1FUJA6CK37LZ,1,F,U,J,A,6,C,K,3,7,L,Z,1,T,FRHT,COL,DS,7,17,,8,0,0,CON,D,,1,57,00257317,5700257317,3,6,1,1,0,0,0,0,0,0,0,40,0,0,0,12,12,6,2,12,0,0,0,1,18,46952,6,1,6,1,3,3,71,210,0,0,0,0,0,0,0,0,0,0,0,0,0,0,3,2,40,1,5,1,1,0,0,1,62,2,1,2,51,0,0
42,420607,1,2,1,30,6,14,2,12,6,1,0,42,3,6,442,6442,20,2003,1C4GJ45393B1,1,C,4,G,J,4,5,3,9,3,B,1,0,P,CHRY,VOV,SV,3,17,3884,,0,1133,,F,,0,0,000000000,00000000000,0,0,0,1,0,0,0,0,0,0,0,50,0,0,0,11,11,6,2,12,0,0,0,1,42,19605,6,1,0,0,3,3,64,999,1,0,0,0,0,2,2008,2,2008,0,51,0,0,0,1,2,45,2,1,2,1,0,0,14,10,1,1,2,64,1,0
42,420607,2,2,1,30,6,14,2,12,6,1,0,42,3,87,881,87881,63,2006,1NPALU0X76N8,1,N,P,A,L,U,0,X,7,6,N,8,0,T,PTRB,357,TM,6,17,,8,0,0,CON,D,,0,57,01282783,5701282783,3,2,4,1,0,0,0,0,0,0,0,50,0,0,0,11,11,6,2,12,0,0,1,1,42,19401,6,1,6,1,3,1,64,999,1,0,0,0,2,6,2008,5,2009,0,0,0,0,0,1,2,45,3,1,2,1,0,0,14,62,1,1,1,65,0,0
42,420608,1,4,1,27,6,17,1,12,2,1,0,42,3,7,442,7442,20,2003,1D4GP24393B2,1,D,4,G,P,2,4,3,9,3,B,2,0,P,DODG,CAR,SV,3,17,3877,,0,1193,,F,,0,0,000000000,00000000000,0,0,0,1,0,0,0,0,0,1,0,999,0,0,0,12,12,6,2,12,0,0,0,1,42,17111,6,1,0,0,3,1,74,999,1,3,0,1,1,8,2008,10,2009,0,51,36,0,0,1,2,55,2,1,2,1,0,0,14,10,4,2,2,50,0,0