STATE,ST_CASE,VEH_NO,VE_FORMS,NUMOCCS,DAY,MONTH,HOUR,MINUTE,HARM_EV,MAN_COLL,UNITTYPE,HIT_RUN,REG_STAT,OWNER,MAKE,MODEL,MAK_MOD,BODY_TYP,MOD_YEAR,VIN,VIN_1,VIN_2,VIN_3,VIN_4,VIN_5,VIN_6,VIN_7,VIN_8,VIN_9,VIN_10,VIN_11,VIN_12,TOW_VEH,VINTYPE,VINMAKE,VINA_MOD,VIN_BT,VINMODYR,VIN_LNGT,VIN_WGT,WGTCD_TR,WHLBS_LG,WHLBS_SH,SER_TR,FUELCODE,MCYCL_DS,J_KNIFE,MCARR_I1,MCARR_I2,MCARR_ID,GVWR,V_CONFIG,CARGO_BT,HAZ_INV,HAZ_PLAC,HAZ_ID,HAZ_CNO,HAZ_REL,BUS_USE,SPEC_USE,EMER_USE,TRAV_SP,UNDERIDE,ROLLOVER,ROLINLOC,IMPACT1,IMPACT2,DEFORMED,TOWED,M_HARM,VEH_SC1,VEH_SC2,FIRE_EXP,DR_PRES,L_STATE,DR_ZIP,L_STATUS,L_TYPE,CDL_STAT,L_ENDORS,L_COMPL,L_RESTRI,DR_HGT,DR_WGT,PREV_ACC,PREV_SUS,PREV_DWI,PREV_SPD,PREV_OTH,FIRST_MO,FIRST_YR,LAST_MO,LAST_YR,SPEEDREL,DR_SF1,DR_SF2,DR_SF3,DR_SF4,VTRAFWAY,VNUM_LAN,VSPD_LIM,VALIGN,VPROFILE,VPAVETYP,VSURCOND,VTRAFCON,VTCONT_F,P_CRASH1,P_CRASH2,P_CRASH3,PCRASH4,PCRASH5,ACC_TYPE,DEATHS,DR_DRINK
42,420711,1,3,4,23,7,16,3,12,8,1,0,42,1,12,16,12016,4,2001,2FAFP73W81X1,2,F,A,F,P,7,3,W,8,1,X,1,0,P,FORD,CVI,4D,1,17,3913,,0,1147,,G,,0,0,000000000,00000000000,0,0,0,1,0,0,0,0,0,0,0,999,0,0,0,11,11,6,2,12,0,0,0,1,42,17260,6,1,0,0,3,0,62,999,0,0,0,0,0,0,0,0,0,0,51,0,0,0,1,2,55,2,5,2,1,0,0,14,10,1,1,2,64,1,0
42,420711,2,3,2,23,7,16,3,12,8,1,0,42,2,14,401,14401,14,2007,4M2EU38827UJ,4,M,2,E,U,3,8,8,2,7,U,J,0,P,MERC,MOU,UT,7,17,4655,,0,1137,,G,,0,0,000000000,00000000000,0,0,0,1,0,0,0,0,0,0,0,999,0,0,0,7,7,6,2,12,0,0,0,1,42,17255,6,1,0,0,3,0,65,999,0,0,0,0,0,0,0,0,0,0,0,0,0,0,1,2,55,3,6,2,1,0,0,14,62,7,1,1,65,0,0
42,420711,3,3,2,23,7,16,3,12,8,1,0,42,3,12,401,12401,14,2005,1FMZU72K65UA,1,F,M,Z,U,7,2,K,6,5,U,A,0,P,FORD,EPR,UT,5,17,4094,,0,1137,,F,,0,0,000000000,00000000000,0,0,0,1,0,0,0,0,0,5,0,999,0,1,6,12,12,6,2,12,0,0,0,1,42,16647,6,1,0,0,3,0,70,999,0,0,0,0,0,0,0,0,0,0,16,0,0,0,1,2,55,3,6,2,1,0,0,14,62,7,1,1,98,0,0
42,420712,1,3,4,26,7,18,49,12,1,1,0,42,2,38,402,38402,14,2001,4S2DM58W7143,4,S,2,D,M,5,8,W,7,1,4,3,0,P,ISU,ROD,UT,1,17,4124,,0,1064,,G,,0,0,000000000,00000000000,0,0,0,1,0,0,0,0,0,0,0,50,0,0,0,12,12,6,2,12,0,0,0,1,42,15479,6,1,0,0,3,1,65,999,0,0,0,0,0,0,0,0,0,0,39,0,0,0,3,2,50,1,1,2,1,3,3,1,50,1,1,1,20,0,0
42,420712,2,3,1,26,7,18,49,12,1,1,0,42,1,76,706,76706,80,2006,JYAVP11E06A0,J,Y,A,V,P,1,1,E,0,6,A,0,0,M,YAMA,XVA,RS,6,17,,,,,,,1063,0,0,000000000,00000000000,0,0,0,1,0,0,0,0,0,0,0,0,0,0,0,6,6,6,2,12,0,0,0,1,42,15644,6,1,0,0,2,0,69,999,0,1,0,0,0,9,2007,9,2007,0,0,0,0,0,3,2,50,1,1,2,1,3,3,5,53,1,1,1,21,1,0
42,420712,3,3,1,26,7,18,49,12,1,1,0,42,2,18,402,18402,14,2004,5GADT13S8422,5,G,A,D,T,1,3,S,8,4,2,2,0,P,BUIC,RNR,UT,4,17,4600,,0,1130,,G,,0,0,000000000,00000000000,0,0,0,1,0,0,0,0,0,0,0,10,0,0,0,11,11,4,3,12,0,0,0,1,42,15601,6,1,0,0,3,0,66,999,0,0,0,0,0,0,0,0,0,0,0,0,0,0,1,2,25,1,1,2,1,3,3,3,17,1,1,1,98,0,0
42,420713,1,3,1,6,7,17,12,12,1,1,0,39,3,82,884,82884,66,2006,1FUJA6CK76LW,1,F,U,J,A,6,C,K,7,6,L,W,1,T,FRHT,COL,DS,6,17,,8,0,0,CON,D,,1,57,00215793,5700215793,3,6,1,1,0,0,0,0,0,0,0,65,0,1,3,12,12,6,2,12,0,0,0,1,42,16145,6,1,6,1,3,0,73,999,0,0,0,0,1,2,2008,2,2008,0,36,39,0,0,2,2,65,1,5,2,1,40,3,1,50,8,2,2,20,0,0
42,420713,2,3,3,6,7,17,12,12,1,1,0,42,1,49,47,49047,6,2004,2T1KR32E84C2,2,T,1,K,R,3,2,E,8,4,C,2,0,P,TOYT,CTR,4H,4,17,2701,,0,1024,,G,,0,0,000000000,00000000000,0,0,0,1,0,0,0,0,0,0,0,0,1,0,0,6,6,6,2,12,0,0,0,1,42,17325,6,1,0,0,3,3,68,999,0,0,0,0,0,0,0,0,0,0,0,0,0,0,2,2,65,1,5,2,1,40,3,5,53,1,1,1,21,1,0
42,420713,3,3,1,6,7,17,12,12,1,1,0,18,3,84,881,84881,63,2005,1HTMMAAN55H1,1,H,T,M,M,A,A,N,5,5,H,1,0,T,INTL,430,CC,5,17,,7,0,0,40S,D,,0,57,01685530,5701685530,3,1,3,1,0,0,0,0,0,0,0,0,0,0,0,6,6,2,1,12,0,0,0,1,42,16510,6,1,6,0,3,0,68,999,2,0,0,0,0,7,2008,5,2009,0,0,0,0,0,2,2,65,1,5,2,1,40,3,5,53,1,1,1,98,0,0
42,420714,1,3,1,30,7,16,0,12,1,1,0,42,1,23,481,23481,31,2003,1GTHK23103F2,1,G,T,H,K,2,3,1,0,3,F,2,0,T,GMC,2KH,CW,3,17,,2,1670,1530,SIE,D,,0,0,000000000,00000000000,0,0,0,1,0,0,0,0,0,0,0,65,0,0,0,12,12,6,2,12,0,0,0,1,42,17004,6,1,0,0,3,3,66,999,0,0,0,1,0,6,2010,6,2010,1,36,26,0,0,1,2,55,1,1,2,1,0,0,1,50,2,1,1,20,0,0
42,420714,2,3,1,30,7,16,0,12,1,1,0,42,3,20,473,20473,30,2007,1GCCS1499782,1,G,C,C,S,1,4,9,9,7,8,2,0,T,CHEV,RDO,PK,7,17,,1,0,1113,CAL,G,,0,0,000000000,00000000000,0,0,0,1,0,0,0,0,0,0,0,0,0,0,0,6,6,6,2,12,0,0,0,1,42,17044,6,1,0,0,3,0,70,999,0,0,0,1,0,3,2009,3,2009,0,0,0,0,0,1,2,55,1,1,2,1,0,0,5,53,1,1,1,21,1,0
42,420714,3,3,1,30,7,16,0,12,1,1,0,42,2,20,481,20481,31,2002,1GCHK29U42E2,1,G,C,H,K,2,9,U,4,2,E,2,0,T,CHEV,2KH,4C,2,17,,2,1575,1435,SIL,G,,0,0,000000000,00000000000,0,0,0,1,0,0,0,0,0,0,0,0,0,0,0,6,6,4,1,12,0,0,0,1,42,17060,6,1,6,0,3,1,71,999,0,0,0,1,0,8,2008,8,2008,0,0,0,0,0,1,2,55,1,1,2,1,0,0,5,53,1,1,1,98,0,0
42,420715,1,4,1,23,7,17,11,12,8,1,0,42,1,49,403,49403,14,2004,JTEEP21A3400,J,T,E,E,P,2,1,A,3,4,0,0,0,P,TOYT,HIG,UT,4,17,3927,,0,1069,,G,,0,0,000000000,00000000000,0,0,0,1,0,0,0,0,0,0,0,35,0,0,0,11,11,6,2,12,0,0,0,1,42,17033,6,1,0,0,3,3,69,999,0,0,0,0,0,0,0,0,0,0,51,0,0,0,1,2,35,1,5,2,1,0,0,1,10,1,1,2,64,0,1
42,420715,2,4,3,23,7,17,11,12,8,1,0,42,1,20,481,20481,31,2000,2GCEK19T8Y13,2,G,C,E,K,1,9,T,8,Y,1,3,0,T,CHEV,SK1,PC,0,17,,2,1575,1435,SIL,G,,0,0,000000000,00000000000,0,0,0,1,0,0,0,0,0,0,0,35,0,1,1,11,10,6,2,12,0,0,0,1,42,17110,6,1,0,0,3,3,71,999,0,0,0,0,0,0,0,0,0,0,0,0,0,0,1,2,35,2,6,2,1,0,0,14,62,9,1,1,65,1,0
42,420715,3,4,1,23,7,17,11,12,8,1,0,42,1,48,401,48401,14,2010,JF2SH6CC3AH7,J,F,2,S,H,6,C,C,3,A,H,7,0,P,SUBA,FOR,UT,10,17,3300,,0,1030,,G,,0,0,000000000,00000000000,0,0,0,1,0,0,0,0,0,0,0,40,0,0,0,12,12,6,2,12,0,0,0,1,42,17922,6,1,0,0,3,3,64,999,0,0,0,0,0,0,0,0,0,0,0,0,0,0,1,2,35,1,1,2,1,0,0,1,62,2,2,1,98,0,0
42,420715,4,4,2,23,7,17,11,12,8,1,0,42,1,41,52,41052,6,2010,JM1CR2WL2A03,J,M,1,C,R,2,W,L,2,A,0,3,0,P,MAZD,MA5,4H,10,17,3422,,0,1083,,G,,0,0,000000000,00000000000,0,0,0,1,0,0,0,0,0,0,0,5,0,0,0,1,1,2,1,12,0,0,0,1,42,17038,6,1,0,0,3,0,69,999,0,0,0,0,0,0,0,0,0,0,0,0,0,0,1,2,35,1,1,2,1,0,0,1,52,3,2,1,98,0,0
42,420716,1,4,2,17,7,12,17,33,0,1,0,42,1,12,17,12017,4,2005,1FAFP53245A1,1,F,A,F,P,5,3,2,4,5,A,1,0,P,FORD,TSE,4D,5,17,3306,,0,1085,,F,,0,0,000000000,00000000000,0,0,0,1,0,0,0,0,0,0,0,70,3,0,0,12,12,6,2,12,0,0,0,1,42,19111,6,1,0,0,3,3,68,999,1,0,0,0,0,6,2010,6,2010,1,36,0,0,0,1,2,35,1,1,2,1,0,0,1,13,1,1,4,1,1,0
42,420716,2,4,1,17,7,12,17,33,0,1,0,42,1,12,401,12401,14,2006,1FMEU73E66UA,1,F,M,E,U,7,3,E,6,6,U,A,0,P,FORD,EPR,UT,6,17,4456,,0,1137,,G,,0,0,000000000,00000000000,0,0,0,1,0,0,0,0,0,0,0,5,0,0,0,5,5,2,1,12,0,0,0,1,42,19111,6,1,0,0,3,0,70,999,0,1,0,0,0,12,2007,12,2007,0,0,0,0,0,0,0,0,0,0,0,0,0,0,1,98,1,1,1,98,0,0
42,420716,3,4,2,17,7,12,17,33,0,1,0,34,3,98,806,98806,63,2006,5PVNE8JT862S,5,P,V,N,E,8,J,T,8,6,2,S,0,T,HINO,268,CC,6,17,,6,0,0,HIN,D,,0,88,888888888,88888888888,3,1,1,1,0,0,0,0,0,0,0,0,0,0,0,8,8,2,1,12,0,0,0,1,34,7032,6,1,99,0,3,0,71,999,0,1,0,0,1,12,2008,5,2009,0,0,0,0,0,1,2,99,1,1,2,1,3,3,5,98,1,1,1,98,0,0
42,420716,4,4,1,17,7,12,17,33,0,1,0,42,1,12,401,12401,14,2004,1FMZU73K94UA,1,F,M,Z,U,7,3,K,9,4,U,A,0,P,FORD,EPR,UT,4,17,4094,,0,1137,,F,,0,0,000000000,00000000000,0,0,0,1,0,0,0,0,0,0,0,0,0,0,0,8,8,6,2,12,0,0,0,1,42,19111,6,1,0,0,3,0,72,999,0,0,0,0,0,0,0,0,0,0,0,0,0,0,1,2,99,1,1,2,1,3,3,5,98,1,1,1,98,0,0
42,420717,1,2,1,23,7,19,31,12,6,1,0,42,1,55,402,55402,14,2005,KM8JM12B75U2,K,M,8,J,M,1,2,B,7,5,U,2,0,P,HYUN,TUC,UT,5,17,3240,,0,1035,,G,,0,0,000000000,00000000000,0,0,0,1,0,0,0,0,0,0,0,999,0,0,0,4,4,6,2,12,0,0,0,1,42,19076,6,1,0,0,3,3,64,999,0,0,0,0,0,0,0,0,0,0,48,0,0,0,2,4,35,1,1,2,1,0,0,11,15,1,1,1,68,0,0
42,420717,2,2,1,23,7,19,31,12,6,1,0,42,1,37,706,37706,80,2008,JH2SC59038M0,J,H,2,S,C,5,9,0,3,8,M,0,0,M,HOND,CBS,RC,8,17,,,,,,,998,0,0,000000000,00000000000,0,0,0,1,0,0,0,0,0,0,0,999,0,0,0,12,12,6,2,12,0,0,0,1,42,19018,6,1,0,0,2,0,71,999,0,0,0,1,0,9,2008,9,2008,1,0,0,0,0,2,4,35,1,1,2,1,0,0,1,62,2,2,1,69,1,0
42,420718,1,1,2,10,6,13,43,34,0,1,0,42,1,18,2,18002,4,2000,1G4HP54K0Y41,1,G,4,H,P,5,4,K,0,Y,4,1,0,P,BUIC,LCF,4D,0,17,3567,,0,1122,,G,,0,0,000000000,00000000000,0,0,0,1,0,0,0,0,0,0,0,45,0,0,0,14,12,6,2,19,0,0,0,1,42,18832,6,1,0,0,3,3,62,999,0,0,0,1,0,11,2009,11,2009,0,28,58,0,0,1,2,45,1,1,2,1,0,0,1,10,7,1,4,1,1,0
42,420719,1,1,3,11,9,19,41,8,0,1,0,42,1,12,17,12017,4,2006,1FAFP56U66A1,1,F,A,F,P,5,6,U,6,6,A,1,0,P,FORD,TEL,4D,6,17,3314,,0,1085,,G,,0,0,000000000,00000000000,0,0,0,1,0,0,0,0,0,0,0,55,0,0,0,12,12,4,3,8,0,0,0,1,42,16001,6,1,0,0,3,0,70,999,0,0,0,0,0,0,0,0,0,0,0,0,0,0,1,2,55,1,1,2,1,0,0,1,80,3,2,1,13,0,0
42,420720,1,1,1,23,8,10,25,42,0,1,0,42,1,18,7,18007,4,1984,1G4AL1938ED4,1,G,4,A,L,1,9,3,8,E,D,4,0,P,BUIC,CLM,4D,84,17,2711,,0,1049,,G,,0,0,000000000,00000000000,0,0,0,1,0,0,0,0,0,0,0,35,0,1,6,2,0,6,2,1,0,0,0,1,42,18644,6,1,0,0,3,0,64,999,0,0,0,0,0,0,0,0,0,0,58,0,0,0,1,2,35,3,6,2,1,0,0,14,13,8,3,4,2,1,0
42,420721,1,1,1,9,9,15,15,24,0,1,0,21,1,72,706,72706,80,2010,1HD1KH41XAB6,1,H,D,1,K,H,4,1,X,A,B,6,0,M,HD,LRX,RS,10,17,,,,,,,1584,0,0,000000000,00000000000,0,0,0,1,0,0,0,0,0,0,0,65,0,0,0,10,10,6,2,1,0,0,0,1,21,42728,6,1,0,0,3,3,69,180,0,0,0,0,0,0,0,0,0,0,0,0,0,0,3,2,65,1,5,2,1,0,0,1,9,1,1,4,6,1,0
42,420722,1,1,1,18,9,7,40,35,0,1,0,42,2,20,481,20481,31,1997,1GCEK14M7VE1,1,G,C,E,K,1,4,M,7,V,E,1,0,T,CHEV,GK1,PK,97,17,,2,1315,1175,GM4,G,,0,0,000000000,00000000000,0,0,0,1,0,0,0,0,0,0,0,55,0,1,5,14,0,2,3,1,0,0,0,1,42,16403,6,1,0,0,3,0,67,999,0,2,3,0,0,10,2007,3,2009,0,99,99,99,99,1,2,55,1,5,2,1,0,0,1,13,8,3,4,2,1,1
42,420723,1,1,1,2,9,9,56,32,0,1,0,42,1,12,481,12481,31,2001,1FTRX18W81NA,1,F,T,R,X,1,8,W,8,1,N,A,0,T,FORD,F15,4C,1,17,,2,1574,1388,COF,G,,0,0,000000000,00000000000,0,0,0,1,0,0,0,0,0,0,0,45,0,0,0,12,12,6,2,42,0,0,0,1,42,16406,6,1,6,0,3,0,73,999,0,0,0,0,0,0,0,0,0,0,36,0,0,0,1,2,55,2,1,2,1,0,0,14,13,1,1,4,1,1,1
42,420724,1,1,1,25,9,18,15,34,0,1,0,92,0,98,739,98739,90,2004,4XACH50A54A3,4,X,A,C,H,5,0,A,5,4,A,3,0,M,POL,SP5,AT,4,17,,,,,,,499,0,0,000000000,00000000000,0,0,0,1,0,0,0,0,0,0,0,30,0,1,1,14,0,2,1,1,0,0,0,1,42,16049,6,1,0,0,1,0,67,999,0,0,0,0,0,0,0,0,0,0,51,0,0,0,1,2,55,1,6,2,1,0,0,1,12,99,1,4,6,1,1
42,420725,1,1,1,11,9,19,52,8,0,1,0,42,1,24,1,24001,4,1994,1G8ZK5579RZ1,1,G,8,Z,K,5,5,7,9,R,Z,1,0,P,STRN,SL2,4D,94,17,2338,,0,1024,,G,,0,0,000000000,00000000000,0,0,0,1,0,0,0,0,0,0,0,25,0,0,0,12,12,2,3,8,0,0,0,1,42,17972,6,1,0,0,3,0,68,999,0,0,0,0,0,0,0,0,0,0,0,0,0,0,1,2,25,1,5,2,1,0,0,1,80,1,1,1,13,0,0
42,420726,1,1,3,15,9,19,37,42,0,1,0,42,2,42,31,42031,4,1991,WDBEA26D7MB3,W,D,B,E,A,2,6,D,7,M,B,3,0,P,MERZ,3E6,4D,91,17,3330,,0,1102,,G,,0,0,000000000,00000000000,0,0,0,1,0,0,0,0,0,0,0,59,0,0,0,3,3,6,2,42,0,0,0,1,42,18301,0,0,0,0,0,0,999,999,0,0,0,0,0,0,0,0,0,1,51,58,0,0,1,2,25,3,1,2,1,0,0,14,11,1,4,4,7,1,1
42,420727,1,1,1,18,9,15,30,34,0,1,0,42,1,7,442,7442,20,2005,2D4GP44L75R1,2,D,4,G,P,4,4,L,7,5,R,1,0,P,DODG,CAR,SV,5,17,4222,,0,1193,,G,,0,0,000000000,00000000000,0,0,0,1,0,0,0,0,0,0,0,60,0,1,5,14,4,6,2,32,0,0,0,1,42,16433,6,1,0,0,3,3,70,999,0,0,0,0,0,0,0,0,0,0,51,0,0,0,1,2,55,1,1,2,1,0,0,1,8,7,1,4,1,1,0
42,420728,1,1,1,24,9,16,10,5,0,1,0,42,1,72,706,72706,80,1977,2A39864H7,2,A,3,9,8,6,4,H,7,,,,0,P,,,,,,,,,,,,,0,0,000000000,00000000000,0,0,0,1,0,0,0,0,0,0,0,85,0,0,0,0,0,6,2,38,0,0,0,1,42,15132,6,1,6,0,3,0,69,999,0,0,0,0,2,6,2008,10,2008,1,31,0,0,0,1,2,55,2,1,2,1,0,0,6,98,7,1,4,0,1,1
42,420729,1,1,1,6,9,22,49,35,0,1,0,42,1,12,423,12423,15,2001,1FMSU43F51EC,1,F,M,S,U,4,3,F,5,1,E,C,0,P,FORD,EXC,UT,1,17,7083,,0,1371,,D,,0,0,000000000,00000000000,0,0,0,1,0,0,0,0,0,0,0,45,0,1,5,1,0,6,2,1,0,0,0,1,42,17365,6,1,0,0,3,0,73,999,0,0,0,1,0,12,2008,12,2008,1,0,0,0,0,1,2,35,1,1,2,1,0,0,1,13,6,4,4,7,1,1
42,420730,1,1,1,5,9,1,20,8,0,1,0,42,1,2,404,2404,14,2000,1J4GW58S4YC2,1,J,4,G,W,5,8,S,4,Y,C,2,0,T,JEEP,LMT,4W,0,17,,1,0,1059,GCK,G,,0,0,000000000,00000000000,0,0,0,1,0,0,0,0,0,0,0,55,0,0,0,1,1,6,2,8,0,0,0,1,42,17011,6,1,0,0,3,0,69,999,0,0,0,0,0,0,0,0,0,1,0,0,0,0,3,2,45,1,1,2,1,0,0,15,80,8,1,1,13,0,1
42,420731,1,1,1,29,9,22,0,5,0,1,0,42,2,76,705,76705,80,2001,JYARJ04YX1A0,J,Y,A,R,J,0,4,Y,X,1,A,0,0,M,YAMA,R6L,RS,1,17,,,,,,,599,0,0,000000000,00000000000,0,0,0,1,0,0,0,0,0,0,0,999,0,0,0,0,0,6,2,5,0,0,0,1,42,17522,1,2,0,0,2,0,67,999,1,2,0,0,2,4,2010,8,2010,1,51,58,52,0,1,2,35,2,6,1,1,0,0,14,6,3,2,2,0,1,1
42,420732,1,1,1,3,9,10,45,42,0,1,0,42,1,12,17,12017,4,2003,1FAHP53U83G2,1,F,A,H,P,5,3,U,8,3,G,2,0,P,FORD,TSE,4D,3,17,3336,,0,1085,,G,,0,0,000000000,00000000000,0,0,0,1,0,0,0,0,0,0,0,30,0,0,0,12,12,6,2,42,0,0,0,1,42,19450,6,1,0,0,3,3,70,999,0,0,0,0,0,0,0,0,0,0,0,0,0,0,1,2,35,1,6,2,1,0,0,1,8,1,1,4,1,1,0
42,420733,1,2,1,11,8,14,36,12,6,1,0,42,1,2,404,2404,14,1995,1J4GZ58S1SC6,1,J,4,G,Z,5,8,S,1,S,C,6,0,T,JEEP,LRO,4W,95,17,,1,0,1059,GCK,G,,0,0,000000000,00000000000,0,0,0,1,0,0,0,0,0,0,0,999,0,0,0,12,12,4,3,12,0,0,0,1,42,17356,6,1,0,0,3,0,62,999,0,0,0,0,0,0,0,0,0,0,38,48,0,0,1,2,0,1,5,2,1,20,3,11,15,1,1,1,82,0,0
42,420733,2,2,1,11,8,14,36,12,6,1,0,42,1,72,706,72706,80,2001,1HD1BWB151Y0,1,H,D,1,B,W,B,1,5,1,Y,0,0,M,HD,FSI,RS,1,17,,,,,,,1450,0,0,000000000,00000000000,0,0,0,1,0,0,0,0,0,0,0,999,0,0,0,3,3,4,3,12,0,0,0,1,42,17313,6,1,0,0,3,0,68,999,0,0,0,0,0,0,0,0,0,0,0,0,0,0,1,2,45,1,6,2,1,0,0,1,67,3,4,1,83,1,1
42,420734,1,2,1,8,8,22,25,12,6,1,0,42,1,12,481,12481,31,2010,1FTEX1EW9AFB,1,F,T,E,X,1,E,W,9,A,F,B,0,T,FORD,F15,4C,10,17,,2,1630,1330,COF,G,,0,0,000000000,00000000000,0,0,0,1,0,0,0,0,0,0,0,10,0,0,0,2,12,4,3,17,0,0,0,1,42,16506,4,1,0,0,2,2,71,999,0,1,0,0,0,6,2010,6,2010,0,48,74,0,0,1,2,45,1,1,2,1,0,0,11,15,2,2,2,68,0,1
42,420734,2,2,2,8,8,22,25,12,6,1,0,42,1,72,706,72706,80,2003,1HD1FVW1X3Y6,1,H,D,1,F,V,W,1,X,3,Y,6,0,M,HD,IUA,RS,3,17,,,,,,,1450,0,0,000000000,00000000000,0,0,0,1,0,0,0,0,0,0,0,45,0,0,0,12,12,6,2,12,0,0,0,1,42,16063,6,7,0,0,3,2,70,999,0,0,0,0,0,0,0,0,0,0,73,0,0,0,1,2,45,1,1,2,1,0,0,1,62,3,2,1,69,1,0
42,420735,1,1,1,27,9,17,25,35,0,1,0,24,1,20,481,20481,31,2002,1GCHK23U12F1,1,G,C,H,K,2,3,U,1,2,F,1,0,T,CHEV,2KH,CW,2,17,,2,1670,1530,SIL,G,,0,0,000000000,00000000000,0,0,0,1,0,0,0,0,0,0,0,999,0,1,6,1,0,6,2,1,0,0,0,1,24,21228,6,1,0,0,3,0,72,220,0,0,0,0,0,0,0,0,0,0,99,99,99,99,3,2,55,2,1,2,2,0,0,14,13,1,1,4,1,1,0
42,420736,1,3,1,24,7,9,44,12,1,1,0,24,1,12,471,12471,30,1997,1FTCR11X1VTA,1,F,T,C,R,1,1,X,1,V,T,A,0,T,FORD,RNG,PK,97,17,,1,1140,1080,RNG,G,,0,0,000000000,00000000000,0,0,0,1,0,0,0,0,0,0,0,63,0,0,0,12,11,6,2,12,0,0,0,1,24,21720,6,1,0,0,3,0,71,180,0,0,0,0,0,0,0,0,0,1,26,36,0,0,1,2,55,1,5,2,1,0,0,1,52,2,2,1,28,0,0
42,420736,2,3,1,24,7,9,44,12,1,1,0,42,2,49,401,49401,14,2010,JTEBU5JR3A50,J,T,E,B,U,5,J,R,3,A,5,0,0,P,TOYT,RUN,UT,10,17,4675,,0,1098,,G,,0,0,000000000,00000000000,0,0,0,1,0,0,0,0,0,0,0,999,0,0,0,6,6,2,1,12,0,0,0,1,42,17320,6,1,0,0,3,0,62,999,0,0,0,0,0,0,0,0,0,0,0,0,0,0,1,2,55,1,5,2,1,0,0,2,53,1,1,1,29,0,0
42,420736,3,3,1,24,7,9,44,12,1,1,0,42,1,37,706,37706,80,2003,JH2RC44JX3M1,J,H,2,R,C,4,4,J,X,3,M,1,0,M,HOND,VT0,RS,3,17,,,,,,,745,0,0,000000000,00000000000,0,0,0,1,0,0,0,0,0,0,0,999,0,0,0,9,9,6,2,12,0,0,0,1,42,17320,6,1,0,0,3,0,69,999,0,0,0,0,0,0,0,0,0,0,0,0,0,0,1,2,55,1,6,2,1,0,0,1,62,1,1,1,98,1,0
42,420737,1,2,1,2,8,20,30,12,2,1,0,42,1,72,706,72706,80,1986,1HD4CAM17GY1,1,H,D,4,C,A,M,1,7,G,Y,1,0,M,HD,XL8,RS,86,17,,,,,,,883,0,0,000000000,00000000000,0,0,0,1,0,0,0,0,0,0,0,30,0,0,0,12,12,6,2,12,0,0,0,1,42,18419,2,1,0,0,2,0,70,999,0,0,0,0,1,10,2009,10,2009,0,51,0,0,0,1,2,45,1,3,2,1,0,0,1,10,1,1,2,50,1,1
42,420737,2,2,2,2,8,20,30,12,2,1,0,42,2,7,20,7020,4,2001,1B3AS46F01D2,1,B,3,A,S,4,6,F,0,1,D,2,0,P,DODG,NRT,4D,1,17,2726,,0,1050,,G,,0,0,000000000,00000000000,0,0,0,1,0,0,0,0,0,0,0,45,0,0,0,12,12,6,2,12,0,0,0,1,42,18844,6,7,0,0,3,0,66,999,0,0,0,0,0,0,0,0,0,0,0,0,0,0,1,2,45,1,3,2,1,0,0,1,62,3,2,1,51,0,0
42,420738,1,1,1,10,9,20,15,30,0,1,0,42,2,24,401,24401,14,2005,5GZCZ53455S8,5,G,Z,C,Z,5,3,4,5,5,S,8,0,P,STRN,VUE,UT,5,17,3478,,0,1066,,G,,0,0,000000000,00000000000,0,0,0,1,0,0,0,0,0,0,0,999,0,1,6,1,83,6,2,19,0,0,0,1,42,16105,6,1,0,0,3,0,71,999,0,0,0,0,0,0,0,0,0,0,51,0,0,0,1,2,45,1,1,2,1,0,0,1,12,1,1,4,6,1,0
42,420739,1,2,1,11,8,15,24,12,2,1,0,56,3,7,482,7482,31,2006,1D7KS28D56J2,1,D,7,K,S,2,8,D,5,6,J,2,0,T,DODG,SQ2,CW,6,17,,2,1605,1405,RPC,G,,0,0,000000000,00000000000,0,0,0,1,0,0,0,0,0,0,0,55,0,0,0,12,12,6,2,12,0,0,0,1,48,78602,6,1,0,0,3,0,999,999,0,0,0,0,1,9,2008,9,2008,0,51,0,0,0,1,2,55,1,1,2,1,0,0,1,10,1,1,2,50,1,0
42,420739,2,2,1,11,8,15,24,12,2,1,0,42,1,87,881,87881,63,2004,1NPAXUEX54D8,1,N,P,A,X,U,E,X,5,4,D,8,0,T,PTRB,357,TM,4,17,,8,0,0,CON,D,,0,57,00201654,5700201654,3,1,4,1,0,0,0,0,0,0,0,50,0,0,0,12,12,6,2,12,0,0,0,1,42,16917,6,1,6,1,3,0,72,999,1,0,0,0,1,5,2010,6,2010,0,0,0,0,0,1,2,55,1,1,2,1,0,0,1,62,7,1,1,51,0,0
42,420740,1,3,2,16,8,17,15,12,7,1,0,42,1,35,43,35043,4,1996,1N4AB41D1TC7,1,N,4,A,B,4,1,D,1,T,C,7,0,P,NISS,EXE,4D,96,17,2237,,0,998,,G,,0,0,000000000,00000000000,0,0,0,1,0,0,0,0,0,0,0,60,0,0,0,2,12,6,2,12,0,0,0,1,42,16002,6,1,0,0,3,3,74,999,0,1,1,0,2,5,2008,3,2009,1,26,0,0,0,1,4,55,1,1,2,1,0,0,1,50,8,2,1,48,0,0