STATE,ST_CASE,VEH_NO,VE_FORMS,NUMOCCS,DAY,MONTH,HOUR,MINUTE,HARM_EV,MAN_COLL,UNITTYPE,HIT_RUN,REG_STAT,OWNER,MAKE,MODEL,MAK_MOD,BODY_TYP,MOD_YEAR,VIN,VIN_1,VIN_2,VIN_3,VIN_4,VIN_5,VIN_6,VIN_7,VIN_8,VIN_9,VIN_10,VIN_11,VIN_12,TOW_VEH,VINTYPE,VINMAKE,VINA_MOD,VIN_BT,VINMODYR,VIN_LNGT,VIN_WGT,WGTCD_TR,WHLBS_LG,WHLBS_SH,SER_TR,FUELCODE,MCYCL_DS,J_KNIFE,MCARR_I1,MCARR_I2,MCARR_ID,GVWR,V_CONFIG,CARGO_BT,HAZ_INV,HAZ_PLAC,HAZ_ID,HAZ_CNO,HAZ_REL,BUS_USE,SPEC_USE,EMER_USE,TRAV_SP,UNDERIDE,ROLLOVER,ROLINLOC,IMPACT1,IMPACT2,DEFORMED,TOWED,M_HARM,VEH_SC1,VEH_SC2,FIRE_EXP,DR_PRES,L_STATE,DR_ZIP,L_STATUS,L_TYPE,CDL_STAT,L_ENDORS,L_COMPL,L_RESTRI,DR_HGT,DR_WGT,PREV_ACC,PREV_SUS,PREV_DWI,PREV_SPD,PREV_OTH,FIRST_MO,FIRST_YR,LAST_MO,LAST_YR,SPEEDREL,DR_SF1,DR_SF2,DR_SF3,DR_SF4,VTRAFWAY,VNUM_LAN,VSPD_LIM,VALIGN,VPROFILE,VPAVETYP,VSURCOND,VTRAFCON,VTCONT_F,P_CRASH1,P_CRASH2,P_CRASH3,PCRASH4,PCRASH5,ACC_TYPE,DEATHS,DR_DRINK
42,420796,2,2,1,3,8,19,44,12,6,1,0,42,3,87,883,87883,66,2000,1XP5DB9X5YN5,1,X,P,5,D,B,9,X,5,Y,N,5,1,T,PTRB,379,DS,0,17,,8,0,0,CON,D,,1,57,01579061,5701579061,3,6,2,1,0,0,0,0,0,0,0,25,0,0,0,7,7,2,1,12,0,0,1,1,42,17518,6,1,6,1,3,0,76,999,0,0,0,0,0,0,0,0,0,0,0,0,0,0,1,2,30,3,6,2,1,0,0,14,62,9,1,1,65,0,0
42,420797,1,1,1,18,9,15,26,42,0,1,0,42,1,49,472,49472,30,2001,5TEWN72N81Z8,5,T,E,W,N,7,2,N,8,1,Z,8,0,T,TOYT,XTR,PC,1,17,,1,0,1219,TAC,G,,0,0,000000000,00000000000,0,0,0,1,0,0,0,0,0,0,0,35,0,0,0,12,12,6,2,42,0,0,0,1,42,15530,6,1,0,0,3,3,72,999,0,0,0,0,0,0,0,0,0,1,58,51,0,0,9,9,55,2,6,2,1,0,0,14,12,1,1,4,6,1,0
42,420798,1,1,1,18,9,23,55,53,0,1,0,42,2,9,34,9034,3,1990,JP3CU24X4LU0,J,P,3,C,U,2,4,X,4,L,U,0,0,P,PLYM,CGE,2H,90,17,2099,,0,939,,G,,0,0,000000000,00000000000,0,0,0,1,0,0,0,0,0,0,0,70,0,1,5,12,0,6,2,1,0,0,0,1,42,17839,6,1,0,0,3,0,72,999,1,0,0,0,0,9,2010,9,2010,1,51,0,0,0,1,2,45,1,5,2,1,0,0,1,12,1,1,4,6,1,0
42,420799,1,2,1,16,8,8,20,12,1,1,0,39,1,49,46,49046,5,2010,JTDKN3DU8A01,J,T,D,K,N,3,D,U,8,A,0,1,0,P,TOYT,PRI,4H,10,17,3042,,0,1063,,B,,0,0,000000000,00000000000,0,0,0,1,0,0,0,0,0,0,0,55,1,0,0,12,12,6,2,12,36,0,0,1,39,45039,6,1,0,0,3,0,72,185,1,1,0,5,5,8,2007,8,2010,1,26,0,0,0,2,2,55,1,1,1,1,0,0,1,51,1,1,1,24,1,0
42,420799,2,2,1,16,8,8,20,12,1,1,0,13,3,82,883,82883,66,2005,1FUJBBCK65LU,1,F,U,J,B,B,C,K,6,5,L,U,1,T,FRHT,ST2,DS,5,17,,8,0,0,CON,D,,1,57,01962530,5701962530,3,6,3,1,0,0,0,0,0,0,0,40,0,0,0,6,6,6,2,12,0,0,0,1,13,30655,6,1,6,1,3,3,70,188,98,2,0,2,0,8,2007,11,2007,0,0,0,0,0,2,2,55,1,1,1,1,0,0,1,53,1,1,1,25,0,0
42,420800,1,1,1,13,9,16,57,42,0,1,0,46,1,72,706,72706,80,1991,1HD4CEM16MY1,1,H,D,4,C,E,M,1,6,M,Y,1,0,M,HD,X8H,RS,91,17,,,,,,,883,0,0,000000000,00000000000,0,0,0,1,0,0,0,0,0,0,0,55,0,0,0,12,12,6,2,42,0,0,0,1,46,57104,6,1,0,0,3,0,69,160,0,0,0,0,0,0,0,0,0,1,58,0,0,0,1,2,35,3,5,2,1,0,0,14,13,99,1,4,1,1,1
42,420801,1,2,1,18,8,10,40,12,6,1,0,13,1,37,706,37706,80,2001,JH2SC44001M1,J,H,2,S,C,4,4,0,0,1,M,1,0,M,HOND,CR9,RS,1,17,,,,,,,929,0,0,000000000,00000000000,0,0,0,1,0,0,0,0,0,0,0,999,0,0,0,12,12,6,2,12,0,0,0,1,13,31794,6,1,0,0,3,0,75,200,98,3,2,0,1,1,2008,2,2008,1,0,0,0,0,1,2,25,1,1,2,1,0,0,1,67,3,2,1,83,1,0
42,420801,2,2,2,18,8,10,40,12,6,1,0,42,2,23,471,23471,30,1997,1GTCT14X5VK5,1,G,T,C,T,1,4,X,5,V,K,5,0,T,GMC,SON,PK,97,17,,1,1179,1083,SON,G,,0,0,000000000,00000000000,0,0,0,1,0,0,0,0,0,0,0,999,0,0,0,9,9,4,3,12,0,0,0,1,42,18431,6,1,0,0,3,3,68,999,0,0,0,0,0,0,0,0,0,0,38,0,0,0,1,2,25,1,1,2,1,20,3,11,15,1,1,1,82,0,0
42,420802,1,1,2,15,9,20,30,42,0,1,0,48,3,85,881,85881,66,2009,1XKTD49X69J2,1,X,K,T,D,4,9,X,6,9,J,2,1,T,KW,T20,DS,9,17,,8,2600,1900,CON,D,,1,57,00185183,5700185183,3,6,1,1,0,0,0,0,0,0,0,80,0,0,0,12,12,6,2,42,0,0,0,1,48,75474,6,1,6,1,3,0,999,999,0,1,0,1,1,10,2008,1,2010,1,36,0,0,0,3,2,65,1,1,2,1,0,0,1,12,1,1,4,6,1,0
42,420803,1,2,1,6,8,8,55,12,6,1,0,42,2,53,705,53705,80,2005,JS1GR7JA5521,J,S,1,G,R,7,J,A,5,5,2,1,0,M,SUZI,SRK,RS,5,17,,,,,,,749,0,0,000000000,00000000000,0,0,0,1,0,0,0,0,0,0,0,999,0,0,0,12,12,6,2,12,0,0,0,1,42,19133,6,1,0,0,3,0,73,999,0,0,0,0,0,0,0,0,0,1,0,0,0,0,1,4,25,1,1,2,1,0,0,1,17,1,1,1,88,1,0
42,420803,2,2,1,6,8,8,55,12,6,1,0,42,1,13,421,13421,15,2003,5LMFU28R03LJ,5,L,M,F,U,2,8,R,0,3,L,J,0,P,LINC,NAV,UT,3,17,6041,,0,1190,,G,,0,0,000000000,00000000000,0,0,0,1,0,0,0,0,0,0,0,999,0,0,0,9,9,2,1,12,0,0,0,1,42,18974,6,1,0,0,3,3,74,999,0,0,0,0,0,0,0,0,0,0,0,0,0,0,4,2,99,1,1,2,1,0,0,1,66,1,1,1,89,0,0
42,420804,1,3,1,27,8,13,17,12,6,1,0,42,1,76,706,76706,80,2005,JYARN13E55A0,J,Y,A,R,N,1,3,E,5,5,A,0,0,M,YAMA,YFR,RS,5,17,,,,,,,998,0,0,000000000,00000000000,0,0,0,1,0,0,0,0,0,0,0,100,0,0,0,12,12,6,2,12,0,0,0,1,42,16248,6,1,0,0,3,0,72,999,0,0,0,0,0,0,0,0,0,1,0,0,0,0,1,2,55,1,1,2,1,0,0,1,62,2,2,1,69,1,0
42,420804,2,3,1,27,8,13,17,12,6,1,0,42,1,18,23,18023,4,2008,1G4HP572X8U1,1,G,4,H,P,5,7,2,X,8,U,1,0,P,BUIC,UCX,4D,8,17,3761,,0,1156,,G,,0,0,000000000,00000000000,0,0,0,1,0,0,0,0,0,0,0,25,0,0,0,1,1,6,2,12,0,0,0,1,42,16254,6,1,0,0,3,1,69,999,0,0,0,0,0,0,0,0,0,0,0,0,0,0,1,2,55,1,1,2,1,0,0,11,15,1,1,2,68,0,0
42,420804,3,3,1,27,8,13,17,12,6,1,0,42,1,35,47,35047,2,2009,1N4BL24E69C1,1,N,4,B,L,2,4,E,6,9,C,1,0,P,NISS,A5E,CP,9,17,3241,,0,1053,,G,,0,0,000000000,00000000000,0,0,0,1,0,0,0,0,0,0,0,35,0,0,0,98,98,2,1,12,0,0,0,1,42,15232,6,1,0,0,3,0,71,999,0,0,0,1,0,6,2009,6,2009,0,0,0,0,0,1,2,55,1,1,2,1,0,0,1,98,1,1,1,98,0,0
42,420805,1,1,4,5,9,2,36,35,0,1,0,42,1,55,35,55035,4,2003,KMHDN45D63U4,K,M,H,D,N,4,5,D,6,3,U,4,0,P,HYUN,EST,4D,3,17,2635,,0,1027,,G,,0,0,000000000,00000000000,0,0,0,1,0,0,0,0,0,0,0,60,0,0,0,8,9,6,2,42,0,0,0,1,42,18324,6,1,0,0,3,0,68,999,0,0,0,0,0,0,0,0,0,1,51,0,0,0,1,2,35,1,1,2,1,0,0,1,6,3,3,4,7,1,1
42,420806,1,1,2,22,9,16,45,16,0,1,0,42,1,23,481,23481,31,2002,1GTHK29172E2,1,G,T,H,K,2,9,1,7,2,E,2,0,T,GMC,2KH,4C,2,17,,2,1575,1430,SIE,D,,0,0,000000000,00000000000,0,0,0,1,0,0,0,0,0,0,0,25,0,0,0,0,0,6,2,16,0,0,0,1,42,17777,6,1,6,0,3,3,73,999,0,0,0,0,0,0,0,0,0,0,0,0,0,0,1,2,40,1,5,2,6,0,0,1,98,1,1,1,0,2,0
42,420807,1,3,1,1,8,21,25,12,2,1,0,42,1,73,705,73705,80,2008,JKAEXEA108A0,J,K,A,E,X,E,A,1,0,8,A,0,0,M,KAWK,EX6,RS,8,17,,,,,,,649,0,0,000000000,00000000000,0,0,0,1,0,0,0,0,0,0,0,85,0,0,0,12,12,6,2,12,0,0,0,1,42,16354,6,1,0,0,3,3,71,999,0,0,0,0,0,0,0,0,0,1,33,0,0,0,1,2,55,1,6,2,1,28,3,6,54,3,2,1,50,1,0
42,420807,2,3,1,1,8,21,25,12,2,1,0,42,2,24,2,24002,2,2002,1G8ZY12752Z2,1,G,8,Z,Y,1,2,7,5,2,Z,2,0,P,STRN,SC2,3P,2,17,2465,,0,1024,,G,,0,0,000000000,00000000000,0,0,0,1,0,0,0,0,0,0,0,50,0,0,0,12,12,6,2,12,0,0,0,1,42,16404,6,2,0,0,3,1,63,999,0,0,0,0,0,0,0,0,0,0,0,0,0,0,1,2,55,1,5,2,1,0,0,1,54,1,1,1,51,0,0
42,420807,3,3,1,1,8,21,25,12,2,1,0,42,3,23,481,23481,31,2005,1GTHK232X5F9,1,G,T,H,K,2,3,2,X,5,F,9,0,T,GMC,2KH,CW,5,17,,2,1670,1530,SIE,D,,0,0,000000000,00000000000,0,0,0,1,0,0,0,0,0,0,0,60,0,0,0,14,14,4,1,12,0,0,0,1,42,15229,6,1,0,0,3,0,73,999,0,0,0,1,0,10,2008,10,2008,0,0,0,0,0,1,2,55,1,6,2,1,0,0,1,60,1,1,1,98,0,0
42,420808,1,1,1,19,9,2,26,35,0,1,0,42,2,12,441,12441,20,1993,1FMCA11U0PZC,1,F,M,C,A,1,1,U,0,P,Z,C,0,P,FORD,ARO,SV,93,17,3481,,0,1190,,G,,0,0,000000000,00000000000,0,0,0,1,0,0,0,0,0,0,0,25,0,1,5,1,0,6,2,1,0,0,0,1,24,21750,6,1,0,0,3,0,70,180,0,0,0,0,0,0,0,0,0,0,51,31,0,0,1,2,55,1,6,2,1,0,0,13,13,1,1,4,92,1,1
42,420809,1,2,2,8,8,16,45,12,6,1,0,42,1,12,401,12401,14,1998,1FMZU34E0WZB,1,F,M,Z,U,3,4,E,0,W,Z,B,0,P,FORD,EPR,UT,98,17,4146,,0,1115,,G,,0,0,000000000,00000000000,0,0,0,1,0,0,0,0,0,0,0,999,0,0,0,12,12,6,2,12,0,0,0,1,42,18229,6,1,0,0,3,0,66,999,0,0,0,0,0,0,0,0,0,0,48,30,0,0,1,2,45,1,1,2,1,0,0,11,15,1,1,2,68,0,1
42,420809,2,2,1,8,8,16,45,12,6,1,0,42,1,76,705,76705,80,2008,JYARJ16E88A0,J,Y,A,R,J,1,6,E,8,8,A,0,0,M,YAMA,R6L,RS,8,17,,,,,,,599,0,0,000000000,00000000000,0,0,0,1,0,0,0,0,0,0,0,999,0,0,0,11,12,6,2,14,0,0,0,1,42,18355,3,7,0,0,2,0,68,999,0,0,0,0,0,0,0,0,0,1,0,0,0,0,1,2,45,1,1,2,1,0,0,1,62,7,1,1,69,1,0
42,420810,1,1,1,28,9,20,8,8,0,1,1,99,9,99,884,99884,66,9999,999999999999,9,9,9,9,9,9,9,9,9,9,9,9,1,U,,,,9,17,,,,,,,,1,99,999999999,99999999999,3,6,1,1,0,0,0,0,0,0,0,65,0,0,0,14,14,0,1,8,0,0,0,1,99,99999,9,9,99,9,9,9,999,999,99,99,99,99,99,99,9999,99,9999,0,99,99,99,99,2,2,65,1,5,2,6,0,0,1,80,1,1,1,13,0,0
42,420811,1,1,2,25,9,1,10,24,0,1,0,42,1,76,705,76705,80,2007,JYARJ10E57A0,J,Y,A,R,J,1,0,E,5,7,A,0,0,M,YAMA,YZF,RS,7,17,,,,,,,599,0,0,000000000,00000000000,0,0,0,1,0,0,0,0,0,0,0,999,0,0,0,1,1,6,2,24,0,0,0,1,42,16117,6,7,0,0,3,0,69,999,0,0,0,1,0,4,2009,4,2009,1,52,0,0,0,1,2,45,3,5,2,1,0,0,14,6,8,1,4,2,1,0
42,420812,1,2,1,28,8,18,30,12,6,1,0,42,1,53,706,53706,80,2002,JS1GT74A4221,J,S,1,G,T,7,4,A,4,2,2,1,0,M,SUZI,XR1,RS,2,17,,,,,,,988,0,0,000000000,00000000000,0,0,0,1,0,0,0,0,0,0,0,999,0,0,0,12,12,2,1,12,0,0,0,1,42,19126,6,1,0,0,3,0,74,999,1,0,0,0,0,4,2008,4,2008,0,99,99,99,99,1,2,35,1,1,2,1,0,0,1,67,1,1,1,83,1,0
42,420812,2,2,2,28,8,18,30,12,6,1,0,10,1,41,471,41471,30,1994,4F4CR12U2RTM,4,F,4,C,R,1,2,U,2,R,T,M,0,T,MAZD,3RC,PK,94,17,,1,0,1079,B30,G,,0,0,000000000,00000000000,0,0,0,1,0,0,0,0,0,0,0,999,0,0,0,11,11,2,1,12,0,0,0,1,10,19810,6,1,6,0,3,0,72,175,0,0,0,0,0,0,0,0,0,0,38,0,0,0,1,2,99,1,1,2,1,20,3,11,15,1,1,1,82,0,0
42,420813,1,3,2,27,8,20,24,12,2,1,0,34,1,98,706,98706,80,2004,5L5SZ0440410,5,L,5,S,Z,0,4,4,0,4,1,0,0,U,,,,4,17,,,,,,,,0,0,000000000,00000000000,0,0,0,1,0,0,0,0,0,0,0,64,0,0,0,12,12,6,2,12,0,0,0,1,34,8831,6,1,6,0,3,3,70,999,0,0,0,0,4,3,2008,10,2009,1,51,0,0,0,1,2,35,1,1,2,1,0,0,1,10,3,2,2,50,2,0
42,420813,2,3,1,27,8,20,24,12,2,1,0,42,1,55,36,55036,3,2001,KMHCG35C41U0,K,M,H,C,G,3,5,C,4,1,U,0,0,P,HYUN,AGS,2H,1,17,2280,,0,961,,G,,0,0,000000000,00000000000,0,0,0,1,0,0,0,0,0,0,0,30,0,0,0,12,12,4,3,12,0,0,0,1,42,19020,6,1,0,0,3,0,60,999,1,0,0,0,0,11,2007,11,2007,0,0,0,0,0,1,2,35,1,1,2,1,0,0,1,62,7,1,1,51,0,0
42,420813,3,3,1,27,8,20,24,12,2,1,0,42,1,37,31,37031,2,2000,1HGEJ7122YL0,1,H,G,E,J,7,1,2,2,Y,L,0,0,P,HOND,UCH,CP,0,17,2370,,0,1032,,G,,0,0,000000000,00000000000,0,0,0,1,0,0,0,0,0,0,0,20,0,0,0,7,7,2,1,12,0,0,0,1,42,19056,6,1,0,0,3,0,64,999,0,0,0,0,0,0,0,0,0,0,0,0,0,0,1,2,35,1,1,2,1,0,0,1,53,1,1,1,98,0,0
42,420814,1,1,2,27,9,9,10,30,0,1,0,42,2,24,2,24002,2,1997,1G8ZH1274VZ3,1,G,8,Z,H,1,2,7,4,V,Z,3,0,P,STRN,SC2,CP,97,17,2358,,0,1024,,G,,0,0,000000000,00000000000,0,0,0,1,0,0,0,0,0,0,0,75,0,0,0,1,9,6,2,42,0,0,0,1,42,17267,6,2,0,0,3,3,70,999,0,0,0,0,0,0,0,0,0,1,51,0,0,0,1,2,55,1,1,2,2,0,0,1,6,3,4,4,7,2,0
42,420815,1,2,1,9,8,21,36,12,2,1,1,42,1,18,401,18401,14,2002,3G5DA03E82S5,3,G,5,D,A,0,3,E,8,2,S,5,0,P,BUIC,RZV,UT,2,17,4024,,0,1122,,G,,0,0,000000000,00000000000,0,0,0,1,0,0,0,0,0,0,0,999,0,0,0,12,12,9,1,12,0,0,0,1,42,19134,6,1,0,0,3,0,66,999,0,0,0,0,0,0,0,0,0,0,48,0,0,0,1,2,99,1,9,2,1,0,0,11,15,1,1,1,68,0,0
42,420815,2,2,2,9,8,21,36,12,2,1,0,99,9,99,709,99709,80,9999,999999999999,9,9,9,9,9,9,9,9,9,9,9,9,0,U,,,,9,17,,,,,,,,0,0,000000000,00000000000,0,0,0,1,0,0,0,0,0,0,0,999,0,0,0,12,12,9,1,12,0,0,0,1,42,19134,6,7,0,0,2,3,69,999,0,0,0,0,0,0,0,0,0,0,0,0,0,0,1,2,99,1,9,2,1,0,0,1,62,1,1,1,69,1,0
42,420816,1,1,2,17,9,14,15,23,0,1,0,42,1,6,441,6441,20,2007,2A4GP54LX7R2,2,A,4,G,P,5,4,L,X,7,R,2,0,P,CHRY,TWC,SV,7,17,4267,,0,1193,,G,,0,0,000000000,00000000000,0,0,0,1,0,0,0,0,0,0,0,50,0,0,0,12,12,6,2,23,0,0,0,1,42,17264,6,1,0,0,3,0,71,999,0,0,0,0,0,0,0,0,0,1,51,0,0,0,1,2,35,1,1,2,1,0,0,1,12,1,1,4,6,2,0
42,420817,1,2,1,29,8,9,15,12,2,1,0,42,1,20,2,20002,4,2003,2G1WF52E8392,2,G,1,W,F,5,2,E,8,3,9,2,0,P,CHEV,IMP,4D,3,17,3389,,0,1105,,G,,0,0,000000000,00000000000,0,0,0,1,0,0,0,0,0,0,0,999,0,0,0,12,12,6,2,12,0,0,0,1,42,19142,6,1,0,0,3,0,71,999,2,0,0,0,0,10,2007,11,2007,1,51,0,0,0,1,4,99,1,1,2,1,0,0,1,10,1,1,2,50,1,0
42,420817,2,2,1,29,8,9,15,12,2,1,0,42,1,20,402,20402,14,2001,2CNBJ6349169,2,C,N,B,J,6,3,4,9,1,6,9,0,P,CHEV,TKR,UT,1,17,2987,,0,976,,G,,0,0,000000000,00000000000,0,0,0,1,0,0,0,0,0,0,0,999,0,0,0,12,12,6,2,12,0,0,0,1,42,19136,6,1,0,0,3,0,71,999,0,0,0,0,0,0,0,0,0,0,0,0,0,0,1,4,99,1,1,2,1,0,0,1,62,1,1,1,51,1,0
42,420818,1,1,4,30,9,9,5,35,0,1,0,10,2,7,402,7402,14,2001,1B4HS28ZX1F5,1,B,4,H,S,2,8,Z,X,1,F,5,0,P,DODG,DUR,UT,1,17,4512,,0,1159,,G,,0,0,000000000,00000000000,0,0,0,1,0,0,0,0,0,0,0,65,0,0,0,11,9,6,2,42,0,0,0,1,36,11235,6,1,0,0,3,0,67,999,0,0,0,0,0,0,0,0,0,1,0,0,0,0,3,2,65,1,1,2,2,0,0,1,6,1,3,4,2,1,0
42,420819,1,2,2,8,8,1,45,12,6,1,0,42,2,53,705,53705,80,2002,JS1GN7BA1221,J,S,1,G,N,7,B,A,1,2,2,1,0,M,SUZI,G60,RS,2,17,,,,,,,599,0,0,000000000,00000000000,0,0,0,1,0,0,0,0,0,0,0,999,0,0,0,9,9,6,2,12,0,0,0,1,42,19133,6,1,0,0,2,0,67,999,0,0,0,0,0,0,0,0,0,1,0,0,0,0,1,2,99,1,1,2,1,3,3,1,50,4,3,1,48,1,0
42,420819,2,2,1,8,8,1,45,12,6,1,0,42,3,12,880,12880,67,2006,1FTWW31506EB,1,F,T,W,W,3,1,5,0,6,E,B,0,T,FORD,F3S,CW,6,17,,3,1720,1560,SRW,G,,0,88,888888888,88888888888,2,1,96,1,0,0,0,0,0,0,0,0,0,0,0,6,6,2,3,12,0,0,0,1,42,19075,6,1,0,0,3,0,71,999,0,1,0,0,0,2,2008,2,2008,0,0,0,0,0,1,2,99,1,1,2,1,3,3,5,53,1,1,1,48,0,0
42,420820,1,3,1,29,8,18,28,12,6,1,0,42,1,87,881,87881,66,1998,1XP5DB9X1WN4,1,X,P,5,D,B,9,X,1,W,N,4,1,T,PTRB,379,DS,98,17,,8,0,0,CON,D,,1,57,01634184,5701634184,3,6,4,1,0,0,0,0,0,0,0,999,0,1,5,12,3,6,2,12,0,0,0,1,42,16256,6,1,6,1,3,3,71,999,0,0,0,1,2,3,2009,9,2009,0,39,0,0,0,1,2,45,1,1,2,1,20,3,1,17,1,1,1,86,0,0
42,420820,2,3,3,29,8,18,28,12,6,1,0,39,2,9,442,9442,20,2000,2P4GP2435YR5,2,P,4,G,P,2,4,3,5,Y,R,5,0,P,PLYM,VOF,SV,0,17,3695,,0,1193,,G,,0,0,000000000,00000000000,0,0,0,1,0,0,0,0,0,0,0,999,0,0,0,5,12,6,2,42,0,0,0,1,39,44404,6,2,0,0,3,0,63,155,0,0,0,0,0,0,0,0,0,0,0,0,0,0,1,2,55,1,1,2,1,0,0,1,66,1,1,1,87,0,0
42,420820,3,3,4,29,8,18,28,12,6,1,0,42,1,20,404,20404,14,2006,2CNDL23F6660,2,C,N,D,L,2,3,F,6,6,6,0,0,P,CHEV,EQU,UT,6,17,3660,,0,1125,,G,,0,0,000000000,00000000000,0,0,0,1,0,0,0,0,0,0,0,999,0,0,0,12,12,6,2,12,0,0,0,1,42,16125,6,1,0,0,3,3,63,999,0,0,0,0,0,0,0,0,0,0,0,0,0,0,1,2,55,1,1,2,1,0,0,1,66,1,1,1,98,1,0
42,420821,1,4,2,12,8,11,33,12,1,1,0,42,3,98,806,98806,62,2008,5PVNE8JV382S,5,P,V,N,E,8,J,V,3,8,2,S,0,T,HINO,268,CC,8,17,,6,0,0,HIN,D,,0,57,00913077,5700913077,2,1,1,1,0,0,0,0,0,0,0,999,0,0,0,12,12,6,2,12,0,0,0,1,54,26037,6,1,0,0,3,0,69,207,0,0,0,0,0,0,0,0,0,0,26,0,0,0,5,2,45,1,1,2,1,0,0,1,50,1,1,1,20,0,0
42,420821,2,4,2,12,8,11,33,12,1,1,0,42,1,20,16,20016,2,2002,1G1JC1240272,1,G,1,J,C,1,2,4,0,2,7,2,0,P,CHEV,CAV,CP,2,17,2617,,0,1041,,G,,0,0,000000000,00000000000,0,0,0,1,0,0,0,0,0,0,0,0,0,0,0,6,6,6,2,12,0,0,0,1,42,16101,6,1,0,0,3,3,70,999,0,0,0,0,0,0,0,0,0,0,0,0,0,0,5,2,45,1,1,2,1,0,0,5,53,1,1,1,21,1,0
42,420821,3,4,1,12,8,11,33,12,1,1,0,42,3,49,482,49482,31,2006,5TBJU32106S4,5,T,B,J,U,3,2,1,0,6,S,4,0,T,TOYT,TUN,PK,6,17,,1,0,1283,TUN,G,,0,0,000000000,00000000000,0,0,0,1,0,0,0,0,0,0,0,0,0,0,0,6,6,6,2,12,0,0,0,1,42,15052,6,1,0,0,3,0,70,999,0,0,0,1,0,6,2008,6,2008,0,0,0,0,0,5,2,45,1,1,2,1,0,0,5,53,1,1,1,98,0,0
42,420821,4,4,1,12,8,11,33,12,1,1,0,39,3,12,401,12401,14,2007,1FMEU73E67UA,1,F,M,E,U,7,3,E,6,7,U,A,0,P,FORD,EPR,UT,7,17,4615,,0,1137,,G,,0,0,000000000,00000000000,0,0,0,1,0,0,0,0,0,0,0,0,0,0,0,6,6,2,1,12,0,0,0,1,39,44514,6,1,0,0,3,0,74,220,0,0,0,0,0,0,0,0,0,0,0,0,0,0,5,2,45,1,1,2,1,0,0,5,50,1,1,1,98,0,0
42,420822,1,1,1,4,9,3,58,35,0,1,0,42,1,48,34,48034,6,1999,4S3BK4350X73,4,S,3,B,K,4,3,5,0,X,7,3,0,P,SUBA,U4A,SW,99,17,2975,,0,1035,,G,,0,0,000000000,00000000000,0,0,0,1,0,0,0,0,0,0,0,999,0,1,5,12,3,6,2,42,0,0,1,1,42,18018,6,1,0,0,3,3,73,999,1,1,0,0,0,1,2008,10,2009,1,51,0,0,0,1,2,45,1,5,2,1,0,0,1,6,7,4,4,7,1,1
42,420823,1,1,1,2,8,22,55,14,0,1,0,92,0,98,703,98703,88,9999,000000000000,0,0,0,0,0,0,0,0,0,0,0,0,0,U,,,,,17,,,,,,,,0,0,000000000,00000000000,0,0,0,1,0,0,0,0,0,0,0,999,0,0,0,1,1,6,2,14,0,0,0,1,42,19143,1,1,0,0,2,0,65,999,0,19,0,0,3,8,2008,9,2009,0,99,99,99,99,1,2,25,1,1,1,1,0,0,1,9,1,1,2,11,1,0
42,420824,1,4,1,14,8,2,18,8,0,1,0,34,2,18,2,18002,4,1992,1G4HR53L8NH5,1,G,4,H,R,5,3,L,8,N,H,5,0,P,BUIC,LLF,4D,92,17,3457,,0,1108,,G,,0,0,000000000,00000000000,0,0,0,1,0,0,0,0,0,0,0,999,0,0,0,11,11,4,3,8,0,0,0,1,34,8533,6,1,0,0,3,0,77,999,1,0,0,0,5,10,2007,2,2010,0,0,0,0,0,5,4,45,1,1,2,1,0,0,1,80,7,1,1,13,0,0
42,420824,2,4,1,14,8,2,18,8,0,1,0,42,2,37,31,37031,2,1999,1HGEJ8149XL0,1,H,G,E,J,8,1,4,9,X,L,0,0,P,HOND,UAX,CP,99,17,2513,,0,1032,,G,,0,0,000000000,00000000000,0,0,0,1,0,0,0,0,0,0,0,999,0,0,0,14,14,6,2,8,0,0,0,1,42,18966,6,1,0,0,3,3,78,999,0,0,0,1,0,7,2010,7,2010,0,0,0,0,0,5,4,45,1,1,2,1,0,0,1,80,2,1,1,98,0,0
42,420824,3,4,1,14,8,2,18,8,0,1,0,42,1,13,401,13401,14,2005,5LMEU88H85ZJ,5,L,M,E,U,8,8,H,8,5,Z,J,0,P,LINC,AVI,UT,5,17,4975,,0,1137,,G,,0,0,000000000,00000000000,0,0,0,1,0,0,0,0,0,0,0,999,0,0,0,14,14,2,1,8,0,0,0,1,42,19053,6,1,0,0,3,0,65,999,0,0,0,0,0,0,0,0,0,0,0,0,0,0,5,4,45,1,1,2,1,0,0,1,80,7,1,1,98,0,0
42,420824,4,4,1,14,8,2,18,8,0,1,1,99,9,99,999,99999,99,9999,999999999999,9,9,9,9,9,9,9,9,9,9,9,9,0,U,,,,9,17,,,,,,,,0,0,000000000,00000000000,0,0,0,1,0,0,0,0,0,0,0,999,0,0,0,14,14,0,1,8,0,0,0,1,99,99999,9,9,99,9,9,9,999,999,99,99,99,99,99,99,9999,99,9999,0,0,0,0,0,5,4,45,1,1,2,1,0,0,1,80,99,1,1,98,0,0
42,420825,1,1,1,5,9,12,0,34,0,1,0,13,1,34,706,34706,80,2004,WB10498AX4ZG,W,B,1,0,4,9,8,A,X,4,Z,G,0,M,BMW,R5S,RS,4,17,,,,,,,1130,0,0,000000000,00000000000,0,0,0,1,0,0,0,0,0,0,0,25,0,0,0,12,12,6,2,34,0,0,0,1,13,31410,6,1,0,0,3,0,71,165,98,0,0,0,0,0,0,0,0,0,58,51,0,0,1,2,35,2,6,2,1,0,0,14,12,1,1,4,6,1,0