STATE,ST_CASE,VEH_NO,VE_FORMS,NUMOCCS,DAY,MONTH,HOUR,MINUTE,HARM_EV,MAN_COLL,UNITTYPE,HIT_RUN,REG_STAT,OWNER,MAKE,MODEL,MAK_MOD,BODY_TYP,MOD_YEAR,VIN,VIN_1,VIN_2,VIN_3,VIN_4,VIN_5,VIN_6,VIN_7,VIN_8,VIN_9,VIN_10,VIN_11,VIN_12,TOW_VEH,VINTYPE,VINMAKE,VINA_MOD,VIN_BT,VINMODYR,VIN_LNGT,VIN_WGT,WGTCD_TR,WHLBS_LG,WHLBS_SH,SER_TR,FUELCODE,MCYCL_DS,J_KNIFE,MCARR_I1,MCARR_I2,MCARR_ID,GVWR,V_CONFIG,CARGO_BT,HAZ_INV,HAZ_PLAC,HAZ_ID,HAZ_CNO,HAZ_REL,BUS_USE,SPEC_USE,EMER_USE,TRAV_SP,UNDERIDE,ROLLOVER,ROLINLOC,IMPACT1,IMPACT2,DEFORMED,TOWED,M_HARM,VEH_SC1,VEH_SC2,FIRE_EXP,DR_PRES,L_STATE,DR_ZIP,L_STATUS,L_TYPE,CDL_STAT,L_ENDORS,L_COMPL,L_RESTRI,DR_HGT,DR_WGT,PREV_ACC,PREV_SUS,PREV_DWI,PREV_SPD,PREV_OTH,FIRST_MO,FIRST_YR,LAST_MO,LAST_YR,SPEEDREL,DR_SF1,DR_SF2,DR_SF3,DR_SF4,VTRAFWAY,VNUM_LAN,VSPD_LIM,VALIGN,VPROFILE,VPAVETYP,VSURCOND,VTRAFCON,VTCONT_F,P_CRASH1,P_CRASH2,P_CRASH3,PCRASH4,PCRASH5,ACC_TYPE,DEATHS,DR_DRINK
42,420826,1,1,1,9,9,23,15,42,0,1,0,42,2,48,401,48401,14,2004,JF1SG63624H7,J,F,1,S,G,6,3,6,2,4,H,7,0,P,SUBA,FOR,UT,4,17,3090,,0,994,,G,,0,0,000000000,00000000000,0,0,0,1,0,0,0,0,0,0,0,60,0,0,0,12,9,6,2,42,0,0,0,1,42,16879,6,1,0,0,3,3,68,999,0,0,0,0,0,0,0,0,0,1,51,0,0,0,1,2,25,3,1,5,1,0,0,14,6,8,3,4,2,1,1
42,420827,1,1,1,5,9,3,30,18,0,1,0,42,1,37,706,37706,80,2009,JH2SC59J79K0,J,H,2,S,C,5,9,J,7,9,K,0,0,M,HOND,CBS,RC,9,17,,,,,,,999,0,0,000000000,00000000000,0,0,0,1,0,0,0,0,0,0,0,60,0,0,0,12,12,6,2,59,0,0,0,1,42,17036,6,7,6,0,2,0,68,999,0,0,0,0,0,0,0,0,0,1,58,0,0,0,3,2,45,3,1,2,1,98,3,14,11,1,2,4,2,1,1
42,420828,1,1,1,14,9,0,0,23,0,1,0,42,2,48,401,48401,14,2006,JF1SG63666H7,J,F,1,S,G,6,3,6,6,6,H,7,0,P,SUBA,FOR,UT,6,17,3165,,0,994,,G,,0,0,000000000,00000000000,0,0,0,1,0,0,0,0,0,0,0,999,0,1,6,10,10,6,2,23,0,0,0,1,36,18325,6,1,0,0,3,3,71,999,0,1,0,0,0,11,2007,11,2007,0,51,0,0,0,1,2,30,3,1,2,8,0,0,14,9,9,3,4,2,1,1
42,420829,1,2,1,21,8,12,42,12,1,1,0,42,1,37,706,37706,80,2003,JH2SC50083M1,J,H,2,S,C,5,0,0,8,3,M,1,0,M,HOND,CR9,RS,3,17,,,,,,,954,0,0,000000000,00000000000,0,0,0,1,0,0,0,0,0,0,0,999,0,0,0,12,12,6,2,57,0,0,0,1,42,17364,3,7,0,0,2,0,69,999,0,0,0,1,0,3,2008,3,2008,1,26,36,81,0,3,2,55,1,1,2,1,0,0,17,52,8,2,1,40,1,0
42,420829,2,2,2,21,8,12,42,12,1,1,0,12,2,12,401,12401,14,2007,1FMEU73E57UB,1,F,M,E,U,7,3,E,5,7,U,B,0,P,FORD,EPR,UT,7,17,4615,,0,1137,,G,,0,0,000000000,00000000000,0,0,0,1,0,0,0,0,0,0,0,30,0,0,0,6,6,2,1,12,0,0,0,1,12,32210,6,1,0,0,3,0,62,999,0,0,0,0,0,0,0,0,0,0,81,0,0,0,3,2,55,1,1,2,1,0,0,17,53,2,1,1,41,0,0
42,420830,1,1,2,23,9,11,43,9,0,1,0,42,3,12,461,12461,22,2006,1FDXE45P76DA,1,F,D,X,E,4,5,P,7,6,D,A,0,T,FORD,4DC,YY,6,17,,4,1760,1580,CTV,D,,0,0,000000000,00000000000,0,0,0,1,0,0,0,0,0,6,0,10,0,0,0,12,12,2,1,9,0,0,0,1,42,19518,6,1,6,0,3,0,65,999,0,0,0,0,0,0,0,0,0,0,0,0,0,0,1,2,40,3,5,2,1,0,0,14,83,4,1,1,13,0,0
42,420831,1,2,1,7,8,10,17,12,6,1,0,42,1,12,13,12013,4,1999,1FAFP13P6XW2,1,F,A,F,P,1,3,P,6,X,W,2,0,P,FORD,ESE,4D,99,17,2468,,0,984,,G,,0,0,000000000,00000000000,0,0,0,1,0,0,0,0,0,0,0,999,0,0,0,1,1,6,2,12,0,0,0,1,42,19067,6,1,0,0,3,0,62,999,0,0,0,0,0,0,0,0,0,0,48,0,0,0,1,2,35,1,1,2,1,3,3,11,15,1,1,2,68,0,0
42,420831,2,2,1,7,8,10,17,12,6,1,0,42,2,73,706,73706,80,2001,JKBVNAE161A1,J,K,B,V,N,A,E,1,6,1,A,1,0,M,KAWK,V5E,RS,1,17,,,,,,,1500,0,0,000000000,00000000000,0,0,0,1,0,0,0,0,0,0,0,999,0,0,0,12,12,6,2,12,0,0,0,1,42,19030,6,1,6,0,3,0,72,999,0,0,0,0,1,11,2009,11,2009,0,0,0,0,0,1,2,35,1,1,2,1,3,3,1,62,99,1,1,69,1,0
42,420832,1,1,3,12,9,2,40,30,0,1,0,42,9,37,32,37032,2,1999,1HGCG2259XA0,1,H,G,C,G,2,2,5,9,X,A,0,0,P,HOND,UEX,CP,99,17,3241,,0,1051,,G,,0,0,000000000,00000000000,0,0,0,1,0,0,0,0,0,0,0,999,0,1,6,7,0,6,2,1,0,0,0,1,99,99999,9,9,99,9,9,9,999,999,99,99,99,99,99,99,9999,99,9999,0,51,0,0,0,1,2,25,1,6,2,1,0,0,1,13,3,3,4,2,1,0
42,420833,1,1,1,15,9,12,50,39,0,1,0,42,1,37,32,37032,4,2004,1HGCM56814A0,1,H,G,C,M,5,6,8,1,4,A,0,0,P,HOND,UEX,4D,4,17,0,,0,1079,,G,,0,0,000000000,00000000000,0,0,0,1,0,0,0,0,0,0,0,999,0,0,0,6,6,6,2,39,0,0,0,1,42,19145,6,1,0,0,3,0,63,999,0,0,0,0,0,0,0,0,0,0,0,0,0,0,4,1,25,1,1,1,1,0,0,13,98,3,2,4,92,1,0
42,420834,1,2,2,18,8,22,30,12,6,1,0,42,2,55,35,55035,4,2010,KMHDU4AD2AU8,K,M,H,D,U,4,A,D,2,A,U,8,0,P,HYUN,BGS,4D,10,17,2723,,0,1043,,G,,0,0,000000000,00000000000,0,0,0,1,0,0,0,0,0,0,0,25,0,0,0,12,12,6,2,12,0,0,0,1,42,15942,6,1,0,0,3,0,70,999,0,0,0,1,0,11,2009,11,2009,0,39,0,0,0,1,2,35,1,1,2,1,4,3,11,15,1,1,2,76,1,0
42,420834,2,2,2,18,8,22,30,12,6,1,0,42,3,23,481,23481,31,2003,2GTEK19T8311,2,G,T,E,K,1,9,T,8,3,1,1,0,T,GMC,NK1,4C,3,17,,2,1575,1435,SIE,G,,0,0,000000000,00000000000,0,0,0,1,0,0,0,0,0,0,0,45,0,0,0,10,10,6,2,12,0,0,0,1,42,16601,6,1,0,0,3,0,66,999,0,0,0,0,0,0,0,0,0,0,0,0,0,0,1,2,45,1,1,1,1,4,3,1,65,1,1,1,77,0,0
42,420835,1,2,1,16,8,10,20,12,6,1,0,42,1,18,2,18002,4,1994,1G4HR52L0RH4,1,G,4,H,R,5,2,L,0,R,H,4,0,P,BUIC,LLF,4D,94,17,3449,,0,1108,,G,,0,0,000000000,00000000000,0,0,0,1,0,0,0,0,0,0,0,5,0,0,0,12,12,2,1,12,0,0,0,1,42,16826,6,1,0,0,3,1,66,999,0,0,0,0,0,0,0,0,0,0,39,0,0,0,5,4,35,1,1,2,1,3,3,1,72,1,1,1,83,0,0
42,420835,2,2,2,16,8,10,20,12,6,1,0,42,1,20,2,20002,4,2007,2G1WB58N8792,2,G,1,W,B,5,8,N,8,7,9,2,0,P,CHEV,IPL,4D,7,17,3674,,0,1105,,G,,0,0,000000000,00000000000,0,0,0,1,0,0,0,0,0,0,0,5,0,0,0,10,10,2,3,12,0,0,0,1,42,17751,6,1,0,0,3,0,65,999,0,0,0,0,0,0,0,0,0,0,0,0,0,0,0,0,0,0,0,0,0,3,3,11,98,1,1,1,82,1,0
42,420836,1,1,1,25,9,20,23,8,0,1,1,99,9,42,399,42399,9,9999,999999999999,9,9,9,9,9,9,9,9,9,9,9,9,0,U,,,,9,17,,,,,,,,0,0,000000000,00000000000,0,0,0,1,0,0,0,0,0,0,0,999,0,0,0,12,12,9,1,8,0,0,0,1,99,99999,9,9,99,0,9,9,999,999,99,99,99,99,99,99,9999,99,9999,0,48,0,0,0,4,1,99,1,1,1,1,1,3,11,80,1,1,1,13,0,0
42,420837,1,1,1,30,9,17,30,8,0,1,0,42,3,98,902,98902,52,2002,999999999999,9,9,9,9,9,9,9,9,9,9,9,9,0,U,,,,9,17,,,,,,,,0,88,888888888,88888888888,3,21,22,1,0,0,0,0,6,0,0,999,0,0,0,1,1,0,1,8,0,0,0,1,34,8094,6,1,6,1,3,0,67,999,0,0,0,0,0,0,0,0,0,0,38,0,0,0,1,2,99,1,1,2,2,20,3,1,80,1,1,1,13,0,0
42,420838,1,1,1,10,10,0,22,42,0,1,0,34,1,12,471,12471,30,2003,1FTZR45E43PB,1,F,T,Z,R,4,5,E,4,3,P,B,0,T,FORD,RNS,4C,3,17,,1,0,1259,RNG,G,,0,0,000000000,00000000000,0,0,0,1,0,0,0,0,0,0,0,60,0,0,0,12,12,6,2,42,0,0,0,1,34,7650,6,1,0,0,3,0,69,999,0,0,0,0,0,0,0,0,0,1,51,58,0,0,1,2,40,2,6,2,1,0,0,14,12,1,1,4,6,1,1
42,420839,1,1,2,22,10,22,30,34,0,1,0,42,1,38,471,38471,30,1993,4S1CL11L8P42,4,S,1,C,L,1,1,L,8,P,4,2,0,T,ISU,UNS,PK,93,17,,1,0,1056,CON,G,,0,0,000000000,00000000000,0,0,0,1,0,0,0,0,0,0,0,60,0,0,0,12,2,6,2,42,0,0,0,1,42,15731,6,1,0,0,3,0,64,999,0,3,0,0,2,6,2008,7,2009,1,51,58,0,0,1,2,55,3,4,2,1,0,0,14,12,3,4,4,7,1,1
42,420840,1,1,1,11,9,19,48,1,0,1,0,42,1,72,706,72706,80,1991,1HD1BML14MY0,1,H,D,1,B,M,L,1,4,M,Y,0,0,M,HD,FLF,RS,91,17,,,,,,,1340,0,0,000000000,00000000000,0,0,0,1,0,0,0,0,0,0,0,76,0,0,0,0,0,4,3,1,0,0,0,1,42,17820,6,1,0,0,3,0,71,999,1,0,0,0,2,9,2008,10,2009,1,84,0,0,0,1,2,55,3,1,2,1,0,0,14,51,8,2,2,98,1,1
42,420841,1,1,1,23,9,15,22,35,0,1,0,42,2,19,14,19014,4,1994,1G6KS52YXRU8,1,G,6,K,S,5,2,Y,X,R,U,8,0,P,CADI,SLS,4D,94,17,3738,,0,1110,,G,,0,0,000000000,00000000000,0,0,0,1,0,0,0,0,0,0,0,55,0,1,5,14,0,6,2,1,0,0,0,1,42,15868,6,2,0,0,3,3,72,999,0,0,0,0,0,0,0,0,0,0,0,0,0,0,1,3,40,3,6,2,1,0,0,14,13,1,1,4,1,1,0
42,420842,1,1,2,11,9,4,24,31,0,1,0,28,2,20,4,20004,1,2003,1G1YY32G2351,1,G,1,Y,Y,3,2,G,2,3,5,1,0,P,CHEV,CVT,CV,3,17,3210,,0,1045,,G,,0,0,000000000,00000000000,0,0,0,1,0,0,0,0,0,0,0,100,0,1,6,3,0,6,2,1,0,0,1,1,42,15066,1,1,0,0,2,0,74,999,0,3,0,1,0,6,2008,8,2010,1,0,0,0,0,1,2,35,1,6,2,1,0,0,1,6,1,4,4,7,1,1
42,420843,1,1,4,14,8,1,20,33,0,1,0,42,2,12,4,12004,2,1994,1FALP6243RH1,1,F,A,L,P,6,2,4,3,R,H,1,0,P,FORD,THL,2D,94,17,3570,,0,1130,,G,,0,0,000000000,00000000000,0,0,0,1,0,0,0,0,0,0,0,999,0,0,0,12,12,6,2,19,0,0,1,1,42,19020,3,1,0,0,2,0,71,999,0,0,0,0,0,0,0,0,0,1,39,48,37,36,4,1,35,1,1,2,1,20,3,11,6,3,2,5,2,2,1
42,420844,1,1,2,20,8,16,32,33,0,1,0,42,1,76,705,76705,80,1986,JYA1UJ007GA0,J,Y,A,1,U,J,0,0,7,G,A,0,0,M,YAMA,YX6,RS,86,17,,,,,,,599,0,0,000000000,00000000000,0,0,0,1,0,0,0,0,0,0,0,999,0,0,0,98,11,6,2,38,0,0,0,1,42,15204,6,1,6,0,3,0,72,999,0,0,0,1,1,3,2009,9,2009,1,33,0,0,0,1,2,55,3,5,2,1,0,0,6,12,1,1,4,6,1,1
42,420845,1,1,2,21,8,19,3,33,0,1,0,42,1,2,405,2405,14,2004,1J4GL48K34W2,1,J,4,G,L,4,8,K,3,4,W,2,0,T,JEEP,SPR,4W,4,17,,1,0,1043,LIB,G,,0,0,000000000,00000000000,0,0,0,1,0,0,0,0,0,0,0,999,0,1,1,14,0,6,2,1,0,0,0,1,42,15236,6,1,0,0,3,0,69,999,0,0,0,0,0,0,0,0,0,1,0,0,0,0,1,2,25,1,1,2,1,0,0,1,13,1,1,4,1,1,0
42,420846,1,1,2,1,8,15,15,35,0,1,0,42,1,7,442,7442,20,2006,2D4GP44L46R8,2,D,4,G,P,4,4,L,4,6,R,8,0,P,DODG,CAR,SV,6,17,4252,,0,1193,,G,,0,0,000000000,00000000000,0,0,0,1,0,0,0,0,0,0,0,65,0,1,3,1,0,6,2,1,0,0,0,1,42,15068,6,1,0,0,3,1,66,999,0,0,0,0,0,0,0,0,0,0,0,0,0,0,2,2,65,1,1,2,1,0,0,1,12,7,4,4,7,1,1
42,420847,1,1,1,23,8,12,46,24,0,1,0,42,1,12,402,12402,14,2008,1FMCU92Z18KA,1,F,M,C,U,9,2,Z,1,8,K,A,0,P,FORD,SPE,UT,8,17,3465,,0,1031,,G,,0,0,000000000,00000000000,0,0,0,1,0,0,0,0,0,0,0,999,0,0,0,2,12,6,2,42,0,0,0,1,42,15632,6,1,0,0,3,3,72,999,0,0,0,0,0,0,0,0,0,0,0,0,0,0,1,2,25,3,6,2,1,0,0,14,13,1,1,4,1,1,0
42,420848,1,1,2,23,8,23,44,42,0,1,0,42,1,20,37,20037,4,2003,1G1NE52JX3M5,1,G,1,N,E,5,2,J,X,3,M,5,0,P,CHEV,M/L,4D,3,17,3106,,0,1070,,G,,0,0,000000000,00000000000,0,0,0,1,0,0,0,0,0,0,0,45,0,0,0,10,10,6,2,42,0,0,0,1,42,15935,6,1,0,0,3,3,65,999,0,0,0,0,0,0,0,0,0,1,36,87,0,0,1,2,35,3,1,2,2,0,0,14,13,7,1,4,1,1,0
42,420849,1,1,2,21,8,23,15,41,0,1,0,92,0,98,734,98734,90,9999,000000000000,0,0,0,0,0,0,0,0,0,0,0,0,0,U,,,,,17,,,,,,,,0,0,000000000,00000000000,0,0,0,1,0,0,0,0,0,0,0,45,0,0,0,12,12,6,2,19,0,0,0,1,42,15946,6,1,0,0,1,0,70,999,0,0,0,0,0,0,0,0,0,1,51,0,0,0,1,2,35,2,5,2,2,0,0,14,12,1,1,4,6,1,1
42,420850,1,1,1,27,8,22,44,30,0,1,0,42,1,30,33,30033,2,1978,1582038474,1,5,8,2,0,3,8,4,7,4,,,0,P,,,,,,,,,,,,,0,0,000000000,00000000000,0,0,0,1,0,0,0,0,0,0,0,999,0,0,0,9,9,6,2,30,0,0,0,1,42,17352,6,1,0,0,3,0,70,999,0,0,0,0,0,0,0,0,0,1,0,0,0,0,1,2,45,2,5,2,1,0,0,14,13,1,3,4,2,1,1
42,420851,1,1,1,15,10,9,40,42,0,1,0,36,3,86,881,86881,63,1990,1M2AA13Y4LW0,1,M,2,A,A,1,3,Y,4,L,W,0,0,T,MACK,CH6,DS,90,17,,8,0,0,600,D,,0,57,01726012,5701726012,3,2,4,1,0,0,0,0,0,0,0,55,0,1,6,12,12,6,2,2,0,0,1,1,36,13440,6,1,6,1,3,0,63,999,0,0,0,0,0,0,0,0,0,1,58,51,0,0,1,2,55,2,6,8,1,0,0,14,3,1,1,4,6,1,0
42,420852,1,1,1,15,10,16,15,42,0,1,0,42,1,20,32,20032,4,1997,1Y1SK5266VZ4,1,Y,1,S,K,5,2,6,6,V,Z,4,0,P,GEO,GEP,4D,97,17,2360,,0,971,,G,,0,0,000000000,00000000000,0,0,0,1,0,0,0,0,0,0,0,999,0,0,0,3,3,6,2,42,0,0,0,1,42,15522,6,1,0,0,3,3,61,999,0,0,0,0,0,0,0,0,0,1,51,87,0,0,1,2,45,2,1,2,2,0,0,14,6,1,3,4,7,1,0
42,420853,1,1,1,2,10,13,45,1,0,1,0,42,1,72,706,72706,80,1998,1HD1GEL18WY3,1,H,D,1,G,E,L,1,8,W,Y,3,0,M,HD,FWG,RS,98,17,,,,,,,1340,0,0,000000000,00000000000,0,0,0,1,0,0,0,0,0,0,0,60,0,0,0,0,0,6,2,1,0,0,0,1,42,19040,6,1,0,0,3,0,74,999,0,0,2,0,0,5,2009,5,2009,1,58,0,0,0,3,2,55,2,1,2,1,0,0,14,12,1,1,4,6,1,0
42,420854,1,1,1,2,10,13,30,30,0,1,0,42,1,20,481,20481,31,2004,2GCEK19V7411,2,G,C,E,K,1,9,V,7,4,1,1,0,T,CHEV,SK1,4C,4,17,,2,1575,1435,SIL,G,,0,0,000000000,00000000000,0,0,0,1,0,0,0,0,0,0,0,55,0,1,5,1,0,6,2,1,0,0,0,1,42,16117,6,1,6,0,3,0,68,999,0,0,0,1,1,2,2009,10,2009,0,51,0,0,0,1,2,55,1,5,2,1,0,0,1,12,1,1,4,6,1,0
42,420855,1,1,1,25,10,3,52,35,0,1,0,42,1,12,401,12401,14,1999,1FMDU24E3XUC,1,F,M,D,U,2,4,E,3,X,U,C,0,P,FORD,EPR,UT,99,17,3898,,0,1017,,G,,0,0,000000000,00000000000,0,0,0,1,0,0,0,0,0,0,0,50,0,1,5,14,0,6,2,1,0,0,0,1,42,16635,6,1,0,0,3,0,67,999,0,0,0,1,0,9,2010,9,2010,0,51,0,0,0,1,2,55,1,1,2,1,0,0,1,11,1,1,4,1,1,0
42,420856,1,1,1,23,10,22,48,8,0,1,0,42,2,41,402,41402,14,2010,4F2CY9GG5AKM,4,F,2,C,Y,9,G,G,5,A,K,M,0,P,MAZD,TRI,UT,10,17,3483,,0,1031,,G,,0,0,000000000,00000000000,0,0,0,1,0,0,0,0,0,0,0,25,0,0,0,12,12,2,1,8,0,0,0,1,42,16022,6,1,0,0,3,0,59,999,0,0,0,0,0,0,0,0,0,0,0,0,0,0,1,2,35,1,1,2,1,0,0,1,80,2,1,1,13,0,0
42,420857,1,1,1,18,8,23,53,21,0,1,0,42,1,53,34,53034,4,2006,KL5JJ56Z06K2,K,L,5,J,J,5,6,Z,0,6,K,2,0,P,SUZI,FZP,4D,6,17,2701,,0,1024,,G,,0,0,000000000,00000000000,0,0,0,1,0,0,0,0,0,0,0,40,0,0,0,12,12,6,2,21,0,0,0,1,42,17043,6,1,0,0,3,0,72,999,0,0,0,3,0,12,2007,4,2010,1,51,0,0,0,1,4,25,2,5,2,1,0,0,14,12,98,1,4,6,1,1
42,420858,1,1,2,24,8,0,1,42,0,1,0,42,5,41,50,41050,4,2009,1YVHP81A295M,1,Y,V,H,P,8,1,A,2,9,5,M,0,P,MAZD,M6I,4D,9,17,3258,,0,1098,,G,,0,0,000000000,00000000000,0,0,0,1,0,0,0,0,0,0,0,999,0,0,0,12,12,6,2,42,0,0,0,1,42,17110,1,1,0,0,2,0,74,999,0,1,0,0,4,11,2007,12,2007,1,48,39,37,0,1,2,25,1,1,2,1,20,3,11,15,6,1,4,1,1,0
42,420859,1,1,2,16,10,12,2,15,0,1,0,48,1,20,431,20431,16,1999,3GNEC16R9XG1,3,G,N,E,C,1,6,R,9,X,G,1,0,P,CHEV,C15,UT,99,17,4825,,0,1315,,G,,0,0,000000000,00000000000,0,0,0,1,0,0,0,0,0,0,0,40,0,0,0,12,12,2,1,15,0,0,0,1,48,75418,6,1,0,0,3,3,999,999,0,0,0,0,0,0,0,0,0,0,0,0,0,0,1,2,55,1,1,2,1,0,0,1,83,3,2,1,13,0,0
42,420860,1,1,1,24,10,13,0,1,0,1,0,42,1,98,706,98706,80,2008,4MZHL04DX83B,4,M,Z,H,L,0,4,D,X,8,3,B,0,U,,,,8,17,,,,,,,,0,0,000000000,00000000000,0,0,0,1,0,0,0,0,0,0,0,999,0,0,0,0,0,6,2,1,0,0,0,1,42,17406,6,1,6,0,3,0,71,999,0,0,0,1,0,6,2008,6,2008,1,58,51,0,0,1,2,40,2,1,2,1,0,0,14,12,99,1,4,6,1,0
42,420861,1,2,1,1,9,9,13,12,6,1,0,42,1,20,34,20034,3,1994,2C1MR2464R67,2,C,1,M,R,2,4,6,4,R,6,7,0,P,GEO,GEM,2H,94,17,1650,,0,892,,G,,0,0,000000000,00000000000,0,0,0,1,0,0,0,0,0,0,0,15,0,0,0,9,9,6,2,12,0,0,0,1,42,17066,6,1,0,0,3,0,70,999,1,0,0,0,0,4,2008,4,2008,0,39,0,0,0,1,2,35,1,1,2,1,20,3,11,15,1,1,1,82,1,0
42,420861,2,2,1,1,9,9,13,12,6,1,0,42,3,12,881,12881,63,1992,1FDYR82A1NVA,1,F,D,Y,R,8,2,A,1,N,V,A,0,T,FORD,N8F,CC,92,17,,8,2580,1380,CON,D,,0,77,777777777,77777777777,3,2,4,1,0,0,0,0,0,0,0,40,0,0,0,12,12,2,1,12,0,0,0,1,42,17240,6,1,6,0,3,0,72,999,1,0,0,0,0,6,2010,6,2010,0,0,0,0,0,1,2,40,1,1,2,1,0,0,2,67,3,2,1,83,0,0
42,420862,1,2,1,7,9,17,30,12,2,1,0,42,1,7,481,7481,31,1983,1B6WW34W5DS4,1,B,6,W,W,3,4,W,5,D,S,4,0,T,DODG,W30,CB,83,17,,2,1490,1310,W30,G,,0,0,000000000,00000000000,0,0,0,1,0,0,0,0,0,0,0,50,0,0,0,12,12,6,2,12,0,0,0,1,42,15688,6,1,0,0,3,0,74,999,0,0,0,0,0,0,0,0,0,1,51,0,0,0,1,2,45,3,6,2,1,0,0,14,10,1,1,2,50,1,1
42,420862,2,2,1,7,9,17,30,12,2,1,0,42,3,87,883,87883,66,2004,1XP5DB9X44D8,1,X,P,5,D,B,9,X,4,4,D,8,1,T,PTRB,379,DS,4,17,,8,0,0,CON,D,,1,57,00638713,5700638713,3,6,3,1,0,0,0,0,0,0,0,45,0,0,0,12,12,6,2,12,0,0,0,1,42,16826,6,1,6,1,3,0,68,999,0,0,0,0,1,2,2009,2,2009,0,0,0,0,0,1,2,45,1,6,2,1,0,0,1,62,9,3,1,51,0,0
42,420863,1,1,2,31,10,13,2,42,0,1,0,92,0,76,739,76739,90,2011,JY4AJ40Y6BC0,J,Y,4,A,J,4,0,Y,6,B,C,0,0,M,YAMA,Y5D,AT,11,17,,,,,,,558,0,0,000000000,00000000000,0,0,0,1,0,0,0,0,0,0,0,40,0,0,0,12,12,6,2,42,0,0,0,1,42,17860,0,0,0,0,1,0,999,999,0,0,0,0,0,0,0,0,0,1,0,0,0,0,9,9,55,3,6,2,1,0,0,14,13,1,1,4,1,1,0
42,420864,1,1,1,11,10,21,30,11,0,1,0,42,1,37,706,37706,80,1999,1HFSC223XXA1,1,H,F,S,C,2,2,3,X,X,A,1,0,M,HOND,1/2,RS,99,17,,,,,,,1520,0,0,000000000,00000000000,0,0,0,1,0,0,0,0,0,0,0,25,0,0,0,2,0,6,2,1,0,0,0,1,42,17309,6,1,6,0,3,0,70,999,0,0,0,0,0,0,0,0,0,0,83,0,0,0,1,2,40,1,1,4,1,0,0,1,87,6,1,1,13,1,1
42,420865,1,2,2,1,10,15,15,12,6,1,0,42,1,55,35,55035,4,2000,KMHJF35F1YU9,K,M,H,J,F,3,5,F,1,Y,U,9,0,P,HYUN,EGS,4D,0,17,2626,,0,1004,,G,,0,0,000000000,00000000000,0,0,0,1,0,0,0,0,0,0,0,5,0,0,0,9,9,6,2,12,0,0,0,1,42,17022,6,1,0,0,3,0,56,999,0,0,0,0,0,0,0,0,0,0,38,0,0,0,1,2,35,1,1,2,1,20,3,1,17,1,1,1,89,1,0
42,420865,2,2,1,1,10,15,15,12,6,1,0,27,3,87,881,87881,66,2009,1XPHDU9XX9D7,1,X,P,H,D,U,9,X,X,9,D,7,1,T,PTRB,386,DS,9,17,,8,0,0,CON,D,,1,57,00124608,5700124608,3,6,2,1,0,0,0,0,0,0,0,45,0,0,0,12,12,4,3,12,0,0,0,1,55,53541,6,1,6,1,3,0,71,225,0,0,0,0,0,0,0,0,0,0,0,0,0,0,1,2,45,1,1,2,1,0,0,1,66,2,1,1,88,0,0
42,420866,1,1,1,7,10,5,2,35,0,1,0,42,1,21,2,21002,4,1989,1G3HY54C0KW3,1,G,3,H,Y,5,4,C,0,K,W,3,0,P,OLDS,FRB,4D,89,17,3134,,0,1108,,G,,0,0,000000000,00000000000,0,0,0,1,0,0,0,0,0,0,0,45,0,0,0,12,12,6,2,35,0,0,0,1,42,17302,6,1,0,0,3,0,72,999,0,0,1,0,0,1,2008,1,2008,0,39,0,0,0,1,2,45,1,1,2,1,20,3,1,14,3,2,4,14,1,1
42,420867,1,1,3,24,10,2,47,38,0,1,0,42,1,19,18,19018,4,2007,1G6DP5774701,1,G,6,D,P,5,7,7,4,7,0,1,0,P,CADI,HF6,4D,7,17,3509,,0,1134,,G,,0,0,000000000,00000000000,0,0,0,1,0,0,0,0,0,0,0,85,0,1,6,11,0,6,2,1,0,0,0,1,42,17563,6,1,0,0,3,0,69,999,1,3,0,2,1,11,2007,8,2010,1,58,51,0,0,1,2,55,2,1,2,1,0,0,14,12,6,1,4,6,1,1
42,420868,1,2,1,10,10,20,6,12,6,1,0,42,1,37,705,37705,80,1997,JH2PC2501VM6,J,H,2,P,C,2,5,0,1,V,M,6,0,M,HOND,RF3,RS,97,17,,,,,,,600,0,0,000000000,00000000000,0,0,0,1,0,0,0,0,0,0,0,85,0,0,0,12,12,6,2,12,0,0,0,1,42,17362,6,7,0,0,3,1,70,999,1,0,0,0,1,1,2010,2,2010,1,33,39,0,0,1,2,45,1,1,2,1,3,3,6,17,3,2,1,83,1,0
42,420868,2,2,1,10,10,20,6,12,6,1,0,42,1,52,46,52046,4,2008,JA3AU26U68U0,J,A,3,A,U,2,6,U,6,8,U,0,0,P,MITS,LES,4D,8,17,2943,,0,1037,,G,,0,0,000000000,00000000000,0,0,0,1,0,0,0,0,0,0,0,15,0,0,0,3,3,6,2,12,0,0,0,1,42,17331,6,1,0,0,3,1,73,999,0,0,0,0,0,0,0,0,0,0,0,0,0,0,1,2,45,1,1,2,1,3,3,11,66,1,1,1,82,0,0