STATE,ST_CASE,VEH_NO,VE_FORMS,NUMOCCS,DAY,MONTH,HOUR,MINUTE,HARM_EV,MAN_COLL,UNITTYPE,HIT_RUN,REG_STAT,OWNER,MAKE,MODEL,MAK_MOD,BODY_TYP,MOD_YEAR,VIN,VIN_1,VIN_2,VIN_3,VIN_4,VIN_5,VIN_6,VIN_7,VIN_8,VIN_9,VIN_10,VIN_11,VIN_12,TOW_VEH,VINTYPE,VINMAKE,VINA_MOD,VIN_BT,VINMODYR,VIN_LNGT,VIN_WGT,WGTCD_TR,WHLBS_LG,WHLBS_SH,SER_TR,FUELCODE,MCYCL_DS,J_KNIFE,MCARR_I1,MCARR_I2,MCARR_ID,GVWR,V_CONFIG,CARGO_BT,HAZ_INV,HAZ_PLAC,HAZ_ID,HAZ_CNO,HAZ_REL,BUS_USE,SPEC_USE,EMER_USE,TRAV_SP,UNDERIDE,ROLLOVER,ROLINLOC,IMPACT1,IMPACT2,DEFORMED,TOWED,M_HARM,VEH_SC1,VEH_SC2,FIRE_EXP,DR_PRES,L_STATE,DR_ZIP,L_STATUS,L_TYPE,CDL_STAT,L_ENDORS,L_COMPL,L_RESTRI,DR_HGT,DR_WGT,PREV_ACC,PREV_SUS,PREV_DWI,PREV_SPD,PREV_OTH,FIRST_MO,FIRST_YR,LAST_MO,LAST_YR,SPEEDREL,DR_SF1,DR_SF2,DR_SF3,DR_SF4,VTRAFWAY,VNUM_LAN,VSPD_LIM,VALIGN,VPROFILE,VPAVETYP,VSURCOND,VTRAFCON,VTCONT_F,P_CRASH1,P_CRASH2,P_CRASH3,PCRASH4,PCRASH5,ACC_TYPE,DEATHS,DR_DRINK
42,420869,1,1,2,23,10,13,35,49,0,1,0,10,2,63,402,63402,14,2004,KNDJD7339452,K,N,D,J,D,7,3,3,9,4,5,2,0,P,KIA,SOR,UT,4,17,4306,,0,1067,,G,,0,0,000000000,00000000000,0,0,0,1,0,0,0,0,0,0,0,45,0,0,0,3,9,6,2,24,0,0,0,1,10,19713,6,1,0,0,3,0,73,190,0,0,0,0,0,0,0,0,0,0,83,0,0,0,1,2,55,1,1,2,1,0,0,1,87,8,1,1,13,0,0
42,420870,1,1,2,23,10,22,41,33,0,1,0,42,1,35,32,35032,3,1989,JN1HS36P2KW0,J,N,1,H,S,3,6,P,2,K,W,0,0,P,NISS,24S,2H,89,17,2690,,0,974,,G,,0,0,000000000,00000000000,0,0,0,1,0,0,0,0,0,0,0,999,0,1,5,1,0,6,2,2,0,0,1,1,42,19124,6,1,0,0,3,0,70,999,0,2,0,0,0,6,2009,6,2009,0,51,0,0,0,1,2,99,2,1,2,1,0,0,14,12,1,1,4,6,1,1
42,420871,1,1,1,12,10,20,47,8,0,1,0,42,1,7,442,7442,20,2001,2B4GP44311R4,2,B,4,G,P,4,4,3,1,1,R,4,0,P,DODG,CAR,SV,1,17,3989,,0,1193,,F,,0,0,000000000,00000000000,0,0,0,1,0,0,0,0,0,0,0,999,0,0,0,12,12,4,1,8,0,0,0,1,42,19119,6,1,0,0,3,0,67,999,0,0,0,0,0,0,0,0,0,0,99,99,99,99,1,2,25,1,1,2,1,0,0,1,80,1,1,1,13,0,0
42,420872,1,1,1,12,10,10,35,33,0,1,0,42,2,30,46,30046,4,2000,WVWPD23B7YP3,W,V,W,P,D,2,3,B,7,Y,P,3,0,P,VOLK,PGX,4D,0,17,3094,,0,1066,,G,,0,0,000000000,00000000000,0,0,0,1,0,0,0,0,0,0,0,999,0,0,0,12,12,6,2,8,0,0,0,1,42,19040,6,2,0,0,3,0,69,999,0,0,0,0,1,3,2010,3,2010,1,48,0,0,0,1,4,35,1,3,2,1,0,0,11,6,4,1,4,2,0,0
42,420873,1,1,1,2,10,6,0,59,0,1,0,42,1,19,3,19003,4,1997,1G6KD52Y5VU2,1,G,6,K,D,5,2,Y,5,V,U,2,0,P,CADI,DFW,4D,97,17,3911,,0,1138,,G,,0,0,000000000,00000000000,0,0,0,1,0,0,0,0,0,0,0,70,0,1,6,12,0,6,2,1,0,0,0,1,42,16101,6,1,0,0,3,3,69,999,0,2,0,0,1,11,2007,2,2010,1,51,0,0,0,1,2,45,2,6,2,1,0,0,14,12,4,1,4,6,1,0
42,420874,1,2,2,11,10,15,2,12,2,1,0,42,2,20,401,20401,14,2000,1GNDT13W5Y22,1,G,N,D,T,1,3,W,5,Y,2,2,0,P,CHEV,BZR,UT,0,17,4049,,0,1070,,G,,0,0,000000000,00000000000,0,0,0,1,0,0,0,0,0,0,0,50,0,0,0,12,12,6,2,12,0,0,0,1,42,17560,6,7,0,0,3,1,72,999,0,0,0,0,0,0,0,0,0,0,51,0,0,0,1,2,55,1,1,1,1,0,0,1,10,1,1,2,50,0,0
42,420874,2,2,2,11,10,15,2,12,2,1,0,42,1,18,23,18023,4,2006,1G4HD572X6U2,1,G,4,H,D,5,7,2,X,6,U,2,0,P,BUIC,UXL,4D,6,17,3969,,0,1156,,G,,0,0,000000000,00000000000,0,0,0,1,0,0,0,0,0,0,0,50,0,0,0,12,12,6,2,12,0,0,0,1,42,17560,6,1,0,0,3,1,67,999,0,0,0,0,0,0,0,0,0,0,0,0,0,0,1,2,55,1,1,1,1,0,0,1,62,1,1,1,51,1,0
42,420875,1,1,1,10,9,17,46,42,0,1,0,42,1,35,48,35048,2,2006,JN1AZ36A56M4,J,N,1,A,Z,3,6,A,5,6,M,4,0,P,NISS,3ZR,RD,6,17,3580,,0,1043,,G,,0,0,000000000,00000000000,0,0,0,1,0,0,0,0,0,0,0,999,0,0,0,12,12,6,2,42,0,0,0,1,42,18938,6,1,0,0,3,1,68,999,0,0,0,0,0,0,0,0,0,1,51,0,0,0,1,2,35,1,1,2,1,0,0,1,6,1,4,4,7,1,1
42,420876,1,1,2,3,10,21,0,52,0,1,0,42,1,20,401,20401,14,1995,1GNDT13W0SK2,1,G,N,D,T,1,3,W,0,S,K,2,0,P,CHEV,BZR,UT,95,17,4071,,0,1070,,G,,0,0,000000000,00000000000,0,0,0,1,0,0,0,0,0,0,0,55,0,1,6,1,61,6,2,17,0,0,0,1,42,16214,6,1,0,0,3,1,69,999,0,0,0,0,0,0,0,0,0,1,58,51,0,0,1,2,40,2,1,2,2,0,0,14,12,1,1,4,6,2,0
42,420877,1,1,1,15,10,16,30,35,0,1,0,42,1,49,40,49040,4,2002,4T1BE32K72U0,4,T,1,B,E,3,2,K,7,2,U,0,0,P,TOYT,LXS,4D,2,17,3086,,0,1071,,G,,0,0,000000000,00000000000,0,0,0,1,0,0,0,0,0,0,0,999,0,0,0,14,2,6,2,42,0,0,0,1,42,15739,6,1,0,0,3,0,71,999,0,0,0,0,0,0,0,0,0,0,51,0,0,0,1,2,55,3,1,2,1,0,0,14,12,1,4,4,7,1,1
42,420878,1,1,1,2,9,6,36,14,0,1,0,17,3,51,884,51884,66,2000,4V4M42RF7YN2,4,V,4,M,4,2,R,F,7,Y,N,2,1,T,VOLV,VVN,DS,0,17,,8,0,0,VVN,D,,3,57,00071821,5700071821,3,6,97,1,0,0,0,0,0,0,0,60,0,0,0,12,12,6,2,14,0,0,1,1,36,11377,6,1,6,1,3,3,69,999,0,0,0,0,0,0,0,0,0,0,0,0,0,0,2,2,65,1,6,2,1,0,0,1,11,1,1,4,1,0,0
42,420879,1,2,1,9,9,15,57,12,6,1,0,42,1,12,481,12481,31,2001,1FTRX18L11NB,1,F,T,R,X,1,8,L,1,1,N,B,0,T,FORD,F15,4C,1,17,,2,1574,1388,COF,G,,0,0,000000000,00000000000,0,0,0,1,0,0,0,0,0,0,0,10,0,0,0,3,3,6,2,12,0,0,0,1,42,17086,6,1,0,0,3,3,68,999,0,0,0,0,0,0,0,0,0,0,48,0,0,0,1,2,55,1,1,2,1,0,0,11,15,6,1,1,68,0,0
42,420879,2,2,1,9,9,15,57,12,6,1,0,42,1,72,706,72706,80,2008,1HD1GM4108K3,1,H,D,1,G,M,4,1,0,8,K,3,0,M,HD,FDX,RS,8,17,,,,,,,1584,0,0,000000000,00000000000,0,0,0,1,0,0,0,0,0,0,0,55,0,0,0,9,9,6,2,12,0,0,1,1,42,17049,6,1,0,0,3,3,70,999,0,0,0,0,0,0,0,0,0,0,0,0,0,0,1,2,55,1,1,2,1,0,0,1,62,9,2,1,69,1,0
42,420880,1,2,1,7,10,15,19,12,1,1,0,42,1,53,705,53705,80,1992,JS1GN75A4N21,J,S,1,G,N,7,5,A,4,N,2,1,0,M,SUZI,G60,RS,92,17,,,,,,,600,0,0,000000000,00000000000,0,0,0,1,0,0,0,0,0,0,0,999,0,0,0,12,12,6,2,12,0,0,0,1,42,19525,6,1,6,0,2,0,71,999,0,0,0,0,0,0,0,0,0,1,0,0,0,0,1,2,45,1,1,2,1,0,0,1,50,9,1,1,20,1,0
42,420880,2,2,1,7,10,15,19,12,1,1,0,34,1,52,37,52037,1,2007,4A3AL35T97E0,4,A,3,A,L,3,5,T,9,7,E,0,0,P,MITS,STG,CV,7,17,3671,,0,1014,,G,,0,0,000000000,00000000000,0,0,0,1,0,0,0,0,0,0,0,0,0,0,0,6,6,4,1,12,0,0,0,1,34,7960,6,1,0,0,3,3,62,999,0,0,0,1,0,8,2008,8,2008,0,0,0,0,0,1,2,45,1,1,2,1,0,0,5,53,1,1,1,22,0,0
42,420881,1,1,2,11,10,13,5,35,0,1,0,42,1,38,402,38402,14,1999,4S2CM57W0X43,4,S,2,C,M,5,7,W,0,X,4,3,0,P,ISU,AMI,UT,99,17,3300,,0,969,,G,,0,0,000000000,00000000000,0,0,0,1,0,0,0,0,0,0,0,45,0,1,5,11,0,6,2,1,0,0,0,1,42,16354,6,1,0,0,3,0,66,999,0,0,0,0,0,0,0,0,0,1,51,0,0,0,1,2,35,2,5,2,1,0,0,14,6,1,4,4,7,1,0
42,420882,1,1,1,30,9,6,45,8,0,1,0,42,3,84,881,84881,66,2006,2HSCEAHR86C1,2,H,S,C,E,A,H,R,8,6,C,1,1,T,INTL,92I,DS,6,17,,8,0,0,920,D,,1,57,00084850,5700084850,3,6,1,1,0,0,0,0,0,0,0,65,0,0,0,12,12,6,2,8,0,0,0,1,21,41018,6,1,6,1,3,0,68,190,0,0,0,0,0,0,0,0,0,1,87,0,0,0,3,2,65,1,1,2,2,0,0,1,80,1,1,1,13,0,0
42,420883,1,2,1,22,9,7,30,12,1,1,0,36,1,20,461,20461,21,2002,1GNFG65R3211,1,G,N,F,G,6,5,R,3,2,1,1,0,P,CHEV,EXP,SV,2,17,5062,,0,1350,,G,,0,0,000000000,00000000000,0,0,0,1,0,0,0,0,0,0,0,65,1,0,0,12,12,6,2,12,0,0,0,1,36,14120,6,1,0,0,3,3,72,999,0,0,0,0,0,0,0,0,0,1,28,0,0,0,3,2,55,1,1,1,1,0,0,1,10,1,1,2,28,1,0
42,420883,2,2,1,22,9,7,30,12,1,1,0,42,3,82,884,82884,66,2006,1FUJA6CV66LW,1,F,U,J,A,6,C,V,6,6,L,W,1,T,FRHT,COL,DS,6,17,,8,0,0,CON,D,,1,57,00256276,5700256276,3,6,1,1,0,0,0,0,0,0,0,5,0,0,0,6,6,2,1,12,0,0,0,1,42,18051,6,1,6,0,3,0,69,999,0,0,1,0,0,9,2009,9,2009,0,0,0,0,0,3,2,55,1,1,1,1,0,0,11,61,1,1,1,30,0,0
42,420884,1,2,2,22,10,21,40,12,6,1,0,42,1,49,40,49040,4,2007,JTNBE46K2731,J,T,N,B,E,4,6,K,2,7,3,1,0,P,TOYT,CMB,4D,7,17,3108,,0,1093,,G,,0,0,000000000,00000000000,0,0,0,1,0,0,0,0,0,0,0,5,0,0,0,2,2,6,2,12,0,0,0,1,42,17036,6,1,0,0,3,0,73,999,0,0,0,0,0,0,0,0,0,0,48,0,0,0,1,2,45,1,4,2,1,0,0,11,15,1,1,1,68,0,0
42,420884,2,2,1,22,10,21,40,12,6,1,0,42,1,53,704,53704,80,2009,JS1SK44A9921,J,S,1,S,K,4,4,A,9,9,2,1,0,M,SUZI,DSM,EN,9,17,,,,,,,398,0,0,000000000,00000000000,0,0,0,1,0,0,0,0,0,0,0,999,0,0,0,12,12,6,2,12,0,0,0,1,42,17552,6,1,0,0,3,0,71,999,0,0,0,0,0,0,0,0,0,0,0,0,0,0,1,2,45,1,6,2,1,0,0,1,62,3,2,1,69,1,0
42,420885,1,2,1,26,10,2,35,12,1,1,0,42,2,41,50,41050,4,2010,1YVHZ8BH5A5M,1,Y,V,H,Z,8,B,H,5,A,5,M,0,P,MAZD,M6I,4D,10,17,3258,,0,1098,,G,,0,0,000000000,00000000000,0,0,0,1,0,0,0,0,0,0,0,999,1,0,0,12,12,6,2,12,0,0,0,1,42,17067,6,1,0,0,3,0,69,999,0,1,2,1,0,10,2009,2,2010,1,26,0,0,0,3,2,65,1,1,2,2,0,0,1,51,1,1,1,24,1,1
42,420885,2,2,1,26,10,2,35,12,1,1,0,21,3,51,881,51881,66,2006,4V4NC9GH06N4,4,V,4,N,C,9,G,H,0,6,N,4,1,T,VOLV,VNL,DS,6,17,,8,0,0,VVN,D,,1,57,01054001,5701054001,3,6,1,1,0,0,0,0,0,0,0,65,0,0,0,6,6,4,3,12,0,0,0,1,21,41139,6,1,6,1,3,0,66,155,0,0,0,0,0,0,0,0,0,0,0,0,0,0,3,2,65,1,1,2,2,0,0,1,53,1,1,1,25,0,0
42,420886,1,2,1,14,9,17,50,12,1,1,0,42,1,12,17,12017,4,1997,1FALP52U5VA1,1,F,A,L,P,5,2,U,5,V,A,1,0,P,FORD,TAG,4D,97,17,3329,,0,1085,,G,,0,0,000000000,00000000000,0,0,0,1,0,0,0,0,0,0,0,999,0,0,0,12,12,6,2,12,0,0,0,1,42,18822,6,1,0,0,3,3,61,999,0,0,0,0,0,0,0,0,0,1,26,0,0,0,1,3,45,1,1,2,1,0,0,1,50,1,1,1,20,1,0
42,420886,2,2,1,14,9,17,50,12,1,1,0,42,2,38,882,38882,61,1999,JALC4B143X70,J,A,L,C,4,B,1,4,3,X,7,0,0,T,ISU,NPR,TB,99,17,,4,0,0,NPR,D,,0,88,888888888,88888888888,2,1,96,1,0,0,0,0,0,0,0,0,0,0,0,6,6,2,1,12,0,0,0,1,42,18822,6,1,0,0,3,0,72,999,0,0,0,0,0,0,0,0,0,0,0,0,0,0,1,3,45,1,1,2,1,0,0,5,53,1,1,1,22,0,0
42,420887,1,1,1,14,10,13,15,32,0,1,0,42,1,20,22,20022,4,2008,1G1AK58FX872,1,G,1,A,K,5,8,F,X,8,7,2,0,P,CHEV,BLS,4D,8,17,3216,,0,1033,,G,,0,0,000000000,00000000000,0,0,0,1,0,0,0,0,0,0,0,50,0,0,0,12,12,6,2,32,0,0,0,1,42,16323,6,1,0,0,3,0,60,999,0,0,0,0,0,0,0,0,0,0,51,0,0,0,1,2,55,1,1,2,1,0,0,1,12,1,1,4,6,1,0
42,420888,1,2,1,31,10,16,0,12,6,1,0,42,1,2,404,2404,14,2005,1J4GR48KX5C6,1,J,4,G,R,4,8,K,X,5,C,6,0,T,JEEP,LCF,4W,5,17,,1,0,1095,GCK,G,,0,0,000000000,00000000000,0,0,0,1,0,0,0,0,0,0,0,5,0,0,0,2,2,6,2,12,0,0,0,1,42,17356,6,1,0,0,3,0,65,999,1,0,0,0,1,10,2009,9,2010,0,48,39,0,0,1,2,45,1,3,2,1,28,3,11,15,1,1,1,68,0,0
42,420888,2,2,1,31,10,16,0,12,6,1,0,42,2,37,706,37706,80,2000,JH2SC4409YM0,J,H,2,S,C,4,4,0,9,Y,M,0,0,M,HOND,CR9,RS,0,17,,,,,,,929,0,0,000000000,00000000000,0,0,0,1,0,0,0,0,0,0,0,65,0,0,0,12,12,6,2,12,0,0,0,1,42,17402,1,1,0,0,2,0,72,999,1,2,0,1,1,12,2008,10,2010,1,52,0,0,0,1,2,45,1,3,2,1,28,3,1,62,3,2,1,69,1,0
42,420889,1,1,1,2,10,22,0,24,0,1,0,42,1,41,44,41044,2,1989,1YVGD31AXK52,1,Y,V,G,D,3,1,A,X,K,5,2,0,P,MAZD,MX6,CP,89,17,0,,0,990,,G,,0,0,000000000,00000000000,0,0,0,1,0,0,0,0,0,0,0,999,0,2,5,2,2,6,2,30,0,0,0,1,42,18421,0,0,0,0,0,0,64,999,0,0,0,0,1,8,2010,8,2010,1,58,0,0,0,1,2,55,3,1,2,1,0,0,14,13,1,1,4,1,1,1
42,420890,1,1,1,2,10,21,45,1,0,1,0,42,1,76,706,76706,80,2009,JYAVP27E59A0,J,Y,A,V,P,2,7,E,5,9,A,0,0,M,YAMA,9CU,RS,9,17,,,,,,,1854,0,0,000000000,00000000000,0,0,0,1,0,0,0,0,0,0,0,40,0,0,0,0,0,6,2,1,0,0,0,1,42,17019,6,1,0,0,3,3,72,999,0,0,0,0,0,0,0,0,0,0,58,51,0,0,1,2,35,2,5,2,1,0,0,14,12,3,2,4,7,1,1
42,420891,1,2,2,27,10,17,9,12,6,1,0,42,1,9,442,9442,20,1996,1P4GP45R6TB4,1,P,4,G,P,4,5,R,6,T,B,4,0,P,PLYM,VOF,SV,96,17,3578,,0,1133,,G,,0,0,000000000,00000000000,0,0,0,1,0,0,0,0,0,0,0,999,0,0,0,3,3,6,2,12,0,0,0,1,42,17042,6,1,0,0,3,0,62,999,0,0,0,0,0,0,0,0,0,0,38,0,0,0,1,2,55,1,9,2,1,20,3,1,17,1,1,1,87,1,0
42,420891,2,2,5,27,10,17,9,12,6,1,0,42,3,12,881,12881,61,2003,1FDXW47P83EB,1,F,D,X,W,4,7,P,8,3,E,B,1,T,FORD,F4D,CB,3,17,,4,0,1890,DRW,D,,1,88,888888888,88888888888,2,4,97,1,0,0,0,0,0,0,0,999,0,1,5,12,12,6,2,12,0,0,0,1,42,17830,6,1,0,0,3,1,66,999,0,0,0,1,1,6,2009,10,2009,0,0,0,0,0,1,2,45,1,6,2,1,0,0,1,66,1,1,1,86,0,0
42,420892,1,1,1,18,10,18,38,8,0,1,0,42,3,90,981,90981,52,2009,15GGD3018911,1,5,G,G,D,3,0,1,8,9,1,1,0,U,,,,9,17,,,,,,,,0,88,888888888,88888888888,3,21,22,1,0,0,0,0,6,0,0,999,0,0,0,1,1,0,1,8,0,0,0,1,42,15001,6,1,6,1,3,0,66,999,0,0,0,0,0,0,0,0,0,0,0,0,0,0,1,3,25,1,1,2,2,1,3,1,80,2,1,1,13,0,0
42,420893,1,1,1,12,10,22,31,24,0,1,0,42,1,42,45,42045,1,2000,WDBKK47F7YF1,W,D,B,K,K,4,7,F,7,Y,F,1,0,P,MERZ,SLK,RD,0,17,2920,,0,946,,G,,0,0,000000000,00000000000,0,0,0,1,0,0,0,0,0,0,0,999,0,1,6,1,1,6,2,43,0,0,0,1,42,18612,6,1,0,0,3,0,69,999,0,0,0,0,0,0,0,0,0,1,0,0,0,0,1,2,45,1,1,2,1,0,0,1,13,1,1,4,1,1,1
42,420894,1,2,2,13,10,8,25,12,6,1,0,42,3,20,461,20461,21,2004,1GCFG15X7411,1,G,C,F,G,1,5,X,7,4,1,1,0,T,CHEV,E15,CG,4,17,,2,0,1350,EXP,G,,0,0,000000000,00000000000,0,0,0,1,0,0,0,0,0,0,0,999,0,0,0,12,12,4,3,12,0,0,0,1,42,17053,6,1,0,0,3,3,72,999,0,0,0,0,0,0,0,0,0,0,39,0,0,0,1,2,35,1,1,2,1,20,3,1,17,1,1,1,86,0,0
42,420894,2,2,1,13,10,8,25,12,6,1,0,42,1,12,442,12442,20,1996,2FMDA514XTBA,2,F,M,D,A,5,1,4,X,T,B,A,0,T,FORD,WWG,ES,96,17,,1,0,1207,WIN,G,,0,0,000000000,00000000000,0,0,0,1,0,0,0,0,0,0,0,999,0,1,1,3,3,6,2,12,0,0,0,1,42,17319,6,1,0,0,3,0,62,999,0,0,0,0,0,0,0,0,0,0,0,0,0,0,1,2,25,1,1,2,1,20,3,1,66,1,1,1,87,1,0
42,420895,1,1,1,6,10,11,27,18,0,1,0,42,2,22,22,22022,4,2006,1G2ZG5582642,1,G,2,Z,G,5,5,8,2,6,4,2,0,P,PONT,GS1,4D,6,17,3419,,0,1123,,G,,0,0,000000000,00000000000,0,0,0,1,0,0,0,0,0,0,0,999,0,1,5,11,9,6,2,42,0,0,0,1,12,32225,1,1,0,0,2,0,75,999,0,1,0,1,0,10,2008,2,2009,1,51,58,0,0,1,2,45,2,5,2,1,0,0,14,6,4,3,4,2,1,0
42,420896,1,2,1,17,10,17,29,12,1,1,0,92,0,98,739,98739,90,2007,4XAMH68A47A2,4,X,A,M,H,6,8,A,4,7,A,2,0,M,POL,S7F,AT,7,17,,,,,,,683,0,0,000000000,00000000000,0,0,0,1,0,0,0,0,0,0,0,30,0,1,6,12,0,4,1,1,0,0,0,1,42,17853,6,1,6,0,1,0,66,999,0,0,0,0,0,0,0,0,0,1,26,0,0,0,1,2,30,1,1,2,1,0,0,1,53,1,1,1,24,1,1
42,420896,2,2,1,17,10,17,29,12,1,1,0,92,0,53,734,53734,90,2008,JSAAL43A8821,J,S,A,A,L,4,3,A,8,8,2,1,0,M,SUZI,LTR,AT,8,17,,,,,,,450,0,0,000000000,00000000000,0,0,0,1,0,0,0,0,0,0,0,15,0,1,6,6,0,4,1,1,0,0,0,1,42,17853,6,1,0,0,1,0,71,999,0,1,1,0,2,10,2007,2,2009,0,36,0,0,0,1,2,30,1,1,2,1,0,0,11,51,1,1,1,26,0,1
42,420897,1,2,1,13,9,16,33,12,2,1,0,42,2,37,32,37032,4,1996,1HGCD5635TA0,1,H,G,C,D,5,6,3,5,T,A,0,0,P,HOND,ULE,4D,96,17,2864,,0,1069,,G,,0,0,000000000,00000000000,0,0,0,1,0,0,0,0,0,0,0,45,0,0,0,12,12,6,2,12,0,0,0,1,42,17360,1,1,0,0,2,0,66,999,1,5,0,1,3,12,2007,9,2010,0,51,0,0,0,1,2,40,1,6,2,1,0,0,1,10,8,1,2,50,0,0
42,420897,2,2,1,13,9,16,33,12,2,1,0,42,1,37,705,37705,80,2000,JH2PC3503YM1,J,H,2,P,C,3,5,0,3,Y,M,1,0,M,HOND,CF4,RS,0,17,,,,,,,599,0,0,000000000,00000000000,0,0,0,1,0,0,0,0,0,0,0,40,0,0,0,12,12,6,2,12,0,0,0,1,42,17407,6,7,0,0,3,0,63,999,0,0,0,1,0,10,2008,10,2008,0,0,0,0,0,1,2,40,1,5,2,1,0,0,1,62,3,2,1,51,1,0
42,420898,1,2,1,13,10,23,15,12,8,1,0,42,2,7,20,7020,4,2002,1B3ES56C92D6,1,B,3,E,S,5,6,C,9,2,D,6,0,P,DODG,ESN,4D,2,17,2662,,0,1050,,G,,0,0,000000000,00000000000,0,0,0,1,0,0,0,0,0,0,0,55,1,0,0,11,11,6,2,12,0,0,0,1,42,15333,6,1,0,0,3,0,63,999,0,0,0,0,0,0,0,0,0,0,51,0,0,0,2,2,55,1,1,2,1,0,0,1,10,1,1,4,64,1,0
42,420898,2,2,1,13,10,23,15,12,8,1,0,17,3,51,881,51881,66,2008,4V4NC9TK48N2,4,V,4,N,C,9,T,K,4,8,N,2,1,T,VOLV,VNL,DS,8,17,,8,0,0,VVN,D,,1,57,01701017,5701701017,3,6,1,1,0,0,0,0,0,0,0,55,0,0,0,7,7,2,1,12,0,0,0,1,36,10304,6,1,6,0,3,0,72,999,0,0,0,0,0,0,0,0,0,0,0,0,0,0,2,2,55,1,1,2,1,0,0,1,62,1,1,1,65,0,0
42,420899,1,2,1,14,9,10,19,12,2,1,0,42,1,18,2,18002,4,1991,1G4HR54C8MH4,1,G,4,H,R,5,4,C,8,M,H,4,0,P,BUIC,LLF,4D,91,17,3169,,0,1108,,G,,0,0,000000000,00000000000,0,0,0,1,0,0,0,0,0,0,0,55,0,0,0,12,12,6,2,12,0,0,0,1,42,18071,6,1,0,0,3,0,66,999,0,0,0,0,0,0,0,0,0,0,51,0,0,0,2,2,55,1,1,2,1,0,0,1,8,1,1,2,50,1,0
42,420899,2,2,2,14,9,10,19,12,2,1,0,42,1,7,472,7472,31,2004,1D7HG32K14S7,1,D,7,H,G,3,2,K,1,4,S,7,0,T,DODG,SPT,PC,4,17,,2,0,1309,DAK,G,,0,0,000000000,00000000000,0,0,0,1,0,0,0,0,0,0,0,0,0,0,0,12,12,6,2,12,0,0,0,1,42,18067,6,1,0,0,3,3,69,999,1,0,0,0,0,7,2010,7,2010,0,0,0,0,0,2,2,55,1,1,2,1,0,0,5,62,1,1,1,51,0,0
42,420900,1,2,1,14,9,16,40,12,2,1,0,12,1,59,403,59403,14,2010,2T2BK1BA1AC0,2,T,2,B,K,1,B,A,1,A,C,0,0,P,LEXS,RX5,UT,10,17,4510,,0,1079,,G,,0,0,000000000,00000000000,0,0,0,1,0,0,0,0,0,0,0,50,0,0,0,12,12,6,2,12,0,0,0,1,12,33019,6,1,0,0,3,3,72,999,0,0,0,0,0,0,0,0,0,0,51,0,0,0,1,2,55,2,1,2,1,0,0,14,10,1,1,2,50,1,0
42,420900,2,2,2,14,9,16,40,12,2,1,0,42,1,20,401,20401,14,1997,1GNDT13W2VK1,1,G,N,D,T,1,3,W,2,V,K,1,0,P,CHEV,BZR,UT,97,17,4046,,0,1070,,G,,0,0,000000000,00000000000,0,0,0,1,0,0,0,0,0,0,0,50,0,0,0,12,12,6,2,12,0,0,0,1,42,16353,6,1,0,0,3,0,68,999,0,0,0,0,0,0,0,0,0,0,0,0,0,0,1,2,55,1,1,2,1,0,0,1,62,1,1,1,51,2,0
42,420901,1,1,2,22,10,20,5,42,0,1,0,42,2,35,43,35043,4,2005,3N1CB51D75L5,3,N,1,C,B,5,1,D,7,5,L,5,0,P,NISS,S18,4D,5,17,2387,,0,998,,G,,0,0,000000000,00000000000,0,0,0,1,0,0,0,0,0,0,0,65,0,0,0,11,11,6,2,42,0,0,0,1,42,18343,0,0,0,0,0,0,66,999,0,2,0,0,0,11,2007,11,2008,1,0,0,0,0,6,1,20,2,1,2,1,0,0,14,12,1,1,4,6,1,0
42,420902,1,2,1,27,9,6,57,12,2,1,0,42,1,2,404,2404,14,1999,1J4FF68S0XL5,1,J,4,F,F,6,8,S,0,X,L,5,0,T,JEEP,SPC,4W,99,17,,1,0,1014,CHK,G,,0,0,000000000,00000000000,0,0,0,1,0,0,0,0,0,0,0,70,3,0,0,12,12,6,2,12,0,0,0,1,42,15956,6,1,0,0,3,3,71,999,0,0,0,0,0,0,0,0,0,1,51,0,0,0,1,2,45,2,1,2,2,0,0,14,6,1,1,2,50,1,1
42,420902,2,2,1,27,9,6,57,12,2,1,0,42,3,84,881,84881,66,2003,3HSCEAXR83N0,3,H,S,C,E,A,X,R,8,3,N,0,1,T,INTL,92I,DS,3,17,,8,0,0,920,D,,1,57,00163516,5700163516,3,6,3,1,0,0,0,0,0,0,0,45,0,0,0,12,12,6,2,12,0,0,0,1,42,15905,6,1,6,1,3,0,68,999,0,0,0,0,1,12,2008,12,2008,0,0,0,0,0,1,2,45,3,1,2,2,0,0,14,62,7,1,1,51,0,0
42,420903,1,2,1,2,9,12,7,33,0,1,0,42,2,49,441,49441,20,1991,JT3AC11RXM00,J,T,3,A,C,1,1,R,X,M,0,0,0,P,TOYT,PRE,SV,91,17,3455,,0,1128,,G,,0,0,000000000,00000000000,0,0,0,1,0,0,0,0,0,0,0,40,0,0,0,3,12,6,2,12,0,0,0,1,42,17025,6,7,0,0,3,2,73,999,0,0,0,0,0,0,0,0,0,1,52,51,73,0,1,2,25,3,1,2,1,0,0,14,13,1,1,4,1,1,0
42,420903,2,2,2,2,9,12,7,33,0,1,0,42,3,20,881,20881,63,2006,1GBP8C1316F4,1,G,B,P,8,C,1,3,1,6,F,4,0,T,CHEV,C8C,CB,6,17,,8,2960,1400,C85,D,,0,88,888888888,88888888888,3,2,4,1,0,0,0,0,0,0,0,25,0,0,0,12,12,2,3,12,0,0,0,1,42,17011,6,1,6,0,3,0,74,999,0,0,0,0,0,0,0,0,0,0,0,0,0,0,1,2,25,3,1,2,1,0,0,14,62,9,2,1,98,0,0