STATE,ST_CASE,VEH_NO,VE_FORMS,NUMOCCS,DAY,MONTH,HOUR,MINUTE,HARM_EV,MAN_COLL,UNITTYPE,HIT_RUN,REG_STAT,OWNER,MAKE,MODEL,MAK_MOD,BODY_TYP,MOD_YEAR,VIN,VIN_1,VIN_2,VIN_3,VIN_4,VIN_5,VIN_6,VIN_7,VIN_8,VIN_9,VIN_10,VIN_11,VIN_12,TOW_VEH,VINTYPE,VINMAKE,VINA_MOD,VIN_BT,VINMODYR,VIN_LNGT,VIN_WGT,WGTCD_TR,WHLBS_LG,WHLBS_SH,SER_TR,FUELCODE,MCYCL_DS,J_KNIFE,MCARR_I1,MCARR_I2,MCARR_ID,GVWR,V_CONFIG,CARGO_BT,HAZ_INV,HAZ_PLAC,HAZ_ID,HAZ_CNO,HAZ_REL,BUS_USE,SPEC_USE,EMER_USE,TRAV_SP,UNDERIDE,ROLLOVER,ROLINLOC,IMPACT1,IMPACT2,DEFORMED,TOWED,M_HARM,VEH_SC1,VEH_SC2,FIRE_EXP,DR_PRES,L_STATE,DR_ZIP,L_STATUS,L_TYPE,CDL_STAT,L_ENDORS,L_COMPL,L_RESTRI,DR_HGT,DR_WGT,PREV_ACC,PREV_SUS,PREV_DWI,PREV_SPD,PREV_OTH,FIRST_MO,FIRST_YR,LAST_MO,LAST_YR,SPEEDREL,DR_SF1,DR_SF2,DR_SF3,DR_SF4,VTRAFWAY,VNUM_LAN,VSPD_LIM,VALIGN,VPROFILE,VPAVETYP,VSURCOND,VTRAFCON,VTCONT_F,P_CRASH1,P_CRASH2,P_CRASH3,PCRASH4,PCRASH5,ACC_TYPE,DEATHS,DR_DRINK
42,421003,2,2,1,15,10,17,45,12,1,1,0,42,2,7,472,7472,30,1998,1B7GL22X8WS5,1,B,7,G,L,2,2,X,8,W,S,5,0,T,DODG,DAK,PC,98,17,,1,0,1309,DAK,G,,0,0,000000000,00000000000,0,0,0,1,0,0,0,0,0,0,0,10,0,0,0,6,6,4,1,12,0,0,0,1,94,19111,9,9,99,9,9,9,999,999,99,99,99,99,99,99,9999,99,9999,0,0,0,0,0,3,2,55,1,1,2,1,0,0,1,53,1,1,1,25,0,0
42,421004,1,1,1,27,11,0,3,30,0,1,0,42,2,35,51,35051,6,2009,JN8AS58V69W1,J,N,8,A,S,5,8,V,6,9,W,1,0,P,NISS,ROG,UT,9,17,3435,,0,1059,,G,,0,0,000000000,00000000000,0,0,0,1,0,0,0,0,0,0,0,999,0,0,0,12,12,6,2,30,0,0,0,1,42,15025,6,1,0,0,3,0,64,999,0,0,0,0,0,0,0,0,0,0,51,0,0,0,1,2,25,3,5,2,1,0,0,14,12,99,1,4,6,1,0
42,421005,1,2,1,2,11,11,3,12,6,1,0,42,2,12,17,12017,4,2003,1FAFP55UX3G1,1,F,A,F,P,5,5,U,X,3,G,1,0,P,FORD,TSS,4D,3,17,3329,,0,1085,,G,,0,0,000000000,00000000000,0,0,0,1,0,0,0,0,0,0,0,999,0,0,0,12,12,6,2,12,0,0,0,1,42,18466,6,1,0,0,3,0,69,999,0,1,0,0,0,9,2009,9,2009,0,39,0,0,0,1,2,55,1,6,2,1,20,3,1,17,4,1,1,88,0,0
42,421005,2,2,2,2,11,11,3,12,6,1,0,42,1,18,24,18024,6,2010,5GALRCED8AJ1,5,G,A,L,R,C,E,D,8,A,J,1,0,P,BUIC,ENC,UT,10,17,4780,,0,1189,,G,,0,0,000000000,00000000000,0,0,0,1,0,0,0,0,0,0,0,999,0,0,0,10,10,6,2,12,0,0,0,1,42,18411,6,1,0,0,3,3,71,999,0,0,0,0,0,0,0,0,0,0,0,0,0,0,1,2,55,2,6,2,1,0,0,14,66,7,1,1,89,1,0
42,421006,1,2,3,12,10,7,28,12,6,1,0,42,2,7,20,7020,4,2005,1B3ES56C65D2,1,B,3,E,S,5,6,C,6,5,D,2,0,P,DODG,NXT,4D,5,17,2634,,0,1040,,G,,0,0,000000000,00000000000,0,0,0,1,0,0,0,0,0,0,0,999,0,0,0,11,11,6,2,12,0,0,0,1,42,15940,6,2,0,0,3,1,67,999,0,0,0,0,0,0,0,0,0,1,51,0,0,0,1,2,55,2,5,2,2,0,0,14,10,1,1,2,64,1,0
42,421006,2,2,1,12,10,7,28,12,6,1,0,42,3,84,981,84981,50,2002,1HVBBAAN72H5,1,H,V,B,B,A,A,N,7,2,H,5,0,T,INTL,380,BU,2,17,,7,2760,1520,30S,D,,0,88,888888888,88888888888,3,21,22,1,0,0,0,0,1,0,0,45,0,0,0,11,11,6,2,12,0,0,0,1,42,16630,6,1,6,1,3,1,70,999,0,0,0,0,0,0,0,0,0,0,0,0,0,0,1,2,55,1,6,2,2,0,0,1,62,1,1,1,65,0,0
42,421007,1,2,1,18,10,13,1,12,6,1,0,42,1,49,43,49043,4,2003,4T1BF28B53U3,4,T,1,B,F,2,8,B,5,3,U,3,0,P,TOYT,UVS,4D,3,17,3417,,0,1071,,G,,0,0,000000000,00000000000,0,0,0,1,0,0,0,0,0,0,0,999,0,0,0,1,1,6,2,12,0,0,0,1,42,15108,6,1,0,0,3,3,66,999,0,0,0,0,0,0,0,0,0,0,48,0,0,0,1,4,40,3,6,2,1,0,0,11,15,1,1,2,68,0,0
42,421007,2,2,2,18,10,13,1,12,6,1,0,42,1,24,5,24005,4,2003,1G8JU54F33Y5,1,G,8,J,U,5,4,F,3,3,Y,5,0,P,STRN,L20,4D,3,17,3033,,0,1065,,G,,0,0,000000000,00000000000,0,0,0,1,0,0,0,0,0,0,0,999,0,0,0,12,12,6,2,12,0,0,0,1,42,15001,6,1,0,0,3,0,66,999,0,0,0,0,0,0,0,0,0,1,0,0,0,0,1,4,40,2,6,2,1,0,0,14,62,3,2,1,69,1,0
42,421008,1,1,1,30,11,0,19,35,0,1,0,42,1,20,481,20481,31,2006,1GCEC19XX6Z1,1,G,C,E,C,1,9,X,X,6,Z,1,0,T,CHEV,SC1,4C,6,17,,2,1575,1340,SIL,G,,0,0,000000000,00000000000,0,0,0,1,0,0,0,0,0,0,0,999,0,1,6,1,0,6,2,1,0,0,0,1,42,17026,6,1,0,0,3,0,69,999,1,0,0,0,0,11,2009,11,2009,1,58,0,0,0,1,2,40,3,6,2,1,0,0,14,13,6,1,4,1,1,1
42,421009,1,2,1,15,10,22,11,12,6,1,0,42,1,53,405,53405,14,2004,JS3TX92V3441,J,S,3,T,X,9,2,V,3,4,4,1,0,P,SUZI,XL7,UT,4,17,3632,,0,1102,,G,,0,0,000000000,00000000000,0,0,0,1,0,0,0,0,0,0,0,999,0,0,0,11,11,6,2,12,0,0,0,1,42,16866,6,1,0,0,3,0,72,999,0,0,0,0,0,0,0,0,0,0,51,0,0,0,1,2,35,2,6,2,1,0,0,14,10,1,1,2,64,1,1
42,421009,2,2,1,15,10,22,11,12,6,1,0,42,1,7,481,7481,31,1992,3B7ME33C9NM5,3,B,7,M,E,3,3,C,9,N,M,5,0,T,DODG,D30,PC,92,17,,3,1590,1310,D30,D,,0,0,000000000,00000000000,0,0,0,1,0,0,0,0,0,0,0,29,0,0,0,11,11,6,2,12,0,0,0,1,42,16860,6,1,6,0,3,0,69,999,0,0,0,0,0,0,0,0,0,0,0,0,0,0,1,2,25,3,6,2,1,0,0,14,62,9,2,1,65,1,0
42,421010,1,1,4,12,11,13,27,42,0,1,0,42,1,20,402,20402,14,1997,2CNBJ1367V69,2,C,N,B,J,1,3,6,7,V,6,9,0,P,GEO,GEO,UT,97,17,2747,,0,976,,G,,0,0,000000000,00000000000,0,0,0,1,0,0,0,0,0,0,0,60,0,0,0,12,12,6,2,42,0,0,0,1,42,18210,6,1,0,0,3,0,67,999,0,0,0,0,0,0,0,0,0,0,99,99,99,99,1,2,55,1,1,2,1,0,0,1,13,1,1,4,1,1,0
42,421011,1,1,2,12,11,22,43,33,0,1,0,42,2,54,32,54032,4,1994,JH4KA7664RC0,J,H,4,K,A,7,6,6,4,R,C,0,0,P,ACUR,LEL,4D,94,17,3410,,0,1146,,G,,0,0,000000000,00000000000,0,0,0,1,0,0,0,0,0,0,0,999,0,0,0,10,9,6,2,30,0,0,0,1,42,19038,6,1,0,0,3,3,69,999,0,0,0,0,0,0,0,0,0,1,27,0,0,0,5,4,40,1,5,2,1,3,3,15,13,6,3,4,2,1,1
42,421012,1,2,2,31,10,1,30,12,2,1,0,42,2,24,401,24401,14,2002,5GZCZ63B92S8,5,G,Z,C,Z,6,3,B,9,2,S,8,0,P,STRN,VUE,UT,2,17,3491,,0,1066,,G,,0,0,000000000,00000000000,0,0,0,1,0,0,0,0,0,0,0,60,0,0,0,12,12,6,2,12,0,0,0,1,42,18707,6,1,0,0,3,3,63,999,0,0,0,0,0,0,0,0,0,1,51,0,0,0,1,4,45,3,6,2,1,0,0,14,54,1,1,1,52,0,1
42,421012,2,2,2,31,10,1,30,12,2,1,0,42,1,52,34,52034,4,1995,4A3AJ56G7SE0,4,A,3,A,J,5,6,G,7,S,E,0,0,P,MITS,UEL,4D,95,17,2866,,0,1037,,G,,0,0,000000000,00000000000,0,0,0,1,0,0,0,0,0,0,0,999,0,0,0,12,12,6,2,12,0,0,0,1,42,18705,6,1,0,0,3,0,73,999,0,0,0,1,0,3,2009,3,2009,0,0,0,0,0,1,4,45,2,5,2,1,0,0,14,54,1,1,1,52,1,0
42,421013,1,1,1,6,11,21,34,1,0,1,0,42,1,20,481,20481,31,1989,1GCDK14K7KZ1,1,G,C,D,K,1,4,K,7,K,Z,1,0,T,CHEV,GK1,PK,89,17,,1,1315,1175,GM4,G,,0,0,000000000,00000000000,0,0,0,1,0,0,0,0,0,0,0,999,0,2,6,0,0,6,2,1,0,0,0,1,42,15681,6,1,0,0,3,0,69,999,0,0,0,1,0,8,2010,8,2010,0,58,0,0,0,4,1,25,2,6,5,1,0,0,14,13,1,1,4,98,1,1
42,421014,1,2,3,6,10,14,0,12,2,1,0,42,2,58,32,58032,4,1992,JNKNG01C1NM2,J,N,K,N,G,0,1,C,1,N,M,2,0,P,INFI,Q45,4D,92,17,3957,,0,1132,,G,,0,0,000000000,00000000000,0,0,0,1,0,0,0,0,0,0,0,999,0,0,0,12,12,6,2,12,0,0,1,1,42,18045,3,1,0,0,2,0,63,999,0,1,0,0,0,11,2007,11,2007,0,51,0,0,0,1,2,35,2,1,2,1,0,0,14,10,7,1,2,50,1,0
42,421014,2,2,3,6,10,14,0,12,2,1,0,42,3,98,981,98981,52,2004,5FYD2GL114U0,5,F,Y,D,2,G,L,1,1,4,U,0,0,U,,,,4,17,,,,,,,,0,88,888888888,88888888888,3,21,22,1,0,0,0,0,6,0,0,35,0,0,0,12,12,6,2,12,0,0,0,1,42,18018,6,1,6,1,3,0,71,999,0,0,0,0,0,0,0,0,0,0,0,0,0,0,1,2,35,3,1,2,1,0,0,14,62,7,1,1,51,0,0
42,421015,1,1,1,9,11,5,55,24,0,1,0,17,1,87,881,87881,66,2001,1XP7D49X21D5,1,X,P,7,D,4,9,X,2,1,D,5,1,T,PTRB,387,DS,1,17,,8,0,0,CON,D,,1,57,01217400,5701217400,3,6,1,1,0,0,0,0,0,0,0,999,0,1,2,5,0,6,2,1,0,0,0,1,17,60018,6,1,6,0,3,3,70,200,0,0,0,0,1,9,2010,9,2010,0,0,0,0,0,2,2,65,3,6,2,1,0,0,14,11,6,1,4,1,1,0
42,421016,1,2,2,9,10,2,40,12,2,1,0,42,2,7,21,7021,6,2005,2D8FV48V75H1,2,D,8,F,V,4,8,V,7,5,H,1,0,P,DODG,MGN,UT,5,17,3811,,0,1200,,G,,0,0,000000000,00000000000,0,0,0,1,0,0,0,0,0,0,0,999,0,0,0,12,12,6,2,12,0,0,1,1,42,19038,6,1,0,0,3,3,74,999,0,1,0,1,0,3,2010,7,2010,0,51,0,0,0,2,2,35,1,5,2,1,0,0,1,12,99,1,2,50,1,0
42,421016,2,2,3,9,10,2,40,12,2,1,0,42,3,12,461,12461,21,1997,1FDJS34F5VHC,1,F,D,J,S,3,4,F,5,V,H,C,0,T,FORD,S3V,IE,97,17,,2,0,1380,CVS,D,,0,0,000000000,00000000000,0,0,0,1,0,0,0,0,0,6,9,999,0,0,0,12,12,6,2,12,0,0,0,1,42,19145,6,1,0,0,3,0,69,999,1,0,0,0,0,9,2010,9,2010,0,0,0,0,0,2,2,35,1,5,2,1,0,0,1,62,99,1,1,51,0,0
42,421017,1,1,1,15,11,7,57,35,0,1,0,42,1,49,50,49050,3,2007,JTKDE177X701,J,T,K,D,E,1,7,7,X,7,0,1,0,P,TOYT,SXC,LB,7,17,2905,,0,1063,,G,,0,0,000000000,00000000000,0,0,0,1,0,0,0,0,0,0,0,60,0,1,3,5,0,6,2,1,0,0,0,1,42,15102,6,1,0,0,3,1,63,999,0,0,0,0,0,0,0,0,0,0,99,99,99,99,2,2,55,1,1,2,1,0,0,1,10,9,4,4,7,1,0
42,421018,1,1,1,13,11,16,12,1,0,1,0,42,3,85,881,85881,66,2010,1XKAD49X2AJ2,1,X,K,A,D,4,9,X,2,A,J,2,1,T,KW,T60,DS,10,17,,8,2600,1600,CON,D,,1,57,00238790,5700238790,3,6,1,1,0,0,0,0,0,0,0,60,0,2,1,0,0,6,2,1,0,0,0,1,10,19805,6,1,6,0,3,0,999,999,0,0,0,0,0,0,0,0,0,0,99,99,99,99,3,2,55,3,5,1,1,0,0,14,98,1,1,1,98,1,0
42,421019,1,4,1,25,10,14,35,12,1,1,0,42,1,6,51,6051,4,2005,2C3JA63H75H1,2,C,3,J,A,6,3,H,7,5,H,1,0,P,CHRY,30C,4D,5,17,4064,,0,1200,,G,,0,0,000000000,00000000000,0,0,0,1,0,0,0,0,0,0,0,999,0,0,0,12,12,6,2,12,0,0,0,1,42,19131,6,1,0,0,3,0,68,999,0,0,0,0,0,0,0,0,0,1,0,0,0,0,6,2,99,1,4,2,1,3,3,1,50,1,1,1,20,0,0
42,421019,2,4,1,25,10,14,35,12,1,1,0,42,1,24,7,24007,4,2004,1G8AG52F54Z1,1,G,8,A,G,5,2,F,5,4,Z,1,0,P,STRN,SI1,4D,4,17,2755,,0,1032,,G,,0,0,000000000,00000000000,0,0,0,1,0,0,0,0,0,0,0,0,0,0,0,6,6,6,2,12,0,0,0,1,42,19136,6,1,0,0,3,3,71,999,0,0,0,0,0,0,0,0,0,0,0,0,0,0,6,2,99,1,4,2,1,3,3,5,53,1,1,1,23,1,0
42,421019,3,4,1,25,10,14,35,12,1,1,0,42,3,12,17,12017,4,2002,1FAHP532X2A2,1,F,A,H,P,5,3,2,X,2,A,2,0,P,FORD,TSE,4D,2,17,3355,,0,1085,,F,,0,0,000000000,00000000000,0,0,0,1,0,0,0,0,0,5,0,0,0,0,0,5,5,6,2,12,0,0,0,1,42,19115,6,1,0,0,3,0,72,999,0,0,0,0,0,0,0,0,0,0,0,0,0,0,6,2,99,1,4,2,1,3,3,5,53,1,1,1,98,0,0
42,421019,4,4,1,25,10,14,35,12,1,1,0,42,1,49,32,49032,4,2010,2T1BU4EE4AC3,2,T,1,B,U,4,E,E,4,A,C,3,0,P,TOYT,CBL,4D,10,17,2723,,0,1024,,G,,0,0,000000000,00000000000,0,0,0,1,0,0,0,0,0,0,0,0,0,0,0,6,6,6,2,12,0,0,0,1,42,19114,6,1,0,0,3,3,63,999,0,0,0,0,0,0,0,0,0,0,0,0,0,0,6,2,99,1,4,2,1,3,3,5,53,1,1,1,98,0,0
42,421020,1,1,1,23,11,13,3,35,0,1,0,42,1,7,472,7472,30,2001,1B7GG26X81S3,1,B,7,G,G,2,6,X,8,1,S,3,0,T,DODG,DAK,PK,1,17,,1,0,1119,DAK,G,,0,0,000000000,00000000000,0,0,0,1,0,0,0,0,0,0,0,55,0,1,5,11,0,6,2,1,0,0,0,1,42,16002,6,1,0,0,3,0,69,999,0,1,2,0,0,4,2009,8,2009,1,51,0,0,0,1,2,35,3,6,2,2,0,0,14,10,7,4,4,7,1,1
42,421021,1,1,1,26,10,15,0,24,0,1,0,42,1,37,703,37703,80,2000,JH2MF0209YK5,J,H,2,M,F,0,2,0,9,Y,K,5,0,M,HOND,CN2,MS,0,17,,,,,,,244,0,0,000000000,00000000000,0,0,0,1,0,0,0,0,0,0,0,999,0,0,0,11,11,2,3,24,0,0,0,1,42,17771,6,1,0,0,2,3,66,999,0,0,0,0,0,0,0,0,0,0,52,27,0,0,3,2,55,2,5,2,1,0,0,15,12,1,1,4,6,1,0
42,421022,1,1,2,27,11,22,5,39,0,1,0,42,2,37,31,37031,2,2004,1HGEM22154L0,1,H,G,E,M,2,2,1,5,4,L,0,0,P,HOND,CVP,CP,4,17,0,,0,1031,,G,,0,0,000000000,00000000000,0,0,0,1,0,0,0,0,0,0,0,999,0,0,0,1,11,6,2,42,0,0,0,1,42,15083,6,2,0,0,3,0,66,999,0,0,0,0,0,0,0,0,0,1,51,58,0,0,1,2,35,2,1,2,1,0,0,14,10,7,1,4,1,1,0
42,421023,1,1,2,29,11,1,42,35,0,1,0,36,1,30,40,30040,4,2004,3VWSE69M04M0,3,V,W,S,E,6,9,M,0,4,M,0,0,P,VOLK,JGS,4D,4,17,2964,,0,989,,G,,0,0,000000000,00000000000,0,0,0,1,0,0,0,0,0,0,0,60,0,1,6,1,11,6,2,42,0,0,0,1,36,14760,6,1,0,0,3,3,63,999,0,0,0,0,0,0,0,0,0,1,51,0,0,0,1,2,55,1,6,2,1,0,0,1,6,7,4,4,7,2,1
42,421024,1,3,0,3,10,23,7,12,6,1,0,42,6,18,20,18020,4,1995,2G4WB52L5S14,2,G,4,W,B,5,2,L,5,S,1,4,0,P,BUIC,RGC,4D,95,17,3335,,0,1075,,G,,0,0,000000000,00000000000,0,0,0,1,0,0,0,0,0,0,0,0,0,0,0,7,7,6,2,12,0,0,0,0,,,,,,,,,999,,,,,,,,,,,,0,0,0,0,3,2,65,1,1,2,2,0,0,0,53,0,0,0,48,0,0
42,421024,2,3,1,3,10,23,7,12,6,1,0,42,3,12,481,12481,31,1999,1FTNW20F8XED,1,F,T,N,W,2,0,F,8,X,E,D,0,T,FORD,F2S,CW,99,17,,2,1724,1562,SRW,D,,0,0,000000000,00000000000,0,0,0,1,0,0,0,0,0,0,0,65,0,0,0,12,12,6,2,12,0,0,0,1,42,18252,6,1,0,0,3,1,67,999,2,11,0,4,4,12,2007,10,2010,0,0,0,0,0,3,2,65,1,1,2,2,0,0,1,50,7,1,2,48,0,0
42,421024,3,3,1,3,10,23,7,12,6,1,0,18,3,82,884,82884,66,2007,1FUJA6CK37LX,1,F,U,J,A,6,C,K,3,7,L,X,1,T,FRHT,COL,DS,7,17,,8,0,0,CON,D,,1,57,00327574,5700327574,3,6,1,1,0,0,0,0,0,0,0,60,0,0,0,12,12,4,1,12,0,0,0,1,42,17318,6,1,6,1,3,1,70,999,0,0,0,0,1,12,2008,12,2008,0,0,0,0,0,3,2,65,1,1,2,2,0,0,1,60,2,1,1,98,0,0
42,421025,1,2,1,3,10,16,11,12,2,1,0,42,1,12,481,12481,31,1999,1FTRX18L4XNA,1,F,T,R,X,1,8,L,4,X,N,A,0,T,FORD,F15,4C,99,17,,2,1574,1388,COF,G,,0,0,000000000,00000000000,0,0,0,1,0,0,0,0,0,0,0,55,0,0,0,12,12,6,2,12,0,0,0,1,42,18473,6,1,0,0,3,0,75,999,0,0,0,0,0,0,0,0,0,1,51,0,0,0,1,2,40,1,1,2,1,0,0,1,10,1,1,2,50,1,1
42,421025,2,2,2,3,10,16,11,12,2,1,0,42,1,86,884,86884,63,1988,VG6BA02B0JB0,V,G,6,B,A,0,2,B,0,J,B,0,0,T,MACK,C25,FB,88,17,,7,0,1660,250,D,,0,88,888888888,88888888888,3,19,96,1,0,0,0,0,0,0,0,35,0,1,1,12,12,6,2,12,0,0,0,1,42,18407,6,1,0,0,3,0,66,999,0,0,0,0,0,0,0,0,0,0,0,0,0,0,1,2,40,1,1,2,1,0,0,1,62,6,1,1,51,0,0
42,421026,1,2,0,1,10,21,42,12,6,1,0,42,6,20,2,20002,4,2003,2G1WF52E5391,2,G,1,W,F,5,2,E,5,3,9,1,0,P,CHEV,IMP,4D,3,17,3389,,0,1105,,G,,0,0,000000000,00000000000,0,0,0,1,0,0,0,0,0,0,0,0,0,0,0,5,5,6,2,12,0,0,0,0,,,,,,,,,999,,,,,,,,,,,,20,0,0,0,1,2,45,1,1,2,1,0,0,0,54,0,0,0,66,0,0
42,421026,2,2,2,1,10,21,42,12,6,1,0,42,1,7,20,7020,4,2002,1B3ES56C62D6,1,B,3,E,S,5,6,C,6,2,D,6,0,P,DODG,ESN,4D,2,17,2662,,0,1050,,G,,0,0,000000000,00000000000,0,0,0,1,0,0,0,0,0,0,0,45,0,0,0,12,12,6,2,12,0,0,0,1,42,15714,6,1,0,0,3,1,64,999,0,0,0,0,0,0,0,0,0,0,0,0,0,0,1,2,45,1,1,2,1,0,0,1,50,98,1,1,66,0,0
42,421027,1,1,1,22,10,1,23,53,0,1,0,42,1,20,20,20020,4,1998,2G1WL52MXW92,2,G,1,W,L,5,2,M,X,W,9,2,0,P,CHEV,L/S,4D,98,17,3330,,0,1075,,G,,0,0,000000000,00000000000,0,0,0,1,0,0,0,0,0,0,0,999,0,1,5,12,0,6,2,1,0,0,0,1,42,18216,6,1,0,0,3,0,69,999,1,0,0,0,1,1,2008,3,2008,1,51,0,0,0,1,2,35,2,1,2,1,0,0,14,12,1,1,4,6,1,1
42,421028,1,3,1,5,11,16,5,12,6,1,0,42,1,21,20,21020,4,1993,1G3AG55N9P64,1,G,3,A,G,5,5,N,9,P,6,4,0,P,OLDS,CIS,4D,93,17,2776,,0,1049,,G,,0,0,000000000,00000000000,0,0,0,1,0,0,0,0,0,0,0,10,0,0,0,1,1,6,2,12,0,0,0,1,42,18071,6,1,0,0,3,0,69,999,0,0,0,0,0,0,0,0,0,0,48,0,0,0,1,4,55,1,1,2,1,0,0,11,15,1,1,2,68,1,0
42,421028,2,3,1,5,11,16,5,12,6,1,0,42,1,35,471,35471,30,1997,1N6SD11YXVC3,1,N,6,S,D,1,1,Y,X,V,C,3,0,T,NISS,TXE,PK,97,17,,1,0,1043,TRK,G,,0,0,000000000,00000000000,0,0,0,1,0,0,0,0,0,0,0,55,0,0,0,12,12,6,2,12,0,0,0,1,42,18235,6,1,6,0,3,0,72,999,0,0,0,0,0,0,0,0,0,0,0,0,0,0,1,4,55,1,1,2,1,0,0,1,62,2,1,1,69,0,0
42,421028,3,3,2,5,11,16,5,12,6,1,0,42,1,20,16,20016,2,2003,1G1JC12F7372,1,G,1,J,C,1,2,F,7,3,7,2,0,P,CHEV,CAV,CP,3,17,2617,,0,1041,,G,,0,0,000000000,00000000000,0,0,0,1,0,0,0,0,0,0,0,0,0,0,0,8,8,6,2,12,0,0,0,1,42,18235,6,1,0,0,3,3,61,999,1,0,0,0,0,2,2008,2,2008,0,0,0,0,0,1,2,25,1,1,2,1,20,3,5,66,1,1,1,98,0,0
42,421029,1,2,2,11,11,13,12,12,6,1,0,42,1,63,441,63441,20,2006,KNDMB2334660,K,N,D,M,B,2,3,3,4,6,6,0,0,P,KIA,SED,SV,6,17,0,,0,1145,,G,,0,0,000000000,00000000000,0,0,0,1,0,0,0,0,0,0,0,999,0,0,0,1,1,6,2,14,0,0,0,1,42,19134,6,1,0,0,3,0,69,999,0,0,0,0,0,0,0,0,0,1,39,0,0,0,4,2,0,1,1,2,1,3,3,1,17,1,1,1,87,0,0
42,421029,2,2,1,11,11,13,12,12,6,1,0,42,2,35,43,35043,4,2005,3N1CB51D25L5,3,N,1,C,B,5,1,D,2,5,L,5,0,P,NISS,S18,4D,5,17,2387,,0,998,,G,,0,0,000000000,00000000000,0,0,0,1,0,0,0,0,0,0,0,999,0,0,0,11,11,6,2,12,0,0,0,1,42,17552,6,1,0,0,3,0,71,999,0,0,0,0,0,0,0,0,0,0,0,0,0,0,1,2,0,1,1,2,1,3,3,1,66,1,1,1,86,0,0
42,421030,1,3,1,16,11,21,30,25,0,1,0,29,3,87,881,87881,66,2010,1XPVD09X4AD1,1,X,P,V,D,0,9,X,4,A,D,1,1,T,PTRB,384,DS,10,17,,8,0,0,CON,D,,1,57,00003706,5700003706,3,6,1,1,0,0,0,0,0,0,0,60,0,1,1,11,11,6,2,25,0,0,0,1,34,8724,6,1,6,1,3,0,71,999,1,0,0,1,1,2,2008,5,2008,1,87,0,0,0,3,2,55,2,1,2,2,0,0,14,5,2,1,4,6,0,0
42,421030,2,3,3,16,11,21,30,25,0,1,0,42,1,20,481,20481,31,2007,1GCHK23D57F1,1,G,C,H,K,2,3,D,5,7,F,1,0,T,CHEV,2KH,CW,7,17,,2,1670,1530,SIL,D,,0,0,000000000,00000000000,0,0,0,1,0,0,0,0,0,0,0,55,0,0,0,12,12,6,2,54,0,0,0,1,42,17044,6,1,6,0,3,0,71,999,0,0,0,1,2,3,2008,9,2008,0,0,0,0,0,3,2,55,3,1,2,2,0,0,14,98,1,1,1,98,2,0
42,421030,3,3,1,16,11,21,30,25,0,1,0,42,3,12,880,12880,67,2004,3FRNF65N24V6,3,F,R,N,F,6,5,N,2,4,V,6,0,T,FORD,F66,CC,4,17,,6,0,0,COF,D,,0,88,888888888,88888888888,2,1,1,1,0,0,0,0,0,0,0,55,0,0,0,14,14,4,1,54,0,0,0,1,42,16823,6,1,0,0,3,1,73,999,0,0,0,0,0,0,0,0,0,0,0,0,0,0,3,2,55,3,1,2,2,0,0,14,98,98,1,1,98,0,0
42,421031,1,1,2,26,11,7,52,42,0,1,0,42,2,20,16,20016,2,1999,1G1JC1244X71,1,G,1,J,C,1,2,4,4,X,7,1,0,P,CHEV,C/S,CP,99,17,2617,,0,1041,,G,,0,0,000000000,00000000000,0,0,0,1,0,0,0,0,0,0,0,60,0,0,0,9,9,6,2,42,0,0,0,1,42,17020,6,2,0,0,3,3,74,999,0,0,0,0,0,0,0,0,0,1,52,51,0,0,1,2,45,1,1,2,2,0,0,1,6,1,3,4,2,1,0
42,421032,1,1,4,24,11,23,56,35,0,1,0,42,2,41,51,41051,4,2007,JM1BK3239716,J,M,1,B,K,3,2,3,9,7,1,6,0,P,MAZD,M3S,4D,7,17,2906,,0,1039,,G,,0,0,000000000,00000000000,0,0,0,1,0,0,0,0,0,0,0,999,0,1,5,10,0,6,2,1,0,0,0,1,42,17038,6,1,0,0,3,0,65,999,0,0,0,0,0,0,0,0,0,1,0,0,0,0,3,2,65,1,1,2,1,0,0,1,11,3,3,4,2,1,1
42,421033,1,1,1,30,11,6,50,8,0,1,0,42,2,7,880,7880,67,2005,3D7MS48C95G7,3,D,7,M,S,4,8,C,9,5,G,7,0,T,DODG,SQ3,CW,5,17,,3,0,1600,RPC,D,,0,88,888888888,88888888888,2,1,96,1,0,0,0,0,0,0,0,55,0,0,0,11,11,4,1,8,0,0,0,1,42,16340,6,1,6,0,3,1,71,999,0,0,0,0,0,0,0,0,0,0,35,0,0,0,1,2,55,1,1,2,2,0,0,6,10,1,1,4,13,0,0
42,421034,1,1,1,22,11,17,17,8,0,1,0,42,1,20,481,20481,31,2006,1GCEK19BX6Z1,1,G,C,E,K,1,9,B,X,6,Z,1,0,T,CHEV,SK1,4C,6,17,,2,1575,1340,SIL,G,,0,0,000000000,00000000000,0,0,0,1,0,0,0,0,0,0,0,47,0,0,0,2,2,2,3,8,0,0,0,1,42,15656,6,1,0,0,3,1,74,999,0,1,2,1,0,1,2008,12,2008,1,0,0,0,0,1,2,40,3,1,2,1,0,0,14,80,8,1,4,13,0,0