STATE,ST_CASE,VEH_NO,VE_FORMS,NUMOCCS,DAY,MONTH,HOUR,MINUTE,HARM_EV,MAN_COLL,UNITTYPE,HIT_RUN,REG_STAT,OWNER,MAKE,MODEL,MAK_MOD,BODY_TYP,MOD_YEAR,VIN,VIN_1,VIN_2,VIN_3,VIN_4,VIN_5,VIN_6,VIN_7,VIN_8,VIN_9,VIN_10,VIN_11,VIN_12,TOW_VEH,VINTYPE,VINMAKE,VINA_MOD,VIN_BT,VINMODYR,VIN_LNGT,VIN_WGT,WGTCD_TR,WHLBS_LG,WHLBS_SH,SER_TR,FUELCODE,MCYCL_DS,J_KNIFE,MCARR_I1,MCARR_I2,MCARR_ID,GVWR,V_CONFIG,CARGO_BT,HAZ_INV,HAZ_PLAC,HAZ_ID,HAZ_CNO,HAZ_REL,BUS_USE,SPEC_USE,EMER_USE,TRAV_SP,UNDERIDE,ROLLOVER,ROLINLOC,IMPACT1,IMPACT2,DEFORMED,TOWED,M_HARM,VEH_SC1,VEH_SC2,FIRE_EXP,DR_PRES,L_STATE,DR_ZIP,L_STATUS,L_TYPE,CDL_STAT,L_ENDORS,L_COMPL,L_RESTRI,DR_HGT,DR_WGT,PREV_ACC,PREV_SUS,PREV_DWI,PREV_SPD,PREV_OTH,FIRST_MO,FIRST_YR,LAST_MO,LAST_YR,SPEEDREL,DR_SF1,DR_SF2,DR_SF3,DR_SF4,VTRAFWAY,VNUM_LAN,VSPD_LIM,VALIGN,VPROFILE,VPAVETYP,VSURCOND,VTRAFCON,VTCONT_F,P_CRASH1,P_CRASH2,P_CRASH3,PCRASH4,PCRASH5,ACC_TYPE,DEATHS,DR_DRINK
42,421112,1,1,1,23,11,8,8,1,0,1,0,42,3,85,881,85881,63,2007,2NKDXBEX77M1,2,N,K,D,X,B,E,X,7,7,M,1,0,T,KW,T80,TM,7,17,,8,2600,1600,CON,D,,0,57,01362085,5701362085,3,2,4,1,0,0,0,0,0,0,0,35,0,1,2,0,13,6,2,42,0,0,0,1,42,18834,6,1,6,1,3,1,64,999,1,0,0,0,4,1,2008,12,2008,0,0,0,0,0,1,2,35,1,1,2,1,0,0,1,13,8,2,4,2,1,0
42,421113,1,1,3,19,11,16,40,8,0,1,0,42,2,6,442,6442,20,2000,2C4GJ25G4YR8,2,C,4,G,J,2,5,G,4,Y,R,8,0,P,CHRY,VOV,SV,0,17,3432,,0,1133,,F,,0,0,000000000,00000000000,0,0,0,1,0,0,0,0,0,0,0,999,0,0,0,1,1,2,3,8,0,0,0,1,42,15211,6,1,6,0,3,1,79,999,0,2,0,1,0,4,2009,5,2009,1,0,0,0,0,1,4,35,1,5,2,1,0,0,1,80,2,1,1,13,0,0
42,421114,1,2,2,13,11,8,1,12,6,1,0,42,1,23,431,23431,16,2000,3GKFK16T0YG2,3,G,K,F,K,1,6,T,0,Y,G,2,0,T,GMC,KX1,4W,0,17,,2,0,1300,YUK,G,,0,0,000000000,00000000000,0,0,0,1,0,0,0,0,0,0,0,55,0,1,3,3,3,6,2,1,0,0,0,1,42,17202,6,1,0,0,3,0,68,999,0,0,0,0,0,0,0,0,0,0,39,0,0,0,2,1,55,1,1,2,1,3,3,1,17,1,1,1,87,1,0
42,421114,2,2,1,13,11,8,1,12,6,1,0,42,1,54,421,54421,15,2003,2HNYD18703H5,2,H,N,Y,D,1,8,7,0,3,H,5,0,P,ACUR,MDX,UT,3,17,4473,,0,1063,,G,,0,0,000000000,00000000000,0,0,0,1,0,0,0,0,0,0,0,40,0,0,0,12,12,6,2,12,0,0,0,1,42,17224,6,1,0,0,3,0,69,999,0,0,0,0,0,0,0,0,0,0,0,0,0,0,1,2,45,1,1,2,1,3,3,1,66,1,1,1,86,0,0
42,421115,1,1,1,1,11,18,8,33,0,1,0,42,1,20,4,20004,2,2007,1G1YY26U6751,1,G,1,Y,Y,2,6,U,6,7,5,1,0,P,CHEV,CVT,CP,7,17,3179,,0,1057,,G,,0,0,000000000,00000000000,0,0,0,1,0,0,0,0,0,0,0,999,0,0,0,11,11,6,2,38,0,0,0,1,42,16511,6,1,0,0,3,0,70,999,0,0,0,0,0,0,0,0,0,1,35,36,0,0,1,4,35,1,1,2,1,0,0,6,6,1,9,4,7,1,1
42,421116,1,2,1,25,11,2,24,12,2,1,0,34,2,52,34,52034,4,2005,4A3AB36F05E0,4,A,3,A,B,3,6,F,0,5,E,0,0,P,MITS,ELM,4D,5,17,3351,,0,1083,,G,,0,0,000000000,00000000000,0,0,0,1,0,0,0,0,0,0,0,85,0,0,0,12,12,6,2,12,0,0,0,1,42,19124,6,1,0,0,3,0,68,999,0,0,0,0,0,0,0,0,0,1,51,0,0,0,3,3,55,3,1,1,1,8,3,14,54,1,1,1,52,1,1
42,421116,2,2,4,25,11,2,24,12,2,1,0,10,1,58,35,58035,4,2001,JNKCA31A21T0,J,N,K,C,A,3,1,A,2,1,T,0,0,P,INFI,I30,4D,1,17,3227,,0,1063,,G,,0,0,000000000,00000000000,0,0,0,1,0,0,0,0,0,0,0,65,0,0,0,12,12,6,2,12,0,0,0,1,10,19713,6,1,0,0,3,0,999,999,0,0,0,1,0,1,2010,1,2010,0,0,0,0,0,3,3,55,2,1,1,1,8,3,14,54,7,1,1,52,1,1
42,421117,1,2,1,11,11,8,25,12,6,1,0,42,1,18,7,18007,4,1992,1G4AG54N6N64,1,G,4,A,G,5,4,N,6,N,6,4,0,P,BUIC,CSP,4D,92,17,2914,,0,1047,,G,,0,0,000000000,00000000000,0,0,0,1,0,0,0,0,0,0,0,999,0,0,0,9,9,6,2,12,0,0,0,1,42,16107,6,1,0,0,3,0,71,999,0,0,0,0,0,0,0,0,0,0,38,0,0,0,1,2,25,1,1,2,1,20,3,10,16,1,1,1,78,1,0
42,421117,2,2,1,11,11,8,25,12,6,1,0,42,1,20,481,20481,31,2009,1GCEK29069Z2,1,G,C,E,K,2,9,0,6,9,Z,2,0,T,CHEV,2SK,4C,9,17,,2,1575,1339,SIL,F,,0,0,000000000,00000000000,0,0,0,1,0,0,0,0,0,0,0,999,0,0,0,12,12,2,1,12,0,0,0,1,42,16101,6,1,0,0,3,3,68,999,0,0,0,0,0,0,0,0,0,0,0,0,0,0,1,2,25,1,1,2,1,0,0,1,65,1,1,1,79,0,0
42,421118,1,2,1,7,11,21,45,12,1,1,0,42,2,20,2,20002,4,1995,1G1BL52P1SR1,1,G,1,B,L,5,2,P,1,S,R,1,0,P,CHEV,CIS,4D,95,17,4061,,0,1159,,G,,0,0,000000000,00000000000,0,0,0,1,0,0,0,0,0,0,0,75,0,0,0,12,12,6,2,12,0,0,0,1,42,15003,1,1,0,0,2,3,73,999,0,7,1,0,1,4,2008,2,2010,1,36,26,28,0,3,2,55,1,1,2,1,0,0,1,51,6,1,1,24,1,0
42,421118,2,2,1,7,11,21,45,12,1,1,0,18,3,82,884,82884,66,2007,1FUJBBCG17LW,1,F,U,J,B,B,C,G,1,7,L,W,1,T,FRHT,ST2,DS,7,17,,8,0,0,CON,D,,1,57,00264184,5700264184,3,6,1,1,0,0,0,0,0,0,0,999,0,0,0,6,6,6,2,12,0,0,0,1,10,19808,6,1,6,1,3,3,65,141,0,0,0,0,0,0,0,0,0,0,54,29,0,0,3,2,55,1,1,2,1,0,0,1,53,1,1,1,25,0,0
42,421119,1,2,1,8,11,21,44,12,2,1,0,42,2,59,401,59401,14,2001,JTJGF10U8100,J,T,J,G,F,1,0,U,8,1,0,0,0,P,LEXS,RX3,UT,1,17,3715,,0,1031,,G,,0,0,000000000,00000000000,0,0,0,1,0,0,0,0,0,0,0,999,0,0,0,12,12,6,2,12,0,0,0,1,42,19518,6,1,0,0,3,3,66,999,0,0,0,0,0,0,0,0,0,0,51,0,0,0,1,2,45,1,5,2,1,0,0,1,10,1,1,2,50,0,1
42,421119,2,2,1,8,11,21,44,12,2,1,0,42,1,35,34,35034,3,1990,JN1RZ24A2LX0,J,N,1,R,Z,2,4,A,2,L,X,0,0,P,NISS,30X,2H,90,17,3125,,0,965,,G,,0,0,000000000,00000000000,0,0,0,1,0,0,0,0,0,0,0,999,0,0,0,12,12,6,2,12,0,0,0,1,42,19508,6,1,0,0,3,3,72,999,0,0,0,0,0,0,0,0,0,0,0,0,0,0,1,2,45,1,6,2,1,0,0,1,62,1,1,1,51,1,0
42,421120,1,2,1,22,11,14,57,12,6,1,0,42,1,54,39,54039,4,2006,JH4CL96816C0,J,H,4,C,L,9,6,8,1,6,C,0,0,P,ACUR,TSX,4D,6,17,3345,,0,1079,,G,,0,0,000000000,00000000000,0,0,0,1,0,0,0,0,0,0,0,999,0,0,0,1,1,2,3,12,0,0,0,1,42,17601,6,1,0,0,3,0,64,999,0,0,0,0,0,0,0,0,0,0,48,0,0,0,0,0,0,0,0,0,0,3,3,11,15,1,1,1,68,0,0
42,421120,2,2,1,22,11,14,57,12,6,1,0,42,1,72,706,72706,80,2004,1HD1HBZ154K8,1,H,D,1,H,B,Z,1,5,4,K,8,0,M,HD,VRS,RS,4,17,,,,,,,1130,0,0,000000000,00000000000,0,0,0,1,0,0,0,0,0,0,0,999,0,0,0,12,12,6,2,12,0,0,0,1,42,17601,6,1,0,0,3,0,69,999,0,0,0,0,0,0,0,0,0,0,0,0,0,0,1,2,35,1,1,2,1,3,3,1,71,99,1,1,69,1,0
42,421121,1,1,3,5,11,6,5,39,0,1,0,42,3,12,461,12461,21,2004,1FDNE31L34HA,1,F,D,N,E,3,1,L,3,4,H,A,0,T,FORD,WSD,IC,4,17,,2,0,1380,ECO,G,,0,88,888888888,88888888888,9,20,22,1,0,0,0,0,1,2,0,999,0,1,6,3,11,6,2,30,0,0,0,1,42,15146,6,1,6,0,3,0,71,999,0,0,0,0,0,0,0,0,0,0,0,0,0,0,2,2,35,1,1,2,2,0,0,1,13,1,1,4,1,1,0
42,421122,1,1,1,11,12,17,29,8,0,1,0,42,1,37,32,37032,4,2005,1HGCM56815A0,1,H,G,C,M,5,6,8,1,5,A,0,0,P,HOND,UEX,4D,5,17,3203,,0,1079,,G,,0,0,000000000,00000000000,0,0,0,1,0,0,0,0,0,0,0,40,0,0,0,12,12,6,2,8,0,0,0,1,42,16046,6,1,0,0,3,3,70,999,0,0,0,0,0,0,0,0,0,0,0,0,0,0,1,2,45,1,1,2,1,0,0,1,80,1,1,1,13,0,0
42,421123,1,2,2,26,11,11,5,12,6,1,0,42,1,19,17,19017,4,1999,W06VR54R5XR1,W,0,6,V,R,5,4,R,5,X,R,1,0,P,CADI,CTR,4D,99,17,3770,,0,1074,,G,,0,0,000000000,00000000000,0,0,0,1,0,0,0,0,0,0,0,999,0,0,0,3,3,6,2,12,0,0,0,1,42,15026,6,1,0,0,3,1,65,999,1,1,0,0,0,1,2008,9,2008,0,47,0,0,0,9,2,35,1,1,1,1,3,3,11,15,1,1,1,68,1,1
42,421123,2,2,1,26,11,11,5,12,6,1,0,42,1,12,881,12881,64,2006,999999999999,9,9,9,9,9,9,9,9,9,9,9,9,0,U,,,,9,17,,,,,,,,0,88,888888888,88888888888,9,1,3,1,0,0,0,0,0,0,0,999,0,0,0,12,12,6,2,12,0,0,0,1,42,15090,6,1,0,0,3,0,64,999,0,0,0,0,0,0,0,0,0,0,0,0,0,0,9,2,35,1,1,1,1,3,3,1,62,1,1,1,69,0,0
42,421124,1,1,1,14,12,8,5,35,0,1,0,42,1,49,50,49050,3,2009,JTKDE1674902,J,T,K,D,E,1,6,7,4,9,0,2,0,P,TOYT,SXC,LB,9,17,2905,,0,1063,,G,,0,0,000000000,00000000000,0,0,0,1,0,0,0,0,0,0,0,70,0,1,5,3,0,6,2,1,0,0,0,1,42,18052,6,1,0,0,3,3,71,999,0,0,0,0,1,8,2008,8,2008,1,27,0,0,0,3,2,55,1,1,2,1,0,0,15,13,8,4,4,2,1,0
42,421125,1,2,1,13,11,13,40,12,6,1,0,42,1,20,16,20016,4,1993,1G1JC5447P72,1,G,1,J,C,5,4,4,7,P,7,2,0,P,CHEV,CRV,4D,93,17,2509,,0,1013,,G,,0,0,000000000,00000000000,0,0,0,1,0,0,0,0,0,0,0,999,0,0,0,11,11,6,2,12,0,0,0,1,42,15037,1,1,1,0,2,0,61,999,0,10,0,2,8,4,2009,11,2010,0,38,0,0,0,1,2,25,1,4,2,1,20,3,11,15,1,1,1,82,1,0
42,421125,2,2,5,13,11,13,40,12,6,1,0,42,1,12,17,12017,4,1995,1FALP52U1SG1,1,F,A,L,P,5,2,U,1,S,G,1,0,P,FORD,TGS,4D,95,17,3118,,0,1060,,G,,0,0,000000000,00000000000,0,0,0,1,0,0,0,0,0,0,0,999,0,0,0,1,1,6,2,12,0,0,0,1,42,15129,6,1,0,0,3,3,61,999,0,0,0,0,0,0,0,0,0,0,0,0,0,0,2,2,40,3,6,2,1,0,0,14,67,8,1,1,83,0,0
42,421126,1,1,1,6,12,20,32,8,0,1,0,42,3,12,16,12016,4,2000,2FAFP71W6YX1,2,F,A,F,P,7,1,W,6,Y,X,1,0,P,FORD,CVP,4D,0,17,0,,0,1147,,G,,0,0,000000000,00000000000,0,0,0,1,0,0,0,0,0,5,0,999,0,0,0,12,12,4,3,8,0,0,0,1,42,19020,6,1,0,0,3,0,65,999,1,0,0,0,0,6,2010,6,2010,0,0,0,0,0,5,5,45,1,1,2,1,0,0,1,80,2,1,1,13,0,0
42,421127,1,2,1,28,11,18,36,12,1,1,0,42,2,12,471,12471,30,1993,1FTCR10U0PUC,1,F,T,C,R,1,0,U,0,P,U,C,0,T,FORD,RNG,PK,93,17,,1,1139,1079,RNG,G,,0,0,000000000,00000000000,0,0,0,1,0,0,0,0,0,0,0,45,0,0,0,12,12,6,2,12,0,0,0,1,42,17222,1,1,0,0,2,0,73,999,0,0,0,0,0,0,0,0,0,0,26,0,0,0,1,2,45,1,1,2,1,0,0,1,50,2,1,1,20,1,1
42,421127,2,2,2,28,11,18,36,12,1,1,0,42,1,20,471,20471,30,2000,1GCDT19W4Y81,1,G,C,D,T,1,9,W,4,Y,8,1,0,T,CHEV,S14,PC,0,17,,1,0,1229,S,G,,0,0,000000000,00000000000,0,0,0,1,0,0,0,0,0,0,0,0,0,0,0,6,6,6,2,12,0,0,0,1,42,17222,6,1,0,0,3,0,67,999,0,0,0,0,0,0,0,0,0,0,0,0,0,0,1,2,45,1,1,2,1,0,0,5,53,1,1,1,22,0,0
42,421128,1,2,2,21,11,14,0,12,6,1,0,42,1,59,31,59031,4,2000,JT8BF28G0Y02,J,T,8,B,F,2,8,G,0,Y,0,2,0,P,LEXS,ES3,4D,0,17,3373,,0,1051,,G,,0,0,000000000,00000000000,0,0,0,1,0,0,0,0,0,0,0,999,0,0,0,3,9,6,2,30,0,0,0,1,42,18517,6,1,0,0,3,3,66,999,0,0,0,0,0,0,0,0,0,1,0,0,0,0,1,2,35,1,6,2,1,0,0,1,17,1,1,1,83,1,0
42,421128,2,2,3,21,11,14,0,12,6,1,0,42,2,20,481,20481,31,1998,1GCEK19MXWE2,1,G,C,E,K,1,9,M,X,W,E,2,0,T,CHEV,GK1,PC,98,17,,2,1555,1415,GM4,G,,0,0,000000000,00000000000,0,0,0,1,0,0,0,0,0,0,0,999,0,0,0,12,12,2,3,12,0,0,0,1,42,18505,6,1,0,0,3,0,64,999,0,0,0,0,0,0,0,0,0,0,38,0,0,0,1,2,0,1,1,2,1,20,3,11,66,1,1,1,82,0,0
42,421129,1,2,1,29,12,6,47,12,6,1,0,42,1,14,6,14006,4,1992,2MECM75W3NX7,2,M,E,C,M,7,5,W,3,N,X,7,0,P,MERC,MGL,4D,92,17,3780,,0,1144,,G,,0,0,000000000,00000000000,0,0,0,1,0,0,0,0,0,0,0,999,0,0,0,3,3,6,2,12,0,0,0,1,42,17731,6,1,6,0,3,0,71,999,0,0,0,1,1,6,2009,11,2010,1,51,87,0,0,1,2,55,3,5,2,4,0,0,14,6,3,4,2,64,1,0
42,421129,2,2,1,29,12,6,47,12,6,1,0,42,1,20,481,20481,31,2009,1GCEK19CX9Z2,1,G,C,E,K,1,9,C,X,9,Z,2,0,T,CHEV,SK1,4C,9,17,,2,1575,1339,SIL,G,,0,0,000000000,00000000000,0,0,0,1,0,0,0,0,0,0,0,55,0,0,0,12,12,6,2,12,0,0,0,1,42,18833,6,1,0,0,3,3,70,999,0,0,0,0,0,0,0,0,0,0,0,0,0,0,1,2,55,2,6,2,4,0,0,14,62,3,2,1,65,0,0
42,421130,1,1,1,30,12,23,30,1,0,1,0,92,0,98,998,98998,97,9999,000000000000,0,0,0,0,0,0,0,0,0,0,0,0,0,U,,,,,17,,,,,,,,0,0,000000000,00000000000,0,0,0,1,0,0,0,0,0,0,0,10,0,1,5,0,3,6,2,30,0,0,0,1,42,17737,1,1,0,0,1,0,66,999,0,3,0,0,0,11,2008,11,2010,0,0,0,0,0,1,2,55,1,1,2,1,0,0,1,12,1,1,4,6,1,1
42,421131,1,1,1,11,12,3,21,42,0,1,0,42,2,14,36,14036,4,1992,3MAPM10J3NR6,3,M,A,P,M,1,0,J,3,N,R,6,0,P,MERC,TRA,4D,92,17,2356,,0,984,,G,,0,0,000000000,00000000000,0,0,0,1,0,0,0,0,0,0,0,999,0,1,1,1,0,6,2,1,0,0,0,1,42,15033,6,1,0,0,3,0,71,999,0,1,2,0,0,1,2010,7,2010,1,0,0,0,0,4,2,35,3,1,2,1,0,0,14,13,1,1,4,1,1,1
42,421132,1,1,2,13,12,10,29,42,0,1,0,42,1,20,401,20401,14,1993,1GNDT13WXP21,1,G,N,D,T,1,3,W,X,P,2,1,0,P,CHEV,S10,UT,93,17,3764,,0,1070,,G,,0,0,000000000,00000000000,0,0,0,1,0,0,0,0,0,0,0,40,0,0,0,9,9,6,2,42,0,0,0,1,42,15644,6,1,0,0,3,1,71,999,0,0,0,0,0,0,0,0,0,1,87,0,0,0,1,2,45,1,1,2,3,0,0,1,6,1,1,4,2,1,0
42,421133,1,2,1,4,12,12,26,12,6,1,0,42,3,55,36,55036,3,2007,KMHCM36C47U0,K,M,H,C,M,3,6,C,4,7,U,0,0,P,HYUN,AGS,2H,7,17,2467,,0,984,,G,,0,0,000000000,00000000000,0,0,0,1,0,0,0,0,0,0,0,999,0,0,0,2,2,6,2,12,0,0,0,1,42,18966,6,1,0,0,3,3,67,999,0,0,0,0,0,0,0,0,0,0,48,0,0,0,1,4,40,1,1,2,1,0,0,11,15,1,1,2,68,0,0
42,421133,2,2,1,4,12,12,26,12,6,1,0,42,1,53,706,53706,80,1993,JS1GU75A0P21,J,S,1,G,U,7,5,A,0,P,2,1,0,M,SUZI,SXW,RS,93,17,,,,,,,1074,0,0,000000000,00000000000,0,0,0,1,0,0,0,0,0,0,0,999,0,0,0,12,12,6,2,12,0,0,0,1,42,19030,6,7,0,0,3,3,71,999,0,0,0,0,1,3,2008,3,2008,0,0,0,0,0,1,4,40,1,1,2,1,0,0,1,62,3,2,1,69,1,0
42,421134,1,1,1,24,12,17,56,42,0,1,0,42,1,12,3,12003,2,2006,1ZVFT82H8651,1,Z,V,F,T,8,2,H,8,6,5,1,0,P,FORD,MGT,CP,6,17,3483,,0,1071,,G,,0,0,000000000,00000000000,0,0,0,1,0,0,0,0,0,0,0,999,0,0,0,4,4,6,2,42,0,0,0,1,42,18944,6,1,0,0,3,0,67,999,0,0,0,0,0,0,0,0,0,1,51,0,0,0,1,2,40,1,1,2,1,0,0,1,11,6,4,4,7,1,1
42,421135,1,1,1,4,12,1,23,8,0,1,0,42,1,12,37,12037,4,2000,1FAFP3438YW3,1,F,A,F,P,3,4,3,8,Y,W,3,0,P,FORD,FSS,4D,0,17,2564,,0,1030,,G,,0,0,000000000,00000000000,0,0,0,1,0,0,0,0,0,0,0,999,0,0,0,12,12,4,3,8,0,0,0,1,42,19020,6,1,0,0,3,0,71,999,1,4,0,2,2,1,2008,8,2010,0,0,0,0,0,1,4,40,1,1,2,1,0,0,1,80,99,1,1,13,0,1
42,421136,1,1,1,28,12,21,6,42,0,1,0,42,1,30,42,30042,1,1995,WVWBB81E5SK0,W,V,W,B,B,8,1,E,5,S,K,0,0,P,VOLK,CBO,CV,95,17,2614,,0,974,,G,,0,0,000000000,00000000000,0,0,0,1,0,0,0,0,0,0,0,999,0,1,5,14,0,6,2,1,0,0,0,1,42,17550,6,1,0,0,3,0,62,999,0,0,0,0,0,0,0,0,0,1,0,0,0,0,1,2,45,3,1,2,1,0,0,14,13,1,1,4,1,1,1
42,421137,1,1,1,4,12,15,25,34,0,1,0,42,1,7,482,7482,31,1994,1B7HF16Y0RS5,1,B,7,H,F,1,6,Y,0,R,S,5,0,T,DODG,150,PK,94,17,,2,1347,1187,RPC,G,,0,0,000000000,00000000000,0,0,0,1,0,0,0,0,0,0,0,60,0,1,5,14,0,6,2,1,0,0,0,1,42,15834,6,1,0,0,3,3,71,999,0,0,0,0,0,0,0,0,0,0,51,0,0,0,1,2,55,1,9,2,2,0,0,1,12,1,1,4,6,1,1
42,421138,1,1,2,25,12,14,40,35,0,1,0,42,2,2,404,2404,14,1995,1J4FJ78SXSL5,1,J,4,F,J,7,8,S,X,S,L,5,0,T,JEEP,CTY,4W,95,17,,1,0,1014,CHK,G,,0,0,000000000,00000000000,0,0,0,1,0,0,0,0,0,0,0,999,0,1,5,14,0,6,2,1,0,0,0,1,42,16947,6,1,0,0,3,3,68,999,0,0,0,0,0,0,0,0,0,1,52,87,0,0,1,2,55,3,6,2,3,0,0,14,6,6,3,4,7,1,0
42,421139,1,1,3,18,12,0,17,31,0,1,0,42,1,22,9,22009,3,1996,2G2FV22P0T22,2,G,2,F,V,2,2,P,0,T,2,2,0,P,PONT,FTA,2H,96,17,3293,,0,1011,,G,,0,0,000000000,00000000000,0,0,0,1,0,0,0,0,0,0,0,90,0,0,0,10,10,6,2,31,0,0,1,1,42,17517,6,1,0,0,3,0,68,999,0,0,0,0,0,0,0,0,0,1,85,0,0,0,1,2,55,1,6,2,1,0,0,17,70,6,4,4,7,2,1
42,421140,1,1,1,1,12,14,10,30,0,1,0,42,1,35,50,35050,5,2010,3N1BC1CP5AL4,3,N,1,B,C,1,C,P,5,A,L,4,0,P,NISS,VSL,4H,10,17,2693,,0,1024,,G,,0,0,000000000,00000000000,0,0,0,1,0,0,0,0,0,0,0,999,0,0,0,12,12,6,2,30,0,0,0,1,42,18504,6,1,0,0,3,0,61,999,0,0,0,0,0,0,0,0,0,1,0,0,0,0,1,2,25,1,1,2,2,0,0,1,13,1,1,4,1,1,0
42,421141,1,1,3,12,12,1,30,42,0,1,0,36,1,37,31,37031,2,2009,2HGFG12829H5,2,H,G,F,G,1,2,8,2,9,H,5,0,P,HOND,UAX,CP,9,17,2703,,0,1043,,G,,0,0,000000000,00000000000,0,0,0,1,0,0,0,0,0,0,0,999,0,0,0,11,11,6,2,42,0,0,0,1,36,12601,6,1,0,0,3,3,69,999,0,0,0,0,0,0,0,0,0,1,87,51,0,0,1,2,35,3,6,2,4,0,0,14,6,7,1,4,7,1,0
42,421142,1,1,1,18,12,21,0,1,0,1,0,42,1,12,37,12037,4,2001,1FAFP34381W2,1,F,A,F,P,3,4,3,8,1,W,2,0,P,FORD,FSS,4D,1,17,2563,,0,1030,,G,,0,0,000000000,00000000000,0,0,0,1,0,0,0,0,0,0,0,40,0,2,5,0,0,6,2,3,0,0,0,1,42,18630,6,1,0,0,3,0,76,999,0,0,0,0,0,0,0,0,0,1,58,0,0,0,1,2,55,2,6,5,1,0,0,14,12,7,3,4,98,1,0
42,421143,1,1,1,24,12,13,32,24,0,1,0,42,1,20,402,20402,14,1999,2CNBJ1869X69,2,C,N,B,J,1,8,6,9,X,6,9,0,P,CHEV,TKR,UT,99,17,2717,,0,866,,G,,0,0,000000000,00000000000,0,0,0,1,0,0,0,0,0,0,0,60,0,1,1,5,0,4,3,1,0,0,0,1,42,17307,6,1,0,0,3,1,69,999,1,0,0,0,0,11,2009,11,2009,1,58,0,0,0,1,2,45,3,6,2,1,0,0,14,6,7,4,4,2,1,1
42,421144,1,2,1,30,12,1,33,12,6,1,0,42,1,49,44,49044,2,2006,4T1CE38P36U6,4,T,1,C,E,3,8,P,3,6,U,6,0,P,TOYT,CEE,CP,6,17,3175,,0,1051,,G,,0,0,000000000,00000000000,0,0,0,1,0,0,0,0,0,0,0,999,0,1,1,11,0,6,2,1,0,0,0,1,42,19136,6,1,0,0,3,0,64,999,0,0,0,0,0,0,0,0,0,0,84,87,0,0,4,2,25,1,5,2,2,0,0,1,50,1,1,1,48,1,1
42,421144,2,2,0,30,12,1,33,12,6,1,0,42,6,23,884,23884,62,2007,1GDJ6C1C47F4,1,G,D,J,6,C,1,C,4,7,F,4,0,T,GMC,C6C,CB,7,17,,6,2960,1280,C65,D,,0,88,888888888,88888888888,2,1,3,1,0,0,0,0,0,0,0,0,0,0,0,5,5,4,1,12,0,0,0,0,,,,,,,,,999,,,,,,,,,,,,20,0,0,0,4,2,25,1,5,2,2,0,0,0,53,0,0,0,48,0,0
42,421145,1,1,3,29,12,17,20,8,0,1,0,42,1,49,32,49032,4,2004,2T1BR32E04C1,2,T,1,B,R,3,2,E,0,4,C,1,0,P,TOYT,UCS,4D,4,17,2502,,0,1024,,G,,0,0,000000000,00000000000,0,0,0,1,0,0,0,0,0,0,0,50,0,0,0,12,12,4,3,8,0,0,0,1,42,19567,6,1,0,0,3,0,64,999,0,0,0,0,0,0,0,0,0,0,0,0,0,0,5,2,50,1,1,2,1,0,0,1,80,6,1,1,13,0,0
42,421146,1,2,1,15,12,15,21,12,8,1,0,42,2,49,40,49040,4,2010,4T4BF3EKXAR0,4,T,4,B,F,3,E,K,X,A,R,0,0,P,TOYT,CBA,4D,10,17,3263,,0,1093,,G,,0,0,000000000,00000000000,0,0,0,1,0,0,0,0,0,0,0,999,1,0,0,11,11,6,2,12,0,0,0,1,42,17011,6,1,0,0,3,1,64,999,0,0,0,0,0,0,0,0,0,0,51,0,0,0,1,2,35,1,1,2,1,0,0,1,10,1,1,2,64,1,0
42,421146,2,2,1,15,12,15,21,12,8,1,0,42,3,87,881,87881,66,1996,1XP5DB9X9TN3,1,X,P,5,D,B,9,X,9,T,N,3,1,T,PTRB,379,DS,96,17,,8,0,0,CON,D,,1,57,00010650,5700010650,3,6,2,2,2,8888,3,1,0,0,0,25,0,0,0,8,8,2,1,12,0,0,0,1,42,17519,6,1,6,1,3,0,68,999,1,0,0,0,0,11,2008,11,2008,0,0,0,0,0,1,2,35,1,1,2,1,0,0,1,62,9,1,1,65,0,0
42,421147,1,2,1,4,12,22,23,12,2,1,1,42,1,12,3,12003,2,2006,1ZVFT80N2651,1,Z,V,F,T,8,0,N,2,6,5,1,0,P,FORD,MUS,CP,6,17,3351,,0,1071,,G,,0,0,000000000,00000000000,0,0,0,1,0,0,0,0,0,0,0,999,0,0,0,12,12,6,2,12,0,0,0,1,42,15341,6,1,0,0,3,0,71,999,0,0,0,1,0,9,2009,9,2009,1,51,0,0,0,1,2,35,1,1,2,1,0,0,1,10,1,1,2,50,0,1
42,421147,2,2,3,4,12,22,23,12,2,1,0,42,2,49,40,49040,4,2000,4T1BG22K3YU9,4,T,1,B,G,2,2,K,3,Y,U,9,0,P,TOYT,UEX,4D,0,17,2998,,0,1051,,G,,0,0,000000000,00000000000,0,0,0,1,0,0,0,0,0,0,0,999,0,0,0,12,12,6,2,12,0,0,0,1,42,15129,6,1,0,0,3,0,64,999,0,0,0,0,0,0,0,0,0,0,0,0,0,0,1,2,35,1,1,2,1,0,0,1,62,1,1,1,51,1,0