STATE,ST_CASE,VEH_NO,VE_FORMS,NUMOCCS,DAY,MONTH,HOUR,MINUTE,HARM_EV,MAN_COLL,UNITTYPE,HIT_RUN,REG_STAT,OWNER,MAKE,MODEL,MAK_MOD,BODY_TYP,MOD_YEAR,VIN,VIN_1,VIN_2,VIN_3,VIN_4,VIN_5,VIN_6,VIN_7,VIN_8,VIN_9,VIN_10,VIN_11,VIN_12,TOW_VEH,VINTYPE,VINMAKE,VINA_MOD,VIN_BT,VINMODYR,VIN_LNGT,VIN_WGT,WGTCD_TR,WHLBS_LG,WHLBS_SH,SER_TR,FUELCODE,MCYCL_DS,J_KNIFE,MCARR_I1,MCARR_I2,MCARR_ID,GVWR,V_CONFIG,CARGO_BT,HAZ_INV,HAZ_PLAC,HAZ_ID,HAZ_CNO,HAZ_REL,BUS_USE,SPEC_USE,EMER_USE,TRAV_SP,UNDERIDE,ROLLOVER,ROLINLOC,IMPACT1,IMPACT2,DEFORMED,TOWED,M_HARM,VEH_SC1,VEH_SC2,FIRE_EXP,DR_PRES,L_STATE,DR_ZIP,L_STATUS,L_TYPE,CDL_STAT,L_ENDORS,L_COMPL,L_RESTRI,DR_HGT,DR_WGT,PREV_ACC,PREV_SUS,PREV_DWI,PREV_SPD,PREV_OTH,FIRST_MO,FIRST_YR,LAST_MO,LAST_YR,SPEEDREL,DR_SF1,DR_SF2,DR_SF3,DR_SF4,VTRAFWAY,VNUM_LAN,VSPD_LIM,VALIGN,VPROFILE,VPAVETYP,VSURCOND,VTRAFCON,VTCONT_F,P_CRASH1,P_CRASH2,P_CRASH3,PCRASH4,PCRASH5,ACC_TYPE,DEATHS,DR_DRINK
42,421148,1,1,1,31,12,21,21,24,0,1,0,12,1,7,481,7481,31,9999,999999999999,9,9,9,9,9,9,9,9,9,9,9,9,0,U,,,,9,17,,,,,,,,0,0,000000000,00000000000,0,0,0,1,0,0,0,0,0,0,0,999,0,1,5,14,1,6,2,42,0,0,0,1,12,34950,6,1,6,1,3,0,73,999,0,1,0,4,0,3,2008,5,2010,0,51,0,0,0,1,2,55,3,1,2,1,0,0,14,10,1,1,4,6,1,1
42,421149,1,1,1,11,12,16,51,1,0,1,0,92,0,76,734,76734,90,2005,JY4AM03Y35C0,J,Y,4,A,M,0,3,Y,3,5,C,0,0,M,YAMA,Y6W,AT,5,17,,,,,,,660,0,0,000000000,00000000000,0,0,0,1,0,0,0,0,0,0,0,999,0,2,1,0,0,2,3,1,0,0,0,1,42,15146,6,1,6,0,1,0,70,999,0,0,0,1,0,6,2010,6,2010,1,0,0,0,0,1,2,25,1,6,2,1,0,0,1,6,3,2,1,98,1,0
42,421150,1,1,1,16,12,8,54,8,0,1,0,42,1,12,881,12881,63,1994,1FDZY90R0RVA,1,F,D,Z,Y,9,0,R,0,R,V,A,0,T,FORD,S9M,TM,94,17,,8,2390,1430,COL,D,,0,88,888888888,88888888888,3,2,7,1,0,0,0,0,0,0,0,5,0,0,0,6,6,0,1,8,42,0,0,1,42,18951,6,1,6,1,3,1,67,999,0,0,0,0,0,0,0,0,0,0,0,0,0,0,1,2,25,2,1,2,1,0,0,13,80,1,1,1,92,0,0
42,421151,1,1,3,17,12,17,20,38,0,1,0,42,4,22,441,22441,20,2004,1GMDX03E04D1,1,G,M,D,X,0,3,E,0,4,D,1,0,T,PONT,MON,ES,4,17,,1,0,1200,MON,G,,0,0,000000000,00000000000,0,0,0,1,0,0,0,0,0,0,0,60,0,0,0,11,10,6,2,30,0,0,0,1,42,16743,6,1,0,0,3,3,61,999,0,0,0,0,0,0,0,0,0,1,83,0,0,0,1,2,55,1,1,2,2,0,0,1,87,6,3,4,3,1,0
42,421152,1,1,1,27,12,23,27,35,0,1,0,42,2,7,472,7472,30,2002,1B7GG42N42S6,1,B,7,G,G,4,2,N,4,2,S,6,0,T,DODG,DSL,PC,2,17,,1,0,1309,DAK,G,,0,0,000000000,00000000000,0,0,0,1,0,0,0,0,0,0,0,55,0,0,0,6,6,6,2,35,0,0,0,1,42,16847,6,1,0,0,3,0,68,999,1,0,0,1,1,9,2008,6,2009,1,58,0,0,0,1,2,35,3,6,2,1,0,0,14,6,6,4,4,2,1,0
42,421153,1,2,1,21,12,13,12,12,2,1,0,42,2,18,7,18007,4,2003,2G4WS52J1311,2,G,4,W,S,5,2,J,1,3,1,1,0,P,BUIC,CCU,4D,3,17,3368,,0,1090,,G,,0,0,000000000,00000000000,0,0,0,1,0,0,0,0,0,0,0,999,0,0,0,12,12,6,2,12,0,0,0,1,42,15690,6,1,0,0,3,0,66,999,1,0,0,0,0,7,2009,7,2009,0,51,0,0,0,1,2,40,1,6,2,1,0,0,1,10,1,1,2,50,1,0
42,421153,2,2,2,21,12,13,12,12,2,1,0,42,1,20,2,20002,4,2008,2G1WB58NX812,2,G,1,W,B,5,8,N,X,8,1,2,0,P,CHEV,IPL,4D,8,17,3555,,0,1105,,G,,0,0,000000000,00000000000,0,0,0,1,0,0,0,0,0,0,0,999,0,0,0,12,12,6,2,12,0,0,0,1,42,15673,6,1,0,0,3,0,61,999,0,0,0,0,0,0,0,0,0,0,0,0,0,0,1,2,40,1,5,2,1,0,0,1,62,9,1,1,51,0,0
42,421154,1,1,1,23,12,1,51,1,0,1,0,42,1,76,704,76704,80,1981,JYA4R5009BA0,J,Y,A,4,R,5,0,0,9,B,A,0,0,M,YAMA,XS4,RS,81,17,,,,,,,400,0,0,000000000,00000000000,0,0,0,1,0,0,0,0,0,0,0,70,0,0,0,0,14,6,2,42,0,0,0,1,42,19518,6,1,0,0,2,0,68,999,1,1,0,1,4,10,2008,4,2010,1,58,0,0,0,1,2,35,3,1,2,1,0,0,14,6,1,1,1,98,1,1
42,421155,1,1,1,29,12,15,3,8,0,1,0,42,2,35,47,35047,2,2008,1N4BL24E78C2,1,N,4,B,L,2,4,E,7,8,C,2,0,P,NISS,A5E,CP,8,17,3205,,0,1053,,G,,0,0,000000000,00000000000,0,0,0,1,0,0,0,0,0,0,0,25,0,0,0,1,1,4,1,8,0,0,0,1,42,18301,6,1,0,0,3,0,69,999,0,0,0,0,0,0,0,0,0,0,0,0,0,0,1,2,35,1,1,2,1,2,3,1,80,1,1,1,13,0,0
42,421156,1,1,3,30,12,16,56,35,0,1,0,42,2,52,46,52046,4,2006,JA3AH86C46U0,J,A,3,A,H,8,6,C,4,6,U,0,0,P,MITS,LEV,4D,6,17,3263,,0,1033,,G,,0,0,000000000,00000000000,0,0,0,1,0,0,0,0,0,0,0,999,0,1,6,99,0,6,2,1,0,0,0,1,42,17538,6,1,0,0,3,0,68,999,0,1,0,0,0,12,2008,12,2008,0,99,99,99,99,1,2,35,1,6,2,1,0,0,1,13,1,1,4,1,1,1
42,421157,1,2,1,19,12,0,2,12,6,1,0,10,1,55,33,55033,4,2008,5NPET46C88H3,5,N,P,E,T,4,6,C,8,8,H,3,0,P,HYUN,SGL,4D,8,17,3253,,0,1074,,G,,0,0,000000000,00000000000,0,0,0,1,0,0,0,0,0,0,0,999,0,0,0,11,11,6,2,12,0,0,0,1,10,19802,6,1,0,0,3,0,71,188,0,0,0,0,0,0,0,0,0,1,39,0,0,0,1,2,45,1,4,2,1,3,3,1,17,1,1,1,86,1,1
42,421157,2,2,1,19,12,0,2,12,6,1,0,42,1,41,51,41051,4,2008,JM1BK32GX818,J,M,1,B,K,3,2,G,X,8,1,8,0,P,MAZD,M3I,4D,8,17,2780,,0,1039,,G,,0,0,000000000,00000000000,0,0,0,1,0,0,0,0,0,0,0,35,0,0,0,1,1,6,2,12,0,0,0,1,42,19038,6,1,0,0,3,0,71,999,0,0,0,0,0,0,0,0,0,0,0,0,0,0,1,2,40,1,1,2,1,3,3,1,66,1,1,1,87,0,0
42,421158,1,1,5,19,12,2,8,33,0,1,0,42,1,58,35,58035,4,2000,JNKCA31A9YT1,J,N,K,C,A,3,1,A,9,Y,T,1,0,P,INFI,I30,4D,0,17,3227,,0,1063,,G,,0,0,000000000,00000000000,0,0,0,1,0,0,0,0,0,0,0,999,0,0,0,2,2,6,2,42,0,0,0,1,42,17201,6,1,0,0,3,0,67,999,0,0,0,0,0,0,0,0,0,1,35,36,0,0,1,2,35,1,1,2,1,0,0,6,6,1,9,4,2,4,1
42,421159,1,2,1,22,12,7,32,12,2,1,0,42,2,12,401,12401,14,2003,1FMZU73K93UB,1,F,M,Z,U,7,3,K,9,3,U,B,0,P,FORD,EPR,UT,3,17,4094,,0,1137,,F,,0,0,000000000,00000000000,0,0,0,1,0,0,0,0,0,0,0,999,0,0,0,12,12,6,2,12,0,0,0,1,42,15148,6,1,0,0,3,3,71,999,2,0,0,0,0,3,2008,8,2009,0,51,0,0,0,1,2,35,2,5,2,2,0,0,14,10,1,1,2,50,1,0
42,421159,2,2,2,22,12,7,32,12,2,1,0,42,1,20,481,20481,31,2007,1GCEK19Z17Z1,1,G,C,E,K,1,9,Z,1,7,Z,1,0,T,CHEV,SK1,4C,7,17,,2,1575,1340,SIL,F,,0,0,000000000,00000000000,0,0,0,1,0,0,0,0,0,0,0,999,0,0,0,12,12,6,2,12,0,0,0,1,42,15137,6,1,0,0,3,0,72,999,0,0,0,0,0,0,0,0,0,0,0,0,0,0,1,2,35,3,6,2,2,0,0,14,62,7,1,1,51,0,0
42,421160,1,2,1,18,12,11,35,12,6,1,0,42,1,18,3,18003,4,2004,1G4CW54K8441,1,G,4,C,W,5,4,K,8,4,4,1,0,P,BUIC,PKA,4D,4,17,3778,,0,1138,,G,,0,0,000000000,00000000000,0,0,0,1,0,0,0,0,0,0,0,999,0,0,0,7,7,6,2,12,0,0,0,1,42,15139,6,1,0,0,3,3,69,999,0,0,0,0,0,0,0,0,0,0,39,0,0,0,1,2,25,1,5,2,1,20,3,1,17,1,1,1,89,1,0
42,421160,2,2,1,18,12,11,35,12,6,1,0,42,1,20,32,20032,4,2001,1Y1SK52841Z4,1,Y,1,S,K,5,2,8,4,1,Z,4,0,P,CHEV,P/L,4D,1,17,2403,,0,971,,G,,0,0,000000000,00000000000,0,0,0,1,0,0,0,0,0,0,0,999,0,0,0,12,12,6,2,12,0,0,0,1,42,15024,6,1,0,0,3,0,66,999,1,1,1,0,0,1,2009,8,2009,0,0,0,0,0,1,2,35,1,6,2,1,0,0,1,66,1,1,1,88,0,0
42,421161,1,1,1,23,12,20,27,33,0,1,0,42,1,20,16,20016,2,1999,1G1JF12T2X71,1,G,1,J,F,1,2,T,2,X,7,1,0,P,CHEV,CZ2,CP,99,17,2596,,0,1041,,G,,0,0,000000000,00000000000,0,0,0,1,0,0,0,0,0,0,0,999,0,1,1,14,0,6,2,1,0,0,1,1,42,19608,6,1,6,0,3,0,68,999,0,0,0,0,0,0,0,0,0,1,58,51,0,0,1,2,25,2,1,2,1,0,0,14,12,1,1,4,6,1,1
42,421162,1,2,1,8,12,11,43,12,6,1,0,42,2,20,22,20022,2,2006,1G1AL15F8676,1,G,1,A,L,1,5,F,8,6,7,6,0,P,CHEV,BLT,CP,6,17,2991,,0,1033,,G,,0,0,000000000,00000000000,0,0,0,1,0,0,0,0,0,0,0,999,0,0,0,9,9,6,2,12,0,0,0,1,42,15012,6,1,0,0,3,3,61,999,0,0,0,0,0,0,0,0,0,0,38,0,0,0,0,0,0,0,0,0,0,20,3,11,98,1,1,1,82,1,0
42,421162,2,2,1,8,12,11,43,12,6,1,0,42,3,86,884,86884,63,2000,1M2AD62C8YW0,1,M,2,A,D,6,2,C,8,Y,W,0,0,T,MACK,CL7,TM,0,17,,8,0,0,700,D,,0,57,01452525,5701452525,3,2,4,1,0,0,0,0,0,0,0,999,9,0,0,12,12,2,3,12,0,0,0,1,42,15423,6,1,6,1,3,0,68,999,0,0,0,0,0,0,0,0,0,0,0,0,0,0,1,2,45,1,5,2,1,0,0,1,72,3,2,1,83,0,0
42,421163,1,2,1,1,12,13,0,12,6,1,0,42,1,20,37,20037,4,1999,1G1ND52TXX62,1,G,1,N,D,5,2,T,X,X,6,2,0,P,CHEV,MAL,4D,99,17,3051,,0,1070,,G,,0,0,000000000,00000000000,0,0,0,1,0,0,0,0,0,0,0,999,0,0,0,10,10,6,2,12,0,0,0,1,42,19054,6,1,0,0,3,3,64,999,0,0,0,0,0,0,0,0,0,0,38,30,0,0,0,0,0,0,0,0,0,0,0,11,98,1,1,1,82,1,0
42,421163,2,2,1,1,12,13,0,12,6,1,0,42,1,55,36,55036,4,2002,KMHCG45C52U2,K,M,H,C,G,4,5,C,5,2,U,2,0,P,HYUN,AGL,4D,2,17,2350,,0,961,,G,,0,0,000000000,00000000000,0,0,0,1,0,0,0,0,0,0,0,999,0,0,0,12,12,6,2,12,0,0,0,1,42,19462,6,1,0,0,3,0,69,999,0,1,0,0,0,12,2007,12,2007,0,0,0,0,0,1,2,35,1,1,2,2,0,0,1,72,1,1,1,83,0,0
42,421164,1,2,1,6,12,15,47,12,6,1,0,42,1,12,17,12017,6,2002,1FAFP58U82G1,1,F,A,F,P,5,8,U,8,2,G,1,0,P,FORD,TSE,SW,2,17,3502,,0,1085,,G,,0,0,000000000,00000000000,0,0,0,1,0,0,0,0,0,0,0,20,0,0,0,10,10,6,2,12,0,0,0,1,42,15424,6,1,0,0,3,3,65,999,0,0,0,0,0,0,0,0,0,0,38,30,0,0,0,0,0,0,0,0,0,0,0,11,98,1,1,1,82,1,0
42,421164,2,2,1,6,12,15,47,12,6,1,0,42,2,12,401,12401,14,2000,1FMYU70E6YUA,1,F,M,Y,U,7,0,E,6,Y,U,A,0,P,FORD,EPR,UT,0,17,3870,,0,1017,,G,,0,0,000000000,00000000000,0,0,0,1,0,0,0,0,0,0,0,50,0,0,0,12,12,6,2,12,0,0,0,1,42,15459,6,1,0,0,3,0,71,999,0,0,0,0,0,0,0,0,0,0,0,0,0,0,1,3,45,1,5,2,2,0,0,1,72,6,1,2,83,0,0
42,421165,1,2,2,30,12,5,5,12,2,1,0,42,3,12,880,12880,67,2010,1FDAF5GR1AEB,1,F,D,A,F,5,G,R,1,A,E,B,0,T,FORD,F5D,CC,10,17,,5,2010,1410,DRW,D,,0,57,00424774,5700424774,2,1,96,1,0,0,0,0,0,0,0,55,0,0,0,12,12,6,2,12,0,0,0,1,42,16946,6,1,0,0,3,0,77,999,0,0,0,0,0,0,0,0,0,0,51,0,0,0,1,2,55,2,6,2,1,0,0,14,10,7,1,2,50,2,0
42,421165,2,2,1,30,12,5,5,12,2,1,0,42,2,87,881,87881,63,2006,1NP5LB0X96N8,1,N,P,5,L,B,0,X,9,6,N,8,0,T,PTRB,379,TM,6,17,,8,0,0,CON,D,,0,57,01993768,5701993768,3,2,2,1,0,0,0,0,0,0,0,45,0,0,0,12,12,6,2,12,0,0,0,1,36,14883,6,1,6,1,3,3,70,999,0,0,0,0,0,0,0,0,0,0,0,0,0,0,1,2,55,3,5,2,1,0,0,14,62,3,2,1,51,0,0
42,421166,1,2,1,12,12,9,35,12,6,1,0,42,1,12,401,12401,14,2003,1FMZU73W83UB,1,F,M,Z,U,7,3,W,8,3,U,B,0,P,FORD,EPR,UT,3,17,4094,,0,1137,,G,,0,0,000000000,00000000000,0,0,0,1,0,0,0,0,0,0,0,65,0,0,0,4,4,6,2,12,0,0,0,1,42,15650,6,1,0,0,3,1,69,999,0,0,0,0,0,0,0,0,0,1,27,51,0,0,3,2,55,1,1,1,2,0,0,15,6,1,4,2,64,1,0
42,421166,2,2,1,12,12,9,35,12,6,1,0,36,3,84,881,84881,66,2006,2HSCNSBRX6C2,2,H,S,C,N,S,B,R,X,6,C,2,1,T,INTL,94I,DS,6,17,,8,0,0,940,D,,1,57,00920222,5700920222,3,6,1,1,0,0,0,0,0,0,0,50,0,0,0,12,12,6,2,12,0,0,0,1,42,15642,6,1,6,1,3,1,68,999,0,0,0,0,0,0,0,0,0,0,0,0,0,0,3,2,55,1,1,1,2,0,0,1,62,3,2,1,65,0,0
42,421167,1,2,2,25,12,10,8,12,6,1,0,42,2,12,17,12017,4,2005,1FAFP56UX5A1,1,F,A,F,P,5,6,U,X,5,A,1,0,P,FORD,TEL,4D,5,17,3313,,0,1085,,G,,0,0,000000000,00000000000,0,0,0,1,0,0,0,0,0,0,0,10,0,0,0,9,9,6,2,12,0,0,0,1,42,16326,6,1,0,0,3,0,64,999,0,0,0,0,0,0,0,0,0,0,38,0,0,0,1,2,35,1,1,2,3,20,3,4,17,1,1,1,89,1,0
42,421167,2,2,3,25,12,10,8,12,6,1,0,42,1,7,442,7442,20,2003,2D4GP44383R2,2,D,4,G,P,4,4,3,8,3,R,2,0,P,DODG,CAR,SV,3,17,3975,,0,1193,,F,,0,0,000000000,00000000000,0,0,0,1,0,0,0,0,0,0,0,45,0,0,0,12,12,6,2,12,0,0,0,1,42,16301,6,1,0,0,3,1,72,999,0,0,0,0,0,0,0,0,0,0,0,0,0,0,1,2,55,1,1,2,3,0,0,1,66,1,1,1,88,0,0
42,421168,1,2,1,13,12,11,55,34,0,1,0,42,2,47,35,47035,5,2001,YS3DF58K0120,Y,S,3,D,F,5,8,K,0,1,2,0,0,P,SAA,93E,4H,1,17,3120,,0,1026,,G,,0,0,000000000,00000000000,0,0,0,1,0,0,0,0,0,0,0,65,0,0,0,1,9,6,2,12,0,0,0,1,42,17844,6,1,0,0,3,3,62,999,0,0,0,0,0,0,0,0,0,0,0,0,0,0,2,2,65,2,6,1,1,0,0,14,12,3,2,4,6,1,0
42,421168,2,2,1,13,12,11,55,34,0,1,0,42,1,20,481,20481,31,2004,1GCDT13X04K1,1,G,C,D,T,1,3,X,0,4,K,1,0,T,CHEV,S14,CW,4,17,,1,0,1229,S,G,,0,0,000000000,00000000000,0,0,0,1,0,0,0,0,0,0,0,60,0,0,0,12,12,6,2,12,0,0,0,1,42,16870,6,1,6,0,3,0,69,999,0,0,0,0,0,0,0,0,0,0,0,0,0,0,2,2,65,3,5,1,1,0,0,14,62,7,1,2,98,0,0
42,421169,1,2,1,23,12,12,44,12,2,1,0,17,1,30,47,30047,1,2004,3VWCD31Y64M3,3,V,W,C,D,3,1,Y,6,4,M,3,0,P,VOLK,NGS,CV,4,17,3091,,0,989,,G,,0,0,000000000,00000000000,0,0,0,1,0,0,0,0,0,0,0,999,0,0,0,12,12,6,2,12,0,0,0,1,17,60516,3,1,0,0,2,0,999,999,0,0,0,0,0,0,0,0,0,0,35,33,0,0,1,2,35,1,1,2,1,0,0,6,54,1,1,2,52,0,0
42,421169,2,2,1,23,12,12,44,12,2,1,0,42,2,6,52,6052,6,2001,3C4FY4BB11T6,3,C,4,F,Y,4,B,B,1,1,T,6,0,P,CHRY,PTC,SV,1,17,3109,,0,1030,,G,,0,0,000000000,00000000000,0,0,0,1,0,0,0,0,0,0,0,999,0,0,0,12,12,6,2,12,0,0,0,1,42,18940,6,1,0,0,3,0,64,999,0,0,0,0,0,0,0,0,0,0,0,0,0,0,1,2,35,1,1,2,1,0,0,1,54,3,2,1,52,1,0
42,421170,1,2,3,12,12,11,20,12,6,1,0,42,2,12,37,12037,4,2000,1FAFP3436YW3,1,F,A,F,P,3,4,3,6,Y,W,3,0,P,FORD,FSS,4D,0,17,2564,,0,1030,,G,,0,0,000000000,00000000000,0,0,0,1,0,0,0,0,0,0,0,50,0,0,0,3,3,6,2,12,0,0,0,1,42,16686,3,1,0,0,2,3,65,999,0,0,0,0,0,0,0,0,0,1,87,51,0,0,5,2,45,1,1,2,6,0,0,1,5,6,4,2,64,3,0
42,421170,2,2,2,12,12,11,20,12,6,1,0,42,1,24,401,24401,14,2003,5GZCZ23D03S9,5,G,Z,C,Z,2,3,D,0,3,S,9,0,P,STRN,VUE,UT,3,17,3172,,0,1066,,G,,0,0,000000000,00000000000,0,0,0,1,0,0,0,0,0,0,0,55,0,0,0,12,12,6,2,12,0,0,0,1,42,16617,6,1,0,0,3,3,63,999,0,0,0,0,1,11,2008,11,2008,0,0,0,0,0,5,2,45,1,1,2,6,0,0,1,62,7,1,1,65,1,0
42,421171,1,2,1,9,12,7,22,12,2,1,0,42,1,20,16,20016,4,1997,1G1JC5246V73,1,G,1,J,C,5,2,4,6,V,7,3,0,P,CHEV,CAV,4D,97,17,2630,,0,1041,,G,,0,0,000000000,00000000000,0,0,0,1,0,0,0,0,0,0,0,999,0,0,0,12,12,6,2,12,0,0,0,1,42,18080,6,1,0,0,3,3,65,999,0,0,0,1,1,4,2009,5,2009,0,51,0,0,0,1,2,45,1,1,2,1,0,0,1,10,1,1,2,50,1,0
42,421171,2,2,1,9,12,7,22,12,2,1,0,42,2,12,401,12401,14,2004,1FMZU77K04UA,1,F,M,Z,U,7,7,K,0,4,U,A,0,P,FORD,EPR,UT,4,17,4349,,0,1259,,F,,0,0,000000000,00000000000,0,0,0,1,0,0,0,0,0,0,0,50,0,0,0,12,12,6,2,12,0,0,0,1,42,18080,6,1,0,0,3,3,64,999,0,0,0,0,0,0,0,0,0,0,0,0,0,0,1,2,45,1,1,2,1,0,0,1,62,1,1,1,51,0,0
42,421172,1,2,1,16,12,13,1,12,6,1,0,42,2,37,32,37032,4,2003,1HGCM56373A0,1,H,G,C,M,5,6,3,7,3,A,0,0,P,HOND,ULX,4D,3,17,3053,,0,1079,,G,,0,0,000000000,00000000000,0,0,0,1,0,0,0,0,0,0,0,50,0,0,0,9,9,6,2,12,0,0,0,1,42,17252,6,1,0,0,3,0,61,999,0,0,0,0,0,0,0,0,0,1,87,51,0,0,1,2,50,2,1,2,3,0,0,14,5,7,3,2,64,1,0
42,421172,2,2,1,16,12,13,1,12,6,1,0,42,3,98,804,98804,63,2007,5KKHALDE77PX,5,K,K,H,A,L,D,E,7,7,P,X,0,T,WSTR,49S,TM,7,17,,8,0,0,CNV,D,,0,57,00000009,5700000009,3,2,3,1,0,0,0,0,0,0,0,35,0,0,0,11,11,4,3,12,0,0,0,1,42,17257,6,1,6,0,3,1,69,999,0,0,0,0,0,0,0,0,0,0,0,0,0,0,1,2,50,1,1,2,3,0,0,1,62,2,2,1,65,0,0
42,421173,1,2,1,6,12,9,1,12,7,1,0,42,3,7,442,7442,20,2004,1D4GP45R54B5,1,D,4,G,P,4,5,R,5,4,B,5,0,P,DODG,CAR,SV,4,17,3851,,0,1133,,G,,0,0,000000000,00000000000,0,0,0,1,0,0,0,0,0,0,0,999,0,0,0,2,13,2,3,18,0,0,0,1,42,18062,6,1,0,0,3,0,71,999,0,0,0,0,0,0,0,0,0,0,28,0,0,0,2,3,65,1,5,1,1,0,0,6,11,1,1,2,44,1,0
42,421173,2,2,1,6,12,9,1,12,7,1,0,42,3,51,884,51884,66,2005,4V4NC9TG95N3,4,V,4,N,C,9,T,G,9,5,N,3,1,T,VOLV,VNL,DS,5,17,,8,0,0,VVN,D,,1,57,00065154,5700065154,3,6,1,1,0,0,0,0,0,0,0,60,0,0,0,9,9,2,1,12,0,0,0,1,42,18045,6,1,6,1,3,0,72,999,0,0,0,0,0,0,0,0,0,0,0,0,0,0,2,3,65,1,5,1,1,0,0,1,61,1,1,1,45,0,0
42,421174,1,2,1,18,12,15,30,12,1,1,0,42,1,54,35,54035,4,1998,JH4UA3644WC0,J,H,4,U,A,3,6,4,4,W,C,0,0,P,ACUR,32T,4D,98,17,3349,,0,1118,,G,,0,0,000000000,00000000000,0,0,0,1,0,0,0,0,0,0,0,10,0,0,0,12,12,2,3,12,0,0,0,1,42,19342,6,1,0,0,3,0,66,999,0,0,0,0,0,0,0,0,0,1,0,0,0,0,2,2,45,1,5,2,1,3,3,1,50,7,1,1,20,1,0
42,421174,2,2,2,18,12,15,30,12,1,1,0,42,1,20,2,20002,4,2011,2G1WG5EK1B11,2,G,1,W,G,5,E,K,1,B,1,1,0,P,CHEV,IMT,4D,11,17,3555,,0,1105,,F,,0,0,000000000,00000000000,0,0,0,1,0,0,0,0,0,0,0,0,0,0,0,6,6,2,1,12,0,0,0,1,42,19086,6,1,0,0,3,0,62,999,0,0,0,0,0,0,0,0,0,0,0,0,0,0,2,2,45,1,5,2,1,3,3,5,53,1,1,1,21,0,0
42,421175,1,2,1,7,12,9,22,12,1,1,0,42,2,20,32,20032,4,1991,1Y1SK5467MZ0,1,Y,1,S,K,5,4,6,7,M,Z,0,0,P,GEO,GEP,4D,91,17,2364,,0,957,,G,,0,0,000000000,00000000000,0,0,0,1,0,0,0,0,0,0,0,999,0,0,0,12,1,6,2,52,0,0,0,1,42,17344,0,0,0,0,0,0,69,999,0,12,0,0,3,12,2007,9,2010,0,27,0,0,0,3,2,55,1,1,2,1,0,0,15,51,9,1,1,24,0,0
42,421175,2,2,1,7,12,9,22,12,1,1,0,42,1,22,2,22002,4,1994,1G2HX52L7R42,1,G,2,H,X,5,2,L,7,R,4,2,0,P,PONT,BVS,4D,94,17,3446,,0,1108,,G,,0,0,000000000,00000000000,0,0,0,1,0,0,0,0,0,0,0,999,0,0,0,6,12,6,2,42,0,0,0,1,42,17408,6,1,0,0,3,0,63,999,0,0,0,0,0,0,0,0,0,0,0,0,0,0,3,2,55,1,1,2,1,0,0,1,53,3,2,1,25,1,0
42,421176,1,2,1,16,12,18,23,11,0,1,0,42,1,18,2,18002,4,2002,1G4HP54K8241,1,G,4,H,P,5,4,K,8,2,4,1,0,P,BUIC,LCF,4D,2,17,3567,,0,1122,,G,,0,0,000000000,00000000000,0,0,0,1,0,0,0,0,0,0,0,999,0,0,0,13,13,6,2,54,0,0,0,1,42,17356,6,1,0,0,3,0,61,999,0,0,0,0,0,0,0,0,0,0,0,0,0,0,1,2,40,1,5,2,4,0,0,1,87,1,1,1,98,1,0
42,421176,2,2,1,16,12,18,23,11,0,1,0,42,1,20,37,20037,4,2007,1G1ZT68N17F1,1,G,1,Z,T,6,8,N,1,7,F,1,0,P,CHEV,XLT,4D,7,17,3543,,0,1123,,G,,0,0,000000000,00000000000,0,0,0,1,0,0,0,0,0,0,0,999,0,0,0,12,12,2,1,11,0,0,0,1,42,17356,6,1,0,0,3,0,67,999,0,0,0,0,0,0,0,0,0,0,0,0,0,0,1,2,40,1,6,2,4,0,0,1,87,1,1,1,13,0,0
42,421177,1,1,1,18,12,3,20,35,0,1,0,42,1,37,31,37031,2,1994,JHMEG1146RS0,J,H,M,E,G,1,1,4,6,R,S,0,0,P,HOND,SOS,CP,94,17,2238,,0,933,,G,,0,0,000000000,00000000000,0,0,0,1,0,0,0,0,0,0,0,70,0,1,1,14,0,6,2,1,0,0,0,1,42,15367,6,1,0,0,3,0,69,999,1,0,0,1,1,4,2009,1,2010,1,0,0,0,0,1,2,35,1,5,2,1,0,0,1,6,99,4,4,7,1,1
42,421178,1,1,1,20,12,8,46,35,0,1,0,42,1,20,20,20020,2,1990,2G1WN14TXL93,2,G,1,W,N,1,4,T,X,L,9,3,0,P,CHEV,EUR,CP,90,17,3042,,0,1075,,G,,0,0,000000000,00000000000,0,0,0,1,0,0,0,0,0,0,0,70,0,1,6,1,7,6,2,42,0,0,0,1,42,15046,6,1,0,0,3,0,68,999,0,0,0,0,0,0,0,0,0,1,0,0,0,0,3,2,55,3,5,2,2,0,0,14,13,7,3,4,2,1,0
42,421179,1,1,1,16,12,5,0,42,0,1,0,36,1,12,481,12481,31,1997,1FTDF1721VNC,1,F,T,D,F,1,7,2,1,V,N,C,0,T,FORD,F15,PK,97,17,,1,1390,1200,COF,G,,0,0,000000000,00000000000,0,0,0,1,0,0,0,0,0,0,0,25,0,0,0,12,12,6,2,42,0,0,0,1,36,14775,6,1,0,0,3,0,68,999,0,0,0,0,0,0,0,0,0,0,39,0,0,0,1,2,25,3,1,1,1,40,3,14,13,1,1,4,1,1,0