STATE,ST_CASE,VEH_NO,VE_FORMS,NUMOCCS,DAY,MONTH,HOUR,MINUTE,HARM_EV,MAN_COLL,UNITTYPE,HIT_RUN,REG_STAT,OWNER,MAKE,MODEL,MAK_MOD,BODY_TYP,MOD_YEAR,VIN,VIN_1,VIN_2,VIN_3,VIN_4,VIN_5,VIN_6,VIN_7,VIN_8,VIN_9,VIN_10,VIN_11,VIN_12,TOW_VEH,VINTYPE,VINMAKE,VINA_MOD,VIN_BT,VINMODYR,VIN_LNGT,VIN_WGT,WGTCD_TR,WHLBS_LG,WHLBS_SH,SER_TR,FUELCODE,MCYCL_DS,J_KNIFE,MCARR_I1,MCARR_I2,MCARR_ID,GVWR,V_CONFIG,CARGO_BT,HAZ_INV,HAZ_PLAC,HAZ_ID,HAZ_CNO,HAZ_REL,BUS_USE,SPEC_USE,EMER_USE,TRAV_SP,UNDERIDE,ROLLOVER,ROLINLOC,IMPACT1,IMPACT2,DEFORMED,TOWED,M_HARM,VEH_SC1,VEH_SC2,FIRE_EXP,DR_PRES,L_STATE,DR_ZIP,L_STATUS,L_TYPE,CDL_STAT,L_ENDORS,L_COMPL,L_RESTRI,DR_HGT,DR_WGT,PREV_ACC,PREV_SUS,PREV_DWI,PREV_SPD,PREV_OTH,FIRST_MO,FIRST_YR,LAST_MO,LAST_YR,SPEEDREL,DR_SF1,DR_SF2,DR_SF3,DR_SF4,VTRAFWAY,VNUM_LAN,VSPD_LIM,VALIGN,VPROFILE,VPAVETYP,VSURCOND,VTRAFCON,VTCONT_F,P_CRASH1,P_CRASH2,P_CRASH3,PCRASH4,PCRASH5,ACC_TYPE,DEATHS,DR_DRINK
44,440046,3,3,1,17,8,1,54,12,6,1,0,44,1,12,17,12017,4,2007,1FAFP56U57A1,1,F,A,F,P,5,6,U,5,7,A,1,0,P,FORD,TEL,4D,7,17,3314,,0,1085,,G,,0,0,000000000,00000000000,0,0,0,1,0,0,0,0,0,0,0,998,0,0,0,12,12,4,1,12,0,0,0,1,44,2886,6,1,0,0,3,3,67,145,1,0,0,0,0,10,2008,10,2008,0,0,0,0,0,3,3,55,8,8,2,1,0,0,1,98,1,9,9,98,0,0
44,440047,1,2,3,20,8,1,45,12,6,1,0,44,2,32,42,32042,4,2001,WAUZL64B21N0,W,A,U,Z,L,6,4,B,2,1,N,0,0,P,AUDI,A64,4D,1,17,3891,,0,1086,,G,,0,0,000000000,00000000000,0,0,0,1,0,0,0,0,0,0,0,111,0,1,6,12,13,6,2,1,0,0,0,1,44,2861,6,1,0,0,3,0,68,200,0,0,0,0,0,0,0,0,0,1,36,0,0,0,3,4,50,2,1,2,1,0,0,14,61,1,1,1,45,1,1
44,440047,2,2,1,20,8,1,45,12,6,1,1,44,1,22,20,22020,4,2000,1G2WP52K8YF2,1,G,2,W,P,5,2,K,8,Y,F,2,0,P,PONT,GPG,4D,0,17,3455,,0,1105,,G,,0,0,000000000,00000000000,0,0,0,1,0,0,0,0,0,0,0,111,0,0,0,11,11,4,1,12,0,0,0,1,44,2860,6,1,0,0,3,0,69,135,2,1,0,1,1,4,2008,7,2010,1,36,28,0,0,3,4,50,2,1,2,1,0,0,15,51,1,9,2,47,0,1
44,440048,1,1,1,23,10,16,47,24,0,1,0,44,1,72,706,72706,80,2004,1HD1BVB154Y0,1,H,D,1,B,V,B,1,5,4,Y,0,0,M,HD,FTI,RS,4,17,,,,,,,1450,0,0,000000000,00000000000,0,0,0,1,0,0,0,0,0,0,0,40,0,0,0,3,3,6,2,24,0,0,0,1,44,2889,6,1,0,0,3,3,63,160,0,0,0,0,0,0,0,0,0,0,53,0,0,0,1,2,40,3,6,2,1,0,0,14,13,2,2,4,2,1,1
44,440049,1,1,1,16,6,11,10,5,0,1,0,44,1,72,706,72706,80,2007,1HD1BV5137Y0,1,H,D,1,B,V,5,1,3,7,Y,0,0,M,HD,FXT,RS,7,17,,,,,,,1584,0,0,000000000,00000000000,0,0,0,1,0,0,0,0,0,0,0,5,0,0,0,0,2,2,1,5,0,0,0,1,44,2809,6,1,0,0,3,0,72,285,0,0,0,0,0,0,0,0,0,0,0,0,0,0,4,1,25,1,1,2,1,0,0,2,98,1,7,1,0,1,0
44,440050,1,1,1,28,9,22,47,24,0,1,0,44,2,20,421,20421,15,1997,1GNEK13R5VJ3,1,G,N,E,K,1,3,R,5,V,J,3,0,P,CHEV,KTA,UT,97,17,5225,,0,1175,,G,,0,0,000000000,00000000000,0,0,0,1,0,0,0,0,0,0,0,999,0,1,1,1,2,4,3,1,0,0,0,1,44,2825,1,1,0,0,2,3,66,150,0,2,1,0,2,7,2008,3,2010,0,28,0,0,0,2,2,35,1,9,2,2,0,0,1,8,1,7,4,2,1,1
44,440051,1,1,1,26,10,22,24,24,0,1,0,44,2,20,399,20399,3,1938,SW4153PA,S,W,4,1,5,3,P,A,,,,,0,P,,,,,,,,,,,,,0,0,000000000,00000000000,0,0,0,1,0,0,0,0,0,0,0,65,0,0,0,10,9,6,2,24,0,0,0,1,44,2909,6,1,0,0,3,3,68,200,0,0,0,0,0,0,0,0,0,1,87,0,0,0,3,3,50,1,1,2,2,0,0,1,11,1,9,5,1,1,0
44,440052,1,1,1,15,9,7,27,8,0,1,0,44,2,37,31,37031,4,1996,2HGEJ6676TH5,2,H,G,E,J,6,6,7,6,T,H,5,0,P,HOND,UCL,4D,96,17,2426,,0,1032,,G,,0,0,000000000,00000000000,0,0,0,1,0,0,0,0,0,0,0,999,0,0,0,1,1,2,3,8,0,0,0,1,44,2909,6,1,0,0,3,3,68,230,0,0,0,1,0,7,2010,7,2010,0,0,0,0,0,1,3,25,1,1,2,1,0,0,1,80,1,1,1,13,0,0
44,440053,1,2,2,19,9,0,0,12,6,1,0,25,2,12,401,12401,14,2001,1FMYU70E01UA,1,F,M,Y,U,7,0,E,0,1,U,A,0,P,FORD,EPR,UT,1,17,3959,,0,1018,,G,,0,0,000000000,00000000000,0,0,0,1,0,0,0,0,0,0,0,998,0,1,9,10,10,6,2,12,0,0,0,1,25,2895,4,1,0,0,2,2,72,999,1,0,0,0,0,9,2010,9,2010,1,39,74,0,0,1,2,25,1,1,2,1,3,3,1,17,1,1,1,89,1,1
44,440053,2,2,1,19,9,0,0,12,6,1,0,25,1,35,51,35051,6,2010,JN8AS5MV0AW1,J,N,8,A,S,5,M,V,0,A,W,1,0,P,NISS,ROG,UT,10,17,3435,,0,1059,,G,,0,0,000000000,00000000000,0,0,0,1,0,0,0,0,0,0,0,998,0,0,0,12,12,6,2,12,0,0,0,1,25,1606,6,1,0,0,3,0,999,999,0,0,0,0,0,0,0,0,0,0,0,0,0,0,1,2,25,1,1,2,1,3,3,1,66,1,1,1,88,0,0
44,440054,1,3,4,25,9,15,0,12,6,1,0,44,2,37,31,37031,2,1998,1HGEJ6220WL1,1,H,G,E,J,6,2,2,0,W,L,1,0,P,HOND,UCD,CP,98,17,2274,,0,1032,,G,,0,0,000000000,00000000000,0,0,0,1,0,0,0,0,0,0,0,998,0,0,0,8,8,4,1,12,0,0,0,1,44,2888,6,1,0,0,3,0,64,169,0,0,0,0,1,8,2010,8,2010,0,0,0,0,0,3,2,50,1,1,2,1,0,0,1,61,1,1,1,45,1,0
44,440054,2,3,1,25,9,15,0,12,6,1,0,44,5,20,461,20461,21,2001,1GAHG39R2112,1,G,A,H,G,3,9,R,2,1,1,2,0,T,CHEV,E35,ES,1,17,,2,0,1550,EXP,G,,0,88,888888888,88888888888,1,20,22,1,0,0,0,0,0,0,0,998,0,0,0,1,10,6,2,12,0,0,0,1,44,2901,0,0,0,0,0,0,999,999,99,99,99,99,99,99,9999,99,9999,1,52,0,0,0,3,2,50,1,1,2,1,0,0,15,11,1,2,2,46,0,0
44,440054,3,3,2,25,9,15,0,12,6,1,0,44,1,35,47,35047,4,2007,3N1AB61E67L6,3,N,1,A,B,6,1,E,6,7,L,6,0,P,NISS,SL2,4D,7,17,2853,,0,1057,,G,,0,0,000000000,00000000000,0,0,0,1,0,0,0,0,0,0,0,998,0,0,0,10,8,6,2,12,0,0,0,1,44,2910,6,1,0,0,3,0,60,125,0,0,0,0,0,0,0,0,0,9,0,0,0,0,3,2,50,1,1,2,1,0,0,1,62,1,1,1,98,0,0
44,440055,1,1,1,30,9,22,21,30,0,1,0,44,2,37,32,37032,4,2000,JHMCG6690YC0,J,H,M,C,G,6,6,9,0,Y,C,0,0,P,HOND,USE,4D,0,17,3086,,0,1069,,G,,0,0,000000000,00000000000,0,0,0,1,0,0,0,0,0,0,0,999,0,0,0,8,8,6,2,30,0,0,0,1,12,33823,3,1,3,0,2,0,71,999,0,0,0,0,0,0,0,0,0,1,28,0,0,0,1,2,40,3,1,2,1,0,0,14,13,1,7,4,2,1,1
44,440056,1,1,1,2,10,11,55,33,0,1,0,44,1,37,31,37031,4,1993,1HGEG8648PL0,1,H,G,E,G,8,6,4,8,P,L,0,0,P,HOND,CID,4D,93,17,2275,,0,1013,,G,,0,0,000000000,00000000000,0,0,0,1,0,0,0,0,0,0,0,28,0,0,0,98,12,6,2,19,39,0,0,1,44,2895,6,1,0,0,3,0,62,170,0,0,0,0,0,0,0,0,0,0,82,0,0,0,1,2,25,1,8,2,1,0,0,1,5,7,9,4,3,1,0
44,440057,1,1,4,3,10,16,30,33,0,1,0,44,2,20,32,20032,4,1995,1Y1SK5268SZ0,1,Y,1,S,K,5,2,6,8,S,Z,0,0,P,GEO,GEP,4D,95,17,2348,,0,971,,G,,0,0,000000000,00000000000,0,0,0,1,0,0,0,0,0,0,0,40,0,0,0,98,12,6,2,42,0,0,0,1,44,2863,0,0,0,0,0,0,999,999,99,99,99,99,99,99,9999,99,9999,1,28,0,0,0,2,2,25,4,8,2,1,0,0,14,13,1,7,4,2,2,1
44,440058,1,2,2,7,10,12,42,12,6,1,0,44,2,22,20,22020,4,1995,1G2WJ52M8SF2,1,G,2,W,J,5,2,M,8,S,F,2,0,P,PONT,GFS,4D,95,17,3370,,0,1075,,G,,0,0,000000000,00000000000,0,0,0,1,0,0,0,0,0,0,0,999,0,0,0,3,3,6,2,12,0,0,0,1,44,2888,1,1,0,0,2,0,69,170,0,5,1,0,3,1,2008,3,2010,0,38,47,0,0,1,4,35,1,1,2,2,3,3,11,15,1,7,2,68,1,1
44,440058,2,2,1,7,10,12,42,12,6,1,0,44,2,7,472,7472,30,2002,1B7HG38N82S7,1,B,7,H,G,3,8,N,8,2,S,7,0,T,DODG,DSQ,CW,2,17,,2,0,1309,DAK,G,,0,0,000000000,00000000000,0,0,0,1,0,0,0,0,0,0,0,999,0,0,0,12,12,6,2,12,0,0,0,1,44,2886,6,1,0,0,3,0,69,155,0,0,0,0,0,0,0,0,0,0,0,0,0,0,1,4,35,1,1,2,2,3,3,1,62,1,1,1,69,0,0
44,440059,1,1,1,27,10,6,53,15,0,1,0,44,1,63,401,63401,14,2001,KNDJA7237150,K,N,D,J,A,7,2,3,7,1,5,0,0,P,KIA,SPO,UT,1,17,3352,,0,1043,,G,,0,0,000000000,00000000000,0,0,0,1,0,0,0,0,0,0,0,998,0,0,0,12,12,2,3,15,0,0,0,1,44,2904,6,1,0,0,3,3,62,140,0,0,0,0,0,0,0,0,0,1,0,0,0,0,1,2,25,1,1,1,2,0,0,1,83,1,1,1,13,0,0
44,440060,1,2,3,3,10,14,54,12,6,1,0,25,1,14,6,14006,4,2002,2MEFM75W02X6,2,M,E,F,M,7,5,W,0,2,X,6,0,P,MERC,MGL,4D,2,17,3970,,0,1147,,G,,0,0,000000000,00000000000,0,0,0,1,0,0,0,0,0,0,0,999,0,0,0,12,12,6,2,12,0,0,0,1,25,2745,6,1,0,0,3,0,73,999,0,0,0,0,0,0,0,0,0,1,28,0,0,0,1,2,40,1,6,1,1,0,0,1,62,7,2,2,66,1,0
44,440060,2,2,3,3,10,14,54,12,6,1,0,25,2,9,442,9442,20,1998,2P4GP25R7WR6,2,P,4,G,P,2,5,R,7,W,R,6,0,P,PLYM,VOF,SV,98,17,3428,,0,1133,,G,,0,0,000000000,00000000000,0,0,0,1,0,0,0,0,0,0,0,999,0,0,0,1,1,6,2,12,0,0,0,1,25,2324,6,1,0,0,3,0,72,999,0,0,0,0,0,0,0,0,0,1,0,0,0,0,1,2,40,1,5,2,1,0,0,1,50,8,1,2,66,0,0
44,440061,1,1,1,10,10,1,48,1,0,1,0,44,2,12,471,12471,30,1997,1FTCR14U7VPB,1,F,T,C,R,1,4,U,7,V,P,B,0,T,FORD,RNS,PS,97,17,,1,0,1250,RNG,G,,0,0,000000000,00000000000,0,0,0,1,0,0,0,0,0,0,0,67,0,2,1,0,10,6,2,1,0,0,0,1,44,2852,6,1,0,0,3,0,63,100,0,1,0,3,1,11,2008,1,2010,1,58,28,0,0,3,1,40,3,5,2,1,40,3,14,13,6,3,6,98,1,1
44,440062,1,1,1,3,11,19,0,9,0,1,0,44,2,6,441,6441,20,2003,2C8GT64L53R2,2,C,8,G,T,6,4,L,5,3,R,2,0,P,CHRY,TWC,SV,3,17,4423,,0,1193,,G,,0,0,000000000,00000000000,0,0,0,1,0,0,0,0,0,0,0,28,0,0,0,11,11,4,3,9,0,0,0,1,44,2852,6,1,0,0,3,0,67,130,0,0,0,0,0,0,0,0,0,0,86,0,0,0,2,2,35,1,2,2,1,2,3,1,83,1,1,1,13,0,0
44,440063,1,1,1,11,12,2,19,42,0,1,0,92,0,73,704,73704,80,2009,JKAKXGEC49A0,J,K,A,K,X,G,E,C,4,9,A,0,0,M,KAWK,K4E,MX,9,17,,,,,,,449,0,0,000000000,00000000000,0,0,0,1,0,0,0,0,0,0,0,999,0,0,0,82,82,6,2,42,0,0,0,1,44,2825,1,1,0,0,2,0,71,170,1,3,0,2,0,8,2008,11,2010,1,0,0,0,0,1,2,40,4,1,2,2,0,0,14,13,2,2,4,2,1,1
44,440064,1,1,1,7,11,1,2,33,0,1,0,44,3,62,421,62421,15,2004,SALME11494A1,S,A,L,M,E,1,1,4,9,4,A,1,0,T,LNDR,RHS,4W,4,17,,2,0,1134,RRV,G,,0,0,000000000,00000000000,0,0,0,1,0,0,0,0,0,0,0,999,0,0,0,98,12,6,2,42,0,0,0,1,44,2906,6,1,0,0,3,0,68,165,3,0,0,1,5,12,2008,10,2010,1,28,0,0,0,1,2,25,1,1,2,1,20,3,1,13,1,7,4,2,1,1
44,440065,1,1,1,8,11,20,44,17,0,1,0,44,1,7,402,7402,14,2000,1B4HS28Z3YF2,1,B,4,H,S,2,8,Z,3,Y,F,2,0,P,DODG,DUR,UT,0,17,4462,,0,1159,,G,,0,0,000000000,00000000000,0,0,0,1,0,0,0,0,0,0,0,93,0,1,5,98,13,6,2,1,0,0,0,1,44,2852,6,1,6,0,3,0,69,195,1,0,0,1,1,11,2008,11,2009,1,28,0,0,0,1,2,35,3,1,2,2,98,3,14,13,1,7,4,2,1,1
44,440066,1,2,1,17,12,1,5,12,6,1,0,44,2,12,37,12037,4,2006,1FAFP34N86W1,1,F,A,F,P,3,4,N,8,6,W,1,0,P,FORD,ZX4,4D,6,17,2676,,0,1029,,G,,0,0,000000000,00000000000,0,0,0,1,0,0,0,0,0,0,0,998,0,0,0,1,1,6,2,8,0,0,0,1,44,2822,6,1,0,0,3,0,69,130,0,0,0,0,0,0,0,0,0,1,84,0,0,0,3,4,50,2,1,2,1,0,0,14,50,6,1,3,48,0,0
44,440066,2,2,0,17,12,1,5,12,6,1,0,36,6,30,40,30040,4,2000,3VWSC29M8YM1,3,V,W,S,C,2,9,M,8,Y,M,1,0,P,VOLK,JGS,4D,0,17,2870,,0,989,,G,,0,0,000000000,00000000000,0,0,0,1,0,0,0,0,0,0,0,0,0,0,0,7,7,4,3,12,0,0,0,0,,,,,,,,,999,,,,,,,,,,,,0,0,0,0,3,4,50,2,1,2,1,0,0,0,50,0,0,0,48,0,0
44,440067,1,3,1,20,12,14,48,12,2,1,0,44,2,49,32,49032,4,1995,2T1AE09B7SC1,2,T,1,A,E,0,9,B,7,S,C,1,0,P,TOYT,LED,4D,95,17,2381,,0,970,,G,,0,0,000000000,00000000000,0,0,0,1,0,0,0,0,0,0,0,40,0,0,0,12,12,6,2,12,0,0,0,1,44,2871,6,1,0,0,3,0,68,210,0,0,0,0,0,0,0,0,0,9,28,0,0,0,2,2,45,1,1,2,3,0,0,1,10,1,7,2,50,1,1
44,440067,2,3,2,20,12,14,48,12,2,1,0,44,2,18,401,18401,14,2004,3G5DA03E74S5,3,G,5,D,A,0,3,E,7,4,S,5,0,P,BUIC,RZV,UT,4,17,4024,,0,1122,,G,,0,0,000000000,00000000000,0,0,0,1,0,0,0,0,0,0,0,998,0,0,0,12,12,6,2,12,0,0,0,1,44,2809,6,1,0,0,3,0,63,130,0,0,0,0,0,0,0,0,0,0,89,0,0,0,2,2,45,1,1,2,3,0,0,1,62,1,1,1,51,0,0
44,440067,3,3,1,20,12,14,48,12,2,1,0,44,1,49,32,49032,4,1998,2T1BR18E9WC0,2,T,1,B,R,1,8,E,9,W,C,0,0,P,TOYT,UVL,4D,98,17,2414,,0,970,,G,,0,0,000000000,00000000000,0,0,0,1,0,0,0,0,0,0,0,998,0,0,0,12,12,6,2,12,0,0,0,1,44,2809,6,1,0,0,3,0,66,180,0,0,0,0,0,0,0,0,0,9,0,0,0,0,2,2,45,1,1,2,3,0,0,1,18,2,1,1,98,0,0
44,440068,1,1,1,30,11,13,28,19,0,1,0,44,1,35,39,35039,4,2001,JN1CA31A91T1,J,N,1,C,A,3,1,A,9,1,T,1,0,P,NISS,M20,4D,1,17,3084,,0,1083,,G,,0,0,000000000,00000000000,0,0,0,1,0,0,0,0,0,0,0,999,0,0,0,12,12,4,3,19,0,0,0,1,44,2891,6,1,0,0,3,3,66,170,0,0,0,0,0,0,0,0,0,0,0,0,0,0,9,9,99,9,1,2,1,0,0,9,98,1,7,4,14,1,0
45,450001,1,1,1,2,1,17,15,42,0,1,0,45,1,23,481,23481,31,2002,1GTEK14V42Z3,1,G,T,E,K,1,4,V,4,2,Z,3,0,T,GMC,NK1,PK,2,17,,2,1330,1190,SIE,G,,0,0,000000000,00000000000,0,0,0,1,0,0,0,0,0,0,0,55,0,0,0,12,98,6,2,42,0,0,0,1,45,29510,1,1,5,0,2,0,64,148,0,1,0,0,0,4,2007,4,2007,0,0,0,0,0,1,2,55,2,1,2,1,0,0,14,12,1,1,4,6,1,0
45,450002,1,1,1,2,1,21,3,43,0,1,0,45,1,20,37,20037,4,1999,1G1NE52M2X61,1,G,1,N,E,5,2,M,2,X,6,1,0,P,CHEV,M/L,4D,99,17,3077,,0,1070,,G,,0,0,000000000,00000000000,0,0,0,1,0,0,0,0,0,0,0,80,0,0,0,98,98,6,2,42,0,0,0,1,45,29728,6,1,0,0,3,0,73,160,0,0,0,1,0,10,2009,10,2009,1,0,0,0,0,1,2,55,1,1,2,1,0,0,1,12,1,9,4,6,1,1
45,450003,1,1,3,3,1,10,50,1,0,1,0,45,1,20,401,20401,14,1995,1GNCS13W0SK2,1,G,N,C,S,1,3,W,0,S,K,2,0,P,CHEV,BZR,UT,95,17,3666,,0,1070,,G,,0,0,000000000,00000000000,0,0,0,1,0,0,0,0,0,0,0,75,0,2,1,0,0,6,2,1,0,0,0,1,45,29801,1,1,5,0,2,0,70,222,0,0,0,0,0,0,0,0,0,1,92,0,0,0,1,2,55,1,1,2,1,0,0,1,6,1,3,3,98,1,0
45,450004,1,1,1,4,1,4,0,34,0,1,0,37,2,20,441,20441,20,1998,1GNDM19W6WB1,1,G,N,D,M,1,9,W,6,W,B,1,0,T,CHEV,AST,ES,98,17,,1,0,1112,AST,G,,0,0,000000000,00000000000,0,0,0,1,0,0,0,0,0,0,0,55,0,0,0,11,11,6,2,32,0,0,0,1,45,29730,6,1,0,0,3,3,70,205,3,0,0,4,0,3,2007,10,2009,0,0,0,0,0,1,2,55,1,2,2,1,0,0,1,12,1,1,4,6,1,0
45,450005,1,2,1,4,1,16,45,12,2,1,0,45,2,85,881,85881,66,1993,2XKWDB9X0PM5,2,X,K,W,D,B,9,X,0,P,M,5,1,T,KW,W90,TR,93,17,,8,2600,1600,CON,D,,1,45,1866183,451866183,3,6,8,1,0,0,0,0,0,0,0,55,0,0,0,12,12,6,2,12,0,0,0,1,37,28173,6,1,6,0,3,0,67,999,0,0,0,0,0,0,0,0,0,0,0,0,0,0,1,2,55,2,1,2,1,0,0,14,54,1,1,1,52,0,0
45,450005,2,2,1,4,1,16,45,12,2,1,0,45,1,35,48,35048,9,2007,JN1BZ34D37M5,J,N,1,B,Z,3,4,D,3,7,M,5,0,P,NISS,3ZC,CP,7,17,3222,,0,1043,,G,,0,0,000000000,00000000000,0,0,0,1,0,0,0,0,0,0,0,75,0,0,0,12,12,6,2,12,0,0,0,1,45,29585,6,1,0,0,3,0,71,210,1,0,0,2,0,4,2007,7,2009,0,27,0,0,0,1,2,55,2,1,2,1,0,0,6,54,1,1,1,52,1,0
45,450006,1,2,3,4,1,16,38,12,6,1,0,45,1,7,24,7024,4,2007,2B3KA43G47H6,2,B,3,K,A,4,3,G,4,7,H,6,0,P,DODG,CTL,4D,7,17,3720,,0,1200,,G,,0,0,000000000,00000000000,0,0,0,1,0,0,0,0,0,0,0,35,0,0,0,81,81,6,2,12,0,0,0,1,45,29376,6,1,0,0,3,0,67,135,1,0,0,3,1,4,2007,5,2009,0,39,0,0,0,1,2,35,1,1,2,1,4,3,1,17,1,1,1,87,1,0
45,450006,2,2,1,4,1,16,38,12,6,1,0,45,1,2,402,2402,14,1978,J8A93EA11205,J,8,A,9,3,E,A,1,1,2,0,5,0,P,,,,,,,,,,,,,0,0,000000000,00000000000,0,0,0,1,0,0,0,0,0,0,0,35,0,0,0,12,12,6,2,12,0,0,0,1,45,29321,6,1,0,0,3,0,70,205,1,0,0,0,0,4,2007,4,2007,0,0,0,0,0,1,2,35,1,1,2,1,4,3,1,66,1,1,1,86,0,0
45,450007,1,1,1,4,1,16,15,1,0,1,0,45,1,39,32,39032,4,2004,SAJEA51C04WD,S,A,J,E,A,5,1,C,0,4,W,D,0,P,JAGU,XT3,4D,4,17,3428,,0,1067,,G,,0,0,000000000,00000000000,0,0,0,1,0,0,0,0,0,0,0,55,0,1,3,0,0,6,2,1,0,0,0,1,45,29412,6,1,0,0,3,3,69,220,1,0,0,0,0,9,2008,9,2008,0,58,0,0,0,2,2,55,1,1,2,1,0,0,1,13,6,9,4,7,1,1
45,450008,1,1,1,5,1,22,49,34,0,1,0,45,1,51,46,51046,4,2002,YV1VS29502F8,Y,V,1,V,S,2,9,5,0,2,F,8,0,P,VOLV,S4T,4D,2,17,3068,,0,1009,,G,,0,0,000000000,00000000000,0,0,0,1,0,0,0,0,0,0,0,60,0,0,0,98,12,6,2,42,0,0,0,1,45,29301,6,1,0,0,3,0,70,185,0,2,0,1,0,5,2008,3,2009,1,0,0,0,0,1,2,25,1,2,2,1,0,0,1,12,1,1,4,6,1,0
45,450009,1,1,4,6,1,17,50,8,0,1,0,45,1,18,7,18007,4,1991,3G4AH54N7MS6,3,G,4,A,H,5,4,N,7,M,S,6,0,P,BUIC,CCU,4D,91,17,2770,,0,1049,,G,,0,0,000000000,00000000000,0,0,0,1,0,0,0,0,0,0,0,55,0,0,0,11,11,2,1,8,0,0,0,1,45,29102,6,1,0,0,3,0,999,999,99,99,99,99,99,99,9999,99,9999,0,0,0,0,0,2,2,55,1,1,2,1,0,0,1,80,1,1,1,13,0,0
45,450010,1,1,1,7,1,17,5,9,0,1,0,37,1,22,18,22018,4,1999,1G2NE52TXXC5,1,G,2,N,E,5,2,T,X,X,C,5,0,P,PONT,GAS,4D,99,17,3102,,0,1071,,G,,0,0,000000000,00000000000,0,0,0,1,0,0,0,0,0,0,0,47,0,0,0,12,2,2,3,9,0,0,0,1,37,28327,6,1,0,0,3,0,64,999,0,1,0,0,4,4,2008,5,2009,1,0,0,0,0,2,2,55,4,1,2,1,0,0,14,83,1,1,1,13,0,0
45,450011,1,1,2,7,1,23,0,1,0,1,0,45,2,63,33,63033,4,2007,KNAFE121X754,K,N,A,F,E,1,2,1,X,7,5,4,0,P,KIA,SXC,4D,7,17,2701,,0,1028,,G,,0,0,000000000,00000000000,0,0,0,1,0,0,0,0,0,0,0,55,0,1,5,0,0,6,2,1,0,0,0,1,45,29718,1,1,5,0,2,0,67,145,0,2,1,0,0,11,2007,8,2009,1,58,0,0,0,1,2,55,4,1,2,2,0,0,14,6,1,9,4,1,1,0
45,450012,1,1,1,7,1,20,0,35,0,1,0,45,1,58,33,58033,4,1996,JNKCP01D3TT5,J,N,K,C,P,0,1,D,3,T,T,5,0,P,INFI,G20,4D,96,17,2780,,0,1004,,G,,0,0,000000000,00000000000,0,0,0,1,0,0,0,0,0,0,0,65,0,1,5,98,98,6,2,42,0,0,0,1,45,29661,6,1,0,0,3,3,73,168,0,0,0,2,0,2,2008,8,2008,1,87,0,0,0,1,2,40,1,2,2,2,0,0,1,13,6,4,4,7,1,1
45,450013,1,1,2,7,1,10,35,1,0,1,0,45,2,12,401,12401,14,1997,1FMEU17L9VLB,1,F,M,E,U,1,7,L,9,V,L,B,0,P,FORD,EPT,UT,97,17,4827,,0,1190,,G,,0,0,000000000,00000000000,0,0,0,1,0,0,0,0,0,0,0,45,0,2,1,0,98,6,2,1,0,0,0,1,22,29583,6,1,0,0,3,0,999,999,99,99,99,99,99,99,9999,99,9999,1,58,0,0,0,1,2,45,1,1,2,1,0,0,1,12,6,9,2,98,2,0
45,450014,1,3,2,7,1,7,45,12,2,1,0,45,1,12,471,12471,30,1992,1FTCR10X7NTA,1,F,T,C,R,1,0,X,7,N,T,A,0,T,FORD,RNG,PK,92,17,,1,1139,1079,RNG,G,,0,0,000000000,00000000000,0,0,0,1,0,0,0,0,0,0,0,45,0,0,0,12,12,6,2,12,0,0,0,1,45,29123,6,1,0,0,3,0,74,143,0,0,0,0,0,0,0,0,0,0,0,0,0,0,1,2,45,1,1,2,1,0,0,1,62,1,1,1,50,1,0
45,450014,2,3,1,7,1,7,45,12,2,1,0,45,3,20,461,20461,21,2009,1GCGG25C6911,1,G,C,G,G,2,5,C,6,9,1,1,0,T,CHEV,E25,CG,9,17,,2,0,1350,EXP,G,,0,0,000000000,00000000000,0,0,0,1,0,0,0,0,0,0,0,45,0,0,0,12,12,6,2,12,0,0,0,1,45,29053,6,1,0,0,3,0,82,220,0,0,0,1,0,9,2009,9,2009,0,0,0,0,0,1,2,45,1,1,2,1,0,0,1,52,9,1,4,98,0,0
45,450014,3,3,1,7,1,7,45,12,2,1,0,45,2,12,401,12401,14,2005,1FMDK06125GA,1,F,M,D,K,0,6,1,2,5,G,A,0,P,FORD,FSL,UT,5,17,4112,,0,1129,,G,,0,0,000000000,00000000000,0,0,0,1,0,0,0,0,0,0,0,50,0,0,0,12,12,6,2,12,0,0,0,1,45,29053,1,1,5,0,2,0,71,200,0,1,0,0,0,11,2008,11,2008,0,51,0,0,0,1,2,45,1,1,2,1,0,0,1,10,1,1,2,51,0,0
45,450015,1,1,1,8,1,3,0,1,0,1,0,45,2,18,7,18007,4,1999,2G4WS52M8X14,2,G,4,W,S,5,2,M,8,X,1,4,0,P,BUIC,CCU,4D,99,17,3353,,0,1090,,G,,0,0,000000000,00000000000,0,0,0,1,0,0,0,0,0,0,0,55,0,1,5,0,98,6,2,1,0,0,0,1,45,29640,1,1,5,0,2,0,73,165,0,0,0,0,0,0,0,0,0,1,58,0,0,0,1,2,55,1,2,2,1,0,0,1,13,6,3,4,2,1,0
45,450016,1,1,1,9,1,18,35,42,0,1,0,45,1,63,401,63401,14,2008,KNDJF7241875,K,N,D,J,F,7,2,4,1,8,7,5,0,P,KIA,SPO,UT,8,17,3230,,0,1035,,G,,0,0,000000000,00000000000,0,0,0,1,0,0,0,0,0,0,0,50,0,0,0,12,12,6,2,39,0,0,0,1,45,29073,6,1,0,0,3,3,61,185,5,0,0,1,1,5,2007,1,2009,1,0,0,0,0,1,2,45,1,1,2,1,20,3,1,13,1,1,4,1,1,0