STATE,ST_CASE,VEH_NO,VE_FORMS,NUMOCCS,DAY,MONTH,HOUR,MINUTE,HARM_EV,MAN_COLL,UNITTYPE,HIT_RUN,REG_STAT,OWNER,MAKE,MODEL,MAK_MOD,BODY_TYP,MOD_YEAR,VIN,VIN_1,VIN_2,VIN_3,VIN_4,VIN_5,VIN_6,VIN_7,VIN_8,VIN_9,VIN_10,VIN_11,VIN_12,TOW_VEH,VINTYPE,VINMAKE,VINA_MOD,VIN_BT,VINMODYR,VIN_LNGT,VIN_WGT,WGTCD_TR,WHLBS_LG,WHLBS_SH,SER_TR,FUELCODE,MCYCL_DS,J_KNIFE,MCARR_I1,MCARR_I2,MCARR_ID,GVWR,V_CONFIG,CARGO_BT,HAZ_INV,HAZ_PLAC,HAZ_ID,HAZ_CNO,HAZ_REL,BUS_USE,SPEC_USE,EMER_USE,TRAV_SP,UNDERIDE,ROLLOVER,ROLINLOC,IMPACT1,IMPACT2,DEFORMED,TOWED,M_HARM,VEH_SC1,VEH_SC2,FIRE_EXP,DR_PRES,L_STATE,DR_ZIP,L_STATUS,L_TYPE,CDL_STAT,L_ENDORS,L_COMPL,L_RESTRI,DR_HGT,DR_WGT,PREV_ACC,PREV_SUS,PREV_DWI,PREV_SPD,PREV_OTH,FIRST_MO,FIRST_YR,LAST_MO,LAST_YR,SPEEDREL,DR_SF1,DR_SF2,DR_SF3,DR_SF4,VTRAFWAY,VNUM_LAN,VSPD_LIM,VALIGN,VPROFILE,VPAVETYP,VSURCOND,VTRAFCON,VTCONT_F,P_CRASH1,P_CRASH2,P_CRASH3,PCRASH4,PCRASH5,ACC_TYPE,DEATHS,DR_DRINK
45,450017,1,1,1,9,1,15,38,9,0,1,0,45,3,23,481,23481,31,2007,J8DC4B165770,J,8,D,C,4,B,1,6,5,7,7,0,0,T,GMC,W45,TB,7,17,,4,1760,1090,4/5,D,,0,45,0327574,450327574,2,1,1,1,0,0,0,0,0,0,0,45,0,0,0,1,1,0,1,9,0,0,0,1,45,29036,6,1,6,0,3,3,69,210,0,0,0,1,0,8,2009,8,2009,0,0,0,0,0,1,2,55,1,1,2,1,0,0,1,83,1,1,1,13,0,0
45,450018,1,1,1,9,1,1,40,53,0,1,0,45,1,42,48,42048,4,2003,WDBUF70J33A2,W,D,B,U,F,7,0,J,3,3,A,2,0,P,MERZ,E50,4D,3,17,3695,,0,1123,,G,,0,0,000000000,00000000000,0,0,0,1,0,0,0,0,0,0,0,50,0,0,0,98,98,6,2,42,0,0,0,1,45,29061,6,1,0,0,3,0,80,190,0,0,0,0,0,0,0,0,0,1,0,0,0,0,1,2,35,1,1,2,1,0,0,1,13,1,1,4,1,1,1
45,450019,1,1,2,9,1,2,54,42,0,1,0,45,1,23,481,23481,31,1989,1GTDC14H7KE5,1,G,T,D,C,1,4,H,7,K,E,5,0,T,GMC,SC1,PK,89,17,,1,1315,1175,SIE,G,,0,0,000000000,00000000000,0,0,0,1,0,0,0,0,0,0,0,74,0,1,5,1,98,6,2,42,0,0,0,1,45,29745,6,1,0,0,3,0,69,175,0,0,0,1,0,7,2008,7,2008,1,8,0,0,0,1,2,99,4,1,2,1,0,0,14,13,1,9,4,1,2,1
45,450020,3,1,1,11,1,15,49,14,0,1,0,45,1,49,32,49032,4,2004,2T1BR32E54C3,2,T,1,B,R,3,2,E,5,4,C,3,0,P,TOYT,UCS,4D,4,17,2502,,0,1024,,G,,0,0,000000000,00000000000,0,0,0,1,0,0,0,0,0,0,0,75,0,0,0,12,12,6,2,14,0,0,0,1,45,29732,6,1,0,0,3,3,71,210,0,0,0,1,0,8,2008,8,2008,1,0,0,0,0,3,2,65,1,2,2,1,0,0,1,13,1,9,4,1,1,0
45,450021,1,2,1,11,1,18,55,12,2,1,0,45,1,12,461,12461,21,1997,1FDJS34F5VHB,1,F,D,J,S,3,4,F,5,V,H,B,0,T,FORD,S3V,EC,97,17,,2,0,1380,CVS,D,,0,0,000000000,00000000000,0,0,0,1,0,0,0,0,0,0,0,40,0,1,5,12,98,6,2,12,0,0,0,1,45,29072,6,1,0,0,3,0,70,285,0,0,0,0,0,0,0,0,0,0,0,0,0,0,1,2,45,1,1,2,1,0,0,1,54,1,1,1,52,0,0
45,450021,2,2,2,11,1,18,55,12,2,1,0,45,1,12,13,12013,4,1996,1FASP15J1TW1,1,F,A,S,P,1,5,J,1,T,W,1,0,P,FORD,LXE,SW,96,17,2444,,0,984,,G,,0,0,000000000,00000000000,0,0,0,1,0,0,0,0,0,0,0,60,0,0,0,12,12,6,2,12,0,0,0,1,45,29170,6,2,0,0,3,0,70,145,0,0,0,1,0,10,2009,10,2009,0,0,0,0,0,1,2,45,1,1,2,1,0,0,6,54,1,1,1,52,1,1
45,450022,1,1,1,11,1,22,15,34,0,1,0,45,1,49,40,49040,4,1997,4T1BG22K0VU7,4,T,1,B,G,2,2,K,0,V,U,7,0,P,TOYT,UEX,4D,97,17,2976,,0,1051,,G,,0,0,000000000,00000000000,0,0,0,1,0,0,0,0,0,0,0,70,0,1,5,12,12,6,2,32,0,0,0,1,45,29161,1,1,5,0,2,0,73,195,0,0,0,0,0,0,0,0,0,1,0,0,0,0,1,2,55,3,2,2,1,0,0,14,13,1,1,4,1,1,1
45,450023,1,2,1,11,1,18,50,12,6,1,0,45,1,7,472,7472,30,1994,1B7GL23X5RW1,1,B,7,G,L,2,3,X,5,R,W,1,0,T,DODG,DAK,PC,94,17,,1,0,1309,DAK,G,,0,0,000000000,00000000000,0,0,0,1,0,0,0,0,0,0,0,10,0,0,0,11,11,6,2,12,0,0,0,1,45,29142,6,1,0,0,3,3,69,136,0,0,0,1,0,6,2009,6,2009,0,38,0,0,0,1,2,55,1,1,2,1,20,3,4,17,1,1,1,89,1,0
45,450023,2,2,1,11,1,18,50,12,6,1,0,45,1,6,42,6042,4,1999,2C3HC56G1XH7,2,C,3,H,C,5,6,G,1,X,H,7,0,P,CHRY,LHS,4D,99,17,3492,,0,1130,,G,,0,0,000000000,00000000000,0,0,0,1,0,0,0,0,0,0,0,45,0,0,0,12,12,6,2,12,0,0,0,1,45,29142,6,1,0,0,3,3,66,150,0,2,0,0,0,7,2008,9,2009,0,0,0,0,0,1,2,55,1,1,2,1,20,3,1,66,1,1,1,88,0,0
45,450024,1,2,4,11,1,19,5,12,6,1,0,45,1,14,37,14037,4,1995,1MELM66L4SK6,1,M,E,L,M,6,6,L,4,S,K,6,0,P,MERC,MLY,4D,95,17,2873,,0,1065,,G,,0,0,000000000,00000000000,0,0,0,1,0,0,0,0,0,0,0,15,0,0,0,12,12,6,2,12,0,0,0,1,45,29302,6,1,0,0,3,0,69,200,0,0,0,0,0,0,0,0,0,0,38,0,0,0,1,2,45,1,2,2,1,20,3,1,17,1,1,1,88,1,0
45,450024,2,2,2,11,1,19,5,12,6,1,0,45,1,7,442,7442,20,2000,2B4GP45G6YR8,2,B,4,G,P,4,5,G,6,Y,R,8,0,P,DODG,CAR,SV,0,17,3772,,0,1133,,F,,0,0,000000000,00000000000,0,0,0,1,0,0,0,0,0,0,0,45,0,0,0,11,11,6,2,12,0,0,0,1,45,29322,6,1,0,0,3,0,70,220,0,0,0,3,0,5,2007,7,2008,0,0,0,0,0,1,2,45,1,2,1,1,20,3,1,66,1,1,1,89,0,0
45,450025,1,1,1,12,1,22,25,34,0,1,0,45,1,49,32,49032,4,2007,1NXBR32E57Z8,1,N,X,B,R,3,2,E,5,7,Z,8,0,P,TOYT,UCS,4D,7,17,2530,,0,1024,,G,,0,0,000000000,00000000000,0,0,0,1,0,0,0,0,0,0,0,90,0,1,2,12,98,6,2,1,0,0,0,1,45,29512,6,1,0,0,3,0,71,185,0,0,0,0,0,0,0,0,0,1,8,0,0,0,1,2,55,1,1,2,1,0,0,1,12,1,1,4,6,1,1
45,450026,1,1,1,12,1,16,50,19,0,1,0,45,1,49,472,49472,30,1995,JT4VN13D4S51,J,T,4,V,N,1,3,D,4,S,5,1,0,T,TOYT,XLX,PC,95,17,,1,0,1219,HTP,G,,0,0,000000000,00000000000,0,0,0,1,0,0,0,0,0,0,0,50,0,0,0,12,12,6,2,19,0,0,0,1,45,29697,6,1,0,0,3,3,69,210,0,0,0,0,0,0,0,0,0,0,0,0,0,0,2,4,55,1,1,2,1,0,0,1,98,1,1,4,98,1,1
45,450027,1,3,2,12,1,14,8,12,6,1,0,34,3,99,881,99881,63,2006,JNAPA80H06AR,J,N,A,P,A,8,0,H,0,6,A,R,0,T,UD,UD6,TB,6,17,,6,0,0,UDS,D,,0,34,654333,34654333,3,1,2,1,0,0,0,0,0,0,0,65,0,0,0,12,12,6,2,12,0,0,0,1,45,29334,6,1,6,0,3,0,71,230,0,0,0,2,0,4,2009,11,2009,1,39,0,0,0,3,4,45,1,1,2,1,3,3,1,17,1,1,1,86,0,0
45,450027,2,3,2,12,1,14,8,12,6,1,0,45,1,37,421,37421,15,2004,2HKYF18184H6,2,H,K,Y,F,1,8,1,8,4,H,6,0,P,HOND,PIL,UT,4,17,4387,,0,1063,,G,,0,0,000000000,00000000000,0,0,0,1,0,0,0,0,0,0,0,15,0,0,0,9,9,6,2,12,0,0,0,1,45,29661,6,1,0,0,3,3,61,187,0,0,0,0,0,0,0,0,0,0,0,0,0,0,3,4,45,1,1,2,1,3,3,1,66,1,1,1,98,1,0
45,450027,3,3,1,12,1,14,8,12,6,1,0,45,1,12,442,12442,20,2001,2FMZA52421BB,2,F,M,Z,A,5,2,4,2,1,B,B,0,T,FORD,WSE,ES,1,17,,1,0,1207,WIN,G,,0,0,000000000,00000000000,0,0,0,1,0,0,0,0,0,0,0,15,0,0,0,1,1,6,2,12,0,0,0,1,45,29690,6,1,0,0,3,3,66,191,0,0,0,0,0,0,0,0,0,0,0,0,0,0,3,4,45,1,1,2,1,3,3,1,66,1,1,1,87,0,0
45,450028,1,1,2,12,1,12,7,42,0,1,0,45,1,23,461,23461,21,2006,1GTFG15T2612,1,G,T,F,G,1,5,T,2,6,1,2,0,T,GMC,SA1,CG,6,17,,2,0,1350,SAV,G,,0,0,000000000,00000000000,0,0,0,1,0,0,0,0,0,0,0,60,0,0,0,12,12,6,2,42,0,0,0,1,45,29812,6,1,0,0,3,0,72,278,0,0,0,1,0,11,2007,11,2007,1,58,0,0,0,1,2,55,1,2,2,1,0,0,1,12,6,4,4,7,1,0
45,450029,1,2,2,13,1,9,4,12,2,1,0,45,2,59,36,59036,1,2002,JTHFN48Y4200,J,T,H,F,N,4,8,Y,4,2,0,0,0,P,LEXS,S43,CV,2,17,3840,,0,1031,,G,,0,0,000000000,00000000000,0,0,0,1,0,0,0,0,0,0,0,50,0,0,0,12,12,6,2,12,0,0,0,1,13,30319,6,1,0,0,3,0,77,235,98,2,1,0,0,7,2009,7,2009,0,0,0,0,0,1,2,50,1,1,2,1,0,0,1,62,1,1,1,51,0,0
45,450029,2,2,1,13,1,9,4,12,2,1,0,13,2,49,471,49471,30,1989,JT5VN94T5K00,J,T,5,V,N,9,4,T,5,K,0,0,0,T,TOYT,SLW,CB,89,17,,1,0,1370,CCH,G,,0,0,000000000,00000000000,0,0,0,1,0,0,0,0,0,0,0,45,0,0,0,12,12,6,2,12,0,0,0,1,13,31419,6,1,0,0,3,0,70,155,98,2,0,1,2,6,2007,1,2009,0,28,0,0,0,1,2,45,1,1,2,1,0,0,1,10,1,1,2,50,1,0
45,450030,1,2,1,15,1,7,54,12,6,1,0,45,1,49,482,49482,31,2006,5TBET341X6S5,5,T,B,E,T,3,4,1,X,6,S,5,0,T,TOYT,DBS,CW,6,17,,2,0,1283,TUN,G,,0,0,000000000,00000000000,0,0,0,1,0,0,0,0,0,0,0,35,0,0,0,12,12,6,2,12,0,0,0,1,45,29630,6,1,0,0,3,3,76,220,0,0,0,0,0,0,0,0,0,0,0,0,0,0,1,2,35,1,1,2,1,0,0,1,62,1,1,1,65,0,0
45,450030,2,2,2,15,1,7,54,12,6,1,0,45,1,24,5,24005,4,2000,1G8JU52F3YY7,1,G,8,J,U,5,2,F,3,Y,Y,7,0,P,STRN,LS1,4D,0,17,2998,,0,1065,,G,,0,0,000000000,00000000000,0,0,0,1,0,0,0,0,0,0,0,58,0,0,0,82,82,6,2,12,0,0,0,1,45,29657,6,1,0,0,3,0,60,110,0,0,0,4,0,1,2009,10,2009,1,0,0,0,0,1,2,35,1,1,2,1,0,0,1,10,1,4,2,64,2,0
45,450031,1,2,1,15,1,0,25,12,6,1,0,45,1,12,471,12471,30,1994,1FTCR14U6RTA,1,F,T,C,R,1,4,U,6,R,T,A,0,T,FORD,RNS,PC,94,17,,1,0,1250,RNG,G,,0,0,000000000,00000000000,0,0,0,1,0,0,0,0,0,0,0,63,0,0,0,12,12,6,2,12,0,0,0,1,45,29172,1,1,5,0,2,0,69,175,0,1,0,0,0,4,2009,4,2009,0,0,0,0,0,1,2,45,3,1,2,1,20,3,11,17,1,1,1,82,0,1
45,450031,2,2,2,15,1,0,25,12,6,1,0,45,1,14,401,14401,14,2000,4M2ZU66PXYUJ,4,M,2,Z,U,6,6,P,X,Y,U,J,0,P,MERC,MOU,UT,0,17,3845,,0,1116,,G,,0,0,000000000,00000000000,0,0,0,1,0,0,0,0,0,0,0,62,0,0,0,1,1,6,2,12,0,0,0,1,45,29115,6,1,0,0,3,0,72,174,0,1,0,2,0,10,2007,5,2008,0,0,0,0,0,1,2,45,4,1,1,1,0,0,14,78,1,1,1,83,1,0
45,450032,1,1,1,16,1,3,30,42,0,1,0,42,1,20,37,20037,4,2010,1G1ZA5EB2AF1,1,G,1,Z,A,5,E,B,2,A,F,1,0,P,CHEV,M/L,4D,10,17,3415,,0,1123,,G,,0,0,000000000,00000000000,0,0,0,1,0,0,0,0,0,0,0,112,0,0,0,12,12,6,2,42,0,0,0,1,42,18017,1,1,0,0,2,0,70,999,0,0,0,0,0,0,0,0,0,0,0,0,0,0,2,2,70,1,1,2,1,0,0,1,13,1,9,4,1,1,1
45,450033,1,1,1,19,1,20,12,8,0,1,0,45,1,12,471,12471,30,1995,1FTCR10A6SUB,1,F,T,C,R,1,0,A,6,S,U,B,0,T,FORD,RNG,PK,95,17,,1,1140,1080,RNG,G,,0,0,000000000,00000000000,0,0,0,1,0,0,0,0,0,0,0,35,0,0,0,12,12,2,1,8,0,0,0,1,45,29650,6,1,0,0,3,3,70,250,0,0,0,0,0,0,0,0,0,0,0,0,0,0,1,2,35,4,1,2,1,0,0,14,80,1,1,1,13,0,0
45,450034,1,2,1,20,1,13,24,12,1,1,0,45,2,42,401,42401,14,2001,4JGAB54E31A2,4,J,G,A,B,5,4,E,3,1,A,2,0,P,MERZ,ML3,UT,1,17,4586,,0,1110,,G,,0,0,000000000,00000000000,0,0,0,1,0,0,0,0,0,0,0,30,0,0,0,12,12,6,2,12,0,0,0,1,45,29650,6,1,0,0,3,3,69,285,0,0,0,0,0,0,0,0,0,1,0,0,0,0,3,3,40,1,2,2,1,3,3,1,50,4,1,1,20,1,0
45,450034,2,2,2,20,1,13,24,12,1,1,0,45,1,53,34,53034,4,2005,KL5JD56Z85K1,K,L,5,J,D,5,6,Z,8,5,K,1,0,P,SUZI,FZS,4D,5,17,2700,,0,1024,,G,,0,0,000000000,00000000000,0,0,0,1,0,0,0,0,0,0,0,0,0,0,0,6,6,6,2,12,0,0,0,1,45,29360,6,1,0,0,3,0,78,170,0,0,0,0,0,0,0,0,0,0,0,0,0,0,3,3,40,1,2,2,1,3,3,5,53,1,1,1,21,0,0
45,450035,1,2,2,21,1,15,5,12,6,1,0,55,1,12,16,12016,4,2004,2FAFP74W54X1,2,F,A,F,P,7,4,W,5,4,X,1,0,P,FORD,CVL,4D,4,17,4057,,0,1147,,G,,0,0,000000000,00000000000,0,0,0,1,0,0,0,0,0,0,0,50,0,0,0,12,12,6,2,12,0,0,0,1,55,53149,6,1,0,0,3,0,67,259,0,0,0,0,0,0,0,0,0,0,0,0,0,0,2,2,55,1,1,2,2,0,0,1,62,1,1,1,65,1,0
45,450035,2,2,2,21,1,15,5,12,6,1,0,45,2,23,481,23481,31,2005,1GTEC14XX5Z1,1,G,T,E,C,1,4,X,X,5,Z,1,0,T,GMC,NC1,PK,5,17,,2,1330,1190,SIE,G,,0,0,000000000,00000000000,0,0,0,1,0,0,0,0,0,0,0,50,0,0,0,3,12,6,2,12,0,0,0,1,45,29910,6,1,0,0,3,0,72,215,0,0,0,0,0,0,0,0,0,1,0,0,0,0,2,2,55,1,1,2,2,0,0,1,12,99,9,4,64,0,0
45,450036,1,2,1,21,1,14,36,12,6,1,0,45,3,84,881,84881,66,2007,2HSCNSCR17C4,2,H,S,C,N,S,C,R,1,7,C,4,1,T,INTL,94I,TR,7,17,,8,0,0,940,D,,1,45,0515595,450515595,3,6,1,1,0,0,0,0,0,0,0,20,0,0,0,9,9,0,1,12,0,0,0,1,45,29014,6,1,6,3,3,3,73,230,0,0,0,1,0,1,2008,1,2008,0,0,0,0,0,2,2,45,1,1,2,2,3,3,11,17,1,1,1,82,0,0
45,450036,2,2,1,21,1,14,36,12,6,1,0,45,1,49,46,49046,4,2008,JTDKB20U4833,J,T,D,K,B,2,0,U,4,8,3,3,0,P,TOYT,PRI,4H,8,17,2932,,0,1063,,B,,0,0,000000000,00000000000,0,0,0,1,0,0,0,0,0,0,0,999,0,0,0,12,12,6,2,12,0,0,0,1,45,29732,6,1,0,0,3,3,71,270,0,0,0,0,0,0,0,0,0,0,0,0,0,0,2,2,45,1,1,2,2,3,3,1,17,1,1,1,83,1,0
45,450037,1,1,1,21,1,7,35,1,0,1,0,45,1,52,401,52401,14,2002,JA4LS31R22J0,J,A,4,L,S,3,1,R,2,2,J,0,0,P,MITS,MNS,UT,2,17,3970,,0,1073,,G,,0,0,000000000,00000000000,0,0,0,1,0,0,0,0,0,0,0,55,0,1,5,0,81,6,2,1,0,0,0,1,45,29527,6,1,0,0,3,0,66,185,1,0,0,0,1,1,2009,1,2009,0,58,0,0,0,2,2,60,1,1,2,1,0,0,1,12,7,4,4,2,1,0
45,450038,1,1,4,22,1,18,25,8,0,1,0,45,1,6,441,6441,20,2005,2C4GP44R05R2,2,C,4,G,P,4,4,R,0,5,R,2,0,T,CHRY,TLX,ES,5,17,4121,1,0,1193,TWC,G,,0,0,000000000,00000000000,0,0,0,1,0,0,0,0,0,0,0,40,0,0,0,12,12,2,1,8,0,0,0,1,45,29229,6,1,0,0,3,0,71,215,1,0,0,0,0,2,2008,2,2008,0,0,0,0,0,1,2,45,1,1,2,1,0,0,1,80,1,1,1,13,0,0
45,450039,1,2,2,22,1,20,28,12,2,1,0,17,3,85,881,85881,66,2007,1XKADU9X57J1,1,X,K,A,D,U,9,X,5,7,J,1,1,T,KW,T60,TR,7,17,,8,2600,1600,CON,D,,1,1,0241572,010241572,3,6,3,1,0,0,0,0,0,0,0,35,0,0,0,12,12,6,2,12,0,0,0,1,1,36521,6,1,6,3,3,0,71,280,0,0,0,0,0,0,0,0,0,0,0,0,0,0,1,2,55,2,1,2,1,0,0,14,62,7,1,1,51,0,0
45,450039,2,2,1,22,1,20,28,12,2,1,0,45,1,21,3,21003,4,1995,1G3HN52KXS48,1,G,3,H,N,5,2,K,X,S,4,8,0,P,OLDS,88R,4D,95,17,3439,,0,1108,,G,,0,0,000000000,00000000000,0,0,0,1,0,0,0,0,0,0,0,55,0,0,0,12,12,6,2,12,0,0,0,1,45,29432,1,1,5,0,2,0,63,145,1,0,0,0,0,5,2009,5,2009,0,28,0,0,0,2,2,55,2,1,2,1,0,0,14,10,1,1,2,50,1,0
45,450040,1,2,1,22,1,6,45,12,2,1,0,45,1,2,403,2403,14,2000,1J4FA59S1YP7,1,J,4,F,A,5,9,S,1,Y,P,7,0,T,JEEP,SAW,2W,0,17,,1,0,934,W/T,G,,0,0,000000000,00000000000,0,0,0,1,0,0,0,0,0,0,0,999,0,0,0,12,9,6,2,12,0,0,0,1,45,29621,6,1,0,0,3,0,67,125,1,0,0,1,0,3,2008,3,2008,0,51,0,0,0,1,2,45,1,1,2,2,0,0,11,15,1,1,1,68,0,0
45,450040,2,2,1,22,1,6,45,12,2,1,0,45,2,12,471,12471,30,1986,1FTBR10T9GUD,1,F,T,B,R,1,0,T,9,G,U,D,0,T,FORD,RNG,PK,86,17,,1,1140,1080,RNG,G,,0,0,000000000,00000000000,0,0,0,1,0,0,0,0,0,0,0,999,0,0,0,12,12,6,2,12,0,0,0,1,45,29621,6,1,0,0,3,0,69,160,1,0,0,1,1,7,2007,3,2008,0,0,0,0,0,1,2,45,1,1,2,2,0,0,1,17,1,1,1,69,1,1
45,450041,1,1,1,24,1,23,43,34,0,1,0,45,2,55,33,55033,4,2005,KMHWF25S05A1,K,M,H,W,F,2,5,S,0,5,A,1,0,P,HYUN,SOL,4D,5,17,3181,,0,1063,,G,,0,0,000000000,00000000000,0,0,0,1,0,0,0,0,0,0,0,50,0,1,2,12,98,6,2,1,0,0,0,1,45,29940,6,1,0,0,3,0,70,140,1,0,0,5,3,4,2008,12,2009,0,58,0,0,0,1,2,35,1,1,2,2,0,0,1,13,6,4,4,7,1,1
45,450042,1,1,1,27,1,18,15,34,0,1,0,45,1,41,441,41441,20,1998,JM3LV5223W08,J,M,3,L,V,5,2,2,3,W,0,8,0,P,MAZD,MWG,SV,98,17,3730,,0,1104,,G,,0,0,000000000,00000000000,0,0,0,1,0,0,0,0,0,0,0,45,0,1,2,98,98,6,2,1,0,0,0,1,45,29115,6,1,0,0,3,3,68,150,0,0,0,0,0,0,0,0,0,0,58,0,0,0,1,2,45,1,1,2,1,0,0,1,12,6,4,4,7,1,1
45,450043,1,2,7,27,1,7,5,12,6,1,0,45,3,12,461,12461,21,1994,1FBJS31H3RHB,1,F,B,J,S,3,1,H,3,R,H,B,0,T,FORD,CS3,ES,94,17,,2,0,1380,CWS,G,,0,0,000000000,00000000000,0,0,0,1,0,0,0,0,0,0,0,10,0,1,9,3,3,6,2,12,0,0,0,1,13,29488,1,1,3,0,2,0,64,180,98,2,0,1,0,3,2007,10,2008,0,38,0,0,0,2,2,55,1,1,2,1,0,0,4,17,1,1,1,87,3,0
45,450043,2,2,1,27,1,7,5,12,6,1,0,45,3,85,881,85881,66,2004,1XKDDB9X34J0,1,X,K,D,D,B,9,X,3,4,J,0,1,T,KW,T80,TR,4,17,,8,2600,1600,CON,D,,1,57,1182656,571182656,3,6,8,1,0,0,0,0,0,0,0,44,0,1,9,12,12,6,2,12,0,0,0,1,45,29475,6,1,6,0,3,0,71,220,1,0,0,2,0,5,2008,11,2009,0,0,0,0,0,2,2,55,1,1,2,1,0,0,1,17,1,1,1,86,0,0
45,450044,1,2,1,27,1,23,59,12,6,1,0,45,2,12,481,12481,31,1999,1FTRX18W8XNA,1,F,T,R,X,1,8,W,8,X,N,A,0,T,FORD,F15,4C,99,17,,2,1574,1388,COF,G,,0,0,000000000,00000000000,0,0,0,1,0,0,0,0,0,0,0,3,0,0,0,11,11,6,2,12,0,0,0,1,45,29651,6,1,0,0,3,0,71,250,0,0,0,0,0,0,0,0,0,0,0,0,0,0,2,2,45,1,1,2,1,3,3,98,66,1,1,1,89,1,0
45,450044,2,2,1,27,1,23,59,12,6,1,0,45,1,22,20,22020,4,2005,2G2WP5224512,2,G,2,W,P,5,2,2,4,5,1,2,0,P,PONT,GRA,4D,5,17,3477,,0,1105,,G,,0,0,000000000,00000000000,0,0,0,1,0,0,0,0,0,0,0,64,0,0,0,1,1,6,2,12,0,0,0,1,45,29687,6,1,0,0,3,0,70,210,0,1,1,0,0,1,2009,1,2009,1,39,38,0,0,2,2,45,1,1,2,1,3,3,1,17,1,1,1,88,0,0
45,450045,1,2,1,27,1,20,12,12,1,1,0,45,1,12,401,12401,14,2005,1FMZU64K75UA,1,F,M,Z,U,6,4,K,7,5,U,A,0,P,FORD,EPR,UT,5,17,4094,,0,1137,,F,,0,0,000000000,00000000000,0,0,0,1,0,0,0,0,0,0,0,60,0,0,0,12,12,6,2,12,0,0,0,1,45,29505,6,1,6,0,3,3,66,145,1,0,0,0,0,8,2007,8,2007,0,26,0,0,0,1,2,40,1,1,2,1,3,3,1,51,1,1,1,24,1,0
45,450045,2,2,1,27,1,20,12,12,1,1,0,45,1,51,881,51881,66,1997,4V4WDBCG5VN7,4,V,4,W,D,B,C,G,5,V,N,7,1,T,VOLV,WIA,TR,97,17,,8,0,0,ARO,D,,1,45,1669940,451669940,3,6,3,1,0,0,0,0,0,0,0,25,0,0,0,6,6,2,1,12,0,0,0,1,45,29540,6,1,6,0,3,0,68,250,0,0,0,1,0,10,2008,10,2008,0,0,0,0,0,1,2,40,1,1,2,1,3,3,1,53,1,1,1,25,0,0
45,450046,1,2,1,28,1,15,6,12,6,1,0,45,1,82,881,82881,66,2000,1FUYDSEB3YLG,1,F,U,Y,D,S,E,B,3,Y,L,G,1,T,FRHT,FLD,TR,0,17,,8,0,0,CON,D,,1,45,1207485,451207485,3,6,8,1,0,0,0,0,0,0,0,55,0,0,0,12,12,6,2,2,0,0,1,1,45,29556,6,1,6,0,3,0,70,175,1,0,0,0,1,11,2009,11,2009,0,0,0,0,0,1,2,55,1,2,2,1,20,3,1,66,1,1,1,86,0,0
45,450046,2,2,1,28,1,15,6,12,6,1,0,45,1,20,16,20016,4,1993,1G1JC5443P71,1,G,1,J,C,5,4,4,3,P,7,1,0,P,CHEV,CRV,4D,93,17,2509,,0,1013,,G,,0,0,000000000,00000000000,0,0,0,1,0,0,0,0,0,0,0,15,0,0,0,1,2,6,2,12,0,0,0,1,45,29590,6,1,0,0,3,3,65,145,0,0,0,0,0,0,0,0,0,0,38,0,0,0,1,2,55,1,2,2,1,20,3,1,17,1,1,1,87,1,0
45,450047,1,2,1,29,1,15,20,12,2,1,0,45,1,20,481,20481,31,1969,CE149A808352,C,E,1,4,9,A,8,0,8,3,5,2,0,P,,,,,17,,,,,,,,0,0,000000000,00000000000,0,0,0,1,0,0,0,0,0,0,0,45,0,0,0,12,12,6,2,12,0,0,0,1,45,29720,6,1,0,0,3,0,69,205,0,0,0,0,0,0,0,0,0,0,0,0,0,0,1,2,45,1,1,2,1,0,0,1,62,1,1,1,51,0,0
45,450047,2,2,2,29,1,15,20,12,2,1,0,45,1,12,33,12033,3,1993,KNJPT05H7P61,K,N,J,P,T,0,5,H,7,P,6,1,0,P,FORD,FEL,2H,93,17,1797,,0,902,,G,,0,0,000000000,00000000000,0,0,0,1,0,0,0,0,0,0,0,45,0,0,0,12,12,6,2,12,0,0,0,1,45,29720,6,1,0,0,3,0,71,290,0,1,0,0,0,7,2007,7,2007,0,51,0,0,0,1,2,45,1,1,2,1,0,0,1,10,1,1,2,50,1,0
45,450048,1,2,4,29,1,21,10,12,6,1,0,37,2,23,461,23461,21,1997,1GDFG15R1V10,1,G,D,F,G,1,5,R,1,V,1,0,0,T,GMC,SV1,IC,97,17,,2,0,1350,S/V,G,,0,0,000000000,00000000000,0,0,0,1,0,0,0,0,0,0,0,50,0,0,0,12,12,6,2,12,0,0,0,1,53,98203,6,1,0,0,3,0,999,999,99,99,99,99,99,99,9999,99,9999,0,0,0,0,0,2,2,50,4,2,2,1,21,3,14,62,1,1,1,69,3,1
45,450048,2,2,1,29,1,21,10,12,6,1,0,95,1,87,881,87881,66,2000,1XP5DB9X8YN5,1,X,P,5,D,B,9,X,8,Y,N,5,1,T,PTRB,379,TR,0,17,,8,0,0,CON,D,,1,95,0783060,950783060,3,6,1,1,0,0,0,0,0,0,0,15,0,0,0,1,1,6,2,12,0,0,0,1,95,0,6,1,6,0,3,0,999,999,99,99,99,99,99,99,9999,99,9999,0,38,0,0,0,2,2,50,4,2,2,1,21,3,11,15,1,1,1,68,0,0