STATE,ST_CASE,VEH_NO,VE_FORMS,NUMOCCS,DAY,MONTH,HOUR,MINUTE,HARM_EV,MAN_COLL,UNITTYPE,HIT_RUN,REG_STAT,OWNER,MAKE,MODEL,MAK_MOD,BODY_TYP,MOD_YEAR,VIN,VIN_1,VIN_2,VIN_3,VIN_4,VIN_5,VIN_6,VIN_7,VIN_8,VIN_9,VIN_10,VIN_11,VIN_12,TOW_VEH,VINTYPE,VINMAKE,VINA_MOD,VIN_BT,VINMODYR,VIN_LNGT,VIN_WGT,WGTCD_TR,WHLBS_LG,WHLBS_SH,SER_TR,FUELCODE,MCYCL_DS,J_KNIFE,MCARR_I1,MCARR_I2,MCARR_ID,GVWR,V_CONFIG,CARGO_BT,HAZ_INV,HAZ_PLAC,HAZ_ID,HAZ_CNO,HAZ_REL,BUS_USE,SPEC_USE,EMER_USE,TRAV_SP,UNDERIDE,ROLLOVER,ROLINLOC,IMPACT1,IMPACT2,DEFORMED,TOWED,M_HARM,VEH_SC1,VEH_SC2,FIRE_EXP,DR_PRES,L_STATE,DR_ZIP,L_STATUS,L_TYPE,CDL_STAT,L_ENDORS,L_COMPL,L_RESTRI,DR_HGT,DR_WGT,PREV_ACC,PREV_SUS,PREV_DWI,PREV_SPD,PREV_OTH,FIRST_MO,FIRST_YR,LAST_MO,LAST_YR,SPEEDREL,DR_SF1,DR_SF2,DR_SF3,DR_SF4,VTRAFWAY,VNUM_LAN,VSPD_LIM,VALIGN,VPROFILE,VPAVETYP,VSURCOND,VTRAFCON,VTCONT_F,P_CRASH1,P_CRASH2,P_CRASH3,PCRASH4,PCRASH5,ACC_TYPE,DEATHS,DR_DRINK
45,450192,1,2,1,26,4,12,35,12,2,1,0,45,1,37,706,37706,80,1982,1HFSC0211CA2,1,H,F,S,C,0,2,1,1,C,A,2,0,M,HOND,G1I,RS,82,17,,,,,,,1085,0,0,000000000,00000000000,0,0,0,1,0,0,0,0,0,0,0,55,0,0,0,12,12,6,2,12,0,0,0,1,45,29388,1,1,5,0,2,0,71,190,0,2,0,0,0,7,2009,8,2009,0,0,0,0,0,2,2,55,1,1,2,1,20,3,6,17,1,1,2,50,1,1
45,450192,2,2,4,26,4,12,35,12,2,1,0,45,2,20,2,20002,4,2007,2G1WT58NX792,2,G,1,W,T,5,8,N,X,7,9,2,0,P,CHEV,IMT,4D,7,17,3674,,0,1105,,G,,0,0,000000000,00000000000,0,0,0,1,0,0,0,0,0,0,0,55,0,0,0,12,12,6,2,12,0,0,0,1,45,29053,6,1,0,0,3,0,68,195,0,0,0,1,0,12,2008,12,2008,0,0,0,0,0,2,2,55,1,1,2,1,20,3,1,17,1,1,1,51,0,0
45,450193,1,1,1,26,4,1,15,35,0,1,0,45,1,23,471,23471,30,1998,1GTCT19X5W85,1,G,T,C,T,1,9,X,5,W,8,5,0,T,GMC,SON,PC,98,17,,1,0,1229,SON,G,,0,0,000000000,00000000000,0,0,0,1,0,0,0,0,0,0,0,60,0,0,0,12,12,6,2,35,0,0,0,1,45,29036,6,1,0,0,3,0,70,185,0,0,0,0,0,0,0,0,0,0,0,0,0,0,1,2,45,1,1,2,1,20,3,1,14,1,1,4,14,1,1
45,450194,1,1,1,27,4,15,42,9,0,1,0,37,1,82,881,82881,66,1995,1FUYDZYB7SH8,1,F,U,Y,D,Z,Y,B,7,S,H,8,1,T,FRHT,FLD,TR,95,17,,8,0,0,CON,D,,1,37,1332164,371332164,3,6,9,1,0,0,0,0,0,0,0,40,0,0,0,10,10,0,1,9,0,0,0,1,37,28396,6,1,6,3,3,0,73,999,0,1,0,1,1,5,2007,3,2010,0,0,0,0,0,2,2,45,1,1,2,1,0,0,1,84,1,1,1,13,0,0
45,450195,1,1,1,27,4,8,40,42,0,1,0,45,1,37,32,37032,4,2002,1HGCG22552A0,1,H,G,C,G,2,2,5,5,2,A,0,0,P,HOND,UEX,CP,2,17,3283,,0,1051,,G,,0,0,000000000,00000000000,0,0,0,1,0,0,0,0,0,0,0,65,0,1,5,1,1,6,2,42,0,0,0,1,45,29550,6,1,0,0,3,3,67,260,0,0,0,3,1,5,2008,3,2010,1,28,0,0,0,1,2,55,1,1,2,1,0,0,1,12,1,1,4,6,1,0
45,450196,1,1,4,28,4,7,4,1,0,1,0,45,1,49,472,49472,30,1996,JT4UN24D6T00,J,T,4,U,N,2,4,D,6,T,0,0,0,T,TOYT,TX5,PC,96,17,,1,0,1218,T10,G,,0,0,000000000,00000000000,0,0,0,1,0,0,0,0,0,0,0,52,0,1,3,0,0,6,2,1,0,0,0,1,45,29160,6,1,0,0,3,0,73,225,0,0,0,1,0,11,2007,11,2007,0,0,0,0,0,2,2,55,1,2,2,1,0,0,1,12,1,1,4,6,1,0
45,450197,1,1,2,29,4,20,10,1,0,1,0,45,2,49,40,49040,4,2000,4T1BG22K3YU9,4,T,1,B,G,2,2,K,3,Y,U,9,0,P,TOYT,UEX,4D,0,17,2998,,0,1051,,G,,0,0,000000000,00000000000,0,0,0,1,0,0,0,0,0,0,0,70,0,1,5,0,12,6,2,1,0,0,0,1,45,29115,6,1,0,0,3,0,69,165,0,1,0,0,0,10,2007,10,2007,1,28,58,0,0,1,2,45,1,1,2,1,0,0,1,12,1,1,4,1,1,1
45,450198,1,1,3,30,4,15,5,42,0,1,0,12,2,18,2,18002,4,2001,1G4HP54KX142,1,G,4,H,P,5,4,K,X,1,4,2,0,P,BUIC,LCF,4D,1,17,3567,,0,1122,,G,,0,0,000000000,00000000000,0,0,0,1,0,0,0,0,0,0,0,46,0,0,0,9,9,6,2,42,0,0,0,1,45,29654,6,1,0,0,3,0,66,158,1,0,0,0,0,4,2010,4,2010,0,80,0,0,0,1,2,50,1,1,2,1,0,0,1,1,1,1,4,1,1,0
45,450199,1,1,1,30,4,16,25,35,0,1,0,45,1,12,481,12481,31,1997,1FTDX08W8VKB,1,F,T,D,X,0,8,W,8,V,K,B,0,T,FORD,F15,3C,97,17,,1,0,1390,COF,G,,0,0,000000000,00000000000,0,0,0,1,0,0,0,0,0,0,0,60,0,1,5,12,12,6,2,1,0,0,0,1,45,29169,0,0,0,0,0,0,999,999,99,99,99,99,99,99,9999,99,9999,0,0,0,0,0,1,2,45,2,2,2,1,0,0,14,13,1,1,4,1,1,1
45,450200,1,2,1,30,4,22,48,12,6,1,0,45,1,35,43,35043,4,2000,3N1CB51A7YL3,3,N,1,C,B,5,1,A,7,Y,L,3,0,P,NISS,SXG,4D,0,17,2455,,0,998,,G,,0,0,000000000,00000000000,0,0,0,1,0,0,0,0,0,0,0,15,0,0,0,2,2,6,2,12,0,0,0,1,45,29611,1,1,5,0,2,0,67,200,1,3,0,0,1,2,2009,3,2010,0,38,0,0,0,2,2,40,1,2,2,1,3,3,11,17,1,1,2,68,0,0
45,450200,2,2,1,30,4,22,48,12,6,1,0,45,1,98,709,98709,81,9999,999999999999,9,9,9,9,9,9,9,9,9,9,9,9,0,U,,,,9,17,,,,,,,,0,0,000000000,00000000000,0,0,0,1,0,0,0,0,0,0,0,40,0,0,0,12,12,6,2,12,0,0,0,1,45,29601,6,1,0,0,3,0,75,180,0,0,0,0,1,2,2009,2,2009,0,0,0,0,0,2,2,40,1,2,2,1,3,3,1,17,1,1,2,69,1,0
45,450201,1,1,3,7,2,22,30,53,0,1,0,45,1,12,422,12422,15,2001,1FMRU17W61LB,1,F,M,R,U,1,7,W,6,1,L,B,0,P,FORD,EPT,UT,1,17,4886,,0,1191,,G,,0,0,000000000,00000000000,0,0,0,1,0,0,0,0,0,0,0,90,0,0,0,12,2,6,2,2,0,0,1,1,45,29130,1,1,5,0,2,0,74,170,0,1,0,0,0,8,2008,8,2008,0,0,0,0,0,1,2,55,1,1,2,1,0,0,1,8,1,3,4,2,1,1
45,450202,1,1,1,7,3,17,0,53,0,1,0,45,1,72,706,72706,80,1983,999999999999,9,9,9,9,9,9,9,9,9,9,9,9,0,U,,,,9,17,,,,,,,,0,0,000000000,00000000000,0,0,0,1,0,0,0,0,0,0,0,59,0,0,0,12,12,6,2,32,0,0,0,1,45,29745,6,1,0,0,3,0,65,130,0,0,0,0,1,10,2007,10,2007,0,28,0,0,0,1,2,45,1,3,2,1,0,0,1,8,1,3,4,2,1,1
45,450203,1,2,1,23,3,14,40,12,2,1,0,45,3,23,471,23471,30,2002,1GTCS1456281,1,G,T,C,S,1,4,5,6,2,8,1,0,T,GMC,SON,PK,2,17,,1,0,1083,SON,F,,0,0,000000000,00000000000,0,0,0,1,0,0,0,0,0,0,0,45,0,1,1,12,12,6,2,12,0,0,0,1,45,29483,6,1,0,0,3,0,69,165,1,0,0,0,0,2,2010,2,2010,0,28,0,0,0,1,2,45,1,1,2,1,0,0,1,54,1,1,2,50,0,0
45,450203,2,2,1,23,3,14,40,12,2,1,0,45,1,37,31,37031,4,1999,1HGEJ6674XL0,1,H,G,E,J,6,6,7,4,X,L,0,0,P,HOND,UCL,4D,99,17,2456,,0,1032,,G,,0,0,000000000,00000000000,0,0,0,1,0,0,0,0,0,0,0,45,0,0,0,12,12,6,2,12,0,0,0,1,45,29406,6,1,0,0,3,3,65,175,0,0,0,1,1,7,2007,5,2008,0,0,0,0,0,1,2,45,1,1,2,1,0,0,1,62,1,2,1,51,1,0
45,450204,1,1,2,31,3,20,45,35,0,1,0,45,3,23,481,23481,31,2005,1GTHC23U85F8,1,G,T,H,C,2,3,U,8,5,F,8,0,T,GMC,2CH,CW,5,17,,2,1670,1530,SIE,G,,0,0,000000000,00000000000,0,0,0,1,0,0,0,0,0,0,0,63,0,1,5,12,12,6,2,1,0,0,0,1,45,29340,9,9,99,9,9,9,999,999,99,99,99,99,99,99,9999,99,9999,0,0,0,0,0,1,2,55,1,1,2,1,0,0,1,13,1,1,4,1,1,1
45,450205,1,2,2,26,2,9,16,12,6,1,0,13,1,21,3,21003,4,1989,1G3CV54C9K43,1,G,3,C,V,5,4,C,9,K,4,3,0,P,OLDS,98T,4D,89,17,3358,,0,1108,,G,,0,0,000000000,00000000000,0,0,0,1,0,0,0,0,0,0,0,30,0,0,0,12,12,6,2,12,0,0,0,1,13,30904,6,1,0,0,3,0,70,140,98,0,0,0,2,1,2008,7,2008,0,0,0,0,0,2,3,45,1,2,2,1,0,0,1,17,1,1,1,86,1,0
45,450205,2,2,1,26,2,9,16,12,6,1,0,45,3,20,481,20481,31,2000,1GBJC34R0YF4,1,G,B,J,C,3,4,R,0,Y,F,4,0,T,CHEV,GC3,CB,0,17,,3,1595,1315,GM4,G,,0,0,000000000,00000000000,0,0,0,1,0,0,0,0,0,0,0,22,0,0,0,3,3,2,1,12,0,0,0,1,45,29842,6,1,0,0,3,0,66,140,0,0,0,0,0,0,0,0,0,0,38,0,0,0,2,3,45,1,2,2,1,0,0,1,17,1,1,1,87,0,0
45,450206,1,2,2,3,4,14,25,12,1,1,0,45,1,37,401,37401,14,1998,4S6CM58W6W44,4,S,6,C,M,5,8,W,6,W,4,4,0,P,HOND,PAS,UT,98,17,3740,,0,1064,,G,,0,0,000000000,00000000000,0,0,0,1,0,0,0,0,0,0,0,70,0,1,5,12,12,6,2,12,0,0,0,1,45,29369,6,1,0,0,3,0,63,155,1,0,0,0,0,3,2010,3,2010,0,8,0,0,0,1,2,45,1,1,2,1,0,0,6,11,1,1,2,24,1,0
45,450206,2,2,2,3,4,14,25,12,1,1,0,45,1,12,401,12401,14,1998,1FMZU34E4WUB,1,F,M,Z,U,3,4,E,4,W,U,B,0,P,FORD,EPR,UT,98,17,4146,,0,1115,,G,,0,0,000000000,00000000000,0,0,0,1,0,0,0,0,0,0,0,45,0,1,1,6,6,6,2,12,0,0,0,1,45,29349,6,1,0,0,3,0,73,200,0,0,0,0,1,5,2007,5,2007,0,0,0,0,0,1,2,45,1,1,2,1,0,0,1,53,1,1,2,25,0,0
45,450207,1,1,1,4,4,11,30,42,0,1,0,45,1,12,35,12035,4,1999,1FAFP663XXK2,1,F,A,F,P,6,6,3,X,X,K,2,0,P,FORD,CSE,4D,99,17,2774,,0,1065,,G,,0,0,000000000,00000000000,0,0,0,1,0,0,0,0,0,0,0,10,0,0,0,12,12,6,2,42,0,0,0,1,45,29687,6,1,0,0,3,3,63,140,0,0,0,0,0,0,0,0,0,0,0,0,0,0,1,2,10,1,1,2,1,0,0,1,13,1,1,4,1,1,0
45,450208,1,1,5,18,4,4,11,1,0,1,0,45,1,23,401,23401,14,1994,1GKCS13W0R05,1,G,K,C,S,1,3,W,0,R,0,5,0,T,GMC,SJI,4W,94,17,,1,0,1070,S15,G,,0,0,000000000,00000000000,0,0,0,1,0,0,0,0,0,0,0,75,0,1,3,0,0,6,2,1,0,0,0,1,45,29449,6,1,0,0,3,0,67,150,1,0,0,0,0,7,2009,7,2009,0,8,0,0,0,2,2,50,4,1,2,1,0,0,14,10,1,1,4,6,1,1
45,450209,1,1,2,24,4,12,50,42,0,1,0,45,1,54,31,54031,3,1995,JH4DC4354SS0,J,H,4,D,C,4,3,5,4,S,S,0,0,P,ACUR,ILS,2H,95,17,2572,,0,1012,,G,,0,0,000000000,00000000000,0,0,0,1,0,0,0,0,0,0,0,76,0,0,0,2,2,6,2,42,0,0,0,1,45,29067,6,1,0,0,3,0,67,160,0,0,1,1,1,10,2009,2,2010,1,0,0,0,0,1,2,55,2,1,2,2,0,0,14,13,1,1,4,1,1,0
45,450210,1,1,1,25,4,19,9,11,0,1,0,45,1,37,705,37705,80,2001,JH2RC44001K5,J,H,2,R,C,4,4,0,0,1,K,5,0,M,HOND,T7D,RS,1,17,,,,,,,745,0,0,000000000,00000000000,0,0,0,1,0,0,0,0,0,0,0,35,0,0,0,12,12,6,2,34,0,0,0,1,45,29388,6,1,0,0,3,3,72,190,0,0,0,1,0,1,2009,1,2009,0,83,0,0,0,1,2,35,2,2,2,1,0,0,14,87,1,1,2,13,1,0
45,450211,1,1,1,18,3,23,55,42,0,1,0,45,1,12,471,12471,30,1987,1FTCR15T3HPB,1,F,T,C,R,1,5,T,3,H,P,B,0,T,FORD,RNS,PS,87,17,,1,0,1250,RNG,G,,0,0,000000000,00000000000,0,0,0,1,0,0,0,0,0,0,0,50,0,1,5,12,12,6,2,2,0,0,1,1,45,29070,1,1,5,0,2,0,67,220,1,0,0,0,1,6,2009,6,2009,1,0,0,0,0,1,2,35,3,1,2,1,0,0,14,12,1,1,4,6,1,1
45,450212,1,1,1,27,3,1,0,42,0,1,0,45,1,37,704,37704,80,2000,JH2PC2131YM0,J,H,2,P,C,2,1,3,1,Y,M,0,0,M,HOND,VCD,RS,0,17,,,,,,,583,0,0,000000000,00000000000,0,0,0,1,0,0,0,0,0,0,0,65,0,0,0,12,12,6,2,42,0,0,0,1,45,29073,6,1,0,0,3,0,72,180,0,0,0,1,0,8,2009,8,2009,0,0,0,0,0,2,2,45,2,2,2,1,0,0,14,13,1,1,4,1,1,1
45,450213,1,1,1,28,3,18,5,42,0,1,0,37,1,12,471,12471,30,2002,1FTYR14U72TA,1,F,T,Y,R,1,4,U,7,2,T,A,0,T,FORD,RNS,PS,2,17,,1,0,1257,RNG,G,,0,0,000000000,00000000000,0,0,0,1,0,0,0,0,0,0,0,70,0,0,0,5,5,6,2,42,0,0,0,1,37,28472,6,1,0,0,3,0,72,999,0,0,0,0,0,0,0,0,0,0,80,0,0,0,2,2,70,1,1,2,2,0,0,1,12,1,1,4,6,1,0
45,450214,1,1,5,18,4,18,31,34,0,1,0,37,2,37,31,37031,4,1993,JHMEG8656PS0,J,H,M,E,G,8,6,5,6,P,S,0,0,P,HOND,CLX,4D,93,17,2319,,0,1013,,G,,0,0,000000000,00000000000,0,0,0,1,0,0,0,0,0,0,0,79,0,1,5,12,12,6,2,1,0,0,0,1,37,28348,6,1,0,0,3,0,67,999,1,3,0,3,4,3,2008,12,2009,1,0,0,0,0,2,2,55,1,1,2,1,0,0,1,12,8,4,4,7,1,0
45,450215,1,1,1,20,4,13,58,42,0,1,0,45,1,35,50,35050,4,2008,3N1BC11E28L3,3,N,1,B,C,1,1,E,2,8,L,3,0,P,NISS,VSL,4D,8,17,2627,,0,1024,,G,,0,0,000000000,00000000000,0,0,0,1,0,0,0,0,0,0,0,65,0,0,0,12,12,6,2,42,0,0,0,1,45,29325,6,1,0,0,3,3,72,195,0,0,0,0,0,0,0,0,0,1,0,0,0,0,1,2,55,4,1,2,2,0,0,14,12,1,1,4,6,1,0
45,450216,1,2,1,27,4,11,25,12,2,1,0,45,1,20,441,20441,20,1993,1GNDM19W8PB1,1,G,N,D,M,1,9,W,8,P,B,1,0,T,CHEV,AST,ES,93,17,,1,0,1110,AST,G,,0,0,000000000,00000000000,0,0,0,1,0,0,0,0,0,0,0,55,0,0,0,12,12,6,2,12,0,0,0,1,45,29101,6,1,0,0,3,0,69,155,0,0,0,0,0,0,0,0,0,0,51,0,0,0,1,2,55,1,1,2,1,0,0,1,54,1,1,2,50,1,1
45,450216,2,2,1,27,4,11,25,12,2,1,0,13,3,82,881,82881,66,2002,1FUJA6CG62LJ,1,F,U,J,A,6,C,G,6,2,L,J,1,T,FRHT,COL,TR,2,17,,8,0,0,CON,D,,1,13,0325836,130325836,3,6,1,1,0,0,0,0,0,0,0,55,0,0,0,12,12,6,2,12,0,0,0,1,13,30477,6,1,6,3,3,0,66,220,98,0,0,0,0,0,0,0,0,0,0,0,0,0,1,2,55,1,1,2,1,0,0,1,62,1,1,1,51,0,0
45,450217,1,2,1,30,4,11,5,12,6,1,0,45,1,37,32,37032,4,1991,1HGCB7664MA0,1,H,G,C,B,7,6,6,4,M,A,0,0,P,HOND,AER,4D,91,17,2923,,0,1071,,G,,0,0,000000000,00000000000,0,0,0,1,0,0,0,0,0,0,0,45,0,0,0,12,2,6,2,12,0,0,0,1,45,29468,6,1,0,0,3,3,62,187,0,0,0,1,0,8,2009,8,2009,0,0,0,0,0,1,2,45,1,2,2,1,0,0,1,17,1,1,1,86,1,0
45,450217,2,2,1,30,4,11,5,12,6,1,0,45,3,23,881,23881,63,1994,1GDM7H1JXRJ5,1,G,D,M,7,H,1,J,X,R,J,5,1,T,GMC,C7H,CC,94,17,,7,2610,1440,TOP,D,,1,99,999999999,99999999999,3,1,4,1,0,0,0,0,0,0,0,10,0,0,0,3,3,6,2,12,0,0,0,1,45,29461,6,1,6,0,3,3,71,210,0,0,0,0,0,0,0,0,0,0,38,0,0,0,1,2,45,1,2,2,1,0,0,1,17,1,1,1,87,0,0
45,450218,1,1,1,1,4,19,45,33,0,1,0,45,1,72,706,72706,80,1996,1HD1BLL10TY0,1,H,D,1,B,L,L,1,0,T,Y,0,0,M,HD,XST,RS,96,17,,,,,,,1340,0,0,000000000,00000000000,0,0,0,1,0,0,0,0,0,0,0,61,0,0,0,12,12,6,2,33,0,0,0,1,45,29369,6,1,0,0,3,3,67,175,0,0,0,0,0,0,0,0,0,1,0,0,0,0,1,2,35,2,2,2,1,0,0,14,8,1,4,4,7,1,1
45,450219,1,1,1,3,4,6,21,34,0,1,0,45,1,12,401,12401,14,2001,1FMCU70E01UC,1,F,M,C,U,7,0,E,0,1,U,C,0,P,FORD,EPR,UT,1,17,3959,,0,1018,,G,,0,0,000000000,00000000000,0,0,0,1,0,0,0,0,0,0,0,80,0,0,0,12,12,6,2,42,0,0,0,1,45,29690,1,1,5,0,2,0,66,170,0,0,0,0,0,0,0,0,0,1,0,0,0,0,1,2,40,2,1,2,1,40,3,14,13,1,1,4,1,1,1
45,450220,1,1,1,4,4,6,54,42,0,1,0,45,3,35,50,35050,4,2009,3N1BC11E29L3,3,N,1,B,C,1,1,E,2,9,L,3,0,P,NISS,VSL,4D,9,17,2671,,0,1024,,G,,0,0,000000000,00000000000,0,0,0,1,0,0,0,0,0,0,0,80,0,0,0,6,6,6,2,42,0,0,0,1,45,29501,6,1,0,0,3,0,71,190,0,1,0,1,1,11,2009,2,2010,1,8,0,0,0,1,2,35,1,1,2,1,0,0,1,8,1,4,4,7,1,1
45,450221,1,4,1,5,4,15,55,12,8,1,0,45,1,12,471,12471,30,1999,1FTYR10V9XTA,1,F,T,Y,R,1,0,V,9,X,T,A,0,T,FORD,RNG,PK,99,17,,1,1175,1116,RNG,F,,0,0,000000000,00000000000,0,0,0,1,0,0,0,0,0,0,0,45,0,0,0,10,12,6,2,12,0,0,0,1,45,29687,6,1,0,0,3,3,68,155,0,0,0,0,0,0,0,0,0,0,51,0,0,0,1,2,45,1,1,2,1,0,0,15,54,1,1,2,64,0,1
45,450221,2,4,3,5,4,15,55,12,8,1,0,45,1,49,401,49401,14,1995,JT3VN39W4S02,J,T,3,V,N,3,9,W,4,S,0,2,0,P,TOYT,RUN,UT,95,17,4105,,0,1033,,G,,0,0,000000000,00000000000,0,0,0,1,0,0,0,0,0,0,0,45,0,1,5,12,12,6,2,1,0,0,0,1,45,29651,6,1,0,0,3,0,62,150,1,0,0,1,0,8,2007,5,2009,0,0,0,0,0,1,2,45,1,1,2,1,0,0,1,62,4,1,2,98,0,0
45,450221,3,4,3,5,4,15,55,12,8,1,0,45,1,18,7,18007,4,1992,1G4AH84N7N64,1,G,4,A,H,8,4,N,7,N,6,4,0,P,BUIC,CCU,SW,92,17,3054,,0,1047,,G,,0,0,000000000,00000000000,0,0,0,1,0,0,0,0,0,0,0,45,0,0,0,10,10,6,2,12,0,0,0,1,45,29651,6,1,0,0,3,0,65,190,0,0,0,0,0,0,0,0,0,0,0,0,0,0,1,2,45,1,1,2,1,0,0,1,62,1,1,2,65,1,0
45,450221,4,4,1,5,4,15,55,12,8,1,0,45,1,7,482,7482,31,2006,3D7LX39C56G2,3,D,7,L,X,3,9,C,5,6,G,2,0,T,DODG,ME3,CW,6,17,,2,0,1605,RPC,D,,0,0,000000000,00000000000,0,0,0,1,0,0,0,0,0,0,0,35,0,0,0,9,9,6,2,12,0,0,0,1,45,29681,6,1,0,0,3,0,73,205,0,0,0,0,1,9,2007,9,2007,0,0,0,0,0,1,2,45,1,1,2,1,0,0,1,62,7,1,2,98,0,0
45,450222,1,2,2,14,4,12,15,12,7,1,0,45,2,7,482,7482,31,1996,1B7MC36C4TS5,1,B,7,M,C,3,6,C,4,T,S,5,0,T,DODG,350,PK,96,17,,3,0,1347,RPC,D,,0,0,000000000,00000000000,0,0,0,1,0,0,0,0,0,0,0,35,0,0,0,9,12,6,2,12,0,0,0,1,45,29728,0,0,0,0,0,0,999,999,99,99,99,99,99,99,9999,99,9999,0,0,0,0,0,1,2,55,1,1,2,1,0,0,1,10,1,1,1,45,0,0
45,450222,2,2,1,14,4,12,15,12,7,1,0,45,1,12,481,12481,31,2006,1FDAX57P46ED,1,F,D,A,X,5,7,P,4,6,E,D,6,T,FORD,F5D,4B,6,17,,5,0,1620,DRW,D,,2,0,000000000,00000000000,0,0,0,1,0,0,0,0,0,0,0,55,0,0,0,3,9,6,2,12,0,0,0,1,45,29728,6,1,0,0,3,0,68,161,0,0,0,0,0,0,0,0,0,0,51,0,0,0,1,2,55,1,1,2,1,0,0,1,10,1,1,2,44,1,0
45,450223,1,1,2,18,4,2,0,33,0,1,0,45,1,55,35,55035,4,2001,KMHDN45D71U2,K,M,H,D,N,4,5,D,7,1,U,2,0,P,HYUN,EST,4D,1,17,2635,,0,1027,,G,,0,0,000000000,00000000000,0,0,0,1,0,0,0,0,0,0,0,90,0,1,5,12,12,6,2,30,0,0,0,1,45,29715,6,1,0,0,3,0,70,200,0,0,0,1,0,6,2007,6,2007,1,8,0,0,0,2,2,45,1,1,2,1,0,0,1,6,1,4,4,7,1,1
45,450224,1,1,1,18,4,3,46,1,0,1,0,45,2,98,705,98705,80,2004,999999999999,9,9,9,9,9,9,9,9,9,9,9,9,0,U,,,,9,17,,,,,,,,0,0,000000000,00000000000,0,0,0,1,0,0,0,0,0,0,0,95,0,0,0,0,0,6,2,1,0,0,0,1,45,29803,6,1,0,0,3,0,76,240,1,0,0,1,0,11,2008,2,2010,1,0,0,0,0,1,2,35,1,1,2,1,20,3,1,13,1,1,4,1,1,1
45,450225,1,1,1,25,4,0,15,34,0,1,0,45,1,22,20,22020,4,2006,2G2WP5526613,2,G,2,W,P,5,5,2,6,6,1,3,0,P,PONT,GRA,4D,6,17,3477,,0,1105,,G,,0,0,000000000,00000000000,0,0,0,1,0,0,0,0,0,0,0,90,0,1,5,12,12,6,2,1,0,0,0,1,45,29569,6,1,0,0,3,0,62,135,0,0,0,0,0,0,0,0,0,1,28,0,0,0,1,2,55,2,1,2,1,0,0,14,13,1,1,4,1,1,0
45,450226,1,2,3,1,5,13,14,12,6,1,0,45,3,12,481,12481,31,2008,1FTWW31R28EA,1,F,T,W,W,3,1,R,2,8,E,A,0,T,FORD,F3S,CW,8,17,,3,1720,1560,SRW,D,,0,0,000000000,00000000000,0,0,0,1,0,0,0,0,0,0,0,55,0,1,5,3,4,6,2,12,0,0,0,1,45,29550,6,1,0,0,3,0,65,140,0,0,0,1,0,2,2008,2,2008,0,38,39,0,0,1,2,55,1,1,2,1,20,3,1,17,1,1,2,87,0,0
45,450226,2,2,1,1,5,13,14,12,6,1,0,45,1,23,401,23401,14,2000,1GKCS13W9Y23,1,G,K,C,S,1,3,W,9,Y,2,3,0,T,GMC,JMY,4W,0,17,,1,0,1070,JMY,G,,0,0,000000000,00000000000,0,0,0,1,0,0,0,0,0,0,0,45,0,0,0,12,12,6,2,12,0,0,0,1,45,29591,6,1,0,0,3,3,65,125,0,0,0,0,0,0,0,0,0,0,0,0,0,0,1,2,55,1,1,2,1,20,3,1,17,1,1,2,86,1,0
45,450227,1,1,1,1,5,18,42,34,0,1,0,45,1,20,481,20481,31,1992,2GCEC19K1N11,2,G,C,E,C,1,9,K,1,N,1,1,0,T,CHEV,GC1,PC,92,17,,2,1555,1415,GM4,G,,0,0,000000000,00000000000,0,0,0,1,0,0,0,0,0,0,0,65,0,1,5,12,12,6,2,99,0,0,0,1,45,29006,0,0,0,0,0,0,999,999,99,99,99,99,99,99,9999,99,9999,1,58,0,0,0,1,2,45,2,2,2,1,0,0,14,13,1,1,4,1,1,1
45,450228,1,2,1,5,5,18,27,12,1,1,0,45,3,84,881,84881,66,2001,2HSCBAMR81C0,2,H,S,C,B,A,M,R,8,1,C,0,1,T,INTL,91I,TR,1,17,,8,0,0,910,D,,1,45,0429501,450429501,3,6,1,1,0,0,0,0,0,0,0,0,0,0,0,6,6,2,1,12,0,0,0,1,45,29745,6,1,6,3,3,3,72,175,1,0,0,1,0,10,2007,8,2008,0,0,0,0,0,2,2,55,1,1,2,1,0,0,5,53,1,1,1,21,0,0
45,450228,2,2,1,5,5,18,27,12,1,1,0,45,1,20,471,20471,30,2002,1GCCS1454281,1,G,C,C,S,1,4,5,4,2,8,1,0,T,CHEV,S14,PK,2,17,,1,0,1083,S,F,,0,0,000000000,00000000000,0,0,0,1,0,0,0,0,0,0,0,55,0,0,0,12,12,6,2,12,0,0,0,1,45,29745,6,1,0,0,3,0,73,160,0,0,0,2,0,12,2008,7,2009,1,0,0,0,0,2,2,55,1,1,2,1,0,0,1,19,1,1,1,20,1,0
45,450229,1,2,1,5,5,5,37,12,6,1,0,47,1,7,482,7482,31,2006,3D7ML49C86G2,3,D,7,M,L,4,9,C,8,6,G,2,0,T,DODG,ME3,CW,6,17,,3,0,1605,RPC,D,,0,0,000000000,00000000000,0,0,0,1,0,0,0,0,0,0,0,20,0,0,0,2,2,0,1,12,0,0,0,1,47,37921,6,1,0,0,3,0,70,175,0,0,0,0,0,0,0,0,0,0,38,0,0,0,1,2,45,1,1,2,1,3,3,11,15,1,2,2,68,0,0