STATE,ST_CASE,VEH_NO,VE_FORMS,NUMOCCS,DAY,MONTH,HOUR,MINUTE,HARM_EV,MAN_COLL,UNITTYPE,HIT_RUN,REG_STAT,OWNER,MAKE,MODEL,MAK_MOD,BODY_TYP,MOD_YEAR,VIN,VIN_1,VIN_2,VIN_3,VIN_4,VIN_5,VIN_6,VIN_7,VIN_8,VIN_9,VIN_10,VIN_11,VIN_12,TOW_VEH,VINTYPE,VINMAKE,VINA_MOD,VIN_BT,VINMODYR,VIN_LNGT,VIN_WGT,WGTCD_TR,WHLBS_LG,WHLBS_SH,SER_TR,FUELCODE,MCYCL_DS,J_KNIFE,MCARR_I1,MCARR_I2,MCARR_ID,GVWR,V_CONFIG,CARGO_BT,HAZ_INV,HAZ_PLAC,HAZ_ID,HAZ_CNO,HAZ_REL,BUS_USE,SPEC_USE,EMER_USE,TRAV_SP,UNDERIDE,ROLLOVER,ROLINLOC,IMPACT1,IMPACT2,DEFORMED,TOWED,M_HARM,VEH_SC1,VEH_SC2,FIRE_EXP,DR_PRES,L_STATE,DR_ZIP,L_STATUS,L_TYPE,CDL_STAT,L_ENDORS,L_COMPL,L_RESTRI,DR_HGT,DR_WGT,PREV_ACC,PREV_SUS,PREV_DWI,PREV_SPD,PREV_OTH,FIRST_MO,FIRST_YR,LAST_MO,LAST_YR,SPEEDREL,DR_SF1,DR_SF2,DR_SF3,DR_SF4,VTRAFWAY,VNUM_LAN,VSPD_LIM,VALIGN,VPROFILE,VPAVETYP,VSURCOND,VTRAFCON,VTCONT_F,P_CRASH1,P_CRASH2,P_CRASH3,PCRASH4,PCRASH5,ACC_TYPE,DEATHS,DR_DRINK
45,450342,1,2,1,17,6,21,18,12,6,1,0,45,1,37,402,37402,14,2004,SHSRD78894U2,S,H,S,R,D,7,8,8,9,4,U,2,0,P,HOND,CRV,UT,4,17,0,,0,1031,,G,,0,0,000000000,00000000000,0,0,0,1,0,0,0,0,0,0,0,18,0,0,0,9,9,6,2,12,0,0,0,1,45,29650,6,1,0,0,3,3,61,107,0,0,0,0,1,6,2007,6,2007,0,0,0,0,0,2,2,35,4,1,2,1,20,3,11,15,1,1,1,82,0,0
45,450342,2,2,1,17,6,21,18,12,6,1,0,45,1,37,704,37704,80,2004,JH2PC37034M1,J,H,2,P,C,3,7,0,3,4,M,1,0,M,HOND,B60,RS,4,17,,,,,,,599,0,0,000000000,00000000000,0,0,0,1,0,0,0,0,0,0,0,71,0,0,0,12,12,6,2,12,0,0,0,1,45,29650,6,1,0,0,3,0,72,175,0,0,0,0,0,0,0,0,0,0,0,0,0,0,2,2,35,4,1,2,1,20,3,14,17,1,1,1,83,1,0
45,450343,1,1,1,27,6,8,48,34,0,1,0,45,1,35,47,35047,4,2005,1N4BL11D55C3,1,N,4,B,L,1,1,D,5,5,C,3,0,P,NISS,ASR,4D,5,17,3101,,0,1102,,G,,0,0,000000000,00000000000,0,0,0,1,0,0,0,0,0,0,0,55,0,1,5,12,12,6,2,1,0,0,0,1,45,29574,6,1,0,0,3,3,65,225,0,0,0,0,0,0,0,0,0,0,0,0,0,0,1,2,45,4,1,2,1,0,0,14,13,1,1,4,1,1,0
45,450344,1,1,1,2,7,3,0,8,0,1,1,99,9,99,999,99999,99,9999,999999999999,9,9,9,9,9,9,9,9,9,9,9,9,0,U,,,,9,17,,,,,,,,0,0,000000000,00000000000,0,0,0,1,0,0,0,0,0,0,0,999,0,0,0,12,12,9,1,8,0,0,0,1,99,99999,9,9,99,9,9,9,999,999,99,99,99,99,99,99,9999,99,9999,0,0,0,0,0,1,2,55,1,1,2,1,0,0,1,80,1,1,1,13,0,0
45,450345,1,1,2,4,7,0,5,8,0,1,0,45,1,20,36,20036,2,2000,2G1WX12K9Y92,2,G,1,W,X,1,2,K,9,Y,9,2,0,P,CHEV,MSS,CP,0,17,3391,,0,1075,,G,,0,0,000000000,00000000000,0,0,0,1,0,0,0,0,0,0,0,45,0,0,0,14,12,2,3,8,0,0,0,1,45,29824,6,1,0,0,3,0,63,145,0,0,0,0,0,0,0,0,0,0,0,0,0,0,1,2,55,1,1,2,1,0,0,1,80,1,1,1,13,0,0
45,450346,1,1,2,7,7,1,0,8,0,1,1,45,1,20,481,20481,31,1994,2GCEC19K1R11,2,G,C,E,C,1,9,K,1,R,1,1,0,T,CHEV,GC1,PC,94,17,,2,1555,1415,GM4,G,,0,0,000000000,00000000000,0,0,0,1,0,0,0,0,0,0,0,45,0,0,0,12,12,0,1,8,0,0,0,1,45,29621,6,1,0,0,3,0,61,200,0,0,0,0,0,0,0,0,0,0,86,0,0,0,2,2,45,1,1,2,1,0,0,1,81,1,1,1,13,0,1
45,450347,1,1,1,7,7,22,10,42,0,1,0,45,1,73,705,73705,80,1994,JKAZX4E16RB5,J,K,A,Z,X,4,E,1,6,R,B,5,0,M,KAWK,ZXE,RS,94,17,,,,,,,600,0,0,000000000,00000000000,0,0,0,1,0,0,0,0,0,0,0,70,0,0,0,2,2,6,2,30,0,0,0,1,45,29527,6,1,0,0,3,0,77,181,0,3,0,1,1,3,2009,11,2009,1,0,0,0,0,1,2,55,1,1,2,1,0,0,1,13,1,1,4,1,1,1
45,450348,1,1,3,8,7,17,39,1,0,1,0,45,2,49,471,49471,30,1988,JT4VN63C6J00,J,T,4,V,N,6,3,C,6,J,0,0,0,T,TOYT,V63,PK,88,17,,1,0,1030,SBS,G,,0,0,000000000,00000000000,0,0,0,1,0,0,0,0,0,0,0,60,0,1,5,0,0,6,2,1,0,0,0,1,45,29646,6,1,0,0,3,0,70,186,0,0,0,0,0,0,0,0,0,1,0,0,0,0,1,2,55,2,1,2,1,0,0,14,12,1,1,4,6,1,1
45,450349,1,1,1,8,7,6,40,52,0,1,0,45,1,73,705,73705,80,2003,JKAZRCA153A0,J,K,A,Z,R,C,A,1,5,3,A,0,0,M,KAWK,ZR0,RS,3,17,,,,,,,953,0,0,000000000,00000000000,0,0,0,1,0,0,0,0,0,0,0,70,0,0,0,12,12,6,2,52,0,0,0,1,45,29078,6,1,0,0,3,0,68,155,2,0,0,0,0,1,2009,4,2010,1,0,0,0,0,1,2,55,1,1,2,1,0,0,1,6,1,4,4,7,1,0
45,450350,1,2,4,8,7,12,0,12,6,1,0,45,1,7,482,7482,31,2006,1D7HU18276S6,1,D,7,H,U,1,8,2,7,6,S,6,0,T,DODG,SQ1,CW,6,17,,2,1605,1405,RPC,G,,0,0,000000000,00000000000,0,0,0,1,0,0,0,0,0,0,0,45,0,0,0,12,12,6,2,12,0,0,0,1,45,29341,6,1,0,0,3,0,66,185,0,0,0,0,0,0,0,0,0,0,0,0,0,0,2,2,45,1,1,2,1,20,3,1,17,1,1,2,88,0,0
45,450350,2,2,1,8,7,12,0,12,6,1,0,45,1,20,471,20471,30,1986,1GCCS14R3G21,1,G,C,C,S,1,4,R,3,G,2,1,0,T,CHEV,S14,PK,86,17,,1,1229,1083,S,G,,0,0,000000000,00000000000,0,0,0,1,0,0,0,0,0,0,0,20,0,0,0,9,9,6,2,12,0,0,0,1,45,29706,6,1,0,0,3,3,62,124,0,0,0,0,0,0,0,0,0,0,38,0,0,0,2,2,45,1,1,2,1,20,3,4,17,1,1,2,89,1,0
45,450351,1,2,1,9,7,13,45,12,6,1,0,45,1,20,4,20004,2,2007,1G1YY26U7751,1,G,1,Y,Y,2,6,U,7,7,5,1,0,P,CHEV,CVT,CP,7,17,3179,,0,1057,,G,,0,0,000000000,00000000000,0,0,0,1,0,0,0,0,0,0,0,15,0,0,0,3,3,6,2,12,0,0,0,1,45,29414,6,1,0,0,3,0,71,185,0,0,0,0,2,10,2007,12,2007,0,0,0,0,0,2,3,45,1,1,2,1,0,0,11,66,1,1,1,68,1,0
45,450351,2,2,1,9,7,13,45,12,6,1,0,45,1,12,16,12016,4,1995,2FALP74W6SX1,2,F,A,L,P,7,4,W,6,S,X,1,0,P,FORD,CVL,4D,95,17,3779,,0,1144,,G,,0,0,000000000,00000000000,0,0,0,1,0,0,0,0,0,0,0,80,0,0,0,12,12,6,2,12,0,0,0,1,45,29449,6,1,0,0,3,0,71,160,1,0,0,1,2,2,2009,12,2009,1,8,0,0,0,2,3,45,1,1,2,1,0,0,1,55,1,1,1,69,0,0
45,450352,1,3,1,9,7,2,5,12,6,1,0,26,2,12,401,12401,14,1998,1FMYU22E1WUC,1,F,M,Y,U,2,2,E,1,W,U,C,0,P,FORD,EPR,UT,98,17,3692,,0,1017,,G,,0,0,000000000,00000000000,0,0,0,1,0,0,0,0,0,0,0,999,0,0,0,9,9,6,2,12,0,0,0,1,45,29576,6,1,0,0,3,0,65,180,0,0,0,0,0,0,0,0,0,0,0,0,0,0,2,2,55,1,1,2,1,3,3,4,17,1,1,1,88,1,1
45,450352,2,3,1,9,7,2,5,12,6,1,0,12,3,84,881,84881,66,1991,2HSFHCBR3MC0,2,H,S,F,H,C,B,R,3,M,C,0,1,T,INTL,940,TR,91,17,,8,2340,1600,90S,D,,1,12,07510751,1207510751,3,6,1,1,0,0,0,0,0,0,0,999,0,0,0,11,12,2,3,12,0,0,0,1,45,29440,6,1,6,0,2,0,74,275,0,0,0,0,0,0,0,0,0,0,0,0,0,0,2,2,55,1,1,2,1,3,3,1,17,1,1,1,89,0,0
45,450352,3,3,1,9,7,2,5,12,6,1,0,37,3,85,881,85881,66,2006,1XKDD09X76J1,1,X,K,D,D,0,9,X,7,6,J,1,1,T,KW,T80,TR,6,17,,8,2600,1600,CON,D,,1,12,00907921,1200907921,3,6,2,1,0,0,0,0,0,0,0,999,0,0,0,11,11,6,2,12,0,0,0,1,45,29526,6,1,6,3,3,0,71,202,2,0,0,0,0,3,2009,2,2010,0,0,0,0,0,2,2,55,1,1,2,1,3,3,1,17,1,1,1,98,0,0
45,450353,1,1,5,9,7,17,40,1,0,1,0,51,1,9,442,9442,20,1996,2P4GP44R1TR5,2,P,4,G,P,4,4,R,1,T,R,5,0,P,PLYM,VOF,SV,96,17,3663,,0,1193,,G,,0,0,000000000,00000000000,0,0,0,1,0,0,0,0,0,0,0,70,0,1,3,0,0,6,2,1,0,0,0,1,51,23462,0,0,0,0,0,0,61,200,99,99,99,99,99,99,9999,99,9999,0,80,0,0,0,2,2,70,1,1,2,1,0,0,1,1,1,4,4,7,2,0
45,450354,1,1,2,10,7,8,49,42,0,1,0,13,2,63,33,63033,4,2006,KNAFE1218652,K,N,A,F,E,1,2,1,8,6,5,2,0,P,KIA,SLE,4D,6,17,2701,,0,1028,,G,,0,0,000000000,00000000000,0,0,0,1,0,0,0,0,0,0,0,88,0,0,0,12,12,6,2,42,0,0,0,1,13,31548,6,1,0,0,3,0,66,110,98,0,0,0,0,0,0,0,0,1,28,0,0,0,2,2,70,1,1,2,1,0,0,1,12,1,1,4,6,1,0
45,450355,1,1,1,10,7,20,55,42,0,1,0,45,1,37,706,37706,80,2000,1HFSC2230YA2,1,H,F,S,C,2,2,3,0,Y,A,2,0,M,HOND,1/2,RS,0,17,,,,,,,1520,0,0,000000000,00000000000,0,0,0,1,0,0,0,0,0,0,0,55,0,0,0,12,12,6,2,42,0,0,0,1,45,29054,6,1,0,0,3,0,70,210,0,0,0,0,0,0,0,0,0,1,0,0,0,0,1,2,25,2,1,2,2,0,0,14,13,1,1,4,1,1,1
45,450356,1,2,2,10,7,22,55,12,2,1,0,45,1,23,481,23481,31,1995,1GTEC14Z0SZ5,1,G,T,E,C,1,4,Z,0,S,Z,5,0,T,GMC,SC1,PK,95,17,,2,1315,1175,SIE,G,,0,0,000000000,00000000000,0,0,0,1,0,0,0,0,0,0,0,35,0,0,0,12,12,6,2,12,0,0,0,1,45,29565,1,1,5,0,2,0,73,150,1,3,0,0,1,8,2009,6,2010,0,0,0,0,0,1,2,55,1,1,2,1,0,0,1,15,1,1,2,50,1,1
45,450356,2,2,1,10,7,22,55,12,2,1,0,45,1,20,481,20481,31,1997,1GCEC19RXVE2,1,G,C,E,C,1,9,R,X,V,E,2,0,T,CHEV,GC1,PC,97,17,,2,1555,1415,GM4,G,,0,0,000000000,00000000000,0,0,0,1,0,0,0,0,0,0,0,55,0,0,0,12,12,6,2,12,0,0,0,1,45,29574,6,1,0,0,3,0,70,245,0,2,0,2,0,2,2008,5,2010,0,0,0,0,0,1,2,55,1,1,2,1,0,0,1,17,1,1,1,51,0,0
45,450357,1,2,1,11,7,9,20,12,2,1,0,45,1,12,402,12402,14,2007,1FMYU93147KB,1,F,M,Y,U,9,3,1,4,7,K,B,0,P,FORD,SPE,UT,7,17,3318,,0,1031,,G,,0,0,000000000,00000000000,0,0,0,1,0,0,0,0,0,0,0,45,0,0,0,12,12,6,2,12,0,0,0,1,45,29640,6,1,0,0,3,0,74,175,1,1,0,2,2,2,2008,1,2010,0,51,0,0,0,1,2,45,1,1,2,1,0,0,1,54,1,1,2,50,1,0
45,450357,2,2,2,11,7,9,20,12,2,1,0,45,1,20,461,20461,21,1998,1GCGG29R8W10,1,G,C,G,G,2,9,R,8,W,1,0,0,T,CHEV,G20,EV,98,17,,2,0,1550,VAN,G,,0,0,000000000,00000000000,0,0,0,1,0,0,0,0,0,0,0,45,0,0,0,12,12,6,2,12,0,0,0,1,45,29671,6,1,0,0,3,0,72,215,0,0,0,0,0,0,0,0,0,0,0,0,0,0,1,2,45,1,1,2,1,0,0,1,62,1,1,1,51,1,0
45,450358,1,1,1,13,7,13,0,42,0,1,0,45,1,7,472,7472,30,2002,3D7HA18NX2G1,3,D,7,H,A,1,8,N,X,2,G,1,0,T,DODG,Q15,CW,2,17,,2,1605,1405,RPC,G,,0,0,000000000,00000000000,0,0,0,1,0,0,0,0,0,0,0,70,0,0,0,12,12,6,2,42,0,0,0,1,45,29054,6,1,0,0,3,0,72,190,1,0,0,0,0,4,2010,4,2010,0,0,0,0,0,3,2,70,1,1,2,1,0,0,1,8,1,3,4,2,1,1
45,450359,1,3,1,16,7,15,50,12,2,1,0,45,1,20,23,20023,6,2007,3GNDA23DX7S5,3,G,N,D,A,2,3,D,X,7,S,5,0,P,CHEV,HHR,UT,7,17,3155,,0,1035,,G,,0,0,000000000,00000000000,0,0,0,1,0,0,0,0,0,0,0,999,0,0,0,12,12,6,2,12,0,0,0,1,45,29576,6,1,0,0,3,3,65,135,0,0,0,1,0,6,2008,6,2008,0,0,0,0,0,2,2,45,1,1,2,1,0,0,1,62,1,1,1,51,1,0
45,450359,2,3,4,16,7,15,50,12,2,1,0,45,1,7,26,7026,4,2008,1B3LC76M38N6,1,B,3,L,C,7,6,M,3,8,N,6,0,P,DODG,ART,4D,8,17,3568,,0,1089,,G,,0,0,000000000,00000000000,0,0,0,1,0,0,0,0,0,0,0,999,0,0,0,12,12,6,2,12,0,0,0,1,45,29229,6,1,0,0,3,3,64,140,0,0,0,0,0,0,0,0,0,0,0,0,0,0,2,2,45,1,1,2,1,0,0,1,19,1,1,1,98,0,0
45,450359,3,3,1,16,7,15,50,12,2,1,0,45,1,6,52,6052,6,2001,3C8FY4BB11T5,3,C,8,F,Y,4,B,B,1,1,T,5,0,P,CHRY,PTC,SV,1,17,3109,,0,1030,,G,,0,0,000000000,00000000000,0,0,0,1,0,0,0,0,0,0,0,999,0,0,0,12,12,6,2,12,0,0,0,1,45,29488,6,1,0,0,3,0,63,210,0,0,0,0,0,0,0,0,0,0,0,0,0,0,2,2,45,1,1,2,1,0,0,1,54,1,1,2,50,1,0
45,450360,1,2,2,16,7,16,45,12,6,1,0,45,1,63,402,63402,14,2005,KNDJD7334554,K,N,D,J,D,7,3,3,4,5,5,4,0,P,KIA,SOR,UT,5,17,4112,,0,1067,,G,,0,0,000000000,00000000000,0,0,0,1,0,0,0,0,0,0,0,18,0,1,1,3,3,6,2,12,0,0,0,1,45,29669,6,2,0,0,3,0,71,230,0,0,0,0,0,0,0,0,0,0,38,0,0,0,2,2,55,1,1,2,1,20,3,1,17,1,1,1,87,1,0
45,450360,2,2,3,16,7,16,45,12,6,1,0,45,1,3,431,3431,16,2005,5GRGN23U15H1,5,G,R,G,N,2,3,U,1,5,H,1,0,T,HUMM,HH2,4W,5,17,,2,0,1228,HUM,G,,0,0,000000000,00000000000,0,0,0,1,0,0,0,0,0,0,0,51,0,0,0,12,12,6,2,12,0,0,0,1,45,29627,0,0,0,0,0,0,999,999,99,99,99,99,99,99,9999,99,9999,0,0,0,0,0,2,2,55,1,1,2,1,20,3,1,17,1,1,2,86,0,0
45,450361,1,1,1,17,7,22,55,30,0,1,0,45,1,37,705,37705,80,2003,JH2SC50033M1,J,H,2,S,C,5,0,0,3,3,M,1,0,M,HOND,CR9,RS,3,17,,,,,,,954,0,0,000000000,00000000000,0,0,0,1,0,0,0,0,0,0,0,90,0,0,0,12,12,6,2,43,0,0,0,1,45,29123,6,1,0,0,3,3,70,185,0,0,0,2,0,9,2007,12,2009,0,0,0,0,0,2,2,55,1,1,2,1,0,0,1,8,1,4,4,2,1,1
45,450362,1,1,1,17,7,6,50,1,0,1,0,45,1,7,482,7482,31,2005,1D7HA16K65J5,1,D,7,H,A,1,6,K,6,5,J,5,0,T,DODG,S1T,PK,5,17,,2,1405,1205,RPC,G,,0,0,000000000,00000000000,0,0,0,1,0,0,0,0,0,0,0,55,0,1,5,0,0,6,2,1,0,0,0,1,45,29102,6,1,0,0,3,3,63,205,0,0,0,0,0,0,0,0,0,1,58,0,0,0,1,2,45,3,1,2,1,0,0,14,13,1,1,4,1,1,0
45,450363,1,1,1,8,4,18,20,1,0,1,0,45,1,12,401,12401,14,2004,1FMZU62K54UC,1,F,M,Z,U,6,2,K,5,4,U,C,0,P,FORD,EPR,UT,4,17,4304,,0,1137,,F,,0,0,000000000,00000000000,0,0,0,1,0,0,0,0,0,0,0,80,0,1,3,0,0,6,2,1,0,0,0,1,45,29841,6,1,0,0,3,0,71,230,0,0,0,0,0,0,0,0,0,0,0,0,0,0,3,2,70,1,2,2,1,0,0,1,10,8,1,4,6,1,0
45,450364,1,1,1,22,5,23,45,40,0,1,0,45,1,52,37,52037,3,2000,4A3AC54L8YE0,4,A,3,A,C,5,4,L,8,Y,E,0,0,P,MITS,ECG,2H,0,17,3120,,0,1008,,G,,0,0,000000000,00000000000,0,0,0,1,0,0,0,0,0,0,0,65,0,1,5,10,1,6,2,42,0,0,0,1,45,29645,6,1,0,0,3,0,64,130,0,0,0,1,0,2,2009,2,2009,1,0,0,0,0,1,2,40,3,1,2,1,0,0,14,12,1,1,4,6,1,1
45,450365,1,3,1,12,6,5,10,12,1,1,0,45,1,49,422,49422,15,2003,5TDZT38A33S1,5,T,D,Z,T,3,8,A,3,3,S,1,0,P,TOYT,SEQ,UT,3,17,5100,,0,1181,,G,,0,0,000000000,00000000000,0,0,0,1,0,0,0,0,0,0,0,70,0,0,0,12,12,6,2,12,0,0,0,1,45,29812,1,1,5,0,2,0,64,140,0,0,0,1,0,9,2009,9,2009,0,0,0,0,0,3,2,70,1,2,2,1,0,0,15,11,1,1,1,24,0,1
45,450365,2,3,7,12,6,5,10,12,1,1,0,13,2,12,401,12401,14,2002,1FMZU63E82UB,1,F,M,Z,U,6,3,E,8,2,U,B,0,P,FORD,EPR,UT,2,17,4163,,0,1137,,G,,0,0,000000000,00000000000,0,0,0,1,0,0,0,0,0,0,0,70,0,1,1,6,6,6,2,12,0,0,0,1,13,31794,6,1,0,0,3,0,60,170,98,0,0,0,0,0,0,0,0,0,0,0,0,0,3,2,70,1,2,2,1,0,0,1,11,1,1,1,25,1,0
45,450365,3,3,1,12,6,5,10,12,1,1,0,37,3,82,881,82881,66,2000,1FUYDSZBXYLF,1,F,U,Y,D,S,Z,B,X,Y,L,F,1,T,FRHT,FLD,TR,0,17,,8,0,0,CON,D,,1,37,1970845,371970845,3,6,1,1,0,0,0,0,0,0,0,70,0,0,0,12,12,6,2,12,0,0,0,1,37,27856,6,1,6,0,3,0,68,999,0,0,0,1,1,8,2007,12,2007,0,0,0,0,0,3,2,70,1,2,2,1,0,0,1,11,1,1,1,98,0,0
45,450366,1,2,1,20,6,21,33,12,1,1,0,12,1,7,43,7043,4,2004,1B3EL36X34N2,1,B,3,E,L,3,6,X,3,4,N,2,0,P,DODG,SSE,4D,4,17,3088,,0,1080,,G,,0,0,000000000,00000000000,0,0,0,1,0,0,0,0,0,0,0,0,0,0,0,6,6,6,2,12,0,0,0,1,12,34234,6,1,0,0,3,0,71,999,0,1,0,0,0,1,2009,1,2009,0,0,0,0,0,2,2,45,1,1,2,1,0,0,5,78,1,1,1,22,0,0
45,450366,2,2,1,20,6,21,33,12,1,1,0,45,2,12,401,12401,14,2001,1FMYU60EX1UC,1,F,M,Y,U,6,0,E,X,1,U,C,0,P,FORD,EPR,UT,1,17,3769,,0,1018,,G,,0,0,000000000,00000000000,0,0,0,1,0,0,0,0,0,0,0,95,0,1,5,12,12,6,2,1,0,0,0,1,37,27101,0,0,0,0,0,0,66,999,99,99,99,99,99,99,9999,99,9999,1,8,28,37,0,2,2,45,1,1,2,1,0,0,1,19,1,1,2,20,1,1
45,450367,1,1,1,22,6,16,10,34,0,1,0,45,1,12,12,12012,4,1983,1FABP36XXDK1,1,F,A,B,P,3,6,X,X,D,K,1,0,P,FORD,FMF,4D,83,17,2613,,0,1055,,G,,0,0,000000000,00000000000,0,0,0,1,0,0,0,0,0,0,0,55,0,1,5,12,1,6,2,3,0,0,0,1,45,29481,6,1,0,0,3,3,77,180,0,0,0,0,0,0,0,0,0,0,0,0,0,0,1,2,55,1,1,2,1,0,0,1,8,1,1,4,6,1,1
45,450368,1,1,1,9,7,19,1,42,0,1,0,45,1,12,471,12471,30,1997,1FTCR10AXVUA,1,F,T,C,R,1,0,A,X,V,U,A,0,T,FORD,RNG,PK,97,17,,1,1140,1080,RNG,G,,0,0,000000000,00000000000,0,0,0,1,0,0,0,0,0,0,0,65,0,0,0,10,10,6,2,42,0,0,0,1,45,29638,6,1,0,0,3,0,61,145,1,0,0,1,1,9,2007,1,2010,1,0,0,0,0,1,2,55,1,1,2,1,0,0,1,12,1,1,4,6,1,0
45,450369,1,1,3,1,7,21,30,9,0,1,0,45,1,20,401,20401,14,2005,1GNDS13S1521,1,G,N,D,S,1,3,S,1,5,2,1,0,P,CHEV,TRL,UT,5,17,4425,,0,1130,,G,,0,0,000000000,00000000000,0,0,0,1,0,0,0,0,0,0,0,50,0,0,0,12,12,2,1,9,0,0,0,1,45,29547,6,1,0,0,3,0,62,180,0,0,0,0,0,0,0,0,0,0,0,0,0,0,2,2,55,1,2,2,1,0,0,1,83,1,1,2,13,0,0
45,450370,1,1,1,19,7,0,14,35,0,1,0,45,1,7,472,7472,30,2005,1D7HE22K15S1,1,D,7,H,E,2,2,K,1,5,S,1,0,T,DODG,KST,PC,5,17,,2,0,1309,DAK,G,,0,0,000000000,00000000000,0,0,0,1,0,0,0,0,0,0,0,65,0,0,0,12,12,6,2,35,0,0,0,1,45,29483,6,1,0,0,3,0,67,160,0,0,0,0,0,0,0,0,0,0,28,0,0,0,2,2,45,1,1,2,1,3,3,10,13,1,1,4,1,1,1
45,450371,1,1,2,19,7,10,50,1,0,1,0,45,1,12,481,12481,31,1993,1FTDF15Y6PLB,1,F,T,D,F,1,5,Y,6,P,L,B,0,T,FORD,F15,PK,93,17,,1,1330,1170,COF,G,,0,0,000000000,00000000000,0,0,0,1,0,0,0,0,0,0,0,65,0,1,5,0,0,6,2,1,0,0,0,1,45,29456,1,1,5,0,2,0,68,135,0,3,1,1,0,5,2009,3,2010,1,28,58,0,0,1,2,55,2,2,2,1,0,0,14,1,1,3,4,2,1,1
45,450372,1,2,1,21,7,21,30,12,2,1,0,45,1,12,37,12037,2,2001,3FAFP31331R2,3,F,A,F,P,3,1,3,3,1,R,2,0,P,FORD,FZX,3P,1,17,2550,,0,1030,,G,,0,0,000000000,00000000000,0,0,0,1,0,0,0,0,0,0,0,52,0,0,0,12,12,6,2,12,0,0,0,1,45,29009,6,1,0,0,3,3,67,200,0,0,0,0,0,0,0,0,0,0,0,0,0,0,2,2,55,1,1,2,1,0,0,1,10,1,1,1,50,0,0
45,450372,2,2,1,21,7,21,30,12,2,1,0,45,1,98,709,98709,81,9999,999999999999,9,9,9,9,9,9,9,9,9,9,9,9,0,U,,,,9,17,,,,,,,,0,0,000000000,00000000000,0,0,0,1,0,0,0,0,0,0,0,25,0,0,0,12,12,6,2,12,0,0,0,1,45,29032,1,1,5,0,2,0,68,180,1,3,1,0,0,10,2008,3,2009,0,0,0,0,0,2,2,55,1,1,2,1,0,0,1,10,1,1,1,51,1,1
45,450373,1,1,1,23,7,21,55,8,0,1,0,45,1,23,481,23481,31,1988,1GTDC14H9JE5,1,G,T,D,C,1,4,H,9,J,E,5,0,T,GMC,GC1,PK,88,17,,1,1315,1175,GM4,G,,0,0,000000000,00000000000,0,0,0,1,0,0,0,0,0,0,0,45,0,0,0,12,12,2,1,8,0,0,0,1,45,29577,6,1,0,0,3,3,74,250,0,0,0,1,0,7,2007,7,2007,0,0,0,0,0,2,2,45,1,1,2,1,0,0,1,81,1,1,1,13,0,0
45,450374,1,1,1,23,7,4,0,35,0,1,0,45,1,7,482,7482,31,2002,1D7HA16N52J1,1,D,7,H,A,1,6,N,5,2,J,1,0,T,DODG,150,PK,2,17,,2,1405,1205,RPC,G,,0,0,000000000,00000000000,0,0,0,1,0,0,0,0,0,0,0,45,0,0,0,12,12,6,2,42,0,0,0,1,45,29379,6,1,0,0,3,0,63,239,0,0,0,2,0,2,2008,6,2009,1,28,0,0,0,1,2,45,1,1,2,1,40,3,1,13,1,1,4,1,1,1
45,450375,1,1,4,24,7,17,45,42,0,1,0,45,1,99,850,99850,65,1995,4S7MT9K00SC0,4,S,7,M,T,9,K,0,0,S,C,0,0,U,,,,95,17,,,,,,,,0,0,000000000,00000000000,0,0,0,1,0,0,0,0,0,0,0,70,0,0,0,12,12,6,2,2,0,0,1,1,45,29477,6,1,0,0,3,0,75,270,0,2,0,1,0,3,2008,12,2008,0,0,0,0,0,2,2,70,1,1,2,1,0,0,1,1,1,4,4,7,1,0
45,450376,1,2,1,24,7,16,51,12,2,1,0,45,1,21,2,21002,4,1999,1G3HN52K8X48,1,G,3,H,N,5,2,K,8,X,4,8,0,P,OLDS,8LW,4D,99,17,3455,,0,1108,,G,,0,0,000000000,00000000000,0,0,0,1,0,0,0,0,0,0,0,45,0,0,0,12,12,6,2,12,0,0,0,1,45,29569,6,1,0,0,3,3,64,205,0,0,0,0,0,0,0,0,0,0,51,0,0,0,1,2,45,1,1,2,1,0,0,1,10,1,1,2,50,1,0
45,450376,2,2,1,24,7,16,51,12,2,1,0,37,2,12,35,12035,4,2000,1FAFP6637YK1,1,F,A,F,P,6,6,3,7,Y,K,1,0,P,FORD,CSE,4D,0,17,2769,,0,1065,,G,,0,0,000000000,00000000000,0,0,0,1,0,0,0,0,0,0,0,45,0,0,0,12,12,6,2,12,0,0,0,1,45,29569,6,1,0,0,3,0,68,240,0,0,0,0,0,0,0,0,0,0,0,0,0,0,1,2,45,1,1,2,1,0,0,1,62,1,1,1,51,1,0
45,450377,1,2,1,25,7,2,20,12,1,1,0,45,1,98,709,98709,81,2008,999999999999,9,9,9,9,9,9,9,9,9,9,9,9,0,U,,,,9,17,,,,,,,,0,0,000000000,00000000000,0,0,0,1,0,0,0,0,0,0,0,30,0,0,0,6,12,6,2,12,0,0,0,1,45,29617,1,1,5,0,2,0,70,195,1,0,0,0,1,5,2008,3,2010,0,0,0,0,0,1,2,50,1,1,2,1,0,0,1,19,1,1,1,25,1,1
45,450377,2,2,1,25,7,2,20,12,1,1,0,45,2,39,34,39034,4,2000,SAJDA01C3YFL,S,A,J,D,A,0,1,C,3,Y,F,L,0,P,JAGU,STP,4D,0,17,3650,,0,1145,,G,,0,0,000000000,00000000000,0,0,0,1,0,0,0,0,0,0,0,46,0,0,0,12,12,2,3,12,0,0,0,1,45,29673,1,1,5,0,2,0,71,179,1,0,0,1,1,9,2008,3,2009,1,0,0,0,0,1,2,50,1,1,2,1,0,0,1,51,1,1,1,24,0,0