STATE,ST_CASE,VEH_NO,VE_FORMS,NUMOCCS,DAY,MONTH,HOUR,MINUTE,HARM_EV,MAN_COLL,UNITTYPE,HIT_RUN,REG_STAT,OWNER,MAKE,MODEL,MAK_MOD,BODY_TYP,MOD_YEAR,VIN,VIN_1,VIN_2,VIN_3,VIN_4,VIN_5,VIN_6,VIN_7,VIN_8,VIN_9,VIN_10,VIN_11,VIN_12,TOW_VEH,VINTYPE,VINMAKE,VINA_MOD,VIN_BT,VINMODYR,VIN_LNGT,VIN_WGT,WGTCD_TR,WHLBS_LG,WHLBS_SH,SER_TR,FUELCODE,MCYCL_DS,J_KNIFE,MCARR_I1,MCARR_I2,MCARR_ID,GVWR,V_CONFIG,CARGO_BT,HAZ_INV,HAZ_PLAC,HAZ_ID,HAZ_CNO,HAZ_REL,BUS_USE,SPEC_USE,EMER_USE,TRAV_SP,UNDERIDE,ROLLOVER,ROLINLOC,IMPACT1,IMPACT2,DEFORMED,TOWED,M_HARM,VEH_SC1,VEH_SC2,FIRE_EXP,DR_PRES,L_STATE,DR_ZIP,L_STATUS,L_TYPE,CDL_STAT,L_ENDORS,L_COMPL,L_RESTRI,DR_HGT,DR_WGT,PREV_ACC,PREV_SUS,PREV_DWI,PREV_SPD,PREV_OTH,FIRST_MO,FIRST_YR,LAST_MO,LAST_YR,SPEEDREL,DR_SF1,DR_SF2,DR_SF3,DR_SF4,VTRAFWAY,VNUM_LAN,VSPD_LIM,VALIGN,VPROFILE,VPAVETYP,VSURCOND,VTRAFCON,VTCONT_F,P_CRASH1,P_CRASH2,P_CRASH3,PCRASH4,PCRASH5,ACC_TYPE,DEATHS,DR_DRINK
45,450378,1,1,1,25,7,4,0,8,0,1,0,45,1,12,481,12481,31,2006,1FTWW31P46ED,1,F,T,W,W,3,1,P,4,6,E,D,0,T,FORD,F3S,CW,6,17,,3,1720,1560,SRW,D,,0,0,000000000,00000000000,0,0,0,1,0,0,0,0,0,0,0,40,0,0,0,12,12,0,1,8,0,0,0,1,45,29483,6,1,0,0,3,0,68,195,0,0,0,0,1,3,2008,3,2008,0,0,0,0,0,1,2,40,1,1,2,1,0,0,1,80,1,1,1,13,0,0
45,450379,1,2,2,26,7,10,31,12,6,1,0,45,1,2,406,2406,14,2006,1J8HH48K46C2,1,J,8,H,H,4,8,K,4,6,C,2,0,T,JEEP,BSE,4W,6,17,,2,0,1095,CMD,G,,0,0,000000000,00000000000,0,0,0,1,0,0,0,0,0,0,0,5,0,0,0,7,7,2,1,12,0,0,0,1,45,29651,6,1,0,0,3,0,63,150,0,0,0,0,0,0,0,0,0,0,38,0,0,0,1,2,25,1,1,2,1,20,3,11,15,1,1,1,82,0,0
45,450379,2,2,1,26,7,10,31,12,6,1,0,45,2,37,705,37705,80,1998,JH2SC3304WM2,J,H,2,S,C,3,3,0,4,W,M,2,0,M,HOND,CR9,RS,98,17,,,,,,,919,0,0,000000000,00000000000,0,0,0,1,0,0,0,0,0,0,0,30,0,0,0,12,12,6,2,12,0,0,0,1,45,29651,1,1,5,0,2,0,72,150,0,1,0,0,0,6,2009,6,2009,0,0,0,0,0,1,2,25,1,1,2,1,20,3,1,17,1,1,2,83,1,0
45,450380,1,2,1,27,7,7,50,12,6,1,0,45,1,35,39,35039,4,2006,1N4AL11D16C2,1,N,4,A,L,1,1,D,1,6,C,2,0,P,NISS,ASL,4D,6,17,2915,,0,1102,,G,,0,0,000000000,00000000000,0,0,0,1,0,0,0,0,0,0,0,45,0,0,0,12,12,6,2,12,0,0,0,1,45,29145,6,1,0,0,3,0,65,200,0,0,0,1,0,2,2010,2,2010,0,0,0,0,0,1,2,45,1,1,2,1,20,3,1,17,1,1,2,88,0,0
45,450380,2,2,1,27,7,7,50,12,6,1,0,45,1,37,32,37032,4,2002,1HGCG56602A0,1,H,G,C,G,5,6,6,0,2,A,0,0,P,HOND,UEX,4D,2,17,3142,,0,1069,,G,,0,0,000000000,00000000000,0,0,0,1,0,0,0,0,0,0,0,55,0,0,0,9,9,6,2,12,0,0,0,1,45,29203,6,1,0,0,3,3,63,140,1,0,0,0,0,12,2007,12,2007,0,39,0,0,0,1,2,55,1,1,2,1,20,3,1,17,1,1,2,89,1,0
45,450381,1,1,4,27,7,19,0,35,0,1,0,45,1,12,13,12013,4,1999,1FAFP10P5XW2,1,F,A,F,P,1,0,P,5,X,W,2,0,P,FORD,LXE,4D,99,17,2468,,0,984,,G,,0,0,000000000,00000000000,0,0,0,1,0,0,0,0,0,0,0,45,0,1,5,12,12,6,2,35,0,0,0,1,45,29070,6,1,0,0,3,0,63,115,0,0,0,0,0,0,0,0,0,1,0,0,0,0,1,2,30,3,1,2,2,0,0,14,12,1,1,4,6,1,0
45,450382,1,1,5,19,6,1,17,30,0,1,0,45,1,23,481,23481,31,2005,1GTEK19B45E1,1,G,T,E,K,1,9,B,4,5,E,1,0,T,GMC,NK1,4C,5,17,,2,1575,1435,SIE,G,,0,0,000000000,00000000000,0,0,0,1,0,0,0,0,0,0,0,55,0,1,5,4,4,6,2,1,0,0,0,1,45,29672,6,1,0,0,3,3,73,300,0,0,0,3,1,9,2007,6,2009,1,0,0,0,0,1,2,35,2,2,2,1,0,0,14,13,1,1,4,1,1,1
45,450383,1,2,1,24,6,6,52,12,6,1,0,45,1,76,705,76705,80,2008,JYAVP27E18A0,J,Y,A,V,P,2,7,E,1,8,A,0,0,M,YAMA,9CU,RS,8,17,,,,,,,1854,0,0,000000000,00000000000,0,0,0,1,0,0,0,0,0,0,0,30,0,0,0,12,12,6,2,12,0,0,0,1,45,29621,6,1,0,0,3,0,71,185,1,0,0,0,0,7,2009,7,2009,0,0,0,0,0,1,2,35,3,2,2,1,0,0,14,17,1,1,2,83,1,1
45,450383,2,2,1,24,6,6,52,12,6,1,0,45,2,20,481,20481,31,1995,1GCGC24K6SZ2,1,G,C,G,C,2,4,K,6,S,Z,2,0,T,CHEV,GC2,PK,95,17,,2,0,1315,GM4,G,,0,0,000000000,00000000000,0,0,0,1,0,0,0,0,0,0,0,30,0,0,0,2,2,6,2,12,0,0,0,1,45,29625,6,1,0,0,3,0,69,180,0,1,0,0,0,8,2008,8,2008,0,38,0,0,0,1,2,35,3,2,2,1,0,0,11,15,1,1,2,82,0,1
45,450384,1,2,1,24,6,16,30,12,6,1,0,45,1,85,881,85881,66,2005,1XKDDU9X35J1,1,X,K,D,D,U,9,X,3,5,J,1,1,T,KW,T80,TR,5,17,,8,2600,1600,CON,D,,1,45,0508118,450508118,3,6,8,1,0,0,0,0,0,0,0,55,0,0,0,12,12,6,2,12,0,0,0,1,45,29461,6,1,6,3,3,0,65,230,3,0,0,1,1,3,2009,5,2010,0,0,0,0,0,2,2,55,1,1,2,1,20,3,1,17,1,1,1,83,0,0
45,450384,2,2,1,24,6,16,30,12,6,1,0,48,1,49,402,49402,14,2006,JTMZD33V0650,J,T,M,Z,D,3,3,V,0,6,5,0,0,P,TOYT,RG4,UT,6,17,3300,,0,1050,,G,,0,0,000000000,00000000000,0,0,0,1,0,0,0,0,0,0,0,10,0,0,0,10,10,6,2,12,0,0,0,1,48,76017,6,1,0,0,3,0,999,999,0,0,0,1,0,2,2009,2,2009,0,38,0,0,0,2,2,45,1,1,2,1,20,3,11,15,1,1,2,82,1,0
45,450385,1,1,1,5,7,17,39,30,0,1,0,45,1,72,706,72706,80,2006,1HD1JDB186Y0,1,H,D,1,J,D,B,1,8,6,Y,0,0,M,HD,FTN,RS,6,17,,,,,,,1450,0,0,000000000,00000000000,0,0,0,1,0,0,0,0,0,0,0,55,0,0,0,12,12,6,2,30,0,0,0,1,45,29485,6,1,0,0,3,3,65,180,1,0,0,0,0,6,2010,6,2010,0,28,0,0,0,1,2,55,1,1,2,1,0,0,1,8,1,4,4,2,1,0
45,450386,1,1,1,30,7,15,40,1,0,1,0,12,1,34,401,34401,14,2006,5UXFB53546LV,5,U,X,F,B,5,3,5,4,6,L,V,0,P,BMW,BX5,UT,6,17,4927,,0,1110,,G,,0,0,000000000,00000000000,0,0,0,1,0,0,0,0,0,0,0,90,0,1,3,0,0,6,2,1,0,0,0,1,12,33009,6,2,0,0,3,0,66,999,0,0,0,1,1,6,2010,7,2010,1,28,58,0,0,3,2,70,1,1,2,1,0,0,1,12,1,1,4,6,1,0
45,450387,1,2,3,31,7,20,57,12,2,1,0,45,1,37,31,37031,2,1994,1HGEJ1232RL0,1,H,G,E,J,1,2,3,2,R,L,0,0,P,HOND,CEX,CP,94,17,2415,,0,1032,,G,,0,0,000000000,00000000000,0,0,0,1,0,0,0,0,0,0,0,60,0,0,0,12,12,6,2,12,0,0,0,1,45,29067,1,1,5,0,2,0,70,210,1,1,0,0,1,3,2010,3,2010,0,51,0,0,0,1,2,35,1,1,2,2,0,0,1,54,1,1,2,50,1,1
45,450387,2,2,1,31,7,20,57,12,2,1,0,45,1,20,481,20481,31,1995,1GCEC14K5SZ1,1,G,C,E,C,1,4,K,5,S,Z,1,0,T,CHEV,GC1,PK,95,17,,2,1315,1175,GM4,G,,0,0,000000000,00000000000,0,0,0,1,0,0,0,0,0,0,0,35,0,0,0,12,12,6,2,12,0,0,0,1,45,29067,6,1,0,0,3,3,75,215,0,0,0,0,0,0,0,0,0,0,0,0,0,0,1,2,35,1,1,2,2,0,0,1,62,1,1,1,51,0,0
45,450388,1,1,4,1,8,13,0,35,0,1,0,45,1,20,401,20401,14,2001,1GNEC13T71R1,1,G,N,E,C,1,3,T,7,1,R,1,0,P,CHEV,CTA,UT,1,17,4828,,0,1160,,G,,0,0,000000000,00000000000,0,0,0,1,0,0,0,0,0,0,0,70,0,0,0,12,12,6,2,24,0,0,0,1,45,29150,6,1,0,0,3,3,65,176,0,0,0,0,0,0,0,0,0,1,0,0,0,0,2,2,70,1,1,2,1,0,0,1,1,1,4,4,2,1,0
45,450389,1,1,1,2,8,22,10,35,0,1,0,45,1,20,16,20016,2,1999,1G1JC124XX71,1,G,1,J,C,1,2,4,X,X,7,1,0,P,CHEV,C/S,CP,99,17,2617,,0,1041,,G,,0,0,000000000,00000000000,0,0,0,1,0,0,0,0,0,0,0,70,0,1,5,10,10,6,2,1,0,0,0,1,45,29727,6,1,0,0,3,0,73,155,0,0,0,1,0,4,2009,4,2009,1,28,58,0,0,1,2,45,2,2,2,1,0,0,14,12,1,1,4,6,1,1
45,450390,1,1,1,31,7,5,0,14,0,1,0,45,2,30,40,30040,4,1999,3VWSA29MXXM0,3,V,W,S,A,2,9,M,X,X,M,0,0,P,VOLK,JGS,4D,99,17,2775,6,0,989,CSR,G,,0,0,000000000,00000000000,0,0,0,1,0,0,0,0,0,0,0,80,0,0,0,18,12,6,2,14,0,0,0,1,37,28139,1,1,0,0,2,0,65,999,1,0,0,3,5,10,2007,10,2008,0,0,0,0,0,2,2,45,1,1,2,1,0,0,1,10,1,1,4,6,1,1
45,450391,1,2,2,6,7,17,9,57,0,1,0,12,1,98,850,98850,73,2004,999999999999,9,9,9,9,9,9,9,9,9,9,9,9,0,U,,,,9,17,,,,,,,,0,0,000000000,00000000000,0,0,0,1,0,0,0,0,0,0,0,75,0,0,0,12,12,6,2,12,0,0,0,1,12,32934,6,1,0,0,3,0,67,999,0,0,0,0,0,0,0,0,0,0,0,0,0,0,3,2,70,1,1,2,1,0,0,1,12,1,1,4,6,0,0
45,450391,2,2,1,6,7,17,9,57,0,1,0,45,1,35,47,35047,4,2006,1N4AL11D66C2,1,N,4,A,L,1,1,D,6,6,C,2,0,P,NISS,ASL,4D,6,17,2915,,0,1102,,G,,0,0,000000000,00000000000,0,0,0,1,0,0,0,0,0,0,0,70,0,0,0,12,12,6,2,12,0,0,0,1,45,29401,6,1,0,0,3,3,63,120,0,0,0,0,0,0,0,0,0,0,0,0,0,0,3,2,70,1,1,2,1,0,0,1,62,1,1,1,98,1,0
45,450392,1,1,3,17,7,6,0,52,0,1,0,45,2,7,402,7402,14,2000,1B4HS28N1YF1,1,B,4,H,S,2,8,N,1,Y,F,1,0,P,DODG,DUR,UT,0,17,4462,,0,1159,,G,,0,0,000000000,00000000000,0,0,0,1,0,0,0,0,0,0,0,70,0,1,3,12,12,6,2,1,0,0,0,1,45,29936,0,0,0,0,0,0,999,999,99,99,99,99,99,99,9999,99,9999,0,8,28,0,0,3,2,70,1,1,2,1,0,0,6,8,1,4,4,7,1,0
45,450393,1,4,1,24,7,7,25,12,6,1,0,34,3,20,401,20401,14,2004,1GNET16S0461,1,G,N,E,T,1,6,S,0,4,6,1,0,P,CHEV,TRL,UT,4,17,4954,,0,1290,,G,,0,0,000000000,00000000000,0,0,0,1,0,0,0,0,0,0,0,999,0,0,0,9,9,6,2,12,0,0,0,1,34,7302,6,1,0,0,3,0,67,999,0,0,0,0,0,0,0,0,0,0,39,0,0,0,2,2,45,1,1,2,1,20,3,4,17,1,1,2,89,0,0
45,450393,2,4,1,24,7,7,25,12,6,1,0,45,3,12,461,12461,21,2008,1FTNE24W58DA,1,F,T,N,E,2,4,W,5,8,D,A,0,T,FORD,25V,CG,8,17,,2,0,1380,VAN,G,,0,0,000000000,00000000000,0,0,0,1,0,0,0,0,0,0,0,20,0,0,0,12,12,6,2,12,0,0,0,1,37,28364,6,1,0,0,3,3,67,999,0,0,0,0,0,0,0,0,0,0,0,0,0,0,2,2,45,1,1,2,1,0,0,1,55,1,1,1,88,0,0
45,450393,3,4,2,24,7,7,25,12,6,1,0,42,1,37,471,37471,30,2007,2HJYK16387H5,2,H,J,Y,K,1,6,3,8,7,H,5,0,T,HOND,RTX,PK,7,17,,2,0,1220,RID,G,,0,0,000000000,00000000000,0,0,0,1,0,0,0,0,0,0,0,45,0,0,0,12,12,6,2,12,0,0,0,1,42,16311,6,1,0,0,3,0,71,999,0,0,0,0,0,0,0,0,0,0,0,0,0,0,2,2,45,1,1,2,1,0,0,1,54,1,1,1,98,0,0
45,450393,4,4,1,24,7,7,25,12,6,1,0,45,1,20,37,20037,4,1998,1G1ND52T8W61,1,G,1,N,D,5,2,T,8,W,6,1,0,P,CHEV,MAL,4D,98,17,3100,,0,1070,,G,,0,0,000000000,00000000000,0,0,0,1,0,0,0,0,0,0,0,45,0,0,0,12,12,6,2,12,0,0,0,1,45,29581,6,1,0,0,3,3,67,220,0,0,0,1,0,3,2008,3,2008,0,0,0,0,0,2,2,45,1,1,2,1,0,0,1,54,1,1,1,98,1,0
45,450394,1,1,4,25,7,0,18,8,0,1,0,12,3,6,441,6441,20,2010,2A4RR4DE1AR3,2,A,4,R,R,4,D,E,1,A,R,3,0,P,CHRY,TWC,SV,10,17,4335,,0,1212,,F,,0,0,000000000,00000000000,0,0,0,1,0,0,0,0,0,0,0,75,0,0,0,12,12,2,3,8,0,0,0,1,12,33331,6,1,0,0,3,0,64,999,0,0,0,0,0,0,0,0,0,0,0,0,0,0,3,2,70,1,1,2,1,0,0,1,80,1,1,1,13,0,0
45,450395,1,2,1,2,8,12,10,12,6,1,0,45,1,20,37,20037,4,2006,1G1ZT53826F2,1,G,1,Z,T,5,3,8,2,6,F,2,0,P,CHEV,MLT,4D,6,17,3316,,0,1063,,G,,0,0,000000000,00000000000,0,0,0,1,0,0,0,0,0,0,0,5,0,0,0,12,12,2,1,12,0,0,0,1,45,29102,6,1,0,0,3,3,62,125,0,0,0,1,0,4,2009,4,2009,0,0,0,0,0,1,2,30,1,1,2,1,20,3,1,17,1,1,1,86,0,0
45,450395,2,2,2,2,8,12,10,12,6,1,0,45,1,18,20,18020,4,1999,2G4WB52K3X15,2,G,4,W,B,5,2,K,3,X,1,5,0,P,BUIC,RLL,4D,99,17,3439,,0,1090,,G,,0,0,000000000,00000000000,0,0,0,1,0,0,0,0,0,0,0,30,0,0,0,5,5,2,3,12,0,0,0,1,45,29102,6,1,0,0,3,3,68,230,1,0,0,0,0,11,2009,11,2009,0,0,0,0,0,1,2,30,1,1,2,1,20,3,1,17,1,1,1,87,1,0
45,450396,1,2,2,3,8,16,15,12,6,1,0,37,2,19,3,19003,4,1995,1G6KD52B0SU2,1,G,6,K,D,5,2,B,0,S,U,2,0,P,CADI,DFW,4D,95,17,3664,,0,1138,,G,,0,0,000000000,00000000000,0,0,0,1,0,0,0,0,0,0,0,30,0,1,1,3,3,6,2,12,0,0,0,1,45,29569,6,1,0,0,3,0,59,150,1,0,0,0,1,12,2008,12,2008,0,38,0,0,0,2,2,60,1,1,2,1,21,3,1,17,1,1,2,87,1,0
45,450396,2,2,2,3,8,16,15,12,6,1,0,34,1,18,2,18002,4,2003,1G4HP54K0341,1,G,4,H,P,5,4,K,0,3,4,1,0,P,BUIC,LCF,4D,3,17,3567,,0,1122,,G,,0,0,000000000,00000000000,0,0,0,1,0,0,0,0,0,0,0,60,0,0,0,12,12,2,1,12,0,0,0,1,34,7828,6,1,0,0,3,0,71,999,0,0,0,0,0,0,0,0,0,0,0,0,0,0,2,2,60,1,1,2,1,21,3,1,17,1,1,1,86,0,0
45,450397,1,2,2,3,8,11,15,12,6,1,0,42,1,12,401,12401,14,2003,1FMZU77E93UA,1,F,M,Z,U,7,7,E,9,3,U,A,0,P,FORD,EPR,UT,3,17,3962,,0,1259,,G,,0,0,000000000,00000000000,0,0,0,1,0,0,0,0,0,0,0,77,0,1,1,5,5,6,2,1,0,0,0,1,42,15946,6,1,0,0,3,3,60,999,0,0,0,0,0,0,0,0,0,0,0,0,0,0,2,2,70,1,1,2,1,0,0,1,10,1,1,2,45,1,1
45,450397,2,2,2,3,8,11,15,12,6,1,0,21,1,55,33,55033,4,2008,5NPEU46F98H3,5,N,P,E,U,4,6,F,9,8,H,3,0,P,HYUN,SLI,4D,8,17,3458,,0,1074,,G,,0,0,000000000,00000000000,0,0,0,1,0,0,0,0,0,0,0,50,0,0,0,12,12,2,1,12,0,0,0,1,21,40175,6,1,0,0,3,0,68,175,0,0,0,0,0,0,0,0,0,0,27,0,0,0,2,2,70,1,1,2,1,0,0,1,59,1,1,1,44,0,0
45,450398,1,1,1,2,8,15,10,34,0,1,0,45,1,98,709,98709,81,2007,999999999999,9,9,9,9,9,9,9,9,9,9,9,9,0,U,,,,9,17,,,,,,,,0,0,000000000,00000000000,0,0,0,1,0,0,0,0,0,0,0,35,0,0,0,12,12,6,2,31,0,0,0,1,45,29464,6,1,0,0,3,3,74,200,0,3,0,0,2,2,2008,3,2010,0,28,0,0,0,2,3,40,1,1,2,1,0,0,1,13,1,1,4,1,1,1
45,450399,1,2,4,10,8,23,25,12,6,1,0,45,2,24,2,24002,2,1999,1G8ZF1283XZ1,1,G,8,Z,F,1,2,8,3,X,Z,1,0,P,STRN,SC1,CP,99,17,2350,,0,1024,,G,,0,0,000000000,00000000000,0,0,0,1,0,0,0,0,0,0,0,22,0,0,0,3,3,6,2,12,0,0,0,1,21,42104,6,1,0,0,3,0,62,107,0,0,0,0,0,0,0,0,0,0,39,0,0,0,1,2,55,1,1,2,1,20,3,1,17,1,1,1,87,4,0
45,450399,2,2,1,10,8,23,25,12,6,1,0,37,2,30,40,30040,4,2001,3VWSD69MX1M1,3,V,W,S,D,6,9,M,X,1,M,1,0,P,VOLK,JGS,4D,1,17,2877,,0,989,,G,,0,0,000000000,00000000000,0,0,0,1,0,0,0,0,0,0,0,55,0,1,5,12,12,6,2,12,0,0,0,1,37,28340,1,1,0,0,2,0,70,999,0,5,0,1,5,12,2007,2,2010,0,0,0,0,0,1,2,55,1,1,2,1,0,0,1,17,1,1,2,86,0,0
45,450400,1,1,1,16,5,21,24,18,0,1,0,45,3,82,881,82881,66,2007,1FUJA6DE17LX,1,F,U,J,A,6,D,E,1,7,L,X,1,T,FRHT,COL,TR,7,17,,8,0,0,CON,D,,1,45,0551480,450551480,3,6,1,1,0,0,0,0,0,0,0,50,0,0,0,12,12,6,2,8,0,0,0,1,13,29730,6,1,6,0,3,0,70,190,98,0,0,3,3,3,2008,12,2009,0,0,0,0,0,1,2,55,1,1,2,2,0,0,2,90,8,9,2,12,0,0
45,450401,1,1,4,5,6,18,30,1,0,1,0,45,1,38,402,38402,14,1995,4S2CK58V5S43,4,S,2,C,K,5,8,V,5,S,4,3,0,P,ISU,ROD,UT,95,17,0,,0,1087,,G,,0,0,000000000,00000000000,0,0,0,1,0,0,0,0,0,0,0,70,0,1,1,0,0,6,2,1,0,0,0,1,45,29321,0,0,0,0,0,0,999,999,99,99,99,99,99,99,9999,99,9999,1,58,0,0,0,2,2,60,1,1,2,1,0,0,15,6,9,3,2,98,2,0
45,450402,1,1,1,3,8,10,56,1,0,1,0,45,1,37,705,37705,80,2009,JH2SC59J99K0,J,H,2,S,C,5,9,J,9,9,K,0,0,M,HOND,CBS,RC,9,17,,,,,,,999,0,0,000000000,00000000000,0,0,0,1,0,0,0,0,0,0,0,60,0,0,0,0,0,6,2,23,0,0,0,1,45,29406,6,1,0,0,3,0,999,999,99,99,99,99,99,99,9999,99,9999,1,0,0,0,0,6,1,55,2,2,2,1,0,0,14,11,1,1,1,98,1,1
45,450403,1,1,1,4,8,1,42,9,0,1,0,45,1,37,32,37032,4,1999,1HGCG665XXA1,1,H,G,C,G,6,6,5,X,X,A,1,0,P,HOND,ULX,4D,99,17,3053,,0,1069,,G,,0,0,000000000,00000000000,0,0,0,1,0,0,0,0,0,0,0,60,0,0,0,12,12,6,2,9,0,0,0,1,45,29906,6,1,0,0,3,3,60,100,0,0,0,0,0,0,0,0,0,0,0,0,0,0,2,2,60,1,1,2,1,0,0,1,80,1,1,1,13,0,0
45,450404,1,2,1,7,8,16,46,12,6,1,0,45,1,2,406,2406,14,2007,1J8HH58277C5,1,J,8,H,H,5,8,2,7,7,C,5,0,T,JEEP,LTD,4W,7,17,,2,0,1095,CMD,G,,0,0,000000000,00000000000,0,0,0,1,0,0,0,0,0,0,0,68,0,0,0,12,12,6,2,12,0,0,0,1,45,29706,6,1,0,0,3,0,71,190,0,1,0,5,0,12,2008,3,2010,1,0,0,0,0,1,2,55,1,2,2,1,20,3,1,17,1,1,1,88,0,0
45,450404,2,2,1,7,8,16,46,12,6,1,0,45,1,37,32,37032,4,1997,1HGCD5637VA2,1,H,G,C,D,5,6,3,7,V,A,2,0,P,HOND,ULE,4D,97,17,2864,,0,1069,,G,,0,0,000000000,00000000000,0,0,0,1,0,0,0,0,0,0,0,20,0,0,0,9,9,6,2,12,0,0,0,1,45,29729,6,2,0,0,3,0,65,170,0,0,0,0,0,0,0,0,0,0,38,0,0,0,1,2,55,1,2,2,1,20,3,1,17,1,1,1,89,1,0
45,450405,1,1,1,8,8,0,35,42,0,1,0,45,1,35,43,35043,4,1997,1N4AB41D2VC7,1,N,4,A,B,4,1,D,2,V,C,7,0,P,NISS,XGU,4D,97,17,2237,,0,998,,G,,0,0,000000000,00000000000,0,0,0,1,0,0,0,0,0,0,0,60,0,0,0,2,2,6,2,42,0,0,0,1,45,29115,0,0,0,0,0,0,999,999,99,99,99,99,99,99,9999,99,9999,1,0,0,0,0,2,2,45,1,1,2,1,0,0,1,12,1,1,4,6,1,1
45,450406,1,1,1,21,7,7,53,9,0,1,0,45,1,2,404,2404,14,2001,1J4GX48S01C6,1,J,4,G,X,4,8,S,0,1,C,6,0,T,JEEP,LRO,4W,1,17,,1,0,1059,GCK,G,,0,0,000000000,00000000000,0,0,0,1,0,0,0,0,0,0,0,15,0,0,0,12,12,0,1,9,0,0,0,1,45,29150,6,1,0,0,3,3,64,130,0,0,0,2,1,10,2007,4,2008,0,26,0,0,0,1,2,25,1,1,2,1,0,0,1,80,1,1,1,13,0,0
45,450407,1,2,1,12,5,15,15,12,6,1,0,45,1,51,45,51045,4,2008,YV1AS9820810,Y,V,1,A,S,9,8,2,0,8,1,0,0,P,VOLV,S3F,4D,8,17,3825,,0,1116,,G,,0,0,000000000,00000000000,0,0,0,1,0,0,0,0,0,0,0,5,0,0,0,2,2,0,1,12,0,0,0,1,45,29550,6,1,0,0,3,3,67,135,0,0,0,1,1,7,2007,2,2008,0,38,0,0,0,2,2,35,1,1,2,1,0,0,11,62,1,1,1,68,0,0
45,450407,2,2,1,12,5,15,15,12,6,1,0,45,1,37,705,37705,80,2005,JH2RD06025M3,J,H,2,R,D,0,6,0,2,5,M,3,0,M,HOND,R6L,RT,5,17,,,,,,,644,0,0,000000000,00000000000,0,0,0,1,0,0,0,0,0,0,0,40,0,0,0,12,12,6,2,12,0,0,0,1,45,29069,1,1,0,0,2,0,72,235,0,1,0,0,0,2,2008,2,2008,0,0,0,0,0,2,2,35,1,1,2,1,0,0,1,19,1,1,1,69,1,0
45,450408,1,1,1,12,7,14,57,1,0,1,0,45,1,12,401,12401,14,1996,1FMDU32X9TUC,1,F,M,D,U,3,2,X,9,T,U,C,0,P,FORD,EPR,UT,96,17,3952,,0,1115,,G,,0,0,000000000,00000000000,0,0,0,1,0,0,0,0,0,0,0,35,0,1,1,0,0,6,2,1,0,0,0,1,45,29033,6,1,0,0,3,0,66,120,1,0,0,3,0,9,2007,10,2009,1,0,0,0,0,3,2,35,1,2,2,1,0,0,4,6,1,1,2,98,1,1
45,450409,1,1,6,25,7,8,58,1,0,1,0,13,1,7,442,7442,20,2005,2D4GP44L95R2,2,D,4,G,P,4,4,L,9,5,R,2,0,P,DODG,CAR,SV,5,17,4222,,0,1193,,G,,0,0,000000000,00000000000,0,0,0,1,0,0,0,0,0,0,0,78,0,1,1,0,0,6,2,1,0,0,0,1,13,30078,6,1,0,0,3,0,66,195,98,0,0,0,0,0,0,0,0,0,0,0,0,0,3,2,70,1,2,2,1,0,0,1,1,1,1,2,98,1,0
45,450410,1,4,1,31,7,19,20,12,1,1,0,45,1,41,401,41401,14,1992,4F2CU42X0NUM,4,F,2,C,U,4,2,X,0,N,U,M,0,P,MAZD,NAV,UT,92,17,3841,,0,1021,,G,,0,0,000000000,00000000000,0,0,0,1,0,0,0,0,0,0,0,45,0,0,0,12,12,6,2,12,0,0,0,1,45,29582,0,0,0,0,0,0,999,999,99,99,99,99,99,99,9999,99,9999,0,0,0,0,0,3,4,45,1,1,2,1,0,0,1,11,1,1,2,24,0,1
45,450410,2,4,6,31,7,19,20,12,1,1,0,95,1,37,441,37441,20,2010,5FNRL3H5XAB5,5,F,N,R,L,3,H,5,X,A,B,5,0,P,HOND,UDY,SV,10,17,4475,,0,1181,,G,,0,0,000000000,00000000000,0,0,0,1,0,0,0,0,0,0,0,45,0,0,0,6,6,0,1,12,0,0,0,1,95,0,9,9,99,9,9,9,999,999,99,99,99,99,99,99,9999,99,9999,0,0,0,0,0,3,4,45,1,1,2,1,0,0,1,61,1,1,1,26,0,0
45,450410,3,4,1,31,7,19,20,12,1,1,0,51,1,37,421,37421,15,2004,5FNYF18574B0,5,F,N,Y,F,1,8,5,7,4,B,0,0,P,HOND,PIL,UT,4,17,4400,,0,1063,,G,,0,0,000000000,00000000000,0,0,0,1,0,0,0,0,0,0,0,45,0,0,0,10,10,6,2,12,0,0,0,1,51,22310,6,1,0,0,3,0,73,190,0,0,0,1,0,5,2010,5,2010,0,0,0,0,0,3,4,45,1,1,2,1,0,0,1,66,1,1,2,98,1,0
45,450410,4,4,2,31,7,19,20,12,1,1,0,12,3,2,405,2405,14,2010,1J4PP2GKXAW1,1,J,4,P,P,2,G,K,X,A,W,1,0,T,JEEP,SPR,4W,10,17,,1,0,1061,LIB,G,,0,0,000000000,00000000000,0,0,0,1,0,0,0,0,0,0,0,0,0,0,0,10,10,6,2,12,0,0,0,1,13,30082,6,1,0,0,3,0,69,190,98,0,0,0,0,0,0,0,0,0,0,0,0,0,3,4,45,1,1,2,1,20,3,5,66,1,1,1,98,0,0