STATE,ST_CASE,VEH_NO,VE_FORMS,NUMOCCS,DAY,MONTH,HOUR,MINUTE,HARM_EV,MAN_COLL,UNITTYPE,HIT_RUN,REG_STAT,OWNER,MAKE,MODEL,MAK_MOD,BODY_TYP,MOD_YEAR,VIN,VIN_1,VIN_2,VIN_3,VIN_4,VIN_5,VIN_6,VIN_7,VIN_8,VIN_9,VIN_10,VIN_11,VIN_12,TOW_VEH,VINTYPE,VINMAKE,VINA_MOD,VIN_BT,VINMODYR,VIN_LNGT,VIN_WGT,WGTCD_TR,WHLBS_LG,WHLBS_SH,SER_TR,FUELCODE,MCYCL_DS,J_KNIFE,MCARR_I1,MCARR_I2,MCARR_ID,GVWR,V_CONFIG,CARGO_BT,HAZ_INV,HAZ_PLAC,HAZ_ID,HAZ_CNO,HAZ_REL,BUS_USE,SPEC_USE,EMER_USE,TRAV_SP,UNDERIDE,ROLLOVER,ROLINLOC,IMPACT1,IMPACT2,DEFORMED,TOWED,M_HARM,VEH_SC1,VEH_SC2,FIRE_EXP,DR_PRES,L_STATE,DR_ZIP,L_STATUS,L_TYPE,CDL_STAT,L_ENDORS,L_COMPL,L_RESTRI,DR_HGT,DR_WGT,PREV_ACC,PREV_SUS,PREV_DWI,PREV_SPD,PREV_OTH,FIRST_MO,FIRST_YR,LAST_MO,LAST_YR,SPEEDREL,DR_SF1,DR_SF2,DR_SF3,DR_SF4,VTRAFWAY,VNUM_LAN,VSPD_LIM,VALIGN,VPROFILE,VPAVETYP,VSURCOND,VTRAFCON,VTCONT_F,P_CRASH1,P_CRASH2,P_CRASH3,PCRASH4,PCRASH5,ACC_TYPE,DEATHS,DR_DRINK
45,450567,1,2,2,25,10,10,16,12,2,1,0,45,1,20,471,20471,30,1989,1GCCS14Z3K21,1,G,C,C,S,1,4,Z,3,K,2,1,0,T,CHEV,S14,PK,89,17,,1,1179,1083,S,G,,0,0,000000000,00000000000,0,0,0,1,0,0,0,0,0,0,0,55,0,0,0,12,12,6,2,12,0,0,0,1,45,29805,6,1,0,0,3,0,68,250,1,1,0,1,0,1,2008,11,2009,0,0,0,0,0,1,2,55,2,2,2,2,0,0,14,62,1,1,1,51,1,0
45,450567,2,2,1,25,10,10,16,12,2,1,0,45,1,12,471,12471,30,1991,1FTCR15X8MPA,1,F,T,C,R,1,5,X,8,M,P,A,0,T,FORD,RNS,PS,91,17,,1,0,1250,RNG,G,,0,0,000000000,00000000000,0,0,0,1,0,0,0,0,0,0,0,58,0,0,0,12,12,6,2,12,0,0,0,1,45,29212,6,1,0,0,3,0,70,150,0,0,0,4,0,3,2008,5,2010,0,51,0,0,0,1,2,55,2,2,2,2,0,0,14,54,1,1,2,50,0,0
45,450568,1,2,1,3,9,0,21,12,6,1,0,45,1,41,471,41471,30,2002,4F4YR16U52TM,4,F,4,Y,R,1,6,U,5,2,T,M,0,T,MAZD,3CP,PC,2,17,,1,0,1257,B30,G,,0,0,000000000,00000000000,0,0,0,1,0,0,0,0,0,0,0,55,0,0,0,12,12,6,2,12,0,0,0,1,45,29009,6,1,0,0,3,0,74,205,0,0,0,0,0,0,0,0,0,0,0,0,0,0,1,2,55,1,1,2,1,20,3,1,17,1,1,1,86,0,0
45,450568,2,2,1,3,9,0,21,12,6,1,0,45,2,37,32,37032,4,2000,1HGCG5546YA1,1,H,G,C,G,5,5,4,6,Y,A,1,0,P,HOND,ULX,4D,0,17,2987,,0,1069,,G,,0,0,000000000,00000000000,0,0,0,1,0,0,0,0,0,0,0,55,0,1,5,2,2,6,2,12,0,0,0,1,45,29067,1,1,5,0,2,0,76,255,1,2,0,0,0,4,2008,12,2009,0,38,0,0,0,1,2,55,1,1,2,1,20,3,1,17,1,1,2,87,1,1
45,450569,1,1,1,11,9,17,21,33,0,1,0,45,1,98,709,98709,81,9999,999999999999,9,9,9,9,9,9,9,9,9,9,9,9,0,U,,,,9,17,,,,,,,,0,0,000000000,00000000000,0,0,0,1,0,0,0,0,0,0,0,999,0,0,0,12,12,6,2,33,0,0,0,1,45,29621,1,1,5,0,2,0,68,140,0,0,0,0,1,2,2010,2,2010,0,0,0,0,0,2,2,99,1,2,2,1,0,0,1,8,1,3,4,2,1,1
45,450570,1,2,1,13,10,9,15,12,6,1,0,45,1,49,472,49472,30,1999,4TAVL52N8XZ4,4,T,A,V,L,5,2,N,8,X,Z,4,0,T,TOYT,XTR,PC,99,17,,1,0,1219,TAC,G,,0,0,000000000,00000000000,0,0,0,1,0,0,0,0,0,0,0,55,0,0,0,12,12,6,2,12,0,0,0,1,45,29621,6,1,0,0,3,0,74,161,0,0,0,0,0,0,0,0,0,0,0,0,0,0,1,2,55,1,3,2,1,20,3,1,17,1,1,1,88,0,0
45,450570,2,2,1,13,10,9,15,12,6,1,0,45,1,14,17,14017,4,1996,1MELM50U9TA6,1,M,E,L,M,5,0,U,9,T,A,6,0,P,MERC,SGS,4D,96,17,3358,,0,1085,,G,,0,0,000000000,00000000000,0,0,0,1,0,0,0,0,0,0,0,10,0,0,0,9,9,6,2,12,0,0,0,1,45,29627,6,1,0,0,3,3,63,135,0,0,0,0,1,11,2007,11,2007,0,38,0,0,0,1,2,55,1,3,2,1,20,3,1,17,1,1,1,89,1,0
45,450571,1,1,1,13,10,1,58,42,0,1,0,45,1,41,50,41050,4,2008,1YVHP80C985M,1,Y,V,H,P,8,0,C,9,8,5,M,0,P,MAZD,M6I,4D,8,17,3093,,0,1053,,G,,0,0,000000000,00000000000,0,0,0,1,0,0,0,0,0,0,0,70,0,0,0,10,10,6,2,2,0,0,1,1,45,29568,6,1,0,0,3,0,70,185,0,0,0,0,0,0,0,0,0,1,0,0,0,0,1,2,55,2,2,2,1,0,0,14,13,1,1,4,1,1,0
45,450572,1,1,1,16,10,20,15,32,0,1,0,45,1,12,17,12017,4,2001,1FAFP58S81A1,1,F,A,F,P,5,8,S,8,1,A,1,0,P,FORD,TSE,SW,1,17,3540,,0,1085,,G,,0,0,000000000,00000000000,0,0,0,1,0,0,0,0,0,0,0,55,0,1,5,12,12,6,2,1,0,0,0,1,45,29335,6,1,0,0,3,3,69,138,0,1,0,0,0,5,2009,5,2009,0,0,0,0,0,1,2,40,1,1,2,1,0,0,1,13,1,1,4,1,1,1
45,450573,1,1,1,17,10,15,30,42,0,1,0,5,1,73,705,73705,80,2002,JKBVNAR182A0,J,K,B,V,N,A,R,1,8,2,A,0,0,M,KAWK,V5R,RS,2,17,,,,,,,1500,0,0,000000000,00000000000,0,0,0,1,0,0,0,0,0,0,0,55,0,0,0,2,2,6,2,42,0,0,0,1,5,72761,6,1,0,0,3,3,70,215,0,0,0,0,0,0,0,0,0,1,0,0,0,0,1,2,35,2,2,2,1,0,0,14,13,1,1,4,1,1,1
45,450574,1,1,2,19,10,16,15,33,0,1,0,45,2,12,401,12401,14,1998,1FMYU22X4WUD,1,F,M,Y,U,2,2,X,4,W,U,D,0,P,FORD,EPR,UT,98,17,3692,,0,1017,,G,,0,0,000000000,00000000000,0,0,0,1,0,0,0,0,0,0,0,60,0,1,5,12,12,6,2,1,0,0,0,1,45,29407,6,1,0,0,3,3,67,195,0,2,1,0,0,7,2009,1,2010,0,58,0,0,0,3,3,60,1,1,2,1,0,0,1,13,1,3,4,2,1,0
45,450575,1,1,2,23,10,4,30,1,0,1,0,45,1,20,481,20481,31,2000,1GNCS13W0Y21,1,G,N,C,S,1,3,W,0,Y,2,1,0,P,CHEV,BZR,UT,0,17,3671,,0,1070,,G,,0,0,000000000,00000000000,0,0,0,1,0,0,0,0,0,0,0,999,0,1,3,0,98,6,2,1,0,0,0,1,45,29745,1,1,5,0,2,0,75,200,1,1,1,2,2,3,2008,7,2009,0,0,0,0,0,2,2,55,1,1,2,1,0,0,1,13,1,1,7,6,1,1
45,450576,1,1,1,25,10,1,20,1,0,1,0,45,1,73,705,73705,80,2003,JKAZX9B163A0,J,K,A,Z,X,9,B,1,6,3,A,0,0,M,KAWK,Z1B,RS,3,17,,,,,,,1200,0,0,000000000,00000000000,0,0,0,1,0,0,0,0,0,0,0,30,0,0,0,0,98,6,2,1,0,0,0,1,45,29445,6,1,0,0,3,3,73,260,0,0,0,2,0,11,2008,4,2009,1,0,0,0,0,6,1,30,2,2,2,2,0,0,14,9,1,1,1,98,1,1
45,450577,1,1,3,23,10,6,10,1,0,1,0,12,1,20,401,20401,14,2003,1GNEC13Z93J1,1,G,N,E,C,1,3,Z,9,3,J,1,0,P,CHEV,CTA,UT,3,17,4828,,0,1160,,F,,0,0,000000000,00000000000,0,0,0,1,0,0,0,0,0,0,0,75,0,1,5,0,4,6,2,1,0,0,0,1,12,32826,6,1,0,0,3,0,75,999,0,0,0,1,0,11,2009,11,2009,1,28,0,0,0,2,2,70,1,1,2,1,0,0,1,6,1,3,4,2,1,0
45,450578,1,1,1,28,10,7,45,34,0,1,0,45,1,52,46,52046,4,2002,JA3AJ26E32U0,J,A,3,A,J,2,6,E,3,2,U,0,0,P,MITS,LES,4D,2,17,2646,,0,1024,,G,,0,0,000000000,00000000000,0,0,0,1,0,0,0,0,0,0,0,60,0,1,5,12,12,6,2,1,0,0,0,1,45,29440,6,1,0,0,3,0,73,178,1,1,1,0,0,9,2008,9,2008,1,8,28,0,0,1,2,45,4,1,2,1,0,0,14,12,1,1,4,6,1,1
45,450579,1,2,3,29,10,20,30,12,6,1,0,45,1,20,401,20401,14,1998,1GNDT13W2W22,1,G,N,D,T,1,3,W,2,W,2,2,0,P,CHEV,BZR,UT,98,17,4046,,0,1070,,G,,0,0,000000000,00000000000,0,0,0,1,0,0,0,0,0,0,0,55,0,0,0,12,12,6,2,12,0,0,0,1,45,29709,6,1,0,0,3,3,69,140,0,0,0,0,0,0,0,0,0,0,0,0,0,0,1,2,55,1,1,2,1,0,0,1,62,1,1,1,65,0,0
45,450579,2,2,1,29,10,20,30,12,6,1,0,45,2,49,32,49032,4,1996,2T1BB02E1TC1,2,T,1,B,B,0,2,E,1,T,C,1,0,P,TOYT,CRD,4D,96,17,2381,,0,970,,G,,0,0,000000000,00000000000,0,0,0,1,0,0,0,0,0,0,0,45,0,0,0,3,3,6,2,12,0,0,0,1,45,29709,6,1,0,0,3,0,69,145,0,0,0,0,0,0,0,0,0,0,28,58,51,0,1,2,55,1,1,2,1,0,0,1,54,1,1,1,64,1,1
45,450580,1,1,2,31,10,6,30,23,0,1,0,45,2,20,37,20037,4,1999,1G1NE52J9XY1,1,G,1,N,E,5,2,J,9,X,Y,1,0,P,CHEV,M/L,4D,99,17,3077,,0,1070,,G,,0,0,000000000,00000000000,0,0,0,1,0,0,0,0,0,0,0,52,0,1,5,1,1,6,2,1,0,0,0,1,45,29341,6,1,0,0,3,0,76,245,0,0,0,0,0,0,0,0,0,0,0,0,0,0,1,2,25,1,1,2,1,40,3,1,13,1,1,4,1,1,1
45,450581,1,1,1,1,11,17,25,9,0,1,0,45,1,49,40,49040,4,2001,4T1BG22K51U0,4,T,1,B,G,2,2,K,5,1,U,0,0,P,TOYT,CXL,4D,1,17,2998,,0,1051,,G,,0,0,000000000,00000000000,0,0,0,1,0,0,0,0,0,0,0,50,0,0,0,12,12,6,2,9,0,0,0,1,45,29161,6,1,0,0,3,0,66,220,0,0,0,0,0,0,0,0,0,1,0,0,0,0,1,2,55,1,1,2,1,0,0,1,83,1,1,1,13,0,0
45,450582,1,2,1,2,11,18,55,12,2,1,0,45,1,20,481,20481,31,2003,2GCEC19T3314,2,G,C,E,C,1,9,T,3,3,1,4,0,T,CHEV,SC1,4C,3,17,,2,1575,1435,SIL,G,,0,0,000000000,00000000000,0,0,0,1,0,0,0,0,0,0,0,45,0,0,0,12,12,6,2,12,0,0,0,1,45,29512,6,1,0,0,3,3,69,170,0,0,0,0,1,4,2008,4,2008,0,0,0,0,0,1,2,55,1,1,2,1,0,0,1,62,1,1,1,51,0,1
45,450582,2,2,1,2,11,18,55,12,2,1,0,45,1,52,37,52037,2,2001,4A3AC84H01E1,4,A,3,A,C,8,4,H,0,1,E,1,0,P,MITS,ECG,2H,1,17,3120,,0,1008,,G,,0,0,000000000,00000000000,0,0,0,1,0,0,0,0,0,0,0,55,0,0,0,12,12,6,2,12,0,0,0,1,45,29512,6,1,0,0,3,0,63,135,0,0,0,2,0,7,2009,7,2009,0,51,0,0,0,1,2,55,1,1,2,1,0,0,1,54,1,1,2,50,1,0
45,450583,1,1,1,4,11,19,10,8,0,1,0,45,1,49,40,49040,4,1994,4T1SK12E9RU4,4,T,1,S,K,1,2,E,9,R,U,4,0,P,TOYT,CLE,4D,94,17,3086,,0,1031,,G,,0,0,000000000,00000000000,0,0,0,1,0,0,0,0,0,0,0,45,0,0,0,12,12,2,3,8,0,0,0,1,45,29655,6,1,0,0,3,0,70,220,0,0,0,0,0,0,0,0,0,0,0,0,0,0,1,2,45,1,1,2,1,0,0,1,80,1,1,1,13,0,1
45,450584,1,1,1,5,11,11,25,1,0,1,0,95,1,76,705,76705,80,1985,999999999999,9,9,9,9,9,9,9,9,9,9,9,9,0,U,,,,9,17,,,,,,,,0,0,000000000,00000000000,0,0,0,1,0,0,0,0,0,0,0,30,0,0,0,0,0,6,2,1,0,0,0,1,95,0,6,1,6,0,3,0,999,999,99,99,99,99,99,99,9999,99,9999,1,0,0,0,0,1,2,50,2,2,2,1,0,0,14,6,1,2,1,98,1,0
45,450585,1,1,1,10,11,14,55,42,0,1,0,45,2,22,20,22020,4,2000,1G2WJ52J2YF2,1,G,2,W,J,5,2,J,2,Y,F,2,0,P,PONT,GFS,4D,0,17,3373,,0,1105,,G,,0,0,000000000,00000000000,0,0,0,1,0,0,0,0,0,0,0,999,0,1,5,2,2,6,2,42,0,0,0,1,45,29303,6,1,0,0,3,0,73,170,0,0,0,0,0,0,0,0,0,0,0,0,0,0,1,2,35,3,1,2,1,0,0,14,12,1,1,4,6,1,1
45,450586,1,2,1,27,9,6,31,12,8,1,0,45,3,82,881,82881,66,1997,1FUYDSEB0VL7,1,F,U,Y,D,S,E,B,0,V,L,7,1,T,FRHT,FLD,TR,97,17,,8,0,0,CON,D,,1,45,1313518,451313518,3,6,8,1,0,0,0,0,0,0,0,55,0,0,0,7,7,2,1,12,0,0,0,1,45,29532,6,1,6,0,3,0,71,180,0,0,0,0,0,0,0,0,0,0,51,0,0,0,1,2,55,2,1,2,2,0,0,14,10,1,1,2,64,0,0
45,450586,2,2,1,27,9,6,31,12,8,1,0,45,1,35,471,35471,30,1991,1N6SD11S0MC4,1,N,6,S,D,1,1,S,0,M,C,4,0,T,NISS,SWB,PK,91,17,,1,0,1043,TRK,G,,0,0,000000000,00000000000,0,0,0,1,0,0,0,0,0,0,0,55,0,0,0,10,10,6,2,12,0,0,0,1,45,29506,6,1,0,0,3,0,72,230,0,0,0,0,0,0,0,0,0,0,0,0,0,0,1,2,55,2,1,2,2,0,0,14,62,1,1,1,65,1,0
45,450587,1,1,1,4,10,23,30,43,0,1,0,45,1,37,32,37032,4,2003,JHMCM56333C0,J,H,M,C,M,5,6,3,3,3,C,0,0,P,HOND,ULX,4D,3,17,3053,,0,1079,,G,,0,0,000000000,00000000000,0,0,0,1,0,0,0,0,0,0,0,65,0,0,0,12,12,6,2,42,0,0,0,1,45,29710,6,1,0,0,3,0,70,175,0,0,0,0,0,0,0,0,0,1,0,0,0,0,1,2,55,2,2,2,1,0,0,14,13,1,1,4,1,1,0
45,450588,1,3,2,6,10,13,34,12,1,1,0,45,1,7,41,7041,4,2000,2B3HD46R4YH3,2,B,3,H,D,4,6,R,4,Y,H,3,0,P,DODG,INT,4D,0,17,3385,,0,1130,,G,,0,0,000000000,00000000000,0,0,0,1,0,0,0,0,0,0,0,0,0,0,0,6,6,6,2,12,0,0,0,1,45,29073,6,1,0,0,3,0,69,240,0,0,0,0,0,0,0,0,0,0,0,0,0,0,1,2,45,1,1,2,1,20,3,5,59,1,1,1,98,0,0
45,450588,2,3,2,6,10,13,34,12,1,1,0,45,1,23,472,23472,30,2004,1GTDT1363481,1,G,T,D,T,1,3,6,3,4,8,1,0,T,GMC,CAN,CW,4,17,,1,0,1260,CAN,G,,0,0,000000000,00000000000,0,0,0,1,0,0,0,0,0,0,0,0,0,0,0,6,6,6,2,12,0,0,0,1,45,29172,6,1,0,0,3,0,70,200,0,0,0,0,0,0,0,0,0,0,0,0,0,0,1,2,45,1,1,2,1,20,3,5,50,1,1,1,22,1,0
45,450588,3,3,1,6,10,13,34,12,1,1,0,45,1,21,20,21020,4,1999,1G3NB52M9X63,1,G,3,N,B,5,2,M,9,X,6,3,0,P,OLDS,CGL,4D,99,17,3102,,0,1070,,G,,0,0,000000000,00000000000,0,0,0,1,0,0,0,0,0,0,0,70,0,0,0,12,12,6,2,12,0,0,0,1,45,29170,6,1,0,0,3,0,71,203,2,0,0,0,0,12,2008,8,2010,1,0,0,0,0,1,2,45,1,1,2,1,20,3,1,50,1,1,1,20,0,0
45,450589,1,2,1,23,10,22,25,12,1,1,0,45,1,7,472,7472,30,1993,1B7GG23X6PS1,1,B,7,G,G,2,3,X,6,P,S,1,0,T,DODG,DAK,PC,93,17,,1,0,1309,DAK,G,,0,0,000000000,00000000000,0,0,0,1,0,0,0,0,0,0,0,30,0,0,0,6,6,2,1,12,0,0,0,1,45,29673,6,1,0,0,3,0,76,200,0,0,0,1,0,6,2009,6,2009,0,0,0,0,0,3,4,45,1,1,2,1,40,3,2,78,1,1,1,25,0,0
45,450589,2,2,1,23,10,22,25,12,1,1,0,45,1,72,706,72706,80,1996,1HD1GEL11TY3,1,H,D,1,G,E,L,1,1,T,Y,3,0,M,HD,FWG,RS,96,17,,,,,,,1340,0,0,000000000,00000000000,0,0,0,1,0,0,0,0,0,0,0,60,0,0,0,12,12,6,2,12,0,0,0,1,45,29673,6,1,0,0,3,0,71,170,0,2,0,0,0,8,2008,12,2008,1,0,0,0,0,3,4,45,1,1,2,1,40,3,1,18,1,1,1,24,1,1
45,450590,1,1,1,24,10,2,25,34,0,1,0,45,1,12,3,12003,2,2007,1ZVHT80N9752,1,Z,V,H,T,8,0,N,9,7,5,2,0,P,FORD,MUS,CP,7,17,3352,,0,1071,,G,,0,0,000000000,00000000000,0,0,0,1,0,0,0,0,0,0,0,90,0,1,5,12,12,6,2,34,0,0,0,1,45,29569,1,1,5,0,2,0,71,155,2,1,0,2,0,8,2008,2,2010,1,0,0,0,0,1,2,55,2,1,2,1,0,0,14,6,1,3,4,2,1,1
45,450591,1,2,2,5,11,11,7,12,6,1,0,45,1,7,472,7472,31,1993,1B7FL23X6PS1,1,B,7,F,L,2,3,X,6,P,S,1,0,T,DODG,DAK,PC,93,17,,1,0,1309,DAK,G,,0,0,000000000,00000000000,0,0,0,1,0,0,0,0,0,0,0,10,0,0,0,10,10,6,2,12,0,0,0,1,45,29048,6,1,0,0,3,0,67,165,0,0,0,0,0,0,0,0,0,0,39,0,0,0,1,2,45,1,1,2,1,20,3,4,16,1,1,1,89,2,0
45,450591,2,2,1,5,11,11,7,12,6,1,0,45,1,86,881,86881,66,2000,1M1AA18Y8YW1,1,M,1,A,A,1,8,Y,8,Y,W,1,1,T,MACK,CH6,TR,0,17,,8,0,0,600,D,,1,45,0516763,450516763,3,6,3,1,0,0,0,0,0,0,0,40,0,0,0,12,2,6,2,12,0,0,0,1,45,29649,6,1,6,3,3,0,68,180,0,0,0,0,0,0,0,0,0,0,0,0,0,0,1,2,45,1,2,2,1,0,0,1,65,1,1,1,88,0,0
45,450592,1,1,1,6,11,1,30,39,0,1,0,45,2,12,13,12013,4,1998,1FAFP13P6WW2,1,F,A,F,P,1,3,P,6,W,W,2,0,P,FORD,ESS,4D,98,17,2468,,0,984,,G,,0,0,000000000,00000000000,0,0,0,1,0,0,0,0,0,0,0,65,0,1,5,12,12,6,2,39,0,0,0,1,45,29458,6,1,0,0,3,0,74,175,1,0,0,0,0,11,2009,11,2009,1,0,0,0,0,1,2,35,1,1,2,1,0,0,1,13,1,1,4,1,1,1
45,450593,1,2,1,8,11,21,48,12,6,1,0,45,1,38,401,38401,14,1999,JACDJ58X4X79,J,A,C,D,J,5,8,X,4,X,7,9,0,P,ISU,TRO,UT,99,17,4390,,0,1087,,G,,0,0,000000000,00000000000,0,0,0,1,0,0,0,0,0,0,0,50,0,0,0,12,12,6,2,12,0,0,0,1,45,29643,6,1,0,0,3,0,69,170,0,0,0,1,0,1,2010,1,2010,0,0,0,0,0,1,2,55,2,1,2,1,0,0,14,62,1,1,1,65,0,0
45,450593,2,2,1,8,11,21,48,12,6,1,0,45,1,41,35,41035,4,2002,JM1BJ246X215,J,M,1,B,J,2,4,6,X,2,1,5,0,P,MAZD,PR5,4H,2,17,2716,,0,1028,,G,,0,0,000000000,00000000000,0,0,0,1,0,0,0,0,0,0,0,60,0,0,0,3,12,6,2,12,0,0,0,1,45,29643,6,1,0,0,3,0,66,125,0,0,0,2,0,7,2008,3,2010,1,0,0,0,0,1,2,55,2,1,2,1,0,0,14,54,1,1,1,64,1,0
45,450594,1,2,3,22,9,15,34,12,6,1,0,51,1,12,481,12481,31,1998,2FTZX18W9WCB,2,F,T,Z,X,1,8,W,9,W,C,B,0,T,FORD,F15,3C,98,17,,1,1570,1390,COF,G,,0,0,000000000,00000000000,0,0,0,1,0,0,0,0,0,0,0,35,0,0,0,12,12,6,2,12,0,0,0,1,51,24572,6,1,0,0,3,0,72,215,0,0,0,1,1,8,2009,9,2009,0,39,0,0,0,2,3,35,1,1,2,1,3,3,1,65,1,1,1,69,0,0
45,450594,2,2,2,22,9,15,34,12,6,1,0,45,1,21,2,21002,4,1990,1G3HN54CXLH3,1,G,3,H,N,5,4,C,X,L,H,3,0,P,OLDS,DRF,4D,90,17,3105,,0,1108,,G,,0,0,000000000,00000000000,0,0,0,1,0,0,0,0,0,0,0,5,0,0,0,3,3,6,2,12,0,0,0,1,45,29625,6,1,0,0,3,3,62,118,0,0,0,0,0,0,0,0,0,0,0,0,0,0,2,3,35,1,1,2,1,3,3,11,15,1,1,2,68,1,0
45,450595,1,2,1,8,10,19,21,12,6,1,0,45,1,73,705,73705,80,2006,JKAEXEA116A0,J,K,A,E,X,E,A,1,1,6,A,0,0,M,KAWK,A6F,RS,6,17,,,,,,,649,0,0,000000000,00000000000,0,0,0,1,0,0,0,0,0,0,0,50,0,0,0,12,3,6,2,12,0,0,0,1,45,29906,6,1,0,0,3,0,71,190,0,0,0,0,0,0,0,0,0,0,0,0,0,0,2,3,45,1,1,2,1,0,0,1,17,1,1,1,83,1,0
45,450595,2,2,1,8,10,19,21,12,6,1,0,45,1,49,482,49482,31,2005,5TBDT44135S4,5,T,B,D,T,4,4,1,3,5,S,4,0,T,TOYT,DBS,CW,5,17,,2,0,1283,TUN,G,,0,0,000000000,00000000000,0,0,0,1,0,0,0,0,0,0,0,10,0,0,0,9,9,2,1,12,0,0,0,1,45,29902,6,1,0,0,3,0,999,999,0,0,0,0,0,0,0,0,0,0,38,0,0,0,1,2,45,1,1,2,1,20,3,11,66,1,1,2,82,0,0
45,450596,1,1,1,12,10,20,4,8,0,1,0,45,1,20,36,20036,2,1998,2G1WX12K3W92,2,G,1,W,X,1,2,K,3,W,9,2,0,P,CHEV,MZ3,CP,98,17,3452,,0,1075,,G,,0,0,000000000,00000000000,0,0,0,1,0,0,0,0,0,0,0,45,0,0,0,12,12,2,1,8,0,0,0,1,45,29841,6,2,0,0,3,3,70,207,2,0,0,0,1,8,2009,9,2009,0,0,0,0,0,1,2,45,1,2,2,1,0,0,1,80,1,1,1,13,0,0
45,450597,1,2,1,26,10,8,30,12,6,1,0,45,1,12,481,12481,31,1998,1FTZF1762WNB,1,F,T,Z,F,1,7,6,2,W,N,B,0,T,FORD,F15,PK,98,17,,1,1390,1200,COF,G,,0,0,000000000,00000000000,0,0,0,1,0,0,0,0,0,0,0,15,0,0,0,3,3,2,1,12,0,0,0,1,45,29452,6,1,0,0,3,0,66,180,0,0,0,1,0,2,2009,2,2009,0,38,0,0,0,2,3,45,1,1,2,1,3,3,11,15,1,1,1,68,0,0
45,450597,2,2,1,26,10,8,30,12,6,1,0,45,1,53,705,53705,80,2002,JS1GN7BA0221,J,S,1,G,N,7,B,A,0,2,2,1,0,M,SUZI,G60,RS,2,17,,,,,,,599,0,0,000000000,00000000000,0,0,0,1,0,0,0,0,0,0,0,50,0,0,0,12,12,6,2,12,0,0,0,1,45,29910,6,1,0,0,3,0,60,238,2,0,0,1,0,2,2009,5,2010,0,0,0,0,0,2,3,45,1,1,2,1,3,3,1,17,1,1,1,69,1,0
45,450598,1,2,1,26,10,22,51,12,6,1,0,45,1,20,481,20481,31,1999,2GCEC19W3X12,2,G,C,E,C,1,9,W,3,X,1,2,0,T,CHEV,SC1,3C,99,17,,2,1575,1435,SIL,G,,0,0,000000000,00000000000,0,0,0,1,0,0,0,0,0,0,0,50,0,0,0,12,12,0,1,12,0,0,0,1,45,29153,6,1,0,0,3,3,70,195,0,0,0,1,0,6,2010,6,2010,0,0,0,0,0,1,2,45,1,1,2,1,0,0,1,19,1,1,1,88,0,0
45,450598,2,2,2,26,10,22,51,12,6,1,0,45,1,98,709,98709,81,2003,999999999999,9,9,9,9,9,9,9,9,9,9,9,9,0,U,,,,9,17,,,,,,,,0,0,000000000,00000000000,0,0,0,1,0,0,0,0,0,0,0,25,0,0,0,9,9,6,2,12,0,0,0,1,45,29154,0,0,0,0,0,0,999,999,99,99,99,99,99,99,9999,99,9999,0,36,0,0,0,1,2,45,1,1,2,1,0,0,1,71,1,1,1,89,1,1
45,450599,1,1,5,28,10,23,55,42,0,1,0,45,1,20,401,20401,14,1988,1GNEV18K2JF1,1,G,N,E,V,1,8,K,2,J,F,1,0,P,CHEV,V10,UT,88,17,4675,,0,1295,,G,,0,0,000000000,00000000000,0,0,0,1,0,0,0,0,0,0,0,53,0,0,0,12,12,6,2,42,0,0,0,1,45,29044,6,1,0,0,3,0,62,205,1,0,0,0,0,5,2010,5,2010,0,0,0,0,0,1,2,45,1,1,2,1,20,3,1,8,6,4,4,7,3,0
45,450600,1,2,4,5,11,19,41,12,1,1,0,45,1,13,1,13001,4,2007,1LNHM81W37Y6,1,L,N,H,M,8,1,W,3,7,Y,6,0,P,LINC,SIG,4D,7,17,4345,,0,1177,,G,,0,0,000000000,00000000000,0,0,0,1,0,0,0,0,0,0,0,27,0,0,0,6,6,6,2,12,0,0,0,1,45,29575,6,1,0,0,3,3,67,160,1,0,0,0,0,12,2007,12,2007,0,0,0,0,0,1,2,35,1,1,2,1,0,0,1,78,1,1,1,33,1,0
45,450600,2,2,1,5,11,19,41,12,1,1,0,45,1,20,481,20481,31,2004,1GCEK19TX4E2,1,G,C,E,K,1,9,T,X,4,E,2,0,T,CHEV,SK1,4C,4,17,,2,1575,1435,SIL,G,,0,0,000000000,00000000000,0,0,0,1,0,0,0,0,0,0,0,84,0,1,5,12,12,6,2,12,0,0,0,1,45,29170,6,1,0,0,3,0,69,180,0,0,0,1,0,5,2008,5,2008,0,0,0,0,0,1,2,35,1,1,2,1,0,0,1,51,1,1,1,33,0,1
45,450601,1,1,3,9,11,14,51,8,0,1,0,45,1,37,441,37441,20,2000,2HKRL1851YH5,2,H,K,R,L,1,8,5,1,Y,H,5,0,P,HOND,UDY,SV,0,17,4233,,0,1181,,G,,0,0,000000000,00000000000,0,0,0,1,0,0,0,0,0,0,0,30,0,0,0,12,12,2,1,8,0,0,0,1,45,29180,6,1,0,0,3,3,61,180,0,0,0,0,0,0,0,0,0,0,0,0,0,0,1,2,45,1,2,2,1,0,0,1,80,1,1,1,13,0,0