STATE,ST_CASE,VEH_NO,VE_FORMS,NUMOCCS,DAY,MONTH,HOUR,MINUTE,HARM_EV,MAN_COLL,UNITTYPE,HIT_RUN,REG_STAT,OWNER,MAKE,MODEL,MAK_MOD,BODY_TYP,MOD_YEAR,VIN,VIN_1,VIN_2,VIN_3,VIN_4,VIN_5,VIN_6,VIN_7,VIN_8,VIN_9,VIN_10,VIN_11,VIN_12,TOW_VEH,VINTYPE,VINMAKE,VINA_MOD,VIN_BT,VINMODYR,VIN_LNGT,VIN_WGT,WGTCD_TR,WHLBS_LG,WHLBS_SH,SER_TR,FUELCODE,MCYCL_DS,J_KNIFE,MCARR_I1,MCARR_I2,MCARR_ID,GVWR,V_CONFIG,CARGO_BT,HAZ_INV,HAZ_PLAC,HAZ_ID,HAZ_CNO,HAZ_REL,BUS_USE,SPEC_USE,EMER_USE,TRAV_SP,UNDERIDE,ROLLOVER,ROLINLOC,IMPACT1,IMPACT2,DEFORMED,TOWED,M_HARM,VEH_SC1,VEH_SC2,FIRE_EXP,DR_PRES,L_STATE,DR_ZIP,L_STATUS,L_TYPE,CDL_STAT,L_ENDORS,L_COMPL,L_RESTRI,DR_HGT,DR_WGT,PREV_ACC,PREV_SUS,PREV_DWI,PREV_SPD,PREV_OTH,FIRST_MO,FIRST_YR,LAST_MO,LAST_YR,SPEEDREL,DR_SF1,DR_SF2,DR_SF3,DR_SF4,VTRAFWAY,VNUM_LAN,VSPD_LIM,VALIGN,VPROFILE,VPAVETYP,VSURCOND,VTRAFCON,VTCONT_F,P_CRASH1,P_CRASH2,P_CRASH3,PCRASH4,PCRASH5,ACC_TYPE,DEATHS,DR_DRINK
45,450633,1,1,4,25,7,14,20,42,0,1,0,45,2,12,401,12401,14,2001,1FMZU63P51ZA,1,F,M,Z,U,6,3,P,5,1,Z,A,0,P,FORD,EPR,UT,1,17,3845,,0,1116,,G,,0,0,000000000,00000000000,0,0,0,1,0,0,0,0,0,0,0,999,0,0,0,8,3,6,2,42,0,0,0,1,45,29835,0,0,0,0,0,0,999,999,99,99,99,99,99,99,9999,99,9999,0,80,0,0,0,2,2,55,1,2,2,1,0,0,1,1,1,4,4,7,1,0
45,450634,1,2,1,12,8,7,55,12,6,1,0,45,1,49,50,49050,3,2006,JTKDE1774601,J,T,K,D,E,1,7,7,4,6,0,1,0,P,TOYT,SXC,LB,6,17,2905,,0,1063,,G,,0,0,000000000,00000000000,0,0,0,1,0,0,0,0,0,0,0,20,0,0,0,12,12,6,2,12,0,0,0,1,45,29440,6,1,0,0,3,3,66,140,0,0,0,2,0,9,2009,4,2010,0,38,0,0,0,2,3,35,1,1,2,1,3,3,11,15,1,1,1,76,0,0
45,450634,2,2,1,12,8,7,55,12,6,1,0,45,1,20,481,20481,31,2007,2GCEK13M9715,2,G,C,E,K,1,3,M,9,7,1,5,0,T,CHEV,1KW,CW,7,17,,2,0,1435,SIL,G,,0,0,000000000,00000000000,0,0,0,1,0,0,0,0,0,0,0,45,0,0,0,8,8,6,2,12,0,0,0,1,45,29576,6,1,0,0,3,0,70,275,0,0,0,0,0,0,0,0,0,0,0,0,0,0,2,3,50,1,1,2,1,3,3,1,17,1,1,1,77,1,0
45,450635,1,2,1,12,8,11,43,12,2,1,0,45,1,31,31,31031,2,1986,ZARBA5416G10,Z,A,R,B,A,5,4,1,6,G,1,0,0,P,ALFA,2SP,RD,86,17,2695,,0,945,,G,,0,0,000000000,00000000000,0,0,0,1,0,0,0,0,0,0,0,5,0,0,0,12,12,6,2,12,0,0,0,1,45,29902,6,1,0,0,3,3,70,170,0,0,0,0,0,0,0,0,0,0,28,58,0,0,1,2,55,1,1,2,1,0,0,1,10,1,1,2,50,1,0
45,450635,2,2,1,12,8,11,43,12,2,1,0,18,3,84,881,84881,63,2011,1HTMMAAN1BH3,1,H,T,M,M,A,A,N,1,B,H,3,0,T,INTL,430,CC,11,17,,7,0,0,40S,D,,0,12,0277791,120277791,3,1,1,1,0,0,0,0,0,0,0,5,0,0,0,12,12,6,2,12,0,0,0,1,12,32211,6,1,6,3,3,0,70,999,0,0,0,0,0,0,0,0,0,0,0,0,0,0,1,2,55,1,1,2,1,0,0,1,62,1,1,1,51,0,0
45,450636,1,3,1,13,8,16,40,54,11,1,0,45,1,49,43,49043,4,1996,4T1BF12B8TU0,4,T,1,B,F,1,2,B,8,T,U,0,0,P,TOYT,UVS,4D,96,17,3263,,0,1071,,G,,0,0,000000000,00000000000,0,0,0,1,0,0,0,0,0,0,0,50,0,0,0,9,9,6,2,54,0,0,0,1,45,29440,6,1,0,0,3,3,72,165,0,0,0,1,1,1,2010,2,2010,0,0,0,0,0,1,2,55,1,1,2,2,0,0,1,98,1,1,1,98,1,0
45,450636,2,3,1,13,8,16,40,54,11,1,0,45,1,12,401,12401,14,2002,1FMRU15L12LA,1,F,M,R,U,1,5,L,1,2,L,A,0,P,FORD,EPT,UT,2,17,4891,,0,1191,,G,,0,0,000000000,00000000000,0,0,0,1,0,0,0,0,0,0,0,50,0,0,0,12,12,0,1,18,0,0,0,1,45,29056,6,1,0,0,3,0,71,158,0,0,0,0,0,0,0,0,0,0,0,0,0,0,1,2,55,1,1,2,2,0,0,1,91,1,1,1,98,0,0
45,450636,3,3,2,13,8,16,40,54,11,1,0,45,1,49,401,49401,14,1995,JT3VN29V0S00,J,T,3,V,N,2,9,V,0,S,0,0,1,P,TOYT,RUN,UT,95,17,3760,,0,1033,,G,,1,0,000000000,00000000000,0,0,0,1,0,0,0,0,0,0,0,40,0,0,0,9,9,0,1,54,0,0,0,1,45,29102,6,1,0,0,3,0,69,183,2,0,0,1,1,3,2008,7,2009,0,88,0,0,0,1,2,55,1,1,2,2,0,0,1,10,1,1,1,98,0,0
45,450637,1,2,7,10,9,22,20,12,6,1,0,45,1,12,481,12481,31,2000,1FTRX18L5YNA,1,F,T,R,X,1,8,L,5,Y,N,A,0,T,FORD,F15,4C,0,17,,2,1574,1388,COF,G,,0,0,000000000,00000000000,0,0,0,1,0,0,0,0,0,0,0,999,0,0,0,12,12,6,2,12,0,0,0,1,45,29853,6,1,0,0,3,0,70,225,0,0,0,1,0,12,2008,12,2008,0,39,0,0,0,1,2,55,1,1,2,1,20,3,1,17,1,1,1,86,1,0
45,450637,2,2,4,10,9,22,20,12,6,1,0,45,1,12,401,12401,14,2003,1FMRU15W03LC,1,F,M,R,U,1,5,W,0,3,L,C,0,P,FORD,EPT,UT,3,17,5416,,0,1191,,G,,0,0,000000000,00000000000,0,0,0,1,0,0,0,0,0,0,0,999,0,0,0,2,2,6,2,12,0,0,0,1,45,29805,6,1,0,0,3,0,68,190,0,0,0,0,0,0,0,0,0,0,0,0,0,0,1,2,55,1,1,2,1,20,3,1,17,1,1,1,87,0,0
45,450638,1,1,1,17,9,6,45,42,0,1,0,45,1,37,705,37705,80,2000,JH2SC440XYM0,J,H,2,S,C,4,4,0,X,Y,M,0,0,M,HOND,CR9,RS,0,17,,,,,,,929,0,0,000000000,00000000000,0,0,0,1,0,0,0,0,0,0,0,999,0,0,0,12,12,6,2,42,0,0,0,1,45,29154,6,1,0,0,3,3,72,230,0,0,0,3,0,4,2009,7,2010,0,99,99,99,99,2,2,35,1,1,2,1,0,0,1,13,1,1,4,1,1,1
45,450639,1,2,1,14,10,17,5,12,7,1,0,45,1,49,48,49048,5,2006,JTKKT6240650,J,T,K,K,T,6,2,4,0,6,5,0,0,P,TOYT,SXA,4H,6,17,2340,,0,933,,G,,0,0,000000000,00000000000,0,0,0,1,0,0,0,0,0,0,0,74,0,0,0,2,2,6,2,24,0,0,0,1,45,29681,6,1,0,0,3,0,69,125,0,0,0,0,0,0,0,0,0,1,0,0,0,0,2,2,65,2,2,2,1,0,0,14,11,1,1,2,44,0,0
45,450639,2,2,7,14,10,17,5,12,7,1,0,12,3,20,422,20422,15,2011,1GNSCJE07BR1,1,G,N,S,C,J,E,0,7,B,R,1,0,P,CHEV,C15,UT,11,17,5846,,0,1300,,F,,0,0,000000000,00000000000,0,0,0,1,0,0,0,0,0,0,0,69,0,1,5,7,7,6,2,1,0,0,0,1,12,33317,6,1,0,0,3,0,65,999,0,0,0,0,0,0,0,0,0,0,0,0,0,0,2,2,65,2,2,2,1,0,0,14,62,1,1,1,45,1,0
45,450640,1,1,1,16,10,19,9,8,0,1,0,45,1,12,481,12481,31,2000,1FTNE2426YHA,1,F,T,N,E,2,4,2,6,Y,H,A,0,T,FORD,25V,CG,0,17,,2,0,1380,VAN,G,,0,0,000000000,00000000000,0,0,0,1,0,0,0,0,0,0,0,35,0,0,0,12,12,0,1,8,0,0,0,1,45,29150,6,1,0,0,3,3,68,164,0,0,0,0,0,0,0,0,0,0,0,0,0,0,1,2,35,1,1,2,1,0,0,1,81,1,1,1,13,0,0
45,450641,1,2,3,21,10,16,25,12,2,1,0,45,1,12,471,12471,30,1997,1FTCR14XXVTA,1,F,T,C,R,1,4,X,X,V,T,A,0,T,FORD,RNS,PS,97,17,,1,0,1250,RNG,G,,0,0,000000000,00000000000,0,0,0,1,0,0,0,0,0,0,0,999,0,0,0,12,12,6,2,12,0,0,0,1,45,29526,1,1,5,0,2,0,72,168,1,2,0,0,0,8,2009,6,2010,0,0,0,0,0,1,2,55,1,1,2,1,0,0,1,54,1,1,2,50,2,1
45,450641,2,2,1,21,10,16,25,12,2,1,0,37,2,7,472,7472,30,1994,1B7FL26X5RS5,1,B,7,F,L,2,6,X,5,R,S,5,0,T,DODG,DAK,PK,94,17,,1,1239,1119,DAK,G,,0,0,000000000,00000000000,0,0,0,1,0,0,0,0,0,0,0,999,0,0,0,12,12,6,2,12,0,0,0,1,37,28463,0,0,0,0,0,0,62,999,0,0,0,0,2,1,2009,8,2009,0,0,0,0,0,1,2,55,1,1,2,1,0,0,1,62,1,1,1,51,0,0
45,450642,1,2,1,27,10,1,44,12,2,1,0,12,3,84,881,84881,66,2007,2HSCNAPRX7C4,2,H,S,C,N,A,P,R,X,7,C,4,1,T,INTL,94I,TR,7,17,,8,0,0,940,D,,1,12,0186106,120186106,3,6,3,1,0,0,0,0,0,0,0,999,0,0,0,12,12,2,3,12,0,0,0,1,12,33917,6,1,6,3,3,0,67,999,0,0,0,1,0,3,2008,3,2008,0,0,0,0,0,2,2,45,1,1,2,1,0,0,1,62,1,1,1,50,0,0
45,450642,2,2,2,27,10,1,44,12,2,1,0,45,1,12,17,12017,4,2002,1FAFP55U92A1,1,F,A,F,P,5,5,U,9,2,A,1,0,P,FORD,TSS,4D,2,17,3392,,0,1085,,G,,0,0,000000000,00000000000,0,0,0,1,0,0,0,0,0,0,0,999,0,0,0,12,12,6,2,12,0,0,0,1,45,29577,6,1,0,0,3,0,72,172,0,0,0,0,0,0,0,0,0,0,51,0,0,0,2,2,45,1,1,2,1,0,0,1,54,1,1,1,51,1,0
45,450643,1,1,2,14,8,5,0,38,0,1,0,45,1,49,472,49472,30,2006,3TMLU42N26M0,3,T,M,L,U,4,2,N,2,6,M,0,0,T,TOYT,DCL,CW,6,17,,1,0,1219,TAC,G,,0,0,000000000,00000000000,0,0,0,1,0,0,0,0,0,0,0,999,0,1,5,12,2,6,2,1,0,0,0,1,45,29164,6,1,0,0,3,3,66,125,0,0,0,2,0,6,2009,1,2010,0,0,0,0,0,1,2,99,2,1,2,1,0,0,14,13,1,1,4,1,1,1
45,450644,1,3,1,3,11,15,40,12,6,1,0,45,1,12,17,12017,4,2001,1FAHP55S51A1,1,F,A,H,P,5,5,S,5,1,A,1,0,P,FORD,TSS,4D,1,17,3343,,0,1085,,G,,0,0,000000000,00000000000,0,0,0,1,0,0,0,0,0,0,0,25,0,0,0,12,12,6,2,12,0,0,0,1,45,29061,6,1,0,0,3,0,66,230,0,0,0,0,0,0,0,0,0,0,0,0,0,0,2,3,40,1,1,2,1,3,3,1,17,1,1,1,69,0,0
45,450644,2,3,1,3,11,15,40,12,6,1,0,45,1,24,1,24001,4,1996,1G8ZH5283TZ2,1,G,8,Z,H,5,2,8,3,T,Z,2,0,P,STRN,SL1,4D,96,17,2277,,0,1024,,G,,0,0,000000000,00000000000,0,0,0,1,0,0,0,0,0,0,0,5,0,0,0,2,2,6,2,12,0,0,0,1,45,29209,6,1,0,0,3,3,63,170,0,0,0,0,0,0,0,0,0,0,38,0,0,0,2,3,40,1,1,2,1,3,3,11,15,1,1,1,68,1,0
45,450644,3,3,2,3,11,15,40,12,6,1,0,45,1,35,47,35047,4,1994,1N4BU31D7RC1,1,N,4,B,U,3,1,D,7,R,C,1,0,P,NISS,AGS,4D,94,17,2729,,0,1031,,G,,0,0,000000000,00000000000,0,0,0,1,0,0,0,0,0,0,0,25,0,0,0,12,12,6,2,12,0,0,0,1,45,29203,6,1,0,0,3,0,60,165,0,0,0,0,0,0,0,0,0,0,0,0,0,0,2,3,40,1,1,2,1,3,3,1,50,1,1,1,98,0,0
45,450645,1,1,1,13,11,14,25,42,0,1,0,45,1,12,481,12481,31,2003,1FTRX17L73NB,1,F,T,R,X,1,7,L,7,3,N,B,0,T,FORD,F15,4C,3,17,,2,1571,1385,COF,G,,0,0,000000000,00000000000,0,0,0,1,0,0,0,0,0,0,0,70,0,0,0,10,10,6,2,2,0,0,1,1,45,29483,6,1,0,0,3,0,71,220,0,0,0,0,0,0,0,0,0,1,0,0,0,0,1,2,45,2,1,2,1,0,0,14,6,1,3,4,2,1,0
45,450646,1,1,1,13,11,18,5,33,0,1,0,99,9,98,709,98709,80,2008,999999999999,9,9,9,9,9,9,9,9,9,9,9,9,0,U,,,,9,17,,,,,,,,0,0,000000000,00000000000,0,0,0,1,0,0,0,0,0,0,0,50,0,0,0,12,12,6,2,53,0,0,0,1,45,29654,1,1,5,0,2,0,70,175,0,3,0,0,0,6,2008,8,2009,0,0,0,0,0,2,2,45,1,1,2,1,0,0,1,13,1,1,4,1,1,1
45,450647,1,1,1,15,11,18,0,8,0,1,0,45,1,20,2,20002,4,2008,2G1WT58N1891,2,G,1,W,T,5,8,N,1,8,9,1,0,P,CHEV,IMT,4D,8,17,3555,,0,1105,,G,,0,0,000000000,00000000000,0,0,0,1,0,0,0,0,0,0,0,999,0,0,0,12,12,2,1,8,0,0,0,1,45,29168,6,1,0,0,3,0,67,207,0,0,0,1,0,1,2010,1,2010,0,0,0,0,0,2,2,99,1,1,2,1,0,0,1,80,1,1,1,13,0,0
45,450648,1,1,1,16,11,10,0,33,0,1,0,45,1,12,401,12401,14,1999,1FMYU24E7XUB,1,F,M,Y,U,2,4,E,7,X,U,B,0,P,FORD,EPR,UT,99,17,3898,,0,1017,,G,,0,0,000000000,00000000000,0,0,0,1,0,0,0,0,0,0,0,30,0,1,5,12,12,6,2,33,0,0,0,1,45,29212,6,1,0,0,3,0,71,173,0,0,0,0,0,0,0,0,0,1,0,0,0,0,2,2,35,1,2,2,2,0,0,1,6,7,3,4,2,1,1
45,450649,1,1,2,16,11,16,20,34,0,1,0,45,1,49,40,49040,4,1998,4T1BG22K0W42,4,T,1,B,G,2,2,K,0,W,4,2,0,P,TOYT,CXL,4D,98,17,2998,,0,1051,,G,,0,0,000000000,00000000000,0,0,0,1,0,0,0,0,0,0,0,999,0,0,0,12,12,6,2,42,0,0,0,1,45,29020,1,1,5,0,2,0,65,145,0,0,0,0,0,0,0,0,0,1,28,0,0,0,2,2,55,1,1,2,2,0,0,1,13,1,1,4,1,1,0
45,450650,1,1,2,17,11,1,50,38,0,1,0,45,1,22,16,22016,2,2001,1G2JB1244171,1,G,2,J,B,1,2,4,4,1,7,1,0,P,PONT,SFS,CP,1,17,2606,,0,1041,,G,,0,0,000000000,00000000000,0,0,0,1,0,0,0,0,0,0,0,50,0,1,5,12,12,6,2,38,0,0,0,1,45,29356,6,1,0,0,3,0,76,250,1,0,0,0,0,11,2008,11,2008,1,0,0,0,0,1,2,35,1,1,2,1,0,0,1,12,1,1,4,6,1,0
45,450651,1,1,1,17,11,15,15,42,0,1,0,45,1,2,404,2404,14,2000,1J4G248S3YC2,1,J,4,G,2,4,8,S,3,Y,C,2,0,T,JEEP,LRO,4W,0,17,,1,0,1059,GCK,G,,0,0,000000000,00000000000,0,0,0,1,0,0,0,0,0,0,0,60,0,0,0,2,2,6,2,42,0,0,0,1,45,29453,6,1,0,0,3,0,71,360,0,0,0,0,0,0,0,0,0,1,51,0,0,0,1,2,55,3,1,2,1,0,0,14,13,1,1,4,1,1,1
45,450652,1,2,1,18,11,7,25,12,6,1,0,37,3,51,881,51881,66,2010,4V4NC9EG8AN2,4,V,4,N,C,9,E,G,8,A,N,2,1,T,VOLV,VNL,TR,10,17,,8,0,0,VVN,D,,1,37,0120195,370120195,3,6,1,1,0,0,0,0,0,0,0,55,0,1,1,9,9,6,2,42,0,0,0,1,45,29154,6,1,6,0,3,0,73,210,0,0,0,0,1,9,2010,9,2010,0,0,0,0,0,1,2,55,1,1,2,1,0,0,1,65,9,3,2,77,1,0
45,450652,2,2,1,18,11,7,25,12,6,1,0,45,1,24,401,24401,14,2004,5GZCZ634X4S8,5,G,Z,C,Z,6,3,4,X,4,S,8,0,P,STRN,VUE,UT,4,17,3631,,0,1066,,G,,0,0,000000000,00000000000,0,0,0,1,0,0,0,0,0,0,0,10,0,0,0,12,12,6,2,12,0,0,0,1,45,29154,6,1,0,0,3,0,64,132,0,0,0,3,0,7,2008,12,2009,0,38,0,0,0,1,2,55,1,1,2,1,20,3,11,55,1,1,2,76,0,0
45,450653,1,2,1,21,11,19,20,12,6,1,0,45,2,49,32,49032,4,2001,1NXBR12EX1Z4,1,N,X,B,R,1,2,E,X,1,Z,4,0,P,TOYT,UCS,4D,1,17,2410,,0,970,,G,,0,0,000000000,00000000000,0,0,0,1,0,0,0,0,0,0,0,5,0,0,0,9,9,6,2,12,0,0,0,1,45,29431,1,1,5,0,2,0,72,150,0,1,0,0,0,7,2009,7,2009,0,38,0,0,0,1,2,55,1,1,2,1,0,0,12,64,1,1,1,98,1,1
45,450653,2,2,1,21,11,19,20,12,6,1,0,45,1,35,47,35047,4,2002,1N4AL11D82C1,1,N,4,A,L,1,1,D,8,2,C,1,0,P,NISS,ABS,4D,2,17,2873,,0,1102,,G,,0,0,000000000,00000000000,0,0,0,1,0,0,0,0,0,0,0,55,0,0,0,12,12,6,2,12,0,0,0,1,45,29479,6,1,0,0,3,0,66,180,1,0,0,0,2,7,2009,9,2010,0,0,0,0,0,1,2,55,1,1,2,1,0,0,1,64,1,1,1,98,0,0
45,450654,1,1,1,21,11,15,45,38,0,1,0,45,1,21,441,21441,20,1993,1GHDU06L6PT3,1,G,H,D,U,0,6,L,6,P,T,3,0,P,OLDS,SIL,SV,93,17,3556,,0,1098,,G,,0,0,000000000,00000000000,0,0,0,1,0,0,0,0,0,0,0,65,0,1,5,12,12,6,2,1,0,0,0,1,45,29826,6,1,0,0,3,0,73,210,0,0,0,0,0,0,0,0,0,1,28,0,0,0,1,2,55,1,1,2,1,0,0,1,13,1,1,4,1,1,0
45,450655,1,1,1,23,11,20,5,24,0,1,0,45,1,18,7,18007,4,2000,2G4WS52J1Y11,2,G,4,W,S,5,2,J,1,Y,1,1,0,P,BUIC,CCU,4D,0,17,3368,,0,1090,,G,,0,0,000000000,00000000000,0,0,0,1,0,0,0,0,0,0,0,70,0,1,5,12,6,6,2,1,0,0,0,1,45,29379,6,1,0,0,3,0,63,165,0,0,0,0,0,0,0,0,0,1,28,87,0,0,1,2,55,1,1,2,2,0,0,6,6,1,4,4,7,1,1
45,450656,1,1,1,23,11,20,12,8,0,1,0,45,1,7,24,7024,4,2006,2B3KA43H46H5,2,B,3,K,A,4,3,H,4,6,H,5,0,P,DODG,CTL,4D,6,17,0,,0,1200,,G,,0,0,000000000,00000000000,0,0,0,1,0,0,0,0,0,0,0,999,0,0,0,12,12,2,3,8,0,0,0,1,45,29588,6,1,0,0,3,0,66,145,0,0,0,1,0,5,2009,5,2009,0,0,0,0,0,1,2,99,1,1,2,8,0,0,1,80,1,1,1,13,0,0
45,450657,1,2,2,24,11,13,43,12,6,1,0,45,1,12,401,12401,14,2004,1FMZU63KX4UA,1,F,M,Z,U,6,3,K,X,4,U,A,0,P,FORD,EPR,UT,4,17,4094,,0,1137,,F,,0,0,000000000,00000000000,0,0,0,1,0,0,0,0,0,0,0,10,0,0,0,10,10,2,3,12,0,0,0,1,45,29003,6,1,0,0,3,0,72,250,1,0,0,0,0,5,2010,5,2010,1,0,0,0,0,1,2,30,1,1,2,1,20,3,1,17,1,1,1,89,0,0
45,450657,2,2,1,24,11,13,43,12,6,1,0,45,1,20,471,20471,30,2003,1GCCS19X1382,1,G,C,C,S,1,9,X,1,3,8,2,0,T,CHEV,S14,3C,3,17,,1,0,1229,S,G,,0,0,000000000,00000000000,0,0,0,1,0,0,0,0,0,0,0,40,0,0,0,12,12,6,2,12,0,0,0,1,45,29432,6,1,0,0,3,0,63,155,0,0,0,0,0,0,0,0,0,0,38,0,0,0,1,2,30,1,1,2,1,0,0,1,17,1,1,1,88,1,0
45,450658,1,1,1,27,11,14,0,31,0,1,0,42,1,35,47,35047,4,2001,1N4DL01D11C1,1,N,4,D,L,0,1,D,1,1,C,1,0,P,NISS,AXE,4D,1,17,2754,,0,1031,,G,,0,0,000000000,00000000000,0,0,0,1,0,0,0,0,0,0,0,70,0,1,5,12,4,6,2,1,0,0,0,1,42,19151,6,1,0,0,3,0,62,999,0,0,0,0,0,0,0,0,0,0,28,0,0,0,1,2,55,2,1,2,1,0,0,14,12,1,1,4,6,1,0
45,450659,1,1,1,30,11,17,0,35,0,1,0,45,1,7,43,7043,4,2004,1B3EL36X34N1,1,B,3,E,L,3,6,X,3,4,N,1,0,P,DODG,SSE,4D,4,17,3088,,0,1080,,G,,0,0,000000000,00000000000,0,0,0,1,0,0,0,0,0,0,0,55,0,1,5,12,13,6,2,1,0,0,0,1,45,29690,6,1,0,0,3,0,71,150,1,0,0,0,0,4,2009,4,2009,0,99,99,99,99,1,2,55,2,1,2,2,0,0,14,13,1,1,4,1,1,0
45,450660,1,3,2,30,11,11,0,12,8,1,0,45,1,12,37,12037,4,2003,1FAFP34P93W1,1,F,A,F,P,3,4,P,9,3,W,1,0,P,FORD,FCS,4D,3,17,2564,,0,1030,,G,,0,0,000000000,00000000000,0,0,0,1,0,0,0,0,0,0,0,45,0,0,0,9,9,6,2,12,0,0,0,1,45,29556,6,1,0,0,3,0,66,222,0,0,0,0,0,0,0,0,0,0,51,0,0,0,1,2,45,1,1,2,1,0,0,1,54,1,1,2,64,1,0
45,450660,2,3,1,30,11,11,0,12,8,1,0,45,1,12,17,12017,4,1997,1FALP52U8VA2,1,F,A,L,P,5,2,U,8,V,A,2,0,P,FORD,TAG,4D,97,17,3329,,0,1085,,G,,0,0,000000000,00000000000,0,0,0,1,0,0,0,0,0,0,0,35,0,0,0,9,9,0,1,12,0,0,0,1,45,29590,6,1,0,0,3,0,67,185,0,0,0,0,0,0,0,0,0,0,0,0,0,0,1,2,45,1,1,2,1,0,0,1,62,7,1,2,65,0,0
45,450660,3,3,1,30,11,11,0,12,8,1,0,45,1,41,471,41471,30,1998,4F4YR13U6WTM,4,F,4,Y,R,1,3,U,6,W,T,M,0,T,MAZD,3RC,PK,98,17,,1,0,1116,B30,G,,0,0,000000000,00000000000,0,0,0,1,0,0,0,0,0,0,0,45,0,0,0,12,12,6,2,12,0,0,0,1,45,29556,6,1,0,0,3,0,74,275,0,0,0,1,0,8,2008,8,2008,0,0,0,0,0,1,2,45,1,1,2,1,0,0,1,54,1,1,1,98,0,0
45,450661,1,2,2,3,12,0,10,33,0,1,0,45,1,20,4,20004,2,2001,1G1YY12SX151,1,G,1,Y,Y,1,2,S,X,1,5,1,0,P,CHEV,Z06,2T,1,17,3130,,0,1045,,G,,0,0,000000000,00000000000,0,0,0,1,0,0,0,0,0,0,0,70,0,0,0,12,12,6,2,30,0,0,0,1,45,29575,6,1,0,0,3,0,77,200,0,0,0,0,0,0,0,0,0,0,99,99,99,99,2,2,45,1,1,2,1,0,0,1,9,7,3,4,2,1,1
45,450661,2,2,2,3,12,0,10,33,0,1,0,45,1,49,40,49040,2,2000,2T1CF28P7YC3,2,T,1,C,F,2,8,P,7,Y,C,3,0,P,TOYT,CEE,CP,0,17,3230,,0,1051,,G,,0,0,000000000,00000000000,0,0,0,1,0,0,0,0,0,0,0,35,0,0,0,12,12,0,1,18,0,0,0,1,45,29579,6,1,0,0,3,0,70,220,0,0,0,2,0,5,2009,10,2009,0,81,0,0,0,2,2,45,1,1,2,1,0,0,1,90,1,1,1,98,0,0
45,450662,1,1,1,3,12,15,0,57,0,1,0,45,1,85,881,85881,66,2005,1XKDDB9X75J0,1,X,K,D,D,B,9,X,7,5,J,0,1,T,KW,T80,TR,5,17,,8,2600,1600,CON,D,,1,45,1182656,451182656,3,6,8,1,0,0,0,0,0,0,0,70,0,0,0,12,12,6,2,42,0,0,0,1,45,29488,6,1,6,0,3,0,66,260,0,0,0,0,0,0,0,0,0,0,28,0,0,0,3,2,70,1,1,2,1,0,0,1,12,1,1,4,6,1,0
45,450663,1,1,4,4,12,13,50,1,0,1,0,45,1,20,401,20401,14,1997,1GNCS13W5V22,1,G,N,C,S,1,3,W,5,V,2,2,0,P,CHEV,BZR,UT,97,17,3686,,0,1070,,G,,0,0,000000000,00000000000,0,0,0,1,0,0,0,0,0,0,0,999,0,1,3,0,13,6,2,42,0,0,0,1,45,29630,6,2,0,0,3,3,69,135,0,0,0,0,0,0,0,0,0,1,0,0,0,0,2,2,99,4,1,2,2,0,0,14,12,1,1,4,6,1,0
45,450664,1,2,1,5,12,2,45,12,2,1,0,45,1,12,481,12481,31,1997,1FTDF1764VNA,1,F,T,D,F,1,7,6,4,V,N,A,0,T,FORD,F15,PK,97,17,,1,1390,1200,COF,G,,0,0,000000000,00000000000,0,0,0,1,0,0,0,0,0,0,0,55,0,0,0,12,12,6,2,12,0,0,0,1,45,29006,6,1,0,0,3,0,69,195,0,0,0,0,0,0,0,0,0,0,51,0,0,0,1,2,55,1,1,2,2,0,0,1,54,1,1,2,50,0,0
45,450664,2,2,1,5,12,2,45,12,2,1,0,45,1,12,471,12471,30,1983,1FTBR10C9DUC,1,F,T,B,R,1,0,C,9,D,U,C,0,T,FORD,RNG,PK,83,17,,1,1140,1080,RNG,G,,0,0,000000000,00000000000,0,0,0,1,0,0,0,0,0,0,0,55,0,0,0,12,12,6,2,12,0,0,0,1,45,29070,6,1,0,0,3,0,71,170,1,0,0,0,1,10,2008,10,2008,0,0,0,0,0,1,2,55,1,1,2,2,0,0,1,62,1,1,1,51,1,1
45,450665,1,1,4,8,12,23,36,8,0,1,0,45,3,99,898,99898,60,2005,4P1CC0188SA0,4,P,1,C,C,0,1,8,8,S,A,0,0,U,,,,95,17,,,,,,,,0,99,999999999,99999999999,2,1,1,1,0,0,0,0,0,7,1,36,0,0,0,12,12,2,1,8,0,0,0,1,45,29229,6,1,6,3,3,0,70,215,0,0,0,2,0,2,2008,8,2009,0,0,0,0,0,2,2,30,1,2,2,1,0,0,1,80,1,1,1,13,0,0
45,450666,1,2,1,8,12,5,30,12,2,1,0,37,4,12,481,12481,31,2008,1FDAF56R98ED,1,F,D,A,F,5,6,R,9,8,E,D,0,T,FORD,F5D,CB,8,17,,5,2010,1410,DRW,D,,0,0,000000000,00000000000,0,0,0,1,0,0,0,0,0,0,0,49,0,0,0,12,12,2,1,12,0,0,0,1,45,29710,6,1,0,0,3,0,69,270,0,0,0,0,0,0,0,0,0,0,0,0,0,0,1,2,55,1,1,2,1,0,0,1,62,1,1,1,51,0,0