STATE,ST_CASE,VEH_NO,VE_FORMS,NUMOCCS,DAY,MONTH,HOUR,MINUTE,HARM_EV,MAN_COLL,UNITTYPE,HIT_RUN,REG_STAT,OWNER,MAKE,MODEL,MAK_MOD,BODY_TYP,MOD_YEAR,VIN,VIN_1,VIN_2,VIN_3,VIN_4,VIN_5,VIN_6,VIN_7,VIN_8,VIN_9,VIN_10,VIN_11,VIN_12,TOW_VEH,VINTYPE,VINMAKE,VINA_MOD,VIN_BT,VINMODYR,VIN_LNGT,VIN_WGT,WGTCD_TR,WHLBS_LG,WHLBS_SH,SER_TR,FUELCODE,MCYCL_DS,J_KNIFE,MCARR_I1,MCARR_I2,MCARR_ID,GVWR,V_CONFIG,CARGO_BT,HAZ_INV,HAZ_PLAC,HAZ_ID,HAZ_CNO,HAZ_REL,BUS_USE,SPEC_USE,EMER_USE,TRAV_SP,UNDERIDE,ROLLOVER,ROLINLOC,IMPACT1,IMPACT2,DEFORMED,TOWED,M_HARM,VEH_SC1,VEH_SC2,FIRE_EXP,DR_PRES,L_STATE,DR_ZIP,L_STATUS,L_TYPE,CDL_STAT,L_ENDORS,L_COMPL,L_RESTRI,DR_HGT,DR_WGT,PREV_ACC,PREV_SUS,PREV_DWI,PREV_SPD,PREV_OTH,FIRST_MO,FIRST_YR,LAST_MO,LAST_YR,SPEEDREL,DR_SF1,DR_SF2,DR_SF3,DR_SF4,VTRAFWAY,VNUM_LAN,VSPD_LIM,VALIGN,VPROFILE,VPAVETYP,VSURCOND,VTRAFCON,VTCONT_F,P_CRASH1,P_CRASH2,P_CRASH3,PCRASH4,PCRASH5,ACC_TYPE,DEATHS,DR_DRINK
45,450666,2,2,2,8,12,5,30,12,2,1,0,45,1,12,422,12422,15,2000,1FMRU1763YLB,1,F,M,R,U,1,7,6,3,Y,L,B,0,P,FORD,EPT,UT,0,17,4833,,0,1191,,G,,0,0,000000000,00000000000,0,0,0,1,0,0,0,0,0,0,0,55,0,0,0,12,12,6,2,12,0,0,0,1,45,29710,6,1,0,0,3,0,73,200,0,0,0,0,0,0,0,0,0,0,51,0,0,0,1,2,55,1,1,2,1,0,0,1,54,1,1,2,50,1,0
45,450667,1,1,1,9,12,18,30,8,0,1,0,45,1,12,481,12481,31,2003,2FTRX08W33CA,2,F,T,R,X,0,8,W,3,3,C,A,0,T,FORD,F15,4C,3,17,,2,0,1388,COF,G,,0,0,000000000,00000000000,0,0,0,1,0,0,0,0,0,0,0,35,0,0,0,12,12,2,1,8,0,0,0,1,45,29906,6,1,0,0,3,0,67,200,0,0,0,2,2,6,2008,3,2010,0,0,0,0,0,1,2,35,1,1,2,1,0,0,1,80,1,1,1,13,0,0
45,450668,1,1,1,11,12,6,30,30,0,1,0,45,2,23,481,23481,31,1998,1GTEC19M7WE5,1,G,T,E,C,1,9,M,7,W,E,5,0,T,GMC,SC1,PC,98,17,,2,1555,1415,SIE,G,,0,0,000000000,00000000000,0,0,0,1,0,0,0,0,0,0,0,75,0,1,5,12,10,6,2,1,0,0,0,1,45,29384,1,1,5,0,2,0,70,175,0,1,0,0,0,10,2008,10,2008,1,51,0,0,0,1,2,45,1,2,2,1,0,0,1,13,1,1,4,1,1,1
45,450669,1,1,1,12,12,1,5,59,0,1,0,45,1,20,481,20481,31,2003,1GCGK13U03F1,1,G,C,G,K,1,3,U,0,3,F,1,0,T,CHEV,1KH,CW,3,17,,2,0,1530,SIL,G,,0,0,000000000,00000000000,0,0,0,1,0,0,0,0,0,0,0,80,0,0,0,12,12,6,2,42,0,0,0,1,45,29717,6,1,0,0,3,0,73,155,0,0,0,0,0,0,0,0,0,1,28,58,0,0,1,2,55,2,2,2,1,0,0,14,12,1,1,4,6,1,1
45,450670,1,1,3,19,12,15,15,1,0,1,0,45,1,20,401,20401,14,2004,1GNES16S6461,1,G,N,E,S,1,6,S,6,4,6,1,0,P,CHEV,TRL,UT,4,17,4773,,0,1290,,G,,0,0,000000000,00000000000,0,0,0,1,0,0,0,0,0,0,0,70,0,1,3,0,99,6,2,1,0,0,0,1,45,29445,6,2,0,0,3,0,72,165,0,0,0,0,0,0,0,0,0,1,28,0,0,0,3,2,70,1,1,2,1,0,0,1,8,1,4,4,7,2,0
45,450671,1,2,1,31,12,0,46,12,6,1,0,45,1,12,401,12401,14,2004,1FMZU63K04UB,1,F,M,Z,U,6,3,K,0,4,U,B,0,P,FORD,EPR,UT,4,17,4094,,0,1137,,F,,0,0,000000000,00000000000,0,0,0,1,0,0,0,0,0,0,0,20,0,0,0,12,12,6,2,12,0,0,0,1,45,29445,6,1,0,0,3,0,63,110,0,0,0,0,0,0,0,0,0,0,0,0,0,0,2,2,45,1,1,2,1,3,3,1,17,1,1,1,88,0,0
45,450671,2,2,1,31,12,0,46,12,6,1,0,45,1,19,3,19003,4,1999,1G6KD54YXXU7,1,G,6,K,D,5,4,Y,X,X,U,7,0,P,CADI,DFW,4D,99,17,4012,,0,1138,,G,,0,0,000000000,00000000000,0,0,0,1,0,0,0,0,0,0,0,90,0,0,0,9,9,6,2,12,0,0,0,1,45,29445,6,1,0,0,3,0,68,160,0,0,0,0,2,5,2010,6,2010,0,39,8,0,0,2,2,45,1,1,2,1,3,3,1,17,1,1,2,89,1,1
45,450672,1,1,2,7,11,12,23,42,0,1,0,36,2,12,3,12003,2,2006,1ZVHT85H4651,1,Z,V,H,T,8,5,H,4,6,5,1,0,P,FORD,MGT,CV,6,17,3613,,0,1071,,G,,0,0,000000000,00000000000,0,0,0,1,0,0,0,0,0,0,0,45,0,0,0,12,12,6,2,42,0,0,0,1,36,14706,6,1,6,3,3,3,72,999,0,0,0,0,0,0,0,0,0,0,58,28,0,0,3,2,45,1,1,2,1,0,0,1,9,1,4,4,2,1,0
45,450674,1,1,1,1,12,23,40,42,0,1,0,45,1,58,38,58038,4,2007,JNKAY01E77M3,J,N,K,A,Y,0,1,E,7,7,M,3,0,P,INFI,M3S,4D,7,17,3772,,0,1142,,G,,0,0,000000000,00000000000,0,0,0,1,0,0,0,0,0,0,0,70,0,1,5,12,12,6,2,1,0,0,0,1,45,29340,6,1,0,0,3,0,68,130,0,0,0,0,0,0,0,0,0,1,28,0,0,0,1,2,45,3,1,2,1,0,0,14,12,1,1,4,6,1,1
45,450675,1,1,2,1,12,0,35,35,0,1,0,45,1,22,8,22008,2,2005,6G2VX12U75L3,6,G,2,V,X,1,2,U,7,5,L,3,0,P,PONT,GTO,CP,5,17,3725,,0,1098,,G,,0,0,000000000,00000000000,0,0,0,1,0,0,0,0,0,0,0,65,0,1,5,12,1,6,2,35,0,0,0,1,45,29642,6,1,0,0,3,0,73,155,2,0,0,2,1,7,2008,2,2010,1,0,0,0,0,1,2,55,1,2,2,2,0,0,1,12,1,1,4,6,1,0
45,450676,1,1,1,4,12,21,30,34,0,1,0,45,1,52,37,52037,2,2000,4A3AC84L9YE0,4,A,3,A,C,8,4,L,9,Y,E,0,0,P,MITS,ECG,2H,0,17,3120,,0,1008,,G,,0,0,000000000,00000000000,0,0,0,1,0,0,0,0,0,0,0,55,0,1,5,12,2,6,2,42,0,0,0,1,45,29819,6,1,0,0,3,0,68,125,1,0,0,0,0,1,2010,1,2010,1,0,0,0,0,1,2,25,1,2,2,1,0,0,1,13,1,1,4,1,1,1
45,450677,1,1,4,4,12,17,26,35,0,1,0,45,1,35,39,35039,4,2004,1N4BA41E34C9,1,N,4,B,A,4,1,E,3,4,C,9,0,P,NISS,MEL,4D,4,17,3310,,0,1112,,G,,0,0,000000000,00000000000,0,0,0,1,0,0,0,0,0,0,0,60,0,1,5,12,11,6,2,1,0,0,0,1,45,29646,6,1,0,0,3,0,67,155,1,0,0,1,0,10,2008,9,2009,1,28,0,0,0,1,2,55,1,1,2,1,0,0,1,9,7,3,4,2,1,1
45,450678,1,1,2,5,12,20,15,8,0,1,0,45,1,35,443,35443,20,2004,5N1BV28U34N3,5,N,1,B,V,2,8,U,3,4,N,3,0,P,NISS,QST,SV,4,17,3885,,0,1240,,G,,0,0,000000000,00000000000,0,0,0,1,0,0,0,0,0,0,0,40,0,0,0,14,14,0,1,8,0,0,0,1,45,29042,6,1,0,0,3,0,65,120,0,0,0,0,0,0,0,0,0,0,0,0,0,0,2,2,45,1,1,2,1,0,0,1,80,1,1,1,13,0,0
45,450679,1,1,1,8,12,22,42,32,0,1,0,45,1,35,43,35043,4,2006,3N1CB51D06L4,3,N,1,C,B,5,1,D,0,6,L,4,0,P,NISS,S18,4D,6,17,2509,,0,998,,G,,0,0,000000000,00000000000,0,0,0,1,0,0,0,0,0,0,0,55,0,1,5,12,1,6,2,42,0,0,0,1,45,29638,1,1,5,0,2,0,68,170,0,0,0,0,0,0,0,0,0,1,28,0,0,0,1,2,45,1,1,2,1,0,0,1,13,1,1,4,1,1,1
45,450680,1,1,1,10,12,18,20,1,0,1,0,45,1,20,401,20401,14,2001,1GNCS18W11K1,1,G,N,C,S,1,8,W,1,1,K,1,0,P,CHEV,BZR,UT,1,17,3699,,0,1005,P30,G,,0,0,000000000,00000000000,0,0,0,1,0,0,0,0,0,0,0,70,0,1,1,0,0,6,2,1,0,0,0,1,45,29418,6,1,0,0,3,0,64,172,0,0,0,0,0,0,0,0,0,1,28,0,0,0,3,2,70,1,1,2,1,0,0,1,6,6,4,2,98,1,0
45,450681,1,1,1,12,12,0,5,59,0,1,0,45,1,7,24,7024,4,2009,2B3KA33V49H5,2,B,3,K,A,3,3,V,4,9,H,5,0,P,DODG,CHS,4D,9,17,3820,,0,1200,,G,,0,0,000000000,00000000000,0,0,0,1,0,0,0,0,0,0,0,75,0,0,0,12,11,6,2,42,0,0,1,1,45,29127,6,1,0,0,3,0,73,165,0,0,0,0,0,0,0,0,0,1,0,0,0,0,1,2,55,1,1,2,1,0,0,1,13,1,1,4,1,1,1
45,450682,1,1,1,14,12,20,37,42,0,1,0,45,1,12,471,12471,30,1990,1FTCR14T2LPB,1,F,T,C,R,1,4,T,2,L,P,B,0,T,FORD,RNS,PS,90,17,,1,0,1250,RNG,G,,0,0,000000000,00000000000,0,0,0,1,0,0,0,0,0,0,0,70,0,0,0,12,12,6,2,42,0,0,0,1,45,29624,6,1,0,0,3,0,73,253,0,0,0,0,0,0,0,0,0,1,0,0,0,0,1,2,35,3,2,2,1,0,0,14,6,6,4,4,7,1,0
45,450683,1,1,5,16,12,20,34,42,0,1,0,45,2,37,31,37031,4,1999,2HGEJ8648XH5,2,H,G,E,J,8,6,4,8,X,H,5,0,P,HOND,UAX,4D,99,17,2562,,0,1032,,G,,0,0,000000000,00000000000,0,0,0,1,0,0,0,0,0,0,0,85,0,0,0,9,9,6,2,42,0,0,0,1,51,23503,6,1,0,0,3,0,72,210,0,1,0,2,2,4,2008,7,2010,1,0,0,0,0,3,2,70,1,1,2,1,0,0,1,12,1,1,4,6,2,0
45,450684,1,1,1,19,12,1,30,42,0,1,0,45,1,20,401,20401,14,2002,1GNCS13W52K1,1,G,N,C,S,1,3,W,5,2,K,1,0,P,CHEV,BZR,UT,2,17,3718,,0,1070,,G,,0,0,000000000,00000000000,0,0,0,1,0,0,0,0,0,0,0,50,0,1,5,12,12,6,2,1,0,0,0,1,45,29206,6,1,0,0,3,0,68,135,0,0,0,0,0,0,0,0,0,1,0,0,0,0,1,2,30,1,1,2,1,20,3,1,14,1,1,4,14,1,1
45,450685,1,4,1,24,12,21,47,1,0,1,0,45,1,37,32,37032,4,1998,1HGCG1652WA0,1,H,G,C,G,1,6,5,2,W,A,0,0,P,HOND,UEX,4D,98,17,3184,,0,1069,,G,,0,0,000000000,00000000000,0,0,0,1,0,0,0,0,0,0,0,100,0,1,5,0,0,6,2,1,0,0,0,1,45,29440,6,1,0,0,3,0,73,210,0,1,0,0,0,10,2008,10,2008,1,0,0,0,0,1,2,45,3,1,2,1,0,0,6,6,1,3,4,2,1,1
45,450685,2,4,1,24,12,21,47,1,0,1,0,45,1,37,32,37032,4,1993,1HGCB7655PA0,1,H,G,C,B,7,6,5,5,P,A,0,0,P,HOND,ALX,4D,93,17,2504,,0,1071,,G,,0,0,000000000,00000000000,0,0,0,1,0,0,0,0,0,0,0,45,0,0,0,9,9,6,2,12,0,0,0,1,45,29466,6,1,0,0,3,0,66,130,0,1,0,0,2,6,2008,6,2008,0,0,0,0,0,1,2,45,3,1,2,1,0,0,14,10,1,1,2,98,0,0
45,450685,3,4,1,24,12,21,47,1,0,1,0,45,1,12,401,12401,14,1993,1FMDU34X0PUB,1,F,M,D,U,3,4,X,0,P,U,B,0,P,FORD,EPR,UT,93,17,3997,,0,1120,,G,,0,0,000000000,00000000000,0,0,0,1,0,0,0,0,0,0,0,45,0,0,0,9,9,6,2,12,0,0,0,1,45,29458,6,1,0,0,3,0,74,200,1,1,0,3,0,6,2008,12,2009,0,0,0,0,0,1,2,45,3,1,2,1,0,0,14,10,1,1,1,98,0,0
45,450685,4,4,2,24,12,21,47,1,0,1,0,45,1,20,481,20481,31,1999,2GCEC19T2X11,2,G,C,E,C,1,9,T,2,X,1,1,0,T,CHEV,SC1,3C,99,17,,2,1575,1435,SIL,G,,0,0,000000000,00000000000,0,0,0,1,0,0,0,0,0,0,0,45,0,0,0,12,12,6,2,12,0,0,0,1,45,29458,6,1,0,0,3,0,67,218,0,0,0,0,0,0,0,0,0,0,0,0,0,0,1,2,45,3,1,2,1,0,0,14,51,1,1,1,98,0,0
45,450686,1,1,1,24,12,5,20,1,0,1,0,45,1,49,32,49032,4,1992,JT2AE91A1N02,J,T,2,A,E,9,1,A,1,N,0,2,0,P,TOYT,COA,4D,92,17,2253,,0,957,,G,,0,0,000000000,00000000000,0,0,0,1,0,0,0,0,0,0,0,55,0,1,5,0,1,6,2,1,0,0,0,1,45,29006,6,1,0,0,3,0,71,220,0,0,0,1,0,5,2010,5,2010,0,0,0,0,0,1,2,35,2,2,2,1,0,0,14,12,1,1,4,6,1,1
45,450687,1,1,1,24,12,19,45,1,0,1,0,45,1,49,472,49472,30,1998,4TANL42N5WZ1,4,T,A,N,L,4,2,N,5,W,Z,1,0,T,TOYT,REG,PK,98,17,,1,0,1033,TAC,G,,0,0,000000000,00000000000,0,0,0,1,0,0,0,0,0,0,0,60,0,1,5,0,0,6,2,1,0,0,0,1,45,29137,6,1,0,0,3,3,70,250,0,0,0,0,0,0,0,0,0,1,0,0,0,0,1,2,55,1,1,2,1,0,0,1,13,1,1,4,1,1,1
45,450688,1,2,1,26,12,1,30,12,2,1,0,13,1,7,482,7482,31,1996,1B7HF16Z2TS6,1,B,7,H,F,1,6,Z,2,T,S,6,0,T,DODG,150,PK,96,17,,2,1347,1187,RPC,G,,0,0,000000000,00000000000,0,0,0,1,0,0,0,0,0,0,0,35,0,0,0,12,12,6,2,12,0,0,0,1,13,30577,6,1,0,0,3,0,72,190,98,0,0,1,1,1,2008,4,2009,0,0,0,0,0,1,2,55,1,1,2,10,0,0,1,62,1,1,1,51,0,0
45,450688,2,2,1,26,12,1,30,12,2,1,0,13,2,23,481,23481,31,1989,1GTDK14K1KE5,1,G,T,D,K,1,4,K,1,K,E,5,0,T,GMC,SK1,PK,89,17,,1,1315,1175,SIE,G,,0,0,000000000,00000000000,0,0,0,1,0,0,0,0,0,0,0,55,0,0,0,12,12,6,2,12,0,0,0,1,48,77656,6,1,0,0,3,0,999,999,0,0,0,0,0,0,0,0,0,0,51,0,0,0,1,2,55,1,1,2,10,0,0,1,54,1,1,2,50,1,1
45,450689,1,2,1,27,6,14,46,12,7,1,0,45,1,76,705,76705,80,2005,JYA5AHE025A0,J,Y,A,5,A,H,E,0,2,5,A,0,0,M,YAMA,YZF,RS,5,17,,,,,,,599,0,0,000000000,00000000000,0,0,0,1,0,0,0,0,0,0,0,60,0,0,0,2,2,6,2,12,0,0,0,1,45,29651,6,1,0,0,3,0,74,260,0,0,0,2,1,7,2008,10,2009,1,8,0,0,0,1,2,35,1,2,2,1,0,0,6,11,1,1,2,44,1,0
45,450689,2,2,4,27,6,14,46,12,7,1,0,45,1,37,32,37032,4,1991,1HGCB7654MA1,1,H,G,C,B,7,6,5,4,M,A,1,0,P,HOND,ALE,4D,91,17,2504,,0,1071,,G,,0,0,000000000,00000000000,0,0,0,1,0,0,0,0,0,0,0,35,0,0,0,7,7,0,1,12,0,0,0,1,45,29334,6,1,0,0,3,0,66,200,0,0,0,0,2,10,2008,12,2009,0,0,0,0,0,1,2,35,1,2,2,1,0,0,1,61,1,1,1,45,0,0
45,450690,1,1,1,14,7,1,29,42,0,1,0,45,1,20,481,20481,31,2004,1GCHC29U44E3,1,G,C,H,C,2,9,U,4,4,E,3,0,T,CHEV,2CH,4C,4,17,,2,1575,1435,SIL,G,,0,0,000000000,00000000000,0,0,0,1,0,0,0,0,0,0,0,76,0,0,0,10,10,6,2,42,0,0,0,1,45,29544,1,1,5,0,2,0,72,160,1,2,0,1,0,8,2008,1,2009,1,0,0,0,0,1,2,45,2,1,2,1,0,0,14,13,1,1,4,1,1,0
45,450691,1,1,1,2,11,12,17,30,0,1,0,45,2,37,705,37705,80,1985,JH2KF0124FK0,J,H,2,K,F,0,1,2,4,F,K,0,0,M,HOND,CH5,MS,85,17,,,,,,,150,0,0,000000000,00000000000,0,0,0,1,0,0,0,0,0,0,0,30,0,0,0,12,12,6,2,30,0,0,0,1,45,29662,1,1,5,0,2,0,72,200,0,1,0,0,0,1,2010,1,2010,1,0,0,0,0,2,2,45,1,1,2,1,0,0,1,13,1,1,4,1,1,1
45,450692,1,2,1,19,11,14,6,12,6,1,0,45,1,53,705,53705,80,2004,JS1GT75A5421,J,S,1,G,T,7,5,A,5,4,2,1,0,M,SUZI,XR1,RS,4,17,,,,,,,988,0,0,000000000,00000000000,0,0,0,1,0,0,0,0,0,0,0,48,0,0,0,12,12,0,3,12,0,0,0,1,45,29662,6,1,0,0,3,0,69,210,0,0,0,1,0,5,2008,5,2008,1,0,0,0,0,2,2,35,1,2,2,1,0,0,1,71,1,1,1,83,1,0
45,450692,2,2,1,19,11,14,6,12,6,1,0,45,1,54,35,54035,4,2006,19UUA66206A0,1,9,U,U,A,6,6,2,0,6,A,0,0,P,ACUR,32T,4D,6,17,3580,,0,1079,,G,,0,0,000000000,00000000000,0,0,0,1,0,0,0,0,0,0,0,10,0,0,0,7,7,0,1,12,0,0,0,1,45,29611,6,1,0,0,3,0,63,109,2,0,0,3,1,4,2008,10,2010,0,38,0,0,0,1,2,35,1,2,2,1,0,0,11,17,1,1,2,82,0,0
45,450693,1,2,1,21,2,22,8,12,6,1,0,45,1,34,705,34705,80,1979,6195055,6,1,9,5,0,5,5,,,,,,0,P,,,,,,,,,,,,,0,0,000000000,00000000000,0,0,0,1,0,0,0,0,0,0,0,35,0,0,0,12,12,6,2,12,0,0,0,1,45,29072,6,1,0,0,3,0,71,170,0,0,0,0,0,0,0,0,0,0,0,0,0,0,2,2,35,1,1,2,1,3,3,1,17,1,1,1,69,1,0
45,450693,2,2,1,21,2,22,8,12,6,1,1,45,1,12,471,12471,30,2000,1FTYR14V2YPB,1,F,T,Y,R,1,4,V,2,Y,P,B,0,T,FORD,RNS,PS,0,17,,1,0,1257,RNG,F,,0,0,000000000,00000000000,0,0,0,1,0,0,0,0,0,0,0,999,0,0,0,2,2,0,1,12,0,0,0,1,45,29169,6,1,0,0,3,0,67,150,0,0,0,0,0,0,0,0,0,0,0,0,0,0,2,2,35,1,1,2,1,3,3,11,17,1,1,1,68,0,0
45,450694,1,1,1,2,10,21,8,8,0,1,0,45,1,20,404,20404,14,2010,2CNALDEW9A63,2,C,N,A,L,D,E,W,9,A,6,3,0,P,CHEV,EQU,UT,10,17,3770,,0,1125,,G,,0,0,000000000,00000000000,0,0,0,1,0,0,0,0,0,0,0,35,0,0,0,12,12,2,1,8,0,0,0,1,45,29588,6,1,0,0,3,3,70,210,1,0,0,0,3,5,2009,11,2009,0,0,0,0,0,1,2,35,1,1,2,1,0,0,1,80,6,1,2,13,0,0
45,450695,1,1,1,5,10,19,48,8,0,1,0,45,1,34,35,34035,4,2003,WBADT43473G0,W,B,A,D,T,4,3,4,7,3,G,0,0,P,BMW,A52,4D,3,17,3450,,0,1114,,G,,0,0,000000000,00000000000,0,0,0,1,0,0,0,0,0,0,0,30,0,0,0,12,12,0,1,8,0,0,0,1,45,29401,6,1,0,0,3,0,67,120,0,0,0,1,0,4,2009,4,2009,0,0,0,0,0,1,2,25,1,1,2,1,0,0,1,80,1,1,1,13,0,0
45,450696,1,1,1,9,11,20,20,8,0,1,0,45,1,22,18,22018,2,1995,1G2NE15M4SM5,1,G,2,N,E,1,5,M,4,S,M,5,0,P,PONT,GAS,CP,95,17,2881,,0,1034,,G,,0,0,000000000,00000000000,0,0,0,1,0,0,0,0,0,0,0,45,0,0,0,12,12,2,3,8,0,0,0,1,45,29407,6,1,0,0,3,3,71,155,1,0,0,1,0,10,2008,6,2010,0,0,0,0,0,2,3,45,1,1,2,1,0,0,1,81,1,1,1,13,0,0
45,450697,1,2,1,12,11,1,40,12,1,1,0,45,1,12,401,12401,14,1998,1FMZU32P2WZA,1,F,M,Z,U,3,2,P,2,W,Z,A,0,P,FORD,EPR,UT,98,17,3911,,0,1115,,G,,0,0,000000000,00000000000,0,0,0,1,0,0,0,0,0,0,0,50,0,0,0,12,12,6,2,12,0,0,0,1,45,29414,6,1,0,0,3,0,70,180,1,0,0,0,0,3,2009,3,2009,1,0,0,0,0,2,2,55,1,2,2,1,0,0,1,51,1,1,1,24,0,1
45,450697,2,2,1,12,11,1,40,12,1,1,0,45,1,98,709,98709,81,2010,999999999999,9,9,9,9,9,9,9,9,9,9,9,9,0,U,,,,9,17,,,,,,,,0,0,000000000,00000000000,0,0,0,1,0,0,0,0,0,0,0,35,0,0,0,6,6,6,2,12,0,0,0,1,45,29407,1,1,5,0,2,3,71,170,1,2,0,4,2,4,2008,10,2009,0,0,0,0,0,2,2,55,1,2,2,1,0,0,1,78,1,1,1,25,1,0
45,450698,1,1,1,20,11,18,0,8,0,1,0,45,1,20,37,20037,4,2008,1G1ZG57B18F2,1,G,1,Z,G,5,7,B,1,8,F,2,0,P,CHEV,M/L,4D,8,17,3415,,0,1123,,G,,0,0,000000000,00000000000,0,0,0,1,0,0,0,0,0,0,0,35,0,0,0,12,12,2,3,8,0,0,0,1,45,29418,6,1,0,0,3,3,71,250,0,0,0,0,0,0,0,0,0,0,0,0,0,0,2,2,45,1,1,2,1,0,0,1,81,1,1,1,13,0,0
45,450699,1,2,1,23,11,18,10,12,6,1,0,13,2,82,881,82881,66,2000,1FUYSSEB7YLG,1,F,U,Y,S,S,E,B,7,Y,L,G,1,T,FRHT,FC2,TR,0,17,,8,0,0,CON,D,,1,77,777777777,77777777777,3,6,1,1,0,0,0,0,0,0,0,35,0,0,0,12,12,6,2,12,0,0,0,1,13,30549,6,1,6,0,3,3,64,205,98,0,0,0,0,0,0,0,0,0,0,0,0,0,1,2,45,2,2,2,1,20,3,14,17,1,1,1,86,0,0
45,450699,2,2,1,23,11,18,10,12,6,1,0,45,1,20,481,20481,31,1977,CCL147A15446,C,C,L,1,4,7,A,1,5,4,4,6,0,P,,,,,,,,,,,,,0,0,000000000,00000000000,0,0,0,1,0,0,0,0,0,0,0,35,0,0,0,3,3,6,2,12,0,0,0,1,45,29137,6,1,0,0,3,3,71,185,1,0,0,0,1,9,2009,9,2009,0,39,0,0,0,1,2,45,1,1,2,1,20,3,1,17,1,1,1,87,1,1
45,450700,1,1,2,27,11,1,50,42,0,1,0,45,1,55,35,55035,4,2007,KMHDU46D87U1,K,M,H,D,U,4,6,D,8,7,U,1,0,P,HYUN,GST,4D,7,17,2723,,0,1043,,G,,0,0,000000000,00000000000,0,0,0,1,0,0,0,0,0,0,0,999,0,0,0,1,1,6,2,42,0,0,0,1,45,29860,6,1,0,0,3,0,70,155,0,0,0,3,0,2,2009,3,2009,0,0,0,0,0,1,2,45,2,2,2,1,0,0,14,13,1,1,4,1,1,1
45,450701,1,1,1,3,12,6,22,8,0,1,0,45,1,7,482,7482,31,2001,1B7HC13Z51J2,1,B,7,H,C,1,3,Z,5,1,J,2,0,T,DODG,Q15,4C,1,17,,2,1547,1387,RPC,G,,0,0,000000000,00000000000,0,0,0,1,0,0,0,0,0,0,0,35,0,0,0,12,12,2,3,8,0,0,0,1,45,29053,6,1,0,0,3,3,71,240,0,0,0,0,0,0,0,0,0,0,0,0,0,0,1,2,45,1,2,2,1,0,0,1,80,1,1,1,13,0,0
45,450702,1,2,1,10,12,21,40,12,6,1,0,45,1,7,20,7020,4,2002,1B3ES56C32D6,1,B,3,E,S,5,6,C,3,2,D,6,0,P,DODG,ESN,4D,2,17,2662,,0,1050,,G,,0,0,000000000,00000000000,0,0,0,1,0,0,0,0,0,0,0,55,0,0,0,12,12,6,2,12,0,0,0,1,45,29706,6,1,0,0,3,3,63,100,0,0,0,0,0,0,0,0,0,0,0,0,0,0,1,2,55,1,1,2,1,0,0,1,62,1,1,1,65,0,0
45,450702,2,2,1,10,12,21,40,12,6,1,0,45,1,37,32,37032,2,2000,1HGCG2254YA0,1,H,G,C,G,2,2,5,4,Y,A,0,0,P,HOND,UEX,CP,0,17,3241,,0,1051,,G,,0,0,000000000,00000000000,0,0,0,1,0,0,0,0,0,0,0,55,0,0,0,3,3,6,2,12,0,0,0,1,45,29055,1,1,5,0,2,3,61,110,0,2,0,0,0,2,2009,11,2009,0,0,0,0,0,1,2,55,1,1,2,1,0,0,1,54,1,1,2,64,1,1
45,450703,1,1,1,10,12,19,40,1,0,1,0,45,2,7,41,7041,4,2000,2B3HD76V8YH2,2,B,3,H,D,7,6,V,8,Y,H,2,0,P,DODG,IRT,4D,0,17,3430,,0,1130,,G,,0,0,000000000,00000000000,0,0,0,1,0,0,0,0,0,0,0,999,0,1,5,0,2,6,2,30,0,0,0,1,45,29180,1,1,5,0,2,0,72,180,0,2,0,0,0,1,2009,2,2009,1,8,0,0,0,1,2,35,4,1,2,1,0,0,14,13,1,1,4,1,1,0
45,450704,1,1,1,11,12,3,51,53,0,1,0,45,1,24,1,24001,4,1995,1G8ZH5285SZ2,1,G,8,Z,H,5,2,8,5,S,Z,2,0,P,STRN,SL1,4D,95,17,2252,,0,1024,,G,,0,0,000000000,00000000000,0,0,0,1,0,0,0,0,0,0,0,65,0,1,5,12,12,6,2,1,0,0,0,1,45,29323,0,0,0,0,0,0,999,999,99,99,99,99,99,99,9999,99,9999,0,99,99,99,99,1,2,55,1,1,2,1,0,0,1,13,1,1,4,1,1,1
45,450705,1,2,1,12,12,11,5,12,6,1,0,45,1,7,24,7024,4,2008,2B3KA43H38H1,2,B,3,K,A,4,3,H,3,8,H,1,0,P,DODG,CHA,4D,8,17,3727,,0,1200,,G,,0,0,000000000,00000000000,0,0,0,1,0,0,0,0,0,0,0,999,0,0,0,12,12,6,2,12,0,0,0,1,45,29150,6,1,0,0,3,3,71,230,1,0,0,0,0,2,2009,2,2009,0,0,0,0,0,1,2,40,1,1,2,2,0,0,1,66,1,1,1,88,0,0
45,450705,2,2,1,12,12,11,5,12,6,1,0,45,2,35,43,35043,4,1998,1N4AB41D9WC7,1,N,4,A,B,4,1,D,9,W,C,7,0,P,NISS,EXE,4D,98,17,2353,,0,998,,G,,0,0,000000000,00000000000,0,0,0,1,0,0,0,0,0,0,0,999,0,0,0,10,10,6,2,12,0,0,0,1,45,29150,6,2,0,0,3,0,63,136,1,0,0,0,0,9,2010,9,2010,0,0,0,0,0,1,2,40,1,1,2,2,20,3,4,55,1,1,2,89,1,0