STATE,ST_CASE,VEH_NO,VE_FORMS,NUMOCCS,DAY,MONTH,HOUR,MINUTE,HARM_EV,MAN_COLL,UNITTYPE,HIT_RUN,REG_STAT,OWNER,MAKE,MODEL,MAK_MOD,BODY_TYP,MOD_YEAR,VIN,VIN_1,VIN_2,VIN_3,VIN_4,VIN_5,VIN_6,VIN_7,VIN_8,VIN_9,VIN_10,VIN_11,VIN_12,TOW_VEH,VINTYPE,VINMAKE,VINA_MOD,VIN_BT,VINMODYR,VIN_LNGT,VIN_WGT,WGTCD_TR,WHLBS_LG,WHLBS_SH,SER_TR,FUELCODE,MCYCL_DS,J_KNIFE,MCARR_I1,MCARR_I2,MCARR_ID,GVWR,V_CONFIG,CARGO_BT,HAZ_INV,HAZ_PLAC,HAZ_ID,HAZ_CNO,HAZ_REL,BUS_USE,SPEC_USE,EMER_USE,TRAV_SP,UNDERIDE,ROLLOVER,ROLINLOC,IMPACT1,IMPACT2,DEFORMED,TOWED,M_HARM,VEH_SC1,VEH_SC2,FIRE_EXP,DR_PRES,L_STATE,DR_ZIP,L_STATUS,L_TYPE,CDL_STAT,L_ENDORS,L_COMPL,L_RESTRI,DR_HGT,DR_WGT,PREV_ACC,PREV_SUS,PREV_DWI,PREV_SPD,PREV_OTH,FIRST_MO,FIRST_YR,LAST_MO,LAST_YR,SPEEDREL,DR_SF1,DR_SF2,DR_SF3,DR_SF4,VTRAFWAY,VNUM_LAN,VSPD_LIM,VALIGN,VPROFILE,VPAVETYP,VSURCOND,VTRAFCON,VTCONT_F,P_CRASH1,P_CRASH2,P_CRASH3,PCRASH4,PCRASH5,ACC_TYPE,DEATHS,DR_DRINK
45,450706,1,1,2,12,12,18,45,32,0,1,0,45,1,18,4,18004,4,1993,1G4BT5379PR4,1,G,4,B,T,5,3,7,9,P,R,4,0,P,BUIC,RDL,4D,93,17,3988,,0,1159,,G,,0,0,000000000,00000000000,0,0,0,1,0,0,0,0,0,0,0,999,0,1,5,99,99,6,2,1,0,0,0,1,99,99999,9,9,99,9,9,9,999,999,99,99,99,99,99,99,9999,99,9999,0,99,99,99,99,2,2,55,1,1,2,1,0,0,1,19,1,1,4,1,1,0
45,450707,1,1,2,13,12,14,12,35,0,1,0,45,1,41,49,41049,4,2004,JM1FE1734401,J,M,1,F,E,1,7,3,4,4,0,1,0,P,MAZD,RX8,C4,4,17,3029,,0,1064,,G,,0,0,000000000,00000000000,0,0,0,1,0,0,0,0,0,0,0,60,0,1,5,12,99,6,2,1,0,0,0,1,45,29067,6,2,0,0,3,0,69,139,0,0,0,0,0,0,0,0,0,1,39,28,0,0,1,2,45,1,2,2,1,20,3,1,13,1,1,4,1,2,1
45,450708,1,1,2,16,12,4,46,30,0,1,0,45,2,12,16,12016,4,2001,2FAFP71WX1X1,2,F,A,F,P,7,1,W,X,1,X,1,0,P,FORD,CVP,4D,1,17,3996,,0,1147,,G,,0,0,000000000,00000000000,0,0,0,1,0,0,0,0,0,0,0,60,0,0,0,4,4,6,2,30,0,0,0,1,45,29571,1,1,5,0,2,0,66,135,0,1,0,0,0,12,2010,12,2010,1,87,0,0,0,1,2,35,1,1,2,4,0,0,1,6,1,4,4,7,1,0
45,450709,1,2,1,16,12,4,53,12,2,1,0,45,1,37,31,37031,4,2004,JHMES96654S0,J,H,M,E,S,9,6,6,5,4,S,0,0,P,HOND,CHY,4D,4,17,2732,,0,1032,,B,,0,0,000000000,00000000000,0,0,0,1,0,0,0,0,0,0,0,50,0,0,0,12,12,6,2,12,0,0,0,1,45,29651,6,1,0,0,3,0,60,155,0,0,0,2,0,1,2008,2,2008,0,51,0,0,0,2,2,50,1,1,2,1,0,0,1,54,1,1,2,50,1,0
45,450709,2,2,1,16,12,4,53,12,2,1,0,45,1,12,3,12003,2,2000,1FAFP4047YF1,1,F,A,F,P,4,0,4,7,Y,F,1,0,P,FORD,MUS,CP,0,17,3066,,0,1013,,G,,0,0,000000000,00000000000,0,0,0,1,0,0,0,0,0,0,0,45,0,0,0,12,12,6,2,12,0,0,0,1,45,29650,0,0,0,0,0,0,999,999,99,99,99,99,99,99,9999,99,9999,0,0,0,0,0,2,2,45,1,1,2,1,0,0,1,62,1,1,1,51,0,0
45,450710,1,1,1,16,12,22,50,42,0,1,0,42,1,49,50,49050,3,2005,JTKDE1774500,J,T,K,D,E,1,7,7,4,5,0,0,0,P,TOYT,SXC,LB,5,17,2905,,0,1063,,G,,0,0,000000000,00000000000,0,0,0,1,0,0,0,0,0,0,0,65,0,0,0,10,10,6,2,42,0,0,0,1,42,19382,6,1,0,0,3,0,62,999,0,0,0,0,0,0,0,0,0,1,0,0,0,0,2,2,65,1,2,2,2,0,0,1,6,1,3,4,2,1,0
45,450711,1,3,1,17,12,19,15,8,0,1,0,37,1,18,401,18401,14,2002,3G5DA03E22S5,3,G,5,D,A,0,3,E,2,2,S,5,0,P,BUIC,RZV,UT,2,17,4024,,0,1122,,G,,0,0,000000000,00000000000,0,0,0,1,0,0,0,0,0,0,0,999,0,0,0,12,12,2,1,8,0,0,0,1,37,28146,6,1,0,0,3,0,72,999,0,0,0,0,0,0,0,0,0,0,0,0,0,0,2,2,99,1,1,2,1,0,0,1,80,1,1,1,13,0,0
45,450711,2,3,2,17,12,19,15,8,0,1,0,45,1,20,401,20401,14,2003,1GNDT13S6323,1,G,N,D,T,1,3,S,6,3,2,3,0,P,CHEV,TRL,UT,3,17,4600,,0,1130,,G,,0,0,000000000,00000000000,0,0,0,1,0,0,0,0,0,0,0,999,0,0,0,14,14,0,1,8,0,0,0,1,45,29001,6,1,0,0,3,0,64,130,0,0,0,0,0,0,0,0,0,0,0,0,0,0,2,2,99,1,1,2,1,0,0,1,80,1,1,1,98,0,0
45,450711,3,3,1,17,12,19,15,8,0,1,1,99,9,99,999,99999,99,9999,999999999999,9,9,9,9,9,9,9,9,9,9,9,9,0,U,,,,9,17,,,,,,,,0,0,000000000,00000000000,0,0,0,1,0,0,0,0,0,0,0,999,0,0,0,14,99,9,1,8,0,0,0,1,99,99999,9,9,99,9,9,9,999,999,99,99,99,99,99,99,9999,99,9999,0,0,0,0,0,2,2,99,1,1,2,1,0,0,1,80,1,1,1,98,0,0
45,450712,1,2,1,19,12,5,6,12,6,1,0,16,3,82,881,82881,66,1999,1FUPCSZB9XLB,1,F,U,P,C,S,Z,B,9,X,L,B,1,T,FRHT,FLD,DS,99,17,,8,0,0,CON,D,,1,57,1225788,571225788,3,6,1,1,0,0,0,0,0,0,0,40,0,0,0,12,12,6,2,12,0,0,0,1,41,97914,6,1,6,3,3,0,67,185,0,0,0,0,0,0,0,0,0,0,0,0,0,0,2,2,45,1,1,2,1,0,0,1,71,1,1,1,88,0,0
45,450712,2,2,1,19,12,5,6,12,6,1,0,45,1,22,441,22441,20,1999,1GMDX03E4XD2,1,G,M,D,X,0,3,E,4,X,D,2,0,T,PONT,M/T,ES,99,17,,1,0,1200,M/T,G,,0,0,000000000,00000000000,0,0,0,1,0,0,0,0,0,0,0,15,0,1,5,10,10,6,2,12,0,0,0,1,45,29607,0,0,0,0,0,0,999,999,99,99,99,99,99,99,9999,99,9999,0,38,0,0,0,2,2,45,1,1,2,1,0,0,4,55,1,1,2,89,1,1
45,450713,1,2,1,19,12,11,30,32,0,1,0,45,1,7,24,7024,4,2006,2B3KA43G16H3,2,B,3,K,A,4,3,G,1,6,H,3,0,P,DODG,CTL,4D,6,17,3718,,0,1200,,G,,0,0,000000000,00000000000,0,0,0,1,0,0,0,0,0,0,0,70,0,0,0,12,12,6,2,12,0,0,0,1,45,29223,6,1,0,0,3,0,72,260,1,0,0,0,0,7,2009,7,2009,0,0,0,0,0,2,2,70,1,1,2,1,0,0,1,62,1,1,1,98,0,0
45,450713,2,2,5,19,12,11,30,32,0,1,0,45,2,35,47,35047,4,2002,1N4AL11E22C2,1,N,4,A,L,1,1,E,2,2,C,2,0,P,NISS,ABS,4D,2,17,2920,,0,1102,,G,,0,0,000000000,00000000000,0,0,0,1,0,0,0,0,0,0,0,85,0,0,0,12,12,6,2,32,0,0,0,1,24,21244,6,1,0,0,3,0,70,999,0,0,0,2,0,2,2010,6,2010,0,8,0,0,0,2,2,70,1,1,2,1,0,0,1,54,1,1,4,6,1,1
45,450714,1,1,1,19,12,3,3,34,0,1,0,45,2,7,43,7043,4,1998,1B3EJ46X0WN2,1,B,3,E,J,4,6,X,0,W,N,2,0,P,DODG,STR,4D,98,17,2837,,0,1080,,G,,0,0,000000000,00000000000,0,0,0,1,0,0,0,0,0,0,0,60,0,1,5,12,13,6,2,2,0,0,1,1,45,29910,0,0,0,0,0,0,999,999,99,99,99,99,99,99,9999,99,9999,1,28,58,0,0,1,2,55,1,1,2,2,0,0,1,13,1,1,4,1,1,1
45,450715,1,2,1,20,12,6,15,12,1,1,0,45,1,12,481,12481,31,2004,1FTPW14514KC,1,F,T,P,W,1,4,5,1,4,K,C,0,T,FORD,F1S,CW,4,17,,2,1450,1260,COF,G,,0,0,000000000,00000000000,0,0,0,1,0,0,0,0,0,0,0,50,0,0,0,6,6,6,2,12,0,0,0,1,45,29440,6,1,0,0,3,3,68,145,0,0,0,0,1,1,2008,1,2008,0,0,0,0,0,1,2,55,1,1,2,1,0,0,1,53,1,1,1,93,0,0
45,450715,2,2,2,20,12,6,15,12,1,1,0,45,1,20,401,20401,14,2003,1GNEC13Z63R1,1,G,N,E,C,1,3,Z,6,3,R,1,0,P,CHEV,CTA,UT,3,17,4828,,0,1160,,F,,0,0,000000000,00000000000,0,0,0,1,0,0,0,0,0,0,0,5,0,1,2,12,12,6,2,1,0,0,0,1,45,29440,1,1,0,0,2,0,71,195,0,0,0,0,0,0,0,0,0,0,38,0,0,0,1,2,55,1,1,2,1,0,0,13,56,1,1,1,92,1,0
45,450716,1,1,1,20,12,2,15,34,0,1,0,45,1,22,9,22009,2,2002,2G2FV22G3221,2,G,2,F,V,2,2,G,3,2,2,1,0,P,PONT,FTA,2H,2,17,3452,,0,1011,,G,,0,0,000000000,00000000000,0,0,0,1,0,0,0,0,0,0,0,80,0,1,5,12,1,6,2,1,0,0,0,1,45,29054,6,1,0,0,3,0,73,175,0,0,0,1,0,5,2010,5,2010,0,0,0,0,0,1,2,55,1,1,2,1,0,0,1,12,1,1,4,6,1,1
45,450717,1,2,1,23,12,16,45,12,8,1,0,45,1,7,41,7041,4,1994,1B3HD46T1RF2,1,B,3,H,D,4,6,T,1,R,F,2,0,P,DODG,INT,4D,94,17,3181,,0,1130,,G,,0,0,000000000,00000000000,0,0,0,1,0,0,0,0,0,0,0,55,0,0,0,9,9,6,2,25,0,0,0,1,45,29588,6,1,0,0,3,0,70,185,0,0,0,0,0,0,0,0,0,0,51,0,0,0,3,2,55,1,1,2,1,0,0,1,54,1,1,2,64,1,0
45,450717,2,2,2,23,12,16,45,12,8,1,0,45,1,49,32,49032,4,1995,JT2AE00B5S01,J,T,2,A,E,0,0,B,5,S,0,1,0,P,TOYT,CLF,4D,95,17,2524,,0,970,,G,,0,0,000000000,00000000000,0,0,0,1,0,0,0,0,0,0,0,50,0,0,0,9,9,6,2,12,0,0,0,1,45,29577,0,0,0,0,0,0,999,999,99,99,99,99,99,99,9999,99,9999,0,0,0,0,0,3,2,55,1,1,2,1,0,0,1,62,1,1,2,65,0,0
45,450718,1,2,2,23,12,17,58,12,1,1,0,45,1,87,881,87881,66,1998,1XP5DR9X6WN4,1,X,P,5,D,R,9,X,6,W,N,4,1,T,PTRB,379,TR,98,17,,8,0,0,CON,D,,1,45,0193721,450193721,3,6,3,1,0,0,0,0,0,0,0,0,0,0,0,6,6,2,1,12,0,0,0,1,45,29571,6,1,6,0,3,0,71,230,0,0,0,1,1,3,2009,7,2010,0,0,0,0,0,2,2,60,1,1,2,1,0,0,12,78,1,1,1,98,0,0
45,450718,2,2,1,23,12,17,58,12,1,1,0,45,1,49,48,49048,5,2005,JTKKT6248501,J,T,K,K,T,6,2,4,8,5,0,1,0,P,TOYT,SXA,4H,5,17,2340,,0,933,,G,,0,0,000000000,00000000000,0,0,0,1,0,0,0,0,0,0,0,60,0,0,0,12,12,6,2,12,0,0,0,1,45,29506,6,1,0,0,3,0,71,160,2,0,0,0,0,10,2009,6,2010,1,0,0,0,0,2,2,60,1,1,2,1,0,0,1,50,1,1,1,98,1,0
45,450719,1,1,2,24,12,18,20,1,0,1,0,45,1,20,20,20020,4,1997,2G1WL52M3V11,2,G,1,W,L,5,2,M,3,V,1,1,0,P,CHEV,L/S,4D,97,17,3360,,0,1075,,G,,0,0,000000000,00000000000,0,0,0,1,0,0,0,0,0,0,0,55,0,1,5,0,99,6,2,42,0,0,0,1,45,29706,6,1,0,0,3,0,64,180,0,0,0,0,0,0,0,0,0,0,0,0,0,0,1,2,55,3,2,2,1,0,0,14,8,1,4,4,7,1,1
45,450720,1,1,1,24,12,20,15,8,0,1,0,45,1,12,402,12402,14,2009,1FMCU04769KC,1,F,M,C,U,0,4,7,6,9,K,C,0,P,FORD,SPE,UT,9,17,3355,,0,1031,,G,,0,0,000000000,00000000000,0,0,0,1,0,0,0,0,0,0,0,50,0,0,0,12,12,2,3,8,0,0,0,1,45,29555,6,1,0,0,3,0,62,110,0,0,0,0,0,0,0,0,0,0,0,0,0,0,2,2,50,1,1,2,1,0,0,1,81,1,1,1,13,0,0
45,450721,1,1,1,24,12,22,7,8,0,1,0,45,1,12,4,12004,2,1997,1FALP62WXVH1,1,F,A,L,P,6,2,W,X,V,H,1,0,P,FORD,THL,2D,97,17,3561,,0,1130,,G,,0,0,000000000,00000000000,0,0,0,1,0,0,0,0,0,0,0,999,0,0,0,1,1,2,1,8,0,0,0,1,45,29223,6,1,0,0,3,3,63,145,0,0,0,0,0,0,0,0,0,0,0,0,0,0,2,2,45,1,1,2,1,0,0,1,80,1,1,1,13,0,0
45,450722,1,1,5,25,12,3,25,34,0,1,0,45,2,20,401,20401,14,2002,1GNES16S1261,1,G,N,E,S,1,6,S,1,2,6,1,0,P,CHEV,TRL,UT,2,17,4836,,0,1290,,G,,0,0,000000000,00000000000,0,0,0,1,0,0,0,0,0,0,0,55,0,1,5,12,12,6,2,1,0,0,0,1,45,29560,1,1,5,0,2,0,75,190,0,0,0,0,0,0,0,0,0,0,28,58,0,0,1,2,55,1,1,2,1,0,0,1,13,1,1,4,1,2,1
45,450723,1,1,1,25,12,4,40,8,0,1,0,45,1,20,2,20002,4,2006,2G1WU5812692,2,G,1,W,U,5,8,1,2,6,9,2,0,P,CHEV,ITZ,4D,6,17,3477,,0,1105,,G,,0,0,000000000,00000000000,0,0,0,1,0,0,0,0,0,0,0,999,0,0,0,12,12,2,9,8,0,0,0,1,45,29620,6,1,0,0,3,0,70,175,0,2,1,0,0,1,2009,2,2010,0,0,0,0,0,3,2,99,1,1,2,1,0,0,1,80,1,1,1,13,0,1
45,450724,1,2,1,29,12,18,21,12,2,1,0,45,1,35,401,35401,14,2001,JN8DR09X41W5,J,N,8,D,R,0,9,X,4,1,W,5,0,P,NISS,PFI,UT,1,17,3737,,0,1063,,G,,0,0,000000000,00000000000,0,0,0,1,0,0,0,0,0,0,0,77,0,0,0,12,12,6,2,12,0,0,0,1,45,29137,6,1,0,0,3,0,75,230,0,0,0,1,0,7,2008,7,2008,0,51,8,0,0,1,2,99,1,2,2,1,0,0,1,54,1,1,2,50,0,1
45,450724,2,2,2,29,12,18,21,12,2,1,0,45,1,12,401,12401,14,2001,1FMCU60E71UC,1,F,M,C,U,6,0,E,7,1,U,C,0,P,FORD,EPR,UT,1,17,3769,,0,1018,,G,,0,0,000000000,00000000000,0,0,0,1,0,0,0,0,0,0,0,50,0,0,0,12,12,6,2,12,0,0,0,1,45,29803,6,1,0,0,3,0,71,165,1,0,0,2,0,11,2008,10,2010,0,0,0,0,0,1,2,99,1,2,2,1,0,0,1,62,1,1,1,51,2,0
45,450725,1,1,1,31,12,18,32,8,0,1,0,45,1,63,33,63033,4,2005,KNAFE1210551,K,N,A,F,E,1,2,1,0,5,5,1,0,P,KIA,SLE,4D,5,17,2701,,0,1028,,G,,0,0,000000000,00000000000,0,0,0,1,0,0,0,0,0,0,0,40,0,0,0,12,12,2,3,8,0,0,0,1,45,29710,6,1,0,0,3,3,62,230,0,0,0,0,0,0,0,0,0,0,0,0,0,0,2,2,45,1,1,2,1,0,0,1,80,1,1,1,13,0,0
45,450726,1,2,2,31,12,18,20,12,6,1,0,45,1,12,4,12004,2,1993,1FAPP6247PH2,1,F,A,P,P,6,2,4,7,P,H,2,0,P,FORD,THL,2D,93,17,3566,,0,1130,,G,,0,0,000000000,00000000000,0,0,0,1,0,0,0,0,0,0,0,45,0,0,0,12,12,6,2,12,0,0,0,1,45,29440,6,1,0,0,3,0,67,240,0,0,0,0,0,0,0,0,0,0,38,0,0,0,2,2,50,1,1,2,1,0,0,1,62,1,1,1,69,1,0
45,450726,2,2,1,31,12,18,20,12,6,1,0,45,1,20,481,20481,31,1995,2GCEK19KXS12,2,G,C,E,K,1,9,K,X,S,1,2,0,T,CHEV,GK1,PC,95,17,,2,1555,1415,GM4,G,,0,0,000000000,00000000000,0,0,0,1,0,0,0,0,0,0,0,15,0,0,0,10,10,6,2,12,0,0,0,1,45,29440,6,2,0,0,3,0,67,240,0,0,0,0,0,0,0,0,0,0,38,0,0,0,2,2,50,1,1,2,1,0,0,11,54,1,1,2,68,0,0
45,450727,1,2,1,23,12,20,2,12,6,1,0,45,2,41,43,41043,4,1993,JM1HD461XP02,J,M,1,H,D,4,6,1,X,P,0,2,0,P,MAZD,929,4D,93,17,3596,,0,1122,,G,,0,0,000000000,00000000000,0,0,0,1,0,0,0,0,0,0,0,65,0,0,0,3,3,6,2,12,0,0,0,1,45,29625,6,1,0,0,3,3,61,140,0,0,0,0,0,0,0,0,0,0,0,0,0,0,1,2,45,1,1,2,1,0,0,1,54,1,1,2,64,1,0
45,450727,2,2,1,23,12,20,2,12,6,1,0,45,1,19,3,19003,4,2002,1G6KD54Y52U1,1,G,6,K,D,5,4,Y,5,2,U,1,0,P,CADI,DFW,4D,2,17,3978,,0,1153,,G,,0,0,000000000,00000000000,0,0,0,1,0,0,0,0,0,0,0,50,0,0,0,12,12,6,2,12,0,0,0,1,45,29624,6,1,0,0,3,0,72,185,0,0,0,0,0,0,0,0,0,0,0,0,0,0,1,2,45,1,1,2,1,0,0,1,62,1,1,1,65,0,0
45,450728,1,1,1,19,12,17,15,35,0,1,0,45,1,14,4,14004,2,1995,1MELM62W5SH6,1,M,E,L,M,6,2,W,5,S,H,6,0,P,MERC,XR7,2D,95,17,3533,,0,1130,,G,,0,0,000000000,00000000000,0,0,0,1,0,0,0,0,0,0,0,55,0,1,5,12,12,6,2,42,0,0,0,1,45,29128,6,1,0,0,3,3,66,207,1,0,0,0,0,3,2008,3,2008,1,0,0,0,0,1,2,55,3,1,2,1,0,0,14,12,1,1,4,6,1,1
45,450729,1,1,1,9,10,17,31,34,0,1,0,45,1,72,706,72706,80,2007,1HD1FV4117Y6,1,H,D,1,F,V,4,1,1,7,Y,6,0,M,HD,FHT,RS,7,17,,,,,,,1584,0,0,000000000,00000000000,0,0,0,1,0,0,0,0,0,0,0,35,0,0,0,12,12,2,3,34,0,0,0,1,45,29730,6,1,0,0,3,0,74,165,1,1,1,0,0,4,2009,4,2009,1,0,0,0,0,1,2,15,2,1,2,1,0,0,14,13,1,1,4,1,1,0
45,450730,1,2,2,22,12,10,15,12,6,1,0,45,1,35,47,35047,4,1998,1N4DL01D7WC2,1,N,4,D,L,0,1,D,7,W,C,2,0,P,NISS,AGS,4D,98,17,2766,,0,1031,,G,,0,0,000000000,00000000000,0,0,0,1,0,0,0,0,0,0,0,45,0,0,0,12,12,6,2,12,0,0,0,1,45,29172,6,1,0,0,3,3,62,170,0,0,0,0,0,0,0,0,0,0,0,0,0,0,1,2,45,1,1,2,1,0,0,1,65,1,1,1,88,1,0
45,450730,2,2,2,22,12,10,15,12,6,1,0,45,1,20,2,20002,4,2008,2G1WB58KX891,2,G,1,W,B,5,8,K,X,8,9,1,0,P,CHEV,IPL,4D,8,17,3555,,0,1105,,F,,0,0,000000000,00000000000,0,0,0,1,0,0,0,0,0,0,0,20,0,0,0,9,9,2,3,12,0,0,0,1,45,29169,6,1,0,0,3,3,74,216,2,0,0,2,0,6,2009,12,2010,0,38,0,0,0,1,2,45,1,1,2,1,20,3,4,55,1,1,1,89,0,0
45,450731,1,1,2,14,11,6,14,33,0,1,0,45,1,37,31,37031,2,2007,2HGFG21527H7,2,H,G,F,G,2,1,5,2,7,H,7,0,P,HOND,CVS,CP,7,17,2886,,0,1043,,G,,0,0,000000000,00000000000,0,0,0,1,0,0,0,0,0,0,0,40,0,0,0,12,12,6,2,30,0,0,0,1,45,29609,1,1,5,0,2,0,64,104,0,0,0,0,0,0,0,0,0,0,0,0,0,0,2,3,40,1,2,2,1,3,3,1,13,1,1,4,1,1,1
45,450732,1,1,1,25,12,21,28,8,0,1,0,45,1,24,401,24401,14,2005,5GZCZ534X5S8,5,G,Z,C,Z,5,3,4,X,5,S,8,0,P,STRN,VUE,UT,5,17,3478,,0,1066,,G,,0,0,000000000,00000000000,0,0,0,1,0,0,0,0,0,0,0,999,0,0,0,12,12,2,3,8,0,0,0,1,45,29407,6,2,0,0,3,0,63,110,0,0,0,0,0,0,0,0,0,0,0,0,0,0,2,2,35,1,1,2,1,0,0,1,80,1,1,1,13,0,0
45,450733,1,3,1,24,12,15,40,12,6,1,0,45,1,52,40,52040,4,2003,6MMAP67PX3T0,6,M,M,A,P,6,7,P,X,3,T,0,0,P,MITS,DLS,4P,3,17,3439,,0,1071,,G,,0,0,000000000,00000000000,0,0,0,1,0,0,0,0,0,0,0,35,0,0,0,1,1,6,2,12,0,0,0,1,45,29803,6,1,0,0,3,3,68,200,0,0,0,1,0,7,2009,7,2009,0,0,0,0,0,1,2,35,1,1,2,1,0,0,1,73,1,1,1,88,1,0
45,450733,2,3,5,24,12,15,40,12,6,1,0,45,1,7,402,7402,14,2002,1B4HR48N62F1,1,B,4,H,R,4,8,N,6,2,F,1,0,P,DODG,DUR,UT,2,17,4310,,0,1160,,G,,0,0,000000000,00000000000,0,0,0,1,0,0,0,0,0,0,0,0,0,0,0,12,12,2,1,12,0,0,0,1,45,29828,6,1,0,0,3,0,72,170,0,0,0,1,0,8,2008,8,2008,0,0,0,0,0,1,2,35,1,1,2,1,0,0,12,56,1,1,1,98,0,0
45,450733,3,3,1,24,12,15,40,12,6,1,0,37,1,7,41,7041,4,2000,2B3HD46R9YH1,2,B,3,H,D,4,6,R,9,Y,H,1,0,P,DODG,INT,4D,0,17,3385,,0,1130,,G,,0,0,000000000,00000000000,0,0,0,1,0,0,0,0,0,0,0,15,0,0,0,11,11,6,2,12,0,0,0,1,37,28524,6,1,0,0,3,3,76,999,0,0,0,0,0,0,0,0,0,0,38,0,0,0,1,2,35,1,1,2,1,20,3,4,68,1,1,1,89,0,0
45,450734,1,2,1,20,5,0,6,12,6,1,0,45,1,20,37,20037,4,2004,1FAFP34384W1,1,F,A,F,P,3,4,3,8,4,W,1,0,P,FORD,FSP,4D,4,17,2604,,0,1030,,G,,0,0,000000000,00000000000,0,0,0,1,0,0,0,0,0,0,0,30,0,0,0,12,12,2,1,12,0,0,0,1,45,29206,6,1,0,0,3,3,66,250,0,0,0,1,1,1,2009,5,2009,0,0,0,0,0,1,2,30,1,2,2,1,3,3,1,17,1,1,1,88,0,0
45,450734,2,2,1,20,5,0,6,12,6,1,0,45,1,72,706,72706,80,2007,1HD1JD5107Y0,1,H,D,1,J,D,5,1,0,7,Y,0,0,M,HD,FLN,RS,7,17,,,,,,,1584,0,0,000000000,00000000000,0,0,0,1,0,0,0,0,0,0,0,30,0,0,0,10,10,6,2,12,0,0,0,1,45,29063,6,1,0,0,3,0,74,230,1,0,0,1,1,9,2008,4,2010,0,39,0,0,0,1,2,30,1,2,2,1,3,3,1,17,1,1,2,89,1,1
45,450735,1,1,2,25,11,22,57,8,0,1,0,45,1,24,1,24001,4,2002,1G8ZK52752Z3,1,G,8,Z,K,5,2,7,5,2,Z,3,0,P,STRN,SL2,4D,2,17,2431,,0,1024,,G,,0,0,000000000,00000000000,0,0,0,1,0,0,0,0,0,0,0,999,0,0,0,12,12,6,2,8,0,0,0,1,45,29209,6,1,0,0,3,3,68,110,0,0,0,2,0,5,2008,6,2010,0,0,0,0,0,1,2,99,1,1,2,1,0,0,1,80,1,1,1,13,0,0
45,450736,1,2,1,11,12,4,55,12,6,1,0,45,2,12,481,12481,31,2002,1FTRW07382KD,1,F,T,R,W,0,7,3,8,2,K,D,0,T,FORD,F1H,CW,2,17,,2,0,1385,COF,G,,0,0,000000000,00000000000,0,0,0,1,0,0,0,0,0,0,0,999,0,0,0,9,9,6,2,12,0,0,0,1,45,29170,0,0,0,0,0,0,999,999,99,99,99,99,99,99,9999,99,9999,0,38,0,0,0,1,2,45,1,3,2,1,20,3,1,17,1,1,1,89,0,0
45,450736,2,2,1,11,12,4,55,12,6,1,0,45,1,76,705,76705,80,1980,999999999999,9,9,9,9,9,9,9,9,9,9,9,9,0,U,,,,9,17,,,,,,,,0,0,000000000,00000000000,0,0,0,1,0,0,0,0,0,0,0,999,0,0,0,12,12,6,2,12,0,0,0,1,45,29073,6,1,0,0,3,0,68,165,1,0,0,4,1,1,2009,1,2010,0,0,0,0,0,1,2,45,1,3,2,1,20,3,1,17,1,1,1,88,1,1
45,450737,1,2,1,15,12,21,25,12,2,1,0,45,3,82,881,82881,66,2005,1FVJA6CK25LU,1,F,V,J,A,6,C,K,2,5,L,U,1,T,FRHT,COL,TR,5,17,,8,0,0,CON,D,,3,45,0104701,450104701,3,6,2,1,0,0,0,0,0,0,0,55,0,0,0,12,12,6,2,12,0,0,0,1,45,29591,6,1,6,3,3,0,68,190,0,0,0,0,0,0,0,0,0,0,0,0,0,0,1,2,55,1,3,2,1,0,0,1,10,1,1,2,50,0,0
45,450737,2,2,1,15,12,21,25,12,2,1,0,45,1,22,18,22018,4,2001,1G2NE52T71M6,1,G,2,N,E,5,2,T,7,1,M,6,0,P,PONT,GAS,4D,1,17,3116,,0,1070,,G,,0,0,000000000,00000000000,0,0,0,1,0,0,0,0,0,0,0,55,0,1,5,12,12,6,2,12,0,0,0,1,45,29520,6,1,0,0,3,0,65,162,0,0,0,1,0,2,2009,2,2009,0,51,0,0,0,1,2,55,1,3,2,1,0,0,1,62,1,1,1,51,1,0
45,450738,1,1,1,19,12,23,0,42,0,1,0,45,1,20,481,20481,31,2005,2GCEK13T2513,2,G,C,E,K,1,3,T,2,5,1,3,0,T,CHEV,SK1,CW,5,17,,2,0,1435,SIL,G,,0,0,000000000,00000000000,0,0,0,1,0,0,0,0,0,0,0,60,0,1,5,99,99,6,2,1,0,0,0,1,45,29070,6,1,0,0,3,3,68,145,0,0,0,0,0,0,0,0,0,1,0,0,0,0,1,2,35,2,2,2,1,0,0,14,12,1,1,4,6,1,1
45,450739,1,1,1,19,12,14,0,34,0,1,0,45,1,18,2,18002,4,2002,1G4HR54K82U1,1,G,4,H,R,5,4,K,8,2,U,1,0,P,BUIC,LLF,4D,2,17,3591,,0,1122,,G,,0,0,000000000,00000000000,0,0,0,1,0,0,0,0,0,0,0,45,0,0,0,12,12,6,2,42,0,0,0,1,45,29440,6,1,0,0,3,0,67,150,1,0,0,0,1,10,2008,6,2009,0,0,0,0,0,1,2,45,2,1,2,1,0,0,14,13,1,1,4,1,1,0