STATE,ST_CASE,VEH_NO,VE_FORMS,NUMOCCS,DAY,MONTH,HOUR,MINUTE,HARM_EV,MAN_COLL,UNITTYPE,HIT_RUN,REG_STAT,OWNER,MAKE,MODEL,MAK_MOD,BODY_TYP,MOD_YEAR,VIN,VIN_1,VIN_2,VIN_3,VIN_4,VIN_5,VIN_6,VIN_7,VIN_8,VIN_9,VIN_10,VIN_11,VIN_12,TOW_VEH,VINTYPE,VINMAKE,VINA_MOD,VIN_BT,VINMODYR,VIN_LNGT,VIN_WGT,WGTCD_TR,WHLBS_LG,WHLBS_SH,SER_TR,FUELCODE,MCYCL_DS,J_KNIFE,MCARR_I1,MCARR_I2,MCARR_ID,GVWR,V_CONFIG,CARGO_BT,HAZ_INV,HAZ_PLAC,HAZ_ID,HAZ_CNO,HAZ_REL,BUS_USE,SPEC_USE,EMER_USE,TRAV_SP,UNDERIDE,ROLLOVER,ROLINLOC,IMPACT1,IMPACT2,DEFORMED,TOWED,M_HARM,VEH_SC1,VEH_SC2,FIRE_EXP,DR_PRES,L_STATE,DR_ZIP,L_STATUS,L_TYPE,CDL_STAT,L_ENDORS,L_COMPL,L_RESTRI,DR_HGT,DR_WGT,PREV_ACC,PREV_SUS,PREV_DWI,PREV_SPD,PREV_OTH,FIRST_MO,FIRST_YR,LAST_MO,LAST_YR,SPEEDREL,DR_SF1,DR_SF2,DR_SF3,DR_SF4,VTRAFWAY,VNUM_LAN,VSPD_LIM,VALIGN,VPROFILE,VPAVETYP,VSURCOND,VTRAFCON,VTCONT_F,P_CRASH1,P_CRASH2,P_CRASH3,PCRASH4,PCRASH5,ACC_TYPE,DEATHS,DR_DRINK
46,460045,1,1,2,21,6,11,30,1,0,1,0,46,2,20,881,20881,62,1985,1GBG7D1F8FV1,1,G,B,G,7,D,1,F,8,F,V,1,0,T,CHEV,C7D,CB,85,17,,6,2540,1250,C6V,D,,0,88,888888888,88888888888,2,1,96,1,0,0,0,0,0,0,0,45,0,2,5,0,0,6,2,1,0,0,0,1,46,57625,0,0,0,0,0,0,999,999,0,0,0,0,2,4,2009,4,2009,0,0,0,0,0,1,2,65,1,1,2,1,40,3,1,13,6,1,4,1,1,0
46,460046,1,3,2,23,6,16,41,12,6,1,0,46,1,12,443,12443,20,2005,1FMZK05115GA,1,F,M,Z,K,0,5,1,1,5,G,A,0,P,FORD,FSL,UT,5,17,4112,,0,1129,,G,,0,0,000000000,00000000000,0,0,0,1,0,0,0,0,0,0,0,998,0,0,0,5,5,6,2,12,0,0,0,1,46,57385,6,1,0,0,3,1,63,145,0,0,0,0,0,0,0,0,0,0,38,0,0,0,3,2,65,1,1,2,1,0,0,11,15,1,1,2,68,1,0
46,460046,2,3,1,23,6,16,41,12,6,1,0,46,3,87,881,87881,66,1997,1XPFDB8X7VN4,1,X,P,F,D,B,8,X,7,V,N,4,1,T,PTRB,378,DS,97,17,,8,0,0,CON,D,,1,57,482751,57482751,3,6,8,1,0,0,0,0,0,0,0,65,0,0,0,12,12,6,2,12,0,0,0,1,46,57385,6,1,6,1,3,1,72,165,0,0,0,0,0,0,0,0,0,0,0,0,0,0,3,2,65,1,1,2,1,0,0,1,66,4,1,1,69,0,0
46,460046,3,3,3,23,6,16,41,12,6,1,0,46,2,18,23,18023,4,2007,1G4HD57247U1,1,G,4,H,D,5,7,2,4,7,U,1,0,P,BUIC,UXL,4D,7,17,3969,,0,1156,,G,,0,0,000000000,00000000000,0,0,0,1,0,0,0,0,0,0,0,0,0,0,0,11,11,6,2,12,0,0,0,1,46,57350,6,1,0,0,3,0,72,215,0,0,0,0,0,0,0,0,0,0,0,0,0,0,1,2,65,1,1,2,1,0,0,5,62,1,1,1,98,0,0
46,460047,1,1,1,25,6,2,45,31,0,1,0,46,1,12,880,12880,67,2006,1FTWW33P56ED,1,F,T,W,W,3,3,P,5,6,E,D,0,T,FORD,F3D,CW,6,17,,3,1720,1560,DRW,D,,0,88,888888888,88888888888,2,1,96,1,0,0,0,0,0,0,0,998,0,0,0,12,12,6,2,24,0,0,0,1,46,57755,6,1,0,0,3,0,74,205,0,0,0,0,0,0,0,0,0,0,0,0,0,0,1,2,65,1,1,2,2,0,0,1,12,1,1,4,6,1,1
46,460048,1,1,1,25,6,19,20,24,0,1,0,46,1,49,50,49050,3,2006,JTKDE1672601,J,T,K,D,E,1,6,7,2,6,0,1,0,P,TOYT,SXC,LB,6,17,2905,,0,1063,,G,,0,0,000000000,00000000000,0,0,0,1,0,0,0,0,0,0,0,998,0,1,5,12,6,6,2,1,0,0,1,1,46,57106,6,1,0,0,3,0,69,170,0,0,0,0,0,0,0,0,0,1,0,0,0,0,2,2,75,1,1,1,1,0,0,1,13,1,1,4,1,1,0
46,460049,1,1,1,25,6,21,47,1,0,1,0,95,3,82,881,82881,66,2009,1FUJGLCK69LA,1,F,U,J,G,L,C,K,6,9,L,A,1,T,FRHT,125,DS,9,17,,8,0,0,CSC,D,,1,57,00871373,5700871373,3,6,97,1,0,0,0,0,0,0,0,998,0,2,5,0,3,6,2,1,0,0,0,1,95,0,6,1,6,1,3,0,999,999,99,99,99,99,99,99,9999,99,9999,0,0,0,0,0,1,2,65,1,1,2,1,0,0,1,13,6,1,4,1,1,0
46,460050,1,1,1,2,7,3,50,31,0,1,0,46,1,63,32,63032,4,2009,KNADE2233965,K,N,A,D,E,2,2,3,3,9,6,5,0,P,KIA,RBL,4D,9,17,0,,0,984,,G,,0,0,000000000,00000000000,0,0,0,1,0,0,0,0,0,0,0,90,0,0,0,10,12,6,2,35,0,0,0,1,46,57110,2,1,5,0,2,0,74,195,0,3,1,0,0,1,2010,3,2010,1,0,0,0,0,1,2,65,1,2,1,1,0,0,1,12,1,1,4,6,1,0
46,460051,1,1,1,2,7,16,55,1,0,1,0,46,1,99,706,99706,80,1996,SD13211MC02,S,D,1,3,2,1,1,M,C,0,2,,0,P,,,,,,,,,,,,,0,0,000000000,00000000000,0,0,0,1,0,0,0,0,0,0,0,55,0,0,0,0,9,4,3,59,0,0,0,1,46,57702,6,1,0,0,3,0,70,185,0,0,0,0,0,0,0,0,0,1,0,0,0,0,1,2,45,2,2,1,1,0,0,14,13,1,1,4,1,1,1
46,460052,1,2,4,3,7,14,0,12,6,1,0,27,1,6,442,6442,20,2000,1C4GJ44G4YB6,1,C,4,G,J,4,4,G,4,Y,B,6,0,P,CHRY,VOV,SV,0,17,3863,,0,1193,,F,,0,0,000000000,00000000000,0,0,0,1,0,0,0,0,0,0,0,65,0,0,0,12,12,6,2,12,0,0,0,1,27,55102,6,1,0,0,3,0,70,150,0,0,0,1,0,8,2007,8,2007,0,0,0,0,0,1,2,65,1,3,2,1,0,0,1,71,1,1,1,86,0,0
46,460052,2,2,1,3,7,14,0,12,6,1,0,46,2,18,2,18002,4,2005,1G4HR54K85U1,1,G,4,H,R,5,4,K,8,5,U,1,0,P,BUIC,LLF,4D,5,17,3591,,0,1122,,G,,0,0,000000000,00000000000,0,0,0,1,0,0,0,0,0,0,0,998,0,0,0,3,3,6,2,12,0,0,0,1,46,57552,6,1,0,0,3,1,65,125,0,0,0,0,0,0,0,0,0,0,38,0,0,0,1,2,65,1,3,2,1,0,0,98,17,1,1,1,87,1,0
46,460053,1,1,2,12,6,16,5,38,0,1,0,46,2,12,15,12015,4,1994,1FAPP36X1RK1,1,F,A,P,P,3,6,X,1,R,K,1,0,P,FORD,TGL,4D,94,17,2569,,0,999,,G,,0,0,000000000,00000000000,0,0,0,1,0,0,0,0,0,0,0,50,0,0,0,3,3,6,2,18,0,0,0,1,46,57579,4,1,0,0,2,0,64,110,0,0,0,0,1,8,2009,8,2009,1,91,0,0,0,1,2,35,2,1,2,1,0,0,14,12,1,1,4,6,1,1
46,460054,1,2,1,10,7,1,59,12,2,1,0,46,2,7,41,7041,4,2001,2B3HD46R51H5,2,B,3,H,D,4,6,R,5,1,H,5,0,P,DODG,ISE,4D,1,17,3393,,0,1130,,G,,0,0,000000000,00000000000,0,0,0,1,0,0,0,0,0,0,0,998,0,0,0,12,1,6,2,12,0,0,0,1,46,57401,4,1,0,0,2,0,63,140,0,0,0,0,1,1,2010,1,2010,0,51,0,0,0,2,2,65,1,1,1,1,0,0,1,54,7,1,1,52,0,1
46,460054,2,2,5,10,7,1,59,12,2,1,0,46,1,34,34,34034,4,2002,WBAEU33422PH,W,B,A,E,U,3,3,4,2,2,P,H,0,P,BMW,32X,4D,2,17,3461,,0,1073,,G,,0,0,000000000,00000000000,0,0,0,1,0,0,0,0,0,0,0,65,0,0,0,12,1,6,2,12,0,0,0,1,46,57106,6,1,0,0,3,0,71,155,0,0,0,1,0,5,2010,5,2010,0,0,0,0,0,2,2,65,1,1,1,1,0,0,1,54,6,1,1,52,1,1
46,460055,1,2,3,11,7,11,10,12,8,1,0,46,4,35,47,35047,4,2010,1N4AL2AP5AN4,1,N,4,A,L,2,A,P,5,A,N,4,0,P,NISS,ATS,4D,10,17,3063,,0,1093,,G,,0,0,000000000,00000000000,0,0,0,1,0,0,0,0,0,0,0,60,0,0,0,11,10,6,2,12,0,0,0,1,53,98006,6,1,0,0,3,1,69,145,0,0,0,0,0,0,0,0,0,0,28,0,0,0,1,2,65,1,3,2,1,0,0,1,10,1,1,2,64,0,0
46,460055,2,2,1,11,7,11,10,12,8,1,0,46,1,37,706,37706,80,2003,JH2SC51153M1,J,H,2,S,C,5,1,1,5,3,M,1,0,M,HOND,S13,RS,3,17,,,,,,,1261,0,0,000000000,00000000000,0,0,0,1,0,0,0,0,0,0,0,998,0,0,0,11,11,6,2,12,0,0,0,1,46,57623,6,1,0,0,3,1,73,185,0,0,0,1,0,1,2010,1,2010,0,0,0,0,0,1,2,65,1,3,2,1,0,0,1,62,1,1,1,65,1,0
46,460056,1,2,1,11,7,15,48,12,2,1,0,46,1,20,481,20481,31,1988,2GCDK14K0J11,2,G,C,D,K,1,4,K,0,J,1,1,1,T,CHEV,GK1,PK,88,17,,1,1315,1175,GM4,G,,1,0,000000000,00000000000,0,0,0,1,0,0,0,0,0,0,0,60,0,0,0,12,12,4,1,12,0,0,0,1,46,57249,6,1,6,0,3,0,72,220,0,0,0,0,0,0,0,0,0,0,24,0,0,0,1,2,65,1,1,1,1,0,0,1,10,1,1,1,50,0,0
46,460056,2,2,2,11,7,15,48,12,2,1,0,46,1,12,481,12481,31,2001,1FTRW08L41KC,1,F,T,R,W,0,8,L,4,1,K,C,0,T,FORD,F1S,CW,1,17,,2,0,1388,COF,G,,0,0,000000000,00000000000,0,0,0,1,0,0,0,0,0,0,0,65,0,0,0,12,12,6,2,12,0,0,0,1,46,57042,6,1,0,0,3,0,71,205,0,0,0,0,0,0,0,0,0,0,0,0,0,0,1,2,65,1,1,1,1,0,0,1,62,1,1,1,51,1,0
46,460057,1,1,1,20,7,13,30,9,0,1,0,46,3,84,881,84881,66,2007,2HSCHSCT57C5,2,H,S,C,H,S,C,T,5,7,C,5,1,T,INTL,99I,DS,7,17,,8,0,0,990,D,,1,5,7779527,057779527,3,6,3,1,0,0,0,0,0,0,0,65,0,0,0,5,5,0,1,9,0,0,0,1,46,57382,6,1,6,1,3,0,75,375,1,0,0,1,0,12,2007,7,2009,0,92,0,0,0,1,2,65,1,3,1,1,0,0,1,84,6,1,1,13,0,0
46,460058,1,2,2,21,7,16,30,12,6,1,0,46,1,19,3,19003,4,1994,1G6KD52B4RU2,1,G,6,K,D,5,2,B,4,R,U,2,0,P,CADI,DFW,4D,94,17,3666,,0,1138,,G,,0,0,000000000,00000000000,0,0,0,1,0,0,0,0,0,0,0,35,0,0,0,9,9,6,2,12,0,0,0,1,46,57212,6,1,0,0,3,1,60,120,0,0,0,0,0,0,0,0,0,0,48,0,0,0,2,2,75,1,2,1,1,0,0,11,10,1,1,2,72,1,1
46,460058,2,2,1,21,7,16,30,12,6,1,0,46,1,12,401,12401,14,1994,1FMDU34X4RUC,1,F,M,D,U,3,4,X,4,R,U,C,0,P,FORD,EPR,UT,94,17,4053,,0,1120,,G,,0,0,000000000,00000000000,0,0,0,1,0,0,0,0,0,0,0,65,0,0,0,12,12,6,2,12,0,0,0,1,46,57048,6,1,0,0,3,0,66,150,0,0,0,0,0,0,0,0,0,0,0,0,0,0,2,2,75,1,2,1,1,0,0,2,60,1,1,1,73,0,0
46,460059,1,1,1,22,7,7,40,1,0,1,0,56,1,20,481,20481,31,2003,2GCEK19T1311,2,G,C,E,K,1,9,T,1,3,1,1,0,T,CHEV,SK1,4C,3,17,,2,1575,1435,SIL,G,,0,0,000000000,00000000000,0,0,0,1,0,0,0,0,0,0,0,66,0,2,5,0,61,6,2,1,0,0,0,1,56,82701,6,1,0,0,3,0,66,215,0,0,0,0,0,0,0,0,0,0,0,0,0,0,1,2,55,2,2,2,1,0,0,14,12,1,3,4,7,1,1
46,460060,1,1,1,24,7,16,5,1,0,1,0,46,1,7,482,7482,31,1995,1B7HF16Z1SS2,1,B,7,H,F,1,6,Z,1,S,S,2,0,T,DODG,150,PK,95,17,,2,1347,1187,RPC,G,,0,0,000000000,00000000000,0,0,0,1,0,0,0,0,0,0,0,75,0,2,5,0,0,6,2,1,0,0,0,1,46,57533,6,1,0,0,3,1,66,180,0,0,0,0,0,0,0,0,0,0,0,0,0,0,1,2,65,2,1,2,1,0,0,14,13,7,1,4,1,1,0
46,460061,1,1,1,26,7,17,0,42,0,1,0,46,1,20,473,20473,30,2006,1GCDT1369681,1,G,C,D,T,1,3,6,9,6,8,1,0,T,CHEV,RDO,CW,6,17,,1,0,1260,CAL,G,,0,0,000000000,00000000000,0,0,0,1,0,0,0,0,0,0,0,60,0,0,0,12,12,6,2,42,0,0,0,1,46,57201,6,1,0,0,3,1,70,175,1,0,0,0,0,2,2010,2,2010,0,0,0,0,0,1,2,65,1,1,2,1,0,0,1,12,1,1,4,6,1,0
46,460062,1,2,1,26,7,17,35,12,6,1,0,46,1,20,481,20481,31,1999,1GCEK19T5XE2,1,G,C,E,K,1,9,T,5,X,E,2,0,T,CHEV,SK1,3C,99,17,,2,1575,1435,SIL,G,,0,0,000000000,00000000000,0,0,0,1,0,0,0,0,0,0,0,50,0,1,1,9,9,6,2,12,0,0,0,1,46,57072,6,1,0,0,3,1,70,170,0,0,0,0,0,0,0,0,0,0,0,0,0,0,1,2,55,1,1,2,1,0,0,1,66,1,1,1,89,1,0
46,460062,2,2,2,26,7,17,35,12,6,1,0,46,2,12,35,12035,4,1999,1FAFP6635XK1,1,F,A,F,P,6,6,3,5,X,K,1,0,P,FORD,CSE,4D,99,17,2774,,0,1065,,G,,0,0,000000000,00000000000,0,0,0,1,0,0,0,0,0,0,0,60,0,0,0,12,12,6,2,12,0,0,0,1,46,57069,6,1,0,0,3,0,64,125,0,2,0,0,1,12,2009,2,2010,0,39,0,0,0,1,2,55,1,1,2,1,20,3,1,17,1,1,1,88,0,0
46,460063,1,1,2,1,8,2,35,1,0,1,0,46,2,20,481,20481,31,1993,2GCEK19K5P12,2,G,C,E,K,1,9,K,5,P,1,2,0,T,CHEV,GK1,PC,93,17,,2,1555,1415,GM4,G,,0,0,000000000,00000000000,0,0,0,1,0,0,0,0,0,0,0,998,0,2,1,0,0,6,2,1,0,0,0,1,27,56144,4,1,0,0,2,0,82,145,0,0,0,0,0,0,0,0,0,0,91,0,0,0,1,2,55,1,1,2,1,0,0,1,13,1,2,6,98,1,1
46,460064,1,1,2,3,8,21,52,8,0,1,0,46,2,6,10,6010,4,1986,1C3BF66P1GX5,1,C,3,B,F,6,6,P,1,G,X,5,0,P,CHRY,FAV,4D,86,17,3655,,0,1127,,G,,0,0,000000000,00000000000,0,0,0,1,0,0,0,0,0,0,0,9,0,0,0,12,12,2,3,8,0,0,0,1,46,57078,6,1,0,0,3,1,71,135,1,0,0,0,1,11,2008,7,2009,0,92,0,0,0,1,2,20,1,1,2,1,0,0,1,80,2,1,1,13,0,0
46,460065,1,1,2,6,8,13,10,1,0,1,0,55,1,72,706,72706,80,1997,1HD1FCR10VY6,1,H,D,1,F,C,R,1,0,V,Y,6,0,M,HD,FLU,RS,97,17,,,,,,,1340,0,0,000000000,00000000000,0,0,0,1,0,0,0,0,0,0,0,60,0,0,0,0,0,6,2,1,0,0,0,1,55,53214,6,1,0,0,3,1,73,200,0,0,0,0,0,0,0,0,0,0,80,0,0,0,1,2,65,1,1,2,1,0,0,1,1,1,2,1,98,1,1
46,460066,1,1,2,6,8,14,39,1,0,1,0,30,1,72,706,72706,80,2001,1HD1FFW151Y6,1,H,D,1,F,F,W,1,5,1,Y,6,1,M,HD,TCI,RS,1,17,,,,,,,1450,1,0,000000000,00000000000,0,0,0,1,0,0,0,0,0,0,0,67,0,0,0,0,0,6,2,5,0,0,0,1,30,59601,6,1,0,0,3,1,70,220,98,0,0,0,0,0,0,0,0,0,0,0,0,0,1,2,65,1,1,2,1,0,0,1,1,1,2,4,7,1,0
46,460067,1,2,2,7,8,12,37,12,6,1,0,18,1,20,481,20481,31,1988,2GCDK14K8J11,2,G,C,D,K,1,4,K,8,J,1,1,0,T,CHEV,GK1,PK,88,17,,1,1315,1175,GM4,G,,0,0,000000000,00000000000,0,0,0,1,0,0,0,0,0,0,0,55,0,1,5,4,4,6,2,1,0,0,0,1,18,47305,6,1,0,0,3,0,77,185,0,0,0,0,0,0,0,0,0,0,0,0,0,0,2,2,55,1,1,2,1,0,0,6,60,1,1,2,98,1,0
46,460067,2,2,4,7,8,12,37,12,6,1,0,38,1,7,43,7043,4,1997,1B3EJ46XXVN5,1,B,3,E,J,4,6,X,X,V,N,5,0,P,DODG,STR,4D,97,17,2912,,0,1080,,G,,0,0,000000000,00000000000,0,0,0,1,0,0,0,0,0,0,0,10,0,0,0,11,11,6,2,12,0,0,0,1,46,57577,0,0,0,0,0,0,999,999,0,0,0,0,0,0,0,0,0,0,48,0,0,0,2,2,55,1,1,2,1,0,0,12,10,1,1,2,98,0,1
46,460068,1,1,2,7,8,18,35,1,0,1,0,55,1,72,706,72706,80,2003,1HD1FCW443Y6,1,H,D,1,F,C,W,4,4,3,Y,6,1,M,HD,FUA,RS,3,17,,,,,,,1450,1,0,000000000,00000000000,0,0,0,1,0,0,0,0,0,0,0,70,0,0,0,0,0,6,2,1,0,0,0,1,55,54949,6,1,0,0,3,1,72,240,0,0,0,0,0,0,0,0,0,0,0,0,0,0,2,2,75,1,2,2,1,0,0,1,1,1,2,4,2,1,0
46,460069,1,1,1,8,8,15,55,1,0,1,0,27,1,72,706,72706,80,2001,1HD1JBB151Y0,1,H,D,1,J,B,B,1,5,1,Y,0,0,M,HD,XDI,RS,1,17,,,,,,,1450,0,0,000000000,00000000000,0,0,0,1,0,0,0,0,0,0,0,40,0,0,0,0,0,6,2,1,0,0,0,1,27,56167,6,1,6,0,3,1,70,190,0,0,0,0,0,0,0,0,0,1,0,0,0,0,1,2,25,2,2,2,1,28,3,14,12,1,1,4,6,1,0
46,460070,1,2,2,8,8,15,26,12,6,1,0,30,3,20,422,20422,15,2010,1GNUKJE33AR1,1,G,N,U,K,J,E,3,3,A,R,1,0,P,CHEV,K15,UT,10,17,5743,,0,1300,,F,,0,0,000000000,00000000000,0,0,0,1,0,0,0,0,0,0,0,10,0,0,0,2,2,6,2,12,0,0,0,1,15,96789,6,1,0,0,3,1,73,205,0,0,0,0,0,0,0,0,0,0,38,0,0,0,1,2,55,1,1,2,1,0,0,11,15,1,1,2,68,0,0
46,460070,2,2,2,8,8,15,26,12,6,1,0,55,1,72,706,72706,80,2006,1HD1BJY186Y0,1,H,D,1,B,J,Y,1,8,6,Y,0,0,M,HD,STC,RS,6,17,,,,,,,1450,0,0,000000000,00000000000,0,0,0,1,0,0,0,0,0,0,0,45,0,0,0,1,1,6,2,12,0,0,0,1,55,53910,6,1,4,0,3,0,66,240,0,0,0,0,0,0,0,0,0,0,0,0,0,0,1,2,55,1,1,2,1,0,0,1,62,1,1,1,69,1,0
46,460071,1,1,1,10,8,8,2,1,0,1,0,38,1,72,706,72706,80,1999,1HD1FCW13XY6,1,H,D,1,F,C,W,1,3,X,Y,6,1,M,HD,FLU,RS,99,17,,,,,,,1450,1,0,000000000,00000000000,0,0,0,1,0,0,0,0,0,0,0,998,0,0,0,0,0,4,3,1,0,0,0,1,38,58554,6,1,0,0,3,1,72,190,0,0,0,0,0,0,0,0,0,0,58,79,0,0,1,2,65,1,1,2,1,0,0,1,9,1,4,4,7,1,0
46,460072,1,1,2,10,8,12,3,1,0,1,0,46,1,72,706,72706,80,2003,1HD1FLW143Y6,1,H,D,1,F,L,W,1,4,3,Y,6,0,M,HD,CUS,RS,3,17,,,,,,,1450,0,0,000000000,00000000000,0,0,0,1,0,0,0,0,0,0,0,70,0,0,0,0,0,6,2,1,0,0,0,1,46,57106,6,1,6,0,3,1,66,227,0,0,0,0,0,0,0,0,0,0,80,0,0,0,3,2,75,1,1,1,1,0,0,1,1,7,2,4,2,1,0
46,460073,1,2,1,11,8,21,45,12,8,1,0,46,1,9,20,9020,4,1997,1P3ES47C5VD3,1,P,3,E,S,4,7,C,5,V,D,3,0,P,PLYM,NHE,4P,97,17,2517,,0,1040,,G,,0,0,000000000,00000000000,0,0,0,1,0,0,0,0,0,0,0,65,0,0,0,1,2,6,2,12,0,0,0,1,46,57703,6,1,0,0,3,0,64,180,0,2,0,0,1,8,2008,8,2008,0,0,0,0,0,3,2,65,3,2,2,1,0,0,14,54,1,1,1,66,0,0
46,460073,2,2,1,11,8,21,45,12,8,1,0,56,1,72,706,72706,80,1985,1HD1BFL18FY0,1,H,D,1,B,F,L,1,8,F,Y,0,0,M,HD,FSB,RS,85,17,,,,,,,1340,0,0,000000000,00000000000,0,0,0,1,0,0,0,0,0,0,0,40,0,0,0,2,3,6,2,1,0,0,0,1,56,82716,6,1,0,0,3,0,69,190,0,1,2,1,0,7,2008,11,2009,0,51,0,0,0,3,2,65,2,2,2,1,0,0,14,54,1,1,1,66,1,0
46,460074,1,1,1,12,8,6,45,1,0,1,0,32,1,72,706,72706,80,1997,1HD1FDL13VY6,1,H,D,1,F,D,L,1,3,V,Y,6,0,M,HD,FHR,RS,97,17,,,,,,,1340,0,0,000000000,00000000000,0,0,0,1,0,0,0,0,0,0,0,60,0,0,0,0,0,6,2,1,0,0,0,1,32,89011,6,1,0,0,2,0,75,230,0,0,0,0,0,0,0,0,0,0,87,0,0,0,1,2,65,1,3,2,7,0,0,1,5,1,2,1,98,1,1
46,460075,1,2,1,12,8,14,28,12,6,1,0,17,1,72,706,72706,80,2006,1HD1FCW116Y6,1,H,D,1,F,C,W,1,1,6,Y,6,0,M,HD,FLU,RS,6,17,,,,,,,1450,0,0,000000000,00000000000,0,0,0,1,0,0,0,0,0,0,0,998,0,0,0,12,12,6,2,1,0,0,0,1,17,62002,6,1,6,0,3,0,72,200,0,0,0,0,0,0,0,0,0,0,35,0,0,0,1,2,65,1,1,2,1,0,0,6,10,1,1,2,73,1,0
46,460075,2,2,1,12,8,14,28,12,6,1,0,46,3,84,881,84881,66,2000,2HSCEAXR3YC0,2,H,S,C,E,A,X,R,3,Y,C,0,1,T,INTL,92I,DS,0,17,,8,0,0,920,D,,1,57,711858,57711858,3,6,3,1,0,0,0,0,0,0,0,25,0,0,0,8,8,0,1,12,0,0,0,1,31,68310,6,1,0,0,2,0,78,295,0,0,0,0,0,0,0,0,0,0,0,0,0,0,1,2,65,1,1,2,1,0,0,11,15,1,1,2,72,0,0
46,460076,1,2,1,12,8,19,25,12,6,1,0,20,1,72,706,72706,80,1989,1HD1DPL18KY5,1,H,D,1,D,P,L,1,8,K,Y,5,0,M,HD,UHB,RS,89,17,,,,,,,1340,0,0,000000000,00000000000,0,0,0,1,0,0,0,0,0,0,0,25,0,0,0,10,10,4,1,12,0,0,0,1,20,67846,6,1,0,0,3,1,71,170,1,0,0,0,0,9,2008,9,2008,0,0,0,0,0,1,2,25,3,2,2,1,0,0,14,62,1,1,1,65,0,1
46,460076,2,2,1,12,8,19,25,12,6,1,0,46,1,72,706,72706,80,2002,1HD1FCW162Y6,1,H,D,1,F,C,W,1,6,2,Y,6,0,M,HD,FLU,RS,2,17,,,,,,,1450,0,0,000000000,00000000000,0,0,0,1,0,0,0,0,0,0,0,25,0,0,0,11,11,6,2,12,0,0,0,1,46,57350,6,1,0,0,3,0,72,215,0,0,0,0,0,0,0,0,0,0,28,0,0,0,1,2,25,2,2,2,1,0,0,14,10,7,1,2,64,1,1
46,460077,1,1,1,31,7,22,35,35,0,1,0,30,1,20,481,20481,31,2009,1GCHK83K79F1,1,G,C,H,K,8,3,K,7,9,F,1,0,T,CHEV,3K2,CW,9,17,,2,0,1670,SIL,G,,0,0,000000000,00000000000,0,0,0,1,0,0,0,0,0,0,0,998,0,1,5,12,12,6,2,1,0,0,0,1,38,58801,1,1,0,0,2,0,71,170,0,5,1,1,0,4,2008,1,2009,0,0,0,0,0,1,2,55,1,1,2,1,0,0,1,13,1,1,4,1,1,1
46,460078,1,2,5,13,8,13,50,12,6,1,0,48,1,82,881,82881,66,1998,1FUYSZYB0WL8,1,F,U,Y,S,Z,Y,B,0,W,L,8,1,T,FRHT,FC2,DS,98,17,,8,0,0,CON,D,,1,88,888888888,88888888888,3,6,1,1,0,0,0,0,0,0,0,75,0,0,0,12,12,6,2,12,0,0,0,1,48,79735,6,1,6,0,3,0,999,999,0,0,0,3,0,9,2007,10,2009,0,28,0,0,0,2,2,75,1,1,1,1,0,0,1,10,7,1,2,64,2,0
46,460078,2,2,2,13,8,13,50,12,6,1,0,39,1,20,481,20481,31,2008,1GCHK29658E1,1,G,C,H,K,2,9,6,5,8,E,1,1,T,CHEV,2KH,4C,8,17,,2,1575,1435,SIL,D,,1,0,000000000,00000000000,0,0,0,1,0,0,0,0,0,0,0,70,0,1,5,9,9,6,2,1,0,0,0,1,39,45230,6,1,0,0,3,0,72,210,0,0,0,0,0,0,0,0,0,0,0,0,0,0,2,2,75,1,1,1,1,0,0,1,62,1,1,1,65,0,0
46,460079,1,2,1,13,8,18,15,12,1,1,0,27,1,87,883,87883,66,1998,1XP5DB9XXWD4,1,X,P,5,D,B,9,X,X,W,D,4,1,T,PTRB,379,DS,98,17,,8,0,0,CON,D,,1,57,1060732,571060732,3,6,1,1,0,0,0,0,0,0,0,5,0,0,0,6,6,4,1,12,0,0,0,1,27,56180,6,1,6,0,3,0,72,220,0,0,0,0,1,8,2008,8,2008,0,0,0,0,0,2,2,75,1,1,1,1,40,3,2,18,1,1,1,29,0,0
46,460079,2,2,1,13,8,18,15,12,1,1,0,29,1,72,706,72706,80,2005,1HD1PKE135Y9,1,H,D,1,P,K,E,1,3,5,Y,9,1,M,HD,CS2,RS,5,17,,,,,,,1450,1,0,000000000,00000000000,0,0,0,1,0,0,0,0,0,0,0,70,0,0,0,12,12,6,2,12,0,0,0,1,29,65240,6,1,0,0,3,1,70,250,0,0,0,0,0,0,0,0,0,0,26,0,0,0,2,2,75,1,1,1,1,40,3,1,52,3,1,1,28,1,0
46,460080,1,4,2,13,8,13,30,12,1,1,0,1,1,72,706,72706,80,2009,1HD1FF4119Y6,1,H,D,1,F,F,4,1,1,9,Y,6,0,M,HD,FHC,RS,9,17,,,,,,,1584,0,0,000000000,00000000000,0,0,0,1,0,0,0,0,0,0,0,50,0,0,0,6,6,6,2,12,0,0,0,1,1,35811,6,1,2,0,3,0,67,170,0,0,0,1,0,4,2009,4,2009,0,0,0,0,0,2,2,65,1,2,1,1,0,0,1,53,1,1,1,25,1,0
46,460080,2,4,1,13,8,13,30,12,1,1,0,6,1,72,706,72706,80,2004,1HD4CAM374K4,1,H,D,4,C,A,M,3,7,4,K,4,0,M,HD,X88,RS,4,17,,,,,,,883,0,0,000000000,00000000000,0,0,0,1,0,0,0,0,0,0,0,65,0,0,0,12,12,4,3,12,0,0,0,1,6,93561,6,1,0,0,3,0,75,175,0,0,0,0,0,0,0,0,0,0,38,0,0,0,2,2,65,1,2,1,1,0,0,1,51,6,1,1,24,0,0