STATE,ST_CASE,VEH_NO,VE_FORMS,NUMOCCS,DAY,MONTH,HOUR,MINUTE,HARM_EV,MAN_COLL,UNITTYPE,HIT_RUN,REG_STAT,OWNER,MAKE,MODEL,MAK_MOD,BODY_TYP,MOD_YEAR,VIN,VIN_1,VIN_2,VIN_3,VIN_4,VIN_5,VIN_6,VIN_7,VIN_8,VIN_9,VIN_10,VIN_11,VIN_12,TOW_VEH,VINTYPE,VINMAKE,VINA_MOD,VIN_BT,VINMODYR,VIN_LNGT,VIN_WGT,WGTCD_TR,WHLBS_LG,WHLBS_SH,SER_TR,FUELCODE,MCYCL_DS,J_KNIFE,MCARR_I1,MCARR_I2,MCARR_ID,GVWR,V_CONFIG,CARGO_BT,HAZ_INV,HAZ_PLAC,HAZ_ID,HAZ_CNO,HAZ_REL,BUS_USE,SPEC_USE,EMER_USE,TRAV_SP,UNDERIDE,ROLLOVER,ROLINLOC,IMPACT1,IMPACT2,DEFORMED,TOWED,M_HARM,VEH_SC1,VEH_SC2,FIRE_EXP,DR_PRES,L_STATE,DR_ZIP,L_STATUS,L_TYPE,CDL_STAT,L_ENDORS,L_COMPL,L_RESTRI,DR_HGT,DR_WGT,PREV_ACC,PREV_SUS,PREV_DWI,PREV_SPD,PREV_OTH,FIRST_MO,FIRST_YR,LAST_MO,LAST_YR,SPEEDREL,DR_SF1,DR_SF2,DR_SF3,DR_SF4,VTRAFWAY,VNUM_LAN,VSPD_LIM,VALIGN,VPROFILE,VPAVETYP,VSURCOND,VTRAFCON,VTCONT_F,P_CRASH1,P_CRASH2,P_CRASH3,PCRASH4,PCRASH5,ACC_TYPE,DEATHS,DR_DRINK
46,460080,3,4,1,13,8,13,30,12,1,1,0,6,1,53,706,53706,80,2005,JS1VS56A6521,J,S,1,V,S,5,6,A,6,5,2,1,0,M,SUZI,MBK,RS,5,17,,,,,,,805,0,0,000000000,00000000000,0,0,0,1,0,0,0,0,0,0,0,65,0,0,0,0,0,2,1,1,0,0,0,1,6,93312,6,1,0,0,3,1,68,140,0,0,0,0,1,6,2008,6,2008,0,0,0,0,0,2,2,65,1,2,1,1,0,0,1,51,8,1,1,98,0,0
46,460080,4,4,1,13,8,13,30,12,1,1,0,6,1,72,706,72706,80,2007,1HD1KB4367Y7,1,H,D,1,K,B,4,3,6,7,Y,7,0,M,HD,FH9,RS,7,17,,,,,,,1584,0,0,000000000,00000000000,0,0,0,1,0,0,0,0,0,0,0,65,0,0,0,0,0,6,2,1,0,0,0,1,6,93312,6,1,0,0,3,0,69,170,0,0,0,0,0,0,0,0,0,0,0,0,0,0,2,2,65,1,2,1,1,0,0,1,51,8,1,1,98,0,0
46,460081,1,3,1,10,8,11,37,12,1,1,0,6,1,53,706,53706,80,2005,JS1VS55AX521,J,S,1,V,S,5,5,A,X,5,2,1,0,M,SUZI,C50,RS,5,17,,,,,,,805,0,0,000000000,00000000000,0,0,0,1,0,0,0,0,0,0,0,20,0,0,0,6,6,2,1,12,0,0,0,1,6,90024,6,1,3,0,2,0,69,170,0,0,0,0,0,0,0,0,0,0,0,0,0,0,1,2,55,1,1,2,1,0,0,2,18,1,1,1,29,0,0
46,460081,2,3,1,10,8,11,37,12,1,1,0,6,1,72,706,72706,80,2009,1HD1FC4339Y6,1,H,D,1,F,C,4,3,3,9,Y,6,0,M,HD,FLU,RS,9,17,,,,,,,1584,0,0,000000000,00000000000,0,0,0,1,0,0,0,0,0,0,0,40,0,0,0,12,12,4,3,12,0,0,0,1,6,92058,6,1,8,0,3,0,71,250,0,0,0,0,0,0,0,0,0,0,26,0,0,0,1,2,55,1,1,2,1,0,0,1,52,1,1,1,28,1,0
46,460081,3,3,1,10,8,11,37,12,1,1,0,34,1,72,706,72706,80,2010,1HD1PR813AB9,1,H,D,1,P,R,8,1,3,A,B,9,0,M,HD,SE5,RS,10,17,,,,,,,1803,0,0,000000000,00000000000,0,0,0,1,0,0,0,0,0,0,0,40,0,0,0,12,3,2,1,12,0,0,0,1,34,7111,6,1,0,0,3,0,72,999,0,0,2,0,0,8,2008,12,2008,0,0,0,0,0,1,2,55,1,1,2,1,0,0,1,52,6,1,1,98,0,0
46,460082,1,1,1,18,8,17,38,9,0,1,0,46,1,20,481,20481,31,2010,3GCRKSE38AG1,3,G,C,R,K,S,E,3,8,A,G,1,0,T,CHEV,2SK,CW,10,17,,2,0,1435,SIL,F,,0,0,000000000,00000000000,0,0,0,1,0,0,0,0,0,0,0,998,0,0,0,12,12,4,3,9,0,0,0,1,46,57106,6,1,0,0,3,0,75,220,1,0,0,0,1,2,2009,1,2010,0,91,0,0,0,1,2,40,1,1,2,1,0,0,1,10,1,1,2,13,0,1
46,460083,1,1,1,27,8,11,8,1,0,1,0,8,1,76,705,76705,80,2009,JYARJ06E29A0,J,Y,A,R,J,0,6,E,2,9,A,0,0,M,YAMA,F6S,RC,9,17,,,,,,,600,0,0,000000000,00000000000,0,0,0,1,0,0,0,0,0,0,0,55,0,0,0,0,0,6,2,1,0,0,0,1,8,80202,6,1,0,0,2,0,69,180,0,0,0,0,1,9,2008,9,2008,0,0,0,0,0,1,2,55,3,1,2,1,40,3,14,13,1,1,4,1,1,0
46,460084,1,2,3,27,8,19,30,12,6,1,0,46,2,12,481,12481,31,1997,1FTJW36F1VEB,1,F,T,J,W,3,6,F,1,V,E,B,0,T,FORD,F35,CW,97,17,,2,0,1680,COF,D,,0,0,000000000,00000000000,0,0,0,1,0,0,0,0,0,0,0,44,0,1,5,1,1,6,2,12,0,0,0,1,46,57276,6,1,6,0,3,0,74,250,0,0,0,0,1,4,2009,4,2009,0,0,0,0,0,1,2,55,1,1,4,1,0,0,1,66,1,1,1,87,1,0
46,460084,2,2,1,27,8,19,30,12,6,1,0,46,1,12,33,12033,3,1991,KNJPT05H0M61,K,N,J,P,T,0,5,H,0,M,6,1,0,P,FORD,FEL,2H,91,17,1785,,0,902,,G,,0,0,000000000,00000000000,0,0,0,1,0,0,0,0,0,0,0,40,0,0,0,12,12,6,2,12,0,0,0,1,46,57104,6,1,0,0,3,0,72,240,0,0,0,1,1,9,2009,10,2009,0,39,0,0,0,1,2,55,1,1,4,1,20,3,1,17,1,1,1,86,1,0
46,460085,1,1,1,29,8,16,0,24,0,1,0,18,1,37,706,37706,80,1998,1HFSC2209WA0,1,H,F,S,C,2,2,0,9,W,A,0,0,M,HOND,G5A,RS,98,17,,,,,,,1520,0,0,000000000,00000000000,0,0,0,1,0,0,0,0,0,0,0,25,0,0,0,11,11,6,2,24,0,0,0,1,18,46123,6,1,0,0,3,0,73,255,0,0,0,0,0,0,0,0,0,0,0,0,0,0,1,2,50,2,2,2,1,0,0,14,12,1,1,4,6,1,0
46,460086,1,1,1,3,9,18,22,1,0,1,0,46,1,34,706,34706,80,2004,WB10318A74ZJ,W,B,1,0,3,1,8,A,7,4,Z,J,0,M,BMW,RRR,RS,4,17,,,,,,,1130,0,0,000000000,00000000000,0,0,0,1,0,0,0,0,0,0,0,30,0,0,0,0,12,6,2,3,0,0,0,1,46,57783,6,1,0,0,3,0,72,205,0,0,0,0,0,0,0,0,0,0,0,0,0,0,1,2,35,3,1,2,1,0,0,14,13,1,1,4,1,1,0
46,460087,1,4,1,20,9,19,6,12,1,1,0,46,2,6,14,6014,4,1988,1C3BU4631JD1,1,C,3,B,U,4,6,3,1,J,D,1,0,P,CHRY,NYC,4D,88,17,3136,,0,1043,,G,,0,0,000000000,00000000000,0,0,0,1,0,0,0,0,0,0,0,0,0,0,0,6,6,6,2,12,0,0,0,1,46,57012,1,1,0,0,2,0,67,135,2,0,0,0,1,7,2010,7,2010,0,0,0,0,0,1,2,65,1,2,2,1,50,3,5,50,1,1,1,98,0,0
46,460087,2,4,1,20,9,19,6,12,1,1,0,46,1,20,481,20481,31,1999,2GCEK19T5X12,2,G,C,E,K,1,9,T,5,X,1,2,0,T,CHEV,SK1,3C,99,17,,2,1575,1435,SIL,G,,0,0,000000000,00000000000,0,0,0,1,0,0,0,0,0,0,0,0,0,0,0,6,6,6,2,12,0,0,1,1,46,57301,6,1,6,0,3,1,69,275,0,0,0,0,0,0,0,0,0,0,0,0,0,0,1,2,65,1,2,2,1,50,3,5,50,1,1,1,98,0,0
46,460087,3,4,1,20,9,19,6,12,1,1,0,46,2,73,705,73705,80,1994,JKAKLEA17RA0,J,K,A,K,L,E,A,1,7,R,A,0,0,M,KAWK,K65,RT,94,17,,,,,,,650,0,0,000000000,00000000000,0,0,0,1,0,0,0,0,0,0,0,0,0,0,0,6,6,6,2,12,0,0,1,1,46,57301,6,1,0,0,2,0,72,185,0,0,0,0,0,0,0,0,0,0,0,0,0,0,1,2,65,1,2,2,1,50,3,5,53,1,1,1,21,1,0
46,460087,4,4,1,20,9,19,6,12,1,1,0,46,1,20,471,20471,30,1999,1GCCT19W3X81,1,G,C,C,T,1,9,W,3,X,8,1,0,T,CHEV,S14,PC,99,17,,1,0,1229,S,G,,0,0,000000000,00000000000,0,0,0,1,0,0,0,0,0,0,0,998,0,0,0,12,12,6,2,12,0,0,1,1,46,57301,6,1,0,0,3,0,77,210,1,0,0,5,0,6,2008,6,2010,0,0,0,0,0,1,2,65,1,2,2,1,50,3,1,50,1,1,1,20,0,0
46,460088,1,3,1,13,9,14,57,12,6,1,0,46,1,20,481,20481,31,1989,1GCDC14K1KE2,1,G,C,D,C,1,4,K,1,K,E,2,0,T,CHEV,GC1,PK,89,17,,1,1315,1175,GM4,G,,0,0,000000000,00000000000,0,0,0,1,0,0,0,0,0,0,0,10,0,0,0,11,11,4,1,12,0,0,0,1,46,57301,6,1,6,0,3,1,73,225,0,0,0,0,0,0,0,0,0,0,0,0,0,0,1,2,65,1,1,1,1,0,0,11,15,1,1,2,72,0,0
46,460088,2,3,1,13,9,14,57,12,6,1,0,46,1,12,401,12401,14,2000,1FMZU74E7YZA,1,F,M,Z,U,7,4,E,7,Y,Z,A,0,P,FORD,EPR,UT,0,17,4170,,0,1116,,G,,0,0,000000000,00000000000,0,0,0,1,0,0,0,0,0,0,0,65,0,0,0,1,12,6,2,12,0,0,0,1,46,57301,6,1,0,0,3,1,65,200,0,0,0,2,1,7,2008,8,2010,0,35,0,0,0,1,2,65,1,1,1,1,0,0,6,10,1,1,2,73,0,0
46,460088,3,3,2,13,9,14,57,12,6,1,0,46,1,18,2,18002,4,2002,1G4HR54K02U2,1,G,4,H,R,5,4,K,0,2,U,2,0,P,BUIC,LLF,4D,2,17,3591,,0,1122,,G,,0,0,000000000,00000000000,0,0,0,1,0,0,0,0,0,0,0,66,0,0,0,12,12,6,2,12,0,0,0,1,46,57317,6,1,0,0,3,1,72,230,0,0,0,0,0,0,0,0,0,0,0,0,0,0,1,2,65,1,1,1,1,0,0,1,62,1,1,1,98,1,0
46,460089,1,1,3,27,9,0,33,1,0,1,0,46,2,12,13,12013,4,2000,3FAFP13PXYR1,3,F,A,F,P,1,3,P,X,Y,R,1,0,P,FORD,ESC,4D,0,17,2468,,0,984,,G,,0,0,000000000,00000000000,0,0,0,1,0,0,0,0,0,0,0,83,0,2,5,0,0,6,2,1,0,0,0,1,46,57701,6,7,0,0,3,2,69,120,0,0,0,0,0,0,0,0,0,0,73,92,0,0,2,2,75,1,2,2,1,0,0,1,13,1,3,4,2,2,0
46,460090,1,1,2,30,9,21,54,1,0,1,0,46,1,20,36,20036,2,1996,2G1WW12MXT92,2,G,1,W,W,1,2,M,X,T,9,2,0,P,CHEV,MLS,CP,96,17,3306,,0,1075,,G,,0,0,000000000,00000000000,0,0,0,1,0,0,0,0,0,0,0,55,0,2,5,0,0,6,2,1,0,0,0,1,46,57375,6,2,0,0,3,1,69,150,1,0,0,2,1,4,2008,5,2010,0,0,0,0,0,1,2,55,1,1,4,11,0,0,1,5,1,3,4,7,1,0
46,460091,1,1,1,28,9,17,23,30,0,1,0,46,1,12,481,12481,31,1993,1FTEX15N1PKB,1,F,T,E,X,1,5,N,1,P,K,B,0,T,FORD,F15,PS,93,17,,2,1550,1390,COF,G,,0,0,000000000,00000000000,0,0,0,1,0,0,0,0,0,0,0,65,0,0,0,12,12,6,2,30,0,0,0,1,46,57103,6,1,6,0,3,1,70,205,0,0,0,0,0,0,0,0,0,0,0,0,0,0,1,2,40,3,2,2,1,0,0,14,13,1,1,4,1,1,0
46,460092,1,2,1,4,10,17,10,12,6,1,0,46,2,84,881,84881,63,1984,1HTLKTVR2EHA,1,H,T,L,K,T,V,R,2,E,H,A,0,T,INTL,95F,TM,84,17,,8,2240,1520,SS,D,,0,5,7826900,057826900,3,2,4,1,0,0,0,0,0,0,0,40,0,0,0,9,9,6,2,12,0,0,0,1,46,57065,6,1,6,1,3,0,72,275,0,0,0,2,0,10,2009,1,2010,0,0,0,0,0,1,2,55,1,1,4,1,0,0,1,66,1,1,1,89,0,0
46,460092,2,2,4,4,10,17,10,12,6,1,0,23,1,7,482,7482,31,1996,1B7HF16Y9TJ1,1,B,7,H,F,1,6,Y,9,T,J,1,0,T,DODG,150,PK,96,17,,2,1347,1187,RPC,G,,0,0,000000000,00000000000,0,0,0,1,0,0,0,0,0,0,0,35,0,0,0,1,1,6,2,12,0,0,0,1,23,56229,1,1,1,0,2,0,68,179,0,1,0,0,0,8,2010,8,2010,0,0,0,0,0,1,2,55,1,1,4,1,0,0,1,17,1,1,1,88,3,0
46,460093,1,1,1,9,10,2,35,59,0,1,0,98,3,12,16,12016,4,2009,2FAHP71V49X1,2,F,A,H,P,7,1,V,4,9,X,1,0,P,FORD,CVP,4D,9,17,0,,0,1147,,F,,0,0,000000000,00000000000,0,0,0,1,0,0,0,0,0,0,0,59,0,0,0,12,12,6,2,35,0,0,0,1,46,57636,6,1,0,0,3,1,70,240,0,0,0,0,0,0,0,0,0,0,0,0,0,0,1,2,65,1,2,2,2,20,3,1,14,1,1,4,14,1,0
46,460094,1,2,1,28,9,19,14,12,1,1,0,46,1,72,706,72706,80,2007,1HD1FS41X7Y6,1,H,D,1,F,S,4,1,X,7,Y,6,0,M,HD,LTR,RS,7,17,,,,,,,1584,0,0,000000000,00000000000,0,0,0,1,0,0,0,0,0,0,0,65,0,0,0,12,1,6,2,12,0,0,0,1,46,57382,6,1,0,0,3,1,73,170,0,0,0,0,0,0,0,0,0,1,0,0,0,0,1,2,65,1,1,2,1,0,0,1,52,1,1,1,24,1,1
46,460094,2,2,1,28,9,19,14,12,1,1,0,46,2,84,881,84881,66,2000,2HSCEAMR3YC0,2,H,S,C,E,A,M,R,3,Y,C,0,1,T,INTL,92I,DS,0,17,,8,0,0,920,D,,1,88,888888888,88888888888,3,6,8,1,0,0,0,0,0,0,0,998,0,0,0,6,6,6,2,12,0,0,0,1,46,57385,6,1,6,0,3,1,74,300,1,0,0,3,0,5,2008,7,2010,0,92,0,0,0,1,2,65,1,1,2,1,0,0,10,16,1,1,1,25,0,0
46,460095,1,1,1,7,10,0,36,8,0,1,1,46,1,12,422,12422,15,2004,1FMPU16L64LA,1,F,M,P,U,1,6,L,6,4,L,A,0,P,FORD,EPT,UT,4,17,5394,,0,1191,,G,,0,0,000000000,00000000000,0,0,0,1,0,0,0,0,0,0,0,998,0,0,0,1,1,2,3,8,0,0,0,1,46,57053,6,1,0,0,3,0,68,108,0,0,0,0,0,0,0,0,0,0,92,0,0,0,1,2,20,1,1,2,1,0,0,1,13,1,1,4,13,0,0
46,460096,1,2,1,15,10,11,28,12,2,1,0,46,3,85,881,85881,66,1997,1XKWD29XXVR7,1,X,K,W,D,2,9,X,X,V,R,7,1,T,KW,W90,DS,97,17,,8,0,0,CON,D,,1,88,888888888,88888888888,3,6,8,1,0,0,0,0,0,0,0,40,0,0,0,12,12,6,2,12,0,0,0,1,46,57717,6,1,6,0,3,0,72,200,0,0,0,0,0,0,0,0,0,0,51,0,0,0,1,2,55,1,3,4,1,0,0,1,10,1,1,1,52,0,0
46,460096,2,2,1,15,10,11,28,12,2,1,0,46,1,12,481,12481,31,1997,1FTHF26G2VEA,1,F,T,H,F,2,6,G,2,V,E,A,0,T,FORD,F25,PK,97,17,,2,0,1330,COF,G,,0,0,000000000,00000000000,0,0,0,1,0,0,0,0,0,0,0,998,0,0,0,12,12,6,2,12,0,0,0,1,46,57323,6,1,0,0,3,1,71,280,0,0,0,2,0,7,2008,4,2009,0,51,0,0,0,1,2,55,1,3,4,1,0,0,1,10,1,1,1,52,1,0
46,460097,1,1,1,16,9,1,15,33,0,1,0,46,1,24,2,24002,2,2000,1G8ZY1276YZ1,1,G,8,Z,Y,1,2,7,6,Y,Z,1,0,P,STRN,SC2,3P,0,17,2463,,0,1024,,G,,0,0,000000000,00000000000,0,0,0,1,0,0,0,0,0,0,0,55,0,1,5,1,13,6,2,1,0,0,0,1,46,57701,6,1,0,0,3,1,76,200,0,0,0,0,0,0,0,0,0,1,0,0,0,0,3,2,55,1,2,1,1,0,0,1,8,1,3,4,2,1,1
46,460098,1,1,6,16,10,19,12,33,0,1,1,46,2,52,401,52401,14,2000,JA4MT31H9YP0,J,A,4,M,T,3,1,H,9,Y,P,0,0,P,MITS,MNS,UT,0,17,4075,,0,1073,,G,,0,0,000000000,00000000000,0,0,0,1,0,0,0,0,0,0,0,39,0,0,0,2,3,6,2,30,0,0,0,1,46,57658,0,0,0,0,0,0,999,999,0,0,0,0,0,0,0,0,0,1,91,0,0,0,1,2,25,3,1,2,1,0,0,6,50,6,4,4,2,1,1
46,460099,1,1,1,7,10,6,57,35,0,1,0,46,2,20,2,20002,4,2006,2G1WT58K6693,2,G,1,W,T,5,8,K,6,6,9,3,0,P,CHEV,IMT,4D,6,17,3477,,0,1105,,F,,0,0,000000000,00000000000,0,0,0,1,0,0,0,0,0,0,0,80,0,1,5,12,13,6,2,1,0,0,0,1,46,57216,6,1,0,0,3,0,73,200,0,0,0,2,0,9,2009,11,2009,1,58,0,0,0,1,2,55,2,1,2,1,0,0,14,13,1,1,4,1,1,0
46,460100,1,2,5,29,10,15,48,12,6,1,0,46,2,22,18,22018,4,2000,1G2NF52T1YC5,1,G,2,N,F,5,2,T,1,Y,C,5,0,P,PONT,SE1,4D,0,17,3116,,0,1070,,G,,0,0,000000000,00000000000,0,0,0,1,0,0,0,0,0,0,0,20,0,0,0,8,8,6,2,12,0,0,0,1,46,57077,6,2,0,0,3,0,71,160,0,0,0,0,0,0,0,0,0,0,48,0,0,0,1,2,65,1,1,2,1,0,0,12,11,1,1,1,98,1,0
46,460100,2,2,1,29,10,15,48,12,6,1,0,46,3,85,881,85881,63,2007,2NKDLU0X47M2,2,N,K,D,L,U,0,X,4,7,M,2,0,T,KW,T80,TM,7,17,,8,2600,1600,CON,D,,0,57,0066192,570066192,3,2,4,1,0,0,0,0,0,0,0,55,0,0,0,12,12,2,1,12,0,0,0,1,46,57108,6,1,6,0,3,0,72,240,1,0,0,1,1,7,2008,10,2010,0,0,0,0,0,1,2,65,1,1,2,1,0,0,1,52,2,1,1,98,0,0
46,460101,1,1,1,4,11,15,53,1,0,1,0,46,1,12,17,12017,4,1992,1FACP52U3NG1,1,F,A,C,P,5,2,U,3,N,G,1,0,P,FORD,TAG,4D,92,17,3117,,0,1060,,G,,0,0,000000000,00000000000,0,0,0,1,0,0,0,0,0,0,0,998,0,2,3,0,0,6,2,1,0,0,0,1,46,57401,6,1,0,0,3,0,64,199,0,0,0,0,0,0,0,0,0,0,58,0,0,0,2,2,75,1,1,1,1,0,0,1,12,6,1,4,6,1,0
46,460102,1,1,1,6,11,23,35,34,0,1,0,46,1,7,442,7442,20,1999,1B4GP44L0XB5,1,B,4,G,P,4,4,L,0,X,B,5,0,P,DODG,CAR,SV,99,17,3856,,0,1193,,G,,0,0,000000000,00000000000,0,0,0,1,0,0,0,0,0,0,0,40,0,0,0,12,12,6,2,35,0,0,0,1,46,57013,6,1,0,0,3,1,65,140,1,4,1,0,1,2,2008,7,2008,1,0,0,0,0,1,2,25,2,2,2,1,0,0,14,12,1,1,4,6,1,1
46,460103,1,1,1,5,11,7,35,8,0,1,0,46,2,41,37,41037,4,1999,1YVGF22C2X58,1,Y,V,G,F,2,2,C,2,X,5,8,0,P,MAZD,U6X,4D,99,17,2798,,0,1051,,G,,0,0,000000000,00000000000,0,0,0,1,0,0,0,0,0,0,0,25,0,0,0,11,10,2,1,8,0,0,0,1,46,57401,6,7,0,0,3,1,64,100,0,0,0,0,0,0,0,0,0,0,0,0,0,0,1,2,25,1,1,1,1,0,0,1,80,1,1,1,13,0,0
46,460104,1,2,1,10,11,13,50,12,6,1,0,46,2,12,471,12471,30,1991,1FTCR14X0MPB,1,F,T,C,R,1,4,X,0,M,P,B,0,T,FORD,RNS,PS,91,17,,1,0,1250,RNG,G,,0,0,000000000,00000000000,0,0,0,1,0,0,0,0,0,0,0,55,0,0,0,12,12,6,2,12,0,0,0,1,46,57220,6,1,0,0,3,1,66,200,0,0,0,0,0,0,0,0,0,0,0,0,0,0,1,2,55,1,2,2,1,0,0,1,17,1,1,1,86,1,0
46,460104,2,2,1,10,11,13,50,12,6,1,0,46,1,23,421,23421,15,2008,3GTEK13348G3,3,G,T,E,K,1,3,3,4,8,G,3,0,T,GMC,SK1,CW,8,17,,2,0,1435,SIE,F,,0,0,000000000,00000000000,0,0,0,1,0,0,0,0,0,0,0,5,0,1,1,1,1,6,2,12,0,0,0,1,46,57220,6,1,0,0,3,1,68,145,0,0,0,2,0,4,2008,3,2009,0,38,0,0,0,1,2,55,1,2,2,1,20,3,1,66,1,1,1,87,0,0
46,460105,1,1,2,10,11,17,15,32,0,1,0,46,1,23,471,23471,30,2004,1GTCS148X481,1,G,T,C,S,1,4,8,X,4,8,1,0,T,GMC,CAN,PK,4,17,,1,0,1112,CAN,G,,0,0,000000000,00000000000,0,0,0,1,0,0,0,0,0,0,0,60,0,1,5,12,0,6,2,1,0,0,0,1,46,57747,6,1,0,0,3,1,71,225,0,0,0,1,0,10,2010,10,2010,0,83,0,0,0,3,2,70,1,1,2,1,0,0,17,87,6,1,4,3,1,0
46,460106,1,1,2,13,11,23,1,1,0,1,0,46,1,49,401,49401,14,1998,JT3HN86R2W01,J,T,3,H,N,8,6,R,2,W,0,1,0,P,TOYT,RUN,UT,98,17,3850,,0,1053,,G,,0,0,000000000,00000000000,0,0,0,1,0,0,0,0,0,0,0,74,0,1,3,0,0,6,2,1,0,0,0,1,46,57104,6,1,0,0,3,0,71,200,0,0,0,0,1,9,2009,9,2009,0,58,81,0,0,2,2,75,1,1,1,1,0,0,17,90,6,4,4,8,1,0
46,460107,1,1,1,8,11,13,0,1,0,1,0,46,1,76,706,76706,80,1982,JYA10L006CA0,J,Y,A,1,0,L,0,0,6,C,A,0,0,M,YAMA,X92,RS,82,17,,,,,,,920,0,0,000000000,00000000000,0,0,0,1,0,0,0,0,0,0,0,25,0,0,0,0,0,2,3,1,0,0,0,1,46,57551,6,1,0,0,3,1,73,170,0,0,0,0,0,0,0,0,0,0,0,0,0,0,1,2,55,1,1,5,1,0,0,1,5,1,1,1,98,1,0
46,460108,1,2,2,22,11,8,21,12,6,1,0,46,2,23,481,23481,31,1993,1GTEK14Z1PZ5,1,G,T,E,K,1,4,Z,1,P,Z,5,0,T,GMC,SK1,PK,93,17,,2,1315,1175,SIE,G,,0,0,000000000,00000000000,0,0,0,1,0,0,0,0,0,0,0,45,0,0,0,12,12,6,2,12,0,0,0,1,46,57448,6,1,0,0,3,0,63,180,0,0,0,0,0,0,0,0,0,0,28,87,0,0,1,2,65,1,1,2,4,0,0,1,9,1,3,2,64,1,0
46,460108,2,2,1,22,11,8,21,12,6,1,0,46,1,7,442,7442,20,1996,1B4GP45R9TB2,1,B,4,G,P,4,5,R,9,T,B,2,0,P,DODG,CAR,SV,96,17,3578,,0,1133,,G,,0,0,000000000,00000000000,0,0,0,1,0,0,0,0,0,0,0,40,0,0,0,11,11,6,2,12,0,0,0,1,46,57437,6,1,0,0,3,1,71,180,0,0,0,0,0,0,0,0,0,0,0,0,0,0,1,2,65,1,1,2,4,0,0,1,62,1,1,2,65,0,0
46,460109,1,1,5,24,11,9,4,35,0,1,0,42,3,14,6,14006,4,2010,2MEBM7FV3AX6,2,M,E,B,M,7,F,V,3,A,X,6,0,P,MERC,MGL,4D,10,17,4131,,0,1146,,F,,0,0,000000000,00000000000,0,0,0,1,0,0,0,0,0,0,0,75,0,1,5,10,0,6,2,1,0,0,0,1,48,78209,6,1,0,0,3,1,999,999,0,0,0,0,0,0,0,0,0,1,58,0,0,0,2,2,75,1,3,1,4,0,0,1,6,1,3,4,7,1,0
46,460110,1,2,1,24,11,9,48,12,2,1,0,46,3,84,881,84881,66,2003,2HSCKAPR73C0,2,H,S,C,K,A,P,R,7,3,C,0,2,T,INTL,99X,DS,3,17,,8,0,0,990,D,,1,57,00302709,5700302709,3,7,8,1,0,0,0,0,0,0,0,40,0,1,5,12,12,6,2,12,0,0,0,1,46,57435,6,1,6,1,3,0,68,190,0,0,0,0,0,0,0,0,0,0,0,0,0,0,1,2,65,1,1,2,4,0,0,1,62,9,1,1,51,0,0
46,460110,2,2,1,24,11,9,48,12,2,1,0,46,2,49,471,49471,30,1993,4TARN01PXPZ1,4,T,A,R,N,0,1,P,X,P,Z,1,0,T,TOYT,SDX,PK,93,17,,1,0,1029,HTP,G,,0,0,000000000,00000000000,0,0,0,1,0,0,0,0,0,0,0,998,0,0,0,12,12,6,2,12,0,0,0,1,46,57451,6,7,0,0,3,1,70,185,0,0,0,0,0,0,0,0,0,1,0,0,0,0,1,2,65,1,1,2,4,0,0,2,5,1,2,2,50,1,0
46,460111,1,1,1,24,11,10,30,1,0,1,0,46,1,7,482,7482,31,2006,1D7HU18276S6,1,D,7,H,U,1,8,2,7,6,S,6,0,T,DODG,SQ1,CW,6,17,,2,1605,1405,RPC,G,,0,0,000000000,00000000000,0,0,0,1,0,0,0,0,0,0,0,75,0,2,5,0,0,6,2,1,0,0,0,1,46,57401,6,1,0,0,3,1,71,185,0,2,1,0,0,10,2008,10,2008,1,0,0,0,0,2,2,75,1,1,1,4,0,0,1,5,1,2,4,2,1,0
46,460112,1,2,3,27,11,8,0,12,6,1,0,46,2,12,481,12481,31,2010,1FTFW1EV4AKA,1,F,T,F,W,1,E,V,4,A,K,A,0,T,FORD,F1S,CW,10,17,,2,1570,1450,COF,F,,0,0,000000000,00000000000,0,0,0,1,0,0,0,0,0,0,0,998,0,0,0,11,11,6,2,12,0,0,0,1,27,55385,6,2,0,0,3,1,64,120,0,0,0,0,0,0,0,0,0,0,38,0,0,0,1,2,65,1,1,2,1,20,3,11,15,1,1,2,82,0,0
46,460112,2,2,3,27,11,8,0,12,6,1,0,46,2,20,37,20037,4,1997,1G1ND52TXV61,1,G,1,N,D,5,2,T,X,V,6,1,0,P,CHEV,MAL,4D,97,17,2976,,0,1070,,G,,0,0,000000000,00000000000,0,0,0,1,0,0,0,0,0,0,0,67,0,0,0,12,12,6,2,12,0,0,0,1,46,57401,6,1,0,0,3,0,69,160,0,1,0,0,1,2,2010,2,2010,0,0,0,0,0,1,2,65,3,1,2,1,0,0,14,67,1,1,1,83,1,0
46,460113,1,1,1,12,12,3,50,32,0,1,0,46,1,20,481,20481,31,1996,2GCEK19R6T12,2,G,C,E,K,1,9,R,6,T,1,2,0,T,CHEV,GK1,PC,96,17,,2,1555,1415,GM4,G,,0,0,000000000,00000000000,0,0,0,1,0,0,0,0,0,0,0,50,0,1,5,12,12,6,2,32,0,0,0,1,46,57522,6,1,0,0,3,0,73,220,1,0,0,0,1,10,2008,9,2009,0,58,0,0,0,1,2,55,4,2,4,11,0,0,14,12,6,1,4,6,1,1