STATE,ST_CASE,VEH_NO,VE_FORMS,NUMOCCS,DAY,MONTH,HOUR,MINUTE,HARM_EV,MAN_COLL,UNITTYPE,HIT_RUN,REG_STAT,OWNER,MAKE,MODEL,MAK_MOD,BODY_TYP,MOD_YEAR,VIN,VIN_1,VIN_2,VIN_3,VIN_4,VIN_5,VIN_6,VIN_7,VIN_8,VIN_9,VIN_10,VIN_11,VIN_12,TOW_VEH,VINTYPE,VINMAKE,VINA_MOD,VIN_BT,VINMODYR,VIN_LNGT,VIN_WGT,WGTCD_TR,WHLBS_LG,WHLBS_SH,SER_TR,FUELCODE,MCYCL_DS,J_KNIFE,MCARR_I1,MCARR_I2,MCARR_ID,GVWR,V_CONFIG,CARGO_BT,HAZ_INV,HAZ_PLAC,HAZ_ID,HAZ_CNO,HAZ_REL,BUS_USE,SPEC_USE,EMER_USE,TRAV_SP,UNDERIDE,ROLLOVER,ROLINLOC,IMPACT1,IMPACT2,DEFORMED,TOWED,M_HARM,VEH_SC1,VEH_SC2,FIRE_EXP,DR_PRES,L_STATE,DR_ZIP,L_STATUS,L_TYPE,CDL_STAT,L_ENDORS,L_COMPL,L_RESTRI,DR_HGT,DR_WGT,PREV_ACC,PREV_SUS,PREV_DWI,PREV_SPD,PREV_OTH,FIRST_MO,FIRST_YR,LAST_MO,LAST_YR,SPEEDREL,DR_SF1,DR_SF2,DR_SF3,DR_SF4,VTRAFWAY,VNUM_LAN,VSPD_LIM,VALIGN,VPROFILE,VPAVETYP,VSURCOND,VTRAFCON,VTCONT_F,P_CRASH1,P_CRASH2,P_CRASH3,PCRASH4,PCRASH5,ACC_TYPE,DEATHS,DR_DRINK
46,460114,1,2,2,29,12,18,34,12,8,1,0,46,1,20,442,20442,20,1992,1GNDU06L7NT1,1,G,N,D,U,0,6,L,7,N,T,1,0,P,CHEV,L/M,SV,92,17,3557,,0,1098,,G,,0,0,000000000,00000000000,0,0,0,1,0,0,0,0,0,0,0,55,0,0,0,11,11,6,2,12,0,0,0,1,46,57261,6,1,0,0,3,1,66,180,0,0,0,0,0,0,0,0,0,0,28,0,0,0,1,2,65,1,3,2,2,0,0,1,10,1,1,2,64,1,0
46,460114,2,2,1,29,12,18,34,12,8,1,0,92,0,99,998,99998,92,2003,000000000000,0,0,0,0,0,0,0,0,0,0,0,0,1,U,,,,,17,,,,,,,,1,0,000000000,00000000000,0,0,0,1,0,0,0,0,0,0,0,15,0,0,0,8,8,4,1,12,0,0,0,1,46,57274,6,1,0,0,3,0,72,220,0,0,0,0,0,0,0,0,0,0,0,0,0,0,1,2,65,1,3,2,2,0,0,1,62,1,1,1,65,0,0
46,460115,1,1,3,3,4,7,19,1,0,1,0,46,2,23,421,23421,15,2005,1GKEK13V05J1,1,G,K,E,K,1,3,V,0,5,J,1,0,T,GMC,YUK,4W,5,17,,2,0,1160,YUK,G,,0,0,000000000,00000000000,0,0,0,1,0,0,0,0,0,0,0,998,0,2,5,0,0,6,2,1,0,0,0,1,46,57752,4,1,0,0,2,0,65,176,0,0,0,0,0,0,0,0,0,1,0,0,0,0,1,2,55,1,1,2,1,0,0,1,13,1,1,4,1,1,1
46,460116,1,1,3,16,5,0,20,1,0,1,9,46,2,20,16,20016,4,1995,1G1JF5245S71,1,G,1,J,F,5,2,4,5,S,7,1,0,P,CHEV,CAS,4D,95,17,2736,,0,1041,,G,,0,0,000000000,00000000000,0,0,0,1,0,0,0,0,0,0,0,998,0,2,5,0,0,6,2,1,0,0,0,1,46,57701,6,1,0,0,3,0,69,148,5,0,1,0,2,8,2007,3,2008,0,0,0,0,0,1,2,65,1,1,2,1,0,0,1,13,1,1,4,1,1,1
46,460117,1,1,4,27,8,16,26,11,0,1,0,48,3,20,431,20431,16,2003,1GNEC16Z93J1,1,G,N,E,C,1,6,Z,9,3,J,1,0,P,CHEV,C15,UT,3,17,4914,,0,1300,,F,,0,0,000000000,00000000000,0,0,0,1,0,0,0,0,0,0,0,55,0,1,1,3,13,6,2,1,0,0,0,1,48,79107,6,1,0,0,3,0,999,999,0,0,0,1,1,12,2008,4,2009,0,58,0,0,0,1,2,55,1,1,2,1,0,0,1,87,1,1,1,13,3,0
46,460118,1,1,2,30,10,7,44,35,0,1,0,46,2,20,16,20016,4,1998,1G1JC5247W71,1,G,1,J,C,5,2,4,7,W,7,1,0,P,CHEV,CAV,4D,98,17,2630,,0,1041,,G,,0,0,000000000,00000000000,0,0,0,1,0,0,0,0,0,0,0,47,0,1,6,12,0,6,2,1,0,0,0,1,46,57770,0,0,0,0,0,0,999,999,0,0,0,0,0,0,0,0,0,0,0,0,0,0,1,2,55,1,1,2,1,0,0,1,12,7,3,4,7,1,0
46,460119,1,1,2,12,11,6,31,32,0,1,0,46,2,22,16,22016,2,2001,1G2JB1240173,1,G,2,J,B,1,2,4,0,1,7,3,0,P,PONT,SFS,CP,1,17,2606,,0,1041,,G,,0,0,000000000,00000000000,0,0,0,1,0,0,0,0,0,0,0,45,0,0,0,3,3,6,2,32,0,0,0,1,46,57782,6,1,0,0,3,0,68,170,0,1,0,0,2,4,2010,8,2010,0,0,0,0,0,1,2,35,4,1,4,4,0,0,14,12,6,4,4,7,2,1
46,460120,1,2,2,21,8,19,35,12,1,1,0,46,2,18,2,18002,4,1991,1G4HR54C1MH4,1,G,4,H,R,5,4,C,1,M,H,4,0,P,BUIC,LLF,4D,91,17,3169,,0,1108,,G,,0,0,000000000,00000000000,0,0,0,1,0,0,0,0,0,0,0,37,0,0,0,12,12,6,2,12,0,0,0,1,46,57770,4,1,0,0,2,0,76,330,0,0,0,0,0,0,0,0,0,0,0,0,0,0,1,2,55,1,2,2,1,0,0,1,51,1,1,1,24,1,1
46,460120,2,2,2,21,8,19,35,12,1,1,0,46,1,84,998,84998,92,1999,000000000000,0,0,0,0,0,0,0,0,0,0,0,0,0,U,,,,,17,,,,,,,,0,0,000000000,00000000000,0,0,0,1,0,0,0,0,0,0,0,15,0,0,0,6,6,6,2,12,0,0,0,1,46,57770,0,0,0,0,0,0,999,999,0,0,0,0,0,0,0,0,0,0,0,0,0,0,1,2,55,1,2,2,1,0,0,1,53,1,1,1,25,0,0
46,460121,1,2,1,16,9,16,0,11,0,1,0,46,1,49,40,49040,4,2008,4T1BE46K08U2,4,T,1,B,E,4,6,K,0,8,U,2,0,P,TOYT,XSL,4D,8,17,3263,,0,1093,,G,,0,0,000000000,00000000000,0,0,0,1,0,0,0,0,0,0,0,55,0,0,0,12,12,2,1,11,0,0,0,1,46,57560,6,1,0,0,3,1,72,200,0,0,0,0,0,0,0,0,0,0,0,0,0,0,1,2,65,1,3,2,1,0,0,1,87,1,1,1,13,0,0
46,460121,2,2,1,16,9,16,0,11,0,1,0,46,2,30,47,30047,3,2001,3VWCB21C51M4,3,V,W,C,B,2,1,C,5,1,M,4,0,P,VOLK,NGS,2H,1,17,2783,,0,989,,G,,0,0,000000000,00000000000,0,0,0,1,0,0,0,0,0,0,0,65,0,0,0,12,12,2,3,54,0,0,0,1,46,57716,2,1,0,0,2,0,69,147,0,0,0,0,0,0,0,0,0,0,0,0,0,0,1,2,65,1,3,2,1,0,0,1,98,1,1,1,98,1,0
46,460122,1,1,2,27,3,6,41,1,0,1,0,46,2,12,481,12481,31,1989,1FTEF14Y8KPB,1,F,T,E,F,1,4,Y,8,K,P,B,0,T,FORD,F15,PK,89,17,,2,1330,1170,COF,G,,0,0,000000000,00000000000,0,0,0,1,0,0,0,0,0,0,0,998,0,2,3,0,0,6,2,1,0,0,0,9,,,,,,,,,999,,,,,,,,,,,,0,0,0,0,3,2,55,3,1,2,1,0,0,0,12,0,0,0,6,1,0
46,460123,1,1,3,5,9,21,39,5,0,1,0,94,3,12,481,12481,31,2009,1FTPW14VX9FA,1,F,T,P,W,1,4,V,X,9,F,A,0,T,FORD,F1S,CW,9,17,,2,1570,1450,COF,F,,0,0,000000000,00000000000,0,0,0,1,0,0,0,0,0,0,0,30,0,0,0,0,0,0,1,5,0,0,0,1,46,57717,6,1,0,0,3,1,70,175,0,0,0,0,0,0,0,0,0,0,0,0,0,0,1,2,40,1,1,2,1,0,0,1,98,1,1,1,0,1,0
46,460124,1,1,2,1,8,13,7,1,0,1,0,46,2,20,481,20481,31,1992,1GCDC14Z1NZ1,1,G,C,D,C,1,4,Z,1,N,Z,1,0,T,CHEV,GC1,PK,92,17,,1,1315,1175,GM4,G,,0,0,000000000,00000000000,0,0,0,1,0,0,0,0,0,0,0,51,0,2,5,0,0,6,2,1,0,0,0,1,46,57024,2,1,0,0,2,0,73,160,0,1,1,0,0,6,2009,4,2010,0,58,0,0,0,1,2,55,2,2,1,1,0,0,14,12,1,1,4,6,1,1
46,460125,1,2,2,31,7,21,13,12,2,1,0,46,2,7,442,7442,20,1994,1B4GK54L4RX3,1,B,4,G,K,5,4,L,4,R,X,3,0,P,DODG,CAR,SV,94,17,4021,,0,1193,,G,,0,0,000000000,00000000000,0,0,0,1,0,0,0,0,0,0,0,998,0,0,0,12,12,6,2,12,0,0,0,1,46,57623,3,1,0,0,2,1,64,135,0,0,0,0,0,0,0,0,0,0,28,0,0,0,1,2,65,1,2,2,1,0,0,1,10,1,1,2,50,1,1
46,460125,2,2,2,31,7,21,13,12,2,1,0,46,2,12,401,12401,14,1999,1FMZU35P9XZB,1,F,M,Z,U,3,5,P,9,X,Z,B,0,P,FORD,EPR,UT,99,17,4347,,0,1116,,G,,0,0,000000000,00000000000,0,0,0,1,0,0,0,0,0,0,0,998,0,0,0,12,12,6,2,12,0,0,0,1,46,57623,0,0,0,0,0,0,66,230,0,0,0,0,0,0,0,0,0,0,0,0,0,0,1,2,65,1,2,2,1,0,0,1,62,1,1,1,51,0,1
47,470001,1,1,2,1,1,10,6,42,0,1,0,47,2,20,443,20443,20,2004,1GNDX13E64D1,1,G,N,D,X,1,3,E,6,4,D,1,0,T,CHEV,LUX,ES,4,17,,1,0,1200,VTR,G,,0,0,000000000,00000000000,0,0,0,1,0,0,0,0,0,0,0,998,0,0,0,12,98,6,2,42,0,0,0,1,47,37323,6,1,0,0,3,1,66,130,0,0,0,0,0,0,0,0,0,0,0,0,0,0,2,2,70,1,1,2,1,0,0,1,89,6,1,4,8,1,0
47,470002,1,3,1,1,1,3,44,8,0,1,0,47,1,20,9,20009,2,1999,2G1FP22K9X21,2,G,1,F,P,2,2,K,9,X,2,1,0,P,CHEV,CAM,CP,99,17,3306,,0,1011,,G,,0,0,000000000,00000000000,0,0,0,1,0,0,0,0,0,0,0,998,0,0,0,1,1,6,2,8,0,0,0,1,47,37115,6,1,6,0,3,0,68,260,1,0,0,0,0,3,2007,3,2007,0,0,0,0,0,2,2,55,1,5,2,1,0,0,1,80,1,1,1,13,0,0
47,470002,2,3,1,1,1,3,44,8,0,1,0,47,1,49,40,49040,4,2000,4T1BG22K2YU7,4,T,1,B,G,2,2,K,2,Y,U,7,0,P,TOYT,UEX,4D,0,17,2998,,0,1051,,G,,0,0,000000000,00000000000,0,0,0,1,0,0,0,0,0,0,0,998,0,0,0,12,98,6,2,8,0,0,0,1,47,37211,6,1,0,0,3,1,68,275,0,0,0,0,0,0,0,0,0,0,0,0,0,0,2,2,55,1,5,2,1,0,0,1,80,1,1,1,98,0,0
47,470002,3,3,1,1,1,3,44,8,0,1,0,47,1,35,47,35047,4,2002,1N4BL11EX2C2,1,N,4,B,L,1,1,E,X,2,C,2,0,P,NISS,ABE,4D,2,17,3099,,0,1102,,G,,0,0,000000000,00000000000,0,0,0,1,0,0,0,0,0,0,0,998,0,0,0,18,18,0,1,54,0,0,0,1,47,37066,6,1,0,0,3,1,63,140,0,0,0,0,0,0,0,0,0,0,0,0,0,0,2,2,55,1,5,2,1,0,0,1,90,1,1,1,98,0,0
47,470003,1,2,1,3,1,3,57,12,2,1,0,47,1,2,404,2404,14,1996,1J4FJ27P2TL2,1,J,4,F,J,2,7,P,2,T,L,2,0,T,JEEP,CSE,2W,96,17,,1,0,1014,CHK,G,,0,0,000000000,00000000000,0,0,0,1,0,0,0,0,0,0,0,998,0,1,5,12,98,6,2,12,0,0,0,1,47,37803,6,1,0,0,3,0,75,215,0,0,0,0,0,0,0,0,0,1,51,0,0,0,3,2,70,1,1,2,1,0,0,1,54,1,1,1,52,1,1
47,470003,2,2,4,3,1,3,57,12,2,1,0,39,2,37,31,37031,4,2009,JHMFA36299S0,J,H,M,F,A,3,6,2,9,9,S,0,0,P,HOND,CHY,4D,9,17,2877,,0,0,,B,,0,0,000000000,00000000000,0,0,0,1,0,0,0,0,0,0,0,998,0,0,0,12,98,6,2,12,0,0,0,1,39,45242,6,1,0,0,3,0,70,160,1,0,0,0,1,8,2008,9,2008,0,0,0,0,0,3,2,70,1,1,2,1,0,0,1,54,1,1,1,52,2,0
47,470005,1,1,1,4,1,19,53,34,0,1,0,47,1,7,442,7442,20,2002,2B4GP74L62R5,2,B,4,G,P,7,4,L,6,2,R,5,0,P,DODG,CAR,SV,2,17,4159,,0,1193,,G,,0,0,000000000,00000000000,0,0,0,1,0,0,0,0,0,0,0,998,0,1,5,12,98,6,2,34,0,0,0,1,47,37716,6,1,0,0,3,0,72,175,0,0,0,0,0,0,0,0,0,0,58,0,0,0,1,2,30,2,6,2,1,0,0,14,9,7,2,4,2,1,1
47,470006,1,2,2,5,1,17,14,12,6,1,0,47,1,41,471,41471,30,1996,4F4CR12A4TTM,4,F,4,C,R,1,2,A,4,T,T,M,0,T,MAZD,RGC,PK,96,17,,1,1139,1079,B23,G,,0,0,000000000,00000000000,0,0,0,1,0,0,0,0,0,0,0,998,0,0,0,62,98,6,2,12,0,0,0,1,47,38556,6,1,0,0,3,0,62,134,0,0,0,0,0,0,0,0,0,0,38,0,0,0,3,2,55,1,1,2,1,20,3,11,10,1,1,1,82,1,0
47,470006,2,2,3,5,1,17,14,12,6,1,0,47,3,12,461,12461,21,2006,1FTSS34L36HA,1,F,T,S,S,3,4,L,3,6,H,A,0,T,FORD,3SD,EC,6,17,,2,0,1380,VAN,G,,0,0,000000000,00000000000,0,0,0,1,0,0,0,0,0,0,0,998,0,0,0,12,12,6,2,12,0,0,0,1,47,38565,6,1,0,0,3,1,62,198,0,0,0,0,0,0,0,0,0,0,0,0,0,0,3,2,55,1,1,2,1,0,0,1,15,1,1,1,83,0,0
47,470007,1,2,1,6,1,14,15,12,2,1,0,47,1,19,3,19003,4,1998,1G6KD54Y5WU7,1,G,6,K,D,5,4,Y,5,W,U,7,0,P,CADI,DFW,4D,98,17,4012,,0,1138,,G,,0,0,000000000,00000000000,0,0,0,1,0,0,0,0,0,0,0,998,0,0,0,12,98,6,2,12,0,0,0,1,47,38478,6,1,0,0,3,1,64,170,0,0,0,0,0,0,0,0,0,0,28,0,0,0,1,2,55,1,3,2,1,0,0,1,10,1,1,2,50,1,0
47,470007,2,2,1,6,1,14,15,12,2,1,0,47,1,20,481,20481,31,1996,1GCEC19R0TE2,1,G,C,E,C,1,9,R,0,T,E,2,0,T,CHEV,GC1,PC,96,17,,2,1555,1415,GM4,G,,0,0,000000000,00000000000,0,0,0,1,0,0,0,0,0,0,0,998,0,0,0,12,98,6,2,12,0,0,0,1,47,38472,6,1,0,0,3,0,73,215,0,0,0,1,1,8,2008,3,2009,0,0,0,0,0,1,2,55,1,3,2,1,0,0,1,62,1,1,1,51,0,0
47,470008,1,1,1,6,1,2,0,53,0,1,0,47,1,20,471,20471,30,2003,1GCCS14H0381,1,G,C,C,S,1,4,H,0,3,8,1,0,T,CHEV,S14,PK,3,17,,1,0,1083,S,G,,0,0,000000000,00000000000,0,0,0,1,0,0,0,0,0,0,0,998,0,0,0,12,98,6,2,42,0,0,0,1,47,37811,6,1,0,0,3,0,68,140,3,0,0,0,0,1,2007,11,2007,0,99,99,99,99,1,2,45,1,6,2,1,0,0,1,9,1,1,4,1,1,1
47,470009,1,1,2,6,1,7,55,35,0,1,0,47,1,7,20,7020,4,1996,1B3ES47C0TD5,1,B,3,E,S,4,7,C,0,T,D,5,0,P,DODG,NEH,4P,96,17,2443,,0,1040,,G,,0,0,000000000,00000000000,0,0,0,1,0,0,0,0,0,0,0,998,0,1,5,12,98,6,2,1,0,0,0,1,47,37880,6,1,0,0,3,0,62,203,0,0,0,0,0,0,0,0,0,0,28,0,0,0,1,2,55,2,6,2,1,0,0,14,12,6,4,4,7,1,0
47,470010,1,1,1,6,1,18,0,42,0,1,0,47,1,20,37,20037,4,2000,1G1NE52J9Y61,1,G,1,N,E,5,2,J,9,Y,6,1,0,P,CHEV,M/L,4D,0,17,3077,,0,1070,,G,,0,0,000000000,00000000000,0,0,0,1,0,0,0,0,0,0,0,998,0,0,0,12,98,6,2,42,0,0,0,1,47,38478,6,1,0,0,3,3,64,135,0,0,0,0,0,0,0,0,0,0,99,99,99,99,1,2,55,1,1,2,1,0,0,1,13,1,1,4,1,1,0
47,470011,1,1,1,8,1,12,0,42,0,1,0,47,1,35,472,35472,30,2000,1N6ED27Y6YC3,1,N,6,E,D,2,7,Y,6,Y,C,3,0,T,NISS,XSC,CW,0,17,,1,0,1161,FRT,G,,0,0,000000000,00000000000,0,0,0,1,0,0,0,0,0,0,0,998,0,1,5,1,98,6,2,1,0,0,0,1,47,37415,6,1,0,0,3,0,70,165,0,0,0,0,0,0,0,0,0,1,36,58,87,0,1,2,55,1,5,2,3,0,0,1,5,6,2,4,7,1,1
47,470013,1,1,2,9,1,15,34,31,0,1,0,47,1,12,13,12013,2,1998,3FAFP1131WR1,3,F,A,F,P,1,1,3,1,W,R,1,0,P,FORD,ZXS,CP,98,17,2478,,0,984,,G,,0,0,000000000,00000000000,0,0,0,1,0,0,0,0,0,0,0,998,0,1,6,3,98,6,2,1,0,0,0,1,47,37641,6,1,0,0,3,0,71,163,1,1,0,0,0,10,2009,10,2009,0,87,0,0,0,1,2,35,1,6,2,3,0,0,1,5,1,2,4,7,1,0
47,470014,1,2,1,9,1,7,0,12,2,1,0,47,1,23,481,23481,31,2000,1GTEK19V7YE2,1,G,T,E,K,1,9,V,7,Y,E,2,0,T,GMC,NK1,3C,0,17,,2,1575,1435,SIE,G,,0,0,000000000,00000000000,0,0,0,1,0,0,0,0,0,0,0,998,0,0,0,12,12,6,2,12,0,0,0,1,47,38024,6,1,0,0,3,0,70,330,0,2,0,0,0,9,2009,9,2009,0,28,0,0,0,1,2,55,1,5,2,3,0,0,1,10,1,1,2,50,1,0
47,470014,2,2,1,9,1,7,0,12,2,1,0,93,3,84,881,84881,66,2007,2HSCEAPR87C5,2,H,S,C,E,A,P,R,8,7,C,5,1,T,INTL,92I,DS,7,17,,8,0,0,920,D,,1,57,1421875,571421875,3,6,1,1,0,0,0,0,0,0,0,998,0,0,0,12,12,6,2,12,0,0,0,1,47,37055,6,1,6,0,3,0,76,265,0,0,0,1,0,6,2007,6,2007,0,0,0,0,0,1,2,55,1,6,2,3,0,0,1,60,8,1,1,51,0,0
47,470015,1,1,1,9,1,9,41,43,0,1,0,47,1,12,3,12003,2,2002,1FAFP42X72F1,1,F,A,F,P,4,2,X,7,2,F,1,0,P,FORD,MGT,CP,2,17,3241,,0,1013,,G,,0,0,000000000,00000000000,0,0,0,1,0,0,0,0,0,0,0,998,0,1,5,9,98,6,2,1,0,0,0,1,47,37887,6,1,0,0,3,0,72,186,0,0,0,1,0,8,2007,8,2007,1,99,99,99,99,1,2,45,1,5,2,1,0,0,1,6,6,2,4,7,1,0
47,470016,1,2,1,10,1,6,55,12,8,1,0,47,1,19,14,19014,4,1988,1G6KS515XJU8,1,G,6,K,S,5,1,5,X,J,U,8,0,P,CADI,SEV,4D,88,17,3342,,0,1080,,G,,0,0,000000000,00000000000,0,0,0,1,0,0,0,0,0,0,0,998,1,0,0,62,98,6,2,12,0,0,0,1,47,37012,6,1,0,0,3,0,62,191,1,0,0,0,0,7,2009,7,2009,0,28,0,0,0,1,2,55,2,6,2,1,0,0,14,11,1,1,2,64,1,0
47,470016,2,2,1,10,1,6,55,12,8,1,0,47,3,87,881,87881,63,2007,1NPAL00X97D6,1,N,P,A,L,0,0,X,9,7,D,6,0,T,PTRB,357,TM,7,17,,8,0,0,CON,D,,0,88,888888888,88888888888,3,2,4,1,0,0,0,0,0,0,0,998,7,0,0,61,98,6,2,12,0,0,0,1,47,37166,6,1,6,0,3,1,69,220,0,0,0,0,0,0,0,0,0,0,0,0,0,0,1,2,55,3,5,2,1,0,0,14,62,1,1,1,65,0,0
47,470017,1,1,1,7,1,16,37,35,0,1,0,47,1,23,481,23481,31,1996,1GTEC14R4TZ5,1,G,T,E,C,1,4,R,4,T,Z,5,0,T,GMC,SC1,PK,96,17,,2,1315,1175,SIE,G,,0,0,000000000,00000000000,0,0,0,1,0,0,0,0,0,0,0,998,0,1,5,1,98,6,2,1,0,0,0,1,47,37343,2,1,0,0,2,2,69,165,0,0,0,0,0,0,0,0,0,1,8,28,36,74,1,2,45,2,1,2,3,0,0,14,6,1,2,4,2,1,1
47,470018,1,3,1,14,1,14,24,12,2,1,0,47,1,22,20,22020,4,1996,1G2WJ52M3TF2,1,G,2,W,J,5,2,M,3,T,F,2,0,P,PONT,GFS,4D,96,17,3234,,0,1075,,G,,0,0,000000000,00000000000,0,0,0,1,0,0,0,0,0,0,0,998,0,0,0,12,12,6,2,12,0,0,0,1,47,37891,6,1,0,0,3,0,65,138,0,0,0,0,0,0,0,0,0,0,38,0,0,0,1,2,30,1,1,2,1,20,3,1,10,1,1,2,50,1,0
47,470018,2,3,1,14,1,14,24,12,2,1,0,37,3,82,881,82881,66,1999,1FUY3WEB0XLA,1,F,U,Y,3,W,E,B,0,X,L,A,1,T,FRHT,FD1,DS,99,17,,8,0,0,CON,D,,1,57,1701134,571701134,3,6,3,1,0,0,0,0,0,0,0,998,0,0,0,12,12,6,2,12,0,0,0,1,47,37660,6,1,6,0,3,0,68,190,1,0,0,1,0,11,2007,3,2009,0,0,0,0,0,1,2,55,3,1,2,1,0,0,14,54,1,1,1,51,0,0
47,470018,3,3,2,14,1,14,24,12,2,1,0,47,2,41,51,41051,4,2007,JM1BK1236717,J,M,1,B,K,1,2,3,6,7,1,7,0,P,MAZD,M3S,4D,7,17,2906,,0,1039,,G,,0,0,000000000,00000000000,0,0,0,1,0,0,0,0,0,0,0,998,0,0,0,12,12,6,2,12,0,0,0,1,47,37814,2,1,0,0,2,0,999,999,0,0,0,0,0,0,0,0,0,0,0,0,0,0,1,2,55,2,1,2,1,0,0,14,54,1,1,1,98,1,0
47,470019,1,1,1,11,1,10,25,1,0,1,0,47,1,49,43,49043,4,2005,4T1BK36B85U0,4,T,1,B,K,3,6,B,8,5,U,0,0,P,TOYT,UTS,4D,5,17,3417,,0,1071,,G,,0,0,000000000,00000000000,0,0,0,1,0,0,0,0,0,0,0,998,0,2,5,0,0,6,2,1,0,0,0,1,47,37067,6,1,0,0,3,0,68,150,0,0,0,0,0,0,0,0,0,0,99,99,99,99,3,4,70,1,6,2,1,0,0,15,13,7,2,4,2,1,0
47,470020,1,1,1,16,1,2,23,1,0,1,0,47,1,2,404,2404,14,1992,1J4FT58SXNL2,1,J,4,F,T,5,8,S,X,N,L,2,0,T,JEEP,LAR,4W,92,17,,1,0,1014,CHK,G,,0,0,000000000,00000000000,0,0,0,1,0,0,0,0,0,0,0,998,0,2,1,0,0,6,2,1,0,0,0,1,31,38351,6,1,0,0,3,0,64,212,1,2,0,3,1,1,2007,6,2009,0,28,58,0,0,2,2,65,1,6,2,1,0,0,1,8,6,4,6,98,1,1
47,470021,1,2,3,16,1,15,45,12,2,1,0,47,1,58,33,58033,4,2001,JNKCP11A31T4,J,N,K,C,P,1,1,A,3,1,T,4,0,P,INFI,G20,4D,1,17,2826,,0,1024,,G,,0,0,000000000,00000000000,0,0,0,1,0,0,0,0,0,0,0,998,0,0,0,12,98,6,2,12,0,0,0,1,47,37322,6,1,0,0,3,0,71,150,0,0,0,0,0,0,0,0,0,0,28,0,0,0,1,2,55,1,1,2,1,0,0,1,54,1,1,2,50,1,0
47,470021,2,2,2,16,1,15,45,12,2,1,0,47,2,12,481,12481,31,2004,1FTNW21P84EC,1,F,T,N,W,2,1,P,8,4,E,C,1,T,FORD,F2S,CW,4,17,,2,1724,1562,SRW,D,,1,0,000000000,00000000000,0,0,0,1,0,0,0,0,0,0,0,998,0,0,0,12,98,6,2,12,0,0,0,1,47,37312,6,1,0,0,3,0,76,225,0,0,0,0,0,0,0,0,0,0,0,0,0,0,1,2,55,1,1,2,1,0,0,1,54,1,1,2,51,0,0
47,470022,1,1,2,18,1,18,41,8,0,1,0,47,1,7,472,7472,30,1995,1B7GL23X3SS2,1,B,7,G,L,2,3,X,3,S,S,2,0,T,DODG,DAK,PC,95,17,,1,0,1309,DAK,G,,0,0,000000000,00000000000,0,0,0,1,0,0,0,0,0,0,0,998,0,0,0,14,14,2,3,8,0,0,0,1,47,38340,6,1,0,0,3,1,73,156,0,0,0,0,0,0,0,0,0,0,92,0,0,0,1,2,55,1,1,2,1,0,0,1,80,1,1,1,13,0,0
47,470023,1,1,1,16,1,8,25,42,0,1,0,6,1,20,7,20007,10,1987,3GCCW80H8HS9,3,G,C,C,W,8,0,H,8,H,S,9,0,P,CHEV,ELC,PK,87,17,3106,,0,1171,,G,,0,0,000000000,00000000000,0,0,0,1,0,0,0,0,0,0,0,998,0,0,0,12,98,6,2,42,0,0,0,1,6,95838,6,1,0,0,3,0,76,290,0,0,0,0,0,0,0,0,0,0,99,99,99,99,2,2,70,1,5,2,1,0,0,1,13,1,2,4,2,1,0
47,470024,1,1,1,18,1,14,25,34,0,1,0,47,1,72,706,72706,80,2002,1HD1BMY122Y0,1,H,D,1,B,M,Y,1,2,2,Y,0,0,M,HD,FLF,RS,2,17,,,,,,,1450,0,0,000000000,00000000000,0,0,0,1,0,0,0,0,0,0,0,998,0,0,0,12,98,6,2,42,0,0,0,1,47,38462,6,1,0,0,2,0,72,260,1,1,0,1,0,10,2007,8,2008,1,36,0,0,0,1,2,45,2,1,2,1,0,0,14,12,1,1,4,6,1,1
47,470025,1,1,1,19,1,11,22,19,0,1,0,47,1,20,471,20471,30,1993,1GCCS14Z0P81,1,G,C,C,S,1,4,Z,0,P,8,1,0,T,CHEV,S14,PK,93,17,,1,1179,1083,S,G,,0,0,000000000,00000000000,0,0,0,1,0,0,0,0,0,0,0,998,0,0,0,12,12,6,2,19,0,0,0,1,47,37601,6,1,0,0,3,0,73,200,0,0,0,0,0,0,0,0,0,0,99,99,99,99,1,2,30,1,1,2,1,0,0,1,12,99,1,4,6,1,0
47,470027,1,2,1,23,1,14,40,12,2,1,0,47,1,20,401,20401,14,1999,1GNCT18W1XK1,1,G,N,C,T,1,8,W,1,X,K,1,0,P,CHEV,BZR,UT,99,17,3814,,0,1005,,G,,0,0,000000000,00000000000,0,0,0,1,0,0,0,0,0,0,0,998,7,0,0,12,98,6,2,12,0,0,0,1,47,37870,6,1,0,0,3,3,65,148,0,0,0,0,0,0,0,0,0,0,0,0,0,0,1,2,55,1,1,2,1,0,0,1,54,7,1,2,50,0,0
47,470027,2,2,1,23,1,14,40,12,2,1,0,47,1,14,17,14017,4,1999,1MEFM50UXXA6,1,M,E,F,M,5,0,U,X,X,A,6,0,P,MERC,SGS,4D,99,17,3299,,0,1085,,G,,0,0,000000000,00000000000,0,0,0,1,0,0,0,0,0,0,0,998,3,0,0,12,98,6,2,12,0,0,0,1,47,37766,6,1,0,0,3,1,68,190,0,0,0,0,0,0,0,0,0,0,28,0,0,0,1,2,55,1,1,2,1,0,0,1,10,1,1,2,51,1,0
47,470028,1,2,2,23,1,16,32,12,6,1,0,47,1,12,17,12017,4,2000,1FAFP5223YG1,1,F,A,F,P,5,2,2,3,Y,G,1,0,P,FORD,TAX,4D,0,17,3331,,0,1085,,F,,0,0,000000000,00000000000,0,0,0,1,0,0,0,0,0,0,0,998,0,0,0,9,9,6,2,12,0,0,0,1,47,37683,6,1,0,0,3,1,65,155,0,0,0,0,0,0,0,0,0,0,39,0,0,0,1,2,45,1,1,2,1,20,3,1,17,1,1,2,89,2,0