STATE,ST_CASE,VEH_NO,VE_FORMS,NUMOCCS,DAY,MONTH,HOUR,MINUTE,HARM_EV,MAN_COLL,UNITTYPE,HIT_RUN,REG_STAT,OWNER,MAKE,MODEL,MAK_MOD,BODY_TYP,MOD_YEAR,VIN,VIN_1,VIN_2,VIN_3,VIN_4,VIN_5,VIN_6,VIN_7,VIN_8,VIN_9,VIN_10,VIN_11,VIN_12,TOW_VEH,VINTYPE,VINMAKE,VINA_MOD,VIN_BT,VINMODYR,VIN_LNGT,VIN_WGT,WGTCD_TR,WHLBS_LG,WHLBS_SH,SER_TR,FUELCODE,MCYCL_DS,J_KNIFE,MCARR_I1,MCARR_I2,MCARR_ID,GVWR,V_CONFIG,CARGO_BT,HAZ_INV,HAZ_PLAC,HAZ_ID,HAZ_CNO,HAZ_REL,BUS_USE,SPEC_USE,EMER_USE,TRAV_SP,UNDERIDE,ROLLOVER,ROLINLOC,IMPACT1,IMPACT2,DEFORMED,TOWED,M_HARM,VEH_SC1,VEH_SC2,FIRE_EXP,DR_PRES,L_STATE,DR_ZIP,L_STATUS,L_TYPE,CDL_STAT,L_ENDORS,L_COMPL,L_RESTRI,DR_HGT,DR_WGT,PREV_ACC,PREV_SUS,PREV_DWI,PREV_SPD,PREV_OTH,FIRST_MO,FIRST_YR,LAST_MO,LAST_YR,SPEEDREL,DR_SF1,DR_SF2,DR_SF3,DR_SF4,VTRAFWAY,VNUM_LAN,VSPD_LIM,VALIGN,VPROFILE,VPAVETYP,VSURCOND,VTRAFCON,VTCONT_F,P_CRASH1,P_CRASH2,P_CRASH3,PCRASH4,PCRASH5,ACC_TYPE,DEATHS,DR_DRINK
47,470028,2,2,4,23,1,16,32,12,6,1,0,51,1,2,406,2406,14,2008,1J8HG58288C1,1,J,8,H,G,5,8,2,8,8,C,1,0,T,JEEP,LTD,4W,8,17,,2,0,1095,CMD,G,,0,0,000000000,00000000000,0,0,0,1,0,0,0,0,0,0,0,998,0,0,0,12,12,6,2,12,0,0,0,1,51,24210,6,1,0,0,3,0,73,185,0,0,0,0,0,0,0,0,0,0,0,0,0,0,1,2,50,3,6,2,1,0,0,14,54,8,1,1,88,0,0
47,470029,1,1,1,24,1,99,99,41,0,1,0,47,1,2,404,2404,14,1998,1J4GZ58Y2WC2,1,J,4,G,Z,5,8,Y,2,W,C,2,0,T,JEEP,LRT,4W,98,17,,1,0,1059,GCK,G,,0,0,000000000,00000000000,0,0,0,1,0,0,0,0,0,0,0,998,0,1,5,1,98,6,2,3,0,0,0,1,47,37380,6,1,0,0,3,0,72,168,0,0,0,0,0,0,0,0,0,0,99,99,99,99,1,2,55,2,1,2,1,0,0,14,13,3,1,4,1,1,0
47,470030,1,1,1,12,1,6,20,30,0,1,0,47,1,20,37,20037,4,2006,1G1ZS51F96F1,1,G,1,Z,S,5,1,F,9,6,F,1,0,P,CHEV,M/L,4D,6,17,3296,,0,1063,,G,,0,0,000000000,00000000000,0,0,0,1,0,0,0,0,0,0,0,998,0,0,0,12,98,6,2,30,0,0,0,1,47,38261,6,1,0,0,3,0,66,190,0,0,0,0,0,0,0,0,0,0,99,99,99,99,1,2,35,3,1,2,1,0,0,14,12,1,1,4,6,1,0
47,470031,1,1,3,1,1,3,24,32,0,1,0,47,1,37,31,37031,4,2001,1HGES25701L0,1,H,G,E,S,2,5,7,0,1,L,0,0,P,HOND,UAX,4D,1,17,2564,,0,1031,,G,,0,0,000000000,00000000000,0,0,0,1,0,0,0,0,0,0,0,998,0,0,0,12,12,6,2,42,0,0,0,1,47,37087,6,1,0,0,3,0,74,170,1,0,0,4,2,2,2008,1,2009,1,99,99,99,99,1,2,40,2,6,2,1,0,0,14,6,6,1,4,6,1,1
47,470032,1,1,1,25,1,18,30,8,0,1,0,47,1,20,20,20020,4,1996,2G1WL52M9T91,2,G,1,W,L,5,2,M,9,T,9,1,0,P,CHEV,LUM,4D,96,17,3330,,0,1075,,G,,0,0,000000000,00000000000,0,0,0,1,0,0,0,0,0,0,0,998,0,0,0,12,12,2,3,8,0,0,0,1,47,37305,6,1,0,0,3,2,63,135,1,0,0,0,0,11,2009,11,2009,0,4,74,0,0,1,2,25,3,5,2,1,0,0,14,80,1,1,1,13,0,0
47,470033,1,2,2,25,1,8,25,12,7,1,0,47,1,12,3,12003,2,2003,1FAFP40473F4,1,F,A,F,P,4,0,4,7,3,F,4,0,P,FORD,MUS,CP,3,17,3114,,0,1013,,G,,0,0,000000000,00000000000,0,0,0,1,0,0,0,0,0,0,0,998,0,0,0,7,7,4,1,12,0,0,0,1,47,37172,6,1,0,0,3,0,68,150,0,0,0,0,0,0,0,0,0,0,0,0,0,0,2,2,70,1,1,2,1,0,0,1,61,1,1,1,45,0,0
47,470033,2,2,1,25,1,8,25,12,7,1,0,47,1,37,402,37402,14,2001,JHLRD18631C0,J,H,L,R,D,1,8,6,3,1,C,0,0,P,HOND,CRV,UT,1,17,3245,,0,1032,,G,,0,0,000000000,00000000000,0,0,0,1,0,0,0,0,0,0,0,998,0,0,0,5,98,6,2,42,0,0,0,1,47,37072,6,1,0,0,3,1,67,190,0,0,0,0,0,0,0,0,0,0,36,0,0,0,2,2,70,1,1,2,1,0,0,1,11,1,2,2,44,1,0
47,470034,1,2,1,26,1,8,2,12,6,1,0,93,3,87,881,87881,66,2006,1XP7DB9X56D6,1,X,P,7,D,B,9,X,5,6,D,6,1,T,PTRB,387,DS,6,17,,8,0,0,CON,D,,1,57,822718,57822718,3,6,3,1,0,0,0,0,0,0,0,998,0,0,0,8,8,2,3,12,0,0,0,1,13,31061,6,1,6,0,3,0,71,220,98,1,0,1,1,7,2007,8,2009,0,38,0,0,0,1,2,45,1,5,2,1,0,0,11,8,1,1,2,82,0,0
47,470034,2,2,1,26,1,8,2,12,6,1,0,47,1,18,7,18007,4,2003,2G4WS52J0312,2,G,4,W,S,5,2,J,0,3,1,2,0,P,BUIC,CCU,4D,3,17,3368,,0,1090,,G,,0,0,000000000,00000000000,0,0,0,1,0,0,0,0,0,0,0,998,1,0,0,12,12,6,2,12,0,0,0,1,47,37921,6,1,0,0,3,0,70,160,0,0,0,0,0,0,0,0,0,0,0,0,0,0,1,2,45,1,1,2,1,0,0,1,72,1,1,1,83,1,0
47,470035,1,1,1,12,1,10,34,30,0,1,0,47,1,7,442,7442,20,1998,2B4FP2534WR8,2,B,4,F,P,2,5,3,4,W,R,8,0,P,DODG,CAR,SV,98,17,3428,,0,1133,,G,,0,0,000000000,00000000000,0,0,0,1,0,0,0,0,0,0,0,998,0,0,0,12,98,6,2,30,0,0,0,1,47,37721,6,1,0,0,3,0,74,200,0,0,0,0,0,0,0,0,0,0,99,99,99,99,1,2,50,3,1,2,2,0,0,14,13,1,1,4,1,1,0
47,470036,1,2,1,29,1,7,0,12,2,1,0,47,2,49,40,49040,4,2003,4T1BE32K53U1,4,T,1,B,E,3,2,K,5,3,U,1,0,P,TOYT,UXS,4D,3,17,2993,,0,1071,,G,,0,0,000000000,00000000000,0,0,0,1,0,0,0,0,0,0,0,998,0,0,0,12,98,6,2,12,0,0,0,1,47,37660,6,2,0,0,3,0,71,210,0,0,0,0,0,0,0,0,0,0,0,0,0,0,2,2,55,1,1,2,1,0,0,1,54,1,1,1,50,0,0
47,470036,2,2,1,29,1,7,0,12,2,1,0,47,2,52,37,52037,3,1999,4A3AK34Y0XE0,4,A,3,A,K,3,4,Y,0,X,E,0,0,P,MITS,ERS,2H,99,17,2754,,0,988,,G,,0,0,000000000,00000000000,0,0,0,1,0,0,0,0,0,0,0,998,0,0,0,12,98,6,2,12,0,0,0,1,47,37660,6,1,0,0,3,0,68,200,0,0,0,0,0,0,0,0,0,0,28,0,0,0,2,2,55,1,1,2,1,0,0,1,10,1,1,2,51,1,0
47,470037,1,3,1,31,1,11,47,12,7,1,0,47,1,23,481,23481,31,1993,2GTEC19KXP15,2,G,T,E,C,1,9,K,X,P,1,5,0,T,GMC,SC1,PC,93,17,,2,1555,1415,SIE,G,,0,0,000000000,00000000000,0,0,0,1,0,0,0,0,0,0,0,998,0,0,0,83,98,2,1,8,0,0,0,1,47,37616,6,1,0,0,3,1,71,190,0,0,0,0,0,0,0,0,0,0,87,0,0,0,1,2,45,3,6,2,4,0,0,2,50,8,1,2,48,0,0
47,470037,2,3,3,31,1,11,47,12,7,1,0,47,6,12,401,12401,14,2000,1FMZU73E6YUA,1,F,M,Z,U,7,3,E,6,Y,U,A,0,P,FORD,EPR,UT,0,17,4106,,0,1116,,G,,0,0,000000000,00000000000,0,0,0,1,0,0,0,0,0,0,0,0,0,0,0,63,63,2,3,12,0,0,0,0,,,,,,,,,999,,,,,,,,,,,,20,0,0,0,1,2,45,3,6,2,4,0,0,0,53,0,0,0,48,0,0
47,470037,3,3,1,31,1,11,47,12,7,1,0,47,1,20,481,20481,31,2002,1GCGK13U72F1,1,G,C,G,K,1,3,U,7,2,F,1,0,T,CHEV,1KH,CW,2,17,,2,0,1530,SIL,G,,0,0,000000000,00000000000,0,0,0,1,0,0,0,0,0,0,0,0,0,0,0,63,63,2,1,12,0,0,0,1,47,37660,6,1,0,0,3,1,68,165,0,0,0,0,0,0,0,0,0,0,54,84,0,0,1,2,45,3,6,2,4,0,0,7,52,1,1,1,98,0,0
47,470038,1,5,1,24,1,4,8,39,0,1,0,18,3,85,881,85881,66,2010,1XKAD49X1AJ2,1,X,K,A,D,4,9,X,1,A,J,2,1,T,KW,T60,TR,10,17,,8,2600,1600,CON,D,,1,57,579202,57579202,3,6,1,1,0,0,0,0,0,0,0,998,0,0,0,82,98,6,2,39,0,0,0,1,36,11746,6,1,6,0,3,0,66,999,0,0,0,0,1,5,2007,5,2007,0,28,0,0,0,3,2,70,3,6,2,2,0,0,14,12,7,1,4,6,0,0
47,470038,2,5,1,24,1,4,8,39,0,1,0,39,3,82,883,82883,66,2005,1FUJA6CK85LU,1,F,U,J,A,6,C,K,8,5,L,U,1,T,FRHT,COL,TR,5,17,,8,0,0,CON,D,,1,57,103966,57103966,3,6,1,1,0,0,0,0,0,0,0,998,0,0,0,12,98,6,2,39,0,0,0,1,39,44039,6,1,6,0,3,1,70,215,0,0,0,0,0,0,0,0,0,0,28,0,0,0,3,2,70,3,6,2,2,0,0,14,11,1,1,4,98,1,0
47,470038,3,5,2,24,1,4,8,39,0,1,0,47,1,20,23,20023,6,2008,3GNDA13D18S6,3,G,N,D,A,1,3,D,1,8,S,6,0,P,CHEV,HHR,UT,8,17,3155,,0,1035,,G,,0,0,000000000,00000000000,0,0,0,1,0,0,0,0,0,0,0,998,0,0,0,12,98,6,2,12,0,0,0,1,47,37355,6,1,0,0,3,0,70,205,0,0,0,1,0,11,2009,11,2009,0,28,0,0,0,3,2,70,3,6,2,2,0,0,14,11,1,1,2,98,0,0
47,470038,4,5,1,24,1,4,8,39,0,1,0,47,1,35,481,35481,31,2008,1N6BA07C88N3,1,N,6,B,A,0,7,C,8,8,N,3,0,T,NISS,TXP,CW,8,17,,2,0,1398,TTN,F,,0,0,000000000,00000000000,0,0,0,1,0,0,0,0,0,0,0,998,0,0,0,1,98,6,2,39,0,0,0,1,47,37086,2,1,0,0,2,0,72,210,1,1,1,0,0,5,2009,11,2009,0,28,0,0,0,3,2,70,3,6,2,2,0,0,14,11,1,1,4,98,0,0
47,470038,5,5,1,24,1,4,8,39,0,1,0,39,3,82,883,82883,66,2003,1FUJA6CG53LK,1,F,U,J,A,6,C,G,5,3,L,K,1,T,FRHT,COL,TR,3,17,,8,0,0,CON,D,,1,57,422561,57422561,3,6,2,1,0,0,0,0,0,0,0,998,0,0,0,82,98,6,2,39,0,0,0,1,39,45011,6,1,6,0,3,0,70,200,2,0,0,0,1,8,2007,12,2007,0,28,0,0,0,3,2,70,3,6,2,2,0,0,14,11,1,1,4,98,0,0
47,470039,1,1,1,31,1,13,19,8,0,1,0,47,2,12,4,12004,2,1990,1FAPP6042LH2,1,F,A,P,P,6,0,4,2,L,H,2,0,P,FORD,THU,2D,90,17,3581,,0,1130,,G,,0,0,000000000,00000000000,0,0,0,1,0,0,0,0,0,0,0,998,0,0,0,14,14,0,3,8,0,0,0,1,47,37920,1,1,0,0,2,2,69,150,0,0,0,0,0,0,0,0,0,0,74,92,0,0,1,2,30,1,1,2,2,0,0,1,85,6,1,1,13,0,0
47,470040,1,1,1,1,1,2,47,42,0,1,0,47,1,35,47,35047,4,2005,1N4AL11D95N4,1,N,4,A,L,1,1,D,9,5,N,4,0,P,NISS,ASL,4D,5,17,2915,,0,1102,,G,,0,0,000000000,00000000000,0,0,0,1,0,0,0,0,0,0,0,998,0,0,0,12,98,6,2,42,0,0,1,1,47,38305,6,1,0,0,3,0,71,175,1,0,0,1,0,11,2007,8,2008,1,99,99,99,99,1,2,40,1,2,2,1,0,0,1,6,1,1,4,1,1,0
47,470041,1,2,1,27,1,14,44,12,6,1,0,47,2,35,47,35047,4,2009,1N4AL21EX9C1,1,N,4,A,L,2,1,E,X,9,C,1,0,P,NISS,ATS,4D,9,17,3179,,0,1093,,G,,0,0,000000000,00000000000,0,0,0,1,0,0,0,0,0,0,0,998,0,0,0,12,12,6,2,12,0,0,0,1,47,37725,6,1,0,0,3,0,70,248,0,0,0,1,0,5,2009,5,2009,0,39,0,0,0,2,2,40,1,1,2,1,2,3,1,17,1,1,2,73,0,0
47,470041,2,2,2,27,1,14,44,12,6,1,0,47,1,12,4,12004,2,1996,1FALP6248TH1,1,F,A,L,P,6,2,4,8,T,H,1,0,P,FORD,THL,2D,96,17,3561,,0,1130,,G,,0,0,000000000,00000000000,0,0,0,1,0,0,0,0,0,0,0,998,0,0,0,82,98,6,2,12,0,0,0,1,47,37814,6,1,0,0,3,0,68,210,0,0,0,0,0,0,0,0,0,0,0,0,0,0,2,2,40,1,1,2,1,2,3,11,66,1,1,2,72,1,0
47,470042,1,1,1,1,1,20,33,38,0,1,0,47,2,62,421,62421,15,1999,SALPV1441XA4,S,A,L,P,V,1,4,4,1,X,A,4,0,T,LNDR,HSE,4W,99,17,,2,0,1081,RRV,G,,0,0,000000000,00000000000,0,0,0,1,0,0,0,0,0,0,0,998,0,0,0,12,98,6,2,35,0,0,0,1,42,37660,1,1,0,0,2,2,70,999,0,0,0,0,0,0,0,0,0,1,74,0,0,0,1,2,35,2,1,2,1,0,0,14,6,1,1,4,6,1,0
47,470043,1,1,1,11,1,0,37,25,0,1,0,47,1,7,472,7472,30,1999,1B7GG22Y3XS2,1,B,7,G,G,2,2,Y,3,X,S,2,0,T,DODG,DAK,PC,99,17,,1,0,1309,DAK,G,,0,0,000000000,00000000000,0,0,0,1,0,0,0,0,0,0,0,69,0,1,1,11,98,6,2,1,0,0,0,1,47,37211,1,1,0,0,2,9,73,160,0,0,0,0,0,0,0,0,0,0,28,0,0,0,3,6,70,1,2,2,1,0,0,1,8,8,1,4,6,1,0
47,470044,1,1,1,1,1,20,29,30,0,1,0,47,2,22,2,22002,4,1998,1G2HX52K5W42,1,G,2,H,X,5,2,K,5,W,4,2,0,P,PONT,BVS,4D,98,17,3487,,0,1108,,G,,0,0,000000000,00000000000,0,0,0,1,0,0,0,0,0,0,0,998,0,0,0,9,98,6,2,30,0,0,0,1,47,38012,6,1,0,0,3,0,72,185,0,0,0,0,0,0,0,0,0,0,51,0,0,0,1,2,30,1,1,2,1,0,0,1,8,1,1,4,6,1,1
47,470045,1,2,1,6,1,12,56,12,6,1,0,47,2,20,37,20037,4,2006,1G1ZT51896F1,1,G,1,Z,T,5,1,8,9,6,F,1,0,P,CHEV,MLT,4D,6,17,3316,,0,1063,,G,,0,0,000000000,00000000000,0,0,0,1,0,0,0,0,0,0,0,998,0,0,0,11,98,6,2,12,0,0,0,1,47,38237,6,1,0,0,3,0,80,235,0,0,0,0,0,0,0,0,0,0,28,36,0,0,2,2,45,1,1,2,1,0,0,1,8,1,1,2,64,1,0
47,470045,2,2,1,6,1,12,56,12,6,1,0,93,3,85,881,85881,66,2003,1XKWD69X43J7,1,X,K,W,D,6,9,X,4,3,J,7,1,T,KW,W90,TR,3,17,,8,2850,1600,CON,D,,1,57,343711,57343711,3,6,3,1,0,0,0,0,0,0,0,998,0,0,0,9,98,4,3,12,0,0,0,1,42,17316,6,1,6,0,3,0,68,999,0,0,0,0,0,0,0,0,0,0,0,0,0,0,1,2,45,1,1,2,1,0,0,1,54,1,1,1,65,0,0
47,470046,1,1,2,1,2,14,35,42,0,1,0,47,2,20,471,20471,30,1984,1GCBS14B3E81,1,G,C,B,S,1,4,B,3,E,8,1,0,T,CHEV,S14,PK,84,17,,1,1229,1083,S,G,,0,0,000000000,00000000000,0,0,0,1,0,0,0,0,0,0,0,998,0,0,0,12,98,6,2,42,0,0,0,1,47,37036,6,1,0,0,3,0,72,221,1,0,0,0,0,2,2009,2,2009,0,99,99,99,99,1,2,55,3,1,2,1,0,0,14,13,3,1,4,1,1,0
47,470047,1,1,1,1,2,13,50,52,0,1,0,47,1,18,7,18007,4,1988,1G4AL5130JT4,1,G,4,A,L,5,1,3,0,J,T,4,0,P,BUIC,CLM,4D,88,17,2687,,0,1049,,G,,0,0,000000000,00000000000,0,0,0,1,0,0,0,0,0,0,0,998,0,1,1,82,82,6,2,1,0,0,0,1,47,37334,6,1,0,0,3,0,73,174,0,0,0,0,0,0,0,0,0,0,99,99,99,99,1,2,55,2,1,2,1,0,0,14,13,1,1,4,1,1,0
47,470048,1,2,1,1,2,18,0,12,8,1,0,47,1,55,35,55035,4,1997,KMHJF24M4VU3,K,M,H,J,F,2,4,M,4,V,U,3,0,P,HYUN,ELA,4D,97,17,2458,,0,1004,,G,,0,0,000000000,00000000000,0,0,0,1,0,0,0,0,0,0,0,998,0,0,0,62,62,6,2,12,0,0,0,1,47,37110,6,1,0,0,3,1,72,160,0,0,0,0,0,0,0,0,0,0,28,51,0,0,1,2,55,1,1,2,1,0,0,1,10,1,1,2,64,1,1
47,470048,2,2,2,1,2,18,0,12,8,1,0,47,1,13,1,13001,4,1996,1LNLM97V5TY6,1,L,N,L,M,9,7,V,5,T,Y,6,0,P,LINC,CDS,4D,96,17,3881,,0,1090,,G,,0,0,000000000,00000000000,0,0,0,1,0,0,0,0,0,0,0,998,0,0,0,62,62,6,2,12,0,0,0,1,47,37110,6,1,0,0,3,1,64,230,0,0,0,0,0,0,0,0,0,0,0,0,0,0,1,2,55,1,1,2,1,0,0,1,54,7,1,2,65,0,0
47,470049,1,1,1,1,2,14,5,30,0,1,0,47,1,63,31,63031,4,1999,KNAFB1217X57,K,N,A,F,B,1,2,1,7,X,5,7,0,P,KIA,SPL,4D,99,17,2478,,0,1008,,G,,0,0,000000000,00000000000,0,0,0,1,0,0,0,0,0,0,0,998,0,0,0,61,61,6,2,30,0,0,0,1,47,37763,6,1,0,0,3,0,71,190,0,0,0,0,0,0,0,0,0,0,28,58,0,0,1,2,35,1,1,2,2,0,0,1,13,6,4,4,2,1,1
47,470050,1,1,1,1,2,99,99,35,0,1,0,47,1,37,33,37033,2,1993,JHMBB2155PC0,J,H,M,B,B,2,1,5,5,P,C,0,0,P,HOND,SSR,CP,93,17,2866,,0,1004,,G,,0,0,000000000,00000000000,0,0,0,1,0,0,0,0,0,0,0,998,0,0,0,12,98,6,2,3,0,0,0,1,47,37058,6,1,0,0,3,1,69,165,2,0,0,3,0,10,2007,7,2009,1,99,99,99,99,2,3,45,1,1,2,99,98,3,1,6,1,1,4,1,1,0
47,470051,1,2,1,3,2,16,7,12,2,1,0,47,1,2,404,2404,14,1997,1J4GZ78Y7VC5,1,J,4,G,Z,7,8,Y,7,V,C,5,0,T,JEEP,L/O,4W,97,17,,1,0,1059,GCK,G,,0,0,000000000,00000000000,0,0,0,1,0,0,0,0,0,0,0,998,0,1,1,12,98,6,2,1,0,0,0,1,47,37656,6,1,0,0,3,0,60,145,0,0,0,0,0,0,0,0,0,0,28,51,0,0,2,2,55,3,1,2,1,0,0,14,10,1,1,2,50,0,0
47,470051,2,2,1,3,2,16,7,12,2,1,0,47,1,35,32,35032,2,1997,1N4AB42D5VC5,1,N,4,A,B,4,2,D,5,V,C,5,0,P,NISS,2SE,CP,97,17,2252,,0,998,,G,,0,0,000000000,00000000000,0,0,0,1,0,0,0,0,0,0,0,998,0,0,0,12,12,6,2,2,0,0,1,1,47,37642,6,1,0,0,3,0,71,220,0,0,0,0,0,0,0,0,0,0,0,0,0,0,2,2,55,3,1,2,1,0,0,14,62,6,1,2,51,1,0
47,470052,1,2,2,3,2,18,20,8,0,1,0,47,1,20,2,20002,4,2004,2G1WF52E1491,2,G,1,W,F,5,2,E,1,4,9,1,0,P,CHEV,IMP,4D,4,17,3389,,0,1105,,G,,0,0,000000000,00000000000,0,0,0,1,0,0,0,0,0,0,0,998,0,0,0,62,62,2,1,8,0,0,0,1,47,38305,6,1,0,0,3,0,71,300,0,0,0,0,0,0,0,0,0,0,92,0,0,0,1,4,30,1,1,2,1,0,0,1,80,1,1,1,13,0,0
47,470052,2,2,1,3,2,18,20,8,0,1,0,47,1,35,39,35039,4,1995,JN1CA21D6ST0,J,N,1,C,A,2,1,D,6,S,T,0,0,P,NISS,MGS,4D,95,17,2886,,0,1063,,G,,0,0,000000000,00000000000,0,0,0,1,0,0,0,0,0,0,0,998,0,0,0,12,12,2,1,8,0,0,0,1,47,38075,6,1,0,0,3,0,69,170,0,0,0,0,0,0,0,0,0,0,0,0,0,0,1,4,30,1,1,2,1,0,0,1,80,1,1,1,98,0,0
47,470053,1,2,2,4,2,12,15,12,6,1,0,47,1,7,25,7025,5,2008,1B3HB28B28D7,1,B,3,H,B,2,8,B,2,8,D,7,0,P,DODG,CLB,4D,8,17,2966,,0,1037,,G,,0,0,000000000,00000000000,0,0,0,1,0,0,0,0,0,0,0,998,0,0,0,1,98,6,2,12,0,0,0,1,47,37172,6,1,0,0,3,0,69,175,0,0,0,0,0,0,0,0,0,0,38,0,0,0,4,2,35,3,5,2,1,20,3,15,11,1,1,2,46,1,0
47,470053,2,2,1,4,2,12,15,12,6,1,0,47,1,12,18,12018,3,1990,1ZVPT21U6L52,1,Z,V,P,T,2,1,U,6,L,5,2,0,P,FORD,PLX,2H,90,17,2970,,0,990,,G,,0,0,000000000,00000000000,0,0,0,1,0,0,0,0,0,0,0,998,0,0,0,11,98,6,2,12,0,0,0,1,47,37148,6,1,0,0,3,0,68,150,1,0,0,0,0,3,2008,3,2008,0,0,0,0,0,1,2,55,1,5,2,1,0,0,1,65,7,1,2,45,0,0
47,470054,1,1,1,2,2,13,3,30,0,1,0,47,1,37,402,37402,14,2001,JHLRD18711S0,J,H,L,R,D,1,8,7,1,1,S,0,0,P,HOND,CRV,UT,1,17,3254,,0,1032,,G,,0,0,000000000,00000000000,0,0,0,1,0,0,0,0,0,0,0,998,0,1,5,12,98,6,2,1,0,0,0,1,47,38002,6,1,0,0,3,0,66,170,0,0,0,0,1,11,2008,11,2008,0,58,0,0,0,1,2,35,1,1,2,1,0,0,1,13,1,1,4,1,1,1
47,470055,1,2,1,6,2,18,51,12,6,1,0,47,1,52,401,52401,14,2003,JA4LS21H03J0,J,A,4,L,S,2,1,H,0,3,J,0,0,P,MITS,MNS,UT,3,17,3835,,0,1073,,G,,0,0,000000000,00000000000,0,0,0,1,0,0,0,0,0,0,0,998,0,0,0,12,12,6,2,12,0,0,0,1,47,37762,6,1,0,0,3,0,72,180,0,0,0,0,0,0,0,0,0,0,28,36,0,0,2,2,70,1,6,2,2,0,0,1,8,1,1,2,64,1,0
47,470055,2,2,1,6,2,18,51,12,6,1,0,45,1,23,421,23421,15,2001,1GKEK63U61J3,1,G,K,E,K,6,3,U,6,1,J,3,0,T,GMC,DEN,4W,1,17,,2,0,0,DEN,G,,0,0,000000000,00000000000,0,0,0,1,0,0,0,0,0,0,0,998,0,0,0,62,62,6,2,12,0,0,0,1,45,29615,6,1,0,0,3,0,74,180,0,0,0,0,0,0,0,0,0,1,0,0,0,0,2,2,70,1,5,2,2,0,0,1,54,1,1,1,65,1,0
47,470056,1,1,1,5,2,23,15,52,0,1,0,47,1,49,472,49472,30,1995,TNVIN0702226,T,N,V,I,N,0,7,0,2,2,2,6,0,U,,,,2,17,,,,,,,,0,0,000000000,00000000000,0,0,0,1,0,0,0,0,0,0,0,998,0,1,5,82,98,6,2,1,0,0,0,1,47,38067,1,1,0,0,2,1,82,155,0,1,0,0,0,9,2009,9,2009,0,36,0,0,0,1,2,55,2,1,2,1,0,0,14,12,1,1,4,6,1,1
47,470057,1,1,1,29,1,12,45,34,0,1,0,47,3,20,461,20461,21,1999,1GCHG35R5X10,1,G,C,H,G,3,5,R,5,X,1,0,0,T,CHEV,EX3,CG,99,17,,2,0,1350,EXP,G,,0,0,000000000,00000000000,0,0,0,1,0,0,0,0,0,0,0,998,0,1,5,1,98,6,2,1,0,0,0,1,47,38012,6,1,0,0,3,0,68,198,0,0,0,0,0,0,0,0,0,0,99,99,99,99,1,2,55,1,1,2,3,0,0,1,13,1,1,4,1,1,0
47,470058,1,1,1,6,2,21,0,42,0,1,0,47,1,20,401,20401,14,2001,1GNDT13W8121,1,G,N,D,T,1,3,W,8,1,2,1,0,P,CHEV,BZR,UT,1,17,4133,,0,1070,,G,,0,0,000000000,00000000000,0,0,0,1,0,0,0,0,0,0,0,998,0,0,0,13,98,6,2,42,0,0,0,1,47,37620,6,1,0,0,3,0,70,170,0,0,0,0,0,0,0,0,0,0,99,99,99,99,1,2,55,1,4,2,1,0,0,1,13,1,1,4,1,1,1
47,470059,1,1,1,7,2,4,30,33,0,1,0,47,1,53,40,53040,5,2008,JS2YC4155851,J,S,2,Y,C,4,1,5,5,8,5,1,0,P,SUZI,SX2,4D,8,17,2668,,0,984,,G,,0,0,000000000,00000000000,0,0,0,1,0,0,0,0,0,0,0,998,0,1,1,14,98,6,2,1,0,0,1,1,47,38382,6,1,0,0,3,0,67,160,1,0,0,1,0,9,2007,7,2008,1,99,99,99,99,5,4,55,1,6,2,1,0,0,1,12,1,1,5,6,1,1
47,470060,1,1,1,7,2,3,30,52,0,1,0,47,1,20,2,20002,4,1981,1G1AN69H4BJ1,1,G,1,A,N,6,9,H,4,B,J,1,0,P,CHEV,CCL,4D,81,17,3363,,0,1160,,G,,0,0,000000000,00000000000,0,0,0,1,0,0,0,0,0,0,0,998,0,1,1,3,98,6,2,1,0,0,0,1,47,38012,2,1,0,0,2,0,68,155,0,4,1,0,1,11,2008,12,2008,1,28,58,0,0,1,2,55,3,3,2,1,0,0,14,13,6,4,4,2,1,1
47,470061,1,1,1,7,2,4,37,34,0,1,0,47,2,7,11,7011,4,1986,1B3BD36K7GF2,1,B,3,B,D,3,6,K,7,G,F,2,0,P,DODG,ARS,4D,86,17,2400,,0,1003,,G,,0,0,000000000,00000000000,0,0,0,1,0,0,0,0,0,0,0,998,0,0,0,62,98,6,2,42,0,0,0,1,47,38375,6,1,0,0,3,1,63,118,0,2,1,0,0,6,2007,9,2007,0,99,99,99,99,1,3,30,1,6,2,1,0,0,1,12,7,2,4,7,1,0
47,470062,1,1,2,7,2,19,22,32,0,1,0,47,1,19,14,19014,4,1999,1G6KY5492XU9,1,G,6,K,Y,5,4,9,2,X,U,9,0,P,CADI,STS,4D,99,17,4001,,0,1122,,G,,0,0,000000000,00000000000,0,0,0,1,0,0,0,0,0,0,0,998,0,0,0,82,98,6,2,30,0,0,0,1,47,37110,6,1,0,0,3,0,63,120,0,0,0,0,0,0,0,0,0,0,36,0,0,0,1,2,30,1,6,2,1,0,0,1,13,1,1,4,1,1,1