STATE,ST_CASE,VEH_NO,VE_FORMS,NUMOCCS,DAY,MONTH,HOUR,MINUTE,HARM_EV,MAN_COLL,UNITTYPE,HIT_RUN,REG_STAT,OWNER,MAKE,MODEL,MAK_MOD,BODY_TYP,MOD_YEAR,VIN,VIN_1,VIN_2,VIN_3,VIN_4,VIN_5,VIN_6,VIN_7,VIN_8,VIN_9,VIN_10,VIN_11,VIN_12,TOW_VEH,VINTYPE,VINMAKE,VINA_MOD,VIN_BT,VINMODYR,VIN_LNGT,VIN_WGT,WGTCD_TR,WHLBS_LG,WHLBS_SH,SER_TR,FUELCODE,MCYCL_DS,J_KNIFE,MCARR_I1,MCARR_I2,MCARR_ID,GVWR,V_CONFIG,CARGO_BT,HAZ_INV,HAZ_PLAC,HAZ_ID,HAZ_CNO,HAZ_REL,BUS_USE,SPEC_USE,EMER_USE,TRAV_SP,UNDERIDE,ROLLOVER,ROLINLOC,IMPACT1,IMPACT2,DEFORMED,TOWED,M_HARM,VEH_SC1,VEH_SC2,FIRE_EXP,DR_PRES,L_STATE,DR_ZIP,L_STATUS,L_TYPE,CDL_STAT,L_ENDORS,L_COMPL,L_RESTRI,DR_HGT,DR_WGT,PREV_ACC,PREV_SUS,PREV_DWI,PREV_SPD,PREV_OTH,FIRST_MO,FIRST_YR,LAST_MO,LAST_YR,SPEEDREL,DR_SF1,DR_SF2,DR_SF3,DR_SF4,VTRAFWAY,VNUM_LAN,VSPD_LIM,VALIGN,VPROFILE,VPAVETYP,VSURCOND,VTRAFCON,VTCONT_F,P_CRASH1,P_CRASH2,P_CRASH3,PCRASH4,PCRASH5,ACC_TYPE,DEATHS,DR_DRINK
47,470097,1,1,1,24,2,22,40,8,0,1,0,47,2,12,13,12013,4,1995,3FASP13J4SR1,3,F,A,S,P,1,3,J,4,S,R,1,0,P,FORD,EST,4D,95,17,2404,,0,984,,G,,0,0,000000000,00000000000,0,0,0,1,0,0,0,0,0,0,0,998,0,0,0,12,98,6,2,8,0,0,0,1,47,37849,6,1,0,0,3,0,69,150,0,0,0,0,0,0,0,0,0,0,0,0,0,0,2,2,45,1,1,2,1,0,0,1,80,1,1,1,13,0,0
47,470098,1,3,1,27,2,17,22,35,0,1,0,47,1,20,32,20032,4,2001,1Y1SK52841Z4,1,Y,1,S,K,5,2,8,4,1,Z,4,0,P,CHEV,P/L,4D,1,17,2403,,0,971,,G,,0,0,000000000,00000000000,0,0,0,1,0,0,0,0,0,0,0,998,7,1,1,14,98,6,2,12,0,0,0,1,47,37701,6,1,0,0,3,0,69,170,0,0,0,2,1,9,2007,12,2007,0,28,0,0,0,2,2,50,1,1,2,1,0,0,1,10,1,1,4,98,0,1
47,470098,2,3,2,27,2,17,22,35,0,1,0,47,1,22,16,22016,2,1995,1G2JB1244S75,1,G,2,J,B,1,2,4,4,S,7,5,0,P,PONT,SFS,CP,95,17,2679,,0,1041,,G,,0,0,000000000,00000000000,0,0,0,1,0,0,0,0,0,0,0,998,1,0,0,13,98,6,2,12,0,0,0,1,47,37920,6,1,0,0,3,0,71,150,0,0,0,1,0,7,2007,7,2007,0,0,0,0,0,2,2,50,1,1,2,1,0,0,1,91,1,1,2,98,2,0
47,470098,3,3,6,27,2,17,22,35,0,1,0,47,1,12,481,12481,31,2006,1FTWX33P46EB,1,F,T,W,X,3,3,P,4,6,E,B,0,T,FORD,F3D,4C,6,17,,3,1580,1420,DRW,D,,0,0,000000000,00000000000,0,0,0,1,0,0,0,0,0,0,0,998,0,0,0,82,82,6,2,12,0,0,0,1,47,37804,6,1,0,0,3,1,70,255,0,0,0,0,0,0,0,0,0,0,0,0,0,0,2,2,50,1,1,2,1,0,0,1,91,1,1,2,98,0,0
47,470099,1,1,1,4,2,9,40,42,0,1,0,47,2,24,3,24003,6,1994,1G8ZK8574RZ3,1,G,8,Z,K,8,5,7,4,R,Z,3,0,P,STRN,SW2,SW,94,17,2382,,0,1024,,G,,0,0,000000000,00000000000,0,0,0,1,0,0,0,0,0,0,0,998,0,0,0,12,12,6,2,42,0,0,0,1,28,38834,6,1,0,0,3,0,66,150,0,0,0,0,0,0,0,0,0,0,99,99,99,99,1,2,55,3,6,2,2,0,0,14,13,1,1,4,1,1,0
47,470100,1,2,1,4,2,22,24,12,6,1,0,28,1,20,32,20032,4,1997,1Y1SK5265VZ4,1,Y,1,S,K,5,2,6,5,V,Z,4,0,P,GEO,GEP,4D,97,17,2360,,0,971,,G,,0,0,000000000,00000000000,0,0,0,1,0,0,0,0,0,0,0,998,1,0,0,82,98,6,2,12,0,0,0,1,28,38654,6,1,0,0,3,0,64,165,0,0,0,2,0,12,2007,8,2009,0,38,0,0,0,2,2,55,1,1,2,2,3,3,11,15,1,1,2,68,1,0
47,470100,2,2,1,4,2,22,24,12,6,1,0,28,3,51,881,51881,66,2009,4V4NC9EJ39N2,4,V,4,N,C,9,E,J,3,9,N,2,0,T,VOLV,VNL,DS,9,17,,8,0,0,VVN,D,,0,57,911405,57911405,3,5,96,1,0,0,0,0,0,0,0,998,7,0,0,12,12,6,2,12,0,0,0,1,28,38663,6,1,6,0,3,0,68,200,0,0,0,0,0,0,0,0,0,0,0,0,0,0,2,2,55,1,1,2,2,3,3,1,54,1,1,1,69,0,0
47,470102,1,1,1,1,3,7,34,8,0,1,0,47,3,98,988,98988,52,1999,2D9P21320X10,2,D,9,P,2,1,3,2,0,X,1,0,0,U,,,,99,17,,,,,,,,0,88,888888888,88888888888,3,21,22,1,0,0,0,0,7,0,0,998,0,0,0,11,11,2,3,8,0,0,0,1,47,37914,6,1,6,1,3,0,73,216,0,0,0,0,0,0,0,0,0,0,38,0,0,0,2,2,35,1,5,2,1,2,3,11,15,3,1,1,13,0,0
47,470103,1,1,1,3,3,11,40,42,0,1,0,47,1,37,32,37032,4,1998,1HGCG5646WA2,1,H,G,C,G,5,6,4,6,W,A,2,0,P,HOND,ULX,4D,98,17,2952,,0,1069,,G,,0,0,000000000,00000000000,0,0,0,1,0,0,0,0,0,0,0,998,0,0,0,12,98,6,2,2,0,0,1,1,47,37620,6,1,0,0,3,1,62,180,0,0,0,0,0,0,0,0,0,0,28,58,0,0,1,2,55,3,1,2,1,0,0,14,13,9,1,4,1,1,0
47,470104,1,1,1,6,3,16,25,1,0,1,0,92,0,98,739,98739,90,2004,4XAJD50A2425,4,X,A,J,D,5,0,A,2,4,2,5,0,M,POL,SP0,AT,4,17,,,,,,,499,0,0,000000000,00000000000,0,0,0,1,0,0,0,0,0,0,0,998,0,2,1,0,98,4,3,1,0,0,0,1,47,37849,6,1,0,0,3,1,72,180,0,0,0,0,0,0,0,0,0,0,18,24,52,0,1,2,98,1,5,2,1,0,0,1,8,1,1,3,98,1,1
47,470105,1,1,2,5,3,3,40,35,0,1,0,47,2,12,35,12035,4,1999,3FAFP6637XM1,3,F,A,F,P,6,6,3,7,X,M,1,0,P,FORD,CSE,4D,99,17,2774,,0,1065,,G,,0,0,000000000,00000000000,0,0,0,1,0,0,0,0,0,0,0,998,0,0,0,12,98,6,2,43,0,0,0,1,13,30309,1,1,0,0,2,0,75,225,98,2,0,0,0,3,2008,4,2009,0,99,99,99,99,1,2,55,3,5,2,1,40,3,14,13,1,1,4,1,1,0
47,470106,1,1,2,6,3,20,0,1,0,1,0,92,0,76,731,76731,90,2010,5YAM04Y94A00,5,Y,A,M,0,4,Y,9,4,A,0,0,0,U,,,,,17,,,,,,,,0,0,000000000,00000000000,0,0,0,1,0,0,0,0,0,0,0,998,0,2,1,0,98,4,4,1,0,0,0,1,47,38329,6,1,0,0,1,0,67,120,0,0,0,1,0,6,2008,6,2008,0,18,28,36,52,1,2,45,3,6,2,1,0,0,14,13,8,1,4,1,1,1
47,470107,1,2,1,8,3,5,26,12,1,1,0,47,2,35,47,35047,4,2008,1N4AL21EX8N4,1,N,4,A,L,2,1,E,X,8,N,4,0,P,NISS,ATS,4D,8,17,3028,,0,1093,,G,,0,0,000000000,00000000000,0,0,0,1,0,0,0,0,0,0,0,998,0,0,0,12,98,6,2,12,0,0,0,1,47,37356,6,1,0,0,3,0,60,170,0,0,0,0,0,0,0,0,0,0,26,0,0,0,2,2,70,1,1,2,1,0,0,1,52,2,1,1,28,0,0
47,470107,2,2,1,8,3,5,26,12,1,1,0,47,1,20,401,20401,14,1999,1GNDT13W1X21,1,G,N,D,T,1,3,W,1,X,2,1,0,P,CHEV,BZR,UT,99,17,4023,,0,1070,,G,,0,0,000000000,00000000000,0,0,0,1,0,0,0,0,0,0,0,998,0,1,5,6,98,6,2,1,0,0,0,1,47,37375,6,1,0,0,3,1,72,205,0,0,0,0,0,0,0,0,0,0,0,0,0,0,2,2,70,1,1,2,1,0,0,2,18,2,1,1,31,1,0
47,470108,1,2,1,6,3,17,34,12,2,1,0,47,2,72,706,72706,80,2000,1HD4CJM12YK1,1,H,D,4,C,J,M,1,2,Y,K,1,0,M,HD,L8C,RS,0,17,,,,,,,883,0,0,000000000,00000000000,0,0,0,1,0,0,0,0,0,0,0,998,0,0,0,12,12,6,2,12,0,0,0,1,47,37022,6,1,0,0,2,0,64,100,0,0,0,0,0,0,0,0,0,0,28,52,0,0,1,2,55,1,1,2,1,0,0,1,10,1,1,2,50,1,0
47,470108,2,2,1,6,3,17,34,12,2,1,0,47,2,20,481,20481,31,1985,1GCCC14H1FS1,1,G,C,C,C,1,4,H,1,F,S,1,0,T,CHEV,C10,PK,85,17,,1,1315,1175,C10,G,,0,0,000000000,00000000000,0,0,0,1,0,0,0,0,0,0,0,998,0,0,0,12,98,6,2,12,0,0,0,1,47,37186,6,1,6,0,3,0,69,205,0,2,0,1,1,6,2008,6,2009,0,0,0,0,0,1,2,55,1,1,2,1,0,0,1,54,1,1,1,51,0,0
47,470109,1,2,1,6,3,11,42,12,6,1,0,47,1,20,2,20002,4,1991,1G1BL53E5MW1,1,G,1,B,L,5,3,E,5,M,W,1,0,P,CHEV,CAP,4D,91,17,3666,,0,1159,,G,,0,0,000000000,00000000000,0,0,0,1,0,0,0,0,0,0,0,998,0,0,0,62,98,6,2,12,0,0,0,1,47,37814,6,1,0,0,3,3,66,136,0,0,0,0,0,0,0,0,0,0,48,0,0,0,6,1,40,1,5,2,1,0,0,12,15,1,1,1,98,1,0
47,470109,2,2,3,6,3,11,42,12,6,1,0,47,1,7,482,7482,31,2001,1B7HF13Z51J2,1,B,7,H,F,1,3,Z,5,1,J,2,0,T,DODG,Q15,4C,1,17,,2,1547,1387,RPC,G,,0,0,000000000,00000000000,0,0,0,1,0,0,0,0,0,0,0,998,0,0,0,12,12,6,2,12,0,0,0,1,47,37745,6,1,0,0,3,0,66,297,0,0,0,0,0,0,0,0,0,0,0,0,0,0,1,4,40,1,5,2,1,0,0,1,65,9,1,2,98,0,0
47,470110,1,1,2,10,3,8,45,42,0,1,0,47,1,20,481,20481,31,1999,1GCEK14T1XE2,1,G,C,E,K,1,4,T,1,X,E,2,0,T,CHEV,SK1,PK,99,17,,2,1330,1190,SIL,G,,0,0,000000000,00000000000,0,0,0,1,0,0,0,0,0,0,0,998,0,0,0,61,98,6,2,42,0,0,0,1,47,38329,6,1,0,0,3,0,68,160,0,0,0,0,0,0,0,0,0,0,99,99,99,99,1,2,55,3,1,2,1,0,0,14,12,1,1,4,6,1,0
47,470111,1,2,2,1,2,13,13,12,6,1,0,47,1,20,403,20403,14,2007,1GNDS13SX722,1,G,N,D,S,1,3,S,X,7,2,2,0,P,CHEV,TRL,UT,7,17,4356,,0,1130,,G,,0,0,000000000,00000000000,0,0,0,1,0,0,0,0,0,0,0,998,0,0,0,61,98,6,2,12,0,0,0,1,47,37087,6,1,0,0,3,0,69,211,0,0,0,0,0,0,0,0,0,1,28,87,0,0,3,5,65,1,2,2,10,0,0,1,6,1,1,2,48,1,0
47,470111,2,2,1,1,2,13,13,12,6,1,0,45,1,12,481,12481,31,1997,1FTHX26F3VEA,1,F,T,H,X,2,6,F,3,V,E,A,0,T,FORD,F25,PS,97,17,,2,1550,1390,COF,D,,0,0,000000000,00000000000,0,0,0,1,0,0,0,0,0,0,0,60,0,0,0,12,98,6,2,12,0,0,0,1,45,37076,6,1,0,0,3,0,68,150,0,0,0,0,0,0,0,0,0,0,0,0,0,0,3,5,65,1,2,2,10,0,0,1,60,9,3,2,48,0,0
47,470112,1,2,1,15,2,6,54,25,0,1,0,47,1,12,3,12003,2,1991,1FACP40E3MF1,1,F,A,C,P,4,0,E,3,M,F,1,0,P,FORD,MLX,2D,91,17,2759,,0,1005,,G,,0,0,000000000,00000000000,0,0,0,1,0,0,0,0,0,0,0,998,0,0,0,8,98,6,2,12,0,0,0,1,47,37341,6,1,0,0,3,0,71,235,0,0,0,0,0,0,0,0,0,0,87,0,0,0,3,3,55,4,1,2,4,0,0,14,53,4,2,4,7,0,0
47,470112,2,2,1,15,2,6,54,25,0,1,0,47,2,2,404,2404,14,1995,1J4FX78S1SC5,1,J,4,F,X,7,8,S,1,S,C,5,0,T,JEEP,LMT,4W,95,17,,1,0,1059,GCK,G,,0,0,000000000,00000000000,0,0,0,1,0,0,0,0,0,0,0,998,0,2,1,0,13,6,2,12,0,0,0,1,47,37416,6,1,0,0,3,0,73,210,0,0,0,0,0,0,0,0,0,0,87,0,0,0,3,3,55,4,1,2,4,0,0,14,53,4,1,1,98,1,0
47,470113,1,1,1,17,2,17,17,8,0,1,0,47,2,20,431,20431,16,2002,3GNEC16ZX2G3,3,G,N,E,C,1,6,Z,X,2,G,3,0,P,CHEV,C15,UT,2,17,4914,,0,1300,,F,,0,0,000000000,00000000000,0,0,0,1,0,0,0,0,0,0,0,998,0,0,0,6,6,0,1,8,0,0,0,1,47,37407,6,1,0,0,3,0,66,190,0,0,0,0,0,0,0,0,0,0,92,0,0,0,4,1,0,1,1,2,1,0,0,13,80,1,1,1,98,0,0
47,470114,1,1,1,23,2,22,44,31,0,1,0,47,3,20,37,20037,4,2006,1G1ZS53856F2,1,G,1,Z,S,5,3,8,5,6,F,2,0,P,CHEV,M/L,4D,6,17,3296,,0,1063,,G,,0,0,000000000,00000000000,0,0,0,1,0,0,0,0,0,0,0,998,0,1,5,12,98,6,2,35,0,0,0,1,47,38134,6,1,0,0,3,0,68,170,0,1,0,0,1,6,2007,4,2008,1,36,58,0,0,3,3,45,3,1,2,1,0,0,14,8,1,1,4,6,1,0
47,470115,1,2,3,4,2,22,3,12,6,1,0,47,1,12,17,12017,4,2002,1FAFP53U92A2,1,F,A,F,P,5,3,U,9,2,A,2,0,P,FORD,TSE,4D,2,17,3355,,0,1085,,G,,0,0,000000000,00000000000,0,0,0,1,0,0,0,0,0,0,0,21,0,0,0,81,81,6,2,12,0,0,0,1,47,37087,6,1,0,0,3,1,65,195,0,0,0,0,0,0,0,0,0,0,38,0,0,0,1,4,40,4,2,2,2,3,3,11,15,1,1,1,68,1,0
47,470115,2,2,1,4,2,22,3,12,6,1,0,47,1,49,471,49471,30,1990,JT4RN01P4L70,J,T,4,R,N,0,1,P,4,L,7,0,0,T,TOYT,SWD,PK,90,17,,1,0,1030,HTP,G,,0,0,000000000,00000000000,0,0,0,1,0,0,0,0,0,0,0,60,0,0,0,12,12,6,2,12,0,0,0,1,47,37129,6,1,0,0,3,0,67,260,3,0,0,0,1,12,2007,7,2009,1,0,0,0,0,1,4,40,4,2,2,2,3,3,14,17,1,1,1,69,0,0
47,470116,1,1,1,24,2,2,35,8,0,1,1,47,1,12,481,12481,31,2003,1FTNW21LX3ED,1,F,T,N,W,2,1,L,X,3,E,D,0,T,FORD,F2S,CW,3,17,,2,1724,1562,SRW,G,,0,0,000000000,00000000000,0,0,0,1,0,0,0,0,0,0,0,998,0,0,0,12,98,6,2,8,0,0,0,1,47,37221,6,1,0,0,3,0,70,140,1,0,0,2,0,9,2007,2,2009,0,92,0,0,0,2,4,45,1,1,2,1,0,0,1,80,1,1,1,13,0,1
47,470117,1,1,1,22,2,7,13,42,0,1,0,47,1,22,441,22441,20,2005,1GMDV33L05D1,1,G,M,D,V,3,3,L,0,5,D,1,0,P,PONT,MON,SV,5,17,4376,1,0,1211,MON,G,,0,0,000000000,00000000000,0,0,0,1,0,0,0,0,0,0,0,998,0,0,0,12,12,6,2,42,0,0,0,1,47,37091,6,1,0,0,3,0,69,155,0,0,0,0,0,0,0,0,0,0,99,99,99,99,1,4,30,1,2,2,1,0,0,1,13,1,1,4,6,1,0
47,470118,1,2,1,24,2,18,5,12,6,1,0,47,1,35,47,35047,4,2005,1N4AL11D35C2,1,N,4,A,L,1,1,D,3,5,C,2,0,P,NISS,ASL,4D,5,17,2915,,0,1102,,G,,0,0,000000000,00000000000,0,0,0,1,0,0,0,0,0,0,0,998,0,0,0,82,98,6,2,12,0,0,0,1,47,37055,6,1,0,0,3,3,64,175,0,0,0,0,0,0,0,0,0,0,38,0,0,0,2,2,45,1,2,2,1,3,3,11,15,1,1,2,68,1,0
47,470118,2,2,1,24,2,18,5,12,6,1,0,47,1,7,482,7482,31,2004,3D7KU28C14G1,3,D,7,K,U,2,8,C,1,4,G,1,0,T,DODG,SQ2,CW,4,17,,2,1605,1405,RPC,D,,0,0,000000000,00000000000,0,0,0,1,0,0,0,0,0,0,0,998,0,0,0,12,12,6,2,12,0,0,0,1,47,37082,6,1,0,0,3,0,72,175,0,0,0,0,0,0,0,0,0,0,0,0,0,0,2,2,55,1,2,2,1,3,3,1,67,1,1,2,69,0,0
47,470119,1,1,5,17,2,20,5,11,0,1,0,47,1,34,35,34035,4,1991,WBAHD6317MBJ,W,B,A,H,D,6,3,1,7,M,B,J,0,P,BMW,A52,4D,91,17,3440,,0,1087,,G,,0,0,000000000,00000000000,0,0,0,1,0,0,0,0,0,0,0,49,0,0,0,12,98,6,2,11,0,0,0,1,47,37221,6,1,0,0,3,0,74,250,0,0,0,0,0,0,0,0,0,0,0,0,0,0,1,4,45,1,1,2,1,0,0,1,87,3,1,1,13,1,0
47,470120,1,1,2,5,3,22,48,24,0,1,0,47,2,34,35,34035,4,1997,WBADD6324VBW,W,B,A,D,D,6,3,2,4,V,B,W,0,P,BMW,52A,4D,97,17,3505,,0,1114,,G,,0,0,000000000,00000000000,0,0,0,1,0,0,0,0,0,0,0,100,0,1,5,11,98,6,2,25,0,0,0,1,13,30736,6,1,0,0,3,0,72,230,98,0,0,0,0,0,0,0,0,1,28,58,0,0,3,2,55,2,2,2,1,0,0,14,6,1,9,4,2,1,1
47,470121,1,1,1,5,3,15,29,42,0,1,0,47,2,72,706,72706,80,2007,1HD1CT3107K4,1,H,D,1,C,T,3,1,0,7,K,4,0,M,HD,20C,RS,7,17,,,,,,,1199,0,0,000000000,00000000000,0,0,0,1,0,0,0,0,0,0,0,998,0,0,0,12,98,6,2,42,0,0,0,1,47,37914,2,1,0,0,2,0,72,215,0,2,1,0,0,6,2007,7,2007,1,52,0,0,0,1,2,30,2,2,2,1,0,0,14,6,1,2,4,2,1,1
47,470122,1,1,1,13,3,16,50,34,0,1,0,47,1,2,403,2403,14,2000,1J4FA49S3YP7,1,J,4,F,A,4,9,S,3,Y,P,7,0,T,JEEP,SPW,2W,0,17,,1,0,934,W/T,G,,0,0,000000000,00000000000,0,0,0,1,0,0,0,0,0,0,0,998,0,1,5,12,98,6,2,1,0,0,0,1,47,37601,6,1,0,0,3,0,73,225,0,0,0,0,0,0,0,0,0,0,99,99,99,99,1,3,45,3,6,2,2,0,0,14,13,1,1,4,1,1,0
47,470123,1,1,1,13,3,1,35,32,0,1,0,47,2,52,37,52037,3,2003,4A3AC44G03E1,4,A,3,A,C,4,4,G,0,3,E,1,0,P,MITS,EGS,2H,3,17,2944,,0,1008,,G,,0,0,000000000,00000000000,0,0,0,1,0,0,0,0,0,0,0,998,0,1,5,99,98,6,2,1,0,0,0,1,47,37932,1,1,0,0,2,0,65,115,1,3,0,3,1,5,2007,7,2008,0,99,99,99,99,2,4,45,2,6,2,2,0,0,14,12,1,1,4,6,1,1
47,470124,1,1,2,17,3,9,22,42,0,1,0,39,1,22,18,22018,4,2003,1G2NW52E73M5,1,G,2,N,W,5,2,E,7,3,M,5,0,P,PONT,GAG,4D,3,17,3116,,0,1070,,G,,0,0,000000000,00000000000,0,0,0,1,0,0,0,0,0,0,0,998,0,0,0,62,98,6,2,42,0,0,0,1,39,44074,6,1,0,0,3,1,68,125,0,0,0,2,1,6,2007,2,2009,1,99,99,99,99,1,2,25,3,6,2,1,0,0,14,6,1,3,4,2,1,0
47,470125,1,1,1,11,3,16,31,53,0,1,0,47,1,41,35,41035,4,1989,JM1BF2226K03,J,M,1,B,F,2,2,2,6,K,0,3,0,P,MAZD,323,4D,89,17,2175,,0,945,,G,,0,0,000000000,00000000000,0,0,0,1,0,0,0,0,0,0,0,998,0,0,0,12,12,6,2,42,0,0,0,1,47,37101,6,1,0,0,3,3,72,200,0,0,0,0,0,0,0,0,0,0,99,99,99,99,5,4,45,1,1,2,1,0,0,1,13,1,1,4,1,1,1
47,470126,1,1,1,18,3,3,25,42,0,1,0,47,1,2,404,2404,14,1993,1J4FJ78SXPL5,1,J,4,F,J,7,8,S,X,P,L,5,0,T,JEEP,CTY,4W,93,17,,1,0,1014,CHK,G,,0,0,000000000,00000000000,0,0,0,1,0,0,0,0,0,0,0,998,0,0,0,12,98,6,2,2,0,0,1,1,47,37642,6,1,0,0,3,1,71,140,3,0,0,1,0,6,2009,11,2009,0,99,99,99,99,1,2,45,3,1,2,1,0,0,14,13,2,1,4,1,1,1
47,470127,1,2,1,10,3,17,27,12,1,1,0,47,1,12,3,12003,1,2008,1ZVHT82H5851,1,Z,V,H,T,8,2,H,5,8,5,1,0,P,FORD,MGT,CP,8,17,3450,,0,1071,,G,,0,0,000000000,00000000000,0,0,0,1,0,0,0,0,0,0,0,0,0,0,0,6,6,6,2,12,0,0,0,1,47,37355,6,1,0,0,3,0,70,160,0,0,0,1,0,4,2009,4,2009,0,0,0,0,0,1,5,40,1,1,2,1,0,0,11,15,1,1,1,22,0,0
47,470127,2,2,2,10,3,17,27,12,1,1,0,47,2,63,402,63402,14,2003,KNDJD7336350,K,N,D,J,D,7,3,3,6,3,5,0,0,P,KIA,SOR,UT,3,17,4057,,0,1067,,G,,0,0,000000000,00000000000,0,0,0,1,0,0,0,0,0,0,0,998,0,0,0,12,12,6,2,12,0,0,0,1,47,37342,2,1,0,0,2,3,70,170,1,0,0,0,0,11,2009,11,2009,0,36,0,0,0,1,5,40,1,1,2,1,0,0,1,10,1,1,2,20,1,0
47,470128,1,1,2,12,3,17,10,42,0,1,0,47,2,12,35,12035,4,1999,1FAFP6635XK1,1,F,A,F,P,6,6,3,5,X,K,1,0,P,FORD,CSE,4D,99,17,2774,,0,1065,,G,,0,0,000000000,00000000000,0,0,0,1,0,0,0,0,0,0,0,998,0,0,0,3,3,6,2,42,0,0,0,1,47,37664,6,7,0,0,3,0,64,140,0,0,0,0,0,0,0,0,0,0,99,99,99,99,2,2,70,1,1,2,1,0,0,1,12,2,2,4,7,1,0
47,470129,1,2,1,12,3,11,55,24,0,1,0,47,1,12,36,12036,3,1995,KNJLT05H1S61,K,N,J,L,T,0,5,H,1,S,6,1,0,P,FORD,ASP,2H,95,17,2004,,0,907,,G,,0,0,000000000,00000000000,0,0,0,1,0,0,0,0,0,0,0,998,0,0,0,82,98,6,2,24,0,0,0,1,47,37854,6,1,6,0,3,0,72,170,0,0,0,0,0,0,0,0,0,0,99,99,99,99,3,2,70,1,1,2,2,0,0,1,13,8,1,5,1,1,0
47,470129,2,2,1,12,3,11,55,24,0,1,0,93,3,85,881,85881,66,1993,1XKDDB9X9PJ5,1,X,K,D,D,B,9,X,9,P,J,5,1,T,KW,T80,DS,93,17,,8,2600,1600,CON,D,,1,57,0729506,570729506,3,6,1,1,0,0,0,0,0,0,0,998,0,0,0,12,12,6,2,12,0,0,0,1,47,38551,6,1,6,1,3,0,69,207,1,0,0,0,0,4,2008,4,2008,0,0,0,0,0,2,2,70,1,1,2,2,0,0,1,60,7,1,2,98,0,0
47,470130,1,1,1,13,3,1,57,34,0,1,0,47,1,23,431,23431,16,2001,1GKEC16T41J1,1,G,K,E,C,1,6,T,4,1,J,1,0,T,GMC,CX1,4W,1,17,,2,0,1300,YUK,G,,0,0,000000000,00000000000,0,0,0,1,0,0,0,0,0,0,0,998,0,1,5,12,98,6,2,1,0,0,0,1,47,37367,6,1,6,0,3,1,71,160,0,0,0,0,0,0,0,0,0,0,99,99,99,99,1,2,55,1,1,2,1,0,0,1,12,1,1,4,6,1,1
47,470131,1,2,1,13,3,15,35,12,2,1,0,47,1,12,471,12471,30,1998,1FTYR10C5WUC,1,F,T,Y,R,1,0,C,5,W,U,C,0,T,FORD,RNG,PK,98,17,,1,1175,1116,RNG,G,,0,0,000000000,00000000000,0,0,0,1,0,0,0,0,0,0,0,998,0,0,0,12,98,6,2,2,0,0,1,1,47,37381,6,1,0,0,3,0,71,170,0,0,0,0,0,0,0,0,0,0,28,0,0,0,1,2,55,1,1,2,2,0,0,1,11,1,1,2,50,1,0
47,470131,2,2,1,13,3,15,35,12,2,1,0,92,0,84,881,84881,63,1977,D0535GHA1924,D,0,5,3,5,G,H,A,1,9,2,4,0,P,,,,,,,,,,,,,0,88,888888888,88888888888,3,1,4,1,0,0,0,0,0,0,0,998,0,0,0,12,98,6,2,12,0,0,0,1,47,37381,6,1,8,2,2,0,71,160,0,0,0,0,0,0,0,0,0,0,92,0,0,0,1,2,55,1,1,2,2,0,0,1,54,9,1,1,51,0,0
47,470132,1,2,3,18,3,23,38,12,8,1,0,47,2,7,43,7043,4,1999,1B3EJ46X2XN6,1,B,3,E,J,4,6,X,2,X,N,6,0,P,DODG,STR,4D,99,17,2857,,0,1080,,G,,0,0,000000000,00000000000,0,0,0,1,0,0,0,0,0,0,0,998,0,0,0,82,98,6,2,12,0,0,0,1,47,38134,6,1,0,0,3,1,63,120,0,0,0,0,0,0,0,0,0,0,0,0,0,0,1,2,55,1,1,2,1,0,0,1,54,6,1,2,65,1,0
47,470132,2,2,2,18,3,23,38,12,8,1,0,47,1,20,37,20037,4,1999,1G1NE52M5X62,1,G,1,N,E,5,2,M,5,X,6,2,0,P,CHEV,M/L,4D,99,17,3077,,0,1070,,G,,0,0,000000000,00000000000,0,0,0,1,0,0,0,0,0,0,0,998,0,0,0,1,98,6,2,24,0,0,0,1,47,38019,6,1,0,0,3,0,64,156,0,2,0,1,0,4,2009,6,2009,0,28,0,0,0,1,2,55,1,1,2,1,0,0,1,11,1,1,2,64,0,0
47,470133,1,1,1,10,3,14,50,35,0,1,0,47,2,18,20,18020,4,1991,2G4WB54T1M18,2,G,4,W,B,5,4,T,1,M,1,8,0,P,BUIC,RGC,4D,91,17,3175,,0,1075,,G,,0,0,000000000,00000000000,0,0,0,1,0,0,0,0,0,0,0,998,0,1,5,12,98,6,2,1,0,0,0,1,47,37874,6,1,0,0,3,1,71,200,0,0,0,0,0,0,0,0,0,0,99,99,99,99,1,2,55,1,6,2,1,0,0,1,13,1,1,4,1,1,0
47,470134,1,1,5,14,3,14,45,1,0,1,0,47,2,38,402,38402,14,1996,4S2CK58VXT43,4,S,2,C,K,5,8,V,X,T,4,3,0,P,ISU,ROD,UT,96,17,0,,0,1087,,G,,0,0,000000000,00000000000,0,0,0,1,0,0,0,0,0,0,0,998,0,2,1,0,98,6,2,1,0,0,0,1,47,37686,6,1,0,0,3,3,67,200,0,0,0,0,0,0,0,0,0,0,28,58,92,0,1,2,45,3,3,2,1,0,0,14,8,6,4,6,98,1,0