STATE,ST_CASE,VEH_NO,VE_FORMS,NUMOCCS,DAY,MONTH,HOUR,MINUTE,HARM_EV,MAN_COLL,UNITTYPE,HIT_RUN,REG_STAT,OWNER,MAKE,MODEL,MAK_MOD,BODY_TYP,MOD_YEAR,VIN,VIN_1,VIN_2,VIN_3,VIN_4,VIN_5,VIN_6,VIN_7,VIN_8,VIN_9,VIN_10,VIN_11,VIN_12,TOW_VEH,VINTYPE,VINMAKE,VINA_MOD,VIN_BT,VINMODYR,VIN_LNGT,VIN_WGT,WGTCD_TR,WHLBS_LG,WHLBS_SH,SER_TR,FUELCODE,MCYCL_DS,J_KNIFE,MCARR_I1,MCARR_I2,MCARR_ID,GVWR,V_CONFIG,CARGO_BT,HAZ_INV,HAZ_PLAC,HAZ_ID,HAZ_CNO,HAZ_REL,BUS_USE,SPEC_USE,EMER_USE,TRAV_SP,UNDERIDE,ROLLOVER,ROLINLOC,IMPACT1,IMPACT2,DEFORMED,TOWED,M_HARM,VEH_SC1,VEH_SC2,FIRE_EXP,DR_PRES,L_STATE,DR_ZIP,L_STATUS,L_TYPE,CDL_STAT,L_ENDORS,L_COMPL,L_RESTRI,DR_HGT,DR_WGT,PREV_ACC,PREV_SUS,PREV_DWI,PREV_SPD,PREV_OTH,FIRST_MO,FIRST_YR,LAST_MO,LAST_YR,SPEEDREL,DR_SF1,DR_SF2,DR_SF3,DR_SF4,VTRAFWAY,VNUM_LAN,VSPD_LIM,VALIGN,VPROFILE,VPAVETYP,VSURCOND,VTRAFCON,VTCONT_F,P_CRASH1,P_CRASH2,P_CRASH3,PCRASH4,PCRASH5,ACC_TYPE,DEATHS,DR_DRINK
47,470204,3,3,2,13,4,9,38,12,1,1,0,47,1,20,481,20481,31,1990,1GCDK14K8LZ1,1,G,C,D,K,1,4,K,8,L,Z,1,1,T,CHEV,GK1,PK,90,17,,1,1415,1175,GM4,G,,1,0,000000000,00000000000,0,0,0,1,0,0,0,0,0,0,0,998,0,0,0,18,18,2,1,54,0,0,0,1,47,38015,6,1,0,0,3,0,70,220,0,0,0,0,0,0,0,0,0,0,0,0,0,0,1,2,45,1,5,2,1,0,0,1,90,1,1,1,98,0,0
47,470205,1,2,1,14,4,16,25,12,2,1,0,47,1,49,40,49040,4,1997,4T1BG22K7VU7,4,T,1,B,G,2,2,K,7,V,U,7,0,P,TOYT,UEX,4D,97,17,2976,,0,1051,,G,,0,0,000000000,00000000000,0,0,0,1,0,0,0,0,0,0,0,998,2,0,0,12,98,6,2,12,0,0,0,1,47,37658,6,1,0,0,3,0,70,170,0,0,0,0,0,0,0,0,0,0,28,0,0,0,1,2,45,3,6,2,1,0,0,14,54,1,1,2,50,1,1
47,470205,2,2,2,14,4,16,25,12,2,1,0,47,1,12,481,12481,31,1991,1FTEF26N3MNB,1,F,T,E,F,2,6,N,3,M,N,B,0,T,FORD,F25,PK,91,17,,2,0,1330,COF,G,,0,0,000000000,00000000000,0,0,0,1,0,0,0,0,0,0,0,998,7,1,1,12,12,6,2,12,0,0,0,1,47,37643,6,1,0,0,3,0,73,220,0,0,0,0,0,0,0,0,0,0,92,0,0,0,1,2,45,2,5,2,1,0,0,14,54,1,1,1,51,0,0
47,470206,1,1,1,23,4,17,19,1,0,1,0,47,1,72,706,72706,80,2003,1HD1GDV143K3,1,H,D,1,G,D,V,1,4,3,K,3,0,M,HD,FDL,RS,3,17,,,,,,,1450,0,0,000000000,00000000000,0,0,0,1,0,0,0,0,0,0,0,998,0,0,0,0,98,6,2,1,0,0,0,1,47,37190,6,1,0,0,3,1,68,200,0,0,0,0,0,0,0,0,0,0,99,99,99,99,1,2,55,3,1,2,1,0,0,14,13,1,1,4,1,1,0
47,470207,1,2,1,13,4,17,12,12,6,1,0,0,0,99,998,99998,92,2010,000000000000,0,0,0,0,0,0,0,0,0,0,0,0,0,U,,,,,17,,,,,,,,0,0,000000000,00000000000,0,0,0,1,0,0,0,0,0,0,0,998,0,0,0,11,11,6,2,12,0,0,0,1,47,38237,6,1,0,0,1,0,72,270,0,0,0,1,0,9,2007,9,2007,0,0,0,0,0,1,2,55,1,6,2,1,0,0,11,15,1,1,2,84,0,0
47,470207,2,2,5,13,4,17,12,12,6,1,0,47,3,20,481,20481,31,1997,1GBHC33J9VF0,1,G,B,H,C,3,3,J,9,V,F,0,0,T,CHEV,GC3,CH,97,17,,2,0,1685,GM4,G,,0,0,000000000,00000000000,0,0,0,1,0,0,0,0,0,0,0,998,0,1,1,12,98,6,2,1,0,0,0,1,47,38358,6,1,0,0,3,0,76,270,0,0,0,0,1,6,2008,6,2008,0,35,0,0,0,1,2,55,1,6,2,1,0,0,6,10,1,1,2,84,1,0
47,470208,1,1,1,24,1,23,24,38,0,1,0,47,2,54,421,54421,15,2004,2HNYD18284H5,2,H,N,Y,D,1,8,2,8,4,H,5,0,P,ACUR,MDX,UT,4,17,4451,,0,1063,,G,,0,0,000000000,00000000000,0,0,0,1,0,0,0,0,0,0,0,33,0,0,0,12,98,6,2,42,0,0,0,1,47,37205,3,1,0,0,2,0,999,999,0,1,0,0,0,4,2007,4,2007,1,99,99,99,99,1,2,35,3,1,2,2,0,0,14,13,1,1,4,1,1,1
47,470209,1,1,1,27,1,23,42,32,0,1,0,47,1,35,401,35401,14,1995,JN8HD17Y5SW0,J,N,8,H,D,1,7,Y,5,S,W,0,0,P,NISS,PFI,UT,95,17,3961,,0,1043,,G,,0,0,000000000,00000000000,0,0,0,1,0,0,0,0,0,0,0,998,0,1,5,12,98,6,2,32,0,0,0,1,47,37013,1,1,0,0,2,0,75,266,0,0,0,0,0,0,0,0,0,0,58,0,0,0,1,2,40,3,2,2,1,0,0,14,13,1,1,4,1,1,1
47,470210,1,2,1,22,1,14,11,12,6,1,0,47,1,2,404,2404,14,2007,1J8FT57W87D1,1,J,8,F,T,5,7,W,8,7,D,1,0,T,JEEP,PLD,4W,7,17,,1,0,1037,CMP,G,,0,0,000000000,00000000000,0,0,0,1,0,0,0,0,0,0,0,998,7,0,0,11,11,6,2,12,0,0,0,1,47,37664,6,1,0,0,3,0,75,185,0,0,0,0,0,0,0,0,0,0,0,0,0,0,3,2,50,1,1,2,1,0,0,1,62,1,1,2,64,1,0
47,470210,2,2,2,22,1,14,11,12,6,1,0,47,3,12,461,12461,21,2009,1FTSS34L09DA,1,F,T,S,S,3,4,L,0,9,D,A,0,T,FORD,3SD,CG,9,17,,2,0,1380,VAN,G,,0,0,000000000,00000000000,0,0,0,1,0,0,0,0,0,0,0,998,0,0,0,12,12,6,2,12,0,0,0,1,47,37664,6,1,0,0,3,0,71,200,0,0,0,0,0,0,0,0,0,0,28,38,0,0,3,2,50,1,1,2,1,0,0,1,10,1,1,2,65,0,0
47,470211,1,1,1,12,2,11,0,52,0,1,0,51,1,18,7,18007,4,1999,2G4WS52M4X14,2,G,4,W,S,5,2,M,4,X,1,4,0,P,BUIC,CCU,4D,99,17,3353,,0,1090,,G,,0,0,000000000,00000000000,0,0,0,1,0,0,0,0,0,0,0,998,0,0,0,12,12,6,2,52,0,0,0,1,51,24614,6,1,0,0,3,0,72,218,0,0,0,0,0,0,0,0,0,0,99,99,99,99,3,2,55,1,1,2,1,0,0,1,12,1,1,4,6,1,0
47,470212,1,1,1,9,2,5,20,42,0,1,0,47,1,18,20,18020,4,1992,2G4WB54L7N15,2,G,4,W,B,5,4,L,7,N,1,5,0,P,BUIC,RGC,4D,92,17,3236,,0,1075,,G,,0,0,000000000,00000000000,0,0,0,1,0,0,0,0,0,0,0,998,0,0,0,3,3,6,2,42,0,0,0,1,47,37055,6,1,0,0,3,0,70,200,0,0,0,2,0,8,2007,10,2009,1,87,0,0,0,3,2,70,1,2,2,2,0,0,1,6,1,1,4,1,1,0
47,470213,1,1,1,9,2,11,42,8,0,1,0,47,1,37,31,37031,2,1993,1HGEJ1267PL0,1,H,G,E,J,1,2,6,7,P,L,0,0,P,HOND,CEX,CP,93,17,0,,0,1013,,G,,0,0,000000000,00000000000,0,0,0,1,0,0,0,0,0,0,0,64,0,0,0,12,12,6,2,8,0,0,0,1,47,37211,6,1,0,0,3,0,70,165,0,0,0,0,0,0,0,0,0,1,36,0,0,0,1,2,30,2,2,2,2,0,0,14,13,1,1,2,13,0,1
47,470215,1,1,2,28,2,1,27,1,0,1,0,47,1,35,39,35039,4,2007,1N4BA41E27C8,1,N,4,B,A,4,1,E,2,7,C,8,0,P,NISS,MEL,4D,7,17,3474,,0,1112,,G,,0,0,000000000,00000000000,0,0,0,1,0,0,0,0,0,0,0,69,0,2,5,0,98,6,2,30,0,0,0,1,47,37076,6,1,0,0,3,1,70,148,1,0,0,1,0,12,2008,12,2008,1,99,99,99,99,1,2,45,2,2,2,1,0,0,14,13,8,1,4,1,2,1
47,470216,1,1,1,12,3,7,0,30,0,1,0,47,1,37,32,37032,2,2000,1HGCG3145YA0,1,H,G,C,G,3,1,4,5,Y,A,0,0,P,HOND,ULX,CP,0,17,2943,,0,1051,,G,,0,0,000000000,00000000000,0,0,0,1,0,0,0,0,0,0,0,998,0,0,0,61,98,6,2,30,0,0,0,1,47,37013,6,1,0,0,3,0,70,150,0,2,0,2,0,8,2007,6,2008,1,99,99,99,99,2,2,45,2,2,2,2,20,3,14,13,3,3,4,2,1,0
47,470217,1,2,1,13,4,23,48,12,6,1,0,47,1,55,401,55401,14,2007,5NMSG13D97H1,5,N,M,S,G,1,3,D,9,7,H,1,0,P,HYUN,SAN,UT,7,17,3727,,0,1063,,G,,0,0,000000000,00000000000,0,0,0,1,0,0,0,0,0,0,0,998,0,0,0,12,12,6,2,12,0,0,0,1,47,37716,6,1,0,0,3,1,70,110,0,0,0,0,0,0,0,0,0,0,0,0,0,0,2,3,50,1,5,2,1,1,3,1,17,1,1,2,88,0,0
47,470217,2,2,1,13,4,23,48,12,6,1,0,47,1,7,442,7442,20,2009,2D8HN44E39R5,2,D,8,H,N,4,4,E,3,9,R,5,0,P,DODG,CAR,SV,9,17,4321,,0,1212,,F,,0,0,000000000,00000000000,0,0,0,1,0,0,0,0,0,0,0,998,0,1,1,9,9,6,2,12,0,0,0,1,47,37849,6,1,0,0,3,0,71,190,1,0,0,0,0,6,2009,6,2009,0,39,0,0,0,1,2,50,1,1,2,1,1,3,1,17,1,1,2,89,1,1
47,470218,1,1,1,15,3,12,36,59,0,1,0,47,1,12,37,12037,2,2002,3FAFP31332R2,3,F,A,F,P,3,1,3,3,2,R,2,0,P,FORD,FZX,3P,2,17,2598,,0,1030,,G,,0,0,000000000,00000000000,0,0,0,1,0,0,0,0,0,0,0,998,0,1,5,12,98,6,2,1,0,0,0,1,47,37620,6,1,0,0,3,0,73,195,0,0,0,0,0,0,0,0,0,0,99,99,99,99,2,2,55,3,1,2,1,0,0,14,13,1,1,4,1,1,0
47,470219,1,1,1,3,4,19,19,42,0,1,0,47,1,23,471,23471,30,1995,1GKDT13W2S25,1,G,K,D,T,1,3,W,2,S,2,5,0,T,GMC,JMY,4W,95,17,,1,0,1070,JMY,G,,0,0,000000000,00000000000,0,0,0,1,0,0,0,0,0,0,0,998,0,0,0,12,98,6,2,42,0,0,1,1,47,37043,6,1,0,0,3,0,74,180,0,0,0,1,0,7,2007,7,2007,0,99,99,99,99,1,3,35,1,1,2,1,0,0,1,12,1,1,4,6,1,1
47,470220,1,1,2,10,4,20,52,8,0,1,0,47,1,20,481,20481,31,1994,1GBEC19KXRE2,1,G,B,E,C,1,9,K,X,R,E,2,0,T,CHEV,GC1,PC,94,17,,2,1555,1415,GM4,G,,0,0,000000000,00000000000,0,0,0,1,0,0,0,0,0,0,0,998,0,0,0,12,12,4,3,8,0,0,0,1,47,37355,6,1,0,0,3,0,71,253,1,0,0,0,0,6,2008,6,2008,0,0,0,0,0,5,5,40,1,1,2,1,0,0,1,80,1,1,1,13,0,0
47,470221,1,1,1,10,4,2,40,34,0,1,0,47,2,12,401,12401,14,1994,1FMDU34X6RUB,1,F,M,D,U,3,4,X,6,R,U,B,0,P,FORD,EPR,UT,94,17,4053,,0,1120,,G,,0,0,000000000,00000000000,0,0,0,1,0,0,0,0,0,0,0,998,0,1,2,12,12,4,3,1,0,0,0,1,47,37406,6,1,0,0,3,1,69,250,0,0,0,0,0,0,0,0,0,0,58,0,0,0,1,2,25,1,1,2,1,0,0,1,13,1,2,4,2,1,1
47,470222,1,2,1,14,4,7,30,12,2,1,0,47,1,12,481,12481,31,1997,2FTDX17W5VCA,2,F,T,D,X,1,7,W,5,V,C,A,0,T,FORD,F15,3C,97,17,,1,1570,1390,COF,G,,0,0,000000000,00000000000,0,0,0,1,0,0,0,0,0,0,0,998,0,0,0,12,98,6,2,12,0,0,0,1,47,38382,6,1,0,0,3,0,69,300,0,0,0,0,0,0,0,0,0,0,28,0,0,0,1,2,55,2,6,2,1,0,0,14,54,1,1,2,50,1,0
47,470222,2,2,2,14,4,7,30,12,2,1,0,47,2,2,403,2403,14,2007,1J4FA24137L1,1,J,4,F,A,2,4,1,3,7,L,1,0,T,JEEP,WXR,2W,7,17,,1,0,954,WRA,G,,0,0,000000000,00000000000,0,0,0,1,0,0,0,0,0,0,0,998,0,0,0,12,98,6,2,12,0,0,0,1,47,38355,6,2,0,0,3,1,66,160,0,0,0,0,0,0,0,0,0,0,0,0,0,0,1,2,55,3,5,2,1,0,0,14,54,1,1,1,51,0,0
47,470223,1,2,1,14,4,4,51,12,6,1,0,12,1,20,401,20401,14,2002,1GNCS18W82K1,1,G,N,C,S,1,8,W,8,2,K,1,0,P,CHEV,BZR,UT,2,17,3603,,0,1005,,G,,0,0,000000000,00000000000,0,0,0,1,0,0,0,0,0,0,0,998,0,1,1,82,98,6,2,1,0,0,0,1,47,37406,6,1,0,0,3,1,69,250,0,0,0,0,0,0,0,0,0,0,28,58,0,0,2,2,55,1,1,2,1,0,0,11,65,1,1,2,68,1,1
47,470223,2,2,1,14,4,4,51,12,6,1,0,47,3,82,881,82881,66,1997,1FUYDZYB6VP7,1,F,U,Y,D,Z,Y,B,6,V,P,7,1,T,FRHT,FLD,DS,97,17,,8,0,0,CON,D,,1,57,301460,57301460,3,6,4,1,0,0,0,0,0,0,0,998,0,0,0,12,12,6,2,12,0,0,0,1,47,38225,6,1,6,0,3,0,71,220,0,0,0,1,0,12,2008,12,2008,0,92,0,0,0,2,2,55,1,1,2,1,0,0,1,51,1,1,1,69,0,0
47,470224,1,1,2,14,4,23,20,8,0,1,0,55,1,23,422,23422,15,2007,1GKFK16337J1,1,G,K,F,K,1,6,3,3,7,J,1,0,T,GMC,KX1,LL,7,17,,2,0,1300,YUK,F,,0,0,000000000,00000000000,0,0,0,1,0,0,0,0,0,0,0,998,0,0,0,14,14,2,1,8,0,0,0,1,55,53045,6,1,0,0,3,1,71,250,0,0,0,0,0,0,0,0,0,0,0,0,0,0,2,4,70,1,6,2,1,0,0,1,80,1,1,1,13,0,0
47,470225,1,1,5,7,3,1,53,34,0,1,0,99,9,20,421,20421,15,1998,1GNEC13R4WJ3,1,G,N,E,C,1,3,R,4,W,J,3,0,P,CHEV,CTA,UT,98,17,4423,,0,1175,,G,,0,0,000000000,00000000000,0,0,0,1,0,0,0,0,0,0,0,998,0,1,2,1,98,6,2,1,0,0,0,9,,,,,,,,,999,,,,,,,,,,,,41,0,0,0,1,2,25,2,1,2,1,0,0,0,11,0,0,0,1,1,0
47,470226,1,1,1,11,4,5,9,1,0,1,0,47,1,20,9,20009,2,1996,2G1FP22P3T21,2,G,1,F,P,2,2,P,3,T,2,1,0,P,CHEV,Z28,CP,96,17,3466,,0,1011,,G,,0,0,000000000,00000000000,0,0,0,1,0,0,0,0,0,0,0,998,0,2,5,0,98,6,2,42,0,0,0,1,47,37918,6,1,0,0,3,0,72,165,1,0,0,3,1,5,2007,3,2009,1,36,0,0,0,1,2,35,1,1,2,1,0,0,1,6,1,2,4,7,1,1
47,470227,1,2,1,15,4,15,41,12,1,1,0,93,3,51,881,51881,66,2008,4V4NC9GH18N4,4,V,4,N,C,9,G,H,1,8,N,4,1,T,VOLV,VNL,DS,8,17,,8,0,0,VVN,D,,1,57,303024,57303024,3,6,1,1,0,0,0,0,0,0,0,998,1,0,0,6,98,4,1,12,0,0,0,1,47,37412,6,1,6,0,3,0,68,130,0,0,0,0,0,0,0,0,0,0,92,0,0,0,2,2,70,1,6,2,1,28,3,1,61,1,1,1,27,0,0
47,470227,2,2,1,15,4,15,41,12,1,1,0,13,2,35,472,35472,30,2004,1N6ED27TX4C4,1,N,6,E,D,2,7,T,X,4,C,4,0,T,NISS,FCX,CW,4,17,,1,0,1161,FRT,G,,0,0,000000000,00000000000,0,0,0,1,0,0,0,0,0,0,0,998,1,0,0,12,12,6,2,12,0,0,0,1,13,30043,6,1,0,0,3,0,67,125,98,0,0,1,0,2,2010,2,2010,0,26,28,0,0,2,2,70,1,6,2,1,0,0,6,11,1,1,2,24,1,0
47,470228,1,1,1,15,4,20,22,8,0,1,1,99,9,99,999,99999,99,9999,999999999999,9,9,9,9,9,9,9,9,9,9,9,9,9,U,,,,9,17,,,,,,,,0,99,999999999,99999999999,9,99,99,1,0,0,0,0,99,99,9,999,0,0,0,99,99,9,1,8,99,99,0,1,99,99999,9,9,99,9,9,9,999,999,99,99,99,99,99,99,9999,99,9999,1,99,99,99,99,1,2,30,1,1,2,1,0,0,1,6,1,1,1,13,0,0
47,470229,1,1,2,16,4,23,46,35,0,1,0,47,1,12,471,12471,30,1987,1FTBR10C9HUB,1,F,T,B,R,1,0,C,9,H,U,B,0,T,FORD,RNG,PK,87,17,,1,1140,1080,RNG,G,,0,0,000000000,00000000000,0,0,0,1,0,0,0,0,0,0,0,998,0,1,5,12,98,6,2,1,0,0,0,1,51,37181,1,1,0,0,2,0,68,160,0,6,1,0,0,9,2008,11,2009,0,36,92,0,0,1,2,45,2,6,2,1,0,0,14,12,1,1,4,6,1,1
47,470230,1,1,1,17,4,0,45,35,0,1,0,47,1,23,481,23481,31,1996,1GTEC14W0TZ5,1,G,T,E,C,1,4,W,0,T,Z,5,0,T,GMC,SC1,PK,96,17,,2,1315,1175,SIE,G,,0,0,000000000,00000000000,0,0,0,1,0,0,0,0,0,0,0,998,0,0,0,12,12,6,2,35,0,0,0,1,47,38315,6,1,0,0,3,2,69,170,1,0,0,0,0,8,2007,8,2007,0,74,0,0,0,1,2,55,1,1,2,1,0,0,1,13,1,1,4,1,1,1
47,470231,1,1,1,18,4,4,30,42,0,1,0,47,1,41,35,41035,4,2002,JM1BJ226X205,J,M,1,B,J,2,2,6,X,2,0,5,0,P,MAZD,PDS,4D,2,17,2493,,0,1028,,G,,0,0,000000000,00000000000,0,0,0,1,0,0,0,0,0,0,0,998,0,0,0,62,98,6,2,2,0,0,1,1,47,37042,2,1,0,0,2,2,72,160,0,1,1,2,1,5,2007,4,2009,1,36,74,0,0,3,2,70,3,6,2,1,0,0,14,6,1,2,4,7,1,1
47,470232,1,2,1,4,3,11,22,12,6,1,0,47,2,63,32,63032,4,2007,KNADE1236762,K,N,A,D,E,1,2,3,6,7,6,2,0,P,KIA,RBL,4D,7,17,2365,,0,984,,G,,0,0,000000000,00000000000,0,0,0,1,0,0,0,0,0,0,0,998,0,0,0,2,98,6,2,12,0,0,0,1,55,37130,6,1,0,0,3,1,65,110,0,0,0,0,0,0,0,0,0,0,39,0,0,0,3,2,45,1,1,2,1,3,3,1,17,1,1,2,69,1,0
47,470232,2,2,1,4,3,11,22,12,6,1,0,47,3,98,881,98881,63,1999,10TFAWD26XS0,1,0,T,F,A,W,D,2,6,X,S,0,0,T,OSHK,SSE,TM,99,17,,8,0,0,SSE,D,,0,57,1625781,571625781,3,2,5,1,0,0,0,0,0,0,0,998,0,0,0,12,12,6,2,12,0,0,0,1,47,37167,6,1,6,1,3,2,72,330,0,0,0,0,0,0,0,0,0,0,74,92,0,0,1,2,40,1,2,2,1,3,3,11,66,1,1,2,68,0,0
47,470233,1,2,1,15,4,23,5,12,6,1,0,47,3,82,883,82883,66,2000,1FUYTMCB0YHF,1,F,U,Y,T,M,C,B,0,Y,H,F,0,T,FRHT,F12,DS,0,17,,8,0,0,MCV,D,,0,57,740757,57740757,3,5,96,1,0,0,0,0,0,0,0,998,0,0,0,12,12,6,2,12,0,0,0,1,47,37128,6,1,6,0,3,1,74,227,1,0,0,0,0,6,2007,6,2007,0,0,0,0,0,1,2,55,1,3,2,1,4,3,1,54,1,1,1,88,0,0
47,470233,2,2,2,15,4,23,5,12,6,1,0,47,2,12,17,12017,4,1997,1FALP51U8VA3,1,F,A,L,P,5,1,U,8,V,A,3,0,P,FORD,TRG,4D,97,17,3329,,0,1085,,G,,0,0,000000000,00000000000,0,0,0,1,0,0,0,0,0,0,0,998,0,0,0,9,9,6,2,12,0,0,0,1,47,37334,6,2,0,0,3,0,62,115,0,0,0,0,0,0,0,0,0,0,38,0,0,0,1,2,45,1,1,2,1,4,3,1,17,1,1,2,89,1,0
47,470234,1,2,1,15,4,16,20,12,1,1,0,47,1,12,461,12461,21,1999,1FDNE2724XHB,1,F,D,N,E,2,7,2,4,X,H,B,0,T,FORD,2MC,YY,99,17,,2,0,0,CTV,G,,0,0,000000000,00000000000,0,0,0,1,0,0,0,0,0,0,0,0,0,0,0,6,6,4,1,12,0,0,0,1,47,38340,6,1,0,0,3,0,70,178,0,0,0,0,0,0,0,0,0,0,0,0,0,0,5,4,55,1,1,2,1,0,0,5,50,1,1,1,21,0,0
47,470234,2,2,2,15,4,16,20,12,1,1,0,47,2,37,705,37705,80,2001,JH2RC44631M4,J,H,2,R,C,4,4,6,3,1,M,4,0,M,HOND,V7D,RS,1,17,,,,,,,745,0,0,000000000,00000000000,0,0,0,1,0,0,0,0,0,0,0,998,0,0,0,12,98,6,2,12,0,0,0,1,47,38343,6,1,0,0,3,0,71,206,1,0,0,0,0,10,2007,10,2007,0,26,0,0,0,5,4,55,1,1,2,1,0,0,1,51,4,1,1,20,1,0
47,470235,1,2,1,13,4,17,35,12,2,1,0,47,2,37,705,37705,80,2005,JH2PC370X5M2,J,H,2,P,C,3,7,0,X,5,M,2,0,M,HOND,B60,RC,5,17,,,,,,,599,0,0,000000000,00000000000,0,0,0,1,0,0,0,0,0,0,0,998,0,0,0,12,98,6,2,12,0,0,0,1,47,37370,6,1,0,0,3,0,70,120,1,0,0,0,0,7,2007,7,2007,0,28,52,0,0,1,2,55,2,1,2,1,0,0,14,10,1,1,2,50,1,0
47,470235,2,2,2,13,4,17,35,12,2,1,0,47,1,12,481,12481,31,1999,2FTRX17L7XCA,2,F,T,R,X,1,7,L,7,X,C,A,0,T,FORD,F15,4C,99,17,,2,1571,1385,COF,G,,0,0,000000000,00000000000,0,0,0,1,0,0,0,0,0,0,0,998,0,0,0,12,98,6,2,12,0,0,0,1,47,37370,1,1,0,0,2,1,60,105,0,1,0,0,0,12,2008,12,2008,0,92,0,0,0,1,2,55,3,1,2,1,0,0,14,62,8,1,2,51,0,0
47,470236,1,2,1,18,4,12,0,12,6,1,0,92,0,99,731,99731,90,2006,000000000000,0,0,0,0,0,0,0,0,0,0,0,0,0,U,,,,,17,,,,,,,,0,0,000000000,00000000000,0,0,0,1,0,0,0,0,0,0,0,998,0,0,0,12,12,2,4,12,0,0,0,1,47,37650,0,0,0,0,0,0,999,999,0,0,0,0,0,0,0,0,0,0,18,38,0,0,1,2,30,1,5,2,1,0,0,98,19,1,1,7,86,1,0
47,470236,2,2,1,18,4,12,0,12,6,1,0,47,1,2,403,2403,14,1995,1J4FY19PXSP3,1,J,4,F,Y,1,9,P,X,S,P,3,0,T,JEEP,WSR,2W,95,17,,1,0,934,W/Y,G,,0,0,000000000,00000000000,0,0,0,1,0,0,0,0,0,0,0,998,0,0,0,82,82,4,1,12,0,0,0,1,47,37650,6,1,0,0,3,0,72,220,0,0,0,0,0,0,0,0,0,0,0,0,0,0,1,2,30,1,5,2,1,0,0,1,73,1,1,1,87,0,0
47,470237,1,1,1,19,4,13,35,43,0,1,0,47,1,49,53,49053,5,2009,4T3ZE11A29U0,4,T,3,Z,E,1,1,A,2,9,U,0,0,P,TOYT,VEN,UT,9,17,3760,,0,1093,,G,,0,0,000000000,00000000000,0,0,0,1,0,0,0,0,0,0,0,998,0,0,0,62,98,6,2,43,0,0,0,1,47,37914,6,1,0,0,3,0,67,180,0,0,0,0,0,0,0,0,0,0,99,99,99,99,1,4,50,2,6,2,1,0,0,14,12,1,2,4,7,1,0
47,470238,1,1,2,19,4,5,10,1,0,1,0,1,1,20,403,20403,14,2004,1GNDS13S8421,1,G,N,D,S,1,3,S,8,4,2,1,0,P,CHEV,TRL,UT,4,17,4425,,0,1130,,G,,0,0,000000000,00000000000,0,0,0,1,0,0,0,0,0,0,0,998,0,2,3,0,98,6,2,1,0,0,0,1,1,35903,6,1,0,0,3,0,66,200,0,0,0,0,0,0,0,0,0,0,28,58,0,0,3,2,70,1,1,2,1,0,0,1,12,6,1,4,98,2,0
47,470239,1,1,1,19,4,1,30,23,0,1,0,47,2,12,17,12017,4,1993,1FALP5246PA2,1,F,A,L,P,5,2,4,6,P,A,2,0,P,FORD,TAG,4D,93,17,3117,,0,1060,,G,,0,0,000000000,00000000000,0,0,0,1,0,0,0,0,0,0,0,998,0,0,0,12,98,6,2,23,0,0,0,1,47,38358,2,1,0,0,2,0,74,200,0,0,0,0,0,0,0,0,0,0,99,99,99,99,1,2,55,1,1,2,1,0,0,1,12,1,1,4,6,1,0
47,470240,1,1,1,17,4,13,12,31,0,1,0,21,1,20,481,20481,31,2000,1GCEC14W3YZ3,1,G,C,E,C,1,4,W,3,Y,Z,3,0,T,CHEV,SC1,PK,0,17,,2,1330,1190,SIL,G,,0,0,000000000,00000000000,0,0,0,1,0,0,0,0,0,0,0,998,0,0,0,12,12,6,2,35,0,0,0,1,21,42049,6,1,0,0,3,0,63,124,1,0,0,0,0,2,2008,2,2008,0,99,99,99,99,1,2,55,3,1,2,1,0,0,14,13,1,1,4,1,1,0
47,470241,1,2,1,18,4,15,22,12,6,1,0,47,1,53,706,53706,80,2005,JS1VS55A9521,J,S,1,V,S,5,5,A,9,5,2,1,0,M,SUZI,C50,RS,5,17,,,,,,,805,0,0,000000000,00000000000,0,0,0,1,0,0,0,0,0,0,0,24,0,0,0,12,98,6,2,12,0,0,0,1,47,37353,6,1,0,0,3,0,65,170,0,0,0,0,0,0,0,0,0,0,0,0,0,0,1,2,55,3,1,2,1,0,0,14,54,1,1,1,65,1,0
47,470241,2,2,2,18,4,15,22,12,6,1,0,13,1,2,404,2404,14,2000,1J4G258N5YC4,1,J,4,G,2,5,8,N,5,Y,C,4,0,T,JEEP,LMT,4W,0,17,,1,0,1059,GCK,G,,0,0,000000000,00000000000,0,0,0,1,0,0,0,0,0,0,0,40,0,0,0,3,98,6,2,12,0,0,0,1,13,30741,6,1,0,0,3,0,999,999,98,0,0,0,0,0,0,0,0,0,58,85,0,0,1,2,55,2,1,2,1,0,0,14,62,7,2,2,64,0,0
47,470242,1,2,2,4,1,9,25,12,1,1,0,47,1,18,2,18002,4,1998,1G4HR52K9WH4,1,G,4,H,R,5,2,K,9,W,H,4,0,P,BUIC,LLF,4D,98,17,3370,,0,1108,,G,,0,0,000000000,00000000000,0,0,0,1,0,0,0,0,0,0,0,998,0,0,0,6,98,6,2,12,0,0,0,1,47,37128,6,1,0,0,3,0,62,120,0,0,0,0,0,0,0,0,0,0,0,0,0,0,3,4,55,1,1,2,3,0,0,1,53,1,1,2,25,0,0