STATE,ST_CASE,VEH_NO,VE_FORMS,NUMOCCS,DAY,MONTH,HOUR,MINUTE,HARM_EV,MAN_COLL,UNITTYPE,HIT_RUN,REG_STAT,OWNER,MAKE,MODEL,MAK_MOD,BODY_TYP,MOD_YEAR,VIN,VIN_1,VIN_2,VIN_3,VIN_4,VIN_5,VIN_6,VIN_7,VIN_8,VIN_9,VIN_10,VIN_11,VIN_12,TOW_VEH,VINTYPE,VINMAKE,VINA_MOD,VIN_BT,VINMODYR,VIN_LNGT,VIN_WGT,WGTCD_TR,WHLBS_LG,WHLBS_SH,SER_TR,FUELCODE,MCYCL_DS,J_KNIFE,MCARR_I1,MCARR_I2,MCARR_ID,GVWR,V_CONFIG,CARGO_BT,HAZ_INV,HAZ_PLAC,HAZ_ID,HAZ_CNO,HAZ_REL,BUS_USE,SPEC_USE,EMER_USE,TRAV_SP,UNDERIDE,ROLLOVER,ROLINLOC,IMPACT1,IMPACT2,DEFORMED,TOWED,M_HARM,VEH_SC1,VEH_SC2,FIRE_EXP,DR_PRES,L_STATE,DR_ZIP,L_STATUS,L_TYPE,CDL_STAT,L_ENDORS,L_COMPL,L_RESTRI,DR_HGT,DR_WGT,PREV_ACC,PREV_SUS,PREV_DWI,PREV_SPD,PREV_OTH,FIRST_MO,FIRST_YR,LAST_MO,LAST_YR,SPEEDREL,DR_SF1,DR_SF2,DR_SF3,DR_SF4,VTRAFWAY,VNUM_LAN,VSPD_LIM,VALIGN,VPROFILE,VPAVETYP,VSURCOND,VTRAFCON,VTCONT_F,P_CRASH1,P_CRASH2,P_CRASH3,PCRASH4,PCRASH5,ACC_TYPE,DEATHS,DR_DRINK
47,470352,1,1,2,17,6,9,20,42,0,1,0,47,1,63,401,63401,14,1998,KNDJA7231W55,K,N,D,J,A,7,2,3,1,W,5,5,0,P,KIA,SPO,UT,98,17,3352,,0,1043,,G,,0,0,000000000,00000000000,0,0,0,1,0,0,0,0,0,0,0,998,0,0,0,12,12,6,2,42,0,0,0,1,47,38585,6,1,0,0,3,0,80,240,0,0,0,0,0,0,0,0,0,0,99,99,99,99,1,2,30,1,6,2,1,0,0,1,13,1,1,4,1,1,0
47,470353,1,1,1,18,6,6,10,38,0,1,0,47,2,49,40,49040,4,1997,4T1BG22K0VU1,4,T,1,B,G,2,2,K,0,V,U,1,0,P,TOYT,UEX,4D,97,17,2976,,0,1051,,G,,0,0,000000000,00000000000,0,0,0,1,0,0,0,0,0,0,0,998,0,1,5,12,12,6,2,1,0,0,0,1,47,37034,6,1,0,0,3,0,66,170,0,1,1,0,0,8,2007,8,2007,0,99,99,99,99,1,2,30,2,6,2,1,0,0,14,13,1,2,4,2,1,1
47,470354,1,1,2,10,2,21,10,59,0,1,0,47,2,20,16,20016,2,1997,1G1JC1246VM1,1,G,1,J,C,1,2,4,6,V,M,1,0,P,CHEV,C/S,CP,97,17,2584,,0,1041,,G,,0,0,000000000,00000000000,0,0,0,1,0,0,0,0,0,0,0,998,0,0,0,12,12,6,2,42,0,0,0,1,47,37327,1,1,0,0,2,0,69,250,0,0,0,0,0,0,0,0,0,1,99,99,99,99,1,2,30,1,2,2,1,0,0,1,6,1,1,4,1,1,1
47,470355,1,2,1,2,3,12,10,12,6,1,0,47,2,41,35,41035,4,1996,JM1BB1410T03,J,M,1,B,B,1,4,1,0,T,0,3,0,P,MAZD,PDS,4D,96,17,2385,,0,1026,,G,,0,0,000000000,00000000000,0,0,0,1,0,0,0,0,0,0,0,998,0,0,0,82,82,6,2,12,0,0,0,1,47,38104,1,1,0,0,2,0,69,180,0,0,0,0,0,0,0,0,0,0,38,0,0,0,5,5,40,1,1,2,1,3,3,11,15,1,1,2,68,1,0
47,470355,2,2,4,2,3,12,10,12,6,1,0,47,1,7,43,7043,4,2002,1B3EL36XX2N2,1,B,3,E,L,3,6,X,X,2,N,2,0,P,DODG,SSE,4D,2,17,3114,,0,1080,,G,,0,0,000000000,00000000000,0,0,0,1,0,0,0,0,0,0,0,998,0,0,0,12,12,6,2,12,0,0,0,1,47,38111,6,1,0,0,3,0,66,140,0,1,0,0,0,5,2008,5,2008,0,92,0,0,0,5,5,40,1,1,2,1,0,0,1,54,1,1,1,69,0,0
47,470356,1,2,1,4,6,19,50,12,1,1,0,47,3,84,881,84881,66,2004,1HSHXAXR94J0,1,H,S,H,X,A,X,R,9,4,J,0,1,T,INTL,860,DS,4,17,,8,0,0,80S,D,,1,57,2019816,572019816,3,6,1,1,0,0,0,0,0,0,0,998,1,0,0,12,12,6,2,2,0,0,1,1,47,37917,6,1,6,0,3,1,69,186,0,0,0,0,0,0,0,0,0,0,26,0,0,0,3,2,70,1,5,2,1,0,0,1,51,1,1,1,24,1,0
47,470356,2,2,1,4,6,19,50,12,1,1,0,12,4,82,881,82881,66,2005,1FUJBBCK65LM,1,F,U,J,B,B,C,K,6,5,L,M,1,T,FRHT,ST2,DS,5,17,,8,0,0,CON,D,,1,57,1850605,571850605,3,6,1,1,0,0,0,0,0,0,0,998,0,0,0,6,6,6,2,12,0,0,0,1,12,33705,6,1,6,0,3,0,66,999,0,0,0,0,0,0,0,0,0,0,0,0,0,0,3,2,70,1,5,2,1,0,0,1,53,1,1,1,25,0,0
47,470357,1,1,1,6,6,17,20,34,0,1,0,47,1,37,734,37734,90,2003,478TE2202344,4,7,8,T,E,2,2,0,2,3,4,4,0,M,HOND,T4M,AT,3,17,,,,,,,433,0,0,000000000,00000000000,0,0,0,1,0,0,0,0,0,0,0,998,0,0,0,12,12,6,2,34,0,0,0,1,47,38053,6,1,0,0,3,0,68,180,1,0,0,0,0,8,2009,8,2009,0,18,0,0,0,1,2,99,2,1,4,1,0,0,14,12,1,1,4,6,1,1
47,470358,1,1,2,8,6,2,30,25,0,1,0,47,2,24,2,24002,2,1994,1G8ZG1570RZ1,1,G,8,Z,G,1,5,7,0,R,Z,1,0,P,STRN,SC2,CP,94,17,2272,,0,992,,G,,0,0,000000000,00000000000,0,0,0,1,0,0,0,0,0,0,0,998,0,0,0,9,12,6,2,35,0,0,0,1,47,37766,6,2,0,0,2,2,73,191,0,0,0,0,0,0,0,0,0,1,35,73,0,0,3,2,45,3,4,2,1,0,0,6,6,9,2,4,2,2,1
47,470359,1,1,1,7,6,20,14,43,0,1,0,47,2,7,481,7481,31,1985,1B7FD14H1FS5,1,B,7,F,D,1,4,H,1,F,S,5,0,T,DODG,D51,PK,85,17,,1,1310,1150,D51,G,,0,0,000000000,00000000000,0,0,0,1,0,0,0,0,0,0,0,998,0,0,0,12,12,6,2,43,0,0,0,1,47,37848,6,1,0,0,3,0,72,165,2,0,0,0,0,12,2007,4,2010,0,28,0,0,0,1,2,45,1,1,2,1,0,0,1,12,1,1,4,6,1,0
47,470360,1,1,2,6,6,20,15,41,0,1,0,47,2,24,2,24002,2,1998,1G8ZE1283WZ1,1,G,8,Z,E,1,2,8,3,W,Z,1,0,P,STRN,SC1,CP,98,17,0,,0,1024,,G,,0,0,000000000,00000000000,0,0,0,1,0,0,0,0,0,0,0,998,0,1,5,11,11,6,2,1,0,0,0,1,47,38220,6,1,0,0,3,0,70,140,1,0,0,0,0,1,2008,1,2008,1,58,0,0,0,1,2,55,3,6,2,1,0,0,14,6,9,3,4,2,1,1
47,470361,1,1,1,6,6,7,0,30,0,1,0,47,2,20,471,20471,30,1995,1GCCS14ZXS81,1,G,C,C,S,1,4,Z,X,S,8,1,0,T,CHEV,S14,PK,95,17,,1,1179,1083,S,G,,0,0,000000000,00000000000,0,0,0,1,0,0,0,0,0,0,0,998,0,1,5,11,11,6,2,1,0,0,0,1,47,38563,6,2,0,0,3,1,67,150,0,0,0,0,0,0,0,0,0,0,99,99,99,99,2,2,55,2,5,2,2,0,0,14,12,1,1,4,6,1,0
47,470362,1,1,1,4,6,20,36,1,0,1,0,47,1,20,471,20471,30,1998,1GCCS19X4W82,1,G,C,C,S,1,9,X,4,W,8,2,0,T,CHEV,S14,PC,98,17,,1,0,1229,S,G,,0,0,000000000,00000000000,0,0,0,1,0,0,0,0,0,0,0,998,0,1,5,0,98,6,2,30,0,0,0,1,47,37885,6,1,6,0,3,1,74,255,0,0,0,0,0,0,0,0,0,0,36,0,0,0,2,2,50,1,1,2,1,0,0,1,13,7,1,4,1,1,1
47,470363,1,1,1,4,6,0,30,34,0,1,0,47,1,23,431,23431,16,1996,3GKEC16R3TG5,3,G,K,E,C,1,6,R,3,T,G,5,0,T,GMC,SUB,4W,96,17,,2,0,1315,C15,G,,0,0,000000000,00000000000,0,0,0,1,0,0,0,0,0,0,0,53,0,1,5,5,98,6,2,34,0,0,0,1,47,37363,2,1,0,0,2,1,71,250,0,1,1,0,0,3,2010,3,2010,1,36,37,48,0,1,2,45,3,1,2,1,0,0,14,6,1,1,4,1,1,1
47,470364,1,1,2,9,6,2,15,1,0,1,0,28,2,7,482,7482,31,1997,3B7HC13Z5VG8,3,B,7,H,C,1,3,Z,5,V,G,8,0,T,DODG,150,PC,97,17,,2,1547,1387,RPC,G,,0,0,000000000,00000000000,0,0,0,1,0,0,0,0,0,0,0,998,0,2,1,0,98,6,2,1,0,0,0,1,28,39641,6,1,0,0,3,0,68,165,0,0,0,0,0,0,0,0,0,0,28,0,0,0,2,4,65,2,5,2,1,0,0,14,12,7,1,2,98,1,0
47,470365,1,1,1,9,6,2,20,59,0,1,0,1,1,20,481,20481,31,2005,2GCEK13T8512,2,G,C,E,K,1,3,T,8,5,1,2,0,T,CHEV,SK1,CW,5,17,,2,0,1435,SIL,G,,0,0,000000000,00000000000,0,0,0,1,0,0,0,0,0,0,0,998,0,1,5,9,98,6,2,1,0,0,0,1,1,35180,6,1,0,0,3,0,70,210,0,0,0,0,0,0,0,0,0,1,58,0,0,0,2,2,70,2,1,2,1,0,0,14,12,7,1,4,6,1,1
47,470367,1,1,4,10,6,17,40,34,0,1,0,47,2,22,20,22020,4,2004,2G2WP5221412,2,G,2,W,P,5,2,2,1,4,1,2,0,P,PONT,GPG,4D,4,17,3477,,0,1105,,G,,0,0,000000000,00000000000,0,0,0,1,0,0,0,0,0,0,0,998,0,1,5,3,98,6,2,1,0,0,0,1,47,38463,6,1,0,0,3,0,68,170,1,0,0,0,0,10,2007,10,2007,0,28,58,0,0,1,2,55,3,1,2,1,0,0,14,12,8,2,4,7,1,1
47,470368,1,1,1,12,6,2,30,41,0,1,0,47,2,73,705,73705,80,2007,JKAZX4J187A0,J,K,A,Z,X,4,J,1,8,7,A,0,0,M,KAWK,ZXJ,RC,7,17,,,,,,,599,0,0,000000000,00000000000,0,0,0,1,0,0,0,0,0,0,0,998,0,0,0,9,98,6,2,41,0,0,0,1,47,37074,6,1,0,0,3,0,69,170,0,0,0,0,1,1,2009,1,2009,0,99,99,99,99,1,2,35,2,1,2,1,0,0,14,12,1,1,4,6,1,0
47,470369,1,2,1,14,6,15,10,12,2,1,0,47,2,12,481,12481,31,1999,1FTNX21F1XEB,1,F,T,N,X,2,1,F,1,X,E,B,0,T,FORD,F2S,4C,99,17,,2,1580,1418,SRW,D,,0,0,000000000,00000000000,0,0,0,1,0,0,0,0,0,0,0,998,0,0,0,12,12,6,2,12,0,0,0,1,47,37825,6,1,0,0,3,0,66,120,2,0,0,0,0,2,2009,5,2010,0,28,0,0,0,1,2,35,3,1,2,1,0,0,14,54,1,1,2,50,0,0
47,470369,2,2,1,14,6,15,10,12,2,1,0,47,1,20,471,20471,30,2003,1GCCS19H0382,1,G,C,C,S,1,9,H,0,3,8,2,0,T,CHEV,S14,3C,3,17,,1,0,1229,S,G,,0,0,000000000,00000000000,0,0,0,1,0,0,0,0,0,0,0,998,0,1,1,12,98,6,2,12,0,0,0,1,47,37825,6,2,0,0,3,0,69,170,0,0,0,0,0,0,0,0,0,0,0,0,0,0,1,2,35,2,1,2,1,0,0,14,62,1,1,1,51,1,0
47,470370,1,2,1,18,6,18,20,12,2,1,0,47,1,12,401,12401,14,2006,1FMEU73E26UB,1,F,M,E,U,7,3,E,2,6,U,B,0,P,FORD,EPR,UT,6,17,4456,,0,1137,,G,,0,0,000000000,00000000000,0,0,0,1,0,0,0,0,0,0,0,998,0,0,0,12,98,6,2,12,0,0,0,1,47,37708,6,1,0,0,3,0,68,137,0,0,0,0,0,0,0,0,0,0,0,0,0,0,1,2,50,1,5,2,1,0,0,1,62,1,1,1,51,0,0
47,470370,2,2,2,18,6,18,20,12,2,1,0,47,1,20,481,20481,31,1989,2GCHC39N8K11,2,G,C,H,C,3,9,N,8,K,1,1,1,T,CHEV,GC3,PC,89,17,,2,1595,1555,GM4,G,,3,0,000000000,00000000000,0,0,0,1,0,0,0,0,0,0,0,998,0,1,5,12,98,6,2,2,0,0,1,1,47,37814,6,1,0,0,3,1,70,180,0,0,0,2,0,4,2008,8,2009,0,28,51,0,0,1,2,50,1,6,2,1,0,0,1,54,1,1,2,50,1,0
47,470371,1,1,1,18,6,17,15,32,0,1,0,47,2,20,481,20481,31,1997,1GCEC14M6VZ2,1,G,C,E,C,1,4,M,6,V,Z,2,0,T,CHEV,GC1,PK,97,17,,2,1315,1175,GM4,G,,0,0,000000000,00000000000,0,0,0,1,0,0,0,0,0,0,0,998,0,1,5,1,98,6,2,1,0,0,0,1,47,38375,6,1,0,0,3,2,71,250,0,0,0,0,0,0,0,0,0,0,74,0,0,0,1,2,45,1,1,2,1,0,0,1,13,1,1,4,1,1,1
47,470372,1,1,1,19,6,14,20,35,0,1,0,47,2,35,402,35402,14,2001,5N1ED28T31C5,5,N,1,E,D,2,8,T,3,1,C,5,0,P,NISS,XTR,UT,1,17,3546,,0,1043,,G,,0,0,000000000,00000000000,0,0,0,1,0,0,0,0,0,0,0,998,0,0,0,12,12,6,2,35,0,0,0,1,47,38059,6,1,0,0,3,0,66,120,0,0,0,2,0,2,2009,4,2009,0,99,99,99,99,1,2,55,3,1,2,1,0,0,14,13,1,1,4,1,1,0
47,470373,1,1,1,19,6,21,30,42,0,1,0,92,0,74,709,74709,89,2000,000000000000,0,0,0,0,0,0,0,0,0,0,0,0,0,U,,,,,17,,,,,,,,0,0,000000000,00000000000,0,0,0,1,0,0,0,0,0,0,0,998,0,0,0,7,98,6,2,42,0,0,1,1,47,37869,1,1,0,0,2,0,69,185,0,0,0,0,0,0,0,0,0,1,18,28,0,0,1,2,35,2,5,2,1,0,0,14,6,1,2,4,7,1,1
47,470374,1,1,1,20,6,99,99,1,0,1,0,47,1,9,442,9442,20,1993,1P4GH44RXPX6,1,P,4,G,H,4,4,R,X,P,X,6,0,T,PLYM,GVS,ES,93,17,3566,1,0,1193,VOF,G,,0,0,000000000,00000000000,0,0,0,1,0,0,0,0,0,0,0,998,0,2,5,0,98,6,2,42,0,0,0,1,47,37096,6,1,0,0,3,0,68,230,1,0,0,0,0,6,2010,6,2010,0,28,0,0,0,1,2,55,1,6,2,1,0,0,1,8,1,4,4,98,1,0
47,470375,1,1,1,20,6,11,45,34,0,1,0,47,1,12,481,12481,31,1988,1FTDF15Y9JNB,1,F,T,D,F,1,5,Y,9,J,N,B,0,T,FORD,F15,PK,88,17,,1,1330,1170,COF,G,,0,0,000000000,00000000000,0,0,0,1,0,0,0,0,0,0,0,998,0,0,0,12,98,6,2,42,0,0,0,1,47,38457,6,1,0,0,3,0,67,158,1,3,0,0,0,3,2008,4,2010,0,58,0,0,0,1,2,55,3,1,2,1,0,0,14,12,6,4,4,7,1,0
47,470376,1,1,1,28,4,20,34,8,0,1,0,47,1,49,40,49040,4,2005,4T1BE32K95U3,4,T,1,B,E,3,2,K,9,5,U,3,0,P,TOYT,XLL,4D,5,17,3108,,0,1071,,G,,0,0,000000000,00000000000,0,0,0,1,0,0,0,0,0,0,0,998,0,0,0,12,12,6,2,8,0,0,0,1,47,38018,6,1,0,0,3,1,64,236,0,0,0,0,1,1,2009,1,2009,0,0,0,0,0,2,3,50,1,2,2,1,0,0,1,80,1,1,1,13,0,0
47,470377,1,1,1,20,4,22,57,42,0,1,0,47,1,20,36,20036,2,1995,2G1WW12M3S92,2,G,1,W,W,1,2,M,3,S,9,2,0,P,CHEV,MLS,CP,95,17,3276,,0,1075,,G,,0,0,000000000,00000000000,0,0,0,1,0,0,0,0,0,0,0,998,0,0,0,1,98,6,2,42,0,0,0,1,18,38570,6,1,0,0,3,0,68,125,0,0,0,1,0,3,2008,3,2008,1,99,99,99,99,1,2,30,3,6,2,1,0,0,14,12,1,1,4,6,1,1
47,470378,1,1,1,10,4,15,15,24,0,1,0,47,1,76,709,76709,80,2009,JYARN23EX9A0,J,Y,A,R,N,2,3,E,X,9,A,0,0,M,YAMA,YFR,RC,9,17,,,,,,,998,0,0,000000000,00000000000,0,0,0,1,0,0,0,0,0,0,0,998,0,0,0,12,12,6,2,24,0,0,0,1,47,38118,6,1,0,0,3,0,68,185,0,0,0,0,0,0,0,0,0,0,99,99,99,99,6,1,25,4,2,2,1,0,0,14,13,1,1,4,1,1,0
47,470379,1,1,1,13,4,21,36,8,0,1,0,28,1,59,31,59031,4,1999,JT8BF28G4X02,J,T,8,B,F,2,8,G,4,X,0,2,0,P,LEXS,ES3,4D,99,17,3351,,0,1051,,G,,0,0,000000000,00000000000,0,0,0,1,0,0,0,0,0,0,0,998,0,0,0,12,12,4,3,8,0,0,0,1,47,38109,1,1,1,0,2,0,62,126,1,2,0,0,0,3,2008,12,2009,0,92,0,0,0,2,3,40,1,1,2,1,0,0,1,80,1,1,1,13,0,0
47,470380,1,1,2,6,4,21,20,52,0,1,0,47,2,53,706,53706,80,2003,JS1GT75A3321,J,S,1,G,T,7,5,A,3,3,2,1,0,M,SUZI,XR1,RC,3,17,,,,,,,988,0,0,000000000,00000000000,0,0,0,1,0,0,0,0,0,0,0,54,0,0,0,12,98,6,2,52,0,0,0,1,47,37207,6,1,0,0,3,0,72,185,0,0,0,0,0,0,0,0,0,1,92,0,0,0,1,2,35,4,1,2,1,0,0,14,6,1,1,4,1,1,1
47,470381,1,1,1,2,4,12,55,1,0,1,0,47,1,20,402,20402,14,2003,2CNBJ7343369,2,C,N,B,J,7,3,4,3,3,6,9,0,P,CHEV,TKR,UT,3,17,2987,,0,976,,G,,0,0,000000000,00000000000,0,0,0,1,0,0,0,0,0,0,0,998,0,2,5,0,98,6,2,1,0,0,0,1,47,37097,6,1,0,0,3,0,70,179,0,0,0,0,0,0,0,0,0,0,28,0,0,0,1,2,25,1,1,2,1,0,0,1,8,8,4,4,98,1,1
47,470382,1,4,1,6,4,19,8,12,8,1,0,42,1,2,404,2404,14,1994,1J4GZ78YXRC2,1,J,4,G,Z,7,8,Y,X,R,C,2,0,T,JEEP,LMT,4W,94,17,,1,0,1059,GCK,G,,0,0,000000000,00000000000,0,0,0,1,0,0,0,0,0,0,0,998,0,1,1,11,98,6,2,12,0,0,0,1,47,38116,6,1,0,0,3,0,67,133,2,0,0,2,0,4,2008,9,2009,1,36,37,0,0,2,2,40,1,1,2,1,20,3,1,10,1,1,2,64,1,0
47,470382,2,4,4,6,4,19,8,12,8,1,0,47,2,49,40,49040,4,2000,4T1BG22K8YU7,4,T,1,B,G,2,2,K,8,Y,U,7,0,P,TOYT,UEX,4D,0,17,2998,,0,1051,,G,,0,0,000000000,00000000000,0,0,0,1,0,0,0,0,0,0,0,998,0,0,0,11,11,2,1,12,0,0,0,1,47,38116,6,1,0,0,3,0,69,175,0,0,0,0,0,0,0,0,0,0,0,0,0,0,2,2,40,1,1,2,1,20,3,1,62,1,1,1,65,0,0
47,470382,3,4,2,6,4,19,8,12,8,1,0,47,2,41,37,41037,4,1999,1YVGF22C7X58,1,Y,V,G,F,2,2,C,7,X,5,8,0,P,MAZD,U6X,4D,99,17,2798,,0,1051,,G,,0,0,000000000,00000000000,0,0,0,1,0,0,0,0,0,0,0,998,0,0,0,11,98,4,1,12,0,0,0,1,47,38109,6,1,0,0,3,0,62,247,0,0,0,0,0,0,0,0,0,0,0,0,0,0,2,2,40,1,1,2,1,20,3,1,54,1,1,1,98,0,0
47,470382,4,4,1,6,4,19,8,12,8,1,0,47,1,59,32,59032,4,1993,JT8UF11E4P01,J,T,8,U,F,1,1,E,4,P,0,1,0,P,LEXS,LS4,4D,93,17,3858,,0,1108,,G,,0,0,000000000,00000000000,0,0,0,1,0,0,0,0,0,0,0,998,0,0,0,11,98,6,2,54,0,0,0,1,47,38116,6,1,0,0,3,0,68,230,0,0,0,0,0,0,0,0,0,0,0,0,0,0,2,2,40,1,1,2,1,20,3,1,54,1,1,1,98,0,0
47,470383,1,2,1,17,2,0,20,14,0,1,0,93,3,84,881,84881,66,2009,3HSCUSBR39N1,3,H,S,C,U,S,B,R,3,9,N,1,1,T,INTL,PPR,DS,9,17,,8,0,0,PRO,D,,1,57,4247,574247,3,6,2,2,2,1301,3,1,0,0,0,998,0,1,5,12,12,6,2,14,0,0,1,1,48,77087,6,1,6,1,3,0,999,999,0,0,0,0,0,0,0,0,0,0,0,0,0,0,3,4,65,1,1,2,1,0,0,1,50,1,1,1,98,1,0
47,470383,3,2,1,17,2,0,20,14,0,1,0,47,2,20,20,20020,4,1995,2G1WN52M5S92,2,G,1,W,N,5,2,M,5,S,9,2,0,P,CHEV,LLS,4D,95,17,3372,,0,1075,,G,,0,0,000000000,00000000000,0,0,0,1,0,0,0,0,0,0,0,998,0,0,0,12,11,2,1,12,0,0,0,1,47,38122,6,1,0,0,3,0,71,165,0,0,0,2,0,2,2007,5,2008,0,0,0,0,0,6,1,45,1,1,2,1,21,3,16,63,1,1,7,98,0,0
47,470384,1,2,1,18,4,12,4,12,6,1,0,26,1,13,1,13001,4,1997,1LNLM82WXVY6,1,L,N,L,M,8,2,W,X,V,Y,6,0,P,LINC,SET,4D,97,17,3977,,0,1174,,G,,0,0,000000000,00000000000,0,0,0,1,0,0,0,0,0,0,0,998,0,0,0,9,9,6,2,12,0,0,0,1,26,49224,2,1,0,0,2,2,71,190,2,5,1,0,2,7,2007,2,2009,0,38,48,74,0,2,3,35,1,2,2,1,0,0,6,11,1,1,2,46,0,1
47,470384,2,2,2,18,4,12,4,12,6,1,0,47,2,37,706,37706,80,1983,1HFSC0223DA3,1,H,F,S,C,0,2,2,3,D,A,3,0,M,HOND,G1A,RS,83,17,,,,,,,1100,0,0,000000000,00000000000,0,0,0,1,0,0,0,0,0,0,0,998,0,0,0,12,98,4,3,12,0,0,0,1,47,37764,6,1,0,0,3,0,72,250,0,0,0,0,0,0,0,0,0,0,0,0,0,0,2,3,35,1,2,2,1,0,0,1,61,1,1,1,45,1,0
47,470385,1,2,1,30,4,17,29,12,6,1,0,47,1,23,472,23472,30,2004,1GKDT13S0423,1,G,K,D,T,1,3,S,0,4,2,3,0,T,GMC,ENV,4W,4,17,,1,0,1130,ENV,G,,0,0,000000000,00000000000,0,0,0,1,0,0,0,0,0,0,0,998,0,0,0,1,98,4,3,12,0,0,0,1,47,37129,6,1,0,0,3,0,64,170,0,0,0,0,0,0,0,0,0,0,38,0,0,0,5,3,45,1,1,2,1,3,3,11,15,1,1,2,68,0,0
47,470385,2,2,1,30,4,17,29,12,6,1,0,47,2,73,706,73706,80,2004,JKAZXCC144A0,J,K,A,Z,X,C,C,1,4,4,A,0,0,M,KAWK,Z1R,RC,4,17,,,,,,,998,0,0,000000000,00000000000,0,0,0,1,0,0,0,0,0,0,0,998,0,0,0,12,98,6,2,12,0,0,0,1,47,37128,6,1,0,0,3,1,71,210,2,0,0,0,0,11,2007,7,2008,0,0,0,0,0,5,3,45,1,1,2,1,3,3,1,17,2,1,1,69,1,0
47,470386,1,2,1,6,4,19,44,8,0,1,0,47,2,42,47,42047,2,2004,WDBTJ75J54F1,W,D,B,T,J,7,5,J,5,4,F,1,0,P,MERZ,C5K,CP,4,17,3585,,0,1069,,G,,0,0,000000000,00000000000,0,0,0,1,0,0,0,0,0,0,0,998,0,0,0,12,12,4,3,8,0,0,0,1,47,37209,6,1,0,0,3,0,66,130,1,0,0,0,0,2,2010,2,2010,0,4,28,0,0,1,2,30,1,1,2,1,0,0,1,13,1,1,1,13,0,0
47,470386,2,2,0,6,4,19,44,8,0,1,0,47,6,76,705,76705,80,2008,JYARJ16E88A0,J,Y,A,R,J,1,6,E,8,8,A,0,0,M,YAMA,R6L,RS,8,17,,,,,,,599,0,0,000000000,00000000000,0,0,0,1,0,0,0,0,0,0,0,998,0,0,0,6,6,4,3,12,0,0,0,0,,,,,,,,,999,,,,,,,,,,,,0,0,0,0,1,2,30,1,1,2,1,0,0,0,53,0,0,0,98,0,0
47,470387,1,2,2,2,4,17,5,12,6,1,0,47,1,21,20,21020,4,1991,1G3NL54U7MM0,1,G,3,N,L,5,4,U,7,M,M,0,0,P,OLDS,CCA,4D,91,17,2409,,0,1034,,G,,0,0,000000000,00000000000,0,0,0,1,0,0,0,0,0,0,0,998,0,0,0,12,98,6,2,12,0,0,0,1,47,38372,6,1,0,0,3,0,65,112,0,0,0,0,0,0,0,0,0,0,0,0,0,0,1,2,45,1,1,2,1,0,0,1,62,1,1,1,83,1,0
47,470387,2,2,1,2,4,17,5,12,6,1,0,47,1,12,481,12481,31,2001,1FTZX072X1KF,1,F,T,Z,X,0,7,2,X,1,K,F,0,T,FORD,F15,4C,1,17,,1,0,1385,COF,G,,0,0,000000000,00000000000,0,0,0,1,0,0,0,0,0,0,0,998,0,0,0,1,98,6,2,12,0,0,0,1,47,38372,6,1,0,0,3,0,72,190,0,0,0,0,0,0,0,0,0,0,38,0,0,0,1,2,45,1,1,2,1,0,0,11,15,1,1,2,82,0,0
47,470388,1,1,1,13,4,15,31,42,0,1,0,47,1,20,443,20443,20,2001,1GNDX03E61D2,1,G,N,D,X,0,3,E,6,1,D,2,0,T,CHEV,VTR,ES,1,17,,1,0,1200,VTR,G,,0,0,000000000,00000000000,0,0,0,1,0,0,0,0,0,0,0,998,0,0,0,12,98,6,2,42,0,0,0,1,47,37189,6,1,0,0,3,0,71,267,1,0,0,0,0,7,2008,7,2008,1,58,0,0,0,1,2,50,3,2,2,1,0,0,14,13,8,2,4,2,1,0
47,470389,1,2,1,4,4,3,4,12,7,1,0,47,2,72,706,72706,80,2000,1HD4CAM11YK1,1,H,D,4,C,A,M,1,1,Y,K,1,0,M,HD,X88,RS,0,17,,,,,,,883,0,0,000000000,00000000000,0,0,0,1,0,0,0,0,0,0,0,998,0,0,0,9,98,6,2,12,0,0,0,1,47,37363,1,1,1,0,2,0,75,170,0,1,0,0,0,10,2009,10,2009,0,35,36,0,0,1,2,30,4,2,2,1,0,0,6,11,1,1,2,47,1,1
47,470389,2,2,3,4,4,3,4,12,7,1,0,47,1,37,32,37032,4,1997,1HGCD5534VA0,1,H,G,C,D,5,5,3,4,V,A,0,0,P,HOND,ULE,4D,97,17,2798,,0,1069,,G,,0,0,000000000,00000000000,0,0,0,1,0,0,0,0,0,0,0,998,0,1,5,1,98,4,3,12,0,0,0,1,47,37343,6,1,0,0,3,0,64,145,0,0,0,0,0,0,0,0,0,0,0,0,0,0,1,2,30,4,2,2,1,0,0,14,53,1,1,1,45,0,1
47,470390,1,2,1,16,4,6,39,12,2,1,0,47,1,20,481,20481,31,2003,1GCHK29193E3,1,G,C,H,K,2,9,1,9,3,E,3,0,T,CHEV,2KH,4C,3,17,,2,1575,1435,SIL,D,,0,0,000000000,00000000000,0,0,0,1,0,0,0,0,0,0,0,998,0,1,1,12,98,6,2,12,0,0,0,1,47,37022,6,1,0,0,3,0,72,160,2,0,0,2,2,9,2007,1,2010,0,28,0,0,0,1,2,50,1,1,2,1,0,0,1,54,1,1,2,50,0,0