STATE,ST_CASE,VEH_NO,VE_FORMS,NUMOCCS,DAY,MONTH,HOUR,MINUTE,HARM_EV,MAN_COLL,UNITTYPE,HIT_RUN,REG_STAT,OWNER,MAKE,MODEL,MAK_MOD,BODY_TYP,MOD_YEAR,VIN,VIN_1,VIN_2,VIN_3,VIN_4,VIN_5,VIN_6,VIN_7,VIN_8,VIN_9,VIN_10,VIN_11,VIN_12,TOW_VEH,VINTYPE,VINMAKE,VINA_MOD,VIN_BT,VINMODYR,VIN_LNGT,VIN_WGT,WGTCD_TR,WHLBS_LG,WHLBS_SH,SER_TR,FUELCODE,MCYCL_DS,J_KNIFE,MCARR_I1,MCARR_I2,MCARR_ID,GVWR,V_CONFIG,CARGO_BT,HAZ_INV,HAZ_PLAC,HAZ_ID,HAZ_CNO,HAZ_REL,BUS_USE,SPEC_USE,EMER_USE,TRAV_SP,UNDERIDE,ROLLOVER,ROLINLOC,IMPACT1,IMPACT2,DEFORMED,TOWED,M_HARM,VEH_SC1,VEH_SC2,FIRE_EXP,DR_PRES,L_STATE,DR_ZIP,L_STATUS,L_TYPE,CDL_STAT,L_ENDORS,L_COMPL,L_RESTRI,DR_HGT,DR_WGT,PREV_ACC,PREV_SUS,PREV_DWI,PREV_SPD,PREV_OTH,FIRST_MO,FIRST_YR,LAST_MO,LAST_YR,SPEEDREL,DR_SF1,DR_SF2,DR_SF3,DR_SF4,VTRAFWAY,VNUM_LAN,VSPD_LIM,VALIGN,VPROFILE,VPAVETYP,VSURCOND,VTRAFCON,VTCONT_F,P_CRASH1,P_CRASH2,P_CRASH3,PCRASH4,PCRASH5,ACC_TYPE,DEATHS,DR_DRINK
47,470465,2,2,1,4,7,8,0,12,2,1,0,28,1,76,706,76706,80,2002,JYAVP04E82A0,J,Y,A,V,P,0,4,E,8,2,A,0,0,M,YAMA,ZTF,RS,2,17,,,,,,,1294,0,0,000000000,00000000000,0,0,0,1,0,0,0,0,0,0,0,998,0,0,0,12,98,6,2,12,0,0,0,1,28,38829,6,1,0,0,3,0,68,185,0,0,0,0,0,0,0,0,0,0,0,0,0,0,5,2,55,1,1,2,1,0,0,1,54,1,1,1,51,1,0
47,470466,1,2,1,4,7,17,15,12,6,1,0,47,1,72,706,72706,80,2002,1HD1GEV192Y3,1,H,D,1,G,E,V,1,9,2,Y,3,0,M,HD,FWG,RS,2,17,,,,,,,1450,0,0,000000000,00000000000,0,0,0,1,0,0,0,0,0,0,0,998,0,0,0,12,12,6,2,12,0,0,0,1,47,37022,6,1,6,0,3,0,70,180,0,0,0,0,0,0,0,0,0,0,0,0,0,0,1,2,55,1,6,2,1,20,3,1,17,2,1,1,69,1,0
47,470466,2,2,4,4,7,17,15,12,6,1,0,47,1,20,404,20404,14,2007,2CNDL73F3760,2,C,N,D,L,7,3,F,3,7,6,0,0,P,CHEV,EQU,UT,7,17,3796,,0,1125,,G,,0,0,000000000,00000000000,0,0,0,1,0,0,0,0,0,0,0,998,0,0,0,3,3,4,1,12,0,0,0,1,47,37083,6,1,6,0,3,0,70,220,0,0,0,0,0,0,0,0,0,0,38,0,0,0,1,2,55,1,5,2,1,20,3,11,15,1,1,2,68,0,0
47,470467,1,1,1,5,7,9,25,42,0,1,0,47,1,12,15,12015,4,1994,1FAPP36X4RK1,1,F,A,P,P,3,6,X,4,R,K,1,0,P,FORD,TGL,4D,94,17,2569,,0,999,,G,,0,0,000000000,00000000000,0,0,0,1,0,0,0,0,0,0,0,998,0,0,0,12,98,6,2,42,0,0,0,1,47,38063,6,1,0,0,3,1,64,150,0,0,0,0,0,0,0,0,0,0,99,99,99,99,1,2,55,1,1,2,1,0,0,1,13,1,1,4,1,1,1
47,470468,1,1,1,5,7,8,30,24,0,1,0,47,2,49,401,49401,14,1996,JT3HN86R1T00,J,T,3,H,N,8,6,R,1,T,0,0,0,P,TOYT,RUN,UT,96,17,0,,0,1053,,G,,0,0,000000000,00000000000,0,0,0,1,0,0,0,0,0,0,0,998,0,1,5,82,98,6,2,1,0,0,0,1,47,37756,6,1,0,0,3,0,64,160,0,1,0,0,0,3,2008,3,2008,0,99,99,99,99,1,2,55,1,5,2,1,0,0,1,13,8,1,4,1,1,0
47,470469,1,1,1,24,6,3,9,30,0,1,0,47,1,72,706,72706,80,2010,1HD1LC324AC4,1,H,D,1,L,C,3,2,4,A,C,4,0,M,HD,X48,RS,10,17,,,,,,,1202,0,0,000000000,00000000000,0,0,0,1,0,0,0,0,0,0,0,998,0,0,0,12,98,4,3,42,0,0,0,1,47,38305,6,1,0,0,3,0,64,145,0,0,0,0,0,0,0,0,0,1,36,0,0,0,1,2,50,2,1,2,1,0,0,14,6,1,1,4,6,1,1
47,470470,1,2,1,8,6,21,50,12,2,1,0,47,2,20,1,20001,4,1983,1G1AW69H0DB1,1,G,1,A,W,6,9,H,0,D,B,1,0,P,CHEV,MAL,4D,83,17,3199,,0,1081,,G,,0,0,000000000,00000000000,0,0,0,1,0,0,0,0,0,0,0,998,0,0,0,12,12,6,2,12,0,0,0,1,47,38125,2,1,2,0,2,0,75,220,0,1,0,0,0,11,2008,11,2008,0,38,92,0,0,1,4,45,1,1,2,1,0,0,1,15,1,1,2,50,0,1
47,470470,2,2,1,8,6,21,50,12,2,1,0,47,1,53,709,53709,80,1979,GS1000701953,G,S,1,0,0,0,7,0,1,9,5,3,0,P,,,,,,,,,,,,,0,0,000000000,00000000000,0,0,0,1,0,0,0,0,0,0,0,998,0,0,0,12,12,6,2,12,0,0,0,1,47,38125,1,1,1,0,2,0,74,240,1,2,0,0,1,8,2008,4,2010,0,0,0,0,0,1,4,45,1,1,2,1,0,0,1,54,1,1,1,51,1,0
47,470471,1,1,1,29,6,23,55,33,0,1,0,47,1,12,15,12015,4,1994,1FAPP36U8RK1,1,F,A,P,P,3,6,U,8,R,K,1,0,P,FORD,TGL,4D,94,17,2569,,0,999,,G,,0,0,000000000,00000000000,0,0,0,1,0,0,0,0,0,0,0,998,0,0,0,1,98,6,2,53,0,0,0,1,47,38109,2,1,2,0,2,2,64,100,1,1,1,0,1,10,2007,2,2010,0,74,0,0,0,5,2,40,1,1,2,1,0,0,1,13,1,1,4,1,1,0
47,470472,1,2,2,4,7,3,45,12,2,1,0,48,4,20,880,20880,67,2010,1GC7KZB64AF1,1,G,C,7,K,Z,B,6,4,A,F,1,0,T,CHEV,SK3,CW,10,17,,3,0,1670,SIL,D,,0,88,888888888,88888888888,2,1,97,1,0,0,0,0,0,0,0,998,0,0,0,12,98,6,2,30,0,0,0,1,6,77086,1,1,0,0,2,0,71,165,1,0,0,0,1,9,2008,9,2009,1,36,92,0,0,5,2,35,1,2,2,1,3,3,1,17,1,1,2,50,0,0
47,470472,2,2,3,4,7,3,45,12,2,1,0,6,1,37,402,37402,14,1999,JHLRD1863XC0,J,H,L,R,D,1,8,6,3,X,C,0,0,P,HOND,CRV,UT,99,17,3245,,0,1032,,G,,0,0,000000000,00000000000,0,0,0,1,0,0,0,0,0,0,0,998,0,0,0,12,12,6,2,12,0,0,0,1,4,38104,6,1,0,0,3,1,64,135,0,0,0,0,0,0,0,0,0,0,0,0,0,0,5,2,35,1,1,2,1,3,3,1,15,1,1,1,51,1,0
47,470473,1,2,1,5,7,99,99,34,0,1,0,47,2,24,1,24001,4,1994,1G8ZJ5573RZ1,1,G,8,Z,J,5,5,7,3,R,Z,1,0,P,STRN,SL2,4D,94,17,2308,,0,1024,,G,,0,0,000000000,00000000000,0,0,0,1,0,0,0,0,0,0,0,998,0,1,3,11,98,6,2,1,0,0,0,1,47,37874,1,1,1,0,2,0,69,180,0,2,0,0,1,1,2010,3,2010,1,28,36,0,0,2,4,45,1,5,2,1,0,0,1,6,1,1,4,98,1,1
47,470473,2,2,1,5,7,99,99,34,0,1,0,47,1,12,3,12003,2,2001,1FAFP40481F2,1,F,A,F,P,4,0,4,8,1,F,2,0,P,FORD,MUS,CP,1,17,3066,,0,1013,,G,,0,0,000000000,00000000000,0,0,0,1,0,0,0,0,0,0,0,998,0,0,0,62,62,4,1,54,0,0,0,1,47,37862,6,1,6,0,3,0,70,330,0,0,0,0,0,0,0,0,0,0,0,0,0,0,2,4,45,1,6,2,1,0,0,1,62,1,1,1,98,0,0
47,470474,1,1,1,5,7,5,40,8,0,1,1,99,9,99,999,99999,99,9999,999999999999,9,9,9,9,9,9,9,9,9,9,9,9,9,U,,,,9,17,,,,,,,,0,0,000000000,00000000000,0,0,0,1,0,0,0,0,99,99,9,998,0,0,0,12,12,9,1,8,99,99,0,1,99,99999,9,9,99,9,9,9,999,999,99,99,99,99,99,99,9999,99,9999,0,99,99,99,99,1,3,35,1,9,2,99,0,0,1,80,1,1,1,13,0,0
47,470475,1,1,1,3,7,21,34,8,0,1,0,47,1,12,401,12401,14,1993,1FMDU32X2PUD,1,F,M,D,U,3,2,X,2,P,U,D,0,P,FORD,EPR,UT,93,17,3858,,0,1120,,G,,0,0,000000000,00000000000,0,0,0,1,0,0,0,0,0,0,0,998,0,0,0,12,12,4,3,8,0,0,0,1,47,37040,6,1,0,0,3,2,75,200,1,1,1,0,0,8,2007,3,2008,0,74,0,0,0,5,3,45,1,1,2,1,0,0,1,80,1,1,1,13,0,1
47,470476,1,1,3,6,7,15,24,1,0,1,0,26,1,23,401,23401,14,2000,1GKCT18W9YK1,1,G,K,C,T,1,8,W,9,Y,K,1,0,T,GMC,JMY,2W,0,17,,1,0,1005,JMY,G,,0,0,000000000,00000000000,0,0,0,1,0,0,0,0,0,0,0,998,0,2,1,0,98,6,2,1,0,0,0,1,26,48141,6,1,0,0,3,1,61,149,0,0,0,0,0,0,0,0,0,0,28,58,0,0,3,2,70,1,1,2,1,0,0,1,12,9,1,6,98,2,0
47,470477,1,1,1,6,7,12,40,35,0,1,0,47,1,18,7,18007,4,1997,2G4WS52M1V14,2,G,4,W,S,5,2,M,1,V,1,4,0,P,BUIC,CCU,4D,97,17,3348,,0,1090,,G,,0,0,000000000,00000000000,0,0,0,1,0,0,0,0,0,0,0,998,0,1,5,12,98,6,2,42,0,0,0,1,47,38067,6,1,0,0,3,1,66,170,0,0,0,0,0,0,0,0,0,0,99,99,99,99,1,2,55,1,1,2,1,0,0,1,12,1,1,4,6,1,0
47,470478,1,1,1,7,7,20,58,9,0,1,0,47,1,19,18,19018,4,2006,1G6DP5777601,1,G,6,D,P,5,7,7,7,6,0,1,0,P,CADI,HF6,4D,6,17,3509,,0,1134,,G,,0,0,000000000,00000000000,0,0,0,1,0,0,0,0,0,0,0,998,0,0,0,12,98,6,2,9,0,0,0,1,47,37066,6,1,0,0,3,0,62,145,1,0,0,0,0,12,2009,12,2009,0,0,0,0,0,1,2,40,1,1,2,1,0,0,1,83,1,1,1,13,0,0
47,470479,1,2,5,4,7,15,52,12,6,1,0,47,1,24,401,24401,14,2003,5GZCZ23D33S9,5,G,Z,C,Z,2,3,D,3,3,S,9,0,P,STRN,VUE,UT,3,17,3172,,0,1066,,G,,0,0,000000000,00000000000,0,0,0,1,0,0,0,0,0,0,0,998,0,0,0,82,98,2,1,12,0,0,0,1,47,37830,6,1,6,0,3,0,72,225,0,0,0,0,0,0,0,0,0,0,38,0,0,0,3,2,40,3,1,2,1,0,0,11,15,1,1,1,68,0,0
47,470479,2,2,2,4,7,15,52,12,6,1,0,47,1,72,706,72706,80,1998,1HD1BRL48WY0,1,H,D,1,B,R,L,4,8,W,Y,0,0,M,HD,LTA,RS,98,17,,,,,,,1340,0,0,000000000,00000000000,0,0,0,1,0,0,0,0,0,0,0,998,0,0,0,12,98,6,2,12,0,0,0,1,47,37742,6,1,0,0,3,0,69,250,0,0,0,0,0,0,0,0,0,0,0,0,0,0,3,2,40,3,1,2,1,0,0,14,17,2,1,1,69,2,0
47,470480,1,1,2,9,7,18,40,35,0,1,0,47,1,12,481,12481,31,2007,1FTRW12W17KD,1,F,T,R,W,1,2,W,1,7,K,D,0,T,FORD,F1S,CW,7,17,,2,0,1390,COF,G,,0,0,000000000,00000000000,0,0,0,1,0,0,0,0,0,0,0,998,0,1,3,12,98,6,2,1,0,0,0,1,47,37345,6,1,0,0,3,1,66,105,0,0,0,0,0,0,0,0,0,0,87,0,0,0,3,2,70,1,1,2,2,0,0,1,5,9,3,4,7,1,0
47,470481,1,1,2,9,7,5,50,8,0,1,0,47,1,20,9,20009,2,1994,2G1FP22P8R21,2,G,1,F,P,2,2,P,8,R,2,1,0,P,CHEV,Z28,CP,94,17,3424,,0,1011,,G,,0,0,000000000,00000000000,0,0,0,1,0,0,0,0,0,0,0,998,0,0,0,12,12,4,3,8,0,0,0,1,47,37303,6,1,0,0,3,1,68,170,1,0,0,1,0,11,2007,8,2009,1,0,0,0,0,2,4,55,1,5,2,1,0,0,1,6,9,1,2,13,0,0
47,470483,1,1,1,12,7,21,30,35,0,1,0,47,1,20,32,20032,4,1998,1Y1SK5280WZ4,1,Y,1,S,K,5,2,8,0,W,Z,4,0,P,CHEV,P/L,4D,98,17,0,,0,971,,G,,0,0,000000000,00000000000,0,0,0,1,0,0,0,0,0,0,0,998,0,1,5,11,98,6,2,1,0,0,0,1,47,37385,6,1,0,0,3,0,73,210,0,0,0,0,0,0,0,0,0,1,99,99,99,99,1,2,45,1,5,2,1,0,0,1,6,1,1,4,6,1,1
47,470484,1,1,1,12,7,14,5,8,0,1,0,47,1,22,18,22018,4,1999,1G2NE52T2XM9,1,G,2,N,E,5,2,T,2,X,M,9,0,P,PONT,GAS,4D,99,17,3102,,0,1071,,G,,0,0,000000000,00000000000,0,0,0,1,0,0,0,0,0,0,0,998,0,0,0,12,12,4,1,8,0,0,0,1,47,37665,6,1,0,0,3,0,76,200,0,0,0,0,0,0,0,0,0,0,0,0,0,0,5,2,40,1,1,2,2,0,0,1,80,1,1,1,13,0,0
47,470485,1,1,2,12,7,3,55,42,0,1,0,47,1,37,32,37032,4,1992,1HGCB7654NA0,1,H,G,C,B,7,6,5,4,N,A,0,0,P,HOND,ALX,4D,92,17,2504,,0,1071,,G,,0,0,000000000,00000000000,0,0,0,1,0,0,0,0,0,0,0,998,0,1,5,11,98,6,2,1,0,0,0,1,47,37743,2,1,2,0,2,0,999,999,1,1,1,0,1,7,2009,4,2010,0,58,92,0,0,2,2,70,1,6,2,1,0,0,1,13,9,2,4,2,1,1
47,470486,1,2,1,13,7,22,25,24,0,1,0,42,1,12,481,12481,31,2004,1FTNX21P54EC,1,F,T,N,X,2,1,P,5,4,E,C,0,T,FORD,F2S,4C,4,17,,2,1580,1418,SRW,D,,0,0,000000000,00000000000,0,0,0,1,0,0,0,0,0,0,0,998,0,0,0,12,98,6,2,12,0,0,0,1,12,37764,6,1,0,0,3,0,67,999,0,0,0,0,0,0,0,0,0,0,0,0,0,0,1,2,35,2,5,2,1,0,0,14,54,1,1,1,98,0,0
47,470486,2,2,2,13,7,22,25,24,0,1,0,47,1,20,421,20421,15,1999,1GNEC13R9XR1,1,G,N,E,C,1,3,R,9,X,R,1,0,P,CHEV,CTA,UT,99,17,4865,,0,1175,,G,,0,0,000000000,00000000000,0,0,0,1,0,0,0,0,0,0,0,998,0,0,0,82,98,6,2,12,0,0,0,1,45,37876,6,1,0,0,3,0,68,175,0,0,0,0,0,0,0,0,0,0,58,0,0,0,1,2,35,3,6,2,1,0,0,14,13,6,1,4,1,1,1
47,470487,1,2,1,15,7,11,30,12,6,1,0,47,2,20,471,20471,30,1991,1GCCS14R2M81,1,G,C,C,S,1,4,R,2,M,8,1,0,T,CHEV,S14,PK,91,17,,1,1179,1083,S,G,,0,0,000000000,00000000000,0,0,0,1,0,0,0,0,0,0,0,998,0,0,0,81,98,6,2,12,0,0,0,1,47,38320,6,1,6,0,3,0,71,175,0,0,0,0,0,0,0,0,0,0,0,0,0,0,1,2,30,3,1,2,1,0,0,14,15,1,1,2,77,0,0
47,470487,2,2,1,15,7,11,30,12,6,1,0,92,0,53,733,53733,90,2006,000000000000,0,0,0,0,0,0,0,0,0,0,0,0,0,U,,,,,17,,,,,,,,0,0,000000000,00000000000,0,0,0,1,0,0,0,0,0,0,0,998,0,0,0,12,98,6,2,12,0,0,0,1,47,38320,1,1,1,0,2,0,75,245,0,2,0,0,1,9,2007,2,2010,0,18,0,0,0,1,2,30,3,5,2,1,0,0,11,65,1,1,1,76,1,0
47,470488,1,1,3,15,7,12,0,1,0,1,0,92,0,99,739,99739,90,2009,000000000000,0,0,0,0,0,0,0,0,0,0,0,0,6,U,,,,,17,,,,,,,,0,0,000000000,00000000000,0,0,0,1,0,0,0,0,0,0,0,998,0,2,5,0,0,9,3,1,0,0,0,1,48,75206,0,0,0,0,0,0,999,999,0,0,0,0,0,0,0,0,0,1,18,28,0,0,1,2,55,2,1,2,1,0,0,14,6,1,1,4,98,1,0
47,470489,1,1,2,7,7,1,0,42,0,1,0,47,1,7,482,7482,31,2007,1D7HA18PX7S1,1,D,7,H,A,1,8,P,X,7,S,1,0,T,DODG,SQ1,CW,7,17,,2,1605,1405,RPC,F,,0,0,000000000,00000000000,0,0,0,1,0,0,0,0,0,0,0,998,0,0,0,1,98,4,1,42,0,0,0,1,47,37356,2,1,0,0,2,0,71,200,0,0,1,1,0,8,2008,9,2009,0,92,0,0,0,1,2,45,1,1,2,1,0,0,1,13,1,1,4,1,1,1
47,470490,1,2,1,15,7,21,12,12,7,1,0,47,1,7,402,7402,14,2000,1B4HS28N5YF2,1,B,4,H,S,2,8,N,5,Y,F,2,0,P,DODG,DUR,UT,0,17,4462,,0,1159,,G,,0,0,000000000,00000000000,0,0,0,1,0,0,0,0,0,0,0,998,0,0,0,1,98,6,2,12,0,0,0,1,47,37711,6,1,0,0,3,1,75,250,1,0,0,0,0,6,2008,6,2008,0,0,0,0,0,3,2,65,1,1,2,1,0,0,1,60,1,1,1,44,0,0
47,470490,2,2,9,15,7,21,12,12,7,1,0,37,3,12,461,12461,21,2004,1FBNE31L94HB,1,F,B,N,E,3,1,L,9,4,H,B,0,T,FORD,WSD,BU,4,17,,2,0,1380,ECO,G,,0,0,000000000,00000000000,0,0,0,1,0,0,0,0,0,0,0,998,0,1,5,9,98,6,2,1,0,0,0,1,37,28803,6,1,0,0,3,0,61,999,0,0,0,1,0,11,2007,11,2007,0,28,0,0,0,3,2,65,1,1,2,1,0,0,1,10,1,1,2,45,1,0
47,470491,1,2,2,4,7,10,42,12,6,1,0,47,1,55,401,55401,14,2001,KM8SC83D71U1,K,M,8,S,C,8,3,D,7,1,U,1,0,P,HYUN,SAN,UT,1,17,3549,,0,1031,,G,,0,0,000000000,00000000000,0,0,0,1,0,0,0,0,0,0,0,998,0,0,0,12,98,6,2,12,0,0,0,1,47,38128,1,1,1,0,2,0,73,187,3,1,0,2,1,6,2008,6,2010,0,38,39,0,0,1,2,30,1,1,2,1,20,3,1,17,1,1,2,88,1,0
47,470491,2,2,2,4,7,10,42,12,6,1,0,47,2,6,51,6051,4,2008,2C3LA53GX8H2,2,C,3,L,A,5,3,G,X,8,H,2,0,P,CHRY,3TR,4D,8,17,3762,,0,1200,,G,,0,0,000000000,00000000000,0,0,0,1,0,0,0,0,0,0,0,998,0,0,0,11,98,6,2,12,0,0,0,1,47,38107,1,1,1,0,2,0,71,195,0,0,0,0,0,0,0,0,0,0,0,0,0,0,1,2,30,1,1,2,1,0,0,1,66,1,1,1,89,0,0
47,470492,1,2,2,16,7,15,59,12,6,1,0,47,1,18,2,18002,4,2000,1G4HP54K4Y42,1,G,4,H,P,5,4,K,4,Y,4,2,0,P,BUIC,LCF,4D,0,17,3567,,0,1122,,G,,0,0,000000000,00000000000,0,0,0,1,0,0,0,0,0,0,0,998,0,0,0,11,98,6,2,12,0,0,0,1,47,37096,6,1,0,0,3,0,63,121,0,0,0,0,0,0,0,0,0,0,28,0,0,0,2,2,55,3,1,2,2,0,0,14,10,1,1,2,64,2,0
47,470492,2,2,3,16,7,15,59,12,6,1,0,47,1,20,431,20431,16,1999,3GNFK16R9XG1,3,G,N,F,K,1,6,R,9,X,G,1,0,P,CHEV,K15,UT,99,17,5297,,0,1315,,G,,0,0,000000000,00000000000,0,0,0,1,0,0,0,0,0,0,0,998,0,0,0,12,98,6,2,12,0,0,0,1,47,38117,6,1,0,0,3,0,69,210,0,0,0,0,0,0,0,0,0,0,0,0,0,0,2,2,55,3,1,2,2,0,0,14,62,1,1,1,65,0,0
47,470493,1,4,1,17,7,15,50,12,6,1,0,51,1,72,709,72709,80,2004,1HD1BWB154Y0,1,H,D,1,B,W,B,1,5,4,Y,0,0,M,HD,FSI,RS,4,17,,,,,,,1450,0,0,000000000,00000000000,0,0,0,1,0,0,0,0,0,0,0,998,0,0,0,63,98,6,2,12,0,0,0,1,51,22520,6,1,0,0,3,0,66,160,0,0,0,0,1,7,2009,7,2009,0,0,0,0,0,1,2,40,3,5,2,1,0,0,14,62,1,1,1,65,0,0
47,470493,2,4,1,17,7,15,50,12,6,1,0,51,1,73,706,73706,80,2006,JKBVNKG196A0,J,K,B,V,N,K,G,1,9,6,A,0,0,M,KAWK,V6G,RS,6,17,,,,,,,1552,0,0,000000000,00000000000,0,0,0,1,0,0,0,0,0,0,0,998,0,0,0,18,98,4,3,54,0,0,0,1,51,20116,6,1,0,0,3,1,68,213,0,0,0,0,0,0,0,0,0,0,0,0,0,0,1,2,40,3,5,2,1,0,0,14,54,1,1,1,98,0,0
47,470493,3,4,1,17,7,15,50,12,6,1,0,51,1,72,706,72706,80,2006,1HD1FCW106Y6,1,H,D,1,F,C,W,1,0,6,Y,6,0,M,HD,FLU,RS,6,17,,,,,,,1450,0,0,000000000,00000000000,0,0,0,1,0,0,0,0,0,0,0,998,0,0,0,12,98,6,2,12,0,0,0,1,51,22701,6,1,0,0,3,1,73,208,0,0,0,0,0,0,0,0,0,0,0,0,0,0,1,2,40,3,5,2,1,0,0,14,54,1,1,1,98,0,0
47,470493,4,4,1,17,7,15,50,12,6,1,0,12,1,37,706,37706,80,2007,JH2SC57087M3,J,H,2,S,C,5,7,0,8,7,M,3,0,M,HOND,CBS,RC,7,17,,,,,,,998,0,0,000000000,00000000000,0,0,0,1,0,0,0,0,0,0,0,998,0,0,0,12,98,6,2,12,0,0,0,1,12,32068,6,1,0,0,3,0,75,999,0,0,0,0,0,0,0,0,0,0,28,0,0,0,1,2,40,2,6,2,1,0,0,14,10,1,1,2,64,1,0
47,470494,1,2,2,18,7,17,40,12,1,1,0,47,2,12,13,12013,4,1991,1FAPP14J8MW2,1,F,A,P,P,1,4,J,8,M,W,2,0,P,FORD,LXE,4H,91,17,2355,,0,984,,G,,0,0,000000000,00000000000,0,0,0,1,0,0,0,0,0,0,0,998,7,0,0,6,6,6,2,12,0,0,0,1,47,38006,6,1,0,0,3,1,65,150,0,0,0,0,0,0,0,0,0,0,0,0,0,0,1,2,55,1,3,2,1,0,0,4,16,1,1,7,25,1,0
47,470494,2,2,1,18,7,17,40,12,1,1,0,47,1,34,34,34034,2,2003,WBABN33413PC,W,B,A,B,N,3,3,4,1,3,P,C,0,P,BMW,5CI,CP,3,17,3197,,0,1073,,G,,0,0,000000000,00000000000,0,0,0,1,0,0,0,0,0,0,0,998,0,0,0,12,98,6,2,38,0,0,0,1,47,38006,6,1,0,0,3,1,70,153,1,0,0,1,0,3,2009,8,2009,1,0,0,0,0,1,2,55,1,3,2,1,0,0,1,70,1,1,1,24,0,0
47,470495,1,1,1,19,7,6,53,35,0,1,0,47,1,12,401,12401,14,1998,1FMZU34E6WZB,1,F,M,Z,U,3,4,E,6,W,Z,B,0,P,FORD,EPR,UT,98,17,4146,,0,1115,,G,,0,0,000000000,00000000000,0,0,0,1,0,0,0,0,0,0,0,998,0,1,3,12,98,6,2,1,0,0,0,1,47,37766,6,1,0,0,3,0,71,135,0,0,0,0,0,0,0,0,0,0,28,87,0,0,3,2,70,1,5,2,6,0,0,1,5,1,2,4,7,1,0
47,470496,1,1,1,19,7,99,99,34,0,1,0,47,1,53,706,53706,80,2003,JS1VT54A1321,J,S,1,V,T,5,4,A,1,3,2,1,0,M,SUZI,SK3,RS,3,17,,,,,,,996,0,0,000000000,00000000000,0,0,0,1,0,0,0,0,0,0,0,998,0,0,0,3,98,6,2,42,0,0,0,1,47,38401,6,1,0,0,3,0,74,225,1,0,0,0,0,11,2007,11,2007,0,53,58,0,0,1,2,40,2,1,2,99,0,0,14,12,9,1,4,6,1,1
47,470497,1,1,1,19,7,14,50,32,0,1,0,47,1,24,441,24441,20,2005,5GZDV03LX5D1,5,G,Z,D,V,0,3,L,X,5,D,1,0,P,STRN,RLY,SV,5,17,4272,,0,1211,,G,,0,0,000000000,00000000000,0,0,0,1,0,0,0,0,0,0,0,998,0,0,0,12,98,6,2,32,0,0,0,1,47,37034,6,1,0,0,3,1,65,252,0,0,0,0,0,0,0,0,0,0,99,99,99,99,1,2,30,1,1,2,1,0,0,1,12,1,1,4,6,1,0
47,470498,1,4,1,20,7,11,0,12,1,1,0,93,3,87,881,87881,66,2002,1XP5DB9X82N5,1,X,P,5,D,B,9,X,8,2,N,5,1,T,PTRB,379,DS,2,17,,8,0,0,CON,D,,1,57,403828,57403828,3,6,3,1,0,0,0,0,0,0,0,998,7,0,0,12,98,6,2,12,0,0,0,1,47,37762,6,1,6,0,3,1,69,220,0,0,0,1,1,5,2008,5,2009,1,36,0,0,0,2,2,55,1,5,2,1,0,0,6,6,2,1,1,20,0,0
47,470498,2,4,5,20,7,11,0,12,1,1,0,12,1,41,52,41052,6,2007,JM1CR2939701,J,M,1,C,R,2,9,3,9,7,0,1,0,P,MAZD,MA5,4H,7,17,3333,,0,1083,,G,,0,0,000000000,00000000000,0,0,0,1,0,0,0,0,0,0,0,0,1,0,0,6,98,6,2,12,0,0,0,1,12,33023,1,1,0,0,2,2,65,999,0,3,0,0,0,7,2008,3,2010,0,74,92,0,0,2,2,65,1,5,2,1,0,0,5,53,1,1,1,21,2,0
47,470498,3,4,1,20,7,11,0,12,1,1,0,47,1,12,421,12421,15,1994,1FMEU15H8RLB,1,F,M,E,U,1,5,H,8,R,L,B,0,P,FORD,BRO,UT,94,17,4616,,0,1050,,G,,0,0,000000000,00000000000,0,0,0,1,0,0,0,0,0,0,0,0,0,0,0,6,98,6,2,12,0,0,0,1,47,37714,6,1,0,0,3,0,72,190,0,0,0,0,0,0,0,0,0,0,0,0,0,0,2,2,65,1,5,2,1,0,0,5,53,1,1,1,98,0,0
47,470498,4,4,3,20,7,11,0,12,1,1,0,47,1,20,23,20023,6,2007,3GNDA13D67S5,3,G,N,D,A,1,3,D,6,7,S,5,0,P,CHEV,HHR,UT,7,17,3155,,0,1035,,G,,0,0,000000000,00000000000,0,0,0,1,0,0,0,0,0,0,0,0,0,0,0,18,98,4,1,54,32,0,0,1,47,37847,6,1,0,0,3,1,64,250,0,0,0,0,0,0,0,0,0,0,0,0,0,0,2,2,65,1,5,2,1,0,0,5,53,1,1,1,98,0,0
47,470499,1,2,1,14,7,20,21,12,6,1,0,47,1,12,481,12481,31,2002,1FTRF17212NB,1,F,T,R,F,1,7,2,1,2,N,B,0,T,FORD,F15,PK,2,17,,2,1385,1199,COF,G,,0,0,000000000,00000000000,0,0,0,1,0,0,0,0,0,0,0,35,0,0,0,12,98,6,2,2,0,0,1,1,47,37307,6,1,0,0,3,1,71,256,0,0,0,0,0,0,0,0,0,0,28,51,0,0,1,2,40,3,6,2,1,40,3,14,10,1,1,2,64,1,0
47,470499,2,2,1,14,7,20,21,12,6,1,0,47,1,12,481,12481,31,1999,1FTPF28W1XNB,1,F,T,P,F,2,8,W,1,X,N,B,1,T,FORD,F25,PK,99,17,,2,0,1388,COF,G,,1,0,000000000,00000000000,0,0,0,1,0,0,0,0,0,0,0,56,0,0,0,11,98,6,2,12,0,0,0,1,47,37363,6,1,0,0,3,0,68,190,0,0,0,1,0,10,2009,10,2009,0,0,0,0,0,1,2,40,2,5,2,1,0,0,14,62,7,1,1,65,0,0