STATE,ST_CASE,VEH_NO,VE_FORMS,NUMOCCS,DAY,MONTH,HOUR,MINUTE,HARM_EV,MAN_COLL,UNITTYPE,HIT_RUN,REG_STAT,OWNER,MAKE,MODEL,MAK_MOD,BODY_TYP,MOD_YEAR,VIN,VIN_1,VIN_2,VIN_3,VIN_4,VIN_5,VIN_6,VIN_7,VIN_8,VIN_9,VIN_10,VIN_11,VIN_12,TOW_VEH,VINTYPE,VINMAKE,VINA_MOD,VIN_BT,VINMODYR,VIN_LNGT,VIN_WGT,WGTCD_TR,WHLBS_LG,WHLBS_SH,SER_TR,FUELCODE,MCYCL_DS,J_KNIFE,MCARR_I1,MCARR_I2,MCARR_ID,GVWR,V_CONFIG,CARGO_BT,HAZ_INV,HAZ_PLAC,HAZ_ID,HAZ_CNO,HAZ_REL,BUS_USE,SPEC_USE,EMER_USE,TRAV_SP,UNDERIDE,ROLLOVER,ROLINLOC,IMPACT1,IMPACT2,DEFORMED,TOWED,M_HARM,VEH_SC1,VEH_SC2,FIRE_EXP,DR_PRES,L_STATE,DR_ZIP,L_STATUS,L_TYPE,CDL_STAT,L_ENDORS,L_COMPL,L_RESTRI,DR_HGT,DR_WGT,PREV_ACC,PREV_SUS,PREV_DWI,PREV_SPD,PREV_OTH,FIRST_MO,FIRST_YR,LAST_MO,LAST_YR,SPEEDREL,DR_SF1,DR_SF2,DR_SF3,DR_SF4,VTRAFWAY,VNUM_LAN,VSPD_LIM,VALIGN,VPROFILE,VPAVETYP,VSURCOND,VTRAFCON,VTCONT_F,P_CRASH1,P_CRASH2,P_CRASH3,PCRASH4,PCRASH5,ACC_TYPE,DEATHS,DR_DRINK
47,470500,1,1,1,20,7,23,0,8,0,1,1,47,1,20,473,20473,30,2005,1GCCS1967581,1,G,C,C,S,1,9,6,7,5,8,1,0,T,CHEV,RDO,4C,5,17,,1,0,1259,CAL,G,,0,0,000000000,00000000000,0,0,0,1,0,0,0,0,0,0,0,998,0,0,0,12,12,4,1,8,0,0,0,1,47,37766,6,1,0,0,3,0,68,155,0,0,0,1,0,1,2008,1,2008,0,92,0,0,0,1,2,40,1,1,2,99,0,0,1,80,1,1,1,13,0,0
47,470501,1,1,2,21,7,14,0,38,0,1,0,47,1,12,15,12015,4,1988,1FAPP39S1JK1,1,F,A,P,P,3,9,S,1,J,K,1,0,P,FORD,TP4,4D,88,17,2799,,0,1004,,G,,0,0,000000000,00000000000,0,0,0,1,0,0,0,0,0,0,0,998,0,1,5,11,98,6,2,1,0,0,0,1,47,37687,6,1,0,0,3,0,71,180,0,0,0,0,0,0,0,0,0,0,28,0,0,0,1,2,30,2,6,2,2,0,0,14,3,1,2,4,7,2,0
47,470502,1,1,1,22,7,6,25,30,0,1,0,47,1,24,1,24001,4,2000,1G8ZK5275YZ2,1,G,8,Z,K,5,2,7,5,Y,Z,2,0,P,STRN,SL2,4D,0,17,2425,,0,1024,,G,,0,0,000000000,00000000000,0,0,0,1,0,0,0,0,0,0,0,998,0,0,0,1,98,6,2,30,0,0,0,1,47,37917,6,1,0,0,3,0,63,125,1,0,0,1,0,12,2007,4,2008,0,99,99,99,99,3,2,45,1,5,2,1,0,0,1,13,1,1,4,1,1,0
47,470503,1,1,2,23,7,18,57,1,0,1,0,47,2,12,471,12471,30,1991,1FTCR10A4MUB,1,F,T,C,R,1,0,A,4,M,U,B,0,T,FORD,RNG,PK,91,17,,1,1140,1080,RNG,G,,0,0,000000000,00000000000,0,0,0,1,0,0,0,0,0,0,0,998,0,2,5,0,98,6,2,2,0,0,1,1,47,37327,2,1,2,0,2,0,64,145,0,3,2,0,1,8,2007,6,2010,0,99,99,99,99,1,2,55,1,1,2,1,0,0,1,12,1,1,4,6,1,0
47,470504,1,1,1,23,7,16,40,35,0,1,0,47,1,20,402,20402,14,2002,2CNBJ13C5269,2,C,N,B,J,1,3,C,5,2,6,9,0,P,CHEV,TKR,UT,2,17,0,,0,976,,G,,0,0,000000000,00000000000,0,0,0,1,0,0,0,0,0,0,0,998,0,1,5,12,98,6,2,1,0,0,0,1,47,37862,6,1,0,0,3,0,63,118,1,0,0,0,0,8,2009,8,2009,0,28,0,0,0,1,2,45,2,6,2,1,0,0,14,12,1,2,4,7,1,1
47,470505,1,1,1,25,7,21,40,35,0,1,0,47,1,35,471,35471,30,1997,1N6SD11Y8VC3,1,N,6,S,D,1,1,Y,8,V,C,3,0,T,NISS,TXE,PK,97,17,,1,0,1043,TRK,G,,0,0,000000000,00000000000,0,0,0,1,0,0,0,0,0,0,0,998,0,1,5,1,98,6,2,42,0,0,0,1,47,38555,6,1,0,0,3,0,69,230,0,0,0,0,0,0,0,0,0,0,99,99,99,99,1,2,55,1,1,2,1,0,0,1,12,1,1,4,6,1,1
47,470506,1,1,1,25,7,3,30,32,0,1,0,47,1,41,37,41037,4,1998,1YVGF22C2W57,1,Y,V,G,F,2,2,C,2,W,5,7,0,P,MAZD,UDL,4D,98,17,2798,,0,1051,,G,,0,0,000000000,00000000000,0,0,0,1,0,0,0,0,0,0,0,998,0,1,5,12,98,6,2,1,0,0,0,1,47,38357,6,1,0,0,3,0,71,239,0,0,0,0,0,0,0,0,0,0,99,99,99,99,1,2,55,1,1,2,1,0,0,1,13,1,1,4,1,1,1
47,470507,1,1,1,24,7,12,20,35,0,1,0,47,1,49,32,49032,4,1993,JT2AE04E8P00,J,T,2,A,E,0,4,E,8,P,0,0,0,P,TOYT,COA,4D,93,17,2304,,0,957,,G,,0,0,000000000,00000000000,0,0,0,1,0,0,0,0,0,0,0,58,0,1,5,1,98,6,2,1,0,0,0,1,47,37643,6,1,0,0,3,0,74,145,2,0,0,0,0,9,2009,9,2009,1,99,99,99,99,2,2,35,1,3,2,1,0,0,1,6,8,3,4,2,1,0
47,470508,1,3,1,26,7,13,21,12,8,1,0,47,3,12,481,12481,31,2008,1FTNF21588EA,1,F,T,N,F,2,1,5,8,8,E,A,0,T,FORD,F2S,PK,8,17,,2,0,1370,SRW,G,,0,0,000000000,00000000000,0,0,0,1,0,0,0,0,0,0,0,998,0,0,0,11,98,6,2,12,0,0,0,1,47,38573,6,1,0,0,3,1,68,170,1,1,0,0,1,10,2008,4,2009,0,28,0,0,0,1,4,55,1,5,2,2,0,0,1,10,1,1,2,64,0,0
47,470508,2,3,4,26,7,13,21,12,8,1,0,47,1,48,45,48045,6,2010,4S4BRCCC5A33,4,S,4,B,R,C,C,C,5,A,3,3,0,P,SUBA,O2P,SW,10,17,3428,,0,1079,,G,,0,0,000000000,00000000000,0,0,0,1,0,0,0,0,0,0,0,998,0,0,0,11,98,6,2,12,0,0,0,1,47,37412,6,1,0,0,3,0,62,112,0,0,0,1,0,4,2010,4,2010,0,0,0,0,0,1,4,55,1,6,2,2,0,0,1,62,1,1,1,65,1,0
47,470508,3,3,4,26,7,13,21,12,8,1,0,47,2,49,40,49040,4,1995,4T1SK12E8SU5,4,T,1,S,K,1,2,E,8,S,U,5,0,P,TOYT,CLE,4D,95,17,3086,,0,1031,,G,,0,0,000000000,00000000000,0,0,0,1,0,0,0,0,0,0,0,998,0,0,0,12,12,6,2,12,0,0,0,1,96,0,9,9,99,9,9,9,999,999,99,99,99,99,99,99,9999,99,9999,0,0,0,0,0,1,4,55,1,6,2,2,0,0,1,62,1,1,1,98,0,0
47,470509,1,1,2,23,7,17,45,38,0,1,0,47,2,12,401,12401,14,2002,1FMZU62E92UA,1,F,M,Z,U,6,2,E,9,2,U,A,0,P,FORD,EPR,UT,2,17,4094,,0,1137,,G,,0,0,000000000,00000000000,0,0,0,1,0,0,0,0,0,0,0,998,0,0,0,12,98,6,2,38,0,0,0,1,47,38053,1,1,1,0,2,0,69,135,0,0,0,0,0,0,0,0,0,1,36,0,0,0,1,2,45,1,5,2,1,0,0,1,6,1,1,4,1,1,0
47,470510,1,1,1,27,7,0,41,30,0,1,0,47,2,21,1,21001,2,1985,1G3GM47A1FP3,1,G,3,G,M,4,7,A,1,F,P,3,0,P,OLDS,CBR,CP,85,17,3139,,0,1081,,G,,0,0,000000000,00000000000,0,0,0,1,0,0,0,0,0,0,0,998,0,0,0,9,98,6,2,30,0,0,0,1,47,37807,2,1,2,0,2,0,62,105,0,0,0,0,0,0,0,0,0,0,99,99,99,99,1,2,30,2,6,2,1,0,0,14,13,1,1,4,1,1,0
47,470511,1,2,1,3,7,1,41,12,2,1,0,47,1,37,31,37031,4,1994,1HGEG8558RL0,1,H,G,E,G,8,5,5,8,R,L,0,0,P,HOND,CLX,4D,94,17,2340,,0,1032,,G,,0,0,000000000,00000000000,0,0,0,1,0,0,0,0,0,0,0,998,0,0,0,12,98,6,2,12,0,0,0,1,47,37211,6,1,0,0,3,0,64,140,2,0,0,0,0,5,2010,6,2010,0,36,51,0,0,3,6,65,1,1,2,1,0,0,1,54,1,1,1,50,1,1
47,470511,2,2,6,3,7,1,41,12,2,1,0,21,3,20,443,20443,20,2001,1GNDX13E21D1,1,G,N,D,X,1,3,E,2,1,D,1,0,T,CHEV,LUX,ES,1,17,,1,0,1200,VTR,G,,0,0,000000000,00000000000,0,0,0,1,0,0,0,0,0,0,0,998,0,0,0,12,98,6,2,12,0,0,0,1,21,40272,6,1,0,0,3,0,71,180,0,0,0,0,0,0,0,0,0,0,0,0,0,0,3,6,65,1,1,2,1,0,0,1,54,9,1,1,51,0,0
47,470512,1,2,1,28,7,11,35,12,6,1,0,39,3,82,883,82883,66,2003,1FUJA6CGX3LK,1,F,U,J,A,6,C,G,X,3,L,K,1,T,FRHT,COL,DS,3,17,,8,0,0,CON,D,,1,57,272192,57272192,3,6,1,1,0,0,0,0,0,0,0,998,0,0,0,12,12,6,2,12,0,0,0,1,39,43311,6,1,6,0,3,0,70,256,0,0,0,0,0,0,0,0,0,0,0,0,0,0,2,2,70,1,5,2,1,0,0,1,62,1,1,1,65,0,0
47,470512,2,2,1,28,7,11,35,12,6,1,0,47,2,37,39,37039,5,2008,JHMGD38688S0,J,H,M,G,D,3,8,6,8,8,S,0,0,P,HOND,FIS,4H,8,17,2551,,0,965,,G,,0,0,000000000,00000000000,0,0,0,1,0,0,0,0,0,0,0,998,0,0,0,9,98,6,2,12,0,0,0,1,47,38138,6,1,0,0,3,0,64,135,0,0,0,1,0,9,2008,9,2008,0,28,58,0,0,2,2,70,1,6,2,1,0,0,1,12,8,1,6,64,1,0
47,470513,1,2,1,4,7,13,28,12,6,1,0,47,1,12,17,12017,4,2006,1FAFP56U06A2,1,F,A,F,P,5,6,U,0,6,A,2,0,P,FORD,TEL,4D,6,17,3314,,0,1085,,G,,0,0,000000000,00000000000,0,0,0,1,0,0,0,0,0,0,0,998,0,0,0,7,98,6,2,12,0,0,0,1,47,37082,6,1,0,0,3,0,65,140,0,0,0,0,1,5,2010,5,2010,0,38,0,0,0,1,2,30,1,1,2,1,20,3,1,17,1,1,1,89,1,0
47,470513,2,2,3,4,7,13,28,12,6,1,0,47,2,7,482,7482,31,2007,1D7HA18P77S1,1,D,7,H,A,1,8,P,7,7,S,1,0,T,DODG,SQ1,CW,7,17,,2,1605,1405,RPC,F,,0,0,000000000,00000000000,0,0,0,1,0,0,0,0,0,0,0,998,0,0,0,12,12,2,3,12,0,0,0,1,47,37029,6,1,0,0,3,0,66,118,1,0,0,2,0,7,2009,10,2009,0,0,0,0,0,1,2,40,1,1,2,1,0,0,1,66,1,1,1,88,0,0
47,470514,1,1,1,22,7,99,99,42,0,1,0,47,1,49,50,49050,3,2007,JTKDE177X701,J,T,K,D,E,1,7,7,X,7,0,1,0,P,TOYT,SXC,2H,7,17,2905,,0,1063,,G,,0,0,000000000,00000000000,0,0,0,1,0,0,0,0,0,0,0,998,0,1,5,12,98,6,2,1,0,0,0,1,47,37036,6,1,0,0,3,0,72,200,0,0,0,0,0,0,0,0,0,0,99,99,99,99,1,2,45,2,6,2,99,0,0,14,13,1,1,4,1,1,0
47,470515,1,2,1,28,7,19,10,12,6,1,0,47,1,37,31,37031,2,1996,1HGEJ6122TL0,1,H,G,E,J,6,1,2,2,T,L,0,0,P,HOND,UCD,CP,96,17,2208,,0,1032,,G,,0,0,000000000,00000000000,0,0,0,1,0,0,0,0,0,0,0,998,0,0,0,12,98,6,2,12,0,0,0,1,47,37763,6,1,0,0,3,0,69,200,1,0,0,0,1,8,2008,5,2010,0,28,0,0,0,1,2,55,1,1,2,1,0,0,1,10,1,1,2,64,1,1
47,470515,2,2,1,28,7,19,10,12,6,1,0,47,1,14,17,14017,4,1999,1MEFM50U8XG6,1,M,E,F,M,5,0,U,8,X,G,6,0,P,MERC,SGS,4D,99,17,3299,,0,1085,,G,,0,0,000000000,00000000000,0,0,0,1,0,0,0,0,0,0,0,998,0,0,0,11,98,6,2,12,0,0,0,1,47,37763,6,1,0,0,3,0,73,200,0,1,0,2,0,4,2008,1,2010,0,0,0,0,0,1,2,55,1,1,2,1,0,0,1,62,1,1,1,65,0,0
47,470516,1,2,2,25,7,11,9,12,1,1,0,47,1,20,403,20403,14,2003,1GNDS13SX322,1,G,N,D,S,1,3,S,X,3,2,2,0,P,CHEV,TRL,UT,3,17,4417,,0,1130,,G,,0,0,000000000,00000000000,0,0,0,1,0,0,0,0,0,0,0,998,0,0,0,12,12,4,1,12,0,0,0,1,47,37373,6,1,0,0,3,0,65,148,0,0,0,0,0,0,0,0,0,0,0,0,0,0,1,2,25,1,1,2,1,0,0,1,51,1,1,1,24,0,0
47,470516,2,2,1,25,7,11,9,12,1,1,0,92,0,99,998,99998,97,9999,000000000000,0,0,0,0,0,0,0,0,0,0,0,0,0,U,,,,,17,,,,,,,,0,0,000000000,00000000000,0,0,0,1,0,0,0,0,0,0,0,998,0,0,0,6,6,6,2,12,0,0,0,1,47,37373,6,1,0,0,3,0,71,285,0,2,0,0,0,12,2008,12,2008,0,28,0,0,0,1,2,25,1,1,2,1,0,0,1,53,1,1,2,25,1,0
47,470517,1,2,1,24,7,2,0,24,0,1,0,47,1,20,481,20481,31,1990,1GCDC14K7LZ1,1,G,C,D,C,1,4,K,7,L,Z,1,0,T,CHEV,GC1,PK,90,17,,1,1415,1175,GM4,G,,0,0,000000000,00000000000,0,0,0,1,0,0,0,0,0,0,0,998,0,0,0,9,98,6,2,24,0,0,0,1,47,37813,6,1,0,0,3,0,72,240,0,0,0,0,0,0,0,0,0,1,36,0,0,0,2,2,55,2,1,2,1,0,0,14,6,1,1,4,6,1,1
47,470517,2,2,1,24,7,2,0,24,0,1,1,47,2,9,20,9020,4,1995,1P3ES47C8SD3,1,P,3,E,S,4,7,C,8,S,D,3,0,P,PLYM,NEH,4D,95,17,2463,,0,1040,,G,,0,0,000000000,00000000000,0,0,0,1,0,0,0,0,0,0,0,998,0,0,0,7,7,4,1,12,0,0,0,1,47,37814,2,1,2,0,2,0,68,150,0,0,0,0,0,0,0,0,0,1,36,0,0,0,2,2,55,2,1,2,1,0,0,14,6,1,1,1,98,0,0
47,470518,1,2,1,29,7,13,46,12,9,1,0,53,3,12,481,12481,31,2002,1FTNW20F22EA,1,F,T,N,W,2,0,F,2,2,E,A,0,T,FORD,F2S,CW,2,17,,2,1724,1562,SRW,D,,0,0,000000000,00000000000,0,0,0,1,0,0,0,0,0,0,0,998,0,1,1,6,98,6,2,12,0,0,0,1,37,28804,6,1,0,0,3,0,66,999,0,0,0,0,0,0,0,0,0,0,0,0,0,0,2,2,70,1,6,2,2,0,0,2,53,1,1,1,45,0,0
47,470518,2,2,1,29,7,13,46,12,9,1,0,17,3,84,881,84881,66,2007,2HSCEAHR57C3,2,H,S,C,E,A,H,R,5,7,C,3,1,T,INTL,92I,DS,7,17,,8,0,0,920,D,,3,57,105214,57105214,3,6,2,2,2,1977,2,2,0,0,0,998,0,1,1,1,98,6,2,1,0,0,0,1,21,40210,6,1,6,1,3,0,71,175,0,0,0,0,0,0,0,0,0,1,0,0,0,0,3,2,70,1,6,2,2,0,0,6,6,8,1,1,46,1,0
47,470519,1,1,1,31,7,18,48,30,0,1,0,47,1,73,706,73706,80,2000,JKBVNAJ13YA0,J,K,B,V,N,A,J,1,3,Y,A,0,0,M,KAWK,V5J,RS,0,17,,,,,,,1500,0,0,000000000,00000000000,0,0,0,1,0,0,0,0,0,0,0,998,0,0,0,12,12,4,3,30,0,0,0,1,47,38135,6,1,0,0,3,0,73,190,0,0,0,1,0,11,2009,11,2009,0,99,99,99,99,1,2,35,2,1,2,1,0,0,14,13,1,1,4,1,1,0
47,470520,1,1,1,31,7,13,43,42,0,1,0,47,2,49,482,49482,31,2004,5TBBT44174S4,5,T,B,B,T,4,4,1,7,4,S,4,0,T,TOYT,TT5,4C,4,17,,2,0,1283,TUN,G,,0,0,000000000,00000000000,0,0,0,1,0,0,0,0,0,0,0,998,0,1,5,12,98,6,2,42,0,0,0,1,47,37865,6,1,0,0,3,0,74,250,1,0,0,0,1,9,2008,9,2008,0,99,99,99,99,5,2,50,1,1,2,2,0,0,1,13,1,1,4,1,1,0
47,470521,1,2,1,31,7,11,36,42,0,1,0,47,1,12,13,12013,2,2000,3FAKP113XYR1,3,F,A,K,P,1,1,3,X,Y,R,1,0,P,FORD,ZX2,CP,0,17,2478,,0,984,,G,,0,0,000000000,00000000000,0,0,0,1,0,0,0,0,0,0,0,998,0,0,0,3,98,6,2,42,0,0,0,1,47,37918,6,1,0,0,3,1,67,168,0,0,0,0,0,0,0,0,0,1,58,87,0,0,2,2,45,3,5,2,2,0,0,14,5,8,4,4,7,1,0
47,470521,2,2,2,31,7,11,36,42,0,1,0,47,2,23,471,23471,30,1999,1GTCS19X2X85,1,G,T,C,S,1,9,X,2,X,8,5,0,T,GMC,SON,PK,99,17,,1,0,1229,SON,G,,0,0,000000000,00000000000,0,0,0,1,0,0,0,0,0,0,0,998,0,0,0,18,98,4,1,54,0,0,0,1,47,37774,6,1,0,0,3,0,74,260,0,0,0,0,0,0,0,0,0,0,0,0,0,0,2,2,45,2,6,2,2,0,0,14,54,1,1,1,98,0,0
47,470522,1,2,1,30,7,23,35,12,6,1,0,47,5,52,35,52035,4,2001,JA3AY26C51U0,J,A,3,A,Y,2,6,C,5,1,U,0,0,P,MITS,MES,4D,1,17,2437,,0,984,,G,,0,0,000000000,00000000000,0,0,0,1,0,0,0,0,0,0,0,998,0,0,0,3,98,6,2,35,0,0,0,1,47,37363,6,1,0,0,3,0,65,230,0,0,0,1,0,8,2007,8,2007,0,28,36,0,0,1,2,35,3,6,2,1,0,0,14,10,1,1,2,64,1,1
47,470522,2,2,1,30,7,23,35,12,6,1,0,47,1,51,43,51043,4,2000,YV1LS61J0Y26,Y,V,1,L,S,6,1,J,0,Y,2,6,0,P,VOLV,SSE,4D,0,17,3155,,0,1049,,G,,0,0,000000000,00000000000,0,0,0,1,0,0,0,0,0,0,0,998,0,0,0,12,12,6,2,12,0,0,0,1,47,37377,6,1,0,0,3,0,63,125,0,0,0,0,0,0,0,0,0,0,0,0,0,0,1,2,35,1,5,2,1,0,0,1,62,1,1,1,65,0,0
47,470523,1,1,1,18,7,22,20,8,0,1,1,99,9,99,999,99999,99,9999,999999999999,9,9,9,9,9,9,9,9,9,9,9,9,9,U,,,,9,17,,,,,,,,0,0,000000000,00000000000,0,0,0,1,0,0,0,0,99,99,9,38,0,0,0,99,99,9,1,8,99,99,0,1,99,99999,9,9,99,9,9,9,999,999,99,99,99,99,99,99,9999,99,9999,9,99,99,99,99,2,2,45,3,6,2,1,0,0,14,80,1,1,1,13,0,0
47,470524,1,1,1,18,7,22,30,42,0,1,0,47,1,49,403,49403,14,2005,JTEGD21A7501,J,T,E,G,D,2,1,A,7,5,0,1,0,P,TOYT,HIG,UT,5,17,3520,,0,1069,,G,,0,0,000000000,00000000000,0,0,0,1,0,0,0,0,0,0,0,998,0,1,5,12,12,6,2,1,0,0,0,1,47,38109,6,1,0,0,3,0,68,195,1,0,0,0,1,10,2009,12,2009,0,99,99,99,99,1,2,35,3,2,2,1,0,0,14,13,1,1,4,1,1,0
47,470525,1,1,1,20,6,11,2,30,0,1,0,47,1,7,43,7043,2,2004,4B3AG52H44E1,4,B,3,A,G,5,2,H,4,4,E,1,0,P,DODG,SRS,CP,4,17,3170,,0,1037,,G,,0,0,000000000,00000000000,0,0,0,1,0,0,0,0,0,0,0,998,0,0,0,12,98,4,3,32,0,0,0,1,47,37755,6,1,0,0,3,0,73,267,1,0,0,1,1,8,2007,5,2008,0,99,99,99,99,1,2,45,1,1,2,1,0,0,1,13,1,2,4,2,1,0
47,470526,1,3,1,30,6,18,51,12,6,1,0,47,1,20,421,20421,15,1996,1GNEK13R1TJ3,1,G,N,E,K,1,3,R,1,T,J,3,0,P,CHEV,KTA,UT,96,17,5144,,0,1175,,G,,0,0,000000000,00000000000,0,0,0,1,0,0,0,0,0,0,0,998,0,0,0,12,12,6,2,12,0,0,0,1,47,37075,6,1,0,0,3,0,74,205,1,2,0,0,0,11,2007,7,2008,1,36,39,0,0,2,3,45,1,1,2,1,1,3,1,6,1,1,2,69,0,1
47,470526,2,3,1,30,6,18,51,12,6,1,0,47,2,19,5,19005,2,1990,1G6EL1330LU6,1,G,6,E,L,1,3,3,0,L,U,6,0,P,CADI,ELD,CP,90,17,3341,,0,1080,,G,,0,0,000000000,00000000000,0,0,0,1,0,0,0,0,0,0,0,998,0,0,0,9,82,6,2,12,0,0,0,1,47,37207,6,1,0,0,3,0,71,185,0,1,0,1,0,8,2008,6,2009,0,0,0,0,0,1,4,35,1,1,2,1,1,3,11,15,1,1,1,68,1,0
47,470526,3,3,2,30,6,18,51,12,6,1,0,47,2,58,37,58037,4,2006,JNKCV51E26M5,J,N,K,C,V,5,1,E,2,6,M,5,0,P,INFI,G35,4D,6,17,3449,,0,1122,,G,,0,0,000000000,00000000000,0,0,0,1,0,0,0,0,0,0,0,0,0,0,0,11,11,4,3,12,0,0,0,1,47,37075,6,1,0,0,3,1,71,185,1,0,0,0,0,4,2009,4,2009,0,0,0,0,0,2,3,45,1,1,2,1,1,3,5,66,1,1,1,98,0,0
47,470527,1,2,1,13,5,19,56,12,6,1,0,47,1,53,705,53705,80,2008,JS1GN7EA7821,J,S,1,G,N,7,E,A,7,8,2,1,0,M,SUZI,G60,RS,8,17,,,,,,,599,0,0,000000000,00000000000,0,0,0,1,0,0,0,0,0,0,0,998,0,0,0,12,98,6,2,12,0,0,0,1,47,37711,6,1,0,0,3,0,71,185,2,1,0,1,0,12,2008,4,2010,1,0,0,0,0,1,2,45,3,2,2,1,0,0,14,6,1,1,1,69,1,0
47,470527,2,2,4,13,5,19,56,12,6,1,0,47,1,9,442,9442,20,1997,1P4GP44R2VB4,1,P,4,G,P,4,4,R,2,V,B,4,0,P,PLYM,VOF,SV,97,17,3687,,0,1193,,G,,0,0,000000000,00000000000,0,0,0,1,0,0,0,0,0,0,0,998,0,0,0,5,5,6,2,12,0,0,0,1,47,37809,6,1,0,0,3,0,65,114,0,1,0,1,0,10,2008,11,2008,0,0,0,0,0,1,2,45,3,2,2,1,0,0,11,15,1,1,2,68,0,0
47,470528,1,2,1,24,7,1,29,12,1,1,0,47,2,37,706,37706,80,2006,JH2SC57026M2,J,H,2,S,C,5,7,0,2,6,M,2,0,M,HOND,CBS,RC,6,17,,,,,,,998,0,0,000000000,00000000000,0,0,0,1,0,0,0,0,0,0,0,998,0,0,0,12,98,6,2,12,0,0,1,1,13,30739,6,1,0,0,3,0,74,212,98,0,0,1,1,2,2008,11,2009,1,0,0,0,0,3,3,55,1,1,2,1,0,0,1,6,2,1,1,28,1,0
47,470528,2,2,1,24,7,1,29,12,1,1,0,47,1,12,422,12422,15,2000,1FMEU15L1YLB,1,F,M,E,U,1,5,L,1,Y,L,B,0,P,FORD,EPT,UT,0,17,4886,,0,1191,,G,,0,0,000000000,00000000000,0,0,0,1,0,0,0,0,0,0,0,998,0,0,0,6,6,2,1,12,0,0,0,1,47,37403,6,1,0,0,3,0,72,300,0,0,0,0,0,0,0,0,0,0,0,0,0,0,3,3,55,1,1,2,1,0,0,2,53,1,1,1,29,0,0
47,470529,1,2,1,25,7,18,14,12,6,1,0,1,2,37,706,37706,80,2007,JH2SC57077M3,J,H,2,S,C,5,7,0,7,7,M,3,0,M,HOND,CBS,RS,7,17,,,,,,,998,0,0,000000000,00000000000,0,0,0,1,0,0,0,0,0,0,0,998,0,0,0,12,12,6,2,12,0,0,0,1,47,37421,6,1,0,0,3,0,75,225,0,0,0,1,0,11,2009,11,2009,1,0,0,0,0,5,2,40,1,1,2,1,3,3,1,6,1,1,1,69,1,0
47,470529,2,2,3,25,7,18,14,12,6,1,0,47,2,2,405,2405,14,2005,1J4GK58K55W6,1,J,4,G,K,5,8,K,5,5,W,6,0,T,JEEP,LMD,4W,5,17,,1,0,1043,LIB,G,,0,0,000000000,00000000000,0,0,0,1,0,0,0,0,0,0,0,998,0,0,0,3,3,6,2,12,0,0,0,1,47,37341,6,2,0,0,3,0,66,135,0,0,0,0,0,0,0,0,0,0,0,0,0,0,5,2,40,1,1,2,1,3,3,11,15,1,1,2,68,0,0
47,470530,1,1,1,18,6,1,6,33,0,1,0,47,1,20,481,20481,31,2003,2GCEC19V4312,2,G,C,E,C,1,9,V,4,3,1,2,0,T,CHEV,SC1,4C,3,17,,2,1575,1435,SIL,G,,0,0,000000000,00000000000,0,0,0,1,0,0,0,0,0,0,0,998,0,1,5,12,98,6,2,1,0,0,0,1,47,38111,6,1,0,0,3,0,70,175,1,0,0,0,0,4,2008,4,2008,0,99,99,99,99,2,4,40,1,1,2,1,0,0,1,13,1,1,4,1,1,0
47,470531,1,1,1,27,7,10,8,42,0,1,0,47,2,20,443,20443,20,2001,1GNDX03EX1D2,1,G,N,D,X,0,3,E,X,1,D,2,0,T,CHEV,VTR,ES,1,17,,1,0,1200,VTR,G,,0,0,000000000,00000000000,0,0,0,1,0,0,0,0,0,0,0,998,0,0,0,12,12,6,2,42,0,0,0,1,47,37737,6,1,0,0,3,0,74,190,1,0,0,0,1,6,2009,7,2009,0,99,99,99,99,1,2,35,3,6,2,1,0,0,14,13,1,1,4,1,1,0
47,470532,1,1,6,2,8,1,0,1,0,1,0,47,2,12,422,12422,15,2003,1FMRU17W63LB,1,F,M,R,U,1,7,W,6,3,L,B,0,P,FORD,EPT,UT,3,17,5416,,0,1191,,G,,0,0,000000000,00000000000,0,0,0,1,0,0,0,0,0,0,0,998,0,2,3,0,0,6,2,1,0,0,0,1,47,37122,2,1,0,0,2,2,72,170,0,1,1,0,0,10,2009,10,2009,0,28,58,74,0,2,2,60,1,1,2,1,0,0,1,12,9,1,4,98,1,1
47,470533,1,3,1,1,8,21,10,12,6,1,0,47,1,6,16,6016,1,1993,1C3XU5532PF6,1,C,3,X,U,5,5,3,2,P,F,6,0,P,CHRY,LLX,CV,93,17,3089,,0,1003,,G,,0,0,000000000,00000000000,0,0,0,1,0,0,0,0,0,0,0,998,1,0,0,3,98,6,2,12,0,0,0,1,47,37074,1,1,1,0,2,0,999,999,0,2,0,0,0,11,2009,5,2010,0,23,28,0,0,2,4,45,1,1,2,1,1,3,11,15,1,1,2,68,0,1