STATE,ST_CASE,VEH_NO,VE_FORMS,NUMOCCS,DAY,MONTH,HOUR,MINUTE,HARM_EV,MAN_COLL,UNITTYPE,HIT_RUN,REG_STAT,OWNER,MAKE,MODEL,MAK_MOD,BODY_TYP,MOD_YEAR,VIN,VIN_1,VIN_2,VIN_3,VIN_4,VIN_5,VIN_6,VIN_7,VIN_8,VIN_9,VIN_10,VIN_11,VIN_12,TOW_VEH,VINTYPE,VINMAKE,VINA_MOD,VIN_BT,VINMODYR,VIN_LNGT,VIN_WGT,WGTCD_TR,WHLBS_LG,WHLBS_SH,SER_TR,FUELCODE,MCYCL_DS,J_KNIFE,MCARR_I1,MCARR_I2,MCARR_ID,GVWR,V_CONFIG,CARGO_BT,HAZ_INV,HAZ_PLAC,HAZ_ID,HAZ_CNO,HAZ_REL,BUS_USE,SPEC_USE,EMER_USE,TRAV_SP,UNDERIDE,ROLLOVER,ROLINLOC,IMPACT1,IMPACT2,DEFORMED,TOWED,M_HARM,VEH_SC1,VEH_SC2,FIRE_EXP,DR_PRES,L_STATE,DR_ZIP,L_STATUS,L_TYPE,CDL_STAT,L_ENDORS,L_COMPL,L_RESTRI,DR_HGT,DR_WGT,PREV_ACC,PREV_SUS,PREV_DWI,PREV_SPD,PREV_OTH,FIRST_MO,FIRST_YR,LAST_MO,LAST_YR,SPEEDREL,DR_SF1,DR_SF2,DR_SF3,DR_SF4,VTRAFWAY,VNUM_LAN,VSPD_LIM,VALIGN,VPROFILE,VPAVETYP,VSURCOND,VTRAFCON,VTCONT_F,P_CRASH1,P_CRASH2,P_CRASH3,PCRASH4,PCRASH5,ACC_TYPE,DEATHS,DR_DRINK
47,470533,2,3,1,1,8,21,10,12,6,1,0,47,1,12,481,12481,31,1999,1FTRX18L4XNB,1,F,T,R,X,1,8,L,4,X,N,B,0,T,FORD,F15,4C,99,17,,2,1574,1388,COF,G,,0,0,000000000,00000000000,0,0,0,1,0,0,0,0,0,0,0,998,0,1,1,12,98,6,2,12,0,0,0,1,47,38555,6,1,0,0,3,1,71,120,0,0,0,0,0,0,0,0,0,0,0,0,0,0,2,4,45,1,1,2,1,1,3,1,17,1,1,1,69,1,0
47,470533,3,3,4,1,8,21,10,12,6,1,0,47,1,35,47,35047,4,2008,1N4AL21E78N4,1,N,4,A,L,2,1,E,7,8,N,4,0,P,NISS,ATS,4D,8,17,3028,,0,1093,,G,,0,0,000000000,00000000000,0,0,0,1,0,0,0,0,0,0,0,0,0,0,0,62,98,6,2,12,0,0,0,1,47,38549,6,1,0,0,3,0,69,210,0,0,0,0,0,0,0,0,0,0,0,0,0,0,1,2,30,1,1,2,1,1,3,5,67,1,1,1,98,0,0
47,470534,1,1,1,3,8,10,4,34,0,1,0,47,1,82,881,82881,63,2000,1FV6HJAA3YHB,1,F,V,6,H,J,A,A,3,Y,H,B,0,T,FRHT,F70,CC,0,17,,7,0,0,MCV,D,,0,88,888888888,88888888888,3,1,4,1,0,0,0,0,0,0,0,998,0,1,5,82,98,6,2,1,0,0,0,1,47,37167,6,1,6,0,3,0,70,215,0,0,0,1,1,6,2008,10,2008,0,99,99,99,99,1,2,45,1,5,2,1,0,0,1,13,1,1,4,1,1,0
47,470535,1,1,2,3,8,19,40,1,0,1,0,47,2,20,422,20422,15,2004,3GNEC16Z64G3,3,G,N,E,C,1,6,Z,6,4,G,3,0,P,CHEV,C15,UT,4,17,4947,,0,1300,,F,,0,0,000000000,00000000000,0,0,0,1,0,0,0,0,0,0,0,998,0,2,5,0,98,6,2,1,0,0,0,1,47,37037,6,1,0,0,3,1,65,150,1,0,0,0,0,5,2010,5,2010,0,28,58,0,0,1,2,45,3,3,2,1,0,0,14,12,8,4,4,98,1,0
47,470536,1,2,1,3,8,14,37,1,0,1,0,47,2,87,881,87881,66,2000,1XP5DR9XXYN5,1,X,P,5,D,R,9,X,X,Y,N,5,1,T,PTRB,379,DS,0,17,,8,0,0,CON,D,,1,57,667970,57667970,3,6,10,1,0,0,0,0,0,0,0,998,0,1,5,62,98,6,2,2,0,0,1,1,1,35633,6,1,6,0,3,0,72,195,0,0,0,2,6,12,2007,5,2010,0,0,0,0,0,1,2,55,1,1,2,1,0,0,1,62,2,1,1,98,1,0
47,470536,2,2,1,3,8,14,37,1,0,1,0,47,2,82,881,82881,66,1993,1FUYDSYB6PP4,1,F,U,Y,D,S,Y,B,6,P,P,4,1,T,FRHT,FLD,DS,93,17,,8,0,0,CON,D,,1,57,1908467,571908467,3,6,10,1,0,0,0,0,0,0,0,998,0,2,1,0,98,6,2,12,0,0,0,1,1,35633,6,1,6,0,3,2,68,150,0,0,0,2,1,1,2008,4,2010,0,28,36,74,0,1,2,55,2,5,2,1,0,0,14,10,1,1,2,98,0,0
47,470537,1,2,2,5,8,17,55,12,6,1,0,47,1,18,7,18007,4,1995,1G4AG55M1S64,1,G,4,A,G,5,5,M,1,S,6,4,0,P,BUIC,CSP,4D,95,17,2986,,0,1049,,G,,0,0,000000000,00000000000,0,0,0,1,0,0,0,0,0,0,0,998,2,1,5,12,98,6,2,1,0,0,0,1,47,38068,2,1,2,0,2,0,72,232,0,0,0,0,0,0,0,0,0,0,0,0,0,0,1,2,55,1,1,2,2,0,0,1,10,1,4,2,64,2,0
47,470537,2,2,1,5,8,17,55,12,6,1,0,47,3,12,461,12461,21,2009,1FTNE14W19DA,1,F,T,N,E,1,4,W,1,9,D,A,0,T,FORD,15V,CG,9,17,,2,0,1380,VAN,G,,0,0,000000000,00000000000,0,0,0,1,0,0,0,0,0,0,0,998,7,0,0,3,3,6,2,12,0,0,0,1,47,38112,6,1,0,0,3,0,63,170,0,0,0,0,0,0,0,0,0,0,38,0,0,0,1,2,55,1,1,2,2,0,0,1,62,1,1,1,65,0,0
47,470538,1,1,2,5,8,13,18,10,0,1,0,47,2,48,31,48031,6,1993,JF1AN4226PC4,J,F,1,A,N,4,2,2,6,P,C,4,0,P,SUBA,LOY,SW,93,17,2490,,0,969,,G,,0,0,000000000,00000000000,0,0,0,1,0,0,0,0,0,0,0,998,0,0,0,3,98,6,2,10,0,0,0,1,47,37874,2,1,2,0,2,0,69,200,0,0,0,0,0,0,0,0,0,0,38,0,0,0,1,2,55,1,5,4,1,65,3,1,8,1,1,1,98,2,1
47,470539,1,1,1,5,8,2,50,35,0,1,0,47,2,12,481,12481,31,2001,1FTRX18L11NA,1,F,T,R,X,1,8,L,1,1,N,A,0,T,FORD,F15,4C,1,17,,2,1574,1388,COF,G,,0,0,000000000,00000000000,0,0,0,1,0,0,0,0,0,0,0,998,0,1,5,12,98,6,2,1,0,0,0,1,47,38261,1,1,1,0,2,0,68,145,0,1,0,0,0,12,2008,12,2008,0,58,0,0,0,1,2,55,1,1,2,1,0,0,6,13,9,3,4,2,1,1
47,470540,1,1,1,6,8,10,55,57,0,1,0,47,1,72,706,72706,80,2002,1HD1FFW162Y6,1,H,D,1,F,F,W,1,6,2,Y,6,0,M,HD,TCI,RS,2,17,,,,,,,1450,0,0,000000000,00000000000,0,0,0,1,0,0,0,0,0,0,0,998,0,0,0,62,98,6,2,57,0,0,0,1,47,37615,6,1,0,0,3,0,70,185,1,0,0,0,1,3,2009,3,2009,0,99,99,99,99,3,2,70,2,2,2,2,0,0,14,12,1,2,4,7,1,0
47,470541,1,1,2,6,8,22,50,59,0,1,0,47,1,12,481,12481,31,1989,1FTDF15Y8KKA,1,F,T,D,F,1,5,Y,8,K,K,A,0,T,FORD,F15,PK,89,17,,1,1330,1170,COF,G,,0,0,000000000,00000000000,0,0,0,1,0,0,0,0,0,0,0,998,0,0,0,82,98,6,2,42,0,0,0,1,47,38329,6,1,0,0,3,0,69,150,0,0,0,0,0,0,0,0,0,0,36,0,0,0,1,2,55,3,3,2,1,0,0,14,13,1,1,4,1,1,1
47,470542,1,2,1,6,8,15,35,12,2,1,0,47,1,37,31,37031,2,1994,2HGEJ2124RH5,2,H,G,E,J,2,1,2,4,R,H,5,0,P,HOND,CID,CP,94,17,2168,,0,1032,,G,,0,0,000000000,00000000000,0,0,0,1,0,0,0,0,0,0,0,998,0,0,0,12,98,6,2,12,0,0,0,1,47,37891,6,1,0,0,3,0,63,145,0,0,0,0,0,0,0,0,0,0,51,0,0,0,1,2,40,1,1,2,1,0,0,1,15,1,1,2,50,1,0
47,470542,2,2,2,6,8,15,35,12,2,1,0,47,1,12,18,12018,3,1993,1ZVCT20A1P51,1,Z,V,C,T,2,0,A,1,P,5,1,0,P,FORD,PBS,2H,93,17,0,,0,1029,,G,,0,0,000000000,00000000000,0,0,0,1,0,0,0,0,0,0,0,998,0,0,0,12,98,6,2,12,0,0,0,1,47,37860,6,1,0,0,3,1,64,214,0,1,0,0,0,8,2008,8,2008,0,0,0,0,0,1,2,40,1,1,2,1,0,0,1,54,1,1,1,51,0,0
47,470543,1,2,3,6,8,15,9,12,6,1,0,47,2,49,32,49032,4,1993,1NXAE09E2PZ0,1,N,X,A,E,0,9,E,2,P,Z,0,0,P,TOYT,LED,4D,93,17,2370,,0,957,,G,,0,0,000000000,00000000000,0,0,0,1,0,0,0,0,0,0,0,998,0,0,0,3,3,6,2,12,0,0,0,1,47,37115,6,2,0,0,3,2,70,165,0,0,0,0,0,0,0,0,0,1,28,52,58,73,1,2,50,3,5,2,1,0,0,14,10,8,2,2,64,2,0
47,470543,2,2,1,6,8,15,9,12,6,1,0,47,1,35,49,35049,6,2006,JN8AZ08W86W5,J,N,8,A,Z,0,8,W,8,6,W,5,0,P,NISS,MUR,UT,6,17,3855,,0,1112,,G,,0,0,000000000,00000000000,0,0,0,1,0,0,0,0,0,0,0,998,0,0,0,12,98,6,2,12,0,0,0,1,47,37075,6,1,0,0,3,1,68,125,0,0,0,0,0,0,0,0,0,0,0,0,0,0,1,2,50,2,6,2,1,0,0,14,62,1,1,1,65,0,0
47,470544,1,1,1,7,8,0,8,1,0,1,0,47,1,23,481,23481,31,1995,2GTEK19K1S15,2,G,T,E,K,1,9,K,1,S,1,5,0,T,GMC,SK1,PC,95,17,,2,1555,1415,SIE,G,,0,0,000000000,00000000000,0,0,0,1,0,0,0,0,0,0,0,998,0,2,5,0,98,6,2,1,0,0,0,1,47,37020,6,1,0,0,3,1,72,178,0,0,0,0,0,0,0,0,0,0,28,0,0,0,1,2,45,3,1,2,1,0,0,14,13,1,4,4,98,1,1
47,470545,1,2,1,7,8,21,41,12,2,1,0,47,1,7,14,7014,4,1987,1B3BE36K4HC3,1,B,3,B,E,3,6,K,4,H,C,3,0,P,DODG,600,4D,87,17,2528,,0,1033,,G,,0,0,000000000,00000000000,0,0,0,1,0,0,0,0,0,0,0,998,0,0,0,12,12,6,2,12,0,0,0,1,47,37928,2,1,0,0,2,0,999,999,0,0,0,0,0,0,0,0,0,0,51,0,0,0,1,2,35,1,2,2,1,40,3,1,10,1,1,2,50,1,1
47,470545,2,2,3,7,8,21,41,12,2,1,0,47,3,93,981,93981,51,1987,1M8FD9A30HP0,1,M,8,F,D,9,A,3,0,H,P,0,0,U,,,,87,17,,,,,,,,0,57,303038,57303038,3,21,22,1,0,0,0,0,4,0,0,998,0,0,0,12,12,4,1,12,0,0,0,1,47,37412,6,1,6,1,3,0,67,145,0,0,0,0,0,0,0,0,0,0,92,0,0,0,1,2,35,1,2,2,1,40,3,1,54,1,1,1,51,0,0
47,470546,1,1,1,8,8,14,15,1,0,1,0,1,1,37,32,37032,4,1992,1HGCB7677NA0,1,H,G,C,B,7,6,7,7,N,A,0,0,P,HOND,AEX,4D,92,17,2987,,0,1071,,G,,0,0,000000000,00000000000,0,0,0,1,0,0,0,0,0,0,0,998,0,2,3,0,98,6,2,1,0,0,0,1,1,35179,6,1,0,0,3,0,69,155,0,0,0,1,0,1,2010,1,2010,0,28,0,0,0,2,2,70,2,5,2,1,0,0,14,12,8,4,4,98,1,0
47,470547,1,1,2,8,8,4,49,1,0,1,0,47,2,20,401,20401,14,2001,1GNCS13W2122,1,G,N,C,S,1,3,W,2,1,2,2,0,P,CHEV,BZR,UT,1,17,3887,,0,1070,,G,,0,0,000000000,00000000000,0,0,0,1,0,0,0,0,0,0,0,998,0,2,1,0,98,6,2,1,0,0,0,1,47,37129,6,1,0,0,3,0,71,190,0,0,0,0,0,0,0,0,0,1,28,58,0,0,6,1,35,2,5,2,1,0,0,14,6,9,3,6,98,1,1
47,470548,1,1,1,8,8,5,1,33,0,1,0,47,1,35,50,35050,4,2007,3N1BC13E37L4,3,N,1,B,C,1,3,E,3,7,L,4,0,P,NISS,VSL,4H,7,17,2649,,0,1024,,G,,0,0,000000000,00000000000,0,0,0,1,0,0,0,0,0,0,0,998,0,0,0,62,98,6,2,31,0,0,0,1,47,37931,6,1,0,0,3,0,70,132,1,0,0,0,0,1,2008,1,2008,0,36,0,0,0,2,4,30,1,1,2,1,0,0,1,13,1,1,4,1,1,1
47,470549,1,1,2,8,8,15,0,1,0,1,0,47,2,14,401,14401,14,2003,4M2ZU86K43UJ,4,M,2,Z,U,8,6,K,4,3,U,J,0,P,MERC,MOU,UT,3,17,4170,,0,1138,,F,,0,0,000000000,00000000000,0,0,0,1,0,0,0,0,0,0,0,998,0,2,5,0,98,6,2,1,0,0,0,1,47,37138,6,2,0,0,3,2,66,150,0,0,0,0,0,0,0,0,0,0,52,58,73,0,1,2,30,3,5,2,1,0,0,14,12,8,4,4,98,1,0
47,470550,1,1,1,9,8,5,56,42,0,1,0,47,1,37,31,37031,2,2007,2HGFG11657H5,2,H,G,F,G,1,1,6,5,7,H,5,0,P,HOND,UCL,CP,7,17,2657,,0,1043,,G,,0,0,000000000,00000000000,0,0,0,1,0,0,0,0,0,0,0,998,0,0,0,83,83,6,2,42,0,0,0,1,47,37919,6,1,0,0,3,1,76,217,0,1,0,2,0,7,2008,4,2009,1,58,0,0,0,1,2,45,3,1,2,1,0,0,14,6,8,4,4,7,1,0
47,470551,1,1,1,9,8,0,10,8,0,1,0,47,2,49,32,49032,4,1998,2T1BR18E0WC0,2,T,1,B,R,1,8,E,0,W,C,0,0,P,TOYT,UVL,4D,98,17,2414,,0,970,,G,,0,0,000000000,00000000000,0,0,0,1,0,0,0,0,0,0,0,998,0,0,0,12,12,6,2,8,0,0,0,1,47,37821,6,1,0,0,3,0,65,135,1,0,0,1,0,10,2008,2,2010,0,0,0,0,0,1,2,55,1,1,2,1,0,0,1,80,1,1,1,13,0,0
47,470552,1,1,1,9,8,16,39,34,0,1,0,47,1,73,702,73702,83,2001,JKAKXRLC41A0,J,K,A,K,X,R,L,C,4,1,A,0,0,M,KAWK,KXL,MX,1,17,,,,,,,125,0,0,000000000,00000000000,0,0,0,1,0,0,0,0,0,0,0,998,0,0,0,12,12,6,2,34,0,0,0,1,47,37826,6,7,0,0,2,2,74,250,0,0,0,0,0,0,0,0,0,1,73,82,0,0,1,2,55,3,6,2,1,0,0,14,6,1,1,4,6,1,0
47,470553,1,1,1,1,8,19,51,35,0,1,0,47,1,72,706,72706,80,2004,1HD1BJY154Y0,1,H,D,1,B,J,Y,1,5,4,Y,0,0,M,HD,STC,RS,4,17,,,,,,,1450,0,0,000000000,00000000000,0,0,0,1,0,0,0,0,0,0,0,998,0,0,0,12,98,6,2,35,0,0,0,1,47,37888,6,1,6,0,2,0,74,240,0,0,0,0,0,0,0,0,0,0,99,99,99,99,1,3,55,2,5,2,1,0,0,14,12,1,1,4,6,1,0
47,470554,1,2,1,10,8,17,16,12,1,1,0,5,1,6,52,6052,6,2005,3C3AY75SX5T2,3,C,3,A,Y,7,5,S,X,5,T,2,0,P,CHRY,GTP,CV,5,17,3379,,0,1030,,G,,0,0,000000000,00000000000,0,0,0,1,0,0,0,0,0,0,0,998,0,0,0,6,6,6,2,12,0,0,0,1,5,72364,6,1,0,0,3,0,65,185,0,0,0,0,0,0,0,0,0,0,0,0,0,0,3,4,70,1,6,2,1,0,0,2,53,1,1,1,29,0,0
47,470554,2,2,1,10,8,17,16,12,1,1,0,47,1,12,471,12471,30,1997,1FTCR14U4VPB,1,F,T,C,R,1,4,U,4,V,P,B,0,T,FORD,RNS,PS,97,17,,1,0,1250,RNG,G,,0,0,000000000,00000000000,0,0,0,1,0,0,0,0,0,0,0,998,0,0,0,12,98,6,2,12,0,0,0,1,47,38401,6,1,0,0,3,0,72,185,0,0,0,0,0,0,0,0,0,1,26,0,0,0,3,4,70,1,6,2,1,0,0,2,6,1,1,1,28,1,0
47,470555,1,2,1,10,8,20,55,12,6,1,0,47,2,53,705,53705,80,2006,JS1GN7DA7628,J,S,1,G,N,7,D,A,7,6,2,8,0,M,SUZI,K6R,RS,6,17,,,,,,,599,0,0,000000000,00000000000,0,0,0,1,0,0,0,0,0,0,0,998,0,0,0,12,98,6,2,12,0,0,1,1,47,38485,6,1,0,0,2,0,70,145,0,0,0,0,0,0,0,0,0,1,52,0,0,0,5,2,45,1,1,2,1,0,0,1,67,2,1,1,69,1,1
47,470555,2,2,1,10,8,20,55,12,6,1,0,47,1,7,482,7482,31,1995,1B7KC26C4SS2,1,B,7,K,C,2,6,C,4,S,S,2,0,T,DODG,250,PK,95,17,,2,0,1347,RPC,D,,0,0,000000000,00000000000,0,0,0,1,0,0,0,0,0,0,0,998,0,0,0,3,98,4,1,12,0,0,0,1,47,38464,6,1,0,0,3,1,72,260,1,0,0,0,0,1,2010,1,2010,0,38,0,0,0,5,2,45,1,1,2,1,0,0,11,15,1,1,2,68,0,0
47,470556,1,1,1,8,8,22,5,1,0,1,0,28,1,37,705,37705,80,2004,JH2PC37084M1,J,H,2,P,C,3,7,0,8,4,M,1,0,M,HOND,B60,RC,4,17,,,,,,,599,0,0,000000000,00000000000,0,0,0,1,0,0,0,0,0,0,0,998,0,0,0,0,98,6,2,1,0,0,0,1,47,37185,6,1,0,0,2,0,75,200,1,2,0,0,0,1,2008,11,2009,0,52,0,0,0,1,2,55,2,5,2,1,0,0,14,13,1,2,4,2,1,0
47,470557,1,1,1,12,8,15,55,42,0,1,0,47,1,49,471,49471,31,1991,JT4RN13P3M60,J,T,4,R,N,1,3,P,3,M,6,0,0,T,TOYT,ELD,PC,91,17,,1,0,1215,HTP,G,,0,0,000000000,00000000000,0,0,0,1,0,0,0,0,0,0,0,998,0,0,0,12,98,6,2,42,0,0,0,1,47,37814,2,1,0,0,2,0,71,200,0,1,1,0,0,12,2007,12,2007,0,99,99,99,99,1,2,45,3,6,2,1,0,0,14,13,1,2,4,2,1,0
47,470558,1,1,1,12,8,16,36,35,0,1,0,47,1,35,471,35471,30,1993,1N6SD11S7PC3,1,N,6,S,D,1,1,S,7,P,C,3,0,T,NISS,SWB,PK,93,17,,1,0,1043,TRK,G,,0,0,000000000,00000000000,0,0,0,1,0,0,0,0,0,0,0,998,0,1,5,62,98,6,2,1,0,0,0,1,47,37142,6,1,6,0,3,0,66,150,0,0,0,0,0,0,0,0,0,0,99,99,99,99,1,2,45,3,6,2,1,0,0,14,12,8,1,4,6,1,1
47,470559,1,1,4,14,8,23,40,8,0,1,0,47,1,19,18,19018,4,2003,1G6DM57N9301,1,G,6,D,M,5,7,N,9,3,0,1,0,P,CADI,C/T,4D,3,17,3509,,0,1134,,G,,0,0,000000000,00000000000,0,0,0,1,0,0,0,0,0,0,0,998,0,0,0,12,98,6,2,8,0,0,0,1,47,38464,6,1,0,0,3,0,66,130,0,0,0,0,0,0,0,0,0,0,0,0,0,0,2,2,65,1,6,2,1,0,0,1,80,1,1,1,13,0,0
47,470560,1,1,1,14,8,22,15,1,0,1,0,47,2,12,3,12003,2,1998,1FAFP4049WF2,1,F,A,F,P,4,0,4,9,W,F,2,0,P,FORD,MUS,CP,98,17,3065,,0,1013,,G,,0,0,000000000,00000000000,0,0,0,1,0,0,0,0,0,0,0,998,0,2,5,0,98,6,2,1,0,0,0,1,47,38401,1,1,0,0,2,0,70,195,0,2,0,0,0,5,2010,5,2010,0,28,0,0,0,1,2,55,1,1,2,1,0,0,1,13,6,1,4,98,1,1
47,470561,1,1,3,14,8,6,40,1,0,1,0,47,2,41,402,41402,14,2002,4F2YU07B02KM,4,F,2,Y,U,0,7,B,0,2,K,M,0,P,MAZD,TRI,UT,2,17,3091,,0,1031,,G,,0,0,000000000,00000000000,0,0,0,1,0,0,0,0,0,0,0,998,0,2,5,0,98,6,2,1,0,0,0,1,47,37322,0,0,0,0,0,0,71,170,0,0,0,0,0,0,0,0,0,0,28,35,36,92,1,2,55,1,3,2,1,0,0,6,13,1,1,4,98,1,1
47,470562,1,1,2,15,8,12,45,42,0,1,0,47,2,41,471,41471,30,1990,JM2UF1130L08,J,M,2,U,F,1,1,3,0,L,0,8,0,T,MAZD,22S,PK,90,17,,1,0,1087,B22,G,,0,0,000000000,00000000000,0,0,0,1,0,0,0,0,0,0,0,998,0,0,0,12,12,6,2,42,0,0,0,1,47,37308,2,1,0,0,2,0,71,260,0,1,1,0,0,2,2009,2,2009,0,99,99,99,99,1,2,45,2,5,2,1,0,0,14,12,1,1,4,6,1,0
47,470563,1,2,2,16,8,18,44,12,2,1,1,47,2,35,402,35402,14,2002,5N1ED28Y52C5,5,N,1,E,D,2,8,Y,5,2,C,5,0,P,NISS,XTR,UT,2,17,3924,,0,1043,,G,,0,0,000000000,00000000000,0,0,0,1,0,0,0,0,0,0,0,998,0,0,0,12,12,6,2,12,0,0,0,1,47,37064,0,0,0,0,0,0,999,999,99,99,99,99,99,99,9999,99,9999,0,28,36,58,0,1,2,35,1,1,2,1,0,0,1,10,1,1,2,50,0,1
47,470563,2,2,1,16,8,18,44,12,2,1,0,47,2,35,401,35401,14,2002,JN8DR09Y82W7,J,N,8,D,R,0,9,Y,8,2,W,7,0,P,NISS,PFI,UT,2,17,3997,,0,1063,,G,,0,0,000000000,00000000000,0,0,0,1,0,0,0,0,0,0,0,998,0,0,0,12,12,6,2,12,0,0,0,1,47,37135,6,1,0,0,3,0,67,190,0,0,0,0,0,0,0,0,0,0,0,0,0,0,1,2,35,1,1,2,1,0,0,1,54,1,1,1,51,1,0
47,470564,1,1,1,14,8,7,17,24,0,1,0,47,1,72,706,72706,80,2005,1HD1BMY145Y0,1,H,D,1,B,M,Y,1,4,5,Y,0,0,M,HD,FLF,RS,5,17,,,,,,,1450,0,0,000000000,00000000000,0,0,0,1,0,0,0,0,0,0,0,998,0,0,0,62,98,6,2,24,0,0,0,1,47,37871,6,1,0,0,2,0,74,240,0,0,0,1,0,10,2007,10,2007,0,99,99,99,99,1,2,45,2,5,2,1,0,0,14,12,1,1,4,6,1,1
47,470565,1,2,1,18,8,13,35,24,0,1,0,18,2,12,3,12003,1,1999,1FAFP4445XF1,1,F,A,F,P,4,4,4,5,X,F,1,0,P,FORD,MUS,CV,99,17,3211,,0,1013,,G,,0,0,000000000,00000000000,0,0,0,1,0,0,0,0,0,0,0,998,0,1,3,62,98,6,2,12,0,0,0,1,18,46168,6,1,0,0,3,0,64,125,0,0,0,1,0,10,2007,10,2007,0,87,0,0,0,3,2,70,1,1,2,2,0,0,1,5,1,4,4,7,1,0
47,470565,2,2,1,18,8,13,35,24,0,1,0,93,3,82,883,82883,66,2006,1FUJA6CV56LV,1,F,U,J,A,6,C,V,5,6,L,V,1,T,FRHT,COL,DS,6,17,,8,0,0,CON,D,,1,57,358597,57358597,3,6,1,1,0,0,0,0,0,0,0,998,0,0,0,12,12,6,2,12,0,0,0,1,13,37354,6,1,6,0,3,0,71,210,98,0,0,1,0,9,2009,9,2009,0,0,0,0,0,3,2,70,1,1,2,2,0,0,1,54,1,1,1,98,0,0
47,470566,1,2,1,18,8,20,19,12,2,1,0,47,2,20,471,20471,30,2001,1GCCS14W0181,1,G,C,C,S,1,4,W,0,1,8,1,0,T,CHEV,S14,PK,1,17,,1,1179,1083,S,G,,0,0,000000000,00000000000,0,0,0,1,0,0,0,0,0,0,0,998,0,0,0,12,98,6,2,12,0,0,0,1,47,38340,6,1,0,0,3,0,66,175,0,0,0,1,0,5,2009,5,2009,0,28,0,0,0,1,2,45,1,1,2,1,0,0,1,10,1,1,2,50,1,1
47,470566,2,2,2,18,8,20,19,12,2,1,0,47,1,2,404,2404,14,2006,1J4GS48K46C1,1,J,4,G,S,4,8,K,4,6,C,1,0,T,JEEP,LCF,4W,6,17,,1,0,1095,GCK,G,,0,0,000000000,00000000000,0,0,0,1,0,0,0,0,0,0,0,998,0,1,5,12,98,6,2,12,0,0,0,1,47,38366,6,1,0,0,3,1,69,170,0,1,0,3,0,8,2007,4,2009,0,0,0,0,0,1,2,45,1,1,2,1,0,0,1,54,1,1,1,51,0,0
47,470567,1,2,1,18,8,12,2,12,2,1,0,47,2,49,471,49471,30,1994,4TARN01P0RZ1,4,T,A,R,N,0,1,P,0,R,Z,1,0,T,TOYT,SDX,PK,94,17,,1,0,1030,HTP,G,,0,0,000000000,00000000000,0,0,0,1,0,0,0,0,0,0,0,998,1,0,0,12,98,6,2,12,0,0,0,1,47,37721,2,1,0,0,2,0,71,145,1,1,1,1,0,1,2009,3,2010,0,28,0,0,0,1,2,45,3,1,2,1,0,0,14,10,1,1,2,50,1,0
47,470567,2,2,1,18,8,12,2,12,2,1,0,93,3,82,881,82881,62,2007,1FVACXDC37HX,1,F,V,A,C,X,D,C,3,7,H,X,1,T,FRHT,16M,CC,7,17,,7,0,0,FM2,D,,1,57,927668,57927668,2,1,3,1,0,0,0,0,0,0,0,998,0,0,0,12,12,6,2,12,0,0,0,1,47,37830,6,1,6,0,3,0,65,165,0,0,0,1,0,1,2008,1,2008,0,0,0,0,0,1,2,45,2,1,2,1,0,0,14,54,9,1,1,51,0,0
47,470568,1,2,1,18,8,14,15,24,0,1,0,18,3,82,883,82883,66,2007,1FUJA6CK37LX,1,F,U,J,A,6,C,K,3,7,L,X,1,T,FRHT,COL,DS,7,17,,8,0,0,CON,D,,1,57,1440552,571440552,3,6,1,1,0,0,0,0,0,0,0,998,7,0,0,12,98,6,2,12,0,0,0,1,47,38367,6,1,6,0,3,1,69,220,0,0,0,0,0,0,0,0,0,0,0,0,0,0,3,2,70,2,6,2,2,0,0,14,51,1,1,1,98,0,0
47,470568,2,2,2,18,8,14,15,24,0,1,0,47,1,20,37,20037,4,2004,1G1ZU54854F2,1,G,1,Z,U,5,4,8,5,4,F,2,0,P,CHEV,MLT,4D,4,17,3315,,0,1063,,G,,0,0,000000000,00000000000,0,0,0,1,0,0,0,0,0,0,0,998,1,0,0,82,98,6,2,12,0,0,0,1,47,37042,6,1,0,0,3,0,67,148,0,0,0,0,0,0,0,0,0,0,87,0,0,0,3,2,70,2,6,2,2,0,0,14,5,1,3,4,2,1,0
47,470569,1,1,1,19,8,99,99,42,0,1,0,47,1,18,401,18401,14,2004,3G5DA03E64S5,3,G,5,D,A,0,3,E,6,4,S,5,0,P,BUIC,RZV,UT,4,17,4024,,0,1122,,G,,0,0,000000000,00000000000,0,0,0,1,0,0,0,0,0,0,0,998,0,0,0,82,98,6,2,42,0,0,0,1,47,37187,1,1,0,0,2,0,72,250,1,0,0,2,0,10,2009,10,2009,1,36,0,0,0,1,2,55,2,5,2,1,0,0,14,13,1,1,4,1,1,1
47,470570,1,1,1,19,8,3,19,24,0,1,0,45,3,86,881,86881,66,2002,1M1AA18Y12W1,1,M,1,A,A,1,8,Y,1,2,W,1,1,T,MACK,CH6,DS,2,17,,8,0,0,600,D,,1,57,433178,57433178,3,6,11,1,0,0,0,0,0,0,0,998,0,1,5,82,98,6,2,2,0,0,1,1,45,29627,6,1,6,0,3,0,74,245,0,0,0,2,0,1,2008,5,2009,1,99,99,99,99,1,2,45,3,6,2,2,0,0,14,6,1,1,4,1,1,0
47,470571,1,1,1,20,8,13,0,1,0,1,0,47,1,37,32,37032,4,2007,1HGCM56757A0,1,H,G,C,M,5,6,7,5,7,A,0,0,P,HOND,UEX,4D,7,17,3228,,0,1079,,G,,0,0,000000000,00000000000,0,0,0,1,0,0,0,0,0,0,0,998,0,2,5,0,98,6,2,42,0,0,0,1,47,38462,6,1,0,0,3,0,69,180,1,0,0,0,0,3,2008,3,2008,1,28,58,0,0,1,2,45,3,1,2,1,0,0,14,6,9,1,4,98,1,0