STATE,ST_CASE,VEH_NO,VE_FORMS,NUMOCCS,DAY,MONTH,HOUR,MINUTE,HARM_EV,MAN_COLL,UNITTYPE,HIT_RUN,REG_STAT,OWNER,MAKE,MODEL,MAK_MOD,BODY_TYP,MOD_YEAR,VIN,VIN_1,VIN_2,VIN_3,VIN_4,VIN_5,VIN_6,VIN_7,VIN_8,VIN_9,VIN_10,VIN_11,VIN_12,TOW_VEH,VINTYPE,VINMAKE,VINA_MOD,VIN_BT,VINMODYR,VIN_LNGT,VIN_WGT,WGTCD_TR,WHLBS_LG,WHLBS_SH,SER_TR,FUELCODE,MCYCL_DS,J_KNIFE,MCARR_I1,MCARR_I2,MCARR_ID,GVWR,V_CONFIG,CARGO_BT,HAZ_INV,HAZ_PLAC,HAZ_ID,HAZ_CNO,HAZ_REL,BUS_USE,SPEC_USE,EMER_USE,TRAV_SP,UNDERIDE,ROLLOVER,ROLINLOC,IMPACT1,IMPACT2,DEFORMED,TOWED,M_HARM,VEH_SC1,VEH_SC2,FIRE_EXP,DR_PRES,L_STATE,DR_ZIP,L_STATUS,L_TYPE,CDL_STAT,L_ENDORS,L_COMPL,L_RESTRI,DR_HGT,DR_WGT,PREV_ACC,PREV_SUS,PREV_DWI,PREV_SPD,PREV_OTH,FIRST_MO,FIRST_YR,LAST_MO,LAST_YR,SPEEDREL,DR_SF1,DR_SF2,DR_SF3,DR_SF4,VTRAFWAY,VNUM_LAN,VSPD_LIM,VALIGN,VPROFILE,VPAVETYP,VSURCOND,VTRAFCON,VTCONT_F,P_CRASH1,P_CRASH2,P_CRASH3,PCRASH4,PCRASH5,ACC_TYPE,DEATHS,DR_DRINK
47,470688,1,1,1,8,8,10,52,7,0,1,0,47,1,72,706,72706,80,2009,1HD1FR4199Y6,1,H,D,1,F,R,4,1,9,9,Y,6,0,M,HD,FKC,RS,9,17,,,,,,,1584,0,0,000000000,00000000000,0,0,0,1,0,0,0,0,0,0,0,998,0,0,0,0,0,4,3,7,0,0,0,1,47,37010,6,1,0,0,3,0,73,160,0,0,0,1,0,9,2009,9,2009,0,0,0,0,0,5,2,55,1,2,2,1,0,0,1,8,2,1,1,0,1,0
47,470689,1,1,1,22,8,3,0,18,0,1,0,47,1,2,404,2404,14,2004,1J4GW48S14C1,1,J,4,G,W,4,8,S,1,4,C,1,0,T,JEEP,LCF,4W,4,17,,1,0,1059,GCK,G,,0,0,000000000,00000000000,0,0,0,1,0,0,0,0,0,0,0,998,0,0,0,13,98,6,2,18,0,0,0,1,47,37035,2,1,2,0,2,0,71,190,0,1,1,0,0,6,2009,6,2009,0,99,99,99,99,1,2,55,1,1,2,1,0,0,1,12,1,1,4,6,1,1
47,470690,1,1,2,11,9,6,5,1,0,1,0,47,1,12,401,12401,14,2002,1FMDU63W22UA,1,F,M,D,U,6,3,W,2,2,U,A,0,P,FORD,EPR,UT,2,17,4163,,0,1137,,G,,0,0,000000000,00000000000,0,0,0,1,0,0,0,0,0,0,0,998,0,2,5,0,98,6,2,1,0,0,0,1,47,37421,6,1,0,0,3,0,67,130,2,0,0,3,0,5,2008,4,2010,0,28,58,0,0,3,4,55,4,1,2,1,0,0,14,13,8,1,4,98,1,0
47,470691,1,1,3,12,9,13,25,32,0,1,0,47,1,12,422,12422,15,1998,1FMPU18L7WLB,1,F,M,P,U,1,8,L,7,W,L,B,0,P,FORD,EPT,UT,98,17,5177,,0,1190,,G,,0,0,000000000,00000000000,0,0,0,1,0,0,0,0,0,0,0,998,0,1,5,12,98,6,2,1,0,0,0,1,47,37830,6,1,0,0,3,0,73,280,1,1,0,2,1,10,2007,5,2010,0,99,99,99,99,2,2,55,4,2,2,1,0,0,14,12,1,1,4,6,3,0
47,470692,1,1,1,16,9,23,16,42,0,1,0,47,1,12,442,12442,20,1995,2FMDA5148SBB,2,F,M,D,A,5,1,4,8,S,B,B,0,P,FORD,WIN,SV,95,17,3720,1,0,1207,WIN,G,,0,0,000000000,00000000000,0,0,0,1,0,0,0,0,0,0,0,998,0,0,0,12,98,6,2,42,0,0,0,1,47,37066,0,0,0,0,0,0,63,180,0,0,0,0,0,0,0,0,0,1,99,99,99,99,1,2,30,1,2,2,1,0,0,1,13,1,1,4,1,1,0
47,470693,1,2,1,22,9,7,57,12,1,1,0,47,1,49,40,49040,4,2002,4T1BE32KX2U5,4,T,1,B,E,3,2,K,X,2,U,5,0,P,TOYT,LXS,4D,2,17,3086,,0,1071,,G,,0,0,000000000,00000000000,0,0,0,1,0,0,0,0,0,0,0,0,1,0,0,6,98,6,2,12,0,0,0,1,47,37752,6,1,0,0,3,0,77,285,0,0,0,3,0,10,2007,3,2009,0,0,0,0,0,1,2,55,1,2,2,1,0,0,5,53,1,1,1,21,1,0
47,470693,2,2,1,22,9,7,57,12,1,1,0,47,1,12,881,12881,66,1985,1FDYA92X5FVA,1,F,D,Y,A,9,2,X,5,F,V,A,1,T,FORD,TL9,TM,85,17,,8,2460,1740,COL,D,,1,88,888888888,88888888888,3,6,10,1,0,0,0,0,0,0,0,998,7,0,0,12,12,6,2,12,0,0,0,1,47,37779,6,1,6,0,3,0,68,195,0,0,0,0,0,0,0,0,0,1,92,0,0,0,1,2,55,1,2,2,1,0,0,1,6,1,1,1,20,0,0
47,470694,1,1,1,29,6,4,55,33,0,1,0,47,3,35,472,35472,30,2002,1N6DD26S32C3,1,N,6,D,D,2,6,S,3,2,C,3,0,T,NISS,FKX,PC,2,17,,1,0,1161,FRT,G,,0,0,000000000,00000000000,0,0,0,1,0,0,0,0,0,0,0,998,0,1,5,83,98,6,2,8,0,0,0,1,47,38555,6,1,0,0,3,0,69,205,0,0,0,1,0,10,2008,10,2008,0,36,0,0,0,2,2,45,1,2,2,1,0,0,1,13,1,1,4,1,0,0
47,470695,1,2,1,31,3,7,45,12,6,1,0,47,1,12,481,12481,31,1998,1FTRX18L9WKC,1,F,T,R,X,1,8,L,9,W,K,C,0,T,FORD,F15,3C,98,17,,2,1570,1390,COF,G,,0,0,000000000,00000000000,0,0,0,1,0,0,0,0,0,0,0,998,0,0,0,9,9,6,2,12,0,0,0,1,47,37865,6,1,0,0,3,3,72,230,0,0,0,1,0,10,2007,10,2007,0,28,38,0,0,1,4,55,9,5,2,1,20,3,11,15,1,1,2,82,1,0
47,470695,2,2,1,31,3,7,45,12,6,1,0,47,1,12,481,12481,31,2009,1FTRX14899FA,1,F,T,R,X,1,4,8,9,9,F,A,0,T,FORD,F15,4C,9,17,,2,1630,1330,COF,G,,0,0,000000000,00000000000,0,0,0,1,0,0,0,0,0,0,0,998,0,0,0,12,12,6,2,12,0,0,0,1,47,37172,6,1,0,0,3,3,74,250,0,0,0,0,0,0,0,0,0,0,0,0,0,0,1,4,55,3,6,2,1,0,0,14,67,1,1,1,83,0,0
47,470696,1,2,1,25,5,11,17,12,6,1,0,47,1,7,472,7472,30,1993,1B7FL26X7PS2,1,B,7,F,L,2,6,X,7,P,S,2,0,T,DODG,DAK,PK,93,17,,1,1239,1119,DAK,G,,0,0,000000000,00000000000,0,0,0,1,0,0,0,0,0,0,0,998,0,0,0,83,98,6,2,12,0,0,0,1,47,37711,6,1,0,0,3,0,67,180,0,0,0,0,0,0,0,0,0,0,28,38,0,0,3,2,40,1,6,2,1,0,0,11,17,1,1,2,68,1,0
47,470696,2,2,2,25,5,11,17,12,6,1,0,47,1,54,399,54399,4,1996,JH4UA265XTC0,J,H,4,U,A,2,6,5,X,T,C,0,0,P,ACUR,25T,4D,96,17,3184,,0,1118,,G,,0,0,000000000,00000000000,0,0,0,1,0,0,0,0,0,0,0,998,0,0,0,12,12,6,2,12,0,0,0,1,47,37614,6,1,0,0,3,0,62,110,0,0,0,0,0,0,0,0,0,0,0,0,0,0,3,2,40,1,5,2,1,0,0,1,55,1,1,1,69,0,0
47,470697,1,1,1,26,8,22,21,8,0,1,0,47,1,35,43,35043,2,2003,1N4AL11D33C2,1,N,4,A,L,1,1,D,3,3,C,2,0,P,NISS,ABS,4D,3,17,2913,,0,1102,,G,,0,0,000000000,00000000000,0,0,0,1,0,0,0,0,0,0,0,998,0,0,0,12,12,6,2,8,0,0,0,1,47,37421,6,1,0,0,3,0,65,107,0,0,0,0,0,0,0,0,0,0,0,0,0,0,1,2,35,1,1,2,1,0,0,1,80,1,1,1,13,0,0
47,470698,1,2,1,30,6,1,5,12,2,1,0,47,2,22,2,22002,4,1994,1G2HX52L7R42,1,G,2,H,X,5,2,L,7,R,4,2,0,P,PONT,BVS,4D,94,17,3446,,0,1108,,G,,0,0,000000000,00000000000,0,0,0,1,0,0,0,0,0,0,0,998,0,0,0,12,98,6,2,12,0,0,0,1,47,37115,2,1,2,0,2,0,63,115,0,0,0,0,0,0,0,0,0,0,28,51,0,0,5,2,50,1,2,2,1,0,0,1,10,1,1,2,50,1,1
47,470698,2,2,1,30,6,1,5,12,2,1,0,47,2,12,481,12481,31,1998,2FTRX07L9WCA,2,F,T,R,X,0,7,L,9,W,C,A,0,T,FORD,F15,3C,98,17,,2,0,1390,COF,G,,0,0,000000000,00000000000,0,0,0,1,0,0,0,0,0,0,0,998,0,0,0,12,98,6,2,12,0,0,0,1,47,37115,6,1,0,0,3,0,69,160,0,0,0,0,0,0,0,0,0,0,0,0,0,0,5,2,50,1,2,2,1,0,0,1,54,1,1,1,51,0,0
47,470699,1,2,3,26,8,2,49,24,0,1,0,47,2,12,37,12037,3,2000,3FAFP3131YR1,3,F,A,F,P,3,1,3,1,Y,R,1,0,P,FORD,FZX,3P,0,17,2551,,0,1030,,G,,0,0,000000000,00000000000,0,0,0,1,0,0,0,0,0,0,0,998,0,1,1,62,98,6,2,1,0,0,0,1,47,37814,6,1,0,0,3,0,72,165,0,2,0,0,0,7,2009,8,2009,0,99,99,99,99,6,1,65,1,1,2,1,0,0,1,12,1,1,4,6,1,1
47,470699,2,2,2,26,8,2,49,24,0,1,0,4,3,12,461,12461,21,2006,1FDXE45S96DA,1,F,D,X,E,4,5,S,9,6,D,A,0,T,FORD,4DC,YY,6,17,,4,1760,1580,CTV,G,,0,0,000000000,00000000000,0,0,0,1,0,0,0,0,0,0,0,998,0,0,0,82,98,6,2,12,0,0,0,1,47,37745,6,1,0,0,3,0,74,195,0,0,0,0,0,0,0,0,0,0,0,0,0,0,3,3,65,1,1,2,1,0,0,1,60,1,1,1,98,0,0
47,470700,1,2,2,1,6,12,42,12,6,1,0,47,1,20,16,20016,2,1995,1G1JC1245S72,1,G,1,J,C,1,2,4,5,S,7,2,0,P,CHEV,CAV,CP,95,17,2617,,0,1041,,G,,0,0,000000000,00000000000,0,0,0,1,0,0,0,0,0,0,0,998,0,0,0,3,3,6,2,12,0,0,0,1,47,37766,6,1,0,0,3,0,62,145,0,0,0,0,2,9,2007,8,2009,0,39,0,0,0,5,2,30,1,1,2,1,3,3,11,15,1,1,1,76,1,0
47,470700,2,2,4,1,6,12,42,12,6,1,0,47,2,12,3,12003,2,1991,1FACP41E6MF1,1,F,A,C,P,4,1,E,6,M,F,1,0,P,FORD,MLX,2H,91,17,2824,,0,1005,,G,,0,0,000000000,00000000000,0,0,0,1,0,0,0,0,0,0,0,998,0,0,0,12,12,6,2,12,0,0,0,1,47,37769,6,1,0,0,3,0,67,175,0,0,0,0,0,0,0,0,0,0,0,0,0,0,5,2,40,1,1,2,1,3,3,1,66,1,1,1,77,0,0
47,470701,1,1,1,12,2,4,36,34,0,1,0,47,1,14,4,14004,2,1995,1MELM62W5SH6,1,M,E,L,M,6,2,W,5,S,H,6,0,P,MERC,XR7,2D,95,17,3533,,0,1130,,G,,0,0,000000000,00000000000,0,0,0,1,0,0,0,0,0,0,0,998,0,0,0,12,12,6,2,42,0,0,0,1,47,37764,6,1,0,0,3,0,68,135,0,0,0,0,0,0,0,0,0,1,58,0,0,0,1,2,35,1,1,2,1,0,0,1,6,1,1,4,1,1,0
47,470702,1,1,1,23,8,2,16,15,0,1,0,47,3,86,882,86882,63,2007,1M2K189C87M0,1,M,2,K,1,8,9,C,8,7,M,0,0,T,MACK,MR6,GG,7,17,,8,0,0,600,D,,0,57,96208,5796208,3,1,7,1,0,0,0,0,0,0,0,998,0,0,0,14,14,2,1,15,0,0,0,1,47,38118,6,1,6,0,3,0,74,298,0,0,0,0,0,0,0,0,0,0,0,0,0,0,1,2,30,1,1,2,1,20,3,10,83,1,1,1,13,0,0
47,470703,1,1,2,14,8,19,45,9,0,1,0,47,1,41,37,41037,4,1999,1YVGF22C9X58,1,Y,V,G,F,2,2,C,9,X,5,8,0,P,MAZD,U6X,4D,99,17,2798,,0,1051,,G,,0,0,000000000,00000000000,0,0,0,1,0,0,0,0,0,0,0,998,0,0,0,12,12,4,3,9,0,0,0,1,47,38126,6,1,0,0,3,0,61,145,0,0,0,0,0,0,0,0,0,0,0,0,0,0,1,4,35,1,1,2,1,0,0,1,83,1,1,1,13,0,0
47,470704,1,2,1,29,8,0,19,12,6,1,0,47,2,53,706,53706,80,2008,JS1GX72A1821,J,S,1,G,X,7,2,A,1,8,2,1,0,M,SUZI,GXR,RS,8,17,,,,,,,1340,0,0,000000000,00000000000,0,0,0,1,0,0,0,0,0,0,0,998,0,0,0,12,12,6,2,12,0,0,0,1,47,38125,6,1,0,0,3,0,66,255,0,0,0,1,0,2,2009,2,2009,0,0,0,0,0,5,3,45,1,1,2,1,3,3,1,67,1,1,1,69,1,0
47,470704,2,2,1,29,8,0,19,12,6,1,0,47,2,12,473,12473,30,2001,1FMZU67E11UC,1,F,M,Z,U,6,7,E,1,1,U,C,0,P,FORD,EPR,UT,1,17,4117,,0,1259,,G,,0,0,000000000,00000000000,0,0,0,1,0,0,0,0,0,0,0,998,0,0,0,3,3,6,2,12,0,0,0,1,47,38116,6,1,0,0,3,0,70,153,0,0,0,0,0,0,0,0,0,0,38,0,0,0,5,3,45,1,1,2,1,3,3,11,15,1,1,2,68,0,0
47,470705,1,1,1,29,8,18,8,53,0,1,0,47,1,2,404,2404,14,1996,1J4FX78S9TC1,1,J,4,F,X,7,8,S,9,T,C,1,0,T,JEEP,LMT,4W,96,17,,1,0,1059,GCK,G,,0,0,000000000,00000000000,0,0,0,1,0,0,0,0,0,0,0,998,0,1,5,12,98,6,2,1,0,0,0,1,47,38109,6,1,0,0,3,0,75,200,0,0,0,1,0,4,2008,4,2008,1,36,0,0,0,1,2,35,1,1,2,1,0,0,1,6,1,1,4,1,1,0
47,470706,1,2,1,29,8,22,0,12,6,1,0,47,2,49,482,49482,31,2000,5TBBT4819YS0,5,T,B,B,T,4,8,1,9,Y,S,0,0,T,TOYT,TXL,4C,0,17,,2,0,1283,TUN,G,,0,0,000000000,00000000000,0,0,0,1,0,0,0,0,0,0,0,998,0,0,0,62,98,4,3,12,0,0,0,1,47,38107,6,1,0,0,3,1,69,155,0,0,0,0,0,0,0,0,0,0,38,0,0,0,5,2,40,1,1,2,1,3,3,11,15,1,1,2,82,0,0
47,470706,2,2,1,29,8,22,0,12,6,1,0,47,1,37,705,37705,80,1996,JH2RC433XTM1,J,H,2,R,C,4,3,3,X,T,M,1,0,M,HOND,VFD,RS,96,17,,,,,,,748,0,0,000000000,00000000000,0,0,0,1,0,0,0,0,0,0,0,998,0,0,0,12,98,6,2,12,0,0,0,1,47,38053,6,1,0,0,3,0,75,165,0,0,0,0,0,0,0,0,0,0,0,0,0,0,5,2,45,1,1,2,1,3,3,1,67,1,1,1,83,1,0
47,470707,1,2,2,5,6,1,35,59,0,1,0,47,2,12,442,12442,20,2001,2FMDA57461BB,2,F,M,D,A,5,7,4,6,1,B,B,0,T,FORD,SES,ES,1,17,,1,0,1207,WIN,G,,0,0,000000000,00000000000,0,0,0,1,0,0,0,0,0,0,0,998,0,0,0,12,12,6,2,12,0,0,0,1,47,38128,0,0,0,0,0,0,999,999,99,99,99,99,99,99,9999,99,9999,0,36,92,0,0,2,2,45,4,1,2,1,0,0,14,13,1,1,4,1,0,1
47,470707,2,2,1,5,6,1,35,59,0,1,0,47,1,14,37,14037,4,2000,1MEFM6535YK6,1,M,E,F,M,6,5,3,5,Y,K,6,0,P,MERC,MSP,4D,0,17,2805,,0,1065,,G,,0,0,000000000,00000000000,0,0,0,1,0,0,0,0,0,0,0,0,0,0,0,6,98,6,2,12,0,0,0,1,47,38109,6,1,0,0,3,0,72,194,0,0,0,0,0,0,0,0,0,0,0,0,0,0,2,2,45,4,1,2,1,0,0,7,61,1,1,5,98,1,0
47,470709,1,1,1,18,5,17,33,17,0,1,0,17,1,73,706,73706,80,2003,JKAZX9C103A0,J,K,A,Z,X,9,C,1,0,3,A,0,0,M,KAWK,Z12,RS,3,17,,,,,,,1200,0,0,000000000,00000000000,0,0,0,1,0,0,0,0,0,0,0,998,0,0,0,12,12,6,2,17,0,0,0,1,17,60142,6,1,0,0,3,0,67,190,0,0,0,0,0,0,0,0,0,1,28,0,0,0,1,2,30,4,1,2,1,0,0,14,6,1,1,4,6,1,0
47,470710,1,1,1,31,8,22,58,1,0,1,0,47,2,73,706,73706,80,2009,JKAVN2D119A0,J,K,A,V,N,2,D,1,1,9,A,0,0,M,KAWK,VD9,RS,9,17,,,,,,,903,0,0,000000000,00000000000,0,0,0,1,0,0,0,0,0,0,0,998,0,0,0,0,0,4,3,1,0,0,0,1,47,37748,6,1,0,0,3,0,75,245,1,1,0,1,1,1,2008,6,2010,0,24,85,0,0,1,2,25,2,2,2,1,0,0,14,8,1,1,1,98,1,1
47,470711,1,4,1,28,8,13,54,12,1,1,0,47,2,34,401,34401,14,2005,5UXFA13535LU,5,U,X,F,A,1,3,5,3,5,L,U,0,P,BMW,BX5,UT,5,17,4652,,0,1110,,G,,0,0,000000000,00000000000,0,0,0,1,0,0,0,0,0,0,0,998,0,0,0,12,12,6,2,12,0,0,0,1,47,37211,6,1,0,0,3,0,68,130,1,0,0,0,0,1,2010,1,2010,0,28,58,85,0,1,2,35,1,2,2,1,0,0,1,51,8,1,6,24,0,0
47,470711,2,4,4,28,8,13,54,12,1,1,0,47,1,37,32,37032,4,2005,1HGCM66345A0,1,H,G,C,M,6,6,3,4,5,A,0,0,P,HOND,ULX,4D,5,17,3349,,0,1079,,G,,0,0,000000000,00000000000,0,0,0,1,0,0,0,0,0,0,0,998,0,0,0,6,6,6,2,12,0,0,0,1,47,37067,6,1,0,0,3,0,73,190,0,0,0,1,0,6,2009,6,2009,0,0,0,0,0,1,2,35,1,2,2,1,0,0,1,53,1,1,1,25,0,0
47,470711,3,4,1,28,8,13,54,12,1,1,0,47,2,59,31,59031,4,1995,JT8GK13T6S00,J,T,8,G,K,1,3,T,6,S,0,0,0,P,LEXS,ES3,4D,95,17,3374,,0,1031,,G,,0,0,000000000,00000000000,0,0,0,1,0,0,0,0,0,0,0,998,0,0,0,12,12,6,2,12,0,0,0,1,47,37205,6,1,0,0,3,0,60,115,0,0,0,0,0,0,0,0,0,0,0,0,0,0,1,2,35,1,2,2,1,0,0,1,54,1,1,1,98,1,0
47,470711,4,4,1,28,8,13,54,12,1,1,0,47,2,18,2,18002,4,2002,1G4HP54K22U2,1,G,4,H,P,5,4,K,2,2,U,2,0,P,BUIC,LCF,4D,2,17,3567,,0,1122,,G,,0,0,000000000,00000000000,0,0,0,1,0,0,0,0,0,0,0,998,0,0,0,12,12,6,2,12,0,0,0,1,47,37221,6,1,0,0,3,0,68,140,0,0,0,0,0,0,0,0,0,0,0,0,0,0,1,2,35,1,2,2,1,0,0,1,62,1,1,1,98,0,0
47,470712,1,1,1,17,9,18,19,42,0,1,0,47,2,12,422,12422,15,2000,1FMRU17L3YLA,1,F,M,R,U,1,7,L,3,Y,L,A,0,P,FORD,EPT,UT,0,17,4833,,0,1191,,G,,0,0,000000000,00000000000,0,0,0,1,0,0,0,0,0,0,0,998,0,0,0,12,12,6,2,42,0,0,0,1,47,38339,0,0,0,0,0,0,999,999,99,99,99,99,99,99,9999,99,9999,0,58,0,0,0,1,2,45,3,1,2,1,0,0,14,12,8,1,4,6,1,0
47,470713,1,1,2,22,9,23,46,1,0,1,0,93,3,85,881,85881,66,2010,1XKAD49X9AJ2,1,X,K,A,D,4,9,X,9,A,J,2,1,T,KW,T60,DS,10,17,,8,2600,1600,CON,D,,1,57,340665,57340665,3,6,1,1,0,0,0,0,0,0,0,998,0,2,5,0,98,6,2,1,0,0,0,1,37,28461,6,1,6,1,3,1,70,999,0,0,0,0,0,0,0,0,0,0,58,0,0,0,3,2,55,3,2,2,1,0,0,15,13,7,1,4,1,1,0
47,470714,1,1,1,25,9,20,30,32,0,1,0,47,1,20,481,20481,31,2001,1GCHK291X1E2,1,G,C,H,K,2,9,1,X,1,E,2,0,T,CHEV,2KH,4C,1,17,,2,1575,1435,SIL,D,,0,0,000000000,00000000000,0,0,0,1,0,0,0,0,0,0,0,998,0,1,5,14,98,6,2,1,0,0,0,1,47,38320,6,1,6,0,3,0,72,275,0,0,0,0,0,0,0,0,0,0,99,99,99,99,1,2,55,3,6,2,1,0,0,14,13,1,1,4,1,1,0
47,470715,1,2,1,25,9,4,0,12,2,1,0,47,1,12,481,12481,31,1990,2FTDF15YXLCB,2,F,T,D,F,1,5,Y,X,L,C,B,0,T,FORD,F15,PK,90,17,,1,1330,1170,COF,G,,0,0,000000000,00000000000,0,0,0,1,0,0,0,0,0,0,0,998,0,0,0,12,98,6,2,12,0,0,0,1,47,37380,6,1,0,0,3,1,71,200,0,1,0,0,0,4,2009,4,2009,0,28,0,0,0,1,2,55,1,1,2,1,0,0,1,11,1,1,2,50,1,1
47,470715,2,2,1,25,9,4,0,12,2,1,0,47,1,20,481,20481,31,2004,1GCHK29154E1,1,G,C,H,K,2,9,1,5,4,E,1,0,T,CHEV,2KH,4C,4,17,,2,1575,1435,SIL,D,,0,0,000000000,00000000000,0,0,0,1,0,0,0,0,0,0,0,998,0,0,0,12,98,6,2,12,0,0,0,1,47,38501,6,1,0,0,3,9,73,195,0,0,0,0,0,0,0,0,0,0,0,0,0,0,1,2,55,1,1,2,1,0,0,1,63,1,1,1,51,0,0
47,470716,1,1,2,25,9,1,34,33,0,1,0,47,1,14,398,14398,2,1993,1MEPM62T8PH6,1,M,E,P,M,6,2,T,8,P,H,6,0,P,MERC,XR7,2D,93,17,3800,,0,1130,,G,,0,0,000000000,00000000000,0,0,0,1,0,0,0,0,0,0,0,998,0,0,0,12,12,6,2,42,0,0,0,1,47,38109,6,1,0,0,3,0,68,165,2,0,0,1,0,2,2008,4,2010,1,36,91,0,0,1,2,30,3,2,2,1,0,0,14,13,1,1,4,1,1,1
47,470717,1,2,1,25,9,18,45,12,2,1,0,47,2,53,706,53706,80,2005,JS1VS55A2521,J,S,1,V,S,5,5,A,2,5,2,1,0,M,SUZI,C50,RS,5,17,,,,,,,805,0,0,000000000,00000000000,0,0,0,1,0,0,0,0,0,0,0,998,0,0,0,12,98,6,2,12,0,0,0,1,47,37076,6,1,0,0,3,0,68,143,0,0,0,0,0,0,0,0,0,0,0,0,0,0,1,2,35,1,1,2,1,0,0,1,63,1,1,1,51,1,0
47,470717,2,2,1,25,9,18,45,12,2,1,0,47,2,12,401,12401,14,2008,1FMEU63E68UA,1,F,M,E,U,6,3,E,6,8,U,A,0,P,FORD,EPR,UT,8,17,4436,,0,1137,,G,,0,0,000000000,00000000000,0,0,0,1,0,0,0,0,0,0,0,998,7,0,0,12,98,6,2,12,0,0,0,1,47,37122,6,1,0,0,3,0,68,175,1,0,0,0,0,11,2009,11,2009,0,28,36,51,0,1,2,35,1,1,2,1,0,0,1,11,1,1,2,50,0,1
47,470718,1,1,1,12,4,14,10,1,0,1,0,21,2,53,402,53402,14,2002,JS3TD62V9241,J,S,3,T,D,6,2,V,9,2,4,1,0,P,SUZI,GVT,UT,2,17,3285,,0,976,,G,,0,0,000000000,00000000000,0,0,0,1,0,0,0,0,0,0,0,998,0,2,5,0,0,6,2,1,0,0,0,1,21,40999,6,1,0,0,3,0,73,235,1,0,0,0,0,2,2008,2,2008,0,28,58,0,0,5,2,55,1,6,2,1,0,0,1,12,8,4,4,98,1,0
47,470719,1,1,1,27,9,20,43,8,0,1,0,47,1,41,47,41047,4,1999,JM1TA2227X15,J,M,1,T,A,2,2,2,7,X,1,5,0,P,MAZD,MLS,4D,99,17,3355,,0,1083,,G,,0,0,000000000,00000000000,0,0,0,1,0,0,0,0,0,0,0,998,0,0,0,12,12,6,2,8,0,0,0,1,47,37040,6,1,0,0,3,0,67,145,0,0,0,1,0,4,2010,4,2010,0,0,0,0,0,5,3,40,1,1,2,1,0,0,1,80,1,1,1,13,0,0
47,470720,1,2,1,27,9,8,40,12,1,1,0,28,1,48,34,48034,6,2006,4S4BP61C7673,4,S,4,B,P,6,1,C,7,6,7,3,0,P,SUBA,LOI,SW,6,17,3310,,0,1051,,G,,0,0,000000000,00000000000,0,0,0,1,0,0,0,0,0,0,0,998,0,0,0,12,98,6,2,12,0,0,0,1,28,38676,6,1,0,0,3,0,70,185,0,0,0,0,0,0,0,0,0,0,26,0,0,0,1,4,40,1,5,2,1,0,0,1,50,1,1,1,20,1,0
47,470720,2,2,1,27,9,8,40,12,1,1,0,47,2,12,481,12481,40,1990,1FDJF37G0LKA,1,F,D,J,F,3,7,G,0,L,K,A,0,T,FORD,F35,CB,90,17,,2,1610,1330,COF,G,,0,0,000000000,00000000000,0,0,0,1,0,0,0,0,0,0,0,0,0,0,0,6,6,6,2,12,0,0,0,1,47,38106,6,1,0,0,3,9,72,225,0,3,0,0,0,2,2008,5,2010,0,0,0,0,0,1,4,45,1,2,2,1,0,0,5,53,1,1,1,22,0,0
47,470721,1,1,1,29,9,19,20,34,0,1,0,47,3,59,31,59031,4,1994,JT8UF11E9R01,J,T,8,U,F,1,1,E,9,R,0,1,0,P,LEXS,LS4,4D,94,17,3859,,0,1108,,G,,0,0,000000000,00000000000,0,0,0,1,0,0,0,0,0,0,0,998,0,0,0,6,98,6,2,42,0,0,0,1,47,37042,6,1,0,0,3,8,71,170,1,0,0,0,0,2,2009,2,2009,1,51,58,0,0,1,2,45,1,1,2,1,0,0,1,6,7,1,4,1,1,1
47,470722,1,2,1,30,9,5,42,12,6,1,0,47,1,35,472,35472,30,2004,1N6ED29Y14C4,1,N,6,E,D,2,9,Y,1,4,C,4,0,T,NISS,FCX,CW,4,17,,1,0,1311,FRT,G,,0,0,000000000,00000000000,0,0,0,1,0,0,0,0,0,0,0,998,0,0,0,11,98,6,2,12,0,0,0,1,47,37330,6,1,0,0,3,0,71,235,0,0,0,0,0,0,0,0,0,0,28,38,0,0,2,4,40,1,1,2,1,20,3,4,17,1,1,1,89,1,0
47,470722,2,2,1,30,9,5,42,12,6,1,0,47,3,85,881,85881,63,2007,2NKDXUTX57M1,2,N,K,D,X,U,T,X,5,7,M,1,0,T,KW,T80,CB,7,17,,8,2600,1600,CON,D,,0,57,2025531,572025531,3,2,4,1,0,0,0,0,0,0,0,998,0,0,0,12,98,2,1,12,0,0,0,1,47,37382,6,1,6,1,3,0,68,145,0,0,0,3,0,3,2008,9,2010,0,92,0,0,0,2,4,40,1,1,2,1,0,0,1,66,6,1,2,88,0,0
47,470723,1,2,1,30,9,17,10,12,2,1,0,47,2,24,7,24007,4,2007,1G8AL58F57Z1,1,G,8,A,L,5,8,F,5,7,Z,1,0,P,STRN,SI3,4D,7,17,2841,,0,1032,,G,,0,0,000000000,00000000000,0,0,0,1,0,0,0,0,0,0,0,998,0,0,0,12,98,6,2,12,0,0,0,1,47,38375,6,1,0,0,3,0,68,175,0,0,0,0,0,0,0,0,0,1,28,51,58,0,1,2,55,3,2,2,1,0,0,14,6,1,2,6,50,1,0