STATE,ST_CASE,VEH_NO,VE_FORMS,NUMOCCS,DAY,MONTH,HOUR,MINUTE,HARM_EV,MAN_COLL,UNITTYPE,HIT_RUN,REG_STAT,OWNER,MAKE,MODEL,MAK_MOD,BODY_TYP,MOD_YEAR,VIN,VIN_1,VIN_2,VIN_3,VIN_4,VIN_5,VIN_6,VIN_7,VIN_8,VIN_9,VIN_10,VIN_11,VIN_12,TOW_VEH,VINTYPE,VINMAKE,VINA_MOD,VIN_BT,VINMODYR,VIN_LNGT,VIN_WGT,WGTCD_TR,WHLBS_LG,WHLBS_SH,SER_TR,FUELCODE,MCYCL_DS,J_KNIFE,MCARR_I1,MCARR_I2,MCARR_ID,GVWR,V_CONFIG,CARGO_BT,HAZ_INV,HAZ_PLAC,HAZ_ID,HAZ_CNO,HAZ_REL,BUS_USE,SPEC_USE,EMER_USE,TRAV_SP,UNDERIDE,ROLLOVER,ROLINLOC,IMPACT1,IMPACT2,DEFORMED,TOWED,M_HARM,VEH_SC1,VEH_SC2,FIRE_EXP,DR_PRES,L_STATE,DR_ZIP,L_STATUS,L_TYPE,CDL_STAT,L_ENDORS,L_COMPL,L_RESTRI,DR_HGT,DR_WGT,PREV_ACC,PREV_SUS,PREV_DWI,PREV_SPD,PREV_OTH,FIRST_MO,FIRST_YR,LAST_MO,LAST_YR,SPEEDREL,DR_SF1,DR_SF2,DR_SF3,DR_SF4,VTRAFWAY,VNUM_LAN,VSPD_LIM,VALIGN,VPROFILE,VPAVETYP,VSURCOND,VTRAFCON,VTCONT_F,P_CRASH1,P_CRASH2,P_CRASH3,PCRASH4,PCRASH5,ACC_TYPE,DEATHS,DR_DRINK
47,470755,1,1,1,2,10,16,10,42,0,1,0,47,2,35,471,35471,30,1994,1N6SD11Y5RC3,1,N,6,S,D,1,1,Y,5,R,C,3,0,T,NISS,TXE,PK,94,17,,1,0,1043,TRK,G,,0,0,000000000,00000000000,0,0,0,1,0,0,0,0,0,0,0,998,0,0,0,12,12,6,2,42,0,0,0,1,47,37870,6,1,6,0,3,0,69,160,0,0,0,0,0,0,0,0,0,0,28,58,0,0,1,2,35,3,6,2,1,0,0,14,12,8,4,4,7,1,1
47,470756,1,3,1,1,10,11,35,12,2,1,0,47,2,30,47,30047,3,2002,3VWDD21C62M4,3,V,W,D,D,2,1,C,6,2,M,4,0,P,VOLK,NGX,2H,2,17,2889,,0,989,,G,,0,0,000000000,00000000000,0,0,0,1,0,0,0,0,0,0,0,998,0,0,0,12,12,6,2,12,0,0,0,1,47,37354,6,2,0,0,3,1,69,140,0,0,0,0,0,0,0,0,0,1,28,58,0,0,1,2,35,1,1,2,1,0,0,1,10,8,1,2,50,0,0
47,470756,2,3,1,1,10,11,35,12,2,1,0,47,1,12,37,12037,4,2001,1FAFP34351W3,1,F,A,F,P,3,4,3,5,1,W,3,0,P,FORD,FSS,4D,1,17,2563,,0,1030,,G,,0,0,000000000,00000000000,0,0,0,1,0,0,0,0,0,0,0,998,0,0,0,12,12,6,2,12,0,0,0,1,47,37354,6,1,0,0,3,0,65,200,0,0,0,0,0,0,0,0,0,0,0,0,0,0,1,2,35,1,1,2,1,0,0,1,54,1,1,1,51,1,0
47,470756,3,3,1,1,10,11,35,12,2,1,0,47,1,20,19,20019,4,1995,1G1LD55M9SY3,1,G,1,L,D,5,5,M,9,S,Y,3,0,P,CHEV,CSA,4D,95,17,2745,,0,1034,,G,,0,0,000000000,00000000000,0,0,0,1,0,0,0,0,0,0,0,998,0,0,0,1,98,4,1,38,0,0,0,1,47,37354,6,1,0,0,3,1,69,162,0,0,0,0,0,0,0,0,0,0,0,0,0,0,1,2,35,1,1,2,1,0,0,1,54,9,1,4,98,0,0
47,470757,1,2,3,4,10,15,15,12,2,1,0,47,2,12,481,12481,31,1995,1FTDF15Y9SNA,1,F,T,D,F,1,5,Y,9,S,N,A,5,T,FORD,F15,PK,95,17,,1,1330,1170,COF,G,,1,0,000000000,00000000000,0,0,0,1,0,0,0,0,0,0,0,998,0,1,5,12,98,6,2,12,0,0,0,1,47,37726,6,1,0,0,3,0,67,160,0,0,0,0,0,0,0,0,0,0,0,0,0,0,1,2,35,3,1,2,1,0,0,14,62,1,1,1,51,0,0
47,470757,2,2,1,4,10,15,15,12,2,1,0,47,2,72,706,72706,80,1983,1HD1BEK19DY0,1,H,D,1,B,E,K,1,9,D,Y,0,0,M,HD,FXW,RS,83,17,,,,,,,1340,0,0,000000000,00000000000,0,0,0,1,0,0,0,0,0,0,0,998,0,0,0,12,98,6,2,12,0,0,0,1,47,38580,6,1,0,0,3,0,70,210,0,0,0,0,0,0,0,0,0,0,28,0,0,0,1,2,35,2,1,2,1,0,0,14,10,1,1,2,50,1,0
47,470758,1,1,2,4,10,19,35,35,0,1,0,47,2,12,422,12422,15,1997,1FMEU18W9VLB,1,F,M,E,U,1,8,W,9,V,L,B,0,P,FORD,EPT,UT,97,17,4827,,0,1190,,G,,0,0,000000000,00000000000,0,0,0,1,0,0,0,0,0,0,0,998,0,1,3,12,98,6,2,1,0,0,0,1,47,37040,6,1,0,0,3,1,74,185,0,0,0,0,0,0,0,0,0,1,99,99,99,99,2,2,70,1,6,2,1,0,0,1,6,1,1,4,6,1,1
47,470759,1,2,1,4,10,20,13,12,2,1,0,47,1,37,31,37031,2,2003,1HGEM22933L0,1,H,G,E,M,2,2,9,3,3,L,0,0,P,HOND,UAX,CP,3,17,2553,,0,1031,,G,,0,0,000000000,00000000000,0,0,0,1,0,0,0,0,0,0,0,998,0,0,0,12,98,6,2,12,0,0,0,1,47,37022,6,1,0,0,3,0,65,125,1,0,0,0,0,5,2009,5,2009,0,28,36,51,0,2,2,70,1,1,2,1,0,0,1,54,1,1,1,50,1,0
47,470759,2,2,1,4,10,20,13,12,2,1,0,47,1,41,52,41052,6,2009,JM1CR29L1903,J,M,1,C,R,2,9,L,1,9,0,3,0,P,MAZD,MA5,4H,9,17,3417,,0,1083,,G,,0,0,000000000,00000000000,0,0,0,1,0,0,0,0,0,0,0,998,0,1,3,12,98,6,2,12,0,0,0,1,47,37087,6,1,0,0,3,0,64,150,0,0,0,0,0,0,0,0,0,0,0,0,0,0,2,2,70,1,1,2,1,0,0,1,54,1,1,1,51,0,0
47,470760,1,2,1,2,10,6,37,12,2,1,0,47,5,20,481,20481,31,2007,1GCEC19Z27Z1,1,G,C,E,C,1,9,Z,2,7,Z,1,0,T,CHEV,SC1,4C,7,17,,2,1575,1340,SIL,F,,0,0,000000000,00000000000,0,0,0,1,0,0,0,0,0,0,0,998,0,0,0,12,98,6,2,12,0,0,0,1,47,37042,6,2,0,0,3,1,71,145,1,0,0,0,0,6,2010,6,2010,0,28,36,51,0,5,3,45,2,2,2,1,0,0,14,10,1,1,2,50,0,0
47,470760,2,2,1,2,10,6,37,12,2,1,0,47,2,52,401,52401,14,2004,4A4MM21S64E0,4,A,4,M,M,2,1,S,6,4,E,0,0,P,MITS,END,UT,4,17,3847,,0,1083,,G,,0,0,000000000,00000000000,0,0,0,1,0,0,0,0,0,0,0,998,0,0,0,12,98,6,2,12,0,0,0,1,47,37042,1,1,0,0,2,0,68,290,0,2,0,1,0,7,2008,2,2010,0,0,0,0,0,5,3,45,3,2,2,1,0,0,14,54,3,1,1,51,1,0
47,470761,1,1,4,4,10,6,25,9,0,1,0,47,2,37,31,37031,4,2003,2HGES26733H6,2,H,G,E,S,2,6,7,3,3,H,6,0,P,HOND,UAX,4D,3,17,2601,,0,1031,,G,,0,0,000000000,00000000000,0,0,0,1,0,0,0,0,0,0,0,998,0,0,0,12,12,4,1,9,0,0,0,1,47,38141,6,1,0,0,3,0,60,180,0,0,0,0,0,0,0,0,0,0,0,0,0,0,5,3,45,1,1,2,1,0,0,1,83,1,1,1,13,0,0
47,470762,1,2,1,6,10,16,30,12,2,1,0,47,1,35,472,35472,30,1999,1N6ED26Y2XC3,1,N,6,E,D,2,6,Y,2,X,C,3,0,T,NISS,KXS,PC,99,17,,1,0,1161,FRT,G,,0,0,000000000,00000000000,0,0,0,1,0,0,0,0,0,0,0,998,0,1,1,12,98,6,2,12,0,0,0,1,47,37343,6,1,0,0,3,0,73,190,0,0,0,0,0,0,0,0,0,0,28,0,0,0,1,2,55,1,1,2,1,0,0,1,10,7,1,2,50,1,0
47,470762,2,2,1,6,10,16,30,12,2,1,0,47,1,84,881,84881,66,1991,1HSHBGGN1MH3,1,H,S,H,B,G,G,N,1,M,H,3,1,T,INTL,810,DS,91,17,,7,2560,1360,80S,D,,3,77,777777777,77777777777,3,6,4,1,0,0,0,0,0,0,0,998,0,1,1,12,98,6,2,12,0,0,0,1,47,37332,6,1,6,0,3,0,70,200,0,0,0,0,0,0,0,0,0,0,0,0,0,0,1,2,55,1,1,2,1,0,0,1,62,8,1,1,51,0,0
47,470763,1,1,3,6,10,0,25,52,0,1,0,47,1,37,32,37032,2,1998,1HGCG3258WA0,1,H,G,C,G,3,2,5,8,W,A,0,0,P,HOND,UEX,CP,98,17,2963,,0,1051,,G,,0,0,000000000,00000000000,0,0,0,1,0,0,0,0,0,0,0,998,0,0,0,3,98,6,2,52,0,0,0,1,47,37013,6,1,0,0,3,0,73,210,0,0,0,0,1,6,2009,6,2009,0,99,99,99,99,2,2,70,3,3,2,1,0,0,14,11,1,1,4,1,1,0
47,470764,1,2,1,1,10,15,45,12,2,1,0,47,1,50,706,50706,80,2003,SMT500FS33J1,S,M,T,5,0,0,F,S,3,3,J,1,0,M,TRIU,SPD,RS,3,17,,,,,,,955,0,0,000000000,00000000000,0,0,0,1,0,0,0,0,0,0,0,998,0,0,0,12,12,6,2,12,0,0,0,1,47,37807,6,1,6,0,3,0,77,260,1,0,0,0,0,11,2007,11,2007,1,28,0,0,0,1,2,35,2,5,2,1,0,0,14,6,1,1,2,50,1,0
47,470764,2,2,1,1,10,15,45,12,2,1,0,47,2,20,16,20016,2,2003,1G1JH12F9373,1,G,1,J,H,1,2,F,9,3,7,3,0,P,CHEV,CLP,CP,3,17,2749,,0,1041,,G,,0,0,000000000,00000000000,0,0,0,1,0,0,0,0,0,0,0,998,0,0,0,12,98,6,2,12,0,0,0,1,47,37705,6,1,0,0,3,0,64,110,0,0,0,0,0,0,0,0,0,0,0,0,0,0,1,2,35,3,6,2,1,0,0,14,62,1,1,1,51,0,0
47,470765,1,1,2,7,10,19,20,1,0,1,0,47,1,19,14,19014,4,2001,1G6KY54941U1,1,G,6,K,Y,5,4,9,4,1,U,1,0,P,CADI,STS,4D,1,17,4027,,0,1122,,G,,0,0,000000000,00000000000,0,0,0,1,0,0,0,0,0,0,0,998,0,2,3,0,98,6,2,1,0,0,0,1,21,37040,6,1,0,0,3,0,73,165,0,1,0,0,2,7,2009,1,2010,1,36,58,0,0,2,2,70,1,1,2,1,0,0,1,6,1,2,4,7,1,0
47,470766,1,1,2,3,10,7,0,30,0,1,1,47,2,14,4,14004,2,1997,1MELM62W0VH6,1,M,E,L,M,6,2,W,0,V,H,6,0,P,MERC,X73,2D,97,17,3536,,0,1130,,G,,0,0,000000000,00000000000,0,0,0,1,0,0,0,0,0,0,0,998,0,0,0,1,1,6,2,30,0,0,0,1,99,99999,9,9,99,9,9,9,999,999,99,99,99,99,99,99,9999,99,9999,9,92,0,0,0,2,2,45,1,1,2,1,0,0,1,13,1,1,4,1,1,0
47,470767,1,2,2,6,10,0,59,12,6,1,0,47,2,12,481,12481,31,1998,1FTZX1768WNB,1,F,T,Z,X,1,7,6,8,W,N,B,0,T,FORD,F15,3C,98,17,,1,1570,1390,COF,G,,0,0,000000000,00000000000,0,0,0,1,0,0,0,0,0,0,0,94,0,1,1,12,98,4,3,12,0,0,0,1,47,37072,6,1,0,0,3,0,70,132,1,2,0,0,1,7,2009,8,2010,1,36,0,0,0,5,2,45,1,2,2,1,4,3,1,17,4,1,1,77,0,1
47,470767,2,2,2,6,10,0,59,12,6,1,0,47,2,6,43,6043,1,1998,3C3EL45H6WT2,3,C,3,E,L,4,5,H,6,W,T,2,0,P,CHRY,SJX,CV,98,17,3267,,0,1060,,G,,0,0,000000000,00000000000,0,0,0,1,0,0,0,0,0,0,0,998,0,0,0,9,9,6,2,12,0,0,0,1,47,37075,2,1,0,0,2,0,70,215,0,1,1,0,0,3,2010,3,2010,0,0,0,0,0,5,2,30,1,2,2,1,4,3,11,15,1,1,1,76,2,0
47,470768,1,2,1,8,10,22,9,12,6,1,1,47,2,23,481,23481,31,1989,1GTFC24K6KE5,1,G,T,F,C,2,4,K,6,K,E,5,0,T,GMC,SC2,PK,89,17,,2,0,1315,SIE,G,,0,0,000000000,00000000000,0,0,0,1,0,0,0,0,0,0,0,998,0,0,0,62,62,6,2,12,0,0,0,1,47,37110,6,1,0,0,3,0,67,160,0,0,0,0,0,0,0,0,0,0,38,0,0,0,5,2,35,1,1,2,1,0,0,11,15,1,1,1,68,0,1
47,470768,2,2,1,8,10,22,9,12,6,1,0,47,1,53,705,53705,80,2009,JS1GR7LA1921,J,S,1,G,R,7,L,A,1,9,2,1,0,M,SUZI,SX7,RC,9,17,,,,,,,750,0,0,000000000,00000000000,0,0,0,1,0,0,0,0,0,0,0,998,0,0,0,12,98,6,2,12,0,0,0,1,47,37110,6,1,0,0,3,0,71,180,0,0,0,1,0,3,2008,3,2008,0,0,0,0,0,1,2,35,1,1,2,1,20,3,1,67,1,1,1,69,1,0
47,470769,1,1,2,9,10,17,52,35,0,1,0,47,1,6,52,6052,6,2007,3A8FY68B37T5,3,A,8,F,Y,6,8,B,3,7,T,5,0,P,CHRY,PTC,SV,7,17,3086,,0,1030,,G,,0,0,000000000,00000000000,0,0,0,1,0,0,0,0,0,0,0,998,0,1,5,1,98,6,2,1,0,0,0,1,47,37774,6,1,0,0,3,0,70,180,0,0,0,1,0,5,2008,5,2008,0,58,0,0,0,2,2,70,1,1,2,1,0,0,1,13,9,3,4,2,2,0
47,470770,1,2,1,9,10,8,16,12,6,1,0,47,1,23,481,23481,31,1995,2GTEK19K2S15,2,G,T,E,K,1,9,K,2,S,1,5,0,T,GMC,SK1,PC,95,17,,2,1555,1415,SIE,G,,0,0,000000000,00000000000,0,0,0,1,0,0,0,0,0,0,0,998,0,0,0,82,82,6,2,12,0,0,0,1,47,37186,6,1,0,0,3,1,73,175,0,0,0,0,0,0,0,0,0,0,38,0,0,0,1,2,55,1,1,2,1,0,0,11,15,1,1,2,68,0,0
47,470770,2,2,2,9,10,8,16,12,6,1,0,47,1,72,706,72706,80,2007,1HD1KB4107Y6,1,H,D,1,K,B,4,1,0,7,Y,6,0,M,HD,FHX,RS,7,17,,,,,,,1584,0,0,000000000,00000000000,0,0,0,1,0,0,0,0,0,0,0,998,0,0,0,12,98,6,2,12,0,0,0,1,47,37040,6,1,0,0,3,0,75,240,0,0,0,1,0,1,2010,1,2010,0,0,0,0,0,1,2,55,1,1,2,1,0,0,1,62,1,1,1,69,1,0
47,470771,1,2,1,10,10,18,50,12,6,1,0,47,3,23,481,23481,31,2006,3GTEC14X56G2,3,G,T,E,C,1,4,X,5,6,G,2,0,T,GMC,NC1,PK,6,17,,2,1330,1190,SIE,G,,0,0,000000000,00000000000,0,0,0,1,0,0,0,0,0,0,0,998,0,0,0,1,1,4,4,12,0,0,0,1,47,38017,6,1,0,0,3,0,73,275,0,0,0,0,0,0,0,0,0,0,0,0,0,0,1,2,35,1,2,2,1,0,0,11,15,1,1,2,68,0,0
47,470771,2,2,1,10,10,18,50,12,6,1,0,92,0,99,739,99739,90,1996,000000000000,0,0,0,0,0,0,0,0,0,0,0,0,0,U,,,,,17,,,,,,,,0,0,000000000,00000000000,0,0,0,1,0,0,0,0,0,0,0,998,0,0,0,12,12,6,2,12,0,0,0,1,47,38017,6,1,0,0,3,0,72,200,0,0,0,0,0,0,0,0,0,0,18,24,0,0,1,2,35,1,2,2,1,0,0,1,62,1,1,1,69,1,0
47,470772,1,1,5,6,10,12,30,34,0,1,0,47,2,14,17,14017,4,2001,1MEFM53U51A6,1,M,E,F,M,5,3,U,5,1,A,6,0,P,MERC,SLS,4D,1,17,3353,,0,1085,,G,,0,0,000000000,00000000000,0,0,0,1,0,0,0,0,0,0,0,998,0,0,0,12,98,6,2,32,0,0,0,1,47,38343,0,0,0,0,0,0,64,245,0,0,0,0,0,0,0,0,0,0,58,92,0,0,1,2,55,1,1,2,1,0,0,1,13,8,1,4,1,2,0
47,470773,1,1,1,10,10,20,15,8,0,1,0,47,3,20,481,20481,31,2001,1GBJC33U51F1,1,G,B,J,C,3,3,U,5,1,F,1,0,T,CHEV,SC3,CW,1,17,,3,0,1670,SIL,G,,0,0,000000000,00000000000,0,0,0,1,0,0,0,0,0,0,0,998,0,0,0,1,1,4,3,8,0,0,0,1,47,37857,6,1,0,0,3,0,72,180,0,0,0,0,0,0,0,0,0,0,0,0,0,0,1,2,50,1,1,2,1,0,0,1,80,6,1,1,13,0,0
47,470774,1,2,2,10,10,13,0,12,6,1,0,92,0,72,706,72706,80,2010,1HD1FC414AB6,1,H,D,1,F,C,4,1,4,A,B,6,0,M,HD,FTU,RS,10,17,,,,,,,1584,0,0,000000000,00000000000,0,0,0,1,0,0,0,0,0,0,0,998,0,0,0,12,98,6,2,12,0,0,0,1,13,30043,6,1,0,0,3,1,71,230,98,0,0,0,0,0,0,0,0,0,28,58,0,0,1,2,55,2,1,2,1,0,0,14,10,4,1,2,62,2,0
47,470774,2,2,2,10,10,13,0,12,6,1,0,13,1,41,45,41045,1,1995,JM1NA3534S06,J,M,1,N,A,3,5,3,4,S,0,6,0,P,MAZD,MIA,CV,95,17,2293,,0,892,,G,,0,0,000000000,00000000000,0,0,0,1,0,0,0,0,0,0,0,998,0,0,0,61,98,2,1,12,0,0,0,1,13,30541,6,1,0,0,3,0,68,160,98,0,0,0,0,0,0,0,0,0,0,0,0,0,1,2,55,3,1,2,1,0,0,14,62,1,1,1,62,0,0
47,470775,1,1,1,10,10,21,5,32,0,1,0,28,2,12,471,12471,30,1997,1FTCR10X3VUC,1,F,T,C,R,1,0,X,3,V,U,C,0,T,FORD,RNG,PK,97,17,,1,1140,1080,RNG,G,,0,0,000000000,00000000000,0,0,0,1,0,0,0,0,0,0,0,998,0,1,5,12,98,6,2,1,0,0,0,1,47,37334,6,1,0,0,3,0,75,154,2,0,0,0,0,5,2008,2,2009,0,99,99,99,99,2,2,70,1,6,2,1,0,0,1,13,1,1,4,1,1,0
47,470776,1,2,1,10,10,15,33,12,6,1,0,47,1,72,706,72706,80,1990,1HD4CAM17LY1,1,H,D,4,C,A,M,1,7,L,Y,1,0,M,HD,XL8,RS,90,17,,,,,,,883,0,0,000000000,00000000000,0,0,0,1,0,0,0,0,0,0,0,998,0,0,0,12,98,6,2,12,0,0,0,1,47,37181,6,1,0,0,3,0,72,192,0,0,0,0,0,0,0,0,0,0,0,0,0,0,1,2,45,1,1,2,1,0,0,1,72,3,1,1,69,1,0
47,470776,2,2,2,10,10,15,33,12,6,1,0,47,1,20,481,20481,31,1993,1GCEC14K8PE1,1,G,C,E,C,1,4,K,8,P,E,1,0,T,CHEV,GC1,PK,93,17,,2,1315,1175,GM4,G,,0,0,000000000,00000000000,0,0,0,1,0,0,0,0,0,0,0,998,0,0,0,63,63,6,2,12,0,0,0,1,47,37175,6,1,0,0,3,1,66,200,0,0,0,0,0,0,0,0,0,0,38,0,0,0,1,2,45,1,1,2,1,0,0,11,15,1,1,2,68,0,0
47,470777,1,2,1,11,10,7,57,12,7,1,0,47,3,86,881,86881,63,1993,1M2B209C1PM0,1,M,2,B,2,0,9,C,1,P,M,0,1,T,MACK,DM6,DP,93,17,,8,0,0,600,D,,1,57,280568,57280568,3,2,5,1,0,0,0,0,0,0,0,998,0,1,1,82,98,6,2,12,0,0,0,1,47,38317,6,1,6,0,3,0,71,240,0,0,0,0,0,0,0,0,0,1,26,0,0,0,1,2,45,1,1,2,1,0,0,1,52,8,1,2,98,0,0
47,470777,2,2,1,11,10,7,57,12,7,1,0,47,1,35,443,35443,20,1997,4N2DN1116VD8,4,N,2,D,N,1,1,1,6,V,D,8,0,P,NISS,QST,SV,97,17,3745,,0,1122,,G,,0,0,000000000,00000000000,0,0,0,1,0,0,0,0,0,0,0,998,0,0,0,9,98,6,2,12,0,0,0,1,47,38201,6,1,0,0,3,0,64,130,0,0,0,0,0,0,0,0,0,0,0,0,0,0,1,2,45,1,1,2,1,0,0,11,53,1,1,1,98,1,0
47,470778,1,2,1,6,10,11,0,12,1,1,0,47,3,86,881,86881,66,2002,1M2P327CX2M0,1,M,2,P,3,2,7,C,X,2,M,0,0,T,MACK,RD8,DP,2,17,,8,0,0,800,D,,0,57,00541828,5700541828,3,19,4,1,0,0,0,0,0,0,0,998,0,0,0,6,6,2,1,12,0,0,0,1,47,37756,6,1,6,1,3,0,73,185,0,0,0,0,0,0,0,0,0,0,54,0,0,0,1,2,45,1,1,2,1,0,0,4,53,1,1,1,25,0,0
47,470778,2,2,3,6,10,11,0,12,1,1,0,47,1,12,402,12402,14,2003,1FMCU941X3KB,1,F,M,C,U,9,4,1,X,3,K,B,0,P,FORD,SPE,UT,3,17,3509,,0,1031,,G,,0,0,000000000,00000000000,0,0,0,1,0,0,0,0,0,0,0,998,1,0,0,12,12,6,2,12,0,0,0,1,47,37714,6,1,0,0,3,0,64,110,1,0,0,0,0,8,2008,8,2008,0,26,0,0,0,1,2,45,1,1,2,1,0,0,1,51,1,1,1,24,1,0
47,470779,1,2,1,7,10,20,30,12,6,1,0,47,1,35,47,35047,4,2000,1N4DL01D2YC2,1,N,4,D,L,0,1,D,2,Y,C,2,0,P,NISS,AGS,4D,0,17,2754,,0,1031,,G,,0,0,000000000,00000000000,0,0,0,1,0,0,0,0,0,0,0,5,0,0,0,11,11,6,2,12,0,0,0,1,47,37221,6,1,0,0,3,1,72,215,0,0,0,1,0,5,2010,5,2010,0,38,0,0,0,1,2,45,4,2,2,1,20,3,11,15,1,1,1,98,0,0
47,470779,2,2,1,7,10,20,30,12,6,1,0,47,1,53,705,53705,80,2007,JS1GN7DA4721,J,S,1,G,N,7,D,A,4,7,2,1,0,M,SUZI,G60,RC,7,17,,,,,,,599,0,0,000000000,00000000000,0,0,0,1,0,0,0,0,0,0,0,58,0,0,0,12,98,6,2,12,0,0,0,1,47,37115,6,1,0,0,3,1,73,160,1,0,0,1,1,3,2008,7,2009,1,36,0,0,0,1,2,45,4,2,2,1,0,0,14,71,1,1,1,98,1,0
47,470780,1,2,2,11,10,2,43,12,6,1,0,47,2,12,17,12017,4,2002,1FAFP53U82A2,1,F,A,F,P,5,3,U,8,2,A,2,0,P,FORD,TSE,4D,2,17,3355,,0,1085,,G,,0,0,000000000,00000000000,0,0,0,1,0,0,0,0,0,0,0,998,0,0,0,9,9,6,2,12,0,0,0,1,47,38109,1,1,0,0,2,0,65,150,0,1,0,0,0,6,2008,6,2008,0,36,0,0,0,5,3,45,1,1,2,1,0,0,4,54,1,1,7,89,1,0
47,470780,2,2,1,11,10,2,43,12,6,1,0,47,2,19,18,19018,4,2008,1G6DM5777801,1,G,6,D,M,5,7,7,7,8,0,1,0,P,CADI,C/T,4D,8,17,3509,,0,1134,,G,,0,0,000000000,00000000000,0,0,0,1,0,0,0,0,0,0,0,998,0,0,0,12,12,6,2,12,0,0,0,1,12,32826,6,1,0,0,3,0,72,999,0,0,0,0,0,0,0,0,0,0,0,0,0,0,5,3,45,1,1,2,1,0,0,1,73,1,1,1,88,0,0
47,470781,1,3,1,12,10,15,8,12,1,1,0,47,1,12,13,12013,4,1998,1FAFP13PXWW1,1,F,A,F,P,1,3,P,X,W,W,1,0,P,FORD,ESS,4D,98,17,2468,,0,984,,G,,0,0,000000000,00000000000,0,0,0,1,0,0,0,0,0,0,0,998,1,0,0,12,98,6,2,12,0,0,0,1,47,37617,6,1,0,0,3,0,64,170,0,0,0,0,0,0,0,0,0,1,28,0,0,0,2,2,65,1,1,2,1,0,0,1,6,1,1,1,24,1,0
47,470781,2,3,1,12,10,15,8,12,1,1,0,47,3,12,402,12402,14,2010,1FMCU0C79AKB,1,F,M,C,U,0,C,7,9,A,K,B,0,P,FORD,SPE,UT,10,17,3299,,0,1031,,G,,0,0,000000000,00000000000,0,0,0,1,0,0,0,0,0,0,0,998,0,0,0,6,6,2,3,12,0,0,0,1,47,37690,6,1,0,0,3,0,70,220,0,0,0,0,0,0,0,0,0,0,0,0,0,0,2,2,65,1,1,2,1,0,0,1,53,1,1,1,25,0,0
47,470781,3,3,1,12,10,15,8,12,1,1,0,93,3,82,884,82884,66,2011,1FUJGLDR3BSA,1,F,U,J,G,L,D,R,3,B,S,A,1,T,FRHT,125,DS,11,17,,8,0,0,CSC,D,,1,57,73705,5773705,3,6,1,1,0,0,0,0,0,0,0,998,7,0,0,12,12,6,2,12,0,0,0,1,47,37748,6,1,6,0,3,1,68,220,0,0,0,0,0,0,0,0,0,0,0,0,0,0,2,2,55,1,1,2,1,0,0,1,54,1,1,1,98,0,0
47,470782,1,2,1,13,10,16,13,12,2,1,0,47,1,22,16,22016,2,1990,1G2JB14KXL75,1,G,2,J,B,1,4,K,X,L,7,5,0,P,PONT,SLE,CP,90,17,2465,,0,1012,,G,,0,0,000000000,00000000000,0,0,0,1,0,0,0,0,0,0,0,998,0,0,0,12,12,6,2,12,0,0,0,1,47,37055,6,1,0,0,3,0,67,200,0,0,0,0,0,0,0,0,0,0,28,0,0,0,1,2,50,3,6,2,1,0,0,14,10,1,1,2,50,1,0
47,470782,2,2,1,13,10,16,13,12,2,1,0,47,2,14,402,14402,14,2005,4M2CU56115DJ,4,M,2,C,U,5,6,1,1,5,D,J,0,P,MERC,MRN,UT,5,17,3261,,0,1031,,G,,0,0,000000000,00000000000,0,0,0,1,0,0,0,0,0,0,0,998,0,0,0,12,98,6,2,12,0,0,0,1,47,37137,6,2,0,0,3,1,66,115,0,0,0,0,0,0,0,0,0,0,0,0,0,0,1,2,50,2,5,2,1,0,0,14,54,1,1,1,51,0,0
47,470783,1,2,1,13,10,17,0,12,6,1,0,47,1,13,401,13401,14,2004,5LMEU68H04ZJ,5,L,M,E,U,6,8,H,0,4,Z,J,0,P,LINC,AVI,UT,4,17,4818,,0,1137,,G,,0,0,000000000,00000000000,0,0,0,1,0,0,0,0,0,0,0,998,0,0,0,12,12,6,2,12,0,0,0,1,47,37096,6,1,0,0,3,0,62,135,0,0,0,0,0,0,0,0,0,0,0,0,0,0,2,2,55,1,1,2,2,0,0,1,62,1,3,2,65,0,0
47,470783,2,2,1,13,10,17,0,12,6,1,0,47,1,22,18,22018,4,1999,1G2NE52T3XM9,1,G,2,N,E,5,2,T,3,X,M,9,0,P,PONT,GAS,4D,99,17,3102,,0,1071,,G,,0,0,000000000,00000000000,0,0,0,1,0,0,0,0,0,0,0,998,0,0,0,9,9,6,2,12,0,0,0,1,47,37097,6,1,0,0,3,1,70,190,3,0,0,0,0,8,2008,9,2010,0,28,87,0,0,2,2,55,1,1,2,2,0,0,1,5,9,1,2,64,1,0
47,470784,1,1,2,14,10,19,40,33,0,1,0,47,2,18,401,18401,14,2003,3G5DA03E33S5,3,G,5,D,A,0,3,E,3,3,S,5,0,P,BUIC,RZV,UT,3,17,4024,,0,1122,,G,,0,0,000000000,00000000000,0,0,0,1,0,0,0,0,0,0,0,998,0,1,5,12,98,6,2,1,0,0,0,1,47,37160,1,1,0,0,2,0,72,205,0,1,0,0,0,9,2009,9,2009,0,58,0,0,0,1,2,55,1,1,2,1,0,0,1,13,9,2,4,2,1,1