STATE,ST_CASE,VEH_NO,VE_FORMS,NUMOCCS,DAY,MONTH,HOUR,MINUTE,HARM_EV,MAN_COLL,UNITTYPE,HIT_RUN,REG_STAT,OWNER,MAKE,MODEL,MAK_MOD,BODY_TYP,MOD_YEAR,VIN,VIN_1,VIN_2,VIN_3,VIN_4,VIN_5,VIN_6,VIN_7,VIN_8,VIN_9,VIN_10,VIN_11,VIN_12,TOW_VEH,VINTYPE,VINMAKE,VINA_MOD,VIN_BT,VINMODYR,VIN_LNGT,VIN_WGT,WGTCD_TR,WHLBS_LG,WHLBS_SH,SER_TR,FUELCODE,MCYCL_DS,J_KNIFE,MCARR_I1,MCARR_I2,MCARR_ID,GVWR,V_CONFIG,CARGO_BT,HAZ_INV,HAZ_PLAC,HAZ_ID,HAZ_CNO,HAZ_REL,BUS_USE,SPEC_USE,EMER_USE,TRAV_SP,UNDERIDE,ROLLOVER,ROLINLOC,IMPACT1,IMPACT2,DEFORMED,TOWED,M_HARM,VEH_SC1,VEH_SC2,FIRE_EXP,DR_PRES,L_STATE,DR_ZIP,L_STATUS,L_TYPE,CDL_STAT,L_ENDORS,L_COMPL,L_RESTRI,DR_HGT,DR_WGT,PREV_ACC,PREV_SUS,PREV_DWI,PREV_SPD,PREV_OTH,FIRST_MO,FIRST_YR,LAST_MO,LAST_YR,SPEEDREL,DR_SF1,DR_SF2,DR_SF3,DR_SF4,VTRAFWAY,VNUM_LAN,VSPD_LIM,VALIGN,VPROFILE,VPAVETYP,VSURCOND,VTRAFCON,VTCONT_F,P_CRASH1,P_CRASH2,P_CRASH3,PCRASH4,PCRASH5,ACC_TYPE,DEATHS,DR_DRINK
47,470820,2,1,1,25,10,6,19,14,0,1,0,40,3,51,881,51881,66,2007,4V4NC9THX7N4,4,V,4,N,C,9,T,H,X,7,N,4,1,T,VOLV,VNL,DS,7,17,,8,0,0,VVN,D,,1,57,3327,573327,3,6,1,1,0,0,0,0,0,0,0,998,0,0,0,12,12,6,2,8,0,0,0,1,5,72764,6,1,6,0,3,0,71,145,0,0,0,0,0,0,0,0,0,0,87,0,0,0,3,2,70,1,6,2,2,0,0,1,50,6,1,4,11,0,0
47,470821,1,1,1,24,10,6,50,8,0,1,1,47,2,12,461,12461,21,1993,1FDEE14H2PHA,1,F,D,E,E,1,4,H,2,P,H,A,0,T,FORD,15V,IC,93,17,,2,0,1380,VAN,G,,0,0,000000000,00000000000,0,0,0,1,0,0,0,0,0,0,0,998,0,0,0,12,12,4,1,8,0,0,0,1,47,38115,9,9,99,9,9,9,999,999,99,99,99,99,99,99,9999,99,9999,0,36,0,0,0,5,3,40,1,1,2,1,0,0,1,13,1,1,4,13,0,1
47,470822,1,1,2,26,10,14,40,35,0,1,0,47,2,21,2,21002,4,1999,1G3HN52K7X48,1,G,3,H,N,5,2,K,7,X,4,8,0,P,OLDS,8LW,4D,99,17,3455,,0,1108,,G,,0,0,000000000,00000000000,0,0,0,1,0,0,0,0,0,0,0,998,0,1,5,12,98,6,2,1,0,0,0,1,47,37920,6,1,0,0,3,0,71,190,0,0,0,0,0,0,0,0,0,0,99,99,99,99,2,2,55,1,6,2,1,0,0,1,13,1,1,4,1,2,0
47,470823,1,1,1,30,10,6,53,24,0,1,0,93,3,82,883,82883,66,2009,1FUJA6CV69DA,1,F,U,J,A,6,C,V,6,9,D,A,1,T,FRHT,COL,DS,9,17,,8,0,0,CON,D,,1,57,53467,5753467,3,6,1,1,0,0,0,0,0,0,0,998,0,1,5,12,98,6,2,2,0,0,1,1,5,72301,6,1,6,0,3,0,66,190,0,2,0,0,0,3,2009,3,2009,0,99,99,99,99,2,2,70,1,2,2,1,0,0,1,13,1,1,4,1,1,0
47,470824,1,1,1,3,11,23,10,34,0,1,0,47,1,12,3,12003,1,2001,1FAFP444X1F1,1,F,A,F,P,4,4,4,X,1,F,1,0,P,FORD,MUS,CV,1,17,3207,,0,1013,,G,,0,0,000000000,00000000000,0,0,0,1,0,0,0,0,0,0,0,998,0,0,0,9,98,6,2,34,0,0,0,1,47,38483,6,1,0,0,3,0,69,157,0,0,0,0,0,0,0,0,0,0,99,99,99,99,1,2,55,1,3,2,2,0,0,1,13,1,1,4,1,1,1
47,470825,1,1,1,3,11,11,50,1,0,1,0,47,1,20,401,20401,14,1998,1GNDT13W4W22,1,G,N,D,T,1,3,W,4,W,2,2,0,P,CHEV,BZR,UT,98,17,4046,,0,1070,,G,,0,0,000000000,00000000000,0,0,0,1,0,0,0,0,0,0,0,998,0,1,5,0,98,6,2,42,0,0,0,1,47,37397,6,1,6,0,3,0,61,145,1,0,0,0,0,8,2009,8,2009,0,28,58,0,0,1,2,55,3,1,2,2,0,0,14,10,6,2,4,7,1,0
47,470826,1,2,1,29,10,23,55,12,7,1,0,47,3,12,23,12023,4,2008,3FAHP08168R1,3,F,A,H,P,0,8,1,6,8,R,1,0,P,FORD,F/L,4D,8,17,3325,,0,1074,,G,,0,0,000000000,00000000000,0,0,0,1,0,0,0,0,0,0,0,998,0,1,3,1,98,6,2,1,0,0,0,1,47,37931,6,1,0,0,3,0,68,220,0,0,0,0,0,0,0,0,0,0,27,0,0,0,2,2,70,1,1,2,1,0,0,15,11,1,1,2,46,1,1
47,470826,2,2,3,29,10,23,55,12,7,1,0,47,2,20,482,20482,31,2004,3GNEC12T84G2,3,G,N,E,C,1,2,T,8,4,G,2,0,T,CHEV,CAV,CW,4,17,5437,2,0,1300,AVL,G,,0,0,000000000,00000000000,0,0,0,1,0,0,0,0,0,0,0,998,0,1,3,7,98,6,2,1,0,0,0,1,39,45211,6,1,0,0,3,0,76,350,0,0,0,2,1,1,2008,12,2009,0,0,0,0,0,2,2,70,1,1,2,1,0,0,1,61,1,1,1,45,1,0
47,470827,1,1,4,30,10,11,55,30,0,1,0,47,1,37,31,37031,2,2004,1HGEM21954L0,1,H,G,E,M,2,1,9,5,4,L,0,0,P,HOND,UAX,CP,4,17,0,,0,1031,,G,,0,0,000000000,00000000000,0,0,0,1,0,0,0,0,0,0,0,998,0,0,0,3,98,6,2,30,0,0,0,1,47,37122,6,1,0,0,3,0,68,155,0,0,0,1,0,7,2008,7,2008,1,28,58,0,0,1,2,35,2,1,2,1,0,0,14,6,2,4,4,7,2,1
47,470828,1,2,1,31,10,11,0,12,2,1,0,47,1,30,47,30047,3,2000,3VWDD21CXYM4,3,V,W,D,D,2,1,C,X,Y,M,4,0,P,VOLK,NGX,2H,0,17,2915,,0,989,,G,,0,0,000000000,00000000000,0,0,0,1,0,0,0,0,0,0,0,998,0,0,0,12,12,6,2,12,0,0,0,1,47,37931,6,1,0,0,3,0,61,140,0,0,0,0,0,0,0,0,0,0,28,0,0,0,1,2,45,3,6,2,1,0,0,14,10,1,1,2,50,0,0
47,470828,2,2,1,31,10,11,0,12,2,1,0,47,2,9,442,9442,20,1989,1P4FH5431KX5,1,P,4,F,H,5,4,3,1,K,X,5,0,P,PLYM,VOF,SV,89,17,3225,,0,1190,,G,,0,0,000000000,00000000000,0,0,0,1,0,0,0,0,0,0,0,998,0,0,0,12,12,6,2,12,0,0,0,1,47,37931,6,1,0,0,3,0,71,230,0,0,0,0,0,0,0,0,0,0,0,0,0,0,1,2,45,2,5,2,1,0,0,14,54,1,1,1,51,1,0
47,470829,1,1,4,4,11,2,47,33,0,1,0,47,2,21,1,21001,4,1981,1G3AG69F2BR4,1,G,3,A,G,6,9,F,2,B,R,4,0,P,OLDS,CUT,4D,81,17,3127,,0,1081,,G,,0,0,000000000,00000000000,0,0,0,1,0,0,0,0,0,0,0,998,0,1,5,14,98,6,2,30,0,0,0,1,47,38002,6,1,0,0,3,0,66,140,0,0,0,0,0,0,0,0,0,0,99,99,99,99,1,2,30,1,5,2,1,0,0,1,13,1,1,4,1,1,0
47,470830,1,1,1,11,10,9,5,1,0,1,0,47,1,76,705,76705,80,2001,JYAVM01E41A0,J,Y,A,V,M,0,1,E,4,1,A,0,0,M,YAMA,V6A,RS,1,17,,,,,,,649,0,0,000000000,00000000000,0,0,0,1,0,0,0,0,0,0,0,998,0,0,0,0,98,6,2,1,0,0,0,1,47,38004,6,1,0,0,3,0,70,200,0,0,0,1,0,1,2009,1,2009,0,36,0,0,0,1,2,35,1,1,2,1,0,0,1,13,8,4,4,2,1,0
47,470831,1,2,1,29,10,21,35,12,1,1,0,47,3,12,471,12471,30,2003,1FTYR10E53PB,1,F,T,Y,R,1,0,E,5,3,P,B,0,T,FORD,RNG,PK,3,17,,1,1175,1116,RNG,G,,0,0,000000000,00000000000,0,0,0,1,0,0,0,0,0,0,0,998,0,0,0,12,98,6,2,12,0,0,0,1,13,30705,6,1,0,0,3,0,67,160,98,0,0,0,0,0,0,0,0,1,26,0,0,0,2,2,70,1,1,2,1,0,0,1,6,1,1,1,24,0,0
47,470831,2,2,1,29,10,21,35,12,1,1,0,47,1,14,402,14402,14,2005,4M2CU57165DJ,4,M,2,C,U,5,7,1,6,5,D,J,0,P,MERC,MRN,UT,5,17,3409,,0,1031,,G,,0,0,000000000,00000000000,0,0,0,1,0,0,0,0,0,0,0,998,0,1,3,6,98,6,2,1,0,0,0,1,47,37309,6,1,0,0,3,0,62,242,0,0,0,2,0,5,2008,9,2008,0,0,0,0,0,2,2,70,1,1,2,1,0,0,1,53,1,1,1,25,1,0
47,470832,1,2,1,23,10,11,25,12,6,1,0,47,3,23,8,23008,6,2009,1GKER23D69J1,1,G,K,E,R,2,3,D,6,9,J,1,0,T,GMC,S1F,4W,9,17,,2,0,1189,ACA,G,,0,0,000000000,00000000000,0,0,0,1,0,0,0,0,0,0,0,998,0,0,0,1,98,6,2,12,0,0,0,1,47,37052,6,1,0,0,3,0,74,200,0,0,0,0,0,0,0,0,0,0,38,0,0,0,1,2,50,1,1,2,1,0,0,11,15,1,1,2,68,1,0
47,470832,2,2,2,23,10,11,25,12,6,1,0,47,2,20,481,20481,31,2001,1GCGK13U71F1,1,G,C,G,K,1,3,U,7,1,F,1,0,T,CHEV,1KH,CW,1,17,,2,0,1530,SIL,G,,0,0,000000000,00000000000,0,0,0,1,0,0,0,0,0,0,0,998,0,0,0,12,98,6,2,12,0,0,0,1,47,37043,6,1,0,0,3,0,77,170,0,0,0,2,0,6,2008,4,2009,0,0,0,0,0,1,2,50,1,1,2,1,0,0,1,62,1,1,1,69,0,0
47,470833,1,1,2,16,10,12,45,1,0,1,0,92,0,53,734,53734,90,2008,000000000000,0,0,0,0,0,0,0,0,0,0,0,0,0,U,,,,,17,,,,,,,,0,0,000000000,00000000000,0,0,0,1,0,0,0,0,0,0,0,998,0,2,5,0,0,0,1,1,0,0,0,1,47,37729,6,1,0,0,3,0,69,218,0,0,0,0,0,0,0,0,0,0,18,0,0,0,1,2,35,1,1,2,1,0,0,1,13,1,1,4,1,1,0
47,470834,1,3,1,4,11,6,40,12,6,1,0,47,1,54,35,54035,4,2002,19UUA56842A0,1,9,U,U,A,5,6,8,4,2,A,0,0,P,ACUR,3TS,4D,2,17,3558,,0,1081,,G,,0,0,000000000,00000000000,0,0,0,1,0,0,0,0,0,0,0,998,0,0,0,1,98,6,2,12,0,0,0,1,47,37188,6,1,0,0,3,0,72,200,0,0,0,0,0,0,0,0,0,1,27,33,35,51,1,2,50,1,6,2,1,0,0,6,8,1,1,2,46,1,0
47,470834,2,3,1,4,11,6,40,12,6,1,0,13,1,41,51,41051,4,2010,JM1BL1SFXA12,J,M,1,B,L,1,S,F,X,A,1,2,0,P,MAZD,M3I,4D,10,17,2868,,0,1039,,G,,0,0,000000000,00000000000,0,0,0,1,0,0,0,0,0,0,0,998,0,0,0,7,7,2,1,12,0,0,0,1,13,30906,6,1,0,0,3,0,67,122,98,0,0,0,1,6,2008,6,2008,0,0,0,0,0,1,2,50,1,6,2,1,0,0,1,53,1,1,1,45,0,0
47,470834,3,3,1,4,11,6,40,12,6,1,0,47,3,12,461,12461,21,2006,1FTNE24W56DA,1,F,T,N,E,2,4,W,5,6,D,A,0,T,FORD,25V,CG,6,17,,2,0,1380,VAN,G,,0,0,000000000,00000000000,0,0,0,1,0,0,0,0,0,0,0,998,0,1,5,12,98,6,2,12,0,0,0,1,47,37146,6,1,0,0,3,1,71,250,0,0,0,0,0,0,0,0,0,0,0,0,0,0,1,2,50,1,6,2,1,0,0,1,62,1,1,1,98,0,0
47,470835,1,1,2,6,11,22,40,59,0,1,0,47,1,37,401,37401,14,2000,4S6DM58W5Y44,4,S,6,D,M,5,8,W,5,Y,4,4,0,P,HOND,PAS,UT,0,17,4041,,0,1064,,G,,0,0,000000000,00000000000,0,0,0,1,0,0,0,0,0,0,0,998,0,0,0,12,98,6,2,42,0,0,0,1,47,37810,6,1,0,0,3,1,64,150,0,0,0,0,0,0,0,0,0,1,39,92,0,0,1,2,50,2,4,2,1,0,0,14,6,1,1,4,6,1,1
47,470836,1,1,1,7,11,4,3,42,0,1,0,47,1,20,481,20481,31,1998,2GCEK19R1W12,2,G,C,E,K,1,9,R,1,W,1,2,0,T,CHEV,GK1,PC,98,17,,2,1555,1415,GM4,G,,0,0,000000000,00000000000,0,0,0,1,0,0,0,0,0,0,0,998,0,0,0,12,98,6,2,42,0,0,0,1,47,37367,6,1,0,0,3,0,64,109,0,0,0,0,0,0,0,0,0,1,39,58,0,0,1,2,45,1,1,2,1,0,0,1,6,6,2,4,2,1,1
47,470837,1,1,1,3,11,99,99,38,0,1,0,47,1,35,472,35472,30,2001,1N6ED26Y41C3,1,N,6,E,D,2,6,Y,4,1,C,3,0,T,NISS,KXS,PC,1,17,,1,0,1161,FRT,G,,0,0,000000000,00000000000,0,0,0,1,0,0,0,0,0,0,0,998,0,0,0,12,98,6,2,42,0,0,0,1,47,37880,6,1,0,0,3,0,70,380,0,0,0,0,0,0,0,0,0,9,99,99,99,99,1,2,55,1,1,2,2,0,0,1,12,99,1,4,6,1,0
47,470838,1,1,2,5,11,20,8,34,0,1,0,47,2,63,401,63401,14,1999,KNDJA7231X55,K,N,D,J,A,7,2,3,1,X,5,5,0,P,KIA,SPO,UT,99,17,3352,,0,1043,,G,,0,0,000000000,00000000000,0,0,0,1,0,0,0,0,0,0,0,998,0,1,6,7,98,6,2,1,0,0,0,1,47,37618,2,1,0,0,2,0,76,195,0,0,0,0,0,0,0,0,0,1,99,99,99,99,1,2,25,2,6,2,2,0,0,14,12,1,1,4,6,1,0
47,470839,1,1,2,10,11,21,37,34,0,1,0,47,1,20,471,20471,30,1991,1GCCS14Z7M81,1,G,C,C,S,1,4,Z,7,M,8,1,0,T,CHEV,S14,PK,91,17,,1,1179,1083,S,G,,0,0,000000000,00000000000,0,0,0,1,0,0,0,0,0,0,0,998,0,0,0,12,12,6,2,42,0,0,0,1,47,38371,2,1,0,0,2,0,71,200,0,0,0,0,0,0,0,0,0,1,99,99,99,99,1,2,55,3,2,2,1,0,0,14,13,1,1,4,1,1,1
47,470840,1,2,1,10,11,11,7,12,2,1,0,47,1,41,471,41471,30,1996,4F4CR12A1TTM,4,F,4,C,R,1,2,A,1,T,T,M,0,T,MAZD,RGC,PK,96,17,,1,1139,1079,B23,G,,0,0,000000000,00000000000,0,0,0,1,0,0,0,0,0,0,0,998,0,0,0,12,98,6,2,2,0,0,1,1,47,37122,1,1,1,0,2,9,68,160,0,2,0,0,1,11,2007,12,2008,0,30,51,0,0,3,3,70,1,6,2,1,40,3,1,8,1,1,2,52,1,0
47,470840,2,2,1,10,11,11,7,12,2,1,0,39,3,85,881,85881,66,2006,1XKADB9X86J1,1,X,K,A,D,B,9,X,8,6,J,1,1,T,KW,T60,DS,6,17,,8,2600,1600,CON,D,,3,57,00120682,5700120682,3,6,2,2,2,1773,8,2,0,0,0,998,0,1,2,12,98,6,2,12,0,0,1,1,39,44615,6,1,6,1,3,0,70,250,0,0,0,2,1,9,2008,9,2010,0,0,0,0,0,3,3,70,1,5,2,1,0,0,1,74,1,1,1,52,1,0
47,470841,1,1,3,6,11,2,58,35,0,1,0,47,1,35,39,35039,4,1997,JN1CA21D5VT8,J,N,1,C,A,2,1,D,5,V,T,8,0,P,NISS,MGS,4D,97,17,2886,,0,1063,,G,,0,0,000000000,00000000000,0,0,0,1,0,0,0,0,0,0,0,998,0,0,0,12,12,6,2,35,0,0,0,1,47,37035,1,1,0,0,2,0,62,170,3,2,0,0,0,12,2008,12,2009,0,4,0,0,0,1,2,40,2,5,2,1,0,0,14,12,1,1,4,6,1,1
47,470842,1,1,1,9,11,99,99,38,0,1,0,47,1,49,32,49032,4,1999,2T1BR12E7XC1,2,T,1,B,R,1,2,E,7,X,C,1,0,P,TOYT,UVL,4D,99,17,2414,,0,970,,G,,0,0,000000000,00000000000,0,0,0,1,0,0,0,0,0,0,0,998,0,0,0,6,98,6,2,2,0,0,1,1,47,37355,6,1,0,0,3,0,70,190,0,0,0,0,0,0,0,0,0,1,28,58,0,0,1,2,45,1,1,2,1,0,0,1,6,8,4,4,7,1,0
47,470843,1,1,4,9,11,14,35,42,0,1,0,47,2,12,481,12481,31,2004,1FTPX14574NC,1,F,T,P,X,1,4,5,7,4,N,C,0,T,FORD,F15,4C,4,17,,2,1450,1260,COF,G,,0,0,000000000,00000000000,0,0,0,1,0,0,0,0,0,0,0,998,0,0,0,9,98,6,2,42,0,0,0,1,47,38135,6,1,0,0,3,0,68,135,0,0,0,3,0,4,2010,10,2010,1,36,58,0,0,1,2,35,3,1,2,1,0,0,14,6,6,3,4,2,1,1
47,470844,1,2,3,10,11,8,50,12,7,1,0,47,1,7,472,7472,30,2001,1B7GG22N51S1,1,B,7,G,G,2,2,N,5,1,S,1,0,T,DODG,DAK,PK,1,17,,1,0,1309,DAK,G,,0,0,000000000,00000000000,0,0,0,1,0,0,0,0,0,0,0,998,0,0,0,3,98,6,2,42,0,0,0,1,47,37659,6,1,0,0,3,0,71,190,0,1,0,4,0,12,2007,2,2009,1,27,0,0,0,1,2,40,1,6,2,1,0,0,6,6,1,1,2,98,1,1
47,470844,2,2,1,10,11,8,50,12,7,1,0,47,2,35,47,35047,4,1999,1N4DL01D6XC2,1,N,4,D,L,0,1,D,6,X,C,2,0,P,NISS,AGS,4D,99,17,2762,,0,1031,,G,,0,0,000000000,00000000000,0,0,0,1,0,0,0,0,0,0,0,998,0,0,0,11,11,6,4,12,0,0,0,1,47,37601,6,1,0,0,3,0,68,150,0,0,0,0,0,0,0,0,0,0,0,0,0,0,1,2,40,1,6,2,1,0,0,11,15,1,1,2,98,0,0
47,470845,1,1,2,12,11,22,37,42,0,1,0,47,1,22,16,22016,4,2000,1G2JB5243Y71,1,G,2,J,B,5,2,4,3,Y,7,1,0,P,PONT,SFS,4D,0,17,2644,,0,1041,,G,,0,0,000000000,00000000000,0,0,0,1,0,0,0,0,0,0,0,998,0,0,0,9,98,6,2,42,0,0,0,1,47,37355,6,1,0,0,3,0,75,200,1,0,0,0,0,9,2010,9,2010,0,99,99,99,99,1,2,45,1,6,2,1,0,0,1,13,1,1,4,1,1,1
47,470846,1,1,1,12,11,11,47,19,0,1,0,47,2,49,40,49040,4,2003,4T1BE32K03U1,4,T,1,B,E,3,2,K,0,3,U,1,0,P,TOYT,UXS,4D,3,17,2993,,0,1071,,G,,0,0,000000000,00000000000,0,0,0,1,0,0,0,0,0,0,0,998,0,0,0,12,12,6,2,19,0,0,0,1,47,38107,1,1,0,0,2,1,69,150,0,1,0,0,0,1,2009,1,2009,0,28,0,0,0,1,2,35,1,1,2,1,20,3,1,14,1,1,4,14,1,0
47,470847,1,1,1,13,11,2,40,34,0,1,0,47,1,12,3,12003,2,2006,1ZVFT82H2651,1,Z,V,F,T,8,2,H,2,6,5,1,0,P,FORD,MGT,CP,6,17,3483,,0,1071,,G,,0,0,000000000,00000000000,0,0,0,1,0,0,0,0,0,0,0,998,0,0,0,12,98,6,2,42,0,0,0,1,47,37015,6,1,0,0,3,0,72,140,1,0,0,1,0,11,2007,4,2009,1,99,99,99,99,1,2,55,2,6,2,1,0,0,14,6,1,1,4,6,1,0
47,470848,1,2,1,11,11,16,10,1,0,1,0,47,1,20,402,20402,14,1998,2CNBE1865W69,2,C,N,B,E,1,8,6,5,W,6,9,0,P,CHEV,TKR,UT,98,17,2339,,0,866,,G,,0,0,000000000,00000000000,0,0,0,1,0,0,0,0,0,0,0,998,0,2,5,0,98,6,2,1,0,0,0,1,47,37387,6,1,0,0,3,1,75,320,0,0,0,1,0,10,2009,10,2009,0,28,58,0,0,3,2,70,1,1,2,1,0,0,1,13,9,3,4,98,1,0
47,470848,2,2,2,11,11,16,10,1,0,1,0,17,3,82,883,82883,66,2007,1FUJA6CV87DX,1,F,U,J,A,6,C,V,8,7,D,X,1,T,FRHT,COL,DS,7,17,,8,0,0,CON,D,,1,57,105902,57105902,3,6,1,1,0,0,0,0,0,0,0,998,0,0,0,82,98,6,2,54,0,0,0,1,12,34748,6,1,6,0,3,0,69,999,0,1,0,0,0,4,2010,4,2010,0,0,0,0,0,3,2,70,1,1,2,1,0,0,1,60,1,1,1,98,0,0
47,470849,1,1,5,11,9,22,52,1,0,1,0,47,1,20,421,20421,15,1985,1G8EK18H4FF1,1,G,8,E,K,1,8,H,4,F,F,1,0,T,CHEV,KBZ,S1,85,17,,2,0,1065,K10,G,,0,0,000000000,00000000000,0,0,0,1,0,0,0,0,0,0,0,998,0,1,1,0,0,6,2,1,0,0,0,1,47,37082,2,1,0,0,2,0,60,124,0,4,0,0,0,2,2008,10,2009,1,28,36,58,0,2,2,45,1,2,2,1,0,0,15,6,9,2,1,98,1,1
47,470850,1,2,1,7,10,17,32,12,6,1,0,47,1,37,702,37702,83,1985,JH2HE0106FK6,J,H,2,H,E,0,1,0,6,F,K,6,0,M,HOND,XR8,T,85,17,,,,,,,80,0,0,000000000,00000000000,0,0,0,1,0,0,0,0,0,0,0,998,0,0,0,62,98,6,2,12,0,0,0,1,47,37421,1,1,0,0,2,0,69,175,0,4,0,1,0,4,2008,9,2010,0,38,0,0,0,1,2,30,1,1,2,1,20,3,11,15,1,1,2,82,1,1
47,470850,2,2,1,7,10,17,32,12,6,1,0,47,2,35,43,35043,4,2002,3N1CB51DX2L6,3,N,1,C,B,5,1,D,X,2,L,6,0,P,NISS,XGX,4D,2,17,2441,,0,998,,G,,0,0,000000000,00000000000,0,0,0,1,0,0,0,0,0,0,0,998,0,0,0,12,12,6,2,12,0,0,0,1,47,37421,2,1,0,0,2,0,74,260,0,0,0,0,0,0,0,0,0,0,0,0,0,0,1,2,30,1,1,2,1,0,0,1,67,4,1,1,83,0,1
47,470851,1,1,1,20,10,20,31,35,0,1,0,47,1,20,421,20421,15,2002,1GNEC13Z02J1,1,G,N,E,C,1,3,Z,0,2,J,1,0,P,CHEV,CTA,UT,2,17,4828,,0,1160,,F,,0,0,000000000,00000000000,0,0,0,1,0,0,0,0,0,0,0,998,0,2,5,12,98,6,2,1,0,0,0,1,47,37920,6,1,0,0,3,0,62,135,0,0,0,1,0,2,2009,2,2009,0,99,99,99,99,1,2,40,2,2,2,1,0,0,14,13,1,1,4,1,1,1
47,470852,1,2,1,24,10,16,12,12,2,1,0,47,1,62,401,62401,14,1994,SALJY1248RA1,S,A,L,J,Y,1,2,4,8,R,A,1,0,T,LNDR,DIS,4W,94,17,,2,0,1000,DIS,G,,0,0,000000000,00000000000,0,0,0,1,0,0,0,0,0,0,0,998,0,0,0,12,98,6,2,12,0,0,0,1,47,37620,6,2,0,0,3,0,68,129,0,0,0,0,0,0,0,0,0,0,28,52,58,0,1,2,35,1,1,2,1,0,0,1,10,6,1,2,50,0,0
47,470852,2,2,1,24,10,16,12,12,2,1,0,47,1,22,401,22401,14,2001,3G7DA03E81S5,3,G,7,D,A,0,3,E,8,1,S,5,0,P,PONT,AZT,UT,1,17,3779,,0,1083,,G,,0,0,000000000,00000000000,0,0,0,1,0,0,0,0,0,0,0,998,0,1,5,12,98,6,2,1,0,0,0,1,47,37620,1,1,0,0,2,0,69,122,0,1,0,2,0,12,2007,2,2010,0,0,0,0,0,1,2,35,1,1,2,1,0,0,1,54,1,1,1,51,1,0
47,470853,1,1,1,25,10,7,21,30,0,1,0,47,1,37,31,37031,4,1991,1HGED3547ML0,1,H,G,E,D,3,5,4,7,M,L,0,0,P,HOND,CID,4D,91,17,1973,,0,984,,G,,0,0,000000000,00000000000,0,0,0,1,0,0,0,0,0,0,0,998,0,0,0,12,12,4,3,30,0,0,0,1,47,37912,6,1,0,0,3,0,68,155,0,0,0,0,0,0,0,0,0,0,99,99,99,99,2,2,45,1,2,2,2,0,0,1,13,1,1,4,1,1,0
47,470854,1,2,1,26,10,22,29,8,0,1,0,47,2,18,2,18002,4,1997,1G4HR52K5VH5,1,G,4,H,R,5,2,K,5,V,H,5,0,P,BUIC,LLF,4D,97,17,3488,,0,1108,,G,,0,0,000000000,00000000000,0,0,0,1,0,0,0,0,0,0,0,998,0,0,0,12,12,2,3,8,0,0,0,1,47,37748,6,1,0,0,3,0,58,195,0,0,0,0,0,0,0,0,0,0,0,0,0,0,1,2,40,1,2,2,2,0,0,1,80,1,1,1,13,0,0
47,470854,2,2,1,26,10,22,29,8,0,1,0,47,1,41,50,41050,6,2004,1YVFP82D145N,1,Y,V,F,P,8,2,D,1,4,5,N,0,P,MAZD,M6S,SW,4,17,3389,,0,1053,,G,,0,0,000000000,00000000000,0,0,0,1,0,0,0,0,0,0,0,998,0,0,0,11,11,2,3,54,0,0,0,1,47,37923,6,1,0,0,3,1,70,185,1,0,0,0,0,5,2009,5,2009,0,0,0,0,0,1,2,40,1,2,2,2,0,0,1,80,1,1,1,98,0,0
47,470855,1,1,2,30,10,21,8,8,0,1,0,47,1,7,43,7043,4,1998,1B3EJ46X8WN2,1,B,3,E,J,4,6,X,8,W,N,2,0,P,DODG,STR,4D,98,17,2837,,0,1080,,G,,0,0,000000000,00000000000,0,0,0,1,0,0,0,0,0,0,0,998,0,0,0,12,12,6,2,8,0,0,0,1,47,37042,1,1,0,0,2,1,57,160,0,2,0,2,0,5,2009,11,2009,0,0,0,0,0,5,2,40,1,1,2,1,0,0,1,80,1,1,1,13,0,0
47,470856,1,1,1,13,11,15,45,15,0,1,0,47,1,20,36,20036,2,1996,2G1WX12X1T91,2,G,1,W,X,1,2,X,1,T,9,1,0,P,CHEV,MZ3,CP,96,17,3436,,0,1075,,G,,0,0,000000000,00000000000,0,0,0,1,0,0,0,0,0,0,0,998,0,1,5,11,98,6,2,15,0,0,0,1,47,37743,6,1,0,0,3,0,68,140,0,0,0,0,0,0,0,0,0,1,28,0,0,0,1,2,45,2,6,2,1,0,0,14,6,1,1,4,13,0,0
47,470857,1,1,1,13,11,5,47,34,0,1,0,47,1,7,442,7442,20,2002,1B4GP443X2B6,1,B,4,G,P,4,4,3,X,2,B,6,0,P,DODG,CAR,SV,2,17,4002,,0,1193,,F,,0,0,000000000,00000000000,0,0,0,1,0,0,0,0,0,0,0,998,0,1,5,11,98,6,2,1,0,0,0,1,47,38231,6,1,0,0,3,0,71,260,1,0,0,0,0,4,2010,4,2010,0,99,99,99,99,1,2,55,1,1,2,1,0,0,1,12,1,1,4,6,1,0
47,470858,1,1,3,13,11,15,22,53,0,1,0,47,2,49,40,49040,2,2000,2T1CG22P7YC3,2,T,1,C,G,2,2,P,7,Y,C,3,0,P,TOYT,CRE,CP,0,17,3120,,0,1051,,G,,0,0,000000000,00000000000,0,0,0,1,0,0,0,0,0,0,0,998,0,1,5,12,98,6,2,1,0,0,0,1,47,38242,6,1,0,0,3,0,63,102,0,0,0,0,0,0,0,0,0,0,99,99,99,99,1,2,55,2,2,2,2,0,0,14,13,1,1,4,1,1,0