STATE,ST_CASE,VEH_NO,VE_FORMS,NUMOCCS,DAY,MONTH,HOUR,MINUTE,HARM_EV,MAN_COLL,UNITTYPE,HIT_RUN,REG_STAT,OWNER,MAKE,MODEL,MAK_MOD,BODY_TYP,MOD_YEAR,VIN,VIN_1,VIN_2,VIN_3,VIN_4,VIN_5,VIN_6,VIN_7,VIN_8,VIN_9,VIN_10,VIN_11,VIN_12,TOW_VEH,VINTYPE,VINMAKE,VINA_MOD,VIN_BT,VINMODYR,VIN_LNGT,VIN_WGT,WGTCD_TR,WHLBS_LG,WHLBS_SH,SER_TR,FUELCODE,MCYCL_DS,J_KNIFE,MCARR_I1,MCARR_I2,MCARR_ID,GVWR,V_CONFIG,CARGO_BT,HAZ_INV,HAZ_PLAC,HAZ_ID,HAZ_CNO,HAZ_REL,BUS_USE,SPEC_USE,EMER_USE,TRAV_SP,UNDERIDE,ROLLOVER,ROLINLOC,IMPACT1,IMPACT2,DEFORMED,TOWED,M_HARM,VEH_SC1,VEH_SC2,FIRE_EXP,DR_PRES,L_STATE,DR_ZIP,L_STATUS,L_TYPE,CDL_STAT,L_ENDORS,L_COMPL,L_RESTRI,DR_HGT,DR_WGT,PREV_ACC,PREV_SUS,PREV_DWI,PREV_SPD,PREV_OTH,FIRST_MO,FIRST_YR,LAST_MO,LAST_YR,SPEEDREL,DR_SF1,DR_SF2,DR_SF3,DR_SF4,VTRAFWAY,VNUM_LAN,VSPD_LIM,VALIGN,VPROFILE,VPAVETYP,VSURCOND,VTRAFCON,VTCONT_F,P_CRASH1,P_CRASH2,P_CRASH3,PCRASH4,PCRASH5,ACC_TYPE,DEATHS,DR_DRINK
47,470924,1,1,1,29,11,10,10,38,0,1,0,47,1,23,401,23401,14,1996,1GKCT18W4TK5,1,G,K,C,T,1,8,W,4,T,K,5,0,T,GMC,JMY,2W,96,17,,1,0,1005,JMY,G,,0,0,000000000,00000000000,0,0,0,1,0,0,0,0,0,0,0,998,0,0,0,12,98,4,3,38,0,0,0,1,47,37015,6,1,0,0,3,1,63,155,0,0,0,0,0,0,0,0,0,0,4,0,0,0,1,2,45,2,2,2,1,0,0,14,12,1,1,4,6,1,0
47,470925,1,2,8,4,9,15,50,12,6,1,0,47,1,12,442,12442,20,1998,2FMZA5142WBC,2,F,M,Z,A,5,1,4,2,W,B,C,0,T,FORD,WWG,ES,98,17,,1,0,1207,WIN,G,,0,0,000000000,00000000000,0,0,0,1,0,0,0,0,0,0,0,998,0,0,0,82,98,6,2,12,0,0,0,1,47,37388,6,1,0,0,3,1,66,120,0,0,0,0,0,0,0,0,0,0,38,48,0,0,1,2,45,1,1,2,1,0,0,11,15,1,1,2,68,1,0
47,470925,2,2,1,4,9,15,50,12,6,1,0,47,1,49,472,49472,30,2000,4TAPM62N4YZ6,4,T,A,P,M,6,2,N,4,Y,Z,6,0,T,TOYT,REG,PK,0,17,,1,0,1033,TAC,G,,0,0,000000000,00000000000,0,0,0,1,0,0,0,0,0,0,0,998,0,0,0,12,98,6,2,12,0,0,0,1,47,37388,6,1,0,0,3,0,75,240,0,0,0,0,0,0,0,0,0,0,0,0,0,0,1,2,45,1,1,2,1,0,0,1,62,1,1,1,69,0,0
47,470926,1,1,1,17,11,21,14,42,0,1,0,13,1,2,404,2404,14,2000,1J4G258N9YC3,1,J,4,G,2,5,8,N,9,Y,C,3,0,T,JEEP,LMT,4W,0,17,,1,0,1059,GCK,G,,0,0,000000000,00000000000,0,0,0,1,0,0,0,0,0,0,0,998,0,1,5,12,98,6,2,1,0,0,0,1,13,30188,1,1,0,0,2,0,70,150,98,4,1,0,2,5,2010,11,2010,0,99,99,99,99,4,2,45,2,2,2,1,28,3,14,13,1,1,4,1,1,1
47,470927,1,1,1,8,12,3,59,42,0,1,0,21,1,51,42,51042,4,1997,YV1LS5540V23,Y,V,1,L,S,5,5,4,0,V,2,3,0,P,VOLV,850,4D,97,17,3131,,0,1049,,G,,0,0,000000000,00000000000,0,0,0,1,0,0,0,0,0,0,0,998,0,1,6,12,98,6,2,42,0,0,0,1,47,38116,6,1,6,0,3,0,70,215,0,0,0,0,0,0,0,0,0,0,99,99,99,99,1,2,40,1,6,2,1,0,0,1,12,1,1,4,6,1,0
47,470928,1,1,2,1,9,9,15,42,0,1,0,18,1,37,32,37032,4,2008,1HGCP36818A0,1,H,G,C,P,3,6,8,1,8,A,0,0,P,HOND,AXL,4D,8,17,3583,,0,1102,,G,,0,0,000000000,00000000000,0,0,0,1,0,0,0,0,0,0,0,998,0,1,5,12,12,6,2,1,0,0,0,1,18,46220,6,1,0,0,3,0,64,155,0,0,0,0,0,0,0,0,0,0,28,0,0,0,1,2,30,3,1,2,1,0,0,14,87,7,1,4,3,1,0
47,470929,1,1,1,7,12,7,40,10,0,1,0,92,0,35,39,35039,4,2001,JN1CA31D71T6,J,N,1,C,A,3,1,D,7,1,T,6,0,P,NISS,M20,4D,1,17,3071,,0,1083,,G,,0,0,000000000,00000000000,0,0,0,1,0,0,0,0,0,0,0,0,0,0,0,9,9,6,2,10,0,0,0,1,47,38106,6,1,0,0,3,0,65,120,1,0,0,0,0,11,2010,11,2010,0,38,59,54,0,1,2,35,1,1,2,1,65,3,5,83,1,1,1,98,1,0
47,470930,1,2,1,5,12,15,16,12,2,1,0,47,2,2,404,2404,14,1998,1J4GZ58S1WC2,1,J,4,G,Z,5,8,S,1,W,C,2,0,T,JEEP,LRT,4W,98,17,,1,0,1059,GCK,G,,0,0,000000000,00000000000,0,0,0,1,0,0,0,0,0,0,0,998,0,0,0,12,98,6,2,12,0,0,0,1,47,37146,2,1,6,0,2,0,999,999,0,2,0,0,0,10,2010,11,2010,1,26,28,35,51,1,2,45,1,2,2,2,0,0,6,10,1,1,2,50,0,0
47,470930,2,2,2,5,12,15,16,12,2,1,0,47,1,12,481,12481,31,1984,1FTCF15F0ENA,1,F,T,C,F,1,5,F,0,E,N,A,0,T,FORD,F15,PK,84,17,,1,1390,1170,COF,G,,0,0,000000000,00000000000,0,0,0,1,0,0,0,0,0,0,0,998,0,0,0,12,98,6,2,12,0,0,0,1,47,37148,6,1,0,0,3,0,71,185,0,0,0,0,0,0,0,0,0,0,0,0,0,0,1,2,45,1,2,2,2,0,0,1,62,1,1,1,51,1,0
47,470931,1,1,2,9,12,18,15,35,0,1,0,47,1,49,33,49033,2,2001,JTDDR32T7100,J,T,D,D,R,3,2,T,7,1,0,0,0,P,TOYT,CGF,2H,1,17,2425,,0,1023,,G,,0,0,000000000,00000000000,0,0,0,1,0,0,0,0,0,0,0,998,0,1,5,3,98,6,2,2,0,0,1,1,47,38541,6,1,0,0,3,1,68,150,1,0,0,0,1,1,2008,7,2008,0,99,99,99,99,1,2,45,1,6,2,1,0,0,1,13,3,2,4,2,1,1
47,470932,1,1,2,12,12,19,50,42,0,1,0,47,1,12,443,12443,20,2006,2FMZA51626BA,2,F,M,Z,A,5,1,6,2,6,B,A,0,P,FORD,FRE,SV,6,17,4275,,0,1208,,G,,0,0,000000000,00000000000,0,0,0,1,0,0,0,0,0,0,0,998,0,0,0,1,98,6,2,42,0,0,0,1,47,38482,6,1,0,0,3,0,71,225,0,0,0,0,0,0,0,0,0,1,99,99,99,99,1,2,45,1,5,2,3,0,0,1,6,1,1,4,1,1,0
47,470933,1,1,1,23,12,8,49,59,0,1,0,47,1,49,51,49051,5,2008,JTDJT9232852,J,T,D,J,T,9,2,3,2,8,5,2,0,P,TOYT,YAR,4H,8,17,2295,,0,969,,G,,0,0,000000000,00000000000,0,0,0,1,0,0,0,0,0,0,0,998,0,0,0,1,98,6,2,59,0,0,0,1,47,37924,6,1,0,0,3,0,74,161,0,0,0,0,0,0,0,0,0,1,35,0,0,0,3,2,55,3,1,2,1,0,0,6,6,1,1,4,1,1,0
47,470934,1,1,1,23,12,9,43,8,0,1,0,47,1,2,404,2404,14,2002,1J4GX48S62C1,1,J,4,G,X,4,8,S,6,2,C,1,0,T,JEEP,LRO,4W,2,17,,1,0,1059,GCK,G,,0,0,000000000,00000000000,0,0,0,1,0,0,0,0,0,0,0,998,0,0,0,12,12,4,3,8,0,0,0,1,47,37209,6,1,0,0,3,0,65,120,0,0,0,0,0,0,0,0,0,0,0,0,0,0,5,2,40,1,1,2,1,0,0,1,80,1,1,1,13,0,0
47,470935,1,2,2,24,12,15,28,12,6,1,0,47,1,20,22,20022,4,2006,1G1AK55F3678,1,G,1,A,K,5,5,F,3,6,7,8,0,P,CHEV,BLS,4D,6,17,3216,,0,1033,,G,,0,0,000000000,00000000000,0,0,0,1,0,0,0,0,0,0,0,998,0,0,0,9,98,6,2,12,0,0,0,1,47,37737,6,1,0,0,3,0,62,153,0,0,0,1,0,12,2010,12,2010,0,39,0,0,0,2,2,65,1,1,2,1,20,3,4,17,1,1,2,89,2,0
47,470935,2,2,1,24,12,15,28,12,6,1,0,47,1,19,421,19421,15,2006,3GYFK66N86G1,3,G,Y,F,K,6,6,N,8,6,G,1,0,P,CADI,ESC,UT,6,17,5761,,0,1300,,G,,0,0,000000000,00000000000,0,0,0,1,0,0,0,0,0,0,0,998,0,1,1,12,98,6,2,12,0,0,0,1,47,37701,6,1,0,0,3,1,75,250,0,0,0,0,0,0,0,0,0,0,0,0,0,0,2,2,65,1,1,2,1,0,0,1,66,1,1,1,88,0,0
47,470936,1,2,4,25,12,10,30,12,6,1,0,47,2,20,37,20037,4,2003,1G1ND52J73M5,1,G,1,N,D,5,2,J,7,3,M,5,0,P,CHEV,MAL,4D,3,17,3106,,0,1070,,G,,0,0,000000000,00000000000,0,0,0,1,0,0,0,0,0,0,0,998,0,0,0,5,5,6,2,12,0,0,0,1,47,37748,2,1,2,0,2,0,68,225,0,0,0,0,0,0,0,0,0,1,87,0,0,0,1,2,55,1,3,2,3,0,0,1,5,1,3,2,64,1,1
47,470936,2,2,2,25,12,10,30,12,6,1,0,47,1,20,481,20481,31,2000,2GCEK19T0Y12,2,G,C,E,K,1,9,T,0,Y,1,2,0,T,CHEV,SK1,PC,0,17,,2,1575,1435,SIL,G,,0,0,000000000,00000000000,0,0,0,1,0,0,0,0,0,0,0,998,0,0,0,12,12,6,2,12,0,0,0,1,47,37322,6,1,6,0,3,0,71,187,0,0,0,0,0,0,0,0,0,0,0,0,0,0,1,2,55,1,3,2,3,0,0,1,62,1,1,1,65,0,0
47,470937,1,1,1,26,12,99,99,35,0,1,0,92,0,99,739,99739,90,2008,000000000000,0,0,0,0,0,0,0,0,0,0,0,0,0,U,,,,,17,,,,,,,,0,0,000000000,00000000000,0,0,0,1,0,0,0,0,0,0,0,998,0,0,0,14,98,6,2,35,0,0,0,1,47,37729,6,1,0,0,3,0,66,165,1,0,0,0,0,7,2008,7,2008,0,18,87,0,0,1,2,45,3,2,2,3,0,0,14,5,1,4,4,7,1,1
47,470938,1,1,1,26,12,15,45,30,0,1,0,47,1,7,43,7043,4,2005,1B3EL46X25N6,1,B,3,E,L,4,6,X,2,5,N,6,0,P,DODG,SRX,4D,5,17,3093,,0,1080,,G,,0,0,000000000,00000000000,0,0,0,1,0,0,0,0,0,0,0,998,0,0,0,9,98,6,2,30,0,0,0,1,47,38572,6,1,0,0,3,0,68,200,0,0,0,1,0,2,2010,2,2010,0,28,87,0,0,1,2,55,2,1,2,3,0,0,14,5,1,3,4,7,1,0
47,470939,1,2,1,27,12,18,45,12,2,1,0,47,1,49,32,49032,4,1997,1NXBA02E5VZ6,1,N,X,B,A,0,2,E,5,V,Z,6,0,P,TOYT,UCC,4D,97,17,2337,,0,970,,G,,0,0,000000000,00000000000,0,0,0,1,0,0,0,0,0,0,0,998,0,0,0,12,98,6,2,12,0,0,0,1,47,38002,6,1,0,0,3,0,68,120,0,0,0,0,0,0,0,0,0,0,51,0,0,0,1,2,45,1,1,2,1,0,0,1,10,1,1,2,50,1,0
47,470939,2,2,2,27,12,18,45,12,2,1,0,28,1,12,402,12402,14,2003,1FMCU02B23KC,1,F,M,C,U,0,2,B,2,3,K,C,0,P,FORD,SPE,UT,3,17,3019,,0,1031,,G,,0,0,000000000,00000000000,0,0,0,1,0,0,0,0,0,0,0,998,0,0,0,12,98,6,2,12,0,0,0,1,28,38654,6,1,0,0,3,0,66,125,0,0,0,0,0,0,0,0,0,0,0,0,0,0,1,2,45,1,1,2,1,0,0,1,54,7,1,1,51,0,0
47,470940,1,1,1,26,12,9,36,25,0,1,0,13,1,30,46,30046,4,2000,WVWMD23B1YP2,W,V,W,M,D,2,3,B,1,Y,P,2,0,P,VOLK,PGS,4D,0,17,3065,,0,1066,,G,,0,0,000000000,00000000000,0,0,0,1,0,0,0,0,0,0,0,998,0,0,0,3,98,6,2,25,0,0,0,1,13,30161,6,1,0,0,3,1,68,240,98,0,0,0,0,0,0,0,0,0,99,99,99,99,3,5,55,1,1,2,2,0,0,1,13,1,1,4,1,1,0
47,470941,1,1,2,3,12,8,10,1,0,1,0,47,1,6,43,6043,2,1999,4C3AU42N7XE0,4,C,3,A,U,4,2,N,7,X,E,0,0,P,CHRY,SLX,2P,99,17,2957,,0,1037,,G,,0,0,000000000,00000000000,0,0,0,1,0,0,0,0,0,0,0,998,0,1,5,0,0,6,2,1,0,0,0,1,47,37166,6,1,0,0,3,0,67,150,0,0,0,0,0,0,0,0,0,0,28,92,0,0,1,2,55,1,1,2,1,0,0,1,12,1,2,4,7,1,0
47,470942,1,2,1,10,12,1,25,12,6,1,0,47,2,35,43,35043,4,1994,JN1EB31P2RU3,J,N,1,E,B,3,1,P,2,R,U,3,0,P,NISS,SEL,4D,94,17,2346,,0,957,,G,,0,0,000000000,00000000000,0,0,0,1,0,0,0,0,0,0,0,998,0,0,0,61,98,6,2,12,0,0,0,1,47,37160,2,1,2,0,2,0,73,186,0,1,1,0,0,7,2008,12,2008,1,28,38,0,0,2,2,40,4,1,2,1,0,0,14,10,2,2,2,64,1,1
47,470942,2,2,1,10,12,1,25,12,6,1,0,47,2,54,35,54035,4,2003,19UUA56993A0,1,9,U,U,A,5,6,9,9,3,A,0,0,P,ACUR,3TS,4D,3,17,3574,,0,1081,,G,,0,0,000000000,00000000000,0,0,0,1,0,0,0,0,0,0,0,998,0,0,0,12,98,6,2,12,0,0,0,1,47,37127,6,1,0,0,3,3,65,138,0,0,0,0,0,0,0,0,0,0,0,0,0,0,2,2,40,4,1,2,1,0,0,14,62,1,1,1,65,0,0
47,470943,1,1,1,15,12,18,0,1,0,1,0,47,1,20,441,20441,20,1990,1GBDM19Z9LB2,1,G,B,D,M,1,9,Z,9,L,B,2,0,T,CHEV,AST,IE,90,17,,1,0,1110,AST,G,,0,0,000000000,00000000000,0,0,0,1,0,0,0,0,0,0,0,998,0,1,5,0,98,6,2,1,0,0,0,1,47,37096,6,1,0,0,3,0,64,180,0,0,0,0,0,0,0,0,0,0,28,58,0,0,1,2,55,1,1,2,3,0,0,1,5,6,2,4,7,1,0
47,470944,1,1,1,20,12,3,27,30,0,1,0,47,1,2,405,2405,14,2002,1J4GL48K72W3,1,J,4,G,L,4,8,K,7,2,W,3,0,T,JEEP,SPR,4W,2,17,,1,0,1043,LIB,G,,0,0,000000000,00000000000,0,0,0,1,0,0,0,0,0,0,0,998,0,0,0,82,98,6,2,42,0,0,0,1,47,37871,6,1,0,0,3,0,67,152,0,0,0,0,0,0,0,0,0,0,99,99,99,99,1,2,30,3,2,2,1,0,0,14,13,1,1,4,1,1,1
47,470945,1,1,1,16,12,11,54,1,0,1,0,93,3,82,883,82883,66,2006,1FUJA6CK06LX,1,F,U,J,A,6,C,K,0,6,L,X,1,T,FRHT,COL,DS,6,17,,8,0,0,CON,D,,2,57,00208389,5700208389,3,6,1,1,0,0,0,0,0,0,0,998,0,2,5,0,0,6,2,1,0,0,0,1,47,37891,6,1,6,0,3,0,72,240,0,0,0,0,0,0,0,0,0,0,28,87,0,0,1,2,30,3,5,2,4,0,0,14,5,1,2,4,7,1,0
47,470946,1,1,1,30,12,6,0,8,0,1,0,47,2,20,2,20002,4,2006,2G1WT55K1693,2,G,1,W,T,5,5,K,1,6,9,3,0,P,CHEV,IMT,4D,6,17,3477,,0,1105,,F,,0,0,000000000,00000000000,0,0,0,1,0,0,0,0,0,0,0,998,0,0,0,12,12,4,1,8,0,0,0,1,47,37664,6,1,0,0,3,0,68,170,1,0,0,0,0,9,2010,9,2010,0,0,0,0,0,5,2,30,1,1,2,1,0,0,1,80,1,1,1,13,0,0
47,470947,1,1,1,31,12,12,0,7,0,1,0,47,1,72,706,72706,80,2011,1HD1KGM10BB6,1,H,D,1,K,G,M,1,0,B,B,6,0,M,HD,LRU,RS,11,17,,,,,,,1690,0,0,000000000,00000000000,0,0,0,1,0,0,0,0,0,0,0,998,0,0,0,0,0,6,2,7,0,0,0,1,47,37091,6,1,0,0,3,0,72,195,0,0,0,0,0,0,0,0,0,0,28,0,0,0,1,2,55,3,6,2,1,0,0,14,12,1,1,4,0,1,0
47,470948,1,1,1,17,12,19,26,31,0,1,0,47,1,23,481,23481,31,2010,1GTPCVE09AZ2,1,G,T,P,C,V,E,0,9,A,Z,2,0,T,GMC,1NC,PK,10,17,,2,1330,1190,SIE,F,,0,0,000000000,00000000000,0,0,0,1,0,0,0,0,0,0,0,998,0,0,0,1,98,6,2,42,0,0,0,1,47,38011,6,1,0,0,3,0,71,205,2,0,0,0,0,12,2009,9,2010,0,99,99,99,99,1,2,55,3,6,2,1,0,0,14,13,1,1,4,1,1,1
47,470949,1,1,1,18,12,99,99,42,0,1,0,47,1,12,481,12481,31,2002,1FTRF17W22NB,1,F,T,R,F,1,7,W,2,2,N,B,0,T,FORD,F15,PK,2,17,,2,1385,1199,COF,G,,0,0,000000000,00000000000,0,0,0,1,0,0,0,0,0,0,0,998,0,0,0,12,12,6,2,42,0,0,0,1,47,38063,6,1,0,0,3,3,75,225,0,0,0,1,0,11,2010,11,2010,0,99,99,99,99,1,2,55,2,1,2,1,0,0,14,12,1,1,4,6,1,1
47,470950,1,3,1,21,12,19,20,12,8,1,0,47,1,12,401,12401,14,1997,1FMDU35P3VUA,1,F,M,D,U,3,5,P,3,V,U,A,0,P,FORD,EPR,UT,97,17,4166,,0,1115,,G,,0,0,000000000,00000000000,0,0,0,1,0,0,0,0,0,0,0,998,0,0,0,62,98,6,2,12,0,0,0,1,47,37167,6,1,0,0,3,0,66,150,0,0,0,3,2,12,2008,10,2010,0,28,51,58,0,5,2,45,2,1,2,2,0,0,6,10,1,1,2,64,1,1
47,470950,2,3,3,21,12,19,20,12,8,1,0,47,1,20,421,20421,15,1997,1GNEC13R1VJ3,1,G,N,E,C,1,3,R,1,V,J,3,0,P,CHEV,CTA,UT,97,17,4816,,0,1175,,G,,0,0,000000000,00000000000,0,0,0,1,0,0,0,0,0,0,0,998,0,0,0,12,98,6,2,12,0,0,0,1,47,37167,0,0,0,0,0,0,999,999,0,0,0,0,0,0,0,0,0,0,0,0,0,0,5,2,45,1,1,2,2,0,0,1,62,1,1,1,98,0,0
47,470950,3,3,1,21,12,19,20,12,8,1,1,17,3,51,881,51881,66,1999,4VA7BBRF9XN7,4,V,A,7,B,B,R,F,9,X,N,7,1,T,VOLV,VVN,DS,99,17,,7,0,0,VVN,D,,1,57,71821,5771821,3,6,1,1,0,0,0,0,0,0,0,998,0,0,0,82,82,9,1,12,0,0,0,1,47,37167,6,1,6,0,3,0,75,275,0,0,0,0,0,0,0,0,0,0,0,0,0,0,5,2,45,3,1,2,2,0,0,14,62,1,1,1,65,0,0
47,470951,1,1,2,19,12,0,20,8,0,1,0,47,1,7,482,7482,31,1997,1B7HF16ZXVJ5,1,B,7,H,F,1,6,Z,X,V,J,5,0,T,DODG,150,PK,97,17,,2,1347,1187,RPC,G,,0,0,000000000,00000000000,0,0,0,1,0,0,0,0,0,0,0,998,0,0,0,12,12,2,3,8,0,0,0,1,47,37709,6,1,0,0,3,0,71,185,0,0,0,1,0,4,2010,4,2010,1,28,0,0,0,1,2,45,3,6,2,1,0,0,14,12,1,2,4,13,0,1
47,470952,1,1,1,10,12,13,35,34,0,1,0,47,2,22,20,22020,4,2001,1G2WP52K61F2,1,G,2,W,P,5,2,K,6,1,F,2,0,P,PONT,GPG,4D,1,17,3496,,0,1105,,G,,0,0,000000000,00000000000,0,0,0,1,0,0,0,0,0,0,0,998,0,1,5,1,98,6,2,1,0,0,0,1,47,37050,6,1,0,0,3,1,68,140,1,0,0,0,0,8,2010,8,2010,1,28,0,0,0,1,2,30,2,5,2,1,0,0,14,6,3,2,4,7,1,0
47,470953,1,1,2,15,12,18,42,42,0,1,0,47,2,12,401,12401,14,2000,1FMDU74E6YZB,1,F,M,D,U,7,4,E,6,Y,Z,B,0,P,FORD,EPR,UT,0,17,4170,,0,1116,,G,,0,0,000000000,00000000000,0,0,0,1,0,0,0,0,0,0,0,998,0,0,0,62,98,6,2,42,0,0,0,1,47,37029,6,1,0,0,3,3,74,260,0,0,0,0,0,0,0,0,0,1,28,87,0,0,1,2,45,3,6,2,4,0,0,14,6,1,2,4,7,1,0
47,470954,1,1,1,18,12,3,50,33,0,1,0,47,2,12,16,12016,4,2004,2FAFP71WX4X1,2,F,A,F,P,7,1,W,X,4,X,1,0,P,FORD,CVP,4D,4,17,0,,0,1147,,G,,0,0,000000000,00000000000,0,0,0,1,0,0,0,0,0,0,0,998,0,1,5,12,98,6,2,1,0,0,0,1,47,37830,6,1,0,0,3,3,71,285,0,4,0,2,0,5,2008,12,2008,1,28,36,0,0,2,2,45,2,5,2,1,0,0,14,6,1,1,4,98,1,1
47,470955,1,1,1,20,12,16,50,1,0,1,0,47,2,35,402,35402,14,2000,5N1ED28T4YC5,5,N,1,E,D,2,8,T,4,Y,C,5,0,P,NISS,XTR,UT,0,17,3546,,0,1043,,G,,0,0,000000000,00000000000,0,0,0,1,0,0,0,0,0,0,0,998,0,2,5,0,0,6,2,1,0,0,0,1,47,38464,6,1,0,0,3,3,66,136,1,0,0,2,0,12,2007,9,2010,1,58,0,0,0,3,2,70,2,1,2,1,0,0,6,6,3,2,4,2,1,0
47,470956,1,1,1,21,12,99,99,1,0,1,0,93,3,85,881,85881,66,2006,1XKWDB0X66R1,1,X,K,W,D,B,0,X,6,6,R,1,1,T,KW,W90,DS,6,17,,8,2850,1600,CON,D,,1,54,00810877,5400810877,3,6,2,2,2,1202,3,1,0,0,0,998,0,1,6,0,13,6,2,1,0,0,0,1,21,42754,6,1,6,1,3,0,72,215,0,0,0,0,1,5,2008,5,2008,1,28,87,0,0,1,2,30,2,6,2,2,0,0,14,12,6,2,4,7,1,0
47,470957,1,2,1,12,9,19,57,12,6,1,0,47,1,37,402,37402,14,2004,SHSRD68444U2,S,H,S,R,D,6,8,4,4,4,U,2,0,P,HOND,CRV,UT,4,17,3201,,0,1031,,G,,0,0,000000000,00000000000,0,0,0,1,0,0,0,0,0,0,0,998,0,0,0,9,98,6,2,12,0,0,0,1,47,37029,6,1,0,0,3,0,68,200,0,0,0,0,0,0,0,0,0,0,28,58,0,0,3,3,70,1,2,2,1,0,0,15,10,8,4,6,47,1,0
47,470957,2,2,1,12,9,19,57,12,6,1,0,47,2,20,461,20461,21,1995,1GBEG25K9SF1,1,G,B,E,G,2,5,K,9,S,F,1,0,T,CHEV,SV2,IC,95,17,,2,1250,1100,S/V,G,,0,0,000000000,00000000000,0,0,0,1,0,0,0,0,0,0,0,998,0,0,0,12,98,6,2,12,0,0,0,1,47,38301,6,1,0,0,3,0,71,190,0,0,0,0,0,0,0,0,0,0,0,0,0,0,3,3,70,1,2,2,1,0,0,1,60,1,1,1,45,0,0
47,470958,1,1,1,4,11,10,54,30,0,1,0,47,1,20,401,20401,14,1992,1GNCS13W0N22,1,G,N,C,S,1,3,W,0,N,2,2,0,P,CHEV,S10,UT,92,17,3312,,0,1070,,G,,0,0,000000000,00000000000,0,0,0,1,0,0,0,0,0,0,0,998,0,0,0,12,98,6,2,30,0,0,0,1,47,37015,6,1,0,0,3,0,71,230,0,1,0,0,0,11,2008,11,2008,0,99,99,99,99,1,2,50,1,1,2,1,0,0,1,12,1,1,4,6,1,0
47,470959,1,2,1,6,11,11,15,12,6,1,0,47,1,18,2,18002,4,1990,1G4HP54C9LH5,1,G,4,H,P,5,4,C,9,L,H,5,0,P,BUIC,LCF,4D,90,17,3175,,0,1108,,G,,0,0,000000000,00000000000,0,0,0,1,0,0,0,0,0,0,0,998,0,0,0,62,98,6,2,12,0,0,0,1,47,37205,6,1,0,0,3,1,64,105,0,0,0,0,0,0,0,0,0,0,38,0,0,0,5,3,45,1,2,2,1,2,3,11,15,1,1,2,68,1,0
47,470959,2,2,1,6,11,11,15,12,6,1,0,47,1,35,47,35047,4,1998,1N4DL01D4WC2,1,N,4,D,L,0,1,D,4,W,C,2,0,P,NISS,AGS,4D,98,17,2766,,0,1031,,G,,0,0,000000000,00000000000,0,0,0,1,0,0,0,0,0,0,0,998,0,0,0,12,98,6,2,12,0,0,0,1,47,37209,6,1,0,0,3,1,68,225,0,0,0,0,0,0,0,0,0,0,0,0,0,0,1,3,45,1,2,2,1,2,3,1,67,1,1,1,69,0,0
47,470960,1,1,1,23,11,5,33,8,0,1,0,47,2,20,22,20022,4,2006,1G1AK55F1677,1,G,1,A,K,5,5,F,1,6,7,7,0,P,CHEV,BLS,4D,6,17,3216,,0,1033,,G,,0,0,000000000,00000000000,0,0,0,1,0,0,0,0,0,0,0,998,0,0,0,12,12,4,3,8,0,0,0,1,47,37015,6,1,0,0,3,0,71,230,0,2,0,0,0,5,2009,5,2009,0,0,0,0,0,5,2,45,1,2,2,2,0,0,1,80,1,1,1,13,0,0
47,470961,1,1,4,25,11,3,30,42,0,1,1,47,2,41,51,41051,4,2004,JM1BK12F7411,J,M,1,B,K,1,2,F,7,4,1,1,0,P,MAZD,M3I,4D,4,17,2696,,0,1039,,G,,0,0,000000000,00000000000,0,0,0,1,0,0,0,0,0,0,0,998,0,0,0,12,12,6,2,42,0,0,0,1,47,37013,1,2,0,0,2,0,999,999,0,0,0,0,0,0,0,0,0,1,28,58,0,0,1,2,45,4,2,2,2,0,0,14,6,6,1,4,6,1,1
47,470962,1,1,2,23,12,7,45,8,0,1,0,1,1,21,2,21002,4,1999,1G3HC52K8X48,1,G,3,H,C,5,2,K,8,X,4,8,0,P,OLDS,885,4D,99,17,3432,,0,1108,,G,,0,0,000000000,00000000000,0,0,0,1,0,0,0,0,0,0,0,998,0,0,0,12,12,4,1,8,0,0,0,1,1,35622,6,1,0,0,3,0,71,210,0,0,0,0,0,0,0,0,0,0,0,0,0,0,3,5,65,1,1,2,1,0,0,1,80,8,1,1,13,0,0
47,470963,1,1,1,23,12,13,14,42,0,1,0,47,1,20,471,20471,30,1999,1GCCS19X2X81,1,G,C,C,S,1,9,X,2,X,8,1,0,T,CHEV,S14,PK,99,17,,1,0,1229,S,G,,0,0,000000000,00000000000,0,0,0,1,0,0,0,0,0,0,0,998,0,0,0,12,98,6,2,42,0,0,0,1,47,37818,6,1,0,0,3,1,70,180,3,0,0,0,0,3,2008,4,2009,0,99,99,99,99,1,2,45,1,1,2,1,0,0,1,12,1,1,4,6,1,0
47,470964,1,1,1,23,11,7,25,8,0,1,0,47,2,7,20,7020,4,2000,1B3ES46C6YD5,1,B,3,E,S,4,6,C,6,Y,D,5,0,P,DODG,NSE,4D,0,17,2515,,0,1050,,G,,0,0,000000000,00000000000,0,0,0,1,0,0,0,0,0,0,0,998,0,0,0,12,98,4,3,8,0,0,0,1,47,37334,6,1,0,0,3,0,65,125,0,0,0,0,0,0,0,0,0,0,0,0,0,0,1,2,30,1,2,2,2,0,0,1,80,1,1,1,13,0,0