STATE,ST_CASE,VEH_NO,VE_FORMS,NUMOCCS,DAY,MONTH,HOUR,MINUTE,HARM_EV,MAN_COLL,UNITTYPE,HIT_RUN,REG_STAT,OWNER,MAKE,MODEL,MAK_MOD,BODY_TYP,MOD_YEAR,VIN,VIN_1,VIN_2,VIN_3,VIN_4,VIN_5,VIN_6,VIN_7,VIN_8,VIN_9,VIN_10,VIN_11,VIN_12,TOW_VEH,VINTYPE,VINMAKE,VINA_MOD,VIN_BT,VINMODYR,VIN_LNGT,VIN_WGT,WGTCD_TR,WHLBS_LG,WHLBS_SH,SER_TR,FUELCODE,MCYCL_DS,J_KNIFE,MCARR_I1,MCARR_I2,MCARR_ID,GVWR,V_CONFIG,CARGO_BT,HAZ_INV,HAZ_PLAC,HAZ_ID,HAZ_CNO,HAZ_REL,BUS_USE,SPEC_USE,EMER_USE,TRAV_SP,UNDERIDE,ROLLOVER,ROLINLOC,IMPACT1,IMPACT2,DEFORMED,TOWED,M_HARM,VEH_SC1,VEH_SC2,FIRE_EXP,DR_PRES,L_STATE,DR_ZIP,L_STATUS,L_TYPE,CDL_STAT,L_ENDORS,L_COMPL,L_RESTRI,DR_HGT,DR_WGT,PREV_ACC,PREV_SUS,PREV_DWI,PREV_SPD,PREV_OTH,FIRST_MO,FIRST_YR,LAST_MO,LAST_YR,SPEEDREL,DR_SF1,DR_SF2,DR_SF3,DR_SF4,VTRAFWAY,VNUM_LAN,VSPD_LIM,VALIGN,VPROFILE,VPAVETYP,VSURCOND,VTRAFCON,VTCONT_F,P_CRASH1,P_CRASH2,P_CRASH3,PCRASH4,PCRASH5,ACC_TYPE,DEATHS,DR_DRINK
47,470965,1,1,2,14,12,15,27,33,0,1,0,47,1,22,2,22002,4,1989,1G2HX54C3KW2,1,G,2,H,X,5,4,C,3,K,W,2,0,P,PONT,BLE,4D,89,17,3275,,0,1108,,G,,0,0,000000000,00000000000,0,0,0,1,0,0,0,0,0,0,0,41,0,0,0,12,98,6,2,30,0,0,0,1,47,37205,6,1,0,0,3,1,67,180,2,0,0,0,0,9,2009,1,2010,0,99,99,99,99,5,2,45,1,1,2,1,3,3,1,13,1,1,4,1,2,0
47,470966,1,1,1,29,5,6,50,34,0,1,0,47,1,20,19,20019,4,1988,1G1LT51W9JY6,1,G,1,L,T,5,1,W,9,J,Y,6,0,P,CHEV,CSA,4D,88,17,2554,,0,1033,,G,,0,0,000000000,00000000000,0,0,0,1,0,0,0,0,0,0,0,998,0,1,1,82,82,6,2,1,0,0,0,1,47,37681,6,1,0,0,3,0,64,130,0,0,0,0,0,0,0,0,0,0,58,0,0,0,1,2,40,4,2,2,1,0,0,14,13,1,1,4,1,1,0
47,470967,1,1,2,18,7,15,30,1,0,1,0,18,2,72,706,72706,80,2003,1HD1BVB193Y0,1,H,D,1,B,V,B,1,9,3,Y,0,0,M,HD,FTI,RS,3,17,,,,,,,1450,0,0,000000000,00000000000,0,0,0,1,0,0,0,0,0,0,0,998,0,0,0,0,0,4,1,1,0,0,0,1,47,37043,6,1,0,0,3,0,72,180,0,0,0,0,0,0,0,0,0,0,28,0,0,0,1,2,45,1,1,2,1,0,0,1,12,1,1,6,98,1,0
47,470968,1,1,1,4,8,21,50,30,0,1,0,47,1,23,481,23481,31,1999,1GTGK24R5XR7,1,G,T,G,K,2,4,R,5,X,R,7,0,T,GMC,SK2,PK,99,17,,2,0,1315,SIE,G,,0,0,000000000,00000000000,0,0,0,1,0,0,0,0,0,0,0,998,0,0,0,9,98,6,2,30,0,0,0,1,47,37191,6,1,0,0,3,0,71,190,1,0,0,0,1,12,2007,5,2008,0,28,0,0,0,1,2,45,3,1,2,1,0,0,14,13,7,3,4,2,1,0
47,470969,1,1,1,4,9,9,20,24,0,1,0,47,1,59,32,59032,4,2005,JTHBN36F4550,J,T,H,B,N,3,6,F,4,5,5,0,0,P,LEXS,L43,4D,5,17,3990,,0,1152,,G,,0,0,000000000,00000000000,0,0,0,1,0,0,0,0,0,0,0,998,0,0,0,12,98,6,2,42,0,0,0,1,47,37922,6,1,0,0,3,0,72,195,1,0,0,1,0,2,2010,6,2010,0,99,99,99,99,3,2,65,1,1,2,1,0,0,1,13,1,1,4,1,1,0
47,470970,1,2,1,5,9,15,0,12,6,1,0,47,1,53,705,53705,80,2006,JS1CP51B5621,J,S,1,C,P,5,1,B,5,6,2,1,0,M,SUZI,AN6,MS,6,17,,,,,,,638,0,0,000000000,00000000000,0,0,0,1,0,0,0,0,0,0,0,998,0,0,0,1,1,6,2,12,0,0,0,1,47,37865,6,1,0,0,3,0,71,170,1,0,0,0,0,6,2009,6,2009,0,38,52,0,0,1,2,45,1,2,2,1,20,3,10,16,1,1,2,80,1,0
47,470970,2,2,1,5,9,15,0,12,6,1,0,47,1,9,2,9002,2,1969,RM23H9G29659,R,M,2,3,H,9,G,2,9,6,5,9,0,P,,,,,,,,,,,,,0,0,000000000,00000000000,0,0,0,1,0,0,0,0,0,0,0,998,0,0,0,12,98,6,2,12,0,0,0,1,47,37865,6,1,0,0,3,0,70,180,0,0,0,0,0,0,0,0,0,0,0,0,0,0,1,2,45,1,2,2,1,0,0,1,67,1,1,1,81,0,0
47,470971,1,3,2,21,9,13,3,12,1,1,0,47,2,35,47,35047,4,2003,1N4AL11D63C1,1,N,4,A,L,1,1,D,6,3,C,1,0,P,NISS,ABS,4D,3,17,2913,,0,1102,,G,,0,0,000000000,00000000000,0,0,0,1,0,0,0,0,0,0,0,0,0,0,0,6,98,2,3,12,0,0,0,1,47,37821,6,1,0,0,3,0,72,280,0,0,0,0,0,0,0,0,0,0,0,0,0,0,1,2,55,1,1,2,1,0,0,5,53,1,1,1,98,0,0
47,470971,2,3,1,21,9,13,3,12,1,1,0,47,1,73,706,73706,80,2003,JKAZX2F113A0,J,K,A,Z,X,2,F,1,1,3,A,0,0,M,KAWK,Z9F,RS,3,17,,,,,,,900,0,0,000000000,00000000000,0,0,0,1,0,0,0,0,0,0,0,998,0,0,0,6,12,9,3,12,0,0,1,1,47,37865,6,1,0,0,3,0,71,250,0,0,0,0,0,0,0,0,0,0,0,0,0,0,1,2,55,1,1,2,1,0,0,1,53,1,1,1,25,1,0
47,470971,3,3,1,21,9,13,3,12,1,1,0,47,1,12,15,12015,4,1989,1FAPP36X8KK1,1,F,A,P,P,3,6,X,8,K,K,1,0,P,FORD,TGL,4D,89,17,2529,,0,999,,G,,0,0,000000000,00000000000,0,0,0,1,0,0,0,0,0,0,0,998,0,0,0,12,98,4,3,12,0,0,1,1,47,37727,2,1,0,0,2,0,61,114,2,2,0,0,2,7,2009,6,2010,1,26,36,0,0,1,2,55,1,1,2,1,0,0,1,6,1,1,1,24,0,0
47,470972,1,1,1,26,4,1,0,30,0,1,0,47,1,19,3,19003,4,1993,1G6CD53B8P42,1,G,6,C,D,5,3,B,8,P,4,2,0,P,CADI,DFW,4D,93,17,3424,,0,1138,,G,,0,0,000000000,00000000000,0,0,0,1,0,0,0,0,0,0,0,998,0,0,0,62,98,6,2,30,0,0,0,1,47,37681,6,1,0,0,3,0,68,195,1,1,1,0,0,10,2009,3,2010,0,99,99,99,99,1,2,30,2,1,2,2,0,0,14,12,1,1,4,6,1,0
47,470973,1,2,1,20,6,15,25,12,2,1,0,47,2,20,471,20471,30,1989,1GCCS14Z5K22,1,G,C,C,S,1,4,Z,5,K,2,2,0,T,CHEV,S14,PK,89,17,,1,1179,1083,S,G,,0,0,000000000,00000000000,0,0,0,1,0,0,0,0,0,0,0,998,0,0,0,12,12,6,4,12,0,0,0,1,47,37110,6,1,0,0,3,0,73,210,2,0,0,1,0,9,2008,5,2010,0,0,0,0,0,1,2,30,1,3,2,1,0,0,1,54,7,1,1,69,0,0
47,470973,2,2,2,20,6,15,25,12,2,1,0,47,2,12,33,12033,3,1990,KNJPT06H4L61,K,N,J,P,T,0,6,H,4,L,6,1,0,P,FORD,FLP,2H,90,17,1713,,0,902,,G,,0,0,000000000,00000000000,0,0,0,1,0,0,0,0,0,0,0,998,0,0,0,12,12,6,2,12,0,0,0,1,47,37367,6,1,0,0,3,0,62,92,0,0,0,0,0,0,0,0,0,0,38,0,0,0,1,2,30,1,3,2,1,0,0,11,15,1,1,2,68,1,0
47,470974,1,1,2,9,7,17,28,30,0,1,0,12,1,14,37,14037,4,1998,1MEFM66L5WK6,1,M,E,F,M,6,6,L,5,W,K,6,0,P,MERC,MLE,4D,98,17,0,,0,1065,,G,,0,0,000000000,00000000000,0,0,0,1,0,0,0,0,0,0,0,998,0,0,0,12,12,6,2,30,0,0,0,1,12,37920,3,1,0,0,2,0,63,999,0,0,0,0,0,0,0,0,0,0,99,99,99,99,1,2,30,1,1,2,2,0,0,1,13,1,1,4,1,1,0
47,470975,1,2,1,20,7,9,31,8,0,1,1,47,2,20,16,20016,4,1996,1G1JC5243T72,1,G,1,J,C,5,2,4,3,T,7,2,0,P,CHEV,CAV,4D,96,17,2676,,0,1041,,G,,0,0,000000000,00000000000,0,0,0,1,0,0,0,0,0,0,0,998,0,0,0,83,83,2,1,8,0,0,0,1,47,38382,6,1,0,0,3,0,69,160,0,0,0,0,0,0,0,0,0,0,31,36,0,0,1,2,30,1,1,2,1,0,0,13,80,1,1,2,92,0,0
47,470975,2,2,1,20,7,9,31,8,0,1,0,47,1,7,482,7482,31,2004,1D7HA18D74J1,1,D,7,H,A,1,8,D,7,4,J,1,0,T,DODG,SQ1,CW,4,17,,2,1605,1405,RPC,G,,0,0,000000000,00000000000,0,0,0,1,0,0,0,0,0,0,0,0,0,0,0,12,12,2,1,12,0,0,0,1,47,38382,6,1,0,0,3,0,71,230,0,0,0,0,0,0,0,0,0,0,0,0,0,0,1,2,30,1,1,2,1,20,3,5,56,1,1,1,98,0,0
47,470976,1,2,4,23,7,16,10,12,2,1,0,47,2,13,13,13013,4,2008,3LNHM26T88R6,3,L,N,H,M,2,6,T,8,8,R,6,0,P,LINC,MKZ,4D,8,17,3469,,0,1074,,G,,0,0,000000000,00000000000,0,0,0,1,0,0,0,0,0,0,0,0,0,0,0,12,12,6,2,12,0,0,0,1,47,38583,6,1,0,0,3,0,66,124,0,0,0,0,0,0,0,0,0,0,0,0,0,0,1,2,55,1,6,2,1,0,0,5,54,9,1,1,51,1,0
47,470976,2,2,1,23,7,16,10,12,2,1,0,47,1,23,481,23481,31,1994,1GTEK14K3RZ5,1,G,T,E,K,1,4,K,3,R,Z,5,0,T,GMC,SK1,PK,94,17,,2,1315,1175,SIE,G,,0,0,000000000,00000000000,0,0,0,1,0,0,0,0,0,0,0,998,0,0,0,12,12,6,2,12,0,0,0,1,47,38583,6,1,0,0,3,0,64,210,0,0,0,0,0,0,0,0,0,0,4,35,51,0,1,2,55,1,5,2,1,0,0,1,10,7,1,2,50,0,1
47,470977,1,1,3,29,12,23,53,1,0,1,0,47,1,7,482,7482,31,1997,3B7HC13Z0VM5,3,B,7,H,C,1,3,Z,0,V,M,5,0,T,DODG,150,PC,97,17,,2,1547,1387,RPC,G,,0,0,000000000,00000000000,0,0,0,1,0,0,0,0,0,0,0,998,0,2,5,0,0,6,2,1,0,0,0,1,47,38556,6,1,0,0,3,0,65,165,1,1,0,0,2,2,2008,9,2010,0,28,87,0,0,1,2,45,1,1,2,4,0,0,1,5,1,1,4,98,1,0
47,470978,1,1,2,10,12,19,20,42,0,1,0,47,2,20,22,20022,4,2010,1G1AB5F55A71,1,G,1,A,B,5,F,5,5,A,7,1,0,P,CHEV,BLS,4D,10,17,3216,,0,1033,,G,,0,0,000000000,00000000000,0,0,0,1,0,0,0,0,0,0,0,998,0,0,0,9,9,6,2,42,0,0,0,1,47,37115,2,1,0,0,2,0,64,130,0,4,0,0,0,2,2008,3,2008,1,36,0,0,0,3,3,65,1,1,2,1,0,0,1,6,9,3,4,2,1,1
47,470979,1,1,1,1,12,8,49,1,0,1,0,47,1,20,471,20471,30,1987,1GCBS14E0H81,1,G,C,B,S,1,4,E,0,H,8,1,0,T,CHEV,S14,PK,87,17,,1,1229,1083,S,G,,0,0,000000000,00000000000,0,0,0,1,0,0,0,0,0,0,0,998,0,1,5,0,0,6,2,34,0,0,0,1,47,38225,6,1,0,0,3,0,69,220,0,0,0,0,0,0,0,0,0,1,51,58,0,0,1,2,35,3,6,2,1,0,0,14,6,6,1,4,6,1,0
47,470980,1,2,1,27,11,9,25,12,6,1,0,47,2,20,481,20481,31,1995,1GCEK14K1SZ2,1,G,C,E,K,1,4,K,1,S,Z,2,0,T,CHEV,GK1,PK,95,17,,2,1315,1175,GM4,G,,0,0,000000000,00000000000,0,0,0,1,0,0,0,0,0,0,0,998,0,0,0,12,12,6,2,12,0,0,0,1,47,37145,6,1,0,0,3,0,71,250,0,0,0,0,0,0,0,0,0,0,39,0,0,0,5,2,45,1,1,2,1,3,3,11,15,1,1,2,68,1,0
47,470980,2,2,1,27,11,9,25,12,6,1,0,47,2,12,24,12024,6,2008,2FMDK49C68BA,2,F,M,D,K,4,9,C,6,8,B,A,0,P,FORD,EDG,UT,8,17,4282,,0,1112,,G,,0,0,000000000,00000000000,0,0,0,1,0,0,0,0,0,0,0,998,0,0,0,82,82,6,2,12,0,0,0,1,47,37921,6,1,0,0,3,0,65,200,1,0,0,0,0,7,2009,7,2009,0,0,0,0,0,5,2,45,1,1,2,1,3,3,1,67,1,1,1,69,0,0
47,470981,1,1,2,13,5,17,58,5,0,1,0,47,1,20,481,20481,31,1996,999999999999,9,9,9,9,9,9,9,9,9,9,9,9,0,U,,,,9,17,,,,,,,,0,0,000000000,00000000000,0,0,0,1,0,0,0,0,0,0,0,998,0,0,0,0,0,0,1,5,0,0,0,1,47,37042,6,1,0,0,3,0,67,135,0,0,0,0,0,0,0,0,0,0,99,99,99,99,1,2,55,1,1,2,1,0,0,1,98,1,1,1,0,1,0
47,470982,1,1,1,4,12,23,30,34,0,1,0,47,1,7,482,7482,31,2002,1D7HA16KX2J2,1,D,7,H,A,1,6,K,X,2,J,2,0,T,DODG,150,PK,2,17,,2,1405,1205,RPC,G,,0,0,000000000,00000000000,0,0,0,1,0,0,0,0,0,0,0,998,0,0,0,1,1,4,3,34,0,0,0,1,47,38320,6,1,0,0,3,0,67,138,0,0,0,0,0,0,0,0,0,0,83,0,0,0,1,2,55,1,1,2,1,0,0,1,87,9,2,4,3,1,0
47,470983,1,2,1,23,12,14,23,12,6,1,0,47,2,20,20,20020,4,1999,2G1WL52M3X91,2,G,1,W,L,5,2,M,3,X,9,1,0,P,CHEV,L/S,4D,99,17,3330,,0,1075,,G,,0,0,000000000,00000000000,0,0,0,1,0,0,0,0,0,0,0,998,0,0,0,9,9,6,2,12,0,0,0,1,47,38127,6,1,0,0,3,0,62,148,0,0,0,0,0,0,0,0,0,0,38,0,0,0,5,2,40,1,1,2,1,0,0,11,15,1,1,7,68,1,0
47,470983,2,2,3,23,12,14,23,12,6,1,0,28,1,35,401,35401,14,2005,5N1AR18U55C7,5,N,1,A,R,1,8,U,5,5,C,7,0,P,NISS,PFI,UT,5,17,4242,,0,1122,,G,,0,0,000000000,00000000000,0,0,0,1,0,0,0,0,0,0,0,998,0,0,0,12,12,6,2,12,0,0,0,1,28,38654,6,1,0,0,3,0,70,200,0,0,0,0,0,0,0,0,0,0,0,0,0,0,5,2,40,1,1,2,1,0,0,1,72,1,1,1,69,0,0
48,480001,1,1,6,1,1,5,53,24,0,1,0,48,2,20,431,20431,16,1999,1GNEC16R6XJ5,1,G,N,E,C,1,6,R,6,X,J,5,0,P,CHEV,C15,UT,99,17,4825,,0,1315,,G,,0,0,000000000,00000000000,0,0,0,1,0,0,0,0,0,0,0,998,0,1,5,12,12,4,3,1,0,0,0,1,48,77511,0,0,0,0,0,0,999,999,0,0,0,0,0,0,0,0,0,0,81,0,0,0,2,4,65,1,2,8,1,0,0,1,90,6,9,4,8,1,1
48,480002,1,2,1,1,1,0,45,12,2,1,0,48,1,20,16,20016,4,1997,1G1JC1241VM1,1,G,1,J,C,1,2,4,1,V,M,1,0,P,CHEV,C/S,CP,97,17,2584,,0,1041,,G,,0,0,000000000,00000000000,0,0,0,1,0,0,0,0,0,0,0,998,0,0,0,12,12,6,2,12,0,0,0,1,48,77471,6,1,0,0,3,0,66,200,1,0,0,0,1,9,2007,7,2008,0,51,28,0,0,1,2,55,1,1,8,1,0,0,1,10,1,1,2,50,1,1
48,480002,2,2,2,1,1,0,45,12,2,1,0,48,2,12,471,12471,30,1999,1FTYR14V7XPB,1,F,T,Y,R,1,4,V,7,X,P,B,0,T,FORD,RNS,PS,99,17,,1,0,1257,RNG,F,,0,0,000000000,00000000000,0,0,0,1,0,0,0,0,0,0,0,998,0,0,0,12,12,6,2,12,0,0,0,1,48,77469,6,1,0,0,3,0,999,999,1,0,0,0,0,1,2008,1,2008,0,0,0,0,0,1,2,55,1,1,8,1,0,0,1,62,1,1,1,51,1,1
48,480003,1,2,6,1,1,23,35,12,1,1,1,48,2,20,481,20481,31,2008,3GCEC13J88G2,3,G,C,E,C,1,3,J,8,8,G,2,0,T,CHEV,SC1,CW,8,17,,2,0,1435,SIL,G,,0,0,000000000,00000000000,0,0,0,1,0,0,0,0,0,0,0,998,0,0,0,12,12,4,3,12,0,0,0,1,48,78572,1,1,0,0,2,3,999,999,0,12,1,2,1,1,2008,8,2008,1,0,0,0,0,1,2,45,1,1,8,1,0,0,1,17,1,1,1,24,0,1
48,480003,2,2,1,1,1,23,35,12,1,1,0,48,2,12,37,12037,3,2000,3FAFP3139YR1,3,F,A,F,P,3,1,3,9,Y,R,1,0,P,FORD,FZX,3P,0,17,2551,,0,1030,,G,,0,0,000000000,00000000000,0,0,0,1,0,0,0,0,0,0,0,998,0,1,5,6,6,6,2,1,0,0,0,1,48,78572,0,0,0,0,0,0,999,999,0,0,0,0,0,0,0,0,0,0,0,0,0,0,1,2,45,1,1,8,1,0,0,1,17,1,1,1,25,1,0
48,480004,1,1,3,1,1,0,26,1,0,1,0,48,2,20,421,20421,15,1997,1GNCS13W6V22,1,G,N,C,S,1,3,W,6,V,2,2,0,P,CHEV,BZR,UT,97,17,3686,,0,1070,,G,,0,0,000000000,00000000000,0,0,0,1,0,0,0,0,0,0,0,998,0,2,5,0,9,4,3,1,0,0,0,1,48,78383,6,1,0,0,3,3,999,999,1,0,0,0,0,11,2007,11,2007,1,0,0,0,0,1,2,35,3,1,8,1,0,0,14,12,6,1,4,6,1,1
48,480005,1,2,1,1,1,16,22,32,0,1,0,48,1,7,482,7482,31,2007,3D7MX48C97G7,3,D,7,M,X,4,8,C,9,7,G,7,0,T,DODG,SQ3,CW,7,17,,3,0,1600,RPC,D,,0,0,000000000,00000000000,0,0,0,1,0,0,0,0,0,0,0,998,0,0,0,12,12,6,2,12,0,0,0,1,48,78840,6,1,0,0,3,3,999,999,0,0,0,0,0,0,0,0,0,0,0,0,0,0,1,2,75,1,1,8,1,0,0,1,62,9,1,2,98,0,0
48,480005,2,2,2,1,1,16,22,32,0,1,0,48,1,7,482,7482,31,2006,3D7KR19D86G2,3,D,7,K,R,1,9,D,8,6,G,2,0,T,DODG,ME1,CW,6,17,,2,0,1605,RPC,G,,0,0,000000000,00000000000,0,0,0,1,0,0,0,0,0,0,0,998,0,0,0,12,12,6,2,12,0,0,0,1,48,78240,6,1,0,0,3,0,999,999,0,0,0,0,0,0,0,0,0,0,51,58,0,0,1,2,75,1,1,8,1,0,0,1,13,6,1,4,1,2,0
48,480006,1,2,1,2,1,11,52,12,6,1,0,40,3,84,881,84881,66,2010,3HSCUAPRXAN1,3,H,S,C,U,A,P,R,X,A,N,1,1,T,INTL,PPR,DS,10,17,,8,0,0,PRO,D,,1,57,0273897,570273897,3,6,1,1,0,0,0,0,0,0,0,998,0,0,0,3,3,2,3,12,0,0,0,1,48,76367,6,1,6,0,3,0,999,999,0,0,0,0,1,5,2009,5,2009,0,38,0,0,0,4,1,55,1,2,8,1,20,3,1,17,1,1,1,87,0,0
48,480006,2,2,1,2,1,11,52,12,6,1,0,48,1,7,472,7472,30,1987,1B7GR14M9HS4,1,B,7,G,R,1,4,M,9,H,S,4,0,T,DODG,DAK,PK,87,17,,1,1239,1119,DAK,G,,0,0,000000000,00000000000,0,0,0,1,0,0,0,0,0,0,0,998,0,0,0,12,12,6,2,12,0,0,0,1,48,75937,6,1,0,0,3,0,999,999,1,0,0,0,1,12,2008,12,2008,0,0,0,0,0,2,4,55,1,8,8,1,0,0,1,66,1,1,1,86,1,0
48,480007,1,1,1,2,1,18,16,33,0,1,0,48,2,63,33,63033,4,2008,KNAFE1216855,K,N,A,F,E,1,2,1,6,8,5,5,0,P,KIA,SXC,4D,8,17,2919,,0,1028,,G,,0,0,000000000,00000000000,0,0,0,1,0,0,0,0,0,0,0,998,0,0,0,11,12,4,3,30,0,0,0,1,48,76140,6,1,0,0,3,0,999,999,0,0,0,0,0,0,0,0,0,0,0,0,0,0,3,2,40,3,1,8,1,0,0,14,12,1,1,4,6,1,0
48,480008,1,1,1,2,1,16,30,38,0,1,0,48,1,20,481,20481,31,2004,2GCEC13T1413,2,G,C,E,C,1,3,T,1,4,1,3,0,T,CHEV,SC1,CW,4,17,,2,0,1435,SIL,G,,0,0,000000000,00000000000,0,0,0,1,0,0,0,0,0,0,0,998,0,1,6,12,3,4,3,1,0,0,0,1,48,79530,1,1,0,0,2,0,999,999,0,5,0,1,0,6,2007,12,2009,0,0,0,0,0,1,2,70,3,1,8,1,0,0,14,13,1,1,4,1,1,1
48,480010,1,1,1,3,1,6,44,42,0,1,0,48,1,12,481,12481,31,2008,1FTRW12WX8FB,1,F,T,R,W,1,2,W,X,8,F,B,0,T,FORD,F1S,CW,8,17,,2,1500,1390,COF,G,,0,0,000000000,00000000000,0,0,0,1,0,0,0,0,0,0,0,998,0,0,0,9,9,4,3,42,0,0,0,1,48,75839,6,1,0,0,3,0,999,999,0,0,0,0,0,0,0,0,0,0,58,0,0,0,1,2,60,3,1,8,1,0,0,14,13,6,3,4,2,1,1
48,480011,1,2,1,4,1,15,41,12,6,1,0,48,2,2,405,2405,14,2002,1J4GK48K92W2,1,J,4,G,K,4,8,K,9,2,W,2,0,T,JEEP,SPR,4W,2,17,,1,0,1043,LIB,G,,0,0,000000000,00000000000,0,0,0,1,0,0,0,0,0,0,0,998,0,0,0,12,12,4,3,12,0,0,0,1,48,77521,6,1,0,0,3,0,999,999,1,0,0,0,0,7,2007,7,2007,0,0,0,0,0,2,4,70,1,1,8,1,0,0,1,61,7,4,4,64,0,0
48,480011,2,2,2,4,1,15,41,12,6,1,0,48,1,49,32,49032,4,2008,1NXBR32E88Z0,1,N,X,B,R,3,2,E,8,8,Z,0,0,P,TOYT,UCS,4D,8,17,2530,,0,1024,,G,,0,0,000000000,00000000000,0,0,0,1,0,0,0,0,0,0,0,998,0,0,0,9,9,4,3,12,0,0,0,1,48,77539,6,1,0,0,3,0,999,999,0,0,0,0,0,0,0,0,0,0,0,0,0,0,2,4,70,1,1,8,1,0,0,1,62,1,1,1,65,1,0
48,480012,1,1,1,4,1,16,55,42,0,1,0,48,3,7,482,7482,31,2008,3D7KS29A88G2,3,D,7,K,S,2,9,A,8,8,G,2,0,T,DODG,ME2,CW,8,17,,2,0,1605,RPC,D,,0,0,000000000,00000000000,0,0,0,1,0,0,0,0,0,0,0,998,0,0,0,62,61,4,3,42,0,0,0,1,22,75706,6,1,0,0,3,3,72,190,0,0,0,0,1,3,2008,3,2008,1,0,0,0,0,1,2,55,3,1,8,1,0,0,14,6,1,1,4,1,1,1
48,480013,1,2,1,4,1,12,35,12,2,1,0,17,3,82,881,82881,66,1996,1FUYDZYB1TP7,1,F,U,Y,D,Z,Y,B,1,T,P,7,1,T,FRHT,FLD,DS,96,17,,8,0,0,CON,D,,1,57,00241572,5700241572,3,6,1,1,0,0,0,0,0,0,0,998,0,0,0,12,12,6,2,12,0,0,1,1,48,79927,6,1,6,0,3,0,999,999,0,0,0,0,1,4,2007,4,2007,0,0,0,0,0,1,2,65,1,1,8,1,0,0,1,62,99,1,1,51,0,0
48,480013,2,2,1,4,1,12,35,12,2,1,0,48,1,37,441,37441,20,2002,2HKRL18682H5,2,H,K,R,L,1,8,6,8,2,H,5,0,P,HOND,UDY,SV,2,17,4354,,0,1181,,G,,0,0,000000000,00000000000,0,0,0,1,0,0,0,0,0,0,0,998,0,0,0,12,12,6,2,12,0,0,1,1,48,78043,6,1,0,0,3,3,999,999,0,0,0,0,0,0,0,0,0,0,51,0,0,0,1,2,65,1,1,8,1,0,0,1,10,99,1,2,50,1,0
48,480014,1,2,1,5,1,6,19,12,6,1,0,48,2,54,32,54032,4,1993,JH4KA7666PC0,J,H,4,K,A,7,6,6,6,P,C,0,0,P,ACUR,LEL,4D,93,17,3170,,0,1146,,G,,0,0,000000000,00000000000,0,0,0,1,0,0,0,0,0,0,0,998,0,1,5,81,81,6,2,12,0,0,0,1,48,76249,6,2,0,0,3,3,999,999,0,0,0,0,0,0,0,0,0,1,0,0,0,0,1,2,55,3,2,8,1,0,0,14,10,99,4,2,64,1,0
48,480014,2,2,1,5,1,6,19,12,6,1,0,48,1,7,482,7482,31,2008,1D7HA18N28S5,1,D,7,H,A,1,8,N,2,8,S,5,0,T,DODG,SQ1,CW,8,17,,2,1605,1405,RPC,G,,0,0,000000000,00000000000,0,0,0,1,0,0,0,0,0,0,0,998,0,1,1,12,12,6,2,12,0,0,0,1,48,76266,1,1,0,0,2,0,999,999,0,2,0,1,1,1,2008,11,2009,0,0,0,0,0,1,2,55,2,2,8,1,0,0,14,62,1,1,1,65,0,0
48,480015,1,1,5,6,1,20,50,38,0,1,0,48,2,12,481,12481,31,2005,1FTPW12565KE,1,F,T,P,W,1,2,5,6,5,K,E,0,T,FORD,F1S,CW,5,17,,2,1450,1260,COF,G,,0,0,000000000,00000000000,0,0,0,1,0,0,0,0,0,0,0,998,0,0,0,12,12,6,2,38,0,0,0,1,48,78624,6,2,0,0,3,2,999,999,0,0,0,0,0,0,0,0,0,1,73,0,0,0,1,2,45,3,2,8,1,0,0,14,6,6,1,4,6,1,0
48,480016,1,1,1,6,1,13,21,32,0,1,0,48,1,20,481,20481,31,1991,2GCEC19K4M11,2,G,C,E,C,1,9,K,4,M,1,1,0,T,CHEV,GC1,PC,91,17,,2,1555,1415,GM4,G,,0,0,000000000,00000000000,0,0,0,1,0,0,0,0,0,0,0,998,0,1,5,12,12,6,2,32,32,0,0,1,48,77372,6,1,0,0,3,3,999,999,0,0,0,0,0,0,0,0,0,0,0,0,0,0,1,2,70,1,1,8,1,0,0,1,13,1,1,4,1,1,0
48,480017,1,1,1,8,1,15,9,42,0,1,0,48,3,12,481,12481,31,2007,1FTSW21P67EA,1,F,T,S,W,2,1,P,6,7,E,A,0,T,FORD,F2S,CW,7,17,,2,1720,1560,SRW,D,,0,0,000000000,00000000000,0,0,0,1,0,0,0,0,0,0,0,998,0,0,0,12,12,6,2,42,0,0,0,1,48,75684,1,1,0,0,2,0,999,999,0,1,1,1,0,2,2007,11,2008,0,0,0,0,0,1,2,70,1,1,8,1,0,0,1,13,1,1,4,1,1,0
48,480018,1,1,1,8,1,3,16,38,0,1,0,48,1,20,481,20481,31,2007,1GCEC14C07Z5,1,G,C,E,C,1,4,C,0,7,Z,5,0,T,CHEV,SC1,PK,7,17,,2,1330,1190,SIL,G,,0,0,000000000,00000000000,0,0,0,1,0,0,0,0,0,0,0,998,0,1,5,9,9,6,2,1,0,0,0,1,48,76692,1,1,0,0,2,0,999,999,0,13,0,0,0,4,2007,8,2009,1,0,0,0,0,1,2,60,1,1,4,1,0,0,1,13,3,9,4,2,1,1