STATE,ST_CASE,VEH_NO,VE_FORMS,NUMOCCS,DAY,MONTH,HOUR,MINUTE,HARM_EV,MAN_COLL,UNITTYPE,HIT_RUN,REG_STAT,OWNER,MAKE,MODEL,MAK_MOD,BODY_TYP,MOD_YEAR,VIN,VIN_1,VIN_2,VIN_3,VIN_4,VIN_5,VIN_6,VIN_7,VIN_8,VIN_9,VIN_10,VIN_11,VIN_12,TOW_VEH,VINTYPE,VINMAKE,VINA_MOD,VIN_BT,VINMODYR,VIN_LNGT,VIN_WGT,WGTCD_TR,WHLBS_LG,WHLBS_SH,SER_TR,FUELCODE,MCYCL_DS,J_KNIFE,MCARR_I1,MCARR_I2,MCARR_ID,GVWR,V_CONFIG,CARGO_BT,HAZ_INV,HAZ_PLAC,HAZ_ID,HAZ_CNO,HAZ_REL,BUS_USE,SPEC_USE,EMER_USE,TRAV_SP,UNDERIDE,ROLLOVER,ROLINLOC,IMPACT1,IMPACT2,DEFORMED,TOWED,M_HARM,VEH_SC1,VEH_SC2,FIRE_EXP,DR_PRES,L_STATE,DR_ZIP,L_STATUS,L_TYPE,CDL_STAT,L_ENDORS,L_COMPL,L_RESTRI,DR_HGT,DR_WGT,PREV_ACC,PREV_SUS,PREV_DWI,PREV_SPD,PREV_OTH,FIRST_MO,FIRST_YR,LAST_MO,LAST_YR,SPEEDREL,DR_SF1,DR_SF2,DR_SF3,DR_SF4,VTRAFWAY,VNUM_LAN,VSPD_LIM,VALIGN,VPROFILE,VPAVETYP,VSURCOND,VTRAFCON,VTCONT_F,P_CRASH1,P_CRASH2,P_CRASH3,PCRASH4,PCRASH5,ACC_TYPE,DEATHS,DR_DRINK
48,480052,1,1,2,17,1,3,19,1,0,1,0,48,2,20,481,20481,31,2000,1GCEK19TXYE3,1,G,C,E,K,1,9,T,X,Y,E,3,0,T,CHEV,SK1,PC,0,17,,2,1575,1435,SIL,G,,0,0,000000000,00000000000,0,0,0,1,0,0,0,0,0,0,0,998,0,1,5,0,0,6,2,1,0,0,0,1,48,79007,0,0,0,0,0,0,999,999,0,0,0,0,0,0,0,0,0,0,0,0,0,0,5,4,99,1,1,8,1,0,0,1,12,7,1,4,6,1,0
48,480053,1,2,1,18,1,13,5,24,0,1,0,48,2,14,402,14402,14,2008,4M2CU81198KJ,4,M,2,C,U,8,1,1,9,8,K,J,0,P,MERC,MRN,UT,8,17,3383,,0,1031,,G,,0,0,000000000,00000000000,0,0,0,1,0,0,0,0,0,0,0,998,0,0,0,61,12,6,2,12,0,0,0,1,48,78230,6,1,0,0,3,3,999,999,0,0,0,0,0,0,0,0,0,0,51,0,0,0,1,4,70,1,2,8,1,0,0,1,12,1,1,4,6,0,0
48,480053,2,2,2,18,1,13,5,24,0,1,0,48,1,23,481,23481,31,2003,2GTEC19T4311,2,G,T,E,C,1,9,T,4,3,1,1,0,T,GMC,NC1,4C,3,17,,2,1575,1435,SIE,G,,0,0,000000000,00000000000,0,0,0,1,0,0,0,0,0,0,0,998,0,0,0,12,12,6,2,12,0,0,0,1,48,78620,6,1,0,0,3,3,999,999,0,0,0,0,0,0,0,0,0,0,0,0,0,0,1,4,70,1,2,8,1,0,0,1,54,6,1,1,98,2,0
48,480054,1,3,3,18,1,19,45,8,0,1,0,48,2,12,471,12471,30,2001,1FTYR14E81PA,1,F,T,Y,R,1,4,E,8,1,P,A,0,T,FORD,RNS,PS,1,17,,1,0,1257,RNG,G,,0,0,000000000,00000000000,0,0,0,1,0,0,0,0,0,0,0,998,0,0,0,12,12,2,3,8,0,0,0,1,48,77384,6,1,0,0,3,0,999,999,0,0,0,0,0,0,0,0,0,0,0,0,0,0,3,4,65,1,1,8,1,98,3,1,80,1,1,1,13,0,0
48,480054,2,3,1,18,1,19,45,8,0,1,0,48,1,35,402,35402,14,2003,5N1ED28T93C6,5,N,1,E,D,2,8,T,9,3,C,6,0,P,NISS,XTR,UT,3,17,3638,,0,1043,,G,,0,0,000000000,00000000000,0,0,0,1,0,0,0,0,0,0,0,998,0,0,0,12,12,0,1,8,0,0,0,1,48,77386,6,1,0,0,3,3,999,999,0,0,0,0,0,0,0,0,0,0,0,0,0,0,3,4,65,1,1,8,1,98,3,1,80,1,1,1,98,0,0
48,480054,3,3,1,18,1,19,45,8,0,1,0,48,2,55,35,55035,4,2005,KMHDN46D95U1,K,M,H,D,N,4,6,D,9,5,U,1,0,P,HYUN,EST,4D,5,17,2635,,0,1027,,G,,0,0,000000000,00000000000,0,0,0,1,0,0,0,0,0,0,0,998,0,0,0,12,12,0,1,8,0,0,0,1,48,77318,6,1,0,0,3,0,999,999,0,0,0,0,0,0,0,0,0,0,0,0,0,0,3,4,65,1,1,8,1,98,3,1,80,1,1,1,98,0,0
48,480055,1,1,1,18,1,15,32,1,0,1,0,48,2,23,481,23481,31,1992,1GTFC24K7NE5,1,G,T,F,C,2,4,K,7,N,E,5,0,T,GMC,SC2,PK,92,17,,2,0,1315,SIE,G,,0,0,000000000,00000000000,0,0,0,1,0,0,0,0,0,0,0,998,0,1,3,0,0,6,2,1,0,0,0,1,48,78114,6,1,0,0,3,0,999,999,0,0,0,0,0,0,0,0,0,0,0,0,0,0,2,4,70,1,3,8,1,0,0,1,10,7,4,4,7,1,0
48,480056,1,2,1,19,1,12,35,12,1,1,0,48,1,12,481,12481,31,2001,1FTRW07L81KB,1,F,T,R,W,0,7,L,8,1,K,B,1,T,FORD,F1S,CW,1,17,,2,0,1385,COF,G,,1,0,000000000,00000000000,0,0,0,1,0,0,0,0,0,0,0,998,0,0,0,6,3,4,3,12,0,0,0,1,48,77625,6,1,0,0,3,3,999,999,0,0,0,0,0,0,0,0,0,0,0,0,0,0,1,2,65,1,1,8,1,0,0,2,53,1,1,2,31,0,0
48,480056,2,2,1,19,1,12,35,12,1,1,0,48,1,20,481,20481,31,2003,1GCHC24U03E1,1,G,C,H,C,2,4,U,0,3,E,1,0,T,CHEV,2CH,PK,3,17,,2,0,1330,SIL,G,,0,0,000000000,00000000000,0,0,0,1,0,0,0,0,0,0,0,998,7,1,5,12,3,6,2,1,0,0,0,1,48,77657,6,1,6,0,3,1,999,999,0,0,0,0,0,0,0,0,0,1,0,0,0,0,1,2,65,1,1,8,1,0,0,1,52,1,1,1,28,1,0
48,480057,1,1,2,20,1,3,15,38,0,1,0,48,2,23,481,23481,31,2007,1GTEC14C97Z6,1,G,T,E,C,1,4,C,9,7,Z,6,0,T,GMC,NC1,PK,7,17,,2,1330,1190,SIE,G,,0,0,000000000,00000000000,0,0,0,1,0,0,0,0,0,0,0,998,0,0,0,12,12,6,2,38,0,0,0,1,48,76043,6,1,0,0,3,3,999,999,0,0,0,1,0,12,2009,12,2009,1,0,0,0,0,1,4,55,2,1,8,2,0,0,14,12,1,1,4,6,1,1
48,480058,1,2,4,21,1,19,29,12,6,1,0,48,1,35,401,35401,14,2008,5N1BR18A98C6,5,N,1,B,R,1,8,A,9,8,C,6,0,P,NISS,PFI,UT,8,17,4811,,0,1122,,G,,0,0,000000000,00000000000,0,0,0,1,0,0,0,0,0,0,0,998,0,0,0,10,10,4,3,12,0,0,0,1,48,75067,6,1,0,0,3,0,999,999,0,0,0,1,0,9,2009,9,2009,0,38,0,0,0,1,2,99,1,1,8,1,20,3,11,15,1,1,1,82,0,1
48,480058,2,2,2,21,1,19,29,12,6,1,0,48,2,76,706,76706,80,2004,JYARN13E54A0,J,Y,A,R,N,1,3,E,5,4,A,0,0,M,YAMA,YFR,RS,4,17,,,,,,,998,0,0,000000000,00000000000,0,0,0,1,0,0,0,0,0,0,0,998,0,0,0,12,12,9,3,12,0,0,0,1,48,76019,6,1,0,0,3,0,999,999,0,0,0,1,0,9,2009,9,2009,1,0,0,0,0,1,4,40,1,1,8,1,0,0,1,67,1,1,1,83,1,0
48,480059,1,1,1,21,1,15,43,42,0,1,0,92,0,98,739,98739,90,9999,000000000000,0,0,0,0,0,0,0,0,0,0,0,0,0,U,,,,,17,,,,,,,,0,0,000000000,00000000000,0,0,0,1,0,0,0,0,0,0,0,998,0,0,0,12,12,2,3,42,0,0,0,1,48,77642,0,0,0,0,0,0,999,999,0,0,0,0,0,0,0,0,0,1,0,0,0,0,1,2,99,1,9,8,1,0,0,1,12,1,1,4,6,1,0
48,480060,1,1,1,22,1,4,43,42,0,1,0,48,1,19,3,19003,4,1995,1G6KD52B4SU2,1,G,6,K,D,5,2,B,4,S,U,2,0,P,CADI,DFW,4D,95,17,3664,,0,1138,,G,,0,0,000000000,00000000000,0,0,0,1,0,0,0,0,0,0,0,998,0,0,0,12,12,6,2,42,0,0,0,1,48,75966,6,1,0,0,3,3,999,999,0,0,0,0,0,0,0,0,0,1,0,0,0,0,1,2,65,2,1,8,1,0,0,14,12,1,1,4,6,1,0
48,480061,1,2,2,22,1,8,40,12,6,1,0,48,1,23,481,23481,31,2007,3GTEC13J97G5,3,G,T,E,C,1,3,J,9,7,G,5,0,T,GMC,NC1,CW,7,17,,2,0,1435,SIE,G,,0,0,000000000,00000000000,0,0,0,1,0,0,0,0,0,0,0,998,0,0,0,12,12,6,2,12,0,0,0,1,48,75662,6,1,0,0,3,0,999,999,0,0,0,0,0,0,0,0,0,0,39,0,0,0,1,2,60,1,1,8,1,20,3,1,17,1,1,1,86,1,0
48,480061,2,2,1,22,1,8,40,12,6,1,0,93,3,87,881,87881,66,2008,1XPXD49X18N7,1,X,P,X,D,4,9,X,1,8,N,7,1,T,PTRB,389,DS,8,17,,8,0,0,CON,D,,1,57,00347467,5700347467,3,6,1,1,0,0,0,0,0,0,0,998,0,0,0,3,81,4,3,12,0,0,0,1,48,75946,6,1,6,0,3,0,999,999,0,0,0,0,0,0,0,0,0,0,0,0,0,0,1,2,60,1,1,8,1,9,3,1,66,1,1,1,87,0,0
48,480062,1,2,1,22,1,16,58,12,6,1,0,48,1,63,31,63031,4,1994,KNAFA1214R52,K,N,A,F,A,1,2,1,4,R,5,2,0,P,KIA,RLG,4D,94,17,2407,,0,984,,G,,0,0,000000000,00000000000,0,0,0,1,0,0,0,0,0,0,0,998,0,0,0,10,10,4,3,12,0,0,0,1,48,76131,6,1,0,0,3,3,999,999,0,0,0,0,0,0,0,0,0,0,38,0,0,0,0,0,0,0,0,0,0,0,0,11,17,1,1,7,82,1,0
48,480062,2,2,1,22,1,16,58,12,6,1,0,48,1,18,2,18002,4,2002,1G4HR54K32U1,1,G,4,H,R,5,4,K,3,2,U,1,0,P,BUIC,LLF,4D,2,17,3591,,0,1122,,G,,0,0,000000000,00000000000,0,0,0,1,0,0,0,0,0,0,0,998,0,0,0,12,12,4,3,12,0,0,0,1,48,76052,6,1,0,0,3,3,999,999,0,0,0,0,0,0,0,0,0,0,0,0,0,0,1,2,45,1,1,8,1,0,0,1,72,1,1,1,83,0,0
48,480063,1,2,2,22,1,9,24,1,0,1,0,48,2,2,404,2404,14,1998,1J4FX58S4WC3,1,J,4,F,X,5,8,S,4,W,C,3,0,T,JEEP,LRT,4W,98,17,,1,0,1059,GCK,G,,0,0,000000000,00000000000,0,0,0,1,0,0,0,0,0,0,0,998,0,1,1,0,61,6,2,1,0,0,0,1,48,78641,0,0,0,0,0,0,999,999,0,0,0,0,0,0,0,0,0,1,28,0,0,0,1,2,45,1,2,8,1,0,0,17,8,7,4,6,98,2,0
48,480063,2,2,1,22,1,9,24,1,0,1,0,48,1,19,3,19003,4,2002,1G6KF57992U1,1,G,6,K,F,5,7,9,9,2,U,1,0,P,CADI,D/T,4D,2,17,4047,,0,1153,,G,,0,0,000000000,00000000000,0,0,0,1,0,0,0,0,0,0,0,998,0,0,0,81,81,9,1,54,0,0,0,1,48,78641,6,1,0,0,3,0,999,999,0,0,0,0,0,0,0,0,0,0,0,0,0,0,1,2,45,1,2,8,1,0,0,1,62,6,1,2,98,0,0
48,480064,1,1,3,22,1,5,8,38,0,1,0,48,2,24,7,24007,4,2006,1G8AJ55F86Z1,1,G,8,A,J,5,5,F,8,6,Z,1,0,P,STRN,SI2,4D,6,17,2802,,0,1035,,G,,0,0,000000000,00000000000,0,0,0,1,0,0,0,0,0,0,0,76,0,0,0,99,9,6,2,42,0,0,0,1,48,76374,0,0,0,0,0,0,999,999,0,2,0,0,0,6,2007,6,2008,1,37,0,0,0,1,2,30,1,1,8,1,0,0,1,6,1,4,4,2,2,1
48,480065,1,2,1,23,1,13,58,12,6,1,0,48,2,10,37,10037,2,1998,4E3AK44Y9WE0,4,E,3,A,K,4,4,Y,9,W,E,0,0,P,EGIL,TEI,2H,98,17,2643,,0,988,,G,,0,0,000000000,00000000000,0,0,0,1,0,0,0,0,0,0,0,998,0,1,5,3,3,6,2,12,0,0,0,1,48,78704,6,1,0,0,3,0,999,999,0,0,0,0,0,0,0,0,0,0,58,0,0,0,1,2,60,1,1,8,1,0,0,1,13,6,4,6,66,1,0
48,480065,2,2,1,23,1,13,58,12,6,1,0,48,2,34,37,34037,4,2006,WBAHL83596DT,W,B,A,H,L,8,3,5,9,6,D,T,0,P,BMW,75I,4D,6,17,4486,,0,1177,,G,,0,0,000000000,00000000000,0,0,0,1,0,0,0,0,0,0,0,998,0,0,0,12,12,4,3,12,0,0,0,1,48,78620,6,1,0,0,3,0,999,999,0,0,0,0,0,0,0,0,0,0,0,0,0,0,1,2,60,1,1,8,1,0,0,1,62,1,1,1,66,0,0
48,480066,1,1,3,24,1,1,37,5,0,1,1,48,1,37,32,37032,4,1997,1HGCD5606VA1,1,H,G,C,D,5,6,0,6,V,A,1,0,P,HOND,USE,4D,97,17,2864,,0,1069,,G,,0,0,000000000,00000000000,0,0,0,1,0,0,0,0,0,0,0,998,0,0,0,0,0,0,1,5,0,0,0,1,48,75551,6,1,0,0,3,0,999,999,0,0,0,0,0,0,0,0,0,0,0,0,0,0,2,4,50,1,1,8,1,0,0,1,98,1,1,1,0,1,0
48,480067,1,2,1,25,1,15,4,12,2,1,0,48,1,41,402,41402,14,2003,4F2CZ06133KM,4,F,2,C,Z,0,6,1,3,3,K,M,0,P,MAZD,TRI,UT,3,17,3292,,0,1031,,G,,0,0,000000000,00000000000,0,0,0,1,0,0,0,0,0,0,0,998,0,0,0,12,12,6,2,12,0,0,0,1,48,76801,6,1,0,0,3,3,999,999,0,0,0,0,2,7,2009,7,2009,0,28,51,0,0,1,2,60,3,1,8,1,0,0,14,10,1,1,4,50,0,0
48,480067,2,2,1,25,1,15,4,12,2,1,0,48,3,12,23,12023,4,2007,3FAHP07117R1,3,F,A,H,P,0,7,1,1,7,R,1,0,P,FORD,F/E,4D,7,17,3101,,0,1074,,G,,0,0,000000000,00000000000,0,0,0,1,0,0,0,0,0,0,0,998,0,0,0,12,12,6,2,12,0,0,0,1,48,76801,6,1,0,0,3,0,999,999,0,0,0,0,0,0,0,0,0,0,0,0,0,0,1,2,60,1,1,8,1,0,0,1,62,9,1,4,51,1,0
48,480068,1,2,2,26,1,21,10,12,2,1,0,48,1,63,33,63033,4,2005,KNAFE1614550,K,N,A,F,E,1,6,1,4,5,5,0,0,P,KIA,SP5,4H,5,17,2701,,0,1028,,G,,0,0,000000000,00000000000,0,0,0,1,0,0,0,0,0,0,0,998,0,0,0,12,12,4,3,12,0,0,0,1,48,75901,6,1,0,0,3,0,999,999,0,0,0,0,0,0,0,0,0,0,0,0,0,0,1,2,55,2,1,8,1,0,0,14,62,1,1,1,51,2,0
48,480068,2,2,1,26,1,21,10,12,2,1,0,48,2,12,23,12023,4,2006,3FAFP06ZX6R2,3,F,A,F,P,0,6,Z,X,6,R,2,0,P,FORD,F/S,4D,6,17,3101,,0,1074,,G,,0,0,000000000,00000000000,0,0,0,1,0,0,0,0,0,0,0,998,0,0,0,12,12,4,3,12,0,0,0,1,48,75901,6,1,0,0,3,3,999,999,0,2,0,1,0,12,2008,3,2009,0,28,51,0,0,1,2,55,3,1,8,1,0,0,14,10,1,1,2,50,1,1
48,480069,1,1,1,26,1,17,56,8,0,1,0,48,1,12,481,12481,31,2007,1FTPW12V57KB,1,F,T,P,W,1,2,V,5,7,K,B,0,T,FORD,F1S,CW,7,17,,2,0,1390,COF,F,,0,0,000000000,00000000000,0,0,0,1,0,0,0,0,0,0,0,998,0,0,0,6,6,0,1,8,0,0,0,1,48,75181,6,1,7,0,3,0,999,999,0,0,0,0,0,0,0,0,0,0,31,0,0,0,1,2,15,1,1,8,1,0,0,13,80,1,1,1,98,0,0
48,480070,1,1,1,26,1,2,45,33,0,1,0,48,1,49,472,49472,30,2008,3TMKU72N78M0,3,T,M,K,U,7,2,N,7,8,M,0,0,T,TOYT,PBD,CW,8,17,,1,0,1409,TAC,G,,0,0,000000000,00000000000,0,0,0,1,0,0,0,0,0,0,0,998,0,1,2,14,12,4,3,38,0,0,0,1,48,77083,6,1,0,0,3,0,999,999,0,0,0,0,0,0,0,0,0,1,0,0,0,0,3,4,35,4,1,8,1,0,0,14,13,1,1,4,1,1,1
48,480071,1,2,1,26,1,19,23,12,6,1,0,48,2,12,481,12481,31,2008,1FTPW14V18KC,1,F,T,P,W,1,4,V,1,8,K,C,0,T,FORD,F1S,CW,8,17,,2,1500,1390,COF,F,,0,0,000000000,00000000000,0,0,0,1,0,0,0,0,0,0,0,998,0,0,0,12,12,4,3,12,0,0,0,1,48,79707,6,1,0,0,3,0,999,999,0,0,0,0,0,0,0,0,0,0,38,0,0,0,1,2,98,1,1,8,1,20,3,1,17,1,1,1,86,0,0
48,480071,2,2,1,26,1,19,23,12,6,1,0,48,3,20,481,20481,31,2006,1GCHK23U36F1,1,G,C,H,K,2,3,U,3,6,F,1,0,T,CHEV,2KH,CW,6,17,,2,1670,1530,SIL,G,,0,0,000000000,00000000000,0,0,0,1,0,0,0,0,0,0,0,998,0,0,0,3,3,6,2,2,0,0,1,1,48,79701,6,1,7,0,3,0,999,999,0,0,0,1,0,9,2007,9,2007,0,0,0,0,0,1,2,60,1,1,8,1,0,0,1,68,1,1,1,87,1,0
48,480072,1,1,1,26,1,21,43,1,0,1,0,48,1,21,3,21003,4,1984,1G3AH69Y7EM8,1,G,3,A,H,6,9,Y,7,E,M,8,0,P,OLDS,RBR,4D,84,17,4177,,0,1190,,G,,0,0,000000000,00000000000,0,0,0,1,0,0,0,0,0,0,0,998,0,2,1,0,0,4,3,1,0,0,0,1,48,79536,6,1,0,0,3,3,999,999,0,0,0,0,0,0,0,0,0,0,28,58,0,0,4,2,55,1,1,8,1,0,0,1,13,6,3,6,98,1,1
48,480073,1,1,1,27,1,11,12,35,0,1,0,48,1,23,481,23481,31,2004,1GTEC14T24E3,1,G,T,E,C,1,4,T,2,4,E,3,0,T,GMC,NC1,PK,4,17,,2,1330,1190,SIE,G,,0,0,000000000,00000000000,0,0,0,1,0,0,0,0,0,0,0,58,0,1,2,99,9,4,3,1,0,0,0,1,48,79720,6,1,7,0,3,0,999,999,0,0,0,3,0,4,2007,10,2007,1,58,0,0,0,1,2,45,1,1,8,1,0,0,1,13,7,1,4,1,1,0
48,480074,1,1,2,27,1,14,12,53,0,1,0,48,1,20,471,20471,30,1999,1GCCS1449XK1,1,G,C,C,S,1,4,4,9,X,K,1,0,T,CHEV,S14,PK,99,17,,1,1179,1083,S,G,,0,0,000000000,00000000000,0,0,0,1,0,0,0,0,0,0,0,998,0,1,5,99,13,9,3,42,0,0,0,1,48,77360,6,1,6,0,3,3,999,999,0,0,0,0,0,0,0,0,0,0,58,0,0,0,1,2,70,1,1,8,1,0,0,1,12,6,1,4,6,1,0
48,480075,1,1,1,27,1,9,39,32,0,1,0,48,1,22,20,22020,4,2008,2G2WP5529811,2,G,2,W,P,5,5,2,9,8,1,1,0,P,PONT,GRA,4D,8,17,3477,,0,1105,,G,,0,0,000000000,00000000000,0,0,0,1,0,0,0,0,0,0,0,998,0,1,5,12,3,4,3,1,0,0,0,1,48,79072,6,1,0,0,3,0,999,999,0,0,0,0,0,0,0,0,0,1,0,0,0,0,4,2,55,3,1,8,1,0,0,14,13,1,1,4,1,1,0
48,480076,1,1,2,29,1,21,11,42,0,1,0,48,1,20,9,20009,2,1995,2G1FP22S9S22,2,G,1,F,P,2,2,S,9,S,2,2,0,P,CHEV,CAM,CP,95,17,3251,,0,1011,,G,,0,0,000000000,00000000000,0,0,0,1,0,0,0,0,0,0,0,998,0,0,0,3,3,6,2,42,0,0,0,1,48,76010,1,1,0,0,2,0,999,999,0,3,0,0,3,6,2008,10,2009,1,0,0,0,0,2,4,45,2,2,8,1,0,0,14,6,7,3,4,2,2,1
48,480077,1,2,3,29,1,16,50,12,1,1,0,48,2,49,40,49040,4,2000,4T1BG22K0YU6,4,T,1,B,G,2,2,K,0,Y,U,6,0,P,TOYT,UEX,4D,0,17,2998,,0,1051,,G,,0,0,000000000,00000000000,0,0,0,1,0,0,0,0,0,0,0,998,0,0,0,6,6,6,2,12,0,0,0,1,48,75645,6,1,0,0,3,3,999,999,0,1,0,0,0,9,2009,9,2009,0,0,0,0,0,1,4,60,1,1,8,2,0,0,2,18,1,1,1,29,1,0
48,480077,2,2,1,29,1,16,50,12,1,1,0,48,3,23,882,23882,61,2006,J8DB4B165670,J,8,D,B,4,B,1,6,5,6,7,0,0,T,GMC,W35,TB,6,17,,3,1760,1090,3/5,D,,0,88,888888888,88888888888,2,1,1,1,0,0,0,0,0,0,0,998,0,0,0,12,12,4,3,12,0,0,0,1,48,75601,6,1,0,0,3,0,999,999,0,0,0,1,0,6,2008,6,2008,1,26,0,0,0,1,4,60,1,1,8,2,0,0,1,52,1,1,1,28,0,0
48,480078,1,1,5,30,1,20,16,33,0,1,0,48,2,20,421,20421,15,1998,1GNCS13W4WK1,1,G,N,C,S,1,3,W,4,W,K,1,0,P,CHEV,BZR,UT,98,17,3685,,0,1070,,G,,0,0,000000000,00000000000,0,0,0,1,0,0,0,0,0,0,0,998,0,1,1,12,12,4,3,42,0,0,0,1,48,77034,6,1,0,0,3,0,999,999,0,0,0,0,0,0,0,0,0,1,0,0,0,0,2,4,35,2,2,1,1,0,0,14,9,1,2,4,2,1,0
48,480079,1,1,2,30,1,2,45,42,0,1,0,48,2,54,38,54038,3,2006,JH4DC530X6S0,J,H,4,D,C,5,3,0,X,6,S,0,0,P,ACUR,RST,2H,6,17,2840,,0,1012,,G,,0,0,000000000,00000000000,0,0,0,1,0,0,0,0,0,0,0,998,0,0,0,12,12,6,2,42,0,0,0,1,48,77077,6,1,0,0,3,0,999,999,0,1,0,1,0,1,2008,11,2009,1,0,0,0,0,1,2,35,1,1,8,1,0,0,1,12,1,1,4,6,1,1
48,480080,1,1,3,31,1,2,22,1,0,1,0,48,1,35,39,35039,4,1997,JN1CA21D2VT2,J,N,1,C,A,2,1,D,2,V,T,2,0,P,NISS,MGS,4D,97,17,2886,,0,1063,,G,,0,0,000000000,00000000000,0,0,0,1,0,0,0,0,0,0,0,998,0,1,5,0,0,6,2,1,0,0,0,1,48,78830,2,1,0,0,2,0,999,999,1,5,0,0,0,2,2007,1,2010,0,0,0,0,0,1,2,65,1,1,8,1,0,0,1,89,7,9,4,3,1,1
48,480081,1,2,1,31,1,7,35,12,2,1,0,48,2,20,19,20019,2,1995,1G1LW15M5SY2,1,G,1,L,W,1,5,M,5,S,Y,2,0,P,CHEV,Z26,CP,95,17,2990,,0,1034,,G,,0,0,000000000,00000000000,0,0,0,1,0,0,0,0,0,0,0,998,0,0,0,12,12,6,2,12,0,0,0,1,48,75243,6,1,0,0,3,3,999,999,0,0,0,0,0,0,0,0,0,0,28,0,0,0,1,4,30,1,9,8,1,0,0,1,10,1,1,2,50,1,0
48,480081,2,2,2,31,1,7,35,12,2,1,0,48,1,20,421,20421,15,2008,1GNFC13008R1,1,G,N,F,C,1,3,0,0,8,R,1,0,P,CHEV,CTA,UT,8,17,5265,,0,1160,,F,,0,0,000000000,00000000000,0,0,0,1,0,0,0,0,0,0,0,998,0,0,0,12,12,6,2,12,0,0,0,1,48,75140,6,1,6,0,3,0,999,999,0,0,0,2,0,6,2007,6,2009,0,0,0,0,0,1,4,30,1,1,8,1,0,0,1,62,1,1,1,51,0,0
48,480082,1,2,2,21,1,5,32,25,0,1,0,48,2,2,405,2405,14,2002,1J4GL58K42W3,1,J,4,G,L,5,8,K,4,2,W,3,0,T,JEEP,LMD,4W,2,17,,1,0,1043,LIB,G,,0,0,000000000,00000000000,0,0,0,1,0,0,0,0,0,0,0,998,0,1,1,10,10,4,3,25,0,0,0,1,48,77099,0,0,0,0,0,0,999,999,0,0,0,0,0,0,0,0,0,1,58,0,0,0,3,3,55,1,2,8,2,0,0,15,6,8,1,4,98,1,0
48,480082,2,2,1,21,1,5,32,25,0,1,0,48,1,12,422,12422,15,2002,1FMRU15W22LA,1,F,M,R,U,1,5,W,2,2,L,A,0,P,FORD,EPT,UT,2,17,4891,,0,1191,,G,,0,0,000000000,00000000000,0,0,0,1,0,0,0,0,0,0,0,998,0,1,3,1,1,4,3,25,0,0,0,1,48,77701,6,1,0,0,3,0,999,999,0,0,0,0,0,0,0,0,0,0,0,0,0,0,3,3,55,1,2,8,2,0,0,1,61,9,2,4,2,0,0
48,480083,1,1,1,24,1,5,9,38,0,1,0,48,2,23,481,23481,31,1998,1GTEC19W3WE5,1,G,T,E,C,1,9,W,3,W,E,5,0,T,GMC,SC1,PC,98,17,,2,1555,1415,SIE,G,,0,0,000000000,00000000000,0,0,0,1,0,0,0,0,0,0,0,998,0,0,0,11,11,4,3,38,0,0,0,1,48,78043,6,1,0,0,3,0,999,999,0,0,0,0,0,0,0,0,0,1,0,0,0,0,1,2,30,2,1,8,1,0,0,14,6,4,2,4,2,1,1
48,480084,1,1,6,26,1,14,45,1,0,1,0,48,2,24,1,24001,4,1998,1G8ZK5279WZ2,1,G,8,Z,K,5,2,7,9,W,Z,2,0,P,STRN,SL2,4D,98,17,2422,,0,1024,,G,,0,0,000000000,00000000000,0,0,0,1,0,0,0,0,0,0,0,998,0,2,5,0,0,4,3,1,0,0,0,1,48,75766,6,1,0,0,3,0,999,999,0,0,0,0,0,0,0,0,0,0,58,24,0,0,1,2,70,1,1,8,1,0,0,1,13,6,4,4,7,1,0
48,480085,1,1,3,26,1,15,10,10,0,1,0,48,1,18,23,18023,4,2006,1G4HD572X6U1,1,G,4,H,D,5,7,2,X,6,U,1,0,P,BUIC,UXL,4D,6,17,3969,,0,1156,,G,,0,0,000000000,00000000000,0,0,0,1,0,0,0,0,0,0,0,998,0,1,5,9,9,6,2,10,0,0,0,1,48,77488,6,1,0,0,3,0,999,999,0,0,0,0,0,0,0,0,0,0,38,39,0,0,1,2,60,1,3,8,1,65,3,1,98,1,1,1,98,1,0
48,480086,1,2,2,29,1,12,42,12,6,1,0,48,3,20,481,20481,31,2000,1GCEC14VXYE1,1,G,C,E,C,1,4,V,X,Y,E,1,0,T,CHEV,SC1,PK,0,17,,2,1330,1190,SIL,G,,0,0,000000000,00000000000,0,0,0,1,0,0,0,0,0,0,0,998,0,0,0,5,5,6,2,12,0,0,0,1,48,75601,6,1,0,0,3,0,999,999,2,3,0,2,2,6,2007,7,2009,1,0,0,0,0,2,4,65,1,1,8,2,0,0,1,4,1,4,6,66,1,0
48,480086,2,2,1,29,1,12,42,12,6,1,0,29,2,7,482,7482,31,2004,1D7HA16K84J2,1,D,7,H,A,1,6,K,8,4,J,2,0,T,DODG,S1T,PK,4,17,,2,1405,1205,RPC,G,,0,0,000000000,00000000000,0,0,0,1,0,0,0,0,0,0,0,998,0,0,0,12,12,6,2,12,0,0,0,1,48,75605,6,1,0,0,3,0,999,999,0,0,0,0,0,0,0,0,0,0,0,0,0,0,2,4,65,1,1,8,2,0,0,1,62,1,1,1,66,0,0
48,480087,1,1,3,3,1,10,30,1,0,1,0,48,1,20,421,20421,15,2001,1GNEK13T11J1,1,G,N,E,K,1,3,T,1,1,J,1,0,P,CHEV,KTA,UT,1,17,5050,,0,1160,,G,,0,0,000000000,00000000000,0,0,0,1,0,0,0,0,0,0,0,998,0,1,5,0,0,6,2,1,0,0,0,1,48,79927,6,1,0,0,3,3,999,999,0,0,0,0,0,0,0,0,0,0,58,0,0,0,1,2,60,1,1,2,1,0,0,1,8,9,3,4,7,1,0