STATE,ST_CASE,VEH_NO,VE_FORMS,NUMOCCS,DAY,MONTH,HOUR,MINUTE,HARM_EV,MAN_COLL,UNITTYPE,HIT_RUN,REG_STAT,OWNER,MAKE,MODEL,MAK_MOD,BODY_TYP,MOD_YEAR,VIN,VIN_1,VIN_2,VIN_3,VIN_4,VIN_5,VIN_6,VIN_7,VIN_8,VIN_9,VIN_10,VIN_11,VIN_12,TOW_VEH,VINTYPE,VINMAKE,VINA_MOD,VIN_BT,VINMODYR,VIN_LNGT,VIN_WGT,WGTCD_TR,WHLBS_LG,WHLBS_SH,SER_TR,FUELCODE,MCYCL_DS,J_KNIFE,MCARR_I1,MCARR_I2,MCARR_ID,GVWR,V_CONFIG,CARGO_BT,HAZ_INV,HAZ_PLAC,HAZ_ID,HAZ_CNO,HAZ_REL,BUS_USE,SPEC_USE,EMER_USE,TRAV_SP,UNDERIDE,ROLLOVER,ROLINLOC,IMPACT1,IMPACT2,DEFORMED,TOWED,M_HARM,VEH_SC1,VEH_SC2,FIRE_EXP,DR_PRES,L_STATE,DR_ZIP,L_STATUS,L_TYPE,CDL_STAT,L_ENDORS,L_COMPL,L_RESTRI,DR_HGT,DR_WGT,PREV_ACC,PREV_SUS,PREV_DWI,PREV_SPD,PREV_OTH,FIRST_MO,FIRST_YR,LAST_MO,LAST_YR,SPEEDREL,DR_SF1,DR_SF2,DR_SF3,DR_SF4,VTRAFWAY,VNUM_LAN,VSPD_LIM,VALIGN,VPROFILE,VPAVETYP,VSURCOND,VTRAFCON,VTCONT_F,P_CRASH1,P_CRASH2,P_CRASH3,PCRASH4,PCRASH5,ACC_TYPE,DEATHS,DR_DRINK
48,480088,1,4,1,1,1,11,25,12,6,1,0,48,3,86,881,86881,66,2006,1M1AJ06Y26N0,1,M,1,A,J,0,6,Y,2,6,N,0,1,T,MACK,CHN,DS,6,17,,8,0,0,600,D,,1,57,27641,5727641,3,6,4,1,0,0,0,0,0,0,0,998,0,1,1,12,9,6,2,1,0,0,0,1,48,77018,6,1,6,0,3,0,999,999,0,0,0,0,1,10,2008,10,2008,0,0,0,0,0,3,3,50,1,1,8,1,3,3,1,66,1,1,1,86,1,0
48,480088,2,4,5,1,1,11,25,12,6,1,0,48,2,23,481,23481,31,2008,3GTEC13C38G1,3,G,T,E,C,1,3,C,3,8,G,1,0,T,GMC,SC1,CW,8,17,,2,0,1435,SIE,G,,0,0,000000000,00000000000,0,0,0,1,0,0,0,0,0,0,0,998,0,0,0,2,2,4,3,12,0,0,0,1,48,77377,6,1,0,0,3,0,999,999,0,0,0,0,0,0,0,0,0,0,39,0,0,0,2,4,99,1,1,8,1,3,3,1,17,1,1,1,87,0,0
48,480088,3,4,1,1,1,11,25,12,6,1,0,48,1,49,40,49040,4,2007,JTNBE46K9730,J,T,N,B,E,4,6,K,9,7,3,0,0,P,TOYT,CMB,4D,7,17,3108,,0,1093,,G,,0,0,000000000,00000000000,0,0,0,1,0,0,0,0,0,0,0,0,0,0,0,9,9,4,3,12,0,0,0,1,48,77346,6,1,0,0,3,0,999,999,0,0,0,0,0,0,0,0,0,0,0,0,0,0,2,4,99,1,1,8,1,3,3,5,66,1,1,1,98,0,0
48,480088,4,4,2,1,1,11,25,12,6,1,0,48,1,2,407,2407,14,2008,1J8FT28088D7,1,J,8,F,T,2,8,0,8,8,D,7,0,T,JEEP,SPO,4W,8,17,,1,0,1037,PRT,G,,0,0,000000000,00000000000,0,0,0,1,0,0,0,0,0,0,0,0,0,0,0,10,10,4,3,12,0,0,0,1,48,77396,6,1,0,0,3,3,999,999,0,0,0,0,0,0,0,0,0,0,0,0,0,0,2,4,99,1,1,8,1,3,3,5,66,1,1,1,98,0,0
48,480089,1,4,1,1,1,3,45,12,6,1,0,48,1,12,16,12016,4,2000,2FAFP72W1YX1,2,F,A,F,P,7,2,W,1,Y,X,1,0,P,FORD,CVS,4D,0,17,0,,0,1147,,G,,0,0,000000000,00000000000,0,0,0,1,0,0,0,0,0,0,0,998,0,0,0,12,12,4,3,12,0,0,0,1,48,77021,6,1,0,0,3,0,999,999,0,0,0,0,0,0,0,0,0,1,28,0,0,0,5,6,55,1,1,8,1,0,0,1,10,1,1,2,64,1,1
48,480089,2,4,2,1,1,3,45,12,6,1,0,48,1,7,482,7482,31,1999,1B7HF13Y9XJ6,1,B,7,H,F,1,3,Y,9,X,J,6,0,T,DODG,Q15,4C,99,17,,2,1547,1387,RPC,G,,0,0,000000000,00000000000,0,0,0,1,0,0,0,0,0,0,0,998,0,0,0,10,10,4,3,12,0,0,0,1,48,77042,6,1,0,0,3,0,999,999,0,0,0,0,0,0,0,0,0,0,0,0,0,0,5,6,55,1,1,8,1,0,0,1,62,1,1,1,65,1,1
48,480089,3,4,3,1,1,3,45,12,6,1,0,48,1,59,34,59034,4,2001,JT8BD69S9101,J,T,8,B,D,6,9,S,9,1,0,1,0,P,LEXS,GS3,4D,1,17,3638,,0,1102,,G,,0,0,000000000,00000000000,0,0,0,1,0,0,0,0,0,0,0,998,0,0,0,12,12,2,3,12,0,0,0,1,48,77072,6,1,0,0,3,0,999,999,0,0,0,0,0,0,0,0,0,0,0,0,0,0,5,6,55,1,1,8,1,0,0,1,60,1,1,1,98,0,0
48,480089,4,4,2,1,1,3,45,12,6,1,0,48,1,19,421,19421,15,2007,1GYEC63857R3,1,G,Y,E,C,6,3,8,5,7,R,3,0,P,CADI,ESC,UT,7,17,5555,,0,1160,,G,,0,0,000000000,00000000000,0,0,0,1,0,0,0,0,0,0,0,998,0,0,0,9,9,2,3,12,0,0,0,1,48,77478,6,1,0,0,3,0,999,999,0,0,0,2,1,2,2009,8,2009,0,0,0,0,0,5,6,55,1,1,8,1,0,0,1,61,1,1,1,98,0,0
48,480090,1,1,1,1,1,9,28,1,0,1,0,92,0,24,1,24001,4,2001,1G8ZK527X1Z2,1,G,8,Z,K,5,2,7,X,1,Z,2,0,P,STRN,SL2,4D,1,17,2426,,0,1024,,G,,0,0,000000000,00000000000,0,0,0,1,0,0,0,0,0,0,0,998,0,2,3,0,3,6,2,1,0,0,0,1,6,91710,6,1,0,0,3,3,71,195,0,0,0,0,1,6,2008,6,2008,0,4,58,0,0,2,4,70,4,1,8,1,0,0,14,12,7,4,4,2,1,0
48,480091,1,2,1,1,1,3,40,12,1,1,0,48,1,58,37,58037,2,2005,JNKCV54E65M4,J,N,K,C,V,5,4,E,6,5,M,4,0,P,INFI,G35,CP,5,17,3360,,0,1122,,G,,0,0,000000000,00000000000,0,0,0,1,0,0,0,0,0,0,0,998,0,0,0,12,12,4,3,12,0,0,0,1,48,75023,6,1,0,0,3,0,999,999,0,0,0,0,0,0,0,0,0,0,84,0,0,0,3,3,70,1,1,8,1,0,0,1,50,1,1,1,20,0,1
48,480091,2,2,1,1,1,3,40,12,1,1,0,48,2,49,40,49040,2,2006,4T1CE38P86U6,4,T,1,C,E,3,8,P,8,6,U,6,0,P,TOYT,CEE,CP,6,17,3175,,0,1051,,G,,0,0,000000000,00000000000,0,0,0,1,0,0,0,0,0,0,0,0,0,0,0,6,6,6,2,12,0,0,0,1,48,75056,1,1,0,0,2,3,999,999,0,4,0,1,1,4,2008,12,2009,0,54,0,0,0,3,3,70,1,1,8,1,0,0,7,53,1,1,1,21,1,0
48,480092,1,1,1,4,1,4,48,24,0,1,0,48,2,12,471,12471,30,2004,1FTYR10U74PA,1,F,T,Y,R,1,0,U,7,4,P,A,0,T,FORD,RNG,PK,4,17,,1,1175,1116,RNG,G,,0,0,000000000,00000000000,0,0,0,1,0,0,0,0,0,0,0,998,0,0,0,11,9,6,2,3,0,0,0,1,48,75551,6,1,0,0,3,0,74,294,0,0,0,0,0,0,0,0,0,1,39,0,0,0,1,2,65,1,1,8,4,40,3,1,5,1,3,4,7,1,0
48,480093,1,2,99,7,1,4,35,8,0,1,1,99,9,99,999,99999,99,9999,999999999999,9,9,9,9,9,9,9,9,9,9,9,9,9,U,,,,9,17,,,,,,,,0,99,999999999,99999999999,9,99,99,1,0,0,0,0,99,99,9,999,0,0,0,12,12,9,1,99,99,99,0,1,99,99999,9,9,99,9,9,9,999,999,99,99,99,99,99,99,9999,99,9999,0,0,0,0,0,2,4,40,1,1,8,2,0,0,1,80,1,1,1,13,0,0
48,480093,2,2,1,7,1,4,35,8,0,1,0,48,1,49,32,49032,4,1996,1NXBA02E6TZ4,1,N,X,B,A,0,2,E,6,T,Z,4,0,P,TOYT,COA,4D,96,17,2315,,0,970,,G,,0,0,000000000,00000000000,0,0,0,1,0,0,0,0,0,0,0,998,0,0,0,12,12,2,3,8,0,0,0,1,48,77449,6,1,0,0,3,0,999,999,0,0,0,0,0,0,0,0,0,0,0,0,0,0,2,4,40,1,1,8,2,0,0,1,80,1,1,1,98,0,0
48,480094,1,1,1,7,1,14,30,35,0,1,0,48,1,35,401,35401,14,1996,JN8AR05Y6TW0,J,N,8,A,R,0,5,Y,6,T,W,0,0,P,NISS,PFI,UT,96,17,4135,,0,1063,,G,,0,0,000000000,00000000000,0,0,0,1,0,0,0,0,0,0,0,998,0,1,5,3,3,4,3,1,0,0,0,1,48,76878,6,1,0,0,3,0,999,999,0,0,0,1,0,10,2007,10,2007,1,58,0,0,0,1,2,70,3,1,8,1,0,0,14,13,6,4,4,2,1,0
48,480095,1,2,1,8,1,7,0,12,1,1,0,48,1,38,882,38882,61,1999,JALB4B145X70,J,A,L,B,4,B,1,4,5,X,7,0,0,T,ISU,NPR,TB,99,17,,3,0,0,NPR,D,,0,88,888888888,88888888888,2,1,1,1,0,0,0,0,0,0,0,998,0,0,0,12,12,6,2,12,0,0,0,1,48,77088,6,1,0,0,3,0,999,999,0,0,0,0,0,0,0,0,0,1,0,0,0,0,5,6,45,1,1,8,1,0,0,1,50,1,1,1,20,1,0
48,480095,2,2,3,8,1,7,0,12,1,1,0,48,3,84,981,84981,50,1999,1HVBBABM5XH2,1,H,V,B,B,A,B,M,5,X,H,2,0,T,INTL,380,BU,99,17,,6,2760,1520,30S,D,,0,88,888888888,88888888888,2,21,22,1,0,0,0,0,1,0,0,0,0,0,0,6,6,4,3,12,0,0,0,1,48,77088,6,1,7,1,3,0,999,999,0,0,0,0,0,0,0,0,0,0,0,0,0,0,5,6,45,1,1,8,1,0,0,5,53,1,1,1,21,0,0
48,480096,1,2,1,9,1,1,35,12,1,1,0,17,3,98,809,98809,66,2005,2FWJA3CG65AV,2,F,W,J,A,3,C,G,6,5,A,V,1,T,STRG,AT9,DS,5,17,2780,8,0,0,STE,D,,3,57,624483,57624483,3,6,1,1,0,0,0,0,0,0,0,998,0,0,0,12,12,2,3,12,0,0,0,1,48,77479,6,1,6,0,3,0,999,999,0,0,0,0,0,0,0,0,0,0,0,0,0,0,3,6,60,1,3,1,1,0,0,1,50,1,1,1,20,0,0
48,480096,2,2,2,9,1,1,35,12,1,1,0,48,3,41,51,41051,4,2009,JM1BK32F5912,J,M,1,B,K,3,2,F,5,9,1,2,0,P,MAZD,M3I,4D,9,17,2780,8,0,1039,STE,G,,0,0,000000000,00000000000,0,0,0,1,0,0,0,0,0,0,0,0,0,0,0,6,6,6,2,12,0,0,0,1,48,77065,6,1,0,0,3,3,999,999,0,0,0,0,0,0,0,0,0,0,0,0,0,0,3,6,60,1,3,1,1,0,0,7,53,1,1,1,21,1,1
48,480097,1,1,2,12,1,5,37,1,0,1,0,48,1,22,22,22022,4,2006,1G2ZH5581641,1,G,2,Z,H,5,5,8,1,6,4,1,0,P,PONT,GGT,4D,6,17,3426,,0,1123,,G,,0,0,000000000,00000000000,0,0,0,1,0,0,0,0,0,0,0,998,0,2,3,0,3,6,2,1,0,0,0,1,48,79104,6,1,0,0,3,3,999,999,0,0,0,0,0,0,0,0,0,1,0,0,0,0,2,4,65,2,1,8,1,0,0,14,10,1,4,4,7,1,0
48,480098,1,1,1,14,1,22,0,35,0,1,0,48,2,21,5,21005,2,1988,1G3EV11C6JU3,1,G,3,E,V,1,1,C,6,J,U,3,0,P,OLDS,TOT,CP,88,17,3353,,0,1079,,G,,0,0,000000000,00000000000,0,0,0,1,0,0,0,0,0,0,0,998,0,0,0,12,12,6,2,35,0,0,0,1,48,75791,6,1,0,0,3,0,999,999,0,0,0,0,0,0,0,0,0,0,0,0,0,0,1,2,55,1,1,8,2,20,3,1,14,1,1,4,14,1,1
48,480099,1,1,2,15,1,21,30,1,0,1,0,48,2,12,471,12471,30,1991,1FTCR10U8MPB,1,F,T,C,R,1,0,U,8,M,P,B,0,T,FORD,RNG,PK,91,17,,1,1140,1080,RNG,G,,0,0,000000000,00000000000,0,0,0,1,0,0,0,0,0,0,0,87,0,1,5,0,0,6,2,1,0,0,0,1,48,75570,6,1,0,0,3,3,999,999,0,0,0,0,0,0,0,0,0,1,0,0,0,0,1,2,55,2,1,8,1,0,0,14,6,6,4,4,2,1,0
48,480100,1,2,2,17,1,0,59,12,6,1,0,48,1,21,21,21021,4,2001,1G3NL52T41C2,1,G,3,N,L,5,2,T,4,1,C,2,0,P,OLDS,A/G,4D,1,17,3022,,0,1070,,G,,0,0,000000000,00000000000,0,0,0,1,0,0,0,0,0,0,0,998,0,0,0,9,9,6,2,12,0,0,0,1,48,79411,6,1,0,0,3,3,999,999,0,3,0,0,0,1,2007,8,2008,0,30,0,0,0,5,4,45,1,1,8,1,0,0,98,19,1,1,7,72,2,1
48,480100,2,2,1,17,1,0,59,12,6,1,0,48,1,12,23,12023,4,2006,3FAHP07Z56R2,3,F,A,H,P,0,7,Z,5,6,R,2,0,P,FORD,F/E,4D,6,17,3101,,0,1074,,G,,0,0,000000000,00000000000,0,0,0,1,0,0,0,0,0,0,0,998,0,0,0,12,12,4,3,12,0,0,0,1,48,79415,6,1,0,0,3,0,999,999,0,2,0,1,1,6,2007,1,2008,1,0,0,0,0,0,0,0,0,0,0,0,0,0,1,71,1,1,1,73,0,1
48,480101,1,2,1,18,1,19,7,12,6,1,0,48,1,49,32,49032,4,2010,1NXBU4EE0AZ3,1,N,X,B,U,4,E,E,0,A,Z,3,0,P,TOYT,CBL,4D,10,17,2723,,0,1024,,G,,0,0,000000000,00000000000,0,0,0,1,0,0,0,0,0,0,0,998,0,0,0,2,2,4,3,12,0,0,0,1,48,75123,6,1,0,0,3,0,999,999,0,0,0,0,0,0,0,0,0,1,58,0,0,0,1,2,65,1,1,8,1,0,0,1,10,7,4,6,66,0,0
48,480101,2,2,1,18,1,19,7,12,6,1,0,48,1,72,706,72706,80,2007,1HD4CR2177K4,1,H,D,4,C,R,2,1,7,7,K,4,0,M,HD,XLL,RS,7,17,,,,,,,883,0,0,000000000,00000000000,0,0,0,1,0,0,0,0,0,0,0,998,0,0,0,12,12,9,2,12,0,0,0,1,48,75158,6,1,0,0,3,0,65,308,0,0,0,0,0,0,0,0,0,0,0,0,0,0,1,2,65,1,1,8,1,0,0,1,62,1,1,1,66,1,0
48,480102,1,1,1,18,1,1,30,52,0,1,0,48,1,7,482,7482,31,2001,1B7MC33761J2,1,B,7,M,C,3,3,7,6,1,J,2,0,T,DODG,Q35,4C,1,17,,3,0,1547,RPC,D,883,0,88,888888888,88888888888,2,1,96,1,0,0,0,0,0,0,0,998,0,0,0,12,3,6,2,59,0,0,0,1,48,77016,6,1,0,0,3,0,999,999,0,0,0,0,0,0,0,0,0,0,0,0,0,0,3,9,65,1,1,8,1,0,0,1,13,1,1,4,1,1,1
48,480103,1,1,1,22,1,20,50,14,0,1,0,6,1,82,883,82883,66,2001,1FUJA6AV81LH,1,F,U,J,A,6,A,V,8,1,L,H,1,T,FRHT,COL,DS,1,17,,8,0,0,CON,D,,1,57,01723940,5701723940,3,6,99,1,0,0,0,0,0,0,0,998,0,0,0,1,1,4,3,8,0,0,0,1,6,93727,6,1,6,0,3,0,71,195,0,0,0,0,0,0,0,0,0,1,91,0,0,0,3,4,65,2,3,8,2,0,0,14,13,7,1,4,1,0,0
48,480104,1,2,2,23,1,17,22,32,0,1,0,48,1,6,441,6441,20,2006,2A4GP44R76R8,2,A,4,G,P,4,4,R,7,6,R,8,0,P,CHRY,TWC,SV,6,17,4163,,0,1193,,G,,0,0,000000000,00000000000,0,0,0,1,0,0,0,0,0,0,0,998,0,1,3,12,61,4,3,1,0,0,0,1,48,77833,6,1,0,0,3,3,999,999,0,0,0,0,0,0,0,0,0,0,0,0,0,0,2,4,65,1,1,2,1,0,0,1,8,1,1,4,6,1,0
48,480104,2,2,2,23,1,17,22,32,0,1,0,48,1,12,481,12481,31,2004,1FTSW31P34EC,1,F,T,S,W,3,1,P,3,4,E,C,0,T,FORD,F3S,CW,4,17,,2,1724,1562,SRW,D,,0,0,000000000,00000000000,0,0,0,1,0,0,0,0,0,0,0,0,0,0,0,12,12,4,1,12,0,0,0,1,48,78729,6,1,0,0,3,3,999,999,0,0,0,0,0,0,0,0,0,0,0,0,0,0,2,4,65,1,1,2,1,0,0,1,62,2,1,1,98,0,0
48,480105,1,2,3,23,1,4,21,12,6,1,0,48,1,12,401,12401,14,2004,1FMZU62K04ZA,1,F,M,Z,U,6,2,K,0,4,Z,A,0,P,FORD,EPR,UT,4,17,4304,,0,1137,,F,,0,0,000000000,00000000000,0,0,0,1,0,0,0,0,0,0,0,998,0,0,0,12,12,2,3,12,0,0,0,1,48,77081,0,0,0,0,0,0,999,999,0,0,0,0,0,0,0,0,0,0,39,0,0,0,2,4,40,1,1,1,1,3,3,1,17,1,1,1,88,0,1
48,480105,2,2,1,23,1,4,21,12,6,1,0,48,1,49,40,49040,4,1999,4T1BG22K5XU4,4,T,1,B,G,2,2,K,5,X,U,4,0,P,TOYT,UEX,4D,99,17,2998,,0,1051,,G,,0,0,000000000,00000000000,0,0,0,1,0,0,0,0,0,0,0,998,0,0,0,9,9,4,3,12,0,0,0,1,48,77449,6,1,0,0,3,0,999,999,0,0,0,0,0,0,0,0,0,0,0,0,0,0,2,4,40,1,1,1,1,3,3,1,66,1,1,1,89,1,0
48,480106,1,2,1,27,1,15,55,12,6,1,0,4,2,20,403,20403,14,2007,1GNDS13S4722,1,G,N,D,S,1,3,S,4,7,2,2,0,P,CHEV,TRL,UT,7,17,4356,,0,1130,,G,,0,0,000000000,00000000000,0,0,0,1,0,0,0,0,0,0,0,998,0,0,0,12,12,4,3,12,0,0,0,1,48,77022,6,2,0,0,3,1,999,999,0,0,0,0,0,0,0,0,0,0,0,0,0,0,1,4,35,1,1,1,1,3,3,1,62,7,1,2,69,0,0
48,480106,2,2,2,27,1,15,55,12,6,1,0,48,1,35,471,35471,30,1997,1N6SD11S4VC3,1,N,6,S,D,1,1,S,4,V,C,3,0,T,NISS,XES,PK,97,17,,1,0,1043,TRK,G,,0,0,000000000,00000000000,0,0,0,1,0,0,0,0,0,0,0,998,0,0,0,2,2,4,3,12,32,0,0,1,48,77016,6,1,0,0,3,0,999,999,0,0,0,0,0,0,0,0,0,0,38,0,0,0,1,4,35,1,1,1,1,3,3,11,15,1,1,1,68,1,0
48,480107,1,2,1,27,1,22,10,12,1,1,0,48,1,72,706,72706,80,2009,1HD1PV8169Y9,1,H,D,1,P,V,8,1,6,9,Y,9,0,M,HD,S3I,RS,9,17,,,,,,,1802,0,0,000000000,00000000000,0,0,0,1,0,0,0,0,0,0,0,998,0,0,0,12,12,9,2,12,0,0,0,1,48,77071,6,1,0,0,3,0,999,999,0,0,0,0,0,0,0,0,0,1,27,0,0,0,3,5,60,1,1,1,1,0,0,15,11,1,1,2,32,1,1
48,480107,2,2,2,27,1,22,10,12,1,1,0,48,1,37,31,37031,4,1996,1HGEJ8642TL0,1,H,G,E,J,8,6,4,2,T,L,0,0,P,HOND,UAX,4D,96,17,2505,,0,1032,,G,,0,0,000000000,00000000000,0,0,0,1,0,0,0,0,0,0,0,998,0,0,0,6,6,4,3,12,0,0,0,1,48,77071,6,1,0,0,3,0,999,999,0,0,0,0,0,0,0,0,0,0,0,0,0,0,3,5,60,1,1,1,1,0,0,1,60,1,1,1,32,0,0
48,480108,1,2,1,28,1,18,8,12,6,1,0,48,1,12,471,12471,30,2003,1FTYR10D43PB,1,F,T,Y,R,1,0,D,4,3,P,B,0,T,FORD,RNG,PK,3,17,,1,1175,1116,RNG,G,,0,0,000000000,00000000000,0,0,0,1,0,0,0,0,0,0,0,998,0,1,1,3,3,6,2,12,0,0,1,1,48,75087,6,1,6,0,3,0,999,999,0,0,0,0,0,0,0,0,0,1,0,0,0,0,1,2,60,1,2,8,6,0,0,1,6,1,4,2,66,1,0
48,480108,2,2,1,28,1,18,8,12,6,1,0,48,1,54,35,54035,4,2005,19UUA66255A0,1,9,U,U,A,6,6,2,5,5,A,0,0,P,ACUR,ATL,4D,5,17,3575,,0,1081,,G,,0,0,000000000,00000000000,0,0,0,1,0,0,0,0,0,0,0,998,0,0,0,12,12,6,2,12,0,0,1,1,48,75166,6,1,0,0,3,0,999,999,0,0,0,0,0,0,0,0,0,0,0,0,0,0,1,2,60,1,2,8,6,0,0,1,62,1,1,1,66,0,0
48,480109,1,1,5,29,1,13,0,30,0,1,0,48,1,23,481,23481,31,1997,1GTGK29J2VE5,1,G,T,G,K,2,9,J,2,V,E,5,0,T,GMC,SK2,PC,97,17,,2,1555,1415,SIE,G,,0,0,000000000,00000000000,0,0,0,1,0,0,0,0,0,0,0,998,0,0,0,99,99,9,1,30,0,0,0,1,48,79036,6,1,0,0,3,1,999,999,1,2,1,2,2,3,2007,11,2009,0,19,0,0,0,1,2,30,1,1,8,3,0,0,1,13,1,1,4,1,1,0
48,480110,1,2,1,29,1,9,0,12,6,1,0,48,2,20,481,20481,31,2009,1GBJC74KX9E1,1,G,B,J,C,7,4,K,X,9,E,1,0,T,CHEV,SC3,CC,9,17,,3,1615,1370,SIL,G,,0,0,000000000,00000000000,0,0,0,1,0,0,0,0,0,0,0,998,0,0,0,1,12,6,2,12,0,0,0,1,48,76849,6,1,0,0,3,0,999,999,0,0,0,0,0,0,0,0,0,0,33,0,0,0,1,2,60,1,3,8,2,0,0,6,54,6,1,4,64,0,0
48,480110,2,2,2,29,1,9,0,12,6,1,0,48,2,20,37,20037,4,2006,1G1ZT53806F1,1,G,1,Z,T,5,3,8,0,6,F,1,0,P,CHEV,MLT,4D,6,17,3316,,0,1063,,G,,0,0,000000000,00000000000,0,0,0,1,0,0,0,0,0,0,0,998,0,1,5,12,12,6,2,12,0,0,0,1,48,76854,6,1,0,0,3,0,999,999,0,0,0,0,0,0,0,0,0,0,0,0,0,0,1,2,60,1,4,8,2,0,0,1,54,7,1,4,65,1,0
48,480111,1,2,1,30,1,10,51,12,6,1,0,48,1,12,473,12473,30,2004,1FMZU67K64UB,1,F,M,Z,U,6,7,K,6,4,U,B,0,P,FORD,EPR,UT,4,17,4135,,0,1259,,F,,0,0,000000000,00000000000,0,0,0,1,0,0,0,0,0,0,0,998,0,0,0,2,2,6,2,12,0,0,0,1,48,78019,6,1,0,0,3,3,999,999,0,0,0,0,0,0,0,0,0,0,0,0,0,0,1,4,35,1,1,8,1,0,0,11,15,1,1,2,68,0,0
48,480111,2,2,1,30,1,10,51,12,6,1,0,48,2,76,705,76705,80,2007,JYARJ13E97A0,J,Y,A,R,J,1,3,E,9,7,A,0,0,M,YAMA,FHG,RS,7,17,,,,,,,600,0,0,000000000,00000000000,0,0,0,1,0,0,0,0,0,0,0,998,0,0,0,12,12,6,2,12,0,0,1,1,48,78019,6,1,0,0,2,3,999,999,0,0,0,0,0,0,0,0,0,1,0,0,0,0,1,4,35,1,1,8,1,0,0,1,15,1,1,1,69,1,0
48,480112,1,1,1,30,1,16,4,1,0,1,0,48,1,72,706,72706,80,2005,1HD1FVW115Y6,1,H,D,1,F,V,W,1,1,5,Y,6,0,M,HD,IUA,RS,5,17,,,,,,,1450,0,0,000000000,00000000000,0,0,0,1,0,0,0,0,0,0,0,998,0,0,0,0,0,2,3,1,0,0,0,1,48,79512,6,1,6,0,3,0,999,999,0,0,0,0,0,0,0,0,0,1,0,0,0,0,1,2,60,1,1,5,11,0,0,1,5,1,9,2,98,1,1
48,480113,1,2,1,20,1,10,3,12,6,1,0,48,2,20,481,20481,31,2002,1GCEC14W42Z1,1,G,C,E,C,1,4,W,4,2,Z,1,0,T,CHEV,SC1,PK,2,17,,2,1330,1190,SIL,G,,0,0,000000000,00000000000,0,0,0,1,0,0,0,0,0,0,0,998,0,0,0,1,1,4,3,12,0,0,0,1,48,76067,6,1,0,0,3,0,999,999,0,0,0,0,0,0,0,0,0,0,23,0,0,0,1,2,70,1,2,8,1,0,0,11,15,1,1,2,68,0,0
48,480113,2,2,2,20,1,10,3,12,6,1,0,48,1,20,481,20481,31,2009,1GCHK53679F1,1,G,C,H,K,5,3,6,7,9,F,1,0,T,CHEV,2K2,CW,9,17,,2,1670,1530,SIL,D,,0,0,000000000,00000000000,0,0,0,1,0,0,0,0,0,0,0,998,0,0,0,12,12,4,3,12,0,0,0,1,48,76067,6,1,0,0,3,0,999,999,0,0,0,0,0,0,0,0,0,0,0,0,0,0,1,2,70,1,2,8,1,0,0,1,66,1,1,1,69,1,0
48,480114,1,1,1,1,2,18,40,1,0,1,0,48,3,20,481,20481,31,1999,1GBGC34R0XR7,1,G,B,G,C,3,4,R,0,X,R,7,0,T,CHEV,GC3,CB,99,17,,2,1595,1315,GM4,G,,0,0,000000000,00000000000,0,0,0,1,0,0,0,0,0,0,0,998,0,2,1,0,0,6,2,1,0,0,0,1,48,78632,1,1,0,0,2,0,999,999,0,3,1,1,0,1,2008,11,2009,1,58,0,0,0,1,2,65,1,1,8,2,0,0,1,12,6,3,6,98,1,1
48,480115,1,1,1,1,2,5,20,31,0,1,0,48,1,20,36,20036,2,2005,2G1WX12K1593,2,G,1,W,X,1,2,K,1,5,9,3,0,P,CHEV,M/T,CP,5,17,3395,,0,1105,,G,,0,0,000000000,00000000000,0,0,0,1,0,0,0,0,0,0,0,998,0,1,5,7,7,2,3,31,0,0,0,1,48,77018,6,1,0,0,3,3,999,999,1,0,0,1,0,4,2008,10,2008,0,0,0,0,0,1,2,30,1,1,2,1,0,0,1,13,99,1,4,1,1,1
48,480116,1,1,9,2,2,5,36,1,0,1,0,48,5,20,421,20421,15,2005,1GNEC13T95R1,1,G,N,E,C,1,3,T,9,5,R,1,0,P,CHEV,CTA,UT,5,17,4975,,0,1160,,G,,0,0,000000000,00000000000,0,0,0,1,0,0,0,0,0,0,0,998,0,2,1,0,99,4,3,1,0,0,0,1,99,99999,9,9,99,0,9,9,999,999,99,99,99,99,99,99,9999,99,9999,1,37,0,0,0,1,2,55,1,1,5,1,0,0,3,6,3,3,3,98,2,0
48,480117,1,1,1,3,2,2,48,1,0,1,0,48,1,12,471,12471,30,2000,1FTYR10C2YPC,1,F,T,Y,R,1,0,C,2,Y,P,C,0,T,FORD,RNG,PK,0,17,,1,1175,1116,RNG,G,,0,0,000000000,00000000000,0,0,0,1,0,0,0,0,0,0,0,998,0,2,4,0,13,4,3,1,0,0,0,1,48,78223,6,1,0,0,3,0,999,999,3,0,0,0,0,4,2007,7,2008,1,0,0,0,0,3,3,60,1,2,9,2,0,0,16,12,99,4,4,7,1,1
48,480118,1,1,1,3,2,23,54,32,0,1,0,48,2,37,31,37031,2,2000,1HGEJ8142YL1,1,H,G,E,J,8,1,4,2,Y,L,1,0,P,HOND,UAX,CP,0,17,2513,,0,1032,,G,,0,0,000000000,00000000000,0,0,0,1,0,0,0,0,0,0,0,998,0,1,5,12,12,4,3,3,0,0,0,1,48,77327,6,1,0,0,3,0,999,999,0,1,0,0,0,2,2008,2,2008,0,0,0,0,0,1,2,98,1,1,9,2,0,0,1,13,1,1,4,1,1,0