STATE,ST_CASE,VEH_NO,VE_FORMS,NUMOCCS,DAY,MONTH,HOUR,MINUTE,HARM_EV,MAN_COLL,UNITTYPE,HIT_RUN,REG_STAT,OWNER,MAKE,MODEL,MAK_MOD,BODY_TYP,MOD_YEAR,VIN,VIN_1,VIN_2,VIN_3,VIN_4,VIN_5,VIN_6,VIN_7,VIN_8,VIN_9,VIN_10,VIN_11,VIN_12,TOW_VEH,VINTYPE,VINMAKE,VINA_MOD,VIN_BT,VINMODYR,VIN_LNGT,VIN_WGT,WGTCD_TR,WHLBS_LG,WHLBS_SH,SER_TR,FUELCODE,MCYCL_DS,J_KNIFE,MCARR_I1,MCARR_I2,MCARR_ID,GVWR,V_CONFIG,CARGO_BT,HAZ_INV,HAZ_PLAC,HAZ_ID,HAZ_CNO,HAZ_REL,BUS_USE,SPEC_USE,EMER_USE,TRAV_SP,UNDERIDE,ROLLOVER,ROLINLOC,IMPACT1,IMPACT2,DEFORMED,TOWED,M_HARM,VEH_SC1,VEH_SC2,FIRE_EXP,DR_PRES,L_STATE,DR_ZIP,L_STATUS,L_TYPE,CDL_STAT,L_ENDORS,L_COMPL,L_RESTRI,DR_HGT,DR_WGT,PREV_ACC,PREV_SUS,PREV_DWI,PREV_SPD,PREV_OTH,FIRST_MO,FIRST_YR,LAST_MO,LAST_YR,SPEEDREL,DR_SF1,DR_SF2,DR_SF3,DR_SF4,VTRAFWAY,VNUM_LAN,VSPD_LIM,VALIGN,VPROFILE,VPAVETYP,VSURCOND,VTRAFCON,VTCONT_F,P_CRASH1,P_CRASH2,P_CRASH3,PCRASH4,PCRASH5,ACC_TYPE,DEATHS,DR_DRINK
48,480119,1,2,1,3,2,11,1,12,6,1,0,48,3,7,482,7482,31,1998,3B7KF2666WM2,3,B,7,K,F,2,6,6,6,W,M,2,0,T,DODG,250,PK,98,17,,2,0,1347,RPC,D,,0,0,000000000,00000000000,0,0,0,1,0,0,0,0,0,0,0,998,0,0,0,12,12,4,3,12,0,0,0,1,48,79092,6,1,6,0,3,3,999,999,2,0,0,0,1,11,2007,4,2008,0,38,0,0,0,0,0,0,0,0,0,0,0,0,11,19,1,1,7,98,1,0
48,480119,2,2,1,3,2,11,1,12,6,1,0,48,3,85,881,85881,66,2008,1XKDD09X88R2,1,X,K,D,D,0,9,X,8,8,R,2,1,T,KW,T80,DS,8,17,,8,2600,1600,CON,D,,1,57,36501,5736501,3,6,4,1,0,0,0,0,0,0,0,998,0,0,0,1,1,4,3,12,0,0,0,1,48,79035,6,1,6,0,3,0,999,999,0,0,0,0,0,0,0,0,0,0,0,0,0,0,1,2,70,1,1,8,2,0,0,1,71,6,1,2,98,0,0
48,480120,1,1,4,4,2,18,0,1,0,1,0,48,1,20,431,20431,16,2003,1GNEC16Z13J2,1,G,N,E,C,1,6,Z,1,3,J,2,0,P,CHEV,C15,UT,3,17,4914,,0,1300,,F,,0,0,000000000,00000000000,0,0,0,1,0,0,0,0,0,0,0,998,0,1,3,0,0,6,2,1,0,0,0,1,48,77070,6,1,0,0,3,0,999,999,0,1,0,2,0,5,2008,1,2009,1,91,0,0,0,3,2,70,2,3,8,2,0,0,14,6,1,3,4,2,1,0
48,480121,1,2,1,4,2,23,48,12,6,1,0,48,2,20,421,20421,15,1999,1GNEK13R3XJ4,1,G,N,E,K,1,3,R,3,X,J,4,0,P,CHEV,KTA,UT,99,17,5268,,0,1175,,G,,0,0,000000000,00000000000,0,0,0,1,0,0,0,0,0,0,0,998,0,0,0,12,12,6,2,12,0,0,0,1,48,75137,6,1,0,0,3,0,999,999,0,13,0,0,1,8,2007,1,2010,1,37,35,91,0,1,2,45,2,1,8,2,0,0,6,10,1,1,2,73,0,1
48,480121,2,2,1,4,2,23,48,12,6,1,0,48,2,37,31,37031,4,1993,JHMEG8540PS0,J,H,M,E,G,8,5,4,0,P,S,0,0,P,HOND,CID,4D,93,17,2275,,0,1013,,G,,0,0,000000000,00000000000,0,0,0,1,0,0,0,0,0,0,0,998,0,0,0,9,9,6,2,12,0,0,0,1,48,75115,6,1,0,0,3,0,67,190,0,0,0,0,0,0,0,0,0,0,0,0,0,0,1,2,45,1,2,8,2,0,0,11,15,1,1,1,72,1,0
48,480122,1,1,99,4,2,0,49,8,0,1,1,99,9,37,31,37031,4,9999,999999999999,9,9,9,9,9,9,9,9,9,9,9,9,0,U,,,,9,17,,,,,,,,0,0,000000000,00000000000,0,0,0,1,0,0,0,0,99,99,9,999,0,0,0,12,99,9,1,8,99,99,0,1,99,99999,9,9,99,0,9,9,999,999,99,99,99,99,99,99,9999,99,9999,0,99,99,99,99,6,1,99,1,2,8,1,0,0,3,80,99,1,1,13,0,0
48,480123,1,2,1,4,2,7,1,12,1,1,0,48,3,98,804,98804,66,2005,5KKHAECV85PU,5,K,K,H,A,E,C,V,8,5,P,U,1,T,WSTR,49F,TM,5,17,,8,0,0,CNV,D,,1,57,816566,57816566,3,6,4,1,0,0,0,0,0,0,0,0,0,0,0,6,6,2,1,12,0,0,0,1,48,77659,6,1,6,0,3,3,999,999,0,0,0,1,0,6,2007,6,2007,0,0,0,0,0,1,2,65,1,1,8,2,98,3,5,53,1,1,1,21,0,0
48,480123,2,2,2,4,2,7,1,12,1,1,0,48,2,12,24,12024,6,2010,2FMDK3KC0ABA,2,F,M,D,K,3,K,C,0,A,B,A,0,P,FORD,EDG,UT,10,17,4078,,0,1112,,G,,0,0,000000000,00000000000,0,0,0,1,0,0,0,0,0,0,0,998,0,0,0,12,12,4,3,12,0,0,0,1,48,77365,6,1,0,0,3,3,999,999,0,0,0,0,0,0,0,0,0,1,39,0,0,0,1,2,65,1,1,8,2,98,3,1,50,1,1,1,20,1,0
48,480124,1,1,2,4,2,12,26,38,0,1,0,48,1,37,31,37031,2,1995,1HGEJ2220SL0,1,H,G,E,J,2,2,2,0,S,L,0,0,P,HOND,CID,CP,95,17,2168,,0,1032,,G,,0,0,000000000,00000000000,0,0,0,1,0,0,0,0,0,0,0,998,0,0,0,12,12,6,2,38,0,0,0,1,48,77306,6,1,0,0,3,0,999,999,1,1,0,0,1,11,2007,11,2007,1,0,0,0,0,1,2,35,1,1,8,2,0,0,1,13,1,2,4,2,1,0
48,480125,1,2,1,4,2,17,59,12,6,1,0,48,2,20,473,20473,30,2008,1GCCS13E2881,1,G,C,C,S,1,3,E,2,8,8,1,0,T,CHEV,RDO,CW,8,17,,1,0,1260,CAL,G,,0,0,000000000,00000000000,0,0,0,1,0,0,0,0,0,0,0,998,0,0,0,12,12,4,3,12,0,0,0,1,48,75929,6,1,0,0,3,0,999,999,0,0,0,3,2,11,2007,10,2009,1,91,0,0,0,1,4,50,1,2,8,2,0,0,16,6,1,2,2,64,0,0
48,480125,2,2,1,4,2,17,59,12,6,1,0,48,2,35,471,35471,30,1995,1N6SD16S4SC3,1,N,6,S,D,1,6,S,4,S,C,3,0,T,NISS,KXE,PC,95,17,,1,0,1161,TRK,G,,0,0,000000000,00000000000,0,0,0,1,0,0,0,0,0,0,0,998,0,0,0,11,11,6,2,12,0,0,0,1,48,75961,6,1,0,0,3,0,999,999,0,0,0,0,0,0,0,0,0,0,0,0,0,0,1,4,50,1,2,8,2,0,0,1,62,1,1,1,65,1,0
48,480126,1,2,2,4,2,9,25,12,6,1,0,48,1,52,37,52037,3,2001,4A3AC44G41E0,4,A,3,A,C,4,4,G,4,1,E,0,0,P,MITS,EGS,2H,1,17,2944,,0,1008,,G,,0,0,000000000,00000000000,0,0,0,1,0,0,0,0,0,0,0,998,0,0,0,3,3,6,2,12,0,0,0,1,48,79029,6,1,0,0,3,3,999,999,0,0,0,3,1,2,2008,12,2009,1,35,28,0,0,2,2,70,1,2,8,4,0,0,15,60,6,3,2,46,1,0
48,480126,2,2,1,4,2,9,25,12,6,1,0,93,2,87,881,87881,66,1996,1XP5DR9X4TD3,1,X,P,5,D,R,9,X,4,T,D,3,1,T,PTRB,379,DS,96,17,,8,0,0,CON,D,,1,57,1923435,571923435,3,6,8,1,0,0,0,0,0,0,0,998,0,0,0,12,12,2,1,12,0,0,0,1,48,79045,6,1,6,0,3,0,999,999,0,2,0,0,3,10,2007,10,2009,0,0,0,0,0,2,2,70,1,2,8,4,0,0,1,60,99,1,1,45,0,0
48,480127,1,2,1,4,2,2,14,12,8,1,0,48,1,55,38,55038,4,2002,KMHFU45E02A1,K,M,H,F,U,4,5,E,0,2,A,1,0,P,HYUN,XG5,4D,2,17,3651,,0,1083,,G,,0,0,000000000,00000000000,0,0,0,1,0,0,0,0,0,0,0,998,0,0,0,11,11,6,2,12,0,0,0,1,48,78704,6,1,0,0,3,0,999,999,0,0,0,0,0,0,0,0,0,0,28,0,0,0,1,4,65,1,1,8,2,0,0,1,10,1,1,2,64,0,1
48,480127,2,2,2,4,2,2,14,12,8,1,0,48,2,12,37,12037,2,2007,1FAFP31NX7W2,1,F,A,F,P,3,1,N,X,7,W,2,0,P,FORD,FMS,3P,7,17,2605,,0,1029,,G,,0,0,000000000,00000000000,0,0,0,1,0,0,0,0,0,0,0,998,0,0,0,11,11,6,2,12,0,0,0,1,48,78611,6,1,0,0,3,3,999,999,0,0,0,0,0,0,0,0,0,0,0,0,0,0,1,4,65,1,1,8,2,0,0,1,62,6,1,2,65,1,0
48,480128,1,1,1,5,2,2,45,42,0,1,0,0,0,98,739,98739,90,2009,000000000000,0,0,0,0,0,0,0,0,0,0,0,0,0,U,,,,,17,,,,,,,,0,0,000000000,00000000000,0,0,0,1,0,0,0,0,0,0,0,998,0,0,0,12,12,4,3,42,0,0,0,1,20,67062,6,1,0,0,3,3,70,204,1,0,0,0,0,12,2008,12,2008,0,0,0,0,0,1,2,60,2,2,8,2,0,0,14,13,1,1,4,1,1,1
48,480129,1,1,1,5,2,21,33,8,0,1,0,48,2,12,3,12003,2,1996,1FALP4046TF1,1,F,A,L,P,4,0,4,6,T,F,1,0,P,FORD,MUS,CP,96,17,3057,,0,1013,,G,,0,0,000000000,00000000000,0,0,0,1,0,0,0,0,0,0,0,998,0,0,0,12,12,9,2,8,0,0,0,1,48,77072,6,1,0,0,3,0,999,999,0,0,0,0,0,0,0,0,0,0,0,0,0,0,6,1,45,1,1,8,1,0,0,1,80,99,1,1,13,0,0
48,480130,1,1,1,5,2,14,40,42,0,1,0,48,1,49,32,49032,4,2009,1NXBU40E89Z0,1,N,X,B,U,4,0,E,8,9,Z,0,0,P,TOYT,CBL,4D,9,17,2723,,0,1024,,G,,0,0,000000000,00000000000,0,0,0,1,0,0,0,0,0,0,0,998,0,0,0,2,12,4,3,42,0,0,0,1,48,77478,6,1,0,0,3,3,999,999,0,0,0,0,0,0,0,0,0,0,0,0,0,0,3,4,35,2,1,1,1,0,0,14,9,1,9,4,7,1,0
48,480131,1,2,1,5,2,21,37,12,6,1,0,48,1,49,50,49050,3,2006,JTKDE1678600,J,T,K,D,E,1,6,7,8,6,0,0,0,P,TOYT,SXC,LB,6,17,2905,,0,1063,,G,,0,0,000000000,00000000000,0,0,0,1,0,0,0,0,0,0,0,998,0,0,0,12,12,4,3,12,0,0,0,1,48,77302,6,1,0,0,3,0,999,999,0,0,0,0,0,0,0,0,0,0,0,0,0,0,2,6,35,1,1,8,1,0,0,1,78,1,1,1,88,0,0
48,480131,2,2,1,5,2,21,37,12,6,1,0,48,1,21,17,21017,4,1994,1G3AG55M0R64,1,G,3,A,G,5,5,M,0,R,6,4,0,P,OLDS,CIS,4D,94,17,2818,,0,1049,,G,,0,0,000000000,00000000000,0,0,0,1,0,0,0,0,0,0,0,998,0,0,0,9,9,4,3,12,0,0,0,1,48,77026,6,1,0,0,3,3,999,999,0,0,0,0,0,0,0,0,0,0,38,0,0,0,0,0,0,0,0,0,0,0,0,3,17,1,1,7,89,1,0
48,480132,1,2,2,6,2,2,33,12,6,1,0,48,2,37,32,37032,4,1989,1HGCA5536KA0,1,H,G,C,A,5,5,3,6,K,A,0,0,P,HOND,ALX,4D,89,17,2504,,0,1024,,G,,0,0,000000000,00000000000,0,0,0,1,0,0,0,0,0,0,0,998,0,0,0,5,5,6,2,12,0,0,0,1,48,76549,6,1,0,0,3,0,999,999,0,0,0,0,0,0,0,0,0,0,58,0,0,0,2,4,55,1,1,2,1,98,3,1,8,6,4,6,64,1,1
48,480132,2,2,6,6,2,2,33,12,6,1,0,8,1,23,472,23472,30,2006,1GKDT13S9622,1,G,K,D,T,1,3,S,9,6,2,2,0,T,GMC,ENV,4W,6,17,,1,0,1130,ENV,G,,0,0,000000000,00000000000,0,0,0,1,0,0,0,0,0,0,0,998,0,0,0,12,12,6,2,12,0,0,0,1,8,76549,6,1,0,0,3,0,63,130,0,0,0,0,0,0,0,0,0,0,0,0,0,0,2,4,55,1,2,2,1,98,3,1,62,1,1,1,65,0,0
48,480133,1,2,2,6,2,13,14,12,6,1,0,48,2,23,481,23481,31,2004,2GTEC13T2413,2,G,T,E,C,1,3,T,2,4,1,3,0,T,GMC,NC1,CW,4,17,,2,0,1435,SIE,G,,0,0,000000000,00000000000,0,0,0,1,0,0,0,0,0,0,0,998,0,0,0,12,12,4,3,12,0,0,0,1,48,78061,6,1,6,0,3,0,999,999,0,0,0,0,0,0,0,0,0,0,0,0,0,0,1,2,45,1,1,8,1,0,0,1,62,7,1,4,69,0,0
48,480133,2,2,1,6,2,13,14,12,6,1,0,92,0,37,709,37709,80,2005,9C2ME09065R0,9,C,2,M,E,0,9,0,6,5,R,0,0,M,HOND,23F,EN,5,17,,,,,,,223,0,0,000000000,00000000000,0,0,0,1,0,0,0,0,0,0,0,998,0,0,0,3,99,9,2,12,0,0,0,1,48,78057,6,2,0,0,3,3,999,999,0,0,0,0,0,0,0,0,0,1,51,0,0,0,1,2,99,1,1,8,1,20,3,11,6,1,4,4,68,1,0
48,480134,1,2,1,6,2,15,0,12,2,1,0,48,1,7,482,7482,31,2004,1D7HU18D44J1,1,D,7,H,U,1,8,D,4,4,J,1,0,T,DODG,SQ1,CW,4,17,,2,1605,1405,RPC,G,,0,0,000000000,00000000000,0,0,0,1,0,0,0,0,0,0,0,998,0,0,0,12,12,6,2,12,0,0,0,1,48,75693,0,0,0,0,0,0,999,999,0,2,0,0,0,4,2007,4,2007,0,92,0,0,0,1,4,50,1,1,8,1,0,0,1,10,7,9,2,50,0,0
48,480134,2,2,2,6,2,15,0,12,2,1,0,48,1,20,2,20002,4,2007,2G1WT55K0793,2,G,1,W,T,5,5,K,0,7,9,3,0,P,CHEV,IMT,4D,7,17,3674,,0,1105,,F,,0,0,000000000,00000000000,0,0,0,1,0,0,0,0,0,0,0,998,0,0,0,12,12,6,2,12,0,0,0,1,48,75771,6,1,0,0,3,3,999,999,0,0,0,0,0,0,0,0,0,0,0,0,0,0,1,4,50,1,1,8,1,0,0,1,62,4,1,1,51,1,0
48,480135,1,2,1,6,2,12,30,12,6,1,0,48,1,6,52,6052,6,2006,3A4FY48B76T2,3,A,4,F,Y,4,8,B,7,6,T,2,0,P,CHRY,PTC,SV,6,17,3018,,0,1030,,G,,0,0,000000000,00000000000,0,0,0,1,0,0,0,0,0,0,0,998,0,0,0,9,9,4,3,12,0,0,0,1,48,76705,6,1,0,0,3,3,999,999,0,0,0,0,0,0,0,0,0,0,39,0,0,0,1,2,99,1,1,8,1,20,3,1,17,1,1,1,89,1,0
48,480135,2,2,1,6,2,12,30,12,6,1,0,48,2,20,421,20421,15,2000,1GNEC13T3YJ1,1,G,N,E,C,1,3,T,3,Y,J,1,0,P,CHEV,CTA,UT,0,17,4419,,0,1160,,G,,0,0,000000000,00000000000,0,0,0,1,0,0,0,0,0,0,0,998,0,0,0,12,12,4,3,12,0,0,0,1,48,76712,6,1,0,0,3,0,999,999,0,0,0,0,0,0,0,0,0,0,0,0,0,0,1,2,70,1,1,8,1,0,0,1,66,1,1,1,88,0,0
48,480136,1,1,2,7,2,1,40,8,0,1,1,48,2,14,21,14021,4,2006,3MEFM08Z76R6,3,M,E,F,M,0,8,Z,7,6,R,6,0,P,MERC,MPR,4D,6,17,3117,,0,1074,,G,,0,0,000000000,00000000000,0,0,0,1,0,0,0,0,0,0,0,998,0,0,0,12,12,4,1,8,0,0,0,1,48,75063,6,1,0,0,3,0,999,999,0,0,0,0,0,0,0,0,0,0,0,0,0,0,3,5,60,1,1,8,1,0,0,1,99,99,1,1,13,0,0
48,480137,1,1,1,7,2,22,5,8,0,1,0,48,1,12,24,12024,6,2007,2FMDK39C87BA,2,F,M,D,K,3,9,C,8,7,B,A,0,P,FORD,EDG,UT,7,17,4073,,0,1112,,G,,0,0,000000000,00000000000,0,0,0,1,0,0,0,0,0,0,0,998,0,0,0,12,12,4,3,8,0,0,0,1,48,77469,6,1,0,0,3,0,999,999,0,0,0,0,0,0,0,0,0,0,0,0,0,0,1,2,65,1,1,8,1,0,0,1,80,1,1,1,13,0,0
48,480138,1,1,1,8,2,4,58,24,0,1,0,48,1,12,401,12401,14,1997,1FMDU32X3VUB,1,F,M,D,U,3,2,X,3,V,U,B,0,P,FORD,EPR,UT,97,17,3939,,0,1115,,G,,0,0,000000000,00000000000,0,0,0,1,0,0,0,0,0,0,0,998,0,1,5,99,99,6,2,24,0,0,0,1,48,78244,6,1,0,0,3,3,999,999,0,0,0,0,0,0,0,0,0,1,39,0,0,0,3,9,65,1,2,8,2,40,3,16,6,99,3,4,2,1,1
48,480139,1,2,1,8,2,18,30,12,2,1,0,22,3,84,881,84881,66,2005,1HSHWAHN45J0,1,H,S,H,W,A,H,N,4,5,J,0,1,T,INTL,860,DS,5,17,,7,0,0,80S,D,,1,57,00324244,5700324244,3,6,1,1,0,0,0,0,0,0,0,998,0,0,0,12,12,6,2,12,0,0,0,1,22,71106,6,1,6,0,3,3,68,210,0,0,0,0,0,0,0,0,0,0,51,0,0,0,1,2,60,1,1,8,6,0,0,1,10,99,1,2,50,0,0
48,480139,2,2,1,8,2,18,30,12,2,1,0,48,1,63,402,63402,14,2008,KNDJD735X858,K,N,D,J,D,7,3,5,X,8,5,8,0,P,KIA,SOR,UT,8,17,4068,,0,1067,,G,,0,0,000000000,00000000000,0,0,0,1,0,0,0,0,0,0,0,998,0,0,0,12,12,6,2,12,0,0,0,1,48,75672,6,1,0,0,3,0,999,999,0,0,0,0,0,0,0,0,0,0,0,0,0,0,1,2,60,1,1,8,6,0,0,1,62,99,1,1,51,1,0
48,480140,1,1,2,9,2,4,0,35,0,1,0,48,2,12,481,12481,31,2010,1FTEW1C85AKA,1,F,T,E,W,1,C,8,5,A,K,A,0,T,FORD,F1S,CW,10,17,,2,1570,1450,COF,G,,0,0,000000000,00000000000,0,0,0,1,0,0,0,0,0,0,0,998,0,1,5,12,12,4,3,35,0,0,0,1,48,77338,0,0,0,0,0,0,999,999,0,10,0,0,0,2,2007,11,2008,1,91,0,0,0,2,3,35,2,1,1,1,0,0,14,13,99,1,4,5,1,1
48,480141,1,1,2,10,2,3,30,31,0,1,0,48,2,22,18,22018,4,2000,1G2NF52T2YC5,1,G,2,N,F,5,2,T,2,Y,C,5,0,P,PONT,SE1,4D,0,17,3116,,0,1070,,G,,0,0,000000000,00000000000,0,0,0,1,0,0,0,0,0,0,0,998,0,1,5,9,0,6,2,1,0,0,0,1,48,79083,6,1,0,0,3,3,999,999,0,0,0,0,0,0,0,0,0,1,0,0,0,0,1,2,60,2,2,8,1,0,0,14,6,7,2,4,7,1,1
48,480142,1,2,1,10,2,17,55,12,8,1,0,48,3,12,471,12471,30,1996,1FTCR10A9TUD,1,F,T,C,R,1,0,A,9,T,U,D,0,T,FORD,RNG,PK,96,17,,1,1140,1080,RNG,G,,0,0,000000000,00000000000,0,0,0,1,0,0,0,0,0,0,0,998,0,1,1,11,11,6,2,12,0,0,0,1,48,76877,6,1,0,0,3,0,999,999,0,0,0,1,0,8,2007,8,2007,0,51,0,0,0,1,2,70,1,1,8,1,0,0,1,10,99,1,2,64,1,0
48,480142,2,2,1,10,2,17,55,12,8,1,0,47,1,87,881,87881,66,1994,1XP5DR9X8RN3,1,X,P,5,D,R,9,X,8,R,N,3,1,T,PTRB,379,DS,94,17,,8,0,0,CON,D,,1,57,01867242,5701867242,3,6,3,1,0,0,0,0,0,0,0,998,0,0,0,9,0,2,1,12,0,0,0,1,47,37380,6,1,0,0,3,3,71,215,0,0,0,0,0,0,0,0,0,0,0,0,0,0,1,2,70,1,1,8,1,0,0,1,62,99,1,1,65,0,0
48,480143,1,2,1,11,2,2,26,12,6,1,0,48,1,7,482,7482,31,2003,1D7HA18N03S1,1,D,7,H,A,1,8,N,0,3,S,1,0,T,DODG,SQ1,CW,3,17,,2,1605,1405,RPC,G,,0,0,000000000,00000000000,0,0,0,1,0,0,0,0,0,0,0,998,0,0,0,12,3,4,3,12,0,0,0,1,48,77429,6,1,0,0,3,3,999,999,0,0,0,0,0,0,0,0,0,0,91,23,0,0,2,6,40,1,1,8,2,0,0,1,62,1,1,1,69,0,1
48,480143,2,2,2,11,2,2,26,12,6,1,0,48,1,7,20,7020,4,2002,1B3ES56C22D6,1,B,3,E,S,5,6,C,2,2,D,6,0,P,DODG,ESN,4D,2,17,2662,,0,1050,,G,,0,0,000000000,00000000000,0,0,0,1,0,0,0,0,0,0,0,998,0,0,0,3,12,6,2,12,0,0,0,1,48,77064,6,1,0,0,3,3,999,999,0,0,0,0,0,0,0,0,0,0,0,0,0,0,2,6,40,1,1,8,2,0,0,11,10,1,1,2,68,1,1
48,480144,1,2,4,14,2,4,20,12,6,1,0,22,2,41,50,41050,4,2004,1YVFP80C145N,1,Y,V,F,P,8,0,C,1,4,5,N,0,P,MAZD,M6I,4D,4,17,3045,,0,1053,,G,,0,0,000000000,00000000000,0,0,0,1,0,0,0,0,0,0,0,0,0,0,0,9,9,6,2,12,0,0,0,1,22,71118,6,1,0,0,3,0,71,185,0,0,0,0,1,7,2009,7,2009,0,54,0,0,0,3,3,60,1,2,8,1,0,0,1,8,1,4,2,48,1,0
48,480144,2,2,1,14,2,4,20,12,6,1,1,48,1,20,421,20421,15,2004,1GNCS13X54K1,1,G,N,C,S,1,3,X,5,4,K,1,0,P,CHEV,BZR,UT,4,17,3792,,0,1070,,G,,0,0,000000000,00000000000,0,0,0,1,0,0,0,0,0,0,0,998,0,0,0,12,12,6,2,12,0,0,0,1,48,75060,0,0,0,0,0,0,999,999,0,0,0,0,0,0,0,0,0,0,91,0,0,0,3,3,60,1,2,8,1,0,0,1,50,1,1,1,48,0,0
48,480145,1,1,1,14,2,13,6,35,0,1,0,48,1,20,421,20421,15,2000,1GNCS18W3YK2,1,G,N,C,S,1,8,W,3,Y,K,2,0,P,CHEV,BZR,UT,0,17,3518,,0,1005,,G,,0,0,000000000,00000000000,0,0,0,1,0,0,0,0,0,0,0,998,0,1,5,81,81,4,3,1,0,0,0,1,48,75964,4,1,0,0,2,0,999,999,0,0,0,0,0,0,0,0,0,1,58,0,0,0,1,2,55,2,2,8,1,0,0,14,6,6,4,4,4,1,0
48,480146,1,1,1,15,2,23,38,8,0,1,0,48,2,49,32,49032,4,2001,1NXBR12E31Z4,1,N,X,B,R,1,2,E,3,1,Z,4,0,P,TOYT,UCS,4D,1,17,2410,,0,970,,G,,0,0,000000000,00000000000,0,0,0,1,0,0,0,0,0,0,0,998,0,0,0,12,12,4,3,8,0,0,0,1,48,76534,6,1,0,0,3,0,999,999,0,0,0,0,0,0,0,0,0,0,0,0,0,0,1,2,65,1,1,8,1,0,0,1,13,1,1,4,13,0,0
48,480147,1,2,1,15,2,17,3,1,0,1,0,48,1,51,46,51046,4,2007,YV1MS3825723,Y,V,1,M,S,3,8,2,5,7,2,3,0,P,VOLV,S42,4D,7,17,3223,,0,1039,,G,,0,0,000000000,00000000000,0,0,0,1,0,0,0,0,0,0,0,998,0,0,0,3,3,4,3,12,0,0,0,1,48,75241,6,1,0,0,3,3,999,999,1,0,0,0,0,3,2008,3,2008,0,38,0,0,0,2,6,45,2,3,1,1,0,0,11,15,1,1,1,98,0,0
48,480147,2,2,1,15,2,17,3,1,0,1,0,48,2,76,705,76705,80,1997,JYA4LEE09VA0,J,Y,A,4,L,E,E,0,9,V,A,0,0,M,YAMA,YF7,RS,97,17,,,,,,,749,0,0,000000000,00000000000,0,0,0,1,0,0,0,0,0,0,0,998,0,0,0,0,81,9,2,12,0,0,0,1,48,75217,0,0,0,0,0,0,72,228,0,14,1,0,1,4,2008,8,2009,0,0,0,0,0,2,6,45,3,3,1,1,0,0,14,62,98,1,1,15,1,1
48,480148,1,1,15,16,2,5,0,1,0,1,1,48,3,49,482,49482,31,2010,5TFRY5F11AX0,5,T,F,R,Y,5,F,1,1,A,X,0,0,T,TOYT,DBS,CW,10,17,,2,0,1457,TUN,G,,0,0,000000000,00000000000,0,0,0,1,0,0,0,0,0,0,0,998,0,1,3,0,0,4,3,1,0,0,0,1,48,77244,0,0,0,0,0,0,999,999,0,0,0,0,0,0,0,0,0,1,91,0,0,0,2,4,65,1,1,8,98,0,0,1,12,1,1,4,6,1,0
48,480149,1,1,1,16,2,21,46,8,0,1,0,48,1,63,401,63401,14,2009,KNDJF7247975,K,N,D,J,F,7,2,4,7,9,7,5,0,P,KIA,SPO,UT,9,17,3230,,0,1035,,G,,0,0,000000000,00000000000,0,0,0,1,0,0,0,0,0,0,0,998,0,0,0,12,12,4,3,8,0,0,0,1,48,78754,6,1,0,0,3,0,999,999,0,0,0,0,0,0,0,0,0,0,0,0,0,0,4,4,50,3,2,8,1,0,0,14,80,1,1,1,13,0,0
48,480150,1,3,1,17,2,19,15,57,0,1,0,93,3,87,881,87881,66,2006,1XP5DB9X26D8,1,X,P,5,D,B,9,X,2,6,D,8,1,T,PTRB,379,DS,6,17,,8,0,0,CON,D,,1,48,05138411C,4805138411C,3,6,97,1,0,0,0,0,0,0,0,998,7,0,0,12,12,6,2,57,0,0,1,1,48,78121,6,1,6,0,3,3,999,999,0,0,0,0,5,9,2007,7,2009,0,0,0,0,0,3,4,65,1,1,8,1,0,0,15,12,1,1,4,6,0,0
48,480150,2,3,2,17,2,19,15,57,0,1,0,48,2,49,404,49404,14,2007,JTEBU11F0700,J,T,E,B,U,1,1,F,0,7,0,0,0,P,TOYT,FJC,UT,7,17,4290,,0,1063,,G,,0,0,000000000,00000000000,0,0,0,1,0,0,0,0,0,0,0,998,0,0,0,10,10,6,2,12,0,0,1,1,48,77583,6,1,0,0,3,0,999,999,0,0,0,0,0,0,0,0,0,0,0,0,0,0,3,4,65,1,1,8,1,0,0,1,62,1,1,1,98,2,0
48,480150,3,3,1,17,2,19,15,57,0,1,0,48,1,20,481,20481,31,1999,1GCGK29U1XE2,1,G,C,G,K,2,9,U,1,X,E,2,0,T,CHEV,SK2,3C,99,17,,2,1575,1435,SIL,G,,0,0,000000000,00000000000,0,0,0,1,0,0,0,0,0,0,0,998,0,0,0,12,12,6,2,12,0,0,1,1,48,77964,6,1,0,0,3,3,999,999,0,0,0,0,0,0,0,0,0,0,0,0,0,0,3,4,65,1,1,8,1,0,0,1,62,99,1,1,98,1,0
48,480151,1,1,21,17,2,16,35,5,0,1,0,48,3,84,981,84981,50,1981,4DRBUSKN4BB2,4,D,R,B,U,S,K,N,4,B,B,2,0,U,,,,,17,,,,,,,,0,88,888888888,88888888888,3,21,22,1,0,0,0,0,1,0,0,998,0,0,0,0,0,0,3,5,0,0,0,1,48,75042,6,1,6,1,3,3,999,999,0,0,0,0,0,0,0,0,0,0,0,0,0,0,2,3,35,1,2,8,1,0,0,1,98,4,1,1,0,1,0