STATE,ST_CASE,VEH_NO,VE_FORMS,NUMOCCS,DAY,MONTH,HOUR,MINUTE,HARM_EV,MAN_COLL,UNITTYPE,HIT_RUN,REG_STAT,OWNER,MAKE,MODEL,MAK_MOD,BODY_TYP,MOD_YEAR,VIN,VIN_1,VIN_2,VIN_3,VIN_4,VIN_5,VIN_6,VIN_7,VIN_8,VIN_9,VIN_10,VIN_11,VIN_12,TOW_VEH,VINTYPE,VINMAKE,VINA_MOD,VIN_BT,VINMODYR,VIN_LNGT,VIN_WGT,WGTCD_TR,WHLBS_LG,WHLBS_SH,SER_TR,FUELCODE,MCYCL_DS,J_KNIFE,MCARR_I1,MCARR_I2,MCARR_ID,GVWR,V_CONFIG,CARGO_BT,HAZ_INV,HAZ_PLAC,HAZ_ID,HAZ_CNO,HAZ_REL,BUS_USE,SPEC_USE,EMER_USE,TRAV_SP,UNDERIDE,ROLLOVER,ROLINLOC,IMPACT1,IMPACT2,DEFORMED,TOWED,M_HARM,VEH_SC1,VEH_SC2,FIRE_EXP,DR_PRES,L_STATE,DR_ZIP,L_STATUS,L_TYPE,CDL_STAT,L_ENDORS,L_COMPL,L_RESTRI,DR_HGT,DR_WGT,PREV_ACC,PREV_SUS,PREV_DWI,PREV_SPD,PREV_OTH,FIRST_MO,FIRST_YR,LAST_MO,LAST_YR,SPEEDREL,DR_SF1,DR_SF2,DR_SF3,DR_SF4,VTRAFWAY,VNUM_LAN,VSPD_LIM,VALIGN,VPROFILE,VPAVETYP,VSURCOND,VTRAFCON,VTCONT_F,P_CRASH1,P_CRASH2,P_CRASH3,PCRASH4,PCRASH5,ACC_TYPE,DEATHS,DR_DRINK
48,480185,8,9,1,17,2,6,44,12,8,1,0,48,1,49,51,49051,4,2007,JTDBT9232711,J,T,D,B,T,9,2,3,2,7,1,1,0,P,TOYT,YAR,4D,7,17,2288,,0,969,,G,,0,0,000000000,00000000000,0,0,0,1,0,0,0,0,0,0,0,998,0,0,0,12,12,6,2,12,0,0,0,1,48,77517,6,1,0,0,3,3,999,999,0,3,0,0,0,12,2008,12,2008,0,0,0,0,0,1,4,55,1,1,8,1,0,0,1,52,1,1,1,98,0,0
48,480185,9,9,1,17,2,6,44,12,8,1,0,48,1,37,402,37402,14,2007,JHLRE38387C0,J,H,L,R,E,3,8,3,8,7,C,0,0,P,HOND,CRV,UT,7,17,3389,,0,1031,,G,,0,0,000000000,00000000000,0,0,0,1,0,0,0,0,0,0,0,998,0,0,0,12,12,4,3,12,0,0,0,1,48,77581,6,1,0,0,3,0,999,999,0,0,0,0,0,0,0,0,0,0,0,0,0,0,1,4,55,1,1,8,1,0,0,1,62,1,1,1,98,0,0
48,480186,1,2,2,23,2,11,47,12,6,1,0,48,2,12,481,12481,31,2003,1FTNF21P93ED,1,F,T,N,F,2,1,P,9,3,E,D,0,T,FORD,F2S,PK,3,17,,2,0,1370,SRW,D,,0,0,000000000,00000000000,0,0,0,1,0,0,0,0,0,0,0,998,0,0,0,12,12,4,3,12,0,0,0,1,48,75433,6,1,0,0,3,3,999,999,0,0,0,0,0,0,0,0,0,0,0,0,0,0,1,2,70,1,1,8,3,0,0,1,62,7,1,4,65,0,0
48,480186,2,2,1,23,2,11,47,12,6,1,0,48,2,6,51,6051,4,2005,2C3AA53G05H6,2,C,3,A,A,5,3,G,0,5,H,6,0,P,CHRY,3TR,4D,5,17,3675,,0,1200,,G,,0,0,000000000,00000000000,0,0,0,1,0,0,0,0,0,0,0,998,0,0,0,9,9,6,2,12,0,0,0,1,48,75602,6,1,0,0,3,3,999,999,0,0,0,1,0,4,2007,4,2007,1,28,51,0,0,1,2,70,1,1,8,3,0,0,1,10,1,3,4,64,1,0
48,480187,1,2,1,25,2,18,45,12,2,1,0,48,3,23,481,23481,31,2006,1GTHC23U16F1,1,G,T,H,C,2,3,U,1,6,F,1,0,T,GMC,2CH,CW,6,17,,2,1670,1530,SIE,G,,0,0,000000000,00000000000,0,0,0,1,0,0,0,0,0,0,0,998,0,0,0,12,12,4,3,12,0,0,0,1,48,75661,6,1,0,0,3,0,999,999,0,0,0,0,0,0,0,0,0,0,51,28,0,0,1,2,60,2,2,8,1,0,0,14,10,1,1,2,50,0,1
48,480187,2,2,1,25,2,18,45,12,2,1,0,48,2,7,442,7442,20,1999,1B4GP44G6XB8,1,B,4,G,P,4,4,G,6,X,B,8,0,P,DODG,CAR,SV,99,17,3856,,0,1193,,F,,0,0,000000000,00000000000,0,0,0,1,0,0,0,0,0,0,0,998,0,0,0,12,12,4,3,12,0,0,0,1,48,75657,6,1,6,0,3,0,999,999,0,0,0,0,0,0,0,0,0,0,0,0,0,0,1,2,60,3,2,8,1,0,0,14,62,1,1,1,51,1,0
48,480188,1,2,1,26,2,9,24,12,6,1,0,48,1,20,481,20481,31,2003,1GCHK23U63F2,1,G,C,H,K,2,3,U,6,3,F,2,0,T,CHEV,2KH,CW,3,17,,2,1670,1530,SIL,G,,0,0,000000000,00000000000,0,0,0,1,0,0,0,0,0,0,0,998,0,0,0,8,8,6,2,12,0,0,0,1,48,75561,1,1,0,0,2,3,999,999,0,1,0,0,0,11,2008,11,2008,0,0,0,0,0,1,4,70,1,2,8,2,0,0,1,62,1,1,1,65,0,0
48,480188,2,2,2,26,2,9,24,12,6,1,0,48,1,6,43,6043,4,2007,1C3LC46K47N6,1,C,3,L,C,4,6,K,4,7,N,6,0,P,CHRY,SEB,4D,7,17,3201,,0,1089,,G,,0,0,000000000,00000000000,0,0,0,1,0,0,0,0,0,0,0,998,0,0,0,12,12,6,2,12,0,0,0,1,48,75455,6,1,0,0,3,0,999,999,1,0,0,0,0,10,2007,10,2007,1,28,0,0,0,1,4,70,1,2,8,2,0,0,1,6,1,4,2,64,2,0
48,480189,1,1,2,2,1,2,30,42,0,1,0,48,1,12,3,12003,2,2000,1FAFP45X6YF2,1,F,A,F,P,4,5,X,6,Y,F,2,0,P,FORD,MGT,CV,0,17,3379,,0,1013,,G,,0,0,000000000,00000000000,0,0,0,1,0,0,0,0,0,0,0,78,0,0,0,12,12,6,2,42,0,0,0,1,48,77546,6,1,0,0,3,0,999,999,0,0,0,1,0,3,2008,3,2008,1,0,0,0,0,2,4,35,3,1,8,1,0,0,14,12,1,1,4,6,1,1
48,480190,1,1,1,7,1,3,0,14,0,1,0,48,1,12,481,12481,31,2007,1FTRF12217KC,1,F,T,R,F,1,2,2,1,7,K,C,0,T,FORD,F15,PK,7,17,,2,1450,1260,COF,G,,0,0,000000000,00000000000,0,0,0,1,0,0,0,0,0,0,0,998,0,0,0,12,12,6,2,14,0,0,0,1,48,77493,6,1,0,0,3,3,999,999,0,0,0,2,0,2,2008,11,2009,0,0,0,0,0,3,4,60,1,1,8,1,0,0,1,13,1,1,4,1,1,1
48,480191,1,2,2,8,1,20,23,12,6,1,0,48,1,52,472,52472,31,2008,1Z7HC28K18S6,1,Z,7,H,C,2,8,K,1,8,S,6,0,T,MITS,RLS,CW,8,17,,2,0,1313,RAI,G,,0,0,000000000,00000000000,0,0,0,1,0,0,0,0,0,0,0,998,0,0,0,12,12,4,3,12,0,0,0,1,48,77520,6,1,6,0,3,3,999,999,0,0,0,0,0,0,0,0,0,0,0,0,0,0,5,4,55,1,1,8,1,0,0,1,64,1,4,1,65,0,0
48,480191,2,2,1,8,1,20,23,12,6,1,0,48,1,35,48,35048,2,2009,JN1AZ44E19M4,J,N,1,A,Z,4,4,E,1,9,M,4,0,P,NISS,370,CP,9,17,3232,,0,1004,,G,,0,0,000000000,00000000000,0,0,0,1,0,0,0,0,0,0,0,998,0,0,0,2,2,4,3,12,0,0,0,1,48,77520,6,1,0,0,3,3,999,999,0,0,0,0,0,0,0,0,0,1,28,48,0,0,5,4,55,1,1,8,1,0,0,16,9,1,4,6,64,1,0
48,480192,1,1,1,20,1,0,40,33,0,1,0,35,1,58,37,58037,2,2006,JNKCV54E56M7,J,N,K,C,V,5,4,E,5,6,M,7,0,P,INFI,G35,CP,6,17,3505,,0,1122,,G,,0,0,000000000,00000000000,0,0,0,1,0,0,0,0,0,0,0,998,0,0,0,14,12,4,3,39,0,0,0,1,35,88210,6,1,0,0,3,0,70,155,98,0,0,0,0,0,0,0,0,0,0,0,0,0,6,1,99,1,2,8,2,3,3,1,17,1,1,4,1,1,1
48,480193,1,2,1,27,1,17,19,43,0,1,0,48,1,23,471,23471,30,1991,1GTCS14Z7M85,1,G,T,C,S,1,4,Z,7,M,8,5,0,T,GMC,SON,PK,91,17,,1,1179,1083,SON,G,,0,0,000000000,00000000000,0,0,0,1,0,0,0,0,0,0,0,998,0,0,0,12,9,6,2,12,0,0,0,1,48,77515,6,1,0,0,3,3,999,999,0,0,0,0,0,0,0,0,0,1,0,0,0,0,5,4,55,1,1,8,1,0,0,1,13,1,1,4,1,1,1
48,480193,2,2,1,27,1,17,19,43,0,1,0,48,1,35,43,35043,4,2003,3N1AB51A03L7,3,N,1,A,B,5,1,A,0,3,L,7,0,P,NISS,SSL,4D,3,17,2582,,0,998,,G,,0,0,000000000,00000000000,0,0,0,1,0,0,0,0,0,0,0,998,0,0,0,12,12,6,2,12,0,0,0,1,48,77515,6,1,7,0,3,0,999,999,0,0,0,0,0,0,0,0,0,0,0,0,0,0,5,4,55,1,1,8,1,0,0,1,62,1,1,1,98,0,0
48,480194,1,1,2,29,1,19,53,42,0,1,0,48,2,20,23,20023,6,2006,3GNDA23P76S5,3,G,N,D,A,2,3,P,7,6,S,5,0,P,CHEV,HHR,UT,6,17,3155,,0,1035,,G,,0,0,000000000,00000000000,0,0,0,1,0,0,0,0,0,0,0,998,0,0,0,12,12,4,3,42,0,0,0,1,48,75972,6,1,0,0,3,0,999,999,1,1,0,1,0,5,2007,1,2010,0,58,0,0,0,1,3,65,2,1,8,2,0,0,14,12,1,1,4,6,1,0
48,480195,1,1,1,4,2,8,55,21,0,1,0,48,2,14,401,14401,14,2001,4M2ZU86P61UJ,4,M,2,Z,U,8,6,P,6,1,U,J,0,P,MERC,MOU,UT,1,17,4250,,0,1116,,G,,0,0,000000000,00000000000,0,0,0,1,0,0,0,0,0,0,0,998,0,0,0,9,9,6,2,21,0,0,0,1,48,75212,0,0,0,0,0,0,65,172,0,0,0,0,0,0,0,0,0,1,0,0,0,0,1,2,45,4,1,8,2,98,3,14,6,99,3,4,2,1,0
48,480196,1,2,1,5,2,10,55,8,0,1,0,48,1,20,421,20421,15,2005,1GNEC13TX5J1,1,G,N,E,C,1,3,T,X,5,J,1,0,P,CHEV,CTA,UT,5,17,4975,,0,1160,,G,,0,0,000000000,00000000000,0,0,0,1,0,0,0,0,0,0,0,998,0,0,0,12,12,4,3,8,0,0,0,1,48,76248,6,1,0,0,3,0,999,999,0,0,0,2,0,8,2009,8,2009,0,0,0,0,0,2,6,45,1,1,8,1,0,0,1,80,1,1,1,13,0,0
48,480196,2,2,0,5,2,10,55,8,0,1,0,48,6,7,482,7482,31,2002,1D7HA18N52S7,1,D,7,H,A,1,8,N,5,2,S,7,0,T,DODG,Q15,CW,2,17,,2,1605,1405,RPC,G,,0,0,000000000,00000000000,0,0,0,1,0,0,0,0,0,0,0,0,0,0,0,6,6,2,3,12,0,0,0,0,,,,,,,,,999,,,,,,,,,,,,54,0,0,0,2,6,45,1,1,8,1,0,0,0,98,0,0,0,98,0,0
48,480197,1,1,2,6,2,3,12,31,0,1,0,31,2,20,421,20421,15,1999,1GNEK13R1XJ5,1,G,N,E,K,1,3,R,1,X,J,5,0,P,CHEV,KTA,UT,99,17,5268,,0,1175,,G,,0,0,000000000,00000000000,0,0,0,1,0,0,0,0,0,0,0,998,0,9,1,99,99,4,3,1,0,0,0,1,31,69334,6,1,0,0,3,0,63,220,0,0,0,0,0,0,0,0,0,0,27,28,0,0,3,5,65,1,1,8,1,98,3,15,8,99,9,2,15,1,0
48,480198,1,2,5,7,2,2,55,12,6,1,0,48,2,14,17,14017,4,1993,1MELM5343PA6,1,M,E,L,M,5,3,4,3,P,A,6,0,P,MERC,SLS,4D,93,17,3186,,0,1060,,G,,0,0,000000000,00000000000,0,0,0,1,0,0,0,0,0,0,0,998,0,0,0,5,5,4,3,12,0,0,0,1,48,75203,6,1,0,0,3,0,999,999,0,0,0,0,0,0,0,0,0,0,39,0,0,0,2,2,99,1,1,8,1,20,3,11,15,1,1,1,76,1,1
48,480198,2,2,3,7,2,2,55,12,6,1,0,48,1,23,421,23421,15,2003,1GKEC13V03R2,1,G,K,E,C,1,3,V,0,3,R,2,0,T,GMC,YUK,4W,3,17,,2,0,1160,YUK,G,,0,0,000000000,00000000000,0,0,0,1,0,0,0,0,0,0,0,998,0,0,0,12,12,4,3,12,0,0,0,1,48,75217,6,1,0,0,3,3,999,999,0,0,0,3,0,9,2009,9,2009,0,0,0,0,0,2,6,40,2,2,8,1,0,0,14,70,99,1,1,77,0,0
48,480199,1,1,1,10,2,22,41,14,0,1,0,48,2,54,35,54035,4,1999,19UUA5646XA0,1,9,U,U,A,5,6,4,6,X,A,0,0,P,ACUR,32T,4D,99,17,3447,,0,1081,,G,,0,0,000000000,00000000000,0,0,0,1,0,0,0,0,0,0,0,998,0,0,0,81,12,6,2,42,0,0,0,1,48,77708,0,0,0,0,0,0,73,165,0,0,0,0,0,0,0,0,0,1,37,0,0,0,1,2,40,1,1,8,1,0,0,1,13,99,1,4,1,1,0
48,480200,1,2,1,11,2,19,25,12,1,1,0,48,1,35,43,35043,4,1991,1N4EB31B8MC7,1,N,4,E,B,3,1,B,8,M,C,7,0,P,NISS,SEN,4D,91,17,2219,,0,956,,G,,0,0,000000000,00000000000,0,0,0,1,0,0,0,0,0,0,0,998,0,0,0,12,12,4,3,12,0,0,0,1,48,77060,6,1,0,0,3,3,999,999,0,0,0,0,0,0,0,0,0,0,0,0,0,0,1,4,45,1,2,8,2,0,0,1,50,1,1,1,32,1,0
48,480200,2,2,0,11,2,19,25,12,1,1,0,48,6,20,431,20431,16,1999,3GNEC16R1XG1,3,G,N,E,C,1,6,R,1,X,G,1,0,P,CHEV,C15,UT,99,17,4825,,0,1315,,G,,0,0,000000000,00000000000,0,0,0,1,0,0,0,0,0,0,0,0,0,0,0,6,6,2,3,12,0,0,0,0,,,,,,,,,999,,,,,,,,,,,,20,0,0,0,1,4,45,1,2,8,2,0,0,0,98,0,0,0,32,0,0
48,480201,1,1,1,12,2,23,31,1,0,1,0,48,1,7,482,7482,31,2005,3D7KS28C45G8,3,D,7,K,S,2,8,C,4,5,G,8,0,T,DODG,SQ2,CW,5,17,,2,1605,1405,RPC,D,,0,0,000000000,00000000000,0,0,0,1,0,0,0,0,0,0,0,85,0,2,5,0,13,6,2,1,0,0,0,1,48,76450,6,1,0,0,3,3,999,999,0,0,0,2,0,10,2007,4,2009,1,87,58,0,0,1,2,65,1,2,8,4,0,0,1,6,7,3,4,2,1,0
48,480202,1,3,6,13,2,20,55,12,7,1,0,48,2,20,481,20481,31,2003,2GCEK19N8313,2,G,C,E,K,1,9,N,8,3,1,3,0,T,CHEV,SK1,4C,3,17,,2,1575,1435,SIL,G,,0,0,000000000,00000000000,0,0,0,1,0,0,0,0,0,0,0,101,0,0,0,62,82,4,3,8,0,0,0,1,48,75220,6,1,0,0,3,0,999,999,0,0,0,0,0,0,0,0,0,1,58,0,0,0,2,3,35,1,1,8,2,0,0,15,10,1,1,2,47,0,1
48,480202,2,3,5,13,2,20,55,12,7,1,0,48,2,12,442,12442,20,1999,2FMZA5149XBA,2,F,M,Z,A,5,1,4,9,X,B,A,0,T,FORD,WLX,ES,99,17,,1,0,1207,WIN,G,,0,0,000000000,00000000000,0,0,0,1,0,0,0,0,0,0,0,998,0,0,0,83,83,2,3,12,0,0,0,1,48,75229,0,0,0,0,0,0,999,999,0,0,0,0,0,0,0,0,0,0,0,0,0,0,1,3,35,1,1,8,2,0,0,1,61,1,1,1,45,0,0
48,480202,3,3,1,13,2,20,55,12,7,1,0,48,1,37,31,37031,4,2007,1HGFA16807L1,1,H,G,F,A,1,6,8,0,7,L,1,0,P,HOND,UAX,4D,7,17,2807,,0,1063,,G,,0,0,000000000,00000000000,0,0,0,1,0,0,0,0,0,0,0,998,0,0,0,18,18,2,1,54,0,0,0,1,48,75220,6,1,0,0,3,3,999,999,0,0,0,0,0,0,0,0,0,0,0,0,0,0,2,3,35,1,1,8,2,0,0,1,90,1,1,1,98,0,0
48,480203,1,2,4,14,2,14,29,12,6,1,0,48,2,12,481,12481,31,1997,1FTDX1763VNC,1,F,T,D,X,1,7,6,3,V,N,C,0,T,FORD,F15,3C,97,17,,1,1570,1390,COF,G,,0,0,000000000,00000000000,0,0,0,1,0,0,0,0,0,0,0,998,0,0,0,9,9,2,3,12,0,0,0,1,48,77320,3,1,0,0,2,2,999,999,0,0,0,0,0,0,0,0,0,0,74,0,0,0,1,2,98,1,1,8,1,0,0,1,62,9,1,1,65,0,0
48,480203,2,2,1,14,2,14,29,12,6,1,0,48,1,72,706,72706,80,2007,1HD1CZ3477K4,1,H,D,1,C,Z,3,4,7,7,K,4,0,M,HD,XLN,RS,7,17,,,,,,,1199,0,0,000000000,00000000000,0,0,0,1,0,0,0,0,0,0,0,998,0,0,0,12,12,4,3,1,0,0,0,1,48,77320,6,1,0,0,3,0,999,999,1,1,0,0,0,8,2008,12,2008,0,28,0,0,0,1,2,98,1,1,8,1,0,0,1,10,1,1,2,64,1,0
48,480204,1,2,1,17,2,18,16,12,6,1,0,48,2,87,881,87881,66,1990,1XP5DB9X1LD2,1,X,P,5,D,B,9,X,1,L,D,2,1,T,PTRB,379,DS,90,17,,8,0,0,CON,D,,1,57,1282114,571282114,3,6,3,1,0,0,0,0,0,0,0,998,0,0,0,12,12,4,3,12,0,0,0,1,48,78002,6,1,6,0,3,0,999,999,0,0,0,0,0,0,0,0,0,0,0,0,0,0,1,2,70,1,1,8,1,0,0,1,62,9,1,1,69,0,0
48,480204,2,2,1,17,2,18,16,12,6,1,0,48,1,12,481,12481,31,2005,1FTWW31P05EB,1,F,T,W,W,3,1,P,0,5,E,B,0,T,FORD,F3S,CW,5,17,,3,1724,1562,SRW,D,,0,0,000000000,00000000000,0,0,0,1,0,0,0,0,0,0,0,998,0,0,0,2,2,6,2,12,0,0,0,1,48,78016,6,1,6,0,3,0,999,999,0,0,0,0,0,0,0,0,0,0,38,0,0,0,1,2,70,1,1,8,1,0,0,11,15,1,1,1,68,1,0
48,480205,1,1,1,20,2,1,0,38,0,1,0,48,1,12,481,12481,31,2000,1FTRX08L1YKA,1,F,T,R,X,0,8,L,1,Y,K,A,0,T,FORD,F15,4C,0,17,,2,0,1388,COF,G,,0,0,000000000,00000000000,0,0,0,1,0,0,0,0,0,0,0,998,0,1,6,99,6,4,3,1,0,0,0,1,48,78028,6,1,6,0,3,0,999,999,1,0,0,1,0,3,2007,9,2008,1,0,0,0,0,1,2,45,3,2,8,1,0,0,14,13,1,4,4,7,1,1
48,480206,1,1,1,23,2,6,40,8,0,1,0,48,1,20,20,20020,4,1990,2G1WL54TXL12,2,G,1,W,L,5,4,T,X,L,1,2,0,P,CHEV,LUM,4D,90,17,3042,,0,1075,,G,,0,0,000000000,00000000000,0,0,0,1,0,0,0,0,0,0,0,998,0,0,0,12,12,9,1,8,0,0,0,1,48,77093,6,1,0,0,3,0,999,999,0,0,0,0,0,0,0,0,0,0,86,0,0,0,1,2,40,1,2,8,1,0,0,1,80,1,1,1,13,0,0
48,480207,1,1,1,25,2,23,40,38,0,1,0,48,1,20,404,20404,14,2006,2CNDL63F0660,2,C,N,D,L,6,3,F,0,6,6,0,0,P,CHEV,EQU,UT,6,17,3777,,0,1125,,G,,0,0,000000000,00000000000,0,0,0,1,0,0,0,0,0,0,0,998,0,0,0,12,3,6,2,42,0,0,0,1,48,78132,6,1,0,0,3,0,999,999,0,0,0,0,0,0,0,0,0,1,0,0,0,0,1,2,30,1,2,8,1,0,0,1,12,1,4,4,7,1,1
48,480208,1,1,1,25,2,21,10,8,0,1,0,48,1,12,17,12017,4,1998,1FAFP52U3WG1,1,F,A,F,P,5,2,U,3,W,G,1,0,P,FORD,TLS,4D,98,17,3359,,0,1085,,G,,0,0,000000000,00000000000,0,0,0,1,0,0,0,0,0,0,0,998,0,0,0,12,12,4,3,8,0,0,0,1,48,78582,6,1,0,0,3,3,999,999,0,0,0,0,0,0,0,0,0,0,0,0,0,0,2,4,65,1,2,8,1,0,0,1,80,1,1,5,13,0,0
48,480209,1,3,2,27,2,18,34,12,1,1,0,48,1,76,706,76706,80,2002,JYAVP11EX2A0,J,Y,A,V,P,1,1,E,X,2,A,0,0,M,YAMA,XVA,RS,2,17,,,,,,,1063,0,0,000000000,00000000000,0,0,0,1,0,0,0,0,0,0,0,998,0,0,0,12,12,9,3,12,0,0,0,1,48,76040,6,1,0,0,3,0,999,999,0,0,0,0,0,0,0,0,0,0,26,0,0,0,2,6,40,1,1,8,1,0,0,1,50,1,1,1,20,1,0
48,480209,2,3,1,27,2,18,34,12,1,1,0,48,2,12,481,12481,31,1993,1FTCF15N8PKA,1,F,T,C,F,1,5,N,8,P,K,A,0,T,FORD,F15,PK,93,17,,1,1330,1170,COF,G,,0,0,000000000,00000000000,0,0,0,1,0,0,0,0,0,0,0,0,0,0,0,6,6,2,1,12,0,0,0,1,96,75220,9,9,99,0,9,9,999,999,99,99,99,99,99,99,9999,99,9999,0,0,0,0,0,2,6,40,1,1,8,1,0,0,5,53,1,1,1,21,0,0
48,480209,3,3,99,27,2,18,34,12,1,1,1,99,9,99,999,99999,99,9999,999999999999,9,9,9,9,9,9,9,9,9,9,9,9,9,U,,,,9,17,,,,,,,,0,99,999999999,99999999999,9,99,99,1,0,0,0,0,99,99,9,999,0,0,0,14,14,9,1,99,99,99,0,1,99,99999,9,9,99,9,9,9,999,999,99,99,99,99,99,99,9999,99,9999,0,0,0,0,0,2,6,40,1,1,8,1,0,0,1,60,1,1,1,98,0,0
48,480210,1,1,2,27,2,14,1,42,0,1,0,48,2,2,404,2404,14,1996,1J4EZ78Y9TC1,1,J,4,E,Z,7,8,Y,9,T,C,1,0,T,JEEP,LMT,4W,96,17,,1,0,1059,GCK,G,,0,0,000000000,00000000000,0,0,0,1,0,0,0,0,0,0,0,998,0,0,0,11,11,4,3,42,0,0,0,1,48,78016,1,1,1,0,2,0,999,999,0,4,1,0,0,1,2008,6,2009,1,58,0,0,0,1,2,60,2,1,4,1,0,0,14,12,9,1,4,6,1,1
48,480211,1,2,2,28,2,3,30,12,2,1,0,48,2,37,31,37031,4,2007,1HGFA16597L0,1,H,G,F,A,1,6,5,9,7,L,0,0,P,HOND,UCL,4D,7,17,2751,,0,1063,,G,,0,0,000000000,00000000000,0,0,0,1,0,0,0,0,0,0,0,998,0,0,0,12,12,6,2,12,0,0,0,1,48,78741,6,1,0,0,3,3,67,185,0,0,0,0,0,0,0,0,0,0,28,0,0,0,1,2,65,1,1,8,1,0,0,1,10,1,1,2,50,2,1
48,480211,2,2,1,28,2,3,30,12,2,1,0,93,3,85,881,85881,66,1999,1XKTD69X6XJ7,1,X,K,T,D,6,9,X,6,X,J,7,1,T,KW,T20,DS,99,17,,8,2600,1900,CON,D,,1,57,01773148,5701773148,3,6,1,1,0,0,0,0,0,0,0,998,0,0,0,12,12,6,2,12,0,0,0,1,48,79924,6,1,6,0,3,3,999,999,0,0,0,0,1,10,2008,10,2008,0,0,0,0,0,1,2,65,1,1,8,1,0,0,1,62,1,1,1,51,0,0
48,480212,1,2,1,1,1,5,25,8,0,1,0,28,1,7,24,7024,4,2007,2B3KA53H37H8,2,B,3,K,A,5,3,H,3,7,H,8,0,P,DODG,CHR,4D,7,17,3976,,0,1200,,G,,0,0,000000000,00000000000,0,0,0,1,0,0,0,0,0,0,0,998,0,0,0,12,12,4,3,8,0,0,0,1,48,77396,6,1,0,0,3,3,999,999,0,0,0,0,0,0,0,0,0,1,91,0,0,0,3,4,60,1,1,8,1,0,0,1,80,99,1,1,13,0,1
48,480212,2,2,1,1,1,5,25,8,0,1,0,48,2,20,2,20002,4,2000,2G1WH55K1Y91,2,G,1,W,H,5,5,K,1,Y,9,1,0,P,CHEV,IPL,4D,0,17,3466,,0,1110,,G,,0,0,000000000,00000000000,0,0,0,1,0,0,0,0,0,0,0,0,0,0,0,8,8,4,3,12,0,0,0,1,48,77049,6,1,0,0,3,0,999,999,0,0,0,0,0,0,0,0,0,0,54,0,0,0,3,4,60,1,1,8,1,0,0,0,98,0,0,0,98,0,0
48,480213,1,1,1,5,1,18,11,8,0,1,0,48,1,20,404,20404,14,2005,2CNDL63F6560,2,C,N,D,L,6,3,F,6,5,6,0,0,P,CHEV,EQU,UT,5,17,3660,,0,1125,,G,,0,0,000000000,00000000000,0,0,0,1,0,0,0,0,0,0,0,998,0,0,0,12,12,4,8,8,0,0,0,1,48,76667,6,1,0,0,3,0,999,999,0,0,0,0,0,0,0,0,0,0,0,0,0,0,5,4,35,1,1,8,1,0,0,1,80,1,1,1,13,0,0
48,480214,1,1,2,16,1,18,29,8,0,1,0,48,1,20,431,20431,16,2001,3GNEC16T11G2,3,G,N,E,C,1,6,T,1,1,G,2,0,P,CHEV,C15,UT,1,17,4914,,0,1300,,G,,0,0,000000000,00000000000,0,0,0,1,0,0,0,0,0,0,0,998,0,0,0,12,12,4,3,8,0,0,0,1,48,75789,6,1,0,0,3,3,999,999,0,0,0,0,0,0,0,0,0,0,0,0,0,0,1,2,65,1,1,8,1,0,0,1,80,1,1,1,13,0,0
48,480215,1,2,1,18,1,11,18,12,8,1,0,48,1,85,881,85881,66,1996,1XKADB9X2TR6,1,X,K,A,D,B,9,X,2,T,R,6,1,T,KW,T60,DS,96,17,,8,0,0,CON,D,,1,57,1058705,571058705,3,6,8,1,0,0,0,0,0,0,0,998,0,0,0,11,11,4,3,12,0,0,0,1,48,76033,6,1,6,0,3,0,999,999,0,0,0,0,2,8,2008,8,2009,0,0,0,0,0,1,2,65,2,1,8,1,0,0,14,62,7,1,3,65,0,0
48,480215,2,2,1,18,1,11,18,12,8,1,0,48,2,37,31,37031,4,2001,JHMES26771S0,J,H,M,E,S,2,6,7,7,1,S,0,0,P,HOND,UAX,4D,1,17,2615,,0,1031,,G,,0,0,000000000,00000000000,0,0,0,1,0,0,0,0,0,0,0,998,0,0,0,11,11,4,3,12,0,0,0,1,48,76009,6,1,0,0,3,3,999,999,0,0,0,0,0,0,0,0,0,0,51,0,0,0,1,2,65,3,1,8,1,0,0,14,10,1,1,2,64,1,0
48,480216,1,2,2,23,1,2,26,12,1,1,0,48,1,23,401,23401,14,1994,1GKCS13W1R05,1,G,K,C,S,1,3,W,1,R,0,5,0,T,GMC,SJI,4W,94,17,,1,0,1070,S15,G,,0,0,000000000,00000000000,0,0,0,1,0,0,0,0,0,0,0,998,0,0,0,12,82,4,3,12,0,0,0,1,48,77039,6,1,0,0,3,0,999,999,0,1,0,0,1,2,2007,9,2007,1,91,0,0,0,2,6,45,1,1,8,1,0,0,1,50,1,1,1,20,1,1
48,480216,2,2,1,23,1,2,26,12,1,1,0,48,1,51,881,51881,66,1996,4V4WDBRH7TN7,4,V,4,W,D,B,R,H,7,T,N,7,1,T,VOLV,WIA,DS,96,17,,8,0,0,ARO,D,,1,57,1933418,571933418,3,6,3,1,0,0,0,0,0,0,0,0,0,0,0,6,6,2,3,12,0,0,0,1,48,77026,6,1,6,0,3,0,999,999,1,0,0,0,1,6,2007,4,2008,0,54,23,0,0,2,6,45,1,1,8,1,0,0,5,53,1,1,1,21,0,0