STATE,ST_CASE,VEH_NO,VE_FORMS,NUMOCCS,DAY,MONTH,HOUR,MINUTE,HARM_EV,MAN_COLL,UNITTYPE,HIT_RUN,REG_STAT,OWNER,MAKE,MODEL,MAK_MOD,BODY_TYP,MOD_YEAR,VIN,VIN_1,VIN_2,VIN_3,VIN_4,VIN_5,VIN_6,VIN_7,VIN_8,VIN_9,VIN_10,VIN_11,VIN_12,TOW_VEH,VINTYPE,VINMAKE,VINA_MOD,VIN_BT,VINMODYR,VIN_LNGT,VIN_WGT,WGTCD_TR,WHLBS_LG,WHLBS_SH,SER_TR,FUELCODE,MCYCL_DS,J_KNIFE,MCARR_I1,MCARR_I2,MCARR_ID,GVWR,V_CONFIG,CARGO_BT,HAZ_INV,HAZ_PLAC,HAZ_ID,HAZ_CNO,HAZ_REL,BUS_USE,SPEC_USE,EMER_USE,TRAV_SP,UNDERIDE,ROLLOVER,ROLINLOC,IMPACT1,IMPACT2,DEFORMED,TOWED,M_HARM,VEH_SC1,VEH_SC2,FIRE_EXP,DR_PRES,L_STATE,DR_ZIP,L_STATUS,L_TYPE,CDL_STAT,L_ENDORS,L_COMPL,L_RESTRI,DR_HGT,DR_WGT,PREV_ACC,PREV_SUS,PREV_DWI,PREV_SPD,PREV_OTH,FIRST_MO,FIRST_YR,LAST_MO,LAST_YR,SPEEDREL,DR_SF1,DR_SF2,DR_SF3,DR_SF4,VTRAFWAY,VNUM_LAN,VSPD_LIM,VALIGN,VPROFILE,VPAVETYP,VSURCOND,VTRAFCON,VTCONT_F,P_CRASH1,P_CRASH2,P_CRASH3,PCRASH4,PCRASH5,ACC_TYPE,DEATHS,DR_DRINK
48,480251,2,2,1,5,2,10,20,12,2,1,0,48,2,12,37,12037,4,2005,3FAFP37N35R1,3,F,A,F,P,3,7,N,3,5,R,1,0,P,FORD,FX5,5D,5,17,2729,,0,1030,,G,,0,0,000000000,00000000000,0,0,0,1,0,0,0,0,0,0,0,998,0,0,0,12,12,6,2,12,0,0,0,1,48,75567,6,1,0,0,3,0,999,999,0,0,0,0,0,0,0,0,0,0,48,0,0,0,1,2,70,1,1,8,1,0,0,11,10,1,1,1,68,1,0
48,480252,1,2,1,5,2,10,39,12,2,1,0,48,1,7,482,7482,31,1999,1B7KF236XXJ5,1,B,7,K,F,2,3,6,X,X,J,5,0,T,DODG,Q25,4C,99,17,,2,1547,1387,RPC,D,,0,0,000000000,00000000000,0,0,0,1,0,0,0,0,0,0,0,998,0,0,0,12,12,2,3,12,0,0,0,1,48,79567,6,1,6,0,3,3,999,999,0,0,0,0,0,0,0,0,0,0,0,0,0,0,5,4,35,1,1,8,1,0,0,2,62,1,1,1,51,0,0
48,480252,2,2,2,5,2,10,39,12,2,1,0,48,1,34,34,34034,2,1987,WBAAB5407H98,W,B,A,A,B,5,4,0,7,H,9,8,0,P,BMW,5/E,2D,87,17,2765,,0,1012,,G,,0,0,000000000,00000000000,0,0,0,1,0,0,0,0,0,0,0,998,0,0,0,12,12,6,2,12,0,0,0,1,48,76866,6,1,0,0,3,3,999,999,0,0,0,0,0,0,0,0,0,1,28,0,0,0,5,4,35,1,1,8,1,0,0,1,10,1,1,2,50,1,1
48,480253,1,1,1,6,2,0,14,24,0,1,0,48,1,20,403,20403,14,2004,1GNES16S6461,1,G,N,E,S,1,6,S,6,4,6,1,0,P,CHEV,TRL,UT,4,17,4773,,0,1290,,G,,0,0,000000000,00000000000,0,0,0,1,0,0,0,0,0,0,0,998,0,0,0,9,10,6,2,42,0,0,0,1,48,76557,6,1,0,0,3,0,999,999,0,0,0,0,0,0,0,0,0,1,0,0,0,0,1,2,60,2,1,8,1,0,0,14,6,7,9,4,2,1,1
48,480254,1,1,99,7,2,4,44,8,0,1,1,99,9,99,999,99999,99,9999,999999999999,9,9,9,9,9,9,9,9,9,9,9,9,9,U,,,,9,17,,,,,,,,0,99,999999999,99999999999,9,99,99,1,0,0,0,0,99,99,9,999,0,0,0,12,99,9,1,8,99,99,0,1,99,99999,9,9,99,9,9,9,999,999,99,99,99,99,99,99,9999,99,9999,0,0,0,0,0,6,2,55,1,1,8,1,0,0,1,80,1,1,1,13,0,0
48,480255,1,1,1,11,2,6,30,8,0,1,0,48,1,12,402,12402,14,2001,1FMYU04101KB,1,F,M,Y,U,0,4,1,0,1,K,B,0,P,FORD,SPE,UT,1,17,3186,,0,1031,,G,,0,0,000000000,00000000000,0,0,0,1,0,0,0,0,0,0,0,998,0,0,0,12,12,2,3,8,0,0,0,1,48,77087,6,1,0,0,3,3,999,999,0,0,0,0,0,0,0,0,0,0,0,0,0,0,1,4,35,1,1,1,2,0,0,1,80,1,1,1,13,0,0
48,480256,1,2,4,11,2,21,24,12,6,1,0,48,1,7,402,7402,14,2000,1B4HR28Z1YF2,1,B,4,H,R,2,8,Z,1,Y,F,2,0,P,DODG,DUR,UT,0,17,4225,,0,1159,,G,,0,0,000000000,00000000000,0,0,0,1,0,0,0,0,0,0,0,998,0,0,0,9,9,4,3,12,0,0,0,1,48,78660,6,1,0,0,3,2,999,999,0,0,0,0,0,0,0,0,0,0,39,74,0,0,1,2,98,1,2,8,2,3,3,1,17,1,1,1,89,1,0
48,480256,2,2,1,11,2,21,24,12,6,1,0,48,1,37,421,37421,15,2008,5FNYF28258B0,5,F,N,Y,F,2,8,2,5,8,B,0,0,P,HOND,PIL,UT,8,17,4264,,0,1063,,G,,0,0,000000000,00000000000,0,0,0,1,0,0,0,0,0,0,0,998,0,0,0,12,12,4,3,12,0,0,0,1,48,78634,6,1,0,0,3,3,999,999,0,0,0,0,0,0,0,0,0,0,0,0,0,0,1,2,98,1,2,8,2,0,0,1,66,1,1,1,88,0,0
48,480257,1,1,2,14,2,17,15,5,0,1,0,48,1,49,43,49043,4,2006,4T1BK36B76U1,4,T,1,B,K,3,6,B,7,6,U,1,0,P,TOYT,UTS,4D,6,17,3490,,0,1071,,G,,0,0,000000000,00000000000,0,0,0,1,0,0,0,0,0,0,0,998,0,0,0,0,0,2,1,5,0,0,0,1,48,78201,6,1,0,0,3,3,999,999,0,0,0,0,0,0,0,0,0,0,0,0,0,0,1,2,35,1,1,8,1,0,0,3,98,2,1,1,0,1,0
48,480258,1,2,1,15,2,16,30,12,1,1,0,48,2,7,482,7482,31,1995,3B7KC23C2SM1,3,B,7,K,C,2,3,C,2,S,M,1,0,T,DODG,250,PC,95,17,,2,1547,1387,RPC,D,,0,0,000000000,00000000000,0,0,0,1,0,0,0,0,0,0,0,998,0,0,0,12,12,2,1,12,0,0,0,1,48,77082,6,1,0,0,3,3,999,999,0,0,0,0,0,0,0,0,0,1,0,0,0,0,4,3,45,1,1,1,1,0,0,1,51,1,1,1,24,0,0
48,480258,2,2,1,15,2,16,30,12,1,1,0,48,1,20,481,20481,31,1997,1GCEC14MXVZ1,1,G,C,E,C,1,4,M,X,V,Z,1,0,T,CHEV,GC1,PK,97,17,,2,1315,1175,GM4,G,,0,0,000000000,00000000000,0,0,0,1,0,0,0,0,0,0,0,998,0,0,0,6,6,2,1,12,0,0,0,1,48,77511,6,1,0,0,3,3,999,999,0,0,0,0,0,0,0,0,0,0,0,0,0,0,4,3,45,1,1,1,1,0,0,1,53,1,1,1,25,1,0
48,480259,1,1,1,18,2,22,13,8,0,1,0,48,2,41,35,41035,4,1994,JM1BG2262R07,J,M,1,B,G,2,2,6,2,R,0,7,0,P,MAZD,PLX,4D,94,17,2540,,0,984,,G,,0,0,000000000,00000000000,0,0,0,1,0,0,0,0,0,0,0,998,0,0,0,12,12,2,3,8,0,0,0,1,48,78040,6,1,0,0,3,3,999,999,0,0,0,0,0,0,0,0,0,0,0,0,0,0,1,2,30,1,1,8,2,0,0,1,80,1,1,1,13,0,0
48,480260,1,2,1,20,2,12,5,12,11,1,0,48,1,85,881,85881,66,2001,1XKTD69X01J8,1,X,K,T,D,6,9,X,0,1,J,8,1,T,KW,T20,DS,1,17,,8,2600,1900,CON,D,,1,57,213641,57213641,3,6,1,1,0,0,0,0,0,0,0,998,0,0,0,7,7,2,3,12,0,0,0,1,48,76065,6,1,6,0,3,0,999,999,0,0,0,0,3,10,2007,7,2008,0,0,0,0,0,3,3,60,1,1,8,1,0,0,98,98,1,1,5,48,0,0
48,480260,2,2,3,20,2,12,5,12,11,1,0,48,2,21,23,21023,4,1999,1G3WX52H1XF3,1,G,3,W,X,5,2,H,1,X,F,3,0,P,OLDS,ILS,4D,99,17,3434,,0,1090,,G,,0,0,000000000,00000000000,0,0,0,1,0,0,0,0,0,0,0,998,0,0,0,3,3,6,2,12,0,0,0,1,48,75042,0,0,0,0,0,0,999,999,0,11,0,1,0,9,2007,12,2009,1,91,92,0,0,3,3,60,1,1,8,1,0,0,98,8,1,4,4,48,2,1
48,480261,1,1,1,26,2,3,11,42,0,1,0,22,2,49,442,49442,20,1998,4T3ZF13C9WU0,4,T,3,Z,F,1,3,C,9,W,U,0,0,P,TOYT,SIE,SV,98,17,3825,,0,1142,,G,,0,0,000000000,00000000000,0,0,0,1,0,0,0,0,0,0,0,998,0,0,0,12,12,9,2,42,0,0,0,1,48,77630,6,1,0,0,3,0,999,999,0,1,0,0,0,1,2009,1,2009,1,0,0,0,0,2,2,30,1,1,8,1,0,0,1,12,1,1,4,6,1,0
48,480262,1,2,1,26,2,14,3,12,6,1,0,48,1,14,4,14004,2,1993,1MEPM6248PH6,1,M,E,P,M,6,2,4,8,P,H,6,0,P,MERC,XR7,2D,93,17,3800,,0,1130,,G,,0,0,000000000,00000000000,0,0,0,1,0,0,0,0,0,0,0,998,0,0,0,9,9,4,3,12,0,0,0,1,48,79403,6,1,0,0,3,3,999,999,0,0,0,0,0,0,0,0,0,0,39,0,0,0,1,2,99,1,1,8,1,20,3,1,17,1,1,1,89,1,0
48,480262,2,2,3,26,2,14,3,12,6,1,0,48,2,30,40,30040,4,2009,3VWRM71K99M0,3,V,W,R,M,7,1,K,9,9,M,0,0,P,VOLK,JSE,4D,9,17,3230,,0,1015,,G,,0,0,000000000,00000000000,0,0,0,1,0,0,0,0,0,0,0,998,0,0,0,12,12,4,3,12,0,0,0,1,48,75075,6,1,0,0,3,0,999,999,0,0,0,0,0,0,0,0,0,0,0,0,0,0,2,4,70,1,1,8,1,0,0,1,66,1,1,1,88,0,0
48,480263,1,1,2,28,2,4,0,52,0,1,0,48,3,12,481,12481,31,2009,1FTWW31R39EA,1,F,T,W,W,3,1,R,3,9,E,A,0,T,FORD,F3S,CW,9,17,,3,1720,1560,SRW,D,,0,0,000000000,00000000000,0,0,0,1,0,0,0,0,0,0,0,998,0,1,5,12,0,6,2,1,0,0,0,1,48,77904,6,1,6,0,3,3,999,999,0,0,0,0,0,0,0,0,0,1,0,0,0,0,5,4,65,3,3,8,1,0,0,14,13,1,1,5,1,1,1
48,480264,1,1,2,1,3,11,51,30,0,1,0,48,2,12,401,12401,14,2004,1FMZU62K54ZB,1,F,M,Z,U,6,2,K,5,4,Z,B,0,P,FORD,EPR,UT,4,17,4304,,0,1137,,F,,0,0,000000000,00000000000,0,0,0,1,0,0,0,0,0,0,0,998,0,1,5,2,2,6,2,30,0,0,0,1,48,79404,0,0,0,0,0,0,999,999,0,0,0,0,0,0,0,0,0,1,0,0,0,0,1,2,70,1,1,8,2,0,0,1,13,6,1,4,1,1,0
48,480265,1,1,1,1,3,19,2,8,0,1,0,48,1,7,43,7043,4,2003,1B3EL36T33N5,1,B,3,E,L,3,6,T,3,3,N,5,0,P,DODG,SSE,4D,3,17,3108,,0,1080,,F,,0,0,000000000,00000000000,0,0,0,1,0,0,0,0,0,0,0,998,0,0,0,12,12,0,1,8,0,0,0,1,48,77488,6,1,0,0,3,3,999,999,0,0,0,0,0,0,0,0,0,0,0,0,0,0,1,2,30,1,1,8,2,3,3,1,80,3,2,1,13,0,0
48,480266,1,1,1,1,3,6,40,30,0,1,0,48,2,37,31,37031,4,2005,2HGES16505H5,2,H,G,E,S,1,6,5,0,5,H,5,0,P,HOND,UCL,4D,5,17,2606,,0,1031,,G,,0,0,000000000,00000000000,0,0,0,1,0,0,0,0,0,0,0,998,0,0,0,3,3,6,2,30,0,0,0,1,48,77084,0,0,0,0,0,0,999,999,0,0,0,0,0,0,0,0,0,1,58,87,0,0,5,4,45,2,2,2,2,0,0,14,5,7,3,4,2,1,0
48,480267,1,2,3,2,3,9,48,12,6,1,0,48,3,55,35,55035,4,2010,KMHDU4AD4AU8,K,M,H,D,U,4,A,D,4,A,U,8,0,P,HYUN,BGS,4D,10,17,2723,,0,1043,,G,,0,0,000000000,00000000000,0,0,0,1,0,0,0,0,0,0,0,998,0,0,0,3,3,6,2,12,0,0,0,1,48,77521,6,1,0,0,3,0,999,999,1,0,0,0,0,4,2008,4,2008,0,48,0,0,0,1,2,45,1,1,8,1,0,0,11,15,1,1,2,68,1,0
48,480267,2,2,1,2,3,9,48,12,6,1,0,48,1,20,481,20481,31,2009,3GCEC23039G2,3,G,C,E,C,2,3,0,3,9,G,2,0,T,CHEV,2SC,CW,9,17,,2,0,1435,SIL,F,,0,0,000000000,00000000000,0,0,0,1,0,0,0,0,0,0,0,998,0,1,1,12,12,4,3,12,0,0,0,1,48,77562,6,1,0,0,3,3,999,999,0,0,0,0,0,0,0,0,0,0,0,0,0,0,2,4,45,1,1,8,1,0,0,1,62,1,1,1,69,0,0
48,480268,1,1,3,3,3,23,10,33,0,1,0,92,0,2,404,2404,14,1991,1J4FT58S1ML5,1,J,4,F,T,5,8,S,1,M,L,5,0,T,JEEP,LAR,4W,91,17,,1,0,1014,CHK,G,,0,0,000000000,00000000000,0,0,0,1,0,0,0,0,0,0,0,998,0,1,1,11,11,6,2,33,0,0,0,1,48,75235,0,0,0,0,0,0,69,124,0,0,0,0,0,0,0,0,0,1,58,0,0,0,2,3,35,2,2,8,1,0,0,14,6,7,1,4,6,1,1
48,480269,1,1,1,4,3,4,55,59,0,1,0,48,3,7,442,7442,20,2001,2B4GP44371R3,2,B,4,G,P,4,4,3,7,1,R,3,0,P,DODG,CAR,SV,1,17,3989,,0,1193,,F,,0,0,000000000,00000000000,0,0,0,1,0,0,0,0,0,0,0,998,0,0,0,12,11,6,2,59,0,0,0,1,48,75232,0,0,0,0,0,0,67,180,0,4,0,0,0,8,2007,8,2008,0,39,0,0,0,1,2,30,1,2,8,1,20,3,1,13,1,1,4,1,1,0
48,480270,1,1,2,4,3,23,39,42,0,1,0,48,2,52,37,52037,2,1996,4A3AK44Y5TE3,4,A,3,A,K,4,4,Y,5,T,E,3,0,P,MITS,EGS,2H,96,17,2855,,0,988,,G,,0,0,000000000,00000000000,0,0,0,1,0,0,0,0,0,0,0,998,0,0,0,10,62,6,2,42,0,0,0,1,48,75234,1,1,0,0,2,0,67,148,0,5,0,0,0,5,2007,2,2010,1,0,0,0,0,2,6,40,2,1,8,1,0,0,14,12,1,1,4,6,1,1
48,480271,1,2,1,4,3,2,1,12,6,1,0,48,1,35,443,35443,20,2004,5N1BV28U54N3,5,N,1,B,V,2,8,U,5,4,N,3,0,P,NISS,QST,SV,4,17,3885,,0,1240,,G,,0,0,000000000,00000000000,0,0,0,1,0,0,0,0,0,0,0,998,0,1,6,11,11,2,3,12,0,0,0,1,48,77550,6,1,0,0,3,3,65,226,0,0,0,0,0,0,0,0,0,1,0,0,0,0,2,3,55,1,1,8,1,0,0,1,51,7,1,3,48,1,0
48,480271,2,2,1,4,3,2,1,12,6,1,0,48,2,38,402,38402,14,1998,4S2CK58W3W43,4,S,2,C,K,5,8,W,3,W,4,3,0,P,ISU,ROD,UT,98,17,3770,,0,1087,,G,,0,0,000000000,00000000000,0,0,0,1,0,0,0,0,0,0,0,998,0,0,0,5,5,2,1,12,0,0,0,1,48,77498,0,0,0,0,0,0,999,999,0,0,0,0,0,0,0,0,0,0,0,0,0,0,2,3,55,1,1,8,1,0,0,1,53,1,1,1,48,0,0
48,480272,1,1,1,4,3,12,10,1,0,1,0,48,1,12,481,12481,31,2006,1FTPW12566KB,1,F,T,P,W,1,2,5,6,6,K,B,0,T,FORD,F1S,CW,6,17,,2,0,1390,COF,G,,0,0,000000000,00000000000,0,0,0,1,0,0,0,0,0,0,0,92,0,1,1,0,0,6,2,1,0,0,0,1,48,79512,6,1,0,0,3,0,999,999,0,0,0,0,0,0,0,0,0,1,0,0,0,0,1,2,70,2,1,8,1,0,0,14,6,9,1,6,98,1,0
48,480273,1,2,3,4,3,14,17,12,6,1,0,48,2,12,442,12442,20,2000,2FMZA5141YBC,2,F,M,Z,A,5,1,4,1,Y,B,C,0,T,FORD,WLX,ES,0,17,,1,0,1207,WIN,G,,0,0,000000000,00000000000,0,0,0,1,0,0,0,0,0,0,0,998,0,0,0,3,3,6,2,12,0,0,0,1,48,77371,0,0,0,0,0,0,999,999,0,0,0,0,0,0,0,0,0,0,34,58,0,0,1,2,60,2,1,8,1,0,0,6,50,6,4,6,66,2,0
48,480273,2,2,1,4,3,14,17,12,6,1,0,48,3,84,881,84881,63,2002,1HTMMAAN52H4,1,H,T,M,M,A,A,N,5,2,H,4,0,T,INTL,430,CC,2,17,,7,0,0,40S,D,,0,57,708398,57708398,3,1,1,1,0,0,0,0,0,0,0,998,0,0,0,12,12,4,3,12,0,0,0,1,48,77356,6,1,6,0,3,0,999,999,0,0,0,0,0,0,0,0,0,0,0,0,0,0,1,2,60,2,1,8,1,0,0,14,62,1,1,1,66,0,0
48,480274,1,1,5,5,3,23,8,35,0,1,0,48,2,22,16,22016,2,1999,1G2JB1243X75,1,G,2,J,B,1,2,4,3,X,7,5,0,P,PONT,SFS,CP,99,17,2630,,0,1041,,G,,0,0,000000000,00000000000,0,0,0,1,0,0,0,0,0,0,0,998,0,1,5,99,99,6,2,1,0,0,0,1,48,78102,6,7,0,0,3,2,999,999,0,0,0,0,0,0,0,0,0,0,51,58,73,0,1,2,99,1,1,8,1,0,0,1,10,7,1,4,1,2,0
48,480275,1,1,2,5,3,10,43,19,0,1,0,48,2,13,13,13013,4,2007,3LNHM26T57R6,3,L,N,H,M,2,6,T,5,7,R,6,0,P,LINC,MKZ,4D,7,17,3469,,0,1074,,G,,0,0,000000000,00000000000,0,0,0,1,0,0,0,0,0,0,0,998,0,0,0,63,63,6,2,19,0,0,0,1,48,75061,0,0,0,0,0,0,72,248,0,1,0,1,2,8,2008,2,2009,1,0,0,0,0,3,9,99,2,1,8,1,0,0,6,6,1,3,4,2,1,0
48,480276,1,2,2,5,3,19,57,12,6,1,0,48,1,34,34,34034,4,2000,WBAAM5346YFR,W,B,A,A,M,5,3,4,6,Y,F,R,0,P,BMW,28I,4D,0,17,3197,,0,1073,,G,,0,0,000000000,00000000000,0,0,0,1,0,0,0,0,0,0,0,998,0,0,0,62,11,4,1,12,0,0,0,1,48,79701,6,1,0,0,3,0,999,999,0,0,0,1,0,3,2008,3,2008,0,0,0,0,0,5,4,40,1,1,8,1,20,3,11,15,99,1,2,82,0,0
48,480276,2,2,1,5,3,19,57,12,6,1,0,48,2,53,706,53706,80,1997,JS1VT51AXV21,J,S,1,V,T,5,1,A,X,V,2,1,0,M,SUZI,TL1,RS,97,17,,,,,,,996,0,0,000000000,00000000000,0,0,0,1,0,0,0,0,0,0,0,998,0,0,0,12,12,2,3,12,0,0,0,1,48,79705,0,0,0,0,0,0,999,999,0,0,0,0,0,0,0,0,0,1,24,39,0,0,1,2,98,8,8,8,1,20,3,1,67,1,1,1,83,1,1
48,480277,1,1,2,5,3,21,10,1,0,1,0,48,1,53,705,53705,80,2007,JS1GN7DA7721,J,S,1,G,N,7,D,A,7,7,2,1,0,M,SUZI,G60,RS,7,17,,,,,,,599,0,0,000000000,00000000000,0,0,0,1,0,0,0,0,0,0,0,998,0,0,0,0,0,2,3,1,0,0,0,1,48,77373,6,1,0,0,3,0,999,999,0,0,0,0,0,0,0,0,0,1,58,24,0,0,1,4,30,2,1,8,1,0,0,14,13,99,1,4,1,1,0
48,480278,1,2,2,6,3,22,17,12,2,1,0,48,1,20,481,20481,31,2004,1GCEC19V84Z2,1,G,C,E,C,1,9,V,8,4,Z,2,0,T,CHEV,SC1,4C,4,17,,2,1575,1435,SIL,G,,0,0,000000000,00000000000,0,0,0,1,0,0,0,0,0,0,0,998,0,0,0,12,12,4,3,12,0,0,0,1,48,76550,6,1,0,0,3,0,999,999,0,0,0,0,0,0,0,0,0,0,28,0,0,0,1,4,65,1,1,8,1,0,0,1,10,1,1,2,50,1,0
48,480278,2,2,1,6,3,22,17,12,2,1,0,48,1,12,17,12017,4,1998,1FAFP52S0WG1,1,F,A,F,P,5,2,S,0,W,G,1,0,P,FORD,TLS,4D,98,17,3359,,0,1085,,G,,0,0,000000000,00000000000,0,0,0,1,0,0,0,0,0,0,0,998,0,0,0,12,12,4,3,12,0,0,0,1,48,76853,6,1,0,0,3,0,999,999,0,0,0,0,0,0,0,0,0,0,0,0,0,0,1,4,65,1,1,8,1,0,0,1,54,6,1,1,51,1,0
48,480279,1,1,1,6,3,20,10,1,0,1,0,48,1,72,706,72706,80,1996,1HD1FHR19TY6,1,H,D,1,F,H,R,1,9,T,Y,6,0,M,HD,HPI,RS,96,17,,,,,,,1340,0,0,000000000,00000000000,0,0,0,1,0,0,0,0,0,0,0,998,0,0,0,0,0,2,3,1,0,0,0,1,48,75784,6,1,6,0,3,0,999,999,0,1,0,0,0,9,2008,9,2008,1,24,0,0,0,1,2,55,2,1,8,1,0,0,14,12,99,1,4,6,1,1
48,480280,1,1,2,6,3,20,34,8,0,1,0,48,2,63,32,63032,4,2006,KNADE1235661,K,N,A,D,E,1,2,3,5,6,6,1,0,P,KIA,RIO,4D,6,17,2365,,0,984,,G,,0,0,000000000,00000000000,0,0,0,1,0,0,0,0,0,0,0,998,0,0,0,12,12,4,3,8,0,0,0,1,48,75050,6,1,0,0,3,0,999,999,0,0,0,0,0,0,0,0,0,0,86,0,0,0,3,5,60,1,1,8,1,0,0,1,80,1,1,1,13,0,0
48,480281,1,1,1,6,3,0,41,1,0,1,0,48,2,76,705,76705,80,2002,JYAVM01E62A0,J,Y,A,V,M,0,1,E,6,2,A,0,0,M,YAMA,V6A,RS,2,17,,,,,,,649,0,0,000000000,00000000000,0,0,0,1,0,0,0,0,0,0,0,998,0,0,0,0,99,9,3,38,0,0,0,1,48,77971,6,1,0,0,3,0,999,999,0,3,0,0,0,8,2007,12,2008,1,0,0,0,0,1,2,60,2,1,8,1,0,0,14,12,1,1,4,6,1,1
48,480282,1,1,1,6,3,9,48,8,0,1,1,48,1,7,472,7472,30,1998,1B7FL26X9WS7,1,B,7,F,L,2,6,X,9,W,S,7,0,T,DODG,DAK,PK,98,17,,1,1239,1119,DAK,G,,0,0,000000000,00000000000,0,0,0,1,0,0,0,0,0,0,0,998,0,0,0,12,12,2,1,8,0,0,0,1,48,77357,0,0,0,0,0,0,999,999,0,0,0,0,1,3,2009,3,2009,0,0,0,0,0,2,2,55,1,1,8,1,0,0,1,13,1,1,4,1,0,1
48,480283,1,1,2,6,3,18,47,1,0,1,0,92,0,53,734,53734,90,2008,5SAAR41A1871,5,S,A,A,R,4,1,A,1,8,7,1,0,M,SUZI,L75,AT,8,17,,,,,,,722,0,0,000000000,00000000000,0,0,0,1,0,0,0,0,0,0,0,998,0,2,1,0,99,9,1,1,0,0,0,1,48,75904,6,1,0,0,3,3,999,999,0,0,0,0,0,0,0,0,0,1,0,0,0,0,1,2,98,1,2,8,5,0,0,6,6,1,3,2,98,1,0
48,480284,1,1,1,6,3,0,21,1,0,1,0,48,2,18,20,18020,4,1993,2G4WD54L3P14,2,G,4,W,D,5,4,L,3,P,1,4,0,P,BUIC,RGL,4D,93,17,3174,,0,1075,,G,,0,0,000000000,00000000000,0,0,0,1,0,0,0,0,0,0,0,998,0,2,1,0,9,6,2,1,0,0,0,1,48,79316,6,1,0,0,3,0,999,999,0,0,0,0,0,0,0,0,0,1,28,51,0,0,1,2,45,2,1,8,1,0,0,14,6,1,3,6,98,1,0
48,480285,1,2,1,6,3,19,22,12,1,1,0,48,1,23,481,23481,31,1999,1GTGK23J7XF0,1,G,T,G,K,2,3,J,7,X,F,0,0,T,GMC,SK2,CW,99,17,,2,0,1545,SIE,G,,0,0,000000000,00000000000,0,0,0,1,0,0,0,0,0,0,0,998,0,0,0,12,12,4,3,12,0,0,0,1,48,76904,6,1,0,0,3,3,999,999,0,0,0,0,0,0,0,0,0,1,0,0,0,0,1,2,65,1,1,8,1,0,0,1,51,1,1,1,24,1,0
48,480285,2,2,1,6,3,19,22,12,1,1,0,92,0,98,998,98998,92,2006,031056450,0,3,1,0,5,6,4,5,0,,,,0,P,,,,,,,,,,,,,0,0,000000000,00000000000,0,0,0,1,0,0,0,0,0,0,0,998,0,0,0,6,6,2,1,12,0,0,0,1,48,76904,6,1,0,0,3,3,999,999,0,0,0,1,0,3,2009,3,2009,0,0,0,0,0,1,2,65,1,1,8,1,0,0,1,53,1,1,1,25,0,0
48,480286,1,1,1,6,3,7,25,33,0,1,0,48,2,49,33,49033,2,2001,JTDDR32T7100,J,T,D,D,R,3,2,T,7,1,0,0,0,P,TOYT,CGF,2L,1,17,2425,,0,1023,,G,,0,0,000000000,00000000000,0,0,0,1,0,0,0,0,0,0,0,998,0,0,0,98,9,6,2,8,0,0,0,1,48,78745,6,1,0,0,3,0,999,999,0,0,0,0,0,0,0,0,0,1,8,0,0,0,1,4,99,2,1,8,1,0,0,3,6,1,1,4,6,0,0
48,480287,1,2,2,6,3,19,54,12,6,1,0,48,1,20,481,20481,31,1987,1GCGV24K7HF3,1,G,C,G,V,2,4,K,7,H,F,3,0,T,CHEV,V20,PK,87,17,,2,0,1315,V20,G,,0,0,000000000,00000000000,0,0,0,1,0,0,0,0,0,0,0,998,0,1,1,12,12,4,3,12,0,0,0,1,48,75645,6,1,0,0,3,0,999,999,0,0,0,0,0,0,0,0,0,0,0,0,0,0,1,2,60,1,1,8,1,0,0,1,66,1,1,1,88,0,0
48,480287,2,2,2,6,3,19,54,12,6,1,0,48,1,20,481,20481,31,2000,1GCEC14W1YZ2,1,G,C,E,C,1,4,W,1,Y,Z,2,0,T,CHEV,SC1,PK,0,17,,2,1330,1190,SIL,G,,0,0,000000000,00000000000,0,0,0,1,0,0,0,0,0,0,0,998,0,0,0,9,9,4,3,12,0,0,0,1,48,75494,6,1,0,0,3,0,999,999,0,0,0,0,0,0,0,0,0,0,39,0,0,0,1,2,98,1,1,8,1,20,3,1,17,1,1,1,89,1,0
48,480288,1,2,1,7,3,0,10,12,7,1,0,48,3,20,2,20002,4,2008,2G1WB58KX813,2,G,1,W,B,5,8,K,X,8,1,3,0,P,CHEV,IPL,4D,8,17,3555,,0,1105,,F,,0,0,000000000,00000000000,0,0,0,1,0,0,0,0,0,0,0,998,0,0,0,9,9,2,3,12,0,0,0,1,48,78207,6,1,0,0,3,0,999,999,0,0,0,0,0,0,0,0,0,0,38,0,0,0,6,1,65,1,2,8,1,0,0,16,10,1,1,7,47,0,0
48,480288,2,2,2,7,3,0,10,12,7,1,0,48,1,2,405,2405,14,2002,1J4GK48K72W2,1,J,4,G,K,4,8,K,7,2,W,2,0,T,JEEP,SPR,4W,2,17,,1,0,1043,LIB,G,,0,0,000000000,00000000000,0,0,0,1,0,0,0,0,0,0,0,998,0,1,3,3,11,6,2,25,0,0,0,1,48,78249,6,1,0,0,3,0,999,999,0,0,0,0,0,0,0,0,0,0,0,0,0,0,3,2,65,1,2,8,1,0,0,1,74,1,1,1,45,1,0
48,480289,1,1,1,7,3,22,50,41,0,1,0,48,1,14,6,14006,4,1996,2MELM75W8TX6,2,M,E,L,M,7,5,W,8,T,X,6,0,P,MERC,GLB,4D,96,17,3796,,0,1144,,G,,0,0,000000000,00000000000,0,0,0,1,0,0,0,0,0,0,0,998,0,0,0,1,1,4,3,39,0,0,0,1,48,75214,6,1,0,0,3,3,67,169,0,0,0,1,0,5,2009,5,2009,1,48,0,0,0,1,4,30,2,1,8,1,0,0,14,6,3,2,4,2,1,1