STATE,ST_CASE,VEH_NO,VE_FORMS,NUMOCCS,DAY,MONTH,HOUR,MINUTE,HARM_EV,MAN_COLL,UNITTYPE,HIT_RUN,REG_STAT,OWNER,MAKE,MODEL,MAK_MOD,BODY_TYP,MOD_YEAR,VIN,VIN_1,VIN_2,VIN_3,VIN_4,VIN_5,VIN_6,VIN_7,VIN_8,VIN_9,VIN_10,VIN_11,VIN_12,TOW_VEH,VINTYPE,VINMAKE,VINA_MOD,VIN_BT,VINMODYR,VIN_LNGT,VIN_WGT,WGTCD_TR,WHLBS_LG,WHLBS_SH,SER_TR,FUELCODE,MCYCL_DS,J_KNIFE,MCARR_I1,MCARR_I2,MCARR_ID,GVWR,V_CONFIG,CARGO_BT,HAZ_INV,HAZ_PLAC,HAZ_ID,HAZ_CNO,HAZ_REL,BUS_USE,SPEC_USE,EMER_USE,TRAV_SP,UNDERIDE,ROLLOVER,ROLINLOC,IMPACT1,IMPACT2,DEFORMED,TOWED,M_HARM,VEH_SC1,VEH_SC2,FIRE_EXP,DR_PRES,L_STATE,DR_ZIP,L_STATUS,L_TYPE,CDL_STAT,L_ENDORS,L_COMPL,L_RESTRI,DR_HGT,DR_WGT,PREV_ACC,PREV_SUS,PREV_DWI,PREV_SPD,PREV_OTH,FIRST_MO,FIRST_YR,LAST_MO,LAST_YR,SPEEDREL,DR_SF1,DR_SF2,DR_SF3,DR_SF4,VTRAFWAY,VNUM_LAN,VSPD_LIM,VALIGN,VPROFILE,VPAVETYP,VSURCOND,VTRAFCON,VTCONT_F,P_CRASH1,P_CRASH2,P_CRASH3,PCRASH4,PCRASH5,ACC_TYPE,DEATHS,DR_DRINK
48,480391,1,2,1,25,3,6,55,12,6,1,0,48,1,12,471,12471,30,1991,1FTCR10A4MUE,1,F,T,C,R,1,0,A,4,M,U,E,0,T,FORD,RNG,PK,91,17,,1,1140,1080,RNG,G,,0,0,000000000,00000000000,0,0,0,1,0,0,0,0,0,0,0,998,0,0,0,9,9,4,3,12,0,0,0,1,48,76476,6,1,0,0,3,0,999,999,0,0,0,0,1,4,2009,4,2009,0,48,91,0,0,1,2,65,1,1,8,1,0,0,12,53,1,1,6,98,0,0
48,480391,2,2,1,25,3,6,55,12,6,1,0,48,1,53,706,53706,80,1998,JS1VY51A8W21,J,S,1,V,Y,5,1,A,8,W,2,1,0,M,SUZI,VL1,RS,98,17,,,,,,,1462,0,0,000000000,00000000000,0,0,0,1,0,0,0,0,0,0,0,998,0,0,0,12,12,4,3,12,0,0,0,1,48,76401,6,1,6,0,3,0,999,999,0,0,0,0,0,0,0,0,0,0,0,0,0,0,1,2,65,1,1,8,1,0,0,1,64,4,2,1,98,1,0
48,480392,1,1,1,26,3,3,30,38,0,1,0,48,2,20,481,20481,31,2001,2GCEK19T4112,2,G,C,E,K,1,9,T,4,1,1,2,0,T,CHEV,SK1,4C,1,17,,2,1575,1435,SIL,G,,0,0,000000000,00000000000,0,0,0,1,0,0,0,0,0,0,0,998,0,1,6,12,12,6,2,38,0,0,0,1,48,76077,6,1,0,0,3,0,999,999,0,0,0,0,0,0,0,0,0,0,0,0,0,0,1,2,70,1,1,8,1,0,0,1,13,1,1,4,1,1,1
48,480393,1,1,1,28,3,2,0,38,0,1,0,48,2,12,481,12481,31,2007,1FTRX12W77KC,1,F,T,R,X,1,2,W,7,7,K,C,0,T,FORD,F15,4C,7,17,,2,1630,1330,COF,G,,0,0,000000000,00000000000,0,0,0,1,0,0,0,0,0,0,0,998,0,0,0,9,9,4,3,38,0,0,0,1,48,77039,6,1,0,0,3,3,999,999,0,0,0,0,0,0,0,0,0,1,51,0,0,0,1,2,98,1,1,8,1,0,0,1,6,7,3,4,2,1,1
48,480394,1,1,1,30,3,7,39,35,0,1,0,48,2,20,421,20421,15,1996,1GNCS13W6T22,1,G,N,C,S,1,3,W,6,T,2,2,0,P,CHEV,BZR,UT,96,17,3691,2,0,1070,COF,G,,0,0,000000000,00000000000,0,0,0,1,0,0,0,0,0,0,0,998,0,1,6,99,0,6,2,1,0,0,0,1,48,78676,0,0,0,0,0,0,999,999,0,0,0,0,0,0,0,0,0,0,58,0,0,0,1,2,65,1,2,8,1,0,0,1,13,6,4,4,7,1,0
48,480395,1,1,1,31,3,21,3,9,0,1,1,48,1,20,481,20481,31,1989,1GCDC14K8KZ1,1,G,C,D,C,1,4,K,8,K,Z,1,0,T,CHEV,GC1,PK,89,17,,1,1315,1175,GM4,G,,0,0,000000000,00000000000,0,0,0,1,0,0,0,0,0,0,0,998,0,0,0,12,12,2,3,9,0,0,0,1,48,77868,0,0,0,0,0,0,999,999,0,10,0,1,1,5,2007,3,2010,0,91,92,0,0,1,2,55,1,1,8,1,0,0,1,83,1,1,1,13,0,0
48,480396,1,2,3,1,1,2,40,1,0,1,0,48,1,7,20,7020,4,2005,1B3ES66SX5D2,1,B,3,E,S,6,6,S,X,5,D,2,0,P,DODG,NR4,4D,5,17,2869,,0,1040,,G,,0,0,000000000,00000000000,0,0,0,1,0,0,0,0,0,0,0,998,0,2,1,0,0,6,2,1,0,0,0,1,48,78363,6,1,0,0,3,0,999,999,0,0,0,0,0,0,0,0,0,1,0,0,0,0,1,2,55,1,1,8,1,0,0,1,6,9,3,2,98,2,1
48,480396,2,2,2,1,1,2,40,1,0,1,0,48,2,12,481,12481,31,2005,1FTPX14555NB,1,F,T,P,X,1,4,5,5,5,N,B,0,T,FORD,F15,4C,5,17,,2,1450,1260,COF,G,,0,0,000000000,00000000000,0,0,0,1,0,0,0,0,0,0,0,998,0,0,0,6,6,6,2,12,0,0,0,1,48,78363,6,1,0,0,3,0,999,999,0,0,0,0,0,0,0,0,0,0,0,0,0,0,1,2,55,1,1,8,1,0,0,1,53,1,1,1,98,0,0
48,480397,1,1,2,31,1,3,30,8,0,1,0,48,1,42,42,42042,4,2009,WDDGF77X59F2,W,D,D,G,F,7,7,X,5,9,F,2,0,P,MERZ,C6G,4D,9,17,3649,,0,1087,,G,,0,0,000000000,00000000000,0,0,0,1,0,0,0,0,0,0,0,998,0,0,0,12,12,4,3,8,0,0,0,1,48,77494,6,1,0,0,3,0,999,999,0,0,0,3,0,8,2008,3,2009,0,0,0,0,0,3,9,60,1,1,1,1,0,0,1,80,1,1,1,13,0,0
48,480398,1,3,1,6,2,11,28,12,6,1,0,48,1,12,481,12481,31,2005,1FTRF12205NB,1,F,T,R,F,1,2,2,0,5,N,B,1,T,FORD,F15,PK,5,17,,2,1450,1260,COF,G,,3,0,000000000,00000000000,0,0,0,1,0,0,0,0,0,0,0,998,0,0,0,2,2,6,2,12,0,0,0,1,48,78249,6,1,0,0,3,0,999,999,0,0,0,0,0,0,0,0,0,1,51,0,0,0,1,2,65,1,1,8,1,0,0,1,6,1,1,2,66,0,0
48,480398,2,3,3,6,2,11,28,12,6,1,0,48,1,59,401,59401,14,1999,JT6HF10U4X00,J,T,6,H,F,1,0,U,4,X,0,0,0,P,LEXS,RX3,UT,99,17,3900,,0,1031,,G,,0,0,000000000,00000000000,0,0,0,1,0,0,0,0,0,0,0,998,0,0,0,12,12,6,2,12,0,0,0,1,48,78130,6,1,6,0,3,3,999,999,1,0,0,0,0,10,2008,10,2008,0,0,0,0,0,1,2,65,1,1,8,1,0,0,1,62,1,1,1,66,1,0
48,480398,3,3,2,6,2,11,28,12,6,1,0,48,1,49,442,49442,20,2004,5TDZA22C44S1,5,T,D,Z,A,2,2,C,4,4,S,1,0,P,TOYT,SIE,SV,4,17,4165,,0,1193,,G,,0,0,000000000,00000000000,0,0,0,1,0,0,0,0,0,0,0,998,0,0,0,12,12,4,3,12,0,0,0,1,48,78070,6,1,0,0,3,0,999,999,0,0,0,0,0,0,0,0,0,0,0,0,0,0,1,2,65,1,1,8,1,0,0,1,62,1,1,1,98,0,0
48,480399,1,2,1,11,2,14,35,12,6,1,0,48,3,7,20,7020,2,1998,1B3ES42C0WD6,1,B,3,E,S,4,2,C,0,W,D,6,0,P,DODG,NSL,2P,98,17,2469,,0,1040,,G,,0,0,000000000,00000000000,0,0,0,1,0,0,0,0,0,0,0,998,0,0,0,3,3,6,2,12,0,0,0,1,48,75126,6,1,0,0,3,0,68,140,1,1,0,1,0,9,2007,6,2008,1,0,0,0,0,1,2,55,1,1,8,3,0,0,1,5,1,4,2,66,1,0
48,480399,2,2,2,11,2,14,35,12,6,1,0,48,1,20,461,20461,21,2007,1GCGG25V7712,1,G,C,G,G,2,5,V,7,7,1,2,0,T,CHEV,E25,CG,7,17,,2,0,1350,EXP,G,,0,0,000000000,00000000000,0,0,0,1,0,0,0,0,0,0,0,998,0,0,0,12,12,4,3,12,0,0,0,1,48,75126,6,1,0,0,3,0,999,999,0,0,0,0,1,6,2009,6,2009,0,0,0,0,0,1,2,55,1,1,8,3,0,0,1,62,1,1,1,66,0,0
48,480400,1,1,2,19,2,21,15,35,0,1,0,0,0,37,734,37734,90,2003,478TE28093A0,4,7,8,T,E,2,8,0,9,3,A,0,0,M,HOND,TF6,AT,3,17,,,,,,,649,0,0,000000000,00000000000,0,0,0,1,0,0,0,0,0,0,0,998,0,0,0,99,99,9,1,35,0,0,0,1,48,75478,6,1,0,0,1,0,999,999,0,10,0,0,1,5,2007,8,2009,1,0,0,0,0,1,2,35,2,1,8,1,0,0,14,13,1,1,4,1,1,1
48,480401,1,1,1,26,2,23,23,1,0,1,0,48,2,23,471,23471,30,2003,1GCEC14X03Z3,1,G,C,E,C,1,4,X,0,3,Z,3,0,T,CHEV,SC1,PK,3,17,,2,1330,1190,SIL,G,,0,0,000000000,00000000000,0,0,0,1,0,0,0,0,0,0,0,998,0,1,5,0,0,4,3,1,0,0,0,1,48,75558,6,1,0,0,3,3,999,999,0,13,0,1,0,5,2007,12,2009,0,0,0,0,0,1,2,60,1,2,8,2,0,0,1,13,99,4,4,2,1,1
48,480402,1,2,1,28,2,17,35,12,1,1,0,48,1,76,709,76709,80,2009,JYARJ16E29A0,J,Y,A,R,J,1,6,E,2,9,A,0,0,M,YAMA,R6L,RC,9,17,,,,,,,599,0,0,000000000,00000000000,0,0,0,1,0,0,0,0,0,0,0,998,0,0,0,12,12,9,1,12,0,0,0,1,48,77477,6,1,0,0,3,0,68,163,0,0,0,0,0,0,0,0,0,1,0,0,0,0,2,4,45,1,1,8,1,0,0,1,51,1,1,1,24,1,0
48,480402,2,2,2,28,2,17,35,12,1,1,0,48,1,49,32,49032,4,2002,1NXBR12E42Z6,1,N,X,B,R,1,2,E,4,2,Z,6,0,P,TOYT,UCS,4D,2,17,2405,,0,970,,G,,0,0,000000000,00000000000,0,0,0,1,0,0,0,0,0,0,0,998,0,0,0,6,6,4,1,12,0,0,0,1,48,77477,6,1,0,0,3,0,999,999,0,0,0,0,0,0,0,0,0,0,0,0,0,0,2,4,45,1,1,8,1,0,0,1,53,1,1,1,25,0,0
48,480403,1,1,2,10,3,3,40,33,0,1,0,48,2,12,481,12481,31,2001,1FTRW07W11KD,1,F,T,R,W,0,7,W,1,1,K,D,0,T,FORD,F1S,CW,1,17,,2,0,1385,COF,G,,0,0,000000000,00000000000,0,0,0,1,0,0,0,0,0,0,0,998,0,0,0,1,12,4,3,30,0,0,0,1,98,99999,0,0,0,0,0,0,999,999,0,0,0,0,0,0,0,0,0,0,0,0,0,0,2,4,35,1,1,8,1,0,0,1,13,1,1,4,1,1,1
48,480404,1,2,1,14,3,3,23,12,8,1,0,48,2,12,481,12481,31,1999,1FTZX0728XKB,1,F,T,Z,X,0,7,2,8,X,K,B,0,T,FORD,F15,4C,99,17,,1,0,1385,COF,G,,0,0,000000000,00000000000,0,0,0,1,0,0,0,0,0,0,0,998,0,0,0,10,10,4,3,12,0,0,0,1,48,78758,0,0,0,0,0,0,999,999,0,0,0,0,0,0,0,0,0,0,28,0,0,0,3,4,45,1,2,1,1,0,0,1,10,1,1,2,64,0,1
48,480404,2,2,2,14,3,3,23,12,8,1,0,48,2,12,401,12401,14,1992,1FMDU32X8NUC,1,F,M,D,U,3,2,X,8,N,U,C,0,P,FORD,EPR,UT,92,17,3675,,0,1120,,G,,0,0,000000000,00000000000,0,0,0,1,0,0,0,0,0,0,0,998,0,0,0,61,61,4,3,12,0,0,0,1,98,99999,0,0,0,0,0,0,999,999,0,0,0,0,0,0,0,0,0,0,0,0,0,0,3,4,35,1,2,1,1,0,0,1,62,1,1,1,65,2,0
48,480405,1,2,2,17,3,13,56,12,6,1,0,48,1,14,6,14006,4,1998,2MEFM75W5WX6,2,M,E,F,M,7,5,W,5,W,X,6,0,P,MERC,MLL,4D,98,17,3922,,0,1144,,G,,0,0,000000000,00000000000,0,0,0,1,0,0,0,0,0,0,0,998,0,0,0,3,3,6,2,12,0,0,0,1,48,79414,1,1,0,0,2,3,999,999,0,3,0,1,1,5,2008,12,2008,0,38,92,0,0,1,2,99,1,9,8,1,3,3,11,15,1,1,1,68,1,0
48,480405,2,2,2,17,3,13,56,12,6,1,0,48,2,23,481,23481,31,1999,2GTEC19V8X15,2,G,T,E,C,1,9,V,8,X,1,5,0,T,GMC,NC1,3C,99,17,,2,1575,1435,SIE,G,,0,0,000000000,00000000000,0,0,0,1,0,0,0,0,0,0,0,998,0,0,0,12,12,4,3,12,0,0,0,1,48,79410,6,1,0,0,3,0,999,999,1,0,2,0,0,8,2008,10,2008,0,0,0,0,0,2,2,45,1,1,8,1,3,3,1,17,1,1,1,69,0,0
48,480406,1,1,1,25,3,22,0,1,0,1,0,48,2,20,20,20020,4,1996,1G1LD55M9TY1,1,G,1,L,D,5,5,M,9,T,Y,1,0,P,CHEV,CSA,4D,96,17,2745,,0,1034,,G,,0,0,000000000,00000000000,0,0,0,1,0,0,0,0,0,0,0,998,0,2,5,0,0,6,2,2,0,0,1,1,48,78593,0,0,0,0,0,0,999,999,0,0,0,0,0,0,0,0,0,1,0,0,0,0,1,2,55,1,1,8,1,0,0,1,6,6,4,4,7,1,1
48,480407,1,1,1,26,3,6,50,42,0,1,0,48,2,12,401,12401,14,1998,1FMZU32E9WZB,1,F,M,Z,U,3,2,E,9,W,Z,B,0,P,FORD,EPR,UT,98,17,3911,,0,1115,,G,,0,0,000000000,00000000000,0,0,0,1,0,0,0,0,0,0,0,998,0,0,0,12,12,4,3,42,0,0,0,1,48,77072,4,1,0,0,2,0,999,999,0,3,0,0,0,7,2008,5,2009,0,0,0,0,0,1,2,30,1,1,1,1,0,0,1,13,1,1,4,1,1,1
48,480408,1,1,1,27,3,12,30,24,0,1,0,48,1,72,706,72706,80,2006,1HD1DDV3X6Y6,1,H,D,1,D,D,V,3,X,6,Y,6,0,M,HD,FHT,RS,6,17,,,,,,,1450,0,0,000000000,00000000000,0,0,0,1,0,0,0,0,0,0,0,998,0,0,0,12,12,9,2,24,0,0,0,1,48,77578,6,1,6,0,3,3,999,999,0,0,0,0,0,0,0,0,0,1,0,0,0,0,1,2,55,2,2,8,1,40,3,14,13,1,1,4,1,1,0
48,480409,1,1,1,27,3,10,3,42,0,1,0,48,1,20,481,20481,31,2007,1GCEC19V77Z1,1,G,C,E,C,1,9,V,7,7,Z,1,0,T,CHEV,SC1,4C,7,17,,2,1575,1340,SIL,G,,0,0,000000000,00000000000,0,0,0,1,0,0,0,0,0,0,0,998,0,0,0,12,12,4,3,42,0,0,0,1,48,77371,6,1,0,0,3,0,999,999,0,0,0,0,0,0,0,0,0,0,0,0,0,0,1,2,55,1,1,8,1,0,0,1,13,1,1,4,1,1,0
48,480410,1,2,1,28,3,12,57,12,6,1,0,48,1,72,706,72706,80,1997,1HD1CAP16VY2,1,H,D,1,C,A,P,1,6,V,Y,2,0,M,HD,L12,RS,97,17,,,,,,,1200,0,0,000000000,00000000000,0,0,0,1,0,0,0,0,0,0,0,998,0,0,0,12,12,2,3,12,0,0,0,1,48,78006,6,1,0,0,3,0,999,999,0,0,0,0,0,0,0,0,0,1,0,0,0,0,1,2,65,2,2,8,1,0,0,14,6,1,1,2,64,1,0
48,480410,2,2,4,28,3,12,57,12,6,1,0,48,1,12,481,12481,31,2005,1FTRW14WX5FA,1,F,T,R,W,1,4,W,X,5,F,A,0,T,FORD,F1S,CW,5,17,,2,1450,1260,COF,G,,0,0,000000000,00000000000,0,0,0,1,0,0,0,0,0,0,0,998,0,0,0,10,10,2,1,12,0,0,0,1,48,77502,6,1,6,0,3,3,999,999,0,0,0,0,0,0,0,0,0,0,0,0,0,0,1,2,65,3,2,8,1,0,0,14,62,7,1,1,65,0,0
48,480411,1,3,1,28,3,10,35,12,8,1,0,48,1,12,481,12481,31,2005,1FTSW21P25EC,1,F,T,S,W,2,1,P,2,5,E,C,0,T,FORD,F2S,CW,5,17,,2,1724,1562,SRW,D,,0,0,000000000,00000000000,0,0,0,1,0,0,0,0,0,0,0,998,0,0,0,11,11,4,3,12,0,0,0,1,48,76035,6,1,0,0,3,0,999,999,0,0,0,3,0,8,2007,3,2008,0,51,91,0,0,1,2,65,3,2,8,1,0,0,14,10,1,1,2,64,0,0
48,480411,2,3,2,28,3,10,35,12,8,1,0,48,1,7,482,7482,31,2007,3D7KR28C07G7,3,D,7,K,R,2,8,C,0,7,G,7,0,T,DODG,SQ2,CW,7,17,,2,1605,1405,RPC,D,,0,0,000000000,00000000000,0,0,0,1,0,0,0,0,0,0,0,998,0,0,0,11,11,2,1,12,32,0,0,1,48,76086,6,1,0,0,3,3,999,999,0,0,0,0,0,0,0,0,0,0,0,0,0,0,1,2,65,2,2,8,1,0,0,14,62,7,1,1,65,0,0
48,480411,3,3,1,28,3,10,35,12,8,1,0,48,1,2,407,2407,14,2008,1J8FT48W58D5,1,J,8,F,T,4,8,W,5,8,D,5,0,T,JEEP,PTL,4W,8,17,,1,0,1037,PRT,G,,0,0,000000000,00000000000,0,0,0,1,0,0,0,0,0,0,0,998,0,1,5,11,11,4,3,12,0,0,0,1,48,75652,6,1,0,0,3,0,999,999,0,0,0,0,0,0,0,0,0,0,0,0,0,0,1,2,65,2,2,8,1,0,0,14,62,7,1,1,98,1,0
48,480412,1,1,2,31,3,20,56,8,0,1,0,48,1,20,481,20481,31,1998,1GCGC29R7WE2,1,G,C,G,C,2,9,R,7,W,E,2,0,T,CHEV,GC2,PC,98,17,,2,1555,1415,GM4,G,,0,0,000000000,00000000000,0,0,0,1,0,0,0,0,0,0,0,998,0,0,0,12,12,2,3,8,0,0,0,1,48,76401,6,1,0,0,3,3,999,999,0,0,0,0,0,0,0,0,0,0,0,0,0,0,1,2,60,1,1,8,1,0,0,1,80,1,1,1,13,0,0
48,480413,1,2,1,7,1,15,5,12,2,1,0,48,3,12,481,12481,31,2005,1FAFP34N15W1,1,F,A,F,P,3,4,N,1,5,W,1,0,P,FORD,ZX4,4D,5,17,2677,,0,1030,,G,,0,0,000000000,00000000000,0,0,0,1,0,0,0,0,0,0,0,998,0,0,0,12,12,6,2,12,0,0,0,1,48,79762,6,1,0,0,3,3,999,999,0,0,0,1,0,1,2009,1,2009,0,28,51,0,0,1,4,55,1,1,8,1,0,0,1,10,1,1,2,50,1,0
48,480413,2,2,3,7,1,15,5,12,2,1,0,48,2,12,3,12003,2,2000,1FAFP4041YF2,1,F,A,F,P,4,0,4,1,Y,F,2,0,P,FORD,MUS,CP,0,17,3066,,0,1013,,G,,0,0,000000000,00000000000,0,0,0,1,0,0,0,0,0,0,0,998,0,0,0,12,12,6,2,12,0,0,0,1,48,79762,6,1,0,0,3,0,999,999,0,0,0,0,0,0,0,0,0,0,0,0,0,0,1,4,55,1,1,8,1,0,0,1,62,1,1,1,51,0,0
48,480414,1,2,0,14,1,9,9,12,1,1,0,47,6,82,881,82881,66,2001,1FUJAPCG61PG,1,F,U,J,A,P,C,G,6,1,P,G,1,T,FRHT,FL3,DS,1,17,,8,0,0,CON,D,,1,57,50467,5750467,3,6,1,1,0,0,0,0,0,0,0,998,0,0,0,6,6,6,2,12,0,0,0,0,,,,,,,,,999,,,,,,,,,,,,54,0,0,0,2,4,80,1,1,8,2,0,0,0,53,0,0,0,32,0,0
48,480414,2,2,2,14,1,9,9,12,1,1,0,48,2,55,36,55036,4,2002,KMHCG45C22U3,K,M,H,C,G,4,5,C,2,2,U,3,0,P,HYUN,AGL,4D,2,17,2350,,0,961,,G,,0,0,000000000,00000000000,0,0,0,1,0,0,0,0,0,0,0,998,0,0,0,12,12,6,2,12,0,0,0,1,48,79035,6,1,0,0,3,0,999,999,0,0,0,0,0,0,0,0,0,1,84,0,0,0,2,4,80,1,1,8,2,0,0,1,50,1,1,1,32,1,0
48,480415,1,1,2,30,1,21,5,33,0,1,1,48,9,12,17,12017,4,1999,1FAFP53S1XG1,1,F,A,F,P,5,3,S,1,X,G,1,0,P,FORD,SCS,4D,99,17,3353,,0,1085,,G,,0,0,000000000,00000000000,0,0,0,1,0,0,0,0,0,0,0,998,0,1,1,9,9,4,3,8,0,0,0,1,99,99999,9,9,99,0,9,9,999,999,99,99,99,99,99,99,9999,99,9999,1,0,0,0,0,1,2,40,1,1,8,1,0,0,1,6,99,3,4,2,0,1
48,480416,1,1,1,1,2,9,13,1,0,1,0,48,3,20,481,20481,31,2007,1GCHC23U57F1,1,G,C,H,C,2,3,U,5,7,F,1,0,T,CHEV,2CH,CW,7,17,,2,1670,1530,SIL,G,,0,0,000000000,00000000000,0,0,0,1,0,0,0,0,0,0,0,998,0,2,5,0,3,6,2,1,0,0,0,1,48,79701,6,1,6,0,3,0,999,999,0,0,0,4,1,8,2007,12,2009,1,58,0,0,0,1,2,70,3,1,8,1,0,0,14,6,6,4,4,2,1,0
48,480417,1,2,4,6,2,2,26,12,6,1,0,48,1,19,5,19005,2,1994,1G6ET1290RU6,1,G,6,E,T,1,2,9,0,R,U,6,0,P,CADI,ETC,CP,94,17,3727,,0,1080,,G,,0,0,000000000,00000000000,0,0,0,1,0,0,0,0,0,0,0,998,0,0,0,9,9,4,3,12,0,0,0,1,48,77551,0,0,0,0,0,0,999,999,0,15,0,1,0,9,2007,10,2009,1,27,39,0,0,2,6,35,1,1,8,1,3,3,15,17,1,1,2,89,1,0
48,480417,2,2,4,6,2,2,26,12,6,1,0,48,1,20,2,20002,4,2006,2G1WT58K5691,2,G,1,W,T,5,8,K,5,6,9,1,0,P,CHEV,IMT,4D,6,17,3477,,0,1105,,F,,0,0,000000000,00000000000,0,0,0,1,0,0,0,0,0,0,0,998,0,0,0,12,12,4,3,12,0,0,0,1,48,77551,6,1,0,0,3,0,999,999,0,0,0,0,0,0,0,0,0,0,0,0,0,0,1,2,99,1,1,2,1,3,3,1,66,1,1,1,88,0,0
48,480418,1,2,1,7,2,16,58,12,6,1,0,48,1,20,471,20471,30,1992,1GCDT19ZXN82,1,G,C,D,T,1,9,Z,X,N,8,2,0,T,CHEV,S14,PC,92,17,,1,0,1229,S,G,,0,0,000000000,00000000000,0,0,0,1,0,0,0,0,0,0,0,998,0,0,0,2,2,4,3,12,0,0,0,1,48,78521,6,1,0,0,3,0,999,999,0,0,0,0,0,0,0,0,0,0,35,0,0,0,1,2,45,1,1,8,1,0,0,6,10,6,1,2,64,0,0
48,480418,2,2,1,7,2,16,58,12,6,1,0,48,1,73,706,73706,80,2008,JKAVN2B158A0,J,K,A,V,N,2,B,1,5,8,A,0,0,M,KAWK,VN9,RS,8,17,,,,,,,903,0,0,000000000,00000000000,0,0,0,1,0,0,0,0,0,0,0,998,0,0,0,12,12,4,3,12,0,0,0,1,48,78521,6,1,7,0,3,0,999,999,0,0,0,0,0,0,0,0,0,1,0,0,0,0,1,2,45,1,1,8,1,0,0,1,62,1,1,1,65,1,0
48,480419,1,2,2,12,2,17,5,12,6,1,0,48,2,12,17,12017,4,1995,1FALP52U2SA2,1,F,A,L,P,5,2,U,2,S,A,2,0,P,FORD,TGS,4D,95,17,3118,,0,1060,,G,,0,0,000000000,00000000000,0,0,0,1,0,0,0,0,0,0,0,998,0,0,0,12,12,6,2,12,0,0,0,1,48,79706,6,1,0,0,3,3,999,999,0,0,0,0,1,11,2009,11,2009,0,0,0,0,0,2,4,70,1,1,8,1,0,0,1,67,1,1,1,83,0,0
48,480419,2,2,3,12,2,17,5,12,6,1,0,48,1,12,37,12037,4,2005,1FAFP34N95W1,1,F,A,F,P,3,4,N,9,5,W,1,0,P,FORD,ZX4,4D,5,17,2677,,0,1030,,G,,0,0,000000000,00000000000,0,0,0,1,0,0,0,0,0,0,0,998,0,0,0,9,9,6,2,12,0,0,0,1,48,79706,1,1,0,0,2,0,999,999,0,5,0,0,1,4,2008,2,2010,0,38,0,0,0,1,2,99,1,1,8,1,20,3,11,15,1,1,1,82,1,0
48,480420,1,1,2,14,2,13,10,1,0,1,0,35,2,12,421,12421,15,1989,1FMBU14T5KUA,1,F,M,B,U,1,4,T,5,K,U,A,0,P,FORD,BII,UT,89,17,3050,,0,940,,G,,0,0,000000000,00000000000,0,0,0,1,0,0,0,0,0,0,0,998,0,2,5,0,9,6,2,1,0,0,0,1,48,88240,6,1,0,0,3,3,999,999,0,0,0,0,0,0,0,0,0,0,0,0,0,0,1,2,75,1,1,8,1,0,0,1,1,1,3,4,2,1,0
48,480421,1,1,1,14,2,16,55,1,0,1,0,48,2,6,441,6441,20,2001,2C4GP54L21R4,2,C,4,G,P,5,4,L,2,1,R,4,0,P,CHRY,TWC,SV,1,17,4183,,0,1193,,G,,0,0,000000000,00000000000,0,0,0,1,0,0,0,0,0,0,0,998,0,2,5,0,9,6,2,1,0,0,0,1,6,79323,6,1,0,0,3,3,72,220,0,0,0,0,0,0,0,0,0,0,58,0,0,0,1,2,70,1,1,8,1,0,0,1,13,6,4,4,7,1,0
48,480422,1,1,2,16,2,14,0,1,0,1,0,13,1,12,401,12401,14,1995,1FMDU32X7SUB,1,F,M,D,U,3,2,X,7,S,U,B,0,P,FORD,EPR,UT,95,17,3844,,0,1115,,G,,0,0,000000000,00000000000,0,0,0,1,0,0,0,0,0,0,0,998,0,2,1,0,9,4,3,1,0,0,0,1,13,30281,6,1,0,0,3,0,65,190,98,0,0,0,1,3,2009,3,2009,1,28,58,0,0,1,2,30,1,1,8,1,0,0,1,12,7,3,6,98,1,0
48,480423,1,1,1,19,2,1,30,38,0,1,0,48,2,20,4,20004,2,2000,1G1YY22G0Y51,1,G,1,Y,Y,2,2,G,0,Y,5,1,0,P,CHEV,CVT,CP,0,17,3173,,0,1045,,G,,0,0,000000000,00000000000,0,0,0,1,0,0,0,0,0,0,0,68,0,1,5,61,61,6,2,1,0,0,0,1,48,79764,6,1,0,0,3,0,999,999,0,0,0,0,0,0,0,0,0,1,58,0,0,0,1,2,35,1,1,8,1,0,0,1,12,6,4,4,7,1,1
48,480424,1,2,1,10,3,5,2,12,2,1,0,48,1,45,34,45034,2,1987,WP0AA0922HN4,W,P,0,A,A,0,9,2,2,H,N,4,0,P,PORS,94S,CP,87,17,2618,,0,945,,G,,0,0,000000000,00000000000,0,0,0,1,0,0,0,0,0,0,0,998,0,0,0,12,12,6,2,12,0,0,0,1,48,77520,6,1,0,0,3,0,999,999,0,0,0,0,0,0,0,0,0,0,0,0,0,0,1,2,65,1,1,8,2,0,0,1,10,1,1,2,50,1,0
48,480424,2,2,1,10,3,5,2,12,2,1,0,48,2,7,25,7025,5,2007,1B3HB48B27D1,1,B,3,H,B,4,8,B,2,7,D,1,0,P,DODG,CXT,4D,7,17,3038,,0,1037,,G,,0,0,000000000,00000000000,0,0,0,1,0,0,0,0,0,0,0,998,0,0,0,12,12,6,2,12,0,0,0,1,13,30534,6,1,0,0,3,0,71,156,98,0,0,1,0,10,2007,10,2007,0,0,0,0,0,1,2,65,1,1,8,2,0,0,1,62,1,1,1,51,0,0