STATE,ST_CASE,VEH_NO,VE_FORMS,NUMOCCS,DAY,MONTH,HOUR,MINUTE,HARM_EV,MAN_COLL,UNITTYPE,HIT_RUN,REG_STAT,OWNER,MAKE,MODEL,MAK_MOD,BODY_TYP,MOD_YEAR,VIN,VIN_1,VIN_2,VIN_3,VIN_4,VIN_5,VIN_6,VIN_7,VIN_8,VIN_9,VIN_10,VIN_11,VIN_12,TOW_VEH,VINTYPE,VINMAKE,VINA_MOD,VIN_BT,VINMODYR,VIN_LNGT,VIN_WGT,WGTCD_TR,WHLBS_LG,WHLBS_SH,SER_TR,FUELCODE,MCYCL_DS,J_KNIFE,MCARR_I1,MCARR_I2,MCARR_ID,GVWR,V_CONFIG,CARGO_BT,HAZ_INV,HAZ_PLAC,HAZ_ID,HAZ_CNO,HAZ_REL,BUS_USE,SPEC_USE,EMER_USE,TRAV_SP,UNDERIDE,ROLLOVER,ROLINLOC,IMPACT1,IMPACT2,DEFORMED,TOWED,M_HARM,VEH_SC1,VEH_SC2,FIRE_EXP,DR_PRES,L_STATE,DR_ZIP,L_STATUS,L_TYPE,CDL_STAT,L_ENDORS,L_COMPL,L_RESTRI,DR_HGT,DR_WGT,PREV_ACC,PREV_SUS,PREV_DWI,PREV_SPD,PREV_OTH,FIRST_MO,FIRST_YR,LAST_MO,LAST_YR,SPEEDREL,DR_SF1,DR_SF2,DR_SF3,DR_SF4,VTRAFWAY,VNUM_LAN,VSPD_LIM,VALIGN,VPROFILE,VPAVETYP,VSURCOND,VTRAFCON,VTCONT_F,P_CRASH1,P_CRASH2,P_CRASH3,PCRASH4,PCRASH5,ACC_TYPE,DEATHS,DR_DRINK
48,480492,2,3,2,27,4,7,20,12,6,1,0,48,2,49,40,49040,4,1996,JT2BG12K5T03,J,T,2,B,G,1,2,K,5,T,0,3,0,P,TOYT,DLX,4D,96,17,2932,,0,1031,,G,,0,0,000000000,00000000000,0,0,0,1,0,0,0,0,0,0,0,998,0,0,0,61,61,6,2,12,0,0,0,1,48,77015,6,1,0,0,3,0,999,999,0,0,0,0,0,0,0,0,0,0,28,0,0,0,1,2,40,2,1,8,1,0,0,14,8,99,3,6,64,1,0
48,480492,3,3,1,27,4,7,20,12,6,1,0,48,1,18,7,18007,4,1999,2G4WS52M7X16,2,G,4,W,S,5,2,M,7,X,1,6,0,P,BUIC,CCU,4D,99,17,3353,,0,1090,,G,,0,0,000000000,00000000000,0,0,0,1,0,0,0,0,0,0,0,998,0,0,0,12,12,2,8,12,0,0,0,1,48,77388,6,1,0,0,3,0,999,999,0,0,0,0,0,0,0,0,0,0,0,0,0,0,1,2,40,2,1,8,1,0,0,14,18,4,1,1,98,0,0
48,480493,1,1,1,1,1,14,15,14,0,1,0,48,1,37,31,37031,4,1995,1HGEG8641SL0,1,H,G,E,G,8,6,4,1,S,L,0,0,P,HOND,CDL,4D,95,17,2250,,0,1032,,G,,0,0,000000000,00000000000,0,0,0,1,0,0,0,0,0,0,0,998,0,0,0,12,12,4,3,14,0,0,0,1,48,77026,6,1,0,0,3,0,999,999,1,0,0,0,0,10,2008,10,2008,1,28,0,0,0,2,5,60,1,1,1,1,0,0,1,12,1,1,4,6,0,0
48,480494,1,1,1,11,1,18,15,33,0,1,0,48,1,72,706,72706,80,2007,1HD1FF41X7Y7,1,H,D,1,F,F,4,1,X,7,Y,7,0,M,HD,FHC,RS,7,17,,,,,,,1584,0,0,000000000,00000000000,0,0,0,1,0,0,0,0,0,0,0,998,0,0,0,14,14,9,2,1,0,0,0,1,48,75135,1,1,0,0,2,3,72,300,0,5,1,0,0,11,2007,10,2009,0,0,0,0,0,2,3,50,1,1,1,1,0,0,15,12,7,1,4,6,1,1
48,480495,1,2,1,22,1,17,53,12,2,1,0,92,0,52,37,52037,2,1997,4A3AK34Y3VE0,4,A,3,A,K,3,4,Y,3,V,E,0,0,P,MITS,ERS,2H,97,17,2767,,0,988,,G,,0,0,000000000,00000000000,0,0,0,1,0,0,0,0,0,0,0,998,0,0,0,12,12,6,2,12,0,0,0,1,48,77515,0,0,0,0,0,0,999,999,0,0,0,0,0,0,0,0,0,0,35,0,0,0,1,2,65,1,1,8,1,0,0,6,10,1,1,2,50,1,1
48,480495,2,2,1,22,1,17,53,12,2,1,0,48,2,12,481,12481,31,1995,1FTHX25F4SKB,1,F,T,H,X,2,5,F,4,S,K,B,0,T,FORD,F25,PS,95,17,,2,0,1550,COF,D,,0,0,000000000,00000000000,0,0,0,1,0,0,0,0,0,0,0,998,0,0,0,12,12,4,3,12,0,0,0,1,48,77515,6,1,0,0,3,0,999,999,0,0,0,0,0,0,0,0,0,0,0,0,0,0,1,2,65,1,1,8,1,0,0,1,62,1,1,1,51,0,0
48,480497,1,2,1,12,2,15,41,12,2,1,0,48,3,12,481,12481,40,2008,1FDWW37R78ED,1,F,D,W,W,3,7,R,7,8,E,D,1,T,FORD,F3D,CH,8,17,,3,2000,1760,DRW,D,,1,48,005325577,48005325577,2,4,97,1,0,0,0,0,0,0,0,998,0,0,0,12,12,4,3,12,0,0,0,1,48,75833,6,1,6,0,3,0,999,999,0,0,0,0,0,0,0,0,0,0,0,0,0,0,1,2,70,2,2,8,1,0,0,14,62,6,1,1,51,0,0
48,480497,2,2,1,12,2,15,41,12,2,1,0,48,1,20,481,20481,31,1993,2GCEC19K8P11,2,G,C,E,C,1,9,K,8,P,1,1,0,T,CHEV,GC1,PC,93,17,,2,1555,1415,GM4,G,,0,0,000000000,00000000000,0,0,0,1,0,0,0,0,0,0,0,998,0,0,0,12,12,6,2,12,0,0,1,1,48,75833,6,1,0,0,3,3,999,999,0,0,0,0,0,0,0,0,0,1,28,0,0,0,1,2,70,2,2,8,1,0,0,14,10,1,1,2,50,1,0
48,480498,1,1,1,17,2,5,45,8,0,1,0,48,1,12,481,12481,31,2005,1FTSW20P35EA,1,F,T,S,W,2,0,P,3,5,E,A,0,T,FORD,F2S,CW,5,17,,2,1724,1562,SRW,D,,0,0,000000000,00000000000,0,0,0,1,0,0,0,0,0,0,0,998,0,0,0,12,12,4,3,8,0,0,0,1,48,75495,6,1,0,0,3,3,999,999,0,0,0,0,0,0,0,0,0,0,0,0,0,0,1,2,55,1,3,8,1,0,0,6,80,1,1,2,13,0,0
48,480499,1,2,1,27,2,6,42,12,2,1,0,48,1,12,422,12422,15,2000,1FMRU15L6YLA,1,F,M,R,U,1,5,L,6,Y,L,A,0,P,FORD,EPT,UT,0,17,4886,,0,1191,,G,,0,0,000000000,00000000000,0,0,0,1,0,0,0,0,0,0,0,998,0,0,0,12,12,6,2,12,0,0,0,1,48,77012,1,1,0,0,2,0,66,230,0,5,0,0,0,7,2007,3,2009,0,28,51,0,0,1,2,65,1,1,8,1,0,0,1,10,1,1,2,51,1,1
48,480499,2,2,1,27,2,6,42,12,2,1,0,48,1,7,481,7481,31,1990,1B7KE2686LS6,1,B,7,K,E,2,6,8,6,L,S,6,0,T,DODG,D20,PK,90,17,,2,0,1310,D20,D,,0,0,000000000,00000000000,0,0,0,1,0,0,0,0,0,0,0,998,0,0,0,12,12,6,2,12,0,0,0,1,48,77515,6,1,0,0,3,0,65,174,0,0,0,0,0,0,0,0,0,0,0,0,0,0,1,2,65,1,1,8,1,0,0,1,62,1,1,1,50,1,1
48,480500,1,1,2,27,2,15,20,1,0,1,0,48,2,12,481,12481,31,1999,1FTNX21F9XEE,1,F,T,N,X,2,1,F,9,X,E,E,0,T,FORD,F2S,4C,99,17,,2,1580,1418,SRW,D,,0,0,000000000,00000000000,0,0,0,1,0,0,0,0,0,0,0,998,0,2,2,0,3,6,2,1,0,0,0,1,48,77480,1,1,0,0,2,0,999,999,1,0,0,0,0,2,2010,2,2010,1,33,0,0,0,1,2,60,3,1,8,1,0,0,14,6,6,4,4,2,1,0
48,480501,1,1,45,16,3,9,50,1,0,1,0,99,9,93,981,93981,51,1995,1M8PDMPA2SP0,1,M,8,P,D,M,P,A,2,S,P,0,0,U,,,,95,17,,,,,,,,0,57,0781086,570781086,3,21,22,1,0,0,0,0,4,0,0,998,0,2,3,0,3,4,3,1,0,0,0,1,48,78521,6,1,6,1,3,1,999,999,0,0,0,0,0,0,0,0,0,0,58,0,0,0,2,4,70,2,2,8,2,0,0,14,3,3,4,4,7,2,0
48,480502,1,1,1,19,3,16,45,14,0,1,0,48,1,12,481,12481,31,2006,1FTPW14V36FA,1,F,T,P,W,1,4,V,3,6,F,A,0,T,FORD,F1S,CW,6,17,,2,1500,1390,COF,F,,0,0,000000000,00000000000,0,0,0,1,0,0,0,0,0,0,0,998,0,1,2,12,12,4,3,14,0,0,0,1,48,79401,6,1,0,0,3,3,999,999,1,1,0,2,0,7,2007,7,2009,0,0,0,0,0,2,4,65,1,1,8,1,0,0,1,8,1,9,4,2,0,0
48,480503,1,1,5,19,3,3,36,1,0,1,0,48,2,12,401,12401,14,2002,1FMYU60EX2UC,1,F,M,Y,U,6,0,E,X,2,U,C,0,P,FORD,EPR,UT,2,17,3860,,0,1018,,G,,0,0,000000000,00000000000,0,0,0,1,0,0,0,0,0,0,0,998,0,2,2,0,9,4,3,1,0,0,0,1,48,76522,6,1,0,0,3,0,999,999,0,0,0,0,0,0,0,0,0,1,58,0,0,0,1,4,65,1,1,8,1,0,0,1,8,7,3,4,2,1,0
48,480504,1,2,2,26,3,15,47,12,6,1,0,48,1,21,20,21020,4,1995,1G3AJ55M9S63,1,G,3,A,J,5,5,M,9,S,6,3,0,P,OLDS,CRL,4D,95,17,2733,,0,1049,,G,,0,0,000000000,00000000000,0,0,0,1,0,0,0,0,0,0,0,998,0,0,0,3,3,4,3,12,0,0,0,1,48,75961,1,1,0,0,2,0,999,999,0,3,1,1,0,10,2007,12,2009,0,38,0,0,0,1,4,50,1,1,8,1,0,0,11,15,1,1,1,68,1,1
48,480504,2,2,2,26,3,15,47,12,6,1,0,48,1,12,401,12401,14,1997,1FMCU22X7VUC,1,F,M,C,U,2,2,X,7,V,U,C,0,P,FORD,EPR,UT,97,17,3707,,0,1017,,G,,0,0,000000000,00000000000,0,0,0,1,0,0,0,0,0,0,0,998,0,0,0,12,12,4,3,12,0,0,0,1,48,75961,6,1,0,0,3,3,999,999,0,0,0,0,0,0,0,0,0,0,0,0,0,0,1,4,50,1,1,8,1,0,0,1,62,1,1,1,69,0,0
48,480505,1,1,1,28,3,10,9,1,0,1,0,92,0,53,733,53733,90,1992,KM4AG42A3N11,K,M,4,A,G,4,2,A,3,N,1,1,0,M,SUZI,LT6,AT,92,17,,,,,,,158,0,0,000000000,00000000000,0,0,0,1,0,0,0,0,0,0,0,998,0,2,5,0,9,4,1,1,0,0,0,1,48,76624,3,1,0,0,2,3,999,999,0,0,0,0,0,0,0,0,0,0,0,0,0,0,1,2,30,1,3,4,11,0,0,1,5,99,9,4,2,1,1
48,480506,1,1,1,29,3,2,16,1,0,1,0,48,2,73,706,73706,80,2004,JKBZXJB1X4A0,J,K,B,Z,X,J,B,1,X,4,A,0,0,M,KAWK,Z3B,RS,4,17,,,,,,,636,0,0,000000000,00000000000,0,0,0,1,0,0,0,0,0,0,0,998,0,0,0,0,3,2,3,1,0,0,0,1,48,78577,1,1,0,0,2,0,999,999,2,0,0,0,0,3,2008,3,2009,1,0,0,0,0,1,2,30,1,1,8,1,0,0,1,6,1,1,1,98,1,0
48,480507,1,3,1,29,3,15,5,12,7,1,0,48,3,7,482,7482,40,2007,3D6WG46A07G8,3,D,6,W,G,4,6,A,0,7,G,8,1,T,DODG,S35,CB,7,17,,3,1675,1435,RPC,D,,1,57,1447961,571447961,3,1,3,1,0,0,0,0,0,0,0,998,0,0,0,1,12,6,2,12,0,0,0,1,48,75604,6,1,6,1,3,3,999,999,0,0,0,0,0,0,0,0,0,1,0,0,0,0,3,2,65,1,1,8,1,97,8,1,52,7,1,2,44,1,0
48,480507,2,3,1,29,3,15,5,12,7,1,0,93,3,87,881,87881,66,2007,1XP5DB0XX7D6,1,X,P,5,D,B,0,X,X,7,D,6,1,T,PTRB,379,DS,7,17,,8,0,0,CON,D,,1,57,545422,57545422,3,6,3,1,0,0,0,0,0,0,0,998,0,0,0,7,7,4,3,12,0,0,0,1,48,77372,6,1,6,0,3,3,999,999,0,1,0,2,0,6,2007,3,2009,0,0,0,0,0,3,2,65,1,1,8,1,97,8,2,60,1,1,1,45,0,0
48,480507,3,3,1,29,3,15,5,12,7,1,0,93,3,82,881,82881,66,1997,1FUYSSEB7VP7,1,F,U,Y,S,S,E,B,7,V,P,7,1,T,FRHT,FC2,DS,97,17,,8,0,0,CON,D,,1,57,1274339,571274339,3,6,1,1,0,0,0,0,0,0,0,998,0,0,0,6,6,4,3,12,0,0,0,1,48,75702,6,1,6,0,3,0,999,999,1,0,0,0,0,9,2008,9,2008,0,0,0,0,0,3,2,65,1,1,8,1,97,8,2,53,1,1,1,98,0,0
48,480508,1,1,1,31,3,4,12,32,0,1,0,48,1,20,481,20481,31,2000,1GCEC14W8YZ1,1,G,C,E,C,1,4,W,8,Y,Z,1,0,T,CHEV,SC1,PK,0,17,,2,1330,1190,SIL,G,,0,0,000000000,00000000000,0,0,0,1,0,0,0,0,0,0,0,998,0,1,6,5,0,6,2,1,0,0,0,1,48,78537,6,1,0,0,3,3,999,999,0,0,0,1,0,6,2007,6,2007,1,0,0,0,0,1,2,60,1,1,8,1,0,0,1,13,6,4,4,7,1,1
48,480509,1,1,2,1,4,16,21,10,0,1,0,48,3,7,482,7482,31,2004,3D7MU46C64G1,3,D,7,M,U,4,6,C,6,4,G,1,1,T,DODG,S35,PK,4,17,,3,0,1405,RPC,D,,1,48,00019863C,4800019863C,2,4,3,1,0,0,0,0,0,0,0,998,0,2,5,6,6,4,3,10,0,0,0,1,48,76531,6,1,0,0,3,3,999,999,0,0,0,1,0,5,2008,5,2008,0,38,0,0,0,1,2,60,1,1,8,1,65,3,98,98,1,9,2,98,2,0
48,480510,1,2,1,1,4,21,42,12,6,1,0,48,1,7,402,7402,14,2002,1B4HR48N12F1,1,B,4,H,R,4,8,N,1,2,F,1,0,P,DODG,DUR,UT,2,17,4310,,0,1160,,G,,0,0,000000000,00000000000,0,0,0,1,0,0,0,0,0,0,0,998,0,0,0,12,12,4,3,12,0,0,0,1,48,77498,6,1,0,0,3,3,999,999,0,0,0,0,0,0,0,0,0,0,39,0,0,0,2,4,99,1,1,8,2,20,3,1,17,1,1,1,69,0,0
48,480510,2,2,4,1,4,21,42,12,6,1,0,48,1,37,31,37031,4,1997,1HGEJ6570VL0,1,H,G,E,J,6,5,7,0,V,L,0,0,P,HOND,UCL,4D,97,17,2375,,0,1032,,G,,0,0,000000000,00000000000,0,0,0,1,0,0,0,0,0,0,0,998,0,0,0,3,3,6,2,12,0,0,0,1,48,77469,6,1,6,0,3,0,999,999,0,0,0,0,0,0,0,0,0,0,0,0,0,0,2,4,99,1,1,8,2,20,3,11,15,1,1,1,68,1,0
48,480511,1,1,2,3,4,12,34,33,0,1,0,48,2,53,706,53706,80,2006,JS1GW71A4621,J,S,1,G,W,7,1,A,4,6,2,1,0,M,SUZI,GXR,RS,6,17,,,,,,,1298,0,0,000000000,00000000000,0,0,0,1,0,0,0,0,0,0,0,998,0,0,0,12,12,4,3,33,0,0,0,1,48,75116,6,1,0,0,3,0,999,999,0,0,0,1,3,6,2007,8,2009,1,0,0,0,0,4,2,40,2,3,8,1,0,0,14,12,1,9,4,6,1,0
48,480512,1,1,1,5,4,3,20,1,0,1,0,48,2,12,422,12422,15,2003,1FMPU17L43LC,1,F,M,P,U,1,7,L,4,3,L,C,0,P,FORD,EPT,UT,3,17,5416,,0,1191,,G,,0,0,000000000,00000000000,0,0,0,1,0,0,0,0,0,0,0,998,0,1,5,0,0,6,2,1,32,0,0,1,48,79415,6,1,0,0,3,0,999,999,0,0,0,0,1,8,2009,8,2009,1,39,0,0,0,1,2,65,1,1,8,1,20,3,1,13,4,3,4,2,1,1
48,480513,1,2,1,9,4,19,52,12,6,1,0,48,3,20,461,20461,21,2006,1GBHG31U1612,1,G,B,H,G,3,1,U,1,6,1,2,0,T,CHEV,CT3,MY,6,17,,2,1590,1390,ETV,G,,0,0,000000000,00000000000,0,0,0,1,0,0,0,0,0,0,0,998,0,0,0,9,9,4,3,12,0,0,0,1,48,78114,6,1,0,0,3,3,999,999,0,0,0,0,0,0,0,0,0,0,38,0,0,0,1,2,98,8,8,8,1,20,3,4,17,1,1,1,89,0,0
48,480513,2,2,1,9,4,19,52,12,6,1,0,48,1,72,706,72706,80,2007,1HD1KB4137Y6,1,H,D,1,K,B,4,1,3,7,Y,6,0,M,HD,FHX,RS,7,17,,,,,,,1584,0,0,000000000,00000000000,0,0,0,1,0,0,0,0,0,0,0,998,0,0,0,12,12,2,3,12,0,0,0,1,48,78114,6,1,6,0,3,3,999,999,1,0,0,1,2,4,2007,3,2010,0,0,0,0,0,3,2,70,4,3,8,1,0,0,14,68,4,2,1,88,1,0
48,480514,1,2,1,10,4,12,10,12,6,1,0,48,2,20,481,20481,31,2002,2GCEC19V5214,2,G,C,E,C,1,9,V,5,2,1,4,0,T,CHEV,SC1,4C,2,17,,2,1575,1435,SIL,G,,0,0,000000000,00000000000,0,0,0,1,0,0,0,0,0,0,0,998,0,0,0,3,3,2,3,12,0,0,0,1,48,78873,6,1,0,0,3,3,999,999,0,0,0,0,0,0,0,0,0,0,92,0,0,0,1,2,55,1,1,8,1,0,0,11,15,1,1,2,68,0,0
48,480514,2,2,1,10,4,12,10,12,6,1,0,48,2,37,706,37706,80,2005,JH2PC37075M2,J,H,2,P,C,3,7,0,7,5,M,2,0,M,HOND,B60,RS,5,17,,,,,,,599,0,0,000000000,00000000000,0,0,0,1,0,0,0,0,0,0,0,998,0,0,0,12,12,2,3,12,0,0,0,1,48,76052,6,1,0,0,3,0,999,999,0,0,0,1,0,5,2008,5,2008,0,0,0,0,0,1,2,55,1,1,8,1,0,0,1,62,1,1,1,69,1,0
48,480515,1,2,1,12,4,16,5,12,6,1,0,4,5,73,706,73706,80,2007,JKAZXCD197A0,J,K,A,Z,X,C,D,1,9,7,A,0,0,M,KAWK,Z1D,RS,7,17,,,,,,,998,0,0,000000000,00000000000,0,0,0,1,0,0,0,0,0,0,0,998,0,0,0,12,12,2,3,12,0,0,0,1,48,77375,6,1,0,0,2,0,999,999,1,2,0,2,1,5,2007,6,2008,1,37,0,0,0,1,2,35,1,3,8,1,0,0,1,6,8,2,2,73,1,0
48,480515,2,2,2,12,4,16,5,12,6,1,0,48,1,49,472,49472,30,2007,5TFRV54187X0,5,T,F,R,V,5,4,1,8,7,X,0,1,T,TOYT,DBS,CW,7,17,,2,0,1457,TUN,G,,1,0,000000000,00000000000,0,0,0,1,0,0,0,0,0,0,0,998,0,0,0,8,8,2,1,12,0,0,0,1,48,77354,6,1,0,0,3,0,999,999,0,0,0,0,0,0,0,0,0,0,0,0,0,0,1,2,35,1,3,8,1,0,0,11,53,1,1,1,72,0,0
48,480516,1,2,2,16,4,20,48,12,7,1,0,48,2,14,401,14401,14,2000,4M2ZU66E3YUJ,4,M,2,Z,U,6,6,E,3,Y,U,J,0,P,MERC,MOU,UT,0,17,3845,,0,1116,,G,,0,0,000000000,00000000000,0,0,0,1,0,0,0,0,0,0,0,998,0,1,3,61,61,6,2,12,0,0,0,1,48,78016,1,1,0,0,2,0,999,999,0,4,0,0,0,9,2008,9,2009,0,28,0,0,0,2,2,65,1,1,8,1,0,0,1,10,1,1,2,45,1,0
48,480516,2,2,1,16,4,20,48,12,7,1,0,93,3,51,881,51881,66,2009,4V4NC9TH09N2,4,V,4,N,C,9,T,H,0,9,N,2,1,T,VOLV,VNL,DS,9,17,,8,0,0,VVN,D,,1,57,1821287,571821287,3,6,1,1,0,0,0,0,0,0,0,998,0,0,0,82,82,2,1,12,0,0,0,1,40,74063,6,1,6,0,3,3,72,220,0,0,0,0,0,0,0,0,0,0,0,0,0,0,2,2,65,1,1,8,1,0,0,1,60,1,1,1,44,0,0
48,480518,1,1,2,21,4,4,5,33,0,1,0,48,2,13,421,13421,15,1998,5LMPU28L2WLJ,5,L,M,P,U,2,8,L,2,W,L,J,0,P,LINC,NAV,UT,98,17,5557,,0,1190,,G,,0,0,000000000,00000000000,0,0,0,1,0,0,0,0,0,0,0,998,0,1,5,14,14,6,2,1,0,0,0,1,99,99999,9,9,99,0,9,9,999,999,99,99,99,99,99,99,9999,99,9999,1,58,24,91,0,3,1,50,2,1,8,1,0,0,14,6,7,3,4,7,1,1
48,480519,1,2,2,23,4,8,27,12,6,1,0,48,2,12,37,12037,4,2000,1FAFP3837YW1,1,F,A,F,P,3,8,3,7,Y,W,1,0,P,FORD,FZT,4D,0,17,2564,,0,1030,,G,,0,0,000000000,00000000000,0,0,0,1,0,0,0,0,0,0,0,998,0,0,0,3,3,6,2,12,0,0,0,1,48,77084,6,1,0,0,3,0,999,999,0,0,0,0,0,0,0,0,0,0,28,92,0,0,1,4,45,1,1,8,2,0,0,1,9,99,1,2,64,1,0
48,480519,2,2,1,23,4,8,27,12,6,1,0,48,1,37,421,37421,15,2009,5FNYF48849B0,5,F,N,Y,F,4,8,8,4,9,B,0,0,P,HOND,PIL,UT,9,17,4590,,0,1092,,G,,0,0,000000000,00000000000,0,0,0,1,0,0,0,0,0,0,0,998,0,0,0,12,12,4,3,12,0,0,0,1,48,77084,6,1,0,0,3,3,999,999,0,0,0,0,0,0,0,0,0,0,0,0,0,0,1,4,45,1,1,8,1,0,0,1,62,1,1,1,65,0,0
48,480520,1,2,1,24,4,8,45,12,6,1,0,48,1,69,54,69054,3,2003,WMWRC33453TJ,W,M,W,R,C,3,3,4,5,3,T,J,0,P,MNNI,COO,2H,3,17,2524,,0,971,,G,,0,0,000000000,00000000000,0,0,0,1,0,0,0,0,0,0,0,998,0,0,0,9,9,4,3,12,0,0,0,1,48,75230,6,1,0,0,3,3,65,140,0,0,0,0,0,0,0,0,0,0,39,0,0,0,2,3,40,1,1,8,1,3,3,4,17,1,1,1,89,1,0
48,480520,2,2,1,24,4,8,45,12,6,1,0,48,1,6,51,6051,4,2006,2C3LA63H96H5,2,C,3,L,A,6,3,H,9,6,H,5,0,P,CHRY,30C,4D,6,17,3980,,0,1200,,G,,0,0,000000000,00000000000,0,0,0,1,0,0,0,0,0,0,0,998,0,0,0,12,12,6,2,12,0,0,0,1,48,75002,6,1,0,0,3,0,999,999,0,0,0,0,0,0,0,0,0,0,0,0,0,0,2,3,99,1,9,9,99,3,3,1,17,99,1,1,88,0,0
48,480521,1,1,99,27,4,20,53,8,0,1,1,99,9,99,999,99999,99,9999,999999999999,9,9,9,9,9,9,9,9,9,9,9,9,9,U,,,,9,17,,,,,,,,0,99,999999999,99999999999,9,99,99,1,0,0,0,0,99,99,9,999,0,0,0,99,99,9,1,8,99,99,0,1,99,99999,9,9,99,9,9,9,999,999,99,99,99,99,99,99,9999,99,9999,0,0,0,0,0,3,3,35,1,1,8,1,0,0,99,80,99,9,9,13,0,0
48,480522,1,2,1,28,4,5,20,12,2,1,0,48,2,7,472,7472,31,1992,1B7GG23XXNS5,1,B,7,G,G,2,3,X,X,N,S,5,0,T,DODG,DAK,PC,92,17,,1,0,1309,DAK,G,,0,0,000000000,00000000000,0,0,0,1,0,0,0,0,0,0,0,998,0,0,0,12,12,6,2,12,0,0,0,1,48,77660,6,1,0,0,3,3,999,999,0,0,0,0,0,0,0,0,0,0,51,23,0,0,1,2,55,1,1,8,1,0,0,1,54,1,1,1,50,1,0
48,480522,2,2,1,28,4,5,20,12,2,1,0,48,2,20,481,20481,31,1998,2GCEC19R1W12,2,G,C,E,C,1,9,R,1,W,1,2,0,T,CHEV,GC1,PC,98,17,,2,1555,1415,GM4,G,,0,0,000000000,00000000000,0,0,0,1,0,0,0,0,0,0,0,998,0,0,0,12,12,6,2,12,0,0,0,1,48,77660,6,1,6,0,3,0,999,999,0,0,0,0,0,0,0,0,0,0,0,0,0,0,1,2,55,1,1,8,1,0,0,1,54,1,1,1,51,0,0
48,480523,1,1,6,1,1,23,56,26,0,1,0,48,2,12,13,12013,4,1998,1FAFP10P4WW1,1,F,A,F,P,1,0,P,4,W,W,1,0,P,FORD,LXE,4D,98,17,2457,,0,984,,G,,0,0,000000000,00000000000,0,0,0,1,0,0,0,0,0,0,0,998,0,0,0,4,4,6,2,26,0,0,0,1,48,76209,6,1,0,0,3,0,999,999,0,0,0,2,1,7,2008,7,2009,1,0,0,0,0,3,2,50,1,1,8,1,0,0,1,6,6,4,4,2,3,1
48,480524,1,1,5,1,1,18,31,8,0,1,0,48,1,49,32,49032,4,2005,JTDBR32E8520,J,T,D,B,R,3,2,E,8,5,2,0,0,P,TOYT,EEL,4D,5,17,2530,,0,1024,,G,,0,0,000000000,00000000000,0,0,0,1,0,0,0,0,0,0,0,998,0,0,0,12,12,2,1,8,0,0,0,1,48,77503,6,1,0,0,3,3,999,999,0,0,0,0,0,0,0,0,0,0,0,0,0,0,1,4,40,1,1,8,1,0,0,1,80,7,1,1,13,0,0
48,480525,1,2,1,1,1,18,20,12,2,1,0,92,0,37,31,37031,2,2003,1HGEM212X3L0,1,H,G,E,M,2,1,2,X,3,L,0,0,P,HOND,UCD,CP,3,17,2403,,0,1031,,G,,0,0,000000000,00000000000,0,0,0,1,0,0,0,0,0,0,0,998,0,0,0,12,12,4,3,12,0,0,0,1,48,77423,6,1,0,0,3,3,999,999,0,0,0,0,0,0,0,0,0,0,28,0,0,0,1,2,45,1,1,8,1,0,0,1,10,1,1,2,50,0,0
48,480525,2,2,1,1,1,18,20,12,2,1,0,48,1,50,706,50706,80,2008,SMTC05LR58J3,S,M,T,C,0,5,L,R,5,8,J,3,0,M,TRIU,RCT,RS,8,17,,,,,,,2294,0,0,000000000,00000000000,0,0,0,1,0,0,0,0,0,0,0,998,0,0,0,12,12,9,2,12,0,0,0,1,48,77084,6,1,0,0,3,3,999,999,0,0,0,0,0,0,0,0,0,0,0,0,0,0,1,2,45,1,1,8,1,0,0,1,62,1,1,1,51,1,0
48,480526,1,2,2,3,1,13,9,12,6,1,0,48,1,12,422,12422,15,2009,1FMFK155X9LA,1,F,M,F,K,1,5,5,X,9,L,A,0,P,FORD,EPT,UT,9,17,5928,,0,1310,,F,,0,0,000000000,00000000000,0,0,0,1,0,0,0,0,0,0,0,998,0,0,0,3,3,6,2,12,0,0,0,1,48,78112,0,0,0,0,0,0,999,999,0,0,0,0,0,0,0,0,0,0,38,0,0,0,1,2,99,1,9,8,99,20,3,1,17,1,1,1,87,0,1
48,480526,2,2,2,3,1,13,9,12,6,1,0,48,1,55,36,55036,4,2008,KMHCN46C98U2,K,M,H,C,N,4,6,C,9,8,U,2,0,P,HYUN,ALS,4D,8,17,2365,,0,984,,G,,0,0,000000000,00000000000,0,0,0,1,0,0,0,0,0,0,0,998,0,0,0,12,12,6,2,12,0,0,0,1,48,78223,6,1,0,0,3,0,999,999,0,0,0,0,0,0,0,0,0,0,0,0,0,0,2,2,65,1,1,8,1,0,0,1,17,1,1,1,86,1,0
48,480527,1,3,1,3,1,17,55,12,2,1,0,4,1,12,481,12481,31,2007,1FTSW21P07EA,1,F,T,S,W,2,1,P,0,7,E,A,0,T,FORD,F2S,CW,7,17,,2,1720,1560,SRW,D,,0,0,000000000,00000000000,0,0,0,1,0,0,0,0,0,0,0,998,0,1,1,12,61,4,3,12,0,0,0,1,48,77357,6,1,0,0,3,0,999,999,1,0,0,2,0,7,2007,12,2007,0,0,0,0,0,3,4,55,1,1,8,2,20,3,1,71,6,2,2,90,0,0