STATE,ST_CASE,VEH_NO,VE_FORMS,NUMOCCS,DAY,MONTH,HOUR,MINUTE,HARM_EV,MAN_COLL,UNITTYPE,HIT_RUN,REG_STAT,OWNER,MAKE,MODEL,MAK_MOD,BODY_TYP,MOD_YEAR,VIN,VIN_1,VIN_2,VIN_3,VIN_4,VIN_5,VIN_6,VIN_7,VIN_8,VIN_9,VIN_10,VIN_11,VIN_12,TOW_VEH,VINTYPE,VINMAKE,VINA_MOD,VIN_BT,VINMODYR,VIN_LNGT,VIN_WGT,WGTCD_TR,WHLBS_LG,WHLBS_SH,SER_TR,FUELCODE,MCYCL_DS,J_KNIFE,MCARR_I1,MCARR_I2,MCARR_ID,GVWR,V_CONFIG,CARGO_BT,HAZ_INV,HAZ_PLAC,HAZ_ID,HAZ_CNO,HAZ_REL,BUS_USE,SPEC_USE,EMER_USE,TRAV_SP,UNDERIDE,ROLLOVER,ROLINLOC,IMPACT1,IMPACT2,DEFORMED,TOWED,M_HARM,VEH_SC1,VEH_SC2,FIRE_EXP,DR_PRES,L_STATE,DR_ZIP,L_STATUS,L_TYPE,CDL_STAT,L_ENDORS,L_COMPL,L_RESTRI,DR_HGT,DR_WGT,PREV_ACC,PREV_SUS,PREV_DWI,PREV_SPD,PREV_OTH,FIRST_MO,FIRST_YR,LAST_MO,LAST_YR,SPEEDREL,DR_SF1,DR_SF2,DR_SF3,DR_SF4,VTRAFWAY,VNUM_LAN,VSPD_LIM,VALIGN,VPROFILE,VPAVETYP,VSURCOND,VTRAFCON,VTCONT_F,P_CRASH1,P_CRASH2,P_CRASH3,PCRASH4,PCRASH5,ACC_TYPE,DEATHS,DR_DRINK
48,480558,1,1,1,2,4,5,6,8,0,1,0,48,1,12,471,12471,30,2002,1FTYR14V22PB,1,F,T,Y,R,1,4,V,2,2,P,B,0,T,FORD,RNS,PS,2,17,,1,0,1257,RNG,F,,0,0,000000000,00000000000,0,0,0,1,0,0,0,0,0,0,0,998,0,0,0,12,12,6,9,8,0,0,0,1,48,79414,6,1,0,0,3,3,999,999,0,0,0,1,0,3,2009,3,2009,0,0,0,0,0,2,2,55,1,1,8,1,0,0,1,80,1,1,1,13,0,0
48,480559,1,1,1,6,4,0,54,46,0,1,0,48,1,34,34,34034,2,2002,WBABS33432PG,W,B,A,B,S,3,3,4,3,2,P,G,0,P,BMW,5CI,CV,2,17,3560,,0,1073,,G,,0,0,000000000,00000000000,0,0,0,1,0,0,0,0,0,0,0,998,0,1,5,12,3,6,2,46,0,0,0,1,48,78660,0,0,0,0,0,0,999,999,0,7,0,0,0,8,2007,1,2010,1,0,0,0,0,1,4,50,1,1,8,1,3,3,1,13,1,1,4,1,1,1
48,480560,1,2,1,7,4,20,50,12,1,1,0,48,2,53,705,53705,80,2006,JS1VP53A8621,J,S,1,V,P,5,3,A,8,6,2,1,0,M,SUZI,SV6,RS,6,17,,,,,,,645,0,0,000000000,00000000000,0,0,0,1,0,0,0,0,0,0,0,998,0,0,0,6,99,9,2,12,0,0,0,1,48,76531,6,1,0,0,3,0,70,160,0,0,0,3,0,5,2007,8,2009,0,0,0,0,0,1,2,65,1,2,8,1,0,0,1,53,1,1,1,25,1,1
48,480560,2,2,1,7,4,20,50,12,1,1,0,48,1,6,51,6051,4,2006,2C3KA63H46H4,2,C,3,K,A,6,3,H,4,6,H,4,0,P,CHRY,30C,4D,6,17,3980,,0,1200,,G,,0,0,000000000,00000000000,0,0,0,1,0,0,0,0,0,0,0,998,0,0,0,12,12,2,3,12,0,0,0,1,48,76544,9,9,99,9,9,9,999,999,99,99,99,99,99,99,9999,99,9999,0,0,0,0,0,1,2,65,1,2,8,1,0,0,6,51,1,1,1,24,0,0
48,480561,1,1,2,8,4,1,42,30,0,1,0,48,2,20,471,20471,30,1998,1GCCS1447WK2,1,G,C,C,S,1,4,4,7,W,K,2,0,T,CHEV,S14,PK,98,17,,1,1179,1083,S,G,,0,0,000000000,00000000000,0,0,0,1,0,0,0,0,0,0,0,998,0,0,0,81,81,6,2,30,0,0,0,1,48,78212,6,1,6,0,3,0,999,999,0,1,0,0,0,8,2009,8,2009,1,91,0,0,0,5,4,35,1,1,8,1,9,3,1,13,1,1,4,1,1,1
48,480562,1,1,1,10,4,21,50,8,0,1,0,48,1,37,706,37706,80,1984,1HFSC1200EA1,1,H,F,S,C,1,2,0,0,E,A,1,0,M,HOND,VF1,RS,84,17,,,,,,,1100,0,0,000000000,00000000000,0,0,0,1,0,0,0,0,0,0,0,998,0,0,0,12,12,9,1,8,0,0,0,1,48,78102,6,1,0,0,3,0,999,999,0,0,0,0,0,0,0,0,0,0,0,0,0,0,4,2,55,1,2,8,1,0,0,1,80,1,1,1,13,0,0
48,480563,1,1,2,11,4,19,16,59,0,1,0,48,2,7,20,7020,4,1997,1B3ES47C9VD1,1,B,3,E,S,4,7,C,9,V,D,1,0,P,DODG,NHS,4P,97,17,2517,,0,1040,,G,,0,0,000000000,00000000000,0,0,0,1,0,0,0,0,0,0,0,998,0,0,0,10,9,6,2,21,0,0,0,1,48,75098,0,0,0,0,0,0,71,226,0,0,0,0,0,0,0,0,0,1,0,0,0,0,4,4,40,1,1,8,1,0,0,1,6,1,3,4,2,1,0
48,480564,1,1,2,11,4,2,0,42,0,1,0,48,2,7,398,7398,2,2005,1B3AS66S55D1,1,B,3,A,S,6,6,S,5,5,D,1,0,P,DODG,NR4,4D,5,17,2869,,0,1040,,G,,0,0,000000000,00000000000,0,0,0,1,0,0,0,0,0,0,0,998,0,0,0,9,9,6,2,42,0,0,0,1,48,77478,6,1,0,0,3,0,70,178,0,1,1,0,0,9,2007,12,2007,1,0,0,0,0,5,2,55,1,1,8,1,0,0,1,6,1,4,4,7,2,1
48,480565,1,3,4,12,4,15,37,12,6,1,0,48,2,49,33,49033,2,1995,JT2ST07N8S00,J,T,2,S,T,0,7,N,8,S,0,0,0,P,TOYT,CGF,2L,95,17,2580,,0,999,,G,,0,0,000000000,00000000000,0,0,0,1,0,0,0,0,0,0,0,998,0,0,0,12,12,6,2,12,0,0,0,1,48,78006,6,2,0,0,3,3,999,999,0,0,0,0,0,0,0,0,0,1,39,51,0,0,5,4,45,1,1,8,1,3,3,1,17,1,1,2,86,4,0
48,480565,2,3,1,12,4,15,37,12,6,1,0,48,2,20,481,20481,31,2007,3GCEK13M27G5,3,G,C,E,K,1,3,M,2,7,G,5,0,T,CHEV,1KW,CW,7,17,,2,0,1435,SIL,G,,0,0,000000000,00000000000,0,0,0,1,0,0,0,0,0,0,0,998,0,0,0,2,2,4,3,12,0,0,0,1,48,78028,6,1,0,0,3,0,999,999,0,0,0,0,0,0,0,0,0,0,0,0,0,0,5,3,99,1,1,8,1,3,3,1,66,1,1,1,87,0,0
48,480565,3,3,1,12,4,15,37,12,6,1,0,48,1,7,482,7482,31,2003,3D7KA28613G7,3,D,7,K,A,2,8,6,1,3,G,7,0,T,DODG,SQ2,CW,3,17,,2,1605,1405,RPC,D,,0,0,000000000,00000000000,0,0,0,1,0,0,0,0,0,0,0,0,0,0,0,12,12,2,3,12,0,0,0,1,48,78003,6,1,0,0,3,3,999,999,0,0,0,0,0,0,0,0,0,0,0,0,0,0,5,4,45,1,1,8,1,3,3,5,54,1,1,1,98,0,0
48,480566,1,2,1,15,4,10,47,12,6,1,0,48,1,21,1,21001,2,1987,1G3AJ11R7HD3,1,G,3,A,J,1,1,R,7,H,D,3,0,P,OLDS,CIS,CP,87,17,2769,,0,1049,,G,,0,0,000000000,00000000000,0,0,0,1,0,0,0,0,0,0,0,998,0,0,0,3,3,4,3,12,0,0,0,1,48,79763,6,1,0,0,3,0,999,999,0,0,0,0,0,0,0,0,0,0,38,0,0,0,1,2,99,1,1,8,2,20,3,1,17,1,1,1,87,1,0
48,480566,2,2,1,15,4,10,47,12,6,1,0,48,1,12,481,12481,31,2002,3FTRF17272MA,3,F,T,R,F,1,7,2,7,2,M,A,0,T,FORD,F15,PK,2,17,,2,1385,1199,COF,G,,0,0,000000000,00000000000,0,0,0,1,0,0,0,0,0,0,0,998,0,0,0,12,12,4,3,12,0,0,0,1,48,79705,6,1,0,0,3,0,999,999,0,0,0,0,0,0,0,0,0,0,0,0,0,0,5,4,35,1,1,8,2,0,0,1,66,1,1,1,86,0,0
48,480567,1,1,1,16,4,1,27,34,0,1,0,48,1,12,3,12003,2,2009,1ZVHT80N3951,1,Z,V,H,T,8,0,N,3,9,5,1,0,P,FORD,MUS,CP,9,17,3300,,0,1071,,G,,0,0,000000000,00000000000,0,0,0,1,0,0,0,0,0,0,0,998,0,1,3,12,12,2,3,99,0,0,0,1,48,78254,1,1,0,0,2,3,999,999,0,6,1,0,0,1,2008,4,2010,0,0,0,0,0,2,9,65,1,1,8,2,0,0,1,12,1,9,4,6,1,1
48,480568,1,4,1,16,4,10,34,12,6,1,0,93,3,87,881,87881,66,2007,1XP5DB9X17D6,1,X,P,5,D,B,9,X,1,7,D,6,1,T,PTRB,379,DS,7,17,,8,0,0,CON,D,,1,57,0598650,570598650,3,6,8,1,0,0,0,0,0,0,0,998,0,0,0,12,12,6,2,12,0,0,0,1,48,76258,6,1,6,0,3,3,999,999,0,0,0,0,0,0,0,0,0,0,28,0,0,0,1,2,65,4,1,8,1,0,0,14,10,1,1,2,64,1,0
48,480568,2,4,1,16,4,10,34,12,6,1,0,40,1,82,881,82881,66,1996,1FUYDZYB9TH7,1,F,U,Y,D,Z,Y,B,9,T,H,7,1,T,FRHT,FLD,DS,96,17,,8,0,0,CON,D,,1,57,1026433,571026433,3,6,1,1,0,0,0,0,0,0,0,998,0,0,0,62,62,6,2,12,0,0,0,1,40,74820,6,1,6,0,3,3,70,160,0,0,0,0,0,0,0,0,0,0,0,0,0,0,1,2,65,4,1,8,1,0,0,14,62,1,1,1,65,0,0
48,480568,3,4,1,16,4,10,34,12,6,1,0,48,3,87,881,87881,66,1999,1XP5DU9X1XN4,1,X,P,5,D,U,9,X,1,X,N,4,1,T,PTRB,379,DS,99,17,,8,0,0,CON,D,,1,57,1873022,571873022,3,6,2,1,0,0,0,0,0,0,0,998,0,0,0,62,62,6,2,12,0,0,0,1,48,76049,6,1,6,1,3,0,999,999,0,0,0,0,0,0,0,0,0,0,0,0,0,0,1,2,65,4,1,8,1,0,0,14,62,1,1,1,98,0,0
48,480568,4,4,2,16,4,10,34,12,6,1,0,48,1,12,481,12481,31,2010,1FTFW1EV9AFA,1,F,T,F,W,1,E,V,9,A,F,A,0,T,FORD,F1S,CW,10,17,,2,1570,1450,COF,F,,0,0,000000000,00000000000,0,0,0,1,0,0,0,0,0,0,0,998,0,0,0,12,12,2,3,54,0,0,0,1,48,78412,6,1,0,0,3,0,999,999,0,0,0,1,0,8,2009,8,2009,0,0,0,0,0,1,2,65,4,1,8,1,0,0,14,90,1,1,1,98,0,0
48,480569,1,1,1,17,4,23,34,3,0,1,0,92,0,12,17,12017,4,2000,1FAFP5520YA1,1,F,A,F,P,5,5,2,0,Y,A,1,0,P,FORD,TSS,4D,0,17,3333,,0,1085,,F,,0,0,000000000,00000000000,0,0,0,1,0,0,0,0,0,0,0,998,0,0,0,0,0,0,3,3,0,0,0,1,48,75503,6,1,0,0,3,3,999,999,0,0,0,0,0,0,0,0,0,1,0,0,0,0,1,2,15,1,2,8,1,40,3,1,98,1,1,4,0,1,1
48,480570,1,3,1,17,4,7,40,12,6,1,0,48,2,49,422,49422,15,2005,5TDZT38A35S2,5,T,D,Z,T,3,8,A,3,5,S,2,0,P,TOYT,SEQ,UT,5,17,3470,,0,1181,,G,,0,0,000000000,00000000000,0,0,0,1,0,0,0,0,0,0,0,998,0,0,0,12,12,4,3,12,0,0,0,1,48,77450,6,1,0,0,3,0,999,999,0,0,0,1,0,11,2008,11,2008,0,39,91,0,0,1,2,98,8,8,8,1,3,3,1,17,1,1,1,88,0,1
48,480570,2,3,1,17,4,7,40,12,6,1,0,48,1,55,33,55033,4,2006,5NPEU46F16H0,5,N,P,E,U,4,6,F,1,6,H,0,0,P,HYUN,SGX,4D,6,17,3458,,0,1074,,G,,0,0,000000000,00000000000,0,0,0,1,0,0,0,0,0,0,0,998,0,0,0,9,9,6,2,12,0,0,0,1,48,77469,6,1,0,0,3,3,999,999,0,0,0,0,0,0,0,0,0,0,0,0,0,0,2,3,55,1,1,8,1,3,3,4,66,1,1,1,89,1,0
48,480570,3,3,1,17,4,7,40,12,6,1,0,48,2,58,33,58033,4,1999,JNKCP11A1XT0,J,N,K,C,P,1,1,A,1,X,T,0,0,P,INFI,G20,4D,99,17,2816,,0,1024,,G,,0,0,000000000,00000000000,0,0,0,1,0,0,0,0,0,0,0,998,0,0,0,9,9,2,3,12,0,0,0,1,48,77469,0,0,0,0,0,0,999,999,0,0,0,0,0,0,0,0,0,0,92,0,0,0,2,3,55,1,1,8,1,3,3,1,61,1,1,1,98,0,0
48,480571,1,2,1,17,4,9,46,12,6,1,0,48,2,20,421,20421,15,2001,1GNCS13W8121,1,G,N,C,S,1,3,W,8,1,2,1,0,P,CHEV,BZR,UT,1,17,3887,,0,1070,,G,,0,0,000000000,00000000000,0,0,0,1,0,0,0,0,0,0,0,998,0,0,0,12,12,4,3,12,0,0,0,1,48,78547,6,1,0,0,3,0,999,999,0,0,0,1,1,10,2009,10,2009,1,0,0,0,0,1,2,45,1,1,8,1,0,0,6,60,1,1,1,73,0,0
48,480571,2,2,1,17,4,9,46,12,6,1,0,48,2,12,17,12017,4,1995,1FALP52U0SG1,1,F,A,L,P,5,2,U,0,S,G,1,0,P,FORD,TGS,4D,95,17,3118,,0,1060,,G,,0,0,000000000,00000000000,0,0,0,1,0,0,0,0,0,0,0,998,0,0,0,10,10,6,2,12,0,0,0,1,48,78572,6,1,0,0,3,0,999,999,0,0,0,0,0,0,0,0,0,0,48,0,0,0,1,2,45,1,1,8,1,0,0,11,10,1,1,2,72,1,0
48,480572,1,2,2,17,4,2,30,12,6,1,0,48,2,37,32,37032,2,1996,1HGEJ7121TL0,1,H,G,E,J,7,1,2,1,T,L,0,0,P,HOND,UCH,CP,96,17,2261,,0,1032,,G,,0,0,000000000,00000000000,0,0,0,1,0,0,0,0,0,0,0,998,0,0,0,9,9,6,2,12,0,0,0,1,48,75847,6,1,0,0,3,0,999,999,0,0,0,0,0,0,0,0,0,0,0,0,0,0,1,2,65,1,2,8,2,0,0,1,67,1,1,1,83,1,1
48,480572,2,2,3,17,4,2,30,12,6,1,0,48,1,20,481,20481,31,2001,1GCHC24G11E2,1,G,C,H,C,2,4,G,1,1,E,2,0,T,CHEV,2CH,PK,1,17,,2,0,1330,SIL,G,,0,0,000000000,00000000000,0,0,0,1,0,0,0,0,0,0,0,998,0,0,0,12,12,4,3,12,0,0,0,1,48,75845,0,0,0,0,0,0,999,999,0,0,0,0,0,0,0,0,0,0,38,91,0,0,0,0,0,0,0,0,0,0,0,11,98,1,1,1,82,0,1
48,480573,1,2,3,18,4,11,30,12,6,1,0,48,1,7,482,7482,31,2004,1D7HA18D94S6,1,D,7,H,A,1,8,D,9,4,S,6,0,T,DODG,SQ1,CW,4,17,,2,1605,1405,RPC,G,,0,0,000000000,00000000000,0,0,0,1,0,0,0,0,0,0,0,998,0,0,0,2,2,6,2,12,0,0,0,1,48,75217,6,1,6,0,3,0,999,999,0,0,0,0,0,0,0,0,0,1,91,87,0,0,2,2,70,4,1,8,2,0,0,14,6,8,4,6,64,0,0
48,480573,2,2,4,18,4,11,30,12,6,1,0,48,1,49,442,49442,20,2003,4T3ZF19CX3U5,4,T,3,Z,F,1,9,C,X,3,U,5,0,P,TOYT,SIE,SV,3,17,3919,,0,1142,,G,,0,0,000000000,00000000000,0,0,0,1,0,0,0,0,0,0,0,998,0,0,0,12,12,6,2,12,0,0,0,1,48,75019,6,1,0,0,3,3,999,999,0,0,0,0,0,0,0,0,0,0,0,0,0,0,2,2,70,4,1,8,2,0,0,14,62,1,1,1,65,2,0
48,480574,1,3,2,18,4,11,8,12,6,1,0,48,1,20,403,20403,14,2003,1GNDS13S2322,1,G,N,D,S,1,3,S,2,3,2,2,0,P,CHEV,TRL,UT,3,17,4417,,0,1130,,G,,0,0,000000000,00000000000,0,0,0,1,0,0,0,0,0,0,0,998,0,0,0,2,2,6,2,12,0,0,0,1,48,77357,6,1,0,0,3,0,999,999,0,0,0,0,0,0,0,0,0,1,87,0,0,0,1,2,55,3,1,8,2,0,0,14,6,99,9,2,64,0,0
48,480574,2,3,1,18,4,11,8,12,6,1,0,48,2,12,401,12401,14,1999,1FMZU32E5XZB,1,F,M,Z,U,3,2,E,5,X,Z,B,0,P,FORD,EPR,UT,99,17,3891,,0,1116,,G,,0,0,000000000,00000000000,0,0,0,1,0,0,0,0,0,0,0,998,0,1,5,12,12,6,2,12,0,0,0,1,48,77357,4,1,0,0,2,0,999,999,0,0,0,0,0,0,0,0,0,0,0,0,0,0,1,2,55,2,1,8,2,0,0,14,62,7,1,1,65,1,0
48,480574,3,3,1,18,4,11,8,12,6,1,0,48,1,12,3,12003,2,2003,1FAFP40463F4,1,F,A,F,P,4,0,4,6,3,F,4,0,P,FORD,MUS,CP,3,17,3114,,0,1013,,G,,0,0,000000000,00000000000,0,0,0,1,0,0,0,0,0,0,0,998,0,0,0,12,12,2,3,12,0,0,0,1,48,77301,6,1,0,0,3,0,999,999,0,0,0,0,0,0,0,0,0,0,0,0,0,0,1,2,55,2,1,8,2,0,0,14,62,99,1,1,98,0,0
48,480575,1,1,1,18,4,13,5,1,0,1,0,48,1,50,705,50705,80,2007,SMTD00NS27J3,S,M,T,D,0,0,N,S,2,7,J,3,0,M,TRIU,DA5,RS,7,17,,,,,,,675,0,0,000000000,00000000000,0,0,0,1,0,0,0,0,0,0,0,998,0,0,0,0,99,2,3,1,0,0,0,1,48,78746,6,1,0,0,3,0,999,999,0,0,0,0,0,0,0,0,0,1,0,0,0,0,1,2,55,2,2,8,1,0,0,14,12,1,9,4,6,1,0
48,480576,1,2,1,19,4,14,29,12,6,1,0,48,2,37,705,37705,80,2006,JH2PC21026K7,J,H,2,P,C,2,1,0,2,6,K,7,0,M,HOND,VT6,RS,6,17,,,,,,,583,0,0,000000000,00000000000,0,0,0,1,0,0,0,0,0,0,0,998,0,0,0,12,12,6,2,12,0,0,0,1,48,75973,0,0,0,0,0,0,999,999,0,0,0,0,0,0,0,0,0,1,35,0,0,0,1,2,30,1,1,8,1,0,0,6,60,1,1,2,73,1,0
48,480576,2,2,1,19,4,14,29,12,6,1,0,48,1,35,50,35050,4,2008,3N1BC13E88L3,3,N,1,B,C,1,3,E,8,8,L,3,0,P,NISS,VSL,4H,8,17,2620,,0,1024,,G,,0,0,000000000,00000000000,0,0,0,1,0,0,0,0,0,0,0,998,0,0,0,11,11,4,3,12,0,0,0,1,48,75935,6,1,0,0,3,3,999,999,0,0,0,0,0,0,0,0,0,0,0,0,0,0,1,2,30,1,1,8,1,0,0,11,60,1,1,1,72,0,0
48,480577,1,2,2,23,4,18,22,1,0,1,0,48,1,7,482,7482,31,1998,3B7HF13Z5WG1,3,B,7,H,F,1,3,Z,5,W,G,1,0,T,DODG,Q15,4C,98,17,,2,1547,1387,RPC,G,,0,0,000000000,00000000000,0,0,0,1,0,0,0,0,0,0,0,998,0,0,0,9,9,2,3,12,0,0,0,1,48,76513,6,1,0,0,3,3,999,999,0,0,0,0,0,0,0,0,0,0,38,0,0,0,4,2,99,1,1,8,1,20,3,11,15,1,1,1,98,0,0
48,480577,2,2,1,23,4,18,22,1,0,1,0,48,1,73,705,73705,80,2006,JKAEXEA146A0,J,K,A,E,X,E,A,1,4,6,A,0,0,M,KAWK,A6F,RS,6,17,,,,,,,649,0,0,000000000,00000000000,0,0,0,1,0,0,0,0,0,0,0,998,0,0,0,0,12,2,3,12,0,0,0,1,48,76544,6,1,0,0,3,0,69,190,0,0,0,0,0,0,0,0,0,0,0,0,0,0,2,4,35,1,1,8,1,0,0,1,67,3,2,1,98,1,0
48,480578,1,1,1,23,4,2,35,1,0,1,0,48,2,12,3,12003,2,2006,1FAFT82H0652,1,F,A,F,T,8,2,H,0,6,5,2,0,P,FORD,MGT,CP,6,17,3483,,0,1071,,G,,0,0,000000000,00000000000,0,0,0,1,0,0,0,0,0,0,0,125,0,2,5,0,99,4,3,1,0,0,0,1,48,77484,1,1,0,0,2,0,999,999,0,2,0,0,0,10,2007,10,2008,1,0,0,0,0,1,2,55,3,1,8,1,0,0,14,6,1,2,4,2,1,1
48,480579,1,1,1,23,4,17,2,1,0,1,0,48,1,20,481,20481,31,1996,1GCEC14WXTZ1,1,G,C,E,C,1,4,W,X,T,Z,1,0,T,CHEV,GC1,PK,96,17,,2,1315,1175,GM4,G,,0,0,000000000,00000000000,0,0,0,1,0,0,0,0,0,0,0,998,0,2,5,0,9,6,2,1,0,0,0,1,48,79346,6,1,0,0,3,3,999,999,0,0,0,0,1,2,2008,2,2008,1,58,0,0,0,1,2,70,1,1,8,1,0,0,1,51,6,3,4,2,1,0
48,480580,1,1,4,23,4,19,49,32,0,1,0,48,2,20,471,20471,30,1992,1GNCS13Z8N21,1,G,N,C,S,1,3,Z,8,N,2,1,0,P,CHEV,S10,UT,92,17,3312,,0,1070,,G,,0,0,000000000,00000000000,0,0,0,1,0,0,0,0,0,0,0,998,0,1,5,12,12,6,2,2,0,0,1,1,48,77351,6,1,0,0,3,2,999,999,0,0,0,0,0,0,0,0,0,0,74,0,0,0,2,4,65,1,1,8,1,0,0,1,13,1,1,4,1,1,0
48,480581,1,1,1,24,4,17,38,1,0,1,0,48,2,73,705,73705,80,2007,JKAZX4J137A0,J,K,A,Z,X,4,J,1,3,7,A,0,0,M,KAWK,ZXJ,RS,7,17,,,,,,,599,0,0,000000000,00000000000,0,0,0,1,0,0,0,0,0,0,0,998,0,0,0,0,9,9,3,1,0,0,0,1,48,77026,6,1,0,0,2,0,999,999,0,0,0,1,0,12,2009,12,2009,0,28,0,0,0,1,2,30,3,1,8,1,0,0,14,9,1,1,1,98,1,0
48,480582,1,1,5,24,4,23,5,43,0,1,0,48,1,35,43,35043,4,2006,3N1CB51D06L4,3,N,1,C,B,5,1,D,0,6,L,4,0,P,NISS,S18,4D,6,17,2509,,0,998,,G,,0,0,000000000,00000000000,0,0,0,1,0,0,0,0,0,0,0,998,0,0,0,12,12,4,3,42,0,0,0,1,48,75670,6,1,0,0,3,0,999,999,1,0,0,0,0,7,2007,7,2007,1,0,0,0,0,1,2,60,3,1,8,1,0,0,14,6,1,2,4,7,1,1
48,480583,1,1,1,24,4,2,17,33,0,1,0,48,2,18,2,18002,4,1998,1G4HP52K4WH5,1,G,4,H,P,5,2,K,4,W,H,5,0,P,BUIC,LCF,4D,98,17,3348,,0,1108,,G,,0,0,000000000,00000000000,0,0,0,1,0,0,0,0,0,0,0,998,0,1,5,14,9,6,2,1,0,0,0,1,48,78570,6,1,0,0,3,3,999,999,0,3,1,0,0,3,2009,3,2010,1,0,0,0,0,5,4,30,1,1,8,1,0,0,1,13,1,1,4,1,1,1
48,480584,1,1,2,24,4,1,39,33,0,1,0,48,1,20,4,20004,2,1989,1G1YY218XK51,1,G,1,Y,Y,2,1,8,X,K,5,1,0,P,CHEV,CVT,2H,89,17,3229,,0,960,,G,,0,0,000000000,00000000000,0,0,0,1,0,0,0,0,0,0,0,998,0,0,0,14,2,6,2,42,0,0,0,1,48,77706,1,1,0,0,2,3,999,999,1,4,0,0,1,8,2008,3,2010,1,0,0,0,0,2,4,40,1,1,8,1,3,3,1,9,1,2,4,2,1,1
48,480585,1,1,3,24,4,12,53,42,0,1,0,48,1,20,481,20481,31,2002,2GCEC19T9213,2,G,C,E,C,1,9,T,9,2,1,3,0,T,CHEV,SC1,4C,2,17,,2,1575,1435,SIL,G,,0,0,000000000,00000000000,0,0,0,1,0,0,0,0,0,0,0,998,0,0,0,12,12,6,2,42,0,0,0,1,48,76861,6,1,0,0,3,3,999,999,0,0,0,0,0,0,0,0,0,0,51,0,0,0,1,2,70,1,1,8,1,0,0,1,12,1,1,4,6,1,0
48,480586,1,1,1,25,4,1,58,1,0,1,0,48,1,53,706,53706,80,2008,JS1GX72AX821,J,S,1,G,X,7,2,A,X,8,2,1,0,M,SUZI,GXR,RS,8,17,,,,,,,1340,0,0,000000000,00000000000,0,0,0,1,0,0,0,0,0,0,0,998,0,0,0,0,0,9,1,1,0,0,0,1,48,75115,6,1,6,0,3,0,67,260,0,0,0,0,0,0,0,0,0,1,0,0,0,0,2,6,40,1,2,1,1,0,0,1,6,1,1,1,98,1,1
48,480587,1,1,1,25,4,21,25,32,0,1,0,48,1,37,32,37032,4,1991,1HGCB7641MA2,1,H,G,C,B,7,6,4,1,M,A,2,0,P,HOND,ADL,4D,91,17,2392,,0,1071,,G,,0,0,000000000,00000000000,0,0,0,1,0,0,0,0,0,0,0,998,0,1,3,12,12,6,2,32,0,0,0,1,48,78208,6,1,0,0,3,0,999,999,0,0,0,0,0,0,0,0,0,0,0,0,0,0,2,4,65,1,1,8,1,0,0,1,13,1,1,4,1,1,0
48,480588,1,2,2,27,4,17,26,12,6,1,0,48,2,22,17,22017,4,1988,2G2AF51W0J92,2,G,2,A,F,5,1,W,0,J,9,2,0,P,PONT,600,4D,88,17,2719,,0,1049,,G,,0,0,000000000,00000000000,0,0,0,1,0,0,0,0,0,0,0,998,0,0,0,2,2,4,3,12,0,0,0,1,48,75861,6,1,0,0,3,0,999,999,0,0,0,0,0,0,0,0,0,0,0,0,0,0,1,2,60,1,1,8,1,0,0,1,62,6,2,2,66,1,0
48,480588,2,2,1,27,4,17,26,12,6,1,0,48,1,41,471,41471,30,1994,4F4CR16X6RTM,4,F,4,C,R,1,6,X,6,R,T,M,0,T,MAZD,4CP,PC,94,17,,1,0,1251,B40,G,,0,0,000000000,00000000000,0,0,0,1,0,0,0,0,0,0,0,998,0,1,1,1,1,4,3,12,0,0,0,1,48,75861,6,1,6,0,3,0,999,999,1,0,0,0,1,7,2007,7,2007,0,51,0,0,0,1,2,60,1,1,8,1,0,0,1,10,7,1,2,66,0,0
48,480589,1,2,1,29,4,11,49,12,6,1,0,48,1,20,16,20016,2,1999,3G1JC1242XS8,3,G,1,J,C,1,2,4,2,X,S,8,0,P,CHEV,C/S,CP,99,17,2617,,0,1041,,G,,0,0,000000000,00000000000,0,0,0,1,0,0,0,0,0,0,0,998,0,0,0,1,1,4,3,12,0,0,0,1,48,79602,6,1,0,0,3,0,999,999,1,0,0,0,1,4,2009,6,2009,0,38,0,0,0,2,4,35,1,1,8,1,0,0,11,15,1,1,1,68,0,0
48,480589,2,2,1,29,4,11,49,12,6,1,0,48,3,72,706,72706,80,2008,1HD1FHM188Y7,1,H,D,1,F,H,M,1,8,8,Y,7,0,M,HD,RKP,RS,8,17,,,,,,,1690,0,0,000000000,00000000000,0,0,0,1,0,0,0,0,0,0,0,998,0,0,0,12,99,9,1,12,0,0,0,1,48,79602,6,1,6,0,3,0,999,999,0,0,0,0,0,0,0,0,0,0,37,0,0,0,2,4,35,1,1,8,1,0,0,3,62,1,1,1,69,1,0
48,480590,1,1,2,29,4,0,26,53,0,1,0,48,2,37,32,37032,4,2007,1HGCM66587A0,1,H,G,C,M,6,6,5,8,7,A,0,0,P,HOND,UEX,4D,7,17,3371,,0,1079,,G,,0,0,000000000,00000000000,0,0,0,1,0,0,0,0,0,0,0,998,0,0,0,12,81,6,2,42,0,0,0,1,48,75149,6,1,0,0,3,0,999,999,0,2,0,0,0,8,2008,8,2008,1,91,0,0,0,1,2,30,2,2,8,1,0,0,14,12,1,1,4,6,1,1