STATE,ST_CASE,VEH_NO,VE_FORMS,NUMOCCS,DAY,MONTH,HOUR,MINUTE,HARM_EV,MAN_COLL,UNITTYPE,HIT_RUN,REG_STAT,OWNER,MAKE,MODEL,MAK_MOD,BODY_TYP,MOD_YEAR,VIN,VIN_1,VIN_2,VIN_3,VIN_4,VIN_5,VIN_6,VIN_7,VIN_8,VIN_9,VIN_10,VIN_11,VIN_12,TOW_VEH,VINTYPE,VINMAKE,VINA_MOD,VIN_BT,VINMODYR,VIN_LNGT,VIN_WGT,WGTCD_TR,WHLBS_LG,WHLBS_SH,SER_TR,FUELCODE,MCYCL_DS,J_KNIFE,MCARR_I1,MCARR_I2,MCARR_ID,GVWR,V_CONFIG,CARGO_BT,HAZ_INV,HAZ_PLAC,HAZ_ID,HAZ_CNO,HAZ_REL,BUS_USE,SPEC_USE,EMER_USE,TRAV_SP,UNDERIDE,ROLLOVER,ROLINLOC,IMPACT1,IMPACT2,DEFORMED,TOWED,M_HARM,VEH_SC1,VEH_SC2,FIRE_EXP,DR_PRES,L_STATE,DR_ZIP,L_STATUS,L_TYPE,CDL_STAT,L_ENDORS,L_COMPL,L_RESTRI,DR_HGT,DR_WGT,PREV_ACC,PREV_SUS,PREV_DWI,PREV_SPD,PREV_OTH,FIRST_MO,FIRST_YR,LAST_MO,LAST_YR,SPEEDREL,DR_SF1,DR_SF2,DR_SF3,DR_SF4,VTRAFWAY,VNUM_LAN,VSPD_LIM,VALIGN,VPROFILE,VPAVETYP,VSURCOND,VTRAFCON,VTCONT_F,P_CRASH1,P_CRASH2,P_CRASH3,PCRASH4,PCRASH5,ACC_TYPE,DEATHS,DR_DRINK
48,480700,2,3,1,10,5,9,22,12,2,1,0,48,1,51,881,51881,66,1996,4V4WDBPF4TN7,4,V,4,W,D,B,P,F,4,T,N,7,1,T,VOLV,WIA,DS,96,17,,8,0,0,ARO,D,,1,57,1021485,571021485,3,6,4,1,0,0,0,0,0,0,0,998,0,0,0,12,12,6,2,12,0,0,0,1,48,78249,6,1,6,0,3,0,999,999,1,0,0,0,0,6,2007,6,2007,0,0,0,0,0,1,2,55,1,1,8,1,0,0,1,62,1,1,1,69,0,0
48,480700,3,3,3,10,5,9,22,12,2,1,0,48,2,49,40,49040,4,2010,4T1BF3EK1AU0,4,T,1,B,F,3,E,K,1,A,U,0,0,P,TOYT,CBA,4D,10,17,3263,,0,1093,,G,,0,0,000000000,00000000000,0,0,0,1,0,0,0,0,0,0,0,998,0,0,0,12,12,6,2,12,0,0,0,1,48,78026,6,1,0,0,3,3,999,999,0,0,0,0,0,0,0,0,0,0,0,0,0,0,1,2,55,1,1,8,1,0,0,1,54,99,1,1,98,0,0
48,480701,1,1,1,14,5,6,33,8,0,1,0,48,1,12,481,12481,31,2008,1FTRW12588FA,1,F,T,R,W,1,2,5,8,8,F,A,0,T,FORD,F1S,CW,8,17,,2,1500,1390,COF,G,,0,0,000000000,00000000000,0,0,0,1,0,0,0,0,0,0,0,998,0,9,5,1,1,4,3,8,0,0,0,1,48,77533,6,1,0,0,3,0,999,999,0,0,0,0,0,0,0,0,0,0,81,0,0,0,2,2,65,1,1,8,1,0,0,1,90,6,9,4,2,0,0
48,480702,1,1,2,16,5,15,31,1,0,1,0,48,2,35,401,35401,14,2000,JN8AR07S3YW4,J,N,8,A,R,0,7,S,3,Y,W,4,0,P,NISS,PFI,UT,0,17,3747,,0,1063,,G,,0,0,000000000,00000000000,0,0,0,1,0,0,0,0,0,0,0,81,0,2,5,0,9,6,2,1,0,0,0,1,48,75631,6,1,0,0,3,0,999,999,0,0,0,0,0,0,0,0,0,1,33,58,0,0,1,2,60,3,1,8,1,0,0,6,6,6,4,4,2,1,0
48,480703,1,1,3,19,5,20,50,9,0,1,0,48,1,20,403,20403,14,2006,1GNDS13SX621,1,G,N,D,S,1,3,S,X,6,2,1,0,P,CHEV,TRL,UT,6,17,4417,,0,1130,,G,,0,0,000000000,00000000000,0,0,0,1,0,0,0,0,0,0,0,998,0,0,0,12,12,2,1,9,0,0,0,1,48,78155,6,1,0,0,3,0,999,999,0,0,0,0,0,0,0,0,0,0,0,0,0,0,5,4,45,1,1,8,1,0,0,1,83,99,1,1,13,0,0
48,480704,1,1,2,22,5,19,20,32,0,1,0,92,0,72,706,72706,80,2005,1HD1FVW165Y6,1,H,D,1,F,V,W,1,6,5,Y,6,0,M,HD,IUA,RS,5,17,,,,,,,1450,0,0,000000000,00000000000,0,0,0,1,0,0,0,0,0,0,0,998,0,0,0,12,12,9,2,1,0,0,0,1,48,79121,1,1,0,0,2,0,999,999,1,2,0,1,0,8,2008,12,2008,1,91,0,0,0,1,2,70,1,1,8,1,0,0,1,13,1,1,4,1,1,1
48,480705,1,1,1,22,5,6,50,35,0,1,0,48,2,49,441,49441,20,1993,JT3AC12R8P10,J,T,3,A,C,1,2,R,8,P,1,0,0,P,TOYT,PRE,SV,93,17,3745,,0,1128,,G,,0,0,000000000,00000000000,0,0,0,1,0,0,0,0,0,0,0,93,0,1,5,12,12,6,2,1,0,0,0,1,48,79502,6,1,0,0,3,3,999,999,0,0,0,0,0,0,0,0,0,1,0,0,0,0,1,2,70,2,1,8,1,0,0,14,12,7,3,4,7,1,1
48,480706,1,1,2,23,5,23,19,11,0,1,0,48,3,12,16,12016,4,2008,2FAFP71V38X1,2,F,A,F,P,7,1,V,3,8,X,1,0,P,FORD,CVP,4D,8,17,0,,0,1146,,F,,0,0,000000000,00000000000,0,0,0,1,0,0,0,0,0,5,1,998,0,0,0,12,12,6,2,11,0,0,0,1,48,78355,6,1,0,0,3,0,999,999,0,0,0,0,0,0,0,0,0,1,83,16,0,0,1,2,65,1,1,8,1,0,0,1,87,1,1,1,13,1,0
48,480707,1,2,2,23,5,11,5,12,6,1,0,48,2,37,32,37032,4,1987,JHMCA5634HC0,J,H,M,C,A,5,6,3,4,H,C,0,0,P,HOND,ALX,4D,87,17,2491,,0,1024,,G,,0,0,000000000,00000000000,0,0,0,1,0,0,0,0,0,0,0,998,0,0,0,9,9,6,2,12,0,0,0,1,48,75801,0,0,0,0,0,0,69,178,0,0,0,0,0,0,0,0,0,1,28,0,0,0,1,2,99,1,6,8,1,20,3,1,17,3,2,2,89,1,1
48,480707,2,2,5,23,5,11,5,12,6,1,0,48,2,35,39,35039,4,2009,1N4AA51E89C8,1,N,4,A,A,5,1,E,8,9,C,8,0,P,NISS,MSV,4D,9,17,3556,,0,1093,,G,,0,0,000000000,00000000000,0,0,0,1,0,0,0,0,0,0,0,998,0,0,0,12,12,4,3,12,0,0,0,1,48,75103,6,1,0,0,3,0,999,999,0,0,0,0,0,0,0,0,0,0,0,0,0,0,5,2,70,1,6,8,1,0,0,1,66,1,1,1,88,0,0
48,480708,1,2,1,23,5,18,50,12,1,1,0,48,1,7,482,7482,31,2008,3D7ML48A68G1,3,D,7,M,L,4,8,A,6,8,G,1,1,T,DODG,SQ3,CW,8,17,,3,0,1600,RPC,D,,1,88,888888888,88888888888,2,4,97,1,0,0,0,0,0,0,0,998,0,0,0,6,6,2,1,12,0,0,0,1,48,76653,6,1,0,0,3,0,999,999,0,0,0,0,0,0,0,0,0,0,0,0,0,0,1,4,70,1,2,8,1,0,0,2,53,12,1,1,31,0,0
48,480708,2,2,1,23,5,18,50,12,1,1,0,48,1,72,706,72706,80,2000,1HD1BMY17YY0,1,H,D,1,B,M,Y,1,7,Y,Y,0,0,M,HD,FLF,RS,0,17,,3,0,1600,RPC,D,1450,0,0,000000000,00000000000,0,0,0,1,0,0,0,0,0,0,0,998,0,0,0,12,12,9,3,12,0,0,0,1,48,76653,6,1,0,0,3,0,999,999,0,0,0,0,0,0,0,0,0,1,0,0,0,0,1,4,70,1,2,8,1,0,0,1,51,6,1,1,28,1,1
48,480709,1,2,1,24,5,6,50,12,2,1,0,48,2,55,36,55036,4,2001,KMHCG45C81U1,K,M,H,C,G,4,5,C,8,1,U,1,0,P,HYUN,AGL,4D,1,17,2290,,0,961,,G,,0,0,000000000,00000000000,0,0,0,1,0,0,0,0,0,0,0,998,0,0,0,12,12,6,2,12,0,0,0,1,48,78040,6,1,0,0,3,3,999,999,0,3,0,0,0,9,2009,9,2009,0,33,0,0,0,1,2,45,3,2,8,1,0,0,6,10,1,1,2,50,1,1
48,480709,2,2,1,24,5,6,50,12,2,1,0,48,2,20,431,20431,16,1999,1GNEC16R2XJ3,1,G,N,E,C,1,6,R,2,X,J,3,0,P,CHEV,C15,UT,99,17,4825,,0,1315,,G,,0,0,000000000,00000000000,0,0,0,1,0,0,0,0,0,0,0,998,0,0,0,12,12,6,2,12,0,0,0,1,48,78610,0,0,0,0,0,0,999,999,0,7,0,3,0,7,2007,3,2010,0,0,0,0,0,1,2,45,2,2,8,1,0,0,14,62,1,1,1,51,0,0
48,480710,1,2,2,25,5,1,13,12,1,1,0,48,2,12,4,12004,2,1997,1FALP62W0VH1,1,F,A,L,P,6,2,W,0,V,H,1,0,P,FORD,THL,2D,97,17,3561,,0,1130,,G,,0,0,000000000,00000000000,0,0,0,1,0,0,0,0,0,0,0,998,0,0,0,6,6,6,2,12,0,0,0,1,48,75218,3,1,0,0,2,3,68,198,0,0,0,0,0,0,0,0,0,0,27,0,0,0,3,4,60,1,3,8,1,0,0,16,53,1,1,7,25,1,0
48,480710,2,2,1,25,5,1,13,12,1,1,0,42,1,51,881,51881,66,2005,4V4NC9TJ95N3,4,V,4,N,C,9,T,J,9,5,N,3,1,T,VOLV,VNL,DS,5,17,,8,0,0,VVN,D,,1,57,0031782,570031782,3,6,1,1,0,0,0,0,0,0,0,998,7,0,0,12,12,4,3,12,0,0,0,1,17,60103,6,1,6,0,3,0,76,180,0,0,0,0,0,0,0,0,0,0,0,0,0,0,3,4,60,1,3,8,1,0,0,1,64,1,1,1,24,0,0
48,480711,1,2,1,26,5,5,31,12,2,1,0,93,1,82,881,82881,66,1998,1FUYSSEB4WP8,1,F,U,Y,S,S,E,B,4,W,P,8,1,T,FRHT,FC2,DS,98,17,,8,0,0,CON,D,,1,57,00250801,5700250801,3,6,1,1,0,0,0,0,0,0,0,998,0,0,0,12,12,4,3,12,0,0,0,1,48,75227,6,1,6,0,3,0,999,999,0,0,0,1,1,11,2009,3,2010,1,24,0,0,0,3,4,60,2,2,8,1,98,9,14,50,1,1,1,52,0,0
48,480711,2,2,0,26,5,5,31,12,2,1,0,48,6,37,31,37031,4,1997,2HGEJ6629VH5,2,H,G,E,J,6,6,2,9,V,H,5,0,P,HOND,UCD,4D,97,17,2307,,0,1032,,G,,0,0,000000000,00000000000,0,0,0,1,0,0,0,0,0,0,0,0,0,0,0,12,12,4,3,12,0,0,0,0,,,,,,,,,999,,,,,,,,,,,,20,0,0,0,3,4,60,2,2,8,1,98,9,0,54,0,0,0,52,0,0
48,480712,1,2,1,27,5,17,48,12,6,1,0,48,1,37,32,37032,4,2002,JHMCG56752C0,J,H,M,C,G,5,6,7,5,2,C,0,0,P,HOND,USE,4D,2,17,3120,,0,1069,,G,,0,0,000000000,00000000000,0,0,0,1,0,0,0,0,0,0,0,998,0,0,0,9,9,4,1,12,0,0,0,1,48,75063,6,1,0,0,3,0,999,999,0,0,0,0,0,0,0,0,0,0,38,0,0,0,1,2,99,1,1,8,1,20,3,11,15,1,1,1,82,0,0
48,480712,2,2,1,27,5,17,48,12,6,1,0,48,2,37,705,37705,80,2005,JH2PC37175M2,J,H,2,P,C,3,7,1,7,5,M,2,0,M,HOND,B60,RS,5,17,,,,,,,599,0,0,000000000,00000000000,0,0,0,1,0,0,0,0,0,0,0,998,0,0,0,12,12,9,2,12,0,0,0,1,48,75236,1,1,0,0,2,0,999,999,0,2,0,0,0,2,2009,3,2010,0,0,0,0,0,2,6,45,1,1,8,1,0,0,1,67,1,1,1,83,1,0
48,480713,1,1,4,28,5,22,37,11,0,1,0,48,2,20,431,20431,16,2002,3GNEC16ZX2G2,3,G,N,E,C,1,6,Z,X,2,G,2,0,P,CHEV,C15,UT,2,17,4914,,0,1300,,F,,0,0,000000000,00000000000,0,0,0,1,0,0,0,0,0,0,0,998,0,0,0,12,12,2,1,11,0,0,0,1,48,77375,6,1,0,0,3,3,999,999,0,0,0,1,2,5,2008,7,2009,0,0,0,0,0,1,2,50,1,2,8,1,0,0,1,87,7,1,1,13,0,0
48,480714,1,2,2,29,5,0,55,8,0,1,0,48,1,20,4,20004,2,1998,1G1YY22G4W51,1,G,1,Y,Y,2,2,G,4,W,5,1,0,P,CHEV,CVT,CP,98,17,3245,,0,1045,,G,,0,0,000000000,00000000000,0,0,0,1,0,0,0,0,0,0,0,998,0,0,0,12,12,2,3,8,0,0,0,1,48,77379,6,1,0,0,3,0,999,999,0,0,0,0,0,0,0,0,0,0,0,0,0,0,5,6,40,1,1,8,1,0,0,1,80,1,1,1,13,0,0
48,480714,2,2,99,29,5,0,55,8,0,1,1,99,9,99,999,99999,99,9999,999999999999,9,9,9,9,9,9,9,9,9,9,9,9,0,U,,,,9,17,,,,,,,,0,0,000000000,00000000000,0,0,0,1,0,0,0,0,99,99,9,999,0,0,0,99,99,9,1,8,0,0,0,1,99,99999,9,9,99,9,9,9,999,999,99,99,99,99,99,99,9999,99,9999,0,0,0,0,0,5,6,40,1,1,8,1,0,0,1,80,99,1,1,98,0,0
48,480715,1,2,2,29,5,2,39,12,6,1,0,48,1,55,36,55036,4,2002,KMHCG35C82U2,K,M,H,C,G,3,5,C,8,2,U,2,0,P,HYUN,AGS,2H,2,17,2349,,0,961,,G,,0,0,000000000,00000000000,0,0,0,1,0,0,0,0,0,0,0,998,0,0,0,12,12,4,3,12,0,0,0,1,5,71647,0,0,0,0,0,0,65,156,0,0,0,0,0,0,0,0,0,1,28,0,0,0,1,4,35,1,1,8,1,0,0,1,10,1,1,2,66,2,1
48,480715,2,2,1,29,5,2,39,12,6,1,0,99,9,35,39,35039,4,2004,1N4BA41E04C9,1,N,4,B,A,4,1,E,0,4,C,9,0,P,NISS,MEL,4D,4,17,3310,,0,1112,,G,,0,0,000000000,00000000000,0,0,0,1,0,0,0,0,0,0,0,998,0,0,0,11,11,4,3,12,0,0,0,1,48,77039,0,0,0,0,0,0,999,999,0,0,0,0,0,0,0,0,0,0,0,0,0,0,1,4,35,1,1,8,1,0,0,1,62,1,1,1,66,0,0
48,480716,1,1,1,30,5,22,34,1,0,1,0,48,1,23,421,23421,15,2000,1GKEC13T2YJ1,1,G,K,E,C,1,3,T,2,Y,J,1,0,T,GMC,YUK,4W,0,17,,2,0,1160,YUK,G,,0,0,000000000,00000000000,0,0,0,1,0,0,0,0,0,0,0,998,0,1,5,0,0,6,2,1,0,0,0,1,48,77979,1,1,0,0,2,0,999,999,0,2,0,0,0,4,2008,8,2009,1,58,0,0,0,1,2,65,1,1,8,1,0,0,1,13,6,1,4,1,1,1
48,480717,1,1,2,30,5,6,25,59,0,1,0,48,2,12,17,12017,4,2000,1FAFP53U0YA1,1,F,A,F,P,5,3,U,0,Y,A,1,0,P,FORD,TSE,4D,0,17,3333,,0,1085,,G,,0,0,000000000,00000000000,0,0,0,1,0,0,0,0,0,0,0,998,0,1,5,12,12,6,2,59,0,0,1,1,48,77430,6,1,0,0,3,0,60,150,0,0,0,0,0,0,0,0,0,1,0,0,0,0,1,2,65,1,1,8,1,0,0,1,12,1,1,4,6,2,1
48,480718,1,2,1,30,5,17,35,12,6,1,0,48,2,37,32,37032,2,2007,1HGCM726X7A0,1,H,G,C,M,7,2,6,X,7,A,0,0,P,HOND,UEX,CP,7,17,3153,,0,1051,,G,,0,0,000000000,00000000000,0,0,0,1,0,0,0,0,0,0,0,998,0,0,0,12,12,4,3,12,0,0,0,1,48,75110,6,1,0,0,3,3,999,999,0,0,0,0,0,0,0,0,0,0,12,0,0,0,1,4,70,2,1,8,1,0,0,14,62,6,1,2,66,0,0
48,480718,2,2,1,30,5,17,35,12,6,1,0,48,1,12,481,12481,31,1998,1FTZF1766WNA,1,F,T,Z,F,1,7,6,6,W,N,A,0,T,FORD,F15,PK,98,17,,1,1390,1200,COF,G,,0,0,000000000,00000000000,0,0,0,1,0,0,0,0,0,0,0,998,0,0,0,10,10,6,2,12,0,0,0,1,48,76048,6,1,6,0,3,3,68,255,0,0,0,0,0,0,0,0,0,0,51,0,0,0,1,4,70,2,1,8,1,0,0,14,10,7,1,2,66,1,0
48,480719,1,1,1,30,5,18,20,57,0,1,0,35,1,72,706,72706,80,2002,1HD1BJY182Y0,1,H,D,1,B,J,Y,1,8,2,Y,0,0,M,HD,STC,RS,2,17,,,,,,,1450,0,0,000000000,00000000000,0,0,0,1,0,0,0,0,0,0,0,998,0,0,0,99,99,9,2,57,0,0,0,1,48,79762,6,1,6,0,2,0,999,999,0,0,0,0,0,0,0,0,0,0,0,0,0,0,3,4,70,2,2,8,1,0,0,14,9,99,9,4,7,1,0
48,480720,1,1,1,30,5,2,48,1,0,1,0,48,2,7,482,7482,31,2004,3D7KA28C34G2,3,D,7,K,A,2,8,C,3,4,G,2,0,T,DODG,SQ2,CW,4,17,,2,1605,1405,RPC,D,,0,0,000000000,00000000000,0,0,0,1,0,0,0,0,0,0,0,998,0,1,5,0,0,6,2,1,0,0,0,1,48,77340,6,1,0,0,3,0,999,999,0,0,0,0,0,0,0,0,0,1,0,0,0,0,1,2,55,2,1,8,1,0,0,14,12,7,3,4,2,1,1
48,480721,1,1,3,31,5,18,25,1,0,1,0,40,1,20,403,20403,14,2003,1GNDS13S4322,1,G,N,D,S,1,3,S,4,3,2,2,0,P,CHEV,TRL,UT,3,17,4417,,0,1130,,G,,0,0,000000000,00000000000,0,0,0,1,0,0,0,0,0,0,0,998,0,1,1,0,0,4,3,1,0,0,0,1,8,79107,6,1,0,0,3,0,64,115,0,0,0,1,0,12,2009,12,2009,0,58,0,0,0,1,2,70,1,1,8,1,0,0,1,13,6,3,6,98,1,0
48,480722,1,1,2,31,5,3,55,25,0,1,0,96,1,12,481,12481,31,1996,1FTEF15N8TLA,1,F,T,E,F,1,5,N,8,T,L,A,0,T,FORD,F15,PK,96,17,,2,1330,1170,COF,G,,0,0,000000000,00000000000,0,0,0,1,0,0,0,0,0,0,0,998,0,0,0,12,12,6,2,25,0,0,0,1,99,99999,9,9,99,0,9,9,999,999,99,99,99,99,99,99,9999,99,9999,1,39,0,0,0,3,3,30,1,1,8,1,20,3,1,14,1,1,4,14,1,0
48,480723,1,2,3,8,2,14,55,12,6,1,0,48,2,12,37,12037,4,2005,1FAFP34NX5W1,1,F,A,F,P,3,4,N,X,5,W,1,0,P,FORD,ZX4,4D,5,17,2677,,0,1030,,G,,0,0,000000000,00000000000,0,0,0,1,0,0,0,0,0,0,0,998,0,0,0,12,12,6,2,12,0,0,0,1,48,76657,6,1,0,0,3,0,999,999,0,0,0,0,0,0,0,0,0,0,0,0,0,0,2,3,60,1,3,8,2,98,9,1,62,1,1,1,66,1,0
48,480723,2,2,1,8,2,14,55,12,6,1,0,48,1,35,481,35481,31,2008,1N6BA07D98N3,1,N,6,B,A,0,7,D,9,8,N,3,0,T,NISS,TXS,CW,8,17,,2,0,1398,TTN,F,,0,0,000000000,00000000000,0,0,0,1,0,0,0,0,0,0,0,998,0,0,0,3,3,4,3,12,0,0,0,1,48,77859,6,1,0,0,3,3,999,999,0,0,0,0,0,0,0,0,0,1,0,0,0,0,2,3,60,1,3,8,2,98,9,1,6,1,4,2,66,0,0
48,480724,1,1,0,15,2,7,52,8,0,1,0,48,6,7,482,7482,31,1996,1B7HC16Y5TJ1,1,B,7,H,C,1,6,Y,5,T,J,1,0,T,DODG,150,PK,96,17,,2,1347,1187,RPC,G,,0,0,000000000,00000000000,0,0,0,1,0,0,0,0,0,0,0,998,0,0,0,14,14,9,2,8,0,0,0,0,,,,,,,,,999,,,,,,,,,,,,0,0,0,0,1,2,20,1,1,8,2,0,0,0,82,0,0,0,98,0,0
48,480725,1,2,1,19,3,17,41,12,6,1,0,48,2,49,33,49033,2,1988,JT2ST66C7J72,J,T,2,S,T,6,6,C,7,J,7,2,0,P,TOYT,CSF,CP,88,17,2436,,0,994,,G,,0,0,000000000,00000000000,0,0,0,1,0,0,0,0,0,0,0,998,0,0,0,3,3,6,2,12,0,0,0,1,48,77590,1,1,0,0,2,3,999,999,0,1,0,2,0,3,2009,3,2010,1,28,0,0,0,5,6,45,1,1,8,1,0,0,1,9,99,4,2,66,1,0
48,480725,2,2,1,19,3,17,41,12,6,1,0,48,1,2,406,2406,14,2006,1J8HH58N46C2,1,J,8,H,H,5,8,N,4,6,C,2,0,T,JEEP,LTD,4W,6,17,,2,0,1095,CMD,G,,0,0,000000000,00000000000,0,0,0,1,0,0,0,0,0,0,0,998,0,0,0,12,12,6,2,12,0,0,0,1,48,77568,6,1,0,0,3,0,75,201,0,0,0,0,0,0,0,0,0,0,0,0,0,0,5,6,45,1,1,8,1,0,0,1,62,1,1,1,66,0,0
48,480726,1,1,2,16,5,22,40,1,0,1,0,48,3,20,481,20481,31,2006,1GCHC29UX6E1,1,G,C,H,C,2,9,U,X,6,E,1,0,T,CHEV,2CH,4C,6,17,,2,1575,1435,SIL,G,,0,0,000000000,00000000000,0,0,0,1,0,0,0,0,0,0,0,998,0,1,5,0,0,6,2,1,0,0,0,1,48,78076,6,1,0,0,3,3,999,999,0,0,0,0,0,0,0,0,0,1,58,0,0,0,1,2,99,2,2,8,1,0,0,14,6,6,4,4,7,1,0
48,480727,1,1,1,19,5,20,55,38,0,1,0,48,1,7,482,7482,31,2002,1B7HL48N42S5,1,B,7,H,L,4,8,N,4,2,S,5,0,T,DODG,DQS,4C,2,17,,2,0,1309,DAK,G,,0,0,000000000,00000000000,0,0,0,1,0,0,0,0,0,0,0,998,0,0,0,12,12,6,2,42,0,0,1,1,48,78945,0,0,0,0,0,0,999,999,0,0,0,0,0,0,0,0,0,1,0,0,0,0,1,2,60,2,1,8,1,0,0,14,13,1,1,4,1,1,1
48,480728,1,1,1,25,5,23,59,24,0,1,0,93,3,82,881,82881,66,2002,1FUJBBCG12LJ,1,F,U,J,B,B,C,G,1,2,L,J,1,T,FRHT,ST2,DS,2,17,,8,0,0,CON,D,,1,57,1537670,571537670,3,6,1,1,0,0,0,0,0,0,0,998,0,0,0,12,12,6,2,2,0,0,1,1,48,75075,6,1,6,0,3,0,999,999,0,0,0,1,0,8,2008,8,2008,0,0,0,0,0,3,2,65,1,2,8,1,0,0,1,13,1,1,4,1,1,0
48,480729,1,2,1,26,5,10,25,12,8,1,0,48,1,20,481,20481,31,2001,1GCHC29U91E3,1,G,C,H,C,2,9,U,9,1,E,3,0,T,CHEV,2CH,4C,1,17,,2,1575,1435,SIL,G,,0,0,000000000,00000000000,0,0,0,1,0,0,0,0,0,0,0,998,0,0,0,7,12,6,2,12,0,0,0,1,48,76501,6,1,0,0,3,3,999,999,0,0,0,1,0,4,2010,4,2010,0,0,0,0,0,1,2,70,1,2,8,1,0,0,1,62,1,1,1,65,1,0
48,480729,2,2,1,26,5,10,25,12,8,1,0,48,1,7,482,7482,31,2008,1D7HA18N98J1,1,D,7,H,A,1,8,N,9,8,J,1,0,T,DODG,SQ1,CW,8,17,,2,1605,1405,RPC,G,,0,0,000000000,00000000000,0,0,0,1,0,0,0,0,0,0,0,998,0,0,0,63,63,2,1,12,32,0,0,1,48,76501,6,1,6,0,3,0,999,999,0,0,0,1,0,1,2008,1,2008,0,83,0,0,0,1,2,70,1,2,8,1,0,0,17,87,7,1,6,64,0,0
48,480731,1,2,1,28,5,5,50,12,6,1,0,48,3,82,881,82881,66,2000,1FUYDSEB7YLG,1,F,U,Y,D,S,E,B,7,Y,L,G,1,T,FRHT,FLD,DS,0,17,,8,0,0,CON,D,,1,57,363335,57363335,3,6,3,1,0,0,0,0,0,0,0,998,0,0,0,8,8,2,3,12,0,0,0,1,48,78574,6,1,6,0,3,0,999,999,0,0,0,0,2,11,2007,1,2008,0,31,0,0,0,1,2,60,1,1,8,1,0,0,13,54,1,1,1,98,0,0
48,480731,2,2,1,28,5,5,50,12,6,1,0,48,1,20,421,20421,15,2001,1GNEC13T71R2,1,G,N,E,C,1,3,T,7,1,R,2,0,P,CHEV,CTA,UT,1,17,4828,,0,1160,,G,,0,0,000000000,00000000000,0,0,0,1,0,0,0,0,0,0,0,998,0,0,0,12,12,6,2,12,0,0,0,1,48,78559,6,1,0,0,3,3,999,999,0,0,0,0,0,0,0,0,0,0,0,0,0,0,1,2,60,1,1,8,1,0,0,1,56,1,1,1,98,1,0
48,480732,1,1,1,30,5,6,40,18,0,1,0,48,1,20,444,20444,20,2008,1GNDV23W08D1,1,G,N,D,V,2,3,W,0,8,D,1,0,T,CHEV,DLS,ES,8,17,,1,0,1211,UPL,F,,0,0,000000000,00000000000,0,0,0,1,0,0,0,0,0,0,0,998,0,1,5,12,12,6,2,18,0,0,0,1,48,78064,6,1,0,0,3,0,999,999,0,0,0,0,0,0,0,0,0,1,0,0,0,0,1,2,60,2,1,8,1,40,3,14,12,1,1,4,6,1,1
48,480733,1,1,2,30,5,4,39,1,0,1,0,48,2,20,404,20404,14,2006,2CNDL13F4661,2,C,N,D,L,1,3,F,4,6,6,1,0,P,CHEV,EQU,UT,6,17,3660,,0,1125,,G,,0,0,000000000,00000000000,0,0,0,1,0,0,0,0,0,0,0,998,0,2,3,0,3,6,2,1,0,0,0,1,48,77475,0,0,0,0,0,0,999,999,0,0,0,0,0,0,0,0,0,1,0,0,0,0,2,2,65,2,1,8,1,40,3,14,12,1,1,4,6,1,0
48,480734,1,1,2,30,5,4,5,24,0,1,0,48,1,13,5,13005,4,1994,1LNLM9842RY6,1,L,N,L,M,9,8,4,2,R,Y,6,0,P,LINC,CSI,4D,94,17,3613,,0,1090,,G,,0,0,000000000,00000000000,0,0,0,1,0,0,0,0,0,0,0,998,0,0,0,12,12,2,3,3,0,0,0,1,48,75961,6,1,0,0,3,0,999,999,0,1,0,0,0,4,2010,4,2010,0,0,0,0,0,1,2,55,1,1,8,1,0,0,1,12,1,1,4,6,1,1
48,480735,1,1,4,31,5,7,9,14,0,1,0,48,1,54,421,54421,15,2005,2HNYD18915H5,2,H,N,Y,D,1,8,9,1,5,H,5,0,P,ACUR,MDX,UT,5,17,4542,,0,1063,,G,,0,0,000000000,00000000000,0,0,0,1,0,0,0,0,0,0,0,998,0,0,0,12,12,4,3,14,0,0,0,1,48,78676,6,1,0,0,3,3,999,999,0,0,0,0,0,0,0,0,0,1,28,0,0,0,2,4,70,1,1,8,1,0,0,1,11,1,1,4,11,0,0
48,480736,1,2,1,1,6,6,30,1,0,1,0,48,1,32,42,32042,6,2010,WA1LMAFE5AD0,W,A,1,L,M,A,F,E,5,A,D,0,0,P,AUDI,AQ7,UT,10,17,5512,,0,1182,,D,,0,0,000000000,00000000000,0,0,0,1,0,0,0,0,0,0,0,998,0,0,0,1,1,4,3,12,0,0,0,1,48,75204,6,1,0,0,3,3,999,999,0,3,0,0,0,3,2008,9,2009,0,38,0,0,0,1,4,45,1,1,8,1,3,3,11,15,1,1,1,98,0,0
48,480736,2,2,1,1,6,6,30,1,0,1,0,48,1,72,706,72706,80,2006,1HD1CGP166K4,1,H,D,1,C,G,P,1,6,6,K,4,0,M,HD,20C,RS,6,17,,,,,,,1200,0,0,000000000,00000000000,0,0,0,1,0,0,0,0,0,0,0,998,0,0,0,0,99,9,3,12,0,0,0,1,48,76010,3,1,0,0,2,3,70,178,0,0,0,3,0,12,2007,3,2008,0,0,0,0,0,1,4,45,1,1,8,1,0,0,1,62,3,2,1,98,1,0
48,480737,1,1,1,2,6,21,50,8,0,1,0,48,1,14,17,14017,4,1995,1MELM50U2SA6,1,M,E,L,M,5,0,U,2,S,A,6,0,P,MERC,SGS,4D,95,17,3144,,0,1060,,G,,0,0,000000000,00000000000,0,0,0,1,0,0,0,0,0,0,0,998,0,0,0,12,12,2,8,8,0,0,0,1,48,78217,6,1,0,0,3,3,999,999,0,0,0,0,0,0,0,0,0,0,0,0,0,0,2,4,40,1,1,8,2,0,0,1,80,1,1,1,13,0,0