STATE,ST_CASE,VEH_NO,VE_FORMS,NUMOCCS,DAY,MONTH,HOUR,MINUTE,HARM_EV,MAN_COLL,UNITTYPE,HIT_RUN,REG_STAT,OWNER,MAKE,MODEL,MAK_MOD,BODY_TYP,MOD_YEAR,VIN,VIN_1,VIN_2,VIN_3,VIN_4,VIN_5,VIN_6,VIN_7,VIN_8,VIN_9,VIN_10,VIN_11,VIN_12,TOW_VEH,VINTYPE,VINMAKE,VINA_MOD,VIN_BT,VINMODYR,VIN_LNGT,VIN_WGT,WGTCD_TR,WHLBS_LG,WHLBS_SH,SER_TR,FUELCODE,MCYCL_DS,J_KNIFE,MCARR_I1,MCARR_I2,MCARR_ID,GVWR,V_CONFIG,CARGO_BT,HAZ_INV,HAZ_PLAC,HAZ_ID,HAZ_CNO,HAZ_REL,BUS_USE,SPEC_USE,EMER_USE,TRAV_SP,UNDERIDE,ROLLOVER,ROLINLOC,IMPACT1,IMPACT2,DEFORMED,TOWED,M_HARM,VEH_SC1,VEH_SC2,FIRE_EXP,DR_PRES,L_STATE,DR_ZIP,L_STATUS,L_TYPE,CDL_STAT,L_ENDORS,L_COMPL,L_RESTRI,DR_HGT,DR_WGT,PREV_ACC,PREV_SUS,PREV_DWI,PREV_SPD,PREV_OTH,FIRST_MO,FIRST_YR,LAST_MO,LAST_YR,SPEEDREL,DR_SF1,DR_SF2,DR_SF3,DR_SF4,VTRAFWAY,VNUM_LAN,VSPD_LIM,VALIGN,VPROFILE,VPAVETYP,VSURCOND,VTRAFCON,VTCONT_F,P_CRASH1,P_CRASH2,P_CRASH3,PCRASH4,PCRASH5,ACC_TYPE,DEATHS,DR_DRINK
48,480771,2,2,1,13,3,15,18,12,2,1,0,48,2,12,37,12037,4,2005,3FAFP37NX5R1,3,F,A,F,P,3,7,N,X,5,R,1,0,P,FORD,FX5,5D,5,17,2729,,0,1030,,G,,0,0,000000000,00000000000,0,0,0,1,0,0,0,0,0,0,0,998,0,0,0,12,12,6,2,12,0,0,0,1,48,78642,6,1,0,0,3,3,999,999,0,0,0,0,0,0,0,0,0,0,28,51,0,0,1,4,60,1,1,8,1,0,0,1,10,1,1,2,50,1,0
48,480772,1,1,1,1,4,16,30,1,0,1,0,48,1,12,401,12401,14,2005,1FMZU67K35UB,1,F,M,Z,U,6,7,K,3,5,U,B,0,P,FORD,EPR,UT,5,17,4095,,0,1259,,F,,0,0,000000000,00000000000,0,0,0,1,0,0,0,0,0,0,0,998,0,1,1,0,0,6,2,1,0,0,0,1,48,77865,6,1,0,0,3,0,999,999,1,0,0,1,0,3,2008,3,2008,0,28,58,0,0,1,2,70,2,1,8,1,0,0,14,13,6,4,6,98,1,0
48,480773,1,1,1,4,4,0,0,38,0,1,0,48,1,76,706,76706,80,2001,JYAVP07E71A0,J,Y,A,V,P,0,7,E,7,1,A,0,0,M,YAMA,XTL,RS,1,17,,,,,,,1602,0,0,000000000,00000000000,0,0,0,1,0,0,0,0,0,0,0,998,0,0,0,99,99,9,2,38,0,0,0,1,48,77356,6,1,0,0,3,3,999,999,0,0,0,0,0,0,0,0,0,0,0,0,0,0,1,2,65,1,1,8,1,0,0,1,12,1,1,4,6,1,0
48,480774,1,2,2,11,4,20,20,12,2,1,0,48,2,49,482,49482,31,2009,5TFBW54129X0,5,T,F,B,W,5,4,1,2,9,X,0,0,T,TOYT,DLS,CW,9,17,,2,0,1457,TUN,F,,0,0,000000000,00000000000,0,0,0,1,0,0,0,0,0,0,0,998,0,0,0,12,12,6,2,12,0,0,0,1,48,77802,6,1,0,0,3,3,999,999,0,0,0,0,0,0,0,0,0,0,0,0,0,0,1,2,99,1,1,8,1,0,0,1,62,1,1,1,51,1,0
48,480774,2,2,1,11,4,20,20,12,2,1,0,48,2,23,481,23481,31,2005,1GTEK19B75E2,1,G,T,E,K,1,9,B,7,5,E,2,0,T,GMC,NK1,4C,5,17,,2,1575,1435,SIE,G,,0,0,000000000,00000000000,0,0,0,1,0,0,0,0,0,0,0,998,0,0,0,12,12,6,2,12,0,0,1,1,48,77830,6,1,0,0,3,0,999,999,2,0,0,2,0,2,2008,9,2008,0,51,0,0,0,1,2,99,1,1,8,1,0,0,1,10,1,1,2,50,1,0
48,480775,1,1,1,23,4,10,30,42,0,1,0,48,2,20,39,20039,4,2005,KL1TD62675B4,K,L,1,T,D,6,2,6,7,5,B,4,0,P,CHEV,ABS,5D,5,17,2343,,0,976,,G,,0,0,000000000,00000000000,0,0,0,1,0,0,0,0,0,0,0,998,0,0,0,9,9,4,3,42,0,0,0,1,48,77339,6,1,0,0,3,3,999,999,0,0,0,0,0,0,0,0,0,1,8,85,0,0,4,4,55,1,1,1,2,0,0,15,10,7,4,4,3,1,0
48,480776,1,1,5,24,4,12,0,25,0,1,0,48,1,12,401,12401,14,2000,1FMZU62X3YZC,1,F,M,Z,U,6,2,X,3,Y,Z,C,0,P,FORD,EPR,UT,0,17,3865,,0,1116,,G,,0,0,000000000,00000000000,0,0,0,1,0,0,0,0,0,0,0,998,0,1,1,12,9,4,3,1,0,0,0,1,48,77064,0,0,0,0,0,0,999,999,0,0,0,0,0,0,0,0,0,0,80,0,0,0,3,3,65,1,1,8,1,0,0,1,1,99,2,4,7,1,0
48,480777,1,3,2,25,4,12,49,12,6,1,0,48,1,18,20,18020,4,2001,2G4WB55K6111,2,G,4,W,B,5,5,K,6,1,1,1,0,P,BUIC,RLS,4D,1,17,3438,,0,1090,,G,,0,0,000000000,00000000000,0,0,0,1,0,0,0,0,0,0,0,998,0,0,0,5,5,4,3,12,0,0,0,1,48,78501,6,1,0,0,3,3,999,999,0,0,0,0,0,0,0,0,0,0,38,0,0,0,1,4,45,1,1,8,1,3,3,11,15,1,1,1,68,1,0
48,480777,2,3,2,25,4,12,49,12,6,1,0,48,2,49,40,49040,4,2002,4T1BE32K72U6,4,T,1,B,E,3,2,K,7,2,U,6,0,P,TOYT,LXS,4D,2,17,3086,,0,1071,,G,,0,0,000000000,00000000000,0,0,0,1,0,0,0,0,0,0,0,998,0,0,0,12,12,2,3,12,0,0,0,1,48,78501,6,1,0,0,3,0,999,999,0,0,0,0,0,0,0,0,0,0,0,0,0,0,1,4,45,1,1,8,1,3,3,1,17,99,1,1,69,0,0
48,480777,3,3,1,25,4,12,49,12,6,1,0,48,1,49,40,49040,4,2010,4T1BF3EK4AU5,4,T,1,B,F,3,E,K,4,A,U,5,0,P,TOYT,CBA,4D,10,17,3263,,0,1093,,G,,0,0,000000000,00000000000,0,0,0,1,0,0,0,0,0,0,0,0,0,0,0,12,12,2,1,12,0,0,0,1,48,78501,6,1,0,0,3,0,999,999,1,0,0,0,0,10,2008,10,2008,0,0,0,0,0,1,2,99,9,9,9,99,3,3,5,62,1,1,1,98,0,0
48,480778,1,1,1,27,1,0,20,52,0,1,0,48,1,12,471,12471,30,1987,1FTBR10A1HUB,1,F,T,B,R,1,0,A,1,H,U,B,0,T,FORD,RNG,PK,87,17,,1,1140,1080,RNG,G,,0,0,000000000,00000000000,0,0,0,1,0,0,0,0,0,0,0,998,0,1,5,1,1,4,3,52,0,0,0,1,48,79935,1,1,0,0,2,0,999,999,1,7,0,0,1,10,2007,12,2009,0,0,0,0,0,3,9,65,1,2,8,1,0,0,1,13,1,1,4,1,1,1
48,480779,1,2,1,8,1,21,3,12,2,1,0,48,1,35,43,35043,4,2003,3N1CB51DX3L8,3,N,1,C,B,5,1,D,X,3,L,8,0,P,NISS,XGX,4D,3,17,2411,,0,998,,G,,0,0,000000000,00000000000,0,0,0,1,0,0,0,0,0,0,0,998,0,0,0,12,12,6,2,12,0,0,0,1,48,77515,6,1,0,0,3,0,67,178,0,0,0,0,0,0,0,0,0,0,28,51,0,0,1,2,65,1,1,8,1,0,0,1,10,1,1,2,50,1,1
48,480779,2,2,2,8,1,21,3,12,2,1,0,48,1,42,421,42421,15,2007,4JGBF71E27A2,4,J,G,B,F,7,1,E,2,7,A,2,0,P,MERZ,GL4,UT,7,17,5249,,0,1211,,G,,0,0,000000000,00000000000,0,0,0,1,0,0,0,0,0,0,0,998,0,0,0,12,12,6,2,12,0,0,1,1,48,77062,6,1,0,0,3,3,999,999,0,0,0,1,0,6,2009,6,2009,0,0,0,0,0,1,2,65,1,1,8,1,0,0,1,62,1,1,1,51,0,0
48,480780,1,2,1,20,1,7,26,12,6,1,0,48,2,20,2,20002,4,2005,2G1WF52E2591,2,G,1,W,F,5,2,E,2,5,9,1,0,P,CHEV,IMP,4D,5,17,3389,,0,1105,,G,,0,0,000000000,00000000000,0,0,0,1,0,0,0,0,0,0,0,998,0,0,0,1,1,4,3,12,0,0,0,1,48,77480,6,1,0,0,3,3,999,999,1,0,0,0,0,10,2007,10,2007,0,51,0,0,0,1,2,45,2,3,8,2,0,0,14,10,1,4,2,64,0,0
48,480780,2,2,3,20,1,7,26,12,6,1,0,48,1,37,31,37031,4,2004,2HGES16524H5,2,H,G,E,S,1,6,5,2,4,H,5,0,P,HOND,UCL,4D,4,17,2515,,0,1031,,G,,0,0,000000000,00000000000,0,0,0,1,0,0,0,0,0,0,0,998,0,0,0,11,11,4,3,12,0,0,0,1,48,77414,6,1,0,0,3,3,999,999,0,0,0,0,0,0,0,0,0,0,0,0,0,0,1,2,45,1,2,8,2,0,0,1,62,4,1,1,65,1,0
48,480781,1,1,1,7,2,6,0,30,0,1,0,48,2,14,402,14402,14,2006,4M2YU56Z26KJ,4,M,2,Y,U,5,6,Z,2,6,K,J,0,P,MERC,MRN,UT,6,17,3282,,0,1031,,G,,0,0,000000000,00000000000,0,0,0,1,0,0,0,0,0,0,0,998,0,1,5,12,12,6,2,30,0,0,0,1,48,77541,2,1,0,0,2,0,999,999,0,0,0,0,0,0,0,0,0,0,0,0,0,0,1,2,60,1,1,8,1,0,0,1,12,1,1,4,6,1,1
48,480782,1,1,1,20,2,2,2,1,0,1,0,48,1,12,401,12401,14,1998,1FMZU32E5WZB,1,F,M,Z,U,3,2,E,5,W,Z,B,0,P,FORD,EPR,UT,98,17,3911,,0,1115,,G,,0,0,000000000,00000000000,0,0,0,1,0,0,0,0,0,0,0,998,0,2,5,0,3,4,3,1,0,0,0,1,48,77879,6,1,0,0,3,0,999,999,0,0,0,2,1,5,2008,6,2009,1,0,0,0,0,1,2,65,3,1,8,1,0,0,14,13,1,1,4,1,1,1
48,480783,1,1,2,25,3,3,30,33,0,1,0,48,1,20,482,20482,31,2005,3GNEC12Z15G1,3,G,N,E,C,1,2,Z,1,5,G,1,0,P,CHEV,AVL,UT,5,17,5437,,0,1300,,F,,0,0,000000000,00000000000,0,0,0,1,0,0,0,0,0,0,0,998,0,0,0,14,12,6,2,21,0,0,1,1,48,77034,6,1,0,0,3,0,999,999,0,0,0,0,0,0,0,0,0,1,0,0,0,0,6,1,99,3,2,8,2,0,0,15,6,99,9,4,2,1,1
48,480784,1,1,1,20,3,19,25,38,0,1,0,48,1,12,37,12037,4,2007,1FAFP34N97W2,1,F,A,F,P,3,4,N,9,7,W,2,0,P,FORD,FMS,4D,7,17,2636,,0,1029,,G,,0,0,000000000,00000000000,0,0,0,1,0,0,0,0,0,0,0,998,0,0,0,4,4,4,3,38,0,0,0,1,48,77422,6,1,0,0,3,0,999,999,0,0,0,0,0,0,0,0,0,1,58,0,0,0,1,2,45,3,1,8,1,0,0,14,6,6,4,4,7,1,1
48,480785,1,2,1,27,3,15,30,12,6,1,0,92,0,72,706,72706,80,2009,1HD1FV4159Y6,1,H,D,1,F,V,4,1,5,9,Y,6,0,M,HD,FHT,RS,9,17,,,,,,,1584,0,0,000000000,00000000000,0,0,0,1,0,0,0,0,0,0,0,998,0,0,0,81,81,6,2,12,0,0,0,1,48,75948,1,1,0,0,2,3,999,999,0,3,0,3,1,10,2007,12,2009,1,51,0,0,0,1,2,55,2,2,8,1,0,0,14,10,1,1,2,64,1,0
48,480785,2,2,2,27,3,15,30,12,6,1,0,48,2,7,482,7482,31,1995,1B6MC36C8SS3,1,B,6,M,C,3,6,C,8,S,S,3,1,T,DODG,350,CB,95,17,,3,1627,1387,RPC,D,,1,0,000000000,00000000000,0,0,0,1,0,0,0,0,0,0,0,998,0,0,0,12,12,4,3,12,0,0,0,1,48,75968,6,1,0,0,3,0,999,999,0,3,0,0,1,11,2007,12,2008,0,0,0,0,0,1,2,55,3,2,8,1,0,0,14,62,7,1,1,65,0,0
48,480786,1,2,2,26,5,17,50,12,6,1,0,48,1,12,481,12481,31,2001,1FTZX17211KB,1,F,T,Z,X,1,7,2,1,1,K,B,1,T,FORD,F15,4C,1,17,,1,1571,1385,COF,G,,1,0,000000000,00000000000,0,0,0,1,0,0,0,0,0,0,0,998,0,0,0,11,11,6,2,12,0,0,0,1,48,79316,6,1,0,0,3,3,999,999,0,0,0,1,0,4,2008,4,2008,0,91,48,0,0,1,2,70,1,1,8,1,0,0,11,10,1,1,2,72,0,1
48,480786,2,2,1,26,5,17,50,12,6,1,0,45,3,85,881,85881,66,1999,1XKDDR9XXXJ8,1,X,K,D,D,R,9,X,X,X,J,8,1,T,KW,T80,DS,99,17,,8,2600,1600,CON,D,,1,57,548304,57548304,3,6,2,1,0,0,0,0,0,0,0,998,0,1,5,2,9,6,2,1,0,0,0,1,48,79764,6,1,6,0,3,0,999,999,0,0,0,0,0,0,0,0,0,0,0,0,0,0,1,2,70,1,1,8,1,0,0,6,60,6,1,2,73,1,0
48,480788,1,1,1,5,6,13,32,1,0,1,0,48,2,7,482,7482,31,2009,3D7KS28LX9G5,3,D,7,K,S,2,8,L,X,9,G,5,0,T,DODG,SQ2,CW,9,17,,2,1605,1405,RPC,D,,0,0,000000000,00000000000,0,0,0,1,0,0,0,0,0,0,0,998,0,1,5,0,9,4,3,1,0,0,0,1,48,77340,6,1,0,0,3,3,999,999,0,0,0,0,0,0,0,0,0,1,0,0,0,0,1,2,70,3,1,8,1,0,0,14,13,6,9,4,1,1,0
48,480789,1,1,1,6,6,3,0,1,0,1,0,92,0,37,706,37706,80,2003,JH2SC50013M1,J,H,2,S,C,5,0,0,1,3,M,1,0,M,HOND,CR9,RS,3,17,,,,,,,954,0,0,000000000,00000000000,0,0,0,1,0,0,0,0,0,0,0,998,0,0,0,0,0,9,2,32,0,0,0,1,48,75901,6,1,0,0,3,0,999,999,0,0,0,1,0,6,2008,6,2008,1,37,0,0,0,1,2,35,3,2,8,1,0,0,14,13,1,9,4,1,1,0
48,480790,1,2,2,8,6,15,50,12,6,1,0,48,1,35,32,35032,2,1997,1N4AB42D0VC5,1,N,4,A,B,4,2,D,0,V,C,5,0,P,NISS,2SE,CP,97,17,2252,,0,998,,G,,0,0,000000000,00000000000,0,0,0,1,0,0,0,0,0,0,0,998,0,0,0,12,12,6,2,12,0,0,0,1,48,75691,6,1,0,0,3,0,999,999,0,0,0,0,0,0,0,0,0,0,0,0,0,0,1,2,60,1,3,8,2,0,0,1,62,1,1,1,69,0,0
48,480790,2,2,2,8,6,15,50,12,6,1,0,48,2,7,442,7442,20,1998,2B4GP44G8WR5,2,B,4,G,P,4,4,G,8,W,R,5,0,P,DODG,CAR,SV,98,17,3675,,0,1193,,F,,0,0,000000000,00000000000,0,0,0,1,0,0,0,0,0,0,0,998,0,0,0,3,3,6,2,12,0,0,0,1,48,75603,6,1,0,0,3,0,999,999,0,0,0,0,0,0,0,0,0,0,38,91,0,0,1,2,60,1,3,8,2,0,0,11,54,1,1,2,68,1,0
48,480791,1,1,1,9,6,7,43,1,0,1,0,48,1,18,3,18003,4,1994,1G4CW52L2R16,1,G,4,C,W,5,2,L,2,R,1,6,0,P,BUIC,PKA,4D,94,17,3533,,0,1108,,G,,0,0,000000000,00000000000,0,0,0,1,0,0,0,0,0,0,0,998,0,2,5,0,9,6,2,1,0,0,0,1,48,79080,1,1,0,0,2,0,999,999,0,21,0,1,0,7,2007,3,2010,1,0,0,0,0,2,2,70,1,3,8,1,0,0,1,6,7,3,4,2,1,0
48,480792,1,2,1,10,6,5,40,12,6,1,0,48,1,35,421,35421,15,2004,5N1AA08AX4N7,5,N,1,A,A,0,8,A,X,4,N,7,0,P,NISS,ARM,UT,4,17,4831,,0,1063,,G,,0,0,000000000,00000000000,0,0,0,1,0,0,0,0,0,0,0,998,0,0,0,12,12,6,2,12,0,0,0,1,48,75904,6,1,0,0,3,0,999,999,0,0,0,1,0,3,2010,3,2010,0,0,0,0,0,1,2,50,1,1,8,2,0,0,1,50,1,1,1,84,1,0
48,480792,2,2,0,10,6,5,40,12,6,1,0,48,6,89,881,89881,66,1995,4V1VDBCFXSN6,4,V,1,V,D,B,C,F,X,S,N,6,1,T,WHGM,WCA,DS,95,17,,8,0,0,ARO,D,,1,48,00640973C,4800640973C,3,6,4,1,0,0,0,0,0,0,0,0,0,0,0,10,10,4,1,12,0,0,0,0,,,,,,,,,999,,,,,,,,,,,,20,0,0,0,1,2,50,1,1,8,2,0,0,0,98,0,0,0,84,0,0
48,480793,1,2,1,10,6,19,27,12,6,1,0,48,1,72,706,72706,80,2000,1HD1FBW10YY6,1,H,D,1,F,B,W,1,0,Y,Y,6,0,M,HD,LRI,RS,0,17,,,,,,,1450,0,0,000000000,00000000000,0,0,0,1,0,0,0,0,0,0,0,998,0,0,0,3,3,2,3,12,0,0,0,1,48,75077,6,1,0,0,3,3,999,999,0,0,0,0,0,0,0,0,0,0,48,0,0,0,1,2,50,1,1,8,1,0,0,12,98,1,1,2,98,1,0
48,480793,2,2,1,10,6,19,27,12,6,1,0,48,2,72,706,72706,80,2006,1HD4CMM176K4,1,H,D,4,C,M,M,1,7,6,K,4,0,M,HD,XLL,RS,6,17,,,,,,,883,0,0,000000000,00000000000,0,0,0,1,0,0,0,0,0,0,0,998,0,0,0,12,12,2,3,12,0,0,0,1,48,78624,6,1,0,0,2,0,999,999,0,0,0,1,1,11,2009,11,2009,0,24,92,0,0,1,2,50,1,1,8,1,0,0,1,64,4,1,1,98,0,0
48,480794,1,1,1,10,6,1,25,42,0,1,0,92,0,7,482,7482,31,1996,4B3AU42Y3TE3,4,B,3,A,U,4,2,Y,3,T,E,3,0,P,DODG,A/E,2P,96,17,2789,,0,1037,,G,,0,0,000000000,00000000000,0,0,0,1,0,0,0,0,0,0,0,998,0,0,0,1,1,6,2,42,0,0,1,1,48,77351,0,0,0,0,0,0,999,999,0,0,0,0,0,0,0,0,0,1,0,0,0,0,1,2,55,1,1,8,2,0,0,1,12,6,1,4,6,1,1
48,480795,1,1,2,12,6,2,21,38,0,1,0,99,9,20,23,20023,6,2006,3GNDA23D66S5,3,G,N,D,A,2,3,D,6,6,S,5,0,P,CHEV,HHR,UT,6,17,3155,,0,1035,,G,,0,0,000000000,00000000000,0,0,0,1,0,0,0,0,0,0,0,998,0,1,1,10,10,4,3,38,0,0,0,1,48,77520,0,0,0,0,0,0,999,999,0,1,0,0,0,7,2008,7,2008,0,39,37,0,0,1,2,30,1,2,8,1,0,0,3,8,1,7,4,7,1,1
48,480796,1,1,2,12,6,2,50,1,0,1,0,48,2,20,481,20481,31,2007,1GCEC14J57Z5,1,G,C,E,C,1,4,J,5,7,Z,5,0,T,CHEV,SC1,PK,7,17,,2,1330,1190,SIL,G,,0,0,000000000,00000000000,0,0,0,1,0,0,0,0,0,0,0,998,0,1,5,0,0,6,2,1,0,0,0,1,48,78572,0,0,0,0,0,0,999,999,0,0,0,0,0,0,0,0,0,1,91,0,0,0,1,2,30,1,1,8,11,0,0,1,6,1,3,4,2,1,1
48,480797,1,2,1,12,6,12,59,12,7,1,1,48,1,7,482,7482,31,2001,3B7HC13Z71G7,3,B,7,H,C,1,3,Z,7,1,G,7,0,T,DODG,Q15,4C,1,17,,2,1547,1387,RPC,G,,0,0,000000000,00000000000,0,0,0,1,0,0,0,0,0,0,0,0,0,0,0,7,7,2,1,12,0,0,0,1,48,79405,6,1,0,0,3,0,999,999,0,0,0,0,0,0,0,0,0,0,54,0,0,0,2,4,70,1,2,8,1,0,0,5,53,1,9,1,45,0,0
48,480797,2,2,3,12,6,12,59,12,7,1,0,48,2,18,2,18002,4,2000,1G4HP54K0Y41,1,G,4,H,P,5,4,K,0,Y,4,1,0,P,BUIC,LCF,4D,0,17,3567,,0,1122,,G,,0,0,000000000,00000000000,0,0,0,1,0,0,0,0,0,0,0,998,0,1,3,1,12,6,2,1,0,0,0,1,48,79403,6,1,0,0,3,3,999,999,1,0,0,0,0,11,2007,11,2007,0,58,0,0,0,2,4,70,1,2,8,1,0,0,1,50,6,1,1,44,2,0
48,480798,1,1,1,12,6,19,51,30,0,1,0,48,1,20,481,20481,31,1985,1GCDC14H1FS1,1,G,C,D,C,1,4,H,1,F,S,1,0,T,CHEV,C10,PK,85,17,,1,1315,1175,C10,G,,0,0,000000000,00000000000,0,0,0,1,0,0,0,0,0,0,0,998,0,1,5,10,99,4,3,30,0,0,0,1,48,76844,1,1,0,0,2,3,999,999,1,3,0,0,1,8,2007,10,2009,1,0,0,0,0,1,2,55,1,1,8,1,0,0,1,6,1,3,4,2,1,1
48,480799,1,1,2,12,6,16,56,51,0,1,0,8,1,72,706,72706,80,2005,1HD1FLW155Y6,1,H,D,1,F,L,W,1,5,5,Y,6,1,M,HD,CUS,RS,5,17,,,,,,,1450,3,0,000000000,00000000000,0,0,0,1,0,0,0,0,0,0,0,998,0,0,0,0,99,9,1,1,0,0,0,1,8,80212,6,1,6,0,3,0,66,185,0,0,0,0,0,0,0,0,0,0,28,0,0,0,1,2,70,1,2,8,1,0,0,1,1,1,1,1,0,1,0
48,480800,1,1,1,13,6,11,1,25,0,1,0,48,1,49,43,49043,4,2006,4T1BK36B26U1,4,T,1,B,K,3,6,B,2,6,U,1,0,P,TOYT,UTS,4D,6,17,3490,,0,1071,,G,,0,0,000000000,00000000000,0,0,0,1,0,0,0,0,0,0,0,998,0,0,0,81,12,6,2,59,0,0,0,1,48,76020,6,1,0,0,3,0,70,150,1,1,0,0,0,9,2008,1,2009,0,0,0,0,0,3,4,55,1,1,8,1,0,0,1,13,1,1,4,1,1,0
48,480801,1,1,2,13,6,14,28,1,0,1,0,48,1,12,423,12423,15,2004,1FMSU41P84EC,1,F,M,S,U,4,1,P,8,4,E,C,1,P,FORD,EXC,UT,4,17,7087,,0,1371,,D,,1,0,000000000,00000000000,0,0,0,1,0,0,0,0,0,0,0,998,0,2,5,0,9,6,2,1,0,0,0,1,48,78006,6,1,0,0,3,0,999,999,0,0,0,0,0,0,0,0,0,1,0,0,0,0,2,4,80,3,2,8,1,0,0,14,6,99,3,4,2,1,0
48,480802,1,1,1,13,6,1,30,53,0,1,0,48,1,12,38,12038,1,2006,1FAFP90S96Y4,1,F,A,F,P,9,0,S,9,6,Y,4,0,P,FORD,GGT,CP,6,17,3485,,0,1067,,G,,0,0,000000000,00000000000,0,0,0,1,0,0,0,0,0,0,0,998,0,1,5,99,12,4,3,1,0,0,0,1,48,77351,6,1,0,0,3,0,999,999,0,0,0,0,0,0,0,0,0,1,0,0,0,0,2,4,60,2,1,8,1,0,0,14,6,1,2,4,2,1,1
48,480803,1,3,1,13,6,12,1,12,1,1,0,48,1,12,481,12481,31,2002,1FTRX17W22NB,1,F,T,R,X,1,7,W,2,2,N,B,0,T,FORD,F15,4C,2,17,,2,1571,1385,COF,G,,0,0,000000000,00000000000,0,0,0,1,0,0,0,0,0,0,0,998,0,0,0,12,12,4,3,12,0,0,0,1,48,78738,6,1,0,0,3,0,999,999,0,0,0,0,0,0,0,0,0,1,0,0,0,0,1,4,60,1,1,8,1,0,0,1,52,1,1,1,28,0,1
48,480803,2,3,1,13,6,12,1,12,1,1,0,48,1,98,709,98709,83,1996,TEX112455,T,E,X,1,1,2,4,5,5,,,,0,P,,,,,,,,,,,,,0,0,000000000,00000000000,0,0,0,1,0,0,0,0,0,0,0,998,0,0,0,6,6,4,3,12,0,0,0,1,48,76524,6,1,0,0,3,3,999,999,0,0,0,0,0,0,0,0,0,0,0,0,0,0,1,4,60,1,1,8,1,0,0,2,53,1,1,1,29,1,0
48,480803,3,3,2,13,6,12,1,12,1,1,0,48,3,20,481,20481,31,2007,2GCEK13Z4711,2,G,C,E,K,1,3,Z,4,7,1,1,0,T,CHEV,1KW,CW,7,17,,2,0,1435,SIL,F,,0,0,000000000,00000000000,0,0,0,1,0,0,0,0,0,0,0,998,0,0,0,6,6,4,3,12,0,0,0,1,48,78640,6,1,0,0,3,0,999,999,0,0,0,2,1,9,2007,5,2009,0,0,0,0,0,1,4,60,1,1,8,1,0,0,2,53,1,1,1,98,0,0
48,480804,1,1,5,14,6,7,33,30,0,1,1,48,9,7,442,7442,20,2001,2B8GP54L11R1,2,B,8,G,P,5,4,L,1,1,R,1,0,P,DODG,CAR,SV,1,17,4118,,0,1193,,G,,0,0,000000000,00000000000,0,0,0,1,0,0,0,0,0,0,0,998,0,1,5,2,2,6,2,1,0,0,0,1,99,99999,9,9,99,0,9,9,999,999,99,99,99,99,99,99,9999,99,9999,1,37,58,0,0,1,2,30,1,1,7,1,0,0,1,6,7,4,4,7,1,0
48,480805,1,1,1,16,6,18,15,58,0,1,0,48,2,76,706,76706,80,2000,JYAVP02YXYA0,J,Y,A,V,P,0,2,Y,X,Y,A,0,0,M,YAMA,XAL,RS,0,17,,,,,,,1602,0,0,000000000,00000000000,0,0,0,1,0,0,0,0,0,0,0,998,0,0,0,99,99,9,3,58,0,0,0,1,48,78130,6,1,0,0,3,3,999,999,0,0,0,0,0,0,0,0,0,1,0,0,0,0,1,2,40,3,1,8,1,0,0,14,6,1,7,4,2,1,0
48,480806,1,2,1,16,6,16,35,12,6,1,0,48,1,7,482,7482,31,2005,1D7HA18N15S2,1,D,7,H,A,1,8,N,1,5,S,2,0,T,DODG,SQ1,CW,5,17,,2,1605,1405,RPC,G,,0,0,000000000,00000000000,0,0,0,1,0,0,0,0,0,0,0,998,0,0,0,9,9,4,3,12,0,0,0,1,48,78666,6,1,0,0,3,0,999,999,0,0,0,0,0,0,0,0,0,0,38,0,0,0,5,4,45,1,1,8,1,0,0,11,15,1,1,1,82,1,0
48,480806,2,2,1,16,6,16,35,12,6,1,0,48,1,7,481,7481,31,1970,D14AE0S18577,D,1,4,A,E,0,S,1,8,5,7,7,0,U,,,,,,,,,,,,,0,0,000000000,00000000000,0,0,0,1,0,0,0,0,0,0,0,998,0,0,0,12,12,4,3,12,0,0,0,1,48,78666,6,1,0,0,3,3,999,999,0,2,0,0,0,11,2009,2,2010,0,0,0,0,0,5,4,45,1,1,8,1,0,0,1,72,6,1,2,83,0,0
48,480807,1,1,1,16,6,23,23,30,0,1,0,48,1,58,38,58038,4,2009,JNKCY01F99M8,J,N,K,C,Y,0,1,F,9,9,M,8,0,P,INFI,M3A,4D,9,17,4041,,0,1142,,G,,0,0,000000000,00000000000,0,0,0,1,0,0,0,0,0,0,0,998,0,0,0,9,9,6,2,30,0,0,0,1,48,77096,6,1,0,0,3,3,999,999,0,0,0,0,0,0,0,0,0,1,0,0,0,0,1,2,55,2,1,8,1,0,0,14,6,1,3,4,7,1,1
48,480808,1,1,2,19,6,17,0,38,0,1,0,48,1,72,706,72706,80,2005,1HD1PKE185Y9,1,H,D,1,P,K,E,1,8,5,Y,9,0,M,HD,CS2,RS,5,17,,,,,,,1450,0,0,000000000,00000000000,0,0,0,1,0,0,0,0,0,0,0,998,0,0,0,12,12,9,3,1,0,0,0,1,48,76504,6,1,6,0,3,0,999,999,0,0,0,0,0,0,0,0,0,0,52,0,0,0,1,2,65,3,2,8,1,0,0,14,13,1,1,4,1,1,0