STATE,ST_CASE,VEH_NO,VE_FORMS,NUMOCCS,DAY,MONTH,HOUR,MINUTE,HARM_EV,MAN_COLL,UNITTYPE,HIT_RUN,REG_STAT,OWNER,MAKE,MODEL,MAK_MOD,BODY_TYP,MOD_YEAR,VIN,VIN_1,VIN_2,VIN_3,VIN_4,VIN_5,VIN_6,VIN_7,VIN_8,VIN_9,VIN_10,VIN_11,VIN_12,TOW_VEH,VINTYPE,VINMAKE,VINA_MOD,VIN_BT,VINMODYR,VIN_LNGT,VIN_WGT,WGTCD_TR,WHLBS_LG,WHLBS_SH,SER_TR,FUELCODE,MCYCL_DS,J_KNIFE,MCARR_I1,MCARR_I2,MCARR_ID,GVWR,V_CONFIG,CARGO_BT,HAZ_INV,HAZ_PLAC,HAZ_ID,HAZ_CNO,HAZ_REL,BUS_USE,SPEC_USE,EMER_USE,TRAV_SP,UNDERIDE,ROLLOVER,ROLINLOC,IMPACT1,IMPACT2,DEFORMED,TOWED,M_HARM,VEH_SC1,VEH_SC2,FIRE_EXP,DR_PRES,L_STATE,DR_ZIP,L_STATUS,L_TYPE,CDL_STAT,L_ENDORS,L_COMPL,L_RESTRI,DR_HGT,DR_WGT,PREV_ACC,PREV_SUS,PREV_DWI,PREV_SPD,PREV_OTH,FIRST_MO,FIRST_YR,LAST_MO,LAST_YR,SPEEDREL,DR_SF1,DR_SF2,DR_SF3,DR_SF4,VTRAFWAY,VNUM_LAN,VSPD_LIM,VALIGN,VPROFILE,VPAVETYP,VSURCOND,VTRAFCON,VTCONT_F,P_CRASH1,P_CRASH2,P_CRASH3,PCRASH4,PCRASH5,ACC_TYPE,DEATHS,DR_DRINK
48,480847,1,2,1,6,6,21,57,25,0,1,0,48,2,53,402,53402,14,1997,JS3TD21V2V41,J,S,3,T,D,2,1,V,2,V,4,1,0,P,SUZI,SDK,UT,97,17,2954,,0,976,,G,,0,0,000000000,00000000000,0,0,0,1,0,0,0,0,0,0,0,998,0,0,0,9,6,4,3,2,0,0,1,1,48,77708,6,1,0,0,3,0,999,999,1,0,0,2,0,8,2008,3,2010,0,0,0,0,0,3,3,65,1,1,8,1,0,0,1,10,1,1,4,6,1,0
48,480847,2,2,1,6,6,21,57,25,0,1,0,48,1,55,39,55039,4,2006,KMHFC46F86A1,K,M,H,F,C,4,6,F,8,6,A,1,0,P,HYUN,AZL,4D,6,17,3629,,0,1094,,G,,0,0,000000000,00000000000,0,0,0,1,0,0,0,0,0,0,0,998,0,0,0,12,12,4,3,2,0,0,1,1,48,77657,6,1,0,0,3,3,999,999,0,0,0,0,0,0,0,0,0,0,0,0,0,0,3,3,65,1,1,8,1,0,0,1,51,1,1,1,98,0,0
48,480848,1,1,2,20,6,12,50,32,0,1,0,48,1,49,43,49043,4,2006,4T1BK36B96U1,4,T,1,B,K,3,6,B,9,6,U,1,0,P,TOYT,UTS,4D,6,17,3490,,0,1071,,G,,0,0,000000000,00000000000,0,0,0,1,0,0,0,0,0,0,0,998,0,1,5,12,13,6,2,1,0,0,0,1,48,76502,6,1,0,0,3,3,69,150,0,0,0,0,0,0,0,0,0,0,0,0,0,0,1,2,70,1,1,8,1,0,0,1,12,1,1,4,6,2,0
48,480849,1,2,1,22,6,10,21,12,6,1,0,93,3,87,881,87881,66,2009,1XPTD4EX29D7,1,X,P,T,D,4,E,X,2,9,D,7,1,T,PTRB,367,DS,9,17,,8,0,0,CON,D,,1,57,1187036,571187036,3,6,3,1,0,0,0,0,0,0,0,998,0,0,0,12,12,2,1,12,0,0,0,1,48,75653,6,1,6,0,3,3,999,999,0,0,0,1,0,3,2010,3,2010,0,0,0,0,0,1,2,70,1,1,2,1,0,0,1,66,1,1,1,86,0,0
48,480849,2,2,1,22,6,10,21,12,6,1,0,48,1,2,404,2404,14,1995,1J4FX58S2SC6,1,J,4,F,X,5,8,S,2,S,C,6,0,T,JEEP,LRO,4W,95,17,,1,0,1059,GCK,G,,0,0,000000000,00000000000,0,0,0,1,0,0,0,0,0,0,0,998,0,0,0,3,3,6,2,12,0,0,0,1,48,77861,6,1,0,0,3,3,999,999,0,0,0,0,1,3,2009,3,2009,0,38,0,0,0,1,2,98,1,1,8,1,20,3,4,17,1,1,1,87,1,0
48,480850,1,2,1,22,6,7,50,12,2,1,0,3,3,12,481,12481,31,2006,1FTRX12W06KD,1,F,T,R,X,1,2,W,0,6,K,D,0,T,FORD,F15,4C,6,17,,2,0,1450,COF,G,,0,0,000000000,00000000000,0,0,0,1,0,0,0,0,0,0,0,998,0,0,0,12,12,6,2,12,0,0,0,1,48,75633,6,1,7,0,3,0,76,332,0,0,0,0,0,0,0,0,0,0,28,51,0,0,1,2,70,1,2,8,1,0,0,1,10,1,1,4,50,1,0
48,480850,2,2,1,22,6,7,50,12,2,1,0,48,1,23,481,23481,31,2003,1GTEK19T83Z2,1,G,T,E,K,1,9,T,8,3,Z,2,0,T,GMC,NK1,4C,3,17,,2,1575,1435,SIE,G,,0,0,000000000,00000000000,0,0,0,1,0,0,0,0,0,0,0,998,0,0,0,12,12,6,2,12,0,0,0,1,48,75633,6,1,0,0,3,3,999,999,0,0,0,0,0,0,0,0,0,0,0,0,0,0,1,2,70,1,2,8,1,0,0,1,62,7,1,4,51,1,0
48,480851,1,2,1,24,6,23,33,12,7,1,0,48,2,12,481,12481,31,1997,1FTEX17L2VKB,1,F,T,E,X,1,7,L,2,V,K,B,0,T,FORD,F15,3C,97,17,3758,2,1570,1390,COF,G,,0,0,000000000,00000000000,0,0,0,1,0,0,0,0,0,0,0,998,0,2,5,1,13,9,3,1,0,0,0,1,48,75217,0,0,0,0,0,0,62,175,0,0,0,0,0,0,0,0,0,0,28,8,0,0,4,2,60,1,1,8,1,0,0,15,11,1,1,2,46,1,1
48,480851,2,2,2,24,6,23,33,12,7,1,0,48,1,19,3,19003,4,1996,1G6KD52YXTU2,1,G,6,K,D,5,2,Y,X,T,U,2,0,P,CADI,DFW,4D,96,17,3758,,0,1138,,G,,0,0,000000000,00000000000,0,0,0,1,0,0,0,0,0,0,0,998,0,0,0,9,9,2,3,12,0,0,0,1,48,75150,0,0,0,0,0,0,999,999,0,0,0,0,0,0,0,0,0,0,0,0,0,0,4,2,60,1,2,8,1,0,0,1,60,1,1,1,45,0,0
48,480852,1,2,1,25,6,16,30,12,6,1,0,48,1,49,32,49032,4,2009,1NXBU40E19Z1,1,N,X,B,U,4,0,E,1,9,Z,1,0,P,TOYT,CBL,4D,9,17,2723,,0,1024,,G,,0,0,000000000,00000000000,0,0,0,1,0,0,0,0,0,0,0,998,0,0,0,1,1,4,3,12,0,0,0,1,48,76039,6,1,0,0,3,0,999,999,0,0,0,0,0,0,0,0,0,0,38,0,0,0,2,6,40,1,1,8,1,3,3,11,15,1,1,1,68,0,0
48,480852,2,2,1,25,6,16,30,12,6,1,0,48,1,13,1,13001,4,2001,1LNHM82W01Y6,1,L,N,H,M,8,2,W,0,1,Y,6,0,P,LINC,SIG,4D,1,17,4070,,0,1177,,G,,0,0,000000000,00000000000,0,0,0,1,0,0,0,0,0,0,0,998,0,0,0,12,12,6,2,12,0,0,0,1,48,75254,6,1,0,0,3,0,73,276,0,0,0,0,0,0,0,0,0,0,0,0,0,0,2,6,40,1,1,8,1,3,3,1,62,1,1,1,69,1,0
48,480853,1,1,1,25,6,1,1,11,0,1,0,27,1,72,709,72709,80,2004,1HD1FCW144Y6,1,H,D,1,F,C,W,1,4,4,Y,6,0,M,HD,FLU,RS,4,17,,,,,,,1450,0,0,000000000,00000000000,0,0,0,1,0,0,0,0,0,0,0,998,0,0,0,12,12,9,3,11,0,0,0,1,27,55390,6,1,0,0,3,0,75,205,0,0,0,0,0,0,0,0,0,0,83,0,0,0,1,2,65,1,1,8,1,0,0,1,87,3,2,1,13,1,0
48,480854,1,2,3,26,6,0,5,12,6,1,0,48,2,12,3,12003,2,2007,1ZVFT82H8752,1,Z,V,F,T,8,2,H,8,7,5,2,0,P,FORD,MGT,CP,7,17,3356,,0,1071,,G,,0,0,000000000,00000000000,0,0,0,1,0,0,0,0,0,0,0,998,0,1,5,12,12,6,2,12,0,0,0,1,48,75090,6,1,0,0,3,3,999,999,0,0,0,0,0,0,0,0,0,1,0,0,0,0,2,4,45,1,2,8,1,3,3,1,62,1,1,1,69,0,0
48,480854,2,2,1,26,6,0,5,12,6,1,0,48,1,30,40,30040,4,2008,3VWRJ71K88M1,3,V,W,R,J,7,1,K,8,8,M,1,0,P,VOLK,JWE,4D,8,17,3219,,0,1015,,G,,0,0,000000000,00000000000,0,0,0,1,0,0,0,0,0,0,0,998,0,0,0,1,1,6,2,12,0,0,0,1,48,75013,6,1,0,0,3,0,999,999,0,0,0,0,0,0,0,0,0,0,0,0,0,0,2,4,45,1,2,8,1,3,3,11,15,1,1,1,68,1,0
48,480855,1,2,1,26,6,12,40,25,0,1,0,48,1,14,6,14006,4,1985,1MEBP95F0FZ6,1,M,E,B,P,9,5,F,0,F,Z,6,0,P,MERC,MGR,4D,85,17,3603,,0,1143,,G,,0,0,000000000,00000000000,0,0,0,1,0,0,0,0,0,0,0,998,0,0,0,12,12,6,2,12,0,0,0,1,48,76528,6,1,0,0,3,0,999,999,1,0,0,2,0,1,2008,1,2010,0,0,0,0,0,1,2,70,1,1,8,1,0,0,1,1,1,9,4,7,0,0
48,480855,2,2,2,26,6,12,40,25,0,1,0,48,1,24,7,24007,4,2004,1G8AJ52F34Z2,1,G,8,A,J,5,2,F,3,4,Z,2,0,P,STRN,SI2,4D,4,17,2808,,0,1032,,G,,0,0,000000000,00000000000,0,0,0,1,0,0,0,0,0,0,0,998,0,0,0,12,12,4,3,12,0,0,0,1,48,76541,6,1,0,0,3,0,999,999,1,0,0,1,0,7,2008,1,2009,0,0,0,0,0,1,2,70,1,1,8,1,0,0,1,62,99,2,4,98,1,0
48,480856,1,1,4,27,6,22,40,33,0,1,0,48,2,12,401,12401,14,2001,1FMYU60E51UC,1,F,M,Y,U,6,0,E,5,1,U,C,0,P,FORD,EPR,UT,1,17,3769,,0,1018,,G,,0,0,000000000,00000000000,0,0,0,1,0,0,0,0,0,0,0,998,0,1,5,14,11,6,2,42,0,0,0,1,48,77036,6,1,0,0,3,0,999,999,0,7,0,0,0,10,2008,1,2010,0,0,0,0,0,2,4,35,1,1,8,1,0,0,1,9,1,3,4,2,1,1
48,480857,1,2,2,27,6,5,0,12,2,1,0,48,2,20,2,20002,4,1985,2G1BN69Z8F91,2,G,1,B,N,6,9,Z,8,F,9,1,0,P,CHEV,CCL,4D,85,17,3389,,0,1160,,G,,0,0,000000000,00000000000,0,0,0,1,0,0,0,0,0,0,0,998,0,0,0,12,12,6,2,12,0,0,0,1,48,75401,6,1,0,0,3,3,65,218,0,0,0,0,0,0,0,0,0,0,28,51,0,0,1,2,40,1,1,8,1,0,0,1,10,1,1,2,50,1,1
48,480857,2,2,1,27,6,5,0,12,2,1,0,48,1,20,421,20421,15,1986,1GCCS18R5G81,1,G,C,C,S,1,8,R,5,G,8,1,0,T,CHEV,SBZ,S1,86,17,,1,0,1005,S10,G,,0,0,000000000,00000000000,0,0,0,1,0,0,0,0,0,0,0,998,0,1,3,12,12,6,2,12,0,0,0,1,48,75453,6,1,0,0,3,3,999,999,0,0,0,0,0,0,0,0,0,0,0,0,0,0,1,2,40,1,1,8,1,0,0,1,62,1,1,1,51,1,0
48,480858,1,1,1,28,6,12,8,32,0,1,0,48,3,20,481,20481,31,2003,1GBJC34143E1,1,G,B,J,C,3,4,1,4,3,E,1,0,T,CHEV,SC3,CB,3,17,,3,1615,1370,SIL,D,,0,88,888888888,88888888888,2,1,3,1,0,0,0,0,0,0,0,998,0,1,5,12,12,4,3,32,0,0,0,1,48,79065,6,1,0,0,3,0,999,999,1,0,0,0,0,9,2008,9,2008,0,0,0,0,0,1,2,70,1,1,8,1,0,0,1,12,1,1,4,6,1,0
48,480859,1,1,2,28,6,6,28,42,0,1,0,48,1,35,47,35047,4,2005,1N4AL11D85N4,1,N,4,A,L,1,1,D,8,5,N,4,0,P,NISS,ASL,4D,5,17,2915,,0,1102,,G,,0,0,000000000,00000000000,0,0,0,1,0,0,0,0,0,0,0,998,0,1,5,99,9,4,3,1,0,0,0,1,48,75951,6,1,0,0,3,3,999,999,0,0,0,0,0,0,0,0,0,0,0,0,0,0,2,4,65,3,2,8,1,0,0,14,13,1,1,4,1,1,0
48,480860,1,1,1,28,6,2,55,42,0,1,0,35,2,20,421,20421,15,2000,1GNCS18W8YK2,1,G,N,C,S,1,8,W,8,Y,K,2,0,P,CHEV,BZR,UT,0,17,3518,,0,1005,,G,,0,0,000000000,00000000000,0,0,0,1,0,0,0,0,0,0,0,998,0,0,0,12,12,6,2,42,0,0,0,1,35,88101,6,1,0,0,3,0,66,187,98,0,0,0,0,0,0,0,0,0,0,0,0,0,2,4,65,1,1,8,2,0,0,1,12,1,1,4,6,1,0
48,480861,1,1,1,29,6,18,49,8,0,1,0,48,1,12,481,12481,31,1994,1FDLF47M8REA,1,F,D,L,F,4,7,M,8,R,E,A,0,T,FORD,FSD,CB,94,17,,4,1850,1370,COF,D,,0,57,724019,57724019,2,1,1,1,0,0,0,0,0,0,0,998,0,0,0,12,12,4,1,8,0,0,0,1,48,76365,6,1,0,0,3,3,999,999,0,1,0,0,0,3,2010,3,2010,0,86,0,0,0,3,2,70,2,1,8,1,0,0,14,80,2,1,1,13,0,0
48,480862,1,1,5,29,6,3,25,44,0,1,1,48,9,7,482,7482,31,2003,1D7HA18D43S2,1,D,7,H,A,1,8,D,4,3,S,2,0,T,DODG,SQ1,CW,3,17,,2,1605,1405,RPC,G,,0,0,000000000,00000000000,0,0,0,1,0,0,0,0,0,0,0,998,0,1,5,0,3,4,3,1,0,0,0,1,99,99999,9,9,99,0,9,9,999,999,99,99,99,99,99,99,9999,99,9999,1,23,0,0,0,1,9,55,1,1,8,1,0,0,1,5,1,1,1,0,2,0
48,480863,1,1,1,11,1,7,5,1,0,1,0,48,2,2,405,2405,14,2003,1J4GK58K93W6,1,J,4,G,K,5,8,K,9,3,W,6,0,T,JEEP,LMD,4W,3,17,,1,0,1043,LIB,G,,0,0,000000000,00000000000,0,0,0,1,0,0,0,0,0,0,0,998,0,2,5,0,9,4,3,1,0,0,0,1,48,78256,6,1,0,0,3,0,999,999,0,0,0,0,0,0,0,0,0,1,58,0,0,0,3,2,70,2,2,8,1,0,0,14,8,7,3,4,2,1,0
48,480864,1,2,2,28,1,18,47,8,0,1,0,48,2,49,32,49032,4,2008,1NXBR32E18Z9,1,N,X,B,R,3,2,E,1,8,Z,9,0,P,TOYT,UCS,4D,8,17,2530,,0,1024,,G,,0,0,000000000,00000000000,0,0,0,1,0,0,0,0,0,0,0,998,0,0,0,1,1,2,1,8,0,0,0,1,48,78664,6,1,0,0,3,3,999,999,0,0,0,1,0,2,2008,2,2008,0,0,0,0,0,1,4,40,1,1,8,2,0,0,1,80,6,1,1,13,0,0
48,480864,2,2,3,28,1,18,47,8,0,1,1,48,2,7,20,7020,4,2005,1B3ES26CX5D2,1,B,3,E,S,2,6,C,X,5,D,2,0,P,DODG,BSE,4D,5,17,2584,,0,1040,,G,,0,0,000000000,00000000000,0,0,0,1,0,0,0,0,0,0,0,998,0,0,0,14,14,0,1,8,0,0,0,1,48,78660,0,0,0,0,0,0,999,999,0,7,0,1,0,11,2007,10,2009,0,0,0,0,0,1,4,40,1,1,8,2,0,0,1,80,99,1,1,98,0,0
48,480865,1,1,1,14,3,1,53,9,0,1,1,48,1,12,471,12471,30,1993,1FTCR14A4PPA,1,F,T,C,R,1,4,A,4,P,P,A,0,T,FORD,RNS,PS,93,17,,1,0,1250,RNG,G,,0,0,000000000,00000000000,0,0,0,1,0,0,0,0,0,0,0,998,0,0,0,12,12,2,3,9,0,0,0,1,48,78559,6,1,0,0,3,0,999,999,0,0,0,0,0,0,0,0,0,0,0,0,0,0,4,9,55,1,1,8,1,0,0,1,83,1,1,1,13,0,1
48,480866,1,1,5,21,3,8,1,1,0,1,0,48,1,12,481,12481,31,2001,1FTNW21F01EC,1,F,T,N,W,2,1,F,0,1,E,C,1,T,FORD,F2S,CW,1,17,,2,1724,1562,SRW,D,,1,0,000000000,00000000000,0,0,0,1,0,0,0,0,0,0,0,998,0,2,3,0,3,6,2,1,0,0,0,1,48,77449,6,1,0,0,3,0,999,999,0,2,0,0,0,9,2007,9,2008,1,87,0,0,0,2,2,70,1,1,8,4,0,0,1,5,8,4,4,7,1,1
48,480867,1,1,1,29,3,10,39,59,0,1,0,48,2,53,706,53706,80,2003,JS1VT54A0321,J,S,1,V,T,5,4,A,0,3,2,1,0,M,SUZI,SK3,RS,3,17,,,,,,,996,0,0,000000000,00000000000,0,0,0,1,0,0,0,0,0,0,0,998,0,0,0,99,99,9,2,59,0,0,0,1,48,75217,1,1,0,0,2,0,70,150,0,9,0,0,0,5,2007,6,2009,1,37,0,0,0,2,9,55,1,2,8,1,0,0,1,13,99,9,4,1,1,0
48,480868,1,2,3,1,4,4,29,12,1,1,0,1,1,37,32,37032,4,1997,1HGCD5606VA0,1,H,G,C,D,5,6,0,6,V,A,0,0,P,HOND,USE,4D,97,17,2864,,0,1069,,G,,0,0,000000000,00000000000,0,0,0,1,0,0,0,0,0,0,0,998,0,1,3,6,3,4,3,1,0,0,0,1,1,35206,6,1,0,0,3,0,60,110,0,0,0,0,0,0,0,0,0,0,0,0,0,0,3,3,65,1,1,8,1,0,0,1,53,1,1,1,25,2,0
48,480868,2,2,99,1,4,4,29,12,1,1,1,99,9,99,999,99999,99,9999,999999999999,9,9,9,9,9,9,9,9,9,9,9,9,0,U,,,,9,17,,,,,,,,0,99,999999999,99999999999,9,99,99,1,0,0,0,0,0,99,9,998,0,0,0,12,12,9,1,12,0,0,0,1,99,99999,9,9,99,9,9,9,999,999,99,99,99,99,99,99,9999,99,9999,1,0,0,0,0,3,3,65,1,1,8,1,0,0,1,51,99,1,1,24,0,0
48,480869,1,1,1,3,4,19,25,9,0,1,0,48,2,12,13,12013,2,1999,3FAKP1136XR1,3,F,A,K,P,1,1,3,6,X,R,1,0,P,FORD,ZCH,CP,99,17,2478,,0,984,,G,,0,0,000000000,00000000000,0,0,0,1,0,0,0,0,0,0,0,998,0,0,0,12,12,2,3,9,0,0,0,1,48,79601,6,1,0,0,3,3,999,999,1,0,0,0,0,4,2007,4,2007,0,0,0,0,0,1,4,35,2,1,8,1,0,0,14,83,1,1,1,13,0,0
48,480870,1,2,1,8,4,17,34,12,6,1,0,92,0,76,706,76706,80,2005,JYARP07E15A0,J,Y,A,R,P,0,7,E,1,5,A,0,0,M,YAMA,F13,RS,5,17,,,,,,,1298,0,0,000000000,00000000000,0,0,0,1,0,0,0,0,0,0,0,998,0,0,0,12,12,2,3,12,0,0,0,1,48,75050,1,1,0,0,2,0,65,192,0,2,0,1,3,7,2008,3,2010,1,35,27,24,0,5,4,45,1,1,8,1,0,0,6,52,1,1,2,74,1,0
48,480870,2,2,3,8,4,17,34,12,6,1,0,48,2,20,9,20009,1,1991,1G1FP33E0ML1,1,G,1,F,P,3,3,E,0,M,L,1,0,P,CHEV,CAR,CV,91,17,3330,,0,1010,,G,,0,0,000000000,00000000000,0,0,0,1,0,0,0,0,0,0,0,998,0,0,0,4,4,2,1,12,0,0,0,1,48,75051,6,1,0,0,3,0,999,999,0,0,0,0,0,0,0,0,0,0,0,0,0,0,5,4,45,1,1,8,1,0,0,10,16,1,1,2,74,0,0
48,480871,1,1,1,9,4,6,38,34,0,1,0,48,2,6,52,6052,6,2004,3C4FY58B74T2,3,C,4,F,Y,5,8,B,7,4,T,2,0,P,CHRY,PTC,SV,4,17,3037,,0,1030,,G,,0,0,000000000,00000000000,0,0,0,1,0,0,0,0,0,0,0,998,0,1,5,12,12,4,3,34,0,0,0,1,48,77901,6,1,0,0,3,3,999,999,0,0,0,0,0,0,0,0,0,0,0,0,0,0,5,4,50,1,1,8,1,0,0,1,12,1,1,4,6,1,0
48,480872,1,1,1,10,4,21,49,8,0,1,0,48,1,37,37,37037,5,2010,JHMZE2H72AS0,J,H,M,Z,E,2,H,7,2,A,S,0,0,P,HOND,IEX,4H,10,17,2727,,0,1004,,B,,0,0,000000000,00000000000,0,0,0,1,0,0,0,0,0,0,0,998,0,0,0,12,12,4,3,8,0,0,0,1,48,77845,6,1,0,0,3,3,999,999,0,0,0,0,0,0,0,0,0,0,0,0,0,0,1,2,60,1,1,8,1,0,0,1,80,7,1,1,13,0,0
48,480873,1,1,1,10,4,18,19,1,0,1,0,48,1,12,481,12481,31,2005,1FTSW21P65EB,1,F,T,S,W,2,1,P,6,5,E,B,0,T,FORD,F2S,CW,5,17,,2,1724,1562,SRW,D,,0,0,000000000,00000000000,0,0,0,1,0,0,0,0,0,0,0,998,0,1,5,0,99,6,2,1,0,0,0,1,48,78840,6,1,0,0,3,0,999,999,0,0,0,0,0,0,0,0,0,0,0,0,0,0,1,2,70,1,1,8,1,0,0,1,13,1,1,4,1,1,0
48,480874,1,1,1,14,4,23,48,25,0,1,0,48,1,76,705,76705,80,2000,JYAVM01E2YA0,J,Y,A,V,M,0,1,E,2,Y,A,0,0,M,YAMA,V6A,RS,0,17,,,,,,,649,0,0,000000000,00000000000,0,0,0,1,0,0,0,0,0,0,0,998,0,0,0,99,99,2,3,25,0,0,0,1,35,79403,6,1,0,0,3,0,68,175,98,0,0,0,0,0,0,0,0,0,27,0,0,0,3,3,40,1,1,8,1,0,0,15,12,1,1,4,6,1,1
48,480875,1,1,1,13,4,20,52,8,0,1,0,48,1,49,402,49402,14,2007,JTMZD33V6760,J,T,M,Z,D,3,3,V,6,7,6,0,0,P,TOYT,RG4,UT,7,17,3300,,0,1047,,G,,0,0,000000000,00000000000,0,0,0,1,0,0,0,0,0,0,0,998,0,0,0,12,12,2,3,8,0,0,0,1,48,76247,6,1,0,0,3,0,999,999,0,0,0,0,0,0,0,0,0,0,86,0,0,0,1,2,60,1,1,8,1,0,0,1,80,1,1,1,13,0,0
48,480876,1,1,1,16,4,12,30,24,0,1,0,48,1,72,706,72706,80,2004,1HD1HAZ124K8,1,H,D,1,H,A,Z,1,2,4,K,8,0,M,HD,VRA,RS,4,17,,,,,,,1130,0,0,000000000,00000000000,0,0,0,1,0,0,0,0,0,0,0,998,0,0,0,99,99,9,1,24,0,0,0,1,48,78240,6,1,0,0,3,3,999,999,0,0,0,0,0,0,0,0,0,1,0,0,0,0,2,4,70,1,1,8,1,0,0,1,6,1,9,4,2,1,0
48,480877,1,2,1,18,4,15,32,12,1,1,0,48,1,98,709,98709,80,2003,ZD4RPC0463S0,Z,D,4,R,P,C,0,4,6,3,S,0,0,U,,,,3,17,,,,,,,,0,0,000000000,00000000000,0,0,0,1,0,0,0,0,0,0,0,998,0,0,0,12,12,9,3,12,0,0,0,1,48,78645,6,1,0,0,3,0,999,999,0,0,0,0,0,0,0,0,0,1,0,0,0,0,1,4,55,1,3,8,1,0,0,1,51,1,1,1,24,1,1
48,480877,2,2,1,18,4,15,32,12,1,1,0,48,3,55,35,55035,4,2010,KMHDU4AD6AU8,K,M,H,D,U,4,A,D,6,A,U,8,0,P,HYUN,BGS,4D,10,17,2723,,0,1043,,G,,0,0,000000000,00000000000,0,0,0,1,0,0,0,0,0,0,0,998,0,0,0,6,6,4,3,12,0,0,0,1,48,78645,6,1,0,0,3,0,999,999,0,0,0,0,0,0,0,0,0,0,0,0,0,0,1,4,55,1,3,8,1,0,0,11,53,1,1,1,26,0,0
48,480878,1,1,1,22,4,23,51,8,0,1,0,48,1,37,31,37031,2,2000,1HGEJ8242YL1,1,H,G,E,J,8,2,4,2,Y,L,1,0,P,HOND,UAX,CP,0,17,2560,,0,1032,,G,,0,0,000000000,00000000000,0,0,0,1,0,0,0,0,0,0,0,998,0,0,0,12,12,4,3,8,0,0,0,1,48,79764,6,1,0,0,3,0,999,999,0,0,0,0,0,0,0,0,0,0,0,0,0,0,3,2,65,1,2,8,1,0,0,1,80,1,1,1,13,0,0
48,480879,1,1,1,5,5,13,21,1,0,1,0,93,3,98,804,98804,66,2007,5KJJAECV67PZ,5,K,J,J,A,E,C,V,6,7,P,Z,1,T,WSTR,49F,DS,7,17,,8,0,0,CNV,D,,1,57,1440700,571440700,3,6,2,1,0,0,0,0,0,0,0,998,0,1,5,0,3,6,2,1,0,0,0,1,48,76058,6,1,6,1,3,0,999,999,1,0,0,0,1,8,2007,11,2007,1,0,0,0,0,1,2,60,3,1,8,1,0,0,14,13,6,4,4,2,1,0
48,480880,1,2,1,7,5,20,32,8,0,1,0,48,1,12,3,12003,2,2008,1ZVHT80N1851,1,Z,V,H,T,8,0,N,1,8,5,1,0,P,FORD,MUS,CP,8,17,3300,,0,1071,,G,,0,0,000000000,00000000000,0,0,0,1,0,0,0,0,0,0,0,998,0,0,0,12,12,2,3,8,0,0,0,1,48,77074,6,1,0,0,3,0,999,999,0,0,0,0,0,0,0,0,0,0,0,0,0,0,1,4,40,1,1,8,1,0,0,1,80,1,1,1,13,0,0
48,480880,2,2,2,7,5,20,32,8,0,1,0,5,1,12,17,12017,4,1998,1FAFP52U8WG2,1,F,A,F,P,5,2,U,8,W,G,2,0,P,FORD,TLS,4D,98,17,3359,,0,1085,,G,,0,0,000000000,00000000000,0,0,0,1,0,0,0,0,0,0,0,998,0,0,0,3,3,2,1,54,0,0,0,1,5,71837,6,1,0,0,3,3,70,283,0,0,0,0,0,0,0,0,0,0,86,0,0,0,1,4,40,1,1,8,1,0,0,1,80,3,2,1,98,0,0
48,480881,1,1,1,11,5,9,50,8,0,1,0,48,2,37,32,37032,4,2000,1HGCG1654YA0,1,H,G,C,G,1,6,5,4,Y,A,0,0,P,HOND,UEX,4D,0,17,3285,,0,1069,,G,,0,0,000000000,00000000000,0,0,0,1,0,0,0,0,0,0,0,998,0,0,0,12,12,2,8,8,0,0,0,1,48,75054,6,1,0,0,3,3,999,999,0,0,0,0,0,0,0,0,0,0,0,0,0,0,2,4,40,1,1,8,1,0,0,1,80,6,1,2,13,0,0
48,480882,1,1,1,14,5,23,24,42,0,1,0,48,2,49,472,49472,30,2001,5TEGM92N81Z8,5,T,E,G,M,9,2,N,8,1,Z,8,0,T,TOYT,DCP,CW,1,17,,1,0,1219,TAC,G,,0,0,000000000,00000000000,0,0,0,1,0,0,0,0,0,0,0,998,0,0,0,9,9,6,2,42,0,0,0,1,48,77656,6,1,0,0,3,0,999,999,0,0,0,0,0,0,0,0,0,0,0,0,0,0,6,2,60,3,2,8,2,0,0,14,8,1,3,4,7,1,0
48,480883,1,1,1,16,5,18,49,34,0,1,0,48,1,49,482,49482,31,2004,5TBET38164S4,5,T,B,E,T,3,8,1,6,4,S,4,0,T,TOYT,DBL,CW,4,17,,2,0,1283,TUN,G,,0,0,000000000,00000000000,0,0,0,1,0,0,0,0,0,0,0,998,0,1,5,1,1,4,3,34,0,0,0,1,48,77706,6,1,0,0,3,0,74,215,1,0,0,1,0,10,2008,9,2009,1,58,0,0,0,1,2,40,2,1,8,1,0,0,14,13,6,2,4,7,1,1
48,480884,1,1,1,20,5,3,8,30,0,1,0,48,2,12,481,12481,31,2002,1FTRX17202NA,1,F,T,R,X,1,7,2,0,2,N,A,0,T,FORD,F15,4C,2,17,,2,1571,1385,COF,G,,0,0,000000000,00000000000,0,0,0,1,0,0,0,0,0,0,0,998,0,0,0,12,12,6,2,30,0,0,0,1,48,78801,6,1,0,0,3,0,999,999,0,0,0,1,1,8,2008,8,2008,0,0,0,0,0,5,2,50,2,1,8,1,8,3,14,13,1,9,4,1,1,1