STATE,ST_CASE,VEH_NO,VE_FORMS,NUMOCCS,DAY,MONTH,HOUR,MINUTE,HARM_EV,MAN_COLL,UNITTYPE,HIT_RUN,REG_STAT,OWNER,MAKE,MODEL,MAK_MOD,BODY_TYP,MOD_YEAR,VIN,VIN_1,VIN_2,VIN_3,VIN_4,VIN_5,VIN_6,VIN_7,VIN_8,VIN_9,VIN_10,VIN_11,VIN_12,TOW_VEH,VINTYPE,VINMAKE,VINA_MOD,VIN_BT,VINMODYR,VIN_LNGT,VIN_WGT,WGTCD_TR,WHLBS_LG,WHLBS_SH,SER_TR,FUELCODE,MCYCL_DS,J_KNIFE,MCARR_I1,MCARR_I2,MCARR_ID,GVWR,V_CONFIG,CARGO_BT,HAZ_INV,HAZ_PLAC,HAZ_ID,HAZ_CNO,HAZ_REL,BUS_USE,SPEC_USE,EMER_USE,TRAV_SP,UNDERIDE,ROLLOVER,ROLINLOC,IMPACT1,IMPACT2,DEFORMED,TOWED,M_HARM,VEH_SC1,VEH_SC2,FIRE_EXP,DR_PRES,L_STATE,DR_ZIP,L_STATUS,L_TYPE,CDL_STAT,L_ENDORS,L_COMPL,L_RESTRI,DR_HGT,DR_WGT,PREV_ACC,PREV_SUS,PREV_DWI,PREV_SPD,PREV_OTH,FIRST_MO,FIRST_YR,LAST_MO,LAST_YR,SPEEDREL,DR_SF1,DR_SF2,DR_SF3,DR_SF4,VTRAFWAY,VNUM_LAN,VSPD_LIM,VALIGN,VPROFILE,VPAVETYP,VSURCOND,VTRAFCON,VTCONT_F,P_CRASH1,P_CRASH2,P_CRASH3,PCRASH4,PCRASH5,ACC_TYPE,DEATHS,DR_DRINK
48,480993,1,1,2,17,3,7,12,33,0,1,0,48,2,12,481,12481,31,1996,1FTEF15N3TLA,1,F,T,E,F,1,5,N,3,T,L,A,0,T,FORD,F15,PK,96,17,,2,1330,1170,COF,G,,0,0,000000000,00000000000,0,0,0,1,0,0,0,0,0,0,0,998,0,1,5,99,61,6,2,33,0,0,0,1,99,99999,9,9,99,0,9,9,999,999,99,99,99,99,99,99,9999,99,9999,0,58,0,0,0,5,4,55,1,1,8,1,0,0,1,8,9,3,4,2,2,0
48,480994,1,1,1,18,3,9,37,42,0,1,0,48,2,7,442,7442,20,1995,2B4GH2537SR3,2,B,4,G,H,2,5,3,7,S,R,3,0,P,DODG,CAR,SV,95,17,3181,,0,1123,,G,,0,0,000000000,00000000000,0,0,0,1,0,0,0,0,0,0,0,998,0,1,3,11,11,4,3,42,0,0,0,1,48,76306,6,1,0,0,3,3,999,999,1,0,0,0,0,10,2007,10,2007,0,0,0,0,0,2,3,50,1,1,8,1,0,0,1,12,1,1,4,6,1,0
48,480995,1,1,1,20,3,3,37,57,0,1,0,48,1,20,422,20422,15,2005,3GNEC16Z65G1,3,G,N,E,C,1,6,Z,6,5,G,1,0,P,CHEV,C15,UT,5,17,5268,,0,1300,,F,,0,0,000000000,00000000000,0,0,0,1,0,0,0,0,0,0,0,998,0,1,3,12,12,4,3,57,0,0,0,1,48,75006,6,1,0,0,3,0,999,999,0,0,0,1,2,7,2008,2,2010,0,24,58,0,0,3,2,65,1,1,8,1,0,0,1,8,6,4,4,7,1,1
48,480996,1,4,1,24,3,17,59,12,6,1,1,48,2,12,481,12481,31,2004,1FTNW21P94ED,1,F,T,N,W,2,1,P,9,4,E,D,0,T,FORD,F2S,CW,4,17,,2,1724,1562,SRW,D,,0,0,000000000,00000000000,0,0,0,1,0,0,0,0,0,0,0,998,0,0,0,12,12,4,3,12,0,0,0,1,48,78573,0,0,0,0,0,0,999,999,0,1,0,0,0,3,2010,3,2010,1,91,92,38,39,1,4,98,8,8,8,1,3,3,1,17,1,1,1,86,0,0
48,480996,2,4,3,24,3,17,59,12,6,1,0,48,1,22,441,22441,20,1997,1GMDU06E5VD1,1,G,M,D,U,0,6,E,5,V,D,1,0,P,PONT,TSP,SV,97,17,3622,,0,1120,,G,,0,0,000000000,00000000000,0,0,0,1,0,0,0,0,0,0,0,998,0,0,0,3,3,6,2,12,0,0,0,1,48,78572,3,1,0,0,2,0,999,999,0,1,0,0,0,12,2007,12,2007,0,0,0,0,0,1,4,30,1,1,8,1,3,3,1,66,1,1,1,87,1,0
48,480996,3,4,1,24,3,17,59,12,6,1,0,12,1,12,16,12016,4,2003,2FAFP71WX3X1,2,F,A,F,P,7,1,W,X,3,X,1,0,P,FORD,CVP,4D,3,17,3946,,0,1147,,G,,0,0,000000000,00000000000,0,0,0,1,0,0,0,0,0,0,0,998,0,0,0,81,3,2,3,12,0,0,0,1,48,78572,6,1,0,0,3,3,69,999,0,0,0,1,0,5,2008,5,2008,0,92,0,0,0,1,4,30,1,1,8,1,3,3,1,60,1,1,1,98,0,0
48,480996,4,4,4,24,3,17,59,12,6,1,0,48,2,2,404,2404,14,1999,1J4G258S6XC7,1,J,4,G,2,5,8,S,6,X,C,7,0,T,JEEP,LRO,4W,99,17,,1,0,1059,GCK,G,,0,0,000000000,00000000000,0,0,0,1,0,0,0,0,0,0,0,998,0,0,0,12,12,4,3,12,0,0,0,1,48,78577,6,1,0,0,3,0,999,999,0,0,0,0,0,0,0,0,0,0,92,0,0,0,1,4,30,1,1,8,1,3,3,1,62,1,1,1,98,0,0
48,480997,1,1,1,3,4,15,48,2,0,1,0,92,0,63,441,63441,20,2004,KNDUP1314465,K,N,D,U,P,1,3,1,4,4,6,5,0,P,KIA,SED,SV,4,17,4802,,0,1145,,G,,0,0,000000000,00000000000,0,0,0,1,0,0,0,0,0,0,0,998,0,0,0,0,99,2,3,2,0,0,1,1,48,77082,6,1,0,0,3,0,999,999,0,0,0,1,1,1,2008,4,2009,0,0,0,0,0,3,5,60,1,3,1,1,0,0,1,98,7,1,1,0,1,1
48,480998,1,2,1,11,4,21,44,12,2,1,0,92,0,98,709,98709,81,2008,L5YTCKPA4811,L,5,Y,T,C,K,P,A,4,8,1,1,0,U,,,,8,17,,,,,,,,0,0,000000000,00000000000,0,0,0,1,0,0,0,0,0,0,0,998,0,0,0,12,12,6,2,12,0,0,0,1,48,77651,6,1,0,0,2,3,999,999,0,1,1,0,0,5,2007,3,2009,0,28,0,0,0,1,2,60,2,1,8,1,0,0,14,10,1,1,2,50,1,0
48,480998,2,2,1,11,4,21,44,12,2,1,0,48,1,20,481,20481,31,2001,2GCEK19T0113,2,G,C,E,K,1,9,T,0,1,1,3,1,T,CHEV,SK1,4C,1,17,,2,1575,1435,SIL,G,,1,0,000000000,00000000000,0,0,0,1,0,0,0,0,0,0,0,998,0,0,0,12,12,2,1,12,0,0,0,1,48,77632,6,1,0,0,3,0,999,999,0,0,0,0,0,0,0,0,0,0,0,0,0,0,1,2,60,2,1,8,1,0,0,14,62,1,1,1,51,0,1
48,480999,1,1,4,11,4,2,50,14,0,1,0,48,2,35,39,35039,4,1995,JN1CA21D0ST0,J,N,1,C,A,2,1,D,0,S,T,0,0,P,NISS,MGS,4D,95,17,2886,,0,1063,,G,,0,0,000000000,00000000000,0,0,0,1,0,0,0,0,0,0,0,998,0,1,2,12,12,6,2,14,0,0,0,1,48,78753,0,0,0,0,0,0,999,999,0,0,0,0,0,0,0,0,0,0,0,0,0,0,1,2,65,1,1,8,1,0,0,1,11,1,1,4,1,1,0
48,481000,1,1,1,15,4,18,41,8,0,1,0,48,1,20,2,20002,4,1992,1G1BN53E1NR1,1,G,1,B,N,5,3,E,1,N,R,1,0,P,CHEV,CLL,4D,92,17,3951,,0,1159,,G,,0,0,000000000,00000000000,0,0,0,1,0,0,0,0,0,0,0,998,0,0,0,12,12,2,3,8,0,0,0,1,48,78123,6,1,0,0,3,0,999,999,0,0,0,0,0,0,0,0,0,0,0,0,0,0,2,4,40,1,2,8,2,0,0,1,80,1,1,1,13,0,0
48,481001,1,1,2,1,5,22,25,8,0,1,0,48,2,20,431,20431,16,1997,1GNEC16R6VJ3,1,G,N,E,C,1,6,R,6,V,J,3,0,P,CHEV,C15,UT,97,17,4802,,0,1315,,G,,0,0,000000000,00000000000,0,0,0,1,0,0,0,0,0,0,0,998,0,0,0,12,12,4,3,8,0,0,0,1,48,75227,6,1,0,0,3,0,999,999,0,0,0,0,0,0,0,0,0,1,0,0,0,0,2,4,50,1,1,8,1,0,0,1,80,1,1,1,13,0,0
48,481002,1,2,1,1,5,17,30,33,0,1,0,48,1,73,703,73703,80,2003,JKAEXMF133A0,J,K,A,E,X,M,F,1,3,3,A,0,0,M,KAWK,EXF,RS,3,17,,,,,,,250,0,0,000000000,00000000000,0,0,0,1,0,0,0,0,0,0,0,998,0,0,0,99,99,9,2,54,0,0,0,1,48,76710,6,1,0,0,2,0,67,202,0,2,0,0,0,9,2007,6,2008,0,0,0,0,0,2,4,40,2,1,8,1,0,0,14,9,1,7,4,7,1,0
48,481002,2,2,1,1,5,17,30,33,0,1,0,48,1,35,43,35043,4,1994,1N4EB31F4RC7,1,N,4,E,B,3,1,F,4,R,C,7,0,P,NISS,SEL,4D,94,17,2346,,0,957,,G,,0,0,000000000,00000000000,0,0,0,1,0,0,0,0,0,0,0,998,0,0,0,12,12,2,3,54,0,0,0,1,48,76705,6,1,0,0,3,0,999,999,0,0,0,0,0,0,0,0,0,0,0,0,0,0,2,4,40,1,1,8,1,0,0,1,98,1,1,1,98,0,0
48,481003,1,2,1,2,5,15,39,12,6,1,0,48,1,18,2,18002,4,2001,1G4HP54K71U2,1,G,4,H,P,5,4,K,7,1,U,2,0,P,BUIC,LCF,4D,1,17,3567,,0,1122,,G,,0,0,000000000,00000000000,0,0,0,1,0,0,0,0,0,0,0,998,0,0,0,1,1,4,3,12,32,0,0,1,48,75087,6,1,0,0,3,0,999,999,0,0,0,0,0,0,0,0,0,0,91,38,0,0,2,2,55,1,1,8,1,3,3,11,54,1,1,1,68,0,1
48,481003,2,2,1,2,5,15,39,12,6,1,0,48,1,72,706,72706,80,2000,1HD1GHV11YY3,1,H,D,1,G,H,V,1,1,Y,Y,3,0,M,HD,FDX,RS,0,17,,,,,,,1450,0,0,000000000,00000000000,0,0,0,1,0,0,0,0,0,0,0,998,0,0,0,12,12,9,2,12,0,0,0,1,48,75068,6,1,0,0,2,0,67,206,1,0,0,0,0,8,2007,8,2007,0,0,0,0,0,2,2,55,1,1,8,1,3,3,1,62,1,1,1,69,1,0
48,481004,1,1,2,16,5,18,47,38,0,1,0,48,1,13,421,13421,15,1999,5LMRU27L7XLJ,5,L,M,R,U,2,7,L,7,X,L,J,0,P,LINC,NAV,UT,99,17,5150,,0,1190,,G,,0,0,000000000,00000000000,0,0,0,1,0,0,0,0,0,0,0,998,0,0,0,12,12,2,3,38,0,0,0,1,48,75142,0,0,0,0,0,0,999,999,0,0,0,0,0,0,0,0,0,1,0,0,0,0,1,2,30,2,1,8,1,0,0,14,13,1,1,4,1,2,1
48,481005,1,1,1,23,5,18,16,8,0,1,1,48,1,7,482,7482,31,2007,1D7HA18K47J6,1,D,7,H,A,1,8,K,4,7,J,6,0,T,DODG,QS1,CW,7,17,,2,1605,1405,RPC,G,,0,0,000000000,00000000000,0,0,0,1,0,0,0,0,0,0,0,998,0,0,0,12,12,2,1,8,0,0,0,1,48,77388,6,1,0,0,3,3,999,999,0,0,0,0,0,0,0,0,0,1,0,0,0,0,1,4,35,3,1,1,1,0,0,14,80,1,1,1,13,0,1
48,481006,1,1,2,25,5,21,23,8,0,1,0,48,1,21,20,21020,4,1999,1G3NB52J1X63,1,G,3,N,B,5,2,J,1,X,6,3,0,P,OLDS,CGL,4D,99,17,3102,,0,1070,,G,,0,0,000000000,00000000000,0,0,0,1,0,0,0,0,0,0,0,998,0,0,0,12,12,4,3,8,0,0,0,1,48,77568,3,1,0,0,2,0,999,999,0,2,0,1,0,11,2007,5,2010,0,86,0,0,0,5,6,45,1,1,8,1,0,0,1,80,1,1,1,13,0,0
48,481007,1,4,1,28,5,18,25,12,1,1,0,28,3,51,881,51881,66,2008,4V4NC9GH88N4,4,V,4,N,C,9,G,H,8,8,N,4,1,T,VOLV,VNL,DS,8,17,,8,0,0,VVN,D,,1,57,87823,5787823,3,6,3,1,0,0,0,0,0,0,0,998,0,0,0,12,12,4,3,12,0,0,0,1,28,39429,6,1,6,0,3,0,70,185,0,0,0,0,0,0,0,0,0,1,0,0,0,0,3,2,65,1,1,8,1,0,0,1,52,1,1,1,28,0,0
48,481007,2,4,4,28,5,18,25,12,1,1,0,48,1,49,401,49401,14,2010,JTEZU5JR9A50,J,T,E,Z,U,5,J,R,9,A,5,0,0,P,TOYT,RUN,UT,10,17,4400,,0,1098,,G,,0,0,000000000,00000000000,0,0,0,1,0,0,0,0,0,0,0,998,1,0,0,6,6,6,2,12,0,0,1,1,48,75035,6,1,0,0,3,3,999,999,1,0,0,2,0,12,2007,1,2009,0,0,0,0,0,3,2,65,1,1,8,1,0,0,2,53,1,1,1,29,3,0
48,481007,3,4,3,28,5,18,25,12,1,1,0,48,1,49,32,49032,4,2006,1NXBR30E06Z6,1,N,X,B,R,3,0,E,0,6,Z,6,0,P,TOYT,UCS,4D,6,17,2530,,0,1024,,G,,0,0,000000000,00000000000,0,0,0,1,0,0,0,0,0,0,0,998,0,0,0,6,6,4,3,12,0,0,0,1,48,76017,6,1,0,0,3,3,999,999,0,0,0,0,0,0,0,0,0,0,0,0,0,0,3,2,65,1,1,8,1,0,0,2,53,1,1,1,98,0,0
48,481007,4,4,1,28,5,18,25,12,1,1,0,28,3,82,881,82881,66,2005,1FUJA6CV35DU,1,F,U,J,A,6,C,V,3,5,D,U,1,T,FRHT,COL,DS,5,17,,8,0,0,CON,D,,1,57,104597,57104597,3,6,1,1,0,0,0,0,0,0,0,998,0,0,0,6,6,4,3,2,0,0,1,1,1,36582,6,1,6,0,3,0,65,155,1,0,0,0,0,2,2008,2,2008,0,0,0,0,0,3,2,65,1,1,8,1,0,0,2,53,1,1,1,98,0,0
48,481008,1,1,1,4,6,7,55,9,0,1,0,48,1,12,401,12401,14,2002,1FMZU62EX2ZB,1,F,M,Z,U,6,2,E,X,2,Z,B,0,P,FORD,EPR,UT,2,17,4094,,0,1137,,G,,0,0,000000000,00000000000,0,0,0,1,0,0,0,0,0,0,0,998,0,0,0,12,12,2,3,9,0,0,0,1,48,79765,6,1,0,0,3,0,999,999,0,0,0,0,0,0,0,0,0,1,86,0,0,0,1,2,55,2,1,8,1,0,0,14,83,99,1,1,13,0,0
48,481009,1,1,2,9,6,23,31,14,0,1,0,48,2,12,481,12481,31,1997,1FTDX1729VNA,1,F,T,D,X,1,7,2,9,V,N,A,0,T,FORD,F15,3C,97,17,,1,1570,1390,COF,G,,0,0,000000000,00000000000,0,0,0,1,0,0,0,0,0,0,0,998,0,0,0,12,12,6,2,14,0,0,0,1,48,75751,0,0,0,0,0,0,999,999,0,0,0,0,0,0,0,0,0,0,0,0,0,0,5,2,65,1,2,8,2,0,0,1,11,1,1,4,1,1,0
48,481010,1,2,2,9,6,20,50,12,6,1,0,48,1,98,709,98709,80,2010,5J11YBJB0AW0,5,J,1,1,Y,B,J,B,0,A,W,0,0,U,,,,,17,,,,,,,,0,0,000000000,00000000000,0,0,0,1,0,0,0,0,0,0,0,998,0,0,0,12,12,9,3,12,0,0,0,1,22,71469,6,1,0,0,3,0,73,185,0,0,0,1,0,1,2008,1,2008,0,0,0,0,0,1,2,60,1,1,8,1,0,0,1,67,1,1,1,83,1,0
48,481010,2,2,1,9,6,20,50,12,6,1,0,48,2,7,482,7482,31,2004,1D7HA18DX4J2,1,D,7,H,A,1,8,D,X,4,J,2,0,T,DODG,SQ1,CW,4,17,,2,1605,1405,RPC,G,,0,0,000000000,00000000000,0,0,0,1,0,0,0,0,0,0,0,998,0,0,0,10,10,4,3,12,0,0,0,1,48,77662,6,1,0,0,3,3,999,999,0,0,0,0,0,0,0,0,0,0,38,0,0,0,1,2,98,1,1,8,1,20,3,11,15,1,1,1,82,0,0
48,481011,1,1,1,2,1,2,28,33,0,1,0,48,1,20,4,20004,2,1998,1G1YY22GXW51,1,G,1,Y,Y,2,2,G,X,W,5,1,0,P,CHEV,CVT,CP,98,17,3245,,0,1045,,G,,0,0,000000000,00000000000,0,0,0,1,0,0,0,0,0,0,0,998,0,0,0,14,12,4,3,42,0,0,0,1,48,78247,6,1,0,0,3,0,999,999,0,0,0,0,0,0,0,0,0,1,0,0,0,0,2,4,45,2,1,8,1,0,0,14,6,1,2,4,7,1,1
48,481012,1,1,1,8,1,16,37,24,0,1,0,48,1,12,402,12402,14,2003,1FMYU03163KB,1,F,M,Y,U,0,3,1,6,3,K,B,0,P,FORD,SPE,UT,3,17,3252,,0,1031,,G,,0,0,000000000,00000000000,0,0,0,1,0,0,0,0,0,0,0,998,0,1,5,12,12,4,3,3,0,0,0,1,12,78245,6,1,0,0,3,0,68,999,0,0,0,0,0,0,0,0,0,0,0,0,0,0,1,2,99,1,1,8,1,0,0,1,13,1,1,4,1,1,1
48,481013,1,2,1,22,1,11,28,12,1,1,0,48,1,49,40,49040,4,2009,4T1BE46K69U3,4,T,1,B,E,4,6,K,6,9,U,3,0,P,TOYT,CBA,4D,9,17,3263,,0,1090,,G,,0,0,000000000,00000000000,0,0,0,1,0,0,0,0,0,0,0,998,0,0,0,6,6,4,3,12,0,0,0,1,48,78228,6,1,0,0,3,3,999,999,0,0,0,0,0,0,0,0,0,0,81,0,0,0,1,4,45,1,1,8,1,0,0,2,53,1,1,1,29,0,0
48,481013,2,2,1,22,1,11,28,12,1,1,0,48,1,24,7,24007,4,2007,1G8AL55F67Z1,1,G,8,A,L,5,5,F,6,7,Z,1,0,P,STRN,SI3,4D,7,17,2841,,0,1032,,G,,0,0,000000000,00000000000,0,0,0,1,0,0,0,0,0,0,0,998,0,0,0,12,12,4,3,12,0,0,0,1,48,78228,6,1,0,0,3,3,999,999,1,0,0,0,0,5,2008,5,2008,1,0,0,0,0,1,4,45,1,1,8,1,0,0,1,52,1,1,1,28,1,0
48,481014,1,2,1,6,2,0,13,12,2,1,0,48,2,49,40,49040,4,2002,4T1BE32KX2U5,4,T,1,B,E,3,2,K,X,2,U,5,0,P,TOYT,LXS,4D,2,17,3086,,0,1071,,G,,0,0,000000000,00000000000,0,0,0,1,0,0,0,0,0,0,0,998,0,0,0,12,12,6,2,12,0,0,0,1,48,77303,6,1,0,0,3,0,999,999,0,0,0,0,0,0,0,0,0,0,51,0,0,0,2,4,40,4,1,8,1,0,0,14,10,1,1,2,50,0,1
48,481014,2,2,4,6,2,0,13,12,2,1,0,48,1,49,40,49040,4,1992,4T1SK12E0NU1,4,T,1,S,K,1,2,E,0,N,U,1,0,P,TOYT,CLE,4D,92,17,3053,,0,1031,,G,,0,0,000000000,00000000000,0,0,0,1,0,0,0,0,0,0,0,998,0,0,0,12,12,6,2,12,0,0,0,1,48,78230,6,1,0,0,3,3,999,999,0,0,0,0,0,0,0,0,0,0,0,0,0,0,2,4,40,4,1,8,1,0,0,14,54,1,1,1,51,1,0
48,481015,1,1,2,20,3,1,34,42,0,1,0,48,2,49,50,49050,3,2010,JTKDE3B77A03,J,T,K,D,E,3,B,7,7,A,0,3,0,P,TOYT,SXC,LB,10,17,2905,,0,1063,,G,,0,0,000000000,00000000000,0,0,0,1,0,0,0,0,0,0,0,998,0,0,0,10,10,6,2,42,0,0,0,1,48,78216,6,2,0,0,3,3,999,999,0,0,0,0,0,0,0,0,0,1,0,0,0,0,3,2,45,3,1,8,1,0,0,14,6,1,2,4,2,1,1
48,481016,1,1,1,27,3,1,22,25,0,1,0,48,1,12,471,12471,30,2006,1FTYR10U96PA,1,F,T,Y,R,1,0,U,9,6,P,A,0,T,FORD,RNG,PK,6,17,,1,1180,1120,RNG,G,,0,0,000000000,00000000000,0,0,0,1,0,0,0,0,0,0,0,998,0,1,1,12,12,6,2,1,0,0,0,1,48,78210,6,1,0,0,3,0,999,999,0,0,0,0,0,0,0,0,0,1,0,0,0,0,3,3,60,1,1,8,1,0,0,1,9,1,4,4,7,1,1
48,481017,1,1,1,3,4,16,40,25,0,1,0,99,9,37,706,37706,80,2001,JH2SC44091M1,J,H,2,S,C,4,4,0,9,1,M,1,0,M,HOND,CR9,RS,1,17,,,,,,,929,0,0,000000000,00000000000,0,0,0,1,0,0,0,0,0,0,0,998,0,0,0,12,12,9,3,58,0,0,0,1,48,76018,6,1,0,0,3,0,65,209,0,0,0,0,0,0,0,0,0,1,87,0,0,0,6,2,55,3,1,8,5,0,0,14,5,1,9,4,2,1,0
48,481018,1,2,4,4,4,1,49,12,2,1,0,17,1,12,481,12481,31,2006,1FTRX12W06NA,1,F,T,R,X,1,2,W,0,6,N,A,0,T,FORD,F15,4C,6,17,,2,0,1450,COF,G,,0,0,000000000,00000000000,0,0,0,1,0,0,0,0,0,0,0,998,0,0,0,12,12,4,3,12,0,0,0,1,17,60073,6,1,0,0,3,0,73,180,0,0,0,1,0,2,2008,2,2008,0,0,0,0,0,3,5,60,1,2,8,1,0,0,1,60,1,1,1,98,1,0
48,481018,2,2,1,4,4,1,49,12,2,1,0,48,2,20,431,20431,16,2000,3GNEC16T3YG1,3,G,N,E,C,1,6,T,3,Y,G,1,0,P,CHEV,C15,UT,0,17,4914,,0,1300,,G,,0,0,000000000,00000000000,0,0,0,1,0,0,0,0,0,0,0,998,0,0,0,12,12,4,3,12,0,0,0,1,96,78201,9,9,99,0,9,9,999,999,99,99,99,99,99,99,9999,99,9999,0,50,0,0,0,3,5,60,1,2,8,1,0,0,12,54,1,1,2,98,0,1
48,481019,1,2,1,6,4,19,10,12,6,1,0,48,1,73,705,73705,80,2003,JKBZXJB193A0,J,K,B,Z,X,J,B,1,9,3,A,0,0,M,KAWK,Z3B,RS,3,17,,,,,,,636,0,0,000000000,00000000000,0,0,0,1,0,0,0,0,0,0,0,998,0,0,0,12,12,9,2,12,0,0,0,1,48,78255,6,1,0,0,3,0,999,999,0,0,1,0,0,7,2007,7,2007,0,0,0,0,0,2,6,40,1,1,8,1,3,3,1,62,1,1,1,69,1,0
48,481019,2,2,1,6,4,19,10,12,6,1,0,48,1,38,402,38402,14,1998,4S2CK58W9W43,4,S,2,C,K,5,8,W,9,W,4,3,0,P,ISU,ROD,UT,98,17,3770,,0,1087,,G,,0,0,000000000,00000000000,0,0,0,1,0,0,0,0,0,0,0,998,0,0,0,2,2,4,1,12,0,0,0,1,48,78229,6,1,0,0,3,3,999,999,0,0,0,0,0,0,0,0,0,0,38,0,0,0,2,6,40,1,1,8,1,3,3,11,54,1,1,1,68,0,0
48,481020,1,1,1,11,4,6,10,33,0,1,0,48,2,20,9,20009,2,2002,2G1FP22G6221,2,G,1,F,P,2,2,G,6,2,2,1,0,P,CHEV,Z28,CP,2,17,3433,,0,1011,,G,,0,0,000000000,00000000000,0,0,0,1,0,0,0,0,0,0,0,998,0,1,6,99,99,6,2,1,0,0,0,1,48,76067,1,1,0,0,2,0,69,230,0,2,0,4,1,7,2008,3,2010,1,0,0,0,0,5,2,35,1,1,8,1,0,0,3,13,1,3,4,2,1,0
48,481021,1,2,4,13,4,9,29,12,6,1,0,48,2,23,431,23431,16,1990,1GKER16K7LF5,1,G,K,E,R,1,6,K,7,L,F,5,0,T,GMC,RSU,4W,90,17,,2,0,1295,R15,G,,0,0,000000000,00000000000,0,0,0,1,0,0,0,0,0,0,0,998,0,0,0,9,9,4,3,12,0,0,0,1,48,78223,6,1,0,0,3,0,999,999,0,0,0,0,0,0,0,0,0,0,0,0,0,0,2,4,65,1,1,8,1,21,3,12,17,1,1,2,98,0,0
48,481021,2,2,1,13,4,9,29,12,6,1,0,48,2,72,706,72706,80,2007,1HD1CT3117K4,1,H,D,1,C,T,3,1,1,7,K,4,0,M,HD,20C,RS,7,17,,,,,,,1199,0,0,000000000,00000000000,0,0,0,1,0,0,0,0,0,0,0,998,0,0,0,12,12,6,2,12,0,0,0,1,48,78114,6,1,6,0,3,3,999,999,0,0,0,0,0,0,0,0,0,0,0,0,0,0,2,4,65,1,1,8,1,0,0,1,66,1,1,1,98,1,0
48,481022,1,1,1,21,4,2,20,34,0,1,0,48,1,37,706,37706,80,2006,JH2SC57026M2,J,H,2,S,C,5,7,0,2,6,M,2,0,M,HOND,CBS,RS,6,17,,,,,,,998,0,0,000000000,00000000000,0,0,0,1,0,0,0,0,0,0,0,998,0,0,0,99,0,9,2,34,0,0,0,1,48,78002,6,1,0,0,3,0,999,999,0,3,0,0,0,8,2007,12,2007,1,0,0,0,0,3,3,65,2,3,8,1,0,0,14,13,1,1,4,1,1,1
48,481023,1,2,1,30,4,2,20,12,2,1,0,48,3,85,881,85881,66,1992,1XKADR9X8NS5,1,X,K,A,D,R,9,X,8,N,S,5,1,T,KW,T60,DS,92,17,,8,2600,1600,CON,D,,1,57,1981851,571981851,3,6,2,1,0,0,0,0,0,0,0,998,0,0,0,12,12,6,2,12,0,0,0,1,48,77081,6,1,6,0,3,3,999,999,0,6,0,1,7,6,2007,1,2010,0,0,0,0,0,1,2,60,2,1,8,1,0,0,14,62,1,1,1,51,0,0
48,481023,2,2,1,30,4,2,20,12,2,1,0,48,2,20,421,20421,15,2003,1GNEC13V73R1,1,G,N,E,C,1,3,V,7,3,R,1,0,P,CHEV,CTA,UT,3,17,4828,,0,1160,,G,,0,0,000000000,00000000000,0,0,0,1,0,0,0,0,0,0,0,998,0,0,0,12,12,6,2,12,0,0,0,1,48,78240,6,1,0,0,3,0,999,999,1,0,1,0,1,12,2008,3,2010,0,28,0,0,0,1,2,60,2,1,8,1,0,0,14,10,1,1,2,50,1,1
48,481024,1,2,1,6,5,9,50,12,6,1,0,48,3,23,881,23881,62,2005,1GDJ6C1C95F5,1,G,D,J,6,C,1,C,9,5,F,5,0,T,GMC,C6C,CB,5,17,,6,2960,1280,C65,D,,0,57,1446129,571446129,2,1,1,1,0,0,0,0,0,0,0,998,0,0,0,10,10,6,2,12,0,0,1,1,48,77067,6,1,6,0,3,3,999,999,2,0,0,1,2,9,2007,5,2009,0,30,48,38,0,2,4,60,1,1,1,1,0,0,11,15,1,1,7,72,1,0
48,481024,2,2,1,6,5,9,50,12,6,1,0,93,3,82,883,82883,66,2005,1FUJA6CK35LN,1,F,U,J,A,6,C,K,3,5,L,N,1,T,FRHT,COL,DS,5,17,,8,0,0,CON,D,,1,57,152158,57152158,3,6,3,1,0,0,0,0,0,0,0,998,0,0,0,12,12,6,2,12,0,0,1,1,48,77303,6,1,6,0,3,0,999,999,1,0,0,0,0,11,2007,11,2007,0,0,0,0,0,2,4,60,1,1,1,1,0,0,15,64,6,1,2,73,0,0
48,481025,1,1,15,9,5,9,30,32,0,1,0,48,3,23,481,23481,31,1988,2GTGC39K8J15,2,G,T,G,C,3,9,K,8,J,1,5,0,T,GMC,GC3,PC,88,17,,2,0,1555,GM4,G,,0,0,000000000,00000000000,0,0,0,1,0,0,0,0,0,0,0,998,0,0,0,12,12,4,3,32,0,0,0,1,48,78212,0,0,0,0,0,0,999,999,0,0,0,0,0,0,0,0,0,0,51,37,0,0,1,2,70,1,1,8,1,0,0,1,12,1,2,4,7,1,0
48,481026,1,1,1,13,5,19,51,24,0,1,0,48,1,2,404,2404,14,1995,1J4FX58S3SC5,1,J,4,F,X,5,8,S,3,S,C,5,0,T,JEEP,LRO,4W,95,17,,1,0,1059,GCK,G,,0,0,000000000,00000000000,0,0,0,1,0,0,0,0,0,0,0,998,0,1,1,99,3,6,2,1,0,0,0,1,48,76309,6,1,0,0,3,0,999,999,0,0,0,0,0,0,0,0,0,1,0,0,0,0,3,2,70,3,1,8,2,0,0,14,6,99,9,4,2,1,1