STATE,ST_CASE,VEH_NO,VE_FORMS,NUMOCCS,DAY,MONTH,HOUR,MINUTE,HARM_EV,MAN_COLL,UNITTYPE,HIT_RUN,REG_STAT,OWNER,MAKE,MODEL,MAK_MOD,BODY_TYP,MOD_YEAR,VIN,VIN_1,VIN_2,VIN_3,VIN_4,VIN_5,VIN_6,VIN_7,VIN_8,VIN_9,VIN_10,VIN_11,VIN_12,TOW_VEH,VINTYPE,VINMAKE,VINA_MOD,VIN_BT,VINMODYR,VIN_LNGT,VIN_WGT,WGTCD_TR,WHLBS_LG,WHLBS_SH,SER_TR,FUELCODE,MCYCL_DS,J_KNIFE,MCARR_I1,MCARR_I2,MCARR_ID,GVWR,V_CONFIG,CARGO_BT,HAZ_INV,HAZ_PLAC,HAZ_ID,HAZ_CNO,HAZ_REL,BUS_USE,SPEC_USE,EMER_USE,TRAV_SP,UNDERIDE,ROLLOVER,ROLINLOC,IMPACT1,IMPACT2,DEFORMED,TOWED,M_HARM,VEH_SC1,VEH_SC2,FIRE_EXP,DR_PRES,L_STATE,DR_ZIP,L_STATUS,L_TYPE,CDL_STAT,L_ENDORS,L_COMPL,L_RESTRI,DR_HGT,DR_WGT,PREV_ACC,PREV_SUS,PREV_DWI,PREV_SPD,PREV_OTH,FIRST_MO,FIRST_YR,LAST_MO,LAST_YR,SPEEDREL,DR_SF1,DR_SF2,DR_SF3,DR_SF4,VTRAFWAY,VNUM_LAN,VSPD_LIM,VALIGN,VPROFILE,VPAVETYP,VSURCOND,VTRAFCON,VTCONT_F,P_CRASH1,P_CRASH2,P_CRASH3,PCRASH4,PCRASH5,ACC_TYPE,DEATHS,DR_DRINK
48,481064,1,1,1,5,7,2,4,30,0,1,0,26,1,72,706,72706,80,1997,1HD1BJL41VY0,1,H,D,1,B,J,L,4,1,V,Y,0,0,M,HD,STC,RS,97,17,,,,,,,1340,0,0,000000000,00000000000,0,0,0,1,0,0,0,0,0,0,0,998,0,0,0,12,12,9,3,30,0,0,0,1,26,76201,6,1,0,0,3,0,73,230,0,0,0,0,0,0,0,0,0,1,0,0,0,0,6,1,55,4,2,8,1,0,0,16,6,1,2,4,2,1,0
48,481065,1,2,1,6,7,15,52,12,6,1,0,48,3,84,883,84883,66,1998,2HSFMAXR3WC0,2,H,S,F,M,A,X,R,3,W,C,0,1,T,INTL,920,TM,98,17,,8,2340,1600,920,D,,1,57,2009063,572009063,3,6,3,1,0,0,0,0,0,0,0,998,0,0,0,12,12,4,3,12,0,0,0,1,48,77530,6,1,6,0,3,0,999,999,0,2,0,0,0,9,2007,9,2008,0,39,0,0,0,5,4,55,1,1,8,1,3,3,1,17,8,1,2,88,0,0
48,481065,2,2,2,6,7,15,52,12,6,1,0,48,3,12,461,12461,21,2001,1FBSS31L21HB,1,F,B,S,S,3,1,L,2,1,H,B,0,T,FORD,WSD,BU,1,17,,2,0,1380,ECO,G,,0,0,000000000,00000000000,0,0,0,1,0,0,0,0,0,0,0,998,0,0,0,61,61,6,2,12,0,0,0,1,48,77008,6,1,0,0,3,0,999,999,0,0,0,0,1,1,2010,1,2010,0,0,0,0,0,1,2,99,1,1,8,1,3,3,4,66,1,1,1,89,1,0
48,481066,1,2,2,6,7,14,29,12,6,1,0,48,1,12,17,12017,4,2001,1FAFP55U11A1,1,F,A,F,P,5,5,U,1,1,A,1,0,P,FORD,TSS,4D,1,17,3343,,0,1085,,G,,0,0,000000000,00000000000,0,0,0,1,0,0,0,0,0,0,0,998,0,1,5,3,3,6,2,12,0,0,0,1,48,78332,6,1,0,0,3,3,999,999,0,0,0,0,0,0,0,0,0,0,39,0,0,0,1,2,99,1,1,8,1,20,3,1,17,1,1,1,87,2,0
48,481066,2,2,1,6,7,14,29,12,6,1,0,48,2,12,3,12003,2,2010,1ZVBP8AN6A51,1,Z,V,B,P,8,A,N,6,A,5,1,0,P,FORD,MUS,CP,10,17,3401,,0,1071,,G,,0,0,000000000,00000000000,0,0,0,1,0,0,0,0,0,0,0,998,0,1,5,12,12,6,2,12,0,0,0,1,48,78504,6,1,0,0,3,0,999,999,0,0,0,0,0,0,0,0,0,0,0,0,0,0,2,4,70,1,1,8,1,0,0,1,66,1,1,1,86,0,0
48,481067,1,1,1,7,7,20,10,34,0,1,0,48,2,23,481,23481,31,2002,2GTEC19V6213,2,G,T,E,C,1,9,V,6,2,1,3,0,T,GMC,NC1,4C,2,17,,2,1575,1435,SIE,G,,0,0,000000000,00000000000,0,0,0,1,0,0,0,0,0,0,0,998,0,1,5,1,1,4,3,1,0,0,0,1,6,75032,1,1,0,0,2,0,70,298,0,1,0,0,3,11,2008,3,2010,0,58,0,0,0,1,2,99,2,1,8,1,0,0,14,13,6,4,4,7,1,1
48,481068,1,1,1,8,7,6,19,11,0,1,0,48,1,20,481,20481,31,1991,2GCEC19K6M11,2,G,C,E,C,1,9,K,6,M,1,1,0,T,CHEV,GC1,PC,91,17,,2,1555,1415,GM4,G,,0,0,000000000,00000000000,0,0,0,1,0,0,0,0,0,0,0,998,0,0,0,12,12,6,2,11,0,0,0,1,48,79347,6,1,6,0,3,0,999,999,0,0,0,1,0,4,2008,4,2008,0,0,0,0,0,1,2,70,1,1,2,1,0,0,1,87,1,1,1,13,1,0
48,481069,1,4,1,8,7,20,5,12,1,1,0,48,3,86,881,86881,66,1981,1M2AX04Y8BM0,1,M,2,A,X,0,4,Y,8,B,M,0,1,T,MACK,GU7,DS,11,17,,8,0,0,700,D,,1,57,0669888,570669888,3,6,2,1,0,0,0,0,0,0,0,998,0,0,0,12,11,6,2,12,0,0,0,1,48,77957,6,1,6,1,2,0,999,999,0,0,0,0,1,12,2007,12,2007,1,21,0,0,0,6,1,99,1,2,8,2,21,3,1,50,1,1,1,24,1,0
48,481069,2,4,2,8,7,20,5,12,1,1,0,53,1,51,881,51881,66,2002,4V4NC9JJ72N3,4,V,4,N,C,9,J,J,7,2,N,3,1,T,VOLV,VNL,DS,2,17,,8,0,0,VVN,D,,1,57,1849888,571849888,3,6,98,1,0,0,0,0,0,0,0,0,0,0,0,6,6,2,1,12,0,0,0,1,53,98003,6,1,6,0,3,0,65,210,0,0,0,0,3,2,2008,4,2010,0,0,0,0,0,6,1,99,2,2,8,2,21,3,5,53,1,1,1,98,0,0
48,481069,3,4,1,8,7,20,5,12,1,1,0,93,3,51,881,51881,66,2007,4V4NC9GH27N4,4,V,4,N,C,9,G,H,2,7,N,4,1,T,VOLV,VNL,DS,7,17,,8,0,0,VVN,D,,3,57,105824,57105824,3,6,98,1,0,0,0,0,0,0,0,998,0,0,0,81,5,6,2,12,0,0,0,1,1,35160,6,1,6,0,3,0,70,220,0,0,0,0,1,6,2008,6,2008,0,0,0,0,0,6,1,99,2,2,8,2,21,3,2,53,1,1,1,98,0,0
48,481069,4,4,1,8,7,20,5,12,1,1,0,1,3,85,881,85881,66,2010,1XKAD49X2AJ2,1,X,K,A,D,4,9,X,2,A,J,2,1,T,KW,T60,DS,10,17,,8,2600,1600,CON,D,,1,57,105824,57105824,3,6,98,1,0,0,0,0,0,0,0,998,0,0,0,6,6,4,3,12,0,0,0,1,1,36203,6,1,6,0,3,3,71,250,0,0,0,0,0,0,0,0,0,0,0,0,0,0,6,1,99,2,2,8,2,21,3,2,53,1,1,1,25,0,0
48,481070,1,1,1,10,7,21,45,59,0,1,0,48,2,23,481,23481,31,1992,2GTEC19K3N15,2,G,T,E,C,1,9,K,3,N,1,5,0,T,GMC,SC1,PC,92,17,,2,1555,1415,SIE,G,,0,0,000000000,00000000000,0,0,0,1,0,0,0,0,0,0,0,66,0,1,5,12,0,4,3,1,0,0,0,1,48,75904,3,1,0,0,2,0,999,999,0,1,0,0,0,6,2008,6,2008,1,0,0,0,0,1,2,55,2,2,8,1,0,0,14,13,1,1,4,1,1,1
48,481071,1,1,1,10,7,4,5,42,0,1,0,48,2,37,32,37032,4,1988,1HGCA5635JA0,1,H,G,C,A,5,6,3,5,J,A,0,0,P,HOND,ALX,4D,88,17,2504,,0,1024,,G,,0,0,000000000,00000000000,0,0,0,1,0,0,0,0,0,0,0,998,0,0,0,1,1,4,3,42,0,0,0,1,48,77705,6,1,0,0,3,0,71,155,0,0,0,0,0,0,0,0,0,1,58,0,0,0,1,2,50,2,1,8,1,0,0,14,10,7,1,4,1,1,1
48,481072,1,1,1,11,7,10,39,41,0,1,0,92,0,49,472,49472,30,1997,4TANL42N8VZ2,4,T,A,N,L,4,2,N,8,V,Z,2,0,T,TOYT,REG,PK,97,17,,1,0,1033,TAC,G,,0,0,000000000,00000000000,0,0,0,1,0,0,0,0,0,0,0,998,0,1,5,12,12,4,3,1,0,0,0,1,48,75070,1,1,1,0,2,0,999,999,0,24,0,4,3,7,2007,6,2010,0,99,99,99,99,2,4,65,1,3,8,1,0,0,1,12,1,1,4,6,1,0
48,481073,1,1,1,11,7,3,57,33,0,1,0,48,1,37,709,37709,80,2007,JH2RC53047M0,J,H,2,R,C,5,3,0,4,7,M,0,0,M,HOND,V72,RS,7,17,,,,,,,745,0,0,000000000,00000000000,0,0,0,1,0,0,0,0,0,0,0,998,0,0,0,99,99,9,2,33,0,0,0,1,48,77036,1,1,0,0,2,0,999,999,0,4,0,0,0,2,2009,4,2010,0,0,0,0,0,4,2,45,1,1,1,1,0,0,1,12,1,1,4,6,1,0
48,481074,1,2,2,11,7,5,45,12,6,1,0,48,3,51,881,51881,63,2002,4V5K99GH02N3,4,V,5,K,9,9,G,H,0,2,N,3,0,T,VOLV,VHD,IC,2,17,,8,0,0,VHD,D,,0,57,00920838,5700920838,3,2,1,1,0,0,0,0,0,0,0,998,0,0,0,2,2,6,2,12,0,0,1,1,48,75904,6,1,6,0,3,0,999,999,0,0,0,0,0,0,0,0,0,0,0,0,0,0,1,2,65,1,1,8,1,0,0,1,62,6,1,4,66,0,0
48,481074,2,2,1,11,7,5,45,12,6,1,0,48,1,7,482,7482,31,2008,3D7MX48A68G1,3,D,7,M,X,4,8,A,6,8,G,1,0,T,DODG,SQ3,CW,8,17,,3,0,1600,RPC,D,,0,0,000000000,00000000000,0,0,0,1,0,0,0,0,0,0,0,998,0,0,0,10,10,6,2,12,0,0,1,1,48,75951,6,1,0,0,3,0,999,999,0,0,0,0,0,0,0,0,0,0,51,0,0,0,1,2,65,1,1,8,1,0,0,1,10,7,1,4,66,1,1
48,481075,1,1,2,2,6,0,34,24,0,1,0,93,3,82,881,82881,66,2007,1FUJA6DE57LY,1,F,U,J,A,6,D,E,5,7,L,Y,1,T,FRHT,COL,DS,7,17,,8,0,0,CON,D,,1,57,634160,57634160,3,6,1,1,0,0,0,0,0,0,0,998,0,1,1,1,99,6,2,2,0,0,1,1,26,48220,6,1,6,1,3,0,69,230,1,0,0,0,0,9,2007,9,2007,0,0,0,0,0,3,3,65,1,1,8,1,0,0,1,13,1,1,4,1,2,0
48,481076,1,2,2,5,6,12,40,12,6,1,0,48,1,7,402,7402,14,2003,1D4HR38N53F5,1,D,4,H,R,3,8,N,5,3,F,5,0,P,DODG,DUR,UT,3,17,4256,,0,1160,,G,,0,0,000000000,00000000000,0,0,0,1,0,0,0,0,0,0,0,998,0,0,0,3,3,2,3,12,0,0,0,1,48,78201,6,1,0,0,3,3,999,999,0,0,0,0,0,0,0,0,0,0,0,0,0,0,5,6,99,1,1,8,1,0,0,11,98,1,1,1,68,0,0
48,481076,2,2,1,5,6,12,40,12,6,1,0,48,1,53,705,53705,80,2006,JS1GN7DA6621,J,S,1,G,N,7,D,A,6,6,2,1,0,M,SUZI,K6R,RS,6,17,,,,,,,599,0,0,000000000,00000000000,0,0,0,1,0,0,0,0,0,0,0,998,0,0,0,12,12,9,3,12,0,0,0,1,48,78226,3,1,0,0,2,0,999,999,0,2,0,1,0,6,2007,5,2010,1,0,0,0,0,5,6,99,1,1,8,1,0,0,1,62,1,1,1,69,1,0
48,481077,1,2,2,5,6,15,10,12,6,1,0,48,1,7,482,7482,31,1994,1B7HC16Y9RS6,1,B,7,H,C,1,6,Y,9,R,S,6,0,T,DODG,150,PK,94,17,,2,1347,1187,RPC,G,,0,0,000000000,00000000000,0,0,0,1,0,0,0,0,0,0,0,998,0,0,0,9,9,4,3,12,0,0,0,1,48,79072,6,1,0,0,3,3,999,999,0,0,0,0,0,0,0,0,0,0,38,0,0,0,2,6,30,1,1,2,8,4,3,11,15,1,1,1,82,0,0
48,481077,2,2,1,5,6,15,10,12,6,1,0,48,1,72,706,72706,80,2009,1HD1JL5199Y0,1,H,D,1,J,L,5,1,9,9,Y,0,0,M,HD,XTC,RS,9,17,,,,,,,1584,0,0,000000000,00000000000,0,0,0,1,0,0,0,0,0,0,0,998,0,0,0,12,12,4,3,12,0,0,0,1,48,79088,6,1,0,0,3,3,999,999,0,0,0,0,0,0,0,0,0,0,0,0,0,0,2,6,30,1,1,2,8,4,3,1,67,6,1,1,83,1,1
48,481078,1,1,4,6,6,17,55,33,0,1,0,48,2,14,401,14401,14,1997,4M2DU52PXVUJ,4,M,2,D,U,5,2,P,X,V,U,J,0,P,MERC,MOU,UT,97,17,3930,,0,1120,,G,,0,0,000000000,00000000000,0,0,0,1,0,0,0,0,0,0,0,998,0,1,3,11,11,6,2,1,0,0,0,1,48,79745,6,1,0,0,3,0,999,999,0,0,0,0,1,11,2007,11,2007,0,81,0,0,0,2,4,70,1,3,8,1,0,0,17,90,6,3,4,7,1,0
48,481079,1,1,1,6,6,14,7,24,0,1,0,48,1,76,705,76705,80,2007,JYAVM01E67A1,J,Y,A,V,M,0,1,E,6,7,A,1,0,M,YAMA,VS6,RS,7,17,,,,,,,649,0,0,000000000,00000000000,0,0,0,1,0,0,0,0,0,0,0,998,0,0,0,9,99,9,3,24,0,0,0,1,48,78254,6,1,0,0,3,3,999,999,0,0,0,0,0,0,0,0,0,1,39,0,0,0,1,2,55,2,1,8,1,40,3,14,12,3,3,4,7,1,0
48,481080,1,1,3,7,6,20,20,8,0,1,0,48,1,20,431,20431,16,2001,3GNEC16T31G2,3,G,N,E,C,1,6,T,3,1,G,2,0,P,CHEV,C15,UT,1,17,4914,,0,1300,,G,,0,0,000000000,00000000000,0,0,0,1,0,0,0,0,0,0,0,998,0,0,0,7,7,0,1,8,0,0,0,1,48,77037,6,1,0,0,3,0,999,999,0,0,0,0,0,0,0,0,0,0,0,0,0,0,1,2,99,1,1,8,1,0,0,1,80,1,1,1,13,0,0
48,481081,1,2,1,11,6,16,50,12,6,1,0,48,1,53,706,53706,80,2005,JS1GW71A6521,J,S,1,G,W,7,1,A,6,5,2,1,0,M,SUZI,G13,RS,5,17,,,,,,,1298,0,0,000000000,00000000000,0,0,0,1,0,0,0,0,0,0,0,998,0,0,0,99,99,9,2,12,0,0,0,1,48,76107,6,1,0,0,3,3,999,999,1,0,0,1,0,8,2007,4,2009,0,39,0,0,0,3,4,60,1,2,1,1,98,3,15,53,1,1,2,47,1,0
48,481081,2,2,1,11,6,16,50,12,6,1,0,48,1,12,3,12003,2,1995,1FALP4046SF2,1,F,A,L,P,4,0,4,6,S,F,2,0,P,FORD,MUS,CP,95,17,3077,,0,1013,,G,,0,0,000000000,00000000000,0,0,0,1,0,0,0,0,0,0,0,998,0,0,0,1,1,4,3,12,0,0,0,1,48,75206,0,0,0,0,0,0,999,999,0,7,0,1,1,3,2008,3,2010,0,39,92,0,0,3,4,60,1,3,1,1,0,0,1,78,1,1,1,45,0,0
48,481082,1,2,1,11,6,16,20,12,6,1,0,99,9,76,709,76709,80,2007,JYACJ10C37A0,J,Y,A,C,J,1,0,C,3,7,A,0,0,M,YAMA,Y5F,MX,7,17,,,,,,,449,0,0,000000000,00000000000,0,0,0,1,0,0,0,0,0,0,0,998,0,0,0,12,12,9,2,12,0,0,0,1,48,77050,0,0,0,0,0,0,999,999,0,0,0,0,0,0,0,0,0,0,37,39,0,0,1,4,99,1,1,1,1,3,3,1,17,1,1,1,86,1,0
48,481082,2,2,5,11,6,16,20,12,6,1,0,48,1,18,2,18002,4,2003,1G4HP52K53U1,1,G,4,H,P,5,2,K,5,3,U,1,0,P,BUIC,LCF,4D,3,17,3567,,0,1122,,G,,0,0,000000000,00000000000,0,0,0,1,0,0,0,0,0,0,0,998,0,0,0,3,3,4,3,12,0,0,0,1,48,77016,1,1,0,0,2,0,999,999,0,3,0,0,0,1,2010,3,2010,0,0,0,0,0,5,6,35,1,1,1,1,3,3,1,17,1,1,1,87,0,0
48,481083,1,1,1,12,6,20,58,8,0,1,1,48,2,37,32,37032,4,1991,1HGCB9859MA0,1,H,G,C,B,9,8,5,9,M,A,0,0,P,HOND,ALX,SW,91,17,3122,,0,1071,,G,,0,0,000000000,00000000000,0,0,0,1,0,0,0,0,0,0,0,998,0,0,0,12,12,2,3,8,0,0,0,1,48,77014,0,0,0,0,0,0,999,999,0,0,0,0,0,0,0,0,0,0,86,0,0,0,5,4,45,1,1,8,1,0,0,1,80,1,1,1,13,0,0
48,481084,1,1,1,15,6,13,6,31,0,1,0,48,1,35,50,35050,4,2008,3N1BC11EX8L4,3,N,1,B,C,1,1,E,X,8,L,4,0,P,NISS,VSL,4D,8,17,2627,,0,1024,,G,,0,0,000000000,00000000000,0,0,0,1,0,0,0,0,0,0,0,998,0,0,0,12,12,6,2,31,0,0,0,1,48,78584,6,1,0,0,3,3,999,999,0,0,0,0,0,0,0,0,0,1,99,99,99,99,4,5,55,2,1,8,1,98,3,14,13,1,1,4,1,1,0
48,481085,1,1,1,15,6,18,36,59,0,1,0,48,1,98,739,98739,90,2008,4UF08ATVX8T2,4,U,F,0,8,A,T,V,X,8,T,2,0,U,,,,8,17,,,,,,,,0,0,000000000,00000000000,0,0,0,1,0,0,0,0,0,0,0,998,0,0,0,8,8,2,3,5,0,0,0,1,48,77357,6,1,0,0,3,0,999,999,0,0,0,0,0,0,0,0,0,0,48,0,0,0,1,2,30,1,1,8,1,0,0,1,13,6,1,4,1,1,0
48,481086,1,1,2,16,6,1,18,24,0,1,0,48,1,12,481,12481,31,2002,1FTRW08L62KC,1,F,T,R,W,0,8,L,6,2,K,C,0,T,FORD,F1S,CW,2,17,,2,0,1388,COF,G,,0,0,000000000,00000000000,0,0,0,1,0,0,0,0,0,0,0,998,0,1,5,12,9,6,2,1,0,0,0,1,48,78255,6,1,0,0,3,0,999,999,1,0,0,0,0,12,2007,12,2007,1,0,0,0,0,2,4,40,2,1,8,2,0,0,14,6,99,2,4,7,1,1
48,481087,1,1,1,18,6,20,45,1,0,1,0,48,1,72,706,72706,80,2008,1HD1JK5128Y0,1,H,D,1,J,K,5,1,2,8,Y,0,0,M,HD,FWC,RS,8,17,,,,,,,1584,0,0,000000000,00000000000,0,0,0,1,0,0,0,0,0,0,0,998,0,0,0,0,99,9,3,1,0,0,0,1,48,76657,6,1,6,0,2,0,999,999,1,0,0,1,0,10,2008,10,2008,1,0,0,0,0,1,2,30,2,1,8,1,0,0,14,6,1,9,4,7,1,0
48,481088,1,1,1,20,6,12,0,1,0,1,0,48,1,20,421,20421,15,2003,1GNDS13S3322,1,G,N,D,S,1,3,S,3,3,2,2,0,P,CHEV,TRL,UT,3,17,4417,,0,1130,,G,,0,0,000000000,00000000000,0,0,0,1,0,0,0,0,0,0,0,998,0,2,5,0,9,4,3,1,0,0,0,1,48,78723,6,1,0,0,3,0,999,999,0,0,0,0,0,0,0,0,0,0,58,0,0,0,1,2,70,2,2,8,1,0,0,14,10,9,3,4,7,1,0
48,481089,1,1,1,21,6,6,48,24,0,1,0,22,2,35,47,35047,4,2002,1N4BL11D02C7,1,N,4,B,L,1,1,D,0,2,C,7,0,P,NISS,ABE,4D,2,17,3099,,0,1102,,G,,0,0,000000000,00000000000,0,0,0,1,0,0,0,0,0,0,0,998,0,0,0,12,12,6,2,24,0,0,0,1,22,70726,6,1,0,0,3,0,72,210,0,0,0,0,0,0,0,0,0,0,0,0,0,0,3,3,65,1,1,8,1,0,0,1,11,1,1,4,1,1,0
48,481090,1,1,1,22,6,23,10,14,0,1,0,48,1,37,32,37032,4,1996,1HGCD5650TA2,1,H,G,C,D,5,6,5,0,T,A,2,0,P,HOND,UER,4D,96,17,2974,,0,1069,,G,,0,0,000000000,00000000000,0,0,0,1,0,0,0,0,0,0,0,998,6,0,0,12,11,6,2,14,0,0,0,1,48,75254,6,1,0,0,3,0,70,228,1,0,0,0,0,8,2007,8,2007,0,0,0,0,0,3,3,60,1,1,8,1,0,0,16,10,1,1,4,6,1,1
48,481091,1,3,1,24,6,20,13,12,7,1,0,48,1,37,32,37032,4,1990,JHMCB7665LC8,J,H,M,C,B,7,6,6,5,L,C,8,0,P,HOND,AER,4D,90,17,2923,,0,1071,,G,,0,0,000000000,00000000000,0,0,0,1,0,0,0,0,0,0,0,998,0,0,0,10,10,6,2,12,0,0,0,1,48,78259,6,1,0,0,3,0,999,999,0,0,0,0,0,0,0,0,0,1,28,0,0,0,1,4,40,1,2,8,1,0,0,15,10,1,1,2,47,1,1
48,481091,2,3,1,24,6,20,13,12,7,1,0,48,2,12,471,12471,30,2003,1FTYR14V93PB,1,F,T,Y,R,1,4,V,9,3,P,B,0,T,FORD,RNS,PS,3,17,,1,0,1257,RNG,F,,0,0,000000000,00000000000,0,0,0,1,0,0,0,0,0,0,0,998,0,0,0,12,12,6,2,12,0,0,0,1,48,78232,6,1,0,0,3,3,999,999,0,0,0,0,0,0,0,0,0,0,0,0,0,0,1,4,40,1,2,8,1,0,0,1,62,6,1,1,98,0,0
48,481091,3,3,2,24,6,20,13,12,7,1,0,48,2,2,405,2405,14,2004,1J4GK48K44W2,1,J,4,G,K,4,8,K,4,4,W,2,0,T,JEEP,SPR,4W,4,17,,1,0,1043,LIB,G,,0,0,000000000,00000000000,0,0,0,1,0,0,0,0,0,0,0,998,0,0,0,2,2,2,1,12,0,0,0,1,48,78232,6,1,0,0,3,0,999,999,0,0,0,0,0,0,0,0,0,0,0,0,0,0,1,4,40,1,2,8,1,0,0,1,61,1,1,1,45,0,0
48,481092,1,1,2,25,6,12,35,26,0,1,0,48,1,20,444,20444,20,2005,1GNDV03L05D2,1,G,N,D,V,0,3,L,0,5,D,2,0,T,CHEV,DER,ES,5,17,,1,0,1211,UPL,G,,0,0,000000000,00000000000,0,0,0,1,0,0,0,0,0,0,0,998,0,0,0,12,12,2,3,26,0,0,0,1,48,77385,6,1,0,0,3,3,999,999,0,0,0,0,0,0,0,0,0,0,0,0,0,0,2,2,30,1,1,8,1,0,0,1,12,1,1,4,6,1,0
48,481093,1,2,1,26,6,1,2,12,1,1,0,48,1,37,706,37706,80,2003,1HFSC47063A2,1,H,F,S,C,4,7,0,6,3,A,2,0,M,HOND,GL8,RS,3,17,,,,,,,1832,0,0,000000000,00000000000,0,0,0,1,0,0,0,0,0,0,0,998,0,0,0,12,12,9,2,12,0,0,0,1,48,78163,6,1,0,0,3,0,999,999,0,0,0,0,0,0,0,0,0,1,0,0,0,0,2,4,60,1,1,8,1,3,3,1,50,1,1,1,20,1,1
48,481093,2,2,1,26,6,1,2,12,1,1,0,48,1,49,421,49421,15,1996,JT3HJ85J6T01,J,T,3,H,J,8,5,J,6,T,0,1,0,P,TOYT,LCW,UT,96,17,4751,,0,1122,,G,,0,0,000000000,00000000000,0,0,0,1,0,0,0,0,0,0,0,0,0,0,0,6,6,2,3,12,0,0,0,1,48,78260,6,1,0,0,3,0,999,999,0,0,0,1,0,5,2008,5,2008,0,0,0,0,0,2,4,60,1,1,8,1,3,3,5,53,1,1,1,21,0,0
48,481094,1,2,1,26,6,0,10,12,2,1,0,48,1,63,37,63037,6,2010,KNDJT2A20A70,K,N,D,J,T,2,A,2,0,A,7,0,0,P,KIA,SOU,UT,10,17,2800,,0,1004,,G,,0,0,000000000,00000000000,0,0,0,1,0,0,0,0,0,0,0,998,0,0,0,12,12,6,2,12,0,0,0,1,48,77303,6,1,0,0,3,3,999,999,0,0,0,0,0,0,0,0,0,0,51,0,0,0,1,2,55,2,1,8,1,0,0,14,10,1,1,2,50,1,0
48,481094,2,2,1,26,6,0,10,12,2,1,0,48,1,12,401,12401,14,1999,1FMYU22X7XUC,1,F,M,Y,U,2,2,X,7,X,U,C,0,P,FORD,EPR,UT,99,17,3675,,0,1017,,G,,0,0,000000000,00000000000,0,0,0,1,0,0,0,0,0,0,0,998,0,0,0,12,12,6,2,12,0,0,1,1,48,77357,1,1,0,0,2,3,999,999,1,2,0,0,0,9,2008,2,2010,0,0,0,0,0,1,2,55,2,1,8,1,0,0,14,62,1,1,1,51,1,1
48,481095,1,1,2,27,6,18,36,30,0,1,0,48,2,37,32,37032,4,1994,1HGCD5527RA0,1,H,G,C,D,5,5,2,7,R,A,0,0,P,HOND,UDX,4D,94,17,2699,,0,1069,,G,,0,0,000000000,00000000000,0,0,0,1,0,0,0,0,0,0,0,998,0,0,0,2,2,6,2,30,0,0,0,1,48,77338,6,1,7,0,3,3,999,999,0,0,0,0,0,0,0,0,0,1,91,0,0,0,1,2,30,2,1,8,1,0,0,14,13,1,1,4,1,1,1
48,481097,1,1,99,29,6,10,47,8,0,1,1,99,9,99,999,99999,99,9999,999999999999,9,9,9,9,9,9,9,9,9,9,9,9,9,U,,,,9,17,,,,,,,,0,99,999999999,99999999999,9,99,9,1,0,0,0,0,99,99,9,999,0,0,0,99,99,9,1,8,0,0,0,1,99,99999,9,9,99,9,9,9,999,999,99,99,99,99,99,99,9999,99,9999,9,99,99,99,99,4,1,99,1,9,2,1,99,9,99,80,99,9,9,13,0,0
48,481099,1,1,7,1,7,11,50,25,0,1,0,48,2,12,401,12401,14,1993,1G1JC5449P72,1,G,1,J,C,5,4,4,9,P,7,2,0,P,CHEV,CRV,4D,93,17,2509,,0,1013,,G,,0,0,000000000,00000000000,0,0,0,1,0,0,0,0,0,0,0,998,0,1,1,12,12,2,3,1,0,0,0,1,48,77033,6,1,0,0,3,0,999,999,0,1,1,0,0,3,2010,5,2010,1,0,0,0,0,3,4,60,1,1,1,2,0,0,1,12,1,1,4,6,1,0
48,481100,1,2,2,1,7,7,22,12,2,1,0,48,2,37,31,37031,4,1990,1HGED3656LA0,1,H,G,E,D,3,6,5,6,L,A,0,0,P,HOND,CLX,4D,90,17,2072,,0,984,,G,,0,0,000000000,00000000000,0,0,0,1,0,0,0,0,0,0,0,998,0,0,0,12,12,4,3,12,0,0,0,1,48,77071,0,0,0,0,0,0,999,999,0,0,0,0,0,0,0,0,0,1,51,0,0,0,1,2,30,2,1,8,2,0,0,14,10,1,1,2,50,1,0
48,481100,2,2,1,1,7,7,22,12,2,1,0,48,1,12,481,12481,31,2009,1FTPW14V39FA,1,F,T,P,W,1,4,V,3,9,F,A,0,T,FORD,F1S,CW,9,17,,2,1570,1450,COF,F,,0,0,000000000,00000000000,0,0,0,1,0,0,0,0,0,0,0,998,0,0,0,12,12,4,3,12,0,0,0,1,48,77355,6,1,0,0,3,0,999,999,0,0,0,0,0,0,0,0,0,0,0,0,0,0,1,2,30,2,1,8,2,0,0,14,54,1,1,1,51,0,0
48,481101,1,1,1,2,7,2,35,1,0,1,0,48,1,20,481,20481,31,2004,2GCEC19V0412,2,G,C,E,C,1,9,V,0,4,1,2,0,T,CHEV,SC1,4C,4,17,,2,1575,1435,SIL,G,,0,0,000000000,00000000000,0,0,0,1,0,0,0,0,0,0,0,998,0,2,5,0,9,6,2,1,0,0,0,1,48,78504,6,1,0,0,3,0,999,999,0,0,0,1,1,10,2007,11,2007,1,0,0,0,0,1,2,55,1,1,4,11,0,0,1,6,1,9,4,7,1,1
48,481102,1,1,1,3,7,0,22,24,0,1,0,48,1,20,2,20002,4,2006,2G1WB58K8694,2,G,1,W,B,5,8,K,8,6,9,4,0,P,CHEV,IPL,4D,6,17,3477,,0,1105,,F,,0,0,000000000,00000000000,0,0,0,1,0,0,0,0,0,0,0,998,0,1,5,12,13,6,2,1,0,0,0,1,48,75224,6,1,0,0,3,0,59,133,0,0,0,0,0,0,0,0,0,0,0,0,0,0,6,2,60,3,2,8,2,0,0,14,9,1,9,4,2,1,0