STATE,ST_CASE,VEH_NO,VE_FORMS,NUMOCCS,DAY,MONTH,HOUR,MINUTE,HARM_EV,MAN_COLL,UNITTYPE,HIT_RUN,REG_STAT,OWNER,MAKE,MODEL,MAK_MOD,BODY_TYP,MOD_YEAR,VIN,VIN_1,VIN_2,VIN_3,VIN_4,VIN_5,VIN_6,VIN_7,VIN_8,VIN_9,VIN_10,VIN_11,VIN_12,TOW_VEH,VINTYPE,VINMAKE,VINA_MOD,VIN_BT,VINMODYR,VIN_LNGT,VIN_WGT,WGTCD_TR,WHLBS_LG,WHLBS_SH,SER_TR,FUELCODE,MCYCL_DS,J_KNIFE,MCARR_I1,MCARR_I2,MCARR_ID,GVWR,V_CONFIG,CARGO_BT,HAZ_INV,HAZ_PLAC,HAZ_ID,HAZ_CNO,HAZ_REL,BUS_USE,SPEC_USE,EMER_USE,TRAV_SP,UNDERIDE,ROLLOVER,ROLINLOC,IMPACT1,IMPACT2,DEFORMED,TOWED,M_HARM,VEH_SC1,VEH_SC2,FIRE_EXP,DR_PRES,L_STATE,DR_ZIP,L_STATUS,L_TYPE,CDL_STAT,L_ENDORS,L_COMPL,L_RESTRI,DR_HGT,DR_WGT,PREV_ACC,PREV_SUS,PREV_DWI,PREV_SPD,PREV_OTH,FIRST_MO,FIRST_YR,LAST_MO,LAST_YR,SPEEDREL,DR_SF1,DR_SF2,DR_SF3,DR_SF4,VTRAFWAY,VNUM_LAN,VSPD_LIM,VALIGN,VPROFILE,VPAVETYP,VSURCOND,VTRAFCON,VTCONT_F,P_CRASH1,P_CRASH2,P_CRASH3,PCRASH4,PCRASH5,ACC_TYPE,DEATHS,DR_DRINK
48,481178,1,2,1,16,6,23,8,12,6,1,0,48,1,76,706,76706,80,2006,JYAVP22E86A0,J,Y,A,V,P,2,2,E,8,6,A,0,0,M,YAMA,XCT,RS,6,17,,,,,,,1854,0,0,000000000,00000000000,0,0,0,1,0,0,0,0,0,0,0,998,0,0,0,12,12,9,2,12,0,0,0,1,48,77063,6,1,0,0,3,0,999,999,0,0,0,0,0,0,0,0,0,0,0,0,0,0,2,4,35,1,1,1,1,0,0,1,70,1,1,1,79,1,0
48,481178,2,2,1,16,6,23,8,12,6,1,0,48,2,35,47,35047,4,1996,1N4BU31D9TC1,1,N,4,B,U,3,1,D,9,T,C,1,0,P,NISS,AGS,4D,96,17,2756,,0,1031,,G,,0,0,000000000,00000000000,0,0,0,1,0,0,0,0,0,0,0,998,0,0,0,11,11,4,3,12,0,0,0,1,48,77077,6,1,0,0,3,3,999,999,0,0,0,0,0,0,0,0,0,0,38,0,0,0,0,0,0,0,0,0,0,0,0,10,98,1,1,1,78,0,0
48,481179,1,2,1,17,6,23,39,12,6,1,0,48,1,73,706,73706,80,2004,JKBVNKB104A0,J,K,B,V,N,K,B,1,0,4,A,0,0,M,KAWK,KMS,RS,4,17,3192,,0,1079,,G,1552,0,0,000000000,00000000000,0,0,0,1,0,0,0,0,0,0,0,998,0,0,0,12,12,9,2,12,0,0,0,1,48,78211,6,1,0,0,3,0,999,999,0,0,0,0,0,0,0,0,0,0,0,0,0,0,1,6,35,1,1,8,1,3,3,1,60,1,1,1,71,1,1
48,481179,2,2,1,17,6,23,39,12,6,1,0,48,1,37,32,37032,4,2007,1HGCM56347A1,1,H,G,C,M,5,6,3,4,7,A,1,0,P,HOND,ASE,4D,7,17,3192,,0,1079,,G,,0,0,000000000,00000000000,0,0,0,1,0,0,0,0,0,0,0,998,0,0,0,2,2,2,3,12,0,0,0,1,48,78239,6,1,0,0,3,3,999,999,1,0,0,0,0,5,2008,5,2008,0,48,0,0,0,1,6,35,1,1,8,1,3,3,10,16,1,1,1,70,0,0
48,481180,1,7,2,18,6,16,0,12,6,1,0,48,3,87,881,87881,66,2000,1XPGD09X1YD5,1,X,P,G,D,0,9,X,1,Y,D,5,1,T,PTRB,385,DS,0,17,,8,0,0,CON,D,,1,57,2047517,572047517,3,6,4,1,0,0,0,0,0,0,0,998,0,0,0,12,12,4,3,12,0,0,0,1,48,78002,6,1,6,0,3,0,999,999,1,6,0,0,0,8,2008,1,2009,0,0,0,0,0,2,2,55,1,1,8,1,3,3,1,17,1,1,1,86,0,0
48,481180,2,7,4,18,6,16,0,12,6,1,0,48,2,49,44,49044,2,2000,2T1CF22P1YC2,2,T,1,C,F,2,2,P,1,Y,C,2,0,P,TOYT,CEE,CP,0,17,3230,,0,1051,,G,,0,0,000000000,00000000000,0,0,0,1,0,0,0,0,0,0,0,998,0,1,1,3,3,6,2,12,0,0,0,1,48,78002,0,0,0,0,0,0,999,999,0,0,0,0,0,0,0,0,0,0,39,0,0,0,2,2,99,9,9,9,99,3,3,1,17,1,1,1,87,1,0
48,481180,3,7,1,18,6,16,0,12,6,1,0,48,2,12,37,12037,4,2010,1FAHP3HN3AW1,1,F,A,H,P,3,H,N,3,A,W,1,0,P,FORD,FCL,4D,10,17,2623,,0,1029,,G,,0,0,000000000,00000000000,0,0,0,1,0,0,0,0,0,0,0,0,0,0,0,9,9,2,1,54,0,0,0,1,48,78217,6,1,0,0,3,0,999,999,0,0,0,0,0,0,0,0,0,0,0,0,0,0,2,2,99,9,9,9,99,3,3,5,98,1,1,1,98,0,0
48,481180,4,7,1,18,6,16,0,12,6,1,0,48,3,12,481,12481,31,2009,1FTPW14V79KC,1,F,T,P,W,1,4,V,7,9,K,C,0,T,FORD,F1S,CW,9,17,,2,1570,1450,COF,F,,0,0,000000000,00000000000,0,0,0,1,0,0,0,0,0,0,0,0,0,0,0,12,12,4,3,12,0,0,0,1,48,78261,6,1,0,0,3,0,999,999,0,0,0,1,0,4,2010,4,2010,0,0,0,0,0,2,2,99,9,9,9,99,3,3,5,66,1,1,1,98,0,0
48,481180,5,7,3,18,6,16,0,12,6,1,0,48,2,6,51,6051,4,2006,2C3LA43R36H2,2,C,3,L,A,4,3,R,3,6,H,2,0,P,CHRY,C30,4D,6,17,3623,,0,1200,,G,,0,0,000000000,00000000000,0,0,0,1,0,0,0,0,0,0,0,0,0,0,0,9,9,4,3,12,0,0,0,1,48,78065,6,1,0,0,3,0,999,999,0,0,0,0,0,0,0,0,0,0,0,0,0,0,2,2,99,9,9,9,99,3,3,5,66,1,1,1,98,1,0
48,481180,6,7,1,18,6,16,0,12,6,1,0,48,3,82,883,82883,66,1993,1FUPAEDB4PP4,1,F,U,P,A,E,D,B,4,P,P,4,1,T,FRHT,FLA,DS,93,17,,8,0,0,COE,D,,1,57,1952343,571952343,3,6,3,1,0,0,0,0,0,0,0,0,0,0,0,11,11,4,3,54,0,0,0,1,48,78832,6,1,6,0,3,0,999,999,0,0,0,0,0,0,0,0,0,0,0,0,0,0,2,2,99,9,9,9,99,3,3,5,66,1,1,1,98,0,0
48,481180,7,7,1,18,6,16,0,12,6,1,0,48,1,37,402,37402,14,2002,JHLRD68412C0,J,H,L,R,D,6,8,4,1,2,C,0,0,P,HOND,CRV,UT,2,17,3201,,0,1031,,G,,0,0,000000000,00000000000,0,0,0,1,0,0,0,0,0,0,0,0,0,0,0,10,10,2,1,54,0,0,0,1,48,78227,6,1,6,0,3,0,999,999,0,0,0,1,0,10,2007,10,2007,0,0,0,0,0,2,2,99,9,9,9,99,3,3,5,98,1,1,1,98,0,0
48,481181,1,1,2,19,6,20,45,25,0,1,0,48,1,72,706,72706,80,2010,1HD1GV410AC3,1,H,D,1,G,V,4,1,0,A,C,3,0,M,HD,XDC,RS,10,17,,,,,,,1584,0,0,000000000,00000000000,0,0,0,1,0,0,0,0,0,0,0,998,0,0,0,12,12,9,2,25,0,0,0,1,48,78228,6,1,0,0,3,0,999,999,0,0,0,0,0,0,0,0,0,0,0,0,0,0,3,3,65,1,2,8,1,0,0,1,12,1,1,4,6,2,1
48,481182,1,2,2,19,6,14,42,12,6,1,0,48,2,20,481,20481,31,1976,CCE616V14683,C,C,E,6,1,6,V,1,4,6,8,3,0,P,,,,,,,,,,,,,0,0,000000000,00000000000,0,0,0,1,0,0,0,0,0,0,0,998,0,1,1,11,11,4,3,12,0,0,0,1,48,76227,6,1,0,0,3,3,999,999,0,0,0,0,0,0,0,0,0,0,91,0,0,0,1,2,99,1,1,8,1,3,3,1,17,1,1,1,86,1,0
48,481182,2,2,4,19,6,14,42,12,6,1,0,40,1,12,481,12481,31,2002,1FTNW20F62EB,1,F,T,N,W,2,0,F,6,2,E,B,0,T,FORD,F2S,CW,2,17,,2,1724,1562,SRW,D,,0,0,000000000,00000000000,0,0,0,1,0,0,0,0,0,0,0,998,0,0,0,4,4,4,3,12,0,0,0,1,40,73078,6,1,0,0,3,0,70,150,0,0,0,0,0,0,0,0,0,0,0,0,0,0,2,4,65,1,1,8,1,3,3,1,68,1,1,1,87,0,0
48,481183,1,1,2,19,6,23,25,1,0,1,0,48,1,22,17,22017,6,1988,2G2AF81W7J92,2,G,2,A,F,8,1,W,7,J,9,2,0,P,PONT,600,SW,88,17,2851,,0,1049,,G,,0,0,000000000,00000000000,0,0,0,1,0,0,0,0,0,0,0,998,0,1,5,0,0,6,2,1,0,0,0,1,48,77954,6,1,0,0,3,3,999,999,0,0,0,1,0,4,2010,4,2010,0,0,0,0,0,2,2,65,3,1,8,1,0,0,14,8,1,2,4,98,2,1
48,481184,1,2,3,20,6,5,21,12,2,1,0,48,2,12,481,12481,31,2006,1FTRW12W86FB,1,F,T,R,W,1,2,W,8,6,F,B,0,T,FORD,F1S,CW,6,17,,2,0,1390,COF,G,,0,0,000000000,00000000000,0,0,0,1,0,0,0,0,0,0,0,998,0,0,0,12,12,6,2,12,0,0,0,1,48,75217,0,0,0,0,0,0,999,999,0,0,0,0,0,0,0,0,0,0,50,0,0,0,3,6,60,2,3,8,1,0,0,14,54,1,1,1,52,1,1
48,481184,2,2,1,20,6,5,21,12,2,1,0,48,1,20,421,20421,15,2004,1GNEC13Z54R2,1,G,N,E,C,1,3,Z,5,4,R,2,0,P,CHEV,CTA,UT,4,17,4828,,0,1160,,F,,0,0,000000000,00000000000,0,0,0,1,0,0,0,0,0,0,0,998,0,0,0,12,12,6,2,12,0,0,0,1,48,75032,6,1,0,0,3,3,999,999,0,0,0,1,0,4,2010,4,2010,0,0,0,0,0,3,6,60,3,3,8,1,0,0,14,54,1,1,1,52,0,0
48,481185,1,2,1,21,6,1,53,12,6,1,0,48,1,7,482,7482,31,2005,3D7KR28C35G7,3,D,7,K,R,2,8,C,3,5,G,7,1,T,DODG,SQ2,CW,5,17,,2,1605,1405,RPC,D,,1,0,000000000,00000000000,0,0,0,1,0,0,0,0,0,0,0,998,0,1,5,12,12,4,3,12,0,0,0,1,48,75103,6,1,0,0,3,0,999,999,0,0,0,0,0,0,0,0,0,0,0,0,0,0,1,2,65,1,1,8,1,0,0,1,68,1,1,1,88,0,0
48,481185,2,2,1,21,6,1,53,12,6,1,0,48,2,22,20,22020,4,2004,2G2WP5226413,2,G,2,W,P,5,2,2,6,4,1,3,0,P,PONT,GPG,4D,4,17,3477,,0,1105,,G,,0,0,000000000,00000000000,0,0,0,1,0,0,0,0,0,0,0,998,0,0,0,10,10,4,3,12,0,0,0,1,48,75169,6,1,0,0,3,0,999,999,1,0,0,1,0,7,2008,11,2009,0,39,38,0,0,1,2,99,1,1,8,1,20,3,1,17,1,1,1,89,1,0
48,481186,1,2,1,23,6,1,12,12,6,1,0,48,2,49,40,49040,4,1987,JT2SV22E2H31,J,T,2,S,V,2,2,E,2,H,3,1,0,P,TOYT,CLE,4D,87,17,2810,,0,1024,,G,,0,0,000000000,00000000000,0,0,0,1,0,0,0,0,0,0,0,998,0,0,0,12,12,6,2,12,0,0,0,1,48,78260,6,1,0,0,3,0,999,999,0,0,0,0,0,0,0,0,0,0,0,0,0,0,2,6,60,1,1,8,1,3,3,1,62,1,1,1,69,1,1
48,481186,2,2,1,23,6,1,12,12,6,1,0,48,3,20,481,20481,31,2008,1GCHK23658F2,1,G,C,H,K,2,3,6,5,8,F,2,0,T,CHEV,2KH,CW,8,17,,2,1670,1530,SIL,D,,0,0,000000000,00000000000,0,0,0,1,0,0,0,0,0,0,0,998,0,0,0,3,3,2,3,12,0,0,0,1,12,78259,6,1,0,0,3,0,67,999,0,1,0,1,0,12,2007,1,2008,0,38,91,0,0,2,6,60,1,1,8,1,3,9,11,54,1,1,1,68,0,1
48,481187,1,1,2,24,6,22,10,31,0,1,0,48,1,20,4,20004,2,2008,1G1YY25W9851,1,G,1,Y,Y,2,5,W,9,8,5,1,0,P,CHEV,CVT,CP,8,17,3217,,0,1057,,G,,0,0,000000000,00000000000,0,0,0,1,0,0,0,0,0,0,0,998,0,0,0,2,81,6,2,42,0,0,1,1,48,76240,6,1,0,0,3,3,999,999,0,0,0,0,0,0,0,0,0,1,0,0,0,0,1,2,55,1,2,8,1,0,0,1,13,1,1,4,1,1,1
48,481188,1,2,1,26,6,0,45,12,1,1,0,48,2,73,709,73709,80,2007,JKAZX4P107A0,J,K,A,Z,X,4,P,1,0,7,A,0,0,M,KAWK,ZXP,RS,7,17,,,,,,,599,0,0,000000000,00000000000,0,0,0,1,0,0,0,0,0,0,0,998,0,0,0,12,12,6,2,12,0,0,0,1,48,75062,6,1,6,0,2,3,999,999,0,5,0,3,2,12,2007,6,2010,1,0,0,0,0,6,1,60,1,1,8,2,0,0,16,51,1,1,1,24,1,1
48,481188,2,2,3,26,6,0,45,12,1,1,0,48,1,12,37,12037,4,2000,1FAFP3432YW1,1,F,A,F,P,3,4,3,2,Y,W,1,0,P,FORD,FSS,4D,0,17,2564,1,0,1030,ENV,G,,0,0,000000000,00000000000,0,0,0,1,0,0,0,0,0,0,0,998,0,0,0,6,6,4,3,12,0,0,0,1,48,75062,6,1,0,0,3,0,999,999,0,0,0,0,0,0,0,0,0,0,0,0,0,0,6,1,60,1,1,8,2,0,0,16,53,1,1,1,25,0,0
48,481189,1,2,2,26,6,17,3,12,6,1,0,48,1,23,472,23472,30,2009,1GTCS1491981,1,G,T,C,S,1,4,9,1,9,8,1,0,T,GMC,CAN,PK,9,17,,1,0,1113,CAN,G,,0,0,000000000,00000000000,0,0,0,1,0,0,0,0,0,0,0,998,0,0,0,12,12,6,2,12,0,0,0,1,48,77836,6,1,0,0,3,0,999,999,0,0,0,0,0,0,0,0,0,0,0,0,0,0,1,4,70,3,1,8,1,0,0,14,62,1,1,1,65,0,0
48,481189,2,2,5,26,6,17,3,12,6,1,0,48,1,6,52,6052,6,2006,3A4FY48B86T2,3,A,4,F,Y,4,8,B,8,6,T,2,0,P,CHRY,PTC,SV,6,17,3018,,0,1030,,G,,0,0,000000000,00000000000,0,0,0,1,0,0,0,0,0,0,0,998,0,0,0,3,3,6,2,12,0,0,0,1,48,78747,6,1,6,0,3,0,999,999,0,0,0,0,0,0,0,0,0,0,28,0,0,0,1,4,70,2,1,8,1,0,0,14,51,6,4,2,64,1,0
48,481190,1,1,5,27,6,2,31,1,0,1,0,48,1,12,401,12401,14,2002,1FMZU67E82UD,1,F,M,Z,U,6,7,E,8,2,U,D,0,P,FORD,EPR,UT,2,17,4120,,0,1259,,G,,0,0,000000000,00000000000,0,0,0,1,0,0,0,0,0,0,0,998,0,2,1,0,3,6,2,1,0,0,0,1,48,76227,0,0,0,0,0,0,999,999,0,0,0,0,0,0,0,0,0,1,28,0,0,0,5,4,30,1,1,8,1,0,0,11,6,1,2,1,98,1,1
48,481191,1,2,1,28,6,17,23,12,2,1,0,48,1,20,481,20481,31,1996,2GCEK19R3T11,2,G,C,E,K,1,9,R,3,T,1,1,0,T,CHEV,GK1,PC,96,17,,2,1555,1415,GM4,G,,0,0,000000000,00000000000,0,0,0,1,0,0,0,0,0,0,0,998,0,1,1,12,12,4,3,12,0,0,1,1,37,76559,6,1,0,0,3,0,66,999,0,0,0,0,0,0,0,0,0,0,28,58,0,0,1,4,45,1,1,8,1,0,0,1,13,6,2,6,50,0,1
48,481191,2,2,1,28,6,17,23,12,2,1,0,48,1,20,34,20034,3,1993,2C1MR246XP67,2,C,1,M,R,2,4,6,X,P,6,7,0,P,GEO,GEM,2H,93,17,1650,,931,892,,G,,0,0,000000000,00000000000,0,0,0,1,0,0,0,0,0,0,0,998,0,0,0,12,12,4,3,12,0,0,0,1,48,76543,6,1,0,0,3,3,999,999,0,0,0,0,0,0,0,0,0,0,0,0,0,0,1,4,45,1,1,8,1,0,0,1,62,1,1,1,51,1,0
48,481192,1,1,1,28,6,9,40,9,0,1,0,48,1,84,881,84881,63,1993,2FUYDSYBXPA4,2,F,U,Y,D,S,Y,B,X,P,A,4,0,T,FRHT,FLD,DS,93,17,,8,0,0,CON,D,,0,57,1969774,571969774,3,2,96,1,0,0,0,0,0,0,0,998,0,0,0,12,12,0,8,9,0,0,0,1,48,78744,6,1,6,0,3,3,999,999,0,0,0,0,1,9,2008,9,2008,0,38,39,0,0,3,4,98,1,1,8,1,3,3,10,83,1,1,1,13,0,0
48,481194,1,1,1,2,7,20,10,25,0,1,0,48,2,63,421,63421,15,2009,KNDJJ742X950,K,N,D,J,J,7,4,2,X,9,5,0,0,P,KIA,BOR,UT,9,17,4405,,0,1140,,G,,0,0,000000000,00000000000,0,0,0,1,0,0,0,0,0,0,0,998,0,1,1,11,9,6,2,1,0,0,0,1,48,77450,3,1,0,0,2,0,999,999,0,0,0,0,0,0,0,0,0,1,0,0,0,0,3,2,55,2,2,8,2,0,0,14,6,1,2,4,7,1,1
48,481195,1,2,1,2,7,9,25,24,0,1,0,48,1,7,402,7402,14,2003,1D4HR38N33F5,1,D,4,H,R,3,8,N,3,3,F,5,0,P,DODG,DUR,UT,3,17,4256,,0,1160,,G,,0,0,000000000,00000000000,0,0,0,1,0,0,0,0,0,0,0,998,0,0,0,12,6,4,3,12,0,0,0,1,48,78643,6,1,0,0,3,0,999,999,0,0,0,0,0,0,0,0,0,1,0,0,0,0,1,2,70,2,2,8,6,0,0,14,6,1,3,4,2,0,0
48,481195,2,2,2,2,7,9,25,24,0,1,0,48,2,35,471,35471,30,1996,1N6SD11SXTC3,1,N,6,S,D,1,1,S,X,T,C,3,0,T,NISS,XES,PK,96,17,,1,0,1043,TRK,G,,0,0,000000000,00000000000,0,0,0,1,0,0,0,0,0,0,0,998,0,0,0,12,12,4,3,12,0,0,0,1,48,76869,6,1,0,0,3,0,999,999,0,0,0,0,0,0,0,0,0,0,0,0,0,0,1,2,70,2,2,8,6,0,0,14,62,1,1,1,98,1,0
48,481196,1,1,3,3,7,1,2,30,0,1,0,48,1,20,481,20481,31,2008,1GCEC19C88Z1,1,G,C,E,C,1,9,C,8,8,Z,1,0,T,CHEV,SC1,4C,8,17,,2,1575,1339,SIL,G,,0,0,000000000,00000000000,0,0,0,1,0,0,0,0,0,0,0,998,0,1,5,6,0,6,2,1,0,0,0,1,48,79762,6,1,0,0,3,3,999,999,0,0,0,1,0,11,2009,11,2009,1,0,0,0,0,5,4,40,1,1,8,6,0,0,1,6,1,4,4,2,1,0
48,481197,1,2,2,3,7,23,46,12,6,1,0,22,2,7,482,7482,31,2008,1D7HA18NX8S6,1,D,7,H,A,1,8,N,X,8,S,6,0,T,DODG,SQ1,CW,8,17,,2,1605,1405,RPC,G,,0,0,000000000,00000000000,0,0,0,1,0,0,0,0,0,0,0,998,0,0,0,12,12,4,3,12,0,0,0,1,48,77002,6,1,0,0,3,0,999,999,0,0,0,1,0,3,2010,3,2010,0,39,91,0,0,1,2,99,1,1,1,1,20,3,1,17,1,1,1,86,0,0
48,481197,2,2,2,3,7,23,46,12,6,1,0,48,1,22,16,22016,4,1999,1G2JB5244X75,1,G,2,J,B,5,2,4,4,X,7,5,0,P,PONT,SFS,4D,99,17,2670,,0,1041,,G,,0,0,000000000,00000000000,0,0,0,1,0,0,0,0,0,0,0,998,0,0,0,3,3,4,3,12,0,0,0,1,48,77047,6,1,0,0,3,3,999,999,0,0,0,0,0,0,0,0,0,0,0,0,0,0,2,4,45,1,1,1,1,0,0,1,66,1,1,1,87,2,1
48,481198,1,1,1,4,7,0,58,33,0,1,0,49,1,73,709,73709,80,1988,JKAZX4C18JA0,J,K,A,Z,X,4,C,1,8,J,A,0,0,M,KAWK,ZCX,RS,88,17,,,,,,,600,0,0,000000000,00000000000,0,0,0,1,0,0,0,0,0,0,0,998,0,0,0,99,99,9,2,31,0,0,0,1,49,84201,1,1,0,0,2,0,67,172,98,0,0,0,1,6,2009,6,2009,1,0,0,0,0,2,4,40,2,1,8,2,0,0,14,13,1,1,4,1,1,1
48,481199,1,1,2,4,7,1,34,42,0,1,0,48,2,12,16,12016,4,1997,2FALP71W4VX1,2,F,A,L,P,7,1,W,4,V,X,1,0,P,FORD,CVP,4D,97,17,0,,0,1144,,G,,0,0,000000000,00000000000,0,0,0,1,0,0,0,0,0,0,0,998,0,1,3,9,9,6,2,42,0,0,0,1,48,76306,6,1,0,0,3,0,999,999,0,0,0,1,0,4,2009,4,2009,1,58,0,0,0,2,4,60,1,1,8,1,0,0,1,9,99,3,4,7,1,1
48,481200,1,1,6,9,7,21,20,11,0,1,0,48,1,12,481,12481,31,2001,1FTRW08L41KD,1,F,T,R,W,0,8,L,4,1,K,D,0,T,FORD,F1S,CW,1,17,,2,0,1388,COF,G,,0,0,000000000,00000000000,0,0,0,1,0,0,0,0,0,0,0,998,0,1,5,99,81,4,3,24,0,0,0,1,48,78521,6,1,0,0,3,3,999,999,0,0,0,0,0,0,0,0,0,0,0,0,0,0,3,4,65,1,3,8,1,0,0,1,87,1,1,1,13,1,0
48,481201,1,1,2,9,7,21,40,39,0,1,0,48,2,12,481,12481,31,2004,2FTRF07364CA,2,F,T,R,F,0,7,3,6,4,C,A,0,T,FORD,1SV,PK,4,17,,2,1450,1260,COF,G,,0,0,000000000,00000000000,0,0,0,1,0,0,0,0,0,0,0,998,0,0,0,81,81,4,3,39,0,0,0,1,48,77020,6,1,0,0,3,0,999,999,1,1,0,0,0,10,2007,4,2008,0,91,0,0,0,1,2,35,1,1,2,1,0,0,1,12,1,4,4,7,1,1
48,481202,1,1,1,9,7,11,5,42,0,1,0,48,1,12,481,12481,31,2001,1FTRW07L01KB,1,F,T,R,W,0,7,L,0,1,K,B,0,T,FORD,F1S,CW,1,17,,2,0,1385,COF,G,,0,0,000000000,00000000000,0,0,0,1,0,0,0,0,0,0,0,998,0,1,5,3,0,4,3,42,0,0,0,1,48,78239,6,1,0,0,3,0,999,999,0,0,0,0,0,0,0,0,0,1,0,0,0,0,1,2,45,3,2,8,1,0,0,14,13,6,1,4,1,1,0
48,481203,1,2,1,10,7,1,14,12,6,1,0,92,0,52,34,52034,4,2003,4A3AA46H13E1,4,A,3,A,A,4,6,H,1,3,E,1,0,P,MITS,ELG,4D,3,17,3296,,0,1037,,G,,0,0,000000000,00000000000,0,0,0,1,0,0,0,0,0,0,0,998,0,0,0,3,3,6,2,12,0,0,0,1,48,78251,6,1,0,0,3,0,999,999,1,0,0,0,0,9,2007,9,2007,0,51,58,85,0,3,5,60,1,1,2,1,0,0,17,8,8,4,2,66,1,1
48,481203,2,2,1,10,7,1,14,12,6,1,0,48,2,20,421,20421,15,2005,1GNEC13V65J1,1,G,N,E,C,1,3,V,6,5,J,1,0,P,CHEV,CTA,UT,5,17,4975,,0,1160,,G,,0,0,000000000,00000000000,0,0,0,1,0,0,0,0,0,0,0,998,0,0,0,12,12,6,2,12,0,0,0,1,48,78023,6,1,6,0,3,0,999,999,0,0,0,0,1,3,2009,3,2009,0,0,0,0,0,3,5,60,1,1,2,1,0,0,1,54,1,1,1,66,0,0
48,481204,1,1,4,11,7,16,16,1,0,1,0,1,1,12,401,12401,14,2000,1FMYU60EXYUA,1,F,M,Y,U,6,0,E,X,Y,U,A,0,P,FORD,EPR,UT,0,17,3670,,0,1017,,G,,0,0,000000000,00000000000,0,0,0,1,0,0,0,0,0,0,0,998,0,2,1,0,0,6,2,1,0,0,0,1,1,35950,6,1,0,0,3,3,63,180,0,0,0,0,0,0,0,0,0,0,58,0,0,0,2,2,70,1,2,8,1,0,0,1,8,7,3,2,98,1,0
48,481205,1,2,1,14,7,18,5,12,6,1,0,48,1,85,881,85881,63,1996,1XKDD99X1TS7,1,X,K,D,D,9,9,X,1,T,S,7,0,T,KW,T80,DS,96,17,,8,0,0,CON,D,,0,57,1953310,571953310,3,2,4,1,0,0,0,0,0,0,0,998,0,0,0,12,12,2,3,12,0,0,0,1,48,77433,6,1,6,3,3,0,999,999,0,0,0,0,2,10,2007,9,2009,0,38,39,0,0,4,3,50,1,1,1,1,3,3,1,17,4,1,1,86,0,0
48,481205,2,2,2,14,7,18,5,12,6,1,0,48,2,12,17,12017,4,2001,1FAFP53U41G2,1,F,A,F,P,5,3,U,4,1,G,2,0,P,FORD,TSE,4D,1,17,3354,,0,1085,,G,,0,0,000000000,00000000000,0,0,0,1,0,0,0,0,0,0,0,998,0,0,0,3,3,6,2,12,0,0,0,1,48,77489,6,1,0,0,3,0,999,999,0,0,0,0,0,0,0,0,0,0,38,39,0,0,8,4,98,8,8,1,1,0,0,1,17,1,1,1,87,1,0
48,481206,1,2,1,15,7,0,1,12,2,1,0,48,1,20,16,20016,2,2004,1G1JC12F2473,1,G,1,J,C,1,2,F,2,4,7,3,0,P,CHEV,CAV,CP,4,17,2617,,0,1041,,G,,0,0,000000000,00000000000,0,0,0,1,0,0,0,0,0,0,0,998,0,0,0,12,12,6,2,12,0,0,0,1,48,77904,6,1,0,0,3,3,999,999,0,0,0,0,0,0,0,0,0,0,28,0,0,0,1,4,55,4,1,8,1,0,0,14,10,1,1,2,50,1,1
48,481206,2,2,1,15,7,0,1,12,2,1,0,48,3,82,881,82881,66,2008,1FUJC5CV38HA,1,F,U,J,C,5,C,V,3,8,H,A,1,T,FRHT,11M,DS,8,17,,8,0,0,FM2,D,,1,57,00003774,5700003774,3,6,1,1,0,0,0,0,0,0,0,998,0,0,0,12,12,4,3,12,0,0,0,1,48,78109,6,1,6,0,3,0,999,999,1,0,0,0,0,12,2007,12,2007,0,0,0,0,0,1,4,55,4,1,8,1,0,0,14,62,1,1,1,51,0,0
48,481207,1,6,1,15,7,10,3,12,1,1,0,48,3,98,808,98808,62,2007,JNAPA80H77AN,J,N,A,P,A,8,0,H,7,7,A,N,0,T,UD,UD6,TB,7,17,,6,0,0,UDS,D,,0,57,648543,57648543,2,1,1,1,0,0,0,0,0,0,0,998,7,0,0,12,12,4,3,12,0,0,0,1,48,78228,6,1,6,0,3,0,999,999,0,0,0,0,1,9,2008,9,2008,1,0,0,0,0,5,4,50,1,1,8,1,3,3,1,50,1,1,1,20,0,1
48,481207,2,6,2,15,7,10,3,12,1,1,0,48,1,49,472,49472,30,1997,4TAVL52N7VZ3,4,T,A,V,L,5,2,N,7,V,Z,3,0,T,TOYT,XTR,PC,97,17,,1,0,1219,TAC,G,,0,0,000000000,00000000000,0,0,0,1,0,0,0,0,0,0,0,0,0,0,0,6,6,6,2,12,0,0,0,1,48,78003,6,1,0,0,3,0,999,999,0,0,0,0,0,0,0,0,0,0,0,0,0,0,5,4,50,1,1,8,1,3,3,5,53,1,1,1,21,1,0
48,481207,3,6,5,15,7,10,3,12,1,1,0,48,2,20,461,20461,21,2005,1GBFG15T3512,1,G,B,F,G,1,5,T,3,5,1,2,0,T,CHEV,E15,IC,5,17,,2,0,1350,EXP,G,,0,0,000000000,00000000000,0,0,0,1,0,0,0,0,0,0,0,0,7,0,0,6,6,4,3,12,0,0,0,1,48,75062,6,1,0,0,3,0,999,999,0,0,0,0,0,0,0,0,0,0,0,0,0,0,5,4,50,1,1,8,1,3,3,5,53,1,1,1,98,0,0