STATE,ST_CASE,VEH_NO,VE_FORMS,NUMOCCS,DAY,MONTH,HOUR,MINUTE,HARM_EV,MAN_COLL,UNITTYPE,HIT_RUN,REG_STAT,OWNER,MAKE,MODEL,MAK_MOD,BODY_TYP,MOD_YEAR,VIN,VIN_1,VIN_2,VIN_3,VIN_4,VIN_5,VIN_6,VIN_7,VIN_8,VIN_9,VIN_10,VIN_11,VIN_12,TOW_VEH,VINTYPE,VINMAKE,VINA_MOD,VIN_BT,VINMODYR,VIN_LNGT,VIN_WGT,WGTCD_TR,WHLBS_LG,WHLBS_SH,SER_TR,FUELCODE,MCYCL_DS,J_KNIFE,MCARR_I1,MCARR_I2,MCARR_ID,GVWR,V_CONFIG,CARGO_BT,HAZ_INV,HAZ_PLAC,HAZ_ID,HAZ_CNO,HAZ_REL,BUS_USE,SPEC_USE,EMER_USE,TRAV_SP,UNDERIDE,ROLLOVER,ROLINLOC,IMPACT1,IMPACT2,DEFORMED,TOWED,M_HARM,VEH_SC1,VEH_SC2,FIRE_EXP,DR_PRES,L_STATE,DR_ZIP,L_STATUS,L_TYPE,CDL_STAT,L_ENDORS,L_COMPL,L_RESTRI,DR_HGT,DR_WGT,PREV_ACC,PREV_SUS,PREV_DWI,PREV_SPD,PREV_OTH,FIRST_MO,FIRST_YR,LAST_MO,LAST_YR,SPEEDREL,DR_SF1,DR_SF2,DR_SF3,DR_SF4,VTRAFWAY,VNUM_LAN,VSPD_LIM,VALIGN,VPROFILE,VPAVETYP,VSURCOND,VTRAFCON,VTCONT_F,P_CRASH1,P_CRASH2,P_CRASH3,PCRASH4,PCRASH5,ACC_TYPE,DEATHS,DR_DRINK
48,481207,4,6,1,15,7,10,3,12,1,1,0,48,1,18,7,18007,4,1981,1G4AL69A4BZ1,1,G,4,A,L,6,9,A,4,B,Z,1,0,P,BUIC,CLM,4D,81,17,3191,,0,1081,,G,,0,0,000000000,00000000000,0,0,0,1,0,0,0,0,0,0,0,0,0,0,0,6,6,6,2,12,0,0,0,1,48,78861,6,1,0,0,3,3,999,999,0,0,0,0,0,0,0,0,0,0,0,0,0,0,5,4,50,1,1,8,1,3,3,5,53,1,1,1,98,0,0
48,481207,5,6,2,15,7,10,3,12,1,1,0,48,1,7,402,7402,14,2003,1D4HS48N03F5,1,D,4,H,S,4,8,N,0,3,F,5,0,P,DODG,DUR,UT,3,17,4606,,0,1160,,G,,0,0,000000000,00000000000,0,0,0,1,0,0,0,0,0,0,0,0,0,0,0,6,6,2,1,12,0,0,0,1,48,78861,4,1,0,0,2,3,999,999,1,2,0,0,0,10,2009,11,2009,0,0,0,0,0,5,4,50,1,1,8,1,3,3,5,53,1,1,1,98,0,0
48,481207,6,6,3,15,7,10,3,12,1,1,0,48,2,55,35,55035,4,2004,KMHDN46D14U7,K,M,H,D,N,4,6,D,1,4,U,7,0,P,HYUN,EST,4D,4,17,2635,,0,1027,,G,,0,0,000000000,00000000000,0,0,0,1,0,0,0,0,0,0,0,0,0,0,0,6,6,6,2,12,0,0,0,1,48,78861,6,1,0,0,3,3,999,999,0,0,0,0,1,12,2007,12,2007,0,0,0,0,0,5,4,50,1,1,8,1,3,3,5,53,1,1,1,98,0,0
48,481208,1,1,5,15,7,14,0,42,0,1,0,48,2,12,401,12401,14,2002,1FMZU67E92UC,1,F,M,Z,U,6,7,E,9,2,U,C,0,P,FORD,EPR,UT,2,17,4120,,0,1259,,G,,0,0,000000000,00000000000,0,0,0,1,0,0,0,0,0,0,0,998,0,0,0,11,11,4,3,42,0,0,0,1,48,75705,0,0,0,0,0,0,999,999,0,0,0,0,0,0,0,0,0,0,84,0,0,0,1,2,60,1,2,8,1,20,3,1,8,7,9,4,2,1,0
48,481209,1,3,1,15,7,18,15,12,1,1,0,48,2,12,481,12481,31,2001,1FTRX17W31NA,1,F,T,R,X,1,7,W,3,1,N,A,0,T,FORD,F15,4C,1,17,,2,1571,1385,COF,G,,0,0,000000000,00000000000,0,0,0,1,0,0,0,0,0,0,0,998,0,0,0,12,12,6,2,12,0,0,0,1,48,77853,1,1,0,0,2,0,999,999,0,4,1,0,0,11,2009,6,2010,1,0,0,0,0,2,2,65,1,1,8,1,0,0,1,51,1,1,1,24,1,0
48,481209,2,3,1,15,7,18,15,12,1,1,0,48,1,7,482,7482,31,2004,1D7HA18N04S7,1,D,7,H,A,1,8,N,0,4,S,7,0,T,DODG,SQ1,CW,4,17,,2,1605,1405,RPC,G,,0,0,000000000,00000000000,0,0,0,1,0,0,0,0,0,0,0,998,0,0,0,12,12,6,2,12,0,0,0,1,48,77066,6,1,0,0,3,0,999,999,0,0,0,0,0,0,0,0,0,0,0,0,0,0,2,2,65,1,1,8,1,0,0,1,62,3,2,1,98,0,0
48,481209,3,3,3,15,7,18,15,12,1,1,0,48,2,12,16,12016,4,1998,2FAFP71W9WX1,2,F,A,F,P,7,1,W,9,W,X,1,0,P,FORD,CVP,4D,98,17,0,,0,1144,,G,,0,0,000000000,00000000000,0,0,0,1,0,0,0,0,0,0,0,998,0,0,0,6,6,9,1,12,0,0,0,1,48,77853,6,1,0,0,3,0,999,999,0,0,0,0,0,0,0,0,0,0,0,0,0,0,2,2,65,1,1,8,1,0,0,1,53,1,1,1,25,0,0
48,481210,1,2,1,17,7,18,18,12,2,1,0,48,1,12,481,12481,31,2004,1FTPX125X4NB,1,F,T,P,X,1,2,5,X,4,N,B,0,T,FORD,F15,4C,4,17,,2,1450,1260,COF,G,,0,0,000000000,00000000000,0,0,0,1,0,0,0,0,0,0,0,998,0,0,0,12,12,6,2,12,0,0,0,1,48,76052,6,1,0,0,3,3,999,999,0,0,0,0,0,0,0,0,0,0,51,0,0,0,3,2,70,1,3,8,1,0,0,1,54,6,1,2,52,0,1
48,481210,2,2,3,17,7,18,18,12,2,1,0,48,1,12,402,12402,14,2002,1FMYU01122KD,1,F,M,Y,U,0,1,1,2,2,K,D,0,P,FORD,SPE,UT,2,17,3035,,0,1031,,G,,0,0,000000000,00000000000,0,0,0,1,0,0,0,0,0,0,0,998,0,1,1,12,12,6,2,12,0,0,0,1,48,76306,6,1,0,0,3,0,999,999,0,0,0,0,1,1,2010,1,2010,0,0,0,0,0,3,2,70,1,3,8,1,0,0,1,54,7,1,2,52,1,0
48,481211,1,1,6,17,7,15,25,31,0,1,1,48,1,37,32,37032,4,1999,1HGCG5557XA0,1,H,G,C,G,5,5,5,7,X,A,0,0,P,HOND,UEX,4D,99,17,3020,,0,1069,,G,,0,0,000000000,00000000000,0,0,0,1,0,0,0,0,0,0,0,998,0,0,0,9,9,6,2,31,0,0,0,1,48,77036,6,1,0,0,3,0,999,999,0,0,0,0,0,0,0,0,0,0,0,0,0,0,4,4,45,1,1,1,1,0,0,1,9,6,3,4,2,1,0
48,481212,1,1,3,17,7,2,30,43,0,1,0,48,2,49,482,49482,31,2000,5TBRN341XYS0,5,T,B,R,N,3,4,1,X,Y,S,0,0,T,TOYT,TT5,4C,0,17,,1,0,1283,TUN,G,,0,0,000000000,00000000000,0,0,0,1,0,0,0,0,0,0,0,998,0,1,3,99,12,4,3,1,0,0,0,1,48,77041,1,1,0,0,2,0,999,999,0,3,0,1,0,9,2009,3,2010,1,0,0,0,0,2,9,50,1,1,1,1,0,0,16,13,99,9,4,1,1,1
48,481213,1,2,4,17,7,22,39,12,6,1,0,48,2,12,402,12402,14,2003,1FMYU03133KA,1,F,M,Y,U,0,3,1,3,3,K,A,0,P,FORD,SPE,UT,3,17,3252,,0,1031,,G,,0,0,000000000,00000000000,0,0,0,1,0,0,0,0,0,0,0,998,0,1,5,7,7,2,3,1,0,0,0,1,48,76678,6,1,0,0,3,0,999,999,0,0,0,0,0,0,0,0,0,0,39,0,0,0,1,2,99,9,9,9,99,20,3,1,17,1,1,1,89,1,1
48,481213,2,2,1,17,7,22,39,12,6,1,0,48,2,12,4,12004,2,1994,1FALP62W5RH2,1,F,A,L,P,6,2,W,5,R,H,2,0,P,FORD,THL,2D,94,17,3570,,0,1130,,G,,0,0,000000000,00000000000,0,0,0,1,0,0,0,0,0,0,0,998,0,0,0,12,12,4,3,12,0,0,0,1,48,76648,6,1,0,0,3,0,999,999,0,0,0,0,0,0,0,0,0,0,0,0,0,0,1,2,65,1,1,8,1,0,0,1,17,6,1,1,88,0,0
48,481214,1,1,1,18,7,6,56,24,0,1,0,48,2,7,482,7482,31,1996,1B7HC16Z5TS5,1,B,7,H,C,1,6,Z,5,T,S,5,0,T,DODG,150,PK,96,17,,2,1347,1187,RPC,G,,0,0,000000000,00000000000,0,0,0,1,0,0,0,0,0,0,0,998,0,1,6,12,3,6,2,1,0,0,0,1,48,77578,6,1,0,0,3,0,999,999,0,0,0,0,0,0,0,0,0,1,0,0,0,0,1,2,55,3,1,8,1,0,0,14,13,1,1,4,1,1,1
48,481215,1,1,1,18,7,6,56,1,0,1,0,48,1,20,481,20481,31,2000,1GCEK14TXYE4,1,G,C,E,K,1,4,T,X,Y,E,4,0,T,CHEV,SK1,PK,0,17,,2,1330,1190,SIL,G,,0,0,000000000,00000000000,0,0,0,1,0,0,0,0,0,0,0,998,0,1,6,0,7,4,3,1,0,0,0,1,48,78941,6,1,0,0,3,0,999,999,0,0,0,0,0,0,0,0,0,1,0,0,0,0,1,2,55,3,1,8,1,0,0,14,6,3,2,4,2,1,1
48,481216,1,2,1,20,7,12,30,12,2,1,0,48,2,12,471,12471,30,2000,1FTZR15V6YPB,1,F,T,Z,R,1,5,V,6,Y,P,B,0,T,FORD,RNS,PS,0,17,,1,0,1259,RNG,F,,0,0,000000000,00000000000,0,0,0,1,0,0,0,0,0,0,0,998,0,1,1,12,12,4,3,12,0,0,0,1,48,76656,6,1,0,0,3,3,63,231,0,0,0,0,0,0,0,0,0,0,84,0,0,0,1,2,70,4,2,8,1,0,0,17,54,99,1,2,51,1,0
48,481216,2,2,1,20,7,12,30,12,2,1,0,48,2,6,51,6051,4,2007,2C3KA53G67H8,2,C,3,K,A,5,3,G,6,7,H,8,0,P,CHRY,3TR,4D,7,17,3665,,0,1200,,G,,0,0,000000000,00000000000,0,0,0,1,0,0,0,0,0,0,0,998,0,0,0,12,12,6,2,12,0,0,0,1,48,76643,6,1,6,0,3,3,999,999,1,0,0,0,2,3,2008,12,2009,0,28,0,0,0,1,2,70,4,2,8,1,0,0,15,54,99,1,2,50,1,0
48,481217,1,2,1,20,7,13,16,12,6,1,0,93,3,87,881,87881,66,2005,1XP5DB9X55D8,1,X,P,5,D,B,9,X,5,5,D,8,1,T,PTRB,379,DS,5,17,,8,0,0,CON,D,,1,57,1527126,571527126,3,6,2,1,0,0,0,0,0,0,0,998,0,0,0,12,12,2,3,12,0,0,0,1,48,77995,6,1,6,1,3,0,999,999,1,0,0,0,0,5,2008,5,2008,0,0,0,0,0,2,4,70,1,2,8,1,0,0,1,61,1,1,1,45,0,0
48,481217,2,2,1,20,7,13,16,12,6,1,0,48,1,20,37,20037,4,2008,1G1ZH57B3842,1,G,1,Z,H,5,7,B,3,8,4,2,0,P,CHEV,ML1,4D,8,17,3436,,0,1123,,G,,0,0,000000000,00000000000,0,0,0,1,0,0,0,0,0,0,0,998,0,0,0,9,9,2,4,12,0,0,0,1,48,77964,6,1,0,0,3,0,999,999,0,0,0,0,0,0,0,0,0,0,27,0,0,0,2,4,70,1,2,8,1,0,0,15,10,1,1,2,47,1,0
48,481218,1,1,1,20,7,14,0,23,0,1,0,48,2,20,403,20403,14,2006,1GNDS13S3621,1,G,N,D,S,1,3,S,3,6,2,1,0,P,CHEV,TRL,UT,6,17,4417,,0,1130,,G,,0,0,000000000,00000000000,0,0,0,1,0,0,0,0,0,0,0,998,0,1,3,99,0,6,2,1,0,0,0,1,48,78634,6,1,0,0,3,0,999,999,0,0,0,0,0,0,0,0,0,0,0,0,0,0,2,4,99,2,2,8,1,0,0,14,13,1,1,4,1,1,1
48,481219,1,2,1,22,7,7,45,12,1,1,0,93,3,84,881,84881,66,1998,2HSFHASRXWC0,2,H,S,F,H,A,S,R,X,W,C,0,1,T,INTL,940,TM,98,17,,8,2340,1600,90S,D,,1,57,1191608,571191608,3,6,3,1,0,0,0,0,0,0,0,998,0,0,0,6,6,4,3,12,0,0,0,1,48,77028,6,1,6,0,3,0,999,999,0,0,0,0,2,11,2007,5,2010,0,0,0,0,0,3,4,70,1,1,8,1,0,0,1,53,1,1,1,25,0,0
48,481219,2,2,1,22,7,7,45,12,1,1,0,48,3,82,881,82881,66,1999,1FUYDCYBXXLA,1,F,U,Y,D,C,Y,B,X,X,L,A,1,T,FRHT,FLD,DS,99,17,,8,0,0,CON,D,,1,57,1024395,571024395,3,6,3,1,0,0,0,0,0,0,0,998,0,0,0,12,12,6,2,12,0,0,0,1,48,78570,6,1,6,0,3,0,999,999,0,0,0,0,0,0,0,0,0,1,0,0,0,0,3,4,70,1,1,8,1,0,0,1,51,1,1,1,24,1,0
48,481220,1,2,1,22,7,17,23,12,6,1,0,48,3,82,881,82881,62,2009,1FVACWDT29HA,1,F,V,A,C,W,D,T,2,9,H,A,0,T,FRHT,16M,CC,9,17,,6,0,0,FM2,D,,0,57,2038617,572038617,2,1,3,1,0,0,0,0,0,0,0,998,0,0,0,7,7,2,3,12,0,0,0,1,48,78416,6,1,6,0,3,0,999,999,0,1,0,0,0,7,2009,7,2009,1,0,0,0,0,2,4,65,2,1,9,2,0,0,14,6,1,3,6,66,0,0
48,481220,2,2,3,22,7,17,23,12,6,1,0,48,3,12,481,12481,31,2003,1FTNF20P23EC,1,F,T,N,F,2,0,P,2,3,E,C,0,T,FORD,F2S,PK,3,17,,2,0,1370,SRW,D,,0,0,000000000,00000000000,0,0,0,1,0,0,0,0,0,0,0,998,0,0,0,11,11,6,2,12,0,0,0,1,48,78410,6,1,0,0,3,0,999,999,0,0,0,0,0,0,0,0,0,0,0,0,0,0,2,4,65,3,1,8,2,0,0,14,62,1,1,1,66,1,1
48,481221,1,2,2,23,7,7,45,12,2,1,0,48,1,7,402,7402,14,1998,1B4HS28Y9WF2,1,B,4,H,S,2,8,Y,9,W,F,2,0,P,DODG,DUR,UT,98,17,4349,,0,1159,,G,,0,0,000000000,00000000000,0,0,0,1,0,0,0,0,0,0,0,998,0,0,0,12,12,6,2,12,0,0,0,1,48,76501,1,1,0,0,2,3,999,999,0,6,0,0,0,8,2007,8,2009,0,38,0,0,0,1,2,70,1,1,8,1,0,0,11,15,1,1,1,68,1,0
48,481221,2,2,2,23,7,7,45,12,2,1,0,48,2,12,481,12481,31,2005,1FTRW12W35FA,1,F,T,R,W,1,2,W,3,5,F,A,0,T,FORD,F1S,CW,5,17,,2,1450,1260,COF,G,,0,0,000000000,00000000000,0,0,0,1,0,0,0,0,0,0,0,998,0,0,0,12,12,6,2,12,0,0,0,1,48,76502,6,1,0,0,3,0,999,999,0,0,0,0,1,11,2009,11,2009,0,0,0,0,0,1,2,70,1,1,8,1,0,0,1,62,1,1,1,69,0,0
48,481222,1,1,1,23,7,22,17,8,0,1,0,48,1,22,2,22002,4,1999,1G2HX52K2XH2,1,G,2,H,X,5,2,K,2,X,H,2,0,P,PONT,BVS,4D,99,17,3446,,0,1108,,G,,0,0,000000000,00000000000,0,0,0,1,0,0,0,0,0,0,0,998,0,0,0,12,12,2,3,8,0,0,0,1,48,76541,6,1,6,0,3,0,999,999,0,0,0,0,0,0,0,0,0,0,0,0,0,0,5,4,30,1,1,2,1,0,0,1,80,1,1,1,13,0,1
48,481223,1,2,1,23,7,7,34,12,8,1,0,48,1,7,482,7482,31,2009,1D3HB16K59J5,1,D,3,H,B,1,6,K,5,9,J,5,0,T,DODG,150,PK,9,17,,2,1400,1200,RPC,G,,0,0,000000000,00000000000,0,0,0,1,0,0,0,0,0,0,0,998,0,0,0,11,11,6,2,12,0,0,0,1,48,78654,6,1,0,0,3,0,999,999,0,1,0,1,1,12,2008,2,2010,0,28,51,0,0,1,4,70,1,1,8,1,0,0,1,10,1,1,2,64,1,0
48,481223,2,2,1,23,7,7,34,12,8,1,0,48,1,23,881,23881,61,1995,1GDM7H1P3SJ5,1,G,D,M,7,H,1,P,3,S,J,5,0,T,GMC,C7H,CC,95,17,,7,2610,1440,TOP,G,,0,88,888888888,88888888888,2,1,4,1,0,0,0,0,0,0,0,998,0,1,5,9,9,6,2,2,0,0,1,1,48,78654,6,1,6,0,3,3,999,999,1,0,0,0,0,4,2008,4,2008,0,0,0,0,0,1,4,70,1,1,8,1,0,0,1,62,1,1,1,65,1,0
48,481224,1,2,2,23,7,0,33,12,6,1,0,48,1,12,3,12003,2,1996,1FALP42X5TF1,1,F,A,L,P,4,2,X,5,T,F,1,0,P,FORD,MGT,CP,96,17,3279,,0,1013,,G,,0,0,000000000,00000000000,0,0,0,1,0,0,0,0,0,0,0,998,0,0,0,3,3,6,2,2,0,0,1,1,48,78602,6,1,0,0,3,0,999,999,1,0,0,0,0,4,2008,4,2008,0,28,51,0,0,1,2,55,2,1,8,1,28,3,14,10,1,1,2,64,2,1
48,481224,2,2,2,23,7,0,33,12,6,1,0,48,2,12,481,12481,31,2002,1FTSW31F82EC,1,F,T,S,W,3,1,F,8,2,E,C,1,T,FORD,F3S,CW,2,17,,2,1724,1562,SRW,D,,1,88,888888888,88888888888,3,4,1,1,0,0,0,0,0,0,0,998,0,0,0,12,12,6,2,2,0,0,1,1,48,78616,6,1,0,0,3,3,999,999,0,0,0,1,0,11,2008,11,2008,0,0,0,0,0,1,2,55,3,1,8,1,28,3,14,62,1,1,1,65,0,0
48,481225,1,1,1,23,7,15,18,32,0,1,0,48,2,20,481,20481,31,2000,1GCGK23R0YF4,1,G,C,G,K,2,3,R,0,Y,F,4,0,T,CHEV,GK2,CW,0,17,,2,0,1545,GM4,G,,0,0,000000000,00000000000,0,0,0,1,0,0,0,0,0,0,0,998,0,1,5,99,9,4,3,1,0,0,0,1,48,79226,6,1,0,0,3,3,999,999,0,0,0,0,0,0,0,0,0,1,38,58,0,0,1,2,70,2,1,8,1,40,3,14,6,7,3,4,7,1,1
48,481226,1,2,1,23,7,11,5,12,6,1,0,48,1,18,3,18003,4,1991,1G4CW53L5M16,1,G,4,C,W,5,3,L,5,M,1,6,0,P,BUIC,PKA,4D,91,17,3485,,0,1108,,G,,0,0,000000000,00000000000,0,0,0,1,0,0,0,0,0,0,0,998,0,0,0,9,9,6,2,12,0,0,0,1,48,79225,6,1,0,0,3,3,999,999,0,0,0,0,0,0,0,0,0,0,31,0,0,0,1,2,35,1,1,8,1,0,0,8,98,1,1,7,98,1,0
48,481226,2,2,1,23,7,11,5,12,6,1,0,95,3,98,804,98804,63,2000,2WLNCDXH7YK9,2,W,L,N,C,D,X,H,7,Y,K,9,0,T,WSTR,480,TM,0,17,,8,0,0,CNV,D,,0,57,973102,57973102,3,2,4,1,0,0,0,0,0,0,0,998,0,0,0,12,12,2,3,12,0,0,0,1,31,68873,6,1,6,0,3,3,68,160,0,0,0,0,0,0,0,0,0,1,0,0,0,0,1,2,35,1,1,8,1,0,0,1,71,2,1,1,98,0,0
48,481227,1,2,1,23,7,11,34,12,2,1,0,48,1,49,52,49052,5,2010,JTKKU4B45AJ0,J,T,K,K,U,4,B,4,5,A,J,0,0,P,TOYT,SXD,4H,10,17,2625,,0,969,,G,,0,0,000000000,00000000000,0,0,0,1,0,0,0,0,0,0,0,998,0,0,0,12,12,6,2,12,0,0,0,1,48,75932,6,1,0,0,3,3,999,999,0,0,0,0,0,0,0,0,0,0,51,0,0,0,1,2,70,2,2,8,1,0,0,14,10,1,1,2,50,1,0
48,481227,2,2,1,23,7,11,34,12,2,1,0,48,1,14,6,14006,4,2005,2MEFM75W75X6,2,M,E,F,M,7,5,W,7,5,X,6,0,P,MERC,MGL,4D,5,17,4094,,0,1147,,G,,0,0,000000000,00000000000,0,0,0,1,0,0,0,0,0,0,0,998,0,1,1,12,12,6,2,1,0,0,0,1,48,75966,6,1,0,0,3,3,999,999,0,0,0,0,0,0,0,0,0,0,0,0,0,0,1,2,70,3,2,8,1,0,0,14,62,1,1,1,51,1,0
48,481228,1,2,3,23,7,21,28,12,6,1,0,48,1,49,40,49040,4,2005,4T1BE32KX5U5,4,T,1,B,E,3,2,K,X,5,U,5,0,P,TOYT,XLL,4D,5,17,3108,,0,1071,,G,,0,0,000000000,00000000000,0,0,0,1,0,0,0,0,0,0,0,998,0,0,0,83,83,4,3,12,0,0,0,1,48,76012,6,1,0,0,3,3,999,999,0,0,0,0,0,0,0,0,0,0,38,0,0,0,2,4,35,1,1,8,1,0,0,4,15,1,1,1,87,1,0
48,481228,2,2,2,23,7,21,28,12,6,1,0,48,2,41,402,41402,14,2003,4F2CZ04103KM,4,F,2,C,Z,0,4,1,0,3,K,M,0,P,MAZD,TRI,UT,3,17,3292,,0,1031,,G,,0,0,000000000,00000000000,0,0,0,1,0,0,0,0,0,0,0,42,0,0,0,12,12,4,3,12,0,0,0,1,48,76010,0,0,0,0,0,0,999,999,0,0,0,0,0,0,0,0,0,1,92,0,0,0,2,4,35,1,1,8,1,0,0,1,62,6,1,1,86,0,0
48,481229,1,2,1,24,7,3,15,12,2,1,0,48,1,63,402,63402,14,2008,KNDJD7355857,K,N,D,J,D,7,3,5,5,8,5,7,0,P,KIA,SOR,UT,8,17,4068,,0,1067,,G,,0,0,000000000,00000000000,0,0,0,1,0,0,0,0,0,0,0,998,0,1,5,12,12,4,3,12,0,0,0,1,48,76543,6,1,0,0,3,3,999,999,0,2,0,0,1,6,2008,6,2009,0,28,0,0,0,1,2,60,1,1,8,1,0,0,1,54,1,1,2,52,0,1
48,481229,2,2,1,24,7,3,15,12,2,1,0,48,2,55,35,55035,4,2007,KMHDU46DX7U1,K,M,H,D,U,4,6,D,X,7,U,1,0,P,HYUN,GST,4D,7,17,2723,,0,1043,,G,,0,0,000000000,00000000000,0,0,0,1,0,0,0,0,0,0,0,998,0,0,0,12,12,4,3,12,0,0,0,1,48,76543,6,1,0,0,3,0,67,147,0,0,0,0,0,0,0,0,0,0,0,0,0,0,1,2,60,1,1,8,1,0,0,1,54,1,1,2,52,1,0
48,481230,1,2,1,24,7,15,50,12,2,1,0,48,2,76,705,76705,80,2000,JYARJ04EXYA0,J,Y,A,R,J,0,4,E,X,Y,A,0,0,M,YAMA,R6L,RS,0,17,,,,,,,599,0,0,000000000,00000000000,0,0,0,1,0,0,0,0,0,0,0,998,0,0,0,12,12,9,2,12,0,0,0,1,48,78881,6,1,0,0,3,3,999,999,0,0,0,0,0,0,0,0,0,1,33,58,0,0,1,2,55,2,1,8,1,0,0,6,6,1,4,2,50,1,0
48,481230,2,2,6,24,7,15,50,12,2,1,0,48,1,20,481,20481,31,2000,1GCEK19TXYE3,1,G,C,E,K,1,9,T,X,Y,E,3,0,T,CHEV,SK1,PC,0,17,,2,1575,1435,SIL,G,,0,0,000000000,00000000000,0,0,0,1,0,0,0,0,0,0,0,998,0,0,0,12,12,2,9,12,0,0,0,1,48,78881,6,1,0,0,3,0,999,999,0,0,0,0,0,0,0,0,0,0,0,0,0,0,1,2,55,2,1,8,1,0,0,14,62,2,1,1,51,0,0
48,481231,1,1,1,21,4,9,43,21,0,1,0,48,1,12,481,12481,31,2009,1FTPX14VX9KC,1,F,T,P,X,1,4,V,X,9,K,C,0,T,FORD,F15,4C,9,17,,2,1630,1330,COF,F,,0,0,000000000,00000000000,0,0,0,1,0,0,0,0,0,0,0,998,0,0,0,12,12,6,2,21,0,0,0,1,48,79707,6,1,0,0,3,0,999,999,0,0,0,0,0,0,0,0,0,1,58,0,0,0,4,2,55,1,1,8,1,0,0,1,13,98,1,4,1,1,0
48,481232,1,1,1,10,5,15,0,35,0,1,0,48,2,12,16,12016,4,1991,2FACP74F5MX1,2,F,A,C,P,7,4,F,5,M,X,1,0,P,FORD,CVL,4D,91,17,3841,,0,1143,,G,,0,0,000000000,00000000000,0,0,0,1,0,0,0,0,0,0,0,998,0,1,5,12,12,4,3,35,0,0,0,1,48,78573,0,0,0,0,0,0,999,999,0,0,0,0,0,0,0,0,0,1,0,0,0,0,1,2,45,1,1,8,1,0,0,1,6,7,2,4,2,1,1
48,481233,1,1,3,28,5,4,20,1,0,1,0,48,2,35,43,35043,4,1997,1N4AB41D8VC7,1,N,4,A,B,4,1,D,8,V,C,7,0,P,NISS,XGU,4D,97,17,2237,,0,998,,G,,0,0,000000000,00000000000,0,0,0,1,0,0,0,0,0,0,0,998,0,2,3,0,0,4,3,1,0,0,0,1,48,79902,6,1,0,0,3,3,999,999,0,0,0,0,0,0,0,0,0,0,58,0,0,0,2,2,65,1,1,8,1,0,0,1,12,7,1,5,6,1,0
48,481234,1,2,1,2,6,14,32,12,6,1,0,35,2,12,881,12881,61,2006,1FDXF46Y56EA,1,F,D,X,F,4,6,Y,5,6,E,A,0,T,FORD,F4D,CB,6,17,,4,2000,1410,DRW,G,,0,57,00475630,5700475630,2,1,1,1,0,0,0,0,0,0,0,998,0,0,0,12,12,4,3,12,0,0,0,1,35,88240,6,1,0,0,3,0,67,175,98,0,0,0,2,6,2008,5,2009,0,0,0,0,0,1,2,70,1,1,8,1,0,0,1,66,1,1,1,86,0,0
48,481234,2,2,2,2,6,14,32,12,6,1,0,48,2,20,481,20481,31,2008,1GCEK14X08Z1,1,G,C,E,K,1,4,X,0,8,Z,1,0,T,CHEV,SK1,PK,8,17,,2,1330,1190,SIL,G,,0,0,000000000,00000000000,0,0,0,1,0,0,0,0,0,0,0,998,0,1,5,3,3,6,2,12,0,0,1,1,48,79342,6,1,0,0,3,0,999,999,0,0,0,0,0,0,0,0,0,0,38,39,24,0,1,2,98,8,8,8,1,20,3,1,17,1,1,1,87,2,0
48,481236,1,1,1,11,6,2,18,33,0,1,0,48,1,72,706,72706,80,2000,1HD1FDV13YY6,1,H,D,1,F,D,V,1,3,Y,Y,6,0,M,HD,FHR,RS,0,17,,,,,,,1450,0,0,000000000,00000000000,0,0,0,1,0,0,0,0,0,0,0,998,0,0,0,12,12,6,2,33,0,0,0,1,48,78701,6,1,0,0,3,3,999,999,0,0,0,0,0,0,0,0,0,1,0,0,0,0,3,2,35,2,6,8,1,0,0,16,10,1,1,4,6,1,1
48,481237,1,1,1,15,6,21,36,9,0,1,0,48,2,7,442,7442,20,1998,2B4GP45G8WR6,2,B,4,G,P,4,5,G,8,W,R,6,0,P,DODG,CAR,SV,98,17,3574,,0,1133,,F,,0,0,000000000,00000000000,0,0,0,1,0,0,0,0,0,0,0,998,0,0,0,12,12,6,2,9,0,0,0,1,48,78753,1,1,0,0,2,0,999,999,1,10,0,2,2,1,2008,4,2010,0,92,23,0,0,2,3,45,1,1,8,1,2,3,1,83,1,1,1,13,0,0
48,481238,1,3,2,19,6,13,6,1,0,1,0,48,1,23,431,23431,16,2002,3GKFK16Z12G2,3,G,K,F,K,1,6,Z,1,2,G,2,0,T,GMC,KX1,4W,2,17,,2,0,1300,YUK,F,,0,0,000000000,00000000000,0,0,0,1,0,0,0,0,0,0,0,998,0,1,3,0,0,4,3,1,0,0,0,1,48,77384,6,1,6,0,3,3,999,999,0,0,0,0,0,0,0,0,0,1,80,0,0,0,3,2,70,1,1,8,1,0,0,6,1,7,3,4,2,1,0
48,481238,2,3,5,19,6,13,6,1,0,1,0,92,0,20,404,20404,14,2005,2CNDL13F4560,2,C,N,D,L,1,3,F,4,5,6,0,0,P,CHEV,EQU,UT,5,17,3660,,0,1125,,G,,0,0,000000000,00000000000,0,0,0,1,0,0,0,0,0,0,0,998,0,0,0,6,6,2,3,12,0,0,0,1,48,75088,6,1,0,0,3,0,999,999,0,0,0,0,0,0,0,0,0,0,26,58,0,0,3,2,70,1,1,8,1,0,0,6,61,9,1,2,98,0,0