STATE,ST_CASE,VEH_NO,VE_FORMS,NUMOCCS,DAY,MONTH,HOUR,MINUTE,HARM_EV,MAN_COLL,UNITTYPE,HIT_RUN,REG_STAT,OWNER,MAKE,MODEL,MAK_MOD,BODY_TYP,MOD_YEAR,VIN,VIN_1,VIN_2,VIN_3,VIN_4,VIN_5,VIN_6,VIN_7,VIN_8,VIN_9,VIN_10,VIN_11,VIN_12,TOW_VEH,VINTYPE,VINMAKE,VINA_MOD,VIN_BT,VINMODYR,VIN_LNGT,VIN_WGT,WGTCD_TR,WHLBS_LG,WHLBS_SH,SER_TR,FUELCODE,MCYCL_DS,J_KNIFE,MCARR_I1,MCARR_I2,MCARR_ID,GVWR,V_CONFIG,CARGO_BT,HAZ_INV,HAZ_PLAC,HAZ_ID,HAZ_CNO,HAZ_REL,BUS_USE,SPEC_USE,EMER_USE,TRAV_SP,UNDERIDE,ROLLOVER,ROLINLOC,IMPACT1,IMPACT2,DEFORMED,TOWED,M_HARM,VEH_SC1,VEH_SC2,FIRE_EXP,DR_PRES,L_STATE,DR_ZIP,L_STATUS,L_TYPE,CDL_STAT,L_ENDORS,L_COMPL,L_RESTRI,DR_HGT,DR_WGT,PREV_ACC,PREV_SUS,PREV_DWI,PREV_SPD,PREV_OTH,FIRST_MO,FIRST_YR,LAST_MO,LAST_YR,SPEEDREL,DR_SF1,DR_SF2,DR_SF3,DR_SF4,VTRAFWAY,VNUM_LAN,VSPD_LIM,VALIGN,VPROFILE,VPAVETYP,VSURCOND,VTRAFCON,VTCONT_F,P_CRASH1,P_CRASH2,P_CRASH3,PCRASH4,PCRASH5,ACC_TYPE,DEATHS,DR_DRINK
48,481342,2,2,2,16,8,15,23,12,6,1,0,22,1,12,481,12481,31,2008,1FTRW12WX8FA,1,F,T,R,W,1,2,W,X,8,F,A,0,T,FORD,F1S,CW,8,17,,2,1500,1390,COF,G,,0,0,000000000,00000000000,0,0,0,1,0,0,0,0,0,0,0,998,0,0,0,10,10,4,3,12,0,0,0,1,22,71449,6,1,0,0,3,3,74,210,0,0,0,0,0,0,0,0,0,0,38,0,0,0,0,0,0,0,0,0,0,0,0,11,15,1,1,1,82,1,0
48,481343,1,1,2,16,8,23,5,8,0,1,0,48,1,20,481,20481,31,1997,2GCEK19R9V12,2,G,C,E,K,1,9,R,9,V,1,2,0,T,CHEV,GK1,PC,97,17,,2,1555,1415,GM4,G,,0,0,000000000,00000000000,0,0,0,1,0,0,0,0,0,0,0,998,0,0,0,12,12,2,3,8,0,0,0,1,40,73572,6,1,6,0,3,0,81,300,0,0,0,0,0,0,0,0,0,0,0,0,0,0,2,4,45,1,1,8,1,0,0,1,80,1,1,1,13,0,0
48,481344,1,1,1,17,8,0,18,32,0,1,0,48,1,20,431,20431,16,2001,3GNEC16T71G2,3,G,N,E,C,1,6,T,7,1,G,2,0,P,CHEV,C15,UT,1,17,4914,,0,1300,,G,,0,0,000000000,00000000000,0,0,0,1,0,0,0,0,0,0,0,998,0,1,5,12,9,6,2,1,0,0,0,1,48,78264,6,1,0,0,3,0,999,999,0,0,0,0,0,0,0,0,0,1,34,0,0,0,1,2,50,2,1,8,1,0,0,6,6,99,9,4,7,1,0
48,481345,1,1,2,18,8,13,1,1,0,1,0,48,1,76,706,76706,80,2006,JYAVP17E16A0,J,Y,A,V,P,1,7,E,1,6,A,0,0,M,YAMA,X17,RS,6,17,,,,,,,1670,0,0,000000000,00000000000,0,0,0,1,0,0,0,0,0,0,0,998,0,0,0,0,99,9,3,1,0,0,0,1,48,77470,6,1,6,0,3,0,999,999,0,0,0,0,0,0,0,0,0,1,28,0,0,0,1,2,60,3,1,8,1,0,0,14,6,99,4,6,98,1,0
48,481346,1,1,1,19,8,22,21,43,0,1,0,48,1,20,39,20039,4,2004,KL1TD52624B1,K,L,1,T,D,5,2,6,2,4,B,1,0,P,CHEV,AVO,4D,4,17,2343,,0,976,,G,,0,0,000000000,00000000000,0,0,0,1,0,0,0,0,0,0,0,998,0,1,5,3,9,2,3,1,0,0,0,1,48,78629,6,1,0,0,3,3,999,999,1,0,0,0,0,12,2008,12,2008,1,83,0,0,0,1,2,60,2,2,8,1,0,0,14,87,8,4,4,8,1,1
48,481347,1,2,1,19,8,9,43,12,6,1,0,48,1,20,481,20481,31,2006,1GCHK23D56F2,1,G,C,H,K,2,3,D,5,6,F,2,0,T,CHEV,2KH,CW,6,17,,2,1670,1530,SIL,D,,0,0,000000000,00000000000,0,0,0,1,0,0,0,0,0,0,0,998,0,0,0,3,3,4,3,12,0,0,0,1,48,79088,6,1,0,0,3,0,999,999,0,0,0,0,0,0,0,0,0,0,38,0,0,0,1,4,35,1,1,8,1,3,3,11,15,1,1,1,68,0,0
48,481347,2,2,1,19,8,9,43,12,6,1,0,48,1,98,709,98709,80,2000,1A9PW22A0YC4,1,A,9,P,W,2,2,A,0,Y,C,4,0,U,,2KH,CW,0,17,,2,1670,1530,SIL,D,,0,0,000000000,00000000000,0,0,0,1,0,0,0,0,0,0,0,998,0,0,0,12,12,9,3,12,0,0,0,1,48,79423,6,1,0,0,3,0,999,999,0,0,0,2,0,8,2007,8,2009,0,38,0,0,0,1,4,35,1,1,8,1,3,3,1,62,1,1,1,69,1,0
48,481348,1,2,1,20,8,16,11,12,6,1,0,92,0,53,705,53705,80,2001,JS1GR7HA2121,J,S,1,G,R,7,H,A,2,1,2,1,0,M,SUZI,SX7,RS,1,17,,,,,,,749,0,0,000000000,00000000000,0,0,0,1,0,0,0,0,0,0,0,998,0,0,0,12,11,9,3,12,0,0,0,1,48,76691,6,1,0,0,3,0,999,999,0,1,0,3,0,3,2010,5,2010,1,34,29,0,0,1,4,40,1,1,8,1,0,0,6,98,1,1,1,71,1,0
48,481348,2,2,27,20,8,16,11,12,6,1,0,48,3,90,981,90981,50,2003,1BAAHCPA23F2,1,B,A,A,H,C,P,A,2,3,F,2,0,U,,,,3,17,,,,,,,,0,88,888888888,88888888888,3,21,22,1,0,0,0,0,1,0,0,998,0,0,0,1,1,2,3,12,0,0,0,1,48,78132,6,1,7,1,3,3,999,999,0,0,0,1,1,3,2009,11,2009,0,0,0,0,0,1,4,40,1,1,8,1,0,0,10,16,1,1,1,70,0,0
48,481349,1,1,1,20,8,1,10,1,0,1,0,48,2,20,22,20022,2,2008,1G1AK18F8872,1,G,1,A,K,1,8,F,8,8,7,2,0,P,CHEV,BLS,CP,8,17,2991,,0,1033,,G,,0,0,000000000,00000000000,0,0,0,1,0,0,0,0,0,0,0,998,0,2,5,0,9,4,3,1,0,0,0,1,48,75901,6,1,0,0,3,0,999,999,1,0,0,1,1,7,2008,8,2009,1,0,0,0,0,6,1,65,2,6,8,1,0,0,14,6,99,3,4,2,1,0
48,481350,1,2,1,20,8,6,0,12,6,1,0,48,1,20,471,20471,30,1995,1GCCS14Z6S82,1,G,C,C,S,1,4,Z,6,S,8,2,0,T,CHEV,S14,PK,95,17,,1,1179,1083,S,G,,0,0,000000000,00000000000,0,0,0,1,0,0,0,0,0,0,0,998,0,0,0,9,9,6,2,12,0,0,0,1,48,75935,6,1,0,0,3,0,999,999,0,0,0,0,0,0,0,0,0,0,38,0,0,0,1,2,99,9,9,9,99,20,3,11,15,1,1,1,82,0,0
48,481350,2,2,1,20,8,6,0,12,6,1,0,48,2,72,706,72706,80,2005,1HD4CMM105K4,1,H,D,4,C,M,M,1,0,5,K,4,0,M,HD,XLL,RS,5,17,,,,,,,883,0,0,000000000,00000000000,0,0,0,1,0,0,0,0,0,0,0,998,0,0,0,12,12,9,2,12,0,0,0,1,48,75954,6,1,0,0,2,3,999,999,0,0,0,0,0,0,0,0,0,0,0,0,0,0,1,2,65,1,1,8,1,0,0,1,67,6,1,1,83,1,0
48,481351,1,2,1,20,8,19,23,12,1,1,0,48,3,12,481,12481,31,2004,1FTRX12W14NA,1,F,T,R,X,1,2,W,1,4,N,A,0,T,FORD,F15,4C,4,17,,2,1450,1260,COF,G,,0,0,000000000,00000000000,0,0,0,1,0,0,0,0,0,0,0,0,0,0,0,6,6,2,9,12,0,0,0,1,40,78758,6,1,0,0,3,0,69,150,0,0,0,0,0,0,0,0,0,0,0,0,0,0,2,3,40,1,1,8,1,3,3,5,53,1,1,1,21,0,0
48,481351,2,2,1,20,8,19,23,12,1,1,0,48,1,76,705,76705,80,2003,JYAVM01E23A0,J,Y,A,V,M,0,1,E,2,3,A,0,0,M,YAMA,V6A,RS,3,17,,,,,,,649,0,0,000000000,00000000000,0,0,0,1,0,0,0,0,0,0,0,998,0,0,0,12,12,9,2,12,0,0,0,1,48,78741,3,1,0,0,2,0,999,999,0,0,0,0,0,0,0,0,0,1,89,0,0,0,2,3,40,1,1,8,1,3,3,1,50,1,1,1,20,1,1
48,481352,1,1,2,20,8,12,41,52,0,1,0,27,2,12,481,12481,31,1992,1FTEF14N9NKA,1,F,T,E,F,1,4,N,9,N,K,A,0,T,FORD,F15,PK,92,17,,2,1330,1170,COF,G,,0,0,000000000,00000000000,0,0,0,1,0,0,0,0,0,0,0,998,0,1,3,1,1,6,2,1,0,0,0,1,48,77901,6,1,0,0,3,0,999,999,0,0,0,0,0,0,0,0,0,0,0,0,0,0,2,2,70,1,1,8,1,0,0,1,12,1,1,4,6,1,0
48,481353,1,1,2,20,8,23,50,18,0,1,0,48,2,12,17,12017,4,1999,1FAFP53U1XA3,1,F,A,F,P,5,3,U,1,X,A,3,0,P,FORD,TSE,4D,99,17,3353,,0,1085,,G,,0,0,000000000,00000000000,0,0,0,1,0,0,0,0,0,0,0,998,0,1,5,9,9,6,2,18,0,0,0,1,48,76360,1,1,0,0,2,0,999,999,0,8,0,0,0,9,2007,6,2010,1,0,0,0,0,1,1,45,1,1,8,1,3,3,1,12,7,3,4,6,1,1
48,481354,1,2,1,27,7,8,30,12,8,1,0,48,2,20,22,20022,4,2005,1G1AL52F2575,1,G,1,A,L,5,2,F,2,5,7,5,0,P,CHEV,BLS,4D,5,17,3216,,0,1033,,G,,0,0,000000000,00000000000,0,0,0,1,0,0,0,0,0,0,0,998,0,0,0,11,11,6,2,12,0,0,0,1,48,78629,6,1,0,0,3,3,999,999,0,0,0,0,0,0,0,0,0,0,28,33,0,0,1,2,70,2,2,8,1,0,0,6,10,1,1,2,64,1,0
48,481354,2,2,1,27,7,8,30,12,8,1,0,48,3,85,881,85881,66,2001,1XKAD69X81R8,1,X,K,A,D,6,9,X,8,1,R,8,1,T,KW,T60,DS,1,17,,8,2600,1600,CON,D,,1,57,235783,57235783,3,6,4,1,0,0,0,0,0,0,0,998,0,0,0,7,7,2,3,12,0,0,0,1,48,77901,6,1,6,0,3,0,999,999,0,0,0,2,1,12,2009,7,2010,0,0,0,0,0,1,2,70,3,2,8,1,0,0,14,62,7,1,1,65,0,0
48,481355,1,2,1,27,7,16,40,12,6,1,0,48,1,7,482,7482,31,2004,3D7KA28C04G1,3,D,7,K,A,2,8,C,0,4,G,1,0,T,DODG,SQ2,CW,4,17,,2,1605,1405,RPC,D,,0,0,000000000,00000000000,0,0,0,1,0,0,0,0,0,0,0,998,0,0,0,4,12,4,3,12,0,0,0,1,48,75454,6,1,6,0,3,0,999,999,0,0,0,0,0,0,0,0,0,0,28,0,0,0,1,2,55,2,1,8,1,0,0,14,10,8,1,2,64,0,0
48,481355,2,2,1,27,7,16,40,12,6,1,0,48,1,72,706,72706,80,2003,1HD1FCW113Y6,1,H,D,1,F,C,W,1,1,3,Y,6,0,M,HD,FLU,RS,3,17,,,,,,,1450,0,0,000000000,00000000000,0,0,0,1,0,0,0,0,0,0,0,998,0,0,0,12,12,4,3,12,0,0,0,1,48,75058,6,1,0,0,3,0,999,999,0,0,0,0,0,0,0,0,0,0,0,0,0,0,1,2,55,3,1,8,1,0,0,14,62,8,1,1,65,1,0
48,481356,1,1,1,28,7,18,54,10,0,1,0,37,3,87,881,87881,66,2001,1XP5DB9X21D5,1,X,P,5,D,B,9,X,2,1,D,5,1,T,PTRB,379,DS,1,17,,8,0,0,CON,D,,1,57,86734,5786734,3,6,3,1,0,0,0,0,0,0,0,0,0,0,0,11,11,6,2,2,0,0,1,1,12,32448,6,1,6,0,3,3,70,999,0,0,0,0,0,0,0,0,0,0,41,0,0,0,1,2,30,1,1,8,1,65,3,5,98,1,1,1,98,1,0
48,481357,1,2,1,29,7,9,28,12,2,1,0,48,2,20,37,20037,4,2001,1G1NE52J7162,1,G,1,N,E,5,2,J,7,1,6,2,0,P,CHEV,M/L,4D,1,17,3051,,0,1070,,G,,0,0,000000000,00000000000,0,0,0,1,0,0,0,0,0,0,0,998,0,0,0,12,12,6,2,12,0,0,0,1,48,77511,6,1,0,0,3,0,999,999,0,0,0,0,0,0,0,0,0,0,51,0,0,0,2,4,70,1,1,8,1,0,0,1,54,1,1,1,50,1,1
48,481357,2,2,1,29,7,9,28,12,2,1,0,48,3,23,472,23472,30,2008,1GTCS39E7881,1,G,T,C,S,3,9,E,7,8,8,1,0,T,GMC,NLE,4C,8,17,,1,0,1260,CAN,G,,0,0,000000000,00000000000,0,0,0,1,0,0,0,0,0,0,0,998,0,0,0,12,12,4,3,12,0,0,0,1,48,77354,6,1,0,0,3,0,999,999,0,2,0,3,0,6,2008,10,2009,0,0,0,0,0,1,4,70,1,1,8,1,0,0,1,54,1,1,1,51,1,0
48,481358,1,1,4,30,7,5,32,11,0,1,0,48,1,12,17,12017,4,1998,1FAFP52U4WA2,1,F,A,F,P,5,2,U,4,W,A,2,0,P,FORD,TLS,4D,98,17,3359,,0,1085,,G,,0,0,000000000,00000000000,0,0,0,1,0,0,0,0,0,0,0,998,0,0,0,12,12,2,3,11,0,0,0,1,48,75862,6,1,0,0,3,0,999,999,0,0,0,0,0,0,0,0,0,0,83,0,0,0,1,2,65,1,1,8,1,0,0,1,87,1,1,1,13,1,0
48,481359,1,1,2,30,7,11,40,1,0,1,0,48,1,2,402,2402,14,1972,851113104,8,5,1,1,1,3,1,0,4,,,,0,P,,,,,,,,,,,,,0,0,000000000,00000000000,0,0,0,1,0,0,0,0,0,0,0,998,0,2,5,0,3,4,3,1,0,0,0,1,48,77320,6,1,0,0,3,0,999,999,0,0,0,0,0,0,0,0,0,0,83,0,0,0,1,2,70,3,2,8,1,0,0,14,87,7,4,4,3,1,0
48,481360,1,1,1,3,7,5,49,8,0,1,0,48,1,12,422,12422,15,2002,1FMRU15L42LA,1,F,M,R,U,1,5,L,4,2,L,A,0,P,FORD,EPT,UT,2,17,4891,,0,1191,,G,,0,0,000000000,00000000000,0,0,0,1,0,0,0,0,0,0,0,998,0,0,0,12,12,4,3,8,0,0,0,1,48,78109,6,1,0,0,3,3,999,999,0,0,0,0,0,0,0,0,0,0,86,0,0,0,1,2,45,1,1,8,1,0,0,1,80,1,1,1,13,0,0
48,481361,1,4,1,9,7,21,30,12,1,1,0,48,2,18,2,18002,4,1998,1G4HP52K0WH5,1,G,4,H,P,5,2,K,0,W,H,5,0,P,BUIC,LCF,4D,98,17,3348,,0,1108,,G,,0,0,000000000,00000000000,0,0,0,1,0,0,0,0,0,0,0,998,0,0,0,12,12,6,2,12,0,0,0,1,48,75601,1,1,0,0,2,0,999,999,0,4,1,0,1,10,2008,6,2010,1,51,28,0,0,5,4,55,3,1,8,1,0,0,14,51,1,1,1,24,1,1
48,481361,2,4,2,9,7,21,30,12,1,1,0,48,2,23,472,23472,30,2006,1GTCS1368681,1,G,T,C,S,1,3,6,8,6,8,1,0,T,GMC,CAN,CW,6,17,,1,0,1260,CAN,G,,0,0,000000000,00000000000,0,0,0,1,0,0,0,0,0,0,0,998,0,0,0,6,6,6,2,12,0,0,0,1,48,75633,6,1,7,0,3,0,999,999,0,0,0,0,0,0,0,0,0,0,0,0,0,0,5,4,55,3,1,8,1,0,0,14,53,1,1,1,25,0,0
48,481361,3,4,8,9,7,21,30,12,1,1,0,48,1,13,421,13421,15,2004,5LMFU27R94LJ,5,L,M,F,U,2,7,R,9,4,L,J,0,P,LINC,NAV,UT,4,17,5714,,0,1190,,G,,0,0,000000000,00000000000,0,0,0,1,0,0,0,0,0,0,0,998,0,0,0,12,12,6,2,12,0,0,0,1,48,75693,6,1,0,0,3,0,999,999,0,0,0,0,0,0,0,0,0,0,0,0,0,0,5,4,55,2,1,8,1,0,0,14,62,1,1,1,98,0,0
48,481361,4,4,1,9,7,21,30,12,1,1,0,48,1,12,17,12017,4,1999,1FAFP53U8XA2,1,F,A,F,P,5,3,U,8,X,A,2,0,P,FORD,TSE,4D,99,17,3353,,0,1085,,G,,0,0,000000000,00000000000,0,0,0,1,0,0,0,0,0,0,0,998,0,0,0,12,12,2,3,12,0,0,0,1,48,75693,6,1,0,0,3,3,999,999,0,2,0,0,0,10,2007,11,2007,0,0,0,0,0,5,4,55,2,1,8,1,0,0,14,62,6,1,2,98,0,0
48,481362,1,1,4,18,7,5,45,38,0,1,1,48,2,20,481,20481,31,2000,1GCEC14V9YZ2,1,G,C,E,C,1,4,V,9,Y,Z,2,0,T,CHEV,SC1,PK,0,17,,2,1330,1190,SIL,G,,0,0,000000000,00000000000,0,0,0,1,0,0,0,0,0,0,0,998,0,0,0,1,1,6,2,38,0,0,0,1,48,79763,6,1,0,0,3,0,999,999,0,0,0,2,0,5,2008,2,2009,1,37,0,0,0,1,2,35,1,1,8,1,0,0,1,13,1,1,4,1,1,1
48,481363,1,2,1,19,7,16,35,24,0,1,0,48,1,12,481,12481,31,1994,1FTEX15N8RKB,1,F,T,E,X,1,5,N,8,R,K,B,0,T,FORD,F15,PS,94,17,,2,1550,1390,COF,G,,0,0,000000000,00000000000,0,0,0,1,0,0,0,0,0,0,0,998,0,0,0,12,12,6,2,12,0,0,0,1,48,77619,6,1,0,0,3,0,999,999,0,0,0,0,0,0,0,0,0,0,0,0,0,0,1,2,55,1,1,8,1,0,0,1,13,1,1,4,1,1,1
48,481363,2,2,1,19,7,16,35,24,0,1,0,48,1,20,481,20481,31,1998,1GCEK19R3WR1,1,G,C,E,K,1,9,R,3,W,R,1,0,T,CHEV,GK1,PC,98,17,,2,1555,1415,GM4,G,,0,0,000000000,00000000000,0,0,0,1,0,0,0,0,0,0,0,998,0,0,0,12,12,6,2,12,0,0,0,1,48,77642,6,1,0,0,3,0,999,999,0,4,1,0,0,1,2008,7,2009,0,0,0,0,0,1,2,55,1,1,8,1,0,0,1,62,1,1,1,98,0,0
48,481364,1,2,3,20,7,8,33,12,6,1,0,48,2,20,421,20421,15,1996,1GNCS13W1T22,1,G,N,C,S,1,3,W,1,T,2,2,0,P,CHEV,BZR,UT,96,17,3691,,0,1070,,G,,0,0,000000000,00000000000,0,0,0,1,0,0,0,0,0,0,0,998,0,1,5,12,12,6,2,12,32,0,0,1,48,79830,6,1,0,0,3,0,999,999,0,0,0,0,0,0,0,0,0,0,39,36,0,0,1,2,99,1,9,9,99,20,3,1,17,1,1,1,88,0,0
48,481364,2,2,1,20,7,8,33,12,6,1,0,48,3,12,481,12481,31,2007,1FTPX14V57KC,1,F,T,P,X,1,4,V,5,7,K,C,0,T,FORD,F15,4C,7,17,,2,1630,1330,COF,F,,0,0,000000000,00000000000,0,0,0,1,0,0,0,0,0,0,0,998,0,1,5,9,9,6,2,12,0,0,0,1,48,79714,6,1,0,0,3,0,999,999,0,0,0,0,0,0,0,0,0,0,0,0,0,0,2,2,70,1,1,8,1,0,0,1,17,1,1,1,89,1,0
48,481365,1,2,2,24,7,17,10,12,6,1,0,48,1,7,43,7043,2,2001,4B3AG42H41E1,4,B,3,A,G,4,2,H,4,1,E,1,0,P,DODG,SSE,2P,1,17,2921,,0,1037,,G,,0,0,000000000,00000000000,0,0,0,1,0,0,0,0,0,0,0,998,0,0,0,2,2,6,2,12,0,0,0,1,48,79718,6,1,0,0,3,0,999,999,0,0,0,0,0,0,0,0,0,1,28,87,0,0,1,2,99,1,1,8,2,0,0,1,6,99,4,2,64,1,0
48,481365,2,2,3,24,7,17,10,12,6,1,0,48,1,20,471,20471,30,2002,1GCCT19W7281,1,G,C,C,T,1,9,W,7,2,8,1,0,T,CHEV,S14,3C,2,17,,1,0,1229,S,G,,0,0,000000000,00000000000,0,0,0,1,0,0,0,0,0,0,0,998,0,0,0,12,12,4,3,12,0,0,0,1,48,79705,6,1,0,0,3,3,999,999,0,0,0,0,0,0,0,0,0,0,0,0,0,0,1,2,99,1,1,8,2,0,0,1,62,1,1,1,65,1,0
48,481366,1,1,3,25,7,23,0,35,0,1,0,48,1,7,482,7482,31,1996,3B7KF23Z2TM1,3,B,7,K,F,2,3,Z,2,T,M,1,0,T,DODG,250,PC,96,17,,2,1547,1387,RPC,G,,0,0,000000000,00000000000,0,0,0,1,0,0,0,0,0,0,0,998,0,1,5,99,9,4,3,1,0,0,0,1,48,73932,6,1,0,0,3,0,999,999,1,0,0,0,0,12,2007,12,2007,1,58,0,0,0,1,2,55,3,1,8,1,0,0,14,13,6,3,4,1,1,0
48,481367,1,2,1,25,7,13,25,12,6,1,0,92,0,7,482,7482,31,2007,3D7MX48C67G7,3,D,7,M,X,4,8,C,6,7,G,7,1,T,DODG,SQ3,CW,7,17,,3,0,1600,RPC,D,,1,0,000000000,00000000000,0,0,0,1,0,0,0,0,0,0,0,998,0,0,0,9,9,4,3,12,0,0,0,1,48,75833,6,1,0,0,3,0,999,999,0,0,0,0,0,0,0,0,0,0,48,0,0,0,1,2,70,1,1,8,1,0,0,11,15,1,1,1,72,1,0
48,481367,2,2,1,25,7,13,25,12,6,1,0,39,3,82,881,82881,66,2010,1FUJGLDR8ALA,1,F,U,J,G,L,D,R,8,A,L,A,1,T,FRHT,125,DS,10,17,,8,0,0,CSC,D,,1,57,00188891,5700188891,3,6,1,1,0,0,0,0,0,0,0,998,0,0,0,12,12,2,3,12,0,0,0,1,48,76401,6,1,6,0,3,0,999,999,0,0,0,0,0,0,0,0,0,0,0,0,0,0,1,2,70,1,1,8,1,0,0,6,60,99,1,1,73,0,0
48,481368,1,2,3,25,7,16,30,12,2,1,0,48,1,22,2,22002,4,2004,1G2HX52K04U2,1,G,2,H,X,5,2,K,0,4,U,2,0,P,PONT,BVS,4D,4,17,3633,,0,1122,,G,,0,0,000000000,00000000000,0,0,0,1,0,0,0,0,0,0,0,998,0,0,0,12,12,6,2,12,0,0,0,1,48,76063,3,1,0,0,2,0,999,999,0,0,0,0,0,0,0,0,0,0,51,0,0,0,1,2,40,1,2,8,1,0,0,1,54,1,1,1,52,1,0
48,481368,2,2,1,25,7,16,30,12,2,1,0,48,1,23,421,23421,15,1995,1GKEK13K7SJ7,1,G,K,E,K,1,3,K,7,S,J,7,0,T,GMC,YUK,4W,95,17,3633,2,0,1175,YUK,G,,0,0,000000000,00000000000,0,0,0,1,0,0,0,0,0,0,0,998,0,9,5,12,12,6,2,12,0,0,0,1,48,76017,6,1,0,0,3,0,999,999,0,0,0,0,0,0,0,0,0,0,0,0,0,0,1,2,40,1,2,8,1,0,0,1,54,1,1,1,52,0,0
48,481369,1,2,1,27,7,17,15,12,2,1,0,92,0,82,881,82881,66,2010,1FUJGHDV1ALA,1,F,U,J,G,H,D,V,1,A,L,A,1,T,FRHT,113,DS,10,17,,8,0,0,CSC,D,,1,57,80806,5780806,3,6,1,1,0,0,0,0,0,0,0,998,0,0,0,12,12,4,3,12,0,0,0,1,48,76230,6,1,6,0,3,0,999,999,0,0,0,0,0,0,0,0,0,0,0,0,0,0,1,2,55,1,1,8,1,0,0,1,62,7,1,4,51,0,0
48,481369,2,2,1,27,7,17,15,12,2,1,0,48,1,2,404,2404,14,1994,1J4FT28S3RL2,1,J,4,F,T,2,8,S,3,R,L,2,0,T,JEEP,CSE,4W,94,17,,1,0,1014,CHK,G,,0,0,000000000,00000000000,0,0,0,1,0,0,0,0,0,0,0,998,0,0,0,12,12,4,3,12,0,0,0,1,48,75109,6,1,0,0,3,0,999,999,0,2,0,1,0,2,2008,4,2009,1,28,58,51,0,1,2,55,2,1,8,1,0,0,14,10,7,2,4,50,1,1
48,481370,1,1,1,30,7,15,48,42,0,1,0,48,1,63,402,63402,14,2006,KNDJD7336656,K,N,D,J,D,7,3,3,6,6,5,6,0,P,KIA,SOR,UT,6,17,4112,,0,1067,,G,,0,0,000000000,00000000000,0,0,0,1,0,0,0,0,0,0,0,998,0,1,5,12,12,4,3,42,0,0,0,1,48,77871,6,1,0,0,3,3,999,999,0,0,0,0,0,0,0,0,0,0,58,0,0,0,1,2,70,3,1,2,1,0,0,14,13,6,4,4,7,1,0
48,481372,1,1,1,1,8,4,0,33,0,1,0,48,2,24,1,24001,4,2001,1G8ZK52761Z3,1,G,8,Z,K,5,2,7,6,1,Z,3,0,P,STRN,SL2,4D,1,17,2426,,0,1024,,G,,0,0,000000000,00000000000,0,0,0,1,0,0,0,0,0,0,0,998,0,0,0,14,14,6,2,42,0,0,0,1,48,77096,6,1,0,0,3,0,999,999,0,0,0,1,0,5,2009,5,2009,1,0,0,0,0,3,2,30,1,1,1,1,0,0,1,6,1,4,4,7,1,1
48,481373,1,1,1,1,8,1,25,1,0,1,0,48,1,12,401,12401,14,1992,1FMDU32X3NUA,1,F,M,D,U,3,2,X,3,N,U,A,0,P,FORD,EPR,UT,92,17,3675,,0,1120,,G,,0,0,000000000,00000000000,0,0,0,1,0,0,0,0,0,0,0,998,0,2,1,0,3,4,3,1,0,0,0,1,48,77498,6,1,6,0,3,0,999,999,1,0,0,1,0,6,2008,6,2009,0,28,58,0,0,1,2,60,3,1,8,1,0,0,14,13,6,4,6,98,1,1
48,481374,1,2,1,2,8,4,52,12,2,1,0,48,1,20,22,20022,2,2006,1G1AK18F2678,1,G,1,A,K,1,8,F,2,6,7,8,0,P,CHEV,BLS,CP,6,17,2991,,0,1033,,G,,0,0,000000000,00000000000,0,0,0,1,0,0,0,0,0,0,0,998,0,0,0,12,12,4,3,12,0,0,0,1,48,77521,6,1,0,0,3,3,999,999,0,0,0,0,0,0,0,0,0,0,38,0,0,0,0,0,0,0,0,0,0,0,0,11,15,1,1,1,82,0,0
48,481374,2,2,1,2,8,4,52,12,2,1,0,48,1,2,402,2402,14,1984,1JCCM87A5ET1,1,J,C,C,M,8,7,A,5,E,T,1,0,T,AMER,CJ7,UT,84,17,,1,0,935,JEE,G,,0,0,000000000,00000000000,0,0,0,1,0,0,0,0,0,0,0,998,0,1,5,12,9,4,3,1,0,0,0,1,48,77520,6,1,7,0,3,0,999,999,0,0,0,1,0,10,2008,10,2008,0,0,0,0,0,1,2,65,1,1,8,1,0,0,1,72,6,2,2,83,1,0
48,481375,1,1,7,5,8,3,0,5,0,1,0,48,2,2,403,2403,14,2005,1J4FA29185P3,1,J,4,F,A,2,9,1,8,5,P,3,0,T,JEEP,SEW,2W,5,17,,1,0,934,W/T,G,,0,0,000000000,00000000000,0,0,0,1,0,0,0,0,0,0,0,998,0,0,0,0,0,0,3,7,0,0,0,1,48,75140,6,1,0,0,3,0,999,999,0,0,0,1,0,1,2008,1,2008,0,0,0,0,0,1,2,60,1,1,8,1,0,0,1,98,1,1,1,0,1,1
48,481377,1,1,5,7,8,7,45,42,0,1,0,48,2,12,17,12017,4,2003,1FAFP53U53A1,1,F,A,F,P,5,3,U,5,3,A,1,0,P,FORD,TSE,4D,3,17,3336,,0,1085,,G,,0,0,000000000,00000000000,0,0,0,1,0,0,0,0,0,0,0,998,0,0,0,1,1,6,2,42,0,0,0,1,48,76112,0,0,0,0,0,0,999,999,0,0,0,0,0,0,0,0,0,0,0,0,0,0,3,2,70,1,2,8,1,0,0,1,1,1,2,4,2,3,0