STATE,ST_CASE,VEH_NO,VE_FORMS,NUMOCCS,DAY,MONTH,HOUR,MINUTE,HARM_EV,MAN_COLL,UNITTYPE,HIT_RUN,REG_STAT,OWNER,MAKE,MODEL,MAK_MOD,BODY_TYP,MOD_YEAR,VIN,VIN_1,VIN_2,VIN_3,VIN_4,VIN_5,VIN_6,VIN_7,VIN_8,VIN_9,VIN_10,VIN_11,VIN_12,TOW_VEH,VINTYPE,VINMAKE,VINA_MOD,VIN_BT,VINMODYR,VIN_LNGT,VIN_WGT,WGTCD_TR,WHLBS_LG,WHLBS_SH,SER_TR,FUELCODE,MCYCL_DS,J_KNIFE,MCARR_I1,MCARR_I2,MCARR_ID,GVWR,V_CONFIG,CARGO_BT,HAZ_INV,HAZ_PLAC,HAZ_ID,HAZ_CNO,HAZ_REL,BUS_USE,SPEC_USE,EMER_USE,TRAV_SP,UNDERIDE,ROLLOVER,ROLINLOC,IMPACT1,IMPACT2,DEFORMED,TOWED,M_HARM,VEH_SC1,VEH_SC2,FIRE_EXP,DR_PRES,L_STATE,DR_ZIP,L_STATUS,L_TYPE,CDL_STAT,L_ENDORS,L_COMPL,L_RESTRI,DR_HGT,DR_WGT,PREV_ACC,PREV_SUS,PREV_DWI,PREV_SPD,PREV_OTH,FIRST_MO,FIRST_YR,LAST_MO,LAST_YR,SPEEDREL,DR_SF1,DR_SF2,DR_SF3,DR_SF4,VTRAFWAY,VNUM_LAN,VSPD_LIM,VALIGN,VPROFILE,VPAVETYP,VSURCOND,VTRAFCON,VTCONT_F,P_CRASH1,P_CRASH2,P_CRASH3,PCRASH4,PCRASH5,ACC_TYPE,DEATHS,DR_DRINK
48,481378,1,3,2,8,8,1,35,12,6,1,0,48,1,12,422,12422,15,2000,1FMRU1562YLA,1,F,M,R,U,1,5,6,2,Y,L,A,0,P,FORD,EPT,UT,0,17,4886,,0,1191,,G,,0,0,000000000,00000000000,0,0,0,1,0,0,0,0,0,0,0,998,0,0,0,9,12,6,2,12,0,0,0,1,48,75208,6,1,0,0,3,0,999,999,0,0,0,0,0,0,0,0,0,1,39,0,0,0,2,3,35,1,2,8,1,3,3,1,17,1,1,1,89,0,1
48,481378,2,3,1,8,8,1,35,12,6,1,0,48,1,14,6,14006,4,1995,2MELM75WXSX6,2,M,E,L,M,7,5,W,X,S,X,6,0,P,MERC,MGL,4D,95,17,3796,,0,1144,,G,,0,0,000000000,00000000000,0,0,0,1,0,0,0,0,0,0,0,998,0,0,0,12,12,4,3,12,0,0,0,1,48,75228,6,1,0,0,3,0,999,999,0,0,0,0,0,0,0,0,0,0,0,0,0,0,2,3,99,1,9,9,99,3,3,1,17,4,1,1,88,0,0
48,481378,3,3,4,8,8,1,35,12,6,1,0,48,2,12,422,12422,15,2000,1FMRU15LXYLC,1,F,M,R,U,1,5,L,X,Y,L,C,0,P,FORD,EPT,UT,0,17,4886,,0,1191,,G,,0,0,000000000,00000000000,0,0,0,1,0,0,0,0,0,0,0,998,0,0,0,11,11,6,2,12,0,0,0,1,48,75217,0,0,0,0,0,0,999,999,0,0,0,0,0,0,0,0,0,0,0,0,0,0,2,3,99,1,9,9,99,3,3,11,15,99,1,1,98,1,0
48,481379,1,2,5,8,8,3,54,12,2,1,1,48,2,20,421,20421,15,2004,1GNEC13Z14J3,1,G,N,E,C,1,3,Z,1,4,J,3,0,P,CHEV,CTA,UT,4,17,4828,,0,1160,,F,,0,0,000000000,00000000000,0,0,0,1,0,0,0,0,0,0,0,998,0,0,0,12,12,9,1,12,0,0,0,1,48,75056,0,0,0,0,0,0,999,999,0,0,0,0,0,0,0,0,0,0,38,0,0,0,2,3,45,1,1,8,1,3,3,11,15,1,1,1,68,0,1
48,481379,2,2,2,8,8,3,54,12,2,1,0,48,1,72,706,72706,80,2005,1HD1GNW165K3,1,H,D,1,G,N,W,1,6,5,K,3,0,M,HD,DLI,RS,5,17,,,,,,,1450,0,0,000000000,00000000000,0,0,0,1,0,0,0,0,0,0,0,998,0,0,0,12,12,9,2,12,0,0,0,1,48,76006,4,1,0,0,2,0,999,999,0,1,0,1,2,2,2008,2,2009,1,0,0,0,0,2,3,45,1,1,8,1,3,3,1,17,1,1,1,69,1,1
48,481380,1,2,1,8,8,3,24,12,6,1,0,48,1,20,431,20431,16,1995,1GNEC16K7SJ3,1,G,N,E,C,1,6,K,7,S,J,3,0,P,CHEV,C15,UT,95,17,4691,,0,1315,,G,,0,0,000000000,00000000000,0,0,0,1,0,0,0,0,0,0,0,998,0,0,0,12,12,6,2,2,0,0,1,1,48,79029,1,1,0,0,2,0,999,999,0,4,0,0,0,2,2008,3,2010,0,28,0,0,0,1,2,65,1,1,8,1,0,0,1,10,7,1,2,64,1,1
48,481380,2,2,2,8,8,3,24,12,6,1,0,6,3,51,881,51881,66,2007,4V4NC9TH47N4,4,V,4,N,C,9,T,H,4,7,N,4,2,T,VOLV,VNL,DS,7,17,,8,0,0,VVN,D,,3,57,00020293,5700020293,3,7,1,1,0,0,0,0,0,0,0,998,0,0,0,1,1,6,2,12,0,0,0,1,8,80021,6,1,6,1,3,0,69,220,0,0,0,0,0,0,0,0,0,0,0,0,0,0,1,2,65,1,1,8,1,0,0,1,62,6,9,2,65,0,0
48,481381,1,1,5,9,8,20,56,59,0,1,0,48,2,12,401,12401,14,1999,1FMZU32P3XZB,1,F,M,Z,U,3,2,P,3,X,Z,B,0,P,FORD,EPR,UT,99,17,3891,,0,1116,,G,,0,0,000000000,00000000000,0,0,0,1,0,0,0,0,0,0,0,998,0,9,5,2,2,2,3,1,0,0,0,1,99,99999,9,9,99,0,9,9,999,999,99,99,99,99,99,99,9999,99,9999,0,0,0,0,0,2,2,99,1,1,1,1,0,0,1,13,6,4,4,2,1,1
48,481382,1,2,1,9,8,20,50,12,1,1,0,48,1,23,481,23481,31,2007,3GTEK13327G5,3,G,T,E,K,1,3,3,2,7,G,5,0,T,GMC,NK1,CW,7,17,,2,0,1435,SIE,F,,0,0,000000000,00000000000,0,0,0,1,0,0,0,0,0,0,0,998,0,0,0,12,12,4,3,12,0,0,0,1,48,76028,6,1,0,0,3,3,999,999,0,0,0,2,0,10,2008,2,2009,1,91,0,0,0,2,2,65,1,2,8,1,0,0,1,52,1,1,1,28,0,0
48,481382,2,2,3,9,8,20,50,12,1,1,0,48,2,49,32,49032,4,2005,JTDBR32E7520,J,T,D,B,R,3,2,E,7,5,2,0,0,P,TOYT,EEL,4D,5,17,2530,,0,1024,,G,,0,0,000000000,00000000000,0,0,0,1,0,0,0,0,0,0,0,998,0,0,0,6,6,4,3,12,0,0,0,1,48,75766,6,1,0,0,3,3,999,999,0,0,0,0,0,0,0,0,0,0,0,0,0,0,2,2,65,1,2,8,1,0,0,2,53,1,1,1,29,1,0
48,481383,1,2,2,9,8,18,9,12,6,1,0,48,1,49,32,49032,4,2008,1NXBR32E98Z0,1,N,X,B,R,3,2,E,9,8,Z,0,0,P,TOYT,UCS,4D,8,17,2530,,0,1024,,G,,0,0,000000000,00000000000,0,0,0,1,0,0,0,0,0,0,0,998,0,0,0,9,9,6,2,12,0,0,0,1,48,77426,6,1,0,0,3,3,999,999,1,0,0,0,1,10,2007,10,2007,0,38,0,0,0,4,1,98,1,1,8,1,20,3,4,17,1,1,1,89,1,0
48,481383,2,2,1,9,8,18,9,12,6,1,0,48,2,62,421,62421,15,1995,SALHF1345SA6,S,A,L,H,F,1,3,4,5,S,A,6,0,T,LNDR,LWB,4W,95,17,,2,0,1080,RRV,G,,0,0,000000000,00000000000,0,0,0,1,0,0,0,0,0,0,0,998,0,0,0,12,12,4,3,12,0,0,0,1,48,78704,6,1,0,0,3,3,999,999,0,0,0,0,0,0,0,0,0,0,0,0,0,0,3,2,98,1,1,8,1,0,0,1,66,1,1,1,88,0,0
48,481384,1,3,1,11,8,6,3,12,1,1,0,48,1,85,881,85881,66,2000,1XKDD69X3YR8,1,X,K,D,D,6,9,X,3,Y,R,8,1,T,KW,T80,DS,0,17,,8,2600,1600,CON,D,,1,57,1945333,571945333,3,6,8,1,0,0,0,0,0,0,0,0,0,0,0,6,6,4,3,12,0,0,0,1,48,76249,6,1,6,0,3,3,999,999,0,0,0,0,0,0,0,0,0,0,0,0,0,0,1,2,65,1,2,8,1,0,0,5,53,1,1,1,22,0,0
48,481384,2,3,1,11,8,6,3,12,1,1,0,40,2,7,482,7482,31,1998,2B6HB11X8WK1,2,B,6,H,B,1,1,X,8,W,K,1,0,T,DODG,15B,IC,98,17,,2,1272,1096,RMV,G,,0,0,000000000,00000000000,0,0,0,1,0,0,0,0,0,0,0,998,0,0,0,12,12,6,2,12,0,0,0,1,48,76201,6,1,0,0,3,0,999,999,0,2,0,2,0,8,2007,12,2009,1,0,0,0,0,1,2,65,1,2,8,1,0,0,1,50,1,1,1,20,1,0
48,481384,3,3,1,11,8,6,3,12,1,1,0,48,1,20,2,20002,4,2005,2G1WH52K6593,2,G,1,W,H,5,2,K,6,5,9,3,0,P,CHEV,IPL,4D,5,17,3466,,0,1105,,G,,0,0,000000000,00000000000,0,0,0,1,0,0,0,0,0,0,0,998,0,0,0,12,12,4,3,12,0,0,0,1,48,75034,0,0,0,0,0,0,999,999,0,0,0,0,0,0,0,0,0,1,0,0,0,0,1,2,65,1,2,8,1,0,0,1,50,1,1,1,98,0,0
48,481385,1,1,1,11,8,0,49,42,0,1,0,48,2,20,481,20481,31,1986,2GCDC14H2G11,2,G,C,D,C,1,4,H,2,G,1,1,0,T,CHEV,C10,PK,86,17,,1,1315,1175,C10,G,,0,0,000000000,00000000000,0,0,0,1,0,0,0,0,0,0,0,998,0,0,0,12,12,6,2,42,0,0,0,1,96,78744,0,0,0,0,0,0,999,999,99,99,99,99,99,99,9999,99,9999,1,0,0,0,0,3,3,65,1,1,8,1,0,0,1,12,1,7,4,6,1,1
48,481386,1,2,3,13,8,17,5,12,6,1,0,48,1,14,37,14037,4,1999,1MEFM6533XK6,1,M,E,F,M,6,5,3,3,X,K,6,0,P,MERC,MSP,4D,99,17,2805,,0,1065,,G,,0,0,000000000,00000000000,0,0,0,1,0,0,0,0,0,0,0,998,0,0,0,3,3,4,3,12,0,0,0,1,48,75701,6,1,0,0,3,3,999,999,0,0,0,0,1,11,2009,11,2009,0,38,0,0,0,5,4,45,1,1,8,1,0,0,11,15,1,1,1,68,1,0
48,481386,2,2,1,13,8,17,5,12,6,1,0,48,1,12,3,12003,2,2011,1ZVBP8AM7B51,1,Z,V,B,P,8,A,M,7,B,5,1,0,P,FORD,MUS,CP,11,17,3401,,0,1071,,G,,0,0,000000000,00000000000,0,0,0,1,0,0,0,0,0,0,0,998,0,0,0,12,12,4,3,12,0,0,0,1,48,75703,6,1,0,0,3,3,999,999,0,0,0,0,0,0,0,0,0,0,0,0,0,0,5,4,45,1,1,8,1,0,0,1,62,1,1,1,69,0,0
48,481387,1,1,4,14,8,2,31,1,0,1,0,48,1,7,482,7482,31,2006,3D7LX38C66G2,3,D,7,L,X,3,8,C,6,6,G,2,0,T,DODG,SQ3,CW,6,17,,2,1605,1405,RPC,D,,0,0,000000000,00000000000,0,0,0,1,0,0,0,0,0,0,0,998,0,2,3,0,3,6,2,1,0,0,0,1,48,75602,6,1,6,0,3,3,999,999,1,0,0,1,0,2,2008,12,2008,0,58,0,0,0,3,2,65,3,2,8,1,0,0,14,13,6,4,4,2,1,1
48,481388,1,1,4,14,8,8,14,35,0,1,0,48,2,35,402,35402,14,2002,5N1MD28T12C5,5,N,1,M,D,2,8,T,1,2,C,5,0,P,NISS,XTR,UT,2,17,3761,,0,1043,,G,,0,0,000000000,00000000000,0,0,0,1,0,0,0,0,0,0,0,998,0,0,0,12,12,6,2,35,0,0,0,1,48,76020,0,0,0,0,0,0,999,999,0,0,0,0,0,0,0,0,0,1,0,0,0,0,3,2,70,1,1,8,1,0,0,1,12,1,1,4,6,2,0
48,481389,1,1,3,14,8,20,39,8,0,1,0,48,1,12,481,12481,31,2010,1FTSF2BR3AEA,1,F,T,S,F,2,B,R,3,A,E,A,0,T,FORD,F2S,PK,10,17,,2,0,1370,SRW,D,,0,0,000000000,00000000000,0,0,0,1,0,0,0,0,0,0,0,998,0,0,0,12,12,2,1,8,0,0,0,1,29,79360,6,1,0,0,3,0,72,190,0,2,0,0,0,4,2009,4,2010,0,86,0,0,0,3,3,65,1,1,8,1,0,0,1,80,1,1,1,13,0,0
48,481390,1,1,1,14,8,6,3,18,0,1,0,48,1,7,472,7472,30,1999,1B7FL26P5XS3,1,B,7,F,L,2,6,P,5,X,S,3,0,T,DODG,DAK,PK,99,17,,1,1239,1119,DAK,G,,0,0,000000000,00000000000,0,0,0,1,0,0,0,0,0,0,0,998,0,0,0,12,12,4,3,42,0,0,0,1,48,78336,6,1,0,0,3,0,999,999,0,0,0,0,0,0,0,0,0,0,0,0,0,0,1,4,55,3,1,8,1,0,0,14,13,1,1,4,1,1,0
48,481391,1,2,2,14,8,21,2,12,6,1,0,48,1,13,1,13001,4,2007,1LNHM82W67Y6,1,L,N,H,M,8,2,W,6,7,Y,6,0,P,LINC,SGL,4D,7,17,4345,,0,1177,,G,,0,0,000000000,00000000000,0,0,0,1,0,0,0,0,0,0,0,998,0,0,0,12,12,6,2,12,0,0,0,1,48,77033,6,1,0,0,3,0,999,999,0,0,0,0,0,0,0,0,0,0,0,0,0,0,5,4,65,1,2,8,1,0,0,1,62,1,1,1,66,0,0
48,481391,2,2,1,14,8,21,2,12,6,1,0,48,1,22,20,22020,4,2008,2G2WP5522811,2,G,2,W,P,5,5,2,2,8,1,1,0,P,PONT,GRA,4D,8,17,3477,,0,1105,,G,,0,0,000000000,00000000000,0,0,0,1,0,0,0,0,0,0,0,998,0,0,0,9,9,6,2,12,0,0,0,1,48,75455,6,1,0,0,3,0,999,999,0,0,0,1,0,7,2008,7,2008,1,51,0,0,0,5,4,65,1,2,8,1,0,0,1,10,99,3,2,66,1,0
48,481392,1,1,1,14,8,21,31,32,0,1,0,92,0,53,705,53705,80,2006,JS1GN7DA8621,J,S,1,G,N,7,D,A,8,6,2,1,0,M,SUZI,K6R,RS,6,17,,,,,,,599,0,0,000000000,00000000000,0,0,0,1,0,0,0,0,0,0,0,998,0,0,0,12,12,9,2,32,0,0,0,1,6,92324,0,0,0,0,0,0,72,214,0,0,0,0,0,0,0,0,0,1,37,0,0,0,6,1,70,2,1,8,1,40,3,14,12,1,1,4,6,1,0
48,481394,1,2,1,16,8,8,31,12,2,1,0,48,1,7,482,7482,31,2002,1B7HU18N42J1,1,B,7,H,U,1,8,N,4,2,J,1,0,T,DODG,Q15,CW,2,17,,2,1605,1405,RPC,G,,0,0,000000000,00000000000,0,0,0,1,0,0,0,0,0,0,0,998,0,0,0,12,12,4,3,12,0,0,0,1,48,76513,6,1,6,0,3,3,999,999,0,3,0,0,0,12,2008,12,2009,0,48,26,38,0,1,2,45,1,1,8,1,0,0,11,16,1,1,2,68,0,0
48,481394,2,2,1,16,8,8,31,12,2,1,0,48,1,37,706,37706,80,2006,JH2RC50416M2,J,H,2,R,C,5,0,4,1,6,M,2,0,M,HOND,VCA,RS,6,17,,,,,,,750,0,0,000000000,00000000000,0,0,0,1,0,0,0,0,0,0,0,998,0,0,0,12,12,9,2,12,0,0,0,1,48,76548,6,1,0,0,3,0,999,999,0,0,0,0,0,0,0,0,0,0,0,0,0,0,1,2,45,1,1,8,1,0,0,1,62,1,1,1,69,1,0
48,481395,1,2,0,17,8,12,6,12,1,1,0,48,6,23,881,23881,66,1995,4V1WDBRH6SN6,4,V,1,W,D,B,R,H,6,S,N,6,1,T,WHGM,WIA,DS,95,17,,8,0,0,ARO,D,,1,57,1988160,571988160,3,6,2,1,0,0,0,0,0,0,0,0,0,0,0,6,6,2,3,12,0,0,0,0,,,,,,,,,999,,,,,,,,,,,,54,0,0,0,3,3,60,1,1,8,1,0,0,0,53,0,0,0,32,0,0
48,481395,2,2,2,17,8,12,6,12,1,1,0,48,2,20,431,20431,16,2003,1GNEC16Z23J2,1,G,N,E,C,1,6,Z,2,3,J,2,0,P,CHEV,C15,UT,3,17,4914,,0,1300,,F,,0,0,000000000,00000000000,0,0,0,1,0,0,0,0,0,0,0,998,0,0,0,12,12,6,2,12,0,0,0,1,48,78570,6,1,0,0,3,0,999,999,0,0,0,0,0,0,0,0,0,1,0,0,0,0,3,3,60,1,1,8,1,0,0,1,50,1,1,1,32,1,0
48,481396,1,2,1,18,8,6,40,12,2,1,0,48,2,20,421,20421,15,2001,1GNCS13W0121,1,G,N,C,S,1,3,W,0,1,2,1,0,P,CHEV,BZR,UT,1,17,3887,,0,1070,,G,,0,0,000000000,00000000000,0,0,0,1,0,0,0,0,0,0,0,998,0,0,0,12,12,6,2,12,0,0,0,1,48,75840,6,1,0,0,3,0,999,999,0,0,0,0,0,0,0,0,0,0,28,0,0,0,2,4,70,1,1,8,1,0,0,1,10,1,1,2,50,0,0
48,481396,2,2,2,18,8,6,40,12,2,1,0,48,1,12,17,12017,4,2002,1FAFP55292G2,1,F,A,F,P,5,5,2,9,2,G,2,0,P,FORD,TSS,4D,2,17,3392,,0,1085,,F,,0,0,000000000,00000000000,0,0,0,1,0,0,0,0,0,0,0,998,0,0,0,12,12,6,2,12,0,0,0,1,48,75766,6,1,0,0,3,3,999,999,0,0,0,0,0,0,0,0,0,0,0,0,0,0,1,4,70,1,1,8,1,0,0,1,62,1,1,1,51,1,0
48,481397,1,1,1,18,8,23,0,8,0,1,1,48,2,7,402,7402,14,1998,1B4HS28Y2WF2,1,B,4,H,S,2,8,Y,2,W,F,2,0,P,DODG,DUR,UT,98,17,4349,,0,1159,,G,,0,0,000000000,00000000000,0,0,0,1,0,0,0,0,0,0,0,998,0,0,0,12,12,2,3,8,0,0,0,1,6,76058,6,1,0,0,3,3,71,190,0,0,0,0,0,0,0,0,0,0,0,0,0,0,1,2,40,1,1,8,1,0,0,1,80,1,1,1,13,0,0
48,481398,1,3,3,18,8,18,20,12,6,1,0,48,2,52,472,52472,31,2007,1Z7HC28K37S1,1,Z,7,H,C,2,8,K,3,7,S,1,0,T,MITS,RLS,CW,7,17,,2,0,1313,RAI,G,,0,0,000000000,00000000000,0,0,0,1,0,0,0,0,0,0,0,998,0,0,0,9,9,2,3,12,0,0,0,1,48,77904,6,1,0,0,3,3,999,999,0,0,0,0,0,0,0,0,0,0,38,0,0,0,2,4,55,1,1,8,1,20,3,11,15,7,1,2,82,0,0
48,481398,2,3,1,18,8,18,20,12,6,1,0,48,2,76,704,76704,80,2004,JYACJ04374A0,J,Y,A,C,J,0,4,3,7,4,A,0,0,M,YAMA,W45,EN,4,17,,,,,,,449,0,0,000000000,00000000000,0,0,0,1,0,0,0,0,0,0,0,998,0,0,0,12,12,2,3,12,0,0,0,1,48,77904,6,1,0,0,3,3,999,999,0,0,0,0,0,0,0,0,0,0,0,0,0,0,2,4,55,1,1,8,1,0,0,1,67,1,1,1,83,1,0
48,481398,3,3,1,18,8,18,20,12,6,1,0,48,1,20,481,20481,31,2007,1GCEC19V77Z1,1,G,C,E,C,1,9,V,7,7,Z,1,0,T,CHEV,SC1,4C,7,17,,2,1575,1340,SIL,G,,0,0,000000000,00000000000,0,0,0,1,0,0,0,0,0,0,0,0,0,0,0,9,9,2,1,12,0,0,0,1,48,77901,6,1,6,0,3,0,999,999,0,0,0,0,1,7,2008,7,2008,0,0,0,0,0,2,4,55,1,1,8,1,20,3,5,62,1,1,1,98,0,0
48,481399,1,1,3,20,8,10,4,34,0,1,0,48,1,20,421,20421,15,2004,1GNEC13Z54R1,1,G,N,E,C,1,3,Z,5,4,R,1,0,P,CHEV,CTA,UT,4,17,4828,,0,1160,,F,,0,0,000000000,00000000000,0,0,0,1,0,0,0,0,0,0,0,998,0,1,5,99,3,6,2,1,0,0,0,1,48,79601,6,1,0,0,3,3,999,999,0,0,0,0,0,0,0,0,0,1,0,0,0,0,1,2,60,1,2,8,1,0,0,1,5,1,4,4,7,1,0
48,481400,1,2,2,20,8,3,0,12,6,1,0,48,2,58,33,58033,4,2000,JNKCP11A0YT3,J,N,K,C,P,1,1,A,0,Y,T,3,0,P,INFI,G20,4D,0,17,2826,,0,1024,,G,,0,0,000000000,00000000000,0,0,0,1,0,0,0,0,0,0,0,998,0,0,0,3,3,4,3,12,0,0,0,1,48,77044,6,1,0,0,3,3,999,999,0,0,0,0,0,0,0,0,0,0,38,0,0,0,1,2,35,1,1,8,1,0,0,11,15,1,1,1,68,1,1
48,481400,2,2,1,20,8,3,0,12,6,1,1,48,9,12,16,12016,4,1998,2FAFP71W3WX1,2,F,A,F,P,7,1,W,3,W,X,1,0,P,FORD,CVP,4D,98,17,0,,0,1144,,G,,0,0,000000000,00000000000,0,0,0,1,0,0,0,0,0,0,0,998,0,0,0,12,12,4,3,12,0,0,0,1,99,99999,9,9,99,0,9,9,999,999,99,99,99,99,99,99,9999,99,9999,1,91,0,0,0,1,2,35,1,1,8,1,0,0,1,62,1,1,1,69,0,0
48,481401,1,2,1,21,8,3,25,8,0,1,0,48,1,20,403,20403,14,2005,1GNDS13SX523,1,G,N,D,S,1,3,S,X,5,2,3,0,P,CHEV,TRL,UT,5,17,4425,,0,1130,,G,,0,0,000000000,00000000000,0,0,0,1,0,0,0,0,0,0,0,998,0,0,0,12,12,4,3,8,0,0,0,1,48,75149,6,1,0,0,3,0,999,999,0,7,0,0,0,11,2007,1,2009,0,0,0,0,0,2,6,35,1,1,8,1,0,0,1,50,1,1,1,13,0,0
48,481401,2,2,1,21,8,3,25,8,0,1,0,48,6,14,6,14006,4,2002,2MEFM74W42X6,2,M,E,F,M,7,4,W,4,2,X,6,0,P,MERC,GMG,4D,2,17,3957,,0,1147,,G,,0,0,000000000,00000000000,0,0,0,1,0,0,0,0,0,0,0,0,0,0,0,12,12,6,2,12,0,0,0,0,,,,,,,,,999,,,,,,,,,,,,54,0,0,0,2,6,35,1,1,8,1,0,0,0,54,0,0,0,98,0,0
48,481402,1,1,99,21,8,23,35,8,0,1,1,99,9,99,999,99999,99,9999,999999999999,9,9,9,9,9,9,9,9,9,9,9,9,0,U,,,,9,17,,,,,,,,0,0,000000000,00000000000,0,0,0,1,0,0,0,0,0,0,0,998,0,0,0,12,12,9,1,8,0,0,0,1,99,99999,9,9,99,0,9,9,999,999,99,99,99,99,99,99,9999,99,9999,0,0,0,0,0,1,4,35,1,1,8,1,0,0,1,80,99,1,1,13,0,0
48,481403,1,2,1,21,8,21,15,12,1,1,0,48,2,37,33,37033,2,1995,JHMBB2255SC0,J,H,M,B,B,2,2,5,5,S,C,0,0,P,HOND,SSR,CP,95,17,2773,,0,1004,,G,,0,0,000000000,00000000000,0,0,0,1,0,0,0,0,0,0,0,998,0,0,0,12,12,4,3,12,0,0,0,1,48,77505,0,0,0,0,0,0,999,999,0,0,0,0,0,0,0,0,0,1,0,0,0,0,2,2,35,1,1,8,1,20,3,1,50,1,1,1,20,1,1
48,481403,2,2,2,21,8,21,15,12,1,1,1,48,9,49,32,49032,4,1993,1NXAE09E8PZ0,1,N,X,A,E,0,9,E,8,P,Z,0,0,P,TOYT,LED,4D,93,17,2370,,0,957,,G,,0,0,000000000,00000000000,0,0,0,1,0,0,0,0,0,0,0,0,0,0,0,6,6,4,3,12,0,0,0,1,99,99999,9,9,99,0,9,9,999,999,99,99,99,99,99,99,9999,99,9999,0,0,0,0,0,2,2,35,1,1,8,1,20,3,5,53,1,1,1,21,0,0
48,481404,1,2,3,21,8,21,40,12,1,1,0,48,3,7,442,7442,20,2007,1D4GP24R47B1,1,D,4,G,P,2,4,R,4,7,B,1,0,P,DODG,CAR,SV,7,17,4095,,0,1193,,G,,0,0,000000000,00000000000,0,0,0,1,0,0,0,0,0,0,0,998,0,0,0,6,6,6,2,12,0,0,0,1,48,79373,6,1,0,0,3,3,999,999,0,0,0,0,0,0,0,0,0,0,42,38,0,0,1,4,65,1,2,8,1,0,0,16,53,1,1,7,25,0,0
48,481404,2,2,2,21,8,21,40,12,1,1,0,48,4,6,441,6441,20,2007,2A8GP54L17R2,2,A,8,G,P,5,4,L,1,7,R,2,0,P,CHRY,TWC,SV,7,17,4267,,0,1193,,G,,0,0,000000000,00000000000,0,0,0,1,0,0,0,0,0,0,0,998,0,0,0,12,12,6,2,12,0,0,0,1,48,79331,6,1,0,0,3,3,999,999,0,0,0,0,0,0,0,0,0,0,0,0,0,0,1,4,65,1,2,8,1,0,0,1,64,1,1,1,24,1,0
48,481406,1,1,1,22,8,20,41,33,0,1,0,48,2,73,706,73706,80,2006,JKAZXCD146A0,J,K,A,Z,X,C,D,1,4,6,A,0,0,M,KAWK,Z10,RS,6,17,,,,,,,998,0,0,000000000,00000000000,0,0,0,1,0,0,0,0,0,0,0,998,0,0,0,12,12,9,3,33,0,0,0,1,48,75203,6,1,6,0,2,3,67,230,1,0,0,0,0,12,2008,12,2008,0,48,0,0,0,1,2,30,1,1,8,1,0,0,11,12,1,1,4,6,1,0
48,481407,1,2,2,23,8,14,21,12,6,1,0,18,3,55,35,55035,4,2010,KMHDU4AD2AU9,K,M,H,D,U,4,A,D,2,A,U,9,0,P,HYUN,BGS,4D,10,17,2723,,0,1043,,G,,0,0,000000000,00000000000,0,0,0,1,0,0,0,0,0,0,0,998,0,0,0,3,12,4,3,8,0,0,0,1,31,68111,1,1,0,0,2,3,67,175,0,1,0,0,0,3,2010,3,2010,0,39,0,0,0,2,4,30,1,1,8,1,3,3,1,17,6,9,2,88,0,0
48,481407,2,2,1,23,8,14,21,12,6,1,0,48,2,23,421,23421,15,2008,1GKFC13048R1,1,G,K,F,C,1,3,0,4,8,R,1,0,T,GMC,YUK,4W,8,17,,2,0,1160,YUK,F,,0,0,000000000,00000000000,0,0,0,1,0,0,0,0,0,0,0,998,0,0,0,11,11,2,1,12,0,0,0,1,48,75252,1,1,0,0,2,0,999,999,0,5,0,1,0,10,2007,11,2009,0,0,0,0,0,4,3,99,1,1,8,1,3,3,1,66,7,9,2,89,0,0
48,481408,1,1,1,24,8,20,35,1,0,1,0,48,2,7,482,7482,31,2001,3B7HC13Y01G7,3,B,7,H,C,1,3,Y,0,1,G,7,0,T,DODG,Q15,4C,1,17,,2,1547,1387,RPC,G,,0,0,000000000,00000000000,0,0,0,1,0,0,0,0,0,0,0,998,0,2,5,0,9,6,2,1,0,0,0,1,48,75862,0,0,0,0,0,0,999,999,0,0,0,0,0,0,0,0,0,1,58,37,0,0,1,2,65,1,1,8,1,0,0,1,13,6,3,4,2,1,0
48,481409,1,2,1,25,8,18,35,12,2,1,0,48,1,35,402,35402,14,2007,5N1AN08U57C5,5,N,1,A,N,0,8,U,5,7,C,5,0,P,NISS,XTR,UT,7,17,4026,,0,1063,,G,,0,0,000000000,00000000000,0,0,0,1,0,0,0,0,0,0,0,998,0,0,0,12,12,4,3,12,0,0,0,1,48,77532,6,1,0,0,3,0,999,999,0,0,0,0,0,0,0,0,0,0,28,0,0,0,1,2,50,1,1,8,1,0,0,1,10,1,1,2,50,0,1
48,481409,2,2,2,25,8,18,35,12,2,1,0,48,1,12,13,12013,4,2001,3FAFP13P41R2,3,F,A,F,P,1,3,P,4,1,R,2,0,P,FORD,ESC,4D,1,17,2454,,0,984,,G,,0,0,000000000,00000000000,0,0,0,1,0,0,0,0,0,0,0,998,0,0,0,12,12,6,2,12,0,0,0,1,48,77336,6,1,0,0,3,0,999,999,0,0,0,0,0,0,0,0,0,0,0,0,0,0,1,2,50,1,1,8,1,0,0,1,62,6,1,2,51,1,0