STATE,ST_CASE,VEH_NO,VE_FORMS,NUMOCCS,DAY,MONTH,HOUR,MINUTE,HARM_EV,MAN_COLL,UNITTYPE,HIT_RUN,REG_STAT,OWNER,MAKE,MODEL,MAK_MOD,BODY_TYP,MOD_YEAR,VIN,VIN_1,VIN_2,VIN_3,VIN_4,VIN_5,VIN_6,VIN_7,VIN_8,VIN_9,VIN_10,VIN_11,VIN_12,TOW_VEH,VINTYPE,VINMAKE,VINA_MOD,VIN_BT,VINMODYR,VIN_LNGT,VIN_WGT,WGTCD_TR,WHLBS_LG,WHLBS_SH,SER_TR,FUELCODE,MCYCL_DS,J_KNIFE,MCARR_I1,MCARR_I2,MCARR_ID,GVWR,V_CONFIG,CARGO_BT,HAZ_INV,HAZ_PLAC,HAZ_ID,HAZ_CNO,HAZ_REL,BUS_USE,SPEC_USE,EMER_USE,TRAV_SP,UNDERIDE,ROLLOVER,ROLINLOC,IMPACT1,IMPACT2,DEFORMED,TOWED,M_HARM,VEH_SC1,VEH_SC2,FIRE_EXP,DR_PRES,L_STATE,DR_ZIP,L_STATUS,L_TYPE,CDL_STAT,L_ENDORS,L_COMPL,L_RESTRI,DR_HGT,DR_WGT,PREV_ACC,PREV_SUS,PREV_DWI,PREV_SPD,PREV_OTH,FIRST_MO,FIRST_YR,LAST_MO,LAST_YR,SPEEDREL,DR_SF1,DR_SF2,DR_SF3,DR_SF4,VTRAFWAY,VNUM_LAN,VSPD_LIM,VALIGN,VPROFILE,VPAVETYP,VSURCOND,VTRAFCON,VTCONT_F,P_CRASH1,P_CRASH2,P_CRASH3,PCRASH4,PCRASH5,ACC_TYPE,DEATHS,DR_DRINK
48,481410,1,2,1,25,8,16,22,12,1,1,0,48,1,72,706,72706,80,2001,1HD1CAP131K1,1,H,D,1,C,A,P,1,3,1,K,1,0,M,HD,L12,RS,1,17,,,,,,,1200,0,0,000000000,00000000000,0,0,0,1,0,0,0,0,0,0,0,998,0,0,0,12,12,9,3,12,0,0,0,1,12,78665,6,1,0,0,3,0,64,999,0,0,0,0,0,0,0,0,0,1,27,0,0,0,4,3,45,1,1,8,1,0,0,15,50,1,1,1,20,1,0
48,481410,2,2,1,25,8,16,22,12,1,1,0,48,2,7,402,7402,14,2003,1D4HR38N63F5,1,D,4,H,R,3,8,N,6,3,F,5,0,P,DODG,DUR,UT,3,17,4256,,0,1160,,G,,0,0,000000000,00000000000,0,0,0,1,0,0,0,0,0,0,0,0,0,0,0,6,6,4,3,12,0,0,0,1,48,78758,6,1,0,0,3,3,999,999,0,0,0,0,0,0,0,0,0,0,0,0,0,0,4,3,45,1,1,8,1,0,0,5,53,1,1,1,21,0,0
48,481411,1,3,1,27,8,13,43,12,6,1,0,92,0,7,461,7461,21,1990,2B5WB35Z5LK7,2,B,5,W,B,3,5,Z,5,L,K,7,0,T,DODG,BUS,BU,90,17,,2,0,1276,RMW,G,,0,0,000000000,00000000000,0,0,0,1,0,0,0,0,0,0,0,998,0,0,0,12,12,2,3,12,0,0,0,1,48,76033,1,1,0,0,2,0,999,999,1,20,0,0,1,1,2008,8,2010,0,38,0,0,0,1,2,99,1,1,8,1,20,3,1,17,1,1,1,88,0,1
48,481411,2,3,2,27,8,13,43,12,6,1,0,48,2,7,482,7482,31,2001,1B7KF23691J5,1,B,7,K,F,2,3,6,9,1,J,5,0,T,DODG,Q25,4C,1,17,,2,1547,1387,RPC,D,,0,0,000000000,00000000000,0,0,0,1,0,0,0,0,0,0,0,998,0,0,0,8,3,6,2,12,0,0,0,1,48,76049,6,1,0,0,3,0,999,999,0,0,0,0,0,0,0,0,0,0,0,0,0,0,2,2,65,1,1,8,1,0,0,1,66,1,1,1,89,1,0
48,481411,3,3,1,27,8,13,43,12,6,1,0,48,2,12,481,12481,31,2007,1FTRW14W37KB,1,F,T,R,W,1,4,W,3,7,K,B,0,T,FORD,F1S,CW,7,17,,2,0,1390,COF,G,,0,0,000000000,00000000000,0,0,0,1,0,0,0,0,0,0,0,998,0,0,0,12,12,6,2,12,0,0,0,1,48,76009,6,1,0,0,3,0,999,999,0,0,0,0,0,0,0,0,0,0,0,0,0,0,2,2,65,1,1,8,1,0,0,1,62,1,1,1,98,1,0
48,481412,1,1,4,27,8,2,9,43,0,1,0,48,1,54,35,54035,4,2007,19UUA765X7A0,1,9,U,U,A,7,6,5,X,7,A,0,0,P,ACUR,TYS,4D,7,17,3623,,0,1079,,G,,0,0,000000000,00000000000,0,0,0,1,0,0,0,0,0,0,0,998,0,0,0,3,12,4,3,30,0,0,0,1,48,77979,6,1,0,0,3,0,999,999,0,1,0,0,0,2,2009,2,2009,1,0,0,0,0,1,2,35,3,1,8,1,0,0,14,13,1,4,4,2,1,1
48,481413,1,1,2,28,8,0,53,33,0,1,0,48,1,72,706,72706,80,2003,1HD1HAZ113K8,1,H,D,1,H,A,Z,1,1,3,K,8,0,M,HD,VRA,RS,3,17,,,,,,,1130,0,0,000000000,00000000000,0,0,0,1,0,0,0,0,0,0,0,998,0,0,0,12,12,2,3,19,0,0,0,1,48,79762,6,1,6,0,3,0,999,999,0,0,0,0,2,7,2008,10,2008,1,0,0,0,0,5,4,35,1,1,8,1,0,0,1,13,1,1,4,1,2,1
48,481414,1,3,1,6,2,22,24,12,2,1,0,48,1,34,34,34034,4,2006,WBAVB33516KR,W,B,A,V,B,3,3,5,1,6,K,R,0,P,BMW,30I,4D,6,17,3417,,0,1087,,G,,0,0,000000000,00000000000,0,0,0,1,0,0,0,0,0,0,0,998,0,0,0,12,12,6,2,12,0,0,1,1,48,76017,6,1,0,0,3,0,999,999,0,0,0,0,0,0,0,0,0,0,28,0,0,0,1,2,40,1,3,8,1,0,0,1,9,3,2,2,50,0,1
48,481414,2,3,1,6,2,22,24,12,2,1,0,48,1,34,34,34034,4,2007,WBAVA33547KX,W,B,A,V,A,3,3,5,4,7,K,X,0,P,BMW,28I,4D,7,17,3340,,0,1087,,G,,0,0,000000000,00000000000,0,0,0,1,0,0,0,0,0,0,0,998,0,0,0,12,12,6,2,12,0,0,0,1,48,76179,6,1,0,0,3,3,999,999,0,0,0,0,0,0,0,0,0,0,0,0,0,0,1,2,40,1,5,8,1,0,0,1,62,3,2,1,51,1,0
48,481414,3,3,2,6,2,22,24,12,2,1,0,48,1,49,40,49040,4,1999,JT2BG22K9X03,J,T,2,B,G,2,2,K,9,X,0,3,0,P,TOYT,XLL,4D,99,17,3120,,0,1051,,G,,0,0,000000000,00000000000,0,0,0,1,0,0,0,0,0,0,0,998,0,0,0,9,9,2,1,54,0,0,0,1,48,76179,6,1,0,0,3,0,999,999,0,0,0,0,0,0,0,0,0,0,0,0,0,0,1,2,40,1,5,8,1,0,0,1,98,1,1,1,98,0,0
48,481415,1,3,99,9,2,22,35,12,6,1,1,99,9,99,999,99999,99,9999,999999999999,9,9,9,9,9,9,9,9,9,9,9,9,0,U,,,,9,17,,,,,,,,0,0,000000000,00000000000,0,0,0,1,0,0,0,0,0,0,0,998,0,0,0,12,12,9,1,12,0,0,0,1,99,99999,9,9,99,0,9,9,999,999,99,99,99,99,99,99,9999,99,9999,1,39,0,0,0,1,2,98,8,8,8,1,20,3,1,17,1,1,1,86,0,0
48,481415,2,3,2,9,2,22,35,12,6,1,0,48,2,20,482,20482,31,2007,3GNEC12JX7G1,3,G,N,E,C,1,2,J,X,7,G,1,0,P,CHEV,AVL,UT,7,17,5539,,0,1300,,G,,0,0,000000000,00000000000,0,0,0,1,0,0,0,0,0,0,0,998,0,0,0,12,12,6,2,26,0,0,0,1,48,76115,6,1,0,0,3,0,999,999,0,0,0,0,0,0,0,0,0,1,39,0,0,0,1,2,98,8,8,8,1,20,3,1,14,9,3,4,98,1,1
48,481415,3,3,2,9,2,22,35,12,6,1,0,48,1,38,405,38405,14,2002,4S2CE58X3246,4,S,2,C,E,5,8,X,3,2,4,6,0,P,ISU,AXM,UT,2,17,3799,,0,1064,,G,,0,0,000000000,00000000000,0,0,0,1,0,0,0,0,0,0,0,998,0,0,0,3,3,4,3,12,0,0,0,1,48,76134,6,1,0,0,3,3,999,999,0,0,0,0,0,0,0,0,0,0,0,0,0,0,4,3,40,1,2,8,1,0,0,1,66,1,1,1,87,0,0
48,481416,1,1,1,5,3,18,45,8,0,1,0,48,2,38,402,38402,14,1999,4S2CK58W5X43,4,S,2,C,K,5,8,W,5,X,4,3,0,P,ISU,ROD,UT,99,17,3528,,0,1064,,G,,0,0,000000000,00000000000,0,0,0,1,0,0,0,0,0,0,0,998,0,0,0,12,12,4,3,8,0,0,0,1,48,77013,0,0,0,0,0,0,999,999,0,1,0,0,0,3,2008,3,2008,0,91,0,0,0,5,4,35,1,1,1,1,0,0,1,80,1,1,1,13,0,1
48,481417,1,2,1,25,7,0,35,12,6,1,0,48,1,37,705,37705,80,2006,JH2PC37056M3,J,H,2,P,C,3,7,0,5,6,M,3,0,M,HOND,B60,RS,6,17,,,,,,,599,0,0,000000000,00000000000,0,0,0,1,0,0,0,0,0,0,0,998,0,0,0,12,12,4,3,12,0,0,0,1,48,76710,6,1,0,0,3,0,71,230,1,0,0,0,0,8,2008,8,2008,0,0,0,0,0,1,4,40,1,1,8,1,3,3,1,62,4,1,1,69,1,0
48,481417,2,2,1,25,7,0,35,12,6,1,1,48,1,7,482,7482,31,2003,3D7MU46C03G8,3,D,7,M,U,4,6,C,0,3,G,8,0,T,DODG,S35,PK,3,17,,3,0,1405,RPC,D,,0,0,000000000,00000000000,0,0,0,1,0,0,0,0,0,0,0,998,0,0,0,3,3,2,1,12,0,0,0,1,48,76710,1,1,0,0,2,0,999,999,0,1,0,0,1,5,2010,6,2010,0,38,39,91,0,1,4,40,1,1,8,1,3,3,11,15,1,1,2,68,0,1
48,481418,1,2,1,26,7,20,20,12,6,1,0,48,1,20,421,20421,15,2003,1GNEC13Z93R3,1,G,N,E,C,1,3,Z,9,3,R,3,0,P,CHEV,CTA,UT,3,17,4828,,0,1160,,F,,0,0,000000000,00000000000,0,0,0,1,0,0,0,0,0,0,0,998,0,0,0,10,10,4,3,12,0,0,0,1,48,77836,6,1,0,0,3,0,999,999,0,0,0,0,0,0,0,0,0,0,48,0,0,0,1,2,70,3,1,8,2,0,0,12,11,1,1,6,98,1,0
48,481418,2,2,2,26,7,20,20,12,6,1,0,48,2,23,481,23481,31,1993,1GDKC34F3PJ5,1,G,D,K,C,3,4,F,3,P,J,5,0,T,GMC,3HD,CB,93,17,,4,1835,1355,SIE,D,,0,0,000000000,00000000000,0,0,0,1,0,0,0,0,0,0,0,998,0,0,0,12,12,4,3,12,0,0,0,1,48,77836,6,1,0,0,3,0,999,999,0,0,0,0,1,5,2010,5,2010,0,0,0,0,0,1,2,70,3,1,8,2,0,0,14,64,6,1,1,98,0,0
48,481419,1,3,1,27,7,19,50,12,1,1,0,48,3,98,809,98809,66,2006,2FWBA2DE06AV,2,F,W,B,A,2,D,E,0,6,A,V,1,T,STRG,A90,DS,6,17,,7,0,0,STE,D,,1,57,82866,5782866,3,6,1,1,0,0,0,0,0,0,0,0,0,0,0,6,6,4,3,12,0,0,0,1,48,78596,6,1,6,0,3,0,999,999,0,0,0,0,1,7,2008,7,2008,0,0,0,0,0,5,4,55,1,1,8,1,0,0,5,53,1,1,1,21,0,0
48,481419,2,3,1,27,7,19,50,12,1,1,0,48,1,20,482,20482,31,2008,3GNEC12J78G1,3,G,N,E,C,1,2,J,7,8,G,1,0,P,CHEV,AVL,UT,8,17,5556,,0,1300,,G,,0,0,000000000,00000000000,0,0,0,1,0,0,0,0,0,0,0,998,0,0,0,12,12,6,2,12,0,0,0,1,48,78583,0,0,0,0,0,0,999,999,0,0,0,0,0,0,0,0,0,1,0,0,0,0,5,4,55,1,1,8,1,0,0,1,50,1,1,1,20,1,0
48,481419,3,3,99,27,7,19,50,12,1,1,1,99,9,99,999,99999,99,9999,999999999999,9,9,9,9,9,9,9,9,9,9,9,9,0,U,,,,9,17,,,,,,,,0,0,000000000,00000000000,0,0,0,1,0,0,0,0,0,0,0,998,0,0,0,6,6,2,1,54,0,0,0,1,99,99999,9,9,99,9,9,9,999,999,99,99,99,99,99,99,9999,99,9999,0,0,0,0,0,5,4,55,1,1,8,1,0,0,99,53,1,1,1,98,0,0
48,481420,1,1,1,28,7,20,54,8,0,1,0,48,1,12,481,12481,31,2003,1FTRF17L63KA,1,F,T,R,F,1,7,L,6,3,K,A,0,T,FORD,F15,PK,3,17,,2,1385,1199,COF,G,,0,0,000000000,00000000000,0,0,0,1,0,0,0,0,0,0,0,998,0,0,0,12,12,9,1,8,0,0,0,1,48,75150,6,1,0,0,3,3,999,999,0,0,0,0,0,0,0,0,0,0,0,0,0,0,3,3,35,1,1,8,1,0,0,1,80,6,1,1,13,0,0
48,481422,1,2,1,28,7,9,30,12,1,1,0,48,1,18,7,18007,4,2003,2G4WS52J0312,2,G,4,W,S,5,2,J,0,3,1,2,0,P,BUIC,CCU,4D,3,17,3368,,0,1090,,G,,0,0,000000000,00000000000,0,0,0,1,0,0,0,0,0,0,0,998,0,0,0,12,12,6,2,12,0,0,0,1,48,77082,6,1,0,0,3,0,999,999,0,0,0,0,0,0,0,0,0,1,28,0,0,0,3,4,45,1,1,1,1,0,0,1,11,1,1,7,32,1,0
48,481422,2,2,0,28,7,9,30,12,1,1,0,48,3,98,981,98981,52,2001,5FYD2LP06YU0,5,F,Y,D,2,L,P,0,6,Y,U,0,0,U,,,,0,17,,,,,,,,0,88,888888888,88888888888,3,21,22,1,0,0,0,0,6,0,0,0,0,0,0,6,6,2,3,12,0,0,0,0,,,,,,,,,999,,,,,,,,,,,,20,0,0,0,4,4,99,1,1,1,1,0,0,0,60,0,0,0,32,0,0
48,481423,1,2,1,29,7,19,30,12,6,1,0,48,1,20,403,20403,14,2005,1GNCS18X45K1,1,G,N,C,S,1,8,X,4,5,K,1,0,P,CHEV,BZR,UT,5,17,3611,,0,1005,,G,,0,0,000000000,00000000000,0,0,0,1,0,0,0,0,0,0,0,998,0,0,0,9,9,4,3,12,0,0,0,1,48,75166,1,1,0,0,2,0,999,999,0,2,0,0,0,7,2008,7,2009,0,38,0,0,0,1,2,99,8,8,8,1,20,3,11,15,1,1,1,82,0,0
48,481423,2,2,1,29,7,19,30,12,6,1,0,48,2,72,706,72706,80,2003,1HD1GHV143K3,1,H,D,1,G,H,V,1,4,3,K,3,0,M,HD,FDX,RS,3,17,,,,,,,1450,0,0,000000000,00000000000,0,0,0,1,0,0,0,0,0,0,0,998,0,0,0,12,12,9,3,12,0,0,0,1,48,75442,6,1,0,0,3,3,999,999,0,0,0,0,0,0,0,0,0,0,0,0,0,0,2,4,50,1,1,8,1,0,0,1,66,1,1,1,83,1,0
48,481424,1,1,1,29,7,17,37,1,0,1,0,48,1,35,47,35047,4,2004,1N4AL11D94C1,1,N,4,A,L,1,1,D,9,4,C,1,0,P,NISS,ABS,4D,4,17,2913,,0,1102,,G,,0,0,000000000,00000000000,0,0,0,1,0,0,0,0,0,0,0,998,0,9,5,0,0,4,3,1,0,0,0,1,48,75181,6,1,0,0,3,3,69,180,0,0,0,1,0,1,2010,1,2010,1,0,0,0,0,3,4,60,1,1,8,1,0,0,1,8,99,4,4,2,1,1
48,481425,1,1,1,29,7,9,17,32,0,1,0,48,2,53,706,53706,80,2002,JS1VS54A1221,J,S,1,V,S,5,4,A,1,2,2,1,0,M,SUZI,VL8,RS,2,17,,,,,,,805,0,0,000000000,00000000000,0,0,0,1,0,0,0,0,0,0,0,998,0,0,0,12,12,9,2,32,0,0,0,1,48,79506,6,1,0,0,2,0,999,999,0,0,0,0,0,0,0,0,0,1,0,0,0,0,1,2,60,2,2,8,1,0,0,14,12,1,1,4,6,1,1
48,481426,1,2,1,17,7,10,52,1,0,1,0,48,1,34,35,34035,4,2002,WBADT63472CH,W,B,A,D,T,6,3,4,7,2,C,H,0,P,BMW,5IA,4D,2,17,3549,,0,1114,,G,,0,0,000000000,00000000000,0,0,0,1,0,0,0,0,0,0,0,998,0,0,0,9,9,2,1,12,0,0,0,1,48,76248,6,1,0,0,3,3,999,999,0,0,0,0,0,0,0,0,0,0,38,0,0,0,1,2,99,1,9,9,99,20,3,11,15,1,1,2,98,0,0
48,481426,2,2,1,17,7,10,52,1,0,1,0,48,1,72,706,72706,80,2000,1HD1FRW14YY6,1,H,D,1,F,R,W,1,4,Y,Y,6,0,M,HD,FCI,RS,0,17,,,,,,,1450,0,0,000000000,00000000000,0,0,0,1,0,0,0,0,0,0,0,998,0,0,0,0,9,2,3,12,0,0,0,1,48,76148,6,1,0,0,3,0,999,999,0,0,0,0,0,0,0,0,0,0,0,0,0,0,1,2,30,1,1,8,1,0,0,1,54,99,9,3,98,1,0
48,481427,1,1,1,19,7,22,0,23,0,1,0,48,2,12,481,12481,31,1992,1FTEX14H4NKB,1,F,T,E,X,1,4,H,4,N,K,B,0,T,FORD,F15,PS,92,17,,2,1550,1390,COF,G,,0,0,000000000,00000000000,0,0,0,1,0,0,0,0,0,0,0,998,0,1,5,99,3,4,3,3,0,0,0,1,48,78159,6,1,6,0,3,0,999,999,0,0,0,0,0,0,0,0,0,0,0,0,0,0,1,2,35,1,1,8,1,0,0,1,13,99,9,4,1,1,1
48,481428,1,1,1,30,7,22,24,8,0,1,1,48,1,23,481,23481,31,1969,CS10DSA35203,C,S,1,0,D,S,A,3,5,2,0,3,0,U,,,,,,,,,,,,,0,0,000000000,00000000000,0,0,0,1,0,0,0,0,0,0,0,998,0,0,0,12,12,2,3,8,0,0,0,1,48,77045,6,1,0,0,3,0,999,999,0,0,0,0,0,0,0,0,0,0,0,0,0,0,2,3,40,1,1,1,1,0,0,1,80,1,1,1,13,0,1
48,481429,1,1,1,30,7,2,40,59,0,1,0,48,1,20,22,20022,4,2008,1G1AL58F9872,1,G,1,A,L,5,8,F,9,8,7,2,0,P,CHEV,BLT,4D,8,17,3216,,0,1033,,G,,0,0,000000000,00000000000,0,0,0,1,0,0,0,0,0,0,0,998,0,1,5,9,9,6,2,43,0,0,0,1,48,76020,1,1,0,0,2,3,999,999,0,3,1,0,0,5,2009,6,2010,0,0,0,0,0,1,2,40,2,1,8,1,0,0,14,8,99,3,4,7,1,1
48,481430,1,2,4,27,3,17,1,12,6,1,0,48,3,20,461,20461,21,2005,1GAHG39U8511,1,G,A,H,G,3,9,U,8,5,1,1,0,T,CHEV,E35,ES,5,17,,2,0,1550,EXP,G,,0,0,000000000,00000000000,0,0,0,1,0,0,0,0,0,0,0,998,0,0,0,3,3,9,9,12,0,0,0,1,48,78641,6,1,0,0,3,0,999,999,0,0,0,0,0,0,0,0,0,0,38,0,0,0,5,2,99,1,1,8,1,0,0,11,15,1,1,2,68,0,0
48,481430,2,2,2,27,3,17,1,12,6,1,0,48,1,73,706,73706,80,2003,JKBVNAL153A0,J,K,B,V,N,A,L,1,5,3,A,0,0,M,KAWK,V5L,RS,3,17,,,,,,,1500,0,0,000000000,00000000000,0,0,0,1,0,0,0,0,0,0,0,998,0,0,0,12,12,9,2,12,0,0,0,1,48,78407,6,1,0,0,3,0,999,999,1,0,0,0,0,8,2007,8,2007,0,0,0,0,0,5,2,99,1,1,8,1,0,0,1,62,1,1,1,69,1,0
48,481431,1,1,3,31,3,15,56,1,0,1,0,48,1,12,401,12401,14,2000,1FMZU71X5YZC,1,F,M,Z,U,7,1,X,5,Y,Z,C,0,P,FORD,EPR,UT,0,17,0,,0,1116,,G,,0,0,000000000,00000000000,0,0,0,1,0,0,0,0,0,0,0,998,0,9,1,0,0,6,2,1,0,0,1,1,48,79935,0,0,0,0,0,0,999,999,1,0,0,0,0,10,2007,10,2007,0,0,0,0,0,3,6,60,2,1,8,1,0,0,14,9,1,9,2,98,1,0
48,481432,1,2,1,19,7,23,0,12,6,1,0,48,1,20,19,20019,4,1994,1G1LD55M3RY2,1,G,1,L,D,5,5,M,3,R,Y,2,0,P,CHEV,CSA,4D,94,17,2665,,0,1034,,G,,0,0,000000000,00000000000,0,0,0,1,0,0,0,0,0,0,0,998,0,0,0,12,12,4,3,12,0,0,0,1,48,77053,6,1,0,0,3,0,999,999,0,0,0,2,1,5,2009,3,2010,0,0,0,0,0,4,3,50,1,1,1,1,3,3,1,17,1,1,1,88,0,0
48,481432,2,2,1,19,7,23,0,12,6,1,0,48,1,37,31,37031,4,2006,1HGFA16576L0,1,H,G,F,A,1,6,5,7,6,L,0,0,P,HOND,UCL,4D,6,17,2751,,0,1063,,G,,0,0,000000000,00000000000,0,0,0,1,0,0,0,0,0,0,0,998,0,0,0,9,9,4,3,12,0,0,0,1,48,77065,6,1,0,0,3,3,999,999,0,0,0,0,0,0,0,0,0,0,0,0,0,0,3,6,99,1,1,1,1,3,3,1,17,1,1,1,89,1,0
48,481433,1,1,1,23,7,4,9,1,0,1,0,48,2,7,482,7482,31,2004,1D7HU16N94J2,1,D,7,H,U,1,6,N,9,4,J,2,0,T,DODG,S15,PK,4,17,,2,1405,1205,RPC,G,,0,0,000000000,00000000000,0,0,0,1,0,0,0,0,0,0,0,998,0,1,5,0,0,6,2,1,0,0,0,1,48,77340,6,1,0,0,3,0,67,160,0,1,0,0,0,5,2008,5,2008,1,58,0,0,0,1,2,65,1,1,8,1,0,0,1,6,6,3,4,98,1,1
48,481434,1,2,1,26,7,9,20,8,0,1,0,48,2,14,6,14006,4,1992,2MECM75W4NX7,2,M,E,C,M,7,5,W,4,N,X,7,0,P,MERC,MGL,4D,92,17,3780,,0,1144,,G,,0,0,000000000,00000000000,0,0,0,1,0,0,0,0,0,0,0,998,0,0,0,12,12,6,2,8,0,0,0,1,48,79403,6,1,0,0,3,0,999,999,1,0,0,0,2,2,2008,2,2008,0,28,0,0,0,2,4,70,1,1,8,1,0,0,1,11,1,1,2,13,0,0
48,481434,2,2,0,26,7,9,20,8,0,1,0,48,6,12,471,12471,30,1999,1FTYR10C4XPA,1,F,T,Y,R,1,0,C,4,X,P,A,0,T,FORD,RNG,PK,99,17,,1,1175,1116,RNG,G,,0,0,000000000,00000000000,0,0,0,1,0,0,0,0,0,0,0,0,0,0,0,6,6,2,3,12,0,0,0,0,,,,,,,,,999,,,,,,,,,,,,54,0,0,0,2,4,70,1,1,8,1,0,0,0,60,0,0,0,98,0,0
48,481435,1,1,2,27,7,20,35,24,0,1,0,48,2,20,481,20481,31,2004,2GCEK19T8411,2,G,C,E,K,1,9,T,8,4,1,1,0,T,CHEV,SK1,4C,4,17,,2,1575,1435,SIL,G,,0,0,000000000,00000000000,0,0,0,1,0,0,0,0,0,0,0,998,0,2,3,3,3,6,2,1,0,0,0,1,48,78942,6,1,0,0,3,0,999,999,0,0,0,0,0,0,0,0,0,0,0,0,0,0,2,4,65,3,2,8,1,0,0,14,13,6,1,4,1,1,1
48,481436,1,1,1,18,1,20,25,33,0,1,0,48,3,58,32,58032,4,2003,JNKBF01A13M1,J,N,K,B,F,0,1,A,1,3,M,1,0,P,INFI,Q45,4D,3,17,3801,,0,1130,,G,,0,0,000000000,00000000000,0,0,0,1,0,0,0,0,0,0,0,998,0,0,0,99,12,4,3,34,0,0,0,1,48,77479,6,1,0,0,3,0,999,999,0,0,0,2,0,11,2008,7,2009,0,0,0,0,0,4,1,40,1,1,1,1,20,3,1,10,1,1,4,6,1,1
48,481437,1,1,1,27,1,23,13,59,0,1,0,48,2,12,422,12422,15,2000,1FMRU1562YLB,1,F,M,R,U,1,5,6,2,Y,L,B,0,P,FORD,EPT,UT,0,17,4886,,0,1191,,G,,0,0,000000000,00000000000,0,0,0,1,0,0,0,0,0,0,0,998,0,1,5,12,3,4,3,1,0,0,0,1,48,76053,0,0,0,0,0,0,999,999,0,0,0,0,0,0,0,0,0,1,0,0,0,0,3,2,60,1,1,8,1,0,0,1,13,1,1,4,1,1,1
48,481438,1,2,4,10,2,16,8,12,6,1,0,48,2,12,17,12017,4,1996,1FALP52U9TA1,1,F,A,L,P,5,2,U,9,T,A,1,0,P,FORD,TAG,4D,96,17,3347,,0,1085,,G,,0,0,000000000,00000000000,0,0,0,1,0,0,0,0,0,0,0,998,0,0,0,3,3,4,3,12,0,0,0,1,48,76707,6,1,0,0,3,0,999,999,0,0,0,0,0,0,0,0,0,0,0,0,0,0,2,4,99,1,1,8,1,3,3,11,15,1,1,1,68,1,0
48,481438,2,2,1,10,2,16,8,12,6,1,0,48,1,22,32,22032,6,2005,5Y2SL638X5Z4,5,Y,2,S,L,6,3,8,X,5,Z,4,0,P,PONT,VIB,4H,5,17,2700,,0,1024,,G,,0,0,000000000,00000000000,0,0,0,1,0,0,0,0,0,0,0,998,0,0,0,12,12,4,3,12,0,0,0,1,48,76705,6,1,0,0,3,3,999,999,0,0,0,0,1,2,2010,2,2010,0,39,0,0,0,2,4,99,1,1,8,1,3,3,1,17,1,1,1,69,0,0
48,481439,1,1,1,21,2,12,59,18,0,1,0,48,1,73,706,73706,80,1993,JKAVNDA18PB5,J,K,A,V,N,D,A,1,8,P,B,5,0,M,KAWK,V75,RS,93,17,,,,,,,750,0,0,000000000,00000000000,0,0,0,1,0,0,0,0,0,0,0,998,0,0,0,12,12,4,3,1,0,0,0,1,48,79912,6,1,0,0,3,0,999,999,0,0,0,0,0,0,0,0,0,0,81,0,0,0,1,4,30,1,1,8,1,0,0,1,90,1,1,1,12,1,0
48,481440,1,1,1,4,3,0,45,33,0,1,0,48,2,63,33,63033,4,2006,KNAFE1216652,K,N,A,F,E,1,2,1,6,6,5,2,0,P,KIA,SLE,4D,6,17,2701,,0,1028,,G,,0,0,000000000,00000000000,0,0,0,1,0,0,0,0,0,0,0,998,0,0,0,12,12,6,2,42,0,0,0,1,35,78251,6,1,0,0,3,0,73,140,98,0,0,0,0,0,0,0,0,1,37,0,0,0,3,3,60,1,1,8,1,0,0,15,8,1,3,4,2,1,1
48,481441,1,1,5,22,3,1,56,33,0,1,0,48,1,7,20,7020,4,2003,1B3ES66S63D1,1,B,3,E,S,6,6,S,6,3,D,1,0,P,DODG,NR4,4D,3,17,2869,,0,1040,,G,,0,0,000000000,00000000000,0,0,0,1,0,0,0,0,0,0,0,998,0,0,0,99,3,4,3,19,0,0,0,1,48,77081,6,1,0,0,3,0,999,999,0,0,0,0,0,0,0,0,0,1,0,0,0,0,2,4,35,1,3,8,1,0,0,1,6,1,9,4,7,2,1
48,481442,1,1,1,25,4,22,30,32,0,1,0,48,2,49,40,49040,4,1998,4T1BG22K0WU8,4,T,1,B,G,2,2,K,0,W,U,8,0,P,TOYT,CXL,4D,98,17,2998,,0,1051,,G,,0,0,000000000,00000000000,0,0,0,1,0,0,0,0,0,0,0,998,0,0,0,12,12,4,3,32,0,0,0,1,48,78023,6,1,0,0,3,0,999,999,99,99,99,99,99,99,9999,99,9999,1,0,0,0,0,2,4,60,2,1,8,1,0,0,14,9,99,4,4,7,1,0
48,481443,1,1,2,27,4,14,46,38,0,1,0,48,1,12,398,12398,2,1967,999999999999,9,9,9,9,9,9,9,9,9,9,9,9,0,U,,,,9,17,,,,,,,,0,0,000000000,00000000000,0,0,0,1,0,0,0,0,0,0,0,998,0,1,5,99,99,6,2,1,0,0,0,1,48,77486,6,1,0,0,3,3,999,999,0,0,0,0,0,0,0,0,0,1,0,0,0,0,1,2,45,1,1,8,1,0,0,1,12,1,2,4,7,1,0
48,481444,1,1,1,16,5,1,54,39,0,1,0,48,2,20,9,20009,2,1998,2G1FP22K8W21,2,G,1,F,P,2,2,K,8,W,2,1,0,P,CHEV,CAM,CP,98,17,3331,,0,1011,,G,,0,0,000000000,00000000000,0,0,0,1,0,0,0,0,0,0,0,998,0,0,0,2,12,4,3,39,0,0,1,1,48,78023,6,1,0,0,3,3,66,110,0,0,0,0,0,0,0,0,0,1,0,0,0,0,3,3,40,2,3,8,1,98,3,14,6,1,3,4,2,1,1