STATE,ST_CASE,VEH_NO,VE_FORMS,NUMOCCS,DAY,MONTH,HOUR,MINUTE,HARM_EV,MAN_COLL,UNITTYPE,HIT_RUN,REG_STAT,OWNER,MAKE,MODEL,MAK_MOD,BODY_TYP,MOD_YEAR,VIN,VIN_1,VIN_2,VIN_3,VIN_4,VIN_5,VIN_6,VIN_7,VIN_8,VIN_9,VIN_10,VIN_11,VIN_12,TOW_VEH,VINTYPE,VINMAKE,VINA_MOD,VIN_BT,VINMODYR,VIN_LNGT,VIN_WGT,WGTCD_TR,WHLBS_LG,WHLBS_SH,SER_TR,FUELCODE,MCYCL_DS,J_KNIFE,MCARR_I1,MCARR_I2,MCARR_ID,GVWR,V_CONFIG,CARGO_BT,HAZ_INV,HAZ_PLAC,HAZ_ID,HAZ_CNO,HAZ_REL,BUS_USE,SPEC_USE,EMER_USE,TRAV_SP,UNDERIDE,ROLLOVER,ROLINLOC,IMPACT1,IMPACT2,DEFORMED,TOWED,M_HARM,VEH_SC1,VEH_SC2,FIRE_EXP,DR_PRES,L_STATE,DR_ZIP,L_STATUS,L_TYPE,CDL_STAT,L_ENDORS,L_COMPL,L_RESTRI,DR_HGT,DR_WGT,PREV_ACC,PREV_SUS,PREV_DWI,PREV_SPD,PREV_OTH,FIRST_MO,FIRST_YR,LAST_MO,LAST_YR,SPEEDREL,DR_SF1,DR_SF2,DR_SF3,DR_SF4,VTRAFWAY,VNUM_LAN,VSPD_LIM,VALIGN,VPROFILE,VPAVETYP,VSURCOND,VTRAFCON,VTCONT_F,P_CRASH1,P_CRASH2,P_CRASH3,PCRASH4,PCRASH5,ACC_TYPE,DEATHS,DR_DRINK
48,481508,2,2,1,3,8,20,40,12,6,1,0,0,0,99,999,99999,99,9999,999999999999,9,9,9,9,9,9,9,9,9,9,9,9,0,U,,,,9,17,,,,,,,,0,0,000000000,00000000000,0,0,0,1,0,0,0,0,0,0,0,998,0,0,0,61,61,9,9,12,0,0,0,1,48,75140,6,1,6,0,3,0,999,999,0,0,0,0,0,0,0,0,0,0,38,0,0,0,1,2,55,1,2,8,1,0,0,1,17,1,1,1,89,1,1
48,481509,1,2,1,6,8,0,56,12,7,1,0,48,3,20,881,20881,61,2001,1GBJC34U51E3,1,G,B,J,C,3,4,U,5,1,E,3,0,T,CHEV,SC3,CB,1,17,,3,0,0,SIL,G,,0,99,999999999,99999999999,2,1,96,1,0,0,0,0,0,0,0,998,0,1,5,61,61,6,2,12,0,0,0,1,48,77091,6,1,0,0,3,0,999,999,0,0,0,0,0,0,0,0,0,1,0,0,0,0,5,4,35,1,1,1,1,0,0,1,61,1,1,1,45,1,0
48,481509,2,2,1,6,8,0,56,12,7,1,0,48,2,35,32,35032,2,1995,JN1AS44D9SW0,J,N,1,A,S,4,4,D,9,S,W,0,0,P,NISS,2/S,CP,95,17,2659,,0,994,,G,,0,0,000000000,00000000000,0,0,0,1,0,0,0,0,0,0,0,998,0,0,0,82,82,4,3,12,0,0,0,1,48,77009,6,1,0,0,3,0,999,999,0,0,0,0,0,0,0,0,0,0,27,0,0,0,5,4,35,1,1,1,1,0,0,15,11,1,1,2,46,0,1
48,481510,1,1,6,6,8,19,43,24,0,1,0,48,1,12,481,12481,31,2001,1FTNW21F01EA,1,F,T,N,W,2,1,F,0,1,E,A,0,T,FORD,F2S,CW,1,17,,2,1724,1562,SRW,D,,0,0,000000000,00000000000,0,0,0,1,0,0,0,0,0,0,0,998,0,1,1,99,99,9,2,1,0,0,0,1,48,75220,0,0,0,0,0,0,63,170,0,0,0,0,0,0,0,0,0,1,0,0,0,0,6,1,99,1,2,8,2,0,0,1,13,1,1,4,1,1,1
48,481511,1,1,1,8,8,15,41,59,0,1,0,48,1,24,9,24009,4,2008,1G8ZS57N08F1,1,G,8,Z,S,5,7,N,0,8,F,1,0,P,STRN,AXE,4D,8,17,3525,,0,1123,,G,,0,0,000000000,00000000000,0,0,0,1,0,0,0,0,0,0,0,998,0,1,6,12,10,6,2,39,0,0,0,1,48,76049,1,1,0,0,2,0,61,154,0,1,0,1,0,7,2009,4,2010,0,0,0,0,0,5,4,55,1,2,2,1,0,0,6,12,1,1,4,6,1,0
48,481512,1,2,2,11,8,7,44,12,6,1,0,48,1,12,481,12481,31,2008,1FTRW12W08FB,1,F,T,R,W,1,2,W,0,8,F,B,0,T,FORD,F1S,CW,8,17,,2,1500,1390,COF,G,,0,0,000000000,00000000000,0,0,0,1,0,0,0,0,0,0,0,998,0,0,0,9,9,4,3,12,0,0,0,1,48,77583,6,1,0,0,3,0,999,999,0,0,0,0,0,0,0,0,0,0,38,0,0,0,1,2,99,8,8,8,1,20,3,4,17,1,1,1,89,0,0
48,481512,2,2,1,11,8,7,44,12,6,1,0,48,1,53,705,53705,80,2001,JS1VP52A3121,J,S,1,V,P,5,2,A,3,1,2,1,0,M,SUZI,SVS,RS,1,17,,,,,,,645,0,0,000000000,00000000000,0,0,0,1,0,0,0,0,0,0,0,998,0,0,0,12,12,9,3,12,0,0,0,1,48,77583,6,1,0,0,2,3,999,999,0,0,0,0,0,0,0,0,0,0,0,0,0,0,2,4,65,1,1,8,1,0,0,1,66,1,1,1,88,1,0
48,481513,1,1,1,11,8,21,49,52,0,1,0,48,2,12,481,12481,31,1989,1FTHX26H0KKB,1,F,T,H,X,2,6,H,0,K,K,B,0,T,FORD,F25,PS,89,17,,2,0,1550,COF,G,,0,0,000000000,00000000000,0,0,0,1,0,0,0,0,0,0,0,998,0,1,5,12,3,4,3,1,0,0,0,1,48,77868,6,1,0,0,3,0,999,999,0,0,0,0,0,0,0,0,0,0,0,0,0,0,1,2,65,3,1,2,1,0,0,14,13,1,1,4,1,1,1
48,481514,1,1,1,13,8,8,36,9,0,1,0,48,2,12,481,12481,31,2004,1FTRX12W34NA,1,F,T,R,X,1,2,W,3,4,N,A,0,T,FORD,F15,4C,4,17,,2,1450,1260,COF,G,,0,0,000000000,00000000000,0,0,0,1,0,0,0,0,0,0,0,998,0,0,0,12,12,4,3,9,0,0,0,1,48,79364,6,1,0,0,3,3,999,999,0,0,0,0,0,0,0,0,0,0,0,0,0,0,1,2,65,1,1,8,1,0,0,1,80,6,1,1,13,0,0
48,481515,1,1,1,16,8,3,45,1,0,1,0,48,2,98,709,98709,88,2008,L5YTCKPA8812,L,5,Y,T,C,K,P,A,8,8,1,2,0,U,,,,8,17,,,,,,,,0,0,000000000,00000000000,0,0,0,1,0,0,0,0,0,0,0,998,0,0,0,0,99,9,3,1,0,0,0,1,48,77406,0,0,0,0,0,0,999,999,0,0,0,0,0,0,0,0,0,0,0,0,0,0,1,2,45,1,1,8,1,0,0,1,13,1,1,4,1,1,1
48,481516,1,2,1,16,8,16,44,12,2,1,0,48,1,20,34,20034,3,1996,2C1MR5290T67,2,C,1,M,R,5,2,9,0,T,6,7,0,P,GEO,GML,4D,96,17,1940,,0,931,,G,,0,0,000000000,00000000000,0,0,0,1,0,0,0,0,0,0,0,998,0,0,0,12,12,6,2,12,0,0,0,1,48,76877,6,1,0,0,3,0,999,999,0,0,0,1,0,10,2008,10,2008,0,28,51,0,0,1,2,70,2,1,8,1,0,0,14,10,1,1,2,50,1,0
48,481516,2,2,2,16,8,16,44,12,2,1,0,48,2,7,881,7881,61,1997,1B6MC36D2VJ5,1,B,6,M,C,3,6,D,2,V,J,5,0,T,DODG,350,CB,97,17,1940,3,1627,1387,RPC,D,,0,88,888888888,88888888888,2,1,96,1,0,0,0,0,0,0,0,998,0,1,1,12,12,6,2,1,0,0,0,1,48,76831,6,1,0,0,3,0,999,999,0,0,0,0,0,0,0,0,0,0,0,0,0,0,1,2,70,3,1,8,1,0,0,14,62,1,1,1,51,0,0
48,481517,1,1,1,17,8,3,38,42,0,1,0,48,2,12,401,12401,14,1998,1FMYU22X4WUC,1,F,M,Y,U,2,2,X,4,W,U,C,0,P,FORD,EPR,UT,98,17,3692,,0,1017,,G,,0,0,000000000,00000000000,0,0,0,1,0,0,0,0,0,0,0,998,0,0,0,12,12,6,2,42,0,0,0,1,48,79703,3,1,0,0,2,0,999,999,0,0,0,0,0,0,0,0,0,1,0,0,0,0,5,4,40,1,1,8,1,0,0,1,12,1,1,4,6,1,0
48,481518,1,1,2,17,8,1,22,57,0,1,0,48,3,84,881,84881,66,2007,2HSCNSCR57C4,2,H,S,C,N,S,C,R,5,7,C,4,1,T,INTL,94I,DS,7,17,,8,0,0,940,D,,1,57,951495,57951495,3,6,11,1,0,0,0,0,0,0,0,998,0,0,0,99,99,6,2,2,0,0,1,1,48,79928,6,1,6,0,3,0,52,152,0,0,0,1,0,9,2008,9,2008,0,0,0,0,0,3,2,65,1,1,8,1,0,0,1,10,1,1,4,6,2,1
48,481519,1,2,1,18,8,0,42,12,6,1,0,0,0,53,706,53706,80,2005,JS1GW71A4521,J,S,1,G,W,7,1,A,4,5,2,1,0,M,SUZI,G13,RS,5,17,,,,,,,1298,0,0,000000000,00000000000,0,0,0,1,0,0,0,0,0,0,0,998,0,0,0,12,99,9,2,12,0,0,0,1,48,76112,6,1,0,0,3,0,999,999,1,0,0,0,0,2,2008,2,2008,1,27,0,0,0,5,4,35,1,1,8,1,0,0,15,11,1,1,2,46,1,1
48,481519,2,2,1,18,8,0,42,12,6,1,0,48,1,50,706,50706,80,2000,SMT600FM6YJ1,S,M,T,6,0,0,F,M,6,Y,J,1,0,M,TRIU,TST,RS,0,17,,,,,,,955,0,0,000000000,00000000000,0,0,0,1,0,0,0,0,0,0,0,998,0,0,0,99,9,9,2,12,0,0,0,1,48,76036,6,1,0,0,2,0,999,999,0,0,0,0,0,0,0,0,0,0,92,0,0,0,5,4,35,1,1,8,1,0,0,1,61,1,1,1,45,0,1
48,481520,1,1,1,18,8,15,18,33,0,1,0,48,3,37,709,37709,80,2006,JH2SC51796M4,J,H,2,S,C,5,1,7,9,6,M,4,0,M,HOND,SC5,RS,6,17,,,,,,,1261,0,0,000000000,00000000000,0,0,0,1,0,0,0,0,0,0,0,998,0,0,0,99,99,9,2,33,0,0,0,1,48,78641,6,1,0,0,3,3,999,999,0,0,0,0,0,0,0,0,0,1,52,0,0,0,1,2,35,3,2,8,1,0,0,14,13,3,2,4,2,1,0
48,481521,1,1,1,19,8,18,48,24,0,1,0,38,1,72,706,72706,80,2008,1HD1JM5408Y0,1,H,D,1,J,M,5,4,0,8,Y,0,0,M,HD,LTB,RS,8,17,,,,,,,1584,0,0,000000000,00000000000,0,0,0,1,0,0,0,0,0,0,0,998,0,0,0,12,12,6,2,24,0,0,0,1,48,79916,6,1,0,0,3,0,999,999,0,0,0,0,0,0,0,0,0,1,0,0,0,0,3,4,30,3,2,8,1,0,0,14,13,1,1,4,1,1,0
48,481522,1,1,1,19,8,12,8,24,0,1,0,48,3,86,881,86881,66,1996,1M2AA12Y2TW0,1,M,2,A,A,1,2,Y,2,T,W,0,1,T,MACK,CH6,DS,96,17,,8,0,0,600,D,,3,57,2076175,572076175,3,6,4,1,0,0,0,0,0,0,0,998,0,1,5,1,1,6,2,2,0,0,1,1,48,76642,6,1,1,0,3,0,66,176,0,0,0,0,1,2,2010,2,2010,0,0,0,0,0,3,4,70,1,1,8,1,0,0,1,13,1,1,4,1,1,0
48,481523,1,1,1,19,8,22,15,1,0,1,0,48,1,73,706,73706,80,2002,JKBVNAP172A0,J,K,B,V,N,A,P,1,7,2,A,0,0,M,KAWK,V5P,RS,2,17,,,,,,,1500,0,0,000000000,00000000000,0,0,0,1,0,0,0,0,0,0,0,998,0,0,0,0,0,2,3,1,0,0,0,1,48,76354,6,1,0,0,2,3,999,999,0,1,0,1,0,11,2007,12,2007,1,0,0,0,0,1,2,45,2,2,8,1,0,0,14,6,3,2,2,98,1,0
48,481524,1,1,7,20,8,17,53,1,0,1,0,48,2,12,401,12401,14,2002,1FMZU63W92ZA,1,F,M,Z,U,6,3,W,9,2,Z,A,0,P,FORD,EPR,UT,2,17,4163,,0,1137,,G,,0,0,000000000,00000000000,0,0,0,1,0,0,0,0,0,0,0,998,0,2,3,0,3,4,3,1,0,0,0,1,48,78550,6,1,0,0,3,0,999,999,1,1,0,0,0,9,2007,5,2008,0,0,0,0,0,2,4,70,2,2,8,1,0,0,14,1,1,4,4,7,4,0
48,481525,1,1,5,20,8,18,30,1,0,1,0,48,2,20,441,20441,20,2000,1GNDM19W4YB1,1,G,N,D,M,1,9,W,4,Y,B,1,0,T,CHEV,AST,ES,0,17,,1,0,1112,AST,G,,0,0,000000000,00000000000,0,0,0,1,0,0,0,0,0,0,0,998,0,2,3,0,99,4,3,1,0,0,0,1,48,75090,6,1,0,0,3,0,999,999,1,2,0,0,0,6,2008,7,2010,0,0,0,0,0,2,4,70,1,1,8,1,0,0,1,13,6,4,4,2,1,0
48,481527,1,1,1,20,8,23,43,1,0,1,0,48,1,72,706,72706,80,2009,1HD1GM4179K3,1,H,D,1,G,M,4,1,7,9,K,3,0,M,HD,FXD,RS,9,17,,,,,,,1584,0,0,000000000,00000000000,0,0,0,1,0,0,0,0,0,0,0,87,0,0,0,0,99,9,3,1,0,0,0,1,48,77077,6,1,0,0,3,0,999,999,0,0,0,0,1,1,2009,1,2009,1,37,0,0,0,2,4,30,1,1,8,1,0,0,1,6,1,9,3,98,1,1
48,481528,1,1,2,20,8,16,8,1,0,1,0,48,2,7,482,7482,31,1996,1B7HC13Z9TJ1,1,B,7,H,C,1,3,Z,9,T,J,1,0,T,DODG,150,PC,96,17,,2,1547,1387,RPC,G,,0,0,000000000,00000000000,0,0,0,1,0,0,0,0,0,0,0,998,0,2,3,0,9,6,2,1,0,0,0,1,48,79851,6,1,0,0,3,0,999,999,0,0,0,0,0,0,0,0,0,0,0,0,0,0,2,4,80,1,1,8,1,0,0,1,1,99,4,4,7,1,0
48,481529,1,1,1,20,8,2,36,32,0,1,0,48,1,12,481,12481,31,2004,1FTSW31P04ED,1,F,T,S,W,3,1,P,0,4,E,D,0,T,FORD,F3S,CW,4,17,,2,1724,1562,SRW,D,,0,0,000000000,00000000000,0,0,0,1,0,0,0,0,0,0,0,998,0,0,0,12,5,4,3,58,0,0,0,1,48,77301,6,1,0,0,3,0,70,242,0,0,0,1,0,3,2008,3,2008,0,51,0,0,0,1,2,55,2,1,8,1,0,0,14,12,1,1,4,6,1,1
48,481530,1,1,2,21,8,2,25,8,0,1,0,48,1,7,43,7043,4,2005,1B3EL46X55N6,1,B,3,E,L,4,6,X,5,5,N,6,0,P,DODG,SRX,4D,5,17,3093,,0,1080,,G,,0,0,000000000,00000000000,0,0,0,1,0,0,0,0,0,0,0,998,0,0,0,12,12,2,1,8,0,0,0,1,48,77665,1,1,0,0,2,0,999,999,0,16,0,0,0,10,2007,10,2009,0,0,0,0,0,1,2,55,1,1,8,1,0,0,1,80,1,1,1,13,0,0
48,481531,1,2,1,8,8,0,30,12,6,1,0,48,3,84,881,84881,63,1991,1HTSDZ4P3MH3,1,H,T,S,D,Z,4,P,3,M,H,3,0,T,INTL,490,CC,91,17,,7,2540,1280,40S,D,,0,57,824366,57824366,3,1,96,1,0,0,0,0,0,0,0,0,0,0,0,3,0,6,2,2,0,0,1,1,48,79364,6,1,0,0,2,0,999,999,0,0,0,0,0,0,0,0,0,0,54,38,92,0,2,2,65,1,1,8,1,0,0,12,98,1,1,1,98,0,1
48,481531,2,2,1,8,8,0,30,12,6,1,0,48,1,20,403,20403,14,2003,1GNES16S5361,1,G,N,E,S,1,6,S,5,3,6,1,0,P,CHEV,TRL,UT,3,17,4836,,0,1290,,G,,0,0,000000000,00000000000,0,0,0,1,0,0,0,0,0,0,0,998,0,0,0,12,0,6,2,2,0,0,1,1,48,79364,6,1,0,0,3,0,999,999,0,0,0,0,0,0,0,0,0,0,23,0,0,0,2,2,65,1,1,8,1,0,0,1,50,1,1,1,98,1,0
48,481532,1,2,1,11,8,23,20,12,6,1,0,92,0,12,3,12003,2,2002,1FAFP40422F1,1,F,A,F,P,4,0,4,2,2,F,1,0,P,FORD,MUS,CP,2,17,3066,,0,1013,,G,,0,0,000000000,00000000000,0,0,0,1,0,0,0,0,0,0,0,998,0,0,0,12,12,6,2,12,0,0,0,1,48,78539,0,0,0,0,0,0,999,999,0,2,0,0,0,9,2007,9,2008,0,28,0,0,0,1,2,60,1,1,8,1,0,0,1,10,1,1,2,64,0,1
48,481532,2,2,2,11,8,23,20,12,6,1,0,48,2,22,18,22018,4,1995,1G2NE55M8SC7,1,G,2,N,E,5,5,M,8,S,C,7,0,P,PONT,GAS,4D,95,17,2945,,0,1034,,G,,0,0,000000000,00000000000,0,0,0,1,0,0,0,0,0,0,0,998,0,0,0,2,2,6,2,12,0,0,0,1,48,78541,0,0,0,0,0,0,999,999,0,0,0,1,0,7,2010,7,2010,0,0,0,0,0,1,2,60,1,1,8,1,0,0,1,62,6,1,2,65,1,1
48,481533,1,2,1,12,8,8,38,12,2,1,0,48,1,22,18,22018,4,2000,1G2NV52E0YM8,1,G,2,N,V,5,2,E,0,Y,M,8,0,P,PONT,GT1,4D,0,17,3168,,0,1070,,G,,0,0,000000000,00000000000,0,0,0,1,0,0,0,0,0,0,0,998,0,0,0,12,12,6,2,12,32,0,0,1,48,76043,6,1,0,0,3,0,999,999,0,0,0,0,0,0,0,0,0,0,28,0,0,0,1,2,70,1,2,8,1,0,0,1,10,1,1,2,50,0,0
48,481533,2,2,2,12,8,8,38,12,2,1,0,48,1,6,51,6051,4,2006,2C3KA53G16H1,2,C,3,K,A,5,3,G,1,6,H,1,0,P,CHRY,3TR,4D,6,17,3651,,0,1200,,G,,0,0,000000000,00000000000,0,0,0,1,0,0,0,0,0,0,0,998,0,0,0,12,12,6,2,12,0,0,0,1,48,76048,6,1,0,0,3,3,999,999,0,0,0,0,0,0,0,0,0,0,0,0,0,0,1,2,70,1,2,8,1,0,0,1,62,6,1,1,51,1,0
48,481534,1,3,1,13,8,17,21,12,6,1,0,48,2,37,32,37032,4,2000,1HGCG1650YA0,1,H,G,C,G,1,6,5,0,Y,A,0,0,P,HOND,UEX,4D,0,17,3285,,0,1069,,G,,0,0,000000000,00000000000,0,0,0,1,0,0,0,0,0,0,0,998,0,0,0,12,12,6,2,12,0,0,0,1,48,77532,6,1,0,0,3,3,999,999,0,0,0,0,0,0,0,0,0,1,28,91,0,0,2,2,65,1,1,8,1,0,0,1,6,99,4,6,64,0,1
48,481534,2,3,1,13,8,17,21,12,6,1,0,92,0,20,404,20404,14,2006,2CNDL13F0661,2,C,N,D,L,1,3,F,0,6,6,1,0,P,CHEV,EQU,UT,6,17,3660,,0,1125,,G,,0,0,000000000,00000000000,0,0,0,1,0,0,0,0,0,0,0,998,0,0,0,11,11,6,2,12,0,0,0,1,48,77521,6,1,0,0,3,0,999,999,1,0,0,0,0,8,2007,8,2007,0,0,0,0,0,2,2,65,1,1,8,1,0,0,1,62,1,1,1,65,1,0
48,481534,3,3,5,13,8,17,21,12,6,1,0,48,2,23,461,23461,21,2005,1GTGG25V7519,1,G,T,G,G,2,5,V,7,5,1,9,0,T,GMC,SA2,CG,5,17,,2,0,1350,SAV,G,,0,0,000000000,00000000000,0,0,0,1,0,0,0,0,0,0,0,998,0,0,0,12,12,2,3,12,0,0,0,1,48,77034,6,1,0,0,3,0,999,999,0,0,0,2,0,9,2008,9,2008,0,0,0,0,0,2,2,65,1,1,8,1,0,0,1,60,99,1,3,98,0,0
48,481535,1,2,2,15,8,20,56,12,1,1,0,48,2,12,481,12481,31,2010,1FTSX2BY1AEA,1,F,T,S,X,2,B,Y,1,A,E,A,0,T,FORD,F2S,4C,10,17,,2,1580,1418,SRW,G,,0,0,000000000,00000000000,0,0,0,1,0,0,0,0,0,0,0,998,0,0,0,12,12,4,3,12,0,0,0,1,48,76234,6,1,0,0,3,0,999,999,0,2,0,2,0,1,2008,5,2010,0,91,0,0,0,1,2,65,1,2,8,1,0,0,1,52,1,1,1,28,0,1
48,481535,2,2,1,15,8,20,56,12,1,1,0,48,1,63,402,63402,14,2008,KNDJD736X857,K,N,D,J,D,7,3,6,X,8,5,7,0,P,KIA,SOR,UT,8,17,4083,,0,1067,,G,,0,0,000000000,00000000000,0,0,0,1,0,0,0,0,0,0,0,998,0,1,5,6,6,4,3,12,0,0,0,1,48,77624,6,1,0,0,3,3,999,999,0,1,0,1,0,10,2007,7,2008,0,0,0,0,0,1,2,65,1,2,8,1,0,0,2,53,1,1,1,31,1,0
48,481536,1,2,1,17,8,12,9,12,1,1,0,48,1,23,481,23481,31,2004,1GTGC23U64F1,1,G,T,G,C,2,3,U,6,4,F,1,1,T,GMC,2CW,CW,4,17,,2,0,1530,SIE,G,,1,0,000000000,00000000000,0,0,0,1,0,0,0,0,0,0,0,998,0,0,0,12,12,6,2,12,0,0,0,1,48,76134,6,1,0,0,3,0,999,999,0,0,1,0,1,10,2008,10,2008,1,0,0,0,0,1,2,30,1,1,8,1,20,3,1,50,99,1,1,20,1,0
48,481536,2,2,2,17,8,12,9,12,1,1,0,48,2,7,482,7482,31,2001,3B7HC13Z71G1,3,B,7,H,C,1,3,Z,7,1,G,1,0,T,DODG,Q15,4C,1,17,,2,1547,1387,RPC,G,,0,0,000000000,00000000000,0,0,0,1,0,0,0,0,0,0,0,0,0,0,0,6,6,6,2,12,0,0,0,1,48,76093,6,1,0,0,3,0,999,999,0,0,0,1,0,5,2008,5,2008,0,0,0,0,0,1,2,30,1,1,8,1,20,3,5,53,1,1,1,21,0,0
48,481537,1,1,1,18,8,2,50,53,0,1,0,48,1,7,482,7482,31,2005,3D7LS38C75G8,3,D,7,L,S,3,8,C,7,5,G,8,0,T,DODG,SQ3,CW,5,17,,2,1605,1405,RPC,D,,0,0,000000000,00000000000,0,0,0,1,0,0,0,0,0,0,0,998,0,1,5,12,0,6,2,2,0,0,1,1,48,76061,6,1,0,0,3,0,999,999,0,0,0,0,0,0,0,0,0,0,0,0,0,0,1,2,60,1,1,8,1,0,0,1,13,1,1,4,1,1,1
48,481538,1,1,2,19,8,2,10,8,0,1,1,48,2,12,37,12037,4,2003,3FAFP37303R1,3,F,A,F,P,3,7,3,0,3,R,1,0,P,FORD,FX5,5D,3,17,2600,,0,1030,,G,,0,0,000000000,00000000000,0,0,0,1,0,0,0,0,0,0,0,998,0,0,0,12,12,4,1,8,0,0,0,1,48,78596,6,1,0,0,3,3,999,999,0,0,0,0,0,0,0,0,0,1,91,0,0,0,1,2,30,1,1,8,1,0,0,1,80,6,1,1,13,0,0
48,481539,1,1,1,19,8,7,10,42,0,1,0,92,0,2,499,2499,19,1975,J5F83AH04304,J,5,F,8,3,A,H,0,4,3,0,4,0,P,,,,,,,,,,,,,0,0,000000000,00000000000,0,0,0,1,0,0,0,0,0,0,0,998,0,0,0,81,12,6,2,42,0,0,0,1,48,76135,1,1,0,0,2,3,999,999,0,3,0,1,0,4,2008,2,2010,0,0,0,0,0,1,2,70,1,2,8,1,0,0,1,13,99,9,4,1,1,1
48,481540,1,1,1,20,8,21,0,1,0,1,0,0,0,98,739,98739,90,2005,000000000000,0,0,0,0,0,0,0,0,0,0,0,0,0,U,,,,,17,,,,,,,,0,0,000000000,00000000000,0,0,0,1,0,0,0,0,0,0,0,998,0,9,1,0,0,4,9,1,0,0,0,1,48,79336,6,1,6,0,3,0,999,999,0,0,0,0,1,3,2009,3,2009,1,0,0,0,0,1,2,30,1,1,8,1,0,0,99,99,99,9,3,98,1,0
48,481541,1,1,1,21,8,23,35,1,0,1,0,92,0,73,706,73706,80,2001,JKAZX2E1X1A0,J,K,A,Z,X,2,E,1,X,1,A,0,0,M,KAWK,Z9E,RS,1,17,,,,,,,900,0,0,000000000,00000000000,0,0,0,1,0,0,0,0,0,0,0,998,0,0,0,0,0,9,3,1,0,0,0,1,48,77038,2,1,0,0,2,0,999,999,0,1,0,1,0,12,2008,7,2010,0,0,0,0,0,3,4,60,1,1,1,1,0,0,1,9,99,9,2,98,1,1
48,481542,1,2,1,25,8,11,50,12,2,1,0,48,3,84,881,84881,66,2004,3HSCNAPR34N0,3,H,S,C,N,A,P,R,3,4,N,0,1,T,INTL,94I,DS,4,17,,8,0,0,940,D,,1,57,02005370,5702005370,3,6,1,1,0,0,0,0,0,0,0,998,0,0,0,12,0,6,2,2,0,0,1,1,48,78539,6,1,6,0,3,3,999,999,0,0,0,1,0,4,2010,4,2010,0,0,0,0,0,1,2,65,1,1,8,1,0,0,1,62,7,1,1,51,0,0
48,481542,2,2,1,25,8,11,50,12,2,1,0,48,1,55,33,55033,4,2006,5NPEU46F76H1,5,N,P,E,U,4,6,F,7,6,H,1,0,P,HYUN,SGX,4D,6,17,3458,,0,1074,,G,,0,0,000000000,00000000000,0,0,0,1,0,0,0,0,0,0,0,998,0,0,0,12,0,6,2,12,0,0,1,1,48,78504,6,1,0,0,3,3,999,999,0,0,0,0,0,0,0,0,0,0,28,0,0,0,1,2,65,1,1,8,1,0,0,1,10,1,1,2,50,1,0
48,481543,1,2,1,26,8,7,53,12,6,1,0,48,2,7,43,7043,2,2005,4B3AG42G25E0,4,B,3,A,G,4,2,G,2,5,E,0,0,P,DODG,SRX,2P,5,17,2950,,0,1037,,G,,0,0,000000000,00000000000,0,0,0,1,0,0,0,0,0,0,0,998,0,0,0,9,9,4,3,12,0,0,0,1,48,77340,6,1,0,0,3,0,999,999,0,0,0,1,1,9,2007,10,2007,0,38,0,0,0,5,4,50,1,1,8,1,0,0,4,15,1,1,1,89,1,0
48,481543,2,2,1,26,8,7,53,12,6,1,0,48,1,7,482,7482,31,2003,3D7KU28C83G8,3,D,7,K,U,2,8,C,8,3,G,8,0,T,DODG,SQ2,CW,3,17,,2,1605,1405,RPC,D,,0,0,000000000,00000000000,0,0,0,1,0,0,0,0,0,0,0,998,0,0,0,12,12,4,3,12,0,0,0,1,48,77320,6,1,0,0,3,3,999,999,0,0,0,0,0,0,0,0,0,0,0,0,0,0,5,4,50,1,1,8,1,0,0,1,72,6,1,1,88,0,0
48,481544,1,1,1,27,8,22,3,1,0,1,0,48,2,20,403,20403,14,2003,1GNES16S6361,1,G,N,E,S,1,6,S,6,3,6,1,0,P,CHEV,TRL,UT,3,17,4836,,0,1290,,G,,0,0,000000000,00000000000,0,0,0,1,0,0,0,0,0,0,0,998,0,1,5,0,0,4,3,1,0,0,0,1,48,78702,1,1,0,0,2,0,999,999,1,5,0,0,2,9,2007,8,2010,1,80,0,0,0,1,2,55,2,1,8,1,0,0,14,1,99,9,4,2,1,1
48,481545,1,3,1,27,8,8,55,12,6,1,0,48,2,20,481,20481,31,2000,2GCEC19W4Y11,2,G,C,E,C,1,9,W,4,Y,1,1,0,T,CHEV,SC1,PC,0,17,,2,1575,1435,SIL,G,,0,0,000000000,00000000000,0,0,0,1,0,0,0,0,0,0,0,998,0,0,0,5,5,4,1,12,0,0,0,1,48,77357,6,1,0,0,3,0,999,999,0,0,0,0,0,0,0,0,0,0,38,0,0,0,1,2,30,1,1,8,1,0,0,11,15,1,1,2,68,0,0
48,481545,2,3,2,27,8,8,55,12,6,1,0,48,2,12,422,12422,15,2000,1FMRU17L0YLC,1,F,M,R,U,1,7,L,0,Y,L,C,0,P,FORD,EPT,UT,0,17,4833,,0,1191,,G,,0,0,000000000,00000000000,0,0,0,1,0,0,0,0,0,0,0,998,0,0,0,12,12,4,3,12,0,0,0,1,48,77365,0,0,0,0,0,0,999,999,0,0,0,0,0,0,0,0,0,0,0,0,0,0,1,2,30,1,1,8,1,0,0,1,62,99,1,1,98,0,0
48,481545,3,3,1,27,8,8,55,12,6,1,0,48,1,72,706,72706,80,2009,1HD1FS4159Y6,1,H,D,1,F,S,4,1,5,9,Y,6,0,M,HD,LTR,RS,9,17,,,,,,,1584,0,0,000000000,00000000000,0,0,0,1,0,0,0,0,0,0,0,998,0,0,0,12,12,9,2,12,0,0,0,1,48,77357,6,1,6,0,2,3,67,190,0,0,0,1,1,10,2007,2,2010,0,0,0,0,0,1,2,30,1,1,8,1,0,0,1,62,99,1,1,69,1,1