STATE,ST_CASE,VEH_NO,VE_FORMS,NUMOCCS,DAY,MONTH,HOUR,MINUTE,HARM_EV,MAN_COLL,UNITTYPE,HIT_RUN,REG_STAT,OWNER,MAKE,MODEL,MAK_MOD,BODY_TYP,MOD_YEAR,VIN,VIN_1,VIN_2,VIN_3,VIN_4,VIN_5,VIN_6,VIN_7,VIN_8,VIN_9,VIN_10,VIN_11,VIN_12,TOW_VEH,VINTYPE,VINMAKE,VINA_MOD,VIN_BT,VINMODYR,VIN_LNGT,VIN_WGT,WGTCD_TR,WHLBS_LG,WHLBS_SH,SER_TR,FUELCODE,MCYCL_DS,J_KNIFE,MCARR_I1,MCARR_I2,MCARR_ID,GVWR,V_CONFIG,CARGO_BT,HAZ_INV,HAZ_PLAC,HAZ_ID,HAZ_CNO,HAZ_REL,BUS_USE,SPEC_USE,EMER_USE,TRAV_SP,UNDERIDE,ROLLOVER,ROLINLOC,IMPACT1,IMPACT2,DEFORMED,TOWED,M_HARM,VEH_SC1,VEH_SC2,FIRE_EXP,DR_PRES,L_STATE,DR_ZIP,L_STATUS,L_TYPE,CDL_STAT,L_ENDORS,L_COMPL,L_RESTRI,DR_HGT,DR_WGT,PREV_ACC,PREV_SUS,PREV_DWI,PREV_SPD,PREV_OTH,FIRST_MO,FIRST_YR,LAST_MO,LAST_YR,SPEEDREL,DR_SF1,DR_SF2,DR_SF3,DR_SF4,VTRAFWAY,VNUM_LAN,VSPD_LIM,VALIGN,VPROFILE,VPAVETYP,VSURCOND,VTRAFCON,VTCONT_F,P_CRASH1,P_CRASH2,P_CRASH3,PCRASH4,PCRASH5,ACC_TYPE,DEATHS,DR_DRINK
48,481546,1,1,1,28,8,21,15,33,0,1,0,48,2,72,706,72706,80,2005,1HD1BXB125Y0,1,H,D,1,B,X,B,1,2,5,Y,0,0,M,HD,ISF,RS,5,17,,,,,,,1450,0,0,000000000,00000000000,0,0,0,1,0,0,0,0,0,0,0,998,0,0,0,12,99,9,3,33,0,0,0,1,48,77070,6,1,6,0,3,0,999,999,0,0,0,1,1,11,2007,9,2008,0,0,0,0,0,3,3,40,3,1,8,1,0,0,14,13,1,1,4,1,1,1
48,481547,1,2,1,29,8,23,0,12,1,1,0,48,2,53,705,53705,80,2004,JS1GN7CA1421,J,S,1,G,N,7,C,A,1,4,2,1,0,M,SUZI,GSK,RS,4,17,,,,,,,599,0,0,000000000,00000000000,0,0,0,1,0,0,0,0,0,0,0,90,0,0,0,12,12,9,3,12,0,0,0,1,48,75219,6,1,0,0,2,3,70,238,0,3,0,0,0,7,2008,9,2008,1,36,0,0,0,3,4,60,1,1,8,1,0,0,1,51,1,1,1,24,1,1
48,481547,2,2,1,29,8,23,0,12,1,1,0,48,1,20,443,20443,20,1999,1GNDX03E6XD1,1,G,N,D,X,0,3,E,6,X,D,1,0,T,CHEV,VTR,ES,99,17,,1,0,1200,VTR,G,,0,0,000000000,00000000000,0,0,0,1,0,0,0,0,0,0,0,998,0,0,0,6,6,4,3,12,0,0,0,1,48,75081,0,0,0,0,0,0,999,999,0,0,0,0,0,0,0,0,0,0,0,0,0,0,3,4,60,1,1,8,1,0,0,1,53,1,1,1,25,0,0
48,481548,1,2,1,30,8,0,5,12,1,1,0,99,9,85,881,85881,66,2011,1XKFD49X7BJ2,1,X,K,F,D,4,9,X,7,B,J,2,1,T,KW,T70,DS,11,17,,8,0,0,CON,D,,1,57,1204733,571204733,3,6,1,1,0,0,0,0,0,0,0,998,0,0,0,6,6,2,1,12,0,0,0,1,49,84074,6,1,0,0,2,0,71,170,98,0,0,0,0,0,0,0,0,0,0,0,0,0,3,1,65,1,1,8,1,0,0,1,53,1,1,1,25,0,0
48,481548,2,2,1,30,8,0,5,12,1,1,0,48,1,12,471,12471,30,1999,1FTYR14V2XPA,1,F,T,Y,R,1,4,V,2,X,P,A,0,T,FORD,RNS,PS,99,17,,1,0,1257,RNG,F,,0,0,000000000,00000000000,0,0,0,1,0,0,0,0,0,0,0,998,0,0,0,12,12,6,2,12,0,0,0,1,48,75115,6,1,0,0,3,0,70,232,0,0,0,0,0,0,0,0,0,0,0,0,0,0,3,1,65,1,1,8,1,0,0,1,51,1,1,1,24,1,1
48,481549,1,2,1,30,8,18,45,12,2,1,0,48,1,49,46,49046,4,2005,JTDKB20U4530,J,T,D,K,B,2,0,U,4,5,3,0,0,P,TOYT,PRI,4H,5,17,2890,,0,1063,,B,,0,0,000000000,00000000000,0,0,0,1,0,0,0,0,0,0,0,998,0,0,0,12,12,4,3,12,36,0,0,1,48,76031,6,1,0,0,3,0,999,999,0,0,0,0,0,0,0,0,0,0,38,0,0,0,1,2,60,1,1,8,1,0,0,11,15,1,1,1,68,0,0
48,481549,2,2,1,30,8,18,45,12,2,1,0,48,1,72,706,72706,80,2003,1HD1BMY443Y0,1,H,D,1,B,M,Y,4,4,3,Y,0,0,M,HD,FLA,RS,3,17,,,,,,,1450,0,0,000000000,00000000000,0,0,0,1,0,0,0,0,0,0,0,998,0,0,0,12,12,9,3,12,0,0,0,1,48,76033,6,1,0,0,3,0,999,999,0,0,0,0,0,0,0,0,0,0,0,0,0,0,1,2,60,1,1,8,1,0,0,1,62,1,1,1,69,1,0
48,481550,1,2,1,1,9,5,25,12,6,1,0,48,1,49,43,49043,4,1997,4T1BF12B1VU2,4,T,1,B,F,1,2,B,1,V,U,2,0,P,TOYT,UVS,4D,97,17,3263,,0,1071,,G,,0,0,000000000,00000000000,0,0,0,1,0,0,0,0,0,0,0,998,0,0,0,1,1,6,2,12,0,0,0,1,48,78671,6,1,0,0,3,0,999,999,0,0,0,0,0,0,0,0,0,0,51,0,0,0,1,2,65,3,1,8,1,0,0,14,10,1,1,2,64,1,1
48,481550,2,2,1,1,9,5,25,12,6,1,0,48,2,2,403,2403,14,2008,1J4GA59168L6,1,J,4,G,A,5,9,1,6,8,L,6,0,T,JEEP,WUS,4W,8,17,,1,0,1160,WUL,G,,0,0,000000000,00000000000,0,0,0,1,0,0,0,0,0,0,0,998,0,1,1,12,12,6,2,12,0,0,0,1,48,76877,6,1,0,0,3,3,999,999,0,0,0,1,0,1,2008,1,2008,0,0,0,0,0,1,2,65,2,1,8,1,0,0,14,62,1,1,1,65,0,0
48,481551,1,1,1,1,9,13,24,1,0,1,0,48,1,20,421,20421,15,2000,1GNEK13T2YJ1,1,G,N,E,K,1,3,T,2,Y,J,1,0,P,CHEV,KTA,UT,0,17,5333,,0,1160,,G,,0,0,000000000,00000000000,0,0,0,1,0,0,0,0,0,0,0,998,0,1,5,0,0,6,2,2,0,0,1,1,48,75098,6,1,0,0,3,3,49,74,0,0,0,0,0,0,0,0,0,0,0,0,0,0,1,2,55,1,1,8,1,0,0,1,13,1,1,4,1,1,0
48,481552,1,1,1,2,9,22,30,24,0,1,0,48,3,82,881,82881,66,1999,1FV6HFBA4XHA,1,F,V,6,H,F,B,A,4,X,H,A,1,T,FRHT,F70,CC,99,17,,7,0,0,MCV,D,,1,57,01860296,5701860296,3,6,3,1,0,0,0,0,0,0,0,998,0,1,5,12,12,4,3,24,0,0,0,1,48,75481,6,1,6,0,3,0,71,214,0,0,0,0,0,0,0,0,0,1,0,0,0,0,1,2,65,1,2,8,2,0,0,1,12,1,4,4,7,1,0
48,481553,1,1,1,2,9,23,40,30,0,1,0,48,1,37,401,37401,14,2001,4S6CK58W1144,4,S,6,C,K,5,8,W,1,1,4,4,0,P,HOND,PAS,UT,1,17,3782,,0,1064,,G,,0,0,000000000,00000000000,0,0,0,1,0,0,0,0,0,0,0,998,0,0,0,12,12,4,3,30,0,0,0,1,48,75254,6,1,0,0,3,3,62,130,0,0,0,0,0,0,0,0,0,0,48,0,0,0,2,6,45,1,1,8,1,0,0,1,12,1,1,4,6,1,1
48,481554,1,3,1,2,9,23,55,12,2,1,0,48,1,6,52,6052,6,2006,3A4FY48B26T3,3,A,4,F,Y,4,8,B,2,6,T,3,0,P,CHRY,PTC,SV,6,17,3018,,0,1030,,G,,0,0,000000000,00000000000,0,0,0,1,0,0,0,0,0,0,0,998,0,0,0,12,12,6,2,12,0,0,0,1,48,78660,6,1,0,0,3,0,999,999,1,0,0,0,0,3,2008,3,2008,0,50,0,0,0,3,4,65,1,3,8,1,0,0,1,54,1,1,1,52,1,1
48,481554,2,3,3,2,9,23,55,12,2,1,0,48,2,37,32,37032,4,2005,1HGCM66535A0,1,H,G,C,M,6,6,5,3,5,A,0,0,P,HOND,UEX,4D,5,17,3384,,0,1079,,G,,0,0,000000000,00000000000,0,0,0,1,0,0,0,0,0,0,0,998,0,0,0,12,12,6,2,12,0,0,0,1,48,77066,6,1,0,0,3,0,999,999,0,0,0,0,0,0,0,0,0,0,0,0,0,0,3,4,65,1,3,8,1,0,0,1,54,1,1,1,52,0,0
48,481554,3,3,1,2,9,23,55,12,2,1,0,48,1,35,443,35443,20,2007,5N1BV28U27N1,5,N,1,B,V,2,8,U,2,7,N,1,0,P,NISS,QST,SV,7,17,4291,,0,1240,,G,,0,0,000000000,00000000000,0,0,0,1,0,0,0,0,0,0,0,998,0,0,0,12,12,6,2,12,0,0,0,1,48,78681,6,1,0,0,3,3,999,999,0,0,0,0,0,0,0,0,0,0,0,0,0,0,3,4,65,1,3,8,1,0,0,1,61,1,1,1,98,0,0
48,481555,1,2,1,2,9,17,52,12,6,1,0,48,1,76,706,76706,80,2003,JYAVP02E83A0,J,Y,A,V,P,0,2,E,8,3,A,0,0,M,YAMA,X1A,RS,3,17,,,,,,,1602,0,0,000000000,00000000000,0,0,0,1,0,0,0,0,0,0,0,998,0,0,0,12,12,6,2,12,0,0,0,1,48,78628,6,1,0,0,3,0,999,999,0,0,0,1,0,2,2010,2,2010,0,28,0,0,0,5,4,50,1,1,8,1,0,0,1,67,1,1,1,83,1,0
48,481555,2,2,2,2,9,17,52,12,6,1,0,48,1,37,32,37032,4,2003,1HGCM56353A0,1,H,G,C,M,5,6,3,5,3,A,0,0,P,HOND,ULX,4D,3,17,3053,,0,1079,,G,,0,0,000000000,00000000000,0,0,0,1,0,0,0,0,0,0,0,998,0,0,0,8,8,2,1,12,0,0,0,1,48,78664,6,1,0,0,3,0,999,999,0,0,0,0,0,0,0,0,0,0,38,0,0,0,1,2,99,1,1,8,1,20,3,11,15,1,1,1,82,0,0
48,481556,1,2,1,3,9,9,0,12,6,1,0,48,3,84,881,84881,66,2000,2HSFTAMR3YC0,2,H,S,F,T,A,M,R,3,Y,C,0,1,T,INTL,990,DS,0,17,3053,8,0,0,990,D,,1,57,1950289,571950289,3,6,4,1,0,0,0,0,0,0,0,998,0,0,0,7,7,2,1,12,0,0,0,1,48,75231,6,1,6,0,3,0,999,999,0,0,0,1,1,3,2009,3,2009,0,38,0,0,0,1,2,99,1,1,8,1,20,3,11,15,1,1,1,82,0,0
48,481556,2,2,1,3,9,9,0,12,6,1,0,48,1,55,401,55401,14,2004,KM8SC13D64U6,K,M,8,S,C,1,3,D,6,4,U,6,0,P,HYUN,SAN,UT,4,17,3720,,0,1031,,G,,0,0,000000000,00000000000,0,0,0,1,0,0,0,0,0,0,0,998,0,0,0,12,12,4,3,12,0,0,0,1,48,75074,6,1,0,0,3,3,999,999,1,0,0,1,0,1,2008,6,2008,0,0,0,0,0,1,4,40,1,1,8,1,98,3,1,67,1,1,1,83,1,0
48,481557,1,1,1,3,9,6,33,33,0,1,0,48,2,72,706,72706,80,2005,1HD4CJM155K4,1,H,D,4,C,J,M,1,5,5,K,4,0,M,HD,L8C,RS,5,17,,,,,,,883,0,0,000000000,00000000000,0,0,0,1,0,0,0,0,0,0,0,998,0,0,0,99,99,9,2,33,0,0,0,1,48,75238,1,1,0,0,2,0,65,178,1,6,0,0,1,4,2008,4,2010,1,0,0,0,0,3,2,30,1,1,8,1,0,0,1,12,1,1,4,6,1,0
48,481559,1,2,2,3,9,14,26,12,6,1,0,48,2,53,40,53040,5,2008,JS2YC4141851,J,S,2,Y,C,4,1,4,1,8,5,1,0,P,SUZI,SX4,4D,8,17,2668,,0,984,,G,,0,0,000000000,00000000000,0,0,0,1,0,0,0,0,0,0,0,998,0,0,0,3,3,6,2,12,0,0,0,1,48,78942,0,0,0,0,0,0,999,999,0,0,0,0,0,0,0,0,0,1,0,0,0,0,1,2,70,1,2,8,2,0,0,1,6,1,7,2,66,2,1
48,481559,2,2,2,3,9,14,26,12,6,1,0,48,2,12,481,12481,31,1997,1FTJW35H1VEC,1,F,T,J,W,3,5,H,1,V,E,C,0,T,FORD,F35,CW,97,17,,2,0,1680,COF,G,,0,0,000000000,00000000000,0,0,0,1,0,0,0,0,0,0,0,998,0,0,0,12,12,4,3,12,0,0,0,1,48,77984,6,1,0,0,3,3,999,999,1,0,0,0,0,10,2008,10,2008,0,0,0,0,0,1,2,70,1,2,8,2,0,0,1,62,4,1,1,66,0,0
48,481560,1,1,2,3,9,13,40,1,0,1,0,48,2,12,481,12481,31,2001,1FTSW31F01EA,1,F,T,S,W,3,1,F,0,1,E,A,0,T,FORD,F3S,CW,1,17,,2,1724,1562,SRW,D,,0,0,000000000,00000000000,0,0,0,1,0,0,0,0,0,0,0,998,0,1,5,0,0,6,2,1,0,0,0,1,48,78733,6,1,0,0,3,0,999,999,0,1,0,2,0,11,2007,1,2010,1,0,0,0,0,1,2,70,3,1,8,1,40,3,14,13,6,4,4,98,1,0
48,481561,1,2,1,3,9,14,10,12,1,1,0,48,3,86,881,86881,66,2009,1M2AX04Y29M0,1,M,2,A,X,0,4,Y,2,9,M,0,1,T,MACK,GU7,DS,9,17,,8,0,0,700,D,,1,57,00496970,5700496970,3,6,2,1,0,0,0,0,0,0,0,0,0,0,0,6,6,2,1,12,0,0,0,1,48,75791,6,1,6,1,3,0,999,999,0,0,0,0,1,1,2010,1,2010,0,0,0,0,0,1,2,60,1,3,8,1,0,0,5,53,1,1,1,21,0,0
48,481561,2,2,2,3,9,14,10,12,1,1,0,48,1,20,16,20016,4,2003,1G1JC52F1373,1,G,1,J,C,5,2,F,1,3,7,3,0,P,CHEV,CAV,4D,3,17,2971,,0,1041,,G,,0,0,000000000,00000000000,0,0,0,1,0,0,0,0,0,0,0,998,0,0,0,12,12,6,2,12,0,0,0,1,48,75684,6,1,0,0,3,3,999,999,0,0,0,0,0,0,0,0,0,1,0,0,0,0,1,2,60,1,3,8,1,0,0,1,50,99,1,1,20,1,0
48,481562,1,2,1,4,9,5,54,12,1,1,0,48,1,45,41,45041,2,2007,WP0AB298X7U7,W,P,0,A,B,2,9,8,X,7,U,7,0,P,PORS,CMS,CP,7,17,3098,,0,951,,G,,0,0,000000000,00000000000,0,0,0,1,0,0,0,0,0,0,0,998,0,0,0,12,12,4,3,12,0,0,0,1,48,75206,6,1,0,0,3,0,999,999,0,0,0,0,0,0,0,0,0,1,0,0,0,0,6,1,60,1,1,8,1,0,0,1,50,1,1,1,20,0,0
48,481562,2,2,1,4,9,5,54,12,1,1,0,48,1,12,17,12017,4,2001,1FAFP55U91A2,1,F,A,F,P,5,5,U,9,1,A,2,0,P,FORD,TSS,4D,1,17,3343,,0,1085,,G,,0,0,000000000,00000000000,0,0,0,1,0,0,0,0,0,0,0,0,0,1,1,6,6,6,2,12,0,0,0,1,48,75217,0,0,0,0,0,0,66,222,0,2,0,0,0,12,2008,1,2010,0,54,0,0,0,6,1,60,1,1,8,1,0,0,7,53,1,1,1,21,1,0
48,481563,1,1,2,4,9,0,0,8,0,1,1,92,0,20,402,20402,14,2001,2CNBJ7344169,2,C,N,B,J,7,3,4,4,1,6,9,0,P,CHEV,TKR,UT,1,17,2987,,0,976,,G,,0,0,000000000,00000000000,0,0,0,1,0,0,0,0,0,0,0,998,0,0,0,11,11,2,3,8,0,0,0,1,48,75604,1,1,0,0,2,3,999,999,0,1,0,0,0,8,2010,8,2010,0,92,0,0,0,5,4,45,1,2,8,1,0,0,1,80,1,1,1,13,0,0
48,481564,1,1,1,4,9,20,26,24,0,1,0,48,1,72,706,72706,80,2008,1HD1KB4168Y6,1,H,D,1,K,B,4,1,6,8,Y,6,0,M,HD,FHX,RS,8,17,,,,,,,1584,0,0,000000000,00000000000,0,0,0,1,0,0,0,0,0,0,0,998,0,0,0,99,99,9,2,24,0,0,0,1,48,77388,6,1,0,0,3,0,999,999,0,0,0,0,0,0,0,0,0,0,27,0,0,0,2,5,60,4,2,1,1,0,0,15,13,99,1,4,1,1,1
48,481565,1,1,1,4,9,5,15,8,0,1,0,48,2,37,31,37031,4,2009,1HGFA16809L0,1,H,G,F,A,1,6,8,0,9,L,0,0,P,HOND,UAX,4D,9,17,2747,,0,1063,,G,,0,0,000000000,00000000000,0,0,0,1,0,0,0,0,0,0,0,998,0,0,0,12,12,4,3,8,0,0,0,1,48,78610,6,1,0,0,3,1,999,999,0,0,0,0,0,0,0,0,0,0,0,0,0,0,1,3,55,1,1,8,1,0,0,15,80,1,1,2,13,0,0
48,481566,1,2,1,4,9,0,55,12,6,1,0,48,1,72,706,72706,80,2003,1HD1BMY373Y0,1,H,D,1,B,M,Y,3,7,3,Y,0,0,M,HD,FLF,RS,3,17,,,,,,,1450,0,0,000000000,00000000000,0,0,0,1,0,0,0,0,0,0,0,998,0,0,0,1,1,9,3,12,0,0,0,1,48,77335,6,1,0,0,3,0,999,999,0,0,0,0,0,0,0,0,0,0,33,0,0,0,1,4,55,1,1,8,1,0,0,6,10,1,1,2,73,1,1
48,481566,2,2,1,4,9,0,55,12,6,1,0,48,1,55,36,55036,4,1998,KMHVF24N0WU4,K,M,H,V,F,2,4,N,0,W,U,4,0,P,HYUN,AGL,4D,98,17,2105,,0,945,,G,,0,0,000000000,00000000000,0,0,0,1,0,0,0,0,0,0,0,998,0,0,0,9,9,4,3,12,0,0,0,1,48,77351,6,1,0,0,3,2,999,999,0,0,0,0,0,0,0,0,0,0,74,0,0,0,1,4,55,1,1,8,1,0,0,11,15,1,1,1,72,0,0
48,481567,1,3,2,5,9,13,15,12,6,1,0,48,2,49,32,49032,4,1990,1NXAE94AXLZ0,1,N,X,A,E,9,4,A,X,L,Z,0,0,P,TOYT,CDF,4D,90,17,2207,,0,957,,G,,0,0,000000000,00000000000,0,0,0,1,0,0,0,0,0,0,0,998,0,0,0,3,3,6,2,12,0,0,0,1,48,77581,6,1,0,0,3,3,999,999,0,0,0,0,0,0,0,0,0,0,38,0,0,0,1,4,40,1,1,8,1,3,3,11,15,1,1,1,68,1,0
48,481567,2,3,6,5,9,13,15,12,6,1,0,48,2,20,431,20431,16,1993,1GNEC16K8PJ3,1,G,N,E,C,1,6,K,8,P,J,3,0,P,CHEV,C15,UT,93,17,4677,,0,1315,,G,,0,0,000000000,00000000000,0,0,0,1,0,0,0,0,0,0,0,998,0,0,0,12,12,4,3,12,0,0,0,1,48,77534,6,1,0,0,3,0,999,999,0,0,0,0,0,0,0,0,0,0,0,0,0,0,1,4,40,1,1,8,1,3,3,1,62,1,1,1,69,0,0
48,481567,3,3,2,5,9,13,15,12,6,1,0,48,1,13,482,13482,31,2006,5LTPW16576FJ,5,L,T,P,W,1,6,5,7,6,F,J,0,T,LINC,MLT,CW,6,17,,2,0,1385,MRK,G,,0,0,000000000,00000000000,0,0,0,1,0,0,0,0,0,0,0,0,0,0,0,12,12,2,1,12,0,0,0,1,48,77581,6,1,0,0,3,3,999,999,0,0,0,0,0,0,0,0,0,0,0,0,0,0,1,2,99,8,8,8,1,3,3,5,66,1,1,1,98,0,0
48,481568,1,1,4,5,9,11,20,52,0,1,0,48,2,52,34,52034,4,2003,4A3AA46G43E0,4,A,3,A,A,4,6,G,4,3,E,0,0,P,MITS,UEL,4D,3,17,3075,,0,1037,,G,,0,0,000000000,00000000000,0,0,0,1,0,0,0,0,0,0,0,998,0,0,0,4,4,4,3,52,0,0,0,1,48,78245,6,1,0,0,3,0,999,999,0,0,0,0,0,0,0,0,0,0,58,0,0,0,2,4,80,1,1,8,1,0,0,1,13,6,4,4,1,1,0
48,481569,1,1,1,5,9,5,6,1,0,1,0,48,1,12,401,12401,14,1998,1FMZU34E5WUD,1,F,M,Z,U,3,4,E,5,W,U,D,0,P,FORD,EPR,UT,98,17,4146,,0,1115,,G,,0,0,000000000,00000000000,0,0,0,1,0,0,0,0,0,0,0,998,0,2,5,0,13,4,3,1,0,0,0,1,48,77065,9,9,99,9,9,9,999,999,99,99,99,99,99,99,9999,99,9999,0,0,0,0,0,1,2,30,1,1,8,1,0,0,1,12,1,1,4,6,1,0
48,481570,1,1,2,5,9,1,15,1,0,1,0,48,2,12,401,12401,14,2004,1FMZU63K84ZB,1,F,M,Z,U,6,3,K,8,4,Z,B,0,P,FORD,EPR,UT,4,17,4094,,0,1137,,F,,0,0,000000000,00000000000,0,0,0,1,0,0,0,0,0,0,0,94,0,2,5,0,0,6,2,1,0,0,0,1,48,79250,6,1,0,0,3,3,999,999,0,0,0,0,0,0,0,0,0,1,0,0,0,0,1,2,55,1,2,8,1,0,0,1,6,6,3,4,2,1,1
48,481571,1,1,2,5,9,15,30,42,0,1,0,92,0,37,733,37733,90,1988,JH3TE0307JK2,J,H,3,T,E,0,3,0,7,J,K,2,0,M,HOND,TX2,AT,88,17,,,,,,,200,0,0,000000000,00000000000,0,0,0,1,0,0,0,0,0,0,0,998,0,0,0,12,12,9,9,42,0,0,0,1,48,77070,0,0,0,0,1,0,999,999,0,0,0,0,0,0,0,0,0,1,52,82,0,0,1,2,35,1,1,4,1,0,0,1,6,7,1,4,1,1,0
48,481572,1,2,2,5,9,14,31,12,6,1,0,92,0,6,51,6051,4,1999,2C3HE66G2XH7,2,C,3,H,E,6,6,G,2,X,H,7,0,P,CHRY,30M,4D,99,17,3474,,0,1130,,G,,0,0,000000000,00000000000,0,0,0,1,0,0,0,0,0,0,0,998,0,0,0,12,12,6,2,12,0,0,0,1,48,78741,3,1,0,0,2,3,999,999,0,0,0,0,0,0,0,0,0,0,39,0,0,0,2,4,60,1,1,8,1,3,3,1,17,1,1,1,69,1,0
48,481572,2,2,2,5,9,14,31,12,6,1,0,48,2,20,422,20422,15,2005,3GNEC16Z05G2,3,G,N,E,C,1,6,Z,0,5,G,2,0,P,CHEV,C15,UT,5,17,5268,,0,1300,,F,,0,0,000000000,00000000000,0,0,0,1,0,0,0,0,0,0,0,998,0,1,1,3,3,4,3,12,0,0,0,1,48,78745,6,1,0,0,3,3,999,999,0,0,0,0,0,0,0,0,0,0,0,0,0,0,2,4,60,1,1,8,1,3,3,11,66,1,1,2,68,0,0
48,481573,1,1,4,6,9,18,14,1,0,1,0,48,2,12,401,12401,14,1999,1FMZU32E2XZB,1,F,M,Z,U,3,2,E,2,X,Z,B,0,P,FORD,EPR,UT,99,17,3891,,0,1116,,G,,0,0,000000000,00000000000,0,0,0,1,0,0,0,0,0,0,0,998,0,2,5,0,99,6,2,1,0,0,0,1,48,76533,6,2,0,0,3,3,999,999,0,0,0,0,0,0,0,0,0,1,58,0,0,0,1,2,70,1,1,8,1,0,0,1,13,6,3,4,2,1,0
48,481574,1,2,1,6,9,16,10,12,2,1,0,48,2,12,422,12422,15,2004,1FMFU18L34LA,1,F,M,F,U,1,8,L,3,4,L,A,0,P,FORD,EPT,UT,4,17,5595,,0,1191,,G,,0,0,000000000,00000000000,0,0,0,1,0,0,0,0,0,0,0,998,0,0,0,12,12,6,2,12,0,0,0,1,48,77445,6,1,0,0,3,3,999,999,0,0,0,0,0,0,0,0,0,1,51,87,0,0,1,2,70,1,1,8,6,0,0,1,6,6,1,2,50,0,0
48,481574,2,2,5,6,9,16,10,12,2,1,0,48,1,37,441,37441,20,2007,5FNRL38707B4,5,F,N,R,L,3,8,7,0,7,B,4,0,P,HOND,UDY,SV,7,17,0,,0,1181,,G,,0,0,000000000,00000000000,0,0,0,1,0,0,0,0,0,0,0,998,0,0,0,12,12,6,2,12,0,0,0,1,48,78015,6,1,0,0,3,3,999,999,0,0,0,0,0,0,0,0,0,0,0,0,0,0,1,2,70,1,1,8,6,0,0,1,62,7,1,1,51,2,0
48,481575,1,1,2,6,9,13,20,1,0,1,0,48,3,12,881,12881,61,2008,1FDWW37R58ED,1,F,D,W,W,3,7,R,5,8,E,D,0,T,FORD,F3D,CH,8,17,,3,2000,1760,DRW,D,,0,57,60013,5760013,2,1,3,1,0,0,0,0,0,0,0,998,0,2,5,0,0,6,2,1,0,0,0,1,48,75110,6,1,0,0,3,0,999,999,0,0,0,0,0,0,0,0,0,0,58,0,0,0,1,2,70,1,1,8,1,0,0,1,13,6,3,4,2,1,0
48,481576,1,2,2,6,9,20,47,12,6,1,0,48,2,20,481,20481,31,1993,2GCEC19H3P12,2,G,C,E,C,1,9,H,3,P,1,2,0,T,CHEV,GC1,PC,93,17,,2,1555,1415,GM4,G,,0,0,000000000,00000000000,0,0,0,1,0,0,0,0,0,0,0,998,0,0,0,3,3,6,2,12,0,0,0,1,48,78620,0,0,0,0,0,0,999,999,0,0,0,0,0,0,0,0,0,0,38,0,0,0,1,2,99,1,1,8,1,20,3,1,17,1,1,1,87,1,1
48,481576,2,2,2,6,9,20,47,12,6,1,0,48,2,2,404,2404,14,1995,1J4GZ58S6SC5,1,J,4,G,Z,5,8,S,6,S,C,5,0,T,JEEP,LRO,4W,95,17,,1,0,1059,GCK,G,,0,0,000000000,00000000000,0,0,0,1,0,0,0,0,0,0,0,998,0,0,0,12,12,4,3,12,0,0,0,1,48,78676,0,0,0,0,0,0,999,999,0,0,0,0,0,0,0,0,0,0,0,0,0,0,1,2,55,3,1,8,1,0,0,14,66,1,1,1,86,0,1
48,481577,1,2,1,6,9,14,27,12,6,1,0,40,3,87,899,87899,66,2002,1NPAL6EX12D5,1,N,P,A,L,6,E,X,1,2,D,5,0,T,PTRB,357,TM,2,17,,8,0,0,CON,D,,0,57,00890661,5700890661,3,5,96,1,0,0,0,0,0,0,0,998,0,0,0,9,9,2,9,12,0,0,0,1,40,73096,6,1,6,0,3,0,67,164,0,0,0,0,0,0,0,0,0,0,38,0,0,0,1,2,99,1,1,8,1,20,3,3,17,1,1,1,89,0,0
48,481577,2,2,1,6,9,14,27,12,6,1,0,39,3,41,50,41050,4,2010,1YVHZ8BH0A5M,1,Y,V,H,Z,8,B,H,0,A,5,M,0,P,MAZD,M6I,4D,10,17,3258,,0,1098,,G,,0,0,000000000,00000000000,0,0,0,1,0,0,0,0,0,0,0,998,0,0,0,12,12,6,2,12,0,0,0,1,48,79109,6,1,0,0,3,0,999,999,0,0,0,0,0,0,0,0,0,0,0,0,0,0,2,4,70,1,1,8,1,0,0,1,66,7,1,1,88,1,0
48,481578,1,1,16,6,9,1,55,1,0,1,0,48,1,7,461,7461,21,1994,2B5WB35Z8RK1,2,B,5,W,B,3,5,Z,8,R,K,1,1,T,DODG,B3W,MP,94,17,,2,0,1276,RMW,G,,3,0,000000000,00000000000,0,0,0,1,0,0,0,0,0,0,0,998,0,1,1,0,0,6,2,1,0,0,0,1,48,75217,6,1,0,0,3,3,999,999,0,0,0,0,0,0,0,0,0,0,58,28,0,0,3,4,65,1,1,8,2,0,0,1,1,7,2,1,98,1,0
48,481579,1,2,1,6,9,12,25,12,6,1,0,48,1,23,471,23471,30,1999,1GTCS19X0X85,1,G,T,C,S,1,9,X,0,X,8,5,0,T,GMC,SON,PC,99,17,,1,0,1229,SON,G,,0,0,000000000,00000000000,0,0,0,1,0,0,0,0,0,0,0,998,0,0,0,12,12,4,3,12,0,0,0,1,48,76624,6,1,0,0,3,0,999,999,0,0,0,2,0,10,2008,1,2010,0,39,0,0,0,4,2,30,1,1,8,1,3,3,1,17,1,1,1,86,0,0