STATE,ST_CASE,VEH_NO,VE_FORMS,NUMOCCS,DAY,MONTH,HOUR,MINUTE,HARM_EV,MAN_COLL,UNITTYPE,HIT_RUN,REG_STAT,OWNER,MAKE,MODEL,MAK_MOD,BODY_TYP,MOD_YEAR,VIN,VIN_1,VIN_2,VIN_3,VIN_4,VIN_5,VIN_6,VIN_7,VIN_8,VIN_9,VIN_10,VIN_11,VIN_12,TOW_VEH,VINTYPE,VINMAKE,VINA_MOD,VIN_BT,VINMODYR,VIN_LNGT,VIN_WGT,WGTCD_TR,WHLBS_LG,WHLBS_SH,SER_TR,FUELCODE,MCYCL_DS,J_KNIFE,MCARR_I1,MCARR_I2,MCARR_ID,GVWR,V_CONFIG,CARGO_BT,HAZ_INV,HAZ_PLAC,HAZ_ID,HAZ_CNO,HAZ_REL,BUS_USE,SPEC_USE,EMER_USE,TRAV_SP,UNDERIDE,ROLLOVER,ROLINLOC,IMPACT1,IMPACT2,DEFORMED,TOWED,M_HARM,VEH_SC1,VEH_SC2,FIRE_EXP,DR_PRES,L_STATE,DR_ZIP,L_STATUS,L_TYPE,CDL_STAT,L_ENDORS,L_COMPL,L_RESTRI,DR_HGT,DR_WGT,PREV_ACC,PREV_SUS,PREV_DWI,PREV_SPD,PREV_OTH,FIRST_MO,FIRST_YR,LAST_MO,LAST_YR,SPEEDREL,DR_SF1,DR_SF2,DR_SF3,DR_SF4,VTRAFWAY,VNUM_LAN,VSPD_LIM,VALIGN,VPROFILE,VPAVETYP,VSURCOND,VTRAFCON,VTCONT_F,P_CRASH1,P_CRASH2,P_CRASH3,PCRASH4,PCRASH5,ACC_TYPE,DEATHS,DR_DRINK
48,481679,2,2,1,30,9,18,4,12,8,1,0,48,1,72,706,72706,80,2004,1HD1FYW194Y7,1,H,D,1,F,Y,W,1,9,4,Y,7,0,M,HD,RSI,RS,4,17,,,,,,,1450,0,0,000000000,00000000000,0,0,0,1,0,0,0,0,0,0,0,998,0,0,0,81,81,9,2,12,0,0,0,1,48,76542,6,1,0,0,3,0,68,218,0,0,0,0,0,0,0,0,0,0,0,0,0,0,5,4,45,1,2,8,1,3,3,1,62,3,4,1,66,1,0
48,481680,1,2,1,30,9,15,47,12,6,1,0,48,2,72,706,72706,80,2000,1HD4CAM39YK1,1,H,D,4,C,A,M,3,9,Y,K,1,0,M,HD,X88,RS,0,17,,,,,,,883,0,0,000000000,00000000000,0,0,0,1,0,0,0,0,0,0,0,998,0,0,0,12,12,9,2,12,0,0,0,1,48,77562,6,1,0,0,2,0,999,999,0,0,0,0,0,0,0,0,0,0,33,0,0,0,1,2,30,1,1,8,1,98,3,6,60,1,1,2,73,1,1
48,481680,2,2,20,30,9,15,47,12,6,1,0,48,3,82,981,82981,50,2001,4UZAAXBVX1CH,4,U,Z,A,A,X,B,V,X,1,C,H,0,T,FRHT,FS6,IC,1,17,,7,0,0,CHA,D,,0,88,888888888,88888888888,3,21,22,1,0,0,0,0,1,0,0,998,0,0,0,9,9,2,9,12,0,0,0,1,48,77523,6,1,6,1,3,0,999,999,0,0,0,0,0,0,0,0,0,0,0,0,0,0,1,2,30,1,1,8,1,98,3,11,15,1,1,1,72,0,0
48,481681,1,1,1,25,3,5,5,8,0,1,0,48,1,9,442,9442,20,1999,1P4GP44G3XB8,1,P,4,G,P,4,4,G,3,X,B,8,0,P,PLYM,VOF,SV,99,17,3856,,0,1193,,F,,0,0,000000000,00000000000,0,0,0,1,0,0,0,0,0,0,0,998,0,0,0,12,12,4,1,8,0,0,0,1,48,77632,6,1,0,0,3,0,999,999,0,0,0,0,0,0,0,0,0,0,0,0,0,0,4,2,55,1,1,8,2,0,0,1,80,1,1,1,13,0,0
48,481682,1,1,1,4,4,19,10,8,0,1,0,48,1,12,21,12021,4,2005,1FAFP23115G1,1,F,A,F,P,2,3,1,1,5,G,1,0,P,FORD,5SE,4D,5,17,3643,,0,1129,,G,,0,0,000000000,00000000000,0,0,0,1,0,0,0,0,0,0,0,998,0,0,0,6,6,0,1,8,0,0,0,1,48,79763,6,1,0,0,3,3,999,999,0,0,0,1,0,8,2009,8,2009,0,31,0,0,0,1,2,30,1,1,8,1,0,0,13,80,1,1,7,98,0,0
48,481683,1,1,1,8,4,2,35,24,0,1,0,48,1,37,33,37033,2,1996,JHMBB2155TC0,J,H,M,B,B,2,1,5,5,T,C,0,0,P,HOND,SSR,CP,96,17,2773,,0,1004,,G,,0,0,000000000,00000000000,0,0,0,1,0,0,0,0,0,0,0,998,0,0,0,4,4,4,3,24,0,0,0,1,48,78641,1,1,0,0,2,3,999,999,0,4,0,1,0,10,2007,12,2009,0,0,0,0,0,6,1,99,1,1,8,1,0,0,15,8,6,4,4,7,1,1
48,481684,1,2,1,14,4,16,15,12,6,1,0,48,1,76,705,76705,80,2008,JYARJ16E88A0,J,Y,A,R,J,1,6,E,8,8,A,0,0,M,YAMA,R6L,RS,8,17,,,,,,,599,0,0,000000000,00000000000,0,0,0,1,0,0,0,0,0,0,0,998,0,0,0,12,12,9,2,12,0,0,0,1,48,79606,6,1,0,0,3,0,999,999,0,0,0,0,0,0,0,0,0,1,0,0,0,0,5,4,55,1,1,8,1,0,0,1,67,3,2,1,83,1,0
48,481684,2,2,2,14,4,16,15,12,6,1,0,48,1,7,482,7482,31,2006,3D7KR28C06G1,3,D,7,K,R,2,8,C,0,6,G,1,0,T,DODG,SQ2,CW,6,17,,2,1605,1405,RPC,D,,0,0,000000000,00000000000,0,0,0,1,0,0,0,0,0,0,0,998,0,0,0,9,9,4,3,12,0,0,0,1,48,79606,6,1,0,0,3,0,999,999,0,0,0,0,0,0,0,0,0,0,38,0,0,0,1,4,99,9,9,9,99,20,3,11,54,1,1,1,82,0,0
48,481685,1,1,1,15,5,5,30,42,0,1,0,92,0,49,40,49040,2,2000,2T1CG22P7YC3,2,T,1,C,G,2,2,P,7,Y,C,3,0,P,TOYT,CRE,CP,0,17,3120,,0,1051,,G,,0,0,000000000,00000000000,0,0,0,1,0,0,0,0,0,0,0,998,0,0,0,9,9,6,2,42,0,0,0,1,11,76110,6,1,0,0,3,0,72,170,0,0,0,0,0,0,0,0,0,1,0,0,0,0,2,2,40,2,1,8,2,0,0,14,6,99,4,4,7,1,1
48,481686,1,1,4,26,5,15,25,9,0,1,0,48,1,41,35,41035,4,1998,JM1BC142XW02,J,M,1,B,C,1,4,2,X,W,0,2,0,P,MAZD,PLS,4D,98,17,2573,,0,1026,,G,,0,0,000000000,00000000000,0,0,0,1,0,0,0,0,0,0,0,998,0,0,0,12,12,2,1,9,0,0,0,1,48,79602,6,1,0,0,3,3,999,999,0,0,0,1,0,10,2009,10,2009,0,0,0,0,0,1,2,55,1,1,8,1,0,0,1,83,3,2,1,13,0,0
48,481687,1,2,3,27,5,22,25,12,7,1,0,48,2,12,3,12003,2,2003,1FAFP44423F3,1,F,A,F,P,4,4,4,2,3,F,3,0,P,FORD,MUS,CV,3,17,3254,,0,1013,,G,,0,0,000000000,00000000000,0,0,0,1,0,0,0,0,0,0,0,998,0,0,0,3,12,2,3,30,0,0,0,1,48,77032,1,1,0,0,2,0,999,999,1,5,1,0,0,4,2008,8,2009,0,28,0,0,0,4,2,40,1,1,1,1,0,0,1,11,1,1,2,44,1,0
48,481687,2,2,1,27,5,22,25,12,7,1,0,48,2,20,481,20481,31,2007,2GCEC1307717,2,G,C,E,C,1,3,0,7,7,1,7,0,T,CHEV,1CW,CW,7,17,,2,0,1435,SIL,F,,0,0,000000000,00000000000,0,0,0,1,0,0,0,0,0,0,0,998,0,0,0,9,9,2,3,12,0,0,0,1,48,77093,6,1,0,0,3,3,999,999,0,0,0,1,0,8,2009,8,2009,0,0,0,0,0,4,2,40,1,1,1,1,0,0,1,60,7,1,1,45,0,0
48,481688,1,1,1,8,6,21,4,8,0,1,0,48,1,37,31,37031,4,2003,2HGES16533H5,2,H,G,E,S,1,6,5,3,3,H,5,0,P,HOND,UCL,4D,3,17,2513,,0,1031,,G,,0,0,000000000,00000000000,0,0,0,1,0,0,0,0,0,0,0,998,0,0,0,12,12,2,1,8,0,0,0,1,48,78418,6,1,0,0,3,3,999,999,2,0,0,1,0,2,2008,8,2008,0,0,0,0,0,5,4,35,1,1,8,1,0,0,1,80,1,1,1,13,0,0
48,481689,1,1,2,24,7,5,14,8,0,1,0,48,1,12,461,12461,21,2000,1FTRE1427YHB,1,F,T,R,E,1,4,2,7,Y,H,B,0,T,FORD,15V,CG,0,17,,2,0,1380,VAN,G,,0,0,000000000,00000000000,0,0,0,1,0,0,0,0,0,0,0,998,0,0,0,12,12,2,3,8,0,0,0,1,48,77065,6,1,0,0,3,0,999,999,1,0,0,0,1,5,2008,5,2008,0,0,0,0,0,3,4,60,1,1,8,1,0,0,1,80,1,1,1,13,0,0
48,481690,1,3,1,30,7,16,0,12,6,1,0,48,3,12,881,12881,61,1995,1FDKF37H1SNA,1,F,D,K,F,3,7,H,1,S,N,A,0,T,FORD,F35,CB,95,17,,3,1608,1330,COF,G,,0,88,888888888,88888888888,2,1,96,1,0,0,0,0,0,0,0,998,0,0,0,12,12,2,3,12,0,0,0,1,48,77535,6,1,0,0,3,0,999,999,0,1,0,1,0,1,2008,7,2010,0,39,0,0,0,4,3,50,1,1,1,1,3,3,1,17,1,1,1,86,0,0
48,481690,2,3,3,30,7,16,0,12,6,1,0,48,1,37,31,37031,4,2000,1HGEJ8649YL0,1,H,G,E,J,8,6,4,9,Y,L,0,0,P,HOND,UAX,4D,0,17,2562,,0,1032,,G,,0,0,000000000,00000000000,0,0,0,1,0,0,0,0,0,0,0,998,0,0,0,3,3,4,3,12,0,0,0,1,48,77040,6,1,0,0,3,0,999,999,0,0,0,0,0,0,0,0,0,0,0,0,0,0,2,4,99,1,8,1,1,3,3,1,66,1,1,1,87,1,0
48,481690,3,3,4,30,7,16,0,12,6,1,0,48,2,23,481,23481,31,2006,2GTEC13T4611,2,G,T,E,C,1,3,T,4,6,1,1,0,T,GMC,NC1,CW,6,17,,2,0,1435,SIE,G,,0,0,000000000,00000000000,0,0,0,1,0,0,0,0,0,0,0,998,0,0,0,1,1,2,3,12,0,0,0,1,48,77040,6,1,0,0,3,0,999,999,0,0,0,0,0,0,0,0,0,0,0,0,0,0,2,4,99,1,8,1,1,3,3,99,66,1,1,1,98,0,0
48,481691,1,1,1,5,8,10,30,43,0,1,0,48,1,12,481,12481,31,1995,1FTEF15N1SLB,1,F,T,E,F,1,5,N,1,S,L,B,0,T,FORD,F15,PK,95,17,,2,1330,1170,COF,G,,0,0,000000000,00000000000,0,0,0,1,0,0,0,0,0,0,0,998,0,0,0,12,12,6,2,2,0,0,1,1,48,75418,3,1,0,0,2,3,999,999,0,0,0,0,0,0,0,0,0,0,0,0,0,0,1,2,55,1,1,8,1,0,0,1,13,1,1,4,1,1,1
48,481692,1,1,1,5,8,13,15,25,0,1,0,48,1,73,705,73705,80,2008,JKAZX4P128A0,J,K,A,Z,X,4,P,1,2,8,A,0,0,M,KAWK,ZXP,RS,8,17,,,,,,,599,0,0,000000000,00000000000,0,0,0,1,0,0,0,0,0,0,0,998,0,0,0,99,99,9,3,31,0,0,0,1,48,76240,6,1,0,0,3,0,72,237,0,1,0,1,1,8,2009,4,2010,1,0,0,0,0,3,2,70,2,1,8,1,0,0,14,6,1,1,4,6,1,0
48,481693,1,1,1,13,8,2,46,33,0,1,0,27,1,72,706,72706,80,2005,1HD4CMM185K4,1,H,D,4,C,M,M,1,8,5,K,4,0,M,HD,XLL,RS,5,17,,,,,,,883,0,0,000000000,00000000000,0,0,0,1,0,0,0,0,0,0,0,998,0,0,0,99,99,9,3,1,0,0,0,1,15,76548,6,1,0,0,2,0,68,176,0,0,0,0,0,0,0,0,0,0,0,0,0,0,5,4,40,3,1,8,1,0,0,14,13,1,1,4,1,1,1
48,481694,1,2,1,13,8,7,27,12,6,1,0,48,1,12,471,12471,30,1997,1FTCR14X9VPA,1,F,T,C,R,1,4,X,9,V,P,A,0,T,FORD,RNS,PS,97,17,,1,0,1250,RNG,G,,0,0,000000000,00000000000,0,0,0,1,0,0,0,0,0,0,0,998,0,1,5,3,3,4,3,1,0,0,0,1,48,77581,6,1,0,0,3,0,999,999,2,1,0,1,0,12,2007,11,2008,0,38,0,0,0,1,2,99,1,8,8,1,20,3,1,17,1,1,1,87,1,0
48,481694,2,2,1,13,8,7,27,12,6,1,0,48,2,14,401,14401,14,2006,4M2EU388X6ZJ,4,M,2,E,U,3,8,8,X,6,Z,J,0,P,MERC,MOU,UT,6,17,4504,,0,1137,,G,,0,0,000000000,00000000000,0,0,0,1,0,0,0,0,0,0,0,998,0,0,0,12,12,4,3,12,0,0,0,1,48,77546,6,1,0,0,3,3,999,999,0,0,0,0,0,0,0,0,0,0,0,0,0,0,1,2,30,1,1,8,1,0,0,1,66,1,1,1,86,0,0
48,481695,1,1,1,27,8,7,57,8,0,1,0,48,1,20,2,20002,4,1987,1G1BU51H2HX1,1,G,1,B,U,5,1,H,2,H,X,1,0,P,CHEV,CCB,4D,87,17,3576,,0,1160,,G,,0,0,000000000,00000000000,0,0,0,1,0,0,0,0,0,0,0,998,0,0,0,12,12,2,1,8,0,0,0,1,48,76043,6,1,0,0,3,3,999,999,0,2,0,0,0,2,2010,3,2010,1,0,0,0,0,1,2,20,1,2,8,1,0,0,1,80,1,1,1,13,0,0
48,481696,1,1,1,29,8,3,5,8,0,1,1,99,9,12,3,12003,2,9999,999999999999,9,9,9,9,9,9,9,9,9,9,9,9,0,U,,,,9,17,,,,,,,,0,0,000000000,00000000000,0,0,0,1,0,0,0,0,0,0,0,998,0,0,0,12,12,9,1,8,0,0,0,1,99,99999,9,9,99,0,9,9,999,999,99,99,99,99,99,99,9999,99,9999,0,0,0,0,0,3,4,60,1,1,8,1,0,0,1,80,1,1,1,13,0,0
48,481697,1,2,2,30,8,16,15,25,0,1,0,48,1,24,2,24002,2,2002,1G8ZR14732Z1,1,G,8,Z,R,1,4,7,3,2,Z,1,0,P,STRN,SC2,3P,2,17,2437,,0,1024,,G,,0,0,000000000,00000000000,0,0,0,1,0,0,0,0,0,0,0,998,3,0,0,5,9,6,2,12,0,0,0,1,48,77095,6,1,0,0,3,0,999,999,0,0,0,0,0,0,0,0,0,1,0,0,0,0,3,3,65,1,1,8,2,0,0,15,8,7,4,4,2,1,0
48,481697,2,2,2,30,8,16,15,25,0,1,0,93,3,82,883,82883,66,2001,1FUJAPBG11LH,1,F,U,J,A,P,B,G,1,1,L,H,1,T,FRHT,FL3,DS,1,17,,8,0,0,CON,D,,1,57,1249659,571249659,3,6,1,1,0,0,0,0,0,0,0,998,0,0,0,3,3,2,9,12,0,0,0,1,48,78572,6,1,6,0,3,0,999,999,0,0,0,0,1,12,2009,12,2009,0,0,0,0,0,3,3,65,1,1,8,2,0,0,1,60,1,1,1,98,0,0
48,481698,1,2,1,31,8,8,20,12,6,1,0,48,3,76,706,76706,80,2005,JYAVP11E85A0,J,Y,A,V,P,1,1,E,8,5,A,0,0,M,YAMA,XVA,RS,5,17,,,,,,,1063,0,0,000000000,00000000000,0,0,0,1,0,0,0,0,0,0,0,998,0,0,0,99,99,9,2,12,0,0,0,1,48,77365,6,1,0,0,3,0,999,999,0,0,0,0,0,0,0,0,0,0,0,0,0,0,1,4,30,1,1,1,1,0,0,1,17,99,9,3,69,1,0
48,481698,2,2,1,31,8,8,20,12,6,1,0,48,2,20,2,20002,4,2006,2G1WC5817691,2,G,1,W,C,5,8,1,7,6,9,1,0,P,CHEV,IMT,4D,6,17,3477,,0,1105,,G,,0,0,000000000,00000000000,0,0,0,1,0,0,0,0,0,0,0,998,0,0,0,3,3,2,3,12,0,0,0,1,48,77022,0,0,0,0,0,0,999,999,1,3,0,0,0,2,2008,11,2009,0,38,92,0,0,1,4,30,1,1,1,1,0,0,11,15,1,1,1,68,0,0
48,481699,1,3,2,21,3,1,46,12,1,1,0,48,6,37,32,37032,2,2001,1HGCG22551A0,1,H,G,C,G,2,2,5,5,1,A,0,0,P,HOND,UEX,CP,1,17,3283,,0,1051,,G,,0,0,000000000,00000000000,0,0,0,1,0,0,0,0,0,0,0,0,0,0,0,6,12,4,3,12,0,0,0,0,,,,,,,,,999,,,,,,,,,,,,54,0,0,0,6,1,60,3,1,8,4,0,0,0,53,0,0,0,98,0,0
48,481699,2,3,1,21,3,1,46,12,1,1,0,48,2,41,37,41037,4,1998,1YVGF22C6W57,1,Y,V,G,F,2,2,C,6,W,5,7,0,P,MAZD,UDL,4D,98,17,2798,,0,1051,,G,,0,0,000000000,00000000000,0,0,0,1,0,0,0,0,0,0,0,998,0,0,0,12,12,4,3,8,0,0,0,1,48,76012,1,1,0,0,2,3,999,999,0,4,0,0,0,9,2007,10,2008,0,0,0,0,0,6,1,60,3,1,8,4,0,0,14,50,99,1,1,98,0,0
48,481699,3,3,1,21,3,1,46,12,1,1,0,48,1,37,32,37032,4,1999,JHMCG5540XC0,J,H,M,C,G,5,5,4,0,X,C,0,0,P,HOND,ULX,4D,99,17,2987,,0,1069,,G,,0,0,000000000,00000000000,0,0,0,1,0,0,0,0,0,0,0,998,0,0,0,12,12,4,3,12,0,0,0,1,48,76112,0,0,0,0,0,0,999,999,0,0,0,0,0,0,0,0,0,0,0,0,0,0,6,1,60,3,1,8,4,0,0,14,50,99,1,1,98,0,0
48,481700,1,2,1,8,4,0,8,12,1,1,0,48,1,37,706,37706,80,2006,1HFSC55086A2,1,H,F,S,C,5,5,0,8,6,A,2,0,M,HOND,13V,RS,6,17,,,,,,,1312,0,0,000000000,00000000000,0,0,0,1,0,0,0,0,0,0,0,998,0,0,0,12,12,4,3,12,0,0,0,1,48,79936,1,1,1,0,2,0,999,999,0,3,0,2,0,10,2008,3,2010,1,0,0,0,0,3,3,60,1,1,8,1,0,0,1,51,1,1,1,24,1,1
48,481700,2,2,2,8,4,0,8,12,1,1,0,48,1,49,472,49472,30,2002,5TEGN92NX2Z1,5,T,E,G,N,9,2,N,X,2,Z,1,0,T,TOYT,DCP,CW,2,17,,1,0,1219,TAC,G,,0,0,000000000,00000000000,0,0,0,1,0,0,0,0,0,0,0,998,0,0,0,6,6,4,3,12,0,0,0,1,48,79938,6,1,0,0,3,0,999,999,0,0,0,1,0,2,2008,2,2008,0,0,0,0,0,3,3,60,1,1,8,1,0,0,1,53,1,1,1,25,0,0
48,481701,1,1,2,10,4,4,23,33,0,1,0,48,1,22,22,22022,4,2006,1G2ZG5588641,1,G,2,Z,G,5,5,8,8,6,4,1,0,P,PONT,GS1,4D,6,17,3419,,0,1123,,G,,0,0,000000000,00000000000,0,0,0,1,0,0,0,0,0,0,0,998,0,0,0,14,12,6,2,39,0,0,0,1,48,79930,1,1,0,0,2,3,999,999,1,4,0,0,1,10,2007,4,2010,1,0,0,0,0,1,4,30,1,1,8,1,0,0,1,6,99,9,4,2,1,1
48,481702,1,1,2,17,4,5,55,30,0,1,0,48,2,37,33,37033,2,2000,JHMBB6146YC0,J,H,M,B,B,6,1,4,6,Y,C,0,0,P,HOND,PRE,CP,0,17,2954,,0,1017,,G,,0,0,000000000,00000000000,0,0,0,1,0,0,0,0,0,0,0,998,0,0,0,9,9,4,3,30,0,0,0,1,48,76103,0,0,0,0,0,0,999,999,0,0,0,0,0,0,0,0,0,1,0,0,0,0,1,4,40,1,3,8,2,0,0,1,9,1,3,4,2,1,0
48,481703,1,1,3,29,4,8,1,32,0,1,0,48,3,49,403,49403,14,2010,5TDZK3EH6AS0,5,T,D,Z,K,3,E,H,6,A,S,0,0,P,TOYT,HIG,UT,10,17,0,,0,1220,,G,,0,0,000000000,00000000000,0,0,0,1,0,0,0,0,0,0,0,998,0,1,5,99,99,6,2,1,0,0,0,1,48,76118,6,1,0,0,3,3,999,999,0,0,0,0,0,0,0,0,0,1,0,0,0,0,2,4,40,3,1,8,99,0,0,14,12,7,2,4,2,1,0
48,481704,1,1,1,2,5,9,53,38,0,1,0,48,1,12,471,12471,30,1999,1FTYR10V3XUB,1,F,T,Y,R,1,0,V,3,X,U,B,0,T,FORD,RNG,PK,99,17,,1,1175,1116,RNG,F,,0,0,000000000,00000000000,0,0,0,1,0,0,0,0,0,0,0,998,0,1,6,99,99,9,2,38,0,0,0,1,48,77565,6,1,0,0,3,3,68,157,0,0,0,0,1,6,2009,6,2009,0,0,0,0,0,2,9,65,1,1,8,1,0,0,1,9,99,9,4,2,1,0
48,481705,1,1,1,2,5,4,5,19,0,1,1,48,2,20,481,20481,31,2009,3GCEC23029G1,3,G,C,E,C,2,3,0,2,9,G,1,0,T,CHEV,2SC,CW,9,17,,2,0,1435,SIL,F,,0,0,000000000,00000000000,0,0,0,1,0,0,0,0,0,0,0,998,0,0,0,12,12,4,3,8,0,0,0,1,48,77023,0,0,0,0,0,0,999,999,0,0,0,0,0,0,0,0,0,0,38,28,0,0,1,2,30,1,1,1,1,97,8,1,14,1,1,4,14,0,1
48,481706,1,1,1,9,5,17,30,43,0,1,0,48,2,12,423,12423,15,2000,1FMNU43S8YEE,1,F,M,N,U,4,3,S,8,Y,E,E,0,P,FORD,EXC,UT,0,17,7188,,0,1371,,G,,0,0,000000000,00000000000,0,0,0,1,0,0,0,0,0,0,0,998,0,0,0,12,10,6,2,42,0,0,0,1,48,78572,0,0,0,0,0,0,999,999,0,0,0,0,0,0,0,0,0,1,58,0,0,0,1,2,45,1,1,8,1,0,0,6,6,1,4,4,7,1,0
48,481707,1,1,1,19,5,20,50,8,0,1,0,48,1,52,34,52034,4,2009,4A3AB36F69E0,4,A,3,A,B,3,6,F,6,9,E,0,0,P,MITS,GES,4D,9,17,3395,,0,1083,,G,,0,0,000000000,00000000000,0,0,0,1,0,0,0,0,0,0,0,998,0,0,0,12,12,2,1,8,0,0,0,1,48,77079,6,1,0,0,3,0,999,999,0,0,0,0,0,0,0,0,0,0,0,0,0,0,2,4,35,1,1,2,1,0,0,1,80,1,1,1,13,0,0
48,481708,1,1,2,20,5,17,12,14,0,1,0,48,2,1,7,1007,4,1982,2CMCA0552CB7,2,C,M,C,A,0,5,5,2,C,B,7,0,P,AMER,CDL,4D,82,17,2768,,0,1080,,G,,0,0,000000000,00000000000,0,0,0,1,0,0,0,0,0,0,0,998,0,0,0,81,81,6,2,14,0,0,0,1,48,76105,1,1,0,0,2,0,999,999,0,2,0,0,0,9,2009,9,2009,1,28,0,0,0,2,9,60,2,1,8,1,0,0,6,12,1,1,4,11,1,0
48,481709,1,1,1,31,5,2,30,42,0,1,0,48,2,52,46,52046,4,2004,JA3AJ86E74U0,J,A,3,A,J,8,6,E,7,4,U,0,0,P,MITS,LZR,4D,4,17,2700,,0,1024,,G,,0,0,000000000,00000000000,0,0,0,1,0,0,0,0,0,0,0,998,0,0,0,81,81,4,3,42,0,0,0,1,48,77083,6,1,0,0,3,0,999,999,0,0,0,1,0,1,2010,1,2010,0,0,0,0,0,2,4,35,1,1,1,1,0,0,1,12,1,4,4,7,1,1
48,481710,1,1,1,5,7,13,17,1,0,1,0,48,1,53,706,53706,80,2009,JS1VS55A7921,J,S,1,V,S,5,5,A,7,9,2,1,0,M,SUZI,VL8,RS,9,17,,,,,,,805,0,0,000000000,00000000000,0,0,0,1,0,0,0,0,0,0,0,998,0,0,0,0,0,9,2,1,0,0,0,1,48,79762,6,1,0,0,3,0,999,999,1,0,0,0,0,8,2007,8,2007,1,0,0,0,0,1,2,55,3,2,8,1,0,0,14,6,1,2,4,2,1,0
48,481711,1,1,1,16,7,2,48,59,0,1,0,48,1,73,706,73706,80,2000,JKBVNAG12YA0,J,K,B,V,N,A,G,1,2,Y,A,0,0,M,KAWK,V5G,RS,0,17,,,,,,,1500,0,0,000000000,00000000000,0,0,0,1,0,0,0,0,0,0,0,998,0,0,0,12,12,6,2,59,0,0,0,1,48,77590,1,1,0,0,2,0,79,999,0,2,0,0,1,11,2008,3,2010,1,0,0,0,0,1,2,20,2,1,8,1,0,0,14,12,1,1,4,6,1,1
48,481712,1,2,1,22,7,9,53,12,8,1,0,48,1,21,2,21002,4,1995,1G3HN52K5S48,1,G,3,H,N,5,2,K,5,S,4,8,0,P,OLDS,88R,4D,95,17,3439,,0,1108,,G,,0,0,000000000,00000000000,0,0,0,1,0,0,0,0,0,0,0,998,0,0,0,9,9,2,3,12,0,0,0,1,48,76705,6,1,0,0,3,0,66,170,0,0,0,0,0,0,0,0,0,0,0,0,0,0,2,9,55,1,1,8,1,0,0,12,10,1,1,1,98,1,0
48,481712,2,2,2,22,7,9,53,12,8,1,0,48,3,84,881,84881,66,2005,3HSCESBRX5N0,3,H,S,C,E,S,B,R,X,5,N,0,1,T,INTL,92I,DS,5,17,,8,0,0,920,D,,1,57,79127,5779127,3,6,3,1,0,0,0,0,0,0,0,998,0,0,0,1,12,2,3,12,0,0,0,1,48,76667,6,1,6,0,3,3,999,999,0,0,0,0,0,0,0,0,0,0,0,0,0,0,2,9,55,1,1,8,1,0,0,1,64,3,2,2,98,0,0
48,481713,1,1,1,23,7,18,30,32,0,1,0,48,2,13,1,13001,4,2005,1LNHM81W65Y6,1,L,N,H,M,8,1,W,6,5,Y,6,0,P,LINC,SIG,4D,5,17,4359,,0,1177,,G,,0,0,000000000,00000000000,0,0,0,1,0,0,0,0,0,0,0,998,0,0,0,12,12,6,2,32,0,0,0,1,48,79772,6,1,0,0,3,3,999,999,0,0,0,1,0,6,2010,6,2010,0,0,0,0,0,1,2,30,3,1,8,1,0,0,14,12,3,4,4,7,1,0
48,481714,1,1,3,27,7,19,0,35,0,1,0,48,2,20,37,20037,4,2001,1G1ND52J0161,1,G,1,N,D,5,2,J,0,1,6,1,0,P,CHEV,MAL,4D,1,17,3051,,0,1070,,G,,0,0,000000000,00000000000,0,0,0,1,0,0,0,0,0,0,0,998,0,1,5,1,1,4,3,35,0,0,0,1,48,78574,0,0,0,0,0,0,999,999,0,0,0,0,0,0,0,0,0,1,91,0,0,0,1,2,45,1,1,5,11,0,0,1,6,99,3,4,2,1,1
48,481715,1,2,1,3,8,22,31,12,1,1,0,48,2,53,706,53706,80,2007,JS1GW71A5721,J,S,1,G,W,7,1,A,5,7,2,1,0,M,SUZI,GRZ,RS,7,17,,,,,,,1299,0,0,000000000,00000000000,0,0,0,1,0,0,0,0,0,0,0,998,0,0,0,12,12,9,2,12,0,0,0,1,48,77591,6,1,0,0,3,0,999,999,0,0,0,0,0,0,0,0,0,1,0,0,0,0,1,2,45,1,1,8,1,0,0,1,51,1,1,1,24,1,1
48,481715,2,2,4,3,8,22,31,12,1,1,0,37,1,20,431,20431,16,1997,3GNFK16R0VG1,3,G,N,F,K,1,6,R,0,V,G,1,0,P,CHEV,K15,UT,97,17,0,,0,1315,,G,,0,0,000000000,00000000000,0,0,0,1,0,0,0,0,0,0,0,998,0,0,0,6,6,4,3,12,0,0,0,1,37,77591,6,1,0,0,3,0,71,999,0,0,0,0,0,0,0,0,0,0,0,0,0,0,1,2,45,1,1,8,1,0,0,1,53,1,1,1,25,0,0
48,481716,1,1,1,5,8,7,55,42,0,1,0,48,2,20,481,20481,31,2002,2GCEK19TX211,2,G,C,E,K,1,9,T,X,2,1,1,0,T,CHEV,SK1,4C,2,17,,2,1575,1435,SIL,G,,0,0,000000000,00000000000,0,0,0,1,0,0,0,0,0,0,0,998,0,0,0,11,11,4,3,42,0,0,0,1,48,76470,1,1,0,0,2,0,999,999,0,1,0,0,0,2,2010,2,2010,0,0,0,0,0,1,2,55,1,1,8,1,0,0,1,12,1,1,4,6,1,0