STATE,ST_CASE,VEH_NO,VE_FORMS,NUMOCCS,DAY,MONTH,HOUR,MINUTE,HARM_EV,MAN_COLL,UNITTYPE,HIT_RUN,REG_STAT,OWNER,MAKE,MODEL,MAK_MOD,BODY_TYP,MOD_YEAR,VIN,VIN_1,VIN_2,VIN_3,VIN_4,VIN_5,VIN_6,VIN_7,VIN_8,VIN_9,VIN_10,VIN_11,VIN_12,TOW_VEH,VINTYPE,VINMAKE,VINA_MOD,VIN_BT,VINMODYR,VIN_LNGT,VIN_WGT,WGTCD_TR,WHLBS_LG,WHLBS_SH,SER_TR,FUELCODE,MCYCL_DS,J_KNIFE,MCARR_I1,MCARR_I2,MCARR_ID,GVWR,V_CONFIG,CARGO_BT,HAZ_INV,HAZ_PLAC,HAZ_ID,HAZ_CNO,HAZ_REL,BUS_USE,SPEC_USE,EMER_USE,TRAV_SP,UNDERIDE,ROLLOVER,ROLINLOC,IMPACT1,IMPACT2,DEFORMED,TOWED,M_HARM,VEH_SC1,VEH_SC2,FIRE_EXP,DR_PRES,L_STATE,DR_ZIP,L_STATUS,L_TYPE,CDL_STAT,L_ENDORS,L_COMPL,L_RESTRI,DR_HGT,DR_WGT,PREV_ACC,PREV_SUS,PREV_DWI,PREV_SPD,PREV_OTH,FIRST_MO,FIRST_YR,LAST_MO,LAST_YR,SPEEDREL,DR_SF1,DR_SF2,DR_SF3,DR_SF4,VTRAFWAY,VNUM_LAN,VSPD_LIM,VALIGN,VPROFILE,VPAVETYP,VSURCOND,VTRAFCON,VTCONT_F,P_CRASH1,P_CRASH2,P_CRASH3,PCRASH4,PCRASH5,ACC_TYPE,DEATHS,DR_DRINK
48,481717,1,1,1,6,8,20,10,1,0,1,0,48,1,21,20,21020,4,1988,2G3AJ51W7J93,2,G,3,A,J,5,1,W,7,J,9,3,0,P,OLDS,CCI,4D,88,17,2662,,0,1049,,G,,0,0,000000000,00000000000,0,0,0,1,0,0,0,0,0,0,0,998,0,1,5,0,0,4,3,1,0,0,0,1,48,79323,0,0,0,0,0,0,999,999,0,2,0,0,0,10,2008,10,2009,0,58,0,0,0,1,2,60,1,1,8,1,0,0,1,13,6,4,4,98,1,1
48,481718,1,2,1,6,8,0,41,8,0,1,0,48,1,35,47,35047,4,2010,1N4AL2AP3AN4,1,N,4,A,L,2,A,P,3,A,N,4,0,P,NISS,ATS,4D,10,17,3063,,0,1093,,G,,0,0,000000000,00000000000,0,0,0,1,0,0,0,0,0,0,0,998,0,0,0,11,11,2,3,8,0,0,0,1,48,75473,6,1,0,0,3,3,999,999,0,0,0,0,0,0,0,0,0,0,0,0,0,0,2,4,65,1,1,8,1,0,0,1,80,1,1,1,13,0,0
48,481718,2,2,3,6,8,0,41,8,0,1,0,48,1,22,16,22016,2,2003,1G2JB12F3371,1,G,2,J,B,1,2,F,3,3,7,1,0,P,PONT,SFR,CP,3,17,2771,,0,1041,,G,,0,0,000000000,00000000000,0,0,0,1,0,0,0,0,0,0,0,998,0,0,0,99,99,0,1,8,0,0,0,1,48,75446,6,1,0,0,3,0,999,999,0,0,0,0,1,8,2010,8,2010,0,0,0,0,0,2,4,65,1,1,8,1,0,0,1,80,6,1,1,98,0,0
48,481719,1,1,1,7,8,18,11,1,0,1,0,48,2,35,472,35472,30,1998,1N6DD26S2WC3,1,N,6,D,D,2,6,S,2,W,C,3,0,T,NISS,KXS,PC,98,17,,1,0,1161,FRT,G,,0,0,000000000,00000000000,0,0,0,1,0,0,0,0,0,0,0,998,0,1,1,0,0,4,3,1,0,0,0,1,48,75455,0,0,0,0,0,0,999,999,0,0,0,0,0,0,0,0,0,1,58,0,0,0,1,4,70,2,2,8,1,0,0,14,13,6,3,2,98,1,1
48,481720,1,1,4,15,8,2,29,24,0,1,0,48,1,59,35,59035,4,2001,JTHBD1824100,J,T,H,B,D,1,8,2,4,1,0,0,0,P,LEXS,IS3,4D,1,17,3270,,0,1051,,G,,0,0,000000000,00000000000,0,0,0,1,0,0,0,0,0,0,0,998,0,0,0,12,12,6,2,24,0,0,0,1,48,77041,6,1,0,0,3,0,999,999,0,0,0,0,1,6,2010,6,2010,1,91,0,0,0,6,1,65,1,1,8,1,0,0,1,6,1,3,4,2,1,1
48,481721,1,1,1,16,8,20,26,30,0,1,0,48,2,20,36,20036,2,1997,2G1WW12M9V92,2,G,1,W,W,1,2,M,9,V,9,2,0,P,CHEV,MLS,CP,97,17,3320,,0,1075,,G,,0,0,000000000,00000000000,0,0,0,1,0,0,0,0,0,0,0,998,0,1,5,99,99,4,3,30,0,0,0,1,48,79323,0,0,0,0,0,0,999,999,0,0,0,0,0,0,0,0,0,0,58,0,0,0,1,2,60,1,1,8,1,0,0,1,13,6,3,4,2,1,1
48,481722,1,1,1,22,8,2,4,8,0,1,1,48,2,12,401,12401,14,2005,1FMZU63K45UA,1,F,M,Z,U,6,3,K,4,5,U,A,0,P,FORD,EPR,UT,5,17,4094,,0,1137,,F,,0,0,000000000,00000000000,0,0,0,1,0,0,0,0,0,0,0,998,0,0,0,12,12,2,3,8,0,0,0,1,48,78043,0,0,0,0,0,0,999,999,0,0,0,0,0,0,0,0,0,1,91,0,0,0,4,3,40,1,1,8,1,0,0,1,80,1,1,1,13,0,0
48,481723,1,1,1,23,8,16,8,1,0,1,0,48,3,12,481,12481,31,1999,1FTNF20L2XEC,1,F,T,N,F,2,0,L,2,X,E,C,1,T,FORD,F2S,PK,99,17,,2,0,1370,SRW,G,,3,0,000000000,00000000000,0,0,0,1,0,0,0,0,0,0,0,998,0,1,3,0,0,6,2,1,0,0,0,1,48,79703,6,1,6,0,3,0,999,999,1,0,0,0,1,11,2008,12,2008,0,0,0,0,0,2,4,70,1,1,8,1,0,0,1,8,1,4,4,7,1,0
48,481724,1,1,1,27,8,20,50,25,0,1,0,48,2,34,34,34034,4,2003,WBAEV53453KM,W,B,A,E,V,5,3,4,5,3,K,M,0,P,BMW,30I,4D,3,17,3285,,0,1073,,G,,0,0,000000000,00000000000,0,0,0,1,0,0,0,0,0,0,0,998,0,0,0,12,12,4,3,25,0,0,0,1,48,77004,6,1,0,0,3,0,999,999,0,0,0,0,0,0,0,0,0,0,0,0,0,0,3,4,65,1,1,8,1,0,0,1,9,1,4,4,7,1,0
48,481725,1,1,2,27,8,3,4,32,0,1,0,48,2,20,481,20481,31,2009,1GCEC290X9Z2,1,G,C,E,C,2,9,0,X,9,Z,2,0,T,CHEV,2SC,4C,9,17,,2,1575,1339,SIL,F,,0,0,000000000,00000000000,0,0,0,1,0,0,0,0,0,0,0,73,0,1,5,12,12,6,2,32,0,0,0,1,48,75402,6,1,0,0,3,0,67,213,0,0,0,1,1,7,2008,10,2008,1,0,0,0,0,1,4,65,3,1,8,1,0,0,14,12,6,2,4,7,1,1
48,481726,1,1,1,29,8,19,47,25,0,1,0,48,2,49,472,49472,30,1996,4TANL42N3TZ1,4,T,A,N,L,4,2,N,3,T,Z,1,0,T,TOYT,REG,PK,96,17,,1,0,1033,TAC,G,,0,0,000000000,00000000000,0,0,0,1,0,0,0,0,0,0,0,998,0,1,5,12,12,4,3,25,0,0,0,1,48,75061,6,1,6,0,3,0,999,999,0,2,0,0,0,10,2007,5,2009,0,28,0,0,0,3,4,65,1,1,8,1,0,0,1,9,1,3,4,2,1,1
48,481727,1,1,1,30,8,20,40,58,0,1,0,48,1,37,706,37706,80,2007,1HFSC46037A5,1,H,F,S,C,4,6,0,3,7,A,5,0,M,HOND,XC1,RS,7,17,,,,,,,1795,0,0,000000000,00000000000,0,0,0,1,0,0,0,0,0,0,0,998,0,0,0,99,99,9,2,58,0,0,0,1,48,75119,6,1,0,0,3,3,999,999,0,0,0,1,0,7,2008,7,2008,0,0,0,0,0,1,2,55,3,1,8,1,0,0,14,13,1,1,4,1,1,1
48,481728,1,2,2,30,8,9,25,12,6,1,0,48,2,22,441,22441,20,2005,1GMDV23E35D1,1,G,M,D,V,2,3,E,3,5,D,1,0,T,PONT,MON,ES,5,17,,1,0,1200,MON,G,,0,0,000000000,00000000000,0,0,0,1,0,0,0,0,0,0,0,998,0,0,0,9,9,6,2,12,0,0,0,1,48,77859,0,0,0,0,0,0,999,999,0,0,0,0,0,0,0,0,0,0,0,0,0,0,1,2,70,1,2,8,1,0,0,11,53,1,1,1,74,1,0
48,481728,2,2,2,30,8,9,25,12,6,1,0,48,3,12,461,12461,21,1999,1FDSS34F2XHB,1,F,D,S,S,3,4,F,2,X,H,B,0,T,FORD,3SD,IE,99,17,,2,0,1380,VAN,D,,0,0,000000000,00000000000,0,0,0,1,0,0,0,0,0,6,0,998,0,0,0,12,12,4,3,12,0,0,0,1,48,77845,6,1,0,0,3,3,999,999,0,0,0,0,0,0,0,0,0,0,99,99,99,99,1,2,70,1,2,8,1,0,0,99,99,99,9,2,74,0,0
48,481729,1,1,1,30,8,7,43,32,0,1,0,93,3,87,881,87881,66,2007,1XP5DB9X87D6,1,X,P,5,D,B,9,X,8,7,D,6,1,T,PTRB,379,DS,7,17,,8,0,0,CON,D,,1,57,878032,57878032,3,6,8,1,0,0,0,0,0,0,0,998,0,2,1,12,3,6,2,1,0,0,0,1,48,77864,6,1,6,0,3,0,999,999,0,0,0,1,1,4,2010,6,2010,0,58,0,0,0,1,2,70,3,1,8,1,0,0,14,54,7,1,4,3,1,0
48,481730,1,1,1,25,9,21,3,8,0,1,0,48,1,20,481,20481,31,2003,1GCHC29U43E2,1,G,C,H,C,2,9,U,4,3,E,2,0,T,CHEV,2CH,4C,3,17,,2,1575,1435,SIL,G,,0,0,000000000,00000000000,0,0,0,1,0,0,0,0,0,0,0,998,0,0,0,12,12,4,1,8,0,0,0,1,48,75076,6,1,0,0,3,3,999,999,0,0,0,0,0,0,0,0,0,0,0,0,0,0,1,4,35,1,1,2,1,0,0,1,80,1,1,1,13,0,0
48,481731,1,1,1,25,9,21,53,1,0,1,0,48,2,20,431,20431,16,1992,1GNEC16K0NJ3,1,G,N,E,C,1,6,K,0,N,J,3,0,P,CHEV,C15,UT,92,17,4701,,0,1315,,G,,0,0,000000000,00000000000,0,0,0,1,0,0,0,0,0,0,0,998,0,2,5,0,3,2,3,1,0,0,0,1,48,77465,0,0,0,0,0,0,66,178,0,0,0,0,0,0,0,0,0,1,58,0,0,0,1,2,65,3,1,8,1,0,0,14,6,6,4,4,7,1,1
48,481732,1,1,1,25,9,20,35,11,0,1,0,48,2,76,705,76705,80,2000,JYAVM01E0YA0,J,Y,A,V,M,0,1,E,0,Y,A,0,0,M,YAMA,V6A,RS,0,17,,,,,,,649,0,0,000000000,00000000000,0,0,0,1,0,0,0,0,0,0,0,998,0,0,0,12,12,4,3,11,0,0,0,1,48,78877,0,0,0,0,0,0,999,999,0,0,0,0,0,0,0,0,0,0,83,0,0,0,1,2,55,1,1,8,1,0,0,1,87,1,1,1,13,1,0
48,481733,1,1,1,25,9,9,37,35,0,1,0,48,2,7,24,7024,4,2007,2B3KA43R77H6,2,B,3,K,A,4,3,R,7,7,H,6,0,P,DODG,CTL,4D,7,17,3648,,0,1200,,G,,0,0,000000000,00000000000,0,0,0,1,0,0,0,0,0,0,0,998,0,1,5,12,0,6,2,1,0,0,0,1,48,75633,4,1,0,0,2,0,999,999,0,1,0,0,0,4,2009,4,2009,1,0,0,0,0,1,2,70,2,2,8,1,0,0,14,12,1,1,4,6,1,0
48,481734,1,2,3,25,9,12,45,12,6,1,0,48,1,49,52,49052,5,2009,JTKKU104X9J0,J,T,K,K,U,1,0,4,X,9,J,0,0,P,TOYT,SXD,4H,9,17,2625,,0,969,,G,,0,0,000000000,00000000000,0,0,0,1,0,0,0,0,0,0,0,998,0,0,0,7,7,4,3,12,0,0,0,1,48,78617,6,1,0,0,3,3,999,999,0,0,0,0,0,0,0,0,0,0,38,0,0,0,1,2,99,1,1,8,1,20,3,11,15,1,1,1,82,0,0
48,481734,2,2,1,25,9,12,45,12,6,1,0,48,2,72,706,72706,80,2005,1HD4CAM125K4,1,H,D,4,C,A,M,1,2,5,K,4,0,M,HD,X88,RS,5,17,,,,,,,883,0,0,000000000,00000000000,0,0,0,1,0,0,0,0,0,0,0,998,0,0,0,12,12,6,2,12,0,0,0,1,48,78745,6,1,0,0,3,0,999,999,0,0,0,0,0,0,0,0,0,0,0,0,0,0,1,4,35,1,1,8,1,0,0,1,55,1,1,1,83,1,0
48,481735,1,1,1,26,9,3,14,35,0,1,0,48,1,22,441,22441,20,2002,1GMDX03E62D1,1,G,M,D,X,0,3,E,6,2,D,1,0,T,PONT,MON,ES,2,17,,1,0,1200,MON,G,,0,0,000000000,00000000000,0,0,0,1,0,0,0,0,0,0,0,104,0,0,0,12,12,4,3,35,0,0,0,1,48,75571,6,1,0,0,3,0,999,999,0,0,0,0,1,6,2008,6,2008,0,13,37,0,0,2,4,55,1,2,8,1,3,3,3,14,1,1,4,14,1,0
48,481736,1,1,1,26,9,2,44,33,0,1,0,48,1,20,2,20002,4,2000,2G1WF55E8Y91,2,G,1,W,F,5,5,E,8,Y,9,1,0,P,CHEV,IMP,4D,0,17,3389,,0,1110,,G,,0,0,000000000,00000000000,0,0,0,1,0,0,0,0,0,0,0,998,0,0,0,1,61,4,3,23,0,0,0,1,48,77013,0,0,0,0,0,0,999,999,0,0,0,0,0,0,0,0,0,0,0,0,0,0,3,4,35,1,1,1,1,0,0,1,13,1,1,4,1,1,1
48,481737,1,1,1,26,9,1,0,8,0,1,0,48,1,2,404,2404,14,1996,1J4FT78S5TL3,1,J,4,F,T,7,8,S,5,T,L,3,0,T,JEEP,CTY,4W,96,17,,1,0,1014,CHK,G,,0,0,000000000,00000000000,0,0,0,1,0,0,0,0,0,0,0,998,0,0,0,12,12,6,2,8,0,0,0,1,48,76705,6,1,0,0,3,3,999,999,0,0,0,0,0,0,0,0,0,0,0,0,0,0,3,6,65,1,2,8,1,0,0,1,80,1,1,1,13,0,0
48,481738,1,4,1,26,9,9,12,12,1,1,0,18,3,51,881,51881,66,2007,4V4NC9TG57N4,4,V,4,N,C,9,T,G,5,7,N,4,1,T,VOLV,VNL,DS,7,17,,8,0,0,VVN,D,,1,57,54283,5754283,3,6,1,1,0,0,0,0,0,0,0,998,0,0,0,12,12,4,3,12,0,0,0,1,48,75115,6,1,6,0,3,0,999,999,0,0,0,0,0,0,0,0,0,0,26,0,0,0,3,3,55,1,1,8,1,0,0,1,51,1,1,1,24,0,0
48,481738,2,4,3,26,9,9,12,12,1,1,0,48,1,13,12,13012,4,2002,1LNHM86S52Y7,1,L,N,H,M,8,6,S,5,2,Y,7,0,P,LINC,LLS,4D,2,17,3602,,0,1145,,G,,0,0,000000000,00000000000,0,0,0,1,0,0,0,0,0,0,0,998,0,0,0,6,6,6,2,12,0,0,0,1,48,76624,6,1,0,0,3,0,999,999,0,0,0,0,0,0,0,0,0,0,0,0,0,0,3,3,55,1,1,8,1,0,0,1,53,1,1,1,25,1,0
48,481738,3,4,2,26,9,9,12,12,1,1,0,48,1,49,40,49040,4,2005,4T1BE32K25U5,4,T,1,B,E,3,2,K,2,5,U,5,0,P,TOYT,XLL,4D,5,17,3108,,0,1071,,G,,0,0,000000000,00000000000,0,0,0,1,0,0,0,0,0,0,0,998,0,0,0,6,6,4,3,12,0,0,0,1,48,78721,6,1,0,0,3,3,999,999,0,0,0,0,0,0,0,0,0,0,0,0,0,0,3,3,55,1,1,8,1,0,0,1,53,1,1,1,98,0,0
48,481738,4,4,1,26,9,9,12,12,1,1,0,48,1,37,31,37031,2,2006,2HGFG12836H5,2,H,G,F,G,1,2,8,3,6,H,5,0,P,HOND,UAX,CP,6,17,2767,,0,1043,,G,,0,0,000000000,00000000000,0,0,0,1,0,0,0,0,0,0,0,998,0,0,0,6,6,4,3,12,0,0,0,1,48,77027,6,1,0,0,3,3,999,999,0,0,0,0,0,0,0,0,0,0,0,0,0,0,3,3,55,1,1,8,1,0,0,1,53,1,1,1,98,0,0
48,481739,1,2,2,26,9,4,30,12,2,1,0,48,1,12,481,12481,31,2000,1FTNW21F1YEC,1,F,T,N,W,2,1,F,1,Y,E,C,1,T,FORD,F2S,CW,0,17,,2,1724,1562,SRW,D,,1,0,000000000,00000000000,0,0,0,1,0,0,0,0,0,0,0,998,0,0,0,12,12,6,2,12,0,0,0,1,48,75647,6,1,0,0,3,0,999,999,0,0,0,0,0,0,0,0,0,0,0,0,0,0,1,2,65,1,1,8,2,0,0,1,54,6,1,1,51,0,0
48,481739,2,2,1,26,9,4,30,12,2,1,0,22,3,7,24,7024,4,2010,2B3CA3CV8AH2,2,B,3,C,A,3,C,V,8,A,H,2,0,P,DODG,CHS,4D,10,17,3820,,0,1200,,G,,0,0,000000000,00000000000,0,0,0,1,0,0,0,0,0,0,0,998,0,0,0,12,12,6,2,12,0,0,0,1,48,75605,6,1,0,0,3,0,73,246,0,1,0,0,0,7,2009,7,2009,0,51,23,0,0,1,2,65,1,1,8,2,0,0,1,54,1,1,1,50,1,1
48,481740,1,2,3,27,9,16,49,12,6,1,0,48,2,20,421,20421,15,2008,1GNFC13578R2,1,G,N,F,C,1,3,5,7,8,R,2,0,P,CHEV,CTA,UT,8,17,5270,,0,1160,,B,,0,0,000000000,00000000000,0,0,0,1,0,0,0,0,0,0,0,998,0,1,1,12,12,4,3,1,0,0,0,1,48,77040,6,1,0,0,3,0,999,999,0,0,0,0,0,0,0,0,0,1,0,0,0,0,2,4,40,1,1,8,1,0,0,3,66,1,1,1,88,0,0
48,481740,2,2,3,27,9,16,49,12,6,1,0,48,2,35,443,35443,20,2007,5N1BV28UX7N1,5,N,1,B,V,2,8,U,X,7,N,1,0,P,NISS,QST,SV,7,17,4291,,0,1240,,G,,0,0,000000000,00000000000,0,0,0,1,0,0,0,0,0,0,0,998,0,0,0,9,9,6,2,12,0,0,0,1,48,77040,6,1,0,0,3,0,999,999,0,0,0,0,0,0,0,0,0,0,0,0,0,0,1,2,99,8,8,8,1,20,3,1,19,1,1,1,89,3,0
48,481741,1,1,1,1,9,12,45,1,0,1,0,48,1,12,481,12481,31,2002,1FTNW21F92EB,1,F,T,N,W,2,1,F,9,2,E,B,0,T,FORD,F2S,CW,2,17,,2,1724,1562,SRW,D,,0,0,000000000,00000000000,0,0,0,1,0,0,0,0,0,0,0,998,0,1,5,0,0,6,2,1,0,0,0,1,48,79084,6,1,0,0,3,0,999,999,0,0,0,0,0,0,0,0,0,1,0,0,0,0,1,2,60,1,1,8,11,0,0,1,6,1,4,4,2,1,1
48,481742,1,1,1,28,9,7,40,9,0,1,0,48,2,35,39,35039,4,1999,JN1CA21A3XT1,J,N,1,C,A,2,1,A,3,X,T,1,0,P,NISS,MGS,4D,99,17,2896,,0,1063,,G,,0,0,000000000,00000000000,0,0,0,1,0,0,0,0,0,0,0,998,0,0,0,12,12,2,3,9,0,0,0,1,48,77807,6,1,0,0,3,0,71,165,0,0,0,0,0,0,0,0,0,0,0,0,0,0,5,4,55,1,1,8,1,0,0,1,83,1,1,1,13,0,0
48,481743,1,1,2,28,9,15,45,24,0,1,0,48,1,13,398,13398,4,1996,1LNLM82W4TY6,1,L,N,L,M,8,2,W,4,T,Y,6,0,P,LINC,SDJ,4D,96,17,4040,,0,1174,,G,,0,0,000000000,00000000000,0,0,0,1,0,0,0,0,0,0,0,998,0,1,5,99,9,4,3,1,0,0,0,1,48,75672,6,1,0,0,3,3,999,999,0,0,0,0,0,0,0,0,0,0,0,0,0,0,2,4,65,1,1,8,1,0,0,1,13,1,1,4,1,1,0
48,481744,1,1,1,28,9,4,50,42,0,1,0,48,1,12,16,12016,4,2005,2FAFP71W25X1,2,F,A,F,P,7,1,W,2,5,X,1,0,P,FORD,CVP,4D,5,17,0,,0,1147,,G,,0,0,000000000,00000000000,0,0,0,1,0,0,0,0,0,0,0,998,0,0,0,3,3,6,2,42,0,0,0,1,48,78140,6,1,6,0,3,2,64,168,0,0,0,1,0,9,2009,9,2009,1,33,74,0,0,1,2,60,3,2,8,1,0,0,6,6,1,4,4,7,1,0
48,481745,1,1,1,28,9,3,57,1,0,1,0,48,2,12,401,12401,14,2001,1FMZU62E21ZA,1,F,M,Z,U,6,2,E,2,1,Z,A,0,P,FORD,EPR,UT,1,17,3845,,0,1116,,G,,0,0,000000000,00000000000,0,0,0,1,0,0,0,0,0,0,0,998,0,2,5,0,3,4,3,58,0,0,0,1,48,75103,6,1,0,0,3,0,999,999,0,7,0,0,0,12,2007,2,2010,1,28,58,0,0,1,2,55,3,1,8,1,0,0,14,13,6,4,4,7,1,1
48,481746,1,2,1,29,9,11,1,12,6,1,0,48,3,12,880,12880,67,2008,1FTWW31R18EA,1,F,T,W,W,3,1,R,1,8,E,A,0,T,FORD,F3S,CW,8,17,,3,1720,1560,SRW,D,,0,57,1794244,571794244,2,1,97,1,0,0,0,0,0,0,0,998,0,0,0,12,12,4,3,12,0,0,0,1,48,75602,6,1,6,0,3,0,999,999,0,0,0,1,0,7,2008,7,2008,0,0,0,0,0,1,4,45,1,1,8,1,3,3,1,62,1,1,1,69,0,0
48,481746,2,2,2,29,9,11,1,12,6,1,0,18,1,20,403,20403,14,2007,1GNDT13S9721,1,G,N,D,T,1,3,S,9,7,2,1,0,P,CHEV,TRL,UT,7,17,4523,,0,1130,,G,,0,0,000000000,00000000000,0,0,0,1,0,0,0,0,0,0,0,998,0,0,0,3,3,6,2,12,0,0,0,1,18,46988,6,1,0,0,3,0,70,260,0,0,0,0,0,0,0,0,0,0,38,39,0,0,1,4,45,1,1,8,1,3,3,11,15,1,1,1,68,1,0
48,481747,1,1,1,29,9,17,25,35,0,1,0,28,3,85,881,85881,66,2004,1XKDDB0X24J3,1,X,K,D,D,B,0,X,2,4,J,3,1,T,KW,T80,DS,4,17,,8,2600,1600,CON,D,,1,57,982953,57982953,3,6,3,1,0,0,0,0,0,0,0,998,0,0,0,12,12,6,2,35,0,0,0,1,28,39476,6,1,6,0,3,0,72,186,0,0,0,0,0,0,0,0,0,0,24,0,0,0,3,2,70,1,2,8,1,0,0,1,13,1,1,4,1,1,0
48,481748,1,2,2,30,9,10,5,12,6,1,0,48,3,20,2,20002,4,2010,2G1WB5EK2A11,2,G,1,W,B,5,E,K,2,A,1,1,0,P,CHEV,IMT,4D,10,17,3555,,0,1105,,F,,0,0,000000000,00000000000,0,0,0,1,0,0,0,0,0,0,0,998,0,0,0,12,12,6,2,12,0,0,0,1,48,77450,0,0,0,0,0,0,999,999,0,0,0,0,0,0,0,0,0,1,91,0,0,0,2,2,40,1,1,8,1,0,0,1,17,1,1,1,69,0,0
48,481748,2,2,1,30,9,10,5,12,6,1,0,48,1,41,37,41037,4,1997,1YVGE22C4V56,1,Y,V,G,E,2,2,C,4,V,5,6,0,P,MAZD,UDL,4D,97,17,2749,,0,1028,,G,,0,0,000000000,00000000000,0,0,0,1,0,0,0,0,0,0,0,998,0,0,0,3,3,6,2,12,0,0,0,1,48,77450,6,1,0,0,3,3,999,999,0,0,0,0,0,0,0,0,0,0,0,0,0,0,2,2,40,1,1,8,1,0,0,11,15,1,1,1,68,1,0
48,481749,1,1,1,30,9,0,5,23,0,1,0,48,1,76,705,76705,80,2009,JYARJ16E99A0,J,Y,A,R,J,1,6,E,9,9,A,0,0,M,YAMA,R6L,RC,9,17,,,,,,,599,0,0,000000000,00000000000,0,0,0,1,0,0,0,0,0,0,0,998,0,0,0,81,81,9,2,23,0,0,0,1,48,77080,3,1,0,0,2,3,999,999,0,0,0,1,0,8,2009,8,2009,1,24,0,0,0,6,2,60,3,3,1,1,0,0,14,13,1,1,4,1,1,0
48,481750,1,1,1,30,9,23,39,24,0,1,0,48,2,20,481,20481,31,1983,1GCDC14HXDS1,1,G,C,D,C,1,4,H,X,D,S,1,0,T,CHEV,C10,PK,83,17,,1,1315,1175,C10,G,,0,0,000000000,00000000000,0,0,0,1,0,0,0,0,0,0,0,998,0,0,0,81,63,6,2,24,0,0,0,1,48,78025,1,1,0,0,2,0,999,999,0,24,0,3,2,6,2008,6,2010,0,58,0,0,0,1,2,50,1,1,8,1,0,0,1,13,1,1,4,1,1,1
48,481751,1,1,1,30,9,2,56,1,0,1,0,48,2,20,431,20431,16,1990,1GNER16K3LF1,1,G,N,E,R,1,6,K,3,L,F,1,0,P,CHEV,R15,UT,90,17,4301,,0,1295,,G,,0,0,000000000,00000000000,0,0,0,1,0,0,0,0,0,0,0,998,0,1,1,0,0,6,2,2,0,0,1,1,48,76255,6,1,0,0,3,0,65,144,0,0,0,0,0,0,0,0,0,0,28,58,0,0,1,2,55,1,1,8,1,0,0,1,13,6,4,6,98,1,0
48,481752,1,2,1,30,9,15,30,12,6,1,0,48,1,20,23,20023,6,2007,3GNDA13D27S6,3,G,N,D,A,1,3,D,2,7,S,6,0,P,CHEV,HHR,UT,7,17,3155,,0,1035,,G,,0,0,000000000,00000000000,0,0,0,1,0,0,0,0,0,0,0,998,0,0,0,9,9,6,2,12,0,0,0,1,48,78653,6,1,0,0,3,3,999,999,0,0,0,0,0,0,0,0,0,0,38,39,0,0,4,3,98,8,8,8,98,3,3,1,17,1,1,1,89,1,0
48,481752,2,2,1,30,9,15,30,12,6,1,0,48,3,12,481,12481,31,2010,1FTNF2A50AEB,1,F,T,N,F,2,A,5,0,A,E,B,0,T,FORD,F2S,PK,10,17,,2,0,1370,SRW,G,,0,0,000000000,00000000000,0,0,0,1,0,0,0,0,0,0,0,998,0,0,0,12,12,6,2,12,0,0,0,1,48,78641,6,1,6,0,3,0,999,999,0,0,0,1,0,9,2008,9,2008,0,0,0,0,0,4,2,99,1,1,8,1,3,3,1,66,1,1,1,88,0,0
48,481753,1,1,1,30,9,18,43,26,0,1,0,48,2,72,706,72706,80,2004,1HD1CLP184K4,1,H,D,1,C,L,P,1,8,4,K,4,0,M,HD,20R,RS,4,17,,,,,,,1200,0,0,000000000,00000000000,0,0,0,1,0,0,0,0,0,0,0,998,0,0,0,12,12,9,2,26,0,0,0,1,48,78752,1,1,0,0,2,3,999,999,1,19,1,0,1,11,2008,7,2010,0,0,0,0,0,3,2,35,2,6,8,1,0,0,14,12,1,1,4,6,1,1
48,481755,1,1,2,1,9,1,21,5,0,1,0,48,2,21,17,21017,4,1995,1G3AJ55M7S64,1,G,3,A,J,5,5,M,7,S,6,4,0,P,OLDS,CRL,4D,95,17,2733,,0,1049,,G,,0,0,000000000,00000000000,0,0,0,1,0,0,0,0,0,0,0,998,0,0,0,0,0,2,3,5,0,0,0,1,48,79412,6,1,0,0,3,0,999,999,0,4,0,1,0,1,2008,3,2010,0,21,0,0,0,1,2,35,1,1,8,1,20,3,1,98,1,1,1,0,1,1
48,481756,1,2,1,2,9,7,30,12,6,1,0,48,3,98,804,98804,66,2005,5KJJAECV25PU,5,K,J,J,A,E,C,V,2,5,P,U,1,T,WSTR,49F,DS,5,17,,8,0,0,CNV,D,,1,57,1988441,571988441,3,6,4,1,0,0,0,0,0,0,0,998,0,0,0,12,12,4,3,12,0,0,0,1,48,76401,6,1,6,0,3,0,999,999,0,0,0,0,0,0,0,0,0,0,0,0,0,0,1,2,70,1,2,8,2,0,0,1,62,7,1,1,65,0,0
48,481756,2,2,1,2,9,7,30,12,6,1,0,48,1,20,22,20022,2,2005,1G1AL12F1575,1,G,1,A,L,1,2,F,1,5,7,5,0,P,CHEV,BLS,CP,5,17,2991,,0,1033,,G,,0,0,000000000,00000000000,0,0,0,1,0,0,0,0,0,0,0,998,0,0,0,9,9,6,2,12,0,0,0,1,48,76031,6,1,0,0,3,3,999,999,0,0,0,0,0,0,0,0,0,1,28,0,0,0,1,2,70,2,2,8,2,0,0,14,6,1,3,2,64,1,0