STATE,ST_CASE,VEH_NO,VE_FORMS,NUMOCCS,DAY,MONTH,HOUR,MINUTE,HARM_EV,MAN_COLL,UNITTYPE,HIT_RUN,REG_STAT,OWNER,MAKE,MODEL,MAK_MOD,BODY_TYP,MOD_YEAR,VIN,VIN_1,VIN_2,VIN_3,VIN_4,VIN_5,VIN_6,VIN_7,VIN_8,VIN_9,VIN_10,VIN_11,VIN_12,TOW_VEH,VINTYPE,VINMAKE,VINA_MOD,VIN_BT,VINMODYR,VIN_LNGT,VIN_WGT,WGTCD_TR,WHLBS_LG,WHLBS_SH,SER_TR,FUELCODE,MCYCL_DS,J_KNIFE,MCARR_I1,MCARR_I2,MCARR_ID,GVWR,V_CONFIG,CARGO_BT,HAZ_INV,HAZ_PLAC,HAZ_ID,HAZ_CNO,HAZ_REL,BUS_USE,SPEC_USE,EMER_USE,TRAV_SP,UNDERIDE,ROLLOVER,ROLINLOC,IMPACT1,IMPACT2,DEFORMED,TOWED,M_HARM,VEH_SC1,VEH_SC2,FIRE_EXP,DR_PRES,L_STATE,DR_ZIP,L_STATUS,L_TYPE,CDL_STAT,L_ENDORS,L_COMPL,L_RESTRI,DR_HGT,DR_WGT,PREV_ACC,PREV_SUS,PREV_DWI,PREV_SPD,PREV_OTH,FIRST_MO,FIRST_YR,LAST_MO,LAST_YR,SPEEDREL,DR_SF1,DR_SF2,DR_SF3,DR_SF4,VTRAFWAY,VNUM_LAN,VSPD_LIM,VALIGN,VPROFILE,VPAVETYP,VSURCOND,VTRAFCON,VTCONT_F,P_CRASH1,P_CRASH2,P_CRASH3,PCRASH4,PCRASH5,ACC_TYPE,DEATHS,DR_DRINK
48,481887,1,2,1,17,10,1,32,12,1,1,0,48,2,34,34,34034,4,2006,WBAVD13596KV,W,B,A,V,D,1,3,5,9,6,K,V,0,P,BMW,32X,4D,6,17,3560,,0,1087,,G,,0,0,000000000,00000000000,0,0,0,1,0,0,0,0,0,0,0,998,0,0,0,12,12,4,3,12,0,0,0,1,48,77026,6,1,0,0,3,0,999,999,0,8,0,0,0,11,2007,4,2010,0,0,0,0,0,2,3,65,1,1,8,1,0,0,1,51,1,1,1,24,0,1
48,481887,2,2,1,17,10,1,32,12,1,1,0,48,1,50,706,50706,80,2004,SMT920K154J2,S,M,T,9,2,0,K,1,5,4,J,2,0,M,TRIU,BOT,RS,4,17,,,,,,,865,0,0,000000000,00000000000,0,0,0,1,0,0,0,0,0,0,0,998,0,0,0,6,6,4,3,12,0,0,0,1,48,77583,6,1,0,0,3,0,999,999,0,0,0,0,0,0,0,0,0,0,0,0,0,0,2,3,65,1,1,8,1,0,0,1,53,1,1,1,25,1,0
48,481888,1,2,2,17,10,19,16,24,0,1,0,48,2,12,401,12401,14,1991,1FMDU32X5MUC,1,F,M,D,U,3,2,X,5,M,U,C,0,P,FORD,EPR,UT,91,17,0,,0,1120,,G,,0,0,000000000,00000000000,0,0,0,1,0,0,0,0,0,0,0,998,0,1,5,3,12,6,2,1,0,0,0,1,48,75189,1,1,0,0,2,3,64,130,0,3,0,0,0,9,2008,10,2009,0,58,0,0,0,2,6,40,1,3,8,1,0,0,1,11,1,1,4,1,2,1
48,481888,2,2,4,17,10,19,16,24,0,1,0,48,1,37,31,37031,4,2002,2HGES16542H5,2,H,G,E,S,1,6,5,4,2,H,5,0,P,HOND,UCL,4D,2,17,2515,,0,1031,,G,,0,0,000000000,00000000000,0,0,0,1,0,0,0,0,0,0,0,998,0,0,0,10,10,6,2,12,0,0,0,1,48,75181,6,1,0,0,3,0,999,999,0,0,0,0,0,0,0,0,0,0,0,0,0,0,2,6,40,1,3,8,1,0,0,1,64,1,1,1,98,0,0
48,481889,1,2,3,17,10,14,0,12,6,1,1,48,2,35,47,35047,4,2003,1N4AL11DX3C3,1,N,4,A,L,1,1,D,X,3,C,3,0,P,NISS,ABS,4D,3,17,2913,,0,1102,,G,,0,0,000000000,00000000000,0,0,0,1,0,0,0,0,0,0,0,998,0,1,5,12,12,4,3,1,0,0,0,1,48,77090,0,0,0,0,0,0,999,999,0,0,0,0,0,0,0,0,0,1,0,0,0,0,1,2,35,1,1,8,1,0,0,1,65,1,1,1,77,1,1
48,481889,2,2,1,17,10,14,0,12,6,1,0,48,1,12,402,12402,14,2002,1FMYU03162KB,1,F,M,Y,U,0,3,1,6,2,K,B,0,P,FORD,SPE,UT,2,17,3277,,0,1031,,G,,0,0,000000000,00000000000,0,0,0,1,0,0,0,0,0,0,0,998,0,0,0,1,1,4,3,12,0,0,0,1,48,77037,6,1,0,0,3,0,999,999,0,0,0,0,0,0,0,0,0,0,38,0,0,0,1,2,99,8,8,8,1,20,3,11,15,1,1,1,76,0,0
48,481890,1,1,1,17,10,8,14,35,0,1,0,48,2,23,472,23472,30,2008,1GTDT24E4882,1,G,T,D,T,2,4,E,4,8,8,2,0,T,GMC,NSL,PK,8,17,,1,0,1113,CAN,G,,0,0,000000000,00000000000,0,0,0,1,0,0,0,0,0,0,0,998,0,0,0,12,12,6,2,35,0,0,0,1,48,75662,6,1,6,0,3,2,999,999,0,0,0,0,0,0,0,0,0,0,74,0,0,0,1,2,65,1,2,8,1,0,0,1,12,1,1,4,6,1,1
48,481891,1,1,1,17,10,11,9,1,0,1,0,48,2,53,705,53705,80,2007,JS1GR7KA8721,J,S,1,G,R,7,K,A,8,7,2,1,0,M,SUZI,SX7,RS,7,17,,,,,,,749,0,0,000000000,00000000000,0,0,0,1,0,0,0,0,0,0,0,998,0,0,0,0,99,9,3,52,0,0,0,1,48,79705,6,1,0,0,3,3,999,999,0,1,0,1,0,4,2008,3,2010,1,28,0,0,0,3,2,60,1,3,8,1,0,0,6,6,1,9,2,98,1,0
48,481892,1,1,1,18,10,0,38,30,0,1,0,48,2,49,32,49032,4,2006,1NXBR32E36Z6,1,N,X,B,R,3,2,E,3,6,Z,6,0,P,TOYT,UCS,4D,6,17,2530,,0,1024,,G,,0,0,000000000,00000000000,0,0,0,1,0,0,0,0,0,0,0,998,0,0,0,12,12,4,3,30,0,0,0,1,48,75644,6,1,0,0,3,0,999,999,0,0,0,0,1,4,2009,4,2009,1,0,0,0,0,5,4,45,3,1,8,1,0,0,14,13,1,1,4,1,1,1
48,481893,1,1,1,18,10,17,40,39,0,1,0,48,2,22,19,22019,2,2007,1G2AL15F8771,1,G,2,A,L,1,5,F,8,7,7,1,0,P,PONT,G/5,CP,7,17,2991,,0,1035,,G,,0,0,000000000,00000000000,0,0,0,1,0,0,0,0,0,0,0,998,0,1,5,12,12,4,3,1,0,0,0,1,48,77339,0,0,0,0,0,0,999,999,0,0,0,0,0,0,0,0,0,1,0,0,0,0,3,4,60,3,3,1,2,0,0,15,6,3,2,4,2,1,1
48,481894,1,1,3,18,10,20,45,1,0,1,0,48,2,12,3,12003,2,1995,1FALP4045SF2,1,F,A,L,P,4,0,4,5,S,F,2,0,P,FORD,MUS,CP,95,17,3077,,0,1013,,G,,0,0,000000000,00000000000,0,0,0,1,0,0,0,0,0,0,0,998,0,2,5,0,9,6,2,1,0,0,0,1,48,79735,6,1,0,0,3,0,999,999,0,0,0,0,0,0,0,0,0,0,83,58,0,0,1,2,65,1,1,8,1,0,0,1,87,6,3,4,8,1,0
48,481895,1,1,1,19,10,17,30,8,0,1,0,48,1,12,471,12471,30,1996,1FTCR10A5TUB,1,F,T,C,R,1,0,A,5,T,U,B,0,T,FORD,RNG,PK,96,17,,1,1140,1080,RNG,G,,0,0,000000000,00000000000,0,0,0,1,0,0,0,0,0,0,0,998,0,0,0,12,12,2,1,8,0,0,0,1,48,76691,6,1,0,0,3,0,999,999,0,0,0,0,0,0,0,0,0,0,0,0,0,0,4,2,55,1,1,8,1,0,0,1,80,1,1,1,13,0,0
48,481896,1,2,1,19,10,16,59,12,6,1,0,48,1,55,36,55036,4,2001,KMHCF35G41U0,K,M,H,C,F,3,5,G,4,1,U,0,0,P,HYUN,ACL,2H,1,17,0,,0,961,,G,,0,0,000000000,00000000000,0,0,0,1,0,0,0,0,0,0,0,998,0,0,0,12,12,4,3,8,0,0,0,1,48,76210,6,1,0,0,3,3,999,999,0,0,0,0,0,0,0,0,0,0,0,0,0,0,2,3,60,1,1,8,1,0,0,1,50,3,2,1,98,0,0
48,481896,2,2,2,19,10,16,59,12,6,1,0,48,6,49,45,49045,4,2000,JTDBT1239Y00,J,T,D,B,T,1,2,3,9,Y,0,0,0,P,TOYT,ECH,4D,0,17,2030,,0,934,,G,,0,0,000000000,00000000000,0,0,0,1,0,0,0,0,0,0,0,0,0,0,0,5,5,4,3,12,0,0,0,0,,,,,,,,,999,,,,,,,,,,,,54,0,0,0,2,3,60,1,1,8,1,0,0,0,53,0,0,0,98,0,0
48,481897,1,1,1,20,10,6,55,8,0,1,0,48,1,20,481,20481,31,1994,2GCEC19H7R12,2,G,C,E,C,1,9,H,7,R,1,2,0,T,CHEV,GC1,PC,94,17,,2,1555,1415,GM4,G,,0,0,000000000,00000000000,0,0,0,1,0,0,0,0,0,0,0,998,0,0,0,12,12,2,3,8,0,0,0,1,48,76013,6,1,0,0,3,3,999,999,0,0,0,0,0,0,0,0,0,0,0,0,0,0,2,2,40,2,2,8,1,0,0,14,80,7,1,1,13,0,0
48,481898,1,1,1,22,10,3,39,33,0,1,0,48,2,35,402,35402,14,2005,5N1AN08W05C6,5,N,1,A,N,0,8,W,0,5,C,6,0,P,NISS,XTR,UT,5,17,5200,,0,1063,,G,,0,0,000000000,00000000000,0,0,0,1,0,0,0,0,0,0,0,998,0,1,5,14,14,6,2,1,0,0,0,1,48,79762,6,1,0,0,3,0,999,999,0,0,0,0,0,0,0,0,0,1,0,0,0,0,2,2,55,1,1,8,1,3,3,10,6,1,9,4,7,1,1
48,481899,1,1,1,22,10,14,46,59,0,1,0,92,0,76,705,76705,80,2004,JYARJ06E74A0,J,Y,A,R,J,0,6,E,7,4,A,0,0,M,YAMA,R6L,RS,4,17,,,,,,,599,0,0,000000000,00000000000,0,0,0,1,0,0,0,0,0,0,0,998,0,0,0,99,99,9,2,59,0,0,0,1,48,77433,6,1,0,0,3,0,999,999,1,0,0,0,0,2,2008,2,2008,1,58,0,0,0,1,2,55,3,1,8,1,0,0,14,6,99,9,4,2,1,0
48,481900,1,1,1,23,10,0,30,35,0,1,0,48,1,49,51,49051,3,2009,JTDJT9032952,J,T,D,J,T,9,0,3,2,9,5,2,0,P,TOYT,YAR,2H,9,17,2290,,0,969,,G,,0,0,000000000,00000000000,0,0,0,1,0,0,0,0,0,0,0,998,0,1,5,12,12,4,3,35,0,0,0,1,48,78741,6,1,0,0,3,0,999,999,0,0,0,0,0,0,0,0,0,0,58,0,0,0,2,2,65,1,2,8,1,0,0,1,13,7,1,4,1,1,0
48,481901,1,1,6,23,10,2,20,33,0,1,0,48,1,2,403,2403,14,2002,1J4FA39S02P7,1,J,4,F,A,3,9,S,0,2,P,7,0,T,JEEP,WRX,2W,2,17,2530,1,0,934,W/T,G,,0,0,000000000,00000000000,0,0,0,1,0,0,0,0,0,0,0,998,0,1,1,99,9,6,2,1,0,0,0,1,48,78724,6,1,0,0,3,3,999,999,0,0,0,0,0,0,0,0,0,1,0,0,0,0,2,6,50,1,5,8,1,0,0,1,9,1,1,4,6,2,1
48,481902,1,1,1,28,10,12,25,1,0,1,0,42,3,51,881,51881,63,2007,4V5KC9GH97N4,4,V,5,K,C,9,G,H,9,7,N,4,0,T,VOLV,VHD,TM,7,17,,8,0,0,VHD,D,,0,57,694710,57694710,3,2,3,2,8,8888,88,8,0,0,0,998,0,2,1,0,9,4,3,1,0,0,0,1,48,76053,6,1,6,0,3,0,999,999,0,5,0,0,0,11,2007,5,2009,0,28,58,0,0,2,9,60,1,1,8,1,0,0,1,13,6,3,6,98,1,0
48,481903,1,1,3,30,10,1,25,33,0,1,0,48,1,20,421,20421,15,1996,1GNEK13R0TJ3,1,G,N,E,K,1,3,R,0,T,J,3,0,P,CHEV,KTA,UT,96,17,5144,,0,1175,,G,,0,0,000000000,00000000000,0,0,0,1,0,0,0,0,0,0,0,998,0,0,0,1,3,4,3,14,0,0,0,1,48,75232,6,1,0,0,3,0,68,142,0,3,0,0,0,3,2009,9,2010,1,0,0,0,0,2,6,35,1,1,8,1,0,0,1,13,1,1,4,1,1,1
48,481904,1,1,2,30,10,21,45,25,0,1,0,48,1,24,9,24009,4,2008,1G8ZS57BX8F2,1,G,8,Z,S,5,7,B,X,8,F,2,0,P,STRN,AXE,4D,8,17,3525,,0,1123,,G,,0,0,000000000,00000000000,0,0,0,1,0,0,0,0,0,0,0,998,0,1,5,9,13,4,3,1,0,0,0,1,48,75181,6,1,0,0,3,0,999,999,0,0,0,1,1,10,2008,7,2009,1,28,0,0,0,3,2,60,1,1,8,1,0,0,1,10,1,1,4,6,1,1
48,481905,1,1,1,6,3,20,36,8,0,1,0,48,1,12,481,12481,31,2007,1FTRF12297KC,1,F,T,R,F,1,2,2,9,7,K,C,0,T,FORD,F15,PK,7,17,,2,1450,1260,COF,G,,0,0,000000000,00000000000,0,0,0,1,0,0,0,0,0,0,0,998,0,0,0,12,12,2,8,8,0,0,0,1,48,79930,6,1,0,0,3,3,999,999,0,0,0,1,0,3,2008,3,2008,0,0,0,0,0,3,3,45,1,1,8,1,3,3,1,80,1,1,1,13,0,0
48,481906,1,1,1,9,8,2,15,30,0,1,0,48,1,37,398,37398,2,1997,JHMEH6262VS0,J,H,M,E,H,6,2,6,2,V,S,0,0,P,HOND,DSI,CP,97,17,2407,,0,933,,G,,0,0,000000000,00000000000,0,0,0,1,0,0,0,0,0,0,0,998,0,0,0,9,9,6,2,31,0,0,0,1,48,79927,6,1,0,0,3,0,999,999,0,0,0,1,0,9,2007,9,2007,0,0,0,0,0,2,4,60,2,2,8,1,0,0,14,10,1,3,4,6,1,1
48,481907,1,3,1,19,8,2,35,12,1,1,0,48,1,49,482,49482,31,2007,5TFRV54157X0,5,T,F,R,V,5,4,1,5,7,X,0,0,T,TOYT,DBS,CW,7,17,,2,0,1457,TUN,G,,0,0,000000000,00000000000,0,0,0,1,0,0,0,0,0,0,0,998,0,1,1,12,12,6,2,12,0,0,0,1,48,78249,6,1,0,0,3,0,999,999,1,0,0,0,0,12,2007,12,2007,1,0,0,0,0,2,6,65,1,1,8,1,3,3,1,50,1,1,1,20,0,1
48,481907,2,3,1,19,8,2,35,12,1,1,0,48,1,23,471,23471,30,1998,1GTCS1945W85,1,G,T,C,S,1,9,4,5,W,8,5,0,T,GMC,SON,PC,98,17,,1,0,1229,SON,G,,0,0,000000000,00000000000,0,0,0,1,0,0,0,0,0,0,0,0,0,0,0,6,6,6,2,2,0,0,1,1,48,78602,0,0,0,0,0,0,999,999,0,0,0,0,0,0,0,0,0,0,0,0,0,0,2,6,65,1,1,8,1,3,3,5,53,1,1,1,21,1,0
48,481907,3,3,2,19,8,2,35,12,1,1,0,48,1,12,37,12037,3,2006,1FAFP31N86W2,1,F,A,F,P,3,1,N,8,6,W,2,0,P,FORD,FZX,3P,6,17,2654,,0,1029,,G,,0,0,000000000,00000000000,0,0,0,1,0,0,0,0,0,0,0,0,0,0,0,6,6,6,2,12,0,0,0,1,48,78617,6,1,0,0,3,0,999,999,0,0,0,0,0,0,0,0,0,0,0,0,0,0,2,6,65,1,1,8,1,3,3,5,53,1,1,1,98,0,0
48,481908,1,1,2,22,8,16,20,51,0,1,0,48,1,7,482,7482,31,1994,3B7HC16ZXRM5,3,B,7,H,C,1,6,Z,X,R,M,5,1,T,DODG,150,PK,94,17,,2,1347,1187,RPC,G,,2,0,000000000,00000000000,0,0,0,1,0,0,0,0,0,0,0,998,0,1,5,0,7,2,1,1,0,0,0,1,48,79763,1,1,0,0,2,0,999,999,0,6,1,0,2,9,2008,8,2009,1,0,0,0,0,1,2,75,1,1,8,1,0,0,1,98,6,4,2,0,1,0
48,481909,1,1,99,19,9,21,24,8,0,1,1,99,9,99,999,99999,99,9999,999999999999,9,9,9,9,9,9,9,9,9,9,9,9,0,U,,,,9,17,,,,,,,,0,0,000000000,00000000000,0,0,0,1,0,0,0,0,0,0,0,998,0,0,0,12,12,9,1,8,0,0,0,1,99,99999,9,9,99,9,9,9,999,999,99,99,99,99,99,99,9999,99,9999,0,0,0,0,0,1,4,45,1,1,8,2,0,0,1,80,1,1,1,13,0,0
48,481910,1,1,2,22,9,20,45,8,0,1,0,48,1,20,473,20473,30,2005,1GCDT1964582,1,G,C,D,T,1,9,6,4,5,8,2,0,T,CHEV,RDO,4C,5,17,,1,0,1259,CAL,G,,0,0,000000000,00000000000,0,0,0,1,0,0,0,0,0,0,0,998,0,0,0,14,14,0,1,8,0,0,0,1,48,77583,6,1,0,0,3,0,999,999,0,0,0,0,0,0,0,0,0,0,0,0,0,0,1,2,60,1,1,8,1,0,0,1,80,1,1,1,13,0,0
48,481911,1,2,1,22,9,17,25,12,6,1,0,48,3,7,482,7482,31,1995,1B7MC36C4SS1,1,B,7,M,C,3,6,C,4,S,S,1,1,T,DODG,350,PK,95,17,,3,0,1347,RPC,D,,1,57,1943153,571943153,2,4,3,1,0,0,0,0,0,0,0,998,0,0,0,2,2,6,2,12,0,0,0,1,48,77808,6,1,6,0,3,0,999,999,1,0,0,1,0,11,2008,7,2010,0,51,0,0,0,2,4,70,1,2,8,1,0,0,1,10,1,9,2,66,1,1
48,481911,2,2,2,22,9,17,25,12,6,1,0,48,3,87,883,87883,66,2000,1XP5DB9X1YN5,1,X,P,5,D,B,9,X,1,Y,N,5,1,T,PTRB,379,DS,0,17,,8,0,0,CON,D,,1,57,1454853,571454853,3,6,3,1,0,0,0,0,0,0,0,998,0,0,0,12,12,6,2,12,0,0,0,1,48,77009,6,1,6,0,3,0,999,999,0,0,0,0,0,0,0,0,0,0,0,0,0,0,2,4,70,1,2,8,1,0,0,1,62,7,1,2,66,0,0
48,481912,1,2,2,23,9,15,55,12,6,1,0,48,2,7,481,7481,31,1987,1B7FD14T2HS3,1,B,7,F,D,1,4,T,2,H,S,3,0,T,DODG,D15,PK,87,17,,1,1310,1150,D15,G,,0,0,000000000,00000000000,0,0,0,1,0,0,0,0,0,0,0,998,0,1,5,12,12,6,2,12,0,0,1,1,48,75439,1,1,0,0,2,0,65,84,0,5,0,2,0,7,2008,6,2010,0,33,0,0,0,1,2,70,3,1,8,1,0,0,6,54,8,2,4,66,2,1
48,481912,2,2,1,23,9,15,55,12,6,1,0,48,1,14,4,14004,2,1994,1MELM6244RH6,1,M,E,L,M,6,2,4,4,R,H,6,0,P,MERC,XR7,2D,94,17,3564,,0,1130,,G,,0,0,000000000,00000000000,0,0,0,1,0,0,0,0,0,0,0,998,0,0,0,10,10,6,2,12,0,0,1,1,48,75489,6,1,0,0,3,0,999,999,0,0,0,0,0,0,0,0,0,0,0,0,0,0,1,2,70,3,1,8,1,0,0,14,62,9,2,4,66,1,0
48,481913,1,2,1,27,9,7,25,12,2,1,0,48,2,12,401,12401,14,1994,1FMDU32X1RUC,1,F,M,D,U,3,2,X,1,R,U,C,0,P,FORD,EPR,UT,94,17,3863,,0,1120,,G,,0,0,000000000,00000000000,0,0,0,1,0,0,0,0,0,0,0,998,0,0,0,12,12,6,2,12,0,0,0,1,48,77578,1,1,0,0,2,0,999,999,0,10,0,1,0,10,2008,9,2010,0,0,0,0,0,1,2,60,1,1,8,1,0,0,6,10,1,1,1,50,1,0
48,481913,2,2,1,27,9,7,25,12,2,1,0,48,3,20,481,20481,31,2007,1GBHC29U27E1,1,G,B,H,C,2,9,U,2,7,E,1,0,T,CHEV,2CH,4C,7,17,,2,1575,1435,SIL,G,,0,0,000000000,00000000000,0,0,0,1,0,0,0,0,0,0,0,998,0,0,0,12,12,6,2,12,0,0,0,1,48,77515,6,1,0,0,3,0,999,999,0,0,0,1,0,11,2009,11,2009,0,0,0,0,0,1,2,60,1,1,8,1,0,0,1,62,1,1,1,51,0,0
48,481914,1,2,1,27,9,6,52,12,6,1,0,48,1,22,20,22020,4,2004,2G2WP5229412,2,G,2,W,P,5,2,2,9,4,1,2,0,P,PONT,GPG,4D,4,17,3477,,0,1105,,G,,0,0,000000000,00000000000,0,0,0,1,0,0,0,0,0,0,0,998,0,0,0,1,1,6,2,12,0,0,0,1,48,76504,6,1,0,0,3,0,999,999,0,1,0,0,0,7,2009,7,2009,0,0,0,0,0,1,4,70,1,3,8,1,0,0,1,54,6,1,2,66,1,0
48,481914,2,2,1,27,9,6,52,12,6,1,0,48,1,7,482,7482,31,2005,1D7HA18N25S1,1,D,7,H,A,1,8,N,2,5,S,1,0,T,DODG,SQ1,CW,5,17,,2,1605,1405,RPC,G,,0,0,000000000,00000000000,0,0,0,1,0,0,0,0,0,0,0,998,0,0,0,12,12,4,3,12,0,0,0,1,48,75901,1,1,1,0,2,0,999,999,0,5,0,1,0,11,2007,8,2010,0,51,0,0,0,1,4,70,1,3,8,1,0,0,1,10,7,1,3,66,0,0
48,481915,1,1,1,30,9,23,5,33,0,1,0,48,1,37,35,37035,1,2002,JHMAP11442T0,J,H,M,A,P,1,1,4,4,2,T,0,0,P,HOND,S20,CV,2,17,2810,,0,945,,G,,0,0,000000000,00000000000,0,0,0,1,0,0,0,0,0,0,0,998,0,0,0,14,5,4,3,42,0,0,0,1,48,77433,1,1,0,0,2,3,999,999,0,3,0,2,0,1,2008,5,2010,1,0,0,0,0,2,4,30,1,1,1,1,0,0,1,12,1,1,4,6,1,1
48,481916,1,2,1,7,10,9,37,12,6,1,0,48,1,23,481,23481,31,1999,2GTEC19T8X15,2,G,T,E,C,1,9,T,8,X,1,5,0,T,GMC,NC1,3C,99,17,,2,1575,1435,SIE,G,,0,0,000000000,00000000000,0,0,0,1,0,0,0,0,0,0,0,998,0,0,0,9,9,6,2,12,0,0,0,1,48,77511,6,1,0,0,3,3,999,999,0,0,0,0,0,0,0,0,0,0,38,0,0,0,1,2,99,8,8,8,1,20,3,11,15,1,1,1,82,1,0
48,481916,2,2,1,7,10,9,37,12,6,1,0,48,1,20,481,20481,31,2003,1GCEC19T93Z1,1,G,C,E,C,1,9,T,9,3,Z,1,0,T,CHEV,SC1,4C,3,17,,2,1575,1435,SIL,G,,0,0,000000000,00000000000,0,0,0,1,0,0,0,0,0,0,0,998,0,0,0,12,12,4,3,12,0,0,0,1,48,77511,6,1,0,0,3,3,999,999,0,0,0,0,0,0,0,0,0,0,0,0,0,0,1,2,60,1,1,8,1,0,0,1,67,1,1,1,83,0,0
48,481917,1,2,1,12,10,0,40,12,1,1,0,93,2,82,881,82881,66,2005,1FUJBBCK65LM,1,F,U,J,B,B,C,K,6,5,L,M,1,T,FRHT,ST2,DS,5,17,,8,0,0,CON,D,,1,57,2043119,572043119,3,6,1,2,2,1719,8,1,0,0,0,998,0,0,0,6,6,2,1,12,0,0,0,1,48,76006,6,1,6,1,3,0,999,999,0,0,0,0,3,3,2008,12,2008,0,0,0,0,0,3,2,65,1,1,8,1,0,0,1,53,1,1,1,25,0,0
48,481917,2,2,1,12,10,0,40,12,1,1,0,48,1,7,482,7482,31,2001,1B7HC16X91S1,1,B,7,H,C,1,6,X,9,1,S,1,0,T,DODG,150,PK,1,17,,2,1347,1187,RPC,G,,0,0,000000000,00000000000,0,0,0,1,0,0,0,0,0,0,0,998,0,0,0,12,12,6,2,12,0,0,0,1,48,78233,6,1,0,0,3,0,999,999,0,0,0,0,0,0,0,0,0,1,0,0,0,0,3,2,65,1,1,8,1,0,0,1,51,7,1,1,24,1,0
48,481918,1,2,1,14,10,2,41,12,6,1,0,48,1,41,35,41035,4,2002,JM1BJ2252205,J,M,1,B,J,2,2,5,2,2,0,5,0,P,MAZD,PDS,4D,2,17,2493,,0,1028,,G,,0,0,000000000,00000000000,0,0,0,1,0,0,0,0,0,0,0,998,0,0,0,12,12,4,3,8,0,0,0,1,48,78002,6,1,0,0,3,0,999,999,0,0,0,0,0,0,0,0,0,0,38,0,0,0,3,3,60,1,3,8,1,0,0,1,50,1,1,1,48,0,1
48,481918,2,2,0,14,10,2,41,12,6,1,0,48,6,20,481,20481,31,1997,1GCEC14R7VZ1,1,G,C,E,C,1,4,R,7,V,Z,1,0,T,CHEV,GC1,PK,97,17,,2,1315,1175,GM4,G,,0,0,000000000,00000000000,0,0,0,1,0,0,0,0,0,0,0,0,0,0,0,5,5,4,3,12,0,0,0,0,,,,,,,,,999,,,,,,,,,,,,0,0,0,0,3,3,60,1,3,8,1,0,0,0,53,0,0,0,48,0,0
48,481919,1,1,1,15,10,2,15,30,0,1,0,48,1,20,431,20431,16,2002,1GNEC16T72J3,1,G,N,E,C,1,6,T,7,2,J,3,0,P,CHEV,C15,UT,2,17,4914,,0,1300,,G,,0,0,000000000,00000000000,0,0,0,1,0,0,0,0,0,0,0,998,0,0,0,12,12,6,2,42,0,0,0,1,48,77388,6,1,0,0,3,0,999,999,0,0,0,0,0,0,0,0,0,0,0,0,0,0,3,3,35,1,1,8,1,0,0,1,13,1,1,4,1,1,1
48,481920,1,1,1,15,10,22,51,25,0,1,0,30,1,22,18,22018,4,1997,1G2NE12T4VC8,1,G,2,N,E,1,2,T,4,V,C,8,0,P,PONT,GAS,CP,97,17,2695,,0,1034,,G,,0,0,000000000,00000000000,0,0,0,1,0,0,0,0,0,0,0,998,0,1,2,3,11,4,3,1,0,0,0,1,35,87420,6,1,0,0,3,0,69,155,98,0,0,0,0,0,0,0,0,0,0,0,0,0,3,3,65,3,2,8,1,0,0,14,11,1,1,4,1,1,0
48,481922,1,1,1,16,10,5,4,42,0,1,0,48,1,12,401,12401,14,2002,1FMZU62E32ZC,1,F,M,Z,U,6,2,E,3,2,Z,C,0,P,FORD,EPR,UT,2,17,4094,,0,1137,,G,,0,0,000000000,00000000000,0,0,0,1,0,0,0,0,0,0,0,998,0,1,5,12,3,4,3,1,0,0,0,1,48,77017,6,1,0,0,3,0,999,999,0,0,0,0,0,0,0,0,0,0,0,0,0,0,3,3,60,1,1,1,1,0,0,1,13,1,1,4,1,1,1
48,481923,1,1,1,17,10,2,25,35,0,1,0,48,1,72,706,72706,80,2003,1HD1GDV153K3,1,H,D,1,G,D,V,1,5,3,K,3,0,M,HD,FDL,RS,3,17,,,,,,,1450,0,0,000000000,00000000000,0,0,0,1,0,0,0,0,0,0,0,998,0,0,0,99,99,4,3,1,0,0,0,1,48,77546,6,1,0,0,3,0,999,999,0,3,0,2,0,11,2007,8,2010,1,0,0,0,0,4,2,45,4,1,8,1,0,0,16,6,1,9,4,7,1,1
48,481924,1,1,1,18,10,8,0,1,0,1,0,48,1,12,481,12481,31,2007,1FTSW21P57EA,1,F,T,S,W,2,1,P,5,7,E,A,0,T,FORD,F2S,CW,7,17,,2,1720,1560,SRW,D,,0,0,000000000,00000000000,0,0,0,1,0,0,0,0,0,0,0,998,0,2,5,0,9,4,3,1,0,0,0,1,48,77566,6,1,0,0,3,0,999,999,0,0,0,0,0,0,0,0,0,0,58,0,0,0,3,2,70,2,1,8,1,0,0,15,12,7,3,4,2,1,0
48,481925,1,1,1,18,10,18,35,10,0,1,0,48,1,35,472,35472,30,2004,1N6DD26TX4C4,1,N,6,D,D,2,6,T,X,4,C,4,1,T,NISS,FKX,PC,4,17,,1,0,1161,FRT,G,,1,0,000000000,00000000000,0,0,0,1,0,0,0,0,0,0,0,998,0,0,0,3,3,6,2,10,0,0,0,1,48,79512,6,1,6,0,3,0,999,999,0,0,0,0,0,0,0,0,0,0,39,0,0,0,1,2,60,1,1,8,1,65,3,1,17,1,1,1,98,1,0