STATE,ST_CASE,VEH_NO,VE_FORMS,NUMOCCS,DAY,MONTH,HOUR,MINUTE,HARM_EV,MAN_COLL,UNITTYPE,HIT_RUN,REG_STAT,OWNER,MAKE,MODEL,MAK_MOD,BODY_TYP,MOD_YEAR,VIN,VIN_1,VIN_2,VIN_3,VIN_4,VIN_5,VIN_6,VIN_7,VIN_8,VIN_9,VIN_10,VIN_11,VIN_12,TOW_VEH,VINTYPE,VINMAKE,VINA_MOD,VIN_BT,VINMODYR,VIN_LNGT,VIN_WGT,WGTCD_TR,WHLBS_LG,WHLBS_SH,SER_TR,FUELCODE,MCYCL_DS,J_KNIFE,MCARR_I1,MCARR_I2,MCARR_ID,GVWR,V_CONFIG,CARGO_BT,HAZ_INV,HAZ_PLAC,HAZ_ID,HAZ_CNO,HAZ_REL,BUS_USE,SPEC_USE,EMER_USE,TRAV_SP,UNDERIDE,ROLLOVER,ROLINLOC,IMPACT1,IMPACT2,DEFORMED,TOWED,M_HARM,VEH_SC1,VEH_SC2,FIRE_EXP,DR_PRES,L_STATE,DR_ZIP,L_STATUS,L_TYPE,CDL_STAT,L_ENDORS,L_COMPL,L_RESTRI,DR_HGT,DR_WGT,PREV_ACC,PREV_SUS,PREV_DWI,PREV_SPD,PREV_OTH,FIRST_MO,FIRST_YR,LAST_MO,LAST_YR,SPEEDREL,DR_SF1,DR_SF2,DR_SF3,DR_SF4,VTRAFWAY,VNUM_LAN,VSPD_LIM,VALIGN,VPROFILE,VPAVETYP,VSURCOND,VTRAFCON,VTCONT_F,P_CRASH1,P_CRASH2,P_CRASH3,PCRASH4,PCRASH5,ACC_TYPE,DEATHS,DR_DRINK
48,481987,1,1,6,18,10,18,48,9,0,1,0,48,3,98,981,98981,52,1999,4RKMWTPA7XR8,4,R,K,M,W,T,P,A,7,X,R,8,0,U,,,,99,17,,,,,,,,0,88,888888888,88888888888,3,21,22,1,0,0,0,0,6,0,0,998,0,0,0,12,12,2,1,9,0,0,0,1,48,75241,6,1,6,1,3,3,999,999,0,0,0,0,0,0,0,0,0,0,0,0,0,0,2,3,35,1,2,8,1,0,0,1,83,6,1,3,13,0,0
48,481988,1,1,1,18,10,17,23,39,0,1,0,48,2,49,40,49040,4,1992,4T1SK12E7NU0,4,T,1,S,K,1,2,E,7,N,U,0,0,P,TOYT,CLE,4D,92,17,3053,,0,1031,,G,,0,0,000000000,00000000000,0,0,0,1,0,0,0,0,0,0,0,998,0,0,0,12,12,6,2,39,0,0,0,1,48,77573,6,1,0,0,3,3,62,149,0,0,0,0,0,0,0,0,0,1,0,0,0,0,2,2,45,1,1,8,1,0,0,1,6,3,3,4,2,1,1
48,481989,1,1,3,18,10,3,15,38,0,1,0,48,2,12,401,12401,14,1996,1FMDU32XXTZB,1,F,M,D,U,3,2,X,X,T,Z,B,0,P,FORD,EPR,UT,96,17,3952,,0,1115,,G,,0,0,000000000,00000000000,0,0,0,1,0,0,0,0,0,0,0,998,0,1,5,99,99,4,3,1,0,0,0,1,48,78629,0,0,0,0,0,0,999,999,0,0,0,0,0,0,0,0,0,1,0,0,0,0,1,2,60,3,1,8,1,0,0,14,6,6,9,4,7,1,1
48,481990,1,1,1,19,10,8,59,1,0,1,0,92,0,20,481,20481,31,1979,CCL449A13012,C,C,L,4,4,9,A,1,3,0,1,2,0,P,,,,,,,,,,,,,0,0,000000000,00000000000,0,0,0,1,0,0,0,0,0,0,0,998,0,9,5,0,0,6,2,1,0,0,0,1,12,32038,6,1,6,0,3,0,75,999,1,2,0,1,0,2,2008,4,2009,0,58,0,0,0,4,2,55,1,1,8,1,0,0,1,13,6,4,4,7,1,1
48,481991,1,1,1,19,10,19,54,8,0,1,0,48,1,52,401,52401,14,2001,JA4LS31H71P0,J,A,4,L,S,3,1,H,7,1,P,0,0,P,MITS,MNS,UT,1,17,3945,,0,1073,,G,,0,0,000000000,00000000000,0,0,0,1,0,0,0,0,0,0,0,998,0,0,0,12,12,4,3,8,0,0,0,1,48,75709,6,1,0,0,3,3,999,999,0,0,0,0,0,0,0,0,0,0,0,0,0,0,1,2,50,1,3,8,1,0,0,1,80,1,1,1,13,0,1
48,481992,1,3,3,19,10,16,3,12,8,1,0,48,3,12,881,12881,61,2005,1FDXF46PX5EC,1,F,D,X,F,4,6,P,X,5,E,C,1,T,FORD,F4D,CB,5,17,,4,2010,1410,DRW,D,,1,57,628884,57628884,2,4,3,1,0,0,0,0,0,0,0,998,0,0,0,10,10,6,2,12,0,0,0,1,48,75640,6,1,6,0,3,3,999,999,1,0,0,1,0,11,2008,9,2009,0,51,91,0,0,1,2,70,1,1,8,1,0,0,1,10,1,1,2,64,0,0
48,481992,2,3,1,19,10,16,3,12,8,1,0,48,1,35,481,35481,31,2008,1N6BA07D38N3,1,N,6,B,A,0,7,D,3,8,N,3,1,T,NISS,TXS,CW,8,17,,2,0,1398,TTN,F,,1,0,000000000,00000000000,0,0,0,1,0,0,0,0,0,0,0,998,0,0,0,10,10,2,3,12,0,0,0,1,48,75149,6,1,6,0,3,3,999,999,0,0,0,0,0,0,0,0,0,0,0,0,0,0,1,2,70,1,1,8,1,0,0,1,62,1,1,1,65,0,0
48,481992,3,3,1,19,10,16,3,12,8,1,0,48,1,12,422,12422,15,2001,1FMRU17LX1LA,1,F,M,R,U,1,7,L,X,1,L,A,0,P,FORD,EPT,UT,1,17,4886,,0,1191,,G,,0,0,000000000,00000000000,0,0,0,1,0,0,0,0,0,0,0,998,0,0,0,11,11,6,2,12,0,0,0,1,48,75149,6,1,0,0,3,0,999,999,0,0,0,0,0,0,0,0,0,0,0,0,0,0,1,2,70,1,1,8,1,0,0,1,62,1,1,1,98,1,0
48,481993,1,3,2,19,10,15,18,12,6,1,0,48,2,6,41,6041,4,2000,2C3HD36J9YH4,2,C,3,H,D,3,6,J,9,Y,H,4,0,P,CHRY,CIX,4D,0,17,3474,,0,1130,,G,,0,0,000000000,00000000000,0,0,0,1,0,0,0,0,0,0,0,998,0,0,0,8,8,6,2,12,0,0,0,1,48,78582,0,0,0,0,0,0,999,999,0,0,0,0,0,0,0,0,0,0,35,92,0,0,5,4,45,1,1,8,1,0,0,6,10,1,1,2,47,1,0
48,481993,2,3,1,19,10,15,18,12,6,1,0,48,3,86,881,86881,66,1997,1M2AA13Y9VW0,1,M,2,A,A,1,3,Y,9,V,W,0,1,T,MACK,CH6,DS,97,17,,8,0,0,600,D,,1,57,1934429,571934429,3,6,4,1,0,0,0,0,0,0,0,998,0,0,0,1,1,2,1,12,0,0,0,1,48,78573,6,1,6,0,3,0,999,999,0,0,0,0,2,2,2008,3,2010,0,0,0,0,0,5,4,45,1,1,8,1,0,0,1,61,1,1,1,45,0,0
48,481993,3,3,3,19,10,15,18,12,6,1,0,48,2,20,461,20461,21,2006,1GAHG39UX612,1,G,A,H,G,3,9,U,X,6,1,2,0,P,CHEV,EXP,SV,6,17,6330,,0,1550,,G,,0,0,000000000,00000000000,0,0,0,1,0,0,0,0,0,0,0,998,0,0,0,12,12,6,2,12,0,0,0,1,48,78582,6,1,0,0,3,0,999,999,1,0,0,0,0,11,2008,11,2008,0,0,0,0,0,5,4,45,1,1,8,1,0,0,1,62,1,1,1,98,0,0
48,481994,1,2,2,20,10,9,10,24,0,1,0,48,3,12,881,12881,61,2000,1FDXW46F8YEB,1,F,D,X,W,4,6,F,8,Y,E,B,0,T,FORD,F4D,CB,0,17,,4,0,1760,DRW,D,,0,57,01079468,5701079468,2,1,3,1,0,0,0,0,0,0,0,998,0,0,0,9,9,4,3,24,0,0,0,1,48,75217,6,1,0,0,3,0,999,999,1,4,0,4,1,4,2008,5,2010,0,91,0,0,0,2,2,65,1,1,8,1,0,0,1,12,1,1,4,6,0,0
48,481994,2,2,1,20,10,9,10,24,0,1,0,48,2,6,51,6051,4,2007,2C3KA53GX7H7,2,C,3,K,A,5,3,G,X,7,H,7,0,P,CHRY,3TR,4D,7,17,3665,,0,1200,,G,,0,0,000000000,00000000000,0,0,0,1,0,0,0,0,0,0,0,998,0,0,0,11,11,6,2,12,0,0,0,1,48,77486,6,1,0,0,3,0,999,999,0,0,0,0,0,0,0,0,0,0,0,0,0,0,2,2,65,1,1,8,1,0,0,1,64,1,1,1,98,1,0
48,481995,1,1,2,20,10,21,30,11,0,1,0,48,2,20,9,20009,2,1999,2G1FP22K6X21,2,G,1,F,P,2,2,K,6,X,2,1,0,P,CHEV,CAM,CP,99,17,3306,,0,1011,,G,,0,0,000000000,00000000000,0,0,0,1,0,0,0,0,0,0,0,998,0,0,0,12,12,4,3,11,0,0,0,1,48,77423,6,1,6,0,3,0,999,999,0,0,0,0,0,0,0,0,0,0,92,0,0,0,1,2,35,1,2,8,1,0,0,1,87,1,1,1,13,1,0
48,481996,1,1,2,21,10,12,0,1,0,1,0,48,2,12,422,12422,15,2000,1FMRU1762YLB,1,F,M,R,U,1,7,6,2,Y,L,B,0,P,FORD,EPT,UT,0,17,4833,,0,1191,,G,,0,0,000000000,00000000000,0,0,0,1,0,0,0,0,0,0,0,998,0,2,1,0,0,6,2,1,0,0,0,1,48,77514,0,0,0,0,0,0,999,999,0,0,0,0,0,0,0,0,0,1,58,0,0,0,1,2,60,3,1,8,1,0,0,14,13,6,1,2,98,2,0
48,481997,1,1,99,21,10,0,26,9,0,1,1,99,9,99,999,99999,99,9999,999999999999,9,9,9,9,9,9,9,9,9,9,9,9,0,U,,,,9,17,,,,,,,,0,0,000000000,00000000000,0,0,0,1,0,0,0,0,0,0,0,998,0,0,0,12,12,9,1,9,0,0,0,1,99,99999,9,9,99,0,9,9,999,999,99,99,99,99,99,99,9999,99,9999,0,0,0,0,0,4,2,40,1,1,8,1,0,0,1,80,99,1,9,13,0,0
48,481998,1,1,1,21,10,14,34,21,0,1,0,48,1,12,422,12422,15,2009,1FMFU19509LA,1,F,M,F,U,1,9,5,0,9,L,A,0,P,FORD,EPT,UT,9,17,5578,,0,1190,,F,,0,0,000000000,00000000000,0,0,0,1,0,0,0,0,0,0,0,998,0,1,5,12,12,6,2,21,0,0,1,1,48,78411,6,1,0,0,3,0,999,999,0,0,0,0,0,0,0,0,0,0,0,0,0,0,2,4,70,1,1,8,1,0,0,1,13,1,1,4,1,1,0
48,481999,1,2,2,22,10,19,2,12,1,1,0,48,1,6,51,6051,4,2006,2C3KA53G06H2,2,C,3,K,A,5,3,G,0,6,H,2,0,P,CHRY,3TR,4D,6,17,3651,,0,1200,,G,,0,0,000000000,00000000000,0,0,0,1,0,0,0,0,0,0,0,998,0,0,0,12,12,4,3,12,0,0,0,1,48,77069,6,1,0,0,3,0,999,999,0,0,0,2,0,2,2009,5,2009,1,91,0,0,0,2,9,35,1,2,8,1,98,3,1,51,1,1,1,28,0,1
48,481999,2,2,4,22,10,19,2,12,1,1,0,48,1,12,402,12402,14,2003,1FMYU02153KA,1,F,M,Y,U,0,2,1,5,3,K,A,0,P,FORD,SPE,UT,3,17,3019,,0,1031,,G,,0,0,000000000,00000000000,0,0,0,1,0,0,0,0,0,0,0,998,0,1,5,6,6,6,2,12,0,0,0,1,48,79404,6,1,0,0,3,0,999,999,1,0,0,0,0,5,2008,5,2008,0,0,0,0,0,2,9,35,1,2,8,1,98,3,2,53,1,1,1,29,1,0
48,482000,1,2,1,22,10,15,20,12,6,1,0,48,1,20,481,20481,31,2000,1GCEC19TXYZ1,1,G,C,E,C,1,9,T,X,Y,Z,1,0,T,CHEV,SC1,PC,0,17,,2,1575,1435,SIL,G,,0,0,000000000,00000000000,0,0,0,1,0,0,0,0,0,0,0,998,0,0,0,9,9,6,2,12,0,0,0,1,48,75654,6,1,0,0,3,0,999,999,0,0,0,0,0,0,0,0,0,0,39,0,0,0,1,2,99,2,1,8,1,20,3,14,17,1,1,1,89,1,0
48,482000,2,2,1,22,10,15,20,12,6,1,0,48,3,86,881,86881,63,1989,1M2N187Y8KW0,1,M,2,N,1,8,7,Y,8,K,W,0,0,T,MACK,R60,DS,89,17,,8,0,0,600,D,,0,57,00817004,5700817004,3,2,4,1,0,0,0,0,0,0,0,998,0,0,0,12,12,2,1,12,0,0,0,1,48,75604,6,1,6,0,3,3,999,999,0,0,0,0,0,0,0,0,0,0,0,0,0,0,2,4,99,3,2,8,1,0,0,14,66,1,1,1,88,0,0
48,482001,1,2,1,22,10,7,30,12,6,1,0,48,1,37,31,37031,4,2007,2HGFG12817H5,2,H,G,F,G,1,2,8,1,7,H,5,0,P,HOND,UAX,CP,7,17,2769,,0,1043,,G,,0,0,000000000,00000000000,0,0,0,1,0,0,0,0,0,0,0,998,0,1,5,81,81,6,2,12,0,0,0,1,48,78741,6,1,0,0,3,3,999,999,0,0,0,0,0,0,0,0,0,1,51,0,0,0,1,4,55,3,2,8,2,0,0,15,6,1,4,2,66,1,0
48,482001,2,2,4,22,10,7,30,12,6,1,0,48,2,20,421,20421,15,1998,1GNEK13R8WJ3,1,G,N,E,K,1,3,R,8,W,J,3,0,P,CHEV,KTA,UT,98,17,4865,,0,1175,,G,,0,0,000000000,00000000000,0,0,0,1,0,0,0,0,0,0,0,998,0,0,0,12,12,6,2,12,0,0,0,1,48,78612,0,0,0,0,0,0,999,999,0,0,0,0,0,0,0,0,0,0,92,0,0,0,1,4,55,2,2,8,2,0,0,14,62,1,1,1,66,0,0
48,482002,1,1,1,23,10,21,53,1,0,1,0,48,1,7,482,7482,31,2008,1D7HA18N88S5,1,D,7,H,A,1,8,N,8,8,S,5,1,T,DODG,SQ1,CW,8,17,,2,1605,1405,RPC,G,,1,0,000000000,00000000000,0,0,0,1,0,0,0,0,0,0,0,998,0,1,3,0,0,4,3,1,0,0,0,1,48,75939,6,1,0,0,3,0,999,999,0,0,0,0,0,0,0,0,0,1,0,0,0,0,2,4,65,3,2,8,2,0,0,14,6,1,3,4,7,1,0
48,482003,1,3,1,23,10,18,20,12,8,1,0,48,1,24,401,24401,14,2004,5GZCZ53464S8,5,G,Z,C,Z,5,3,4,6,4,S,8,0,P,STRN,VUE,UT,4,17,3478,,0,1066,,G,,0,0,000000000,00000000000,0,0,0,1,0,0,0,0,0,0,0,998,0,0,0,11,6,6,2,12,0,0,0,1,48,75169,6,1,0,0,3,3,999,999,0,0,0,0,0,0,0,0,0,1,91,0,0,0,1,4,70,1,2,8,2,0,0,1,6,1,4,2,64,0,0
48,482003,2,3,1,23,10,18,20,12,8,1,0,48,1,34,34,34034,2,2006,WBABD33486PM,W,B,A,B,D,3,3,4,8,6,P,M,0,P,BMW,5CI,CP,6,17,3197,,0,1073,,G,,0,0,000000000,00000000000,0,0,0,1,0,0,0,0,0,0,0,998,0,0,0,61,61,4,3,12,0,0,0,1,48,75169,6,1,0,0,3,0,999,999,0,0,0,0,0,0,0,0,0,0,92,0,0,0,1,4,70,1,2,8,2,0,0,1,62,1,1,1,65,0,0
48,482003,3,3,1,23,10,18,20,12,8,1,0,48,1,20,481,20481,31,2002,1GCEC14W92Z1,1,G,C,E,C,1,4,W,9,2,Z,1,0,T,CHEV,SC1,PK,2,17,,2,1330,1190,SIL,G,,0,0,000000000,00000000000,0,0,0,1,0,0,0,0,0,0,0,998,0,0,0,12,12,6,2,12,0,0,1,1,48,75169,6,1,0,0,3,0,999,999,0,0,0,0,0,0,0,0,0,0,0,0,0,0,1,4,70,1,2,8,2,0,0,1,62,1,1,1,98,1,0
48,482004,1,1,1,23,10,1,0,42,0,1,0,48,1,20,481,20481,31,2003,2GCEC19T0311,2,G,C,E,C,1,9,T,0,3,1,1,0,T,CHEV,SC1,4C,3,17,,2,1575,1435,SIL,G,,0,0,000000000,00000000000,0,0,0,1,0,0,0,0,0,0,0,998,0,0,0,11,11,4,3,42,0,0,0,1,48,76234,1,1,1,0,2,0,999,999,0,4,0,1,0,11,2007,5,2010,1,0,0,0,0,2,4,65,1,1,8,1,0,0,1,12,7,3,4,2,1,1
48,482005,1,1,2,24,10,2,10,38,0,1,0,48,2,7,481,7481,31,1987,1B7HW14T0HS3,1,B,7,H,W,1,4,T,0,H,S,3,0,T,DODG,W15,PK,87,17,,2,1310,1150,W15,G,,0,0,000000000,00000000000,0,0,0,1,0,0,0,0,0,0,0,998,0,0,0,9,9,4,3,38,0,0,0,1,48,77580,6,1,0,0,3,0,999,999,0,0,0,0,2,8,2010,10,2010,1,0,0,0,0,1,2,50,2,1,8,2,0,0,14,6,1,3,4,2,1,1
48,482006,1,1,1,24,10,12,44,53,0,1,0,48,3,20,481,20481,31,2002,1GBHC24U42Z1,1,G,B,H,C,2,4,U,4,2,Z,1,0,T,CHEV,2CH,PK,2,17,,2,0,1330,SIL,G,,0,0,000000000,00000000000,0,0,0,1,0,0,0,0,0,0,0,998,0,1,5,3,3,4,3,1,0,0,0,1,48,76050,6,1,0,0,3,3,999,999,0,0,0,0,0,0,0,0,0,0,58,0,0,0,1,2,60,1,1,8,1,0,0,1,13,6,4,4,2,1,0
48,482007,1,3,2,24,10,16,40,12,6,1,0,48,1,37,32,37032,4,2000,1HGCG1658YA0,1,H,G,C,G,1,6,5,8,Y,A,0,0,P,HOND,UEX,4D,0,17,3285,,0,1069,,G,,0,0,000000000,00000000000,0,0,0,1,0,0,0,0,0,0,0,998,0,0,0,9,9,6,2,12,0,0,0,1,48,75423,6,1,0,0,3,3,999,999,0,0,0,0,0,0,0,0,0,0,0,0,0,0,1,2,70,1,1,8,1,0,0,1,50,7,3,6,64,2,0
48,482007,2,3,1,24,10,16,40,12,6,1,0,48,3,12,481,12481,31,2009,1FTSW20RX9EA,1,F,T,S,W,2,0,R,X,9,E,A,0,T,FORD,F2S,CW,9,17,,2,1720,1560,SRW,D,,0,0,000000000,00000000000,0,0,0,1,0,0,0,0,0,0,0,998,0,0,0,12,12,4,3,12,0,0,0,1,48,75654,6,1,0,0,3,0,999,999,0,2,0,0,0,1,2010,4,2010,0,0,0,0,0,1,2,70,1,1,8,1,0,0,1,62,1,1,1,65,0,0
48,482007,3,3,1,24,10,16,40,12,6,1,0,48,1,6,52,6052,6,2007,3A4FY48B77T5,3,A,4,F,Y,4,8,B,7,7,T,5,0,P,CHRY,PTC,SV,7,17,2985,,0,1030,,G,,0,0,000000000,00000000000,0,0,0,1,0,0,0,0,0,0,0,0,0,0,0,11,11,2,3,12,0,0,0,1,48,77859,6,1,0,0,3,3,999,999,0,0,0,0,0,0,0,0,0,0,0,0,0,0,1,2,70,1,1,8,1,0,0,5,53,1,1,1,98,0,0
48,482008,1,1,1,25,10,12,55,32,0,1,0,48,3,12,16,12016,4,2004,2FAFP71W34X1,2,F,A,F,P,7,1,W,3,4,X,1,0,P,FORD,CVP,4D,4,17,0,,0,1147,,G,,0,0,000000000,00000000000,0,0,0,1,0,0,0,0,0,0,0,998,0,0,0,12,0,6,2,2,0,0,1,1,48,77571,6,1,0,0,3,0,999,999,0,0,0,0,0,0,0,0,0,0,58,0,0,0,1,2,65,3,1,8,1,0,0,14,13,6,4,4,7,1,0
48,482009,1,2,1,25,10,16,17,12,6,1,0,48,2,41,50,41050,4,2004,1YVFP80C845N,1,Y,V,F,P,8,0,C,8,4,5,N,0,P,MAZD,M6I,4D,4,17,3045,,0,1053,,G,,0,0,000000000,00000000000,0,0,0,1,0,0,0,0,0,0,0,998,0,0,0,9,9,6,2,12,0,0,0,1,48,76901,6,1,0,0,3,3,999,999,0,0,0,0,0,0,0,0,0,0,39,0,0,0,4,1,99,1,1,8,1,20,3,1,17,1,1,1,89,1,0
48,482009,2,2,1,25,10,16,17,12,6,1,0,48,1,7,482,7482,31,2003,1D7HA18K23J5,1,D,7,H,A,1,8,K,2,3,J,5,0,T,DODG,QS1,CW,3,17,,2,0,1405,RPC,G,,0,0,000000000,00000000000,0,0,0,1,0,0,0,0,0,0,0,998,0,0,0,12,12,4,1,12,0,0,0,1,48,79339,6,1,0,0,3,0,999,999,0,0,0,0,0,0,0,0,0,0,0,0,0,0,2,2,55,1,1,8,1,0,0,1,66,1,1,1,88,0,0
48,482010,1,2,1,25,10,7,41,12,2,1,0,48,1,20,20,20020,4,1998,2G1WL52M1W11,2,G,1,W,L,5,2,M,1,W,1,1,0,P,CHEV,L/S,4D,98,17,3330,,0,1075,,G,,0,0,000000000,00000000000,0,0,0,1,0,0,0,0,0,0,0,998,0,0,0,12,12,4,3,12,0,0,0,1,48,77036,0,0,0,0,0,0,999,999,0,0,0,0,0,0,0,0,0,0,0,0,0,0,1,4,70,1,2,8,1,0,0,1,62,1,1,1,51,1,0
48,482010,2,2,1,25,10,7,41,12,2,1,0,48,2,7,482,7482,31,2007,1D7HA18P97S1,1,D,7,H,A,1,8,P,9,7,S,1,0,T,DODG,SQ1,CW,7,17,,2,1605,1405,RPC,F,,0,0,000000000,00000000000,0,0,0,1,0,0,0,0,0,0,0,998,0,0,0,12,12,4,3,12,0,0,0,1,48,77355,6,1,0,0,3,0,999,999,0,0,0,0,0,0,0,0,0,0,28,0,0,0,1,4,70,1,2,8,1,0,0,1,10,7,1,2,50,0,0
48,482011,1,2,2,26,10,18,59,12,6,1,0,4,1,55,33,55033,4,2010,5NPET4AC9AH6,5,N,P,E,T,4,A,C,9,A,H,6,0,P,HYUN,SGL,4D,10,17,3292,,0,1074,,G,,0,0,000000000,00000000000,0,0,0,1,0,0,0,0,0,0,0,998,0,0,0,11,11,6,2,12,0,0,0,1,34,7726,6,1,0,0,3,3,76,999,1,0,0,0,1,5,2009,4,2010,0,0,0,0,0,5,2,70,1,1,8,1,0,0,1,62,1,1,1,69,1,0
48,482011,2,2,1,26,10,18,59,12,6,1,0,48,1,20,481,20481,31,2006,2GCEC13V3613,2,G,C,E,C,1,3,V,3,6,1,3,0,T,CHEV,SC1,CW,6,17,,2,0,1435,SIL,G,,0,0,000000000,00000000000,0,0,0,1,0,0,0,0,0,0,0,998,0,0,0,12,12,4,3,12,0,0,0,1,48,79331,6,1,0,0,3,0,999,999,0,0,0,0,3,5,2009,9,2010,0,38,0,0,0,5,2,70,1,1,8,1,0,0,11,15,1,1,1,68,0,0
48,482012,1,2,1,26,10,16,4,12,2,1,0,48,2,35,39,35039,4,1998,JN1CA21D9WM9,J,N,1,C,A,2,1,D,9,W,M,9,0,P,NISS,MGS,4D,98,17,3026,,0,1063,,G,,0,0,000000000,00000000000,0,0,0,1,0,0,0,0,0,0,0,998,0,0,0,12,12,6,2,12,0,0,0,1,48,78063,6,1,0,0,3,0,999,999,1,0,0,2,0,9,2008,7,2010,0,28,51,0,0,1,2,60,1,3,8,1,0,0,1,10,1,1,2,50,1,0
48,482012,2,2,28,26,10,16,4,12,2,1,0,48,3,84,981,84981,50,2004,4DRBRAAN34B9,4,D,R,B,R,A,A,N,3,4,B,9,0,U,,,,4,17,,,,,,,,0,57,350651,57350651,3,21,22,1,0,0,0,0,1,0,0,998,0,0,0,12,12,6,2,12,0,0,0,1,48,78063,6,1,7,1,3,0,999,999,0,0,0,1,0,5,2009,5,2009,0,0,0,0,0,1,2,60,1,3,8,1,0,0,1,62,7,1,1,51,0,0
48,482014,1,1,1,27,10,9,0,8,0,1,1,48,1,6,51,6051,4,2006,2C3LA63H26H4,2,C,3,L,A,6,3,H,2,6,H,4,0,P,CHRY,30C,4D,6,17,3980,,0,1200,,G,,0,0,000000000,00000000000,0,0,0,1,0,0,0,0,0,0,0,998,0,0,0,12,12,2,1,8,0,0,0,1,48,77091,6,1,0,0,3,0,999,999,0,0,0,0,0,0,0,0,0,0,0,0,0,0,1,2,30,1,1,2,1,0,0,1,13,1,1,4,1,0,0
48,482015,1,1,1,27,10,13,8,32,0,1,0,48,3,49,46,49046,4,2007,JTDKB20U8775,J,T,D,K,B,2,0,U,8,7,7,5,0,P,TOYT,PRI,4H,7,17,2932,,0,1063,,B,,0,0,000000000,00000000000,0,0,0,1,0,0,0,0,0,0,0,998,0,1,5,12,13,6,2,1,36,0,0,1,35,87505,6,1,0,0,3,0,68,158,98,0,0,0,0,0,0,0,0,0,0,0,0,0,1,2,75,1,1,8,1,0,0,1,13,1,4,4,1,1,0
48,482016,1,1,1,28,10,22,3,38,0,1,0,48,2,20,481,20481,31,1996,1GCEC19MXTE2,1,G,C,E,C,1,9,M,X,T,E,2,0,T,CHEV,GC1,PC,96,17,,2,1555,1415,GM4,G,,0,0,000000000,00000000000,0,0,0,1,0,0,0,0,0,0,0,998,0,1,5,12,12,4,3,42,0,0,0,1,48,75647,1,1,0,0,2,0,999,999,0,10,0,1,1,11,2008,4,2010,0,0,0,0,0,1,2,60,1,1,8,1,0,0,1,12,1,1,4,6,1,0
48,482017,1,2,1,28,10,5,7,12,6,1,0,48,3,84,881,84881,66,2006,1HSHXAHR16J2,1,H,S,H,X,A,H,R,1,6,J,2,2,T,INTL,860,DS,6,17,,8,0,0,80S,D,,1,57,133440,57133440,3,7,1,1,0,0,0,0,0,0,0,998,0,0,0,12,12,4,3,12,0,0,0,1,48,78417,6,1,6,1,3,3,999,999,0,1,0,0,0,12,2007,12,2007,0,0,0,0,0,2,4,65,1,1,8,2,0,0,1,62,1,1,1,65,0,0
48,482017,2,2,1,28,10,5,7,12,6,1,0,48,2,20,2,20002,4,2002,2G1WF55EX293,2,G,1,W,F,5,5,E,X,2,9,3,0,P,CHEV,IMP,4D,2,17,3389,,0,1105,,G,,0,0,000000000,00000000000,0,0,0,1,0,0,0,0,0,0,0,998,0,1,5,10,10,6,2,2,0,0,1,1,48,78417,6,1,0,0,3,3,999,999,0,0,0,0,0,0,0,0,0,0,28,58,51,0,2,4,65,1,1,8,2,0,0,1,13,6,3,6,64,1,0
48,482018,1,2,1,28,10,10,49,12,1,1,0,48,1,76,703,76703,80,2009,LPRSE48Y09A0,L,P,R,S,E,4,8,Y,0,9,A,0,0,M,YAMA,YW2,MS,9,17,,,,,,,125,0,0,000000000,00000000000,0,0,0,1,0,0,0,0,0,0,0,998,0,0,0,12,12,9,3,12,0,0,0,1,48,78727,6,1,0,0,3,3,999,999,0,0,0,0,0,0,0,0,0,1,0,0,0,0,2,4,45,1,1,8,1,0,0,1,6,1,1,1,20,1,0
48,482018,2,2,1,28,10,10,49,12,1,1,0,48,3,12,481,12481,31,2006,1FDWF36P76EA,1,F,D,W,F,3,6,P,7,6,E,A,0,T,FORD,F3D,CB,6,17,,3,1650,1410,DRW,D,,0,0,000000000,00000000000,0,0,0,1,0,0,0,0,0,0,0,0,0,0,0,6,6,2,1,12,0,0,0,1,48,78653,6,1,0,0,3,3,999,999,0,0,0,0,0,0,0,0,0,0,0,0,0,0,2,4,45,1,1,8,1,0,0,1,53,1,1,1,21,0,0
48,482019,1,2,2,28,10,16,22,12,7,1,0,48,1,35,472,35472,30,2009,1N6AD07U19C4,1,N,6,A,D,0,7,U,1,9,C,4,0,T,NISS,CEN,CW,9,17,,1,0,1259,FRT,G,,0,0,000000000,00000000000,0,0,0,1,0,0,0,0,0,0,0,998,0,1,5,5,6,6,2,1,0,0,0,1,48,77090,6,1,7,0,3,0,999,999,0,0,0,0,0,0,0,0,0,0,28,58,0,0,3,2,70,1,1,8,1,0,0,6,12,7,1,6,46,1,0
48,482019,2,2,1,28,10,16,22,12,7,1,0,48,1,12,481,12481,31,2005,1FTSX20P65EB,1,F,T,S,X,2,0,P,6,5,E,B,0,T,FORD,F2S,4C,5,17,,2,1580,1418,SRW,D,,0,0,000000000,00000000000,0,0,0,1,0,0,0,0,0,0,0,998,0,1,5,11,11,4,3,1,0,0,0,1,48,77873,6,1,0,0,3,0,999,999,0,0,0,0,0,0,0,0,0,0,0,0,0,0,3,2,70,1,1,8,1,0,0,1,60,1,1,1,45,0,0