STATE,ST_CASE,VEH_NO,VE_FORMS,NUMOCCS,DAY,MONTH,HOUR,MINUTE,HARM_EV,MAN_COLL,UNITTYPE,HIT_RUN,REG_STAT,OWNER,MAKE,MODEL,MAK_MOD,BODY_TYP,MOD_YEAR,VIN,VIN_1,VIN_2,VIN_3,VIN_4,VIN_5,VIN_6,VIN_7,VIN_8,VIN_9,VIN_10,VIN_11,VIN_12,TOW_VEH,VINTYPE,VINMAKE,VINA_MOD,VIN_BT,VINMODYR,VIN_LNGT,VIN_WGT,WGTCD_TR,WHLBS_LG,WHLBS_SH,SER_TR,FUELCODE,MCYCL_DS,J_KNIFE,MCARR_I1,MCARR_I2,MCARR_ID,GVWR,V_CONFIG,CARGO_BT,HAZ_INV,HAZ_PLAC,HAZ_ID,HAZ_CNO,HAZ_REL,BUS_USE,SPEC_USE,EMER_USE,TRAV_SP,UNDERIDE,ROLLOVER,ROLINLOC,IMPACT1,IMPACT2,DEFORMED,TOWED,M_HARM,VEH_SC1,VEH_SC2,FIRE_EXP,DR_PRES,L_STATE,DR_ZIP,L_STATUS,L_TYPE,CDL_STAT,L_ENDORS,L_COMPL,L_RESTRI,DR_HGT,DR_WGT,PREV_ACC,PREV_SUS,PREV_DWI,PREV_SPD,PREV_OTH,FIRST_MO,FIRST_YR,LAST_MO,LAST_YR,SPEEDREL,DR_SF1,DR_SF2,DR_SF3,DR_SF4,VTRAFWAY,VNUM_LAN,VSPD_LIM,VALIGN,VPROFILE,VPAVETYP,VSURCOND,VTRAFCON,VTCONT_F,P_CRASH1,P_CRASH2,P_CRASH3,PCRASH4,PCRASH5,ACC_TYPE,DEATHS,DR_DRINK
48,482054,1,1,1,5,11,15,48,9,0,1,0,48,2,30,40,30040,4,2002,3VWSE69M52M1,3,V,W,S,E,6,9,M,5,2,M,1,0,P,VOLK,JGS,4D,2,17,2899,,0,989,,G,,0,0,000000000,00000000000,0,0,0,1,0,0,0,0,0,0,0,998,0,0,0,12,12,2,3,9,0,0,0,1,48,77014,6,1,0,0,3,0,999,999,0,0,0,0,0,0,0,0,0,0,0,0,0,0,2,2,40,1,1,8,1,0,0,1,83,1,1,1,13,0,0
48,482055,1,1,1,5,11,11,1,21,0,1,0,92,0,53,402,53402,14,2002,JS3TD62V8241,J,S,3,T,D,6,2,V,8,2,4,1,0,P,SUZI,GVT,UT,2,17,3285,,0,976,,G,,0,0,000000000,00000000000,0,0,0,1,0,0,0,0,0,0,0,998,0,0,0,12,12,4,3,21,0,0,0,1,48,77021,6,1,0,0,3,0,999,999,0,0,0,0,0,0,0,0,0,0,0,0,0,0,6,1,35,1,1,1,1,0,0,1,13,1,1,4,1,1,1
48,482056,1,2,1,5,11,18,7,12,6,1,0,48,2,82,881,82881,66,1987,1FUYYCYB3HP3,1,F,U,Y,Y,C,Y,B,3,H,P,3,0,T,FRHT,FLC,DS,87,17,,8,0,0,CON,D,,0,48,1989386,481989386,3,19,4,1,0,0,0,0,0,0,0,998,0,0,0,3,3,2,3,12,0,0,0,1,48,78617,6,1,6,0,3,0,999,999,1,0,0,0,2,6,2008,8,2010,0,38,48,0,0,1,2,60,2,2,8,1,0,0,11,15,1,1,2,68,0,0
48,482056,2,2,1,5,11,18,7,12,6,1,0,92,0,98,709,98709,80,2009,4MZYL04D993C,4,M,Z,Y,L,0,4,D,9,9,3,C,0,U,,,,9,17,,,,,,,,0,0,000000000,00000000000,0,0,0,1,0,0,0,0,0,0,0,998,0,0,0,12,12,9,2,12,0,0,1,1,48,78610,6,1,6,0,3,3,999,999,0,2,0,0,0,9,2008,9,2009,0,0,0,0,0,1,2,60,3,2,8,1,0,0,14,62,1,1,1,69,1,0
48,482057,1,2,1,5,11,19,57,12,6,1,0,48,1,7,482,7482,31,2007,1D7HA18217S2,1,D,7,H,A,1,8,2,1,7,S,2,0,T,DODG,SQ1,CW,7,17,,2,1605,1405,RPC,G,,0,0,000000000,00000000000,0,0,0,1,0,0,0,0,0,0,0,998,0,0,0,12,12,6,2,12,0,0,1,1,48,77371,6,1,0,0,3,0,999,999,0,0,0,2,0,4,2009,6,2009,1,28,0,0,0,1,2,45,2,1,8,1,40,3,14,10,3,2,2,64,0,0
48,482057,2,2,1,5,11,19,57,12,6,1,0,92,0,12,481,12481,31,2008,1FTRF12W98FA,1,F,T,R,F,1,2,W,9,8,F,A,0,T,FORD,F15,PK,8,17,,2,1450,1260,COF,G,,0,0,000000000,00000000000,0,0,0,1,0,0,0,0,0,0,0,998,0,0,0,11,11,6,2,12,0,0,0,1,48,75929,6,1,0,0,3,0,999,999,0,0,0,0,0,0,0,0,0,0,0,0,0,0,1,2,45,3,1,8,1,40,3,14,62,1,1,1,65,1,0
48,482058,1,2,3,6,11,15,4,12,2,1,0,92,0,41,35,41035,4,2003,JM1BJ225X302,J,M,1,B,J,2,2,5,X,3,0,2,0,P,MAZD,PDS,4D,3,17,2634,,0,1028,,G,,0,0,000000000,00000000000,0,0,0,1,0,0,0,0,0,0,0,57,0,0,0,12,12,6,2,12,0,0,0,1,48,78621,6,1,0,0,3,0,999,999,0,0,0,0,0,0,0,0,0,1,51,0,0,0,1,2,30,2,1,8,1,0,0,14,54,3,2,1,50,1,0
48,482058,2,2,1,6,11,15,4,12,2,1,0,48,2,35,421,35421,15,2010,5N1BA0ND9AN6,5,N,1,B,A,0,N,D,9,A,N,6,0,P,NISS,ARM,UT,10,17,5203,,0,1232,,F,,0,0,000000000,00000000000,0,0,0,1,0,0,0,0,0,0,0,998,0,0,0,12,12,4,3,12,0,0,0,1,48,78621,6,1,0,0,3,3,999,999,0,0,0,0,0,0,0,0,0,0,0,0,0,0,1,2,30,3,1,8,1,0,0,14,54,7,1,2,51,0,0
48,482059,1,2,1,6,11,2,21,12,2,1,0,48,2,20,481,20481,31,1999,1GCEK19T6XZ1,1,G,C,E,K,1,9,T,6,X,Z,1,0,T,CHEV,SK1,3C,99,17,,2,1575,1435,SIL,G,,0,0,000000000,00000000000,0,0,0,1,0,0,0,0,0,0,0,998,0,0,0,12,12,4,3,12,0,0,0,1,48,78566,6,1,6,0,3,0,999,999,0,0,0,0,0,0,0,0,0,0,28,23,0,0,5,4,65,1,1,8,1,0,0,1,10,1,1,2,50,0,1
48,482059,2,2,4,6,11,2,21,12,2,1,0,92,0,20,9,20009,2,1996,2G1FP22K6T21,2,G,1,F,P,2,2,K,6,T,2,1,0,P,CHEV,C/R,CP,96,17,3306,,0,1011,,G,,0,0,000000000,00000000000,0,0,0,1,0,0,0,0,0,0,0,998,0,0,0,12,12,6,2,12,0,0,0,1,48,78577,3,2,0,0,2,2,999,999,0,0,0,0,0,0,0,0,0,0,73,0,0,0,5,4,65,1,1,8,1,0,0,1,62,1,1,1,51,1,0
48,482060,1,1,1,6,11,19,20,42,0,1,0,48,1,12,481,12481,31,2011,1FTRF3DT0BEA,1,F,T,R,F,3,D,T,0,B,E,A,0,T,FORD,F3D,PK,11,17,,3,0,1370,DRW,D,,0,0,000000000,00000000000,0,0,0,1,0,0,0,0,0,0,0,998,0,1,5,12,12,6,2,42,0,0,0,1,48,75789,6,1,0,0,3,0,999,999,1,0,0,1,0,12,2007,5,2010,1,58,0,0,0,1,2,55,3,1,8,1,0,0,14,13,6,1,4,6,1,1
48,482061,1,2,1,6,11,0,29,12,2,1,0,48,2,18,3,18003,4,1997,1G4CW52K3V46,1,G,4,C,W,5,2,K,3,V,4,6,0,P,BUIC,PKA,4D,97,17,3788,,0,1138,,G,,0,0,000000000,00000000000,0,0,0,1,0,0,0,0,0,0,0,998,0,0,0,12,12,6,2,12,0,0,0,1,48,78934,6,1,0,0,3,3,999,999,0,0,0,0,1,12,2009,12,2009,0,28,0,0,0,1,2,55,1,1,8,1,0,0,1,10,1,1,2,50,1,1
48,482061,2,2,3,6,11,0,29,12,2,1,0,48,2,12,17,12017,4,1997,1FALP52U1VG2,1,F,A,L,P,5,2,U,1,V,G,2,0,P,FORD,TAG,4D,97,17,3329,,0,1085,,G,,0,0,000000000,00000000000,0,0,0,1,0,0,0,0,0,0,0,998,0,0,0,12,12,6,2,12,0,0,0,1,48,78934,0,0,0,0,0,0,999,999,0,0,0,0,0,0,0,0,0,0,0,0,0,0,1,2,55,1,1,8,1,0,0,1,62,1,1,1,51,2,0
48,482062,1,1,3,6,11,4,7,42,0,1,0,48,2,22,9,22009,2,2002,2G2FV22G6221,2,G,2,F,V,2,2,G,6,2,2,1,0,P,PONT,FTA,2H,2,17,3452,,0,1011,,G,,0,0,000000000,00000000000,0,0,0,1,0,0,0,0,0,0,0,998,0,0,0,12,12,4,3,42,0,0,0,1,48,79761,1,1,0,0,2,3,999,999,0,17,1,1,3,1,2008,8,2010,1,91,0,0,0,1,4,35,1,1,8,6,0,0,1,6,3,2,4,2,1,1
48,482063,1,2,1,6,11,17,50,12,2,1,0,48,2,7,402,7402,14,2000,1B4HR28Z4YF2,1,B,4,H,R,2,8,Z,4,Y,F,2,0,P,DODG,DUR,UT,0,17,4225,,0,1159,,G,,0,0,000000000,00000000000,0,0,0,1,0,0,0,0,0,0,0,998,0,1,1,12,12,6,2,1,0,0,0,1,48,77662,0,0,0,0,0,0,999,999,0,0,0,0,0,0,0,0,0,0,28,0,0,0,1,2,65,2,1,8,1,0,0,14,10,1,1,2,50,0,0
48,482063,2,2,3,6,11,17,50,12,2,1,0,48,1,13,1,13001,4,1999,1LNHM82W5XY6,1,L,N,H,M,8,2,W,5,X,Y,6,0,P,LINC,SIG,4D,99,17,4020,,0,1177,,G,,0,0,000000000,00000000000,0,0,0,1,0,0,0,0,0,0,0,998,0,0,0,12,12,6,2,12,0,0,0,1,48,77662,6,1,0,0,3,3,999,999,0,0,0,0,0,0,0,0,0,0,0,0,0,0,1,2,65,1,1,8,1,0,0,1,62,8,1,1,51,2,0
48,482064,1,1,1,7,11,7,21,42,0,1,0,48,2,35,443,35443,20,2006,5N1BV28U86N1,5,N,1,B,V,2,8,U,8,6,N,1,0,P,NISS,QST,SV,6,17,3914,,0,1240,,G,,0,0,000000000,00000000000,0,0,0,1,0,0,0,0,0,0,0,998,0,0,0,12,12,6,2,42,0,0,0,1,48,78108,0,0,0,0,0,0,63,143,0,0,0,0,0,0,0,0,0,0,0,0,0,0,1,2,45,1,1,8,1,0,0,1,13,1,1,4,1,1,1
48,482065,1,1,5,7,11,3,50,1,0,1,0,48,2,35,47,35047,4,2005,1N4AL11D35C2,1,N,4,A,L,1,1,D,3,5,C,2,0,P,NISS,ASL,4D,5,17,2915,,0,1102,,G,,0,0,000000000,00000000000,0,0,0,1,0,0,0,0,0,0,0,998,0,2,3,0,9,4,3,1,0,0,0,1,48,79915,3,1,0,0,2,0,999,999,0,3,0,0,0,2,2008,2,2008,0,58,0,0,0,2,4,65,1,1,8,1,0,0,1,12,7,3,4,2,2,0
48,482066,1,1,2,7,11,3,12,8,0,1,0,48,1,12,481,12481,31,1994,1FTEF14N1RLB,1,F,T,E,F,1,4,N,1,R,L,B,0,T,FORD,F15,PK,94,17,,2,1330,1170,COF,G,,0,0,000000000,00000000000,0,0,0,1,0,0,0,0,0,0,0,998,0,0,0,14,14,0,3,8,0,0,0,1,48,75060,1,1,0,0,2,0,999,999,0,3,0,0,0,1,2009,2,2010,0,0,0,0,0,2,4,45,1,2,8,1,0,0,1,80,1,1,1,13,0,1
48,482067,1,1,1,7,11,20,17,38,0,1,0,48,2,12,481,12481,31,2001,1FTZF17281NA,1,F,T,Z,F,1,7,2,8,1,N,A,0,T,FORD,F15,PK,1,17,,1,1385,1199,COF,G,,0,0,000000000,00000000000,0,0,0,1,0,0,0,0,0,0,0,998,0,1,6,3,3,4,3,1,0,0,0,1,48,78071,6,1,0,0,3,0,999,999,0,0,0,0,0,0,0,0,0,1,0,0,0,0,1,2,70,1,1,8,1,40,3,1,6,1,4,4,7,1,0
48,482068,1,2,1,7,11,14,45,12,2,1,0,48,2,12,422,12422,15,2000,1FMRU17L8YLC,1,F,M,R,U,1,7,L,8,Y,L,C,0,P,FORD,EPT,UT,0,17,4833,,0,1191,,G,,0,0,000000000,00000000000,0,0,0,1,0,0,0,0,0,0,0,998,0,0,0,12,12,6,2,12,0,0,0,1,48,75964,6,1,7,0,3,3,999,999,0,0,0,1,0,9,2009,9,2009,0,28,0,0,0,1,2,70,1,1,8,1,0,0,1,10,1,1,2,50,1,0
48,482068,2,2,2,7,11,14,45,12,2,1,0,48,2,34,35,34035,4,2008,WBANW53558CT,W,B,A,N,W,5,3,5,5,8,C,T,0,P,BMW,550,4D,8,17,3968,,0,1137,,G,,0,0,000000000,00000000000,0,0,0,1,0,0,0,0,0,0,0,998,0,0,0,12,12,6,2,12,0,0,0,1,48,77356,6,2,0,0,3,3,999,999,0,0,0,0,0,0,0,0,0,0,0,0,0,0,1,2,70,1,1,8,1,0,0,1,62,7,1,1,51,0,0
48,482069,1,1,1,7,11,22,50,59,0,1,0,48,1,2,404,2404,14,2002,1J4GX38S22C1,1,J,4,G,X,3,8,S,2,2,C,1,0,T,JEEP,GSP,4W,2,17,,1,0,1059,GCK,G,,0,0,000000000,00000000000,0,0,0,1,0,0,0,0,0,0,0,998,0,1,5,99,12,6,2,1,0,0,0,1,48,75935,6,1,0,0,3,3,999,999,0,0,0,1,0,4,2008,4,2008,0,0,0,0,0,1,2,55,2,2,8,1,28,3,14,12,1,1,4,6,1,0
48,482070,1,4,1,8,11,13,20,12,1,1,0,48,1,18,20,18020,2,1989,2G4WB14T3K14,2,G,4,W,B,1,4,T,3,K,1,4,0,P,BUIC,RGC,CP,89,17,3020,,0,1075,,G,,0,0,000000000,00000000000,0,0,0,1,0,0,0,0,0,0,0,0,0,0,0,6,2,6,2,12,0,0,1,1,48,75839,6,1,0,0,3,0,999,999,0,0,0,0,0,0,0,0,0,0,0,0,0,0,1,2,70,1,2,8,1,0,0,5,53,1,1,1,21,1,0
48,482070,2,4,1,8,11,13,20,12,1,1,0,48,1,12,481,12481,31,2007,1FTRF12217NA,1,F,T,R,F,1,2,2,1,7,N,A,0,T,FORD,F15,PK,7,17,,2,1450,1260,COF,G,,0,0,000000000,00000000000,0,0,0,1,0,0,0,0,0,0,0,998,0,0,0,12,12,4,3,12,0,0,0,1,48,75835,6,1,0,0,3,0,999,999,0,0,0,0,0,0,0,0,0,1,0,0,0,0,1,2,70,1,2,8,1,0,0,1,50,1,1,1,20,0,0
48,482070,3,4,1,8,11,13,20,12,1,1,0,48,3,87,883,87883,66,1990,1XP5DB9X7LN2,1,X,P,5,D,B,9,X,7,L,N,2,1,T,PTRB,379,DS,90,17,,8,0,0,CON,D,,1,57,02070784,5702070784,3,6,3,1,0,0,0,0,0,0,0,998,0,0,0,12,12,4,3,12,0,0,0,1,48,77320,6,1,6,0,3,0,999,999,0,0,0,0,1,6,2010,6,2010,0,0,0,0,0,1,2,70,1,2,8,1,0,0,1,62,1,1,1,98,0,0
48,482070,4,4,2,8,11,13,20,12,1,1,0,48,2,20,2,20002,4,2003,2G1WF55K1393,2,G,1,W,F,5,5,K,1,3,9,3,0,P,CHEV,IMP,4D,3,17,3389,,0,1105,,G,,0,0,000000000,00000000000,0,0,0,1,0,0,0,0,0,0,0,998,0,0,0,11,11,2,1,54,0,0,0,1,48,75801,6,1,0,0,3,0,999,999,0,0,0,0,0,0,0,0,0,0,0,0,0,0,1,2,70,1,2,8,1,0,0,1,50,7,1,4,98,0,0
48,482071,1,2,1,8,11,19,7,12,1,1,0,48,1,20,898,20898,62,1976,CME676V13834,C,M,E,6,7,6,V,1,3,8,3,4,0,P,,,,,,,,,,,,,0,88,888888888,88888888888,2,2,4,1,0,0,0,0,0,0,0,998,0,0,0,6,6,2,1,12,0,0,0,1,48,79068,6,1,6,0,3,3,999,999,0,0,0,0,0,0,0,0,0,0,0,0,0,0,2,4,65,1,1,8,1,0,0,1,53,1,1,1,25,0,0
48,482071,2,2,1,8,11,19,7,12,1,1,0,48,1,59,32,59032,4,1991,JT8UF11E1M00,J,T,8,U,F,1,1,E,1,M,0,0,0,P,LEXS,LS4,4D,91,17,3591,,0,1108,,G,,0,0,000000000,00000000000,0,0,0,1,0,0,0,0,0,0,0,998,0,0,0,12,12,4,3,12,0,0,0,1,48,79039,6,1,0,0,3,3,999,999,0,0,0,0,0,0,0,0,0,1,0,0,0,0,2,4,65,1,1,8,1,0,0,1,51,1,1,1,24,1,0
48,482072,1,4,1,8,11,7,33,12,8,1,0,48,2,20,481,20481,31,1998,1GCEC14M2WZ1,1,G,C,E,C,1,4,M,2,W,Z,1,0,T,CHEV,GC1,PK,98,17,,2,1315,1175,GM4,G,,0,0,000000000,00000000000,0,0,0,1,0,0,0,0,0,0,0,998,0,1,9,61,12,4,3,12,0,0,0,1,48,77076,0,0,0,0,0,0,999,999,0,0,0,0,0,0,0,0,0,0,28,0,0,0,2,6,45,1,1,2,1,0,0,1,10,1,1,2,64,0,0
48,482072,2,4,1,8,11,7,33,12,8,1,0,48,1,58,37,58037,4,2006,JNKCV51E66M5,J,N,K,C,V,5,1,E,6,6,M,5,0,P,INFI,G35,4D,6,17,3449,,0,1122,,G,,0,0,000000000,00000000000,0,0,0,1,0,0,0,0,0,0,0,998,0,0,0,61,61,2,1,12,0,0,0,1,48,77494,6,1,0,0,3,0,999,999,0,0,0,0,0,0,0,0,0,0,0,0,0,0,2,6,45,1,1,2,1,0,0,1,62,1,1,1,65,0,0
48,482072,3,4,1,8,11,7,33,12,8,1,0,48,1,20,22,20022,4,2008,1G1AK58F9872,1,G,1,A,K,5,8,F,9,8,7,2,0,P,CHEV,BLS,4D,8,17,3216,,0,1033,,G,,0,0,000000000,00000000000,0,0,0,1,0,0,0,0,0,0,0,998,0,0,0,12,12,6,2,12,0,0,1,1,48,77084,6,1,0,0,3,0,999,999,0,0,0,0,0,0,0,0,0,0,0,0,0,0,2,6,45,1,1,2,1,0,0,1,62,1,1,1,98,1,0
48,482072,4,4,1,8,11,7,33,12,8,1,0,48,1,49,442,49442,20,2000,4T3ZF19C4YU2,4,T,3,Z,F,1,9,C,4,Y,U,2,0,P,TOYT,SIE,SV,0,17,3879,,0,1142,,G,,0,0,000000000,00000000000,0,0,0,1,0,0,0,0,0,0,0,998,0,0,0,12,12,4,3,12,0,0,0,1,48,77095,6,1,0,0,3,3,999,999,0,0,0,0,0,0,0,0,0,0,0,0,0,0,2,6,45,1,1,2,1,0,0,1,62,1,1,1,98,0,0
48,482073,1,2,1,8,11,7,53,12,6,1,0,48,2,12,481,12481,31,1973,F25HKQ70567,F,2,5,H,K,Q,7,0,5,6,7,,0,P,,,,,,,,,,,,,0,0,000000000,00000000000,0,0,0,1,0,0,0,0,0,0,0,998,0,0,0,3,3,2,1,12,0,0,0,1,48,78025,6,1,0,0,3,0,999,999,0,0,0,0,0,0,0,0,0,0,38,0,0,0,5,4,35,1,1,8,1,0,0,11,15,1,1,1,68,0,0
48,482073,2,2,1,8,11,7,53,12,6,1,0,48,1,37,709,37709,80,1994,JH2RC3404RM2,J,H,2,R,C,3,4,0,4,R,M,2,0,M,HOND,PC8,RS,94,17,,,,,,,800,0,0,000000000,00000000000,0,0,0,1,0,0,0,0,0,0,0,998,0,0,0,99,99,9,2,12,0,0,0,1,48,78028,6,1,0,0,3,3,999,999,0,0,0,0,0,0,0,0,0,0,0,0,0,0,5,4,35,1,1,8,1,0,0,1,62,3,4,3,69,1,0
48,482074,1,1,1,9,11,15,17,8,0,1,0,48,1,12,471,12471,30,1995,1FTCR10A7SPA,1,F,T,C,R,1,0,A,7,S,P,A,0,T,FORD,RNG,PK,95,17,,1,1140,1080,RNG,G,,0,0,000000000,00000000000,0,0,0,1,0,0,0,0,0,0,0,998,0,0,0,12,12,2,3,8,0,0,0,1,48,76011,6,1,0,0,3,0,999,999,0,0,0,0,0,0,0,0,0,0,0,0,0,0,2,6,40,1,1,8,1,0,0,1,80,1,1,1,13,0,0
48,482075,1,1,1,9,11,20,0,8,0,1,0,48,1,2,404,2404,14,1997,1J4FX58SXVC6,1,J,4,F,X,5,8,S,X,V,C,6,0,T,JEEP,LRT,4W,97,17,,1,0,1059,GCK,G,,0,0,000000000,00000000000,0,0,0,1,0,0,0,0,0,0,0,998,0,0,0,12,12,2,1,8,0,0,0,1,48,77036,6,1,0,0,3,0,999,999,1,2,0,0,0,4,2008,10,2009,0,0,0,0,0,2,6,35,1,1,1,1,3,3,1,80,1,1,1,13,0,0
48,482076,1,2,1,9,11,1,12,12,6,1,0,48,1,12,401,12401,14,1998,1FMZU34X7WZA,1,F,M,Z,U,3,4,X,7,W,Z,A,0,P,FORD,EPR,UT,98,17,4146,,0,1115,,G,,0,0,000000000,00000000000,0,0,0,1,0,0,0,0,0,0,0,998,0,0,0,12,12,6,2,12,0,0,0,1,48,76705,1,1,0,0,2,0,999,999,0,1,1,0,0,3,2010,10,2010,1,28,0,0,0,2,4,55,1,2,8,1,0,0,1,55,1,1,1,88,1,1
48,482076,2,2,1,9,11,1,12,12,6,1,0,17,3,86,881,86881,66,1998,1M1AA09Y1WW0,1,M,1,A,A,0,9,Y,1,W,W,0,2,T,MACK,CH6,DS,98,17,,8,0,0,600,D,,1,57,021800,57021800,3,7,1,1,0,0,0,0,0,0,0,998,0,0,0,63,63,2,9,12,0,0,0,1,48,76067,6,1,6,1,3,0,999,999,0,0,0,0,1,1,2008,1,2008,0,39,0,0,0,2,4,55,1,1,8,1,20,3,4,17,1,1,1,89,0,0
48,482077,1,2,2,10,11,16,40,12,6,1,0,48,1,98,398,98398,9,2006,5GTDN1360682,5,G,T,D,N,1,3,6,0,6,8,2,0,T,HUMM,HH3,4W,6,17,,1,0,1119,HUM,G,,0,0,000000000,00000000000,0,0,0,1,0,0,0,0,0,0,0,998,0,0,0,12,12,6,2,12,0,0,0,1,48,77379,6,1,0,0,3,0,999,999,0,0,0,0,0,0,0,0,0,0,39,0,0,0,1,2,45,1,2,8,1,20,3,1,17,1,1,1,86,0,0
48,482077,2,2,2,10,11,16,40,12,6,1,0,48,2,55,35,55035,4,2007,KMHDU46D87U1,K,M,H,D,U,4,6,D,8,7,U,1,0,P,HYUN,GST,4D,7,17,2723,,0,1043,,G,,0,0,000000000,00000000000,0,0,0,1,0,0,0,0,0,0,0,998,0,0,0,3,3,6,2,12,0,0,0,1,48,78666,6,1,0,0,3,0,999,999,0,0,0,1,0,10,2008,10,2008,0,0,0,0,0,1,2,99,1,1,8,1,0,0,1,66,1,1,1,87,1,0
48,482078,1,1,1,10,11,5,20,8,0,1,0,48,1,49,403,49403,14,2005,JTEDP21A9500,J,T,E,D,P,2,1,A,9,5,0,0,0,P,TOYT,HIG,UT,5,17,3520,,0,1069,,G,,0,0,000000000,00000000000,0,0,0,1,0,0,0,0,0,0,0,998,0,0,0,12,12,2,3,8,0,0,0,1,48,77449,6,1,0,0,3,3,999,999,0,0,0,0,0,0,0,0,0,0,0,0,0,0,3,3,45,1,1,1,1,0,0,1,80,1,1,1,13,0,0
48,482080,1,1,4,10,11,22,21,72,0,1,0,48,2,12,481,12481,31,2005,1FTPW14545KD,1,F,T,P,W,1,4,5,4,5,K,D,0,T,FORD,F1S,CW,5,17,,2,1450,1260,COF,G,,0,0,000000000,00000000000,0,0,0,1,0,0,0,0,0,0,0,998,0,1,1,0,0,4,3,1,0,0,0,1,48,78372,0,0,0,0,0,0,999,999,0,0,0,0,0,0,0,0,0,1,92,0,0,0,1,2,50,3,1,8,1,0,0,14,13,6,4,6,0,1,0
48,482081,1,1,99,10,11,19,15,8,0,1,1,99,9,99,999,99999,99,9999,999999999999,9,9,9,9,9,9,9,9,9,9,9,9,0,U,,,,9,17,,,,,,,,0,0,000000000,00000000000,0,0,0,1,0,0,0,0,0,0,0,998,0,0,0,11,11,2,1,8,0,0,0,1,99,99999,9,9,99,9,9,9,999,999,99,99,99,99,99,99,9999,99,9999,0,0,0,0,0,1,2,65,2,1,8,1,0,0,14,80,1,1,1,13,0,0
48,482082,1,1,1,11,11,21,14,53,0,1,0,48,1,6,52,6052,1,2005,3C4FY48B85T5,3,C,4,F,Y,4,8,B,8,5,T,5,0,P,CHRY,PTC,SV,5,17,3018,,0,1030,,G,,0,0,000000000,00000000000,0,0,0,1,0,0,0,0,0,0,0,998,0,0,0,12,12,4,3,42,0,0,0,1,48,75904,3,1,0,0,2,3,999,999,0,0,0,0,0,0,0,0,0,0,0,0,0,0,5,4,60,1,1,8,1,0,0,1,12,1,1,4,6,1,0
48,482083,1,2,2,11,11,15,40,12,2,1,0,48,1,35,472,35472,30,2006,1N6AD07U56C4,1,N,6,A,D,0,7,U,5,6,C,4,0,T,NISS,CEO,CW,6,17,,1,0,1259,FRT,G,,0,0,000000000,00000000000,0,0,0,1,0,0,0,0,0,0,0,998,0,0,0,12,12,6,2,12,0,0,0,1,48,77301,6,1,0,0,3,0,999,999,0,0,0,0,0,0,0,0,0,0,28,0,0,0,2,2,55,1,1,8,2,0,0,1,10,1,1,2,50,0,0
48,482083,2,2,3,11,11,15,40,12,2,1,0,48,2,12,402,12402,14,2006,1FMCU03106KA,1,F,M,C,U,0,3,1,0,6,K,A,0,P,FORD,SPE,UT,6,17,3300,,0,1031,,G,,0,0,000000000,00000000000,0,0,0,1,0,0,0,0,0,0,0,998,0,0,0,12,12,6,2,12,0,0,0,1,48,77303,6,1,0,0,3,0,999,999,0,0,0,0,0,0,0,0,0,0,0,0,0,0,2,2,55,1,1,8,2,0,0,1,62,1,1,1,51,2,0
48,482084,1,1,2,11,11,12,49,1,0,1,0,48,2,20,421,20421,15,2003,1GNDS13SX321,1,G,N,D,S,1,3,S,X,3,2,1,0,P,CHEV,TRL,UT,3,17,4417,,0,1130,,G,,0,0,000000000,00000000000,0,0,0,1,0,0,0,0,0,0,0,998,0,2,5,0,3,4,3,1,0,0,0,1,48,78412,6,1,0,0,3,3,999,999,0,0,0,0,0,0,0,0,0,1,58,0,0,0,2,4,70,1,1,8,1,0,0,1,10,7,4,4,2,1,0
48,482085,1,1,3,11,11,19,35,1,0,1,0,48,1,20,402,20402,14,2003,2CNBE1343369,2,C,N,B,E,1,3,4,3,3,6,9,0,P,CHEV,TKR,UT,3,17,2866,,0,976,,G,,0,0,000000000,00000000000,0,0,0,1,0,0,0,0,0,0,0,998,0,1,5,0,9,4,3,1,0,0,0,1,48,77360,6,1,0,0,3,3,999,999,0,0,0,0,0,0,0,0,0,0,0,0,0,0,1,2,55,3,1,8,2,0,0,14,13,1,4,4,1,1,1
48,482086,1,1,1,12,11,19,30,8,0,1,1,48,1,30,40,30040,4,2002,3VWSE69M22M0,3,V,W,S,E,6,9,M,2,2,M,0,0,P,VOLK,JGS,4D,2,17,2899,,0,989,,G,,0,0,000000000,00000000000,0,0,0,1,0,0,0,0,0,0,0,998,0,0,0,12,12,2,1,8,0,0,0,1,48,77022,0,0,0,0,0,0,999,999,0,0,0,0,0,0,0,0,0,0,0,0,0,0,1,2,30,1,1,2,1,0,0,1,80,1,1,1,13,0,0
48,482087,1,2,1,12,11,6,36,12,6,1,0,48,1,12,3,12003,2,2010,1ZVBP8AN3A51,1,Z,V,B,P,8,A,N,3,A,5,1,0,P,FORD,MUS,CP,10,17,3401,,0,1071,,G,,0,0,000000000,00000000000,0,0,0,1,0,0,0,0,0,0,0,998,0,0,0,10,10,4,3,12,0,0,0,1,48,75462,6,1,0,0,3,3,999,999,0,0,0,0,0,0,0,0,0,0,38,0,0,0,1,2,99,1,1,8,1,20,3,4,17,1,1,1,89,0,0
48,482087,2,2,1,12,11,6,36,12,6,1,0,48,1,72,706,72706,80,2007,1HD1FF4107Y7,1,H,D,1,F,F,4,1,0,7,Y,7,0,M,HD,FHC,RS,7,17,,,,,,,1584,0,0,000000000,00000000000,0,0,0,1,0,0,0,0,0,0,0,998,0,0,0,12,12,4,3,12,0,0,0,1,48,75460,6,1,0,0,3,3,999,999,0,0,0,0,0,0,0,0,0,0,0,0,0,0,5,4,60,1,1,8,1,0,0,1,66,1,1,1,88,1,0