STATE,ST_CASE,VEH_NO,VE_FORMS,NUMOCCS,DAY,MONTH,HOUR,MINUTE,HARM_EV,MAN_COLL,UNITTYPE,HIT_RUN,REG_STAT,OWNER,MAKE,MODEL,MAK_MOD,BODY_TYP,MOD_YEAR,VIN,VIN_1,VIN_2,VIN_3,VIN_4,VIN_5,VIN_6,VIN_7,VIN_8,VIN_9,VIN_10,VIN_11,VIN_12,TOW_VEH,VINTYPE,VINMAKE,VINA_MOD,VIN_BT,VINMODYR,VIN_LNGT,VIN_WGT,WGTCD_TR,WHLBS_LG,WHLBS_SH,SER_TR,FUELCODE,MCYCL_DS,J_KNIFE,MCARR_I1,MCARR_I2,MCARR_ID,GVWR,V_CONFIG,CARGO_BT,HAZ_INV,HAZ_PLAC,HAZ_ID,HAZ_CNO,HAZ_REL,BUS_USE,SPEC_USE,EMER_USE,TRAV_SP,UNDERIDE,ROLLOVER,ROLINLOC,IMPACT1,IMPACT2,DEFORMED,TOWED,M_HARM,VEH_SC1,VEH_SC2,FIRE_EXP,DR_PRES,L_STATE,DR_ZIP,L_STATUS,L_TYPE,CDL_STAT,L_ENDORS,L_COMPL,L_RESTRI,DR_HGT,DR_WGT,PREV_ACC,PREV_SUS,PREV_DWI,PREV_SPD,PREV_OTH,FIRST_MO,FIRST_YR,LAST_MO,LAST_YR,SPEEDREL,DR_SF1,DR_SF2,DR_SF3,DR_SF4,VTRAFWAY,VNUM_LAN,VSPD_LIM,VALIGN,VPROFILE,VPAVETYP,VSURCOND,VTRAFCON,VTCONT_F,P_CRASH1,P_CRASH2,P_CRASH3,PCRASH4,PCRASH5,ACC_TYPE,DEATHS,DR_DRINK
48,482155,1,1,3,5,7,3,19,5,0,1,0,48,2,12,402,12402,14,2003,1FMCU04113KD,1,F,M,C,U,0,4,1,1,3,K,D,0,P,FORD,SPE,UT,3,17,3344,,0,1031,,G,,0,0,000000000,00000000000,0,0,0,1,0,0,0,0,0,0,0,998,0,0,0,0,0,0,1,5,0,0,0,1,48,78210,0,0,0,0,0,0,999,999,0,0,0,0,0,0,0,0,0,0,0,0,0,0,1,2,99,1,1,8,1,0,0,1,98,1,1,1,0,1,1
48,482156,1,1,1,7,7,3,8,30,0,1,0,48,2,76,706,76706,80,1997,JYA4YWE0XVA0,J,Y,A,4,Y,W,E,0,X,V,A,0,0,M,YAMA,Y1R,RS,97,17,,,,,,,1003,0,0,000000000,00000000000,0,0,0,1,0,0,0,0,0,0,0,998,0,0,0,99,99,4,3,30,0,0,0,1,48,78227,6,1,0,0,2,0,999,999,0,0,0,0,1,11,2009,11,2009,1,0,0,0,0,6,2,60,2,6,8,1,21,3,14,12,1,9,4,6,1,1
48,482157,1,1,1,14,7,7,19,24,0,1,0,48,1,37,709,37709,80,2009,JH2PC40079K2,J,H,2,P,C,4,0,0,7,9,K,2,0,M,HOND,B60,RC,9,17,,,,,,,599,0,0,000000000,00000000000,0,0,0,1,0,0,0,0,0,0,0,998,0,0,0,99,99,9,2,24,0,0,0,1,48,76177,6,1,0,0,3,0,999,999,0,0,0,0,0,0,0,0,0,0,0,0,0,0,6,2,60,3,2,8,99,0,0,14,61,7,1,4,1,1,0
48,482158,1,1,1,19,7,21,30,8,0,1,0,48,2,20,16,20016,4,2003,1G1JC52F0371,1,G,1,J,C,5,2,F,0,3,7,1,0,P,CHEV,CAV,4D,3,17,2971,,0,1041,,G,,0,0,000000000,00000000000,0,0,0,1,0,0,0,0,0,0,0,998,0,0,0,12,12,4,3,8,0,0,0,1,48,78212,6,1,0,0,3,0,999,999,0,3,0,0,0,1,2008,1,2008,0,0,0,0,0,1,4,99,1,3,8,1,0,0,1,80,1,1,1,13,0,0
48,482159,1,1,1,25,7,2,51,21,0,1,0,48,2,18,3,18003,4,2000,1G4CW54K3Y42,1,G,4,C,W,5,4,K,3,Y,4,2,0,P,BUIC,PKA,4D,0,17,3778,,0,1138,,G,,0,0,000000000,00000000000,0,0,0,1,0,0,0,0,0,0,0,998,0,0,0,12,12,6,2,21,0,0,1,1,48,76179,0,0,0,0,0,0,999,999,0,0,0,0,0,0,0,0,0,0,0,0,0,0,1,2,99,1,1,2,1,0,0,1,13,1,7,4,2,1,1
48,482160,1,1,12,27,7,13,50,8,0,1,0,48,3,98,981,98981,52,2002,5FYC2SP092U0,5,F,Y,C,2,S,P,0,9,2,U,0,0,U,,,,2,17,,,,,,,,0,88,888888888,88888888888,3,21,22,1,0,0,0,0,6,0,0,998,0,0,0,11,11,2,9,8,0,0,0,1,48,76123,6,1,6,1,3,0,999,999,0,0,0,0,0,0,0,0,0,0,0,0,0,0,4,4,30,1,1,8,1,0,0,11,80,1,1,1,13,0,0
48,482161,1,1,3,31,7,15,42,5,0,1,0,48,1,20,481,20481,31,1995,2GCEC19K6S12,2,G,C,E,C,1,9,K,6,S,1,2,0,T,CHEV,GC1,PC,95,17,,2,1555,1415,GM4,G,,0,0,000000000,00000000000,0,0,0,1,0,0,0,0,0,0,0,998,0,0,0,0,0,0,1,5,0,0,0,1,48,77590,6,1,0,0,3,0,999,999,0,0,0,0,0,0,0,0,0,0,0,0,0,0,1,4,30,1,1,8,1,20,3,11,15,1,1,1,0,1,1
48,482162,1,1,1,6,8,11,43,24,0,1,0,48,1,20,422,20422,15,2008,3GNFC16018G1,3,G,N,F,C,1,6,0,1,8,G,1,0,P,CHEV,C15,UT,8,17,5607,,0,1300,,F,,0,0,000000000,00000000000,0,0,0,1,0,0,0,0,0,0,0,998,0,1,5,1,1,6,2,24,32,0,0,1,48,76034,6,1,0,0,3,3,999,999,0,0,0,0,0,0,0,0,0,0,0,0,0,0,3,4,65,1,1,8,1,0,0,1,13,1,1,4,1,1,1
48,482163,1,1,1,6,8,2,20,14,0,1,0,48,1,62,401,62401,14,1999,SALTY1241XA2,S,A,L,T,Y,1,2,4,1,X,A,2,0,T,LNDR,DII,4W,99,17,,2,0,1000,DIS,G,,0,0,000000000,00000000000,0,0,0,1,0,0,0,0,0,0,0,998,6,0,0,12,12,6,2,14,0,0,0,1,48,76131,0,0,0,0,0,0,999,999,0,0,0,0,0,0,0,0,0,1,0,0,0,0,3,4,60,1,1,8,1,0,0,1,13,1,1,4,1,1,1
48,482164,1,1,1,7,8,9,17,59,0,1,0,48,3,82,883,82883,66,2007,1FUJA6AV57LW,1,F,U,J,A,6,A,V,5,7,L,W,1,T,FRHT,COL,DS,7,17,,8,0,0,CON,D,,1,57,565468,57565468,3,6,1,1,0,0,0,0,0,0,0,998,0,1,3,11,11,4,3,7,0,0,0,1,48,78221,6,1,6,0,3,0,999,999,1,0,0,0,1,8,2008,3,2010,1,21,0,0,0,4,2,45,2,2,8,1,0,0,14,8,99,9,4,7,1,0
48,482166,1,1,1,27,8,3,0,1,0,1,0,51,1,53,705,53705,80,2007,JS1GN7DA0721,J,S,1,G,N,7,D,A,0,7,2,1,0,M,SUZI,G60,RS,7,17,,,,,,,599,0,0,000000000,00000000000,0,0,0,1,0,0,0,0,0,0,0,998,0,0,0,0,12,4,3,1,0,0,0,1,48,75630,6,1,0,0,2,0,999,999,0,0,0,0,0,0,0,0,0,1,28,0,0,0,1,2,35,2,1,8,1,0,0,14,6,99,9,3,98,1,1
48,482167,1,1,4,29,8,2,33,1,0,1,0,48,2,22,2,22002,4,1992,1G2HX53L3N12,1,G,2,H,X,5,3,L,3,N,1,2,0,P,PONT,BVS,4D,92,17,3362,,0,1108,,G,,0,0,000000000,00000000000,0,0,0,1,0,0,0,0,0,0,0,998,0,2,4,0,3,6,2,1,0,0,0,1,48,77586,1,1,0,0,2,0,999,999,0,7,0,0,0,9,2007,6,2010,1,91,0,0,0,1,2,55,2,1,8,1,0,0,14,6,99,4,4,7,1,1
48,482168,1,2,1,30,8,0,36,12,6,1,0,48,3,12,16,12016,4,2008,2FAHP71V98X1,2,F,A,H,P,7,1,V,9,8,X,1,0,P,FORD,CVP,4D,8,17,0,,0,1146,,F,,0,0,000000000,00000000000,0,0,0,1,0,0,0,0,0,0,0,998,0,0,0,12,12,4,3,12,0,0,0,1,48,77096,6,1,0,0,3,0,999,999,0,0,0,0,0,0,0,0,0,0,16,0,0,0,2,2,35,1,1,1,1,0,0,1,17,7,1,1,69,0,0
48,482168,2,2,2,30,8,0,36,12,6,1,0,48,1,49,52,49052,5,2008,JTKKU10458J0,J,T,K,K,U,1,0,4,5,8,J,0,0,P,TOYT,SXD,4H,8,17,2625,,0,969,,G,,0,0,000000000,00000000000,0,0,0,1,0,0,0,0,0,0,0,998,0,0,0,3,3,4,3,12,0,0,0,1,48,77071,6,1,0,0,3,3,999,999,0,0,0,0,0,0,0,0,0,0,38,0,0,0,2,2,35,1,1,1,1,0,0,11,15,1,1,1,68,1,0
48,482169,1,1,1,3,9,23,36,8,0,1,0,48,1,12,37,12037,4,2006,1FAFP31N36W1,1,F,A,F,P,3,1,N,3,6,W,1,0,P,FORD,FZX,3P,6,17,2654,,0,1029,,G,,0,0,000000000,00000000000,0,0,0,1,0,0,0,0,0,0,0,998,0,0,0,12,12,2,9,8,0,0,0,1,48,78223,6,1,0,0,3,3,999,999,0,0,0,0,0,0,0,0,0,0,0,0,0,0,6,1,55,3,1,8,1,0,0,14,80,99,1,1,13,0,0
48,482170,1,2,2,3,9,1,53,12,1,1,0,18,3,82,881,82881,66,2009,1FUJBBDR49DA,1,F,U,J,B,B,D,R,4,9,D,A,1,T,FRHT,ST2,DS,9,17,,8,0,0,CON,D,,1,57,264184,57264184,3,6,1,1,0,0,0,0,0,0,0,998,0,0,0,6,6,2,1,12,0,0,0,1,1,36265,6,1,6,0,3,0,73,198,1,0,0,0,0,9,2007,9,2007,0,0,0,0,0,3,2,45,1,1,8,2,0,0,1,53,1,1,1,25,0,0
48,482170,2,2,1,3,9,1,53,12,1,1,0,48,2,12,481,12481,31,2000,1FTZX1721YNB,1,F,T,Z,X,1,7,2,1,Y,N,B,0,T,FORD,F15,4C,0,17,,1,1571,1385,COF,G,,0,0,000000000,00000000000,0,0,0,1,0,0,0,0,0,0,0,998,0,0,0,12,12,6,2,12,0,0,0,1,48,78101,6,1,0,0,3,3,999,999,0,0,0,0,0,0,0,0,0,0,0,0,0,0,3,2,45,1,1,8,2,0,0,1,51,1,1,1,24,1,1
48,482171,1,3,1,4,9,17,4,12,7,1,0,48,1,42,47,42047,2,2003,WDBLK70G63T1,W,D,B,L,K,7,0,G,6,3,T,1,0,P,MERZ,CK4,CV,3,17,3650,,0,1059,,G,,0,0,000000000,00000000000,0,0,0,1,0,0,0,0,0,0,0,998,0,0,0,3,3,6,2,12,0,0,0,1,48,78681,6,1,0,0,3,3,999,999,1,0,0,0,0,8,2008,8,2008,0,51,58,48,0,1,2,99,8,8,8,1,20,3,11,15,1,1,1,76,1,0
48,482171,2,3,7,4,9,17,4,12,7,1,0,48,1,59,402,59402,14,2005,JTJBT20X7500,J,T,J,B,T,2,0,X,7,5,0,0,0,P,LEXS,GX7,UT,5,17,4740,,0,1098,,G,,0,0,000000000,00000000000,0,0,0,1,0,0,0,0,0,0,0,998,0,0,0,9,9,2,1,12,0,0,0,1,48,78704,6,1,0,0,3,3,999,999,0,0,0,0,0,0,0,0,0,0,0,0,0,0,5,4,60,1,1,8,1,0,0,1,65,1,1,1,77,0,0
48,482171,3,3,3,4,9,17,4,12,7,1,0,48,1,55,421,55421,15,2008,KM8NU13C98U0,K,M,8,N,U,1,3,C,9,8,U,0,0,P,HYUN,VRZ,UT,8,17,4266,,0,1104,,G,,0,0,000000000,00000000000,0,0,0,1,0,0,0,0,0,0,0,998,0,0,0,12,12,6,2,12,0,0,0,1,48,77379,6,1,0,0,3,0,999,999,0,0,0,0,0,0,0,0,0,0,0,0,0,0,5,4,60,1,1,8,1,0,0,1,62,1,1,1,98,0,0
48,482172,1,2,1,15,9,6,13,12,6,1,0,48,1,49,43,49043,4,1996,4T1BF12B0TU0,4,T,1,B,F,1,2,B,0,T,U,0,0,P,TOYT,UVS,4D,96,17,3263,,0,1071,,G,,0,0,000000000,00000000000,0,0,0,1,0,0,0,0,0,0,0,998,0,0,0,1,1,4,3,12,0,0,0,1,48,77568,6,1,0,0,3,3,999,999,1,0,0,0,0,9,2007,9,2007,0,38,0,0,0,2,4,99,1,1,8,1,0,0,11,15,1,1,1,68,0,0
48,482172,2,2,1,15,9,6,13,12,6,1,0,48,1,72,706,72706,80,2001,1HD1FRW171Y6,1,H,D,1,F,R,W,1,7,1,Y,6,0,M,HD,FCI,RS,1,17,,,,,,,1450,0,0,000000000,00000000000,0,0,0,1,0,0,0,0,0,0,0,998,0,0,0,12,12,4,3,12,0,0,0,1,48,77539,6,1,0,0,3,0,999,999,1,0,0,1,0,8,2008,6,2009,0,0,0,0,0,2,4,99,1,1,8,1,0,0,1,62,3,2,1,69,1,0
48,482173,1,1,2,20,9,0,3,8,0,1,0,48,2,7,472,7472,30,1998,1B7FL22P5WS5,1,B,7,F,L,2,2,P,5,W,S,5,0,T,DODG,DAK,PC,98,17,,1,0,1309,DAK,G,,0,0,000000000,00000000000,0,0,0,1,0,0,0,0,0,0,0,998,0,0,0,12,12,2,3,8,0,0,0,1,48,75090,6,1,0,0,3,0,999,999,0,0,0,0,0,0,0,0,0,0,0,0,0,0,1,2,45,1,1,8,1,0,0,1,80,1,1,1,13,0,0
48,482174,1,2,2,24,9,22,5,12,8,1,1,48,2,18,7,18007,4,1997,2G4WS52M6V14,2,G,4,W,S,5,2,M,6,V,1,4,0,P,BUIC,CCU,4D,97,17,3348,,0,1090,,G,,0,0,000000000,00000000000,0,0,0,1,0,0,0,0,0,0,0,998,0,0,0,1,12,2,1,8,0,0,0,1,48,78040,0,0,0,0,0,0,999,999,0,0,0,0,0,0,0,0,0,1,0,0,0,0,1,2,30,1,1,8,1,0,0,1,50,1,1,1,66,0,0
48,482174,2,2,4,24,9,22,5,12,8,1,0,48,2,12,880,12880,67,2008,1FTXW43R38EB,1,F,T,X,W,4,3,R,3,8,E,B,0,T,FORD,F4D,CW,8,17,,4,2000,1760,DRW,D,,0,88,888888888,88888888888,2,1,96,1,0,0,0,0,0,0,0,0,0,0,0,3,3,9,3,12,0,0,0,1,48,78041,6,1,0,0,3,0,999,999,0,0,0,0,0,0,0,0,0,0,0,0,0,0,1,2,30,1,1,8,1,0,0,5,54,1,1,1,66,0,0
48,482175,1,4,1,26,9,18,12,12,7,1,0,48,2,59,35,59035,4,2003,JTHBD1923300,J,T,H,B,D,1,9,2,3,3,0,0,0,P,LEXS,IS3,4D,3,17,3255,,0,1051,,G,,0,0,000000000,00000000000,0,0,0,1,0,0,0,0,0,0,0,998,0,0,0,9,9,4,3,12,0,0,0,1,48,76179,6,1,0,0,3,0,999,999,0,0,0,0,0,0,0,0,0,0,0,0,0,0,2,4,45,1,2,8,1,0,0,1,64,1,1,1,98,1,0
48,482175,2,4,2,26,9,18,12,12,7,1,0,48,1,49,40,49040,4,2004,4T1BF28B24U3,4,T,1,B,F,2,8,B,2,4,U,3,0,P,TOYT,UVS,4D,4,17,3417,,0,1071,,G,,0,0,000000000,00000000000,0,0,0,1,0,0,0,0,0,0,0,998,0,0,0,12,12,4,3,12,0,0,0,1,48,76082,6,1,0,0,3,0,999,999,0,0,0,0,0,0,0,0,0,0,0,0,0,0,2,4,45,1,2,8,1,0,0,1,64,1,1,1,98,0,0
48,482175,3,4,2,26,9,18,12,12,7,1,0,48,2,12,481,12481,31,2003,1FTRF17213KA,1,F,T,R,F,1,7,2,1,3,K,A,0,T,FORD,F15,PK,3,17,,2,1385,1199,COF,G,,0,0,000000000,00000000000,0,0,0,1,0,0,0,0,0,0,0,998,0,1,1,1,5,4,3,12,0,0,0,1,48,75219,0,0,0,0,0,0,999,999,0,0,0,0,0,0,0,0,0,1,8,0,0,0,2,4,45,1,2,8,1,0,0,1,61,1,1,1,45,0,1
48,482175,4,4,99,26,9,18,12,12,7,1,1,99,9,99,999,99999,99,9999,999999999999,9,9,9,9,9,9,9,9,9,9,9,9,0,U,,,,9,17,,,,,,,,0,0,000000000,00000000000,0,0,0,1,0,0,0,0,0,0,0,998,0,0,0,7,7,2,1,12,0,0,0,1,99,99999,9,9,99,9,9,9,999,999,99,99,99,99,99,99,9999,99,9999,1,27,8,0,0,2,4,45,1,2,8,1,0,0,15,10,1,1,2,47,0,0
48,482176,1,2,1,1,10,17,58,24,0,1,0,48,1,52,46,52046,4,2008,JA3AU86UX8U0,J,A,3,A,U,8,6,U,X,8,U,0,0,P,MITS,LGT,4D,8,17,3031,,0,1037,,G,,0,0,000000000,00000000000,0,0,0,1,0,0,0,0,0,0,0,998,0,0,0,12,12,4,3,12,0,0,0,1,48,75158,6,1,0,0,3,3,999,999,0,0,0,0,0,0,0,0,0,0,28,0,0,0,1,2,65,1,1,8,1,0,0,1,10,1,1,2,98,1,0
48,482176,2,2,1,1,10,17,58,24,0,1,0,48,2,7,482,7482,31,2008,1D7HA18N48S5,1,D,7,H,A,1,8,N,4,8,S,5,0,T,DODG,SQ1,CW,8,17,,2,1605,1405,RPC,G,,0,0,000000000,00000000000,0,0,0,1,0,0,0,0,0,0,0,998,0,0,0,3,3,4,3,12,0,0,0,1,48,75142,6,1,0,0,3,3,999,999,0,0,0,0,0,0,0,0,0,0,0,0,0,0,1,2,65,1,1,8,1,0,0,1,62,7,1,4,3,0,0
48,482177,1,2,1,13,10,1,49,12,1,1,0,48,1,35,481,35481,31,2007,1N6AA07A47N2,1,N,6,A,A,0,7,A,4,7,N,2,0,T,NISS,TXS,CW,7,17,,2,0,1398,TTN,G,,0,0,000000000,00000000000,0,0,0,1,0,0,0,0,0,0,0,998,0,0,0,12,12,4,3,12,0,0,0,1,47,79916,3,1,0,0,2,3,66,180,0,0,0,0,0,0,0,0,0,1,91,0,0,0,6,1,60,1,2,2,1,0,0,16,50,1,1,1,20,0,1
48,482177,2,2,1,13,10,1,49,12,1,1,0,48,2,12,471,12471,30,1990,1FTCR14X2LPA,1,F,T,C,R,1,4,X,2,L,P,A,0,T,FORD,RNS,PS,90,17,,1,0,1250,RNG,G,,0,0,000000000,00000000000,0,0,0,1,0,0,0,0,0,0,0,0,0,0,0,6,6,4,3,12,0,0,0,1,48,79907,0,0,0,0,0,0,999,999,0,2,0,0,1,3,2010,4,2010,0,54,0,0,0,3,4,60,1,2,2,1,0,0,5,53,1,1,1,21,1,1
48,482178,1,1,1,16,10,9,55,1,0,1,0,48,1,72,706,72706,80,2007,1HD1BW51X7Y0,1,H,D,1,B,W,5,1,X,7,Y,0,0,M,HD,STC,RS,7,17,,,,,,,1584,0,0,000000000,00000000000,0,0,0,1,0,0,0,0,0,0,0,998,0,0,0,0,0,9,2,1,0,0,0,1,48,75765,6,1,0,0,3,0,999,999,0,0,0,0,0,0,0,0,0,1,0,0,0,0,2,4,70,1,3,8,1,0,0,1,8,1,2,1,98,1,0
48,482179,1,1,1,17,10,20,13,30,0,1,0,48,2,20,471,20471,30,1998,1GCEC14M6WZ2,1,G,C,E,C,1,4,M,6,W,Z,2,0,T,CHEV,GC1,PK,98,17,,2,1315,1175,GM4,G,,0,0,000000000,00000000000,0,0,0,1,0,0,0,0,0,0,0,998,0,1,5,3,3,2,3,30,0,0,0,1,48,77009,0,0,0,0,0,0,999,999,0,0,0,0,0,0,0,0,0,1,37,0,0,0,1,2,30,3,1,8,1,0,0,3,13,1,4,4,2,1,1
48,482180,1,1,2,17,10,3,20,1,0,1,0,48,1,12,481,12481,31,2000,3FTNX20F0YMA,3,F,T,N,X,2,0,F,0,Y,M,A,0,T,FORD,F2S,4C,0,17,,2,1580,1418,SRW,D,,0,0,000000000,00000000000,0,0,0,1,0,0,0,0,0,0,0,998,0,1,5,0,0,6,2,1,0,0,0,1,48,77865,6,1,0,0,3,0,999,999,0,0,0,2,0,12,2007,2,2009,1,0,0,0,0,1,2,65,2,2,8,1,0,0,14,12,1,3,4,7,1,1
48,482181,1,1,1,20,10,23,25,1,0,1,0,48,2,35,47,35047,2,2009,1N4BL24E29C1,1,N,4,B,L,2,4,E,2,9,C,1,0,P,NISS,A5E,CP,9,17,3241,,0,1053,,G,,0,0,000000000,00000000000,0,0,0,1,0,0,0,0,0,0,0,998,0,1,3,0,0,9,2,1,0,0,0,1,48,79501,2,1,0,0,2,0,999,999,0,3,1,1,0,5,2008,9,2010,0,0,0,0,0,2,4,65,1,2,8,1,0,0,1,12,1,1,4,6,1,1
48,482182,1,2,1,22,10,7,50,12,6,1,0,48,2,7,482,7482,31,2001,3B7KC236X1G7,3,B,7,K,C,2,3,6,X,1,G,7,0,T,DODG,Q25,4C,1,17,,2,1547,1387,RPC,D,,0,0,000000000,00000000000,0,0,0,1,0,0,0,0,0,0,0,998,0,1,5,11,11,6,2,12,0,0,0,1,48,78332,6,1,0,0,3,0,999,999,0,0,0,0,0,0,0,0,0,0,33,0,0,0,1,2,70,1,2,8,1,0,0,6,10,7,1,2,64,1,0
48,482182,2,2,1,22,10,7,50,12,6,1,0,93,3,87,881,87881,66,2005,1XP5PBEX35D8,1,X,P,5,P,B,E,X,3,5,D,8,1,T,PTRB,379,DS,5,17,,8,0,0,CON,D,,1,57,488929,57488929,3,6,3,1,0,0,0,0,0,0,0,998,0,0,0,12,12,6,2,12,0,0,0,1,22,71263,6,1,6,0,3,0,73,308,0,0,0,0,0,0,0,0,0,0,0,0,0,0,1,2,70,1,2,8,1,0,0,1,62,9,1,2,65,0,0
48,482183,1,1,1,23,10,1,39,35,0,1,0,48,3,22,23,22023,2,2008,1G2MG35X78Y1,1,G,2,M,G,3,5,X,7,8,Y,1,0,P,PONT,SXP,RD,8,17,2976,,0,951,,G,,0,0,000000000,00000000000,0,0,0,1,0,0,0,0,0,0,0,998,0,1,5,12,13,6,2,1,0,0,0,1,48,79927,6,1,0,0,3,0,999,999,3,1,0,0,0,11,2007,5,2008,1,0,0,0,0,2,4,45,1,1,8,1,0,0,1,13,1,1,4,1,1,0
48,482184,1,1,2,24,10,4,25,42,0,1,0,48,1,58,37,58037,2,2006,JNKCV54E96M7,J,N,K,C,V,5,4,E,9,6,M,7,0,P,INFI,G35,CP,6,17,3505,,0,1122,,G,,0,0,000000000,00000000000,0,0,0,1,0,0,0,0,0,0,0,998,0,1,5,12,12,4,3,42,0,0,0,1,48,77039,6,1,3,0,3,0,999,999,0,0,0,0,1,6,2009,6,2009,1,39,0,0,0,1,2,99,1,1,1,1,0,0,1,14,1,1,4,14,1,1
48,482185,1,2,1,26,10,12,1,12,2,1,0,46,3,82,881,82881,66,2009,1FUJGLCK49LA,1,F,U,J,G,L,C,K,4,9,L,A,1,T,FRHT,125,DS,9,17,,8,0,0,CSC,D,,1,57,65762,5765762,3,6,1,1,0,0,0,0,0,0,0,998,0,0,0,12,12,4,3,12,0,0,0,1,48,78541,6,1,6,0,3,0,999,999,0,0,0,1,1,11,2007,10,2010,0,0,0,0,0,1,2,60,1,1,8,1,0,0,1,62,6,1,1,51,0,0
48,482185,2,2,3,26,10,12,1,12,2,1,0,48,1,37,31,37031,2,2000,2HGEJ634XYH1,2,H,G,E,J,6,3,4,X,Y,H,1,0,P,HOND,UCD,2H,0,17,2388,,0,1032,,G,,0,0,000000000,00000000000,0,0,0,1,0,0,0,0,0,0,0,998,0,0,0,12,12,4,3,12,0,0,0,1,48,78539,6,1,0,0,3,3,999,999,0,0,0,0,0,0,0,0,0,0,51,0,0,0,1,2,60,1,1,8,1,0,0,1,10,1,1,2,50,1,0
48,482186,1,1,1,26,10,19,30,35,0,1,0,48,2,20,16,20016,4,2005,1G1JC52F8571,1,G,1,J,C,5,2,F,8,5,7,1,0,P,CHEV,CAV,4D,5,17,2676,,0,1041,,G,,0,0,000000000,00000000000,0,0,0,1,0,0,0,0,0,0,0,998,0,1,5,99,99,4,3,1,0,0,0,1,48,78574,0,0,0,0,0,0,999,999,0,7,0,0,0,8,2008,8,2010,1,0,0,0,0,1,2,45,1,1,5,1,0,0,1,6,1,3,4,2,1,1
48,482187,1,1,1,26,10,9,3,8,0,1,0,48,2,12,481,12481,31,2007,1FTWW32P97EA,1,F,T,W,W,3,2,P,9,7,E,A,0,T,FORD,F3D,CW,7,17,,3,1720,1560,DRW,D,,0,0,000000000,00000000000,0,0,0,1,0,0,0,0,0,0,0,998,0,0,0,12,12,2,3,8,0,0,0,1,48,77365,6,1,6,0,3,0,999,999,0,0,0,0,0,0,0,0,0,0,28,58,91,0,3,4,65,1,2,8,1,0,0,1,11,99,1,4,13,0,0
48,482188,1,1,2,27,10,5,20,1,0,1,0,48,3,12,401,12401,14,2000,1FMZU63P7YUA,1,F,M,Z,U,6,3,P,7,Y,U,A,0,P,FORD,EPR,UT,0,17,3906,,0,1116,,G,,0,0,000000000,00000000000,0,0,0,1,0,0,0,0,0,0,0,998,0,2,1,0,0,6,2,1,0,0,0,1,48,75647,6,1,6,0,3,3,999,999,1,0,0,0,0,4,2008,4,2008,1,58,24,0,0,1,2,55,1,1,8,1,0,0,1,13,6,4,6,98,1,0
48,482189,1,1,1,29,10,12,1,42,0,1,0,92,0,35,39,35039,4,1993,JN1HJ01F9PT1,J,N,1,H,J,0,1,F,9,P,T,1,0,P,NISS,MGX,4D,93,17,3024,,0,1043,,G,,0,0,000000000,00000000000,0,0,0,1,0,0,0,0,0,0,0,998,0,0,0,12,12,6,2,42,0,0,0,1,48,75433,6,1,6,0,3,0,999,999,0,0,0,0,1,4,2008,4,2008,0,51,0,0,0,1,2,70,1,1,8,1,0,0,1,12,4,1,4,6,1,0
48,482190,1,1,1,29,10,8,46,9,0,1,0,16,3,87,881,87881,66,2010,1XP7DU9X4AD7,1,X,P,7,D,U,9,X,4,A,D,7,1,T,PTRB,387,DS,10,17,,8,0,0,CON,D,,1,57,674254,57674254,3,6,1,1,0,0,0,0,0,0,0,998,0,0,0,3,3,0,1,9,0,0,0,1,16,83617,6,1,6,0,3,3,999,999,0,0,0,0,0,0,0,0,0,0,0,0,0,0,1,2,30,1,1,2,1,65,3,4,83,1,1,1,13,0,0
48,482191,1,2,2,30,10,7,51,12,1,1,0,48,1,20,431,20431,16,2003,1GNEC16Z73J1,1,G,N,E,C,1,6,Z,7,3,J,1,0,P,CHEV,C15,UT,3,17,4914,,0,1300,,F,,0,0,000000000,00000000000,0,0,0,1,0,0,0,0,0,0,0,0,0,0,0,6,6,2,1,12,0,0,0,1,48,78233,6,1,0,0,3,0,999,999,0,0,0,0,0,0,0,0,0,0,0,0,0,0,5,4,40,1,1,8,1,0,0,5,61,1,1,1,22,0,0
48,482191,2,2,1,30,10,7,51,12,1,1,0,48,2,53,706,53706,80,2005,JS1VS55A1521,J,S,1,V,S,5,5,A,1,5,2,1,0,M,SUZI,C50,RS,5,17,,,,,,,805,0,0,000000000,00000000000,0,0,0,1,0,0,0,0,0,0,0,998,0,0,0,12,12,9,3,12,0,0,0,1,48,78154,6,1,0,0,3,0,999,999,2,0,0,2,1,1,2008,5,2009,1,0,0,0,0,5,4,40,1,1,8,1,0,0,15,50,1,1,2,20,1,0
48,482192,1,2,1,30,10,20,28,12,6,1,0,48,3,12,16,12016,4,2005,2FAHP71W95X1,2,F,A,H,P,7,1,W,9,5,X,1,0,P,FORD,CVP,4D,5,17,0,,0,1147,,G,,0,0,000000000,00000000000,0,0,0,1,0,0,0,0,0,5,1,998,0,0,0,12,12,2,3,12,0,0,0,1,48,77048,6,1,0,0,3,0,999,999,0,0,0,1,0,12,2007,12,2007,0,16,0,0,0,2,4,35,1,1,8,1,0,0,1,66,1,1,1,88,0,0