STATE,ST_CASE,VEH_NO,VE_FORMS,NUMOCCS,DAY,MONTH,HOUR,MINUTE,HARM_EV,MAN_COLL,UNITTYPE,HIT_RUN,REG_STAT,OWNER,MAKE,MODEL,MAK_MOD,BODY_TYP,MOD_YEAR,VIN,VIN_1,VIN_2,VIN_3,VIN_4,VIN_5,VIN_6,VIN_7,VIN_8,VIN_9,VIN_10,VIN_11,VIN_12,TOW_VEH,VINTYPE,VINMAKE,VINA_MOD,VIN_BT,VINMODYR,VIN_LNGT,VIN_WGT,WGTCD_TR,WHLBS_LG,WHLBS_SH,SER_TR,FUELCODE,MCYCL_DS,J_KNIFE,MCARR_I1,MCARR_I2,MCARR_ID,GVWR,V_CONFIG,CARGO_BT,HAZ_INV,HAZ_PLAC,HAZ_ID,HAZ_CNO,HAZ_REL,BUS_USE,SPEC_USE,EMER_USE,TRAV_SP,UNDERIDE,ROLLOVER,ROLINLOC,IMPACT1,IMPACT2,DEFORMED,TOWED,M_HARM,VEH_SC1,VEH_SC2,FIRE_EXP,DR_PRES,L_STATE,DR_ZIP,L_STATUS,L_TYPE,CDL_STAT,L_ENDORS,L_COMPL,L_RESTRI,DR_HGT,DR_WGT,PREV_ACC,PREV_SUS,PREV_DWI,PREV_SPD,PREV_OTH,FIRST_MO,FIRST_YR,LAST_MO,LAST_YR,SPEEDREL,DR_SF1,DR_SF2,DR_SF3,DR_SF4,VTRAFWAY,VNUM_LAN,VSPD_LIM,VALIGN,VPROFILE,VPAVETYP,VSURCOND,VTRAFCON,VTCONT_F,P_CRASH1,P_CRASH2,P_CRASH3,PCRASH4,PCRASH5,ACC_TYPE,DEATHS,DR_DRINK
48,482226,1,2,1,23,11,10,51,12,2,1,0,48,1,6,43,6043,4,2006,1C3EL56R06N1,1,C,3,E,L,5,6,R,0,6,N,1,0,P,CHRY,STO,4D,6,17,3093,,0,1080,,G,,0,0,000000000,00000000000,0,0,0,1,0,0,0,0,0,0,0,998,0,0,0,12,12,6,2,12,0,0,0,1,48,78801,6,1,0,0,3,0,999,999,1,0,0,1,0,11,2007,5,2008,0,28,0,0,0,5,2,50,1,1,8,2,0,0,1,10,1,1,2,50,1,0
48,482226,2,2,1,23,11,10,51,12,2,1,0,48,2,49,401,49401,14,2004,JTEZT14R6400,J,T,E,Z,T,1,4,R,6,4,0,0,0,P,TOYT,RUN,UT,4,17,4065,,0,1098,,G,,0,0,000000000,00000000000,0,0,0,1,0,0,0,0,0,0,0,998,0,0,0,12,12,6,2,12,0,0,0,1,48,78838,6,1,0,0,3,3,999,999,0,0,0,0,0,0,0,0,0,0,0,0,0,0,5,2,50,1,1,8,2,0,0,1,62,1,1,1,51,0,0
48,482227,1,3,5,24,11,10,34,12,6,1,0,48,2,20,16,20016,2,2004,1G1JC12F4472,1,G,1,J,C,1,2,F,4,4,7,2,0,P,CHEV,CAV,CP,4,17,2617,,0,1041,,G,,0,0,000000000,00000000000,0,0,0,1,0,0,0,0,0,0,0,998,0,0,0,12,3,4,3,12,0,0,0,1,48,78611,6,1,0,0,3,3,999,999,0,0,0,0,0,0,0,0,0,0,38,0,0,0,1,4,65,1,1,8,1,0,0,11,15,1,1,1,68,2,0
48,482227,2,3,3,24,11,10,34,12,6,1,0,48,1,7,422,7422,15,2005,1D4HD48N15F5,1,D,4,H,D,4,8,N,1,5,F,5,0,P,DODG,DUR,UT,5,17,4479,,0,1192,,G,,0,0,000000000,00000000000,0,0,0,1,0,0,0,0,0,0,0,998,0,1,1,11,0,4,3,1,0,0,0,1,48,76015,6,1,0,0,3,3,999,999,0,0,0,0,0,0,0,0,0,0,0,0,0,0,1,4,65,1,1,8,1,0,0,1,62,7,1,1,69,0,0
48,482227,3,3,4,24,11,10,34,12,6,1,0,48,1,20,481,20481,31,2008,1GCHC23628F1,1,G,C,H,C,2,3,6,2,8,F,1,1,T,CHEV,2CH,CW,8,17,,2,1670,1530,SIL,D,,1,0,000000000,00000000000,0,0,0,1,0,0,0,0,0,0,0,998,0,0,0,12,12,4,3,12,0,0,0,1,48,77429,6,1,0,0,3,0,999,999,0,0,0,1,0,1,2008,1,2008,0,0,0,0,0,1,4,65,1,1,8,1,0,0,1,62,1,1,1,98,0,0
48,482228,1,1,2,24,11,16,18,32,0,1,0,48,2,7,43,7043,4,2003,1B3EL36X43N5,1,B,3,E,L,3,6,X,4,3,N,5,0,P,DODG,SSE,4D,3,17,3108,,0,1080,,G,,0,0,000000000,00000000000,0,0,0,1,0,0,0,0,0,0,0,998,0,1,5,9,9,4,3,32,0,0,0,1,48,77437,6,1,0,0,3,3,999,999,0,0,0,0,0,0,0,0,0,1,58,0,0,0,2,4,70,1,1,8,1,0,0,1,12,7,3,4,2,1,0
48,482229,1,1,1,25,11,15,5,30,0,1,0,48,1,23,481,23481,31,2010,1GTSCTEX9AZ1,1,G,T,S,C,T,E,X,9,A,Z,1,0,T,GMC,SC1,4C,10,17,,2,1575,1435,SIE,G,,0,0,000000000,00000000000,0,0,0,1,0,0,0,0,0,0,0,998,0,0,0,1,12,6,2,43,0,0,0,1,48,78223,6,1,0,0,3,0,999,999,0,0,0,0,0,0,0,0,0,0,0,0,0,0,1,2,30,1,1,8,1,0,0,1,13,1,1,4,1,1,0
48,482230,1,1,3,25,11,15,7,1,0,1,0,92,0,98,739,98739,90,2010,4XAVH76A5AD8,4,X,A,V,H,7,6,A,5,A,D,8,0,M,POL,RZS,AT,10,17,,,,,,,760,0,0,000000000,00000000000,0,0,0,1,0,0,0,0,0,0,0,998,0,2,1,0,1,2,9,1,0,0,0,1,48,78753,1,1,0,0,1,0,999,999,0,6,0,1,1,2,2008,3,2010,0,0,0,0,0,1,2,30,1,1,2,1,0,0,12,8,1,7,6,98,1,1
48,482231,1,1,4,25,11,1,21,8,0,1,0,48,1,3,431,3431,16,2006,5GTDN1363681,5,G,T,D,N,1,3,6,3,6,8,1,0,T,HUMM,HH3,4W,6,17,,1,0,1119,HUM,G,,0,0,000000000,00000000000,0,0,0,1,0,0,0,0,0,0,0,998,0,0,0,12,12,2,8,8,0,0,0,1,48,77070,6,1,0,0,3,0,999,999,0,0,0,0,0,0,0,0,0,0,0,0,0,0,2,4,40,1,1,8,1,0,0,1,80,1,1,1,13,0,0
48,482233,1,2,1,25,11,14,9,12,1,1,0,48,1,20,481,20481,31,2004,1GCEC19T14Z2,1,G,C,E,C,1,9,T,1,4,Z,2,0,T,CHEV,SC1,4C,4,17,,2,1575,1435,SIL,G,,0,0,000000000,00000000000,0,0,0,1,0,0,0,0,0,0,0,998,0,1,5,12,12,6,2,12,0,0,0,1,48,78413,6,1,0,0,3,3,999,999,1,2,0,2,0,3,2008,12,2009,1,0,0,0,0,2,4,70,1,1,8,1,0,0,1,51,1,1,1,24,0,1
48,482233,2,2,3,25,11,14,9,12,1,1,0,48,1,20,421,20421,15,2000,1GNCS13W4Y22,1,G,N,C,S,1,3,W,4,Y,2,2,0,P,CHEV,BZR,UT,0,17,3671,,0,1070,,G,,0,0,000000000,00000000000,0,0,0,1,0,0,0,0,0,0,0,998,0,1,5,6,6,4,3,1,0,0,0,1,48,78586,6,1,0,0,3,3,999,999,0,0,0,0,0,0,0,0,0,0,0,0,0,0,2,4,70,1,1,8,1,0,0,1,53,1,1,1,25,2,0
48,482234,1,1,2,26,11,0,8,8,0,1,0,48,2,37,32,37032,4,2003,1HGCM66543A0,1,H,G,C,M,6,6,5,4,3,A,0,0,P,HOND,UEX,4D,3,17,3109,,0,1079,,G,,0,0,000000000,00000000000,0,0,0,1,0,0,0,0,0,0,0,998,0,0,0,12,12,4,3,8,0,0,0,1,48,78758,6,1,0,0,3,3,999,999,0,0,0,0,0,0,0,0,0,0,0,0,0,0,2,5,45,1,1,8,1,3,3,1,80,1,1,1,13,0,0
48,482235,1,1,4,26,11,8,30,32,0,1,0,48,2,20,2,20002,4,2003,2G1WH52K9392,2,G,1,W,H,5,2,K,9,3,9,2,0,P,CHEV,IPL,4D,3,17,3466,,0,1105,,G,,0,0,000000000,00000000000,0,0,0,1,0,0,0,0,0,0,0,998,0,1,5,12,12,2,3,1,0,0,0,1,48,88240,6,1,0,0,3,0,999,999,0,0,0,0,0,0,0,0,0,0,0,0,0,0,5,2,55,1,1,8,1,0,0,1,12,1,1,4,6,1,0
48,482236,1,1,1,27,11,6,50,32,0,1,0,48,1,24,2,24002,2,2001,1G8ZN12881Z3,1,G,8,Z,N,1,2,8,8,1,Z,3,0,P,STRN,SC1,3P,1,17,2368,,0,1024,,G,,0,0,000000000,00000000000,0,0,0,1,0,0,0,0,0,0,0,998,0,1,5,9,3,6,2,1,0,0,0,1,48,76657,6,1,0,0,3,3,999,999,0,0,0,0,0,0,0,0,0,1,0,0,0,0,1,2,60,2,1,8,1,0,0,14,13,1,3,4,1,1,1
48,482237,1,1,4,27,11,19,45,8,0,1,0,35,1,23,8,23008,6,2009,1GKER33D79J1,1,G,K,E,R,3,3,D,7,9,J,1,0,T,GMC,S2F,4W,9,17,,2,0,1189,ACA,G,,0,0,000000000,00000000000,0,0,0,1,0,0,0,0,0,0,0,998,0,0,0,12,12,4,3,8,0,0,0,1,12,34228,6,1,0,0,3,3,999,999,0,0,0,0,0,0,0,0,0,0,0,0,0,0,2,4,65,1,1,8,1,0,0,1,80,1,1,1,13,0,0
48,482238,1,2,1,28,11,17,43,12,6,1,0,48,1,52,34,52034,4,2002,4A3AA46G22E1,4,A,3,A,A,4,6,G,2,2,E,1,0,P,MITS,UEL,4D,2,17,3075,,0,1037,,G,,0,0,000000000,00000000000,0,0,0,1,0,0,0,0,0,0,0,998,0,0,0,3,3,6,2,12,0,0,0,1,48,77713,6,1,0,0,3,0,999,999,1,0,0,0,0,1,2008,1,2008,0,38,0,0,0,5,4,65,1,1,8,1,0,0,11,15,1,1,1,68,1,0
48,482238,2,2,2,28,11,17,43,12,6,1,0,48,1,18,20,18020,4,2004,1G4HR54K24U1,1,G,4,H,R,5,4,K,2,4,U,1,0,P,BUIC,LLF,4D,4,17,3591,,0,1122,,G,,0,0,000000000,00000000000,0,0,0,1,0,0,0,0,0,0,0,998,0,0,0,12,12,4,3,12,0,0,0,1,48,77538,6,1,0,0,3,3,999,999,0,0,0,0,0,0,0,0,0,0,0,0,0,0,5,4,65,1,1,8,1,0,0,1,17,99,1,1,69,0,0
48,482239,1,3,1,29,11,9,35,12,1,1,0,48,2,34,34,34034,2,2006,WBABD33416PL,W,B,A,B,D,3,3,4,1,6,P,L,0,P,BMW,5CI,CP,6,17,3197,,0,1073,,G,,0,0,000000000,00000000000,0,0,0,1,0,0,0,0,0,0,0,998,0,0,0,12,12,6,2,12,0,0,0,1,48,75075,6,1,0,0,3,0,999,999,0,0,0,0,0,0,0,0,0,1,0,0,0,0,2,2,60,1,1,8,1,0,0,1,50,1,1,1,20,0,0
48,482239,2,3,1,29,11,9,35,12,1,1,0,48,1,12,23,12023,4,2008,3FAHP07Z48R1,3,F,A,H,P,0,7,Z,4,8,R,1,0,P,FORD,F/E,4D,8,17,3181,,0,1074,,G,,0,0,000000000,00000000000,0,0,0,1,0,0,0,0,0,0,0,0,0,0,0,6,6,6,2,12,0,0,0,1,48,75077,6,1,0,0,3,3,999,999,0,0,0,0,0,0,0,0,0,0,0,0,0,0,1,2,60,1,1,8,1,0,0,5,53,1,1,1,21,1,0
48,482239,3,3,3,29,11,9,35,12,1,1,0,48,3,12,881,12881,63,2005,3FRNF65EX5V2,3,F,R,N,F,6,5,E,X,5,V,2,0,T,FORD,F66,CC,5,17,,6,0,0,COF,D,,0,57,678753,57678753,3,1,3,1,0,0,0,0,0,0,0,0,0,0,0,6,6,2,1,12,0,0,0,1,48,76210,6,1,6,0,3,0,999,999,0,0,0,0,0,0,0,0,0,0,0,0,0,0,1,2,60,1,1,8,1,0,0,5,53,1,1,1,98,0,0
48,482240,1,1,1,29,11,10,37,42,0,1,0,48,1,12,471,12471,30,2006,1FTYR14U26PA,1,F,T,Y,R,1,4,U,2,6,P,A,0,T,FORD,RNS,PS,6,17,,1,0,1260,RNG,G,,0,0,000000000,00000000000,0,0,0,1,0,0,0,0,0,0,0,998,0,0,0,9,9,6,2,42,0,0,0,1,48,75683,6,1,0,0,3,0,999,999,0,0,0,0,0,0,0,0,0,0,58,0,0,0,1,4,70,1,3,8,2,0,0,1,13,99,3,4,1,1,0
48,482241,1,1,1,30,11,23,53,31,0,1,0,48,2,22,20,22020,4,1993,1G2WH54T8PF2,1,G,2,W,H,5,4,T,8,P,F,2,0,P,PONT,GFL,4D,93,17,3219,,0,1075,,G,,0,0,000000000,00000000000,0,0,0,1,0,0,0,0,0,0,0,98,0,9,5,99,99,4,3,1,0,0,0,1,48,78164,6,1,0,0,3,0,999,999,0,0,0,0,0,0,0,0,0,0,58,0,0,0,1,2,60,2,1,8,1,0,0,14,12,1,1,4,6,1,1
48,482242,1,2,2,3,1,16,42,12,6,1,0,48,1,30,40,30040,4,2003,WVWSP61J43W5,W,V,W,S,P,6,1,J,4,3,W,5,0,P,VOLK,JSI,SW,3,17,3078,,0,989,,D,,0,0,000000000,00000000000,0,0,0,1,0,0,0,0,0,0,0,998,0,0,0,9,9,4,3,12,0,0,0,1,48,76310,6,1,0,0,3,3,999,999,0,0,0,0,0,0,0,0,0,0,39,0,0,0,1,4,45,1,1,8,1,3,3,1,17,1,1,3,89,1,0
48,482242,2,2,5,3,1,16,42,12,6,1,0,48,2,7,482,7482,31,2007,3D7KR28C77G7,3,D,7,K,R,2,8,C,7,7,G,7,0,T,DODG,SQ2,CW,7,17,,2,1605,1405,RPC,D,,0,0,000000000,00000000000,0,0,0,1,0,0,0,0,0,0,0,998,0,0,0,12,12,4,3,12,0,0,0,1,48,75052,6,1,0,0,3,0,999,999,0,0,0,4,0,8,2007,10,2009,0,0,0,0,0,1,4,98,1,1,8,1,3,3,1,66,99,9,3,88,0,0
48,482243,1,2,1,21,2,3,30,12,2,1,0,48,1,20,37,20037,4,2004,1G1ND52F14M6,1,G,1,N,D,5,2,F,1,4,M,6,0,P,CHEV,CLA,4D,4,17,3106,,0,1070,,G,,0,0,000000000,00000000000,0,0,0,1,0,0,0,0,0,0,0,998,0,0,0,12,12,6,2,12,0,0,0,1,17,60632,6,1,0,0,3,0,70,200,0,0,0,0,0,0,0,0,0,0,33,0,0,0,1,2,35,1,1,8,2,0,0,6,10,1,1,2,50,1,1
48,482243,2,2,1,21,2,3,30,12,2,1,0,93,3,98,804,98804,66,2007,5KJJAECV67PZ,5,K,J,J,A,E,C,V,6,7,P,Z,1,T,WSTR,49F,DS,7,17,,8,0,0,CNV,D,,1,57,1440700,571440700,3,6,2,1,0,0,0,0,0,0,0,998,0,0,0,12,12,4,3,12,0,0,0,1,48,76058,6,1,6,1,3,3,999,999,1,0,0,1,1,5,2008,2,2009,0,0,0,0,0,1,2,35,1,1,8,2,0,0,1,54,1,1,1,51,0,0
48,482244,1,1,2,25,2,19,2,8,0,1,0,48,2,35,47,35047,4,1999,1N4DL01D2XC2,1,N,4,D,L,0,1,D,2,X,C,2,0,P,NISS,AGS,4D,99,17,2762,,0,1031,,G,,0,0,000000000,00000000000,0,0,0,1,0,0,0,0,0,0,0,998,0,0,0,12,12,4,9,8,0,0,0,1,48,75075,6,1,0,0,3,0,999,999,0,0,0,0,0,0,0,0,0,0,0,0,0,0,2,6,40,1,1,8,1,0,0,1,80,1,1,1,13,0,0
48,482245,1,1,3,2,4,22,26,30,0,1,0,48,2,55,33,55033,4,2004,KMHWF35H94A9,K,M,H,W,F,3,5,H,9,4,A,9,0,P,HYUN,SGX,4D,4,17,3212,,0,1063,,G,,0,0,000000000,00000000000,0,0,0,1,0,0,0,0,0,0,0,998,0,0,0,13,13,6,2,30,0,0,0,1,48,76012,6,1,0,0,3,0,999,999,0,0,0,0,0,0,0,0,0,1,0,0,0,0,2,4,45,1,1,8,1,0,0,1,13,1,1,4,1,2,0
48,482247,1,2,1,18,6,14,34,12,6,1,0,48,2,35,52,35052,6,2009,JN8AZ28R59T1,J,N,8,A,Z,2,8,R,5,9,T,1,0,P,NISS,CUB,UT,9,17,2762,,0,996,,G,,0,0,000000000,00000000000,0,0,0,1,0,0,0,0,0,0,0,998,0,0,0,11,11,4,3,12,0,0,0,1,48,76134,6,1,0,0,3,3,999,999,0,0,0,0,0,0,0,0,0,0,38,0,0,0,2,4,45,1,1,8,1,20,3,3,17,1,1,1,89,0,0
48,482247,2,2,1,18,6,14,34,12,6,1,0,48,3,37,706,37706,80,2003,1HFSC52053A0,1,H,F,S,C,5,2,0,5,3,A,0,0,M,HOND,V13,RS,3,17,,,,,,,1312,0,0,000000000,00000000000,0,0,0,1,0,0,0,0,0,0,0,998,0,0,0,12,12,2,9,12,0,0,1,1,48,76052,6,1,0,0,3,0,999,999,1,0,0,0,0,6,2008,6,2008,0,0,0,0,0,2,4,45,1,1,8,1,0,0,1,66,1,1,1,88,1,0
48,482248,1,2,1,19,6,10,20,12,7,1,0,48,1,72,706,72706,80,2000,1HD1FBW10YY6,1,H,D,1,F,B,W,1,0,Y,Y,6,0,M,HD,LRI,RS,0,17,,,,,,,1450,0,0,000000000,00000000000,0,0,0,1,0,0,0,0,0,0,0,998,0,0,0,81,81,9,2,12,0,0,0,1,48,76036,6,1,6,0,3,0,999,999,0,0,0,0,0,0,0,0,0,0,34,0,0,0,4,2,45,1,1,8,1,0,0,15,11,1,1,2,46,1,0
48,482248,2,2,1,19,6,10,20,12,7,1,0,48,1,72,706,72706,80,1998,1HD1BJL55WY0,1,H,D,1,B,J,L,5,5,W,Y,0,0,M,HD,STC,RS,98,17,,,,,,,1340,0,0,000000000,00000000000,0,0,0,1,0,0,0,0,0,0,0,998,0,0,0,61,61,9,9,12,0,0,0,1,48,76140,6,1,6,0,3,0,999,999,0,0,0,1,0,7,2008,7,2008,0,0,0,0,0,4,2,45,1,1,8,1,0,0,1,60,1,1,1,45,0,0
48,482249,1,2,1,30,7,14,23,12,6,1,0,48,2,12,23,12023,4,2006,3FAFP06Z26R1,3,F,A,F,P,0,6,Z,2,6,R,1,0,P,FORD,F/S,4D,6,17,3101,,0,1074,,G,,0,0,000000000,00000000000,0,0,0,1,0,0,0,0,0,0,0,998,0,0,0,12,12,4,3,12,0,0,0,1,48,75901,6,1,0,0,3,3,999,999,0,0,0,0,0,0,0,0,0,0,0,0,0,0,5,4,40,1,1,8,1,3,3,1,62,1,1,1,69,0,0
48,482249,2,2,2,30,7,14,23,12,6,1,0,48,1,12,442,12442,20,1999,2FMZA5143XBB,2,F,M,Z,A,5,1,4,3,X,B,B,0,T,FORD,WLX,ES,99,17,,1,0,1207,WIN,G,,0,0,000000000,00000000000,0,0,0,1,0,0,0,0,0,0,0,998,0,0,0,1,1,4,3,12,0,0,0,1,48,75901,6,1,0,0,3,0,999,999,0,0,0,0,0,0,0,0,0,0,38,0,0,0,5,4,40,1,1,8,1,3,3,11,15,1,1,1,68,1,0
48,482250,1,1,99,2,8,7,32,8,0,1,1,99,9,99,999,99999,99,9999,999999999999,9,9,9,9,9,9,9,9,9,9,9,9,9,U,,,,9,17,,,,,,,,0,99,999999999,99999999999,9,99,99,1,0,0,0,0,99,99,9,999,9,0,0,99,99,9,1,8,0,0,0,1,99,99999,9,9,99,9,9,9,999,999,99,99,99,99,99,99,9999,99,9999,9,99,99,99,99,1,2,30,1,3,8,1,0,0,99,80,99,9,9,13,0,0
48,482251,1,1,1,10,8,15,44,23,0,1,0,48,1,13,1,13001,4,1999,1LNHM82W4XY6,1,L,N,H,M,8,2,W,4,X,Y,6,0,P,LINC,SIG,4D,99,17,4020,,0,1177,,G,,0,0,000000000,00000000000,0,0,0,1,0,0,0,0,0,0,0,998,0,0,0,12,12,6,2,23,0,0,0,1,48,75928,6,1,0,0,3,3,999,999,0,0,0,0,0,0,0,0,0,0,0,0,0,0,1,2,55,1,1,8,2,0,0,1,13,1,1,4,1,1,0
48,482252,1,1,1,23,8,17,4,35,0,1,0,48,1,6,52,6052,6,2005,3C3EY45X75T6,3,C,3,E,Y,4,5,X,7,5,T,6,0,P,CHRY,PTC,CV,5,17,3187,,0,1030,,G,,0,0,000000000,00000000000,0,0,0,1,0,0,0,0,0,0,0,998,0,1,5,12,0,4,3,1,0,0,0,1,48,77630,6,1,0,0,3,0,999,999,0,0,0,0,0,0,0,0,0,0,0,0,0,0,1,2,60,1,1,8,1,0,0,1,12,1,1,4,6,1,0
48,482253,1,2,1,26,8,19,26,12,6,1,0,48,1,35,443,35443,20,2007,5N1BV28U77N1,5,N,1,B,V,2,8,U,7,7,N,1,0,P,NISS,QST,SV,7,17,4291,,0,1240,,G,,0,0,000000000,00000000000,0,0,0,1,0,0,0,0,0,0,0,998,0,0,0,3,3,2,3,12,0,0,0,1,48,76306,6,1,0,0,3,3,999,999,0,0,0,0,0,0,0,0,0,0,48,0,0,0,1,2,45,1,1,8,1,0,0,11,15,1,1,1,68,0,0
48,482253,2,2,1,26,8,19,26,12,6,1,0,48,2,72,706,72706,80,2007,1HD1GM4187K3,1,H,D,1,G,M,4,1,8,7,K,3,0,M,HD,FDX,RS,7,17,,,,,,,1584,0,0,000000000,00000000000,0,0,0,1,0,0,0,0,0,0,0,998,0,0,0,12,12,9,2,12,0,0,0,1,48,76305,6,1,6,0,3,0,999,999,1,1,0,2,0,9,2007,6,2010,1,0,0,0,0,1,2,45,1,1,8,1,0,0,1,62,3,2,1,69,1,0
48,482254,1,2,1,3,9,17,53,12,6,1,0,48,2,32,42,32042,4,1998,WAUBA24B3WN1,W,A,U,B,A,2,4,B,3,W,N,1,0,P,AUDI,A6Q,4D,98,17,3603,,0,1086,,G,,0,0,000000000,00000000000,0,0,0,1,0,0,0,0,0,0,0,998,0,0,0,12,12,4,3,12,0,0,0,1,48,78221,6,1,0,0,3,0,999,999,0,0,0,0,0,0,0,0,0,0,38,0,0,0,1,2,35,1,3,8,1,0,0,11,15,1,1,1,68,0,0
48,482254,2,2,1,3,9,17,53,12,6,1,0,48,2,23,481,23481,31,2001,2GTEC19T0111,2,G,T,E,C,1,9,T,0,1,1,1,0,T,GMC,NC1,4C,1,17,,2,1575,1435,SIE,G,,0,0,000000000,00000000000,0,0,0,1,0,0,0,0,0,0,0,998,0,1,5,11,11,4,3,12,0,0,0,1,48,78264,0,0,0,0,0,0,999,999,0,0,0,0,0,0,0,0,0,1,0,0,0,0,1,2,35,1,3,8,1,0,0,1,62,99,1,1,69,1,0
48,482255,1,1,1,4,9,2,0,59,0,1,0,92,0,37,705,37705,80,2002,JH2PC35062M3,J,H,2,P,C,3,5,0,6,2,M,3,0,M,HOND,CF4,RS,2,17,,,,,,,599,0,0,000000000,00000000000,0,0,0,1,0,0,0,0,0,0,0,998,0,0,0,99,99,9,2,59,0,0,0,1,48,77471,6,1,0,0,3,0,999,999,0,0,0,0,0,0,0,0,0,1,0,0,0,0,1,2,55,3,1,8,1,0,0,14,13,1,1,4,1,1,1
48,482256,1,1,1,4,9,0,24,46,0,1,0,48,1,2,403,2403,14,2008,1J8GB39108L5,1,J,8,G,B,3,9,1,0,8,L,5,0,T,JEEP,WUX,4W,8,17,,1,0,1160,WUL,G,,0,0,000000000,00000000000,0,0,0,1,0,0,0,0,0,0,0,998,0,0,0,12,3,6,2,21,0,0,0,1,48,77089,6,1,0,0,3,3,999,999,0,0,0,0,0,0,0,0,0,0,0,0,0,0,6,1,60,1,1,1,1,3,3,1,13,1,1,4,1,1,1
48,482257,1,3,1,4,9,2,20,12,1,1,0,92,0,73,706,73706,80,2007,JKAZXCD137A0,J,K,A,Z,X,C,D,1,3,7,A,0,0,M,KAWK,Z1D,RS,7,17,,,,,,,998,0,0,000000000,00000000000,0,0,0,1,0,0,0,0,0,0,0,998,0,0,0,12,12,4,3,12,0,0,0,1,48,76006,6,1,0,0,3,3,999,999,0,0,0,0,0,0,0,0,0,1,28,0,0,0,3,2,60,1,1,8,1,0,0,1,51,99,9,3,24,1,1
48,482257,2,3,99,4,9,2,20,12,1,1,1,99,9,99,999,99999,99,9999,999999999999,9,9,9,9,9,9,9,9,9,9,9,9,9,U,,,,9,17,,,,,,,,0,99,999999999,99999999999,9,99,99,1,0,0,0,0,99,99,9,998,0,0,0,6,6,9,1,12,0,0,0,1,99,99999,9,9,99,9,9,9,999,999,99,99,99,99,99,99,9999,99,9999,0,0,0,0,0,3,2,60,1,1,8,1,0,0,1,53,1,1,3,25,0,0
48,482257,3,3,99,4,9,2,20,12,1,1,1,99,9,99,999,99999,99,9999,999999999999,9,9,9,9,9,9,9,9,9,9,9,9,9,U,,,,9,17,,,,,,,,0,99,999999999,99999999999,9,99,99,1,0,0,0,0,99,99,9,998,0,0,0,99,99,9,1,54,0,0,0,1,99,99999,9,9,99,9,9,9,999,999,99,99,99,99,99,99,9999,99,9999,0,0,0,0,0,3,2,60,1,1,8,1,0,0,1,98,99,1,3,98,0,0
48,482258,1,1,1,5,9,2,23,33,0,1,0,48,2,20,9,20009,2,2002,2G1FP22G7221,2,G,1,F,P,2,2,G,7,2,2,1,0,P,CHEV,Z28,CP,2,17,3433,,0,1011,,G,,0,0,000000000,00000000000,0,0,0,1,0,0,0,0,0,0,0,998,0,1,3,99,3,4,3,32,0,0,0,1,48,75002,1,1,5,0,2,0,66,164,0,7,1,1,0,11,2007,4,2010,1,37,0,0,0,2,2,45,2,1,8,1,0,0,3,6,99,4,4,7,1,1
48,482259,1,1,1,8,9,21,33,3,0,1,0,48,1,12,471,12471,30,2005,1FTYR10D95PA,1,F,T,Y,R,1,0,D,9,5,P,A,0,T,FORD,RNG,PK,5,17,,1,1175,1116,RNG,G,,0,0,000000000,00000000000,0,0,0,1,0,0,0,0,0,0,0,998,0,0,0,0,0,9,9,3,0,0,0,1,48,78163,6,1,0,0,3,3,999,999,0,0,0,0,0,0,0,0,0,0,39,0,0,0,1,2,55,3,9,8,6,40,3,14,98,99,7,3,0,1,0
48,482260,1,2,1,10,9,13,35,12,6,1,0,48,2,7,482,7482,31,2002,3D7HA18N02G1,3,D,7,H,A,1,8,N,0,2,G,1,0,T,DODG,Q15,CW,2,17,,2,1605,1405,RPC,G,,0,0,000000000,00000000000,0,0,0,1,0,0,0,0,0,0,0,998,0,0,0,12,12,4,1,12,0,0,0,1,48,77061,6,1,0,0,3,0,999,999,0,0,0,0,0,0,0,0,0,0,0,0,0,0,2,2,35,1,1,1,1,0,0,1,66,6,1,1,88,0,0
48,482260,2,2,1,10,9,13,35,12,6,1,0,48,1,18,20,18020,2,1993,2G4WB14L5P14,2,G,4,W,B,1,4,L,5,P,1,4,0,P,BUIC,RGC,CP,93,17,3167,,0,1075,,G,,0,0,000000000,00000000000,0,0,0,1,0,0,0,0,0,0,0,998,0,1,1,9,9,6,2,1,0,0,0,1,48,77017,6,1,0,0,3,3,999,999,0,0,0,0,0,0,0,0,0,0,38,0,0,0,1,2,30,1,8,1,1,20,3,4,17,1,1,1,89,1,0
48,482261,1,2,1,12,9,5,49,12,2,1,0,48,1,12,471,12471,30,2007,1FTYR10U17PA,1,F,T,Y,R,1,0,U,1,7,P,A,0,T,FORD,RNG,PK,7,17,,1,1180,1120,RNG,G,,0,0,000000000,00000000000,0,0,0,1,0,0,0,0,0,0,0,998,0,0,0,12,12,4,3,12,0,0,0,1,48,78201,6,1,0,0,3,0,999,999,1,0,0,1,0,11,2007,10,2008,0,51,0,0,0,3,2,65,1,1,8,1,0,0,1,54,1,1,1,50,0,1