STATE,ST_CASE,VEH_NO,VE_FORMS,NUMOCCS,DAY,MONTH,HOUR,MINUTE,HARM_EV,MAN_COLL,UNITTYPE,HIT_RUN,REG_STAT,OWNER,MAKE,MODEL,MAK_MOD,BODY_TYP,MOD_YEAR,VIN,VIN_1,VIN_2,VIN_3,VIN_4,VIN_5,VIN_6,VIN_7,VIN_8,VIN_9,VIN_10,VIN_11,VIN_12,TOW_VEH,VINTYPE,VINMAKE,VINA_MOD,VIN_BT,VINMODYR,VIN_LNGT,VIN_WGT,WGTCD_TR,WHLBS_LG,WHLBS_SH,SER_TR,FUELCODE,MCYCL_DS,J_KNIFE,MCARR_I1,MCARR_I2,MCARR_ID,GVWR,V_CONFIG,CARGO_BT,HAZ_INV,HAZ_PLAC,HAZ_ID,HAZ_CNO,HAZ_REL,BUS_USE,SPEC_USE,EMER_USE,TRAV_SP,UNDERIDE,ROLLOVER,ROLINLOC,IMPACT1,IMPACT2,DEFORMED,TOWED,M_HARM,VEH_SC1,VEH_SC2,FIRE_EXP,DR_PRES,L_STATE,DR_ZIP,L_STATUS,L_TYPE,CDL_STAT,L_ENDORS,L_COMPL,L_RESTRI,DR_HGT,DR_WGT,PREV_ACC,PREV_SUS,PREV_DWI,PREV_SPD,PREV_OTH,FIRST_MO,FIRST_YR,LAST_MO,LAST_YR,SPEEDREL,DR_SF1,DR_SF2,DR_SF3,DR_SF4,VTRAFWAY,VNUM_LAN,VSPD_LIM,VALIGN,VPROFILE,VPAVETYP,VSURCOND,VTRAFCON,VTCONT_F,P_CRASH1,P_CRASH2,P_CRASH3,PCRASH4,PCRASH5,ACC_TYPE,DEATHS,DR_DRINK
48,482261,2,2,1,12,9,5,49,12,2,1,0,48,1,20,16,20016,4,2004,1G1JC52F6472,1,G,1,J,C,5,2,F,6,4,7,2,0,P,CHEV,CAV,4D,4,17,2676,,0,1041,,G,,0,0,000000000,00000000000,0,0,0,1,0,0,0,0,0,0,0,998,0,0,0,12,12,4,3,12,0,0,0,1,48,78006,6,1,0,0,3,0,999,999,0,0,0,0,0,0,0,0,0,0,0,0,0,0,3,2,65,1,1,8,1,0,0,1,54,1,1,1,51,1,0
48,482262,1,1,1,2,10,2,47,33,0,1,0,48,1,73,705,73705,80,2003,JKAENVC163A1,J,K,A,E,N,V,C,1,6,3,A,1,0,M,KAWK,E5C,RS,3,17,,,,,,,500,0,0,000000000,00000000000,0,0,0,1,0,0,0,0,0,0,0,998,0,0,0,14,99,6,2,42,0,0,0,1,48,76135,6,1,0,0,3,0,999,999,0,0,0,0,0,0,0,0,0,1,28,0,0,0,5,4,40,3,2,8,1,0,0,14,6,1,1,4,1,1,1
48,482263,1,2,1,9,10,11,0,12,6,1,0,48,1,6,51,6051,4,2006,2C3LA53G06H4,2,C,3,L,A,5,3,G,0,6,H,4,0,P,CHRY,3TR,4D,6,17,3651,,0,1200,,G,,0,0,000000000,00000000000,0,0,0,1,0,0,0,0,0,0,0,998,0,0,0,12,12,4,3,12,0,0,0,1,48,77083,6,1,0,0,3,0,999,999,1,0,0,1,0,5,2008,9,2008,0,0,0,0,0,3,3,35,1,1,8,1,0,0,1,62,1,1,1,98,0,0
48,482263,2,2,1,9,10,11,0,12,6,1,0,48,1,23,481,23481,31,1989,1GTDC14K3KZ5,1,G,T,D,C,1,4,K,3,K,Z,5,0,T,GMC,SC1,PK,89,17,,1,1315,1175,SIE,G,,0,0,000000000,00000000000,0,0,0,1,0,0,0,0,0,0,0,998,0,0,0,1,1,4,3,12,0,0,0,1,48,77099,6,1,0,0,3,3,999,999,0,0,0,0,0,0,0,0,0,0,38,0,0,0,3,3,35,1,1,8,1,0,0,12,10,1,1,1,98,1,0
48,482264,1,1,2,12,10,6,29,8,0,1,0,48,1,12,471,12471,30,2004,1FTYR10D74PA,1,F,T,Y,R,1,0,D,7,4,P,A,0,T,FORD,RNG,PK,4,17,,1,1175,1116,RNG,G,,0,0,000000000,00000000000,0,0,0,1,0,0,0,0,0,0,0,998,0,0,0,12,12,2,3,8,0,0,0,1,48,78040,6,1,0,0,3,0,999,999,1,0,0,1,0,10,2007,11,2008,0,38,0,0,0,4,3,30,1,1,8,1,3,2,1,80,1,1,1,13,0,0
48,482265,1,1,2,21,10,20,59,8,0,1,0,48,1,20,37,20037,4,1998,1G1ND52M5WY1,1,G,1,N,D,5,2,M,5,W,Y,1,0,P,CHEV,MAL,4D,98,17,3100,,0,1070,,G,,0,0,000000000,00000000000,0,0,0,1,0,0,0,0,0,0,0,998,0,0,0,12,12,2,3,8,0,0,0,1,35,88001,6,1,0,0,3,3,68,180,98,0,0,0,0,0,0,0,0,0,0,0,0,0,3,2,60,1,1,8,1,0,0,1,80,1,1,1,13,0,0
48,482266,1,1,3,24,10,2,20,42,0,1,0,48,2,20,482,20482,31,2004,3GNEK12T84G2,3,G,N,E,K,1,2,T,8,4,G,2,0,P,CHEV,AVL,UT,4,17,5678,,0,1300,,G,,0,0,000000000,00000000000,0,0,0,1,0,0,0,0,0,0,0,998,0,0,0,12,12,6,2,42,0,0,0,1,48,76180,6,1,0,0,3,0,999,999,0,0,0,0,0,0,0,0,0,1,91,0,0,0,4,2,30,1,1,8,1,0,0,1,13,1,1,4,1,2,1
48,482267,1,1,7,29,10,20,39,8,0,1,0,48,1,20,403,20403,14,2005,1GNES16S9561,1,G,N,E,S,1,6,S,9,5,6,1,0,P,CHEV,TRL,UT,5,17,4773,,0,1290,,G,,0,0,000000000,00000000000,0,0,0,1,0,0,0,0,0,0,0,998,0,0,0,12,12,2,1,8,0,0,0,1,48,79382,1,1,0,0,2,0,999,999,0,1,0,0,0,5,2008,5,2008,0,0,0,0,0,5,3,45,1,1,8,1,0,0,1,80,1,1,1,13,0,0
48,482268,1,1,1,2,11,20,30,31,0,1,0,48,1,23,481,23481,31,2007,1GTEK19007Z5,1,G,T,E,K,1,9,0,0,7,Z,5,0,T,GMC,NK1,4C,7,17,,2,1575,1340,SIE,F,,0,0,000000000,00000000000,0,0,0,1,0,0,0,0,0,0,0,998,0,0,0,1,1,6,2,31,0,0,0,1,48,76034,6,1,0,0,3,0,999,999,0,0,0,0,0,0,0,0,0,0,0,0,0,0,1,2,30,1,1,8,2,0,0,1,13,1,1,4,1,1,0
48,482269,1,2,1,3,11,18,45,12,6,1,0,35,2,23,481,23481,31,1991,2GTEC19K4M15,2,G,T,E,C,1,9,K,4,M,1,5,0,T,GMC,SC1,PC,91,17,,2,1555,1415,SIE,G,,0,0,000000000,00000000000,0,0,0,1,0,0,0,0,0,0,0,998,0,0,0,9,9,4,3,12,0,0,0,1,96,79912,9,9,99,9,9,9,999,999,99,99,99,99,99,99,9999,99,9999,0,38,0,0,0,1,2,99,1,1,8,1,20,3,1,17,1,1,1,89,0,0
48,482269,2,2,1,3,11,18,45,12,6,1,0,48,1,72,706,72706,80,2001,1HD1FRW1X1Y6,1,H,D,1,F,R,W,1,X,1,Y,6,0,M,HD,FCI,RS,1,17,,,,,,,1450,0,0,000000000,00000000000,0,0,0,1,0,0,0,0,0,0,0,998,0,0,0,12,12,9,2,12,0,0,0,1,48,79766,6,1,6,0,3,0,999,999,0,0,0,1,1,5,2008,1,2010,0,0,0,0,0,5,4,70,1,1,8,1,0,0,1,66,1,1,1,88,1,0
48,482270,1,1,2,7,11,20,45,59,0,1,0,48,1,24,7,24007,4,2003,1G8AL52F63Z1,1,G,8,A,L,5,2,F,6,3,Z,1,0,P,STRN,SI3,4D,3,17,2802,,0,1032,,G,,0,0,000000000,00000000000,0,0,0,1,0,0,0,0,0,0,0,998,0,0,0,2,12,4,3,32,0,0,0,1,48,77338,6,1,0,0,3,0,999,999,0,0,0,0,0,0,0,0,0,0,0,0,0,0,1,2,98,1,1,8,1,0,0,1,13,1,1,4,1,1,0
48,482271,1,2,1,7,11,15,29,12,6,1,0,48,2,35,471,35471,30,1997,1N6SD16S1VC3,1,N,6,S,D,1,6,S,1,V,C,3,0,T,NISS,KSX,PC,97,17,,1,0,1161,TRK,G,,0,0,000000000,00000000000,0,0,0,1,0,0,0,0,0,0,0,998,0,0,0,12,12,4,3,12,0,0,0,1,48,75758,6,1,0,0,3,0,999,999,0,0,0,0,0,0,0,0,0,0,39,0,0,0,5,4,45,1,2,8,1,3,3,1,17,1,1,1,86,1,0
48,482271,2,2,3,7,11,15,29,12,6,1,0,48,1,6,41,6041,4,2002,2C3AD56G62H3,2,C,3,A,D,5,6,G,6,2,H,3,0,P,CHRY,CLM,4D,2,17,3486,,0,1130,,G,,0,0,000000000,00000000000,0,0,0,1,0,0,0,0,0,0,0,998,0,0,0,3,6,4,3,12,0,0,0,1,48,75701,6,1,0,0,3,0,999,999,0,0,0,0,2,10,2008,6,2009,0,0,0,0,0,5,2,99,1,1,8,1,3,3,1,66,1,1,1,87,0,0
48,482272,1,4,1,11,11,19,11,12,8,1,0,48,1,7,482,7482,31,2004,3D7KU28C24G1,3,D,7,K,U,2,8,C,2,4,G,1,0,T,DODG,SQ2,CW,4,17,,2,1605,1405,RPC,D,,0,0,000000000,00000000000,0,0,0,1,0,0,0,0,0,0,0,998,0,0,0,11,11,4,3,12,32,0,0,1,48,75068,6,1,0,0,3,0,999,999,0,0,0,0,0,0,0,0,0,0,51,0,0,0,1,2,60,1,1,8,1,0,0,1,10,1,1,2,64,0,0
48,482272,2,4,1,11,11,19,11,12,8,1,0,93,3,23,881,23881,63,2004,1GDM7E1C74F5,1,G,D,M,7,E,1,C,7,4,F,5,0,T,GMC,C7E,CH,4,17,,7,2960,1940,C75,D,,0,57,1609544,571609544,3,1,96,1,0,0,0,0,0,0,0,998,0,0,0,11,12,6,2,12,0,0,0,1,42,16625,6,1,6,0,3,0,69,999,0,0,0,0,0,0,0,0,0,0,0,0,0,0,1,2,60,1,1,8,1,0,0,1,62,1,1,1,65,0,0
48,482272,3,4,1,11,11,19,11,12,8,1,0,48,1,14,6,14006,4,2006,2MEFM75V86X6,2,M,E,F,M,7,5,V,8,6,X,6,0,P,MERC,MGL,4D,6,17,4118,,0,1146,,F,,0,0,000000000,00000000000,0,0,0,1,0,0,0,0,0,0,0,998,0,0,0,11,11,4,3,12,0,0,0,1,48,75043,6,1,0,0,3,0,999,999,0,0,0,0,0,0,0,0,0,0,0,0,0,0,1,2,60,1,1,8,1,0,0,1,62,1,1,1,98,0,0
48,482272,4,4,2,11,11,19,11,12,8,1,0,48,2,22,19,22019,2,2007,1G2AL15F0773,1,G,2,A,L,1,5,F,0,7,7,3,0,P,PONT,G/5,CP,7,17,2991,,0,1035,,G,,0,0,000000000,00000000000,0,0,0,1,0,0,0,0,0,0,0,998,0,0,0,11,11,6,2,12,0,0,0,1,48,76225,6,1,0,0,3,0,999,999,0,0,0,0,0,0,0,0,0,0,0,0,0,0,1,2,60,1,1,8,1,0,0,1,62,7,1,4,98,2,0
48,482273,1,2,1,11,11,14,40,12,6,1,0,47,3,82,881,82881,63,2000,1FV6HFAA0YHF,1,F,V,6,H,F,A,A,0,Y,H,F,0,T,FRHT,F70,CC,0,17,,7,0,0,MCV,D,,0,57,86876,5786876,3,1,1,1,0,0,0,0,0,0,0,998,0,0,0,7,7,2,1,12,0,0,0,1,48,79928,6,1,3,0,3,3,999,999,0,1,0,0,0,7,2008,7,2008,0,38,39,0,0,2,5,99,1,1,8,1,3,3,11,15,1,1,1,82,0,0
48,482273,2,2,1,11,11,14,40,12,6,1,0,46,1,72,706,72706,80,1999,1HD1FCW10XY6,1,H,D,1,F,C,W,1,0,X,Y,6,0,M,HD,FLU,RS,99,17,,,,,,,1450,0,0,000000000,00000000000,0,0,0,1,0,0,0,0,0,0,0,998,0,0,0,12,12,6,2,12,0,0,0,1,46,79903,6,1,0,0,2,0,73,220,0,0,0,0,0,0,0,0,0,0,0,0,0,0,2,6,45,1,1,8,1,3,3,1,67,1,1,1,83,1,0
48,482274,1,1,1,12,11,14,0,26,0,1,0,48,2,18,2,18002,4,2001,1G4HR54K01U2,1,G,4,H,R,5,4,K,0,1,U,2,0,P,BUIC,LLF,4D,1,17,3591,,0,1122,,G,,0,0,000000000,00000000000,0,0,0,1,0,0,0,0,0,0,0,998,0,0,0,11,11,2,3,26,0,0,0,1,48,78624,6,1,0,0,3,0,999,999,0,0,0,0,0,0,0,0,0,0,0,0,0,0,3,4,70,1,1,8,1,0,0,1,12,1,1,4,6,1,0
48,482275,1,2,1,15,11,15,35,12,7,1,0,48,1,20,37,20037,4,2004,1G1ND52F44M6,1,G,1,N,D,5,2,F,4,4,M,6,0,P,CHEV,CLA,4D,4,17,3106,,0,1070,,G,,0,0,000000000,00000000000,0,0,0,1,0,0,0,0,0,0,0,998,0,0,0,7,7,2,3,8,0,0,0,1,48,75010,6,1,0,0,3,0,999,999,0,0,0,0,0,0,0,0,0,0,91,27,0,0,3,5,60,1,1,8,1,0,0,15,10,1,1,1,47,0,0
48,482275,2,2,3,15,11,15,35,12,7,1,0,48,1,20,421,20421,15,1996,1GNCS13WXT22,1,G,N,C,S,1,3,W,X,T,2,2,0,P,CHEV,BZR,UT,96,17,3691,,0,1070,,G,,0,0,000000000,00000000000,0,0,0,1,0,0,0,0,0,0,0,998,0,0,0,1,1,2,1,12,32,0,0,1,48,75220,6,1,0,0,3,3,999,999,0,0,0,0,0,0,0,0,0,0,0,0,0,0,3,5,60,1,1,8,1,0,0,1,61,1,1,1,45,0,0
48,482276,1,1,1,17,11,9,58,5,0,1,0,48,1,72,706,72706,80,2007,1HD1JL5157Y0,1,H,D,1,J,L,5,1,5,7,Y,0,0,M,HD,XTC,RS,7,17,,,,,,,1584,0,0,000000000,00000000000,0,0,0,1,0,0,0,0,0,0,0,998,0,0,0,0,99,2,3,5,0,0,0,1,48,75846,6,1,6,0,2,0,999,999,0,0,0,1,0,12,2009,12,2009,0,0,0,0,0,1,2,70,1,1,8,1,0,0,2,98,1,7,1,0,1,0
48,482277,1,1,1,19,11,0,42,42,0,1,0,48,1,20,421,20421,15,1996,1GNEC13R2TJ3,1,G,N,E,C,1,3,R,2,T,J,3,0,P,CHEV,CTA,UT,96,17,5134,,0,1175,,G,,0,0,000000000,00000000000,0,0,0,1,0,0,0,0,0,0,0,998,0,1,5,12,0,6,2,1,0,0,0,1,48,77514,6,1,0,0,3,0,999,999,0,1,0,0,1,9,2010,9,2010,1,58,0,0,0,1,2,65,3,1,8,1,0,0,14,13,6,4,4,7,1,1
48,482278,1,1,2,19,11,12,9,24,0,1,1,48,2,12,481,12481,31,1999,1FTSX31F7XEA,1,F,T,S,X,3,1,F,7,X,E,A,0,T,FORD,F3S,4C,99,17,,2,1580,1418,SRW,D,,0,0,000000000,00000000000,0,0,0,1,0,0,0,0,0,0,0,998,0,1,5,12,12,9,2,24,0,0,0,1,48,78045,6,1,6,0,3,0,999,999,0,0,0,0,0,0,0,0,0,1,0,0,0,0,1,2,55,1,1,2,1,0,0,1,13,1,1,4,1,1,1
48,482279,1,1,1,20,11,15,38,30,0,1,0,48,2,37,32,37032,4,2000,JHMCG5644YC0,J,H,M,C,G,5,6,4,4,Y,C,0,0,P,HOND,ULX,4D,0,17,3053,,0,1069,,G,,0,0,000000000,00000000000,0,0,0,1,0,0,0,0,0,0,0,998,0,0,0,11,3,6,2,30,0,0,0,1,48,77096,0,0,0,0,0,0,999,999,0,0,0,0,0,0,0,0,0,1,0,0,0,0,4,4,35,1,1,1,1,98,3,15,12,1,1,4,6,1,0
48,482280,1,1,1,21,11,21,9,9,0,1,0,48,2,23,421,23421,15,2001,1GKFK66U71J3,1,G,K,F,K,6,6,U,7,1,J,3,0,T,GMC,XL1,4W,1,17,,2,0,1300,DEN,G,,0,0,000000000,00000000000,0,0,0,1,0,0,0,0,0,0,0,998,0,0,0,12,12,2,3,9,0,0,0,1,48,77807,1,1,0,0,2,3,999,999,0,1,0,0,1,3,2009,1,2010,0,0,0,0,0,1,2,65,1,1,8,1,0,0,1,83,1,1,1,13,0,0
48,482281,1,2,5,21,11,19,53,12,6,1,0,92,0,12,17,12017,4,2002,1FAFP55U32A1,1,F,A,F,P,5,5,U,3,2,A,1,0,P,FORD,TSS,4D,2,17,3392,,0,1085,,G,,0,0,000000000,00000000000,0,0,0,1,0,0,0,0,0,0,0,998,0,0,0,5,5,4,3,12,0,0,0,1,48,79938,0,0,0,0,0,0,999,999,0,0,0,0,0,0,0,0,0,0,38,39,0,0,1,4,98,8,8,8,1,20,3,1,17,1,1,1,87,1,0
48,482281,2,2,3,21,11,19,53,12,6,1,0,92,0,3,402,3402,14,2007,5GTDN13E9781,5,G,T,D,N,1,3,E,9,7,8,1,0,T,HUMM,HH3,4W,7,17,,1,0,1119,HUM,G,,0,0,000000000,00000000000,0,0,0,1,0,0,0,0,0,0,0,998,0,1,5,12,12,4,3,12,0,0,0,1,48,79927,6,1,0,0,3,3,999,999,0,0,0,1,0,11,2009,11,2009,0,0,0,0,0,5,4,45,1,1,8,1,0,0,1,66,7,1,1,86,0,0
48,482282,1,1,2,21,11,19,5,25,0,1,0,48,2,35,472,35472,30,2000,1N6DD26S9YC4,1,N,6,D,D,2,6,S,9,Y,C,4,0,T,NISS,FKX,PC,0,17,,1,0,1161,FRT,G,,0,0,000000000,00000000000,0,0,0,1,0,0,0,0,0,0,0,998,0,0,0,12,12,6,2,25,0,0,0,1,48,77016,6,1,0,0,3,0,999,999,0,0,0,1,0,8,2008,8,2008,1,38,39,0,0,1,2,30,1,1,1,1,20,3,1,14,1,1,4,14,1,0
48,482283,1,2,1,21,11,22,30,12,6,1,0,48,3,87,881,87881,66,2000,1XP5DU9X7YD5,1,X,P,5,D,U,9,X,7,Y,D,5,1,T,PTRB,379,DS,0,17,,8,0,0,CON,D,,1,57,1714074,571714074,3,6,2,1,0,0,0,0,0,0,0,998,0,0,0,10,10,2,1,12,0,0,0,1,48,76084,6,1,6,1,3,0,999,999,0,0,0,0,1,10,2010,10,2010,0,0,0,0,0,1,2,40,1,1,8,1,0,0,13,98,1,1,1,98,0,0
48,482283,2,2,2,21,11,22,30,12,6,1,0,92,0,12,481,12481,31,1992,1FTHF25H1NLA,1,F,T,H,F,2,5,H,1,N,L,A,0,T,FORD,F25,PK,92,17,,2,0,1330,COF,G,,0,0,000000000,00000000000,0,0,0,1,0,0,0,0,0,0,0,998,0,0,0,12,12,4,3,12,0,0,0,1,48,76004,1,1,0,0,2,0,999,999,0,11,0,0,1,7,2009,9,2010,0,0,0,0,0,1,2,40,1,1,8,1,0,0,1,56,1,1,1,98,2,1
48,482284,1,2,2,22,11,19,17,12,6,1,0,48,2,7,472,7472,30,2000,1B7GG2AX9YS6,1,B,7,G,G,2,A,X,9,Y,S,6,0,T,DODG,QAD,4C,0,17,,1,0,1309,DAK,G,,0,0,000000000,00000000000,0,0,0,1,0,0,0,0,0,0,0,998,0,0,0,3,3,4,3,12,0,0,0,1,6,78623,6,1,0,0,3,0,999,999,0,0,0,0,0,0,0,0,0,0,38,0,0,0,6,1,98,2,9,8,1,21,3,4,17,1,1,1,87,0,0
48,482284,2,2,1,22,11,19,17,12,6,1,0,48,2,34,706,34706,80,1998,WB10418A8WZC,W,B,1,0,4,1,8,A,8,W,Z,C,0,M,BMW,R1T,RS,98,17,,,,,,,1100,0,0,000000000,00000000000,0,0,0,1,0,0,0,0,0,0,0,998,0,0,0,12,12,9,2,12,0,0,0,1,48,78676,6,1,0,0,3,3,999,999,0,0,0,0,0,0,0,0,0,0,0,0,0,0,1,2,60,1,2,8,1,0,0,1,66,99,1,1,86,1,0
48,482285,1,1,1,22,11,19,35,8,0,1,0,48,1,30,46,30046,4,2003,WVWRH63B83P0,W,V,W,R,H,6,3,B,8,3,P,0,0,P,VOLK,PGX,4D,3,17,3327,,0,1064,,G,,0,0,000000000,00000000000,0,0,0,1,0,0,0,0,0,0,0,998,0,0,0,12,12,4,3,8,0,0,0,1,48,75156,6,1,0,0,3,0,999,999,0,0,0,1,0,1,2010,1,2010,0,0,0,0,0,1,2,45,1,1,8,1,0,0,1,80,1,1,1,13,0,0
48,482286,1,2,2,22,11,12,30,12,6,1,0,48,1,72,706,72706,80,2001,1HD1FRW101Y6,1,H,D,1,F,R,W,1,0,1,Y,6,0,M,HD,FCI,RS,1,17,,,,,,,1450,0,0,000000000,00000000000,0,0,0,1,0,0,0,0,0,0,0,998,0,0,0,12,12,9,2,12,0,0,0,1,48,76082,6,1,0,0,3,0,999,999,1,0,0,0,0,7,2008,7,2008,1,28,0,0,0,1,2,45,2,1,8,1,0,0,14,6,99,9,2,64,1,0
48,482286,2,2,1,22,11,12,30,12,6,1,0,48,1,7,422,7422,15,2005,1D4HD48K15F5,1,D,4,H,D,4,8,K,1,5,F,5,0,P,DODG,DUR,UT,5,17,4479,,0,1192,,G,,0,0,000000000,00000000000,0,0,0,1,0,0,0,0,0,0,0,998,0,0,0,10,10,2,1,12,0,0,0,1,48,76450,6,1,0,0,3,0,999,999,0,0,0,0,0,0,0,0,0,0,0,0,0,0,1,2,45,3,1,8,1,0,0,14,62,1,1,1,65,0,0
48,482287,1,2,1,22,11,11,22,53,0,1,0,48,1,12,16,12016,4,1997,2FALP73W7VX1,2,F,A,L,P,7,3,W,7,V,X,1,1,P,FORD,CVI,4D,97,17,3776,,0,1144,,G,,1,0,000000000,00000000000,0,0,0,1,0,0,0,0,0,0,0,998,0,0,0,5,3,6,2,12,0,0,0,1,48,76424,6,1,0,0,3,3,999,999,0,0,0,0,0,0,0,0,0,0,58,80,0,0,1,2,55,1,1,8,1,0,0,1,1,6,9,4,2,1,0
48,482287,2,2,1,22,11,11,22,53,0,1,0,48,1,7,482,7482,31,2010,1D7RV1CT1AS1,1,D,7,R,V,1,C,T,1,A,S,1,1,T,DODG,150,CW,10,17,,2,0,1400,RPC,G,,1,0,000000000,00000000000,0,0,0,1,0,0,0,0,0,0,0,998,0,0,0,12,12,4,3,12,0,0,0,1,48,76249,6,1,0,0,3,3,999,999,0,0,0,0,0,0,0,0,0,0,0,0,0,0,1,2,55,1,1,8,1,0,0,1,62,7,1,1,98,0,0
48,482288,1,1,4,23,11,10,2,1,0,1,0,48,2,62,401,62401,14,1999,SALTY1245XA2,S,A,L,T,Y,1,2,4,5,X,A,2,0,T,LNDR,DII,4W,99,17,,2,0,1000,DIS,G,,0,0,000000000,00000000000,0,0,0,1,0,0,0,0,0,0,0,998,0,9,1,0,9,4,3,1,0,0,0,1,48,77619,6,1,0,0,3,3,999,999,0,0,0,0,0,0,0,0,0,0,28,85,0,0,1,2,70,1,3,8,1,0,0,17,8,6,9,6,98,1,0
48,482289,1,1,1,23,11,17,30,8,0,1,0,48,1,63,401,63401,14,1999,KNDJB723XX55,K,N,D,J,B,7,2,3,X,X,5,5,0,P,KIA,SPO,UT,99,17,3186,,0,1043,,G,,0,0,000000000,00000000000,0,0,0,1,0,0,0,0,0,0,0,998,0,0,0,12,12,2,1,8,0,0,0,1,48,77303,0,0,0,0,0,0,999,999,0,0,0,0,0,0,0,0,0,0,92,0,0,0,1,4,35,1,1,8,1,2,3,1,80,99,1,1,13,0,0
48,482290,1,3,1,25,11,12,41,12,1,1,0,48,1,20,471,20471,30,2003,1GCCS19XX382,1,G,C,C,S,1,9,X,X,3,8,2,0,T,CHEV,S14,3C,3,17,,1,0,1229,S,G,,0,0,000000000,00000000000,0,0,0,1,0,0,0,0,0,0,0,998,0,0,0,12,12,6,2,12,0,0,0,1,48,78016,6,1,0,0,3,0,999,999,0,0,0,0,0,0,0,0,0,1,28,0,0,0,1,4,35,1,1,8,1,0,0,1,51,1,1,1,24,0,0
48,482290,2,3,2,25,11,12,41,12,1,1,0,48,1,12,481,12481,31,2006,1FTPW14V96FB,1,F,T,P,W,1,4,V,9,6,F,B,0,T,FORD,F1S,CW,6,17,,2,1500,1390,COF,F,,0,0,000000000,00000000000,0,0,0,1,0,0,0,0,0,0,0,998,0,0,0,6,6,2,1,12,0,0,0,1,48,78016,6,1,0,0,3,0,999,999,0,0,0,1,0,10,2009,10,2009,0,0,0,0,0,1,4,35,1,1,8,1,0,0,1,53,7,1,2,25,0,0
48,482290,3,3,3,25,11,12,41,12,1,1,0,48,1,35,43,35043,4,2008,3N1AB61E88L6,3,N,1,A,B,6,1,E,8,8,L,6,0,P,NISS,SL2,4D,8,17,2804,,0,1057,,G,,0,0,000000000,00000000000,0,0,0,1,0,0,0,0,0,0,0,998,0,0,0,12,12,6,2,12,0,0,0,1,48,78412,6,1,0,0,3,0,999,999,1,0,0,0,0,6,2008,6,2008,0,0,0,0,0,1,4,35,1,1,8,1,0,0,1,62,99,1,3,98,1,0
48,482291,1,1,1,26,11,23,27,14,0,1,0,48,1,20,481,20481,31,2009,3GCEC23099G2,3,G,C,E,C,2,3,0,9,9,G,2,0,T,CHEV,2SC,CW,9,17,,2,0,1435,SIL,F,,0,0,000000000,00000000000,0,0,0,1,0,0,0,0,0,0,0,61,0,0,0,12,12,6,2,14,0,0,0,1,48,76623,6,1,0,0,3,0,64,170,0,0,0,0,0,0,0,0,0,1,89,0,0,0,6,1,99,1,2,8,1,40,3,1,11,1,1,4,98,1,1
48,482292,1,1,1,26,11,6,56,32,0,1,0,48,3,20,481,20481,31,2009,1GCHC59K29E1,1,G,C,H,C,5,9,K,2,9,E,1,0,T,CHEV,2C2,4C,9,17,,2,1575,1435,SIL,G,,0,0,000000000,00000000000,0,0,0,1,0,0,0,0,0,0,0,998,0,1,5,12,12,6,2,1,0,0,0,1,48,78342,6,1,6,0,2,0,999,999,0,0,0,0,0,0,0,0,0,0,0,0,0,0,1,2,70,3,2,8,1,0,0,14,13,1,1,4,1,1,0
48,482293,1,2,1,27,11,19,9,12,2,1,0,48,2,20,461,20461,21,1997,1GBFG15R7V10,1,G,B,F,G,1,5,R,7,V,1,0,0,T,CHEV,SV1,IC,97,17,,2,0,1350,S/V,G,,0,0,000000000,00000000000,0,0,0,1,0,0,0,0,0,0,0,998,0,0,0,12,12,6,2,12,0,0,0,1,48,76513,0,0,0,0,0,0,999,999,0,0,0,0,0,0,0,0,0,0,51,0,0,0,1,2,60,1,1,8,1,0,0,1,10,1,1,2,50,1,1
48,482293,2,2,6,27,11,19,9,12,2,1,0,48,2,7,482,7482,31,2003,1D7HA18D43S3,1,D,7,H,A,1,8,D,4,3,S,3,0,T,DODG,SQ1,CW,3,17,,2,1605,1405,RPC,G,,0,0,000000000,00000000000,0,0,0,1,0,0,0,0,0,0,0,998,0,0,0,12,12,6,2,12,0,0,0,1,48,76513,6,1,0,0,3,3,999,999,0,0,0,0,0,0,0,0,0,0,0,0,0,0,1,2,60,1,1,8,1,0,0,1,62,1,1,1,51,0,0
48,482294,1,2,3,27,11,15,58,12,2,1,0,48,1,23,481,23481,31,2003,1GTEC14XX3Z3,1,G,T,E,C,1,4,X,X,3,Z,3,0,T,GMC,NC1,PK,3,17,,2,1330,1190,SIE,G,,0,0,000000000,00000000000,0,0,0,1,0,0,0,0,0,0,0,998,0,0,0,12,12,6,2,12,0,0,0,1,48,77657,6,1,0,0,3,3,999,999,0,0,0,2,0,4,2010,5,2010,0,28,0,0,0,1,2,60,2,1,8,1,0,0,14,10,1,1,2,50,0,0
48,482294,2,2,1,27,11,15,58,12,2,1,0,48,2,37,32,37032,4,2001,1HGCG56441A0,1,H,G,C,G,5,6,4,4,1,A,0,0,P,HOND,ULX,4D,1,17,3031,,0,1069,,G,,0,0,000000000,00000000000,0,0,0,1,0,0,0,0,0,0,0,998,0,0,0,12,12,6,2,12,0,0,0,1,48,77657,6,1,0,0,3,3,69,245,0,0,0,0,0,0,0,0,0,0,0,0,0,0,1,2,60,3,1,8,1,0,0,14,62,1,1,1,51,1,0