STATE,ST_CASE,VEH_NO,VE_FORMS,NUMOCCS,DAY,MONTH,HOUR,MINUTE,HARM_EV,MAN_COLL,UNITTYPE,HIT_RUN,REG_STAT,OWNER,MAKE,MODEL,MAK_MOD,BODY_TYP,MOD_YEAR,VIN,VIN_1,VIN_2,VIN_3,VIN_4,VIN_5,VIN_6,VIN_7,VIN_8,VIN_9,VIN_10,VIN_11,VIN_12,TOW_VEH,VINTYPE,VINMAKE,VINA_MOD,VIN_BT,VINMODYR,VIN_LNGT,VIN_WGT,WGTCD_TR,WHLBS_LG,WHLBS_SH,SER_TR,FUELCODE,MCYCL_DS,J_KNIFE,MCARR_I1,MCARR_I2,MCARR_ID,GVWR,V_CONFIG,CARGO_BT,HAZ_INV,HAZ_PLAC,HAZ_ID,HAZ_CNO,HAZ_REL,BUS_USE,SPEC_USE,EMER_USE,TRAV_SP,UNDERIDE,ROLLOVER,ROLINLOC,IMPACT1,IMPACT2,DEFORMED,TOWED,M_HARM,VEH_SC1,VEH_SC2,FIRE_EXP,DR_PRES,L_STATE,DR_ZIP,L_STATUS,L_TYPE,CDL_STAT,L_ENDORS,L_COMPL,L_RESTRI,DR_HGT,DR_WGT,PREV_ACC,PREV_SUS,PREV_DWI,PREV_SPD,PREV_OTH,FIRST_MO,FIRST_YR,LAST_MO,LAST_YR,SPEEDREL,DR_SF1,DR_SF2,DR_SF3,DR_SF4,VTRAFWAY,VNUM_LAN,VSPD_LIM,VALIGN,VPROFILE,VPAVETYP,VSURCOND,VTRAFCON,VTCONT_F,P_CRASH1,P_CRASH2,P_CRASH3,PCRASH4,PCRASH5,ACC_TYPE,DEATHS,DR_DRINK
48,482295,1,2,2,27,11,2,30,12,1,1,0,48,2,12,401,12401,14,1997,1FMDU32E9VUA,1,F,M,D,U,3,2,E,9,V,U,A,0,P,FORD,EPR,UT,97,17,3939,,0,1115,,G,,0,0,000000000,00000000000,0,0,0,1,0,0,0,0,0,0,0,998,0,2,1,12,13,4,3,1,0,0,0,1,48,77598,0,0,0,0,0,0,999,999,0,0,0,0,0,0,0,0,0,1,0,0,0,0,2,4,45,1,3,1,1,0,0,1,51,1,1,1,24,1,1
48,482295,2,2,2,27,11,2,30,12,1,1,0,48,1,35,472,35472,30,2004,1N6ED27T64C4,1,N,6,E,D,2,7,T,6,4,C,4,0,T,NISS,FCX,CW,4,17,,1,0,1161,FRT,G,,0,0,000000000,00000000000,0,0,0,1,0,0,0,0,0,0,0,998,0,0,0,6,6,2,1,12,0,0,0,1,48,77012,6,1,0,0,3,3,999,999,0,0,0,0,0,0,0,0,0,0,0,0,0,0,2,4,45,1,3,1,1,0,0,1,53,1,1,1,25,0,0
48,482296,1,1,1,27,11,9,30,43,0,1,0,48,1,63,33,63033,4,2008,KNAFE1217855,K,N,A,F,E,1,2,1,7,8,5,5,0,P,KIA,SXC,4D,8,17,2919,,0,1028,,G,,0,0,000000000,00000000000,0,0,0,1,0,0,0,0,0,0,0,998,0,1,5,12,3,4,3,1,0,0,0,1,48,76050,6,1,0,0,3,0,999,999,0,0,0,0,0,0,0,0,0,0,0,0,0,0,1,2,60,1,1,8,1,0,0,1,12,1,1,4,6,1,0
48,482297,1,1,2,27,11,1,33,24,0,1,0,48,1,20,481,20481,31,1999,1GCEC14T6XE1,1,G,C,E,C,1,4,T,6,X,E,1,0,T,CHEV,SC1,PK,99,17,,2,1330,1190,SIL,G,,0,0,000000000,00000000000,0,0,0,1,0,0,0,0,0,0,0,68,0,1,5,11,12,4,3,1,0,0,0,1,48,79424,6,1,0,0,3,3,999,999,0,0,0,0,0,0,0,0,0,1,0,0,0,0,6,2,65,2,3,8,1,0,0,14,10,1,1,4,6,1,1
48,482298,1,2,1,28,11,12,55,12,6,1,0,48,1,12,37,12037,4,2003,1FAFP33P33W1,1,F,A,F,P,3,3,P,3,3,W,1,0,P,FORD,FOX,4D,3,17,2564,,0,1030,,G,,0,0,000000000,00000000000,0,0,0,1,0,0,0,0,0,0,0,998,0,0,0,1,1,4,3,12,0,0,0,1,48,77304,6,1,0,0,3,0,999,999,0,0,0,0,0,0,0,0,0,0,38,0,0,0,2,4,45,1,1,8,1,0,0,11,15,1,1,1,68,0,0
48,482298,2,2,2,28,11,12,55,12,6,1,0,48,1,76,706,76706,80,2005,JYAVP11E95A0,J,Y,A,V,P,1,1,E,9,5,A,0,0,M,YAMA,XVA,RS,5,17,2564,,0,1030,,G,1063,0,0,000000000,00000000000,0,0,0,1,0,0,0,0,0,0,0,998,0,0,0,12,12,6,2,12,0,0,0,1,48,77304,1,1,0,0,2,0,72,226,0,4,0,0,0,9,2008,9,2010,0,0,0,0,0,2,4,45,1,1,8,1,0,0,1,62,1,1,1,69,2,0
48,482299,1,1,2,29,11,21,30,18,0,1,0,48,2,35,472,35472,30,2007,1N6AD07U27C4,1,N,6,A,D,0,7,U,2,7,C,4,0,T,NISS,CEO,CW,7,17,,1,0,1259,FRT,G,,0,0,000000000,00000000000,0,0,0,1,0,0,0,0,0,0,0,70,0,1,5,99,0,6,2,1,0,0,0,1,48,79556,6,1,0,0,3,0,999,999,0,0,0,0,0,0,0,0,0,1,0,0,0,0,1,2,55,1,3,8,1,0,0,3,6,1,4,4,7,1,0
48,482300,1,3,1,29,11,13,20,12,2,1,0,48,2,12,17,12017,4,2002,1FAFP55S02A1,1,F,A,F,P,5,5,S,0,2,A,1,0,P,FORD,TSS,4D,2,17,3392,,0,1085,,G,,0,0,000000000,00000000000,0,0,0,1,0,0,0,0,0,0,0,998,0,0,0,12,12,6,2,12,0,0,0,1,48,76033,6,1,0,0,3,3,999,999,0,0,0,0,0,0,0,0,0,0,28,52,0,0,1,2,70,1,2,8,1,0,0,1,10,1,1,2,50,1,0
48,482300,2,3,1,29,11,13,20,12,2,1,0,48,1,55,33,55033,4,2011,5NPEB4AC6BH1,5,N,P,E,B,4,A,C,6,B,H,1,0,P,HYUN,SGL,4D,11,17,3161,,0,1100,,G,,0,0,000000000,00000000000,0,0,0,1,0,0,0,0,0,0,0,998,0,0,0,12,12,6,2,12,0,0,0,1,48,76023,6,1,0,0,3,0,999,999,0,0,0,0,0,0,0,0,0,0,0,0,0,0,1,2,70,1,2,8,1,0,0,1,62,1,1,1,51,0,0
48,482300,3,3,2,29,11,13,20,12,2,1,0,48,2,20,421,20421,15,2001,1GNEK13T21J1,1,G,N,E,K,1,3,T,2,1,J,1,0,P,CHEV,KTA,UT,1,17,5050,,0,1160,,G,,0,0,000000000,00000000000,0,0,0,1,0,0,0,0,0,0,0,998,0,2,5,0,9,4,3,1,0,0,0,1,48,76426,6,1,0,0,3,0,999,999,0,5,0,1,0,1,2008,12,2008,1,0,0,0,0,1,2,70,1,2,8,1,0,0,1,62,3,3,4,98,0,0
48,482301,1,3,2,3,2,17,45,12,6,1,0,48,1,52,34,52034,4,2002,4A3AA46G42E1,4,A,3,A,A,4,6,G,4,2,E,1,0,P,MITS,UEL,4D,2,17,3075,,0,1037,,G,,0,0,000000000,00000000000,0,0,0,1,0,0,0,0,0,0,0,998,0,0,0,9,9,6,2,12,0,0,0,1,48,75117,6,1,0,0,3,3,62,178,0,4,0,1,0,1,2008,11,2009,0,39,0,0,0,1,2,99,8,8,8,2,20,3,6,19,1,1,2,89,2,0
48,482301,2,3,1,3,2,17,45,12,6,1,0,48,1,49,43,49043,4,1995,4T1GB11E7SU0,4,T,1,G,B,1,1,E,7,S,U,0,0,P,TOYT,UAS,4D,95,17,3265,,0,1071,,G,,0,0,000000000,00000000000,0,0,0,1,0,0,0,0,0,0,0,998,0,0,0,12,12,6,2,12,0,0,0,1,48,75098,6,1,0,0,3,0,999,999,0,0,0,0,0,0,0,0,0,0,0,0,0,0,2,2,65,1,1,8,2,0,0,1,66,1,1,1,88,0,0
48,482301,3,3,1,3,2,17,45,12,6,1,0,48,1,35,473,35473,31,2006,1N6BA07A66N5,1,N,6,B,A,0,7,A,6,6,N,5,0,T,NISS,TXS,CW,6,17,,2,0,1398,TTN,F,,0,0,000000000,00000000000,0,0,0,1,0,0,0,0,0,0,0,0,0,0,0,12,12,4,3,12,0,0,0,1,48,75156,6,1,0,0,3,3,999,999,0,0,0,0,0,0,0,0,0,0,0,0,0,0,2,2,65,1,1,8,2,0,0,5,62,1,1,1,98,0,0
48,482302,1,2,1,1,3,4,15,12,2,1,0,48,1,12,481,12481,31,2001,1FMZU67E91UB,1,F,M,Z,U,6,7,E,9,1,U,B,0,P,FORD,EPR,UT,1,17,4117,,0,1259,,G,,0,0,000000000,00000000000,0,0,0,1,0,0,0,0,0,0,0,998,0,0,0,12,12,6,2,12,0,0,0,1,48,75438,6,1,0,0,3,0,999,999,0,0,0,0,0,0,0,0,0,0,28,0,0,0,1,2,65,1,1,8,2,0,0,1,10,1,1,2,50,1,1
48,482302,2,2,1,1,3,4,15,12,2,1,0,93,3,87,881,87881,66,1998,1XP5DR9X4WD4,1,X,P,5,D,R,9,X,4,W,D,4,1,T,PTRB,379,DS,98,17,,8,0,0,CON,D,,1,57,1690962,571690962,3,6,3,1,0,0,0,0,0,0,0,998,0,0,0,12,12,4,3,12,0,0,0,1,48,75417,6,1,6,0,3,0,999,999,0,0,0,0,0,0,0,0,0,0,0,0,0,0,1,2,65,1,1,8,2,0,0,1,62,3,1,1,51,0,0
48,482303,1,3,1,14,4,0,44,12,1,1,0,13,1,20,461,20461,21,2008,1GCGG29C6811,1,G,C,G,G,2,9,C,6,8,1,1,0,T,CHEV,E25,EC,8,17,,2,0,1550,EXP,G,,0,0,000000000,00000000000,0,0,0,1,0,0,0,0,0,0,0,998,0,0,0,12,12,6,2,12,0,0,0,1,13,30329,6,1,0,0,3,3,67,208,98,0,0,1,0,12,2008,12,2008,1,0,0,0,0,3,1,65,1,1,8,1,0,0,1,50,1,1,1,20,1,0
48,482303,2,3,1,14,4,0,44,12,1,1,0,93,3,86,881,86881,66,2006,1M2AJ06Y06N0,1,M,2,A,J,0,6,Y,0,6,N,0,1,T,MACK,CHN,DS,6,17,,8,0,0,600,D,,1,57,747934,57747934,3,6,98,1,0,0,0,0,0,0,0,0,0,0,0,6,6,2,1,12,0,0,0,1,48,76148,6,1,6,0,3,0,999,999,0,0,0,1,1,10,2009,2,2010,0,0,0,0,0,3,1,65,1,1,8,1,0,0,5,53,1,1,1,21,0,0
48,482303,3,3,1,14,4,0,44,12,1,1,0,93,3,86,881,86881,66,2008,1M1AN09Y38N0,1,M,1,A,N,0,9,Y,3,8,N,0,1,T,MACK,CHU,DS,8,17,,8,0,0,600,D,,1,57,747934,57747934,3,6,98,1,0,0,0,0,0,0,0,0,0,0,0,6,6,2,1,12,0,0,0,1,48,75235,6,1,6,0,3,0,999,999,0,0,0,0,0,0,0,0,0,0,0,0,0,0,3,1,65,1,1,8,1,0,0,5,53,1,1,1,98,0,0
48,482304,1,2,1,8,5,8,40,33,0,1,0,48,1,37,32,37032,4,1994,1HGCD5636RA1,1,H,G,C,D,5,6,3,6,R,A,1,0,P,HOND,ULE,4D,94,17,2809,,0,1069,,G,,0,0,000000000,00000000000,0,0,0,1,0,0,0,0,0,0,0,998,0,0,0,14,3,6,2,42,0,0,0,1,48,77071,6,1,0,0,3,0,66,257,0,1,0,0,0,5,2009,5,2009,0,0,0,0,0,2,4,40,1,1,1,1,0,0,1,13,1,1,4,1,1,1
48,482304,2,2,1,8,5,8,40,33,0,1,0,48,1,6,51,6051,4,2007,2C3KA63H27H7,2,C,3,K,A,6,3,H,2,7,H,7,0,P,CHRY,30C,4D,7,17,3998,,0,1200,,G,,0,0,000000000,00000000000,0,0,0,1,0,0,0,0,0,0,0,998,0,0,0,9,9,2,1,54,0,0,0,1,48,75964,6,1,0,0,3,0,999,999,0,0,0,0,0,0,0,0,0,0,0,0,0,0,2,4,40,1,1,1,1,0,0,1,90,1,1,1,98,0,0
48,482305,1,1,1,8,5,23,58,8,0,1,0,48,1,12,16,12016,4,2000,2FAFP71W8YX1,2,F,A,F,P,7,1,W,8,Y,X,1,0,P,FORD,CVP,4D,0,17,0,,0,1147,,G,,0,0,000000000,00000000000,0,0,0,1,0,0,0,0,0,0,0,998,0,0,0,1,1,2,1,8,0,0,0,1,48,77055,6,1,0,0,3,3,999,999,0,0,0,0,0,0,0,0,0,0,0,0,0,0,4,3,45,1,1,8,1,99,9,1,80,1,1,1,13,0,0
48,482306,1,1,6,9,5,1,44,59,0,1,0,48,2,49,32,49032,4,2007,1NXBR32E27Z8,1,N,X,B,R,3,2,E,2,7,Z,8,0,P,TOYT,UCS,4D,7,17,2530,,0,1024,,G,,0,0,000000000,00000000000,0,0,0,1,0,0,0,0,0,0,0,998,0,0,0,12,12,6,2,59,0,0,1,1,48,76133,6,1,0,0,3,0,999,999,0,0,0,0,0,0,0,0,0,1,0,0,0,0,4,2,40,3,1,8,1,0,0,14,13,1,4,4,1,4,0
48,482307,1,1,1,19,5,21,34,8,0,1,0,48,2,59,31,59031,4,2007,JTHBJ46GX720,J,T,H,B,J,4,6,G,X,7,2,0,0,P,LEXS,E35,4D,7,17,3600,,0,1093,,G,,0,0,000000000,00000000000,0,0,0,1,0,0,0,0,0,0,0,998,0,0,0,12,12,2,3,8,0,0,0,1,48,77056,6,1,0,0,3,0,999,999,0,0,0,0,0,0,0,0,0,0,99,99,99,99,1,2,30,1,1,2,1,0,0,1,80,1,1,1,13,0,1
48,482308,1,1,1,30,5,21,12,8,0,1,0,48,2,2,405,2405,14,2006,1J4GL48K56W2,1,J,4,G,L,4,8,K,5,6,W,2,0,T,JEEP,SPR,4W,6,17,,1,0,1043,LIB,G,,0,0,000000000,00000000000,0,0,0,1,0,0,0,0,0,0,0,998,0,0,0,12,12,4,3,8,0,0,0,1,48,77028,6,1,0,0,3,0,999,999,0,0,0,0,0,0,0,0,0,0,0,0,0,0,1,4,45,1,1,1,2,0,0,1,80,1,1,1,13,0,0
48,482309,1,1,2,2,6,21,41,42,0,1,0,48,1,72,706,72706,80,2001,1HD1CGP171K1,1,H,D,1,C,G,P,1,7,1,K,1,0,M,HD,20C,RS,1,17,,,,,,,1200,0,0,000000000,00000000000,0,0,0,1,0,0,0,0,0,0,0,998,0,0,0,99,99,4,3,42,0,0,0,1,48,79912,6,1,0,0,3,0,999,999,0,0,0,0,0,0,0,0,0,1,0,0,0,0,2,6,50,1,6,8,1,0,0,1,12,99,1,4,6,1,0
48,482310,1,1,1,3,6,2,10,20,0,1,0,48,2,72,706,72706,80,2006,1HD1KBW126Y7,1,H,D,1,K,B,W,1,2,6,Y,7,0,M,HD,FHI,RS,6,17,,,,,,,1450,0,0,000000000,00000000000,0,0,0,1,0,0,0,0,0,0,0,998,0,0,0,99,99,9,2,20,0,0,0,1,48,77493,6,1,0,0,3,3,999,999,0,0,0,0,0,0,0,0,0,0,0,0,0,0,3,6,45,1,1,1,2,0,0,1,13,1,1,4,1,1,0
48,482311,1,2,4,16,6,20,22,25,0,1,0,48,2,54,32,54032,4,1993,JH4KA767XPC0,J,H,4,K,A,7,6,7,X,P,C,0,0,P,ACUR,LLS,4D,93,17,3170,,0,1146,,G,,0,0,000000000,00000000000,0,0,0,1,0,0,0,0,0,0,0,998,0,1,1,61,61,6,2,30,0,0,1,1,48,76028,6,1,0,0,3,0,999,999,0,0,0,1,0,5,2009,5,2009,1,0,0,0,0,3,3,65,1,1,8,1,0,0,1,12,1,1,4,6,1,0
48,482311,2,2,1,16,6,20,22,25,0,1,0,48,1,6,51,6051,4,2008,2C3KA53G48H3,2,C,3,K,A,5,3,G,4,8,H,3,0,P,CHRY,3TR,4D,8,17,3762,,0,1200,,G,,0,0,000000000,00000000000,0,0,0,1,0,0,0,0,0,0,0,998,0,0,0,13,13,2,1,54,0,0,0,1,48,76028,6,1,0,0,3,0,999,999,0,0,0,0,0,0,0,0,0,0,0,0,0,0,3,3,65,1,1,8,1,0,0,1,98,1,1,1,98,0,0
48,482312,1,1,1,18,6,14,55,39,0,1,0,48,1,37,705,37705,80,2006,JH2PC35006M7,J,H,2,P,C,3,5,0,0,6,M,7,0,M,HOND,CF4,RS,6,17,,,,,,,599,0,0,000000000,00000000000,0,0,0,1,0,0,0,0,0,0,0,998,0,0,0,12,12,9,2,5,0,0,0,1,48,77304,6,1,0,0,2,0,999,999,0,0,0,0,0,0,0,0,0,0,0,0,0,0,6,2,60,3,3,1,1,0,0,14,13,1,1,4,1,1,0
48,482313,1,2,1,19,6,3,5,12,6,1,0,92,0,6,51,6051,4,2007,2C3KA53G57H8,2,C,3,K,A,5,3,G,5,7,H,8,0,P,CHRY,3TR,4D,7,17,3665,,0,1200,,G,,0,0,000000000,00000000000,0,0,0,1,0,0,0,0,0,0,0,998,0,0,0,12,12,2,3,12,0,0,0,1,48,77539,6,1,0,0,3,3,999,999,0,0,0,0,0,0,0,0,0,0,0,0,0,0,3,5,60,1,2,1,1,0,0,1,11,1,1,2,48,0,1
48,482313,2,2,0,19,6,3,5,12,6,1,0,48,6,12,17,12017,4,2001,1FAFP53U51A2,1,F,A,F,P,5,3,U,5,1,A,2,0,P,FORD,TSE,4D,1,17,3354,,0,1085,,G,,0,0,000000000,00000000000,0,0,0,1,0,0,0,0,0,0,0,998,0,0,0,7,7,2,3,12,0,0,0,0,,,,,,,,,999,,,,,,,,,,,,54,0,0,0,3,5,60,1,2,1,1,0,0,0,60,0,0,0,48,0,0
48,482314,1,1,1,20,6,8,50,8,0,1,1,48,1,49,442,49442,20,2004,5TDZA23C04S1,5,T,D,Z,A,2,3,C,0,4,S,1,0,P,TOYT,SIE,SV,4,17,4120,,0,1193,,G,,0,0,000000000,00000000000,0,0,0,1,0,0,0,0,0,0,0,998,0,0,0,12,12,2,1,8,0,0,0,1,48,77060,0,0,0,0,0,0,999,999,0,0,0,0,0,0,0,0,0,0,28,0,0,0,2,2,35,1,1,1,1,0,0,1,80,1,1,1,13,0,0
48,482315,1,2,2,29,6,2,55,12,6,1,0,48,1,12,3,12003,2,1989,1FABP42E4KF1,1,F,A,B,P,4,2,E,4,K,F,1,0,P,FORD,MCG,2H,89,17,3194,,0,1005,,G,,0,0,000000000,00000000000,0,0,0,1,0,0,0,0,0,0,0,998,0,1,3,12,12,4,3,12,0,0,0,1,48,76131,6,1,0,0,3,3,999,999,0,2,0,3,0,12,2007,5,2010,1,27,28,0,0,3,3,60,1,2,8,2,0,0,1,51,99,1,1,44,1,1
48,482315,2,2,1,29,6,2,55,12,6,1,0,48,2,20,22,20022,4,2009,1G1AS58H6972,1,G,1,A,S,5,8,H,6,9,7,2,0,P,CHEV,BLS,4D,9,17,3216,,0,1033,,G,,0,0,000000000,00000000000,0,0,0,1,0,0,0,0,0,0,0,998,0,0,0,5,5,4,3,12,0,0,0,1,48,76179,6,1,0,0,3,3,999,999,0,0,0,0,0,0,0,0,0,0,0,0,0,0,3,3,60,1,2,8,2,0,0,15,53,1,1,1,45,0,0
48,482316,1,1,1,5,7,16,41,14,0,1,0,92,0,73,706,73706,80,2002,JKAZX2F132A0,J,K,A,Z,X,2,F,1,3,2,A,0,0,M,KAWK,Z9F,RS,2,17,,,,,,,900,0,0,000000000,00000000000,0,0,0,1,0,0,0,0,0,0,0,998,0,0,0,12,12,4,3,14,0,0,0,1,48,77044,6,1,6,0,3,0,999,999,0,0,0,0,0,0,0,0,0,1,28,0,0,0,1,2,30,1,1,1,1,0,0,1,11,1,1,4,11,1,0
48,482317,1,2,2,7,7,19,55,12,6,1,0,48,1,35,443,35443,20,1995,4N2DN11W3SD8,4,N,2,D,N,1,1,W,3,S,D,8,0,P,NISS,QST,SV,95,17,3745,,0,1122,,G,,0,0,000000000,00000000000,0,0,0,1,0,0,0,0,0,0,0,998,0,0,0,12,12,4,3,12,32,0,0,1,48,77041,6,1,0,0,3,3,999,999,0,0,0,0,0,0,0,0,0,0,38,39,0,0,2,2,35,1,1,1,2,3,3,1,17,1,1,1,86,1,0
48,482317,2,2,1,7,7,19,55,12,6,1,0,48,1,59,31,59031,4,2003,JTHBF30G2301,J,T,H,B,F,3,0,G,2,3,0,1,0,P,LEXS,ES3,4D,3,17,3439,,0,1071,,G,,0,0,000000000,00000000000,0,0,0,1,0,0,0,0,0,0,0,998,0,0,0,3,3,4,3,12,0,0,0,1,48,77079,6,1,0,0,3,3,999,999,1,0,0,0,0,11,2008,11,2008,0,0,0,0,0,1,2,98,8,8,8,2,3,3,1,66,1,1,1,87,0,0
48,482318,1,1,99,27,7,20,45,8,0,1,1,99,9,99,999,99999,99,9999,999999999999,9,9,9,9,9,9,9,9,9,9,9,9,0,U,,,,9,17,,,,,,,,0,0,000000000,00000000000,0,0,0,1,0,0,0,0,0,0,0,998,0,0,0,99,99,9,1,8,0,0,0,1,99,99999,9,9,99,0,9,9,999,999,99,99,99,99,99,99,9999,99,9999,0,0,0,0,0,3,2,40,1,1,1,1,0,0,99,80,99,9,9,13,0,0
48,482319,1,1,2,20,8,11,17,5,0,1,1,92,0,12,481,12481,31,1990,2FDKF37M5LCB,2,F,D,K,F,3,7,M,5,L,C,B,0,T,FORD,F35,CB,90,17,,3,1610,1330,COF,D,,0,0,000000000,00000000000,0,0,0,1,0,0,0,0,0,0,0,998,0,0,0,0,0,0,1,5,0,0,0,1,48,77044,0,0,0,0,0,0,999,999,0,0,0,0,0,0,0,0,0,0,21,0,0,0,1,2,30,1,1,2,1,0,0,1,98,1,1,3,0,1,0
48,482320,1,3,2,27,8,22,42,12,6,1,0,48,2,49,402,49402,14,2004,JTEGD20V8400,J,T,E,G,D,2,0,V,8,4,0,0,0,P,TOYT,RV4,UT,4,17,2897,,0,980,,G,,0,0,000000000,00000000000,0,0,0,1,0,0,0,0,0,0,0,998,0,0,0,7,7,4,1,12,0,0,0,1,48,75023,6,2,0,0,3,1,999,999,0,0,0,0,0,0,0,0,0,0,38,91,0,0,1,2,99,1,8,8,1,4,3,1,17,1,1,1,89,0,0
48,482320,2,3,1,27,8,22,42,12,6,1,0,48,2,53,705,53705,80,2004,JS1GR7JA9421,J,S,1,G,R,7,J,A,9,4,2,1,0,M,SUZI,SRK,RS,4,17,,,,,,,749,0,0,000000000,00000000000,0,0,0,1,0,0,0,0,0,0,0,998,0,0,0,12,12,6,2,12,0,0,0,1,48,75287,6,1,0,0,2,0,999,999,0,0,0,0,0,0,0,0,0,0,0,0,0,0,2,2,40,1,1,8,1,4,3,1,66,7,1,3,88,0,0
48,482320,3,3,1,27,8,22,42,12,6,1,0,48,1,76,705,76705,80,2006,JYARJ12E26A0,J,Y,A,R,J,1,2,E,2,6,A,0,0,M,YAMA,R6L,RS,6,17,,,,,,,599,0,0,000000000,00000000000,0,0,0,1,0,0,0,0,0,0,0,998,0,0,0,12,12,6,2,12,0,0,0,1,48,75287,1,1,0,0,2,0,999,999,0,2,1,0,0,8,2009,12,2009,0,0,0,0,0,2,2,40,1,1,8,1,4,3,1,66,99,1,1,98,1,0
48,482321,1,1,2,2,9,8,0,32,0,1,0,48,3,20,2,20002,4,2010,2G1WB5EK4A12,2,G,1,W,B,5,E,K,4,A,1,2,0,P,CHEV,IMT,4D,10,17,3555,,0,1105,,F,,0,0,000000000,00000000000,0,0,0,1,0,0,0,0,0,0,0,998,0,1,5,99,99,6,2,1,0,0,0,1,48,79935,6,1,0,0,3,0,999,999,0,0,0,0,0,0,0,0,0,0,0,0,0,0,2,2,80,1,1,8,1,0,0,1,13,1,1,4,1,1,0
48,482322,1,1,1,4,9,0,29,8,0,1,0,48,1,12,471,12471,30,1996,1FTCR14A1TPB,1,F,T,C,R,1,4,A,1,T,P,B,0,T,FORD,RNS,PS,96,17,,1,0,1250,RNG,G,,0,0,000000000,00000000000,0,0,0,1,0,0,0,0,0,0,0,998,0,0,0,12,12,2,3,8,0,0,0,1,48,79935,6,1,0,0,3,3,999,999,0,0,0,0,0,0,0,0,0,0,0,0,0,0,2,3,40,1,1,8,1,0,0,1,80,1,1,1,13,0,1
48,482323,1,1,1,7,9,0,32,1,0,1,0,48,1,12,471,12471,30,1996,1FTCR14U0TPA,1,F,T,C,R,1,4,U,0,T,P,A,0,T,FORD,RNS,PS,96,17,,1,0,1250,RNG,G,,0,0,000000000,00000000000,0,0,0,1,0,0,0,0,0,0,0,998,0,9,3,0,0,4,3,1,0,0,0,1,48,79360,6,1,6,0,3,0,999,999,0,0,0,0,0,0,0,0,0,0,0,0,0,0,2,2,65,1,1,8,1,0,0,1,10,1,1,4,6,1,0
48,482324,1,2,1,9,9,13,31,12,6,1,0,48,1,20,481,20481,31,1976,CKL146S11580,C,K,L,1,4,6,S,1,1,5,8,0,0,P,,,,,,,,,,,,,0,0,000000000,00000000000,0,0,0,1,0,0,0,0,0,0,0,998,0,0,0,12,12,6,2,12,0,0,0,1,48,78872,6,1,0,0,3,0,999,999,0,0,0,0,0,0,0,0,0,0,92,28,91,0,1,2,70,1,1,8,1,0,0,1,10,1,1,2,64,0,0
48,482324,2,2,1,9,9,13,31,12,6,1,0,48,2,20,422,20422,15,2004,1GNGK26U54R2,1,G,N,G,K,2,6,U,5,4,R,2,0,P,CHEV,K25,UT,4,17,5796,,0,1300,,G,,0,0,000000000,00000000000,0,0,0,1,0,0,0,0,0,0,0,998,0,0,0,11,11,6,2,12,0,0,0,1,48,78838,6,1,0,0,3,0,999,999,0,0,0,0,0,0,0,0,0,0,0,0,0,0,1,2,70,1,1,8,1,0,0,1,62,1,1,1,65,1,0
48,482325,1,2,1,12,9,2,10,12,7,1,0,48,1,49,482,49482,31,2006,5TBET34136S5,5,T,B,E,T,3,4,1,3,6,S,5,0,T,TOYT,DBS,CW,6,17,,2,0,1283,TUN,G,,0,0,000000000,00000000000,0,0,0,1,0,0,0,0,0,0,0,998,0,9,1,2,2,4,3,12,0,0,0,1,48,77357,6,1,0,0,3,0,999,999,0,0,0,0,0,0,0,0,0,1,28,0,0,0,3,4,65,1,1,1,1,0,0,1,11,1,1,2,44,1,1
48,482325,2,2,3,12,9,2,10,12,7,1,0,48,1,7,482,7482,31,2002,1D7HA18N72S6,1,D,7,H,A,1,8,N,7,2,S,6,0,T,DODG,Q15,CW,2,17,,2,1605,1405,RPC,G,,0,0,000000000,00000000000,0,0,0,1,0,0,0,0,0,0,0,998,0,0,0,7,7,2,3,12,0,0,0,1,48,77365,6,1,0,0,3,3,999,999,0,0,0,0,0,0,0,0,0,0,0,0,0,0,3,4,65,1,1,1,1,0,0,1,60,1,1,1,45,0,0
48,482326,1,1,1,14,9,1,38,1,0,1,0,48,1,20,401,20401,14,1999,1GNDT13W6XK1,1,G,N,D,T,1,3,W,6,X,K,1,0,P,CHEV,BZR,UT,99,17,4023,,0,1070,,G,,0,0,000000000,00000000000,0,0,0,1,0,0,0,0,0,0,0,998,0,1,5,0,0,4,3,1,0,0,0,1,48,79714,6,1,0,0,3,3,999,999,0,0,0,0,0,0,0,0,0,0,58,0,0,0,1,2,65,1,1,8,1,0,0,1,13,6,4,4,1,1,1
48,482327,1,2,1,19,9,13,45,12,6,1,0,48,2,54,39,54039,4,2007,JH4CL968X7C0,J,H,4,C,L,9,6,8,X,7,C,0,0,P,ACUR,TSX,4D,7,17,3345,,0,1051,,G,,0,0,000000000,00000000000,0,0,0,1,0,0,0,0,0,0,0,998,0,0,0,12,12,4,3,12,0,0,0,1,48,76063,6,1,0,0,3,0,999,999,0,0,0,0,0,0,0,0,0,0,38,0,0,0,2,3,50,1,1,8,1,3,3,11,15,1,1,1,68,0,0
48,482327,2,2,1,19,9,13,45,12,6,1,0,48,1,30,398,30398,2,1969,FLA119122431,F,L,A,1,1,9,1,2,2,4,3,1,0,P,,,,,,,,,,,,,0,0,000000000,00000000000,0,0,0,1,0,0,0,0,0,0,0,998,0,0,0,9,9,4,3,12,0,0,0,1,48,76001,6,1,0,0,3,3,999,999,1,0,0,0,0,12,2007,12,2007,0,0,0,0,0,2,3,50,1,1,8,1,3,3,1,62,1,1,1,69,1,0