STATE,ST_CASE,VEH_NO,VE_FORMS,NUMOCCS,DAY,MONTH,HOUR,MINUTE,HARM_EV,MAN_COLL,UNITTYPE,HIT_RUN,REG_STAT,OWNER,MAKE,MODEL,MAK_MOD,BODY_TYP,MOD_YEAR,VIN,VIN_1,VIN_2,VIN_3,VIN_4,VIN_5,VIN_6,VIN_7,VIN_8,VIN_9,VIN_10,VIN_11,VIN_12,TOW_VEH,VINTYPE,VINMAKE,VINA_MOD,VIN_BT,VINMODYR,VIN_LNGT,VIN_WGT,WGTCD_TR,WHLBS_LG,WHLBS_SH,SER_TR,FUELCODE,MCYCL_DS,J_KNIFE,MCARR_I1,MCARR_I2,MCARR_ID,GVWR,V_CONFIG,CARGO_BT,HAZ_INV,HAZ_PLAC,HAZ_ID,HAZ_CNO,HAZ_REL,BUS_USE,SPEC_USE,EMER_USE,TRAV_SP,UNDERIDE,ROLLOVER,ROLINLOC,IMPACT1,IMPACT2,DEFORMED,TOWED,M_HARM,VEH_SC1,VEH_SC2,FIRE_EXP,DR_PRES,L_STATE,DR_ZIP,L_STATUS,L_TYPE,CDL_STAT,L_ENDORS,L_COMPL,L_RESTRI,DR_HGT,DR_WGT,PREV_ACC,PREV_SUS,PREV_DWI,PREV_SPD,PREV_OTH,FIRST_MO,FIRST_YR,LAST_MO,LAST_YR,SPEEDREL,DR_SF1,DR_SF2,DR_SF3,DR_SF4,VTRAFWAY,VNUM_LAN,VSPD_LIM,VALIGN,VPROFILE,VPAVETYP,VSURCOND,VTRAFCON,VTCONT_F,P_CRASH1,P_CRASH2,P_CRASH3,PCRASH4,PCRASH5,ACC_TYPE,DEATHS,DR_DRINK
48,482328,1,1,1,21,9,20,0,24,0,1,0,48,1,20,481,20481,31,1989,1GCDC14KXKZ1,1,G,C,D,C,1,4,K,X,K,Z,1,0,T,CHEV,GC1,PK,89,17,,1,1315,1175,GM4,G,,0,0,000000000,00000000000,0,0,0,1,0,0,0,0,0,0,0,998,0,1,3,11,11,6,2,24,0,0,0,1,48,76060,1,1,0,0,2,0,999,999,0,5,0,0,0,11,2007,2,2010,1,0,0,0,0,2,2,60,1,1,8,1,0,0,1,13,3,9,4,1,1,1
48,482329,1,3,1,22,9,17,45,12,6,1,0,48,2,37,31,37031,4,2008,1HGFA16598L0,1,H,G,F,A,1,6,5,9,8,L,0,0,P,HOND,UCL,4D,8,17,2751,,0,1063,,G,,0,0,000000000,00000000000,0,0,0,1,0,0,0,0,0,0,0,998,0,0,0,3,3,2,3,12,0,0,0,1,48,76543,6,1,0,0,3,3,999,999,0,0,0,0,0,0,0,0,0,0,38,0,0,0,5,4,40,1,1,8,1,0,0,11,15,1,1,1,68,0,0
48,482329,2,3,1,22,9,17,45,12,6,1,0,48,2,98,709,98709,80,2001,ZD4RPD0151S0,Z,D,4,R,P,D,0,1,5,1,S,0,0,U,,,,1,17,,,,,,,,0,0,000000000,00000000000,0,0,0,1,0,0,0,0,0,0,0,998,0,0,0,12,12,9,2,12,0,0,0,1,48,76513,6,1,0,0,2,0,64,152,1,0,0,0,0,5,2008,5,2008,0,0,0,0,0,5,4,40,1,1,8,1,0,0,1,62,1,1,1,69,1,0
48,482329,3,3,1,22,9,17,45,12,6,1,0,48,1,20,481,20481,31,1976,CCS346B12876,C,C,S,3,4,6,B,1,2,8,7,6,0,P,,,,,,,,,,,,,0,0,000000000,00000000000,0,0,0,1,0,0,0,0,0,0,0,0,0,0,0,1,1,2,1,12,0,0,0,1,48,76543,6,1,0,0,3,0,999,999,0,5,0,0,0,3,2008,4,2010,0,0,0,0,0,1,2,98,8,8,8,1,20,3,5,56,1,1,1,98,0,0
48,482330,1,2,1,24,9,2,20,12,99,1,0,48,1,13,1,13001,4,1999,1LNHM82WXXY6,1,L,N,H,M,8,2,W,X,X,Y,6,0,P,LINC,SIG,4D,99,17,4020,,0,1177,,G,,0,0,000000000,00000000000,0,0,0,1,0,0,0,0,0,0,0,998,0,0,0,10,10,4,1,12,0,0,0,1,48,76102,0,0,0,0,0,0,999,999,0,0,0,0,0,0,0,0,0,0,38,91,0,0,5,4,30,1,1,8,1,3,3,11,15,1,1,1,68,0,1
48,482330,2,2,1,24,9,2,20,12,99,1,0,48,2,72,706,72706,80,2007,1HD1CT3107K4,1,H,D,1,C,T,3,1,0,7,K,4,0,M,HD,20C,RS,7,17,,,,,,,1199,0,0,000000000,00000000000,0,0,0,1,0,0,0,0,0,0,0,998,0,0,0,99,99,2,3,12,0,0,0,1,48,76133,6,1,0,0,3,0,999,999,0,0,0,0,0,0,0,0,0,0,0,0,0,0,5,4,30,1,1,8,1,3,3,1,62,99,9,9,69,1,0
48,482331,1,1,1,27,9,7,56,1,0,1,0,48,2,12,481,12481,31,2000,1FTZF1721YNB,1,F,T,Z,F,1,7,2,1,Y,N,B,0,T,FORD,F15,PK,0,17,,1,1385,1199,COF,G,,0,0,000000000,00000000000,0,0,0,1,0,0,0,0,0,0,0,998,0,2,5,0,0,6,2,1,0,0,0,1,48,76266,0,0,0,0,0,0,999,999,0,0,0,0,0,0,0,0,0,1,0,0,0,0,1,2,55,2,1,8,1,0,0,14,12,1,1,4,6,1,1
48,482332,1,2,2,27,9,17,31,12,6,1,0,48,2,20,2,20002,4,2007,2G1WB58K9791,2,G,1,W,B,5,8,K,9,7,9,1,0,P,CHEV,IPL,4D,7,17,3674,,0,1105,,F,,0,0,000000000,00000000000,0,0,0,1,0,0,0,0,0,0,0,998,0,0,0,9,9,6,2,12,0,0,0,1,48,78343,6,1,0,0,3,2,999,999,0,0,0,0,0,0,0,0,0,0,38,74,0,0,8,8,99,8,8,8,1,20,3,4,17,1,1,1,89,1,0
48,482332,2,2,1,27,9,17,31,12,6,1,0,48,2,7,482,7482,31,1998,1B7KF2369WJ2,1,B,7,K,F,2,3,6,9,W,J,2,0,T,DODG,Q25,4C,98,17,,2,1547,1387,RPC,D,,0,0,000000000,00000000000,0,0,0,1,0,0,0,0,0,0,0,998,0,0,0,12,12,6,2,12,0,0,0,1,48,78363,6,1,6,0,3,0,999,999,0,0,0,0,0,0,0,0,0,0,0,0,0,0,1,4,55,1,2,8,1,0,0,1,66,6,1,2,88,0,0
48,482333,1,1,1,27,9,6,35,34,0,1,0,48,1,55,36,55036,4,2002,KMHCF35G52U2,K,M,H,C,F,3,5,G,5,2,U,2,0,P,HYUN,ACL,2H,2,17,2225,,0,961,,G,,0,0,000000000,00000000000,0,0,0,1,0,0,0,0,0,0,0,998,0,1,5,12,12,6,2,1,0,0,0,1,48,78615,6,1,0,0,3,0,999,999,0,0,0,1,0,11,2008,11,2008,1,28,0,0,0,1,2,60,1,1,8,1,0,0,1,14,1,1,4,14,1,1
48,482334,1,2,2,28,9,15,57,12,1,1,0,48,1,41,46,41046,2,1994,JM1EC4351R03,J,M,1,E,C,4,3,5,1,R,0,3,0,P,MAZD,MX3,CP,94,17,2507,,0,963,,G,,0,0,000000000,00000000000,0,0,0,1,0,0,0,0,0,0,0,998,0,0,0,12,12,6,2,12,0,0,0,1,48,76119,6,1,0,0,3,0,999,999,0,0,0,0,0,0,0,0,0,1,27,0,0,0,3,4,60,4,2,8,1,0,0,15,51,1,1,2,24,1,0
48,482334,2,2,3,28,9,15,57,12,1,1,0,48,2,35,402,35402,14,2005,5N1AN08U75C6,5,N,1,A,N,0,8,U,7,5,C,6,0,P,NISS,XTR,UT,5,17,5200,,0,1063,,G,,0,0,000000000,00000000000,0,0,0,1,0,0,0,0,0,0,0,998,0,0,0,6,6,4,3,25,0,0,0,1,48,76140,6,1,0,0,3,3,999,999,0,0,0,0,0,0,0,0,0,0,0,0,0,0,3,4,60,4,2,8,1,0,0,14,53,1,1,1,25,0,0
48,482335,1,1,1,30,9,6,10,30,0,1,0,48,1,20,36,20036,2,2006,2G1WL15C9693,2,G,1,W,L,1,5,C,9,6,9,3,0,P,CHEV,MSS,CP,6,17,3549,,0,1105,,G,,0,0,000000000,00000000000,0,0,0,1,0,0,0,0,0,0,0,998,0,0,0,6,6,4,3,30,0,0,0,1,48,78224,6,1,0,0,3,3,999,999,0,0,0,0,0,0,0,0,0,1,0,0,0,0,2,4,45,2,1,8,1,0,0,14,13,6,4,4,1,1,0
48,482336,1,1,1,30,9,19,35,1,0,1,0,48,1,12,481,12481,31,2006,1FTRF12256KB,1,F,T,R,F,1,2,2,5,6,K,B,0,T,FORD,F15,PK,6,17,,2,1450,1260,COF,G,,0,0,000000000,00000000000,0,0,0,1,0,0,0,0,0,0,0,998,0,2,5,0,9,4,3,1,0,0,0,1,48,76092,6,1,0,0,3,0,999,999,0,0,0,0,0,0,0,0,0,0,0,0,0,0,3,2,65,1,1,8,1,0,0,1,9,1,3,4,2,1,0
48,482338,1,2,1,6,12,6,30,12,6,1,0,48,2,38,402,38402,14,2001,4S2CK58W7143,4,S,2,C,K,5,8,W,7,1,4,3,0,P,ISU,ROD,UT,1,17,3856,,0,1064,,G,,0,0,000000000,00000000000,0,0,0,1,0,0,0,0,0,0,0,998,0,0,0,12,12,2,3,12,0,0,0,1,48,78408,0,0,0,0,0,0,999,999,0,3,0,0,0,6,2008,7,2009,0,38,0,0,0,1,2,99,8,8,8,1,20,3,11,15,1,1,1,82,0,0
48,482338,2,2,1,6,12,6,30,12,6,1,0,48,2,73,706,73706,80,2008,JKAVN2D198A0,J,K,A,V,N,2,D,1,9,8,A,0,0,M,KAWK,VD9,RS,8,17,,,,,,,903,0,0,000000000,00000000000,0,0,0,1,0,0,0,0,0,0,0,998,0,0,0,3,3,9,3,12,0,0,0,1,48,78408,6,1,0,0,3,0,999,999,1,0,0,0,0,9,2008,9,2008,0,0,0,0,0,1,2,70,1,1,8,1,0,0,1,67,6,9,2,83,1,0
48,482339,1,2,2,7,12,6,31,12,6,1,0,48,3,85,881,85881,66,2006,1XKADB9X96J1,1,X,K,A,D,B,9,X,9,6,J,1,1,T,KW,T60,DS,6,17,,8,2600,1600,CON,D,,1,57,1934759,571934759,3,6,98,1,0,0,0,0,0,0,0,998,0,0,0,12,12,2,3,12,0,0,0,1,48,75760,6,1,6,0,3,0,999,999,0,2,0,0,0,8,2008,8,2009,0,0,0,0,0,1,2,50,1,1,8,1,0,0,1,66,1,1,1,88,0,0
48,482339,2,2,1,7,12,6,31,12,6,1,0,48,1,49,32,49032,4,2002,JTDBE32K8200,J,T,D,B,E,3,2,K,8,2,0,0,0,P,TOYT,LXS,4D,2,17,3086,,0,1071,,G,,0,0,000000000,00000000000,0,0,0,1,0,0,0,0,0,0,0,998,0,0,0,9,9,6,2,12,0,0,0,1,48,75785,6,1,0,0,3,0,999,999,1,0,0,0,0,5,2008,5,2008,0,38,0,0,0,1,2,99,8,8,8,1,20,3,1,17,1,1,1,89,1,0
48,482340,1,3,1,7,12,0,2,12,1,1,0,48,1,49,401,49401,14,2000,JT3HN86R7Y03,J,T,3,H,N,8,6,R,7,Y,0,3,0,P,TOYT,RUN,UT,0,17,3885,,0,1053,,G,,0,0,000000000,00000000000,0,0,0,1,0,0,0,0,0,0,0,998,0,1,1,12,9,6,2,12,0,0,0,1,48,78130,6,1,0,0,3,0,999,999,0,0,0,0,0,0,0,0,0,1,28,0,0,0,3,3,65,1,1,8,1,0,0,1,51,1,1,1,24,1,1
48,482340,2,3,1,7,12,0,2,12,1,1,0,48,1,55,37,55037,2,2004,KMHHN65F64U1,K,M,H,H,N,6,5,F,6,4,U,1,0,P,HYUN,TGT,CP,4,17,3015,,0,996,,G,,0,0,000000000,00000000000,0,0,0,1,0,0,0,0,0,0,0,998,0,0,0,12,12,6,2,12,0,0,0,1,48,78666,6,1,0,0,3,3,999,999,1,0,0,0,0,4,2008,4,2008,0,0,0,0,0,3,3,65,1,1,8,1,0,0,1,51,8,2,2,98,0,0
48,482340,3,3,1,7,12,0,2,12,1,1,0,48,3,87,881,87881,66,2000,1XP5DB9X9YN4,1,X,P,5,D,B,9,X,9,Y,N,4,1,T,PTRB,379,DS,0,17,,8,0,0,CON,D,,1,57,1152201,571152201,3,6,98,1,0,0,0,0,0,0,0,998,0,0,0,6,6,2,1,12,0,0,0,1,48,78238,6,1,6,0,3,3,999,999,0,0,0,1,2,8,2008,3,2010,0,0,0,0,0,3,3,65,1,1,8,1,0,0,1,53,1,1,1,25,0,0
48,482341,1,1,1,7,12,6,39,8,0,1,0,48,1,12,481,12481,31,2008,1FTPW12V18FA,1,F,T,P,W,1,2,V,1,8,F,A,0,T,FORD,F1S,CW,8,17,,2,1500,1390,COF,F,,0,0,000000000,00000000000,0,0,0,1,0,0,0,0,0,0,0,998,0,0,0,12,12,4,8,8,0,0,0,1,48,77095,6,1,0,0,3,3,999,999,0,0,0,0,0,0,0,0,0,0,0,0,0,0,5,6,40,1,1,8,1,0,0,1,80,1,1,1,13,0,0
48,482342,1,1,1,7,12,20,6,8,0,1,0,48,1,20,443,20443,20,2001,1GNDX03E11D1,1,G,N,D,X,0,3,E,1,1,D,1,0,T,CHEV,VTR,ES,1,17,,1,0,1200,VTR,G,,0,0,000000000,00000000000,0,0,0,1,0,0,0,0,0,0,0,998,0,0,0,12,12,4,3,8,0,0,0,1,48,77532,6,1,0,0,3,3,999,999,0,0,0,0,0,0,0,0,0,0,0,0,0,0,5,4,40,1,1,8,1,0,0,1,80,1,1,1,13,0,0
48,482343,1,2,1,7,12,6,55,12,2,1,0,48,2,20,39,20039,4,2006,KL1TD56646B6,K,L,1,T,D,5,6,6,4,6,B,6,0,P,CHEV,ABS,4D,6,17,2365,,0,976,,G,,0,0,000000000,00000000000,0,0,0,1,0,0,0,0,0,0,0,998,0,0,0,12,12,6,2,12,0,0,0,1,48,75961,0,0,0,0,0,0,999,999,0,0,0,0,0,0,0,0,0,0,33,0,0,0,1,2,70,1,3,8,1,0,0,6,54,7,1,2,50,1,0
48,482343,2,2,1,7,12,6,55,12,2,1,0,48,3,86,881,86881,66,2010,1M1AN09Y6AM0,1,M,1,A,N,0,9,Y,6,A,M,0,1,T,MACK,CHU,DS,10,17,,8,0,0,600,D,,1,57,3327,573327,3,6,3,1,0,0,0,0,0,0,0,998,7,1,5,12,12,6,2,12,0,0,0,1,48,75935,6,1,6,0,3,0,999,999,0,0,0,0,0,0,0,0,0,0,0,0,0,0,1,2,70,1,3,8,1,0,0,1,62,1,1,1,51,0,0
48,482344,1,1,1,8,12,21,55,20,0,1,0,48,1,7,472,7472,30,2003,1D7HL38N93S1,1,D,7,H,L,3,8,N,9,3,S,1,0,T,DODG,QSP,CW,3,17,,2,0,1309,DAK,G,,0,0,000000000,00000000000,0,0,0,1,0,0,0,0,0,0,0,998,0,1,5,12,13,6,2,1,0,0,0,1,48,75150,6,1,0,0,3,0,999,999,0,0,0,0,0,0,0,0,0,1,0,0,0,0,3,5,60,1,1,8,1,0,0,1,13,1,4,4,2,1,0
48,482345,1,1,1,8,12,19,38,8,0,1,0,48,1,20,481,20481,31,2004,1GCEC19X64Z2,1,G,C,E,C,1,9,X,6,4,Z,2,0,T,CHEV,SC1,4C,4,17,,2,1575,1435,SIL,G,,0,0,000000000,00000000000,0,0,0,1,0,0,0,0,0,0,0,998,0,0,0,2,2,2,1,8,0,0,0,1,48,75150,6,1,0,0,3,0,999,999,0,0,0,0,0,0,0,0,0,0,0,0,0,0,3,3,60,1,1,8,1,0,0,1,80,1,1,1,13,0,0
48,482346,1,1,2,8,12,22,7,59,0,1,0,48,2,24,7,24007,4,2007,1G8AJ55F77Z1,1,G,8,A,J,5,5,F,7,7,Z,1,0,P,STRN,SI2,4D,7,17,2805,,0,1032,,G,,0,0,000000000,00000000000,0,0,0,1,0,0,0,0,0,0,0,998,0,0,0,12,12,6,2,59,0,0,0,1,48,79720,6,1,0,0,3,0,999,999,0,1,0,0,0,6,2008,6,2008,1,0,0,0,0,1,2,40,1,1,8,1,3,3,1,13,1,1,4,1,1,0
48,482347,1,2,1,8,12,4,18,12,2,1,0,48,1,35,39,35039,4,2010,1N4AA5AP9AC8,1,N,4,A,A,5,A,P,9,A,C,8,0,P,NISS,MSV,4D,10,17,3556,,0,1093,,G,,0,0,000000000,00000000000,0,0,0,1,0,0,0,0,0,0,0,998,0,0,0,12,12,6,2,12,32,0,0,1,48,77380,6,1,0,0,3,3,999,999,0,0,0,0,0,0,0,0,0,0,50,0,0,0,4,1,20,2,2,8,1,0,0,14,54,1,1,1,50,1,1
48,482347,2,2,10,8,12,4,18,12,2,1,0,48,3,98,981,98981,52,2007,1N9MMACG17C0,1,N,9,M,M,A,C,G,1,7,C,0,0,U,,,,7,17,,,,,,,,0,88,888888888,88888888888,3,21,22,1,0,0,0,0,6,0,0,998,0,0,0,12,12,4,3,12,0,0,0,1,48,76137,6,1,6,1,3,3,999,999,0,0,0,0,1,10,2010,10,2010,0,0,0,0,0,4,1,20,2,2,8,1,0,0,14,54,1,1,1,51,0,0
48,482348,1,1,1,9,12,10,33,39,0,1,0,48,2,20,481,20481,31,2002,1GCHC29U32E1,1,G,C,H,C,2,9,U,3,2,E,1,0,T,CHEV,2CH,4C,2,17,,2,1575,1435,SIL,G,,0,0,000000000,00000000000,0,0,0,1,0,0,0,0,0,0,0,998,0,0,0,12,12,4,3,39,0,0,0,1,48,75181,6,1,0,0,3,0,75,144,0,0,0,0,0,0,0,0,0,0,0,0,0,0,6,3,40,1,1,8,1,3,3,1,14,1,1,4,14,1,0
48,482349,1,1,1,9,12,23,15,53,0,1,0,48,1,12,481,12481,31,2003,1FTNW21P83ED,1,F,T,N,W,2,1,P,8,3,E,D,0,T,FORD,F2S,CW,3,17,,2,1724,1562,SRW,D,,0,0,000000000,00000000000,0,0,0,1,0,0,0,0,0,0,0,998,0,9,1,1,0,6,2,1,0,0,0,1,48,77632,6,1,0,0,3,0,999,999,0,1,0,1,0,8,2008,11,2008,1,58,0,0,0,1,2,65,2,1,8,1,0,0,14,13,1,1,4,1,1,0
48,482351,1,1,2,10,12,0,30,46,0,1,0,48,2,12,481,12481,31,2006,1FTRF122X6NA,1,F,T,R,F,1,2,2,X,6,N,A,0,T,FORD,F15,PK,6,17,,2,1450,1260,COF,G,,0,0,000000000,00000000000,0,0,0,1,0,0,0,0,0,0,0,998,0,0,0,1,1,6,2,46,0,0,0,1,48,78251,6,1,0,0,3,0,999,999,0,0,0,1,0,7,2008,7,2008,1,0,0,0,0,5,4,40,3,2,8,1,3,3,14,13,1,1,4,1,1,1
48,482352,1,2,1,10,12,10,20,12,6,1,0,48,3,12,881,12881,66,1998,1FDYY92BXWVA,1,F,D,Y,Y,9,2,B,X,W,V,A,1,T,FORD,A95,CC,98,17,,8,2560,1360,COH,D,,1,57,2057839,572057839,3,6,3,1,0,0,0,0,0,0,0,998,0,0,0,3,3,4,3,12,0,0,0,1,48,78520,6,1,6,0,3,0,999,999,0,4,0,0,1,9,2008,10,2009,0,48,0,0,0,2,4,50,1,1,8,1,0,0,11,10,1,1,2,72,0,0
48,482352,2,2,4,10,12,10,20,12,6,1,0,48,2,20,421,20421,15,2005,1GNEC13T75R2,1,G,N,E,C,1,3,T,7,5,R,2,0,P,CHEV,CTA,UT,5,17,4975,,0,1160,,G,,0,0,000000000,00000000000,0,0,0,1,0,0,0,0,0,0,0,67,0,0,0,12,12,4,3,12,0,0,0,1,48,75141,0,0,0,0,0,0,999,999,0,0,0,0,0,0,0,0,0,1,92,0,0,0,2,4,50,1,1,8,1,0,0,1,61,4,1,1,73,1,0
48,482353,1,1,1,10,12,17,21,8,0,1,0,48,2,20,481,20481,31,2000,1GCEC14W9YZ2,1,G,C,E,C,1,4,W,9,Y,Z,2,0,T,CHEV,SC1,PK,0,17,4865,2,1330,1190,SIL,G,,0,0,000000000,00000000000,0,0,0,1,0,0,0,0,0,0,0,998,0,0,0,11,11,2,1,8,0,0,0,1,48,76655,6,1,0,0,3,0,999,999,0,0,0,0,0,0,0,0,0,0,0,0,0,0,1,2,50,1,1,8,1,0,0,1,80,1,1,1,13,0,0
48,482354,1,2,1,10,12,2,30,12,7,1,0,48,1,20,481,20481,31,1996,2GCEK19R2T11,2,G,C,E,K,1,9,R,2,T,1,1,0,T,CHEV,GK1,PC,96,17,,2,1555,1415,GM4,G,,0,0,000000000,00000000000,0,0,0,1,0,0,0,0,0,0,0,998,0,0,0,61,12,6,2,46,0,0,0,1,48,78744,0,0,0,0,0,0,999,999,0,0,0,0,0,0,0,0,0,0,27,0,0,0,3,6,65,1,1,8,1,3,3,15,10,1,1,2,47,1,1
48,482354,2,2,2,10,12,2,30,12,7,1,0,48,2,24,401,24401,14,2005,5GZCZ23DX5S8,5,G,Z,C,Z,2,3,D,X,5,S,8,0,P,STRN,VUE,UT,5,17,3246,,0,1066,,G,,0,0,000000000,00000000000,0,0,0,1,0,0,0,0,0,0,0,0,0,0,0,81,81,2,1,12,0,0,0,1,48,78660,6,1,0,0,3,3,999,999,1,0,0,0,1,12,2008,7,2010,0,0,0,0,0,3,6,65,1,1,8,1,3,3,5,61,1,1,1,45,0,0
48,482355,1,1,1,10,12,18,50,8,0,1,0,48,1,18,2,18002,4,2000,1G4HP54K7YU2,1,G,4,H,P,5,4,K,7,Y,U,2,0,P,BUIC,LCF,4D,0,17,3567,,0,1122,,G,,0,0,000000000,00000000000,0,0,0,1,0,0,0,0,0,0,0,998,0,0,0,12,12,2,3,8,0,0,0,1,48,77901,6,1,0,0,3,0,999,999,0,0,0,0,0,0,0,0,0,0,0,0,0,0,5,2,35,1,3,8,1,99,9,1,80,1,1,1,13,0,0
48,482356,1,1,1,11,12,2,30,32,0,1,0,48,2,23,431,23431,16,2000,1GKEC13T7YJ1,1,G,K,E,C,1,3,T,7,Y,J,1,0,T,GMC,YUK,4W,0,17,,2,0,1160,YUK,G,,0,0,000000000,00000000000,0,0,0,1,0,0,0,0,0,0,0,998,0,1,5,5,3,4,3,38,0,0,0,1,48,75853,6,1,0,0,3,0,999,999,0,0,0,0,0,0,0,0,0,1,0,0,0,0,1,2,55,3,1,8,2,0,0,14,12,8,4,4,7,1,1
48,482357,1,2,5,11,12,8,27,12,6,1,0,48,2,2,404,2404,14,2000,1J4G258NXYC1,1,J,4,G,2,5,8,N,X,Y,C,1,0,T,JEEP,LMT,4W,0,17,,1,0,1059,GCK,G,,0,0,000000000,00000000000,0,0,0,1,0,0,0,0,0,0,0,998,0,0,0,9,9,4,3,12,0,0,0,1,48,77581,6,1,0,0,3,3,999,999,1,0,0,0,0,6,2008,6,2008,0,38,0,0,0,2,2,99,1,1,2,1,20,3,1,17,1,1,1,89,0,0
48,482357,2,2,1,11,12,8,27,12,6,1,0,48,1,72,706,72706,80,2008,1HD1BW5108Y0,1,H,D,1,B,W,5,1,0,8,Y,0,0,M,HD,STC,RS,8,17,,,,,,,1584,0,0,000000000,00000000000,0,0,0,1,0,0,0,0,0,0,0,998,0,0,0,12,12,9,2,12,0,0,0,1,48,77581,6,1,0,0,3,0,999,999,0,0,0,0,0,0,0,0,0,0,0,0,0,0,2,4,55,1,1,1,1,0,0,1,66,1,1,1,88,1,0
48,482358,1,2,4,11,12,4,40,12,7,1,1,48,9,2,404,2404,14,2005,1J4GR48K35C5,1,J,4,G,R,4,8,K,3,5,C,5,0,T,JEEP,LCF,4W,5,17,,1,0,1095,GCK,G,,0,0,000000000,00000000000,0,0,0,1,0,0,0,0,0,0,0,998,0,1,5,62,12,4,3,24,0,0,0,1,99,99999,9,9,99,9,9,9,999,999,99,99,99,99,99,99,9999,99,9999,1,28,0,0,0,3,6,60,2,1,8,1,0,0,14,10,1,1,2,45,1,0
48,482358,2,2,2,11,12,4,40,12,7,1,0,48,2,49,32,49032,4,2010,1NXBU4EE0AZ3,1,N,X,B,U,4,E,E,0,A,Z,3,0,P,TOYT,CBL,4D,10,17,2723,,0,1024,,G,,0,0,000000000,00000000000,0,0,0,1,0,0,0,0,0,0,0,998,0,0,0,4,4,2,1,12,0,0,0,1,48,75057,6,1,0,0,3,3,999,999,0,0,0,0,0,0,0,0,0,0,0,0,0,0,3,6,60,2,1,8,1,0,0,14,61,1,1,1,44,0,0
48,482359,1,1,1,11,12,17,29,19,0,1,0,48,2,24,7,24007,4,2007,1G8AJ55F07Z1,1,G,8,A,J,5,5,F,0,7,Z,1,0,P,STRN,SI2,4D,7,17,2805,,0,1032,,G,,0,0,000000000,00000000000,0,0,0,1,0,0,0,0,0,0,0,998,0,0,0,12,12,4,3,19,0,0,0,1,48,79763,6,1,0,0,3,0,999,999,0,0,0,1,0,10,2008,10,2008,1,91,0,0,0,1,2,30,1,1,8,1,0,0,1,12,1,1,4,6,0,0
48,482360,1,3,1,11,12,22,0,12,7,1,0,48,2,12,3,12003,2,1995,1FALP42TXSF2,1,F,A,L,P,4,2,T,X,S,F,2,0,P,FORD,MGG,CP,95,17,3280,,0,1013,,G,,0,0,000000000,00000000000,0,0,0,1,0,0,0,0,0,0,0,998,0,0,0,11,11,2,3,12,0,0,0,1,48,77092,0,0,0,0,0,0,999,999,0,0,0,0,0,0,0,0,0,1,28,91,0,0,3,5,60,2,3,1,1,0,0,14,10,1,1,2,45,0,1
48,482360,2,3,2,11,12,22,0,12,7,1,0,48,2,7,482,7482,31,2008,1D7HA18N88J1,1,D,7,H,A,1,8,N,8,8,J,1,0,T,DODG,SQ1,CW,8,17,,2,1605,1405,RPC,G,,0,0,000000000,00000000000,0,0,0,1,0,0,0,0,0,0,0,998,0,1,1,4,0,4,3,1,0,0,0,1,48,75954,6,1,0,0,3,0,999,999,0,0,0,1,0,10,2008,10,2008,0,0,0,0,0,3,5,60,2,3,1,1,0,0,14,61,1,1,1,44,1,0
48,482360,3,3,1,11,12,22,0,12,7,1,0,48,1,7,43,7043,2,2001,4B3AG52H11E0,4,B,3,A,G,5,2,H,1,1,E,0,0,P,DODG,SRS,2P,1,17,3098,,0,1037,,G,,0,0,000000000,00000000000,0,0,0,1,0,0,0,0,0,0,0,998,0,0,0,83,62,2,3,25,0,0,0,1,48,77357,4,1,0,0,2,0,999,999,0,0,0,0,0,0,0,0,0,0,0,0,0,0,3,5,60,2,3,1,1,0,0,14,61,1,1,1,98,0,0
48,482361,1,2,4,11,12,20,55,12,2,1,0,48,2,24,1,24001,4,1997,1G8ZG5286VZ1,1,G,8,Z,G,5,2,8,6,V,Z,1,0,P,STRN,SL1,4D,97,17,2264,,0,1024,,G,,0,0,000000000,00000000000,0,0,0,1,0,0,0,0,0,0,0,998,0,0,0,12,12,6,2,12,0,0,0,1,48,75972,0,0,0,0,0,0,999,999,0,0,0,0,0,0,0,0,0,0,28,0,0,0,1,2,55,1,2,8,1,0,0,1,10,1,1,2,50,4,1
48,482361,2,2,1,11,12,20,55,12,2,1,0,48,1,12,441,12441,20,1997,1FMDA31X0VZA,1,F,M,D,A,3,1,X,0,V,Z,A,0,T,FORD,ARO,ES,97,17,,1,0,1190,ARO,G,,0,0,000000000,00000000000,0,0,0,1,0,0,0,0,0,0,0,998,0,0,0,12,12,6,2,12,0,0,0,1,48,75972,6,1,0,0,3,0,999,999,0,0,0,0,0,0,0,0,0,0,0,0,0,0,1,2,55,1,2,8,1,0,0,1,62,1,1,1,51,1,0
48,482362,1,1,1,12,12,23,21,1,0,1,0,48,1,37,32,37032,4,1993,1HGCB7675PA0,1,H,G,C,B,7,6,7,5,P,A,0,0,P,HOND,AEX,4D,93,17,2987,,0,1071,,G,,0,0,000000000,00000000000,0,0,0,1,0,0,0,0,0,0,0,998,0,1,5,0,0,6,2,1,0,0,0,1,48,76258,6,1,0,0,3,0,999,999,0,0,0,1,1,3,2008,2,2009,0,58,0,0,0,1,2,55,1,1,8,1,0,0,1,13,6,4,4,1,1,1