STATE,ST_CASE,VEH_NO,VE_FORMS,NUMOCCS,DAY,MONTH,HOUR,MINUTE,HARM_EV,MAN_COLL,UNITTYPE,HIT_RUN,REG_STAT,OWNER,MAKE,MODEL,MAK_MOD,BODY_TYP,MOD_YEAR,VIN,VIN_1,VIN_2,VIN_3,VIN_4,VIN_5,VIN_6,VIN_7,VIN_8,VIN_9,VIN_10,VIN_11,VIN_12,TOW_VEH,VINTYPE,VINMAKE,VINA_MOD,VIN_BT,VINMODYR,VIN_LNGT,VIN_WGT,WGTCD_TR,WHLBS_LG,WHLBS_SH,SER_TR,FUELCODE,MCYCL_DS,J_KNIFE,MCARR_I1,MCARR_I2,MCARR_ID,GVWR,V_CONFIG,CARGO_BT,HAZ_INV,HAZ_PLAC,HAZ_ID,HAZ_CNO,HAZ_REL,BUS_USE,SPEC_USE,EMER_USE,TRAV_SP,UNDERIDE,ROLLOVER,ROLINLOC,IMPACT1,IMPACT2,DEFORMED,TOWED,M_HARM,VEH_SC1,VEH_SC2,FIRE_EXP,DR_PRES,L_STATE,DR_ZIP,L_STATUS,L_TYPE,CDL_STAT,L_ENDORS,L_COMPL,L_RESTRI,DR_HGT,DR_WGT,PREV_ACC,PREV_SUS,PREV_DWI,PREV_SPD,PREV_OTH,FIRST_MO,FIRST_YR,LAST_MO,LAST_YR,SPEEDREL,DR_SF1,DR_SF2,DR_SF3,DR_SF4,VTRAFWAY,VNUM_LAN,VSPD_LIM,VALIGN,VPROFILE,VPAVETYP,VSURCOND,VTRAFCON,VTCONT_F,P_CRASH1,P_CRASH2,P_CRASH3,PCRASH4,PCRASH5,ACC_TYPE,DEATHS,DR_DRINK
48,482431,1,1,2,30,12,23,39,5,0,1,0,48,2,20,481,20481,31,2000,2GCEC19V3Y13,2,G,C,E,C,1,9,V,3,Y,1,3,0,T,CHEV,SC1,PC,0,17,,2,1575,1435,SIL,G,,0,0,000000000,00000000000,0,0,0,1,0,0,0,0,0,0,0,998,0,0,0,0,0,0,8,5,0,0,0,1,48,75165,0,0,0,0,0,0,999,999,0,0,0,0,0,0,0,0,0,0,0,0,0,0,1,2,30,1,1,8,1,0,0,1,15,1,1,1,0,1,0
48,482432,1,1,1,30,12,5,28,30,0,1,0,48,1,20,4,20004,2,1998,1G1YY22G4W51,1,G,1,Y,Y,2,2,G,4,W,5,1,0,P,CHEV,CVT,CP,98,17,3245,,0,1045,,G,,0,0,000000000,00000000000,0,0,0,1,0,0,0,0,0,0,0,998,0,0,0,10,10,6,2,30,0,0,0,1,48,76054,6,1,0,0,3,0,999,999,0,0,0,1,0,11,2010,11,2010,1,0,0,0,0,1,4,45,1,1,8,2,0,0,6,6,1,3,4,2,1,0
48,482433,1,2,2,31,12,21,5,12,2,1,1,48,9,20,37,20037,4,2003,1G1ND52JX3M6,1,G,1,N,D,5,2,J,X,3,M,6,0,P,CHEV,MAL,4D,3,17,3106,,0,1070,,G,,0,0,000000000,00000000000,0,0,0,1,0,0,0,0,0,0,0,998,0,0,0,12,12,6,2,12,0,0,0,1,99,99999,9,9,99,9,9,9,999,999,99,99,99,99,99,99,9999,99,9999,0,28,0,0,0,1,4,40,1,1,8,1,0,0,1,10,1,1,2,50,0,0
48,482433,2,2,2,31,12,21,5,12,2,1,0,48,2,49,40,49040,2,1995,4T1SK12C6SU6,4,T,1,S,K,1,2,C,6,S,U,6,0,P,TOYT,CLE,CP,95,17,3064,,0,1031,,G,,0,0,000000000,00000000000,0,0,0,1,0,0,0,0,0,0,0,998,0,0,0,12,12,6,2,12,0,0,0,1,48,77090,6,1,0,0,3,0,999,999,0,0,0,0,0,0,0,0,0,0,0,0,0,0,1,4,40,1,1,8,1,0,0,1,62,1,1,1,51,1,0
48,482434,1,2,1,20,12,14,35,12,6,1,0,48,2,35,39,35039,4,1995,JN1CA21D8ST0,J,N,1,C,A,2,1,D,8,S,T,0,0,P,NISS,MGS,4D,95,17,2886,,0,1063,,G,,0,0,000000000,00000000000,0,0,0,1,0,0,0,0,0,0,0,998,0,0,0,11,9,4,3,12,0,0,0,1,48,75159,0,0,0,0,0,0,68,198,0,0,0,0,0,0,0,0,0,1,39,0,0,0,2,5,35,1,1,8,1,3,3,1,17,1,1,1,89,1,0
48,482434,2,2,2,20,12,14,35,12,6,1,0,48,3,12,870,12870,61,2007,1FDWE35L97DB,1,F,D,W,E,3,5,L,9,7,D,B,0,T,FORD,3DC,YY,7,17,,3,1760,1380,CTV,G,,0,57,771623,57771623,2,1,1,1,0,0,0,0,0,0,0,998,0,1,1,12,12,4,3,12,0,0,0,1,48,75074,6,1,0,0,3,0,999,999,0,0,0,2,1,8,2009,9,2009,0,0,0,0,0,1,4,99,8,8,8,1,3,3,1,66,1,1,1,88,0,0
48,482435,1,1,1,20,12,18,55,8,0,1,0,48,1,47,401,47401,14,2006,5S3ET13SX628,5,S,3,E,T,1,3,S,X,6,2,8,0,P,SAA,97X,UT,6,17,4720,,0,1130,,G,,0,0,000000000,00000000000,0,0,0,1,0,0,0,0,0,0,0,998,0,0,0,12,12,2,3,8,0,0,0,1,48,75201,6,1,0,0,3,0,999,999,0,0,0,0,0,0,0,0,0,0,0,0,0,0,2,6,45,1,2,8,1,0,0,1,80,1,1,1,13,0,0
48,482436,1,2,4,20,12,12,15,12,6,1,0,48,1,12,401,12401,14,1998,1FMZU34E8WZA,1,F,M,Z,U,3,4,E,8,W,Z,A,0,P,FORD,EPR,UT,98,17,4146,,0,1115,,G,,0,0,000000000,00000000000,0,0,0,1,0,0,0,0,0,0,0,998,0,0,0,12,12,4,1,12,0,0,0,1,48,79932,6,1,0,0,3,3,999,999,0,0,0,0,0,0,0,0,0,0,38,0,0,0,1,2,99,8,8,8,1,20,3,11,15,1,1,1,82,0,0
48,482436,2,2,1,20,12,12,15,12,6,1,0,48,1,72,706,72706,80,2010,1HD1KB415AB6,1,H,D,1,K,B,4,1,5,A,B,6,0,M,HD,FHX,RS,10,17,,,,,,,1584,0,0,000000000,00000000000,0,0,0,1,0,0,0,0,0,0,0,998,0,0,0,1,1,4,3,12,0,0,0,1,48,79935,6,1,6,0,3,0,999,999,0,0,0,0,0,0,0,0,0,0,0,0,0,0,2,4,40,1,1,8,1,0,0,1,67,1,1,1,83,1,0
48,482437,1,2,1,21,12,15,0,24,0,1,0,48,2,14,6,14006,4,1992,2MECM75WXNX6,2,M,E,C,M,7,5,W,X,N,X,6,0,P,MERC,MGL,4D,92,17,3780,,0,1144,,G,,0,0,000000000,00000000000,0,0,0,1,0,0,0,0,0,0,0,998,0,0,0,9,9,2,3,24,0,0,0,1,40,73569,6,1,0,0,3,0,69,200,0,1,1,0,1,9,2008,8,2009,0,51,0,0,0,1,2,60,1,1,8,1,0,0,1,12,1,1,4,6,0,0
48,482437,2,2,1,21,12,15,0,24,0,1,0,48,1,72,706,72706,80,1995,1HD1DTL15SY6,1,H,D,1,D,T,L,1,5,S,Y,6,0,M,HD,UHS,RS,95,17,,,,,,,1340,0,0,000000000,00000000000,0,0,0,1,0,0,0,0,0,0,0,998,0,0,0,0,99,9,3,1,0,0,0,1,48,76230,6,1,0,0,3,0,68,220,0,0,0,0,0,0,0,0,0,0,0,0,0,0,1,2,60,1,1,8,1,0,0,1,62,3,2,1,98,1,1
48,482438,1,2,1,21,12,2,22,12,2,1,0,48,1,24,2,24002,2,1994,1G8ZH1573RZ1,1,G,8,Z,H,1,5,7,3,R,Z,1,0,P,STRN,SC2,CP,94,17,2302,,0,992,,G,,0,0,000000000,00000000000,0,0,0,1,0,0,0,0,0,0,0,998,0,0,0,12,12,4,3,12,0,0,0,1,48,77304,6,1,0,0,3,3,999,999,0,0,0,0,0,0,0,0,0,0,51,0,0,0,3,4,60,1,1,8,1,0,0,1,54,1,1,1,50,0,1
48,482438,2,2,2,21,12,2,22,12,2,1,0,47,1,42,31,42031,6,1987,WDBEB93D0HF0,W,D,B,E,B,9,3,D,0,H,F,0,0,P,MERZ,TDT,SW,87,17,3550,,0,1102,,D,,0,0,000000000,00000000000,0,0,0,1,0,0,0,0,0,0,0,998,0,0,0,12,12,6,2,12,0,0,0,1,47,90405,6,1,0,0,3,0,67,166,0,0,0,0,0,0,0,0,0,0,0,0,0,0,3,4,60,1,1,8,1,0,0,1,54,6,1,1,51,1,0
48,482439,1,1,1,21,12,11,8,1,0,1,0,48,3,51,881,51881,66,2004,4V4NC9GH44N3,4,V,4,N,C,9,G,H,4,4,N,3,1,T,VOLV,VNL,DS,4,17,,8,0,0,VVN,D,,1,57,425766,57425766,3,6,2,2,2,1203,3,2,0,0,0,998,0,2,5,0,3,6,2,2,0,0,1,1,48,79070,6,1,6,1,3,0,999,999,0,0,0,2,0,6,2008,9,2008,0,0,0,0,0,1,3,70,1,2,8,1,0,0,1,13,6,4,4,1,1,0
48,482440,1,2,1,23,12,18,7,12,6,1,0,48,2,20,481,20481,31,1999,2GCEC19V7X12,2,G,C,E,C,1,9,V,7,X,1,2,0,T,CHEV,SC1,3C,99,17,,2,1575,1435,SIL,G,,0,0,000000000,00000000000,0,0,0,1,0,0,0,0,0,0,0,998,0,0,0,1,1,4,3,12,0,0,0,1,48,78416,6,1,0,0,3,0,999,999,0,0,0,0,0,0,0,0,0,0,38,0,0,0,5,4,30,1,1,8,1,0,0,11,15,1,1,1,68,0,0
48,482440,2,2,1,23,12,18,7,12,6,1,0,48,2,73,705,73705,80,2003,JKBZXJB163A0,J,K,B,Z,X,J,B,1,6,3,A,0,0,M,KAWK,Z3B,RS,3,17,,,,,,,636,0,0,000000000,00000000000,0,0,0,1,0,0,0,0,0,0,0,998,0,0,0,12,12,6,2,12,0,0,0,1,48,78411,1,1,0,0,2,0,999,999,0,4,0,1,0,4,2008,8,2010,0,0,0,0,0,5,4,30,1,1,8,1,0,0,1,62,1,1,1,69,1,0
48,482441,1,2,3,24,12,16,11,12,6,1,0,48,2,20,481,20481,31,1997,1GCEC14W2VZ1,1,G,C,E,C,1,4,W,2,V,Z,1,0,T,CHEV,GC1,PK,97,17,,2,1315,1175,GM4,G,,0,0,000000000,00000000000,0,0,0,1,0,0,0,0,0,0,0,998,0,0,0,83,83,6,2,12,0,0,0,1,48,75220,0,0,0,0,0,0,999,999,0,0,0,0,0,0,0,0,0,0,80,51,92,0,2,3,35,4,1,8,2,0,0,14,1,6,9,6,64,0,0
48,482441,2,2,3,24,12,16,11,12,6,1,0,48,1,52,47,52047,6,2003,JA4LZ41G33U0,J,A,4,L,Z,4,1,G,3,3,U,0,0,P,MITS,OUT,UT,3,17,3461,,0,1033,,G,,0,0,000000000,00000000000,0,0,0,1,0,0,0,0,0,0,0,998,0,0,0,12,12,6,2,12,0,0,0,1,48,75154,6,1,0,0,3,3,999,999,0,0,0,0,0,0,0,0,0,0,0,0,0,0,2,3,35,4,1,8,2,0,0,14,64,1,1,1,65,1,0
48,482442,1,2,2,24,12,14,5,12,8,1,0,48,1,12,481,12481,31,2005,1FTRX12W65NA,1,F,T,R,X,1,2,W,6,5,N,A,0,T,FORD,F15,4C,5,17,,2,1450,1260,COF,G,,0,0,000000000,00000000000,0,0,0,1,0,0,0,0,0,0,0,998,0,0,0,2,2,6,2,12,0,0,0,1,48,75110,6,1,0,0,3,3,999,999,0,0,0,0,0,0,0,0,0,1,51,87,0,0,1,2,70,1,2,8,6,0,0,1,6,4,4,2,64,2,0
48,482442,2,2,3,24,12,14,5,12,8,1,0,48,1,49,402,49402,14,2005,JTEGD20V3500,J,T,E,G,D,2,0,V,3,5,0,0,0,P,TOYT,RV4,UT,5,17,2897,,0,980,,G,,0,0,000000000,00000000000,0,0,0,1,0,0,0,0,0,0,0,998,0,0,0,10,10,6,2,12,0,0,0,1,48,77845,6,1,0,0,3,3,999,999,0,0,0,0,0,0,0,0,0,0,0,0,0,0,1,2,70,1,2,8,6,0,0,1,62,1,1,1,65,2,0
48,482443,1,1,1,24,12,15,34,17,0,1,0,48,1,20,481,20481,31,2003,2GCEC19V3312,2,G,C,E,C,1,9,V,3,3,1,2,0,T,CHEV,SC1,4C,3,17,,2,1575,1435,SIL,G,,0,0,000000000,00000000000,0,0,0,1,0,0,0,0,0,0,0,998,0,1,5,9,9,6,2,1,0,0,0,1,48,75050,6,1,0,0,3,3,999,999,0,0,0,0,0,0,0,0,0,0,58,0,0,0,2,2,35,4,1,8,2,0,0,14,9,7,3,4,2,1,0
48,482444,1,1,1,25,12,14,5,42,0,1,0,48,2,12,17,12017,4,1995,1FALP52U1SA1,1,F,A,L,P,5,2,U,1,S,A,1,0,P,FORD,TGS,4D,95,17,3118,,0,1060,,G,,0,0,000000000,00000000000,0,0,0,1,0,0,0,0,0,0,0,998,0,0,0,12,12,6,2,2,0,0,1,1,48,77615,6,1,0,0,3,0,999,999,0,0,0,0,0,0,0,0,0,1,58,0,0,0,1,2,65,3,1,8,1,0,0,14,13,6,1,4,6,1,1
48,482445,1,1,99,28,12,18,10,8,0,1,1,99,9,99,999,99999,99,9999,999999999999,9,9,9,9,9,9,9,9,9,9,9,9,0,U,,,,9,17,,,,,,,,0,0,000000000,00000000000,0,0,0,1,0,0,0,0,0,0,0,998,0,0,0,12,12,9,1,8,0,0,0,1,99,99999,9,9,99,0,9,9,999,999,99,99,99,99,99,99,9999,99,9999,0,0,0,0,0,1,2,98,8,8,8,2,20,3,11,80,99,9,3,13,0,0
48,482446,1,1,99,1,12,21,45,8,0,1,1,99,9,99,999,99999,99,9999,999999999999,9,9,9,9,9,9,9,9,9,9,9,9,0,U,,,,9,17,,,,,,,,0,0,000000000,00000000000,0,0,0,1,0,0,0,0,0,0,0,998,0,0,0,12,12,9,1,8,0,0,0,1,99,99999,9,9,99,0,9,9,999,999,99,99,99,99,99,99,9999,99,9999,0,91,0,0,0,3,5,60,1,1,8,1,0,0,99,80,99,9,3,13,0,0
48,482447,1,1,1,1,12,21,3,46,0,1,0,48,2,49,32,49032,4,2000,1NXBR12E6YZ3,1,N,X,B,R,1,2,E,6,Y,Z,3,0,P,TOYT,UVL,4D,0,17,2403,,0,970,,G,,0,0,000000000,00000000000,0,0,0,1,0,0,0,0,0,0,0,998,0,1,5,12,12,6,2,46,0,0,0,1,48,77429,6,1,0,0,3,0,999,999,0,0,0,2,0,1,2010,5,2010,1,0,0,0,0,3,2,35,2,1,8,2,1,3,14,13,1,1,4,1,1,0
48,482448,1,1,2,1,12,17,25,42,0,1,0,48,1,7,43,7043,2,2004,4B3AG52H44E1,4,B,3,A,G,5,2,H,4,4,E,1,0,P,DODG,SRS,2P,4,17,3170,,0,1037,,G,,0,0,000000000,00000000000,0,0,0,1,0,0,0,0,0,0,0,998,0,0,0,9,9,6,2,42,0,0,0,1,48,78102,6,1,0,0,3,0,999,999,0,0,0,0,0,0,0,0,0,1,58,0,0,0,1,2,65,3,1,8,1,0,0,14,8,7,3,4,2,1,0
48,482449,1,2,1,2,12,13,30,12,6,1,0,92,0,12,3,12003,2,2004,1FAFP40654F1,1,F,A,F,P,4,0,6,5,4,F,1,0,P,FORD,MUS,CP,4,17,3114,,0,1013,,G,1450,0,0,000000000,00000000000,0,0,0,1,0,0,0,0,0,0,0,998,0,0,0,10,10,4,3,12,0,0,0,1,48,75287,6,1,0,0,3,3,999,999,0,0,0,0,0,0,0,0,0,0,38,39,0,0,2,2,40,1,2,8,1,3,3,1,17,1,1,1,89,0,0
48,482449,2,2,1,2,12,13,30,12,6,1,0,48,1,72,706,72706,80,2006,1HD1FRW136Y6,1,H,D,1,F,R,W,1,3,6,Y,6,0,M,HD,FCI,RS,6,17,,,,,,,1450,0,0,000000000,00000000000,0,0,0,1,0,0,0,0,0,0,0,998,0,0,0,12,12,9,2,12,0,0,0,1,48,75219,6,1,0,0,2,0,999,999,0,0,0,0,0,0,0,0,0,0,0,0,0,0,4,2,98,8,8,8,1,3,3,1,66,1,1,1,88,1,0
48,482450,1,1,2,2,12,3,30,21,0,1,0,18,3,84,881,84881,66,2009,2HSCUAPR69C0,2,H,S,C,U,A,P,R,6,9,C,0,2,T,INTL,PPR,DS,9,17,,8,0,0,PRO,D,,1,57,29124,5729124,3,7,1,1,0,0,0,0,0,0,0,998,0,0,0,12,12,6,2,21,0,0,0,1,48,75163,6,1,6,1,3,3,999,999,0,0,0,0,1,3,2009,3,2009,0,0,0,0,0,2,2,70,2,1,8,1,0,0,14,12,1,1,4,6,1,0
48,482451,1,2,1,2,12,18,15,12,2,1,0,48,2,22,18,22018,4,2004,1G2NF52E24M5,1,G,2,N,F,5,2,E,2,4,M,5,0,P,PONT,SE1,4D,4,17,3066,,0,1070,,G,,0,0,000000000,00000000000,0,0,0,1,0,0,0,0,0,0,0,998,0,0,0,12,10,6,2,12,0,0,0,1,48,79830,6,1,0,0,3,3,999,999,0,0,0,0,0,0,0,0,0,0,33,0,0,0,1,2,70,1,1,8,1,0,0,6,10,6,1,2,58,1,0
48,482451,2,2,3,2,12,18,15,12,2,1,0,48,2,49,482,49482,31,2005,5TEMU52N95Z0,5,T,E,M,U,5,2,N,9,5,Z,0,0,T,TOYT,DBD,CW,5,17,,1,0,1409,TAC,G,,0,0,000000000,00000000000,0,0,0,1,0,0,0,0,0,0,0,998,0,1,5,12,11,4,3,12,0,0,0,1,48,79734,6,1,0,0,3,3,999,999,0,0,0,0,0,0,0,0,0,0,0,0,0,0,1,2,70,1,1,8,1,0,0,1,62,7,1,3,59,0,0
48,482452,1,2,1,2,12,20,13,12,6,1,0,48,3,82,881,82881,66,1996,1FUYDSEB4TH8,1,F,U,Y,D,S,E,B,4,T,H,8,1,T,FRHT,FLD,DS,96,17,,8,0,0,CON,D,,3,57,02084744,5702084744,3,6,3,1,0,0,0,0,0,0,0,998,0,0,0,9,9,4,3,12,0,0,0,1,48,77067,6,1,6,0,3,0,999,999,0,0,0,0,1,7,2008,7,2008,0,0,0,0,0,2,4,65,1,2,8,1,0,0,1,64,1,1,1,65,0,0
48,482452,2,2,2,2,12,20,13,12,6,1,0,39,4,41,52,41052,6,2010,JM1CR2WL5A03,J,M,1,C,R,2,W,L,5,A,0,3,0,P,MAZD,MA5,4H,10,17,3422,,0,1083,,G,,0,0,000000000,00000000000,0,0,0,1,0,0,0,0,0,0,0,998,0,0,0,12,12,6,2,12,0,0,0,1,29,63139,2,1,0,0,2,0,999,999,0,3,0,3,1,8,2008,11,2010,1,37,0,0,0,2,4,65,1,2,8,1,0,0,3,6,6,4,4,64,2,0
48,482453,1,2,1,2,12,22,58,12,6,1,0,48,1,12,481,12481,31,2002,1FTSW31F42EA,1,F,T,S,W,3,1,F,4,2,E,A,0,T,FORD,F3S,CW,2,17,,2,1724,1562,SRW,D,,0,0,000000000,00000000000,0,0,0,1,0,0,0,0,0,0,0,998,0,0,0,12,12,4,3,12,0,0,0,1,48,75862,6,1,6,0,3,0,999,999,0,0,0,2,1,8,2008,6,2009,0,91,33,0,0,1,2,45,3,1,8,1,0,0,6,10,1,1,2,73,0,1
48,482453,2,2,2,2,12,22,58,12,6,1,0,48,1,20,481,20481,31,2008,2GCEC13J3811,2,G,C,E,C,1,3,J,3,8,1,1,0,T,CHEV,SC1,CW,8,17,,2,0,1435,SIL,G,,0,0,000000000,00000000000,0,0,0,1,0,0,0,0,0,0,0,998,0,0,0,8,8,6,2,12,0,0,0,1,48,75862,6,1,0,0,3,0,999,999,0,0,0,0,0,0,0,0,0,0,0,0,0,0,1,2,45,3,1,8,1,0,0,11,15,1,1,1,72,1,1
48,482454,1,1,1,3,12,21,53,39,0,1,0,48,1,72,706,72706,80,2007,1HD1JA5147Y0,1,H,D,1,J,A,5,1,4,7,Y,0,0,M,HD,XTB,RS,7,17,,,,,,,1584,0,0,000000000,00000000000,0,0,0,1,0,0,0,0,0,0,0,998,0,0,0,12,12,9,2,39,0,0,0,1,48,75219,6,1,0,0,3,0,70,206,0,4,1,0,0,2,2008,7,2010,1,39,0,0,0,1,2,30,1,1,8,1,20,3,1,14,1,1,4,14,1,1
48,482455,1,1,1,3,12,14,30,8,0,1,0,48,1,12,481,12481,31,1995,1FTEX15H5SKA,1,F,T,E,X,1,5,H,5,S,K,A,0,T,FORD,F15,PS,95,17,,2,1550,1390,COF,G,,0,0,000000000,00000000000,0,0,0,1,0,0,0,0,0,0,0,998,0,0,0,99,99,0,1,8,0,0,0,1,48,77379,6,1,0,0,3,3,999,999,0,0,0,0,0,0,0,0,0,0,0,0,0,0,1,3,45,1,1,8,1,2,3,3,80,1,1,1,13,0,0
48,482456,1,1,1,3,12,20,30,8,0,1,0,48,2,14,4,14004,2,1995,1MELM62W7SH6,1,M,E,L,M,6,2,W,7,S,H,6,0,P,MERC,XR7,2D,95,17,3533,,0,1130,,G,,0,0,000000000,00000000000,0,0,0,1,0,0,0,0,0,0,0,998,0,0,0,2,2,2,9,8,0,0,0,1,48,78238,6,1,0,0,3,0,999,999,1,2,1,2,0,2,2008,5,2010,0,0,0,0,0,5,2,99,1,1,8,1,0,0,1,80,6,1,1,13,0,0
48,482457,1,1,1,3,12,3,8,30,0,1,0,48,2,20,431,20431,16,1990,1GNER16K6LF1,1,G,N,E,R,1,6,K,6,L,F,1,0,P,CHEV,R15,UT,90,17,4301,,0,1295,,G,,0,0,000000000,00000000000,0,0,0,1,0,0,0,0,0,0,0,998,0,1,5,12,12,6,2,30,0,0,0,1,48,75602,1,1,0,0,2,0,66,146,0,4,0,0,0,3,2008,4,2010,1,39,37,0,0,1,2,40,3,2,8,1,3,3,14,12,1,1,4,6,1,1
48,482458,1,1,1,4,12,9,2,35,0,1,0,48,1,20,482,20482,31,2004,3GNEC12T34G3,3,G,N,E,C,1,2,T,3,4,G,3,0,P,CHEV,AVL,UT,4,17,5437,,0,1300,,G,,0,0,000000000,00000000000,0,0,0,1,0,0,0,0,0,0,0,998,0,1,6,12,12,6,2,35,0,0,0,1,48,75961,6,1,0,0,3,3,999,999,1,0,0,1,1,11,2008,12,2009,0,0,0,0,0,5,4,60,1,2,8,1,0,0,1,12,1,1,4,6,1,0
48,482459,1,1,1,4,12,17,16,9,0,1,0,48,2,2,404,2404,14,1997,1J4FJ28S6VL5,1,J,4,F,J,2,8,S,6,V,L,5,0,T,JEEP,CSE,4W,97,17,,1,0,1014,CHK,G,,0,0,000000000,00000000000,0,0,0,1,0,0,0,0,0,0,0,998,0,0,0,1,1,4,1,9,0,0,0,1,48,78223,0,0,0,0,0,0,999,999,0,0,0,0,0,0,0,0,0,0,0,0,0,0,4,2,50,1,1,8,1,0,0,1,83,1,1,1,13,0,0
48,482460,1,1,1,4,12,1,42,30,0,1,0,48,2,82,883,82883,66,2003,1FUJA9AS03LA,1,F,U,J,A,9,A,S,0,3,L,A,1,T,FRHT,ST1,DS,3,17,,8,0,0,CON,D,,1,57,2038676,572038676,3,6,1,1,0,0,0,0,0,0,0,998,0,0,0,12,12,6,2,30,0,0,1,1,48,79027,6,1,6,0,3,0,999,999,1,0,0,0,2,11,2008,9,2010,0,0,0,0,0,1,2,65,1,1,8,1,0,0,1,13,1,1,4,1,1,0
48,482461,1,2,1,4,12,18,40,12,2,1,0,48,1,37,32,37032,4,2008,JHMCP26368C0,J,H,M,C,P,2,6,3,6,8,C,0,0,P,HOND,ULX,4D,8,17,3274,,0,1102,,G,,0,0,000000000,00000000000,0,0,0,1,0,0,0,0,0,0,0,998,0,0,0,12,12,4,3,12,0,0,0,1,48,78133,6,1,0,0,3,3,999,999,0,0,0,1,0,6,2010,6,2010,0,51,91,0,0,1,2,45,1,2,8,1,0,0,1,10,1,1,2,50,0,1
48,482461,2,2,1,4,12,18,40,12,2,1,0,48,1,72,706,72706,80,2005,1HD1FYW195Y6,1,H,D,1,F,Y,W,1,9,5,Y,6,0,M,HD,RSI,RS,5,17,,,,,,,1450,0,0,000000000,00000000000,0,0,0,1,0,0,0,0,0,0,0,998,0,0,0,12,12,9,2,12,0,0,0,1,48,78133,6,1,0,0,3,0,999,999,0,0,0,0,0,0,0,0,0,0,0,0,0,0,1,2,45,1,2,8,1,0,0,1,62,1,1,1,51,1,1
48,482462,1,1,2,4,12,18,3,8,0,1,0,48,1,12,3,12003,2,2008,1ZVHT80N7851,1,Z,V,H,T,8,0,N,7,8,5,1,0,P,FORD,MUS,CP,8,17,3300,,0,1071,,G,,0,0,000000000,00000000000,0,0,0,1,0,0,0,0,0,0,0,998,0,0,0,12,12,2,1,8,0,0,0,1,48,75650,6,1,0,0,3,3,999,999,0,0,0,0,0,0,0,0,0,0,0,0,0,0,5,4,45,1,1,8,1,0,0,1,80,1,1,1,13,0,0
48,482463,1,1,1,4,12,4,50,30,0,1,0,48,2,37,32,37032,2,1996,1HGCD7161TA0,1,H,G,C,D,7,1,6,1,T,A,0,0,P,HOND,UEX,CP,96,17,2864,,0,1069,,G,,0,0,000000000,00000000000,0,0,0,1,0,0,0,0,0,0,0,998,0,0,0,9,9,6,2,30,0,0,0,1,48,77379,0,0,0,0,0,0,999,999,0,0,0,0,0,0,0,0,0,0,58,0,0,0,1,2,45,2,2,8,1,0,0,14,8,7,3,4,2,1,1
48,482464,1,1,1,4,12,2,6,59,0,1,0,48,1,19,22,19022,4,2006,1G6KD57Y26U1,1,G,6,K,D,5,7,Y,2,6,U,1,0,P,CADI,TDS,4D,6,17,4009,,0,1156,,G,,0,0,000000000,00000000000,0,0,0,1,0,0,0,0,0,0,0,998,0,0,0,12,12,6,2,59,32,0,0,1,48,76308,6,1,0,0,3,3,999,999,0,0,0,0,0,0,0,0,0,0,0,0,0,0,6,2,60,3,1,8,1,0,0,14,13,7,9,4,1,1,0
48,482465,1,3,1,4,12,9,51,12,11,1,0,92,0,18,4,18004,4,1996,1G4BT52P5TR4,1,G,4,B,T,5,2,P,5,T,R,4,0,P,BUIC,RDL,4D,96,17,4244,,0,1159,,G,,0,0,000000000,00000000000,0,0,0,1,0,0,0,0,0,0,0,998,0,0,0,11,11,6,2,12,0,0,0,1,48,78641,0,0,0,0,0,0,999,999,0,4,0,1,1,10,2008,6,2010,0,58,91,0,0,1,2,55,1,2,8,1,0,0,1,10,1,1,2,66,0,0
48,482465,2,3,1,4,12,9,51,12,11,1,0,48,1,20,441,20441,20,2000,1GNDM19W9YB1,1,G,N,D,M,1,9,W,9,Y,B,1,0,T,CHEV,AST,ES,0,17,,1,0,1112,AST,G,,0,0,000000000,00000000000,0,0,0,1,0,0,0,0,0,0,0,998,0,1,5,10,10,6,2,12,0,0,0,1,48,78641,6,1,0,0,3,0,999,999,0,0,0,1,0,4,2009,4,2009,0,0,0,0,0,1,2,55,1,2,8,1,0,0,1,62,1,1,1,66,1,0
48,482465,3,3,2,4,12,9,51,12,11,1,0,48,1,12,442,12442,20,1999,2FMZA534XXBA,2,F,M,Z,A,5,3,4,X,X,B,A,0,T,FORD,WSL,ES,99,17,,1,0,1207,WIN,G,,0,0,000000000,00000000000,0,0,0,1,0,0,0,0,0,0,0,998,0,0,0,1,1,2,1,12,0,0,0,1,48,78641,6,1,0,0,3,0,999,999,0,0,0,0,0,0,0,0,0,0,0,0,0,0,1,2,55,1,2,8,1,0,0,1,62,1,1,1,98,0,0
48,482466,1,1,99,5,12,3,20,8,0,1,1,99,9,99,999,99999,99,9999,999999999999,9,9,9,9,9,9,9,9,9,9,9,9,0,U,,,,9,17,,,,,,,,0,0,000000000,00000000000,0,0,0,1,0,0,0,0,0,0,0,998,0,0,0,99,99,9,1,8,0,0,0,1,99,99999,9,9,99,0,9,9,999,999,99,99,99,99,99,99,9999,99,9999,0,91,0,0,0,3,3,60,1,1,8,1,0,0,99,11,99,9,4,13,0,0