STATE,ST_CASE,VEH_NO,VE_FORMS,NUMOCCS,DAY,MONTH,HOUR,MINUTE,HARM_EV,MAN_COLL,UNITTYPE,HIT_RUN,REG_STAT,OWNER,MAKE,MODEL,MAK_MOD,BODY_TYP,MOD_YEAR,VIN,VIN_1,VIN_2,VIN_3,VIN_4,VIN_5,VIN_6,VIN_7,VIN_8,VIN_9,VIN_10,VIN_11,VIN_12,TOW_VEH,VINTYPE,VINMAKE,VINA_MOD,VIN_BT,VINMODYR,VIN_LNGT,VIN_WGT,WGTCD_TR,WHLBS_LG,WHLBS_SH,SER_TR,FUELCODE,MCYCL_DS,J_KNIFE,MCARR_I1,MCARR_I2,MCARR_ID,GVWR,V_CONFIG,CARGO_BT,HAZ_INV,HAZ_PLAC,HAZ_ID,HAZ_CNO,HAZ_REL,BUS_USE,SPEC_USE,EMER_USE,TRAV_SP,UNDERIDE,ROLLOVER,ROLINLOC,IMPACT1,IMPACT2,DEFORMED,TOWED,M_HARM,VEH_SC1,VEH_SC2,FIRE_EXP,DR_PRES,L_STATE,DR_ZIP,L_STATUS,L_TYPE,CDL_STAT,L_ENDORS,L_COMPL,L_RESTRI,DR_HGT,DR_WGT,PREV_ACC,PREV_SUS,PREV_DWI,PREV_SPD,PREV_OTH,FIRST_MO,FIRST_YR,LAST_MO,LAST_YR,SPEEDREL,DR_SF1,DR_SF2,DR_SF3,DR_SF4,VTRAFWAY,VNUM_LAN,VSPD_LIM,VALIGN,VPROFILE,VPAVETYP,VSURCOND,VTRAFCON,VTCONT_F,P_CRASH1,P_CRASH2,P_CRASH3,PCRASH4,PCRASH5,ACC_TYPE,DEATHS,DR_DRINK
48,482467,1,2,1,5,12,1,49,24,0,1,0,48,2,20,481,20481,31,2008,2GCEC1307811,2,G,C,E,C,1,3,0,7,8,1,1,0,T,CHEV,SC1,CW,8,17,,2,0,1435,SIL,F,,0,0,000000000,00000000000,0,0,0,1,0,0,0,0,0,0,0,998,0,1,3,9,9,6,2,1,0,0,0,1,48,78736,6,1,0,0,3,0,999,999,0,0,0,1,0,3,2010,3,2010,1,0,0,0,0,2,3,65,3,1,8,1,0,0,14,13,1,1,4,1,1,1
48,482467,2,2,1,5,12,1,49,24,0,1,0,48,2,37,31,37031,4,2000,2HGEJ6616YH5,2,H,G,E,J,6,6,1,6,Y,H,5,0,P,HOND,UCE,4D,0,17,2388,,0,1032,,G,,0,0,000000000,00000000000,0,0,0,1,0,0,0,0,0,0,0,998,0,0,0,2,2,4,3,54,0,0,0,1,48,78735,6,1,0,0,3,3,999,999,0,0,0,0,0,0,0,0,0,0,0,0,0,0,2,3,65,3,1,8,1,0,0,14,98,1,1,1,98,0,0
48,482468,1,1,1,6,12,15,45,1,0,1,0,20,2,72,706,72706,80,2008,1HD1FC4168Y6,1,H,D,1,F,C,4,1,6,8,Y,6,0,M,HD,FLU,RS,8,17,,,,,,,1584,0,0,000000000,00000000000,0,0,0,1,0,0,0,0,0,0,0,998,0,0,0,0,0,9,2,1,0,0,0,1,20,66032,6,1,0,0,3,0,72,160,0,0,0,0,0,0,0,0,0,0,85,0,0,0,2,4,60,1,1,8,1,0,0,1,61,6,9,4,7,1,0
48,482469,1,2,2,6,12,18,54,8,0,1,0,48,2,20,431,20431,16,2001,3GNFK16T31G1,3,G,N,F,K,1,6,T,3,1,G,1,0,P,CHEV,K15,UT,1,17,5123,,0,1300,,G,,0,0,000000000,00000000000,0,0,0,1,0,0,0,0,0,0,0,998,0,0,0,12,12,4,3,8,0,0,0,1,48,77523,6,1,0,0,3,0,999,999,0,0,0,0,0,0,0,0,0,0,0,0,0,0,2,2,65,1,1,8,1,0,0,1,80,1,1,1,13,0,0
48,482469,2,2,0,6,12,18,54,8,0,1,0,48,6,12,481,12481,31,2003,1FTNW20L03EB,1,F,T,N,W,2,0,L,0,3,E,B,0,T,FORD,F2S,CW,3,17,,2,1724,1562,SRW,G,,0,0,000000000,00000000000,0,0,0,1,0,0,0,0,0,0,0,0,0,0,0,6,6,4,3,12,0,0,0,0,,,,,,,,,999,,,,,,,,,,,,54,0,0,0,2,2,65,1,1,8,1,0,0,0,98,0,0,0,98,0,0
48,482470,1,2,1,6,12,15,1,12,11,1,0,5,3,87,881,87881,66,2000,1XP5DB9X8YN4,1,X,P,5,D,B,9,X,8,Y,N,4,1,T,PTRB,379,DS,0,17,,8,0,0,CON,D,,1,57,01237221,5701237221,3,6,4,1,0,0,0,0,0,0,0,998,0,0,0,3,3,2,3,12,0,0,0,1,48,75217,6,1,6,0,3,0,999,999,1,0,0,0,0,5,2008,5,2008,0,38,39,91,0,2,2,65,1,1,8,1,21,3,11,15,1,1,1,68,0,0
48,482470,2,2,1,6,12,15,1,12,11,1,0,48,1,49,401,49401,14,1994,JT3VN39W0R01,J,T,3,V,N,3,9,W,0,R,0,1,0,P,TOYT,RUN,UT,94,17,4165,,0,1033,,G,,0,0,000000000,00000000000,0,0,0,1,0,0,0,0,0,0,0,998,3,0,0,13,13,9,2,12,0,0,0,1,48,75662,6,1,0,0,3,0,999,999,0,0,0,0,0,0,0,0,0,0,0,0,0,0,2,2,65,1,1,8,1,0,0,1,66,4,1,1,69,1,0
48,482471,1,1,1,2,10,1,18,34,0,1,0,48,2,12,17,12017,4,1999,1FAFP53S8XA2,1,F,A,F,P,5,3,S,8,X,A,2,0,P,FORD,SCS,4D,99,17,3353,,0,1085,,G,,0,0,000000000,00000000000,0,0,0,1,0,0,0,0,0,0,0,998,0,1,5,99,0,6,2,1,0,0,0,1,48,77803,6,1,0,0,3,3,999,999,0,0,0,0,0,0,0,0,0,0,0,0,0,0,2,4,60,3,1,8,1,0,0,14,12,1,4,4,7,1,1
48,482472,1,2,1,2,10,12,10,12,2,1,0,48,2,20,421,20421,15,2005,1GNEC13Z55J2,1,G,N,E,C,1,3,Z,5,5,J,2,0,P,CHEV,CTA,UT,5,17,4975,,0,1160,,F,,0,0,000000000,00000000000,0,0,0,1,0,0,0,0,0,0,0,998,0,0,0,12,12,6,2,12,0,0,0,1,48,75161,6,1,0,0,3,0,999,999,0,0,0,0,0,0,0,0,0,0,51,0,0,0,1,2,55,2,1,8,1,0,0,14,10,1,1,2,50,0,0
48,482472,2,2,2,2,10,12,10,12,2,1,0,48,2,12,422,12422,15,2008,1FMFU19568LA,1,F,M,F,U,1,9,5,6,8,L,A,0,P,FORD,EPT,UT,8,17,5578,,0,1190,,G,,0,0,000000000,00000000000,0,0,0,1,0,0,0,0,0,0,0,998,0,0,0,12,12,6,2,12,0,0,0,1,48,75474,6,1,0,0,3,0,999,999,0,1,0,2,0,6,2008,1,2009,0,0,0,0,0,1,2,55,3,1,8,1,0,0,14,62,1,1,1,51,1,0
48,482473,1,1,1,7,10,15,50,42,0,1,0,48,2,7,482,7482,31,2004,1D7HU18D74S7,1,D,7,H,U,1,8,D,7,4,S,7,0,T,DODG,SQ1,CW,4,17,,2,1605,1405,RPC,G,,0,0,000000000,00000000000,0,0,0,1,0,0,0,0,0,0,0,998,0,0,0,12,12,4,3,42,0,0,0,1,48,75501,6,1,6,0,3,0,999,999,0,0,0,0,0,0,0,0,0,1,0,0,0,0,1,2,45,2,1,8,1,0,0,14,12,1,1,4,6,1,0
48,482474,1,2,2,8,10,18,17,12,2,1,0,48,1,12,481,12481,31,1998,1FTZX1766WKB,1,F,T,Z,X,1,7,6,6,W,K,B,1,T,FORD,F15,3C,98,17,,1,1570,1390,COF,G,,1,0,000000000,00000000000,0,0,0,1,0,0,0,0,0,0,0,998,0,0,0,12,12,6,2,12,0,0,0,1,48,76240,6,1,0,0,3,0,999,999,0,0,0,0,0,0,0,0,0,0,26,35,0,0,1,2,65,1,1,8,1,0,0,1,10,1,2,2,54,0,0
48,482474,2,2,2,8,10,18,17,12,2,1,0,48,1,37,32,37032,2,2003,1HGCM71603A0,1,H,G,C,M,7,1,6,0,3,A,0,0,P,HOND,UEX,CP,3,17,3047,,0,1051,,G,,0,0,000000000,00000000000,0,0,0,1,0,0,0,0,0,0,0,998,0,0,0,12,12,6,2,12,0,0,0,1,48,76240,6,1,0,0,3,0,999,999,0,0,0,0,0,0,0,0,0,0,0,0,0,0,1,2,65,1,1,8,1,0,0,1,62,1,1,1,55,1,0
48,482475,1,2,2,8,10,23,38,12,1,1,0,48,2,20,422,20422,15,2010,1GNUCKE06AR2,1,G,N,U,C,K,E,0,6,A,R,2,0,P,CHEV,C15,UT,10,17,5607,,0,1300,,F,,0,0,000000000,00000000000,0,0,0,1,0,0,0,0,0,0,0,998,0,1,1,12,12,6,2,12,0,0,0,1,48,77023,6,1,0,0,3,0,999,999,0,2,0,1,0,12,2008,2,2010,1,37,0,0,0,1,4,35,1,1,1,1,0,0,1,51,1,1,1,24,0,1
48,482475,2,2,2,8,10,23,38,12,1,1,0,48,2,49,32,49032,4,1997,2T1BA02E6VC2,2,T,1,B,A,0,2,E,6,V,C,2,0,P,TOYT,UCC,4D,97,17,2337,,0,970,,G,,0,0,000000000,00000000000,0,0,0,1,0,0,0,0,0,0,0,998,0,0,0,6,6,6,2,12,0,0,0,1,48,77099,6,1,0,0,3,0,999,999,0,0,0,0,0,0,0,0,0,0,0,0,0,0,1,4,35,1,1,1,1,0,0,1,53,1,1,1,25,1,0
48,482476,1,1,1,8,10,22,48,1,0,1,0,48,1,2,404,2404,14,2003,1J4GX48SX3C6,1,J,4,G,X,4,8,S,X,3,C,6,0,T,JEEP,LRO,4W,3,17,,1,0,1059,GCK,G,,0,0,000000000,00000000000,0,0,0,1,0,0,0,0,0,0,0,68,0,1,5,0,0,6,2,1,0,0,0,1,48,75778,6,1,0,0,3,0,67,157,0,0,0,1,1,2,2009,12,2009,1,0,0,0,0,1,2,55,2,2,8,1,0,0,14,12,1,1,4,6,1,1
48,482478,1,1,5,9,10,13,13,1,0,1,0,48,2,7,482,7482,31,2002,3D7HU18N92G1,3,D,7,H,U,1,8,N,9,2,G,1,0,T,DODG,Q15,CW,2,17,,2,1605,1405,RPC,G,,0,0,000000000,00000000000,0,0,0,1,0,0,0,0,0,0,0,998,0,1,1,0,0,6,2,1,0,0,0,1,48,75704,6,1,0,0,3,0,999,999,0,0,0,0,0,0,0,0,0,0,0,0,0,0,2,4,65,1,1,8,1,0,0,1,1,7,3,6,98,1,0
48,482479,1,2,1,11,10,13,40,12,8,1,0,48,2,52,37,52037,2,1998,4A3AX35G7WE1,4,A,3,A,X,3,5,G,7,W,E,1,0,P,MITS,SGS,CV,98,17,2888,,0,988,,G,,0,0,000000000,00000000000,0,0,0,1,0,0,0,0,0,0,0,998,0,0,0,1,1,6,2,12,0,0,0,1,48,78840,6,1,0,0,3,0,999,999,0,0,0,0,1,7,2010,7,2010,0,0,0,0,0,1,2,70,1,1,8,1,0,0,1,10,1,1,2,64,1,0
48,482479,2,2,1,11,10,13,40,12,8,1,0,48,3,82,881,82881,66,2010,1FUBC5CV6ADA,1,F,U,B,C,5,C,V,6,A,D,A,1,T,FRHT,11M,DS,10,17,,8,0,0,FM2,D,,1,57,115479,57115479,3,6,1,1,0,0,0,0,0,0,0,998,0,0,0,9,9,6,2,12,0,0,0,1,48,78240,6,1,6,0,3,0,999,999,0,0,0,0,0,0,0,0,0,0,0,0,0,0,1,2,70,1,1,8,1,0,0,1,62,7,1,1,65,0,0
48,482480,1,1,1,12,10,4,40,8,0,1,0,48,1,63,402,63402,14,2008,KNDJD7351858,K,N,D,J,D,7,3,5,1,8,5,8,0,P,KIA,SOR,UT,8,17,4068,,0,1067,,G,,0,0,000000000,00000000000,0,0,0,1,0,0,0,0,0,0,0,998,0,0,0,12,12,4,9,8,0,0,0,1,48,78253,6,1,0,0,3,0,999,999,0,0,0,0,0,0,0,0,0,0,0,0,0,0,5,4,40,1,1,8,1,0,0,1,80,99,1,1,13,0,0
48,482481,1,2,1,14,10,1,20,12,2,1,0,48,1,12,13,12013,4,1999,1FAFP10P3XW1,1,F,A,F,P,1,0,P,3,X,W,1,0,P,FORD,LXE,4D,99,17,2468,,0,984,,G,,0,0,000000000,00000000000,0,0,0,1,0,0,0,0,0,0,0,998,0,0,0,12,12,6,2,12,0,0,0,1,48,78209,6,1,0,0,3,0,999,999,0,0,0,0,0,0,0,0,0,0,0,0,0,0,3,4,60,1,2,8,1,0,0,1,54,1,1,1,51,1,1
48,482481,2,2,1,14,10,1,20,12,2,1,0,48,1,12,401,12401,14,2001,1FMZU63EX1ZA,1,F,M,Z,U,6,3,E,X,1,Z,A,0,P,FORD,EPR,UT,1,17,3845,,0,1116,,G,,0,0,000000000,00000000000,0,0,0,1,0,0,0,0,0,0,0,998,0,0,0,12,12,6,2,12,0,0,0,1,48,78247,6,1,0,0,3,3,999,999,1,4,0,0,1,4,2008,12,2009,1,51,91,0,0,3,4,60,1,2,8,1,0,0,1,54,1,1,1,50,0,1
48,482482,1,2,2,14,10,6,48,12,6,1,0,48,1,35,47,35047,4,2004,1N4AL11D54C1,1,N,4,A,L,1,1,D,5,4,C,1,0,P,NISS,ABS,4D,4,17,2913,,0,1102,,G,,0,0,000000000,00000000000,0,0,0,1,0,0,0,0,0,0,0,998,0,0,0,3,3,4,3,12,0,0,0,1,48,78852,6,1,0,0,3,0,999,999,0,0,0,0,0,0,0,0,0,0,58,0,0,0,1,2,65,1,1,8,1,0,0,1,1,6,4,2,64,1,0
48,482482,2,2,1,14,10,6,48,12,6,1,0,48,1,12,402,12402,14,2008,1FMCU02Z68KE,1,F,M,C,U,0,2,Z,6,8,K,E,0,P,FORD,SPE,UT,8,17,3272,,0,1031,,G,,0,0,000000000,00000000000,0,0,0,1,0,0,0,0,0,0,0,998,0,0,0,12,12,4,3,12,0,0,0,1,37,28227,6,1,0,0,3,0,999,999,0,0,0,0,0,0,0,0,0,0,0,0,0,0,1,2,65,1,1,8,1,0,0,1,62,7,1,1,65,0,0
48,482483,1,2,1,16,10,10,15,12,6,1,0,48,1,72,706,72706,80,2009,1HD1FV41X9Y6,1,H,D,1,F,V,4,1,X,9,Y,6,0,M,HD,FHT,RS,9,17,,,,,,,1584,0,0,000000000,00000000000,0,0,0,1,0,0,0,0,0,0,0,998,0,0,0,12,12,9,3,12,0,0,0,1,5,71854,6,1,0,0,3,0,999,999,0,0,0,0,0,0,0,0,0,0,33,0,0,0,1,2,55,3,1,8,1,0,0,6,51,1,1,2,73,1,0
48,482483,2,2,2,16,10,10,15,12,6,1,0,48,1,20,2,20002,4,2009,2G1WB57K0911,2,G,1,W,B,5,7,K,0,9,1,1,0,P,CHEV,IPL,4D,9,17,3555,,0,1105,,F,,0,0,000000000,00000000000,0,0,0,1,0,0,0,0,0,0,0,998,0,0,0,8,8,2,3,12,0,0,0,1,48,75503,6,1,0,0,3,3,999,999,0,0,0,0,0,0,0,0,0,0,0,0,0,0,1,2,55,3,1,8,1,0,0,11,53,1,1,1,72,0,0
48,482484,1,1,3,17,10,20,17,8,0,1,0,48,2,41,51,41051,4,2008,JM1BK32F5811,J,M,1,B,K,3,2,F,5,8,1,1,0,P,MAZD,M3I,4D,8,17,2780,,0,1039,,G,,0,0,000000000,00000000000,0,0,0,1,0,0,0,0,0,0,0,998,0,0,0,12,12,2,3,8,0,0,0,1,48,78242,6,1,0,0,3,0,999,999,0,0,0,0,0,0,0,0,0,0,83,0,0,0,1,2,35,1,1,8,11,0,0,1,87,6,1,4,8,0,1
48,482485,1,1,4,20,10,8,50,1,0,1,0,48,1,20,421,20421,15,2002,1GNES16SX261,1,G,N,E,S,1,6,S,X,2,6,1,0,P,CHEV,TRL,UT,2,17,4836,,0,1290,,G,,0,0,000000000,00000000000,0,0,0,1,0,0,0,0,0,0,0,79,0,2,5,0,9,4,3,1,0,0,0,1,48,75560,0,0,0,0,0,0,999,999,0,1,0,0,1,10,2008,5,2010,1,58,0,0,0,1,2,65,2,3,8,1,0,0,14,8,7,9,4,2,1,0
48,482486,1,1,1,21,10,7,10,35,0,1,0,48,1,12,442,12442,20,1998,2FMZA51U5WBD,2,F,M,Z,A,5,1,U,5,W,B,D,0,T,FORD,WWG,ES,98,17,,1,0,1207,WIN,G,,0,0,000000000,00000000000,0,0,0,1,0,0,0,0,0,0,0,998,0,1,5,12,12,6,2,1,0,0,0,1,48,76273,6,1,0,0,3,0,999,999,0,0,0,0,0,0,0,0,0,1,58,0,0,0,1,2,55,1,2,8,11,0,0,1,6,7,3,4,2,1,0
48,482487,1,1,1,21,10,20,35,8,0,1,1,48,1,42,42,42042,4,2002,WDBRF61J82F2,W,D,B,R,F,6,1,J,8,2,F,2,0,P,MERZ,C24,4D,2,17,3210,,0,1068,,F,,0,0,000000000,00000000000,0,0,0,1,0,0,0,0,0,0,0,998,0,0,0,14,14,0,3,8,0,0,0,1,48,77012,6,1,0,0,3,0,999,999,0,0,0,0,0,0,0,0,0,0,0,0,0,0,4,3,45,1,1,1,1,0,0,1,80,1,1,1,13,0,0
48,482488,1,1,1,21,10,16,15,14,0,1,0,48,3,12,481,12481,31,2002,1FTRW08L22KC,1,F,T,R,W,0,8,L,2,2,K,C,0,T,FORD,F1S,CW,2,17,,2,0,1388,COF,G,,0,0,000000000,00000000000,0,0,0,1,0,0,0,0,0,0,0,998,0,0,0,12,12,4,3,14,0,0,0,1,48,75460,6,1,0,0,3,0,999,999,0,0,0,0,0,0,0,0,0,0,0,0,0,0,3,3,60,1,2,8,2,0,0,1,11,1,1,4,1,0,0
48,482489,1,1,1,22,10,6,15,20,0,1,0,48,1,34,34,34034,4,2007,WBAVA33567KX,W,B,A,V,A,3,3,5,6,7,K,X,0,P,BMW,28I,4D,7,17,3340,,0,1087,,G,,0,0,000000000,00000000000,0,0,0,1,0,0,0,0,0,0,0,998,0,1,1,12,12,6,2,1,0,0,0,1,48,75034,1,1,0,0,2,0,999,999,0,2,0,9,0,10,2009,8,2010,1,0,0,0,0,3,3,70,2,2,8,1,0,0,14,10,1,1,4,6,1,1
48,482490,1,2,1,22,10,13,35,18,0,1,0,18,1,72,706,72706,80,2006,1HD1FRW176Y6,1,H,D,1,F,R,W,1,7,6,Y,6,0,M,HD,FCI,RS,6,17,,,,,,,1450,0,0,000000000,00000000000,0,0,0,1,0,0,0,0,0,0,0,998,0,0,0,12,12,9,3,1,0,0,0,1,18,46121,6,1,0,0,3,0,73,275,0,0,0,0,0,0,0,0,0,0,81,0,0,0,3,2,70,1,1,8,1,0,0,1,90,1,1,1,12,1,0
48,482490,2,2,1,22,10,13,35,18,0,1,0,5,2,98,709,98709,80,2005,5L5TX1445510,5,L,5,T,X,1,4,4,5,5,1,0,0,U,,,,5,17,,,,,,,,0,0,000000000,00000000000,0,0,0,1,0,0,0,0,0,0,0,998,0,0,0,99,99,9,3,1,0,0,0,1,5,72076,6,1,0,0,3,0,79,245,0,0,0,0,2,7,2010,7,2010,0,81,0,0,0,3,2,70,1,1,8,1,0,0,1,90,1,1,1,98,0,0
48,482491,1,2,2,24,10,11,45,12,6,1,0,48,2,7,482,7482,31,1998,1B7HC13Z8WJ1,1,B,7,H,C,1,3,Z,8,W,J,1,1,T,DODG,Q15,4C,98,17,,2,1547,1387,RPC,G,,1,0,000000000,00000000000,0,0,0,1,0,0,0,0,0,0,0,998,0,0,0,12,12,6,2,12,0,0,0,1,48,76905,6,1,0,0,3,0,999,999,0,0,0,0,0,0,0,0,0,0,39,0,0,0,1,2,98,1,8,8,1,4,3,1,17,3,2,1,86,1,0
48,482491,2,2,1,24,10,11,45,12,6,1,0,93,3,87,881,87881,66,2008,1XPHD49X28D7,1,X,P,H,D,4,9,X,2,8,D,7,1,T,PTRB,386,DS,8,17,,8,0,0,CON,D,,1,57,486713,57486713,3,6,1,1,0,0,0,0,0,0,0,998,0,0,0,2,2,4,3,12,0,0,0,1,48,76937,6,1,6,0,3,3,999,999,0,0,0,0,0,0,0,0,0,0,0,0,0,0,1,2,70,1,1,8,1,0,0,1,66,1,1,1,87,0,0
48,482492,1,2,1,30,10,15,55,12,6,1,0,48,2,12,3,12003,2,2002,1FAFP40432F1,1,F,A,F,P,4,0,4,3,2,F,1,0,P,FORD,MUS,CP,2,17,3066,,0,1013,,G,,0,0,000000000,00000000000,0,0,0,1,0,0,0,0,0,0,0,998,0,1,5,3,3,4,3,12,0,0,0,1,48,75142,6,2,0,0,3,1,68,132,0,0,0,0,0,0,0,0,0,1,28,58,0,0,1,2,55,3,1,8,1,0,0,14,6,6,9,2,64,1,0
48,482492,2,2,2,30,10,15,55,12,6,1,0,48,1,20,2,20002,4,2002,2G1WF55E8293,2,G,1,W,F,5,5,E,8,2,9,3,0,P,CHEV,IMP,4D,2,17,3389,,0,1105,,G,,0,0,000000000,00000000000,0,0,0,1,0,0,0,0,0,0,0,998,0,0,0,12,12,4,3,12,0,0,0,1,48,75160,6,1,0,0,3,3,999,999,0,0,0,0,0,0,0,0,0,0,0,0,0,0,1,2,55,2,1,8,1,0,0,14,62,4,1,1,65,0,0
48,482493,1,1,1,30,10,2,15,1,0,1,0,48,1,12,481,12481,31,2000,1FTRX18L7YKA,1,F,T,R,X,1,8,L,7,Y,K,A,0,T,FORD,F15,4C,0,17,,2,1574,1388,COF,G,,0,0,000000000,00000000000,0,0,0,1,0,0,0,0,0,0,0,998,0,9,5,0,0,6,2,1,0,0,0,1,48,79412,0,0,0,0,0,0,999,999,0,0,0,0,0,0,0,0,0,0,58,0,0,0,1,2,55,1,1,8,1,0,0,1,12,7,3,4,2,1,1
48,482494,1,2,1,30,10,10,35,12,1,1,0,48,1,20,36,20036,2,2000,2G1WW12E1Y93,2,G,1,W,W,1,2,E,1,Y,9,3,0,P,CHEV,MLS,CP,0,17,3340,,0,1075,,G,,0,0,000000000,00000000000,0,0,0,1,0,0,0,0,0,0,0,998,0,0,0,12,12,2,3,12,0,0,0,1,48,75638,6,1,0,0,3,3,999,999,0,0,0,0,0,0,0,0,0,1,91,58,28,0,5,4,70,3,1,8,1,0,0,6,8,7,9,2,24,0,0
48,482494,2,2,1,30,10,10,35,12,1,1,0,48,1,2,404,2404,14,1993,1J4FT68S5PL6,1,J,4,F,T,6,8,S,5,P,L,6,0,T,JEEP,SPT,4W,93,17,,1,0,1014,CHK,G,,0,0,000000000,00000000000,0,0,0,1,0,0,0,0,0,0,0,998,0,1,1,6,6,6,2,1,0,0,0,1,48,75638,6,1,0,0,3,0,999,999,0,0,0,0,0,0,0,0,0,0,0,0,0,0,5,4,70,3,1,8,1,0,0,14,60,1,1,1,25,1,0
48,482495,1,1,1,4,11,18,40,1,0,1,0,48,2,37,706,37706,80,2002,JH2SC50092M0,J,H,2,S,C,5,0,0,9,2,M,0,0,M,HOND,CR9,RS,2,17,,,,,,,954,0,0,000000000,00000000000,0,0,0,1,0,0,0,0,0,0,0,998,0,0,0,0,0,9,2,1,0,0,0,1,48,77095,6,1,0,0,2,3,999,999,0,0,0,0,0,0,0,0,0,1,0,0,0,0,5,6,40,1,1,8,1,0,0,15,6,99,9,2,98,1,0
48,482496,1,2,3,5,11,22,12,12,2,1,0,92,0,23,401,23401,14,1996,1GKCS13W7T25,1,G,K,C,S,1,3,W,7,T,2,5,0,T,GMC,JMY,4W,96,17,,1,0,1070,JMY,G,,0,0,000000000,00000000000,0,0,0,1,0,0,0,0,0,0,0,998,0,1,1,12,12,6,2,12,0,0,0,1,48,79789,1,1,0,0,2,0,999,999,0,1,0,1,0,12,2007,11,2010,0,51,0,0,0,1,2,65,1,1,8,1,0,0,1,54,1,1,1,50,1,1
48,482496,2,2,4,5,11,22,12,12,2,1,0,48,1,22,18,22018,4,2005,1G2NE52E65M1,1,G,2,N,E,5,2,E,6,5,M,1,0,P,PONT,GAS,4D,5,17,3066,,0,1070,,G,,0,0,000000000,00000000000,0,0,0,1,0,0,0,0,0,0,0,998,0,0,0,12,12,6,2,12,0,0,0,1,48,79745,6,1,0,0,3,0,999,999,0,0,0,1,0,7,2008,7,2008,0,0,0,0,0,1,2,65,1,1,8,1,0,0,1,54,9,1,1,51,2,0
48,482497,1,1,6,9,11,22,51,8,0,1,0,48,2,37,441,37441,20,2003,5FNRL18013B0,5,F,N,R,L,1,8,0,1,3,B,0,0,P,HOND,UDY,SV,3,17,4376,,0,1181,,G,,0,0,000000000,00000000000,0,0,0,1,0,0,0,0,0,0,0,998,0,0,0,12,12,2,9,8,0,0,0,1,48,78228,6,1,0,0,3,0,999,999,0,0,0,0,0,0,0,0,0,0,0,0,0,0,5,6,40,1,1,8,1,0,0,1,80,1,1,1,13,0,0
48,482498,1,1,1,10,11,6,49,1,0,1,0,48,1,37,706,37706,80,1986,1HFSC1466GA2,1,H,F,S,C,1,4,6,6,G,A,2,0,M,HOND,GLS,RS,86,17,,,,,,,1200,0,0,000000000,00000000000,0,0,0,1,0,0,0,0,0,0,0,998,0,0,0,0,0,9,2,1,0,0,0,1,48,75102,6,1,0,0,3,0,69,272,0,0,0,0,0,0,0,0,0,1,87,0,0,0,1,2,55,3,1,8,2,0,0,14,6,99,9,1,98,1,0
48,482499,1,1,2,10,11,19,40,8,0,1,0,48,2,7,472,7472,31,2000,1B7GL22X5YS7,1,B,7,G,L,2,2,X,5,Y,S,7,0,T,DODG,DAK,PC,0,17,,1,0,1309,DAK,G,,0,0,000000000,00000000000,0,0,0,1,0,0,0,0,0,0,0,998,0,0,0,12,12,2,1,8,0,0,0,1,48,76116,6,1,0,0,3,0,999,999,0,0,0,0,0,0,0,0,0,0,0,0,0,0,2,3,40,1,1,8,1,0,0,1,80,3,2,1,13,0,0
48,482500,1,2,1,13,11,10,47,12,6,1,0,48,1,13,2,13002,4,1998,1LNFM92V4WY6,1,L,N,F,M,9,2,V,4,W,Y,6,0,P,LINC,ML8,CP,98,17,3785,,0,1130,,G,,0,0,000000000,00000000000,0,0,0,1,0,0,0,0,0,0,0,998,0,0,0,11,11,6,2,12,0,0,0,1,48,75154,6,1,0,0,3,0,999,999,0,0,0,0,0,0,0,0,0,0,39,0,0,0,2,4,70,1,1,8,1,98,3,1,13,6,1,6,45,1,0
48,482500,2,2,1,13,11,10,47,12,6,1,0,48,1,59,35,59035,4,2006,JTHCK2621650,J,T,H,C,K,2,6,2,1,6,5,0,0,P,LEXS,A25,4D,6,17,3651,,0,1074,,G,,0,0,000000000,00000000000,0,0,0,1,0,0,0,0,0,0,0,998,0,0,0,1,1,4,3,12,0,0,0,1,48,75028,6,1,0,0,3,3,999,999,0,0,0,1,0,4,2010,4,2010,0,0,0,0,0,2,4,70,1,1,8,1,98,3,1,64,8,2,1,44,0,0
48,482501,1,1,2,14,11,1,41,24,0,1,0,48,1,7,482,7482,31,2007,1D7HA18P67S2,1,D,7,H,A,1,8,P,6,7,S,2,0,T,DODG,SQ1,CW,7,17,,2,1605,1405,RPC,F,,0,0,000000000,00000000000,0,0,0,1,0,0,0,0,0,0,0,998,0,1,5,12,12,6,2,24,0,0,0,1,48,75048,6,1,0,0,3,0,999,999,0,0,0,0,0,0,0,0,0,0,0,0,0,0,3,4,70,1,1,8,1,0,0,1,13,1,1,4,1,2,1
48,482502,1,1,1,14,11,8,53,30,0,1,0,48,1,2,404,2404,14,2000,1J4G248S1YC3,1,J,4,G,2,4,8,S,1,Y,C,3,0,T,JEEP,LRO,4W,0,17,,1,0,1059,GCK,G,,0,0,000000000,00000000000,0,0,0,1,0,0,0,0,0,0,0,998,0,0,0,12,12,4,3,30,0,0,0,1,48,77096,6,1,0,0,3,0,999,999,0,0,0,0,0,0,0,0,0,1,0,0,0,0,2,4,30,1,1,2,1,0,0,1,13,1,1,4,1,1,0