STATE,ST_CASE,VEH_NO,VE_FORMS,NUMOCCS,DAY,MONTH,HOUR,MINUTE,HARM_EV,MAN_COLL,UNITTYPE,HIT_RUN,REG_STAT,OWNER,MAKE,MODEL,MAK_MOD,BODY_TYP,MOD_YEAR,VIN,VIN_1,VIN_2,VIN_3,VIN_4,VIN_5,VIN_6,VIN_7,VIN_8,VIN_9,VIN_10,VIN_11,VIN_12,TOW_VEH,VINTYPE,VINMAKE,VINA_MOD,VIN_BT,VINMODYR,VIN_LNGT,VIN_WGT,WGTCD_TR,WHLBS_LG,WHLBS_SH,SER_TR,FUELCODE,MCYCL_DS,J_KNIFE,MCARR_I1,MCARR_I2,MCARR_ID,GVWR,V_CONFIG,CARGO_BT,HAZ_INV,HAZ_PLAC,HAZ_ID,HAZ_CNO,HAZ_REL,BUS_USE,SPEC_USE,EMER_USE,TRAV_SP,UNDERIDE,ROLLOVER,ROLINLOC,IMPACT1,IMPACT2,DEFORMED,TOWED,M_HARM,VEH_SC1,VEH_SC2,FIRE_EXP,DR_PRES,L_STATE,DR_ZIP,L_STATUS,L_TYPE,CDL_STAT,L_ENDORS,L_COMPL,L_RESTRI,DR_HGT,DR_WGT,PREV_ACC,PREV_SUS,PREV_DWI,PREV_SPD,PREV_OTH,FIRST_MO,FIRST_YR,LAST_MO,LAST_YR,SPEEDREL,DR_SF1,DR_SF2,DR_SF3,DR_SF4,VTRAFWAY,VNUM_LAN,VSPD_LIM,VALIGN,VPROFILE,VPAVETYP,VSURCOND,VTRAFCON,VTCONT_F,P_CRASH1,P_CRASH2,P_CRASH3,PCRASH4,PCRASH5,ACC_TYPE,DEATHS,DR_DRINK
48,482503,1,3,1,15,11,21,15,12,1,1,0,6,1,85,881,85881,66,1999,1XKADR9X0XR8,1,X,K,A,D,R,9,X,0,X,R,8,1,T,KW,T60,DS,99,17,,8,2600,1600,CON,D,,1,57,1521153,571521153,3,6,3,1,0,0,0,0,0,0,0,998,0,0,0,12,12,2,1,12,0,0,0,1,48,79936,6,1,6,0,3,0,999,999,0,0,0,2,1,7,2009,2,2010,1,0,0,0,0,2,4,65,1,3,8,1,0,0,1,51,1,1,1,24,0,0
48,482503,2,3,1,15,11,21,15,12,1,1,0,4,2,49,471,49471,30,1995,JT4RN93P8S51,J,T,4,R,N,9,3,P,8,S,5,1,1,T,TOYT,XLX,PC,95,17,,1,0,1219,HTP,G,,1,0,000000000,00000000000,0,0,0,1,0,0,0,0,0,0,0,998,0,1,1,6,6,6,2,12,0,0,0,1,99,99999,9,9,99,9,9,9,999,999,99,99,99,99,99,99,9999,99,9999,0,0,0,0,0,2,4,65,1,3,8,1,0,0,1,53,1,1,1,25,1,0
48,482503,3,3,1,15,11,21,15,12,1,1,0,39,1,20,401,20401,14,1995,1GNCS13W3S21,1,G,N,C,S,1,3,W,3,S,2,1,0,P,CHEV,BZR,UT,95,17,3666,,0,1070,,G,,0,0,000000000,00000000000,0,0,0,1,0,0,0,0,0,0,0,998,0,1,1,12,12,6,2,12,0,0,0,1,39,45150,6,1,0,0,3,2,70,190,0,0,0,0,0,0,0,0,0,1,74,0,0,0,2,4,65,1,3,8,1,0,0,1,59,1,1,1,98,1,0
48,482504,1,2,1,19,11,21,57,12,2,1,0,48,2,41,402,41402,14,2006,4F2YZ041X6KM,4,F,2,Y,Z,0,4,1,X,6,K,M,0,P,MAZD,TRI,UT,6,17,3271,,0,1031,,G,,0,0,000000000,00000000000,0,0,0,1,0,0,0,0,0,0,0,998,0,0,0,12,12,6,2,12,32,0,0,1,48,75021,6,1,0,0,3,3,999,999,0,0,0,0,0,0,0,0,0,0,51,0,0,0,1,2,65,1,2,8,1,0,0,1,10,1,1,2,50,1,0
48,482504,2,2,1,19,11,21,57,12,2,1,0,48,1,20,431,20431,16,1951,999999999999,9,9,9,9,9,9,9,9,9,9,9,9,0,U,,,,9,17,,,,,,,,0,0,000000000,00000000000,0,0,0,1,0,0,0,0,0,0,0,998,0,0,0,12,12,6,2,12,0,0,0,1,48,75414,6,1,0,0,3,0,999,999,0,0,0,0,0,0,0,0,0,0,0,0,0,0,1,2,65,1,2,8,1,0,0,1,62,3,1,1,51,1,1
48,482505,1,1,1,19,11,22,35,8,0,1,0,48,1,6,51,6051,4,2005,2C3JA53G55H1,2,C,3,J,A,5,3,G,5,5,H,1,0,P,CHRY,3TR,4D,5,17,3675,,0,1200,,G,,0,0,000000000,00000000000,0,0,0,1,0,0,0,0,0,0,0,998,0,0,0,1,1,2,1,8,0,0,0,1,48,78414,6,1,0,0,3,0,999,999,2,0,0,1,0,5,2008,12,2008,0,92,0,0,0,5,4,35,1,1,8,1,0,0,1,80,1,1,1,13,0,0
48,482506,1,1,3,20,11,16,1,1,0,1,0,48,2,53,402,53402,14,1991,2S3TA01C4M64,2,S,3,T,A,0,1,C,4,M,6,4,0,P,SUZI,SDK,UT,91,17,0,,0,866,,G,,0,0,000000000,00000000000,0,0,0,1,0,0,0,0,0,0,0,998,0,1,3,0,0,4,3,1,0,0,0,1,48,75473,6,2,0,0,3,0,999,999,0,0,0,0,0,0,0,0,0,0,28,58,0,0,2,4,70,1,1,8,1,0,0,1,13,6,4,4,98,1,0
48,482507,1,2,1,22,11,10,0,12,6,1,0,48,3,38,882,38882,61,2007,JALE5B16X773,J,A,L,E,5,B,1,6,X,7,7,3,0,T,ISU,NRR,TB,7,17,,5,1760,1090,NRR,D,,0,57,341339,57341339,2,1,1,1,0,0,0,0,0,0,0,998,0,0,0,5,5,2,1,12,0,0,0,1,48,77026,6,1,0,0,3,0,999,999,0,0,0,1,0,3,2010,3,2010,0,38,0,0,0,1,2,35,1,1,8,1,0,0,11,15,1,1,1,68,0,0
48,482507,2,2,1,22,11,10,0,12,6,1,0,49,1,72,709,72709,80,2006,1HD1FCW156Y6,1,H,D,1,F,C,W,1,5,6,Y,6,0,M,HD,FLU,RS,6,17,,,,,,,1450,0,0,000000000,00000000000,0,0,0,1,0,0,0,0,0,0,0,998,0,0,0,12,12,9,2,12,0,0,0,1,48,77396,6,1,0,0,3,3,999,999,0,0,0,0,0,0,0,0,0,0,0,0,0,0,1,2,35,1,1,8,1,0,0,1,62,1,1,1,69,1,0
48,482508,1,2,1,23,11,17,49,12,2,1,0,48,1,7,20,7020,4,2002,1B3ES26C22D5,1,B,3,E,S,2,6,C,2,2,D,5,0,P,DODG,NEO,4D,2,17,2604,,0,1050,,G,,0,0,000000000,00000000000,0,0,0,1,0,0,0,0,0,0,0,998,0,0,0,12,11,6,2,12,0,0,0,1,48,75630,1,1,0,0,2,0,999,999,0,2,0,0,0,4,2009,4,2010,0,51,0,0,0,1,2,70,1,2,8,1,0,0,1,10,1,1,2,50,1,0
48,482508,2,2,1,23,11,17,49,12,2,1,0,48,2,18,5,18005,2,1996,1G4GD2216T47,1,G,4,G,D,2,2,1,6,T,4,7,0,P,BUIC,RIV,CP,96,17,3690,,0,1138,,G,,0,0,000000000,00000000000,0,0,0,1,0,0,0,0,0,0,0,998,0,0,0,12,11,6,2,12,0,0,0,1,48,75410,6,1,0,0,3,3,999,999,0,0,0,0,0,0,0,0,0,0,0,0,0,0,1,2,70,1,2,8,1,0,0,1,62,1,1,1,51,0,0
48,482509,1,1,1,24,11,9,47,1,0,1,0,48,2,20,9,20009,2,1993,2G1FP22S9P21,2,G,1,F,P,2,2,S,9,P,2,1,0,P,CHEV,CAM,CP,93,17,3241,,0,1010,,G,,0,0,000000000,00000000000,0,0,0,1,0,0,0,0,0,0,0,998,0,1,5,0,0,4,3,1,0,0,0,1,48,75142,6,2,0,0,3,1,70,148,0,0,0,0,0,0,0,0,0,1,0,0,0,0,1,2,30,1,1,8,1,0,0,1,6,1,4,4,7,1,1
48,482510,1,2,1,25,11,10,46,12,6,1,0,48,1,37,402,37402,14,2002,JHLRD68402C0,J,H,L,R,D,6,8,4,0,2,C,0,0,P,HOND,CRV,UT,2,17,3201,,0,1031,,G,,0,0,000000000,00000000000,0,0,0,1,0,0,0,0,0,0,0,998,0,0,0,81,81,6,2,12,0,0,0,1,48,77092,6,1,0,0,3,3,999,999,0,0,0,0,0,0,0,0,0,0,28,0,0,0,1,2,40,2,1,8,1,0,0,14,9,1,1,2,66,1,0
48,482510,2,2,1,25,11,10,46,12,6,1,0,48,1,7,482,7482,31,2001,1B7KF23W01J2,1,B,7,K,F,2,3,W,0,1,J,2,0,T,DODG,Q25,4C,1,17,,2,1547,1387,RPC,G,,0,0,000000000,00000000000,0,0,0,1,0,0,0,0,0,0,0,998,0,0,0,12,12,4,3,12,0,0,0,1,48,77429,6,1,0,0,3,0,999,999,0,0,0,0,0,0,0,0,0,0,0,0,0,0,1,2,40,3,1,8,1,0,0,14,62,1,1,1,66,0,0
48,482511,1,2,2,25,11,11,2,12,2,1,0,48,1,12,23,12023,4,2007,3FAHP07Z57R1,3,F,A,H,P,0,7,Z,5,7,R,1,0,P,FORD,F/E,4D,7,17,3101,,0,1074,,G,,0,0,000000000,00000000000,0,0,0,1,0,0,0,0,0,0,0,998,0,0,0,12,12,6,2,12,0,0,0,1,48,75087,6,1,0,0,3,3,999,999,0,0,0,0,0,0,0,0,0,0,38,39,0,0,1,2,55,1,2,8,2,21,3,1,17,1,1,1,69,1,0
48,482511,2,2,4,25,11,11,2,12,2,1,0,48,1,20,404,20404,14,2010,2CNALPEW7A63,2,C,N,A,L,P,E,W,7,A,6,3,0,P,CHEV,EQU,UT,10,17,3770,,0,1125,,G,,0,0,000000000,00000000000,0,0,0,1,0,0,0,0,0,0,0,998,0,0,0,12,12,6,2,12,0,0,0,1,48,75189,6,1,0,0,3,0,999,999,0,0,0,0,0,0,0,0,0,1,42,0,0,0,1,2,55,1,1,8,2,0,0,11,15,1,1,1,68,0,0
48,482512,1,1,1,26,11,15,35,10,0,1,0,48,1,12,481,12481,31,2011,1FT7W2BT9BEA,1,F,T,7,W,2,B,T,9,B,E,A,0,T,FORD,F2S,CW,11,17,,2,1724,1562,SRW,D,,0,0,000000000,00000000000,0,0,0,1,0,0,0,0,0,0,0,998,0,1,1,9,9,6,2,10,0,0,0,1,48,79052,6,1,6,0,3,3,999,999,0,0,0,0,0,0,0,0,0,0,38,24,0,0,1,2,60,1,2,8,1,0,0,1,98,1,1,1,15,1,0
48,482513,1,1,1,28,11,0,48,1,0,1,0,48,1,37,705,37705,80,1986,JH2RC241XGM0,J,H,2,R,C,2,4,1,X,G,M,0,0,M,HOND,VR7,RS,86,17,,,,,,,750,0,0,000000000,00000000000,0,0,0,1,0,0,0,0,0,0,0,998,0,0,0,0,99,9,2,1,0,0,0,1,48,75002,6,1,0,0,3,0,999,999,0,0,0,1,0,2,2010,2,2010,1,0,0,0,0,1,2,35,3,2,8,1,0,0,14,98,4,1,1,98,1,0
48,482514,1,1,1,26,11,3,2,8,0,1,1,48,1,52,37,52037,1,2007,4A3AL25F27E0,4,A,3,A,L,2,5,F,2,7,E,0,0,P,MITS,SGS,CV,7,17,3472,,0,1014,,G,,0,0,000000000,00000000000,0,0,0,1,0,0,0,0,0,0,0,998,0,0,0,12,12,4,1,8,0,0,0,1,48,79413,6,1,0,0,3,0,999,999,1,0,0,0,0,2,2008,2,2008,0,92,0,0,0,2,2,35,1,1,8,1,0,0,1,80,1,1,1,13,0,0
48,482515,1,1,2,28,11,3,51,34,0,1,0,48,2,12,401,12401,14,2004,1FMZU62KX4UC,1,F,M,Z,U,6,2,K,X,4,U,C,0,P,FORD,EPR,UT,4,17,4304,,0,1137,,F,,0,0,000000000,00000000000,0,0,0,1,0,0,0,0,0,0,0,998,0,1,5,9,9,4,3,1,0,0,0,1,48,78538,0,0,0,0,0,0,999,999,0,0,0,0,0,0,0,0,0,1,58,24,0,0,1,2,55,3,6,8,1,0,0,14,13,6,4,4,7,1,1
48,482516,1,3,1,28,11,17,57,12,1,1,0,48,2,2,404,2404,14,1994,1J4FX58S4RC2,1,J,4,F,X,5,8,S,4,R,C,2,0,T,JEEP,LRO,4W,94,17,,1,0,1059,GCK,G,,0,0,000000000,00000000000,0,0,0,1,0,0,0,0,0,0,0,998,0,1,1,12,12,6,2,12,0,0,0,1,48,76055,3,1,0,0,2,3,999,999,0,0,0,0,0,0,0,0,0,1,0,0,0,0,1,2,65,1,1,8,1,0,0,1,50,1,1,1,20,1,0
48,482516,2,3,1,28,11,17,57,12,1,1,0,48,1,23,481,23481,31,1999,1GTGC24R0XR7,1,G,T,G,C,2,4,R,0,X,R,7,0,T,GMC,SC2,PK,99,17,,2,0,1315,SIE,G,,0,0,000000000,00000000000,0,0,0,1,0,0,0,0,0,0,0,0,0,0,0,6,6,4,1,12,0,0,0,1,48,75110,6,1,0,0,3,3,999,999,0,0,0,0,0,0,0,0,0,0,0,0,0,0,1,2,65,1,1,8,1,0,0,5,18,1,1,1,22,0,0
48,482516,3,3,4,28,11,17,57,12,1,1,0,48,1,63,441,63441,20,2006,KNDMB2336660,K,N,D,M,B,2,3,3,6,6,6,0,0,P,KIA,SED,SV,6,17,0,,0,1145,,G,,0,0,000000000,00000000000,0,0,0,1,0,0,0,0,0,0,0,998,0,0,0,12,12,6,2,12,0,0,0,1,48,77064,6,1,0,0,3,3,999,999,0,0,0,0,0,0,0,0,0,1,0,0,0,0,1,2,65,1,1,8,1,0,0,1,62,1,1,1,98,0,0
48,482517,1,1,1,29,11,9,40,52,0,1,0,48,1,49,482,49482,31,2003,5TBRT34113S3,5,T,B,R,T,3,4,1,1,3,S,3,0,T,TOYT,TT5,4C,3,17,,2,0,1283,TUN,G,,0,0,000000000,00000000000,0,0,0,1,0,0,0,0,0,0,0,998,0,0,0,3,3,4,3,52,0,0,0,1,48,77387,6,1,0,0,3,0,999,999,0,0,0,0,1,2,2010,2,2010,0,0,0,0,0,1,2,50,3,3,8,2,0,0,14,12,99,9,4,6,1,0
48,482518,1,2,1,29,11,8,35,12,2,1,0,48,1,35,471,35471,30,1997,1N6SD11S7VC4,1,N,6,S,D,1,1,S,7,V,C,4,0,T,NISS,XES,PK,97,17,,1,0,1043,TRK,G,,0,0,000000000,00000000000,0,0,0,1,0,0,0,0,0,0,0,998,0,0,0,12,12,6,2,12,0,0,0,1,48,75762,6,1,0,0,3,0,999,999,0,0,0,0,0,0,0,0,0,0,0,0,0,0,1,2,55,3,2,8,2,0,0,14,62,1,1,1,51,1,0
48,482518,2,2,1,29,11,8,35,12,2,1,0,48,2,12,422,12422,15,2003,1FMFU17L03LA,1,F,M,F,U,1,7,L,0,3,L,A,0,P,FORD,EPT,UT,3,17,5416,,0,1191,,G,,0,0,000000000,00000000000,0,0,0,1,0,0,0,0,0,0,0,998,0,0,0,12,12,6,2,12,0,0,0,1,48,75707,6,1,0,0,3,0,999,999,0,0,0,0,0,0,0,0,0,1,87,91,0,0,1,2,55,2,2,8,2,0,0,14,6,99,4,2,50,0,0
48,482519,1,2,1,30,11,16,50,12,2,1,0,48,1,49,32,49032,4,2010,JTDBU4EE1AJ0,J,T,D,B,U,4,E,E,1,A,J,0,0,P,TOYT,CBL,4D,10,17,2723,,0,1024,,G,,0,0,000000000,00000000000,0,0,0,1,0,0,0,0,0,0,0,998,0,0,0,12,12,6,2,12,0,0,0,1,48,77346,6,1,0,0,3,0,999,999,0,0,0,0,0,0,0,0,0,0,33,0,0,0,1,2,65,3,1,8,2,0,0,6,54,99,1,4,52,1,0
48,482519,2,2,2,30,11,16,50,12,2,1,0,48,1,20,481,20481,31,1993,1GBHC33K4PJ3,1,G,B,H,C,3,3,K,4,P,J,3,0,T,CHEV,GC3,CH,93,17,,2,0,1680,GM4,G,,0,0,000000000,00000000000,0,0,0,1,0,0,0,0,0,0,0,998,0,0,0,12,12,6,2,12,0,0,0,1,48,77357,6,1,6,0,3,0,999,999,0,0,0,0,0,0,0,0,0,0,0,0,0,0,1,2,65,2,1,8,2,0,0,14,54,7,1,4,52,0,0
48,482520,1,1,2,2,12,1,50,1,0,1,0,48,1,12,471,12471,30,1996,1FTCR14UXTPA,1,F,T,C,R,1,4,U,X,T,P,A,0,T,FORD,RNS,PS,96,17,,1,0,1250,RNG,G,,0,0,000000000,00000000000,0,0,0,1,0,0,0,0,0,0,0,998,0,2,5,0,0,6,2,1,0,0,0,1,48,76570,6,1,0,0,3,0,999,999,0,0,0,0,0,0,0,0,0,0,58,0,0,0,1,2,65,1,1,8,1,0,0,1,13,6,3,4,2,1,1
48,482521,1,2,1,4,12,18,50,1,0,1,0,48,2,53,706,53706,80,2009,JS1GX72AX921,J,S,1,G,X,7,2,A,X,9,2,1,0,M,SUZI,GXR,RC,9,17,,,,,,,1340,0,0,000000000,00000000000,0,0,0,1,0,0,0,0,0,0,0,998,0,0,0,0,99,4,3,1,0,0,0,1,48,77093,6,1,0,0,3,0,999,999,0,0,0,3,1,4,2010,10,2010,0,0,0,0,0,2,4,35,1,2,1,1,0,0,1,71,3,4,1,98,1,0
48,482521,2,2,2,4,12,18,50,1,0,1,1,48,2,14,37,14037,4,1998,1MEFM6539WK6,1,M,E,F,M,6,5,3,9,W,K,6,0,P,MERC,MSS,4D,98,17,2808,,0,1065,,G,,0,0,000000000,00000000000,0,0,0,1,0,0,0,0,0,0,0,998,0,0,0,9,9,4,3,12,0,0,0,1,48,77067,9,9,99,9,9,9,999,999,99,99,99,99,99,99,9999,99,9999,0,38,0,0,0,0,0,0,0,0,0,0,20,3,4,17,1,1,1,98,0,0
48,482522,1,1,2,4,12,1,14,59,0,1,0,40,2,37,32,37032,4,1993,1HGCB7658PA0,1,H,G,C,B,7,6,5,8,P,A,0,0,P,HOND,ALX,4D,93,17,2504,,0,1071,,G,,0,0,000000000,00000000000,0,0,0,1,0,0,0,0,0,0,0,100,0,1,5,1,3,6,2,1,0,0,0,1,48,75402,1,1,0,0,2,0,999,999,0,2,0,0,0,5,2010,5,2010,1,34,58,0,0,1,2,50,1,3,8,1,0,0,6,98,6,4,4,7,1,1
48,482523,1,1,4,4,12,15,40,1,0,1,0,48,2,20,421,20421,15,2003,1GNEC13Z13R2,1,G,N,E,C,1,3,Z,1,3,R,2,0,P,CHEV,CTA,UT,3,17,4828,,0,1160,,F,,0,0,000000000,00000000000,0,0,0,1,0,0,0,0,0,0,0,998,0,2,5,0,3,6,2,1,0,0,0,1,48,75601,6,1,0,0,3,0,999,999,0,0,0,0,0,0,0,0,0,0,26,58,0,0,3,2,70,1,1,8,1,0,0,1,52,6,4,4,2,1,0
48,482524,1,1,2,5,12,2,1,1,0,1,0,48,1,35,47,35047,4,1997,1N4BU31D4VC1,1,N,4,B,U,3,1,D,4,V,C,1,0,P,NISS,AGS,4D,97,17,2756,,0,1031,,G,,0,0,000000000,00000000000,0,0,0,1,0,0,0,0,0,0,0,84,0,2,5,0,99,6,2,1,0,0,1,1,48,77041,0,0,0,0,0,0,999,999,0,0,0,0,0,0,0,0,0,1,0,0,0,0,1,2,35,1,1,8,1,0,0,1,6,1,4,4,2,1,1
48,482525,1,1,1,6,12,0,30,1,0,1,0,48,1,20,481,20481,31,2006,1GCEC19T86Z1,1,G,C,E,C,1,9,T,8,6,Z,1,0,T,CHEV,SC1,4C,6,17,,2,1575,1340,SIL,G,,0,0,000000000,00000000000,0,0,0,1,0,0,0,0,0,0,0,998,0,2,5,0,9,4,3,1,0,0,0,1,48,75686,6,1,0,0,3,0,999,999,1,0,0,1,0,4,2008,7,2009,1,0,0,0,0,1,2,55,1,2,8,1,0,0,1,10,99,9,4,1,1,0
48,482526,1,2,1,6,12,16,55,12,6,1,0,48,1,72,706,72706,80,2008,1HD4CP2148K4,1,H,D,4,C,P,2,1,4,8,K,4,0,M,HD,L8C,RS,8,17,,,,,,,883,0,0,000000000,00000000000,0,0,0,1,0,0,0,0,0,0,0,998,0,0,0,12,12,9,3,12,0,0,0,1,48,77355,1,1,0,0,2,0,999,999,0,3,0,0,0,7,2008,7,2010,0,0,0,0,0,2,4,40,1,1,8,1,0,0,1,66,1,1,1,86,1,0
48,482526,2,2,1,6,12,16,55,12,6,1,0,48,1,35,47,35047,4,2003,1N4AL11D13C2,1,N,4,A,L,1,1,D,1,3,C,2,0,P,NISS,ABS,4D,3,17,2913,,0,1102,,G,,0,0,000000000,00000000000,0,0,0,1,0,0,0,0,0,0,0,998,0,0,0,1,1,2,3,12,0,0,0,1,95,77057,9,9,99,9,9,9,999,999,99,99,99,99,99,99,9999,99,9999,0,38,0,0,0,2,4,99,8,8,8,1,20,3,4,17,1,1,1,87,0,0
48,482527,1,3,1,6,12,14,0,12,1,1,0,48,2,12,4,12004,2,1991,1FAPP6041MH1,1,F,A,P,P,6,0,4,1,M,H,1,0,P,FORD,THU,2D,91,17,3550,,0,1130,,G,,0,0,000000000,00000000000,0,0,0,1,0,0,0,0,0,0,0,0,0,0,0,6,6,6,2,12,0,0,0,1,48,75691,6,1,0,0,3,3,999,999,0,0,0,0,0,0,0,0,0,0,0,0,0,0,1,4,70,1,1,8,1,0,0,5,53,1,1,1,22,0,0
48,482527,2,3,2,6,12,14,0,12,1,1,0,48,1,12,402,12402,14,2007,1FMCU03197KB,1,F,M,C,U,0,3,1,9,7,K,B,0,P,FORD,SPE,UT,7,17,3156,,0,1031,,G,,0,0,000000000,00000000000,0,0,0,1,0,0,0,0,0,0,0,998,0,0,0,12,12,6,2,12,0,0,0,1,48,75662,6,1,0,0,3,3,999,999,0,1,0,1,0,5,2009,1,2010,1,0,0,0,0,1,4,70,1,1,8,1,0,0,1,50,1,1,1,20,1,0
48,482527,3,3,1,6,12,14,0,12,1,1,0,8,9,98,809,98809,61,2009,3F6WK78L49G5,3,F,6,W,K,7,8,L,4,9,G,5,1,T,STRG,BLT,CH,9,17,,5,0,0,STE,D,,1,57,1415308,571415308,2,1,3,1,0,0,0,0,0,0,0,998,0,0,0,12,12,4,3,12,0,0,0,1,48,75644,6,1,6,0,3,0,999,999,0,0,0,0,0,0,0,0,0,0,0,0,0,0,1,4,70,1,1,8,1,0,0,1,60,1,1,1,98,0,0
48,482528,1,2,1,7,12,17,58,12,1,1,0,48,1,12,471,12471,30,1996,1FTCR10A0TUD,1,F,T,C,R,1,0,A,0,T,U,D,0,T,FORD,RNG,PK,96,17,,1,1140,1080,RNG,G,,0,0,000000000,00000000000,0,0,0,1,0,0,0,0,0,0,0,998,0,0,0,12,12,6,2,12,0,0,0,1,48,75494,6,1,0,0,3,0,999,999,0,0,0,2,0,8,2010,10,2010,1,0,0,0,0,1,4,70,1,1,8,1,0,0,1,50,1,1,1,20,0,0
48,482528,2,2,2,7,12,17,58,12,1,1,0,48,2,37,441,37441,20,2007,5FNRL38797B4,5,F,N,R,L,3,8,7,9,7,B,4,0,P,HOND,UDY,SV,7,17,0,,0,1181,,G,,0,0,000000000,00000000000,0,0,0,1,0,0,0,0,0,0,0,0,0,0,0,6,6,6,2,2,0,0,1,1,48,75686,6,1,0,0,3,3,57,145,0,0,0,0,1,3,2010,3,2010,0,0,0,0,0,1,4,70,1,1,8,1,0,0,5,53,1,1,1,22,2,0
48,482529,1,1,1,9,12,0,0,57,0,1,0,17,3,98,809,98809,66,2004,2FWBA3CGX4AM,2,F,W,B,A,3,C,G,X,4,A,M,1,T,STRG,A90,DS,4,17,,8,0,0,STE,D,,1,57,21800,5721800,3,6,1,1,0,0,0,0,0,0,0,998,0,1,3,12,12,4,3,57,0,0,0,1,48,77066,6,1,6,0,3,3,999,999,0,0,0,0,1,7,2009,7,2009,0,0,0,0,0,3,2,65,1,1,8,1,0,0,1,10,1,1,4,6,1,0
48,482530,1,1,1,10,12,1,25,42,0,1,0,48,1,37,32,37032,4,2008,JHMCP26708C0,J,H,M,C,P,2,6,7,0,8,C,0,0,P,HOND,UEX,4D,8,17,3392,,0,1102,,G,,0,0,000000000,00000000000,0,0,0,1,0,0,0,0,0,0,0,998,0,0,0,12,12,4,3,42,0,0,0,1,48,75766,6,1,0,0,3,0,999,999,0,0,0,0,0,0,0,0,0,1,58,0,0,0,1,2,65,3,1,8,1,0,0,14,13,6,2,4,7,1,0
48,482531,1,1,1,11,12,17,26,34,0,1,0,48,2,12,442,12442,20,1998,2FMZA5141WBC,2,F,M,Z,A,5,1,4,1,W,B,C,0,T,FORD,WWG,ES,98,17,,1,0,1207,WIN,G,,0,0,000000000,00000000000,0,0,0,1,0,0,0,0,0,0,0,998,0,0,0,12,12,6,2,34,0,0,0,1,48,77575,6,1,0,0,3,0,999,999,0,0,0,0,0,0,0,0,0,1,0,0,0,0,1,2,55,2,1,8,1,0,0,14,6,1,1,4,6,1,0
48,482532,1,1,2,12,12,11,16,42,0,1,0,48,1,22,2,22002,4,1992,1G2HX53L0N12,1,G,2,H,X,5,3,L,0,N,1,2,0,P,PONT,BVS,4D,92,17,3362,,0,1108,,G,,0,0,000000000,00000000000,0,0,0,1,0,0,0,0,0,0,0,998,0,0,0,6,6,6,2,42,0,0,0,1,48,75760,6,1,6,0,3,0,999,999,0,0,0,0,1,9,2010,9,2010,1,91,0,0,0,1,2,70,3,1,8,1,0,0,14,13,6,4,4,7,1,0
48,482533,1,1,1,12,12,14,23,42,0,1,0,48,1,7,482,7482,31,1999,3B7HC13Y4XG1,3,B,7,H,C,1,3,Y,4,X,G,1,0,T,DODG,Q15,4C,99,17,,2,1547,1387,RPC,G,,0,0,000000000,00000000000,0,0,0,1,0,0,0,0,0,0,0,998,0,1,5,99,0,4,3,42,0,0,0,1,48,75670,6,1,0,0,3,0,999,999,0,0,0,0,0,0,0,0,0,1,0,0,0,0,1,2,70,1,1,8,1,98,9,1,12,7,4,4,2,1,1
48,482534,1,1,2,13,12,19,34,8,0,1,0,48,1,13,1,13001,4,2003,1LNHM81W13Y6,1,L,N,H,M,8,1,W,1,3,Y,6,0,P,LINC,EXC,4D,3,17,4156,,0,1177,,G,,0,0,000000000,00000000000,0,0,0,1,0,0,0,0,0,0,0,998,0,0,0,10,11,2,3,8,0,0,0,1,48,75228,6,1,0,0,3,0,999,999,0,0,0,0,0,0,0,0,0,0,0,0,0,0,3,6,60,1,1,8,1,0,0,1,80,1,1,1,13,0,0
48,482536,1,2,1,14,12,7,45,12,6,1,0,48,1,37,31,37031,4,2002,1HGES16522L0,1,H,G,E,S,1,6,5,2,2,L,0,0,P,HOND,UCL,4D,2,17,2515,,0,1031,,G,,0,0,000000000,00000000000,0,0,0,1,0,0,0,0,0,0,0,998,0,0,0,9,9,4,3,12,0,0,0,1,48,75482,6,1,0,0,3,3,999,999,0,0,0,0,0,0,0,0,0,0,38,0,0,0,1,2,99,1,1,8,1,0,0,3,17,1,1,1,89,1,0
48,482536,2,2,1,14,12,7,45,12,6,1,0,48,1,12,481,12481,31,1999,1FTNF20F5XEC,1,F,T,N,F,2,0,F,5,X,E,C,0,T,FORD,F2S,PK,99,17,,2,0,1370,SRW,D,,0,0,000000000,00000000000,0,0,0,1,0,0,0,0,0,0,0,998,0,0,0,12,12,4,3,12,0,0,0,1,48,75482,6,1,0,0,3,0,999,999,0,0,0,0,0,0,0,0,0,0,0,0,0,0,1,2,65,1,2,8,1,0,0,1,71,1,1,1,88,0,0
48,482537,1,1,1,14,12,3,39,1,0,1,0,48,2,23,471,23471,30,1996,1GTCS14X7T85,1,G,T,C,S,1,4,X,7,T,8,5,0,T,GMC,SON,PK,96,17,,1,1179,1083,SON,G,,0,0,000000000,00000000000,0,0,0,1,0,0,0,0,0,0,0,998,0,1,5,0,0,4,3,1,0,0,0,1,48,75142,4,1,0,0,2,0,999,999,0,0,0,0,0,0,0,0,0,1,37,58,0,0,1,2,55,1,2,4,1,0,0,1,6,7,4,4,2,1,0