STATE,ST_CASE,VEH_NO,VE_FORMS,NUMOCCS,DAY,MONTH,HOUR,MINUTE,HARM_EV,MAN_COLL,UNITTYPE,HIT_RUN,REG_STAT,OWNER,MAKE,MODEL,MAK_MOD,BODY_TYP,MOD_YEAR,VIN,VIN_1,VIN_2,VIN_3,VIN_4,VIN_5,VIN_6,VIN_7,VIN_8,VIN_9,VIN_10,VIN_11,VIN_12,TOW_VEH,VINTYPE,VINMAKE,VINA_MOD,VIN_BT,VINMODYR,VIN_LNGT,VIN_WGT,WGTCD_TR,WHLBS_LG,WHLBS_SH,SER_TR,FUELCODE,MCYCL_DS,J_KNIFE,MCARR_I1,MCARR_I2,MCARR_ID,GVWR,V_CONFIG,CARGO_BT,HAZ_INV,HAZ_PLAC,HAZ_ID,HAZ_CNO,HAZ_REL,BUS_USE,SPEC_USE,EMER_USE,TRAV_SP,UNDERIDE,ROLLOVER,ROLINLOC,IMPACT1,IMPACT2,DEFORMED,TOWED,M_HARM,VEH_SC1,VEH_SC2,FIRE_EXP,DR_PRES,L_STATE,DR_ZIP,L_STATUS,L_TYPE,CDL_STAT,L_ENDORS,L_COMPL,L_RESTRI,DR_HGT,DR_WGT,PREV_ACC,PREV_SUS,PREV_DWI,PREV_SPD,PREV_OTH,FIRST_MO,FIRST_YR,LAST_MO,LAST_YR,SPEEDREL,DR_SF1,DR_SF2,DR_SF3,DR_SF4,VTRAFWAY,VNUM_LAN,VSPD_LIM,VALIGN,VPROFILE,VPAVETYP,VSURCOND,VTRAFCON,VTCONT_F,P_CRASH1,P_CRASH2,P_CRASH3,PCRASH4,PCRASH5,ACC_TYPE,DEATHS,DR_DRINK
48,482538,1,2,2,15,12,0,31,12,6,1,0,48,2,20,16,20016,4,2002,1G1JC5240272,1,G,1,J,C,5,2,4,0,2,7,2,0,P,CHEV,CAC,4D,2,17,2676,,0,1041,,C,,0,0,000000000,00000000000,0,0,0,1,0,0,0,0,0,0,0,998,0,0,0,10,10,4,3,12,0,0,0,1,48,79407,6,1,0,0,3,0,999,999,0,0,0,0,0,0,0,0,0,0,39,0,0,0,5,6,50,1,1,8,1,4,3,1,17,1,1,1,90,0,0
48,482538,2,2,2,15,12,0,31,12,6,1,0,48,2,7,461,7461,21,1991,2B4HB15Y0MK4,2,B,4,H,B,1,5,Y,0,M,K,4,0,T,DODG,B1W,MP,91,17,,2,1276,1096,RMW,G,,0,0,000000000,00000000000,0,0,0,1,0,0,0,0,0,0,0,998,0,1,1,3,3,4,3,12,0,0,0,1,48,79407,6,1,0,0,3,3,999,999,0,0,0,0,0,0,0,0,0,0,0,0,0,0,5,6,99,1,1,8,1,4,3,1,66,1,1,1,90,1,0
48,482539,1,1,2,15,12,17,58,8,0,1,0,48,1,20,481,20481,31,2000,1GCHK33J2YF4,1,G,C,H,K,3,3,J,2,Y,F,4,0,T,CHEV,GK3,CW,0,17,,2,1685,1545,GM4,G,,0,0,000000000,00000000000,0,0,0,1,0,0,0,0,0,0,0,998,0,0,0,12,12,4,3,8,0,0,0,1,48,77356,6,1,0,0,3,0,999,999,0,0,0,0,0,0,0,0,0,0,0,0,0,0,5,3,55,1,2,8,1,0,0,1,80,1,1,1,13,0,0
48,482540,1,2,1,16,12,16,30,12,6,1,0,48,2,12,481,12481,31,2004,1FTPW12564FA,1,F,T,P,W,1,2,5,6,4,F,A,1,T,FORD,F1S,CW,4,17,,2,1450,1260,COF,G,,1,0,000000000,00000000000,0,0,0,1,0,0,0,0,0,0,0,998,0,0,0,9,9,4,3,12,0,0,0,1,48,78850,6,1,0,0,3,3,999,999,0,0,0,0,0,0,0,0,0,0,38,0,0,0,1,2,99,1,1,8,1,20,3,3,17,1,1,1,89,1,0
48,482540,2,2,1,16,12,16,30,12,6,1,0,93,3,84,881,84881,66,2005,2HSCNAPR75C0,2,H,S,C,N,A,P,R,7,5,C,0,1,T,INTL,94I,DS,5,17,,8,0,0,940,D,,1,57,74816,5774816,3,6,2,2,2,1075,2,1,0,0,0,998,0,0,0,12,12,4,3,12,0,0,0,1,96,99999,9,9,99,9,9,9,999,999,99,99,99,99,99,99,9999,99,9999,0,0,0,0,0,1,2,70,1,1,8,1,0,0,1,66,2,1,1,88,0,0
48,482541,1,2,1,16,12,14,55,12,2,1,0,48,2,72,706,72706,80,2009,1HD1JL5189Y0,1,H,D,1,J,L,5,1,8,9,Y,0,0,M,HD,XTC,RS,9,17,,,,,,,1584,0,0,000000000,00000000000,0,0,0,1,0,0,0,0,0,0,0,998,0,0,0,12,12,9,2,12,0,0,0,1,48,75754,0,0,0,0,0,0,999,999,0,0,0,0,0,0,0,0,0,1,28,0,0,0,1,2,55,2,2,8,1,0,0,14,8,99,9,2,50,1,1
48,482541,2,2,1,16,12,14,55,12,2,1,0,48,1,7,482,7482,31,1994,1B7JC26Z6RS6,1,B,7,J,C,2,6,Z,6,R,S,6,0,T,DODG,250,PK,94,17,,2,0,1347,RPC,G,,0,0,000000000,00000000000,0,0,0,1,0,0,0,0,0,0,0,998,0,0,0,12,12,4,3,12,0,0,0,1,48,75773,6,1,0,0,3,0,999,999,0,0,0,0,0,0,0,0,0,0,0,0,0,0,1,2,55,3,2,8,1,0,0,14,62,9,2,1,51,0,0
48,482542,1,1,1,17,12,22,46,8,0,1,1,48,1,19,480,19480,31,2004,3GYEK62N44G1,3,G,Y,E,K,6,2,N,4,4,G,1,0,P,CADI,ESC,UT,4,17,5879,,0,1300,,G,,0,0,000000000,00000000000,0,0,0,1,0,0,0,0,0,0,0,998,0,0,0,12,12,2,3,8,0,0,0,1,48,79938,1,1,1,0,2,0,999,999,1,4,0,0,2,10,2008,7,2010,0,91,0,0,0,2,2,55,1,2,8,1,0,0,1,80,1,1,1,13,0,1
48,482543,1,1,2,17,12,23,6,1,0,1,0,48,2,12,481,12481,31,2007,1FTRF12237KC,1,F,T,R,F,1,2,2,3,7,K,C,0,T,FORD,F15,PK,7,17,,2,1450,1260,COF,G,,0,0,000000000,00000000000,0,0,0,1,0,0,0,0,0,0,0,998,0,1,6,0,0,6,2,1,0,0,0,1,48,75103,6,1,0,0,3,3,66,162,0,0,0,0,0,0,0,0,0,1,36,0,0,0,1,2,30,1,1,8,1,0,0,3,6,99,4,4,7,1,1
48,482544,1,4,4,17,12,14,42,12,1,1,0,48,2,12,3,12003,2,2004,1FAFP42X64F1,1,F,A,F,P,4,2,X,6,4,F,1,0,P,FORD,MGT,CP,4,17,3114,,0,1013,,G,,0,0,000000000,00000000000,0,0,0,1,0,0,0,0,0,0,0,998,0,0,0,12,12,6,2,12,0,0,0,1,48,79107,6,2,0,0,3,2,999,999,0,0,0,0,0,0,0,0,0,1,91,73,0,0,5,6,45,1,1,8,2,3,3,1,51,1,1,1,24,1,0
48,482544,2,4,2,17,12,14,42,12,1,1,0,48,2,7,482,7482,31,2004,1D7HA16D14J1,1,D,7,H,A,1,6,D,1,4,J,1,0,T,DODG,S15,PK,4,17,,2,1405,1205,RPC,G,,0,0,000000000,00000000000,0,0,0,1,0,0,0,0,0,0,0,998,0,0,0,6,6,4,3,12,0,0,0,1,48,79107,6,1,6,0,3,0,999,999,0,0,0,0,0,0,0,0,0,0,0,0,0,0,5,6,45,1,1,8,2,3,3,1,53,1,1,1,25,0,0
48,482544,3,4,1,17,12,14,42,12,1,1,0,48,1,18,7,18007,4,2002,2G4WS52J8211,2,G,4,W,S,5,2,J,8,2,1,1,0,P,BUIC,CCU,4D,2,17,3368,,0,1090,,G,,0,0,000000000,00000000000,0,0,0,1,0,0,0,0,0,0,0,998,0,0,0,11,11,2,1,12,0,0,0,1,48,79119,6,1,0,0,3,3,999,999,0,0,0,0,0,0,0,0,0,0,0,0,0,0,5,6,45,1,1,8,2,3,3,1,60,1,1,1,98,0,0
48,482544,4,4,2,17,12,14,42,12,1,1,0,48,1,23,481,23481,31,1996,2GTEK19R5T15,2,G,T,E,K,1,9,R,5,T,1,5,0,T,GMC,SK1,PC,96,17,,2,1555,1415,SIE,G,,0,0,000000000,00000000000,0,0,0,1,0,0,0,0,0,0,0,998,0,0,0,12,12,4,3,12,0,0,0,1,48,79110,6,1,0,0,3,0,999,999,0,3,0,0,0,9,2008,10,2009,0,0,0,0,0,5,6,45,1,1,8,2,3,3,1,62,1,1,1,98,0,0
48,482545,1,2,2,17,12,18,45,12,6,1,0,48,2,20,22,20022,4,2007,1G1AL55FX772,1,G,1,A,L,5,5,F,X,7,7,2,0,P,CHEV,BLT,4D,7,17,3216,,0,1033,,G,,0,0,000000000,00000000000,0,0,0,1,0,0,0,0,0,0,0,998,0,0,0,7,7,6,2,12,0,0,0,1,48,75604,6,1,0,0,3,0,999,999,0,0,0,4,0,6,2008,4,2010,0,48,0,0,0,1,2,60,1,3,8,1,0,0,11,53,1,1,2,72,1,0
48,482545,2,2,1,17,12,18,45,12,6,1,0,99,9,82,881,82881,62,2000,1FV6HJAC5YHG,1,F,V,6,H,J,A,C,5,Y,H,G,0,T,FRHT,F70,CC,0,17,,6,0,0,MCV,D,,0,57,1434986,571434986,2,1,1,1,0,0,0,0,0,0,0,998,0,0,0,12,12,4,3,12,0,0,0,1,48,75644,6,1,6,0,3,0,999,999,0,0,0,0,0,0,0,0,0,0,0,0,0,0,1,2,60,1,3,8,1,0,0,1,61,1,1,1,73,0,0
48,482546,1,5,1,18,12,10,47,12,6,1,1,48,9,19,22,19022,4,2006,1G6KD57Y06U1,1,G,6,K,D,5,7,Y,0,6,U,1,0,P,CADI,TDS,4D,6,17,4009,,0,1156,,G,,0,0,000000000,00000000000,0,0,0,1,0,0,0,0,0,0,0,998,0,0,0,12,12,4,3,12,0,0,1,1,99,99999,9,9,99,0,9,9,999,999,99,99,99,99,99,99,9999,99,9999,1,39,91,0,0,2,3,35,1,1,1,1,3,3,1,17,3,2,1,86,0,0
48,482546,2,5,1,18,12,10,47,12,6,1,0,48,1,49,32,49032,4,2000,1NXBR12E3YZ3,1,N,X,B,R,1,2,E,3,Y,Z,3,0,P,TOYT,UVL,4D,0,17,2403,,0,970,,G,,0,0,000000000,00000000000,0,0,0,1,0,0,0,0,0,0,0,998,0,0,0,3,3,2,3,12,0,0,0,1,48,77063,6,1,0,0,3,3,999,999,0,0,0,0,0,0,0,0,0,0,0,0,0,0,2,3,99,1,1,1,1,3,3,1,66,1,1,1,87,1,0
48,482546,3,5,1,18,12,10,47,12,6,1,0,48,2,37,31,37031,2,1994,2HGEJ222XRH5,2,H,G,E,J,2,2,2,X,R,H,5,0,P,HOND,CID,CP,94,17,2168,,0,1032,,G,,0,0,000000000,00000000000,0,0,0,1,0,0,0,0,0,0,0,998,0,0,0,3,3,2,3,12,0,0,0,1,48,77042,6,1,0,0,3,0,999,999,0,0,0,0,0,0,0,0,0,0,0,0,0,0,2,3,99,1,1,1,1,3,3,1,60,1,1,1,98,0,0
48,482546,4,5,1,18,12,10,47,12,6,1,0,48,3,49,47,49047,6,2009,2T1KE40E99C0,2,T,1,K,E,4,0,E,9,9,C,0,0,P,TOYT,CSM,4H,9,17,3065,,0,1024,,G,,0,0,000000000,00000000000,0,0,0,1,0,0,0,0,0,0,0,998,0,0,0,3,3,2,1,12,0,0,0,1,48,77077,6,1,0,0,3,0,999,999,0,0,0,0,0,0,0,0,0,0,0,0,0,0,2,3,99,1,1,1,1,3,3,1,60,1,1,1,98,0,0
48,482546,5,5,1,18,12,10,47,12,6,1,0,48,3,82,881,82881,62,2010,1FVACWDT5ADA,1,F,V,A,C,W,D,T,5,A,D,A,0,T,FRHT,16M,CC,10,17,,6,0,0,FM2,D,,0,99,999999999,99999999999,2,1,1,1,0,0,0,0,0,0,0,998,0,0,0,12,12,2,1,12,0,0,0,1,48,77433,6,1,0,0,3,3,999,999,0,0,0,0,0,0,0,0,0,0,0,0,0,0,2,3,99,1,1,1,1,3,3,1,66,1,1,1,98,0,0
48,482547,1,1,1,18,12,16,50,21,0,1,0,48,2,20,444,20444,20,2005,1GNDV23L95D2,1,G,N,D,V,2,3,L,9,5,D,2,0,T,CHEV,DLS,ES,5,17,,1,0,1211,UPL,G,,0,0,000000000,00000000000,0,0,0,1,0,0,0,0,0,0,0,998,0,0,0,12,12,6,2,21,0,0,0,1,48,77547,6,1,0,0,3,0,999,999,0,1,0,0,0,1,2008,1,2008,0,0,0,0,0,1,4,35,1,2,8,1,0,0,1,13,1,1,4,1,1,0
48,482548,1,1,1,18,12,19,10,31,0,1,0,48,2,20,2,20002,4,2002,2G1WH55K1292,2,G,1,W,H,5,5,K,1,2,9,2,0,P,CHEV,IPL,4D,2,17,3466,,0,1105,,G,,0,0,000000000,00000000000,0,0,0,1,0,0,0,0,0,0,0,998,0,1,5,12,9,4,3,30,0,0,0,1,48,77328,0,0,0,0,0,0,70,156,0,0,0,0,0,0,0,0,0,1,0,0,0,0,1,2,35,3,1,8,1,0,0,14,12,1,1,4,6,1,0
48,482549,1,1,1,18,12,2,55,42,0,1,0,48,2,7,482,7482,31,2003,1D7HA18N23S2,1,D,7,H,A,1,8,N,2,3,S,2,0,T,DODG,SQ1,CW,3,17,,2,1605,1405,RPC,G,,0,0,000000000,00000000000,0,0,0,1,0,0,0,0,0,0,0,998,0,0,0,9,9,6,2,42,0,0,0,1,48,75662,0,0,0,0,0,0,999,999,0,0,0,0,0,0,0,0,0,0,58,0,0,0,1,2,60,1,3,8,1,0,0,1,13,6,3,4,7,1,1
48,482550,1,1,1,18,12,3,35,1,0,1,0,48,2,23,471,23471,30,1997,1GTCS14X4V85,1,G,T,C,S,1,4,X,4,V,8,5,0,T,GMC,SON,PK,97,17,,1,1179,1083,SON,G,,0,0,000000000,00000000000,0,0,0,1,0,0,0,0,0,0,0,998,0,9,5,0,0,4,3,1,0,0,0,1,48,75708,0,0,0,0,0,0,999,999,0,0,0,0,0,0,0,0,0,1,58,0,0,0,1,2,55,1,1,8,1,0,0,1,12,7,9,4,6,1,1
48,482551,1,2,2,19,12,19,10,12,6,1,0,5,1,72,706,72706,80,1998,1HD1FRR12WY6,1,H,D,1,F,R,R,1,2,W,Y,6,0,M,HD,FCI,RS,98,17,,,,,,,1340,0,0,000000000,00000000000,0,0,0,1,0,0,0,0,0,0,0,998,0,0,0,12,12,9,2,12,0,0,0,1,48,79764,6,1,0,0,3,0,999,999,0,0,0,0,0,0,0,0,0,0,0,0,0,0,1,2,40,1,1,8,1,0,0,1,62,1,1,1,69,1,1
48,482551,2,2,1,19,12,19,10,12,6,1,0,48,2,20,16,20016,2,2001,1G1JC1249171,1,G,1,J,C,1,2,4,9,1,7,1,0,P,CHEV,CAV,CP,1,17,2617,,0,1041,,G,,0,0,000000000,00000000000,0,0,0,1,0,0,0,0,0,0,0,998,0,0,0,1,1,2,3,12,0,0,0,1,48,79763,0,0,0,0,0,0,999,999,0,0,0,0,0,0,0,0,0,0,38,0,0,0,1,2,40,1,1,8,1,0,0,11,10,1,1,2,68,0,0
48,482552,1,1,1,19,12,1,40,1,0,1,0,48,2,24,1,24001,4,1995,1G8ZH5285SZ1,1,G,8,Z,H,5,2,8,5,S,Z,1,0,P,STRN,SL1,4D,95,17,2252,,0,1024,,G,,0,0,000000000,00000000000,0,0,0,1,0,0,0,0,0,0,0,998,0,1,1,0,0,4,3,1,0,0,0,1,48,75163,1,1,0,0,2,0,999,999,0,5,0,0,0,6,2008,7,2010,1,58,0,0,0,1,2,55,1,1,8,1,0,0,1,13,6,3,6,98,1,1
48,482553,1,1,99,20,12,18,22,8,0,1,1,99,9,99,999,99999,99,9999,999999999999,9,9,9,9,9,9,9,9,9,9,9,9,0,U,,,,9,17,,,,,,,,0,0,000000000,00000000000,0,0,0,1,0,0,0,0,0,0,0,998,0,0,0,12,12,2,1,8,0,0,0,1,99,99999,9,9,99,9,9,9,999,999,99,99,99,99,99,99,9999,99,9999,0,99,99,99,99,1,4,35,1,1,8,1,0,0,1,80,1,1,1,13,0,0
48,482554,1,3,6,20,12,19,55,12,6,1,0,48,1,12,17,12017,4,2005,1FAFP53255A1,1,F,A,F,P,5,3,2,5,5,A,1,0,P,FORD,TSE,4D,5,17,3306,,0,1085,,F,,0,0,000000000,00000000000,0,0,0,1,0,0,0,0,0,0,0,998,0,0,0,2,2,4,3,12,0,0,0,1,48,78537,6,1,0,0,3,0,999,999,0,0,0,0,0,0,0,0,0,0,38,0,0,0,1,4,55,1,1,8,1,3,3,11,15,1,1,1,68,1,1
48,482554,2,3,1,20,12,19,55,12,6,1,0,48,1,2,404,2404,14,2007,1J8FT48W67D3,1,J,8,F,T,4,8,W,6,7,D,3,0,T,JEEP,PTL,4W,7,17,,1,0,1037,PRT,G,,0,0,000000000,00000000000,0,0,0,1,0,0,0,0,0,0,0,998,0,0,0,12,12,4,3,12,0,0,0,1,48,78538,6,1,0,0,3,0,999,999,0,0,0,0,0,0,0,0,0,0,0,0,0,0,1,4,55,1,1,8,1,3,3,1,62,1,1,1,69,0,0
48,482554,3,3,1,20,12,19,55,12,6,1,0,48,2,12,481,12481,31,2010,1FTEW1E85AFC,1,F,T,E,W,1,E,8,5,A,F,C,0,T,FORD,F1S,CW,10,17,,2,1570,1450,COF,G,,0,0,000000000,00000000000,0,0,0,1,0,0,0,0,0,0,0,0,0,0,0,12,12,2,1,12,0,0,0,1,48,78516,6,1,0,0,3,3,999,999,0,0,0,0,0,0,0,0,0,0,0,0,0,0,1,2,99,1,1,8,1,3,3,5,67,1,1,1,98,0,0
48,482555,1,1,1,27,12,18,43,42,0,1,0,48,3,12,16,12016,4,2010,2FABP7BV3AX1,2,F,A,B,P,7,B,V,3,A,X,1,0,P,FORD,CVP,4D,10,17,4128,,0,1147,,F,,0,0,000000000,00000000000,0,0,0,1,0,0,0,0,0,5,1,998,0,1,5,11,11,4,3,42,0,0,0,1,48,77469,6,1,6,0,3,1,999,999,0,0,0,0,0,0,0,0,0,0,0,0,0,0,1,2,55,1,1,8,1,0,0,6,90,6,1,4,6,1,0
48,482556,1,1,1,20,12,10,45,1,0,1,0,4,1,37,402,37402,14,1998,JHLRD1863WC0,J,H,L,R,D,1,8,6,3,W,C,0,0,P,HOND,CRV,UT,98,17,3155,,0,1032,,G,,0,0,000000000,00000000000,0,0,0,1,0,0,0,0,0,0,0,998,0,2,3,0,0,4,3,1,0,0,0,1,4,86301,6,1,0,0,3,0,59,105,0,0,0,0,0,0,0,0,0,0,58,0,0,0,2,4,70,1,1,8,1,0,0,1,12,7,9,4,7,1,0
48,482557,1,1,1,21,12,16,55,1,0,1,0,48,2,49,441,49441,20,1993,JT3AC12RXP11,J,T,3,A,C,1,2,R,X,P,1,1,0,P,TOYT,PRE,SV,93,17,3745,,0,1128,,G,,0,0,000000000,00000000000,0,0,0,1,0,0,0,0,0,0,0,998,0,1,5,0,0,6,2,1,0,0,0,1,48,79072,6,2,6,0,2,1,999,999,0,0,0,0,0,0,0,0,0,1,0,0,0,0,1,2,60,1,1,8,11,0,0,1,6,1,3,4,2,1,0
48,482558,1,1,1,21,12,3,28,8,0,1,0,48,2,49,40,49040,4,2007,4T1BE46K37U0,4,T,1,B,E,4,6,K,3,7,U,0,0,P,TOYT,CMB,4D,7,17,3108,,0,1093,,G,,0,0,000000000,00000000000,0,0,0,1,0,0,0,0,0,0,0,998,0,0,0,12,12,4,9,8,0,0,0,1,48,78681,6,1,0,0,3,3,999,999,0,0,0,0,0,0,0,0,0,0,0,0,0,0,3,6,55,1,6,8,1,0,0,1,80,1,1,1,13,0,0
48,482559,1,2,2,22,12,10,9,12,6,1,0,48,1,12,481,12481,31,2006,1FTRW12W06KD,1,F,T,R,W,1,2,W,0,6,K,D,0,T,FORD,F1S,CW,6,17,,2,0,1390,COF,G,,0,0,000000000,00000000000,0,0,0,1,0,0,0,0,0,0,0,998,0,0,0,3,3,4,3,12,0,0,0,1,48,78596,1,1,0,0,2,0,999,999,0,2,0,0,0,3,2010,11,2010,0,38,91,0,0,1,2,45,1,1,8,1,0,0,11,10,1,1,2,68,0,0
48,482559,2,2,1,22,12,10,9,12,6,1,0,48,2,53,706,53706,80,2003,JS1GT75A3321,J,S,1,G,T,7,5,A,3,3,2,1,0,M,SUZI,XR1,RS,3,17,,,,,,,988,0,0,000000000,00000000000,0,0,0,1,0,0,0,0,0,0,0,998,0,0,0,99,99,9,2,12,0,0,0,1,48,78596,6,1,0,0,2,0,999,999,0,0,0,0,0,0,0,0,0,0,0,0,0,0,1,2,45,1,1,8,1,0,0,1,62,99,9,1,69,1,0
48,482560,1,3,4,22,12,10,12,12,7,1,0,48,2,7,482,7482,31,2004,3D7KA28D44G1,3,D,7,K,A,2,8,D,4,4,G,1,0,T,DODG,SQ2,CW,4,17,,2,1605,1405,RPC,G,,0,0,000000000,00000000000,0,0,0,1,0,0,0,0,0,0,0,998,0,0,0,9,9,2,1,12,0,0,0,1,27,75142,6,1,0,0,3,0,67,175,0,0,0,0,0,0,0,0,0,0,0,0,0,0,1,2,99,1,1,8,1,0,0,1,10,1,1,2,45,0,0
48,482560,2,3,1,22,12,10,12,12,7,1,0,48,2,35,39,35039,4,1997,JN1CA21D6VT8,J,N,1,C,A,2,1,D,6,V,T,8,0,P,NISS,MGS,4D,97,17,2886,,0,1063,,G,,0,0,000000000,00000000000,0,0,0,1,0,0,0,0,0,0,0,998,0,1,5,1,0,4,3,1,0,0,0,1,48,75142,6,1,0,0,3,0,65,186,0,0,0,0,0,0,0,0,0,0,0,0,0,0,1,2,99,1,1,8,1,0,0,6,51,12,1,2,46,1,0
48,482560,3,3,2,22,12,10,12,12,7,1,0,48,2,12,17,12017,4,1995,1FALP52U1SA3,1,F,A,L,P,5,2,U,1,S,A,3,0,P,FORD,TGS,4D,95,17,3118,,0,1060,,G,,0,0,000000000,00000000000,0,0,0,1,0,0,0,0,0,0,0,998,0,0,0,6,12,2,3,24,0,0,0,1,48,77856,6,1,0,0,3,0,999,999,0,0,0,0,0,0,0,0,0,0,0,0,0,0,1,2,99,1,1,8,1,0,0,1,53,1,1,1,98,0,0
48,482561,1,1,1,22,12,20,37,42,0,1,0,48,1,38,402,38402,14,2002,4S2CK58W1243,4,S,2,C,K,5,8,W,1,2,4,3,0,P,ISU,ROD,UT,2,17,0,,0,1064,,G,,0,0,000000000,00000000000,0,0,0,1,0,0,0,0,0,0,0,998,0,0,0,12,12,6,2,42,0,0,0,1,48,76020,6,1,0,0,3,3,999,999,0,0,0,0,0,0,0,0,0,1,0,0,0,0,1,2,60,3,2,8,1,0,0,14,13,99,1,4,6,1,0
48,482562,1,1,1,22,12,1,18,33,0,1,0,48,1,20,22,20022,4,2007,1G1AK55F3773,1,G,1,A,K,5,5,F,3,7,7,3,0,P,CHEV,BLS,4D,7,17,3216,,0,1033,,G,,0,0,000000000,00000000000,0,0,0,1,0,0,0,0,0,0,0,998,0,0,0,14,1,6,2,39,0,0,0,1,48,77340,6,1,6,0,3,0,70,210,0,0,0,0,0,0,0,0,0,0,0,0,0,0,1,4,35,1,1,8,1,0,0,1,13,1,1,4,1,1,1
48,482563,1,1,5,23,12,16,24,1,0,1,0,48,2,20,481,20481,31,2003,2GCEK19T8312,2,G,C,E,K,1,9,T,8,3,1,2,1,T,CHEV,SK1,4C,3,17,,2,1575,1435,SIL,G,,2,0,000000000,00000000000,0,0,0,1,0,0,0,0,0,0,0,998,0,2,3,0,3,4,3,1,0,0,0,1,48,78520,6,1,0,0,3,0,999,999,0,0,0,1,2,7,2008,6,2010,0,58,0,0,0,3,2,70,1,2,8,1,0,0,1,10,7,2,4,2,1,0
48,482564,1,1,3,24,12,2,5,34,0,1,0,48,2,23,481,23481,31,2004,1GTHK292X4E3,1,G,T,H,K,2,9,2,X,4,E,3,0,T,GMC,2KH,4C,4,17,,2,1575,1430,SIE,D,,0,0,000000000,00000000000,0,0,0,1,0,0,0,0,0,0,0,998,0,1,5,99,3,6,2,1,0,0,0,1,48,75686,6,1,0,0,3,3,999,999,0,0,0,0,0,0,0,0,0,1,58,0,0,0,1,2,55,3,2,8,1,0,0,14,6,6,4,4,7,1,1
48,482565,1,1,2,24,12,16,22,33,0,1,0,48,2,12,481,12481,31,2009,1FTSW21R69EA,1,F,T,S,W,2,1,R,6,9,E,A,0,T,FORD,F2S,CW,9,17,,2,1720,1560,SRW,D,,0,0,000000000,00000000000,0,0,0,1,0,0,0,0,0,0,0,998,0,1,5,99,2,4,3,1,0,0,0,1,48,75771,6,1,0,0,3,0,999,999,0,0,0,0,0,0,0,0,0,1,87,0,0,0,5,6,55,1,1,8,2,0,0,1,6,1,9,4,2,1,0
48,482566,1,2,1,24,12,13,20,12,6,1,0,48,1,12,13,12013,4,1994,3FARP13J6RR1,3,F,A,R,P,1,3,J,6,R,R,1,0,P,FORD,EST,4D,94,17,2371,,0,984,,G,,0,0,000000000,00000000000,0,0,0,1,0,0,0,0,0,0,0,998,0,0,0,3,6,4,3,12,0,0,0,1,48,79601,6,1,0,0,3,0,999,999,0,0,0,0,0,0,0,0,0,0,38,0,0,0,5,4,40,1,1,8,2,0,0,11,15,1,1,1,68,1,0
48,482566,2,2,3,24,12,13,20,12,6,1,0,48,1,18,7,18007,4,1999,2G4WY52M5X14,2,G,4,W,Y,5,2,M,5,X,1,4,0,P,BUIC,CLM,4D,99,17,3371,,0,1090,,G,,0,0,000000000,00000000000,0,0,0,1,0,0,0,0,0,0,0,998,0,0,0,12,12,4,3,12,0,0,0,1,48,79501,6,1,0,0,3,3,999,999,0,0,0,0,0,0,0,0,0,0,0,0,0,0,5,4,40,1,1,8,2,0,0,1,62,1,1,1,69,0,0
48,482567,1,1,2,25,12,2,58,8,0,1,0,48,1,62,401,62401,14,2000,SALTY1249YA2,S,A,L,T,Y,1,2,4,9,Y,A,2,0,T,LNDR,DII,4W,0,17,,2,0,1000,DIS,G,,0,0,000000000,00000000000,0,0,0,1,0,0,0,0,0,0,0,998,0,0,0,12,12,4,3,8,0,0,0,1,48,78258,6,1,0,0,3,0,999,999,0,1,0,2,0,6,2008,3,2010,0,0,0,0,0,3,4,60,1,2,8,1,0,0,1,80,1,1,1,13,0,0
48,482568,1,1,1,26,12,15,22,42,0,1,0,48,1,52,34,52034,4,2005,4A3AB36F35E0,4,A,3,A,B,3,6,F,3,5,E,0,0,P,MITS,ELM,4D,5,17,3351,,0,1083,,G,,0,0,000000000,00000000000,0,0,0,1,0,0,0,0,0,0,0,998,0,0,0,12,12,4,3,42,0,0,0,1,48,77090,6,1,0,0,3,3,999,999,1,0,0,0,0,5,2008,5,2008,0,0,0,0,0,1,4,35,2,1,1,1,0,0,14,10,1,1,4,6,1,0
48,482569,1,1,2,26,12,22,18,1,0,1,0,48,1,72,706,72706,80,2006,1HD1KBW1X6Y6,1,H,D,1,K,B,W,1,X,6,Y,6,0,M,HD,FHI,RS,6,17,,,,,,,1450,0,0,000000000,00000000000,0,0,0,1,0,0,0,0,0,0,0,998,0,0,0,0,3,9,3,1,0,0,0,1,48,79707,6,1,0,0,3,0,999,999,0,0,0,0,0,0,0,0,0,0,91,0,0,0,3,2,45,2,1,8,1,0,0,14,10,1,1,4,6,1,1
48,482570,1,2,1,27,12,16,35,12,6,1,0,48,1,12,37,12037,4,2007,1FAFP34N17W3,1,F,A,F,P,3,4,N,1,7,W,3,0,P,FORD,FMS,4D,7,17,2636,,0,1029,,G,,0,0,000000000,00000000000,0,0,0,1,0,0,0,0,0,0,0,998,0,0,0,3,3,6,2,12,0,0,0,1,48,78621,6,1,0,0,3,0,999,999,0,0,0,0,0,0,0,0,0,0,38,0,0,0,2,4,65,1,2,8,1,21,3,11,15,1,1,1,68,1,1