STATE,ST_CASE,VEH_NO,VE_FORMS,NUMOCCS,DAY,MONTH,HOUR,MINUTE,HARM_EV,MAN_COLL,UNITTYPE,HIT_RUN,REG_STAT,OWNER,MAKE,MODEL,MAK_MOD,BODY_TYP,MOD_YEAR,VIN,VIN_1,VIN_2,VIN_3,VIN_4,VIN_5,VIN_6,VIN_7,VIN_8,VIN_9,VIN_10,VIN_11,VIN_12,TOW_VEH,VINTYPE,VINMAKE,VINA_MOD,VIN_BT,VINMODYR,VIN_LNGT,VIN_WGT,WGTCD_TR,WHLBS_LG,WHLBS_SH,SER_TR,FUELCODE,MCYCL_DS,J_KNIFE,MCARR_I1,MCARR_I2,MCARR_ID,GVWR,V_CONFIG,CARGO_BT,HAZ_INV,HAZ_PLAC,HAZ_ID,HAZ_CNO,HAZ_REL,BUS_USE,SPEC_USE,EMER_USE,TRAV_SP,UNDERIDE,ROLLOVER,ROLINLOC,IMPACT1,IMPACT2,DEFORMED,TOWED,M_HARM,VEH_SC1,VEH_SC2,FIRE_EXP,DR_PRES,L_STATE,DR_ZIP,L_STATUS,L_TYPE,CDL_STAT,L_ENDORS,L_COMPL,L_RESTRI,DR_HGT,DR_WGT,PREV_ACC,PREV_SUS,PREV_DWI,PREV_SPD,PREV_OTH,FIRST_MO,FIRST_YR,LAST_MO,LAST_YR,SPEEDREL,DR_SF1,DR_SF2,DR_SF3,DR_SF4,VTRAFWAY,VNUM_LAN,VSPD_LIM,VALIGN,VPROFILE,VPAVETYP,VSURCOND,VTRAFCON,VTCONT_F,P_CRASH1,P_CRASH2,P_CRASH3,PCRASH4,PCRASH5,ACC_TYPE,DEATHS,DR_DRINK
48,482570,2,2,3,27,12,16,35,12,6,1,0,48,2,7,26,7026,4,2008,1B3LC46K58N5,1,B,3,L,C,4,6,K,5,8,N,5,0,P,DODG,AVN,4D,8,17,3355,,0,1089,,G,,0,0,000000000,00000000000,0,0,0,1,0,0,0,0,0,0,0,70,0,0,0,12,12,4,3,12,0,0,0,1,48,76541,0,0,0,0,0,0,999,999,0,0,0,0,0,0,0,0,0,0,0,0,0,0,2,4,65,1,2,8,1,0,0,1,62,1,1,1,69,0,0
48,482571,1,1,1,27,12,5,55,42,0,1,0,48,1,7,26,7026,4,2008,1B3LC46K18N1,1,B,3,L,C,4,6,K,1,8,N,1,0,P,DODG,AVN,4D,8,17,3355,,0,1089,,G,,0,0,000000000,00000000000,0,0,0,1,0,0,0,0,0,0,0,998,0,0,0,12,12,4,3,42,0,0,0,1,48,75751,6,1,0,0,3,3,62,120,0,0,0,0,0,0,0,0,0,1,0,0,0,0,1,2,65,3,2,8,1,0,0,14,12,3,4,4,7,1,0
48,482572,1,1,5,27,12,4,41,1,0,1,0,48,2,21,401,21401,14,2000,1GHDT13W1Y23,1,G,H,D,T,1,3,W,1,Y,2,3,0,P,OLDS,BRA,UT,0,17,4068,,0,1070,,G,,0,0,000000000,00000000000,0,0,0,1,0,0,0,0,0,0,0,998,0,2,1,0,0,4,3,1,0,0,0,1,48,77619,6,1,0,0,3,0,999,999,0,0,0,0,0,0,0,0,0,1,91,0,0,0,1,2,30,2,1,8,1,0,0,14,6,1,7,3,98,1,1
48,482573,1,2,2,28,12,18,55,12,6,1,0,48,2,59,32,59032,4,1999,JT8BH28F7X01,J,T,8,B,H,2,8,F,7,X,0,1,0,P,LEXS,LS4,4D,99,17,3890,,0,1122,,G,,0,0,000000000,00000000000,0,0,0,1,0,0,0,0,0,0,0,998,0,0,0,9,9,4,3,12,0,0,0,1,48,75093,6,1,0,0,3,0,999,999,0,0,0,1,0,7,2010,7,2010,0,38,0,0,0,2,6,40,1,1,8,2,3,3,11,15,1,1,1,68,1,0
48,482573,2,2,1,28,12,18,55,12,6,1,0,48,3,20,461,20461,21,2003,1GCGG25U4312,1,G,C,G,G,2,5,U,4,3,1,2,0,T,CHEV,E25,CG,3,17,,2,0,1350,EXP,G,,0,0,000000000,00000000000,0,0,0,1,0,0,0,0,0,0,0,998,0,0,0,12,12,4,3,12,0,0,0,1,48,75074,6,1,0,0,3,3,999,999,0,0,0,0,0,0,0,0,0,0,0,0,0,0,2,6,40,1,1,8,2,3,3,1,62,4,1,1,69,0,0
48,482574,1,2,1,28,12,14,8,12,6,1,0,48,1,13,1,13001,4,2000,1LNHM81WXYY9,1,L,N,H,M,8,1,W,X,Y,Y,9,0,P,LINC,EXC,4D,0,17,4047,,0,1177,,G,,0,0,000000000,00000000000,0,0,0,1,0,0,0,0,0,0,0,998,0,0,0,9,9,6,2,12,0,0,0,1,48,75034,6,1,0,0,3,0,999,999,0,0,0,0,0,0,0,0,0,1,28,0,0,0,2,4,45,3,1,2,2,0,0,14,6,1,4,2,64,1,0
48,482574,2,2,3,28,12,14,8,12,6,1,0,48,2,49,482,49482,31,2005,5TBRT34175S4,5,T,B,R,T,3,4,1,7,5,S,4,1,T,TOYT,TT5,4C,5,17,,2,0,1283,TUN,G,,1,0,000000000,00000000000,0,0,0,1,0,0,0,0,0,0,0,998,0,0,0,12,12,4,3,12,0,0,0,1,48,76104,0,0,0,0,0,0,999,999,0,0,0,0,0,0,0,0,0,0,0,0,0,0,2,4,45,2,1,2,2,0,0,14,62,2,1,1,65,0,0
48,482575,1,2,1,28,12,13,18,12,1,1,0,93,1,85,881,85881,66,1995,1XKAD69XXSR6,1,X,K,A,D,6,9,X,X,S,R,6,1,T,KW,T60,DS,95,17,,8,0,1600,CON,D,,1,57,286600,57286600,3,6,3,1,0,0,0,0,0,0,0,0,0,0,0,6,6,2,1,12,0,0,0,1,48,76105,6,1,6,0,3,0,999,999,0,0,0,0,0,0,0,0,0,0,0,0,0,0,6,1,60,3,2,8,2,0,0,5,53,1,1,1,21,0,0
48,482575,2,2,2,28,12,13,18,12,1,1,0,48,1,7,20,7020,4,2001,1B3ES46C71D2,1,B,3,E,S,4,6,C,7,1,D,2,0,P,DODG,NSS,4D,1,17,2585,,0,1050,,G,,0,0,000000000,00000000000,0,0,0,1,0,0,0,0,0,0,0,998,0,0,0,12,12,2,3,8,32,0,0,1,48,76112,6,1,0,0,3,3,999,999,0,0,0,0,0,0,0,0,0,1,0,0,0,0,6,1,60,3,2,8,2,0,0,14,50,1,1,1,20,0,0
48,482576,1,1,2,29,12,12,16,8,0,1,0,48,2,98,898,98898,60,2002,5B4KP42R0233,5,B,4,K,P,4,2,R,0,2,3,3,0,U,,,,2,17,,,,,,,,0,88,888888888,88888888888,2,1,1,1,0,0,0,0,0,0,0,998,0,0,0,12,12,0,8,8,0,0,0,1,48,75060,6,1,0,0,3,0,999,999,0,0,0,0,0,0,0,0,0,0,0,0,0,0,2,6,40,1,3,8,1,0,0,1,80,1,1,1,13,0,0
48,482578,1,1,2,30,12,23,18,33,0,1,0,48,1,72,706,72706,80,2007,1HD1KB41X7Y6,1,H,D,1,K,B,4,1,X,7,Y,6,0,M,HD,FHX,RS,7,17,,,,,,,1584,0,0,000000000,00000000000,0,0,0,1,0,0,0,0,0,0,0,998,0,0,0,99,99,2,3,33,32,0,0,1,48,76137,6,1,0,0,2,3,999,999,0,0,0,1,0,6,2010,6,2010,1,0,0,0,0,6,1,40,2,2,8,2,0,0,14,12,1,1,4,6,1,1
48,482579,1,2,1,30,12,18,0,12,6,1,0,48,2,7,461,7461,21,1997,2B7HB21X9VK5,2,B,7,H,B,2,1,X,9,V,K,5,0,T,DODG,25B,CG,97,17,,2,1272,1096,RMV,G,,0,0,000000000,00000000000,0,0,0,1,0,0,0,0,0,0,0,998,0,0,0,12,12,4,3,12,0,0,0,1,48,75790,6,1,6,0,3,3,999,999,0,0,0,0,0,0,0,0,0,0,38,0,0,0,1,2,99,1,1,8,1,4,3,3,17,1,1,1,86,1,0
48,482579,2,2,1,30,12,18,0,12,6,1,0,48,3,7,462,7462,21,2005,WD0PD7441558,W,D,0,P,D,7,4,4,1,5,5,8,0,T,DODG,SNR,VN,5,17,,2,0,1580,SNR,D,,0,0,000000000,00000000000,0,0,0,1,0,0,0,0,0,0,0,998,0,1,1,3,3,4,3,12,0,0,0,1,48,75762,6,1,6,0,3,3,999,999,0,0,0,0,0,0,0,0,0,0,0,0,0,0,1,2,60,1,1,8,1,4,3,1,66,1,1,1,87,0,0
48,482580,1,1,2,30,12,20,45,1,0,1,0,48,1,7,482,7482,31,2002,3B7KC23672M3,3,B,7,K,C,2,3,6,7,2,M,3,0,T,DODG,Q25,4C,2,17,,2,1547,1387,RPC,D,,0,0,000000000,00000000000,0,0,0,1,0,0,0,0,0,0,0,998,0,9,3,0,0,6,2,1,0,0,0,1,48,76360,6,1,0,0,3,3,999,999,0,0,0,1,2,10,2008,12,2009,1,58,0,0,0,3,4,65,3,3,8,1,0,0,3,12,7,4,4,7,1,0
48,482581,1,1,1,31,12,22,43,31,0,1,0,48,2,2,404,2404,14,1999,1J4GW68N9XC5,1,J,4,G,W,6,8,N,9,X,C,5,0,T,JEEP,LMT,4W,99,17,,1,0,1059,GCK,G,,0,0,000000000,00000000000,0,0,0,1,0,0,0,0,0,0,0,998,0,0,0,12,12,6,2,31,0,0,1,1,48,75861,6,2,0,0,3,1,999,999,0,0,0,0,0,0,0,0,0,0,0,0,0,0,1,2,60,3,1,8,1,0,0,14,13,1,1,4,1,1,1
48,482582,1,1,1,31,12,3,25,52,0,1,0,5,1,49,40,49040,4,1998,JT2BF28K0W00,J,T,2,B,F,2,8,K,0,W,0,0,0,P,TOYT,XLL,4D,98,17,3241,1,0,1051,GCK,G,,0,0,000000000,00000000000,0,0,0,1,0,0,0,0,0,0,0,998,0,0,0,12,12,4,3,52,0,0,0,1,5,71801,6,1,0,0,3,0,65,108,0,2,0,1,0,5,2009,7,2009,0,0,0,0,0,1,3,40,1,2,8,1,0,0,1,12,1,1,4,6,1,1
48,482583,1,1,1,31,12,17,35,39,0,1,0,48,1,12,481,12481,31,2002,1FTSW31F82EB,1,F,T,S,W,3,1,F,8,2,E,B,0,T,FORD,F3S,CW,2,17,,2,1724,1562,SRW,D,,0,0,000000000,00000000000,0,0,0,1,0,0,0,0,0,0,0,998,0,0,0,12,12,2,3,39,0,0,0,1,48,77357,6,1,0,0,3,0,999,999,0,0,0,0,0,0,0,0,0,1,0,0,0,0,1,2,60,2,1,8,1,0,0,14,12,1,1,4,6,1,1
48,482584,1,2,2,31,12,23,24,12,1,1,0,48,2,12,481,12481,31,1983,1FTCF10F0DPA,1,F,T,C,F,1,0,F,0,D,P,A,0,T,FORD,F10,PK,83,17,,1,1330,1170,COF,G,,0,0,000000000,00000000000,0,0,0,1,0,0,0,0,0,0,0,998,0,0,0,12,12,4,3,25,0,0,0,1,48,75154,0,0,0,0,0,0,67,152,0,0,0,0,0,0,0,0,0,1,27,24,0,0,3,5,60,1,1,8,1,0,0,15,51,1,1,2,24,1,1
48,482584,2,2,2,31,12,23,24,12,1,1,0,92,0,35,32,35032,2,1997,1N4BB42D5VC5,1,N,4,B,B,4,2,D,5,V,C,5,0,P,NISS,2SR,CP,97,17,2413,,0,998,,G,,0,0,000000000,00000000000,0,0,0,1,0,0,0,0,0,0,0,998,0,0,0,6,6,4,3,12,0,0,0,1,48,75075,6,1,0,0,3,3,999,999,0,0,0,1,0,11,2008,11,2008,0,0,0,0,0,3,5,60,1,1,8,1,0,0,1,53,1,1,1,25,0,0
48,482585,1,1,2,31,12,23,25,1,0,1,0,48,1,12,481,12481,31,2000,1FTRX17L9YKA,1,F,T,R,X,1,7,L,9,Y,K,A,0,T,FORD,F15,4C,0,17,,2,1571,1385,COF,G,,0,0,000000000,00000000000,0,0,0,1,0,0,0,0,0,0,0,998,0,1,5,0,0,6,2,1,0,0,0,1,48,75249,6,1,0,0,3,3,999,999,0,0,0,0,0,0,0,0,0,1,0,0,0,0,2,3,45,1,2,8,1,0,0,1,12,6,4,4,2,1,1
48,482586,1,2,1,31,12,20,0,8,0,1,0,48,1,12,481,12481,31,2005,1FTRX02WX5KC,1,F,T,R,X,0,2,W,X,5,K,C,0,T,FORD,F15,4C,5,17,,2,1450,1260,COF,G,,0,0,000000000,00000000000,0,0,0,1,0,0,0,0,0,0,0,998,0,0,0,12,12,2,3,8,0,0,0,1,48,77008,6,1,0,0,3,3,999,999,0,0,0,0,0,0,0,0,0,0,0,0,0,0,3,4,60,1,1,1,1,0,0,1,80,1,1,1,13,0,0
48,482586,2,2,2,31,12,20,0,8,0,1,0,48,2,12,17,12017,4,1997,1FALP52U3VG1,1,F,A,L,P,5,2,U,3,V,G,1,0,P,FORD,TAG,4D,97,17,3329,,0,1085,,G,,0,0,000000000,00000000000,0,0,0,1,0,0,0,0,0,0,0,998,0,0,0,12,12,2,1,8,0,0,0,1,48,77039,0,0,0,0,0,0,999,999,0,0,0,0,0,0,0,0,0,0,0,0,0,0,3,4,60,1,1,1,1,0,0,1,80,1,1,1,98,0,0
48,482587,1,1,1,31,12,1,37,1,0,1,0,48,1,12,481,12481,31,2006,1FTRF12236NA,1,F,T,R,F,1,2,2,3,6,N,A,0,T,FORD,F15,PK,6,17,,2,1450,1260,COF,G,,0,0,000000000,00000000000,0,0,0,1,0,0,0,0,0,0,0,998,0,9,5,0,0,6,2,1,0,0,0,1,48,76439,6,1,7,0,3,0,999,999,0,1,0,0,0,12,2008,12,2008,1,0,0,0,0,1,2,35,1,1,8,2,0,0,1,12,3,9,4,6,1,0
48,482588,1,2,99,12,1,21,54,8,0,1,1,99,9,99,999,99999,99,9999,999999999999,9,9,9,9,9,9,9,9,9,9,9,9,9,U,,,,9,17,,,,,,,,0,99,999999999,99999999999,9,99,99,1,0,0,0,0,99,99,9,998,0,0,0,99,99,9,1,8,0,0,0,1,99,99999,9,9,99,9,9,9,999,999,99,99,99,99,99,99,9999,99,9999,9,99,99,99,99,3,9,65,1,1,1,1,0,0,99,80,99,9,9,13,0,0
48,482588,2,2,1,12,1,21,54,8,0,1,0,48,1,49,32,49032,4,2007,1NXBR32E67Z7,1,N,X,B,R,3,2,E,6,7,Z,7,0,P,TOYT,UCS,4D,7,17,2530,,0,1024,,G,,0,0,000000000,00000000000,0,0,0,1,0,0,0,0,0,0,0,998,0,0,0,12,12,2,3,8,0,0,0,1,48,77573,6,1,0,0,3,3,999,999,0,0,0,0,0,0,0,0,0,0,0,0,0,0,3,9,65,1,1,1,1,0,0,1,80,1,1,1,98,0,0
48,482589,1,1,1,15,1,12,56,8,0,1,0,48,1,23,481,23481,31,2007,3GTEC13007G5,3,G,T,E,C,1,3,0,0,7,G,5,0,T,GMC,NC1,CW,7,17,,2,0,1435,SIE,F,,0,0,000000000,00000000000,0,0,0,1,0,0,0,0,0,0,0,998,0,0,0,12,12,2,4,8,0,0,0,1,48,78541,6,1,0,0,3,3,999,999,0,0,0,0,0,0,0,0,0,0,0,0,0,0,1,4,30,1,1,8,1,3,3,1,80,1,1,1,13,0,0
48,482590,1,1,1,17,1,2,42,32,0,1,0,48,1,52,37,52037,2,2001,4A3AC54H41E0,4,A,3,A,C,5,4,H,4,1,E,0,0,P,MITS,ECG,2H,1,17,3120,,0,1008,,G,,0,0,000000000,00000000000,0,0,0,1,0,0,0,0,0,0,0,998,0,0,0,12,12,6,2,42,0,0,0,1,48,76640,6,1,0,0,3,0,65,150,0,0,0,1,0,11,2009,11,2009,1,0,0,0,0,1,2,30,1,1,8,1,0,0,1,12,1,1,4,6,1,1
48,482591,1,1,2,25,1,19,32,8,0,1,0,48,2,9,442,9442,20,1998,1P4GP44G0WB5,1,P,4,G,P,4,4,G,0,W,B,5,0,P,PLYM,VOF,SV,98,17,3675,,0,1193,,F,,0,0,000000000,00000000000,0,0,0,1,0,0,0,0,0,0,0,998,0,0,0,12,12,2,3,8,0,0,0,1,48,77566,6,1,0,0,3,0,999,999,0,0,0,0,0,0,0,0,0,0,38,0,0,0,2,3,50,1,2,8,1,0,0,1,80,1,1,1,13,0,0
48,482592,1,4,3,2,2,23,25,12,6,1,0,48,2,20,32,20032,4,2001,1Y1SK52851Z4,1,Y,1,S,K,5,2,8,5,1,Z,4,0,P,CHEV,P/L,4D,1,17,2403,,0,971,,G,,0,0,000000000,00000000000,0,0,0,1,0,0,0,0,0,0,0,998,0,0,0,8,8,4,3,12,0,0,0,1,48,75067,0,0,0,0,0,0,999,999,0,0,0,0,0,0,0,0,0,1,38,8,0,0,0,0,0,0,0,0,0,0,0,98,98,1,1,7,98,1,0
48,482592,2,4,1,2,2,23,25,12,6,1,0,48,2,49,482,49482,31,2009,5TFRU541X9X0,5,T,F,R,U,5,4,1,X,9,X,0,0,T,TOYT,DLS,CW,9,17,,2,0,1457,TUN,G,,0,0,000000000,00000000000,0,0,0,1,0,0,0,0,0,0,0,998,0,0,0,12,12,2,1,12,0,0,0,1,48,75057,6,1,0,0,3,0,999,999,0,0,0,0,1,1,2008,1,2008,1,38,8,0,0,0,0,0,0,0,0,0,0,0,98,98,1,1,7,98,0,0
48,482592,3,4,3,2,2,23,25,12,6,1,0,48,1,55,33,55033,4,2002,KMHWF25H82A7,K,M,H,W,F,2,5,H,8,2,A,7,0,P,HYUN,SOL,4D,2,17,3181,,0,1063,,G,,0,0,000000000,00000000000,0,0,0,1,0,0,0,0,0,0,0,998,0,0,0,12,12,4,3,12,0,0,0,1,48,78521,0,0,0,0,0,0,999,999,0,0,0,0,0,0,0,0,0,0,0,0,0,0,3,3,98,8,8,8,98,0,0,1,98,1,1,1,98,0,0
48,482592,4,4,1,2,2,23,25,12,6,1,0,48,2,37,32,37032,4,2000,JHMCG5679YC0,J,H,M,C,G,5,6,7,9,Y,C,0,0,P,HOND,USE,4D,0,17,3086,,0,1069,,G,,0,0,000000000,00000000000,0,0,0,1,0,0,0,0,0,0,0,998,0,0,0,12,12,2,3,12,0,0,0,1,48,75223,6,1,0,0,3,3,999,999,0,0,0,1,0,7,2009,7,2009,0,0,0,0,0,3,3,98,8,8,8,98,0,0,1,60,1,1,1,98,0,0
48,482593,1,2,1,5,3,2,18,12,6,1,0,4,3,38,882,38882,61,1999,JALE4B143X79,J,A,L,E,4,B,1,4,3,X,7,9,0,T,ISU,NQR,TB,99,17,,5,0,0,NQR,D,,0,57,1761408,571761408,2,1,3,1,0,0,0,0,0,0,0,998,0,0,0,12,12,6,2,12,0,0,0,1,4,85929,6,1,6,0,3,0,71,220,0,0,0,1,0,12,2008,12,2008,0,38,0,0,0,0,0,0,0,0,0,0,0,0,98,98,1,1,7,86,1,0
48,482593,2,2,1,5,3,2,18,12,6,1,0,93,3,82,883,82883,66,2007,1FUJAPCK67DY,1,F,U,J,A,P,C,K,6,7,D,Y,1,T,FRHT,FL3,DS,7,17,,8,0,0,CON,D,,1,57,320526,57320526,3,6,1,1,0,0,0,0,0,0,0,998,0,0,0,3,3,2,1,12,0,0,0,1,48,76033,6,1,6,0,3,0,999,999,0,0,0,0,0,0,0,0,0,0,0,0,0,0,5,4,55,1,1,8,1,0,0,1,73,1,1,1,87,0,0
48,482594,1,1,1,7,3,4,30,1,0,1,0,48,1,18,2,18002,2,1983,1G4AP37Y5DX4,1,G,4,A,P,3,7,Y,5,D,X,4,0,P,BUIC,LLM,CP,83,17,3494,,0,1160,,G,,0,0,000000000,00000000000,0,0,0,1,0,0,0,0,0,0,0,998,0,2,5,0,0,6,2,1,0,0,0,1,48,79110,6,1,0,0,3,0,999,999,1,0,0,2,0,9,2008,4,2009,1,0,0,0,0,4,2,40,1,1,8,2,0,0,1,6,99,9,4,2,1,0
48,482595,1,2,1,14,3,22,5,12,99,1,0,92,0,72,706,72706,80,2005,1HD1BZB185Y0,1,H,D,1,B,Z,B,1,8,5,Y,0,0,M,HD,XTS,RS,5,17,,,,,,,1450,0,0,000000000,00000000000,0,0,0,1,0,0,0,0,0,0,0,998,0,0,0,99,99,9,2,12,0,0,0,1,48,76020,6,1,6,0,2,0,999,999,0,0,0,0,0,0,0,0,0,0,0,0,0,0,6,1,60,1,1,8,1,0,0,1,51,1,1,1,98,1,0
48,482595,2,2,1,14,3,22,5,12,99,1,0,48,1,6,441,6441,20,2006,2A8GP54L46R7,2,A,8,G,P,5,4,L,4,6,R,7,0,P,CHRY,TWC,SV,6,17,4267,,0,1193,,G,,0,0,000000000,00000000000,0,0,0,1,0,0,0,0,0,0,0,998,0,0,0,6,6,2,1,12,0,0,0,1,48,76108,6,1,0,0,3,0,999,999,0,0,0,0,0,0,0,0,0,0,27,0,0,0,6,1,60,1,1,8,1,0,0,16,53,1,1,1,98,0,0
48,482596,1,1,1,4,5,6,35,9,0,1,0,48,1,12,481,12481,31,1998,1FTZX1760WKB,1,F,T,Z,X,1,7,6,0,W,K,B,0,T,FORD,F15,3C,98,17,,1,1570,1390,COF,G,,0,0,000000000,00000000000,0,0,0,1,0,0,0,0,0,0,0,998,0,0,0,12,12,2,1,9,0,0,0,1,48,79110,6,1,0,0,3,3,999,999,0,0,0,0,0,0,0,0,0,0,0,0,0,0,1,4,35,1,1,8,1,0,0,1,83,1,1,1,13,0,0
48,482597,1,1,1,5,5,6,16,1,0,1,0,48,2,22,401,22401,14,2004,3G7DA03E04S5,3,G,7,D,A,0,3,E,0,4,S,5,0,P,PONT,AZT,UT,4,17,3779,,0,1083,,G,,0,0,000000000,00000000000,0,0,0,1,0,0,0,0,0,0,0,998,0,2,5,0,0,6,2,1,0,0,0,1,48,79110,6,1,0,0,3,0,999,999,1,3,1,0,0,6,2007,8,2009,0,58,24,0,0,1,4,55,1,2,8,1,0,0,1,9,6,9,4,2,1,1
48,482598,1,2,2,7,5,18,26,12,6,1,0,48,1,37,32,37032,4,1991,1HGCB7657MA2,1,H,G,C,B,7,6,5,7,M,A,2,0,P,HOND,ALE,4D,91,17,2504,,0,1071,,G,,0,0,000000000,00000000000,0,0,0,1,0,0,0,0,0,0,0,998,0,0,0,9,9,4,3,12,0,0,0,1,48,79536,6,1,0,0,3,3,999,999,0,0,0,0,0,0,0,0,0,0,38,0,0,0,1,2,99,1,1,8,1,20,3,4,17,1,1,1,89,0,0
48,482598,2,2,1,7,5,18,26,12,6,1,0,48,1,72,706,72706,80,2009,1HD1FC4119Y6,1,H,D,1,F,C,4,1,1,9,Y,6,0,M,HD,FLU,RS,9,17,,,,,,,1584,0,0,000000000,00000000000,0,0,0,1,0,0,0,0,0,0,0,998,0,0,0,12,12,4,3,12,0,0,0,1,48,79502,6,1,6,0,3,3,999,999,0,0,0,0,0,0,0,0,0,0,0,0,0,0,1,2,30,1,1,8,1,0,0,1,66,1,1,1,88,1,1
48,482599,1,1,1,9,5,4,29,8,0,1,0,48,1,12,481,12481,31,2004,1FTNW21L94EA,1,F,T,N,W,2,1,L,9,4,E,A,0,T,FORD,F2S,CW,4,17,,2,1724,1562,SRW,G,,0,0,000000000,00000000000,0,0,0,1,0,0,0,0,0,0,0,998,0,1,3,5,5,4,3,8,0,0,0,1,48,78002,6,1,0,0,3,3,999,999,0,0,0,1,0,5,2008,5,2008,0,58,0,0,0,2,2,65,1,1,8,1,0,0,1,13,99,9,4,13,0,1
48,482600,1,4,2,15,5,20,17,12,6,1,0,48,1,73,705,73705,80,2006,JKBZXJD126A0,J,K,B,Z,X,J,D,1,2,6,A,0,0,M,KAWK,X63,RS,6,17,,,,,,,636,0,0,000000000,00000000000,0,0,0,1,0,0,0,0,0,0,0,998,0,0,0,12,12,9,2,12,0,0,0,1,48,79106,6,1,0,0,3,0,999,999,0,0,0,0,1,1,2009,1,2009,0,0,0,0,0,1,2,99,1,1,8,1,3,3,1,17,1,1,1,69,2,0
48,482600,2,4,1,15,5,20,17,12,6,1,0,48,1,12,481,12481,31,1997,1FTJW36F3VEC,1,F,T,J,W,3,6,F,3,V,E,C,0,T,FORD,F35,CW,97,17,,2,0,1680,COF,D,,0,0,000000000,00000000000,0,0,0,1,0,0,0,0,0,0,0,998,0,0,0,4,4,2,3,12,0,0,0,1,48,79107,6,1,0,0,3,3,999,999,0,0,0,0,0,0,0,0,0,0,0,0,0,0,1,2,99,1,1,8,1,3,3,11,15,1,1,1,68,0,0
48,482600,3,4,1,15,5,20,17,12,6,1,0,48,1,20,481,20481,31,1995,1GCEC14Z7SZ2,1,G,C,E,C,1,4,Z,7,S,Z,2,0,T,CHEV,GC1,PK,95,17,,2,1315,1175,GM4,G,,0,0,000000000,00000000000,0,0,0,1,0,0,0,0,0,0,0,998,0,0,0,10,10,0,1,12,0,0,0,1,48,79106,6,1,0,0,3,0,999,999,0,0,0,0,0,0,0,0,0,0,0,0,0,0,1,2,99,1,1,8,1,3,3,1,62,1,1,1,98,0,0
48,482600,4,4,7,15,5,20,17,12,6,1,0,48,1,12,422,12422,15,2003,1FMRU15W73LA,1,F,M,R,U,1,5,W,7,3,L,A,0,P,FORD,EPT,UT,3,17,5416,,0,1191,,G,,0,0,000000000,00000000000,0,0,0,1,0,0,0,0,0,0,0,998,0,0,0,12,12,2,3,12,0,0,0,1,48,79105,6,1,6,0,3,0,999,999,0,0,0,2,0,6,2008,2,2010,0,0,0,0,0,1,2,99,1,1,8,1,3,3,1,98,1,1,1,98,0,0
48,482601,1,1,1,15,5,1,35,8,0,1,1,48,1,7,402,7402,14,2000,1B4HS28Z3YF1,1,B,4,H,S,2,8,Z,3,Y,F,1,0,P,DODG,DUR,UT,0,17,4462,,0,1159,,G,,0,0,000000000,00000000000,0,0,0,1,0,0,0,0,0,0,0,998,0,0,0,12,12,2,1,8,0,0,0,1,48,79109,1,1,6,0,2,0,999,999,0,4,0,0,0,1,2008,4,2010,0,91,0,0,0,1,2,35,1,1,8,2,0,0,1,80,1,1,7,13,0,1
48,482602,1,1,1,15,5,1,59,42,0,1,0,48,1,23,481,23481,31,2006,1GTEK19B66Z1,1,G,T,E,K,1,9,B,6,6,Z,1,0,T,GMC,NK1,4C,6,17,,2,1575,1340,SIE,G,,0,0,000000000,00000000000,0,0,0,1,0,0,0,0,0,0,0,998,0,1,5,2,2,6,2,42,0,0,0,1,48,75654,1,1,0,0,2,0,999,999,0,1,0,3,0,2,2008,3,2010,1,0,0,0,0,1,2,35,1,2,8,2,0,0,1,13,1,4,4,2,1,1
48,482603,1,2,1,21,5,7,39,12,6,1,0,18,2,52,34,52034,4,2001,4A3AA56H21E0,4,A,3,A,A,5,6,H,2,1,E,0,0,P,MITS,ULS,4D,1,17,3296,,0,1037,,G,,0,0,000000000,00000000000,0,0,0,1,0,0,0,0,0,0,0,998,0,0,0,81,81,4,1,12,0,0,0,1,48,78223,6,1,0,0,3,3,999,999,0,0,0,0,0,0,0,0,0,0,38,0,0,0,1,2,30,1,1,8,1,20,3,4,17,1,1,1,87,1,0
48,482603,2,2,1,21,5,7,39,12,6,1,0,48,1,12,402,12402,14,2003,1FMYU03143KC,1,F,M,Y,U,0,3,1,4,3,K,C,0,P,FORD,SPE,UT,3,17,3252,,0,1031,,G,,0,0,000000000,00000000000,0,0,0,1,0,0,0,0,0,0,0,998,0,0,0,12,12,2,1,12,0,0,0,1,48,78210,6,1,0,0,3,0,999,999,0,0,0,0,0,0,0,0,0,0,0,0,0,0,1,2,99,1,1,8,1,0,0,1,66,7,1,1,86,0,0
48,482604,1,2,1,30,5,18,26,12,6,1,0,48,1,12,481,12481,31,2008,1FTPW14V18FA,1,F,T,P,W,1,4,V,1,8,F,A,0,T,FORD,F1S,CW,8,17,,2,1500,1390,COF,F,,0,0,000000000,00000000000,0,0,0,1,0,0,0,0,0,0,0,998,0,0,0,12,12,4,3,12,0,0,0,1,48,79101,6,1,6,1,3,1,999,999,0,2,0,0,0,10,2008,10,2008,0,28,0,0,0,2,4,70,1,1,8,1,0,0,1,12,1,1,6,86,0,1