STATE,ST_CASE,VEH_NO,VE_FORMS,NUMOCCS,DAY,MONTH,HOUR,MINUTE,HARM_EV,MAN_COLL,UNITTYPE,HIT_RUN,REG_STAT,OWNER,MAKE,MODEL,MAK_MOD,BODY_TYP,MOD_YEAR,VIN,VIN_1,VIN_2,VIN_3,VIN_4,VIN_5,VIN_6,VIN_7,VIN_8,VIN_9,VIN_10,VIN_11,VIN_12,TOW_VEH,VINTYPE,VINMAKE,VINA_MOD,VIN_BT,VINMODYR,VIN_LNGT,VIN_WGT,WGTCD_TR,WHLBS_LG,WHLBS_SH,SER_TR,FUELCODE,MCYCL_DS,J_KNIFE,MCARR_I1,MCARR_I2,MCARR_ID,GVWR,V_CONFIG,CARGO_BT,HAZ_INV,HAZ_PLAC,HAZ_ID,HAZ_CNO,HAZ_REL,BUS_USE,SPEC_USE,EMER_USE,TRAV_SP,UNDERIDE,ROLLOVER,ROLINLOC,IMPACT1,IMPACT2,DEFORMED,TOWED,M_HARM,VEH_SC1,VEH_SC2,FIRE_EXP,DR_PRES,L_STATE,DR_ZIP,L_STATUS,L_TYPE,CDL_STAT,L_ENDORS,L_COMPL,L_RESTRI,DR_HGT,DR_WGT,PREV_ACC,PREV_SUS,PREV_DWI,PREV_SPD,PREV_OTH,FIRST_MO,FIRST_YR,LAST_MO,LAST_YR,SPEEDREL,DR_SF1,DR_SF2,DR_SF3,DR_SF4,VTRAFWAY,VNUM_LAN,VSPD_LIM,VALIGN,VPROFILE,VPAVETYP,VSURCOND,VTRAFCON,VTCONT_F,P_CRASH1,P_CRASH2,P_CRASH3,PCRASH4,PCRASH5,ACC_TYPE,DEATHS,DR_DRINK
48,482604,2,2,2,30,5,18,26,12,6,1,0,48,2,37,32,37032,4,2005,1HGCM66575A0,1,H,G,C,M,6,6,5,7,5,A,0,0,P,HOND,UEX,4D,5,17,3384,,0,1079,,G,,0,0,000000000,00000000000,0,0,0,1,0,0,0,0,0,0,0,0,0,0,0,2,2,4,3,12,0,0,0,1,48,79108,6,1,0,0,3,3,999,999,0,0,0,0,0,0,0,0,0,0,0,0,0,0,1,2,99,1,1,8,1,21,3,5,68,1,1,1,87,1,0
48,482605,2,1,1,15,6,12,45,14,0,1,0,48,1,22,19,22019,2,2007,1G2AL15F3772,1,G,2,A,L,1,5,F,3,7,7,2,0,P,PONT,G/5,CP,7,17,2991,,0,1035,,G,,0,0,000000000,00000000000,0,0,0,1,0,0,0,0,0,0,0,998,0,0,0,11,11,6,2,14,0,0,0,1,48,78230,6,1,0,0,3,0,999,999,0,0,0,0,0,0,0,0,0,1,0,0,0,0,1,2,45,1,1,8,1,0,0,1,13,1,1,4,11,1,0
48,482606,1,1,1,27,6,23,12,57,0,1,0,48,1,72,706,72706,80,2007,1HD1JA5137Y0,1,H,D,1,J,A,5,1,3,7,Y,0,0,M,HD,XTB,RS,7,17,,,,,,,1584,0,0,000000000,00000000000,0,0,0,1,0,0,0,0,0,0,0,998,0,0,0,12,12,4,3,57,0,0,0,1,48,76022,6,1,0,0,3,3,999,999,1,0,0,2,0,8,2008,1,2010,0,0,0,0,0,6,1,99,2,1,8,1,0,0,14,13,1,1,4,1,1,1
48,482607,1,2,2,10,7,15,23,12,6,1,0,48,2,7,482,7482,31,2005,1D7HA18N85S2,1,D,7,H,A,1,8,N,8,5,S,2,0,T,DODG,SQ1,CW,5,17,,2,1605,1405,RPC,G,,0,0,000000000,00000000000,0,0,0,1,0,0,0,0,0,0,0,998,0,0,0,5,5,4,3,12,0,0,0,1,48,78362,6,1,0,0,3,0,999,999,1,0,0,0,0,10,2007,10,2007,0,38,0,0,0,5,2,50,1,1,8,1,0,0,11,10,1,1,2,68,0,0
48,482607,2,2,1,10,7,15,23,12,6,1,0,48,1,53,706,53706,80,2007,JS1VS52A9721,J,S,1,V,S,5,2,A,9,7,2,1,0,M,SUZI,V80,RS,7,17,,,,,,,819,0,0,000000000,00000000000,0,0,0,1,0,0,0,0,0,0,0,998,0,0,0,12,12,6,2,12,0,0,0,1,48,78336,6,1,0,0,3,3,999,999,0,0,0,0,0,0,0,0,0,0,0,0,0,0,5,2,50,1,1,8,1,0,0,1,62,1,1,1,69,1,0
48,482608,1,1,2,24,7,1,31,8,0,1,1,48,1,7,482,7482,31,2001,3B7HC13YX1G7,3,B,7,H,C,1,3,Y,X,1,G,7,0,T,DODG,Q15,4C,1,17,,2,1547,1387,RPC,G,,0,0,000000000,00000000000,0,0,0,1,0,0,0,0,0,0,0,998,0,0,0,12,12,4,3,8,0,0,0,1,48,77328,6,1,0,0,3,0,999,999,0,1,0,5,0,11,2007,7,2010,0,28,0,0,0,2,2,65,1,2,2,1,0,0,1,13,1,1,4,13,0,1
48,482609,1,1,1,31,7,16,7,1,0,1,0,48,1,6,441,6441,20,2006,2A4GP54L66R8,2,A,4,G,P,5,4,L,6,6,R,8,0,P,CHRY,TWC,SV,6,17,4267,,0,1193,,G,,0,0,000000000,00000000000,0,0,0,1,0,0,0,0,0,0,0,998,0,1,5,0,0,4,3,1,0,0,0,1,48,75968,6,1,0,0,3,0,999,999,0,0,0,0,0,0,0,0,0,0,0,0,0,0,1,2,70,1,1,8,1,0,0,1,12,1,1,4,6,1,0
48,482610,1,1,1,6,8,10,25,9,0,1,0,48,1,49,442,49442,20,2006,5TDZA22C66S4,5,T,D,Z,A,2,2,C,6,6,S,4,0,P,TOYT,SIE,SV,6,17,4165,,0,1193,,G,,0,0,000000000,00000000000,0,0,0,1,0,0,0,0,0,0,0,998,0,0,0,7,7,2,8,9,0,0,0,1,48,77494,6,1,0,0,3,0,999,999,0,0,0,0,0,0,0,0,0,0,0,0,0,0,4,2,99,1,1,8,1,3,3,4,83,1,1,1,13,0,0
48,482611,1,1,1,12,8,23,58,24,0,1,0,48,2,20,421,20421,15,1997,1GNEC13R9VJ3,1,G,N,E,C,1,3,R,9,V,J,3,0,P,CHEV,CTA,UT,97,17,4816,,0,1175,,G,,0,0,000000000,00000000000,0,0,0,1,0,0,0,0,0,0,0,998,0,0,0,11,61,6,2,24,0,0,0,1,12,32405,1,1,0,0,2,0,67,999,1,2,0,0,0,12,2009,1,2010,1,0,0,0,0,4,2,25,1,1,1,1,0,0,1,12,1,1,4,6,1,1
48,482614,1,1,99,10,10,3,19,8,0,1,1,99,9,99,999,99999,99,9999,999999999999,9,9,9,9,9,9,9,9,9,9,9,9,9,U,,,,9,17,,,,,,,,0,0,000000000,00000000000,0,0,0,1,0,0,0,0,99,99,9,999,0,0,0,99,99,9,1,8,0,0,0,1,99,99999,9,9,99,9,9,9,999,999,99,99,99,99,99,99,9999,99,9999,9,0,0,0,0,1,2,60,1,1,8,1,0,0,99,99,99,9,9,13,0,0
48,482615,1,2,1,21,10,14,5,12,6,1,0,48,3,98,809,98809,66,2006,2FWJA3CV66AU,2,F,W,J,A,3,C,V,6,6,A,U,1,T,STRG,AT9,DS,6,17,,8,0,0,STE,D,,1,57,1229340,571229340,3,6,4,1,0,0,0,0,0,0,0,998,0,0,0,3,3,4,3,12,0,0,0,1,48,77327,6,1,6,0,3,0,999,999,0,0,0,0,1,8,2008,8,2008,0,0,0,0,0,5,4,55,1,1,2,1,3,3,1,68,1,1,1,87,0,0
48,482615,2,2,1,21,10,14,5,12,6,1,0,48,2,37,31,37031,4,2005,2HGES16535H5,2,H,G,E,S,1,6,5,3,5,H,5,0,P,HOND,UCL,4D,5,17,2606,,0,1031,,G,,0,0,000000000,00000000000,0,0,0,1,0,0,0,0,0,0,0,998,0,0,0,12,12,6,2,12,0,0,0,1,48,77363,6,1,0,0,3,0,999,999,1,1,0,4,1,11,2007,8,2010,0,39,0,0,0,1,9,99,1,1,8,1,3,3,1,17,1,1,1,86,1,0
48,482616,1,1,3,31,10,20,41,8,0,1,0,48,1,49,40,49040,4,2005,4T1BE32K65U4,4,T,1,B,E,3,2,K,6,5,U,4,0,P,TOYT,XLL,4D,5,17,3108,,0,1071,,G,,0,0,000000000,00000000000,0,0,0,1,0,0,0,0,0,0,0,998,0,0,0,12,12,2,8,8,0,0,0,1,48,76119,6,1,0,0,3,0,999,999,0,0,0,0,0,0,0,0,0,0,0,0,0,0,1,4,40,1,1,8,1,0,0,1,80,1,1,1,13,0,0
48,482617,1,1,1,30,11,2,5,33,0,1,0,48,2,72,706,72706,80,2009,1HD1GX4149K3,1,H,D,1,G,X,4,1,4,9,K,3,0,M,HD,FXI,RS,9,17,,,,,,,1584,0,0,000000000,00000000000,0,0,0,1,0,0,0,0,0,0,0,998,0,0,0,99,99,0,3,33,0,0,0,1,48,77092,6,1,0,0,2,0,999,999,0,0,0,0,0,0,0,0,0,0,0,0,0,0,2,4,35,1,1,1,1,0,0,1,12,1,1,4,6,1,1
48,482618,1,3,2,3,12,11,37,12,6,1,0,48,2,49,42,49042,2,1993,JT2EL45U5P01,J,T,2,E,L,4,5,U,5,P,0,1,0,P,TOYT,PAS,CP,93,17,2070,,0,937,,G,,0,0,000000000,00000000000,0,0,0,1,0,0,0,0,0,0,0,998,0,0,0,3,4,6,2,12,0,0,0,1,48,76119,6,2,0,0,3,0,999,999,0,0,0,0,0,0,0,0,0,1,0,0,0,0,5,4,35,1,1,8,1,0,0,1,6,1,4,2,64,1,0
48,482618,2,3,1,3,12,11,37,12,6,1,0,48,1,20,421,20421,15,2001,1GNEC13T01R1,1,G,N,E,C,1,3,T,0,1,R,1,0,P,CHEV,CTA,UT,1,17,4828,,0,1160,,G,,0,0,000000000,00000000000,0,0,0,1,0,0,0,0,0,0,0,998,0,0,0,12,12,4,3,12,0,0,0,1,48,76110,6,1,0,0,3,3,999,999,0,0,0,0,0,0,0,0,0,0,0,0,0,0,5,4,35,1,1,8,1,0,0,2,62,1,1,1,65,0,0
48,482618,3,3,2,3,12,11,37,12,6,1,0,48,2,12,481,12481,31,1998,1FTZX1727WKB,1,F,T,Z,X,1,7,2,7,W,K,B,0,T,FORD,F15,3C,98,17,,1,1570,1390,COF,G,,0,0,000000000,00000000000,0,0,0,1,0,0,0,0,0,0,0,998,0,0,0,12,12,4,3,12,0,0,0,1,48,76107,6,1,0,0,3,0,999,999,0,2,0,1,1,7,2008,11,2009,0,0,0,0,0,5,4,35,1,1,8,1,0,0,1,62,1,1,1,98,0,0
48,482619,1,2,1,8,12,21,40,12,2,1,0,48,2,20,2,20002,4,2005,2G1WF52EX592,2,G,1,W,F,5,2,E,X,5,9,2,0,P,CHEV,IMP,4D,5,17,3389,,0,1105,,G,,0,0,000000000,00000000000,0,0,0,1,0,0,0,0,0,0,0,998,0,0,0,12,12,6,2,12,0,0,0,1,48,78741,6,1,0,0,3,0,999,999,0,0,0,0,0,0,0,0,0,0,51,0,0,0,1,2,55,1,1,8,1,0,0,1,10,1,1,2,50,1,1
48,482619,2,2,1,8,12,21,40,12,2,1,0,48,1,12,481,12481,31,1993,1FTDF15R2PLA,1,F,T,D,F,1,5,R,2,P,L,A,0,T,FORD,F15,PK,93,17,,1,1330,1170,COF,G,,0,0,000000000,00000000000,0,0,0,1,0,0,0,0,0,0,0,998,0,0,0,12,12,6,2,12,0,0,0,1,48,78621,6,1,0,0,3,3,999,999,0,0,0,0,0,0,0,0,0,0,0,0,0,0,1,2,55,1,1,8,1,0,0,1,62,1,1,1,51,0,0
48,482620,1,1,1,11,12,15,25,33,0,1,0,48,1,19,3,19003,4,2004,1G6KE57Y94U1,1,G,6,K,E,5,7,Y,9,4,U,1,0,P,CADI,DHS,4D,4,17,4049,,0,1153,,G,,0,0,000000000,00000000000,0,0,0,1,0,0,0,0,0,0,0,998,0,1,5,14,0,4,3,30,32,0,1,1,48,75218,6,1,0,0,3,0,999,999,0,0,0,0,0,0,0,0,0,0,0,0,0,0,2,4,35,1,3,8,1,0,0,1,12,7,1,4,6,1,0
48,482621,1,1,3,3,1,0,11,1,0,1,0,48,1,12,37,12037,4,2007,1FAFP34N47W3,1,F,A,F,P,3,4,N,4,7,W,3,0,P,FORD,FMS,4D,7,17,2636,,0,1029,,G,,0,0,000000000,00000000000,0,0,0,1,0,0,0,0,0,0,0,998,0,9,3,0,0,6,2,1,0,0,0,1,48,75092,0,0,0,0,0,0,76,147,0,0,0,0,0,0,0,0,0,1,0,0,0,0,2,2,65,1,1,8,1,0,0,1,12,99,4,4,7,2,1
48,482622,1,1,2,15,1,18,33,8,0,1,0,48,1,55,33,55033,4,2004,KMHWF25S84A9,K,M,H,W,F,2,5,S,8,4,A,9,0,P,HYUN,SOL,4D,4,17,3181,,0,1063,,G,,0,0,000000000,00000000000,0,0,0,1,0,0,0,0,0,0,0,998,0,0,0,12,12,2,3,8,0,0,0,1,48,78413,4,1,0,0,2,0,999,999,1,0,0,0,1,6,2007,6,2008,0,92,0,0,0,2,3,45,1,1,8,2,0,0,1,80,1,1,1,13,0,0
48,482623,1,1,4,21,1,19,39,5,0,1,0,48,2,41,50,41050,4,2003,1YVFP80C035M,1,Y,V,F,P,8,0,C,0,3,5,M,0,P,MAZD,M6I,4D,3,17,3042,,0,1053,,G,,0,0,000000000,00000000000,0,0,0,1,0,0,0,0,0,0,0,998,0,0,0,0,3,2,3,5,0,0,0,1,48,76051,6,1,0,0,2,0,999,999,0,0,0,0,0,0,0,0,0,0,0,0,0,0,6,2,60,2,2,1,1,0,0,14,98,99,1,1,0,1,0
48,482624,1,3,3,23,1,0,34,1,0,1,0,48,2,20,2,20002,4,1995,1G1BL52W5SR1,1,G,1,B,L,5,2,W,5,S,R,1,0,P,CHEV,CCL,4D,95,17,4061,,0,1159,,G,,0,0,000000000,00000000000,0,0,0,1,0,0,0,0,0,0,0,998,0,0,0,12,12,4,3,12,0,0,0,1,48,76015,0,0,0,0,0,0,999,999,0,5,0,0,0,3,2007,3,2009,1,92,0,0,0,3,3,60,1,1,8,1,0,0,1,52,1,1,1,98,0,0
48,482624,2,3,2,23,1,0,34,1,0,1,0,48,2,55,401,55401,14,2005,KM8SC13D05U9,K,M,8,S,C,1,3,D,0,5,U,9,0,P,HYUN,SAN,UT,5,17,3549,,0,1031,,G,,0,0,000000000,00000000000,0,0,0,1,0,0,0,0,0,0,0,998,0,1,1,6,6,4,3,54,0,0,0,1,48,75051,0,0,0,0,0,0,999,999,0,0,0,0,0,0,0,0,0,0,92,28,0,0,3,3,60,1,1,8,1,0,0,2,53,1,1,1,98,0,0
48,482624,3,3,1,23,1,0,34,1,0,1,0,92,0,72,706,72706,80,2009,1HD1JJ5129Y0,1,H,D,1,J,J,5,1,2,9,Y,0,0,M,HD,FCW,RS,9,17,,,,,,,1584,0,0,000000000,00000000000,0,0,0,1,0,0,0,0,0,0,0,998,0,0,0,0,18,9,2,54,0,0,0,1,48,76002,6,1,0,0,3,3,68,207,0,0,0,0,0,0,0,0,0,1,0,0,0,0,3,3,60,1,1,8,1,0,0,1,6,4,9,3,98,1,1
48,482625,1,3,1,29,1,20,21,12,6,1,0,48,1,72,709,72709,80,1972,4A13977H2,4,A,1,3,9,7,7,H,2,,,,0,P,,,,,,,,,,,,,0,0,000000000,00000000000,0,0,0,1,0,0,0,0,0,0,0,998,0,0,0,12,12,4,3,12,0,0,0,1,48,77611,6,1,0,0,3,3,999,999,1,0,0,0,1,3,2007,3,2007,0,0,0,0,0,1,2,50,1,1,8,1,0,0,1,62,99,1,1,69,1,1
48,482625,2,3,2,29,1,20,21,12,6,1,0,48,1,12,481,12481,31,2002,1FTNW20F02EA,1,F,T,N,W,2,0,F,0,2,E,A,0,T,FORD,F2S,CW,2,17,,2,1724,1562,SRW,D,,0,0,000000000,00000000000,0,0,0,1,0,0,0,0,0,0,0,998,0,0,0,4,4,2,1,12,0,0,0,1,48,77662,6,1,6,0,3,0,999,999,1,0,0,0,0,2,2007,2,2007,0,38,23,0,0,1,2,50,2,1,8,1,0,0,11,15,1,1,1,68,0,0
48,482625,3,3,2,29,1,20,21,12,6,1,0,48,2,49,32,49032,4,2006,4T1BE32K56U1,4,T,1,B,E,3,2,K,5,6,U,1,0,P,TOYT,UXS,4D,6,17,3108,,0,1071,,G,,0,0,000000000,00000000000,0,0,0,1,0,0,0,0,0,0,0,998,0,0,0,12,12,2,1,54,0,0,0,1,48,77662,6,1,0,0,3,3,999,999,0,0,0,0,0,0,0,0,0,0,0,0,0,0,1,2,50,2,1,8,1,0,0,14,98,1,1,1,98,0,0
48,482626,1,2,1,7,2,3,30,12,1,1,0,48,1,13,1,13001,4,2007,1LNHM81W47Y6,1,L,N,H,M,8,1,W,4,7,Y,6,0,P,LINC,SIG,4D,7,17,4345,,0,1177,,G,,0,0,000000000,00000000000,0,0,0,1,0,0,0,0,0,0,0,998,0,0,0,12,12,4,3,12,0,0,0,1,48,78266,6,1,6,0,3,3,999,999,0,0,0,0,0,0,0,0,0,0,0,0,0,0,2,2,60,1,1,8,1,0,0,1,50,1,1,1,32,0,0
48,482626,2,2,1,7,2,3,30,12,1,1,0,48,6,12,422,12422,15,2004,1FMPU15L04LB,1,F,M,P,U,1,5,L,0,4,L,B,0,P,FORD,EPT,UT,4,17,5218,,0,1191,,G,,0,0,000000000,00000000000,0,0,0,1,0,0,0,0,0,0,0,0,0,0,0,6,6,4,3,8,0,0,0,0,,,,,,,,,999,,,,,,,,,,,,54,20,0,0,2,2,60,1,1,8,1,0,0,0,53,0,0,0,32,0,0
48,482627,2,1,1,10,2,2,11,45,0,1,0,48,2,38,402,38402,14,2001,4S2CK58W2143,4,S,2,C,K,5,8,W,2,1,4,3,0,P,ISU,ROD,UT,1,17,3856,,0,1064,,G,,0,0,000000000,00000000000,0,0,0,1,0,0,0,0,0,0,0,998,0,0,0,12,12,4,3,45,0,0,0,1,48,76310,6,1,0,0,3,0,999,999,0,0,0,0,0,0,0,0,0,1,91,0,0,0,1,4,40,1,1,8,1,0,0,1,50,1,1,1,15,0,1
48,482628,1,1,2,16,2,20,9,9,0,1,0,48,1,20,481,20481,31,1994,1GCDC14Z2RZ1,1,G,C,D,C,1,4,Z,2,R,Z,1,0,T,CHEV,GC1,PK,94,17,,1,1315,1175,GM4,G,,0,0,000000000,00000000000,0,0,0,1,0,0,0,0,0,0,0,998,0,0,0,12,12,4,3,9,0,0,0,1,48,76904,6,1,0,0,3,0,999,999,0,0,0,0,1,3,2007,3,2007,1,91,0,0,0,5,6,40,1,3,8,1,0,0,1,83,1,1,1,13,0,1
48,482629,1,1,1,20,2,16,56,24,0,1,0,48,1,53,706,53706,80,2006,JS1GT76A1621,J,S,1,G,T,7,6,A,1,6,2,1,0,M,SUZI,XR1,RS,6,17,,,,,,,999,0,0,000000000,00000000000,0,0,0,1,0,0,0,0,0,0,0,998,0,0,0,99,99,9,2,24,0,0,0,1,12,32536,6,1,0,0,3,3,72,999,0,0,0,0,0,0,0,0,0,0,0,0,0,0,6,1,40,3,2,8,1,28,3,14,13,1,1,4,1,1,0
48,482630,1,2,1,21,2,6,50,12,2,1,0,48,1,37,32,37032,4,2001,JHMCG56441C0,J,H,M,C,G,5,6,4,4,1,C,0,0,P,HOND,ULX,4D,1,17,3031,,0,1069,,G,,0,0,000000000,00000000000,0,0,0,1,0,0,0,0,0,0,0,998,0,0,0,12,12,6,2,12,0,0,0,1,48,76904,6,1,0,0,3,3,999,999,0,0,0,0,0,0,0,0,0,0,0,0,0,0,3,2,65,1,1,8,1,0,0,1,54,1,1,1,51,1,0
48,482630,2,2,1,21,2,6,50,12,2,1,0,48,2,20,16,20016,2,1997,1G1JC1240V73,1,G,1,J,C,1,2,4,0,V,7,3,0,P,CHEV,C/S,CP,97,17,2584,,0,1041,,G,,0,0,000000000,00000000000,0,0,0,1,0,0,0,0,0,0,0,998,0,0,0,12,12,6,2,12,0,0,0,1,48,79045,6,1,0,0,3,3,999,999,0,0,0,1,1,11,2008,2,2009,0,51,0,0,0,3,2,65,1,1,8,1,0,0,1,54,1,1,1,50,1,1
48,482631,1,1,1,7,3,16,4,1,0,1,0,48,1,73,706,73706,80,2007,JKAZXCD117A0,J,K,A,Z,X,C,D,1,1,7,A,0,0,M,KAWK,Z1D,RS,7,17,,,,,,,998,0,0,000000000,00000000000,0,0,0,1,0,0,0,0,0,0,0,998,0,0,0,0,99,8,3,59,0,0,0,1,48,77713,6,1,0,0,3,0,72,180,0,0,0,0,0,0,0,0,0,1,0,0,0,0,3,4,99,1,1,8,1,4,3,1,6,3,2,1,98,1,0
48,482632,1,1,1,11,3,3,5,30,0,1,0,48,1,37,31,37031,4,1990,JHMED9360LS0,J,H,M,E,D,9,3,6,0,L,S,0,0,P,HOND,CSI,2H,90,17,2174,,0,906,,G,,0,0,000000000,00000000000,0,0,0,1,0,0,0,0,0,0,0,998,0,0,0,12,12,6,2,30,0,0,0,1,48,79821,6,1,0,0,3,0,999,999,1,0,0,0,0,5,2008,5,2008,0,0,0,0,0,2,4,40,1,1,8,1,0,0,1,9,1,9,4,2,1,1
48,482633,1,1,1,13,3,3,36,33,0,1,0,48,2,21,20,21020,4,1997,1G3WH52M4VF3,1,G,3,W,H,5,2,M,4,V,F,3,0,P,OLDS,SUL,4D,97,17,3388,,0,1075,,G,,0,0,000000000,00000000000,0,0,0,1,0,0,0,0,0,0,0,998,0,0,0,99,61,6,2,30,0,0,0,1,48,79904,0,0,0,0,0,0,999,999,0,0,0,0,0,0,0,0,0,0,0,0,0,0,3,6,40,3,1,8,1,0,0,14,9,1,3,4,2,1,0
48,482634,1,2,1,15,3,21,46,12,6,1,0,48,1,12,13,12013,3,1996,1FASP11J5TW1,1,F,A,S,P,1,1,J,5,T,W,1,0,P,FORD,LXE,2H,96,17,2356,,0,984,,G,,0,0,000000000,00000000000,0,0,0,1,0,0,0,0,0,0,0,998,0,0,0,1,1,4,3,12,0,0,0,1,48,77706,6,1,0,0,3,3,999,999,0,0,0,1,0,6,2008,6,2008,0,38,0,0,0,1,4,35,1,1,8,1,3,3,11,15,1,1,1,68,1,1
48,482634,2,2,1,15,3,21,46,12,6,1,0,48,2,20,481,20481,31,2003,1GCEC14X83Z1,1,G,C,E,C,1,4,X,8,3,Z,1,0,T,CHEV,SC1,PK,3,17,,2,1330,1190,SIL,G,,0,0,000000000,00000000000,0,0,0,1,0,0,0,0,0,0,0,998,0,0,0,12,12,4,3,12,0,0,0,1,48,77575,6,1,0,0,3,0,999,999,0,0,0,0,0,0,0,0,0,0,0,0,0,0,1,4,35,1,1,8,1,3,3,1,62,1,1,1,69,0,0
48,482635,1,2,1,24,3,15,1,12,6,1,0,48,3,12,481,12481,31,2008,1FTSX21R18ED,1,F,T,S,X,2,1,R,1,8,E,D,0,T,FORD,F2S,4C,8,17,,2,1580,1420,SRW,D,,0,0,000000000,00000000000,0,0,0,1,0,0,0,0,0,0,0,998,0,0,0,11,11,6,2,12,0,0,0,1,48,77836,6,1,6,0,3,3,999,999,0,0,0,0,0,0,0,0,0,0,0,0,0,0,2,4,60,1,1,8,2,0,0,1,64,1,1,1,66,1,0
48,482635,2,2,1,24,3,15,1,12,6,1,0,48,3,12,881,12881,61,2004,1FDAF56P54EB,1,F,D,A,F,5,6,P,5,4,E,B,0,T,FORD,F5D,CB,4,17,,5,2010,1410,DRW,D,,0,48,5653738C,485653738C,2,1,96,1,0,0,0,0,0,0,0,998,0,0,0,8,8,4,3,12,0,0,0,1,48,77881,6,1,0,0,3,3,999,999,0,1,0,6,0,11,2008,12,2009,0,0,0,0,0,2,4,60,1,1,8,2,0,0,1,8,1,3,4,66,0,0
48,482637,1,1,2,6,4,3,33,38,0,1,0,48,1,37,706,37706,80,2006,1HFSC49486A4,1,H,F,S,C,4,9,4,8,6,A,4,0,M,HOND,VR2,RS,6,17,,,,,,,1795,0,0,000000000,00000000000,0,0,0,1,0,0,0,0,0,0,0,998,0,0,0,99,99,2,3,38,0,0,0,1,48,79904,6,1,8,0,3,3,999,999,1,0,0,0,0,5,2008,5,2008,0,0,0,0,0,1,2,50,2,1,8,1,0,0,14,12,1,1,4,6,1,1
48,482638,1,2,1,17,4,2,13,12,6,1,0,48,1,12,481,12481,31,2005,1FTRF12295NB,1,F,T,R,F,1,2,2,9,5,N,B,0,T,FORD,F15,PK,5,17,,2,1450,1260,COF,G,,0,0,000000000,00000000000,0,0,0,1,0,0,0,0,0,0,0,998,0,0,0,12,12,6,2,12,0,0,0,1,48,76712,6,1,0,0,3,0,999,999,0,0,0,0,0,0,0,0,0,1,0,0,0,0,5,4,35,1,1,8,1,0,0,1,62,1,1,1,69,0,1
48,482638,2,2,1,17,4,2,13,12,6,1,0,48,2,7,402,7402,14,2001,1B4HR28N31F5,1,B,4,H,R,2,8,N,3,1,F,5,0,P,DODG,DUR,UT,1,17,4272,,0,1159,,G,,0,0,000000000,00000000000,0,0,0,1,0,0,0,0,0,0,0,998,0,0,0,82,82,6,2,12,0,0,0,1,48,76706,0,0,0,0,0,0,64,135,0,0,0,0,0,0,0,0,0,0,38,0,0,0,5,4,35,1,1,8,1,0,0,11,15,1,1,1,68,1,1
48,482639,1,1,1,24,4,2,42,8,0,1,1,48,1,7,481,7481,31,1992,1B7HE16Y0NS5,1,B,7,H,E,1,6,Y,0,N,S,5,0,T,DODG,D15,PK,92,17,,2,1310,1150,D15,G,,0,0,000000000,00000000000,0,0,0,1,0,0,0,0,0,0,0,998,0,0,0,12,12,2,3,8,0,0,0,1,48,79934,0,0,0,0,0,0,999,999,0,0,0,0,0,0,0,0,0,0,91,0,0,0,1,2,55,1,1,8,1,0,0,1,80,1,1,1,13,0,0
48,482640,1,1,1,2,5,14,18,33,0,1,0,48,2,72,706,72706,80,2008,1HD4CP2178K4,1,H,D,4,C,P,2,1,7,8,K,4,0,M,HD,L8C,RS,8,17,,,,,,,883,0,0,000000000,00000000000,0,0,0,1,0,0,0,0,0,0,0,998,0,0,0,99,99,2,3,33,0,0,0,1,48,76302,6,1,0,0,2,0,999,999,0,0,0,0,0,0,0,0,0,1,39,0,0,0,1,2,99,1,1,8,1,20,3,1,14,1,1,4,14,1,0
48,482641,1,6,1,7,5,13,0,12,1,1,0,18,3,84,881,84881,66,2010,3HSCUAPRXAN2,3,H,S,C,U,A,P,R,X,A,N,2,1,T,INTL,PPR,DS,10,17,,8,0,0,PRO,D,,1,57,261902,57261902,3,6,1,1,0,0,0,0,0,0,0,998,0,0,0,12,12,4,3,12,0,0,0,1,45,29078,6,1,0,0,2,0,73,324,0,0,0,1,0,10,2009,10,2009,1,0,0,0,0,3,2,60,1,1,8,1,0,0,1,50,1,1,1,20,0,0
48,482641,2,6,2,7,5,13,0,12,1,1,0,48,1,55,39,55039,4,2006,KMHFC46F16A0,K,M,H,F,C,4,6,F,1,6,A,0,0,P,HYUN,AZL,4D,6,17,3629,,0,1094,,G,,0,0,000000000,00000000000,0,0,0,1,0,0,0,0,0,0,0,0,0,0,0,6,6,6,2,12,0,0,0,1,48,78131,6,1,0,0,3,0,999,999,0,0,0,1,0,8,2008,8,2008,0,0,0,0,0,3,2,60,1,1,8,1,0,0,5,53,1,1,1,21,1,0
48,482641,3,6,1,7,5,13,0,12,1,1,0,48,2,22,22,22022,4,2009,1G2ZG57B1941,1,G,2,Z,G,5,7,B,1,9,4,1,0,P,PONT,G/6,4D,9,17,3305,,0,1123,,G,,0,0,000000000,00000000000,0,0,0,1,0,0,0,0,0,0,0,0,0,0,0,6,6,4,3,12,0,0,0,1,48,75570,6,1,0,0,3,3,999,999,0,0,0,0,0,0,0,0,0,0,0,0,0,0,3,2,60,1,1,8,1,0,0,5,53,1,1,1,98,0,0