STATE,ST_CASE,VEH_NO,VE_FORMS,NUMOCCS,DAY,MONTH,HOUR,MINUTE,HARM_EV,MAN_COLL,UNITTYPE,HIT_RUN,REG_STAT,OWNER,MAKE,MODEL,MAK_MOD,BODY_TYP,MOD_YEAR,VIN,VIN_1,VIN_2,VIN_3,VIN_4,VIN_5,VIN_6,VIN_7,VIN_8,VIN_9,VIN_10,VIN_11,VIN_12,TOW_VEH,VINTYPE,VINMAKE,VINA_MOD,VIN_BT,VINMODYR,VIN_LNGT,VIN_WGT,WGTCD_TR,WHLBS_LG,WHLBS_SH,SER_TR,FUELCODE,MCYCL_DS,J_KNIFE,MCARR_I1,MCARR_I2,MCARR_ID,GVWR,V_CONFIG,CARGO_BT,HAZ_INV,HAZ_PLAC,HAZ_ID,HAZ_CNO,HAZ_REL,BUS_USE,SPEC_USE,EMER_USE,TRAV_SP,UNDERIDE,ROLLOVER,ROLINLOC,IMPACT1,IMPACT2,DEFORMED,TOWED,M_HARM,VEH_SC1,VEH_SC2,FIRE_EXP,DR_PRES,L_STATE,DR_ZIP,L_STATUS,L_TYPE,CDL_STAT,L_ENDORS,L_COMPL,L_RESTRI,DR_HGT,DR_WGT,PREV_ACC,PREV_SUS,PREV_DWI,PREV_SPD,PREV_OTH,FIRST_MO,FIRST_YR,LAST_MO,LAST_YR,SPEEDREL,DR_SF1,DR_SF2,DR_SF3,DR_SF4,VTRAFWAY,VNUM_LAN,VSPD_LIM,VALIGN,VPROFILE,VPAVETYP,VSURCOND,VTRAFCON,VTCONT_F,P_CRASH1,P_CRASH2,P_CRASH3,PCRASH4,PCRASH5,ACC_TYPE,DEATHS,DR_DRINK
48,482670,1,1,2,19,9,1,0,24,0,1,0,48,2,41,52,41052,6,2008,JM1CR2932803,J,M,1,C,R,2,9,3,2,8,0,3,0,P,MAZD,MA5,4H,8,17,3417,,0,1083,,G,,0,0,000000000,00000000000,0,0,0,1,0,0,0,0,0,0,0,998,0,1,3,12,12,6,2,1,0,0,0,1,99,99999,9,9,99,0,9,9,999,999,99,99,99,99,99,99,9999,99,9999,1,0,0,0,0,3,3,60,1,1,8,2,0,0,1,13,3,2,4,2,1,0
48,482671,1,1,1,22,9,19,26,1,0,1,0,48,2,12,401,12401,14,2003,1FMZU67E53UC,1,F,M,Z,U,6,7,E,5,3,U,C,0,P,FORD,EPR,UT,3,17,3761,,0,1259,,G,,0,0,000000000,00000000000,0,0,0,1,0,0,0,0,0,0,0,998,0,2,3,0,0,6,2,1,0,0,1,1,48,78112,6,1,6,0,3,3,999,999,0,0,0,0,0,0,0,0,0,1,0,0,0,0,2,2,70,1,2,8,1,0,0,1,12,1,9,4,6,1,0
48,482672,1,2,1,23,9,18,5,12,6,1,0,48,2,37,33,37033,2,2000,JHMBB6148YC0,J,H,M,B,B,6,1,4,8,Y,C,0,0,P,HOND,PRE,CP,0,17,2954,,0,1017,,G,,0,0,000000000,00000000000,0,0,0,1,0,0,0,0,0,0,0,998,0,0,0,3,3,4,3,12,0,0,0,1,48,76034,6,1,0,0,3,0,999,999,0,0,0,0,0,0,0,0,0,0,38,0,0,0,2,3,35,1,1,8,1,0,0,11,15,1,1,1,68,0,0
48,482672,2,2,1,23,9,18,5,12,6,1,0,48,1,72,706,72706,80,2006,1HD1FCW166Y7,1,H,D,1,F,C,W,1,6,6,Y,7,0,M,HD,FLU,RS,6,17,,,,,,,1450,0,0,000000000,00000000000,0,0,0,1,0,0,0,0,0,0,0,998,0,0,0,12,12,9,2,12,0,0,0,1,48,76078,6,1,0,0,2,0,999,999,0,0,0,0,0,0,0,0,0,0,0,0,0,0,2,3,35,1,1,8,1,0,0,1,66,1,1,1,69,1,0
48,482673,1,1,99,25,9,4,15,8,0,1,1,99,9,99,999,99999,99,9999,999999999999,9,9,9,9,9,9,9,9,9,9,9,9,0,U,,,,9,17,,,,,,,,0,0,000000000,00000000000,0,0,0,1,0,0,0,0,0,0,0,998,0,0,0,99,99,9,1,8,0,0,0,1,99,99999,9,9,99,0,9,9,999,999,99,99,99,99,99,99,9999,99,9999,0,91,0,0,0,4,2,45,1,1,8,2,0,0,99,80,99,9,9,13,0,0
48,482674,1,1,2,16,10,19,30,8,0,1,0,48,1,23,481,23481,31,2003,2GTEC19V3311,2,G,T,E,C,1,9,V,3,3,1,1,0,T,GMC,NC1,4C,3,17,,2,1575,1435,SIE,G,,0,0,000000000,00000000000,0,0,0,1,0,0,0,0,0,0,0,35,0,0,0,12,12,2,9,8,0,0,0,1,48,78227,6,1,0,0,3,0,999,999,0,0,0,0,0,0,0,0,0,0,0,0,0,0,1,4,35,1,1,8,1,0,0,1,80,1,1,1,13,0,0
48,482675,1,2,1,23,10,7,25,12,2,1,0,48,3,20,481,20481,31,2008,1GCHC29K38E2,1,G,C,H,C,2,9,K,3,8,E,2,0,T,CHEV,2CH,4C,8,17,,2,1575,1435,SIL,G,,0,0,000000000,00000000000,0,0,0,1,0,0,0,0,0,0,0,998,0,1,1,12,12,6,2,12,0,0,0,1,48,79336,6,1,0,0,3,3,999,999,0,0,0,0,0,0,0,0,0,0,51,58,0,0,1,2,65,1,1,8,1,0,0,1,10,6,1,2,50,0,0
48,482675,2,2,1,23,10,7,25,12,2,1,0,48,1,37,31,37031,4,2006,1HGFA16806L0,1,H,G,F,A,1,6,8,0,6,L,0,0,P,HOND,UAX,4D,6,17,2804,,0,1063,,G,,0,0,000000000,00000000000,0,0,0,1,0,0,0,0,0,0,0,998,0,0,0,12,12,6,2,12,0,0,0,1,48,79377,6,1,0,0,3,0,999,999,0,0,0,0,0,0,0,0,0,0,0,0,0,0,1,2,65,1,1,8,1,0,0,1,62,1,1,1,51,1,0
48,482676,1,1,1,25,10,0,15,33,0,1,0,48,1,58,37,58037,4,2008,JNKBV61E08M2,J,N,K,B,V,6,1,E,0,8,M,2,0,P,INFI,G35,4D,8,17,3497,,0,1122,,G,,0,0,000000000,00000000000,0,0,0,1,0,0,0,0,0,0,0,998,0,0,0,12,12,6,2,30,0,0,0,1,48,75081,6,1,0,0,3,3,70,230,0,0,0,0,0,0,0,0,0,1,0,0,0,0,3,4,60,1,1,8,1,0,0,1,13,1,1,4,1,1,1
48,482677,1,1,99,31,10,5,11,8,0,1,1,99,9,99,999,99999,99,9999,999999999999,9,9,9,9,9,9,9,9,9,9,9,9,0,U,,,,9,17,,,,,,,,0,0,000000000,00000000000,0,0,0,1,0,0,0,0,0,0,0,998,0,0,0,99,99,9,1,8,0,0,0,1,99,99999,9,9,99,0,9,9,999,999,99,99,99,99,99,99,9999,99,9999,0,0,0,0,0,1,2,30,1,1,8,1,0,0,99,80,99,9,9,13,0,0
48,482678,1,1,1,5,11,21,5,8,0,1,0,48,1,18,3,18003,4,1984,1G4AU69YXEH8,1,G,4,A,U,6,9,Y,X,E,H,8,0,P,BUIC,EPK,4D,84,17,3838,,0,1190,,G,,0,0,000000000,00000000000,0,0,0,1,0,0,0,0,0,0,0,998,0,0,0,12,12,4,9,8,0,0,0,1,22,78112,6,1,0,0,3,3,71,188,0,0,0,0,0,0,0,0,0,0,0,0,0,0,1,4,30,1,1,8,1,0,0,1,80,3,2,1,13,0,0
48,482679,1,1,1,6,11,21,5,31,0,1,0,48,3,49,472,49472,30,2006,5TETU62N86Z2,5,T,E,T,U,6,2,N,8,6,Z,2,0,T,TOYT,ACP,PC,6,17,,1,0,1219,TAC,G,,0,0,000000000,00000000000,0,0,0,1,0,0,0,0,0,0,0,998,0,1,1,11,11,4,3,1,0,0,0,1,48,76028,6,1,0,0,3,0,999,999,0,0,0,0,0,0,0,0,0,1,58,0,0,0,2,2,65,1,1,8,1,0,0,1,12,7,3,4,7,1,1
48,482680,1,1,3,12,11,4,15,38,0,1,1,48,1,20,482,20482,31,2002,3GNEC13T42G3,3,G,N,E,C,1,3,T,4,2,G,3,0,T,CHEV,CAV,CW,2,17,,2,0,1300,AVL,G,,0,0,000000000,00000000000,0,0,0,1,0,0,0,0,0,0,0,998,0,1,5,82,82,4,4,1,0,0,0,1,48,78576,1,1,0,0,2,3,999,999,0,8,0,0,1,3,2008,5,2010,1,91,0,0,0,1,2,30,1,1,8,11,0,0,1,6,6,4,4,7,1,1
48,482681,1,2,2,16,11,6,21,12,1,1,0,48,2,49,40,49040,4,2001,JT2BG22K9105,J,T,2,B,G,2,2,K,9,1,0,5,0,P,TOYT,CXL,4D,1,17,3120,,0,1051,,G,,0,0,000000000,00000000000,0,0,0,1,0,0,0,0,0,0,0,998,0,0,0,12,12,4,3,12,0,0,0,1,48,78209,6,1,0,0,3,3,999,999,0,0,0,0,0,0,0,0,0,0,0,0,0,0,4,2,45,1,1,8,1,0,0,1,50,1,1,1,32,1,0
48,482681,2,2,0,16,11,6,21,12,1,1,0,48,6,7,20,7020,4,2004,1B3ES56C54D5,1,B,3,E,S,5,6,C,5,4,D,5,0,P,DODG,NXT,4D,4,17,2634,,0,1040,,G,,0,0,000000000,00000000000,0,0,0,1,0,0,0,0,0,0,0,0,0,0,0,6,6,4,3,12,0,0,0,0,,,,,,,,,999,,,,,,,,,,,,20,23,0,0,4,2,45,1,1,8,1,0,0,0,53,0,0,0,32,0,0
48,482682,1,2,2,16,11,20,27,5,0,1,0,99,9,20,421,20421,15,2007,999999999999,9,9,9,9,9,9,9,9,9,9,9,9,0,U,,,,9,17,,,,,,,,0,0,000000000,00000000000,0,0,0,1,0,0,0,0,0,0,0,998,0,0,0,0,0,0,1,5,0,0,0,1,99,99999,9,9,99,9,9,9,999,999,99,99,99,99,99,99,9999,99,9999,0,0,0,0,0,3,6,65,1,3,8,1,0,0,1,98,1,1,1,0,1,0
48,482682,2,2,99,16,11,20,27,5,0,1,1,99,9,37,999,37999,99,9999,999999999999,9,9,9,9,9,9,9,9,9,9,9,9,0,U,,,,9,17,,,,,,,,0,0,000000000,00000000000,0,0,0,1,0,0,0,0,0,0,0,998,0,0,0,18,99,9,1,54,0,0,0,1,99,99999,9,9,99,9,9,9,999,999,99,99,99,99,99,99,9999,99,9999,0,0,0,0,0,3,6,65,1,3,8,1,0,0,1,80,1,1,1,98,0,0
48,482683,1,1,2,19,11,3,10,33,0,1,0,48,1,35,48,35048,2,2003,JN1AZ34E93T0,J,N,1,A,Z,3,4,E,9,3,T,0,0,P,NISS,3ZC,CP,3,17,3062,,0,1083,,G,,0,0,000000000,00000000000,0,0,0,1,0,0,0,0,0,0,0,998,0,1,5,99,9,4,3,17,0,0,0,1,48,75602,6,1,0,0,3,0,999,999,0,0,0,0,0,0,0,0,0,1,91,0,0,0,1,2,35,1,2,8,1,99,9,1,6,1,2,4,2,1,1
48,482684,1,3,3,19,11,18,5,12,6,1,0,48,1,12,3,12003,2,2000,1FAFP4448YF2,1,F,A,F,P,4,4,4,8,Y,F,2,0,P,FORD,MUS,CV,0,17,3208,,0,1013,,G,,0,0,000000000,00000000000,0,0,0,1,0,0,0,0,0,0,0,998,0,0,0,2,2,6,2,12,0,0,1,1,48,76112,6,1,0,0,3,0,999,999,0,0,0,0,0,0,0,0,0,0,39,0,0,0,6,1,99,1,1,8,1,20,3,1,17,1,1,1,87,1,0
48,482684,2,3,1,19,11,18,5,12,6,1,0,48,1,12,471,12471,30,1995,1FTCR10A5SPA,1,F,T,C,R,1,0,A,5,S,P,A,0,T,FORD,RNG,PK,95,17,,1,1140,1080,RNG,G,,0,0,000000000,00000000000,0,0,0,1,0,0,0,0,0,0,0,998,0,0,0,10,10,4,3,12,0,0,0,1,48,75702,6,1,0,0,3,0,999,999,0,0,0,0,0,0,0,0,0,0,0,0,0,0,1,2,60,1,3,8,1,0,0,1,78,1,1,1,98,0,0
48,482684,3,3,2,19,11,18,5,12,6,1,0,94,3,98,809,98809,66,2004,2FZYHXYB84AF,2,F,Z,Y,H,X,Y,B,8,4,A,F,1,T,STRG,,GL,4,17,,8,,,,,,1,88,888888888,88888888888,3,6,98,1,0,0,0,0,0,0,0,998,0,0,0,12,12,4,1,12,0,0,0,1,48,76549,6,1,6,0,3,3,999,999,0,0,0,0,0,0,0,0,0,0,0,0,0,0,1,2,60,1,3,8,1,0,0,1,68,3,1,1,86,0,0
48,482685,1,1,2,21,11,5,12,35,0,1,0,48,2,52,34,52034,4,2004,4A3AB36F54E1,4,A,3,A,B,3,6,F,5,4,E,1,0,P,MITS,ELM,4D,4,17,3351,,0,1083,,G,,0,0,000000000,00000000000,0,0,0,1,0,0,0,0,0,0,0,998,0,1,3,12,0,6,2,2,0,0,1,1,48,78247,6,1,0,0,3,0,999,999,1,0,0,1,0,11,2008,11,2009,1,91,0,0,0,2,2,70,1,2,8,1,0,0,1,12,1,1,4,6,1,1
48,482686,1,1,99,23,11,16,30,8,0,1,1,99,9,99,999,99999,99,9999,999999999999,9,9,9,9,9,9,9,9,9,9,9,9,0,U,,,,9,17,,,,,,,,0,0,000000000,00000000000,0,0,0,1,0,0,0,0,0,0,0,998,0,0,0,12,12,2,1,8,0,0,0,1,99,99999,9,9,99,9,9,9,999,999,99,99,99,99,99,99,9999,99,9999,0,0,0,0,0,1,2,30,1,1,8,1,0,0,1,13,1,1,4,13,0,0
48,482687,1,2,5,24,11,21,32,12,6,1,0,48,2,14,6,14006,4,2000,2MEFM75W5YX6,2,M,E,F,M,7,5,W,5,Y,X,6,0,P,MERC,MGL,4D,0,17,3973,,0,1147,,G,,0,0,000000000,00000000000,0,0,0,1,0,0,0,0,0,0,0,998,0,0,0,3,3,6,2,12,0,0,0,1,48,76945,1,1,0,0,2,0,999,999,0,3,0,1,1,7,2008,4,2010,0,39,0,0,0,1,2,99,1,1,8,1,20,3,4,17,1,1,1,87,1,0
48,482687,2,2,1,24,11,21,32,12,6,1,0,48,1,12,471,12471,30,1998,1FTYR10U3WPB,1,F,T,Y,R,1,0,U,3,W,P,B,0,T,FORD,RNG,PK,98,17,,1,1175,1116,RNG,G,,0,0,000000000,00000000000,0,0,0,1,0,0,0,0,0,0,0,998,0,0,0,12,12,6,2,12,0,0,0,1,48,79719,0,0,0,0,0,0,999,999,0,0,0,0,0,0,0,0,0,0,0,0,0,0,1,2,65,1,1,8,1,0,0,1,66,1,1,1,86,0,0
48,482688,1,1,1,25,11,0,25,1,0,1,0,48,1,72,706,72706,80,2002,1HD1JBB112Y0,1,H,D,1,J,B,B,1,1,2,Y,0,0,M,HD,XDI,RS,2,17,,,,,,,1450,0,0,000000000,00000000000,0,0,0,1,0,0,0,0,0,0,0,998,0,0,0,0,0,4,3,1,0,0,0,1,48,76104,6,1,0,0,3,0,999,999,0,0,0,0,0,0,0,0,0,1,0,0,0,0,4,2,40,2,1,8,1,0,0,14,6,3,2,1,98,1,1
48,482689,1,1,1,28,11,2,34,26,0,1,0,48,1,20,403,20403,14,2003,1GNDS13S1321,1,G,N,D,S,1,3,S,1,3,2,1,0,P,CHEV,TRL,UT,3,17,4417,,0,1130,,G,,0,0,000000000,00000000000,0,0,0,1,0,0,0,0,0,0,0,998,0,1,3,10,10,4,3,26,0,0,0,1,48,76137,6,1,0,0,3,3,999,999,0,0,0,0,0,0,0,0,0,0,58,0,0,0,3,4,60,1,2,8,1,0,0,1,8,6,4,4,7,1,1
48,482690,1,2,1,13,12,19,49,12,2,1,0,48,1,20,481,20481,31,2005,1GCEC14X05Z3,1,G,C,E,C,1,4,X,0,5,Z,3,0,T,CHEV,SC1,PK,5,17,,2,1330,1190,SIL,G,,0,0,000000000,00000000000,0,0,0,1,0,0,0,0,0,0,0,998,0,0,0,12,12,6,2,12,0,0,0,1,48,76108,6,1,6,0,3,3,999,999,1,0,0,0,0,1,2008,1,2008,0,50,0,0,0,3,9,65,1,1,8,1,0,0,1,54,1,1,1,52,1,0
48,482690,2,2,1,13,12,19,49,12,2,1,0,48,2,37,402,37402,14,2007,JHLRE38517C0,J,H,L,R,E,3,8,5,1,7,C,0,0,P,HOND,CRV,UT,7,17,3415,,0,1031,,G,,0,0,000000000,00000000000,0,0,0,1,0,0,0,0,0,0,0,998,0,0,0,12,12,6,2,12,0,0,0,1,48,76179,6,1,0,0,3,3,999,999,0,0,0,0,0,0,0,0,0,0,0,0,0,0,3,9,65,1,1,8,1,0,0,1,54,1,1,1,52,1,0
48,482691,1,1,1,15,12,18,55,1,0,1,0,48,3,86,881,86881,66,2003,1M1AA18Y23W1,1,M,1,A,A,1,8,Y,2,3,W,1,1,T,MACK,CH6,DS,3,17,,8,0,0,600,D,,1,57,1074460,571074460,3,6,2,1,0,0,0,0,0,0,0,78,0,1,5,0,0,6,2,1,0,0,0,1,48,79714,6,1,6,1,3,0,999,999,0,0,0,2,1,2,2010,7,2010,1,39,0,0,0,1,2,60,1,1,8,1,20,3,1,6,1,2,4,7,1,0
48,482692,1,1,1,18,12,11,16,1,0,1,0,48,1,12,401,12401,14,2003,1FMYU60E23UA,1,F,M,Y,U,6,0,E,2,3,U,A,0,P,FORD,EPR,UT,3,17,3828,,0,1018,,G,,0,0,000000000,00000000000,0,0,0,1,0,0,0,0,0,0,0,998,0,1,3,0,0,4,3,1,0,0,0,1,48,79762,6,1,0,0,3,3,999,999,0,3,0,0,0,9,2008,8,2010,0,0,0,0,0,2,4,65,1,1,8,1,0,0,1,1,1,4,4,7,1,0
48,482693,1,1,1,22,12,11,5,39,0,1,0,48,1,37,32,37032,4,1998,1HGCG5642WA2,1,H,G,C,G,5,6,4,2,W,A,2,0,P,HOND,ULX,4D,98,17,2952,,0,1069,,G,,0,0,000000000,00000000000,0,0,0,1,0,0,0,0,0,0,0,998,0,0,0,12,12,4,3,39,0,0,0,1,48,75024,6,1,0,0,3,0,999,999,0,0,0,0,0,0,0,0,0,0,0,0,0,0,4,2,40,1,1,8,1,0,0,10,13,1,1,4,1,1,1
48,482694,1,1,2,24,12,21,45,3,0,1,0,48,2,23,441,23441,20,1996,1GKDM19W3TB5,1,G,K,D,M,1,9,W,3,T,B,5,0,T,GMC,SXT,ES,96,17,,1,0,1110,SAF,G,,0,0,000000000,00000000000,0,0,0,1,0,0,0,0,0,0,0,998,0,0,0,0,0,2,9,3,0,0,0,1,48,75069,0,0,0,0,0,0,70,160,0,0,0,0,0,0,0,0,0,1,87,0,0,0,6,2,99,3,2,8,2,0,0,14,98,1,7,4,0,1,1
48,482695,1,1,1,27,12,20,15,1,0,1,0,48,1,98,706,98706,80,1997,1U9SS11A2VR0,1,U,9,S,S,1,1,A,2,V,R,0,0,U,,,,97,17,,,,,,,,0,0,000000000,00000000000,0,0,0,1,0,0,0,0,0,0,0,998,0,0,0,0,0,9,2,1,0,0,0,1,48,76691,4,1,0,0,2,0,72,247,0,1,1,1,0,3,2008,9,2010,1,58,0,0,0,1,2,35,1,1,8,1,0,0,1,13,6,1,6,98,1,1
48,482696,1,1,1,31,12,13,58,1,0,1,0,48,3,84,899,84899,63,1979,AA185JHA1745,A,A,1,8,5,J,H,A,1,7,4,5,0,P,,,,,,,,,,,,,0,57,819694,57819694,3,1,2,2,2,1203,1,2,0,0,0,998,0,1,3,0,0,6,2,1,0,0,0,1,48,79718,6,1,0,0,2,0,999,999,0,0,0,0,0,0,0,0,0,1,58,0,0,0,6,1,99,1,1,8,1,0,0,11,13,6,4,4,7,1,0
48,482697,1,2,1,4,7,2,14,12,6,1,1,48,1,7,482,7482,31,2004,3D7KA28DX4G1,3,D,7,K,A,2,8,D,X,4,G,1,0,T,DODG,SQ2,CW,4,17,,2,1605,1405,RPC,G,,0,0,000000000,00000000000,0,0,0,1,0,0,0,0,0,0,0,998,0,0,0,12,12,4,3,12,0,0,0,1,48,79936,6,1,0,0,3,0,999,999,0,0,0,1,0,7,2010,7,2010,0,0,0,0,0,1,4,50,1,2,8,1,0,0,1,62,1,1,1,66,0,1
48,482697,2,2,2,4,7,2,14,12,6,1,0,35,2,20,39,20039,5,2006,KL1TD66676B6,K,L,1,T,D,6,6,6,7,6,B,6,0,P,CHEV,ABS,5D,6,17,2343,,0,976,,G,,0,0,000000000,00000000000,0,0,0,1,0,0,0,0,0,0,0,998,0,0,0,3,3,4,3,12,0,0,0,1,48,79930,4,1,0,0,2,0,999,999,0,10,0,0,0,10,2007,4,2010,0,38,0,0,0,1,4,50,1,2,8,1,0,0,12,10,1,1,1,66,2,1
48,482698,1,2,1,7,7,10,39,12,6,1,0,48,2,35,471,35471,30,1994,1N6SD11S3RC3,1,N,6,S,D,1,1,S,3,R,C,3,0,T,NISS,XES,PK,94,17,,1,0,1043,TRK,G,,0,0,000000000,00000000000,0,0,0,1,0,0,0,0,0,0,0,998,0,0,0,3,3,6,2,12,0,0,0,1,48,75142,0,0,0,0,0,0,71,150,0,0,0,0,0,0,0,0,0,0,38,0,0,0,2,4,45,1,2,8,1,3,3,11,15,1,1,1,68,1,1
48,482698,2,2,1,7,7,10,39,12,6,1,0,93,1,82,881,82881,66,1998,1FUYDZYB1WL7,1,F,U,Y,D,Z,Y,B,1,W,L,7,1,T,FRHT,FLD,DS,98,17,,8,0,0,CON,D,,1,57,1198992,571198992,3,6,1,1,0,0,0,0,0,0,0,998,0,0,0,12,12,4,3,12,0,0,0,1,48,77506,6,1,6,0,3,0,999,999,0,0,0,1,0,6,2010,6,2010,0,0,0,0,0,2,4,45,1,2,8,1,3,3,1,62,1,1,1,69,0,0
48,482699,1,2,1,4,8,9,20,12,6,1,0,48,1,7,442,7442,20,2006,2D4GP44L36R7,2,D,4,G,P,4,4,L,3,6,R,7,0,P,DODG,CAR,SV,6,17,4252,,0,1193,,G,,0,0,000000000,00000000000,0,0,0,1,0,0,0,0,0,0,0,998,0,0,0,9,9,4,3,12,32,0,0,1,48,75460,6,1,0,0,3,3,64,185,0,0,0,0,0,0,0,0,0,0,38,0,0,0,1,2,99,1,1,8,1,20,3,1,17,1,1,1,89,1,0
48,482699,2,2,1,4,8,9,20,12,6,1,0,48,1,20,481,20481,31,2008,3GCEK13J08G2,3,G,C,E,K,1,3,J,0,8,G,2,0,T,CHEV,SK1,CW,8,17,,2,0,1435,SIL,G,,0,0,000000000,00000000000,0,0,0,1,0,0,0,0,0,0,0,998,0,0,0,12,12,4,3,12,0,0,0,1,48,75462,6,1,0,0,3,0,999,999,0,0,0,0,0,0,0,0,0,0,0,0,0,0,1,2,40,1,1,8,1,20,3,1,66,1,1,1,88,0,0
48,482700,1,3,2,30,8,9,45,57,0,1,0,48,2,63,441,63441,20,2005,KNDUP1329566,K,N,D,U,P,1,3,2,9,5,6,6,0,P,KIA,SED,SV,5,17,4802,,0,1145,,G,,0,0,000000000,00000000000,0,0,0,1,0,0,0,0,0,0,0,998,0,0,0,99,99,9,2,57,0,0,0,1,48,78065,6,1,0,0,3,3,60,178,0,0,0,0,0,0,0,0,0,0,0,0,0,0,3,2,65,1,1,8,1,0,0,1,1,1,4,4,7,2,0
48,482700,2,3,1,30,8,9,45,57,0,1,0,93,3,87,881,87881,66,2007,1XP5DB9X77D7,1,X,P,5,D,B,9,X,7,7,D,7,1,T,PTRB,379,DS,7,17,,8,0,0,CON,D,,1,57,296726,57296726,3,6,1,1,0,0,0,0,0,0,0,998,0,0,0,12,12,4,3,12,0,0,0,1,48,75773,6,1,6,0,3,3,999,999,0,0,0,0,0,0,0,0,0,0,0,0,0,0,3,2,65,1,1,8,1,0,0,1,64,7,1,1,98,0,0
48,482700,3,3,1,30,8,9,45,57,0,1,0,49,3,85,881,85881,66,2003,1XKWDB9X33R3,1,X,K,W,D,B,9,X,3,3,R,3,1,T,KW,W90,DS,3,17,,8,2850,1600,CON,D,,1,57,760130,57760130,3,6,3,1,0,0,0,0,0,0,0,998,0,0,0,63,63,2,1,12,0,0,0,1,8,80543,6,1,6,0,3,0,68,150,0,0,0,1,5,10,2007,5,2010,0,0,0,0,0,3,2,65,1,1,8,1,0,0,1,60,1,1,1,98,0,0
48,482701,1,1,2,12,10,19,46,8,0,1,0,48,3,98,981,98981,52,1999,1N9040056XA1,1,N,9,0,4,0,0,5,6,X,A,1,0,U,,,,99,17,,,,,,,,0,88,888888888,88888888888,3,21,22,1,0,0,0,0,99,0,0,998,0,0,0,83,83,2,9,8,0,0,0,1,48,78250,6,1,6,1,3,3,999,999,0,0,0,0,0,0,0,0,0,0,0,0,0,0,4,4,30,1,1,8,1,0,0,1,80,1,1,1,13,0,0
48,482702,1,3,1,13,11,2,12,12,1,1,0,48,1,37,31,37031,4,2005,2HGES15515H5,2,H,G,E,S,1,5,5,1,5,H,5,0,P,HOND,UCL,4D,5,17,2560,,0,1031,,G,,0,0,000000000,00000000000,0,0,0,1,0,0,0,0,0,0,0,998,0,0,0,12,12,4,3,12,0,0,0,1,48,77092,6,1,0,0,3,0,999,999,0,0,0,0,0,0,0,0,0,0,0,0,0,0,3,5,60,1,1,1,2,0,0,1,50,1,1,1,42,0,0
48,482702,2,3,0,13,11,2,12,12,1,1,0,48,6,37,32,37032,4,2000,1HGCG3178YA0,1,H,G,C,G,3,1,7,8,Y,A,0,0,P,HOND,UEX,CP,0,17,2976,,0,1051,,G,,0,0,000000000,00000000000,0,0,0,1,0,0,0,0,0,0,0,0,0,0,0,6,1,4,3,12,0,0,0,0,,,,,,,,,999,,,,,,,,,,,,0,0,0,0,3,5,60,1,1,1,2,0,0,0,53,0,0,0,42,0,0
48,482702,3,3,1,13,11,2,12,12,1,1,1,48,9,18,4,18004,4,1995,1G4BN52P6SR4,1,G,4,B,N,5,2,P,6,S,R,4,0,P,BUIC,RDM,4D,95,17,4211,,0,1159,,G,,0,0,000000000,00000000000,0,0,0,1,0,0,0,0,0,0,0,998,0,0,0,11,11,2,3,8,0,0,0,1,99,99999,9,9,99,9,9,9,999,999,99,99,99,99,99,99,9999,99,9999,0,0,0,0,0,3,5,60,1,1,1,2,0,0,1,80,1,1,1,98,0,0
48,482704,1,1,1,12,12,1,49,59,0,1,0,48,2,7,442,7442,20,1996,2B4GP4539TR6,2,B,4,G,P,4,5,3,9,T,R,6,0,P,DODG,CAR,SV,96,17,3578,,0,1133,,G,,0,0,000000000,00000000000,0,0,0,1,0,0,0,0,0,0,0,998,0,0,0,12,12,6,2,59,0,0,1,1,48,76112,0,0,0,0,0,0,999,999,0,0,0,0,0,0,0,0,0,0,0,0,0,0,2,4,60,1,1,8,1,0,0,1,12,1,1,4,6,1,1
48,482705,1,1,1,15,12,10,30,24,0,1,0,48,1,72,706,72706,80,2008,1HD1JK5188Y0,1,H,D,1,J,K,5,1,8,8,Y,0,0,M,HD,FWC,RS,8,17,,,,,,,1584,0,0,000000000,00000000000,0,0,0,1,0,0,0,0,0,0,0,998,0,0,0,99,99,9,2,24,0,0,0,1,48,76557,6,1,0,0,3,3,71,224,0,0,0,0,0,0,0,0,0,1,0,0,0,0,1,2,99,3,6,8,1,0,0,14,13,1,1,4,1,1,0
48,482706,1,1,1,19,12,1,20,32,0,1,0,48,1,52,46,52046,4,2006,JA3AH36C16U0,J,A,3,A,H,3,6,C,1,6,U,0,0,P,MITS,LER,4D,6,17,3219,,0,1033,,G,,0,0,000000000,00000000000,0,0,0,1,0,0,0,0,0,0,0,998,0,1,5,2,11,4,3,32,0,0,0,1,48,78586,6,1,0,0,3,0,999,999,0,0,0,0,0,0,0,0,0,1,58,0,0,0,1,2,55,1,1,8,1,0,0,1,13,8,4,4,7,1,1