STATE,ST_CASE,VEH_NO,VE_FORMS,NUMOCCS,DAY,MONTH,HOUR,MINUTE,HARM_EV,MAN_COLL,UNITTYPE,HIT_RUN,REG_STAT,OWNER,MAKE,MODEL,MAK_MOD,BODY_TYP,MOD_YEAR,VIN,VIN_1,VIN_2,VIN_3,VIN_4,VIN_5,VIN_6,VIN_7,VIN_8,VIN_9,VIN_10,VIN_11,VIN_12,TOW_VEH,VINTYPE,VINMAKE,VINA_MOD,VIN_BT,VINMODYR,VIN_LNGT,VIN_WGT,WGTCD_TR,WHLBS_LG,WHLBS_SH,SER_TR,FUELCODE,MCYCL_DS,J_KNIFE,MCARR_I1,MCARR_I2,MCARR_ID,GVWR,V_CONFIG,CARGO_BT,HAZ_INV,HAZ_PLAC,HAZ_ID,HAZ_CNO,HAZ_REL,BUS_USE,SPEC_USE,EMER_USE,TRAV_SP,UNDERIDE,ROLLOVER,ROLINLOC,IMPACT1,IMPACT2,DEFORMED,TOWED,M_HARM,VEH_SC1,VEH_SC2,FIRE_EXP,DR_PRES,L_STATE,DR_ZIP,L_STATUS,L_TYPE,CDL_STAT,L_ENDORS,L_COMPL,L_RESTRI,DR_HGT,DR_WGT,PREV_ACC,PREV_SUS,PREV_DWI,PREV_SPD,PREV_OTH,FIRST_MO,FIRST_YR,LAST_MO,LAST_YR,SPEEDREL,DR_SF1,DR_SF2,DR_SF3,DR_SF4,VTRAFWAY,VNUM_LAN,VSPD_LIM,VALIGN,VPROFILE,VPAVETYP,VSURCOND,VTRAFCON,VTCONT_F,P_CRASH1,P_CRASH2,P_CRASH3,PCRASH4,PCRASH5,ACC_TYPE,DEATHS,DR_DRINK
48,482707,1,1,1,23,12,2,30,34,0,1,0,48,2,23,481,23481,31,1994,2GTEK19K4R15,2,G,T,E,K,1,9,K,4,R,1,5,0,T,GMC,SK1,PC,94,17,,2,1555,1415,SIE,G,,0,0,000000000,00000000000,0,0,0,1,0,0,0,0,0,0,0,998,0,1,5,99,0,6,2,1,0,0,0,1,48,78580,6,1,0,0,3,0,999,999,0,0,0,0,0,0,0,0,0,1,58,0,0,0,1,2,65,1,1,8,2,0,0,1,13,6,3,4,2,1,1
48,482708,1,1,4,25,12,0,14,32,0,1,0,48,1,19,480,19480,31,2002,3GYEK63N12G3,3,G,Y,E,K,6,3,N,1,2,G,3,0,T,CADI,EXT,4C,2,17,,2,0,1300,ESC,G,,0,0,000000000,00000000000,0,0,0,1,0,0,0,0,0,0,0,58,0,1,5,82,82,6,2,32,0,0,0,1,48,78640,0,0,0,0,0,0,999,999,0,0,0,0,0,0,0,0,0,1,58,0,0,0,1,2,40,1,1,8,2,0,0,1,13,6,4,4,7,1,0
48,482709,1,2,1,28,12,13,44,1,0,1,0,99,9,53,706,53706,80,2002,JS1GT74A6221,J,S,1,G,T,7,4,A,6,2,2,1,0,M,SUZI,XR1,RS,2,17,,,,,,,988,0,0,000000000,00000000000,0,0,0,1,0,0,0,0,0,0,0,998,0,0,0,0,99,9,2,1,0,0,0,1,48,77303,1,1,0,0,2,0,74,253,0,6,0,0,0,4,2010,8,2010,0,0,0,0,0,1,2,40,1,3,8,1,0,0,1,8,3,1,1,98,1,0
48,482709,2,2,1,28,12,13,44,1,0,1,0,48,1,12,481,12481,31,1996,1FTEX15N3TKA,1,F,T,E,X,1,5,N,3,T,K,A,0,T,FORD,F15,PS,96,17,,2,1550,1390,COF,G,,0,0,000000000,00000000000,0,0,0,1,0,0,0,0,0,0,0,998,0,0,0,61,61,4,3,12,0,0,0,1,48,77009,6,1,0,0,3,0,999,999,0,0,0,0,0,0,0,0,0,0,0,0,0,0,1,2,40,1,3,8,1,0,0,12,53,1,1,2,98,0,0
48,482710,1,2,1,10,2,23,11,8,0,1,0,93,3,7,880,7880,67,2005,3D7MR48C35G7,3,D,7,M,R,4,8,C,3,5,G,7,0,T,DODG,SQ3,CW,5,17,,3,0,1600,RPC,D,,0,57,1193341,571193341,2,1,96,1,0,0,0,0,0,0,0,998,0,0,0,12,12,2,3,8,0,0,0,1,48,79912,6,1,6,0,3,3,999,999,0,0,0,0,0,0,0,0,0,0,0,0,0,0,3,2,60,1,1,8,2,0,0,1,80,1,1,1,13,0,0
48,482710,2,2,2,10,2,23,11,8,0,1,0,48,2,41,37,41037,4,2001,1YVGF22C3152,1,Y,V,G,F,2,2,C,3,1,5,2,0,P,MAZD,U6X,4D,1,17,2864,,0,1051,,G,,0,0,000000000,00000000000,0,0,0,1,0,0,0,0,0,0,0,998,0,0,0,99,99,9,2,8,0,0,0,1,48,79924,0,0,0,0,0,0,999,999,0,3,0,0,0,12,2007,1,2010,0,0,0,0,0,3,2,60,1,1,8,2,0,0,1,80,1,1,1,98,0,0
48,482711,1,2,1,29,3,3,27,12,6,1,0,48,1,20,473,20473,30,2006,1GCCS1964682,1,G,C,C,S,1,9,6,4,6,8,2,0,T,CHEV,RDO,4C,6,17,,1,0,1260,CAL,G,,0,0,000000000,00000000000,0,0,0,1,0,0,0,0,0,0,0,998,0,0,0,12,12,6,2,12,0,0,0,1,48,77489,6,1,0,0,3,0,999,999,0,0,0,0,0,0,0,0,0,0,39,0,0,0,4,3,45,1,1,1,1,3,3,1,66,1,1,1,86,0,1
48,482711,2,2,2,29,3,3,27,12,6,1,0,48,1,35,472,35472,30,1999,1N6DD26S7XC3,1,N,6,D,D,2,6,S,7,X,C,3,0,T,NISS,KXS,PC,99,17,,1,0,1161,FRT,G,,0,0,000000000,00000000000,0,0,0,1,0,0,0,0,0,0,0,998,0,0,0,2,2,6,2,12,0,0,0,1,48,77072,0,0,0,0,0,0,999,999,0,3,0,0,0,9,2007,1,2010,0,39,0,0,0,1,3,99,1,1,1,1,3,3,1,66,1,1,1,87,1,1
48,482712,1,2,1,15,4,12,37,12,7,1,0,93,3,82,883,82883,66,2007,1FUJA6CK17LX,1,F,U,J,A,6,C,K,1,7,L,X,1,T,FRHT,COL,DS,7,17,,8,0,0,CON,D,,1,57,980774,57980774,3,6,98,1,0,0,0,0,0,0,0,998,0,0,0,4,4,2,1,12,0,0,0,1,48,76065,6,1,6,9,3,3,999,999,0,0,0,0,0,0,0,0,0,0,0,0,0,0,2,3,45,1,1,8,1,0,0,1,61,1,1,1,45,0,0
48,482712,2,2,1,15,4,12,37,12,7,1,0,48,1,12,481,12481,31,2004,1FTPX12574NB,1,F,T,P,X,1,2,5,7,4,N,B,0,T,FORD,F15,4C,4,17,,2,1450,1260,COF,G,,0,0,000000000,00000000000,0,0,0,1,0,0,0,0,0,0,0,998,0,0,0,10,10,2,1,8,0,0,0,1,48,75494,6,1,0,0,3,0,999,999,0,0,0,0,0,0,0,0,0,0,26,27,0,0,2,3,45,1,1,8,1,0,0,15,50,7,1,2,47,0,0
48,482713,1,1,99,25,4,1,20,8,0,1,1,99,9,99,999,99999,99,9999,999999999999,9,9,9,9,9,9,9,9,9,9,9,9,9,U,,,,9,17,,,,,,,,0,0,000000000,00000000000,0,0,0,1,0,0,0,0,0,0,0,998,0,0,0,99,99,9,1,8,0,0,0,1,99,99999,9,9,99,9,9,9,999,999,99,99,99,99,99,99,9999,99,9999,0,0,0,0,0,1,2,40,1,1,8,1,0,0,1,80,1,1,1,13,0,0
48,482714,1,3,2,30,4,16,0,12,6,1,0,35,2,49,46,49046,5,2005,JTDKB20U2570,J,T,D,K,B,2,0,U,2,5,7,0,0,P,TOYT,PRI,4H,5,17,2890,,0,1063,,B,,0,0,000000000,00000000000,0,0,0,1,0,0,0,0,0,0,0,998,0,0,0,12,12,6,2,12,36,0,0,1,35,87015,6,1,0,0,3,0,71,175,98,0,0,0,0,0,0,0,0,0,48,0,0,0,1,2,55,1,2,2,1,0,0,12,10,1,1,2,98,1,0
48,482714,2,3,1,30,4,16,0,12,6,1,0,48,1,12,481,12481,31,2005,1FTPW14565KD,1,F,T,P,W,1,4,5,6,5,K,D,0,T,FORD,F1S,CW,5,17,,2,1450,1260,COF,G,,0,0,000000000,00000000000,0,0,0,1,0,0,0,0,0,0,0,998,0,0,0,10,10,4,3,12,0,0,0,1,48,79936,6,1,6,0,3,0,999,999,1,0,0,0,0,6,2007,6,2007,0,0,0,0,0,1,2,55,1,2,2,1,0,0,1,62,1,1,1,98,0,0
48,482714,3,3,1,30,4,16,0,12,6,1,0,48,1,30,40,30040,4,2004,3VWRR69M04M1,3,V,W,R,R,6,9,M,0,4,M,1,0,P,VOLK,JJI,4D,4,17,2895,,0,989,,D,,0,0,000000000,00000000000,0,0,0,1,0,0,0,0,0,0,0,998,0,0,0,12,12,2,1,12,0,0,0,1,48,79924,6,1,0,0,3,0,999,999,0,0,0,0,0,0,0,0,0,0,0,0,0,0,1,2,55,1,2,2,1,0,0,1,50,1,1,1,98,0,0
48,482715,1,2,1,4,5,12,15,12,6,1,0,48,2,37,706,37706,80,2007,JH2SC57177M3,J,H,2,S,C,5,7,1,7,7,M,3,0,M,HOND,CBS,RS,7,17,,,,,,,998,0,0,000000000,00000000000,0,0,0,1,0,0,0,0,0,0,0,70,0,0,0,12,12,6,2,12,0,0,0,1,48,78244,0,0,0,0,0,0,999,999,0,2,0,0,0,11,2007,7,2009,1,37,39,0,0,1,4,40,1,1,8,1,3,3,1,17,1,1,1,83,1,0
48,482715,2,2,2,4,5,12,15,12,6,1,0,48,1,6,441,6441,20,2009,2A8HR44E09R5,2,A,8,H,R,4,4,E,0,9,R,5,0,P,CHRY,TWC,SV,9,17,4335,,0,1212,,F,,0,0,000000000,00000000000,0,0,0,1,0,0,0,0,0,0,0,998,0,0,0,9,9,4,3,12,0,0,0,1,48,78217,6,1,0,0,3,3,999,999,0,0,0,0,0,0,0,0,0,0,0,0,0,0,1,2,99,1,1,8,1,3,3,11,66,1,1,1,82,0,0
48,482716,1,1,2,7,5,21,26,8,0,1,0,48,1,7,24,7024,4,2008,2B3KA43R58H2,2,B,3,K,A,4,3,R,5,8,H,2,0,P,DODG,CHA,4D,8,17,3727,,0,1200,,G,,0,0,000000000,00000000000,0,0,0,1,0,0,0,0,0,0,0,998,0,0,0,12,12,2,3,8,0,0,0,1,48,76501,6,1,0,0,3,0,999,999,0,0,0,0,0,0,0,0,0,0,0,0,0,0,1,4,40,3,1,8,1,0,0,14,80,1,1,1,13,0,0
48,482717,1,2,1,8,5,20,36,12,6,1,0,48,2,73,706,73706,80,2008,JKAZX4P178A0,J,K,A,Z,X,4,P,1,7,8,A,0,0,M,KAWK,ZXP,RS,8,17,,,,,,,599,0,0,000000000,00000000000,0,0,0,1,0,0,0,0,0,0,0,100,0,0,0,12,12,9,2,12,0,0,0,1,39,44420,6,1,0,0,3,0,69,155,0,1,0,3,0,1,2008,4,2010,1,28,37,0,0,5,4,55,1,1,1,1,0,0,1,72,1,1,1,83,1,0
48,482717,2,2,1,8,5,20,36,12,6,1,0,48,1,12,401,12401,14,2006,1FMEU73E06UB,1,F,M,E,U,7,3,E,0,6,U,B,0,P,FORD,EPR,UT,6,17,4456,,0,1137,,G,,0,0,000000000,00000000000,0,0,0,1,0,0,0,0,0,0,0,998,0,0,0,7,7,4,1,12,0,0,0,1,48,77836,6,1,0,0,3,3,999,999,0,0,0,0,0,0,0,0,0,0,0,0,0,0,9,9,99,1,1,1,1,0,0,11,98,1,1,1,82,0,0
48,482718,1,2,1,12,5,17,45,12,6,1,0,48,1,12,481,12481,31,2003,1FTRW07603KD,1,F,T,R,W,0,7,6,0,3,K,D,0,T,FORD,F1S,CW,3,17,,2,0,1385,COF,G,,0,0,000000000,00000000000,0,0,0,1,0,0,0,0,0,0,0,998,0,0,0,10,10,6,2,12,0,0,0,1,48,76558,6,1,0,0,3,3,999,999,0,0,0,1,0,12,2009,12,2009,0,38,0,0,0,1,2,50,1,1,2,1,0,0,11,10,1,1,1,68,0,0
48,482718,2,2,1,12,5,17,45,12,6,1,0,48,2,72,706,72706,80,1988,1HD1DJL36JY5,1,H,D,1,D,J,L,3,6,J,Y,5,0,M,HD,FHC,RS,88,17,,,,,,,1340,0,0,000000000,00000000000,0,0,0,1,0,0,0,0,0,0,0,998,0,0,0,11,11,6,2,12,0,0,0,1,48,76708,6,1,0,0,2,0,67,161,0,0,0,0,0,0,0,0,0,0,0,0,0,0,1,2,50,1,1,2,1,0,0,1,62,1,1,1,69,1,1
48,482719,1,1,3,22,5,2,23,14,0,1,0,48,2,24,401,24401,14,2005,1G8AY12P45Z1,1,G,8,A,Y,1,2,P,4,5,Z,1,0,P,STRN,SRL,C4,5,17,2843,,0,1035,,G,,0,0,000000000,00000000000,0,0,0,1,0,0,0,0,0,0,0,998,0,0,0,61,61,6,2,14,0,0,0,1,48,79928,6,1,0,0,3,3,999,999,0,0,0,1,0,5,2008,5,2008,1,0,0,0,0,3,2,60,1,1,8,1,0,0,15,13,1,3,4,2,1,1
48,482720,1,2,1,19,6,2,46,12,1,1,0,93,1,85,881,85881,66,1998,1XKTDR9X2WJ7,1,X,K,T,D,R,9,X,2,W,J,7,1,T,KW,T20,DS,98,17,,8,2600,1900,CON,D,,1,57,1993781,571993781,3,6,1,1,0,0,0,0,0,0,0,998,0,0,0,6,6,4,1,12,0,0,0,1,48,78577,6,1,6,0,3,0,999,999,0,1,0,0,3,12,2007,4,2009,0,0,0,0,0,5,4,55,1,1,8,1,0,0,1,53,1,1,1,25,0,0
48,482720,2,2,2,19,6,2,46,12,1,1,0,48,1,20,481,20481,31,2009,3GCEC23J19G1,3,G,C,E,C,2,3,J,1,9,G,1,0,T,CHEV,2SC,CW,9,17,,2,0,1435,SIL,G,,0,0,000000000,00000000000,0,0,0,1,0,0,0,0,0,0,0,998,0,0,0,12,12,6,2,2,0,0,1,1,48,78577,1,1,1,0,2,0,999,999,0,6,0,0,1,5,2008,6,2010,1,0,0,0,0,5,4,55,1,1,8,1,0,0,1,51,1,1,1,24,2,0
48,482721,1,2,1,25,6,6,48,12,6,1,0,48,3,20,481,20481,31,2003,1GCHK29U43E3,1,G,C,H,K,2,9,U,4,3,E,3,0,T,CHEV,2KH,4C,3,17,,2,1575,1435,SIL,G,,0,0,000000000,00000000000,0,0,0,1,0,0,0,0,0,0,0,998,0,0,0,2,2,4,3,12,0,0,0,1,48,75974,6,1,0,0,3,3,999,999,0,0,0,0,0,0,0,0,0,0,27,48,0,0,1,4,99,1,1,2,1,0,0,11,10,1,1,2,68,1,0
48,482721,2,2,1,25,6,6,48,12,6,1,0,48,1,7,482,7482,31,2008,3D7KS28A38G2,3,D,7,K,S,2,8,A,3,8,G,2,0,T,DODG,SQ2,CW,8,17,,2,1605,1405,RPC,D,,0,0,000000000,00000000000,0,0,0,1,0,0,0,0,0,0,0,998,0,0,0,12,12,4,3,12,0,0,0,1,48,75969,6,1,0,0,3,0,999,999,0,0,0,2,1,3,2009,3,2010,0,0,0,0,0,1,4,99,1,1,2,1,0,0,1,62,1,1,1,69,0,0
48,482722,1,1,2,16,7,0,10,1,0,1,0,48,1,20,421,20421,15,1999,3GNEK18R4XG1,3,G,N,E,K,1,8,R,4,X,G,1,0,P,CHEV,KTA,UT,99,17,4858,,0,1115,,G,,0,0,000000000,00000000000,0,0,0,1,0,0,0,0,0,0,0,998,0,9,5,0,0,6,2,1,0,0,0,1,48,79763,6,1,0,0,3,0,999,999,0,0,0,1,0,1,2009,1,2009,1,0,0,0,0,1,2,50,3,1,8,1,0,0,14,13,1,1,4,1,1,1
48,482724,1,1,1,31,7,2,20,1,0,1,0,48,2,6,441,6441,20,2001,2C8GP44351R2,2,C,8,G,P,4,4,3,5,1,R,2,0,P,CHRY,TWC,SV,1,17,3993,,0,1193,,F,,0,0,000000000,00000000000,0,0,0,1,0,0,0,0,0,0,0,998,0,1,5,0,0,6,2,1,0,0,0,1,48,78566,0,0,0,0,0,0,999,999,0,0,0,0,0,0,0,0,0,1,0,0,0,0,1,2,45,1,1,8,1,0,0,1,1,1,4,4,7,1,0
48,482725,1,1,4,1,8,21,19,5,0,1,1,0,0,37,734,37734,90,2009,1HFTE2605948,1,H,F,T,E,2,6,0,5,9,4,8,0,M,HOND,TFA,AT,9,17,,,,,,,499,0,0,000000000,00000000000,0,0,0,1,0,0,0,0,0,0,0,998,0,0,0,0,0,0,1,5,0,0,0,1,48,77009,0,0,0,0,0,0,999,999,0,0,0,0,0,0,0,0,0,1,0,0,0,0,9,9,30,9,9,7,5,0,0,1,98,1,7,1,0,1,0
48,482726,1,1,1,14,8,3,32,24,0,1,0,48,2,12,481,12481,31,2004,1FTRX02W94KB,1,F,T,R,X,0,2,W,9,4,K,B,0,T,FORD,F15,4C,4,17,,2,1450,1260,COF,G,,0,0,000000000,00000000000,0,0,0,1,0,0,0,0,0,0,0,998,0,1,3,10,0,6,2,1,0,0,0,1,48,78613,6,1,0,0,3,3,76,276,0,1,0,0,0,6,2008,6,2008,1,37,0,0,0,3,2,65,1,1,8,1,0,0,1,12,7,9,4,2,1,1
48,482727,1,1,2,15,8,8,20,14,0,1,0,48,1,12,471,12471,30,1997,1FTCR14U9VPB,1,F,T,C,R,1,4,U,9,V,P,B,0,T,FORD,RNS,PS,97,17,,1,0,1250,RNG,G,,0,0,000000000,00000000000,0,0,0,1,0,0,0,0,0,0,0,998,0,0,0,12,12,4,3,14,0,0,0,1,48,78504,6,1,0,0,3,0,999,999,0,0,0,0,0,0,0,0,0,0,0,0,0,0,1,2,30,1,1,8,1,0,0,1,11,1,1,4,11,1,0
48,482728,1,1,2,28,8,18,38,8,0,1,0,48,1,20,481,20481,31,2004,1GCJK33GX4F2,1,G,C,J,K,3,3,G,X,4,F,2,0,T,CHEV,SK3,CW,4,17,,3,0,1670,SIL,G,,0,0,000000000,00000000000,0,0,0,1,0,0,0,0,0,0,0,998,0,0,0,6,6,0,1,8,0,0,0,1,48,78411,6,1,0,0,3,3,999,999,0,0,0,0,0,0,0,0,0,0,0,0,0,0,9,9,15,1,1,7,5,0,0,13,82,1,1,1,92,0,0
48,482729,1,2,1,30,10,19,30,12,6,1,0,48,1,76,706,76706,80,2000,JYA2WEE04YA0,J,Y,A,2,W,E,E,0,4,Y,A,0,0,M,YAMA,VMX,RS,0,17,,,,,,,1198,0,0,000000000,00000000000,0,0,0,1,0,0,0,0,0,0,0,998,0,0,0,12,12,9,2,12,0,0,0,1,48,77043,6,1,0,0,3,3,999,999,0,0,0,3,1,1,2008,4,2010,0,0,0,0,0,4,3,45,1,1,1,1,0,0,1,60,1,1,1,71,1,0
48,482729,2,2,2,30,10,19,30,12,6,1,0,48,1,98,808,98808,62,1998,JNAPA20H6WGN,J,N,A,P,A,2,0,H,6,W,G,N,0,T,UD,UD6,TB,98,17,,6,2539,1476,UDS,D,,0,57,2000786,572000786,2,1,1,1,0,0,0,0,0,0,0,998,0,0,0,3,3,0,1,12,0,0,0,1,48,77040,6,1,6,0,3,0,999,999,0,0,0,0,0,0,0,0,0,0,48,0,0,0,4,3,45,1,1,1,1,0,0,10,16,1,1,1,70,0,0
48,482730,1,1,4,30,10,22,3,8,0,1,0,48,2,12,3,12003,2,2002,1FAFP40412F1,1,F,A,F,P,4,0,4,1,2,F,1,0,P,FORD,MUS,CP,2,17,3066,,0,1013,,G,,0,0,000000000,00000000000,0,0,0,1,0,0,0,0,0,0,0,998,0,0,0,12,12,2,3,8,0,0,0,1,48,78539,0,0,0,0,0,0,999,999,0,0,0,0,0,0,0,0,0,0,92,0,0,0,3,4,65,1,1,8,1,0,0,1,80,1,1,1,13,0,0
48,482731,1,2,1,30,10,7,54,12,6,1,0,48,2,2,482,2482,31,1986,1JTWL6573GT1,1,J,T,W,L,6,5,7,3,G,T,1,0,T,AMER,CMX,PK,86,17,,1,0,1200,COM,G,,0,0,000000000,00000000000,0,0,0,1,0,0,0,0,0,0,0,998,0,0,0,12,12,4,3,12,0,0,0,1,48,79423,1,1,0,0,2,0,999,999,0,1,0,0,0,8,2008,8,2008,0,91,0,0,0,2,6,65,1,1,8,1,0,0,1,8,1,1,6,64,0,1
48,482731,2,2,1,30,10,7,54,12,6,1,0,48,1,20,481,20481,31,1996,1GCEC14M3TZ1,1,G,C,E,C,1,4,M,3,T,Z,1,0,T,CHEV,GC1,PK,96,17,,2,1315,1175,GM4,G,,0,0,000000000,00000000000,0,0,0,1,0,0,0,0,0,0,0,998,0,0,0,9,9,6,2,12,0,0,0,1,48,79414,6,1,0,0,3,0,999,999,1,0,0,0,0,3,2009,3,2009,0,0,0,0,0,2,6,65,1,1,8,1,0,0,1,64,1,1,1,65,1,0
48,482732,1,1,4,31,10,16,40,8,0,1,0,48,1,7,422,7422,15,2006,1D4HD48N26F1,1,D,4,H,D,4,8,N,2,6,F,1,0,P,DODG,DUR,UT,6,17,4549,,0,1192,,G,,0,0,000000000,00000000000,0,0,0,1,0,0,0,0,0,0,0,998,0,0,0,12,12,4,3,8,32,0,0,1,48,78043,6,1,0,0,3,0,999,999,0,0,0,0,1,7,2010,7,2010,0,0,0,0,0,3,3,35,1,1,8,1,0,0,1,80,1,1,1,13,0,0
48,482733,1,1,1,8,11,9,45,9,0,1,0,48,3,89,882,89882,63,2008,5VCDC6KF38H2,5,V,C,D,C,6,K,F,3,8,H,2,0,T,AUTC,WXA,TL,8,17,,8,0,0,XPD,D,,0,57,1196883,571196883,3,2,7,1,0,0,0,0,0,0,0,998,0,0,0,1,1,0,1,9,0,0,0,1,48,77016,6,1,6,0,3,0,999,999,0,0,0,0,1,10,2009,10,2009,0,0,0,0,0,3,2,35,1,1,1,1,3,3,10,84,1,1,1,13,0,0
48,482734,1,2,1,12,11,23,0,12,7,1,1,99,9,12,481,12481,31,9999,999999999999,9,9,9,9,9,9,9,9,9,9,9,9,0,U,,,,9,17,,,,,,,,0,0,000000000,00000000000,0,0,0,1,0,0,0,0,0,0,0,998,0,0,0,81,81,9,1,12,0,0,0,1,99,99999,9,9,99,9,9,9,999,999,99,99,99,99,99,99,9999,99,9999,1,0,0,0,0,3,2,35,1,1,1,2,0,0,15,11,1,1,2,44,0,0
48,482734,2,2,2,12,11,23,0,12,7,1,0,48,1,53,706,53706,80,1996,JS1GU75AXT21,J,S,1,G,U,7,5,A,X,T,2,1,0,M,SUZI,SXW,RS,96,17,,,,,,,1074,0,0,000000000,00000000000,0,0,0,1,0,0,0,0,0,0,0,998,0,0,0,61,61,4,3,12,0,0,0,1,48,77091,6,1,6,0,3,3,999,999,0,1,0,2,0,11,2007,7,2010,0,0,0,0,0,3,2,35,1,1,1,2,0,0,1,60,1,1,1,45,1,0
48,482735,1,2,1,20,11,9,44,12,6,1,0,48,1,87,883,87883,66,2008,1XPHD49X08D7,1,X,P,H,D,4,9,X,0,8,D,7,1,T,PTRB,386,DS,8,17,,8,0,0,CON,D,,1,57,185040,57185040,3,6,2,2,2,1203,3,1,0,0,0,998,0,0,0,2,2,4,3,12,0,0,0,1,48,79601,6,1,6,1,3,3,999,999,0,0,0,0,0,0,0,0,0,0,0,0,0,0,1,4,55,3,1,8,1,0,0,14,66,6,1,1,87,0,0
48,482735,2,2,2,20,11,9,44,12,6,1,0,48,1,14,6,14006,4,1999,2MEFM74W4XX7,2,M,E,F,M,7,4,W,4,X,X,7,0,P,MERC,GMG,4D,99,17,3917,,0,1147,,G,,0,0,000000000,00000000000,0,0,0,1,0,0,0,0,0,0,0,998,0,0,0,12,12,6,2,12,0,0,0,1,48,76443,6,1,0,0,3,3,999,999,0,0,0,0,0,0,0,0,0,0,39,50,0,0,4,1,99,1,1,8,1,0,0,1,17,1,1,1,86,1,0
48,482736,1,6,1,14,12,10,28,12,1,1,0,48,1,13,13,13013,4,2007,3LNHM26T17R6,3,L,N,H,M,2,6,T,1,7,R,6,0,P,LINC,MKZ,4D,7,17,3469,,0,1074,,G,,0,0,000000000,00000000000,0,0,0,1,0,0,0,0,0,0,0,998,0,0,0,12,12,6,2,12,0,0,0,1,48,76137,6,1,0,0,3,0,999,999,1,0,0,0,0,3,2009,3,2009,0,0,0,0,0,3,3,35,2,2,8,1,3,3,14,8,1,1,1,20,0,0
48,482736,2,6,2,14,12,10,28,12,1,1,0,48,2,52,37,52037,2,1998,4A3AK44Y2WE0,4,A,3,A,K,4,4,Y,2,W,E,0,0,P,MITS,EGS,2H,98,17,2842,,0,988,,G,,0,0,000000000,00000000000,0,0,0,1,0,0,0,0,0,0,0,0,0,0,0,6,6,6,2,12,0,0,0,1,48,76180,6,1,0,0,3,0,999,999,0,0,0,0,1,2,2010,2,2010,0,0,0,0,0,3,3,35,2,2,8,1,3,3,5,53,1,1,1,21,1,0
48,482736,3,6,2,14,12,10,28,12,1,1,0,48,2,12,481,12481,31,1998,1FTZX172XWNA,1,F,T,Z,X,1,7,2,X,W,N,A,0,T,FORD,F15,3C,98,17,,1,1570,1390,COF,G,,0,0,000000000,00000000000,0,0,0,1,0,0,0,0,0,0,0,0,0,0,0,5,5,2,3,12,0,0,0,1,48,76054,6,1,0,0,3,0,999,999,0,0,0,0,0,0,0,0,0,0,0,0,0,0,3,3,35,2,2,8,1,3,3,5,61,1,1,1,98,0,0
48,482736,4,6,1,14,12,10,28,12,1,1,0,40,3,23,870,23870,61,2008,1GDJG31C5819,1,G,D,J,G,3,1,C,5,8,1,9,0,T,GMC,SCT,YY,8,17,,3,1770,1390,STV,G,,0,99,999999999,99999999999,2,1,1,1,0,0,0,0,0,0,0,0,0,0,0,6,10,4,3,12,0,0,0,1,48,76006,6,1,0,0,3,0,999,999,0,0,0,0,0,0,0,0,0,0,0,0,0,0,3,3,35,2,2,8,1,3,3,5,53,1,1,1,98,0,0
48,482736,5,6,1,14,12,10,28,12,1,1,0,48,2,82,881,82881,66,1993,1FUYDSYB9PP4,1,F,U,Y,D,S,Y,B,9,P,P,4,1,T,FRHT,FLD,DS,93,17,,8,0,0,CON,D,,1,57,1946452,571946452,3,6,2,1,0,0,0,0,0,0,0,998,0,0,0,99,99,4,3,12,0,0,0,1,48,76115,6,1,6,0,3,0,999,999,0,0,0,0,4,3,2008,5,2010,0,0,0,0,0,1,4,99,1,1,8,1,3,3,1,66,1,1,1,98,0,0
48,482736,6,6,3,14,12,10,28,12,1,1,0,48,2,20,481,20481,31,2009,1GCEC19C89Z2,1,G,C,E,C,1,9,C,8,9,Z,2,0,T,CHEV,SC1,4C,9,17,,2,1575,1339,SIL,G,,0,0,000000000,00000000000,0,0,0,1,0,0,0,0,0,0,0,0,0,0,0,4,4,2,3,12,0,0,0,1,48,76054,6,1,0,0,3,3,999,999,0,0,0,0,0,0,0,0,0,0,0,0,0,0,3,3,35,2,2,8,1,3,3,5,61,1,1,1,98,0,0
48,482737,1,1,1,22,12,22,40,33,0,1,0,48,1,53,706,53706,80,2004,JS1GW71A2421,J,S,1,G,W,7,1,A,2,4,2,1,0,M,SUZI,GXR,RS,4,17,,,,,,,1298,0,0,000000000,00000000000,0,0,0,1,0,0,0,0,0,0,0,998,0,0,0,99,99,2,3,33,0,0,0,1,48,77489,6,1,6,0,2,0,999,999,1,0,0,0,1,5,2009,5,2010,0,0,0,0,0,2,3,40,1,1,1,1,0,0,1,12,1,1,4,6,1,1
48,482738,1,2,2,22,12,12,58,12,6,1,0,48,2,37,31,37031,4,1991,JHMED3652MS0,J,H,M,E,D,3,6,5,2,M,S,0,0,P,HOND,CLX,4D,91,17,2322,,0,906,,G,,0,0,000000000,00000000000,0,0,0,1,0,0,0,0,0,0,0,998,0,0,0,4,4,6,2,12,0,0,0,1,48,78589,0,0,0,0,0,0,999,999,0,0,0,0,0,0,0,0,0,0,38,0,0,0,5,4,30,1,1,8,1,0,0,11,15,1,1,1,68,1,0