STATE,ST_CASE,VEH_NO,VE_FORMS,NUMOCCS,DAY,MONTH,HOUR,MINUTE,HARM_EV,MAN_COLL,UNITTYPE,HIT_RUN,REG_STAT,OWNER,MAKE,MODEL,MAK_MOD,BODY_TYP,MOD_YEAR,VIN,VIN_1,VIN_2,VIN_3,VIN_4,VIN_5,VIN_6,VIN_7,VIN_8,VIN_9,VIN_10,VIN_11,VIN_12,TOW_VEH,VINTYPE,VINMAKE,VINA_MOD,VIN_BT,VINMODYR,VIN_LNGT,VIN_WGT,WGTCD_TR,WHLBS_LG,WHLBS_SH,SER_TR,FUELCODE,MCYCL_DS,J_KNIFE,MCARR_I1,MCARR_I2,MCARR_ID,GVWR,V_CONFIG,CARGO_BT,HAZ_INV,HAZ_PLAC,HAZ_ID,HAZ_CNO,HAZ_REL,BUS_USE,SPEC_USE,EMER_USE,TRAV_SP,UNDERIDE,ROLLOVER,ROLINLOC,IMPACT1,IMPACT2,DEFORMED,TOWED,M_HARM,VEH_SC1,VEH_SC2,FIRE_EXP,DR_PRES,L_STATE,DR_ZIP,L_STATUS,L_TYPE,CDL_STAT,L_ENDORS,L_COMPL,L_RESTRI,DR_HGT,DR_WGT,PREV_ACC,PREV_SUS,PREV_DWI,PREV_SPD,PREV_OTH,FIRST_MO,FIRST_YR,LAST_MO,LAST_YR,SPEEDREL,DR_SF1,DR_SF2,DR_SF3,DR_SF4,VTRAFWAY,VNUM_LAN,VSPD_LIM,VALIGN,VPROFILE,VPAVETYP,VSURCOND,VTRAFCON,VTCONT_F,P_CRASH1,P_CRASH2,P_CRASH3,PCRASH4,PCRASH5,ACC_TYPE,DEATHS,DR_DRINK
48,482774,1,2,1,1,12,3,49,12,6,1,0,48,1,23,481,23481,31,1989,1GTHR33N6KJ5,1,G,T,H,R,3,3,N,6,K,J,5,0,T,GMC,R35,CW,89,17,,2,0,1645,R35,G,,0,0,000000000,00000000000,0,0,0,1,0,0,0,0,0,0,0,998,0,0,0,5,5,4,3,12,0,0,0,1,48,79761,6,1,6,0,3,3,999,999,0,0,0,0,0,0,0,0,0,0,38,0,0,0,5,6,45,1,1,8,1,0,0,11,15,1,1,1,68,0,0
48,482774,2,2,1,1,12,3,49,12,6,1,0,48,2,53,703,53703,80,2006,VTTNJ48A4621,V,T,T,N,J,4,8,A,4,6,2,1,0,M,SUZI,GZ2,RS,6,17,,,,,,,249,0,0,000000000,00000000000,0,0,0,1,0,0,0,0,0,0,0,998,0,0,0,12,12,9,3,12,0,0,0,1,48,79762,6,1,0,0,3,3,999,999,0,1,0,0,2,12,2008,3,2010,1,23,0,0,0,5,6,45,1,1,8,1,0,0,1,62,1,1,1,69,1,0
48,482775,1,2,1,19,12,4,40,12,1,1,0,48,1,42,401,42401,14,2008,4JGBB86E98A3,4,J,G,B,B,8,6,E,9,8,A,3,0,P,MERZ,M35,UT,8,17,4725,,0,1148,,G,,0,0,000000000,00000000000,0,0,0,1,0,0,0,0,0,0,0,998,0,0,0,12,12,4,3,12,0,0,0,1,48,77006,6,1,0,0,3,0,999,999,0,0,0,0,0,0,0,0,0,1,0,0,0,0,2,5,45,1,1,8,1,0,0,1,51,1,1,1,24,0,1
48,482775,2,2,1,19,12,4,40,12,1,1,0,48,3,7,24,7024,4,2010,2B3CA3CV2AH1,2,B,3,C,A,3,C,V,2,A,H,1,0,P,DODG,CHS,4D,10,17,3820,,0,1200,,G,,0,0,000000000,00000000000,0,0,0,1,0,0,0,0,0,0,0,998,0,0,0,6,6,6,2,12,0,0,0,1,48,78250,6,1,0,0,3,0,999,999,0,0,0,3,0,4,2010,4,2010,0,0,0,0,0,2,5,45,1,1,8,1,0,0,1,53,1,1,1,25,1,1
48,482776,1,1,2,16,3,7,12,30,0,1,0,48,2,35,481,35481,31,2008,1N6BA07D38N3,1,N,6,B,A,0,7,D,3,8,N,3,0,T,NISS,TXS,CW,8,17,,2,0,1398,TTN,F,,0,0,000000000,00000000000,0,0,0,1,0,0,0,0,0,0,0,998,0,0,0,9,9,4,3,30,0,0,0,1,48,78121,6,1,0,0,3,0,999,999,0,0,0,1,0,5,2008,5,2008,0,87,0,0,0,1,2,55,1,2,8,2,0,0,1,5,7,3,4,2,1,0
48,482777,1,2,1,19,3,1,28,12,1,1,0,48,2,49,401,49401,14,1990,JT3VN29V0L00,J,T,3,V,N,2,9,V,0,L,0,0,0,P,TOYT,RUN,UT,90,17,0,,0,1033,,G,,0,0,000000000,00000000000,0,0,0,1,0,0,0,0,0,0,0,998,0,2,3,12,12,6,2,1,0,0,0,1,48,78233,6,1,0,0,3,0,999,999,0,0,0,0,0,0,0,0,0,0,0,0,0,0,2,3,65,1,1,8,1,0,0,3,51,1,1,1,24,1,0
48,482777,2,2,1,19,3,1,28,12,1,1,0,48,2,20,22,20022,4,2006,1G1AL58F4676,1,G,1,A,L,5,8,F,4,6,7,6,0,P,CHEV,BLT,4D,6,17,3216,,0,1033,,G,,0,0,000000000,00000000000,0,0,0,1,0,0,0,0,0,0,0,998,0,0,0,6,6,6,2,12,0,0,0,1,48,78154,6,1,0,0,3,0,999,999,0,0,0,0,0,0,0,0,0,0,0,0,0,0,2,3,65,1,1,8,1,0,0,1,53,1,1,1,25,0,0
48,482778,1,2,2,25,4,6,15,12,6,1,0,40,3,82,881,82881,66,2008,1FUJGLCK18LA,1,F,U,J,G,L,C,K,1,8,L,A,1,T,FRHT,125,DS,8,17,,8,0,0,CSC,D,,1,57,179752,57179752,3,6,1,1,0,0,0,0,0,0,0,998,0,1,5,12,12,6,2,12,0,0,0,1,48,78877,6,1,6,0,3,3,999,999,1,0,0,0,1,9,2007,8,2009,0,28,0,0,0,1,2,65,2,1,8,1,0,0,14,98,1,1,2,64,1,0
48,482778,2,2,2,25,4,6,15,12,6,1,0,48,1,49,472,49472,30,2006,3TMJU62N76M0,3,T,M,J,U,6,2,N,7,6,M,0,1,T,TOYT,DCP,CW,6,17,,1,0,1219,TAC,G,,1,0,000000000,00000000000,0,0,0,1,0,0,0,0,0,0,0,998,0,0,0,7,7,4,3,12,0,0,0,1,48,78801,6,1,0,0,3,0,999,999,0,0,0,0,0,0,0,0,0,0,0,0,0,0,1,2,65,3,1,8,1,0,0,14,62,7,1,1,65,0,0
48,482779,1,2,1,23,12,16,36,12,6,1,0,48,2,41,50,41050,4,2008,1YVHP80C385M,1,Y,V,H,P,8,0,C,3,8,5,M,0,P,MAZD,M6I,4D,8,17,3093,,0,1053,,G,,0,0,000000000,00000000000,0,0,0,1,0,0,0,0,0,0,0,998,0,0,0,12,12,6,2,12,0,0,0,1,48,76036,6,2,0,0,3,1,999,999,0,0,0,0,0,0,0,0,0,0,28,0,0,0,1,2,60,1,1,8,1,0,0,1,10,1,1,2,64,1,0
48,482779,2,2,1,23,12,16,36,12,6,1,0,48,3,84,881,84881,66,1999,2HSFRAHR7XC0,2,H,S,F,R,A,H,R,7,X,C,0,1,T,INTL,910,TM,99,17,,8,2220,1580,910,D,,3,57,109738,57109738,3,6,3,1,0,0,0,0,0,0,0,998,0,0,0,9,9,6,2,12,0,0,0,1,48,76148,6,1,6,0,3,0,999,999,0,0,0,0,0,0,0,0,0,0,0,0,0,0,1,2,60,1,1,8,1,0,0,1,62,1,1,1,65,0,0
48,482780,1,1,1,29,1,21,43,8,0,1,1,99,9,99,999,99999,99,9999,999999999999,9,9,9,9,9,9,9,9,9,9,9,9,0,U,,,,9,17,,,,,,,,0,0,000000000,00000000000,0,0,0,1,0,0,0,0,0,0,0,998,0,0,0,12,12,9,1,8,0,0,0,1,99,99999,9,9,99,9,9,9,999,999,99,99,99,99,99,99,9999,99,9999,0,0,0,0,0,3,5,60,1,1,8,1,0,0,1,80,1,1,1,13,0,0
48,482781,1,1,1,18,2,19,29,8,0,1,1,99,9,20,421,20421,15,9999,999999999999,9,9,9,9,9,9,9,9,9,9,9,9,0,U,,,,9,17,,,,,,,,0,0,000000000,00000000000,0,0,0,1,0,0,0,0,0,0,0,998,0,0,0,12,12,9,1,8,0,0,0,1,99,99999,9,9,99,9,9,9,999,999,99,99,99,99,99,99,9999,99,9999,0,0,0,0,0,1,4,99,1,1,8,1,0,0,1,80,1,1,1,13,0,0
48,482782,1,1,1,24,2,8,10,8,0,1,0,48,3,12,461,12461,21,2009,1FTNE24L79DA,1,F,T,N,E,2,4,L,7,9,D,A,0,T,FORD,25V,CG,9,17,,2,0,1380,VAN,G,,0,0,000000000,00000000000,0,0,0,1,0,0,0,0,0,0,0,998,0,0,0,12,12,0,3,8,0,0,0,1,48,79936,6,1,0,0,3,0,999,999,0,0,0,0,0,0,0,0,0,0,0,0,0,0,1,2,99,1,1,8,1,20,3,10,16,1,1,1,13,0,0
48,482783,1,1,4,26,2,1,37,33,0,1,0,48,2,23,401,23401,14,1995,1GKCS13W9S25,1,G,K,C,S,1,3,W,9,S,2,5,0,T,GMC,JMY,4W,95,17,,1,0,1070,JMY,G,,0,0,000000000,00000000000,0,0,0,1,0,0,0,0,0,0,0,998,0,1,5,99,0,6,2,1,0,0,0,1,48,77803,1,1,0,0,2,0,999,999,1,2,0,0,0,8,2008,4,2009,1,0,0,0,0,5,4,45,1,1,8,1,0,0,1,13,3,2,4,2,1,1
48,482784,1,3,1,26,2,18,52,12,6,1,0,48,1,20,2,20002,4,2002,2G1WF55E2293,2,G,1,W,F,5,5,E,2,2,9,3,0,P,CHEV,IMP,4D,2,17,3389,,0,1105,,G,,0,0,000000000,00000000000,0,0,0,1,0,0,0,0,0,0,0,998,0,0,0,82,82,2,9,12,0,0,0,1,48,78741,6,1,0,0,3,0,999,999,1,0,0,0,0,9,2009,9,2009,0,0,0,0,0,1,2,99,1,1,8,1,99,9,11,15,1,1,1,76,0,0
48,482784,2,3,2,26,2,18,52,12,6,1,0,48,1,20,421,20421,15,2002,1GNEC13Z32R3,1,G,N,E,C,1,3,Z,3,2,R,3,0,P,CHEV,CTA,UT,2,17,4828,,0,1160,,F,,0,0,000000000,00000000000,0,0,0,1,0,0,0,0,0,0,0,998,0,0,0,11,12,6,2,12,0,0,0,1,48,78741,6,1,0,0,3,0,999,999,0,0,0,0,0,0,0,0,0,0,0,0,0,0,1,2,30,1,1,8,1,0,0,1,65,7,1,1,77,0,0
48,482784,3,3,1,26,2,18,52,12,6,1,0,48,1,37,31,37031,2,1989,JHMED645XKS0,J,H,M,E,D,6,4,5,X,K,S,0,0,P,HOND,CID,2H,89,17,1927,,0,984,,G,,0,0,000000000,00000000000,0,0,0,1,0,0,0,0,0,0,0,998,0,0,0,12,12,6,2,12,0,0,0,1,48,78745,6,1,0,0,3,0,999,999,0,0,0,0,0,0,0,0,0,0,0,0,0,0,1,2,30,1,1,8,1,0,0,1,62,1,1,1,98,1,1
48,482785,1,3,1,31,3,8,46,12,6,1,0,48,2,41,51,41051,4,2006,JM1BK12F5614,J,M,1,B,K,1,2,F,5,6,1,4,0,P,MAZD,M3I,4D,6,17,2696,,0,1039,,G,,0,0,000000000,00000000000,0,0,0,1,0,0,0,0,0,0,0,998,0,0,0,12,12,4,3,12,0,0,0,1,48,78642,6,2,0,0,3,0,999,999,1,0,0,0,0,8,2008,8,2008,0,38,48,0,0,5,4,55,1,1,8,1,0,0,11,15,1,1,1,68,0,0
48,482785,2,3,1,31,3,8,46,12,6,1,0,48,2,7,462,7462,21,2006,WD0PD7441658,W,D,0,P,D,7,4,4,1,6,5,8,0,T,DODG,SNR,VN,6,17,,2,0,1580,SNR,D,,0,0,000000000,00000000000,0,0,0,1,0,0,0,0,0,0,0,0,0,0,0,11,11,2,9,12,0,0,0,1,48,78727,6,1,0,0,3,3,999,999,0,0,0,0,0,0,0,0,0,0,0,0,0,0,5,4,55,1,1,8,1,0,0,98,98,1,1,1,98,0,0
48,482785,3,3,1,31,3,8,46,12,6,1,0,48,1,53,709,53709,80,2006,JS1VS56AX621,J,S,1,V,S,5,6,A,X,6,2,1,0,M,SUZI,MBK,RS,6,17,,,,,,,805,0,0,000000000,00000000000,0,0,0,1,0,0,0,0,0,0,0,998,0,0,0,99,99,9,2,12,0,0,0,1,48,78642,6,1,0,0,3,3,999,999,0,0,0,0,0,0,0,0,0,0,0,0,0,0,5,4,55,1,1,8,1,0,0,1,62,1,1,1,69,1,0
48,482786,1,1,1,8,4,1,53,34,0,1,0,48,1,72,706,72706,80,2008,1HD1GN4138K3,1,H,D,1,G,N,4,1,3,8,K,3,0,M,HD,FDL,RS,8,17,,,,,,,1584,0,0,000000000,00000000000,0,0,0,1,0,0,0,0,0,0,0,998,0,0,0,99,99,9,2,34,0,0,0,1,48,78640,6,1,0,0,3,3,999,999,0,0,0,0,0,0,0,0,0,1,37,0,0,0,1,2,40,3,1,8,1,0,0,14,13,1,4,4,2,1,1
48,482787,1,1,2,3,5,7,40,25,0,1,0,48,1,12,17,12017,4,1993,1FACP52U2PG2,1,F,A,C,P,5,2,U,2,P,G,2,0,P,FORD,TAG,4D,93,17,3117,,0,1060,,G,,0,0,000000000,00000000000,0,0,0,1,0,0,0,0,0,0,0,998,0,1,3,11,11,4,3,25,0,0,0,1,48,79927,6,1,0,0,3,0,999,999,0,0,0,0,0,0,0,0,0,0,0,0,0,0,3,6,60,1,1,8,1,0,0,17,78,6,4,4,7,1,0
48,482788,1,2,1,12,6,21,6,12,1,1,1,48,2,20,481,20481,31,1993,1GCDC14K5PZ1,1,G,C,D,C,1,4,K,5,P,Z,1,0,T,CHEV,GC1,PK,93,17,,1,1315,1175,GM4,G,,0,0,000000000,00000000000,0,0,0,1,0,0,0,0,0,0,0,998,0,0,0,12,12,2,3,12,0,0,0,1,48,79701,6,1,0,0,3,0,999,999,0,0,0,1,1,3,2009,1,2010,1,37,91,92,0,3,2,40,1,2,8,1,0,0,15,51,1,1,2,24,0,1
48,482788,2,2,1,12,6,21,6,12,1,1,0,48,1,72,706,72706,80,2008,1HD1FC4178Y6,1,H,D,1,F,C,4,1,7,8,Y,6,0,M,HD,FLU,RS,8,17,,,,,,,1584,0,0,000000000,00000000000,0,0,0,1,0,0,0,0,0,0,0,998,0,0,0,6,6,9,2,12,0,0,0,1,48,78749,6,1,0,0,3,0,999,999,0,0,0,0,0,0,0,0,0,0,0,0,0,0,3,2,40,1,2,8,1,0,0,1,60,1,1,1,25,0,0
48,482789,1,1,9,8,8,20,9,1,0,1,0,48,1,20,481,20481,31,2001,3GNEC16TX1G1,3,G,N,E,C,1,6,T,X,1,G,1,0,P,CHEV,C15,UT,1,17,4914,,0,1300,,G,,0,0,000000000,00000000000,0,0,0,1,0,0,0,0,0,0,0,998,0,1,1,0,0,4,3,1,0,0,0,1,48,78214,0,0,0,0,0,0,999,999,0,0,0,0,0,0,0,0,0,1,58,91,0,0,3,2,70,1,1,8,1,0,0,1,6,1,2,6,98,1,1
48,482790,1,1,1,7,9,1,16,8,0,1,0,48,2,12,481,12481,31,1994,1FTEX14N3RKA,1,F,T,E,X,1,4,N,3,R,K,A,0,T,FORD,F15,PC,94,17,,2,1550,1390,COF,G,,0,0,000000000,00000000000,0,0,0,1,0,0,0,0,0,0,0,998,0,0,0,12,12,2,1,8,0,0,0,1,48,77510,6,1,0,0,3,0,999,999,0,9,0,0,1,10,2007,5,2010,0,0,0,0,0,2,2,60,1,1,8,1,0,0,1,80,1,1,1,13,0,0
48,482791,1,1,5,18,9,0,48,5,0,1,0,48,2,23,481,23481,31,2004,2GTEC19TX413,2,G,T,E,C,1,9,T,X,4,1,3,0,T,GMC,NC1,4C,4,17,,2,1575,1435,SIE,G,,0,0,000000000,00000000000,0,0,0,1,0,0,0,0,0,0,0,998,0,0,0,0,0,0,1,5,0,0,0,1,48,75652,6,2,0,0,3,3,999,999,0,0,0,0,0,0,0,0,0,0,0,0,0,0,1,2,30,3,1,8,1,0,0,14,98,1,1,1,0,1,0
48,482792,1,2,2,1,10,16,45,12,6,1,0,48,1,55,441,55441,20,2007,KNDMC2337760,K,N,D,M,C,2,3,3,7,7,6,0,0,P,HYUN,ENT,SV,7,17,4400,,0,1189,,G,,0,0,000000000,00000000000,0,0,0,1,0,0,0,0,0,0,0,998,0,0,0,12,12,4,3,12,0,0,0,1,48,75801,6,1,0,0,3,0,999,999,0,0,0,0,0,0,0,0,0,0,0,0,0,0,5,4,55,1,1,8,1,0,0,1,62,1,1,1,69,0,0
48,482792,2,2,2,1,10,16,45,12,6,1,0,48,1,49,40,49040,4,1999,4T1BG22K9XU4,4,T,1,B,G,2,2,K,9,X,U,4,0,P,TOYT,UEX,4D,99,17,2998,,0,1051,,G,,0,0,000000000,00000000000,0,0,0,1,0,0,0,0,0,0,0,998,0,0,0,3,3,6,2,12,0,0,0,1,48,75002,6,1,0,0,3,3,999,999,0,0,0,0,0,0,0,0,0,0,38,48,0,0,5,4,55,1,1,8,1,0,0,11,15,1,1,1,68,1,1
48,482793,1,2,1,2,10,9,16,12,2,1,0,48,1,72,706,72706,80,2001,1HD1GEV171Y3,1,H,D,1,G,E,V,1,7,1,Y,3,0,M,HD,FWG,RS,1,17,,,,,,,1450,0,0,000000000,00000000000,0,0,0,1,0,0,0,0,0,0,0,998,0,0,0,12,12,4,3,12,0,0,0,1,48,76086,6,1,0,0,3,3,999,999,0,0,0,0,1,2,2009,2,2009,0,38,0,0,0,1,2,45,1,2,8,1,21,3,1,17,1,1,1,51,1,0
48,482793,2,2,1,2,10,9,16,12,2,1,0,48,1,49,46,49046,4,2008,JTDKB20U4834,J,T,D,K,B,2,0,U,4,8,3,4,0,P,TOYT,PRI,4H,8,17,2932,,0,1063,,B,,0,0,000000000,00000000000,0,0,0,1,0,0,0,0,0,0,0,998,0,0,0,12,12,4,3,12,36,0,0,1,48,76087,6,1,0,0,3,0,999,999,0,0,0,0,0,0,0,0,0,0,0,0,0,0,1,2,45,1,2,8,1,0,0,98,63,1,1,1,50,0,0
48,482794,1,1,1,27,10,9,1,8,0,1,0,48,2,12,481,12481,31,1997,1FTJW36F9VEA,1,F,T,J,W,3,6,F,9,V,E,A,0,T,FORD,F35,CW,97,17,,2,0,1680,COF,D,,0,0,000000000,00000000000,0,0,0,1,0,0,0,0,0,0,0,998,0,0,0,12,12,2,3,8,0,0,0,1,48,78362,6,1,0,0,3,0,999,999,0,0,0,0,0,0,0,0,0,0,91,0,0,0,2,2,55,1,1,8,1,0,0,1,82,1,1,4,13,0,1
48,482795,1,3,3,30,10,10,26,12,2,1,0,48,2,30,40,30040,4,2008,3VWRM71K28M0,3,V,W,R,M,7,1,K,2,8,M,0,0,P,VOLK,JSE,4D,8,17,3202,,0,1015,,G,,0,0,000000000,00000000000,0,0,0,1,0,0,0,0,0,0,0,998,0,0,0,12,12,6,2,12,0,0,0,1,48,78332,0,0,0,0,0,0,999,999,0,0,0,0,0,0,0,0,0,1,0,0,0,0,1,4,55,1,1,8,1,0,0,1,10,1,1,2,50,3,1
48,482795,2,3,2,30,10,10,26,12,2,1,0,48,1,34,34,34034,2,2007,WBAWV13567PK,W,B,A,W,V,1,3,5,6,7,P,K,0,P,BMW,3SV,CP,7,17,3417,,0,1087,,G,,0,0,000000000,00000000000,0,0,0,1,0,0,0,0,0,0,0,998,0,0,0,12,12,6,2,12,0,0,0,1,48,78753,6,1,0,0,3,0,999,999,0,0,0,1,0,11,2007,11,2007,0,0,0,0,0,1,4,55,1,1,8,1,0,0,1,62,1,1,1,51,1,0
48,482795,3,3,1,30,10,10,26,12,2,1,0,48,1,12,37,12037,4,2004,1FAFP34Z04W1,1,F,A,F,P,3,4,Z,0,4,W,1,0,P,FORD,FSP,4D,4,17,2604,,0,1030,,G,,0,0,000000000,00000000000,0,0,0,1,0,0,0,0,0,0,0,998,0,0,0,9,9,4,3,12,0,0,0,1,48,78586,6,1,0,0,3,0,999,999,0,0,0,0,0,0,0,0,0,0,0,0,0,0,1,4,55,1,1,8,1,0,0,1,99,1,1,1,98,0,0
48,482796,1,2,1,11,11,16,38,12,7,1,0,48,3,98,804,98804,66,2003,5KJJAHAV03PL,5,K,J,J,A,H,A,V,0,3,P,L,1,T,WSTR,490,DS,3,17,,8,0,0,CNV,D,,1,57,2148135,572148135,3,6,4,1,0,0,0,0,0,0,0,998,0,0,0,1,1,2,3,12,0,0,0,1,48,75149,6,1,6,0,3,3,999,999,0,0,0,0,0,0,0,0,0,0,0,0,0,0,3,2,60,1,1,8,1,98,3,1,61,6,1,1,45,0,0
48,482796,2,2,2,11,11,16,38,12,7,1,0,48,2,20,401,20401,14,2002,1GNES16S8261,1,G,N,E,S,1,6,S,8,2,6,1,0,P,CHEV,TRL,UT,2,17,4836,,0,1290,,G,,0,0,000000000,00000000000,0,0,0,1,0,0,0,0,0,0,0,998,0,1,2,61,0,6,2,1,0,0,0,1,48,75117,6,1,0,0,3,3,70,216,0,0,0,0,0,0,0,0,0,0,27,0,0,0,3,2,60,1,1,8,1,98,3,15,90,1,1,2,47,2,0
48,482797,1,1,2,21,11,0,16,33,0,1,0,48,2,7,24,7024,4,2008,2B3KA53H18H1,2,B,3,K,A,5,3,H,1,8,H,1,0,P,DODG,CHR,4D,8,17,4031,,0,1200,,G,,0,0,000000000,00000000000,0,0,0,1,0,0,0,0,0,0,0,998,0,0,0,99,4,6,2,46,0,0,0,1,48,79316,6,1,0,0,3,0,999,999,0,0,0,0,0,0,0,0,0,1,0,0,0,0,5,4,99,3,1,8,1,0,0,14,13,1,1,4,1,2,1
48,482799,1,1,1,25,12,19,41,8,0,1,0,48,2,10,45,10045,6,1993,JE3CB50G8PZ0,J,E,3,C,B,5,0,G,8,P,Z,0,0,P,EGIL,SLX,SW,93,17,2778,,0,992,,G,,0,0,000000000,00000000000,0,0,0,1,0,0,0,0,0,0,0,998,0,0,0,12,12,2,1,8,0,0,0,1,48,78264,6,1,0,0,3,3,999,999,0,0,0,0,0,0,0,0,0,0,48,0,0,0,3,2,55,1,1,8,1,0,0,1,82,1,1,1,13,0,0
48,482800,1,1,1,14,4,6,46,38,0,1,0,48,1,76,705,76705,80,2003,JYARJ06E53A0,J,Y,A,R,J,0,6,E,5,3,A,0,0,M,YAMA,R6L,RS,3,17,,,,,,,599,0,0,000000000,00000000000,0,0,0,1,0,0,0,0,0,0,0,998,0,0,0,12,12,9,2,38,0,0,0,1,48,79924,1,1,0,0,2,0,999,999,0,4,0,1,0,7,2007,8,2009,1,0,0,0,0,3,2,65,3,2,8,1,0,0,14,13,1,1,4,1,1,1
48,482801,1,1,3,12,6,1,0,44,0,1,0,48,2,20,481,20481,31,1997,1GCEC14R0VZ2,1,G,C,E,C,1,4,R,0,V,Z,2,0,T,CHEV,GC1,PK,97,17,,2,1315,1175,GM4,G,,0,0,000000000,00000000000,0,0,0,1,0,0,0,0,0,0,0,998,0,0,0,0,3,4,3,58,0,0,0,1,48,79563,6,1,0,0,3,3,999,999,0,1,0,0,0,9,2008,9,2008,1,0,0,0,0,6,1,99,4,2,8,1,21,3,14,98,1,1,4,0,1,0
48,482802,1,1,1,25,6,23,2,24,0,1,0,48,1,14,6,14006,4,2000,2MEFM74W8YX6,2,M,E,F,M,7,4,W,8,Y,X,6,0,P,MERC,GMG,4D,0,17,3958,,0,1147,,G,,0,0,000000000,00000000000,0,0,0,1,0,0,0,0,0,0,0,998,0,0,0,12,12,4,3,24,0,0,0,1,48,77342,6,1,0,0,3,3,999,999,0,0,0,0,0,0,0,0,0,0,0,0,0,0,2,2,45,1,1,8,1,0,0,1,13,1,1,4,1,1,0
48,482803,1,1,3,31,7,19,0,24,0,1,0,48,1,20,403,20403,14,2005,1GNDS13S3522,1,G,N,D,S,1,3,S,3,5,2,2,0,P,CHEV,TRL,UT,5,17,4425,,0,1130,,G,,0,0,000000000,00000000000,0,0,0,1,0,0,0,0,0,0,0,998,0,1,5,12,12,4,3,24,0,0,0,1,48,76017,0,0,0,0,0,0,999,999,0,0,0,0,0,0,0,0,0,0,0,0,0,0,3,3,65,1,1,8,1,98,3,1,1,1,3,4,2,1,0
48,482804,1,3,1,13,8,16,30,12,6,1,0,48,2,35,51,35051,6,2009,JN8AS58TX9W3,J,N,8,A,S,5,8,T,X,9,W,3,0,P,NISS,ROG,UT,9,17,3281,,0,1059,,G,,0,0,000000000,00000000000,0,0,0,1,0,0,0,0,0,0,0,998,0,0,0,12,12,2,3,12,0,0,0,1,48,78640,6,1,0,0,3,3,999,999,0,0,0,0,0,0,0,0,0,0,38,0,0,0,1,2,99,1,1,8,1,20,3,4,17,1,1,1,86,1,0
48,482804,2,3,1,13,8,16,30,12,6,1,0,48,2,35,47,35047,4,2005,1N4BL11D05C2,1,N,4,B,L,1,1,D,0,5,C,2,0,P,NISS,ASR,4D,5,17,3101,,0,1102,,G,,0,0,000000000,00000000000,0,0,0,1,0,0,0,0,0,0,0,998,0,0,0,2,2,4,3,12,0,0,0,1,48,78640,6,1,0,0,3,3,999,999,0,0,0,0,0,0,0,0,0,0,0,0,0,0,2,2,60,1,1,8,1,0,0,1,66,1,1,1,87,0,0
48,482804,3,3,1,13,8,16,30,12,6,1,0,48,1,41,402,41402,14,2008,4F2CZ06148KM,4,F,2,C,Z,0,6,1,4,8,K,M,0,P,MAZD,TRI,UT,8,17,3355,,0,1031,,G,,0,0,000000000,00000000000,0,0,0,1,0,0,0,0,0,0,0,998,0,0,0,5,61,2,1,12,0,0,0,1,48,78628,6,1,0,0,3,3,999,999,0,0,0,0,0,0,0,0,0,0,0,0,0,0,2,2,60,1,1,8,1,0,0,1,61,1,1,1,98,0,0
48,482805,1,2,1,4,9,17,49,12,6,1,0,48,2,20,19,20019,4,1988,1G1LT51W3JE2,1,G,1,L,T,5,1,W,3,J,E,2,0,P,CHEV,CSA,4D,88,17,2554,,0,1033,,G,,0,0,000000000,00000000000,0,0,0,1,0,0,0,0,0,0,0,998,0,0,0,9,9,6,2,12,0,0,0,1,48,79106,6,1,0,0,3,3,999,999,0,0,0,0,0,0,0,0,0,0,38,0,0,0,1,2,99,1,1,8,1,20,3,1,17,1,1,1,89,1,0
48,482805,2,2,2,4,9,17,49,12,6,1,0,48,2,20,481,20481,31,2001,2GCEC19T8111,2,G,C,E,C,1,9,T,8,1,1,1,0,T,CHEV,SC1,4C,1,17,,2,1575,1435,SIL,G,,0,0,000000000,00000000000,0,0,0,1,0,0,0,0,0,0,0,998,0,0,0,12,12,4,3,12,0,0,0,1,48,79065,6,1,0,0,3,3,999,999,0,2,0,0,2,2,2009,8,2010,0,0,0,0,0,5,4,99,1,1,8,1,0,0,1,66,1,1,1,88,0,0
48,482806,1,2,4,28,11,3,50,1,0,1,0,48,1,20,431,20431,16,2001,3GNEC16TX1G1,3,G,N,E,C,1,6,T,X,1,G,1,0,P,CHEV,C15,UT,1,17,4914,,0,1300,,G,,0,0,000000000,00000000000,0,0,0,1,0,0,0,0,0,0,0,998,0,1,4,0,0,6,2,12,0,0,0,1,48,78220,6,1,0,0,3,0,999,999,2,0,0,0,0,8,2010,9,2010,1,37,0,0,0,6,1,99,2,2,8,1,0,0,14,12,1,1,4,6,2,0
48,482806,2,2,1,28,11,3,50,1,0,1,0,99,9,99,999,99999,99,9999,999999999999,9,9,9,9,9,9,9,9,9,9,9,9,0,U,,,,9,17,,,,,,,,0,0,000000000,00000000000,0,0,0,1,0,0,0,0,0,0,0,998,0,0,0,99,99,9,8,12,0,0,0,1,99,99999,9,9,99,9,9,9,999,999,99,99,99,99,99,99,9999,99,9999,0,0,0,0,0,6,1,99,3,2,8,1,0,0,14,64,1,1,1,98,0,0
48,482807,1,1,2,21,1,19,25,30,0,1,0,48,1,72,706,72706,80,1998,1HD1BRL4XWY0,1,H,D,1,B,R,L,4,X,W,Y,0,0,M,HD,LTA,RS,98,17,,,,,,,1340,0,0,000000000,00000000000,0,0,0,1,0,0,0,0,0,0,0,998,0,0,0,61,61,6,2,30,0,0,0,1,48,77039,6,1,0,0,3,0,74,222,0,0,0,0,0,0,0,0,0,1,0,0,0,0,1,2,55,3,1,8,1,0,0,14,13,1,1,4,1,1,0