STATE,ST_CASE,VEH_NO,VE_FORMS,NUMOCCS,DAY,MONTH,HOUR,MINUTE,HARM_EV,MAN_COLL,UNITTYPE,HIT_RUN,REG_STAT,OWNER,MAKE,MODEL,MAK_MOD,BODY_TYP,MOD_YEAR,VIN,VIN_1,VIN_2,VIN_3,VIN_4,VIN_5,VIN_6,VIN_7,VIN_8,VIN_9,VIN_10,VIN_11,VIN_12,TOW_VEH,VINTYPE,VINMAKE,VINA_MOD,VIN_BT,VINMODYR,VIN_LNGT,VIN_WGT,WGTCD_TR,WHLBS_LG,WHLBS_SH,SER_TR,FUELCODE,MCYCL_DS,J_KNIFE,MCARR_I1,MCARR_I2,MCARR_ID,GVWR,V_CONFIG,CARGO_BT,HAZ_INV,HAZ_PLAC,HAZ_ID,HAZ_CNO,HAZ_REL,BUS_USE,SPEC_USE,EMER_USE,TRAV_SP,UNDERIDE,ROLLOVER,ROLINLOC,IMPACT1,IMPACT2,DEFORMED,TOWED,M_HARM,VEH_SC1,VEH_SC2,FIRE_EXP,DR_PRES,L_STATE,DR_ZIP,L_STATUS,L_TYPE,CDL_STAT,L_ENDORS,L_COMPL,L_RESTRI,DR_HGT,DR_WGT,PREV_ACC,PREV_SUS,PREV_DWI,PREV_SPD,PREV_OTH,FIRST_MO,FIRST_YR,LAST_MO,LAST_YR,SPEEDREL,DR_SF1,DR_SF2,DR_SF3,DR_SF4,VTRAFWAY,VNUM_LAN,VSPD_LIM,VALIGN,VPROFILE,VPAVETYP,VSURCOND,VTRAFCON,VTCONT_F,P_CRASH1,P_CRASH2,P_CRASH3,PCRASH4,PCRASH5,ACC_TYPE,DEATHS,DR_DRINK
48,482808,1,1,2,17,4,6,9,30,0,1,0,55,1,13,1,13001,4,2005,1LNHM81W45Y6,1,L,N,H,M,8,1,W,4,5,Y,6,0,P,LINC,SIG,4D,5,17,4359,,0,1177,,G,,0,0,000000000,00000000000,0,0,0,1,0,0,0,0,0,0,0,998,0,0,0,61,61,4,3,30,0,0,0,1,55,54016,6,1,0,0,3,3,68,175,0,0,0,0,0,0,0,0,0,0,0,0,0,0,3,2,99,1,1,8,2,0,0,1,13,1,3,4,2,1,0
48,482810,1,1,2,7,10,3,50,33,0,1,0,48,2,35,401,35401,14,1991,JN8HD17Y0MW0,J,N,8,H,D,1,7,Y,0,M,W,0,0,P,NISS,PFI,UT,91,17,3912,,0,1043,,G,,0,0,000000000,00000000000,0,0,0,1,0,0,0,0,0,0,0,998,0,1,5,99,0,6,2,1,0,0,0,1,48,79928,6,1,0,0,3,3,999,999,0,0,0,0,0,0,0,0,0,1,91,0,0,0,1,2,30,3,1,8,1,0,0,14,13,6,1,4,1,1,1
48,482811,1,1,1,23,1,5,18,39,0,1,0,48,2,37,31,37031,3,1996,2HGEJ6441TH1,2,H,G,E,J,6,4,4,1,T,H,1,0,P,HOND,UCD,2H,96,17,2256,,0,1032,,G,,0,0,000000000,00000000000,0,0,0,1,0,0,0,0,0,0,0,998,0,1,5,12,12,4,3,39,0,0,0,1,48,79936,6,1,0,0,3,3,999,999,1,0,0,3,0,7,2008,10,2009,1,0,0,0,0,2,2,35,2,1,8,2,0,0,14,13,1,1,4,1,1,0
48,482812,1,1,2,31,1,4,12,33,0,1,0,48,2,20,16,20016,4,2005,1G1JC52F6572,1,G,1,J,C,5,2,F,6,5,7,2,0,P,CHEV,CAV,4D,5,17,2676,,0,1041,,G,,0,0,000000000,00000000000,0,0,0,1,0,0,0,0,0,0,0,100,0,1,3,99,0,4,3,1,0,0,0,1,48,79924,1,1,0,0,2,0,999,999,0,6,0,0,0,11,2007,1,2010,1,0,0,0,0,2,2,35,1,1,8,1,0,0,6,6,1,9,4,2,1,1
48,482813,1,1,1,18,7,6,21,32,0,1,0,99,9,20,16,20016,2,2002,1G1JS1245271,1,G,1,J,S,1,2,4,5,2,7,1,0,P,CHEV,CAS,CP,2,17,2617,,0,1041,,G,,0,0,000000000,00000000000,0,0,0,1,0,0,0,0,0,0,0,998,0,1,5,12,12,6,2,32,0,0,0,1,48,77511,6,1,0,0,3,0,999,999,1,0,0,0,1,3,2009,4,2010,0,24,0,0,0,1,2,55,1,1,2,1,0,0,1,12,1,1,4,6,1,0
48,482814,1,3,1,17,3,13,41,12,6,1,0,48,1,13,12,13012,4,2004,1LNHM86S04Y6,1,L,N,H,M,8,6,S,0,4,Y,6,0,P,LINC,LLS,4D,4,17,3720,,0,1145,,G,,0,0,000000000,00000000000,0,0,0,1,0,0,0,0,0,0,0,998,0,0,0,3,3,6,2,12,32,0,0,1,48,77379,6,1,0,0,3,3,999,999,1,0,0,0,0,1,2010,1,2010,0,38,39,0,0,2,2,35,2,8,8,1,3,3,11,15,1,1,1,68,1,0
48,482814,2,3,3,17,3,13,41,12,6,1,0,48,2,12,481,12481,31,2006,1FTPW12VX6FB,1,F,T,P,W,1,2,V,X,6,F,B,0,T,FORD,F1S,CW,6,17,,2,0,1390,COF,F,,0,0,000000000,00000000000,0,0,0,1,0,0,0,0,0,0,0,998,0,0,0,12,12,4,3,12,0,0,0,1,48,77066,6,1,0,0,3,0,999,999,0,0,0,0,0,0,0,0,0,1,0,0,0,0,2,2,35,1,1,8,1,3,3,1,62,1,1,1,69,0,0
48,482814,3,3,2,17,3,13,41,12,6,1,0,48,1,20,481,20481,31,2004,1GCEC19V74Z3,1,G,C,E,C,1,9,V,7,4,Z,3,0,T,CHEV,SC1,4C,4,17,,2,1575,1435,SIL,G,,0,0,000000000,00000000000,0,0,0,1,0,0,0,0,0,0,0,0,0,0,0,10,10,2,1,12,0,0,0,1,48,77020,6,1,0,0,3,3,999,999,0,0,0,0,0,0,0,0,0,0,0,0,0,0,1,2,98,8,8,8,1,0,0,5,62,1,1,1,98,0,0
48,482815,1,1,2,16,4,12,10,32,0,1,0,48,1,49,32,49032,6,1993,JT2AE09W3P00,J,T,2,A,E,0,9,W,3,P,0,0,0,P,TOYT,COX,SW,93,17,2392,,0,957,,G,,0,0,000000000,00000000000,0,0,0,1,0,0,0,0,0,0,0,998,0,0,0,12,12,4,3,32,0,0,0,1,48,77338,9,9,99,9,9,9,999,999,99,99,99,99,99,99,9999,99,9999,0,0,0,0,0,5,4,45,1,1,8,1,0,0,1,13,1,1,4,1,1,0
49,490001,1,1,1,5,1,7,6,8,0,1,0,49,1,55,35,55035,4,2004,KMHDN46D14U8,K,M,H,D,N,4,6,D,1,4,U,8,0,P,HYUN,EST,4D,4,17,2635,,0,1027,,G,,0,0,000000000,00000000000,0,0,0,1,0,0,0,0,0,0,0,30,0,0,0,12,12,2,1,8,0,0,0,1,49,84745,6,1,0,0,3,0,64,130,98,0,0,0,0,0,0,0,0,0,0,0,0,0,2,2,35,1,1,2,1,0,0,1,80,1,1,1,13,0,0
49,490002,1,1,1,14,1,9,25,24,0,1,0,49,3,20,481,20481,31,1997,1GCGC24R5VZ1,1,G,C,G,C,2,4,R,5,V,Z,1,0,T,CHEV,GC2,PK,97,17,,2,0,1315,GM4,G,,0,0,000000000,00000000000,0,0,0,1,0,0,0,0,0,0,0,999,0,1,2,12,13,6,2,24,0,0,0,1,49,84401,6,1,0,0,3,0,70,145,98,0,0,0,0,0,0,0,0,0,28,0,0,0,3,2,65,2,1,2,1,0,0,14,12,1,1,4,6,1,1
49,490003,1,2,3,28,1,18,46,12,6,1,0,49,2,7,41,7041,4,1996,2B3HD56F1TH1,2,B,3,H,D,5,6,F,1,T,H,1,0,P,DODG,IES,4D,96,17,3440,,0,1130,,G,,0,0,000000000,00000000000,0,0,0,1,0,0,0,0,0,0,0,60,0,0,0,9,9,6,2,12,0,0,0,1,49,84074,6,1,0,0,3,0,72,180,98,0,0,0,0,0,0,0,0,0,28,58,0,0,5,4,60,1,1,2,1,0,0,1,12,7,1,6,66,3,0
49,490003,2,2,1,28,1,18,46,12,6,1,0,49,3,87,881,87881,66,2000,1XP5DB9X4YD5,1,X,P,5,D,B,9,X,4,Y,D,5,0,T,PTRB,379,DS,0,17,3440,8,0,0,CON,D,,0,57,1463734,571463734,3,5,96,1,0,0,0,0,0,0,0,60,0,0,0,12,12,4,3,12,0,0,0,1,16,83344,6,1,6,1,3,0,999,999,0,0,0,0,0,0,0,0,0,0,0,0,0,0,5,4,60,1,1,2,1,0,0,1,62,4,1,1,66,0,0
49,490004,1,2,1,29,1,10,45,54,11,1,0,49,1,49,472,49472,30,2001,5TEHN72N31Z7,5,T,E,H,N,7,2,N,3,1,Z,7,0,T,TOYT,DCL,CW,1,17,,1,0,1219,TAC,G,,0,0,000000000,00000000000,0,0,0,1,0,0,0,0,0,0,0,65,0,0,0,18,18,0,1,54,0,0,0,1,49,84032,6,1,0,0,3,0,67,135,98,0,0,0,0,0,0,0,0,0,21,0,0,0,3,4,65,1,1,2,1,0,0,1,98,1,1,1,98,0,0
49,490004,2,2,2,29,1,10,45,54,11,1,0,49,1,12,37,12037,4,2002,1FAFP38312W3,1,F,A,F,P,3,8,3,1,2,W,3,0,P,FORD,FZT,4D,2,17,2604,,0,1030,,G,,0,0,000000000,00000000000,0,0,0,1,0,0,0,0,0,0,0,62,0,0,0,12,12,6,2,25,0,0,0,1,49,84003,6,1,0,0,3,0,72,190,98,0,0,0,1,5,2008,5,2008,0,0,0,0,0,3,4,65,1,1,2,1,0,0,1,51,7,1,1,98,1,0
49,490005,1,2,1,1,2,18,10,12,6,1,0,49,2,7,482,7482,31,2004,3D7KU28CX4G2,3,D,7,K,U,2,8,C,X,4,G,2,0,T,DODG,SQ2,CW,4,17,,2,1605,1405,RPC,D,,0,0,000000000,00000000000,0,0,0,1,0,0,0,0,0,0,0,998,0,0,0,12,12,6,2,12,0,0,0,1,49,84655,6,1,0,0,3,0,66,140,98,0,0,0,0,0,0,0,0,0,39,0,0,0,5,6,40,1,2,2,1,3,3,1,17,1,1,1,69,0,0
49,490005,2,2,2,1,2,18,10,12,6,1,0,49,2,7,472,7472,30,2000,1B7FL22PXYS5,1,B,7,F,L,2,2,P,X,Y,S,5,0,T,DODG,DAK,PC,0,17,,1,0,1309,DAK,G,,0,0,000000000,00000000000,0,0,0,1,0,0,0,0,0,0,0,998,0,0,0,2,2,6,2,12,0,0,0,1,49,84118,6,1,0,0,3,3,65,230,98,0,0,0,0,0,0,0,0,0,0,0,0,0,5,6,40,1,2,2,1,3,3,11,63,1,1,2,68,1,0
49,490006,1,2,1,10,2,17,3,12,1,1,0,8,3,87,884,87884,66,2006,1XP5DB9X76D7,1,X,P,5,D,B,9,X,7,6,D,7,1,T,PTRB,379,DS,6,17,,8,0,0,CON,D,,1,57,00619,5700619,3,6,1,1,0,0,0,0,0,0,0,69,0,0,0,12,12,4,1,12,0,0,0,1,49,84109,6,1,6,3,3,0,71,160,98,0,0,1,0,9,2008,9,2008,0,26,0,0,0,2,2,75,1,1,1,1,0,0,1,51,1,1,1,24,0,0
49,490006,2,2,2,10,2,17,3,12,1,1,0,49,1,20,421,20421,15,1992,1GNFK16KXNJ3,1,G,N,F,K,1,6,K,X,N,J,3,0,P,CHEV,K15,UT,92,17,5169,,0,1315,,G,,0,0,000000000,00000000000,0,0,0,1,0,0,0,0,0,0,0,50,0,1,5,6,6,6,2,1,0,0,0,1,49,84311,6,1,0,0,3,0,66,200,98,0,0,0,1,2,2008,2,2008,0,0,0,0,0,2,2,75,1,1,1,1,0,0,1,53,1,1,1,25,1,0
49,490007,1,1,1,25,2,14,20,8,0,1,0,16,1,7,442,7442,20,1999,2B4GP44R5XR4,2,B,4,G,P,4,4,R,5,X,R,4,0,P,DODG,CAR,SV,99,17,3856,,0,1193,,G,,0,0,000000000,00000000000,0,0,0,1,0,0,0,0,0,0,0,78,0,0,0,12,12,2,1,8,0,0,0,1,16,83202,6,1,0,0,3,0,999,999,0,0,0,0,0,0,0,0,0,0,0,0,0,0,2,2,75,1,1,2,1,0,0,1,80,1,1,1,13,0,0
49,490008,1,4,1,1,2,17,10,12,2,1,0,49,4,84,881,84881,63,2002,1HTMKAAN72H4,1,H,T,M,K,A,A,N,7,2,H,4,0,T,INTL,440,CC,2,17,,7,0,0,40S,D,,0,99,999999999,99999999999,3,1,1,1,0,0,0,0,0,0,0,50,0,0,0,12,12,6,2,12,0,0,0,1,49,84074,6,1,6,0,3,0,71,235,98,0,0,0,0,0,0,0,0,0,28,51,0,0,1,4,60,3,2,2,1,0,0,14,10,1,1,2,50,0,0
49,490008,2,4,1,1,2,17,10,12,2,1,0,49,1,24,2,24002,2,2001,1G8ZR12791Z1,1,G,8,Z,R,1,2,7,9,1,Z,1,0,P,STRN,SC2,3P,1,17,2436,,0,1024,,G,,0,0,000000000,00000000000,0,0,0,1,0,0,0,0,0,0,0,60,0,0,0,12,11,6,2,12,0,0,0,1,49,84339,6,1,0,0,3,0,70,180,98,0,0,0,0,0,0,0,0,0,0,0,0,0,2,4,60,2,2,2,1,0,0,14,62,9,1,2,51,1,0
49,490008,3,4,2,1,2,17,10,12,2,1,0,49,1,32,36,32036,4,1991,WAUFC58A1MA1,W,A,U,F,C,5,8,A,1,M,A,1,0,P,AUDI,A8Q,4D,91,17,3087,,0,999,,G,,0,0,000000000,00000000000,0,0,0,1,0,0,0,0,0,0,0,60,0,0,0,11,10,6,2,12,0,0,0,1,49,84312,6,1,0,0,3,0,68,130,98,0,0,1,0,9,2008,9,2008,0,0,0,0,0,1,4,60,2,2,2,1,0,0,14,62,99,1,1,98,1,0
49,490008,4,4,1,1,2,17,10,12,2,1,0,49,1,49,32,49032,4,1995,1NXAE04B2SZ2,1,N,X,A,E,0,4,B,2,S,Z,2,0,P,TOYT,COA,4D,95,17,2315,,0,970,,G,,0,0,000000000,00000000000,0,0,0,1,0,0,0,0,0,0,0,60,0,0,0,12,12,6,2,12,0,0,0,1,49,84043,6,1,0,0,3,0,70,160,98,0,0,0,0,0,0,0,0,0,0,0,0,0,1,4,60,2,2,2,1,0,0,14,60,99,1,1,98,0,0
49,490009,1,2,1,18,2,7,39,12,2,1,0,49,3,24,1,24001,4,2000,1G8ZK5275YZ1,1,G,8,Z,K,5,2,7,5,Y,Z,1,0,P,STRN,SL2,4D,0,17,2425,,0,1024,,G,,0,0,000000000,00000000000,0,0,0,1,0,0,0,0,0,0,0,56,0,0,0,12,12,6,2,12,0,0,0,1,49,84629,6,2,0,0,3,0,67,145,98,0,0,1,0,3,2009,3,2009,1,28,0,0,0,1,2,65,2,2,2,3,0,0,14,10,1,1,2,50,1,0
49,490009,2,2,1,18,2,7,39,12,2,1,0,49,1,37,402,37402,14,2008,JHLRE48588C0,J,H,L,R,E,4,8,5,8,8,C,0,0,P,HOND,CRV,UT,8,17,3532,,0,1031,,G,,0,0,000000000,00000000000,0,0,0,1,0,0,0,0,0,0,0,45,0,0,0,12,12,6,2,12,0,0,0,1,49,84647,6,1,0,0,3,3,63,160,98,0,0,0,0,0,0,0,0,0,0,0,0,0,1,2,65,3,2,2,3,0,0,14,62,7,1,1,51,0,0
49,490010,1,3,1,1,3,8,16,12,6,1,0,49,1,12,481,12481,31,1997,1FTDX1860VKB,1,F,T,D,X,1,8,6,0,V,K,B,0,T,FORD,F15,3C,97,17,,1,1570,1390,COF,G,,0,0,000000000,00000000000,0,0,0,1,0,0,0,0,0,0,0,60,0,0,0,12,12,6,2,12,0,0,0,1,49,84115,6,1,0,0,3,0,65,175,98,0,0,2,0,6,2008,12,2009,1,39,0,0,0,1,2,25,1,1,2,1,20,3,1,17,1,1,1,88,0,0
49,490010,2,3,1,1,3,8,16,12,6,1,0,49,2,12,13,12013,6,1989,1FAPP9893KW2,1,F,A,P,P,9,8,9,3,K,W,2,0,P,FORD,LXE,SW,89,17,2312,,0,942,,G,,0,0,000000000,00000000000,0,0,0,1,0,0,0,0,0,0,0,998,0,0,0,10,10,6,2,12,0,0,0,1,49,84115,6,1,0,0,3,0,70,205,98,0,0,2,0,5,2008,11,2009,0,0,0,0,0,1,2,30,1,1,2,1,0,0,1,17,1,1,1,89,1,0
49,490010,3,3,1,1,3,8,16,12,6,1,0,49,1,35,401,35401,14,2007,5N1AR18W87C6,5,N,1,A,R,1,8,W,8,7,C,6,0,P,NISS,PFI,UT,7,17,4505,,0,1122,,G,,0,0,000000000,00000000000,0,0,0,1,0,0,0,0,0,0,0,40,0,0,0,11,11,4,3,12,0,0,0,1,49,84117,6,1,0,0,3,0,65,150,98,0,0,2,0,3,2008,4,2009,0,0,0,0,0,1,2,30,1,1,2,1,0,0,1,17,1,1,1,98,0,0
49,490011,1,4,1,10,3,12,26,12,1,1,0,40,3,84,881,84881,66,2006,2HSCNAPR96C2,2,H,S,C,N,A,P,R,9,6,C,2,1,T,INTL,94I,DS,6,17,,8,0,0,940,D,,1,57,063585,57063585,3,6,1,1,0,0,0,0,0,0,0,60,0,0,0,12,12,6,2,12,0,0,0,1,49,84095,6,1,6,1,3,0,74,220,98,0,0,2,0,6,2008,2,2009,1,26,0,0,0,3,2,75,1,2,2,10,0,0,6,52,2,1,1,28,0,0
49,490011,2,4,2,10,3,12,26,12,1,1,0,49,1,63,33,63033,4,2004,KNAFE1219450,K,N,A,F,E,1,2,1,9,4,5,0,0,P,KIA,SLE,4D,4,17,2701,,0,1028,,G,,0,0,000000000,00000000000,0,0,0,1,0,0,0,0,0,0,0,5,0,0,0,6,12,6,2,12,0,0,0,1,49,84084,6,1,0,0,3,3,66,130,98,0,0,0,0,0,0,0,0,0,0,0,0,0,3,2,75,1,2,2,10,0,0,2,18,1,1,1,29,1,0
49,490011,3,4,1,10,3,12,26,12,1,1,0,16,3,82,881,82881,66,2008,1FUJA6CV08DY,1,F,U,J,A,6,C,V,0,8,D,Y,1,T,FRHT,COL,DS,8,17,,8,0,0,CON,D,,1,57,322322,57322322,3,6,1,1,0,0,0,0,0,0,0,0,0,0,0,6,6,4,3,12,0,0,0,1,49,84302,6,1,6,1,3,3,70,235,98,0,0,0,0,0,0,0,0,0,0,0,0,0,3,2,75,1,2,2,10,0,0,5,18,1,1,1,98,0,0
49,490011,4,4,5,10,3,12,26,12,1,1,0,49,2,22,18,22018,4,2000,1G2NF52T4YC5,1,G,2,N,F,5,2,T,4,Y,C,5,0,P,PONT,SE1,4D,0,17,3116,,0,1070,,G,,0,0,000000000,00000000000,0,0,0,1,0,0,0,0,0,0,0,12,0,0,0,1,1,4,3,12,0,0,0,1,49,84720,6,1,0,0,3,0,67,125,98,0,0,0,0,0,0,0,0,1,26,0,0,0,3,2,75,1,2,2,10,0,0,2,18,8,1,1,98,0,0
49,490012,1,1,2,14,3,4,13,42,0,1,0,16,2,20,16,20016,4,1996,1G1JC1246T72,1,G,1,J,C,1,2,4,6,T,7,2,0,P,CHEV,CAV,CP,96,17,2617,,0,1041,,G,,0,0,000000000,00000000000,0,0,0,1,0,0,0,0,0,0,0,60,0,0,0,12,12,6,2,39,0,0,1,1,49,84404,6,1,0,0,3,0,69,160,98,0,0,0,0,0,0,0,0,1,28,0,0,0,5,4,45,2,1,2,1,0,0,14,12,1,1,4,6,1,1
49,490013,1,1,1,15,3,13,50,35,0,1,0,31,1,54,37,54037,2,1997,19UYA1259VL0,1,9,U,Y,A,1,2,5,9,V,L,0,0,P,ACUR,22C,CP,97,17,3018,,0,1069,,G,,0,0,000000000,00000000000,0,0,0,1,0,0,0,0,0,0,0,998,0,1,5,12,99,6,2,1,99,99,0,1,31,68504,6,1,6,0,3,3,73,240,0,0,0,0,0,0,0,0,0,9,28,0,0,0,2,2,75,1,1,2,1,0,0,1,13,99,1,4,1,1,0
49,490014,1,1,1,20,3,99,99,17,0,1,0,49,1,49,402,49402,14,2009,JTMBK32VX9D0,J,T,M,B,K,3,2,V,X,9,D,0,0,P,TOYT,RG4,UT,9,17,3677,,0,1047,,G,,0,0,000000000,00000000000,0,0,0,1,0,0,0,0,0,0,0,50,0,1,6,12,12,6,2,1,0,0,0,1,49,84501,6,1,6,0,3,3,72,165,98,0,0,0,0,0,0,0,0,0,28,0,0,0,1,2,40,1,2,2,99,0,0,1,12,1,1,4,6,1,0
49,490015,1,2,2,21,3,14,0,12,6,1,0,49,1,72,706,72706,80,2002,1HD1FBW162Y6,1,H,D,1,F,B,W,1,6,2,Y,6,0,M,HD,LRI,RS,2,17,,,,,,,1450,0,0,000000000,00000000000,0,0,0,1,0,0,0,0,0,0,0,45,0,0,0,12,12,6,2,12,0,0,0,1,49,84057,3,1,0,0,2,0,71,270,98,0,0,0,0,0,0,0,0,0,33,35,0,0,1,2,50,1,1,2,1,0,0,6,10,1,1,2,48,1,0
49,490015,2,2,1,21,3,14,0,12,6,1,0,49,2,72,706,72706,80,2000,1HD1DJV1XYY6,1,H,D,1,D,J,V,1,X,Y,Y,6,0,M,HD,FHC,RS,0,17,,,,,,,1450,0,0,000000000,00000000000,0,0,0,1,0,0,0,0,0,0,0,10,0,0,0,10,10,6,2,12,0,0,0,1,49,84015,6,1,0,0,3,3,68,158,98,0,0,0,0,0,0,0,0,0,0,0,0,0,1,2,50,1,1,2,1,0,0,2,53,1,1,1,48,0,0
49,490016,1,1,4,13,3,14,0,1,0,1,0,49,1,12,471,12471,30,2000,1FTNX20LXYEA,1,F,T,N,X,2,0,L,X,Y,E,A,0,T,FORD,F2S,4C,0,17,,2,1580,1418,SRW,G,,0,0,000000000,00000000000,0,0,0,1,0,0,0,0,0,0,0,65,0,2,6,0,0,6,2,1,0,0,0,1,49,84003,6,1,0,0,3,0,64,130,98,0,0,0,0,0,0,0,0,1,0,0,0,0,1,2,65,1,1,2,10,0,0,1,5,1,2,4,7,1,0
49,490017,1,2,2,10,3,12,54,12,6,1,0,49,2,18,3,18003,4,1992,1G4CW53L7N16,1,G,4,C,W,5,3,L,7,N,1,6,0,P,BUIC,PKA,4D,92,17,3536,,0,1108,,G,,0,0,000000000,00000000000,0,0,0,1,0,0,0,0,0,0,0,998,0,0,0,3,3,6,2,12,0,0,0,1,49,84790,6,1,0,0,3,3,62,200,98,0,0,0,0,0,0,0,0,0,38,41,0,0,5,4,40,1,1,2,1,0,0,11,15,1,1,2,68,2,0
49,490017,2,2,1,10,3,12,54,12,6,1,0,49,3,12,16,12016,4,2008,2FAFP71W28X1,2,F,A,F,P,7,1,W,2,8,X,1,0,P,FORD,CVP,4D,8,17,0,,0,1146,,G,,0,0,000000000,00000000000,0,0,0,1,0,0,0,0,0,5,1,75,0,0,0,12,12,4,3,12,0,0,0,1,49,84790,6,1,0,0,3,0,71,230,98,0,0,0,0,0,0,0,0,1,16,0,0,0,5,4,40,1,1,1,1,0,0,1,62,1,1,1,69,0,0
49,490018,1,2,1,6,3,14,30,12,2,1,0,49,1,12,481,12481,31,2004,1FTPX14544KC,1,F,T,P,X,1,4,5,4,4,K,C,0,T,FORD,F15,4C,4,17,,2,1450,1260,COF,G,,0,0,000000000,00000000000,0,0,0,1,0,0,0,0,0,0,0,65,0,0,0,12,12,6,2,12,0,0,0,1,49,84302,6,1,0,0,3,3,69,170,98,0,0,0,0,0,0,0,0,0,35,0,0,0,1,2,65,3,2,2,1,0,0,6,10,1,1,2,50,1,0
49,490018,2,2,1,6,3,14,30,12,2,1,0,48,3,84,884,84884,66,2005,2HSCESBR05C0,2,H,S,C,E,S,B,R,0,5,C,0,1,T,INTL,92I,DS,5,17,,8,0,0,920,D,,1,58,396137,58396137,3,6,1,1,0,0,0,0,0,0,0,60,0,0,0,12,12,6,2,12,0,0,0,1,4,85023,6,1,6,1,3,0,69,180,0,0,0,0,0,0,0,0,0,0,0,0,0,0,1,2,65,3,2,2,1,0,0,14,62,1,1,1,51,0,0
49,490019,1,2,2,9,3,9,30,12,1,1,0,49,1,23,401,23401,14,2004,1GKDT13S2421,1,G,K,D,T,1,3,S,2,4,2,1,0,T,GMC,ENV,4W,4,17,,1,0,1130,ENV,G,,0,0,000000000,00000000000,0,0,0,1,0,0,0,0,0,0,0,10,0,0,0,12,12,4,3,12,0,0,0,1,49,84741,6,1,0,0,3,0,67,169,98,0,0,0,0,0,0,0,0,1,26,87,0,0,1,2,65,2,2,2,3,0,0,14,50,2,1,1,20,1,0
49,490019,2,2,1,9,3,9,30,12,1,1,0,49,3,87,884,87884,66,2010,1XPXD49X6AD7,1,X,P,X,D,4,9,X,6,A,D,7,1,T,PTRB,389,DS,10,17,,8,0,0,CON,D,,1,57,0258637,570258637,3,6,2,1,0,0,0,0,0,0,0,0,0,0,0,6,6,2,1,12,0,0,0,1,4,86022,6,1,6,1,3,3,70,175,0,0,0,0,0,0,0,0,0,0,0,0,0,0,1,2,65,2,2,2,3,0,0,5,53,1,1,1,21,0,0
49,490020,1,2,1,11,3,9,10,12,6,1,0,49,2,12,401,12401,14,2005,1FMZU77K45UA,1,F,M,Z,U,7,7,K,4,5,U,A,0,P,FORD,EPR,UT,5,17,4309,,0,1259,,F,,0,0,000000000,00000000000,0,0,0,1,0,0,0,0,0,0,0,60,0,0,0,3,3,6,2,12,0,0,0,1,49,84511,6,1,0,0,3,0,63,122,98,0,0,0,0,0,0,0,0,1,87,0,0,0,1,3,65,1,1,2,4,0,0,1,5,1,1,2,66,1,1
49,490020,2,2,1,11,3,9,10,12,6,1,0,49,1,49,401,49401,14,1990,JT3VN39J0L00,J,T,3,V,N,3,9,J,0,L,0,0,0,P,TOYT,RUN,UT,90,17,0,,0,1033,,G,,0,0,000000000,00000000000,0,0,0,1,0,0,0,0,0,0,0,50,0,0,0,12,12,6,2,12,0,0,0,1,49,84535,6,1,0,0,3,3,66,190,98,0,0,0,0,0,0,0,0,0,0,0,0,0,1,3,65,1,1,2,4,0,0,1,62,1,1,1,66,0,0
49,490021,1,1,1,1,4,7,1,1,0,1,0,49,1,35,47,35047,4,2005,1N4AL11D35N4,1,N,4,A,L,1,1,D,3,5,N,4,0,P,NISS,ASL,4D,5,17,2915,,0,1102,,G,,0,0,000000000,00000000000,0,0,0,1,0,0,0,0,0,0,0,60,0,2,6,0,0,6,2,1,0,0,0,1,49,84725,6,1,0,0,3,0,68,200,98,0,0,1,0,6,2008,6,2008,1,0,0,0,0,1,2,65,3,2,2,4,0,0,14,6,7,1,4,6,1,0
49,490022,1,1,1,2,4,13,57,1,0,1,0,49,1,6,43,6043,4,2007,1C3LC46K17N6,1,C,3,L,C,4,6,K,1,7,N,6,0,P,CHRY,SEB,4D,7,17,3201,,0,1089,,G,,0,0,000000000,00000000000,0,0,0,1,0,0,0,0,0,0,0,998,0,1,5,0,13,6,2,1,0,0,0,1,49,84074,6,1,0,0,3,3,63,150,98,0,0,0,0,0,0,0,0,0,28,58,0,0,1,2,65,1,1,2,1,0,0,1,13,6,1,4,1,1,0
49,490023,1,1,2,3,4,17,5,8,0,1,0,49,1,20,481,20481,31,1983,1GCEC14H1DF3,1,G,C,E,C,1,4,H,1,D,F,3,0,T,CHEV,C10,PK,83,17,,2,1315,1175,C10,G,,0,0,000000000,00000000000,0,0,0,1,0,0,0,0,0,0,0,998,0,0,0,12,12,4,3,8,0,0,0,1,49,84115,6,1,0,0,3,3,67,170,98,0,0,0,0,0,0,0,0,0,0,0,0,0,5,6,40,1,1,2,1,0,0,1,80,1,1,1,13,0,0
49,490024,1,3,1,18,2,9,16,12,6,1,0,49,1,35,47,35047,4,2003,1N4AL11D43C2,1,N,4,A,L,1,1,D,4,3,C,2,0,P,NISS,ABS,4D,3,17,2913,,0,1102,,G,,0,0,000000000,00000000000,0,0,0,1,0,0,0,0,0,0,0,999,0,0,0,9,9,6,2,12,0,0,0,1,49,84084,6,1,0,0,3,3,66,150,98,0,0,0,0,0,0,0,0,0,39,0,0,0,1,4,35,1,1,2,2,3,3,1,17,1,1,1,89,1,0