STATE,ST_CASE,VEH_NO,VE_FORMS,NUMOCCS,DAY,MONTH,HOUR,MINUTE,HARM_EV,MAN_COLL,UNITTYPE,HIT_RUN,REG_STAT,OWNER,MAKE,MODEL,MAK_MOD,BODY_TYP,MOD_YEAR,VIN,VIN_1,VIN_2,VIN_3,VIN_4,VIN_5,VIN_6,VIN_7,VIN_8,VIN_9,VIN_10,VIN_11,VIN_12,TOW_VEH,VINTYPE,VINMAKE,VINA_MOD,VIN_BT,VINMODYR,VIN_LNGT,VIN_WGT,WGTCD_TR,WHLBS_LG,WHLBS_SH,SER_TR,FUELCODE,MCYCL_DS,J_KNIFE,MCARR_I1,MCARR_I2,MCARR_ID,GVWR,V_CONFIG,CARGO_BT,HAZ_INV,HAZ_PLAC,HAZ_ID,HAZ_CNO,HAZ_REL,BUS_USE,SPEC_USE,EMER_USE,TRAV_SP,UNDERIDE,ROLLOVER,ROLINLOC,IMPACT1,IMPACT2,DEFORMED,TOWED,M_HARM,VEH_SC1,VEH_SC2,FIRE_EXP,DR_PRES,L_STATE,DR_ZIP,L_STATUS,L_TYPE,CDL_STAT,L_ENDORS,L_COMPL,L_RESTRI,DR_HGT,DR_WGT,PREV_ACC,PREV_SUS,PREV_DWI,PREV_SPD,PREV_OTH,FIRST_MO,FIRST_YR,LAST_MO,LAST_YR,SPEEDREL,DR_SF1,DR_SF2,DR_SF3,DR_SF4,VTRAFWAY,VNUM_LAN,VSPD_LIM,VALIGN,VPROFILE,VPAVETYP,VSURCOND,VTRAFCON,VTCONT_F,P_CRASH1,P_CRASH2,P_CRASH3,PCRASH4,PCRASH5,ACC_TYPE,DEATHS,DR_DRINK
49,490024,2,3,1,18,2,9,16,12,6,1,0,49,3,87,884,87884,66,2002,1NPFXBEX32D5,1,N,P,F,X,B,E,X,3,2,D,5,1,T,PTRB,378,TM,2,17,,8,0,0,CON,D,,1,58,1304589,581304589,3,6,1,1,0,0,0,0,0,0,0,999,0,0,0,12,12,4,1,12,0,0,0,1,49,84118,6,1,6,1,3,0,74,180,98,0,0,1,0,8,2008,8,2008,0,0,0,0,0,1,4,35,1,1,2,2,3,3,1,17,6,1,1,88,0,0
49,490024,3,3,1,18,2,9,16,12,6,1,0,49,1,37,421,37421,15,2009,5FNYF48859B0,5,F,N,Y,F,4,8,8,5,9,B,0,0,P,HOND,PIL,UT,9,17,4590,,0,1092,,G,,0,0,000000000,00000000000,0,0,0,1,0,0,0,0,0,0,0,999,0,0,0,10,10,6,2,12,0,0,0,1,49,84043,6,1,0,0,3,0,74,185,98,0,0,0,0,0,0,0,0,0,0,0,0,0,1,4,35,1,1,2,2,3,3,4,66,1,1,1,98,0,0
49,490025,1,2,1,18,2,15,34,12,7,1,0,49,1,18,7,18007,4,1997,2G4WS52M7V14,2,G,4,W,S,5,2,M,7,V,1,4,0,P,BUIC,CCU,4D,97,17,3348,,0,1090,,G,,0,0,000000000,00000000000,0,0,0,1,0,0,0,0,0,0,0,65,0,0,0,3,3,4,1,12,0,0,0,1,49,84754,6,1,0,0,3,3,63,200,98,0,0,1,0,12,2007,12,2007,0,27,0,0,0,3,3,65,1,1,2,1,0,0,15,11,1,1,2,46,0,0
49,490025,2,2,2,18,2,15,34,12,7,1,0,49,2,20,16,20016,4,2003,1G1JC52F4373,1,G,1,J,C,5,2,F,4,3,7,3,0,P,CHEV,CAV,4D,3,17,2971,,0,1041,,G,,0,0,000000000,00000000000,0,0,0,1,0,0,0,0,0,0,0,65,0,0,0,9,12,6,2,25,0,0,0,1,49,84010,6,1,0,0,3,3,65,195,98,0,0,0,0,0,0,0,0,0,0,0,0,0,3,3,65,1,1,2,1,0,0,1,60,1,1,1,45,1,0
49,490026,1,1,4,11,3,19,10,10,0,1,0,49,2,20,39,20039,4,2005,KL1TD52605B3,K,L,1,T,D,5,2,6,0,5,B,3,0,P,CHEV,ABS,4D,5,17,2365,,0,976,,G,,0,0,000000000,00000000000,0,0,0,1,0,0,0,0,0,0,0,10,0,0,0,9,9,6,2,10,0,0,0,1,49,84629,6,1,0,0,3,0,75,290,98,0,0,2,0,1,2009,3,2009,0,38,39,0,0,1,4,35,1,1,2,1,65,3,98,90,99,1,1,98,2,0
49,490027,1,1,4,27,3,2,45,1,0,1,0,6,1,49,482,49482,31,2006,5TBET34136S5,5,T,B,E,T,3,4,1,3,6,S,5,0,T,TOYT,DBS,CW,6,17,,2,0,1283,TUN,G,,0,0,000000000,00000000000,0,0,0,1,0,0,0,0,0,0,0,60,0,1,5,0,9,4,3,1,0,0,0,1,49,84404,6,1,0,0,3,0,66,156,98,0,0,0,0,0,0,0,0,1,87,0,0,0,2,2,75,1,1,2,4,0,0,1,5,1,1,4,1,1,0
49,490028,1,1,2,10,4,22,0,31,0,1,0,49,1,37,31,37031,4,1995,JHMEH9691SS0,J,H,M,E,H,9,6,9,1,S,S,0,0,P,HOND,CEX,4D,95,17,2459,,0,1032,,G,,0,0,000000000,00000000000,0,0,0,1,0,0,0,0,0,0,0,75,0,1,6,2,2,6,2,1,0,0,0,1,49,84103,6,1,0,0,3,0,72,200,98,0,0,0,0,0,0,0,0,0,28,0,0,0,2,2,75,1,1,2,1,0,0,1,13,6,1,4,1,1,1
49,490029,1,1,1,16,4,7,55,33,0,1,0,49,2,13,12,13012,4,2005,1LNHM86SX5Y6,1,L,N,H,M,8,6,S,X,5,Y,6,0,P,LINC,LLS,4D,5,17,3719,,0,1145,,G,,0,0,000000000,00000000000,0,0,0,1,0,0,0,0,0,0,0,52,0,1,6,12,12,6,2,1,0,0,0,1,49,84780,6,1,0,0,3,3,74,285,98,0,1,0,3,10,2007,3,2010,1,0,0,0,0,1,2,35,1,1,2,1,0,0,1,14,1,1,4,14,1,0
49,490030,1,1,1,16,4,13,15,39,0,1,0,49,1,37,31,37031,2,2005,1HGEM22955L0,1,H,G,E,M,2,2,9,5,5,L,0,0,P,HOND,UAX,CP,5,17,2657,,0,1031,,G,,0,0,000000000,00000000000,0,0,0,1,0,0,0,0,0,0,0,70,0,0,0,12,12,6,2,39,0,0,0,1,49,84067,6,1,0,0,3,3,63,120,98,0,0,1,1,12,2007,1,2010,0,28,58,0,0,3,3,65,1,1,1,1,0,0,1,10,7,1,4,1,1,1
49,490031,1,1,1,17,4,8,48,1,0,1,0,49,1,20,444,20444,20,2007,1GNDV33117D1,1,G,N,D,V,3,3,1,1,7,D,1,0,T,CHEV,DLT,ES,7,17,,1,0,1211,UPL,G,,0,0,000000000,00000000000,0,0,0,1,0,0,0,0,0,0,0,85,0,2,6,0,0,6,2,1,0,0,0,1,49,84032,6,1,0,0,3,0,62,195,98,0,0,0,0,0,0,0,0,1,0,0,0,0,2,2,75,2,2,2,1,0,0,14,12,7,1,4,1,1,0
49,490032,1,1,1,9,5,14,23,5,0,1,0,49,1,37,706,37706,80,1972,CB7501118697,C,B,7,5,0,1,1,1,8,6,9,7,0,P,,,,,,,,,,,,,0,0,000000000,00000000000,0,0,0,1,0,0,0,0,0,0,0,80,0,0,0,0,0,6,2,5,0,0,0,1,49,84033,6,1,0,0,3,0,71,170,98,0,0,0,0,0,0,0,0,1,36,0,0,0,1,2,50,2,1,2,1,0,0,14,6,1,1,4,0,1,0
49,490033,1,1,1,10,5,22,49,1,0,1,0,49,1,20,471,20471,30,1996,1GCCS1447T81,1,G,C,C,S,1,4,4,7,T,8,1,0,T,CHEV,S14,PK,96,17,,1,1179,1083,S,G,,0,0,000000000,00000000000,0,0,0,1,0,0,0,0,0,0,0,85,0,2,6,0,3,6,2,1,0,0,0,1,49,84118,1,1,0,0,2,0,66,160,98,1,1,0,0,10,2009,10,2009,1,0,0,0,0,6,1,65,2,1,2,1,0,0,14,12,1,1,4,6,1,0
49,490034,1,1,1,11,5,16,16,1,0,1,0,56,1,20,422,20422,15,2004,1GNFK16Z44J2,1,G,N,F,K,1,6,Z,4,4,J,2,0,P,CHEV,K15,UT,4,17,5219,,0,1300,,F,,0,0,000000000,00000000000,0,0,0,1,0,0,0,0,0,0,0,65,0,2,3,0,0,6,2,1,0,0,0,1,56,82401,6,1,0,0,3,3,999,999,0,0,0,0,0,0,0,0,0,0,0,0,0,0,2,3,65,1,2,2,2,0,0,1,13,6,1,6,1,1,0
49,490035,1,1,1,24,4,0,30,38,0,1,0,49,2,54,31,54031,4,1994,JH4DB8588RS0,J,H,4,D,B,8,5,8,8,R,S,0,0,P,ACUR,GSR,4D,94,17,2694,,0,1031,,G,,0,0,000000000,00000000000,0,0,0,1,0,0,0,0,0,0,0,55,0,1,6,9,5,4,3,1,0,0,0,1,49,84624,6,2,0,0,3,3,77,160,98,0,0,0,0,0,0,0,0,0,28,58,0,0,1,2,55,1,2,2,1,0,0,1,13,1,1,4,1,1,0
49,490036,1,2,3,23,3,1,40,12,6,1,0,49,1,37,401,37401,14,2001,4S6DM58W3144,4,S,6,D,M,5,8,W,3,1,4,4,0,P,HOND,PAS,UT,1,17,4013,,0,1064,,G,,0,0,000000000,00000000000,0,0,0,1,0,0,0,0,0,0,0,40,0,0,0,12,12,6,2,12,0,0,0,1,49,84121,3,1,0,0,2,3,73,230,98,0,0,0,1,4,2008,4,2008,0,38,0,0,0,1,2,30,1,1,1,1,3,3,1,17,1,1,1,69,0,1
49,490036,2,2,2,23,3,1,40,12,6,1,0,49,2,30,46,30046,4,2001,WVWRH63B51E1,W,V,W,R,H,6,3,B,5,1,E,1,0,P,VOLK,PGX,4D,1,17,3250,,0,1064,,G,,0,0,000000000,00000000000,0,0,0,1,0,0,0,0,0,0,0,15,0,0,0,9,9,6,2,12,0,0,0,1,49,84092,6,1,0,0,3,3,69,150,98,0,0,0,0,0,0,0,0,0,0,0,0,0,1,2,30,1,1,1,1,3,3,11,15,1,1,1,68,1,0
49,490037,1,1,3,12,5,13,36,1,0,1,0,8,2,12,401,12401,14,2003,1FMZU73K63ZA,1,F,M,Z,U,7,3,K,6,3,Z,A,0,P,FORD,EPR,UT,3,17,4094,,0,1137,,F,,0,0,000000000,00000000000,0,0,0,1,0,0,0,0,0,0,0,65,0,1,6,0,0,6,2,1,0,0,0,1,8,80219,6,1,0,0,3,0,999,999,0,0,0,0,0,0,0,0,0,1,0,0,0,0,2,2,60,1,2,2,4,0,0,1,13,1,1,4,1,1,0
49,490038,1,2,1,23,3,18,42,54,11,1,0,49,3,20,421,20421,15,2003,1GNFK16Z33J2,1,G,N,F,K,1,6,Z,3,3,J,2,0,P,CHEV,K15,UT,3,17,5123,,0,1300,,F,,0,0,000000000,00000000000,0,0,0,1,0,0,0,0,0,0,0,75,0,1,5,18,12,6,2,1,0,0,0,1,49,84325,6,2,0,0,3,3,65,127,98,0,0,0,0,0,0,0,0,1,27,36,37,30,1,2,40,1,1,2,1,0,0,3,13,1,1,4,98,1,0
49,490038,2,2,1,23,3,18,42,54,11,1,0,49,2,12,401,12401,14,2007,1FMEU74827UA,1,F,M,E,U,7,4,8,2,7,U,A,0,P,FORD,EPR,UT,7,17,4706,,0,1137,,G,,0,0,000000000,00000000000,0,0,0,1,0,0,0,0,0,0,0,0,0,0,0,9,9,2,1,54,0,0,0,1,49,84037,6,1,0,0,3,0,61,119,98,0,0,0,0,0,0,0,0,0,0,0,0,0,1,2,40,1,1,2,1,0,0,5,98,1,1,5,98,0,0
49,490039,1,3,2,12,4,19,52,25,0,1,0,49,2,20,16,20016,4,1996,3G1JF5245TS8,3,G,1,J,F,5,2,4,5,T,S,8,0,P,CHEV,CAS,4D,96,17,2736,,0,1041,,G,,0,0,000000000,00000000000,0,0,0,1,0,0,0,0,0,0,0,80,0,0,0,11,3,6,2,12,0,0,0,1,49,84065,6,1,0,0,3,3,76,170,98,2,1,2,0,5,2008,9,2009,1,28,58,0,0,3,6,65,2,1,1,2,0,0,14,6,99,4,4,7,1,0
49,490039,2,3,1,12,4,19,52,25,0,1,0,49,1,35,47,35047,4,2001,1N4DL01D91C1,1,N,4,D,L,0,1,D,9,1,C,1,0,P,NISS,AXE,4D,1,17,2754,,0,1031,,G,,0,0,000000000,00000000000,0,0,0,1,0,0,0,0,0,0,0,60,0,0,0,12,12,6,2,12,0,0,0,1,49,84062,6,1,0,0,3,3,63,130,98,0,0,0,0,0,0,0,0,0,0,0,0,0,3,6,65,2,1,1,2,0,0,14,60,99,1,1,98,0,0
49,490039,3,3,1,12,4,19,52,25,0,1,0,49,3,12,471,12471,30,2008,1FTYR14U18PA,1,F,T,Y,R,1,4,U,1,8,P,A,0,T,FORD,RNS,PS,8,17,,1,0,1260,RNG,G,,0,0,000000000,00000000000,0,0,0,1,0,0,0,0,0,0,0,45,0,0,0,12,12,6,2,12,0,0,0,1,49,84095,6,1,0,0,3,3,70,195,98,0,0,1,0,11,2009,11,2009,0,0,0,0,0,3,6,65,2,1,1,2,0,0,14,60,99,1,1,98,0,0
49,490040,1,2,11,29,4,22,56,25,0,1,0,49,2,20,431,20431,16,2003,1GNEC16T43J1,1,G,N,E,C,1,6,T,4,3,J,1,0,P,CHEV,C15,UT,3,17,4914,,0,1300,,G,,0,0,000000000,00000000000,0,0,0,1,0,0,0,0,0,0,0,80,0,0,0,7,12,6,2,12,0,0,0,1,49,84043,6,1,0,0,3,0,74,225,98,0,0,3,1,9,2008,12,2009,1,28,87,0,0,3,2,70,3,5,1,4,0,0,14,6,99,3,4,7,0,0
49,490040,2,2,1,29,4,22,56,25,0,1,0,8,2,49,38,49038,2,1996,JT2AC52L8T01,J,T,2,A,C,5,2,L,8,T,0,1,0,P,TOYT,TTD,2D,96,17,1950,,0,937,,G,,0,0,000000000,00000000000,0,0,0,1,0,0,0,0,0,0,0,0,0,0,0,12,12,6,2,8,0,0,0,1,8,80443,6,1,0,0,3,3,66,120,0,0,0,0,1,2,2008,2,2008,0,0,0,0,0,3,2,70,3,5,1,4,0,0,7,61,1,1,1,98,0,0
49,490041,1,2,1,11,5,3,26,12,6,1,0,49,3,20,466,20466,29,1992,1GCHP32J1N33,1,G,C,H,P,3,2,J,1,N,3,3,0,T,CHEV,P30,SN,92,17,,2,1780,1250,P30,D,,0,0,000000000,00000000000,0,0,0,1,0,0,0,0,0,0,0,60,0,0,0,12,12,6,2,12,0,0,0,1,49,84660,6,1,0,0,3,3,68,190,98,0,0,1,1,6,2008,9,2008,0,0,0,0,0,3,4,65,1,1,2,1,0,0,1,50,6,1,1,48,0,0
49,490041,2,2,1,11,5,3,26,12,6,1,0,6,6,2,1,2001,6,2010,1J4NT4FB6AD5,1,J,4,N,T,4,F,B,6,A,D,5,0,T,JEEP,CSP,4W,10,17,,1,0,1037,CMP,G,,0,0,000000000,00000000000,0,0,0,1,0,0,0,0,0,0,0,0,0,0,0,9,9,6,2,12,0,0,0,0,,,,,,,,,999,,,,,,,,,,,,20,0,0,0,3,4,65,1,1,2,1,0,0,0,98,0,0,0,48,1,0
49,490042,1,1,4,19,5,14,45,31,0,1,0,8,2,49,481,49481,31,1997,JT4UN22D9V00,J,T,4,U,N,2,2,D,9,V,0,0,0,T,TOYT,TXC,PC,97,17,,1,0,1218,T10,G,,0,0,000000000,00000000000,0,0,0,1,0,0,0,0,0,0,0,75,0,1,3,12,12,4,3,1,0,0,0,1,16,83704,6,1,0,0,3,0,66,145,0,0,0,0,0,0,0,0,0,0,28,58,0,0,2,2,75,2,1,1,1,0,0,14,12,7,1,4,6,1,0
49,490043,1,1,1,23,5,6,34,35,0,1,0,49,1,20,481,20481,31,2004,2GCEK19T0414,2,G,C,E,K,1,9,T,0,4,1,4,0,T,CHEV,SK1,4C,4,17,,2,1575,1435,SIL,G,,0,0,000000000,00000000000,0,0,0,1,0,0,0,0,0,0,0,65,0,0,0,12,12,6,2,35,0,0,0,1,49,84647,6,1,0,0,3,0,69,185,98,0,0,0,0,0,0,0,0,0,0,0,0,0,1,2,65,1,1,2,1,0,0,1,13,7,1,4,1,1,0
49,490044,1,1,1,21,5,23,52,33,0,1,0,49,1,12,442,12442,20,1998,2FMZA5142WBC,2,F,M,Z,A,5,1,4,2,W,B,C,0,T,FORD,WWG,ES,98,17,,1,0,1207,WIN,G,,0,0,000000000,00000000000,0,0,0,1,0,0,0,0,0,0,0,55,0,1,5,11,11,6,2,39,0,0,0,1,49,84337,1,1,0,0,2,0,74,200,98,1,0,1,1,1,2008,3,2010,9,28,0,0,0,5,4,55,1,1,2,2,0,0,1,12,1,1,4,6,1,1
49,490045,1,1,1,18,5,4,19,52,0,1,0,49,1,30,40,30040,4,2002,3VWSE69MX2M0,3,V,W,S,E,6,9,M,X,2,M,0,0,P,VOLK,JGS,4D,2,17,2899,,0,989,,G,,0,0,000000000,00000000000,0,0,0,1,0,0,0,0,0,0,0,120,0,0,0,12,12,6,2,52,0,0,0,1,49,84109,6,1,0,0,3,0,70,210,98,0,0,1,0,1,2008,1,2008,1,0,0,0,0,2,2,75,4,1,2,1,0,0,14,13,1,1,4,1,1,0
49,490046,1,1,1,26,5,6,48,31,0,1,0,49,3,90,982,90982,50,2000,1BABNBXA3YF0,1,B,A,B,N,B,X,A,3,Y,F,0,0,U,,,,0,17,,,,,,,,0,88,888888888,88888888888,2,21,22,1,0,0,0,0,1,0,0,63,0,0,0,12,12,6,2,38,0,0,0,1,49,84725,6,1,6,1,3,3,67,230,98,0,0,0,0,0,0,0,0,0,0,0,0,0,1,2,65,1,1,2,1,0,0,1,13,6,1,2,1,1,0
49,490047,1,1,1,28,5,1,35,8,0,1,0,49,3,7,472,7472,30,1992,1B7GG26X2NS6,1,B,7,G,G,2,6,X,2,N,S,6,0,T,DODG,DAK,PK,92,17,,1,1239,1119,DAK,G,,0,0,000000000,00000000000,0,0,0,1,0,0,0,0,0,0,0,40,0,0,0,12,12,4,1,8,0,0,0,1,49,84401,6,1,0,0,3,0,65,145,98,0,0,1,0,4,2008,4,2008,0,0,0,0,0,1,2,40,1,1,2,1,0,0,1,80,1,1,1,13,0,0
49,490048,1,2,1,29,4,7,10,12,2,1,0,49,1,21,3,21003,4,1985,1G3CW6934F43,1,G,3,C,W,6,9,3,4,F,4,3,0,P,OLDS,RBF,4D,85,17,3145,,0,1108,,G,,0,0,000000000,00000000000,0,0,0,1,0,0,0,0,0,0,0,40,0,0,0,12,12,6,2,12,0,0,0,1,49,84036,6,1,0,0,3,0,69,110,98,0,0,2,1,9,2007,1,2009,1,0,0,0,0,1,2,55,2,2,2,3,0,0,14,11,1,1,1,50,1,0
49,490048,2,2,1,29,4,7,10,12,2,1,0,49,3,49,482,49482,31,2000,5TBBT4415YS0,5,T,B,B,T,4,4,1,5,Y,S,0,0,T,TOYT,TRS,4C,0,17,,2,0,1283,TUN,G,,0,0,000000000,00000000000,0,0,0,1,0,0,0,0,0,0,0,30,0,0,0,12,12,6,2,12,0,0,0,1,49,84017,6,1,0,0,3,3,74,262,98,0,0,0,0,0,0,0,0,0,0,0,0,0,1,2,55,2,2,2,3,0,0,14,62,1,1,1,51,0,0
49,490049,1,2,1,5,4,23,17,12,2,1,0,8,2,23,850,23850,73,1988,2GBGG31K4J41,2,G,B,G,G,3,1,K,4,J,4,1,0,T,CHEV,CUT,MY,88,17,,2,1460,1250,CTV,G,,0,0,000000000,00000000000,8,0,0,1,0,0,0,0,0,0,0,30,0,0,0,12,12,6,2,12,0,0,0,1,8,81005,6,1,0,0,3,0,69,170,0,0,0,0,0,0,0,0,0,0,0,0,0,0,5,2,65,4,2,2,3,0,0,14,10,1,1,2,52,1,0
49,490049,2,2,2,5,4,23,17,12,2,1,0,16,3,82,884,82884,66,2006,1FUJF6CV56DW,1,F,U,J,F,6,C,V,5,6,D,W,1,T,FRHT,CLC,DS,6,17,,8,0,0,CON,D,,1,58,00078606,5800078606,3,6,1,1,0,0,0,0,0,0,0,30,0,0,0,12,12,6,2,12,0,0,0,1,16,83316,6,1,6,1,3,3,68,165,0,0,0,0,0,0,0,0,0,0,0,0,0,0,5,2,65,4,2,2,3,0,0,14,54,1,1,1,52,0,0
49,490050,1,2,1,7,4,23,29,12,6,1,0,49,2,55,35,55035,4,2000,KMHJF35F5YU0,K,M,H,J,F,3,5,F,5,Y,U,0,0,P,HYUN,EGS,4D,0,17,2626,,0,1004,,G,,0,0,000000000,00000000000,0,0,0,1,0,0,0,0,0,0,0,20,0,0,0,12,12,6,2,12,0,0,0,1,49,84067,6,1,0,0,3,0,64,130,98,0,0,0,0,0,0,0,0,0,38,0,0,0,5,2,55,1,1,2,1,3,3,11,15,1,1,1,82,0,0
49,490050,2,2,1,7,4,23,29,12,6,1,0,49,1,72,706,72706,80,2005,1HD1BSY185Y0,1,H,D,1,B,S,Y,1,8,5,Y,0,0,M,HD,XTD,RS,5,17,,,,,,,1450,0,0,000000000,00000000000,0,0,0,1,0,0,0,0,0,0,0,55,0,0,0,9,9,6,2,12,0,0,0,1,49,84403,6,1,0,0,3,3,71,180,98,0,0,0,0,0,0,0,0,0,0,0,0,0,5,2,55,1,1,2,1,3,3,1,62,1,1,1,83,1,0
49,490051,1,1,1,21,5,21,17,8,0,1,0,49,2,52,46,52046,4,2009,JA3AU26U89U0,J,A,3,A,U,2,6,U,8,9,U,0,0,P,MITS,LST,4D,9,17,2944,,0,1037,,G,,0,0,000000000,00000000000,0,0,0,1,0,0,0,0,0,0,0,55,0,0,0,12,12,2,1,8,0,0,0,1,49,84074,6,1,0,0,3,3,63,115,98,0,0,5,0,3,2008,12,2009,0,38,0,0,0,2,2,55,1,1,2,2,0,0,1,80,1,1,1,13,0,0
49,490052,1,2,1,12,4,13,51,12,1,1,0,49,2,9,20,9020,4,1995,1P3ES47C2SD5,1,P,3,E,S,4,7,C,2,S,D,5,0,P,PLYM,NEH,4P,95,17,2463,,0,1040,,G,,0,0,000000000,00000000000,0,0,0,1,0,0,0,0,0,0,0,75,0,0,0,12,12,6,2,12,0,0,0,1,49,84302,6,1,0,0,3,0,67,155,98,0,0,0,0,0,0,0,0,1,0,0,0,0,3,2,75,1,1,1,1,0,0,1,19,1,1,1,28,1,0
49,490052,2,2,1,12,4,13,51,12,1,1,0,46,3,87,884,87884,66,2005,1XP5DB9X55N8,1,X,P,5,D,B,9,X,5,5,N,8,1,T,PTRB,379,DS,5,17,,8,0,0,CON,D,,1,58,1965545,581965545,3,6,1,1,0,0,0,0,0,0,0,5,0,0,0,6,6,2,1,12,0,0,0,1,53,99156,6,1,6,3,3,0,999,999,0,0,0,0,0,0,0,0,0,0,0,0,0,0,3,2,75,1,1,1,1,0,0,2,18,1,1,1,29,0,0
49,490053,1,2,1,10,5,6,48,12,2,1,0,49,2,37,31,37031,4,2005,1HGEM22315L0,1,H,G,E,M,2,2,3,1,5,L,0,0,P,HOND,CVP,CP,5,17,2513,,0,1031,,G,,0,0,000000000,00000000000,0,0,0,1,0,0,0,0,0,0,0,998,0,0,0,12,12,6,2,12,0,0,0,1,49,84123,6,7,0,0,3,3,67,150,98,0,0,0,0,0,0,0,0,0,0,0,0,0,5,2,45,1,1,2,2,0,0,1,10,1,1,2,50,1,0
49,490053,2,2,1,10,5,6,48,12,2,1,0,49,1,20,481,20481,31,2006,1GCEK19Z06Z2,1,G,C,E,K,1,9,Z,0,6,Z,2,0,T,CHEV,SK1,4C,6,17,,2,1575,1340,SIL,F,,0,0,000000000,00000000000,0,0,0,1,0,0,0,0,0,0,0,45,0,0,0,12,12,6,2,12,0,0,0,1,49,84084,6,1,0,0,3,3,72,250,98,0,0,0,0,0,0,0,0,0,0,0,0,0,5,2,45,1,1,2,2,0,0,1,62,1,1,1,51,0,0
49,490054,1,1,1,7,6,20,27,5,0,1,0,92,0,37,732,37732,90,2007,999999999999,9,9,9,9,9,9,9,9,9,9,9,9,0,U,,,,9,17,,,,,,,,0,0,000000000,00000000000,0,0,0,1,0,0,0,0,0,0,0,25,0,0,0,0,0,2,1,5,0,0,0,1,49,84040,4,1,0,0,2,0,73,215,98,1,1,0,0,4,2008,5,2008,1,8,0,0,0,1,2,25,1,1,2,1,0,0,3,6,1,1,3,0,1,1
49,490055,1,1,1,7,6,18,22,1,0,1,0,49,3,12,16,12016,4,2006,2FAFP71W26X1,2,F,A,F,P,7,1,W,2,6,X,1,0,P,FORD,CVP,4D,6,17,0,,0,1147,,G,,0,0,000000000,00000000000,0,0,0,1,0,0,0,0,0,5,0,85,0,2,6,0,0,6,2,1,0,0,0,1,49,84026,3,1,0,0,2,3,71,165,98,0,0,0,0,0,0,0,0,1,16,0,0,0,1,2,30,3,1,2,1,0,0,14,10,1,1,4,6,1,0
49,490056,1,1,2,10,6,23,35,25,0,1,0,49,1,41,51,41051,4,2008,JM1BK32F0811,J,M,1,B,K,3,2,F,0,8,1,1,0,P,MAZD,M3I,4D,8,17,2780,,0,1039,,G,,0,0,000000000,00000000000,0,0,0,1,0,0,0,0,0,0,0,90,0,1,1,11,12,6,2,25,0,0,0,1,49,84065,6,1,0,0,3,0,68,125,98,0,0,1,0,3,2009,3,2009,1,0,0,0,0,3,2,55,2,1,1,1,0,0,14,92,7,1,4,8,1,1
49,490057,1,1,1,11,6,14,0,1,0,1,0,49,1,73,734,73734,90,2008,JKAVFED118B5,J,K,A,V,F,E,D,1,1,8,B,5,0,M,KAWK,KFD,AT,8,17,,,,,,,633,0,0,000000000,00000000000,0,0,0,1,0,0,0,0,0,0,0,5,0,2,6,0,0,4,1,1,0,0,0,1,49,84629,6,1,0,0,3,3,73,220,98,0,0,0,0,0,0,0,0,0,0,0,0,0,1,2,98,4,3,5,1,0,0,14,12,1,1,1,6,1,0
49,490058,1,1,1,20,6,13,23,35,0,1,0,49,1,73,733,73733,90,2000,JKAEF8A15YB5,J,K,A,E,F,8,A,1,5,Y,B,5,0,M,KAWK,KEF,AT,0,17,,,,,,,300,0,0,000000000,00000000000,0,0,0,1,0,0,0,0,0,0,0,60,0,2,5,12,12,4,1,1,0,0,0,1,49,84632,3,1,0,0,2,0,72,155,98,0,0,0,0,0,0,0,0,1,36,0,0,0,1,2,98,1,3,5,1,0,0,1,6,1,1,5,14,1,0
49,490059,1,1,5,14,6,13,0,1,0,1,0,49,1,12,422,12422,15,2003,1FMRU15WX3LC,1,F,M,R,U,1,5,W,X,3,L,C,0,P,FORD,EPT,UT,3,17,5416,,0,1191,,G,,0,0,000000000,00000000000,0,0,0,1,0,0,0,0,0,0,0,30,0,1,1,0,0,6,2,1,0,0,0,1,32,84757,6,1,0,0,3,0,999,999,0,0,0,0,0,0,0,0,0,1,0,0,0,0,1,2,98,2,2,5,1,0,0,14,5,1,3,3,2,1,0
49,490060,1,1,1,2,4,21,37,38,0,1,0,49,2,37,32,37032,4,1998,1HGCG6678WA0,1,H,G,C,G,6,6,7,8,W,A,0,0,P,HOND,UEX,4D,98,17,2919,,0,1069,,G,,0,0,000000000,00000000000,0,0,0,1,0,0,0,0,0,0,0,999,0,2,6,12,12,6,2,38,0,0,0,1,49,84118,6,1,0,0,3,0,66,140,98,0,0,0,0,0,0,0,0,1,27,35,36,0,1,2,45,1,2,2,2,0,0,6,6,4,2,4,8,1,1
49,490061,1,2,3,11,5,16,58,12,6,1,0,49,3,20,2,20002,4,2007,2G1WT58K7792,2,G,1,W,T,5,8,K,7,7,9,2,0,P,CHEV,IMT,4D,7,17,3674,,0,1105,,F,,0,0,000000000,00000000000,0,0,0,1,0,0,0,0,0,0,0,10,0,0,0,12,12,6,2,12,0,0,0,1,49,84302,6,2,0,0,3,3,67,172,98,0,0,0,0,0,0,0,0,0,38,0,0,0,1,2,25,1,3,2,2,20,3,4,17,1,1,1,88,0,0