STATE,ST_CASE,VEH_NO,VE_FORMS,NUMOCCS,DAY,MONTH,HOUR,MINUTE,HARM_EV,MAN_COLL,UNITTYPE,HIT_RUN,REG_STAT,OWNER,MAKE,MODEL,MAK_MOD,BODY_TYP,MOD_YEAR,VIN,VIN_1,VIN_2,VIN_3,VIN_4,VIN_5,VIN_6,VIN_7,VIN_8,VIN_9,VIN_10,VIN_11,VIN_12,TOW_VEH,VINTYPE,VINMAKE,VINA_MOD,VIN_BT,VINMODYR,VIN_LNGT,VIN_WGT,WGTCD_TR,WHLBS_LG,WHLBS_SH,SER_TR,FUELCODE,MCYCL_DS,J_KNIFE,MCARR_I1,MCARR_I2,MCARR_ID,GVWR,V_CONFIG,CARGO_BT,HAZ_INV,HAZ_PLAC,HAZ_ID,HAZ_CNO,HAZ_REL,BUS_USE,SPEC_USE,EMER_USE,TRAV_SP,UNDERIDE,ROLLOVER,ROLINLOC,IMPACT1,IMPACT2,DEFORMED,TOWED,M_HARM,VEH_SC1,VEH_SC2,FIRE_EXP,DR_PRES,L_STATE,DR_ZIP,L_STATUS,L_TYPE,CDL_STAT,L_ENDORS,L_COMPL,L_RESTRI,DR_HGT,DR_WGT,PREV_ACC,PREV_SUS,PREV_DWI,PREV_SPD,PREV_OTH,FIRST_MO,FIRST_YR,LAST_MO,LAST_YR,SPEEDREL,DR_SF1,DR_SF2,DR_SF3,DR_SF4,VTRAFWAY,VNUM_LAN,VSPD_LIM,VALIGN,VPROFILE,VPAVETYP,VSURCOND,VTRAFCON,VTCONT_F,P_CRASH1,P_CRASH2,P_CRASH3,PCRASH4,PCRASH5,ACC_TYPE,DEATHS,DR_DRINK
49,490061,2,2,1,11,5,16,58,12,6,1,0,49,1,18,7,18007,4,1994,3G4AH55M6RS6,3,G,4,A,H,5,5,M,6,R,S,6,0,P,BUIC,CCU,4D,94,17,2976,,0,1049,,G,,0,0,000000000,00000000000,0,0,0,1,0,0,0,0,0,0,0,50,0,0,0,9,9,6,2,12,0,0,0,1,49,84301,6,1,0,0,3,3,64,178,98,0,0,0,0,0,0,0,0,0,0,0,0,0,1,2,55,1,3,2,2,0,0,1,17,1,1,1,89,1,0
49,490062,1,2,2,15,4,13,1,12,6,1,0,49,1,12,471,12471,30,2002,1FTZR15E72PA,1,F,T,Z,R,1,5,E,7,2,P,A,0,T,FORD,RNS,PS,2,17,,1,0,1259,RNG,G,,0,0,000000000,00000000000,0,0,0,1,0,0,0,0,0,0,0,55,0,0,0,12,12,6,2,12,0,0,0,1,49,84660,6,1,0,0,3,0,70,200,98,0,0,3,0,1,2008,9,2008,0,39,0,0,0,1,2,98,1,1,2,1,20,1,1,17,1,1,1,86,2,0
49,490062,2,2,2,15,4,13,1,12,6,1,0,47,3,85,881,85881,66,2007,1XKWDB9X57J1,1,X,K,W,D,B,9,X,5,7,J,1,1,T,KW,W90,DS,7,17,,8,2850,1600,CON,D,,3,57,01631930,5701631930,3,6,1,2,2,8888,1,1,0,0,0,60,0,0,0,2,2,4,3,12,0,0,0,1,47,37763,6,1,6,1,3,3,71,150,0,0,0,0,0,0,0,0,0,0,0,0,0,0,1,2,65,1,1,2,1,0,0,1,17,1,1,1,87,0,0
49,490063,1,1,2,17,4,21,33,14,0,1,0,99,2,76,709,76709,80,1980,3J20155531,3,J,2,0,1,5,5,5,3,1,,,0,P,,,,,,,,,,,,,0,0,000000000,00000000000,0,0,0,1,0,0,0,0,0,0,0,998,0,0,0,98,98,6,8,14,0,0,0,1,36,84790,6,1,0,0,3,0,66,999,0,0,0,0,0,0,0,0,0,1,28,36,0,0,1,2,25,3,1,2,1,0,0,14,6,99,2,1,11,1,1
49,490064,1,2,1,30,4,7,0,12,6,1,0,49,2,49,50,49050,3,2006,JTKDE1673601,J,T,K,D,E,1,6,7,3,6,0,1,0,P,TOYT,SXC,LB,6,17,2905,,0,1063,,G,,0,0,000000000,00000000000,0,0,0,1,0,0,0,0,0,0,0,65,0,0,0,3,3,6,2,12,0,0,0,1,49,84642,6,1,0,0,3,0,63,145,98,0,0,1,1,8,2008,3,2010,1,28,87,0,0,1,3,55,3,2,2,10,0,0,6,6,1,4,2,64,1,0
49,490064,2,2,1,30,4,7,0,12,6,1,0,49,3,20,481,20481,31,2009,1GCEK14X19Z2,1,G,C,E,K,1,4,X,1,9,Z,2,0,T,CHEV,SK1,PK,9,17,,2,1330,1190,SIL,G,,0,0,000000000,00000000000,0,0,0,1,0,0,0,0,0,0,0,55,0,0,0,12,12,6,2,12,0,0,0,1,49,84606,6,1,0,0,3,0,67,210,98,0,0,0,0,0,0,0,0,0,0,0,0,0,1,3,55,2,2,2,10,0,0,14,62,1,1,1,65,0,0
49,490065,1,3,1,12,5,15,53,12,2,1,0,49,1,23,481,23481,31,2001,2GTEC19T1113,2,G,T,E,C,1,9,T,1,1,1,3,0,T,GMC,NC1,4C,1,17,,2,1575,1435,SIE,G,,0,0,000000000,00000000000,0,0,0,1,0,0,0,0,0,0,0,55,0,0,0,12,12,6,2,12,0,0,0,1,49,84737,6,1,0,0,3,0,67,111,98,0,0,2,1,12,2007,3,2010,1,28,51,58,87,1,3,55,2,2,2,2,0,0,14,6,6,4,2,50,0,0
49,490065,2,3,2,12,5,15,53,12,2,1,0,6,2,7,27,7027,6,2010,3D4PG5FV1AT1,3,D,4,P,G,5,F,V,1,A,T,1,0,P,DODG,JOU,UT,10,17,4229,,0,1138,,G,,0,0,000000000,00000000000,0,0,0,1,0,0,0,0,0,0,0,55,0,0,0,12,12,6,2,12,0,0,0,1,97,0,9,1,0,0,9,0,999,999,99,99,99,99,99,99,9999,99,9999,0,0,0,0,0,1,3,55,3,2,2,2,0,0,14,62,1,1,1,51,1,0
49,490065,3,3,2,12,5,15,53,12,2,1,0,49,1,2,404,2404,14,1999,1J4FF68SXXL5,1,J,4,F,F,6,8,S,X,X,L,5,0,T,JEEP,SPC,4W,99,17,,1,0,1014,CHK,G,,0,0,000000000,00000000000,0,0,0,1,0,0,0,0,0,0,0,55,0,0,0,12,12,2,3,12,0,0,0,1,49,84737,6,1,0,0,3,3,70,230,98,0,0,0,0,0,0,0,0,0,0,0,0,0,1,3,55,3,2,2,2,0,0,14,62,1,1,1,98,0,0
49,490066,1,2,1,30,5,11,5,12,6,1,0,49,1,53,706,53706,80,1979,GS1000706575,G,S,1,0,0,0,7,0,6,5,7,5,0,P,,,,,,,,,,,,,0,0,000000000,00000000000,0,0,0,1,0,0,0,0,0,0,0,998,0,0,0,9,9,6,2,12,0,0,0,1,49,84104,4,1,0,0,2,3,72,150,98,0,0,0,0,0,0,0,0,0,39,0,0,0,1,4,98,1,1,2,1,3,3,1,17,1,1,1,89,1,0
49,490066,2,2,2,30,5,11,5,12,6,1,0,49,2,20,16,20016,4,1997,1G1JF5242V73,1,G,1,J,F,5,2,4,2,V,7,3,0,P,CHEV,CAS,4D,97,17,2729,,0,1041,,G,,0,0,000000000,00000000000,0,0,0,1,0,0,0,0,0,0,0,998,0,0,0,12,12,4,1,12,0,0,0,1,49,84054,6,1,0,0,3,0,66,160,98,0,0,0,0,0,0,0,0,0,0,0,0,0,1,4,98,1,1,2,1,3,3,1,17,1,1,1,88,0,0
49,490067,1,1,3,26,6,23,16,33,0,1,1,49,2,20,2,20002,2,1976,1N47L6J33474,1,N,4,7,L,6,J,3,3,4,7,4,0,P,,,,,,,,,,,,,0,0,000000000,00000000000,0,0,0,1,0,0,0,0,0,0,0,50,0,0,0,12,12,6,2,42,0,0,0,1,49,84047,6,1,0,0,3,0,68,180,98,0,0,1,0,12,2008,12,2008,1,28,0,0,0,1,2,30,3,1,2,1,0,0,14,6,1,2,4,2,1,1
49,490068,1,2,1,8,5,17,53,12,6,1,0,16,1,20,481,20481,31,2006,2GCEK13T3611,2,G,C,E,K,1,3,T,3,6,1,1,0,T,CHEV,SK1,CW,6,17,,2,0,1435,SIL,G,,0,0,000000000,00000000000,0,0,0,1,0,0,0,0,0,0,0,50,0,0,0,9,9,6,2,12,0,0,0,1,16,83252,6,1,0,0,3,0,999,999,0,0,0,0,0,0,0,0,0,0,39,0,0,0,1,2,45,1,2,2,1,20,3,1,17,1,1,1,89,1,0
49,490068,2,2,2,8,5,17,53,12,6,1,0,16,2,14,17,14017,4,1990,1MECM50U9LG6,1,M,E,C,M,5,0,U,9,L,G,6,0,P,MERC,SGS,4D,90,17,3131,,0,1060,,G,,0,0,000000000,00000000000,0,0,0,1,0,0,0,0,0,0,0,60,0,0,0,12,12,6,2,12,0,0,0,1,16,83252,6,1,0,0,3,3,999,999,0,0,0,0,0,0,0,0,0,0,0,0,0,0,1,2,60,1,2,2,1,0,0,1,17,1,1,1,88,0,0
49,490069,1,2,2,21,5,18,18,12,2,1,0,18,3,82,884,82884,66,2003,1FUJBBCG33PJ,1,F,U,J,B,B,C,G,3,3,P,J,2,T,FRHT,ST2,DS,3,17,,8,0,0,CON,D,,1,58,265752,58265752,3,7,1,1,0,0,0,0,0,0,0,55,0,0,0,12,12,6,2,12,0,0,0,1,6,91764,6,1,6,1,3,0,70,195,0,0,0,0,0,0,0,0,0,0,0,0,0,0,2,3,65,3,2,2,2,0,0,2,54,8,1,2,50,0,0
49,490069,2,2,1,21,5,18,18,12,2,1,0,49,4,12,23,12023,4,2010,3FAHP0KC5AR2,3,F,A,H,P,0,K,C,5,A,R,2,0,P,FORD,FPF,4D,10,17,3591,,0,1074,,G,,0,0,000000000,00000000000,0,0,0,1,0,0,0,0,0,0,0,65,0,0,0,12,12,6,2,12,0,0,0,1,49,84093,6,1,0,0,3,0,72,210,98,0,0,0,0,0,0,0,0,0,0,0,0,0,2,3,65,2,2,2,2,0,0,14,62,1,1,1,51,1,0
49,490070,1,1,2,30,6,3,0,1,0,1,0,49,1,20,481,20481,31,1986,1GCEK14H5GS1,1,G,C,E,K,1,4,H,5,G,S,1,0,T,CHEV,K10,PK,86,17,,2,1315,1175,K10,G,,0,0,000000000,00000000000,0,0,0,1,0,0,0,0,0,0,0,45,0,1,6,0,0,6,2,1,0,0,0,1,49,84532,9,9,0,0,9,9,999,999,99,99,99,99,99,99,9999,99,9999,0,99,99,99,99,1,2,45,1,2,2,1,0,0,1,11,1,1,4,1,2,1
49,490071,1,2,1,6,6,2,0,12,6,1,0,49,1,37,705,37705,80,2005,JH2PC35165M6,J,H,2,P,C,3,5,1,6,5,M,6,0,M,HOND,CF4,RS,5,17,,,,,,,599,0,0,000000000,00000000000,0,0,0,1,0,0,0,0,0,0,0,80,0,0,0,12,12,6,2,12,0,0,0,1,49,84106,3,1,0,0,2,0,70,140,98,0,0,0,0,0,0,0,0,1,0,0,0,0,5,2,35,1,1,2,1,0,0,1,17,1,1,1,69,1,1
49,490071,2,2,2,6,6,2,0,12,6,1,0,49,3,49,40,49040,4,2001,4T1BG22K91U7,4,T,1,B,G,2,2,K,9,1,U,7,0,P,TOYT,CXL,4D,1,17,2998,,0,1051,,G,,0,0,000000000,00000000000,0,0,0,1,0,0,0,0,0,0,0,999,0,0,0,9,9,6,2,12,0,0,0,1,49,84109,6,1,0,0,3,3,63,102,98,0,0,0,0,0,0,0,0,0,38,0,0,0,5,2,35,1,1,2,1,0,0,11,15,1,1,1,68,0,0
49,490072,1,1,7,24,6,11,57,1,0,1,0,49,2,2,404,2404,14,1998,1J4GZ78Y7WC1,1,J,4,G,Z,7,8,Y,7,W,C,1,0,T,JEEP,LMT,4W,98,17,,1,0,1059,GCK,G,,0,0,000000000,00000000000,0,0,0,1,0,0,0,0,0,0,0,65,0,2,5,0,0,6,2,1,0,0,0,1,49,84520,6,1,0,0,3,0,65,200,98,0,0,0,0,0,0,0,0,1,84,0,0,0,5,2,65,2,2,2,1,0,0,14,50,7,2,4,3,2,0
49,490073,1,2,2,21,6,13,58,12,2,1,0,49,3,63,38,63038,4,2010,KNAFU4A24A58,K,N,A,F,U,4,A,2,4,A,5,8,0,P,KIA,FEX,4D,10,17,2707,,0,1043,,G,,0,0,000000000,00000000000,0,0,0,1,0,0,0,0,0,0,0,35,0,0,0,12,12,6,2,12,0,0,0,1,36,11518,6,1,0,0,3,0,999,999,0,0,0,0,0,0,0,0,0,0,28,0,0,0,5,2,40,1,1,2,1,0,0,1,10,1,1,2,50,1,0
49,490073,2,2,3,21,6,13,58,12,2,1,0,49,1,12,461,12461,21,2007,1FTNS24LX7DA,1,F,T,N,S,2,4,L,X,7,D,A,0,T,FORD,25V,EC,7,17,,2,0,1380,VAN,G,,0,0,000000000,00000000000,0,0,0,1,0,0,0,0,0,0,0,30,0,1,1,12,12,6,2,12,0,0,0,1,49,84047,6,1,0,0,3,0,999,999,98,0,0,0,0,0,0,0,0,0,0,0,0,0,5,2,40,1,1,2,1,0,0,1,62,1,1,1,51,0,0
49,490074,1,1,1,1,7,7,15,8,0,1,0,49,1,7,472,7472,30,1998,1B7FL26X2WS7,1,B,7,F,L,2,6,X,2,W,S,7,0,T,DODG,DAK,PK,98,17,,1,1239,1119,DAK,G,,0,0,000000000,00000000000,0,0,0,1,0,0,0,0,0,0,0,999,0,0,0,12,12,2,1,8,0,0,0,1,49,84109,6,1,0,0,3,0,71,145,98,0,0,0,0,0,0,0,0,0,38,0,0,0,3,4,50,1,1,2,1,0,0,10,82,1,1,1,13,0,0
49,490075,1,2,1,24,6,10,57,12,2,1,0,49,1,19,21,19021,4,2006,1G6DC67A4601,1,G,6,D,C,6,7,A,4,6,0,1,0,P,CADI,CST,4D,6,17,4026,,0,1164,,G,,0,0,000000000,00000000000,0,0,0,1,0,0,0,0,0,0,0,60,0,1,1,12,12,6,2,12,0,0,0,1,49,84109,6,1,0,0,3,0,70,225,98,0,0,0,0,0,0,0,0,1,28,0,0,0,2,8,45,1,1,2,1,0,0,1,10,1,1,2,50,1,0
49,490075,2,2,1,24,6,10,57,12,2,1,0,49,1,48,38,48038,6,2007,JF1GG616X7H8,J,F,1,G,G,6,1,6,X,7,H,8,0,P,SUBA,I25,SW,7,17,3071,,0,994,,G,,0,0,000000000,00000000000,0,0,0,1,0,0,0,0,0,0,0,45,0,0,0,12,12,6,2,12,0,0,0,1,49,84020,6,1,0,0,3,0,63,200,98,0,0,0,0,0,0,0,0,0,12,0,0,0,2,8,45,1,1,2,1,0,0,1,62,1,1,1,51,0,0
49,490076,1,2,5,26,6,7,39,12,2,1,0,49,2,37,32,37032,4,1992,JHMCB7648NC0,J,H,M,C,B,7,6,4,8,N,C,0,0,P,HOND,ADL,4D,92,17,2769,,0,1071,,G,,0,0,000000000,00000000000,0,0,0,1,0,0,0,0,0,0,0,70,0,0,0,12,12,6,2,12,0,0,0,1,49,84403,6,1,0,0,3,0,69,150,98,2,0,0,2,1,2008,5,2010,1,33,0,0,0,1,2,55,3,1,2,1,0,0,6,10,1,1,1,50,5,1
49,490076,2,2,3,26,6,7,39,12,2,1,0,49,2,12,481,12481,31,1999,1FTSW31F5XEE,1,F,T,S,W,3,1,F,5,X,E,E,0,T,FORD,F3S,CW,99,17,,2,1724,1562,SRW,D,,0,0,000000000,00000000000,0,0,0,1,0,0,0,0,0,0,0,45,0,0,0,12,12,6,2,12,0,0,0,1,49,84404,6,1,0,0,3,0,70,135,98,0,0,2,2,6,2008,7,2009,0,0,0,0,0,1,2,55,2,1,2,1,0,0,14,62,1,1,1,51,0,0
49,490077,1,2,1,28,6,11,29,59,0,1,0,49,1,59,35,59035,4,2003,JTHBD1929300,J,T,H,B,D,1,9,2,9,3,0,0,0,P,LEXS,IS3,4D,3,17,3255,,0,1051,,G,,0,0,000000000,00000000000,0,0,0,1,0,0,0,0,0,0,0,102,0,0,0,6,6,6,2,59,0,0,0,1,49,84075,6,1,0,0,3,0,69,150,98,1,0,6,0,4,2008,4,2010,1,28,0,0,0,2,5,65,3,2,2,1,0,0,14,6,6,4,4,7,1,0
49,490077,2,2,4,28,6,11,29,59,0,1,0,49,2,20,481,20481,31,1999,1GCEK19V1XE1,1,G,C,E,K,1,9,V,1,X,E,1,0,T,CHEV,SK1,3C,99,17,,2,1575,1435,SIL,G,,0,0,000000000,00000000000,0,0,0,1,0,0,0,0,0,0,0,70,0,0,0,10,10,2,1,54,0,0,0,1,49,84040,6,1,0,0,3,3,66,140,98,0,0,3,1,2,2008,2,2010,0,0,0,0,0,2,5,65,2,2,2,1,0,0,14,98,1,1,1,98,0,0
49,490078,1,2,1,14,7,6,45,12,6,1,0,49,3,23,481,23481,31,2007,2GTEK6386717,2,G,T,E,K,6,3,8,6,7,1,7,0,T,GMC,LND,CW,7,17,,2,0,1435,SIE,G,,0,0,000000000,00000000000,0,0,0,1,0,0,0,0,0,0,0,40,0,0,0,11,11,6,2,9,0,0,0,1,49,84020,6,1,0,0,3,3,69,160,98,0,0,1,0,10,2009,10,2009,0,28,0,0,0,1,2,40,2,1,2,1,0,0,14,10,1,1,2,64,0,0
49,490078,2,2,2,14,7,6,45,12,6,1,0,49,1,49,402,49402,14,2006,JTMBD35V3650,J,T,M,B,D,3,5,V,3,6,5,0,0,P,TOYT,RG4,UT,6,17,3444,,0,1050,,G,,0,0,000000000,00000000000,0,0,0,1,0,0,0,0,0,0,0,30,0,0,0,9,9,6,2,12,0,0,0,1,49,84020,6,1,0,0,3,0,65,130,98,0,0,0,0,0,0,0,0,0,0,0,0,0,1,2,40,3,1,2,1,0,0,14,62,1,1,1,65,0,0
49,490079,1,2,2,18,7,17,7,12,6,1,0,49,1,51,881,51881,66,1998,4VG7DAJH5WN7,4,V,G,7,D,A,J,H,5,W,N,7,2,T,VOLV,VVN,DS,98,17,,8,0,0,VVN,D,,3,57,2007,572007,3,7,3,1,0,0,0,0,0,0,0,60,0,0,0,7,7,2,1,12,0,0,0,1,49,84095,6,1,0,2,2,0,76,195,98,0,0,0,0,0,0,0,0,0,28,84,0,0,2,2,65,1,1,2,1,28,3,1,60,6,7,2,66,0,0
49,490079,2,2,2,18,7,17,7,12,6,1,0,42,2,63,36,63036,6,2009,KNAFG5287972,K,N,A,F,G,5,2,8,7,9,7,2,0,P,KIA,ROL,SW,9,17,3333,,0,1063,,G,,0,0,000000000,00000000000,0,0,0,1,0,0,0,0,0,0,0,998,0,0,0,12,12,6,2,12,0,0,0,1,42,15332,6,1,0,0,3,3,65,999,0,0,0,0,0,0,0,0,0,0,0,0,0,0,2,2,65,1,1,2,1,0,0,1,62,1,1,1,66,2,0
49,490080,1,1,1,13,4,6,13,8,0,1,0,49,1,23,401,23401,14,2000,1GKDT13W9Y23,1,G,K,D,T,1,3,W,9,Y,2,3,0,T,GMC,J/E,4W,0,17,,1,0,1070,J/E,G,,0,0,000000000,00000000000,0,0,0,1,0,0,0,0,0,0,0,999,0,0,0,12,12,2,1,8,0,0,0,1,49,84106,6,1,0,0,3,3,64,999,98,0,0,0,0,0,0,0,0,0,0,0,0,0,1,2,35,1,1,2,2,0,0,1,19,1,1,1,13,0,0
49,490081,1,1,3,3,7,5,45,24,0,1,0,49,2,22,16,22016,4,2000,1G2JB5244Y72,1,G,2,J,B,5,2,4,4,Y,7,2,0,P,PONT,SFS,4D,0,17,2644,,0,1041,,G,,0,0,000000000,00000000000,0,0,0,1,0,0,0,0,0,0,0,75,0,0,0,11,11,6,2,24,0,0,0,1,4,86301,6,1,0,0,3,0,66,175,0,0,0,0,0,0,0,0,0,1,28,0,0,0,2,2,75,1,2,2,1,0,0,1,10,1,1,4,6,2,0
49,490082,1,1,1,11,7,8,20,1,0,1,0,49,2,49,50,49050,3,2006,JTKDE1675600,J,T,K,D,E,1,6,7,5,6,0,0,0,P,TOYT,SXC,LB,6,17,2905,,0,1063,,G,,0,0,000000000,00000000000,0,0,0,1,0,0,0,0,0,0,0,65,0,2,3,0,0,6,2,1,0,0,0,1,49,84064,6,1,0,0,3,3,71,130,98,0,0,1,0,9,2009,9,2009,0,28,58,0,0,2,2,65,1,2,2,1,0,0,1,12,6,1,4,6,1,1
49,490083,1,1,2,10,7,16,27,1,0,1,0,6,1,49,40,49040,4,2005,4T1BF32K45U6,4,T,1,B,F,3,2,K,4,5,U,6,0,P,TOYT,XLL,4D,5,17,3108,,0,1071,,G,,0,0,000000000,00000000000,0,0,0,1,0,0,0,0,0,0,0,75,0,2,3,0,0,6,2,1,0,0,0,1,6,92880,6,1,0,0,3,0,66,135,0,0,0,0,0,0,0,0,0,0,58,83,0,0,2,2,75,1,3,2,1,0,0,1,87,6,1,4,8,1,0
49,490084,1,1,1,10,7,17,40,18,0,1,0,49,1,99,739,99739,90,2000,4UF00ATA0YT3,4,U,F,0,0,A,T,A,0,Y,T,3,0,U,,,,0,17,,,,,,,,0,0,000000000,00000000000,0,0,0,1,0,0,0,0,0,0,0,999,0,1,1,12,13,6,2,1,0,0,0,1,49,84653,3,1,0,0,2,0,70,155,98,0,0,0,0,0,0,0,0,0,0,0,0,0,1,2,0,1,5,5,1,0,0,1,18,1,1,1,12,1,0
49,490085,1,1,1,5,7,9,41,25,0,1,0,49,1,49,40,49040,4,1994,JT2GK13E5R00,J,T,2,G,K,1,3,E,5,R,0,0,0,P,TOYT,XLE,4D,94,17,3131,,0,1031,,G,,0,0,000000000,00000000000,0,0,0,1,0,0,0,0,0,0,0,35,0,0,0,12,12,6,2,25,0,0,0,1,49,84095,6,1,0,0,3,3,67,200,98,0,0,0,0,0,0,0,0,0,28,39,0,0,3,2,30,1,1,1,1,40,8,1,13,1,1,4,4,1,0
49,490086,1,1,3,15,7,21,51,17,0,1,0,49,1,18,18,18018,4,1994,1G4NV55M8RC2,1,G,4,N,V,5,5,M,8,R,C,2,0,P,BUIC,SKC,4D,94,17,2791,,0,1034,,G,,0,0,000000000,00000000000,0,0,0,1,0,0,0,0,0,0,0,999,0,1,6,12,13,6,2,1,0,0,0,1,49,84128,6,1,0,0,3,0,64,140,98,0,0,0,0,0,0,0,0,1,0,0,0,0,1,2,45,4,2,2,1,3,3,3,3,7,7,4,2,1,0
49,490087,1,1,1,24,7,15,23,42,0,1,0,49,1,37,739,37739,90,2007,1HFTE317X742,1,H,F,T,E,3,1,7,X,7,4,2,0,M,HOND,T5F,AT,7,17,,,,,,,475,0,0,000000000,00000000000,0,0,0,1,0,0,0,0,0,0,0,35,0,0,0,9,9,4,1,42,0,0,0,1,49,84070,6,1,0,0,3,0,79,270,98,0,0,1,0,3,2008,3,2008,1,0,0,0,0,1,2,20,4,3,4,1,0,0,14,13,1,1,4,1,1,1
49,490088,1,1,1,15,7,19,30,35,0,1,0,49,1,37,703,37703,80,2001,JH2ME03321M3,J,H,2,M,E,0,3,3,2,1,M,3,0,M,HOND,CR2,MX,1,17,,,,,,,249,0,0,000000000,00000000000,0,0,0,1,0,0,0,0,0,0,0,50,0,0,0,12,12,6,2,35,0,0,0,1,49,84062,6,1,0,0,3,0,66,160,98,0,0,1,0,10,2009,10,2009,1,0,0,0,0,1,2,10,2,1,5,1,0,0,14,12,1,1,4,6,1,1
49,490089,1,1,1,17,7,9,46,42,0,1,0,49,1,23,481,23481,31,1998,1GTEK19R7WR5,1,G,T,E,K,1,9,R,7,W,R,5,0,T,GMC,SK1,PC,98,17,,2,1555,1415,SIE,G,,0,0,000000000,00000000000,0,0,0,1,0,0,0,0,0,0,0,75,0,1,6,12,12,6,2,42,0,0,0,1,49,84701,6,1,0,0,3,0,71,182,98,0,0,0,0,0,0,0,0,0,28,0,0,0,2,2,75,1,2,2,1,0,0,1,12,1,1,4,6,1,0
49,490090,1,1,3,20,7,17,1,1,0,1,0,48,1,23,431,23431,16,1998,3GKEC16R2WG5,3,G,K,E,C,1,6,R,2,W,G,5,0,T,GMC,SUB,4W,98,17,,2,0,1315,C15,G,,0,0,000000000,00000000000,0,0,0,1,0,0,0,0,0,0,0,70,0,2,6,0,0,6,2,1,0,0,0,1,48,77484,6,1,0,0,3,3,999,999,0,0,0,0,0,0,0,0,0,0,58,0,0,0,3,2,75,1,1,2,1,0,0,1,10,7,1,4,1,1,0
49,490091,1,5,3,7,8,12,19,12,1,1,0,49,1,20,403,20403,14,2003,1GNET16S2361,1,G,N,E,T,1,6,S,2,3,6,1,0,P,CHEV,TRL,UT,3,17,5020,,0,1290,,G,,0,0,000000000,00000000000,0,0,0,1,0,0,0,0,0,0,0,60,0,0,0,12,12,4,3,12,0,0,0,1,49,84123,6,1,6,0,3,0,75,185,98,0,0,0,0,0,0,0,0,0,26,28,0,0,1,2,55,1,1,2,1,0,0,1,50,8,1,1,20,0,0
49,490091,2,5,2,7,8,12,19,12,1,1,0,49,1,7,442,7442,20,2005,2D4GP24R15R2,2,D,4,G,P,2,4,R,1,5,R,2,0,P,DODG,CAR,SV,5,17,3867,,0,1193,,G,,0,0,000000000,00000000000,0,0,0,1,0,0,0,0,0,0,0,0,0,0,0,6,6,2,1,12,0,0,0,1,32,84043,6,1,0,0,3,0,67,165,0,0,0,2,0,2,2009,10,2009,0,0,0,0,0,1,2,55,1,1,2,1,0,0,5,53,1,1,1,21,0,0
49,490091,3,5,2,7,8,12,19,12,1,1,0,41,1,7,499,7499,31,2006,3D7KS28C96G2,3,D,7,K,S,2,8,C,9,6,G,2,0,T,DODG,S2L,CW,6,17,,2,1605,1405,RPC,D,,0,0,000000000,00000000000,0,0,0,1,0,0,0,0,0,0,0,0,0,0,0,6,6,2,1,12,0,0,0,1,16,84107,6,1,6,0,3,0,74,200,0,0,0,0,0,0,0,0,0,0,0,0,0,0,1,2,55,1,1,2,1,0,0,5,53,1,1,1,98,0,0
49,490091,4,5,2,7,8,12,19,12,1,1,0,49,1,72,706,72706,80,1993,1HD1ELL14PY1,1,H,D,1,E,L,L,1,4,P,Y,1,0,M,HD,FLR,RS,93,17,,,,,,,1340,0,0,000000000,00000000000,0,0,0,1,0,0,0,0,0,0,0,45,0,0,0,12,3,4,3,12,0,0,0,1,49,84404,6,1,0,0,3,0,72,192,98,0,0,0,0,0,0,0,0,0,0,0,0,0,1,2,55,1,1,2,1,0,0,1,62,1,1,1,98,0,0
49,490091,5,5,2,7,8,12,19,12,1,1,0,49,1,76,706,76706,80,2001,JYAVP07E11A0,J,Y,A,V,P,0,7,E,1,1,A,0,0,M,YAMA,XTL,RS,1,17,,,,,,,1602,0,0,000000000,00000000000,0,0,0,1,0,0,0,0,0,0,0,45,0,0,0,0,3,4,3,12,0,0,0,1,49,84404,6,1,0,0,3,0,69,175,98,0,0,0,0,0,0,0,0,0,0,0,0,0,1,2,55,1,1,2,1,0,0,1,62,98,1,1,98,1,0
49,490092,1,1,15,9,8,18,40,1,0,1,0,49,3,12,461,12461,21,2006,1FDWE35S96HA,1,F,D,W,E,3,5,S,9,6,H,A,0,T,FORD,3DC,YY,6,17,,3,1760,1380,CTV,G,,0,57,01576016,5701576016,2,20,22,1,0,0,0,0,5,3,0,80,0,9,3,0,13,6,2,1,0,0,0,1,32,89117,6,1,0,0,3,3,69,145,0,0,0,1,0,6,2010,6,2010,1,28,58,0,0,2,4,75,1,2,2,1,0,0,1,12,7,1,4,6,3,0
49,490093,1,1,1,9,8,19,57,10,0,1,0,49,1,20,481,20481,31,1995,1GCFK29K5SE1,1,G,C,F,K,2,9,K,5,S,E,1,0,T,CHEV,GK2,PC,95,17,,2,1555,1415,GM4,G,,0,0,000000000,00000000000,0,0,0,1,0,0,0,0,0,0,0,0,0,0,0,3,3,6,2,10,0,0,0,1,49,84401,6,1,0,0,3,0,76,300,98,0,0,0,0,0,0,0,0,0,40,0,0,0,1,2,30,1,1,2,1,65,3,98,98,1,1,1,98,1,1
49,490094,1,3,1,11,8,14,53,12,6,1,0,49,1,12,17,12017,4,2005,1FAFP532X5A2,1,F,A,F,P,5,3,2,X,5,A,2,0,P,FORD,TSE,4D,5,17,3306,,0,1085,,F,,0,0,000000000,00000000000,0,0,0,1,0,0,0,0,0,0,0,15,0,0,0,3,3,6,2,12,0,0,0,1,49,84044,6,1,0,0,3,3,60,120,98,0,0,0,0,0,0,0,0,0,39,0,0,0,1,8,60,1,1,2,1,3,3,11,15,1,1,2,68,1,0