STATE,ST_CASE,VEH_NO,VE_FORMS,NUMOCCS,DAY,MONTH,HOUR,MINUTE,HARM_EV,MAN_COLL,UNITTYPE,HIT_RUN,REG_STAT,OWNER,MAKE,MODEL,MAK_MOD,BODY_TYP,MOD_YEAR,VIN,VIN_1,VIN_2,VIN_3,VIN_4,VIN_5,VIN_6,VIN_7,VIN_8,VIN_9,VIN_10,VIN_11,VIN_12,TOW_VEH,VINTYPE,VINMAKE,VINA_MOD,VIN_BT,VINMODYR,VIN_LNGT,VIN_WGT,WGTCD_TR,WHLBS_LG,WHLBS_SH,SER_TR,FUELCODE,MCYCL_DS,J_KNIFE,MCARR_I1,MCARR_I2,MCARR_ID,GVWR,V_CONFIG,CARGO_BT,HAZ_INV,HAZ_PLAC,HAZ_ID,HAZ_CNO,HAZ_REL,BUS_USE,SPEC_USE,EMER_USE,TRAV_SP,UNDERIDE,ROLLOVER,ROLINLOC,IMPACT1,IMPACT2,DEFORMED,TOWED,M_HARM,VEH_SC1,VEH_SC2,FIRE_EXP,DR_PRES,L_STATE,DR_ZIP,L_STATUS,L_TYPE,CDL_STAT,L_ENDORS,L_COMPL,L_RESTRI,DR_HGT,DR_WGT,PREV_ACC,PREV_SUS,PREV_DWI,PREV_SPD,PREV_OTH,FIRST_MO,FIRST_YR,LAST_MO,LAST_YR,SPEEDREL,DR_SF1,DR_SF2,DR_SF3,DR_SF4,VTRAFWAY,VNUM_LAN,VSPD_LIM,VALIGN,VPROFILE,VPAVETYP,VSURCOND,VTRAFCON,VTCONT_F,P_CRASH1,P_CRASH2,P_CRASH3,PCRASH4,PCRASH5,ACC_TYPE,DEATHS,DR_DRINK
49,490094,2,3,1,11,8,14,53,12,6,1,0,49,1,12,401,12401,14,1996,1FMDU35P6TZB,1,F,M,D,U,3,5,P,6,T,Z,B,0,P,FORD,EPR,UT,96,17,0,,0,1115,,G,,0,0,000000000,00000000000,0,0,0,1,0,0,0,0,0,0,0,60,0,0,0,12,12,6,2,12,0,0,0,1,49,84071,6,1,0,0,3,0,67,170,98,0,0,1,0,5,2009,5,2009,0,0,0,0,0,1,8,60,1,1,2,1,3,3,1,17,1,1,1,69,0,0
49,490094,3,3,1,11,8,14,53,12,6,1,0,49,1,49,32,49032,4,2007,JTDBR32E4701,J,T,D,B,R,3,2,E,4,7,0,1,0,P,TOYT,EEL,4D,7,17,2530,,0,1024,,G,,0,0,000000000,00000000000,0,0,0,1,0,0,0,0,0,0,0,5,0,0,0,12,12,2,1,12,0,0,0,1,49,84120,6,1,0,0,3,0,76,200,98,0,0,1,0,9,2007,9,2007,0,0,0,0,0,1,8,60,1,1,2,1,3,3,10,16,1,1,1,98,0,0
49,490095,1,4,1,31,8,6,13,12,7,1,0,49,1,49,40,49040,4,2001,4T1BG22K71U7,4,T,1,B,G,2,2,K,7,1,U,7,0,P,TOYT,CXL,4D,1,17,2998,,0,1051,,G,,0,0,000000000,00000000000,0,0,0,1,0,0,0,0,0,0,0,50,0,0,0,8,9,4,3,12,0,0,0,1,49,84057,6,1,0,0,3,0,63,185,98,0,0,0,0,0,0,0,0,0,27,0,0,0,3,4,55,1,2,2,1,98,3,15,10,1,1,2,47,0,0
49,490095,2,4,1,31,8,6,13,12,7,1,0,49,3,85,881,85881,66,2009,1XKWD49XX9R2,1,X,K,W,D,4,9,X,X,9,R,2,2,T,KW,W90,DS,9,17,,8,2850,1600,CON,D,,3,57,00427232,5700427232,3,7,2,1,0,0,0,0,0,0,0,60,0,0,0,1,1,2,1,12,0,0,0,1,49,84651,6,1,6,1,3,0,70,183,98,0,0,0,0,0,0,0,0,0,84,0,0,0,3,4,55,1,2,2,1,98,3,1,61,1,1,1,45,0,0
49,490095,3,4,1,31,8,6,13,12,7,1,0,49,4,7,482,7482,31,2010,3D7UT2CL6AG1,3,D,7,U,T,2,C,L,6,A,G,1,0,T,DODG,250,CW,10,17,,2,1690,1490,RPC,D,,0,0,000000000,00000000000,0,0,0,1,0,0,0,0,0,0,0,55,0,0,0,1,1,2,1,12,0,0,0,1,49,84601,6,1,0,0,3,0,72,205,98,0,0,0,0,0,0,0,0,0,0,0,0,0,3,4,55,1,2,2,1,98,3,1,61,1,1,1,98,0,0
49,490095,4,4,1,31,8,6,13,12,7,1,0,49,1,20,461,20461,21,1983,1GCCG15H4D71,1,G,C,C,G,1,5,H,4,D,7,1,0,T,CHEV,G10,VN,83,17,,1,1250,1100,VAN,G,,0,0,000000000,00000000000,0,0,0,1,0,0,0,0,0,0,0,55,0,1,1,3,13,6,2,58,0,0,0,1,49,84663,6,1,0,0,3,0,73,220,98,0,0,0,0,0,0,0,0,0,0,0,0,0,3,4,55,1,2,2,1,98,3,1,61,1,1,1,98,1,0
49,490096,1,1,1,13,7,16,24,9,0,1,0,49,2,6,52,6052,6,2001,3C4FY4BB11T2,3,C,4,F,Y,4,B,B,1,1,T,2,0,P,CHRY,PTC,SV,1,17,3109,,0,1030,,G,,0,0,000000000,00000000000,0,0,0,1,0,0,0,0,0,0,0,998,0,0,0,12,12,2,1,9,0,0,0,1,49,84121,6,1,0,0,2,3,66,140,98,0,0,0,0,0,0,0,0,0,0,0,0,0,1,2,40,1,2,2,1,0,0,1,16,1,1,1,13,0,0
49,490097,1,2,1,26,6,8,19,12,2,1,0,49,2,7,20,7020,4,2000,1B3ES46C0YD8,1,B,3,E,S,4,6,C,0,Y,D,8,0,P,DODG,NSE,4D,0,17,2515,,0,1050,,G,,0,0,000000000,00000000000,0,0,0,1,0,0,0,0,0,0,0,35,0,0,0,12,12,6,2,12,0,0,0,1,49,84084,6,1,0,0,3,3,69,180,98,0,0,0,0,0,0,0,0,0,28,0,0,0,2,3,35,1,1,2,1,0,0,1,10,1,1,2,50,1,0
49,490097,2,2,1,26,6,8,19,12,2,1,0,49,2,37,421,37421,15,2005,2HKYF185X5H5,2,H,K,Y,F,1,8,5,X,5,H,5,0,P,HOND,PIL,UT,5,17,4431,,0,1063,,G,,0,0,000000000,00000000000,0,0,0,1,0,0,0,0,0,0,0,35,0,0,0,12,12,6,2,12,0,0,0,1,49,84088,6,1,0,0,3,0,64,135,98,0,0,0,0,0,0,0,0,0,0,0,0,0,2,3,35,1,1,2,1,0,0,1,63,1,1,1,51,0,0
49,490098,1,1,1,3,8,6,45,31,0,1,0,49,1,52,34,52034,4,2003,4A3AA46G43E2,4,A,3,A,A,4,6,G,4,3,E,2,0,P,MITS,UEL,4D,3,17,3075,,0,1037,,G,,0,0,000000000,00000000000,0,0,0,1,0,0,0,0,0,0,0,90,0,0,0,12,12,6,2,31,0,0,0,1,49,84118,6,1,0,0,3,0,72,170,98,0,0,3,0,3,2008,11,2009,1,28,0,0,0,2,2,75,1,1,2,1,0,0,1,10,1,1,4,6,1,1
49,490099,1,1,1,9,8,23,20,35,0,1,0,49,2,72,706,72706,80,2003,1HD1FCW423Y6,1,H,D,1,F,C,W,4,2,3,Y,6,0,M,HD,FUA,RS,3,17,,,,,,,1450,0,0,000000000,00000000000,0,0,0,1,0,0,0,0,0,0,0,75,0,0,0,12,12,6,2,35,0,0,0,1,49,84601,4,1,0,0,2,0,71,185,98,1,1,1,0,6,2008,12,2009,1,28,0,0,0,1,2,65,2,1,2,1,0,0,14,13,1,1,4,1,1,1
49,490100,1,1,1,9,8,23,30,35,0,1,0,49,1,72,706,72706,80,2009,1HD1KB4159Y6,1,H,D,1,K,B,4,1,5,9,Y,6,0,M,HD,FHX,RS,9,17,,,,,,,1584,0,0,000000000,00000000000,0,0,0,1,0,0,0,0,0,0,0,80,0,0,0,12,12,6,2,35,0,0,0,1,49,84628,6,1,0,0,3,3,69,210,98,0,0,0,1,2,2009,2,2009,1,28,0,0,0,1,2,30,3,2,2,1,0,0,14,13,1,1,4,1,1,1
49,490101,1,1,1,15,8,7,13,31,0,1,0,49,1,22,22,22022,4,2008,1G2ZH57N5842,1,G,2,Z,H,5,7,N,5,8,4,2,0,P,PONT,GGT,4D,8,17,3457,,0,1123,,G,,0,0,000000000,00000000000,0,0,0,1,0,0,0,0,0,0,0,60,0,1,6,12,12,6,2,31,0,0,0,1,49,84075,4,1,0,0,2,3,67,170,98,0,0,3,0,11,2007,7,2010,0,28,0,0,0,6,1,65,2,2,1,1,0,0,14,11,1,1,4,6,1,0
49,490102,1,1,2,22,8,4,30,1,0,1,0,49,2,7,482,7482,31,2004,3D7LU38C64G2,3,D,7,L,U,3,8,C,6,4,G,2,0,T,DODG,SQ3,CW,4,17,,2,1605,1405,RPC,D,,0,0,000000000,00000000000,0,0,0,1,0,0,0,0,0,0,0,30,0,2,6,0,62,6,2,1,0,0,0,1,49,84095,6,1,0,0,3,0,73,205,98,0,0,0,0,0,0,0,0,0,28,58,0,0,2,2,60,3,1,2,1,0,0,14,11,6,1,4,1,1,1
49,490103,1,1,4,28,8,1,30,1,0,1,0,8,2,35,443,35443,20,2000,4N2XN11T8YD8,4,N,2,X,N,1,1,T,8,Y,D,8,0,P,NISS,QST,SV,0,17,3738,,0,1122,,G,,0,0,000000000,00000000000,0,0,0,1,0,0,0,0,0,0,0,85,0,1,3,0,0,6,2,1,0,0,0,1,6,93117,6,1,0,0,3,0,999,999,0,0,0,0,0,0,0,0,0,1,0,0,0,0,2,2,75,1,2,2,1,0,0,1,1,1,2,4,7,1,0
49,490104,1,1,1,31,8,15,27,1,0,1,0,56,2,12,481,12481,31,2007,1FTPW14V57KD,1,F,T,P,W,1,4,V,5,7,K,D,0,T,FORD,F1S,CW,7,17,,2,0,1390,COF,F,,0,0,000000000,00000000000,0,0,0,1,0,0,0,0,0,0,0,65,0,2,2,0,0,6,2,1,0,0,0,1,56,82935,6,1,0,0,3,0,65,140,0,0,0,0,0,0,0,0,0,0,28,58,0,0,1,2,55,1,1,2,1,0,0,1,11,6,1,2,1,1,0
49,490105,1,1,1,29,8,5,26,35,0,1,0,49,1,41,52,41052,6,2006,JM1CR2933601,J,M,1,C,R,2,9,3,3,6,0,1,0,P,MAZD,MA5,4H,6,17,3333,,0,1080,,G,,0,0,000000000,00000000000,0,0,0,1,0,0,0,0,0,0,0,999,0,0,0,12,12,6,2,35,0,0,0,1,49,84128,6,1,0,0,3,0,65,125,98,1,1,3,0,10,2008,12,2009,0,28,0,0,0,1,2,99,2,2,2,1,0,0,14,11,1,1,4,1,1,1
49,490106,1,2,1,10,7,16,47,12,2,1,0,4,1,2,404,2404,14,1993,1J4FJ78S9PL5,1,J,4,F,J,7,8,S,9,P,L,5,0,T,JEEP,CTY,4W,93,17,,1,0,1014,CHK,G,,0,0,000000000,00000000000,0,0,0,1,0,0,0,0,0,0,0,65,0,0,0,12,12,6,2,12,0,0,0,1,4,85365,6,1,0,0,3,3,999,999,0,0,0,0,0,0,0,0,0,0,35,0,0,0,1,2,65,1,1,2,1,0,0,6,10,1,1,2,50,1,0
49,490106,2,2,2,10,7,16,47,12,2,1,0,4,2,53,33,53033,6,2004,JS2RC61H8452,J,S,2,R,C,6,1,H,8,4,5,2,0,P,SUZI,ASX,4H,4,17,2652,,0,976,,G,,0,0,000000000,00000000000,0,0,0,1,0,0,0,0,0,0,0,65,0,0,0,12,12,6,2,12,0,0,0,1,4,85365,6,1,0,0,3,3,71,195,0,0,0,0,0,0,0,0,0,0,0,0,0,0,1,2,65,1,1,2,1,0,0,1,18,1,1,1,51,2,0
49,490107,1,2,1,12,7,0,29,11,0,1,0,49,1,12,471,12471,30,2003,1FTYR10U03PA,1,F,T,Y,R,1,0,U,0,3,P,A,0,T,FORD,RNG,PK,3,17,,1,1175,1116,RNG,G,,0,0,000000000,00000000000,0,0,0,1,0,0,0,0,0,0,0,65,0,0,0,12,12,6,2,11,0,0,1,1,49,84529,6,1,0,0,3,0,70,180,98,0,0,0,0,0,0,0,0,0,83,0,0,0,1,2,65,1,1,2,1,0,0,1,87,6,2,2,13,1,0
49,490107,2,2,2,12,7,0,29,11,0,1,0,48,2,87,884,87884,66,2007,1XP5D49X17D6,1,X,P,5,D,4,9,X,1,7,D,6,1,T,PTRB,379,DS,7,17,,8,0,0,CON,D,,1,58,1769034,581769034,3,6,3,1,0,0,0,0,0,0,0,65,0,0,0,12,12,6,2,12,0,0,0,1,48,77049,6,1,6,3,3,0,999,999,0,0,0,0,0,0,0,0,0,0,0,0,0,0,1,2,65,1,1,2,1,0,0,1,18,1,1,1,98,0,0
49,490108,1,1,1,27,8,5,58,9,0,1,0,49,3,85,883,85883,66,2004,1XKDDU9X54R0,1,X,K,D,D,U,9,X,5,4,R,0,1,T,KW,T80,DS,4,17,,8,2600,1600,CON,D,,1,58,01151837,5801151837,3,6,1,1,0,0,0,0,0,0,0,10,0,0,0,12,12,2,1,9,0,0,0,1,49,84115,6,1,6,3,3,3,69,250,98,0,0,0,0,0,0,0,0,0,38,0,0,0,2,3,40,1,2,2,1,3,3,10,16,1,1,1,13,0,0
49,490109,1,2,1,20,7,10,50,12,2,1,0,49,1,41,50,41050,4,2006,1YVHP80C365M,1,Y,V,H,P,8,0,C,3,6,5,M,0,P,MAZD,M6I,4D,6,17,3091,,0,1053,,G,,0,0,000000000,00000000000,0,0,0,1,0,0,0,0,0,0,0,55,0,0,0,12,12,6,2,12,0,0,0,1,49,84523,4,1,0,0,2,0,72,160,98,1,0,0,2,4,2008,5,2010,0,8,51,0,0,2,2,65,1,1,2,1,0,0,1,10,1,1,2,50,0,0
49,490109,2,2,1,20,7,10,50,12,2,1,0,49,1,72,706,72706,80,2005,1HD1FRW145Y7,1,H,D,1,F,R,W,1,4,5,Y,7,0,M,HD,FCI,RS,5,17,,,,,,,1450,0,0,000000000,00000000000,0,0,0,1,0,0,0,0,0,0,0,65,0,0,0,12,12,6,2,12,0,0,0,1,49,84501,6,1,0,0,3,3,71,170,98,0,0,0,0,0,0,0,0,0,0,0,0,0,2,2,65,1,1,2,1,0,0,1,18,1,1,1,51,1,0
49,490110,1,2,1,31,7,8,17,12,8,1,0,49,3,87,883,87883,66,2005,1NP5LBEX55D8,1,N,P,5,L,B,E,X,5,5,D,8,1,T,PTRB,379,TM,5,17,,8,0,0,CON,D,,1,58,0021474,580021474,3,6,1,1,0,0,0,0,0,0,0,62,0,0,0,2,2,6,2,12,0,0,0,1,49,84128,6,1,6,3,3,0,64,205,98,0,0,0,0,0,0,0,0,0,0,0,0,0,5,2,65,2,1,2,1,0,0,14,18,2,1,1,65,0,0
49,490110,2,2,3,31,7,8,17,12,8,1,0,48,1,22,32,22032,6,2005,5Y2SL63885Z4,5,Y,2,S,L,6,3,8,8,5,Z,4,0,P,PONT,VIB,4H,5,17,2700,,0,1024,,G,,0,0,000000000,00000000000,0,0,0,1,0,0,0,0,0,0,0,65,0,0,0,2,2,6,2,12,0,0,0,1,48,76401,6,1,0,0,3,0,65,150,0,0,0,0,0,0,0,0,0,0,28,0,0,0,5,2,65,2,1,2,1,0,0,14,10,1,1,1,64,2,0
49,490111,1,1,1,20,5,14,19,8,0,1,0,49,1,7,482,7482,31,1998,1B7HF16Z2WS5,1,B,7,H,F,1,6,Z,2,W,S,5,0,T,DODG,150,PK,98,17,,2,1347,1187,RPC,G,,0,0,000000000,00000000000,0,0,0,1,0,0,0,0,0,0,0,25,0,0,0,12,12,2,1,8,0,0,0,1,49,84084,6,1,0,0,3,3,68,130,98,0,0,0,0,0,0,0,0,0,0,0,0,0,5,2,40,1,1,2,1,0,0,1,81,2,1,1,13,0,0
49,490112,1,1,1,13,3,6,58,42,0,1,0,49,2,12,3,12003,2,1996,1FALP4048TF2,1,F,A,L,P,4,0,4,8,T,F,2,0,P,FORD,MUS,CP,96,17,3057,,0,1013,,G,,0,0,000000000,00000000000,0,0,0,1,0,0,0,0,0,0,0,150,0,0,0,12,12,6,2,42,0,0,0,1,93,84026,0,0,0,0,0,0,999,999,99,99,99,99,99,99,9999,99,9999,1,28,0,0,0,1,2,99,9,9,9,99,0,0,99,99,99,9,4,1,1,1
49,490113,1,2,1,18,8,9,34,12,6,1,0,49,1,49,40,49040,4,2003,4T1BE32KX3U2,4,T,1,B,E,3,2,K,X,3,U,2,0,P,TOYT,UXS,4D,3,17,2993,,0,1071,,G,,0,0,000000000,00000000000,0,0,0,1,0,0,0,0,0,0,0,20,0,0,0,1,2,6,2,12,0,0,1,1,49,84093,6,1,0,0,3,0,67,160,98,0,0,0,1,6,2009,6,2009,0,50,0,0,0,3,4,65,1,1,1,1,0,0,1,54,6,1,1,64,1,0
49,490113,2,2,1,18,8,9,34,12,6,1,0,6,1,82,881,82881,66,1999,1FUYDDYBXXDA,1,F,U,Y,D,D,Y,B,X,X,D,A,1,T,FRHT,FLD,DS,99,17,,8,0,0,CON,D,,3,57,1860649,571860649,3,6,1,1,0,0,0,0,0,0,0,55,0,0,0,12,12,6,2,12,0,0,1,1,48,94550,6,1,6,1,3,3,999,999,0,0,0,1,0,1,2009,1,2009,0,0,0,0,0,3,4,65,1,1,1,1,0,0,1,54,99,1,1,65,0,0
49,490114,1,2,1,19,8,12,31,12,6,1,0,49,3,12,481,12481,31,2005,1FTSX21P25EA,1,F,T,S,X,2,1,P,2,5,E,A,1,T,FORD,F2S,4C,5,17,,2,1580,1418,SRW,D,,1,0,000000000,00000000000,0,0,0,1,0,0,0,0,0,0,0,50,0,0,0,12,12,6,2,12,0,0,0,1,49,84084,6,1,6,0,3,0,67,165,98,0,0,0,0,0,0,0,0,1,28,0,0,0,5,4,65,1,1,2,2,0,0,1,6,99,4,2,64,0,0
49,490114,2,2,3,19,8,12,31,12,6,1,0,49,1,49,401,49401,14,1998,JT3HN86R5W01,J,T,3,H,N,8,6,R,5,W,0,1,0,P,TOYT,RUN,UT,98,17,3850,,0,1053,,G,,0,0,000000000,00000000000,0,0,0,1,0,0,0,0,0,0,0,998,0,1,5,10,9,6,2,12,0,0,0,1,49,99999,6,1,0,0,3,3,63,130,98,0,0,0,0,0,0,0,0,0,0,0,0,0,5,4,65,1,1,2,2,0,0,1,62,1,1,1,65,1,0
49,490115,1,2,2,24,8,14,57,12,7,1,0,49,1,76,706,76706,80,2008,JYAVP19E08A0,J,Y,A,V,P,1,9,E,0,8,A,0,0,M,YAMA,XVP,RS,8,17,,,,,,,1670,0,0,000000000,00000000000,0,0,0,1,0,0,0,0,0,0,0,80,0,0,0,10,10,4,3,24,0,0,0,1,49,84307,6,1,0,0,3,0,72,145,98,0,0,2,0,3,2010,5,2010,1,35,28,0,0,3,4,55,2,1,1,1,0,0,6,10,1,1,2,47,1,0
49,490115,2,2,1,24,8,14,57,12,7,1,0,49,3,12,23,12023,4,2008,3FAHP07118R1,3,F,A,H,P,0,7,1,1,8,R,1,0,P,FORD,F/E,4D,8,17,3325,,0,1074,,G,,0,0,000000000,00000000000,0,0,0,1,0,0,0,0,0,0,0,65,0,0,0,4,4,4,1,12,0,0,0,1,49,84095,6,1,0,0,3,3,71,205,98,0,0,3,1,11,2008,6,2010,0,0,0,0,0,3,4,55,2,1,1,1,0,0,14,61,1,1,1,45,0,0
49,490116,1,2,1,11,9,20,36,12,11,1,0,49,2,2,404,2404,14,2001,1J4GW58N61C7,1,J,4,G,W,5,8,N,6,1,C,7,0,T,JEEP,LMT,4W,1,17,,1,0,1059,GCK,G,,0,0,000000000,00000000000,0,0,0,1,0,0,0,0,0,0,0,80,0,0,0,5,5,6,2,12,0,0,0,1,49,84107,6,1,0,0,3,0,72,190,98,0,0,1,0,6,2010,6,2010,1,27,36,58,0,2,3,65,1,2,2,1,0,0,15,6,6,4,6,98,0,1
49,490116,2,2,1,11,9,20,36,12,11,1,0,49,1,30,40,30040,6,2005,WVWSR61J95W0,W,V,W,S,R,6,1,J,9,5,W,0,0,P,VOLK,JSI,SW,5,17,2983,,0,989,,D,,0,0,000000000,00000000000,0,0,0,1,0,0,0,0,0,0,0,65,0,0,0,11,11,6,2,12,0,0,0,1,49,84049,6,1,6,0,3,3,73,180,98,0,0,0,0,0,0,0,0,0,0,0,0,0,2,3,65,1,2,2,1,0,0,1,62,1,1,1,98,1,0
49,490117,1,1,1,22,9,14,0,8,0,1,0,49,1,20,421,20421,15,2004,1GNEK13Z84R1,1,G,N,E,K,1,3,Z,8,4,R,1,0,P,CHEV,KTA,UT,4,17,5050,,0,1160,,F,,0,0,000000000,00000000000,0,0,0,1,0,0,0,0,0,0,0,35,0,0,0,12,12,2,1,8,0,0,0,1,49,84094,6,1,0,0,3,0,68,175,98,0,0,0,0,0,0,0,0,0,38,0,0,0,2,6,35,1,1,2,1,3,3,11,80,1,1,1,13,0,0
49,490118,1,2,1,28,9,20,24,12,1,1,0,49,1,35,47,35047,4,2003,1N4BL11D33C1,1,N,4,B,L,1,1,D,3,3,C,1,0,P,NISS,ABE,4D,3,17,3071,,0,1102,,G,,0,0,000000000,00000000000,0,0,0,1,0,0,0,0,0,0,0,45,0,0,0,12,12,6,2,12,0,0,0,1,49,84118,6,1,0,0,3,0,63,108,98,0,0,1,1,9,2009,2,2010,0,26,0,0,0,1,4,45,1,1,2,1,40,3,1,51,1,1,1,24,0,0
49,490118,2,2,2,28,9,20,24,12,1,1,0,49,1,49,401,49401,14,1999,JT3HN87R8X02,J,T,3,H,N,8,7,R,8,X,0,2,0,P,TOYT,RUN,UT,99,17,3930,,0,1053,,G,,0,0,000000000,00000000000,0,0,0,1,0,0,0,0,0,0,0,10,0,1,1,6,6,6,2,1,0,0,0,1,49,84084,6,1,0,0,3,0,67,135,98,0,0,0,0,0,0,0,0,0,0,0,0,0,1,4,45,1,1,2,1,40,3,10,53,1,1,1,27,1,0
49,490119,1,1,1,8,5,18,35,5,0,1,0,49,1,53,709,53709,80,2007,JS1GN7DA5721,J,S,1,G,N,7,D,A,5,7,2,1,0,M,SUZI,G60,RS,7,17,,,,,,,599,0,0,000000000,00000000000,0,0,0,1,0,0,0,0,0,0,0,999,0,0,0,0,0,6,2,5,0,0,0,1,49,84084,6,1,0,0,3,0,72,170,98,0,0,0,0,0,0,0,0,1,8,0,0,0,1,2,35,2,2,2,1,0,0,14,10,1,1,4,0,1,1
49,490120,1,1,3,7,9,9,30,1,0,1,0,32,1,12,481,12481,31,2003,1FTRX18L33NA,1,F,T,R,X,1,8,L,3,3,N,A,0,T,FORD,F15,4C,3,17,,2,1574,1388,COF,G,,0,0,000000000,00000000000,0,0,0,1,0,0,0,0,0,0,0,70,0,2,6,0,0,6,2,1,0,0,0,1,32,89570,6,1,0,0,3,3,999,999,0,0,0,0,0,0,0,0,0,0,28,58,0,0,1,2,65,1,1,2,1,0,0,1,13,6,1,4,1,1,0
49,490121,1,1,2,4,9,14,6,42,0,1,0,49,2,76,739,76739,90,2008,JY4AM13Y38C0,J,Y,4,A,M,1,3,Y,3,8,C,0,0,M,YAMA,Y7F,AT,8,17,,,,,,,686,0,0,000000000,00000000000,0,0,0,1,0,0,0,0,0,0,0,999,0,0,0,12,12,6,2,42,0,0,0,1,49,84057,6,1,0,0,2,0,70,150,98,0,0,0,0,0,0,0,0,1,8,0,0,0,1,2,99,2,1,4,1,0,0,14,11,1,1,4,1,1,1
49,490122,1,1,6,1,9,2,25,1,0,1,0,49,1,14,401,14401,14,2002,4M2ZU86WX2ZJ,4,M,2,Z,U,8,6,W,X,2,Z,J,0,P,MERC,MOU,UT,2,17,4410,,0,1138,,G,,0,0,000000000,00000000000,0,0,0,1,0,0,0,0,0,0,0,86,0,2,3,0,0,6,2,1,0,0,0,1,49,84606,6,1,0,0,3,0,67,198,98,0,0,0,0,0,0,0,0,1,28,58,0,0,2,4,75,1,2,2,1,0,0,1,10,6,1,4,6,3,0
49,490123,1,1,2,30,9,11,30,5,0,1,0,49,3,72,706,72706,80,2009,1HD1BW5119Y0,1,H,D,1,B,W,5,1,1,9,Y,0,0,M,HD,STC,RS,9,17,,,,,,,1584,0,0,000000000,00000000000,0,0,0,1,0,0,0,0,0,0,0,35,0,0,0,0,0,6,2,5,0,0,0,1,49,84065,6,1,0,0,3,0,67,180,98,0,0,0,0,0,0,0,0,0,28,0,0,0,1,2,35,3,2,2,1,0,0,14,13,1,1,4,0,1,0
49,490124,1,1,2,9,9,12,9,31,0,1,0,49,2,98,850,98850,65,2003,18XF4EM23311,1,8,X,F,4,E,M,2,3,3,1,1,5,U,,,,3,17,,,,,,,,1,0,000000000,00000000000,0,0,0,1,0,0,0,0,0,0,0,75,0,0,0,12,12,6,2,34,0,0,0,1,49,84095,6,1,0,0,3,0,69,145,98,0,0,1,0,5,2010,5,2010,0,0,0,0,0,2,2,75,1,1,2,1,0,0,1,1,99,4,4,7,1,0
49,490125,1,2,1,8,7,7,53,12,6,1,0,49,2,24,7,24007,4,2003,1G8AJ52F93Z1,1,G,8,A,J,5,2,F,9,3,Z,1,0,P,STRN,SI2,4D,3,17,2683,,0,1032,,G,,0,0,000000000,00000000000,0,0,0,1,0,0,0,0,0,0,0,999,0,0,0,2,2,6,2,12,0,0,0,1,49,84054,6,1,0,0,3,0,64,145,98,0,0,1,1,4,2009,9,2009,0,38,0,0,0,1,2,35,1,1,2,1,0,0,11,15,1,1,1,82,0,0
49,490125,2,2,1,8,7,7,53,12,6,1,0,49,1,98,703,98703,80,2007,RFVPAC209710,R,F,V,P,A,C,2,0,9,7,1,0,0,U,,,,7,17,,,,,,,,0,0,000000000,00000000000,0,0,0,1,0,0,0,0,0,0,0,999,0,0,0,12,12,6,2,12,0,0,0,1,49,84103,6,1,0,0,3,3,69,155,98,0,0,0,0,0,0,0,0,0,0,0,0,0,1,2,35,1,1,2,1,0,0,1,17,4,1,1,83,1,0
49,490126,1,1,1,20,6,19,44,8,0,1,0,49,1,12,471,12471,30,1994,1FTDR15X3RPB,1,F,T,D,R,1,5,X,3,R,P,B,0,T,FORD,RNS,PS,94,17,,1,0,1250,RNG,G,,0,0,000000000,00000000000,0,0,0,1,0,0,0,0,0,0,0,20,0,0,0,12,12,0,3,8,0,0,0,1,49,84121,6,1,0,0,3,3,70,170,98,0,0,0,0,0,0,0,0,0,0,0,0,0,1,2,25,1,1,2,1,0,0,1,18,1,1,1,13,0,0
49,490127,1,1,1,9,9,19,21,35,0,1,0,49,2,7,43,7043,4,2000,1B3EJ56HXYN2,1,B,3,E,J,5,6,H,X,Y,N,2,0,P,DODG,STS,4D,0,17,3057,,0,1080,,G,,0,0,000000000,00000000000,0,0,0,1,0,0,0,0,0,0,0,999,0,1,6,12,12,6,2,42,0,0,0,1,49,84664,6,1,0,0,3,0,62,120,98,0,0,1,1,12,2008,12,2008,0,28,0,0,0,1,2,99,1,1,5,1,0,0,1,13,1,1,4,1,1,1
49,490128,1,1,1,8,7,17,48,9,0,1,0,49,1,20,20,20020,4,2001,2G1WL52J6113,2,G,1,W,L,5,2,J,6,1,1,3,0,P,CHEV,LUM,4D,1,17,3330,,0,1075,,G,,0,0,000000000,00000000000,0,0,0,1,0,0,0,0,0,0,0,27,0,0,0,12,12,6,2,9,0,0,0,1,49,84321,6,1,0,0,3,0,999,999,98,0,0,0,0,0,0,0,0,0,0,0,0,0,1,2,25,1,1,2,1,0,0,1,83,1,1,1,13,0,0
49,490129,1,1,5,2,10,20,24,1,0,1,0,49,2,12,471,12471,30,1993,1FTCR15X8PPB,1,F,T,C,R,1,5,X,8,P,P,B,0,T,FORD,RNS,PS,93,17,,1,0,1250,RNG,G,,0,0,000000000,00000000000,0,0,0,1,0,0,0,0,0,0,0,70,0,9,5,0,0,6,2,1,0,0,0,1,49,84088,2,1,0,0,2,0,70,200,98,2,0,1,0,4,2008,8,2010,1,28,0,0,0,1,2,45,3,1,2,1,0,0,14,13,3,2,4,2,1,1