STATE,ST_CASE,VEH_NO,VE_FORMS,NUMOCCS,DAY,MONTH,HOUR,MINUTE,HARM_EV,MAN_COLL,UNITTYPE,HIT_RUN,REG_STAT,OWNER,MAKE,MODEL,MAK_MOD,BODY_TYP,MOD_YEAR,VIN,VIN_1,VIN_2,VIN_3,VIN_4,VIN_5,VIN_6,VIN_7,VIN_8,VIN_9,VIN_10,VIN_11,VIN_12,TOW_VEH,VINTYPE,VINMAKE,VINA_MOD,VIN_BT,VINMODYR,VIN_LNGT,VIN_WGT,WGTCD_TR,WHLBS_LG,WHLBS_SH,SER_TR,FUELCODE,MCYCL_DS,J_KNIFE,MCARR_I1,MCARR_I2,MCARR_ID,GVWR,V_CONFIG,CARGO_BT,HAZ_INV,HAZ_PLAC,HAZ_ID,HAZ_CNO,HAZ_REL,BUS_USE,SPEC_USE,EMER_USE,TRAV_SP,UNDERIDE,ROLLOVER,ROLINLOC,IMPACT1,IMPACT2,DEFORMED,TOWED,M_HARM,VEH_SC1,VEH_SC2,FIRE_EXP,DR_PRES,L_STATE,DR_ZIP,L_STATUS,L_TYPE,CDL_STAT,L_ENDORS,L_COMPL,L_RESTRI,DR_HGT,DR_WGT,PREV_ACC,PREV_SUS,PREV_DWI,PREV_SPD,PREV_OTH,FIRST_MO,FIRST_YR,LAST_MO,LAST_YR,SPEEDREL,DR_SF1,DR_SF2,DR_SF3,DR_SF4,VTRAFWAY,VNUM_LAN,VSPD_LIM,VALIGN,VPROFILE,VPAVETYP,VSURCOND,VTRAFCON,VTCONT_F,P_CRASH1,P_CRASH2,P_CRASH3,PCRASH4,PCRASH5,ACC_TYPE,DEATHS,DR_DRINK
49,490170,1,1,1,13,11,7,54,8,0,1,0,49,3,12,481,12481,31,1997,1FDLF47F8VEA,1,F,D,L,F,4,7,F,8,V,E,A,0,T,FORD,FSD,CB,97,17,,4,1848,1368,COF,D,,0,0,000000000,00000000000,0,0,0,1,0,0,0,0,0,0,0,55,0,0,0,12,12,2,3,8,0,0,0,1,49,84532,6,1,0,0,3,0,71,150,98,0,0,2,0,11,2008,4,2009,0,0,0,0,0,1,2,55,1,1,2,1,0,0,1,80,7,1,1,13,0,1
49,490171,1,1,1,19,9,20,1,8,0,1,0,49,1,35,47,35047,4,2008,1N4BL21EX8N4,1,N,4,B,L,2,1,E,X,8,N,4,0,P,NISS,ATL,4D,8,17,3175,,0,1093,,G,,0,0,000000000,00000000000,0,0,0,1,0,0,0,0,0,0,0,30,0,0,0,12,12,6,2,8,0,0,0,1,49,84604,6,1,0,0,3,0,71,200,98,0,0,0,0,0,0,0,0,0,0,0,0,0,1,2,30,1,1,2,1,0,0,1,80,1,1,1,13,0,0
49,490172,1,1,1,17,10,0,21,8,0,1,1,49,2,12,401,12401,14,1992,1FMDU34X4NUD,1,F,M,D,U,3,4,X,4,N,U,D,0,P,FORD,EPR,UT,92,17,3879,,0,1120,,G,,0,0,000000000,00000000000,0,0,0,1,0,0,0,0,0,0,0,999,0,0,0,12,12,2,1,8,0,0,0,1,49,84128,1,1,0,0,2,0,68,145,98,1,0,0,1,3,2010,3,2010,0,38,0,0,0,5,6,40,1,2,2,1,0,0,1,80,1,1,1,13,0,1
49,490173,1,1,1,14,11,21,7,9,0,1,1,49,2,7,482,7482,31,2004,1D7HA16N64J2,1,D,7,H,A,1,6,N,6,4,J,2,0,T,DODG,S15,PK,4,17,,2,1405,1205,RPC,G,,0,0,000000000,00000000000,0,0,0,1,0,0,0,0,0,0,0,999,0,0,0,12,12,2,1,9,0,0,0,1,49,84095,6,2,0,0,3,0,63,127,98,0,0,0,0,0,0,0,0,0,35,0,0,0,1,2,35,1,1,2,2,0,0,1,11,99,1,4,13,0,0
49,490174,1,2,2,25,9,5,5,12,8,1,0,49,3,20,421,20421,15,2011,1GNSKBE06BR1,1,G,N,S,K,B,E,0,6,B,R,1,0,P,CHEV,KTA,UT,11,17,5894,,0,1160,,F,,0,0,000000000,00000000000,0,0,0,1,0,0,0,0,0,0,0,60,0,0,0,10,10,6,2,12,0,0,0,1,97,0,6,1,0,0,9,0,999,999,99,99,99,99,99,99,9999,99,9999,0,28,0,0,0,1,2,50,2,2,2,1,0,0,14,10,1,1,2,66,1,0
49,490174,2,2,2,25,9,5,5,12,8,1,0,8,3,82,884,82884,66,2010,1FUJGLDR1ALA,1,F,U,J,G,L,D,R,1,A,L,A,1,T,FRHT,125,DS,10,17,,8,0,0,CSC,D,,1,58,00003706,5800003706,3,6,1,1,0,0,0,0,0,0,0,50,0,0,0,10,10,6,2,12,0,0,0,1,8,80135,6,1,6,3,3,3,999,999,0,0,0,0,0,0,0,0,0,0,0,0,0,0,1,2,50,3,2,2,1,0,0,14,54,1,1,1,66,0,0
49,490175,1,2,1,25,9,7,23,12,2,1,0,49,1,45,41,45041,2,2006,WP0AB29836U7,W,P,0,A,B,2,9,8,3,6,U,7,0,P,PORS,CMS,CP,6,17,2965,,0,951,,G,,0,0,000000000,00000000000,0,0,0,1,0,0,0,0,0,0,0,20,0,0,0,12,1,6,2,12,0,0,0,1,49,84050,6,1,0,0,3,0,70,166,98,0,0,1,0,10,2008,10,2008,0,38,0,0,0,2,2,65,1,1,2,1,0,0,11,15,1,1,1,68,0,0
49,490175,2,2,2,25,9,7,23,12,2,1,0,49,1,35,471,35471,30,1985,JN6ND01S7FW0,J,N,6,N,D,0,1,S,7,F,W,0,0,T,NISS,72S,PK,85,17,,1,0,1014,720,G,,0,0,000000000,00000000000,0,0,0,1,0,0,0,0,0,0,0,65,0,0,0,12,12,6,2,12,0,0,0,1,49,84029,6,1,0,0,3,3,63,205,98,0,0,0,0,0,0,0,0,0,0,0,0,0,2,2,65,1,1,2,1,0,0,1,67,1,1,1,69,1,0
49,490176,1,2,1,21,10,9,22,1,0,1,0,49,1,12,422,12422,15,1998,1FMRU18W8WLC,1,F,M,R,U,1,8,W,8,W,L,C,0,P,FORD,EPT,UT,98,17,5177,,0,1190,,G,,0,0,000000000,00000000000,0,0,0,1,0,0,0,0,0,0,0,998,0,1,1,0,1,6,2,12,0,0,0,1,49,84128,6,1,0,0,3,0,67,205,98,0,0,0,0,0,0,0,0,0,28,58,0,0,3,4,65,1,1,2,1,0,0,1,10,7,3,2,98,1,0
49,490176,2,2,1,21,10,9,22,1,0,1,0,49,3,82,881,82881,66,2003,1FUJAPCG43DK,1,F,U,J,A,P,C,G,4,3,D,K,1,T,FRHT,FL3,DS,3,17,,8,0,0,CON,D,,1,57,760130,57760130,3,6,3,1,0,0,0,0,0,0,0,65,0,0,0,12,12,2,1,12,0,0,0,1,49,84701,6,1,6,1,3,0,70,165,98,0,0,1,0,7,2009,7,2009,0,0,0,0,0,3,4,65,1,1,2,1,0,0,1,60,9,1,2,98,0,0
49,490177,1,2,2,24,10,20,18,12,1,1,0,49,1,35,39,35039,4,2004,1N4BA41E24C9,1,N,4,B,A,4,1,E,2,4,C,9,0,P,NISS,MEL,4D,4,17,3310,,0,1112,,G,,0,0,000000000,00000000000,0,0,0,1,0,0,0,0,0,0,0,70,0,0,0,6,6,6,2,12,99,99,0,1,49,84088,6,1,0,0,3,0,70,204,98,0,0,0,0,0,0,0,0,1,51,0,0,0,5,4,55,1,2,2,2,0,0,15,6,99,3,2,98,2,0
49,490177,2,2,5,24,10,20,18,12,1,1,0,49,1,23,422,23422,15,2007,1GKFK668X7J3,1,G,K,F,K,6,6,8,X,7,J,3,0,T,GMC,DXL,LL,7,17,,2,0,1300,YUK,G,,0,0,000000000,00000000000,0,0,0,1,0,0,0,0,0,0,0,60,0,0,0,12,12,6,2,12,0,0,0,1,49,84043,6,1,0,0,3,0,69,175,98,0,0,1,0,3,2010,3,2010,0,0,0,0,0,5,4,55,1,2,2,2,0,0,1,54,99,1,1,98,0,0
49,490178,1,2,2,21,11,15,30,12,6,1,0,4,4,63,32,63032,4,2009,KNADE2236964,K,N,A,D,E,2,2,3,6,9,6,4,0,P,KIA,RBL,4D,9,17,2365,,0,984,,G,,0,0,000000000,00000000000,0,0,0,1,0,0,0,0,0,0,0,55,0,0,0,3,3,6,2,12,0,0,0,1,97,0,9,9,99,0,9,9,999,999,99,99,99,99,99,99,9999,99,9999,1,28,87,0,0,1,2,65,2,1,2,4,0,0,14,6,99,4,2,64,2,0
49,490178,2,2,2,21,11,15,30,12,6,1,0,4,2,30,40,30040,4,2001,3VWSG69M11M1,3,V,W,S,G,6,9,M,1,1,M,1,0,P,VOLK,JGS,4D,1,17,2978,,0,989,,G,,0,0,000000000,00000000000,0,0,0,1,0,0,0,0,0,0,0,50,0,0,0,12,12,6,2,12,0,0,0,1,4,85718,6,1,0,0,3,0,68,130,0,0,0,0,0,0,0,0,0,0,0,0,0,0,1,2,65,3,1,2,4,0,0,14,54,1,1,1,65,0,0
49,490179,1,2,1,13,12,15,54,12,6,1,0,49,2,12,37,12037,4,2000,1FAFP34P7YW2,1,F,A,F,P,3,4,P,7,Y,W,2,0,P,FORD,FSC,4D,0,17,2564,,0,1030,,G,,0,0,000000000,00000000000,0,0,0,1,0,0,0,0,0,0,0,15,0,0,0,9,9,6,2,12,0,0,0,1,49,84404,6,1,0,0,3,0,68,140,98,0,0,1,0,10,2010,10,2010,0,38,0,0,0,5,4,40,1,1,2,1,0,0,11,15,1,1,1,68,1,0
49,490179,2,2,3,13,12,15,54,12,6,1,0,49,1,7,422,7422,15,2004,1D4HB48N14F2,1,D,4,H,B,4,8,N,1,4,F,2,0,P,DODG,DUR,UT,4,17,4958,,0,1192,,G,,0,0,000000000,00000000000,0,0,0,1,0,0,0,0,0,0,0,40,0,0,0,12,12,6,2,12,0,0,0,1,49,84015,6,1,0,0,3,0,70,281,98,0,0,0,0,0,0,0,0,0,0,0,0,0,5,4,40,1,1,2,1,0,0,1,72,6,1,1,69,0,0
49,490180,1,1,2,14,12,10,35,14,0,1,0,49,1,35,47,35047,4,2005,1N4AL11D45N4,1,N,4,A,L,1,1,D,4,5,N,4,0,P,NISS,ASL,4D,5,17,2915,,0,1102,,G,,0,0,000000000,00000000000,0,0,0,1,0,0,0,0,0,0,0,79,0,0,0,7,7,6,2,14,0,0,0,1,49,84721,6,1,0,0,3,3,72,230,98,0,0,0,0,0,0,0,0,0,28,0,0,0,2,2,75,2,2,2,1,0,0,2,11,9,3,4,2,1,0
49,490181,1,4,1,16,12,13,5,12,1,1,0,49,3,84,881,84881,62,2001,1HTSCABM31H3,1,H,T,S,C,A,B,M,3,1,H,3,0,T,INTL,470,CC,1,17,,6,2540,1280,40S,D,,0,49,11BD0001,4911BD0001,2,1,1,1,0,0,0,0,0,0,0,60,0,1,1,12,12,6,2,12,0,0,0,1,49,84118,6,1,6,1,3,0,71,250,98,0,0,2,0,9,2009,12,2010,1,26,0,0,0,3,6,65,1,1,1,1,0,0,1,52,8,1,1,28,0,0
49,490181,2,4,2,16,12,13,5,12,1,1,0,49,3,12,481,12481,31,2002,1FTNF21L92ED,1,F,T,N,F,2,1,L,9,2,E,D,0,T,FORD,F2S,PK,2,17,,2,0,1370,SRW,G,,0,0,000000000,00000000000,0,0,0,1,0,0,0,0,0,0,0,63,0,0,0,6,6,4,3,12,0,0,0,1,49,84094,6,1,6,0,3,3,71,195,98,0,0,0,0,0,0,0,0,0,0,0,0,0,3,6,65,1,1,1,1,0,0,2,53,1,1,1,29,0,0
49,490181,3,4,1,16,12,13,5,12,1,1,0,49,1,7,482,7482,31,2010,1D7RV1CT9AS2,1,D,7,R,V,1,C,T,9,A,S,2,0,T,DODG,150,CW,10,17,,2,0,1400,RPC,G,,0,0,000000000,00000000000,0,0,0,1,0,0,0,0,0,0,0,60,0,0,0,8,8,4,3,12,0,0,0,1,49,84084,6,1,0,0,3,0,66,142,98,0,0,0,0,0,0,0,0,0,0,0,0,0,3,6,65,1,1,1,1,0,0,1,60,1,1,1,98,0,0
49,490181,4,4,3,16,12,13,5,12,1,1,0,49,1,49,38,49038,4,1996,JT2AC52L6T01,J,T,2,A,C,5,2,L,6,T,0,1,0,P,TOYT,TTD,2D,96,17,1950,,0,937,,G,,0,0,000000000,00000000000,0,0,0,1,0,0,0,0,0,0,0,65,0,0,0,2,3,6,2,12,0,0,0,1,49,84095,2,1,0,0,2,0,77,260,98,2,1,1,2,5,2008,11,2010,0,0,0,0,0,3,6,65,1,1,1,1,0,0,1,61,6,1,1,98,1,0
49,490182,1,1,2,5,10,9,6,38,0,1,0,53,1,7,442,7442,20,1998,1B4GP54L7WB5,1,B,4,G,P,5,4,L,7,W,B,5,0,P,DODG,CAR,SV,98,17,3935,,0,1193,,G,,0,0,000000000,00000000000,0,0,0,1,0,0,0,0,0,0,0,75,0,1,6,10,10,6,2,1,0,0,0,1,48,76901,6,1,0,0,3,3,999,999,0,0,0,0,0,0,0,0,0,0,28,58,0,0,2,2,75,1,2,2,1,0,0,1,12,7,2,4,2,1,0
49,490183,1,2,2,23,10,16,48,12,8,1,0,49,1,12,13,12013,4,1993,1FAPP11J1PW3,1,F,A,P,P,1,1,J,1,P,W,3,0,P,FORD,EST,2H,93,17,2312,,0,984,,G,,0,0,000000000,00000000000,0,0,0,1,0,0,0,0,0,0,0,999,0,0,0,10,10,6,2,12,0,0,0,1,49,84109,6,1,0,0,3,3,60,186,98,0,0,0,0,0,0,0,0,1,28,0,0,0,2,2,65,2,2,2,2,0,0,14,6,1,7,2,66,2,0
49,490183,2,2,1,23,10,16,48,12,8,1,0,49,3,85,884,85884,66,2010,1XKDD40X9AJ2,1,X,K,D,D,4,0,X,9,A,J,2,2,T,KW,T80,DS,10,17,,8,2600,1600,CON,D,,1,58,1764053,581764053,3,7,1,1,0,0,0,0,0,0,0,45,0,0,0,9,9,2,1,12,0,0,0,1,49,84501,6,1,6,1,3,0,75,180,98,0,0,0,0,0,0,0,0,0,0,0,0,0,2,2,65,3,2,2,2,0,0,14,62,99,1,1,66,0,0
49,490184,1,2,1,11,11,16,50,12,7,1,0,49,1,20,441,20441,20,1989,1GNDM15Z0KB2,1,G,N,D,M,1,5,Z,0,K,B,2,0,P,CHEV,AST,SV,89,17,3268,,0,1110,,G,,0,0,000000000,00000000000,0,0,0,1,0,0,0,0,0,0,0,65,0,0,0,2,2,6,2,12,0,0,0,1,49,84074,6,1,0,0,3,0,69,150,98,0,0,1,0,3,2010,3,2010,0,8,28,0,0,3,3,65,1,1,1,1,0,0,1,11,1,1,2,44,0,0
49,490184,2,2,2,11,11,16,50,12,7,1,0,49,1,23,421,23421,15,1998,1GKDT13W8W25,1,G,K,D,T,1,3,W,8,W,2,5,0,T,GMC,JMY,4W,98,17,,1,0,1070,JMY,G,,0,0,000000000,00000000000,0,0,0,1,0,0,0,0,0,0,0,55,0,1,6,10,13,6,2,1,0,0,0,1,49,84044,3,1,0,0,2,3,67,135,98,0,0,0,0,0,0,0,0,0,84,0,0,0,3,3,65,1,1,1,1,0,0,1,53,1,1,1,45,1,0
49,490185,1,1,4,4,11,8,5,9,0,1,0,49,1,20,441,20441,20,1992,1GNDM15Z2NB1,1,G,N,D,M,1,5,Z,2,N,B,1,0,P,CHEV,AST,SV,92,17,3554,,0,1110,,G,,0,0,000000000,00000000000,0,0,0,1,0,0,0,0,0,0,0,998,0,0,0,12,12,0,3,9,0,0,0,1,49,84646,0,0,0,0,0,0,999,999,99,99,99,99,99,99,9999,99,9999,0,39,0,0,0,1,2,25,1,3,2,1,21,3,1,83,1,1,1,13,0,0
49,490186,1,1,2,14,11,20,8,8,0,1,0,49,1,52,401,52401,14,1999,JA4MT31H2XP0,J,A,4,M,T,3,1,H,2,X,P,0,0,P,MITS,MNS,UT,99,17,3985,,0,1073,,G,,0,0,000000000,00000000000,0,0,0,1,0,0,0,0,0,0,0,45,0,0,0,12,12,4,1,8,0,0,0,1,49,84321,6,1,0,0,3,3,64,135,98,1,0,0,0,9,2009,9,2009,0,0,0,0,0,5,4,45,1,1,2,2,3,3,1,80,1,1,1,13,0,0
49,490187,1,1,1,24,11,19,27,8,0,1,0,49,3,92,983,92983,52,1999,15GGB2218X10,1,5,G,G,B,2,2,1,8,X,1,0,0,U,,,,99,17,,,,,,,,0,77,777777777,77777777777,3,21,22,1,0,0,0,0,6,0,0,998,0,0,0,12,12,2,3,8,0,0,0,1,49,84123,6,1,6,1,3,3,72,208,98,0,0,0,1,5,2008,5,2008,0,38,0,0,0,3,6,98,1,1,2,2,3,3,1,80,1,1,1,13,0,0
49,490188,1,2,5,25,11,12,6,12,6,1,0,49,2,21,441,21441,20,2002,1GHDX23E42D1,1,G,H,D,X,2,3,E,4,2,D,1,0,T,OLDS,ECO,ES,2,17,,1,0,1200,SIL,G,,0,0,000000000,00000000000,0,0,0,1,0,0,0,0,0,0,0,5,0,0,0,9,9,6,2,12,0,0,0,1,49,84003,6,1,0,0,3,0,65,150,98,0,0,0,0,0,0,0,0,0,38,48,0,0,2,2,50,1,1,2,2,20,3,11,66,1,1,1,68,2,0
49,490188,2,2,1,25,11,12,6,12,6,1,0,49,1,85,884,85884,66,2009,1XKWP40X79R2,1,X,K,W,P,4,0,X,7,9,R,2,2,T,KW,W90,DS,9,17,,8,2850,1600,CON,D,,1,58,00606058,5800606058,3,7,1,1,0,0,0,0,0,0,0,50,0,0,0,12,12,6,2,12,0,0,0,1,49,84031,6,1,6,1,3,3,72,200,98,0,0,0,0,0,0,0,0,0,0,0,0,0,2,2,55,1,1,2,2,0,0,1,17,1,1,1,69,0,0
49,490189,1,1,1,9,12,18,14,8,0,1,0,49,1,20,481,20481,31,2007,2GCEK13M2716,2,G,C,E,K,1,3,M,2,7,1,6,0,T,CHEV,1KW,CW,7,17,,2,0,1435,SIL,G,,0,0,000000000,00000000000,0,0,0,1,0,0,0,0,0,0,0,45,0,0,0,12,12,4,1,8,0,0,0,1,49,84041,6,1,0,0,3,3,71,200,98,0,0,0,0,0,0,0,0,0,38,0,0,0,5,4,40,1,1,2,1,0,0,1,80,1,1,1,13,0,0
49,490190,1,1,1,16,12,5,57,8,0,1,1,49,1,12,481,12481,31,2000,1FTRX18L6YNA,1,F,T,R,X,1,8,L,6,Y,N,A,0,T,FORD,F15,4C,0,17,,2,1574,1388,COF,G,,0,0,000000000,00000000000,0,0,0,1,0,0,0,0,0,0,0,40,0,0,0,1,1,4,3,8,0,0,0,1,49,84405,6,1,0,0,3,3,71,165,98,0,0,1,0,6,2010,6,2010,1,38,0,0,0,5,4,40,1,1,2,1,0,0,1,80,1,1,1,13,0,0
49,490191,1,1,1,18,12,21,22,8,0,1,0,49,2,49,51,49051,4,2007,JTDBT9233710,J,T,D,B,T,9,2,3,3,7,1,0,0,P,TOYT,YAR,4D,7,17,2288,,0,969,,G,,0,0,000000000,00000000000,0,0,0,1,0,0,0,0,0,0,0,67,0,0,0,12,12,6,2,8,0,0,0,1,49,84010,6,1,0,0,3,0,66,145,98,0,0,0,1,6,2010,6,2010,0,0,0,0,0,3,4,55,1,1,2,2,28,3,1,80,1,1,1,13,0,0
49,490192,1,1,2,19,12,12,7,8,0,1,0,49,1,30,46,30046,4,2001,WVWSH63B71P2,W,V,W,S,H,6,3,B,7,1,P,2,0,P,VOLK,PG4,4D,1,17,3476,,0,1064,,G,,0,0,000000000,00000000000,0,0,0,1,0,0,0,0,0,0,0,75,0,0,0,6,6,4,3,8,0,0,0,1,49,84663,6,1,0,0,3,3,73,240,98,0,0,0,0,0,0,0,0,1,28,87,0,0,2,2,75,1,1,2,2,0,0,1,5,1,4,4,2,0,0
49,490193,1,2,1,6,12,10,53,12,2,1,0,49,2,24,1,24001,4,2002,1G8ZK52792Z2,1,G,8,Z,K,5,2,7,9,2,Z,2,0,P,STRN,SL2,4D,2,17,2431,,0,1024,,G,,0,0,000000000,00000000000,0,0,0,1,0,0,0,0,0,0,0,35,0,0,0,12,12,6,2,12,0,0,0,1,49,84663,6,1,0,0,3,0,65,180,98,0,0,0,0,0,0,0,0,0,51,0,0,0,5,2,35,1,3,2,2,0,0,1,54,1,1,1,50,1,0
49,490193,2,2,1,6,12,10,53,12,2,1,0,49,2,14,21,14021,4,2007,3MEHM02107R6,3,M,E,H,M,0,2,1,0,7,R,6,0,P,MERC,MPA,4D,7,17,3117,,0,1074,,G,,0,0,000000000,00000000000,0,0,0,1,0,0,0,0,0,0,0,35,0,0,0,12,12,6,2,12,0,0,0,1,49,84651,6,1,0,0,3,0,65,117,98,0,0,0,0,0,0,0,0,0,0,0,0,0,5,2,30,1,3,2,2,0,0,1,54,1,1,1,51,0,0
49,490194,1,2,1,29,12,19,0,12,6,1,0,49,2,20,401,20401,14,1997,1GNDT13W9V22,1,G,N,D,T,1,3,W,9,V,2,2,0,P,CHEV,BZR,UT,97,17,4046,,0,1070,,G,,0,0,000000000,00000000000,0,0,0,1,0,0,0,0,0,0,0,998,0,0,0,3,3,6,2,12,0,0,0,1,49,84084,6,1,0,0,3,3,66,190,98,0,0,1,0,7,2009,7,2009,1,28,87,0,0,1,2,35,1,1,2,3,0,0,1,5,1,4,2,64,1,0
49,490194,2,2,7,29,12,19,0,12,6,1,0,49,2,3,421,3421,15,2003,5GRGN23U03H1,5,G,R,G,N,2,3,U,0,3,H,1,0,T,HUMM,HH2,4W,3,17,,2,0,1228,HUM,G,,0,0,000000000,00000000000,0,0,0,1,0,0,0,0,0,0,0,998,0,0,0,12,12,4,3,12,0,0,0,1,49,84084,6,1,0,0,3,3,72,220,98,0,0,0,0,0,0,0,0,0,0,0,0,0,1,2,35,1,1,2,3,0,0,1,62,1,1,1,65,0,0
49,490195,1,2,1,20,12,14,20,12,2,1,0,49,2,37,32,37032,4,1998,1HGCG5655WA0,1,H,G,C,G,5,6,5,5,W,A,0,0,P,HOND,UEX,4D,98,17,2985,,0,1069,,G,,0,0,000000000,00000000000,0,0,0,1,0,0,0,0,0,0,0,999,0,0,0,12,12,6,2,12,0,0,0,1,49,84107,3,1,0,0,2,3,72,155,98,0,0,0,0,0,0,0,0,0,28,0,0,0,5,2,45,1,1,2,3,0,0,1,10,1,1,2,50,1,0
49,490195,2,2,2,20,12,14,20,12,2,1,0,49,2,19,421,19421,15,2002,1GYEK63N82R2,1,G,Y,E,K,6,3,N,8,2,R,2,0,P,CADI,ESC,UT,2,17,5554,,0,1160,,G,,0,0,000000000,00000000000,0,0,0,1,0,0,0,0,0,0,0,40,0,0,0,12,12,6,2,12,0,0,0,1,49,84047,6,1,0,0,3,3,72,180,98,0,0,0,0,0,0,0,0,0,0,0,0,0,5,2,45,1,1,2,3,0,0,1,62,1,1,1,51,0,0
49,490196,1,2,2,17,12,19,4,12,6,1,0,49,1,18,2,18002,4,1998,1G4HR52K4WH5,1,G,4,H,R,5,2,K,4,W,H,5,0,P,BUIC,LLF,4D,98,17,3370,,0,1108,,G,,0,0,000000000,00000000000,0,0,0,1,0,0,0,0,0,0,0,35,0,0,0,3,3,6,2,12,0,0,0,1,49,84640,6,1,0,0,3,3,62,238,98,0,0,0,0,0,0,0,0,1,28,0,0,0,1,2,55,2,2,2,3,0,0,14,10,1,1,2,66,2,0
49,490196,2,2,2,17,12,19,4,12,6,1,0,49,2,20,481,20481,31,2007,1GCHK23D27F1,1,G,C,H,K,2,3,D,2,7,F,1,0,T,CHEV,2KH,CW,7,17,,2,1670,1530,SIL,D,,0,0,000000000,00000000000,0,0,0,1,0,0,0,0,0,0,0,35,0,0,0,12,12,6,2,12,0,0,0,1,49,84043,6,1,0,0,3,0,71,240,98,0,0,1,0,10,2008,10,2008,0,0,0,0,0,1,2,55,3,2,2,3,0,0,14,62,1,1,1,66,0,0
49,490197,1,2,4,18,12,11,19,12,1,1,0,49,2,37,31,37031,2,1995,2HGEH2361SH5,2,H,G,E,H,2,3,6,1,S,H,5,0,P,HOND,CID,2H,95,17,2115,,0,1013,,G,,0,0,000000000,00000000000,0,0,0,1,0,0,0,0,0,0,0,50,0,0,0,6,6,6,2,12,0,0,0,1,49,84325,6,1,0,0,3,0,64,110,98,0,0,2,0,8,2008,2,2009,1,79,0,0,0,5,2,55,1,1,2,3,0,0,1,10,1,4,2,62,2,0
49,490197,2,2,1,18,12,11,19,12,1,1,0,49,1,20,37,20037,4,2005,1G1ZU54835F2,1,G,1,Z,U,5,4,8,3,5,F,2,0,P,CHEV,MLT,4D,5,17,3315,,0,1063,,G,,0,0,000000000,00000000000,0,0,0,1,0,0,0,0,0,0,0,50,0,0,0,12,12,6,2,12,0,0,0,1,49,84319,3,1,0,0,2,3,63,190,98,0,0,0,0,0,0,0,0,0,0,0,0,0,5,2,55,1,1,2,3,0,0,1,62,1,1,1,62,0,0
49,490198,1,2,1,18,10,16,25,12,6,1,0,49,1,55,36,55036,5,2005,KMHCG45C95U5,K,M,H,C,G,4,5,C,9,5,U,5,0,P,HYUN,AGL,4D,5,17,2280,,0,961,,G,,0,0,000000000,00000000000,0,0,0,1,0,0,0,0,0,0,0,10,0,0,0,3,3,6,2,12,0,0,0,1,6,84087,6,1,0,0,3,3,999,999,99,99,99,99,99,99,9999,99,9999,0,38,0,0,0,1,2,25,1,1,2,1,20,3,1,17,1,1,1,87,1,0
49,490198,2,2,1,18,10,16,25,12,6,1,0,49,2,85,898,85898,63,1979,1735995,1,7,3,5,9,9,5,,,,,,0,P,,,,,,,,,,,,,0,58,424107,58424107,3,1,4,1,0,0,0,0,0,0,0,55,0,0,0,12,12,6,2,12,0,0,0,1,49,84087,6,1,6,1,3,0,999,999,98,0,0,0,0,0,0,0,0,0,0,0,0,0,5,2,55,1,1,2,1,0,0,1,17,1,1,1,86,0,0
49,490199,1,1,3,26,11,20,5,42,0,1,0,49,1,48,38,48038,4,2002,JF1GD29612G5,J,F,1,G,D,2,9,6,1,2,G,5,0,P,SUBA,IWX,4D,2,17,3085,,0,994,,G,,0,0,000000000,00000000000,0,0,0,1,0,0,0,0,0,0,0,60,0,0,0,9,9,6,2,42,0,0,0,1,49,84074,6,1,0,0,3,0,72,165,98,0,0,0,0,0,0,0,0,1,28,36,0,0,1,2,25,1,1,2,4,0,0,1,12,1,1,4,6,1,1
49,490200,1,2,3,28,11,15,46,12,9,1,0,49,1,7,482,7482,31,2003,1D7HU18Z23J5,1,D,7,H,U,1,8,Z,2,3,J,5,0,T,DODG,SQ1,CW,3,17,,2,1605,1405,RPC,G,,0,0,000000000,00000000000,0,0,0,1,0,0,0,0,0,0,0,0,0,0,0,6,6,6,2,12,0,0,0,1,49,84057,6,1,0,0,3,0,66,170,98,0,0,1,0,4,2010,4,2010,0,54,0,0,0,3,3,65,1,2,1,3,0,0,7,98,6,7,5,98,0,0
49,490200,2,2,1,28,11,15,46,12,9,1,0,49,1,7,402,7402,14,2003,1D4HR38N73F6,1,D,4,H,R,3,8,N,7,3,F,6,0,P,DODG,DUR,UT,3,17,4256,,0,1160,,G,,0,0,000000000,00000000000,0,0,0,1,0,0,0,0,0,0,0,70,0,0,0,9,3,6,2,12,0,0,0,1,49,84015,6,1,0,0,3,3,62,150,98,0,0,0,0,0,0,0,0,1,87,0,0,0,3,3,65,1,2,1,3,0,0,1,6,6,4,4,98,1,0
49,490201,1,2,5,6,12,12,36,12,6,1,0,49,1,7,461,7461,21,1994,2B5WB35T0RK5,2,B,5,W,B,3,5,T,0,R,K,5,0,T,DODG,B3W,MP,94,17,,2,0,1276,RMW,N,,0,88,888888888,88888888888,1,20,22,1,0,0,0,0,0,0,0,45,0,0,0,9,9,6,2,12,0,0,0,1,4,84784,6,1,0,0,3,0,999,999,0,0,0,0,0,0,0,0,0,0,38,0,0,0,5,2,45,1,2,2,1,3,3,1,17,1,1,1,89,1,0
49,490201,2,2,2,6,12,12,36,12,6,1,0,49,1,89,884,89884,63,2006,5VCDC6MF96H2,5,V,C,D,C,6,M,F,9,6,H,2,0,T,AUTC,WXA,TL,6,17,,8,0,0,XPD,D,,0,58,1647773,581647773,3,2,7,1,0,0,0,0,0,0,0,30,0,0,0,12,12,6,2,12,0,0,0,1,49,84721,6,1,6,1,3,0,999,999,98,0,0,0,0,0,0,0,0,0,0,0,0,0,5,2,45,1,2,2,1,0,0,1,17,1,1,1,88,0,0