STATE,ST_CASE,VEH_NO,VE_FORMS,NUMOCCS,DAY,MONTH,HOUR,MINUTE,HARM_EV,MAN_COLL,UNITTYPE,HIT_RUN,REG_STAT,OWNER,MAKE,MODEL,MAK_MOD,BODY_TYP,MOD_YEAR,VIN,VIN_1,VIN_2,VIN_3,VIN_4,VIN_5,VIN_6,VIN_7,VIN_8,VIN_9,VIN_10,VIN_11,VIN_12,TOW_VEH,VINTYPE,VINMAKE,VINA_MOD,VIN_BT,VINMODYR,VIN_LNGT,VIN_WGT,WGTCD_TR,WHLBS_LG,WHLBS_SH,SER_TR,FUELCODE,MCYCL_DS,J_KNIFE,MCARR_I1,MCARR_I2,MCARR_ID,GVWR,V_CONFIG,CARGO_BT,HAZ_INV,HAZ_PLAC,HAZ_ID,HAZ_CNO,HAZ_REL,BUS_USE,SPEC_USE,EMER_USE,TRAV_SP,UNDERIDE,ROLLOVER,ROLINLOC,IMPACT1,IMPACT2,DEFORMED,TOWED,M_HARM,VEH_SC1,VEH_SC2,FIRE_EXP,DR_PRES,L_STATE,DR_ZIP,L_STATUS,L_TYPE,CDL_STAT,L_ENDORS,L_COMPL,L_RESTRI,DR_HGT,DR_WGT,PREV_ACC,PREV_SUS,PREV_DWI,PREV_SPD,PREV_OTH,FIRST_MO,FIRST_YR,LAST_MO,LAST_YR,SPEEDREL,DR_SF1,DR_SF2,DR_SF3,DR_SF4,VTRAFWAY,VNUM_LAN,VSPD_LIM,VALIGN,VPROFILE,VPAVETYP,VSURCOND,VTRAFCON,VTCONT_F,P_CRASH1,P_CRASH2,P_CRASH3,PCRASH4,PCRASH5,ACC_TYPE,DEATHS,DR_DRINK
50,500017,2,2,1,18,5,9,40,12,2,1,0,50,1,49,46,49046,5,2005,JTDKB20UX530,J,T,D,K,B,2,0,U,X,5,3,0,0,P,TOYT,PRI,4H,5,17,2890,,0,1063,,B,,0,0,000000000,00000000000,0,0,0,1,0,0,0,0,0,0,0,999,0,0,0,12,12,6,2,12,0,0,0,1,50,5143,6,1,6,0,3,0,71,178,0,0,0,0,0,0,0,0,0,0,0,0,0,0,1,2,50,3,4,2,1,0,0,14,54,1,1,1,51,1,0
50,500018,1,2,2,19,5,14,58,12,2,1,0,50,1,7,442,7442,20,2003,1D4GP25333B1,1,D,4,G,P,2,5,3,3,3,B,1,0,P,DODG,CAR,SV,3,17,3758,,0,1133,,F,,0,0,000000000,00000000000,0,0,0,1,0,0,0,0,0,0,0,40,0,0,0,12,12,6,2,12,0,0,0,1,50,5440,6,1,0,0,3,0,62,205,2,0,0,0,0,11,2007,6,2009,0,28,0,0,0,1,2,40,1,1,2,1,0,0,1,10,1,1,2,50,1,0
50,500018,2,2,1,19,5,14,58,12,2,1,0,50,1,37,402,37402,14,2009,5J6RE48599L0,5,J,6,R,E,4,8,5,9,9,L,0,0,P,HOND,CRV,UT,9,17,3532,,0,1031,,G,,0,0,000000000,00000000000,0,0,0,1,0,0,0,0,0,0,0,35,0,0,0,12,12,6,2,12,0,0,0,1,50,5440,6,1,0,0,3,0,65,120,2,3,0,3,0,10,2007,3,2010,0,0,0,0,0,1,2,40,1,1,2,1,0,0,1,62,9,1,1,51,0,0
50,500019,1,1,1,22,5,15,29,9,0,1,0,50,1,20,421,20421,15,2003,1GNEK13Z13R1,1,G,N,E,K,1,3,Z,1,3,R,1,0,P,CHEV,KTA,UT,3,17,5050,,0,1160,,F,,0,0,000000000,00000000000,0,0,0,1,0,0,0,0,0,0,0,999,0,0,0,1,0,2,1,9,0,0,0,1,50,5482,6,1,0,0,3,0,64,150,0,0,0,0,0,0,0,0,0,0,0,0,0,0,1,2,0,1,1,2,1,0,0,10,15,1,1,1,13,0,0
50,500020,1,2,1,23,5,13,10,12,6,1,0,23,1,73,705,73705,80,2000,JKAKLEA1XYA0,J,K,A,K,L,E,A,1,X,Y,A,0,0,M,KAWK,KL6,RT,0,17,,,,,,,650,0,0,000000000,00000000000,0,0,0,1,0,0,0,0,0,0,0,999,0,0,0,12,12,6,2,12,0,0,0,1,23,4419,6,1,0,0,3,3,73,145,0,1,0,1,0,6,2007,10,2007,0,28,0,0,0,1,2,50,1,4,2,1,0,0,1,10,3,2,2,64,1,0
50,500020,2,2,1,23,5,13,10,12,6,1,0,50,2,12,881,12881,61,2002,1FDWF37F02EB,1,F,D,W,F,3,7,F,0,2,E,B,0,T,FORD,F3D,CB,2,17,,3,1650,1410,DRW,D,,0,88,888888888,88888888888,2,1,96,1,0,0,0,0,0,0,0,40,0,0,0,10,10,4,1,12,0,0,0,1,50,5819,6,1,0,0,3,0,69,240,0,3,2,0,0,3,2008,1,2010,0,0,0,0,0,1,2,50,1,4,2,1,0,0,1,62,7,1,1,65,0,0
50,500021,1,1,2,27,5,1,57,24,0,1,0,50,1,53,705,53705,80,1995,JS1GN72A1S21,J,S,1,G,N,7,2,A,1,S,2,1,0,M,SUZI,GX6,RS,95,17,,,,,,,599,0,0,000000000,00000000000,0,0,0,1,0,0,0,0,0,0,0,73,0,0,0,10,81,4,3,24,0,0,0,1,50,5819,1,1,0,0,2,0,70,156,0,1,0,1,0,2,2009,2,2009,1,36,0,0,0,1,2,50,2,5,2,1,0,0,14,10,1,1,4,6,1,1
50,500022,1,1,1,4,6,22,47,24,0,1,0,50,2,47,35,47035,5,1999,YS3DF55PXX20,Y,S,3,D,F,5,5,P,X,X,2,0,0,P,SAA,93E,4H,99,17,3160,,0,1026,,G,,0,0,000000000,00000000000,0,0,0,1,0,0,0,0,0,0,0,87,0,1,2,9,61,6,2,24,0,0,0,1,50,5048,6,1,0,0,3,0,70,200,0,1,0,0,0,8,2007,8,2007,1,36,0,0,0,1,2,50,3,6,2,1,0,0,14,13,1,3,4,2,1,1
50,500023,1,1,1,8,6,0,1,11,0,1,0,50,2,48,34,48034,9,1996,4S3BG6854T73,4,S,3,B,G,6,8,5,4,T,7,3,0,P,SUBA,ULK,SW,96,17,3230,,0,1035,,G,,0,0,000000000,00000000000,0,0,0,1,0,0,0,0,0,0,0,999,0,0,0,12,12,6,2,11,0,0,0,1,50,5857,6,1,0,0,3,0,67,140,0,0,0,0,0,0,0,0,0,0,0,0,0,0,2,2,65,1,5,2,1,0,0,1,87,1,1,1,13,1,0
50,500024,1,1,1,14,6,7,28,42,0,1,0,36,2,54,31,54031,3,1994,JH4DC4356RS0,J,H,4,D,C,4,3,5,6,R,S,0,0,P,ACUR,ILS,2H,94,17,2572,,0,1012,,G,,0,0,000000000,00000000000,0,0,0,1,0,0,0,0,0,0,0,80,0,1,5,9,62,6,2,42,0,0,0,1,4,12832,6,1,0,0,3,0,67,170,0,1,0,0,4,6,2009,1,2010,1,36,89,0,0,1,2,45,1,3,2,1,0,0,1,6,1,3,4,7,1,0
50,500025,1,1,4,20,6,0,47,31,0,1,0,50,1,47,35,47035,5,2003,YS3FB45S2310,Y,S,3,F,B,4,5,S,2,3,1,0,0,P,SAA,93L,4D,3,17,3320,,0,1053,,G,,0,0,000000000,00000000000,0,0,0,1,0,0,0,0,0,0,0,999,0,1,5,81,13,6,2,42,0,0,0,1,50,5819,6,1,0,0,3,0,70,145,0,2,0,2,1,8,2007,10,2009,1,0,0,0,0,1,2,40,2,6,2,1,0,0,14,6,1,3,4,7,3,1
50,500026,1,2,1,2,7,16,4,12,2,1,0,50,1,48,34,48034,4,2010,4S3BMBG65A32,4,S,3,B,M,B,G,6,5,A,3,2,0,P,SUBA,2IP,4D,10,17,3275,,0,1083,,G,,0,0,000000000,00000000000,0,0,0,1,0,0,0,0,0,0,0,50,0,0,0,12,12,6,2,12,0,0,0,1,50,5356,6,1,0,0,3,0,66,165,0,0,0,0,0,0,0,0,0,0,28,0,0,0,1,2,50,2,3,2,1,0,0,14,10,1,1,2,50,1,0
50,500026,2,2,2,2,7,16,4,12,2,1,0,33,2,6,441,6441,20,2006,2A4GP54L46R7,2,A,4,G,P,5,4,L,4,6,R,7,0,P,CHRY,TWC,SV,6,17,4267,,0,1193,,G,,0,0,000000000,00000000000,0,0,0,1,0,0,0,0,0,0,0,50,0,0,0,12,12,6,2,12,0,0,0,1,33,3062,6,1,0,0,3,3,70,169,0,0,0,0,0,0,0,0,0,0,0,0,0,0,1,2,50,3,3,2,1,0,0,14,62,7,1,1,51,0,0
50,500027,1,1,5,10,7,0,55,5,0,1,0,33,1,7,472,7472,30,2002,1B7HG48Z62S6,1,B,7,H,G,4,8,Z,6,2,S,6,0,T,DODG,DQS,4C,2,17,,2,0,1309,DAK,G,,0,0,000000000,00000000000,0,0,0,1,0,0,0,0,0,0,0,35,0,0,0,0,0,0,1,5,0,0,0,1,33,3431,6,1,0,0,3,0,69,140,0,0,0,1,0,6,2010,6,2010,0,36,0,0,0,1,2,40,3,1,2,1,0,0,14,98,1,1,1,0,1,1
50,500028,1,1,2,23,7,23,6,30,0,1,0,50,2,20,401,20401,14,1996,1GNDT13W0T22,1,G,N,D,T,1,3,W,0,T,2,2,0,P,CHEV,BZR,UT,96,17,4023,,0,1070,,G,,0,0,000000000,00000000000,0,0,0,1,0,0,0,0,0,0,0,90,0,0,0,99,12,6,2,42,0,0,0,1,50,5461,6,1,0,0,3,0,71,215,0,2,0,1,0,4,2009,6,2010,1,36,0,0,0,1,2,50,3,6,2,1,0,0,14,13,1,1,4,1,1,1
50,500029,1,2,1,6,8,14,58,12,1,1,0,50,3,12,881,12881,61,2006,1FDXF46P46EA,1,F,D,X,F,4,6,P,4,6,E,A,0,T,FORD,F4D,CB,6,17,,4,2000,1410,DRW,D,,0,57,10670,5710670,2,1,96,1,0,0,0,0,0,0,0,48,1,0,0,12,12,6,2,12,0,0,0,1,50,5777,6,1,6,0,3,0,69,175,0,0,0,0,0,0,0,0,0,0,0,0,0,0,1,2,50,1,1,2,1,0,0,1,50,1,1,1,20,1,0
50,500029,2,2,1,6,8,14,58,12,1,1,0,42,3,84,883,84883,66,2000,2HSFLAHN8YC0,2,H,S,F,L,A,H,N,8,Y,C,0,1,T,INTL,920,DS,0,17,,7,1850,1400,920,D,,1,42,000010670,42000010670,3,6,1,1,0,0,0,0,0,0,0,0,7,0,0,6,6,2,1,12,0,0,0,1,50,5478,6,1,6,0,3,0,72,200,0,0,0,0,0,0,0,0,0,0,0,0,0,0,1,2,50,1,1,2,1,0,0,5,15,1,1,1,21,0,0
50,500030,1,1,1,13,8,14,5,8,0,1,0,50,1,20,481,20481,31,2002,1GCEK14V52Z2,1,G,C,E,K,1,4,V,5,2,Z,2,0,T,CHEV,SK1,PK,2,17,,2,1330,1190,SIL,G,,0,0,000000000,00000000000,0,0,0,1,0,0,0,0,0,0,0,20,0,0,0,1,1,2,1,8,0,0,0,1,50,5857,6,1,6,0,3,3,74,157,0,0,0,0,0,0,0,0,0,0,36,39,0,0,1,2,50,1,1,2,8,50,3,1,80,1,1,1,13,0,0
50,500031,1,1,3,1,8,16,27,30,0,1,0,50,1,35,39,35039,4,1996,JN1CA21D7TT7,J,N,1,C,A,2,1,D,7,T,T,7,0,P,NISS,MGS,4D,96,17,2886,,0,1063,,G,,0,0,000000000,00000000000,0,0,0,1,0,0,0,0,0,0,0,999,0,0,0,10,62,6,2,30,0,0,0,1,50,5403,6,1,0,0,3,0,71,170,0,1,0,0,3,8,2008,7,2010,1,36,0,0,0,1,2,50,4,1,2,1,0,0,14,13,1,3,4,2,1,0
50,500032,1,2,5,20,8,12,15,12,6,1,0,50,1,20,481,20481,31,1999,2GCEK19T7X11,2,G,C,E,K,1,9,T,7,X,1,1,0,T,CHEV,SK1,3C,99,17,,2,1575,1435,SIL,G,,0,0,000000000,00000000000,0,0,0,1,0,0,0,0,0,0,0,60,0,0,0,12,12,6,2,12,0,0,0,1,50,5488,6,1,0,0,3,3,68,146,0,0,0,1,0,11,2009,11,2009,1,36,0,0,0,1,2,40,1,1,2,1,0,0,1,65,6,1,1,79,0,0
50,500032,2,2,4,20,8,12,15,12,6,1,0,25,2,30,46,30046,6,2001,WVWVD63B81E2,W,V,W,V,D,6,3,B,8,1,E,2,0,P,VOLK,PGS,SW,1,17,3172,,0,1064,,G,,0,0,000000000,00000000000,0,0,0,1,0,0,0,0,0,0,0,3,0,0,0,9,9,6,2,12,0,0,0,1,25,1330,6,1,0,0,3,0,72,999,0,0,0,0,0,0,0,0,0,0,0,0,0,0,1,2,40,1,1,2,1,20,3,10,16,1,1,1,78,1,0
50,500033,1,1,1,22,8,22,7,42,0,1,0,25,1,22,24,22024,4,2009,6G2EP57WX9L3,6,G,2,E,P,5,7,W,X,9,L,3,0,P,PONT,8GP,4D,9,17,4050,,0,1148,,G,,0,0,000000000,00000000000,0,0,0,1,0,0,0,0,0,0,0,80,0,0,0,3,81,6,2,42,0,0,0,1,25,1887,6,1,0,0,3,0,75,999,0,0,0,0,0,0,0,0,0,1,0,0,0,0,2,2,65,1,1,2,2,0,0,1,6,1,4,4,7,1,0
50,500034,1,1,1,2,9,13,15,42,0,1,0,50,1,12,35,12035,4,1998,1FAFP653CWK2,1,F,A,F,P,6,5,3,C,W,K,2,0,P,FORD,LSG,4D,98,17,2769,,0,1065,,G,,0,0,000000000,00000000000,0,0,0,1,0,0,0,0,0,0,0,999,0,0,0,12,12,6,2,42,0,0,0,1,50,5859,6,1,0,0,3,3,64,160,0,0,0,1,0,3,2008,3,2008,9,0,0,0,0,1,2,50,4,1,1,1,0,0,14,13,1,1,4,1,1,0
50,500035,1,1,5,29,8,2,40,1,0,1,0,50,2,54,38,54038,3,2002,JH4DC54852C0,J,H,4,D,C,5,4,8,5,2,C,0,0,P,ACUR,RSX,2H,2,17,2769,,0,1012,,G,,0,0,000000000,00000000000,0,0,0,1,0,0,0,0,0,0,0,999,0,1,5,0,61,6,2,1,0,0,0,1,50,5829,6,1,0,0,3,3,68,160,0,0,0,1,0,8,2010,8,2010,1,36,0,0,0,1,2,50,2,1,2,1,0,0,14,13,1,3,4,2,1,1
50,500036,1,1,1,9,9,3,54,38,0,1,0,50,2,55,36,55036,3,2007,KMHCN36C17U0,K,M,H,C,N,3,6,C,1,7,U,0,0,P,HYUN,ASE,2H,7,17,2496,,0,984,,G,,0,0,000000000,00000000000,0,0,0,1,0,0,0,0,0,0,0,999,0,1,5,14,9,6,2,42,0,0,0,1,50,5253,6,1,0,0,3,3,66,150,0,0,0,0,0,0,0,0,0,0,0,0,0,0,1,2,30,3,1,2,1,0,0,14,12,1,1,4,6,1,1
50,500037,1,2,1,6,9,18,10,12,6,1,0,50,1,63,33,63033,4,2008,KNAFE1220855,K,N,A,F,E,1,2,2,0,8,5,5,0,P,KIA,SXC,4D,8,17,2919,,0,1028,,G,,0,0,000000000,00000000000,0,0,0,1,0,0,0,0,0,0,0,50,0,0,0,2,82,6,2,12,0,0,0,1,50,5401,6,1,0,0,3,0,64,170,0,0,0,0,0,0,0,0,0,0,28,0,0,0,1,2,55,1,1,2,1,0,0,1,10,1,1,2,66,1,0
50,500037,2,2,3,6,9,18,10,12,6,1,0,50,2,18,3,18003,4,2000,1G4CW54K3Y42,1,G,4,C,W,5,4,K,3,Y,4,2,0,P,BUIC,PKA,4D,0,17,3778,,0,1138,,G,,0,0,000000000,00000000000,0,0,0,1,0,0,0,0,0,0,0,50,0,0,0,12,12,6,2,12,0,0,0,1,33,3054,6,1,0,0,3,3,76,250,0,0,0,0,0,0,0,0,0,0,0,0,0,0,1,2,50,1,1,2,1,0,0,1,62,1,1,1,66,1,0
50,500038,1,1,3,17,9,23,21,1,0,1,0,50,2,12,471,12471,30,1998,1FTZR15U3WTA,1,F,T,Z,R,1,5,U,3,W,T,A,0,T,FORD,RNS,PS,98,17,,1,0,1259,RNG,G,,0,0,000000000,00000000000,0,0,0,1,0,0,0,0,0,0,0,999,0,2,1,0,62,6,2,1,0,0,0,1,50,5872,1,2,0,0,2,3,68,122,0,4,0,2,0,5,2009,7,2010,1,28,58,0,0,1,2,50,2,1,2,1,0,0,6,12,7,4,6,98,2,1
50,500039,1,1,1,26,9,16,37,1,0,1,0,50,1,72,706,72706,80,1987,1HD1FAL16HY5,1,H,D,1,F,A,L,1,6,H,Y,5,0,M,HD,FHS,RS,87,17,,,,,,,1340,0,0,000000000,00000000000,0,0,0,1,0,0,0,0,0,0,0,50,0,0,0,0,13,6,2,1,0,0,0,1,50,5765,6,1,6,0,3,0,70,250,0,0,0,0,0,0,0,0,0,0,0,0,0,0,1,2,50,3,1,2,1,0,0,14,13,1,4,4,2,1,0
50,500040,1,2,1,3,10,15,24,1,0,1,0,33,1,37,706,37706,80,2006,1HFSC52646A3,1,H,F,S,C,5,2,6,4,6,A,3,0,M,HOND,X13,RS,6,17,,,,,,,1312,0,0,000000000,00000000000,0,0,0,1,0,0,0,0,0,0,0,25,0,0,0,0,61,6,2,1,0,0,0,1,33,3825,6,1,0,0,3,3,61,135,1,0,0,0,0,9,2010,9,2010,0,28,0,0,0,1,2,35,2,6,2,1,0,0,14,10,1,1,2,98,1,0
50,500040,2,2,2,3,10,15,24,1,0,1,0,37,1,22,22,22022,2,2007,1G2ZH36N6741,1,G,2,Z,H,3,6,N,6,7,4,1,0,P,PONT,GGT,CV,7,17,3855,,0,1123,,G,,0,0,000000000,00000000000,0,0,0,1,0,0,0,0,0,0,0,0,0,0,0,12,14,6,2,12,0,0,0,1,37,28412,6,1,0,0,3,3,72,999,0,0,0,0,0,0,0,0,0,0,0,0,0,0,1,2,35,3,5,2,1,0,0,5,62,2,1,1,98,0,0
50,500041,1,2,1,4,10,8,10,12,6,1,0,50,1,47,35,47035,5,2000,YS3DF58K0Y20,Y,S,3,D,F,5,8,K,0,Y,2,0,0,P,SAA,93E,4H,0,17,3120,,0,1026,,G,,0,0,000000000,00000000000,0,0,0,1,0,0,0,0,0,0,0,15,0,0,0,9,9,6,2,12,0,0,0,1,50,5491,6,1,0,0,3,0,64,160,0,0,0,1,0,10,2009,10,2009,0,38,0,0,0,1,2,50,1,1,2,1,20,3,11,15,1,1,1,82,1,1
50,500041,2,2,1,4,10,8,10,12,6,1,0,50,1,59,31,59031,4,2000,JT6GF10U7Y00,J,T,6,G,F,1,0,U,7,Y,0,0,0,P,LEXS,RX3,UT,0,17,3692,,0,1031,,G,,0,0,000000000,00000000000,0,0,0,1,0,0,0,0,0,0,0,55,0,0,0,12,12,6,2,12,0,0,0,1,50,5445,6,1,0,0,3,0,61,120,0,0,0,0,0,0,0,0,0,0,0,0,0,0,3,2,50,3,1,2,1,0,0,14,67,8,2,1,83,0,0
50,500042,1,2,1,11,10,6,7,12,6,1,0,50,1,2,404,2404,14,1995,1J4FJ78S1SL5,1,J,4,F,J,7,8,S,1,S,L,5,0,T,JEEP,CTY,4W,95,17,,1,0,1014,CHK,G,,0,0,000000000,00000000000,0,0,0,1,0,0,0,0,0,0,0,999,1,0,0,12,13,6,2,12,0,0,1,1,50,5346,1,1,0,0,2,0,69,150,0,3,0,0,3,6,2008,4,2009,1,36,0,0,0,1,2,30,1,1,2,1,0,0,1,66,3,2,1,83,1,0
50,500042,2,2,1,11,10,6,7,12,6,1,0,50,3,84,881,84881,66,2010,3HSCUAPR7AN1,3,H,S,C,U,A,P,R,7,A,N,1,1,T,INTL,PPR,DS,10,17,,8,0,0,PRO,D,,1,57,000218885,57000218885,3,6,1,1,0,0,0,0,0,0,0,6,0,0,0,8,8,4,3,12,0,0,0,1,50,5346,6,1,6,0,3,0,73,210,0,0,0,0,0,0,0,0,0,0,0,0,0,0,6,1,65,1,1,2,1,20,3,11,15,1,1,1,82,0,0
50,500043,1,1,1,24,9,19,3,17,0,1,0,50,1,20,431,20431,16,1991,1GNEV16K3MF1,1,G,N,E,V,1,6,K,3,M,F,1,0,P,CHEV,V15,UT,91,17,5378,,0,1295,,G,,0,0,000000000,00000000000,0,0,0,1,0,0,0,0,0,0,0,60,0,1,5,62,62,6,2,17,0,0,0,1,50,5829,6,1,0,0,3,0,74,187,0,0,0,0,0,0,0,0,0,1,0,0,0,0,1,2,35,3,5,4,11,0,0,14,6,3,4,4,7,1,1
50,500044,1,1,1,18,10,20,42,33,0,1,0,50,1,12,37,12037,4,2005,1FAFP34N25W1,1,F,A,F,P,3,4,N,2,5,W,1,0,P,FORD,ZX4,4D,5,17,2677,,0,1030,,G,,0,0,000000000,00000000000,0,0,0,1,0,0,0,0,0,0,0,999,0,0,0,14,12,6,2,30,0,0,0,1,50,5495,6,1,0,0,3,0,69,170,0,0,0,0,0,0,0,0,0,0,0,0,0,0,1,2,40,1,5,2,1,0,0,1,12,1,1,4,6,1,0
50,500045,1,2,1,23,10,16,17,12,2,1,0,50,1,7,25,7025,5,2007,1B3HB28B17D2,1,B,3,H,B,2,8,B,1,7,D,2,0,P,DODG,CLB,4D,7,17,3000,,0,1037,,G,,0,0,000000000,00000000000,0,0,0,1,0,0,0,0,0,0,0,0,0,0,0,12,12,6,2,12,0,0,0,1,50,5068,6,1,0,0,3,3,64,141,1,0,0,0,0,10,2010,10,2010,0,36,38,0,0,1,2,50,3,1,2,1,0,0,11,15,1,1,2,82,0,0
50,500045,2,2,2,23,10,16,17,12,2,1,0,33,1,53,706,53706,80,2002,JS1VX51L7221,J,S,1,V,X,5,1,L,7,2,2,1,0,M,SUZI,VS4,RS,2,17,,,,,,,1360,0,0,000000000,00000000000,0,0,0,1,0,0,0,0,0,0,0,40,0,0,0,12,12,6,2,12,0,0,0,1,33,3743,6,1,0,0,3,0,65,140,0,0,0,0,0,0,0,0,0,0,0,0,0,0,1,2,50,2,1,2,1,0,0,14,62,2,1,1,83,1,0
50,500046,1,1,1,13,10,19,2,19,0,1,0,50,1,72,706,72706,80,1989,1HD1BKL10KY0,1,H,D,1,B,K,L,1,0,K,Y,0,0,M,HD,XTC,RS,89,17,,,,,,,1340,0,0,000000000,00000000000,0,0,0,1,0,0,0,0,0,0,0,30,0,0,0,12,12,6,2,19,0,0,0,1,50,5444,6,1,0,0,3,0,73,185,0,0,0,1,0,7,2010,7,2010,0,0,0,0,0,1,2,30,1,1,2,1,0,0,1,13,3,2,4,2,1,1
50,500047,1,1,1,17,11,2,19,42,0,1,0,50,1,12,481,12481,31,1997,1FTDX1763VNB,1,F,T,D,X,1,7,6,3,V,N,B,0,T,FORD,F15,3C,97,17,,1,1570,1390,COF,G,,0,0,000000000,00000000000,0,0,0,1,0,0,0,0,0,0,0,999,0,0,0,82,2,6,2,42,0,0,0,1,50,5871,6,1,0,0,3,0,70,160,0,0,0,1,1,5,2009,8,2010,1,0,0,0,0,1,2,50,3,1,2,2,0,0,14,12,1,1,4,6,1,1
50,500048,1,1,1,18,11,10,15,19,0,1,0,50,1,47,31,47031,3,1991,YS3AK36E8M50,Y,S,3,A,K,3,6,E,8,M,5,0,0,P,SAA,9BS,2H,91,17,2758,,0,991,,G,,0,0,000000000,00000000000,0,0,0,1,0,0,0,0,0,0,0,20,0,0,0,12,12,6,2,19,32,44,0,1,50,5038,6,1,0,0,3,1,63,110,0,0,0,0,0,0,0,0,0,0,0,0,0,0,1,2,35,1,1,2,1,2,3,1,8,1,1,4,15,1,0
50,500049,1,1,1,20,11,9,46,42,0,1,0,50,1,6,44,6044,4,1998,1C3EJ56H2WN2,1,C,3,E,J,5,6,H,2,W,N,2,0,P,CHRY,CLI,4D,98,17,3117,,0,1080,,G,,0,0,000000000,00000000000,0,0,0,1,0,0,0,0,0,0,0,999,0,0,0,3,9,6,2,42,0,0,0,1,50,5873,6,1,0,0,3,1,64,202,0,0,0,0,0,0,0,0,0,0,28,0,0,0,1,2,30,1,1,2,3,0,0,11,14,1,1,4,14,1,0
50,500050,1,1,1,21,11,2,30,42,0,1,0,50,2,12,401,12401,14,1998,1FMZU34X9WUB,1,F,M,Z,U,3,4,X,9,W,U,B,0,P,FORD,EPR,UT,98,17,4146,,0,1115,,G,,0,0,000000000,00000000000,0,0,0,1,0,0,0,0,0,0,0,40,0,0,0,12,12,6,2,42,0,0,0,1,50,5401,0,0,0,0,0,0,68,190,0,0,0,0,0,0,0,0,0,0,0,0,0,0,1,2,40,1,6,2,1,0,0,1,13,1,1,4,1,1,1
50,500051,1,1,1,21,11,2,45,1,0,1,0,50,1,19,18,19018,4,2005,1G6DN56S9501,1,G,6,D,N,5,6,S,9,5,0,1,0,P,CADI,CTV,4D,5,17,3850,,0,1134,,G,,0,0,000000000,00000000000,0,0,0,1,0,0,0,0,0,0,0,50,0,2,6,0,98,6,2,1,0,0,0,1,50,5354,6,1,0,0,3,0,69,195,0,0,0,0,1,6,2010,6,2010,1,0,0,0,0,1,2,40,3,1,2,1,0,0,14,8,10,4,4,7,1,1
50,500052,1,1,1,24,11,23,19,1,0,1,0,50,1,35,39,35039,4,2000,JN1CA31A5YT0,J,N,1,C,A,3,1,A,5,Y,T,0,0,P,NISS,MGS,4D,0,17,3071,,0,1083,,G,,0,0,000000000,00000000000,0,0,0,1,0,0,0,0,0,0,0,999,0,2,5,0,98,6,2,1,0,0,0,1,50,5655,1,1,0,0,2,0,68,170,0,2,2,0,0,9,2010,11,2010,1,0,0,0,0,1,2,50,2,1,4,1,0,0,14,6,1,9,4,7,1,1
50,500053,1,1,1,27,11,16,50,17,0,1,0,50,1,20,401,20401,14,1998,1GNDT13W9W22,1,G,N,D,T,1,3,W,9,W,2,2,0,P,CHEV,BZR,UT,98,17,4046,,0,1070,,G,,0,0,000000000,00000000000,0,0,0,1,0,0,0,0,0,0,0,30,0,0,0,11,62,6,2,17,0,0,0,1,50,5701,6,1,0,0,3,0,66,165,0,0,0,0,0,0,0,0,0,0,0,0,0,0,1,2,50,3,6,2,4,0,0,14,5,1,9,4,7,1,0
50,500054,1,1,2,27,11,16,58,33,0,1,0,36,2,23,401,23401,14,2000,1GKDT13W5Y21,1,G,K,D,T,1,3,W,5,Y,2,1,0,T,GMC,J/E,4W,0,17,,1,0,1070,J/E,G,,0,0,000000000,00000000000,0,0,0,1,0,0,0,0,0,0,0,45,0,2,3,14,61,6,2,1,0,0,0,1,36,12090,6,1,0,0,3,0,71,999,0,0,0,0,1,10,2009,10,2009,0,0,0,0,0,2,2,45,3,1,2,4,29,8,14,5,1,4,4,7,1,0
50,500055,1,2,3,4,12,18,4,24,0,1,0,37,1,2,404,2404,14,2004,1J4GW48S74C1,1,J,4,G,W,4,8,S,7,4,C,1,0,T,JEEP,LCF,4W,4,17,,1,0,1059,GCK,G,,0,0,000000000,00000000000,0,0,0,1,0,0,0,0,0,0,0,60,0,0,0,6,8,6,2,12,0,0,0,1,25,5677,6,1,0,0,3,0,66,999,2,0,0,1,1,12,2008,6,2009,0,0,0,0,0,2,2,65,1,1,2,3,0,0,1,5,1,4,4,2,1,1
50,500055,2,2,1,4,12,18,4,24,0,1,0,50,1,37,421,37421,15,2008,5FNYF18588B0,5,F,N,Y,F,1,8,5,8,8,B,0,0,P,HOND,PIL,UT,8,17,4524,,0,1063,,G,,0,0,000000000,00000000000,0,0,0,1,0,0,0,0,0,0,0,60,0,0,0,12,12,6,2,12,0,0,0,1,50,5641,6,1,0,0,3,3,63,110,0,0,0,0,0,0,0,0,0,0,0,0,0,0,2,2,65,1,1,2,3,0,0,1,62,2,1,1,98,0,0
50,500056,1,1,1,7,12,10,57,31,0,1,0,50,1,35,47,35047,4,2008,1N4AL21EX8C2,1,N,4,A,L,2,1,E,X,8,C,2,0,P,NISS,ATS,4D,8,17,3028,,0,1093,,G,,0,0,000000000,00000000000,0,0,0,1,0,0,0,0,0,0,0,55,0,1,3,12,13,6,2,17,0,0,0,1,50,5701,6,1,0,0,3,3,72,165,0,0,0,0,0,0,0,0,0,0,0,0,0,0,2,2,55,1,6,2,2,0,0,1,12,1,1,4,6,1,0