STATE,ST_CASE,VEH_NO,VE_FORMS,NUMOCCS,DAY,MONTH,HOUR,MINUTE,HARM_EV,MAN_COLL,UNITTYPE,HIT_RUN,REG_STAT,OWNER,MAKE,MODEL,MAK_MOD,BODY_TYP,MOD_YEAR,VIN,VIN_1,VIN_2,VIN_3,VIN_4,VIN_5,VIN_6,VIN_7,VIN_8,VIN_9,VIN_10,VIN_11,VIN_12,TOW_VEH,VINTYPE,VINMAKE,VINA_MOD,VIN_BT,VINMODYR,VIN_LNGT,VIN_WGT,WGTCD_TR,WHLBS_LG,WHLBS_SH,SER_TR,FUELCODE,MCYCL_DS,J_KNIFE,MCARR_I1,MCARR_I2,MCARR_ID,GVWR,V_CONFIG,CARGO_BT,HAZ_INV,HAZ_PLAC,HAZ_ID,HAZ_CNO,HAZ_REL,BUS_USE,SPEC_USE,EMER_USE,TRAV_SP,UNDERIDE,ROLLOVER,ROLINLOC,IMPACT1,IMPACT2,DEFORMED,TOWED,M_HARM,VEH_SC1,VEH_SC2,FIRE_EXP,DR_PRES,L_STATE,DR_ZIP,L_STATUS,L_TYPE,CDL_STAT,L_ENDORS,L_COMPL,L_RESTRI,DR_HGT,DR_WGT,PREV_ACC,PREV_SUS,PREV_DWI,PREV_SPD,PREV_OTH,FIRST_MO,FIRST_YR,LAST_MO,LAST_YR,SPEEDREL,DR_SF1,DR_SF2,DR_SF3,DR_SF4,VTRAFWAY,VNUM_LAN,VSPD_LIM,VALIGN,VPROFILE,VPAVETYP,VSURCOND,VTRAFCON,VTCONT_F,P_CRASH1,P_CRASH2,P_CRASH3,PCRASH4,PCRASH5,ACC_TYPE,DEATHS,DR_DRINK
51,510059,2,3,1,12,2,12,9,12,1,1,0,51,3,12,881,12881,61,2006,1FDAF56P06EA,1,F,D,A,F,5,6,P,0,6,E,A,0,T,FORD,F5D,CB,6,17,,5,2000,1410,DRW,D,,0,51,100144121,51100144121,2,1,3,1,0,0,0,0,0,0,0,65,0,0,0,10,10,4,1,12,0,0,0,1,51,22193,6,1,0,0,3,0,66,195,0,0,0,0,0,0,0,0,0,1,0,0,0,0,3,8,55,1,1,2,1,0,0,1,51,2,1,2,98,0,0
51,510059,3,3,1,12,2,12,9,12,1,1,0,42,1,63,36,63036,6,2007,KNAFG5250770,K,N,A,F,G,5,2,5,0,7,7,0,0,P,KIA,ROL,SW,7,17,3333,,0,1063,,G,,0,0,000000000,00000000000,0,0,0,1,0,0,0,0,0,0,0,65,0,0,0,12,12,6,2,12,42,0,0,1,42,17331,6,1,0,0,3,0,66,999,0,0,0,0,0,0,0,0,0,1,28,0,0,0,3,8,55,1,1,2,1,0,0,1,10,2,3,2,20,1,0
51,510060,1,1,1,13,2,6,27,8,0,1,0,51,1,6,52,6052,6,2005,3C4FY58B75T5,3,C,4,F,Y,5,8,B,7,5,T,5,0,P,CHRY,PTC,SV,5,17,3033,,0,1030,,G,,0,0,000000000,00000000000,0,0,0,1,0,0,0,0,0,0,0,45,0,0,0,12,12,6,2,8,0,0,0,1,51,20177,6,1,6,0,3,0,71,170,0,3,0,4,0,6,2007,8,2009,0,0,0,0,0,2,4,50,1,1,2,1,0,0,15,80,2,1,1,13,0,0
51,510061,1,1,1,13,2,2,20,8,0,1,1,99,9,99,999,99999,99,9999,999999999999,9,9,9,9,9,9,9,9,9,9,9,9,9,U,,,,9,17,,,,,,,,0,99,999999999,99999999999,9,99,99,1,0,0,0,0,99,99,9,999,0,0,0,10,10,9,1,99,99,99,0,1,99,99999,9,9,99,9,9,9,999,999,99,99,99,99,99,99,9999,99,9999,9,0,0,0,0,1,2,55,3,2,2,1,0,0,99,80,99,9,9,13,0,0
51,510062,1,1,1,14,2,22,50,8,0,1,0,51,2,12,17,12017,4,1999,1FAFP53U0XG1,1,F,A,F,P,5,3,U,0,X,G,1,0,P,FORD,TSE,4D,99,17,3353,,0,1085,,G,,0,0,000000000,00000000000,0,0,0,1,0,0,0,0,0,0,0,45,0,0,0,12,12,6,2,8,0,0,0,1,51,22580,6,1,0,0,3,0,69,140,1,0,0,0,0,10,2007,10,2007,0,0,0,0,0,1,2,45,1,2,2,1,0,0,1,80,1,1,1,13,0,0
51,510063,1,2,1,15,2,10,45,12,2,1,0,51,1,22,20,22020,4,1991,1G2WJ14T3MF2,1,G,2,W,J,1,4,T,3,M,F,2,0,P,PONT,GFS,CP,91,17,3104,,0,1075,,G,,0,0,000000000,00000000000,0,0,0,1,0,0,0,0,0,0,0,50,0,0,0,12,12,6,2,12,0,0,0,1,51,23942,6,1,0,0,3,0,61,170,0,3,0,2,1,5,2007,4,2009,0,0,0,0,0,1,2,55,3,2,2,1,0,0,14,10,1,1,2,50,1,0
51,510063,2,2,2,15,2,10,45,12,2,1,0,95,2,7,482,7482,31,2002,1B7HL38X02S6,1,B,7,H,L,3,8,X,0,2,S,6,0,T,DODG,DSQ,4C,2,17,,2,0,1309,DAK,G,,0,0,000000000,00000000000,0,0,0,1,0,0,0,0,0,0,0,45,0,0,0,12,12,6,2,12,0,0,0,1,95,0,6,1,99,9,9,9,999,999,99,99,99,99,99,99,9999,99,9999,0,0,0,0,0,1,2,55,2,2,2,1,0,0,14,62,1,1,1,51,0,0
51,510064,1,2,2,19,2,16,42,12,6,1,0,51,1,49,32,49032,4,1990,1NXAE94A1LZ0,1,N,X,A,E,9,4,A,1,L,Z,0,0,P,TOYT,CDF,4D,90,17,2207,,0,957,,G,,0,0,000000000,00000000000,0,0,0,1,0,0,0,0,0,0,0,50,0,0,0,9,9,6,2,12,0,0,0,1,51,23868,6,1,0,0,3,0,64,200,0,0,0,0,0,0,0,0,0,0,38,39,0,0,3,4,98,1,2,2,1,0,0,1,17,1,1,1,89,1,0
51,510064,2,2,1,19,2,16,42,12,6,1,0,51,1,12,481,12481,31,1997,1FTDF1722VNC,1,F,T,D,F,1,7,2,2,V,N,C,0,T,FORD,F15,PK,97,17,,1,1390,1200,COF,G,,0,0,000000000,00000000000,0,0,0,1,0,0,0,0,0,0,0,55,0,0,0,12,12,6,2,12,0,0,0,1,51,23920,6,1,0,0,3,0,63,168,0,0,0,0,0,0,0,0,0,0,0,0,0,0,3,4,55,1,2,2,1,20,3,1,66,4,1,1,88,0,0
51,510065,1,2,1,16,2,17,45,12,2,1,0,12,1,20,421,20421,15,2001,1GNEK13TX1J2,1,G,N,E,K,1,3,T,X,1,J,2,0,P,CHEV,KTA,UT,1,17,5050,,0,1160,,G,,0,0,000000000,00000000000,0,0,0,1,0,0,0,0,0,0,0,999,0,1,2,12,12,6,2,12,0,0,0,1,12,32839,6,1,6,0,3,0,72,999,0,0,0,0,0,0,0,0,0,0,28,0,0,0,1,2,40,1,1,2,1,0,0,1,10,2,1,2,51,1,1
51,510065,2,2,1,16,2,17,45,12,2,1,0,51,1,49,47,49047,6,2005,2T1KY30E75C3,2,T,1,K,Y,3,0,E,7,5,C,3,0,P,TOYT,CXR,4H,5,17,2800,,0,1024,,G,,0,0,000000000,00000000000,0,0,0,1,0,0,0,0,0,0,0,999,0,0,0,12,12,6,2,12,0,0,0,1,51,24095,6,1,0,0,3,0,62,140,0,0,0,0,0,0,0,0,0,0,0,0,0,0,1,2,45,1,1,2,1,0,0,2,62,1,1,1,50,0,0
51,510066,1,1,1,22,2,10,48,42,0,1,0,51,2,35,39,35039,4,1998,JN1CA21D3WM9,J,N,1,C,A,2,1,D,3,W,M,9,0,P,NISS,MGS,4D,98,17,3026,,0,1063,,G,,0,0,000000000,00000000000,0,0,0,1,0,0,0,0,0,0,0,70,0,0,0,9,9,6,2,42,0,0,0,1,51,23175,6,1,0,0,3,0,75,185,1,0,0,2,0,10,2007,2,2010,1,0,0,0,0,1,2,55,1,1,2,1,0,0,1,6,8,4,4,7,1,0
51,510067,1,2,1,22,2,19,30,8,0,1,0,51,1,49,32,49032,4,2003,1NXBR32E63Z0,1,N,X,B,R,3,2,E,6,3,Z,0,0,P,TOYT,UCS,4D,3,17,2502,,0,1024,,G,,0,0,000000000,00000000000,0,0,0,1,0,0,0,0,0,0,0,45,0,0,0,12,12,6,2,8,0,0,0,1,36,11597,6,1,0,0,3,0,71,999,0,2,0,0,0,7,2007,9,2007,0,0,0,0,0,3,4,45,1,2,2,2,0,0,1,81,1,1,1,13,0,0
51,510067,2,2,1,22,2,19,30,8,0,1,1,51,1,35,443,35443,20,2004,5N1BV28U44N3,5,N,1,B,V,2,8,U,4,4,N,3,0,P,NISS,QST,SV,4,17,3885,,0,1240,,G,,0,0,000000000,00000000000,0,0,0,1,0,0,0,0,0,0,0,45,0,0,0,14,14,2,1,8,0,0,0,1,51,22193,6,1,0,0,3,3,64,186,0,0,0,2,1,4,2007,9,2009,0,86,0,0,0,3,4,45,1,2,2,2,0,0,1,80,1,1,1,98,0,0
51,510068,1,1,8,27,2,2,15,24,0,1,0,42,2,12,461,12461,21,2003,1FBSS31L03HA,1,F,B,S,S,3,1,L,0,3,H,A,0,T,FORD,WSD,BU,3,17,,2,0,1380,ECO,G,,0,0,000000000,00000000000,0,0,0,1,0,0,0,0,0,0,0,75,0,0,0,9,9,6,2,24,0,0,0,1,34,7016,6,1,99,9,9,9,999,999,99,99,99,99,99,99,9999,99,9999,1,58,0,0,0,3,2,70,1,1,1,1,0,0,1,12,9,1,4,1,1,0
51,510069,1,1,1,21,2,19,58,42,0,1,0,51,1,20,481,20481,31,1999,2GCEK19T7X12,2,G,C,E,K,1,9,T,7,X,1,2,0,T,CHEV,SK1,3C,99,17,,2,1575,1435,SIL,G,,0,0,000000000,00000000000,0,0,0,1,0,0,0,0,0,0,0,50,0,0,0,2,2,6,2,42,0,0,0,1,51,24228,6,1,0,0,3,0,70,220,0,1,0,0,0,4,2008,4,2008,1,0,0,0,0,1,2,30,3,2,2,1,0,0,14,13,2,1,4,1,1,0
51,510070,1,1,1,19,2,0,40,1,0,1,0,51,1,49,32,49032,4,1991,2T1AE97A7MC1,2,T,1,A,E,9,7,A,7,M,C,1,0,P,TOYT,CED,4D,91,17,2412,,0,957,,G,,0,0,000000000,00000000000,0,0,0,1,0,0,0,0,0,0,0,999,0,1,1,0,0,4,3,1,0,0,0,1,51,23838,6,1,0,0,3,3,72,165,0,4,0,1,0,2,2008,10,2008,0,28,0,0,0,1,2,55,1,1,2,1,0,0,1,12,1,4,2,98,1,1
51,510071,1,2,1,22,2,9,55,12,1,1,0,51,1,12,481,12481,31,2000,1FTRX18L8YNB,1,F,T,R,X,1,8,L,8,Y,N,B,0,T,FORD,F15,4C,0,17,,2,1574,1388,COF,G,,0,0,000000000,00000000000,0,0,0,1,0,0,0,0,0,0,0,65,0,1,5,12,12,6,2,12,0,0,0,1,51,23128,6,1,0,0,3,0,71,160,0,1,1,1,3,4,2007,2,2010,1,0,0,0,0,2,4,55,3,2,2,1,0,0,14,11,2,2,6,24,1,0
51,510071,2,2,3,22,2,9,55,12,1,1,0,51,1,20,471,20471,30,1993,1GCCS19R6P81,1,G,C,C,S,1,9,R,6,P,8,1,0,T,CHEV,S14,PC,93,17,,1,0,1229,S,G,,0,0,000000000,00000000000,0,0,0,1,0,0,0,0,0,0,0,55,0,0,0,6,6,4,1,12,0,0,0,1,51,22576,6,1,0,0,3,0,69,200,0,1,1,1,0,4,2007,7,2008,0,0,0,0,0,2,4,55,3,2,2,1,0,0,14,60,2,1,1,25,0,0
51,510072,1,2,2,14,2,20,35,12,1,1,0,51,1,20,16,20016,4,2001,1G1JF12T2171,1,G,1,J,F,1,2,T,2,1,7,1,0,P,CHEV,CZ2,CP,1,17,2749,,0,1041,,G,,0,0,000000000,00000000000,0,0,0,1,0,0,0,0,0,0,0,85,0,0,0,12,12,6,2,12,0,0,0,1,51,24315,0,0,0,0,0,0,999,999,0,0,0,0,0,0,0,0,0,1,27,0,0,0,3,4,65,2,2,2,2,0,0,6,10,1,1,1,24,1,1
51,510072,2,2,1,14,2,20,35,12,1,1,0,37,3,82,881,82881,66,2005,1FUJA6CK45LV,1,F,U,J,A,6,C,K,4,5,L,V,1,T,FRHT,COL,DS,5,17,,8,0,0,CON,D,,1,51,165420,51 165420,3,6,1,1,0,0,0,0,0,0,0,55,0,0,0,6,6,2,1,12,0,0,0,1,51,24382,6,1,6,0,3,0,70,170,0,0,0,0,0,0,0,0,0,0,0,0,0,0,3,4,65,2,2,2,2,0,0,6,10,1,1,1,25,0,0
51,510073,1,1,1,26,2,18,42,42,0,1,0,51,1,12,481,12481,31,2006,1FTSF21P76EA,1,F,T,S,F,2,1,P,7,6,E,A,0,T,FORD,F2S,PK,6,17,,2,0,1370,SRW,D,,0,0,000000000,00000000000,0,0,0,1,0,0,0,0,0,0,0,65,0,0,0,10,10,6,2,42,0,0,0,1,51,24162,6,1,0,0,3,0,69,155,1,0,0,0,2,7,2009,10,2009,1,0,0,0,0,1,2,55,3,1,2,1,0,0,14,12,2,1,4,6,1,1
51,510074,1,1,1,24,2,3,30,8,0,1,1,99,9,99,999,99999,99,9999,999999999999,9,9,9,9,9,9,9,9,9,9,9,9,9,U,,,,9,17,,,,,,,,0,99,999999999,99999999999,9,99,99,1,0,0,0,0,0,99,9,999,0,0,0,12,99,9,1,99,99,99,0,1,99,99999,9,9,99,9,9,9,999,999,99,99,99,99,99,99,9999,99,9999,0,99,99,99,99,6,1,35,1,1,2,2,0,0,99,99,99,9,9,13,0,0
51,510075,1,1,1,10,1,13,25,35,0,1,0,51,1,12,471,12471,30,1992,1FTCR11T2NTA,1,F,T,C,R,1,1,T,2,N,T,A,0,T,FORD,RNG,PK,92,17,,1,1139,1079,RNG,G,,0,0,000000000,00000000000,0,0,0,1,0,0,0,0,0,0,0,45,0,1,5,10,10,6,2,35,0,0,0,1,51,22454,6,1,0,0,3,0,70,220,0,1,0,3,0,5,2007,8,2009,1,0,0,0,0,1,2,45,1,1,2,1,0,0,1,12,1,1,4,6,1,0
51,510076,1,2,1,1,3,16,50,12,2,1,0,51,2,20,401,20401,14,2000,1GNCS13W9Y21,1,G,N,C,S,1,3,W,9,Y,2,1,0,P,CHEV,BZR,UT,0,17,3671,,0,1070,,G,,0,0,000000000,00000000000,0,0,0,1,0,0,0,0,0,0,0,56,0,0,0,12,12,6,2,12,0,0,0,1,51,23842,6,2,0,0,3,0,68,198,0,0,0,0,0,0,0,0,0,0,51,0,0,0,1,2,55,3,1,2,1,0,0,14,10,1,1,2,50,1,0
51,510076,2,2,1,1,3,16,50,12,2,1,0,51,2,49,401,49401,14,2003,JTEGD21A2300,J,T,E,G,D,2,1,A,2,3,0,0,0,P,TOYT,HIG,UT,3,17,3485,,0,1069,,G,,0,0,000000000,00000000000,0,0,0,1,0,0,0,0,0,0,0,55,0,0,0,12,12,6,2,12,0,0,0,1,51,23842,6,1,0,0,3,0,70,210,0,0,0,0,0,0,0,0,0,0,0,0,0,0,1,2,55,2,1,2,1,0,0,14,62,1,1,1,51,0,0
51,510077,1,1,3,1,3,22,25,32,0,1,0,51,2,12,3,12003,3,2000,1FAFP42X0YF2,1,F,A,F,P,4,2,X,0,Y,F,2,0,P,FORD,MGT,CP,0,17,3241,,0,1013,,G,,0,0,000000000,00000000000,0,0,0,1,0,0,0,0,0,0,0,60,0,1,2,2,2,6,2,1,0,0,0,1,51,24168,6,2,0,0,3,0,72,155,0,1,0,0,2,5,2009,8,2009,1,0,0,0,0,1,2,25,3,3,2,1,0,0,14,13,2,1,4,1,1,1
51,510078,1,1,1,2,3,16,45,9,0,1,0,18,3,82,881,82881,62,2007,1FUJBBCK07LW,1,F,U,J,B,B,C,K,0,7,L,W,1,T,FRHT,ST2,DS,7,17,,8,0,0,CON,D,,1,18,00264184,1800264184,3,4,1,1,0,0,0,0,0,0,0,50,0,0,0,4,4,0,1,9,0,0,0,1,37,27980,6,1,6,0,3,0,73,999,1,0,0,0,0,2,2009,2,2009,1,0,0,0,0,2,4,45,1,2,2,2,20,3,1,83,1,1,1,13,0,0
51,510079,1,1,1,5,3,18,0,35,0,1,0,51,1,12,441,12441,20,1993,1FMDA31XXPZC,1,F,M,D,A,3,1,X,X,P,Z,C,0,T,FORD,ARO,ES,93,17,,1,0,1190,ARO,G,,0,0,000000000,00000000000,0,0,0,1,0,0,0,0,0,0,0,999,0,0,0,11,11,6,2,35,0,0,0,1,51,24230,6,1,0,0,3,0,70,170,1,0,0,0,1,11,2009,12,2009,0,0,0,0,0,1,2,55,3,2,2,1,0,0,14,98,1,1,4,9,1,0
51,510080,1,1,1,6,3,23,35,42,0,1,0,51,2,22,22,22022,4,2005,1G2ZG5285541,1,G,2,Z,G,5,2,8,5,5,4,1,0,P,PONT,G/6,4D,5,17,3420,,0,1123,,G,,0,0,000000000,00000000000,0,0,0,1,0,0,0,0,0,0,0,75,0,0,0,5,5,6,2,42,0,0,0,1,51,23453,6,2,0,0,3,0,69,172,0,0,0,0,0,0,0,0,0,1,0,0,0,0,1,2,55,2,2,2,1,0,0,14,12,2,1,4,6,1,1
51,510081,1,1,1,6,3,0,5,31,0,1,0,51,2,37,31,37031,2,1994,1HGEJ2221RL0,1,H,G,E,J,2,2,2,1,R,L,0,0,P,HOND,CID,CP,94,17,2168,,0,1032,,G,,0,0,000000000,00000000000,0,0,0,1,0,0,0,0,0,0,0,65,0,0,0,11,11,6,2,42,0,0,0,1,51,22952,6,2,0,0,3,0,67,185,0,0,0,0,0,0,0,0,0,1,33,0,0,0,1,2,45,2,1,2,1,0,0,6,12,3,4,4,7,1,0
51,510082,1,2,1,6,3,17,55,12,6,1,0,51,3,12,481,12481,31,1997,1FTDF18W7VLA,1,F,T,D,F,1,8,W,7,V,L,A,0,T,FORD,F15,PK,97,17,,1,1390,1200,COF,G,,0,0,000000000,00000000000,0,0,0,1,0,0,0,0,0,0,0,10,0,0,0,1,1,6,2,12,0,0,0,1,51,23960,6,1,0,0,3,0,67,208,0,1,0,2,1,6,2007,7,2008,0,38,0,0,0,3,4,60,1,1,2,1,0,0,11,15,1,1,1,76,1,0
51,510082,2,2,1,6,3,17,55,12,6,1,0,48,3,82,883,82883,63,2001,1FUJAHCG41PF,1,F,U,J,A,H,C,G,4,1,P,F,1,T,FRHT,FLD,DS,1,17,,8,0,0,CON,D,,1,48,01257244,4801257244,3,4,1,1,0,0,0,0,0,0,0,60,0,0,0,9,9,2,3,12,0,0,0,1,48,79927,6,1,6,0,3,0,999,999,0,0,0,0,0,0,0,0,0,0,0,0,0,0,3,4,60,1,1,2,1,0,0,1,65,2,1,1,77,0,0
51,510083,1,3,1,7,3,18,57,12,2,1,0,51,1,52,37,52037,2,2003,4A3AC44G63E2,4,A,3,A,C,4,4,G,6,3,E,2,0,P,MITS,EGS,2H,3,17,2944,,0,1008,,G,,0,0,000000000,00000000000,0,0,0,1,0,0,0,0,0,0,0,80,0,0,0,12,12,6,2,12,0,0,0,1,51,24571,6,1,0,0,3,3,70,175,0,0,0,0,0,0,0,0,0,1,35,0,0,0,1,2,55,1,1,2,1,0,0,6,54,1,1,2,50,0,1
51,510083,2,3,1,7,3,18,57,12,2,1,0,51,1,37,402,37402,14,2005,SHSRD78825U3,S,H,S,R,D,7,8,8,2,5,U,3,0,P,HOND,CRV,UT,5,17,3472,,0,1033,,G,,0,0,000000000,00000000000,0,0,0,1,0,0,0,0,0,0,0,55,0,0,0,12,6,6,2,12,0,0,0,1,51,24550,6,1,0,0,3,0,64,155,0,0,0,0,0,0,0,0,0,0,0,0,0,0,1,2,55,1,1,2,1,0,0,1,62,1,1,1,51,1,0
51,510083,3,3,3,7,3,18,57,12,2,1,0,51,1,37,441,37441,20,2010,5FNRL3H77AB0,5,F,N,R,L,3,H,7,7,A,B,0,0,P,HOND,UDY,SV,10,17,4574,,0,1181,,G,,0,0,000000000,00000000000,0,0,0,1,0,0,0,0,0,0,0,55,0,0,0,9,9,2,3,12,0,0,0,1,51,24550,6,1,0,0,3,0,71,200,1,0,0,0,2,1,2009,10,2009,0,0,0,0,0,1,2,55,1,1,2,1,0,0,1,51,1,1,1,98,0,0
51,510084,1,1,2,7,3,4,20,42,0,1,0,24,2,49,442,49442,20,2004,5TDZA22C94S0,5,T,D,Z,A,2,2,C,9,4,S,0,0,P,TOYT,SIE,SV,4,17,4165,,0,1193,,G,,0,0,000000000,00000000000,0,0,0,1,0,0,0,0,0,0,0,70,0,0,0,3,3,6,2,42,0,0,0,1,51,22066,6,1,0,0,3,0,71,137,0,0,0,0,0,0,0,0,0,1,0,0,0,0,1,2,35,1,3,2,1,0,0,3,12,3,4,4,7,1,0
51,510085,1,1,2,7,3,15,55,42,0,1,0,51,1,37,32,37032,4,1993,1HGCB7277PA0,1,H,G,C,B,7,2,7,7,P,A,0,0,P,HOND,AEX,CP,93,17,2948,,0,1071,,G,,0,0,000000000,00000000000,0,0,0,1,0,0,0,0,0,0,0,45,0,0,0,1,1,6,2,42,0,0,0,1,51,22556,6,1,0,0,3,0,62,108,0,0,0,0,0,0,0,0,0,0,0,0,0,0,1,2,55,1,2,2,1,0,0,1,98,2,7,4,4,1,0
51,510086,1,1,2,7,3,0,4,38,0,1,0,51,2,21,21,21021,4,1999,1G3NL12E6XC4,1,G,3,N,L,1,2,E,6,X,C,4,0,P,OLDS,A/G,CP,99,17,2963,,0,1070,,G,,0,0,000000000,00000000000,0,0,0,1,0,0,0,0,0,0,0,40,0,0,0,12,12,6,2,42,0,0,0,1,51,23464,6,2,0,0,3,0,69,125,0,0,0,0,0,0,0,0,0,1,0,0,0,0,1,2,25,1,1,2,1,20,3,1,14,1,1,4,14,1,1
51,510087,1,1,1,7,3,4,30,24,0,1,0,51,1,12,481,12481,31,2006,1FDWW37P16EC,1,F,D,W,W,3,7,P,1,6,E,C,0,T,FORD,F3D,CH,6,17,,3,0,1760,DRW,D,,0,0,000000000,00000000000,0,0,0,1,0,0,0,0,0,0,0,55,0,1,1,11,11,6,2,1,0,0,0,1,51,24248,6,1,0,0,3,0,73,215,0,2,0,1,3,8,2007,12,2008,0,0,0,0,0,2,4,55,3,2,2,1,0,0,14,13,6,1,5,1,1,1
51,510088,1,1,1,9,3,9,53,42,0,1,0,51,2,49,402,49402,14,1998,JT3HP10V0W70,J,T,3,H,P,1,0,V,0,W,7,0,0,P,TOYT,RV4,UT,98,17,2789,,0,949,,G,,0,0,000000000,00000000000,0,0,0,1,0,0,0,0,0,0,0,45,0,0,0,12,12,6,2,42,0,0,0,1,51,24593,6,1,0,0,3,0,64,185,0,0,0,0,0,0,0,0,0,0,0,0,0,0,1,2,45,1,1,2,1,0,0,1,12,1,1,5,6,1,0
51,510089,1,1,1,12,3,9,50,34,0,1,0,51,1,12,481,12481,31,2008,1FTWX31R88EC,1,F,T,W,X,3,1,R,8,8,E,C,0,T,FORD,F3S,4C,8,17,,3,1580,1420,SRW,D,,0,0,000000000,00000000000,0,0,0,1,0,0,0,0,0,0,0,65,0,1,5,10,10,6,2,1,0,0,0,1,51,23851,6,1,0,0,3,0,67,195,0,0,0,0,0,0,0,0,0,0,0,0,0,0,1,2,55,1,1,2,2,0,0,1,13,1,1,4,1,1,0
51,510090,1,1,5,9,3,1,22,42,0,1,0,51,2,12,442,12442,20,1999,2FMDA5240XBB,2,F,M,D,A,5,2,4,0,X,B,B,0,T,FORD,WSE,ES,99,17,,1,0,1207,WIN,G,,0,0,000000000,00000000000,0,0,0,1,0,0,0,0,0,0,0,50,0,1,6,3,3,6,2,42,0,0,0,1,51,24017,6,1,0,0,3,0,73,240,0,1,0,0,1,6,2008,10,2008,1,0,0,0,0,1,2,35,3,1,2,1,0,0,14,12,2,1,5,6,1,1
51,510091,1,2,1,12,3,13,35,12,2,1,0,51,4,55,36,55036,3,2009,KMHCN46C59U3,K,M,H,C,N,4,6,C,5,9,U,3,0,P,HYUN,ALS,4D,9,17,2365,,0,984,,G,,0,0,000000000,00000000000,0,0,0,1,0,0,0,0,0,0,0,43,0,0,0,12,12,6,2,12,0,0,0,1,51,24219,6,1,0,0,3,0,66,115,0,0,0,0,0,0,0,0,0,0,51,0,0,0,1,2,55,2,2,2,1,0,0,14,10,1,1,2,50,1,0
51,510091,2,2,1,12,3,13,35,12,2,1,0,51,3,85,881,85881,66,2006,1XKWDB0X36J1,1,X,K,W,D,B,0,X,3,6,J,1,1,T,KW,W90,DS,6,17,,8,2850,1600,CON,D,,1,51,60135700,5160135700,3,6,4,1,0,0,0,0,0,0,0,43,0,0,0,12,12,6,2,12,0,0,0,1,51,24244,6,1,6,0,3,0,73,270,0,0,0,1,1,3,2009,5,2009,0,0,0,0,0,1,2,55,3,2,2,1,0,0,14,62,2,1,1,51,0,0
51,510092,1,1,1,13,3,23,2,24,0,1,0,11,2,6,41,6041,4,2002,2C3AD56GX2H3,2,C,3,A,D,5,6,G,X,2,H,3,0,P,CHRY,CLM,4D,2,17,3486,,0,1130,,G,,0,0,000000000,00000000000,0,0,0,1,0,0,0,0,0,0,0,75,0,1,2,1,1,6,2,2,0,0,1,1,11,20012,6,1,0,0,3,0,66,123,99,99,99,99,99,99,9999,99,9999,1,0,0,0,0,2,4,65,1,2,2,2,0,0,1,13,1,1,5,1,1,1
51,510093,1,1,3,14,3,22,42,30,0,1,0,51,1,22,9,22009,3,1997,2G2FS22K5V22,2,G,2,F,S,2,2,K,5,V,2,2,0,P,PONT,FBD,2H,97,17,3187,,0,1011,,G,,0,0,000000000,00000000000,0,0,0,1,0,0,0,0,0,0,0,999,0,0,0,3,3,6,2,30,0,0,0,1,51,23229,6,1,0,0,3,0,70,178,2,9,0,0,2,11,2008,6,2009,1,37,0,0,0,1,2,55,1,1,2,1,0,0,1,13,3,9,4,1,1,0
51,510094,1,2,2,12,3,15,12,12,2,1,0,95,1,6,51,6051,4,2008,2C3KA33G68H3,2,C,3,K,A,3,3,G,6,8,H,3,0,P,CHRY,3LM,4D,8,17,3802,,0,1200,,G,,0,0,000000000,00000000000,0,0,0,1,0,0,0,0,0,0,0,65,0,0,0,12,12,6,2,12,0,0,0,1,95,99999,9,1,99,9,9,9,999,999,99,99,99,99,99,99,9999,99,9999,0,29,0,0,0,3,6,65,1,1,1,2,0,0,1,10,1,1,6,50,0,0
51,510094,2,2,2,12,3,15,12,12,2,1,0,51,2,54,32,54032,2,1991,JH4KA8267MC0,J,H,4,K,A,8,2,6,7,M,C,0,0,P,ACUR,LEL,CP,91,17,3139,,0,1114,,G,,0,0,000000000,00000000000,0,0,0,1,0,0,0,0,0,0,0,65,0,0,0,12,12,6,2,12,0,0,0,1,51,23234,6,1,0,0,3,0,65,190,0,1,0,0,1,9,2008,12,2008,0,0,0,0,0,3,6,65,1,1,1,2,0,0,1,62,1,1,1,51,2,0
51,510095,1,1,1,16,3,3,59,8,0,1,0,47,3,86,881,86881,66,2010,1M1AW09Y6AN0,1,M,1,A,W,0,9,Y,6,A,N,0,1,T,MACK,CXU,DS,10,17,,8,0,0,600,D,,1,47,00694331,4700694331,3,6,97,1,0,0,0,0,0,0,0,60,0,0,0,12,12,2,1,8,0,0,0,1,51,24522,6,1,6,0,3,0,74,315,0,0,0,0,0,0,0,0,0,0,0,0,0,0,2,4,60,3,1,2,1,0,0,14,80,1,1,1,13,0,0
51,510096,1,2,1,17,3,14,10,12,2,1,0,51,2,42,47,42047,2,2000,WDBLK65G9YT0,W,D,B,L,K,6,5,G,9,Y,T,0,0,P,MERZ,CLK,CV,0,17,3550,,0,1059,,G,,0,0,000000000,00000000000,0,0,0,1,0,0,0,0,0,0,0,55,0,0,0,12,12,6,2,12,0,0,0,1,51,23185,6,1,0,0,3,0,69,152,0,0,0,1,0,9,2007,9,2007,0,51,0,0,0,3,6,55,1,1,1,1,0,0,1,10,2,1,2,50,0,0