STATE,ST_CASE,VEH_NO,VE_FORMS,NUMOCCS,DAY,MONTH,HOUR,MINUTE,HARM_EV,MAN_COLL,UNITTYPE,HIT_RUN,REG_STAT,OWNER,MAKE,MODEL,MAK_MOD,BODY_TYP,MOD_YEAR,VIN,VIN_1,VIN_2,VIN_3,VIN_4,VIN_5,VIN_6,VIN_7,VIN_8,VIN_9,VIN_10,VIN_11,VIN_12,TOW_VEH,VINTYPE,VINMAKE,VINA_MOD,VIN_BT,VINMODYR,VIN_LNGT,VIN_WGT,WGTCD_TR,WHLBS_LG,WHLBS_SH,SER_TR,FUELCODE,MCYCL_DS,J_KNIFE,MCARR_I1,MCARR_I2,MCARR_ID,GVWR,V_CONFIG,CARGO_BT,HAZ_INV,HAZ_PLAC,HAZ_ID,HAZ_CNO,HAZ_REL,BUS_USE,SPEC_USE,EMER_USE,TRAV_SP,UNDERIDE,ROLLOVER,ROLINLOC,IMPACT1,IMPACT2,DEFORMED,TOWED,M_HARM,VEH_SC1,VEH_SC2,FIRE_EXP,DR_PRES,L_STATE,DR_ZIP,L_STATUS,L_TYPE,CDL_STAT,L_ENDORS,L_COMPL,L_RESTRI,DR_HGT,DR_WGT,PREV_ACC,PREV_SUS,PREV_DWI,PREV_SPD,PREV_OTH,FIRST_MO,FIRST_YR,LAST_MO,LAST_YR,SPEEDREL,DR_SF1,DR_SF2,DR_SF3,DR_SF4,VTRAFWAY,VNUM_LAN,VSPD_LIM,VALIGN,VPROFILE,VPAVETYP,VSURCOND,VTRAFCON,VTCONT_F,P_CRASH1,P_CRASH2,P_CRASH3,PCRASH4,PCRASH5,ACC_TYPE,DEATHS,DR_DRINK
51,510096,2,2,1,17,3,14,10,12,2,1,0,51,1,12,13,12013,2,1999,1FAFP10P6XW1,1,F,A,F,P,1,0,P,6,X,W,1,0,P,FORD,LXE,4D,99,17,2468,,0,984,,G,,0,0,000000000,00000000000,0,0,0,1,0,0,0,0,0,0,0,55,0,0,0,12,12,6,2,12,0,0,0,1,51,23061,6,1,0,0,3,0,74,225,0,0,0,0,0,0,0,0,0,0,0,0,0,0,3,6,55,1,1,1,1,0,0,1,62,1,1,1,51,1,0
51,510097,1,1,1,24,1,3,43,14,0,1,0,51,1,73,703,73703,80,2004,JKAEXMF184DA,J,K,A,E,X,M,F,1,8,4,D,A,0,M,KAWK,EXF,RS,4,17,,,,,,,250,0,0,000000000,00000000000,0,0,0,1,0,0,0,0,0,0,0,999,0,0,0,12,12,6,2,14,0,0,0,1,51,24450,6,1,0,0,3,3,64,118,0,3,1,1,1,8,2007,10,2008,0,28,0,0,0,1,2,35,1,1,2,1,0,0,1,13,1,1,4,11,1,1
51,510098,1,1,2,18,3,8,10,42,0,1,0,51,1,24,2,24002,2,1995,1G8ZH1276SZ3,1,G,8,Z,H,1,2,7,6,S,Z,3,0,P,STRN,SC2,CP,95,17,2302,,0,992,,G,,0,0,000000000,00000000000,0,0,0,1,0,0,0,0,0,0,0,70,0,0,0,3,3,6,2,42,0,0,0,1,51,22520,6,2,0,0,3,0,66,120,0,0,0,0,0,0,0,0,0,1,0,0,0,0,1,2,55,3,2,2,1,0,0,14,12,6,1,5,6,1,0
51,510100,1,2,1,18,3,15,33,12,6,1,0,51,2,35,43,35043,4,2006,3N1CB51D66L5,3,N,1,C,B,5,1,D,6,6,L,5,0,P,NISS,S18,4D,6,17,2509,,0,998,,G,,0,0,000000000,00000000000,0,0,0,1,0,0,0,0,0,0,0,40,0,1,2,8,8,6,2,1,0,0,0,1,51,23002,6,1,0,0,3,0,64,165,2,15,0,3,6,5,2007,3,2010,0,28,0,0,0,1,2,45,1,3,2,1,0,0,1,10,2,1,2,64,1,0
51,510100,2,2,3,18,3,15,33,12,6,1,0,51,1,14,6,14006,4,2002,2MEFM74W92X6,2,M,E,F,M,7,4,W,9,2,X,6,0,P,MERC,GMG,4D,2,17,3957,,0,1147,,G,,0,0,000000000,00000000000,0,0,0,1,0,0,0,0,0,0,0,35,0,0,0,11,11,6,2,12,0,0,0,1,51,23002,6,1,0,0,3,0,67,194,0,0,0,0,0,0,0,0,0,0,0,0,0,0,1,2,45,1,3,2,1,0,0,1,62,1,1,1,65,0,0
51,510101,1,2,1,20,3,16,33,12,1,1,0,51,2,20,481,20481,31,2001,1GCEC14W11Z1,1,G,C,E,C,1,4,W,1,1,Z,1,0,T,CHEV,SC1,PK,1,17,,2,1330,1190,SIL,G,,0,0,000000000,00000000000,0,0,0,1,0,0,0,0,0,0,0,55,0,0,0,12,12,6,2,12,0,0,0,1,51,22630,6,1,0,0,3,0,72,215,0,0,0,0,0,0,0,0,0,1,26,0,0,0,3,4,55,1,1,2,1,0,0,1,51,1,1,1,24,0,1
51,510101,2,2,2,20,3,16,33,12,1,1,0,51,1,12,481,12481,31,1987,1FTEF14Y7HNA,1,F,T,E,F,1,4,Y,7,H,N,A,0,T,FORD,F15,PK,87,17,,2,1330,1170,COF,G,,0,0,000000000,00000000000,0,0,0,1,0,0,0,0,0,0,0,15,0,1,5,6,6,6,2,1,0,0,0,1,51,20198,6,1,0,0,3,3,73,209,0,0,0,0,0,0,0,0,0,0,0,0,0,0,3,4,55,1,1,2,1,0,0,10,16,1,1,1,25,1,0
51,510102,1,1,2,21,3,17,25,1,0,1,0,51,1,9,20,9020,4,2000,1P3ES46C6YD8,1,P,3,E,S,4,6,C,6,Y,D,8,0,P,PLYM,NLX,4D,0,17,2515,,0,1050,,G,,0,0,000000000,00000000000,0,0,0,1,0,0,0,0,0,0,0,65,0,2,5,0,13,6,2,42,0,0,0,1,51,22401,6,1,0,0,3,0,62,135,0,0,0,0,0,0,0,0,0,1,0,0,0,0,1,2,45,3,2,2,1,0,0,14,12,2,1,4,6,1,0
51,510103,1,1,2,19,3,3,30,42,0,1,0,51,1,34,36,34036,2,2006,WBAEH13436CR,W,B,A,E,H,1,3,4,3,6,C,R,0,P,BMW,650,CP,6,17,3814,,0,1094,,G,,0,0,000000000,00000000000,0,0,0,1,0,0,0,0,0,0,0,999,0,0,0,11,11,6,2,42,0,0,0,1,51,23323,6,1,0,0,3,0,68,175,0,1,0,0,0,5,2009,5,2009,0,0,0,0,0,1,2,35,2,2,2,1,0,0,14,12,1,1,4,6,1,1
51,510104,1,1,1,21,3,18,52,33,0,1,0,51,2,37,706,37706,80,2000,JH2SC4401YM0,J,H,2,S,C,4,4,0,1,Y,M,0,0,M,HOND,CR9,RS,0,17,,,,,,,929,0,0,000000000,00000000000,0,0,0,1,0,0,0,0,0,0,0,85,0,0,0,3,3,6,2,31,0,0,0,1,51,22407,0,0,0,0,0,0,73,185,0,0,0,0,0,0,0,0,0,1,0,0,0,0,2,4,50,3,2,2,1,0,0,14,13,2,1,4,1,1,1
51,510105,1,1,1,20,3,17,25,42,0,1,0,51,1,12,471,12471,30,1993,1FTCR14U0PPA,1,F,T,C,R,1,4,U,0,P,P,A,0,T,FORD,RNS,PS,93,17,,1,0,1250,RNG,G,,0,0,000000000,00000000000,0,0,0,1,0,0,0,0,0,0,0,45,0,0,0,11,11,6,2,42,0,0,0,1,51,22401,6,1,0,0,3,0,72,185,0,1,0,0,0,2,2010,2,2010,0,0,0,0,0,1,2,55,1,1,2,1,0,0,1,12,1,1,4,6,1,0
51,510106,1,2,1,24,3,21,6,12,6,1,0,51,2,22,20,22020,4,2003,1G2WK52J43F1,1,G,2,W,K,5,2,J,4,3,F,1,0,P,PONT,GFS,4D,3,17,3384,,0,1105,,G,,0,0,000000000,00000000000,0,0,0,1,0,0,0,0,0,0,0,999,0,0,0,2,2,6,2,12,0,0,0,1,51,23223,6,1,0,0,3,0,67,165,0,0,0,0,0,0,0,0,0,1,37,0,0,0,1,2,25,1,1,2,1,20,3,1,17,1,1,2,64,0,0
51,510106,2,2,1,24,3,21,6,12,6,1,0,51,1,12,471,12471,30,1992,1FTCR14U9NTA,1,F,T,C,R,1,4,U,9,N,T,A,0,T,FORD,RNS,PS,92,17,,1,0,1250,RNG,G,,0,0,000000000,00000000000,0,0,0,1,0,0,0,0,0,0,0,999,0,1,2,12,12,6,2,1,0,0,0,1,51,23220,6,1,0,0,3,0,71,210,0,0,0,2,1,12,2007,12,2009,0,0,0,0,0,1,2,25,1,1,2,1,20,3,1,68,1,1,3,65,1,0
51,510107,1,1,1,26,3,10,57,42,0,1,0,51,1,37,31,37031,2,2005,1HGEM22985L0,1,H,G,E,M,2,2,9,8,5,L,0,0,P,HOND,UAX,CP,5,17,2657,,0,1031,,G,,0,0,000000000,00000000000,0,0,0,1,0,0,0,0,0,0,0,58,0,0,0,3,3,6,2,42,0,0,0,1,51,22079,6,1,0,0,3,0,63,115,3,2,1,0,2,5,2008,1,2009,1,58,0,0,0,1,2,50,2,2,2,2,0,0,14,10,8,1,4,6,1,1
51,510108,1,1,1,28,3,3,30,35,0,1,0,51,2,37,32,37032,4,1996,1HGCD5557TA1,1,H,G,C,D,5,5,5,7,T,A,1,0,P,HOND,UER,4D,96,17,2919,,0,1069,,G,,0,0,000000000,00000000000,0,0,0,1,0,0,0,0,0,0,0,55,0,1,5,11,11,6,2,1,0,0,0,1,51,23306,0,0,0,0,0,0,999,999,0,0,0,0,0,0,0,0,0,0,0,0,0,0,2,4,55,1,1,2,1,0,0,1,13,2,1,4,1,1,1
51,510109,1,1,1,30,3,21,17,3,0,1,0,51,2,6,43,6043,4,2006,1C3EL46X96N1,1,C,3,E,L,4,6,X,9,6,N,1,0,P,CHRY,SEB,4D,6,17,3041,,0,1060,,G,,0,0,000000000,00000000000,0,0,0,1,0,0,0,0,0,0,0,15,0,0,0,0,0,6,2,3,0,0,0,1,51,22602,6,1,0,0,3,3,60,260,1,0,0,0,0,6,2008,6,2008,0,87,39,0,0,4,1,45,1,2,2,6,28,3,1,5,1,1,1,0,1,0
51,510110,1,2,1,29,3,17,10,42,0,1,0,51,1,37,31,37031,4,1999,1HGEJ8641XL0,1,H,G,E,J,8,6,4,1,X,L,0,0,P,HOND,UAX,4D,99,17,2562,,0,1032,,G,,0,0,000000000,00000000000,0,0,0,1,0,0,0,0,0,0,0,80,0,0,0,1,1,6,2,42,0,0,0,1,51,23235,6,1,0,0,3,0,65,155,0,0,0,0,0,0,0,0,0,1,0,0,0,0,2,2,65,2,1,2,2,0,0,14,12,2,1,4,6,1,0
51,510110,2,2,1,29,3,17,10,42,0,1,0,51,1,20,403,20403,14,2007,1GNDS13S6722,1,G,N,D,S,1,3,S,6,7,2,2,0,P,CHEV,TRL,UT,7,17,4356,,0,1130,,G,,0,0,000000000,00000000000,0,0,0,1,0,0,0,0,0,0,0,65,0,0,0,0,0,2,1,16,0,0,0,1,51,23060,6,1,0,0,3,0,72,185,0,0,0,0,0,0,0,0,0,0,0,0,0,0,4,2,65,2,1,2,1,0,0,14,91,1,1,1,98,0,0
51,510111,1,1,1,17,3,17,17,42,0,1,0,51,1,37,403,37403,14,2003,5J6YH28523L0,5,J,6,Y,H,2,8,5,2,3,L,0,0,P,HOND,ELE,UT,3,17,3544,,0,1014,,G,,0,0,000000000,00000000000,0,0,0,1,0,0,0,0,0,0,0,35,0,2,1,2,2,6,2,1,0,0,0,1,51,23148,6,1,0,0,3,0,68,190,0,0,0,3,0,10,2007,5,2009,0,0,0,0,0,1,2,45,2,1,2,1,0,0,14,13,1,1,4,1,1,0
51,510112,1,1,1,21,3,15,42,1,0,1,0,51,2,37,32,37032,2,1998,1HGCG2250WA0,1,H,G,C,G,2,2,5,0,W,A,0,0,P,HOND,UEX,CP,98,17,2963,,0,1051,,G,,0,0,000000000,00000000000,0,0,0,1,0,0,0,0,0,0,0,125,0,2,2,0,11,6,2,1,0,0,0,1,51,23227,6,1,0,0,3,0,70,230,0,1,0,2,0,9,2007,9,2008,1,0,0,0,0,2,8,65,1,1,2,1,0,0,1,13,2,1,4,1,1,0
51,510113,1,1,1,31,3,13,0,8,0,1,0,51,2,14,402,14402,14,2009,4M2CU97G79KJ,4,M,2,C,U,9,7,G,7,9,K,J,0,P,MERC,MRN,UT,9,17,3526,,0,1031,,G,,0,0,000000000,00000000000,0,0,0,1,0,0,0,0,0,0,0,25,0,0,0,12,12,9,9,8,0,0,0,1,51,22003,6,1,0,0,3,3,62,116,0,0,0,0,0,0,0,0,0,0,0,0,0,0,2,4,25,1,1,2,1,0,0,0,80,0,0,0,13,0,0
51,510114,1,2,1,19,3,11,20,12,6,1,0,51,1,12,471,12471,30,1995,1FTCR14U8STA,1,F,T,C,R,1,4,U,8,S,T,A,0,T,FORD,RNS,PS,95,17,,1,0,1250,RNG,G,,0,0,000000000,00000000000,0,0,0,1,0,0,0,0,0,0,0,45,0,0,0,1,1,6,2,12,0,0,0,1,51,22655,6,1,0,0,3,0,68,180,0,0,0,0,0,0,0,0,0,0,28,0,0,0,2,4,45,1,1,2,1,0,0,1,10,2,1,2,64,1,0
51,510114,2,2,1,19,3,11,20,12,6,1,0,51,2,98,709,98709,80,2008,5J11UBJB88W0,5,J,1,1,U,B,J,B,8,8,W,0,0,U,,,,8,17,,,,,,,,0,0,000000000,00000000000,0,0,0,1,0,0,0,0,0,0,0,45,0,0,0,12,12,6,2,12,0,0,0,1,51,22637,6,1,0,0,3,0,73,300,0,0,0,0,0,0,0,0,0,0,0,0,0,0,2,4,45,1,1,2,1,0,0,1,62,1,1,1,65,1,1
51,510115,1,1,1,19,3,17,0,42,0,1,0,51,1,12,481,12481,31,2001,1FTRX17W01NB,1,F,T,R,X,1,7,W,0,1,N,B,0,T,FORD,F15,4C,1,17,,2,1571,1385,COF,G,,0,0,000000000,00000000000,0,0,0,1,0,0,0,0,0,0,0,35,0,0,0,12,12,6,2,42,0,0,0,1,51,23663,6,1,0,0,3,0,72,197,1,0,0,1,0,5,2008,5,2009,0,0,0,0,0,1,2,25,1,1,2,1,0,0,1,13,1,1,4,1,1,0
51,510116,1,1,1,5,3,21,0,42,0,1,0,51,1,20,2,20002,4,1990,1G1BN54E6LA1,1,G,1,B,N,5,4,E,6,L,A,1,0,P,CHEV,CCL,4D,90,17,3742,,0,1160,,G,,0,0,000000000,00000000000,0,0,0,1,0,0,0,0,0,0,0,50,0,0,0,12,12,6,2,42,0,0,0,1,51,24171,6,1,0,0,3,0,62,180,0,0,0,0,1,12,2007,12,2007,0,0,0,0,0,1,2,55,1,2,2,1,0,0,1,12,1,1,4,6,1,0
51,510117,1,1,1,20,3,11,0,42,0,1,0,51,1,30,46,30046,4,2002,WVWVH63B92E3,W,V,W,V,H,6,3,B,9,2,E,3,0,P,VOLK,PGS,SW,2,17,3263,,0,1064,,G,,0,0,000000000,00000000000,0,0,0,1,0,0,0,0,0,0,0,50,0,0,0,12,12,6,2,42,0,0,0,1,51,22482,6,1,0,0,3,0,62,115,0,0,0,0,0,0,0,0,0,0,0,0,0,0,1,2,55,3,1,2,1,0,0,14,12,2,1,4,6,1,0
51,510118,1,1,3,20,3,3,10,42,0,1,0,51,1,49,40,49040,4,2007,4T1BE46K27U0,4,T,1,B,E,4,6,K,2,7,U,0,0,P,TOYT,CMB,4D,7,17,3108,,0,1093,,G,,0,0,000000000,00000000000,0,0,0,1,0,0,0,0,0,0,0,55,0,0,0,11,11,6,2,42,0,0,0,1,51,22514,6,1,0,0,3,0,66,230,0,0,0,1,0,12,2007,12,2007,0,0,0,0,0,1,2,55,1,1,2,1,0,0,1,12,1,1,4,6,1,0
51,510119,1,1,1,14,3,3,13,53,0,1,0,51,2,20,481,20481,31,2007,1GCHK23D07F1,1,G,C,H,K,2,3,D,0,7,F,1,0,T,CHEV,2KH,CW,7,17,,2,1670,1530,SIL,D,,0,0,000000000,00000000000,0,0,0,1,0,0,0,0,0,0,0,998,0,1,2,1,1,6,2,32,0,0,0,1,51,23112,6,1,0,0,3,0,66,175,1,0,0,0,0,9,2007,9,2007,9,0,0,0,0,1,2,45,1,1,2,2,0,0,1,12,2,1,4,1,1,1
51,510120,1,2,1,2,4,11,55,12,6,1,0,51,1,55,33,55033,4,2003,KMHWF25H43A7,K,M,H,W,F,2,5,H,4,3,A,7,0,P,HYUN,SOL,4D,3,17,3181,,0,1063,,G,,0,0,000000000,00000000000,0,0,0,1,0,0,0,0,0,0,0,40,1,0,0,12,12,6,2,12,0,0,0,1,51,23111,6,1,0,0,3,0,73,230,1,0,0,0,1,5,2007,6,2008,0,39,0,0,0,1,2,55,1,1,2,1,20,3,1,17,2,1,2,88,1,0
51,510120,2,2,1,2,4,11,55,12,6,1,0,51,3,86,881,86881,62,2004,1M1AE06Y24N0,1,M,1,A,E,0,6,Y,2,4,N,0,1,T,MACK,CX6,DS,4,17,,8,0,0,600,D,,1,51,00207285,5100207285,3,4,2,2,2,1719,88,1,0,0,0,55,0,0,0,8,8,4,9,12,0,0,0,1,51,23860,6,1,6,1,3,1,69,150,1,0,0,1,0,4,2007,10,2008,0,0,0,0,0,1,2,55,1,1,2,1,0,0,1,66,1,1,1,89,0,0
51,510121,1,2,1,2,4,13,0,12,6,1,0,51,1,20,471,20471,30,1991,1GCDT14Z2M21,1,G,C,D,T,1,4,Z,2,M,2,1,0,T,CHEV,S14,PK,91,17,,1,1179,1083,S,G,,0,0,000000000,00000000000,0,0,0,1,0,0,0,0,0,0,0,55,0,0,0,2,2,6,2,12,0,0,0,1,51,24216,6,1,0,0,3,0,72,185,1,0,0,1,1,5,2008,10,2009,0,28,0,0,0,1,2,55,3,2,2,1,0,0,14,10,8,4,6,64,1,1
51,510121,2,2,1,2,4,13,0,12,6,1,0,51,2,20,16,20016,4,2005,1G1JC52F9571,1,G,1,J,C,5,2,F,9,5,7,1,0,P,CHEV,CAV,4D,5,17,2676,,0,1041,,G,,0,0,000000000,00000000000,0,0,0,1,0,0,0,0,0,0,0,55,0,0,0,12,12,6,2,12,0,0,0,1,51,24216,6,1,0,0,3,0,63,233,0,0,0,1,0,7,2009,7,2009,0,0,0,0,0,1,2,55,2,2,2,1,0,0,14,62,2,1,1,65,1,0
51,510122,1,2,1,2,4,13,15,12,2,1,0,51,1,12,481,12481,31,1980,F14FNHD07720,F,1,4,F,N,H,D,0,7,7,2,0,0,U,,,,7,17,,,,,,,,0,0,000000000,00000000000,0,0,0,1,0,0,0,0,0,0,0,35,0,0,0,12,11,6,2,12,0,0,0,1,51,24450,6,1,0,0,3,0,69,185,0,0,0,0,0,0,0,0,0,0,51,0,0,0,1,2,55,3,1,2,1,0,0,14,10,2,1,2,50,0,0
51,510122,2,2,1,2,4,13,15,12,2,1,0,51,1,18,7,18007,4,1987,1G4AL51W4HT4,1,G,4,A,L,5,1,W,4,H,T,4,0,P,BUIC,CLM,4D,87,17,2725,,0,1049,,G,,0,0,000000000,00000000000,0,0,0,1,0,0,0,0,0,0,0,40,0,1,5,12,11,6,2,12,0,0,0,1,51,24550,6,1,0,0,3,0,71,165,0,0,0,0,0,0,0,0,0,0,0,0,0,0,1,2,55,2,1,2,1,0,0,14,62,1,1,1,51,1,0
51,510123,1,1,1,1,4,20,2,8,0,1,0,51,1,6,441,6441,20,2007,2A4GP54L17R2,2,A,4,G,P,5,4,L,1,7,R,2,0,P,CHRY,TWC,SV,7,17,4267,,0,1193,,G,,0,0,000000000,00000000000,0,0,0,1,0,0,0,0,0,0,0,45,0,0,0,12,12,6,2,8,0,0,0,1,51,23072,6,1,0,0,3,0,62,140,0,1,0,2,0,2,2009,1,2010,0,0,0,0,0,2,4,45,1,1,2,1,0,0,1,80,2,1,1,13,0,0
51,510124,1,2,2,2,4,16,4,12,2,1,0,51,1,49,40,49040,4,2005,4T1BE32K85U6,4,T,1,B,E,3,2,K,8,5,U,6,0,P,TOYT,XLL,4D,5,17,3108,,0,1071,,G,,0,0,000000000,00000000000,0,0,0,1,0,0,0,0,0,0,0,20,0,0,0,12,12,6,2,12,0,0,0,1,51,22812,6,1,0,0,3,0,67,170,0,0,0,0,0,0,0,0,0,0,38,0,0,0,1,2,55,1,2,2,1,0,0,11,15,1,1,2,68,1,0
51,510124,2,2,1,2,4,16,4,12,2,1,0,51,1,12,17,12017,4,1999,1FAFP52UXXA2,1,F,A,F,P,5,2,U,X,X,A,2,0,P,FORD,TAX,4D,99,17,3329,,0,1085,,G,,0,0,000000000,00000000000,0,0,0,1,0,0,0,0,0,0,0,55,0,0,0,12,12,6,2,12,0,0,0,1,51,22821,6,1,0,0,3,0,64,183,0,0,0,4,1,4,2008,3,2010,0,0,0,0,0,1,2,55,1,2,2,1,0,0,1,66,2,1,1,69,0,0
51,510125,1,2,2,4,4,8,40,12,6,1,0,51,1,18,2,18002,4,2000,1G4HP54K4Y42,1,G,4,H,P,5,4,K,4,Y,4,2,0,P,BUIC,LCF,4D,0,17,3567,,0,1122,,G,,0,0,000000000,00000000000,0,0,0,1,0,0,0,0,0,0,0,20,0,0,0,3,3,6,2,12,0,0,0,1,51,23452,6,1,0,0,3,0,67,225,0,0,0,0,0,0,0,0,0,0,38,0,0,0,2,4,35,1,1,2,1,0,0,11,17,1,1,2,68,1,0
51,510125,2,2,2,4,4,8,40,12,6,1,0,51,1,7,402,7402,14,1999,1B4HS28Z2XF6,1,B,4,H,S,2,8,Z,2,X,F,6,0,P,DODG,DUR,UT,99,17,4397,,0,1159,,G,,0,0,000000000,00000000000,0,0,0,1,0,0,0,0,0,0,0,35,0,0,0,12,12,6,2,12,0,0,0,1,51,23452,6,1,0,0,3,0,68,160,1,1,0,2,0,8,2007,12,2009,0,0,0,0,0,2,4,35,1,1,2,1,0,0,1,66,1,1,1,69,0,0
51,510126,1,2,1,6,4,10,0,12,6,1,0,51,2,20,16,20016,4,1994,1G1JC5447R72,1,G,1,J,C,5,4,4,7,R,7,2,0,P,CHEV,CRV,4D,94,17,2509,,0,1013,,G,,0,0,000000000,00000000000,0,0,0,1,0,0,0,0,0,0,0,5,0,0,0,9,9,4,1,12,0,0,0,1,51,24148,6,1,0,0,3,0,71,212,0,0,0,0,0,0,0,0,0,0,38,0,0,0,2,4,45,1,1,2,1,0,0,4,17,1,1,1,89,0,0
51,510126,2,2,1,6,4,10,0,12,6,1,0,51,1,72,706,72706,80,2009,1HD1GY4169K3,1,H,D,1,G,Y,4,1,6,9,K,3,0,M,HD,FTB,RS,9,17,,,,,,,1584,0,0,000000000,00000000000,0,0,0,1,0,0,0,0,0,0,0,45,0,0,0,12,12,6,2,12,0,0,0,1,51,24112,6,1,6,0,3,0,72,175,0,0,0,0,0,0,0,0,0,0,0,0,0,0,2,4,45,1,1,2,1,0,0,1,71,2,1,1,88,1,0
51,510127,1,1,1,5,4,21,33,8,0,1,0,12,3,98,981,98981,51,1998,2PCH33491W10,2,P,C,H,3,3,4,9,1,W,1,0,0,U,,,,98,17,,,,,,,,0,12,00223283,1200223283,3,21,22,1,0,0,0,0,5,0,0,10,0,0,0,3,3,0,1,8,0,0,0,1,12,32210,6,1,6,1,3,0,69,999,0,0,0,0,0,0,0,0,0,0,0,0,0,0,2,4,45,1,1,2,1,2,3,10,80,1,1,1,13,0,0
51,510128,1,1,1,6,4,23,26,35,0,1,0,37,2,2,404,2404,14,1992,1J4FJ58S8NL2,1,J,4,F,J,5,8,S,8,N,L,2,0,T,JEEP,LAR,4W,92,17,,1,0,1014,CHK,G,,0,0,000000000,00000000000,0,0,0,1,0,0,0,0,0,0,0,85,0,2,1,11,11,6,2,1,0,0,0,1,37,27302,6,1,0,0,3,0,72,999,0,0,0,0,0,0,0,0,0,1,39,0,0,0,3,4,65,2,2,2,1,0,0,14,12,8,4,4,8,1,0
51,510129,1,1,1,8,4,15,8,30,0,1,0,51,1,12,481,12481,31,2000,1FTRX18L3YNB,1,F,T,R,X,1,8,L,3,Y,N,B,0,T,FORD,F15,4C,0,17,,2,1574,1388,COF,G,,0,0,000000000,00000000000,0,0,0,1,0,0,0,0,0,0,0,999,0,0,0,12,12,6,2,30,0,0,0,1,51,23011,6,1,6,0,3,0,68,195,0,0,0,0,1,2,2008,2,2008,0,0,0,0,0,1,2,55,1,1,2,1,0,0,1,12,1,1,4,6,1,0
51,510130,1,1,1,5,4,14,10,35,0,1,0,51,1,49,32,49032,4,2002,2T1BR12EX2C5,2,T,1,B,R,1,2,E,X,2,C,5,0,P,TOYT,UCS,4D,2,17,2405,,0,970,,G,,0,0,000000000,00000000000,0,0,0,1,0,0,0,0,0,0,0,40,0,0,0,12,12,6,2,42,0,0,0,1,51,24121,6,1,0,0,3,0,62,170,0,0,0,0,0,0,0,0,0,0,0,0,0,0,1,2,55,1,1,2,1,0,0,1,12,1,1,4,6,1,0
51,510131,1,1,1,17,3,23,15,42,0,1,0,26,2,34,35,34035,4,2001,WBADT43441GX,W,B,A,D,T,4,3,4,4,1,G,X,0,P,BMW,A52,4D,1,17,3505,,0,1114,,G,,0,0,000000000,00000000000,0,0,0,1,0,0,0,0,0,0,0,60,0,0,0,11,11,6,2,42,0,0,0,1,51,20187,6,1,0,0,3,0,65,125,0,0,0,0,0,0,0,0,0,1,0,0,0,0,1,2,55,1,1,2,1,0,0,1,12,1,1,4,6,1,1
51,510132,1,1,1,14,3,0,20,42,0,1,0,51,1,20,22,20022,4,2008,1G1AK18F7873,1,G,1,A,K,1,8,F,7,8,7,3,0,P,CHEV,BLS,CP,8,17,2991,,0,1033,,G,,0,0,000000000,00000000000,0,0,0,1,0,0,0,0,0,0,0,50,0,0,0,11,11,6,2,42,0,0,0,1,51,24153,6,1,0,0,3,0,69,185,0,0,0,0,0,0,0,0,0,1,0,0,0,0,1,2,55,2,2,2,2,0,0,14,12,1,1,4,6,1,0
51,510133,1,1,1,26,3,20,32,42,0,1,0,51,1,20,20,20020,4,2000,2G1WL52J0Y13,2,G,1,W,L,5,2,J,0,Y,1,3,0,P,CHEV,LUM,4D,0,17,3330,,0,1075,,G,,0,0,000000000,00000000000,0,0,0,1,0,0,0,0,0,0,0,65,0,0,0,9,9,6,2,42,0,0,0,1,51,24528,0,0,0,0,0,0,68,160,0,3,0,0,1,2,2009,3,2009,1,37,0,0,0,1,2,35,2,1,2,1,0,0,14,13,1,1,4,1,1,1
51,510134,1,2,2,18,3,13,47,12,6,1,0,51,1,55,33,55033,4,2004,KMHWF35H74A0,K,M,H,W,F,3,5,H,7,4,A,0,0,P,HYUN,SGX,4D,4,17,3212,,0,1063,,G,,0,0,000000000,00000000000,0,0,0,1,0,0,0,0,0,0,0,15,0,0,0,9,9,6,2,12,0,0,0,1,51,23235,6,1,0,0,3,3,62,168,0,0,0,0,1,10,2007,10,2007,0,38,39,0,0,3,8,45,1,1,2,1,0,0,11,17,1,1,1,82,1,0
51,510134,2,2,1,18,3,13,47,12,6,1,0,51,1,41,471,41471,30,1979,JM2UF3135H01,J,M,2,U,F,3,1,3,5,H,0,1,0,T,MAZD,CPL,PC,87,17,,1,0,1175,B22,G,,0,0,000000000,00000000000,0,0,0,1,0,0,0,0,0,0,0,45,0,0,0,12,12,6,2,12,0,0,0,1,51,23837,6,1,0,0,3,3,72,275,0,0,0,0,1,6,2007,6,2007,0,0,0,0,0,3,5,45,1,1,2,1,0,0,1,66,2,1,1,83,0,0
51,510135,1,1,1,12,3,18,45,15,0,1,0,51,1,20,421,20421,15,2000,1GNEK13T1YJ1,1,G,N,E,K,1,3,T,1,Y,J,1,0,P,CHEV,KTA,UT,0,17,5333,,0,1160,,G,,0,0,000000000,00000000000,0,0,0,1,0,0,0,0,0,0,0,35,0,0,0,12,12,2,1,15,0,0,0,1,51,23707,6,1,0,0,3,3,74,250,0,8,1,0,0,8,2007,10,2007,0,38,0,0,0,1,2,35,1,1,2,2,0,0,1,80,1,1,1,13,0,0