STATE,ST_CASE,VEH_NO,VE_FORMS,NUMOCCS,DAY,MONTH,HOUR,MINUTE,HARM_EV,MAN_COLL,UNITTYPE,HIT_RUN,REG_STAT,OWNER,MAKE,MODEL,MAK_MOD,BODY_TYP,MOD_YEAR,VIN,VIN_1,VIN_2,VIN_3,VIN_4,VIN_5,VIN_6,VIN_7,VIN_8,VIN_9,VIN_10,VIN_11,VIN_12,TOW_VEH,VINTYPE,VINMAKE,VINA_MOD,VIN_BT,VINMODYR,VIN_LNGT,VIN_WGT,WGTCD_TR,WHLBS_LG,WHLBS_SH,SER_TR,FUELCODE,MCYCL_DS,J_KNIFE,MCARR_I1,MCARR_I2,MCARR_ID,GVWR,V_CONFIG,CARGO_BT,HAZ_INV,HAZ_PLAC,HAZ_ID,HAZ_CNO,HAZ_REL,BUS_USE,SPEC_USE,EMER_USE,TRAV_SP,UNDERIDE,ROLLOVER,ROLINLOC,IMPACT1,IMPACT2,DEFORMED,TOWED,M_HARM,VEH_SC1,VEH_SC2,FIRE_EXP,DR_PRES,L_STATE,DR_ZIP,L_STATUS,L_TYPE,CDL_STAT,L_ENDORS,L_COMPL,L_RESTRI,DR_HGT,DR_WGT,PREV_ACC,PREV_SUS,PREV_DWI,PREV_SPD,PREV_OTH,FIRST_MO,FIRST_YR,LAST_MO,LAST_YR,SPEEDREL,DR_SF1,DR_SF2,DR_SF3,DR_SF4,VTRAFWAY,VNUM_LAN,VSPD_LIM,VALIGN,VPROFILE,VPAVETYP,VSURCOND,VTRAFCON,VTCONT_F,P_CRASH1,P_CRASH2,P_CRASH3,PCRASH4,PCRASH5,ACC_TYPE,DEATHS,DR_DRINK
51,510136,1,1,1,21,3,23,58,14,0,1,0,12,1,34,399,34399,4,2009,WBAPH73579E1,W,B,A,P,H,7,3,5,7,9,E,1,0,P,BMW,28I,4D,9,17,3428,,0,1087,,G,,0,0,000000000,00000000000,0,0,0,1,0,0,0,0,0,0,0,55,0,0,0,12,12,6,2,14,0,0,0,1,51,23173,6,1,0,0,3,0,72,999,0,0,0,0,0,0,0,0,0,0,0,0,0,0,3,7,55,1,1,1,1,0,0,1,11,1,1,4,1,0,0
51,510137,1,1,1,8,3,15,25,18,0,1,0,51,1,12,17,12017,4,1996,1FALP52UXTA2,1,F,A,L,P,5,2,U,X,T,A,2,0,P,FORD,TAG,4D,96,17,3347,,0,1085,,G,,0,0,000000000,00000000000,0,0,0,1,0,0,0,0,0,0,0,50,0,0,0,12,0,6,2,18,0,0,0,1,51,23847,6,1,0,0,3,0,61,149,0,0,0,0,0,0,0,0,0,1,28,0,0,0,1,2,25,1,3,2,1,20,3,1,17,1,1,4,14,1,0
51,510138,1,2,1,10,4,6,19,12,1,1,0,51,1,2,404,2404,14,2003,1J4GW48S03C5,1,J,4,G,W,4,8,S,0,3,C,5,0,T,JEEP,LRO,4W,3,17,,1,0,1059,GCK,G,,0,0,000000000,00000000000,0,0,0,1,0,0,0,0,0,0,0,50,0,0,0,12,12,6,2,12,0,0,0,1,51,22602,6,1,0,0,3,3,70,170,1,0,0,1,1,10,2007,12,2007,0,38,39,0,0,3,6,55,1,2,2,1,0,0,1,50,1,1,1,20,0,0
51,510138,2,2,1,10,4,6,19,12,1,1,0,54,1,53,705,53705,80,2005,JS1GN7CAX521,J,S,1,G,N,7,C,A,X,5,2,1,0,M,SUZI,GSK,RS,5,17,,,,,,,599,0,0,000000000,00000000000,0,0,0,1,0,0,0,0,0,0,0,0,0,0,0,6,6,6,2,12,0,0,0,1,54,25425,6,1,0,0,3,0,68,160,0,0,0,0,1,5,2008,5,2008,0,0,0,0,0,3,6,55,2,1,2,1,0,0,5,59,1,1,1,22,1,0
51,510139,1,1,1,4,3,19,24,32,0,1,0,51,1,24,2,24002,2,1996,1G8ZE1286TZ2,1,G,8,Z,E,1,2,8,6,T,Z,2,0,P,STRN,SC1,CP,96,17,2184,,0,992,,G,,0,0,000000000,00000000000,0,0,0,1,0,0,0,0,0,0,0,50,0,1,2,10,98,6,2,1,0,0,0,1,51,23966,6,1,0,0,3,0,66,150,0,0,0,0,0,0,0,0,0,0,0,0,0,0,1,2,55,1,1,2,1,0,0,1,12,1,1,4,6,1,1
51,510140,1,2,1,10,4,17,50,12,2,1,0,51,1,72,709,72709,80,1984,1HD1CBH32EY2,1,H,D,1,C,B,H,3,2,E,Y,2,0,M,HD,XLS,RS,84,17,,,,,,,1000,0,0,000000000,00000000000,0,0,0,1,0,0,0,0,0,0,0,40,0,0,0,12,12,6,2,12,0,0,0,1,51,24401,6,1,6,0,3,8,72,190,0,0,0,0,0,0,0,0,0,0,0,0,0,0,1,2,40,1,2,2,1,0,0,1,62,1,1,1,51,1,0
51,510140,2,2,1,10,4,17,50,12,2,1,0,51,1,7,471,7471,30,1988,JB7FM24EXJP0,J,B,7,F,M,2,4,E,X,J,P,0,0,T,DODG,R50,PK,88,17,,1,0,1051,R50,G,,0,0,000000000,00000000000,0,0,0,1,0,0,0,0,0,0,0,55,0,0,0,12,12,6,2,12,0,0,0,1,51,24440,6,1,0,0,3,0,62,196,0,0,0,0,0,0,0,0,0,1,28,0,0,0,1,2,40,1,2,2,1,0,0,1,10,1,1,2,50,0,1
51,510141,1,2,1,15,3,5,46,8,0,1,0,51,3,12,37,12037,4,2010,1FAHP3GN6AW1,1,F,A,H,P,3,G,N,6,A,W,1,0,P,FORD,FOS,4D,10,17,2623,,0,1029,,G,,0,0,000000000,00000000000,0,0,0,1,0,0,0,0,0,0,0,50,0,0,0,12,12,4,3,8,0,0,0,1,51,22060,6,1,0,0,3,1,61,120,1,1,1,1,0,3,2007,8,2008,0,0,0,0,0,3,4,45,1,1,2,1,0,0,1,80,1,1,1,13,0,0
51,510141,2,2,1,15,3,5,46,8,0,1,0,51,1,41,401,41401,14,1993,4F2CU44X4PUM,4,F,2,C,U,4,4,X,4,P,U,M,0,P,MAZD,NAV,UT,93,17,3841,,0,1021,,G,,0,0,000000000,00000000000,0,0,0,1,0,0,0,0,0,0,0,46,0,0,0,12,12,2,1,8,0,0,0,1,51,20109,6,1,0,0,3,1,72,170,0,0,0,0,0,0,0,0,0,0,0,0,0,0,3,4,45,1,1,2,1,0,0,1,80,1,1,1,98,0,0
51,510142,1,2,1,6,4,19,26,12,6,1,0,24,2,37,706,37706,80,2006,JH2SC57036M2,J,H,2,S,C,5,7,0,3,6,M,2,0,M,HOND,CBS,RS,6,17,,,,,,,998,0,0,000000000,00000000000,0,0,0,1,0,0,0,0,0,0,0,70,0,0,0,12,12,6,2,12,0,0,0,1,17,60618,6,1,0,0,2,0,73,192,0,0,0,0,0,0,0,0,0,1,0,0,0,0,3,4,40,1,2,2,1,0,0,1,66,2,2,1,88,1,1
51,510142,2,2,1,6,4,19,26,12,6,1,0,51,1,2,404,2404,14,2005,1J4HR58N35C6,1,J,4,H,R,5,8,N,3,5,C,6,0,T,JEEP,LMT,4W,5,17,,1,0,1095,GCK,G,,0,0,000000000,00000000000,0,0,0,1,0,0,0,0,0,0,0,0,0,0,0,10,10,6,2,12,0,0,0,1,51,22304,6,1,0,0,3,0,73,245,0,0,0,0,1,11,2007,11,2007,0,0,0,0,0,3,4,40,1,2,2,1,0,0,5,66,1,1,1,89,0,0
51,510143,1,2,1,11,4,13,59,14,0,1,0,12,3,87,881,87881,63,1993,1XP5DB9X0PN3,1,X,P,5,D,B,9,X,0,P,N,3,1,T,PTRB,379,DS,93,17,,8,2750,1310,CON,D,,1,12,01773504,1201773504,3,4,6,1,0,0,0,0,0,0,0,55,0,0,0,3,3,2,1,8,0,0,0,1,12,33155,6,1,6,0,3,0,71,999,0,2,0,3,1,10,2007,1,2010,1,92,0,0,0,4,2,55,1,2,2,1,0,0,1,51,9,2,4,3,0,0
51,510143,3,2,1,11,4,13,59,14,0,1,0,51,1,20,422,20422,15,2007,3GNFK16307G1,3,G,N,F,K,1,6,3,0,7,G,1,0,P,CHEV,K15,UT,7,17,5745,,0,1300,,F,,0,0,000000000,00000000000,0,0,0,1,0,0,0,0,0,0,0,35,0,0,0,3,3,2,1,12,0,0,0,1,51,23966,6,1,0,0,3,0,64,140,0,0,0,0,0,0,0,0,0,0,0,0,0,0,6,2,55,1,2,1,1,0,0,1,64,1,1,1,98,0,0
51,510144,1,2,1,14,3,4,20,8,0,1,0,51,1,54,31,54031,4,1992,JH4DA9353NS0,J,H,4,D,A,9,3,5,3,N,S,0,0,P,ACUR,ILS,2H,92,17,2491,,0,1004,,G,,0,0,000000000,00000000000,0,0,0,1,0,0,0,0,0,0,0,999,0,0,0,12,6,6,2,8,0,0,0,1,51,22192,6,1,0,0,3,0,66,110,0,1,0,0,0,6,2008,6,2008,0,0,0,0,0,3,6,55,1,1,2,2,0,0,1,80,8,1,2,13,0,0
51,510144,2,2,1,14,3,4,20,8,0,1,1,51,1,42,43,42043,4,2001,WDBNG70J41A1,W,D,B,N,G,7,0,J,4,1,A,1,0,P,MERZ,S43,4D,1,17,3915,,0,1215,,G,,0,0,000000000,00000000000,0,0,0,1,0,0,0,0,0,0,0,55,0,0,0,7,1,2,1,12,0,0,0,1,51,22401,6,1,6,0,3,0,73,180,0,0,0,2,1,2,2008,7,2008,0,58,84,0,0,3,6,55,1,1,2,2,0,0,1,80,6,1,2,98,0,0
51,510145,1,1,1,11,4,22,24,59,0,1,0,51,1,76,705,76705,80,2004,JYARJ06E04A0,J,Y,A,R,J,0,6,E,0,4,A,0,0,M,YAMA,R6L,RS,4,17,,,,,,,599,0,0,000000000,00000000000,0,0,0,1,0,0,0,0,0,0,0,80,0,0,0,3,3,6,2,24,0,0,0,1,51,23188,6,1,0,0,3,0,69,165,0,0,0,0,0,0,0,0,0,1,0,0,0,0,2,4,60,4,2,2,1,0,0,14,12,1,1,4,6,1,0
51,510146,1,1,2,12,4,0,45,43,0,1,0,37,2,12,401,12401,14,1996,1FMCU24X6TUD,1,F,M,C,U,2,4,X,6,T,U,D,0,P,FORD,EPR,UT,96,17,3981,,0,1017,,G,,0,0,000000000,00000000000,0,0,0,1,0,0,0,0,0,0,0,60,0,1,3,10,10,6,2,1,0,0,0,1,51,24054,6,1,0,0,3,1,67,168,0,1,0,0,0,12,2007,12,2007,0,83,0,0,0,2,4,55,1,1,2,1,0,0,1,87,6,1,4,8,1,0
51,510147,1,2,1,12,4,18,18,12,6,1,0,51,2,76,706,76706,80,2004,JYARN13E84A0,J,Y,A,R,N,1,3,E,8,4,A,0,0,M,YAMA,YFR,RS,4,17,,,,,,,998,0,0,000000000,00000000000,0,0,0,1,0,0,0,0,0,0,0,999,0,0,0,12,12,6,2,12,0,0,0,1,51,23231,6,1,0,0,3,0,71,225,0,1,0,1,0,6,2009,7,2009,0,0,0,0,0,1,2,25,1,1,2,1,0,0,1,66,2,1,1,86,1,0
51,510147,2,2,1,12,4,18,18,12,6,1,0,51,4,12,461,12461,21,2008,1FBSS31L38DA,1,F,B,S,S,3,1,L,3,8,D,A,0,T,FORD,WSD,BU,8,17,,2,0,1380,ECO,G,,0,0,000000000,00000000000,0,0,0,1,0,0,0,0,0,0,0,10,0,0,0,3,3,2,1,12,0,0,0,1,51,23224,6,1,0,0,3,0,71,200,0,0,0,0,0,0,0,0,0,0,38,0,0,0,1,2,25,1,1,2,1,20,3,3,17,1,1,3,87,0,0
51,510148,1,1,2,13,4,7,10,43,0,1,0,51,1,12,471,12471,30,2002,1FTYR14V42TA,1,F,T,Y,R,1,4,V,4,2,T,A,0,T,FORD,RNS,PS,2,17,,1,0,1257,RNG,F,,0,0,000000000,00000000000,0,0,0,1,0,0,0,0,0,0,0,45,0,0,0,11,11,6,2,14,0,0,0,1,51,23306,6,1,0,0,3,0,74,210,0,0,0,0,0,0,0,0,0,0,0,0,0,0,1,4,45,1,1,2,1,0,0,1,13,2,1,4,1,1,0
51,510149,1,1,1,14,4,18,26,1,0,1,0,51,1,12,471,12471,30,1985,1FTBR10C9FUC,1,F,T,B,R,1,0,C,9,F,U,C,0,T,FORD,RNG,PK,85,17,,1,1140,1080,RNG,G,,0,0,000000000,00000000000,0,0,0,1,0,0,0,0,0,0,0,65,0,2,5,0,1,6,2,1,0,0,0,1,51,23350,6,1,0,0,3,0,69,230,0,0,0,0,0,0,0,0,0,1,80,0,0,0,1,2,55,1,1,1,10,0,0,1,1,3,2,4,7,1,0
51,510150,1,1,1,7,3,1,47,34,0,1,0,51,2,2,404,2404,14,2004,1J4FA39S14P7,1,J,4,F,A,3,9,S,1,4,P,7,0,T,JEEP,WXR,2W,4,17,,1,0,934,WRA,G,,0,0,000000000,00000000000,0,0,0,1,0,0,0,0,0,0,0,60,0,1,3,12,12,6,2,1,0,0,0,1,51,23937,1,1,1,0,2,3,69,160,1,2,0,1,2,11,2008,12,2008,1,58,0,0,0,3,4,55,3,2,2,1,0,0,14,13,6,1,4,1,1,1
51,510151,1,1,1,15,4,13,10,35,0,1,0,51,1,37,706,37706,80,2006,1HFSC52696A3,1,H,F,S,C,5,2,6,9,6,A,3,0,M,HOND,X13,RS,6,17,,,,,,,1312,0,0,000000000,00000000000,0,0,0,1,0,0,0,0,0,0,0,999,0,0,0,4,4,6,2,35,0,0,0,1,51,24605,6,1,6,0,2,0,68,180,0,0,0,0,1,5,2009,5,2009,0,0,0,0,0,1,2,45,3,1,2,1,0,0,14,13,1,1,4,1,1,0
51,510152,1,1,1,15,4,1,14,33,0,1,0,51,2,12,401,12401,14,2000,1FMDU62X4YUB,1,F,M,D,U,6,2,X,4,Y,U,B,0,P,FORD,EPR,UT,0,17,3865,,0,1116,,G,,0,0,000000000,00000000000,0,0,0,1,0,0,0,0,0,0,0,70,0,1,5,12,12,6,2,18,0,0,0,1,51,23021,6,1,0,0,3,0,68,155,0,0,0,1,0,10,2008,10,2008,1,0,0,0,0,2,4,35,3,1,2,1,0,0,14,13,1,1,4,1,1,1
51,510153,1,1,1,15,4,11,21,42,0,1,0,0,0,76,734,76734,90,2005,JY4AM01Y55C0,J,Y,4,A,M,0,1,Y,5,5,C,0,0,M,YAMA,Y6N,AT,5,17,,,,,,,660,0,0,000000000,00000000000,0,0,0,1,0,0,0,0,0,0,0,55,0,1,5,12,12,6,2,42,0,0,0,1,51,22554,0,0,0,0,1,0,67,210,0,10,0,0,0,1,2008,2,2009,1,33,0,0,0,1,2,45,3,1,2,1,0,0,6,13,1,1,4,1,1,0
51,510154,1,1,1,31,3,17,49,8,0,1,0,51,2,12,499,12499,30,1977,E38AHY73574,E,3,8,A,H,Y,7,3,5,7,4,,0,P,,,,,,,,,,,,,0,0,000000000,00000000000,0,0,0,1,0,0,0,0,0,0,0,999,0,0,0,7,7,0,3,8,33,0,0,1,51,24501,1,1,1,0,2,0,75,280,1,3,0,0,1,3,2008,3,2009,0,0,0,0,0,3,4,35,2,1,2,1,0,0,5,80,1,1,1,13,0,0
51,510155,1,1,1,15,1,15,32,42,0,1,0,51,3,12,16,12016,4,2006,2FAFP72WX6X1,2,F,A,F,P,7,2,W,X,6,X,1,0,P,FORD,CVS,4D,6,17,4057,,1207,1147,,G,,0,0,000000000,00000000000,0,0,0,1,0,0,0,0,0,1,0,20,0,0,0,12,1,6,2,42,0,0,0,1,51,22407,6,1,0,0,3,0,71,180,1,0,0,0,0,6,2008,6,2008,0,0,0,0,0,3,4,30,1,1,2,1,0,0,1,10,1,1,4,6,1,0
51,510156,1,1,1,17,4,20,0,58,0,1,0,51,1,72,706,72706,80,2007,1HD1PR81X7Y9,1,H,D,1,P,R,8,1,X,7,Y,9,0,M,HD,FL5,RS,7,17,,,,,,,1800,0,0,000000000,00000000000,0,0,0,1,0,0,0,0,0,0,0,80,0,0,0,4,2,6,2,5,0,0,0,1,51,23433,6,1,0,0,2,0,72,170,0,1,0,1,0,12,2008,10,2009,1,0,0,0,0,3,4,55,1,1,1,1,0,0,1,6,1,1,4,1,1,1
51,510157,1,1,2,17,4,23,20,42,0,1,0,51,2,7,442,7442,20,1999,2B4FP2533XR2,2,B,4,F,P,2,5,3,3,X,R,2,0,P,DODG,CAR,SV,99,17,3415,,0,1133,,G,,0,0,000000000,00000000000,0,0,0,1,0,0,0,0,0,0,0,999,0,0,0,12,12,6,2,42,0,0,0,1,51,22580,6,2,0,0,3,0,66,230,0,0,0,0,0,0,0,0,0,0,0,0,0,0,1,4,55,1,1,2,1,0,0,1,12,2,1,4,6,2,0
51,510158,1,1,2,18,4,1,45,24,0,1,0,54,2,54,37,54037,2,2001,19UYA42681A0,1,9,U,Y,A,4,2,6,8,1,A,0,0,P,ACUR,32S,CP,1,17,3510,,0,1069,,G,,0,0,000000000,00000000000,0,0,0,1,0,0,0,0,0,0,0,90,0,0,0,4,9,6,2,42,0,0,0,1,51,22602,6,1,0,0,3,0,70,160,0,0,0,4,3,8,2007,11,2009,1,0,0,0,0,1,2,55,1,2,2,1,0,0,1,13,1,1,4,1,2,1
51,510159,1,3,1,18,4,15,55,12,1,1,0,51,1,37,706,37706,80,2006,JH2SC57026M2,J,H,2,S,C,5,7,0,2,6,M,2,0,M,HOND,CBS,RS,6,17,,,,,,,998,0,0,000000000,00000000000,0,0,0,1,0,0,0,0,0,0,0,65,0,0,0,12,12,6,2,12,0,0,0,1,51,23464,6,1,0,0,3,0,72,205,1,0,0,2,0,10,2007,6,2009,1,0,0,0,0,1,2,55,1,1,2,1,0,0,1,50,1,1,1,24,1,0
51,510159,2,3,1,18,4,15,55,12,1,1,0,51,1,39,36,39036,4,2004,SAJEA51C14WE,S,A,J,E,A,5,1,C,1,4,W,E,0,P,JAGU,XT3,4D,4,17,3428,,0,1067,,G,,0,0,000000000,00000000000,0,0,0,1,0,0,0,0,0,0,0,10,0,0,0,6,7,6,2,12,0,0,0,1,51,23451,6,1,0,0,3,0,71,195,1,0,0,2,0,7,2007,6,2009,0,0,0,0,0,1,2,55,1,1,2,1,0,0,2,53,1,1,3,26,0,0
51,510159,3,3,1,18,4,15,55,12,1,1,0,37,1,12,37,12037,4,2003,1FAHP34323W2,1,F,A,H,P,3,4,3,2,3,W,2,0,P,FORD,FSP,4D,3,17,2564,,0,1030,,G,,0,0,000000000,00000000000,0,0,0,1,0,0,0,0,0,0,0,10,0,0,0,12,12,0,1,12,0,0,0,1,37,27950,6,1,0,0,3,0,67,999,0,0,0,0,0,0,0,0,0,0,0,0,0,0,1,2,55,1,1,2,1,0,0,2,60,1,1,1,98,0,0
51,510160,1,2,2,17,4,1,15,12,6,1,0,51,1,23,481,23481,31,2006,1GTHK29U46E2,1,G,T,H,K,2,9,U,4,6,E,2,0,T,GMC,2KH,4C,6,17,,2,1575,1435,SIE,G,,0,0,000000000,00000000000,0,0,0,1,0,0,0,0,0,0,0,50,7,1,6,1,1,6,2,12,0,0,0,1,51,24112,6,1,0,0,3,0,75,241,0,0,0,0,0,0,0,0,0,1,51,0,0,0,1,2,45,2,1,2,1,0,0,14,10,2,1,2,64,0,0
51,510160,2,2,1,17,4,1,15,12,6,1,0,51,2,12,13,12013,9,1994,1FARP15J9RW1,1,F,A,R,P,1,5,J,9,R,W,1,0,P,FORD,EST,SW,94,17,2419,,0,984,,G,,0,0,000000000,00000000000,0,0,0,1,0,0,0,0,0,0,0,45,3,0,0,1,1,6,2,12,0,0,0,1,51,23433,6,1,0,0,3,0,73,210,0,0,0,1,0,3,2008,3,2008,0,0,0,0,0,1,2,45,3,1,2,1,0,0,14,62,8,1,2,65,1,0
51,510161,1,1,1,18,4,20,12,24,0,1,0,51,1,23,481,23481,31,1989,2GTFK24K9K15,2,G,T,F,K,2,4,K,9,K,1,5,0,T,GMC,SK2,PK,89,17,,2,0,1315,SIE,G,,0,0,000000000,00000000000,0,0,0,1,0,0,0,0,0,0,0,65,0,1,6,1,1,6,2,1,0,0,0,1,51,20106,6,1,0,0,3,0,75,235,2,0,0,0,0,8,2007,8,2008,1,0,0,0,0,2,4,55,1,1,2,1,0,0,1,13,2,1,4,1,1,1
51,510162,1,1,2,18,4,23,23,26,0,1,0,51,1,35,34,35034,2,1984,JN1CZ14S7EX0,J,N,1,C,Z,1,4,S,7,E,X,0,0,P,DATS,30X,2H,84,17,2924,,0,913,,G,,0,0,000000000,00000000000,0,0,0,1,0,0,0,0,0,0,0,55,0,1,1,1,1,6,2,26,0,0,0,1,51,23030,6,1,6,0,3,0,69,220,0,0,0,2,0,8,2008,1,2010,0,0,0,0,0,6,1,55,3,2,2,1,0,0,14,11,2,1,4,1,2,1
51,510163,1,2,3,21,4,16,7,12,6,1,0,51,2,12,17,12017,4,1995,1FALP52UXSA1,1,F,A,L,P,5,2,U,X,S,A,1,0,P,FORD,TGS,4D,95,17,3118,,0,1060,,G,,0,0,000000000,00000000000,0,0,0,1,0,0,0,0,0,0,0,45,0,0,0,9,9,6,2,12,0,0,0,1,51,22901,6,1,0,0,3,0,64,150,0,0,0,0,0,0,0,0,0,0,39,0,0,0,1,2,55,1,2,2,2,20,3,1,17,1,1,1,88,2,0
51,510163,2,2,1,21,4,16,7,12,6,1,0,51,1,12,481,12481,31,2003,1FTRX18L03NB,1,F,T,R,X,1,8,L,0,3,N,B,0,T,FORD,F15,4C,3,17,,2,1574,1388,COF,G,,0,0,000000000,00000000000,0,0,0,1,0,0,0,0,0,0,0,45,0,0,0,11,11,6,2,12,0,0,0,1,51,23024,6,1,0,0,3,0,65,150,0,0,0,0,0,0,0,0,0,0,0,0,0,0,1,2,55,1,2,2,2,0,0,1,66,1,1,1,89,0,0
51,510164,1,2,2,21,4,19,45,12,6,1,0,51,1,20,481,20481,31,2001,1GCEK14WX1Z1,1,G,C,E,K,1,4,W,X,1,Z,1,0,T,CHEV,SK1,PK,1,17,,2,1330,1190,SIL,G,,0,0,000000000,00000000000,0,0,0,1,0,0,0,0,0,0,0,58,0,0,0,9,9,6,2,12,0,0,0,1,51,23065,6,1,0,0,3,0,74,175,0,0,0,3,1,1,2008,10,2008,1,28,0,0,0,1,2,45,2,2,2,2,0,0,14,10,1,1,2,64,1,1
51,510164,2,2,1,21,4,19,45,12,6,1,0,51,1,35,473,35473,31,2004,1N6AA06B94N5,1,N,6,A,A,0,6,B,9,4,N,5,0,T,NISS,TXS,PC,4,17,,2,0,1398,TTN,G,,0,0,000000000,00000000000,0,0,0,1,0,0,0,0,0,0,0,30,0,0,0,12,12,6,2,12,0,0,0,1,51,23141,6,1,0,0,3,0,79,250,0,0,0,0,0,0,0,0,0,0,0,0,0,0,1,2,45,3,2,2,2,0,0,14,62,1,1,1,65,0,0
51,510165,1,1,1,19,4,9,5,9,0,1,0,51,3,98,809,98809,63,2008,2FZHAWBS18AY,2,F,Z,H,A,W,B,S,1,8,A,Y,1,T,STRG,LT8,TM,8,17,,8,0,0,STE,D,,1,99,999999999,99999999999,3,1,2,1,0,0,0,0,0,0,0,5,0,0,0,1,1,0,1,9,0,0,0,1,51,22903,6,1,6,2,2,0,68,162,0,0,0,0,3,7,2008,12,2008,0,86,0,0,0,1,2,25,1,1,2,1,3,3,1,83,2,1,1,13,0,0
51,510166,1,1,1,12,4,12,45,53,0,1,0,51,1,48,38,48038,4,1996,JF1GC4350TH5,J,F,1,G,C,4,3,5,0,T,H,5,0,P,SUBA,IL4,4D,96,17,2685,,0,992,,G,,0,0,000000000,00000000000,0,0,0,1,0,0,0,0,0,0,0,30,0,0,0,2,2,6,2,42,0,0,0,1,51,22849,6,1,0,0,3,0,70,195,0,0,0,0,0,0,0,0,0,0,0,0,0,0,1,2,55,3,1,2,1,0,0,14,13,1,1,4,1,1,0
51,510167,1,1,1,20,4,18,50,34,0,1,0,51,1,53,705,53705,80,2006,JS1GR7KA2621,J,S,1,G,R,7,K,A,2,6,2,1,0,M,SUZI,RK6,RS,6,17,,,,,,,750,0,0,000000000,00000000000,0,0,0,1,0,0,0,0,0,0,0,998,0,0,0,12,12,6,2,34,0,0,0,1,36,11580,6,1,0,0,3,0,70,999,0,0,1,0,2,8,2007,10,2009,0,58,0,0,0,1,2,45,3,1,2,1,0,0,14,13,9,3,4,2,1,0
51,510168,1,2,1,21,4,7,35,12,6,1,0,51,1,20,22,20022,4,2007,1G1AL55F5771,1,G,1,A,L,5,5,F,5,7,7,1,0,P,CHEV,BLT,4D,7,17,3216,,0,1033,,G,,0,0,000000000,00000000000,0,0,0,1,0,0,0,0,0,0,0,70,0,0,0,9,9,6,2,12,0,0,0,1,51,24266,6,1,0,0,3,0,65,221,0,0,0,1,0,6,2007,6,2007,1,0,0,0,0,2,4,65,2,1,2,2,0,0,14,12,4,1,6,64,1,0
51,510168,2,2,1,21,4,7,35,12,6,1,0,51,3,20,37,20037,4,2005,1G1ZS52F15F1,1,G,1,Z,S,5,2,F,1,5,F,1,0,P,CHEV,MAL,4D,5,17,3174,,0,1063,,G,,0,0,000000000,00000000000,0,0,0,1,0,0,0,0,0,0,0,60,0,0,0,11,11,6,2,12,0,0,0,1,51,24319,6,1,0,0,3,0,61,107,0,0,0,0,0,0,0,0,0,0,0,0,0,0,2,4,65,3,1,2,2,0,0,14,64,1,1,1,65,0,0
51,510169,1,1,1,24,4,0,38,26,0,1,0,51,2,53,706,53706,80,2001,JS1GT74A0121,J,S,1,G,T,7,4,A,0,1,2,1,0,M,SUZI,XR1,RS,1,17,,,,,,,988,0,0,000000000,00000000000,0,0,0,1,0,0,0,0,0,0,0,999,0,0,0,12,12,6,2,30,0,0,0,1,51,23223,1,1,0,0,2,0,76,160,1,25,0,1,0,10,2007,9,2009,9,37,0,0,0,1,2,25,1,1,2,1,0,0,1,10,1,1,4,6,1,1
51,510170,1,1,1,23,4,8,5,8,0,1,0,51,2,20,2,20002,8,2001,2G1WH55K0192,2,G,1,W,H,5,5,K,0,1,9,2,0,P,CHEV,IPL,4D,1,17,3466,,0,1105,,G,,0,0,000000000,00000000000,0,0,0,1,0,0,0,0,0,0,0,55,0,0,0,2,2,6,2,8,0,0,0,1,51,23970,2,1,0,0,2,0,72,150,1,5,0,0,1,9,2008,11,2008,1,58,0,0,0,1,2,35,1,1,2,1,0,0,1,11,8,1,2,13,0,1
51,510171,1,2,1,24,4,2,25,12,8,1,0,51,1,7,43,7043,4,2003,4B3AG52H63E0,4,B,3,A,G,5,2,H,6,3,E,0,0,P,DODG,SRS,2P,3,17,3115,,0,1037,,G,,0,0,000000000,00000000000,0,0,0,1,0,0,0,0,0,0,0,999,0,0,0,11,11,6,2,38,0,0,0,1,51,23322,6,1,6,0,3,0,70,210,0,0,0,1,0,5,2008,5,2008,0,28,0,0,0,3,4,45,1,1,2,1,0,0,1,10,1,1,6,64,1,0
51,510171,2,2,1,24,4,2,25,12,8,1,0,51,1,20,32,20032,5,1996,2C1MR5298T67,2,C,1,M,R,5,2,9,8,T,6,7,0,P,GEO,GML,4D,96,17,1940,,0,931,,G,,0,0,000000000,00000000000,0,0,0,1,0,0,0,0,0,0,0,35,0,0,0,7,7,2,1,12,0,0,0,1,51,23518,6,1,0,0,3,0,67,155,0,0,0,2,0,2,2008,11,2009,0,0,0,0,0,3,4,45,1,1,2,1,0,0,1,62,1,1,1,65,0,0
51,510172,1,1,1,18,4,1,30,8,0,1,0,51,1,6,51,6051,4,2005,2C3AA63H95H5,2,C,3,A,A,6,3,H,9,5,H,5,0,P,CHRY,30C,4D,5,17,4064,,0,1200,,G,,0,0,000000000,00000000000,0,0,0,1,0,0,0,0,0,0,0,40,0,0,0,12,12,2,9,8,0,0,0,1,51,23451,6,1,0,0,3,0,66,225,0,0,0,1,1,4,2009,12,2009,0,0,0,0,0,2,4,45,1,1,2,1,0,0,1,80,1,1,1,13,0,0
51,510173,1,1,2,24,4,5,45,42,0,1,0,37,1,12,401,12401,14,1997,1FMDU34X7VUB,1,F,M,D,U,3,4,X,7,V,U,B,0,P,FORD,EPR,UT,97,17,4166,,0,1115,,G,,0,0,000000000,00000000000,0,0,0,1,0,0,0,0,0,0,0,55,0,1,5,10,10,6,2,42,0,0,0,1,37,27831,6,1,0,0,3,0,64,999,0,0,0,0,1,11,2009,11,2009,0,0,0,0,0,1,2,55,1,1,2,1,0,0,1,13,3,2,4,2,1,1