STATE,ST_CASE,VEH_NO,VE_FORMS,NUMOCCS,DAY,MONTH,HOUR,MINUTE,HARM_EV,MAN_COLL,UNITTYPE,HIT_RUN,REG_STAT,OWNER,MAKE,MODEL,MAK_MOD,BODY_TYP,MOD_YEAR,VIN,VIN_1,VIN_2,VIN_3,VIN_4,VIN_5,VIN_6,VIN_7,VIN_8,VIN_9,VIN_10,VIN_11,VIN_12,TOW_VEH,VINTYPE,VINMAKE,VINA_MOD,VIN_BT,VINMODYR,VIN_LNGT,VIN_WGT,WGTCD_TR,WHLBS_LG,WHLBS_SH,SER_TR,FUELCODE,MCYCL_DS,J_KNIFE,MCARR_I1,MCARR_I2,MCARR_ID,GVWR,V_CONFIG,CARGO_BT,HAZ_INV,HAZ_PLAC,HAZ_ID,HAZ_CNO,HAZ_REL,BUS_USE,SPEC_USE,EMER_USE,TRAV_SP,UNDERIDE,ROLLOVER,ROLINLOC,IMPACT1,IMPACT2,DEFORMED,TOWED,M_HARM,VEH_SC1,VEH_SC2,FIRE_EXP,DR_PRES,L_STATE,DR_ZIP,L_STATUS,L_TYPE,CDL_STAT,L_ENDORS,L_COMPL,L_RESTRI,DR_HGT,DR_WGT,PREV_ACC,PREV_SUS,PREV_DWI,PREV_SPD,PREV_OTH,FIRST_MO,FIRST_YR,LAST_MO,LAST_YR,SPEEDREL,DR_SF1,DR_SF2,DR_SF3,DR_SF4,VTRAFWAY,VNUM_LAN,VSPD_LIM,VALIGN,VPROFILE,VPAVETYP,VSURCOND,VTRAFCON,VTCONT_F,P_CRASH1,P_CRASH2,P_CRASH3,PCRASH4,PCRASH5,ACC_TYPE,DEATHS,DR_DRINK
51,510174,1,1,2,24,4,22,0,30,0,1,0,51,1,37,31,37031,2,1994,1HGEJ1129RL0,1,H,G,E,J,1,1,2,9,R,L,0,0,P,HOND,CEX,CP,94,17,2371,,0,1032,,G,,0,0,000000000,00000000000,0,0,0,1,0,0,0,0,0,0,0,55,0,0,0,9,9,6,2,30,0,0,0,1,51,24092,6,1,0,0,3,0,73,180,1,0,0,1,2,4,2007,6,2009,0,0,0,0,0,3,4,55,2,1,2,2,0,0,14,13,2,1,4,1,1,0
51,510175,1,1,4,25,4,1,35,42,0,1,0,51,2,12,481,12481,31,2006,1FTPW14V96KD,1,F,T,P,W,1,4,V,9,6,K,D,0,T,FORD,F1S,CW,6,17,,2,1500,1390,COF,F,,0,0,000000000,00000000000,0,0,0,1,0,0,0,0,0,0,0,55,0,0,0,1,1,6,2,42,0,0,0,1,51,22734,6,2,0,0,3,2,70,130,0,0,0,0,0,0,0,0,0,1,73,0,0,0,1,2,25,1,3,4,2,0,0,17,12,6,1,4,8,1,0
51,510176,1,2,1,24,4,12,15,12,6,1,0,51,1,20,481,20481,31,2004,1GCEK14V44Z1,1,G,C,E,K,1,4,V,4,4,Z,1,0,T,CHEV,SK1,PK,4,17,,2,1330,1190,SIL,G,,0,0,000000000,00000000000,0,0,0,1,0,0,0,0,0,0,0,20,0,0,0,12,12,6,2,12,0,0,0,1,51,24293,6,1,0,0,3,0,70,190,0,0,0,0,1,4,2009,4,2009,0,38,0,0,0,2,4,55,1,3,2,1,0,0,11,15,1,1,2,82,0,0
51,510176,2,2,1,24,4,12,15,12,6,1,0,51,2,12,3,12003,2,2001,1FAFP45X71F1,1,F,A,F,P,4,5,X,7,1,F,1,0,P,FORD,MGT,CV,1,17,3379,,0,1013,,G,,0,0,000000000,00000000000,0,0,0,1,0,0,0,0,0,0,0,55,0,0,0,9,9,6,2,12,0,0,0,1,51,24243,6,1,0,0,3,0,70,165,0,1,0,0,0,3,2009,3,2009,0,0,0,0,0,2,4,55,1,3,2,1,0,0,1,62,4,1,1,83,1,0
51,510177,1,2,1,23,4,21,39,12,2,1,0,51,1,76,701,76701,88,2003,JYASA17A13A0,J,Y,A,S,A,1,7,A,1,3,A,0,0,M,YAMA,YJA,MS,3,17,,,,,,,49,0,0,000000000,00000000000,0,0,0,1,0,0,0,0,0,0,0,5,0,0,0,12,12,6,2,12,0,0,0,1,51,24401,6,1,0,0,3,0,69,160,0,0,0,0,0,0,0,0,0,0,39,0,0,0,1,5,35,1,1,2,1,3,3,1,17,1,1,1,69,1,0
51,510177,2,2,1,23,4,21,39,12,2,1,0,51,1,20,421,20421,15,2003,1GNEK13Z03J3,1,G,N,E,K,1,3,Z,0,3,J,3,0,P,CHEV,KTA,UT,3,17,5050,,0,1160,,F,,0,0,000000000,00000000000,0,0,0,1,0,0,0,0,0,0,0,5,0,0,0,12,12,6,8,12,0,0,0,1,51,24401,6,1,0,0,3,0,71,245,0,0,0,1,0,10,2008,10,2008,0,0,0,0,0,1,5,35,1,1,2,1,3,3,11,54,1,1,1,68,0,0
51,510178,1,1,1,23,4,15,42,33,0,1,0,51,1,49,52,49052,5,2009,JTLKE50E0910,J,T,L,K,E,5,0,E,0,9,1,0,0,P,TOYT,SXB,UT,9,17,3020,,0,1024,,G,,0,0,000000000,00000000000,0,0,0,1,0,0,0,0,0,0,0,70,0,0,0,12,12,6,2,42,0,0,0,1,51,20164,6,1,0,0,3,0,62,220,0,0,0,0,0,0,0,0,0,1,0,0,0,0,3,6,35,2,2,2,1,0,0,14,12,2,1,4,1,1,0
51,510179,1,1,1,17,4,4,53,14,0,1,0,51,1,13,482,13482,31,2006,5LTPW18516FJ,5,L,T,P,W,1,8,5,1,6,F,J,0,T,LINC,MLT,CW,6,17,,2,0,1385,MRK,G,,0,0,000000000,00000000000,0,0,0,1,0,0,0,0,0,0,0,25,0,0,0,12,12,6,2,14,0,0,1,1,51,22003,6,1,0,0,3,0,66,170,0,1,1,0,1,8,2007,1,2008,0,0,0,0,0,2,2,25,1,2,2,1,0,0,1,11,1,1,4,1,1,1
51,510180,1,1,1,26,4,19,0,42,0,1,0,51,2,14,6,14006,4,1997,2MELM75W6VX6,2,M,E,L,M,7,5,W,6,V,X,6,0,P,MERC,MGL,4D,97,17,3796,,0,1144,,G,,0,0,000000000,00000000000,0,0,0,1,0,0,0,0,0,0,0,60,0,0,0,13,13,6,2,42,0,0,0,1,51,24058,6,1,0,0,3,0,73,200,0,0,0,0,0,0,0,0,0,1,0,0,0,0,1,2,55,3,1,2,2,0,0,14,12,8,1,4,6,1,1
51,510181,1,1,1,30,4,1,30,21,0,1,0,51,1,49,40,49040,4,1999,4T1BG22K1XU5,4,T,1,B,G,2,2,K,1,X,U,5,0,P,TOYT,UEX,4D,99,17,2998,,0,1051,,G,,0,0,000000000,00000000000,0,0,0,1,0,0,0,0,0,0,0,55,0,1,5,1,1,6,2,21,0,0,0,1,51,24557,6,1,0,0,3,0,68,175,0,0,0,0,0,0,0,0,0,0,0,0,0,0,1,2,55,2,2,2,1,0,0,14,13,9,3,4,2,1,1
51,510182,1,2,1,29,4,19,15,12,1,1,0,51,1,37,706,37706,80,2005,1HFSC43025A5,1,H,F,S,C,4,3,0,2,5,A,5,0,M,HOND,VT2,RS,5,17,,,,,,,1099,0,0,000000000,00000000000,0,0,0,1,0,0,0,0,0,0,0,35,0,0,0,12,12,6,8,12,0,0,0,1,51,24015,6,1,0,0,3,0,69,220,0,0,0,0,0,0,0,0,0,0,28,0,0,0,1,2,45,1,1,2,1,0,0,1,50,2,1,1,20,1,0
51,510182,2,2,1,29,4,19,15,12,1,1,0,51,1,20,431,20431,16,1987,1GNER16K7HF1,1,G,N,E,R,1,6,K,7,H,F,1,0,P,CHEV,R10,UT,87,17,4120,,0,1295,,G,,0,0,000000000,00000000000,0,0,0,1,0,0,0,0,0,0,0,0,0,0,0,6,6,2,8,12,0,0,0,1,51,24121,6,1,0,0,3,0,74,300,0,0,0,0,0,0,0,0,0,0,0,0,0,0,1,2,45,1,1,2,1,0,0,5,53,1,1,1,21,0,0
51,510183,1,2,2,29,4,20,40,12,6,1,0,51,2,20,37,20037,4,2000,1G1ND52J9Y61,1,G,1,N,D,5,2,J,9,Y,6,1,0,P,CHEV,MAL,4D,0,17,3051,,0,1070,,G,,0,0,000000000,00000000000,0,0,0,1,0,0,0,0,0,0,0,35,0,0,0,2,2,6,2,12,0,0,0,1,51,24055,6,1,0,0,3,0,66,140,0,0,0,0,0,0,0,0,0,0,38,0,0,0,1,2,55,1,2,2,1,0,0,11,15,1,1,2,68,1,0
51,510183,2,2,2,29,4,20,40,12,6,1,0,51,3,20,481,20481,31,2005,1GCHK29U05E1,1,G,C,H,K,2,9,U,0,5,E,1,0,T,CHEV,2KH,4C,5,17,,2,1575,1435,SIL,G,,0,0,000000000,00000000000,0,0,0,1,0,0,0,0,0,0,0,50,0,0,0,12,12,6,2,12,0,0,0,1,51,24015,6,1,6,0,3,0,68,185,0,0,0,2,3,8,2007,7,2008,0,0,0,0,0,1,2,55,1,2,2,1,0,0,1,62,1,1,1,69,0,0
51,510184,1,2,1,30,4,20,24,12,8,1,0,51,2,76,705,76705,80,2002,JYARJ04E62A0,J,Y,A,R,J,0,4,E,6,2,A,0,0,M,YAMA,R6L,RS,2,17,,,,,,,599,0,0,000000000,00000000000,0,0,0,1,0,0,0,0,0,0,0,60,0,0,0,2,2,6,2,12,0,0,0,1,51,24333,6,1,0,0,2,0,69,145,1,0,0,0,0,7,2008,7,2008,1,33,0,0,0,1,2,35,1,1,2,1,0,0,6,10,2,1,2,64,1,0
51,510184,2,2,1,30,4,20,24,12,8,1,0,51,1,12,17,12017,4,1996,1FALP52UXTA3,1,F,A,L,P,5,2,U,X,T,A,3,0,P,FORD,TAG,4D,96,17,3347,,0,1085,,G,,0,0,000000000,00000000000,0,0,0,1,0,0,0,0,0,0,0,35,0,0,0,2,2,2,1,12,0,0,0,1,51,24333,6,1,0,0,3,0,63,148,0,0,0,0,0,0,0,0,0,0,0,0,0,0,1,2,35,1,1,2,1,0,0,1,62,1,1,1,65,0,0
51,510185,1,2,1,1,5,12,55,12,6,1,0,51,1,72,709,72709,80,1986,1HD1DDL10GY5,1,H,D,1,D,D,L,1,0,G,Y,5,0,M,HD,FHC,RS,86,17,,,,,,,1340,0,0,000000000,00000000000,0,0,0,1,0,0,0,0,0,0,0,20,0,0,0,9,9,6,2,12,0,0,0,1,51,22827,6,1,6,1,3,3,68,184,0,0,0,0,1,4,2009,4,2009,0,38,0,0,0,3,2,99,1,1,2,1,20,3,4,66,1,1,1,89,1,0
51,510185,2,2,2,1,5,12,55,12,6,1,0,51,2,32,42,32042,4,2003,WAULD64B13N0,W,A,U,L,D,6,4,B,1,3,N,0,0,P,AUDI,27Q,4D,3,17,3735,,0,1086,,G,,0,0,000000000,00000000000,0,0,0,1,0,0,0,0,0,0,0,55,0,0,0,12,12,6,2,12,0,0,0,1,51,22968,6,1,0,0,3,0,62,200,0,0,0,0,0,0,0,0,0,0,0,0,0,0,3,2,55,1,1,2,1,0,0,1,17,1,1,1,88,0,0
51,510186,1,1,1,2,5,3,5,18,0,1,0,51,1,7,442,7442,20,2006,1D4GP24R56B6,1,D,4,G,P,2,4,R,5,6,B,6,0,P,DODG,CAR,SV,6,17,4095,,0,1193,,G,,0,0,000000000,00000000000,0,0,0,1,0,0,0,0,0,0,0,55,0,0,0,12,12,6,2,18,0,0,0,1,51,24330,6,1,6,0,3,3,69,205,0,0,0,0,2,3,2008,8,2009,0,0,0,0,0,1,2,55,1,2,2,2,0,0,1,13,1,1,4,1,1,0
51,510187,1,2,1,2,5,1,49,12,2,1,0,51,1,7,472,7472,30,2002,1B7GL12X62S6,1,B,7,G,L,1,2,X,6,2,S,6,0,T,DODG,DXT,PC,2,17,,1,0,1309,DAK,G,,0,0,000000000,00000000000,0,0,0,1,0,0,0,0,0,0,0,999,0,0,0,12,12,6,2,12,0,0,0,1,51,23059,6,1,0,0,3,3,70,185,0,0,0,0,0,0,0,0,0,0,51,28,0,0,1,2,55,1,1,2,1,0,0,1,54,1,1,1,51,1,1
51,510187,2,2,1,2,5,1,49,12,2,1,0,51,1,12,461,12461,21,1997,1FBJS31S1VHB,1,F,B,J,S,3,1,S,1,V,H,B,0,P,FORD,CWS,SV,97,17,5915,,0,1380,,G,,0,0,000000000,00000000000,0,0,0,1,0,0,0,0,0,0,0,999,0,0,0,12,12,6,2,12,0,0,0,1,51,23221,6,1,0,0,3,0,69,200,0,0,0,0,0,0,0,0,0,0,0,0,0,0,1,2,55,1,1,2,1,0,0,1,54,2,1,1,50,0,1
51,510188,1,1,1,15,4,18,22,19,0,1,0,51,1,12,461,12461,21,1989,1FTDE14Y4KHC,1,F,T,D,E,1,4,Y,4,K,H,C,0,T,FORD,15V,CG,89,17,,1,1380,1240,VAN,G,,0,0,000000000,00000000000,0,0,0,1,0,0,0,0,0,0,0,999,0,1,6,12,12,6,2,19,0,0,0,1,51,22980,6,1,0,0,3,0,72,200,0,0,0,0,0,0,0,0,0,0,0,0,0,0,1,2,25,1,1,2,1,0,0,1,12,1,1,4,6,1,1
51,510189,1,1,1,2,4,21,38,8,0,1,0,51,2,49,40,49040,4,1997,4T1BG22K7VU0,4,T,1,B,G,2,2,K,7,V,U,0,0,P,TOYT,UEX,4D,97,17,2976,,0,1051,,G,,0,0,000000000,00000000000,0,0,0,1,0,0,0,0,0,0,0,25,0,0,0,12,12,6,2,8,0,0,0,1,51,22801,6,1,0,0,3,0,65,145,0,0,0,0,0,0,0,0,0,0,0,0,0,0,1,2,25,1,3,2,1,0,0,1,80,1,1,1,13,0,0
51,510190,1,1,3,2,5,1,45,1,0,1,0,51,1,49,472,49472,30,1997,4TAWN72N5VZ2,4,T,A,W,N,7,2,N,5,V,Z,2,0,T,TOYT,XTR,PC,97,17,,1,0,1219,TAC,G,,0,0,000000000,00000000000,0,0,0,1,0,0,0,0,0,0,0,35,0,2,1,0,0,6,2,1,0,0,0,1,51,24479,6,1,0,0,3,0,70,140,0,0,0,0,1,7,2009,7,2009,1,28,0,0,0,4,1,25,3,2,4,1,0,0,14,11,2,1,1,98,1,0
51,510191,1,1,1,13,4,20,23,42,0,1,0,51,3,85,881,85881,63,1998,3BKMH77X6WF7,3,B,K,M,H,7,7,X,6,W,F,7,0,T,KW,T30,CC,98,17,,7,2800,1450,CON,D,,0,77,777777777,77777777777,3,1,3,1,0,0,0,0,0,0,0,999,0,0,0,12,12,6,2,42,0,0,0,1,51,22942,6,1,6,0,3,0,71,190,0,0,0,0,0,0,0,0,0,0,0,0,0,0,2,4,55,1,1,2,2,0,0,1,13,1,1,4,1,1,0
51,510192,1,2,1,1,5,19,35,12,6,1,0,51,1,72,706,72706,80,2005,1HD4CMM115K4,1,H,D,4,C,M,M,1,1,5,K,4,0,M,HD,XLL,RS,5,17,,,,,,,883,0,0,000000000,00000000000,0,0,0,1,0,0,0,0,0,0,0,56,0,0,0,12,12,6,2,12,0,0,0,1,51,23834,6,1,0,0,3,0,71,200,0,0,0,0,0,0,0,0,0,1,38,0,0,0,2,4,45,2,1,2,1,3,3,14,55,4,2,1,88,1,1
51,510192,2,2,1,1,5,19,35,12,6,1,0,51,1,12,17,12017,4,2003,1FAFP55U63G2,1,F,A,F,P,5,5,U,6,3,G,2,0,P,FORD,TSS,4D,3,17,3329,,0,1085,,G,,0,0,000000000,00000000000,0,0,0,1,0,0,0,0,0,0,0,15,0,0,0,9,9,6,2,12,0,0,0,1,51,23235,6,1,0,0,3,3,67,155,0,0,0,1,0,12,2009,12,2009,1,0,0,0,0,2,4,45,2,1,2,1,0,0,4,66,1,1,1,89,0,0
51,510193,1,2,1,7,4,17,49,12,1,1,0,51,1,72,706,72706,80,2005,1HD1FBW195Y6,1,H,D,1,F,B,W,1,9,5,Y,6,0,M,HD,LRI,RS,5,17,,,,,,,1450,0,0,000000000,00000000000,0,0,0,1,0,0,0,0,0,0,0,55,0,0,0,12,11,6,2,12,0,0,0,1,51,24073,6,1,0,0,3,0,71,240,0,0,0,0,0,0,0,0,0,0,0,0,0,0,1,2,55,4,2,2,1,0,0,14,50,2,1,1,20,1,0
51,510193,2,2,1,7,4,17,49,12,1,1,0,51,2,12,471,12471,30,2002,1FTYR11U32TA,1,F,T,Y,R,1,1,U,3,2,T,A,0,T,FORD,RNG,PK,2,17,,1,1176,1116,RNG,G,,0,0,000000000,00000000000,0,0,0,1,0,0,0,0,0,0,0,0,0,0,0,6,6,2,1,12,0,0,0,1,51,24149,6,1,0,0,3,0,70,190,0,0,0,0,0,0,0,0,0,0,0,0,0,0,1,2,55,4,2,2,1,0,0,11,53,1,1,1,22,0,0
51,510194,1,1,1,1,5,23,37,14,0,1,0,51,1,20,20,20020,4,1993,2G1WL54T0P11,2,G,1,W,L,5,4,T,0,P,1,1,0,P,CHEV,LUM,4D,93,17,3169,,0,1075,,G,,0,0,000000000,00000000000,0,0,0,1,0,0,0,0,0,0,0,999,0,0,0,12,12,6,2,14,0,0,0,1,51,23875,6,1,0,0,3,0,64,185,0,1,0,0,1,5,2009,8,2009,0,0,0,0,0,1,2,45,1,1,2,1,0,0,1,11,1,1,4,1,1,0
51,510195,1,1,3,13,4,0,9,34,0,1,0,51,2,12,35,12035,4,1995,1FALP67L1SK1,1,F,A,L,P,6,7,L,1,S,K,1,0,P,FORD,CSE,4D,95,17,2994,,0,1065,,G,,0,0,000000000,00000000000,0,0,0,1,0,0,0,0,0,0,0,60,0,1,2,12,12,6,2,34,0,0,0,1,51,22407,6,1,0,0,3,0,74,159,0,4,0,5,4,7,2007,8,2009,1,0,0,0,0,1,2,40,1,1,2,1,28,3,1,13,2,1,4,1,1,1
51,510196,1,1,1,3,5,12,31,34,0,1,0,51,1,49,38,49038,2,1996,JT2AC52L0T01,J,T,2,A,C,5,2,L,0,T,0,1,0,P,TOYT,TTD,2D,96,17,1950,,0,937,,G,,0,0,000000000,00000000000,0,0,0,1,0,0,0,0,0,0,0,55,0,1,5,12,12,6,2,1,0,0,0,1,51,22811,6,1,0,0,3,0,62,210,0,0,0,0,0,0,0,0,0,0,58,0,0,0,1,2,55,2,1,2,1,0,0,14,13,7,1,4,1,1,0
51,510197,1,1,1,2,4,1,49,33,0,1,0,51,1,53,706,53706,80,2008,JS1GT77A5821,J,S,1,G,T,7,7,A,5,8,2,1,0,M,SUZI,XR1,RS,8,17,,,,,,,999,0,0,000000000,00000000000,0,0,0,1,0,0,0,0,0,0,0,999,0,0,0,12,12,6,2,33,0,0,0,1,51,24501,6,1,0,0,2,0,67,240,0,12,0,2,2,12,2008,10,2009,1,33,0,0,0,1,2,35,2,2,2,1,0,0,6,12,2,1,4,6,1,1
51,510198,1,2,2,3,5,3,35,12,6,1,0,37,2,51,899,51899,66,2008,4V4NC9GH18N4,4,V,4,N,C,9,G,H,1,8,N,4,1,T,VOLV,VNL,DS,8,17,,8,0,0,VVN,D,,1,37,00165241,3700165241,3,6,1,1,0,0,0,0,0,0,0,68,0,0,0,3,3,6,2,12,0,0,0,1,37,28334,6,1,6,3,3,0,72,999,0,0,0,0,0,0,0,0,0,0,83,0,0,0,2,4,65,1,1,2,1,0,0,1,87,8,1,2,44,0,0
51,510198,2,2,1,3,5,3,35,12,6,1,0,47,3,82,899,82899,66,2001,1FUJAPBD71LH,1,F,U,J,A,P,B,D,7,1,L,H,1,T,FRHT,FL3,DS,1,17,,8,0,0,CON,D,,1,47,01825746,4701825746,3,6,1,1,0,0,0,0,0,0,0,999,0,0,0,12,12,6,2,12,0,0,0,1,5,72301,6,1,6,1,3,3,71,220,0,0,0,0,1,10,2009,10,2009,0,0,0,0,0,2,4,65,1,1,2,1,0,0,1,51,1,1,2,45,1,0
51,510199,1,1,1,29,4,20,34,43,0,1,0,51,2,20,10,20010,2,1987,1G1GZ11G4HR1,1,G,1,G,Z,1,1,G,4,H,R,1,0,P,CHEV,MOC,CP,87,17,3283,,0,1081,,G,,0,0,000000000,00000000000,0,0,0,1,0,0,0,0,0,0,0,999,0,1,5,12,12,6,2,43,0,0,0,1,51,23803,6,1,0,0,3,0,66,172,0,0,0,0,1,4,2010,4,2010,0,0,0,0,0,1,2,25,1,2,2,1,0,0,1,12,2,2,4,7,1,0
51,510200,1,1,1,12,4,21,12,9,0,1,0,51,1,20,422,20422,15,2004,3GNFK16Z94G1,3,G,N,F,K,1,6,Z,9,4,G,1,0,P,CHEV,K15,UT,4,17,5219,,0,1300,,F,,0,0,000000000,00000000000,0,0,0,1,0,0,0,0,0,0,0,999,0,0,0,7,7,2,1,9,0,0,0,1,51,23326,6,1,0,0,3,0,69,183,1,0,0,0,0,2,2008,2,2008,0,0,0,0,0,3,2,35,1,1,2,1,3,3,1,83,1,1,1,13,0,0
51,510201,1,1,1,6,5,14,20,1,0,1,0,39,3,82,899,82899,66,2002,1FUJA9A8X2LJ,1,F,U,J,A,9,A,8,X,2,L,J,1,T,FRHT,ST1,DS,2,17,,8,0,0,CON,D,,1,39,937938,39937938,3,6,4,1,0,0,0,0,0,0,0,50,0,1,1,0,0,6,2,1,0,0,0,1,39,45638,6,1,6,0,3,0,75,285,0,0,0,1,0,2,2008,2,2008,0,28,0,0,0,2,2,55,2,1,2,1,0,0,14,10,2,1,2,98,1,0
51,510202,1,2,2,1,4,18,7,12,6,1,0,51,2,21,20,21020,4,1990,1G3WS54T3LD3,1,G,3,W,S,5,4,T,3,L,D,3,0,P,OLDS,SUL,4D,90,17,3067,,0,1075,,G,,0,0,000000000,00000000000,0,0,0,1,0,0,0,0,0,0,0,20,0,0,0,9,9,6,2,12,0,0,0,1,51,23435,6,1,0,0,3,0,60,240,0,0,0,0,0,0,0,0,0,0,38,0,0,0,2,4,50,1,1,2,1,21,3,1,16,1,1,1,89,1,0
51,510202,2,2,1,1,4,18,7,12,6,1,0,51,2,12,481,12481,31,2007,1FTPW14V47FA,1,F,T,P,W,1,4,V,4,7,F,A,0,T,FORD,F1S,CW,7,17,,2,0,1390,COF,F,,0,0,000000000,00000000000,0,0,0,1,0,0,0,0,0,0,0,45,0,0,0,12,12,6,2,12,0,0,0,1,51,23320,6,1,0,0,3,0,69,156,0,0,0,2,0,6,2009,10,2009,0,0,0,0,0,2,4,50,1,1,2,1,0,0,1,67,1,1,2,88,0,0
51,510203,1,1,1,7,5,15,22,24,0,1,0,51,1,12,401,12401,14,1999,1FMZU34XXXUA,1,F,M,Z,U,3,4,X,X,X,U,A,0,P,FORD,EPR,UT,99,17,4128,,0,1116,,G,,0,0,000000000,00000000000,0,0,0,1,0,0,0,0,0,0,0,70,0,1,1,12,12,6,2,1,0,0,0,1,51,22624,6,1,0,0,3,0,69,230,0,0,0,0,0,0,0,0,0,1,0,0,0,0,1,2,65,1,2,2,1,0,0,1,11,7,1,4,1,1,1
51,510204,1,1,2,7,5,20,12,53,0,1,0,51,1,12,481,12481,31,1994,1FTDF15Y6RNB,1,F,T,D,F,1,5,Y,6,R,N,B,0,T,FORD,F15,PK,94,17,,1,1330,1170,COF,G,,0,0,000000000,00000000000,0,0,0,1,0,0,0,0,0,0,0,85,0,1,5,12,12,6,2,1,0,0,0,1,51,24210,6,1,0,0,3,0,71,290,1,1,0,0,0,11,2008,5,2009,1,58,0,0,0,1,2,55,4,1,2,1,0,0,14,12,8,1,4,1,2,1
51,510205,1,2,1,6,4,14,8,12,6,1,0,51,1,20,20,20020,4,1995,2G1WN52M6S92,2,G,1,W,N,5,2,M,6,S,9,2,0,P,CHEV,LLS,4D,95,17,3372,,0,1075,,G,,0,0,000000000,00000000000,0,0,0,1,0,0,0,0,0,0,0,34,0,0,0,3,3,6,2,12,0,0,0,1,51,23832,6,1,0,0,3,0,69,187,0,0,0,0,1,8,2007,8,2007,0,28,0,0,0,2,6,45,1,1,2,1,0,0,1,12,2,1,6,64,1,0
51,510205,2,2,4,6,4,14,8,12,6,1,0,51,2,20,2,20002,4,2004,2G1WF52E5494,2,G,1,W,F,5,2,E,5,4,9,4,0,P,CHEV,IMP,4D,4,17,3389,,0,1105,,G,,0,0,000000000,00000000000,0,0,0,1,0,0,0,0,0,0,0,45,0,0,0,12,12,6,2,12,0,0,0,1,51,23225,6,1,0,0,3,0,74,170,0,0,0,2,0,9,2007,11,2009,0,0,0,0,0,2,6,45,1,1,2,1,0,0,1,64,1,1,2,65,0,0
51,510206,1,1,3,6,5,22,37,35,0,1,0,18,1,12,13,12013,4,1989,1FAPP9598KW2,1,F,A,P,P,9,5,9,8,K,W,2,0,P,FORD,LXE,4H,89,17,2242,,0,942,,G,,0,0,000000000,00000000000,0,0,0,1,0,0,0,0,0,0,0,65,0,1,4,12,12,6,2,1,0,0,0,1,51,22971,6,1,0,0,3,0,60,112,0,0,0,0,0,0,0,0,0,1,0,0,0,0,1,2,45,3,2,2,1,0,0,14,10,3,2,4,7,1,1
51,510207,1,1,1,7,5,5,9,11,0,1,0,51,1,37,32,37032,4,1996,1HGCD5563TA0,1,H,G,C,D,5,5,6,3,T,A,0,0,P,HOND,UEX,4D,96,17,2919,,0,1069,,G,,0,0,000000000,00000000000,0,0,0,1,0,0,0,0,0,0,0,999,0,0,0,12,12,6,2,42,0,0,0,1,51,22920,6,1,0,0,3,0,63,140,2,0,0,0,0,9,2007,5,2010,0,83,0,0,0,1,2,55,1,1,2,1,0,0,1,87,1,1,1,13,1,0
51,510208,1,1,1,2,5,0,49,8,0,1,1,51,1,38,402,38402,14,1998,4S2CM58W4W43,4,S,2,C,M,5,8,W,4,W,4,3,0,P,ISU,ROD,UT,98,17,3990,,0,1087,,G,,0,0,000000000,00000000000,0,0,0,1,0,0,0,0,0,0,0,35,0,0,0,12,12,6,2,8,0,0,0,1,51,22307,2,1,0,0,2,0,65,150,0,1,0,0,0,3,2009,3,2009,0,91,0,0,0,1,2,35,1,2,2,1,0,0,1,80,1,1,1,13,0,1
51,510209,1,1,1,28,3,0,52,8,0,1,1,51,1,12,481,12481,31,2002,1FTNX21F02EC,1,F,T,N,X,2,1,F,0,2,E,C,0,T,FORD,F2S,4C,2,17,,2,1580,1418,SRW,D,,0,0,000000000,00000000000,0,0,0,1,0,0,0,0,0,0,0,998,0,0,0,12,12,2,3,8,0,0,0,1,51,24609,1,1,0,0,2,0,72,198,0,1,0,0,0,9,2009,9,2009,0,91,0,0,0,1,4,55,1,1,2,1,0,0,1,11,1,1,1,13,0,1
51,510210,1,1,1,9,5,3,21,32,0,1,0,51,2,37,33,37033,2,1993,JHMBB1175PC0,J,H,M,B,B,1,1,7,5,P,C,0,0,P,HOND,PTS,CP,93,17,2932,,0,1004,,G,,0,0,000000000,00000000000,0,0,0,1,0,0,0,0,0,0,0,999,0,0,0,12,12,6,2,32,0,0,0,1,51,23456,6,1,0,0,3,0,69,150,0,0,0,0,1,10,2009,10,2009,1,0,0,0,0,1,2,45,3,1,2,1,0,0,14,12,1,1,4,6,1,1
51,510211,1,1,1,9,5,1,10,53,0,1,0,51,1,12,13,12013,4,1999,1FAFP10P0XW2,1,F,A,F,P,1,0,P,0,X,W,2,0,P,FORD,LXE,4D,99,17,2468,,0,984,,G,,0,0,000000000,00000000000,0,0,0,1,0,0,0,0,0,0,0,999,0,0,0,12,12,6,2,31,0,0,0,1,51,23803,6,1,0,0,3,0,67,125,0,0,0,0,0,0,0,0,0,0,58,0,0,0,1,2,45,1,1,2,1,0,0,1,11,6,1,4,1,1,1
51,510212,1,2,1,12,4,16,58,12,6,1,0,51,1,49,402,49402,14,2005,JTEGD20V2500,J,T,E,G,D,2,0,V,2,5,0,0,0,P,TOYT,RV4,UT,5,17,2897,,0,980,,G,,0,0,000000000,00000000000,0,0,0,1,0,0,0,0,0,0,0,5,0,0,0,10,10,6,2,12,0,0,0,1,51,23061,6,1,0,0,3,0,66,158,0,0,0,0,0,0,0,0,0,0,38,0,0,0,2,4,99,1,1,2,1,20,3,4,17,1,1,1,89,0,0