STATE,ST_CASE,VEH_NO,VE_FORMS,NUMOCCS,DAY,MONTH,HOUR,MINUTE,HARM_EV,MAN_COLL,UNITTYPE,HIT_RUN,REG_STAT,OWNER,MAKE,MODEL,MAK_MOD,BODY_TYP,MOD_YEAR,VIN,VIN_1,VIN_2,VIN_3,VIN_4,VIN_5,VIN_6,VIN_7,VIN_8,VIN_9,VIN_10,VIN_11,VIN_12,TOW_VEH,VINTYPE,VINMAKE,VINA_MOD,VIN_BT,VINMODYR,VIN_LNGT,VIN_WGT,WGTCD_TR,WHLBS_LG,WHLBS_SH,SER_TR,FUELCODE,MCYCL_DS,J_KNIFE,MCARR_I1,MCARR_I2,MCARR_ID,GVWR,V_CONFIG,CARGO_BT,HAZ_INV,HAZ_PLAC,HAZ_ID,HAZ_CNO,HAZ_REL,BUS_USE,SPEC_USE,EMER_USE,TRAV_SP,UNDERIDE,ROLLOVER,ROLINLOC,IMPACT1,IMPACT2,DEFORMED,TOWED,M_HARM,VEH_SC1,VEH_SC2,FIRE_EXP,DR_PRES,L_STATE,DR_ZIP,L_STATUS,L_TYPE,CDL_STAT,L_ENDORS,L_COMPL,L_RESTRI,DR_HGT,DR_WGT,PREV_ACC,PREV_SUS,PREV_DWI,PREV_SPD,PREV_OTH,FIRST_MO,FIRST_YR,LAST_MO,LAST_YR,SPEEDREL,DR_SF1,DR_SF2,DR_SF3,DR_SF4,VTRAFWAY,VNUM_LAN,VSPD_LIM,VALIGN,VPROFILE,VPAVETYP,VSURCOND,VTRAFCON,VTCONT_F,P_CRASH1,P_CRASH2,P_CRASH3,PCRASH4,PCRASH5,ACC_TYPE,DEATHS,DR_DRINK
51,510328,1,3,1,29,6,23,2,12,1,1,0,24,1,34,35,34035,4,2006,WBANB53596CP,W,B,A,N,B,5,3,5,9,6,C,P,0,P,BMW,550,4D,6,17,3803,,0,1137,,G,,0,0,000000000,00000000000,0,0,0,1,0,0,0,0,0,0,0,60,0,0,0,12,12,6,2,12,0,0,0,1,24,20874,6,1,0,0,3,0,68,147,0,0,0,0,0,0,0,0,0,0,0,0,0,0,3,8,55,1,2,2,1,0,0,1,50,1,1,1,20,0,0
51,510328,2,3,1,29,6,23,2,12,1,1,0,51,1,58,33,58033,4,1996,JNKCP01D5TT5,J,N,K,C,P,0,1,D,5,T,T,5,0,P,INFI,G20,4D,96,17,2780,,0,1004,,G,,0,0,000000000,00000000000,0,0,0,1,0,0,0,0,0,0,0,0,0,0,0,6,6,6,2,12,0,0,1,1,51,22202,6,1,0,0,3,3,68,132,0,0,0,0,0,0,0,0,0,0,0,0,0,0,3,8,55,1,2,2,1,0,0,5,60,1,1,1,21,1,0
51,510328,3,3,1,29,6,23,2,12,1,1,0,24,3,20,2,20002,4,2004,2G1WF52E7494,2,G,1,W,F,5,2,E,7,4,9,4,0,P,CHEV,IMP,4D,4,17,3389,,0,1105,,G,,0,0,000000000,00000000000,0,0,0,1,0,0,0,0,0,0,0,0,0,0,0,6,6,6,2,12,0,0,0,1,24,21784,6,1,0,0,3,0,68,147,0,0,0,0,0,0,0,0,0,0,0,0,0,0,3,3,55,1,2,2,1,0,0,5,60,1,1,1,98,0,0
51,510329,1,1,1,30,6,22,38,8,0,1,0,51,1,12,35,12035,4,1998,1FALP67L1WK1,1,F,A,L,P,6,7,L,1,W,K,1,0,P,FORD,CSE,4D,98,17,2996,,0,1065,,G,,0,0,000000000,00000000000,0,0,0,1,0,0,0,0,0,0,0,55,0,0,0,12,12,6,2,8,0,0,0,1,51,23401,6,1,0,0,3,0,70,165,0,0,0,0,0,0,0,0,0,0,0,0,0,0,3,4,55,1,1,2,1,0,0,1,81,1,1,1,13,0,1
51,510330,1,1,1,30,6,21,30,42,0,1,0,51,1,73,709,73709,80,1988,JKAZXCB12JA0,J,K,A,Z,X,C,B,1,2,J,A,0,0,M,KAWK,ZXB,RS,88,17,,,,,,,1000,0,0,000000000,00000000000,0,0,0,1,0,0,0,0,0,0,0,55,0,0,0,12,12,6,2,42,0,0,0,1,51,22827,6,1,6,0,3,0,69,160,0,0,0,0,0,0,0,0,0,0,0,0,0,0,1,2,55,1,2,2,1,0,0,1,13,1,1,4,1,1,1
51,510331,1,1,1,21,6,21,0,18,0,1,0,51,1,76,709,76709,80,1981,JYA4H7008BA1,J,Y,A,4,H,7,0,0,8,B,A,1,0,M,YAMA,X65,RS,81,17,,,,,,,650,0,0,000000000,00000000000,0,0,0,1,0,0,0,0,0,0,0,50,0,0,0,12,12,6,2,1,0,0,0,1,51,24550,6,1,0,0,2,0,72,170,0,0,0,0,0,0,0,0,0,1,0,0,0,0,1,2,55,2,2,2,1,0,0,14,12,1,1,4,6,1,1
51,510332,1,1,1,18,6,7,4,42,0,1,0,51,1,2,404,2404,14,2001,1J4GW48S91C6,1,J,4,G,W,4,8,S,9,1,C,6,0,T,JEEP,LRO,4W,1,17,,1,0,1059,GCK,G,,0,0,000000000,00000000000,0,0,0,1,0,0,0,0,0,0,0,45,0,2,2,1,1,6,2,1,0,0,0,1,51,23923,6,1,0,0,3,0,68,335,1,1,0,0,0,4,2009,12,2009,1,0,0,0,0,1,2,55,1,1,2,1,0,0,1,13,4,1,4,1,1,0
51,510333,1,1,1,25,6,5,20,42,0,1,0,51,2,12,37,12037,4,2003,1FAFP34P63W2,1,F,A,F,P,3,4,P,6,3,W,2,0,P,FORD,FCS,4D,3,17,2564,,0,1030,,G,,0,0,000000000,00000000000,0,0,0,1,0,0,0,0,0,0,0,999,0,0,0,12,12,6,2,42,0,0,0,1,51,23434,6,1,0,0,3,0,64,260,0,1,0,0,0,8,2009,8,2009,0,81,0,0,0,1,4,55,1,1,1,1,0,0,1,90,9,1,4,6,1,0
51,510334,1,1,1,19,6,18,5,33,0,1,0,51,1,73,709,73709,80,1991,JKAZX4D1XMB5,J,K,A,Z,X,4,D,1,X,M,B,5,0,M,KAWK,ZDX,RS,91,17,,,,,,,600,0,0,000000000,00000000000,0,0,0,1,0,0,0,0,0,0,0,999,0,0,0,12,12,6,2,30,0,0,0,1,51,24013,0,0,0,0,2,0,999,999,99,99,99,99,99,99,9999,99,9999,0,36,0,0,0,1,2,25,1,1,2,1,0,0,4,12,1,1,4,6,1,1
51,510335,1,2,1,2,6,21,12,12,1,1,0,51,1,37,31,37031,4,1990,1HGCB7654LA0,1,H,G,C,B,7,6,5,4,L,A,0,0,P,HOND,ALE,4D,90,17,2504,,0,1071,,G,,0,0,000000000,00000000000,0,0,0,1,0,0,0,0,0,0,0,999,0,0,0,12,12,6,2,12,0,0,0,1,51,23009,4,1,0,0,2,0,70,176,0,2,0,0,0,6,2009,4,2010,0,38,0,0,0,3,7,45,1,1,2,1,3,3,1,51,1,1,1,24,1,0
51,510335,2,2,1,2,6,21,12,12,1,1,0,51,3,12,481,12481,31,1995,1FDLF47F5SEA,1,F,D,L,F,4,7,F,5,S,E,A,0,T,FORD,FSD,CB,95,17,,4,1848,1368,COF,D,,0,0,000000000,00000000000,0,0,0,1,0,0,0,0,0,0,0,999,0,0,0,6,6,6,2,12,0,0,0,1,51,23059,6,1,0,0,3,0,69,145,0,0,0,0,1,1,2009,1,2009,0,0,0,0,0,3,7,45,1,1,2,1,3,3,4,60,1,1,1,26,0,0
51,510336,1,2,1,16,6,8,5,12,6,1,0,51,2,13,2,13002,2,1995,1LNLM91V0SY6,1,L,N,L,M,9,1,V,0,S,Y,6,0,P,LINC,M8L,CP,95,17,3768,,0,1130,,G,,0,0,000000000,00000000000,0,0,0,1,0,0,0,0,0,0,0,999,0,0,0,9,9,6,2,12,0,0,0,1,51,22736,6,1,0,0,3,0,73,300,0,0,0,0,0,0,0,0,0,0,38,39,0,0,1,2,45,1,1,2,1,20,3,1,17,1,1,1,89,1,0
51,510336,2,2,1,16,6,8,5,12,6,1,0,51,1,49,53,49053,5,2009,4T3ZE11A69U0,4,T,3,Z,E,1,1,A,6,9,U,0,0,P,TOYT,VEN,UT,9,17,3760,,0,1093,,G,,0,0,000000000,00000000000,0,0,0,1,0,0,0,0,0,0,0,0,0,0,0,12,12,6,2,12,0,0,0,1,51,23030,6,1,0,0,3,0,66,130,0,0,0,0,0,0,0,0,0,0,0,0,0,0,1,2,55,1,1,2,1,20,3,1,66,1,1,1,88,0,0
51,510337,1,1,2,13,6,17,43,58,0,1,0,51,1,6,43,6043,2,2001,1C3EL56U11N5,1,C,3,E,L,5,6,U,1,1,N,5,0,P,CHRY,SLI,4D,1,17,3236,,0,1080,,G,,0,0,000000000,00000000000,0,0,0,1,0,0,0,0,0,0,0,999,0,1,5,12,12,6,2,1,0,0,0,1,51,20170,6,1,0,0,3,3,70,170,0,0,0,0,0,0,0,0,0,0,0,0,0,0,3,4,45,3,1,2,1,0,0,14,13,1,1,4,1,2,1
51,510338,1,1,1,26,6,23,29,1,0,1,0,51,1,23,431,23431,16,1994,1GKFK16KXRJ7,1,G,K,F,K,1,6,K,X,R,J,7,0,T,GMC,KSU,4W,94,17,,2,0,1315,K15,G,,0,0,000000000,00000000000,0,0,0,1,0,0,0,0,0,0,0,999,0,2,5,0,12,6,2,1,0,0,0,1,51,23231,6,1,0,0,3,0,76,360,0,0,0,0,0,0,0,0,0,0,38,39,0,0,1,2,45,2,1,2,1,20,3,11,13,4,1,4,1,1,1
51,510339,1,2,1,29,6,9,44,12,6,1,0,51,1,18,23,18023,4,2007,1G4HP572X7U1,1,G,4,H,P,5,7,2,X,7,U,1,0,P,BUIC,UCX,4D,7,17,3764,,0,1156,,G,,0,0,000000000,00000000000,0,0,0,1,0,0,0,0,0,0,0,20,0,0,0,11,11,6,2,12,0,0,0,1,51,24382,6,1,0,0,3,0,72,200,2,0,0,0,1,2,2009,6,2009,1,28,33,0,0,1,2,45,1,1,2,1,99,9,6,54,6,1,2,44,0,0
51,510339,2,2,1,29,6,9,44,12,6,1,0,0,0,98,998,98998,97,2002,000000000000,0,0,0,0,0,0,0,0,0,0,0,0,0,U,,,,,17,,,,,,,,0,0,000000000,00000000000,0,0,0,1,0,0,0,0,0,0,0,15,0,0,0,7,7,6,2,12,39,0,0,1,51,24382,6,1,0,0,3,0,62,170,0,0,0,1,0,10,2009,10,2009,0,0,0,0,0,1,2,45,1,1,2,1,99,9,1,62,1,1,6,45,1,0
51,510340,1,1,2,18,6,13,22,35,0,1,0,51,1,21,21,21021,2,1999,1G3NL12E3XC3,1,G,3,N,L,1,2,E,3,X,C,3,0,P,OLDS,A/G,CP,99,17,2963,,0,1070,,G,,0,0,000000000,00000000000,0,0,0,1,0,0,0,0,0,0,0,55,0,1,5,3,3,6,2,1,0,0,0,1,51,23192,6,7,0,0,3,0,70,155,0,0,0,0,0,0,0,0,0,0,58,0,0,0,1,2,35,2,2,2,1,0,0,14,12,6,1,4,6,1,0
51,510341,1,1,5,1,7,17,40,35,0,1,0,42,1,12,401,12401,14,2004,1FMZU75W54ZB,1,F,M,Z,U,7,5,W,5,4,Z,B,0,P,FORD,EPR,UT,4,17,4094,,0,1137,,G,,0,0,000000000,00000000000,0,0,0,1,0,0,0,0,0,0,0,55,0,2,5,12,12,6,2,1,0,0,0,1,42,17109,6,1,0,0,3,0,69,999,0,0,0,0,0,0,0,0,0,0,0,0,0,0,1,2,55,1,1,2,1,0,0,1,1,4,3,4,2,1,0
51,510342,1,2,1,1,7,8,0,12,2,1,0,19,1,37,709,37709,80,2006,JH2RC50086K2,J,H,2,R,C,5,0,0,8,6,K,2,0,M,HOND,T7C,RS,6,17,,,,,,,750,0,0,000000000,00000000000,0,0,0,1,0,0,0,0,0,0,0,55,0,0,0,12,12,6,2,12,0,0,0,1,51,22802,6,1,0,0,3,0,66,190,0,0,0,0,0,0,0,0,0,1,28,0,0,0,1,2,55,3,2,2,1,0,0,14,10,4,1,2,50,1,0
51,510342,2,2,1,1,7,8,0,12,2,1,0,51,1,12,481,12481,31,1995,1FTHF26H6SNA,1,F,T,H,F,2,6,H,6,S,N,A,0,T,FORD,F25,PK,95,17,,2,0,1330,COF,G,,0,0,000000000,00000000000,0,0,0,1,0,0,0,0,0,0,0,50,0,0,0,12,9,6,2,12,0,0,0,1,51,22812,6,1,6,0,3,3,69,165,0,0,0,0,0,0,0,0,0,0,0,0,0,0,1,2,55,2,2,2,1,0,0,14,62,4,1,1,51,0,0
51,510343,1,1,2,1,7,21,5,52,0,1,0,51,1,49,50,49050,3,2007,JTKDE1675701,J,T,K,D,E,1,6,7,5,7,0,1,0,P,TOYT,SXC,LB,7,17,2905,,0,1063,,G,,0,0,000000000,00000000000,0,0,0,1,0,0,0,0,0,0,0,70,0,0,0,12,12,6,2,42,0,0,0,1,51,24477,6,1,0,0,3,3,67,145,0,1,0,0,0,7,2008,7,2008,1,0,0,0,0,3,4,65,1,1,2,1,0,0,1,13,1,1,4,1,1,0
51,510344,1,2,1,3,7,14,19,12,2,1,0,51,1,73,709,73709,80,2006,JKBZXNA196A0,J,K,B,Z,X,N,A,1,9,6,A,0,0,M,KAWK,X4A,RS,6,17,,,,,,,1352,0,0,000000000,00000000000,0,0,0,1,0,0,0,0,0,0,0,100,0,0,0,12,12,6,2,12,0,0,0,1,51,23306,6,1,0,0,3,0,67,265,0,0,0,0,0,0,0,0,0,1,0,0,0,0,1,2,55,1,1,2,1,0,0,1,67,1,1,1,69,1,0
51,510344,2,2,1,3,7,14,19,12,2,1,0,51,1,20,2,20002,4,1994,1G1BL52WXRR1,1,G,1,B,L,5,2,W,X,R,R,1,0,P,CHEV,CCL,4D,94,17,4036,,0,1159,,G,,0,0,000000000,00000000000,0,0,0,1,0,0,0,0,0,0,0,5,0,0,0,12,12,6,2,12,0,0,0,1,51,23422,6,1,6,0,3,3,63,172,0,0,0,0,0,0,0,0,0,0,0,0,0,0,1,2,55,1,1,2,1,0,0,11,66,1,1,1,68,0,0
51,510345,1,1,1,5,7,6,25,1,0,1,0,51,2,7,442,7442,20,1999,2B4GP44R1XR2,2,B,4,G,P,4,4,R,1,X,R,2,0,P,DODG,CAR,SV,99,17,3856,,0,1193,,G,,0,0,000000000,00000000000,0,0,0,1,0,0,0,0,0,0,0,999,0,2,5,0,0,6,2,1,0,0,0,1,51,23930,6,1,0,0,3,0,68,180,0,0,0,0,0,0,0,0,0,0,0,0,0,0,3,4,60,3,3,2,1,0,0,14,10,9,1,4,1,1,1
51,510346,1,1,1,5,7,4,45,38,0,1,0,51,1,37,31,37031,2,1998,1HGEJ6120WL1,1,H,G,E,J,6,1,2,0,W,L,1,0,P,HOND,UCD,CP,98,17,2208,,0,1032,,G,,0,0,000000000,00000000000,0,0,0,1,0,0,0,0,0,0,0,55,0,0,0,11,11,6,2,38,0,0,0,1,51,22802,0,0,0,0,0,0,999,999,0,0,0,0,1,12,2007,12,2007,0,0,0,0,0,1,2,55,4,1,2,1,0,0,14,13,1,4,4,2,1,1
51,510347,1,1,6,5,7,1,5,42,0,1,0,51,1,12,401,12401,14,2000,1FMDU73EXYZA,1,F,M,D,U,7,3,E,X,Y,Z,A,0,P,FORD,EPR,UT,0,17,4106,,0,1116,,G,,0,0,000000000,00000000000,0,0,0,1,0,0,0,0,0,0,0,50,0,0,0,3,3,6,2,42,0,0,0,1,51,22193,6,1,0,0,3,0,68,140,0,0,0,0,0,0,0,0,0,1,28,58,0,0,1,2,35,1,5,2,1,0,0,1,12,8,4,4,7,1,0
51,510348,1,1,1,1,7,22,0,8,0,1,0,51,1,49,471,49471,30,1987,JT4RN70D9H00,J,T,4,R,N,7,0,D,9,H,0,0,0,T,TOYT,R70,PC,87,17,,1,0,1214,XCB,G,,0,0,000000000,00000000000,0,0,0,1,0,0,0,0,0,0,0,50,0,0,0,12,12,2,3,8,0,0,0,1,51,20190,6,1,0,0,3,0,68,180,0,0,0,2,2,5,2009,1,2010,1,0,0,0,0,3,5,45,1,1,2,1,3,3,1,80,1,1,1,13,0,0
51,510349,1,1,1,7,7,1,47,1,0,1,0,17,3,98,809,98809,66,2006,2FWJA3CV26AW,2,F,W,J,A,3,C,V,2,6,A,W,1,T,STRG,AT9,DS,6,17,,8,0,0,STE,D,,1,17,05578700,1705578700,3,6,1,1,0,0,0,0,0,0,0,65,0,2,3,0,0,6,2,1,0,0,0,1,51,24066,6,1,6,3,3,3,74,157,1,0,0,0,0,8,2008,8,2008,0,0,0,0,0,3,5,65,1,1,2,1,0,0,1,12,1,1,4,6,1,0
51,510350,1,2,1,4,7,15,21,12,6,1,0,51,1,14,6,14006,4,2003,2MEFM74W33X6,2,M,E,F,M,7,4,W,3,3,X,6,0,P,MERC,GMG,4D,3,17,3958,,0,1147,,G,,0,0,000000000,00000000000,0,0,0,1,0,0,0,0,0,0,0,5,0,0,0,9,9,6,2,12,0,0,0,1,51,24087,6,1,0,0,3,3,68,185,0,0,0,0,0,0,0,0,0,0,38,39,0,0,2,4,25,1,1,2,1,20,3,1,66,1,1,1,89,1,0
51,510350,2,2,2,4,7,15,21,12,6,1,0,51,2,12,3,12003,2,2004,1FAFP406X4F1,1,F,A,F,P,4,0,6,X,4,F,1,0,P,FORD,MUS,CP,4,17,3114,,0,1013,,G,,0,0,000000000,00000000000,0,0,0,1,0,0,0,0,0,0,0,5,0,0,0,12,12,6,2,12,0,0,0,1,51,24073,6,7,0,0,3,3,68,185,0,0,0,0,0,0,0,0,0,0,0,0,0,0,2,4,55,1,1,2,1,20,3,1,66,1,1,1,88,0,0
51,510351,1,1,2,6,7,13,45,42,0,1,0,51,2,41,471,41471,30,1988,JM2UF4127J03,J,M,2,U,F,4,1,2,7,J,0,3,0,T,MAZD,B6S,PK,88,17,,1,0,1093,B26,G,,0,0,000000000,00000000000,0,0,0,1,0,0,0,0,0,0,0,55,0,0,0,12,12,6,2,42,0,0,0,1,51,22942,6,1,0,0,3,0,66,135,1,0,0,0,0,5,2010,5,2010,0,58,0,0,0,1,2,55,1,1,2,1,0,0,1,13,1,1,4,1,1,0
51,510352,1,2,1,9,7,14,45,12,2,1,0,51,1,49,32,49032,4,2006,2T1BR32E16C6,2,T,1,B,R,3,2,E,1,6,C,6,0,P,TOYT,UCS,4D,6,17,2530,,0,1024,,G,,0,0,000000000,00000000000,0,0,0,1,0,0,0,0,0,0,0,55,0,0,0,12,12,6,2,12,0,0,0,1,51,22542,6,1,0,0,3,3,63,200,0,0,0,0,0,0,0,0,0,0,28,0,0,0,1,2,55,3,1,2,1,0,0,14,10,1,1,2,50,1,0
51,510352,2,2,1,9,7,14,45,12,2,1,0,51,2,6,441,6441,20,1997,1C4GP64L3VB3,1,C,4,G,P,6,4,L,3,V,B,3,0,P,CHRY,TWC,SV,97,17,4059,,0,1193,,G,,0,0,000000000,00000000000,0,0,0,1,0,0,0,0,0,0,0,55,0,0,0,12,12,6,2,12,0,0,0,1,51,22980,6,1,0,0,3,3,73,185,0,0,0,0,0,0,0,0,0,0,0,0,0,0,1,2,55,3,1,2,1,0,0,14,62,1,1,1,51,0,0
51,510353,1,2,1,9,7,12,30,12,2,1,0,51,1,12,481,12481,31,1999,1FTRX18L2XNA,1,F,T,R,X,1,8,L,2,X,N,A,0,T,FORD,F15,4C,99,17,,2,1574,1388,COF,G,,0,0,000000000,00000000000,0,0,0,1,0,0,0,0,0,0,0,50,0,0,0,12,12,6,2,12,0,0,0,1,51,24528,6,1,0,0,3,0,72,180,0,0,0,0,0,0,0,0,0,0,28,0,0,0,1,2,55,3,1,2,1,0,0,14,10,1,1,2,50,0,0
51,510353,2,2,2,9,7,12,30,12,2,1,0,51,1,55,35,55035,4,2000,KMHJF35FXYU9,K,M,H,J,F,3,5,F,X,Y,U,9,0,P,HYUN,EGS,4D,0,17,2626,,0,1004,,G,,0,0,000000000,00000000000,0,0,0,1,0,0,0,0,0,0,0,50,0,0,0,12,12,6,2,12,0,0,0,1,51,24528,6,1,0,0,3,0,68,180,0,0,0,0,0,0,0,0,0,0,0,0,0,0,1,2,55,3,1,2,1,0,0,14,62,1,1,1,51,2,1
51,510354,1,1,1,10,7,3,25,31,0,1,0,39,1,49,40,49040,4,1998,4T1BF22K1WU9,4,T,1,B,F,2,2,K,1,W,U,9,0,P,TOYT,CXL,4D,98,17,3086,,0,1051,,G,,0,0,000000000,00000000000,0,0,0,1,0,0,0,0,0,0,0,999,0,0,0,9,9,6,2,42,0,0,0,1,39,45601,6,1,0,0,3,3,69,147,0,0,0,0,0,0,0,0,0,0,0,0,0,0,1,2,45,4,2,2,2,28,3,14,12,1,1,4,6,1,1
51,510355,1,1,1,10,7,6,0,34,0,1,0,51,2,12,13,12013,2,2001,3FAFP11301R1,3,F,A,F,P,1,1,3,0,1,R,1,0,P,FORD,ZX2,CP,1,17,2462,,0,984,,G,,0,0,000000000,00000000000,0,0,0,1,0,0,0,0,0,0,0,55,0,1,5,12,12,6,2,1,0,0,0,1,51,24589,6,1,0,0,3,0,60,190,0,0,0,0,0,0,0,0,0,0,0,0,0,0,1,2,55,1,1,2,1,0,0,1,13,2,1,4,1,1,1
51,510356,1,1,1,11,7,7,30,14,0,1,0,51,1,6,43,6043,4,2004,4C3AG52H94E1,4,C,3,A,G,5,2,H,9,4,E,1,0,P,CHRY,SLT,2P,4,17,3104,,0,1037,,G,,0,0,000000000,00000000000,0,0,0,1,0,0,0,0,0,0,0,999,0,0,0,11,11,6,2,14,0,0,0,1,51,24175,6,1,6,0,3,0,67,145,0,0,0,0,1,2,2008,2,2008,0,28,58,0,0,1,3,35,3,1,2,1,0,0,14,12,1,1,4,98,1,0
51,510357,1,1,4,11,7,21,6,42,0,1,0,51,1,49,40,49040,4,1991,4T1SV21E3MU3,4,T,1,S,V,2,1,E,3,M,U,3,0,P,TOYT,CMD,4D,91,17,2734,,0,1024,,G,,0,0,000000000,00000000000,0,0,0,1,0,0,0,0,0,0,0,55,0,1,3,12,12,6,2,1,0,0,0,1,51,23454,6,1,0,0,3,0,70,195,0,0,0,0,0,0,0,0,0,0,92,0,0,0,2,4,55,1,1,2,1,0,0,1,12,1,1,4,6,1,0
51,510358,1,2,1,12,7,15,0,12,1,1,0,51,2,86,899,86899,66,2000,1M1AA18Y3YW1,1,M,1,A,A,1,8,Y,3,Y,W,1,1,T,MACK,CH6,DS,0,17,,8,0,0,600,D,,1,57,00470267,5700470267,3,6,3,1,0,0,0,0,0,0,0,999,0,0,0,12,12,6,2,12,0,0,0,1,51,23321,6,1,6,3,3,3,67,200,0,0,0,0,0,0,0,0,0,0,0,0,0,0,3,8,55,1,1,2,1,0,0,1,50,1,1,1,20,0,0
51,510358,2,2,2,12,7,15,0,12,1,1,0,11,1,59,32,59032,4,1994,JT8UF11E8R02,J,T,8,U,F,1,1,E,8,R,0,2,0,P,LEXS,LS4,4D,94,17,3859,,0,1108,,G,,0,0,000000000,00000000000,0,0,0,1,0,0,0,0,0,0,0,0,0,0,0,6,6,6,2,12,0,0,0,1,11,20010,0,0,0,0,0,0,74,200,0,0,0,0,0,0,0,0,0,0,54,0,0,0,3,8,55,1,1,2,1,0,0,5,53,1,1,1,21,1,0
51,510359,1,1,1,13,7,9,56,5,0,1,0,51,1,73,709,73709,80,2004,JKAZX9B114A0,J,K,A,Z,X,9,B,1,1,4,A,0,0,M,KAWK,Z1B,RS,4,17,,,,,,,1200,0,0,000000000,00000000000,0,0,0,1,0,0,0,0,0,0,0,999,0,0,0,0,0,6,2,5,0,0,0,1,51,23225,4,1,0,0,2,0,73,180,0,5,0,2,2,5,2009,12,2009,0,0,0,0,0,2,4,35,1,1,2,1,3,3,1,90,9,1,2,0,1,0
51,510360,1,1,1,14,7,1,19,34,0,1,0,51,1,20,2,20002,4,1996,1G1BL52P6TR1,1,G,1,B,L,5,2,P,6,T,R,1,0,P,CHEV,CIS,4D,96,17,4061,,0,1159,,G,,0,0,000000000,00000000000,0,0,0,1,0,0,0,0,0,0,0,70,0,2,2,6,6,6,2,1,0,0,0,1,51,23608,6,1,0,0,3,0,67,145,0,0,0,1,0,11,2009,11,2009,1,37,0,0,0,2,4,55,1,1,2,2,3,3,11,15,8,1,4,6,1,0
51,510361,1,1,2,15,7,1,45,1,0,1,0,51,1,49,471,49471,30,1993,4TARN01P3PZ0,4,T,A,R,N,0,1,P,3,P,Z,0,0,T,TOYT,SDX,PK,93,17,,1,0,1029,HTP,G,,0,0,000000000,00000000000,0,0,0,1,0,0,0,0,0,0,0,50,0,1,5,0,0,6,2,1,0,0,0,1,51,24236,6,1,0,0,3,0,72,160,0,0,0,0,0,0,0,0,0,1,0,0,0,0,1,2,45,1,1,2,1,0,0,1,12,2,1,4,6,1,1
51,510362,1,2,1,17,7,21,5,12,2,1,0,51,2,12,401,12401,14,2001,1FMYU70E01UC,1,F,M,Y,U,7,0,E,0,1,U,C,0,P,FORD,EPR,UT,1,17,3959,,0,1018,,G,,0,0,000000000,00000000000,0,0,0,1,0,0,0,0,0,0,0,55,0,0,0,12,12,6,2,12,0,0,0,1,51,23887,6,1,0,0,3,3,71,180,2,0,0,0,3,12,2007,2,2008,0,28,51,0,0,1,2,55,1,1,2,1,0,0,1,10,1,1,2,50,0,0
51,510362,2,2,1,17,7,21,5,12,2,1,0,51,2,20,481,20481,31,1996,1GCEC14R0TE1,1,G,C,E,C,1,4,R,0,T,E,1,0,T,CHEV,GC1,PK,96,17,,2,1315,1175,GM4,G,,0,0,000000000,00000000000,0,0,0,1,0,0,0,0,0,0,0,10,0,0,0,12,12,6,2,12,0,0,0,1,51,23920,6,1,0,0,3,3,67,160,0,0,0,0,0,0,0,0,0,0,0,0,0,0,1,2,55,1,1,2,1,0,0,1,62,1,1,2,51,1,0
51,510363,1,1,4,18,7,13,29,42,0,1,0,51,1,98,850,98850,73,2003,5B4MP67G2333,5,B,4,M,P,6,7,G,2,3,3,3,0,U,,,,3,17,,,,,,,,0,0,000000000,00000000000,0,0,0,1,0,0,0,0,0,0,0,65,0,0,0,12,12,6,2,42,0,0,0,1,51,20109,6,1,0,0,3,3,66,210,0,0,0,0,0,0,0,0,0,0,0,0,0,0,3,2,65,2,1,2,2,0,0,14,8,1,1,4,1,1,0
51,510364,1,1,1,18,7,15,22,24,0,1,0,43,1,53,706,53706,80,2003,JS1GW71A7321,J,S,1,G,W,7,1,A,7,3,2,1,0,M,SUZI,GXR,RS,3,17,,,,,,,1298,0,0,000000000,00000000000,0,0,0,1,0,0,0,0,0,0,0,999,0,0,0,9,9,6,2,24,0,0,0,1,51,23834,6,1,0,0,3,0,73,207,0,0,0,2,0,12,2008,3,2010,0,0,0,0,0,3,4,55,2,3,2,1,0,0,14,13,1,1,4,1,1,1
51,510365,1,1,1,19,7,21,20,33,0,1,0,51,2,20,461,20461,21,2007,1GCGG25V0711,1,G,C,G,G,2,5,V,0,7,1,1,0,T,CHEV,E25,CG,7,17,,2,0,1350,EXP,G,,0,0,000000000,00000000000,0,0,0,1,0,0,0,0,0,0,0,59,0,2,2,8,8,6,2,42,0,0,0,1,51,22192,6,1,0,0,3,0,67,160,0,1,0,3,2,2,2008,3,2009,1,28,58,0,0,1,2,25,2,2,2,1,0,0,14,13,9,2,4,2,1,0
51,510366,1,2,1,21,7,15,40,12,6,1,0,51,1,20,36,20036,2,2002,2G1WX15K2292,2,G,1,W,X,1,5,K,2,2,9,2,0,P,CHEV,MSS,CP,2,17,3395,,0,1105,,G,,0,0,000000000,00000000000,0,0,0,1,0,0,0,0,0,0,0,15,0,0,0,4,4,6,2,12,0,0,0,1,51,22630,1,1,0,0,2,0,60,110,0,1,0,0,0,3,2009,3,2009,0,0,0,0,0,1,2,15,1,1,2,1,65,3,1,17,1,1,2,87,1,0
51,510366,2,2,1,21,7,15,40,12,6,1,0,0,0,98,999,98999,99,9999,999999999999,9,9,9,9,9,9,9,9,9,9,9,9,0,U,,,,9,17,,,,,,,,0,0,000000000,00000000000,0,0,0,1,0,0,0,0,0,0,0,45,0,0,0,12,12,2,1,12,0,0,0,1,51,22554,6,1,0,0,7,3,72,230,0,0,0,0,0,0,0,0,0,0,0,0,0,0,1,2,45,8,8,8,98,65,3,1,66,1,1,1,86,0,0