STATE,ST_CASE,VEH_NO,VE_FORMS,NUMOCCS,DAY,MONTH,HOUR,MINUTE,HARM_EV,MAN_COLL,UNITTYPE,HIT_RUN,REG_STAT,OWNER,MAKE,MODEL,MAK_MOD,BODY_TYP,MOD_YEAR,VIN,VIN_1,VIN_2,VIN_3,VIN_4,VIN_5,VIN_6,VIN_7,VIN_8,VIN_9,VIN_10,VIN_11,VIN_12,TOW_VEH,VINTYPE,VINMAKE,VINA_MOD,VIN_BT,VINMODYR,VIN_LNGT,VIN_WGT,WGTCD_TR,WHLBS_LG,WHLBS_SH,SER_TR,FUELCODE,MCYCL_DS,J_KNIFE,MCARR_I1,MCARR_I2,MCARR_ID,GVWR,V_CONFIG,CARGO_BT,HAZ_INV,HAZ_PLAC,HAZ_ID,HAZ_CNO,HAZ_REL,BUS_USE,SPEC_USE,EMER_USE,TRAV_SP,UNDERIDE,ROLLOVER,ROLINLOC,IMPACT1,IMPACT2,DEFORMED,TOWED,M_HARM,VEH_SC1,VEH_SC2,FIRE_EXP,DR_PRES,L_STATE,DR_ZIP,L_STATUS,L_TYPE,CDL_STAT,L_ENDORS,L_COMPL,L_RESTRI,DR_HGT,DR_WGT,PREV_ACC,PREV_SUS,PREV_DWI,PREV_SPD,PREV_OTH,FIRST_MO,FIRST_YR,LAST_MO,LAST_YR,SPEEDREL,DR_SF1,DR_SF2,DR_SF3,DR_SF4,VTRAFWAY,VNUM_LAN,VSPD_LIM,VALIGN,VPROFILE,VPAVETYP,VSURCOND,VTRAFCON,VTCONT_F,P_CRASH1,P_CRASH2,P_CRASH3,PCRASH4,PCRASH5,ACC_TYPE,DEATHS,DR_DRINK
51,510639,2,2,1,3,12,19,10,12,2,1,0,51,3,85,881,85881,63,2002,1XKDDT9X42J8,1,X,K,D,D,T,9,X,4,2,J,8,1,T,KW,T80,DS,2,17,,8,2600,1600,CON,D,,1,77,777777777,77777777777,3,2,98,1,0,0,0,0,0,0,0,55,0,0,0,12,12,6,2,12,0,0,0,1,51,24422,6,1,6,0,3,0,78,300,0,0,0,0,0,0,0,0,0,0,0,0,0,0,1,4,55,1,1,2,1,8,3,1,64,1,1,1,51,1,0
51,510640,1,1,2,4,12,14,40,1,0,1,0,51,1,20,421,20421,15,1999,1GNEK13R7XJ3,1,G,N,E,K,1,3,R,7,X,J,3,0,P,CHEV,KTA,UT,99,17,5268,,0,1175,,G,,0,0,000000000,00000000000,0,0,0,1,0,0,0,0,0,0,0,25,0,2,5,0,13,6,2,30,0,0,0,1,51,24382,6,1,6,0,3,0,71,295,0,0,0,1,0,12,2008,12,2008,0,0,0,0,0,1,2,55,1,2,2,3,0,0,1,12,3,2,4,7,1,0
51,510641,1,1,1,5,12,12,13,42,0,1,0,51,1,12,37,12037,4,2001,1FAFP53U41A1,1,F,A,F,P,5,3,U,4,1,A,1,0,P,FORD,TSE,4D,1,17,3354,,0,1085,,G,,0,0,000000000,00000000000,0,0,0,1,0,0,0,0,0,0,0,60,0,0,0,8,8,6,2,42,0,0,0,1,51,23806,6,1,0,0,3,0,65,225,0,1,0,0,1,3,2010,3,2010,1,0,0,0,0,1,2,55,3,1,2,1,0,0,14,13,1,4,4,2,1,0
51,510642,1,1,2,5,12,14,16,42,0,1,0,24,2,22,18,22018,4,2001,1G2NF52T91M5,1,G,2,N,F,5,2,T,9,1,M,5,0,P,PONT,SE1,4D,1,17,3116,,0,1070,,G,,0,0,000000000,00000000000,0,0,0,1,0,0,0,0,0,0,0,999,0,0,0,10,10,6,2,42,0,0,0,1,24,20602,6,1,0,0,3,0,69,999,0,0,0,2,1,5,2009,4,2010,0,58,0,0,0,2,4,60,2,2,2,1,0,0,14,13,2,4,4,2,1,0
51,510643,1,1,1,5,12,18,42,8,0,1,0,51,3,23,461,23461,21,2002,1GTGG25R9219,1,G,T,G,G,2,5,R,9,2,1,9,0,T,GMC,SA2,CG,2,17,,2,0,1350,SAV,G,,0,0,000000000,00000000000,0,0,0,1,0,0,0,0,0,0,0,999,0,0,0,12,12,4,9,8,0,0,0,1,51,22042,6,1,0,0,3,0,71,220,0,1,0,0,0,3,2009,3,2009,0,0,0,0,0,2,4,99,1,1,2,1,0,0,1,80,1,1,1,13,0,0
51,510644,1,1,1,5,12,16,46,42,0,1,0,33,1,12,481,12481,31,2010,1FTWX3DR1AEA,1,F,T,W,X,3,D,R,1,A,E,A,0,T,FORD,F3D,4C,10,17,,3,0,1580,DRW,D,,0,0,000000000,00000000000,0,0,0,1,0,0,0,0,0,0,0,999,0,0,0,12,12,6,2,42,0,0,0,1,33,3813,6,1,0,0,3,0,70,155,0,0,0,0,0,0,0,0,0,0,0,0,0,0,1,2,55,1,2,2,1,0,0,1,13,1,1,4,1,1,0
51,510645,1,2,1,6,12,18,42,12,1,1,0,16,3,51,881,51881,66,2009,4V4NC9EJ49N4,4,V,4,N,C,9,E,J,4,9,N,4,1,T,VOLV,VNL,DS,9,17,,8,0,0,VVN,D,,1,57,23463900,5723463900,3,6,1,1,0,0,0,0,0,0,0,0,0,0,0,6,6,9,9,12,0,0,0,1,46,57106,6,1,6,0,3,0,75,330,1,0,0,3,4,9,2008,4,2010,0,0,0,0,0,3,4,70,1,2,2,1,0,0,7,53,1,1,1,22,0,0
51,510645,2,2,2,6,12,18,42,12,1,1,0,51,3,49,442,49442,20,2000,4T3ZF13CXYU3,4,T,3,Z,F,1,3,C,X,Y,U,3,0,P,TOYT,SIE,SV,0,17,3890,,0,1142,,G,,0,0,000000000,00000000000,0,0,0,1,0,0,0,0,0,0,0,70,0,0,0,12,6,6,2,12,0,0,0,1,51,22903,6,1,0,0,3,3,63,128,0,0,0,0,0,0,0,0,0,0,26,0,0,0,3,4,70,1,2,2,1,0,0,1,50,4,1,1,20,1,0
51,510646,1,2,1,6,12,17,37,12,6,1,0,51,1,35,471,35471,30,1996,1N6SD16Y8TC3,1,N,6,S,D,1,6,Y,8,T,C,3,0,T,NISS,KSX,PC,96,17,,1,0,1161,TRK,G,,0,0,000000000,00000000000,0,0,0,1,0,0,0,0,0,0,0,999,0,0,0,12,12,6,2,12,0,0,0,1,51,24128,6,1,0,0,3,0,69,170,0,0,0,0,0,0,0,0,0,0,0,0,0,0,1,3,35,1,1,2,1,20,3,1,67,1,1,1,88,0,1
51,510646,2,2,1,6,12,17,37,12,6,1,0,36,1,35,47,35047,4,2001,1N4DL01D01C1,1,N,4,D,L,0,1,D,0,1,C,1,0,P,NISS,AXE,4D,1,17,2754,,0,1031,,G,,0,0,000000000,00000000000,0,0,0,1,0,0,0,0,0,0,0,999,0,0,0,11,11,6,2,12,0,0,0,1,36,11040,6,1,0,0,3,0,66,999,0,0,0,0,0,0,0,0,0,0,0,0,0,0,1,3,35,1,1,2,1,20,3,4,15,1,1,1,89,1,0
51,510647,1,2,1,2,12,11,58,12,6,1,0,51,1,7,472,7472,30,2003,1D7GG36X13S2,1,D,7,G,G,3,6,X,1,3,S,2,0,T,DODG,SPT,PK,3,17,,1,0,1119,DAK,G,,0,0,000000000,00000000000,0,0,0,1,0,0,0,0,0,0,0,40,0,0,0,12,12,6,2,12,0,0,0,1,51,24073,6,1,0,0,3,0,70,160,0,0,0,0,2,5,2010,6,2010,1,38,0,0,0,1,2,25,1,1,2,1,20,3,1,17,1,1,1,88,0,0
51,510647,2,2,1,2,12,11,58,12,6,1,0,51,1,21,17,21017,4,1995,1G3AJ55M2S64,1,G,3,A,J,5,5,M,2,S,6,4,0,P,OLDS,CRL,4D,95,17,2733,,0,1049,,G,,0,0,000000000,00000000000,0,0,0,1,0,0,0,0,0,0,0,55,0,0,0,9,9,6,2,12,0,0,0,1,51,24149,6,1,0,0,3,0,74,254,0,0,0,0,0,0,0,0,0,0,0,0,0,0,1,2,55,1,1,2,1,0,0,1,54,1,1,1,89,1,1
51,510648,1,2,2,8,12,21,39,12,6,1,0,51,2,35,43,35043,4,2005,3N1CB51D95L5,3,N,1,C,B,5,1,D,9,5,L,5,0,P,NISS,S18,4D,5,17,2387,,0,998,,G,,0,0,000000000,00000000000,0,0,0,1,0,0,0,0,0,0,0,33,0,0,0,10,1,6,2,12,0,0,0,1,51,22980,6,1,0,0,3,0,64,124,0,0,0,0,0,0,0,0,0,1,39,0,0,0,1,4,25,1,1,2,1,3,3,1,17,1,1,1,89,1,1
51,510648,2,2,1,8,12,21,39,12,6,1,0,51,3,12,422,12422,15,2005,1FMPU16585LA,1,F,M,P,U,1,6,5,8,5,L,A,0,P,FORD,EPT,UT,5,17,5607,,0,1191,,G,,0,0,000000000,00000000000,0,0,0,1,0,0,0,0,0,6,1,51,0,0,0,12,12,6,2,12,40,0,0,1,51,22980,6,1,0,0,3,0,70,140,0,1,0,0,0,4,2010,4,2010,0,0,0,0,0,1,4,35,1,1,2,1,3,3,1,66,1,1,1,88,0,0
51,510649,1,1,1,8,12,1,25,3,0,1,0,51,1,54,35,54035,4,2007,19UUA66297A0,1,9,U,U,A,6,6,2,9,7,A,0,0,P,ACUR,ATL,4D,7,17,3623,,0,1079,,G,,0,0,000000000,00000000000,0,0,0,1,0,0,0,0,0,0,0,999,0,0,0,0,0,6,2,3,0,0,0,1,51,23666,6,1,0,0,3,3,63,168,0,0,0,0,0,0,0,0,0,0,28,0,0,0,1,2,35,2,1,2,1,0,0,14,12,1,1,4,0,1,1
51,510650,1,2,1,6,12,10,11,12,6,1,0,51,2,49,40,49040,4,2004,2T1BR32EX4C3,2,T,1,B,R,3,2,E,X,4,C,3,0,P,TOYT,UCS,4D,4,17,2502,,0,1024,,G,,0,0,000000000,00000000000,0,0,0,1,0,0,0,0,0,0,0,15,0,0,0,3,12,6,2,12,0,0,0,1,51,23452,6,1,0,0,3,3,60,110,0,0,0,0,0,0,0,0,0,0,38,0,0,0,1,2,25,1,1,2,1,20,3,1,17,1,1,1,87,1,0
51,510650,2,2,1,6,12,10,11,12,6,1,0,51,1,55,35,55035,4,2004,KMHDN46D04U8,K,M,H,D,N,4,6,D,0,4,U,8,0,P,HYUN,EST,4D,4,17,2635,,0,1027,,G,,0,0,000000000,00000000000,0,0,0,1,0,0,0,0,0,0,0,30,0,0,0,12,12,6,2,12,0,0,0,1,51,23462,6,1,0,0,3,0,62,112,0,0,0,1,0,12,2009,12,2009,0,0,0,0,0,1,2,25,1,1,2,1,20,3,1,66,1,1,1,86,0,0
51,510651,1,1,1,12,12,13,30,34,0,1,0,51,1,12,37,12037,4,2009,1FAHP36N79W1,1,F,A,H,P,3,6,N,7,9,W,1,0,P,FORD,FOS,4D,9,17,2623,,0,1029,,G,,0,0,000000000,00000000000,0,0,0,1,0,0,0,0,0,0,0,35,0,1,5,11,11,6,2,1,0,0,0,1,51,23878,6,1,0,0,3,0,72,200,0,0,0,0,0,0,0,0,0,0,0,0,0,0,1,2,55,1,1,2,2,0,0,1,12,1,1,4,6,1,0
51,510652,1,1,3,9,12,7,28,30,0,1,0,51,1,7,442,7442,20,2005,2D4GP24R55R2,2,D,4,G,P,2,4,R,5,5,R,2,0,P,DODG,CAR,SV,5,17,3867,,0,1193,,G,,0,0,000000000,00000000000,0,0,0,1,0,0,0,0,0,0,0,35,0,0,0,12,12,6,2,30,0,0,0,1,51,22407,6,1,0,0,3,0,69,140,1,0,0,1,0,1,2009,12,2010,0,0,0,0,0,2,4,35,1,2,2,1,0,0,1,13,1,1,4,1,1,0
51,510653,1,2,3,13,12,23,27,12,1,1,0,51,1,14,17,14017,4,1999,1MEFM50U6XA6,1,M,E,F,M,5,0,U,6,X,A,6,0,P,MERC,SGS,4D,99,17,3299,,0,1085,,G,,0,0,000000000,00000000000,0,0,0,1,0,0,0,0,0,0,0,0,0,0,0,6,6,6,2,12,0,0,0,1,51,24549,6,1,0,0,3,0,61,143,1,0,0,0,2,6,2009,6,2010,0,0,0,0,0,2,4,65,1,5,2,1,0,0,7,98,1,1,1,98,1,0
51,510653,2,2,1,13,12,23,27,12,1,1,0,93,3,82,881,82881,66,2007,1FUBF9DE67LW,1,F,U,B,F,9,D,E,6,7,L,W,2,T,FRHT,112,DS,7,17,,7,0,0,COL,D,,1,37,00090849,3700090849,3,7,1,1,0,0,0,0,0,0,0,65,0,0,0,12,12,6,2,12,0,0,0,1,37,27284,6,1,6,1,3,3,75,999,1,0,0,0,0,10,2010,10,2010,0,0,0,0,0,2,4,65,1,5,2,1,0,0,1,50,1,1,1,98,0,0
51,510654,1,1,2,11,12,17,45,52,0,1,0,51,1,20,431,20431,16,1993,1GNFK16KXPJ3,1,G,N,F,K,1,6,K,X,P,J,3,0,P,CHEV,K15,UT,93,17,5148,,0,1315,,G,,0,0,000000000,00000000000,0,0,0,1,0,0,0,0,0,0,0,50,0,1,5,12,12,6,2,52,0,0,0,1,51,22701,6,1,0,0,3,0,71,250,0,0,0,0,0,0,0,0,0,0,0,0,0,0,2,4,55,1,1,2,1,0,0,1,13,1,1,4,1,1,0
51,510655,1,2,3,16,11,12,35,12,6,1,0,51,2,37,32,37032,4,1991,1HGCB7254MA0,1,H,G,C,B,7,2,5,4,M,A,0,0,P,HOND,ALX,CP,91,17,2822,,0,1071,,G,,0,0,000000000,00000000000,0,0,0,1,0,0,0,0,0,0,0,35,0,0,0,3,3,6,2,12,0,0,0,1,51,22003,6,2,0,0,3,0,67,145,0,0,0,0,0,0,0,0,0,1,28,0,0,0,1,2,25,2,2,2,2,0,0,14,10,1,2,2,64,1,0
51,510655,2,2,1,16,11,12,35,12,6,1,0,51,1,49,403,49403,14,2008,JTEDS41A6820,J,T,E,D,S,4,1,A,6,8,2,0,0,P,TOYT,HIG,UT,8,17,3979,,0,1098,,G,,0,0,000000000,00000000000,0,0,0,1,0,0,0,0,0,0,0,0,0,0,0,12,12,6,2,12,0,0,0,1,51,22079,6,1,0,0,3,0,64,125,1,0,0,2,0,3,2008,3,2010,0,0,0,0,0,1,2,25,2,2,2,2,0,0,5,62,1,1,1,65,0,0
51,510656,1,2,1,9,12,17,22,12,1,1,0,51,1,37,403,37403,14,2004,5J6YH28694L0,5,J,6,Y,H,2,8,6,9,4,L,0,0,P,HOND,ELE,UT,4,17,0,,0,1014,,G,,0,0,000000000,00000000000,0,0,0,1,0,0,0,0,0,0,0,25,0,0,0,12,12,6,2,12,0,0,0,1,51,23434,6,1,0,0,3,0,72,205,0,0,0,0,0,0,0,0,0,0,26,0,0,0,3,5,45,1,1,2,1,0,0,1,50,1,1,1,20,1,0
51,510656,2,2,1,9,12,17,22,12,1,1,0,51,1,12,481,12481,31,2008,1FTRF12288KE,1,F,T,R,F,1,2,2,8,8,K,E,1,T,FORD,F15,PK,8,17,,2,1450,1260,COF,G,,1,0,000000000,00000000000,0,0,0,1,0,0,0,0,0,0,0,0,0,0,0,6,6,2,1,12,0,0,0,1,51,23434,6,1,0,0,3,0,73,176,0,0,0,2,0,3,2009,9,2010,0,0,0,0,0,3,5,45,1,1,2,1,0,0,5,53,1,1,1,21,0,0
51,510657,1,1,1,11,12,18,43,8,0,1,0,51,1,2,404,2404,14,2004,1J4GW48S24C1,1,J,4,G,W,4,8,S,2,4,C,1,0,T,JEEP,LCF,4W,4,17,,1,0,1059,GCK,G,,0,0,000000000,00000000000,0,0,0,1,0,0,0,0,0,0,0,35,0,0,0,12,12,8,8,8,0,0,0,1,51,24153,6,1,0,0,3,0,67,140,0,0,0,2,0,10,2008,5,2010,0,86,0,0,0,3,4,35,1,2,2,1,0,0,1,80,1,1,1,13,0,0
51,510658,1,1,1,16,12,11,45,52,0,1,0,51,1,30,46,30046,4,2003,WVWPD63B33P4,W,V,W,P,D,6,3,B,3,3,P,4,0,P,VOLK,PGS,4D,3,17,3156,,0,1064,,G,,0,0,000000000,00000000000,0,0,0,1,0,0,0,0,0,0,0,75,0,0,0,9,9,6,2,52,0,0,0,1,51,23185,6,1,0,0,3,0,64,150,0,0,0,0,1,9,2010,9,2010,1,0,0,0,0,2,4,70,1,1,2,3,0,0,1,13,1,3,4,2,1,0
51,510659,1,2,2,15,12,21,20,12,2,1,0,51,1,24,1,24001,4,1994,1G8ZG5597RZ2,1,G,8,Z,G,5,5,9,7,R,Z,2,0,P,STRN,SL1,4D,94,17,2222,,0,1024,,G,,0,0,000000000,00000000000,0,0,0,1,0,0,0,0,0,0,0,55,0,0,0,12,12,6,2,12,0,0,0,1,51,22508,6,1,0,0,3,0,65,220,0,3,0,0,0,7,2009,11,2010,0,51,0,0,0,1,2,55,1,1,2,1,0,0,1,10,1,1,2,50,1,0
51,510659,2,2,2,15,12,21,20,12,2,1,0,51,1,48,34,48034,4,1998,4S3BK4258W73,4,S,3,B,K,4,2,5,8,W,7,3,0,P,SUBA,UBE,SW,98,17,2905,,0,1035,,G,,0,0,000000000,00000000000,0,0,0,1,0,0,0,0,0,0,0,55,0,0,0,12,12,6,2,12,0,0,0,1,51,22542,6,1,0,0,3,0,71,240,0,0,0,0,0,0,0,0,0,0,0,0,0,0,1,2,55,1,1,2,1,0,0,1,62,1,1,1,51,0,0
51,510660,1,2,1,16,12,11,18,12,2,1,0,37,1,38,403,38403,14,2000,4S2CK57W0Y43,4,S,2,C,K,5,7,W,0,Y,4,3,0,P,ISU,AMI,UT,0,17,3675,,0,969,,G,,0,0,000000000,00000000000,0,0,0,1,0,0,0,0,0,0,0,999,0,0,0,12,1,6,2,12,0,0,0,1,37,27976,6,1,6,0,3,0,69,999,0,0,0,0,0,0,0,0,0,1,28,0,0,0,2,4,55,1,1,2,3,0,0,1,6,1,1,7,50,1,0
51,510660,2,2,4,16,12,11,18,12,2,1,0,51,1,20,421,20421,15,2002,1GNEC13V72R2,1,G,N,E,C,1,3,V,7,2,R,2,0,P,CHEV,CTA,UT,2,17,4828,,0,1160,,G,,0,0,000000000,00000000000,0,0,0,1,0,0,0,0,0,0,0,55,0,0,0,12,12,6,2,12,0,0,0,1,51,23439,6,1,6,0,3,0,75,270,0,0,0,0,0,0,0,0,0,0,0,0,0,0,2,4,55,1,1,2,3,0,0,1,64,1,1,1,51,0,0
51,510661,1,1,1,18,12,19,10,8,0,1,0,51,1,20,403,20403,14,2004,1GNET16P0461,1,G,N,E,T,1,6,P,0,4,6,1,0,P,CHEV,TRL,UT,4,17,4954,,0,1290,,G,,0,0,000000000,00000000000,0,0,0,1,0,0,0,0,0,0,0,40,0,0,0,1,1,2,8,8,0,0,0,1,51,23231,6,1,0,0,3,0,69,145,0,1,0,0,0,10,2008,10,2008,0,0,0,0,0,3,6,45,1,1,2,1,0,0,1,80,1,1,1,13,0,0
51,510662,1,1,1,19,12,3,5,8,0,1,0,51,1,22,18,22018,4,2002,1G2NF12E62C2,1,G,2,N,F,1,2,E,6,2,C,2,0,P,PONT,SE1,CP,2,17,3066,,0,1070,,G,,0,0,000000000,00000000000,0,0,0,1,0,0,0,0,0,0,0,50,0,0,0,12,12,2,8,8,0,0,0,1,51,23917,6,1,0,0,3,0,66,280,0,0,0,1,1,9,2010,9,2010,0,0,0,0,0,1,2,55,3,1,2,1,0,0,14,80,1,1,1,13,0,0
51,510663,1,1,1,19,12,3,49,35,0,1,0,51,1,35,48,35048,2,2004,JN1AZ34E34T0,J,N,1,A,Z,3,4,E,3,4,T,0,0,P,NISS,3ZC,CP,4,17,3062,,0,1043,,G,,0,0,000000000,00000000000,0,0,0,1,0,0,0,0,0,0,0,90,0,1,5,5,5,6,2,2,0,0,1,1,51,23111,6,1,0,0,3,0,71,225,0,0,0,1,0,9,2008,9,2008,1,0,0,0,0,2,6,65,1,1,2,1,0,0,1,12,3,1,4,6,1,1
51,510664,1,1,1,21,12,15,26,42,0,1,0,51,2,12,471,12471,30,2007,1FTYR44UX7PA,1,F,T,Y,R,4,4,U,X,7,P,A,0,T,FORD,RNS,4C,7,17,,1,0,1260,RNG,G,,0,0,000000000,00000000000,0,0,0,1,0,0,0,0,0,0,0,45,0,0,0,12,12,6,2,42,0,0,0,1,51,24517,2,1,0,0,2,0,71,220,0,3,0,0,0,5,2008,6,2009,0,0,0,0,0,1,2,45,1,1,2,1,0,0,1,13,1,1,4,1,1,1
51,510665,1,1,1,20,12,23,48,42,0,1,0,51,1,12,471,12471,30,2006,1FTYR14UX6PA,1,F,T,Y,R,1,4,U,X,6,P,A,0,T,FORD,RNS,PS,6,17,,1,0,1260,RNG,G,,0,0,000000000,00000000000,0,0,0,1,0,0,0,0,0,0,0,50,0,0,0,12,12,6,2,42,0,0,0,1,51,23106,6,1,0,0,3,0,72,215,0,0,0,0,0,0,0,0,0,1,0,0,0,0,1,2,40,3,1,2,1,0,0,14,12,3,1,4,6,1,1
51,510666,1,1,1,21,12,20,0,35,0,1,0,51,2,35,43,35043,4,1996,1N4AB41D4TC7,1,N,4,A,B,4,1,D,4,T,C,7,0,P,NISS,EXE,4D,96,17,2237,,0,998,,G,,0,0,000000000,00000000000,0,0,0,1,0,0,0,0,0,0,0,999,0,1,5,12,98,6,2,1,0,0,0,1,51,23837,0,0,0,0,0,0,999,999,0,0,0,0,0,0,0,0,0,0,0,0,0,0,1,2,45,1,2,2,1,0,0,1,12,4,1,4,6,1,1
51,510667,1,3,1,24,12,14,40,12,8,1,0,51,1,37,32,37032,4,2009,1HGCP26409A0,1,H,G,C,P,2,6,4,0,9,A,0,0,P,HOND,LXP,4D,9,17,3236,,0,1102,,G,,0,0,000000000,00000000000,0,0,0,1,0,0,0,0,0,0,0,45,0,0,0,1,1,6,2,12,0,0,0,1,51,24179,6,1,0,0,3,0,72,151,0,0,0,0,0,0,0,0,0,0,0,0,0,0,6,1,65,3,1,2,1,0,0,16,19,1,1,7,64,1,0
51,510667,2,3,1,24,12,14,40,12,8,1,0,11,1,34,34,34034,4,2003,WBAEV33453KL,W,B,A,E,V,3,3,4,5,3,K,L,0,P,BMW,325,4D,3,17,3219,,0,1073,,G,,0,0,000000000,00000000000,0,0,0,1,0,0,0,0,0,0,0,60,0,0,0,2,2,2,8,12,0,0,0,1,51,24064,6,1,0,0,3,0,72,192,0,0,0,1,0,2,2009,2,2009,0,0,0,0,0,2,4,65,1,1,2,1,0,0,1,74,1,1,1,65,0,0
51,510667,3,3,4,24,12,14,40,12,8,1,0,99,9,7,442,7442,20,2010,2D4RN5D17AR2,2,D,4,R,N,5,D,1,7,A,R,2,0,P,DODG,CAR,SV,10,17,4483,,0,1212,,G,,0,0,000000000,00000000000,0,0,0,1,0,0,0,0,0,0,0,60,0,0,0,12,12,6,2,12,0,0,0,1,51,23454,6,1,0,0,2,0,67,140,0,0,0,1,0,2,2009,2,2009,0,0,0,0,0,2,4,65,1,1,2,1,0,0,1,74,1,1,1,98,0,0
51,510668,1,1,3,25,12,1,56,33,0,1,0,24,2,35,47,35047,4,2005,1N4BL11D85C2,1,N,4,B,L,1,1,D,8,5,C,2,0,P,NISS,ASR,4D,5,17,3101,,0,1102,,G,,0,0,000000000,00000000000,0,0,0,1,0,0,0,0,0,0,0,75,0,0,0,5,5,6,2,19,0,0,0,1,51,22556,0,0,0,0,0,0,999,999,0,0,0,0,0,0,0,0,0,1,0,0,0,0,1,2,35,3,1,2,1,0,0,14,17,3,4,4,2,3,1
51,510669,1,2,2,19,7,15,35,12,6,1,0,51,2,12,3,12003,2,1996,1FALP4443TF1,1,F,A,L,P,4,4,4,3,T,F,1,0,P,FORD,MUS,CV,96,17,3269,,0,1013,,G,,0,0,000000000,00000000000,0,0,0,1,0,0,0,0,0,0,0,15,0,0,0,3,3,6,2,12,0,0,0,1,51,23605,6,1,0,0,3,0,70,225,0,0,0,0,0,0,0,0,0,0,0,0,0,0,2,7,45,1,1,2,1,3,3,11,15,1,1,1,68,1,0
51,510669,2,2,1,19,7,15,35,12,6,1,0,51,1,37,441,37441,20,2000,2HKRL1866YH5,2,H,K,R,L,1,8,6,6,Y,H,5,0,P,HOND,UDY,SV,0,17,4288,,0,1181,,G,,0,0,000000000,00000000000,0,0,0,1,0,0,0,0,0,0,0,45,0,0,0,12,12,6,2,12,0,0,0,1,51,23430,6,1,0,0,3,0,67,158,0,0,0,0,0,0,0,0,0,0,0,0,0,0,2,7,45,1,1,2,1,3,3,1,51,1,1,1,69,0,0
51,510670,1,1,2,25,12,15,2,33,0,1,0,51,2,34,34,34034,2,1993,WBABF3312PEF,W,B,A,B,F,3,3,1,2,P,E,F,0,P,BMW,3/3,CP,93,17,3087,,0,1063,,G,,0,0,000000000,00000000000,0,0,0,1,0,0,0,0,0,0,0,70,0,0,0,4,4,6,2,42,0,0,0,1,51,23602,6,1,0,0,3,0,72,215,0,2,0,0,0,4,2009,5,2009,1,91,0,0,0,1,2,25,1,1,2,1,0,0,1,13,3,1,4,1,1,0
51,510671,1,1,1,13,12,5,38,24,0,1,0,51,2,21,401,21401,14,2002,1GHDT13S4224,1,G,H,D,T,1,3,S,4,2,2,4,0,P,OLDS,BRA,UT,2,17,4628,,0,1130,,G,,0,0,000000000,00000000000,0,0,0,1,0,0,0,0,0,0,0,75,0,2,1,12,9,6,2,42,0,0,0,1,37,27331,0,0,0,0,2,0,64,999,0,0,0,0,0,0,0,0,0,0,0,0,0,0,3,4,70,1,2,1,3,0,0,1,11,1,1,4,1,1,0
51,510672,1,2,1,24,12,19,19,12,1,1,0,51,2,12,471,12471,30,2000,1FTYR10C7YTA,1,F,T,Y,R,1,0,C,7,Y,T,A,0,T,FORD,RNG,PK,0,17,,1,1175,1116,RNG,G,,0,0,000000000,00000000000,0,0,0,1,0,0,0,0,0,0,0,50,0,0,0,12,12,6,8,12,0,0,0,1,51,22709,6,1,0,0,3,0,68,175,0,3,0,1,0,8,2009,10,2010,0,26,0,0,0,1,2,55,1,1,2,1,0,0,1,51,2,1,1,24,0,0
51,510672,2,2,1,24,12,19,19,12,1,1,0,0,0,98,709,98709,81,2005,RFLDJ05C75A0,R,F,L,D,J,0,5,C,7,5,A,0,0,U,,,,5,17,,,,,,,,0,0,000000000,00000000000,0,0,0,1,0,0,0,0,0,0,0,15,0,0,0,6,6,6,2,12,0,0,0,1,51,22727,1,1,0,0,1,0,73,200,0,0,0,0,0,0,0,0,0,0,0,0,0,0,1,2,55,1,1,2,1,0,0,1,53,1,1,1,25,1,0
51,510673,1,1,1,18,9,3,0,8,0,1,1,99,9,99,399,99399,9,9999,999999999999,9,9,9,9,9,9,9,9,9,9,9,9,0,U,,,,9,17,,,,,,,,0,0,000000000,00000000000,0,0,0,1,0,0,0,0,0,0,0,999,0,0,0,99,99,9,1,8,0,0,0,1,99,99999,9,9,99,9,9,9,999,999,99,99,99,99,99,99,9999,99,9999,0,85,0,0,0,1,2,99,1,1,2,1,0,0,99,99,99,9,9,13,0,0
51,510674,1,3,1,1,11,23,21,12,6,1,0,51,1,18,7,18007,4,1996,1G4AG55M0T64,1,G,4,A,G,5,5,M,0,T,6,4,0,P,BUIC,CSL,4D,96,17,2951,,0,1049,,G,,0,0,000000000,00000000000,0,0,0,1,0,0,0,0,0,0,0,70,0,0,0,12,12,6,2,12,0,0,0,1,51,23842,6,1,0,0,3,0,62,115,0,3,0,1,0,7,2010,8,2010,1,28,0,0,0,1,4,55,1,1,2,2,0,0,1,13,2,1,2,64,1,1
51,510674,2,3,1,1,11,23,21,12,6,1,0,51,1,49,399,49399,9,2008,JTDBT9232840,J,T,D,B,T,9,2,3,2,8,4,0,0,P,TOYT,YAR,4D,8,17,2293,,0,969,,G,,0,0,000000000,00000000000,0,0,0,1,0,0,0,0,0,0,0,55,0,0,0,99,99,6,2,12,0,0,0,1,28,39304,6,1,0,0,3,0,64,116,0,0,0,0,0,0,0,0,0,0,0,0,0,0,1,4,55,1,1,2,2,0,0,1,62,1,1,1,65,0,0