STATE,ST_CASE,VEH_NO,VE_FORMS,NUMOCCS,DAY,MONTH,HOUR,MINUTE,HARM_EV,MAN_COLL,UNITTYPE,HIT_RUN,REG_STAT,OWNER,MAKE,MODEL,MAK_MOD,BODY_TYP,MOD_YEAR,VIN,VIN_1,VIN_2,VIN_3,VIN_4,VIN_5,VIN_6,VIN_7,VIN_8,VIN_9,VIN_10,VIN_11,VIN_12,TOW_VEH,VINTYPE,VINMAKE,VINA_MOD,VIN_BT,VINMODYR,VIN_LNGT,VIN_WGT,WGTCD_TR,WHLBS_LG,WHLBS_SH,SER_TR,FUELCODE,MCYCL_DS,J_KNIFE,MCARR_I1,MCARR_I2,MCARR_ID,GVWR,V_CONFIG,CARGO_BT,HAZ_INV,HAZ_PLAC,HAZ_ID,HAZ_CNO,HAZ_REL,BUS_USE,SPEC_USE,EMER_USE,TRAV_SP,UNDERIDE,ROLLOVER,ROLINLOC,IMPACT1,IMPACT2,DEFORMED,TOWED,M_HARM,VEH_SC1,VEH_SC2,FIRE_EXP,DR_PRES,L_STATE,DR_ZIP,L_STATUS,L_TYPE,CDL_STAT,L_ENDORS,L_COMPL,L_RESTRI,DR_HGT,DR_WGT,PREV_ACC,PREV_SUS,PREV_DWI,PREV_SPD,PREV_OTH,FIRST_MO,FIRST_YR,LAST_MO,LAST_YR,SPEEDREL,DR_SF1,DR_SF2,DR_SF3,DR_SF4,VTRAFWAY,VNUM_LAN,VSPD_LIM,VALIGN,VPROFILE,VPAVETYP,VSURCOND,VTRAFCON,VTCONT_F,P_CRASH1,P_CRASH2,P_CRASH3,PCRASH4,PCRASH5,ACC_TYPE,DEATHS,DR_DRINK
51,510674,3,3,1,1,11,23,21,12,6,1,0,93,3,82,881,82881,61,2001,1FVABKAL61HJ,1,F,V,A,B,K,A,L,6,1,H,J,0,T,FRHT,F50,CC,1,17,,5,0,0,MCV,D,,0,57,00084337,5700084337,2,1,1,1,0,0,0,0,0,0,0,55,0,0,0,12,12,0,1,12,0,0,0,1,51,24421,6,1,6,0,3,0,69,140,0,0,0,1,0,3,2009,3,2009,0,0,0,0,0,1,4,55,1,1,2,2,0,0,1,11,7,1,1,98,0,0
51,510675,1,1,1,25,12,11,0,42,0,1,0,51,1,22,9,22009,3,1994,2G2FS22S4R22,2,G,2,F,S,2,2,S,4,R,2,2,0,P,PONT,FBD,2H,94,17,3232,,0,1011,,G,,0,0,000000000,00000000000,0,0,0,1,0,0,0,0,0,0,0,70,0,0,0,3,3,6,2,42,0,0,0,1,51,22827,6,1,0,0,3,0,72,165,0,1,0,0,0,11,2010,11,2010,1,0,0,0,0,1,2,55,1,1,2,2,0,0,1,6,1,1,4,6,1,0
51,510676,1,1,2,27,12,17,11,34,0,1,0,51,2,48,38,48038,6,2000,JF1GF485XYG8,J,F,1,G,F,4,8,5,X,Y,G,8,0,P,SUBA,ISP,SW,0,17,2860,,0,992,,G,,0,0,000000000,00000000000,0,0,0,1,0,0,0,0,0,0,0,50,0,1,5,1,1,6,2,34,0,0,0,1,51,23947,6,1,0,0,3,0,63,180,0,0,0,0,0,0,0,0,0,1,0,0,0,0,1,2,55,1,1,2,3,0,0,1,6,1,2,4,2,1,1
51,510677,1,2,2,28,12,9,4,12,6,1,0,51,1,20,37,20037,4,2001,1G1ND52J6162,1,G,1,N,D,5,2,J,6,1,6,2,0,P,CHEV,MAL,4D,1,17,3051,,0,1070,,G,,0,0,000000000,00000000000,0,0,0,1,0,0,0,0,0,0,0,10,0,0,0,3,3,6,2,12,0,0,0,1,51,23434,6,1,0,0,3,0,63,125,0,0,0,0,0,0,0,0,0,0,38,0,0,0,1,4,45,1,1,2,2,3,3,11,15,1,1,1,68,1,0
51,510677,2,2,2,28,12,9,4,12,6,1,0,51,1,12,3,12003,2,2007,1ZVFT80N1752,1,Z,V,F,T,8,0,N,1,7,5,2,0,P,FORD,MUS,CP,7,17,3352,,0,1071,,G,,0,0,000000000,00000000000,0,0,0,1,0,0,0,0,0,0,0,50,0,0,0,12,12,6,2,12,0,0,0,1,51,23434,6,1,0,0,3,0,69,157,1,0,0,0,0,5,2010,5,2010,1,0,0,0,0,1,4,45,1,1,2,2,3,3,1,66,4,1,1,69,0,0
51,510678,1,1,2,29,12,17,55,17,0,1,0,51,2,52,37,52037,2,1997,4A3AK44Y5VE1,4,A,3,A,K,4,4,Y,5,V,E,1,0,P,MITS,EGS,2H,97,17,2855,,0,988,,G,,0,0,000000000,00000000000,0,0,0,1,0,0,0,0,0,0,0,80,0,1,1,11,11,6,2,1,0,0,0,1,51,22664,6,2,0,0,3,0,68,125,0,0,0,0,0,0,0,0,0,1,0,0,0,0,1,3,55,3,2,2,1,0,0,14,13,1,1,4,1,1,0
51,510679,1,2,2,8,2,18,1,12,6,1,0,51,2,22,9,22009,2,2002,2G2FV22G8221,2,G,2,F,V,2,2,G,8,2,2,1,0,P,PONT,FTA,2H,2,17,3452,,0,1011,,G,,0,0,000000000,00000000000,0,0,0,1,0,0,0,0,0,0,0,55,0,0,0,12,12,6,2,12,0,0,0,1,51,24279,6,1,0,0,3,0,66,185,1,0,0,0,0,4,2009,4,2009,1,38,39,0,0,2,4,35,1,1,2,1,3,3,1,66,1,1,1,88,0,0
51,510679,2,2,1,8,2,18,1,12,6,1,0,51,1,12,3,12003,2,2008,1ZVHT80N7851,1,Z,V,H,T,8,0,N,7,8,5,1,0,P,FORD,MUS,CP,8,17,3300,,0,1071,,G,,0,0,000000000,00000000000,0,0,0,1,0,0,0,0,0,0,0,15,0,0,0,9,9,6,2,12,0,0,0,1,51,24210,6,1,0,0,3,0,66,178,0,0,0,0,0,0,0,0,0,0,0,0,0,0,2,4,35,1,1,2,1,3,3,1,66,1,1,1,89,1,0
51,510680,1,1,1,29,12,22,25,21,0,1,0,51,1,2,404,2404,14,2000,1J4FF48S4YL2,1,J,4,F,F,4,8,S,4,Y,L,2,0,T,JEEP,SPT,4W,0,17,,1,0,1014,CHK,G,,0,0,000000000,00000000000,0,0,0,1,0,0,0,0,0,0,0,999,0,0,0,11,11,6,2,23,0,0,0,1,51,22947,6,1,0,0,3,0,69,156,0,0,0,0,0,0,0,0,0,1,0,0,0,0,1,2,45,1,1,7,1,40,3,1,13,3,1,4,1,1,1
51,510681,1,2,1,25,12,14,35,12,6,1,0,51,1,20,402,20402,14,1999,2CNBJ1862X69,2,C,N,B,J,1,8,6,2,X,6,9,0,P,CHEV,TKR,UT,99,17,2717,,0,866,,G,,0,0,000000000,00000000000,0,0,0,1,0,0,0,0,0,0,0,15,0,1,1,8,8,6,2,1,0,0,0,1,51,24266,6,1,6,0,3,3,72,180,0,0,0,0,0,0,0,0,0,0,38,0,0,0,2,4,55,1,1,2,1,20,3,1,66,1,1,1,89,1,0
51,510681,2,2,1,25,12,14,35,12,6,1,0,51,3,12,401,12401,14,2005,1FMZU73K95UB,1,F,M,Z,U,7,3,K,9,5,U,B,0,P,FORD,EPR,UT,5,17,4094,,0,1137,,F,,0,0,000000000,00000000000,0,0,0,1,0,0,0,0,0,0,0,45,0,0,0,12,12,6,2,12,0,0,0,1,51,24649,6,1,0,0,3,3,70,207,0,0,0,0,0,0,0,0,0,0,16,0,0,0,2,4,55,3,2,2,1,0,0,14,66,1,1,1,88,0,0
51,510682,1,1,4,29,12,23,50,34,0,1,0,51,2,37,32,37032,4,1996,1HGCD563XTA1,1,H,G,C,D,5,6,3,X,T,A,1,0,P,HOND,ULE,4D,96,17,2864,,0,1069,,G,,0,0,000000000,00000000000,0,0,0,1,0,0,0,0,0,0,0,75,0,0,0,12,3,6,2,42,0,0,0,1,51,23882,1,1,0,0,2,0,64,175,0,4,0,0,0,6,2008,9,2010,1,0,0,0,0,1,2,55,1,2,2,1,0,0,1,13,1,1,4,1,3,1
51,510683,1,3,1,24,12,15,26,12,6,1,0,51,1,22,22,22022,2,2009,1G2ZG57B2941,1,G,2,Z,G,5,7,B,2,9,4,1,0,P,PONT,G/6,4D,9,17,3305,,0,1123,,G,,0,0,000000000,00000000000,0,0,0,1,0,0,0,0,0,0,0,60,0,1,1,1,1,6,2,12,0,0,0,1,51,20147,6,1,0,0,3,0,72,180,0,0,0,0,1,7,2008,7,2008,1,28,0,0,0,1,2,50,3,2,2,1,0,0,14,6,1,4,2,64,1,1
51,510683,2,3,2,24,12,15,26,12,6,1,0,54,1,49,46,49046,5,2010,JTDKN3DU1A51,J,T,D,K,N,3,D,U,1,A,5,1,0,P,TOYT,PRI,4H,10,17,3042,,0,1063,,B,,0,0,000000000,00000000000,0,0,0,1,0,0,0,0,0,0,0,50,0,0,0,12,12,6,2,12,0,0,0,1,54,25425,3,1,0,0,2,3,77,210,0,0,0,1,0,7,2008,7,2008,0,0,0,0,0,1,2,50,3,2,2,1,0,0,14,62,1,1,1,65,2,0
51,510683,3,3,2,24,12,15,26,12,6,1,0,54,2,30,40,30040,4,2003,3VWRK69M33M0,3,V,W,R,K,6,9,M,3,3,M,0,0,P,VOLK,UJG,4D,3,17,2818,,0,989,,G,,0,0,000000000,00000000000,0,0,0,1,0,0,0,0,0,0,0,50,0,0,0,11,11,6,2,42,0,0,0,1,51,20148,6,1,0,0,3,0,67,145,0,0,0,1,0,8,2008,8,2008,0,0,0,0,0,1,2,50,3,2,2,1,0,0,14,10,1,1,1,98,0,0
51,510684,1,1,2,24,12,0,20,42,0,1,0,51,2,52,35,52035,4,2000,JA3AY26C0YU0,J,A,3,A,Y,2,6,C,0,Y,U,0,0,P,MITS,MDE,4D,0,17,2437,,0,984,,G,,0,0,000000000,00000000000,0,0,0,1,0,0,0,0,0,0,0,998,0,0,0,12,12,6,2,42,0,0,0,1,51,23231,1,1,0,0,2,0,67,158,0,5,0,1,0,12,2008,7,2010,0,0,0,0,0,2,4,45,2,2,2,1,0,0,14,12,2,1,4,6,1,1
51,510685,1,1,1,29,12,21,6,39,0,1,0,51,1,20,473,20473,30,2006,1GCDT1965682,1,G,C,D,T,1,9,6,5,6,8,2,0,T,CHEV,RDO,4C,6,17,,1,0,1260,CAL,G,,0,0,000000000,00000000000,0,0,0,1,0,0,0,0,0,0,0,75,0,1,5,12,12,6,2,39,0,0,0,1,51,22640,6,1,0,0,3,0,68,175,0,0,0,0,0,0,0,0,0,1,58,0,0,0,1,2,55,3,2,2,1,0,0,14,12,2,4,4,7,1,1
51,510686,1,1,1,28,12,22,25,8,0,1,0,51,1,20,482,20482,31,2002,3GNEK13T32G1,3,G,N,E,K,1,3,T,3,2,G,1,0,T,CHEV,KAV,CW,2,17,,2,0,1300,AVL,G,,0,0,000000000,00000000000,0,0,0,1,0,0,0,0,0,0,0,35,0,0,0,1,1,6,2,8,0,0,0,1,51,22601,6,1,0,0,3,0,72,240,0,0,0,0,0,0,0,0,0,0,0,0,0,0,1,3,45,1,1,2,1,0,0,1,13,1,1,4,13,0,0
51,510687,1,1,2,31,12,0,58,42,0,1,0,51,2,7,472,7472,30,2001,1B7GL22X81S1,1,B,7,G,L,2,2,X,8,1,S,1,0,T,DODG,DAK,PC,1,17,,1,0,1309,DAK,G,,0,0,000000000,00000000000,0,0,0,1,0,0,0,0,0,0,0,50,0,0,0,4,4,6,2,42,0,0,0,1,12,33542,6,1,0,0,3,0,70,999,0,0,0,0,0,0,0,0,0,1,0,0,0,0,1,2,25,2,2,2,1,0,0,14,12,3,1,4,6,1,1
51,510688,1,1,1,31,12,21,0,8,0,1,0,51,1,22,22,22022,4,2009,1G2ZH57N9941,1,G,2,Z,H,5,7,N,9,9,4,1,0,P,PONT,GGT,4D,9,17,3457,,0,1123,,G,,0,0,000000000,00000000000,0,0,0,1,0,0,0,0,0,0,0,38,0,0,0,12,12,4,8,8,0,0,0,1,51,23131,6,1,0,0,3,0,66,155,1,0,0,1,0,11,2009,6,2010,1,86,0,0,0,1,2,35,1,1,2,1,0,0,1,80,1,1,1,13,0,0
51,510689,1,1,1,31,12,18,1,8,0,1,0,51,1,7,20,7020,4,2000,1B3ES46C1YD5,1,B,3,E,S,4,6,C,1,Y,D,5,0,P,DODG,NSE,4D,0,17,2515,,0,1050,,G,,0,0,000000000,00000000000,0,0,0,1,0,0,0,0,0,0,0,31,0,0,0,12,12,6,2,8,0,0,0,1,51,23838,6,1,0,0,3,0,66,145,0,2,0,2,0,3,2008,1,2010,1,0,0,0,0,1,2,25,1,1,2,1,0,0,1,80,3,1,1,13,0,0
51,510690,1,2,1,14,12,7,45,12,1,1,0,0,0,99,998,99998,92,2006,000000000000,0,0,0,0,0,0,0,0,0,0,0,0,0,U,,,,,17,,,,,,,,0,0,000000000,00000000000,0,0,0,1,0,0,0,0,0,0,0,10,0,1,5,6,6,6,2,12,0,0,0,1,51,23487,6,1,0,0,3,0,66,160,0,0,0,0,0,0,0,0,0,0,0,0,0,0,1,2,55,1,1,2,1,0,0,1,53,1,1,1,26,1,0
51,510690,2,2,1,14,12,7,45,12,1,1,0,51,1,12,37,12037,5,2002,3FAFP37372R1,3,F,A,F,P,3,7,3,7,2,R,1,0,P,FORD,FX5,5D,2,17,2699,,0,1030,,G,,0,0,000000000,00000000000,0,0,0,1,0,0,0,0,0,0,0,35,0,0,0,12,12,6,2,12,0,0,0,1,51,23487,6,1,0,0,3,0,64,125,0,0,0,0,0,0,0,0,0,0,26,0,0,0,1,2,55,1,1,2,1,0,0,1,51,1,1,1,24,0,0
51,510691,1,2,1,28,12,18,15,12,2,1,0,51,2,7,482,7482,31,2005,1D7HU16D75J5,1,D,7,H,U,1,6,D,7,5,J,5,0,T,DODG,S15,PK,5,17,,2,1405,1205,RPC,G,,0,0,000000000,00000000000,0,0,0,1,0,0,0,0,0,0,0,40,0,0,0,12,12,6,2,12,0,0,0,1,51,24658,6,1,0,0,3,0,68,380,0,0,0,0,0,0,0,0,0,0,0,0,0,0,1,2,40,2,1,2,4,0,0,14,62,1,1,1,51,1,1
51,510691,2,2,1,28,12,18,15,12,2,1,0,51,1,23,481,23481,31,2002,1GTEK14V82Z2,1,G,T,E,K,1,4,V,8,2,Z,2,0,T,GMC,NK1,PK,2,17,,2,1330,1190,SIE,G,,0,0,000000000,00000000000,0,0,0,1,0,0,0,0,0,0,0,40,0,0,0,12,12,6,2,12,0,0,0,1,51,24620,6,1,0,0,3,0,71,148,0,0,0,0,0,0,0,0,0,0,51,0,0,0,1,2,40,3,1,2,4,0,0,14,10,1,1,2,50,0,0
51,510692,1,1,1,5,12,11,36,53,0,1,0,51,1,35,43,35043,4,1993,JN1EB31FXPU5,J,N,1,E,B,3,1,F,X,P,U,5,0,P,NISS,SXE,4D,93,17,2290,,0,956,,G,,0,0,000000000,00000000000,0,0,0,1,0,0,0,0,0,0,0,60,0,0,0,12,12,6,2,42,0,0,0,1,99,20747,9,9,99,9,9,9,999,999,99,99,99,99,99,99,9999,99,9999,0,92,0,0,0,1,4,60,1,1,2,1,0,0,1,13,1,1,4,1,1,0
51,510693,1,2,2,25,12,17,55,12,2,1,0,51,2,14,15,14015,4,1990,1MEPM36X6LK6,1,M,E,P,M,3,6,X,6,L,K,6,0,P,MERC,TGS,4D,90,17,2602,,0,999,,G,,0,0,000000000,00000000000,0,0,0,1,0,0,0,0,0,0,0,40,0,0,0,12,11,6,2,12,0,0,0,1,37,27320,1,1,0,0,2,0,73,999,0,0,0,0,0,0,0,0,0,0,51,0,0,0,1,2,55,1,1,2,3,0,0,1,10,1,2,2,50,1,1
51,510693,2,2,2,25,12,17,55,12,2,1,0,51,2,20,22,20022,4,2007,1G1AK15F6772,1,G,1,A,K,1,5,F,6,7,7,2,0,P,CHEV,BLS,CP,7,17,2991,,0,1033,,G,,0,0,000000000,00000000000,0,0,0,1,0,0,0,0,0,0,0,20,0,0,0,12,12,6,2,12,0,0,0,1,51,24527,6,1,0,0,3,0,66,150,0,0,0,0,0,0,0,0,0,0,0,0,0,0,1,2,55,1,1,2,3,0,0,1,62,1,1,1,51,0,0
53,530001,1,1,1,1,1,1,22,42,0,1,0,53,1,98,739,98739,90,2006,4UF06SNW96T1,4,U,F,0,6,S,N,W,9,6,T,1,0,U,,,,6,17,,,,,,,,0,0,000000000,00000000000,0,0,0,1,0,0,0,0,0,0,0,998,0,0,0,9,12,4,4,42,0,0,0,1,53,98391,6,1,0,0,3,0,72,180,0,0,0,0,0,0,0,0,0,0,0,0,0,0,1,2,30,2,2,2,3,0,0,14,12,1,1,4,6,1,1
53,530002,1,1,1,1,1,22,7,8,0,1,1,53,2,7,442,7442,20,2000,2B4GP2437YR6,2,B,4,G,P,2,4,3,7,Y,R,6,0,P,DODG,CAR,SV,0,17,3695,,0,1193,,G,,0,0,000000000,00000000000,0,0,0,1,0,0,0,0,0,0,0,998,0,0,0,12,12,2,1,8,0,0,0,1,53,98225,6,1,0,0,3,0,70,145,0,2,0,1,2,9,2007,5,2008,0,91,92,0,0,1,2,35,1,2,2,2,0,0,1,80,99,1,1,13,0,0
53,530003,1,1,1,3,1,19,23,35,0,1,0,53,3,12,16,12016,4,2008,2FAFP71V78X1,2,F,A,F,P,7,1,V,7,8,X,1,0,P,FORD,CVP,4D,8,17,0,,0,1146,,F,,0,0,000000000,00000000000,0,0,0,1,0,0,0,0,0,0,0,998,0,1,6,12,12,6,2,1,0,0,0,1,53,98837,6,1,6,0,3,0,70,190,0,0,0,0,0,0,0,0,0,0,0,0,0,0,1,2,55,2,9,2,2,0,0,14,12,99,1,4,6,1,0
53,530004,1,1,4,3,1,3,58,42,0,1,0,53,2,20,2,20002,4,2004,2G1WF52EX494,2,G,1,W,F,5,2,E,X,4,9,4,0,P,CHEV,IMP,4D,4,17,3389,,0,1105,,G,,0,0,000000000,00000000000,0,0,0,1,0,0,0,0,0,0,0,998,0,0,0,6,6,6,2,42,0,0,0,1,53,98198,6,1,0,0,3,0,72,150,0,0,0,0,0,0,0,0,0,1,0,0,0,0,1,4,35,1,1,2,2,0,0,1,6,1,4,4,2,1,1
53,530005,1,1,1,5,1,19,14,21,0,1,0,53,2,12,4,12004,2,1993,1FAPP6243PH1,1,F,A,P,P,6,2,4,3,P,H,1,0,P,FORD,THL,2D,93,17,3566,,0,1130,,G,,0,0,000000000,00000000000,0,0,0,1,0,0,0,0,0,0,0,998,0,0,0,12,12,6,2,21,0,0,0,1,53,99202,1,1,0,0,2,3,71,240,1,2,0,0,1,11,2008,12,2009,0,0,0,0,0,3,2,98,1,1,2,3,0,0,1,10,1,9,4,16,1,1
53,530006,1,2,2,7,1,10,55,12,6,1,0,53,1,49,40,49040,5,1985,JT2SV16H8F02,J,T,2,S,V,1,6,H,8,F,0,2,0,P,TOYT,CLE,4L,85,17,2360,,0,1024,,G,,0,0,000000000,00000000000,0,0,0,1,0,0,0,0,0,0,0,998,0,0,0,12,12,6,2,12,0,0,0,1,53,98055,6,1,0,0,3,3,67,150,0,0,0,0,0,0,0,0,0,0,38,39,0,0,2,2,45,1,1,2,1,3,3,1,17,1,1,1,69,1,0
53,530006,2,2,1,7,1,10,55,12,6,1,0,53,1,63,441,63441,20,2004,KNDUP1311465,K,N,D,U,P,1,3,1,1,4,6,5,0,P,KIA,SED,SV,4,17,4802,,0,1145,,G,,0,0,000000000,00000000000,0,0,0,1,0,0,0,0,0,0,0,998,0,0,0,3,3,6,2,12,0,0,0,1,53,98031,6,1,0,0,3,0,63,160,0,0,0,0,0,0,0,0,0,0,0,0,0,0,2,2,45,1,1,2,1,3,3,11,15,1,1,1,68,0,0
53,530007,1,3,1,9,1,16,37,12,6,1,0,41,1,37,32,37032,4,1991,1HGCB7244MA0,1,H,G,C,B,7,2,4,4,M,A,0,0,P,HOND,ADL,CP,91,17,2399,,0,1071,,G,,0,0,000000000,00000000000,0,0,0,1,0,0,0,0,0,0,0,998,0,0,0,12,12,6,2,12,0,0,0,1,41,97023,6,1,0,0,3,3,64,130,0,0,0,0,0,0,0,0,0,1,51,0,0,0,4,2,60,1,1,2,1,0,0,1,54,1,1,1,66,1,1
53,530007,2,3,1,9,1,16,37,12,6,1,0,41,1,30,421,30421,15,2008,WVGBE77L58D0,W,V,G,B,E,7,7,L,5,8,D,0,0,P,VOLK,TO2,UT,8,17,5077,,0,1124,,G,,0,0,000000000,00000000000,0,0,0,1,0,0,0,0,0,0,0,998,0,0,0,7,63,4,1,12,0,0,0,1,41,97209,6,1,0,0,3,3,64,130,0,0,0,0,0,0,0,0,0,0,0,0,0,0,4,2,60,1,1,2,1,0,0,1,54,7,1,3,66,0,0
53,530007,3,3,2,9,1,16,37,12,6,1,0,53,1,54,39,54039,4,2004,JH4CL968X4C0,J,H,4,C,L,9,6,8,X,4,C,0,0,P,ACUR,TSX,4D,4,17,3318,,0,1051,,G,,0,0,000000000,00000000000,0,0,0,1,0,0,0,0,0,0,0,998,0,0,0,12,12,6,2,12,0,0,0,1,53,98607,6,1,0,0,3,0,72,185,0,0,0,0,0,0,0,0,0,0,0,0,0,0,4,2,60,1,1,2,1,0,0,1,54,7,1,2,98,0,0
53,530008,1,2,2,10,1,18,12,12,1,1,0,53,2,7,472,7472,30,1994,1B7GL23Y3RS6,1,B,7,G,L,2,3,Y,3,R,S,6,0,T,DODG,DAK,PC,94,17,,1,0,1309,DAK,G,,0,0,000000000,00000000000,0,0,0,1,0,0,0,0,0,0,0,998,0,0,0,12,12,6,2,12,0,0,0,1,53,98251,1,1,0,0,2,0,74,200,0,1,1,0,1,5,2009,10,2009,0,39,0,0,0,1,2,45,1,1,2,2,20,3,1,50,1,1,1,24,1,0
53,530008,2,2,1,10,1,18,12,12,1,1,0,53,1,7,482,7482,31,2006,1D7KS28C16J1,1,D,7,K,S,2,8,C,1,6,J,1,0,T,DODG,SQ2,CW,6,17,,2,1605,1405,RPC,D,,0,0,000000000,00000000000,0,0,0,1,0,0,0,0,0,0,0,0,0,0,0,6,6,6,2,12,0,0,0,1,53,98226,6,1,0,0,3,3,65,175,0,0,0,1,0,6,2009,6,2009,0,0,0,0,0,1,2,45,1,1,2,2,20,3,10,53,1,1,1,27,0,0
53,530009,1,2,1,9,1,15,34,12,6,1,0,53,1,37,32,37032,4,1988,1HGCA5637JA0,1,H,G,C,A,5,6,3,7,J,A,0,0,P,HOND,ALX,4D,88,17,2504,,0,1024,,G,,0,0,000000000,00000000000,0,0,0,1,0,0,0,0,0,0,0,998,0,0,0,9,9,6,2,12,0,0,0,1,53,98003,1,1,0,0,2,0,66,155,1,2,0,1,2,3,2007,12,2009,0,38,0,0,0,1,2,25,2,1,2,1,20,3,14,17,1,1,1,89,1,0
53,530009,2,2,1,9,1,15,34,12,6,1,0,53,1,12,423,12423,15,2003,1FMNU43S43EB,1,F,M,N,U,4,3,S,4,3,E,B,0,P,FORD,EXC,UT,3,17,6650,,0,1371,,G,,0,0,000000000,00000000000,0,0,0,1,0,0,0,0,0,0,0,998,0,0,0,12,12,6,2,12,0,0,0,1,53,98058,6,1,0,0,3,0,76,300,0,0,0,0,0,0,0,0,0,1,0,0,0,0,1,4,35,3,1,2,1,0,0,14,66,1,1,1,88,0,0
53,530011,1,1,1,13,1,1,22,30,0,1,0,53,5,37,31,37031,3,1994,2HGEH235XRH5,2,H,G,E,H,2,3,5,X,R,H,5,0,P,HOND,UCC,2H,94,17,2051,,0,1013,,G,,0,0,000000000,00000000000,0,0,0,1,0,0,0,0,0,0,0,80,0,0,0,9,9,6,2,30,0,0,0,1,53,98012,6,1,0,0,3,3,68,172,0,1,0,0,2,1,2008,5,2008,1,37,0,0,0,1,2,35,3,1,2,2,0,0,6,6,99,2,4,2,1,0
53,530012,1,1,4,29,1,1,52,14,0,1,0,53,1,20,4,20004,9,1999,1G1YY22G4X51,1,G,1,Y,Y,2,2,G,4,X,5,1,0,P,CHEV,CVT,CP,99,17,3221,,0,1045,,G,,0,0,000000000,00000000000,0,0,0,1,0,0,0,0,0,0,0,998,0,0,0,12,12,6,4,14,0,0,0,1,53,99353,6,1,0,0,3,0,77,160,0,1,0,1,0,10,2008,11,2009,1,0,0,0,0,1,2,30,1,1,2,1,0,0,1,6,1,2,4,7,1,1
53,530013,1,3,3,16,1,22,35,12,6,1,0,53,1,41,43,41043,4,1988,JM1HC2214J01,J,M,1,H,C,2,2,1,4,J,0,1,0,P,MAZD,929,4D,88,17,3023,,0,1067,,G,,0,0,000000000,00000000000,0,0,0,1,0,0,0,0,0,0,0,999,0,0,0,3,3,6,2,12,0,0,0,1,53,98321,6,1,0,0,3,0,67,150,0,0,0,0,1,4,2007,4,2007,1,91,0,0,0,3,2,35,1,1,2,2,0,0,12,10,1,1,2,98,2,1
53,530013,2,3,1,16,1,22,35,12,6,1,1,53,2,13,5,13005,4,1992,1LNLM9749NY6,1,L,N,L,M,9,7,4,9,N,Y,6,0,P,LINC,EXE,4D,92,17,3628,,0,1090,,G,,0,0,000000000,00000000000,0,0,0,1,0,0,0,0,0,0,0,998,0,0,0,12,12,4,1,12,0,0,0,1,53,98418,1,1,0,0,2,0,68,150,0,5,0,0,6,1,2007,12,2009,0,92,0,0,0,3,2,35,1,1,2,2,0,0,1,62,7,1,1,98,0,0
53,530013,3,3,1,16,1,22,35,12,6,1,0,53,3,49,402,49402,14,1999,JT3GP10V6X70,J,T,3,G,P,1,0,V,6,X,7,0,0,P,TOYT,RV4,UT,99,17,2585,,0,949,,G,,0,0,000000000,00000000000,0,0,0,1,0,0,0,0,0,0,0,998,0,0,0,12,12,6,2,12,0,0,0,1,53,98390,6,1,0,0,3,0,69,120,1,0,0,0,0,6,2009,6,2009,0,0,0,0,0,3,2,35,1,1,2,2,0,0,1,62,1,1,1,98,0,0
53,530014,1,1,1,16,1,22,43,57,0,1,0,53,1,72,706,72706,80,2007,1HD1FB4177Y6,1,H,D,1,F,B,4,1,7,7,Y,6,0,M,HD,FHR,RS,7,17,,,,,,,1584,0,0,000000000,00000000000,0,0,0,1,0,0,0,0,0,0,0,998,0,0,0,12,0,6,2,57,0,0,0,1,53,98032,6,1,0,0,3,3,67,175,0,0,0,0,0,0,0,0,0,0,0,0,0,0,3,2,60,1,4,2,2,0,0,15,9,1,2,4,7,1,1
53,530015,1,1,1,20,1,16,32,5,0,1,0,53,3,53,705,53705,80,2008,JS1GN7EAX821,J,S,1,G,N,7,E,A,X,8,2,1,0,M,SUZI,G60,RC,8,17,,,,,,,599,0,0,000000000,00000000000,0,0,0,1,0,0,0,0,0,0,0,998,0,0,0,0,0,4,4,5,0,0,0,1,53,98092,6,1,0,0,2,0,70,165,0,0,0,0,0,0,0,0,0,1,0,0,0,0,1,2,25,1,1,2,1,0,0,3,6,1,7,3,0,1,0
53,530016,1,2,1,24,1,21,58,12,6,1,1,53,2,12,17,12017,4,1994,1FALP5249RA2,1,F,A,L,P,5,2,4,9,R,A,2,0,P,FORD,TAG,4D,94,17,3104,,0,1060,,G,,0,0,000000000,00000000000,0,0,0,1,0,0,0,0,0,0,0,998,0,0,0,12,12,6,2,12,0,0,0,1,53,98036,1,1,0,0,2,0,68,170,0,2,0,1,4,9,2008,4,2009,0,39,91,92,0,1,2,25,1,1,2,2,3,3,1,17,1,1,1,86,0,1
53,530016,2,2,2,24,1,21,58,12,6,1,0,53,1,37,32,37032,4,1998,1HGCG5640WA0,1,H,G,C,G,5,6,4,0,W,A,0,0,P,HOND,ULX,4D,98,17,2952,,0,1069,,G,,0,0,000000000,00000000000,0,0,0,1,0,0,0,0,0,0,0,998,0,0,0,3,3,6,2,12,0,0,0,1,53,98424,6,1,0,0,3,0,68,230,0,0,0,1,0,3,2008,3,2008,0,0,0,0,0,1,2,25,1,1,2,2,3,3,1,66,1,1,1,87,1,0
53,530017,1,2,1,23,1,21,15,8,0,1,0,53,2,37,32,37032,4,1999,1HGCG2258XA0,1,H,G,C,G,2,2,5,8,X,A,0,0,P,HOND,UEX,CP,99,17,3241,,0,1051,,G,,0,0,000000000,00000000000,0,0,0,1,0,0,0,0,0,0,0,998,0,0,0,12,12,2,1,8,0,0,0,1,53,98258,6,1,0,0,3,3,65,150,0,4,0,0,0,9,2008,5,2009,0,0,0,0,0,3,5,60,1,3,1,1,0,0,1,80,1,1,1,13,0,0