STATE,ST_CASE,VEH_NO,VE_FORMS,NUMOCCS,DAY,MONTH,HOUR,MINUTE,HARM_EV,MAN_COLL,UNITTYPE,HIT_RUN,REG_STAT,OWNER,MAKE,MODEL,MAK_MOD,BODY_TYP,MOD_YEAR,VIN,VIN_1,VIN_2,VIN_3,VIN_4,VIN_5,VIN_6,VIN_7,VIN_8,VIN_9,VIN_10,VIN_11,VIN_12,TOW_VEH,VINTYPE,VINMAKE,VINA_MOD,VIN_BT,VINMODYR,VIN_LNGT,VIN_WGT,WGTCD_TR,WHLBS_LG,WHLBS_SH,SER_TR,FUELCODE,MCYCL_DS,J_KNIFE,MCARR_I1,MCARR_I2,MCARR_ID,GVWR,V_CONFIG,CARGO_BT,HAZ_INV,HAZ_PLAC,HAZ_ID,HAZ_CNO,HAZ_REL,BUS_USE,SPEC_USE,EMER_USE,TRAV_SP,UNDERIDE,ROLLOVER,ROLINLOC,IMPACT1,IMPACT2,DEFORMED,TOWED,M_HARM,VEH_SC1,VEH_SC2,FIRE_EXP,DR_PRES,L_STATE,DR_ZIP,L_STATUS,L_TYPE,CDL_STAT,L_ENDORS,L_COMPL,L_RESTRI,DR_HGT,DR_WGT,PREV_ACC,PREV_SUS,PREV_DWI,PREV_SPD,PREV_OTH,FIRST_MO,FIRST_YR,LAST_MO,LAST_YR,SPEEDREL,DR_SF1,DR_SF2,DR_SF3,DR_SF4,VTRAFWAY,VNUM_LAN,VSPD_LIM,VALIGN,VPROFILE,VPAVETYP,VSURCOND,VTRAFCON,VTCONT_F,P_CRASH1,P_CRASH2,P_CRASH3,PCRASH4,PCRASH5,ACC_TYPE,DEATHS,DR_DRINK
53,530017,2,2,1,23,1,21,15,8,0,1,0,53,1,55,33,55033,4,2006,KMHET46C26A0,K,M,H,E,T,4,6,C,2,6,A,0,0,P,HYUN,SOL,4D,6,17,3253,,0,1074,,G,,0,0,000000000,00000000000,0,0,0,1,0,0,0,0,0,0,0,998,0,0,0,12,12,2,1,8,0,0,0,1,53,98502,6,1,0,0,3,3,77,270,0,0,0,0,0,0,0,0,0,0,0,0,0,0,3,5,60,1,3,1,1,0,0,1,80,7,1,2,98,0,1
53,530018,1,1,1,24,1,23,10,24,0,1,0,53,1,98,998,98998,91,2005,SN1PL8DS65C5,S,N,1,P,L,8,D,S,6,5,C,5,0,U,,,,5,17,,,,,,,,0,0,000000000,00000000000,0,0,0,1,0,0,0,0,0,0,0,998,0,0,0,11,12,6,2,24,0,0,0,1,53,98925,6,1,0,0,3,3,71,245,0,0,0,0,0,0,0,0,0,1,0,0,0,0,1,2,25,1,2,2,3,0,0,1,6,1,9,4,6,1,1
53,530019,1,1,1,28,1,20,10,8,0,1,0,53,1,20,401,20401,14,1987,1GNCT18RXH81,1,G,N,C,T,1,8,R,X,H,8,1,0,T,CHEV,SBZ,S2,87,17,,1,0,1005,S10,G,,0,0,000000000,00000000000,0,0,0,1,0,0,0,0,0,0,0,998,0,0,0,12,12,2,3,8,0,0,0,1,53,98146,6,1,0,0,3,0,66,150,0,0,0,1,0,9,2009,9,2009,0,0,0,0,0,2,2,40,1,2,2,1,0,0,1,80,1,1,1,13,0,0
53,530020,1,1,1,31,1,18,47,25,0,1,0,53,1,9,442,9442,20,1994,1P4GK54L7RX2,1,P,4,G,K,5,4,L,7,R,X,2,0,P,PLYM,VOF,SV,94,17,4021,,0,1193,,G,,0,0,000000000,00000000000,0,0,0,1,0,0,0,0,0,0,0,998,0,0,0,12,12,6,2,25,0,0,0,1,53,98117,6,1,0,0,3,3,66,133,0,0,0,0,0,0,0,0,0,1,0,0,0,0,3,5,60,1,1,1,1,0,0,1,10,6,1,4,6,1,0
53,530021,1,1,1,30,1,21,23,42,0,1,0,53,1,41,37,41037,4,2001,1YVGF22C1152,1,Y,V,G,F,2,2,C,1,1,5,2,0,P,MAZD,U6X,4D,1,17,2864,,0,1051,,G,,0,0,000000000,00000000000,0,0,0,1,0,0,0,0,0,0,0,998,0,0,0,12,12,6,2,42,0,0,0,1,53,98390,1,1,0,0,2,0,65,200,0,1,0,0,1,9,2008,9,2009,1,0,0,0,0,1,2,50,2,1,1,2,0,0,14,12,1,1,4,6,1,1
53,530022,1,1,1,30,1,1,42,46,0,1,0,53,2,58,38,58038,4,2003,JNKAY41E83M0,J,N,K,A,Y,4,1,E,8,3,M,0,0,P,INFI,M45,4D,3,17,3717,,0,1102,,G,,0,0,000000000,00000000000,0,0,0,1,0,0,0,0,0,0,0,998,0,0,0,12,12,6,2,46,0,0,0,1,53,98390,6,1,0,0,3,3,63,115,0,1,0,0,0,1,2009,1,2009,0,0,0,0,0,1,2,25,1,1,2,2,3,3,1,11,1,1,4,1,1,1
53,530023,1,2,1,31,1,15,25,12,6,1,0,53,2,49,38,49038,2,1993,JT2EL46S3P03,J,T,2,E,L,4,6,S,3,P,0,3,0,P,TOYT,TSD,2D,93,17,1950,,0,937,,G,,0,0,000000000,00000000000,0,0,0,1,0,0,0,0,0,0,0,998,0,0,0,3,3,6,2,12,0,0,0,1,53,98589,6,2,0,0,3,1,69,155,0,0,0,0,0,0,0,0,0,0,28,0,0,0,2,2,50,1,1,2,2,0,0,1,11,6,4,2,64,1,0
53,530023,2,2,1,31,1,15,25,12,6,1,0,53,1,59,31,59031,4,2004,JTJHA31U5400,J,T,J,H,A,3,1,U,5,4,0,0,0,P,LEXS,R33,UT,4,17,4065,,0,1069,,G,,0,0,000000000,00000000000,0,0,0,1,0,0,0,0,0,0,0,998,0,0,0,12,12,6,2,12,0,0,0,1,53,98532,6,1,0,0,3,0,63,140,0,0,0,0,0,0,0,0,0,0,0,0,0,0,2,2,50,1,1,2,2,0,0,1,54,1,1,1,65,0,0
53,530024,1,3,1,3,2,6,16,12,1,1,0,53,1,20,481,20481,31,1988,1GCGC34KXJE1,1,G,C,G,C,3,4,K,X,J,E,1,0,T,CHEV,GC3,PK,88,17,,2,0,1315,GM4,G,,0,0,000000000,00000000000,0,0,0,1,0,0,0,0,0,0,0,998,0,0,0,12,12,6,2,12,0,0,0,1,53,98166,6,1,0,0,3,3,74,200,0,0,0,0,0,0,0,0,0,1,0,0,0,0,2,2,40,1,2,2,2,3,3,1,50,1,1,1,20,0,0
53,530024,2,3,2,3,2,6,16,12,1,1,0,53,1,63,34,63034,4,2001,KNAGD1266150,K,N,A,G,D,1,2,6,6,1,5,0,0,P,KIA,OLS,4D,1,17,3157,,0,1063,,G,,0,0,000000000,00000000000,0,0,0,1,0,0,0,0,0,0,0,0,0,0,0,6,6,6,2,12,0,0,0,1,53,98168,6,1,0,0,3,0,64,120,0,0,0,0,0,0,0,0,0,0,0,0,0,0,2,2,40,1,2,2,2,3,3,5,53,1,1,1,21,1,0
53,530024,3,3,1,3,2,6,16,12,1,1,0,53,1,49,471,49471,30,1990,JT4RN93P9L50,J,T,4,R,N,9,3,P,9,L,5,0,0,T,TOYT,ELD,PC,90,17,,1,0,1215,HTP,G,,0,0,000000000,00000000000,0,0,0,1,0,0,0,0,0,0,0,0,0,0,0,6,6,6,2,12,0,0,0,1,53,98146,6,1,6,0,3,0,66,145,0,0,0,0,0,0,0,0,0,0,0,0,0,0,2,2,40,1,2,2,2,3,3,5,53,1,1,1,98,0,0
53,530025,1,1,1,4,2,18,5,8,0,1,0,53,1,23,431,23431,16,1994,1GKFK16K5RJ7,1,G,K,F,K,1,6,K,5,R,J,7,0,T,GMC,KSU,4W,94,17,,2,0,1315,K15,G,,0,0,000000000,00000000000,0,0,0,1,0,0,0,0,0,0,0,998,0,0,0,12,12,2,1,8,0,0,0,1,53,98953,6,1,6,0,3,0,77,245,0,0,0,0,0,0,0,0,0,0,0,0,0,0,1,2,55,1,1,2,1,0,0,1,80,1,1,1,13,0,0
53,530026,1,1,1,8,2,16,0,1,0,1,0,53,1,35,481,35481,31,2007,1N6AA06B07N2,1,N,6,A,A,0,6,B,0,7,N,2,0,T,NISS,TXS,PC,7,17,,2,0,1398,TTN,G,,0,0,000000000,00000000000,0,0,0,1,0,0,0,0,0,0,0,998,0,9,5,0,13,6,2,1,0,0,0,1,53,98816,6,1,0,0,3,3,69,215,0,0,0,0,1,4,2008,4,2008,0,58,0,0,0,3,2,70,2,2,1,1,0,0,14,9,7,4,4,2,1,0
53,530027,1,2,1,9,2,1,0,12,1,1,0,53,1,37,706,37706,80,1998,JH2RC4334WM3,J,H,2,R,C,4,3,3,4,W,M,3,0,M,HOND,VF2,RS,98,17,,,,,,,748,0,0,000000000,00000000000,0,0,0,1,0,0,0,0,0,0,0,998,0,0,0,12,12,6,2,12,0,0,0,1,53,98532,6,1,0,0,3,3,70,225,0,0,0,0,1,5,2008,5,2008,1,0,0,0,0,3,2,60,1,1,2,1,0,0,1,51,1,1,1,24,1,1
53,530027,2,2,1,9,2,1,0,12,1,1,0,53,1,20,481,20481,31,2006,1GCEK19B16Z1,1,G,C,E,K,1,9,B,1,6,Z,1,0,T,CHEV,SK1,4C,6,17,,2,1575,1340,SIL,G,,0,0,000000000,00000000000,0,0,0,1,0,0,0,0,0,0,0,998,0,0,0,6,6,2,1,12,0,0,0,1,53,98203,6,1,0,0,3,0,66,150,0,0,0,2,0,5,2007,7,2009,1,0,0,0,0,3,2,60,1,1,2,1,0,0,1,53,1,1,1,25,0,0
53,530028,1,2,2,14,2,2,24,12,6,1,0,53,2,22,18,22018,2,1999,1G2WP12K2XF2,1,G,2,W,P,1,2,K,2,X,F,2,0,P,PONT,GPG,CP,99,17,3396,,0,1105,,G,,0,0,000000000,00000000000,0,0,0,1,0,0,0,0,0,0,0,998,0,0,0,9,3,6,2,42,0,0,0,1,53,99223,6,1,0,0,3,0,65,130,0,0,0,0,0,0,0,0,0,1,0,0,0,0,1,2,35,4,1,1,1,0,0,11,6,99,4,2,72,1,1
53,530028,2,2,2,14,2,2,24,12,6,1,0,53,2,34,36,34036,2,2005,WBAEH73475B1,W,B,A,E,H,7,3,4,7,5,B,1,0,P,BMW,64C,CP,5,17,3781,,0,1094,,G,,0,0,000000000,00000000000,0,0,0,1,0,0,0,0,0,0,0,998,0,0,0,12,12,6,2,12,0,0,0,1,53,98201,6,1,0,0,3,0,76,160,0,0,0,0,0,0,0,0,0,1,26,0,0,0,1,2,35,3,2,1,1,0,0,6,60,1,1,1,73,0,1
53,530029,1,2,2,17,2,15,27,12,6,1,0,53,1,37,32,37032,2,1998,1HGCG3258WA0,1,H,G,C,G,3,2,5,8,W,A,0,0,P,HOND,UEX,CP,98,17,2963,,0,1051,,G,,0,0,000000000,00000000000,0,0,0,1,0,0,0,0,0,0,0,998,0,0,0,9,9,6,2,12,0,0,0,1,53,98272,6,2,0,0,3,3,64,115,0,0,0,0,0,0,0,0,0,0,38,0,0,0,1,2,35,1,1,2,1,20,3,1,17,1,1,1,89,0,0
53,530029,2,2,1,17,2,15,27,12,6,1,0,53,1,72,706,72706,80,2002,1HD1BMY122Y0,1,H,D,1,B,M,Y,1,2,2,Y,0,0,M,HD,FLF,RS,2,17,,,,,,,1450,0,0,000000000,00000000000,0,0,0,1,0,0,0,0,0,0,0,998,0,0,0,12,12,6,2,12,0,0,0,1,53,98294,6,1,0,0,3,0,76,205,0,0,0,1,0,4,2007,4,2007,0,0,0,0,0,5,3,50,1,1,2,1,0,0,1,66,3,1,1,88,1,0
53,530030,1,1,1,19,2,5,31,8,0,1,0,53,1,12,481,12481,31,1977,F26SRY61551,F,2,6,S,R,Y,6,1,5,5,1,,0,P,,,,,,,,,,,,,0,0,000000000,00000000000,0,0,0,1,0,0,0,0,0,0,0,998,0,0,0,12,12,4,3,8,0,0,0,1,53,98011,1,1,0,0,2,0,75,195,0,4,0,3,0,7,2008,12,2009,0,92,0,0,0,1,2,55,1,1,2,2,0,0,1,80,1,1,1,13,0,0
53,530031,1,1,1,5,2,5,50,34,0,1,0,53,1,49,472,49472,30,2008,5TELU42N28Z5,5,T,E,L,U,4,2,N,2,8,Z,5,0,T,TOYT,DCL,CW,8,17,,1,0,1278,TAC,G,,0,0,000000000,00000000000,0,0,0,1,0,0,0,0,0,0,0,998,0,0,0,12,12,6,2,32,0,0,0,1,53,98903,6,1,6,0,3,0,67,195,1,0,0,0,0,4,2008,4,2008,0,0,0,0,0,1,2,50,1,1,2,2,0,0,1,12,1,1,4,6,1,1
53,530032,1,2,1,9,2,0,46,8,0,1,0,53,3,86,881,86881,66,1997,1M1AA13Y2VW0,1,M,1,A,A,1,3,Y,2,V,W,0,1,T,MACK,CH6,DS,97,17,,8,0,0,600,D,,1,57,1856338,571856338,3,6,3,1,0,0,0,0,0,0,0,998,0,0,0,12,12,2,1,8,0,0,0,1,53,98270,6,1,6,3,3,0,68,190,0,1,0,1,4,5,2007,5,2009,0,0,0,0,0,3,5,60,1,1,1,1,0,0,1,80,6,1,2,13,0,0
53,530032,2,2,1,9,2,0,46,8,0,1,0,53,1,63,33,63033,4,2006,KNAFE1217652,K,N,A,F,E,1,2,1,7,6,5,2,0,P,KIA,SLE,4D,6,17,2701,,0,1028,,G,,0,0,000000000,00000000000,0,0,0,1,0,0,0,0,0,0,0,998,0,0,0,12,12,2,1,8,0,0,0,1,53,98122,1,1,0,0,2,0,69,200,0,3,0,1,1,2,2008,10,2009,0,92,0,0,0,4,5,60,1,1,1,1,0,0,1,80,1,1,1,98,0,0
53,530033,1,1,3,8,1,18,50,8,0,1,0,56,2,30,46,30046,4,1998,WVWMA63B6WE4,W,V,W,M,A,6,3,B,6,W,E,4,0,P,VOLK,PGS,4D,98,17,3025,,0,1033,,G,,0,0,000000000,00000000000,0,0,0,1,0,0,0,0,0,0,0,998,0,0,0,12,12,9,9,8,0,0,0,1,53,99251,0,0,0,0,0,0,72,175,0,0,0,0,0,0,0,0,0,0,0,0,0,0,5,4,45,1,1,2,1,0,0,1,80,99,1,1,13,0,0
53,530034,1,1,1,10,1,16,50,35,0,1,0,53,1,20,481,20481,31,1995,1GCEC14Z7SZ2,1,G,C,E,C,1,4,Z,7,S,Z,2,0,T,CHEV,GC1,PK,95,17,,2,1315,1175,GM4,G,,0,0,000000000,00000000000,0,0,0,1,0,0,0,0,0,0,0,998,0,0,0,12,12,6,2,35,0,0,0,1,53,98373,1,1,0,0,2,0,70,150,0,3,0,2,8,2,2009,8,2009,1,0,0,0,0,1,2,45,1,2,2,2,0,0,1,12,1,1,4,6,1,1
53,530035,1,1,1,4,2,23,15,24,0,1,0,53,1,20,461,20461,21,1986,2GCEG25H0G41,2,G,C,E,G,2,5,H,0,G,4,1,0,T,CHEV,G20,VN,86,17,,2,1250,1100,VAN,G,,0,0,000000000,00000000000,0,0,0,1,0,0,0,0,0,0,0,998,0,1,6,12,12,6,2,1,0,0,0,1,53,99150,6,1,0,0,3,0,71,180,0,0,0,1,1,9,2007,9,2007,0,0,0,0,0,1,2,50,1,2,2,2,0,0,1,12,1,1,4,6,1,0
53,530036,1,2,2,20,2,0,26,12,2,1,0,53,2,2,404,2404,14,2000,1J4GW48S4YC2,1,J,4,G,W,4,8,S,4,Y,C,2,0,T,JEEP,LRO,4W,0,17,,1,0,1059,GCK,G,,0,0,000000000,00000000000,0,0,0,1,0,0,0,0,0,0,0,998,0,0,0,12,12,6,2,12,0,0,0,1,48,76310,3,1,0,0,2,0,999,999,0,0,0,0,0,0,0,0,0,0,51,0,0,0,3,4,70,3,5,1,1,0,0,14,54,1,1,1,52,1,1
53,530036,2,2,1,20,2,0,26,12,2,1,0,53,2,12,461,12461,21,2007,3FRLL45Z37V4,3,F,R,L,L,4,5,Z,3,7,V,4,0,T,FORD,450,TB,7,17,,4,0,0,LCF,D,,0,0,000000000,00000000000,0,0,0,1,0,0,0,0,0,0,0,998,0,0,0,12,12,6,2,12,0,0,0,1,53,98087,6,1,0,0,3,0,72,240,0,0,0,0,0,0,0,0,0,0,0,0,0,0,3,4,70,3,5,1,1,0,0,14,62,1,1,1,52,0,0
53,530037,1,1,4,14,2,1,20,24,0,1,0,41,1,54,31,54031,3,1995,JH4DC2399SS0,J,H,4,D,C,2,3,9,9,S,S,0,0,P,ACUR,GSR,2H,95,17,2600,,0,1012,,G,,0,0,000000000,00000000000,0,0,0,1,0,0,0,0,0,0,0,998,0,0,0,82,6,6,2,24,0,0,1,1,53,98635,6,1,0,0,3,0,65,120,0,0,0,0,0,0,0,0,0,1,0,0,0,0,1,2,40,1,2,2,2,0,0,1,13,1,1,4,1,2,0
53,530038,1,1,2,17,1,23,29,30,0,1,0,53,1,14,36,14036,4,1991,3MAPM10J6MR6,3,M,A,P,M,1,0,J,6,M,R,6,0,P,MERC,TRA,4D,91,17,2356,,0,984,,G,,0,0,000000000,00000000000,0,0,0,1,0,0,0,0,0,0,0,998,0,0,0,12,12,6,2,30,0,0,0,1,53,98584,6,1,0,0,3,3,67,200,1,4,0,0,2,11,2007,11,2008,1,91,92,0,0,2,2,60,1,1,2,2,0,0,1,13,1,1,4,1,1,0
53,530039,1,1,1,5,2,18,10,33,0,1,0,53,1,72,706,72706,80,2004,1HD1FRW124Y7,1,H,D,1,F,R,W,1,2,4,Y,7,0,M,HD,FCI,RS,4,17,,,,,,,1450,0,0,000000000,00000000000,0,0,0,1,0,0,0,0,0,0,0,998,0,0,0,99,3,6,2,33,0,0,0,1,53,98682,6,1,0,0,3,3,74,210,1,0,0,0,1,8,2009,8,2009,1,0,0,0,0,3,2,40,1,1,2,1,0,0,1,12,1,1,4,6,1,0
53,530040,1,2,1,15,2,17,33,12,2,1,0,53,1,58,33,58033,4,1992,JNKCP01P9NT3,J,N,K,C,P,0,1,P,9,N,T,3,0,P,INFI,G20,4D,92,17,2745,,0,1004,,G,,0,0,000000000,00000000000,0,0,0,1,0,0,0,0,0,0,0,998,0,0,0,12,12,6,2,12,0,0,0,1,53,98021,6,1,0,0,3,0,69,150,1,0,0,0,1,5,2007,12,2008,0,0,0,0,0,3,2,70,1,1,2,1,0,0,1,10,1,1,2,50,1,0
53,530040,2,2,2,15,2,17,33,12,2,1,0,53,2,55,35,55035,4,2004,KMHDN56D24U1,K,M,H,D,N,5,6,D,2,4,U,1,0,P,HYUN,EST,4H,4,17,2635,,0,1027,,G,,0,0,000000000,00000000000,0,0,0,1,0,0,0,0,0,0,0,998,0,0,0,12,12,6,2,12,0,0,0,1,53,99301,6,1,0,0,3,0,72,185,0,0,0,0,0,0,0,0,0,0,0,0,0,0,3,2,70,1,1,2,1,0,0,1,54,7,1,2,51,0,0
53,530041,1,1,1,16,2,13,57,8,0,1,0,53,3,98,809,98809,63,2008,2FZACGBS98AZ,2,F,Z,A,C,G,B,S,9,8,A,Z,0,T,STRG,ACT,CC,8,17,,7,0,0,STE,D,,0,57,545444,57545444,3,1,7,1,0,0,0,0,0,0,0,998,0,0,0,12,12,2,3,8,0,0,0,1,53,98531,6,1,6,1,3,0,69,145,0,0,0,0,0,0,0,0,0,0,38,0,0,0,2,2,25,1,2,2,1,2,3,11,80,1,1,1,13,0,0
53,530042,1,1,1,17,2,18,50,8,0,1,0,53,1,7,472,7472,30,1994,1B7GL23X2RS5,1,B,7,G,L,2,3,X,2,R,S,5,0,T,DODG,DAK,PC,94,17,,1,0,1309,DAK,G,,0,0,000000000,00000000000,0,0,0,1,0,0,0,0,0,0,0,998,0,0,0,12,12,2,3,8,0,0,0,1,53,98003,6,1,0,0,3,0,66,155,0,0,0,0,1,2,2008,2,2008,0,0,0,0,0,2,2,40,1,1,2,1,0,0,1,80,1,1,1,13,0,1
53,530043,1,1,1,18,2,19,35,8,0,1,0,53,1,49,40,49040,4,2003,JTDBF30K9301,J,T,D,B,F,3,0,K,9,3,0,1,0,P,TOYT,XLL,4D,3,17,3203,,0,1071,,G,,0,0,000000000,00000000000,0,0,0,1,0,0,0,0,0,0,0,998,0,0,0,12,12,2,3,8,0,0,0,1,53,98296,6,1,0,0,3,0,73,201,0,0,0,0,1,1,2009,1,2009,0,0,0,0,0,5,4,30,1,1,2,1,0,0,1,80,1,1,1,13,0,0
53,530044,1,2,1,21,2,18,31,12,1,1,0,53,2,23,881,23881,63,1984,1GDL7D1E8EV1,1,G,D,L,7,D,1,E,8,E,V,1,0,T,GMC,C7D,CC,84,17,,7,2540,1250,C6V,G,,0,99,999999999,99999999999,3,1,97,1,0,0,0,0,0,0,0,998,7,0,0,6,6,6,2,12,0,0,0,1,53,98682,6,1,0,2,2,0,71,210,0,0,0,1,0,2,2008,2,2008,0,92,0,0,0,1,2,50,1,2,2,1,0,0,13,98,1,1,1,92,0,0
53,530044,2,2,1,21,2,18,31,12,1,1,0,53,1,37,32,37032,4,1996,1HGCD5655TA0,1,H,G,C,D,5,6,5,5,T,A,0,0,P,HOND,UER,4D,96,17,2974,,0,1069,,G,,0,0,000000000,00000000000,0,0,0,1,0,0,0,0,0,0,0,998,1,0,0,12,12,6,2,12,0,0,0,1,53,98684,6,1,0,0,3,0,69,180,0,0,0,0,0,0,0,0,0,0,38,0,0,0,1,2,50,1,2,2,1,0,0,1,73,1,1,1,93,1,0
53,530045,1,2,2,26,2,21,35,12,2,1,0,53,1,35,402,35402,14,2000,5N1ED28Y6YC5,5,N,1,E,D,2,8,Y,6,Y,C,5,0,P,NISS,XTR,UT,0,17,3811,,0,1043,,G,,0,0,000000000,00000000000,0,0,0,1,0,0,0,0,0,0,0,998,0,0,0,12,12,6,2,12,0,0,0,1,53,98012,6,1,0,0,3,3,66,127,1,0,0,2,1,3,2007,8,2007,0,51,0,0,0,3,2,35,9,9,2,2,0,0,1,54,1,1,1,50,0,1
53,530045,2,2,4,26,2,21,35,12,2,1,0,53,2,35,32,35032,2,1997,1N4AB42D0VC5,1,N,4,A,B,4,2,D,0,V,C,5,0,P,NISS,2SE,CP,97,17,2252,,0,998,,G,,0,0,000000000,00000000000,0,0,0,1,0,0,0,0,0,0,0,998,0,0,0,12,12,6,2,12,0,0,0,1,53,98404,6,1,0,0,3,0,65,160,0,0,0,0,0,0,0,0,0,0,0,0,0,0,3,2,35,9,9,2,2,0,0,1,54,1,1,1,51,2,0
53,530046,1,1,1,23,2,22,29,52,0,1,0,53,1,20,22,20022,2,2006,1G1AP14P4677,1,G,1,A,P,1,4,P,4,6,7,7,0,P,CHEV,SSC,CP,6,17,2991,,0,1033,,G,,0,0,000000000,00000000000,0,0,0,1,0,0,0,0,0,0,0,998,0,0,0,9,9,6,2,52,0,0,0,1,53,98579,6,1,0,0,3,0,63,130,0,0,0,0,0,0,0,0,0,1,0,0,0,0,1,2,50,3,1,2,2,0,0,14,6,1,4,4,2,1,0
53,530047,1,1,1,25,2,99,99,59,0,1,0,53,1,63,31,63031,4,1999,KNAFB1212X57,K,N,A,F,B,1,2,1,2,X,5,7,0,P,KIA,SPL,4D,99,17,2478,,0,1008,,G,,0,0,000000000,00000000000,0,0,0,1,0,0,0,0,0,0,0,998,0,1,6,12,12,6,2,3,0,0,0,1,53,98409,0,0,0,0,0,0,69,160,0,0,0,0,0,0,0,0,0,1,0,0,0,0,6,1,60,2,2,1,99,0,0,14,10,1,1,4,6,1,1
53,530048,1,1,2,28,2,19,33,42,0,1,0,53,1,12,13,12013,2,2000,3FAKP1131YR1,3,F,A,K,P,1,1,3,1,Y,R,1,0,P,FORD,ZX2,CP,0,17,2478,,0,984,,G,,0,0,000000000,00000000000,0,0,0,1,0,0,0,0,0,0,0,998,0,0,0,12,12,6,2,42,0,0,0,1,53,98335,1,1,0,0,2,0,64,130,0,6,0,1,3,6,2007,2,2009,0,0,0,0,0,1,2,45,1,1,2,1,0,0,1,13,3,1,4,1,1,0
53,530050,1,1,1,23,1,21,15,42,0,1,0,53,2,54,34,54034,4,1992,JH4CC2552NC0,J,H,4,C,C,2,5,5,2,N,C,0,0,P,ACUR,VGS,4D,92,17,3160,,0,1104,,G,,0,0,000000000,00000000000,0,0,0,1,0,0,0,0,0,0,0,998,0,0,0,6,6,6,2,42,0,0,0,1,53,99205,0,0,0,0,0,0,73,185,0,0,0,0,2,12,2007,12,2007,1,0,0,0,0,1,2,50,3,6,2,1,0,0,14,6,3,4,4,2,1,0
53,530051,1,2,1,1,3,15,47,12,6,1,0,53,1,49,40,49040,4,1999,4T1BG22K3XU5,4,T,1,B,G,2,2,K,3,X,U,5,0,P,TOYT,UEX,4D,99,17,2998,,0,1051,,G,,0,0,000000000,00000000000,0,0,0,1,0,0,0,0,0,0,0,998,0,0,0,9,9,6,2,12,0,0,0,1,53,98233,6,1,0,0,3,0,70,170,0,0,0,0,0,0,0,0,0,0,38,0,0,0,1,2,25,1,1,2,1,20,3,1,17,1,1,1,89,1,0
53,530051,2,2,1,1,3,15,47,12,6,1,0,53,1,20,431,20431,16,1997,1GNFK16R9VJ3,1,G,N,F,K,1,6,R,9,V,J,3,0,P,CHEV,K15,UT,97,17,0,,0,1315,,G,,0,0,000000000,00000000000,0,0,0,1,0,0,0,0,0,0,0,998,0,0,0,12,12,6,2,12,0,0,0,1,53,98233,6,1,0,0,3,0,74,210,0,0,0,1,1,6,2008,1,2010,0,0,0,0,0,1,2,25,1,1,2,1,0,0,1,66,4,1,1,88,0,0
53,530052,1,1,1,1,3,18,42,9,0,1,1,53,1,7,482,7482,31,2002,1D7HU18N62J1,1,D,7,H,U,1,8,N,6,2,J,1,0,T,DODG,Q15,CW,2,17,,2,1605,1405,RPC,G,,0,0,000000000,00000000000,0,0,0,1,0,0,0,0,0,0,0,998,0,0,0,12,12,2,3,9,0,0,0,1,53,99216,6,1,0,0,3,0,73,190,0,0,0,0,0,0,0,0,0,0,38,0,0,0,4,3,30,1,1,2,1,3,3,11,83,1,1,1,13,0,1
53,530053,1,1,1,1,3,23,6,30,0,1,0,53,2,14,17,14017,4,2002,1MEFM50U02G6,1,M,E,F,M,5,0,U,0,2,G,6,0,P,MERC,SGP,4D,2,17,3379,,0,1085,,G,,0,0,000000000,00000000000,0,0,0,1,0,0,0,0,0,0,0,998,0,0,0,12,12,6,2,2,0,0,1,1,53,98337,6,1,0,0,3,0,72,150,0,0,0,1,0,10,2008,10,2008,0,0,0,0,0,1,2,50,3,1,2,1,0,0,14,13,1,1,4,1,1,0
53,530054,1,1,1,1,3,19,30,8,0,1,0,53,1,7,482,7482,31,1999,1B7HF13Z6XJ5,1,B,7,H,F,1,3,Z,6,X,J,5,0,T,DODG,Q15,4C,99,17,,2,1547,1387,RPC,G,,0,0,000000000,00000000000,0,0,0,1,0,0,0,0,0,0,0,998,0,0,0,12,12,2,3,8,0,0,0,1,53,98408,6,1,0,0,3,3,70,200,0,0,0,0,1,12,2007,12,2007,0,38,0,0,0,5,4,35,1,1,2,1,0,0,1,80,1,1,1,13,0,0
53,530055,1,3,1,1,3,14,38,12,1,1,0,53,1,7,442,7442,20,1999,2B4FP25B9XR1,2,B,4,F,P,2,5,B,9,X,R,1,0,P,DODG,CAR,SV,99,17,3415,,0,1133,,G,,0,0,000000000,00000000000,0,0,0,1,0,0,0,0,0,0,0,998,0,0,0,12,12,6,2,12,0,0,0,1,53,98339,6,1,0,0,3,0,64,150,0,2,0,0,3,8,2007,9,2008,1,26,0,0,0,1,3,55,1,1,2,1,0,0,1,50,7,1,2,20,0,0
53,530055,2,3,1,1,3,14,38,12,1,1,0,53,1,24,1,24001,4,2002,1G8ZH52882Z3,1,G,8,Z,H,5,2,8,8,2,Z,3,0,P,STRN,SL1,4D,2,17,2377,,0,1024,,G,,0,0,000000000,00000000000,0,0,0,1,0,0,0,0,0,0,0,0,0,0,0,6,6,6,2,12,0,0,0,1,53,98382,6,1,0,0,3,3,60,185,0,0,0,0,0,0,0,0,0,0,0,0,0,0,1,3,55,1,1,2,1,0,0,5,15,1,1,2,21,1,0