STATE,ST_CASE,VEH_NO,VE_FORMS,NUMOCCS,DAY,MONTH,HOUR,MINUTE,HARM_EV,MAN_COLL,UNITTYPE,HIT_RUN,REG_STAT,OWNER,MAKE,MODEL,MAK_MOD,BODY_TYP,MOD_YEAR,VIN,VIN_1,VIN_2,VIN_3,VIN_4,VIN_5,VIN_6,VIN_7,VIN_8,VIN_9,VIN_10,VIN_11,VIN_12,TOW_VEH,VINTYPE,VINMAKE,VINA_MOD,VIN_BT,VINMODYR,VIN_LNGT,VIN_WGT,WGTCD_TR,WHLBS_LG,WHLBS_SH,SER_TR,FUELCODE,MCYCL_DS,J_KNIFE,MCARR_I1,MCARR_I2,MCARR_ID,GVWR,V_CONFIG,CARGO_BT,HAZ_INV,HAZ_PLAC,HAZ_ID,HAZ_CNO,HAZ_REL,BUS_USE,SPEC_USE,EMER_USE,TRAV_SP,UNDERIDE,ROLLOVER,ROLINLOC,IMPACT1,IMPACT2,DEFORMED,TOWED,M_HARM,VEH_SC1,VEH_SC2,FIRE_EXP,DR_PRES,L_STATE,DR_ZIP,L_STATUS,L_TYPE,CDL_STAT,L_ENDORS,L_COMPL,L_RESTRI,DR_HGT,DR_WGT,PREV_ACC,PREV_SUS,PREV_DWI,PREV_SPD,PREV_OTH,FIRST_MO,FIRST_YR,LAST_MO,LAST_YR,SPEEDREL,DR_SF1,DR_SF2,DR_SF3,DR_SF4,VTRAFWAY,VNUM_LAN,VSPD_LIM,VALIGN,VPROFILE,VPAVETYP,VSURCOND,VTRAFCON,VTCONT_F,P_CRASH1,P_CRASH2,P_CRASH3,PCRASH4,PCRASH5,ACC_TYPE,DEATHS,DR_DRINK
53,530055,3,3,2,1,3,14,38,12,1,1,0,53,1,12,481,12481,31,1999,1FTNX20F2XEA,1,F,T,N,X,2,0,F,2,X,E,A,0,T,FORD,F2S,4C,99,17,,2,1580,1418,SRW,D,,0,0,000000000,00000000000,0,0,0,1,0,0,0,0,0,0,0,998,0,0,0,12,12,6,2,12,0,0,0,1,53,98365,6,1,0,0,3,0,74,210,0,0,0,1,0,3,2007,3,2007,0,0,0,0,0,1,3,55,1,1,2,1,0,0,1,62,1,1,1,98,0,0
53,530056,1,2,3,7,3,16,0,12,6,1,0,53,1,49,32,49032,6,1982,JT2TE72W3C51,J,T,2,T,E,7,2,W,3,C,5,1,0,P,TOYT,CDX,SW,82,17,2266,,0,945,,G,,0,0,000000000,00000000000,0,0,0,1,0,0,0,0,0,0,0,998,0,0,0,3,3,6,2,12,0,0,0,1,53,99141,6,1,0,0,3,0,67,165,1,0,0,1,0,4,2008,3,2009,0,39,0,0,0,1,2,35,1,1,2,1,20,3,11,15,1,1,1,68,1,1
53,530056,2,2,1,7,3,16,0,12,6,1,0,53,1,20,481,20481,31,1994,1GCHK34N6RE2,1,G,C,H,K,3,4,N,6,R,E,2,0,T,CHEV,GK3,PK,94,17,,2,0,1315,GM4,G,,0,0,000000000,00000000000,0,0,0,1,0,0,0,0,0,0,0,998,0,0,0,12,12,6,2,12,0,0,0,1,53,99141,6,1,6,0,3,0,69,222,0,1,0,0,1,6,2009,10,2009,0,0,0,0,0,1,2,55,1,1,2,1,0,0,1,65,1,1,1,69,0,0
53,530057,1,1,1,9,3,21,26,30,0,1,0,53,1,24,2,24002,2,1997,1G8ZG1274VZ2,1,G,8,Z,G,1,2,7,4,V,Z,2,0,P,STRN,SC2,CP,97,17,2329,,0,1024,,G,,0,0,000000000,00000000000,0,0,0,1,0,0,0,0,0,0,0,998,0,0,0,12,12,6,2,30,0,0,0,1,53,98106,1,1,0,0,2,3,70,160,0,3,0,1,1,4,2007,1,2009,0,51,0,0,0,1,2,98,1,2,1,1,0,0,1,8,7,9,4,2,1,1
53,530058,1,1,1,22,2,6,57,34,0,1,0,53,1,63,33,63033,4,2001,KNAFB161X152,K,N,A,F,B,1,6,1,X,1,5,2,0,P,KIA,SSX,4H,1,17,2560,,0,1008,,G,,0,0,000000000,00000000000,0,0,0,1,0,0,0,0,0,0,0,998,0,0,0,12,12,6,2,42,0,0,0,1,53,98065,6,1,0,0,3,0,75,200,0,0,0,0,0,0,0,0,0,0,0,0,0,0,3,3,70,3,1,1,1,0,0,14,13,1,1,4,1,1,0
53,530059,1,1,1,10,3,21,23,42,0,1,0,53,2,13,2,13002,2,1993,1LNLM91V9PY6,1,L,N,L,M,9,1,V,9,P,Y,6,0,P,LINC,MK8,CP,93,17,0,,0,1130,,G,,0,0,000000000,00000000000,0,0,0,1,0,0,0,0,0,0,0,998,0,0,0,6,6,6,2,42,0,0,0,1,53,98902,6,1,0,0,3,0,71,243,0,0,0,0,1,3,2008,3,2008,1,33,0,0,0,2,2,60,3,2,2,1,0,0,6,9,99,4,4,2,1,0
53,530060,1,1,5,14,3,22,55,1,0,1,0,53,1,9,442,9442,20,1996,2P4GP44R0TR6,2,P,4,G,P,4,4,R,0,T,R,6,0,P,PLYM,VOF,SV,96,17,3663,,0,1193,,G,,0,0,000000000,00000000000,0,0,0,1,0,0,0,0,0,0,0,998,0,2,5,0,0,6,2,1,0,0,0,1,53,98951,6,1,0,0,3,3,62,155,1,0,0,0,1,5,2007,5,2009,0,58,0,0,0,2,2,55,3,1,2,1,0,0,14,13,6,1,4,1,1,0
53,530061,1,1,1,14,3,17,19,25,0,1,0,53,2,53,706,53706,80,2005,JS1VY52A3521,J,S,1,V,Y,5,2,A,3,5,2,1,0,M,SUZI,C90,RS,5,17,,,,,,,1462,0,0,000000000,00000000000,0,0,0,1,0,0,0,0,0,0,0,998,0,0,0,1,1,6,2,25,0,0,0,1,53,98349,1,1,8,0,2,0,73,230,0,3,0,1,3,10,2007,7,2008,0,0,0,0,0,3,2,60,1,1,2,1,0,0,1,13,1,1,4,1,1,1
53,530062,1,1,1,8,2,9,17,21,0,1,0,53,1,49,481,49481,31,1996,JT4TN12D9T00,J,T,4,T,N,1,2,D,9,T,0,0,0,T,TOYT,TXC,PC,96,17,,1,0,1218,T10,G,,0,0,000000000,00000000000,0,0,0,1,0,0,0,0,0,0,0,998,0,0,0,12,12,6,2,21,0,0,0,1,53,98001,6,1,3,0,3,3,68,180,0,0,0,0,0,0,0,0,0,0,0,0,0,0,2,3,60,1,1,2,1,0,0,1,12,1,1,4,6,1,0
53,530063,1,2,2,13,3,3,33,12,6,1,0,53,1,59,34,59034,4,2000,JT8BD68S3Y01,J,T,8,B,D,6,8,S,3,Y,0,1,0,P,LEXS,GS3,4D,0,17,3638,,0,1102,,G,,0,0,000000000,00000000000,0,0,0,1,0,0,0,0,0,0,0,998,0,0,0,9,9,6,2,12,0,0,0,1,53,98178,6,1,0,0,3,0,71,200,1,0,0,1,0,5,2007,10,2009,1,0,0,0,0,1,4,30,2,1,2,2,0,0,14,6,99,3,2,64,1,1
53,530063,2,2,1,13,3,3,33,12,6,1,0,53,1,18,20,18020,4,1992,2G4WD54L8N14,2,G,4,W,D,5,4,L,8,N,1,4,0,P,BUIC,RGL,4D,92,17,3237,,0,1075,,G,,0,0,000000000,00000000000,0,0,0,1,0,0,0,0,0,0,0,998,0,0,0,12,12,6,2,12,0,0,0,1,53,98118,6,1,0,0,3,0,63,150,1,0,0,0,4,7,2009,11,2009,0,0,0,0,0,1,4,30,3,1,2,2,0,0,14,62,1,1,1,65,0,0
53,530064,1,1,4,15,3,1,52,30,0,1,0,53,2,54,31,54031,4,1991,JH4DB1544MS0,J,H,4,D,B,1,5,4,4,M,S,0,0,P,ACUR,IRS,4D,91,17,2491,,0,1024,,G,,0,0,000000000,00000000000,0,0,0,1,0,0,0,0,0,0,0,998,0,0,0,6,6,6,2,30,0,0,0,1,53,98626,1,1,0,0,2,0,72,220,0,7,0,1,5,5,2007,7,2009,1,92,0,0,0,1,2,55,2,1,2,1,0,0,14,6,99,3,4,2,1,1
53,530065,1,1,1,18,3,15,58,8,0,1,0,53,1,20,471,20471,30,2002,1GCCS1953281,1,G,C,C,S,1,9,5,3,2,8,1,0,T,CHEV,S14,3C,2,17,,1,0,1229,S,F,,0,0,000000000,00000000000,0,0,0,1,0,0,0,0,0,0,0,998,0,0,0,12,12,6,2,8,0,0,0,1,53,98058,6,1,0,0,3,0,76,212,1,0,0,0,0,3,2008,3,2008,0,0,0,0,0,1,4,25,1,2,2,1,2,3,1,80,1,1,1,13,0,0
53,530066,1,1,1,19,3,18,0,42,0,1,0,53,2,49,40,49040,4,2003,JTDBE32K3301,J,T,D,B,E,3,2,K,3,3,0,1,0,P,TOYT,XLL,4D,3,17,2993,,0,1071,,G,,0,0,000000000,00000000000,0,0,0,1,0,0,0,0,0,0,0,78,0,0,0,12,12,6,2,42,0,0,0,1,53,98632,1,1,0,0,2,0,67,160,0,3,1,0,1,3,2008,7,2009,1,0,0,0,0,1,2,35,3,2,2,1,0,0,14,6,3,2,4,7,1,1
53,530067,1,2,2,20,3,13,13,12,6,1,0,53,2,49,482,49482,31,2005,5TBJT32155S4,5,T,B,J,T,3,2,1,5,5,S,4,0,T,TOYT,TUN,PK,5,17,,1,0,1283,TUN,G,,0,0,000000000,00000000000,0,0,0,1,0,0,0,0,0,0,0,998,0,0,0,3,3,6,2,12,0,0,0,1,53,98029,6,1,0,0,3,0,71,155,0,0,0,0,0,0,0,0,0,0,38,0,0,0,1,2,35,3,2,2,1,0,0,11,15,1,1,1,68,0,0
53,530067,2,2,1,20,3,13,13,12,6,1,0,53,1,50,706,50706,80,1996,SMT399DJ9TJ0,S,M,T,3,9,9,D,J,9,T,J,0,0,M,TRIU,ADV,RS,96,17,,,,,,,885,0,0,000000000,00000000000,0,0,0,1,0,0,0,0,0,0,0,998,0,0,0,12,12,6,2,12,0,0,0,1,53,98027,6,1,0,0,3,0,73,195,0,0,0,0,0,0,0,0,0,0,0,0,0,0,1,2,35,2,2,2,1,0,0,14,62,3,1,1,69,1,0
53,530068,1,2,1,21,3,1,57,12,2,1,0,53,2,7,402,7402,14,1999,1B4HS28Y5XF5,1,B,4,H,S,2,8,Y,5,X,F,5,0,P,DODG,DUR,UT,99,17,4397,,0,1159,,G,,0,0,000000000,00000000000,0,0,0,1,0,0,0,0,0,0,0,998,0,0,0,12,12,6,2,12,0,0,0,1,53,98106,0,0,0,0,0,0,64,220,0,0,0,0,0,0,0,0,0,1,0,0,0,0,5,4,30,2,2,2,1,0,0,14,10,1,1,2,50,1,1
53,530068,2,2,2,21,3,1,57,12,2,1,0,53,2,12,481,12481,31,1995,1FTEX14H1SKC,1,F,T,E,X,1,4,H,1,S,K,C,0,T,FORD,F15,PS,95,17,,2,1550,1390,COF,G,,0,0,000000000,00000000000,0,0,0,1,0,0,0,0,0,0,0,998,0,0,0,12,12,6,2,12,0,0,0,1,53,98118,1,1,0,0,2,0,70,200,1,4,0,0,3,6,2007,1,2009,0,92,0,0,0,5,4,30,3,2,2,1,0,0,14,62,1,1,1,51,0,1
53,530069,1,1,2,22,3,2,19,14,0,1,0,53,1,41,471,41471,30,1989,JM2UF313XK07,J,M,2,U,F,3,1,3,X,K,0,7,0,T,MAZD,CPL,PC,89,17,,1,0,1175,B22,G,,0,0,000000000,00000000000,0,0,0,1,0,0,0,0,0,0,0,998,0,0,0,12,12,6,2,14,0,0,0,1,53,98201,6,1,0,0,3,0,60,188,0,0,0,1,1,12,2008,12,2008,0,0,0,0,0,3,5,60,1,1,2,2,0,0,1,11,1,1,4,11,1,1
53,530070,1,1,1,23,3,4,28,14,0,1,0,53,3,12,16,12016,4,1998,2FAFP71W1WX1,2,F,A,F,P,7,1,W,1,W,X,1,0,P,FORD,CVP,4D,98,17,0,8,0,1144,PRO,G,,0,0,000000000,00000000000,0,0,0,1,0,0,0,0,0,0,0,998,4,0,0,12,12,6,2,14,0,0,0,1,53,98312,6,1,0,0,3,3,67,170,0,0,0,0,0,0,0,0,0,0,0,0,0,0,3,2,60,1,1,2,1,0,0,1,11,1,1,4,11,1,0
53,530071,1,2,1,28,3,2,4,12,2,1,0,53,1,37,31,37031,3,1995,2HGEH2369SH5,2,H,G,E,H,2,3,6,9,S,H,5,0,P,HOND,CID,2H,95,17,2115,,0,1013,,G,,0,0,000000000,00000000000,0,0,0,1,0,0,0,0,0,0,0,998,1,0,0,12,12,6,2,12,0,0,0,1,53,98360,6,1,0,0,3,0,68,150,1,0,0,0,0,7,2007,7,2007,0,51,0,0,0,3,3,60,1,1,2,1,0,0,1,54,1,1,1,50,1,1
53,530071,2,2,1,28,3,2,4,12,2,1,0,53,3,87,881,87881,66,2006,1NPFLBEX96D8,1,N,P,F,L,B,E,X,9,6,D,8,2,T,PTRB,378,TM,6,17,,8,0,0,CON,D,,1,57,200552,57200552,3,7,3,1,0,0,0,0,0,0,0,998,7,0,0,12,12,6,2,12,0,0,0,1,53,98580,6,1,6,3,3,3,76,220,0,0,0,0,3,9,2007,3,2010,0,0,0,0,0,3,3,60,1,1,2,1,0,0,1,54,1,1,1,51,0,0
53,530072,1,1,1,26,3,22,41,1,0,1,0,53,1,2,403,2403,14,2001,1J4FA29PX1P3,1,J,4,F,A,2,9,P,X,1,P,3,0,T,JEEP,SEW,2W,1,17,,1,0,934,W/T,G,,0,0,000000000,00000000000,0,0,0,1,0,0,0,0,0,0,0,998,0,1,6,0,0,6,2,1,0,0,0,1,53,98952,1,1,8,0,2,0,68,170,0,1,1,0,1,6,2007,9,2007,0,0,0,0,0,4,1,50,1,1,2,1,0,0,1,13,6,1,4,1,1,1
53,530073,1,1,1,28,3,3,17,1,0,1,0,53,1,49,472,49472,30,2000,4TAWN72N3YZ6,4,T,A,W,N,7,2,N,3,Y,Z,6,0,T,TOYT,XTR,PC,0,17,,1,0,1219,TAC,G,,0,0,000000000,00000000000,0,0,0,1,0,0,0,0,0,0,0,998,0,2,6,0,0,6,2,1,0,0,0,1,53,98607,6,1,0,0,3,3,70,155,0,1,0,2,4,7,2007,9,2009,0,0,0,0,0,9,9,50,1,2,4,8,0,0,1,5,1,1,1,98,1,1
53,530074,1,1,3,28,3,17,0,42,0,1,0,53,1,12,481,12481,31,1996,1FTHX26F3TEA,1,F,T,H,X,2,6,F,3,T,E,A,0,T,FORD,F25,PS,96,17,,2,1550,1390,COF,D,,0,0,000000000,00000000000,0,0,0,1,0,0,0,0,0,0,0,998,0,0,0,12,12,6,2,42,0,0,0,1,53,98382,6,2,0,0,3,0,74,265,0,0,0,0,0,0,0,0,0,1,83,0,0,0,4,1,25,2,2,5,2,0,0,14,87,7,1,4,3,1,0
53,530075,1,1,2,29,3,19,55,8,0,1,0,53,1,20,22,20022,4,2005,1G1AK52F5576,1,G,1,A,K,5,2,F,5,5,7,6,0,P,CHEV,CBT,4D,5,17,3216,,0,1033,,G,,0,0,000000000,00000000000,0,0,0,1,0,0,0,0,0,0,0,998,0,0,0,12,12,2,1,8,0,0,0,1,53,98312,6,1,0,0,3,3,77,240,0,0,0,0,0,0,0,0,0,0,0,0,0,0,8,4,30,1,1,2,2,0,0,1,80,1,1,1,13,0,0
53,530076,1,1,1,29,3,2,10,1,0,1,0,16,2,37,32,37032,4,2000,JHMCG5661YC0,J,H,M,C,G,5,6,6,1,Y,C,0,0,P,HOND,UEX,4D,0,17,3086,,0,1069,,G,,0,0,000000000,00000000000,0,0,0,1,0,0,0,0,0,0,0,998,0,1,2,0,0,6,2,1,0,0,0,1,16,83876,6,1,0,0,3,0,67,160,0,2,1,0,0,2,2009,5,2009,0,0,0,0,0,2,2,50,3,2,2,1,0,0,14,11,6,1,4,1,1,1
53,530077,1,1,4,4,4,4,38,31,0,1,0,53,1,22,9,22009,2,1986,1G2FW87H2GL2,1,G,2,F,W,8,7,H,2,G,L,2,0,P,PONT,FAM,2H,86,17,3130,,0,1010,,G,,0,0,000000000,00000000000,0,0,0,1,0,0,0,0,0,0,0,998,0,0,0,12,12,6,2,31,0,0,0,1,53,98117,6,1,0,0,3,0,68,160,0,0,0,0,4,7,2007,3,2010,1,0,0,0,0,1,2,30,3,1,1,1,0,0,14,13,1,1,4,1,3,1
53,530078,1,1,1,13,3,14,5,25,0,1,0,53,1,73,705,73705,80,2007,JKAZX4P127A0,J,K,A,Z,X,4,P,1,2,7,A,0,0,M,KAWK,ZXP,RS,7,17,,,,,,,599,0,0,000000000,00000000000,0,0,0,1,0,0,0,0,0,0,0,998,0,0,0,12,12,6,2,25,0,0,0,1,53,98662,6,1,0,0,3,3,70,175,0,0,0,0,0,0,0,0,0,1,0,0,0,0,1,2,25,1,1,2,1,0,0,1,6,3,2,4,14,1,0
53,530079,1,1,1,14,3,21,57,42,0,1,0,53,1,7,482,7482,31,2008,3D7MX48A28G1,3,D,7,M,X,4,8,A,2,8,G,1,0,T,DODG,SQ3,CW,8,17,,3,0,1600,RPC,D,,0,0,000000000,00000000000,0,0,0,1,0,0,0,0,0,0,0,998,0,0,0,12,12,6,2,42,0,0,0,1,53,98248,6,1,0,0,3,0,76,200,1,1,0,0,2,12,2007,1,2008,0,0,0,0,0,1,2,45,1,1,2,2,0,0,1,12,1,1,4,6,1,1
53,530080,1,3,1,5,4,14,35,12,6,1,0,53,3,87,881,87881,66,1990,1XPCDB0XXLD2,1,X,P,C,D,B,0,X,X,L,D,2,1,T,PTRB,377,DS,90,17,,8,0,0,CON,D,,2,57,913704,57913704,3,6,10,1,0,0,0,0,0,0,0,998,0,0,0,5,5,2,1,12,0,0,0,1,53,98564,6,1,6,1,3,0,68,220,0,0,0,0,1,4,2007,4,2007,9,91,0,0,0,1,2,55,2,1,2,2,0,0,14,50,3,4,2,64,0,0
53,530080,2,3,2,5,4,14,35,12,6,1,0,53,1,35,43,35043,4,1994,JN1EB31P2RU3,J,N,1,E,B,3,1,P,2,R,U,3,0,P,NISS,SEL,4D,94,17,2346,,0,957,,G,,0,0,000000000,00000000000,0,0,0,1,0,0,0,0,0,0,0,998,0,0,0,12,12,6,2,12,0,0,0,1,53,98550,6,1,0,0,3,3,69,195,0,0,0,0,0,0,0,0,0,0,0,0,0,0,1,2,55,3,1,2,2,0,0,14,62,1,1,1,65,1,0
53,530080,3,3,1,5,4,14,35,12,6,1,0,53,1,12,481,12481,31,1994,2FTJW35G6RCA,2,F,T,J,W,3,5,G,6,R,C,A,0,T,FORD,F35,CW,94,17,,2,0,1680,COF,G,,0,0,000000000,00000000000,0,0,0,1,0,0,0,0,0,0,0,998,0,0,0,62,62,2,1,12,0,0,0,1,53,98572,6,1,0,0,3,0,72,175,0,0,0,0,0,0,0,0,0,0,0,0,0,0,1,2,55,3,1,2,2,0,0,14,98,99,1,1,98,0,0
53,530081,1,2,1,6,4,13,45,12,6,1,0,53,2,22,16,22016,4,2000,1G2JB524XY74,1,G,2,J,B,5,2,4,X,Y,7,4,0,P,PONT,SFS,4D,0,17,2644,,0,1041,,G,,0,0,000000000,00000000000,0,0,0,1,0,0,0,0,0,0,0,998,0,0,0,3,3,6,2,12,0,0,0,1,53,99006,6,1,0,0,3,0,66,190,0,0,0,1,0,9,2008,9,2008,1,87,0,0,0,2,3,60,1,1,2,10,0,0,1,5,99,4,2,64,1,0
53,530081,2,2,3,6,4,13,45,12,6,1,0,53,2,49,442,49442,20,2006,5TDZA22C56S4,5,T,D,Z,A,2,2,C,5,6,S,4,0,P,TOYT,SIE,SV,6,17,4165,,0,1193,,G,,0,0,000000000,00000000000,0,0,0,1,0,0,0,0,0,0,0,998,0,0,0,12,12,6,2,12,0,0,0,1,53,99101,6,1,0,0,3,0,76,200,0,0,0,0,0,0,0,0,0,0,0,0,0,0,1,3,60,1,1,2,10,0,0,1,62,1,1,1,65,0,0
53,530082,1,2,1,19,3,8,55,12,6,1,0,53,1,73,705,73705,80,2007,JKAEXEA117A0,J,K,A,E,X,E,A,1,1,7,A,0,0,M,KAWK,EX6,RS,7,17,,,,,,,649,0,0,000000000,00000000000,0,0,0,1,0,0,0,0,0,0,0,998,0,0,0,12,12,2,3,12,0,0,0,1,53,98040,6,1,0,0,3,0,72,220,0,0,0,1,0,4,2007,4,2007,0,38,0,0,0,1,4,40,1,2,2,1,3,3,11,8,1,4,2,68,1,0
53,530082,2,2,1,19,3,8,55,12,6,1,0,53,2,2,405,2405,14,2004,1J4GL48K74W1,1,J,4,G,L,4,8,K,7,4,W,1,0,T,JEEP,SPR,4W,4,17,,1,0,1043,LIB,G,,0,0,000000000,00000000000,0,0,0,1,0,0,0,0,0,0,0,998,0,0,0,9,9,6,2,12,0,0,0,1,53,98077,6,2,0,0,3,0,76,165,0,0,0,0,0,0,0,0,0,0,0,0,0,0,1,4,40,1,2,2,1,0,0,1,62,1,1,1,69,0,0
53,530083,1,2,2,8,4,20,5,12,6,1,0,53,1,20,4,20004,2,2009,1G1YY25W4951,1,G,1,Y,Y,2,5,W,4,9,5,1,0,P,CHEV,CVT,CP,9,17,3217,,0,1057,,G,,0,0,000000000,00000000000,0,0,0,1,0,0,0,0,0,0,0,998,0,0,0,12,12,6,2,12,0,0,1,1,53,98908,6,1,0,0,3,0,62,150,0,0,0,0,0,0,0,0,0,1,0,0,0,0,2,4,60,1,1,2,1,0,0,1,66,1,1,1,88,1,1
53,530083,2,2,1,8,4,20,5,12,6,1,0,53,1,20,481,20481,31,2010,3GCRKSE34AG1,3,G,C,R,K,S,E,3,4,A,G,1,0,T,CHEV,2SK,CW,10,17,,2,0,1435,SIL,F,,0,0,000000000,00000000000,0,0,0,1,0,0,0,0,0,0,0,998,0,0,0,8,8,6,2,12,0,0,0,1,53,98937,6,1,6,0,3,0,77,250,0,0,0,0,0,0,0,0,0,0,0,0,0,0,1,2,50,1,1,2,1,20,3,1,17,1,1,1,89,0,0
53,530084,1,1,1,10,4,13,42,24,0,1,0,53,1,72,706,72706,80,2007,1HD1GV4127K3,1,H,D,1,G,V,4,1,2,7,K,3,0,M,HD,FDC,RS,7,17,,,,,,,1584,0,0,000000000,00000000000,0,0,0,1,0,0,0,0,0,0,0,998,0,0,0,12,12,6,2,24,0,0,0,1,53,98223,6,1,6,0,3,3,72,250,0,0,0,0,2,4,2008,7,2009,0,0,0,0,0,1,2,35,3,2,2,1,0,0,14,13,1,1,4,1,1,0
53,530085,1,1,2,12,4,0,12,20,0,1,0,53,1,37,32,37032,2,2005,1HGCM824X580,1,H,G,C,M,8,2,4,X,5,8,0,0,P,HOND,USE,CP,5,17,3285,,0,1051,,G,,0,0,000000000,00000000000,0,0,0,1,0,0,0,0,0,0,0,998,0,0,0,12,12,6,2,20,0,0,0,1,53,98597,6,1,0,0,3,0,74,270,1,0,0,2,0,8,2009,1,2010,1,0,0,0,0,6,1,60,1,1,2,1,98,3,1,90,1,1,1,12,1,1
53,530087,1,1,2,4,4,15,13,1,0,1,0,53,3,98,739,98739,90,2009,4XAHH50A4927,4,X,A,H,H,5,0,A,4,9,2,7,0,M,POL,R4I,AT,9,17,,,,,,,498,0,0,000000000,00000000000,0,0,0,1,0,0,0,0,0,0,0,998,0,1,1,0,3,6,2,1,0,0,0,1,53,98857,0,0,0,0,0,0,999,999,0,0,0,0,0,0,0,0,0,0,58,0,0,0,1,2,50,1,1,4,1,0,0,1,8,6,9,4,2,1,0
53,530088,1,1,1,15,4,10,3,34,0,1,0,53,1,12,17,12017,4,1989,1FABP52U6KG2,1,F,A,B,P,5,2,U,6,K,G,2,0,P,FORD,TAG,4D,89,17,2927,,0,1060,,G,,0,0,000000000,00000000000,0,0,0,1,0,0,0,0,0,0,0,998,0,1,6,12,12,6,2,1,0,0,0,1,53,98357,6,1,0,0,3,0,68,260,0,0,0,0,0,0,0,0,0,0,0,0,0,0,1,2,40,1,4,2,1,0,0,1,12,1,1,4,6,1,0
53,530089,1,1,3,16,4,12,9,1,0,1,0,53,2,20,431,20431,16,1986,1G8EC16H7GF1,1,G,8,E,C,1,6,H,7,G,F,1,0,P,CHEV,C10,UT,86,17,4092,,0,1295,,G,,0,0,000000000,00000000000,0,0,0,1,0,0,0,0,0,0,0,998,0,1,6,0,3,6,2,1,0,0,0,1,53,98903,1,1,0,0,2,0,66,151,0,2,0,0,5,10,2007,9,2009,0,58,0,0,0,3,1,55,1,1,2,1,0,0,1,13,6,1,4,1,3,1
53,530090,1,1,1,19,4,21,15,8,0,1,0,53,1,12,481,12481,31,1986,1FTHX261XGKA,1,F,T,H,X,2,6,1,X,G,K,A,0,T,FORD,F25,PS,86,17,,2,0,1550,COF,D,,0,0,000000000,00000000000,0,0,0,1,0,0,0,0,0,0,0,998,0,0,0,12,12,2,1,8,0,0,0,1,53,98248,6,1,0,0,3,3,71,186,0,0,0,0,0,0,0,0,0,0,0,0,0,0,1,2,35,1,1,2,1,0,0,1,80,1,1,1,13,0,0
53,530091,1,2,1,18,4,9,44,12,6,1,0,53,1,20,16,20016,2,2001,1G1JC1245173,1,G,1,J,C,1,2,4,5,1,7,3,0,P,CHEV,CAV,CP,1,17,2617,,0,1041,,G,,0,0,000000000,00000000000,0,0,0,1,0,0,0,0,0,0,0,998,0,0,0,11,11,6,2,12,0,0,0,1,53,98382,6,1,0,0,3,3,69,160,0,0,0,0,0,0,0,0,0,0,38,0,0,0,1,2,55,4,2,2,1,0,0,11,17,1,1,1,82,1,0
53,530091,2,2,1,18,4,9,44,12,6,1,0,53,1,23,471,23471,30,1991,1GTDT19Z1M85,1,G,T,D,T,1,9,Z,1,M,8,5,0,T,GMC,SON,PC,91,17,,1,0,1229,SON,G,,0,0,000000000,00000000000,0,0,0,1,0,0,0,0,0,0,0,998,0,0,0,12,12,6,2,12,0,0,0,1,53,98363,6,1,0,0,3,0,69,218,0,0,0,0,0,0,0,0,0,0,0,0,0,0,1,2,55,2,2,2,1,0,0,14,67,1,1,1,83,0,0
53,530092,1,1,1,16,4,4,37,24,0,1,0,53,2,34,35,34035,4,2010,WBANV9C55ACW,W,B,A,N,V,9,C,5,5,A,C,W,0,P,BMW,XI5,4D,10,17,3946,,0,1137,,G,,0,0,000000000,00000000000,0,0,0,1,0,0,0,0,0,0,0,998,0,1,2,1,13,6,2,1,0,0,0,1,53,98360,6,1,0,0,3,0,68,181,1,0,0,0,0,2,2009,2,2009,1,0,0,0,0,1,2,50,3,9,2,1,0,0,14,6,1,1,4,1,1,1
53,530093,1,1,1,10,3,22,47,8,0,1,1,53,2,22,18,22018,2,1999,1G2NE12E9XM7,1,G,2,N,E,1,2,E,9,X,M,7,0,P,PONT,GAS,CP,99,17,3052,,0,1071,,G,,0,0,000000000,00000000000,0,0,0,1,0,0,0,0,0,0,0,998,0,0,0,12,12,2,1,8,0,0,0,1,53,98247,6,1,0,0,3,0,66,119,0,0,0,0,0,0,0,0,0,1,23,91,0,0,5,4,50,1,1,2,1,0,0,1,80,99,9,2,13,0,0
53,530094,1,1,1,9,4,23,5,8,0,1,1,99,9,99,999,99999,99,9999,999999999999,9,9,9,9,9,9,9,9,9,9,9,9,0,U,,,,9,17,,,,,,,,0,0,000000000,00000000000,0,0,0,1,0,0,0,0,0,0,0,998,0,0,0,12,12,9,1,8,0,0,0,1,99,99999,9,9,99,9,9,9,999,999,99,99,99,99,99,99,9999,99,9999,9,99,99,99,99,2,6,35,1,1,2,1,0,0,1,80,99,9,9,13,0,0
53,530095,1,1,2,3,4,18,35,1,0,1,0,53,1,20,431,20431,16,1986,1G8EC16C7GF1,1,G,8,E,C,1,6,C,7,G,F,1,0,P,CHEV,C10,UT,86,17,4092,,0,1295,,D,,0,0,000000000,00000000000,0,0,0,1,0,0,0,0,0,0,0,998,0,9,1,0,13,6,2,1,0,0,0,1,53,98930,6,1,6,0,3,0,72,195,0,0,0,1,2,11,2007,8,2009,0,0,0,0,0,3,2,70,1,1,1,1,0,0,1,3,1,2,2,98,1,0