STATE,ST_CASE,VEH_NO,VE_FORMS,NUMOCCS,DAY,MONTH,HOUR,MINUTE,HARM_EV,MAN_COLL,UNITTYPE,HIT_RUN,REG_STAT,OWNER,MAKE,MODEL,MAK_MOD,BODY_TYP,MOD_YEAR,VIN,VIN_1,VIN_2,VIN_3,VIN_4,VIN_5,VIN_6,VIN_7,VIN_8,VIN_9,VIN_10,VIN_11,VIN_12,TOW_VEH,VINTYPE,VINMAKE,VINA_MOD,VIN_BT,VINMODYR,VIN_LNGT,VIN_WGT,WGTCD_TR,WHLBS_LG,WHLBS_SH,SER_TR,FUELCODE,MCYCL_DS,J_KNIFE,MCARR_I1,MCARR_I2,MCARR_ID,GVWR,V_CONFIG,CARGO_BT,HAZ_INV,HAZ_PLAC,HAZ_ID,HAZ_CNO,HAZ_REL,BUS_USE,SPEC_USE,EMER_USE,TRAV_SP,UNDERIDE,ROLLOVER,ROLINLOC,IMPACT1,IMPACT2,DEFORMED,TOWED,M_HARM,VEH_SC1,VEH_SC2,FIRE_EXP,DR_PRES,L_STATE,DR_ZIP,L_STATUS,L_TYPE,CDL_STAT,L_ENDORS,L_COMPL,L_RESTRI,DR_HGT,DR_WGT,PREV_ACC,PREV_SUS,PREV_DWI,PREV_SPD,PREV_OTH,FIRST_MO,FIRST_YR,LAST_MO,LAST_YR,SPEEDREL,DR_SF1,DR_SF2,DR_SF3,DR_SF4,VTRAFWAY,VNUM_LAN,VSPD_LIM,VALIGN,VPROFILE,VPAVETYP,VSURCOND,VTRAFCON,VTCONT_F,P_CRASH1,P_CRASH2,P_CRASH3,PCRASH4,PCRASH5,ACC_TYPE,DEATHS,DR_DRINK
53,530096,1,1,2,28,4,20,53,8,0,1,0,53,1,23,466,23466,22,1995,1GDHP32KXS35,1,G,D,H,P,3,2,K,X,S,3,5,0,T,GMC,P35,FC,95,17,,2,1780,1250,FCC,G,,0,0,000000000,00000000000,0,0,0,1,0,0,0,0,0,0,0,998,0,0,0,12,12,2,3,8,0,0,0,1,53,98354,6,1,0,0,3,0,67,160,0,0,0,0,0,0,0,0,0,0,91,0,0,0,1,2,99,1,2,2,2,0,0,1,11,1,1,4,13,0,1
53,530097,1,1,4,10,4,15,39,25,0,1,0,53,1,55,37,55037,2,2008,KMHHN66F18U2,K,M,H,H,N,6,6,F,1,8,U,2,0,P,HYUN,GSL,CP,8,17,2969,,0,996,,G,,0,0,000000000,00000000000,0,0,0,1,0,0,0,0,0,0,0,998,0,0,0,62,61,6,2,30,0,0,0,1,6,92335,6,1,0,0,3,0,74,172,0,0,0,0,0,0,0,0,0,0,58,0,0,0,3,2,50,2,1,2,1,0,0,14,8,7,3,4,7,1,0
53,530098,1,2,1,5,4,7,15,12,1,1,0,41,1,20,39,20039,4,2006,KL1TD56626B6,K,L,1,T,D,5,6,6,2,6,B,6,0,P,CHEV,ABS,4D,6,17,2365,,0,976,,G,,0,0,000000000,00000000000,0,0,0,1,0,0,0,0,0,0,0,998,0,0,0,6,6,6,2,12,0,0,0,1,41,99004,6,1,0,0,3,0,66,145,0,0,0,0,0,0,0,0,0,1,87,0,0,0,1,2,60,3,1,2,3,0,0,14,6,7,4,2,98,1,0
53,530098,2,2,1,5,4,7,15,12,1,1,0,53,1,23,421,23421,15,2005,1GKFK16Z05J1,1,G,K,F,K,1,6,Z,0,5,J,1,0,T,GMC,KX1,4W,5,17,,2,0,1300,YUK,F,,0,0,000000000,00000000000,0,0,0,1,0,0,0,0,0,0,0,998,0,0,0,12,12,6,2,12,0,0,0,1,53,99122,6,1,0,0,3,0,70,145,0,0,0,0,0,0,0,0,0,0,0,0,0,0,1,2,60,2,1,2,3,0,0,14,62,1,1,1,98,0,0
53,530099,1,1,1,3,5,7,40,24,0,1,0,53,1,72,706,72706,80,2002,1HD1BVB162Y0,1,H,D,1,B,V,B,1,6,2,Y,0,0,M,HD,FTI,RS,2,17,,,,,,,1450,0,0,000000000,00000000000,0,0,0,1,0,0,0,0,0,0,0,80,0,0,0,12,12,6,2,24,0,0,0,1,53,99205,6,1,0,0,3,0,69,210,0,1,0,1,1,7,2008,11,2009,1,77,0,0,0,1,2,60,1,1,2,1,0,0,1,13,1,1,4,1,1,0
53,530100,1,1,1,26,4,19,33,1,0,1,0,53,2,52,34,52034,4,1993,JA3CH56D8PZ0,J,A,3,C,H,5,6,D,8,P,Z,0,0,P,MITS,GEL,4D,93,17,2833,,0,1024,,G,,0,0,000000000,00000000000,0,0,0,1,0,0,0,0,0,0,0,998,0,9,6,0,13,6,2,1,0,0,0,1,53,98951,1,1,0,0,2,0,65,165,1,3,1,0,3,6,2007,8,2009,0,0,0,0,0,2,2,50,1,1,2,1,0,0,1,13,1,1,4,1,1,1
53,530101,1,1,4,24,4,0,48,42,0,1,0,53,2,34,34,34034,4,2003,WBAEV53493KM,W,B,A,E,V,5,3,4,9,3,K,M,0,P,BMW,30I,4D,3,17,3285,,0,1073,,G,,0,0,000000000,00000000000,0,0,0,1,0,0,0,0,0,0,0,998,0,1,6,12,13,6,2,1,0,0,0,1,53,98332,6,2,0,0,3,2,70,153,0,0,0,0,0,0,0,0,0,1,73,0,0,0,1,2,35,3,1,2,2,0,0,14,13,1,1,4,1,1,0
53,530102,1,1,1,22,4,0,24,43,0,1,0,53,1,58,37,58037,2,2004,JNKCV54E74M8,J,N,K,C,V,5,4,E,7,4,M,8,0,P,INFI,G35,CP,4,17,3290,,0,1122,,G,,0,0,000000000,00000000000,0,0,0,1,0,0,0,0,0,0,0,998,0,0,0,12,12,6,2,43,0,0,0,1,53,98092,6,1,0,0,3,0,73,175,0,0,0,2,3,7,2008,3,2010,1,0,0,0,0,1,2,35,1,2,2,1,0,0,1,12,1,1,4,6,1,1
53,530103,1,1,2,10,4,4,19,35,0,1,0,53,2,12,3,12003,2,1996,1FALP45X0TF1,1,F,A,L,P,4,5,X,0,T,F,1,0,P,FORD,MGT,CV,96,17,3468,,0,1013,,G,,0,0,000000000,00000000000,0,0,0,1,0,0,0,0,0,0,0,998,0,0,0,99,99,6,2,42,0,0,0,1,53,98282,6,1,0,0,3,0,70,160,0,0,0,1,0,3,2008,3,2008,1,58,0,0,0,1,2,50,3,1,2,1,0,0,14,13,1,1,4,6,1,1
53,530104,1,1,1,11,4,17,57,1,0,1,0,53,1,72,706,72706,80,2000,1HD1FMW19YY6,1,H,D,1,F,M,W,1,9,Y,Y,6,0,M,HD,TPI,RS,0,17,,,,,,,1450,0,0,000000000,00000000000,0,0,0,1,0,0,0,0,0,0,0,998,0,0,0,0,99,6,2,1,0,0,0,1,53,98362,6,1,0,0,3,0,74,250,0,0,0,1,1,5,2007,8,2008,1,0,0,0,0,1,2,40,3,1,2,1,0,0,14,13,1,1,4,1,1,1
53,530105,1,2,1,1,5,17,24,12,6,1,0,53,1,21,21,21021,4,2000,1G3NL52E6YC4,1,G,3,N,L,5,2,E,6,Y,C,4,0,P,OLDS,A/G,4D,0,17,3022,,0,1070,,G,,0,0,000000000,00000000000,0,0,0,1,0,0,0,0,0,0,0,998,0,0,0,9,9,6,2,12,0,0,0,1,53,98531,6,1,0,0,3,3,64,145,0,0,0,0,0,0,0,0,0,0,38,0,0,0,1,2,55,1,2,2,1,20,3,11,15,1,1,2,82,1,0
53,530105,2,2,1,1,5,17,24,12,6,1,0,53,1,7,20,7020,4,2004,1B3ES26C44D6,1,B,3,E,S,2,6,C,4,4,D,6,0,P,DODG,BSE,4D,4,17,2584,,0,1040,,G,,0,0,000000000,00000000000,0,0,0,1,0,0,0,0,0,0,0,998,0,0,0,12,12,6,2,12,0,0,0,1,53,98579,6,1,0,0,3,0,72,260,1,0,0,1,0,5,2007,8,2009,0,0,0,0,0,2,2,55,1,2,2,1,0,0,1,67,1,1,1,83,0,0
53,530107,1,1,2,6,4,22,38,42,0,1,0,53,1,34,34,34034,4,1988,WBAAE5403J88,W,B,A,A,E,5,4,0,3,J,8,8,0,P,BMW,32V,4D,88,17,2642,,0,1012,,G,,0,0,000000000,00000000000,0,0,0,1,0,0,0,0,0,0,0,998,0,0,0,12,12,6,2,42,0,0,0,1,53,98367,6,1,0,0,3,0,69,150,0,0,0,1,3,4,2009,9,2009,1,0,0,0,0,1,2,25,2,2,2,1,0,0,14,6,1,9,4,7,1,1
53,530108,1,2,1,21,4,8,36,12,2,1,0,53,1,20,401,20401,14,2001,1GNDT13W11K2,1,G,N,D,T,1,3,W,1,1,K,2,0,P,CHEV,BZR,UT,1,17,4133,,0,1070,,G,,0,0,000000000,00000000000,0,0,0,1,0,0,0,0,0,0,0,998,0,0,0,12,12,6,2,12,0,0,0,1,53,98057,6,1,6,0,3,3,73,199,0,0,0,0,0,0,0,0,0,0,0,0,0,0,5,4,30,1,6,1,2,0,0,1,54,1,1,2,50,1,0
53,530108,2,2,1,21,4,8,36,12,2,1,0,53,1,20,461,20461,21,1998,1GCGG29R0W10,1,G,C,G,G,2,9,R,0,W,1,0,0,T,CHEV,G20,EV,98,17,,2,0,1550,VAN,G,,0,0,000000000,00000000000,0,0,0,1,0,0,0,0,0,0,0,998,0,0,0,12,12,6,2,12,0,0,0,1,53,98391,6,1,0,0,3,0,73,225,0,0,0,0,1,1,2009,1,2009,0,0,0,0,0,2,4,30,1,5,1,2,0,0,1,62,1,1,1,51,0,0
53,530109,1,2,2,30,4,12,46,12,2,1,0,53,1,48,401,48401,14,2008,JF1SG63688H7,J,F,1,S,G,6,3,6,8,8,H,7,0,P,SUBA,FOR,UT,8,17,3140,,0,994,,G,,0,0,000000000,00000000000,0,0,0,1,0,0,0,0,0,0,0,998,0,0,0,12,12,6,2,12,0,0,0,1,53,99156,6,1,3,0,3,0,60,180,0,0,0,0,0,0,0,0,0,1,0,0,0,0,1,2,60,3,1,2,6,0,0,14,5,99,2,2,50,1,0
53,530109,2,2,1,30,4,12,46,12,2,1,0,53,1,18,3,18003,6,1986,1G4BV35Y3GX4,1,G,4,B,V,3,5,Y,3,G,X,4,0,P,BUIC,EES,SW,86,17,4141,,0,1159,,G,,0,0,000000000,00000000000,0,0,0,1,0,0,0,0,0,0,0,998,0,0,0,12,12,6,2,12,0,0,0,1,53,99205,6,1,0,0,3,3,69,155,0,0,0,0,0,0,0,0,0,0,0,0,0,0,1,2,60,2,1,2,6,0,0,14,62,1,1,1,51,0,0
53,530110,1,1,1,3,5,14,44,8,0,1,0,53,2,20,481,20481,31,2001,2GCEK19T9112,2,G,C,E,K,1,9,T,9,1,1,2,0,T,CHEV,SK1,4C,1,17,,2,1575,1435,SIL,G,,0,0,000000000,00000000000,0,0,0,1,0,0,0,0,0,0,0,998,0,0,0,6,6,9,9,8,0,0,0,1,53,98133,1,1,0,0,2,0,71,201,0,3,0,1,6,5,2007,2,2010,0,38,92,0,0,1,2,25,1,1,2,1,0,0,9,98,1,1,4,92,0,1
53,530111,1,2,1,8,5,12,17,12,2,1,0,53,3,85,881,85881,66,1999,1NKDXR0X3XR7,1,N,K,D,X,R,0,X,3,X,R,7,2,T,KW,T80,TM,99,17,,8,2600,1600,CON,D,,1,57,1351410,571351410,3,7,2,2,2,1993,3,2,0,0,0,998,0,0,0,12,12,6,2,12,0,0,0,1,53,98221,6,1,6,3,3,3,69,210,0,0,0,0,0,0,0,0,0,0,0,0,0,0,1,2,55,2,2,2,1,0,0,14,62,1,1,1,51,0,0
53,530111,2,2,1,8,5,12,17,12,2,1,0,53,1,41,37,41037,4,1997,1YVGE22C3V56,1,Y,V,G,E,2,2,C,3,V,5,6,0,P,MAZD,UDL,4D,97,17,2749,,0,1028,,G,,0,0,000000000,00000000000,0,0,0,1,0,0,0,0,0,0,0,998,0,0,0,12,12,6,2,12,0,0,0,1,53,98021,6,1,0,0,3,3,64,180,0,0,0,0,0,0,0,0,0,0,0,0,0,0,1,2,55,3,2,2,1,0,0,14,10,1,1,2,50,1,1
53,530112,1,1,2,13,5,12,30,42,0,1,0,53,1,6,41,6041,4,1998,2C3HD46JXWH1,2,C,3,H,D,4,6,J,X,W,H,1,0,P,CHRY,CIX,4D,98,17,3422,,0,1130,,G,,0,0,000000000,00000000000,0,0,0,1,0,0,0,0,0,0,0,998,0,0,0,12,12,6,2,43,0,0,0,1,53,98516,6,1,0,0,3,0,69,125,0,0,0,0,0,0,0,0,0,0,0,0,0,0,1,2,99,9,9,2,1,20,3,11,13,1,1,4,1,1,0
53,530113,1,1,1,14,5,9,14,8,0,1,0,53,3,49,482,49482,31,2007,5TFLT52187X0,5,T,F,L,T,5,2,1,8,7,X,0,0,T,TOYT,TUN,PK,7,17,,2,0,1457,TUN,G,,0,0,000000000,00000000000,0,0,0,1,0,0,0,0,0,0,0,998,0,0,0,12,12,2,3,8,0,0,0,1,53,98391,6,1,0,0,3,0,68,170,0,0,0,0,0,0,0,0,0,0,38,0,0,0,5,4,35,1,1,2,1,0,0,10,81,1,1,7,13,0,0
53,530114,1,1,1,20,5,23,40,35,0,1,0,53,1,35,39,35039,4,1987,JN1HU11S2HT2,J,N,1,H,U,1,1,S,2,H,T,2,0,P,NISS,MAX,4D,87,17,2974,,0,1004,,G,,0,0,000000000,00000000000,0,0,0,1,0,0,0,0,0,0,0,998,0,1,6,5,3,6,2,1,0,0,0,1,53,98277,6,1,0,0,3,3,69,200,0,0,0,0,0,0,0,0,0,0,0,0,0,0,2,2,50,1,1,2,1,0,0,1,13,1,1,4,1,1,0
53,530115,1,1,2,11,4,16,42,1,0,1,0,53,1,20,20,20020,4,1997,2G1WL52M5V91,2,G,1,W,L,5,2,M,5,V,9,1,0,P,CHEV,L/S,4D,97,17,3360,,0,1075,,G,,0,0,000000000,00000000000,0,0,0,1,0,0,0,0,0,0,0,998,0,2,6,0,3,6,2,3,0,0,0,1,53,98629,6,1,0,0,3,3,70,205,0,0,0,0,0,0,0,0,0,1,0,0,0,0,4,1,5,4,1,4,1,0,0,14,13,1,1,4,1,2,0
53,530116,1,1,1,6,5,1,53,33,0,1,0,53,1,50,705,50705,80,2007,SMTD00NS97J3,S,M,T,D,0,0,N,S,9,7,J,3,0,M,TRIU,DA5,RS,7,17,,,,,,,675,0,0,000000000,00000000000,0,0,0,1,0,0,0,0,0,0,0,998,0,0,0,12,12,6,2,33,0,0,0,1,53,98404,6,1,0,0,2,3,72,165,0,0,0,0,0,0,0,0,0,1,0,0,0,0,3,2,60,2,1,1,1,0,0,14,12,1,1,4,6,1,1
53,530117,1,1,1,8,5,23,30,24,0,1,0,53,1,73,705,73705,80,2007,JKAZX4P197A0,J,K,A,Z,X,4,P,1,9,7,A,0,0,M,KAWK,ZXP,RS,7,17,,,,,,,599,0,0,000000000,00000000000,0,0,0,1,0,0,0,0,0,0,0,998,0,0,0,12,12,6,2,24,0,0,0,1,53,98075,6,1,0,0,3,3,74,140,1,0,0,0,0,12,2007,12,2007,1,0,0,0,0,1,2,55,3,1,2,1,0,0,14,13,3,1,4,1,1,1
53,530118,1,2,1,13,5,13,55,12,2,1,0,53,3,85,881,85881,66,2005,1XKWDB9X55R0,1,X,K,W,D,B,9,X,5,5,R,0,1,T,KW,W90,DS,5,17,,8,2850,1600,CON,D,,1,57,80580,5780580,3,6,97,1,0,0,0,0,0,0,0,998,7,0,0,12,12,4,1,12,0,0,0,1,53,98203,6,1,6,1,3,0,74,265,0,0,0,0,0,0,0,0,0,0,0,0,0,0,1,2,35,1,1,2,1,99,9,16,10,2,1,2,50,0,0
53,530118,2,2,1,13,5,13,55,12,2,1,0,53,1,48,401,48401,14,2005,JF1SG69695H7,J,F,1,S,G,6,9,6,9,5,H,7,0,P,SUBA,FOR,UT,5,17,3225,,0,994,,G,,0,0,000000000,00000000000,0,0,0,1,0,0,0,0,0,0,0,998,3,0,0,12,12,6,2,12,0,0,0,1,53,98221,6,1,0,0,3,3,64,145,2,0,0,0,0,9,2007,3,2010,0,0,0,0,0,1,2,35,1,1,2,1,0,0,1,72,1,1,1,51,1,0
53,530119,1,1,1,13,5,15,19,8,0,1,0,53,3,12,402,12402,14,2009,1FMCU93G09KA,1,F,M,C,U,9,3,G,0,9,K,A,0,P,FORD,SPE,UT,9,17,3578,,0,1031,,G,,0,0,000000000,00000000000,0,0,0,1,0,0,0,0,0,0,0,998,0,0,0,12,12,2,1,8,0,0,0,1,53,98938,6,1,0,0,3,0,65,140,1,0,0,0,0,2,2009,2,2009,0,0,0,0,0,1,2,50,1,1,2,1,0,0,1,80,1,1,1,13,0,0
53,530120,1,3,1,22,5,15,37,12,2,1,0,53,1,49,401,49401,14,2002,JT3HN87R4290,J,T,3,H,N,8,7,R,4,2,9,0,0,P,TOYT,RUN,UT,2,17,4115,,0,1053,,G,,0,0,000000000,00000000000,0,0,0,1,0,0,0,0,0,0,0,998,0,0,0,12,12,6,2,12,0,0,0,1,53,98444,1,1,0,0,2,0,69,150,0,2,0,0,1,11,2007,8,2008,1,33,92,0,0,2,2,55,1,1,2,1,0,0,6,10,7,1,2,50,0,1
53,530120,2,3,1,22,5,15,37,12,2,1,0,53,1,53,706,53706,80,2004,JS1GT75A9421,J,S,1,G,T,7,5,A,9,4,2,1,0,M,SUZI,XR1,RS,4,17,,,,,,,988,0,0,000000000,00000000000,0,0,0,1,0,0,0,0,0,0,0,998,0,0,0,12,12,6,2,12,0,0,0,1,53,98177,6,1,0,0,3,0,70,165,1,0,0,1,6,10,2007,7,2009,0,0,0,0,0,1,2,55,1,1,2,1,0,0,1,62,6,1,2,51,1,0
53,530120,3,3,4,22,5,15,37,12,2,1,0,53,1,53,405,53405,14,2004,JS3TY92VX441,J,S,3,T,Y,9,2,V,X,4,4,1,0,P,SUZI,XL7,UT,4,17,3510,,0,1102,,G,,0,0,000000000,00000000000,0,0,0,1,0,0,0,0,0,0,0,998,0,0,0,12,12,6,2,12,0,0,0,1,53,98580,6,1,0,0,3,3,70,165,1,0,0,0,0,5,2010,5,2010,0,0,0,0,0,1,2,55,1,1,2,1,0,0,1,62,1,1,1,98,0,0
53,530121,1,2,1,12,5,13,10,12,2,1,0,53,1,2,404,2404,14,1992,1J4FT28S3NL2,1,J,4,F,T,2,8,S,3,N,L,2,0,T,JEEP,CHK,4W,92,17,,1,0,1014,CHK,G,,0,0,000000000,00000000000,0,0,0,1,0,0,0,0,0,0,0,998,0,0,0,12,12,6,2,12,0,0,0,1,53,98855,6,1,0,0,3,3,70,200,0,0,0,0,0,0,0,0,0,0,0,0,0,0,1,2,60,1,1,2,1,0,0,1,10,1,1,4,50,1,0
53,530121,2,2,1,12,5,13,10,12,2,1,0,53,1,7,403,7403,14,2007,1D8GU28K67W6,1,D,8,G,U,2,8,K,6,7,W,6,0,P,DODG,NIT,UT,7,17,4105,,0,1088,,G,,0,0,000000000,00000000000,0,0,0,1,0,0,0,0,0,0,0,998,0,0,0,12,12,6,2,12,0,0,0,1,53,98844,6,1,0,0,3,0,68,130,0,0,0,1,0,8,2008,8,2008,0,0,0,0,0,1,2,60,1,1,2,1,0,0,1,62,7,1,4,51,0,0
53,530122,1,2,2,28,5,17,5,12,6,1,0,53,1,6,52,6052,6,2006,3A4FY58BX6T3,3,A,4,F,Y,5,8,B,X,6,T,3,0,P,CHRY,PTC,SV,6,17,3035,,0,1030,,G,,0,0,000000000,00000000000,0,0,0,1,0,0,0,0,0,0,0,998,0,0,0,62,62,6,2,12,0,0,0,1,53,99354,6,1,0,0,3,0,67,180,0,1,0,5,2,5,2008,12,2009,0,38,0,0,0,1,2,25,1,1,2,2,20,3,1,15,1,1,1,89,2,0
53,530122,2,2,1,28,5,17,5,12,6,1,0,53,3,12,481,12481,31,2005,1FTWW31P45EB,1,F,T,W,W,3,1,P,4,5,E,B,0,T,FORD,F3S,CW,5,17,3035,3,1724,1562,SRW,D,,0,0,000000000,00000000000,0,0,0,1,0,0,0,0,0,0,0,998,0,0,0,12,12,6,2,12,0,0,0,1,53,99301,6,1,0,0,3,0,73,210,0,0,0,0,0,0,0,0,0,0,0,0,0,0,1,2,45,1,1,2,2,0,0,1,66,1,1,1,88,0,1
53,530123,1,1,1,29,5,2,15,32,0,1,0,53,1,7,482,7482,31,2003,1D7HU18N33J6,1,D,7,H,U,1,8,N,3,3,J,6,0,T,DODG,SQ1,CW,3,17,,2,1605,1405,RPC,G,,0,0,000000000,00000000000,0,0,0,1,0,0,0,0,0,0,0,998,0,0,0,12,12,6,2,2,0,0,1,1,53,99185,6,1,6,0,3,0,71,190,0,0,0,0,1,5,2009,5,2009,0,0,0,0,0,1,2,50,3,2,2,1,0,0,14,13,1,1,4,1,1,1
53,530124,1,1,2,4,6,7,10,32,0,1,0,53,2,14,4,14004,2,1995,1MELM62WXSH6,1,M,E,L,M,6,2,W,X,S,H,6,0,P,MERC,XR7,2D,95,17,3533,,0,1130,,G,,0,0,000000000,00000000000,0,0,0,1,0,0,0,0,0,0,0,998,0,1,6,12,12,6,2,1,0,0,0,1,53,98257,1,1,0,0,2,0,75,170,0,1,0,0,2,2,2010,5,2010,0,91,0,0,0,1,2,35,2,1,2,7,0,0,14,12,1,1,4,6,1,1
53,530125,1,3,1,5,6,4,35,12,7,1,0,53,2,12,401,12401,14,1998,1FMYU24E7WUD,1,F,M,Y,U,2,4,E,7,W,U,D,0,P,FORD,EPR,UT,98,17,3919,,0,1017,,G,,0,0,000000000,00000000000,0,0,0,1,0,0,0,0,0,0,0,998,0,1,1,81,13,6,2,1,0,0,0,1,53,98032,6,1,0,0,3,0,77,230,2,0,0,2,3,3,2009,4,2010,0,0,0,0,0,3,3,60,1,1,1,1,0,0,15,51,1,1,2,46,1,0
53,530125,2,3,2,5,6,4,35,12,7,1,0,53,2,41,34,41034,2,1990,JM1FC3524L07,J,M,1,F,C,3,5,2,4,L,0,7,0,P,MAZD,RX7,CV,90,17,2910,,0,957,,G,,0,0,000000000,00000000000,0,0,0,1,0,0,0,0,0,0,0,998,0,0,0,63,6,6,2,12,0,0,0,1,53,98467,6,1,0,0,3,3,72,170,0,3,0,1,4,6,2007,3,2009,0,0,0,0,0,3,3,60,1,1,1,1,0,0,1,61,1,1,1,45,0,0
53,530125,3,3,1,5,6,4,35,12,7,1,0,53,1,7,20,7020,4,2003,1B3ES66SX3D2,1,B,3,E,S,6,6,S,X,3,D,2,0,P,DODG,NR4,4D,3,17,2869,,0,1040,,G,,0,0,000000000,00000000000,0,0,0,1,0,0,0,0,0,0,0,998,0,0,0,61,61,6,2,12,0,0,0,1,53,98023,6,1,0,0,3,3,71,210,0,0,0,1,1,5,2009,1,2010,0,0,0,0,0,3,3,60,1,1,1,1,0,0,1,61,1,1,1,98,0,0
53,530126,1,1,1,19,5,13,8,14,0,1,0,53,2,12,16,12016,4,2002,2FDFP72992X1,2,F,D,F,P,7,2,9,9,2,X,1,0,P,FORD,CVS,4D,2,17,0,,0,1147,,N,,0,0,000000000,00000000000,0,0,0,1,0,0,0,0,0,0,0,64,0,0,0,12,12,6,2,14,0,0,0,1,53,98188,6,1,0,0,3,0,66,220,4,0,0,0,2,7,2009,2,2010,1,0,0,0,0,1,2,25,1,2,2,1,20,3,1,12,1,1,4,6,1,0
53,530127,1,1,1,9,5,1,26,8,0,1,1,53,4,63,33,63033,4,2009,KNAFE2227956,K,N,A,F,E,2,2,2,7,9,5,6,0,P,KIA,SXC,4D,9,17,2701,,0,1028,,G,,0,0,000000000,00000000000,0,0,0,1,0,0,0,0,0,0,0,998,0,0,0,12,12,4,1,8,0,0,0,1,53,98007,6,1,0,0,3,0,65,165,0,0,0,1,1,3,2009,3,2009,0,91,0,0,0,3,5,60,1,2,2,1,0,0,1,80,1,1,1,13,0,0
53,530128,1,1,1,2,6,20,0,24,0,1,0,19,3,82,881,82881,66,1997,1FUYDZYB8VP6,1,F,U,Y,D,Z,Y,B,8,V,P,6,1,T,FRHT,FLD,DS,97,17,,8,0,0,CON,D,,1,57,1839584,571839584,3,6,1,1,0,0,0,0,0,0,0,998,0,1,1,5,13,6,2,1,0,0,0,1,19,50149,6,1,6,1,3,0,72,250,1,0,0,0,0,12,2008,12,2008,1,0,0,0,0,1,2,60,3,2,2,1,0,0,14,13,1,1,4,1,1,0
53,530129,1,2,1,2,6,10,32,12,6,1,0,53,1,6,43,6043,4,2002,1C3EL46R02N2,1,C,3,E,L,4,6,R,0,2,N,2,0,P,CHRY,SLX,4D,2,17,3118,,0,1080,,G,,0,0,000000000,00000000000,0,0,0,1,0,0,0,0,0,0,0,998,1,0,0,9,9,6,2,12,0,0,0,1,53,98832,6,1,0,0,3,3,67,170,0,0,0,0,0,0,0,0,0,0,38,0,0,0,1,2,50,1,2,2,2,20,3,11,15,1,1,1,82,1,0
53,530129,2,2,1,2,6,10,32,12,6,1,0,53,3,7,482,7482,31,2006,3D7LX38CX6G2,3,D,7,L,X,3,8,C,X,6,G,2,0,T,DODG,SQ3,CW,6,17,,2,1605,1405,RPC,D,,0,0,000000000,00000000000,0,0,0,1,0,0,0,0,0,0,0,998,0,0,0,12,12,6,2,12,0,0,0,1,53,98837,6,1,6,0,3,0,67,180,1,0,0,6,6,7,2007,4,2010,1,91,0,0,0,1,2,50,1,2,2,2,0,0,1,67,1,1,1,83,0,0
53,530130,1,2,1,27,1,17,30,12,6,1,0,53,1,35,471,35471,30,1984,JN6ND06Y5EW0,J,N,6,N,D,0,6,Y,5,E,W,0,0,T,DATS,K4U,PK,84,17,,1,0,1108,720,G,,0,0,000000000,00000000000,0,0,0,1,0,0,0,0,0,0,0,998,0,0,0,12,12,6,2,12,0,0,0,1,53,98204,6,1,0,0,3,3,71,290,0,0,0,0,0,0,0,0,0,0,0,0,0,0,5,4,35,1,1,2,1,0,0,1,10,1,1,2,64,1,0
53,530130,2,2,1,27,1,17,30,12,6,1,0,53,2,12,37,12037,4,2003,1FAFP34P33W2,1,F,A,F,P,3,4,P,3,3,W,2,0,P,FORD,FCS,4D,3,17,2564,,0,1030,,G,,0,0,000000000,00000000000,0,0,0,1,0,0,0,0,0,0,0,998,0,0,0,8,8,4,1,12,0,0,0,1,53,98012,6,1,0,0,3,0,63,130,0,0,0,1,0,2,2007,2,2007,0,0,0,0,0,5,4,35,1,2,2,1,0,0,1,62,1,1,1,65,0,0
53,530131,1,2,1,19,5,13,24,12,1,1,0,53,3,7,482,7482,31,2007,3D6WG46A27G7,3,D,6,W,G,4,6,A,2,7,G,7,0,T,DODG,S35,CB,7,17,,3,1675,1435,RPC,D,,0,0,000000000,00000000000,0,0,0,1,0,0,0,0,0,0,0,998,0,0,0,6,6,2,1,12,0,0,0,1,53,98065,6,1,3,0,3,0,70,180,1,0,0,0,0,4,2009,4,2009,0,38,0,0,0,3,3,60,1,2,1,1,0,0,16,53,1,1,1,25,0,0
53,530131,2,2,1,19,5,13,24,12,1,1,0,53,1,76,706,76706,80,1983,JYA26H005DA0,J,Y,A,2,6,H,0,0,5,D,A,0,0,M,YAMA,X1T,RS,83,17,,,,,,,1198,0,0,000000000,00000000000,0,0,0,1,0,0,0,0,0,0,0,998,0,0,0,12,12,6,2,12,0,0,0,1,53,98292,6,1,0,0,3,0,71,164,0,0,0,0,0,0,0,0,0,0,0,0,0,0,3,3,60,1,2,1,1,0,0,1,61,1,1,1,24,1,0
53,530132,1,3,1,4,6,17,30,12,6,1,0,53,1,23,481,23481,31,1982,2GTEC24C3C15,2,G,T,E,C,2,4,C,3,C,1,5,0,T,GMC,C25,PK,82,17,,2,1645,1315,C25,D,,0,0,000000000,00000000000,0,0,0,1,0,0,0,0,0,0,0,998,0,0,0,12,12,6,2,12,0,0,0,1,53,98225,6,1,0,0,3,3,72,170,0,0,0,0,0,0,0,0,0,0,0,0,0,0,1,2,55,2,2,2,1,0,0,14,10,1,1,2,66,0,0