STATE,ST_CASE,VEH_NO,VE_FORMS,NUMOCCS,DAY,MONTH,HOUR,MINUTE,HARM_EV,MAN_COLL,UNITTYPE,HIT_RUN,REG_STAT,OWNER,MAKE,MODEL,MAK_MOD,BODY_TYP,MOD_YEAR,VIN,VIN_1,VIN_2,VIN_3,VIN_4,VIN_5,VIN_6,VIN_7,VIN_8,VIN_9,VIN_10,VIN_11,VIN_12,TOW_VEH,VINTYPE,VINMAKE,VINA_MOD,VIN_BT,VINMODYR,VIN_LNGT,VIN_WGT,WGTCD_TR,WHLBS_LG,WHLBS_SH,SER_TR,FUELCODE,MCYCL_DS,J_KNIFE,MCARR_I1,MCARR_I2,MCARR_ID,GVWR,V_CONFIG,CARGO_BT,HAZ_INV,HAZ_PLAC,HAZ_ID,HAZ_CNO,HAZ_REL,BUS_USE,SPEC_USE,EMER_USE,TRAV_SP,UNDERIDE,ROLLOVER,ROLINLOC,IMPACT1,IMPACT2,DEFORMED,TOWED,M_HARM,VEH_SC1,VEH_SC2,FIRE_EXP,DR_PRES,L_STATE,DR_ZIP,L_STATUS,L_TYPE,CDL_STAT,L_ENDORS,L_COMPL,L_RESTRI,DR_HGT,DR_WGT,PREV_ACC,PREV_SUS,PREV_DWI,PREV_SPD,PREV_OTH,FIRST_MO,FIRST_YR,LAST_MO,LAST_YR,SPEEDREL,DR_SF1,DR_SF2,DR_SF3,DR_SF4,VTRAFWAY,VNUM_LAN,VSPD_LIM,VALIGN,VPROFILE,VPAVETYP,VSURCOND,VTRAFCON,VTCONT_F,P_CRASH1,P_CRASH2,P_CRASH3,PCRASH4,PCRASH5,ACC_TYPE,DEATHS,DR_DRINK
53,530132,2,3,1,4,6,17,30,12,6,1,0,53,1,35,401,35401,14,1997,JN8AR05Y7VW1,J,N,8,A,R,0,5,Y,7,V,W,1,0,P,NISS,PFI,UT,97,17,3934,,0,1063,,G,,0,0,000000000,00000000000,0,0,0,1,0,0,0,0,0,0,0,998,0,0,0,7,7,6,2,12,0,0,0,1,53,98225,6,1,0,0,3,0,69,140,0,0,0,0,1,8,2009,8,2009,0,0,0,0,0,1,2,55,3,2,2,1,0,0,14,62,1,1,1,66,0,0
53,530132,3,3,2,4,6,17,30,12,6,1,0,53,1,12,441,12441,20,1991,1FTDA15U7MZB,1,F,T,D,A,1,5,U,7,M,Z,B,0,T,FORD,ARO,VW,91,17,3934,1,0,1190,ARO,G,,0,0,000000000,00000000000,0,0,0,1,0,0,0,0,0,0,0,998,0,0,0,12,12,6,2,12,0,0,0,1,53,98237,6,1,0,0,3,3,72,195,0,0,0,1,0,6,2007,6,2007,0,0,0,0,0,1,2,55,3,2,2,1,0,0,14,62,1,1,1,98,1,0
53,530133,1,1,1,4,6,3,17,1,0,1,0,16,1,12,481,12481,31,2005,1FTSX31P55EB,1,F,T,S,X,3,1,P,5,5,E,B,0,T,FORD,F3S,4C,5,17,,2,1580,1418,SRW,D,,0,0,000000000,00000000000,0,0,0,1,0,0,0,0,0,0,0,998,0,1,6,0,13,6,2,1,0,0,0,1,16,83854,6,1,6,0,3,0,66,176,0,0,0,3,1,6,2007,12,2009,0,0,0,0,0,2,2,70,1,2,1,2,0,0,1,12,99,9,4,1,1,0
53,530134,1,2,1,10,6,18,16,12,6,1,0,53,1,9,38,9038,4,1999,1P3EJ46C0XN6,1,P,3,E,J,4,6,C,0,X,N,6,0,P,PLYM,BEE,4D,99,17,2862,,0,1080,,G,,0,0,000000000,00000000000,0,0,0,1,0,0,0,0,0,0,0,998,0,0,0,12,12,6,2,12,0,0,1,1,53,99110,6,1,0,0,3,0,65,110,0,0,0,0,0,0,0,0,0,1,39,91,0,0,1,2,45,1,1,2,1,20,3,1,17,1,1,1,86,0,0
53,530134,2,2,3,10,6,18,16,12,6,1,0,53,1,7,20,7020,4,2002,1B3ES26C72D6,1,B,3,E,S,2,6,C,7,2,D,6,0,P,DODG,NEO,4D,2,17,2604,,0,1050,,G,,0,0,000000000,00000000000,0,0,0,1,0,0,0,0,0,0,0,998,0,0,0,4,4,6,2,12,0,0,0,1,53,99006,6,1,3,0,3,0,71,190,0,0,0,0,0,0,0,0,0,0,0,0,0,0,1,2,45,1,1,2,1,0,0,1,66,1,1,1,87,1,0
53,530136,1,1,1,5,6,16,30,24,0,1,0,53,1,76,705,76705,80,2004,JYARJ06E94A0,J,Y,A,R,J,0,6,E,9,4,A,0,0,M,YAMA,R6L,RS,4,17,,,,,,,599,0,0,000000000,00000000000,0,0,0,1,0,0,0,0,0,0,0,998,0,0,0,12,12,6,2,24,0,0,0,1,53,98387,6,1,0,0,3,0,67,170,0,0,0,1,0,10,2007,10,2007,1,0,0,0,0,1,2,50,2,2,2,1,0,0,14,6,1,2,4,7,1,0
53,530137,1,2,1,9,6,23,36,12,1,1,0,53,1,12,481,12481,31,1998,1FMZU34E8WZB,1,F,M,Z,U,3,4,E,8,W,Z,B,0,P,FORD,EPR,UT,98,17,4146,,0,1115,,G,,0,0,000000000,00000000000,0,0,0,1,0,0,0,0,0,0,0,998,0,0,0,12,12,6,2,12,0,0,0,1,53,98033,6,1,0,0,3,3,71,195,1,0,0,0,1,6,2007,12,2007,1,91,0,0,0,3,5,60,1,2,1,1,0,0,1,50,1,1,1,20,0,1
53,530137,2,2,3,9,6,23,36,12,1,1,0,53,1,37,31,37031,4,1986,JHMAK543CGS0,J,H,M,A,K,5,4,3,C,G,S,0,0,P,HOND,C5S,4D,86,17,1985,,0,965,,G,,0,0,000000000,00000000000,0,0,0,1,0,0,0,0,0,0,0,0,0,0,0,6,6,6,2,12,0,0,0,1,53,98023,6,1,0,0,3,0,67,135,0,0,0,0,0,0,0,0,0,0,0,0,0,0,3,5,60,1,2,1,1,0,0,1,53,1,1,1,21,2,1
53,530138,1,2,1,12,6,13,30,12,2,1,0,53,1,7,472,7472,30,2002,1B7GL12XX2S6,1,B,7,G,L,1,2,X,X,2,S,6,0,T,DODG,DXT,PC,2,17,,1,0,1309,DAK,G,,0,0,000000000,00000000000,0,0,0,1,0,0,0,0,0,0,0,998,0,0,0,12,12,6,2,12,0,0,0,1,53,98683,6,1,0,0,3,3,66,250,0,0,0,0,0,0,0,0,0,0,0,0,0,0,1,2,50,3,2,2,1,0,0,14,8,6,7,2,50,1,1
53,530138,2,2,1,12,6,13,30,12,2,1,0,53,1,7,482,7482,31,2005,3D7MS48C65G7,3,D,7,M,S,4,8,C,6,5,G,7,0,T,DODG,SQ3,CW,5,17,,3,0,1600,RPC,D,,0,0,000000000,00000000000,0,0,0,1,0,0,0,0,0,0,0,998,0,0,0,12,12,6,2,12,0,0,0,1,53,98629,6,8,0,0,3,0,70,215,0,0,0,0,2,1,2008,1,2010,0,0,0,0,0,1,2,50,2,2,2,1,0,0,14,62,1,1,1,51,0,0
53,530139,1,1,3,5,6,21,50,42,0,1,0,53,1,2,403,2403,14,2001,1J4FA49S31P3,1,J,4,F,A,4,9,S,3,1,P,3,0,T,JEEP,SPW,2W,1,17,,1,0,934,W/T,G,,0,0,000000000,00000000000,0,0,0,1,0,0,0,0,0,0,0,998,0,1,6,12,12,6,2,1,0,0,0,1,53,98520,6,1,0,0,3,0,67,135,0,0,0,0,0,0,0,0,0,0,91,0,0,0,1,2,40,3,1,7,1,0,0,14,13,99,1,4,1,1,1
53,530140,1,1,1,8,6,18,35,24,0,1,0,53,1,7,481,7481,31,1991,1B7KE26C6MS3,1,B,7,K,E,2,6,C,6,M,S,3,0,T,DODG,D20,PK,91,17,,2,1490,1310,D20,D,,0,0,000000000,00000000000,0,0,0,1,0,0,0,0,0,0,0,998,0,0,0,12,12,6,2,24,0,0,0,1,53,98682,6,1,0,0,3,3,66,155,0,0,0,0,0,0,0,0,0,0,0,0,0,0,1,2,50,2,2,2,1,0,0,14,12,1,1,4,6,1,0
53,530141,1,1,1,10,6,1,16,42,0,1,0,53,1,12,401,12401,14,1995,1FMDU34X1SUB,1,F,M,D,U,3,4,X,1,S,U,B,0,P,FORD,EPR,UT,95,17,4053,,0,1115,,G,,0,0,000000000,00000000000,0,0,0,1,0,0,0,0,0,0,0,998,0,0,0,12,12,6,2,42,0,0,0,1,53,98198,6,1,0,0,3,0,65,141,0,0,0,1,2,12,2007,12,2008,1,0,0,0,0,1,2,30,1,2,2,1,0,0,1,12,1,1,4,6,1,1
53,530142,1,1,4,19,6,14,55,1,0,1,0,41,1,41,52,41052,6,2008,JM1CR2935803,J,M,1,C,R,2,9,3,5,8,0,3,0,P,MAZD,MA5,4H,8,17,3417,,0,1083,,G,,0,0,000000000,00000000000,0,0,0,1,0,0,0,0,0,0,0,998,0,9,1,0,0,6,2,1,0,0,0,1,53,98315,6,1,0,0,3,3,67,155,0,0,0,0,0,0,0,0,0,0,0,0,0,0,2,4,70,1,1,2,1,0,0,1,13,6,1,6,98,1,0
53,530143,1,1,4,27,6,14,18,42,0,1,0,53,1,37,31,37031,4,2003,2HGES25713H5,2,H,G,E,S,2,5,7,1,3,H,5,0,P,HOND,UAX,4D,3,17,2601,,0,1031,,G,,0,0,000000000,00000000000,0,0,0,1,0,0,0,0,0,0,0,998,0,1,6,8,13,6,2,42,0,0,0,1,8,98002,6,1,0,0,3,0,66,135,0,0,0,0,0,0,0,0,0,0,0,0,0,0,2,4,60,1,1,2,1,0,0,1,13,1,1,4,1,1,0
53,530144,1,2,2,8,6,16,9,12,6,1,0,53,1,12,17,12017,4,1997,1FALP52U8VG2,1,F,A,L,P,5,2,U,8,V,G,2,0,P,FORD,TAG,4D,97,17,3329,,0,1085,,G,,0,0,000000000,00000000000,0,0,0,1,0,0,0,0,0,0,0,998,0,0,0,9,9,6,2,12,0,0,0,1,53,98422,6,1,0,0,3,0,70,150,0,0,0,0,0,0,0,0,0,0,38,0,0,0,1,4,35,1,9,2,1,0,0,11,15,1,1,1,82,1,0
53,530144,2,2,1,8,6,16,9,12,6,1,0,53,1,12,401,12401,14,2000,1FMZU72E9YZB,1,F,M,Z,U,7,2,E,9,Y,Z,B,0,P,FORD,EPR,UT,0,17,4065,,0,1116,,G,,0,0,000000000,00000000000,0,0,0,1,0,0,0,0,0,0,0,998,0,0,0,12,12,6,2,12,0,0,0,1,53,98422,6,1,0,0,3,0,63,114,0,0,0,0,0,0,0,0,0,0,0,0,0,0,1,4,35,1,9,2,1,0,0,1,72,1,1,1,83,0,0
53,530145,1,2,1,5,4,17,24,12,7,1,0,53,2,20,401,20401,14,1998,1GNCT18W3WK2,1,G,N,C,T,1,8,W,3,W,K,2,0,P,CHEV,BZR,UT,98,17,3874,,0,1005,,G,,0,0,000000000,00000000000,0,0,0,1,0,0,0,0,0,0,0,998,0,9,1,10,13,6,2,12,0,0,0,1,53,98030,6,1,0,0,3,0,66,145,2,1,0,1,5,8,2008,2,2010,9,99,99,99,99,3,3,60,1,1,2,1,0,0,1,10,6,1,2,45,1,0
53,530145,2,2,2,5,4,17,24,12,7,1,0,53,1,12,422,12422,15,2003,1FMPU16L33LC,1,F,M,P,U,1,6,L,3,3,L,C,0,P,FORD,EPT,UT,3,17,5686,,0,1191,,G,,0,0,000000000,00000000000,0,0,0,1,0,0,0,0,0,0,0,998,0,0,0,2,2,6,2,12,0,0,0,1,53,98022,6,1,0,0,3,3,60,180,0,0,0,0,0,0,0,0,0,0,0,0,0,0,1,3,60,1,1,2,1,0,0,1,60,1,1,1,44,0,0
53,530146,1,1,1,15,6,1,0,8,0,1,0,53,1,20,39,20039,5,2007,KL1TD66627B7,K,L,1,T,D,6,6,6,2,7,B,7,0,P,CHEV,ABS,5D,7,17,2343,,0,976,,G,,0,0,000000000,00000000000,0,0,0,1,0,0,0,0,0,0,0,998,0,0,0,12,12,6,2,8,0,0,0,1,53,98844,6,1,0,0,3,0,62,110,0,0,0,2,0,5,2008,5,2010,1,0,0,0,0,1,2,60,1,1,2,1,0,0,1,80,1,1,1,13,0,1
53,530147,1,1,1,21,5,23,28,8,0,1,1,99,9,99,999,99999,99,9999,999999999999,9,9,9,9,9,9,9,9,9,9,9,9,0,U,,,,9,17,,,,,,,,0,0,000000000,00000000000,0,0,0,1,0,0,0,0,0,0,0,998,0,0,0,12,12,9,1,8,0,0,0,1,99,99999,9,9,99,9,9,9,999,999,99,99,99,99,99,99,9999,99,9999,9,99,99,99,99,5,2,30,4,2,2,2,0,0,99,80,99,9,9,13,0,0
53,530148,1,2,1,14,5,16,37,12,6,1,0,53,1,37,703,37703,80,2005,JH2MC13005K1,J,H,2,M,C,1,3,0,0,5,K,1,0,M,HOND,CMX,RS,5,17,,,,,,,234,0,0,000000000,00000000000,0,0,0,1,0,0,0,0,0,0,0,998,0,0,0,12,12,6,2,12,0,0,0,1,53,99354,6,1,0,0,2,0,72,150,0,0,0,0,0,0,0,0,0,1,0,0,0,0,1,2,35,1,1,2,1,0,0,1,17,3,1,1,69,1,1
53,530148,2,2,1,14,5,16,37,12,6,1,0,53,1,21,401,21401,14,1992,1GHDT13ZXN27,1,G,H,D,T,1,3,Z,X,N,2,7,0,P,OLDS,BRA,UT,92,17,3939,,0,1070,,G,,0,0,000000000,00000000000,0,0,0,1,0,0,0,0,0,0,0,998,0,0,0,4,4,4,1,12,0,0,0,1,53,99353,6,1,0,0,3,3,73,195,0,0,0,0,0,0,0,0,0,0,38,0,0,0,1,2,35,1,1,2,1,0,0,11,15,10,1,1,68,0,0
53,530149,1,1,1,18,6,0,10,42,0,1,0,53,1,49,33,49033,2,2000,JTDDY38T6Y00,J,T,D,D,Y,3,8,T,6,Y,0,0,0,P,TOYT,GTF,2L,0,17,2500,,0,1023,,G,,0,0,000000000,00000000000,0,0,0,1,0,0,0,0,0,0,0,998,0,0,0,3,3,6,2,42,0,0,0,1,53,98292,6,1,0,0,3,0,72,175,0,0,0,2,1,7,2007,8,2008,1,0,0,0,0,1,2,35,3,1,2,1,0,0,14,13,1,1,4,1,1,1
53,530150,1,1,1,29,6,20,16,42,0,1,0,53,1,23,481,23481,31,1999,1GTEK19T5XZ5,1,G,T,E,K,1,9,T,5,X,Z,5,0,T,GMC,NK1,3C,99,17,,2,1575,1435,SIE,G,,0,0,000000000,00000000000,0,0,0,1,0,0,0,0,0,0,0,998,0,1,6,12,13,6,2,1,0,0,0,1,53,98370,6,1,0,0,3,0,70,195,0,0,0,1,0,10,2009,10,2009,1,0,0,0,0,5,2,45,3,3,2,1,0,0,14,13,1,1,4,1,1,1
53,530151,1,1,1,3,5,13,42,8,0,1,0,53,1,49,46,49046,4,2009,JTDKB20U0934,J,T,D,K,B,2,0,U,0,9,3,4,0,P,TOYT,PRI,4H,9,17,2932,,0,1063,,B,,0,0,000000000,00000000000,0,0,0,1,0,0,0,0,0,0,0,998,0,0,0,12,12,2,8,8,0,0,0,1,53,98070,6,1,0,0,3,0,63,110,0,0,0,0,0,0,0,0,0,0,38,0,0,0,1,2,25,1,1,1,1,20,3,11,80,1,1,7,13,0,0
53,530152,1,2,1,30,6,11,40,12,2,1,0,53,1,63,33,63033,4,2005,KNAFE1610551,K,N,A,F,E,1,6,1,0,5,5,1,0,P,KIA,SP5,4H,5,17,2701,,0,1028,,G,,0,0,000000000,00000000000,0,0,0,1,0,0,0,0,0,0,0,998,0,0,0,12,12,6,2,12,0,0,0,1,53,99326,6,1,0,0,3,3,63,125,0,0,0,0,0,0,0,0,0,0,0,0,0,0,1,2,65,2,2,2,1,0,0,14,10,1,1,2,50,0,0
53,530152,2,2,2,30,6,11,40,12,2,1,0,53,1,14,6,14006,4,1994,2MELM75W7RX6,2,M,E,L,M,7,5,W,7,R,X,6,0,P,MERC,MGL,4D,94,17,3796,,0,1144,,G,,0,0,000000000,00000000000,0,0,0,1,0,0,0,0,0,0,0,998,0,0,0,12,12,6,2,12,0,0,0,1,53,99371,6,1,6,0,3,3,71,277,0,0,0,0,0,0,0,0,0,0,0,0,0,0,1,2,65,3,2,2,1,0,0,14,62,1,1,1,51,1,0
53,530153,1,1,3,30,5,1,31,42,0,1,0,53,2,54,31,54031,5,1986,JH4DA1759GS0,J,H,4,D,A,1,7,5,9,G,S,0,0,P,ACUR,ILS,4H,86,17,2339,,0,992,,G,,0,0,000000000,00000000000,0,0,0,1,0,0,0,0,0,0,0,998,0,0,0,12,12,6,2,42,0,0,0,1,53,98155,1,1,0,0,1,0,69,175,0,12,0,0,13,6,2007,6,2009,1,0,0,0,0,1,2,35,3,2,2,1,0,0,14,13,1,1,4,1,1,1
53,530154,1,1,2,31,5,7,25,33,0,1,0,53,2,49,40,49040,4,2002,4T1BF32K82U5,4,T,1,B,F,3,2,K,8,2,U,5,0,P,TOYT,LXS,4D,2,17,3296,,0,1071,,G,,0,0,000000000,00000000000,0,0,0,1,0,0,0,0,0,0,0,998,0,1,6,9,9,6,2,30,0,0,0,1,53,98661,1,1,0,0,1,0,75,180,0,2,0,0,0,7,2007,12,2007,1,0,0,0,0,3,3,40,3,2,2,2,0,0,14,6,1,4,4,2,1,0
53,530155,1,2,1,17,6,15,50,12,6,1,0,53,1,7,482,7482,31,2008,3D7MX38A28G1,3,D,7,M,X,3,8,A,2,8,G,1,1,T,DODG,SQ3,CW,8,17,,3,1605,1405,RPC,D,,1,0,000000000,00000000000,0,0,0,1,0,0,0,0,0,0,0,998,0,0,0,3,3,4,1,12,0,0,0,1,53,99344,6,1,6,0,3,0,69,200,0,0,0,1,2,11,2007,2,2010,0,38,0,0,0,1,2,60,1,1,2,1,20,3,11,15,1,1,1,76,0,0
53,530155,2,2,1,17,6,15,50,12,6,1,0,53,2,37,706,37706,80,2005,1HFSC52395A2,1,H,F,S,C,5,2,3,9,5,A,2,1,M,HOND,X13,RS,5,17,,,,,,,1312,1,0,000000000,00000000000,0,0,0,1,0,0,0,0,0,0,0,998,0,0,0,12,12,6,2,12,0,0,0,1,53,99163,6,1,0,0,3,0,70,200,0,0,0,1,0,8,2008,8,2008,0,0,0,0,0,1,2,55,1,1,2,1,0,0,1,65,3,1,1,77,1,0
53,530156,1,2,1,18,6,16,45,12,2,1,0,53,1,48,38,48038,4,2010,JF1GE7G63AG5,J,F,1,G,E,7,G,6,3,A,G,5,0,P,SUBA,IWL,4D,10,17,3142,,0,1031,,G,,0,0,000000000,00000000000,0,0,0,1,0,0,0,0,0,0,0,998,0,0,0,12,12,6,2,12,0,0,1,1,53,99336,6,1,0,0,3,0,71,190,0,0,0,0,0,0,0,0,0,0,35,0,0,0,1,2,70,1,1,2,1,0,0,6,10,1,1,2,50,0,0
53,530156,2,2,4,18,6,16,45,12,2,1,0,53,2,20,431,20431,16,1995,1GNFK16K7SJ4,1,G,N,F,K,1,6,K,7,S,J,4,0,P,CHEV,K15,UT,95,17,0,,0,1315,,G,,0,0,000000000,00000000000,0,0,0,1,0,0,0,0,0,0,0,998,0,0,0,12,12,6,2,12,0,0,0,1,53,99336,6,7,0,0,3,3,66,160,0,0,0,0,0,0,0,0,0,0,0,0,0,0,1,2,70,1,1,2,1,0,0,1,62,1,1,1,51,1,0
53,530157,1,1,1,2,7,3,42,42,0,1,0,53,2,12,13,12013,2,1998,3FALP1137WR1,3,F,A,L,P,1,1,3,7,W,R,1,0,P,FORD,ZXS,CP,98,17,2478,,0,984,,G,,0,0,000000000,00000000000,0,0,0,1,0,0,0,0,0,0,0,998,0,1,6,12,12,6,2,42,0,0,0,1,53,98532,6,1,0,0,3,0,69,125,1,2,0,1,2,5,2008,1,2010,1,0,0,0,0,1,2,55,1,1,2,2,0,0,1,12,1,1,4,6,1,0
53,530158,1,1,1,10,6,16,36,42,0,1,0,53,1,12,22,12022,6,2006,1FMDK05156GA,1,F,M,D,K,0,5,1,5,6,G,A,0,P,FORD,FSL,UT,6,17,4112,,0,1129,,G,,0,0,000000000,00000000000,0,0,0,1,0,0,0,0,0,0,0,998,0,1,6,12,13,6,2,1,0,0,0,1,53,99006,6,1,0,0,3,3,73,220,0,0,0,0,2,9,2008,9,2008,1,0,0,0,0,1,2,45,1,2,2,2,0,0,1,6,1,3,4,2,1,1
53,530159,1,2,1,18,6,9,47,12,2,1,0,53,1,63,401,63401,14,1997,KNDJA7230V55,K,N,D,J,A,7,2,3,0,V,5,5,0,P,KIA,SPO,UT,97,17,3303,,0,1043,,G,,0,0,000000000,00000000000,0,0,0,1,0,0,0,0,0,0,0,998,3,0,0,12,12,6,2,12,0,0,0,1,53,98232,6,1,0,0,3,0,72,183,0,2,0,4,3,12,2007,11,2008,0,0,0,0,0,1,2,40,1,1,2,1,0,0,1,10,1,1,2,50,1,0
53,530159,2,2,1,18,6,9,47,12,2,1,0,53,1,12,422,12422,15,2001,1FMYU60E11UC,1,F,M,Y,U,6,0,E,1,1,U,C,0,P,FORD,EPR,UT,1,17,3769,,0,1018,,G,,0,0,000000000,00000000000,0,0,0,1,0,0,0,0,0,0,0,998,0,0,0,12,12,6,2,12,0,0,0,1,53,98232,6,1,0,0,3,0,67,250,0,0,0,0,0,0,0,0,0,0,0,0,0,0,1,2,40,1,1,2,1,0,0,1,62,7,1,2,51,0,0
53,530160,1,1,1,4,7,21,0,1,0,1,0,53,3,23,472,23472,30,2007,1GTDT14E4781,1,G,T,D,T,1,4,E,4,7,8,1,0,T,GMC,CAN,PK,7,17,,1,0,1113,CAN,G,,0,0,000000000,00000000000,0,0,0,1,0,0,0,0,0,0,0,998,0,9,1,0,13,6,2,1,0,0,0,1,53,99350,6,1,0,0,3,0,71,200,0,0,0,0,0,0,0,0,0,0,51,58,0,0,1,2,65,2,2,2,1,0,0,14,12,7,4,4,4,1,1
53,530161,1,1,1,18,6,13,49,24,0,1,0,53,1,37,706,37706,80,1999,1HFSC4103XA0,1,H,F,S,C,4,1,0,3,X,A,0,0,M,HOND,GLF,RS,99,17,,,,,,,1520,0,0,000000000,00000000000,0,0,0,1,0,0,0,0,0,0,0,998,0,0,0,12,12,6,2,24,0,0,0,1,53,98223,6,1,0,0,3,3,66,170,0,0,0,0,0,0,0,0,0,0,0,0,0,0,1,2,60,3,2,2,1,0,0,14,13,1,1,4,1,1,0
53,530162,1,1,1,23,6,21,7,25,0,1,0,53,1,72,706,72706,80,2004,1HD1FCW154Y6,1,H,D,1,F,C,W,1,5,4,Y,6,0,M,HD,FLU,RS,4,17,,,,,,,1450,0,0,000000000,00000000000,0,0,0,1,0,0,0,0,0,0,0,998,0,0,0,12,12,6,2,25,0,0,0,1,53,98023,6,1,0,0,3,0,72,250,0,1,0,1,1,10,2007,7,2009,1,0,0,0,0,6,2,60,3,2,1,1,0,0,14,13,1,1,4,1,1,1
53,530163,1,1,2,19,6,18,50,34,0,1,0,53,1,37,32,37032,4,2004,1HGCM56344A0,1,H,G,C,M,5,6,3,4,4,A,0,0,P,HOND,ULX,4D,4,17,3113,,0,1079,,G,,0,0,000000000,00000000000,0,0,0,1,0,0,0,0,0,0,0,998,0,0,0,12,12,6,2,34,0,0,0,1,53,98802,6,1,0,0,3,0,66,170,0,0,0,0,0,0,0,0,0,1,39,0,0,0,1,2,60,1,2,2,1,20,3,1,14,1,1,4,14,2,0
53,530164,1,1,1,29,1,11,15,59,0,1,0,53,1,18,7,18007,4,2001,2G4WS52J1112,2,G,4,W,S,5,2,J,1,1,1,2,0,P,BUIC,CCU,4D,1,17,3368,,0,1090,,G,,0,0,000000000,00000000000,0,0,0,1,0,0,0,0,0,0,0,998,0,1,6,12,12,6,2,1,0,0,0,1,53,98335,6,1,0,0,3,3,63,250,0,0,0,0,1,1,2009,1,2009,1,0,0,0,0,1,2,35,3,1,2,2,0,0,14,13,1,1,4,1,1,0
53,530165,1,1,1,6,3,19,15,14,0,1,0,53,1,37,706,37706,80,2003,1HFSC49343A1,1,H,F,S,C,4,9,3,4,3,A,1,0,M,HOND,XTS,RS,3,17,,,,,,,1795,0,0,000000000,00000000000,0,0,0,1,0,0,0,0,0,0,0,998,0,0,0,12,12,6,2,14,0,0,0,1,53,98446,6,1,0,0,3,0,74,250,0,0,0,1,0,4,2007,4,2007,1,0,0,0,0,1,2,25,3,1,2,1,0,0,14,13,3,1,4,1,1,0
53,530166,1,1,2,29,4,8,39,10,0,1,0,53,2,12,441,12441,20,1996,1FMCA11U3TZB,1,F,M,C,A,1,1,U,3,T,Z,B,0,P,FORD,ARO,SV,96,17,3714,,0,1190,,G,,0,0,000000000,00000000000,0,0,0,1,0,0,0,0,0,0,0,998,0,0,0,9,9,6,2,10,0,0,0,1,53,98620,1,1,8,0,1,0,70,200,0,1,1,0,3,1,2009,3,2009,0,0,0,0,0,1,2,99,1,1,2,1,65,3,1,17,1,1,1,98,1,0
53,530167,1,1,2,31,5,18,30,1,0,1,0,53,1,7,442,7442,20,1995,2B4GH2530SR3,2,B,4,G,H,2,5,3,0,S,R,3,0,P,DODG,CAR,SV,95,17,3181,,0,1123,,G,,0,0,000000000,00000000000,0,0,0,1,0,0,0,0,0,0,0,998,0,1,6,0,13,6,2,1,0,0,0,1,53,98250,6,1,0,0,3,0,79,195,0,0,0,0,0,0,0,0,0,1,58,0,0,0,1,2,45,1,2,2,1,0,0,1,54,6,4,4,7,1,1
53,530168,1,1,1,31,5,23,44,42,0,1,0,53,1,53,706,53706,80,1996,JS1GR7DA9T21,J,S,1,G,R,7,D,A,9,T,2,1,0,M,SUZI,SX7,RS,96,17,,,,,,,749,0,0,000000000,00000000000,0,0,0,1,0,0,0,0,0,0,0,998,0,0,0,12,12,6,2,42,0,0,0,1,53,98501,6,1,6,0,3,3,73,195,0,3,0,2,3,8,2007,6,2008,1,0,0,0,0,1,2,50,2,1,1,1,0,0,14,12,1,1,4,6,1,1
53,530169,1,1,1,14,6,22,15,38,0,1,0,53,1,20,421,20421,15,1997,1GNEK13R0VJ4,1,G,N,E,K,1,3,R,0,V,J,4,0,P,CHEV,KTA,UT,97,17,5225,,0,1175,,G,,0,0,000000000,00000000000,0,0,0,1,0,0,0,0,0,0,0,998,0,0,0,12,12,6,2,38,0,0,0,1,53,98264,0,0,0,0,0,0,65,160,0,1,0,0,5,7,2007,4,2010,0,0,0,0,0,1,2,50,1,1,2,1,0,0,1,13,1,1,4,1,1,1
53,530170,1,1,1,17,6,16,35,30,0,1,0,53,1,37,706,37706,80,2002,1HFSC46062A0,1,H,F,S,C,4,6,0,6,2,A,0,0,M,HOND,XT8,RS,2,17,,,,,,,1795,0,0,000000000,00000000000,0,0,0,1,0,0,0,0,0,0,0,998,0,0,0,12,12,6,2,30,0,0,0,1,53,98616,6,1,6,0,3,0,74,170,0,0,0,2,3,11,2007,10,2009,1,92,0,0,0,1,2,25,1,1,1,1,0,0,1,13,1,1,4,1,1,1
53,530171,1,1,1,7,3,18,49,8,0,1,0,53,1,12,3,12003,2,1995,1FALP45T2SF1,1,F,A,L,P,4,5,T,2,S,F,1,0,P,FORD,MGG,CV,95,17,3451,,0,1013,,G,,0,0,000000000,00000000000,0,0,0,1,0,0,0,0,0,0,0,998,0,0,0,12,12,6,2,8,0,0,0,1,53,98499,6,1,0,0,3,0,69,175,1,0,0,0,0,5,2009,5,2009,0,0,0,0,0,1,4,35,1,1,2,2,0,0,1,80,1,1,1,13,0,0
53,530172,1,3,1,23,6,9,38,12,2,1,0,53,1,18,2,18002,4,1990,1G4HR54C8LH5,1,G,4,H,R,5,4,C,8,L,H,5,0,P,BUIC,LLF,4D,90,17,3219,,0,1108,,G,,0,0,000000000,00000000000,0,0,0,1,0,0,0,0,0,0,0,998,3,0,0,12,12,6,2,12,0,0,0,1,53,98312,6,1,0,0,3,0,66,210,0,0,0,0,0,0,0,0,0,0,51,0,0,0,3,2,40,1,1,2,1,0,0,1,54,1,1,1,50,1,0