STATE,ST_CASE,VEH_NO,VE_FORMS,NUMOCCS,DAY,MONTH,HOUR,MINUTE,HARM_EV,MAN_COLL,UNITTYPE,HIT_RUN,REG_STAT,OWNER,MAKE,MODEL,MAK_MOD,BODY_TYP,MOD_YEAR,VIN,VIN_1,VIN_2,VIN_3,VIN_4,VIN_5,VIN_6,VIN_7,VIN_8,VIN_9,VIN_10,VIN_11,VIN_12,TOW_VEH,VINTYPE,VINMAKE,VINA_MOD,VIN_BT,VINMODYR,VIN_LNGT,VIN_WGT,WGTCD_TR,WHLBS_LG,WHLBS_SH,SER_TR,FUELCODE,MCYCL_DS,J_KNIFE,MCARR_I1,MCARR_I2,MCARR_ID,GVWR,V_CONFIG,CARGO_BT,HAZ_INV,HAZ_PLAC,HAZ_ID,HAZ_CNO,HAZ_REL,BUS_USE,SPEC_USE,EMER_USE,TRAV_SP,UNDERIDE,ROLLOVER,ROLINLOC,IMPACT1,IMPACT2,DEFORMED,TOWED,M_HARM,VEH_SC1,VEH_SC2,FIRE_EXP,DR_PRES,L_STATE,DR_ZIP,L_STATUS,L_TYPE,CDL_STAT,L_ENDORS,L_COMPL,L_RESTRI,DR_HGT,DR_WGT,PREV_ACC,PREV_SUS,PREV_DWI,PREV_SPD,PREV_OTH,FIRST_MO,FIRST_YR,LAST_MO,LAST_YR,SPEEDREL,DR_SF1,DR_SF2,DR_SF3,DR_SF4,VTRAFWAY,VNUM_LAN,VSPD_LIM,VALIGN,VPROFILE,VPAVETYP,VSURCOND,VTRAFCON,VTCONT_F,P_CRASH1,P_CRASH2,P_CRASH3,PCRASH4,PCRASH5,ACC_TYPE,DEATHS,DR_DRINK
53,530172,2,3,1,23,6,9,38,12,2,1,0,53,1,7,482,7482,31,2002,3B7MF33682M2,3,B,7,M,F,3,3,6,8,2,M,2,0,T,DODG,Q35,4C,2,17,,3,0,1547,RPC,D,,0,0,000000000,00000000000,0,0,0,1,0,0,0,0,0,0,0,998,0,0,0,12,12,6,2,12,0,0,0,1,53,98311,6,1,0,0,3,0,70,180,0,0,0,0,0,0,0,0,0,0,0,0,0,0,3,2,40,1,1,2,1,0,0,1,54,1,1,1,51,0,0
53,530172,3,3,1,23,6,9,38,12,2,1,0,53,3,12,23,12023,4,2008,3FAHP07Z18R2,3,F,A,H,P,0,7,Z,1,8,R,2,0,P,FORD,F/E,4D,8,17,3181,,0,1074,,G,,0,0,000000000,00000000000,0,0,0,1,0,0,0,0,0,0,0,998,0,0,0,9,9,6,2,12,0,0,0,1,53,98370,6,1,0,0,3,0,75,250,0,0,0,1,0,7,2007,7,2007,0,0,0,0,0,3,2,40,1,1,2,1,0,0,1,54,1,1,1,98,0,0
53,530173,1,2,2,26,6,2,5,12,6,1,0,53,1,49,472,49472,30,2002,5TBRT34192S2,5,T,B,R,T,3,4,1,9,2,S,2,0,T,TOYT,TRS,4C,2,17,,2,0,1283,TUN,G,999,0,0,000000000,00000000000,0,0,0,1,0,0,0,0,0,0,0,998,0,0,0,9,9,6,2,12,0,0,0,1,53,99022,6,1,0,0,3,0,68,175,0,0,0,2,0,7,2008,4,2009,1,91,92,0,0,4,5,30,1,1,2,1,4,3,1,17,1,1,1,89,0,1
53,530173,2,2,1,26,6,2,5,12,6,1,0,53,1,53,706,53706,80,2005,JS1GT76A6521,J,S,1,G,T,7,6,A,6,5,2,1,0,M,SUZI,XR1,RS,5,17,,,,,,,999,0,0,000000000,00000000000,0,0,0,1,0,0,0,0,0,0,0,998,0,0,0,12,12,6,2,12,0,0,0,1,53,99206,6,1,0,0,2,0,68,198,2,0,0,3,6,11,2007,2,2010,0,0,0,0,0,4,3,30,1,1,2,1,4,3,1,66,1,1,1,88,1,0
53,530174,1,1,2,27,6,22,45,8,0,1,0,53,1,63,31,63031,4,1997,KNAFA1256V53,K,N,A,F,A,1,2,5,6,V,5,3,0,P,KIA,RLG,4D,97,17,2476,,0,984,,G,,0,0,000000000,00000000000,0,0,0,1,0,0,0,0,0,0,0,998,0,0,0,12,12,2,3,8,0,0,0,1,53,99004,6,1,6,0,3,3,73,180,1,0,0,0,4,4,2010,4,2010,0,92,0,0,0,5,2,35,1,1,2,1,0,0,1,80,3,1,1,13,0,0
53,530175,1,2,1,30,6,15,55,12,1,1,0,53,1,37,705,37705,80,2000,JH2PC3505YM1,J,H,2,P,C,3,5,0,5,Y,M,1,0,M,HOND,CF4,RS,0,17,,,,,,,599,0,0,000000000,00000000000,0,0,0,1,0,0,0,0,0,0,0,998,0,0,0,12,12,6,2,12,0,0,0,1,53,98225,6,1,0,0,2,0,71,175,0,1,0,0,2,9,2009,9,2009,1,33,0,0,0,1,2,55,1,1,2,1,0,0,6,17,1,1,1,73,1,0
53,530175,2,2,1,30,6,15,55,12,1,1,0,53,1,20,401,20401,14,2000,1GNDT13W5Y21,1,G,N,D,T,1,3,W,5,Y,2,1,0,P,CHEV,BZR,UT,0,17,4049,,0,1070,,G,,0,0,000000000,00000000000,0,0,0,1,0,0,0,0,0,0,0,998,0,0,0,6,6,4,1,12,0,0,0,1,53,98226,6,1,0,0,3,3,70,190,0,0,0,0,0,0,0,0,0,0,42,0,0,0,1,2,55,1,1,2,1,0,0,11,15,1,1,1,72,0,0
53,530176,1,1,1,11,4,3,10,59,0,1,0,53,1,76,704,76704,80,1983,JYA12R000DA1,J,Y,A,1,2,R,0,0,0,D,A,1,0,M,YAMA,XS4,RS,83,17,,,,,,,400,0,0,000000000,00000000000,0,0,0,1,0,0,0,0,0,0,0,998,0,0,0,12,12,6,2,59,0,0,0,1,53,99224,6,1,0,0,3,0,72,145,0,0,0,1,0,8,2009,8,2009,0,0,0,0,0,1,2,35,3,1,2,1,0,0,14,13,1,1,4,1,1,1
53,530177,1,3,2,3,7,23,48,12,2,1,0,53,2,7,17,7017,5,1990,1B3XP48K5LN2,1,B,3,X,P,4,8,K,5,L,N,2,0,P,DODG,SHA,4H,90,17,2584,,0,970,,G,,0,0,000000000,00000000000,0,0,0,1,0,0,0,0,0,0,0,998,0,0,0,12,12,6,2,12,0,0,0,1,53,98629,1,1,0,0,2,0,67,130,1,1,0,0,4,9,2008,8,2009,1,51,0,0,0,1,2,50,1,2,2,1,0,0,1,54,1,1,2,50,0,1
53,530177,2,3,1,3,7,23,48,12,2,1,0,53,1,71,706,71706,80,2005,ZDM1RABP35B0,Z,D,M,1,R,A,B,P,3,5,B,0,0,U,,,,5,17,,,,,,,,0,0,000000000,00000000000,0,0,0,1,0,0,0,0,0,0,0,998,0,0,0,12,12,6,2,12,0,0,0,1,53,98642,6,1,0,0,3,3,75,190,0,0,0,0,0,0,0,0,0,0,0,0,0,0,1,2,50,1,2,2,1,0,0,1,62,1,1,1,51,1,0
53,530177,3,3,1,3,7,23,48,12,2,1,0,53,1,71,706,71706,80,2008,ZDM1YACP58B0,Z,D,M,1,Y,A,C,P,5,8,B,0,0,U,,,,8,17,,,,,,,,0,0,000000000,00000000000,0,0,0,1,0,0,0,0,0,0,0,998,0,0,0,12,12,6,2,12,0,0,0,1,53,98642,6,1,0,0,3,0,68,125,1,0,0,0,0,5,2009,5,2009,0,0,0,0,0,1,2,50,1,1,2,1,0,0,1,62,1,1,1,51,1,1
53,530178,1,1,3,3,7,7,15,42,0,1,0,53,3,12,23,12023,4,2010,3FAHP0HG6AR2,3,F,A,H,P,0,H,G,6,A,R,2,0,P,FORD,F/E,4D,10,17,3591,,0,1074,,F,,0,0,000000000,00000000000,0,0,0,1,0,0,0,0,0,0,0,998,0,0,0,12,12,6,2,42,0,0,0,1,53,98007,0,0,0,0,0,0,999,999,99,99,99,99,99,99,9999,99,9999,0,29,0,0,0,1,2,55,1,1,2,1,0,0,1,13,7,1,4,1,1,0
53,530179,1,2,1,4,7,12,35,12,1,1,0,6,2,62,401,62401,14,2002,SALTL15462A7,S,A,L,T,L,1,5,4,6,2,A,7,0,T,LNDR,DSD,4W,2,17,,2,0,1000,DIS,G,,0,0,000000000,00000000000,0,0,0,1,0,0,0,0,0,0,0,998,0,0,0,12,12,6,2,12,0,0,0,1,6,92106,6,1,0,0,3,0,67,160,0,0,0,0,1,2,2009,2,2009,0,0,0,0,0,1,2,40,1,1,2,1,0,0,1,50,1,1,1,20,0,0
53,530179,2,2,1,4,7,12,35,12,1,1,0,53,2,73,705,73705,80,2006,JKAKLEA136DA,J,K,A,K,L,E,A,1,3,6,D,A,0,M,KAWK,KL6,T,6,17,,,,,,,651,0,0,000000000,00000000000,0,0,0,1,0,0,0,0,0,0,0,0,0,0,0,6,6,6,2,12,0,0,0,1,53,98335,6,1,0,0,3,0,72,180,0,0,0,0,0,0,0,0,0,0,0,0,0,0,1,2,40,1,1,2,1,0,0,5,53,1,1,1,21,1,0
53,530180,1,1,1,5,7,3,12,24,0,1,0,53,2,7,402,7402,14,2001,1B4HS28N81F6,1,B,4,H,S,2,8,N,8,1,F,6,0,P,DODG,DUR,UT,1,17,4512,,0,1159,,G,,0,0,000000000,00000000000,0,0,0,1,0,0,0,0,0,0,0,998,0,1,5,12,13,6,2,21,0,0,0,1,53,98201,6,1,0,0,3,0,65,170,0,0,0,0,0,0,0,0,0,1,0,0,0,0,4,4,55,1,1,1,2,8,3,1,6,7,4,4,2,1,1
53,530181,1,1,1,6,7,20,35,11,0,1,0,53,1,72,706,72706,80,1995,1HD1BJL46SY0,1,H,D,1,B,J,L,4,6,S,Y,0,0,M,HD,STC,RS,95,17,,,,,,,1340,0,0,000000000,00000000000,0,0,0,1,0,0,0,0,0,0,0,998,0,0,0,12,12,6,2,11,0,0,0,1,53,98648,6,1,0,0,3,0,70,200,0,7,0,2,6,9,2007,3,2010,1,0,0,0,0,1,2,35,1,1,2,1,0,0,1,87,1,1,1,13,1,0
53,530182,1,1,1,17,6,11,0,39,0,1,0,53,1,49,32,49032,4,2009,JTDBL40E99J0,J,T,D,B,L,4,0,E,9,9,J,0,0,P,TOYT,CLB,4D,9,17,2723,,0,1024,,G,,0,0,000000000,00000000000,0,0,0,1,0,0,0,0,0,0,0,998,0,0,0,12,12,6,2,39,0,0,0,1,53,98848,6,1,0,0,3,0,66,115,0,0,0,0,0,0,0,0,0,0,0,0,0,0,1,2,45,3,9,2,1,0,0,14,13,1,1,4,1,1,0
53,530183,1,1,2,23,6,18,5,42,0,1,0,53,2,48,34,48034,6,1999,4S3BK4253X63,4,S,3,B,K,4,2,5,3,X,6,3,0,P,SUBA,UBE,SW,99,17,2905,,0,1035,,G,,0,0,000000000,00000000000,0,0,0,1,0,0,0,0,0,0,0,998,0,0,0,9,9,6,2,42,0,0,0,1,53,98584,6,1,0,0,3,0,66,145,0,0,0,0,0,0,0,0,0,0,0,0,0,0,2,2,60,1,2,2,1,0,0,1,51,6,3,4,2,1,0
53,530184,1,1,5,29,6,6,47,24,0,1,0,53,1,7,20,7020,4,2005,1B3ES26C85D1,1,B,3,E,S,2,6,C,8,5,D,1,0,P,DODG,BSE,4D,5,17,2584,,0,1040,,G,,0,0,000000000,00000000000,0,0,0,1,0,0,0,0,0,0,0,998,0,0,0,11,7,6,2,23,0,0,0,1,53,98466,6,1,0,0,3,0,71,175,1,0,0,0,0,12,2009,12,2009,0,0,0,0,0,3,2,70,1,1,1,1,0,0,1,12,1,1,4,6,2,0
53,530185,1,1,3,5,7,16,34,35,0,1,0,53,1,20,2,20002,4,2008,2G1WT55N7892,2,G,1,W,T,5,5,N,7,8,9,2,0,P,CHEV,IMT,4D,8,17,3555,,0,1105,,G,,0,0,000000000,00000000000,0,0,0,1,0,0,0,0,0,0,0,998,0,1,6,12,13,6,2,1,0,0,0,1,53,99344,6,1,0,0,3,0,64,160,0,0,0,4,0,9,2007,1,2010,1,0,0,0,0,1,2,50,1,2,2,1,0,0,1,6,99,2,4,7,1,0
53,530186,1,3,1,7,7,14,16,12,2,1,0,53,1,12,461,12461,21,2002,1FTSE34F52HA,1,F,T,S,E,3,4,F,5,2,H,A,0,T,FORD,3SD,CG,2,17,,2,0,1380,VAN,D,,0,0,000000000,00000000000,0,0,0,1,0,0,0,0,0,0,0,998,0,0,0,12,12,6,2,12,0,0,0,1,53,98922,6,1,0,0,3,0,71,185,0,0,0,2,0,4,2008,7,2009,0,0,0,0,0,1,2,60,1,1,2,1,0,0,1,10,1,1,2,50,0,0
53,530186,2,3,1,7,7,14,16,12,2,1,0,53,1,72,706,72706,80,2006,1HD1BJY146Y0,1,H,D,1,B,J,Y,1,4,6,Y,0,0,M,HD,STC,RS,6,17,,,,,,,1450,0,0,000000000,00000000000,0,0,0,1,0,0,0,0,0,0,0,998,0,0,0,12,12,6,2,12,0,0,0,1,53,98052,6,1,0,0,3,0,74,185,1,0,0,0,0,8,2007,8,2007,0,0,0,0,0,1,2,60,1,1,2,1,0,0,1,62,1,1,1,51,1,0
53,530186,3,3,1,7,7,14,16,12,2,1,0,53,1,73,706,73706,80,2007,JKBVNKD1X7A0,J,K,B,V,N,K,D,1,X,7,A,0,0,M,KAWK,DVN,RS,7,17,,,,,,,1552,0,0,000000000,00000000000,0,0,0,1,0,0,0,0,0,0,0,998,0,0,0,12,12,6,2,12,0,0,0,1,53,98260,6,1,0,0,3,3,67,155,0,0,0,0,0,0,0,0,0,0,0,0,0,0,1,2,60,1,1,2,1,0,0,1,62,1,1,1,98,0,0
53,530187,1,1,1,7,7,21,49,34,0,1,0,53,1,72,706,72706,80,2009,1HD1BX5199Y0,1,H,D,1,B,X,5,1,9,9,Y,0,0,M,HD,FLF,RS,9,17,,,,,,,1584,0,0,000000000,00000000000,0,0,0,1,0,0,0,0,0,0,0,998,0,0,0,12,12,6,2,34,0,0,0,1,53,98584,6,1,0,0,3,0,65,140,0,0,0,2,0,12,2009,12,2009,1,0,0,0,0,1,2,40,3,2,2,1,0,0,14,8,3,2,4,2,1,1
53,530188,1,3,3,8,7,18,57,12,6,1,0,53,2,24,2,24002,2,2001,1G8ZR12701Z2,1,G,8,Z,R,1,2,7,0,1,Z,2,0,P,STRN,SC2,3P,1,17,2436,,0,1024,,G,,0,0,000000000,00000000000,0,0,0,1,0,0,0,0,0,0,0,998,0,0,0,3,3,6,2,12,0,0,0,1,53,98513,6,2,0,0,3,0,69,140,0,0,0,0,0,0,0,0,0,0,38,0,0,0,1,2,40,1,1,2,1,0,0,11,15,1,1,1,68,1,0
53,530188,2,3,4,8,7,18,57,12,6,1,0,53,2,7,482,7482,31,2004,3D7LU38C94G2,3,D,7,L,U,3,8,C,9,4,G,2,0,T,DODG,SQ3,CW,4,17,,2,1605,1405,RPC,D,,0,0,000000000,00000000000,0,0,0,1,0,0,0,0,0,0,0,998,0,0,0,12,12,6,2,12,0,0,0,1,53,98503,6,1,0,0,3,0,66,140,0,0,0,0,0,0,0,0,0,0,0,0,0,0,1,2,40,1,1,2,1,0,0,1,17,1,1,1,69,0,0
53,530188,3,3,1,8,7,18,57,12,6,1,0,53,3,12,16,12016,4,2007,2FAHP71WX7X1,2,F,A,H,P,7,1,W,X,7,X,1,0,P,FORD,CVP,4D,7,17,4129,,0,1146,,G,,0,0,000000000,00000000000,0,0,0,1,0,0,0,0,0,0,0,0,0,0,0,4,4,2,1,12,0,0,0,1,53,98513,6,1,0,0,3,0,67,195,0,0,0,0,0,0,0,0,0,0,0,0,0,0,1,2,40,1,1,2,1,20,3,5,66,1,1,1,98,0,0
53,530189,1,1,1,10,7,17,20,34,0,1,0,53,1,37,734,37734,90,2007,1HFTE2306747,1,H,F,T,E,2,3,0,6,7,4,7,0,M,HOND,TRE,AT,7,17,,,,,,,397,0,0,000000000,00000000000,0,0,0,1,0,0,0,0,0,0,0,998,0,0,0,12,12,6,2,42,0,0,0,1,53,98520,6,1,0,0,3,0,70,170,0,0,0,0,0,0,0,0,0,1,0,0,0,0,9,8,98,3,2,4,1,0,0,14,13,3,1,4,1,1,1
53,530190,1,2,1,10,7,13,14,12,1,1,0,53,2,12,401,12401,14,1991,1FMDU34X0MUC,1,F,M,D,U,3,4,X,0,M,U,C,0,P,FORD,EPR,UT,91,17,0,,0,1120,,G,,0,0,000000000,00000000000,0,0,0,1,0,0,0,0,0,0,0,998,0,0,0,12,12,6,2,12,0,0,0,1,53,98937,1,1,0,0,2,3,72,160,0,2,0,0,4,7,2007,6,2010,0,26,0,0,0,1,2,55,1,1,2,1,0,0,1,50,1,1,1,24,0,1
53,530190,2,2,1,10,7,13,14,12,1,1,0,53,1,73,706,73706,80,2003,JKBVNKA123A0,J,K,B,V,N,K,A,1,2,3,A,0,0,M,KAWK,V6A,RS,3,17,,,,,,,1552,0,0,000000000,00000000000,0,0,0,1,0,0,0,0,0,0,0,998,0,0,0,6,6,6,2,12,0,0,0,1,53,98908,6,1,0,0,3,0,71,250,0,0,0,0,0,0,0,0,0,0,0,0,0,0,1,2,55,1,1,2,1,0,0,2,53,1,1,1,25,1,0
53,530191,1,1,1,10,7,14,38,1,0,1,0,53,1,2,404,2404,14,2005,1J4GR48K65C6,1,J,4,G,R,4,8,K,6,5,C,6,0,T,JEEP,LCF,4W,5,17,,1,0,1095,GCK,G,,0,0,000000000,00000000000,0,0,0,1,0,0,0,0,0,0,0,998,0,9,6,0,0,6,2,1,0,0,0,1,53,98948,6,1,0,0,3,0,65,150,0,0,0,2,0,12,2007,4,2010,0,0,0,0,0,2,2,70,1,1,2,1,0,0,1,13,1,1,4,1,1,0
53,530192,1,1,1,10,7,19,57,30,0,1,0,53,2,37,31,37031,4,2005,JHMES95685S0,J,H,M,E,S,9,5,6,8,5,S,0,0,P,HOND,CHY,4D,5,17,2732,,0,1032,,B,,0,0,000000000,00000000000,0,0,0,1,0,0,0,0,0,0,0,998,0,0,0,3,3,6,2,30,0,0,0,1,53,98204,1,1,0,0,2,0,71,180,0,5,0,0,12,5,2008,5,2010,1,0,0,0,0,1,2,35,3,2,2,1,0,0,14,6,6,4,4,7,1,1
53,530193,1,1,1,13,7,0,21,43,0,1,0,53,2,7,20,7020,4,1995,1B3ES47C7SD1,1,B,3,E,S,4,7,C,7,S,D,1,0,P,DODG,NEH,4P,95,17,2463,,0,1040,,G,,0,0,000000000,00000000000,0,0,0,1,0,0,0,0,0,0,0,998,0,0,0,12,12,6,2,43,0,0,0,1,53,98362,6,1,0,0,3,3,67,115,0,0,0,0,0,0,0,0,0,0,0,0,0,0,5,2,55,1,1,2,1,0,0,1,13,1,1,4,1,1,1
53,530194,1,2,1,14,7,17,30,12,6,1,0,53,1,12,17,12017,4,2004,1FAFP55S64G2,1,F,A,F,P,5,5,S,6,4,G,2,0,P,FORD,TSS,4D,4,17,3306,,0,1085,,G,,0,0,000000000,00000000000,0,0,0,1,0,0,0,0,0,0,0,998,0,0,0,9,9,6,2,12,0,0,0,1,53,98198,6,1,0,0,3,0,66,164,1,0,0,0,0,9,2008,9,2008,0,0,0,0,0,1,2,40,1,1,2,1,0,0,98,98,1,1,2,72,1,0
53,530194,2,2,1,14,7,17,30,12,6,1,0,53,3,82,881,82881,66,1999,1FUWHJBA1XHA,1,F,U,W,H,J,B,A,1,X,H,A,1,T,FRHT,F70,DS,99,17,,7,0,0,MCV,D,,1,57,0008314,570008314,3,6,1,1,0,0,0,0,0,0,0,998,0,0,0,12,12,6,2,12,0,0,0,1,53,98391,6,1,6,1,3,0,69,170,0,0,0,2,0,3,2008,2,2009,0,0,0,0,0,1,2,40,1,1,2,1,0,0,1,64,1,1,1,73,0,0
53,530195,1,1,3,15,7,16,18,1,0,1,0,53,2,54,31,54031,3,1992,JH4DB2381NS0,J,H,4,D,B,2,3,8,1,N,S,0,0,P,ACUR,GSR,2H,92,17,2643,,0,1004,,G,,0,0,000000000,00000000000,0,0,0,1,0,0,0,0,0,0,0,998,0,1,6,0,0,6,2,1,0,0,0,1,53,98823,6,7,0,0,3,3,65,132,0,0,0,0,0,0,0,0,0,1,0,0,0,0,1,2,60,1,1,2,1,0,0,1,6,1,4,4,7,3,0
53,530196,1,2,2,16,7,22,41,12,2,1,0,53,1,22,9,22009,2,1985,1G2FW87H0FL6,1,G,2,F,W,8,7,H,0,F,L,6,0,P,PONT,FAM,2H,85,17,3133,,0,1010,,G,,0,0,000000000,00000000000,0,0,0,1,0,0,0,0,0,0,0,998,0,0,0,12,12,6,2,12,0,0,0,1,53,99006,6,1,0,0,3,0,72,160,0,0,0,2,0,9,2007,10,2008,0,51,0,0,0,1,2,45,1,1,2,1,0,0,1,54,1,1,2,50,0,1
53,530196,2,2,1,16,7,22,41,12,2,1,0,53,1,98,703,98703,88,2007,LHJLC79K47B0,L,H,J,L,C,7,9,K,4,7,B,0,0,U,,,,7,17,,,,,,,,0,0,000000000,00000000000,0,0,0,1,0,0,0,0,0,0,0,998,0,0,0,12,12,6,2,12,0,0,0,1,53,99207,6,1,6,0,3,0,67,245,0,0,0,0,0,0,0,0,0,0,0,0,0,0,1,2,45,1,1,2,1,0,0,1,54,1,1,1,51,1,0
53,530197,1,2,1,19,7,18,44,12,6,1,0,53,1,7,461,7461,21,2000,2B6HB11Y4YK1,2,B,6,H,B,1,1,Y,4,Y,K,1,0,T,DODG,15B,IC,0,17,,2,1272,1093,RMV,G,,0,0,000000000,00000000000,0,0,0,1,0,0,0,0,0,0,0,998,0,0,0,12,12,6,2,12,0,0,0,1,53,98952,1,1,0,0,2,3,62,145,0,2,0,0,1,8,2007,11,2008,0,39,0,0,0,1,2,50,1,1,2,1,20,3,1,17,1,1,1,88,0,0
53,530197,2,2,3,19,7,18,44,12,6,1,0,53,1,23,481,23481,31,1990,2GTEK14Z2L15,2,G,T,E,K,1,4,Z,2,L,1,5,0,T,GMC,SK1,PK,90,17,,2,1315,1175,SIE,G,,0,0,000000000,00000000000,0,0,0,1,0,0,0,0,0,0,0,998,0,0,0,9,9,6,2,12,0,0,1,1,53,98948,6,1,0,0,3,0,71,270,0,0,0,0,0,0,0,0,0,0,0,0,0,0,1,2,50,1,1,2,1,0,0,1,66,1,1,1,89,2,0
53,530198,1,2,1,19,7,16,58,12,2,1,0,53,1,49,482,49482,31,2002,5TBBT48182S2,5,T,B,B,T,4,8,1,8,2,S,2,0,T,TOYT,TXL,4C,2,17,,2,0,1283,TUN,G,,0,0,000000000,00000000000,0,0,0,1,0,0,0,0,0,0,0,998,0,0,0,12,12,6,2,12,0,0,0,1,53,98024,6,1,0,0,3,3,72,166,0,0,0,1,0,8,2007,8,2007,0,51,0,0,0,1,2,45,2,2,2,1,0,0,14,10,1,1,2,50,1,0
53,530198,2,2,1,19,7,16,58,12,2,1,0,53,3,12,481,12481,31,2004,1FDXW47P34EE,1,F,D,X,W,4,7,P,3,4,E,E,0,T,FORD,F4D,CB,4,17,,4,0,1890,DRW,D,,0,0,000000000,00000000000,0,0,0,1,0,0,0,0,0,0,0,998,0,0,0,12,12,6,2,12,0,0,0,1,53,98022,6,1,6,1,3,0,72,295,0,0,0,0,0,0,0,0,0,0,0,0,0,0,1,2,45,3,1,2,1,0,0,14,62,1,1,1,51,0,0
53,530199,1,1,3,23,7,15,33,1,0,1,0,53,1,49,482,49482,31,2001,5TBBT44141S1,5,T,B,B,T,4,4,1,4,1,S,1,0,T,TOYT,TRS,4C,1,17,,2,0,1283,TUN,G,,0,0,000000000,00000000000,0,0,0,1,0,0,0,0,0,0,0,998,0,9,6,0,0,6,2,1,0,0,0,1,53,98391,6,1,0,0,3,0,71,230,0,0,0,0,0,0,0,0,0,1,58,91,0,0,1,2,35,3,1,2,1,0,0,14,11,6,4,4,7,1,1
53,530200,1,2,4,29,7,14,29,12,6,1,0,53,1,18,2,18002,4,2001,1G4HP54K61U2,1,G,4,H,P,5,4,K,6,1,U,2,0,P,BUIC,LCF,4D,1,17,3567,,0,1122,,G,,0,0,000000000,00000000000,0,0,0,1,0,0,0,0,0,0,0,998,0,0,0,8,8,6,2,12,0,0,0,1,53,98584,6,1,0,0,3,0,72,175,0,0,0,0,0,0,0,0,0,0,38,0,0,0,1,2,50,1,8,2,1,20,3,11,15,1,1,1,82,1,0
53,530200,2,2,2,29,7,14,29,12,6,1,0,53,1,7,482,7482,31,2000,3B7HF13Y5YG1,3,B,7,H,F,1,3,Y,5,Y,G,1,0,T,DODG,Q15,4C,0,17,,2,1547,1387,RPC,G,,0,0,000000000,00000000000,0,0,0,1,0,0,0,0,0,0,0,998,0,0,0,12,12,6,2,12,0,0,0,1,53,98629,6,1,0,0,3,3,75,190,1,0,0,1,0,9,2008,3,2009,0,0,0,0,0,1,2,50,3,2,2,1,0,0,14,67,9,1,1,83,0,0
53,530201,1,2,1,30,7,22,45,12,2,1,0,53,1,49,472,49472,30,2002,5TEWN72N02Z0,5,T,E,W,N,7,2,N,0,2,Z,0,0,T,TOYT,XTR,CW,2,17,,1,0,1219,TAC,G,,0,0,000000000,00000000000,0,0,0,1,0,0,0,0,0,0,0,998,7,0,0,12,12,6,2,12,0,0,0,1,53,99352,6,1,0,0,3,0,71,190,0,0,0,1,0,6,2008,6,2008,0,51,0,0,0,1,2,55,2,1,2,1,0,0,14,10,1,1,2,50,1,1
53,530201,2,2,1,30,7,22,45,12,2,1,0,53,2,20,16,20016,4,2002,1G1JC5244274,1,G,1,J,C,5,2,4,4,2,7,4,0,P,CHEV,CAC,4D,2,17,2676,,0,1041,,C,,0,0,000000000,00000000000,0,0,0,1,0,0,0,0,0,0,0,998,0,0,0,12,12,6,2,12,0,0,0,1,53,99338,6,1,0,0,3,0,70,170,0,0,0,0,0,0,0,0,0,0,0,0,0,0,1,2,55,3,1,2,1,0,0,14,62,1,1,1,51,0,0
53,530202,1,3,2,31,7,2,43,12,7,1,0,53,1,34,37,34037,4,2002,WBAGN63452DR,W,B,A,G,N,6,3,4,5,2,D,R,0,P,BMW,45L,4D,2,17,4464,,0,1232,,G,,0,0,000000000,00000000000,0,0,0,1,0,0,0,0,0,0,0,998,0,0,0,7,12,6,2,12,0,0,0,1,53,98036,6,1,0,0,3,0,70,145,0,1,0,1,3,10,2007,4,2010,1,0,0,0,0,3,4,60,2,4,2,1,0,0,6,6,1,1,2,47,2,1
53,530202,2,3,5,31,7,2,43,12,7,1,0,53,2,54,39,54039,4,2005,JH4CL95845C0,J,H,4,C,L,9,5,8,4,5,C,0,0,P,ACUR,TSX,4D,5,17,3230,,0,1051,,G,,0,0,000000000,00000000000,0,0,0,1,0,0,0,0,0,0,0,998,0,0,0,2,2,2,1,12,0,0,0,1,53,98125,6,1,0,0,3,3,69,180,0,0,0,0,0,0,0,0,0,0,0,0,0,0,3,4,60,2,4,2,1,0,0,14,60,1,1,1,45,0,1
53,530202,3,3,2,31,7,2,43,12,7,1,0,53,3,12,461,12461,21,2008,1FDXE45P38DB,1,F,D,X,E,4,5,P,3,8,D,B,0,T,FORD,4DC,YY,8,17,,4,1760,1580,CTV,D,,0,0,000000000,00000000000,0,0,0,1,0,0,0,0,0,0,0,998,0,0,0,6,6,6,2,12,0,0,0,1,53,98290,6,1,0,0,3,3,67,160,0,0,0,0,0,0,0,0,0,0,0,0,0,0,3,4,60,2,4,2,1,0,0,14,60,1,1,1,98,0,0
53,530203,1,2,1,31,7,8,12,12,2,1,0,53,1,52,34,52034,4,1994,4A3AJ56G6RE0,4,A,3,A,J,5,6,G,6,R,E,0,0,P,MITS,UEL,4D,94,17,3042,,0,1037,,G,,0,0,000000000,00000000000,0,0,0,1,0,0,0,0,0,0,0,998,0,0,0,12,12,6,2,12,0,0,0,1,53,98604,6,1,0,0,3,0,68,160,0,0,0,0,0,0,0,0,0,0,0,0,0,0,1,2,35,1,1,2,1,0,0,1,10,1,1,2,50,1,1
53,530203,2,2,1,31,7,8,12,12,2,1,0,53,1,20,481,20481,31,2004,1GCEK19V44E1,1,G,C,E,K,1,9,V,4,4,E,1,0,T,CHEV,SK1,4C,4,17,,2,1575,1435,SIL,G,,0,0,000000000,00000000000,0,0,0,1,0,0,0,0,0,0,0,998,0,0,0,12,12,6,2,12,0,0,0,1,53,98686,6,1,0,0,3,0,71,205,0,0,0,2,0,4,2009,4,2010,0,0,0,0,0,1,2,35,1,1,2,1,0,0,1,62,7,1,2,51,0,0