STATE,ST_CASE,VEH_NO,VE_FORMS,NUMOCCS,DAY,MONTH,HOUR,MINUTE,HARM_EV,MAN_COLL,UNITTYPE,HIT_RUN,REG_STAT,OWNER,MAKE,MODEL,MAK_MOD,BODY_TYP,MOD_YEAR,VIN,VIN_1,VIN_2,VIN_3,VIN_4,VIN_5,VIN_6,VIN_7,VIN_8,VIN_9,VIN_10,VIN_11,VIN_12,TOW_VEH,VINTYPE,VINMAKE,VINA_MOD,VIN_BT,VINMODYR,VIN_LNGT,VIN_WGT,WGTCD_TR,WHLBS_LG,WHLBS_SH,SER_TR,FUELCODE,MCYCL_DS,J_KNIFE,MCARR_I1,MCARR_I2,MCARR_ID,GVWR,V_CONFIG,CARGO_BT,HAZ_INV,HAZ_PLAC,HAZ_ID,HAZ_CNO,HAZ_REL,BUS_USE,SPEC_USE,EMER_USE,TRAV_SP,UNDERIDE,ROLLOVER,ROLINLOC,IMPACT1,IMPACT2,DEFORMED,TOWED,M_HARM,VEH_SC1,VEH_SC2,FIRE_EXP,DR_PRES,L_STATE,DR_ZIP,L_STATUS,L_TYPE,CDL_STAT,L_ENDORS,L_COMPL,L_RESTRI,DR_HGT,DR_WGT,PREV_ACC,PREV_SUS,PREV_DWI,PREV_SPD,PREV_OTH,FIRST_MO,FIRST_YR,LAST_MO,LAST_YR,SPEEDREL,DR_SF1,DR_SF2,DR_SF3,DR_SF4,VTRAFWAY,VNUM_LAN,VSPD_LIM,VALIGN,VPROFILE,VPAVETYP,VSURCOND,VTRAFCON,VTCONT_F,P_CRASH1,P_CRASH2,P_CRASH3,PCRASH4,PCRASH5,ACC_TYPE,DEATHS,DR_DRINK
53,530237,2,2,2,28,8,12,10,12,2,1,0,53,1,20,421,20421,15,1997,1GNEK13R3VJ4,1,G,N,E,K,1,3,R,3,V,J,4,0,P,CHEV,KTA,UT,97,17,5225,,0,1175,,G,,0,0,000000000,00000000000,0,0,0,1,0,0,0,0,0,0,0,998,0,0,0,12,12,6,2,12,0,0,0,1,53,99009,6,1,6,0,3,3,73,215,0,0,0,0,0,0,0,0,0,0,0,0,0,0,1,2,60,1,2,2,1,0,0,1,62,1,1,1,51,0,0
53,530238,1,1,1,28,8,6,40,35,0,1,0,53,1,20,401,20401,14,2002,1GNDT13S6221,1,G,N,D,T,1,3,S,6,2,2,1,0,P,CHEV,TRL,UT,2,17,4628,,0,1130,,G,,0,0,000000000,00000000000,0,0,0,1,0,0,0,0,0,0,0,998,0,1,6,12,12,6,2,1,0,0,0,1,53,98038,6,1,0,0,3,0,71,185,0,3,0,1,2,9,2007,9,2009,0,48,0,0,0,6,1,65,2,2,2,1,0,0,14,13,7,1,4,1,1,1
53,530239,1,1,1,30,7,16,39,1,0,1,0,53,2,73,706,73706,80,2007,JKAVN2B197A0,J,K,A,V,N,2,B,1,9,7,A,0,0,M,KAWK,VN9,RS,7,17,,,,,,,903,0,0,000000000,00000000000,0,0,0,1,0,0,0,0,0,0,0,998,0,0,0,0,0,6,2,1,0,0,0,1,53,98020,6,1,0,0,3,0,75,190,1,0,0,0,1,8,2007,4,2010,0,0,0,0,0,1,2,60,1,1,2,1,0,0,2,8,3,4,2,98,1,0
53,530240,1,1,2,20,6,5,17,1,0,1,0,53,1,7,43,7043,2,2005,4B3AG52H25E0,4,B,3,A,G,5,2,H,2,5,E,0,0,P,DODG,SRS,2P,5,17,3170,,0,1037,,G,,0,0,000000000,00000000000,0,0,0,1,0,0,0,0,0,0,0,998,0,9,6,0,0,6,2,1,0,0,0,1,53,99212,1,1,0,0,2,3,67,180,0,1,0,0,0,5,2010,5,2010,0,0,0,0,0,1,2,50,2,1,2,1,0,0,14,12,1,2,4,7,2,1
53,530241,1,1,1,21,8,3,46,30,0,1,0,53,1,42,42,42042,2,2008,WDDGF54X18F0,W,D,D,G,F,5,4,X,1,8,F,0,0,P,MERZ,C30,4D,8,17,3527,,0,1087,,G,,0,0,000000000,00000000000,0,0,0,1,0,0,0,0,0,0,0,998,0,0,0,12,12,6,2,30,0,0,0,1,53,98513,6,1,0,0,3,0,64,145,0,0,0,0,0,0,0,0,0,1,0,0,0,0,1,2,40,2,1,2,1,0,0,14,12,1,1,4,6,1,1
53,530242,1,1,1,31,7,22,46,38,0,1,0,53,2,73,705,73705,80,2003,JKAZX4K173A0,J,K,A,Z,X,4,K,1,7,3,A,0,0,M,KAWK,ZXK,RS,3,17,,,,,,,599,0,0,000000000,00000000000,0,0,0,1,0,0,0,0,0,0,0,998,0,0,0,12,12,6,2,38,0,0,0,1,53,98087,1,1,0,0,2,0,68,165,1,8,0,0,4,10,2007,5,2010,1,0,0,0,0,3,2,35,3,1,2,1,0,0,14,13,1,1,4,1,1,0
53,530243,1,1,1,27,8,21,31,14,0,1,0,53,1,49,472,49472,30,2008,5TEMU52N28Z5,5,T,E,M,U,5,2,N,2,8,Z,5,0,T,TOYT,DBD,CW,8,17,,1,0,1409,TAC,G,,0,0,000000000,00000000000,0,0,0,1,0,0,0,0,0,0,0,998,0,0,0,12,12,6,2,8,0,0,0,1,53,98204,6,1,0,0,3,0,73,170,0,0,0,0,0,0,0,0,0,0,91,0,0,0,5,4,50,1,2,2,1,0,0,1,82,1,1,4,1,0,1
53,530244,1,2,2,23,7,21,29,12,2,1,0,53,2,12,3,12003,3,1993,1FACP42E7PF2,1,F,A,C,P,4,2,E,7,P,F,2,0,P,FORD,MCG,2H,93,17,3144,,0,1005,,G,,0,0,000000000,00000000000,0,0,0,1,0,0,0,0,0,0,0,998,0,0,0,12,12,6,2,12,0,0,0,1,33,3458,6,1,0,0,3,0,66,135,0,0,0,1,0,3,2009,3,2009,0,38,48,0,0,1,2,50,1,1,2,1,0,0,11,15,1,1,2,68,0,0
53,530244,2,2,1,23,7,21,29,12,2,1,0,53,1,72,706,72706,80,1996,1HD1GEL13TY3,1,H,D,1,G,E,L,1,3,T,Y,3,0,M,HD,FWG,RS,96,17,,,,,,,1340,0,0,000000000,00000000000,0,0,0,1,0,0,0,0,0,0,0,998,0,0,0,12,12,6,2,12,0,0,0,1,53,98604,6,1,0,0,2,3,72,206,0,0,0,0,0,0,0,0,0,0,0,0,0,0,1,2,50,1,1,2,1,0,0,1,62,1,1,1,69,1,1
53,530245,1,2,2,18,6,15,3,12,6,1,0,53,1,18,20,18020,4,2004,2G4WB52K5412,2,G,4,W,B,5,2,K,5,4,1,2,0,P,BUIC,RLS,4D,4,17,3418,,0,1090,,G,,0,0,000000000,00000000000,0,0,0,1,0,0,0,0,0,0,0,998,0,0,0,9,9,6,2,12,0,0,0,1,53,98022,6,1,0,0,3,3,72,220,1,0,0,0,0,3,2009,3,2009,0,38,39,0,0,1,2,35,1,1,2,1,20,3,1,17,1,1,1,89,2,0
53,530245,2,2,3,18,6,15,3,12,6,1,0,53,2,12,401,12401,14,1999,1FMZU34X7XZA,1,F,M,Z,U,3,4,X,7,X,Z,A,0,P,FORD,EPR,UT,99,17,4128,,0,1116,,G,,0,0,000000000,00000000000,0,0,0,1,0,0,0,0,0,0,0,998,0,1,1,12,12,6,2,12,0,0,0,1,53,98022,6,1,0,0,3,0,67,135,0,0,0,0,0,0,0,0,0,0,0,0,0,0,1,2,55,3,2,1,1,0,0,14,66,1,1,1,88,0,0
53,530246,1,1,1,5,7,15,15,8,0,1,0,53,1,19,481,19481,31,2009,1GYFK43519R1,1,G,Y,F,K,4,3,5,1,9,R,1,0,P,CADI,ESC,UT,9,17,5665,,0,1160,,B,,0,0,000000000,00000000000,0,0,0,1,0,0,0,0,0,0,0,998,0,0,0,3,3,2,1,8,0,0,0,1,53,98528,6,1,0,0,3,0,76,310,1,0,0,1,1,8,2007,6,2008,0,0,0,0,0,1,2,25,1,1,2,1,0,0,1,80,1,1,1,13,0,0
53,530247,1,1,1,24,7,16,41,9,0,1,0,53,2,54,31,54031,4,1995,JH4DB7566SS0,J,H,4,D,B,7,5,6,6,S,S,0,0,P,ACUR,ISE,4D,95,17,2654,,0,1031,,G,,0,0,000000000,00000000000,0,0,0,1,0,0,0,0,0,0,0,34,0,0,0,12,12,9,2,9,0,0,0,1,53,98626,6,1,0,0,3,0,67,140,0,0,0,0,0,0,0,0,0,0,0,0,0,0,5,4,35,1,1,2,1,0,0,1,83,1,1,1,13,0,0
53,530248,1,3,2,30,7,15,31,12,6,1,0,53,1,2,404,2404,14,1994,1J4GZ58Y5RC1,1,J,4,G,Z,5,8,Y,5,R,C,1,0,T,JEEP,LRO,4W,94,17,,1,0,1059,GCK,G,,0,0,000000000,00000000000,0,0,0,1,0,0,0,0,0,0,0,998,0,0,0,2,2,6,2,12,0,0,0,1,53,98003,6,1,0,0,3,3,68,289,0,0,0,0,0,0,0,0,0,0,38,0,0,0,5,6,45,1,1,2,1,0,0,11,15,1,1,2,68,1,0
53,530248,2,3,1,30,7,15,31,12,6,1,0,53,3,98,981,98981,52,2009,5FYH7YU139B0,5,F,Y,H,7,Y,U,1,3,9,B,0,0,U,,,,9,17,,,,,,,,0,99,999999999,99999999999,3,21,22,1,0,0,0,0,4,0,0,998,0,0,0,12,12,2,1,12,0,0,0,1,53,98203,6,1,6,1,3,0,66,165,0,0,0,0,0,0,0,0,0,0,0,0,0,0,5,6,45,1,1,2,1,0,0,1,98,1,1,1,69,0,0
53,530248,3,3,1,30,7,15,31,12,6,1,0,53,3,12,481,12481,31,2001,2FTRX18L61CA,2,F,T,R,X,1,8,L,6,1,C,A,0,T,FORD,F15,4C,1,17,,2,1574,1388,COF,G,,0,0,000000000,00000000000,0,0,0,1,0,0,0,0,0,0,0,998,0,0,0,6,6,2,1,12,0,0,0,1,53,98033,6,1,0,0,3,0,72,190,0,0,0,0,0,0,0,0,0,0,0,0,0,0,5,6,45,1,1,2,1,0,0,1,98,1,1,1,98,0,0
53,530249,1,2,1,17,8,14,27,12,2,1,0,53,1,12,461,12461,21,1997,1FDKE30S3VHB,1,F,D,K,E,3,0,S,3,V,H,B,0,T,FORD,35C,MY,97,17,,3,1760,1380,CTV,G,,0,0,000000000,00000000000,0,0,0,1,0,0,0,0,0,0,0,998,0,9,6,12,12,6,2,12,0,0,0,1,53,98358,6,1,0,0,3,0,76,260,0,0,0,1,0,8,2007,8,2007,0,51,58,0,0,1,2,60,2,1,2,1,0,0,14,10,7,1,2,50,1,0
53,530249,2,2,2,17,8,14,27,12,2,1,0,53,2,59,403,59403,14,2004,JTJHA31U6400,J,T,J,H,A,3,1,U,6,4,0,0,0,P,LEXS,R33,UT,4,17,4065,3,0,1069,CTV,G,,0,0,000000000,00000000000,0,0,0,1,0,0,0,0,0,0,0,998,0,0,0,12,12,6,2,12,0,0,0,1,53,98006,6,2,0,0,3,0,60,110,0,0,0,0,0,0,0,0,0,0,0,0,0,0,1,2,60,3,1,2,1,0,0,14,62,6,1,2,51,0,0
53,530250,1,3,1,24,8,20,45,12,6,1,0,53,1,12,401,12401,14,2001,1FMZU72E31ZA,1,F,M,Z,U,7,2,E,3,1,Z,A,0,P,FORD,EPR,UT,1,17,4045,,0,1116,,G,,0,0,000000000,00000000000,0,0,0,1,0,0,0,0,0,0,0,998,9,0,0,12,12,6,2,12,0,0,0,1,53,98031,1,1,0,0,2,0,69,160,0,4,0,0,8,10,2007,6,2010,0,0,0,0,0,1,4,45,1,1,2,1,3,3,1,17,1,1,1,69,0,0
53,530250,2,3,2,24,8,20,45,12,6,1,0,53,1,63,32,63032,4,2009,KNADE2231965,K,N,A,D,E,2,2,3,1,9,6,5,0,P,KIA,RBL,4D,9,17,0,,0,984,,G,,0,0,000000000,00000000000,0,0,0,1,0,0,0,0,0,0,0,998,9,0,0,3,3,6,2,12,0,0,0,1,53,98198,6,1,0,0,3,0,66,180,0,0,0,1,1,7,2009,9,2009,0,0,0,0,0,1,4,45,1,1,2,1,3,3,11,15,1,1,1,68,2,0
53,530250,3,3,1,24,8,20,45,12,6,1,0,53,1,52,46,52046,4,2003,JA3AJ86E43U0,J,A,3,A,J,8,6,E,4,3,U,0,0,P,MITS,LZR,4D,3,17,2701,,0,1024,,G,,0,0,000000000,00000000000,0,0,0,1,0,0,0,0,0,0,0,998,0,0,0,12,12,9,9,12,0,0,0,1,53,98188,6,1,0,0,3,0,65,175,0,0,0,0,0,0,0,0,0,0,0,0,0,0,1,4,40,1,1,2,1,3,3,1,67,1,1,1,98,0,0
53,530251,1,2,1,26,8,14,41,12,2,1,0,53,2,37,31,37031,2,1998,1HGEJ8170WL8,1,H,G,E,J,8,1,7,0,W,L,8,0,P,HOND,CUI,CP,98,17,2514,,0,1032,,G,,0,0,000000000,00000000000,0,0,0,1,0,0,0,0,0,0,0,998,0,0,0,12,12,6,2,12,0,0,0,1,53,98223,6,1,0,0,3,3,63,130,0,2,0,0,2,8,2007,11,2008,0,0,0,0,0,1,2,50,1,1,2,2,0,0,1,10,1,1,2,50,1,0
53,530251,2,2,1,26,8,14,41,12,2,1,0,53,2,12,471,12471,30,2010,1FTKR1AD3APA,1,F,T,K,R,1,A,D,3,A,P,A,0,T,FORD,RNG,PK,10,17,,1,0,1115,RNG,G,,0,0,000000000,00000000000,0,0,0,1,0,0,0,0,0,0,0,998,0,0,0,12,12,6,2,12,0,0,0,1,53,98282,6,1,0,0,3,3,66,220,1,0,0,1,0,4,2009,4,2010,0,0,0,0,0,1,2,50,1,1,2,2,0,0,1,62,1,1,1,51,0,0
53,530252,1,2,2,28,8,14,18,12,6,1,0,53,1,49,482,49482,31,2001,5TBBT44131S2,5,T,B,B,T,4,4,1,3,1,S,2,0,T,TOYT,TRS,4C,1,17,,2,0,1283,TUN,G,,0,0,000000000,00000000000,0,0,0,1,0,0,0,0,0,0,0,998,0,0,0,12,12,6,2,12,0,0,0,1,53,98368,6,1,0,0,3,0,75,255,0,0,0,0,0,0,0,0,0,0,38,0,0,0,1,2,55,1,1,2,1,0,0,11,15,1,1,1,68,0,0
53,530252,2,2,1,28,8,14,18,12,6,1,0,53,1,72,706,72706,80,1995,1HD1BJL57SY0,1,H,D,1,B,J,L,5,7,S,Y,0,0,M,HD,STC,RS,95,17,,,,,,,1340,0,0,000000000,00000000000,0,0,0,1,0,0,0,0,0,0,0,998,0,0,0,10,10,6,2,12,0,0,0,1,53,98362,6,1,0,0,3,0,69,200,0,0,0,0,0,0,0,0,0,0,0,0,0,0,1,2,55,1,1,2,1,0,0,1,17,1,1,1,69,1,0
53,530253,1,1,2,29,8,13,11,34,0,1,0,16,1,12,481,12481,31,2005,1FDWE35S95HA,1,F,D,W,E,3,5,S,9,5,H,A,0,T,FORD,3DC,YY,5,17,,3,1760,1380,CTV,G,,0,0,000000000,00000000000,0,0,0,1,0,0,0,0,0,0,0,998,0,0,0,3,14,6,2,35,0,0,0,1,16,83638,6,1,0,0,3,3,68,148,0,0,0,1,0,2,2008,2,2008,0,0,0,0,0,3,3,65,1,6,1,1,0,0,1,13,1,1,4,1,1,0
53,530254,1,1,1,24,3,21,2,8,0,1,0,53,1,12,401,12401,14,2003,1FMZU72K43UB,1,F,M,Z,U,7,2,K,4,3,U,B,0,P,FORD,EPR,UT,3,17,4094,,0,1137,,F,,0,0,000000000,00000000000,0,0,0,1,0,0,0,0,0,0,0,998,0,0,0,12,12,2,1,8,0,0,0,1,53,98516,6,1,0,0,3,3,63,170,0,0,0,0,0,0,0,0,0,0,0,0,0,0,1,4,35,1,1,2,1,0,0,1,80,1,1,1,13,0,0
53,530255,1,1,1,24,8,1,35,42,0,1,0,53,2,37,706,37706,80,2001,JH2SC44091M1,J,H,2,S,C,4,4,0,9,1,M,1,0,M,HOND,CR9,RS,1,17,,,,,,,929,0,0,000000000,00000000000,0,0,0,1,0,0,0,0,0,0,0,998,0,0,0,12,12,6,2,42,0,0,0,1,53,98501,1,1,0,0,2,0,72,185,0,3,1,1,3,4,2008,8,2010,1,0,0,0,0,1,2,25,3,2,2,1,0,0,14,6,99,4,4,2,1,1
53,530256,1,1,3,29,8,5,19,42,0,1,0,53,2,34,34,34034,2,1992,WBABF4313NEK,W,B,A,B,F,4,3,1,3,N,E,K,0,P,BMW,2SA,CP,92,17,3020,,0,1063,,G,,0,0,000000000,00000000000,0,0,0,1,0,0,0,0,0,0,0,998,0,0,0,12,12,6,2,42,0,0,0,1,53,99202,6,1,0,0,3,0,69,235,0,0,0,1,2,4,2008,5,2010,1,0,0,0,0,1,2,25,2,2,2,1,0,0,14,12,3,1,4,6,3,1
53,530257,1,2,1,16,7,14,48,12,6,1,0,16,3,12,471,12471,30,2008,1FTZR15E38PA,1,F,T,Z,R,1,5,E,3,8,P,A,0,T,FORD,RNS,PS,8,17,,1,0,1260,RNG,G,,0,0,000000000,00000000000,0,0,0,1,0,0,0,0,0,0,0,998,0,0,0,12,12,2,1,12,0,0,0,1,16,83843,6,1,0,0,3,0,68,170,0,0,0,0,0,0,0,0,0,0,38,0,0,0,1,2,55,1,2,2,1,0,0,11,15,1,1,2,68,0,0
53,530257,2,2,2,16,7,14,48,12,6,1,0,53,1,72,706,72706,80,2005,1HD1DJV135Y6,1,H,D,1,D,J,V,1,3,5,Y,6,0,M,HD,FHC,RS,5,17,,,,,,,1450,0,0,000000000,00000000000,0,0,0,1,0,0,0,0,0,0,0,998,0,0,0,11,11,6,2,12,0,0,0,1,53,99102,6,1,0,0,3,0,71,240,0,0,0,0,0,0,0,0,0,0,0,0,0,0,1,2,55,1,2,2,1,0,0,1,62,1,1,1,69,2,0
53,530258,1,1,2,22,7,15,0,34,0,1,0,53,1,35,471,35471,30,1986,JN6ND01S9GX1,J,N,6,N,D,0,1,S,9,G,X,1,0,T,NISS,72S,PK,86,17,,1,1108,1014,720,G,,0,0,000000000,00000000000,0,0,0,1,0,0,0,0,0,0,0,998,0,9,6,3,0,6,2,1,0,0,0,1,53,98360,6,1,0,0,3,0,66,140,0,0,0,0,0,0,0,0,0,0,0,0,0,0,1,2,55,3,1,2,1,0,0,14,13,1,1,4,1,1,0
53,530259,1,1,1,25,7,0,35,8,0,1,1,99,9,99,999,99999,99,9999,999999999999,9,9,9,9,9,9,9,9,9,9,9,9,0,U,,,,9,17,,,,,,,,0,0,000000000,00000000000,0,0,0,1,0,0,0,0,0,0,0,998,0,0,0,12,12,9,1,8,0,0,0,1,99,99999,9,9,99,9,9,9,999,999,99,99,99,99,99,99,9999,99,9999,9,99,99,99,99,5,4,45,1,2,2,1,0,0,99,99,99,9,9,13,0,0
53,530260,1,1,1,29,8,22,45,38,0,1,0,16,1,12,481,12481,31,2004,1FTSW31P24EC,1,F,T,S,W,3,1,P,2,4,E,C,0,T,FORD,F3S,CW,4,17,,2,1724,1562,SRW,D,,0,0,000000000,00000000000,0,0,0,1,0,0,0,0,0,0,0,998,0,0,0,12,12,6,2,42,0,0,0,1,16,98499,6,1,0,0,3,0,70,169,0,0,0,1,0,12,2008,12,2008,1,0,0,0,0,5,2,35,1,1,2,1,0,0,1,8,1,2,4,7,1,1
53,530261,1,2,1,26,9,5,15,12,2,1,0,53,2,41,50,41050,4,2007,1YVHP80C675M,1,Y,V,H,P,8,0,C,6,7,5,M,0,P,MAZD,M6I,4D,7,17,0,,0,1053,,G,,0,0,000000000,00000000000,0,0,0,1,0,0,0,0,0,0,0,998,3,0,0,12,12,6,2,12,0,0,1,1,53,99349,6,1,0,0,3,0,65,150,0,0,0,0,1,6,2008,6,2008,0,0,0,0,0,1,2,65,1,1,2,1,0,0,1,10,1,1,2,50,1,1
53,530261,2,2,1,26,9,5,15,12,2,1,0,53,2,82,881,82881,66,1993,1FUYDZYB4PP4,1,F,U,Y,D,Z,Y,B,4,P,P,4,2,T,FRHT,FLD,TR,93,17,,8,0,0,CON,D,,1,99,999999999,99999999999,3,7,3,1,0,0,0,0,0,0,0,998,0,0,0,12,12,6,2,12,0,0,1,1,53,98813,6,1,0,0,2,0,67,160,1,0,0,0,1,12,2007,1,2009,0,0,0,0,0,1,2,60,1,1,2,1,0,0,1,62,1,1,1,51,0,0
53,530262,1,1,2,29,8,0,16,43,0,1,1,53,1,37,32,37032,4,2000,1HGCG5644YA0,1,H,G,C,G,5,6,4,4,Y,A,0,0,P,HOND,ULX,4D,0,17,3053,,0,1069,,G,,0,0,000000000,00000000000,0,0,0,1,0,0,0,0,0,0,0,998,0,0,0,1,3,4,1,8,0,0,0,1,53,99324,6,1,0,0,3,3,64,125,0,0,0,0,0,0,0,0,0,0,91,0,0,0,1,4,30,1,1,2,1,0,0,1,8,1,1,4,6,0,1
53,530263,1,1,2,31,8,21,24,1,0,1,0,53,1,20,16,20016,2,1988,1G1JF11W6J72,1,G,1,J,F,1,1,W,6,J,7,2,0,P,CHEV,CZ2,CP,88,17,2443,,0,1012,,G,,0,0,000000000,00000000000,0,0,0,1,0,0,0,0,0,0,0,998,0,9,6,0,0,6,2,1,0,0,0,1,53,98370,1,1,0,0,2,0,70,192,0,4,0,1,4,8,2007,8,2010,1,0,0,0,0,1,2,40,3,1,2,2,0,0,14,6,99,9,4,2,1,1
53,530264,1,2,1,1,9,14,15,24,0,1,0,95,1,72,706,72706,80,2006,1HD1FMW196Y6,1,H,D,1,F,M,W,1,9,6,Y,6,0,M,HD,TPI,RS,6,17,,,,,,,1450,0,0,000000000,00000000000,0,0,0,1,0,0,0,0,0,0,0,998,0,0,0,12,12,6,2,24,0,0,0,1,95,0,9,9,99,9,9,9,999,999,99,99,99,99,99,99,9999,99,9999,0,0,0,0,0,1,2,60,3,2,2,1,0,0,14,13,6,1,4,1,1,0
53,530264,2,2,1,1,9,14,15,24,0,1,0,53,1,49,403,49403,14,2009,JTEES42A5921,J,T,E,E,S,4,2,A,5,9,2,1,0,P,TOYT,HIG,UT,9,17,4321,,0,1098,,G,,0,0,000000000,00000000000,0,0,0,1,0,0,0,0,0,0,0,998,0,0,0,3,3,6,2,12,0,0,0,1,53,98841,6,1,0,0,3,0,71,195,0,0,0,0,0,0,0,0,0,0,0,0,0,0,1,2,60,2,2,2,1,0,0,14,62,1,1,1,98,0,0
53,530265,1,1,1,6,9,13,27,17,0,1,0,53,1,72,706,72706,80,2005,1HD1FDV195Y7,1,H,D,1,F,D,V,1,9,5,Y,7,0,M,HD,FHR,RS,5,17,,,,,,,1450,0,0,000000000,00000000000,0,0,0,1,0,0,0,0,0,0,0,998,0,0,0,12,12,6,2,17,0,0,0,1,53,99338,6,1,6,0,2,0,74,185,0,0,0,2,0,4,2010,7,2010,1,0,0,0,0,1,2,50,3,2,2,1,0,0,14,13,99,1,4,1,1,0
53,530266,1,2,2,3,9,12,35,12,6,1,0,53,1,32,45,32045,1,2001,TRUUT28N7110,T,R,U,U,T,2,8,N,7,1,1,0,0,P,AUDI,ATQ,RD,1,17,3386,,0,956,,G,,0,0,000000000,00000000000,0,0,0,1,0,0,0,0,0,0,0,998,3,0,0,3,3,6,2,12,0,0,0,1,53,99208,6,1,0,0,3,0,72,192,0,0,0,0,0,0,0,0,0,0,38,39,48,0,2,4,40,1,2,2,1,3,3,11,15,1,1,2,68,1,0
53,530266,2,2,2,3,9,12,35,12,6,1,0,53,1,7,482,7482,31,2009,3D7MX38L09G5,3,D,7,M,X,3,8,L,0,9,G,5,0,T,DODG,Q35,CW,9,17,,3,1605,1405,RPC,D,,0,0,000000000,00000000000,0,0,0,1,0,0,0,0,0,0,0,998,0,0,0,12,12,6,2,12,0,0,0,1,53,98052,6,1,6,0,3,0,68,187,1,0,0,0,1,11,2007,11,2007,0,0,0,0,0,2,4,40,1,2,2,1,3,3,1,66,1,1,1,69,0,0
53,530267,1,1,1,10,9,20,27,33,0,1,0,53,1,73,706,73706,80,1993,JKAZGCA17PB5,J,K,A,Z,G,C,A,1,7,P,B,5,0,M,KAWK,ZG1,RS,93,17,,,,,,,1000,0,0,000000000,00000000000,0,0,0,1,0,0,0,0,0,0,0,998,0,0,0,9,9,6,2,33,0,0,0,1,53,98337,6,1,0,0,3,0,69,155,0,0,0,0,0,0,0,0,0,0,0,0,0,0,6,1,99,2,2,2,1,0,0,14,12,1,1,4,6,1,1
53,530268,1,2,1,10,9,14,19,12,1,1,0,53,1,76,705,76705,80,2007,JYAVM01E47A1,J,Y,A,V,M,0,1,E,4,7,A,1,0,M,YAMA,VS6,RS,7,17,,,,,,,649,0,0,000000000,00000000000,0,0,0,1,0,0,0,0,0,0,0,998,0,0,0,12,12,6,2,12,0,0,0,1,53,98003,6,1,0,0,2,0,68,175,0,0,0,0,0,0,0,0,0,0,26,0,0,0,3,5,60,1,1,2,1,0,0,6,51,1,1,1,28,1,0
53,530268,2,2,2,10,9,14,19,12,1,1,0,53,1,18,2,18002,2,1985,1G4BP37YXFH8,1,G,4,B,P,3,7,Y,X,F,H,8,0,P,BUIC,LLM,CP,85,17,3462,,0,1159,,G,,0,0,000000000,00000000000,0,0,0,1,0,0,0,0,0,0,0,998,0,0,0,6,6,2,1,12,0,0,0,1,53,98108,6,1,0,0,3,0,68,160,1,1,0,0,2,1,2009,3,2010,0,0,0,0,0,3,5,60,1,1,2,1,0,0,2,53,1,1,1,29,0,0
53,530269,1,1,3,12,9,2,13,9,0,1,0,53,1,23,481,23481,31,1992,2GTFK29K5N15,2,G,T,F,K,2,9,K,5,N,1,5,0,T,GMC,SK2,PC,92,17,,2,1555,1415,SIE,G,,0,0,000000000,00000000000,0,0,0,1,0,0,0,0,0,0,0,998,0,0,0,12,12,2,1,9,0,0,0,1,53,98321,6,1,0,0,3,0,72,170,0,1,0,0,5,10,2008,3,2010,0,0,0,0,0,1,2,35,1,1,2,1,0,0,1,83,1,1,1,13,0,1
53,530270,1,2,1,14,9,17,1,12,6,1,0,53,2,42,401,42401,14,2002,4JGAB54E32A3,4,J,G,A,B,5,4,E,3,2,A,3,0,P,MERZ,ML3,UT,2,17,0,,0,1110,,G,,0,0,000000000,00000000000,0,0,0,1,0,0,0,0,0,0,0,998,0,0,0,2,2,6,2,12,0,0,0,1,22,70065,6,1,0,0,3,3,64,100,0,0,0,0,0,0,0,0,0,0,38,0,0,0,1,2,35,1,1,2,1,0,0,11,15,1,1,2,68,0,0
53,530270,2,2,1,14,9,17,1,12,6,1,0,53,1,37,705,37705,80,2006,JH2PC37066M3,J,H,2,P,C,3,7,0,6,6,M,3,0,M,HOND,B60,RS,6,17,0,,0,1110,,G,599,0,0,000000000,00000000000,0,0,0,1,0,0,0,0,0,0,0,998,0,0,0,12,12,6,2,12,0,0,0,1,53,98001,6,1,0,0,2,0,71,180,0,0,0,0,0,0,0,0,0,0,0,0,0,0,1,2,35,1,1,2,1,0,0,1,66,1,1,1,69,1,0
53,530271,1,2,1,17,9,5,31,12,2,1,0,53,2,30,42,30042,3,1997,3VWBA81E1VM8,3,V,W,B,A,8,1,E,1,V,M,8,0,P,VOLK,CBH,CV,97,17,2688,,0,974,,G,,0,0,000000000,00000000000,0,0,0,1,0,0,0,0,0,0,0,998,0,0,0,12,12,6,2,12,0,0,0,1,53,98221,6,1,0,0,3,0,64,150,0,0,0,0,0,0,0,0,0,1,51,0,0,0,1,2,50,2,2,2,2,0,0,14,10,1,1,2,50,1,0
53,530271,2,2,1,17,9,5,31,12,2,1,0,53,1,20,481,20481,31,2001,1GCEC14W81Z2,1,G,C,E,C,1,4,W,8,1,Z,2,0,T,CHEV,SC1,PK,1,17,,2,1330,1190,SIL,G,,0,0,000000000,00000000000,0,0,0,1,0,0,0,0,0,0,0,998,0,0,0,12,12,6,2,12,0,0,0,1,53,98239,6,1,0,0,3,3,70,225,0,0,0,0,0,0,0,0,0,0,0,0,0,0,1,2,50,3,2,2,2,0,0,14,62,1,1,1,51,0,0