STATE,ST_CASE,VEH_NO,VE_FORMS,NUMOCCS,DAY,MONTH,HOUR,MINUTE,HARM_EV,MAN_COLL,UNITTYPE,HIT_RUN,REG_STAT,OWNER,MAKE,MODEL,MAK_MOD,BODY_TYP,MOD_YEAR,VIN,VIN_1,VIN_2,VIN_3,VIN_4,VIN_5,VIN_6,VIN_7,VIN_8,VIN_9,VIN_10,VIN_11,VIN_12,TOW_VEH,VINTYPE,VINMAKE,VINA_MOD,VIN_BT,VINMODYR,VIN_LNGT,VIN_WGT,WGTCD_TR,WHLBS_LG,WHLBS_SH,SER_TR,FUELCODE,MCYCL_DS,J_KNIFE,MCARR_I1,MCARR_I2,MCARR_ID,GVWR,V_CONFIG,CARGO_BT,HAZ_INV,HAZ_PLAC,HAZ_ID,HAZ_CNO,HAZ_REL,BUS_USE,SPEC_USE,EMER_USE,TRAV_SP,UNDERIDE,ROLLOVER,ROLINLOC,IMPACT1,IMPACT2,DEFORMED,TOWED,M_HARM,VEH_SC1,VEH_SC2,FIRE_EXP,DR_PRES,L_STATE,DR_ZIP,L_STATUS,L_TYPE,CDL_STAT,L_ENDORS,L_COMPL,L_RESTRI,DR_HGT,DR_WGT,PREV_ACC,PREV_SUS,PREV_DWI,PREV_SPD,PREV_OTH,FIRST_MO,FIRST_YR,LAST_MO,LAST_YR,SPEEDREL,DR_SF1,DR_SF2,DR_SF3,DR_SF4,VTRAFWAY,VNUM_LAN,VSPD_LIM,VALIGN,VPROFILE,VPAVETYP,VSURCOND,VTRAFCON,VTCONT_F,P_CRASH1,P_CRASH2,P_CRASH3,PCRASH4,PCRASH5,ACC_TYPE,DEATHS,DR_DRINK
53,530272,1,4,1,17,9,10,35,12,1,1,0,53,1,41,53,41053,5,2007,JM3ER2931701,J,M,3,E,R,2,9,3,1,7,0,1,0,P,MAZD,MCX,UT,7,17,3710,,0,1083,,G,,0,0,000000000,00000000000,0,0,0,1,0,0,0,0,0,0,0,998,0,0,0,6,6,6,2,12,0,0,0,1,53,98936,6,1,0,0,3,0,66,125,2,0,0,2,1,8,2008,1,2010,0,0,0,0,0,2,4,60,1,1,2,1,0,0,2,53,1,1,1,25,0,0
53,530272,2,4,1,17,9,10,35,12,1,1,0,53,1,20,23,20023,6,2009,3GNCA13B59S6,3,G,N,C,A,1,3,B,5,9,S,6,0,P,CHEV,HHR,UT,9,17,3155,,0,1035,,F,,0,0,000000000,00000000000,0,0,0,1,0,0,0,0,0,0,0,0,0,0,0,12,6,6,2,12,0,0,0,1,53,98902,6,1,3,0,3,3,70,250,0,0,0,0,0,0,0,0,0,0,26,0,0,0,2,4,60,1,1,2,1,0,0,5,50,1,1,1,24,1,0
53,530272,3,4,3,17,9,10,35,12,1,1,0,53,1,6,441,6441,20,2000,1C4GP44G3YB5,1,C,4,G,P,4,4,G,3,Y,B,5,0,P,CHRY,TWC,SV,0,17,3948,,0,1193,,F,,0,0,000000000,00000000000,0,0,0,1,0,0,0,0,0,0,0,0,0,0,0,6,6,6,2,12,0,0,0,1,53,98908,6,1,0,0,3,0,76,296,0,0,0,1,0,4,2010,4,2010,0,0,0,0,0,2,4,60,1,1,2,1,0,0,5,53,1,1,1,98,0,0
53,530272,4,4,1,17,9,10,35,12,1,1,0,53,1,12,481,12481,31,1993,2FTHF26C5PCB,2,F,T,H,F,2,6,C,5,P,C,B,1,T,FORD,F25,PK,93,17,,2,0,1330,COF,D,,1,0,000000000,00000000000,0,0,0,1,0,0,0,0,0,0,0,998,0,0,0,12,12,6,2,12,0,0,0,1,53,98902,6,1,0,0,3,0,72,175,0,0,0,0,0,0,0,0,0,0,26,91,0,0,2,4,60,1,1,2,1,0,0,15,50,1,1,2,98,0,0
53,530273,1,1,1,23,9,17,0,42,0,1,0,53,1,30,46,30046,4,2009,WVWHL73C49E5,W,V,W,H,L,7,3,C,4,9,E,5,0,P,VOLK,CLU,4D,9,17,0,,0,0,,G,,0,0,000000000,00000000000,0,0,0,1,0,0,0,0,0,0,0,998,0,0,0,12,12,6,2,42,0,0,0,1,53,98501,6,1,0,0,3,0,73,170,0,0,0,0,0,0,0,0,0,0,0,0,0,0,3,3,70,1,1,2,1,0,0,1,13,1,1,4,1,1,0
53,530274,1,2,1,24,9,5,30,12,2,1,0,53,1,12,17,12017,4,1998,1FAFP52U0WG2,1,F,A,F,P,5,2,U,0,W,G,2,0,P,FORD,TLS,4D,98,17,3359,,0,1085,,G,,0,0,000000000,00000000000,0,0,0,1,0,0,0,0,0,0,0,998,0,0,0,12,12,6,2,12,0,0,0,1,53,99336,6,1,0,0,3,0,63,146,0,0,0,1,1,11,2008,5,2010,0,51,0,0,0,1,2,40,3,1,2,1,0,0,14,54,1,1,2,50,0,1
53,530274,2,2,1,24,9,5,30,12,2,1,0,53,1,53,32,53032,4,1999,JS2GB41W8X51,J,S,2,G,B,4,1,W,8,X,5,1,0,P,SUZI,ELX,SW,99,17,2403,,0,976,,G,,0,0,000000000,00000000000,0,0,0,1,0,0,0,0,0,0,0,998,0,0,0,12,12,6,2,12,0,0,0,1,53,99336,1,1,0,0,2,0,65,212,0,0,0,0,0,0,0,0,0,0,0,0,0,0,1,2,40,2,1,2,1,0,0,14,62,1,1,1,51,1,0
53,530275,1,2,3,24,9,14,33,12,6,1,0,53,2,30,443,30443,20,2009,2V8HW34189R5,2,V,8,H,W,3,4,1,8,9,R,5,0,P,VOLK,ROT,SV,9,17,4621,,0,1212,,G,,0,0,000000000,00000000000,0,0,0,1,0,0,0,0,0,0,0,998,0,0,0,12,12,6,2,12,0,0,0,1,53,98374,6,1,0,0,3,0,67,150,0,0,0,0,0,0,0,0,0,0,38,39,91,0,1,2,35,1,1,2,1,0,0,1,17,1,1,1,69,0,0
53,530275,2,2,2,24,9,14,33,12,6,1,0,53,2,37,33,37033,2,1997,JHMBB6155VC0,J,H,M,B,B,6,1,5,5,V,C,0,0,P,HOND,PSH,CP,97,17,2949,,0,1017,,G,,0,0,000000000,00000000000,0,0,0,1,0,0,0,0,0,0,0,998,0,0,0,3,3,6,2,12,0,0,0,1,53,98516,2,2,0,0,2,0,70,180,1,0,0,2,2,11,2009,11,2009,0,92,0,0,0,1,2,35,1,1,2,1,20,3,11,15,1,1,2,68,1,0
53,530276,1,1,4,26,9,2,32,42,0,1,0,53,2,12,401,12401,14,1989,1FMCU14T3KUA,1,F,M,C,U,1,4,T,3,K,U,A,0,P,FORD,BII,UT,89,17,3050,,0,940,,G,,0,0,000000000,00000000000,0,0,0,1,0,0,0,0,0,0,0,998,0,1,6,11,13,6,2,1,0,0,0,1,53,98579,6,2,0,0,3,0,70,150,0,0,0,0,0,0,0,0,0,1,91,0,0,0,1,2,25,2,2,2,2,0,0,14,6,1,9,4,6,1,1
53,530277,1,1,4,18,9,16,7,30,0,1,0,53,1,12,481,12481,31,1995,1FTJW35F0SEA,1,F,T,J,W,3,5,F,0,S,E,A,0,T,FORD,F35,CW,95,17,,2,0,1680,COF,D,,0,0,000000000,00000000000,0,0,0,1,0,0,0,0,0,0,0,998,0,1,6,12,13,6,2,1,0,0,0,1,53,98271,6,1,0,0,3,0,64,138,0,1,0,1,0,6,2009,11,2009,1,99,99,99,99,1,2,35,3,2,2,1,0,0,14,8,1,1,4,1,1,1
53,530278,1,1,2,19,9,10,50,42,0,1,0,53,1,2,404,2404,14,1996,1J4GZ58Y9TC1,1,J,4,G,Z,5,8,Y,9,T,C,1,0,T,JEEP,LRO,4W,96,17,,1,0,1059,GCK,G,,0,0,000000000,00000000000,0,0,0,1,0,0,0,0,0,0,0,998,0,0,0,12,12,6,2,42,0,0,0,1,53,99155,6,1,0,0,3,3,69,260,0,0,0,0,1,6,2010,6,2010,1,0,0,0,0,1,2,60,2,1,2,1,0,0,14,12,1,1,4,6,1,1
53,530279,1,2,2,27,9,8,5,12,6,1,0,53,2,37,402,37402,14,2000,JHLRD186XYC0,J,H,L,R,D,1,8,6,X,Y,C,0,0,P,HOND,CRV,UT,0,17,3245,,0,1032,,G,,0,0,000000000,00000000000,0,0,0,1,0,0,0,0,0,0,0,998,0,0,0,9,9,6,2,12,0,0,0,1,53,98589,6,2,0,0,3,3,63,135,0,0,0,0,0,0,0,0,0,0,38,0,0,0,1,2,50,1,2,2,2,20,3,11,15,1,1,1,82,1,0
53,530279,2,2,1,27,9,8,5,12,6,1,0,53,1,20,461,20461,21,1990,2GCHG31K3L41,2,G,C,H,G,3,1,K,3,L,4,1,0,T,CHEV,H30,CY,90,17,,2,1460,1250,HIC,G,,0,0,000000000,00000000000,0,0,0,1,0,0,0,0,0,0,0,998,0,0,0,12,12,6,2,12,0,0,0,1,53,98589,6,1,0,0,3,0,68,160,0,0,0,0,0,0,0,0,0,0,0,0,0,0,1,2,50,1,2,2,2,0,0,1,66,1,1,1,83,0,0
53,530280,1,2,4,3,9,20,51,12,2,1,0,53,2,20,401,20401,14,1994,1GCCS13W6R21,1,G,C,C,S,1,3,W,6,R,2,1,0,P,CHEV,S10,UT,94,17,3446,,0,1070,,G,,0,0,000000000,00000000000,0,0,0,1,0,0,0,0,0,0,0,998,7,1,1,12,12,6,2,1,0,0,0,1,53,98277,6,1,0,0,3,3,65,130,0,0,0,0,0,0,0,0,0,0,51,91,0,0,1,2,55,1,1,2,1,0,0,1,10,1,1,2,50,2,0
53,530280,2,2,2,3,9,20,51,12,2,1,0,95,9,48,45,48045,6,2004,4S3BH6752466,4,S,3,B,H,6,7,5,2,4,6,6,0,P,SUBA,UWP,SW,4,17,3430,,0,1043,,G,,0,0,000000000,00000000000,0,0,0,1,0,0,0,0,0,0,0,998,3,0,0,12,12,6,2,12,0,0,0,1,99,0,9,9,99,9,9,9,999,999,99,99,99,99,99,99,9999,99,9999,0,0,0,0,0,1,2,55,1,1,2,1,0,0,1,62,1,1,1,51,1,0
53,530281,1,2,2,6,9,4,36,12,6,1,0,53,2,37,32,37032,4,1987,1HGCA5540HA1,1,H,G,C,A,5,5,4,0,H,A,1,0,P,HOND,LXI,4D,87,17,2535,,0,1024,,G,,0,0,000000000,00000000000,0,0,0,1,0,0,0,0,0,0,0,998,0,0,0,3,3,6,2,12,0,0,0,1,53,98337,0,0,0,0,0,0,999,999,0,0,0,0,0,0,0,0,0,9,92,0,0,0,1,2,25,1,6,2,2,0,0,1,8,1,4,2,64,1,1
53,530281,2,2,2,6,9,4,36,12,6,1,0,53,1,20,9,20009,2,1986,1G1FP87H8GL1,1,G,1,F,P,8,7,H,8,G,L,1,0,P,CHEV,CAM,CP,86,17,2909,,0,1010,,G,,0,0,000000000,00000000000,0,0,0,1,0,0,0,0,0,0,0,998,0,0,0,12,12,6,2,12,0,0,0,1,53,98367,6,1,0,0,3,0,68,195,0,0,0,0,0,0,0,0,0,0,0,0,0,0,1,2,25,1,6,2,2,0,0,1,62,1,1,1,65,0,0
53,530282,1,2,1,6,9,1,59,12,2,1,0,53,1,12,481,12481,31,1997,1FTJW36F4VEA,1,F,T,J,W,3,6,F,4,V,E,A,0,T,FORD,F35,CW,97,17,,2,0,1680,COF,D,,0,0,000000000,00000000000,0,0,0,1,0,0,0,0,0,0,0,998,0,0,0,12,12,6,2,12,0,0,0,1,53,98390,6,1,6,0,3,0,69,180,0,0,0,1,3,11,2008,8,2009,0,91,0,0,0,1,2,35,1,1,2,2,0,0,1,10,1,1,2,50,0,1
53,530282,2,2,1,6,9,1,59,12,2,1,0,53,2,49,45,49045,4,2000,JTDBT1233Y00,J,T,D,B,T,1,2,3,3,Y,0,0,0,P,TOYT,ECH,4D,0,17,2030,,0,934,,G,,0,0,000000000,00000000000,0,0,0,1,0,0,0,0,0,0,0,998,0,0,0,12,12,6,2,12,0,0,0,1,53,98338,6,1,0,0,3,0,72,220,1,1,0,1,2,11,2008,11,2009,0,0,0,0,0,1,2,25,1,1,2,2,0,0,1,62,1,1,1,51,1,0
53,530283,1,1,3,6,9,2,44,25,0,1,0,95,9,35,401,35401,14,1997,JN8AR05Y5VW1,J,N,8,A,R,0,5,Y,5,V,W,1,0,P,NISS,PFI,UT,97,17,3934,,0,1063,,G,,0,0,000000000,00000000000,0,0,0,1,0,0,0,0,0,0,0,998,0,0,0,1,3,6,2,25,0,0,0,1,95,0,9,9,99,9,9,9,999,999,99,99,99,99,99,99,9999,99,9999,1,0,0,0,0,3,3,70,1,1,2,2,0,0,1,12,1,1,4,6,1,1
53,530284,1,1,1,10,9,15,27,30,0,1,0,53,1,2,404,2404,14,1995,1J4GZ58S4SC5,1,J,4,G,Z,5,8,S,4,S,C,5,0,T,JEEP,LRO,4W,95,17,,1,0,1059,GCK,G,,0,0,000000000,00000000000,0,0,0,1,0,0,0,0,0,0,0,998,0,1,6,12,12,6,2,1,0,0,0,1,53,98584,6,1,0,0,3,3,71,220,0,0,0,1,0,4,2009,4,2009,0,0,0,0,0,1,2,45,1,2,7,2,0,0,1,13,1,1,4,1,1,0
53,530285,1,1,2,11,9,21,54,42,0,1,0,53,1,34,34,34034,2,2005,WBSBL93465PN,W,B,S,B,L,9,3,4,6,5,P,N,0,P,BMW,M3S,CP,5,17,3415,,0,1075,,G,,0,0,000000000,00000000000,0,0,0,1,0,0,0,0,0,0,0,998,0,0,0,3,3,6,2,42,0,0,0,1,53,98579,6,1,6,0,3,0,72,200,0,0,0,0,0,0,0,0,0,0,91,0,0,0,1,2,50,3,2,2,2,0,0,14,9,1,4,4,7,1,1
53,530286,1,1,1,15,9,17,24,17,0,1,0,53,1,63,402,63402,14,2004,KNDJC7331452,K,N,D,J,C,7,3,3,1,4,5,2,0,P,KIA,SOR,UT,4,17,4112,,0,1067,,G,,0,0,000000000,00000000000,0,0,0,1,0,0,0,0,0,0,0,998,0,1,6,12,13,6,2,1,0,0,0,1,53,99109,6,1,0,0,3,0,65,145,0,0,0,0,0,0,0,0,0,1,58,0,0,0,1,2,50,3,1,2,1,0,0,14,13,1,1,4,1,1,1
53,530287,1,1,1,18,9,20,15,8,0,1,0,53,2,49,35,49035,4,1989,JT2MX83E4K00,J,T,2,M,X,8,3,E,4,K,0,0,0,P,TOYT,CRL,4D,89,17,3417,,0,1045,,G,,0,0,000000000,00000000000,0,0,0,1,0,0,0,0,0,0,0,998,0,0,0,12,12,2,1,8,0,0,0,1,53,98284,6,1,0,0,3,0,69,165,0,0,0,0,0,0,0,0,0,0,0,0,0,0,1,2,35,1,1,2,2,0,0,1,80,1,1,1,13,0,0
53,530288,1,1,1,4,9,1,16,59,0,1,0,16,2,55,36,55036,3,2002,KMHCF35G92U2,K,M,H,C,F,3,5,G,9,2,U,2,0,P,HYUN,ACL,2H,2,17,2225,,0,961,,G,,0,0,000000000,00000000000,0,0,0,1,0,0,0,0,0,0,0,998,0,1,6,9,13,6,2,1,0,0,0,1,53,99216,1,1,0,0,2,3,999,999,0,2,0,0,3,2,2010,4,2010,0,92,0,0,0,1,2,55,1,1,2,1,0,0,1,13,1,1,4,1,1,1
53,530289,1,2,1,21,8,2,8,12,6,1,0,53,2,37,705,37705,80,2006,JH2PC37016M3,J,H,2,P,C,3,7,0,1,6,M,3,0,M,HOND,B60,RS,6,17,,,,,,,599,0,0,000000000,00000000000,0,0,0,1,0,0,0,0,0,0,0,998,0,0,0,9,9,6,2,12,0,0,0,1,53,98042,1,1,0,0,2,0,71,215,0,5,0,2,5,9,2008,6,2010,1,92,0,0,0,1,2,25,1,1,2,1,0,0,1,17,1,1,1,89,1,0
53,530289,2,2,1,21,8,2,8,12,6,1,1,99,9,99,999,99999,99,9999,999999999999,9,9,9,9,9,9,9,9,9,9,9,9,0,U,,,,9,17,,,,,,,,0,0,000000000,00000000000,0,0,0,1,0,0,0,0,0,0,0,998,0,0,0,12,12,2,1,12,0,0,0,1,99,99999,9,9,99,9,9,9,999,999,99,99,99,99,99,99,9999,99,9999,9,38,0,0,0,1,2,25,1,1,2,1,0,0,1,66,1,1,1,88,0,0
53,530290,1,1,1,24,9,1,25,14,0,1,1,53,2,12,401,12401,14,2000,1FMZU72X1YZB,1,F,M,Z,U,7,2,X,1,Y,Z,B,0,P,FORD,EPR,UT,0,17,4065,,0,1116,,G,,0,0,000000000,00000000000,0,0,0,1,0,0,0,0,0,0,0,998,0,0,0,5,5,4,1,8,0,0,0,1,53,98118,1,1,0,0,2,0,67,136,2,3,0,0,1,8,2009,6,2010,0,91,92,0,0,6,1,60,1,1,2,2,0,0,1,13,1,1,4,1,0,1
53,530291,1,1,1,25,9,19,30,8,0,1,0,53,1,37,31,37031,4,2000,1HGEJ667XYL0,1,H,G,E,J,6,6,7,X,Y,L,0,0,P,HOND,UCL,4D,0,17,2456,,0,1032,,G,,0,0,000000000,00000000000,0,0,0,1,0,0,0,0,0,0,0,998,0,0,0,12,12,2,1,8,0,0,0,1,53,98031,6,1,0,0,3,0,64,118,0,0,0,0,0,0,0,0,0,0,0,0,0,0,5,4,45,1,1,2,1,0,0,1,80,1,1,1,13,0,0
53,530292,1,2,2,27,9,19,0,12,6,1,0,53,1,6,43,6043,4,2001,1C3EL56U91N5,1,C,3,E,L,5,6,U,9,1,N,5,0,P,CHRY,SLI,4D,1,17,3236,,0,1080,,G,,0,0,000000000,00000000000,0,0,0,1,0,0,0,0,0,0,0,998,0,0,0,9,9,6,2,12,0,0,0,1,53,98944,6,1,0,0,3,3,65,175,0,0,0,0,0,0,0,0,0,0,39,0,0,0,1,2,50,1,1,2,1,20,3,1,17,1,1,1,89,2,0
53,530292,2,2,1,27,9,19,0,12,6,1,0,53,1,85,881,85881,63,2005,1XKDDU9X25J0,1,X,K,D,D,U,9,X,2,5,J,0,0,T,KW,T80,DS,5,17,,8,2600,1600,CON,D,,0,57,0172546,570172546,3,2,97,1,0,0,0,0,0,0,0,998,0,0,0,12,12,4,1,12,0,0,0,1,53,98944,6,1,0,2,2,0,68,210,0,0,0,0,0,0,0,0,0,0,0,0,0,0,1,2,50,1,1,2,1,0,0,1,66,1,1,2,88,0,0
53,530293,1,3,1,30,9,15,45,12,1,1,0,41,3,82,883,82883,66,2002,1FUJAHCG32PJ,1,F,U,J,A,H,C,G,3,2,P,J,1,T,FRHT,FLD,DS,2,17,,8,0,0,CON,D,,1,57,0027319,570027319,3,6,97,1,0,0,0,0,0,0,0,998,0,0,0,12,12,2,3,12,0,0,0,1,53,99301,6,1,6,1,3,0,72,200,0,0,0,0,1,6,2009,6,2009,0,38,0,0,0,1,2,60,1,1,2,1,0,0,1,50,7,1,2,20,0,0
53,530293,2,3,2,30,9,15,45,12,1,1,0,53,1,35,471,35471,30,1991,1N6SD11SXMC3,1,N,6,S,D,1,1,S,X,M,C,3,0,T,NISS,SWB,PK,91,17,,1,0,1043,TRK,G,,0,0,000000000,00000000000,0,0,0,1,0,0,0,0,0,0,0,0,0,0,0,6,9,6,2,12,0,0,0,1,53,98264,6,1,0,0,3,0,65,165,0,0,0,0,3,7,2008,6,2009,0,0,0,0,0,1,2,60,1,1,2,1,0,0,5,53,1,1,1,21,1,0
53,530293,3,3,1,30,9,15,45,12,1,1,0,53,1,12,442,12442,20,2002,2FMZA55482BB,2,F,M,Z,A,5,5,4,8,2,B,B,0,T,FORD,CWX,ES,2,17,,1,0,1207,CWN,G,,0,0,000000000,00000000000,0,0,0,1,0,0,0,0,0,0,0,998,0,0,0,12,12,6,2,12,0,0,0,1,53,98951,0,0,0,0,0,0,65,130,0,0,0,0,0,0,0,0,0,0,0,0,0,0,1,2,60,1,1,2,1,0,0,1,54,1,1,1,98,0,0
53,530294,1,2,3,30,9,14,39,12,1,1,0,53,2,30,40,30040,4,2001,3VWSK69M11M1,3,V,W,S,K,6,9,M,1,1,M,1,0,P,VOLK,JGS,4D,1,17,2833,,0,989,,G,,0,0,000000000,00000000000,0,0,0,1,0,0,0,0,0,0,0,998,0,0,0,12,12,6,2,12,0,0,0,1,53,98226,6,2,0,0,3,3,66,135,0,0,0,0,0,0,0,0,0,1,91,0,0,0,1,2,20,1,1,2,1,1,3,1,50,1,1,1,20,0,0
53,530294,2,2,1,30,9,14,39,12,1,1,0,53,1,12,13,12013,2,2001,3FAFP113X1R2,3,F,A,F,P,1,1,3,X,1,R,2,0,P,FORD,ZX2,CP,1,17,2462,,0,984,,G,,0,0,000000000,00000000000,0,0,0,1,0,0,0,0,0,0,0,0,0,0,0,6,6,6,2,8,0,0,0,1,53,98284,6,1,0,0,3,3,66,140,0,0,0,1,0,6,2009,6,2009,0,0,0,0,0,1,2,20,1,1,2,1,1,3,5,53,1,1,1,23,0,0
53,530295,1,1,1,25,4,8,20,11,0,1,0,53,1,37,706,37706,80,1986,1HFSC1807GA1,1,H,F,S,C,1,8,0,7,G,A,1,0,M,HOND,VT1,RS,86,17,,,,,,,1100,0,0,000000000,00000000000,0,0,0,1,0,0,0,0,0,0,0,998,0,0,0,12,12,6,2,11,0,0,0,1,53,98346,6,1,0,0,3,0,74,205,0,0,0,0,0,0,0,0,0,0,0,0,0,0,1,2,99,1,2,2,2,0,0,1,87,1,1,1,13,1,0
53,530296,1,2,2,16,9,15,41,12,6,1,0,53,2,12,401,12401,14,2002,1FMZU77EX2UB,1,F,M,Z,U,7,7,E,X,2,U,B,0,P,FORD,EPR,UT,2,17,4340,,0,1259,,G,,0,0,000000000,00000000000,0,0,0,1,0,0,0,0,0,0,0,998,0,0,0,9,9,6,2,12,0,0,0,1,53,98837,6,1,0,0,3,3,70,294,0,0,0,0,0,0,0,0,0,0,38,0,0,0,0,0,0,0,0,0,0,0,0,11,72,1,1,1,82,1,0
53,530296,2,2,1,16,9,15,41,12,6,1,0,53,3,87,881,87881,66,1995,1XPFDE9X8SD3,1,X,P,F,D,E,9,X,8,S,D,3,1,T,PTRB,378,DS,95,17,,8,0,0,CON,D,,1,57,856004,57856004,3,6,97,1,0,0,0,0,0,0,0,998,0,0,0,12,12,6,2,12,0,0,0,1,53,99301,6,1,6,1,3,1,73,150,0,0,0,0,0,0,0,0,0,0,0,0,0,0,1,2,55,1,1,2,1,0,0,1,71,1,1,1,83,0,0
53,530297,1,2,1,25,9,10,25,12,1,1,0,53,1,53,706,53706,80,1979,GS850100668,G,S,8,5,0,1,0,0,6,6,8,,0,P,,,,,,,,,,,,,0,0,000000000,00000000000,0,0,0,1,0,0,0,0,0,0,0,998,0,0,0,12,12,6,2,12,0,0,0,1,53,98926,6,1,0,0,3,3,71,225,0,0,0,0,0,0,0,0,0,0,0,0,0,0,3,2,65,1,1,2,1,0,0,1,52,1,1,1,24,1,0
53,530297,2,2,3,25,9,10,25,12,1,1,0,53,2,2,404,2404,14,1999,1J4GW58N2XC6,1,J,4,G,W,5,8,N,2,X,C,6,0,T,JEEP,LRO,4W,99,17,,1,0,1059,GCK,G,,0,0,000000000,00000000000,0,0,0,1,0,0,0,0,0,0,0,998,0,0,0,6,6,6,2,12,0,0,0,1,53,98943,6,1,0,0,3,3,70,210,0,0,0,0,0,0,0,0,0,0,0,0,0,0,3,2,65,1,1,2,1,0,0,2,53,1,1,1,25,0,0
53,530298,1,1,3,28,9,16,17,39,0,1,0,53,2,12,481,12481,31,2003,1FTSW31P73EC,1,F,T,S,W,3,1,P,7,3,E,C,0,T,FORD,F3S,CW,3,17,,2,1724,1562,SRW,D,,0,0,000000000,00000000000,0,0,0,1,0,0,0,0,0,0,0,998,0,9,2,12,12,6,2,1,0,0,0,1,53,98683,0,0,0,0,0,0,999,999,0,0,0,0,0,0,0,0,0,1,92,0,0,0,1,2,35,3,1,2,1,0,0,14,6,99,4,4,7,1,0
53,530299,1,1,1,1,10,17,15,1,0,1,0,53,1,7,472,7472,30,1987,1B7FR14M2HS3,1,B,7,F,R,1,4,M,2,H,S,3,0,T,DODG,DAK,PK,87,17,,1,1239,1119,DAK,G,,0,0,000000000,00000000000,0,0,0,1,0,0,0,0,0,0,0,998,0,1,6,0,13,6,2,1,0,0,0,1,53,98851,6,1,0,0,3,3,69,130,0,1,0,2,3,10,2007,4,2010,1,58,0,0,0,1,2,60,1,1,2,1,0,0,1,13,6,1,4,6,1,1
53,530300,1,1,1,1,10,7,11,42,0,1,0,53,1,23,471,23471,30,1998,1GTCS19X2W85,1,G,T,C,S,1,9,X,2,W,8,5,0,T,GMC,SON,PC,98,17,,1,0,1229,SON,G,,0,0,000000000,00000000000,0,0,0,1,0,0,0,0,0,0,0,998,0,0,0,12,12,6,2,42,0,0,0,1,53,98579,6,1,0,0,3,0,63,129,1,0,0,2,2,10,2009,4,2010,1,58,0,0,0,1,2,50,1,1,2,1,0,0,1,13,6,2,4,7,1,0
53,530301,1,1,3,3,10,5,25,8,0,1,0,53,2,49,35,49035,4,1989,JT2MX83E7K00,J,T,2,M,X,8,3,E,7,K,0,0,0,P,TOYT,CRL,4D,89,17,3417,,0,1045,,G,,0,0,000000000,00000000000,0,0,0,1,0,0,0,0,0,0,0,998,0,0,0,12,12,2,3,8,0,0,0,1,53,98199,1,1,0,0,2,0,64,180,2,3,0,1,2,5,2008,1,2010,0,91,92,0,0,2,4,55,1,1,2,1,2,3,1,80,1,1,1,13,0,1
53,530302,1,2,1,6,10,8,25,12,6,1,0,53,1,20,20,20020,4,1997,2G1WL52M9V93,2,G,1,W,L,5,2,M,9,V,9,3,0,P,CHEV,L/S,4D,97,17,3360,,0,1075,,G,,0,0,000000000,00000000000,0,0,0,1,0,0,0,0,0,0,0,998,0,0,0,9,9,6,2,12,0,0,0,1,53,98570,6,1,0,0,3,3,72,245,2,0,0,1,1,9,2009,9,2009,0,39,0,0,0,1,2,50,1,1,2,1,20,3,11,15,1,1,1,82,1,0
53,530302,2,2,2,6,10,8,25,12,6,1,0,53,1,23,401,23401,14,2002,1GKDT13S9223,1,G,K,D,T,1,3,S,9,2,2,3,0,T,GMC,ENV,4W,2,17,,1,0,1130,ENV,G,,0,0,000000000,00000000000,0,0,0,1,0,0,0,0,0,0,0,998,0,0,0,12,12,6,2,12,0,0,0,1,53,98591,6,1,0,0,3,0,71,165,0,0,0,0,0,0,0,0,0,1,0,0,0,0,1,2,50,1,1,2,1,0,0,1,67,1,1,1,83,0,0
53,530303,1,2,5,6,10,19,50,12,1,1,0,53,1,63,33,63033,5,2005,KNAFE1213551,K,N,A,F,E,1,2,1,3,5,5,1,0,P,KIA,SLE,4D,5,17,2701,,0,1028,,G,,0,0,000000000,00000000000,0,0,0,1,0,0,0,0,0,0,0,0,0,0,0,6,5,6,2,12,0,0,0,1,53,98310,6,1,0,0,3,3,65,130,0,0,0,0,0,0,0,0,0,0,0,0,0,0,1,4,30,1,1,2,1,1,3,5,60,1,1,1,21,1,0
53,530303,2,2,1,6,10,19,50,12,1,1,0,53,1,23,421,23421,15,1992,1GKEK18K9NJ7,1,G,K,E,K,1,8,K,9,N,J,7,0,T,GMC,YUK,2W,92,17,,2,0,1115,YUK,G,,0,0,000000000,00000000000,0,0,0,1,0,0,0,0,0,0,0,998,0,0,0,12,11,6,2,12,0,0,0,1,53,98311,6,1,0,0,3,0,69,200,1,0,0,1,1,10,2008,7,2010,0,99,99,99,99,1,4,30,1,1,2,1,1,3,1,10,1,1,2,20,0,0
53,530304,1,2,2,6,10,10,50,12,6,1,0,53,1,63,31,63031,4,2000,KNAFB1215Y58,K,N,A,F,B,1,2,1,5,Y,5,8,0,P,KIA,SPL,4D,0,17,2478,,0,1008,,G,,0,0,000000000,00000000000,0,0,0,1,0,0,0,0,0,0,0,998,0,0,0,9,9,6,2,12,0,0,0,1,53,98903,6,1,0,0,3,0,63,150,0,0,0,0,0,0,0,0,0,0,0,0,0,0,1,2,45,1,1,2,1,0,0,11,72,1,1,2,82,1,0