STATE,ST_CASE,VEH_NO,VE_FORMS,NUMOCCS,DAY,MONTH,HOUR,MINUTE,HARM_EV,MAN_COLL,UNITTYPE,HIT_RUN,REG_STAT,OWNER,MAKE,MODEL,MAK_MOD,BODY_TYP,MOD_YEAR,VIN,VIN_1,VIN_2,VIN_3,VIN_4,VIN_5,VIN_6,VIN_7,VIN_8,VIN_9,VIN_10,VIN_11,VIN_12,TOW_VEH,VINTYPE,VINMAKE,VINA_MOD,VIN_BT,VINMODYR,VIN_LNGT,VIN_WGT,WGTCD_TR,WHLBS_LG,WHLBS_SH,SER_TR,FUELCODE,MCYCL_DS,J_KNIFE,MCARR_I1,MCARR_I2,MCARR_ID,GVWR,V_CONFIG,CARGO_BT,HAZ_INV,HAZ_PLAC,HAZ_ID,HAZ_CNO,HAZ_REL,BUS_USE,SPEC_USE,EMER_USE,TRAV_SP,UNDERIDE,ROLLOVER,ROLINLOC,IMPACT1,IMPACT2,DEFORMED,TOWED,M_HARM,VEH_SC1,VEH_SC2,FIRE_EXP,DR_PRES,L_STATE,DR_ZIP,L_STATUS,L_TYPE,CDL_STAT,L_ENDORS,L_COMPL,L_RESTRI,DR_HGT,DR_WGT,PREV_ACC,PREV_SUS,PREV_DWI,PREV_SPD,PREV_OTH,FIRST_MO,FIRST_YR,LAST_MO,LAST_YR,SPEEDREL,DR_SF1,DR_SF2,DR_SF3,DR_SF4,VTRAFWAY,VNUM_LAN,VSPD_LIM,VALIGN,VPROFILE,VPAVETYP,VSURCOND,VTRAFCON,VTCONT_F,P_CRASH1,P_CRASH2,P_CRASH3,PCRASH4,PCRASH5,ACC_TYPE,DEATHS,DR_DRINK
53,530304,2,2,1,6,10,10,50,12,6,1,0,53,1,85,884,85884,78,1959,58707,5,8,7,0,7,,,,,,,,0,P,,,,,,,,,,,,,0,99,999999999,99999999999,2,19,98,1,0,0,0,0,0,0,0,998,0,0,0,12,12,6,2,12,0,0,0,1,53,98903,6,1,6,3,3,0,72,200,0,0,0,0,0,0,0,0,0,0,0,0,0,0,1,2,45,1,2,2,1,0,0,1,72,1,1,1,83,0,0
53,530305,1,1,3,19,10,18,55,30,0,1,0,53,1,49,40,49040,4,1998,4T1BG22K4WU2,4,T,1,B,G,2,2,K,4,W,U,2,0,P,TOYT,CXL,4D,98,17,2998,,0,1051,,G,,0,0,000000000,00000000000,0,0,0,1,0,0,0,0,0,0,0,998,0,0,0,9,9,6,2,30,0,0,0,1,53,98516,6,1,0,0,3,0,66,135,0,0,0,0,0,0,0,0,0,1,0,0,0,0,2,2,35,3,2,2,1,0,0,14,9,1,4,4,2,1,0
53,530306,1,1,1,19,10,19,30,1,0,1,0,53,1,53,705,53705,80,2004,JS1VP53A9421,J,S,1,V,P,5,3,A,9,4,2,1,0,M,SUZI,SV6,RS,4,17,,,,,,,645,0,0,000000000,00000000000,0,0,0,1,0,0,0,0,0,0,0,998,0,0,0,0,99,9,2,99,0,0,0,1,53,98198,6,1,0,0,2,0,72,195,1,4,0,1,8,7,2008,5,2010,9,0,0,0,0,1,2,25,2,2,2,1,0,0,14,12,1,1,4,6,1,1
53,530307,1,1,2,18,9,1,4,42,0,1,0,53,1,48,34,48034,4,1999,4S3BD675XX72,4,S,3,B,D,6,7,5,X,X,7,2,0,P,SUBA,UGA,4D,99,17,3125,,0,1035,,G,,0,0,000000000,00000000000,0,0,0,1,0,0,0,0,0,0,0,998,0,0,0,12,12,6,2,42,0,0,0,1,53,99012,6,1,0,0,3,0,65,120,0,1,0,1,3,5,2008,11,2008,1,0,0,0,0,1,2,55,3,1,2,1,0,0,14,13,1,1,4,1,2,1
53,530308,1,2,1,12,6,5,5,12,6,1,1,53,2,21,20,21020,2,1992,1G3WH14T2ND3,1,G,3,W,H,1,4,T,2,N,D,3,0,P,OLDS,SUS,CP,92,17,3004,,0,1075,,G,,0,0,000000000,00000000000,0,0,0,1,0,0,0,0,0,0,0,998,0,0,0,12,12,6,2,12,0,0,0,1,53,99350,1,1,0,0,2,0,70,180,1,3,0,3,8,3,2009,4,2010,1,38,91,92,0,1,4,30,1,2,2,1,0,0,11,15,7,1,2,68,0,1
53,530308,2,2,1,12,6,5,5,12,6,1,0,53,1,55,36,55036,3,1997,KMHVD11N2VU2,K,M,H,V,D,1,1,N,2,V,U,2,0,P,HYUN,CLL,2H,97,17,2101,,0,945,,G,,0,0,000000000,00000000000,0,0,0,1,0,0,0,0,0,0,0,998,0,0,0,11,11,6,2,12,0,0,0,1,53,98902,6,1,0,0,3,0,72,210,0,0,0,0,0,0,0,0,0,0,0,0,0,0,1,4,30,1,2,2,1,0,0,1,62,1,1,1,69,1,0
53,530309,1,1,1,14,10,17,52,30,0,1,0,53,1,34,34,34034,2,1988,WBABB2303J88,W,B,A,B,B,2,3,0,3,J,8,8,0,P,BMW,25I,CV,88,17,3055,,0,1012,,G,,0,0,000000000,00000000000,0,0,0,1,0,0,0,0,0,0,0,998,0,0,0,12,12,6,2,30,0,0,0,1,53,98223,6,1,0,0,3,3,74,220,0,0,0,3,0,12,2008,7,2010,0,0,0,0,0,1,2,35,1,2,2,2,0,0,1,13,1,1,4,1,1,1
53,530310,1,2,3,15,10,14,16,12,1,1,0,53,1,21,3,21003,4,1991,1G3CW53LXM43,1,G,3,C,W,5,3,L,X,M,4,3,0,P,OLDS,9RE,4D,91,17,3516,,0,1108,,G,,0,0,000000000,00000000000,0,0,0,1,0,0,0,0,0,0,0,998,0,0,0,12,12,6,2,12,0,0,0,1,53,98373,6,1,0,0,3,3,72,185,0,0,0,0,0,0,0,0,0,0,0,0,0,0,1,2,35,1,1,2,1,0,0,1,50,1,1,1,20,1,0
53,530310,2,2,1,15,10,14,16,12,1,1,0,53,1,20,421,20421,15,2004,1GNEK13Z74R1,1,G,N,E,K,1,3,Z,7,4,R,1,0,P,CHEV,KTA,UT,4,17,5050,,0,1160,,F,,0,0,000000000,00000000000,0,0,0,1,0,0,0,0,0,0,0,0,0,0,0,6,6,6,2,12,0,0,0,1,53,98373,6,1,0,0,3,0,70,150,0,0,0,0,0,0,0,0,0,0,0,0,0,0,1,2,35,1,1,2,1,0,0,5,53,1,1,1,21,0,0
53,530311,1,1,1,30,9,10,35,1,0,1,0,53,1,20,401,20401,14,2001,2CNBJ18C8169,2,C,N,B,J,1,8,C,8,1,6,9,0,P,CHEV,TKR,UT,1,17,2811,,0,866,,G,,0,0,000000000,00000000000,0,0,0,1,0,0,0,0,0,0,0,998,0,2,6,0,13,6,2,1,0,0,0,1,53,99103,6,1,0,0,3,3,59,155,0,0,0,0,0,0,0,0,0,0,58,0,0,0,1,2,60,1,2,2,1,0,0,1,13,6,1,4,1,1,1
53,530312,1,1,1,16,10,21,59,8,0,1,1,99,9,99,999,99999,99,9999,999999999999,9,9,9,9,9,9,9,9,9,9,9,9,9,U,,,,9,17,,,,,,,,0,99,999999999,99999999999,9,99,99,1,0,0,0,0,99,99,9,999,0,0,0,12,12,9,1,8,0,0,0,1,99,99999,9,9,99,9,9,9,999,999,99,99,99,99,99,99,9999,99,9999,9,99,99,99,99,1,2,55,1,1,2,1,0,0,99,99,99,9,9,13,0,0
53,530313,1,1,1,3,6,22,0,24,0,1,0,53,2,37,32,37032,4,1992,JHMCB7656NC0,J,H,M,C,B,7,6,5,6,N,C,0,0,P,HOND,ALE,4D,92,17,2866,,0,1071,,G,,0,0,000000000,00000000000,0,0,0,1,0,0,0,0,0,0,0,998,0,0,0,12,12,6,2,42,0,0,0,1,53,98116,6,1,0,0,3,0,72,120,0,0,0,1,1,7,2008,4,2010,0,0,0,0,0,1,2,25,3,1,2,2,0,0,14,13,1,1,4,1,1,1
53,530314,1,3,2,26,6,12,45,12,6,1,0,53,1,48,31,48031,2,1982,JF1AF43B5CC1,J,F,1,A,F,4,3,B,5,C,C,1,0,P,SUBA,GL,2H,82,17,2120,,0,937,,G,,0,0,000000000,00000000000,0,0,0,1,0,0,0,0,0,0,0,998,0,0,0,12,12,6,2,12,0,0,0,1,53,98108,6,1,0,0,3,3,69,160,0,0,0,0,0,0,0,0,0,0,38,39,0,0,1,2,35,1,1,2,1,20,3,1,17,1,1,1,86,1,0
53,530314,2,3,2,26,6,12,45,12,6,1,0,53,1,30,46,30046,4,1999,WVWMD63B7XE2,W,V,W,M,D,6,3,B,7,X,E,2,0,P,VOLK,PGS,4D,99,17,3159,,0,1066,,G,,0,0,000000000,00000000000,0,0,0,1,0,0,0,0,0,0,0,998,0,0,0,1,1,6,2,12,0,0,0,1,53,98146,6,1,0,0,3,0,72,220,1,0,0,0,0,7,2007,7,2007,0,0,0,0,0,1,2,35,1,1,2,2,0,0,1,66,1,1,1,87,0,0
53,530314,3,3,1,26,6,12,45,12,6,1,0,12,2,12,402,12402,14,2009,1FMCU59399KB,1,F,M,C,U,5,9,3,9,9,K,B,0,P,FORD,SPE,UT,9,17,3794,,0,1031,,B,,0,0,000000000,00000000000,0,0,0,1,0,0,0,0,0,0,0,998,0,0,0,11,11,6,2,12,0,0,0,1,12,34102,6,1,0,0,3,0,64,999,0,0,0,1,0,1,2008,1,2008,0,0,0,0,0,1,2,35,1,1,2,2,0,0,1,62,1,1,1,98,0,0
53,530315,1,2,1,16,10,19,42,24,0,1,0,53,2,48,38,48038,4,2002,JF1GD29662G5,J,F,1,G,D,2,9,6,6,2,G,5,0,P,SUBA,IWX,4D,2,17,3085,2,0,994,RPC,G,,0,0,000000000,00000000000,0,0,0,1,0,0,0,0,0,0,0,998,0,0,0,1,5,6,2,12,0,0,0,1,53,98926,6,1,0,0,3,3,72,165,0,0,0,2,0,4,2008,11,2008,0,51,0,0,0,1,2,60,2,2,2,1,0,0,14,13,1,1,4,1,1,1
53,530315,2,2,1,16,10,19,42,24,0,1,0,53,1,7,482,7482,31,2001,3B7HF13Z01G1,3,B,7,H,F,1,3,Z,0,1,G,1,0,T,DODG,Q15,4C,1,17,,2,1547,1387,RPC,G,,0,0,000000000,00000000000,0,0,0,1,0,0,0,0,0,0,0,998,0,0,0,12,12,6,2,12,0,0,0,1,53,98801,6,1,0,0,3,0,73,210,0,0,0,0,1,7,2009,7,2009,0,0,0,0,0,1,2,60,2,2,2,1,0,0,14,62,1,1,1,98,0,0
53,530316,1,1,2,13,10,2,6,30,0,1,1,53,2,37,32,37032,2,1991,1HGCB7166MA0,1,H,G,C,B,7,1,6,6,M,A,0,0,P,HOND,AER,CP,91,17,2888,,0,1071,,G,,0,0,000000000,00000000000,0,0,0,1,0,0,0,0,0,0,0,998,0,0,0,12,12,6,2,30,0,0,0,1,53,98635,1,1,0,0,2,0,69,225,0,1,0,0,2,2,2010,7,2010,0,91,92,0,0,2,4,55,1,1,2,1,3,3,99,9,1,2,4,7,1,0
53,530317,1,1,2,16,10,20,26,42,0,1,1,53,2,19,5,19005,2,1990,1G6EL1333LU6,1,G,6,E,L,1,3,3,3,L,U,6,0,P,CADI,ELD,CP,90,17,3341,,0,1080,,G,,0,0,000000000,00000000000,0,0,0,1,0,0,0,0,0,0,0,998,0,0,0,12,2,6,2,42,0,0,0,1,53,98660,1,1,0,0,2,0,67,180,1,4,0,2,5,11,2007,8,2010,1,91,92,0,0,1,2,50,3,1,2,1,0,0,14,13,1,1,4,1,1,1
53,530318,1,2,2,27,10,6,27,12,1,1,0,53,2,38,402,38402,14,1991,4S2CG58Z3M43,4,S,2,C,G,5,8,Z,3,M,4,3,0,P,ISU,ROD,UT,91,17,3490,,0,1085,,G,,0,0,000000000,00000000000,0,0,0,1,0,0,0,0,0,0,0,998,0,0,0,12,12,6,2,12,0,0,0,1,53,98506,1,1,0,0,2,0,67,150,0,3,0,0,0,11,2007,11,2007,1,99,99,99,99,3,2,60,1,1,2,1,0,0,2,52,1,1,1,24,1,0
53,530318,2,2,1,27,10,6,27,12,1,1,0,53,3,90,981,90981,50,2000,1BABNBSA6YF0,1,B,A,B,N,B,S,A,6,Y,F,0,0,U,,,,0,17,,,,,,,,0,99,999999999,99999999999,2,21,22,1,0,0,0,0,1,0,0,998,0,0,0,6,6,6,2,12,0,0,0,1,53,98584,6,1,6,1,3,0,64,160,2,0,0,0,0,2,2008,6,2008,0,0,0,0,0,3,2,60,1,1,2,1,0,0,2,15,1,1,1,25,0,0
53,530319,1,1,2,9,10,2,16,24,0,1,0,53,2,20,481,20481,31,2004,2GCEK19N3413,2,G,C,E,K,1,9,N,3,4,1,3,0,T,CHEV,SK1,4C,4,17,,2,0,1435,SIL,G,,0,0,000000000,00000000000,0,0,0,1,0,0,0,0,0,0,0,998,0,1,6,12,13,6,2,1,0,0,0,1,53,99205,6,1,0,0,3,3,69,160,0,0,0,1,0,5,2008,5,2008,1,0,0,0,0,4,2,30,3,2,2,1,0,0,14,13,1,1,4,1,1,1
53,530320,1,1,1,14,10,5,40,8,0,1,0,53,3,20,481,20481,31,2009,1GCHC44K69E1,1,G,C,H,C,4,4,K,6,9,E,1,0,T,CHEV,2CH,PK,9,17,,2,0,1330,SIL,G,,0,0,000000000,00000000000,0,0,0,1,0,0,0,0,0,0,0,998,0,0,0,12,12,6,2,8,0,0,0,1,53,99344,6,1,0,0,3,3,73,290,0,0,0,0,0,0,0,0,0,0,0,0,0,0,1,2,60,1,1,2,1,0,0,1,80,1,1,1,13,0,0
53,530321,1,2,2,21,10,9,22,12,1,1,0,53,1,49,40,49040,4,1991,4T1SV21E5MU3,4,T,1,S,V,2,1,E,5,M,U,3,0,P,TOYT,CMD,4D,91,17,2734,,0,1024,,G,,0,0,000000000,00000000000,0,0,0,1,0,0,0,0,0,0,0,998,3,0,0,12,12,6,2,12,0,0,0,1,53,99363,6,1,0,0,3,3,70,160,0,0,0,0,0,0,0,0,0,0,0,0,0,0,3,2,60,1,1,2,1,3,3,1,50,1,1,1,24,2,0
53,530321,2,2,1,21,10,9,22,12,1,1,0,53,3,85,881,85881,66,1987,2XKADB9X7HM9,2,X,K,A,D,B,9,X,7,H,M,9,1,T,KW,T60,TR,87,17,,8,0,0,CON,D,,1,57,753682,57753682,3,6,97,1,0,0,0,0,0,0,0,998,0,0,0,6,6,2,1,12,0,0,0,1,53,98204,6,1,6,3,3,0,67,180,0,0,0,0,0,0,0,0,0,0,0,0,0,0,3,2,60,1,1,2,1,3,3,4,53,1,1,1,25,0,0
53,530322,1,5,1,18,10,22,53,8,0,1,1,99,9,99,999,99999,99,9999,999999999999,9,9,9,9,9,9,9,9,9,9,9,9,0,U,,,,9,17,,,,,,,,0,0,000000000,00000000000,0,0,0,1,0,0,0,0,0,0,0,998,0,0,0,12,12,9,1,8,0,0,0,1,99,99999,9,9,99,9,9,9,999,999,99,99,99,99,99,99,9999,99,9999,0,0,0,0,0,3,2,60,1,1,1,1,0,0,1,80,1,1,1,13,0,0
53,530322,2,5,2,18,10,22,53,8,0,1,0,53,1,35,471,35471,30,1991,1N6SD16S6MC3,1,N,6,S,D,1,6,S,6,M,C,3,0,T,NISS,KNG,PC,91,17,,1,0,1161,TRK,G,,0,0,000000000,00000000000,0,0,0,1,0,0,0,0,0,0,0,998,0,0,0,12,12,2,1,8,0,0,0,1,53,98597,6,1,0,0,3,0,70,200,0,0,0,0,0,0,0,0,0,0,0,0,0,0,3,2,60,1,1,1,1,0,0,1,80,1,1,1,98,0,0
53,530322,3,5,1,18,10,22,53,8,0,1,0,53,1,49,472,49472,30,1999,4TAWN74N9XZ4,4,T,A,W,N,7,4,N,9,X,Z,4,0,T,TOYT,XL5,PC,99,17,,1,0,1219,TAC,G,,0,0,000000000,00000000000,0,0,0,1,0,0,0,0,0,0,0,998,0,0,0,12,12,2,1,8,0,0,0,1,53,98166,6,1,0,0,3,0,65,140,0,0,0,0,0,0,0,0,0,0,0,0,0,0,3,2,60,1,1,1,1,0,0,1,80,1,1,1,98,0,0
53,530322,4,5,1,18,10,22,53,8,0,1,0,53,1,7,402,7402,14,1999,1B4HS28Z1XF5,1,B,4,H,S,2,8,Z,1,X,F,5,0,P,DODG,DUR,UT,99,17,4397,,0,1159,,G,,0,0,000000000,00000000000,0,0,0,1,0,0,0,0,0,0,0,998,0,0,0,12,12,2,1,8,0,0,0,1,53,98188,6,1,0,0,3,0,65,185,1,0,0,0,0,11,2008,11,2008,0,0,0,0,0,3,2,60,1,1,1,1,0,0,1,80,1,1,1,98,0,0
53,530322,5,5,1,18,10,22,53,8,0,1,0,53,3,50,999,50999,99,2010,1GB6G2BGXA11,1,G,B,6,G,2,B,G,X,A,1,1,0,T,CHEV,CT3,YY,10,17,,3,0,1390,ETV,F,,0,0,000000000,00000000000,0,0,0,1,0,0,0,0,0,0,0,998,0,0,0,12,12,2,1,8,0,0,0,1,53,98208,6,1,0,0,3,0,68,150,0,0,0,0,0,0,0,0,0,0,0,0,0,0,3,2,60,1,1,1,1,0,0,1,80,1,1,1,98,0,0
53,530323,1,1,1,22,10,14,9,24,0,1,0,53,1,12,481,12481,31,2002,1FTNX21F52ED,1,F,T,N,X,2,1,F,5,2,E,D,0,T,FORD,F2S,4C,2,17,,2,1580,1418,SRW,D,,0,0,000000000,00000000000,0,0,0,1,0,0,0,0,0,0,0,998,0,1,5,11,13,6,2,1,0,0,0,1,53,98230,6,1,0,0,3,3,70,160,0,0,0,0,0,0,0,0,0,0,58,0,0,0,3,2,70,1,2,2,2,0,0,15,8,6,3,4,2,1,0
53,530324,1,1,3,15,8,17,46,9,0,1,0,53,1,12,471,12471,30,2005,1FTYR15E35PA,1,F,T,Y,R,1,5,E,3,5,P,A,0,T,FORD,RNS,PS,5,17,,1,0,1259,RNG,G,,0,0,000000000,00000000000,0,0,0,1,0,0,0,0,0,0,0,998,0,0,0,12,12,2,1,9,0,0,0,1,53,99201,6,1,0,0,3,3,67,200,0,0,0,0,1,10,2009,10,2009,0,0,0,0,0,4,3,30,1,2,2,1,20,3,1,83,1,1,1,13,0,0
53,530325,1,1,2,10,10,1,32,8,0,1,0,53,1,18,20,18020,4,1993,2G4WB54L6P14,2,G,4,W,B,5,4,L,6,P,1,4,0,P,BUIC,RGC,4D,93,17,3167,,0,1075,,G,,0,0,000000000,00000000000,0,0,0,1,0,0,0,0,0,0,0,998,0,0,0,12,12,0,1,8,0,0,0,1,53,98026,6,1,0,0,3,3,66,185,1,0,0,0,1,1,2008,1,2008,0,0,0,0,0,5,6,45,1,2,2,2,0,0,1,80,1,1,1,13,0,0
53,530326,1,1,1,23,10,3,15,8,0,1,0,53,2,22,16,22016,2,2000,1G2JB1247Y74,1,G,2,J,B,1,2,4,7,Y,7,4,0,P,PONT,SFS,CP,0,17,2606,,0,1041,,G,,0,0,000000000,00000000000,0,0,0,1,0,0,0,0,0,0,0,998,0,0,0,12,12,2,1,8,0,0,0,1,53,98292,6,1,0,0,3,0,63,150,1,0,0,2,1,6,2009,4,2010,0,0,0,0,0,1,2,35,1,3,2,1,0,0,1,80,1,1,1,13,0,0
53,530327,1,1,1,29,10,16,45,11,0,1,0,95,9,76,706,76706,80,2004,999999999999,9,9,9,9,9,9,9,9,9,9,9,9,0,U,,,,9,17,,,,,,,,0,0,000000000,00000000000,0,0,0,1,0,0,0,0,0,0,0,998,0,0,0,12,12,6,2,11,0,0,0,1,95,0,9,9,99,9,9,9,999,999,99,99,99,99,99,99,9999,99,9999,0,0,0,0,0,1,2,60,1,1,2,1,0,0,1,87,1,1,1,13,1,0
53,530328,1,1,2,25,9,21,17,24,0,1,0,53,1,73,705,73705,80,1991,JKAZX4C11MA0,J,K,A,Z,X,4,C,1,1,M,A,0,0,M,KAWK,ZCX,RS,91,17,,,,,,,600,0,0,000000000,00000000000,0,0,0,1,0,0,0,0,0,0,0,998,0,0,0,12,12,6,2,24,0,0,0,1,53,98802,1,1,0,0,2,0,72,205,0,1,0,0,0,11,2007,11,2007,1,0,0,0,0,1,2,30,3,1,2,1,0,0,14,13,1,1,4,1,1,1
53,530329,1,2,1,16,10,9,44,12,1,1,0,53,1,49,32,49032,4,2003,1NXBR32E03Z1,1,N,X,B,R,3,2,E,0,3,Z,1,0,P,TOYT,UCS,4D,3,17,2502,,0,1024,,G,,0,0,000000000,00000000000,0,0,0,1,0,0,0,0,0,0,0,998,0,0,0,12,12,6,2,12,0,0,0,1,53,98042,6,1,0,0,3,0,62,170,1,0,0,0,0,6,2010,6,2010,0,39,0,0,0,3,2,45,1,1,2,1,3,3,1,50,1,1,1,20,1,0
53,530329,2,2,4,16,10,9,44,12,1,1,0,53,1,12,24,12024,6,2008,2FMDK49C98BB,2,F,M,D,K,4,9,C,9,8,B,B,0,P,FORD,EDG,UT,8,17,4282,,0,1112,,G,,0,0,000000000,00000000000,0,0,0,1,0,0,0,0,0,0,0,0,0,0,0,6,6,6,2,12,0,0,0,1,53,98031,6,1,0,0,3,0,69,170,0,0,0,0,0,0,0,0,0,0,0,0,0,0,3,2,45,1,1,2,1,3,3,5,53,1,1,1,21,0,0
53,530330,1,3,1,19,10,16,15,12,6,1,0,53,3,82,881,82881,60,2001,4UZAANBW71CH,4,U,Z,A,A,N,B,W,7,1,C,H,0,T,FRHT,MWV,IC,1,17,,4,0,0,CHA,D,,0,99,999999999,99999999999,2,1,1,1,0,0,0,0,0,0,0,998,0,0,0,12,12,6,2,12,0,0,0,1,53,99301,6,1,6,1,3,0,72,205,0,0,0,0,0,0,0,0,0,0,39,0,0,0,1,4,55,1,2,2,1,3,3,1,17,1,1,1,69,0,1
53,530330,2,3,1,19,10,16,15,12,6,1,0,41,2,14,444,14444,20,2004,2MRDA20214BJ,2,M,R,D,A,2,0,2,1,4,B,J,0,T,MERC,MNT,MP,4,17,,1,0,1208,MNT,G,,0,0,000000000,00000000000,0,0,0,1,0,0,0,0,0,0,0,998,0,0,0,9,9,6,2,12,0,0,0,1,41,97882,6,1,0,0,3,0,67,150,0,0,0,0,0,0,0,0,0,0,0,0,0,0,1,4,30,1,2,2,1,3,3,11,66,1,1,1,68,1,0
53,530330,3,3,1,19,10,16,15,12,6,1,0,53,1,49,40,49040,2,1994,4T1GK14C0RU0,4,T,1,G,K,1,4,C,0,R,U,0,0,P,TOYT,CSE,CP,94,17,3164,,0,1031,,G,,0,0,000000000,00000000000,0,0,0,1,0,0,0,0,0,0,0,998,0,0,0,12,12,6,2,12,0,0,0,1,53,99337,6,1,0,0,3,0,71,175,0,0,0,0,0,0,0,0,0,0,0,0,0,0,1,4,30,1,2,2,1,3,3,1,66,1,1,1,98,0,0
53,530332,1,1,1,7,11,7,0,17,0,1,0,53,1,2,402,2402,14,1967,8705F1619582,8,7,0,5,F,1,6,1,9,5,8,2,0,P,,,,,,,,,,,,,0,0,000000000,00000000000,0,0,0,1,0,0,0,0,0,0,0,998,0,1,6,3,13,6,2,1,0,0,0,1,53,98816,6,1,0,0,3,3,70,200,0,0,0,0,0,0,0,0,0,1,0,0,0,0,1,2,60,1,2,2,2,0,0,1,6,1,4,4,7,1,0
53,530333,1,1,6,31,10,2,20,1,0,1,0,53,1,23,421,23421,15,2001,1GKEK63U31J2,1,G,K,E,K,6,3,U,3,1,J,2,0,T,GMC,DEN,4W,1,17,,2,0,0,DEN,G,,0,0,000000000,00000000000,0,0,0,1,0,0,0,0,0,0,0,998,0,1,6,0,0,6,2,1,0,0,0,1,53,98944,6,1,0,0,3,0,69,175,0,0,0,0,0,0,0,0,0,1,0,0,0,0,6,1,70,2,2,1,1,0,0,14,12,1,1,4,6,3,1
53,530334,1,2,1,5,11,14,0,12,1,1,0,53,1,53,35,53035,4,2004,KL5VJ52L74B1,K,L,5,V,J,5,2,L,7,4,B,1,0,P,SUZI,VSL,4D,4,17,3280,,0,1063,,G,,0,0,000000000,00000000000,0,0,0,1,0,0,0,0,0,0,0,998,0,0,0,12,12,6,2,12,0,0,0,1,53,99114,6,1,0,0,3,0,68,200,0,0,0,0,0,0,0,0,0,0,91,0,0,0,1,2,60,1,1,2,1,0,0,1,50,1,1,1,20,0,0
53,530334,2,2,3,5,11,14,0,12,1,1,0,53,1,14,17,14017,4,1990,1MECM5341LG6,1,M,E,C,M,5,3,4,1,L,G,6,0,P,MERC,SLS,4D,90,17,3180,,0,1060,,G,,0,0,000000000,00000000000,0,0,0,1,0,0,0,0,0,0,0,0,0,0,0,6,6,6,2,12,0,0,0,1,53,99114,6,1,0,0,3,0,64,240,0,0,0,0,0,0,0,0,0,0,0,0,0,0,1,2,60,1,2,2,1,0,0,5,53,1,1,1,21,1,0
53,530335,1,1,1,8,11,21,50,1,0,1,0,53,3,85,881,85881,66,1997,1XKDPB0X4VR7,1,X,K,D,P,B,0,X,4,V,R,7,1,T,KW,T80,DS,97,17,,8,0,0,CON,D,,1,57,359870,57359870,3,6,1,1,0,0,0,0,0,0,0,998,0,2,6,0,13,6,2,3,0,0,0,1,16,83686,6,1,6,1,3,0,70,190,0,0,0,1,2,4,2009,6,2010,1,0,0,0,0,1,2,60,2,1,2,1,0,0,14,12,1,1,4,6,1,1
53,530336,1,1,1,29,7,7,45,8,0,1,0,53,3,87,881,87881,66,2000,1NPFL60X3YD5,1,N,P,F,L,6,0,X,3,Y,D,5,1,T,PTRB,378,TM,0,17,,8,0,0,CON,D,,1,57,200552,57200552,3,6,3,1,0,0,0,0,0,0,0,998,0,0,0,12,12,2,1,8,0,0,0,1,53,98275,6,1,6,1,3,0,75,200,0,0,0,2,0,10,2009,3,2010,0,38,91,0,0,1,2,25,1,1,2,1,20,3,10,80,1,1,1,13,0,0
53,530337,1,1,1,17,10,6,0,42,0,1,0,53,2,20,481,20481,31,1991,1GCCS14RXM81,1,G,C,C,S,1,4,R,X,M,8,1,0,T,CHEV,S14,PK,91,17,,1,1179,1083,S,G,,0,0,000000000,00000000000,0,0,0,1,0,0,0,0,0,0,0,998,0,0,0,1,12,6,2,42,0,0,0,1,53,98682,1,1,0,0,2,0,68,160,0,5,0,1,3,9,2008,5,2010,0,0,0,0,0,1,2,25,1,1,2,1,0,0,1,13,1,1,4,1,1,1
53,530338,1,3,1,18,10,22,53,12,2,1,0,53,2,48,34,48034,6,2006,4S4BP86C7643,4,S,4,B,P,8,6,C,7,6,4,3,0,P,SUBA,30R,SW,6,17,3600,,0,1051,,G,,0,0,000000000,00000000000,0,0,0,1,0,0,0,0,0,0,0,998,0,0,0,12,12,6,2,12,0,0,0,1,53,98003,6,1,0,0,3,3,67,190,0,0,0,1,0,12,2007,12,2007,0,51,0,0,0,3,2,60,1,1,2,1,0,0,1,54,1,1,1,50,0,0
53,530338,2,3,3,18,10,22,53,12,2,1,0,53,1,12,401,12401,14,1994,1FMDU34X0RUE,1,F,M,D,U,3,4,X,0,R,U,E,0,P,FORD,EPR,UT,94,17,4053,,0,1120,,G,,0,0,000000000,00000000000,0,0,0,1,0,0,0,0,0,0,0,998,0,0,0,12,12,6,2,12,0,0,0,1,53,98188,1,1,0,0,2,0,70,180,0,1,0,0,2,8,2008,3,2009,0,92,0,0,0,3,2,60,1,1,2,1,0,0,1,54,7,1,2,51,1,0
53,530338,3,3,2,18,10,22,53,12,2,1,0,53,1,54,31,54031,3,1991,JH4DA9366MS0,J,H,4,D,A,9,3,6,6,M,S,0,0,P,ACUR,IGS,2H,91,17,2535,,0,1004,,G,,0,0,000000000,00000000000,0,0,0,1,0,0,0,0,0,0,0,998,0,0,0,12,12,2,1,12,0,0,0,1,53,98106,6,1,0,0,3,0,69,150,0,0,0,0,0,0,0,0,0,0,0,0,0,0,3,2,60,1,1,2,1,0,0,1,54,1,1,1,98,0,0
53,530339,1,1,1,11,11,0,3,53,0,1,0,53,2,22,16,22016,2,2002,1G2JB1240271,1,G,2,J,B,1,2,4,0,2,7,1,0,P,PONT,SFS,CP,2,17,2606,,0,1041,,G,,0,0,000000000,00000000000,0,0,0,1,0,0,0,0,0,0,0,998,0,0,0,12,4,6,2,30,0,0,0,1,53,98611,3,1,0,0,2,0,64,145,0,0,0,0,0,0,0,0,0,1,0,0,0,0,1,2,50,1,1,2,2,0,0,1,6,6,1,4,1,1,1