STATE,ST_CASE,VEH_NO,VE_FORMS,NUMOCCS,DAY,MONTH,HOUR,MINUTE,HARM_EV,MAN_COLL,UNITTYPE,HIT_RUN,REG_STAT,OWNER,MAKE,MODEL,MAK_MOD,BODY_TYP,MOD_YEAR,VIN,VIN_1,VIN_2,VIN_3,VIN_4,VIN_5,VIN_6,VIN_7,VIN_8,VIN_9,VIN_10,VIN_11,VIN_12,TOW_VEH,VINTYPE,VINMAKE,VINA_MOD,VIN_BT,VINMODYR,VIN_LNGT,VIN_WGT,WGTCD_TR,WHLBS_LG,WHLBS_SH,SER_TR,FUELCODE,MCYCL_DS,J_KNIFE,MCARR_I1,MCARR_I2,MCARR_ID,GVWR,V_CONFIG,CARGO_BT,HAZ_INV,HAZ_PLAC,HAZ_ID,HAZ_CNO,HAZ_REL,BUS_USE,SPEC_USE,EMER_USE,TRAV_SP,UNDERIDE,ROLLOVER,ROLINLOC,IMPACT1,IMPACT2,DEFORMED,TOWED,M_HARM,VEH_SC1,VEH_SC2,FIRE_EXP,DR_PRES,L_STATE,DR_ZIP,L_STATUS,L_TYPE,CDL_STAT,L_ENDORS,L_COMPL,L_RESTRI,DR_HGT,DR_WGT,PREV_ACC,PREV_SUS,PREV_DWI,PREV_SPD,PREV_OTH,FIRST_MO,FIRST_YR,LAST_MO,LAST_YR,SPEEDREL,DR_SF1,DR_SF2,DR_SF3,DR_SF4,VTRAFWAY,VNUM_LAN,VSPD_LIM,VALIGN,VPROFILE,VPAVETYP,VSURCOND,VTRAFCON,VTCONT_F,P_CRASH1,P_CRASH2,P_CRASH3,PCRASH4,PCRASH5,ACC_TYPE,DEATHS,DR_DRINK
53,530340,1,1,1,12,11,19,4,30,0,1,0,53,3,20,481,20481,31,1985,2GCEK14H1F11,2,G,C,E,K,1,4,H,1,F,1,1,0,T,CHEV,K10,PK,85,17,,2,1315,1175,K10,G,,0,0,000000000,00000000000,0,0,0,1,0,0,0,0,0,0,0,30,0,2,6,1,13,6,2,1,0,0,0,1,53,98855,6,1,6,2,3,0,72,230,0,0,0,0,0,0,0,0,0,0,0,0,0,0,1,2,35,3,2,2,1,0,0,14,13,3,1,4,1,1,1
53,530341,1,3,1,20,10,6,20,8,0,1,1,99,9,99,999,99999,99,9999,999999999999,9,9,9,9,9,9,9,9,9,9,9,9,9,U,,,,9,17,,,,,,,,0,99,999999999,99999999999,9,99,99,1,0,0,0,0,99,99,9,998,0,0,0,99,99,9,9,8,0,0,0,1,99,99999,9,9,99,9,9,9,999,999,99,99,99,99,99,99,9999,99,9999,9,99,99,99,99,1,2,60,1,1,2,1,0,0,99,80,99,1,1,13,0,0
53,530341,2,3,1,20,10,6,20,8,0,1,0,53,1,12,37,12037,2,2006,1FAFP37N76W2,1,F,A,F,P,3,7,N,7,6,W,2,0,P,FORD,FX5,4H,6,17,2729,,0,1029,,G,,0,0,000000000,00000000000,0,0,0,1,0,0,0,0,0,0,0,998,0,0,0,12,12,6,2,8,0,0,0,1,53,98851,6,1,0,0,3,0,64,135,0,0,0,0,0,0,0,0,0,0,0,0,0,0,1,2,60,1,1,2,1,0,0,1,80,1,1,1,98,0,0
53,530341,3,3,2,20,10,6,20,8,0,1,0,53,2,20,32,20032,4,1991,1Y1SK5468MZ0,1,Y,1,S,K,5,4,6,8,M,Z,0,0,P,GEO,GEP,4D,91,17,2364,,0,957,,G,,0,0,000000000,00000000000,0,0,0,1,0,0,0,0,0,0,0,998,0,0,0,12,12,2,1,8,0,0,0,1,53,98848,6,1,0,0,3,0,67,140,0,0,0,0,0,0,0,0,0,0,0,0,0,0,1,2,60,1,1,2,1,0,0,1,80,1,1,1,98,0,0
53,530342,1,2,2,4,11,13,56,12,2,1,0,53,1,37,31,37031,4,1994,1HGEJ1224RL0,1,H,G,E,J,1,2,2,4,R,L,0,0,P,HOND,CEX,CP,94,17,2439,,0,1032,,G,,0,0,000000000,00000000000,0,0,0,1,0,0,0,0,0,0,0,998,0,0,0,12,12,6,2,12,0,0,0,1,53,98201,6,1,0,0,3,0,59,100,0,0,0,0,3,6,2008,5,2010,0,0,0,0,0,1,2,55,1,1,2,1,0,0,1,10,1,1,2,50,1,0
53,530342,2,2,1,4,11,13,56,12,2,1,0,53,3,12,481,12481,31,2007,1FTPW14V07FA,1,F,T,P,W,1,4,V,0,7,F,A,0,T,FORD,F1S,CW,7,17,,2,0,1390,COF,F,,0,0,000000000,00000000000,0,0,0,1,0,0,0,0,0,0,0,998,0,0,0,12,12,6,2,12,0,0,0,1,53,98223,6,1,6,0,3,0,76,190,0,0,0,0,0,0,0,0,0,0,0,0,0,0,1,2,55,1,1,2,1,0,0,1,62,1,1,1,51,0,0
53,530345,1,1,1,14,11,0,1,1,0,1,0,53,1,12,481,12481,31,1997,2FTFX28L4VCA,2,F,T,F,X,2,8,L,4,V,C,A,0,T,FORD,F25,3C,97,17,,2,0,1390,COF,G,,0,0,000000000,00000000000,0,0,0,1,0,0,0,0,0,0,0,998,0,2,6,0,0,6,2,1,0,0,0,1,53,98338,6,1,0,0,3,0,74,275,0,0,0,0,0,0,0,0,0,0,0,0,0,0,1,2,35,3,2,2,2,0,0,14,13,6,4,4,7,1,1
53,530346,1,1,1,14,11,17,7,42,0,1,0,53,1,55,36,55036,3,2002,KMHCF35G52U1,K,M,H,C,F,3,5,G,5,2,U,1,0,P,HYUN,ACL,2H,2,17,2225,,0,961,,G,,0,0,000000000,00000000000,0,0,0,1,0,0,0,0,0,0,0,998,0,0,0,12,12,6,2,42,0,0,0,1,53,98047,6,1,0,0,3,3,71,180,0,0,0,0,0,0,0,0,0,0,0,0,0,0,1,2,55,1,1,2,2,0,0,1,13,1,1,4,1,1,0
53,530347,1,2,2,16,11,16,31,12,8,1,0,53,2,12,35,12035,4,1995,1FALP67L5SK1,1,F,A,L,P,6,7,L,5,S,K,1,0,P,FORD,CSE,4D,95,17,2994,,0,1065,,G,,0,0,000000000,00000000000,0,0,0,1,0,0,0,0,0,0,0,998,0,0,0,11,11,6,2,12,0,0,0,1,53,98837,0,0,0,0,0,0,68,170,0,0,0,0,0,0,0,0,0,0,0,0,0,0,1,2,55,1,1,2,1,0,0,1,10,1,1,2,64,1,1
53,530347,2,2,1,16,11,16,31,12,8,1,0,53,1,87,881,87881,66,1985,1XPDB9X1FP18,1,X,P,D,B,9,X,1,F,P,1,8,1,P,,,,,,,,,,,,,1,57,1899465,571899465,3,6,3,1,0,0,0,0,0,0,0,998,0,0,0,7,7,2,1,12,0,0,0,1,53,99344,6,1,6,1,3,0,70,180,0,1,0,4,0,5,2008,11,2009,0,0,0,0,0,1,2,55,1,1,2,1,0,0,1,62,1,1,1,65,0,0
53,530348,1,2,1,19,11,4,53,12,6,1,0,53,1,12,17,12017,4,2003,1FAHP55S73G1,1,F,A,H,P,5,5,S,7,3,G,1,0,P,FORD,TSS,4D,3,17,3329,2,0,1085,SNR,G,,0,0,000000000,00000000000,0,0,0,1,0,0,0,0,0,0,0,998,0,0,0,9,9,6,2,12,0,0,0,1,53,98365,6,1,0,0,3,3,75,180,1,0,0,0,0,9,2008,9,2008,0,38,0,0,0,1,2,60,1,2,2,1,20,3,11,15,1,1,2,82,1,0
53,530348,2,2,1,19,11,4,53,12,6,1,0,53,3,7,462,7462,21,2006,WD0PD5448659,W,D,0,P,D,5,4,4,8,6,5,9,0,T,DODG,SP3,VN,6,17,,2,0,1580,SNR,D,,0,0,000000000,00000000000,0,0,0,1,0,0,0,0,0,0,0,998,0,0,0,12,12,6,2,12,0,0,0,1,53,98422,6,1,0,0,3,0,69,120,0,0,0,0,1,5,2010,5,2010,0,0,0,0,0,1,2,60,1,2,2,1,0,0,1,67,1,1,1,83,0,0
53,530349,1,2,2,20,11,18,5,12,2,1,0,53,1,12,481,12481,31,1997,1FTHF25H9VEC,1,F,T,H,F,2,5,H,9,V,E,C,1,T,FORD,F25,PK,97,17,,2,0,1330,COF,G,,1,0,000000000,00000000000,0,0,0,1,0,0,0,0,0,0,0,998,0,0,0,12,0,6,2,12,0,0,0,1,53,98392,6,1,0,0,3,0,72,155,0,4,0,0,4,6,2008,5,2009,0,0,0,0,0,1,2,40,3,1,2,1,0,0,14,10,4,1,2,50,0,0
53,530349,2,2,1,20,11,18,5,12,2,1,0,53,1,2,404,2404,14,1999,1J4FF68S1XL5,1,J,4,F,F,6,8,S,1,X,L,5,0,T,JEEP,SPC,4W,99,17,,1,0,1014,CHK,G,,0,0,000000000,00000000000,0,0,0,1,0,0,0,0,0,0,0,998,0,0,0,12,12,6,2,12,0,0,0,1,53,98110,6,1,0,0,3,0,68,240,0,0,0,0,0,0,0,0,0,0,0,0,0,0,1,2,40,2,1,2,1,0,0,14,62,1,1,1,51,1,0
53,530350,1,1,1,27,8,1,33,17,0,1,0,53,1,20,2,20002,4,1979,1N69G9C15984,1,N,6,9,G,9,C,1,5,9,8,4,0,P,,,,,,,,,,,,,0,0,000000000,00000000000,0,0,0,1,0,0,0,0,0,0,0,998,0,0,0,3,3,6,2,42,0,0,0,1,53,98499,6,1,0,0,3,0,67,150,0,0,0,0,0,0,0,0,0,1,0,0,0,0,1,2,35,4,1,2,1,0,0,14,9,1,4,4,2,1,1
53,530351,1,1,1,22,11,18,48,25,0,1,0,53,1,7,482,7482,31,2007,1D7HA18287S2,1,D,7,H,A,1,8,2,8,7,S,2,0,T,DODG,SQ1,CW,7,17,,2,1605,1405,RPC,G,,0,0,000000000,00000000000,0,0,0,1,0,0,0,0,0,0,0,998,0,0,0,11,11,6,2,8,0,0,0,1,53,98513,6,1,6,0,3,3,70,235,1,0,0,2,1,4,2009,12,2009,1,87,0,0,0,3,5,60,1,1,2,4,0,0,1,5,99,4,4,7,0,0
53,530352,1,1,1,22,11,14,30,1,0,1,0,53,2,12,481,12481,31,1997,1FTHX25F3VEA,1,F,T,H,X,2,5,F,3,V,E,A,0,T,FORD,F25,PS,97,17,,2,1550,1390,COF,D,,0,0,000000000,00000000000,0,0,0,1,0,0,0,0,0,0,0,998,0,9,6,0,13,6,2,1,0,0,0,1,53,98241,6,1,0,0,3,0,67,148,0,0,0,0,0,0,0,0,0,0,31,51,87,0,1,2,35,1,1,4,8,0,0,13,8,99,7,4,92,1,1
53,530353,1,1,1,28,11,21,9,42,0,1,0,53,2,55,37,55037,2,2004,KMHHM65D04U1,K,M,H,H,M,6,5,D,0,4,U,1,0,P,HYUN,TIB,CP,4,17,2940,,0,996,,G,,0,0,000000000,00000000000,0,0,0,1,0,0,0,0,0,0,0,998,0,0,0,12,12,6,2,42,0,0,0,1,53,98012,6,1,0,0,3,0,71,250,0,0,0,1,0,9,2010,9,2010,1,0,0,0,0,1,2,45,1,2,2,2,3,3,1,14,3,1,4,14,1,1
53,530354,1,2,1,1,11,17,12,12,2,1,0,53,2,37,706,37706,80,1998,JH2SC3308WM2,J,H,2,S,C,3,3,0,8,W,M,2,0,M,HOND,CR9,RS,98,17,,,,,,,919,0,0,000000000,00000000000,0,0,0,1,0,0,0,0,0,0,0,998,0,0,0,12,12,6,2,12,0,0,0,1,53,99344,6,1,0,0,2,0,66,180,0,0,0,2,2,12,2007,7,2010,0,0,0,0,0,1,2,50,3,2,2,2,0,0,14,10,1,1,2,50,1,0
53,530354,2,2,1,1,11,17,12,12,2,1,0,53,3,82,883,82883,66,2004,1FUJA6CK74PN,1,F,U,J,A,6,C,K,7,4,P,N,2,T,FRHT,COL,DS,4,17,,8,0,0,CON,D,,1,57,680061,57680061,3,7,97,1,0,0,0,0,0,0,0,998,0,0,0,12,12,2,1,12,0,0,0,1,53,98837,6,1,0,2,2,0,72,180,0,0,0,3,1,2,2009,7,2010,0,99,99,99,99,1,2,50,3,2,2,2,0,0,14,62,1,1,1,51,0,0
53,530355,1,2,2,5,11,14,40,12,6,1,0,53,2,12,421,12421,15,1995,1FMEU15H5SLA,1,F,M,E,U,1,5,H,5,S,L,A,0,P,FORD,BRO,UT,95,17,4587,,0,1050,,G,,0,0,000000000,00000000000,0,0,0,1,0,0,0,0,0,0,0,998,0,9,1,12,13,6,2,12,0,0,0,1,53,98901,6,1,0,0,3,3,63,185,0,0,0,0,0,0,0,0,0,0,39,91,0,0,1,2,50,1,1,1,1,20,3,99,17,1,1,2,88,0,1
53,530355,2,2,1,5,11,14,40,12,6,1,0,53,2,41,37,41037,4,1995,1YVGE22C9S54,1,Y,V,G,E,2,2,C,9,S,5,4,0,P,MAZD,UDL,4D,95,17,2743,,0,1028,,G,,0,0,000000000,00000000000,0,0,0,1,0,0,0,0,0,0,0,998,0,0,0,9,9,6,2,12,0,0,0,1,53,98952,6,1,0,0,3,0,65,189,0,0,0,0,0,0,0,0,0,0,0,0,0,0,1,2,55,1,1,2,1,0,0,1,68,1,1,1,89,1,0
53,530356,1,1,1,8,12,12,7,52,0,1,0,53,2,20,473,20473,30,2008,1GCCS3990881,1,G,C,C,S,3,9,9,0,8,8,1,0,T,CHEV,RLT,4C,8,17,,1,0,1260,CAL,G,,0,0,000000000,00000000000,0,0,0,1,0,0,0,0,0,0,0,998,0,9,5,12,12,6,2,52,0,0,0,1,53,98584,6,1,0,0,3,0,63,170,0,0,0,0,0,0,0,0,0,0,0,0,0,0,1,2,45,2,2,2,2,0,0,14,12,99,1,4,6,1,1
53,530357,1,2,3,13,11,21,55,12,2,1,0,53,2,12,481,12481,31,2001,1FTRW08WX1KE,1,F,T,R,W,0,8,W,X,1,K,E,0,T,FORD,F1S,CW,1,17,,2,0,1388,COF,G,,0,0,000000000,00000000000,0,0,0,1,0,0,0,0,0,0,0,998,0,0,0,12,12,6,2,12,0,0,0,1,53,98813,6,1,0,0,3,0,60,125,0,0,0,0,0,0,0,0,0,0,0,0,0,0,1,2,60,1,1,2,1,0,0,1,62,6,1,2,51,1,0
53,530357,2,2,1,13,11,21,55,12,2,1,0,53,1,12,422,12422,15,1997,1FMFU18L6VLA,1,F,M,F,U,1,8,L,6,V,L,A,0,P,FORD,EPT,UT,97,17,4827,,0,1190,,G,,0,0,000000000,00000000000,0,0,0,1,0,0,0,0,0,0,0,998,0,0,0,12,12,6,2,12,0,0,0,1,53,98862,6,1,0,0,3,0,64,130,0,0,0,1,0,3,2010,3,2010,0,51,91,0,0,1,2,60,1,1,2,1,0,0,1,54,1,1,2,50,0,1
53,530358,1,1,2,20,8,12,45,42,0,1,0,53,1,49,472,49472,30,2002,5TEWN72N92Z1,5,T,E,W,N,7,2,N,9,2,Z,1,0,T,TOYT,XTR,PC,2,17,,1,0,1219,TAC,G,,0,0,000000000,00000000000,0,0,0,1,0,0,0,0,0,0,0,998,0,0,0,82,82,6,2,42,0,0,0,1,53,98672,6,1,0,0,3,0,71,155,0,0,0,0,0,0,0,0,0,0,0,0,0,0,1,2,50,3,3,2,1,0,0,14,13,1,1,4,1,1,0
53,530359,1,1,1,22,8,14,30,1,0,1,0,53,1,76,706,76706,80,2004,JYAVP17E24A0,J,Y,A,V,P,1,7,E,2,4,A,0,0,M,YAMA,X17,RS,4,17,,,,,,,1670,0,0,000000000,00000000000,0,0,0,1,0,0,0,0,0,0,0,998,0,0,0,0,0,6,2,1,0,0,0,1,53,98682,6,1,0,0,3,0,75,310,0,0,0,0,0,0,0,0,0,0,0,0,0,0,1,2,50,2,1,2,1,0,0,14,12,98,2,4,98,1,0
53,530361,1,2,1,17,8,16,57,12,6,1,0,53,1,7,42,7042,2,2000,4B3AU42N7YE0,4,B,3,A,U,4,2,N,7,Y,E,0,0,P,DODG,AVS,2P,0,17,3047,,0,1037,,G,,0,0,000000000,00000000000,0,0,0,1,0,0,0,0,0,0,0,998,0,0,0,3,12,6,2,30,0,0,0,1,53,98146,6,1,0,0,3,0,71,180,0,0,0,0,0,0,0,0,0,1,0,0,0,0,1,2,45,1,1,1,1,0,0,1,67,6,1,2,83,1,0
53,530361,2,2,1,17,8,16,57,12,6,1,0,53,3,20,422,20422,15,2008,3GNFK16348G1,3,G,N,F,K,1,6,3,4,8,G,1,0,P,CHEV,K15,UT,8,17,5743,,0,1300,,F,,0,0,000000000,00000000000,0,0,0,1,0,0,0,0,0,0,0,998,0,0,0,12,12,6,2,12,0,0,0,1,53,98108,6,1,0,0,3,0,69,130,0,0,0,0,0,0,0,0,0,0,0,0,0,0,1,2,45,1,1,1,1,20,3,11,15,1,1,2,82,0,0
53,530362,1,1,2,17,11,16,57,42,0,1,0,53,1,35,34,35034,2,1996,JN1CZ24D1TX9,J,N,1,C,Z,2,4,D,1,T,X,9,0,P,NISS,30X,2H,96,17,3385,,0,965,,G,,0,0,000000000,00000000000,0,0,0,1,0,0,0,0,0,0,0,998,0,0,0,9,9,6,2,42,0,0,0,1,53,98036,6,1,0,0,3,3,70,200,0,1,1,0,0,11,2009,3,2010,1,0,0,0,0,1,2,25,2,2,2,2,0,0,14,6,1,3,4,7,1,0
53,530363,1,5,1,21,10,18,16,12,1,1,0,53,1,12,23,12023,4,2010,3FAHP0DC5AR1,3,F,A,H,P,0,D,C,5,A,R,1,0,P,FORD,FPA,4D,10,17,3803,,0,1074,,G,,0,0,000000000,00000000000,0,0,0,1,0,0,0,0,0,0,0,998,0,0,0,12,12,6,2,12,0,0,0,1,53,98294,6,1,0,0,3,0,66,155,0,0,0,1,0,8,2010,8,2010,1,0,0,0,0,5,5,30,1,1,1,1,0,0,1,50,1,1,1,24,0,0
53,530363,2,5,2,21,10,18,16,12,1,1,0,53,1,48,38,48038,4,2007,JF1GD61687H5,J,F,1,G,D,6,1,6,8,7,H,5,0,P,SUBA,I25,4D,7,17,3016,,0,994,,G,,0,0,000000000,00000000000,0,0,0,1,0,0,0,0,0,0,0,998,0,0,0,6,6,6,2,12,0,0,0,1,53,98118,6,1,0,0,3,3,70,230,0,0,0,0,0,0,0,0,0,0,0,0,0,0,5,5,30,1,1,1,1,0,0,1,53,1,1,1,25,1,0
53,530363,3,5,1,21,10,18,16,12,1,1,0,53,2,7,482,7482,31,2001,1B7KF23621J5,1,B,7,K,F,2,3,6,2,1,J,5,0,T,DODG,Q25,4C,1,17,,2,1547,1387,RPC,D,,0,0,000000000,00000000000,0,0,0,1,0,0,0,0,0,0,0,998,0,0,0,6,99,6,2,54,0,0,0,1,53,98859,6,1,0,0,3,0,76,210,0,0,0,0,0,0,0,0,0,0,0,0,0,0,5,5,30,1,1,1,1,0,0,1,53,1,1,1,98,0,0
53,530363,4,5,1,21,10,18,16,12,1,1,0,53,1,48,34,48034,4,2006,4S4BP67C6643,4,S,4,B,P,6,7,C,6,6,4,3,0,P,SUBA,OXL,SW,6,17,3415,,0,1051,,G,,0,0,000000000,00000000000,0,0,0,1,0,0,0,0,0,0,0,998,0,0,0,6,99,2,1,54,0,0,0,1,53,98199,6,1,0,0,3,3,70,160,0,0,0,0,0,0,0,0,0,0,0,0,0,0,5,5,30,1,1,1,1,0,0,1,53,1,1,1,98,0,0
53,530363,5,5,3,21,10,18,16,12,1,1,0,53,1,51,43,51043,6,2005,YV1SW6128524,Y,V,1,S,W,6,1,2,8,5,2,4,0,P,VOLV,V70,SW,5,17,3481,,0,1085,,G,,0,0,000000000,00000000000,0,0,0,1,0,0,0,0,0,0,0,998,0,0,0,6,6,2,1,54,0,0,0,1,53,98136,6,1,0,0,3,0,67,125,1,0,0,0,0,9,2009,9,2009,0,0,0,0,0,5,5,30,1,1,1,1,0,0,1,53,1,1,1,98,0,0
53,530364,1,2,2,13,11,5,42,12,6,1,0,53,2,54,31,54031,3,1991,JH4DA9355MS0,J,H,4,D,A,9,3,5,5,M,S,0,0,P,ACUR,ILS,2H,91,17,2491,,0,1004,,G,,0,0,000000000,00000000000,0,0,0,1,0,0,0,0,0,0,0,998,0,0,0,63,63,6,2,12,0,0,0,1,53,98166,6,1,0,0,3,0,68,130,0,1,0,3,12,6,2009,9,2010,1,0,0,0,0,1,4,40,2,2,2,2,0,0,14,6,7,3,2,64,1,1
53,530364,2,2,1,13,11,5,42,12,6,1,0,53,1,12,421,12421,15,1988,1FMCU14TXJUB,1,F,M,C,U,1,4,T,X,J,U,B,0,P,FORD,BII,UT,88,17,0,,0,940,,G,,0,0,000000000,00000000000,0,0,0,1,0,0,0,0,0,0,0,998,0,0,0,12,12,6,2,12,0,0,0,1,53,98032,6,1,0,0,3,0,74,225,0,0,0,0,0,0,0,0,0,0,0,0,0,0,1,4,40,2,2,2,2,0,0,14,62,99,1,2,65,0,0
53,530365,1,1,2,18,11,20,16,17,0,1,0,53,1,12,401,12401,14,1996,1FMDU34X2TUB,1,F,M,D,U,3,4,X,2,T,U,B,0,P,FORD,EPR,UT,96,17,4189,,0,1115,,G,,0,0,000000000,00000000000,0,0,0,1,0,0,0,0,0,0,0,998,0,1,6,6,13,6,2,1,0,0,0,1,53,99022,6,1,0,0,3,3,71,180,0,1,1,0,3,6,2008,5,2010,1,0,0,0,0,1,2,45,1,2,4,1,0,0,1,9,99,4,4,7,1,1
53,530366,1,1,2,17,11,23,49,14,0,1,1,53,9,7,482,7482,31,2003,1D7HA16D83J6,1,D,7,H,A,1,6,D,8,3,J,6,0,T,DODG,S15,PK,3,17,,2,1405,1205,RPC,G,,0,0,000000000,00000000000,0,0,0,1,0,0,0,0,0,0,0,998,0,0,0,82,82,6,2,14,0,0,0,1,98,99999,9,9,99,0,9,8,999,999,99,99,99,99,99,99,9999,99,9999,1,99,99,99,99,5,2,30,1,1,1,2,0,0,99,11,99,9,4,11,1,0
53,530367,1,1,1,20,11,2,0,8,0,1,0,41,3,82,883,82883,66,2002,1FUJAHAS92PK,1,F,U,J,A,H,A,S,9,2,P,K,1,T,FRHT,FLD,DS,2,17,,8,0,0,CON,D,,1,57,344894,57344894,3,6,1,1,0,0,0,0,0,0,0,998,0,0,0,61,61,2,1,8,0,0,0,1,41,97442,6,1,6,1,3,0,72,165,0,0,0,0,0,0,0,0,0,0,0,0,0,0,3,4,60,1,1,1,1,0,0,1,80,7,1,2,13,0,0
53,530368,1,2,2,20,11,11,15,24,0,1,0,53,2,12,481,12481,31,2001,1FTRW08L31KB,1,F,T,R,W,0,8,L,3,1,K,B,0,T,FORD,F1S,CW,1,17,,2,0,1388,COF,G,,0,0,000000000,00000000000,0,0,0,1,0,0,0,0,0,0,0,998,0,0,0,12,12,6,2,12,0,0,0,1,53,98812,6,1,0,0,3,0,62,165,0,0,0,1,1,4,2008,9,2009,1,87,0,0,0,1,2,60,1,2,2,3,0,0,1,5,99,4,4,7,0,0
53,530368,2,2,2,20,11,11,15,24,0,1,0,53,1,49,401,49401,14,1998,JT3HN87R0W01,J,T,3,H,N,8,7,R,0,W,0,1,0,P,TOYT,RUN,UT,98,17,3940,,0,1053,,G,,0,0,000000000,00000000000,0,0,0,1,0,0,0,0,0,0,0,998,0,0,0,12,12,6,2,12,0,0,0,1,53,98846,6,1,0,0,3,0,70,310,0,0,0,0,1,10,2008,10,2008,0,0,0,0,0,1,2,60,1,2,2,3,0,0,1,62,99,1,1,98,1,0
53,530369,1,2,2,22,11,9,40,12,6,1,0,53,1,18,2,18002,4,1993,1G4HR53L3PH5,1,G,4,H,R,5,3,L,3,P,H,5,0,P,BUIC,LLF,4D,93,17,3360,,0,1108,,G,,0,0,000000000,00000000000,0,0,0,1,0,0,0,0,0,0,0,998,0,0,0,3,3,6,2,12,0,0,0,1,53,98947,6,1,0,0,3,3,63,200,1,0,0,0,1,11,2009,11,2009,0,87,0,0,0,1,2,50,1,1,2,3,0,0,1,5,99,4,2,64,2,0
53,530369,2,2,1,22,11,9,40,12,6,1,0,53,2,2,404,2404,14,2006,1J4HR48N96C1,1,J,4,H,R,4,8,N,9,6,C,1,0,T,JEEP,LCF,4W,6,17,,1,0,1095,GCK,G,,0,0,000000000,00000000000,0,0,0,1,0,0,0,0,0,0,0,998,0,0,0,12,12,6,2,12,0,0,0,1,53,98901,6,1,0,0,3,0,64,195,0,0,0,0,0,0,0,0,0,0,0,0,0,0,1,2,50,1,1,2,3,0,0,1,62,1,1,1,65,0,0
53,530370,1,2,1,26,11,19,42,12,2,1,0,53,1,37,32,37032,4,2001,1HGCF86611A1,1,H,G,C,F,8,6,6,1,1,A,1,0,P,HOND,UVP,4D,1,17,3009,,0,1069,,G,,0,0,000000000,00000000000,0,0,0,1,0,0,0,0,0,0,0,998,0,0,0,12,12,6,2,12,0,0,0,1,53,98837,6,1,0,0,3,3,70,160,2,0,0,0,2,10,2009,6,2010,0,0,0,0,0,1,2,50,8,8,2,98,0,0,1,10,1,1,2,50,1,0
53,530370,2,2,5,26,11,19,42,12,2,1,0,53,1,12,442,12442,20,1995,2FMDA5148SBC,2,F,M,D,A,5,1,4,8,S,B,C,0,T,FORD,WWG,ES,95,17,,1,0,1207,WIN,G,,0,0,000000000,00000000000,0,0,0,1,0,0,0,0,0,0,0,998,0,0,0,12,12,6,2,12,0,0,0,1,53,98848,6,1,0,0,3,0,65,165,0,0,0,0,0,0,0,0,0,0,0,0,0,0,1,2,50,8,8,2,98,0,0,1,10,1,1,2,51,0,0
53,530371,1,1,6,27,11,6,47,1,0,1,0,53,1,23,441,23441,20,1992,1GKDM19Z0NB5,1,G,K,D,M,1,9,Z,0,N,B,5,0,T,GMC,SXT,ES,92,17,,1,0,1110,SAF,G,,0,0,000000000,00000000000,0,0,0,1,0,0,0,0,0,0,0,998,0,1,5,0,0,6,2,1,0,0,0,1,53,98541,6,1,0,0,3,0,61,140,0,0,0,0,0,0,0,0,0,0,87,0,0,0,1,2,50,2,2,1,4,0,0,14,5,99,2,4,7,1,0
53,530372,1,2,1,2,12,5,40,12,6,1,0,53,1,63,33,63033,4,2006,KNAFE1212652,K,N,A,F,E,1,2,1,2,6,5,2,0,P,KIA,SLE,4D,6,17,2701,,0,1028,,G,,0,0,000000000,00000000000,0,0,0,1,0,0,0,0,0,0,0,998,0,0,0,81,81,6,2,12,0,0,0,1,53,99148,6,1,0,0,3,0,68,200,0,0,0,1,0,9,2009,9,2009,0,0,0,0,0,1,2,60,2,1,2,2,0,0,14,10,99,9,2,64,1,0
53,530372,2,2,2,2,12,5,40,12,6,1,0,53,2,49,401,49401,14,1994,JT3VN39W1R80,J,T,3,V,N,3,9,W,1,R,8,0,0,P,TOYT,RUN,UT,94,17,4165,,0,1033,,G,,0,0,000000000,00000000000,0,0,0,1,0,0,0,0,0,0,0,998,0,0,0,12,12,6,2,12,0,0,0,1,53,99114,1,1,0,0,2,0,71,165,0,7,0,0,4,5,2008,11,2009,0,92,0,0,0,1,2,60,3,1,2,2,0,0,14,62,1,1,1,65,0,0
53,530373,1,1,2,3,12,17,34,42,0,1,0,53,1,20,2,20002,4,2006,2G1WT55K5693,2,G,1,W,T,5,5,K,5,6,9,3,0,P,CHEV,IMT,4D,6,17,3477,,0,1105,,F,,0,0,000000000,00000000000,0,0,0,1,0,0,0,0,0,0,0,998,0,1,6,12,13,6,2,1,0,0,0,1,53,98366,6,1,0,0,3,3,72,157,0,0,0,0,0,0,0,0,0,1,0,0,0,0,1,2,35,1,2,2,8,20,3,99,14,1,1,4,14,1,0
53,530374,1,1,1,5,12,4,55,8,0,1,0,53,1,37,31,37031,2,1994,2HGEJ2125RH5,2,H,G,E,J,2,1,2,5,R,H,5,0,P,HOND,CID,CP,94,17,2168,,0,1032,,G,,0,0,000000000,00000000000,0,0,0,1,0,0,0,0,0,0,0,998,0,0,0,82,82,6,2,8,0,0,0,1,53,98951,6,1,0,0,3,0,68,180,0,0,0,2,2,2,2008,1,2009,0,0,0,0,0,1,2,98,1,1,2,1,0,0,1,80,1,1,1,13,0,0