STATE,ST_CASE,VEH_NO,VE_FORMS,NUMOCCS,DAY,MONTH,HOUR,MINUTE,HARM_EV,MAN_COLL,UNITTYPE,HIT_RUN,REG_STAT,OWNER,MAKE,MODEL,MAK_MOD,BODY_TYP,MOD_YEAR,VIN,VIN_1,VIN_2,VIN_3,VIN_4,VIN_5,VIN_6,VIN_7,VIN_8,VIN_9,VIN_10,VIN_11,VIN_12,TOW_VEH,VINTYPE,VINMAKE,VINA_MOD,VIN_BT,VINMODYR,VIN_LNGT,VIN_WGT,WGTCD_TR,WHLBS_LG,WHLBS_SH,SER_TR,FUELCODE,MCYCL_DS,J_KNIFE,MCARR_I1,MCARR_I2,MCARR_ID,GVWR,V_CONFIG,CARGO_BT,HAZ_INV,HAZ_PLAC,HAZ_ID,HAZ_CNO,HAZ_REL,BUS_USE,SPEC_USE,EMER_USE,TRAV_SP,UNDERIDE,ROLLOVER,ROLINLOC,IMPACT1,IMPACT2,DEFORMED,TOWED,M_HARM,VEH_SC1,VEH_SC2,FIRE_EXP,DR_PRES,L_STATE,DR_ZIP,L_STATUS,L_TYPE,CDL_STAT,L_ENDORS,L_COMPL,L_RESTRI,DR_HGT,DR_WGT,PREV_ACC,PREV_SUS,PREV_DWI,PREV_SPD,PREV_OTH,FIRST_MO,FIRST_YR,LAST_MO,LAST_YR,SPEEDREL,DR_SF1,DR_SF2,DR_SF3,DR_SF4,VTRAFWAY,VNUM_LAN,VSPD_LIM,VALIGN,VPROFILE,VPAVETYP,VSURCOND,VTRAFCON,VTCONT_F,P_CRASH1,P_CRASH2,P_CRASH3,PCRASH4,PCRASH5,ACC_TYPE,DEATHS,DR_DRINK
53,530410,1,2,1,22,11,15,10,24,0,1,0,53,2,12,422,12422,15,1997,1FMFU18L9VLA,1,F,M,F,U,1,8,L,9,V,L,A,0,P,FORD,EPT,UT,97,17,4827,,0,1190,,G,,0,0,000000000,00000000000,0,0,0,1,0,0,0,0,0,0,0,998,0,0,0,81,81,6,2,12,0,0,0,1,53,98801,6,1,0,0,3,0,62,124,0,0,0,0,0,0,0,0,0,1,87,92,0,0,2,2,60,1,1,2,3,0,0,1,9,99,4,4,2,0,0
53,530410,2,2,2,22,11,15,10,24,0,1,0,53,2,49,422,49422,15,2002,5TDBT48A92S0,5,T,D,B,T,4,8,A,9,2,S,0,0,P,TOYT,SEQ,UT,2,17,5295,,0,1181,,G,,0,0,000000000,00000000000,0,0,0,1,0,0,0,0,0,0,0,998,0,0,0,12,12,6,2,12,0,0,0,1,53,98815,6,1,0,0,3,0,73,230,0,0,0,1,2,8,2009,6,2010,0,0,0,0,0,2,2,60,1,2,2,3,0,0,1,62,1,1,1,98,1,0
53,530411,1,1,3,10,12,18,30,8,0,1,0,53,2,7,482,7482,31,1997,1B7KF26D1VJ5,1,B,7,K,F,2,6,D,1,V,J,5,0,T,DODG,250,PK,97,17,,2,0,1347,RPC,D,,0,0,000000000,00000000000,0,0,0,1,0,0,0,0,0,0,0,998,0,0,0,12,12,2,1,8,0,0,0,1,6,95051,3,1,2,0,2,0,64,120,0,0,0,0,0,0,0,0,0,0,38,91,0,0,1,4,30,1,1,2,1,0,0,11,80,1,1,1,13,0,1
53,530412,1,2,1,27,12,18,21,12,6,1,0,53,2,49,48,49048,5,2006,JTKKT6244601,J,T,K,K,T,6,2,4,4,6,0,1,0,P,TOYT,SXA,4H,6,17,2340,,0,933,,G,,0,0,000000000,00000000000,0,0,0,1,0,0,0,0,0,0,0,998,0,0,0,82,82,6,2,12,0,0,0,1,53,98020,6,1,0,0,3,3,70,165,0,0,0,0,0,0,0,0,0,0,0,0,0,0,1,4,40,1,1,1,2,3,3,11,15,1,1,1,68,0,0
53,530412,2,2,1,27,12,18,21,12,6,1,0,53,1,99,709,99709,88,2008,L5YTCKPAX812,L,5,Y,T,C,K,P,A,X,8,1,2,0,U,,,,8,17,,,,,,,,0,0,000000000,00000000000,0,0,0,1,0,0,0,0,0,0,0,998,0,0,0,12,12,6,2,12,0,0,0,1,53,98011,6,1,0,0,3,0,73,175,1,0,0,2,0,2,2008,3,2008,0,0,0,0,0,1,4,40,1,1,1,2,3,3,1,17,1,1,1,69,1,0
53,530413,1,3,1,5,12,3,9,12,1,1,0,53,1,37,31,37031,4,1992,JHMEG8553NS0,J,H,M,E,G,8,5,5,3,N,S,0,0,P,HOND,CLE,4D,92,17,2319,,0,1031,,G,,0,0,000000000,00000000000,0,0,0,1,0,0,0,0,0,0,0,998,0,0,0,12,12,6,2,12,0,0,0,1,53,98055,6,1,8,0,3,0,67,170,2,0,0,2,0,12,2007,8,2010,0,0,0,0,0,4,2,55,1,2,2,1,0,0,1,51,99,1,1,24,0,0
53,530413,2,3,2,5,12,3,9,12,1,1,0,53,1,20,37,20037,4,2002,1G1ND52J22M5,1,G,1,N,D,5,2,J,2,2,M,5,0,P,CHEV,MAL,4D,2,17,3053,,0,1070,,G,,0,0,000000000,00000000000,0,0,0,1,0,0,0,0,0,0,0,998,0,0,0,6,12,6,2,12,0,0,0,1,53,98902,1,1,0,0,2,0,66,185,0,2,0,2,0,2,2009,8,2010,0,0,0,0,0,4,2,55,1,1,2,2,0,0,1,53,1,1,1,25,1,1
53,530413,3,3,1,5,12,3,9,12,1,1,0,53,1,37,401,37401,14,1994,4S6CY58V9R44,4,S,6,C,Y,5,8,V,9,R,4,4,0,P,HOND,PAS,UT,94,17,3907,,0,1085,,G,,0,0,000000000,00000000000,0,0,0,1,0,0,0,0,0,0,0,998,0,0,0,12,12,6,2,12,0,0,0,1,53,98032,6,1,0,0,3,0,71,185,0,0,0,0,0,0,0,0,0,0,0,0,0,0,4,2,55,1,2,2,1,0,0,1,98,1,1,1,98,1,1
53,530414,1,2,3,30,12,12,0,12,8,1,0,53,2,20,481,20481,31,1979,CCS339Z19344,C,C,S,3,3,9,Z,1,9,3,4,4,0,P,,,,,,,,,,,,,0,0,000000000,00000000000,0,0,0,1,0,0,0,0,0,0,0,998,0,0,0,62,61,6,2,12,0,0,0,1,53,98841,6,1,0,0,3,0,73,230,0,0,0,0,0,0,0,0,0,0,0,0,0,0,1,2,35,3,2,5,4,0,0,14,10,1,1,2,64,1,0
53,530414,2,2,1,30,12,12,0,12,8,1,0,99,9,99,998,99998,93,9999,999999999999,9,9,9,9,9,9,9,9,9,9,9,9,0,U,,,,9,17,,,,,,,,0,0,000000000,00000000000,8,0,0,1,0,0,0,0,0,0,0,998,0,0,0,63,63,2,1,12,0,0,0,1,53,98841,6,1,6,0,8,3,65,170,0,0,0,0,2,7,2008,7,2008,0,0,0,0,0,1,2,35,3,2,5,4,0,0,14,62,1,1,1,65,0,0
53,530415,1,1,1,26,10,20,54,38,0,1,0,53,1,18,2,18002,4,2004,1G4HR54K3441,1,G,4,H,R,5,4,K,3,4,4,1,0,P,BUIC,LLF,4D,4,17,3591,,0,1122,,G,,0,0,000000000,00000000000,0,0,0,1,0,0,0,0,0,0,0,998,0,0,0,12,12,6,2,30,0,0,0,1,53,98851,6,1,0,0,2,0,70,165,0,0,0,0,0,0,0,0,0,0,0,0,0,0,1,2,55,1,1,2,1,0,0,1,13,1,1,4,1,1,0
53,530416,1,1,1,27,12,18,43,8,0,1,0,53,1,54,39,54039,4,2006,JH4CL96826C0,J,H,4,C,L,9,6,8,2,6,C,0,0,P,ACUR,TSX,4D,6,17,3345,,0,1079,,G,,0,0,000000000,00000000000,0,0,0,1,0,0,0,0,0,0,0,998,0,0,0,62,62,2,1,8,0,0,0,1,53,98038,6,1,0,0,3,0,63,115,1,0,0,0,1,10,2009,11,2009,0,48,0,0,0,4,3,25,1,1,2,2,3,3,11,12,1,1,4,13,0,0
53,530417,1,1,1,12,6,12,0,35,0,1,0,53,1,73,705,73705,80,2008,JKAEXEA198A0,J,K,A,E,X,E,A,1,9,8,A,0,0,M,KAWK,EX6,RS,8,17,,,,,,,649,0,0,000000000,00000000000,0,0,0,1,0,0,0,0,0,0,0,998,0,0,0,12,12,6,2,35,0,0,0,1,53,98837,6,1,6,0,3,3,72,225,0,0,0,0,0,0,0,0,0,0,0,0,0,0,1,2,55,2,2,2,1,0,0,14,12,1,1,4,6,1,0
53,530418,1,1,1,28,7,10,38,9,0,1,0,53,1,20,421,20421,15,2004,1GNEK13Z44J2,1,G,N,E,K,1,3,Z,4,4,J,2,0,P,CHEV,KTA,UT,4,17,5050,,0,1160,,F,,0,0,000000000,00000000000,0,0,0,1,0,0,0,0,0,0,0,998,0,0,0,82,82,2,1,9,0,0,0,1,53,98118,6,1,0,0,3,3,65,150,0,0,0,0,0,0,0,0,0,0,38,42,0,0,5,2,98,1,2,2,1,0,0,11,83,1,1,1,13,0,0
53,530419,1,1,1,4,8,9,20,59,0,1,0,53,1,12,13,12013,4,2001,3FAFP13P01R1,3,F,A,F,P,1,3,P,0,1,R,1,0,P,FORD,ESC,4D,1,17,2454,,0,984,,G,,0,0,000000000,00000000000,0,0,0,1,0,0,0,0,0,0,0,998,0,0,0,12,12,6,2,42,0,0,0,1,53,98026,6,1,0,0,3,3,70,270,0,0,0,0,0,0,0,0,0,1,0,0,0,0,1,2,35,1,2,2,1,0,0,1,8,1,1,4,1,1,0
53,530420,1,1,1,17,12,13,56,8,0,1,0,53,3,12,461,12461,21,2010,1FTSS3EL1ADA,1,F,T,S,S,3,E,L,1,A,D,A,0,T,FORD,3SD,EC,10,17,,2,0,1380,VAN,G,,0,0,000000000,00000000000,0,0,0,1,0,0,0,0,0,0,0,998,0,0,0,12,12,2,1,8,0,0,0,1,53,98146,6,1,6,0,3,0,71,155,0,0,0,0,1,9,2009,9,2009,0,38,0,0,0,1,2,25,1,1,1,1,20,3,11,80,1,1,1,13,0,0
53,530421,1,1,3,24,5,22,16,14,0,1,0,53,9,32,40,32040,4,2000,WAUDD68D5YA1,W,A,U,D,D,6,8,D,5,Y,A,1,0,P,AUDI,S4Q,4D,0,17,3296,,0,1026,,G,,0,0,000000000,00000000000,0,0,0,1,0,0,0,0,0,0,0,998,0,0,0,12,99,6,2,14,0,0,0,1,98,99999,9,9,99,9,9,9,999,999,99,99,99,99,99,99,9999,99,9999,0,99,99,99,99,1,2,30,1,4,2,1,0,0,1,10,3,9,4,11,1,0
53,530422,1,2,1,7,10,7,41,12,8,1,0,53,1,49,401,49401,14,1999,JT3GM84R5X00,J,T,3,G,M,8,4,R,5,X,0,0,0,P,TOYT,RUN,UT,99,17,3485,,0,1053,,G,,0,0,000000000,00000000000,0,0,0,1,0,0,0,0,0,0,0,998,0,0,0,61,61,6,2,12,0,0,0,1,53,98520,6,1,0,0,3,0,68,240,1,0,0,1,1,4,2008,4,2008,0,0,0,0,0,1,2,50,1,1,2,1,0,0,1,10,1,1,2,64,1,0
53,530422,2,2,1,7,10,7,41,12,8,1,0,53,3,85,881,85881,66,2000,1NKDLU0X2YJ8,1,N,K,D,L,U,0,X,2,Y,J,8,1,T,KW,T80,TM,0,17,,8,2600,1600,CON,D,,1,57,1845848,571845848,3,6,10,1,0,0,0,0,0,0,0,998,0,0,0,61,61,2,1,12,0,0,0,1,53,98550,6,1,6,1,3,0,69,230,0,0,0,0,1,5,2010,5,2010,0,0,0,0,0,1,2,50,1,1,2,1,0,0,1,62,1,1,1,65,0,0
53,530424,1,1,3,27,12,1,10,1,0,1,0,53,2,54,32,54032,4,1992,JH4KA7679NC0,J,H,4,K,A,7,6,7,9,N,C,0,0,P,ACUR,LLS,4D,92,17,3170,,0,1146,,G,,0,0,000000000,00000000000,0,0,0,1,0,0,0,0,0,0,0,998,0,1,6,0,99,6,2,1,0,0,0,1,53,98611,6,1,0,0,3,0,70,200,0,1,0,2,3,4,2010,11,2010,1,0,0,0,0,1,2,35,3,4,2,2,0,0,14,12,1,1,4,6,1,1
53,530425,1,1,1,22,10,19,3,8,0,1,0,53,1,20,482,20482,31,2004,3GNEC12T34G1,3,G,N,E,C,1,2,T,3,4,G,1,0,P,CHEV,AVL,UT,4,17,5437,,0,1300,,G,,0,0,000000000,00000000000,0,0,0,1,0,0,0,0,0,0,0,998,0,0,0,12,12,2,1,8,0,0,0,1,53,98023,6,1,0,0,3,0,72,180,1,0,0,0,0,1,2009,1,2009,0,0,0,0,0,5,4,35,1,1,2,2,0,0,1,80,1,1,1,13,0,0
53,530426,1,3,1,11,11,18,0,12,2,1,0,53,1,12,471,12471,30,2002,1FTZR44E42PB,1,F,T,Z,R,4,4,E,4,2,P,B,0,T,FORD,RNS,4C,2,17,,1,0,1257,RNG,G,,0,0,000000000,00000000000,0,0,0,1,0,0,0,0,0,0,0,998,0,0,0,12,12,6,2,12,0,0,1,1,53,98328,6,1,0,0,3,3,72,160,0,0,0,1,0,8,2009,8,2009,0,51,91,0,0,1,2,45,1,1,2,2,0,0,1,10,1,1,2,50,0,1
53,530426,2,3,2,11,11,18,0,12,2,1,0,53,1,41,471,41471,30,1996,4F4CR16U8TTM,4,F,4,C,R,1,6,U,8,T,T,M,0,T,MAZD,3CP,PC,96,17,,1,0,1254,B30,G,,0,0,000000000,00000000000,0,0,0,1,0,0,0,0,0,0,0,998,0,9,6,12,12,6,2,12,0,0,1,1,53,98354,6,1,0,0,3,3,66,170,0,0,0,0,0,0,0,0,0,0,0,0,0,0,1,2,45,1,1,2,2,0,0,1,62,1,1,1,51,1,0
53,530426,3,3,1,11,11,18,0,12,2,1,0,53,2,22,18,22018,2,1997,1G2NE52T0VM5,1,G,2,N,E,5,2,T,0,V,M,5,0,P,PONT,GAS,4D,97,17,2752,,0,1034,,G,,0,0,000000000,00000000000,0,0,0,1,0,0,0,0,0,0,0,998,0,0,0,12,12,6,2,12,0,0,0,1,53,98355,6,1,0,0,3,0,66,140,0,0,0,1,0,1,2010,1,2010,0,0,0,0,0,1,2,45,1,1,2,2,0,0,1,62,1,1,2,98,0,0
53,530427,1,4,1,31,12,14,38,12,2,1,0,53,1,54,37,54037,2,1999,19UYA2256XL0,1,9,U,Y,A,2,2,5,6,X,L,0,0,P,ACUR,30C,CP,99,17,3285,,0,1069,,G,,0,0,000000000,00000000000,0,0,0,1,0,0,0,0,0,0,0,998,0,0,0,12,12,6,2,12,0,0,0,1,53,98012,6,1,0,0,3,3,72,195,0,0,0,0,0,0,0,0,0,0,51,0,0,0,1,4,30,1,2,2,2,0,0,1,10,1,1,2,50,1,0
53,530427,2,4,1,31,12,14,38,12,2,1,0,53,1,59,403,59403,14,2006,JTJHW31UX620,J,T,J,H,W,3,1,U,X,6,2,0,0,P,LEXS,NX4,UT,6,17,4365,,0,1069,,B,,0,0,000000000,00000000000,0,0,0,1,0,0,0,0,0,0,0,998,0,0,0,12,12,6,2,12,0,0,0,1,53,98012,6,1,0,0,3,3,63,162,1,0,0,1,0,6,2009,7,2010,0,0,0,0,0,1,4,30,1,2,2,2,0,0,1,62,1,1,1,51,0,0
53,530427,3,4,3,31,12,14,38,12,2,1,0,53,1,63,32,63032,4,2006,KNADE1231660,K,N,A,D,E,1,2,3,1,6,6,0,0,P,KIA,RIO,4D,6,17,2365,,0,984,,G,,0,0,000000000,00000000000,0,0,0,1,0,0,0,0,0,0,0,998,0,0,0,12,12,6,2,12,0,0,0,1,53,98204,1,1,0,0,2,0,61,145,0,0,0,0,2,10,2009,12,2010,0,26,0,0,0,1,4,30,1,2,2,2,0,0,1,50,4,1,1,98,0,0
53,530427,4,4,1,31,12,14,38,12,2,1,0,53,1,6,42,6042,4,1999,2C3HC56G4XH5,2,C,3,H,C,5,6,G,4,X,H,5,0,P,CHRY,LHS,4D,99,17,3492,,0,1130,,G,,0,0,000000000,00000000000,0,0,0,1,0,0,0,0,0,0,0,0,0,0,0,6,6,2,1,12,0,0,0,1,53,98012,6,1,0,0,3,3,63,175,0,0,0,1,0,8,2009,8,2009,0,0,0,0,0,1,4,30,1,2,2,2,0,0,5,53,1,1,1,98,0,0
53,530428,1,1,2,27,11,19,42,11,0,1,0,53,1,99,998,99998,91,2003,SN1NL8CS63C3,S,N,1,N,L,8,C,S,6,3,C,3,0,U,,,,3,17,,,,,,,,0,0,000000000,00000000000,0,0,0,1,0,0,0,0,0,0,0,998,0,0,0,12,12,6,2,11,0,0,0,1,53,98922,1,1,0,0,1,0,69,170,0,4,0,0,1,1,2008,12,2008,1,0,0,0,0,1,2,25,1,1,4,3,0,0,1,87,1,1,1,13,1,1
53,530429,1,1,2,25,12,21,21,8,0,1,0,53,2,35,472,35472,30,2000,1N6ED27YXYC3,1,N,6,E,D,2,7,Y,X,Y,C,3,0,T,NISS,XSC,CW,0,17,,1,0,1161,FRT,G,,0,0,000000000,00000000000,0,0,0,1,0,0,0,0,0,0,0,998,0,0,0,12,12,2,1,8,0,0,0,1,53,98042,6,1,0,0,3,3,62,190,0,0,0,0,0,0,0,0,0,0,0,0,0,0,5,4,35,1,1,2,2,0,0,1,80,1,1,1,13,0,0
53,530430,1,1,2,22,10,15,6,5,0,1,0,53,2,49,403,49403,14,2004,JTEDP21A4400,J,T,E,D,P,2,1,A,4,4,0,0,0,P,TOYT,HIG,UT,4,17,3650,,0,1069,,G,,0,0,000000000,00000000000,0,0,0,1,0,0,0,0,0,0,0,998,0,0,0,0,0,0,3,5,0,0,0,1,53,99208,6,1,0,0,3,3,69,175,0,0,0,0,0,0,0,0,0,0,0,0,0,0,1,2,30,1,1,2,1,0,0,1,98,1,1,1,0,1,0
53,530431,1,1,1,17,12,11,13,15,0,1,0,53,2,20,421,20421,15,1999,1GNEK13RXXJ3,1,G,N,E,K,1,3,R,X,X,J,3,0,P,CHEV,KTA,UT,99,17,5268,,0,1175,,G,,0,0,000000000,00000000000,0,0,0,1,0,0,0,0,0,0,0,998,0,0,0,12,12,2,1,15,0,0,0,1,53,98632,6,1,0,0,3,0,73,280,1,0,0,0,1,12,2010,12,2010,0,0,0,0,0,4,3,25,3,2,2,1,3,3,11,83,1,1,2,13,0,0
53,530432,1,2,1,17,4,5,44,12,6,1,0,53,2,55,36,55036,4,2002,KMHCG45C62U3,K,M,H,C,G,4,5,C,6,2,U,3,0,P,HYUN,AGL,4D,2,17,2350,,0,961,,G,,0,0,000000000,00000000000,0,0,0,1,0,0,0,0,0,0,0,998,0,9,1,81,81,6,2,12,0,0,0,1,53,98513,0,0,0,0,0,0,999,999,99,99,99,99,99,99,9999,99,9999,0,38,0,0,0,1,2,35,1,1,2,1,0,0,11,54,1,1,2,68,1,1
53,530432,2,2,2,17,4,5,44,12,6,1,0,53,1,12,16,12016,4,2003,2FAFP71WX3X1,2,F,A,F,P,7,1,W,X,3,X,1,0,P,FORD,CVP,4D,3,17,3946,,0,1147,,G,,0,0,000000000,00000000000,0,0,0,1,0,0,0,0,0,0,0,998,0,0,0,12,12,6,2,12,0,0,0,1,53,98499,1,1,0,0,2,3,79,220,0,0,0,1,2,1,2010,1,2010,0,0,0,0,0,1,2,35,1,1,2,1,0,0,1,62,1,1,1,69,0,0
54,540001,1,1,1,1,1,13,28,30,0,1,0,54,2,7,402,7402,14,2003,1D4HS38N63F5,1,D,4,H,S,3,8,N,6,3,F,5,0,P,DODG,DUR,UT,3,17,4497,,0,1160,,G,,0,0,000000000,00000000000,0,0,0,1,0,0,0,0,0,0,0,998,0,1,6,1,2,6,2,1,0,0,0,1,54,25880,6,1,0,0,3,1,66,125,0,0,0,0,2,4,2007,9,2008,0,0,0,0,0,1,2,25,1,6,2,2,0,0,1,13,1,1,4,1,1,1
54,540002,1,1,1,1,1,10,43,24,0,1,0,39,1,20,481,20481,31,2003,1GCEC14V53Z2,1,G,C,E,C,1,4,V,5,3,Z,2,0,T,CHEV,SC1,PK,3,17,,2,1330,1190,SIL,G,,0,0,000000000,00000000000,0,0,0,1,0,0,0,0,0,0,0,998,0,1,2,10,9,6,2,24,0,0,0,1,39,43787,6,1,0,0,3,0,65,200,1,0,0,0,0,10,2009,10,2009,0,51,58,0,0,2,2,70,1,6,2,1,0,0,1,9,7,9,4,2,1,0
54,540003,1,1,1,2,1,14,0,35,0,1,0,0,0,53,739,53739,90,2007,999999999999,9,9,9,9,9,9,9,9,9,9,9,9,0,U,,,,9,17,,,,,,,,0,0,000000000,00000000000,0,0,0,1,0,0,0,0,0,0,0,998,0,1,6,11,11,6,4,35,0,0,0,1,54,25524,6,1,0,0,3,1,65,145,0,0,0,0,0,0,0,0,0,1,51,87,0,0,1,2,98,1,1,2,4,0,0,1,12,1,1,4,6,1,1
54,540004,1,2,3,3,1,10,37,12,2,1,0,42,1,63,441,63441,20,2007,KNDMB2332761,K,N,D,M,B,2,3,3,2,7,6,1,0,P,KIA,SED,SV,7,17,4387,,0,1189,,G,,0,0,000000000,00000000000,0,0,0,1,0,0,0,0,0,0,0,998,0,0,0,12,1,6,2,12,0,0,0,1,42,15001,6,1,0,0,3,0,68,999,0,0,0,0,0,0,0,0,0,0,87,0,0,0,2,2,65,1,6,1,4,0,0,1,64,8,1,1,50,1,0
54,540004,2,2,2,3,1,10,37,12,2,1,0,54,1,12,481,12481,31,2003,1FTNW21P13ED,1,F,T,N,W,2,1,P,1,3,E,D,0,T,FORD,F2S,CW,3,17,,2,1724,1562,SRW,D,,0,0,000000000,00000000000,0,0,0,1,0,0,0,0,0,0,0,998,0,0,0,12,1,6,2,12,0,0,0,1,54,26651,6,1,0,0,3,1,66,147,0,0,0,0,0,0,0,0,0,1,87,51,0,0,2,2,65,1,5,1,4,0,0,1,5,1,1,6,51,0,0
54,540005,1,1,1,6,1,8,43,24,0,1,0,54,1,12,17,12017,4,2005,1FAFP56U15A2,1,F,A,F,P,5,6,U,1,5,A,2,0,P,FORD,TEL,4D,5,17,3313,,0,1085,,G,,0,0,000000000,00000000000,0,0,0,1,0,0,0,0,0,0,0,998,0,1,2,2,13,6,2,1,0,0,0,1,54,24983,6,1,0,0,3,0,70,190,0,0,0,0,0,0,0,0,0,0,87,51,0,0,2,2,55,3,6,2,10,0,0,14,13,1,1,4,1,1,0
54,540006,1,2,2,8,1,15,36,1,0,1,0,54,2,6,441,6441,20,2006,1A4GP45R66B6,1,A,4,G,P,4,5,R,6,6,B,6,0,P,CHRY,TWC,SV,6,17,3831,,0,1133,,G,,0,0,000000000,00000000000,0,0,0,1,0,0,0,0,0,0,0,998,0,0,0,12,13,6,2,12,0,0,0,1,54,26726,6,1,0,0,3,0,76,250,0,0,0,0,0,0,0,0,0,0,0,0,0,0,2,2,70,3,5,2,3,0,0,14,64,1,1,1,98,0,0
54,540006,2,2,1,8,1,15,36,1,0,1,0,54,1,12,35,12035,4,1997,1FALP653XVK1,1,F,A,L,P,6,5,3,X,V,K,1,0,P,FORD,CSG,4D,97,17,0,,0,1065,,G,,0,0,000000000,00000000000,0,0,0,1,0,0,0,0,0,0,0,998,0,2,3,0,13,6,2,12,0,0,0,1,24,21214,6,1,0,0,3,0,63,160,0,0,0,0,0,0,0,0,0,1,51,0,0,0,2,2,70,2,6,2,3,0,0,14,6,1,1,4,98,1,0
54,540007,1,1,1,16,1,0,45,24,0,1,0,54,2,12,401,12401,14,1998,1FMYU24X5WUB,1,F,M,Y,U,2,4,X,5,W,U,B,0,P,FORD,EPR,UT,98,17,3919,,0,1017,,G,,0,0,000000000,00000000000,0,0,0,1,0,0,0,0,0,0,0,70,0,0,0,1,12,4,3,24,0,0,0,1,54,26425,1,1,1,0,2,0,71,220,0,1,0,0,0,6,2007,6,2007,1,58,92,0,0,3,2,70,1,1,2,1,0,0,1,8,7,3,4,2,1,1
54,540008,1,1,1,17,1,0,25,1,0,1,0,54,1,20,481,20481,31,2005,1GCHK24U85E3,1,G,C,H,K,2,4,U,8,5,E,3,0,T,CHEV,2KH,PK,5,17,,2,0,1330,SIL,G,,0,0,000000000,00000000000,0,0,0,1,0,0,0,0,0,0,0,998,0,2,5,0,13,6,2,42,0,0,0,1,54,26294,6,1,0,0,3,0,68,185,0,0,0,0,0,0,0,0,0,1,36,0,0,0,1,2,55,2,5,4,11,0,0,14,13,1,1,4,1,1,1
54,540009,1,1,1,19,1,22,57,38,0,1,0,54,3,13,482,13482,31,2007,5LTPW18577FJ,5,L,T,P,W,1,8,5,7,7,F,J,0,T,LINC,MLT,CW,7,17,,2,1500,1390,MRK,G,,0,0,000000000,00000000000,0,0,0,1,0,0,0,0,0,0,0,998,0,0,0,12,12,6,2,42,0,0,0,1,54,26003,6,1,0,0,3,0,68,165,0,0,0,0,0,0,0,0,0,0,51,0,0,0,1,2,35,2,1,2,1,0,0,14,12,1,1,4,6,1,1
54,540010,1,1,1,19,1,17,35,1,0,1,0,0,0,37,734,37734,90,2006,1HFTE2501645,1,H,F,T,E,2,5,0,1,6,4,5,0,M,HOND,TFM,AT,6,17,,,,,,,329,0,0,000000000,00000000000,0,0,0,1,0,0,0,0,0,0,0,998,0,2,2,0,0,0,4,1,0,0,0,1,54,26508,0,0,0,0,1,0,61,150,0,0,0,0,0,0,0,0,0,1,51,0,0,0,1,2,55,2,6,5,4,0,0,14,12,6,1,4,6,1,1
54,540012,1,1,1,22,1,11,0,24,0,1,0,54,3,84,881,84881,63,2007,1HTWXSBT97J4,1,H,T,W,X,S,B,T,9,7,J,4,0,T,INTL,760,TM,7,17,,8,0,0,70S,D,,0,57,00630975,5700630975,3,2,4,1,0,0,0,0,0,0,0,998,0,1,2,12,2,6,2,1,0,0,0,1,54,24966,6,1,6,1,3,0,72,260,0,0,0,0,1,4,2007,4,2007,0,51,0,0,0,1,2,55,1,5,2,4,0,0,1,12,8,1,4,6,1,0
54,540013,1,1,2,22,1,1,40,1,0,1,0,39,1,63,31,63031,4,2000,KNAFB121XY58,K,N,A,F,B,1,2,1,X,Y,5,8,0,P,KIA,SPL,4D,0,17,2478,,0,1008,,G,,0,0,000000000,00000000000,0,0,0,1,0,0,0,0,0,0,0,998,0,2,3,0,0,6,2,1,0,0,0,1,39,45714,6,1,0,0,3,0,72,185,0,0,0,1,1,2,2007,6,2007,1,51,0,0,0,2,2,45,3,6,2,2,0,0,14,12,7,1,4,6,1,1
54,540014,1,1,1,22,1,0,45,34,0,1,0,54,2,20,481,20481,31,1989,1GCDK14K7KZ2,1,G,C,D,K,1,4,K,7,K,Z,2,0,T,CHEV,GK1,PK,89,17,,1,1315,1175,GM4,G,,0,0,000000000,00000000000,0,0,0,1,0,0,0,0,0,0,0,45,0,0,0,2,3,4,3,34,0,0,0,1,54,25571,6,1,0,0,3,0,72,172,0,0,0,0,0,0,0,0,0,0,51,0,0,0,1,2,45,1,6,2,1,0,0,1,12,1,1,4,6,1,1
54,540015,1,3,1,30,1,9,40,12,7,1,1,39,2,20,19,20019,2,1992,1G1LV1349NY1,1,G,1,L,V,1,3,4,9,N,Y,1,0,P,CHEV,BER,CP,92,17,2649,,0,1034,,G,,0,0,000000000,00000000000,0,0,0,1,0,0,0,0,0,0,0,998,0,0,0,10,9,2,1,12,0,0,0,1,39,43943,1,8,0,0,2,0,70,999,0,6,0,2,9,5,2007,11,2009,0,36,92,8,0,6,1,98,1,6,2,1,0,0,6,18,1,1,1,44,0,0
54,540015,2,3,4,30,1,9,40,12,7,1,0,39,2,12,471,12471,30,1999,1FTYR14V7XPA,1,F,T,Y,R,1,4,V,7,X,P,A,0,T,FORD,RNS,PS,99,17,,1,0,1257,RNG,F,,0,0,000000000,00000000000,0,0,0,1,0,0,0,0,0,0,0,998,0,0,0,2,3,6,2,12,0,0,0,1,39,43964,6,1,0,0,3,0,69,200,3,1,0,0,3,2,2007,3,2009,0,0,0,0,0,6,1,98,1,6,2,1,0,0,1,50,8,1,1,45,3,0