STATE,ST_CASE,VEH_NO,VE_FORMS,NUMOCCS,DAY,MONTH,HOUR,MINUTE,HARM_EV,MAN_COLL,UNITTYPE,HIT_RUN,REG_STAT,OWNER,MAKE,MODEL,MAK_MOD,BODY_TYP,MOD_YEAR,VIN,VIN_1,VIN_2,VIN_3,VIN_4,VIN_5,VIN_6,VIN_7,VIN_8,VIN_9,VIN_10,VIN_11,VIN_12,TOW_VEH,VINTYPE,VINMAKE,VINA_MOD,VIN_BT,VINMODYR,VIN_LNGT,VIN_WGT,WGTCD_TR,WHLBS_LG,WHLBS_SH,SER_TR,FUELCODE,MCYCL_DS,J_KNIFE,MCARR_I1,MCARR_I2,MCARR_ID,GVWR,V_CONFIG,CARGO_BT,HAZ_INV,HAZ_PLAC,HAZ_ID,HAZ_CNO,HAZ_REL,BUS_USE,SPEC_USE,EMER_USE,TRAV_SP,UNDERIDE,ROLLOVER,ROLINLOC,IMPACT1,IMPACT2,DEFORMED,TOWED,M_HARM,VEH_SC1,VEH_SC2,FIRE_EXP,DR_PRES,L_STATE,DR_ZIP,L_STATUS,L_TYPE,CDL_STAT,L_ENDORS,L_COMPL,L_RESTRI,DR_HGT,DR_WGT,PREV_ACC,PREV_SUS,PREV_DWI,PREV_SPD,PREV_OTH,FIRST_MO,FIRST_YR,LAST_MO,LAST_YR,SPEEDREL,DR_SF1,DR_SF2,DR_SF3,DR_SF4,VTRAFWAY,VNUM_LAN,VSPD_LIM,VALIGN,VPROFILE,VPAVETYP,VSURCOND,VTRAFCON,VTCONT_F,P_CRASH1,P_CRASH2,P_CRASH3,PCRASH4,PCRASH5,ACC_TYPE,DEATHS,DR_DRINK
54,540162,1,1,1,5,8,20,35,42,0,1,0,54,1,20,4,20004,2,1989,1G1YY2187K51,1,G,1,Y,Y,2,1,8,7,K,5,1,0,P,CHEV,CVT,2H,89,17,3229,,0,960,,G,,0,0,000000000,00000000000,0,0,0,1,0,0,0,0,0,0,0,998,0,0,0,12,12,6,2,42,0,0,0,1,54,25705,6,1,0,0,3,0,68,150,0,0,0,0,0,0,0,0,0,1,58,0,0,0,1,2,55,2,1,2,1,0,0,14,6,9,1,4,6,1,1
54,540163,1,2,3,7,8,20,50,12,2,1,0,54,2,12,3,12003,2,1996,1FALP4040TF2,1,F,A,L,P,4,0,4,0,T,F,2,0,P,FORD,MUS,CP,96,17,3057,,0,1013,,G,,0,0,000000000,00000000000,0,0,0,1,0,0,0,0,0,0,0,998,0,0,0,12,12,6,2,12,0,0,0,1,54,26833,6,1,0,0,3,0,68,140,0,0,0,0,0,0,0,0,0,1,58,51,38,0,1,2,55,1,1,2,1,0,0,6,62,3,1,2,50,0,0
54,540163,2,2,3,7,8,20,50,12,2,1,0,54,2,21,17,21017,4,1995,1G3AJ55M3S64,1,G,3,A,J,5,5,M,3,S,6,4,0,P,OLDS,CRL,4D,95,17,2733,,0,1049,,G,,0,0,000000000,00000000000,0,0,0,1,0,0,0,0,0,0,0,998,0,0,0,12,12,6,2,12,0,0,0,1,54,26847,2,1,1,0,2,0,65,180,0,0,0,0,1,2,2010,2,2010,0,92,0,0,0,1,2,55,1,1,2,1,0,0,1,62,2,1,1,51,1,0
54,540164,1,1,1,8,8,3,45,42,0,1,0,54,2,35,498,35498,14,1987,JN6ND11S0HW0,J,N,6,N,D,1,1,S,0,H,W,0,0,T,NISS,D2S,PK,87,17,,1,0,1043,D21,G,,0,0,000000000,00000000000,0,0,0,1,0,0,0,0,0,0,0,998,0,0,0,12,12,6,2,42,0,0,0,1,54,26143,6,1,0,0,3,0,69,280,0,0,0,0,0,0,0,0,0,0,0,0,0,0,1,2,55,2,1,5,1,0,0,14,13,1,1,4,1,1,1
54,540165,1,1,4,4,8,18,25,1,0,1,0,54,5,6,16,6016,2,1992,3C3XU4131NT3,3,C,3,X,U,4,1,3,1,N,T,3,0,P,CHRY,LEB,CP,92,17,2795,,0,1003,,G,,0,0,000000000,00000000000,0,0,0,1,0,0,0,0,0,0,0,998,0,1,5,0,0,6,2,1,0,0,0,1,54,26812,1,1,1,0,2,0,74,240,0,0,0,0,0,0,0,0,0,1,28,58,0,0,1,2,55,1,1,2,1,0,0,1,10,1,1,4,98,1,1
54,540166,1,1,4,4,8,20,6,16,0,1,0,54,1,20,37,20037,4,2002,1G1ND52J52M6,1,G,1,N,D,5,2,J,5,2,M,6,0,P,CHEV,MAL,4D,2,17,3053,,0,1070,,G,,0,0,000000000,00000000000,0,0,0,1,0,0,0,0,0,0,0,998,0,0,0,0,13,6,2,16,0,0,0,1,54,25314,6,1,0,0,3,1,69,230,0,0,0,1,0,2,2010,2,2010,0,0,0,0,0,1,2,25,1,5,2,2,0,0,1,98,1,1,1,0,1,0
54,540167,1,1,4,4,8,17,40,5,0,1,0,0,0,98,739,98739,90,1970,000000000000,0,0,0,0,0,0,0,0,0,0,0,0,0,U,,,,,17,,,,,,,,0,0,000000000,00000000000,0,0,0,1,0,0,0,0,0,0,0,998,0,0,0,0,6,4,4,5,0,0,0,1,10,19904,6,1,0,0,1,0,65,150,0,0,0,0,0,0,0,0,0,0,0,0,0,0,1,2,55,3,6,5,1,0,0,98,98,1,1,4,0,1,0
54,540168,1,1,1,6,8,15,5,1,0,1,0,54,1,12,471,12471,30,1988,1FTCR11T9JUA,1,F,T,C,R,1,1,T,9,J,U,A,0,T,FORD,RNG,PK,88,17,,1,1140,1080,RNG,G,,0,0,000000000,00000000000,0,0,0,1,0,0,0,0,0,0,0,998,0,1,1,0,12,6,2,1,0,0,0,1,54,26501,1,1,1,0,2,1,61,210,0,1,0,0,0,9,2009,9,2009,0,0,0,0,0,1,2,55,1,1,2,1,0,0,17,62,7,1,6,98,1,0
54,540169,1,2,3,6,8,17,47,12,2,1,0,54,1,6,44,6044,4,1995,1C3EJ56H9SN5,1,C,3,E,J,5,6,H,9,S,N,5,0,P,CHRY,CXI,4D,95,17,3069,,0,1080,,G,,0,0,000000000,00000000000,0,0,0,1,0,0,0,0,0,0,0,998,0,0,0,12,12,6,2,12,0,0,0,1,54,25271,6,1,0,0,3,0,66,140,0,0,0,0,0,0,0,0,0,0,51,35,0,0,1,2,55,1,1,2,1,0,0,6,10,7,1,2,50,0,0
54,540169,2,2,2,6,8,17,47,12,2,1,0,54,1,49,40,49040,4,2003,JTDBE32K2302,J,T,D,B,E,3,2,K,2,3,0,2,0,P,TOYT,XLL,4D,3,17,2993,,0,1071,,G,,0,0,000000000,00000000000,0,0,0,1,0,0,0,0,0,0,0,998,0,0,0,12,12,6,2,12,0,0,0,1,54,26164,6,1,0,0,3,0,64,158,0,0,0,0,0,0,0,0,0,0,0,0,0,0,1,2,55,1,1,2,1,0,0,1,62,1,1,1,51,1,0
54,540170,1,1,1,7,8,13,27,30,0,1,0,54,1,72,709,72709,80,2003,1HD1HAZ453K8,1,H,D,1,H,A,Z,4,5,3,K,8,0,M,HD,ARA,RS,3,17,,,,,,,1130,0,0,000000000,00000000000,0,0,0,1,0,0,0,0,0,0,0,55,0,0,0,1,12,6,2,30,0,0,0,1,54,25313,6,1,0,0,3,0,67,178,0,0,0,0,0,0,0,0,0,0,0,0,0,0,1,2,55,1,1,2,1,0,0,1,13,1,1,4,1,1,0
54,540171,1,1,2,12,8,17,30,42,0,1,0,54,2,7,482,7482,31,1995,1B7KF26WXSS3,1,B,7,K,F,2,6,W,X,S,S,3,0,T,DODG,250,PK,95,17,,2,0,1347,RPC,G,,0,0,000000000,00000000000,0,0,0,1,0,0,0,0,0,0,0,998,0,0,0,62,62,6,2,42,0,0,0,1,54,25526,3,1,6,0,2,1,69,175,0,0,0,0,0,0,0,0,0,1,0,0,0,0,1,2,45,1,4,2,1,0,0,1,10,1,1,4,6,1,1
54,540172,1,1,1,14,8,5,55,1,0,1,0,54,1,2,403,2403,14,2006,1J4FA39S46P7,1,J,4,F,A,3,9,S,4,6,P,7,0,T,JEEP,WXR,2W,6,17,,1,0,934,WRA,G,,0,0,000000000,00000000000,0,0,0,1,0,0,0,0,0,0,0,998,0,1,5,0,99,6,2,1,0,0,0,1,54,26431,1,1,1,0,2,0,70,140,0,1,0,0,1,4,2010,6,2010,0,58,0,0,0,2,2,55,1,5,2,1,0,0,1,13,1,1,4,98,1,0
54,540173,1,1,1,15,8,23,50,42,0,1,0,42,2,30,46,30046,4,1996,WVWEE83A1TE1,W,V,W,E,E,8,3,A,1,T,E,1,0,P,VOLK,PGX,4D,96,17,2989,,0,1033,,G,,0,0,000000000,00000000000,0,0,0,1,0,0,0,0,0,0,0,998,0,0,0,3,3,6,2,42,0,0,0,1,54,26354,6,1,0,0,3,1,74,215,0,0,0,1,1,3,2010,8,2010,1,0,0,0,0,1,2,55,2,6,2,1,0,0,14,10,1,1,4,6,1,0
54,540174,1,1,2,29,8,20,30,34,0,1,0,54,1,72,706,72706,80,2006,1HD1BJY186Y0,1,H,D,1,B,J,Y,1,8,6,Y,0,0,M,HD,STC,RS,6,17,,,,,,,1450,0,0,000000000,00000000000,0,0,0,1,0,0,0,0,0,0,0,45,0,0,0,12,12,6,2,34,0,0,0,1,54,25071,6,1,6,0,2,0,70,200,0,0,0,0,0,0,0,0,0,1,0,0,0,0,1,2,45,1,1,2,1,0,0,1,13,1,1,4,1,1,1
54,540175,1,1,2,27,8,17,43,24,0,1,0,54,1,12,422,12422,15,2001,1FMFU18L91LB,1,F,M,F,U,1,8,L,9,1,L,B,0,P,FORD,EPT,UT,1,17,5417,,0,1191,,G,,0,0,000000000,00000000000,0,0,0,1,0,0,0,0,0,0,0,998,0,1,1,8,8,6,2,1,0,0,0,1,54,26385,6,1,0,0,3,0,74,200,0,0,0,0,0,0,0,0,0,0,0,0,0,0,1,2,55,2,1,2,1,0,0,14,10,9,1,4,6,1,0
54,540176,1,1,1,28,8,23,28,35,0,1,0,54,1,12,481,12481,31,1986,1FTEF26Y2GLB,1,F,T,E,F,2,6,Y,2,G,L,B,0,T,FORD,F25,PK,86,17,,2,0,1330,COF,G,,0,0,000000000,00000000000,0,0,0,1,0,0,0,0,0,0,0,998,0,1,5,12,13,6,2,35,0,0,0,1,54,26218,6,1,0,0,3,0,73,245,0,0,0,0,0,0,0,0,0,0,0,0,0,0,1,2,45,2,3,2,1,0,0,14,12,1,1,4,6,1,1
54,540177,1,1,2,28,8,15,38,1,0,1,0,54,2,23,471,23471,30,1997,1GTDT19X7V85,1,G,T,D,T,1,9,X,7,V,8,5,0,T,GMC,SON,PC,97,17,,1,0,1229,SON,G,,0,0,000000000,00000000000,0,0,0,1,0,0,0,0,0,0,0,998,0,1,3,0,62,6,2,1,0,0,0,1,54,26335,6,1,0,0,3,0,71,200,0,0,0,0,0,0,0,0,0,0,58,36,0,0,2,2,70,1,1,2,1,0,0,1,10,3,1,4,98,1,0
54,540178,1,1,1,28,8,22,40,42,0,1,0,54,2,12,17,12017,6,1988,1FABP5744JA1,1,F,A,B,P,5,7,4,4,J,A,1,0,P,FORD,TAG,SW,88,17,3215,,0,1060,,G,,0,0,000000000,00000000000,0,0,0,1,0,0,0,0,0,0,0,998,0,0,0,12,12,6,2,42,0,0,0,1,54,25414,6,1,0,0,3,0,70,235,0,0,0,0,0,0,0,0,0,0,0,0,0,0,4,1,25,1,1,2,1,0,0,1,14,1,1,4,14,1,0
54,540179,1,1,6,17,8,9,45,1,0,1,0,42,1,41,441,41441,20,2001,JM3LW28Y2101,J,M,3,L,W,2,8,Y,2,1,0,1,0,P,MAZD,MWG,SV,1,17,3657,,0,1118,,G,,0,0,000000000,00000000000,0,0,0,1,0,0,0,0,0,0,0,70,0,1,3,0,98,6,2,1,0,0,0,1,42,16052,6,1,0,0,3,0,62,999,1,1,0,0,0,6,2009,3,2010,1,58,0,0,0,2,2,70,2,6,2,1,0,0,14,12,9,1,4,6,2,0
54,540180,1,1,1,14,8,0,5,24,0,1,0,51,2,53,706,53706,80,2007,JS1GW71A4721,J,S,1,G,W,7,1,A,4,7,2,1,0,M,SUZI,GRZ,RS,7,17,,,,,,,1299,0,0,000000000,00000000000,0,0,0,1,0,0,0,0,0,0,0,998,0,0,0,1,1,6,2,24,0,0,0,1,42,15120,6,1,0,0,2,0,66,999,1,0,0,0,1,2,2008,5,2008,1,0,0,0,0,2,2,70,3,1,2,1,0,0,14,6,8,1,4,1,1,0
54,540181,1,2,2,8,8,14,0,12,6,1,0,39,1,7,482,7482,31,1999,3B7KF26Z9XM5,3,B,7,K,F,2,6,Z,9,X,M,5,0,T,DODG,250,PK,99,17,,2,0,1347,RPC,G,,0,0,000000000,00000000000,0,0,0,1,0,0,0,0,0,0,0,998,0,0,0,12,12,6,2,12,0,0,0,1,39,45788,6,1,6,0,3,0,73,210,0,0,0,0,0,0,0,0,0,0,0,0,0,0,1,2,25,1,1,2,1,0,0,1,68,1,1,1,88,0,0
54,540181,2,2,1,8,8,14,0,12,6,1,0,39,1,9,20,9020,4,1998,1P3ES42YXWD6,1,P,3,E,S,4,2,Y,X,W,D,6,0,P,PLYM,NHE,2P,98,17,2469,,0,1040,,G,,0,0,000000000,00000000000,0,0,0,1,0,0,0,0,0,0,0,998,0,0,0,9,9,6,2,12,0,0,0,1,39,45071,6,1,0,0,3,0,74,160,0,0,0,0,1,3,2010,3,2010,0,38,8,36,33,1,2,25,1,1,2,1,0,0,1,17,1,1,2,89,1,0
54,540182,1,1,1,13,8,23,15,1,0,1,0,51,1,2,403,2403,14,2005,1J4FA69S75P3,1,J,4,F,A,6,9,S,7,5,P,3,0,T,JEEP,WRB,2W,5,17,,1,0,934,W/T,G,,0,0,000000000,00000000000,0,0,0,1,0,0,0,0,0,0,0,998,0,1,6,0,10,6,2,1,0,0,0,1,51,24360,6,1,0,0,3,0,75,215,0,0,0,0,0,0,0,0,0,0,0,0,0,0,1,2,55,3,1,2,1,0,0,14,12,3,2,4,7,1,1
54,540183,1,2,1,13,8,4,18,12,8,1,0,54,1,53,404,53404,14,2004,2S3TD62V2461,2,S,3,T,D,6,2,V,2,4,6,1,0,P,SUZI,VIT,UT,4,17,2948,,0,976,,G,,0,0,000000000,00000000000,0,0,0,1,0,0,0,0,0,0,0,998,0,0,0,11,11,6,2,12,0,0,0,1,54,25635,6,1,0,0,3,0,68,155,0,0,0,0,0,0,0,0,0,0,28,0,0,0,1,2,45,1,1,2,1,0,0,1,10,1,1,2,64,1,1
54,540183,2,2,1,13,8,4,18,12,8,1,0,54,3,82,881,82881,66,2007,1FUJCRCK47PY,1,F,U,J,C,R,C,K,4,7,P,Y,1,T,FRHT,COR,DS,7,17,,8,0,0,CON,D,,1,57,00209293,5700209293,3,6,4,1,0,0,0,0,0,0,0,998,0,0,0,10,10,2,1,12,0,0,0,1,54,25508,6,1,6,0,3,0,73,200,0,0,0,0,0,0,0,0,0,0,0,0,0,0,1,2,45,1,1,2,1,0,0,1,62,9,1,1,65,0,0
54,540184,1,1,2,7,8,3,5,1,0,1,0,54,1,20,481,20481,31,1993,1GCDC14Z9PZ1,1,G,C,D,C,1,4,Z,9,P,Z,1,0,T,CHEV,GC1,PK,93,17,,1,1315,1175,GM4,G,,0,0,000000000,00000000000,0,0,0,1,0,0,0,0,0,0,0,998,0,1,1,0,13,6,2,1,0,0,0,1,54,25559,6,1,0,0,3,0,70,180,0,0,0,0,0,0,0,0,0,0,58,0,0,0,1,2,55,3,1,1,1,0,0,14,11,3,2,6,98,1,1
54,540185,1,1,1,7,8,18,54,24,0,1,0,54,1,37,706,37706,80,2007,JH2PC40087M0,J,H,2,P,C,4,0,0,8,7,M,0,0,M,HOND,B60,RS,7,17,,,,,,,599,0,0,000000000,00000000000,0,0,0,1,0,0,0,0,0,0,0,998,0,0,0,12,61,6,2,24,0,0,0,1,54,25840,6,1,0,0,3,0,72,175,0,0,0,4,0,12,2008,6,2010,0,0,0,0,0,1,2,55,3,6,2,1,0,0,14,11,3,1,4,1,1,0
54,540186,1,1,2,7,8,22,5,8,0,1,0,39,2,7,442,7442,20,1998,2B4GP45G6WR5,2,B,4,G,P,4,5,G,6,W,R,5,0,P,DODG,CAR,SV,98,17,3574,,0,1133,,F,,0,0,000000000,00000000000,0,0,0,1,0,0,0,0,0,0,0,998,0,0,0,12,13,4,4,8,0,0,0,1,39,45669,6,1,0,0,3,1,68,180,0,0,0,0,0,0,0,0,0,0,0,0,0,0,5,4,45,1,1,1,1,0,0,1,80,2,1,1,13,0,0
54,540187,1,3,1,14,8,13,16,12,2,1,0,39,1,37,706,37706,80,1981,1HFSC0207BA1,1,H,F,S,C,0,2,0,7,B,A,1,0,M,HOND,G10,RS,81,17,,,,,,,1085,0,0,000000000,00000000000,0,0,0,1,0,0,0,0,0,0,0,998,0,0,0,12,12,6,2,12,0,0,0,1,54,26170,6,1,0,0,3,0,72,215,0,0,0,0,0,0,0,0,0,0,28,81,0,0,1,2,25,2,1,2,1,0,0,14,5,1,1,2,50,1,0
54,540187,2,3,1,14,8,13,16,12,2,1,0,54,1,12,481,12481,31,1986,1FTEF26Y2GNB,1,F,T,E,F,2,6,Y,2,G,N,B,0,T,FORD,F25,PK,86,17,,2,0,1330,COF,G,,0,0,000000000,00000000000,0,0,0,1,0,0,0,0,0,0,0,998,7,0,0,12,12,6,2,12,0,0,0,1,54,26187,6,1,0,0,3,0,69,185,0,0,0,0,0,0,0,0,0,0,0,0,0,0,1,2,25,3,1,2,1,0,0,14,50,9,1,1,51,0,0
54,540187,3,3,2,14,8,13,16,12,2,1,0,54,1,72,706,72706,80,2007,1HD1FV4127Y7,1,H,D,1,F,V,4,1,2,7,Y,7,0,M,HD,FHT,RS,7,17,,,,,,,1584,0,0,000000000,00000000000,0,0,0,1,0,0,0,0,0,0,0,998,0,0,0,12,10,6,2,38,0,0,0,1,54,26170,6,1,0,0,3,0,69,195,0,0,0,0,0,0,0,0,0,0,84,0,0,0,1,2,25,2,1,2,1,0,0,14,50,9,1,4,98,0,0
54,540188,1,2,1,27,8,0,5,12,7,1,0,54,2,72,706,72706,80,2001,1HD1BMY111Y0,1,H,D,1,B,M,Y,1,1,1,Y,0,0,M,HD,FLF,RS,1,17,,,,,,,1450,0,0,000000000,00000000000,0,0,0,1,0,0,0,0,0,0,0,998,0,0,0,61,98,6,2,12,0,0,0,1,54,26601,6,1,0,0,2,0,73,180,0,0,0,2,1,10,2007,5,2009,1,0,0,0,0,2,2,70,1,1,2,1,0,0,1,11,1,1,1,45,1,1
54,540188,2,2,1,27,8,0,5,12,7,1,1,54,1,37,706,37706,80,2009,JH2PC40439K2,J,H,2,P,C,4,0,4,3,9,K,2,0,M,HOND,B60,RC,9,17,,,,,,,599,0,0,000000000,00000000000,0,0,0,1,0,0,0,0,0,0,0,998,0,0,0,4,4,4,1,12,0,0,0,1,54,26601,6,1,0,0,3,0,73,180,0,0,0,0,0,0,0,0,0,1,36,27,0,0,2,2,70,1,1,2,1,0,0,6,10,1,1,2,46,0,1
54,540189,1,1,3,30,8,15,36,24,0,1,0,54,2,20,471,20471,30,1998,1GCCS1444WK2,1,G,C,C,S,1,4,4,4,W,K,2,0,T,CHEV,S14,PK,98,17,,1,1179,1083,S,G,,0,0,000000000,00000000000,0,0,0,1,0,0,0,0,0,0,0,998,0,1,5,11,13,6,2,1,0,0,0,1,54,26851,6,2,0,0,3,0,65,190,0,0,0,0,0,0,0,0,0,1,0,0,0,0,2,2,65,2,1,2,1,0,0,14,6,7,2,4,2,1,0
54,540190,1,2,2,21,8,15,41,12,6,1,0,51,1,23,401,23401,14,2004,1GKET12P2461,1,G,K,E,T,1,2,P,2,4,6,1,0,T,GMC,XUV,4W,4,17,,2,0,1290,ENV,G,,0,0,000000000,00000000000,0,0,0,1,0,0,0,0,0,0,0,998,0,0,0,12,1,6,2,12,0,0,0,1,24,20874,6,1,0,0,3,0,71,250,0,0,0,0,0,0,0,0,0,0,0,0,0,0,2,2,45,1,1,2,1,0,0,1,68,3,1,1,88,0,0
54,540190,2,2,1,21,8,15,41,12,6,1,0,54,1,18,20,18020,4,1992,2G4WB54L1N14,2,G,4,W,B,5,4,L,1,N,1,4,0,P,BUIC,RGC,4D,92,17,3236,,0,1075,,G,,0,0,000000000,00000000000,0,0,0,1,0,0,0,0,0,0,0,998,0,0,0,9,9,6,2,12,0,0,0,1,54,25442,6,1,0,0,3,0,66,200,0,0,0,0,0,0,0,0,0,0,39,0,0,0,4,1,25,1,1,2,1,20,3,1,17,1,1,7,89,1,0
54,540191,1,1,3,5,9,0,13,42,0,1,0,54,2,52,37,52037,2,1997,4A3AK34Y2VE0,4,A,3,A,K,3,4,Y,2,V,E,0,0,P,MITS,ERS,2H,97,17,2767,,0,988,,G,,0,0,000000000,00000000000,0,0,0,1,0,0,0,0,0,0,0,998,0,0,0,12,12,6,2,42,0,0,0,1,54,25801,2,1,0,0,2,0,999,999,0,0,0,0,0,0,0,0,0,1,36,0,0,0,1,2,30,3,1,2,1,0,0,14,6,3,2,4,2,1,1
54,540192,1,1,1,11,9,3,42,35,0,1,0,0,0,76,734,76734,90,2009,JY4AM14Y39C0,J,Y,4,A,M,1,4,Y,3,9,C,0,0,M,YAMA,AM0,AT,9,17,,,,,,,686,0,0,000000000,00000000000,0,0,0,1,0,0,0,0,0,0,0,998,0,0,0,10,10,6,2,35,0,0,0,1,54,26250,2,1,1,0,1,0,66,170,0,0,0,0,0,0,0,0,0,0,36,0,0,0,1,2,55,2,5,4,11,0,0,14,12,1,1,4,6,1,1
54,540193,1,1,1,13,9,23,48,9,0,1,0,51,3,7,442,7442,20,2010,2D4RN1AE5AR2,2,D,4,R,N,1,A,E,5,A,R,2,0,T,DODG,GVC,CG,10,17,,2,0,1212,CAR,F,,0,0,000000000,00000000000,0,0,0,1,0,0,0,0,0,0,0,998,0,0,0,12,12,6,2,9,0,0,0,1,51,22150,6,1,0,0,3,0,67,160,0,0,0,0,0,0,0,0,0,0,0,0,0,0,1,2,45,1,1,2,1,3,3,1,83,3,1,1,13,0,0
54,540194,1,1,1,15,9,12,35,34,0,1,0,54,2,20,16,20016,4,2001,1G1JF5240173,1,G,1,J,F,5,2,4,0,1,7,3,0,P,CHEV,CAS,4D,1,17,2676,,0,1041,,G,,0,0,000000000,00000000000,0,0,0,1,0,0,0,0,0,0,0,998,0,0,0,12,12,6,2,8,0,0,0,1,54,26505,6,1,0,0,3,0,63,115,0,0,0,0,0,0,0,0,0,1,58,0,0,0,1,2,25,1,1,2,1,0,0,1,13,8,1,4,1,0,0
54,540195,1,1,1,15,9,4,30,1,0,1,0,54,2,23,481,23481,31,2000,1GTEC14W3YE1,1,G,T,E,C,1,4,W,3,Y,E,1,0,T,GMC,NC1,PK,0,17,,2,1330,1190,SIE,G,,0,0,000000000,00000000000,0,0,0,1,0,0,0,0,0,0,0,998,0,1,1,0,13,6,2,1,0,0,0,1,54,25508,1,1,1,0,2,0,73,230,0,1,0,0,0,9,2010,9,2010,1,92,0,0,0,2,2,70,2,6,2,1,0,0,14,10,7,1,6,98,1,1
54,540196,1,1,1,15,9,1,0,30,0,1,0,54,1,20,481,20481,31,1991,1GCDK14K4ME1,1,G,C,D,K,1,4,K,4,M,E,1,0,T,CHEV,GK1,PK,91,17,,1,1315,1175,GM4,G,,0,0,000000000,00000000000,0,0,0,1,0,0,0,0,0,0,0,998,0,0,0,12,12,6,2,30,0,0,0,1,54,26430,6,1,0,0,3,0,70,172,0,3,0,0,3,3,2009,2,2010,1,36,0,0,0,1,2,25,1,1,2,1,0,0,1,11,9,1,4,6,1,1
54,540197,1,2,1,3,9,12,5,12,2,1,0,54,1,35,472,35472,30,2010,1N6AD0CWXAC4,1,N,6,A,D,0,C,W,X,A,C,4,0,T,NISS,KEN,4C,10,17,,1,0,0,FRT,G,,0,0,000000000,00000000000,0,0,0,1,0,0,0,0,0,0,0,998,0,0,0,12,12,6,2,12,0,0,0,1,54,24828,6,1,0,0,3,0,70,150,0,0,0,0,0,0,0,0,0,0,36,28,0,0,1,2,55,3,1,2,1,0,0,14,10,9,1,2,50,1,0
54,540197,2,2,3,3,9,12,5,12,2,1,0,54,1,2,404,2404,14,1995,1J4GZ58Y2SC6,1,J,4,G,Z,5,8,Y,2,S,C,6,0,T,JEEP,LRO,4W,95,17,,1,0,1059,GCK,G,,0,0,000000000,00000000000,0,0,0,1,0,0,0,0,0,0,0,998,0,0,0,12,12,6,2,12,0,0,0,1,54,24811,6,1,0,0,3,1,66,250,0,0,0,0,0,0,0,0,0,0,0,0,0,0,1,2,55,2,1,2,1,0,0,14,62,8,1,1,51,2,0
54,540198,1,2,5,2,9,13,40,12,6,1,0,51,2,7,20,7020,4,2002,1B3ES56CX2D6,1,B,3,E,S,5,6,C,X,2,D,6,0,P,DODG,ESN,4D,2,17,2662,,0,1050,,G,,0,0,000000000,00000000000,0,0,0,1,0,0,0,0,0,0,0,998,0,0,0,11,11,6,2,12,0,0,0,1,51,24656,6,1,0,0,3,0,68,120,0,0,0,0,0,0,0,0,0,0,39,0,0,0,2,2,55,1,1,2,1,1,3,1,66,1,1,1,69,2,0
54,540198,2,2,1,2,9,13,40,12,6,1,0,51,1,18,23,18023,4,2007,1G4HD57227U1,1,G,4,H,D,5,7,2,2,7,U,1,0,P,BUIC,UXL,4D,7,17,3969,,0,1156,,G,,0,0,000000000,00000000000,0,0,0,1,0,0,0,0,0,0,0,998,7,0,0,1,1,6,2,12,0,0,0,1,51,24605,6,1,0,0,3,1,67,140,0,0,0,0,0,0,0,0,0,0,0,0,0,0,2,2,55,1,1,2,1,1,3,11,15,1,1,2,68,0,0
54,540199,1,2,1,2,9,21,9,12,6,1,1,54,2,12,16,12016,4,1997,2FALP71W3VX2,2,F,A,L,P,7,1,W,3,V,X,2,0,P,FORD,CVP,4D,97,17,0,,0,1144,,G,,0,0,000000000,00000000000,0,0,0,1,0,0,0,0,0,0,0,998,0,0,0,12,12,6,2,12,0,0,0,1,54,25312,2,1,0,0,2,0,61,135,0,0,0,0,0,0,0,0,0,0,38,92,0,0,2,2,40,1,1,2,1,3,3,11,15,1,1,1,68,0,1
54,540199,2,2,1,2,9,21,9,12,6,1,0,54,1,72,706,72706,80,2004,1HD1FMW114Y7,1,H,D,1,F,M,W,1,1,4,Y,7,0,M,HD,TPI,RS,4,17,,,,,,,1450,0,0,000000000,00000000000,0,0,0,1,0,0,0,0,0,0,0,998,0,0,0,11,11,6,2,12,0,0,0,1,54,25177,6,1,0,0,3,0,66,160,0,0,0,0,0,0,0,0,0,0,0,0,0,0,2,2,40,1,1,2,1,3,3,1,66,1,1,1,69,1,1
54,540200,1,1,1,19,9,3,40,43,0,1,0,54,2,20,16,20016,2,1999,1G1JC1243X72,1,G,1,J,C,1,2,4,3,X,7,2,0,P,CHEV,C/S,CP,99,17,2617,,0,1041,,G,,0,0,000000000,00000000000,0,0,0,1,0,0,0,0,0,0,0,998,0,1,6,3,3,6,2,43,0,0,0,1,54,25007,6,1,0,0,3,0,70,185,0,0,0,0,0,0,0,0,0,1,0,0,0,0,1,2,45,3,1,2,1,0,0,14,6,1,1,4,6,1,1
54,540201,1,1,1,19,9,13,6,31,0,1,0,54,2,50,705,50705,80,2007,SMTD00NS47J3,S,M,T,D,0,0,N,S,4,7,J,3,0,M,TRIU,DA5,RS,7,17,,,,,,,675,0,0,000000000,00000000000,0,0,0,1,0,0,0,0,0,0,0,998,0,0,0,10,10,6,2,31,0,0,0,1,54,24740,6,1,0,0,3,0,72,160,0,0,0,1,1,4,2008,7,2008,1,0,0,0,0,1,2,55,3,4,2,1,0,0,14,6,1,1,4,1,1,0
54,540202,1,1,1,20,9,8,50,72,0,1,0,54,3,84,881,84881,66,2006,1HSXRSCT36J2,1,H,S,X,R,S,C,T,3,6,J,2,1,T,INTL,59I,DS,6,17,,8,0,0,590,D,,1,57,00560103,5700560103,3,6,10,1,0,0,0,0,0,0,0,998,0,1,1,0,13,6,2,1,0,0,0,1,54,24986,6,1,6,0,3,0,70,220,0,0,0,0,0,0,0,0,0,1,0,0,0,0,1,2,55,3,6,2,1,0,0,14,98,3,1,1,0,1,0