STATE,ST_CASE,VEH_NO,VE_FORMS,NUMOCCS,DAY,MONTH,HOUR,MINUTE,HARM_EV,MAN_COLL,UNITTYPE,HIT_RUN,REG_STAT,OWNER,MAKE,MODEL,MAK_MOD,BODY_TYP,MOD_YEAR,VIN,VIN_1,VIN_2,VIN_3,VIN_4,VIN_5,VIN_6,VIN_7,VIN_8,VIN_9,VIN_10,VIN_11,VIN_12,TOW_VEH,VINTYPE,VINMAKE,VINA_MOD,VIN_BT,VINMODYR,VIN_LNGT,VIN_WGT,WGTCD_TR,WHLBS_LG,WHLBS_SH,SER_TR,FUELCODE,MCYCL_DS,J_KNIFE,MCARR_I1,MCARR_I2,MCARR_ID,GVWR,V_CONFIG,CARGO_BT,HAZ_INV,HAZ_PLAC,HAZ_ID,HAZ_CNO,HAZ_REL,BUS_USE,SPEC_USE,EMER_USE,TRAV_SP,UNDERIDE,ROLLOVER,ROLINLOC,IMPACT1,IMPACT2,DEFORMED,TOWED,M_HARM,VEH_SC1,VEH_SC2,FIRE_EXP,DR_PRES,L_STATE,DR_ZIP,L_STATUS,L_TYPE,CDL_STAT,L_ENDORS,L_COMPL,L_RESTRI,DR_HGT,DR_WGT,PREV_ACC,PREV_SUS,PREV_DWI,PREV_SPD,PREV_OTH,FIRST_MO,FIRST_YR,LAST_MO,LAST_YR,SPEEDREL,DR_SF1,DR_SF2,DR_SF3,DR_SF4,VTRAFWAY,VNUM_LAN,VSPD_LIM,VALIGN,VPROFILE,VPAVETYP,VSURCOND,VTRAFCON,VTCONT_F,P_CRASH1,P_CRASH2,P_CRASH3,PCRASH4,PCRASH5,ACC_TYPE,DEATHS,DR_DRINK
54,540203,1,1,2,20,9,20,26,1,0,1,0,54,1,20,481,20481,31,2004,1GCEK19T94Z3,1,G,C,E,K,1,9,T,9,4,Z,3,0,T,CHEV,SK1,4C,4,17,,2,1575,1435,SIL,G,,0,0,000000000,00000000000,0,0,0,1,0,0,0,0,0,0,0,998,0,2,5,0,12,6,2,42,0,0,0,1,54,26206,6,1,6,0,3,0,67,165,0,0,0,0,0,0,0,0,0,0,0,0,0,0,1,2,55,1,6,2,1,0,0,1,12,1,1,4,6,1,1
54,540204,1,1,1,2,9,0,45,35,0,1,0,54,2,7,43,7043,4,2005,1B3EL46T15N6,1,B,3,E,L,4,6,T,1,5,N,6,0,P,DODG,SRX,4D,5,17,3093,,0,1080,,F,,0,0,000000000,00000000000,0,0,0,1,0,0,0,0,0,0,0,998,0,1,3,12,12,6,2,1,0,0,0,1,54,25801,6,1,0,0,3,0,71,206,0,0,0,0,0,0,0,0,0,1,58,0,0,0,3,2,55,3,1,2,1,0,0,14,6,1,1,4,6,1,1
54,540205,1,1,1,4,9,2,30,1,0,1,0,54,1,2,404,2404,14,1995,1J4GZ78YXSC7,1,J,4,G,Z,7,8,Y,X,S,C,7,0,T,JEEP,L/O,4W,95,17,,1,0,1059,GCK,G,,0,0,000000000,00000000000,0,0,0,1,0,0,0,0,0,0,0,998,0,1,5,0,12,6,2,1,0,0,0,1,54,25529,6,1,0,0,3,0,71,185,0,1,0,0,1,1,2008,8,2008,0,0,0,0,0,2,2,65,3,1,2,1,0,0,14,13,1,2,4,98,1,1
54,540206,1,2,1,11,9,7,0,12,6,1,0,54,3,20,499,20499,14,2008,1GCHK23K98F1,1,G,C,H,K,2,3,K,9,8,F,1,0,T,CHEV,2KH,CW,8,17,,2,1670,1530,SIL,G,,0,0,000000000,00000000000,0,0,0,1,0,0,0,0,0,0,0,998,0,0,0,12,12,6,2,12,0,0,0,1,54,26836,6,1,0,0,3,0,69,200,0,0,0,0,0,0,0,0,0,0,0,0,0,0,1,2,55,1,1,2,1,0,0,1,67,2,1,1,83,0,0
54,540206,2,2,1,11,9,7,0,12,6,1,0,54,1,63,34,63034,4,2004,KNAGD1282452,K,N,A,G,D,1,2,8,2,4,5,2,0,P,KIA,OLE,4D,4,17,3279,,0,1063,,G,,0,0,000000000,00000000000,0,0,0,1,0,0,0,0,0,0,0,998,0,0,0,10,10,6,2,12,0,0,0,1,54,26833,6,1,0,0,3,0,69,222,0,0,0,0,2,5,2010,6,2010,0,38,0,0,0,1,2,55,1,1,2,1,0,0,11,17,1,1,2,82,1,0
54,540207,1,2,2,17,9,2,19,12,1,1,0,17,3,82,883,82883,66,2004,1FUJA6CK84LM,1,F,U,J,A,6,C,K,8,4,L,M,1,T,FRHT,COL,DS,4,17,,8,0,0,CON,D,,1,57,2030839,572030839,3,6,1,1,0,0,0,0,0,0,0,30,0,0,0,6,6,6,2,2,0,0,1,1,17,60659,6,1,6,0,3,0,70,230,0,0,0,0,0,0,0,0,0,0,0,0,0,0,3,3,70,1,5,2,1,0,0,1,53,1,1,1,25,0,0
54,540207,2,2,1,17,9,2,19,12,1,1,0,37,3,82,881,82881,66,2006,1FUBF9DE66LU,1,F,U,B,F,9,D,E,6,6,L,U,2,T,FRHT,112,DS,6,17,,7,0,0,COL,D,,1,57,90849,5790849,3,7,1,1,0,0,0,0,0,0,0,998,3,0,0,12,12,6,2,2,0,0,1,1,39,45118,6,1,6,1,3,0,77,220,0,0,0,0,1,8,2010,8,2010,0,26,0,0,0,3,3,70,1,5,2,1,0,0,1,51,1,1,1,24,1,0
54,540208,1,2,1,6,9,17,0,12,6,1,0,92,0,73,705,73705,80,2004,999999999999,9,9,9,9,9,9,9,9,9,9,9,9,0,U,,,,9,17,,,,,,,,0,0,000000000,00000000000,0,0,0,1,0,0,0,0,0,0,0,998,0,0,0,12,12,6,2,12,0,0,0,1,54,26525,6,1,0,0,2,0,71,190,0,0,0,0,0,0,0,0,0,1,36,92,0,0,1,2,40,1,1,2,1,0,0,1,66,3,2,1,69,1,0
54,540208,2,2,2,6,9,17,0,12,6,1,0,24,1,49,472,49472,30,2008,JTMBD31V3860,J,T,M,B,D,3,1,V,3,8,6,0,0,P,TOYT,RG4,UT,8,17,3512,,0,1047,,G,,0,0,000000000,00000000000,0,0,0,1,0,0,0,0,0,0,0,998,0,0,0,10,9,6,2,12,0,0,0,1,24,21001,6,1,0,0,3,0,66,183,0,0,0,0,0,0,0,0,0,1,38,48,0,0,1,2,40,1,1,2,1,20,3,11,17,1,1,2,68,0,0
54,540209,1,2,1,7,9,15,30,12,6,1,0,54,1,12,498,12498,31,1972,F25HCF32640,F,2,5,H,C,F,3,2,6,4,0,,0,P,,,,,,,,,,,,,0,0,000000000,00000000000,0,0,0,1,0,0,0,0,0,0,0,998,0,0,0,11,11,6,2,12,0,0,0,1,54,26047,6,1,0,0,3,1,69,180,0,0,0,0,0,0,0,0,0,0,38,0,0,0,1,2,25,1,1,2,1,0,0,11,15,2,1,2,68,0,0
54,540209,2,2,1,7,9,15,30,12,6,1,0,39,1,72,706,72706,80,1995,DPS92HDXX301,D,P,S,9,2,H,D,X,X,3,0,1,0,U,,,,3,17,,,,,,,,0,0,000000000,00000000000,0,0,0,1,0,0,0,0,0,0,0,998,0,0,0,12,98,6,2,12,0,0,0,1,39,43964,6,1,6,0,3,1,71,230,0,0,0,0,1,7,2008,7,2008,0,0,0,0,0,1,2,25,1,1,2,1,0,0,1,62,3,2,1,69,1,0
54,540210,1,2,2,8,9,12,30,12,2,1,0,54,2,20,471,20471,30,1993,1GCCS14R8P01,1,G,C,C,S,1,4,R,8,P,0,1,0,T,CHEV,S14,PK,93,17,,1,1179,1083,S,G,,0,0,000000000,00000000000,0,0,0,1,0,0,0,0,0,0,0,998,0,0,0,12,11,6,2,12,0,0,0,1,54,24822,2,1,1,0,2,0,70,190,0,2,0,0,1,10,2007,12,2007,0,35,0,0,0,1,2,35,1,1,2,1,0,0,6,10,1,1,2,50,1,0
54,540210,2,2,1,8,9,12,30,12,2,1,0,54,1,20,471,20471,30,1991,1GCCS14A3M22,1,G,C,C,S,1,4,A,3,M,2,2,0,T,CHEV,S14,PK,91,17,,1,1179,1083,S,G,,0,0,000000000,00000000000,0,0,0,1,0,0,0,0,0,0,0,35,0,0,0,12,11,6,2,12,0,0,0,1,54,24811,6,1,8,0,3,0,74,175,0,0,0,0,0,0,0,0,0,0,0,0,0,0,1,2,35,1,1,2,1,0,0,1,62,1,1,1,51,1,0
54,540211,1,2,1,7,9,6,31,12,2,1,0,92,0,55,37,55037,2,2003,KMHHN65F73U0,K,M,H,H,N,6,5,F,7,3,U,0,0,P,HYUN,TGT,CP,3,17,3015,,0,996,,G,,0,0,000000000,00000000000,0,0,0,1,0,0,0,0,0,0,0,998,0,0,0,12,12,6,2,12,0,0,0,1,54,25918,6,1,6,0,3,0,74,245,0,0,0,1,0,5,2008,5,2008,0,51,0,0,0,1,3,55,1,6,2,1,0,0,1,10,1,1,2,50,1,0
54,540211,2,2,2,7,9,6,31,12,2,1,0,54,1,12,37,12037,2,2004,3FAFP31364R1,3,F,A,F,P,3,1,3,6,4,R,1,0,P,FORD,FZX,3P,4,17,2593,,0,1030,,G,,0,0,000000000,00000000000,0,0,0,1,0,0,0,0,0,0,0,998,0,0,0,12,12,6,2,12,0,0,0,1,37,27028,6,1,0,0,3,0,65,999,0,0,0,0,0,0,0,0,0,0,0,0,0,0,1,2,55,1,5,2,1,0,0,1,62,1,1,1,51,0,0
54,540212,1,2,2,13,9,17,0,12,6,1,0,54,1,20,9,20009,2,1992,1G1FP23E3NL1,1,G,1,F,P,2,3,E,3,N,L,1,0,P,CHEV,CAR,CP,92,17,3103,,0,1010,,G,,0,0,000000000,00000000000,0,0,0,1,0,0,0,0,0,0,0,998,0,0,0,11,11,6,2,12,0,0,0,1,54,25503,6,1,0,0,3,0,73,230,0,1,0,1,3,1,2009,12,2009,0,28,0,0,0,1,2,55,1,1,2,1,0,0,1,10,1,1,2,64,1,1
54,540212,2,2,1,13,9,17,0,12,6,1,0,18,3,86,881,86881,66,2006,1M1AK06Y76N0,1,M,1,A,K,0,6,Y,7,6,N,0,1,T,MACK,CXN,DS,6,17,,8,0,0,600,D,,1,57,076065,57076065,3,6,2,1,0,0,0,0,0,0,0,998,0,0,0,7,7,4,1,12,0,0,0,1,18,46319,6,1,6,0,3,0,68,210,0,0,0,0,0,0,0,0,0,0,0,0,0,0,1,2,55,1,1,2,1,0,0,1,62,9,1,1,65,0,0
54,540213,1,2,1,15,9,12,50,12,2,1,0,54,1,37,32,37032,4,2000,1HGCG1652YA0,1,H,G,C,G,1,6,5,2,Y,A,0,0,P,HOND,UEX,4D,0,17,3285,,0,1069,,G,,0,0,000000000,00000000000,0,0,0,1,0,0,0,0,0,0,0,998,0,0,0,12,12,6,2,12,0,0,0,1,54,25705,6,1,0,0,3,0,65,115,0,0,0,0,0,0,0,0,0,0,28,0,0,0,2,2,45,1,1,2,1,0,0,1,10,1,1,2,50,1,0
54,540213,2,2,1,15,9,12,50,12,2,1,0,26,1,22,18,22018,2,1997,1G2NW12M4VC7,1,G,2,N,W,1,2,M,4,V,C,7,0,P,PONT,GAG,CP,97,17,2808,,0,1034,,G,,0,0,000000000,00000000000,0,0,0,1,0,0,0,0,0,0,0,998,0,0,0,12,12,6,2,12,0,0,0,1,26,25705,6,1,0,0,3,1,66,160,1,0,0,0,0,10,2009,10,2009,0,0,0,0,0,3,2,45,1,1,2,1,0,0,1,62,1,1,1,51,0,0
54,540214,1,2,1,22,9,13,27,12,6,1,0,39,3,20,37,20037,4,2010,1G1ZA5E08A41,1,G,1,Z,A,5,E,0,8,A,4,1,0,P,CHEV,M/L,4D,10,17,3415,,0,1123,,F,,0,0,000000000,00000000000,0,0,0,1,0,0,0,0,0,0,0,998,0,0,0,1,12,6,2,12,0,0,0,1,54,26170,6,1,0,0,3,0,71,200,0,0,0,0,0,0,0,0,0,0,0,0,0,0,1,2,45,1,1,2,1,0,0,11,15,1,1,2,68,0,0
54,540214,2,2,2,22,9,13,27,12,6,1,0,54,2,7,20,7020,4,2002,1B3AS46C82D5,1,B,3,A,S,4,6,C,8,2,D,5,0,P,DODG,SEN,4D,2,17,2645,,0,1050,,G,,0,0,000000000,00000000000,0,0,0,1,0,0,0,0,0,0,0,998,0,0,0,12,12,6,2,12,0,0,0,1,54,26346,6,1,0,0,3,1,66,165,0,0,0,0,0,0,0,0,0,0,0,0,0,0,1,2,45,1,1,2,1,0,0,1,66,9,1,1,69,1,0
54,540215,1,1,1,23,9,18,5,23,0,1,0,54,1,76,704,76704,80,2006,JYAVG04E16A0,J,Y,A,V,G,0,4,E,1,6,A,0,0,M,YAMA,XV2,RS,6,17,,,,,,,249,0,0,000000000,00000000000,0,0,0,1,0,0,0,0,0,0,0,30,0,0,0,12,1,6,2,23,0,0,0,1,54,25541,6,1,0,0,2,0,70,155,0,0,0,0,0,0,0,0,0,0,0,0,0,0,1,2,30,3,1,2,1,0,0,14,13,1,1,4,1,1,1
54,540216,1,2,1,17,9,11,45,12,2,1,0,54,3,86,881,86881,63,2005,1M2AG11C55M0,1,M,2,A,G,1,1,C,5,5,M,0,0,T,MACK,CV7,TM,5,17,,8,0,0,700,D,,0,57,471700,57471700,3,2,4,1,0,0,0,0,0,0,0,998,0,0,0,12,12,6,2,12,0,0,0,1,54,26444,6,1,6,0,3,0,70,135,0,0,0,1,0,9,2009,9,2009,0,0,0,0,0,1,2,55,1,6,2,1,0,0,1,52,2,1,2,50,0,0
54,540216,2,2,1,17,9,11,45,12,2,1,0,54,2,37,706,37706,80,2005,1HFSC47455A4,1,H,F,S,C,4,7,4,5,5,A,4,0,M,HOND,GLA,RS,5,17,,,,,,,1832,0,0,000000000,00000000000,0,0,0,1,0,0,0,0,0,0,0,998,0,0,0,12,12,6,2,12,0,0,0,1,54,26354,6,1,6,0,3,1,70,135,0,0,0,0,0,0,0,0,0,0,0,0,0,0,1,2,55,1,5,2,1,0,0,1,62,1,1,1,51,1,0
54,540217,1,1,1,24,9,3,7,1,0,1,0,54,1,12,471,12471,30,1995,1FTCR10A1SUB,1,F,T,C,R,1,0,A,1,S,U,B,0,T,FORD,RNG,PK,95,17,,1,1140,1080,RNG,G,,0,0,000000000,00000000000,0,0,0,1,0,0,0,0,0,0,0,998,0,1,6,0,13,6,2,1,0,0,0,1,39,26187,1,1,0,0,2,0,73,210,0,1,0,0,0,6,2010,6,2010,0,58,0,0,0,1,2,55,1,6,2,1,0,0,1,12,7,1,4,6,1,1
54,540218,1,2,1,19,9,17,55,54,11,1,0,54,3,51,881,51881,66,1999,4VG7DAJK6XN7,4,V,G,7,D,A,J,K,6,X,N,7,1,T,VOLV,VVN,DS,99,17,,8,0,0,VVN,D,,1,57,1856143,571856143,3,6,10,1,0,0,0,0,0,0,0,998,0,0,0,18,11,2,1,54,0,0,0,1,54,26033,6,1,6,1,3,1,73,195,0,0,0,0,0,0,0,0,0,0,0,0,0,0,1,2,55,2,5,2,1,0,0,14,98,1,1,1,98,0,0
54,540218,2,2,2,19,9,17,55,54,11,1,0,54,2,20,2,20002,4,2005,2G1WH52K3592,2,G,1,W,H,5,2,K,3,5,9,2,0,P,CHEV,IPL,4D,5,17,3466,,0,1105,,G,,0,0,000000000,00000000000,0,0,0,1,0,0,0,0,0,0,0,998,0,0,0,11,13,6,2,54,0,0,0,1,54,26155,6,1,0,0,3,0,64,170,0,0,0,0,0,0,0,0,0,0,0,0,0,0,1,2,55,3,1,2,1,0,0,14,98,1,1,1,98,2,0
54,540219,1,1,1,24,9,6,46,42,0,1,0,54,2,12,13,12013,2,1998,3FALP1130WR1,3,F,A,L,P,1,1,3,0,W,R,1,0,P,FORD,ZXS,CP,98,17,2478,,0,984,,G,,0,0,000000000,00000000000,0,0,0,1,0,0,0,0,0,0,0,998,0,0,0,12,12,6,2,42,0,0,0,1,54,26719,2,1,1,0,2,0,70,170,0,2,0,0,0,2,2008,3,2009,0,92,0,0,0,1,2,55,1,5,2,1,0,0,1,12,1,1,4,6,1,0
54,540220,1,3,1,15,9,14,21,12,6,1,0,54,1,22,18,22018,2,2003,1G2NW12EX3C1,1,G,2,N,W,1,2,E,X,3,C,1,0,P,PONT,GAG,CP,3,17,3118,,0,1070,,G,,0,0,000000000,00000000000,0,0,0,1,0,0,0,0,0,0,0,998,0,0,0,12,11,6,2,12,0,0,0,1,54,24860,6,1,0,0,3,1,62,110,0,0,0,0,0,0,0,0,0,1,0,0,0,0,1,2,55,3,1,2,1,0,0,14,6,2,2,2,64,1,0
54,540220,2,3,2,15,9,14,21,12,6,1,0,54,2,20,481,20481,31,2007,1GCEK19Z47Z1,1,G,C,E,K,1,9,Z,4,7,Z,1,0,T,CHEV,SK1,4C,7,17,,2,1575,1340,SIL,F,,0,0,000000000,00000000000,0,0,0,1,0,0,0,0,0,0,0,998,0,0,0,8,8,2,1,12,0,0,0,1,54,24898,6,1,0,0,3,1,65,124,0,0,0,0,0,0,0,0,0,0,0,0,0,0,1,2,55,3,1,2,1,0,0,14,62,7,1,1,65,0,0
54,540220,3,3,1,15,9,14,21,12,6,1,0,54,1,20,481,20481,31,2003,2GCEK19V1311,2,G,C,E,K,1,9,V,1,3,1,1,0,T,CHEV,SK1,4C,3,17,,2,1575,1435,SIL,G,,0,0,000000000,00000000000,0,0,0,1,0,0,0,0,0,0,0,998,0,0,0,12,12,6,2,12,0,0,0,1,54,24874,6,1,0,0,3,1,73,210,0,0,0,0,0,0,0,0,0,0,0,0,0,0,1,2,55,3,1,2,1,0,0,14,62,7,1,1,98,0,0
54,540221,1,3,3,12,9,19,24,12,6,1,0,54,1,20,16,20016,2,2001,1G1JC1246173,1,G,1,J,C,1,2,4,6,1,7,3,0,P,CHEV,CAV,CP,1,17,2617,,0,1041,,G,,0,0,000000000,00000000000,0,0,0,1,0,0,0,0,0,0,0,998,0,0,0,7,7,2,1,12,0,0,0,1,54,26847,6,1,0,0,3,0,70,155,0,0,0,0,0,0,0,0,0,0,0,0,0,0,1,2,55,1,1,2,1,0,0,2,52,1,1,1,45,0,0
54,540221,2,3,1,12,9,19,24,12,6,1,0,54,3,86,881,86881,66,2008,1M1AW02Y08N0,1,M,1,A,W,0,2,Y,0,8,N,0,0,T,MACK,CXU,DS,8,17,,8,0,0,600,D,,0,57,2413,572413,3,5,96,1,0,0,0,0,0,0,0,998,0,0,0,7,7,2,1,12,0,0,0,1,54,24954,6,1,6,0,3,0,68,145,0,0,0,0,0,0,0,0,0,0,0,0,0,0,1,2,55,1,1,2,1,0,0,1,62,9,1,1,98,0,0
54,540221,3,3,1,12,9,19,24,12,6,1,0,47,1,37,706,37706,80,1984,1HFSC1209EA1,1,H,F,S,C,1,2,0,9,E,A,1,0,M,HOND,VF1,RS,84,17,,,,,,,1100,0,0,000000000,00000000000,0,0,0,1,0,0,0,0,0,0,0,998,0,0,0,1,1,6,2,12,0,0,0,1,47,37311,6,1,0,0,2,0,70,310,0,0,0,1,0,7,2010,7,2010,0,35,0,0,0,1,2,55,1,1,2,1,0,0,6,51,99,1,1,47,1,0
54,540222,1,1,1,21,10,23,44,1,0,1,0,54,1,49,472,49472,30,2001,5TEWM72N41Z8,5,T,E,W,M,7,2,N,4,1,Z,8,0,T,TOYT,XTR,PC,1,17,,1,0,1219,TAC,G,,0,0,000000000,00000000000,0,0,0,1,0,0,0,0,0,0,0,998,0,1,1,0,12,6,2,1,0,0,0,1,54,25244,6,1,0,0,3,1,70,170,0,0,0,0,0,0,0,0,0,1,58,0,0,0,1,2,35,2,1,2,1,0,0,14,6,7,1,6,98,1,1
54,540223,1,1,1,4,10,5,30,42,0,1,0,54,1,18,20,18020,4,2001,1G4CW54K4141,1,G,4,C,W,5,4,K,4,1,4,1,0,P,BUIC,PKA,4D,1,17,3778,,0,1138,,G,,0,0,000000000,00000000000,0,0,0,1,0,0,0,0,0,0,0,998,0,0,0,82,82,6,2,42,0,0,0,1,54,25276,6,1,0,0,3,0,70,180,0,0,0,0,0,0,0,0,0,0,0,0,0,0,1,2,55,3,1,2,1,0,0,14,13,1,1,4,1,1,0
54,540224,1,1,1,21,10,14,2,43,0,1,0,54,3,6,52,6052,1,2009,3A8FY48989T5,3,A,8,F,Y,4,8,9,8,9,T,5,0,P,CHRY,PTC,SV,9,17,3147,,0,1030,,G,,0,0,000000000,00000000000,0,0,0,1,0,0,0,0,0,0,0,998,0,1,3,14,98,6,2,1,0,0,0,1,54,26456,6,1,0,0,3,0,73,150,0,0,0,0,0,0,0,0,0,1,0,0,0,0,2,2,65,2,3,2,1,0,0,14,10,1,1,4,6,1,0
54,540225,1,1,4,16,10,4,8,52,0,1,0,39,2,7,442,7442,20,2005,1D4GP24R95B1,1,D,4,G,P,2,4,R,9,5,B,1,0,P,DODG,CAR,SV,5,17,3867,,0,1193,,G,,0,0,000000000,00000000000,0,0,0,1,0,0,0,0,0,0,0,998,0,1,3,12,12,6,2,1,0,0,0,1,39,43207,1,1,0,0,2,0,73,280,0,2,0,0,0,1,2008,8,2010,1,0,0,0,0,2,2,70,2,1,2,1,0,0,14,12,1,1,4,6,1,0
54,540226,1,1,1,9,10,0,30,30,0,1,0,51,2,22,18,22018,4,1997,1G2NE12T4VM5,1,G,2,N,E,1,2,T,4,V,M,5,0,P,PONT,GAS,CP,97,17,2695,,0,1034,,G,,0,0,000000000,00000000000,0,0,0,1,0,0,0,0,0,0,0,998,0,0,0,12,12,6,2,30,0,0,0,1,54,24701,1,1,1,0,2,0,61,125,0,4,0,0,0,10,2009,10,2009,0,0,0,0,0,1,2,55,1,1,2,1,0,0,1,12,1,1,4,6,1,1
54,540227,1,1,2,19,10,0,10,42,0,1,0,54,2,12,17,12017,4,2001,1FAFP55S51A1,1,F,A,F,P,5,5,S,5,1,A,1,0,P,FORD,TSS,4D,1,17,3343,,0,1085,,G,,0,0,000000000,00000000000,0,0,0,1,0,0,0,0,0,0,0,998,0,0,0,2,2,6,2,42,0,0,0,1,54,25942,6,1,0,0,3,1,68,130,0,0,0,0,0,0,0,0,0,1,58,36,0,0,1,2,55,3,3,2,1,0,0,14,6,1,1,4,6,1,1
54,540228,1,1,2,6,10,23,13,35,0,1,0,54,1,20,481,20481,31,2002,1GCEK14T22Z2,1,G,C,E,K,1,4,T,2,2,Z,2,0,T,CHEV,SK1,PK,2,17,,2,1330,1190,SIL,G,,0,0,000000000,00000000000,0,0,0,1,0,0,0,0,0,0,0,998,0,1,5,98,0,6,2,1,0,0,0,1,54,26283,6,1,0,0,3,0,73,183,0,3,0,1,2,11,2007,2,2010,1,58,0,0,0,1,2,45,3,5,2,2,0,0,14,6,1,1,4,6,1,1
54,540229,1,1,1,27,10,17,20,42,0,1,0,0,0,37,733,37733,90,1995,478TE1506SA7,4,7,8,T,E,1,5,0,6,S,A,7,0,M,HOND,T3F,AT,95,17,,,,,,,300,0,0,000000000,00000000000,0,0,0,1,0,0,0,0,0,0,0,998,0,0,0,98,98,6,2,42,0,0,0,1,54,25671,2,1,0,0,2,0,70,180,0,1,1,0,0,11,2009,5,2010,1,36,0,0,0,1,2,55,3,1,2,1,0,0,14,6,1,1,4,1,1,1
54,540230,1,1,1,31,10,3,51,35,0,1,0,54,1,12,471,12471,30,1992,1FTCR10AXNTA,1,F,T,C,R,1,0,A,X,N,T,A,0,T,FORD,RNG,PK,92,17,,1,1139,1079,RNG,G,,0,0,000000000,00000000000,0,0,0,1,0,0,0,0,0,0,0,998,0,1,5,2,13,6,2,1,0,0,0,1,54,25984,6,1,8,0,2,0,69,180,0,0,0,0,1,6,2009,6,2009,1,0,0,0,0,1,2,55,2,5,2,1,0,0,14,6,7,1,4,1,1,1
54,540231,1,1,1,10,10,17,0,53,0,1,0,0,0,73,739,73739,90,2006,JKASV6B106B5,J,K,A,S,V,6,B,1,0,6,B,5,0,M,KAWK,KSV,AT,6,17,,,,,,,700,0,0,000000000,00000000000,0,0,0,1,0,0,0,0,0,0,0,998,0,0,0,12,12,6,2,21,0,0,0,1,54,25661,6,1,0,0,1,0,68,160,0,0,0,0,0,0,0,0,0,1,0,0,0,0,1,2,55,3,1,2,1,0,0,14,6,1,1,4,1,1,0
54,540232,1,1,1,30,10,16,30,1,0,1,0,54,1,20,473,20473,30,2005,1GCCS1985581,1,G,C,C,S,1,9,8,5,5,8,1,0,T,CHEV,RDO,4C,5,17,,1,0,1259,CAL,G,,0,0,000000000,00000000000,0,0,0,1,0,0,0,0,0,0,0,998,0,2,1,0,13,6,2,1,0,0,0,1,54,25053,6,1,0,0,3,1,71,200,0,0,0,0,0,0,0,0,0,0,0,0,0,0,2,2,65,1,1,2,1,0,0,1,99,1,1,1,98,1,0
54,540233,1,1,1,9,10,17,28,1,0,1,0,54,2,73,706,73706,80,2008,JKBZXNC158A0,J,K,B,Z,X,N,C,1,5,8,A,0,0,M,KAWK,X4C,RS,8,17,,,,,,,1352,0,0,000000000,00000000000,0,0,0,1,0,0,0,0,0,0,0,998,0,0,0,0,98,6,2,24,0,0,0,1,54,25143,3,1,0,0,2,1,73,153,0,4,0,0,0,10,2008,11,2009,1,36,0,0,0,3,3,70,3,5,2,1,0,0,14,6,99,1,1,98,1,0
54,540234,1,1,1,23,10,20,38,1,0,1,0,12,1,6,43,6043,1,1999,3C3EL55H1XT6,3,C,3,E,L,5,5,H,1,X,T,6,0,P,CHRY,SJI,CV,99,17,3351,,0,1060,,G,,0,0,000000000,00000000000,0,0,0,1,0,0,0,0,0,0,0,998,0,1,5,0,2,6,2,1,0,0,0,1,54,25909,6,1,0,0,3,0,66,150,0,2,0,0,0,1,2009,1,2009,1,58,0,0,0,1,2,35,2,6,2,1,0,0,14,6,8,1,4,6,1,1
54,540235,1,1,3,3,9,21,51,42,0,1,0,0,0,37,733,37733,90,2006,1HFTE2100641,1,H,F,T,E,2,1,0,0,6,4,1,0,M,HOND,TTM,AT,6,17,,,,,,,229,0,0,000000000,00000000000,0,0,0,1,0,0,0,0,0,0,0,998,0,0,0,12,12,6,2,42,0,0,0,1,54,25287,0,0,0,0,1,0,71,215,0,0,0,0,0,0,0,0,0,0,0,0,0,0,4,1,30,3,1,2,1,0,0,14,13,1,1,4,1,1,0
54,540236,1,1,4,8,9,2,55,24,0,1,0,54,3,12,461,12461,21,2003,1FDSS34F23HA,1,F,D,S,S,3,4,F,2,3,H,A,0,T,FORD,3SD,IE,3,17,,2,0,1380,VAN,D,,0,0,000000000,00000000000,0,0,0,1,0,0,0,0,0,0,0,998,0,1,5,1,13,6,2,1,0,0,0,1,54,24817,6,1,6,0,3,0,69,220,0,0,0,0,0,0,0,0,0,0,0,0,0,0,1,2,45,1,6,2,1,0,0,1,13,3,1,4,1,1,0
54,540237,1,2,4,1,10,13,31,12,2,1,0,54,2,12,481,12481,31,2006,1FTRF14W36NB,1,F,T,R,F,1,4,W,3,6,N,B,0,T,FORD,F15,PK,6,17,,2,1450,1260,COF,G,,0,0,000000000,00000000000,0,0,0,1,0,0,0,0,0,0,0,998,0,0,0,12,12,6,2,12,0,0,0,1,54,25136,6,1,0,0,3,1,63,225,0,0,0,0,0,0,0,0,0,0,0,0,0,0,1,2,55,2,1,2,1,0,0,14,10,1,1,2,50,3,0
54,540237,2,2,1,1,10,13,31,12,2,1,0,54,3,84,881,84881,66,1997,2HSFBAMR5VC0,2,H,S,F,B,A,M,R,5,V,C,0,1,T,INTL,930,TM,97,17,,8,2400,1600,90S,D,,1,57,1175694WV,571175694WV,3,6,97,1,0,0,0,0,0,0,0,998,0,0,0,12,12,6,2,12,0,0,0,1,54,25801,6,1,6,1,3,1,71,150,0,0,0,0,0,0,0,0,0,0,0,0,0,0,1,2,55,1,1,2,1,0,0,1,62,3,1,1,51,0,0