STATE,ST_CASE,VEH_NO,VE_FORMS,NUMOCCS,DAY,MONTH,HOUR,MINUTE,HARM_EV,MAN_COLL,UNITTYPE,HIT_RUN,REG_STAT,OWNER,MAKE,MODEL,MAK_MOD,BODY_TYP,MOD_YEAR,VIN,VIN_1,VIN_2,VIN_3,VIN_4,VIN_5,VIN_6,VIN_7,VIN_8,VIN_9,VIN_10,VIN_11,VIN_12,TOW_VEH,VINTYPE,VINMAKE,VINA_MOD,VIN_BT,VINMODYR,VIN_LNGT,VIN_WGT,WGTCD_TR,WHLBS_LG,WHLBS_SH,SER_TR,FUELCODE,MCYCL_DS,J_KNIFE,MCARR_I1,MCARR_I2,MCARR_ID,GVWR,V_CONFIG,CARGO_BT,HAZ_INV,HAZ_PLAC,HAZ_ID,HAZ_CNO,HAZ_REL,BUS_USE,SPEC_USE,EMER_USE,TRAV_SP,UNDERIDE,ROLLOVER,ROLINLOC,IMPACT1,IMPACT2,DEFORMED,TOWED,M_HARM,VEH_SC1,VEH_SC2,FIRE_EXP,DR_PRES,L_STATE,DR_ZIP,L_STATUS,L_TYPE,CDL_STAT,L_ENDORS,L_COMPL,L_RESTRI,DR_HGT,DR_WGT,PREV_ACC,PREV_SUS,PREV_DWI,PREV_SPD,PREV_OTH,FIRST_MO,FIRST_YR,LAST_MO,LAST_YR,SPEEDREL,DR_SF1,DR_SF2,DR_SF3,DR_SF4,VTRAFWAY,VNUM_LAN,VSPD_LIM,VALIGN,VPROFILE,VPAVETYP,VSURCOND,VTRAFCON,VTCONT_F,P_CRASH1,P_CRASH2,P_CRASH3,PCRASH4,PCRASH5,ACC_TYPE,DEATHS,DR_DRINK
54,540238,1,2,2,3,10,13,56,12,6,1,0,37,1,30,40,30040,6,2010,3VWTL7AJ8AM6,3,V,W,T,L,7,A,J,8,A,M,6,0,P,VOLK,JTD,SW,10,17,3272,,0,1015,,D,,0,0,000000000,00000000000,0,0,0,1,0,0,0,0,0,0,0,998,0,0,0,12,12,6,2,12,0,0,0,1,37,27282,6,1,0,0,3,0,64,999,0,0,0,0,0,0,0,0,0,0,0,0,0,0,2,2,70,3,1,2,1,0,0,14,64,9,1,1,65,0,0
54,540238,2,2,3,3,10,13,56,12,6,1,0,54,2,30,40,30040,4,1999,3VWSE29M9XM0,3,V,W,S,E,2,9,M,9,X,M,0,0,P,VOLK,JGS,4D,99,17,2907,,0,989,,G,,0,0,000000000,00000000000,0,0,0,1,0,0,0,0,0,0,0,998,0,1,1,3,3,6,2,12,0,0,0,1,54,26164,6,1,0,0,3,0,63,114,0,1,0,0,1,12,2007,7,2008,0,0,0,0,0,2,2,70,2,1,2,1,0,0,14,12,9,1,6,64,3,0
54,540239,1,2,1,6,10,10,0,12,1,1,0,95,3,85,881,85881,66,2006,1XKDDU9X06J9,1,X,K,D,D,U,9,X,0,6,J,9,1,T,KW,T80,DS,6,17,,8,2600,1600,CON,D,,1,57,576098,57576098,3,6,2,1,0,0,0,0,0,0,0,0,0,0,0,6,6,2,1,12,0,0,0,1,95,0,6,1,6,0,3,0,999,999,99,99,99,99,99,99,9999,99,9999,0,0,0,0,0,3,2,70,3,6,2,1,98,8,5,18,1,1,1,21,0,0
54,540239,2,2,3,6,10,10,0,12,1,1,0,54,2,6,52,6052,6,2010,3A4GY5F96AT1,3,A,4,G,Y,5,F,9,6,A,T,1,0,P,CHRY,PTC,SV,10,17,3222,,0,1030,,G,,0,0,000000000,00000000000,0,0,0,1,0,0,0,0,0,0,0,998,0,0,0,12,12,6,2,12,0,0,0,1,54,26452,6,1,0,0,3,1,63,210,0,0,0,0,0,0,0,0,0,1,36,0,0,0,3,2,70,3,6,2,1,98,8,14,51,2,1,1,20,1,0
54,540240,1,3,2,13,10,17,49,12,1,1,0,54,2,49,49,49049,6,2008,JTLKE50E6810,J,T,L,K,E,5,0,E,6,8,1,0,0,P,TOYT,SXB,UT,8,17,3020,,0,1024,,G,,0,0,000000000,00000000000,0,0,0,1,0,0,0,0,0,0,0,0,0,0,0,6,12,6,2,12,0,0,0,1,54,26431,6,1,0,0,3,1,67,190,0,0,0,1,0,10,2009,10,2009,0,0,0,0,0,1,2,45,1,1,2,1,0,0,5,15,1,1,1,22,0,0
54,540240,2,3,1,13,10,17,49,12,1,1,0,54,2,6,43,6043,4,2005,1C3EL46X65N7,1,C,3,E,L,4,6,X,6,5,N,7,0,P,CHRY,SEB,4D,5,17,3273,,0,1060,,G,,0,0,000000000,00000000000,0,0,0,1,0,0,0,0,0,0,0,998,0,0,0,12,12,6,2,12,0,0,0,1,54,26541,1,1,1,0,2,0,70,140,0,6,0,0,2,3,2009,9,2010,1,0,0,0,0,1,2,45,1,1,2,1,0,0,1,50,3,1,1,20,0,0
54,540240,3,3,1,13,10,17,49,12,1,1,0,54,1,72,706,72706,80,2002,1HD4CEM172K1,1,H,D,4,C,E,M,1,7,2,K,1,0,M,HD,L8H,RS,2,17,,,,,,,883,0,0,000000000,00000000000,0,0,0,1,0,0,0,0,0,0,0,998,0,0,0,12,12,6,2,12,0,0,0,1,54,26431,6,1,0,0,3,0,62,175,0,0,0,0,0,0,0,0,0,0,0,0,0,0,1,2,45,1,1,2,1,0,0,1,62,1,1,1,98,1,0
54,540241,1,1,1,30,10,16,25,42,0,1,0,0,0,37,734,37734,90,2004,478TE2600443,4,7,8,T,E,2,6,0,0,4,4,3,0,M,HOND,TFA,AT,4,17,,,,,,,499,0,0,000000000,00000000000,0,0,0,1,0,0,0,0,0,0,0,998,0,1,6,8,13,6,2,42,0,0,0,1,39,45414,0,0,0,0,0,0,999,999,99,99,99,99,99,99,9999,99,9999,1,92,0,0,0,1,2,55,2,1,2,1,0,0,14,12,3,1,4,6,1,1
54,540242,1,1,3,23,10,0,23,42,0,1,0,42,1,48,38,48038,4,2002,JF1GD29672G5,J,F,1,G,D,2,9,6,7,2,G,5,0,P,SUBA,IWX,4D,2,17,3085,,0,994,,G,,0,0,000000000,00000000000,0,0,0,1,0,0,0,0,0,0,0,998,0,0,0,5,98,6,2,42,0,0,0,1,24,21532,6,1,0,0,3,0,72,170,0,0,0,0,0,0,0,0,0,1,58,36,0,0,1,2,55,2,5,2,1,0,0,14,13,1,4,4,7,1,1
54,540243,1,2,2,17,10,13,34,12,6,1,0,54,1,18,20,18020,4,2003,2G4WB55K8312,2,G,4,W,B,5,5,K,8,3,1,2,0,P,BUIC,RLS,4D,3,17,3543,,0,1090,,G,,0,0,000000000,00000000000,0,0,0,1,0,0,0,0,0,0,0,998,0,0,0,11,11,6,2,12,0,0,0,1,54,26261,6,1,0,0,3,1,63,200,0,0,0,0,0,0,0,0,0,0,38,39,0,0,1,2,25,3,1,2,1,0,0,11,15,1,1,2,68,1,0
54,540243,2,2,3,17,10,13,34,12,6,1,0,54,1,12,481,12481,31,2010,1FTWW3BR4AEA,1,F,T,W,W,3,B,R,4,A,E,A,0,T,FORD,F3S,CW,10,17,,3,1724,1562,SRW,D,,0,0,000000000,00000000000,0,0,0,1,0,0,0,0,0,0,0,55,0,1,6,1,1,6,2,1,0,0,0,1,54,26264,6,1,0,0,3,0,68,185,0,0,0,0,0,0,0,0,0,0,0,0,0,0,1,2,55,1,1,2,1,0,0,1,66,8,1,1,69,0,0
54,540244,1,1,3,5,11,1,35,35,0,1,0,21,1,22,20,22020,2,1995,1G2WJ12M8SF2,1,G,2,W,J,1,2,M,8,S,F,2,0,P,PONT,GFS,CP,95,17,3275,,0,1075,,G,,0,0,000000000,00000000000,0,0,0,1,0,0,0,0,0,0,0,998,0,0,0,61,61,6,2,35,0,0,0,1,21,41531,6,1,0,0,3,0,66,130,0,0,0,0,0,0,0,0,0,0,36,0,0,0,2,2,35,1,1,2,1,0,0,1,13,3,1,4,1,1,1
54,540245,1,1,3,1,11,16,0,1,0,1,0,54,1,49,44,49044,2,2002,2T1CE22PX2C0,2,T,1,C,E,2,2,P,X,2,C,0,0,P,TOYT,CRE,CP,2,17,3075,,0,1051,,G,,0,0,000000000,00000000000,0,0,0,1,0,0,0,0,0,0,0,998,0,1,5,0,13,6,2,1,0,0,0,1,54,25514,6,1,0,0,3,0,64,140,0,0,0,0,0,0,0,0,0,1,0,0,0,0,1,2,25,3,1,2,1,0,0,14,12,7,2,4,98,1,0
54,540246,1,1,2,4,11,13,46,33,0,1,0,54,1,13,1,13001,4,1992,1LNLM81W2NY6,1,L,N,L,M,8,1,W,2,N,Y,6,0,P,LINC,EXC,4D,92,17,4024,,0,1174,,G,,0,0,000000000,00000000000,0,0,0,1,0,0,0,0,0,0,0,998,0,1,5,12,13,6,2,30,0,0,0,1,54,25701,6,1,0,0,3,1,63,170,0,0,0,0,0,0,0,0,0,1,36,0,0,0,5,2,45,1,1,2,1,3,3,11,6,1,1,4,1,1,0
54,540247,1,1,1,4,11,19,40,42,0,1,0,54,2,21,2,21002,8,1992,1G3HN53L1NH3,1,G,3,H,N,5,3,L,1,N,H,3,0,P,OLDS,88R,4D,92,17,3342,,0,1108,,G,,0,0,000000000,00000000000,0,0,0,1,0,0,0,0,0,0,0,998,0,0,0,9,9,6,2,42,0,0,0,1,54,25969,3,1,0,0,2,0,70,200,0,0,0,0,0,0,0,0,0,1,58,0,0,0,1,2,30,3,4,2,2,0,0,14,6,6,4,4,7,1,0
54,540249,1,1,1,21,11,17,25,52,0,1,0,54,2,2,404,2404,14,2007,1J8GR48K27C6,1,J,8,G,R,4,8,K,2,7,C,6,0,T,JEEP,LCF,4W,7,17,,1,0,1095,GCK,G,,0,0,000000000,00000000000,0,0,0,1,0,0,0,0,0,0,0,998,0,1,6,12,12,6,2,1,0,0,0,1,54,25904,6,1,0,0,3,0,76,260,0,0,0,0,0,0,0,0,0,0,0,0,0,0,1,2,25,2,1,2,1,0,0,14,12,1,1,4,6,1,1
54,540250,1,1,2,22,11,0,23,1,0,1,0,54,1,14,38,14038,2,2000,1ZWHT61L4Y56,1,Z,W,H,T,6,1,L,4,Y,5,6,0,P,MERC,CU6,2H,0,17,2881,,0,1064,,G,,0,0,000000000,00000000000,0,0,0,1,0,0,0,0,0,0,0,998,0,1,3,0,98,6,2,1,0,0,0,1,54,26301,6,1,0,0,3,0,62,260,0,4,0,0,1,1,2008,2,2010,0,0,0,0,0,2,2,65,1,6,2,1,0,0,1,12,1,1,4,6,2,0
54,540251,1,1,1,22,11,9,0,35,0,1,0,54,1,2,404,2404,14,1998,1J4FJ78S1WL2,1,J,4,F,J,7,8,S,1,W,L,2,0,T,JEEP,LIM,4W,98,17,,1,0,1014,CHK,G,,0,0,000000000,00000000000,0,0,0,1,0,0,0,0,0,0,0,998,0,1,6,1,13,6,2,1,0,0,0,1,54,26201,6,1,0,0,3,0,70,160,0,0,0,1,0,4,2009,4,2009,1,58,0,0,0,3,2,70,3,1,2,1,0,0,14,13,8,1,4,1,1,1
54,540252,1,1,1,12,11,6,30,24,0,1,0,54,1,48,34,48034,4,1996,4S3BD4353T72,4,S,3,B,D,4,3,5,3,T,7,2,0,P,SUBA,ULW,4D,96,17,2825,,0,1035,,G,,0,0,000000000,00000000000,0,0,0,1,0,0,0,0,0,0,0,998,0,0,0,61,98,6,2,24,0,0,0,1,54,24916,6,1,0,0,3,0,66,215,0,0,0,0,0,0,0,0,0,1,58,0,0,0,3,2,70,1,1,2,1,0,0,1,10,7,1,4,6,1,1
54,540253,1,3,2,18,10,17,10,12,1,1,0,54,2,37,32,37032,2,2008,1HGCS12828A0,1,H,G,C,S,1,2,8,2,8,A,0,0,P,HOND,AXL,CP,8,17,3443,,0,1079,,G,,0,0,000000000,00000000000,0,0,0,1,0,0,0,0,0,0,0,998,0,0,0,12,12,6,2,12,0,0,0,1,54,26003,6,2,0,0,3,0,66,120,0,0,0,0,0,0,0,0,0,1,36,0,0,0,1,2,25,1,1,2,1,3,3,3,51,1,1,1,24,0,0
54,540253,2,3,1,18,10,17,10,12,1,1,0,54,3,49,442,49442,20,2008,5TDZK23C38S1,5,T,D,Z,K,2,3,C,3,8,S,1,0,P,TOYT,SIE,SV,8,17,4177,,0,1193,,G,,0,0,000000000,00000000000,0,0,0,1,0,0,0,0,0,0,0,998,0,0,0,6,6,2,1,12,0,0,0,1,54,26075,6,1,0,0,3,0,71,280,0,0,0,1,0,4,2008,4,2008,0,0,0,0,0,1,2,25,1,1,2,1,3,3,1,53,1,1,1,25,0,0
54,540253,3,3,1,18,10,17,10,12,1,1,0,54,1,12,37,12037,3,2005,3FAFP31N85R1,3,F,A,F,P,3,1,N,8,5,R,1,0,P,FORD,FZX,3P,5,17,2654,,0,1030,,G,,0,0,000000000,00000000000,0,0,0,1,0,0,0,0,0,0,0,998,0,0,0,12,12,6,2,12,0,0,0,1,54,26003,6,1,0,0,3,1,72,180,0,0,0,0,0,0,0,0,0,0,0,0,0,0,1,2,25,1,1,2,1,3,3,1,62,1,1,1,98,1,0
54,540254,1,2,1,27,10,6,34,12,6,1,0,54,3,85,881,85881,66,2005,1XKWDB9X95J0,1,X,K,W,D,B,9,X,9,5,J,0,1,T,KW,W90,DS,5,17,,8,2850,1600,CON,D,,1,57,00987440,5700987440,3,6,8,1,0,0,0,0,0,0,0,998,0,0,0,7,8,2,1,12,0,0,0,1,54,25617,6,1,6,1,3,0,70,185,0,0,0,2,0,1,2008,8,2008,0,31,0,0,0,1,2,55,1,1,2,1,0,0,13,17,1,1,2,98,0,0
54,540254,2,2,1,27,10,6,34,12,6,1,0,54,1,20,421,20421,15,1998,1GNDT13W8W22,1,G,N,D,T,1,3,W,8,W,2,2,0,P,CHEV,BZR,UT,98,17,4046,,0,1070,,G,,0,0,000000000,00000000000,0,0,0,1,0,0,0,0,0,0,0,998,1,0,0,12,12,6,2,12,0,0,0,1,54,24827,6,1,6,0,3,0,74,324,0,0,0,0,0,0,0,0,0,0,0,0,0,0,1,2,55,1,1,2,1,0,0,1,55,1,1,1,98,1,0
54,540255,1,2,2,29,10,17,38,12,6,1,0,54,3,7,442,7442,20,2005,1D4GP21R75B3,1,D,4,G,P,2,1,R,7,5,B,3,0,T,DODG,CCV,CG,5,17,,1,0,1133,CAR,G,,0,0,000000000,00000000000,0,0,0,1,0,0,0,0,0,0,0,998,2,0,0,12,12,6,2,12,0,0,0,1,54,26448,6,1,0,0,3,0,75,235,0,2,0,0,1,3,2010,6,2010,0,28,0,0,0,1,2,55,1,5,2,1,0,0,1,10,1,1,2,64,0,0
54,540255,2,2,4,29,10,17,38,12,6,1,0,54,1,23,471,23471,30,2000,1GTCT19W1Y81,1,G,T,C,T,1,9,W,1,Y,8,1,0,T,GMC,SON,PC,0,17,,1,0,1229,SON,G,,0,0,000000000,00000000000,0,0,0,1,0,0,0,0,0,0,0,998,0,1,1,10,10,6,2,12,0,0,0,1,54,26170,6,1,0,0,3,0,65,200,0,0,0,0,0,0,0,0,0,0,0,0,0,0,1,2,55,1,6,2,1,0,0,1,62,9,1,2,65,1,1
54,540256,1,1,1,29,10,19,45,1,0,1,0,54,2,2,404,2404,14,1988,1JCMR7822JT2,1,J,C,M,R,7,8,2,2,J,T,2,0,T,JEEP,PNR,4W,88,17,,1,0,1010,CHK,G,,0,0,000000000,00000000000,0,0,0,1,0,0,0,0,0,0,0,998,0,1,2,0,12,2,3,1,0,0,0,1,54,24870,6,1,0,0,3,0,72,200,0,0,0,0,1,3,2008,3,2008,0,0,0,0,0,1,2,55,1,1,2,1,0,0,1,12,1,1,4,6,1,0
54,540257,1,3,2,1,11,9,52,12,6,1,0,54,3,7,442,7442,20,2007,1D8GP25R97B1,1,D,8,G,P,2,5,R,9,7,B,1,0,P,DODG,CAR,SV,7,17,3821,,0,1133,,G,,0,0,000000000,00000000000,0,0,0,1,0,0,0,0,0,0,0,998,0,0,0,9,9,6,2,12,0,0,0,1,54,26155,6,1,0,0,3,0,72,190,0,0,0,1,0,9,2010,9,2010,0,39,0,0,0,1,2,25,1,1,2,1,4,3,1,17,1,1,1,89,2,1
54,540257,2,3,1,1,11,9,52,12,6,1,0,54,3,86,898,86898,72,1996,1M2P267CXTM0,1,M,2,P,2,6,7,C,X,T,M,0,0,T,MACK,RD6,TM,96,17,,8,0,0,600,D,,0,57,1228378,571228378,3,19,4,1,0,0,0,0,0,0,0,998,0,1,3,12,11,6,2,12,0,0,1,1,54,26452,6,1,6,0,3,1,72,290,0,0,0,0,1,8,2008,8,2008,0,0,0,0,0,1,2,65,1,5,2,1,4,3,1,66,1,1,1,88,0,0
54,540257,3,3,1,1,11,9,52,12,6,1,0,54,3,12,481,12481,31,2011,1FTBF3B65BEA,1,F,T,B,F,3,B,6,5,B,E,A,0,T,FORD,F3S,PK,11,17,,2,0,1370,SRW,F,,0,0,000000000,00000000000,0,0,0,1,0,0,0,0,0,0,0,998,0,0,0,12,1,6,2,12,0,0,0,1,54,26347,1,1,1,0,2,0,69,155,0,1,0,1,0,5,2009,10,2010,0,92,0,0,0,1,2,65,1,5,2,1,4,3,1,60,1,1,1,98,0,0
54,540258,1,2,1,9,11,17,15,12,2,1,0,54,2,7,482,7482,31,2003,1D7HU16N13J5,1,D,7,H,U,1,6,N,1,3,J,5,0,T,DODG,S15,PK,3,17,,2,1405,1205,RPC,G,,0,0,000000000,00000000000,0,0,0,1,0,0,0,0,0,0,0,998,0,0,0,12,12,6,2,12,0,0,0,1,54,26205,1,1,0,0,2,0,60,105,0,1,0,0,0,7,2010,7,2010,0,28,0,0,0,1,2,55,2,1,2,1,0,0,14,10,1,1,2,50,0,0
54,540258,2,2,1,9,11,17,15,12,2,1,0,54,2,22,5,22005,2,1986,1G2PE37R2GP2,1,G,2,P,E,3,7,R,2,G,P,2,0,P,PONT,FRO,CP,86,17,2486,,0,934,,G,,0,0,000000000,00000000000,0,0,0,1,0,0,0,0,0,0,0,998,0,0,0,12,12,6,2,12,0,0,0,1,54,26205,6,1,6,0,3,1,71,172,0,0,0,0,0,0,0,0,0,0,0,0,0,0,1,2,55,3,1,2,1,0,0,14,62,3,1,2,51,1,0
54,540259,1,1,1,9,11,12,15,1,0,1,0,48,3,35,39,35039,4,2008,1N4BA41E48C8,1,N,4,B,A,4,1,E,4,8,C,8,0,P,NISS,MEL,4D,8,17,3462,,0,1112,,G,,0,0,000000000,00000000000,0,0,0,1,0,0,0,0,0,0,0,998,0,1,1,0,82,6,2,1,0,0,0,1,24,21502,6,1,0,0,3,0,66,275,0,0,0,0,0,0,0,0,0,1,58,0,0,0,3,2,70,2,6,2,1,0,0,14,6,1,1,6,98,1,0
54,540260,1,1,1,13,11,17,0,5,0,1,0,0,0,37,999,37999,99,9999,999999999999,9,9,9,9,9,9,9,9,9,9,9,9,0,U,,,,9,17,,,,,,,,0,0,000000000,00000000000,0,0,0,1,0,0,0,0,0,0,0,998,0,0,0,0,0,4,4,5,0,0,0,1,45,29710,1,1,0,0,2,0,74,220,0,0,1,1,1,8,2008,12,2008,0,0,0,0,0,1,2,55,1,6,2,1,0,0,1,98,1,1,4,0,1,1
54,540261,1,2,2,4,11,14,15,12,6,1,0,54,1,22,16,22016,2,1997,1G2JB1245V75,1,G,2,J,B,1,2,4,5,V,7,5,0,P,PONT,SFS,CP,97,17,2559,,0,1041,,G,,0,0,000000000,00000000000,0,0,0,1,0,0,0,0,0,0,0,998,0,0,0,10,10,6,2,12,0,0,0,1,54,24736,6,1,0,0,3,0,68,158,0,0,0,0,0,0,0,0,0,1,58,0,0,0,1,2,40,3,1,2,2,0,0,14,6,1,1,2,64,1,1
54,540261,2,2,2,4,11,14,15,12,6,1,0,54,1,12,471,12471,30,1998,1FTYR10C4WPA,1,F,T,Y,R,1,0,C,4,W,P,A,0,T,FORD,RNG,PK,98,17,2559,1,1175,1116,RNG,G,,0,0,000000000,00000000000,0,0,0,1,0,0,0,0,0,0,0,998,0,0,0,12,12,6,2,12,0,0,0,1,54,24719,6,1,6,0,3,0,69,160,0,0,0,0,0,0,0,0,0,0,0,0,0,0,1,2,40,2,1,2,2,0,0,14,62,9,1,2,65,0,0
54,540262,1,2,2,6,11,10,50,12,6,1,0,54,2,2,403,2403,14,1997,1J4FY29PXVP4,1,J,4,F,Y,2,9,P,X,V,P,4,0,T,JEEP,SEW,2W,97,17,,1,0,934,W/T,G,,0,0,000000000,00000000000,0,0,0,1,0,0,0,0,0,0,0,998,7,1,1,9,9,6,2,12,0,0,1,1,54,25414,6,1,0,0,3,0,65,148,0,0,0,0,1,6,2010,6,2010,1,0,0,0,0,2,2,65,3,1,1,1,0,0,14,6,1,1,2,64,2,0
54,540262,2,2,2,6,11,10,50,12,6,1,0,54,1,18,24,18024,6,2008,5GAER23758J3,5,G,A,E,R,2,3,7,5,8,J,3,0,P,BUIC,ENC,UT,8,17,4780,,0,1189,,G,,0,0,000000000,00000000000,0,0,0,1,0,0,0,0,0,0,0,998,0,0,0,12,10,6,2,12,0,0,0,1,54,25414,6,1,0,0,3,1,70,175,0,0,0,0,0,0,0,0,0,0,0,0,0,0,2,2,65,2,1,1,1,0,0,14,64,3,1,1,65,2,0
54,540263,1,2,2,29,11,13,22,12,6,1,0,0,0,98,739,98739,90,2000,4XACH33A8YA3,4,X,A,C,H,3,3,A,8,Y,A,3,0,M,POL,SP3,AT,0,17,,,,,,,334,0,0,000000000,00000000000,0,0,0,1,0,0,0,0,0,0,0,998,0,0,0,1,1,6,2,12,0,0,0,1,54,24701,2,1,2,0,1,0,67,136,0,1,0,0,0,4,2009,4,2009,1,36,0,0,0,1,2,35,1,1,2,1,0,0,11,15,9,1,2,68,1,1
54,540263,2,2,1,29,11,13,22,12,6,1,0,51,3,86,881,86881,66,1998,1M2AA18Y9WW0,1,M,2,A,A,1,8,Y,9,W,W,0,1,T,MACK,CH6,DS,98,17,,8,0,0,600,D,,1,57,1856141,571856141,3,6,3,1,0,0,0,0,0,0,0,998,0,0,0,12,1,6,2,12,0,0,0,1,54,24740,6,1,6,0,3,1,73,200,0,1,0,1,5,7,2008,10,2010,0,0,0,0,0,5,2,35,1,1,2,1,0,0,1,62,8,1,1,69,0,0
54,540264,1,1,1,29,11,13,37,45,0,1,0,54,1,22,22,22022,4,2008,1G2ZH57NX842,1,G,2,Z,H,5,7,N,X,8,4,2,0,P,PONT,GGT,4D,8,17,3457,,0,1123,,G,,0,0,000000000,00000000000,0,0,0,1,0,0,0,0,0,0,0,998,0,1,6,12,13,6,2,45,0,0,0,1,54,26205,6,1,0,0,3,0,64,140,0,0,0,0,0,0,0,0,0,0,39,0,0,0,1,2,55,2,3,2,1,50,3,14,51,1,1,1,98,1,0
54,540265,1,1,1,26,11,20,25,8,0,1,0,54,2,12,481,12481,31,1997,1FTDF1723VNA,1,F,T,D,F,1,7,2,3,V,N,A,0,T,FORD,F15,PK,97,17,,1,1390,1200,COF,G,,0,0,000000000,00000000000,0,0,0,1,0,0,0,0,0,0,0,998,0,0,0,14,14,0,1,8,0,0,0,1,54,25557,6,1,0,0,3,1,68,189,0,0,0,0,0,0,0,0,0,0,0,0,0,0,1,2,30,2,4,2,1,0,0,14,80,1,1,1,13,0,0
54,540266,1,1,5,5,12,2,35,57,0,1,0,42,2,35,481,35481,31,2007,1N6BA06B87N2,1,N,6,B,A,0,6,B,8,7,N,2,0,T,NISS,TXS,PC,7,17,,2,0,1398,TTN,F,,0,0,000000000,00000000000,0,0,0,1,0,0,0,0,0,0,0,70,0,1,3,98,98,6,2,57,0,0,0,1,24,20745,6,1,0,0,3,1,69,200,0,0,0,0,0,0,0,0,0,1,87,0,0,0,3,3,70,2,5,2,10,0,0,14,6,9,1,4,6,1,0
54,540267,1,1,1,11,12,14,55,1,0,1,0,47,1,35,43,35043,2,1995,1N4AB42D3SC5,1,N,4,A,B,4,2,D,3,S,C,5,0,P,NISS,2SE,CP,95,17,2381,,0,998,,G,,0,0,000000000,00000000000,0,0,0,1,0,0,0,0,0,0,0,998,0,1,5,0,13,6,2,35,0,0,0,1,47,37604,6,1,6,0,3,0,66,190,0,0,0,0,0,0,0,0,0,0,58,0,0,0,2,3,70,1,5,2,1,0,0,1,12,7,1,4,98,1,0
54,540268,1,1,1,22,12,7,15,24,0,1,0,21,3,82,881,82881,66,2000,1FUYSDYB0YLF,1,F,U,Y,S,D,Y,B,0,Y,L,F,1,T,FRHT,FC2,DS,0,17,,8,0,0,CON,D,,1,57,1682950,571682950,3,6,1,1,0,0,0,0,0,0,0,998,0,0,0,1,12,6,2,21,0,0,1,1,21,40219,6,1,6,0,3,0,70,228,0,0,0,0,0,0,0,0,0,0,0,0,0,0,3,2,70,1,1,2,1,0,0,1,13,1,1,4,1,1,0
54,540269,1,1,2,4,12,20,40,8,0,1,0,54,1,20,403,20403,14,2008,1GNET13M9821,1,G,N,E,T,1,3,M,9,8,2,1,0,P,CHEV,TRL,UT,8,17,4523,,0,1130,,G,,0,0,000000000,00000000000,0,0,0,1,0,0,0,0,0,0,0,998,0,0,0,12,12,2,1,8,0,0,0,1,54,25405,6,1,6,0,3,0,70,185,0,0,0,0,0,0,0,0,0,0,0,0,0,0,5,4,40,1,1,2,1,0,0,1,80,1,1,1,13,0,0
54,540270,1,1,3,11,12,1,0,35,0,1,0,54,2,12,481,12481,31,2006,1FTPX14VX6KD,1,F,T,P,X,1,4,V,X,6,K,D,0,T,FORD,F15,4C,6,17,,2,0,1450,COF,F,,0,0,000000000,00000000000,0,0,0,1,0,0,0,0,0,0,0,998,0,1,5,61,61,6,2,1,0,0,0,1,54,26525,6,1,0,0,3,0,68,235,0,0,0,0,0,0,0,0,0,0,0,0,0,0,1,2,55,1,1,5,4,0,0,1,12,1,1,4,6,1,1
54,540271,1,1,1,13,12,7,17,30,0,1,0,54,1,2,403,2403,14,2000,1J4FA49S8YP7,1,J,4,F,A,4,9,S,8,Y,P,7,0,T,JEEP,SPW,2W,0,17,,1,0,934,W/T,G,,0,0,000000000,00000000000,0,0,0,1,0,0,0,0,0,0,0,998,0,1,5,9,9,6,2,30,0,0,0,1,54,25413,6,1,0,0,3,0,76,285,0,1,0,0,1,10,2008,12,2009,1,36,0,0,0,1,2,35,1,1,2,1,0,0,1,12,1,1,4,6,1,0
54,540272,1,2,1,13,12,7,17,12,8,1,0,54,1,20,481,20481,31,1991,1GCDK14Z7ME1,1,G,C,D,K,1,4,Z,7,M,E,1,0,T,CHEV,GK1,PK,91,17,,1,1315,1175,GM4,G,,0,0,000000000,00000000000,0,0,0,1,0,0,0,0,0,0,0,998,0,1,5,63,98,6,2,1,0,0,0,1,54,26601,6,1,0,0,3,0,72,160,0,0,0,0,0,0,0,0,0,1,0,0,0,0,1,2,25,2,1,1,2,0,0,14,6,7,1,2,64,0,0
54,540272,2,2,2,13,12,7,17,12,8,1,0,54,1,23,441,23441,20,1999,1GKEL19W6XB5,1,G,K,E,L,1,9,W,6,X,B,5,0,T,GMC,SXT,ES,99,17,,2,0,1112,SAF,G,,0,0,000000000,00000000000,0,0,0,1,0,0,0,0,0,0,0,998,0,0,0,63,98,6,2,35,0,0,0,1,54,26624,6,1,0,0,3,0,65,160,0,0,0,0,0,0,0,0,0,0,0,0,0,0,1,2,25,3,1,1,2,0,0,14,62,1,1,1,65,1,0
54,540273,1,1,2,20,12,10,30,1,0,1,0,54,1,20,473,20473,30,2007,1GCDT13EX781,1,G,C,D,T,1,3,E,X,7,8,1,0,T,CHEV,RDO,CW,7,17,,1,0,1260,CAL,G,,0,0,000000000,00000000000,0,0,0,1,0,0,0,0,0,0,0,998,0,2,2,0,14,6,2,1,0,0,0,1,54,25214,6,1,6,0,3,0,67,165,0,0,0,0,0,0,0,0,0,0,0,0,0,0,1,2,35,3,1,2,4,0,0,14,5,8,1,4,1,1,0
54,540274,1,1,1,19,12,4,33,35,0,1,0,54,1,23,421,23421,15,2004,1GKFK16Z04J1,1,G,K,F,K,1,6,Z,0,4,J,1,0,T,GMC,KX1,4W,4,17,,2,0,1300,YUK,F,,0,0,000000000,00000000000,0,0,0,1,0,0,0,0,0,0,0,998,0,1,2,98,98,6,2,35,0,0,0,1,54,26851,6,1,0,0,3,0,66,185,0,0,0,0,0,0,0,0,0,0,0,0,0,0,1,2,55,1,6,2,1,0,0,1,13,1,1,4,1,1,1