STATE,ST_CASE,VEH_NO,VE_FORMS,NUMOCCS,DAY,MONTH,HOUR,MINUTE,HARM_EV,MAN_COLL,UNITTYPE,HIT_RUN,REG_STAT,OWNER,MAKE,MODEL,MAK_MOD,BODY_TYP,MOD_YEAR,VIN,VIN_1,VIN_2,VIN_3,VIN_4,VIN_5,VIN_6,VIN_7,VIN_8,VIN_9,VIN_10,VIN_11,VIN_12,TOW_VEH,VINTYPE,VINMAKE,VINA_MOD,VIN_BT,VINMODYR,VIN_LNGT,VIN_WGT,WGTCD_TR,WHLBS_LG,WHLBS_SH,SER_TR,FUELCODE,MCYCL_DS,J_KNIFE,MCARR_I1,MCARR_I2,MCARR_ID,GVWR,V_CONFIG,CARGO_BT,HAZ_INV,HAZ_PLAC,HAZ_ID,HAZ_CNO,HAZ_REL,BUS_USE,SPEC_USE,EMER_USE,TRAV_SP,UNDERIDE,ROLLOVER,ROLINLOC,IMPACT1,IMPACT2,DEFORMED,TOWED,M_HARM,VEH_SC1,VEH_SC2,FIRE_EXP,DR_PRES,L_STATE,DR_ZIP,L_STATUS,L_TYPE,CDL_STAT,L_ENDORS,L_COMPL,L_RESTRI,DR_HGT,DR_WGT,PREV_ACC,PREV_SUS,PREV_DWI,PREV_SPD,PREV_OTH,FIRST_MO,FIRST_YR,LAST_MO,LAST_YR,SPEEDREL,DR_SF1,DR_SF2,DR_SF3,DR_SF4,VTRAFWAY,VNUM_LAN,VSPD_LIM,VALIGN,VPROFILE,VPAVETYP,VSURCOND,VTRAFCON,VTCONT_F,P_CRASH1,P_CRASH2,P_CRASH3,PCRASH4,PCRASH5,ACC_TYPE,DEATHS,DR_DRINK
55,550051,1,3,1,8,3,15,51,12,6,1,0,55,1,12,442,12442,20,1995,2FMDA5147SBC,2,F,M,D,A,5,1,4,7,S,B,C,0,T,FORD,WWG,ES,95,17,,1,0,1207,WIN,G,,0,0,000000000,00000000000,0,0,0,1,0,0,0,0,0,0,0,45,0,0,0,12,12,6,2,12,0,0,0,1,55,53403,4,1,0,0,2,0,64,174,0,0,0,0,0,0,0,0,0,0,39,0,0,0,2,2,40,1,1,1,1,3,3,1,62,99,1,1,69,0,0
55,550051,2,3,5,8,3,15,51,12,6,1,0,55,1,12,37,12037,4,2007,1FAHP34N17W1,1,F,A,H,P,3,4,N,1,7,W,1,0,P,FORD,FMS,4D,7,17,2636,,0,1029,,G,,0,0,000000000,00000000000,0,0,0,1,0,0,0,0,0,0,0,15,0,0,0,4,4,6,2,12,0,0,0,1,55,53405,6,2,0,0,3,0,70,245,0,0,0,1,0,6,2008,6,2008,0,0,0,0,0,2,2,40,1,1,1,1,3,3,11,15,99,1,2,68,1,0
55,550051,3,3,1,8,3,15,51,12,6,1,0,55,1,30,40,30040,4,1995,3VWRC81HXSM0,3,V,W,R,C,8,1,H,X,S,M,0,0,P,VOLK,JG3,4D,95,17,2627,,0,974,,G,,0,0,000000000,00000000000,0,0,0,1,0,0,0,0,0,0,0,0,0,0,0,12,12,2,1,12,0,0,0,1,55,53404,6,2,0,0,3,0,72,180,1,0,0,1,2,8,2007,11,2009,0,0,0,0,0,2,2,30,1,1,1,1,3,3,5,66,1,1,1,98,0,0
55,550052,1,1,2,20,2,9,41,26,0,1,0,55,1,49,40,49040,4,2002,4T1BF32K02U5,4,T,1,B,F,3,2,K,0,2,U,5,0,P,TOYT,LXS,4D,2,17,3296,,0,1071,,G,,0,0,000000000,00000000000,0,0,0,1,0,0,0,0,0,0,0,55,0,0,0,12,12,6,2,30,0,0,0,1,55,53226,6,1,0,0,3,0,72,185,0,0,0,0,0,0,0,0,0,0,87,0,0,0,6,2,50,1,3,2,2,3,3,1,8,99,1,4,1,1,0
55,550053,1,1,1,17,3,9,33,8,0,1,0,27,3,98,809,98809,63,2007,2FZMAZCV87AY,2,F,Z,M,A,Z,C,V,8,7,A,Y,1,T,STRG,LT9,TM,7,17,,8,0,0,STE,D,,1,57,1986385,571986385,3,4,3,1,0,0,0,0,0,0,0,999,0,0,0,12,12,0,1,8,0,0,0,1,27,55430,6,1,6,0,3,3,70,195,0,0,0,0,0,0,0,0,0,0,38,0,0,0,1,4,40,1,1,2,1,2,3,10,80,1,1,2,13,0,0
55,550054,1,1,2,12,3,0,21,8,0,1,0,55,1,20,36,20036,2,1996,2G1WX12X5T92,2,G,1,W,X,1,2,X,5,T,9,2,0,P,CHEV,MZ3,CP,96,17,3436,,0,1075,,G,,0,0,000000000,00000000000,0,0,0,1,0,0,0,0,0,0,0,999,0,0,0,12,12,2,3,8,0,0,0,1,55,54644,6,1,0,0,3,0,69,160,0,0,0,0,0,0,0,0,0,0,0,0,0,0,1,2,25,1,1,1,2,2,3,1,80,99,1,1,13,0,1
55,550055,1,1,2,1,3,2,24,8,0,1,1,55,2,6,441,6441,20,1998,1C4GP64L8WB5,1,C,4,G,P,6,4,L,8,W,B,5,0,P,CHRY,TWC,SV,98,17,4090,,0,1193,,G,,0,0,000000000,00000000000,0,0,0,1,0,0,0,0,0,0,0,999,0,0,0,12,12,4,1,8,0,0,0,1,55,53209,0,0,0,0,0,0,68,200,1,4,0,0,3,5,2007,12,2008,1,37,87,92,0,1,2,30,1,1,2,2,0,0,1,19,1,1,1,13,0,0
55,550056,1,1,1,11,3,18,43,1,0,1,0,55,1,20,36,20036,2,2001,2G1WX15K7192,2,G,1,W,X,1,5,K,7,1,9,2,0,P,CHEV,MSS,CP,1,17,3395,,0,1075,,G,,0,0,000000000,00000000000,0,0,0,1,0,0,0,0,0,0,0,55,0,9,5,0,0,6,2,1,0,0,0,1,55,53120,6,1,0,0,3,3,68,150,0,0,0,0,0,0,0,0,0,0,0,0,0,0,1,2,55,1,1,2,1,0,0,1,13,99,1,4,1,1,1
55,550057,1,1,1,3,3,9,49,14,0,1,0,55,1,37,709,37709,80,2008,JH2PC40488M1,J,H,2,P,C,4,0,4,8,8,M,1,0,M,HOND,B60,RS,8,17,,,,,,,599,0,0,000000000,00000000000,0,0,0,1,0,0,0,0,0,0,0,999,0,0,0,81,81,4,3,14,0,0,0,1,55,54302,2,2,0,0,2,0,68,160,0,14,0,4,6,4,2007,1,2010,0,92,0,0,0,1,2,25,1,1,2,1,0,0,1,11,1,1,2,11,1,0
55,550058,1,3,1,10,3,22,38,12,1,1,1,55,2,7,482,7482,31,2001,3B7HF12Y51G2,3,B,7,H,F,1,2,Y,5,1,G,2,0,T,DODG,150,PC,1,17,,2,0,1387,RPC,G,,0,0,000000000,00000000000,0,0,0,1,0,0,0,0,0,0,0,60,0,0,0,12,12,4,3,12,0,0,0,1,55,54137,0,0,0,0,0,0,999,999,0,1,0,0,1,12,2009,12,2009,1,91,0,0,0,2,2,35,1,1,1,2,2,3,1,50,1,1,1,20,0,0
55,550058,2,3,1,10,3,22,38,12,1,1,0,55,2,20,16,20016,2,1999,1G1JC1249X71,1,G,1,J,C,1,2,4,9,X,7,1,0,P,CHEV,C/S,CP,99,17,2617,,0,1041,,G,,0,0,000000000,00000000000,0,0,0,1,0,0,0,0,0,0,0,0,0,0,0,6,6,6,2,12,0,0,0,1,55,54303,6,1,0,0,3,0,73,170,0,0,0,1,0,4,2008,4,2008,0,0,0,0,0,2,2,35,1,1,1,2,2,3,5,53,1,1,1,21,1,0
55,550058,3,3,1,10,3,22,38,12,1,1,0,55,1,49,40,49040,4,2007,JTNBE46K1730,J,T,N,B,E,4,6,K,1,7,3,0,0,P,TOYT,CMB,4D,7,17,3108,,0,1093,,G,,0,0,000000000,00000000000,0,0,0,1,0,0,0,0,0,0,0,0,0,0,0,6,6,4,3,12,0,0,0,1,55,54301,6,1,0,0,3,0,72,185,0,0,0,0,0,0,0,0,0,0,0,0,0,0,2,2,35,1,1,1,2,2,3,5,53,1,1,1,98,0,0
55,550059,1,2,1,3,3,21,44,12,2,1,0,55,2,10,37,10037,3,1994,4E3CF34B2RE0,4,E,3,C,F,3,4,B,2,R,E,0,0,P,EGIL,TDL,2H,94,17,2549,,0,972,,G,,0,0,000000000,00000000000,0,0,0,1,0,0,0,0,0,0,0,55,0,0,0,12,12,6,2,12,0,0,0,1,55,54949,6,2,0,0,3,1,67,180,0,0,0,0,1,5,2009,5,2009,0,28,0,0,0,1,2,55,1,1,2,1,0,0,1,10,1,1,2,50,1,0
55,550059,2,2,1,3,3,21,44,12,2,1,0,55,2,7,482,7482,31,1998,3B7HF13Z5WG2,3,B,7,H,F,1,3,Z,5,W,G,2,0,T,DODG,Q15,4C,98,17,,2,1547,1387,RPC,G,,0,0,000000000,00000000000,0,0,0,1,0,0,0,0,0,0,0,55,0,0,0,12,12,6,2,12,0,0,0,1,55,54981,6,2,0,0,3,1,67,150,1,0,0,0,1,1,2010,2,2010,0,0,0,0,0,1,2,55,1,1,2,1,0,0,1,62,2,2,1,51,0,0
55,550060,1,1,1,3,3,0,35,1,0,1,0,18,1,20,482,20482,31,2003,3GNEK13T73G1,3,G,N,E,K,1,3,T,7,3,G,1,0,T,CHEV,KAV,CW,3,17,,2,0,1300,AVL,G,,0,0,000000000,00000000000,0,0,0,1,0,0,0,0,0,0,0,55,0,2,6,0,81,6,2,1,0,0,0,1,18,46319,6,1,0,0,3,0,71,180,0,0,0,0,0,0,0,0,0,0,0,0,0,0,1,2,55,2,1,2,1,0,0,14,13,1,1,4,1,1,1
55,550061,1,3,1,4,3,10,16,12,8,1,0,55,1,21,2,21002,4,1998,1G3HN52K4W48,1,G,3,H,N,5,2,K,4,W,4,8,0,P,OLDS,8LW,4D,98,17,3455,,0,1108,,G,,0,0,000000000,00000000000,0,0,0,1,0,0,0,0,0,0,0,60,1,0,0,11,13,6,2,12,0,0,0,1,55,53811,6,1,0,0,3,3,67,160,0,0,0,0,0,0,0,0,0,1,0,0,0,0,1,2,30,1,1,2,1,0,0,1,10,1,1,2,64,1,0
55,550061,2,3,1,4,3,10,16,12,8,1,0,55,1,20,404,20404,14,2006,2CNDL73FX660,2,C,N,D,L,7,3,F,X,6,6,0,0,P,CHEV,EQU,UT,6,17,3777,,0,1125,,G,,0,0,000000000,00000000000,0,0,0,1,0,0,0,0,0,0,0,28,0,0,0,83,83,4,3,12,0,0,0,1,55,53811,6,1,0,0,3,0,65,120,0,0,0,0,0,0,0,0,0,0,0,0,0,0,1,2,30,1,1,2,1,0,0,1,62,1,1,1,65,0,0
55,550061,3,3,1,4,3,10,16,12,8,1,0,19,3,85,881,85881,66,2006,1XKDDB9X26J1,1,X,K,D,D,B,9,X,2,6,J,1,1,T,KW,T80,DS,6,17,,8,2600,1600,CON,D,,3,57,455387,57455387,3,6,1,1,0,0,0,0,0,0,0,5,0,0,0,83,83,6,2,12,0,0,0,1,19,50461,6,1,6,0,3,0,74,215,1,0,0,0,1,3,2008,2,2010,0,0,0,0,0,1,2,30,1,1,2,1,0,0,1,10,1,1,1,98,0,0
55,550062,1,2,2,11,3,15,24,12,6,1,0,55,1,53,705,53705,80,2007,JS1VP53A8721,J,S,1,V,P,5,3,A,8,7,2,1,0,M,SUZI,SV6,RS,7,17,,,,,,,645,0,0,000000000,00000000000,0,0,0,1,0,0,0,0,0,0,0,48,0,0,0,12,12,6,2,12,0,0,0,1,55,53511,6,1,0,0,3,3,74,215,0,0,0,2,0,7,2007,12,2008,1,39,87,0,0,1,2,40,1,1,2,2,3,3,3,17,1,1,1,69,1,0
55,550062,2,2,1,11,3,15,24,12,6,1,0,55,1,20,403,20403,14,2003,1GNDT13S2322,1,G,N,D,T,1,3,S,2,3,2,2,0,P,CHEV,TRL,UT,3,17,4600,,0,1130,,G,,0,0,000000000,00000000000,0,0,0,1,0,0,0,0,0,0,0,1,0,0,0,83,83,4,1,12,0,0,0,1,55,53511,6,1,0,0,3,0,73,265,0,0,0,0,0,0,0,0,0,0,87,0,0,0,1,2,40,1,1,2,2,20,3,11,15,1,1,1,68,0,0
55,550063,1,1,1,12,3,21,0,42,0,1,0,55,2,7,402,7402,14,2000,1B4HS28N9YF3,1,B,4,H,S,2,8,N,9,Y,F,3,0,P,DODG,DUR,UT,0,17,4462,,0,1159,,G,,0,0,000000000,00000000000,0,0,0,1,0,0,0,0,0,0,0,999,0,0,0,81,12,6,2,42,0,0,0,1,55,54664,6,1,0,0,3,0,70,170,1,1,0,0,0,4,2007,12,2009,0,79,87,0,0,1,2,55,3,8,4,2,0,0,14,13,99,1,4,1,1,1
55,550064,1,1,1,13,3,18,55,1,0,1,0,55,1,76,703,76703,80,2008,JYADG21E98A0,J,Y,A,D,G,2,1,E,9,8,A,0,0,M,YAMA,WRR,RT,8,17,,,,,,,249,0,0,000000000,00000000000,0,0,0,1,0,0,0,0,0,0,0,55,0,0,0,0,0,6,2,1,0,0,0,1,55,54498,6,1,6,0,3,0,73,190,0,0,0,0,0,0,0,0,0,0,0,0,0,0,1,2,55,1,1,2,1,0,0,1,10,3,4,4,7,1,1
55,550065,1,1,1,16,3,13,45,1,0,1,0,55,1,18,23,18023,4,2007,1G4HD57207U1,1,G,4,H,D,5,7,2,0,7,U,1,0,P,BUIC,UXL,4D,7,17,3969,,0,1156,,G,,0,0,000000000,00000000000,0,0,0,1,0,0,0,0,0,0,0,55,0,2,6,0,0,6,2,1,0,0,0,1,55,54930,6,1,0,0,3,3,65,160,0,0,0,0,0,0,0,0,0,0,0,0,0,0,1,2,55,3,1,2,1,0,0,14,12,1,1,4,6,1,0
55,550066,1,2,1,17,3,22,13,12,2,1,0,55,3,22,22,22022,4,2007,1G2ZG58NX741,1,G,2,Z,G,5,8,N,X,7,4,1,0,P,PONT,6BS,4D,7,17,3305,,0,1123,,G,,0,0,000000000,00000000000,0,0,0,1,0,0,0,0,0,0,0,65,0,0,0,12,12,6,2,12,0,0,0,1,55,54868,1,1,0,0,2,3,72,190,0,2,1,1,0,4,2007,2,2010,0,35,38,91,92,1,2,55,1,1,2,1,0,0,6,10,1,1,2,50,0,1
55,550066,2,2,1,17,3,22,13,12,2,1,0,55,1,6,52,6052,6,2001,3C8FY4BB71T6,3,C,8,F,Y,4,B,B,7,1,T,6,0,P,CHRY,PTC,SV,1,17,3109,,0,1030,,G,,0,0,000000000,00000000000,0,0,0,1,0,0,0,0,0,0,0,999,0,0,0,12,12,6,2,12,0,0,0,1,55,54004,6,1,0,0,3,0,68,115,0,0,0,0,0,0,0,0,0,0,0,0,0,0,1,2,55,1,1,2,1,0,0,1,54,1,1,1,51,1,0
55,550067,1,1,1,18,3,3,20,1,0,1,0,55,1,22,441,22441,20,1999,1GMDX03E9XD1,1,G,M,D,X,0,3,E,9,X,D,1,0,T,PONT,M/T,ES,99,17,,1,0,1200,M/T,G,,0,0,000000000,00000000000,0,0,0,1,0,0,0,0,0,0,0,55,0,2,5,0,0,6,2,1,0,0,0,1,55,54436,6,1,0,0,3,0,75,180,0,0,0,0,0,0,0,0,0,0,0,0,0,0,1,2,55,1,1,4,1,0,0,1,13,1,1,4,1,1,1
55,550068,1,1,2,19,3,1,57,53,0,1,0,55,2,49,32,49032,4,2007,1NXBR32EX7Z8,1,N,X,B,R,3,2,E,X,7,Z,8,0,P,TOYT,UCS,4D,7,17,2530,,0,1024,,G,,0,0,000000000,00000000000,0,0,0,1,0,0,0,0,0,0,0,999,0,2,5,81,3,6,2,1,0,0,0,1,55,54902,6,1,0,0,3,0,71,210,0,0,0,1,2,10,2007,6,2009,1,91,0,0,0,1,2,45,1,1,2,1,0,0,1,13,1,1,4,1,1,1
55,550069,1,3,1,26,3,21,57,12,2,1,0,55,1,22,441,22441,20,1990,1GMCU06D3LT2,1,G,M,C,U,0,6,D,3,L,T,2,0,P,PONT,TSP,SV,90,17,3350,,0,1098,,G,,0,0,000000000,00000000000,0,0,0,1,0,0,0,0,0,0,0,999,0,0,0,12,12,6,2,12,0,0,0,1,55,53704,6,1,0,0,3,0,66,140,0,0,0,0,0,0,0,0,0,0,51,0,0,0,2,2,65,1,2,2,1,0,0,1,10,1,1,2,51,1,1
55,550069,2,3,1,26,3,21,57,12,2,1,0,17,1,51,43,51043,6,2002,YV1SZ58D3210,Y,V,1,S,Z,5,8,D,3,2,1,0,0,P,VOLV,VXC,SW,2,17,3807,,0,1088,,G,,0,0,000000000,00000000000,0,0,0,1,0,0,0,0,0,0,0,70,0,0,0,12,12,6,2,12,0,0,0,1,17,60010,6,1,0,0,3,3,72,230,0,0,0,0,0,0,0,0,0,0,0,0,0,0,2,2,65,1,2,2,1,0,0,1,54,1,1,1,50,0,0
55,550069,3,3,4,26,3,21,57,12,2,1,0,55,1,12,401,12401,14,2002,1FMZU73E22ZC,1,F,M,Z,U,7,3,E,2,2,Z,C,0,P,FORD,EPR,UT,2,17,4378,,0,1137,,G,,0,0,000000000,00000000000,0,0,0,1,0,0,0,0,0,0,0,999,0,0,0,61,61,2,1,12,0,0,0,1,55,54981,6,1,0,0,3,0,72,204,1,0,0,0,1,8,2007,6,2008,0,0,0,0,0,2,2,65,1,2,2,1,0,0,1,54,1,1,1,98,0,0
55,550070,1,1,1,19,3,16,21,24,0,1,0,55,1,12,481,12481,31,2000,1FTRX18L5YNB,1,F,T,R,X,1,8,L,5,Y,N,B,0,T,FORD,F15,4C,0,17,,2,1574,1388,COF,G,,0,0,000000000,00000000000,0,0,0,1,0,0,0,0,0,0,0,90,0,2,6,12,12,6,2,42,0,0,0,1,55,54414,6,1,0,0,3,0,71,210,0,0,0,0,0,0,0,0,0,1,0,0,0,0,1,2,55,1,1,2,1,0,0,6,13,1,1,4,1,1,1
55,550071,1,3,2,25,2,16,17,12,6,1,0,55,1,7,43,7043,4,2000,1B3EJ56H8YN2,1,B,3,E,J,5,6,H,8,Y,N,2,0,P,DODG,STS,4D,0,17,3057,,0,1080,,G,,0,0,000000000,00000000000,0,0,0,1,0,0,0,0,0,0,0,55,0,0,0,9,9,6,2,12,0,0,0,1,55,54136,6,1,0,0,3,0,67,125,0,0,0,0,0,0,0,0,0,0,0,0,0,0,6,1,65,1,1,1,1,0,0,16,61,99,1,4,47,2,0
55,550071,2,3,1,25,2,16,17,12,6,1,0,55,3,7,881,7881,61,2006,WDXPD9440659,W,D,X,P,D,9,4,4,0,6,5,9,0,T,DODG,SP3,IC,6,17,,3,0,1580,SNR,D,,0,57,174072,57174072,2,1,1,1,0,0,0,0,0,0,0,65,0,1,3,12,12,6,2,12,0,0,0,1,55,54304,6,1,8,0,3,0,73,183,0,0,0,0,0,0,0,0,0,0,0,0,0,0,2,2,65,1,1,1,1,0,0,1,60,1,1,1,98,0,0
55,550071,3,3,1,25,2,16,17,12,6,1,0,55,3,84,881,84881,66,2007,2HSCNAPR97C3,2,H,S,C,N,A,P,R,9,7,C,3,1,T,INTL,94I,DS,7,17,,8,0,0,940,D,,1,57,0314120,570314120,3,6,1,1,0,0,0,0,0,0,0,30,0,0,0,12,12,2,3,12,0,0,0,1,55,54208,6,1,6,0,3,0,72,195,0,0,0,0,1,3,2007,3,2007,0,27,0,0,0,2,2,65,1,1,1,1,0,0,15,11,1,1,2,45,0,0
55,550072,1,1,1,3,4,21,0,9,0,1,1,55,1,7,482,7482,31,2009,1D3HV18T59S7,1,D,3,H,V,1,8,T,5,9,S,7,0,T,DODG,Q15,CW,9,17,,2,0,1400,RPC,G,,0,0,000000000,00000000000,0,0,0,1,0,0,0,0,0,0,0,50,0,0,0,12,12,4,1,9,0,0,0,1,55,53042,6,1,0,0,3,0,68,160,1,0,0,0,1,9,2007,12,2007,0,0,0,0,0,1,2,55,1,1,2,1,0,0,1,83,1,1,1,13,0,1
55,550073,1,1,1,5,4,99,99,42,0,1,0,55,1,59,32,59032,4,2005,JTHBN36F5550,J,T,H,B,N,3,6,F,5,5,5,0,0,P,LEXS,L43,4D,5,17,3990,,0,1152,,G,,0,0,000000000,00000000000,0,0,0,1,0,0,0,0,0,0,0,45,0,0,0,12,12,6,2,42,0,0,0,1,55,53594,6,1,0,0,3,3,72,190,0,0,0,0,0,0,0,0,0,0,0,0,0,0,1,2,45,1,3,2,1,0,0,1,13,1,1,4,1,1,0
55,550074,1,1,1,7,4,12,40,1,0,1,0,17,2,51,881,51881,66,1999,4VG7DBUF4XN7,4,V,G,7,D,B,U,F,4,X,N,7,1,T,VOLV,VVN,DS,99,17,,8,0,0,VVN,D,,1,57,1836248,571836248,3,6,1,1,0,0,0,0,0,0,0,999,0,2,2,0,3,2,3,14,0,0,0,1,17,60950,2,1,6,0,2,0,69,280,1,1,0,0,1,12,2009,3,2010,0,22,0,0,0,6,1,98,1,1,2,2,0,0,1,98,1,1,6,98,0,0
55,550075,1,1,1,7,4,14,28,24,0,1,0,55,1,22,403,22403,14,2006,2CKDL63F6661,2,C,K,D,L,6,3,F,6,6,6,1,0,P,PONT,TOR,UT,6,17,3660,,0,1125,,G,,0,0,000000000,00000000000,0,0,0,1,0,0,0,0,0,0,0,55,0,0,0,12,12,6,2,21,0,0,0,1,55,53546,6,1,0,0,3,3,70,190,0,0,0,1,0,2,2008,2,2008,0,0,0,0,0,2,2,65,1,1,2,2,0,0,1,99,1,9,4,10,1,0
55,550076,1,2,4,1,4,12,48,12,6,1,0,55,1,12,401,12401,14,1995,1FMDU34X2SZB,1,F,M,D,U,3,4,X,2,S,Z,B,0,P,FORD,EPR,UT,95,17,4053,,0,1115,,G,,0,0,000000000,00000000000,0,0,0,1,0,0,0,0,0,0,0,999,0,0,0,5,5,6,2,12,0,0,0,1,55,53545,6,1,6,0,3,3,69,237,0,0,0,0,0,0,0,0,0,0,38,0,0,0,1,2,98,1,1,2,1,2,3,11,15,1,1,2,68,0,0
55,550076,2,2,1,1,4,12,48,12,6,1,0,55,1,76,705,76705,80,2007,JYARJ12E87A0,J,Y,A,R,J,1,2,E,8,7,A,0,0,M,YAMA,R6L,RS,7,17,,,,,,,599,0,0,000000000,00000000000,0,0,0,1,0,0,0,0,0,0,0,999,0,0,0,12,12,6,2,12,0,0,0,1,55,53511,2,1,0,0,2,0,69,145,1,1,1,4,0,4,2007,3,2010,1,0,0,0,0,2,4,40,1,1,1,1,2,3,1,62,99,1,1,69,1,0
55,550077,1,3,7,8,4,7,46,12,9,1,0,55,2,14,443,14443,20,1995,4M2DV11W3SDJ,4,M,2,D,V,1,1,W,3,S,D,J,0,P,MERC,VLR,SV,95,17,3870,,0,1122,,G,,0,0,000000000,00000000000,0,0,0,1,0,0,0,0,0,0,0,999,0,0,0,6,99,6,2,12,0,0,0,1,55,54013,6,2,0,0,3,3,66,135,0,0,0,0,0,0,0,0,0,1,0,0,0,0,1,2,55,1,1,2,10,0,0,1,6,99,3,2,64,2,0
55,550077,2,3,2,8,4,7,46,12,9,1,0,55,3,12,880,12880,67,2008,1FDWW31R48EC,1,F,D,W,W,3,1,R,4,8,E,C,1,T,FORD,F3S,CW,8,17,,3,1720,1560,SRW,D,,1,77,777777777,77777777777,2,4,3,1,0,0,0,0,0,0,0,999,0,1,5,9,9,6,2,12,0,0,0,1,55,54304,6,1,0,0,3,3,74,195,0,0,0,0,0,0,0,0,0,0,0,0,0,0,1,2,55,1,1,2,10,0,0,1,60,99,1,1,65,0,0
55,550077,3,3,1,8,4,7,46,12,9,1,0,26,3,7,482,7482,31,2007,1D7HU16P37J5,1,D,7,H,U,1,6,P,3,7,J,5,0,T,DODG,S15,PK,7,17,,2,1405,1205,RPC,F,,0,0,000000000,00000000000,0,0,0,1,0,0,0,0,0,0,0,999,0,0,0,4,4,6,2,12,0,0,0,1,26,49829,6,1,0,0,3,3,68,200,1,0,0,0,0,2,2009,2,2009,0,0,0,0,0,1,2,55,1,1,2,10,0,0,1,60,8,1,2,98,0,0
55,550078,1,2,1,6,4,15,22,12,2,1,0,55,1,12,481,12481,31,1996,1FTEF14Y9TLA,1,F,T,E,F,1,4,Y,9,T,L,A,0,T,FORD,F15,PK,96,17,,2,1330,1170,COF,G,,0,0,000000000,00000000000,0,0,0,1,0,0,0,0,0,0,0,999,0,0,0,12,12,6,2,12,0,0,0,1,55,54893,6,1,0,0,3,0,68,275,0,0,0,0,0,0,0,0,0,0,0,0,0,0,1,2,55,1,1,2,1,0,0,1,10,3,1,2,51,1,0
55,550078,2,2,2,6,4,15,22,12,2,1,0,55,3,7,442,7442,20,2008,2D8HN44H98R7,2,D,8,H,N,4,4,H,9,8,R,7,0,P,DODG,CAR,SV,8,17,4321,,0,1212,,F,,0,0,000000000,00000000000,0,0,0,1,0,0,0,0,0,0,0,55,0,0,0,12,12,6,2,12,0,0,0,1,55,54837,6,1,0,0,3,3,68,160,1,0,0,1,0,9,2008,1,2010,0,0,0,0,0,1,2,55,1,1,2,1,0,0,1,62,99,1,1,50,0,0
55,550079,1,2,1,1,4,11,15,12,6,1,0,18,3,51,881,51881,66,2009,4V4NC9TG79N2,4,V,4,N,C,9,T,G,7,9,N,2,1,T,VOLV,VNL,DS,9,17,,8,0,0,VVN,D,,1,57,054283,57054283,3,6,1,1,0,0,0,0,0,0,0,55,0,0,0,12,12,4,3,12,0,0,0,1,27,55379,6,1,6,1,3,0,73,180,0,0,0,1,0,11,2007,11,2007,0,0,0,0,0,1,2,55,1,1,2,1,0,0,1,17,1,1,1,88,0,0
55,550079,2,2,1,1,4,11,15,12,6,1,0,55,1,18,2,18002,4,1998,1G4HP52K8WH5,1,G,4,H,P,5,2,K,8,W,H,5,0,P,BUIC,LCF,4D,98,17,3348,,0,1108,,G,,0,0,000000000,00000000000,0,0,0,1,0,0,0,0,0,0,0,15,0,0,0,9,9,6,2,12,0,0,0,1,55,53126,6,1,0,0,3,0,60,90,0,0,0,0,0,0,0,0,0,0,38,0,0,0,1,2,55,1,1,2,1,20,3,1,17,1,1,1,89,1,0
55,550080,1,2,1,9,4,7,45,12,6,1,0,55,1,19,3,19003,4,1997,1G6KD54Y0VU2,1,G,6,K,D,5,4,Y,0,V,U,2,0,P,CADI,DFW,4D,97,17,3911,,0,1138,,G,,0,0,000000000,00000000000,0,0,0,1,0,0,0,0,0,0,0,10,0,0,0,9,9,6,2,12,0,0,0,1,55,54426,6,1,0,0,3,0,66,170,0,0,0,0,0,0,0,0,0,0,38,0,0,0,1,2,55,1,1,2,1,20,3,1,17,1,1,1,89,1,0
55,550080,2,2,2,9,4,7,45,12,6,1,0,55,2,22,18,22018,4,1999,1G2NE52EXXC5,1,G,2,N,E,5,2,E,X,X,C,5,0,P,PONT,GAS,4D,99,17,3102,,0,1071,,G,,0,0,000000000,00000000000,0,0,0,1,0,0,0,0,0,0,0,65,0,0,0,12,12,6,2,12,0,0,0,1,55,54401,6,2,0,0,3,0,62,95,1,0,0,0,0,7,2008,7,2008,0,0,0,0,0,2,2,65,1,1,1,1,0,0,1,66,99,1,1,88,0,0
55,550081,1,1,1,9,4,17,5,1,0,1,0,55,1,73,706,73706,80,2003,JKBVNCA133B5,J,K,B,V,N,C,A,1,3,3,B,5,0,M,KAWK,VN8,RS,3,17,,,,,,,800,0,0,000000000,00000000000,0,0,0,1,0,0,0,0,0,0,0,999,0,0,0,0,0,2,3,1,0,0,0,1,55,54701,6,1,0,0,3,3,72,250,0,0,0,0,0,0,0,0,0,1,39,48,0,0,2,2,55,1,1,1,1,20,3,10,16,1,4,2,98,1,1
55,550082,1,2,1,9,4,18,16,12,6,1,0,55,1,2,405,2405,14,2002,1J4GL58K32W3,1,J,4,G,L,5,8,K,3,2,W,3,0,T,JEEP,LMD,4W,2,17,,1,0,1043,LIB,G,,0,0,000000000,00000000000,0,0,0,1,0,0,0,0,0,0,0,45,0,0,0,12,12,6,2,12,0,0,0,1,55,53010,6,1,0,0,3,3,68,145,1,0,0,0,0,1,2010,1,2010,0,0,0,0,0,1,2,55,2,1,2,1,0,0,14,62,99,1,1,65,0,0