STATE,ST_CASE,VEH_NO,VE_FORMS,NUMOCCS,DAY,MONTH,HOUR,MINUTE,HARM_EV,MAN_COLL,UNITTYPE,HIT_RUN,REG_STAT,OWNER,MAKE,MODEL,MAK_MOD,BODY_TYP,MOD_YEAR,VIN,VIN_1,VIN_2,VIN_3,VIN_4,VIN_5,VIN_6,VIN_7,VIN_8,VIN_9,VIN_10,VIN_11,VIN_12,TOW_VEH,VINTYPE,VINMAKE,VINA_MOD,VIN_BT,VINMODYR,VIN_LNGT,VIN_WGT,WGTCD_TR,WHLBS_LG,WHLBS_SH,SER_TR,FUELCODE,MCYCL_DS,J_KNIFE,MCARR_I1,MCARR_I2,MCARR_ID,GVWR,V_CONFIG,CARGO_BT,HAZ_INV,HAZ_PLAC,HAZ_ID,HAZ_CNO,HAZ_REL,BUS_USE,SPEC_USE,EMER_USE,TRAV_SP,UNDERIDE,ROLLOVER,ROLINLOC,IMPACT1,IMPACT2,DEFORMED,TOWED,M_HARM,VEH_SC1,VEH_SC2,FIRE_EXP,DR_PRES,L_STATE,DR_ZIP,L_STATUS,L_TYPE,CDL_STAT,L_ENDORS,L_COMPL,L_RESTRI,DR_HGT,DR_WGT,PREV_ACC,PREV_SUS,PREV_DWI,PREV_SPD,PREV_OTH,FIRST_MO,FIRST_YR,LAST_MO,LAST_YR,SPEEDREL,DR_SF1,DR_SF2,DR_SF3,DR_SF4,VTRAFWAY,VNUM_LAN,VSPD_LIM,VALIGN,VPROFILE,VPAVETYP,VSURCOND,VTRAFCON,VTCONT_F,P_CRASH1,P_CRASH2,P_CRASH3,PCRASH4,PCRASH5,ACC_TYPE,DEATHS,DR_DRINK
55,550180,2,2,1,29,5,20,13,12,1,1,0,55,1,49,32,49032,4,2005,2T1BR32E35C3,2,T,1,B,R,3,2,E,3,5,C,3,0,P,TOYT,UCS,4D,5,17,2530,,0,1024,,G,,0,0,000000000,00000000000,0,0,0,1,0,0,0,0,0,0,0,0,0,0,0,6,6,6,2,12,0,0,0,1,55,53558,6,1,0,0,3,0,67,119,0,0,0,0,0,0,0,0,0,0,54,81,0,0,3,3,55,1,1,2,1,0,0,5,53,1,9,1,21,1,0
55,550181,1,1,1,23,5,12,58,8,0,1,0,55,1,2,404,2404,14,2005,1J4GR48K15C6,1,J,4,G,R,4,8,K,1,5,C,6,0,T,JEEP,LCF,4W,5,17,,1,0,1095,GCK,G,,0,0,000000000,00000000000,0,0,0,1,0,0,0,0,0,0,0,999,0,0,0,1,1,2,1,8,0,0,0,1,55,53026,6,1,0,0,3,0,65,125,1,0,0,0,1,6,2007,9,2007,0,0,0,0,0,3,2,30,1,1,1,1,0,0,1,80,99,1,1,13,0,0
55,550182,1,2,1,1,6,5,47,72,0,1,9,55,3,84,881,84881,66,2006,2HSCEAHR76C3,2,H,S,C,E,A,H,R,7,6,C,3,1,T,INTL,92I,DS,6,17,,8,0,0,920,D,,1,57,242742,57242742,3,6,2,1,0,0,0,0,0,0,0,51,7,0,0,0,0,0,3,12,0,0,0,1,55,53538,6,1,6,1,3,3,71,160,1,0,0,0,4,12,2008,11,2009,0,38,39,0,0,1,2,55,1,1,2,1,20,3,3,98,10,1,1,0,0,0
55,550182,2,2,1,1,6,5,47,72,0,1,0,55,1,12,481,12481,31,2006,1FTRX14W76NA,1,F,T,R,X,1,4,W,7,6,N,A,0,T,FORD,F15,4C,6,17,,2,0,1450,COF,G,,0,0,000000000,00000000000,0,0,0,1,0,0,0,0,0,0,0,999,1,0,0,13,13,6,2,12,0,0,0,1,55,53585,6,1,0,0,3,0,65,135,0,0,0,0,0,0,0,0,0,0,0,0,0,0,1,2,55,1,1,2,1,0,0,1,17,99,1,1,98,1,0
55,550183,1,1,2,1,6,13,45,34,0,1,0,17,1,20,421,20421,15,2004,1GNEK13Z64J2,1,G,N,E,K,1,3,Z,6,4,J,2,0,P,CHEV,KTA,UT,4,17,5050,,0,1160,,F,,0,0,000000000,00000000000,0,0,0,1,0,0,0,0,0,0,0,65,0,0,0,82,3,4,3,38,0,0,0,1,17,60008,6,1,0,0,3,0,999,999,0,0,0,0,0,0,0,0,0,0,89,0,0,0,3,4,65,1,1,2,1,0,0,1,13,99,1,4,1,1,0
55,550184,1,1,1,3,6,12,38,1,0,1,0,55,1,53,705,53705,80,1996,JS1GR7DA5T21,J,S,1,G,R,7,D,A,5,T,2,1,0,M,SUZI,SX7,RS,96,17,,,,,,,749,0,0,000000000,00000000000,0,0,0,1,0,0,0,0,0,0,0,999,0,0,0,0,0,6,2,32,0,0,0,1,55,54654,6,1,0,0,2,0,73,150,0,0,0,0,0,0,0,0,0,0,92,0,0,0,1,2,55,3,1,2,1,0,0,14,13,99,1,4,1,1,0
55,550185,1,1,1,3,6,14,18,34,0,1,0,55,2,20,441,20441,20,1995,1GBEL19W4SB1,1,G,B,E,L,1,9,W,4,S,B,1,0,T,CHEV,AST,IE,95,17,,2,0,1110,AST,G,,0,0,000000000,00000000000,0,0,0,1,0,0,0,0,0,0,0,55,0,1,5,12,13,6,2,1,0,0,0,1,55,53050,6,1,0,0,3,0,73,225,0,0,0,0,0,0,0,0,0,1,58,0,0,0,2,2,45,3,1,2,1,0,0,14,13,6,1,4,1,1,0
55,550186,1,1,1,5,6,15,30,42,0,1,0,55,1,12,6,12006,2,1971,1G62H244531,1,G,6,2,H,2,4,4,5,3,1,,0,P,,,,,,,,,,,,,0,0,000000000,00000000000,0,0,0,1,0,0,0,0,0,0,0,53,0,0,0,12,12,6,2,42,0,0,0,1,55,53536,6,1,0,0,3,3,68,180,0,0,0,0,0,0,0,0,0,0,87,0,0,0,1,2,55,1,3,2,2,0,0,1,13,99,1,4,1,1,0
55,550187,1,1,3,6,6,23,19,42,0,1,0,92,0,12,18,12018,3,1994,1ZVLT22B2R51,1,Z,V,L,T,2,2,B,2,R,5,1,0,P,FORD,PGT,2H,94,17,2921,,0,1028,,G,,0,0,000000000,00000000000,0,0,0,1,0,0,0,0,0,0,0,999,0,0,0,9,9,6,2,42,0,0,0,1,55,53063,2,2,0,0,2,0,68,157,0,14,0,1,0,3,2008,12,2009,1,92,0,0,0,1,2,25,3,1,1,1,0,0,14,6,3,2,4,2,1,1
55,550188,1,1,1,14,4,10,18,8,0,1,0,55,1,37,31,37031,2,2003,1HGEM22963L0,1,H,G,E,M,2,2,9,6,3,L,0,0,P,HOND,UAX,CP,3,17,2553,,0,1031,,G,,0,0,000000000,00000000000,0,0,0,1,0,0,0,0,0,0,0,7,0,0,0,12,12,2,9,8,0,0,0,1,55,53132,6,1,0,0,3,0,62,145,0,0,0,0,0,0,0,0,0,0,38,0,0,0,1,2,25,1,1,1,1,20,3,10,80,1,1,2,13,0,0
55,550189,1,1,2,30,5,9,0,8,0,1,0,55,1,7,442,7442,20,2000,2B4GP2431YR7,2,B,4,G,P,2,4,3,1,Y,R,7,0,P,DODG,CAR,SV,0,17,3695,,0,1193,,G,,0,0,000000000,00000000000,0,0,0,1,0,0,0,0,0,0,0,999,0,0,0,12,12,4,1,8,0,0,0,1,55,53219,6,1,0,0,3,0,72,170,2,0,0,0,3,3,2008,12,2009,0,0,0,0,0,2,3,30,1,1,1,1,2,3,1,80,99,1,1,13,0,0
55,550190,1,1,1,11,6,2,25,14,0,1,0,55,1,54,38,54038,3,2002,JH4DC54812C0,J,H,4,D,C,5,4,8,1,2,C,0,0,P,ACUR,RSX,2H,2,17,2769,,0,1012,,G,,0,0,000000000,00000000000,0,0,0,1,0,0,0,0,0,0,0,999,0,0,0,12,12,6,2,14,0,0,0,1,55,53719,6,1,0,0,3,0,66,102,0,0,0,2,2,2,2008,10,2009,1,0,0,0,0,1,2,25,2,5,2,2,0,0,14,12,99,1,4,6,1,1
55,550191,1,1,1,11,6,15,1,1,0,1,0,55,1,75,709,75709,80,1975,850F127297,8,5,0,F,1,2,7,2,9,7,,,0,P,,,,,,,,,,,,,0,0,000000000,00000000000,0,0,0,1,0,0,0,0,0,0,0,25,0,0,0,0,0,2,3,1,0,0,0,1,55,53511,6,1,0,0,3,0,75,225,0,0,0,0,1,1,2010,1,2010,0,84,0,0,0,1,2,25,1,1,2,1,0,0,1,8,99,1,1,98,1,0
55,550192,1,3,2,12,6,2,27,12,1,1,0,55,1,22,8,22008,2,2005,6G2VX12U75L4,6,G,2,V,X,1,2,U,7,5,L,4,0,P,PONT,GTO,CP,5,17,3725,,0,1098,,G,,0,0,000000000,00000000000,0,0,0,1,0,0,0,0,0,0,0,125,0,0,0,12,8,6,2,2,0,0,1,1,55,53227,6,1,0,0,3,0,72,190,0,0,0,1,1,3,2009,5,2010,0,26,0,0,0,1,2,55,1,1,2,1,0,0,1,51,99,1,1,24,1,1
55,550192,2,3,1,12,6,2,27,12,1,1,1,55,3,89,881,89881,66,1994,4V1WDBJF7RN6,4,V,1,W,D,B,J,F,7,R,N,6,1,T,WHGM,WIA,DS,94,17,,8,0,0,ARO,D,,1,57,1251125,571251125,3,6,3,1,0,0,0,0,0,0,0,55,0,0,0,6,6,4,1,12,0,0,0,1,55,54757,6,1,6,0,3,3,74,250,0,0,0,0,0,0,0,0,0,0,0,0,0,0,1,2,55,1,1,2,1,0,0,1,53,1,1,1,25,0,0
55,550192,3,3,2,12,6,2,27,12,1,1,0,55,2,41,50,41050,4,2004,1YVFP80DX45N,1,Y,V,F,P,8,0,D,X,4,5,N,0,P,MAZD,M6S,4D,4,17,3241,,0,1053,,G,,0,0,000000000,00000000000,0,0,0,1,0,0,0,0,0,0,0,55,0,0,0,12,12,6,2,12,0,0,0,1,55,54729,6,1,0,0,3,0,74,160,0,0,0,0,1,7,2008,7,2008,0,0,0,0,0,1,2,55,1,1,2,1,0,0,1,62,99,1,1,98,0,0
55,550193,1,2,1,13,6,13,8,12,6,1,0,55,1,7,482,7482,31,2001,1B7KF23Z81J5,1,B,7,K,F,2,3,Z,8,1,J,5,0,T,DODG,Q25,4C,1,17,,2,1547,1387,RPC,G,,0,0,000000000,00000000000,0,0,0,1,0,0,0,0,0,0,0,55,0,0,0,12,12,6,2,12,0,0,0,1,55,53073,6,1,6,0,3,0,64,130,0,0,0,0,0,0,0,0,0,0,0,0,0,0,1,2,55,1,3,2,1,0,0,1,62,1,1,1,69,0,0
55,550193,2,2,4,13,6,13,8,12,6,1,0,55,1,12,443,12443,20,2005,2FMDA522X5BA,2,F,M,D,A,5,2,2,X,5,B,A,0,P,FORD,FRE,SV,5,17,4275,,0,1208,,G,,0,0,000000000,00000000000,0,0,0,1,0,0,0,0,0,0,0,20,0,0,0,2,2,6,2,12,0,0,0,1,55,53011,6,1,0,0,3,0,67,140,0,0,0,0,0,0,0,0,0,0,38,0,0,0,1,2,55,1,3,2,1,0,0,11,15,1,1,2,68,1,0
55,550194,1,3,2,9,6,22,45,12,6,1,0,92,0,55,33,55033,4,2006,5NPEU46F66H0,5,N,P,E,U,4,6,F,6,6,H,0,0,P,HYUN,SGX,4D,6,17,3458,,0,1074,,G,,0,0,000000000,00000000000,0,0,0,1,0,0,0,0,0,0,0,999,0,0,0,9,61,6,2,12,0,0,0,1,55,54901,6,2,0,0,3,0,73,172,0,0,0,0,0,0,0,0,0,0,38,0,0,0,1,2,35,1,1,1,1,20,3,11,15,1,1,2,82,0,0
55,550194,2,3,2,9,6,22,45,12,6,1,0,55,2,76,709,76709,80,2008,JYADG21E68A0,J,Y,A,D,G,2,1,E,6,8,A,0,0,M,YAMA,WRR,RT,8,17,,,,,,,249,0,0,000000000,00000000000,0,0,0,1,0,0,0,0,0,0,0,999,0,0,0,12,12,6,2,12,0,0,0,1,55,54901,6,2,0,0,2,2,74,160,0,0,0,1,0,8,2009,8,2009,1,74,0,0,0,1,2,35,1,1,1,1,0,0,1,67,3,2,1,83,1,1
55,550194,3,3,1,9,6,22,45,12,6,1,0,0,0,53,704,53704,83,2000,JS1DK4230Y21,J,S,1,D,K,4,2,3,0,Y,2,1,0,M,SUZI,DRZ,TL,0,17,,,,,,,398,0,0,000000000,00000000000,0,0,0,1,0,0,0,0,0,0,0,999,0,0,0,12,12,0,3,12,0,0,0,1,55,54904,6,2,0,0,1,0,75,176,3,2,0,2,1,7,2008,4,2010,1,18,0,0,0,1,2,35,1,1,1,1,0,0,1,51,3,2,1,98,0,1
55,550195,1,1,1,14,6,1,8,11,0,1,0,55,1,72,706,72706,80,2005,1HD1FVW1X5Y6,1,H,D,1,F,V,W,1,X,5,Y,6,0,M,HD,IUA,RS,5,17,,,,,,,1450,0,0,000000000,00000000000,0,0,0,1,0,0,0,0,0,0,0,999,0,0,0,12,12,6,2,11,0,0,0,1,55,53095,6,1,6,0,3,0,65,180,1,0,0,0,1,12,2007,3,2008,0,83,0,0,0,1,2,55,1,1,2,2,0,0,1,87,99,1,1,13,1,1
55,550197,1,1,1,15,6,7,29,1,0,1,0,55,1,12,461,12461,21,1999,1FDRE1424XHB,1,F,D,R,E,1,4,2,4,X,H,B,0,T,FORD,15V,IC,99,17,,2,0,1380,VAN,G,,0,0,000000000,00000000000,0,0,0,1,0,0,0,0,0,0,0,999,0,9,5,0,0,6,2,1,0,0,0,1,55,53518,6,1,0,0,3,3,63,128,1,0,0,1,2,10,2008,3,2010,0,0,0,0,0,1,2,55,3,2,2,2,0,0,14,13,99,1,4,1,1,0
55,550198,1,2,1,15,6,13,7,12,6,1,0,55,2,53,705,53705,80,2007,JS1GR7KA7721,J,S,1,G,R,7,K,A,7,7,2,1,0,M,SUZI,SX7,RS,7,17,,,,,,,749,0,0,000000000,00000000000,0,0,0,1,0,0,0,0,0,0,0,999,0,0,0,12,12,6,2,12,0,0,0,1,55,54956,6,1,0,0,2,0,66,170,0,0,0,1,1,7,2008,9,2008,1,28,0,0,0,1,3,30,1,1,1,1,2,3,1,17,3,2,1,69,1,0
55,550198,2,2,3,15,6,13,7,12,6,1,0,55,2,35,47,35047,4,2001,1N4DL01AX1C1,1,N,4,D,L,0,1,A,X,1,C,1,0,P,NISS,AGE,4D,1,17,2848,,0,1031,,G,,0,0,000000000,00000000000,0,0,0,1,0,0,0,0,0,0,0,999,0,0,0,83,83,6,2,12,0,0,0,1,55,54956,6,2,0,0,3,1,65,130,0,0,0,0,0,0,0,0,0,0,0,0,0,0,1,3,30,1,1,1,1,2,3,11,15,99,1,2,68,0,0
55,550200,1,1,1,8,6,23,21,34,0,1,0,55,1,23,481,23481,31,1999,1GTGK24U3XE5,1,G,T,G,K,2,4,U,3,X,E,5,0,T,GMC,NK2,PK,99,17,,2,0,1330,SIE,G,,0,0,000000000,00000000000,0,0,0,1,0,0,0,0,0,0,0,999,0,1,5,99,99,6,2,1,0,0,0,1,55,54648,6,1,0,0,3,0,72,185,0,0,0,0,2,6,2010,6,2010,0,87,0,0,0,1,2,55,3,1,2,2,0,0,14,12,3,3,4,7,1,1
55,550201,1,1,2,17,6,21,11,8,0,1,0,55,1,37,32,37032,4,2008,1HGCP26838A1,1,H,G,C,P,2,6,8,3,8,A,1,0,P,HOND,AXL,4D,8,17,3416,,0,1102,,G,,0,0,000000000,00000000000,0,0,0,1,0,0,0,0,0,0,0,55,0,0,0,12,12,4,3,8,0,0,0,1,55,53170,6,1,6,0,3,0,60,145,1,0,0,0,0,12,2008,12,2008,0,0,0,0,0,1,2,55,1,2,2,1,0,0,1,80,99,1,1,13,0,1
55,550202,1,1,1,9,6,15,5,1,0,1,0,55,2,76,709,76709,80,2007,LPRSA33A17A1,L,P,R,S,A,3,3,A,1,7,A,1,0,M,YAMA,XF5,MS,7,17,,,,,,,49,0,0,000000000,00000000000,0,0,0,1,0,0,0,0,0,0,0,35,0,0,0,0,0,4,8,1,0,0,0,1,55,53716,6,1,6,0,3,0,68,160,0,0,0,0,2,9,2009,11,2009,0,0,0,0,0,1,2,35,1,1,1,1,0,0,1,98,3,2,1,98,1,0
55,550203,1,2,1,10,6,8,27,12,7,1,0,55,1,12,471,12471,30,2000,1FTZR15X2YPC,1,F,T,Z,R,1,5,X,2,Y,P,C,0,T,FORD,RNS,PS,0,17,,1,0,1259,RNG,G,,0,0,000000000,00000000000,0,0,0,1,0,0,0,0,0,0,0,55,0,1,5,82,13,6,2,1,0,0,0,1,55,53039,6,1,0,0,3,3,61,145,1,0,0,2,2,8,2007,3,2009,0,0,0,0,0,1,2,55,1,1,2,1,0,0,6,11,99,1,4,44,1,1
55,550203,2,2,1,10,6,8,27,12,7,1,0,55,1,7,20,7020,4,1997,1B3ES47Y5VD2,1,B,3,E,S,4,7,Y,5,V,D,2,0,P,DODG,NHS,4P,97,17,2517,,0,1040,,G,,0,0,000000000,00000000000,0,0,0,1,0,0,0,0,0,0,0,55,0,0,0,62,62,4,3,12,0,0,0,1,55,53916,6,1,0,0,3,0,62,115,0,0,0,0,0,0,0,0,0,0,0,0,0,0,1,2,55,1,1,2,1,0,0,1,61,99,1,1,45,0,0
55,550204,1,1,1,6,6,99,99,1,0,1,0,55,2,72,706,72706,80,2007,1HD1BV51X7Y0,1,H,D,1,B,V,5,1,X,7,Y,0,0,M,HD,FXT,RS,7,17,,,,,,,1584,0,0,000000000,00000000000,0,0,0,1,0,0,0,0,0,0,0,999,0,0,0,0,0,4,3,1,0,0,0,1,55,54622,6,1,6,0,3,0,70,220,0,1,1,0,0,10,2008,10,2008,1,0,0,0,0,1,2,55,2,5,2,99,40,3,14,6,99,1,4,6,1,1
55,550205,1,1,2,19,6,18,30,1,0,1,0,55,1,72,706,72706,80,2004,1HD1FFW194Y6,1,H,D,1,F,F,W,1,9,4,Y,6,0,M,HD,TCI,RS,4,17,,,,,,,1450,0,0,000000000,00000000000,0,0,0,1,0,0,0,0,0,0,0,50,0,0,0,0,0,2,3,1,0,0,0,1,55,53036,6,1,0,0,2,3,70,170,0,0,0,0,0,0,0,0,0,0,84,92,0,0,1,2,55,1,1,2,1,0,0,1,66,3,2,2,98,1,0
55,550206,1,1,1,6,6,99,99,1,0,1,0,55,1,72,706,72706,80,2003,1HD1HAZ1X3K8,1,H,D,1,H,A,Z,1,X,3,K,8,0,M,HD,VRA,RS,3,17,,,,,,,1130,0,0,000000000,00000000000,0,0,0,1,0,0,0,0,0,0,0,999,0,0,0,99,99,6,2,14,0,0,0,1,55,54952,6,1,6,0,3,0,69,215,0,0,0,0,0,0,0,0,0,1,0,0,0,0,1,2,55,2,1,2,1,0,0,14,6,99,1,4,1,1,1
55,550207,1,2,1,22,6,16,46,12,1,1,0,55,1,76,705,76705,80,1983,JYA5V4002DA1,J,Y,A,5,V,4,0,0,2,D,A,1,0,M,YAMA,XS6,RS,83,17,,,,,,,650,0,0,000000000,00000000000,0,0,0,1,0,0,0,0,0,0,0,999,0,0,0,12,12,6,2,12,0,0,0,1,55,54449,0,0,0,0,0,0,72,220,0,4,0,0,1,6,2008,4,2010,1,26,27,37,92,1,2,45,1,3,2,1,0,0,6,6,99,1,1,24,1,1
55,550207,2,2,1,22,6,16,46,12,1,1,0,55,2,22,441,22441,20,1998,1GMDX03E0WD3,1,G,M,D,X,0,3,E,0,W,D,3,0,T,PONT,TSP,ES,98,17,,1,0,1200,TSP,G,,0,0,000000000,00000000000,0,0,0,1,0,0,0,0,0,0,0,999,0,0,0,6,6,6,2,12,0,0,0,1,55,54494,6,1,0,0,3,3,65,145,0,0,0,0,0,0,0,0,0,0,0,0,0,0,1,2,45,1,3,2,1,0,0,1,53,1,1,1,25,0,0
55,550208,1,2,1,26,6,0,26,12,6,1,0,55,1,20,9,20009,2,1990,1G1FP23T8LL1,1,G,1,F,P,2,3,T,8,L,L,1,0,P,CHEV,CAR,CP,90,17,3077,,0,1010,,G,,0,0,000000000,00000000000,0,0,0,1,0,0,0,0,0,0,0,65,0,0,0,12,12,6,2,12,0,0,0,1,55,54153,6,1,0,0,3,0,72,250,0,1,0,1,1,12,2007,3,2008,0,38,39,0,0,2,2,98,1,1,1,1,20,3,1,17,1,1,1,86,0,1
55,550208,2,2,2,26,6,0,26,12,6,1,0,55,1,22,441,22441,20,2000,1GMDX03E2YD1,1,G,M,D,X,0,3,E,2,Y,D,1,0,T,PONT,MON,ES,0,17,,1,0,1200,MON,G,,0,0,000000000,00000000000,0,0,0,1,0,0,0,0,0,0,0,50,0,1,1,3,13,6,2,12,0,0,0,1,55,53024,6,1,0,0,3,3,65,135,0,0,0,0,0,0,0,0,0,0,0,0,0,0,2,2,65,1,1,1,1,0,0,1,66,1,1,1,87,1,0
55,550209,1,2,2,19,6,12,15,12,6,1,0,55,1,20,482,20482,31,2004,3GNEK12T24G3,3,G,N,E,K,1,2,T,2,4,G,3,1,P,CHEV,AVL,UT,4,17,5678,,0,1300,,G,,1,0,000000000,00000000000,0,0,0,1,0,0,0,0,0,0,0,55,0,0,0,7,7,0,1,12,0,0,0,1,55,53812,6,1,6,0,3,0,69,200,0,0,0,0,0,0,0,0,0,0,35,51,0,0,1,2,55,1,1,2,1,0,0,1,50,6,1,2,64,0,0
55,550209,2,2,1,19,6,12,15,12,6,1,0,27,1,73,705,73705,80,2001,JKAKLEA101A0,J,K,A,K,L,E,A,1,0,1,A,0,0,M,KAWK,KL6,RT,1,17,,,,,,,650,0,0,000000000,00000000000,0,0,0,1,0,0,0,0,0,0,0,55,0,0,0,12,12,6,2,12,0,0,0,1,27,55304,6,1,0,0,3,3,73,185,0,0,0,0,0,0,0,0,0,0,0,0,0,0,1,2,55,1,1,2,1,0,0,1,62,1,1,1,65,1,0
55,550210,1,2,1,19,6,18,23,12,2,1,0,55,2,20,431,20431,16,2003,3GNFK16Z73G2,3,G,N,F,K,1,6,Z,7,3,G,2,0,P,CHEV,K15,UT,3,17,5123,,0,1300,,F,,0,0,000000000,00000000000,0,0,0,1,0,0,0,0,0,0,0,998,0,0,0,12,12,4,3,12,0,0,0,1,55,53029,6,2,0,0,3,1,71,145,0,0,0,0,0,0,0,0,0,0,0,0,0,0,1,2,45,3,2,2,1,40,3,14,62,99,1,1,51,0,0
55,550210,2,2,1,19,6,18,23,12,2,1,0,55,2,53,705,53705,80,2008,JS1VP53A9821,J,S,1,V,P,5,3,A,9,8,2,1,0,M,SUZI,SV6,RS,8,17,,,,,,,645,0,0,000000000,00000000000,0,0,0,1,0,0,0,0,0,0,0,998,0,0,0,12,12,6,2,12,0,0,0,1,55,53207,1,1,0,0,2,0,70,190,0,0,0,0,1,2,2010,2,2010,1,51,0,0,0,1,2,45,3,2,2,1,40,3,14,10,3,2,2,50,1,0
55,550211,1,1,1,19,6,20,46,11,0,1,0,55,1,72,706,72706,80,2007,1HD1FV4157Y6,1,H,D,1,F,V,4,1,5,7,Y,6,0,M,HD,FHT,RS,7,17,,,,,,,1584,0,0,000000000,00000000000,0,0,0,1,0,0,0,0,0,0,0,999,0,0,0,12,12,2,9,11,0,0,0,1,55,54463,6,1,6,0,3,0,68,230,0,0,0,0,0,0,0,0,0,0,0,0,0,0,1,2,55,1,1,2,1,0,0,1,87,99,1,1,13,1,0
55,550213,1,2,1,26,6,16,38,12,6,1,0,55,1,22,16,22016,4,1999,1G2JB5248X75,1,G,2,J,B,5,2,4,8,X,7,5,0,P,PONT,SFS,4D,99,17,2670,,0,1041,,G,,0,0,000000000,00000000000,0,0,0,1,0,0,0,0,0,0,0,999,0,0,0,61,61,6,2,12,0,0,0,1,55,53913,6,1,0,0,3,3,66,110,0,0,0,1,0,9,2008,9,2008,0,38,48,0,0,1,2,55,1,1,2,1,0,0,12,98,1,1,1,98,0,0
55,550213,2,2,2,26,6,16,38,12,6,1,0,55,1,72,706,72706,80,2000,1HD1FDV17YY6,1,H,D,1,F,D,V,1,7,Y,Y,6,0,M,HD,FHR,RS,0,17,,,,,,,1450,0,0,000000000,00000000000,0,0,0,1,0,0,0,0,0,0,0,999,0,0,0,12,12,6,2,12,0,0,0,1,55,53711,6,1,6,0,3,3,70,190,0,0,0,1,0,11,2009,11,2009,0,0,0,0,0,4,2,55,1,1,2,1,0,0,1,64,99,1,1,98,1,0
55,550214,1,1,1,20,6,9,45,9,0,1,0,55,2,20,16,20016,2,1997,1G1JC1240V72,1,G,1,J,C,1,2,4,0,V,7,2,0,P,CHEV,C/S,CP,97,17,2584,,0,1041,,G,,0,0,000000000,00000000000,0,0,0,1,0,0,0,0,0,0,0,53,0,0,0,12,12,4,3,9,0,0,0,1,55,53118,6,1,0,0,3,0,74,130,0,0,0,0,0,0,0,0,0,0,0,0,0,0,1,2,55,1,1,2,1,0,0,1,83,99,1,1,13,0,0
55,550215,1,2,1,21,6,13,27,12,2,1,0,55,2,22,441,22441,20,2000,1GMDX03E4YD1,1,G,M,D,X,0,3,E,4,Y,D,1,0,T,PONT,MON,ES,0,17,,1,0,1200,MON,G,,0,0,000000000,00000000000,0,0,0,1,0,0,0,0,0,0,0,57,0,0,0,12,12,6,2,12,0,0,0,1,55,53950,6,1,0,0,3,0,61,125,0,2,0,4,3,8,2007,6,2010,0,51,0,0,0,1,2,55,3,1,2,1,0,0,14,10,99,1,2,50,1,0
55,550215,2,2,1,21,6,13,27,12,2,1,0,55,1,2,404,2404,14,2001,1J4FF48S11L6,1,J,4,F,F,4,8,S,1,1,L,6,0,T,JEEP,SPT,4W,1,17,,1,0,1014,CHK,G,,0,0,000000000,00000000000,0,0,0,1,0,0,0,0,0,0,0,50,0,0,0,12,12,6,2,12,0,0,0,1,55,54646,6,1,0,0,3,3,65,240,0,0,0,0,0,0,0,0,0,0,0,0,0,0,1,2,55,2,1,2,1,0,0,14,62,99,1,1,51,1,0
55,550216,1,2,3,27,6,14,12,12,2,1,0,55,1,20,9,20009,2,2010,2G1FK1EJ5A91,2,G,1,F,K,1,E,J,5,A,9,1,0,P,CHEV,SSM,CP,10,17,3913,,0,1123,,G,,0,0,000000000,00000000000,0,0,0,1,0,0,0,0,0,0,0,55,0,0,0,12,12,6,2,12,0,0,0,1,55,54728,6,1,0,0,3,3,74,200,0,0,0,1,0,11,2008,11,2008,0,0,0,0,0,1,2,55,2,1,2,1,0,0,14,54,99,1,4,51,2,0
55,550216,2,2,3,27,6,14,12,12,2,1,0,17,2,58,401,58401,14,2001,JNRDR07Y81W1,J,N,R,D,R,0,7,Y,8,1,W,1,0,P,INFI,QX4,UT,1,17,4218,,0,1063,,G,,0,0,000000000,00000000000,0,0,0,1,0,0,0,0,0,0,0,55,0,0,0,12,12,6,2,12,0,0,0,1,97,0,9,9,99,9,9,9,999,999,99,99,99,99,99,99,9999,99,9999,0,28,51,53,0,1,2,55,3,1,2,1,0,0,14,10,99,1,4,50,1,0
55,550217,1,1,1,17,6,12,6,34,0,1,0,55,1,21,401,21401,14,2002,1GHDT13S0221,1,G,H,D,T,1,3,S,0,2,2,1,0,P,OLDS,BRA,UT,2,17,4628,,0,1130,,G,,0,0,000000000,00000000000,0,0,0,1,0,0,0,0,0,0,0,55,0,0,0,12,12,6,2,42,0,0,0,1,55,53098,6,1,0,0,3,3,70,185,0,0,0,0,1,10,2009,10,2009,0,0,0,0,0,1,2,55,1,2,2,1,0,0,1,10,1,1,4,6,1,0
55,550218,1,2,3,22,6,13,18,12,6,1,0,55,2,37,31,37031,2,1997,1HGEJ8240VL0,1,H,G,E,J,8,2,4,0,V,L,0,0,P,HOND,UAX,CP,97,17,2511,,0,1032,,G,,0,0,000000000,00000000000,0,0,0,1,0,0,0,0,0,0,0,70,0,1,2,63,63,6,2,12,0,0,0,1,55,53558,6,2,0,0,3,2,63,150,3,1,1,0,2,2,2010,3,2010,0,58,73,0,0,2,2,65,1,1,2,1,0,0,1,11,3,3,6,64,3,0
55,550218,2,2,1,22,6,13,18,12,6,1,0,40,4,12,461,12461,21,2006,1FDWE35L06DA,1,F,D,W,E,3,5,L,0,6,D,A,0,T,FORD,3DC,YY,6,17,,3,1760,1380,CTV,G,,0,57,1092543,571092543,2,1,28,1,0,0,0,0,0,0,0,65,0,0,0,12,12,4,3,12,0,0,0,1,55,53913,6,1,6,0,3,3,74,195,0,0,0,0,0,0,0,0,0,0,0,0,0,0,2,2,65,1,1,2,1,0,0,1,64,99,1,1,65,0,0