STATE,ST_CASE,VEH_NO,VE_FORMS,NUMOCCS,DAY,MONTH,HOUR,MINUTE,HARM_EV,MAN_COLL,UNITTYPE,HIT_RUN,REG_STAT,OWNER,MAKE,MODEL,MAK_MOD,BODY_TYP,MOD_YEAR,VIN,VIN_1,VIN_2,VIN_3,VIN_4,VIN_5,VIN_6,VIN_7,VIN_8,VIN_9,VIN_10,VIN_11,VIN_12,TOW_VEH,VINTYPE,VINMAKE,VINA_MOD,VIN_BT,VINMODYR,VIN_LNGT,VIN_WGT,WGTCD_TR,WHLBS_LG,WHLBS_SH,SER_TR,FUELCODE,MCYCL_DS,J_KNIFE,MCARR_I1,MCARR_I2,MCARR_ID,GVWR,V_CONFIG,CARGO_BT,HAZ_INV,HAZ_PLAC,HAZ_ID,HAZ_CNO,HAZ_REL,BUS_USE,SPEC_USE,EMER_USE,TRAV_SP,UNDERIDE,ROLLOVER,ROLINLOC,IMPACT1,IMPACT2,DEFORMED,TOWED,M_HARM,VEH_SC1,VEH_SC2,FIRE_EXP,DR_PRES,L_STATE,DR_ZIP,L_STATUS,L_TYPE,CDL_STAT,L_ENDORS,L_COMPL,L_RESTRI,DR_HGT,DR_WGT,PREV_ACC,PREV_SUS,PREV_DWI,PREV_SPD,PREV_OTH,FIRST_MO,FIRST_YR,LAST_MO,LAST_YR,SPEEDREL,DR_SF1,DR_SF2,DR_SF3,DR_SF4,VTRAFWAY,VNUM_LAN,VSPD_LIM,VALIGN,VPROFILE,VPAVETYP,VSURCOND,VTRAFCON,VTCONT_F,P_CRASH1,P_CRASH2,P_CRASH3,PCRASH4,PCRASH5,ACC_TYPE,DEATHS,DR_DRINK
55,550288,1,1,1,10,8,17,35,33,0,1,0,55,1,72,706,72706,80,2005,1HD1FHW195Y6,1,H,D,1,F,H,W,1,9,5,Y,6,0,M,HD,HPI,RS,5,17,,,,,,,1450,0,0,000000000,00000000000,0,0,0,1,0,0,0,0,0,0,0,20,0,0,0,12,12,6,2,1,0,0,0,1,55,53223,6,1,0,0,3,3,69,275,0,0,0,1,2,3,2008,6,2010,0,0,0,0,0,2,2,25,1,1,2,98,0,0,1,12,99,1,4,6,1,0
55,550289,1,1,1,10,8,8,20,11,0,1,0,55,1,73,706,73706,80,2002,JKBVNAL112A0,J,K,B,V,N,A,L,1,1,2,A,0,0,M,KAWK,V5L,RS,2,17,,,,,,,1500,0,0,000000000,00000000000,0,0,0,1,0,0,0,0,0,0,0,55,0,0,0,12,12,6,2,1,0,0,0,1,55,54768,6,1,0,0,3,0,69,175,0,0,0,0,0,0,0,0,0,0,83,0,0,0,1,2,55,1,1,2,1,0,0,1,87,99,1,1,13,1,0
55,550290,1,1,1,8,8,19,45,34,0,1,0,55,2,22,18,22018,4,2004,1G2NE52F94M5,1,G,2,N,E,5,2,F,9,4,M,5,0,P,PONT,GAS,4D,4,17,3066,,0,1070,,G,,0,0,000000000,00000000000,0,0,0,1,0,0,0,0,0,0,0,100,0,1,5,12,13,6,2,1,0,0,0,1,55,54473,6,1,0,0,3,0,67,140,0,0,0,0,0,0,0,0,0,1,79,0,0,0,1,2,35,1,3,2,1,0,0,1,6,1,1,4,1,1,1
55,550291,1,1,1,11,8,5,34,8,0,1,0,55,2,12,13,12013,3,1995,1FASP11J6SW2,1,F,A,S,P,1,1,J,6,S,W,2,0,P,FORD,EST,2H,95,17,2355,,0,984,,G,,0,0,000000000,00000000000,0,0,0,1,0,0,0,0,0,0,0,55,0,0,0,14,14,0,1,8,0,0,0,1,55,54843,6,1,0,0,3,0,68,230,0,0,0,0,1,6,2008,6,2008,0,87,0,0,0,1,2,55,1,2,2,2,0,0,1,80,1,1,1,13,0,0
55,550292,1,2,2,2,7,12,29,12,6,1,0,55,1,20,481,20481,31,2003,1GCEK14T43Z2,1,G,C,E,K,1,4,T,4,3,Z,2,0,T,CHEV,SK1,PK,3,17,,2,1330,1190,SIL,G,,0,0,000000000,00000000000,0,0,0,1,0,0,0,0,0,0,0,15,0,0,0,1,1,6,2,12,0,0,0,1,55,54229,6,1,0,0,3,0,71,175,0,0,0,0,0,0,0,0,0,0,38,0,0,0,1,2,55,1,1,2,1,0,0,11,15,99,1,2,68,0,1
55,550292,2,2,1,2,7,12,29,12,6,1,0,55,1,20,431,20431,16,1999,3GNFK16RXXG1,3,G,N,F,K,1,6,R,X,X,G,1,0,P,CHEV,K15,UT,99,17,5297,,0,1315,,G,,0,0,000000000,00000000000,0,0,0,1,0,0,0,0,0,0,0,55,0,0,0,12,12,6,2,12,0,0,0,1,55,54230,6,1,0,0,3,3,74,300,0,0,0,0,0,0,0,0,0,0,0,0,0,0,1,2,55,1,1,2,1,0,0,1,62,1,1,1,69,1,0
55,550293,1,3,1,14,7,16,39,12,1,1,0,55,1,55,401,55401,14,2005,KM8SC13EX5U0,K,M,8,S,C,1,3,E,X,5,U,0,0,P,HYUN,SAN,UT,5,17,3549,,0,1031,,G,,0,0,000000000,00000000000,0,0,0,1,0,0,0,0,0,0,0,23,0,0,0,12,12,2,3,12,0,0,0,1,55,53154,6,1,0,0,3,0,67,150,0,0,0,0,0,0,0,0,0,0,26,0,0,0,2,2,45,1,1,1,1,0,0,1,52,1,1,1,24,0,0
55,550293,2,3,1,14,7,16,39,12,1,1,0,55,1,72,706,72706,80,2007,1HD1BV5137Y0,1,H,D,1,B,V,5,1,3,7,Y,0,0,M,HD,FXT,RS,7,17,,,,,,,1584,0,0,000000000,00000000000,0,0,0,1,0,0,0,0,0,0,0,5,0,0,0,6,6,2,3,12,0,0,0,1,55,53154,6,1,0,0,3,3,65,148,1,0,0,1,0,2,2008,6,2009,0,0,0,0,0,2,2,45,1,1,1,1,0,0,2,18,1,1,1,25,1,0
55,550293,3,3,1,14,7,16,39,12,1,1,0,55,1,20,441,20441,20,2002,1GNEL19X92B1,1,G,N,E,L,1,9,X,9,2,B,1,0,T,CHEV,AST,ES,2,17,,2,0,1112,AST,G,,0,0,000000000,00000000000,0,0,0,1,0,0,0,0,0,0,0,5,0,0,0,6,6,2,3,12,0,0,0,1,55,53185,6,1,0,0,3,3,63,170,0,0,0,1,0,12,2009,12,2009,0,0,0,0,0,2,2,45,1,1,1,1,0,0,2,18,1,1,1,98,0,0
55,550294,1,2,2,25,7,14,38,12,6,1,0,55,1,12,398,12398,2,1931,4026751,4,0,2,6,7,5,1,,,,,,0,P,,,,,,,,,,,,,0,0,000000000,00000000000,0,0,0,1,0,0,0,0,0,0,0,999,0,0,0,10,10,6,2,12,0,0,0,1,55,53942,6,1,0,0,3,3,71,187,1,0,0,0,0,12,2008,12,2008,0,38,0,0,0,2,2,55,1,6,1,1,20,3,1,17,1,1,1,89,2,0
55,550294,2,2,1,25,7,14,38,12,6,1,0,55,1,20,482,20482,31,2008,3GNFK12318G2,3,G,N,F,K,1,2,3,1,8,G,2,0,P,CHEV,AVL,UT,8,17,5803,,0,1300,,F,,0,0,000000000,00000000000,0,0,0,1,0,0,0,0,0,0,0,999,0,0,0,12,12,6,2,12,0,0,0,1,55,54115,6,1,0,0,3,3,65,185,0,0,0,0,0,0,0,0,0,0,0,0,0,0,2,2,55,1,8,1,1,20,3,1,66,99,1,1,88,0,0
55,550295,1,3,2,7,8,16,12,12,6,1,0,55,1,35,39,35039,4,1998,JN1CA21D0WM9,J,N,1,C,A,2,1,D,0,W,M,9,0,P,NISS,MGS,4D,98,17,3026,,0,1063,,G,,0,0,000000000,00000000000,0,0,0,1,0,0,0,0,0,0,0,999,0,0,0,12,12,6,2,12,0,0,0,1,55,53092,6,1,0,0,3,3,63,145,0,0,0,0,0,0,0,0,0,0,0,0,0,0,2,2,45,1,1,1,1,1,3,1,62,99,1,1,69,1,0
55,550295,2,3,1,7,8,16,12,12,6,1,0,55,1,20,431,20431,16,1999,1GNFK16R1XJ4,1,G,N,F,K,1,6,R,1,X,J,4,0,P,CHEV,K15,UT,99,17,5297,,0,1315,,G,,0,0,000000000,00000000000,0,0,0,1,0,0,0,0,0,0,0,999,0,0,0,3,3,6,2,12,0,0,0,1,55,53523,6,1,0,0,3,0,74,190,0,0,0,0,0,0,0,0,0,0,38,0,0,0,2,2,45,1,1,1,1,1,3,11,15,1,1,2,68,0,0
55,550295,3,3,1,7,8,16,12,12,6,1,0,55,1,55,401,55401,14,2009,5NMSH73E69H2,5,N,M,S,H,7,3,E,6,9,H,2,0,P,HYUN,SAN,UT,9,17,4022,,0,1063,,G,,0,0,000000000,00000000000,0,0,0,1,0,0,0,0,0,0,0,0,0,0,0,12,12,4,1,12,0,0,0,1,55,53186,6,1,0,0,3,3,69,170,0,0,0,0,0,0,0,0,0,0,0,0,0,0,1,2,45,1,1,1,1,2,3,5,66,1,1,1,98,0,0
55,550296,1,2,1,8,8,8,0,12,6,1,0,55,1,20,20,20020,4,1994,2G1WN54T7R91,2,G,1,W,N,5,4,T,7,R,9,1,0,P,CHEV,EUR,4D,94,17,3269,,0,1075,,G,,0,0,000000000,00000000000,0,0,0,1,0,0,0,0,0,0,0,999,0,0,0,11,11,6,2,12,0,0,0,1,55,54915,6,1,0,0,3,0,64,165,0,0,0,0,1,7,2010,7,2010,0,0,0,0,0,2,2,55,3,1,2,2,0,0,14,64,99,1,1,65,1,0
55,550296,2,2,1,8,8,8,0,12,6,1,0,55,2,22,20,22020,2,1993,1G2WP14X1PF2,1,G,2,W,P,1,4,X,1,P,F,2,0,P,PONT,GPG,CP,93,17,3271,,0,1075,,G,,0,0,000000000,00000000000,0,0,0,1,0,0,0,0,0,0,0,70,0,0,0,2,2,6,2,12,0,0,0,1,55,54130,6,2,0,0,2,0,71,149,0,0,0,0,0,0,0,0,0,1,0,0,0,0,2,2,55,3,1,2,2,0,0,15,51,3,3,6,64,0,0
55,550297,1,2,1,10,8,13,14,12,6,1,0,55,3,12,881,12881,61,1992,2FDKF38G0NCA,2,F,D,K,F,3,8,G,0,N,C,A,0,T,FORD,F35,CB,92,17,,3,1610,1330,COF,G,,0,77,777777777,77777777777,2,1,97,1,0,0,0,0,0,0,0,53,0,0,0,1,1,6,2,12,0,0,0,1,55,54952,6,1,6,0,3,0,71,240,0,0,0,0,0,0,0,0,0,0,0,0,0,0,1,2,55,1,1,2,1,0,0,1,62,6,1,1,64,0,0
55,550297,2,2,2,10,8,13,14,12,6,1,0,55,1,21,441,21441,20,2002,1GHDX03E12D2,1,G,H,D,X,0,3,E,1,2,D,2,0,T,OLDS,SIL,ES,2,17,,1,0,1200,SIL,G,,0,0,000000000,00000000000,0,0,0,1,0,0,0,0,0,0,0,999,0,0,0,12,12,6,2,12,0,0,0,1,55,53821,6,1,0,0,3,3,62,155,0,0,0,0,0,0,0,0,0,0,0,0,0,0,1,2,55,1,1,2,1,0,0,1,10,99,1,2,65,1,0
55,550298,1,2,1,2,8,12,28,12,2,1,0,55,2,7,482,7482,31,2008,1D7HU18248J1,1,D,7,H,U,1,8,2,4,8,J,1,0,T,DODG,SQ1,CW,8,17,,2,1605,1405,RPC,G,,0,0,000000000,00000000000,0,0,0,1,0,0,0,0,0,0,0,999,0,0,0,12,12,2,1,12,0,0,0,1,55,53204,0,0,0,0,0,0,999,999,0,0,0,0,0,0,0,0,0,0,38,92,0,0,1,2,30,1,1,2,1,20,3,11,15,99,1,2,68,0,0
55,550298,2,2,2,2,8,12,28,12,2,1,0,55,1,37,702,37702,80,1975,CB125SE12258,C,B,1,2,5,S,E,1,2,2,5,8,0,P,,,,,,,,,,,,,0,0,000000000,00000000000,0,0,0,1,0,0,0,0,0,0,0,999,0,0,0,12,12,6,2,12,0,0,0,1,55,53212,0,0,0,0,0,0,65,228,0,0,0,0,0,0,0,0,0,0,92,0,0,0,1,2,30,1,1,2,1,20,3,1,67,99,1,1,69,1,0
55,550299,1,1,1,15,8,10,41,8,0,1,0,55,1,37,441,37441,20,1996,JHMRA1860TC0,J,H,M,R,A,1,8,6,0,T,C,0,0,P,HOND,ODY,SV,96,17,3371,,0,1114,,G,,0,0,000000000,00000000000,0,0,0,1,0,0,0,0,0,0,0,999,0,0,0,12,12,4,1,8,0,0,0,1,55,54021,6,1,0,0,3,3,69,173,0,0,0,1,1,5,2008,7,2010,0,0,0,0,0,1,2,25,1,1,2,1,0,0,1,80,99,1,1,13,0,0
55,550300,1,1,1,16,8,12,13,30,0,1,0,55,1,22,2,22002,4,1996,1G2HX52K5T42,1,G,2,H,X,5,2,K,5,T,4,2,0,P,PONT,BVS,4D,96,17,3351,,0,1108,,G,,0,0,000000000,00000000000,0,0,0,1,0,0,0,0,0,0,0,35,0,0,0,12,12,6,2,30,0,0,0,1,55,54476,6,1,0,0,3,0,67,145,0,0,0,0,0,0,0,0,0,0,0,0,0,0,1,4,35,1,1,2,1,0,0,1,8,1,1,4,1,1,0
55,550301,1,2,1,17,8,23,12,12,6,1,0,55,2,9,442,9442,20,1997,2P4GP44R6VR2,2,P,4,G,P,4,4,R,6,V,R,2,0,P,PLYM,VOF,SV,97,17,3687,,0,1193,,G,,0,0,000000000,00000000000,0,0,0,1,0,0,0,0,0,0,0,998,0,0,0,12,12,6,2,12,0,0,0,1,55,54922,6,1,0,0,3,0,65,146,1,0,0,0,0,9,2009,9,2009,1,0,0,0,0,2,2,45,1,1,1,1,0,0,1,98,99,1,1,98,0,1
55,550301,2,2,1,17,8,23,12,12,6,1,0,55,2,53,706,53706,80,2004,JS1GT75AX421,J,S,1,G,T,7,5,A,X,4,2,1,0,M,SUZI,XR1,RS,4,17,,,,,,,988,0,0,000000000,00000000000,0,0,0,1,0,0,0,0,0,0,0,998,0,0,0,61,61,6,2,12,0,0,0,1,55,54952,6,1,0,0,3,0,71,160,0,0,0,1,0,8,2009,8,2009,0,38,47,0,0,2,2,45,1,1,1,1,0,0,11,98,99,1,2,98,1,1
55,550302,1,2,1,18,8,17,37,12,6,1,0,55,1,98,701,98701,80,2009,L8YTDNPA49Y0,L,8,Y,T,D,N,P,A,4,9,Y,0,0,U,,,,9,17,,,,,,,,0,0,000000000,00000000000,0,0,0,1,0,0,0,0,0,0,0,25,0,0,0,82,82,4,3,12,0,0,0,1,55,53511,6,1,0,0,3,0,68,220,0,0,0,0,0,0,0,0,0,0,38,0,0,0,1,2,25,1,1,2,1,0,0,1,17,99,1,1,87,1,1
55,550302,2,2,1,18,8,17,37,12,6,1,0,55,1,20,481,20481,31,2001,2GCEC19V5113,2,G,C,E,C,1,9,V,5,1,1,3,0,T,CHEV,SC1,4C,1,17,,2,1575,1435,SIL,G,,0,0,000000000,00000000000,0,0,0,1,0,0,0,0,0,0,0,998,0,0,0,12,12,2,1,12,0,0,0,1,55,53511,6,1,0,0,3,0,71,210,0,0,0,0,0,0,0,0,0,0,0,0,0,0,1,2,25,1,1,2,1,0,0,1,66,99,1,1,86,0,0
55,550303,1,1,1,19,8,2,37,8,0,1,0,55,1,22,441,22441,20,2000,1GMDX03E1YD1,1,G,M,D,X,0,3,E,1,Y,D,1,0,T,PONT,MON,ES,0,17,,1,0,1200,MON,G,,0,0,000000000,00000000000,0,0,0,1,0,0,0,0,0,0,0,35,0,0,0,12,12,2,3,8,0,0,0,1,55,53103,6,1,0,0,3,0,70,245,0,0,0,1,2,12,2008,6,2010,0,0,0,0,0,1,2,35,1,1,2,1,0,0,1,80,1,1,1,13,0,0
55,550304,1,1,2,19,8,19,5,49,0,1,0,55,1,22,20,22020,4,2008,2G2WP5525811,2,G,2,W,P,5,5,2,5,8,1,1,0,P,PONT,GRA,4D,8,17,3477,,0,1105,,G,,0,0,000000000,00000000000,0,0,0,1,0,0,0,0,0,0,0,55,0,0,0,12,12,6,2,49,0,0,0,1,55,54773,6,1,0,0,3,0,59,140,0,0,0,0,0,0,0,0,0,0,0,0,0,0,1,2,55,1,1,2,1,40,3,1,83,99,1,1,13,0,0
55,550305,1,2,1,17,8,21,32,12,2,1,0,0,0,73,703,73703,83,1984,JKAKXMC18EA0,J,K,A,K,X,M,C,1,8,E,A,0,0,M,KAWK,KX2,MX,84,17,,,,,,,250,0,0,000000000,00000000000,0,0,0,1,0,0,0,0,0,0,0,999,0,0,0,12,12,2,3,12,0,0,0,1,55,53545,6,1,0,0,1,0,71,200,0,0,0,0,1,3,2010,3,2010,9,39,0,0,0,1,2,25,1,1,1,1,20,3,1,9,99,9,2,50,1,1
55,550305,2,2,2,17,8,21,32,12,2,1,0,55,2,14,17,14017,4,2002,1MEFM55S52G6,1,M,E,F,M,5,5,S,5,2,G,6,0,P,MERC,SLP,4D,2,17,3387,,0,1085,,G,,0,0,000000000,00000000000,0,0,0,1,0,0,0,0,0,0,0,0,0,0,0,12,12,4,3,12,0,0,0,1,55,53545,6,1,0,0,3,3,66,120,0,0,0,0,0,0,0,0,0,0,0,0,0,0,1,2,25,1,1,1,1,20,3,5,62,1,1,1,51,0,0
55,550306,1,2,1,20,8,16,46,1,0,1,0,17,1,76,706,76706,80,2008,JYAVP11E58A1,J,Y,A,V,P,1,1,E,5,8,A,1,0,M,YAMA,XVS,RS,8,17,,,,,,,1063,0,0,000000000,00000000000,0,0,0,1,0,0,0,0,0,0,0,95,0,0,0,0,12,6,2,12,0,0,0,1,17,61008,6,1,0,0,3,0,68,145,0,0,0,1,0,9,2009,9,2009,1,0,0,0,0,1,2,55,1,6,2,2,0,0,1,66,3,2,1,98,1,1
55,550306,2,2,1,20,8,16,46,1,0,1,0,17,1,12,17,12017,4,2004,1FAFP53U44G1,1,F,A,F,P,5,3,U,4,4,G,1,0,P,FORD,TSE,4D,4,17,3306,,0,1085,,G,,0,0,000000000,00000000000,0,0,0,1,0,0,0,0,0,0,0,17,0,0,0,9,9,6,2,12,0,0,0,1,17,60033,6,1,0,0,3,0,75,185,0,0,0,0,0,0,0,0,0,0,38,0,0,0,1,2,55,1,6,2,2,20,3,4,17,1,1,1,98,0,0
55,550307,1,2,2,22,8,17,17,12,6,1,0,55,1,49,472,49472,30,2009,5TELU42N79Z5,5,T,E,L,U,4,2,N,7,9,Z,5,0,T,TOYT,DCL,CW,9,17,,1,0,1278,TAC,G,,0,0,000000000,00000000000,0,0,0,1,0,0,0,0,0,0,0,55,0,0,0,12,12,6,2,12,0,0,0,1,55,54235,6,1,0,0,3,0,72,220,0,0,0,0,0,0,0,0,0,0,39,0,0,0,1,2,55,1,1,2,1,20,3,1,66,99,1,1,88,0,0
55,550307,2,2,1,22,8,17,17,12,6,1,0,55,1,6,52,6052,6,2003,3C8FY68B53T5,3,C,8,F,Y,6,8,B,5,3,T,5,0,P,CHRY,PTC,SV,3,17,3121,,0,1030,,G,,0,0,000000000,00000000000,0,0,0,1,0,0,0,0,0,0,0,55,0,9,5,9,99,6,2,1,0,0,0,1,55,54204,6,1,0,0,3,0,69,185,0,0,0,0,0,0,0,0,0,0,0,0,0,0,1,2,55,1,1,2,1,0,0,1,17,99,1,1,89,1,0
55,550308,1,2,1,23,8,8,41,12,6,1,0,55,2,7,442,7442,20,2003,2D4GP44L13R1,2,D,4,G,P,4,4,L,1,3,R,1,0,P,DODG,CAR,SV,3,17,3975,,0,1193,,G,,0,0,000000000,00000000000,0,0,0,1,0,0,0,0,0,0,0,15,0,0,0,12,12,6,2,12,0,0,0,1,55,53532,6,1,8,0,3,0,72,174,0,0,0,0,0,0,0,0,0,0,38,0,0,0,1,2,45,1,1,2,1,20,3,4,66,99,1,1,86,1,0
55,550308,2,2,1,23,8,8,41,12,6,1,0,55,1,3,431,3431,16,2008,5GRGN23838H1,5,G,R,G,N,2,3,8,3,8,H,1,0,T,HUMM,HH2,4W,8,17,,2,0,1228,HUM,G,,0,0,000000000,00000000000,0,0,0,1,0,0,0,0,0,0,0,55,0,9,1,81,81,6,2,12,0,0,0,1,55,53590,6,1,0,0,3,3,76,220,0,0,0,1,1,8,2008,4,2010,0,0,0,0,0,1,2,55,1,1,2,1,0,0,1,17,99,1,1,87,0,0
55,550309,1,2,2,24,8,14,11,12,6,1,0,55,2,53,705,53705,80,1995,JS1GR78A3S21,J,S,1,G,R,7,8,A,3,S,2,1,0,M,SUZI,GX7,RS,95,17,,,,,,,748,0,0,000000000,00000000000,0,0,0,1,0,0,0,0,0,0,0,999,0,0,0,12,12,6,2,12,0,0,0,1,55,53207,6,1,0,0,2,0,66,130,0,2,1,1,3,10,2007,1,2010,1,92,0,0,0,1,2,30,1,1,1,1,0,0,6,66,3,2,1,86,1,0
55,550309,2,2,1,24,8,14,11,12,6,1,0,55,2,12,471,12471,30,1997,1FTCR14X1VPA,1,F,T,C,R,1,4,X,1,V,P,A,0,T,FORD,RNS,PS,97,17,,1,0,1250,RNG,G,,0,0,000000000,00000000000,0,0,0,1,0,0,0,0,0,0,0,999,0,0,0,81,81,2,3,12,0,0,0,1,55,53215,1,1,0,0,2,0,71,220,0,0,0,0,1,11,2009,11,2009,0,92,0,0,0,1,2,30,1,1,1,1,20,3,4,17,1,1,1,87,0,0
55,550310,1,2,1,6,8,16,55,12,2,1,0,55,2,37,709,37709,80,1978,GL14055329,G,L,1,4,0,5,5,3,2,9,,,0,P,,,,,,,,,,,,,0,0,000000000,00000000000,0,0,0,1,0,0,0,0,0,0,0,65,0,0,0,12,12,6,2,12,0,0,0,1,55,54005,6,1,0,0,2,0,68,158,0,0,0,0,1,3,2009,3,2009,1,28,33,84,92,1,2,55,1,3,1,1,0,0,6,6,99,1,2,50,1,0
55,550310,2,2,1,6,8,16,55,12,2,1,0,55,1,20,481,20481,31,1998,1GCEK19R7WR1,1,G,C,E,K,1,9,R,7,W,R,1,0,T,CHEV,GK1,PC,98,17,,2,1555,1415,GM4,G,,0,0,000000000,00000000000,0,0,0,1,0,0,0,0,0,0,0,55,0,0,0,12,12,6,2,12,0,0,0,1,55,54005,6,1,0,0,3,0,69,230,0,0,0,1,0,5,2008,5,2008,0,0,0,0,0,1,2,55,1,3,1,1,0,0,1,54,99,1,1,51,0,0
55,550311,1,1,1,16,8,4,28,8,0,1,0,55,1,22,2,22002,4,1998,1G2HX52K9W42,1,G,2,H,X,5,2,K,9,W,4,2,0,P,PONT,BVS,4D,98,17,3487,,0,1108,,G,,0,0,000000000,00000000000,0,0,0,1,0,0,0,0,0,0,0,55,0,0,0,12,12,4,3,8,0,0,0,1,55,54241,6,1,6,0,3,0,70,260,0,0,0,0,0,0,0,0,0,0,0,0,0,0,1,2,55,1,1,2,1,0,0,1,80,99,1,1,13,0,0
55,550312,1,2,1,15,8,14,29,12,7,1,0,55,1,73,706,73706,80,1997,JKBVNAD17VA0,J,K,B,V,N,A,D,1,7,V,A,0,0,M,KAWK,V5D,RS,97,17,,,,,,,1500,0,0,000000000,00000000000,0,0,0,1,0,0,0,0,0,0,0,50,0,0,0,11,11,4,3,12,0,0,0,1,55,53182,6,1,0,0,3,0,68,200,0,0,0,0,0,0,0,0,0,0,35,0,0,0,1,2,45,1,1,2,1,0,0,6,17,99,1,2,47,1,0
55,550312,2,2,1,15,8,14,29,12,7,1,0,55,2,20,471,20471,30,1999,1GCCS1442XK1,1,G,C,C,S,1,4,4,2,X,K,1,0,T,CHEV,S14,PK,99,17,,1,1179,1083,S,G,,0,0,000000000,00000000000,0,0,0,1,0,0,0,0,0,0,0,0,0,0,0,5,5,4,3,12,0,0,0,1,55,53104,6,1,0,0,3,3,66,250,0,0,0,0,0,0,0,0,0,0,0,0,0,0,1,2,45,1,1,2,1,0,0,5,53,2,1,1,45,0,0
55,550313,1,2,1,16,8,13,0,12,6,1,0,19,3,82,883,82883,66,2007,1FUJA6CK67LU,1,F,U,J,A,6,C,K,6,7,L,U,1,T,FRHT,COL,DS,7,17,,8,0,0,CON,D,,1,57,165881,57165881,3,6,1,1,0,0,0,0,0,0,0,9,0,0,0,9,9,4,3,12,0,0,0,1,45,52404,6,1,6,1,3,0,72,320,0,0,0,1,0,12,2008,12,2008,0,48,89,0,0,1,2,55,1,1,1,1,0,0,12,10,1,1,2,98,0,0
55,550313,2,2,1,16,8,13,0,12,6,1,0,55,1,34,706,34706,80,1999,WB10555A5XZD,W,B,1,0,5,5,5,A,5,X,Z,D,0,M,BMW,K1T,RS,99,17,,,,,,,1200,0,0,000000000,00000000000,0,0,0,1,0,0,0,0,0,0,0,55,0,0,0,12,12,6,2,12,0,0,0,1,55,53916,6,1,0,0,2,0,75,200,0,0,0,0,0,0,0,0,0,0,0,0,0,0,1,2,55,1,1,1,1,0,0,1,51,99,1,1,98,1,0
55,550314,1,1,2,21,8,0,30,1,0,1,0,55,1,22,20,22020,4,2001,1G2WK52J71F2,1,G,2,W,K,5,2,J,7,1,F,2,0,P,PONT,GFS,4D,1,17,3384,,0,1105,,G,,0,0,000000000,00000000000,0,0,0,1,0,0,0,0,0,0,0,999,0,2,6,0,0,6,2,1,0,0,0,1,55,54028,6,2,0,0,3,0,63,108,0,0,0,0,0,0,0,0,0,1,58,0,0,0,1,2,45,1,2,2,1,0,0,1,6,6,1,4,6,1,0
55,550315,1,1,3,21,8,2,6,5,0,1,0,17,1,20,481,20481,31,2004,1GCEK19T74E3,1,G,C,E,K,1,9,T,7,4,E,3,0,T,CHEV,SK1,4C,4,17,,2,1575,1435,SIL,G,,0,0,000000000,00000000000,0,0,0,1,0,0,0,0,0,0,0,45,0,0,0,0,0,0,3,5,0,0,0,1,17,61115,6,1,0,0,3,3,73,235,0,0,0,0,0,0,0,0,0,0,91,0,0,0,1,2,55,1,2,2,1,0,0,1,98,99,1,1,0,1,1
55,550316,1,2,1,24,8,16,50,34,0,1,0,55,1,12,401,12401,14,2001,1FMZU73E11ZA,1,F,M,Z,U,7,3,E,1,1,Z,A,0,P,FORD,EPR,UT,1,17,4045,,0,1116,,G,,0,0,000000000,00000000000,0,0,0,1,0,0,0,0,0,0,0,82,0,1,5,12,61,6,2,59,0,0,0,1,55,53081,6,1,0,0,3,0,66,195,0,0,0,0,0,0,0,0,0,1,80,0,0,0,2,2,65,1,1,2,1,0,0,6,1,3,3,4,2,1,0
55,550316,2,2,4,24,8,16,50,34,0,1,0,55,1,20,421,20421,15,2001,1GNEK13T51J1,1,G,N,E,K,1,3,T,5,1,J,1,0,P,CHEV,KTA,UT,1,17,5050,,0,1160,,G,,0,0,000000000,00000000000,0,0,0,1,0,0,0,0,0,0,0,998,0,0,0,12,12,2,1,54,0,0,0,1,55,53073,6,1,0,0,3,3,71,152,0,0,0,0,0,0,0,0,0,0,81,0,0,0,2,2,65,1,1,2,1,0,0,1,98,99,1,1,98,0,0
55,550317,1,1,1,23,8,16,57,1,0,1,0,55,2,6,16,6016,4,1990,3C3XA5636LT0,3,C,3,X,A,5,6,3,6,L,T,0,0,P,CHRY,LLN,4D,90,17,2986,,0,1043,,G,,0,0,000000000,00000000000,0,0,0,1,0,0,0,0,0,0,0,70,0,1,6,0,0,6,2,1,0,0,0,1,55,53190,0,0,0,0,0,0,999,999,99,99,99,99,99,99,9999,99,9999,1,58,92,0,0,1,2,55,1,1,2,1,0,0,1,6,8,3,4,2,1,1
55,550318,1,1,1,25,8,15,6,33,0,1,0,55,1,53,705,53705,80,1993,JS1GN72A7P21,J,S,1,G,N,7,2,A,7,P,2,1,0,M,SUZI,GX6,RS,93,17,,,,,,,599,0,0,000000000,00000000000,0,0,0,1,0,0,0,0,0,0,0,999,0,0,0,12,12,6,2,30,0,0,0,1,55,54701,6,1,0,0,2,0,70,140,0,0,0,0,0,0,0,0,0,1,84,92,0,0,1,4,30,1,1,1,1,0,0,1,6,99,1,4,1,1,0
55,550319,1,1,1,28,8,1,41,11,0,1,0,55,1,76,706,76706,80,2003,JYAVP11E83A0,J,Y,A,V,P,1,1,E,8,3,A,0,0,M,YAMA,XVA,RS,3,17,,,,,,,1063,0,0,000000000,00000000000,0,0,0,1,0,0,0,0,0,0,0,55,0,0,0,12,61,4,3,1,0,0,0,1,55,54455,6,1,0,0,3,0,70,210,0,0,0,0,0,0,0,0,0,0,83,0,0,0,1,2,55,1,1,2,1,0,0,1,87,99,1,1,13,1,1