STATE,ST_CASE,VEH_NO,VE_FORMS,NUMOCCS,DAY,MONTH,HOUR,MINUTE,HARM_EV,MAN_COLL,UNITTYPE,HIT_RUN,REG_STAT,OWNER,MAKE,MODEL,MAK_MOD,BODY_TYP,MOD_YEAR,VIN,VIN_1,VIN_2,VIN_3,VIN_4,VIN_5,VIN_6,VIN_7,VIN_8,VIN_9,VIN_10,VIN_11,VIN_12,TOW_VEH,VINTYPE,VINMAKE,VINA_MOD,VIN_BT,VINMODYR,VIN_LNGT,VIN_WGT,WGTCD_TR,WHLBS_LG,WHLBS_SH,SER_TR,FUELCODE,MCYCL_DS,J_KNIFE,MCARR_I1,MCARR_I2,MCARR_ID,GVWR,V_CONFIG,CARGO_BT,HAZ_INV,HAZ_PLAC,HAZ_ID,HAZ_CNO,HAZ_REL,BUS_USE,SPEC_USE,EMER_USE,TRAV_SP,UNDERIDE,ROLLOVER,ROLINLOC,IMPACT1,IMPACT2,DEFORMED,TOWED,M_HARM,VEH_SC1,VEH_SC2,FIRE_EXP,DR_PRES,L_STATE,DR_ZIP,L_STATUS,L_TYPE,CDL_STAT,L_ENDORS,L_COMPL,L_RESTRI,DR_HGT,DR_WGT,PREV_ACC,PREV_SUS,PREV_DWI,PREV_SPD,PREV_OTH,FIRST_MO,FIRST_YR,LAST_MO,LAST_YR,SPEEDREL,DR_SF1,DR_SF2,DR_SF3,DR_SF4,VTRAFWAY,VNUM_LAN,VSPD_LIM,VALIGN,VPROFILE,VPAVETYP,VSURCOND,VTRAFCON,VTCONT_F,P_CRASH1,P_CRASH2,P_CRASH3,PCRASH4,PCRASH5,ACC_TYPE,DEATHS,DR_DRINK
55,550350,2,2,2,26,8,14,11,12,6,1,0,55,1,7,482,7482,31,2003,3D7KU28C13G8,3,D,7,K,U,2,8,C,1,3,G,8,0,T,DODG,SQ2,CW,3,17,,2,1605,1405,RPC,D,,0,0,000000000,00000000000,0,0,0,1,0,0,0,0,0,0,0,60,0,0,0,12,12,6,2,12,0,0,0,1,55,54170,6,1,0,0,3,0,77,215,0,0,0,0,0,0,0,0,0,0,0,0,0,0,2,2,55,1,2,2,1,0,0,1,67,8,2,2,83,0,0
55,550351,1,2,1,20,8,13,6,12,6,1,0,55,1,12,481,12481,31,1990,1FTEX14N8LKA,1,F,T,E,X,1,4,N,8,L,K,A,0,T,FORD,F15,PS,90,17,,2,1550,1390,COF,G,,0,0,000000000,00000000000,0,0,0,1,0,0,0,0,0,0,0,5,0,0,0,12,12,6,2,12,0,0,0,1,55,54805,6,1,0,0,3,0,72,210,0,0,0,0,0,0,0,0,0,0,38,0,0,0,2,2,25,1,1,2,1,20,3,11,15,99,1,1,76,1,0
55,550351,2,2,1,20,8,13,6,12,6,1,0,27,3,7,461,7461,21,1998,2B5WB35Z1WK1,2,B,5,W,B,3,5,Z,1,W,K,1,0,T,DODG,35W,MP,98,17,,2,0,1272,RMW,G,,0,0,000000000,00000000000,0,0,0,1,0,0,0,0,0,0,0,48,0,0,0,82,82,4,3,12,0,0,0,1,27,55449,6,1,0,0,3,0,71,140,0,0,0,0,0,0,0,0,0,0,0,0,0,0,2,2,45,1,1,2,1,0,0,1,65,99,1,1,77,0,0
55,550352,1,3,1,4,9,16,30,12,6,1,0,55,1,20,2,20002,6,1994,1G1BL82P3RR1,1,G,1,B,L,8,2,P,3,R,R,1,0,P,CHEV,CCL,SW,94,17,4449,,0,1159,,G,,0,0,000000000,00000000000,0,0,0,1,0,0,0,0,0,0,0,999,0,0,0,1,1,4,1,12,0,0,0,1,55,53209,6,1,0,0,3,0,68,170,0,0,0,0,1,12,2008,12,2008,0,38,0,0,0,2,2,35,1,1,2,1,2,3,11,15,99,1,2,68,0,0
55,550352,2,3,1,4,9,16,30,12,6,1,0,55,1,53,706,53706,80,2005,JS1GW71A2521,J,S,1,G,W,7,1,A,2,5,2,1,0,M,SUZI,G13,RS,5,17,,,,,,,1298,0,0,000000000,00000000000,0,0,0,1,0,0,0,0,0,0,0,999,0,0,0,12,12,4,3,12,0,0,0,1,55,53218,6,1,0,0,3,3,68,230,0,0,0,0,0,0,0,0,0,0,0,0,0,0,2,2,35,1,1,2,1,2,3,1,62,99,1,1,69,1,0
55,550352,3,3,2,4,9,16,30,12,6,1,0,55,1,14,20,14020,4,2006,1MEFM40136G6,1,M,E,F,M,4,0,1,3,6,G,6,0,P,MERC,LUX,4D,6,17,3670,,0,1129,,G,,0,0,000000000,00000000000,0,0,0,1,0,0,0,0,0,0,0,0,0,0,0,11,11,2,1,12,0,0,0,1,55,53218,6,1,0,0,3,0,65,165,0,0,0,1,0,10,2009,10,2009,0,0,0,0,0,2,2,25,1,1,2,1,2,3,5,98,1,1,1,98,0,0
55,550353,1,2,2,11,9,19,47,12,6,1,0,55,1,7,442,7442,20,1997,2B4FP2530VR2,2,B,4,F,P,2,5,3,0,V,R,2,0,P,DODG,CAR,SV,97,17,3490,,0,1133,,G,,0,0,000000000,00000000000,0,0,0,1,0,0,0,0,0,0,0,10,0,0,0,1,1,4,3,12,0,0,0,1,55,54174,6,1,0,0,3,3,70,180,0,0,0,0,0,0,0,0,0,0,38,0,0,0,1,2,45,1,3,2,1,0,0,11,15,1,1,2,68,0,0
55,550353,2,2,1,11,9,19,47,12,6,1,0,0,0,37,734,37734,90,2007,JH2TE32757K0,J,H,2,T,E,3,2,7,5,7,K,0,0,M,HOND,TER,AT,7,17,,,,,,,450,0,0,000000000,00000000000,0,0,0,1,0,0,0,0,0,0,0,40,0,1,1,12,12,6,2,12,0,0,0,1,55,54139,6,1,0,0,1,0,69,125,0,0,0,0,0,0,0,0,0,1,0,0,0,0,1,2,25,1,3,2,1,0,0,1,62,99,1,1,69,1,1
55,550354,1,2,1,12,9,18,8,12,2,1,0,55,1,37,31,37031,2,1998,1HGEJ7221WL0,1,H,G,E,J,7,2,2,1,W,L,0,0,P,HOND,UCH,CP,98,17,2337,,0,1032,,G,,0,0,000000000,00000000000,0,0,0,1,0,0,0,0,0,0,0,55,0,0,0,12,12,6,2,12,0,0,0,1,55,53095,6,2,0,0,3,0,71,175,0,0,0,1,0,4,2010,4,2010,0,51,0,0,0,1,3,55,1,1,2,1,0,0,1,10,4,1,2,50,1,0
55,550354,2,2,3,12,9,18,8,12,2,1,0,55,1,20,401,20401,14,2001,1GCDT13W51K2,1,G,C,D,T,1,3,W,5,1,K,2,0,T,CHEV,S14,CW,1,17,,1,0,1227,S,G,,0,0,000000000,00000000000,0,0,0,1,0,0,0,0,0,0,0,40,0,0,0,12,12,6,2,12,0,0,0,1,55,53095,6,1,0,0,3,0,70,240,0,0,0,0,0,0,0,0,0,0,0,0,0,0,1,3,55,1,1,2,1,0,0,1,62,1,1,1,51,0,0
55,550355,1,2,1,12,9,9,50,12,2,1,0,55,2,24,2,24002,2,1997,1G8ZF1285VZ2,1,G,8,Z,F,1,2,8,5,V,Z,2,0,P,STRN,SC1,CP,97,17,2281,,0,1024,,G,,0,0,000000000,00000000000,0,0,0,1,0,0,0,0,0,0,0,999,0,0,0,12,12,6,2,12,0,0,0,1,55,54703,6,1,0,0,3,3,64,185,0,0,0,0,0,0,0,0,0,0,51,0,0,0,1,2,55,2,1,2,1,0,0,14,10,99,1,2,50,1,0
55,550355,2,2,2,12,9,9,50,12,2,1,0,48,1,12,881,12881,61,2002,1FDAW56F12EC,1,F,D,A,W,5,6,F,1,2,E,C,0,T,FORD,F5D,CB,2,17,,5,2000,1760,DRW,D,,0,57,10177,5710177,2,1,2,1,0,0,0,0,0,0,0,999,0,0,0,12,12,6,2,12,0,0,0,1,48,77550,6,1,6,0,3,3,999,999,0,2,1,0,1,4,2008,10,2008,0,0,0,0,0,1,2,55,3,1,2,1,0,0,14,62,7,1,1,51,0,0
55,550356,1,1,1,29,8,1,0,34,0,1,0,55,2,49,38,49038,2,1992,JT2EL46B1N02,J,T,2,E,L,4,6,B,1,N,0,2,0,P,TOYT,TSD,2D,92,17,1950,,0,937,,G,,0,0,000000000,00000000000,0,0,0,1,0,0,0,0,0,0,0,60,0,1,5,12,0,6,2,1,0,0,0,1,55,54929,6,1,0,0,3,0,70,175,0,0,0,0,1,2,2010,2,2010,1,0,0,0,0,1,2,45,3,1,2,1,0,0,14,6,99,1,4,6,1,1
55,550357,1,2,2,4,9,15,53,12,1,1,0,55,1,72,706,72706,80,2007,1HD1FF4127Y6,1,H,D,1,F,F,4,1,2,7,Y,6,0,M,HD,FHC,RS,7,17,,,,,,,1584,0,0,000000000,00000000000,0,0,0,1,0,0,0,0,0,0,0,30,0,0,0,6,6,2,3,12,0,0,0,1,55,53916,6,1,6,0,3,0,71,190,1,0,0,0,0,10,2009,10,2009,0,0,0,0,0,1,2,55,1,1,2,1,0,0,10,53,1,1,1,25,0,0
55,550357,2,2,1,4,9,15,53,12,1,1,0,55,2,72,709,72709,80,1979,3A64706H9,3,A,6,4,7,0,6,H,9,,,,0,P,,,,,,,,,,,,,0,0,000000000,00000000000,0,0,0,1,0,0,0,0,0,0,0,55,0,0,0,12,12,6,2,12,0,0,1,1,55,53916,6,1,0,0,3,0,75,280,0,0,0,0,0,0,0,0,0,0,0,0,0,0,1,2,55,1,1,2,1,0,0,1,51,3,2,1,24,1,0
55,550358,1,1,1,10,9,20,10,11,0,1,0,55,1,72,706,72706,80,2003,1HD1FRW143Y7,1,H,D,1,F,R,W,1,4,3,Y,7,0,M,HD,FCI,RS,3,17,,,,,,,1450,0,0,000000000,00000000000,0,0,0,1,0,0,0,0,0,0,0,57,0,0,0,12,12,4,3,11,0,0,0,1,55,54491,6,1,0,0,3,0,69,175,0,0,0,0,0,0,0,0,0,0,0,0,0,0,1,2,55,1,1,2,1,0,0,1,87,99,1,1,13,1,0
55,550359,1,2,1,12,9,18,37,12,2,1,0,55,1,7,482,7482,31,1999,1B7HF13Z1XJ5,1,B,7,H,F,1,3,Z,1,X,J,5,0,T,DODG,Q15,4C,99,17,,2,1547,1387,RPC,G,,0,0,000000000,00000000000,0,0,0,1,0,0,0,0,0,0,0,50,0,1,5,12,12,6,2,1,0,0,0,1,55,54732,6,1,0,0,3,0,74,190,2,2,0,0,4,11,2008,8,2010,0,51,0,0,0,1,2,55,1,2,2,1,0,0,1,12,99,1,4,50,0,0
55,550359,2,2,2,12,9,18,37,12,2,1,0,55,1,20,471,20471,30,1987,1GCBS14E0H22,1,G,C,B,S,1,4,E,0,H,2,2,0,T,CHEV,S14,PK,87,17,,1,1229,1083,S,G,,0,0,000000000,00000000000,0,0,0,1,0,0,0,0,0,0,0,50,0,1,5,12,12,6,2,1,0,0,0,1,55,54745,6,1,0,0,3,0,70,165,0,0,0,0,2,3,2010,7,2010,0,0,0,0,0,1,2,55,1,2,2,1,0,0,1,62,7,1,4,51,1,1
55,550360,1,2,2,13,9,16,21,12,6,1,0,55,1,72,706,72706,80,1991,1HD4CEM18MY1,1,H,D,4,C,E,M,1,8,M,Y,1,0,M,HD,X8H,RS,91,17,,,,,,,883,0,0,000000000,00000000000,0,0,0,1,0,0,0,0,0,0,0,45,0,0,0,12,99,6,2,12,0,0,0,1,55,53214,1,1,0,0,2,0,70,180,0,0,0,0,1,7,2009,7,2009,1,51,92,0,0,1,2,45,2,2,2,1,40,3,14,10,99,1,2,64,1,1
55,550360,2,2,1,13,9,16,21,12,6,1,0,19,3,51,881,51881,66,2005,4V4NC9GH85N3,4,V,4,N,C,9,G,H,8,5,N,3,1,T,VOLV,VNL,DS,5,17,,8,0,0,VVN,D,,1,57,1334238,571334238,3,6,1,1,0,0,0,0,0,0,0,25,0,0,0,9,9,2,1,12,0,0,0,1,19,52361,6,1,6,0,3,0,73,230,0,0,0,0,0,0,0,0,0,0,0,0,0,0,1,2,45,3,2,2,1,40,3,14,62,99,1,1,65,0,0
55,550361,1,1,2,4,9,13,8,35,0,1,0,55,1,35,47,35047,4,2002,1N4BL11D32C2,1,N,4,B,L,1,1,D,3,2,C,2,0,P,NISS,ABE,4D,2,17,3099,,0,1102,,G,,0,0,000000000,00000000000,0,0,0,1,0,0,0,0,0,0,0,80,0,1,6,12,99,6,2,1,0,0,0,1,55,53718,1,1,0,0,2,0,68,190,0,2,2,0,1,3,2010,4,2010,1,0,0,0,0,1,2,35,2,5,4,1,40,3,14,12,99,1,4,6,1,0
55,550362,1,3,1,1,9,21,32,8,0,1,0,55,1,49,47,49047,6,2006,2T1KR32E86C6,2,T,1,K,R,3,2,E,8,6,C,6,0,P,TOYT,CTR,4H,6,17,2679,,0,1024,,G,,0,0,000000000,00000000000,0,0,0,1,0,0,0,0,0,0,0,50,0,0,0,12,12,4,3,8,0,0,0,1,55,53027,6,1,0,0,3,0,62,145,0,0,0,0,0,0,0,0,0,0,0,0,0,0,2,2,50,1,1,2,1,0,0,1,80,99,1,1,13,0,0
55,550362,2,3,2,1,9,21,32,8,0,1,0,55,2,37,402,37402,14,2000,JHLRD1865YC0,J,H,L,R,D,1,8,6,5,Y,C,0,0,P,HOND,CRV,UT,0,17,3245,,0,1032,,G,,0,0,000000000,00000000000,0,0,0,1,0,0,0,0,0,0,0,50,0,0,0,14,14,0,1,8,0,0,0,1,55,53066,6,1,0,0,3,3,65,140,2,0,0,1,2,12,2007,8,2009,0,0,0,0,0,2,2,50,1,1,2,1,0,0,1,80,99,1,1,98,0,0
55,550362,3,3,1,1,9,21,32,8,0,1,0,55,1,20,403,20403,14,2008,1GNET13M0821,1,G,N,E,T,1,3,M,0,8,2,1,0,P,CHEV,TRL,UT,8,17,4523,,0,1130,,G,,0,0,000000000,00000000000,0,0,0,1,0,0,0,0,0,0,0,30,0,0,0,14,14,0,1,8,0,0,0,1,55,53010,6,1,0,0,3,0,68,210,2,0,0,1,1,5,2009,6,2010,0,0,0,0,0,2,2,50,1,1,2,1,0,0,1,80,99,1,1,98,0,0
55,550363,1,1,1,16,9,5,39,21,0,1,0,55,2,20,34,20034,3,1999,2C1MR2222X67,2,C,1,M,R,2,2,2,2,X,6,7,0,P,CHEV,MEL,2H,99,17,1895,,0,931,,G,,0,0,000000000,00000000000,0,0,0,1,0,0,0,0,0,0,0,999,0,1,6,12,12,6,2,21,0,0,0,1,55,54406,0,0,0,0,0,0,69,250,0,0,0,0,0,0,0,0,0,1,0,0,0,0,1,2,25,2,2,2,2,0,0,14,12,4,1,4,6,1,1
55,550364,1,1,1,4,9,18,38,34,0,1,0,55,2,20,431,20431,16,2002,1GNFK16Z32J1,1,G,N,F,K,1,6,Z,3,2,J,1,0,P,CHEV,K15,UT,2,17,5123,,0,1300,,F,,0,0,000000000,00000000000,0,0,0,1,0,0,0,0,0,0,0,999,0,1,5,12,0,6,2,1,0,0,0,1,55,54025,6,1,0,0,3,0,74,180,1,0,0,0,0,1,2010,1,2010,1,0,0,0,0,1,2,45,1,6,2,1,0,0,1,6,99,1,4,1,1,1
55,550365,1,1,1,5,9,3,15,1,0,1,0,47,1,58,37,58037,4,2003,JNKCV51E53M3,J,N,K,C,V,5,1,E,5,3,M,3,0,P,INFI,G35,4D,3,17,3336,,0,1122,,G,,0,0,000000000,00000000000,0,0,0,1,0,0,0,0,0,0,0,97,0,2,1,0,0,6,2,1,0,0,0,1,47,37027,6,1,0,0,3,0,68,160,0,0,0,6,1,9,2007,7,2010,1,58,0,0,0,2,4,55,1,1,1,99,0,0,1,6,3,4,2,98,1,1
55,550366,1,1,2,10,9,23,54,11,0,1,0,55,1,72,706,72706,80,2008,1HD1FC4198Y6,1,H,D,1,F,C,4,1,9,8,Y,6,0,M,HD,FLU,RS,8,17,,,,,,,1584,0,0,000000000,00000000000,0,0,0,1,0,0,0,0,0,0,0,60,0,0,0,12,12,4,3,11,0,0,0,1,55,54153,6,1,0,0,3,0,69,185,0,0,0,0,0,0,0,0,0,0,83,0,0,0,2,4,65,1,1,1,1,0,0,1,87,3,2,1,13,2,1
55,550367,1,2,1,11,9,2,50,12,6,1,1,92,0,49,49,49049,6,2006,JTLKT3244640,J,T,L,K,T,3,2,4,4,6,4,0,0,P,TOYT,SXB,UT,6,17,2395,,0,984,,G,,0,0,000000000,00000000000,0,0,0,1,0,0,0,0,0,0,0,999,0,0,0,12,12,4,1,12,0,0,0,1,55,53223,6,2,0,0,3,0,71,160,0,4,0,1,0,12,2007,3,2009,0,92,0,0,0,1,4,30,1,1,2,1,0,0,1,65,99,1,1,77,0,0
55,550367,2,2,1,11,9,2,50,12,6,1,0,55,1,98,701,98701,81,2007,RFCRD10467Y6,R,F,C,R,D,1,0,4,6,7,Y,6,0,U,,,,7,17,,,,,,,,0,0,000000000,00000000000,0,0,0,1,0,0,0,0,0,0,0,999,0,0,0,9,9,4,3,12,0,0,0,1,55,53207,2,1,0,0,2,0,70,155,1,2,1,0,1,10,2007,6,2010,0,38,92,0,0,1,4,30,1,1,2,1,20,3,11,15,99,1,1,76,1,1
55,550368,1,1,2,11,9,12,10,35,0,1,0,55,1,9,20,9020,2,1995,1P3ES62C5SD2,1,P,3,E,S,6,2,C,5,S,D,2,0,P,PLYM,NES,2P,95,17,2473,,0,1040,,G,,0,0,000000000,00000000000,0,0,0,1,0,0,0,0,0,0,0,58,0,1,5,12,0,6,2,1,0,0,0,1,55,54456,6,2,0,0,3,1,68,135,0,0,0,0,0,0,0,0,0,0,24,52,58,0,1,2,55,1,1,2,1,0,0,1,12,6,1,4,6,1,0
55,550369,1,1,2,12,9,2,38,35,0,1,0,55,1,23,441,23441,20,1994,1GKDM19W3RB5,1,G,K,D,M,1,9,W,3,R,B,5,0,T,GMC,SXT,ES,94,17,,1,0,1110,SAF,G,,0,0,000000000,00000000000,0,0,0,1,0,0,0,0,0,0,0,999,0,1,1,12,0,6,2,1,0,0,0,1,55,54822,6,1,0,0,3,0,65,185,0,0,0,0,3,9,2009,8,2010,0,0,0,0,0,1,2,55,1,1,2,1,0,0,1,13,99,1,4,98,1,1
55,550370,1,1,1,12,9,6,10,1,0,1,0,55,1,20,481,20481,31,2001,1GCGC24U11Z3,1,G,C,G,C,2,4,U,1,1,Z,3,0,T,CHEV,SC2,PK,1,17,,2,0,1330,SIL,G,,0,0,000000000,00000000000,0,0,0,1,0,0,0,0,0,0,0,999,0,2,3,0,0,6,2,1,0,0,0,1,55,53930,6,1,0,0,3,0,74,200,0,0,0,0,0,0,0,0,0,0,58,0,0,0,2,2,65,1,1,1,1,0,0,1,12,9,4,4,98,1,1
55,550371,1,1,1,12,9,0,20,34,0,1,0,55,1,72,706,72706,80,2003,1HD1BWB4X3Y1,1,H,D,1,B,W,B,4,X,3,Y,1,0,M,HD,FSA,RS,3,17,,,,,,,1450,0,0,000000000,00000000000,0,0,0,1,0,0,0,0,0,0,0,999,0,0,0,12,12,4,3,42,0,0,0,1,55,53965,6,1,0,0,3,0,71,200,0,0,0,0,0,0,0,0,0,1,0,0,0,0,1,2,25,1,1,2,1,0,0,1,6,3,3,4,2,1,1
55,550372,1,3,1,16,9,15,34,12,6,1,0,55,1,35,401,35401,14,2002,JN8DR09Y72W7,J,N,8,D,R,0,9,Y,7,2,W,7,0,P,NISS,PFI,UT,2,17,3997,,0,1063,,G,,0,0,000000000,00000000000,0,0,0,1,0,0,0,0,0,0,0,40,0,0,0,12,12,6,2,12,0,0,0,1,55,54601,6,1,0,0,3,0,64,115,0,0,0,0,0,0,0,0,0,0,38,39,0,0,1,4,40,1,1,2,1,3,3,2,17,99,1,1,88,0,0
55,550372,2,3,1,16,9,15,34,12,6,1,0,55,1,20,16,20016,4,2002,1G1JC5249273,1,G,1,J,C,5,2,4,9,2,7,3,0,P,CHEV,CAC,4D,2,17,2676,,0,1041,,C,,0,0,000000000,00000000000,0,0,0,1,0,0,0,0,0,0,0,15,0,0,0,9,9,6,2,12,0,0,0,1,55,54601,6,1,0,0,3,3,63,150,0,0,0,0,0,0,0,0,0,0,0,0,0,0,1,4,25,1,1,2,1,3,3,1,66,99,1,1,89,1,0
55,550372,3,3,1,16,9,15,34,12,6,1,0,55,1,22,18,22018,4,2004,1G2NF52E74C2,1,G,2,N,F,5,2,E,7,4,C,2,0,P,PONT,SE1,4D,4,17,3066,,0,1070,,G,,0,0,000000000,00000000000,0,0,0,1,0,0,0,0,0,0,0,0,0,0,0,61,61,4,3,12,0,0,0,1,55,54601,6,1,0,0,3,0,64,190,0,0,0,0,0,0,0,0,0,0,0,0,0,0,1,2,40,1,1,2,1,3,3,5,66,2,1,1,98,0,0
55,550373,1,1,1,12,9,19,13,33,0,1,0,55,2,72,706,72706,80,2006,1HD1FHW156Y6,1,H,D,1,F,H,W,1,5,6,Y,6,0,M,HD,HPI,RS,6,17,,,,,,,1450,0,0,000000000,00000000000,0,0,0,1,0,0,0,0,0,0,0,48,0,0,0,12,12,6,2,1,0,0,0,1,55,54601,6,1,0,0,3,3,67,195,0,0,0,1,0,10,2009,10,2009,0,0,0,0,0,2,4,45,1,2,1,1,0,0,15,12,99,1,4,6,1,1
55,550374,1,1,1,15,9,21,39,34,0,1,0,55,1,12,401,12401,14,1996,1FMDU34X1TUA,1,F,M,D,U,3,4,X,1,T,U,A,0,P,FORD,EPR,UT,96,17,4189,,0,1115,,G,,0,0,000000000,00000000000,0,0,0,1,0,0,0,0,0,0,0,999,0,1,5,12,12,6,2,1,0,0,0,1,55,54005,6,1,0,0,3,3,65,125,0,0,0,0,0,0,0,0,0,0,79,87,0,0,1,2,45,1,1,2,2,0,0,1,12,99,1,4,6,1,1
55,550375,1,1,1,18,9,7,26,52,0,1,0,17,3,20,481,20481,31,2004,1GCHK24U64E1,1,G,C,H,K,2,4,U,6,4,E,1,0,T,CHEV,2KH,PK,4,17,,2,0,1330,SIL,G,,0,0,000000000,00000000000,0,0,0,1,0,0,0,0,0,0,0,70,0,0,0,11,9,6,2,52,0,0,0,1,17,60073,6,1,0,0,3,3,70,175,0,0,0,1,0,9,2010,9,2010,0,87,0,0,0,2,2,65,1,1,2,2,0,0,1,12,99,1,4,6,1,0
55,550376,1,1,3,18,9,10,54,39,0,1,0,55,2,35,402,35402,14,2003,5N1ED28Y83C6,5,N,1,E,D,2,8,Y,8,3,C,6,0,P,NISS,XTR,UT,3,17,3924,,0,1043,,G,,0,0,000000000,00000000000,0,0,0,1,0,0,0,0,0,0,0,999,0,1,6,12,0,6,2,39,0,0,0,1,55,53092,6,2,0,0,3,0,62,120,0,0,0,0,1,8,2009,8,2009,1,87,0,0,0,6,1,50,3,1,2,2,0,0,14,6,99,1,4,1,1,0
55,550377,1,1,2,19,9,0,55,8,0,1,0,55,1,55,401,55401,14,2003,KM8SC73D33U3,K,M,8,S,C,7,3,D,3,3,U,3,0,P,HYUN,SAN,UT,3,17,3720,,0,1031,,G,,0,0,000000000,00000000000,0,0,0,1,0,0,0,0,0,0,0,40,0,0,0,12,12,4,3,8,0,0,0,1,55,54487,6,1,0,0,3,3,64,135,2,0,0,0,0,11,2007,2,2009,0,0,0,0,0,1,2,45,1,1,2,1,0,0,1,80,99,1,1,13,0,0
55,550378,1,1,1,21,9,17,27,35,0,1,0,55,1,12,401,12401,14,1974,U15GLU82773,U,1,5,G,L,U,8,2,7,7,3,,0,P,,,,,,,,,,,,,0,0,000000000,00000000000,0,0,0,1,0,0,0,0,0,0,0,50,0,1,5,99,0,6,2,1,0,0,0,1,55,53037,6,1,0,0,3,0,71,196,0,0,0,0,0,0,0,0,0,0,0,0,0,0,1,2,45,1,2,2,1,0,0,1,11,99,1,4,1,1,1
55,550379,1,1,1,12,9,9,15,1,0,1,0,55,1,76,706,76706,80,1986,JYA1NL003GA0,J,Y,A,1,N,L,0,0,3,G,A,0,0,M,YAMA,XZ3,RS,86,17,,,,,,,1294,0,0,000000000,00000000000,0,0,0,1,0,0,0,0,0,0,0,60,0,0,0,0,0,2,1,1,0,0,0,1,55,54736,6,1,6,0,3,0,68,200,0,0,0,1,0,8,2008,8,2008,1,0,0,0,0,1,2,55,1,2,2,1,0,0,1,9,3,2,1,98,1,0
55,550380,1,1,1,25,9,4,33,32,0,1,0,55,1,12,13,12013,3,1995,1FASP11J3SW3,1,F,A,S,P,1,1,J,3,S,W,3,0,P,FORD,EST,2H,95,17,2355,,0,984,,G,,0,0,000000000,00000000000,0,0,0,1,0,0,0,0,0,0,0,999,0,1,5,12,12,6,2,32,0,0,0,1,55,54956,6,1,0,0,3,3,67,190,0,0,0,0,0,0,0,0,0,0,0,0,0,0,1,2,55,1,1,2,1,0,0,1,12,6,1,4,6,1,1
55,550381,1,1,2,26,9,99,99,11,0,1,0,55,1,98,709,98709,80,2004,X8JMH03724U2,X,8,J,M,H,0,3,7,2,4,U,2,0,U,,,,4,17,,,,,,,,0,0,000000000,00000000000,0,0,0,1,0,0,0,0,0,0,0,999,0,0,0,62,0,4,3,1,0,0,0,1,55,54452,6,1,0,0,3,3,72,165,1,0,0,0,0,6,2009,6,2009,0,58,83,0,0,2,2,55,2,1,1,1,0,0,14,87,6,1,2,13,1,1
55,550382,1,1,1,29,9,14,46,11,0,1,0,55,1,53,705,53705,80,2009,JS1SP46A2921,J,S,1,S,P,4,6,A,2,9,2,1,0,M,SUZI,D6E,EN,9,17,,,,,,,644,0,0,000000000,00000000000,0,0,0,1,0,0,0,0,0,0,0,55,0,0,0,1,1,4,3,1,0,0,0,1,55,54474,6,1,0,0,3,3,70,150,0,0,0,0,0,0,0,0,0,0,83,0,0,0,1,2,55,1,1,2,1,0,0,1,87,99,1,1,13,1,0
55,550383,1,1,1,29,9,17,10,33,0,1,0,55,1,2,404,2404,14,1995,1J4GZ58Y7SC5,1,J,4,G,Z,5,8,Y,7,S,C,5,0,T,JEEP,LRO,4W,95,17,,1,0,1059,GCK,G,,0,0,000000000,00000000000,0,0,0,1,0,0,0,0,0,0,0,35,0,0,0,82,12,6,2,42,0,0,0,1,55,53572,3,2,0,0,2,0,63,145,0,0,0,0,0,0,0,0,0,0,82,92,0,0,1,3,25,1,1,2,1,0,0,1,13,99,1,4,1,1,1
55,550384,1,1,1,12,8,20,44,32,0,1,0,0,0,37,734,37734,90,2004,478TE2307444,4,7,8,T,E,2,3,0,7,4,4,4,0,M,HOND,TRE,AT,4,17,,,,,,,397,0,0,000000000,00000000000,0,0,0,1,0,0,0,0,0,0,0,998,0,1,5,12,99,6,8,1,0,0,0,1,55,53587,6,1,0,0,1,0,70,150,0,0,0,1,0,1,2008,1,2008,1,0,0,0,0,1,2,98,1,8,8,1,0,0,1,13,99,1,4,1,1,1
55,550385,1,1,1,30,4,19,57,18,0,1,0,0,0,98,734,98734,90,2006,2BVEKHF146V0,2,B,V,E,K,H,F,1,4,6,V,0,0,U,,,,6,17,,,,,,,,0,0,000000000,00000000000,0,0,0,1,0,0,0,0,0,0,0,999,0,1,1,99,99,6,4,1,0,0,0,1,55,53189,6,1,0,0,1,0,67,170,0,0,0,0,1,1,2009,1,2009,1,0,0,0,0,1,2,98,8,8,8,1,0,0,1,8,99,1,1,15,1,1
55,550386,1,1,1,13,6,2,4,42,0,1,0,0,0,98,734,98734,90,2007,3JBEKCH107J0,3,J,B,E,K,C,H,1,0,7,J,0,0,U,,,,7,17,,,,,,,,0,0,000000000,00000000000,0,0,0,1,0,0,0,0,0,0,0,998,0,1,5,12,12,6,2,42,0,0,0,1,55,54820,6,1,0,0,1,0,72,210,1,0,0,3,0,4,2008,9,2009,1,0,0,0,0,1,2,98,2,8,4,2,0,0,14,12,99,1,4,6,1,1
55,550387,1,1,1,9,7,11,38,34,0,1,0,0,0,98,734,98734,90,2005,2BVAFSA105V0,2,B,V,A,F,S,A,1,0,5,V,0,0,U,,,,5,17,,,,,,,,0,0,000000000,00000000000,0,0,0,1,0,0,0,0,0,0,0,20,0,0,0,12,12,2,8,34,0,0,0,1,55,54849,0,0,0,0,1,0,56,175,0,0,0,0,0,0,0,0,0,0,36,0,0,0,1,2,98,1,8,8,1,0,0,98,8,99,9,4,7,1,0