STATE,ST_CASE,VEH_NO,VE_FORMS,NUMOCCS,DAY,MONTH,HOUR,MINUTE,HARM_EV,MAN_COLL,UNITTYPE,HIT_RUN,REG_STAT,OWNER,MAKE,MODEL,MAK_MOD,BODY_TYP,MOD_YEAR,VIN,VIN_1,VIN_2,VIN_3,VIN_4,VIN_5,VIN_6,VIN_7,VIN_8,VIN_9,VIN_10,VIN_11,VIN_12,TOW_VEH,VINTYPE,VINMAKE,VINA_MOD,VIN_BT,VINMODYR,VIN_LNGT,VIN_WGT,WGTCD_TR,WHLBS_LG,WHLBS_SH,SER_TR,FUELCODE,MCYCL_DS,J_KNIFE,MCARR_I1,MCARR_I2,MCARR_ID,GVWR,V_CONFIG,CARGO_BT,HAZ_INV,HAZ_PLAC,HAZ_ID,HAZ_CNO,HAZ_REL,BUS_USE,SPEC_USE,EMER_USE,TRAV_SP,UNDERIDE,ROLLOVER,ROLINLOC,IMPACT1,IMPACT2,DEFORMED,TOWED,M_HARM,VEH_SC1,VEH_SC2,FIRE_EXP,DR_PRES,L_STATE,DR_ZIP,L_STATUS,L_TYPE,CDL_STAT,L_ENDORS,L_COMPL,L_RESTRI,DR_HGT,DR_WGT,PREV_ACC,PREV_SUS,PREV_DWI,PREV_SPD,PREV_OTH,FIRST_MO,FIRST_YR,LAST_MO,LAST_YR,SPEEDREL,DR_SF1,DR_SF2,DR_SF3,DR_SF4,VTRAFWAY,VNUM_LAN,VSPD_LIM,VALIGN,VPROFILE,VPAVETYP,VSURCOND,VTRAFCON,VTCONT_F,P_CRASH1,P_CRASH2,P_CRASH3,PCRASH4,PCRASH5,ACC_TYPE,DEATHS,DR_DRINK
55,550496,1,1,4,13,11,14,10,1,0,1,1,26,2,12,401,12401,14,1994,1FMDU34X1RUC,1,F,M,D,U,3,4,X,1,R,U,C,0,P,FORD,EPR,UT,94,17,4053,,0,1120,,G,,0,0,000000000,00000000000,0,0,0,1,0,0,0,0,0,0,0,999,0,2,1,0,99,6,2,1,0,0,0,1,55,53189,0,0,0,0,0,0,74,165,0,0,0,0,1,8,2008,8,2008,1,27,0,0,0,3,3,55,1,1,2,2,0,0,15,6,99,3,2,98,1,1
55,550497,1,4,1,24,10,12,5,12,6,1,0,55,1,37,31,37031,3,1998,2HGEJ6344WH1,2,H,G,E,J,6,3,4,4,W,H,1,0,P,HOND,UCD,2H,98,17,2253,,0,1032,,G,,0,0,000000000,00000000000,0,0,0,1,0,0,0,0,0,0,0,30,0,0,0,12,12,4,3,12,0,0,0,1,55,53205,4,1,0,0,2,0,69,180,0,0,0,0,0,0,0,0,0,1,92,0,0,0,6,1,50,2,6,2,1,0,0,14,6,3,2,6,86,0,0
55,550497,2,4,1,24,10,12,5,12,6,1,0,55,1,20,22,20022,4,2008,1G1AL58F0873,1,G,1,A,L,5,8,F,0,8,7,3,0,P,CHEV,BLT,4D,8,17,3216,,0,1033,,G,,0,0,000000000,00000000000,0,0,0,1,0,0,0,0,0,0,0,50,0,0,0,2,8,6,2,12,0,0,0,1,55,53208,6,1,0,0,3,0,65,130,0,0,0,0,0,0,0,0,0,0,0,0,0,0,3,3,50,1,1,2,1,0,0,1,74,1,1,1,87,0,0
55,550497,3,4,5,24,10,12,5,12,6,1,0,55,1,12,461,12461,21,1998,1FDRE14L9WHB,1,F,D,R,E,1,4,L,9,W,H,B,0,T,FORD,15V,IC,98,17,,2,0,1380,VAN,G,,0,0,000000000,00000000000,0,0,0,1,0,0,0,0,0,0,0,50,0,0,0,12,12,4,1,12,0,0,0,1,55,53215,6,1,0,0,3,0,69,170,0,0,0,0,0,0,0,0,0,0,0,0,0,0,3,3,50,1,1,2,1,0,0,1,60,1,1,1,98,1,0
55,550497,4,4,1,24,10,12,5,12,6,1,0,55,1,63,33,63033,4,2009,KNAFE221X956,K,N,A,F,E,2,2,1,X,9,5,6,0,P,KIA,SXC,4D,9,17,2701,,0,1028,,G,,0,0,000000000,00000000000,0,0,0,1,0,0,0,0,0,0,0,50,0,0,0,5,5,2,1,12,0,0,0,1,55,53226,6,1,0,0,3,3,72,170,0,0,0,1,0,2,2010,2,2010,0,0,0,0,0,3,3,50,1,1,2,1,0,0,1,60,1,1,1,98,0,0
55,550498,1,2,1,27,11,14,46,12,2,1,0,55,1,49,40,49040,4,2001,4T1BG22K21U0,4,T,1,B,G,2,2,K,2,1,U,0,0,P,TOYT,CXL,4D,1,17,2998,,0,1051,,G,,0,0,000000000,00000000000,0,0,0,1,0,0,0,0,0,0,0,65,0,0,0,12,12,6,2,12,0,0,0,1,55,53532,6,1,0,0,3,3,62,200,1,0,0,0,1,1,2008,2,2008,0,51,0,0,0,1,2,55,1,1,1,1,0,0,1,10,99,1,2,50,1,0
55,550498,2,2,1,27,11,14,46,12,2,1,0,55,1,35,443,35443,20,2007,5N1BV28U87N1,5,N,1,B,V,2,8,U,8,7,N,1,0,P,NISS,QST,SV,7,17,4291,,0,1240,,G,,0,0,000000000,00000000000,0,0,0,1,0,0,0,0,0,0,0,45,0,0,0,12,12,6,2,12,0,0,0,1,55,53521,6,1,6,0,3,3,70,195,0,0,0,2,0,2,2008,3,2010,0,0,0,0,0,1,2,55,1,1,1,1,0,0,1,62,99,1,1,51,0,0
55,550499,1,1,1,2,12,1,32,31,0,1,0,55,1,7,20,7020,4,2000,1B3ES46C8YD5,1,B,3,E,S,4,6,C,8,Y,D,5,0,P,DODG,NSE,4D,0,17,2515,,0,1050,,G,,0,0,000000000,00000000000,0,0,0,1,0,0,0,0,0,0,0,45,0,0,0,12,12,6,2,42,0,0,0,1,55,53081,6,1,0,0,3,0,72,160,0,0,0,1,1,5,2008,9,2010,1,0,0,0,0,1,2,25,1,1,1,1,0,0,1,6,3,2,4,2,1,1
55,550500,1,1,2,2,12,1,25,34,0,1,0,55,1,12,481,12481,31,2002,1FTNX21F82EA,1,F,T,N,X,2,1,F,8,2,E,A,0,T,FORD,F2S,4C,2,17,,2,1580,1418,SRW,D,,0,0,000000000,00000000000,0,0,0,1,0,0,0,0,0,0,0,999,0,1,5,12,0,6,2,1,0,0,0,1,55,53951,6,1,0,0,3,0,72,168,0,0,0,0,0,0,0,0,0,0,58,89,91,0,1,2,55,2,1,2,1,0,0,14,12,99,1,4,1,1,1
55,550501,1,1,3,3,12,1,30,24,0,1,0,55,1,7,20,7020,4,2003,1B3ES66S93D1,1,B,3,E,S,6,6,S,9,3,D,1,0,P,DODG,NR4,4D,3,17,2869,,0,1040,,G,,0,0,000000000,00000000000,0,0,0,1,0,0,0,0,0,0,0,97,0,1,2,99,9,6,2,25,0,0,0,1,55,53220,6,1,0,0,3,0,71,157,1,0,0,1,0,6,2008,4,2010,1,0,0,0,0,3,2,55,2,3,2,1,0,0,15,6,99,1,4,1,1,1
55,550502,1,1,2,3,12,1,43,59,0,1,0,55,1,49,50,49050,3,2007,JTKDE1774702,J,T,K,D,E,1,7,7,4,7,0,2,0,P,TOYT,SXC,LB,7,17,2905,,0,1063,,G,,0,0,000000000,00000000000,0,0,0,1,0,0,0,0,0,0,0,42,0,0,0,12,9,6,2,42,0,0,0,1,55,53115,6,1,0,0,3,0,72,200,0,0,0,1,0,12,2008,12,2008,1,0,0,0,0,1,2,25,2,1,2,1,0,0,14,6,99,1,4,1,1,1
55,550503,1,3,1,6,12,14,0,12,6,1,0,55,2,23,8,23008,6,2008,1GKEV13788J2,1,G,K,E,V,1,3,7,8,8,J,2,0,T,GMC,SLA,4W,8,17,,2,0,1189,ACA,G,,0,0,000000000,00000000000,0,0,0,1,0,0,0,0,0,0,0,0,0,0,0,62,62,6,2,12,0,0,0,1,55,54481,0,0,0,0,0,0,71,150,0,10,0,0,4,10,2008,5,2010,1,38,39,92,0,1,2,35,1,1,2,1,20,3,1,17,99,1,1,89,0,0
55,550503,2,3,1,6,12,14,0,12,6,1,0,55,1,18,7,18007,4,2002,2G4WS52J1211,2,G,4,W,S,5,2,J,1,2,1,1,0,P,BUIC,CCU,4D,2,17,3368,,0,1090,,G,,0,0,000000000,00000000000,0,0,0,1,0,0,0,0,0,0,0,55,0,0,0,12,12,6,2,12,0,0,0,1,55,54466,6,1,0,0,3,0,70,140,0,0,0,0,0,0,0,0,0,0,0,0,0,0,1,2,55,1,1,2,1,0,0,1,66,99,1,1,88,0,0
55,550503,3,3,1,6,12,14,0,12,6,1,0,55,2,23,401,23401,14,1995,1GKCT18W0SK5,1,G,K,C,T,1,8,W,0,S,K,5,0,T,GMC,JMY,2W,95,17,,1,0,1005,JMY,G,,0,0,000000000,00000000000,0,0,0,1,0,0,0,0,0,0,0,999,0,0,0,9,9,6,2,12,0,0,0,1,55,54494,6,1,0,0,3,3,75,170,1,0,0,0,0,12,2007,12,2007,0,0,0,0,0,1,2,35,1,1,2,1,20,3,2,66,2,1,1,98,1,0
55,550505,1,2,1,8,12,11,21,12,6,1,0,55,1,59,403,59403,14,2007,2T2HK31U37C0,2,T,2,H,K,3,1,U,3,7,C,0,0,P,LEXS,RX5,UT,7,17,4090,,0,1069,,G,,0,0,000000000,00000000000,0,0,0,1,0,0,0,0,0,0,0,45,0,0,0,12,12,6,2,12,0,0,0,1,55,53151,6,1,0,0,3,0,67,184,1,0,0,1,0,5,2008,10,2010,0,38,39,0,0,2,4,45,1,1,1,1,3,3,1,65,99,1,1,77,0,0
55,550505,2,2,2,8,12,11,21,12,6,1,0,55,1,49,40,49040,4,1999,JT2BF28K3X02,J,T,2,B,F,2,8,K,3,X,0,2,0,P,TOYT,XLL,4D,99,17,3175,,0,1051,,G,,0,0,000000000,00000000000,0,0,0,1,0,0,0,0,0,0,0,10,0,0,0,62,62,6,2,12,0,0,0,1,55,53129,6,1,0,0,3,3,72,182,0,0,0,0,0,0,0,0,0,0,0,0,0,0,2,4,45,1,1,1,1,3,3,11,15,99,1,1,76,1,0
55,550506,1,1,1,10,12,5,29,38,0,1,0,55,2,12,471,12471,30,2002,1FTYR10U22PB,1,F,T,Y,R,1,0,U,2,2,P,B,0,T,FORD,RNG,PK,2,17,,1,1175,1116,RNG,G,,0,0,000000000,00000000000,0,0,0,1,0,0,0,0,0,0,0,65,0,1,3,99,0,6,2,1,0,0,0,1,55,54139,6,1,0,0,3,0,72,215,0,0,0,0,0,0,0,0,0,1,87,0,0,0,1,2,65,1,1,1,4,0,0,1,6,99,1,4,1,1,0
55,550507,1,2,1,10,12,7,49,12,6,1,0,55,1,12,17,12017,4,1998,1FAFP52U7WG2,1,F,A,F,P,5,2,U,7,W,G,2,0,P,FORD,TLS,4D,98,17,3359,,0,1085,,G,,0,0,000000000,00000000000,0,0,0,1,0,0,0,0,0,0,0,55,0,0,0,3,3,6,2,12,0,0,0,1,55,54805,6,1,0,0,3,0,60,147,0,0,0,0,1,9,2008,9,2008,0,84,87,0,0,1,2,55,1,1,2,4,0,0,1,52,3,4,2,64,1,0
55,550507,2,2,1,10,12,7,49,12,6,1,0,55,1,55,33,55033,4,2007,5NPET46C07H2,5,N,P,E,T,4,6,C,0,7,H,2,0,P,HYUN,SGL,4D,7,17,3253,,0,1074,,G,,0,0,000000000,00000000000,0,0,0,1,0,0,0,0,0,0,0,55,0,0,0,12,12,6,2,12,0,0,0,1,55,54868,6,1,0,0,3,3,70,220,0,0,0,0,0,0,0,0,0,0,87,0,0,0,1,2,55,1,1,2,4,0,0,1,62,99,1,1,65,0,0
55,550508,1,1,4,12,12,13,44,42,0,1,0,17,2,54,421,54421,15,2002,2HNYD18272H5,2,H,N,Y,D,1,8,2,7,2,H,5,0,P,ACUR,MDX,UT,2,17,4374,,0,1063,,G,,0,0,000000000,00000000000,0,0,0,1,0,0,0,0,0,0,0,65,0,0,0,9,9,6,2,42,0,0,0,1,17,60623,6,1,0,0,3,0,65,160,0,0,0,0,0,0,0,0,0,1,87,0,0,0,2,2,65,1,1,2,4,0,0,1,6,3,4,4,7,1,0
55,550509,1,1,1,11,12,14,17,8,0,1,0,55,3,84,881,84881,63,1996,1HTSDAAR8TH3,1,H,T,S,D,A,A,R,8,T,H,3,0,T,INTL,490,CC,96,17,,8,2540,1280,40S,D,,0,77,777777777,77777777777,3,1,4,1,0,0,0,0,0,0,0,15,0,0,0,6,6,0,1,8,39,0,0,1,55,54002,6,1,6,0,3,3,71,220,1,0,0,0,0,12,2009,12,2009,0,0,0,0,0,1,2,25,1,1,2,10,0,0,13,80,99,1,1,98,0,0
55,550510,1,1,1,13,12,9,43,5,0,1,0,0,0,98,998,98998,92,9999,931866,9,3,1,8,6,6,,,,,,,0,P,,,,,,,,,,,,,0,0,000000000,00000000000,0,0,0,1,0,0,0,0,0,0,0,5,0,0,0,0,0,0,3,5,0,0,0,1,55,54126,6,1,0,0,1,0,69,200,1,0,0,0,2,3,2008,7,2008,0,21,0,0,0,1,2,55,1,1,2,3,0,0,8,98,1,1,1,0,1,0
55,550511,1,1,1,4,9,18,5,42,0,1,0,0,0,37,734,37734,90,2004,478TE30074A0,4,7,8,T,E,3,0,0,7,4,A,0,0,M,HOND,T50,AT,4,17,,,,,,,450,0,0,000000000,00000000000,0,0,0,1,0,0,0,0,0,0,0,50,0,1,1,12,12,6,2,42,0,0,0,1,55,53024,1,1,0,0,1,0,73,208,0,0,0,1,2,7,2009,7,2010,1,0,0,0,0,1,2,98,3,9,4,1,0,0,14,12,1,1,4,6,1,1
55,550512,1,1,1,1,12,16,24,8,0,1,0,55,3,98,981,98981,52,1995,2FYD2LL09SU0,2,F,Y,D,2,L,L,0,9,S,U,0,0,U,,,,95,17,,,,,,,,0,99,999999999,99999999999,2,21,22,1,0,0,0,0,6,0,0,999,0,0,0,12,12,9,1,8,0,0,0,1,55,53210,6,1,6,1,3,1,64,200,1,0,0,0,0,8,2009,8,2009,0,0,0,0,0,2,4,35,1,1,1,1,0,0,1,80,99,1,1,13,0,0
55,550513,1,5,1,3,12,14,38,12,1,1,0,55,1,12,401,12401,14,2000,1FMZU73E3YZC,1,F,M,Z,U,7,3,E,3,Y,Z,C,0,P,FORD,EPR,UT,0,17,4106,,0,1116,,G,,0,0,000000000,00000000000,0,0,0,1,0,0,0,0,0,0,0,999,0,0,0,12,12,6,2,12,0,0,0,1,55,53216,6,1,0,0,3,0,73,220,1,0,0,1,2,6,2009,7,2010,0,0,0,0,0,2,2,30,1,1,1,1,2,3,1,52,1,1,1,24,1,0
55,550513,2,5,3,3,12,14,38,12,1,1,0,55,2,37,32,37032,4,2004,1HGCM56344A0,1,H,G,C,M,5,6,3,4,4,A,0,0,P,HOND,ULX,4D,4,17,3113,,0,1079,,G,,0,0,000000000,00000000000,0,0,0,1,0,0,0,0,0,0,0,999,0,0,0,6,6,6,2,12,0,0,0,1,55,53216,6,1,0,0,3,0,62,147,0,0,0,0,0,0,0,0,0,0,0,0,0,0,2,2,30,1,1,1,1,2,3,1,53,1,1,1,25,0,0
55,550513,3,5,1,3,12,14,38,12,1,1,0,55,1,7,27,7027,6,2010,3D4PG5FV9AT1,3,D,4,P,G,5,F,V,9,A,T,1,0,P,DODG,JOU,UT,10,17,4229,,0,1138,,G,,0,0,000000000,00000000000,0,0,0,1,0,0,0,0,0,0,0,0,0,0,0,7,7,6,2,12,0,0,0,1,55,53218,6,1,0,0,3,0,68,220,0,0,0,0,0,0,0,0,0,0,0,0,0,0,2,2,30,1,1,1,1,2,3,5,53,1,1,1,98,0,0
55,550513,4,5,2,3,12,14,38,12,1,1,0,55,3,12,461,12461,21,2006,1FDXE45PX6DA,1,F,D,X,E,4,5,P,X,6,D,A,0,T,FORD,4DC,YY,6,17,,4,1760,1580,CTV,D,,0,57,354406,57354406,2,20,22,1,0,0,0,0,1,2,0,0,0,0,0,6,6,4,1,12,0,0,0,1,55,53208,6,1,6,1,3,3,72,180,0,0,0,0,0,0,0,0,0,0,0,0,0,0,2,2,30,1,1,1,1,2,3,5,53,1,1,1,98,0,0
55,550513,5,5,2,3,12,14,38,12,1,1,0,55,1,9,442,9442,20,1994,2P4GH2539RR6,2,P,4,G,H,2,5,3,9,R,R,6,0,P,PLYM,VOF,SV,94,17,3203,,0,1123,,G,,0,0,000000000,00000000000,0,0,0,1,0,0,0,0,0,0,0,999,0,0,0,6,6,6,2,12,0,0,0,1,55,53212,6,1,0,0,3,0,73,220,0,0,0,0,0,0,0,0,0,0,0,0,0,0,2,2,30,1,1,1,1,2,3,1,53,1,1,1,98,0,0
55,550514,1,1,1,3,12,16,50,8,0,1,0,55,2,49,40,49040,4,2002,4T1BE32K42U5,4,T,1,B,E,3,2,K,4,2,U,5,0,P,TOYT,LXS,4D,2,17,3086,,0,1071,,G,,0,0,000000000,00000000000,0,0,0,1,0,0,0,0,0,0,0,35,0,0,0,12,12,4,3,8,0,0,0,1,55,53150,3,1,0,0,2,0,67,125,1,0,0,1,2,12,2007,12,2009,0,38,0,0,0,2,2,35,1,1,2,1,0,0,1,80,1,1,1,13,0,0
55,550515,1,2,2,5,12,18,5,12,6,1,0,55,1,48,34,48034,6,1997,4S3BG685XV76,4,S,3,B,G,6,8,5,X,V,7,6,0,P,SUBA,UKK,SW,97,17,3155,,0,1035,,G,,0,0,000000000,00000000000,0,0,0,1,0,0,0,0,0,0,0,999,0,0,0,83,9,6,2,42,0,0,0,1,55,53204,6,2,0,0,3,1,63,194,0,0,0,0,0,0,0,0,0,1,39,0,0,0,1,2,30,1,1,1,1,2,3,1,17,6,1,1,87,2,0
55,550515,2,2,1,5,12,18,5,12,6,1,0,55,1,24,7,24007,4,2006,1G8AZ55F56Z1,1,G,8,A,Z,5,5,F,5,6,Z,1,0,P,STRN,SI2,4D,6,17,2743,,0,1035,,G,,0,0,000000000,00000000000,0,0,0,1,0,0,0,0,0,0,0,999,0,0,0,12,12,2,1,12,0,0,0,1,55,53225,6,1,0,0,3,3,68,200,0,0,0,0,1,8,2010,8,2010,0,0,0,0,0,1,2,30,1,1,1,1,2,3,4,66,4,2,1,86,0,0
55,550516,1,2,2,4,12,14,49,12,6,1,0,55,1,37,31,37031,4,2006,1HGFA16866L0,1,H,G,F,A,1,6,8,6,6,L,0,0,P,HOND,UAX,4D,6,17,2804,,0,1063,,G,,0,0,000000000,00000000000,0,0,0,1,0,0,0,0,0,0,0,45,0,0,0,3,3,6,2,12,0,0,0,1,55,54220,6,1,0,0,3,0,74,185,0,0,0,0,0,0,0,0,0,0,39,0,0,0,1,2,45,1,1,2,1,1,3,1,17,99,1,1,87,1,0
55,550516,2,2,1,4,12,14,49,12,6,1,0,55,1,55,35,55035,6,2000,KMHJW35F5YU1,K,M,H,J,W,3,5,F,5,Y,U,1,0,P,HYUN,EGS,SW,0,17,2681,,0,1004,,G,,0,0,000000000,00000000000,0,0,0,1,0,0,0,0,0,0,0,45,0,0,0,12,12,6,2,12,0,0,0,1,55,53042,6,1,0,0,3,3,70,225,0,0,0,0,0,0,0,0,0,0,0,0,0,0,1,2,45,1,1,2,1,1,3,4,66,99,1,1,86,0,0
55,550517,1,5,1,15,12,10,13,12,1,1,0,17,3,86,881,86881,66,2006,1M1AK06Y56N0,1,M,1,A,K,0,6,Y,5,6,N,0,1,T,MACK,CXN,DS,6,17,,8,0,0,600,D,,3,57,292465,57292465,3,6,2,2,2,2672,8,1,0,0,0,65,0,0,0,12,12,6,2,12,0,0,0,1,55,53049,6,1,6,1,3,3,69,190,0,0,0,0,0,0,0,0,0,1,0,0,0,0,3,2,65,1,6,2,1,0,0,1,52,1,1,1,28,0,0
55,550517,2,5,1,15,12,10,13,12,1,1,0,55,1,18,401,18401,14,2004,3G5DA03E54S5,3,G,5,D,A,0,3,E,5,4,S,5,0,P,BUIC,RZV,UT,4,17,4024,,0,1122,,G,,0,0,000000000,00000000000,0,0,0,1,0,0,0,0,0,0,0,5,0,0,0,6,6,6,2,12,0,0,0,1,55,54935,6,1,0,0,3,3,66,183,0,0,0,0,0,0,0,0,0,0,0,0,0,0,3,2,65,1,6,2,1,0,0,2,53,1,1,1,29,1,1
55,550517,3,5,1,15,12,10,13,12,1,1,0,55,3,20,443,20443,20,2003,1GNDU23E93D2,1,G,N,D,U,2,3,E,9,3,D,2,0,P,CHEV,VTR,SV,3,17,3699,,0,1120,,G,,0,0,000000000,00000000000,0,0,0,1,0,0,0,0,0,0,0,5,0,0,0,6,6,4,3,12,0,0,0,1,55,53050,6,1,0,0,3,3,68,160,0,0,0,0,0,0,0,0,0,0,0,0,0,0,3,2,65,1,6,2,1,0,0,2,53,1,1,1,98,0,0
55,550517,4,5,2,15,12,10,13,12,1,1,0,55,2,2,404,2404,14,2008,1J8FT470X8D7,1,J,8,F,T,4,7,0,X,8,D,7,0,T,JEEP,CSP,4W,8,17,,1,0,1037,CMP,G,,0,0,000000000,00000000000,0,0,0,1,0,0,0,0,0,0,0,5,0,1,3,6,98,6,2,1,0,0,0,1,55,54935,6,1,0,0,3,0,63,122,0,0,0,0,0,0,0,0,0,0,0,0,0,0,3,2,65,1,6,2,1,0,0,2,52,1,1,1,98,1,0
55,550517,5,5,1,15,12,10,13,12,1,1,0,55,4,12,461,12461,21,2010,1FBSS3BL3ADA,1,F,B,S,S,3,B,L,3,A,D,A,0,T,FORD,WSD,BU,10,17,,2,0,1380,ECO,G,,0,0,000000000,00000000000,0,0,0,1,0,0,0,0,0,0,0,5,0,0,0,6,6,6,2,12,0,0,0,1,55,53076,6,1,0,0,3,3,66,175,0,0,0,0,1,5,2008,5,2008,0,0,0,0,0,3,2,65,1,6,2,1,0,0,2,53,1,1,1,98,0,0
55,550518,1,2,1,7,12,16,33,12,6,1,0,55,1,23,461,23461,21,1986,2GDEG25H4G45,2,G,D,E,G,2,5,H,4,G,4,5,0,T,GMC,RV2,IC,86,17,,2,1250,1100,R/V,G,,0,0,000000000,00000000000,0,0,0,1,0,0,0,0,0,0,0,65,0,1,1,81,99,6,2,1,0,0,0,1,55,53095,6,1,8,0,3,0,75,254,1,0,0,0,0,1,2009,1,2009,0,0,0,0,0,3,3,65,1,1,1,1,0,0,1,74,1,1,1,45,1,0
55,550518,2,2,1,7,12,16,33,12,6,1,0,55,1,54,31,54031,4,1996,JH4DB7668TS0,J,H,4,D,B,7,6,6,8,T,S,0,0,P,ACUR,ISE,4D,96,17,2696,,0,1031,,G,,0,0,000000000,00000000000,0,0,0,1,0,0,0,0,0,0,0,65,0,0,0,61,61,6,2,12,0,0,0,1,55,54901,6,2,0,0,3,0,61,125,0,0,0,0,1,12,2008,12,2008,1,58,0,0,0,6,1,98,2,1,1,1,0,0,16,10,7,3,2,47,0,0
55,550519,1,2,4,16,12,15,25,12,6,1,0,55,1,7,472,7472,30,2001,1B7GG2AN81S1,1,B,7,G,G,2,A,N,8,1,S,1,0,T,DODG,QAD,4C,1,17,,1,0,1309,DAK,G,,0,0,000000000,00000000000,0,0,0,1,0,0,0,0,0,0,0,55,0,0,0,12,12,6,2,12,0,0,0,1,55,54929,6,1,0,0,3,3,63,104,1,0,0,0,1,4,2008,7,2008,0,0,0,0,0,2,2,55,1,1,2,1,0,0,1,66,1,1,1,88,0,0
55,550519,2,2,1,16,12,15,25,12,6,1,0,55,1,7,472,7472,30,1991,1B7GG26X6MS2,1,B,7,G,G,2,6,X,6,M,S,2,0,T,DODG,DAK,PK,91,17,,1,1239,1119,DAK,G,,0,0,000000000,00000000000,0,0,0,1,0,0,0,0,0,0,0,15,0,0,0,62,62,6,2,12,0,0,0,1,55,54950,6,1,0,0,3,3,74,200,0,0,0,0,0,0,0,0,0,0,38,0,0,0,1,2,98,1,1,2,1,20,3,4,17,1,1,1,89,1,0
55,550520,1,1,1,16,12,21,25,8,0,1,0,55,1,12,17,12017,4,2003,1FAHP56S03A1,1,F,A,H,P,5,6,S,0,3,A,1,0,P,FORD,TEL,4D,3,17,3316,,0,1085,,G,,0,0,000000000,00000000000,0,0,0,1,0,0,0,0,0,0,0,25,0,0,0,12,12,2,3,8,0,0,0,1,55,53110,6,1,3,0,3,0,70,225,0,0,0,0,0,0,0,0,0,0,0,0,0,0,1,2,25,1,1,2,1,0,0,1,80,1,1,1,13,0,0
55,550521,1,3,1,18,12,6,47,12,6,1,0,55,1,20,37,20037,4,2007,1G1ZT68N47F2,1,G,1,Z,T,6,8,N,4,7,F,2,0,P,CHEV,XLT,4D,7,17,3543,,0,1123,,G,,0,0,000000000,00000000000,0,0,0,1,0,0,0,0,0,0,0,0,0,0,0,9,9,6,2,12,0,0,0,1,55,53718,6,1,0,0,3,3,73,195,0,0,0,0,0,0,0,0,0,0,0,0,0,0,2,3,35,1,1,2,3,2,3,5,68,1,1,1,89,1,0
55,550521,2,3,1,18,12,6,47,12,6,1,0,55,1,7,442,7442,20,2005,2D8GP44L45R4,2,D,8,G,P,4,4,L,4,5,R,4,0,P,DODG,CAR,SV,5,17,4222,,0,1193,,G,,0,0,000000000,00000000000,0,0,0,1,0,0,0,0,0,0,0,0,0,0,0,61,61,4,3,12,0,0,0,1,55,53714,6,1,0,0,3,0,62,140,0,0,0,0,0,0,0,0,0,0,0,0,0,0,2,3,35,1,1,2,3,2,3,5,61,1,1,1,98,0,0
55,550521,3,3,1,18,12,6,47,12,6,1,0,55,1,2,404,2404,14,2008,1J8GR48K08C1,1,J,8,G,R,4,8,K,0,8,C,1,0,T,JEEP,LRO,4W,8,17,,1,0,1095,GCK,G,,0,0,000000000,00000000000,0,0,0,1,0,0,0,0,0,0,0,55,0,0,0,12,12,6,2,12,0,0,0,1,55,53716,6,1,0,0,3,0,72,225,1,0,0,1,0,2,2009,3,2009,0,36,39,0,0,6,3,98,2,6,2,3,2,3,14,61,1,1,1,88,0,0
55,550522,1,2,1,21,12,20,56,12,7,1,1,55,3,84,881,84881,66,2006,1HSHXAHR76J2,1,H,S,H,X,A,H,R,7,6,J,2,1,T,INTL,860,DS,6,17,,8,0,0,80S,D,,1,57,257721,57257721,3,6,1,1,0,0,0,0,0,0,0,999,0,0,0,7,7,4,1,12,0,0,0,1,55,54023,6,1,6,0,3,0,69,230,0,0,0,0,0,0,0,0,0,0,0,0,0,0,2,2,65,1,1,1,4,50,3,15,10,1,1,2,47,0,0
55,550522,2,2,2,21,12,20,56,12,7,1,0,55,2,49,40,49040,4,1995,4T1GK12E6SU0,4,T,1,G,K,1,2,E,6,S,U,0,0,P,TOYT,CLE,4D,95,17,3241,,0,1031,,G,,0,0,000000000,00000000000,0,0,0,1,0,0,0,0,0,0,0,999,0,0,0,1,1,6,2,12,0,0,0,1,55,53005,6,1,0,0,3,0,71,175,1,0,0,0,0,7,2010,7,2010,1,0,0,0,0,2,2,65,1,1,1,4,50,3,1,61,8,4,1,45,1,0
55,550523,1,1,2,24,12,8,52,14,0,1,0,27,1,12,471,12471,30,1999,1FTYR14V9XPC,1,F,T,Y,R,1,4,V,9,X,P,C,0,T,FORD,RNS,PS,99,17,,1,0,1257,RNG,F,,0,0,000000000,00000000000,0,0,0,1,0,0,0,0,0,0,0,65,0,0,0,62,62,6,2,14,0,0,0,1,27,55426,6,1,0,0,3,3,66,120,0,0,0,0,0,0,0,0,0,1,87,0,0,0,3,3,65,1,1,1,3,0,0,1,6,99,4,4,98,1,0
55,550524,1,2,1,25,12,14,52,12,2,1,0,55,2,24,1,24001,4,1992,1G8ZG5490NZ1,1,G,8,Z,G,5,4,9,0,N,Z,1,0,P,STRN,SL1,4D,92,17,0,,0,1024,,G,,0,0,000000000,00000000000,0,0,0,1,0,0,0,0,0,0,0,55,0,0,0,12,12,6,2,12,0,0,0,1,55,54806,6,1,0,0,3,0,71,200,0,0,0,1,2,3,2008,7,2010,0,0,0,0,0,1,2,55,1,1,2,2,0,0,1,10,1,1,2,50,1,0