STATE,ST_CASE,VEH_NO,VE_FORMS,NUMOCCS,DAY,MONTH,HOUR,MINUTE,HARM_EV,MAN_COLL,UNITTYPE,HIT_RUN,REG_STAT,OWNER,MAKE,MODEL,MAK_MOD,BODY_TYP,MOD_YEAR,VIN,VIN_1,VIN_2,VIN_3,VIN_4,VIN_5,VIN_6,VIN_7,VIN_8,VIN_9,VIN_10,VIN_11,VIN_12,TOW_VEH,VINTYPE,VINMAKE,VINA_MOD,VIN_BT,VINMODYR,VIN_LNGT,VIN_WGT,WGTCD_TR,WHLBS_LG,WHLBS_SH,SER_TR,FUELCODE,MCYCL_DS,J_KNIFE,MCARR_I1,MCARR_I2,MCARR_ID,GVWR,V_CONFIG,CARGO_BT,HAZ_INV,HAZ_PLAC,HAZ_ID,HAZ_CNO,HAZ_REL,BUS_USE,SPEC_USE,EMER_USE,TRAV_SP,UNDERIDE,ROLLOVER,ROLINLOC,IMPACT1,IMPACT2,DEFORMED,TOWED,M_HARM,VEH_SC1,VEH_SC2,FIRE_EXP,DR_PRES,L_STATE,DR_ZIP,L_STATUS,L_TYPE,CDL_STAT,L_ENDORS,L_COMPL,L_RESTRI,DR_HGT,DR_WGT,PREV_ACC,PREV_SUS,PREV_DWI,PREV_SPD,PREV_OTH,FIRST_MO,FIRST_YR,LAST_MO,LAST_YR,SPEEDREL,DR_SF1,DR_SF2,DR_SF3,DR_SF4,VTRAFWAY,VNUM_LAN,VSPD_LIM,VALIGN,VPROFILE,VPAVETYP,VSURCOND,VTRAFCON,VTCONT_F,P_CRASH1,P_CRASH2,P_CRASH3,PCRASH4,PCRASH5,ACC_TYPE,DEATHS,DR_DRINK
56,560097,2,2,2,29,9,15,10,12,2,1,0,56,1,23,481,23481,31,2002,1GTJK33G12F1,1,G,T,J,K,3,3,G,1,2,F,1,0,T,GMC,NK3,CW,2,17,,3,0,1670,SIE,G,,0,0,000000000,00000000000,0,0,0,1,0,0,0,0,0,0,0,65,0,0,0,12,12,6,2,2,0,0,1,1,56,82401,6,1,0,0,3,3,70,210,0,0,0,2,0,9,2007,12,2008,0,28,0,0,0,1,2,65,2,1,2,1,0,0,14,10,1,1,2,50,2,0
56,560098,1,1,1,1,9,13,50,1,0,1,0,8,4,72,706,72706,80,2009,1HD1FF4119Y6,1,H,D,1,F,F,4,1,1,9,Y,6,0,M,HD,FHC,RS,9,17,,,,,,,1584,0,0,000000000,00000000000,0,0,0,1,0,0,0,0,0,0,0,45,0,0,0,0,99,4,9,1,0,0,0,1,97,0,6,1,0,0,3,0,999,999,99,99,99,99,99,99,9999,99,9999,1,0,0,0,0,1,2,65,2,6,2,1,0,0,14,10,1,1,2,98,1,0
56,560099,1,1,1,2,10,19,45,31,0,1,0,56,1,49,404,49404,14,2007,JTEBU11F2700,J,T,E,B,U,1,1,F,2,7,0,0,0,P,TOYT,FJC,UT,7,17,4290,,0,1063,,G,,0,0,000000000,00000000000,0,0,0,1,0,0,0,0,0,0,0,74,0,1,3,12,99,6,2,1,0,0,0,1,56,82009,6,1,0,0,3,3,72,210,0,0,1,0,0,10,2009,10,2009,0,58,0,0,0,2,2,75,3,6,2,1,0,0,14,13,6,1,4,1,1,1
56,560100,1,1,1,5,10,10,30,1,0,1,0,56,2,18,20,18020,4,1996,2G4WB52K6T14,2,G,4,W,B,5,2,K,6,T,1,4,0,P,BUIC,RGC,4D,96,17,3331,,0,1075,,G,,0,0,000000000,00000000000,0,0,0,1,0,0,0,0,0,0,0,65,0,9,5,0,99,6,2,1,0,0,0,1,56,82214,3,1,0,0,2,3,68,165,0,0,0,0,0,0,0,0,0,0,58,0,0,0,1,2,65,1,1,2,1,0,0,1,13,6,3,4,2,1,1
56,560101,1,2,1,4,10,11,25,12,1,1,0,48,3,82,883,82883,66,2004,1FUJA6CV04LM,1,F,U,J,A,6,C,V,0,4,L,M,1,T,FRHT,COL,DS,4,17,,8,0,0,CON,D,,1,57,608296,57608296,3,6,1,1,0,0,0,0,0,0,0,45,0,0,0,6,6,6,2,12,0,0,0,1,48,75601,6,1,6,1,3,0,999,999,0,3,0,0,2,12,2007,9,2010,0,0,0,0,0,2,2,75,1,5,2,1,0,0,1,18,1,1,1,25,0,0
56,560101,2,2,1,4,10,11,25,12,1,1,0,49,3,38,882,38882,61,2007,JALE5B166773,J,A,L,E,5,B,1,6,6,7,7,3,0,T,ISU,NRR,TB,7,17,,5,1760,1090,NRR,D,,0,57,404158,57404158,2,1,1,1,0,0,0,0,0,0,0,90,0,0,0,12,12,6,2,12,0,0,0,1,49,84403,6,1,0,0,3,0,73,230,98,0,0,0,0,0,0,0,0,1,99,99,99,99,2,2,75,1,5,2,1,0,0,1,52,1,1,1,24,1,0
56,560102,1,1,1,3,10,21,15,1,0,1,0,56,1,98,734,98734,90,2006,2BVEKPH156V0,2,B,V,E,K,P,H,1,5,6,V,0,0,U,,,,6,17,,,,,,,,0,0,000000000,00000000000,0,0,0,1,0,0,0,0,0,0,0,998,0,9,1,0,99,6,2,1,0,0,0,1,56,82213,6,1,0,0,3,0,68,165,0,0,0,4,0,4,2009,7,2010,1,0,0,0,0,1,2,25,1,1,2,1,0,0,11,17,1,9,2,98,1,1
56,560103,1,1,2,17,10,18,0,1,0,1,0,0,0,98,739,98739,90,2010,4XATH76A7A21,4,X,A,T,H,7,6,A,7,A,2,1,0,M,POL,RX8,AT,10,17,,,,,,,760,0,0,000000000,00000000000,0,0,0,1,0,0,0,0,0,0,0,30,0,1,1,0,99,2,9,1,0,0,0,1,56,82609,6,1,0,0,3,0,67,175,0,0,0,0,0,0,0,0,0,1,8,0,0,0,1,2,98,1,1,5,1,0,0,8,8,1,1,7,98,1,1
56,560104,1,1,1,18,10,5,30,1,0,1,0,16,2,49,401,49401,14,1996,JT3HN86R2T00,J,T,3,H,N,8,6,R,2,T,0,0,0,P,TOYT,RUN,UT,96,17,0,,0,1053,,G,,0,0,000000000,00000000000,0,0,0,1,0,0,0,0,0,0,0,55,0,1,5,0,99,6,2,1,0,0,0,1,16,83656,6,1,0,0,3,0,64,130,0,3,2,0,0,12,2007,4,2008,0,58,0,0,0,1,2,65,1,1,2,1,0,0,1,12,6,3,4,7,1,1
56,560105,1,2,1,26,10,1,35,12,2,1,0,56,1,7,41,7041,4,1997,2B3HD46F1VH5,2,B,3,H,D,4,6,F,1,V,H,5,0,P,DODG,INT,4D,97,17,3319,,0,1130,,G,,0,0,000000000,00000000000,0,0,0,1,0,0,0,0,0,0,0,50,0,0,0,12,12,6,2,12,0,0,0,1,56,82082,6,1,6,0,3,0,72,140,0,0,0,0,1,7,2010,7,2010,0,28,0,0,0,1,4,50,1,1,1,1,0,0,1,10,1,1,2,50,0,1
56,560105,2,2,2,26,10,1,35,12,2,1,0,56,1,12,481,12481,31,1987,1FTDF15N2HPA,1,F,T,D,F,1,5,N,2,H,P,A,0,T,FORD,F15,PK,87,17,,1,1330,1170,COF,G,,0,0,000000000,00000000000,0,0,0,1,0,0,0,0,0,0,0,50,0,0,0,12,12,6,2,12,0,0,0,1,56,82007,6,1,0,0,3,0,69,161,0,0,1,0,3,6,2008,6,2008,0,0,0,0,0,1,4,50,1,1,1,1,0,0,1,54,1,1,1,51,1,1
56,560106,1,1,1,28,10,23,44,35,0,1,0,56,1,49,41,49041,1,2001,JTDFR3207100,J,T,D,F,R,3,2,0,7,1,0,0,0,P,TOYT,MRS,CV,1,17,2195,,0,965,,G,,0,0,000000000,00000000000,0,0,0,1,0,0,0,0,0,0,0,65,0,1,5,99,99,6,2,1,99,99,0,1,56,82501,6,1,0,0,3,3,65,130,0,0,1,1,1,4,2008,7,2009,0,0,0,0,0,1,2,65,2,5,2,1,0,0,14,12,1,1,4,6,1,1
56,560107,1,1,2,2,10,1,57,5,0,1,0,56,2,2,403,2403,14,2003,1J4FA39S03P3,1,J,4,F,A,3,9,S,0,3,P,3,0,T,JEEP,WXC,2W,3,17,,1,0,934,WRA,G,,0,0,000000000,00000000000,0,0,0,1,0,0,0,0,0,0,0,999,0,0,0,0,0,0,1,5,0,0,0,1,56,82801,6,1,0,0,3,3,61,125,1,0,0,0,0,7,2009,7,2009,0,0,0,0,0,1,2,30,1,5,2,1,0,0,1,98,1,1,1,0,1,1
56,560108,1,1,1,13,10,11,36,1,0,1,0,56,1,72,706,72706,80,2007,1HD1FV4187Y6,1,H,D,1,F,V,4,1,8,7,Y,6,0,M,HD,FHT,RS,7,17,,,,,,,1584,0,0,000000000,00000000000,0,0,0,1,0,0,0,0,0,0,0,999,0,0,0,0,99,6,2,1,99,99,0,1,56,82426,6,1,6,0,3,3,70,200,0,0,0,0,0,0,0,0,0,0,0,0,0,0,1,2,45,1,3,2,1,0,0,1,13,1,1,4,98,1,0
56,560109,1,1,1,29,10,20,58,34,0,1,0,56,2,22,20,22020,4,2002,1G2WK52J22F2,1,G,2,W,K,5,2,J,2,2,F,2,0,P,PONT,GFS,4D,2,17,3384,,0,1105,,G,,0,0,000000000,00000000000,0,0,0,1,0,0,0,0,0,0,0,90,0,1,5,99,99,6,2,1,0,0,0,1,56,82935,3,1,0,0,2,0,71,147,0,0,0,0,1,7,2010,7,2010,1,8,58,0,0,2,2,75,1,6,2,1,0,0,1,13,4,3,4,2,1,1
56,560110,1,1,3,5,11,16,44,35,0,1,0,0,0,98,739,98739,90,2011,4XATH76A3B21,4,X,A,T,H,7,6,A,3,B,2,1,0,M,POL,RX8,AT,11,17,,,,,,,760,0,0,000000000,00000000000,0,0,0,1,0,0,0,0,0,0,0,26,0,1,5,99,99,4,3,1,0,0,0,1,56,82609,6,7,0,0,3,2,66,120,0,0,0,0,0,0,0,0,0,1,58,52,73,0,1,2,20,1,1,4,1,0,0,1,13,12,3,4,2,1,0
56,560111,1,1,1,6,11,17,15,38,0,1,0,20,3,82,881,82881,66,2000,1FUYZCXB5YHF,1,F,U,Y,Z,C,X,B,5,Y,H,F,1,T,FRHT,FC1,DS,0,17,,8,0,0,CON,D,,1,57,1232152,571232152,3,6,3,1,0,0,0,0,0,0,0,65,0,9,5,10,99,6,2,1,99,99,0,1,37,27041,6,1,6,3,3,9,70,999,0,0,0,1,0,2,2008,2,2008,1,92,0,0,0,1,2,65,2,6,2,1,0,0,14,12,7,9,4,7,1,0
56,560112,1,1,1,9,11,6,24,35,0,1,0,46,1,12,23,12023,4,2009,3FAHP06Z39R1,3,F,A,H,P,0,6,Z,3,9,R,1,0,P,FORD,F/S,4D,9,17,3181,,0,1074,,G,,0,0,000000000,00000000000,0,0,0,1,0,0,0,0,0,0,0,75,0,1,3,12,12,6,2,21,0,0,0,1,46,57762,6,1,6,0,3,0,71,165,0,0,0,0,0,0,0,0,0,0,0,0,0,0,2,2,75,2,5,2,1,0,0,14,12,1,1,4,6,1,0
56,560113,1,1,1,7,11,1,15,35,0,1,0,56,1,7,482,7482,31,1997,3B7HF13Z0VM5,3,B,7,H,F,1,3,Z,0,V,M,5,0,T,DODG,150,PC,97,17,,2,1547,1387,RPC,G,,0,0,000000000,00000000000,0,0,0,1,0,0,0,0,0,0,0,45,0,1,5,99,99,6,2,1,0,0,0,1,56,82712,6,1,6,0,3,3,73,260,0,0,0,0,0,0,0,0,0,9,58,0,0,0,1,2,99,2,6,4,1,0,0,14,12,7,1,4,6,1,1
56,560114,1,1,4,13,11,16,25,1,0,1,0,56,1,35,402,35402,14,2003,5N1ED28Y93C6,5,N,1,E,D,2,8,Y,9,3,C,6,0,P,NISS,XTR,UT,3,17,3924,,0,1043,,G,,0,0,000000000,00000000000,0,0,0,1,0,0,0,0,0,0,0,75,0,1,4,0,99,6,2,1,99,99,0,1,56,82729,6,1,0,0,3,3,68,150,0,0,0,0,0,0,0,0,0,9,0,0,0,0,3,2,75,1,6,1,4,0,0,1,13,1,1,4,1,1,0
56,560115,1,2,1,17,11,4,55,12,9,1,0,41,1,37,31,37031,2,1998,1HGEJ8141WL1,1,H,G,E,J,8,1,4,1,W,L,1,0,P,HOND,UAX,CP,98,17,2507,,0,1032,,G,,0,0,000000000,00000000000,0,0,0,1,0,0,0,0,0,0,0,75,3,0,0,9,9,6,2,12,0,0,0,1,41,97062,6,1,0,0,3,0,68,135,0,0,0,0,0,0,0,0,0,1,58,0,0,0,3,2,75,1,1,1,4,0,0,1,51,4,2,1,32,1,0
56,560115,2,2,1,17,11,4,55,12,9,1,0,56,3,82,881,82881,66,2005,1FUJA6CK75PU,1,F,U,J,A,6,C,K,7,5,P,U,2,T,FRHT,COL,DS,5,17,,8,0,0,CON,D,,1,57,100378,57100378,3,7,2,1,0,0,0,0,0,0,0,30,0,0,0,6,6,4,3,12,0,0,0,1,56,82901,6,1,6,1,3,3,72,220,0,0,0,0,0,0,0,0,0,0,0,0,0,0,3,2,75,1,1,1,4,0,0,1,18,1,1,1,32,0,0
56,560116,1,1,2,20,11,14,18,1,0,1,0,56,1,12,481,12481,31,2001,1FTRW08L51KA,1,F,T,R,W,0,8,L,5,1,K,A,0,T,FORD,F1S,CW,1,17,,2,0,1388,COF,G,,0,0,000000000,00000000000,0,0,0,1,0,0,0,0,0,0,0,50,0,9,5,0,99,6,2,1,0,0,0,1,56,82801,6,1,0,0,3,0,73,230,0,0,0,0,0,0,0,0,0,0,0,0,0,0,1,2,65,1,5,2,4,0,0,1,12,1,4,4,7,1,0
56,560117,1,1,1,21,11,6,35,1,0,1,0,56,1,12,481,12481,31,2010,1FTSX2BR0AEA,1,F,T,S,X,2,B,R,0,A,E,A,0,T,FORD,F2S,4C,10,17,,2,1580,1418,SRW,D,,0,0,000000000,00000000000,0,0,0,1,0,0,0,0,0,0,0,50,0,9,5,0,99,6,2,1,99,99,0,1,56,82601,6,1,0,0,3,3,66,175,0,0,0,0,0,0,0,0,0,1,0,0,0,0,1,2,65,1,1,2,4,0,0,1,12,99,2,4,7,1,0
56,560118,1,1,2,28,11,17,55,35,0,1,0,56,1,12,471,12471,30,2002,1FTZR15E32PA,1,F,T,Z,R,1,5,E,3,2,P,A,0,T,FORD,RNS,PS,2,17,,1,0,1259,RNG,G,,0,0,000000000,00000000000,0,0,0,1,0,0,0,0,0,0,0,50,0,1,5,99,13,6,2,1,0,0,0,1,56,82501,6,1,0,0,3,3,66,155,1,0,0,0,1,9,2008,11,2010,1,0,0,0,0,1,2,65,1,5,2,4,0,0,2,12,1,3,4,7,1,0
56,560119,1,1,3,28,11,18,10,1,0,1,0,56,2,12,481,12481,31,2003,1FTSW31P43ED,1,F,T,S,W,3,1,P,4,3,E,D,0,T,FORD,F3S,CW,3,17,,2,1724,1562,SRW,D,,0,0,000000000,00000000000,0,0,0,1,0,0,0,0,0,0,0,50,0,9,3,0,13,6,2,1,0,0,0,1,56,82604,6,1,0,0,3,0,72,180,0,0,0,1,0,3,2010,3,2010,1,0,0,0,0,2,2,75,1,5,2,4,0,0,1,12,1,4,4,7,1,0
56,560120,1,1,1,28,11,16,56,1,0,1,0,56,1,23,481,23481,31,1998,2GTEK19R9W15,2,G,T,E,K,1,9,R,9,W,1,5,0,T,GMC,SK1,PC,98,17,,2,1555,1415,SIE,G,,0,0,000000000,00000000000,0,0,0,1,0,0,0,0,0,0,0,65,0,9,2,0,99,6,2,1,0,0,0,1,56,82410,6,1,6,0,3,9,73,310,0,0,0,0,0,0,0,0,0,0,0,0,0,0,1,2,65,1,1,2,1,0,0,1,13,99,9,4,2,1,0
56,560121,1,1,1,29,11,21,0,35,0,1,0,56,1,7,482,7482,31,1994,1B7KF26C1RS5,1,B,7,K,F,2,6,C,1,R,S,5,0,T,DODG,250,PK,94,17,,2,0,1347,RPC,D,,0,0,000000000,00000000000,0,0,0,1,0,0,0,0,0,0,0,999,0,1,5,99,13,6,2,1,0,0,0,1,56,82514,6,1,0,0,3,0,69,150,0,0,2,1,0,7,2008,1,2010,0,58,0,0,0,1,2,65,1,1,2,1,0,0,1,13,6,3,4,2,1,1
56,560122,1,1,1,15,11,1,33,1,0,1,0,8,2,12,421,12421,15,1986,1FMBU14TXGUA,1,F,M,B,U,1,4,T,X,G,U,A,0,P,FORD,BII,UT,86,17,0,,0,940,,G,,0,0,000000000,00000000000,0,0,0,1,0,0,0,0,0,0,0,999,0,9,5,0,13,6,2,1,0,0,0,1,56,82007,6,1,0,0,3,0,68,140,0,0,1,0,1,10,2010,11,2010,0,0,0,0,0,1,2,45,1,1,2,4,0,0,1,13,99,1,4,1,1,1
56,560123,1,1,2,25,11,14,0,35,0,1,0,56,1,23,422,23422,15,2006,1GKEK13T86R1,1,G,K,E,K,1,3,T,8,6,R,1,0,T,GMC,YUK,4W,6,17,,2,0,1160,YUK,G,,0,0,000000000,00000000000,0,0,0,1,0,0,0,0,0,0,0,5,0,1,5,99,13,6,2,1,0,0,0,1,56,83014,6,1,0,0,3,3,72,200,0,0,0,0,0,0,0,0,0,0,0,0,0,0,1,2,99,1,6,5,3,0,0,4,10,1,7,4,7,1,0
56,560124,1,1,2,27,11,23,45,1,0,1,0,56,2,12,401,12401,14,2002,1FMZU73E22UA,1,F,M,Z,U,7,3,E,2,2,U,A,0,P,FORD,EPR,UT,2,17,4378,,0,1137,,G,,0,0,000000000,00000000000,0,0,0,1,0,0,0,0,0,0,0,75,0,1,1,0,13,6,2,1,0,0,0,1,56,82633,6,1,0,0,3,0,65,115,0,0,0,1,1,5,2009,6,2009,0,28,58,0,0,2,2,75,1,1,2,1,0,0,1,10,7,2,2,98,1,0
56,560125,1,1,2,16,11,6,7,1,0,1,0,56,2,14,401,14401,14,1997,4M2DU55P0VUJ,4,M,2,D,U,5,5,P,0,V,U,J,0,P,MERC,MOU,UT,97,17,0,,0,1120,,G,,0,0,000000000,00000000000,0,0,0,1,0,0,0,0,0,0,0,998,0,1,1,0,12,6,2,1,0,0,0,1,56,82512,6,1,0,0,3,0,66,183,0,0,0,0,0,0,0,0,0,0,28,58,0,0,1,2,65,1,5,2,1,0,0,1,13,6,9,2,98,1,1
56,560126,1,3,2,1,12,6,53,12,7,1,0,56,1,7,20,7020,2,1997,1B3ES22C9VD2,1,B,3,E,S,2,2,C,9,V,D,2,0,P,DODG,NEE,2P,97,17,2376,,0,1040,,G,,0,0,000000000,00000000000,0,0,0,1,0,0,0,0,0,0,0,65,0,0,0,1,12,6,2,12,0,0,0,1,56,82901,6,1,0,0,3,0,66,190,0,0,0,0,0,0,0,0,0,1,35,0,0,0,1,3,65,3,6,2,4,0,0,6,10,1,1,2,44,1,0
56,560126,2,3,1,1,12,6,53,12,7,1,0,56,3,12,481,12481,31,2011,1FT7X2B65BEA,1,F,T,7,X,2,B,6,5,B,E,A,0,T,FORD,F2S,4C,11,17,,2,1580,1420,SRW,F,,0,0,000000000,00000000000,0,0,0,1,0,0,0,0,0,0,0,45,0,0,0,10,10,2,1,12,0,0,0,1,30,59714,6,1,0,0,3,0,67,145,98,0,0,0,1,8,2009,8,2009,0,0,0,0,0,1,3,65,3,6,2,4,0,0,14,60,1,1,1,45,0,0
56,560126,3,3,1,1,12,6,53,12,7,1,0,56,3,20,481,20481,31,2006,1GCHK23226F1,1,G,C,H,K,2,3,2,2,6,F,1,0,T,CHEV,2KH,CW,6,17,,2,1670,1530,SIL,D,,0,0,000000000,00000000000,0,0,0,1,0,0,0,0,0,0,0,45,0,0,0,11,12,6,2,12,0,0,0,1,56,82609,6,1,6,0,3,3,69,200,0,0,0,1,0,7,2008,7,2008,0,0,0,0,0,1,3,65,2,5,2,4,0,0,14,62,1,1,1,98,0,0
56,560127,1,1,2,2,12,9,53,31,0,1,0,53,1,20,481,20481,31,1995,1GCEK19K2SE2,1,G,C,E,K,1,9,K,2,S,E,2,0,T,CHEV,GK1,PC,95,17,,2,1555,1415,GM4,G,,0,0,000000000,00000000000,0,0,0,1,0,0,0,0,0,0,0,80,0,1,1,12,99,6,2,1,0,0,0,1,53,99301,6,1,0,0,3,0,65,140,0,0,0,1,1,5,2010,5,2010,0,58,0,0,0,2,2,75,3,1,2,1,0,0,14,13,6,1,4,1,1,0
56,560128,1,2,2,7,12,13,40,12,2,1,0,56,2,23,421,23421,15,2000,1GKDT13W2Y22,1,G,K,D,T,1,3,W,2,Y,2,2,0,T,GMC,J/E,4W,0,17,,1,0,1070,J/E,G,,0,0,000000000,00000000000,0,0,0,1,0,0,0,0,0,0,0,70,0,0,0,12,11,6,2,12,0,0,0,1,56,82716,6,1,0,0,3,0,71,190,0,1,0,0,1,2,2008,3,2009,1,33,0,0,0,1,2,55,1,6,2,1,0,0,6,10,1,1,2,50,1,1
56,560128,2,2,1,7,12,13,40,12,2,1,0,6,3,82,881,82881,66,2000,1FUYDDYB2YPA,1,F,U,Y,D,D,Y,B,2,Y,P,A,1,T,FRHT,FLD,DS,0,17,,8,0,0,CON,D,,1,57,1371913,571371913,3,6,4,1,0,0,0,0,0,0,0,50,0,0,0,12,12,6,2,12,0,0,0,1,56,82716,6,1,6,1,3,0,68,195,0,0,0,1,2,12,2007,12,2009,0,0,0,0,0,1,2,55,1,5,2,1,0,0,1,62,7,1,2,51,0,0
56,560129,1,1,1,10,12,9,30,1,0,1,0,56,1,7,482,7482,31,2007,1D7HU18267S2,1,D,7,H,U,1,8,2,6,7,S,2,0,T,DODG,SQ1,CW,7,17,,2,1605,1405,RPC,G,,0,0,000000000,00000000000,0,0,0,1,0,0,0,0,0,0,0,45,0,9,5,0,13,6,2,1,0,0,0,1,56,82925,6,1,0,0,3,9,68,213,1,0,0,0,2,1,2008,11,2009,0,58,0,0,0,1,2,65,1,1,2,3,0,0,1,13,6,4,4,2,1,0
56,560130,1,1,1,13,12,5,52,1,0,1,0,56,2,7,482,7482,31,2008,3D7KS28A48G1,3,D,7,K,S,2,8,A,4,8,G,1,0,T,DODG,SQ2,CW,8,17,,2,1605,1405,RPC,D,,0,0,000000000,00000000000,0,0,0,1,0,0,0,0,0,0,0,60,0,1,3,0,0,6,2,1,0,0,0,1,49,84062,1,1,0,0,2,0,69,130,98,0,0,0,1,9,2010,9,2010,1,87,0,0,0,2,2,75,1,6,2,4,0,0,2,12,1,4,4,7,1,0
56,560131,1,2,1,19,12,2,40,12,2,1,0,8,1,20,401,20401,14,2000,1GNCT18W1YK1,1,G,N,C,T,1,8,W,1,Y,K,1,0,P,CHEV,BZR,UT,0,17,3848,,0,1005,,G,,0,0,000000000,00000000000,0,0,0,1,0,0,0,0,0,0,0,65,0,1,5,12,12,6,2,12,0,0,1,1,8,80020,6,1,6,0,3,0,77,350,0,0,0,0,0,0,0,0,0,0,28,0,0,0,1,2,65,1,1,2,1,0,0,1,10,1,1,2,51,1,0
56,560131,2,2,4,19,12,2,40,12,2,1,0,8,3,12,481,12481,31,2004,1FTWW33PX4EC,1,F,T,W,W,3,3,P,X,4,E,C,1,T,FORD,F3D,CW,4,17,,3,1720,1560,DRW,D,,1,0,000000000,00000000000,0,0,0,1,0,0,0,0,0,0,0,65,0,0,0,12,12,6,2,12,0,0,0,1,96,0,6,1,99,9,9,9,999,999,99,99,99,99,99,99,9999,99,9999,0,0,0,0,0,1,2,65,1,1,2,1,0,0,1,54,2,1,1,50,0,0
56,560132,1,1,2,26,12,19,0,1,0,1,0,56,1,18,22,18022,4,2007,2G4WD582X712,2,G,4,W,D,5,8,2,X,7,1,2,0,P,BUIC,LAL,4D,7,17,3502,,0,1105,,G,,0,0,000000000,00000000000,0,0,0,1,0,0,0,0,0,0,0,70,0,9,5,0,13,6,2,1,0,0,0,1,56,82336,6,1,0,0,3,3,73,165,0,0,1,3,0,9,2008,3,2010,1,36,0,0,0,1,2,45,1,1,5,4,0,0,1,13,1,1,4,1,1,1
56,560133,1,1,1,18,12,7,36,58,0,1,0,56,1,12,36,12036,3,1997,KNJLT05H1V62,K,N,J,L,T,0,5,H,1,V,6,2,0,P,FORD,ASP,2H,97,17,2056,,0,907,,G,,0,0,000000000,00000000000,0,0,0,1,0,0,0,0,0,0,0,55,0,1,5,11,8,6,2,1,0,0,0,1,56,82054,6,1,6,0,3,3,74,225,0,0,0,0,0,0,0,0,0,0,0,0,0,0,1,2,55,1,1,5,1,0,0,1,13,1,7,4,2,1,1
56,560134,1,1,1,13,12,7,0,1,0,1,0,49,3,12,481,12481,31,2005,1FTSX21P65EA,1,F,T,S,X,2,1,P,6,5,E,A,0,T,FORD,F2S,4C,5,17,,2,1580,1418,SRW,D,,0,0,000000000,00000000000,0,0,0,1,0,0,0,0,0,0,0,70,0,9,5,0,99,6,2,1,0,0,0,1,56,82935,6,1,0,0,3,0,68,160,0,0,0,0,0,0,0,0,0,1,79,0,0,0,1,2,65,3,5,2,4,0,0,14,12,1,4,4,7,1,0
56,560135,1,1,1,25,2,13,15,35,0,1,0,94,3,12,481,12481,31,2008,1FTPX14518KD,1,F,T,P,X,1,4,5,1,8,K,D,0,T,FORD,F15,4C,8,17,,2,1630,1330,COF,G,,0,0,000000000,00000000000,0,0,0,1,0,0,0,0,0,0,0,999,0,1,5,99,99,6,2,1,0,0,0,1,56,82935,6,1,0,0,3,0,70,170,0,0,0,0,0,0,0,0,0,0,58,0,0,0,1,2,99,2,6,5,1,0,0,14,12,7,9,4,7,1,0
56,560136,1,1,1,20,5,11,40,38,0,1,0,56,2,72,706,72706,80,2008,1HD1FR4148Y6,1,H,D,1,F,R,4,1,4,8,Y,6,0,M,HD,FKC,RS,8,17,,,,,,,1584,0,0,000000000,00000000000,0,0,0,1,0,0,0,0,0,0,0,87,0,0,0,11,11,6,2,38,0,0,0,1,56,82901,6,1,0,0,2,0,73,245,0,0,1,0,1,8,2008,2,2009,1,0,0,0,0,1,2,99,2,1,2,1,0,0,14,12,99,1,4,6,1,0
56,560137,1,1,3,17,10,5,23,31,0,1,0,48,2,41,402,41402,14,2003,4F2YZ04183KM,4,F,2,Y,Z,0,4,1,8,3,K,M,0,P,MAZD,TRI,UT,3,17,3292,,0,1031,,G,,0,0,000000000,00000000000,0,0,0,1,0,0,0,0,0,0,0,60,0,9,1,99,99,6,2,1,0,0,0,1,48,79915,6,1,0,0,3,0,999,999,0,1,0,0,0,1,2008,1,2008,0,58,0,0,0,1,2,65,1,1,2,1,0,0,1,12,7,1,4,6,1,0
56,560138,1,1,1,26,6,15,0,35,0,1,0,30,4,72,706,72706,80,2010,1HD1BW517AB0,1,H,D,1,B,W,5,1,7,A,B,0,0,M,HD,STC,RS,10,17,,,,,,,1584,0,0,000000000,00000000000,0,0,0,1,0,0,0,0,0,0,0,45,0,0,0,99,12,6,2,35,0,0,0,1,17,61736,6,1,0,0,3,3,73,200,0,0,0,0,0,0,0,0,0,0,52,53,0,0,1,2,45,3,2,2,1,0,0,14,11,6,1,4,1,1,0
56,560139,1,2,2,14,7,13,50,12,2,1,0,27,1,72,706,72706,80,2000,1HD1FCW19YY6,1,H,D,1,F,C,W,1,9,Y,Y,6,0,M,HD,FLU,RS,0,17,,,,,,,1450,0,0,000000000,00000000000,0,0,0,1,0,0,0,0,0,0,0,45,0,0,0,12,12,6,2,12,0,0,0,1,27,56318,6,1,6,0,3,3,69,200,0,0,0,0,0,0,0,0,0,0,0,0,0,0,1,2,45,2,1,2,1,0,0,14,10,99,1,2,50,1,0
56,560139,2,2,2,14,7,13,50,12,2,1,0,12,1,12,850,12850,73,2005,1FDWE35S85HA,1,F,D,W,E,3,5,S,8,5,H,A,0,T,FORD,3DC,YY,5,17,,3,1760,1380,CTV,G,,0,0,000000000,00000000000,0,0,0,1,0,0,0,0,0,0,0,30,0,0,0,12,12,6,2,12,0,0,0,1,12,34613,6,1,0,0,3,3,70,999,0,0,0,0,0,0,0,0,0,0,0,0,0,0,1,2,45,3,1,2,1,0,0,14,54,7,1,1,51,0,0