STATE,ST_CASE,VEH_NO,VE_FORMS,NUMOCCS,DAY,MONTH,HOUR,MINUTE,HARM_EV,MAN_COLL,UNITTYPE,HIT_RUN,REG_STAT,OWNER,MAKE,MODEL,MAK_MOD,BODY_TYP,MOD_YEAR,VIN,VIN_1,VIN_2,VIN_3,VIN_4,VIN_5,VIN_6,VIN_7,VIN_8,VIN_9,VIN_10,VIN_11,VIN_12,TOW_VEH,VINTYPE,VINMAKE,VINA_MOD,VIN_BT,VINMODYR,VIN_LNGT,VIN_WGT,WGTCD_TR,WHLBS_LG,WHLBS_SH,SER_TR,FUELCODE,MCYCL_DS,J_KNIFE,MCARR_I1,MCARR_I2,MCARR_ID,GVWR,V_CONFIG,CARGO_BT,HAZ_INV,HAZ_PLAC,HAZ_ID,HAZ_CNO,HAZ_REL,BUS_USE,SPEC_USE,EMER_USE,TRAV_SP,UNDERIDE,ROLLOVER,ROLINLOC,IMPACT1,IMPACT2,DEFORMED,TOWED,M_HARM,VEH_SC1,VEH_SC2,FIRE_EXP,DR_PRES,L_STATE,DR_ZIP,L_STATUS,L_TYPE,CDL_STAT,L_ENDORS,L_COMPL,L_RESTRI,DR_HGT,DR_WGT,PREV_ACC,PREV_SUS,PREV_DWI,PREV_SPD,PREV_OTH,FIRST_MO,FIRST_YR,LAST_MO,LAST_YR,SPEEDREL,DR_SF1,DR_SF2,DR_SF3,DR_SF4,VTRAFWAY,VNUM_LAN,VSPD_LIM,VALIGN,VPROFILE,VPAVETYP,VSURCOND,VTRAFCON,VTCONT_F,P_CRASH1,P_CRASH2,P_CRASH3,PCRASH4,PCRASH5,ACC_TYPE,DEATHS,DR_DRINK
6,60036,1,2,1,9,1,15,12,12,2,1,0,6,2,37,706,37706,80,1995,1HFSC1810SA9,1,H,F,S,C,1,8,1,0,S,A,9,0,M,HOND,VT1,RS,95,17,,,,,,,1100,0,0,000000000,00000000000,0,0,0,1,0,0,0,0,0,0,0,999,0,0,0,12,12,6,2,12,0,0,0,1,6,92040,0,0,0,0,0,0,73,222,0,0,0,0,0,0,0,0,0,1,28,92,0,0,1,2,55,2,5,2,1,0,0,14,10,1,1,2,50,1,0
6,60036,2,2,1,9,1,15,12,12,2,1,0,6,1,37,32,37032,4,1999,1HGCG6655XA0,1,H,G,C,G,6,6,5,5,X,A,0,0,P,HOND,ULX,4D,99,17,3053,,0,1069,,G,,0,0,000000000,00000000000,0,0,0,1,0,0,0,0,0,0,0,35,0,0,0,12,12,6,2,12,0,0,0,1,6,91901,6,1,0,0,3,3,66,145,0,0,0,0,0,0,0,0,0,0,0,0,0,0,1,2,55,3,6,2,1,0,0,14,62,9,1,1,51,0,0
6,60037,1,1,1,10,1,1,50,8,0,1,0,6,3,85,881,85881,66,2007,1XKADB9X27R2,1,X,K,A,D,B,9,X,2,7,R,2,1,T,KW,T60,DS,7,17,,8,2600,1600,CON,D,,1,57,1175004,571175004,3,6,1,1,0,0,0,0,0,0,0,50,0,0,0,12,12,2,3,8,0,0,0,1,6,95307,6,1,6,0,3,0,63,160,0,0,0,0,0,0,0,0,0,0,0,0,0,0,3,2,55,1,1,1,2,0,0,1,80,8,1,1,13,0,0
6,60038,1,2,1,7,1,6,5,12,8,1,0,6,1,37,31,37031,3,2002,SHHEP33532U3,S,H,H,E,P,3,3,5,3,2,U,3,0,P,HOND,CVS,2H,2,17,2744,,0,1012,,G,,0,0,000000000,00000000000,0,0,0,1,0,0,0,0,0,0,0,998,0,1,5,62,99,6,2,12,0,0,0,1,6,93614,6,1,0,0,3,0,67,150,0,0,0,1,0,9,2009,9,2009,1,0,0,0,0,1,2,55,3,2,2,1,0,0,14,10,99,1,1,64,1,1
6,60038,2,2,1,7,1,6,5,12,8,1,0,6,1,6,52,6052,6,2004,3C8FY78G54T2,3,C,8,F,Y,7,8,G,5,4,T,2,0,P,CHRY,PTC,SV,4,17,3217,,0,1030,,G,,0,0,000000000,00000000000,0,0,0,1,0,0,0,0,0,0,0,55,0,0,0,62,62,6,2,12,0,0,0,1,6,93614,6,1,0,0,3,3,61,140,0,0,0,0,0,0,0,0,0,0,24,0,0,0,1,2,55,3,2,2,1,0,0,14,62,9,1,1,65,0,0
6,60039,1,1,2,7,1,8,11,14,0,1,0,6,2,37,32,37032,4,1992,JHMCB765XNC0,J,H,M,C,B,7,6,5,X,N,C,0,0,P,HOND,ALE,4D,92,17,2866,,0,1071,,G,,0,0,000000000,00000000000,0,0,0,1,0,0,0,0,0,0,0,63,4,0,0,12,12,6,2,14,0,0,1,1,6,95610,6,1,0,0,3,0,73,202,1,0,0,0,1,12,2007,12,2009,0,48,0,0,0,3,6,65,1,1,1,1,0,0,1,13,3,2,5,11,2,0
6,60040,1,2,2,7,1,9,45,12,6,1,1,6,5,37,31,37031,4,1998,JHMEJ864XWS0,J,H,M,E,J,8,6,4,X,W,S,0,0,P,HOND,UAX,4D,98,17,2505,,0,1032,,G,,0,0,000000000,00000000000,0,0,0,1,0,0,0,0,0,0,0,55,0,0,0,12,12,6,2,12,0,0,0,1,99,99999,9,9,99,9,9,9,999,999,99,99,99,99,99,99,9999,99,9999,1,0,0,0,0,1,2,35,1,1,2,1,0,0,1,17,1,1,1,88,0,0
6,60040,2,2,1,7,1,9,45,12,6,1,0,6,1,7,20,7020,4,2001,1B3AS46CX1D2,1,B,3,A,S,4,6,C,X,1,D,2,0,P,DODG,NSS,4D,1,17,2585,,0,1050,,G,,0,0,000000000,00000000000,0,0,0,1,0,0,0,0,0,0,0,998,0,0,0,63,63,6,2,12,0,0,0,1,6,92545,6,1,0,0,3,3,73,195,1,0,0,0,0,6,2009,6,2009,0,0,0,0,0,1,2,25,1,1,2,1,20,3,1,66,99,1,1,89,1,0
6,60041,1,2,2,8,1,13,45,12,6,1,0,6,1,48,45,48045,6,2003,4S3BH6757376,4,S,3,B,H,6,7,5,7,3,7,6,0,P,SUBA,UWP,SW,3,17,3430,,0,1043,,G,,0,0,000000000,00000000000,0,0,0,1,0,0,0,0,0,0,0,999,0,0,0,3,3,6,2,12,0,0,0,1,6,96062,6,1,0,0,3,3,73,150,0,0,0,0,0,0,0,0,0,0,48,0,0,0,1,2,65,1,1,2,2,0,0,1,10,99,1,2,64,1,0
6,60041,2,2,1,8,1,13,45,12,6,1,0,6,1,49,402,49402,14,2004,JTEGD20V2400,J,T,E,G,D,2,0,V,2,4,0,0,0,P,TOYT,RV4,UT,4,17,2897,,0,980,,G,,0,0,000000000,00000000000,0,0,0,1,0,0,0,0,0,0,0,55,0,0,0,12,12,6,2,12,0,0,0,1,6,96062,6,1,0,0,3,0,64,160,0,0,0,0,0,0,0,0,0,0,0,0,0,0,1,2,65,1,1,2,2,0,0,1,62,99,1,1,65,0,0
6,60042,1,1,2,13,1,17,40,35,0,1,0,6,1,20,442,20442,20,1996,1GNDU06E5TT1,1,G,N,D,U,0,6,E,5,T,T,1,0,P,CHEV,L/M,SV,96,17,3593,,0,1098,,G,,0,0,000000000,00000000000,0,0,0,1,0,0,0,0,0,0,0,999,0,1,5,12,12,6,2,1,0,0,0,1,6,93203,3,1,0,0,2,0,67,190,0,1,0,0,0,9,2007,9,2007,0,92,48,58,24,1,2,55,1,1,2,2,0,0,1,13,3,2,4,5,1,1
6,60043,1,1,3,1,1,23,1,59,0,1,0,6,1,30,40,30040,4,1998,3VWSB81H2WM1,3,V,W,S,B,8,1,H,2,W,M,1,0,P,VOLK,JGS,4D,98,17,2730,,0,974,,G,,0,0,000000000,00000000000,0,0,0,1,0,0,0,0,0,0,0,100,0,1,5,12,12,6,2,1,0,0,0,1,6,93454,6,1,0,0,3,0,71,190,0,0,0,1,0,7,2008,7,2008,1,24,39,0,0,1,2,40,1,1,2,1,0,0,1,6,99,1,4,5,1,1
6,60044,1,1,1,11,1,0,22,30,0,1,0,6,2,49,32,49032,4,1998,1NXBR18E5WZ0,1,N,X,B,R,1,8,E,5,W,Z,0,0,P,TOYT,UVL,4D,98,17,2414,,0,970,,G,,0,0,000000000,00000000000,0,0,0,1,0,0,0,0,0,0,0,999,0,0,0,9,9,6,2,30,0,0,0,1,99,99999,9,9,99,9,9,9,999,999,99,99,99,99,99,99,9999,99,9999,0,48,0,0,0,2,2,65,1,1,2,1,0,0,1,13,99,1,4,5,1,1
6,60045,1,1,2,12,1,20,10,1,0,1,0,6,1,12,17,12017,4,1997,1FALP53S9VA1,1,F,A,L,P,5,3,S,9,V,A,1,0,P,FORD,TAX,4D,97,17,0,,0,1085,,G,,0,0,000000000,00000000000,0,0,0,1,0,0,0,0,0,0,0,999,0,2,2,0,81,6,2,42,0,0,0,1,6,96041,6,1,0,0,3,0,69,146,0,0,0,0,0,0,0,0,0,0,48,0,0,0,2,2,55,1,6,2,2,0,0,1,13,99,1,4,5,1,0
6,60046,1,1,4,13,1,2,20,42,0,1,0,6,1,12,4,12004,2,1988,1FABP6048JH2,1,F,A,B,P,6,0,4,8,J,H,2,0,P,FORD,THU,2D,88,17,3215,,0,1042,,G,,0,0,000000000,00000000000,0,0,0,1,0,0,0,0,0,0,0,60,0,0,0,3,3,6,2,42,0,0,0,1,6,95453,6,1,0,0,3,0,66,160,0,0,0,0,0,0,0,0,0,1,0,0,0,0,1,2,50,1,1,2,2,28,3,1,6,99,3,4,7,1,0
6,60047,1,1,1,15,1,18,22,33,0,1,0,6,1,53,705,53705,80,2004,JS1GN7CA8421,J,S,1,G,N,7,C,A,8,4,2,1,0,M,SUZI,GSK,RS,4,17,,,,,,,599,0,0,000000000,00000000000,0,0,0,1,0,0,0,0,0,0,0,60,0,0,0,14,12,6,2,42,0,0,0,1,6,92881,1,1,0,0,2,0,73,180,2,3,2,0,0,10,2007,1,2010,1,33,52,92,0,5,2,45,3,1,2,1,0,0,14,13,1,1,4,5,1,0
6,60048,1,2,1,3,1,4,25,12,1,1,0,6,3,84,881,84881,63,2007,1HTMKAAN97H4,1,H,T,M,K,A,A,N,9,7,H,4,0,T,INTL,440,CC,7,17,,7,0,0,40S,D,,0,57,959648,57959648,3,1,1,1,0,0,0,0,0,0,0,55,0,1,3,6,6,6,2,12,0,0,0,1,6,91745,6,1,6,0,3,0,68,150,0,0,0,0,0,0,0,0,0,0,0,0,0,0,2,4,65,1,1,1,1,40,3,1,60,1,1,1,25,0,0
6,60048,2,2,3,3,1,4,25,12,1,1,1,6,2,34,35,34035,4,2006,WBANE53546CK,W,B,A,N,E,5,3,5,4,6,C,K,0,P,BMW,525,4D,6,17,3428,,0,1137,,G,,0,0,000000000,00000000000,0,0,0,1,0,0,0,0,0,0,0,80,0,0,0,12,12,6,2,12,0,0,0,1,6,90241,6,1,0,0,3,0,73,175,0,0,0,0,1,6,2008,6,2008,1,0,0,0,0,2,4,65,1,1,1,1,40,3,1,6,1,1,1,24,1,0
6,60049,1,1,1,5,1,22,34,8,0,1,0,6,1,42,42,42042,4,2001,WDBRF61J91F0,W,D,B,R,F,6,1,J,9,1,F,0,0,P,MERZ,C24,4D,1,17,3360,,0,1069,,F,,0,0,000000000,00000000000,0,0,0,1,0,0,0,0,0,0,0,998,0,0,0,12,12,4,3,8,0,0,0,1,6,90247,6,1,0,0,3,0,67,140,0,0,0,0,0,0,0,0,0,0,0,0,0,0,2,3,40,1,1,2,1,0,0,1,80,1,1,1,13,0,0
6,60050,1,2,1,10,1,13,30,12,1,1,0,6,1,72,706,72706,80,2007,1HD1FR4347Y7,1,H,D,1,F,R,4,3,4,7,Y,7,0,M,HD,FCI,RS,7,17,,,,,,,1584,0,0,000000000,00000000000,0,0,0,1,0,0,0,0,0,0,0,40,0,0,0,12,12,2,3,12,0,0,0,1,6,90745,6,1,0,0,3,0,72,185,0,0,0,0,0,0,0,0,0,1,0,0,0,0,3,6,65,1,1,1,1,0,0,1,50,3,2,4,24,1,0
6,60050,2,2,1,10,1,13,30,12,1,1,0,6,1,72,706,72706,80,2003,1HD1FCW443Y6,1,H,D,1,F,C,W,4,4,3,Y,6,0,M,HD,FUA,RS,3,17,,,,,,,1450,0,0,000000000,00000000000,0,0,0,1,0,0,0,0,0,0,0,40,0,0,0,6,6,2,3,12,0,0,0,1,6,90503,6,1,0,0,3,0,65,148,0,0,0,1,0,6,2009,6,2009,0,0,0,0,0,3,6,65,1,1,1,1,0,0,1,11,1,1,4,25,0,0
6,60051,1,3,2,15,1,16,3,12,6,1,0,17,1,18,3,18003,4,1999,1G4CU5211X46,1,G,4,C,U,5,2,1,1,X,4,6,0,P,BUIC,PAU,4D,99,17,3884,,0,1138,,G,,0,0,000000000,00000000000,0,0,0,1,0,0,0,0,0,0,0,98,0,0,0,3,3,6,2,12,0,0,0,1,17,60062,6,1,0,0,3,1,63,125,0,0,0,0,0,0,0,0,0,0,38,0,0,0,2,2,50,1,1,2,1,2,3,11,15,1,1,1,82,0,0
6,60051,2,3,1,15,1,16,3,12,6,1,0,6,1,73,705,73705,80,2002,JKAZX4E192B5,J,K,A,Z,X,4,E,1,9,2,B,5,0,M,KAWK,ZXE,RS,2,17,,,,,,,600,0,0,000000000,00000000000,0,0,0,1,0,0,0,0,0,0,0,998,0,0,0,12,12,6,2,12,0,0,0,1,6,92201,6,1,0,0,3,0,76,180,0,0,0,0,0,0,0,0,0,0,0,0,0,0,2,2,50,1,1,2,1,2,3,1,17,1,1,1,83,1,0
6,60051,3,3,2,15,1,16,3,12,6,1,0,6,1,34,34,34034,4,1999,WBAAM3333XFP,W,B,A,A,M,3,3,3,3,X,F,P,0,P,BMW,23U,4D,99,17,3153,,0,1073,,G,,0,0,000000000,00000000000,0,0,0,1,0,0,0,0,0,0,0,0,0,0,0,12,12,2,1,12,0,0,0,1,6,92270,6,1,0,0,3,3,63,130,0,0,0,0,0,0,0,0,0,0,0,0,0,0,1,2,50,1,1,2,1,1,3,5,67,1,1,1,98,0,0
6,60052,1,2,3,15,1,20,15,12,2,1,0,6,1,37,441,37441,20,2005,5FNRL38765B0,5,F,N,R,L,3,8,7,6,5,B,0,0,P,HOND,UDY,SV,5,17,4537,,0,1181,,G,,0,0,000000000,00000000000,0,0,0,1,0,0,0,0,0,0,0,70,0,0,0,12,12,6,2,12,0,0,0,1,6,92128,6,1,0,0,3,0,67,145,0,0,0,0,0,0,0,0,0,0,0,0,0,0,1,2,65,1,1,2,1,0,0,1,62,1,1,1,59,0,0
6,60052,2,2,1,15,1,20,15,12,2,1,0,6,2,49,50,49050,3,2008,JTKDE1674802,J,T,K,D,E,1,6,7,4,8,0,2,0,P,TOYT,SXC,LB,8,17,2905,,0,1063,,G,,0,0,000000000,00000000000,0,0,0,1,0,0,0,0,0,0,0,0,0,0,0,12,12,6,2,12,0,0,0,1,6,91745,6,1,0,0,3,3,67,180,0,0,0,0,0,0,0,0,0,0,85,0,0,0,1,2,65,1,1,2,1,0,0,1,54,7,1,2,58,1,0
6,60053,1,2,2,16,1,9,7,12,6,1,0,6,1,12,471,12471,30,2000,1FTYR10C8YPA,1,F,T,Y,R,1,0,C,8,Y,P,A,0,T,FORD,RNG,PK,0,17,,1,1175,1116,RNG,G,,0,0,000000000,00000000000,0,0,0,1,0,0,0,0,0,0,0,998,0,1,5,9,9,6,2,12,0,0,0,1,6,93454,6,1,0,0,3,0,72,181,1,0,0,0,1,7,2009,9,2009,0,38,0,0,0,1,2,55,1,1,2,1,20,3,11,15,1,1,1,82,1,0
6,60053,2,2,1,16,1,9,7,12,6,1,0,6,3,85,881,85881,63,2008,2NKMHN7X88M2,2,N,K,M,H,N,7,X,8,8,M,2,1,T,KW,T30,CC,8,17,,7,2800,1450,CON,D,,1,6,114030,06114030,3,4,97,1,0,0,0,0,0,0,0,55,0,0,0,12,12,4,3,12,0,0,0,1,6,93454,6,1,6,0,3,0,67,160,0,0,0,0,0,0,0,0,0,0,0,0,0,0,1,2,55,1,1,2,1,20,3,1,17,1,1,1,83,0,0
6,60054,1,2,3,17,1,18,35,12,6,1,0,6,1,59,401,59401,14,2002,JTJGF10U6201,J,T,J,G,F,1,0,U,6,2,0,1,0,P,LEXS,RX3,UT,2,17,3715,,0,1031,,G,,0,0,000000000,00000000000,0,0,0,1,0,0,0,0,0,0,0,999,0,0,0,3,3,6,2,12,0,0,0,1,6,90004,6,1,0,0,3,3,63,100,1,2,0,0,1,1,2008,9,2009,0,48,0,0,0,2,1,65,1,1,1,2,0,0,1,9,1,9,6,64,1,0
6,60054,2,2,3,17,1,18,35,12,6,1,0,6,1,37,31,37031,4,2002,1HGES16552L0,1,H,G,E,S,1,6,5,5,2,L,0,0,P,HOND,UCL,4D,2,17,2515,,0,1031,,G,,0,0,000000000,00000000000,0,0,0,1,0,0,0,0,0,0,0,53,0,0,0,12,12,6,2,12,0,0,0,1,6,93308,6,1,0,0,3,3,70,152,0,0,0,0,0,0,0,0,0,0,0,0,0,0,2,1,65,1,1,1,2,0,0,1,62,1,1,1,65,0,0
6,60055,1,2,1,18,1,10,58,24,0,1,0,6,1,37,32,37032,4,1996,1HGCD5636TA1,1,H,G,C,D,5,6,3,6,T,A,1,0,P,HOND,ULE,4D,96,17,2864,,0,1069,,G,,0,0,000000000,00000000000,0,0,0,1,0,0,0,0,0,0,0,68,0,0,0,81,61,6,2,12,0,0,0,1,6,92583,0,0,0,0,0,0,60,100,0,0,0,0,0,0,0,0,0,1,48,92,0,0,1,2,55,2,1,2,2,0,0,14,11,1,1,4,1,1,0
6,60055,2,2,1,18,1,10,58,24,0,1,0,6,3,87,882,87882,63,1992,1XPZX50X0ND7,1,X,P,Z,X,5,0,X,0,N,D,7,0,T,PTRB,320,TL,92,17,,8,0,0,COE,D,,0,57,531552,57531552,3,2,7,1,0,0,0,0,0,0,0,38,0,0,0,12,12,4,3,12,0,0,0,1,6,92399,6,1,6,0,3,0,72,211,0,0,0,0,0,0,0,0,0,0,0,0,0,0,1,2,55,3,1,2,2,0,0,14,62,1,1,1,98,0,0
6,60056,1,3,1,18,1,11,6,12,1,1,0,6,1,49,32,49032,4,1997,1NXBA02E7VZ6,1,N,X,B,A,0,2,E,7,V,Z,6,0,P,TOYT,UCC,4D,97,17,2337,,0,970,,G,,0,0,000000000,00000000000,0,0,0,1,0,0,0,0,0,0,0,998,0,0,0,12,12,6,2,12,0,0,0,1,6,95824,6,1,0,0,3,0,64,170,0,0,0,0,0,0,0,0,0,1,0,0,0,0,5,4,45,1,1,2,2,2,3,1,6,1,1,1,20,1,0
6,60056,2,3,2,18,1,11,6,12,1,1,0,6,1,41,51,41051,4,2008,JM1BK12G7818,J,M,1,B,K,1,2,G,7,8,1,8,0,P,MAZD,M3I,4D,8,17,2780,,0,1039,,G,,0,0,000000000,00000000000,0,0,0,1,0,0,0,0,0,0,0,0,0,0,0,6,12,6,2,12,0,0,0,1,6,95833,6,1,0,0,3,0,65,160,1,0,0,0,0,7,2009,7,2009,0,0,0,0,0,5,4,45,1,1,2,2,2,3,5,53,1,1,1,21,0,0
6,60056,3,3,3,18,1,11,6,12,1,1,0,6,1,2,404,2404,14,2007,1J8GS48K87C5,1,J,8,G,S,4,8,K,8,7,C,5,0,T,JEEP,LCF,4W,7,17,,1,0,1095,GCK,G,,0,0,000000000,00000000000,0,0,0,1,0,0,0,0,0,0,0,0,0,0,0,6,6,2,1,12,0,0,0,1,6,95757,6,1,0,0,3,3,61,120,0,0,0,0,1,9,2008,9,2008,0,0,0,0,0,5,4,45,1,1,2,2,2,3,5,53,1,1,1,98,0,0
6,60057,1,2,3,18,1,14,35,12,6,1,0,6,2,20,481,20481,31,2002,2GCEC19W8213,2,G,C,E,C,1,9,W,8,2,1,3,0,T,CHEV,SC1,4C,2,17,,2,1575,1435,SIL,G,,0,0,000000000,00000000000,0,0,0,1,0,0,0,0,0,0,0,50,0,0,0,3,3,6,2,12,0,0,0,1,6,91773,6,1,0,0,3,0,73,220,0,0,0,0,0,0,0,0,0,1,51,87,0,0,2,2,65,1,5,2,2,0,0,1,6,1,4,2,64,1,1
6,60057,2,2,2,18,1,14,35,12,6,1,0,92,0,63,33,63033,4,2003,KNAFB1217352,K,N,A,F,B,1,2,1,7,3,5,2,0,P,KIA,STL,4D,3,17,2661,,0,1008,,G,,0,0,000000000,00000000000,0,0,0,1,0,0,0,0,0,0,0,50,0,0,0,12,12,6,2,12,0,0,0,1,6,92223,6,1,0,0,3,0,69,250,0,0,0,0,0,0,0,0,0,0,0,0,0,0,2,2,65,1,6,2,2,0,0,1,62,7,1,1,65,0,0
6,60058,1,1,1,18,1,18,40,8,0,1,0,6,1,20,421,20421,15,2003,1GNEK13TX3R1,1,G,N,E,K,1,3,T,X,3,R,1,0,P,CHEV,KTA,UT,3,17,5050,,0,1160,,G,,0,0,000000000,00000000000,0,0,0,1,0,0,0,0,0,0,0,998,0,0,0,12,12,2,1,8,0,0,0,1,6,90280,6,1,0,0,3,0,65,170,0,0,0,0,1,9,2009,9,2009,0,0,0,0,0,1,4,35,1,1,2,2,0,0,1,80,1,1,1,13,0,0
6,60059,1,1,2,18,1,22,20,14,0,1,0,6,1,12,3,12003,2,2002,1FAFP40442F1,1,F,A,F,P,4,0,4,4,2,F,1,0,P,FORD,MUS,CP,2,17,3066,,0,1013,,G,,0,0,000000000,00000000000,0,0,0,1,0,0,0,0,0,0,0,998,0,0,0,12,3,6,2,14,0,0,0,1,6,90031,6,1,0,0,3,0,67,139,1,0,0,0,0,9,2007,9,2007,1,85,0,0,0,5,2,25,1,1,2,2,0,0,1,10,6,1,4,8,1,0
6,60060,1,3,1,19,1,10,25,12,2,1,0,6,1,37,706,37706,80,1995,JH2RC341XSM3,J,H,2,R,C,3,4,1,X,S,M,3,0,M,HOND,PC8,RS,95,17,,,,,,,800,0,0,000000000,00000000000,0,0,0,1,0,0,0,0,0,0,0,40,0,0,0,12,12,6,2,12,0,0,0,1,6,92024,6,1,0,0,3,0,73,195,0,0,0,0,0,0,0,0,0,0,51,0,0,0,1,2,70,1,1,2,11,0,0,6,10,1,1,2,50,1,0
6,60060,2,3,1,19,1,10,25,12,2,1,0,6,3,82,881,82881,66,2006,1FUJF6CV66DU,1,F,U,J,F,6,C,V,6,6,D,U,1,T,FRHT,CLC,DS,6,17,,8,0,0,CON,D,,1,57,1136836,571136836,3,6,2,1,0,0,0,0,0,0,0,48,0,0,0,12,12,4,3,12,0,0,0,1,6,93306,6,1,6,0,3,0,66,175,0,0,0,0,3,2,2008,2,2009,0,0,0,0,0,1,2,55,1,5,2,11,0,0,1,62,4,1,1,51,0,0
6,60060,3,3,3,19,1,10,25,12,2,1,0,6,2,41,51,41051,4,2007,JM1BK12G1717,J,M,1,B,K,1,2,G,1,7,1,7,0,P,MAZD,M3I,4D,7,17,2780,,0,1039,,G,,0,0,000000000,00000000000,0,0,0,1,0,0,0,0,0,0,0,40,0,0,0,12,12,2,1,54,0,0,0,1,12,32164,6,1,0,0,3,3,71,170,0,0,0,0,0,0,0,0,0,0,0,0,0,0,1,2,70,1,1,2,11,0,0,1,98,1,1,1,98,0,0
6,60061,1,1,1,19,1,13,55,8,0,1,0,53,1,52,46,52046,4,2008,JA3AU86U88U0,J,A,3,A,U,8,6,U,8,8,U,0,0,P,MITS,LGT,4D,8,17,3031,,0,1037,,G,,0,0,000000000,00000000000,0,0,0,1,0,0,0,0,0,0,0,35,0,0,0,12,12,4,1,8,0,0,0,1,6,90501,1,1,0,0,2,3,63,135,0,0,0,0,0,0,0,0,0,0,38,0,0,0,1,4,35,1,1,2,2,0,0,1,80,1,1,1,13,0,0
6,60062,1,1,1,1,1,19,14,8,0,1,1,99,9,99,999,99999,99,9999,999999999999,9,9,9,9,9,9,9,9,9,9,9,9,9,U,,,,9,17,,,,,,,,0,99,999999999,99999999999,9,99,99,1,0,0,0,0,99,99,9,999,0,0,0,12,12,9,1,8,99,99,0,1,99,99999,9,9,99,9,9,9,999,999,99,99,99,99,99,99,9999,99,9999,0,33,0,0,0,5,2,35,1,1,2,1,0,0,6,80,99,1,2,13,0,0
6,60063,1,1,1,1,1,21,6,11,0,1,0,6,1,49,40,49040,4,1995,JT2SK12E1S02,J,T,2,S,K,1,2,E,1,S,0,2,0,P,TOYT,CLE,4D,95,17,3086,,0,1031,,G,,0,0,000000000,00000000000,0,0,0,1,0,0,0,0,0,0,0,999,0,1,2,12,12,6,2,11,0,0,0,1,6,95370,6,1,0,0,3,0,66,170,0,0,0,0,0,0,0,0,0,9,24,48,0,0,1,2,45,1,1,2,1,0,0,1,87,99,1,1,13,1,0
6,60064,1,1,2,2,1,18,11,43,0,1,0,6,2,20,22,20022,4,2006,1G1AL55F2676,1,G,1,A,L,5,5,F,2,6,7,6,0,P,CHEV,BLT,4D,6,17,3216,,0,1033,,G,,0,0,000000000,00000000000,0,0,0,1,0,0,0,0,0,0,0,55,0,9,6,12,12,6,2,3,0,0,0,1,6,91340,6,1,0,0,3,0,70,180,1,0,0,0,0,10,2008,10,2008,0,48,58,0,0,1,2,55,1,1,2,1,0,0,1,13,99,4,4,7,2,0
6,60065,1,2,2,13,1,4,26,12,6,1,0,6,2,37,32,37032,4,2000,JHMCG6697YC0,J,H,M,C,G,6,6,9,7,Y,C,0,0,P,HOND,USE,4D,0,17,3086,,0,1069,,G,,0,0,000000000,00000000000,0,0,0,1,0,0,0,0,0,0,0,35,0,0,0,12,12,6,2,12,0,0,0,1,6,90630,0,0,0,0,0,0,63,120,0,0,0,0,0,0,0,0,0,0,92,39,0,0,2,2,40,1,1,2,2,3,3,1,17,99,1,1,88,1,0
6,60065,2,2,1,13,1,4,26,12,6,1,0,6,1,49,472,49472,30,2004,5TEGN92N04Z4,5,T,E,G,N,9,2,N,0,4,Z,4,0,T,TOYT,DCP,CW,4,17,,1,0,1219,TAC,G,,0,0,000000000,00000000000,0,0,0,1,0,0,0,0,0,0,0,35,0,0,0,63,63,6,2,12,0,0,0,1,6,90620,6,1,0,0,3,0,71,180,0,0,0,0,0,0,0,0,0,0,0,0,0,0,1,4,40,1,1,2,2,3,3,1,66,99,1,1,89,0,0
6,60066,1,1,1,13,1,17,34,8,0,1,1,99,9,99,999,99999,99,9999,999999999999,9,9,9,9,9,9,9,9,9,9,9,9,0,U,,,,9,17,,,,,,,,0,0,000000000,00000000000,0,0,0,1,0,0,0,0,0,0,0,998,0,0,0,12,12,9,1,8,99,99,0,1,99,99999,9,9,99,9,9,9,999,999,99,99,99,99,99,99,9999,99,9999,0,38,0,0,0,1,2,25,1,1,2,1,20,3,10,80,99,1,1,13,0,0
6,60067,1,1,1,13,1,17,45,8,0,1,0,6,1,13,421,13421,15,2005,5LMFU27575LJ,5,L,M,F,U,2,7,5,7,5,L,J,0,P,LINC,NAV,UT,5,17,5601,,0,1190,,G,,0,0,000000000,00000000000,0,0,0,1,0,0,0,0,0,0,0,998,0,0,0,12,12,2,1,8,0,0,0,1,6,93536,6,1,6,0,3,0,69,250,0,0,0,0,3,12,2007,1,2009,0,0,0,0,0,5,5,40,1,1,2,1,0,0,1,80,99,1,1,13,0,0
6,60068,1,3,1,13,1,18,25,33,0,1,1,6,5,37,31,37031,2,1995,1HGEJ2223SL0,1,H,G,E,J,2,2,2,3,S,L,0,0,P,HOND,CID,CP,95,17,2168,,0,1032,,G,,0,0,000000000,00000000000,0,0,0,1,0,0,0,0,0,0,0,998,0,0,0,14,12,4,3,12,0,0,0,1,6,92553,0,0,0,0,0,0,73,150,0,1,0,0,1,8,2007,5,2008,1,92,91,48,27,1,4,45,1,1,1,1,0,0,6,13,99,1,4,98,0,0
6,60068,2,3,2,13,1,18,25,33,0,1,0,6,1,12,401,12401,14,2002,1FMZU62K32ZC,1,F,M,Z,U,6,2,K,3,2,Z,C,0,P,FORD,EPR,UT,2,17,4094,,0,1137,,F,,0,0,000000000,00000000000,0,0,0,1,0,0,0,0,0,0,0,998,0,0,0,3,12,6,2,12,0,0,0,1,6,92555,6,1,0,0,3,0,63,149,0,0,0,0,0,0,0,0,0,0,0,0,0,0,1,4,45,1,1,1,1,0,0,1,53,99,1,2,98,1,0