STATE,ST_CASE,VEH_NO,VE_FORMS,NUMOCCS,DAY,MONTH,HOUR,MINUTE,HARM_EV,MAN_COLL,UNITTYPE,HIT_RUN,REG_STAT,OWNER,MAKE,MODEL,MAK_MOD,BODY_TYP,MOD_YEAR,VIN,VIN_1,VIN_2,VIN_3,VIN_4,VIN_5,VIN_6,VIN_7,VIN_8,VIN_9,VIN_10,VIN_11,VIN_12,TOW_VEH,VINTYPE,VINMAKE,VINA_MOD,VIN_BT,VINMODYR,VIN_LNGT,VIN_WGT,WGTCD_TR,WHLBS_LG,WHLBS_SH,SER_TR,FUELCODE,MCYCL_DS,J_KNIFE,MCARR_I1,MCARR_I2,MCARR_ID,GVWR,V_CONFIG,CARGO_BT,HAZ_INV,HAZ_PLAC,HAZ_ID,HAZ_CNO,HAZ_REL,BUS_USE,SPEC_USE,EMER_USE,TRAV_SP,UNDERIDE,ROLLOVER,ROLINLOC,IMPACT1,IMPACT2,DEFORMED,TOWED,M_HARM,VEH_SC1,VEH_SC2,FIRE_EXP,DR_PRES,L_STATE,DR_ZIP,L_STATUS,L_TYPE,CDL_STAT,L_ENDORS,L_COMPL,L_RESTRI,DR_HGT,DR_WGT,PREV_ACC,PREV_SUS,PREV_DWI,PREV_SPD,PREV_OTH,FIRST_MO,FIRST_YR,LAST_MO,LAST_YR,SPEEDREL,DR_SF1,DR_SF2,DR_SF3,DR_SF4,VTRAFWAY,VNUM_LAN,VSPD_LIM,VALIGN,VPROFILE,VPAVETYP,VSURCOND,VTRAFCON,VTCONT_F,P_CRASH1,P_CRASH2,P_CRASH3,PCRASH4,PCRASH5,ACC_TYPE,DEATHS,DR_DRINK
6,60221,1,1,1,30,1,16,21,33,0,1,0,6,1,7,850,7850,65,1977,F44CF7V02996,F,4,4,C,F,7,V,0,2,9,9,6,0,P,,,,,,,,,,,,,0,0,000000000,00000000000,0,0,0,1,0,0,0,0,0,0,0,999,0,0,0,14,12,6,2,42,0,0,0,1,6,95376,6,1,0,0,3,3,62,217,0,0,0,0,0,0,0,0,0,0,48,0,0,0,5,4,30,3,1,2,1,0,0,14,13,1,1,4,5,1,0
6,60222,1,1,1,30,1,22,1,42,0,1,0,6,2,88,881,88881,66,9999,1FUYSSZB0YPA,1,F,U,Y,S,S,Z,B,0,Y,P,A,1,T,FRHT,FC2,DS,0,17,,8,0,0,CON,D,,1,57,1749901,571749901,3,6,1,1,0,0,0,0,0,0,0,0,0,0,0,12,12,6,2,38,0,0,0,1,6,91326,1,1,1,1,2,0,68,200,1,1,0,0,4,1,2008,4,2009,0,24,48,92,0,2,2,65,3,1,2,1,0,0,14,13,1,1,4,5,1,1
6,60223,1,1,1,16,2,8,55,8,0,1,0,6,2,12,3,12003,1,2003,1FAFP45X03F3,1,F,A,F,P,4,5,X,0,3,F,3,0,P,FORD,MGT,CV,3,17,3254,,0,1013,,G,,0,0,000000000,00000000000,0,0,0,1,0,0,0,0,0,0,0,43,0,0,0,12,12,4,3,8,0,0,0,1,6,92021,6,1,0,0,3,0,63,135,0,0,0,0,0,0,0,0,0,0,0,0,0,0,5,2,45,1,1,2,1,0,0,1,80,1,1,1,13,0,0
6,60224,1,1,1,16,2,20,59,8,0,1,0,6,2,37,32,37032,4,1999,1HGCG1652XA0,1,H,G,C,G,1,6,5,2,X,A,0,0,P,HOND,UEX,4D,99,17,3285,,0,1069,,G,,0,0,000000000,00000000000,0,0,0,1,0,0,0,0,0,0,0,65,0,0,0,12,12,4,1,8,0,0,0,1,6,94533,6,1,0,0,3,0,66,230,0,0,0,0,0,0,0,0,0,0,0,0,0,0,3,4,65,1,1,2,1,0,0,1,80,1,1,1,13,0,0
6,60225,1,1,1,17,2,14,15,15,0,1,0,6,2,49,40,49040,4,2008,4T1BE46K48U7,4,T,1,B,E,4,6,K,4,8,U,7,0,P,TOYT,XSL,4D,8,17,3263,,0,1093,,G,,0,0,000000000,00000000000,0,0,0,1,0,0,0,0,0,0,0,998,0,0,0,12,12,0,1,15,0,0,0,1,6,90005,6,1,0,0,3,0,69,155,0,0,0,0,0,0,0,0,0,0,0,0,0,0,1,2,25,1,1,2,1,20,3,10,80,1,1,1,13,0,0
6,60226,1,2,1,18,2,8,7,12,6,1,0,1,1,23,481,23481,31,2005,2GTEK19B0512,2,G,T,E,K,1,9,B,0,5,1,2,0,T,GMC,NK1,4C,5,17,,2,1575,1435,SIE,G,,0,0,000000000,00000000000,0,0,0,1,0,0,0,0,0,0,0,45,1,0,0,12,12,6,2,12,0,0,1,1,1,36582,6,1,0,0,3,3,67,155,0,0,0,0,0,0,0,0,0,0,0,0,0,0,1,2,55,1,2,2,1,0,0,1,67,2,2,1,83,1,0
6,60226,2,2,1,18,2,8,7,12,6,1,0,6,3,82,883,82883,66,2006,1FUBA6CG16LW,1,F,U,B,A,6,C,G,1,6,L,W,2,T,FRHT,COL,DS,6,17,,8,0,0,CON,D,,1,57,457124,57457124,3,7,97,1,0,0,0,0,0,0,0,998,0,0,0,7,7,4,3,12,0,0,1,1,6,93304,6,1,6,1,3,0,70,210,0,0,0,0,0,0,0,0,0,0,0,0,0,0,6,1,98,3,2,2,1,20,3,11,15,1,1,1,82,0,0
6,60227,1,2,1,18,2,18,17,9,0,1,1,99,9,99,999,99999,99,9999,999999999999,9,9,9,9,9,9,9,9,9,9,9,9,0,U,,,,9,17,,,,,,,,0,0,000000000,00000000000,0,0,0,1,0,0,0,0,0,0,0,35,0,0,0,12,12,9,1,9,0,0,0,1,99,99999,9,9,99,9,9,9,999,999,99,99,99,99,99,99,9999,99,9999,0,0,0,0,0,5,4,40,1,1,1,1,0,0,1,83,8,2,1,13,0,0
6,60227,2,2,2,18,2,18,17,9,0,1,0,6,1,55,36,55036,3,1999,KMHVD14N6XU4,K,M,H,V,D,1,4,N,6,X,U,4,0,P,HYUN,ACL,2H,99,17,2088,,0,945,,G,,0,0,000000000,00000000000,0,0,0,1,0,0,0,0,0,0,0,35,0,0,0,14,14,0,1,9,0,0,0,1,6,95823,6,1,0,0,3,0,65,160,0,0,0,0,0,0,0,0,0,0,0,0,0,0,5,4,40,1,1,1,1,0,0,1,83,8,2,1,98,0,0
6,60228,1,1,1,8,2,12,50,9,0,1,0,6,3,98,809,98809,63,2008,2FZHAZCV28AZ,2,F,Z,H,A,Z,C,V,2,8,A,Z,0,T,STRG,LT9,TM,8,17,,8,0,0,STE,D,,0,57,39962,5739962,3,2,4,1,0,0,0,0,0,0,0,998,0,0,0,12,12,0,3,9,0,0,0,1,6,92124,6,1,6,0,3,0,70,180,0,0,0,0,0,0,0,0,0,0,0,0,0,0,3,2,35,1,1,2,1,3,3,1,83,1,1,1,13,0,0
6,60229,1,2,1,15,2,17,50,12,6,1,0,6,1,37,32,37032,4,2000,1HGCG6652YA0,1,H,G,C,G,6,6,5,2,Y,A,0,0,P,HOND,ULX,4D,0,17,3053,,0,1069,,G,,0,0,000000000,00000000000,0,0,0,1,0,0,0,0,0,0,0,999,0,0,0,61,61,6,2,12,0,0,0,1,6,93105,6,1,0,0,3,0,66,160,0,0,0,0,1,11,2008,11,2008,0,39,0,0,0,1,2,45,1,1,2,1,20,3,1,17,1,1,1,89,1,1
6,60229,2,2,3,15,2,17,50,12,6,1,0,6,2,37,31,37031,2,1996,1HGEJ6127TL0,1,H,G,E,J,6,1,2,7,T,L,0,0,P,HOND,UCD,CP,96,17,2208,,0,1032,,G,,0,0,000000000,00000000000,0,0,0,1,0,0,0,0,0,0,0,60,0,0,0,12,12,6,2,12,0,0,0,1,6,93550,6,1,0,0,3,0,68,215,0,0,0,1,1,11,2007,9,2008,0,0,0,0,0,1,2,55,1,1,2,1,0,0,1,66,1,1,1,88,0,0
6,60230,1,1,1,17,2,1,27,39,0,1,0,6,1,20,36,20036,2,1998,2G1WX12K3W91,2,G,1,W,X,1,2,K,3,W,9,1,0,P,CHEV,MZ3,CP,98,17,3452,,0,1075,,G,,0,0,000000000,00000000000,0,0,0,1,0,0,0,0,0,0,0,999,0,1,6,12,12,6,2,1,0,0,1,1,6,95476,6,1,0,0,3,0,64,120,0,1,0,0,0,9,2007,9,2007,1,37,0,0,0,1,2,40,1,1,2,1,20,3,1,13,1,1,4,1,1,1
6,60231,1,1,2,17,2,8,13,33,0,1,0,6,2,20,4,20004,2,2003,1G1YY22G7351,1,G,1,Y,Y,2,2,G,7,3,5,1,0,P,CHEV,CVT,CP,3,17,3214,,0,1045,,G,,0,0,000000000,00000000000,0,0,0,1,0,0,0,0,0,0,0,998,0,0,0,14,12,6,2,42,0,0,0,1,6,92653,6,1,0,0,3,0,65,160,0,4,0,0,0,11,2007,12,2008,1,58,0,0,0,1,2,30,1,1,2,1,0,0,1,6,1,1,4,1,1,0
6,60232,1,2,2,19,2,14,20,12,6,1,0,53,1,12,481,12481,31,1999,1FTNX20S1XEB,1,F,T,N,X,2,0,S,1,X,E,B,1,T,FORD,F2S,4C,99,17,,2,1580,1418,SRW,G,,1,0,000000000,00000000000,0,0,0,1,0,0,0,0,0,0,0,998,0,0,0,82,82,4,3,12,0,0,0,1,53,98537,6,1,0,0,3,0,73,210,0,0,0,0,0,0,0,0,0,0,0,0,0,0,1,2,55,1,6,2,1,0,0,11,15,1,1,1,68,1,0
6,60232,2,2,1,19,2,14,20,12,6,1,0,95,1,72,706,72706,80,2007,5HD1FC4197Y6,5,H,D,1,F,C,4,1,9,7,Y,6,0,M,HD,FLU,RS,7,17,,,,,,,1584,0,0,000000000,00000000000,0,0,0,1,0,0,0,0,0,0,0,998,0,0,0,12,12,6,2,12,0,0,0,1,95,99999,6,1,0,0,3,0,72,209,0,0,0,0,0,0,0,0,0,0,0,0,0,0,1,2,55,1,6,2,1,20,3,1,62,1,1,1,69,1,0
6,60233,1,1,1,19,2,18,54,9,0,1,1,99,9,99,999,99999,99,9999,999999999999,9,9,9,9,9,9,9,9,9,9,9,9,0,U,,,,9,17,,,,,,,,0,0,000000000,00000000000,0,0,0,1,0,0,0,0,0,0,0,999,0,0,0,12,12,9,1,9,0,0,0,1,99,99999,9,9,99,0,9,9,999,999,99,99,99,99,99,99,9999,99,9999,9,99,99,99,99,1,2,45,1,1,2,1,0,0,1,83,3,2,1,13,0,0
6,60234,1,1,2,14,2,4,31,14,0,1,0,6,2,37,31,37031,4,2008,2HGFA16508H3,2,H,G,F,A,1,6,5,0,8,H,3,0,P,HOND,UCL,4D,8,17,2751,,0,1063,,G,,0,0,000000000,00000000000,0,0,0,1,0,0,0,0,0,0,0,998,0,0,0,12,12,6,2,14,0,0,0,1,6,90011,9,9,99,0,9,9,67,170,99,99,99,99,99,99,9999,99,9999,0,37,92,0,0,1,2,25,1,1,2,1,0,0,1,10,1,1,4,11,2,1
6,60235,1,2,4,14,2,6,47,12,6,1,0,6,1,37,32,37032,4,1996,1HGCD5630TA1,1,H,G,C,D,5,6,3,0,T,A,1,0,P,HOND,ULE,4D,96,17,2864,,0,1069,,G,,0,0,000000000,00000000000,0,0,0,1,0,0,0,0,0,0,0,5,0,0,0,5,5,6,2,12,0,0,0,1,6,95334,6,1,0,0,3,3,64,110,0,0,0,0,1,7,2009,7,2009,0,38,0,0,0,1,2,55,1,1,2,1,20,3,11,15,1,1,1,76,0,0
6,60235,2,2,5,14,2,6,47,12,6,1,0,41,1,20,441,20441,20,1999,1GNDM19W5XB1,1,G,N,D,M,1,9,W,5,X,B,1,0,T,CHEV,AST,ES,99,17,,1,0,1112,AST,G,,0,0,000000000,00000000000,0,0,0,1,0,0,0,0,0,0,0,35,0,1,1,12,12,6,2,1,0,0,0,1,6,93706,0,0,0,0,0,0,66,200,0,0,0,0,0,0,0,0,0,0,92,0,0,0,1,2,55,1,1,2,1,0,0,1,65,1,1,1,77,1,0
6,60236,1,2,3,14,2,13,19,12,6,1,0,6,2,37,31,37031,2,2004,1HGEM22184L0,1,H,G,E,M,2,2,1,8,4,L,0,0,P,HOND,CVP,CP,4,17,0,,0,1031,,G,,0,0,000000000,00000000000,0,0,0,1,0,0,0,0,0,0,0,50,0,1,1,3,3,6,2,12,0,0,0,1,6,95917,6,1,0,0,3,0,59,112,0,0,0,0,0,0,0,0,0,0,28,0,0,0,1,2,55,1,1,2,1,0,0,1,10,8,4,4,64,0,0
6,60236,2,2,1,14,2,13,19,12,6,1,0,6,1,12,37,12037,4,2005,1FAFP34N35W1,1,F,A,F,P,3,4,N,3,5,W,1,0,P,FORD,ZX4,4D,5,17,2677,,0,1030,,G,,0,0,000000000,00000000000,0,0,0,1,0,0,0,0,0,0,0,50,0,0,0,12,12,6,2,12,32,0,0,1,6,95948,6,1,0,0,3,0,61,165,0,0,0,0,0,0,0,0,0,0,0,0,0,0,1,2,55,1,1,2,1,0,0,1,62,9,2,4,65,1,0
6,60237,1,2,2,14,2,13,30,12,6,1,0,6,1,49,32,49032,4,1998,1NXBR12EXWZ1,1,N,X,B,R,1,2,E,X,W,Z,1,0,P,TOYT,UVL,4D,98,17,2414,,0,970,,G,,0,0,000000000,00000000000,0,0,0,1,0,0,0,0,0,0,0,55,0,0,0,3,3,6,2,12,0,0,0,1,6,92253,6,1,0,0,3,3,68,185,0,0,0,0,0,0,0,0,0,0,48,0,0,0,1,2,55,3,2,2,1,0,0,14,13,6,4,6,64,1,0
6,60237,2,2,2,14,2,13,30,12,6,1,0,6,1,72,706,72706,80,2008,1HD1JL5138Y0,1,H,D,1,J,L,5,1,3,8,Y,0,0,M,HD,XTC,RS,8,17,,,,,,,1584,0,0,000000000,00000000000,0,0,0,1,0,0,0,0,0,0,0,55,0,0,0,12,12,6,2,12,0,0,0,1,6,92270,6,1,0,0,3,3,67,203,0,0,0,0,0,0,0,0,0,0,0,0,0,0,1,2,55,2,2,2,1,0,0,14,62,1,1,1,65,1,0
6,60238,1,1,2,18,2,19,53,8,0,1,0,6,1,13,421,13421,15,1998,5LMPU28L8WLJ,5,L,M,P,U,2,8,L,8,W,L,J,0,P,LINC,NAV,UT,98,17,5557,,0,1190,,G,,0,0,000000000,00000000000,0,0,0,1,0,0,0,0,0,0,0,30,0,0,0,12,12,2,3,8,0,0,0,1,6,95928,6,1,0,0,3,3,74,250,0,0,0,0,0,0,0,0,0,0,0,0,0,0,1,4,35,1,1,2,1,2,3,1,80,2,2,1,13,0,0
6,60239,1,1,1,19,2,2,16,8,0,1,1,6,1,48,401,48401,14,2003,JF1SG63613G7,J,F,1,S,G,6,3,6,1,3,G,7,0,P,SUBA,FOR,UT,3,17,3090,,0,994,,G,,0,0,000000000,00000000000,0,0,0,1,0,0,0,0,0,0,0,998,0,0,0,12,12,4,3,8,0,0,0,1,6,92114,6,1,0,0,3,3,73,240,0,0,0,0,1,12,2009,12,2009,0,48,91,0,0,1,4,30,1,2,1,1,0,0,1,80,1,1,4,13,0,0
6,60240,1,1,1,25,2,20,20,8,0,1,0,6,2,37,32,37032,4,2000,1HGCG6651YA1,1,H,G,C,G,6,6,5,1,Y,A,1,0,P,HOND,ULX,4D,0,17,3053,,0,1069,,G,,0,0,000000000,00000000000,0,0,0,1,0,0,0,0,0,0,0,45,0,0,0,12,12,2,9,8,0,0,0,1,6,92567,6,2,0,0,3,1,69,145,0,0,0,0,0,0,0,0,0,0,0,0,0,0,1,2,45,1,1,2,1,0,0,1,80,2,2,1,13,0,0
6,60241,1,2,1,26,2,5,43,8,0,1,0,0,0,23,461,23461,21,2002,1GDJG31F0212,1,G,D,J,G,3,1,F,0,2,1,2,0,T,GMC,SCT,YY,2,17,,3,1770,1390,STV,D,,0,57,354406,57354406,2,21,22,1,0,0,0,0,1,2,0,45,0,0,0,12,12,6,2,8,0,0,0,1,6,92028,6,1,6,1,3,1,70,177,0,0,0,0,0,0,0,0,0,0,29,0,0,0,5,2,40,1,2,2,1,0,0,1,80,6,1,1,13,0,0
6,60241,2,2,1,26,2,5,43,8,0,1,0,6,2,12,401,12401,14,2002,1FMZU62E72ZB,1,F,M,Z,U,6,2,E,7,2,Z,B,0,P,FORD,EPR,UT,2,17,4094,,0,1137,,G,,0,0,000000000,00000000000,0,0,0,1,0,0,0,0,0,0,0,38,0,0,0,62,62,2,1,54,0,0,0,1,6,92028,6,1,0,0,3,0,64,130,0,0,0,0,0,0,0,0,0,0,0,0,0,0,5,2,40,1,2,2,1,0,0,1,60,99,1,1,98,0,0
6,60242,1,2,4,26,2,7,20,8,0,1,0,6,2,49,403,49403,14,2006,JTEDP21A1601,J,T,E,D,P,2,1,A,1,6,0,1,0,P,TOYT,HIG,UT,6,17,3704,,0,1069,,G,,0,0,000000000,00000000000,0,0,0,1,0,0,0,0,0,0,0,998,0,0,0,82,82,0,1,8,0,0,0,1,6,91335,6,1,0,0,3,3,62,117,0,0,0,0,0,0,0,0,0,0,0,0,0,0,1,4,35,1,1,2,1,2,3,1,80,99,1,1,13,0,0
6,60242,2,2,2,26,2,7,20,8,0,1,0,6,2,58,37,58037,2,2008,JNKCV64E18M1,J,N,K,C,V,6,4,E,1,8,M,1,0,P,INFI,G3S,CP,8,17,3616,,0,1122,,G,,0,0,000000000,00000000000,0,0,0,1,0,0,0,0,0,0,0,998,0,0,0,14,14,0,3,8,0,0,0,1,6,90077,6,2,0,0,3,2,68,120,0,0,0,0,0,0,0,0,0,0,73,0,0,0,1,4,35,1,1,2,1,2,3,1,80,99,1,1,98,0,0
6,60243,1,2,1,20,5,7,3,12,6,1,0,6,1,37,705,37705,80,2002,JH2PC35192M3,J,H,2,P,C,3,5,1,9,2,M,3,0,M,HOND,CF4,RS,2,17,2308,,0,998,,G,599,0,0,000000000,00000000000,0,0,0,1,0,0,0,0,0,0,0,999,0,0,0,12,12,6,2,12,0,0,0,1,6,92557,6,1,0,0,3,0,74,205,1,0,0,2,0,9,2008,4,2010,0,28,0,0,0,1,2,45,1,1,2,1,0,0,1,71,1,1,1,69,1,0
6,60243,2,2,1,20,5,7,3,12,6,1,0,6,1,49,442,49442,20,1998,4T3ZF13C6WU0,4,T,3,Z,F,1,3,C,6,W,U,0,0,P,TOYT,SIE,SV,98,17,3825,,0,1142,,G,,0,0,000000000,00000000000,0,0,0,1,0,0,0,0,0,0,0,999,0,0,0,62,62,4,3,12,0,0,0,1,6,92557,6,1,0,0,3,3,64,146,1,0,0,0,0,5,2009,5,2009,0,0,0,0,0,1,2,45,1,1,2,1,0,0,11,17,1,1,2,68,0,0
6,60244,1,2,2,22,2,10,35,39,0,1,0,6,2,19,20,19020,6,2005,1GYEE63A3501,1,G,Y,E,E,6,3,A,3,5,0,1,0,P,CADI,SRX,UT,5,17,4302,,0,1164,,G,,0,0,000000000,00000000000,0,0,0,1,0,0,0,0,0,0,0,85,0,1,1,61,61,6,2,1,0,0,0,1,6,92629,6,1,0,0,3,0,70,130,3,0,0,0,1,6,2007,5,2008,1,48,0,0,0,3,6,65,1,1,1,1,0,0,1,8,1,4,4,2,1,1
6,60244,2,2,1,22,2,10,35,39,0,1,0,6,2,49,482,49482,31,2003,5TBRT34153S3,5,T,B,R,T,3,4,1,5,3,S,3,0,T,TOYT,TT5,4C,3,17,,2,0,1283,TUN,G,,0,0,000000000,00000000000,0,0,0,1,0,0,0,0,0,0,0,68,0,0,0,12,12,4,1,54,0,0,0,1,6,92780,6,1,0,0,3,0,75,195,0,0,0,0,0,0,0,0,0,0,0,0,0,0,3,6,65,1,1,1,1,0,0,1,98,1,1,1,98,0,0
6,60245,1,1,1,23,2,16,35,43,0,1,0,4,1,18,2,18002,4,2001,1G4HR54K21U3,1,G,4,H,R,5,4,K,2,1,U,3,0,P,BUIC,LLF,4D,1,17,3591,,0,1122,,G,,0,0,000000000,00000000000,0,0,0,1,0,0,0,0,0,0,0,998,0,0,0,12,12,6,2,43,0,0,0,1,4,85718,6,1,0,0,3,3,67,180,0,0,0,2,0,7,2009,8,2009,0,48,0,0,0,1,2,55,2,1,2,1,0,0,14,10,1,1,4,6,1,0
6,60246,1,3,1,24,2,21,5,8,0,1,0,6,1,42,31,42031,4,1972,108068120170,1,0,8,0,6,8,1,2,0,1,7,0,0,P,,,,,,,,,,,,,0,0,000000000,00000000000,0,0,0,1,0,0,0,0,0,0,0,60,0,0,0,12,12,6,2,8,0,0,0,1,6,91108,6,1,0,0,3,0,70,210,0,0,0,0,0,0,0,0,0,1,0,0,0,0,3,6,65,1,1,1,2,0,0,1,80,1,1,1,13,0,0
6,60246,2,3,0,24,2,21,5,8,0,1,0,6,6,12,471,12471,30,2007,1FTYR14E27PA,1,F,T,Y,R,1,4,E,2,7,P,A,0,T,FORD,RNS,PS,7,17,,1,0,1260,RNG,G,,0,0,000000000,00000000000,0,0,0,1,0,0,0,0,0,0,0,0,0,0,0,6,62,4,3,8,33,0,0,0,,,,,,,,,999,,,,,,,,,,,,0,0,0,0,3,6,65,1,1,1,2,0,0,0,98,0,0,0,98,0,0
6,60246,3,3,1,24,2,21,5,8,0,1,0,6,1,42,31,42031,2,1968,250SL004615,2,5,0,S,L,0,0,4,6,1,5,,0,P,,,,,,,,,,,,,0,0,000000000,00000000000,0,0,0,1,0,0,0,0,0,0,0,50,0,0,0,12,12,2,1,12,0,0,0,1,6,90291,6,1,0,0,3,3,65,135,0,0,0,0,0,0,0,0,0,1,0,0,0,0,3,6,65,1,1,1,2,0,0,1,50,8,1,1,98,0,0
6,60247,1,1,1,25,2,19,30,8,0,1,0,6,1,37,32,37032,4,1993,JHMCB7676PC0,J,H,M,C,B,7,6,7,6,P,C,0,0,P,HOND,AEX,4D,93,17,2987,,0,1071,,G,,0,0,000000000,00000000000,0,0,0,1,0,0,0,0,0,0,0,45,0,0,0,12,12,4,3,8,0,0,0,1,6,92571,6,1,0,0,3,0,73,178,0,0,0,0,0,0,0,0,0,0,0,0,0,0,1,2,45,1,1,2,1,0,0,1,80,1,1,1,13,0,0
6,60248,1,2,1,18,2,22,18,12,6,1,0,6,1,37,32,37032,4,1997,1HGCD5639VA0,1,H,G,C,D,5,6,3,9,V,A,0,0,P,HOND,ULE,4D,97,17,2864,,0,1069,,G,,0,0,000000000,00000000000,0,0,0,1,0,0,0,0,0,0,0,998,0,1,1,61,61,6,2,12,0,0,0,1,55,90032,3,1,0,0,2,0,70,210,0,0,0,0,0,0,0,0,0,1,92,0,0,0,5,4,30,3,1,2,1,0,0,14,8,2,3,2,64,1,1
6,60248,2,2,1,18,2,22,18,12,6,1,0,6,2,49,46,49046,5,2010,JTDKN3DU7A00,J,T,D,K,N,3,D,U,7,A,0,0,0,P,TOYT,PRI,4H,10,17,3042,,0,1063,,B,,0,0,000000000,00000000000,0,0,0,1,0,0,0,0,0,0,0,998,0,0,0,12,12,6,2,12,36,0,0,1,34,92821,3,1,0,0,2,0,64,140,0,0,0,0,0,0,0,0,0,0,92,0,0,0,5,4,35,1,1,2,1,0,0,1,62,99,1,1,65,0,0
6,60249,1,1,5,27,2,2,30,8,0,1,1,6,1,41,51,41051,4,2006,JM1BK32G1614,J,M,1,B,K,3,2,G,1,6,1,4,0,P,MAZD,M3I,4D,6,17,2696,,0,1039,,G,,0,0,000000000,00000000000,0,0,0,1,0,0,0,0,0,0,0,50,0,0,0,12,12,4,3,8,0,0,0,1,6,94080,6,1,0,0,3,0,68,165,2,0,0,0,0,2,2009,3,2009,0,0,0,0,0,3,4,50,1,1,1,1,0,0,1,80,1,1,1,13,0,1
6,60250,1,2,2,27,2,19,35,12,2,1,0,99,9,6,398,6398,1,2005,999999999999,9,9,9,9,9,9,9,9,9,9,9,9,0,U,,,,9,17,,,,,,,,0,0,000000000,00000000000,0,0,0,1,0,0,0,0,0,0,0,999,0,0,0,12,12,6,2,12,0,0,0,1,47,37205,6,1,0,0,3,3,66,115,0,0,0,0,0,0,0,0,0,0,35,58,0,0,1,2,55,1,1,1,1,0,0,6,10,1,1,1,50,1,0
6,60250,2,2,5,27,2,19,35,12,2,1,0,6,2,20,481,20481,31,2009,3GCEC23J39G1,3,G,C,E,C,2,3,J,3,9,G,1,0,T,CHEV,2SC,CW,9,17,,2,0,1435,SIL,G,,0,0,000000000,00000000000,0,0,0,1,0,0,0,0,0,0,0,60,0,0,0,12,12,6,2,12,0,0,0,1,6,93930,6,1,0,0,3,0,67,160,0,0,0,1,0,6,2008,6,2008,0,0,0,0,0,1,2,55,1,1,1,1,0,0,1,62,7,2,1,51,0,0
6,60251,1,1,1,27,2,19,50,8,0,1,0,6,2,37,421,37421,15,2004,2HKYF18414H5,2,H,K,Y,F,1,8,4,1,4,H,5,0,P,HOND,PIL,UT,4,17,4400,,0,1063,,G,,0,0,000000000,00000000000,0,0,0,1,0,0,0,0,0,0,0,998,0,0,0,12,12,4,3,8,0,0,0,1,6,94806,6,1,0,0,3,3,73,170,0,0,0,1,0,11,2008,11,2008,0,0,0,0,0,2,3,40,1,2,2,1,2,3,1,80,1,1,1,13,0,0
6,60252,1,2,1,28,2,1,55,8,0,1,1,99,9,99,999,99999,99,9999,999999999999,9,9,9,9,9,9,9,9,9,9,9,9,0,U,,,,9,17,,,,,,,,0,0,000000000,00000000000,0,0,0,1,0,0,0,0,0,0,0,999,0,0,0,12,12,9,1,8,0,0,0,1,99,99999,9,9,99,9,9,9,999,999,99,99,99,99,99,99,9999,99,9999,9,0,0,0,0,1,4,50,1,1,2,2,0,0,1,80,99,1,1,13,0,0
6,60252,2,2,1,28,2,1,55,8,0,1,1,99,9,99,999,99999,99,9999,999999999999,9,9,9,9,9,9,9,9,9,9,9,9,0,U,,,,9,17,,,,,,,,0,0,000000000,00000000000,0,0,0,1,0,0,0,0,0,0,0,999,0,0,0,14,14,9,1,8,0,0,0,1,99,99999,9,9,99,9,9,9,999,999,99,99,99,99,99,99,9999,99,9999,0,0,0,0,0,1,4,50,1,1,2,2,0,0,1,80,99,1,1,98,0,0
6,60253,1,1,1,3,1,19,5,33,0,1,0,6,1,12,17,12017,4,2000,1FAFP5520YA1,1,F,A,F,P,5,5,2,0,Y,A,1,0,P,FORD,TSS,4D,0,17,3333,,0,1085,,F,,0,0,000000000,00000000000,0,0,0,1,0,0,0,0,0,0,0,70,0,0,0,14,99,6,2,42,0,0,0,1,6,94553,6,1,0,0,3,0,78,260,1,0,0,0,0,10,2009,10,2009,1,0,0,0,0,2,1,35,1,1,2,1,0,0,1,13,1,1,4,1,1,1
6,60254,1,1,1,8,1,7,45,8,0,1,0,6,1,23,8,23008,6,2008,1GKER13708J3,1,G,K,E,R,1,3,7,0,8,J,3,0,T,GMC,SLF,4W,8,17,,2,0,1189,ACA,G,,0,0,000000000,00000000000,0,0,0,1,0,0,0,0,0,0,0,53,0,0,0,12,12,2,1,8,0,0,0,1,6,95365,6,1,0,0,3,3,60,140,0,0,0,0,0,0,0,0,0,0,0,0,0,0,1,2,55,1,1,2,1,0,0,1,80,8,1,1,13,0,0
6,60255,1,1,1,17,1,18,13,8,0,1,0,6,1,52,35,52035,4,1995,JA3AA26A2SU0,J,A,3,A,A,2,6,A,2,S,U,0,0,P,MITS,MIS,4D,95,17,2225,,0,984,,G,,0,0,000000000,00000000000,0,0,0,1,0,0,0,0,0,0,0,998,0,0,0,12,12,2,4,8,0,0,0,1,17,90220,6,1,0,0,3,0,66,120,0,0,0,0,0,0,0,0,0,0,0,0,0,0,1,4,35,1,1,2,2,0,0,1,80,1,1,1,13,0,0
6,60256,1,2,1,1,3,7,44,12,1,1,0,6,1,2,405,2405,14,2005,1J4GL38K45W5,1,J,4,G,L,3,8,K,4,5,W,5,0,T,JEEP,RNG,4W,5,17,,1,0,1043,LIB,G,,0,0,000000000,00000000000,0,0,0,1,0,0,0,0,0,0,0,100,0,0,0,12,6,6,2,12,0,0,0,1,6,95838,6,1,0,0,3,3,70,226,0,0,0,1,0,9,2009,9,2009,1,0,0,0,0,3,4,65,1,1,1,1,0,0,1,51,1,1,1,24,1,0