STATE,ST_CASE,VEH_NO,VE_FORMS,NUMOCCS,DAY,MONTH,HOUR,MINUTE,HARM_EV,MAN_COLL,UNITTYPE,HIT_RUN,REG_STAT,OWNER,MAKE,MODEL,MAK_MOD,BODY_TYP,MOD_YEAR,VIN,VIN_1,VIN_2,VIN_3,VIN_4,VIN_5,VIN_6,VIN_7,VIN_8,VIN_9,VIN_10,VIN_11,VIN_12,TOW_VEH,VINTYPE,VINMAKE,VINA_MOD,VIN_BT,VINMODYR,VIN_LNGT,VIN_WGT,WGTCD_TR,WHLBS_LG,WHLBS_SH,SER_TR,FUELCODE,MCYCL_DS,J_KNIFE,MCARR_I1,MCARR_I2,MCARR_ID,GVWR,V_CONFIG,CARGO_BT,HAZ_INV,HAZ_PLAC,HAZ_ID,HAZ_CNO,HAZ_REL,BUS_USE,SPEC_USE,EMER_USE,TRAV_SP,UNDERIDE,ROLLOVER,ROLINLOC,IMPACT1,IMPACT2,DEFORMED,TOWED,M_HARM,VEH_SC1,VEH_SC2,FIRE_EXP,DR_PRES,L_STATE,DR_ZIP,L_STATUS,L_TYPE,CDL_STAT,L_ENDORS,L_COMPL,L_RESTRI,DR_HGT,DR_WGT,PREV_ACC,PREV_SUS,PREV_DWI,PREV_SPD,PREV_OTH,FIRST_MO,FIRST_YR,LAST_MO,LAST_YR,SPEEDREL,DR_SF1,DR_SF2,DR_SF3,DR_SF4,VTRAFWAY,VNUM_LAN,VSPD_LIM,VALIGN,VPROFILE,VPAVETYP,VSURCOND,VTRAFCON,VTCONT_F,P_CRASH1,P_CRASH2,P_CRASH3,PCRASH4,PCRASH5,ACC_TYPE,DEATHS,DR_DRINK
6,60332,2,2,1,8,3,11,36,12,6,1,0,6,2,12,481,12481,31,2008,1FDSF34R88EB,1,F,D,S,F,3,4,R,8,8,E,B,0,T,FORD,F3S,CB,8,17,,2,0,1410,SRW,D,,0,0,000000000,00000000000,0,0,0,1,0,0,0,0,0,0,0,55,0,0,0,12,12,2,1,12,0,0,0,1,6,95694,6,1,0,0,3,0,72,175,0,0,0,1,0,1,2008,1,2008,0,0,0,0,0,1,2,55,1,8,2,1,0,0,1,66,8,1,1,86,0,0
6,60333,1,1,1,11,3,21,26,8,0,1,0,6,3,82,881,82881,66,1999,1FUPDSZB1XLF,1,F,U,P,D,S,Z,B,1,X,L,F,1,T,FRHT,FLD,DS,99,17,,8,0,0,CON,D,,1,57,828390,57828390,3,6,1,1,0,0,0,0,0,0,0,55,0,0,0,12,14,2,1,8,0,0,0,1,6,92342,6,1,6,0,3,0,68,185,3,0,0,0,0,3,2008,8,2009,0,0,0,0,0,3,4,55,1,1,1,1,0,0,1,80,1,1,1,13,0,0
6,60334,1,2,1,12,3,10,5,12,6,1,0,6,1,37,32,37032,4,1994,1HGCD5630RA0,1,H,G,C,D,5,6,3,0,R,A,0,0,P,HOND,ULE,4D,94,17,2809,,0,1069,,G,,0,0,000000000,00000000000,0,0,0,1,0,0,0,0,0,0,0,998,0,0,0,10,10,6,2,12,0,0,0,1,6,91335,6,1,0,0,3,0,63,110,0,0,0,0,0,0,0,0,0,0,38,0,0,0,1,2,25,1,1,2,1,20,3,1,17,1,1,1,89,1,0
6,60334,2,2,1,12,3,10,5,12,6,1,0,6,1,37,441,37441,20,2009,5FNRL38679B0,5,F,N,R,L,3,8,6,7,9,B,0,0,P,HOND,UDY,SV,9,17,4574,,0,1181,,G,,0,0,000000000,00000000000,0,0,0,1,0,0,0,0,0,0,0,998,0,0,0,12,12,6,2,12,0,0,0,1,6,91325,6,1,0,0,3,0,65,125,0,0,0,0,0,0,0,0,0,0,0,0,0,0,5,4,40,1,1,2,1,0,0,1,66,1,1,1,88,0,0
6,60335,1,1,4,14,3,23,9,1,0,1,0,6,1,24,401,24401,14,2004,5GZCZ23DX4S8,5,G,Z,C,Z,2,3,D,X,4,S,8,0,P,STRN,VUE,UT,4,17,3246,,0,1066,,G,,0,0,000000000,00000000000,0,0,0,1,0,0,0,0,0,0,0,68,0,2,3,0,0,6,2,1,0,0,0,1,4,85374,6,1,0,0,3,3,65,150,0,4,0,0,0,3,2008,3,2008,0,48,0,0,0,2,2,70,1,1,2,1,0,0,1,12,7,4,4,7,1,0
6,60336,1,4,1,15,3,6,27,8,0,1,0,6,1,37,32,37032,4,2006,1HGCM56476A1,1,H,G,C,M,5,6,4,7,6,A,1,0,P,HOND,ULX,4D,6,17,3201,,0,1079,,G,,0,0,000000000,00000000000,0,0,0,1,0,0,0,0,0,0,0,50,0,0,0,12,12,6,2,8,0,0,0,1,6,90049,6,1,0,0,3,3,72,175,0,0,0,0,0,0,0,0,0,0,0,0,0,0,5,4,50,1,5,2,1,0,0,1,80,99,1,1,13,0,0
6,60336,2,4,1,15,3,6,27,8,0,1,0,6,1,69,54,69054,3,2005,WMWRE33465TD,W,M,W,R,E,3,3,4,6,5,T,D,0,P,MNNI,COS,2H,5,17,2679,,0,971,,G,,0,0,000000000,00000000000,0,0,0,1,0,0,0,0,0,0,0,998,0,0,0,12,12,4,3,8,0,0,0,1,6,92627,6,1,0,0,3,0,69,175,0,0,0,0,0,0,0,0,0,0,0,0,0,0,5,4,50,1,5,2,1,0,0,1,80,1,1,1,98,0,0
6,60336,3,4,1,15,3,6,27,8,0,1,0,6,1,54,35,54035,4,2006,19UUA66266A0,1,9,U,U,A,6,6,2,6,6,A,0,0,P,ACUR,32T,4D,6,17,3580,,0,1079,,G,,0,0,000000000,00000000000,0,0,0,1,0,0,0,0,0,0,0,998,0,0,0,12,12,2,3,8,0,0,0,1,6,91365,6,1,0,0,3,0,66,173,0,0,0,0,0,0,0,0,0,0,0,0,0,0,5,4,50,1,5,2,1,0,0,1,80,1,1,1,98,0,0
6,60336,4,4,1,15,3,6,27,8,0,1,0,6,1,12,481,12481,31,2008,1FTPW12578KB,1,F,T,P,W,1,2,5,7,8,K,B,0,T,FORD,F1S,CW,8,17,,2,1500,1390,COF,G,,0,0,000000000,00000000000,0,0,0,1,0,0,0,0,0,0,0,998,0,0,0,12,12,0,1,8,0,0,0,1,6,90505,6,1,0,0,3,0,69,175,0,0,0,0,0,0,0,0,0,0,0,0,0,0,5,4,50,1,5,2,1,0,0,1,80,1,1,1,98,0,0
6,60337,1,2,1,15,3,6,34,12,6,1,0,6,1,59,32,59032,4,1990,JT8UF11E2L00,J,T,8,U,F,1,1,E,2,L,0,0,0,P,LEXS,LS4,4D,90,17,3591,,0,1108,,G,,0,0,000000000,00000000000,0,0,0,1,0,0,0,0,0,0,0,998,0,0,0,12,12,6,2,12,0,0,0,1,6,90065,6,1,0,0,3,3,68,135,2,0,0,0,0,4,2009,2,2010,0,39,0,0,0,2,2,35,1,1,2,1,2,3,1,17,1,1,1,86,1,0
6,60337,2,2,1,15,3,6,34,12,6,1,0,6,1,23,481,23481,31,2004,1GTEC19V34Z3,1,G,T,E,C,1,9,V,3,4,Z,3,0,T,GMC,NC1,4C,4,17,,2,1575,1435,SIE,G,,0,0,000000000,00000000000,0,0,0,1,0,0,0,0,0,0,0,998,0,0,0,3,3,4,4,12,0,0,0,1,6,93552,6,1,0,0,3,3,67,150,0,0,0,0,0,0,0,0,0,0,0,0,0,0,1,2,25,1,1,2,1,3,3,1,66,1,1,1,87,0,0
6,60338,1,2,1,15,3,13,30,1,0,1,0,6,1,14,17,14017,4,1997,1MELM50UXVA6,1,M,E,L,M,5,0,U,X,V,A,6,0,P,MERC,SGS,4D,97,17,3388,,0,1085,,G,,0,0,000000000,00000000000,0,0,0,1,0,0,0,0,0,0,0,998,0,0,0,61,61,6,4,12,0,0,0,1,6,90036,6,1,0,0,3,1,67,160,1,0,0,0,0,11,2007,11,2007,0,38,0,0,0,1,2,25,1,1,2,1,20,3,11,15,1,1,1,98,0,0
6,60338,2,2,1,15,3,13,30,1,0,1,0,6,1,53,705,53705,80,1993,JS1GR7BAXP21,J,S,1,G,R,7,B,A,X,P,2,1,0,M,SUZI,SR7,RS,93,17,,,,,,,749,0,0,000000000,00000000000,0,0,0,1,0,0,0,0,0,0,0,998,0,0,0,0,98,6,4,12,0,0,0,1,6,91402,0,0,0,0,0,0,69,170,0,0,0,0,0,0,0,0,0,0,92,0,0,0,1,4,35,1,1,2,1,0,0,1,66,3,2,1,98,1,0
6,60339,1,3,3,16,3,20,33,12,7,1,0,6,2,41,37,41037,4,1988,JM1GD2221J15,J,M,1,G,D,2,2,2,1,J,1,5,0,P,MAZD,626,4D,88,17,2454,,0,1014,,G,,0,0,000000000,00000000000,0,0,0,1,0,0,0,0,0,0,0,43,0,0,0,7,3,6,2,2,0,0,1,1,6,92882,6,1,0,0,3,0,76,265,0,1,0,0,0,4,2007,4,2007,0,27,0,0,0,3,6,65,1,1,1,1,0,0,15,10,1,1,2,47,3,1
6,60339,2,3,1,16,3,20,33,12,7,1,1,99,9,99,999,99999,99,9999,999999999999,9,9,9,9,9,9,9,9,9,9,9,9,1,U,,,,9,17,,,,,,,,1,99,999999999,99999999999,9,99,99,1,0,0,0,0,0,0,0,43,0,0,0,82,82,9,1,12,0,0,0,1,99,99999,9,9,99,9,9,9,66,160,99,99,99,99,99,99,9999,99,9999,0,0,0,0,0,3,6,55,1,1,1,1,0,0,1,61,1,1,1,45,0,0
6,60339,3,3,2,16,3,20,33,12,7,1,0,6,3,20,481,20481,31,2008,1GCEC14X38Z2,1,G,C,E,C,1,4,X,3,8,Z,2,0,T,CHEV,SC1,PK,8,17,,2,1330,1190,SIL,G,,0,0,000000000,00000000000,0,0,0,1,0,0,0,0,0,0,0,68,0,0,0,12,12,6,2,12,0,0,0,1,6,92374,0,0,0,0,0,0,67,150,0,1,0,1,0,12,2007,7,2009,0,92,0,0,0,3,6,65,1,1,1,1,0,0,1,61,1,1,1,98,0,0
6,60340,1,3,2,19,3,13,6,12,11,1,0,6,1,51,46,51046,4,2005,YV1MS3903520,Y,V,1,M,S,3,9,0,3,5,2,0,0,P,VOLV,S42,4D,5,17,3225,,0,1039,,G,,0,0,000000000,00000000000,0,0,0,1,0,0,0,0,0,0,0,998,0,0,0,12,12,2,3,12,0,0,0,1,6,92106,6,1,0,0,3,3,71,180,2,0,0,0,0,7,2007,8,2007,0,38,0,0,0,1,2,25,3,2,2,1,20,3,11,15,2,2,1,82,0,0
6,60340,2,3,1,19,3,13,6,12,11,1,0,6,1,53,705,53705,80,2007,JS1GN7DAX721,J,S,1,G,N,7,D,A,X,7,2,1,0,M,SUZI,G60,RS,7,17,3228,,0,1079,,G,599,0,0,000000000,00000000000,0,0,0,1,0,0,0,0,0,0,0,45,0,0,0,13,13,4,3,12,0,0,0,1,6,92104,6,1,0,0,3,0,70,185,0,0,0,2,0,8,2007,10,2008,0,0,0,0,0,2,2,45,1,1,2,1,0,0,6,67,2,2,1,83,1,0
6,60340,3,3,1,19,3,13,6,12,11,1,0,4,1,20,16,20016,4,2005,1G1JC52F8571,1,G,1,J,C,5,2,F,8,5,7,1,0,P,CHEV,CAV,4D,5,17,2676,,0,1041,,G,,0,0,000000000,00000000000,0,0,0,1,0,0,0,0,0,0,0,45,0,0,0,12,12,2,3,12,0,0,0,1,4,91942,6,1,0,0,3,0,62,180,0,0,0,0,0,0,0,0,0,0,0,0,0,0,2,2,45,1,1,2,1,0,0,1,51,8,2,1,98,0,0
6,60342,1,2,2,1,2,12,20,12,6,1,0,6,2,35,47,35047,4,2007,1N4AL21E37N4,1,N,4,A,L,2,1,E,3,7,N,4,0,P,NISS,ATS,4D,7,17,3042,,0,1093,,G,,0,0,000000000,00000000000,0,0,0,1,0,0,0,0,0,0,0,998,0,0,0,81,81,6,2,12,0,0,0,1,6,92399,6,1,0,0,3,0,63,150,0,0,0,0,0,0,0,0,0,0,39,0,0,0,2,2,50,1,1,2,1,3,3,11,15,1,1,1,68,1,0
6,60342,2,2,1,1,2,12,20,12,6,1,0,6,2,23,880,23880,67,2003,1GTJK391X3E1,1,G,T,J,K,3,9,1,X,3,E,1,0,T,GMC,NK3,4C,3,17,,3,0,1575,SIE,D,,0,99,999999999,99999999999,2,1,97,1,0,0,0,0,0,0,0,998,0,0,0,12,12,6,2,12,0,0,0,1,6,95046,6,1,6,0,3,0,68,166,0,0,0,0,0,0,0,0,0,0,0,0,0,0,2,2,50,1,1,2,1,3,3,1,66,1,1,1,69,0,0
6,60343,1,1,1,11,2,5,35,8,0,1,1,99,9,99,999,99999,99,9999,999999999999,9,9,9,9,9,9,9,9,9,9,9,9,0,U,,,,9,17,,,,,,,,0,0,000000000,00000000000,0,0,0,1,0,0,0,0,0,0,0,999,0,0,0,12,12,9,1,8,0,0,0,1,99,99999,9,9,99,9,9,9,999,999,99,99,99,99,99,99,9999,99,9999,1,57,0,0,0,5,4,40,1,1,1,1,0,0,1,80,3,2,1,13,0,0
6,60344,1,1,2,18,3,22,36,33,0,1,0,6,2,41,50,41050,4,2003,1YVFP80D335M,1,Y,V,F,P,8,0,D,3,3,5,M,0,P,MAZD,M6S,4D,3,17,3243,,0,1053,,G,,0,0,000000000,00000000000,0,0,0,1,0,0,0,0,0,0,0,67,0,1,5,14,12,6,2,24,0,0,0,1,55,92126,6,1,0,0,3,0,72,190,0,0,0,0,0,0,0,0,0,1,0,0,0,0,2,1,45,1,2,1,1,28,3,1,13,99,1,4,5,2,0
6,60345,1,2,4,19,3,1,34,12,1,1,0,6,2,39,34,39034,4,2000,SAJDA01D5YGL,S,A,J,D,A,0,1,D,5,Y,G,L,0,P,JAGU,STP,4D,0,17,3770,,0,1145,,G,,0,0,000000000,00000000000,0,0,0,1,0,0,0,0,0,0,0,998,0,0,0,12,12,6,2,12,0,0,0,1,6,92804,6,1,0,0,3,0,66,126,1,0,0,0,0,4,2009,4,2009,1,0,0,0,0,3,3,65,1,1,1,1,0,0,1,51,1,1,1,24,1,1
6,60345,2,2,2,19,3,1,34,12,1,1,0,6,3,12,881,12881,61,2006,1FDXF46P06ED,1,F,D,X,F,4,6,P,0,6,E,D,0,T,FORD,F4D,CB,6,17,,4,2000,1410,DRW,D,,0,6,303731,06303731,2,1,97,1,0,0,0,0,0,0,0,40,0,0,0,6,6,4,3,12,0,0,0,1,6,92843,6,1,0,0,3,0,70,169,2,2,0,0,0,10,2007,11,2009,0,0,0,0,0,3,3,65,1,1,1,1,0,0,1,53,1,1,1,25,0,0
6,60346,1,1,1,20,3,21,21,42,0,1,0,6,1,20,481,20481,31,2005,2GCEC13T8511,2,G,C,E,C,1,3,T,8,5,1,1,0,T,CHEV,SC1,CW,5,17,,2,0,1435,SIL,G,,0,0,000000000,00000000000,0,0,0,1,0,0,0,0,0,0,0,998,0,0,0,12,12,6,2,42,0,0,0,1,6,90505,6,1,0,0,3,0,69,122,0,0,0,1,0,9,2008,9,2008,1,0,0,0,0,1,2,25,1,1,2,1,0,0,1,12,1,1,4,6,1,1
6,60347,1,2,1,30,3,18,16,1,0,1,0,6,1,72,706,72706,80,2000,1HD1BJY17YY0,1,H,D,1,B,J,Y,1,7,Y,Y,0,0,M,HD,STC,RS,0,17,,,,,,,1450,0,0,000000000,00000000000,0,0,0,1,0,0,0,0,0,0,0,55,0,0,0,0,0,6,2,1,0,0,0,1,36,90278,6,1,0,0,2,3,67,185,0,0,0,0,0,0,0,0,0,0,48,0,0,0,1,2,55,1,1,2,1,0,0,98,8,1,7,6,98,1,1
6,60347,2,2,2,30,3,18,16,1,0,1,0,6,1,55,33,55033,4,2007,5NPET46CX7H2,5,N,P,E,T,4,6,C,X,7,H,2,0,P,HYUN,SGL,4D,7,17,3253,,0,1074,,G,,0,0,000000000,00000000000,0,0,0,1,0,0,0,0,0,0,0,40,0,0,0,12,12,6,2,12,0,0,0,1,6,92530,6,1,0,0,3,0,71,145,0,0,0,0,0,0,0,0,0,0,0,0,0,0,1,2,55,1,1,2,1,0,0,1,62,1,1,1,98,0,0
6,60348,1,1,1,22,3,16,5,9,0,1,0,6,3,98,881,98881,61,2003,5B4KP42R7333,5,B,4,K,P,4,2,R,7,3,3,3,0,U,,,,3,17,,,,,,,,0,57,221707,57221707,2,1,98,1,0,0,0,0,0,0,0,998,0,0,0,12,12,2,1,9,0,0,0,1,6,95361,6,1,0,0,3,3,65,205,0,0,0,1,0,8,2009,8,2009,0,0,0,0,0,1,6,45,1,1,1,1,0,0,1,83,1,1,1,13,0,0
6,60349,1,2,1,22,3,19,8,8,0,1,0,6,1,2,404,2404,14,1993,1J4GZ78Y8PC6,1,J,4,G,Z,7,8,Y,8,P,C,6,0,T,JEEP,LMT,4W,93,17,,1,0,1059,GCK,G,,0,0,000000000,00000000000,0,0,0,1,0,0,0,0,0,0,0,998,0,0,0,12,12,4,3,8,0,0,0,1,6,95843,6,1,0,0,3,0,68,152,0,0,0,0,0,0,0,0,0,1,0,0,0,0,1,5,45,1,5,2,1,0,0,1,80,8,1,1,13,0,0
6,60349,2,2,1,22,3,19,8,8,0,1,0,92,0,35,39,35039,4,1990,JN1HJ01PXLT3,J,N,1,H,J,0,1,P,X,L,T,3,0,P,NISS,MAX,4D,90,17,3140,,0,1043,,G,,0,0,000000000,00000000000,0,0,0,1,0,0,0,0,0,0,0,0,0,0,0,6,6,4,3,12,33,0,0,1,6,95678,6,1,0,0,3,0,62,240,0,0,0,0,1,9,2008,9,2008,0,0,0,0,0,1,5,45,1,5,2,1,0,0,7,53,1,1,1,98,0,0
6,60350,1,2,1,22,3,20,40,12,6,1,0,92,0,71,706,71706,80,2007,ZDM1VACPX7B0,Z,D,M,1,V,A,C,P,X,7,B,0,0,U,,,,7,17,,,,,,,,0,0,000000000,00000000000,0,0,0,1,0,0,0,0,0,0,0,998,0,0,0,12,12,6,2,12,0,0,0,1,6,92508,6,1,0,0,3,3,72,165,0,0,0,1,0,3,2010,3,2010,1,23,0,0,0,2,2,45,1,1,2,1,0,0,1,17,1,1,1,83,1,0
6,60350,2,2,1,22,3,20,40,12,6,1,0,6,1,35,47,35047,4,2006,1N4AL11D16N3,1,N,4,A,L,1,1,D,1,6,N,3,0,P,NISS,ASL,4D,6,17,2915,,0,1102,,G,,0,0,000000000,00000000000,0,0,0,1,0,0,0,0,0,0,0,998,0,0,0,11,11,6,2,12,0,0,0,1,6,92506,6,1,0,0,3,3,69,200,0,0,0,0,0,0,0,0,0,0,0,0,0,0,1,2,25,1,1,2,1,20,3,11,66,1,1,1,82,0,0
6,60351,1,2,1,23,3,6,20,1,0,1,0,6,1,53,705,53705,80,2002,JS1GR7HA0221,J,S,1,G,R,7,H,A,0,2,2,1,0,M,SUZI,SX7,RS,2,17,,,,,,,749,0,0,000000000,00000000000,0,0,0,1,0,0,0,0,0,0,0,73,0,0,0,0,6,6,2,12,0,0,0,1,6,91741,6,1,0,0,3,0,71,180,0,0,0,0,0,0,0,0,0,1,48,0,0,0,3,5,65,1,1,1,1,40,3,15,10,1,7,2,98,1,0
6,60351,2,2,1,23,3,6,20,1,0,1,0,0,0,98,981,98981,52,2006,1N960B0456A1,1,N,9,6,0,B,0,4,5,6,A,1,0,U,,,,6,17,,,,,,,,0,6,82117,0682117,3,21,22,1,0,0,0,0,6,0,0,50,0,0,0,12,12,2,1,12,0,0,0,1,6,91744,6,1,6,1,3,1,77,260,0,0,0,0,0,0,0,0,0,0,0,0,0,0,3,5,65,1,1,1,1,40,3,1,61,2,1,1,98,0,0
6,60352,1,2,1,24,3,23,32,12,7,1,0,6,2,49,35,49035,4,1989,JT2MX83E3K00,J,T,2,M,X,8,3,E,3,K,0,0,0,P,TOYT,CRL,4D,89,17,3417,,0,1045,,G,,0,0,000000000,00000000000,0,0,0,1,0,0,0,0,0,0,0,68,0,0,0,1,61,6,2,25,0,0,0,1,6,92337,6,1,0,0,3,0,75,210,0,0,0,0,0,0,0,0,0,0,27,0,0,0,3,6,65,1,1,1,1,0,0,15,11,1,1,2,46,1,0
6,60352,2,2,2,24,3,23,32,12,7,1,0,6,1,35,443,35443,20,2004,5N1BV28U74N3,5,N,1,B,V,2,8,U,7,4,N,3,0,P,NISS,QST,SV,4,17,3885,,0,1240,,G,,0,0,000000000,00000000000,0,0,0,1,0,0,0,0,0,0,0,65,0,0,0,7,7,2,1,12,0,0,0,1,6,92335,3,1,0,0,2,0,65,200,0,0,0,0,0,0,0,0,0,0,0,0,0,0,3,6,65,1,1,1,1,0,0,1,60,1,1,1,45,0,0
6,60353,1,2,4,25,3,10,28,12,6,1,0,6,2,13,12,13012,4,2002,1LNHM86S72Y6,1,L,N,H,M,8,6,S,7,2,Y,6,0,P,LINC,LLS,4D,2,17,3602,,0,1145,,G,,0,0,000000000,00000000000,0,0,0,1,0,0,0,0,0,0,0,998,0,0,0,9,9,6,2,12,0,0,0,1,6,92201,6,1,0,0,3,3,60,130,0,0,0,0,0,0,0,0,0,0,38,0,0,0,1,2,25,1,1,2,1,20,3,11,15,1,1,1,82,1,0
6,60353,2,2,2,25,3,10,28,12,6,1,0,6,2,49,401,49401,14,1994,JT3VN29VXR00,J,T,3,V,N,2,9,V,X,R,0,0,0,P,TOYT,RUN,UT,94,17,3820,,0,1033,,G,,0,0,000000000,00000000000,0,0,0,1,0,0,0,0,0,0,0,33,0,0,0,12,12,6,2,12,0,0,0,1,6,92201,6,1,0,0,3,3,66,230,0,0,0,0,0,0,0,0,0,0,0,0,0,0,5,4,40,1,1,2,1,0,0,1,67,1,1,1,83,0,0
6,60354,1,2,2,26,3,15,48,12,6,1,0,6,1,18,20,18020,4,1996,2G4WB52K2T14,2,G,4,W,B,5,2,K,2,T,1,4,0,P,BUIC,RGC,4D,96,17,3331,,0,1075,,G,,0,0,000000000,00000000000,0,0,0,1,0,0,0,0,0,0,0,998,0,0,0,1,12,6,2,12,0,0,0,1,6,92316,6,1,0,0,3,3,72,200,0,0,0,0,0,0,0,0,0,0,38,0,0,0,5,4,40,1,1,2,1,3,3,11,15,1,1,1,82,1,0
6,60354,2,2,1,26,3,15,48,12,6,1,0,6,1,49,472,49472,30,2006,5TETU62N96Z2,5,T,E,T,U,6,2,N,9,6,Z,2,0,T,TOYT,ACP,PC,6,17,,1,0,1219,TAC,G,,0,0,000000000,00000000000,0,0,0,1,0,0,0,0,0,0,0,998,0,0,0,12,61,6,2,12,0,0,0,1,6,92335,6,1,0,0,3,0,72,185,0,0,0,0,0,0,0,0,0,0,0,0,0,0,5,4,40,1,1,2,1,3,3,1,66,1,1,1,83,0,0
6,60355,1,1,2,26,3,19,2,8,0,1,0,6,1,37,32,37032,4,1992,JHMCB7658NC0,J,H,M,C,B,7,6,5,8,N,C,0,0,P,HOND,ALE,4D,92,17,2866,,0,1071,,G,,0,0,000000000,00000000000,0,0,0,1,0,0,0,0,0,0,0,33,0,0,0,12,12,2,3,8,0,0,0,1,6,92503,6,1,0,0,3,3,62,145,0,0,0,0,0,0,0,0,0,0,0,0,0,0,2,3,40,1,1,2,1,2,3,1,80,3,1,1,13,0,0
6,60356,1,2,1,28,3,5,17,24,0,1,0,6,2,24,7,24007,4,2004,1G8AV12F74Z1,1,G,8,A,V,1,2,F,7,4,Z,1,0,P,STRN,SI3,C4,4,17,2799,,0,1032,,G,,0,0,000000000,00000000000,0,0,0,1,0,0,0,0,0,0,0,75,0,0,0,12,12,6,2,24,0,0,0,1,6,95336,6,1,0,0,3,3,71,175,0,0,0,0,0,0,0,0,0,0,48,58,0,0,3,2,65,2,5,2,1,0,0,14,12,6,7,4,7,0,1
6,60356,2,2,1,28,3,5,17,24,0,1,0,6,1,72,706,72706,80,2009,1HD1KB4399Y6,1,H,D,1,K,B,4,3,9,9,Y,6,0,M,HD,FHX,RS,9,17,,,,,,,1584,0,0,000000000,00000000000,0,0,0,1,0,0,0,0,0,0,0,70,0,0,0,12,12,6,2,12,0,0,0,1,6,95240,6,1,0,0,3,0,69,210,0,0,0,0,0,0,0,0,0,1,0,0,0,0,3,2,65,2,5,2,1,0,0,14,50,99,1,1,98,1,0
6,60357,1,1,1,14,3,13,50,8,0,1,0,6,2,55,33,55033,4,2000,KMHWF35V0YA2,K,M,H,W,F,3,5,V,0,Y,A,2,0,P,HYUN,SGL,4D,0,17,3069,,0,1063,,G,,0,0,000000000,00000000000,0,0,0,1,0,0,0,0,0,0,0,998,0,0,0,12,12,2,3,8,0,0,0,1,6,91723,6,1,0,0,3,0,65,180,0,0,0,0,0,0,0,0,0,0,39,0,0,0,1,2,25,1,1,1,1,20,3,10,80,1,1,1,13,0,0
6,60358,1,1,1,14,3,21,32,8,0,1,0,6,1,2,406,2406,14,2006,1J8HH48K06C2,1,J,8,H,H,4,8,K,0,6,C,2,0,T,JEEP,BSE,4W,6,17,,2,0,1095,CMD,G,,0,0,000000000,00000000000,0,0,0,1,0,0,0,0,0,0,0,65,0,0,0,12,12,6,2,8,0,0,0,1,6,92114,6,1,0,0,3,3,71,270,0,0,0,0,0,0,0,0,0,0,0,0,0,0,3,4,65,1,1,1,1,0,0,1,80,1,1,1,13,0,0
6,60359,1,2,1,15,3,15,50,12,6,1,0,6,4,38,882,38882,61,2008,JALC4W165870,J,A,L,C,4,W,1,6,5,8,7,0,0,T,ISU,NPR,TB,8,17,,4,1760,1090,NPR,D,,0,6,174278,06174278,2,1,1,1,0,0,0,0,0,0,0,998,0,0,0,81,81,4,3,12,0,0,0,1,6,91343,6,1,0,0,3,0,70,198,0,0,0,0,0,0,0,0,0,0,0,0,0,0,1,2,35,1,1,2,1,0,0,11,10,1,1,2,98,0,0
6,60359,2,2,1,15,3,15,50,12,6,1,0,6,1,53,706,53706,80,2005,JS1GW71A9521,J,S,1,G,W,7,1,A,9,5,2,1,0,M,SUZI,G13,RS,5,17,,,,,,,1298,0,0,000000000,00000000000,0,0,0,1,0,0,0,0,0,0,0,998,0,0,0,12,12,6,2,12,0,0,0,1,6,90402,6,1,0,0,3,0,72,180,0,0,0,0,0,0,0,0,0,0,0,0,0,0,1,2,35,1,1,2,1,0,0,1,60,1,1,1,98,1,0
6,60360,1,2,1,15,3,19,35,15,0,1,0,6,1,49,40,49040,4,1996,JT2BG12K1T03,J,T,2,B,G,1,2,K,1,T,0,3,0,P,TOYT,DLX,4D,96,17,2932,,0,1031,,G,,0,0,000000000,00000000000,0,0,0,1,0,0,0,0,0,0,0,35,0,0,0,12,12,4,3,15,0,0,0,1,6,95843,6,1,0,0,3,1,72,227,0,0,0,0,1,8,2008,8,2008,0,92,0,0,0,3,2,45,1,1,2,1,0,0,1,83,1,1,1,13,0,0
6,60360,2,2,1,15,3,19,35,15,0,1,0,6,1,37,31,37031,2,1994,2HGEJ1233RH5,2,H,G,E,J,1,2,3,3,R,H,5,0,P,HOND,CEX,CP,94,17,2415,,0,1032,,G,,0,0,000000000,00000000000,0,0,0,1,0,0,0,0,0,0,0,30,0,0,0,13,13,4,1,54,0,0,0,1,6,95843,6,1,0,0,3,3,70,190,0,0,0,0,1,8,2008,8,2008,0,0,0,0,0,3,2,45,1,1,2,1,0,0,1,80,1,1,1,98,0,0
6,60361,1,1,1,20,3,11,30,8,0,1,1,99,9,99,999,99999,99,9999,999999999999,9,9,9,9,9,9,9,9,9,9,9,9,0,U,,,,9,17,,,,,,,,0,0,000000000,00000000000,0,0,0,1,0,0,0,0,0,0,0,999,0,0,0,12,12,9,1,8,0,0,0,1,99,99999,9,9,99,9,9,9,999,999,99,99,99,99,99,99,9999,99,9999,1,99,99,99,99,1,2,15,1,1,2,1,0,0,1,80,99,1,1,13,0,0
6,60362,1,1,1,25,3,0,34,33,0,1,0,6,1,12,401,12401,14,1985,1FMCU14S4FUC,1,F,M,C,U,1,4,S,4,F,U,C,0,P,FORD,BII,UT,85,17,3227,,0,940,,G,,0,0,000000000,00000000000,0,0,0,1,0,0,0,0,0,0,0,999,0,0,0,12,12,6,2,46,0,0,0,1,6,92637,6,1,0,0,3,3,71,180,0,0,0,0,1,7,2009,7,2009,0,0,0,0,0,2,2,45,1,1,2,1,1,3,1,12,99,1,2,9,1,1