STATE,ST_CASE,VEH_NO,VE_FORMS,NUMOCCS,DAY,MONTH,HOUR,MINUTE,HARM_EV,MAN_COLL,UNITTYPE,HIT_RUN,REG_STAT,OWNER,MAKE,MODEL,MAK_MOD,BODY_TYP,MOD_YEAR,VIN,VIN_1,VIN_2,VIN_3,VIN_4,VIN_5,VIN_6,VIN_7,VIN_8,VIN_9,VIN_10,VIN_11,VIN_12,TOW_VEH,VINTYPE,VINMAKE,VINA_MOD,VIN_BT,VINMODYR,VIN_LNGT,VIN_WGT,WGTCD_TR,WHLBS_LG,WHLBS_SH,SER_TR,FUELCODE,MCYCL_DS,J_KNIFE,MCARR_I1,MCARR_I2,MCARR_ID,GVWR,V_CONFIG,CARGO_BT,HAZ_INV,HAZ_PLAC,HAZ_ID,HAZ_CNO,HAZ_REL,BUS_USE,SPEC_USE,EMER_USE,TRAV_SP,UNDERIDE,ROLLOVER,ROLINLOC,IMPACT1,IMPACT2,DEFORMED,TOWED,M_HARM,VEH_SC1,VEH_SC2,FIRE_EXP,DR_PRES,L_STATE,DR_ZIP,L_STATUS,L_TYPE,CDL_STAT,L_ENDORS,L_COMPL,L_RESTRI,DR_HGT,DR_WGT,PREV_ACC,PREV_SUS,PREV_DWI,PREV_SPD,PREV_OTH,FIRST_MO,FIRST_YR,LAST_MO,LAST_YR,SPEEDREL,DR_SF1,DR_SF2,DR_SF3,DR_SF4,VTRAFWAY,VNUM_LAN,VSPD_LIM,VALIGN,VPROFILE,VPAVETYP,VSURCOND,VTRAFCON,VTCONT_F,P_CRASH1,P_CRASH2,P_CRASH3,PCRASH4,PCRASH5,ACC_TYPE,DEATHS,DR_DRINK
6,60401,1,2,1,2,4,2,35,12,1,1,0,6,2,63,32,63032,4,2001,KNADC1234160,K,N,A,D,C,1,2,3,4,1,6,0,0,P,KIA,RIO,4D,1,17,2242,,0,949,,G,,0,0,000000000,00000000000,0,0,0,1,0,0,0,0,0,0,0,998,0,1,1,12,12,6,2,12,0,0,0,1,6,91325,6,1,0,0,3,0,63,107,0,0,0,1,0,3,2009,3,2009,1,0,0,0,0,1,4,45,1,1,2,1,2,3,1,50,99,1,1,20,0,0
6,60401,2,2,1,2,4,2,35,12,1,1,0,6,2,12,3,12003,2,2004,1FAFP40464F1,1,F,A,F,P,4,0,4,6,4,F,1,0,P,FORD,MUS,CP,4,17,3114,,0,1013,,G,,0,0,000000000,00000000000,0,0,0,1,0,0,0,0,0,0,0,0,0,0,0,6,6,6,2,12,0,0,1,1,6,91325,6,1,0,0,3,0,69,147,0,0,0,0,0,0,0,0,0,0,0,0,0,0,1,4,45,1,1,2,1,2,2,5,53,1,1,1,21,1,0
6,60402,1,1,1,2,4,3,0,35,0,1,0,6,2,42,43,42043,4,1997,WDBGA43G0VA3,W,D,B,G,A,4,3,G,0,V,A,3,0,P,MERZ,S42,4D,97,17,4495,,0,1236,,G,,0,0,000000000,00000000000,0,0,0,1,0,0,0,0,0,0,0,999,0,1,5,98,3,6,2,42,0,0,1,1,6,94571,6,1,0,0,3,0,73,160,0,0,0,0,0,0,0,0,0,1,0,0,0,0,1,2,35,3,5,2,2,0,0,14,12,1,2,4,7,1,1
6,60403,1,1,1,10,3,21,4,8,0,1,0,6,2,49,472,49472,30,1997,4TANL42N2VZ2,4,T,A,N,L,4,2,N,2,V,Z,2,0,T,TOYT,REG,PK,97,17,,1,0,1033,TAC,G,,0,0,000000000,00000000000,0,0,0,1,0,0,0,0,0,0,0,998,0,0,0,12,12,4,3,8,0,0,0,1,6,94609,6,1,0,0,3,0,69,175,0,0,0,0,1,6,2008,6,2008,1,38,91,0,0,2,3,25,1,1,2,2,28,3,1,80,2,2,1,13,0,1
6,60404,1,1,1,30,3,22,18,8,0,1,0,6,1,24,1,24001,4,1998,1G8ZF5286WZ1,1,G,8,Z,F,5,2,8,6,W,Z,1,0,P,STRN,SSL,4D,98,17,2326,,0,1024,,G,,0,0,000000000,00000000000,0,0,0,1,0,0,0,0,0,0,0,39,0,0,0,12,12,4,3,8,0,0,0,1,6,94545,6,1,0,0,3,3,70,155,0,0,0,0,1,3,2009,3,2009,0,38,0,0,0,2,2,35,1,1,2,2,0,0,1,80,1,1,1,13,0,0
6,60405,1,1,1,2,4,7,18,14,0,1,0,6,1,37,402,37402,14,2007,5J6RE38387L0,5,J,6,R,E,3,8,3,8,7,L,0,0,P,HOND,CRV,UT,7,17,3389,,0,1031,,G,,0,0,000000000,00000000000,0,0,0,1,0,0,0,0,0,0,0,998,0,0,0,82,82,6,2,14,0,0,0,1,6,95111,6,1,0,0,3,0,67,310,0,0,0,0,0,0,0,0,0,0,27,0,0,0,2,3,35,1,1,2,1,0,0,15,12,1,1,4,11,1,0
6,60406,1,4,1,2,4,13,20,12,1,1,0,6,1,58,33,58033,4,1995,JNKCP01D5ST5,J,N,K,C,P,0,1,D,5,S,T,5,0,P,INFI,G20,4D,95,17,2877,,0,1004,,G,,0,0,000000000,00000000000,0,0,0,1,0,0,0,0,0,0,0,50,0,0,0,12,12,4,3,12,0,0,0,1,6,94560,0,0,0,0,0,0,68,220,0,0,0,0,0,0,0,0,0,0,92,0,0,0,3,6,65,1,1,2,2,0,0,15,10,1,1,2,24,1,0
6,60406,2,4,1,2,4,13,20,12,1,1,0,6,2,49,482,49482,31,2010,5TFRM5F1XAX0,5,T,F,R,M,5,F,1,X,A,X,0,0,T,TOYT,DBS,CW,10,17,,2,0,1457,TUN,G,,0,0,000000000,00000000000,0,0,0,1,0,0,0,0,0,0,0,45,0,0,0,6,6,2,1,12,0,0,0,1,53,92704,6,1,0,0,3,0,65,160,0,0,0,0,0,0,0,0,0,0,0,0,0,0,3,6,65,1,1,2,2,0,0,1,60,1,1,1,25,0,0
6,60406,3,4,4,2,4,13,20,12,1,1,0,6,1,12,37,12037,4,2006,1FAHP38Z26W2,1,F,A,H,P,3,8,Z,2,6,W,2,0,P,FORD,ST4,4D,6,17,2676,,0,1029,,G,,0,0,000000000,00000000000,0,0,0,1,0,0,0,0,0,0,0,45,0,0,0,63,63,2,1,12,0,0,0,1,6,95337,6,1,0,0,3,0,70,200,1,0,0,0,0,11,2007,11,2007,0,0,0,0,0,3,6,65,1,1,2,2,0,0,1,60,1,1,1,98,0,0
6,60406,4,4,1,2,4,13,20,12,1,1,0,6,1,42,42,42042,4,2002,WDBRF61J02F1,W,D,B,R,F,6,1,J,0,2,F,1,0,P,MERZ,C24,4D,2,17,3210,,0,1068,,F,,0,0,000000000,00000000000,0,0,0,1,0,0,0,0,0,0,0,45,0,0,0,12,12,2,1,54,0,0,0,1,6,95136,6,1,0,0,3,0,74,235,0,0,0,0,0,0,0,0,0,0,0,0,0,0,3,6,65,1,1,2,2,0,0,1,61,1,1,1,98,0,0
6,60407,1,1,4,2,4,15,5,8,0,1,0,6,1,12,481,12481,31,1995,1FTEF15N5SLC,1,F,T,E,F,1,5,N,5,S,L,C,0,T,FORD,F15,PK,95,17,,2,1330,1170,COF,G,,0,0,000000000,00000000000,0,0,0,1,0,0,0,0,0,0,0,17,0,0,0,12,12,2,1,8,0,0,0,1,6,92113,6,1,0,0,3,0,67,190,0,3,1,0,0,7,2007,11,2007,0,0,0,0,0,1,2,25,1,2,1,1,0,0,1,80,1,1,1,13,0,0
6,60408,1,1,1,7,2,3,20,14,0,1,0,6,1,37,31,37031,4,1998,JHMEJ6677WS0,J,H,M,E,J,6,6,7,7,W,S,0,0,P,HOND,UCL,4D,98,17,2426,,0,1032,,G,,0,0,000000000,00000000000,0,0,0,1,0,0,0,0,0,0,0,75,4,0,0,12,12,6,2,14,0,0,0,1,6,92310,6,1,0,0,3,3,67,172,0,0,0,1,0,9,2009,9,2009,0,48,0,0,0,3,5,70,1,5,2,1,0,0,1,11,1,1,4,11,1,0
6,60409,1,1,2,27,2,14,46,14,0,1,0,6,2,63,31,63031,4,1994,KNAFA121XR52,K,N,A,F,A,1,2,1,X,R,5,2,0,P,KIA,RLG,4D,94,17,2407,,0,984,,G,,0,0,000000000,00000000000,0,0,0,1,0,0,0,0,0,0,0,53,0,0,0,12,12,6,2,14,0,0,0,1,6,92410,6,2,0,0,3,2,62,150,0,0,0,0,1,1,2010,1,2010,1,48,73,0,0,3,3,65,1,1,1,6,40,3,1,6,1,3,4,11,1,0
6,60410,1,2,0,28,2,5,46,12,7,1,0,6,6,19,14,19014,4,2000,1G6KY5493YU2,1,G,6,K,Y,5,4,9,3,Y,U,2,0,P,CADI,STS,4D,0,17,4001,,0,1122,,G,,0,0,000000000,00000000000,0,0,0,1,0,0,0,0,0,0,0,0,0,0,0,81,81,6,2,12,0,0,0,0,,,,,,,,,999,,,,,,,,,,,,20,0,0,0,3,5,55,1,1,1,1,0,0,0,98,0,0,0,48,0,0
6,60410,2,2,1,28,2,5,46,12,7,1,0,0,0,12,16,12016,4,1998,2FAFP71W4WX1,2,F,A,F,P,7,1,W,4,W,X,1,0,P,FORD,CVP,4D,98,17,0,,0,1144,,G,,0,0,000000000,00000000000,0,0,0,1,0,0,0,0,0,5,1,75,0,0,0,61,12,6,2,8,0,0,0,1,6,90012,6,1,0,0,3,0,70,155,0,0,0,0,0,0,0,0,0,1,16,0,0,0,3,5,55,1,1,1,1,0,0,1,50,1,1,1,48,0,0
6,60411,1,2,1,26,3,4,21,12,1,1,0,6,1,49,40,49040,4,1997,JT2BG22KXV00,J,T,2,B,G,2,2,K,X,V,0,0,0,P,TOYT,XLL,4D,97,17,3086,,0,1051,,G,,0,0,000000000,00000000000,0,0,0,1,0,0,0,0,0,0,0,85,1,0,0,12,12,6,2,12,0,0,0,1,6,91342,6,1,0,0,3,0,67,180,0,0,0,0,0,0,0,0,0,1,0,0,0,0,3,4,65,1,1,1,1,0,0,1,50,1,1,1,20,1,0
6,60411,2,2,1,26,3,4,21,12,1,1,0,93,1,82,883,82883,66,2001,1FUJA3BG61PG,1,F,U,J,A,3,B,G,6,1,P,G,1,T,FRHT,FC2,DS,1,17,,8,0,0,CON,D,,1,57,1685652,571685652,3,6,1,1,0,0,0,0,0,0,0,0,0,0,0,6,6,4,3,12,0,0,0,1,6,91331,6,1,6,0,3,0,69,199,1,0,0,0,0,10,2007,10,2007,0,45,24,28,0,3,4,65,1,1,1,1,0,0,5,53,1,1,1,21,0,0
6,60412,1,2,2,3,4,11,40,12,6,1,0,6,1,53,32,53032,4,1999,JS2GB31S1X51,J,S,2,G,B,3,1,S,1,X,5,1,0,P,SUZI,ELX,4D,99,17,2227,,0,976,,G,,0,0,000000000,00000000000,0,0,0,1,0,0,0,0,0,0,0,998,0,0,0,9,9,6,2,12,0,0,0,1,6,93647,6,1,0,0,3,0,64,150,0,0,0,0,0,0,0,0,0,0,38,0,0,0,1,2,55,1,1,2,1,20,3,1,17,1,1,1,89,1,0
6,60412,2,2,2,3,4,11,40,12,6,1,0,6,2,9,442,9442,20,1994,1P4GH2438RX1,1,P,4,G,H,2,4,3,8,R,X,1,0,P,PLYM,VOF,SV,94,17,3472,,0,1193,,G,,0,0,000000000,00000000000,0,0,0,1,0,0,0,0,0,0,0,55,0,0,0,12,12,6,2,12,0,0,0,1,6,93654,0,0,0,0,0,0,71,275,0,0,0,0,0,0,0,0,0,0,92,0,0,0,1,2,55,1,1,2,1,0,0,1,66,3,2,1,88,0,0
6,60413,1,1,1,3,4,13,35,8,0,1,0,6,2,12,401,12401,14,1997,1FMDU32P9VZB,1,F,M,D,U,3,2,P,9,V,Z,B,0,P,FORD,EPR,UT,97,17,3939,,0,1115,,G,,0,0,000000000,00000000000,0,0,0,1,0,0,0,0,0,0,0,998,0,0,0,12,12,2,1,8,0,0,0,1,6,91367,6,1,0,0,3,0,67,160,0,0,0,0,0,0,0,0,0,0,38,0,0,0,1,6,40,1,1,2,1,2,3,10,80,1,1,1,13,0,0
6,60414,1,1,1,3,4,23,20,33,0,1,0,6,1,54,38,54038,3,2004,JH4DC53024S0,J,H,4,D,C,5,3,0,2,4,S,0,0,P,ACUR,RST,2H,4,17,2767,,0,1012,,G,,0,0,000000000,00000000000,0,0,0,1,0,0,0,0,0,0,0,998,0,0,0,14,12,6,2,46,0,0,0,1,6,93292,6,1,0,0,3,0,69,140,0,0,0,0,0,0,0,0,0,0,27,0,0,0,1,2,55,1,1,2,1,3,3,1,13,1,1,4,1,1,1
6,60415,1,1,1,4,4,0,56,8,0,1,0,6,1,49,472,49472,30,2002,5TEGN92N42Z0,5,T,E,G,N,9,2,N,4,2,Z,0,0,T,TOYT,DCP,CW,2,17,,1,0,1219,TAC,G,,0,0,000000000,00000000000,0,0,0,1,0,0,0,0,0,0,0,65,0,0,0,12,12,6,2,8,0,0,0,1,6,93449,6,1,0,0,3,0,72,210,0,0,0,0,0,0,0,0,0,0,0,0,0,0,3,2,65,1,1,2,1,0,0,1,80,1,1,1,13,0,0
6,60416,1,1,3,2,1,21,30,42,0,1,0,6,4,49,40,49040,4,2008,4T1BK46K68U0,4,T,1,B,K,4,6,K,6,8,U,0,0,P,TOYT,LXS,4D,8,17,3461,,0,1093,,G,,0,0,000000000,00000000000,0,0,0,1,0,0,0,0,0,0,0,999,0,1,5,98,98,6,2,42,0,0,0,1,6,94519,6,1,0,0,3,3,73,200,0,0,0,1,2,4,2008,8,2008,0,48,0,0,0,1,2,50,1,1,2,1,0,0,1,13,99,1,4,1,1,1
6,60417,1,1,1,19,1,19,30,14,0,1,0,6,1,9,20,9020,4,1998,1P3ES47Y7WD5,1,P,3,E,S,4,7,Y,7,W,D,5,0,P,PLYM,NHE,4P,98,17,2537,,0,1040,,G,,0,0,000000000,00000000000,0,0,0,1,0,0,0,0,0,0,0,998,0,0,0,12,12,6,2,14,0,0,0,1,6,90007,3,1,0,0,2,0,68,160,0,1,0,0,2,8,2009,11,2009,0,0,0,0,0,1,4,35,1,1,2,1,0,0,1,10,99,1,4,6,1,0
6,60418,1,1,4,31,1,2,29,8,0,1,0,6,2,63,441,63441,20,2007,KNDMB2333761,K,N,D,M,B,2,3,3,3,7,6,1,0,P,KIA,SED,SV,7,17,4387,,0,1189,,G,,0,0,000000000,00000000000,0,0,0,1,0,0,0,0,0,0,0,70,0,0,0,12,12,4,3,8,0,0,0,1,6,90717,6,1,0,0,3,0,69,215,0,0,0,1,0,1,2009,1,2009,0,0,0,0,0,3,4,65,1,1,2,1,0,0,1,80,1,1,1,13,0,1
6,60419,1,1,1,28,3,15,43,9,0,1,0,6,1,49,40,49040,4,2004,4T1BA32KX4U0,4,T,1,B,A,3,2,K,X,4,U,0,0,P,TOYT,CSE,4D,4,17,3086,,0,1071,,G,,0,0,000000000,00000000000,0,0,0,1,0,0,0,0,0,0,0,998,0,0,0,12,12,4,3,9,0,0,0,1,6,91724,6,1,0,0,3,0,66,150,0,0,0,1,1,2,2008,6,2008,0,0,0,0,0,5,4,45,1,1,2,1,0,0,1,83,99,1,1,13,0,0
6,60420,1,2,1,4,4,23,59,12,7,1,1,92,0,20,9,20009,2,1993,2G1FP22P1P21,2,G,1,F,P,2,2,P,1,P,2,1,0,P,CHEV,Z28,CP,93,17,3373,,0,1010,,G,,0,0,000000000,00000000000,0,0,0,1,0,0,0,0,0,0,0,999,0,0,0,62,62,6,2,12,0,0,0,1,6,92833,3,1,0,0,2,0,67,190,0,0,0,1,0,12,2008,12,2008,1,48,92,0,0,3,4,65,1,1,1,1,0,0,15,10,99,1,2,47,0,1
6,60420,2,2,4,4,4,23,59,12,7,1,0,6,2,12,401,12401,14,2004,1FMZU63K94ZA,1,F,M,Z,U,6,3,K,9,4,Z,A,0,P,FORD,EPR,UT,4,17,4094,,0,1137,,F,,0,0,000000000,00000000000,0,0,0,1,0,0,0,0,0,0,0,65,0,1,3,83,83,6,2,1,0,0,0,1,6,92113,6,1,0,0,3,0,63,190,0,1,0,1,1,2,2008,11,2008,0,0,0,0,0,3,4,65,1,1,1,1,0,0,1,61,1,1,1,45,1,0
6,60421,1,1,2,8,4,9,50,9,0,1,0,6,2,37,32,37032,4,2002,1HGCG16562A0,1,H,G,C,G,1,6,5,6,2,A,0,0,P,HOND,UEX,4D,2,17,3329,,0,1069,,G,,0,0,000000000,00000000000,0,0,0,1,0,0,0,0,0,0,0,78,0,0,0,12,12,4,3,9,0,0,0,1,6,92346,6,1,0,0,3,0,70,160,0,0,0,0,0,0,0,0,0,1,33,0,0,0,1,2,55,1,1,2,1,0,0,6,13,7,4,4,13,0,0
6,60422,1,2,1,9,4,17,25,12,6,1,0,92,0,37,31,37031,2,1998,1HGEJ6222WL0,1,H,G,E,J,6,2,2,2,W,L,0,0,P,HOND,UCD,CP,98,17,2274,,0,1032,,G,,0,0,000000000,00000000000,0,0,0,1,0,0,0,0,0,0,0,70,0,1,5,82,98,6,2,1,0,0,0,1,6,92530,6,1,0,0,3,0,67,178,0,0,0,0,3,11,2009,2,2010,0,27,0,0,0,3,4,65,2,1,1,1,0,0,15,11,99,1,2,47,1,1
6,60422,2,2,2,9,4,17,25,12,6,1,0,6,1,20,421,20421,15,1999,1GNEC13R1XJ5,1,G,N,E,C,1,3,R,1,X,J,5,0,P,CHEV,CTA,UT,99,17,4865,,0,1175,,G,,0,0,000000000,00000000000,0,0,0,1,0,0,0,0,0,0,0,70,0,0,0,1,1,2,1,12,0,0,0,1,6,92530,6,1,0,0,3,0,70,160,0,0,0,0,0,0,0,0,0,0,0,0,0,0,3,4,65,2,1,1,1,0,0,14,61,99,1,1,45,0,0
6,60423,1,1,1,9,4,22,50,9,0,1,0,6,2,49,40,49040,4,1998,4T1BG22K6WU8,4,T,1,B,G,2,2,K,6,W,U,8,0,P,TOYT,CXL,4D,98,17,2998,,0,1051,,G,,0,0,000000000,00000000000,0,0,0,1,0,0,0,0,0,0,0,43,0,0,0,12,12,4,1,9,0,0,0,1,6,93706,6,1,0,0,3,3,63,150,0,0,0,1,0,8,2009,8,2009,0,0,0,0,0,1,2,45,1,1,2,1,0,0,1,83,2,1,1,13,0,0
6,60424,1,1,2,9,4,23,30,8,0,1,0,39,2,23,401,23401,14,2006,1GKET63M3621,1,G,K,E,T,6,3,M,3,6,2,1,0,T,GMC,E/D,4W,6,17,,2,0,1130,E/D,G,,0,0,000000000,00000000000,0,0,0,1,0,0,0,0,0,0,0,71,0,0,0,12,12,4,3,8,0,0,0,1,4,86401,6,1,0,0,3,0,67,135,0,0,0,0,0,0,0,0,0,0,0,0,0,0,2,2,70,1,6,1,1,0,0,15,80,6,1,1,13,0,0
6,60425,1,2,3,9,4,23,49,12,6,1,0,6,2,59,401,59401,14,2000,JT6HF10U4Y01,J,T,6,H,F,1,0,U,4,Y,0,1,0,P,LEXS,RX3,UT,0,17,3900,,0,1031,,G,,0,0,000000000,00000000000,0,0,0,1,0,0,0,0,0,0,0,999,0,0,0,9,9,6,2,12,0,0,0,1,6,93901,6,2,0,0,3,2,59,98,0,0,0,0,0,0,0,0,0,0,39,92,73,0,2,2,35,1,1,2,1,3,3,11,15,99,1,1,82,2,0
6,60425,2,2,1,9,4,23,49,12,6,1,0,6,2,41,471,41471,30,1994,4F4CR16A4RTM,4,F,4,C,R,1,6,A,4,R,T,M,0,T,MAZD,2CP,PC,94,17,,1,0,1251,B23,G,,0,0,000000000,00000000000,0,0,0,1,0,0,0,0,0,0,0,60,0,0,0,12,12,6,2,12,0,0,0,1,6,93960,6,1,0,0,3,0,68,215,0,0,0,0,1,4,2010,4,2010,0,0,0,0,0,1,3,55,1,1,2,1,2,3,1,67,8,2,2,83,0,0
6,60426,1,2,1,2,4,16,15,12,6,1,0,6,5,98,706,98706,83,2003,VBKEXM4063M4,V,B,K,E,X,M,4,0,6,3,M,4,0,U,,,,3,17,,,,,,,,0,0,000000000,00000000000,0,0,0,1,0,0,0,0,0,0,0,73,0,0,0,12,12,6,2,12,0,0,0,1,6,92252,0,0,0,0,0,0,73,195,0,0,0,0,0,0,0,0,0,0,92,38,0,0,1,2,0,1,1,5,1,20,3,1,66,99,1,1,88,1,0
6,60426,2,2,1,2,4,16,15,12,6,1,0,6,1,20,481,20481,31,1997,1GCHC33J7VF0,1,G,C,H,C,3,3,J,7,V,F,0,0,T,CHEV,GC3,CW,97,17,,2,0,1685,GM4,G,,0,0,000000000,00000000000,0,0,0,1,0,0,0,0,0,0,0,55,0,0,0,9,9,4,3,12,0,0,0,1,6,92285,6,1,6,0,3,0,76,225,0,0,0,0,0,0,0,0,0,0,0,0,0,0,1,2,55,1,1,2,1,0,0,1,17,99,1,1,89,0,0
6,60427,1,2,1,2,4,16,16,12,6,1,0,6,1,49,472,49472,30,2005,5TETU62N35Z0,5,T,E,T,U,6,2,N,3,5,Z,0,0,T,TOYT,ACP,PC,5,17,,1,0,1219,TAC,G,,0,0,000000000,00000000000,0,0,0,1,0,0,0,0,0,0,0,998,0,0,0,12,12,6,2,12,0,0,0,1,6,93030,6,1,0,0,3,3,63,125,0,0,0,0,0,0,0,0,0,1,51,0,0,0,1,4,50,1,1,8,1,0,0,1,54,1,1,1,81,0,0
6,60427,2,2,1,2,4,16,16,12,6,1,0,6,1,12,3,12003,2,1997,1FALP4042VF1,1,F,A,L,P,4,0,4,2,V,F,1,0,P,FORD,MUS,CP,97,17,3084,,0,1013,,G,,0,0,000000000,00000000000,0,0,0,1,0,0,0,0,0,0,0,998,0,0,0,61,61,6,2,12,0,0,0,1,6,90405,6,1,0,0,3,3,74,200,0,0,0,0,0,0,0,0,0,0,0,0,0,0,1,4,50,1,1,8,1,0,0,10,16,99,1,1,80,1,0
6,60428,1,1,1,3,4,1,52,8,0,1,0,6,1,32,42,32042,4,2000,WAUBH24BXYN1,W,A,U,B,H,2,4,B,X,Y,N,1,0,P,AUDI,A28,4D,0,17,3459,,0,1087,,G,,0,0,000000000,00000000000,0,0,0,1,0,0,0,0,0,0,0,68,0,0,0,12,12,4,3,8,0,0,0,1,6,91101,6,1,0,0,3,3,76,200,0,0,0,0,0,0,0,0,0,0,0,0,0,0,3,3,55,1,1,1,1,0,0,1,80,8,2,1,13,0,1
6,60429,1,1,1,3,4,2,22,14,0,1,0,6,1,23,481,23481,31,1999,2GTEC19T7X15,2,G,T,E,C,1,9,T,7,X,1,5,0,T,GMC,NC1,3C,99,17,,2,1575,1435,SIE,G,,0,0,000000000,00000000000,0,0,0,1,0,0,0,0,0,0,0,999,0,0,0,5,12,6,2,42,0,0,0,1,6,92220,1,1,0,0,2,0,72,210,0,3,0,0,1,9,2007,6,2009,0,92,48,58,0,1,2,25,1,1,2,1,0,0,1,13,1,1,4,5,1,1
6,60430,1,2,1,3,4,3,41,12,8,1,1,6,1,37,32,37032,4,1995,1HGCD5632SA0,1,H,G,C,D,5,6,3,2,S,A,0,0,P,HOND,ULE,4D,95,17,2809,,0,1069,,G,,0,0,000000000,00000000000,0,0,0,1,0,0,0,0,0,0,0,998,0,0,0,61,61,4,3,12,0,0,0,1,6,93458,0,0,0,0,0,0,65,999,0,0,0,0,0,0,0,0,0,0,92,51,0,0,2,2,65,1,1,2,1,0,0,1,54,1,1,1,66,0,1
6,60430,2,2,2,3,4,3,41,12,8,1,0,6,2,42,36,42036,4,1992,WDBGA51E5NA0,W,D,B,G,A,5,1,E,5,N,A,0,0,P,MERZ,5SL,4D,92,17,4585,,0,1236,,G,,0,0,000000000,00000000000,0,0,0,1,0,0,0,0,0,0,0,60,0,1,1,62,62,6,2,1,0,0,0,1,6,92801,6,1,0,0,3,0,66,210,0,0,0,0,0,0,0,0,0,0,0,0,0,0,2,2,65,1,1,2,1,0,0,1,54,1,1,1,66,1,0
6,60431,1,5,2,3,4,11,36,12,1,1,0,6,1,49,40,49040,4,1991,4T1VV22E4MU0,4,T,1,V,V,2,2,E,4,M,U,0,0,P,TOYT,CLE,4D,91,17,3086,,0,1024,,G,,0,0,000000000,00000000000,0,0,0,1,0,0,0,0,0,0,0,30,0,0,0,12,12,6,2,12,0,0,0,1,6,94002,6,1,0,0,3,0,61,200,0,0,0,0,0,0,0,0,0,1,0,0,0,0,5,4,30,1,2,1,1,0,0,1,50,1,1,1,20,1,0
6,60431,2,5,1,3,4,11,36,12,1,1,0,6,2,34,401,34401,14,2002,SAJEB51D62XC,S,A,J,E,B,5,1,D,6,2,X,C,0,P,JAGU,XT2,4D,2,17,3428,,0,1067,,G,,0,0,000000000,00000000000,0,0,0,1,0,0,0,0,0,0,0,0,0,0,0,6,6,6,2,12,0,0,0,1,6,94062,6,1,0,0,3,3,71,140,0,0,0,0,0,0,0,0,0,0,0,0,0,0,5,4,30,1,2,1,1,0,0,5,50,1,1,1,21,0,0
6,60431,3,5,1,3,4,11,36,12,1,1,0,6,1,35,49,35049,6,2006,JN8AZ08W06W5,J,N,8,A,Z,0,8,W,0,6,W,5,0,P,NISS,MUR,UT,6,17,3855,,0,1112,,G,,0,0,000000000,00000000000,0,0,0,1,0,0,0,0,0,0,0,0,0,0,0,6,6,4,1,12,0,0,0,1,6,94002,6,1,8,0,3,0,72,250,0,0,0,0,0,0,0,0,0,0,0,0,0,0,5,4,30,1,2,1,1,0,0,5,50,1,1,1,98,0,0
6,60431,4,5,4,3,4,11,36,12,1,1,0,6,1,30,46,30046,6,2001,WVWWH63B01E2,W,V,W,W,H,6,3,B,0,1,E,2,0,P,VOLK,PGX,SW,1,17,3343,,0,1064,,G,,0,0,000000000,00000000000,0,0,0,1,0,0,0,0,0,0,0,0,0,0,0,6,6,4,3,12,0,0,0,1,6,94002,6,1,0,0,3,3,66,165,0,0,0,0,0,0,0,0,0,0,0,0,0,0,5,4,30,1,2,1,1,0,0,5,50,1,1,1,98,0,0
6,60431,5,5,4,3,4,11,36,12,1,1,0,6,1,34,401,34401,14,2003,5UXFA53553LV,5,U,X,F,A,5,3,5,5,3,L,V,0,P,BMW,BX5,UT,3,17,4533,,0,1110,,G,,0,0,000000000,00000000000,0,0,0,1,0,0,0,0,0,0,0,0,0,0,0,6,6,2,1,12,0,0,0,1,6,94002,6,1,0,0,3,3,69,180,0,0,0,0,0,0,0,0,0,0,0,0,0,0,5,4,30,1,2,1,1,0,0,5,50,1,1,1,98,0,0
6,60432,1,1,6,4,4,3,55,42,0,1,0,6,1,22,20,22020,4,2005,2G2WS5220511,2,G,2,W,S,5,2,2,0,5,1,1,0,P,PONT,GPG,4D,5,17,3484,,0,1105,,G,,0,0,000000000,00000000000,0,0,0,1,0,0,0,0,0,0,0,80,0,1,5,12,12,6,2,42,0,0,0,1,6,92324,6,1,0,0,3,0,59,155,0,0,0,0,0,0,0,0,0,1,48,0,0,0,3,3,65,3,1,1,1,40,3,14,13,1,1,4,1,1,1
6,60433,1,2,2,4,4,18,34,12,6,1,0,32,1,54,38,54038,3,2002,JH4DC53042C0,J,H,4,D,C,5,3,0,4,2,C,0,0,P,ACUR,RST,2H,2,17,2767,,0,1012,,G,,0,0,000000000,00000000000,0,0,0,1,0,0,0,0,0,0,0,35,0,0,0,82,82,6,2,12,0,0,0,1,32,89512,6,1,0,0,3,0,75,160,0,0,0,1,0,3,2010,3,2010,1,28,58,0,0,1,2,25,2,1,2,3,0,0,14,6,1,4,2,64,1,0
6,60433,2,2,1,4,4,18,34,12,6,1,0,6,1,51,401,51401,14,2004,YV1CZ91HX411,Y,V,1,C,Z,9,1,H,X,4,1,1,0,P,VOLV,XC9,UT,4,17,4639,,0,1125,,G,,0,0,000000000,00000000000,0,0,0,1,0,0,0,0,0,0,0,15,0,0,0,12,12,2,3,12,0,0,0,1,6,94062,6,1,0,0,3,0,72,155,0,0,0,0,0,0,0,0,0,0,0,0,0,0,1,2,25,2,1,2,3,0,0,14,62,1,1,1,65,0,0
6,60434,1,1,3,4,4,19,25,1,0,1,0,6,1,20,471,20471,30,2000,1GCCS1948Y81,1,G,C,C,S,1,9,4,8,Y,8,1,0,T,CHEV,S14,PC,0,17,,1,0,1229,S,G,,0,0,000000000,00000000000,0,0,0,1,0,0,0,0,0,0,0,998,0,1,6,0,0,6,2,1,0,0,0,1,6,95023,6,1,0,0,3,0,73,220,0,0,0,0,0,0,0,0,0,1,0,0,0,0,1,2,45,3,6,2,2,0,0,14,6,1,1,4,1,1,1