STATE,ST_CASE,VEH_NO,VE_FORMS,NUMOCCS,DAY,MONTH,HOUR,MINUTE,HARM_EV,MAN_COLL,UNITTYPE,HIT_RUN,REG_STAT,OWNER,MAKE,MODEL,MAK_MOD,BODY_TYP,MOD_YEAR,VIN,VIN_1,VIN_2,VIN_3,VIN_4,VIN_5,VIN_6,VIN_7,VIN_8,VIN_9,VIN_10,VIN_11,VIN_12,TOW_VEH,VINTYPE,VINMAKE,VINA_MOD,VIN_BT,VINMODYR,VIN_LNGT,VIN_WGT,WGTCD_TR,WHLBS_LG,WHLBS_SH,SER_TR,FUELCODE,MCYCL_DS,J_KNIFE,MCARR_I1,MCARR_I2,MCARR_ID,GVWR,V_CONFIG,CARGO_BT,HAZ_INV,HAZ_PLAC,HAZ_ID,HAZ_CNO,HAZ_REL,BUS_USE,SPEC_USE,EMER_USE,TRAV_SP,UNDERIDE,ROLLOVER,ROLINLOC,IMPACT1,IMPACT2,DEFORMED,TOWED,M_HARM,VEH_SC1,VEH_SC2,FIRE_EXP,DR_PRES,L_STATE,DR_ZIP,L_STATUS,L_TYPE,CDL_STAT,L_ENDORS,L_COMPL,L_RESTRI,DR_HGT,DR_WGT,PREV_ACC,PREV_SUS,PREV_DWI,PREV_SPD,PREV_OTH,FIRST_MO,FIRST_YR,LAST_MO,LAST_YR,SPEEDREL,DR_SF1,DR_SF2,DR_SF3,DR_SF4,VTRAFWAY,VNUM_LAN,VSPD_LIM,VALIGN,VPROFILE,VPAVETYP,VSURCOND,VTRAFCON,VTCONT_F,P_CRASH1,P_CRASH2,P_CRASH3,PCRASH4,PCRASH5,ACC_TYPE,DEATHS,DR_DRINK
6,60637,1,2,1,28,4,8,9,12,6,1,0,6,1,35,39,35039,4,1992,JN1HJ01P8NT6,J,N,1,H,J,0,1,P,8,N,T,6,0,P,NISS,MGX,4D,92,17,3129,,0,1043,,G,,0,0,000000000,00000000000,0,0,0,1,0,0,0,0,0,0,0,60,0,0,0,81,81,6,2,12,0,0,0,1,6,91910,6,1,0,0,3,3,61,185,1,0,0,0,0,10,2007,10,2007,1,58,0,0,0,1,2,50,3,8,2,2,28,3,14,6,99,1,6,66,1,0
6,60637,2,2,1,28,4,8,9,12,6,1,0,94,3,12,481,12481,31,2008,999999999999,9,9,9,9,9,9,9,9,9,9,9,9,0,U,,,,9,17,,,,,,,,0,0,000000000,00000000000,0,0,0,1,0,0,0,0,0,8,0,45,0,0,0,12,12,4,3,12,0,0,0,1,6,92154,6,1,8,0,3,3,67,175,0,0,0,0,0,0,0,0,0,0,16,0,0,0,1,2,50,2,8,2,2,28,3,14,62,2,2,1,66,0,0
6,60638,1,2,1,28,4,18,20,12,7,1,0,6,2,49,402,49402,14,2004,JTEGD20V3400,J,T,E,G,D,2,0,V,3,4,0,0,0,P,TOYT,RV4,UT,4,17,2897,,0,980,,G,,0,0,000000000,00000000000,0,0,0,1,0,0,0,0,0,0,0,998,0,0,0,7,7,2,1,12,0,0,0,1,6,91321,6,1,0,0,3,3,62,135,0,0,0,0,0,0,0,0,0,0,27,0,0,0,2,3,45,3,1,2,1,0,0,15,10,1,1,2,47,0,0
6,60638,2,2,1,28,4,18,20,12,7,1,0,6,1,53,706,53706,80,2007,JS1GT77A9721,J,S,1,G,T,7,7,A,9,7,2,1,0,M,SUZI,XR1,RS,7,17,,,,,,,999,0,0,000000000,00000000000,0,0,0,1,0,0,0,0,0,0,0,998,0,0,0,1,1,6,2,59,0,0,0,1,6,91355,6,1,0,0,2,3,72,180,0,0,0,0,0,0,0,0,0,0,92,0,0,0,2,3,45,3,1,2,1,0,0,14,61,3,2,2,45,1,0
6,60639,1,5,1,29,4,18,45,12,1,1,0,6,1,42,42,42042,4,2009,WDDGF56X89F2,W,D,D,G,F,5,6,X,8,9,F,2,0,P,MERZ,C3C,4D,9,17,3615,,0,1087,,G,,0,0,000000000,00000000000,0,0,0,1,0,0,0,0,0,0,0,998,0,0,0,12,12,6,2,12,0,0,0,1,6,90025,6,1,0,0,3,0,60,155,0,0,0,0,0,0,0,0,0,1,0,0,0,0,1,5,35,1,1,2,1,3,3,11,50,99,1,2,20,0,0
6,60639,2,5,1,29,4,18,45,12,1,1,0,6,1,34,35,34035,4,2010,WBANW1C54AC1,W,B,A,N,W,1,C,5,4,A,C,1,0,P,BMW,535,4D,10,17,3704,,0,1137,,G,,0,0,000000000,00000000000,0,0,0,1,0,0,0,0,0,0,0,0,0,0,0,6,12,6,2,12,0,0,0,1,6,90024,6,1,0,0,3,0,67,125,0,0,0,0,0,0,0,0,0,0,0,0,0,0,1,5,35,1,1,2,1,3,3,5,53,1,1,1,22,1,0
6,60639,3,5,1,29,4,18,45,12,1,1,0,6,1,55,36,55036,4,2004,KMHCG45C14U5,K,M,H,C,G,4,5,C,1,4,U,5,0,P,HYUN,AGL,4D,4,17,2290,,0,961,,G,,0,0,000000000,00000000000,0,0,0,1,0,0,0,0,0,0,0,0,0,0,0,6,6,6,2,12,0,0,0,1,6,90034,6,1,0,0,3,3,62,113,0,0,0,0,0,0,0,0,0,0,0,0,0,0,1,5,35,1,1,2,1,3,3,5,53,1,1,1,98,0,0
6,60639,4,5,1,29,4,18,45,12,1,1,0,6,2,34,34,34034,1,1990,WBABB2311LEC,W,B,A,B,B,2,3,1,1,L,E,C,0,P,BMW,3CA,CV,90,17,3095,,0,1012,,G,,0,0,000000000,00000000000,0,0,0,1,0,0,0,0,0,0,0,998,0,0,0,61,61,4,3,12,0,0,0,1,6,90057,6,1,0,0,3,0,67,120,1,0,0,0,0,12,2008,12,2008,0,0,0,0,0,1,5,35,1,1,2,1,3,3,1,62,99,1,1,98,0,0
6,60639,5,5,1,29,4,18,45,12,1,1,0,6,2,12,3,12003,1,2007,1ZVHT80N6752,1,Z,V,H,T,8,0,N,6,7,5,2,0,P,FORD,MUS,CP,7,17,3352,,0,1071,,G,,0,0,000000000,00000000000,0,0,0,1,0,0,0,0,0,0,0,998,0,0,0,12,12,4,3,12,0,0,0,1,6,90210,6,1,0,0,3,0,70,135,0,0,0,0,0,0,0,0,0,0,0,0,0,0,1,5,35,1,1,2,1,3,3,1,62,99,1,1,98,0,0
6,60640,1,1,3,25,4,2,45,1,0,1,0,4,1,20,421,20421,15,1995,1GNEK18K9SJ3,1,G,N,E,K,1,8,K,9,S,J,3,0,P,CHEV,KTA,UT,95,17,4747,,0,1115,,G,,0,0,000000000,00000000000,0,0,0,1,0,0,0,0,0,0,0,50,0,1,1,0,0,6,2,1,0,0,0,1,4,85364,6,1,0,0,3,0,69,150,0,0,0,1,0,3,2008,3,2008,0,48,0,0,0,1,2,45,2,1,2,1,0,0,14,12,1,1,6,98,1,1
6,60641,1,2,2,25,4,14,36,12,6,1,0,6,1,59,31,59031,4,2006,JTHBA30G9651,J,T,H,B,A,3,0,G,9,6,5,1,0,P,LEXS,E33,4D,6,17,3472,,0,1071,,G,,0,0,000000000,00000000000,0,0,0,1,0,0,0,0,0,0,0,999,0,0,0,3,3,6,2,12,0,0,0,1,6,92637,6,1,0,0,3,0,63,112,0,0,0,0,0,0,0,0,0,0,99,99,99,99,2,3,70,1,6,2,1,0,0,1,9,1,4,2,67,1,0
6,60641,2,2,4,25,4,14,36,12,6,1,0,6,1,23,441,23441,20,2000,1GKDM19W4YB5,1,G,K,D,M,1,9,W,4,Y,B,5,0,T,GMC,SXT,ES,0,17,,1,0,1112,SAF,G,,0,0,000000000,00000000000,0,0,0,1,0,0,0,0,0,0,0,65,0,0,0,12,12,6,2,12,0,0,0,1,6,92399,6,1,0,0,3,0,70,200,0,0,0,0,0,0,0,0,0,0,99,99,99,99,2,3,70,1,5,2,1,0,0,1,62,1,1,1,67,0,0
6,60642,1,1,4,25,4,16,44,1,0,1,0,6,1,49,482,49482,31,2005,5TBRU341X5S4,5,T,B,R,U,3,4,1,X,5,S,4,0,T,TOYT,TT5,4C,5,17,,1,0,1283,TUN,G,,0,0,000000000,00000000000,0,0,0,1,0,0,0,0,0,0,0,63,0,1,2,0,0,6,2,1,0,0,0,1,6,95136,6,1,0,0,3,0,71,145,0,0,0,0,0,0,0,0,0,1,48,0,0,0,3,2,60,1,1,2,1,0,0,1,12,1,2,4,98,1,1
6,60643,1,1,2,25,4,19,5,46,0,1,0,6,2,20,32,20032,4,1993,1Y1SK5383PZ0,1,Y,1,S,K,5,3,8,3,P,Z,0,0,P,GEO,PRL,4D,93,17,2359,,0,971,,G,,0,0,000000000,00000000000,0,0,0,1,0,0,0,0,0,0,0,998,0,0,0,12,12,6,2,8,0,0,0,1,6,90057,0,0,0,0,0,0,60,130,0,0,0,0,0,0,0,0,0,1,92,0,0,0,1,4,35,1,1,2,1,3,3,1,13,1,1,4,1,0,0
6,60644,1,1,1,25,4,19,20,31,0,1,0,32,1,7,472,7472,30,2000,1B7GL22X3YS7,1,B,7,G,L,2,2,X,3,Y,S,7,0,T,DODG,DAK,PC,0,17,,1,0,1309,DAK,G,,0,0,000000000,00000000000,0,0,0,1,0,0,0,0,0,0,0,48,0,1,6,12,12,6,2,1,0,0,0,1,32,93535,6,1,0,0,3,3,68,280,0,1,0,0,0,11,2009,11,2009,0,48,0,0,0,1,2,50,3,1,2,1,0,0,14,13,1,3,4,2,1,1
6,60645,1,1,1,25,4,21,18,8,0,1,0,6,1,37,421,37421,15,2003,2HKYF18613H5,2,H,K,Y,F,1,8,6,1,3,H,5,0,P,HOND,PIL,UT,3,17,4439,,0,1063,,G,,0,0,000000000,00000000000,0,0,0,1,0,0,0,0,0,0,0,47,0,0,0,12,12,4,3,8,0,0,0,1,6,93611,6,1,6,0,3,0,70,175,0,0,0,2,0,7,2008,11,2008,1,28,0,0,0,1,2,45,1,1,2,1,0,0,6,80,1,1,2,13,0,0
6,60646,1,1,3,25,4,23,10,24,0,1,0,6,1,12,422,12422,15,1999,1FMRU17L5XLB,1,F,M,R,U,1,7,L,5,X,L,B,0,P,FORD,EPT,UT,99,17,4808,,0,1191,,G,,0,0,000000000,00000000000,0,0,0,1,0,0,0,0,0,0,0,65,0,1,6,12,12,6,2,1,0,0,0,1,6,91340,6,1,0,0,3,0,70,190,0,1,0,0,0,9,2007,9,2007,1,80,0,0,0,3,4,65,1,1,1,1,0,0,1,1,1,2,4,2,1,0
6,60647,1,1,2,25,4,23,54,58,0,1,0,6,5,20,22,20022,2,2006,1G1AM58B6676,1,G,1,A,M,5,8,B,6,6,7,6,0,P,CHEV,BSS,4D,6,17,2871,,0,1033,,G,,0,0,000000000,00000000000,0,0,0,1,0,0,0,0,0,0,0,90,0,1,6,12,12,6,2,58,0,0,0,1,6,95834,6,1,0,0,3,0,73,180,0,0,0,0,0,0,0,0,0,1,37,0,0,0,1,2,55,1,5,2,1,20,3,1,14,1,2,4,14,1,0
6,60648,1,2,4,11,1,17,30,12,6,1,0,6,2,37,32,37032,4,1997,1HGCD5655VA0,1,H,G,C,D,5,6,5,5,V,A,0,0,P,HOND,UEX,4D,97,17,2974,,0,1069,,G,,0,0,000000000,00000000000,0,0,0,1,0,0,0,0,0,0,0,45,0,0,0,3,3,6,2,12,0,0,0,1,6,93606,0,0,0,0,0,0,59,95,0,0,0,0,0,0,0,0,0,0,48,92,0,0,1,2,55,3,1,2,1,0,0,14,10,1,1,6,64,1,0
6,60648,2,2,1,11,1,17,30,12,6,1,0,6,1,12,3,12003,2,2005,1ZVFT80N5551,1,Z,V,F,T,8,0,N,5,5,5,1,0,P,FORD,MUS,CP,5,17,3300,,0,1071,,G,,0,0,000000000,00000000000,0,0,0,1,0,0,0,0,0,0,0,55,0,0,0,12,12,6,2,12,0,0,0,1,6,93668,1,1,0,0,2,3,66,145,0,1,0,0,0,4,2008,4,2008,0,0,0,0,0,1,2,55,2,1,2,1,0,0,14,62,1,1,6,65,0,0
6,60649,1,2,3,12,4,22,50,12,1,1,0,6,6,34,34,34034,4,1994,WBACA6323RFK,W,B,A,C,A,6,3,2,3,R,F,K,0,P,BMW,31A,4D,94,17,2955,,0,1063,,G,,0,0,000000000,00000000000,0,0,0,1,0,0,0,0,0,0,0,0,0,0,0,6,6,6,2,12,0,0,0,0,,,,,,,,,999,,,,,,,,,,,,20,0,0,0,3,5,65,1,2,1,1,0,0,0,98,0,0,0,32,1,0
6,60649,2,2,3,12,4,22,50,12,1,1,0,6,1,35,47,35047,4,2006,1N4AL11D36N4,1,N,4,A,L,1,1,D,3,6,N,4,0,P,NISS,ASL,4D,6,17,2915,,0,1102,,G,,0,0,000000000,00000000000,0,0,0,1,0,0,0,0,0,0,0,65,0,0,0,12,12,6,2,12,0,0,0,1,6,90029,6,1,0,0,2,0,71,180,0,0,0,0,0,0,0,0,0,0,0,0,0,0,3,5,65,1,2,1,1,0,0,1,51,99,1,1,32,0,0
6,60650,1,1,1,13,4,5,55,1,0,1,0,6,1,49,471,49471,30,1989,JT4RN01P8K40,J,T,4,R,N,0,1,P,8,K,4,0,0,T,TOYT,SWD,PK,89,17,,1,0,1030,HTP,G,,0,0,000000000,00000000000,0,0,0,1,0,0,0,0,0,0,0,998,0,1,5,0,12,6,2,42,0,0,0,1,6,95372,6,1,0,0,3,3,67,165,0,0,0,0,0,0,0,0,0,1,0,0,0,0,1,2,55,3,1,2,4,0,0,14,6,99,1,4,98,1,0
6,60651,1,1,4,21,3,11,6,35,0,1,0,6,1,2,404,2404,14,1995,1J4FJ68S7SL6,1,J,4,F,J,6,8,S,7,S,L,6,0,T,JEEP,SPT,4W,95,17,,1,0,1014,CHK,G,,0,0,000000000,00000000000,0,0,0,1,0,0,0,0,0,0,0,65,0,1,5,12,0,6,2,1,0,0,0,1,6,92376,6,1,0,0,3,0,67,270,0,0,0,0,0,0,0,0,0,0,48,0,0,0,2,4,70,1,6,1,1,0,0,1,1,1,7,4,7,1,0
6,60652,1,1,4,28,3,19,1,35,0,1,0,6,2,12,401,12401,14,2001,1FMCU60E61UA,1,F,M,C,U,6,0,E,6,1,U,A,0,P,FORD,EPR,UT,1,17,3769,,0,1018,,G,,0,0,000000000,00000000000,0,0,0,1,0,0,0,0,0,0,0,63,0,1,5,12,0,6,2,1,0,0,0,1,6,91730,0,0,0,0,0,0,75,285,0,0,0,0,0,0,0,0,0,0,48,92,0,0,3,4,70,1,8,1,1,0,0,1,13,99,1,4,1,2,0
6,60653,1,2,1,12,4,20,47,12,6,1,0,6,2,12,3,12003,2,2005,1ZVFT80N8551,1,Z,V,F,T,8,0,N,8,5,5,1,0,P,FORD,MUS,CP,5,17,3300,,0,1071,,G,,0,0,000000000,00000000000,0,0,0,1,0,0,0,0,0,0,0,49,0,0,0,9,9,6,2,12,0,0,0,1,22,71115,6,1,0,0,3,3,71,190,0,0,0,0,0,0,0,0,0,0,39,0,0,0,1,3,50,1,1,2,1,3,3,1,17,99,1,1,89,1,0
6,60653,2,2,1,12,4,20,47,12,6,1,0,6,3,82,881,82881,66,1997,1FUY3WEB4VP8,1,F,U,Y,3,W,E,B,4,V,P,8,1,T,FRHT,FD1,DS,97,17,,8,0,0,CON,D,,3,6,48565,0648565,3,6,3,1,0,0,0,0,0,0,0,998,0,0,0,12,12,6,2,12,0,0,0,1,6,91761,6,1,6,0,3,1,71,200,1,0,0,1,0,8,2009,9,2009,0,0,0,0,0,1,3,50,1,1,2,1,2,3,1,66,99,1,1,88,0,0
6,60654,1,2,4,15,4,6,48,12,2,1,0,6,2,49,32,49032,4,1996,1NXBA02E5TZ3,1,N,X,B,A,0,2,E,5,T,Z,3,0,P,TOYT,COA,4D,96,17,2315,,0,970,,G,,0,0,000000000,00000000000,0,0,0,1,0,0,0,0,0,0,0,48,0,0,0,12,12,6,2,12,0,0,0,1,6,95437,3,1,0,0,2,0,67,150,0,0,0,0,0,0,0,0,0,0,92,0,0,0,1,2,55,1,1,2,2,0,0,1,62,99,1,1,51,1,0
6,60654,2,2,1,15,4,6,48,12,2,1,0,6,1,37,31,37031,4,2006,JHMFA362X6S0,J,H,M,F,A,3,6,2,X,6,S,0,0,P,HOND,CHY,4D,6,17,2875,,0,1063,,B,,0,0,000000000,00000000000,0,0,0,1,0,0,0,0,0,0,0,999,0,0,0,12,12,6,2,12,0,0,0,1,6,95490,6,1,0,0,3,0,62,130,0,0,0,0,0,0,0,0,0,0,48,0,0,0,1,2,55,2,1,2,2,0,0,14,10,1,1,2,50,0,0
6,60655,1,1,1,24,4,99,99,42,0,1,0,92,0,20,4,20004,2,1980,1Z876AS42213,1,Z,8,7,6,A,S,4,2,2,1,3,0,P,,,,,,,,,,,,,0,0,000000000,00000000000,0,0,0,1,0,0,0,0,0,0,0,999,0,0,0,12,12,6,2,42,0,0,0,1,6,95815,6,1,8,0,3,3,75,220,0,0,0,1,0,8,2008,8,2008,0,0,0,0,0,1,2,25,2,1,2,1,0,0,14,13,1,1,4,1,1,0
6,60656,1,2,2,24,4,20,20,12,2,1,0,6,2,12,13,12013,3,1995,1FASP10J4SW2,1,F,A,S,P,1,0,J,4,S,W,2,0,P,FORD,ESC,2H,95,17,2316,,0,984,,G,,0,0,000000000,00000000000,0,0,0,1,0,0,0,0,0,0,0,999,0,0,0,12,12,6,2,12,0,0,0,1,6,93245,1,1,0,0,2,3,71,195,0,0,0,0,0,0,0,0,0,0,92,0,0,0,1,2,55,1,8,2,1,0,0,1,62,99,1,1,51,1,1
6,60656,2,2,2,24,4,20,20,12,2,1,0,6,2,59,31,59031,4,1996,JT8BF12GXT01,J,T,8,B,F,1,2,G,X,T,0,1,0,P,LEXS,ES3,4D,96,17,3374,,0,1031,,G,,0,0,000000000,00000000000,0,0,0,1,0,0,0,0,0,0,0,999,0,1,5,12,12,6,2,12,0,0,0,1,6,93245,1,1,0,0,2,0,68,190,0,0,0,0,0,0,0,0,0,0,92,51,0,0,1,2,55,2,8,2,1,0,0,14,10,99,1,2,50,0,0
6,60657,1,2,1,3,5,22,40,12,1,1,0,6,1,42,47,42047,2,2006,WDBTJ56J46F1,W,D,B,T,J,5,6,J,4,6,F,1,0,P,MERZ,K50,CP,6,17,3585,,0,1069,,G,,0,0,000000000,00000000000,0,0,0,1,0,0,0,0,0,0,0,70,0,0,0,12,12,6,2,12,0,0,0,1,6,90240,6,1,0,0,3,0,62,125,0,0,0,0,0,0,0,0,0,1,0,0,0,0,3,6,65,1,1,1,1,0,0,1,50,99,1,1,20,0,0
6,60657,2,2,5,3,5,22,40,12,1,1,0,32,1,37,421,37421,15,2004,2HKYF18524H5,2,H,K,Y,F,1,8,5,2,4,H,5,0,P,HOND,PIL,UT,4,17,4400,,0,1063,,G,,0,0,000000000,00000000000,0,0,0,1,0,0,0,0,0,0,0,0,0,0,0,6,6,6,2,12,0,0,0,1,32,89117,6,1,0,0,3,0,67,165,0,0,0,0,0,0,0,0,0,0,45,0,0,0,3,6,65,1,1,1,1,0,0,5,53,1,1,1,21,1,0
6,60658,1,2,1,5,5,12,25,12,2,1,0,6,2,35,43,35043,2,1994,1N4EB32A5RC7,1,N,4,E,B,3,2,A,5,R,C,7,0,P,NISS,SXL,2D,94,17,2324,,0,957,,G,,0,0,000000000,00000000000,0,0,0,1,0,0,0,0,0,0,0,998,0,0,0,12,12,6,2,12,0,0,0,1,6,91306,1,1,0,0,2,0,71,190,1,1,0,1,0,7,2008,3,2010,1,51,92,0,0,5,4,35,1,1,2,1,2,3,98,54,99,1,2,52,1,0
6,60658,2,2,1,5,5,12,25,12,2,1,0,6,2,37,32,37032,4,1991,1HGCB7665MA0,1,H,G,C,B,7,6,6,5,M,A,0,0,P,HOND,AER,4D,91,17,2923,,0,1071,,G,,0,0,000000000,00000000000,0,0,0,1,0,0,0,0,0,0,0,998,0,0,0,12,12,6,2,12,0,0,0,1,6,90006,3,1,0,0,2,0,65,170,0,0,0,0,0,0,0,0,0,0,92,0,0,0,2,2,35,1,1,2,1,0,0,1,62,99,1,1,52,0,0
6,60659,1,2,1,5,5,14,14,12,6,1,0,6,1,35,472,35472,30,2004,1N6AA06B44N5,1,N,6,A,A,0,6,B,4,4,N,5,1,T,NISS,TXS,PC,4,17,,2,0,1398,TTN,G,,1,0,000000000,00000000000,0,0,0,1,0,0,0,0,0,0,0,998,0,0,0,10,10,6,2,12,0,0,0,1,6,93721,6,1,0,0,3,0,73,190,0,0,0,0,0,0,0,0,0,0,38,0,0,0,1,2,55,1,1,2,1,20,3,11,15,99,1,1,68,0,0
6,60659,2,2,1,5,5,14,14,12,6,1,0,32,1,72,706,72706,80,2008,1HD1FR4118Y6,1,H,D,1,F,R,4,1,1,8,Y,6,0,M,HD,FKC,RS,8,17,,,,,,,1584,0,0,000000000,00000000000,0,0,0,1,0,0,0,0,0,0,0,55,0,0,0,12,12,6,2,12,0,0,0,1,6,92688,6,1,0,0,3,0,70,195,0,0,0,1,0,3,2010,3,2010,0,0,0,0,0,1,2,55,1,5,2,1,0,0,1,67,8,1,1,69,1,0
6,60660,1,1,1,5,5,16,1,8,0,1,0,6,2,37,441,37441,20,2000,2HKRL1856YH5,2,H,K,R,L,1,8,5,6,Y,H,5,0,P,HOND,UDY,SV,0,17,4233,,0,1181,,G,,0,0,000000000,00000000000,0,0,0,1,0,0,0,0,0,0,0,35,0,0,0,12,12,2,1,8,0,0,0,1,6,92683,6,1,0,0,3,0,62,115,0,0,0,0,0,0,0,0,0,1,38,0,0,0,5,2,35,1,1,2,1,0,0,1,80,99,1,1,13,0,0
6,60661,1,1,1,28,4,19,43,30,0,1,0,6,2,37,706,37706,80,2008,JH2SC59198M0,J,H,2,S,C,5,9,1,9,8,M,0,0,M,HOND,CBS,RC,8,17,,,,,,,998,0,0,000000000,00000000000,0,0,0,1,0,0,0,0,0,0,0,999,0,0,0,12,12,6,2,30,0,0,0,1,6,93706,6,1,0,0,2,0,70,155,0,1,0,2,0,4,2008,7,2008,0,92,48,0,0,1,2,55,1,1,2,1,0,0,1,12,1,1,4,10,1,0
6,60662,1,1,2,28,4,23,57,35,0,1,0,6,2,7,472,7472,30,2006,1D7HE48N36S5,1,D,7,H,E,4,8,N,3,6,S,5,0,T,DODG,DQS,CW,6,17,,2,0,1309,DAK,G,,0,0,000000000,00000000000,0,0,0,1,0,0,0,0,0,0,0,998,0,1,5,12,12,6,2,35,0,0,0,1,6,90265,6,1,0,0,3,0,73,265,0,0,0,0,0,0,0,0,0,0,48,0,0,0,1,2,55,1,1,2,1,0,0,1,13,99,1,4,5,1,0
6,60663,1,1,1,29,4,1,2,8,0,1,0,40,3,98,809,98809,66,2009,2FWBA2CV29AA,2,F,W,B,A,2,C,V,2,9,A,A,2,T,STRG,A90,DS,9,17,,7,0,0,STE,D,,1,57,082866,57082866,3,7,1,1,0,0,0,0,0,0,0,52,0,0,0,12,12,2,1,8,0,0,0,1,6,95624,6,1,6,1,3,0,69,172,1,0,0,0,0,1,2008,1,2008,0,0,0,0,0,2,4,55,1,1,1,1,0,0,1,80,2,2,1,13,0,0
6,60664,1,1,1,29,4,11,54,8,0,1,1,6,2,49,40,49040,4,1996,JT2BF12K2T01,J,T,2,B,F,1,2,K,2,T,0,1,0,P,TOYT,LXS,4D,96,17,3241,,0,1031,,G,,0,0,000000000,00000000000,0,0,0,1,0,0,0,0,0,0,0,33,0,0,0,12,12,4,3,8,0,0,0,1,6,90002,9,9,99,9,9,9,66,165,99,99,99,99,99,99,9999,99,9999,0,33,0,0,0,1,4,40,1,1,2,1,2,3,15,80,1,1,1,13,0,0
6,60665,1,1,3,29,4,18,0,14,0,1,0,6,2,49,40,49040,4,2007,4T1BK46K57U0,4,T,1,B,K,4,6,K,5,7,U,0,0,P,TOYT,CJS,4D,7,17,3164,,0,1093,,G,,0,0,000000000,00000000000,0,0,0,1,0,0,0,0,0,0,0,25,0,0,0,1,1,4,3,5,0,0,0,1,6,95476,9,9,99,9,9,9,65,175,99,99,99,99,99,99,9999,99,9999,0,48,0,0,0,1,2,25,1,1,2,1,0,0,1,13,1,1,4,5,1,1
6,60666,1,1,2,29,4,21,20,8,0,1,0,6,2,2,404,2404,14,1996,1J4GZ78Y5TC2,1,J,4,G,Z,7,8,Y,5,T,C,2,0,T,JEEP,LMT,4W,96,17,,1,0,1059,GCK,G,,0,0,000000000,00000000000,0,0,0,1,0,0,0,0,0,0,0,3,0,0,0,6,6,0,3,8,0,0,0,1,6,90813,6,1,0,0,3,0,72,190,0,0,0,0,1,1,2009,1,2009,0,99,99,99,99,1,2,25,1,1,8,1,0,0,13,80,1,1,1,98,0,0
6,60667,1,1,1,29,4,22,53,18,0,1,0,6,1,76,706,76706,80,2006,JYAVP11Y56A0,J,Y,A,V,P,1,1,Y,5,6,A,0,0,M,YAMA,XVA,RS,6,17,,,,,,,1063,0,0,000000000,00000000000,0,0,0,1,0,0,0,0,0,0,0,998,0,0,0,12,12,6,2,18,0,0,0,1,6,92201,6,1,0,0,3,0,69,197,0,0,0,0,0,0,0,0,0,0,0,0,0,0,1,6,50,1,1,2,98,0,0,1,90,99,1,1,12,1,1
6,60668,1,1,1,30,1,17,45,8,0,1,0,6,2,72,706,72706,80,2002,1HD1DDV322Y6,1,H,D,1,D,D,V,3,2,2,Y,6,0,M,HD,FHT,RS,2,17,,,,,,,1450,0,0,000000000,00000000000,0,0,0,1,0,0,0,0,0,0,0,998,0,0,0,12,12,4,9,8,0,0,0,1,6,94603,6,1,0,0,3,0,71,176,0,0,0,0,0,0,0,0,0,1,0,0,0,0,1,4,45,1,1,2,1,0,0,1,80,3,2,1,13,0,0
6,60669,1,1,1,14,4,2,15,59,0,1,0,6,3,49,442,49442,20,1999,4T3ZF19CXXU0,4,T,3,Z,F,1,9,C,X,X,U,0,0,P,TOYT,SIE,SV,99,17,3786,,0,1142,,G,,0,0,000000000,00000000000,0,0,0,1,0,0,0,0,0,0,0,85,0,0,0,12,9,6,2,42,0,0,0,1,6,95838,6,1,0,0,3,0,64,150,0,2,0,0,2,7,2007,12,2008,1,0,0,0,0,6,1,65,2,1,2,1,0,0,14,6,99,1,4,10,1,1
6,60670,1,1,1,18,4,20,25,24,0,1,0,6,3,55,401,55401,14,2002,KM8SC13D02U1,K,M,8,S,C,1,3,D,0,2,U,1,0,P,HYUN,SAN,UT,2,17,3549,,0,1031,,G,,0,0,000000000,00000000000,0,0,0,1,0,0,0,0,0,0,0,999,0,0,0,12,12,6,2,24,0,0,0,1,6,93622,6,1,0,0,3,0,71,175,0,0,3,0,0,8,2008,3,2010,0,48,0,0,0,1,2,55,1,1,2,1,0,0,1,11,99,1,4,5,1,1
6,60671,1,1,1,18,4,21,30,30,0,1,0,6,1,52,46,52046,4,2009,JA3AV66V89U0,J,A,3,A,V,6,6,V,8,9,U,0,0,P,MITS,LRL,4D,9,17,3462,,0,1037,,G,,0,0,000000000,00000000000,0,0,0,1,0,0,0,0,0,0,0,998,0,0,0,3,0,6,2,30,0,0,0,1,6,92335,6,1,0,0,3,0,66,200,0,0,0,0,0,0,0,0,0,1,0,0,0,0,1,2,55,1,1,2,1,0,0,1,6,3,3,4,5,1,0
6,60672,1,1,1,19,4,19,4,33,0,1,0,6,3,49,40,49040,4,1999,4T1BG22K9XU5,4,T,1,B,G,2,2,K,9,X,U,5,0,P,TOYT,UEX,4D,99,17,2998,,0,1051,,G,,0,0,000000000,00000000000,0,0,0,1,0,0,0,0,0,0,0,999,0,0,0,14,12,6,2,33,0,0,0,1,99,99999,9,9,99,9,9,9,67,155,99,99,99,99,99,99,9999,99,9999,1,48,0,0,0,2,3,45,1,2,2,1,0,0,1,13,99,1,4,5,1,1
6,60673,1,1,1,19,4,20,42,8,0,1,0,6,1,35,402,35402,14,2000,5N1ED28Y5YC5,5,N,1,E,D,2,8,Y,5,Y,C,5,0,P,NISS,XTR,UT,0,17,3811,,0,1043,,G,,0,0,000000000,00000000000,0,0,0,1,0,0,0,0,0,0,0,998,0,0,0,12,12,4,3,8,0,0,0,1,6,95973,6,1,0,0,3,0,67,160,1,0,0,0,0,11,2008,11,2008,0,0,0,0,0,1,4,35,1,1,2,1,0,0,1,80,99,1,1,13,0,1