STATE,ST_CASE,VEH_NO,VE_FORMS,NUMOCCS,DAY,MONTH,HOUR,MINUTE,HARM_EV,MAN_COLL,UNITTYPE,HIT_RUN,REG_STAT,OWNER,MAKE,MODEL,MAK_MOD,BODY_TYP,MOD_YEAR,VIN,VIN_1,VIN_2,VIN_3,VIN_4,VIN_5,VIN_6,VIN_7,VIN_8,VIN_9,VIN_10,VIN_11,VIN_12,TOW_VEH,VINTYPE,VINMAKE,VINA_MOD,VIN_BT,VINMODYR,VIN_LNGT,VIN_WGT,WGTCD_TR,WHLBS_LG,WHLBS_SH,SER_TR,FUELCODE,MCYCL_DS,J_KNIFE,MCARR_I1,MCARR_I2,MCARR_ID,GVWR,V_CONFIG,CARGO_BT,HAZ_INV,HAZ_PLAC,HAZ_ID,HAZ_CNO,HAZ_REL,BUS_USE,SPEC_USE,EMER_USE,TRAV_SP,UNDERIDE,ROLLOVER,ROLINLOC,IMPACT1,IMPACT2,DEFORMED,TOWED,M_HARM,VEH_SC1,VEH_SC2,FIRE_EXP,DR_PRES,L_STATE,DR_ZIP,L_STATUS,L_TYPE,CDL_STAT,L_ENDORS,L_COMPL,L_RESTRI,DR_HGT,DR_WGT,PREV_ACC,PREV_SUS,PREV_DWI,PREV_SPD,PREV_OTH,FIRST_MO,FIRST_YR,LAST_MO,LAST_YR,SPEEDREL,DR_SF1,DR_SF2,DR_SF3,DR_SF4,VTRAFWAY,VNUM_LAN,VSPD_LIM,VALIGN,VPROFILE,VPAVETYP,VSURCOND,VTRAFCON,VTCONT_F,P_CRASH1,P_CRASH2,P_CRASH3,PCRASH4,PCRASH5,ACC_TYPE,DEATHS,DR_DRINK
6,61154,2,2,5,18,7,17,30,12,6,1,0,6,1,48,401,48401,14,2001,JF1SF63561H7,J,F,1,S,F,6,3,5,6,1,H,7,0,P,SUBA,FOR,UT,1,17,3140,,0,994,,G,,0,0,000000000,00000000000,0,0,0,1,0,0,0,0,0,0,0,25,0,0,0,9,9,6,2,12,0,0,0,1,6,95425,6,1,0,0,3,3,60,160,0,0,0,0,0,0,0,0,0,0,0,0,0,0,1,2,45,3,8,2,1,40,3,14,62,1,1,1,66,2,0
6,61155,1,1,1,22,7,20,22,8,0,1,1,99,9,99,999,99999,99,9999,999999999999,9,9,9,9,9,9,9,9,9,9,9,9,0,U,,,,9,17,,,,,,,,0,0,000000000,00000000000,0,0,0,1,0,0,0,0,0,0,0,999,0,0,0,12,12,9,1,8,0,0,0,1,99,99999,9,9,99,9,9,9,999,999,99,99,99,99,99,99,9999,99,9999,9,48,0,0,0,1,2,55,1,8,2,1,0,0,1,13,1,1,4,1,0,0
6,61156,1,1,1,24,7,9,30,7,0,1,0,26,1,37,706,37706,80,2000,1HFSC2238YA2,1,H,F,S,C,2,2,3,8,Y,A,2,1,M,HOND,1/2,RS,0,17,,,,,,,1520,1,0,000000000,00000000000,0,0,0,1,0,0,0,0,0,0,0,50,0,0,0,0,12,4,3,24,0,0,0,1,26,49428,6,1,0,0,3,3,72,200,0,0,0,0,0,0,0,0,0,0,28,0,0,0,1,2,55,3,5,2,1,0,0,14,98,1,7,4,0,1,0
6,61157,1,3,1,24,7,21,15,9,0,1,1,99,9,99,999,99999,99,9999,999999999999,9,9,9,9,9,9,9,9,9,9,9,9,0,U,,,,9,17,,,,,,,,0,0,000000000,00000000000,0,0,0,1,0,0,0,0,0,0,0,999,0,0,0,99,99,9,1,9,99,99,0,1,99,99999,9,9,99,9,9,9,999,999,99,99,99,99,99,99,9999,99,9999,9,99,99,99,99,2,2,40,1,1,2,1,0,0,99,83,99,9,3,16,0,0
6,61157,2,3,1,24,7,21,15,9,0,1,0,6,1,20,481,20481,31,1997,1GCEC14R1VZ2,1,G,C,E,C,1,4,R,1,V,Z,2,0,T,CHEV,GC1,PK,97,17,,2,1315,1175,GM4,G,,0,0,000000000,00000000000,0,0,0,1,0,0,0,0,0,0,0,998,0,0,0,12,12,0,3,9,0,0,0,1,6,95822,1,1,0,0,2,0,71,195,2,1,0,0,0,3,2008,3,2010,0,0,0,0,0,2,2,40,1,1,2,1,0,0,1,83,1,1,1,98,0,0
6,61157,3,3,1,24,7,21,15,9,0,1,1,99,9,99,999,99999,99,9999,999999999999,9,9,9,9,9,9,9,9,9,9,9,9,0,U,,,,9,17,,,,,,,,0,0,000000000,00000000000,0,0,0,1,0,0,0,0,0,0,0,999,0,0,0,99,99,9,1,18,99,99,0,1,99,99999,9,9,99,9,9,9,999,999,99,99,99,99,99,99,9999,99,9999,9,99,99,99,99,2,2,40,1,1,2,1,0,0,1,90,99,9,9,98,0,0
6,61158,1,1,1,25,7,3,34,8,0,1,0,6,2,35,49,35049,6,2010,JN8AZ1MU3AW0,J,N,8,A,Z,1,M,U,3,A,W,0,0,P,NISS,MUR,UT,10,17,3761,,0,1112,,G,,0,0,000000000,00000000000,0,0,0,1,0,0,0,0,0,0,0,60,0,0,0,12,12,4,1,8,0,0,0,1,6,91978,6,1,0,0,3,0,65,250,0,0,0,0,0,0,0,0,0,0,0,0,0,0,3,4,65,1,1,2,1,0,0,1,80,1,1,1,13,0,0
6,61159,1,1,2,25,7,7,0,1,0,1,0,16,1,20,401,20401,14,1995,1GNDT13W2S22,1,G,N,D,T,1,3,W,2,S,2,2,0,P,CHEV,BZR,UT,95,17,4071,,0,1070,,G,,0,0,000000000,00000000000,0,0,0,1,0,0,0,0,0,0,0,999,0,1,5,0,0,6,2,1,0,0,0,1,16,83858,6,1,0,0,3,0,72,280,0,0,0,0,0,0,0,0,0,0,48,0,0,0,1,2,65,1,1,2,1,0,0,1,13,99,2,4,2,1,0
6,61160,1,1,1,2,1,14,15,1,0,1,0,6,1,12,422,12422,15,1997,1FMDU32P2VZB,1,F,M,D,U,3,2,P,2,V,Z,B,0,P,FORD,EPR,UT,97,17,3939,,0,1115,,G,,0,0,000000000,00000000000,0,0,0,1,0,0,0,0,0,0,0,998,0,2,1,0,0,6,2,1,0,0,0,1,6,91763,6,1,0,0,3,0,64,115,0,0,0,0,0,0,0,0,0,1,92,0,0,0,2,2,55,1,1,2,1,0,0,6,10,1,1,6,98,1,1
6,61161,1,1,1,14,1,23,14,14,0,1,0,6,2,7,41,7041,4,2000,2B3HD46R4YH2,2,B,3,H,D,4,6,R,4,Y,H,2,0,P,DODG,INT,4D,0,17,3385,,0,1130,,G,,0,0,000000000,00000000000,0,0,0,1,0,0,0,0,0,0,0,60,0,0,0,9,0,6,2,14,0,0,1,1,6,92801,0,0,0,0,0,0,67,160,0,0,0,0,0,0,0,0,0,1,92,0,0,0,1,4,30,1,1,2,1,0,0,1,6,1,1,4,11,1,1
6,61162,1,2,4,22,1,10,25,25,0,1,0,92,0,12,442,12442,20,2000,2FMDA5247YBA,2,F,M,D,A,5,2,4,7,Y,B,A,0,T,FORD,WSE,ES,0,17,,1,0,1207,WIN,G,,0,0,000000000,00000000000,0,0,0,1,0,0,0,0,0,0,0,70,0,1,1,11,11,6,2,1,0,0,0,1,6,94550,6,1,0,0,3,0,66,150,1,0,0,0,0,10,2008,10,2008,1,58,87,0,0,3,4,65,1,1,2,1,0,0,1,6,6,1,4,6,1,0
6,61162,2,2,1,22,1,10,25,25,0,1,0,6,3,85,881,85881,66,2001,1XKDA08X81J8,1,X,K,D,A,0,8,X,8,1,J,8,2,T,KW,T80,DS,1,17,,8,2600,1600,CON,D,,1,57,-80289,57-80289,3,7,8,1,0,0,0,0,0,0,0,55,0,1,1,10,10,6,2,12,0,0,0,1,6,95350,6,1,6,3,3,0,68,212,1,0,0,0,0,4,2008,4,2008,0,0,0,0,0,3,4,55,1,1,2,2,0,0,1,61,1,1,1,98,0,0
6,61163,1,1,1,5,2,15,30,58,0,1,0,6,2,38,402,38402,14,2002,4S2CK58W3243,4,S,2,C,K,5,8,W,3,2,4,3,0,P,ISU,ROD,UT,2,17,0,,0,1064,,G,,0,0,000000000,00000000000,0,0,0,1,0,0,0,0,0,0,0,55,0,0,0,99,99,6,2,42,0,0,0,1,6,90501,6,1,0,0,3,0,60,170,2,0,0,0,0,12,2008,12,2009,1,87,0,0,0,3,3,55,1,1,1,2,0,0,1,6,1,7,4,2,1,0
6,61164,1,2,1,13,5,6,10,12,2,1,0,6,1,20,471,20471,30,2001,1GCCS1958181,1,G,C,C,S,1,9,5,8,1,8,1,0,T,CHEV,S14,PC,1,17,,1,0,1229,S,F,,0,0,000000000,00000000000,0,0,0,1,0,0,0,0,0,0,0,55,0,0,0,12,12,6,2,12,0,0,0,1,6,95370,6,1,0,0,3,0,72,195,0,0,0,0,2,10,2009,1,2010,0,0,0,0,0,1,2,55,2,1,2,1,0,0,14,10,6,1,2,50,0,0
6,61164,2,2,2,13,5,6,10,12,2,1,0,6,1,37,32,37032,4,1988,JHMCA5542JC0,J,H,M,C,A,5,5,4,2,J,C,0,0,P,HOND,LXI,4D,88,17,2553,,0,1024,,G,,0,0,000000000,00000000000,0,0,0,1,0,0,0,0,0,0,0,55,0,0,0,12,12,6,2,12,0,0,0,1,6,95228,6,1,0,0,3,0,70,150,0,0,0,0,0,0,0,0,0,0,0,0,0,0,1,2,55,1,1,2,1,0,0,2,62,2,1,1,51,1,0
6,61165,1,2,1,14,5,1,25,12,2,1,0,92,0,20,2,20002,4,1989,1G1BL5174KR2,1,G,1,B,L,5,1,7,4,K,R,2,0,P,CHEV,CAP,4D,89,17,3693,,0,1160,,G,,0,0,000000000,00000000000,0,0,0,1,0,0,0,0,0,0,0,998,0,0,0,12,12,6,2,12,0,0,0,1,6,95820,1,1,0,0,2,0,67,140,0,3,1,0,2,9,2008,4,2010,0,92,0,0,0,5,4,40,1,1,2,1,0,0,1,10,1,1,2,50,1,1
6,61165,2,2,2,14,5,1,25,12,2,1,0,6,1,49,482,49482,31,2000,5TBBT4810YS0,5,T,B,B,T,4,8,1,0,Y,S,0,0,T,TOYT,TXL,4C,0,17,,2,0,1283,TUN,G,,0,0,000000000,00000000000,0,0,0,1,0,0,0,0,0,0,0,998,0,0,0,12,12,6,2,12,0,0,0,1,6,95820,6,1,0,0,3,0,68,134,1,2,0,0,0,1,2008,4,2008,0,0,0,0,0,5,4,40,1,1,2,1,0,0,1,62,1,1,1,51,0,1
6,61166,1,2,2,6,6,12,5,12,7,1,0,6,2,37,706,37706,80,2007,JH2SC57097M3,J,H,2,S,C,5,7,0,9,7,M,3,0,M,HOND,CBS,RS,7,17,,,,,,,998,0,0,000000000,00000000000,0,0,0,1,0,0,0,0,0,0,0,45,0,0,0,3,3,6,2,1,0,0,0,1,6,91740,1,1,0,0,2,0,74,215,2,1,0,0,0,4,2009,3,2010,0,99,99,99,99,3,2,65,3,1,1,1,0,0,14,61,1,1,3,49,1,0
6,61166,2,2,1,6,6,12,5,12,7,1,1,6,2,12,481,12481,31,1972,FLOYRM43939,F,L,O,Y,R,M,4,3,9,3,9,,0,P,,,,,,,,,,,,,0,0,000000000,00000000000,0,0,0,1,0,0,0,0,0,0,0,45,0,0,0,9,9,2,1,12,0,0,0,1,6,91791,6,1,0,0,3,3,72,160,0,0,0,0,0,0,0,0,0,0,99,99,99,99,3,2,65,3,1,1,1,0,0,14,61,1,1,3,49,0,0
6,61167,1,2,1,6,6,17,20,12,1,1,0,6,1,24,2,24002,2,2000,1G8ZY1271YZ1,1,G,8,Z,Y,1,2,7,1,Y,Z,1,0,P,STRN,SC2,3P,0,17,2463,,0,1024,,G,,0,0,000000000,00000000000,0,0,0,1,0,0,0,0,0,0,0,80,0,0,0,12,12,6,2,12,0,0,0,1,6,92399,6,1,0,0,3,3,64,200,0,0,0,0,0,0,0,0,0,1,0,0,0,0,2,2,70,1,1,2,1,0,0,1,52,1,1,1,28,1,0
6,61167,2,2,2,6,6,17,20,12,1,1,0,6,1,12,471,12471,30,1997,1FTCR14X3VPA,1,F,T,C,R,1,4,X,3,V,P,A,0,T,FORD,RNS,PS,97,17,,1,0,1250,RNG,G,,0,0,000000000,00000000000,0,0,0,1,0,0,0,0,0,0,0,45,0,0,0,6,6,4,3,12,32,0,0,1,6,95122,6,1,0,0,3,3,67,142,0,0,0,1,0,3,2008,3,2008,0,0,0,0,0,2,2,70,1,1,2,1,0,0,2,53,1,1,1,29,0,0
6,61168,1,2,2,9,6,20,12,12,6,1,0,6,2,37,32,37032,4,1999,JHMCG665XXC0,J,H,M,C,G,6,6,5,X,X,C,0,0,P,HOND,ULX,4D,99,17,3053,,0,1069,,G,,0,0,000000000,00000000000,0,0,0,1,0,0,0,0,0,0,0,998,0,0,0,3,9,6,2,12,0,0,0,1,6,95125,6,1,0,0,3,0,72,170,0,0,0,1,0,5,2010,5,2010,0,39,0,0,0,2,3,40,4,1,2,1,3,3,14,17,1,1,1,87,1,0
6,61168,2,2,1,9,6,20,12,12,6,1,0,6,1,19,14,19014,4,1999,1G6KY5493XU9,1,G,6,K,Y,5,4,9,3,X,U,9,0,P,CADI,STS,4D,99,17,4001,,0,1122,,G,,0,0,000000000,00000000000,0,0,0,1,0,0,0,0,0,0,0,998,0,0,0,12,12,4,3,12,0,0,0,1,6,95136,6,1,6,0,3,0,72,194,0,0,0,0,2,9,2008,2,2009,0,0,0,0,0,2,2,40,4,1,2,1,3,3,14,66,1,1,1,86,0,0
6,61169,1,2,1,28,6,6,50,12,8,1,0,6,1,20,481,20481,31,2003,1GCEK14T13Z2,1,G,C,E,K,1,4,T,1,3,Z,2,0,T,CHEV,SK1,PK,3,17,,2,1330,1190,SIL,G,,0,0,000000000,00000000000,0,0,0,1,0,0,0,0,0,0,0,999,0,0,0,11,11,6,2,12,0,0,0,1,6,93434,6,1,0,0,3,0,71,155,0,1,0,0,1,8,2009,9,2009,0,0,0,0,0,1,2,55,1,1,2,1,0,0,1,10,1,1,2,64,1,0
6,61169,2,2,1,28,6,6,50,12,8,1,0,6,3,20,880,20880,67,2004,1GBJC34234E3,1,G,B,J,C,3,4,2,3,4,E,3,0,T,CHEV,SC3,CB,4,17,,3,1615,1370,SIL,D,,0,6,169063,06169063,2,1,97,1,0,0,0,0,0,0,0,50,0,0,0,10,10,6,2,12,0,0,0,1,6,93434,6,1,6,0,3,0,70,214,1,0,0,0,0,3,2010,3,2010,0,0,0,0,0,1,2,55,1,1,2,1,0,0,1,62,9,1,1,65,0,0
6,61170,1,2,2,28,6,15,50,12,6,1,0,6,2,20,32,20032,4,1994,1Y1SK5365RZ0,1,Y,1,S,K,5,3,6,5,R,Z,0,0,P,GEO,GEP,4D,94,17,2348,,0,971,,G,,0,0,000000000,00000000000,0,0,0,1,0,0,0,0,0,0,0,998,0,0,0,3,3,6,2,12,0,0,0,1,6,95966,6,1,0,0,3,0,67,125,0,0,0,0,0,0,0,0,0,0,38,0,0,0,1,2,55,1,6,2,1,0,0,11,15,1,1,2,68,0,0
6,61170,2,2,1,28,6,15,50,12,6,1,0,6,1,72,706,72706,80,2009,1HD1JL5339Y0,1,H,D,1,J,L,5,3,3,9,Y,0,0,M,HD,XTC,RS,9,17,,,,,,,1584,0,0,000000000,00000000000,0,0,0,1,0,0,0,0,0,0,0,55,0,0,0,12,12,6,2,12,0,0,0,1,6,95966,6,1,0,0,3,0,73,220,0,0,0,1,0,4,2009,4,2009,0,0,0,0,0,1,2,55,1,6,2,1,0,0,1,62,2,1,1,69,1,1
6,61171,1,3,1,29,6,9,23,12,6,1,1,6,5,34,34,34034,4,2004,WBAET37444NJ,W,B,A,E,T,3,7,4,4,4,N,J,0,P,BMW,325,4D,4,17,3219,,0,1073,,G,,0,0,000000000,00000000000,0,0,0,1,0,0,0,0,0,0,0,998,0,0,0,12,12,6,2,12,0,0,0,1,6,92881,3,1,0,0,1,0,72,195,0,0,0,0,0,0,0,0,0,1,92,37,39,0,1,4,45,1,1,2,1,3,3,1,17,1,1,1,88,0,0
6,61171,2,3,1,29,6,9,23,12,6,1,0,6,1,7,472,7472,30,2002,1B7HL48N12S6,1,B,7,H,L,4,8,N,1,2,S,6,0,T,DODG,DQS,4C,2,17,,2,0,1309,DAK,G,,0,0,000000000,00000000000,0,0,0,1,0,0,0,0,0,0,0,998,0,0,0,9,9,6,2,12,0,0,0,1,6,91784,6,1,0,0,3,3,71,165,0,0,0,0,0,0,0,0,0,0,0,0,0,0,1,4,45,1,1,2,1,3,3,1,66,1,1,1,89,1,0
6,61171,3,3,1,29,6,9,23,12,6,1,0,6,2,20,882,20882,61,2002,J8BC4B148270,J,8,B,C,4,B,1,4,8,2,7,0,0,T,CHEV,W45,TB,2,17,,4,0,0,450,D,,0,99,999999999,99999999999,2,1,96,1,0,0,0,0,0,0,0,998,0,0,0,9,9,6,2,12,0,0,0,1,6,91786,6,1,0,0,3,0,71,260,1,0,0,0,1,12,2008,10,2009,0,0,0,0,0,1,4,45,1,1,2,1,3,3,1,61,1,1,1,98,0,0
6,61172,1,1,2,29,6,12,10,14,0,1,0,6,2,20,32,20032,4,1991,1Y1SK5466MZ0,1,Y,1,S,K,5,4,6,6,M,Z,0,0,P,GEO,GEP,4D,91,17,2364,,0,957,,G,,0,0,000000000,00000000000,0,0,0,1,0,0,0,0,0,0,0,40,0,0,0,12,12,6,2,14,0,0,0,1,6,95838,3,1,0,0,2,0,70,220,0,0,0,0,0,0,0,0,0,1,92,48,39,0,1,2,25,1,1,2,1,20,3,1,11,1,1,2,11,1,1
6,61173,1,2,1,30,6,3,49,12,1,1,0,92,0,51,41,51041,4,1997,YV1KS960XV11,Y,V,1,K,S,9,6,0,X,V,1,1,0,P,VOLV,960,4D,97,17,3541,,0,1091,,G,,0,0,000000000,00000000000,0,0,0,1,0,0,0,0,0,0,0,998,1,0,0,12,12,6,2,2,0,0,1,1,6,94124,6,1,0,0,3,0,69,195,0,0,0,0,0,0,0,0,0,1,0,0,0,0,4,5,50,1,1,7,1,0,0,1,51,1,1,1,24,1,1
6,61173,2,2,1,30,6,3,49,12,1,1,0,6,3,87,881,87881,66,2007,1XPFD49X17N7,1,X,P,F,D,4,9,X,1,7,N,7,1,T,PTRB,378,DS,7,17,,8,0,0,CON,D,,1,6,46826,0646826,3,6,98,1,0,0,0,0,0,0,0,40,0,0,0,6,6,4,3,12,0,0,0,1,6,94518,6,1,6,0,3,0,72,170,0,0,0,0,0,0,0,0,0,0,0,0,0,0,4,5,50,1,1,7,1,0,0,1,53,1,1,1,25,0,0
6,61174,1,1,1,30,6,12,19,14,0,1,0,6,1,49,40,49040,4,1999,JT2BG22K3X02,J,T,2,B,G,2,2,K,3,X,0,2,0,P,TOYT,XLL,4D,99,17,3120,,0,1051,,G,,0,0,000000000,00000000000,0,0,0,1,0,0,0,0,0,0,0,999,0,0,0,12,13,6,2,14,0,0,0,1,6,90680,6,1,0,0,3,0,66,135,0,0,0,0,0,0,0,0,0,1,0,0,0,0,2,2,70,1,1,2,1,0,0,1,11,1,1,4,11,1,0
6,61175,1,1,1,10,7,12,41,1,0,1,0,6,1,72,706,72706,80,2007,1HD1KB4377Y7,1,H,D,1,K,B,4,3,7,7,Y,7,0,M,HD,FH9,RS,7,17,,,,,,,1584,0,0,000000000,00000000000,0,0,0,1,0,0,0,0,0,0,0,998,0,0,0,0,0,2,8,1,0,0,0,1,6,90240,6,1,0,0,3,0,68,220,0,2,1,0,0,2,2008,2,2008,0,79,0,0,0,6,1,98,2,3,8,7,0,0,11,5,1,1,9,98,1,1
6,61176,1,1,2,21,7,18,55,14,0,1,0,6,1,63,31,63031,4,2000,KNAFB1210Y58,K,N,A,F,B,1,2,1,0,Y,5,8,0,P,KIA,SPL,4D,0,17,2478,,0,1008,,G,,0,0,000000000,00000000000,0,0,0,1,0,0,0,0,0,0,0,998,0,1,1,3,3,6,2,14,0,0,0,1,6,92374,6,1,0,0,3,0,67,190,0,0,0,0,0,0,0,0,0,1,48,0,0,0,1,2,35,1,1,2,1,28,3,1,10,2,1,4,11,2,1
6,61177,1,2,5,23,7,20,0,12,6,1,0,6,1,20,9,20009,2,1995,2G1FP22S5S21,2,G,1,F,P,2,2,S,5,S,2,1,0,P,CHEV,CAM,CP,95,17,3251,,0,1011,,G,,0,0,000000000,00000000000,0,0,0,1,0,0,0,0,0,0,0,998,0,0,0,9,9,6,2,12,0,0,0,1,6,90222,6,1,0,0,3,0,70,185,0,0,0,0,1,3,2010,3,2010,0,48,0,0,0,1,4,40,1,1,2,1,0,0,12,98,1,1,2,98,0,0
6,61177,2,2,1,23,7,20,0,12,6,1,0,6,1,76,706,76706,80,2004,JYARN13Y64A0,J,Y,A,R,N,1,3,Y,6,4,A,0,0,M,YAMA,FR1,RS,4,17,,,,,,,998,0,0,000000000,00000000000,0,0,0,1,0,0,0,0,0,0,0,998,0,0,0,12,12,6,2,12,0,0,0,1,6,90230,6,1,0,0,3,0,69,160,0,0,0,0,0,0,0,0,0,1,0,0,0,0,1,4,40,1,1,2,1,0,0,1,56,3,2,3,98,1,1
6,61178,1,2,3,28,7,17,45,12,2,1,0,6,2,7,442,7442,20,1993,2B4GH2531PR1,2,B,4,G,H,2,5,3,1,P,R,1,0,P,DODG,CAR,SV,93,17,3129,,0,1120,,G,,0,0,000000000,00000000000,0,0,0,1,0,0,0,0,0,0,0,63,0,0,0,12,12,6,2,12,0,0,0,1,6,95249,3,1,0,0,2,0,68,195,0,4,0,0,0,9,2007,9,2007,1,48,0,0,0,1,2,35,2,1,2,1,0,0,14,6,3,2,2,50,2,1
6,61178,2,2,2,28,7,17,45,12,2,1,0,6,1,42,401,42401,14,1999,4JGAB54E5XA0,4,J,G,A,B,5,4,E,5,X,A,0,0,P,MERZ,ML3,UT,99,17,4387,,0,1110,,G,,0,0,000000000,00000000000,0,0,0,1,0,0,0,0,0,0,0,33,0,0,0,12,12,6,2,12,0,0,0,1,6,95228,6,1,0,0,3,0,66,140,0,1,0,1,1,12,2007,12,2008,0,0,0,0,0,1,2,35,3,1,2,1,0,0,14,62,1,1,1,51,0,0
6,61179,1,2,2,28,7,19,9,12,6,1,0,6,2,34,34,34034,2,1993,WBABE5319PJA,W,B,A,B,E,5,3,1,9,P,J,A,0,P,BMW,31S,CP,93,17,2866,,0,1012,,G,,0,0,000000000,00000000000,0,0,0,1,0,0,0,0,0,0,0,78,0,0,0,81,81,6,2,12,0,0,0,1,6,93036,1,1,0,0,2,0,71,191,2,3,1,0,0,2,2008,8,2009,1,28,48,0,0,2,2,50,1,1,2,1,0,0,1,10,1,2,2,64,2,1
6,61179,2,2,1,28,7,19,9,12,6,1,0,6,1,12,13,12013,2,1995,1FASP11J8SW1,1,F,A,S,P,1,1,J,8,S,W,1,0,P,FORD,EST,2H,95,17,2355,,0,984,,G,,0,0,000000000,00000000000,0,0,0,1,0,0,0,0,0,0,0,998,0,2,1,12,12,6,2,12,0,0,0,1,6,93004,6,1,0,0,3,0,60,108,0,0,0,0,0,0,0,0,0,0,0,0,0,0,2,2,50,1,1,2,1,0,0,1,64,1,1,1,65,0,0
6,61180,1,2,1,29,7,6,50,12,8,1,0,6,1,22,16,22016,2,2005,3G2JB12F45S1,3,G,2,J,B,1,2,F,4,5,S,1,0,P,PONT,SFR,CP,5,17,2771,,0,1041,,G,,0,0,000000000,00000000000,0,0,0,1,0,0,0,0,0,0,0,53,0,0,0,61,12,6,2,12,0,0,0,1,6,95240,6,1,0,0,3,0,75,210,0,0,0,0,0,0,0,0,0,0,48,0,0,0,1,2,55,1,2,5,1,0,0,1,10,1,1,2,64,1,0
6,61180,2,2,1,29,7,6,50,12,8,1,0,6,3,85,881,85881,66,2007,1NKDL40X37R1,1,N,K,D,L,4,0,X,3,7,R,1,1,T,KW,T80,TM,7,17,,8,2600,1600,CON,D,,1,57,5181110,575181110,3,6,10,1,0,0,0,0,0,0,0,48,0,0,0,8,8,6,4,12,0,0,0,1,6,95327,6,1,6,0,3,0,72,230,0,0,0,0,0,0,0,0,0,0,0,0,0,0,1,2,55,1,1,2,1,0,0,1,62,1,1,1,65,0,0
6,61181,1,2,1,29,7,14,20,12,6,1,0,6,1,20,32,20032,4,1995,1Y1SK5260SZ0,1,Y,1,S,K,5,2,6,0,S,Z,0,0,P,GEO,GEP,4D,95,17,2348,,0,971,,G,,0,0,000000000,00000000000,0,0,0,1,0,0,0,0,0,0,0,998,0,0,0,10,10,6,2,12,0,0,0,1,6,95670,6,1,0,0,3,3,66,135,0,0,0,0,2,10,2009,10,2009,0,38,0,0,0,1,2,25,1,1,2,1,20,3,11,15,1,1,1,82,1,0
6,61181,2,2,1,29,7,14,20,12,6,1,0,6,2,6,52,6052,6,2003,3C4FY48BX3T5,3,C,4,F,Y,4,8,B,X,3,T,5,0,P,CHRY,PTC,SV,3,17,3049,,0,1030,,G,,0,0,000000000,00000000000,0,0,0,1,0,0,0,0,0,0,0,45,0,0,0,12,12,6,2,12,0,0,0,1,6,95610,6,1,0,0,3,0,76,240,0,1,0,0,0,9,2009,9,2009,0,0,0,0,0,3,3,45,1,1,2,1,0,0,15,67,8,1,1,83,0,0
6,61182,1,4,2,29,7,16,27,12,1,1,0,6,1,65,31,65031,1,2009,WMEEJ31X09K3,W,M,E,E,J,3,1,X,0,9,K,3,0,P,SMRT,SMP,CP,9,17,1808,,0,735,,G,,0,0,000000000,00000000000,0,0,0,1,0,0,0,0,0,0,0,998,0,0,0,12,12,6,2,12,0,0,0,1,6,94040,6,1,0,0,3,3,65,145,0,0,0,0,0,0,0,0,0,1,0,0,0,0,5,2,30,1,1,2,1,3,3,1,50,1,1,1,20,1,0
6,61182,2,4,1,29,7,16,27,12,1,1,0,6,1,34,35,34035,4,2005,WBANA73585B8,W,B,A,N,A,7,3,5,8,5,B,8,0,P,BMW,53I,4D,5,17,3461,,0,1114,,G,,0,0,000000000,00000000000,0,0,0,1,0,0,0,0,0,0,0,0,0,0,0,6,12,6,2,12,0,0,0,1,6,94043,6,1,0,0,3,0,68,134,0,0,0,0,0,0,0,0,0,0,0,0,0,0,5,2,30,1,1,2,1,3,3,5,53,1,1,1,21,0,0
6,61182,3,4,3,29,7,16,27,12,1,1,0,6,1,20,401,20401,14,1998,1GNDT13WXW21,1,G,N,D,T,1,3,W,X,W,2,1,0,P,CHEV,BZR,UT,98,17,4046,,0,1070,,G,,0,0,000000000,00000000000,0,0,0,1,0,0,0,0,0,0,0,0,0,0,0,6,12,2,1,12,0,0,0,1,6,94024,6,1,0,0,3,3,70,130,0,0,0,0,0,0,0,0,0,0,0,0,0,0,5,2,30,1,1,2,1,3,3,5,53,1,1,1,98,0,0
6,61182,4,4,1,29,7,16,27,12,1,1,0,6,2,37,441,37441,20,2002,2HKRL18522H5,2,H,K,R,L,1,8,5,2,2,H,5,0,P,HOND,UDY,SV,2,17,4299,,0,1181,,G,,0,0,000000000,00000000000,0,0,0,1,0,0,0,0,0,0,0,0,0,0,0,6,6,2,1,12,0,0,0,1,6,94040,6,2,0,0,3,0,69,180,0,0,0,0,0,0,0,0,0,0,0,0,0,0,5,2,30,1,1,2,1,3,3,5,53,1,1,1,98,0,0
6,61183,1,2,2,29,7,17,0,12,7,1,0,6,1,37,31,37031,4,2009,19XFA163X9E0,1,9,X,F,A,1,6,3,X,9,E,0,0,P,HOND,CVP,4D,9,17,2648,,0,1063,,G,,0,0,000000000,00000000000,0,0,0,1,0,0,0,0,0,0,0,35,0,0,0,11,3,6,2,12,0,0,0,1,6,95204,6,1,0,0,3,3,63,165,0,0,0,0,1,1,2008,1,2008,0,27,0,0,0,2,5,65,1,1,2,1,0,0,16,10,1,1,2,47,1,0
6,61183,2,2,1,29,7,17,0,12,7,1,0,6,3,87,881,87881,66,2010,1XPTD49X5AD7,1,X,P,T,D,4,9,X,5,A,D,7,1,T,PTRB,367,DS,10,17,,8,0,0,CON,D,,1,6,296250,06296250,3,6,5,1,0,0,0,0,0,0,0,53,0,0,0,2,2,2,1,12,0,0,0,1,6,95206,6,1,6,0,3,3,68,140,0,0,0,0,0,0,0,0,0,0,0,0,0,0,2,5,55,1,1,2,1,0,0,1,60,8,1,1,45,0,0