STATE,ST_CASE,VEH_NO,VE_FORMS,NUMOCCS,DAY,MONTH,HOUR,MINUTE,HARM_EV,MAN_COLL,UNITTYPE,HIT_RUN,REG_STAT,OWNER,MAKE,MODEL,MAK_MOD,BODY_TYP,MOD_YEAR,VIN,VIN_1,VIN_2,VIN_3,VIN_4,VIN_5,VIN_6,VIN_7,VIN_8,VIN_9,VIN_10,VIN_11,VIN_12,TOW_VEH,VINTYPE,VINMAKE,VINA_MOD,VIN_BT,VINMODYR,VIN_LNGT,VIN_WGT,WGTCD_TR,WHLBS_LG,WHLBS_SH,SER_TR,FUELCODE,MCYCL_DS,J_KNIFE,MCARR_I1,MCARR_I2,MCARR_ID,GVWR,V_CONFIG,CARGO_BT,HAZ_INV,HAZ_PLAC,HAZ_ID,HAZ_CNO,HAZ_REL,BUS_USE,SPEC_USE,EMER_USE,TRAV_SP,UNDERIDE,ROLLOVER,ROLINLOC,IMPACT1,IMPACT2,DEFORMED,TOWED,M_HARM,VEH_SC1,VEH_SC2,FIRE_EXP,DR_PRES,L_STATE,DR_ZIP,L_STATUS,L_TYPE,CDL_STAT,L_ENDORS,L_COMPL,L_RESTRI,DR_HGT,DR_WGT,PREV_ACC,PREV_SUS,PREV_DWI,PREV_SPD,PREV_OTH,FIRST_MO,FIRST_YR,LAST_MO,LAST_YR,SPEEDREL,DR_SF1,DR_SF2,DR_SF3,DR_SF4,VTRAFWAY,VNUM_LAN,VSPD_LIM,VALIGN,VPROFILE,VPAVETYP,VSURCOND,VTRAFCON,VTCONT_F,P_CRASH1,P_CRASH2,P_CRASH3,PCRASH4,PCRASH5,ACC_TYPE,DEATHS,DR_DRINK
6,61208,2,2,1,9,8,17,36,12,1,1,0,6,1,7,442,7442,20,1996,1B4GP44RXTB1,1,B,4,G,P,4,4,R,X,T,B,1,0,P,DODG,CAR,SV,96,17,3663,,0,1193,,G,,0,0,000000000,00000000000,0,0,0,1,0,0,0,0,0,0,0,998,0,0,0,6,6,2,3,12,0,0,0,1,6,90220,0,0,0,0,0,0,69,175,0,0,0,0,0,0,0,0,0,0,0,0,0,0,3,2,45,1,1,2,1,0,0,1,61,1,1,1,32,0,0
6,61209,1,1,2,11,8,1,20,31,0,1,0,6,2,22,22,22022,4,2009,1G2ZK57N9942,1,G,2,Z,K,5,7,N,9,9,4,2,0,P,PONT,GGT,4D,9,17,3457,,0,1123,,G,,0,0,000000000,00000000000,0,0,0,1,0,0,0,0,0,0,0,999,0,1,6,12,3,6,2,19,0,0,0,1,6,92314,6,1,0,0,3,0,65,165,0,0,0,0,0,0,0,0,0,1,0,0,0,0,1,2,55,2,1,2,1,0,0,14,6,1,1,4,1,1,1
6,61210,1,2,1,1,7,2,12,12,2,1,0,6,1,12,401,12401,14,1996,1FMDU34X2TZB,1,F,M,D,U,3,4,X,2,T,Z,B,0,P,FORD,EPR,UT,96,17,4189,,0,1115,,G,,0,0,000000000,00000000000,0,0,0,1,0,0,0,0,0,0,0,65,0,0,0,12,12,6,2,12,0,0,0,1,6,95215,1,1,0,0,2,3,65,108,0,2,0,0,1,4,2009,5,2010,0,51,92,0,0,3,3,65,1,2,1,1,0,0,1,54,1,1,1,50,0,1
6,61210,2,2,3,1,7,2,12,12,2,1,0,6,1,37,32,37032,2,1997,1HGCD7259VA0,1,H,G,C,D,7,2,5,9,V,A,0,0,P,HOND,UEX,CP,97,17,2930,,0,1069,,G,,0,0,000000000,00000000000,0,0,0,1,0,0,0,0,0,0,0,998,0,0,0,12,12,6,2,12,0,0,0,1,6,95205,6,1,0,0,3,0,62,138,0,0,0,0,0,0,0,0,0,0,0,0,0,0,3,3,65,1,2,1,1,0,0,1,54,6,1,1,51,2,0
6,61211,1,2,2,2,7,22,50,12,6,1,0,6,2,20,481,20481,31,2001,1GCEC19T91Z1,1,G,C,E,C,1,9,T,9,1,Z,1,0,T,CHEV,SC1,4C,1,17,,2,1575,1435,SIL,G,,0,0,000000000,00000000000,0,0,0,1,0,0,0,0,0,0,0,998,0,0,0,12,12,6,2,12,0,0,0,1,6,90731,6,1,0,0,3,0,72,210,0,0,0,0,1,6,2009,6,2009,1,39,0,0,0,8,8,35,8,8,2,1,3,3,1,17,1,1,1,86,1,1
6,61211,2,2,1,2,7,22,50,12,6,1,0,6,1,12,37,12037,3,2003,3FAFP31Z43R1,3,F,A,F,P,3,1,Z,4,3,R,1,0,P,FORD,FZX,3P,3,17,2551,,0,1030,,G,,0,0,000000000,00000000000,0,0,0,1,0,0,0,0,0,0,0,998,0,0,0,1,1,6,2,12,0,0,0,1,6,92832,6,1,0,0,3,3,71,150,0,0,0,0,0,0,0,0,0,0,0,0,0,0,8,8,35,8,8,2,1,3,3,1,66,1,1,1,87,0,0
6,61212,1,1,1,3,7,1,40,30,0,1,0,6,2,20,37,20037,4,2001,1G1NE52J1162,1,G,1,N,E,5,2,J,1,1,6,2,0,P,CHEV,M/L,4D,1,17,3051,,0,1070,,G,,0,0,000000000,00000000000,0,0,0,1,0,0,0,0,0,0,0,998,0,0,0,9,9,6,2,30,0,0,0,1,6,90745,6,1,0,0,3,0,70,210,0,0,0,0,0,0,0,0,0,1,0,0,0,0,1,5,35,1,1,2,1,3,3,10,6,1,1,4,1,1,1
6,61213,1,1,1,4,7,2,2,14,0,1,0,6,1,22,20,22020,2,2002,1G2WP12K82F2,1,G,2,W,P,1,2,K,8,2,F,2,0,P,PONT,GPG,CP,2,17,3429,,0,1105,,G,,0,0,000000000,00000000000,0,0,0,1,0,0,0,0,0,0,0,999,0,0,0,12,12,6,2,14,0,0,0,1,6,93004,6,1,0,0,3,0,74,180,0,0,0,0,1,6,2008,6,2008,1,0,0,0,0,1,2,35,2,1,2,2,0,0,14,6,1,3,4,7,0,0
6,61214,1,3,2,4,7,19,30,25,0,1,0,6,2,37,32,37032,4,1993,JHMCB7652PC0,J,H,M,C,B,7,6,5,2,P,C,0,0,P,HOND,ALX,4D,93,17,2504,,0,1071,,G,,0,0,000000000,00000000000,0,0,0,1,0,0,0,0,0,0,0,85,0,1,1,11,11,6,2,1,0,0,0,1,6,93223,0,0,0,0,0,0,65,178,0,0,0,0,0,0,0,0,0,0,48,92,0,0,3,2,65,1,2,2,1,0,0,1,12,1,1,4,6,1,1
6,61214,2,3,1,4,7,19,30,25,0,1,1,99,9,99,999,99999,99,9999,999999999999,9,9,9,9,9,9,9,9,9,9,9,9,0,U,,,,9,17,,,,,,,,0,0,000000000,00000000000,0,0,0,1,0,0,0,0,0,0,0,998,0,0,0,61,61,9,1,12,0,0,0,1,99,99999,9,9,99,9,9,9,999,999,99,99,99,99,99,99,9999,99,9999,0,0,0,0,0,3,2,65,1,2,2,1,0,0,1,61,1,1,1,98,0,0
6,61214,3,3,1,4,7,19,30,25,0,1,0,6,1,49,32,49032,4,2010,1NXBU4EE3AZ3,1,N,X,B,U,4,E,E,3,A,Z,3,0,P,TOYT,CBL,4D,10,17,2723,,0,1024,,G,,0,0,000000000,00000000000,0,0,0,1,0,0,0,0,0,0,0,998,0,0,0,1,1,2,1,54,0,0,0,1,6,93637,6,1,0,0,3,3,61,132,0,0,0,0,1,4,2010,4,2010,0,0,0,0,0,3,2,65,1,2,2,1,0,0,1,98,1,1,1,98,0,0
6,61215,1,2,1,7,7,21,45,12,7,1,0,6,2,72,706,72706,80,2008,1HD1JA5338Y0,1,H,D,1,J,A,5,3,3,8,Y,0,0,M,HD,XTB,RS,8,17,,,,,,,1584,0,0,000000000,00000000000,0,0,0,1,0,0,0,0,0,0,0,75,0,0,0,4,4,2,1,12,0,0,0,1,6,91010,6,1,6,0,3,0,69,210,0,0,0,0,0,0,0,0,0,0,0,0,0,0,3,4,65,1,1,2,1,0,0,1,60,1,1,1,45,0,0
6,61215,2,2,1,7,7,21,45,12,7,1,0,6,1,49,40,49040,4,2005,4T1BE32K75U0,4,T,1,B,E,3,2,K,7,5,U,0,0,P,TOYT,XLL,4D,5,17,3108,,0,1071,,G,,0,0,000000000,00000000000,0,0,0,1,0,0,0,0,0,0,0,75,0,1,5,11,12,6,2,30,0,0,0,1,6,91731,6,1,0,0,3,0,68,220,0,0,0,0,0,0,0,0,0,0,48,0,0,0,3,4,65,1,1,2,1,0,0,15,10,1,1,2,47,1,0
6,61216,1,2,2,11,7,17,20,33,0,1,0,6,1,37,31,37031,4,1997,2HGEJ6679VH5,2,H,G,E,J,6,6,7,9,V,H,5,0,P,HOND,UCL,4D,97,17,2426,,0,1032,,G,,0,0,000000000,00000000000,0,0,0,1,0,0,0,0,0,0,0,62,0,1,5,14,83,6,2,1,0,0,0,1,6,95824,6,1,0,0,3,0,62,160,0,0,0,0,0,0,0,0,0,1,48,0,0,0,2,3,45,8,8,8,1,0,0,1,13,1,1,4,1,2,0
6,61216,2,2,3,11,7,17,20,33,0,1,0,6,2,23,481,23481,31,2004,2GTFK69U0413,2,G,T,F,K,6,9,U,0,4,1,3,0,T,GMC,DNL,4C,4,17,,2,0,1435,SIE,G,,0,0,000000000,00000000000,0,0,0,1,0,0,0,0,0,0,0,998,0,0,0,83,83,6,2,12,0,0,0,1,6,95660,1,1,0,0,2,0,69,179,0,0,0,0,0,0,0,0,0,0,92,0,0,0,6,1,65,1,1,2,1,0,0,1,98,1,1,1,98,0,0
6,61217,1,1,1,15,7,14,50,38,0,1,0,6,2,98,709,98709,80,2004,4K7S8135X1C0,4,K,7,S,8,1,3,5,X,1,C,0,0,U,,,,1,17,,,,,,,,0,0,000000000,00000000000,0,0,0,1,0,0,0,0,0,0,0,999,0,0,0,12,12,6,2,38,35,0,0,1,6,93422,1,1,0,0,2,0,69,180,0,1,0,0,0,4,2008,4,2008,0,48,92,0,0,1,2,55,3,2,2,1,0,0,14,13,1,1,4,1,1,0
6,61218,1,2,1,15,7,18,0,24,0,1,0,6,1,72,706,72706,80,2010,1HD1GM43XAC3,1,H,D,1,G,M,4,3,X,A,C,3,0,M,HD,FXD,RS,10,17,,,,,,,1584,0,0,000000000,00000000000,0,0,0,1,0,0,0,0,0,0,0,48,0,0,0,12,12,6,2,24,0,0,0,1,6,94561,6,1,0,0,3,0,66,145,0,0,0,0,0,0,0,0,0,0,52,0,0,0,1,2,55,2,2,2,1,0,0,14,12,1,1,4,6,1,0
6,61218,2,2,5,15,7,18,0,24,0,1,0,92,0,13,401,13401,14,2005,5LMEU88H75ZJ,5,L,M,E,U,8,8,H,7,5,Z,J,1,P,LINC,AVI,UT,5,17,4975,,0,1137,,G,,1,0,000000000,00000000000,0,0,0,1,0,0,0,0,0,0,0,45,0,0,0,11,11,6,2,12,0,0,0,1,6,94561,6,1,0,0,3,0,68,165,1,0,0,1,0,4,2009,6,2009,0,0,0,0,0,1,2,55,1,2,2,1,0,0,1,60,1,1,1,98,0,0
6,61219,1,1,1,16,7,0,34,33,0,1,0,6,2,37,703,37703,80,2008,JH2MD37178K0,J,H,2,M,D,3,7,1,7,8,K,0,0,M,HOND,23L,EN,8,17,,,,,,,223,0,0,000000000,00000000000,0,0,0,1,0,0,0,0,0,0,0,998,0,0,0,14,14,4,3,33,0,0,0,1,99,99999,9,9,99,9,9,9,999,999,99,99,99,99,99,99,9999,99,9999,1,37,0,0,0,1,2,35,1,1,2,1,0,0,1,13,1,1,4,1,1,0
6,61220,1,1,1,16,7,6,8,31,0,1,0,6,1,35,401,35401,14,2007,5N1AR18U97C6,5,N,1,A,R,1,8,U,9,7,C,6,0,P,NISS,PFI,UT,7,17,4249,,0,1122,,G,,0,0,000000000,00000000000,0,0,0,1,0,0,0,0,0,0,0,998,0,0,0,12,12,6,2,42,0,0,0,1,6,90605,6,1,0,0,3,3,62,200,0,0,0,0,0,0,0,0,0,0,99,99,99,99,1,2,40,1,1,1,1,0,0,1,13,1,1,4,1,1,0
6,61221,1,2,2,16,7,8,0,12,6,1,0,6,2,18,24,18024,6,2010,5GALRBED1AJ2,5,G,A,L,R,B,E,D,1,A,J,2,0,P,BUIC,ENC,UT,10,17,4780,,0,1189,,G,,0,0,000000000,00000000000,0,0,0,1,0,0,0,0,0,0,0,60,0,1,5,2,2,6,2,12,0,0,0,1,6,93657,6,1,0,0,3,3,72,220,0,0,0,0,0,0,0,0,0,0,39,0,0,0,1,2,55,1,1,2,1,20,3,1,17,1,1,1,87,1,0
6,61221,2,2,1,16,7,8,0,12,6,1,0,6,1,2,403,2403,14,2007,1J4FA24117L1,1,J,4,F,A,2,4,1,1,7,L,1,0,T,JEEP,WXR,2W,7,17,,1,0,954,WRA,G,,0,0,000000000,00000000000,0,0,0,1,0,0,0,0,0,0,0,999,0,1,5,12,12,6,2,12,0,0,0,1,6,94109,6,1,0,0,3,0,72,200,0,0,0,0,0,0,0,0,0,0,0,0,0,0,1,2,55,1,1,2,1,0,0,1,66,1,1,1,86,1,0
6,61222,1,1,1,16,7,9,40,31,0,1,0,6,1,49,471,49471,30,1988,JT4RN70D3J00,J,T,4,R,N,7,0,D,3,J,0,0,0,T,TOYT,R70,PC,88,17,,1,0,1215,XCB,G,,0,0,000000000,00000000000,0,0,0,1,0,0,0,0,0,0,0,998,0,0,0,12,12,6,2,35,0,0,0,1,6,92004,6,1,0,0,3,0,73,195,0,0,0,0,0,0,0,0,0,0,48,0,0,0,1,2,55,1,2,2,1,0,0,1,13,1,1,4,1,1,0
6,61223,1,1,4,16,7,12,54,35,0,1,0,6,2,49,32,49032,4,2000,1NXBR12E4YZ3,1,N,X,B,R,1,2,E,4,Y,Z,3,0,P,TOYT,UVL,4D,0,17,2403,,0,970,,G,,0,0,000000000,00000000000,0,0,0,1,0,0,0,0,0,0,0,999,0,1,5,12,12,6,2,21,0,0,0,1,6,95212,6,1,0,0,3,0,70,140,0,0,0,0,0,0,0,0,0,0,48,0,0,0,3,2,65,1,1,2,1,0,0,1,13,1,1,4,1,1,0
6,61224,1,1,1,16,7,16,55,31,0,1,0,6,1,37,32,37032,4,1996,1HGCD5630TA2,1,H,G,C,D,5,6,3,0,T,A,2,0,P,HOND,ULE,4D,96,17,2864,,0,1069,,G,,0,0,000000000,00000000000,0,0,0,1,0,0,0,0,0,0,0,998,0,0,0,12,81,6,2,14,0,0,0,1,6,93638,0,0,0,0,0,0,65,150,0,0,0,0,0,0,0,0,0,1,24,48,92,0,1,2,55,1,1,2,1,0,0,1,6,1,2,4,7,1,1
6,61225,1,2,2,18,7,21,50,12,1,1,0,6,1,6,51,6051,4,2006,2C3LA63H86H4,2,C,3,L,A,6,3,H,8,6,H,4,0,P,CHRY,30C,4D,6,17,3980,,0,1200,,G,,0,0,000000000,00000000000,0,0,0,1,0,0,0,0,0,0,0,35,0,0,0,12,12,6,2,12,0,0,0,1,6,91770,6,1,0,0,3,3,69,208,0,0,0,0,0,0,0,0,0,1,0,0,0,0,2,2,35,1,1,1,1,3,3,1,50,1,1,1,20,1,0
6,61225,2,2,2,18,7,21,50,12,1,1,0,6,1,52,47,52047,6,2006,JA4LX31F06U0,J,A,4,L,X,3,1,F,0,6,U,0,0,P,MITS,OUT,UT,6,17,3241,,0,1033,,G,,0,0,000000000,00000000000,0,0,0,1,0,0,0,0,0,0,0,0,0,0,0,6,6,6,2,12,0,0,0,1,6,90018,6,1,0,0,3,0,64,180,0,0,0,1,0,2,2009,2,2009,0,0,0,0,0,2,2,35,1,1,1,1,3,3,5,53,1,1,1,21,0,0
6,61226,1,2,2,19,7,13,15,12,2,1,0,6,1,7,442,7442,20,2004,1D4GP24R64B5,1,D,4,G,P,2,4,R,6,4,B,5,0,P,DODG,CAR,SV,4,17,3774,,0,1193,,G,,0,0,000000000,00000000000,0,0,0,1,0,0,0,0,0,0,0,50,0,0,0,12,12,6,2,12,0,0,0,1,6,92277,6,1,0,0,3,3,68,175,0,0,0,1,0,8,2008,8,2008,0,28,0,0,0,1,2,55,1,2,2,1,0,0,1,10,1,1,2,50,0,0
6,61226,2,2,1,19,7,13,15,12,2,1,0,6,1,35,43,35043,4,1997,1N4AB41D4VC7,1,N,4,A,B,4,1,D,4,V,C,7,0,P,NISS,XGU,4D,97,17,2237,,0,998,,G,,0,0,000000000,00000000000,0,0,0,1,0,0,0,0,0,0,0,998,0,0,0,12,12,6,2,12,0,0,0,1,6,92285,1,1,0,0,2,0,72,165,0,1,0,2,0,12,2008,8,2009,0,92,0,0,0,1,2,55,1,2,2,1,0,0,1,62,1,1,1,51,1,0
6,61227,1,2,1,23,7,0,57,12,1,1,0,6,2,52,39,52039,2,1998,JA3AM44H5WY0,J,A,3,A,M,4,4,H,5,W,Y,0,0,P,MITS,3GT,2H,98,17,3131,,0,972,,G,,0,0,000000000,00000000000,0,0,0,1,0,0,0,0,0,0,0,998,0,0,0,6,6,6,2,12,0,0,0,1,6,91901,9,9,99,0,9,9,70,170,99,99,99,99,99,99,9999,99,9999,0,48,0,0,0,1,2,55,2,2,2,1,0,0,14,10,1,4,2,62,1,1
6,61227,2,2,2,23,7,0,57,12,1,1,0,6,1,12,481,12481,31,2004,1FTRX12W34NC,1,F,T,R,X,1,2,W,3,4,N,C,0,T,FORD,F15,4C,4,17,,2,1450,1260,COF,G,,0,0,000000000,00000000000,0,0,0,1,0,0,0,0,0,0,0,55,0,0,0,12,12,6,2,12,0,0,0,1,6,91935,6,1,0,0,3,0,72,165,0,0,0,0,0,0,0,0,0,0,0,0,0,0,1,2,55,1,2,2,1,0,0,1,62,2,1,1,62,0,0
6,61228,1,2,1,23,7,8,0,12,6,1,0,6,3,12,481,12481,31,2007,1FTSF21P37EB,1,F,T,S,F,2,1,P,3,7,E,B,0,T,FORD,F2S,PK,7,17,,2,0,1370,SRW,D,,0,0,000000000,00000000000,0,0,0,1,0,0,0,0,0,0,0,998,0,1,1,82,82,6,2,12,0,0,0,1,6,95620,6,1,0,0,3,0,73,220,0,0,0,1,0,5,2010,5,2010,0,24,38,0,0,1,2,98,1,1,4,1,20,3,11,15,1,1,1,76,1,0
6,61228,2,2,1,23,7,8,0,12,6,1,0,6,3,87,881,87881,66,2008,1XPTD49X58D7,1,X,P,T,D,4,9,X,5,8,D,7,1,T,PTRB,367,DS,8,17,,8,0,0,CON,D,,1,6,46826,0646826,3,6,4,1,0,0,0,0,0,0,0,998,0,0,0,12,12,6,2,12,0,0,0,1,6,94134,6,1,6,0,3,0,68,200,0,0,0,0,0,0,0,0,0,0,0,0,0,0,1,2,55,1,1,2,1,0,0,1,17,4,1,1,77,0,0
6,61229,1,1,1,23,7,12,18,25,0,1,0,6,1,20,481,20481,31,2008,1GCEC14X98Z2,1,G,C,E,C,1,4,X,9,8,Z,2,0,T,CHEV,SC1,PK,8,17,,2,1330,1190,SIL,G,,0,0,000000000,00000000000,0,0,0,1,0,0,0,0,0,0,0,999,0,0,0,12,12,6,2,25,0,0,0,1,6,93611,6,1,0,0,3,0,74,200,0,0,0,0,0,0,0,0,0,0,48,0,0,0,3,3,65,1,1,1,1,0,0,1,12,1,1,4,6,1,1
6,61230,1,2,1,23,7,13,18,12,6,1,0,6,1,12,481,12481,31,1998,1FTZF1723WKB,1,F,T,Z,F,1,7,2,3,W,K,B,0,T,FORD,F15,PK,98,17,,1,1390,1200,COF,G,,0,0,000000000,00000000000,0,0,0,1,0,0,0,0,0,0,0,998,0,0,0,12,9,6,2,12,0,0,0,1,6,92233,6,1,0,0,3,0,67,206,0,0,0,0,0,0,0,0,0,0,28,0,0,0,1,2,55,1,1,2,1,0,0,1,10,1,1,2,64,1,0
6,61230,2,2,2,23,7,13,18,12,6,1,0,6,3,84,881,84881,63,1990,1HTSCZVN6LH2,1,H,T,S,C,Z,V,N,6,L,H,2,0,T,INTL,470,CC,90,17,,7,2540,1280,40S,D,,0,6,216358,06216358,3,1,2,1,0,0,0,0,0,0,0,33,0,0,0,63,63,6,2,12,0,0,0,1,6,92257,6,1,8,0,2,0,71,209,0,0,0,0,0,0,0,0,0,0,92,0,0,0,1,2,55,1,1,2,1,0,0,1,62,9,1,1,65,0,0
6,61231,1,2,1,23,7,16,8,12,6,1,0,6,1,18,3,18003,4,1997,1G4CW52K7V46,1,G,4,C,W,5,2,K,7,V,4,6,0,P,BUIC,PKA,4D,97,17,3788,,0,1138,,G,,0,0,000000000,00000000000,0,0,0,1,0,0,0,0,0,0,0,998,0,0,0,12,12,4,3,12,0,0,0,1,6,92411,6,1,6,0,3,0,65,145,0,0,0,0,1,5,2008,5,2008,0,38,0,0,0,1,2,40,1,1,2,1,0,0,11,15,1,1,1,68,0,0
6,61231,2,2,1,23,7,16,8,12,6,1,0,6,1,76,706,76706,80,2005,JYAVP17E45A0,J,Y,A,V,P,1,7,E,4,5,A,0,0,M,YAMA,X17,RS,5,17,,,,,,,1670,0,0,000000000,00000000000,0,0,0,1,0,0,0,0,0,0,0,998,0,0,0,61,61,6,2,12,0,0,0,1,6,92509,6,1,0,0,3,3,73,210,0,0,0,0,0,0,0,0,0,0,0,0,0,0,2,2,40,1,1,2,1,0,0,1,62,1,1,1,69,1,0
6,61232,1,2,2,23,7,19,45,12,6,1,0,6,2,49,40,49040,4,1994,JT2GK12E9R00,J,T,2,G,K,1,2,E,9,R,0,0,0,P,TOYT,CLE,4D,94,17,3086,,0,1031,,G,,0,0,000000000,00000000000,0,0,0,1,0,0,0,0,0,0,0,999,0,0,0,81,81,6,2,12,0,0,0,1,6,93615,0,0,0,0,0,0,66,130,0,0,0,0,0,0,0,0,0,0,38,92,0,0,1,2,55,1,1,2,1,20,3,1,17,1,1,1,87,1,1
6,61232,2,2,3,23,7,19,45,12,6,1,0,6,1,7,472,7472,30,2001,1B7FL22P11S1,1,B,7,F,L,2,2,P,1,1,S,1,0,T,DODG,DAK,PC,1,17,,1,0,1309,DAK,G,,0,0,000000000,00000000000,0,0,0,1,0,0,0,0,0,0,0,55,0,0,0,12,12,6,2,12,0,0,0,1,6,93646,6,1,0,0,3,0,64,160,0,0,0,0,1,2,2009,2,2009,0,0,0,0,0,1,2,55,1,1,2,1,0,0,1,66,4,1,1,86,0,0
6,61233,1,2,1,23,7,20,27,12,1,1,0,6,1,48,38,48038,4,2003,JF1GD296X3G5,J,F,1,G,D,2,9,6,X,3,G,5,0,P,SUBA,IWX,4D,3,17,3085,,0,994,,G,,0,0,000000000,00000000000,0,0,0,1,0,0,0,0,0,0,0,998,0,0,0,12,12,6,2,12,0,0,0,1,6,95301,6,1,0,0,3,0,67,130,0,0,0,1,0,3,2009,3,2009,1,0,0,0,0,5,4,55,1,1,2,1,0,0,1,52,4,1,1,24,0,0
6,61233,2,2,2,23,7,20,27,12,1,1,0,6,2,22,20,22020,2,1994,1G2WJ12M1RF2,1,G,2,W,J,1,2,M,1,R,F,2,0,P,PONT,GFS,CP,94,17,3275,,0,1075,,G,,0,0,000000000,00000000000,0,0,0,1,0,0,0,0,0,0,0,40,0,0,0,6,6,6,2,12,0,0,0,1,6,92281,0,0,0,0,0,0,63,145,0,0,0,0,0,0,0,0,0,0,92,0,0,0,5,4,55,1,1,2,1,0,0,2,53,1,1,1,25,1,0
6,61234,1,2,1,23,7,21,5,12,6,1,0,6,1,35,471,35471,30,1994,1N6HD16Y5RC4,1,N,6,H,D,1,6,Y,5,R,C,4,0,T,NISS,KSX,PC,94,17,,1,0,1161,TRK,G,,0,0,000000000,00000000000,0,0,0,1,0,0,0,0,0,0,0,57,0,1,1,12,12,6,2,12,0,0,0,1,6,92026,0,0,0,0,0,0,61,130,0,0,0,0,0,0,0,0,0,0,92,0,0,0,2,2,65,1,1,2,1,0,0,1,66,8,1,1,88,0,0
6,61234,2,2,2,23,7,21,5,12,6,1,0,6,1,52,35,52035,4,1998,JA3AY26A4WU0,J,A,3,A,Y,2,6,A,4,W,U,0,0,P,MITS,MDE,4D,98,17,2227,,0,984,,G,,0,0,000000000,00000000000,0,0,0,1,0,0,0,0,0,0,0,15,0,0,0,9,9,6,2,12,0,0,0,1,6,92025,0,0,0,0,0,0,60,135,0,0,0,0,0,0,0,0,0,0,12,38,92,0,1,2,35,1,1,2,1,20,3,1,15,1,1,1,89,1,0
6,61235,1,1,2,24,7,2,10,42,0,1,0,6,1,45,31,45031,2,2001,WP0AA29921S6,W,P,0,A,A,2,9,9,2,1,S,6,0,P,PORS,942,CP,1,17,2955,,0,926,,G,,0,0,000000000,00000000000,0,0,0,1,0,0,0,0,0,0,0,60,0,0,0,12,12,6,2,42,0,0,0,1,6,93551,6,1,0,0,3,0,69,155,0,0,0,0,0,0,0,0,0,1,0,0,0,0,1,2,55,2,8,2,1,0,0,14,6,1,1,4,1,1,1
6,61236,1,3,1,24,7,2,10,12,1,1,0,6,1,52,37,52037,2,2003,4A3AE75H93E1,4,A,3,A,E,7,5,H,9,3,E,1,0,P,MITS,STS,CV,3,17,3042,,0,1008,,G,,0,0,000000000,00000000000,0,0,0,1,0,0,0,0,0,0,0,100,0,1,1,12,12,6,2,12,0,0,0,1,6,90220,6,1,0,0,3,0,71,240,1,0,0,2,1,9,2008,11,2008,1,0,0,0,0,3,4,55,1,1,2,1,0,0,1,51,6,1,1,24,1,1
6,61236,2,3,1,24,7,2,10,12,1,1,0,6,1,49,50,49050,3,2008,JTKDE1678802,J,T,K,D,E,1,6,7,8,8,0,2,0,P,TOYT,SXC,LB,8,17,2905,,0,1063,,G,,0,0,000000000,00000000000,0,0,0,1,0,0,0,0,0,0,0,70,0,0,0,6,12,6,2,12,0,0,0,1,6,90280,6,1,0,0,3,0,63,120,0,0,0,0,0,0,0,0,0,0,0,0,0,0,3,4,55,1,1,2,1,0,0,1,55,1,1,1,25,0,0
6,61236,3,3,2,24,7,2,10,12,1,1,0,6,2,7,24,7024,4,2007,2B3KA43G67H7,2,B,3,K,A,4,3,G,6,7,H,7,0,P,DODG,CTL,4D,7,17,3720,,0,1200,,G,,0,0,000000000,00000000000,0,0,0,1,0,0,0,0,0,0,0,100,0,0,0,11,11,6,2,12,0,0,0,1,6,90023,6,1,0,0,3,0,65,230,0,0,0,0,0,0,0,0,0,1,0,0,0,0,3,4,55,1,1,2,1,0,0,1,63,1,1,1,98,0,0
6,61237,1,2,2,24,7,2,58,12,7,1,0,6,2,37,401,37401,14,1997,4S6CK58V3V44,4,S,6,C,K,5,8,V,3,V,4,4,0,P,HOND,PAS,UT,97,17,3770,,0,1085,,G,,0,0,000000000,00000000000,0,0,0,1,0,0,0,0,0,0,0,85,0,1,2,61,12,6,2,1,0,0,0,1,6,92411,0,0,0,0,0,0,67,180,0,1,2,0,0,11,2007,11,2007,0,28,92,0,0,3,3,55,1,1,2,1,40,3,15,10,1,1,2,47,1,1
6,61237,2,2,2,24,7,2,58,12,7,1,0,6,1,49,33,49033,3,2001,JTDDR32T0100,J,T,D,D,R,3,2,T,0,1,0,0,0,P,TOYT,CGF,2L,1,17,2425,,0,1023,,G,,0,0,000000000,00000000000,0,0,0,1,0,0,0,0,0,0,0,65,0,0,0,81,81,2,1,12,0,0,0,1,6,92345,6,1,0,0,3,3,63,118,0,0,0,0,1,12,2007,12,2007,0,0,0,0,0,3,3,55,1,1,2,1,40,3,1,60,1,1,1,45,0,0
6,61238,1,1,2,24,7,10,6,1,0,1,0,6,1,49,482,49482,31,2002,5TBRN34122S2,5,T,B,R,N,3,4,1,2,2,S,2,0,T,TOYT,TT5,4C,2,17,,1,0,1283,TUN,G,,0,0,000000000,00000000000,0,0,0,1,0,0,0,0,0,0,0,999,0,2,3,0,0,6,2,1,0,0,0,1,6,92243,6,1,0,0,3,0,63,220,0,0,0,0,0,0,0,0,0,0,48,0,0,0,2,2,70,1,2,1,1,0,0,1,12,1,1,4,6,1,0
6,61239,1,1,2,24,7,16,12,5,0,1,0,6,2,14,6,14006,4,1994,2MELM75W6RX6,2,M,E,L,M,7,5,W,6,R,X,6,0,P,MERC,MGL,4D,94,17,3796,,0,1144,,G,,0,0,000000000,00000000000,0,0,0,1,0,0,0,0,0,0,0,998,0,0,0,0,0,0,3,5,0,0,0,1,6,93101,6,1,0,0,3,0,75,230,0,1,0,0,1,10,2009,12,2009,1,21,0,0,0,1,2,30,8,8,2,1,0,0,1,98,1,1,1,0,1,1