STATE,ST_CASE,VEH_NO,VE_FORMS,NUMOCCS,DAY,MONTH,HOUR,MINUTE,HARM_EV,MAN_COLL,UNITTYPE,HIT_RUN,REG_STAT,OWNER,MAKE,MODEL,MAK_MOD,BODY_TYP,MOD_YEAR,VIN,VIN_1,VIN_2,VIN_3,VIN_4,VIN_5,VIN_6,VIN_7,VIN_8,VIN_9,VIN_10,VIN_11,VIN_12,TOW_VEH,VINTYPE,VINMAKE,VINA_MOD,VIN_BT,VINMODYR,VIN_LNGT,VIN_WGT,WGTCD_TR,WHLBS_LG,WHLBS_SH,SER_TR,FUELCODE,MCYCL_DS,J_KNIFE,MCARR_I1,MCARR_I2,MCARR_ID,GVWR,V_CONFIG,CARGO_BT,HAZ_INV,HAZ_PLAC,HAZ_ID,HAZ_CNO,HAZ_REL,BUS_USE,SPEC_USE,EMER_USE,TRAV_SP,UNDERIDE,ROLLOVER,ROLINLOC,IMPACT1,IMPACT2,DEFORMED,TOWED,M_HARM,VEH_SC1,VEH_SC2,FIRE_EXP,DR_PRES,L_STATE,DR_ZIP,L_STATUS,L_TYPE,CDL_STAT,L_ENDORS,L_COMPL,L_RESTRI,DR_HGT,DR_WGT,PREV_ACC,PREV_SUS,PREV_DWI,PREV_SPD,PREV_OTH,FIRST_MO,FIRST_YR,LAST_MO,LAST_YR,SPEEDREL,DR_SF1,DR_SF2,DR_SF3,DR_SF4,VTRAFWAY,VNUM_LAN,VSPD_LIM,VALIGN,VPROFILE,VPAVETYP,VSURCOND,VTRAFCON,VTCONT_F,P_CRASH1,P_CRASH2,P_CRASH3,PCRASH4,PCRASH5,ACC_TYPE,DEATHS,DR_DRINK
6,61350,1,1,1,20,6,4,47,8,0,1,1,99,9,99,999,99999,99,9999,999999999999,9,9,9,9,9,9,9,9,9,9,9,9,0,U,,,,9,17,,,,,,,,0,0,000000000,00000000000,0,0,0,1,0,0,0,0,0,0,0,999,0,0,0,99,99,9,1,8,99,99,0,1,99,99999,9,9,99,0,9,9,999,999,99,99,99,99,99,99,9999,99,9999,9,99,99,99,99,1,4,40,1,1,2,1,0,0,1,80,99,1,1,13,0,0
6,61351,1,2,1,17,7,9,41,12,2,1,0,4,1,49,43,49043,4,2005,4T1BK36B85U0,4,T,1,B,K,3,6,B,8,5,U,0,0,P,TOYT,UTS,4D,5,17,3417,,0,1071,,G,,0,0,000000000,00000000000,0,0,0,1,0,0,0,0,0,0,0,70,0,0,0,12,12,6,2,12,0,0,0,1,4,85262,6,1,0,0,3,3,61,100,0,0,0,0,0,0,0,0,0,0,51,0,0,0,2,2,70,1,1,2,1,0,0,1,10,1,1,6,50,1,0
6,61351,2,2,3,17,7,9,41,12,2,1,0,4,1,12,471,12471,30,2006,1FTYR14U16PA,1,F,T,Y,R,1,4,U,1,6,P,A,0,T,FORD,RNS,PS,6,17,,1,0,1260,RNG,G,,0,0,000000000,00000000000,0,0,0,1,0,0,0,0,0,0,0,70,0,0,0,12,12,6,2,12,0,0,0,1,4,85242,6,1,0,0,3,0,68,188,0,0,0,0,0,0,0,0,0,0,0,0,0,0,2,2,70,1,1,2,1,0,0,1,62,2,1,1,51,1,0
6,61352,1,1,2,13,8,0,34,8,0,1,0,6,1,54,31,54031,3,1989,JH4DA3354KS0,J,H,4,D,A,3,3,5,4,K,S,0,0,P,ACUR,ILS,2H,89,17,2277,,0,965,,G,,0,0,000000000,00000000000,0,0,0,1,0,0,0,0,0,0,0,30,0,0,0,12,12,0,1,8,0,0,0,1,6,93212,6,1,0,0,3,0,70,350,0,0,0,1,0,3,2008,3,2008,0,0,0,0,0,1,2,35,1,1,2,1,98,3,1,80,1,1,1,13,0,0
6,61353,1,1,1,13,8,21,19,33,0,1,0,6,2,49,40,49040,4,2000,4T1BG22K0YU7,4,T,1,B,G,2,2,K,0,Y,U,7,0,P,TOYT,UEX,4D,0,17,2998,,0,1051,,G,,0,0,000000000,00000000000,0,0,0,1,0,0,0,0,0,0,0,999,0,0,0,12,61,6,2,30,0,0,0,1,6,91768,6,1,0,0,3,0,63,140,0,1,0,2,1,5,2008,4,2010,1,48,0,0,0,3,3,45,1,5,2,1,0,0,1,12,1,1,4,6,1,1
6,61354,1,1,5,19,8,22,50,8,0,1,0,6,4,58,421,58421,15,2010,5N3ZA0NE0AN9,5,N,3,Z,A,0,N,E,0,A,N,9,0,P,INFI,QX5,UT,10,17,5903,,0,1232,,G,,0,0,000000000,00000000000,0,0,0,1,0,0,0,0,0,0,0,70,0,0,0,12,12,4,3,8,0,0,0,1,34,92123,6,1,0,0,3,0,72,180,0,0,0,0,0,0,0,0,0,0,0,0,0,0,3,2,65,1,1,2,1,0,0,1,80,1,1,1,13,0,0
6,61355,1,1,3,20,8,1,50,1,0,1,0,6,2,35,481,35481,31,2008,1N6AA07D68N3,1,N,6,A,A,0,7,D,6,8,N,3,0,T,NISS,TXS,CW,8,17,,2,0,1398,TTN,G,,0,0,000000000,00000000000,0,0,0,1,0,0,0,0,0,0,0,100,0,2,4,0,99,6,2,24,0,0,0,1,6,90638,6,1,0,0,3,0,81,248,0,0,0,0,0,0,0,0,0,1,48,0,0,0,3,3,65,1,1,1,1,0,0,1,13,1,1,4,1,1,1
6,61356,1,1,1,21,1,18,35,8,0,1,0,6,1,20,481,20481,31,1990,2GCEC14K7L12,2,G,C,E,C,1,4,K,7,L,1,2,0,T,CHEV,GC1,PK,90,17,,2,1415,1175,GM4,G,,0,0,000000000,00000000000,0,0,0,1,0,0,0,0,0,0,0,25,0,0,0,12,12,2,1,8,0,0,0,1,6,94608,6,1,0,0,3,0,67,155,0,0,0,0,0,0,0,0,0,0,0,0,0,0,2,2,30,1,1,1,2,0,0,1,80,8,1,1,13,0,0
6,61357,1,1,1,30,4,17,58,9,0,1,0,6,1,18,22,18022,4,2006,2G4WC5524611,2,G,4,W,C,5,5,2,4,6,1,1,0,P,BUIC,LCX,4D,6,17,3495,,0,1105,,G,,0,0,000000000,00000000000,0,0,0,1,0,0,0,0,0,0,0,20,0,0,0,12,12,2,3,9,0,0,0,1,6,94591,1,1,0,0,2,3,71,185,0,2,0,0,1,3,2008,1,2010,0,38,0,0,0,1,2,25,1,1,1,1,20,3,1,83,1,1,1,13,0,0
6,61358,1,3,1,5,7,11,30,12,6,1,0,6,1,63,402,63402,14,2008,KNDJD735X857,K,N,D,J,D,7,3,5,X,8,5,7,0,P,KIA,SOR,UT,8,17,4068,,0,1067,,G,,0,0,000000000,00000000000,0,0,0,1,0,0,0,0,0,0,0,998,0,0,0,12,61,6,2,12,0,0,0,1,6,91206,6,1,0,0,3,0,68,170,0,1,0,2,2,8,2007,2,2010,0,39,0,0,0,2,3,35,1,1,2,1,2,3,1,17,1,1,1,86,0,0
6,61358,2,3,5,5,7,11,30,12,6,1,0,6,1,49,402,49402,14,1996,JT3GP10V0T00,J,T,3,G,P,1,0,V,0,T,0,0,0,P,TOYT,RV4,UT,96,17,0,,0,949,,G,,0,0,000000000,00000000000,0,0,0,1,0,0,0,0,0,0,0,998,0,0,0,3,3,6,2,12,0,0,0,1,6,91107,6,1,0,0,3,0,62,250,0,0,0,0,0,0,0,0,0,0,0,0,0,0,1,4,40,1,1,2,1,2,3,1,66,1,1,1,87,1,0
6,61358,3,3,1,5,7,11,30,12,6,1,0,6,2,49,401,49401,14,1995,JT3VN29VXS00,J,T,3,V,N,2,9,V,X,S,0,0,0,P,TOYT,RUN,UT,95,17,3760,,0,1033,,G,,0,0,000000000,00000000000,0,0,0,1,0,0,0,0,0,0,0,998,0,0,0,61,61,4,3,12,0,0,0,1,6,91104,6,1,0,0,3,3,64,155,0,0,0,0,1,12,2009,12,2009,0,0,0,0,0,1,4,40,1,1,2,1,2,3,1,66,1,1,1,98,0,0
6,61359,1,1,1,27,7,18,25,1,0,1,0,32,1,37,705,37705,80,2009,JH2PC40019K2,J,H,2,P,C,4,0,0,1,9,K,2,0,M,HOND,B60,RC,9,17,,,,,,,599,0,0,000000000,00000000000,0,0,0,1,0,0,0,0,0,0,0,999,0,0,0,0,12,6,2,1,0,0,0,1,32,89403,6,1,0,0,3,0,68,165,0,0,0,1,0,6,2010,6,2010,0,28,92,0,0,1,2,55,2,6,1,1,40,3,14,12,3,2,2,98,1,0
6,61360,1,1,1,28,7,12,57,8,0,1,0,6,1,12,13,12013,4,1997,1FALP13P7VW1,1,F,A,L,P,1,3,P,7,V,W,1,0,P,FORD,EST,4D,97,17,2503,,0,984,,G,,0,0,000000000,00000000000,0,0,0,1,0,0,0,0,0,0,0,998,0,0,0,12,12,2,3,8,0,0,0,1,6,95125,3,1,0,0,2,3,60,130,0,0,0,0,0,0,0,0,0,0,92,0,0,0,1,2,15,1,8,2,1,0,0,10,80,1,1,1,13,0,0
6,61361,1,1,1,28,7,14,15,1,0,1,0,4,1,20,37,20037,4,2006,1G1ZT61896F1,1,G,1,Z,T,6,1,8,9,6,F,1,0,P,CHEV,XLT,4D,6,17,3459,,0,1063,,G,,0,0,000000000,00000000000,0,0,0,1,0,0,0,0,0,0,0,55,0,2,2,0,0,6,2,1,0,0,0,1,4,86442,6,1,0,0,3,3,70,150,0,0,0,0,0,0,0,0,0,0,48,58,0,0,1,2,55,3,6,2,1,0,0,14,12,6,4,4,7,1,0
6,61362,1,1,1,1,8,2,7,1,0,1,0,6,1,72,706,72706,80,2005,1HD1PLF385Y9,1,H,D,1,P,L,F,3,8,5,Y,9,0,M,HD,FLE,RS,5,17,,,,,,,1690,0,0,000000000,00000000000,0,0,0,1,0,0,0,0,0,0,0,999,0,0,0,0,0,6,2,1,0,0,0,1,6,93455,6,1,0,0,2,3,68,235,1,0,0,0,1,7,2009,1,2010,0,92,58,0,0,1,2,45,1,1,2,1,0,0,1,13,1,1,4,1,1,1
6,61363,1,1,3,2,8,8,57,8,0,1,0,32,2,7,482,7482,31,2001,3B7KF23671G7,3,B,7,K,F,2,3,6,7,1,G,7,1,T,DODG,Q25,4C,1,17,,2,1547,1387,RPC,D,,2,0,000000000,00000000000,0,0,0,1,0,0,0,0,0,0,0,998,0,0,0,81,81,0,1,8,0,0,0,1,32,89409,6,1,0,0,3,0,71,220,0,1,0,1,0,8,2008,10,2009,1,0,0,0,0,5,3,25,1,8,2,1,0,0,1,80,6,1,1,13,0,0
6,61364,1,2,1,2,8,19,53,12,2,1,0,92,0,54,32,54032,4,1990,JH4KA466XLC0,J,H,4,K,A,4,6,6,X,L,C,0,0,P,ACUR,LEL,4D,90,17,0,,0,1087,,G,,0,0,000000000,00000000000,0,0,0,1,0,0,0,0,0,0,0,998,0,0,0,12,12,6,2,12,0,0,0,1,6,95132,6,1,0,0,3,0,66,160,0,0,0,0,0,0,0,0,0,0,28,0,0,0,1,4,35,1,1,2,1,0,0,1,10,1,1,2,50,1,0
6,61364,2,2,2,2,8,19,53,12,2,1,0,6,1,49,442,49442,20,1999,4T3ZF13C5XU1,4,T,3,Z,F,1,3,C,5,X,U,1,0,P,TOYT,SIE,SV,99,17,3797,,0,1142,,G,,0,0,000000000,00000000000,0,0,0,1,0,0,0,0,0,0,0,998,0,0,0,12,12,6,2,12,0,0,0,1,6,95132,6,1,0,0,3,0,63,130,0,0,0,0,0,0,0,0,0,0,0,0,0,0,1,4,35,1,1,2,1,0,0,1,62,1,1,1,51,0,0
6,61365,1,1,3,8,8,19,0,8,0,1,0,48,2,6,51,6051,4,2005,2C3JA43R05H5,2,C,3,J,A,4,3,R,0,5,H,5,0,P,CHRY,C30,4D,5,17,3629,,0,1200,,G,,0,0,000000000,00000000000,0,0,0,1,0,0,0,0,0,0,0,50,0,0,0,12,12,2,1,8,0,0,0,1,6,92277,0,0,0,0,0,0,69,194,0,0,0,0,0,0,0,0,0,1,92,0,0,0,5,4,50,1,8,2,1,0,0,1,80,1,1,1,13,0,0
6,61366,1,1,1,15,8,22,20,9,0,1,0,6,4,84,881,84881,62,2011,1HTMMAAL2BH3,1,H,T,M,M,A,A,L,2,B,H,3,0,T,INTL,430,CC,11,17,,6,0,0,40S,D,,0,57,871960,57871960,2,1,96,1,0,0,0,0,0,0,0,998,0,0,0,12,12,2,1,9,0,0,0,1,6,91321,6,1,0,0,3,0,69,170,0,0,0,0,0,0,0,0,0,0,39,0,0,0,1,4,35,1,1,2,1,2,3,1,83,1,1,1,13,0,0
6,61367,1,2,1,28,8,11,44,12,6,1,0,6,1,76,705,76705,80,2005,JYAVM01Y25A0,J,Y,A,V,M,0,1,Y,2,5,A,0,0,M,YAMA,V6A,RS,5,17,,,,,,,649,0,0,000000000,00000000000,0,0,0,1,0,0,0,0,0,0,0,998,0,0,0,81,81,6,2,12,0,0,0,1,6,92253,6,1,0,0,3,0,68,155,0,0,0,0,0,0,0,0,0,0,27,0,0,0,1,4,45,1,8,2,1,0,0,15,10,1,1,2,47,1,0
6,61367,2,2,1,28,8,11,44,12,6,1,0,6,1,49,33,49033,3,1990,JT2ST85N3L00,J,T,2,S,T,8,5,N,3,L,0,0,0,P,TOYT,GTF,2L,90,17,2665,,0,994,,G,,0,0,000000000,00000000000,0,0,0,1,0,0,0,0,0,0,0,998,0,0,0,12,12,6,2,12,0,0,0,1,6,92241,6,1,0,0,3,0,66,180,0,0,0,2,0,12,2008,4,2009,0,0,0,0,0,1,4,45,1,8,2,1,0,0,1,61,8,1,1,45,0,0
6,61368,1,1,1,16,4,7,52,8,0,1,0,6,1,34,401,34401,14,2004,5UXFB53534LV,5,U,X,F,B,5,3,5,3,4,L,V,0,P,BMW,BX5,UT,4,17,4652,,0,1110,,G,,0,0,000000000,00000000000,0,0,0,1,0,0,0,0,0,0,0,40,0,0,0,1,1,2,1,8,0,0,0,1,6,95014,6,1,0,0,3,3,70,145,0,0,0,0,0,0,0,0,0,0,38,0,0,0,2,4,40,1,1,2,1,3,3,1,80,6,1,1,13,0,0
6,61369,1,2,1,13,8,23,45,12,1,1,0,41,3,84,881,84881,66,2010,3HSCUAPR9AN2,3,H,S,C,U,A,P,R,9,A,N,2,1,T,INTL,PPR,DS,10,17,,8,0,0,PRO,D,,1,57,306891,57306891,3,6,1,1,0,0,0,0,0,0,0,999,0,0,0,12,12,6,2,12,0,0,1,1,6,90604,6,1,6,0,3,0,72,205,0,0,0,0,0,0,0,0,0,1,0,0,0,0,3,2,70,1,1,2,1,0,0,1,51,1,1,1,24,1,0
6,61369,2,2,2,13,8,23,45,12,1,1,0,18,3,84,881,84881,66,2010,3HSCUAPR0AN1,3,H,S,C,U,A,P,R,0,A,N,1,1,T,INTL,PPR,DS,10,17,,8,0,0,PRO,D,,1,57,273818,57273818,3,6,1,1,0,0,0,0,0,0,0,40,0,0,0,6,6,6,2,12,0,0,0,1,26,48327,6,1,6,0,3,0,71,170,0,0,0,1,0,7,2010,7,2010,0,0,0,0,0,3,2,70,1,1,2,1,0,0,1,53,1,1,1,25,0,0
6,61370,1,1,1,14,8,22,50,33,0,1,0,16,1,72,706,72706,80,2009,1HD1KB4199Y6,1,H,D,1,K,B,4,1,9,9,Y,6,0,M,HD,FHX,RS,9,17,,,,,,,1584,0,0,000000000,00000000000,0,0,0,1,0,0,0,0,0,0,0,999,0,0,0,14,98,6,2,30,32,0,1,1,16,83801,6,1,0,0,3,0,69,215,0,0,0,0,0,0,0,0,0,0,48,0,0,0,1,2,45,1,1,2,1,40,3,1,13,1,1,4,1,1,1
6,61371,1,3,1,19,8,12,0,12,6,1,0,6,1,37,32,37032,4,2000,3HGCG6654YG7,3,H,G,C,G,6,6,5,4,Y,G,7,0,P,HOND,ULX,4D,0,17,3053,,0,1069,,G,,0,0,000000000,00000000000,0,0,0,1,0,0,0,0,0,0,0,998,0,0,0,82,82,6,2,12,0,0,0,1,6,91335,6,1,0,0,3,3,64,130,0,0,0,0,0,0,0,0,0,0,38,0,0,0,1,4,35,1,1,2,1,1,3,11,15,1,1,2,68,0,1
6,61371,2,3,2,19,8,12,0,12,6,1,0,6,1,49,32,49032,4,2004,1NXBR32E34Z2,1,N,X,B,R,3,2,E,3,4,Z,2,0,P,TOYT,UCS,4D,4,17,2502,,0,1024,,G,,0,0,000000000,00000000000,0,0,0,1,0,0,0,0,0,0,0,998,0,0,0,12,12,6,2,12,32,0,0,1,6,91356,6,1,0,0,3,3,69,142,0,0,0,0,0,0,0,0,0,0,0,0,0,0,1,4,35,1,1,2,1,1,3,1,17,1,1,1,69,1,0
6,61371,3,3,2,19,8,12,0,12,6,1,0,6,2,35,47,35047,4,2006,1N4AL11D66C1,1,N,4,A,L,1,1,D,6,6,C,1,0,P,NISS,ASL,4D,6,17,2915,,0,1102,,G,,0,0,000000000,00000000000,0,0,0,1,0,0,0,0,0,0,0,998,0,0,0,12,12,2,1,12,0,0,0,1,6,91356,6,1,0,0,3,0,69,160,0,0,0,0,3,4,2009,1,2010,0,0,0,0,0,1,4,35,1,1,2,1,1,3,1,17,1,1,1,98,0,0
6,61372,1,1,1,19,8,20,25,33,0,1,0,41,1,72,706,72706,80,2001,1HD1BJY101Y0,1,H,D,1,B,J,Y,1,0,1,Y,0,0,M,HD,STC,RS,1,17,,,,,,,1450,0,0,000000000,00000000000,0,0,0,1,0,0,0,0,0,0,0,55,0,0,0,14,14,4,3,1,0,0,0,1,41,97520,6,1,0,0,3,3,67,185,1,0,0,1,0,2,2009,4,2009,0,48,53,0,0,6,2,65,1,1,2,1,0,0,1,10,1,1,4,6,1,1
6,61373,1,1,1,20,8,7,10,9,0,1,0,6,1,7,472,7472,30,2002,1B7HL38N92S5,1,B,7,H,L,3,8,N,9,2,S,5,0,T,DODG,DSQ,4C,2,17,,2,0,1309,DAK,G,,0,0,000000000,00000000000,0,0,0,1,0,0,0,0,0,0,0,998,0,0,0,12,12,4,3,9,0,0,0,1,6,91342,6,1,6,0,3,0,74,130,2,0,0,0,0,3,2008,2,2009,1,0,0,0,0,5,4,50,1,1,2,1,0,0,1,11,1,1,4,13,0,0
6,61374,1,4,1,20,8,11,8,33,0,1,0,6,1,12,481,12481,31,2002,1FTRW07L02KA,1,F,T,R,W,0,7,L,0,2,K,A,0,T,FORD,F1S,CW,2,17,,2,0,1385,COF,G,,0,0,000000000,00000000000,0,0,0,1,0,0,0,0,0,0,0,50,0,0,0,14,12,6,2,12,0,0,0,1,6,92124,6,1,0,0,3,3,70,175,0,0,0,0,0,0,0,0,0,0,48,0,0,0,2,6,50,1,6,2,1,0,0,1,12,1,1,4,6,1,0
6,61374,2,4,1,20,8,11,8,33,0,1,0,53,2,7,43,7043,4,2004,1B3EL76RX4N3,1,B,3,E,L,7,6,R,X,4,N,3,0,P,DODG,SRS,4D,4,17,3178,,0,1080,,G,,0,0,000000000,00000000000,0,0,0,1,0,0,0,0,0,0,0,50,0,0,0,12,12,6,2,12,0,0,0,1,12,91932,6,1,0,0,3,0,72,190,0,0,0,0,0,0,0,0,0,0,0,0,0,0,2,6,50,1,5,2,1,0,0,1,62,1,1,1,98,1,0
6,61374,3,4,1,20,8,11,8,33,0,1,0,6,1,49,40,49040,4,1989,JT2SV21E7K03,J,T,2,S,V,2,1,E,7,K,0,3,0,P,TOYT,CMD,4D,89,17,2734,,0,1024,,G,,0,0,000000000,00000000000,0,0,0,1,0,0,0,0,0,0,0,20,0,0,0,12,12,2,1,12,0,0,0,1,6,92124,6,1,0,0,3,3,59,112,0,0,0,0,0,0,0,0,0,0,26,0,0,0,2,6,50,1,5,2,1,0,0,1,52,1,1,1,98,0,0
6,61374,4,4,1,20,8,11,8,33,0,1,0,6,1,55,35,55035,4,2003,KMHWF35H23A8,K,M,H,W,F,3,5,H,2,3,A,8,0,P,HYUN,SGX,4D,3,17,3254,,0,1063,,G,,0,0,000000000,00000000000,0,0,0,1,0,0,0,0,0,0,0,998,0,0,0,6,6,0,1,12,0,0,0,1,6,92108,9,9,99,9,9,9,999,999,99,99,99,99,99,99,9999,99,9999,0,0,0,0,0,2,6,50,1,5,2,1,0,0,2,53,2,1,1,98,0,0
6,61375,1,1,2,20,8,22,52,8,0,1,0,6,2,7,482,7482,31,1996,1B7GL23X7TS5,1,B,7,G,L,2,3,X,7,T,S,5,0,T,DODG,DAK,PC,96,17,,1,0,1309,DAK,G,,0,0,000000000,00000000000,0,0,0,1,0,0,0,0,0,0,0,998,0,0,0,12,12,2,3,8,0,0,0,1,6,92507,6,1,0,0,3,0,68,220,0,0,0,0,2,4,2010,4,2010,0,0,0,0,0,1,2,40,1,1,2,1,0,0,1,80,1,1,1,13,0,0
6,61376,1,2,1,20,8,23,54,8,0,1,0,6,1,49,401,49401,14,2005,JTEZU17R9500,J,T,E,Z,U,1,7,R,9,5,0,0,0,P,TOYT,RUN,UT,5,17,4090,,0,1098,,G,,0,0,000000000,00000000000,0,0,0,1,0,0,0,0,0,0,0,38,0,0,0,12,12,4,3,8,0,0,0,1,6,92614,6,1,0,0,3,3,68,150,0,0,0,0,0,0,0,0,0,0,0,0,0,0,2,8,40,1,1,2,1,0,0,1,80,3,1,1,13,0,0
6,61376,2,2,1,20,8,23,54,8,0,1,0,6,1,49,32,49032,4,2007,1NXBR32E57Z7,1,N,X,B,R,3,2,E,5,7,Z,7,0,P,TOYT,UCS,4D,7,17,2530,,0,1024,,G,,0,0,000000000,00000000000,0,0,0,1,0,0,0,0,0,0,0,998,0,0,0,12,12,6,2,12,0,0,0,1,6,92614,6,1,0,0,3,0,68,123,0,0,0,0,0,0,0,0,0,0,0,0,0,0,2,8,40,1,1,2,1,0,0,1,52,1,1,1,98,0,0
6,61377,1,1,1,22,7,9,4,8,0,1,0,6,1,34,401,34401,14,2001,WBAFA53561LM,W,B,A,F,A,5,3,5,6,1,L,M,0,P,BMW,BX5,UT,1,17,4519,,0,1110,,G,,0,0,000000000,00000000000,0,0,0,1,0,0,0,0,0,0,0,35,0,0,0,12,12,4,1,8,0,0,0,1,6,95926,6,1,0,0,3,0,69,180,0,0,0,2,0,9,2008,5,2009,0,48,0,0,0,1,2,45,1,1,2,1,0,0,1,13,1,1,4,13,0,0
6,61378,1,1,1,1,8,4,35,33,0,1,0,6,1,54,36,54036,4,1996,JH4KA9652TC0,J,H,4,K,A,9,6,5,2,T,C,0,0,P,ACUR,35R,4D,96,17,3587,,0,1146,,G,,0,0,000000000,00000000000,0,0,0,1,0,0,0,0,0,0,0,998,0,0,0,14,12,6,2,30,0,0,0,1,6,90250,6,1,8,0,3,0,67,185,0,0,0,0,0,0,0,0,0,1,0,0,0,0,1,2,35,1,1,2,1,0,0,1,12,1,1,4,6,1,0
6,61379,1,1,1,1,8,6,30,1,0,1,0,6,1,69,54,69054,3,2006,WMWRC33596TK,W,M,W,R,C,3,3,5,9,6,T,K,0,P,MNNI,COO,2H,6,17,3340,,0,971,,G,,0,0,000000000,00000000000,0,0,0,1,0,0,0,0,0,0,0,999,0,2,3,0,0,6,2,1,0,0,0,1,6,90015,6,1,0,0,3,3,63,100,0,0,0,0,0,0,0,0,0,0,48,0,0,0,2,2,70,1,1,2,1,0,0,1,12,1,1,4,98,1,0
6,61380,1,1,1,1,8,14,20,59,0,1,0,6,2,76,706,76706,80,2001,JYARN07YX1A0,J,Y,A,R,N,0,7,Y,X,1,A,0,0,M,YAMA,FZS,RS,1,17,,,,,,,998,0,0,000000000,00000000000,0,0,0,1,0,0,0,0,0,0,0,999,0,0,0,12,12,6,2,59,0,0,0,1,6,93550,6,1,0,0,2,0,74,175,0,0,0,1,0,8,2009,8,2009,1,57,92,0,0,1,2,55,3,1,2,1,0,0,14,13,3,1,4,1,1,0
6,61381,1,1,1,15,8,0,10,8,0,1,1,99,9,99,999,99999,99,9999,999999999999,9,9,9,9,9,9,9,9,9,9,9,9,0,U,,,,9,17,,,,,,,,0,0,000000000,00000000000,0,0,0,1,0,0,0,0,0,0,0,999,0,0,0,99,99,9,1,8,0,0,0,1,99,99999,9,9,99,9,9,9,999,999,99,99,99,99,99,99,9999,99,9999,9,99,99,99,99,1,2,45,1,1,2,1,0,0,1,80,1,1,2,13,0,0
6,61382,1,1,1,15,8,5,48,25,0,1,0,6,1,35,443,35443,20,1993,4N2DN11WXPD8,4,N,2,D,N,1,1,W,X,P,D,8,0,P,NISS,QST,SV,93,17,3783,,0,1122,,G,,0,0,000000000,00000000000,0,0,0,1,0,0,0,0,0,0,0,65,0,1,5,98,98,6,2,39,0,0,0,1,6,91770,6,1,0,0,3,3,67,140,0,0,0,0,7,8,2008,5,2010,0,48,0,0,0,6,2,65,2,6,2,1,0,0,14,12,1,1,4,10,1,0
6,61383,1,1,1,16,8,21,5,8,0,1,0,6,1,37,31,37031,2,1997,JHMEH6140VS0,J,H,M,E,H,6,1,4,0,V,S,0,0,P,HOND,SOS,CP,97,17,2235,,0,933,,G,,0,0,000000000,00000000000,0,0,0,1,0,0,0,0,0,0,0,40,0,0,0,12,12,2,3,8,0,0,0,1,6,95624,1,1,0,0,2,0,74,140,0,2,0,1,0,10,2009,6,2010,0,0,0,0,0,1,2,50,1,1,2,1,3,3,1,80,1,1,1,13,0,0
6,61384,1,1,3,17,8,0,37,38,0,1,0,6,1,20,481,20481,31,2001,2GCEC19T0112,2,G,C,E,C,1,9,T,0,1,1,2,0,T,CHEV,SC1,4C,1,17,,2,1575,1435,SIL,G,,0,0,000000000,00000000000,0,0,0,1,0,0,0,0,0,0,0,998,0,0,0,12,12,4,3,38,0,0,0,1,6,93257,6,1,0,0,3,0,71,228,0,0,0,0,0,0,0,0,0,0,0,0,0,0,1,2,40,3,1,1,1,0,0,14,12,1,1,4,6,1,1
6,61385,1,1,1,17,8,23,36,8,0,1,0,6,2,12,471,12471,30,1994,1FTCR14A7RPC,1,F,T,C,R,1,4,A,7,R,P,C,0,T,FORD,RNS,PS,94,17,,1,0,1250,RNG,G,,0,0,000000000,00000000000,0,0,0,1,0,0,0,0,0,0,0,40,0,0,0,11,11,4,1,8,0,0,0,1,6,90608,6,1,0,0,3,0,72,205,0,0,0,0,2,9,2008,12,2009,0,0,0,0,0,2,2,40,1,1,2,1,3,3,1,80,1,1,1,13,0,0
6,61386,1,1,1,31,8,0,50,8,0,1,1,99,9,99,999,99999,99,9999,999999999999,9,9,9,9,9,9,9,9,9,9,9,9,0,U,,,,9,17,,,,,,,,0,0,000000000,00000000000,0,0,0,1,0,0,0,0,0,0,0,998,0,0,0,99,99,9,1,8,0,0,0,1,99,99999,9,9,99,9,9,9,999,999,99,99,99,99,99,99,9999,99,9999,9,99,99,99,99,1,2,35,1,1,2,1,0,0,1,80,1,1,1,13,0,0
6,61387,1,1,1,21,8,11,45,14,0,1,0,6,1,12,481,12481,31,2006,1FTRX12W06NA,1,F,T,R,X,1,2,W,0,6,N,A,0,T,FORD,F15,4C,6,17,,2,0,1450,COF,G,,0,0,000000000,00000000000,0,0,0,1,0,0,0,0,0,0,0,998,0,0,0,1,12,6,2,8,0,0,0,1,6,91042,6,1,0,0,3,0,69,175,0,0,0,0,0,0,0,0,0,1,0,0,0,0,5,4,50,3,8,8,1,0,0,14,6,1,1,4,11,0,1
6,61388,1,2,2,21,8,21,18,12,6,1,0,99,9,76,709,76709,89,9999,999999999999,9,9,9,9,9,9,9,9,9,9,9,9,0,U,,,,9,17,,,,,,,,0,0,000000000,00000000000,0,0,0,1,0,0,0,0,0,0,0,998,0,0,0,61,61,6,2,12,0,0,0,1,6,93305,1,1,0,0,2,0,66,180,0,0,0,0,0,0,0,0,0,0,92,24,18,23,1,4,45,1,6,2,1,0,0,1,66,3,2,1,69,1,1
6,61388,2,2,2,21,8,21,18,12,6,1,0,6,1,23,472,23472,30,2005,1GTDS1360581,1,G,T,D,S,1,3,6,0,5,8,1,0,T,GMC,CAN,CW,5,17,,1,0,1260,CAN,G,,0,0,000000000,00000000000,0,0,0,1,0,0,0,0,0,0,0,998,0,0,0,12,12,4,3,12,0,0,0,1,6,93305,6,1,0,0,3,0,67,195,0,1,0,0,1,9,2008,2,2009,0,33,0,0,0,1,2,25,1,5,2,1,0,0,11,15,1,1,1,68,0,0