STATE,ST_CASE,VEH_NO,VE_FORMS,NUMOCCS,DAY,MONTH,HOUR,MINUTE,HARM_EV,MAN_COLL,UNITTYPE,HIT_RUN,REG_STAT,OWNER,MAKE,MODEL,MAK_MOD,BODY_TYP,MOD_YEAR,VIN,VIN_1,VIN_2,VIN_3,VIN_4,VIN_5,VIN_6,VIN_7,VIN_8,VIN_9,VIN_10,VIN_11,VIN_12,TOW_VEH,VINTYPE,VINMAKE,VINA_MOD,VIN_BT,VINMODYR,VIN_LNGT,VIN_WGT,WGTCD_TR,WHLBS_LG,WHLBS_SH,SER_TR,FUELCODE,MCYCL_DS,J_KNIFE,MCARR_I1,MCARR_I2,MCARR_ID,GVWR,V_CONFIG,CARGO_BT,HAZ_INV,HAZ_PLAC,HAZ_ID,HAZ_CNO,HAZ_REL,BUS_USE,SPEC_USE,EMER_USE,TRAV_SP,UNDERIDE,ROLLOVER,ROLINLOC,IMPACT1,IMPACT2,DEFORMED,TOWED,M_HARM,VEH_SC1,VEH_SC2,FIRE_EXP,DR_PRES,L_STATE,DR_ZIP,L_STATUS,L_TYPE,CDL_STAT,L_ENDORS,L_COMPL,L_RESTRI,DR_HGT,DR_WGT,PREV_ACC,PREV_SUS,PREV_DWI,PREV_SPD,PREV_OTH,FIRST_MO,FIRST_YR,LAST_MO,LAST_YR,SPEEDREL,DR_SF1,DR_SF2,DR_SF3,DR_SF4,VTRAFWAY,VNUM_LAN,VSPD_LIM,VALIGN,VPROFILE,VPAVETYP,VSURCOND,VTRAFCON,VTCONT_F,P_CRASH1,P_CRASH2,P_CRASH3,PCRASH4,PCRASH5,ACC_TYPE,DEATHS,DR_DRINK
6,61584,1,1,1,26,9,16,55,9,0,1,0,92,0,19,3,19003,4,1990,1G6CD5331L42,1,G,6,C,D,5,3,3,1,L,4,2,0,P,CADI,DFW,4D,90,17,3382,,0,1138,,G,,0,0,000000000,00000000000,0,0,0,1,0,0,0,0,0,0,0,998,0,0,0,12,12,2,1,9,0,0,0,1,6,90019,6,1,0,0,3,3,71,230,0,0,0,0,0,0,0,0,0,0,0,0,0,0,5,5,35,1,1,2,1,2,3,1,83,3,2,1,13,0,0
6,61585,1,3,1,26,9,17,49,12,6,1,0,6,1,12,401,12401,14,2004,1FMZU73W84ZA,1,F,M,Z,U,7,3,W,8,4,Z,A,0,P,FORD,EPR,UT,4,17,4094,,0,1137,,G,,0,0,000000000,00000000000,0,0,0,1,0,0,0,0,0,0,0,40,0,0,0,12,12,6,2,12,0,0,0,1,39,93720,6,1,0,0,3,3,60,105,0,0,0,0,0,0,0,0,0,0,39,0,0,0,2,2,40,1,1,2,1,3,3,1,17,1,1,1,86,0,0
6,61585,2,3,4,26,9,17,49,12,6,1,0,6,1,37,31,37031,4,2003,2HGES16523H5,2,H,G,E,S,1,6,5,2,3,H,5,0,P,HOND,UCL,4D,3,17,2513,,0,1031,,G,,0,0,000000000,00000000000,0,0,0,1,0,0,0,0,0,0,0,998,0,0,0,3,3,6,2,12,0,0,0,1,6,93722,6,1,0,0,3,0,71,176,0,0,0,0,1,8,2008,8,2008,0,0,0,0,0,2,2,40,1,1,2,1,3,3,1,66,1,1,1,87,1,0
6,61585,3,3,1,26,9,17,49,12,6,1,0,6,1,30,47,30047,3,2005,3VWCD31C85M4,3,V,W,C,D,3,1,C,8,5,M,4,0,P,VOLK,NGS,2H,5,17,2842,,0,989,,G,,0,0,000000000,00000000000,0,0,0,1,0,0,0,0,0,0,0,0,0,0,0,12,12,4,3,12,0,0,0,1,6,93631,6,1,0,0,3,0,69,180,0,0,0,0,0,0,0,0,0,0,0,0,0,0,2,2,40,1,1,2,1,3,3,5,62,1,1,1,98,0,0
6,61586,1,2,1,27,9,2,25,12,6,1,1,96,3,6,51,6051,4,2006,2C3KA43R06H2,2,C,3,K,A,4,3,R,0,6,H,2,0,P,CHRY,C30,4D,6,17,3623,,0,1200,,G,,0,0,000000000,00000000000,0,0,0,1,0,0,0,0,0,0,0,998,0,0,0,12,12,6,2,12,0,0,0,1,99,99999,9,9,99,9,9,9,999,999,99,99,99,99,99,99,9999,99,9999,0,99,99,99,99,4,2,40,1,1,2,1,2,3,1,15,1,1,1,88,0,0
6,61586,2,2,1,27,9,2,25,12,6,1,0,6,1,49,442,49442,20,2001,4T3ZF13C11U3,4,T,3,Z,F,1,3,C,1,1,U,3,0,P,TOYT,SIE,SV,1,17,3932,,0,1142,,G,,0,0,000000000,00000000000,0,0,0,1,0,0,0,0,0,0,0,998,0,1,5,61,61,6,2,12,0,0,0,1,6,91745,6,1,0,0,3,3,70,220,0,0,0,0,0,0,0,0,0,0,99,99,99,99,2,2,40,1,1,2,1,2,3,1,65,1,1,1,89,1,0
6,61587,1,1,1,9,9,0,57,8,0,1,0,6,1,49,403,49403,14,2008,JTEDS42A1820,J,T,E,D,S,4,2,A,1,8,2,0,0,P,TOYT,HIG,UT,8,17,4112,,0,1098,,G,,0,0,000000000,00000000000,0,0,0,1,0,0,0,0,0,0,0,65,0,0,0,12,12,4,3,8,0,0,0,1,6,91913,6,1,0,0,3,0,67,150,0,0,0,1,0,7,2009,7,2009,0,0,0,0,0,3,3,65,1,1,1,1,0,0,1,80,6,1,1,13,0,1
6,61588,1,1,1,9,9,3,10,15,0,1,1,6,2,37,31,37031,4,1992,JHMEG8646NS0,J,H,M,E,G,8,6,4,6,N,S,0,0,P,HOND,CDL,4D,92,17,2275,,0,1031,,G,,0,0,000000000,00000000000,0,0,0,1,0,0,0,0,0,0,0,999,0,0,0,12,12,4,1,15,0,0,0,1,6,95464,1,1,0,0,2,0,65,220,0,1,0,0,0,2,2008,2,2008,0,92,0,0,0,1,2,55,1,1,2,1,0,0,1,13,1,1,2,13,0,0
6,61589,1,1,5,9,9,8,12,8,0,1,0,6,1,12,422,12422,15,1997,1FMFU18L9VLB,1,F,M,F,U,1,8,L,9,V,L,B,0,P,FORD,EPT,UT,97,17,4827,,0,1190,,G,,0,0,000000000,00000000000,0,0,0,1,0,0,0,0,0,0,0,999,0,0,0,12,12,2,1,8,0,0,0,1,6,94030,6,1,0,0,3,0,65,145,0,0,0,0,0,0,0,0,0,0,39,0,0,0,1,2,25,1,1,2,1,20,3,11,80,1,1,1,13,0,0
6,61590,1,1,1,13,9,18,45,8,0,1,0,6,1,35,443,35443,20,1994,4N2DN11W5RD8,4,N,2,D,N,1,1,W,5,R,D,8,0,P,NISS,QST,SV,94,17,3738,,0,1122,,G,,0,0,000000000,00000000000,0,0,0,1,0,0,0,0,0,0,0,20,0,0,0,12,12,2,3,8,0,0,0,1,6,90023,3,1,0,0,2,0,57,110,0,0,0,0,0,0,0,0,0,1,0,0,0,0,5,4,25,1,1,2,1,20,3,1,80,1,1,1,13,0,0
6,61591,1,1,1,17,9,17,59,8,0,1,0,6,1,49,402,49402,14,2004,JTEGD20V0400,J,T,E,G,D,2,0,V,0,4,0,0,0,P,TOYT,RV4,UT,4,17,2897,,0,980,,G,,0,0,000000000,00000000000,0,0,0,1,0,0,0,0,0,0,0,45,0,0,0,12,12,6,2,8,0,0,0,1,6,90069,6,1,0,0,3,3,69,145,0,0,0,0,0,0,0,0,0,0,0,0,0,0,5,4,45,1,1,2,1,0,0,1,80,1,1,1,13,0,0
6,61592,1,1,2,20,7,10,26,9,0,1,0,6,2,34,34,34034,2,1999,WBABG1337XET,W,B,A,B,G,1,3,3,7,X,E,T,0,P,BMW,28S,CP,99,17,3142,,0,1063,,G,,0,0,000000000,00000000000,0,0,0,1,0,0,0,0,0,0,0,40,0,0,0,3,3,2,1,9,0,0,0,1,6,95842,6,1,0,0,3,0,75,200,0,0,0,0,0,0,0,0,0,0,0,0,0,0,5,4,40,1,1,2,1,0,0,1,83,8,1,1,98,0,0
6,61593,1,1,5,26,7,20,26,8,0,1,0,6,1,12,880,12880,67,2005,1FTWW31P55EC,1,F,T,W,W,3,1,P,5,5,E,C,1,T,FORD,F3S,CW,5,17,,3,1724,1562,SRW,D,,1,99,999999999,99999999999,2,1,97,1,0,0,0,0,0,0,0,45,0,0,0,14,14,2,1,8,0,0,0,1,6,92286,6,1,6,0,3,0,69,190,0,0,0,0,0,0,0,0,0,0,0,0,0,0,1,2,50,1,1,2,1,0,0,1,80,1,1,1,13,0,0
6,61594,1,1,5,31,7,20,49,8,0,1,0,6,2,37,31,37031,4,2003,JHMES96653S0,J,H,M,E,S,9,6,6,5,3,S,0,0,P,HOND,CHY,4D,3,17,2698,,0,1032,,B,,0,0,000000000,00000000000,0,0,0,1,0,0,0,0,0,0,0,35,0,0,0,12,12,4,3,8,0,0,0,1,6,92024,6,1,0,0,3,0,72,215,0,3,1,0,0,6,2008,8,2008,0,0,0,0,0,5,4,35,1,1,1,1,0,0,1,80,99,1,1,13,0,0
6,61595,1,1,1,1,8,4,30,42,0,1,0,6,2,12,17,12017,4,1997,1FALP52U2VA1,1,F,A,L,P,5,2,U,2,V,A,1,0,P,FORD,TAG,4D,97,17,3329,,0,1085,,G,,0,0,000000000,00000000000,0,0,0,1,0,0,0,0,0,0,0,72,0,0,0,12,12,6,2,42,0,0,0,1,6,95979,1,1,0,0,2,0,72,240,0,0,0,0,0,0,0,0,0,0,92,48,0,0,1,2,55,1,1,2,1,0,0,1,13,99,1,4,1,1,1
6,61596,1,1,2,1,8,18,25,15,0,1,0,6,2,2,403,2403,14,1990,2J4FY19E3LJ5,2,J,4,F,Y,1,9,E,3,L,J,5,0,T,JEEP,W/S,2W,90,17,,1,0,934,W/Y,G,,0,0,000000000,00000000000,0,0,0,1,0,0,0,0,0,0,0,998,0,0,0,14,14,0,1,15,0,0,0,1,6,93023,6,1,0,0,3,3,65,135,0,0,0,0,0,0,0,0,0,1,0,0,0,0,1,2,25,2,5,1,1,20,3,14,83,99,1,1,13,0,0
6,61597,1,1,1,3,8,7,30,8,0,1,0,6,1,49,32,49032,4,2006,JTDBR32E6600,J,T,D,B,R,3,2,E,6,6,0,0,0,P,TOYT,EEL,4D,6,17,2530,,0,1024,,G,,0,0,000000000,00000000000,0,0,0,1,0,0,0,0,0,0,0,998,0,0,0,12,12,2,3,8,0,0,0,1,6,91702,6,1,0,0,3,3,62,124,0,0,0,0,0,0,0,0,0,0,38,0,0,0,1,2,35,1,5,2,1,0,0,1,80,99,1,1,13,0,0
6,61598,1,1,3,5,8,20,50,8,0,1,1,6,1,12,481,12481,31,1994,1FTEX15N5RKB,1,F,T,E,X,1,5,N,5,R,K,B,0,T,FORD,F15,PS,94,17,,2,1550,1390,COF,G,,0,0,000000000,00000000000,0,0,0,1,0,0,0,0,0,0,0,50,0,0,0,12,12,4,1,8,0,0,0,1,6,95307,6,1,0,0,3,0,68,175,0,0,0,0,0,0,0,0,0,0,0,0,0,0,1,2,55,1,1,2,1,0,0,1,80,99,1,1,13,0,0
6,61599,1,1,1,6,8,17,20,8,0,1,0,6,1,53,34,53034,4,2006,KL5JD56Z96K2,K,L,5,J,D,5,6,Z,9,6,K,2,0,P,SUZI,FZB,4D,6,17,2701,,0,1024,,G,,0,0,000000000,00000000000,0,0,0,1,0,0,0,0,0,0,0,998,0,0,0,12,12,4,1,8,0,0,0,1,6,95757,6,1,0,0,3,0,62,143,0,0,0,0,0,0,0,0,0,0,0,0,0,0,2,2,45,1,1,2,1,0,0,1,80,99,1,1,13,0,0
6,61600,1,1,1,9,4,23,12,8,0,1,1,6,2,38,498,38498,30,1988,JAACL11L6J72,J,A,A,C,L,1,1,L,6,J,7,2,0,T,ISU,RSB,PK,88,17,,1,0,0,CON,G,,0,0,000000000,00000000000,0,0,0,1,0,0,0,0,0,0,0,65,0,0,0,12,12,2,3,8,0,0,0,1,6,93646,0,0,0,0,0,0,68,170,0,0,0,0,0,0,0,0,0,1,99,99,99,99,1,2,55,1,1,2,1,0,0,6,12,8,4,4,7,0,0
6,61601,1,2,1,26,4,0,53,12,2,1,0,6,1,12,3,12003,2,1966,6F07C203171,6,F,0,7,C,2,0,3,1,7,1,,0,P,,,,,,,,,,,,,0,0,000000000,00000000000,0,0,0,1,0,0,0,0,0,0,0,998,0,0,0,12,12,6,2,12,0,0,0,1,6,93555,6,1,0,0,3,3,70,185,0,0,0,0,0,0,0,0,0,0,28,0,0,0,1,2,55,1,1,2,1,0,0,1,10,1,1,2,50,1,0
6,61601,2,2,1,26,4,0,53,12,2,1,0,6,2,12,17,12017,4,2003,1FAFP52U63G1,1,F,A,F,P,5,2,U,6,3,G,1,0,P,FORD,TAX,4D,3,17,3336,,0,1085,,G,,0,0,000000000,00000000000,0,0,0,1,0,0,0,0,0,0,0,55,0,0,0,12,12,6,2,12,0,0,0,1,6,92555,6,1,0,0,3,0,66,135,0,0,0,0,0,0,0,0,0,0,0,0,0,0,1,2,55,1,1,2,1,0,0,1,62,1,1,1,51,0,0
6,61602,1,2,1,16,7,0,40,12,2,1,0,27,1,24,1,24001,4,1995,1G8ZH528XSZ2,1,G,8,Z,H,5,2,8,X,S,Z,2,0,P,STRN,SL1,4D,95,17,2252,,0,1024,,G,,0,0,000000000,00000000000,0,0,0,1,0,0,0,0,0,0,0,90,0,0,0,12,12,6,2,12,0,0,0,1,27,55113,4,1,0,0,2,0,72,250,0,1,0,0,0,3,2010,3,2010,0,51,92,0,0,2,3,50,1,1,2,1,0,0,98,54,1,1,1,52,1,1
6,61602,2,2,2,16,7,0,40,12,2,1,0,6,2,12,3,12003,1,2000,1FAFP4447YF1,1,F,A,F,P,4,4,4,7,Y,F,1,0,P,FORD,MUS,CV,0,17,3208,,0,1013,,G,,0,0,000000000,00000000000,0,0,0,1,0,0,0,0,0,0,0,60,0,0,0,12,12,6,2,12,0,0,0,1,6,91325,6,1,0,0,3,0,69,189,0,0,0,0,0,0,0,0,0,0,0,0,0,0,2,3,50,1,1,2,1,0,0,1,54,1,1,1,52,1,1
6,61603,1,2,1,1,9,0,27,12,1,1,0,92,0,76,705,76705,80,1998,JYA5AHC01WA0,J,Y,A,5,A,H,C,0,1,W,A,0,0,M,YAMA,YZF,RS,98,17,,,,,,,599,0,0,000000000,00000000000,0,0,0,1,0,0,0,0,0,0,0,100,0,0,0,12,98,6,2,12,0,0,0,1,6,92612,6,1,0,0,2,0,72,165,0,0,0,0,1,5,2009,5,2009,1,37,48,92,0,3,5,65,1,1,1,1,0,0,15,11,1,1,2,24,1,1
6,61603,2,2,2,1,9,0,27,12,1,1,0,6,1,12,401,12401,14,1999,1FMZU32E9XZC,1,F,M,Z,U,3,2,E,9,X,Z,C,0,P,FORD,EPR,UT,99,17,3891,,0,1116,,G,,0,0,000000000,00000000000,0,0,0,1,0,0,0,0,0,0,0,60,0,0,0,6,6,2,1,12,0,0,0,1,6,92630,6,1,0,0,3,0,68,120,0,0,0,0,0,0,0,0,0,0,0,0,0,0,3,5,65,1,1,1,1,0,0,1,60,1,1,1,25,0,0
6,61604,1,2,3,12,9,12,5,1,0,1,0,6,2,12,401,12401,14,1996,1FMDU32P2TZA,1,F,M,D,U,3,2,P,2,T,Z,A,0,P,FORD,EPR,UT,96,17,3952,,0,1115,,G,,0,0,000000000,00000000000,0,0,0,1,0,0,0,0,0,0,0,73,0,1,3,0,82,6,2,1,0,0,0,1,6,95901,6,1,0,0,3,0,67,190,1,0,0,0,0,11,2009,11,2009,0,48,0,0,0,2,2,65,1,1,2,1,0,0,1,12,6,1,4,6,1,0
6,61604,2,2,2,12,9,12,5,1,0,1,0,6,1,30,46,30046,4,2008,WVWAK73C88P0,W,V,W,A,K,7,3,C,8,8,P,0,0,P,VOLK,PKM,4D,8,17,3354,,0,1067,,G,,0,0,000000000,00000000000,0,0,0,1,0,0,0,0,0,0,0,65,0,0,0,12,12,6,2,12,0,0,0,1,6,95928,6,1,0,0,3,0,70,210,0,0,0,0,0,0,0,0,0,0,0,0,0,0,2,2,65,1,1,2,1,0,0,1,62,9,1,2,98,0,0
6,61605,1,2,1,16,9,8,1,12,2,1,0,6,1,37,32,37032,4,2008,1HGCP263X8A1,1,H,G,C,P,2,6,3,X,8,A,1,0,P,HOND,ULX,4D,8,17,3274,,0,1102,,G,,0,0,000000000,00000000000,0,0,0,1,0,0,0,0,0,0,0,999,0,0,0,12,12,6,2,12,0,0,0,1,6,96003,6,1,0,0,3,3,74,365,0,0,0,1,0,9,2009,9,2009,0,28,0,0,0,1,2,55,2,8,1,1,0,0,14,10,1,1,2,52,1,0
6,61605,2,2,1,16,9,8,1,12,2,1,0,0,0,84,881,84881,63,2007,1HTWDAZR17J4,1,H,T,W,D,A,Z,R,1,7,J,4,0,T,INTL,740,CC,7,17,,8,0,0,70S,D,,0,6,90019,0690019,3,1,96,1,0,0,0,0,0,0,0,999,0,0,0,12,12,6,2,12,0,0,0,1,6,96024,6,1,6,0,3,0,68,175,0,0,0,0,0,0,0,0,0,0,0,0,0,0,1,2,55,3,8,1,1,0,0,14,62,1,1,1,52,0,0
6,61606,1,2,5,17,9,11,49,24,0,1,0,6,2,34,35,34035,4,1990,WBAHC231XLGB,W,B,A,H,C,2,3,1,X,L,G,B,0,P,BMW,A52,4D,90,17,3440,,0,1087,,G,,0,0,000000000,00000000000,0,0,0,1,0,0,0,0,0,0,0,60,0,0,0,6,83,6,2,12,0,0,0,1,6,94949,0,0,0,0,0,0,64,127,0,0,0,0,0,0,0,0,0,0,0,0,0,0,1,2,45,3,1,2,1,0,0,14,13,6,4,4,2,1,1
6,61606,2,2,1,17,9,11,49,24,0,1,0,16,3,85,881,85881,66,2005,1XKWD49X55R0,1,X,K,W,D,4,9,X,5,5,R,0,1,T,KW,W90,DS,5,17,,8,2850,1600,CON,D,,1,57,1519943,571519943,3,6,97,1,0,0,0,0,0,0,0,25,0,0,0,12,12,4,3,12,0,0,0,1,16,83647,6,1,6,0,3,0,74,280,1,0,0,0,0,8,2009,8,2009,0,0,0,0,0,1,2,45,2,1,2,1,0,0,14,62,9,1,1,98,0,0
6,61607,1,1,1,18,9,7,19,8,0,1,0,6,1,30,46,30046,6,2003,WVWND63B43E3,W,V,W,N,D,6,3,B,4,3,E,3,0,P,VOLK,PGL,SW,3,17,3221,,0,1064,,G,,0,0,000000000,00000000000,0,0,0,1,0,0,0,0,0,0,0,998,0,0,0,12,12,4,3,8,0,0,0,1,6,93454,6,1,0,0,3,0,69,150,0,0,0,0,0,0,0,0,0,0,0,0,0,0,1,2,35,1,1,2,2,0,0,1,80,8,1,1,13,0,0
6,61608,1,1,1,18,9,22,30,8,0,1,0,6,1,76,706,76706,80,2006,JYARN17Y36A0,J,Y,A,R,N,1,7,Y,3,6,A,0,0,M,YAMA,F1Z,RS,6,17,,,,,,,998,0,0,000000000,00000000000,0,0,0,1,0,0,0,0,0,0,0,998,0,0,0,10,10,4,4,8,0,0,0,1,6,90247,6,1,0,0,3,0,74,250,0,0,0,1,0,7,2009,7,2009,0,0,0,0,0,2,3,35,1,1,2,1,2,3,1,80,7,1,1,13,0,0
6,61609,1,1,4,19,9,11,20,24,0,1,0,92,0,23,481,23481,31,1993,1GTDC14Z4PZ5,1,G,T,D,C,1,4,Z,4,P,Z,5,0,T,GMC,SC1,PK,93,17,,1,1315,1175,SIE,G,,0,0,000000000,00000000000,0,0,0,1,0,0,0,0,0,0,0,72,0,0,0,12,12,4,3,24,0,0,0,1,4,85029,6,1,0,0,3,0,66,178,0,0,0,0,0,0,0,0,0,0,48,0,0,0,3,4,70,1,1,2,1,0,0,1,12,8,2,4,7,1,0
6,61610,1,1,1,19,9,12,14,9,0,1,0,6,2,35,43,35043,4,2004,3N1CB51D04L8,3,N,1,C,B,5,1,D,0,4,L,8,0,P,NISS,S18,4D,4,17,2387,,0,998,,G,,0,0,000000000,00000000000,0,0,0,1,0,0,0,0,0,0,0,998,0,0,0,12,12,4,3,9,0,0,0,1,6,92024,6,1,0,0,3,0,72,250,0,0,0,0,0,0,0,0,0,0,0,0,0,0,2,3,50,1,8,1,1,0,0,1,83,9,2,1,13,0,0
6,61611,1,1,2,11,9,20,50,9,0,1,0,92,0,49,401,49401,14,1998,JT3GN86R0W00,J,T,3,G,N,8,6,R,0,W,0,0,0,P,TOYT,RUN,UT,98,17,3565,,0,1053,,G,,0,0,000000000,00000000000,0,0,0,1,0,0,0,0,0,0,0,45,0,0,0,12,12,6,2,9,0,0,0,1,6,92040,1,1,0,0,2,3,69,175,0,3,1,0,0,3,2008,2,2010,0,92,0,0,0,1,2,45,1,8,2,1,0,0,1,83,9,2,2,13,0,0
6,61612,1,1,5,12,9,20,38,8,0,1,0,6,1,12,422,12422,15,2001,1FMRU16W21LA,1,F,M,R,U,1,6,W,2,1,L,A,0,P,FORD,EPT,UT,1,17,5250,,0,1191,,G,,0,0,000000000,00000000000,0,0,0,1,0,0,0,0,0,0,0,998,0,0,0,12,12,2,1,8,0,0,0,1,6,95969,6,1,0,0,3,3,68,160,0,0,0,0,0,0,0,0,0,0,0,0,0,0,5,4,35,1,5,2,1,0,0,1,80,1,1,1,13,0,0
6,61613,1,1,1,23,9,17,44,8,0,1,0,6,2,12,481,12481,31,2001,1FTNX20L61ED,1,F,T,N,X,2,0,L,6,1,E,D,0,T,FORD,F2S,4C,1,17,,2,1580,1418,SRW,G,,0,0,000000000,00000000000,0,0,0,1,0,0,0,0,0,0,0,999,0,0,0,98,98,0,3,8,0,0,0,1,6,92503,6,1,0,0,3,0,65,175,0,0,0,0,0,0,0,0,0,0,38,0,0,0,1,2,25,1,8,2,1,0,0,11,80,99,1,1,13,0,0
6,61614,1,1,1,27,9,99,99,38,0,1,0,6,1,55,33,55033,4,2007,5NPEU46F47H2,5,N,P,E,U,4,6,F,4,7,H,2,0,P,HYUN,SLI,4D,7,17,3458,,0,1074,,G,,0,0,000000000,00000000000,0,0,0,1,0,0,0,0,0,0,0,999,0,1,6,12,12,6,2,38,0,0,0,1,6,92703,6,1,0,0,3,3,66,160,1,0,0,0,0,4,2009,4,2009,0,48,0,0,0,2,2,70,1,1,2,1,0,0,1,13,99,1,4,5,1,0
6,61615,1,1,1,28,9,9,44,38,0,1,0,6,1,53,706,53706,80,1994,JS1VX51L0R21,J,S,1,V,X,5,1,L,0,R,2,1,0,M,SUZI,VS4,RS,94,17,,,,,,,1360,0,0,000000000,00000000000,0,0,0,1,0,0,0,0,0,0,0,70,0,0,0,98,0,6,2,1,0,0,0,1,6,93230,6,1,6,0,3,3,72,200,1,0,0,0,3,12,2008,2,2010,1,48,0,0,0,2,2,40,3,8,2,1,0,0,14,6,1,1,4,5,1,0
6,61616,1,2,1,28,9,19,30,12,2,1,0,6,1,12,16,12016,4,1982,2FABP35F8CB1,2,F,A,B,P,3,5,F,8,C,B,1,0,P,FORD,LCV,4D,82,17,3523,,0,1143,,G,,0,0,000000000,00000000000,0,0,0,1,0,0,0,0,0,0,0,999,0,0,0,12,12,6,2,12,0,0,0,1,6,92040,1,1,0,0,2,3,70,168,0,1,0,0,0,7,2010,7,2010,0,92,28,24,0,1,2,50,3,5,2,1,28,3,14,10,99,1,2,50,1,0
6,61616,2,2,2,28,9,19,30,12,2,1,0,49,1,62,421,62421,15,2007,SALSK25447A9,S,A,L,S,K,2,5,4,4,7,A,9,0,T,LNDR,SPH,4W,7,17,,2,0,1080,RSP,G,,0,0,000000000,00000000000,0,0,0,1,0,0,0,0,0,0,0,30,0,0,0,12,12,6,2,12,0,0,0,1,12,33469,6,1,0,0,3,0,72,255,0,0,0,0,0,0,0,0,0,0,0,0,0,0,1,2,50,2,8,2,1,28,3,14,62,9,2,1,51,0,0
6,61617,1,2,1,29,9,3,52,12,1,1,0,29,1,23,431,23431,16,1992,1GKFK16K0NJ7,1,G,K,F,K,1,6,K,0,N,J,7,0,T,GMC,KSU,4W,92,17,,2,0,1315,K15,G,,0,0,000000000,00000000000,0,0,0,1,0,0,0,0,0,0,0,60,0,0,0,12,12,6,2,12,0,0,0,1,29,91602,6,1,6,0,3,0,77,217,0,1,0,0,0,7,2009,7,2009,1,0,0,0,0,3,6,65,2,1,2,1,0,0,14,50,99,1,1,20,0,0
6,61617,2,2,1,29,9,3,52,12,1,1,0,6,1,49,48,49048,5,2004,JTKKT6240400,J,T,K,K,T,6,2,4,0,4,0,0,0,P,TOYT,SXA,4H,4,17,2380,,0,933,,G,,0,0,000000000,00000000000,0,0,0,1,0,0,0,0,0,0,0,0,0,0,0,6,6,6,2,12,0,0,0,1,6,91343,6,1,0,0,3,0,63,180,0,0,0,0,0,0,0,0,0,0,0,0,0,0,3,6,65,2,1,2,1,0,0,5,53,1,1,1,21,1,0
6,61618,1,1,1,29,9,12,54,14,0,1,0,6,2,98,703,98703,80,2006,LZSGCNL01610,L,Z,S,G,C,N,L,0,1,6,1,0,0,M,ZONG,GS2,RC,6,17,,,,,,,230,0,0,000000000,00000000000,0,0,0,1,0,0,0,0,0,0,0,53,0,0,0,98,98,6,2,14,0,0,0,1,6,90660,6,1,0,0,2,0,68,175,0,0,0,0,0,0,0,0,0,1,92,0,0,0,1,2,25,1,1,2,1,0,0,1,6,3,2,4,2,1,0
6,61619,1,1,1,15,8,3,14,8,0,1,0,6,2,20,481,20481,31,2000,2GCEC19T0Y11,2,G,C,E,C,1,9,T,0,Y,1,1,0,T,CHEV,SC1,PC,0,17,,2,1575,1435,SIL,G,,0,0,000000000,00000000000,0,0,0,1,0,0,0,0,0,0,0,999,0,0,0,12,12,2,3,8,0,0,0,1,6,92405,6,1,0,0,3,0,67,165,0,1,0,0,0,3,2009,3,2009,9,0,0,0,0,5,2,40,1,1,2,1,0,0,1,80,1,1,1,13,0,1
6,61620,1,1,1,4,9,21,12,8,0,1,0,6,1,37,32,37032,4,2002,1HGCG16582A0,1,H,G,C,G,1,6,5,8,2,A,0,0,P,HOND,UEX,4D,2,17,3329,,0,1069,,G,,0,0,000000000,00000000000,0,0,0,1,0,0,0,0,0,0,0,998,0,0,0,12,12,4,3,8,0,0,0,1,6,91710,6,1,0,0,3,0,64,170,0,0,0,0,0,0,0,0,0,0,0,0,0,0,5,6,40,1,1,2,1,0,0,1,80,1,1,1,13,0,0
6,61621,1,1,1,10,9,0,41,9,0,1,1,99,9,99,999,99999,99,9999,999999999999,9,9,9,9,9,9,9,9,9,9,9,9,0,U,,,,9,17,,,,,,,,0,0,000000000,00000000000,0,0,0,1,0,0,0,0,0,0,0,999,0,0,0,12,12,4,1,9,0,0,0,1,99,99999,9,9,99,0,9,9,999,999,99,99,99,99,99,99,9999,99,9999,9,99,99,99,99,1,2,35,1,1,2,1,0,0,1,83,99,1,1,13,0,0
6,61622,1,1,1,30,9,11,54,1,0,1,0,4,1,20,481,20481,31,2001,2GCEK19T1114,2,G,C,E,K,1,9,T,1,1,1,4,0,T,CHEV,SK1,4C,1,17,,2,1575,1435,SIL,G,,0,0,000000000,00000000000,0,0,0,1,0,0,0,0,0,0,0,999,0,1,3,0,0,6,2,1,0,0,0,1,4,86440,6,1,0,0,3,0,69,170,0,0,0,0,0,0,0,0,0,9,48,0,0,0,2,2,70,1,1,1,1,0,0,1,12,99,1,4,6,1,0
6,61623,1,3,4,30,9,16,5,12,7,1,0,4,1,7,472,7472,30,2008,1D7HE38K38S5,1,D,7,H,E,3,8,K,3,8,S,5,0,T,DODG,SXT,CW,8,17,,2,0,1313,DAK,G,,0,0,000000000,00000000000,0,0,0,1,0,0,0,0,0,0,0,70,0,1,6,83,0,6,2,1,0,0,0,1,4,85194,6,1,0,0,3,3,68,170,0,0,0,0,0,0,0,0,0,0,27,0,0,0,3,4,70,1,1,2,1,0,0,15,11,1,1,2,44,1,0
6,61623,2,3,4,30,9,16,5,12,7,1,0,6,2,9,20,9020,4,2000,1P3ES46C8YD7,1,P,3,E,S,4,6,C,8,Y,D,7,0,P,PLYM,NLX,4D,0,17,2515,,0,1050,,G,,0,0,000000000,00000000000,0,0,0,1,0,0,0,0,0,0,0,68,0,0,0,62,82,6,2,12,0,0,0,1,6,92230,1,1,0,0,2,0,63,155,0,1,0,0,1,10,2009,5,2010,0,0,0,0,0,3,4,70,1,1,2,1,0,0,1,60,1,1,1,45,0,0