STATE,ST_CASE,VEH_NO,VE_FORMS,NUMOCCS,DAY,MONTH,HOUR,MINUTE,HARM_EV,MAN_COLL,UNITTYPE,HIT_RUN,REG_STAT,OWNER,MAKE,MODEL,MAK_MOD,BODY_TYP,MOD_YEAR,VIN,VIN_1,VIN_2,VIN_3,VIN_4,VIN_5,VIN_6,VIN_7,VIN_8,VIN_9,VIN_10,VIN_11,VIN_12,TOW_VEH,VINTYPE,VINMAKE,VINA_MOD,VIN_BT,VINMODYR,VIN_LNGT,VIN_WGT,WGTCD_TR,WHLBS_LG,WHLBS_SH,SER_TR,FUELCODE,MCYCL_DS,J_KNIFE,MCARR_I1,MCARR_I2,MCARR_ID,GVWR,V_CONFIG,CARGO_BT,HAZ_INV,HAZ_PLAC,HAZ_ID,HAZ_CNO,HAZ_REL,BUS_USE,SPEC_USE,EMER_USE,TRAV_SP,UNDERIDE,ROLLOVER,ROLINLOC,IMPACT1,IMPACT2,DEFORMED,TOWED,M_HARM,VEH_SC1,VEH_SC2,FIRE_EXP,DR_PRES,L_STATE,DR_ZIP,L_STATUS,L_TYPE,CDL_STAT,L_ENDORS,L_COMPL,L_RESTRI,DR_HGT,DR_WGT,PREV_ACC,PREV_SUS,PREV_DWI,PREV_SPD,PREV_OTH,FIRST_MO,FIRST_YR,LAST_MO,LAST_YR,SPEEDREL,DR_SF1,DR_SF2,DR_SF3,DR_SF4,VTRAFWAY,VNUM_LAN,VSPD_LIM,VALIGN,VPROFILE,VPAVETYP,VSURCOND,VTRAFCON,VTCONT_F,P_CRASH1,P_CRASH2,P_CRASH3,PCRASH4,PCRASH5,ACC_TYPE,DEATHS,DR_DRINK
6,61703,1,1,1,28,10,8,30,8,0,1,0,6,1,6,441,6441,20,1996,1C4GP64L4TB3,1,C,4,G,P,6,4,L,4,T,B,3,0,P,CHRY,TWC,SV,96,17,4051,,0,1193,,G,,0,0,000000000,00000000000,0,0,0,1,0,0,0,0,0,0,0,998,0,0,0,6,6,2,1,8,0,0,0,1,6,95817,6,1,0,0,3,3,71,200,0,0,0,0,0,0,0,0,0,0,38,0,0,0,1,2,25,1,1,2,1,0,0,13,98,1,1,5,92,0,0
6,61704,1,1,1,28,10,9,50,8,0,1,0,92,0,85,881,85881,66,1991,1XKWAB8X0MS5,1,X,K,W,A,B,8,X,0,M,S,5,2,T,KW,W90,DS,91,17,,8,2600,1600,CON,D,,1,6,181025,06181025,3,7,4,1,0,0,0,0,0,0,0,998,0,0,0,5,5,0,1,8,0,0,0,1,6,92027,6,1,6,1,3,3,71,215,0,0,0,0,0,0,0,0,0,0,38,0,0,0,1,4,25,1,1,2,1,2,3,10,80,1,1,1,13,0,0
6,61705,1,1,1,29,10,6,23,8,0,1,0,6,2,35,472,35472,30,2000,1N6DD21S8YC4,1,N,6,D,D,2,1,S,8,Y,C,4,0,T,NISS,FXE,PK,0,17,,1,0,1043,FRT,G,,0,0,000000000,00000000000,0,0,0,1,0,0,0,0,0,0,0,35,0,0,0,12,12,2,3,8,0,0,0,1,6,90201,6,1,0,0,3,1,64,165,0,0,0,0,0,0,0,0,0,0,0,0,0,0,1,4,35,1,1,2,1,0,0,1,80,1,1,1,13,0,0
6,61706,1,1,1,29,10,11,5,8,0,1,0,6,3,23,461,23461,21,2004,1GTEG15X8411,1,G,T,E,G,1,5,X,8,4,1,1,0,T,GMC,SA1,CG,4,17,,2,0,1350,SAV,G,,0,0,000000000,00000000000,0,0,0,1,0,0,0,0,0,0,0,998,0,0,0,12,12,0,3,8,0,0,0,1,6,94546,6,1,0,0,3,0,71,180,0,0,0,1,1,7,2008,2,2010,0,99,99,99,99,4,3,25,1,1,2,1,3,3,1,80,1,1,1,13,0,0
6,61707,1,1,1,29,10,19,5,8,0,1,0,6,1,7,482,7482,31,2001,3B7HC13Z21G2,3,B,7,H,C,1,3,Z,2,1,G,2,0,T,DODG,Q15,4C,1,17,,2,1547,1387,RPC,G,,0,0,000000000,00000000000,0,0,0,1,0,0,0,0,0,0,0,998,0,0,0,12,12,2,1,8,0,0,0,1,6,93618,6,1,0,0,3,0,74,220,0,0,0,0,1,6,2010,6,2010,0,0,0,0,0,2,3,40,1,1,2,1,2,3,1,80,1,1,1,13,0,0
6,61708,1,1,1,7,10,8,55,9,0,1,0,17,3,82,883,82883,66,2007,1FUJA6CV17DX,1,F,U,J,A,6,C,V,1,7,D,X,1,T,FRHT,COL,DS,7,17,,8,0,0,CON,D,,1,57,075525,57075525,3,6,11,1,0,0,0,0,0,0,0,11,0,0,0,81,81,0,1,9,0,0,0,1,31,68936,6,1,6,0,3,3,70,199,0,0,0,1,0,4,2008,4,2008,0,0,0,0,0,1,6,35,1,1,1,1,0,0,1,83,1,1,1,13,0,0
6,61709,1,1,2,10,10,13,0,17,0,1,0,32,1,12,443,12443,20,2006,2FMZA51606BA,2,F,M,Z,A,5,1,6,0,6,B,A,0,P,FORD,FRE,SV,6,17,4275,,0,1208,,G,,0,0,000000000,00000000000,0,0,0,1,0,0,0,0,0,0,0,15,0,0,0,12,12,2,3,17,0,0,0,1,32,89423,6,1,6,0,3,0,70,185,0,0,0,0,0,0,0,0,0,0,48,0,0,0,1,2,25,3,8,2,1,0,0,14,13,1,1,4,1,1,0
6,61710,1,2,1,10,10,17,40,12,1,1,0,53,2,71,709,71709,80,2002,ZDM1RA2K42B0,Z,D,M,1,R,A,2,K,4,2,B,0,0,U,,,,2,17,,,,,,,,0,0,000000000,00000000000,0,0,0,1,0,0,0,0,0,0,0,44,0,0,0,12,12,4,3,12,0,0,0,1,6,92106,6,1,0,0,3,3,70,255,1,0,0,0,1,10,2008,2,2010,0,0,0,0,0,2,2,40,1,1,2,1,0,0,1,60,3,2,1,98,1,1
6,61710,2,2,2,10,10,17,40,12,1,1,0,6,1,37,402,37402,14,1997,JHLRD1857VC0,J,H,L,R,D,1,8,5,7,V,C,0,0,P,HOND,CRV,UT,97,17,3063,,0,1032,,G,,0,0,000000000,00000000000,0,0,0,1,0,0,0,0,0,0,0,998,0,0,0,6,6,2,1,12,0,0,0,1,6,92107,6,1,0,0,3,0,64,112,0,0,0,0,0,0,0,0,0,0,38,0,0,0,2,2,40,1,1,2,1,0,0,12,53,1,1,1,98,0,0
6,61711,1,1,2,10,10,18,58,8,0,1,0,6,2,20,441,20441,20,1996,1GNDM19W4TB1,1,G,N,D,M,1,9,W,4,T,B,1,0,T,CHEV,AST,ES,96,17,,1,0,1110,AST,G,,0,0,000000000,00000000000,0,0,0,1,0,0,0,0,0,0,0,30,0,0,0,12,12,0,3,8,0,0,0,1,6,93221,1,1,0,0,2,0,63,148,0,0,0,0,0,0,0,0,0,0,92,0,0,0,1,2,30,1,1,2,1,0,0,1,80,9,1,1,13,0,0
6,61712,1,1,1,19,10,2,55,8,0,1,1,6,1,35,43,35043,4,2008,3N1AB61E48L7,3,N,1,A,B,6,1,E,4,8,L,7,0,P,NISS,SL2,4D,8,17,2804,,0,1057,,G,,0,0,000000000,00000000000,0,0,0,1,0,0,0,0,0,0,0,999,0,0,0,12,12,6,2,8,0,0,0,1,6,92129,6,1,0,0,3,0,69,160,1,0,0,0,1,3,2008,3,2009,1,0,0,0,0,2,2,65,1,1,2,2,0,0,1,80,99,1,1,13,0,1
6,61713,1,1,1,19,10,11,5,8,0,1,0,6,2,49,482,49482,31,2006,5TBRT34156S4,5,T,B,R,T,3,4,1,5,6,S,4,0,T,TOYT,TT5,4C,6,17,,2,0,1283,TUN,G,,0,0,000000000,00000000000,0,0,0,1,0,0,0,0,0,0,0,65,0,1,5,98,0,6,2,8,0,0,0,1,6,92408,6,1,0,0,3,0,62,130,0,1,0,2,0,7,2009,1,2010,1,24,0,0,0,3,4,70,2,5,1,2,0,0,14,6,1,4,4,13,0,0
6,61714,1,1,1,19,10,15,35,8,0,1,1,6,2,55,401,55401,14,2005,KM8SC13E95U9,K,M,8,S,C,1,3,E,9,5,U,9,0,P,HYUN,SAN,UT,5,17,3549,,0,1031,,G,,0,0,000000000,00000000000,0,0,0,1,0,0,0,0,0,0,0,999,0,0,0,12,12,6,2,8,0,0,0,1,6,91405,0,0,0,0,0,0,66,140,0,1,0,0,0,10,2009,10,2009,1,92,0,0,0,5,4,35,1,1,2,1,0,0,1,80,1,1,1,13,0,0
6,61715,1,1,1,19,10,18,25,8,0,1,0,6,2,2,404,2404,14,2002,1J4GX48S22C1,1,J,4,G,X,4,8,S,2,2,C,1,0,T,JEEP,LRO,4W,2,17,,1,0,1059,GCK,G,,0,0,000000000,00000000000,0,0,0,1,0,0,0,0,0,0,0,998,0,0,0,98,98,0,1,8,0,0,0,1,6,90706,6,1,0,0,3,0,72,165,0,0,0,0,0,0,0,0,0,0,0,0,0,0,2,2,40,1,1,2,2,2,3,10,80,1,1,1,13,0,0
6,61716,1,1,1,20,10,18,29,8,0,1,1,92,0,12,401,12401,14,1991,1FMDU34X8MUB,1,F,M,D,U,3,4,X,8,M,U,B,0,P,FORD,EPR,UT,91,17,0,,0,1120,,G,,0,0,000000000,00000000000,0,0,0,1,0,0,0,0,0,0,0,999,0,0,0,12,12,9,1,8,0,0,0,1,6,92240,3,1,0,0,2,0,72,160,0,1,0,0,0,5,2010,5,2010,9,92,0,0,0,5,4,35,1,5,2,1,0,0,1,80,99,9,9,13,0,0
6,61717,1,1,2,20,10,20,20,8,0,1,0,6,1,24,401,24401,14,2003,5GZCZ33D43S8,5,G,Z,C,Z,3,3,D,4,3,S,8,0,P,STRN,VUE,UT,3,17,3214,,0,1066,,G,,0,0,000000000,00000000000,0,0,0,1,0,0,0,0,0,0,0,48,0,0,0,12,12,4,3,8,0,0,0,1,6,92392,6,1,0,0,3,0,70,165,0,0,0,0,0,0,0,0,0,0,0,0,0,0,5,4,50,1,1,2,1,0,0,1,80,1,1,1,13,0,0
6,61718,1,1,1,17,9,13,50,8,0,1,0,6,3,51,881,51881,66,2010,4V4NC9EG1AN2,4,V,4,N,C,9,E,G,1,A,N,2,1,T,VOLV,VNL,DS,10,17,,8,0,0,VVN,D,,1,57,956500,57956500,3,6,1,1,0,0,0,0,0,0,0,998,0,0,0,12,12,0,1,8,0,0,0,1,6,90002,6,1,6,0,3,0,65,150,1,0,0,1,1,8,2008,9,2009,0,0,0,0,0,6,2,65,1,8,2,1,3,3,11,80,1,1,1,13,0,0
6,61719,1,1,1,18,9,8,40,8,0,1,0,6,2,22,20,22020,4,2006,2G2WP5525612,2,G,2,W,P,5,5,2,5,6,1,2,0,P,PONT,GRA,4D,6,17,3477,,0,1105,,G,,0,0,000000000,00000000000,0,0,0,1,0,0,0,0,0,0,0,56,0,0,0,12,12,4,3,8,0,0,0,1,6,93620,6,1,0,0,3,0,64,180,0,0,0,0,0,0,0,0,0,1,38,0,0,0,1,2,55,1,1,2,1,0,0,1,80,1,1,1,13,0,0
6,61720,1,1,1,18,9,19,52,8,0,1,1,6,1,24,1,24001,4,1994,1G8ZJ5575RZ3,1,G,8,Z,J,5,5,7,5,R,Z,3,0,P,STRN,SL2,4D,94,17,2308,,0,1024,,G,,0,0,000000000,00000000000,0,0,0,1,0,0,0,0,0,0,0,998,0,0,0,12,12,2,3,8,0,0,0,1,6,92336,6,1,0,0,3,0,63,145,0,0,0,0,0,0,0,0,0,0,0,0,0,0,1,2,55,1,1,2,1,0,0,1,80,1,1,1,13,0,0
6,61721,1,1,1,30,9,99,99,34,0,1,0,6,2,21,2,21002,4,1992,1G3HY53L5NH3,1,G,3,H,Y,5,3,L,5,N,H,3,0,P,OLDS,RLS,4D,92,17,3391,,0,1108,,G,,0,0,000000000,00000000000,0,0,0,1,0,0,0,0,0,0,0,999,0,0,0,12,12,6,2,34,0,0,0,1,6,93722,6,1,0,0,3,0,69,300,0,1,0,0,0,9,2009,9,2009,1,24,0,0,0,1,2,55,1,1,2,1,40,3,1,14,1,1,4,14,1,1
6,61722,1,1,2,1,10,11,15,9,0,1,0,6,3,84,881,84881,62,1998,1HTSCABM1WH5,1,H,T,S,C,A,B,M,1,W,H,5,0,T,INTL,470,CC,98,17,,6,2540,1280,40S,D,,0,6,382398,06382398,2,1,1,1,0,0,0,0,0,0,0,0,0,0,0,6,6,4,3,9,0,0,0,0,,,,,,,,,999,,,,,,,,,,,,0,0,0,0,2,2,35,1,1,2,1,40,3,0,83,0,0,0,15,0,0
6,61723,1,1,1,2,10,2,10,9,0,1,1,6,1,24,7,24007,4,2007,1G8AM15F87Z1,1,G,8,A,M,1,5,F,8,7,Z,1,0,P,STRN,SI2,C4,7,17,2796,,0,1032,,G,,0,0,000000000,00000000000,0,0,0,1,0,0,0,0,0,0,0,998,0,0,0,12,12,6,2,9,0,0,0,1,6,91340,6,1,0,0,3,3,68,200,1,0,0,1,1,8,2008,4,2009,1,91,0,0,0,1,4,35,1,1,2,1,0,0,1,83,1,1,1,13,0,1
6,61724,1,1,1,11,10,9,15,15,0,1,0,6,3,82,881,82881,66,2003,1FUBABA893DK,1,F,U,B,A,B,A,8,9,3,D,K,2,T,FRHT,FD1,DS,3,17,,7,0,0,CON,D,,1,6,12508,0612508,3,7,2,1,0,0,0,0,0,0,0,998,0,0,0,12,12,2,1,15,0,0,0,1,6,93219,6,1,6,1,3,0,64,145,0,0,0,0,0,0,0,0,0,0,0,0,0,0,1,2,98,1,1,2,1,28,3,10,80,1,1,1,13,0,0
6,61725,1,1,2,12,10,19,5,8,0,1,0,6,2,7,880,7880,67,1990,1B7ME3685LS7,1,B,7,M,E,3,6,8,5,L,S,7,0,T,DODG,D30,PK,90,17,,3,1590,1310,D30,D,,0,88,888888888,88888888888,2,1,97,1,0,0,0,0,0,0,0,36,0,0,0,12,12,2,3,8,0,0,0,1,6,93004,6,1,0,0,3,3,72,200,0,0,0,0,0,0,0,0,0,0,0,0,0,0,5,4,40,1,1,1,1,0,0,1,80,1,1,1,13,0,0
6,61726,1,1,1,12,10,19,19,8,0,1,1,99,9,13,421,13421,15,1999,999999999999,9,9,9,9,9,9,9,9,9,9,9,9,0,U,,,,9,17,,,,,,,,0,0,000000000,00000000000,0,0,0,1,0,0,0,0,0,0,0,43,0,0,0,12,12,4,1,8,0,0,0,1,99,99999,9,9,99,9,9,9,999,999,99,99,99,99,99,99,9999,99,9999,0,0,0,0,0,1,4,35,1,8,2,1,2,3,1,80,1,1,1,13,0,0
6,61727,1,2,0,12,10,21,6,12,7,1,0,6,6,37,402,37402,14,2008,JHLRE38598C0,J,H,L,R,E,3,8,5,9,8,C,0,0,P,HOND,CRV,UT,8,17,3415,,0,1031,,G,,0,0,000000000,00000000000,0,0,0,1,0,0,0,0,0,0,0,0,0,0,0,8,8,2,8,12,0,0,0,0,,,,,,,,,999,,,,,,,,,,,,20,0,0,0,1,2,25,1,8,2,1,0,0,0,98,0,0,0,48,0,0
6,61727,2,2,1,12,10,21,6,12,7,1,0,6,2,23,441,23441,20,1998,1GTDM19WXWB5,1,G,T,D,M,1,9,W,X,W,B,5,0,T,GMC,SXT,EC,98,17,,1,0,1112,SAF,G,,0,0,000000000,00000000000,0,0,0,1,0,0,0,0,0,0,0,998,0,0,0,1,2,2,3,8,0,0,0,1,6,91501,6,1,0,0,3,0,73,165,1,0,0,0,2,4,2009,10,2010,0,0,0,0,0,1,2,25,1,8,2,1,0,0,1,50,1,1,1,48,0,0
6,61728,1,1,1,13,10,1,35,8,0,1,1,99,9,99,999,99999,99,9999,999999999999,9,9,9,9,9,9,9,9,9,9,9,9,0,U,,,,9,17,,,,,,,,0,0,000000000,00000000000,0,0,0,1,0,0,0,0,0,0,0,998,0,0,0,12,12,9,1,8,0,0,0,1,99,99999,9,9,99,9,9,9,999,999,99,99,99,99,99,99,9999,99,9999,0,0,0,0,0,3,5,65,1,1,1,1,0,0,1,80,1,1,1,13,0,0
6,61729,1,1,1,23,10,15,45,9,0,1,1,6,2,42,43,42043,4,2002,WDBNG70J42A2,W,D,B,N,G,7,0,J,4,2,A,2,0,P,MERZ,S43,4D,2,17,3990,,0,1215,,G,,0,0,000000000,00000000000,0,0,0,1,0,0,0,0,0,0,0,35,0,0,0,12,12,4,3,9,0,0,0,1,6,91364,6,1,0,0,3,0,65,110,1,0,0,0,0,8,2009,8,2009,0,48,91,0,0,2,1,35,1,5,2,1,0,0,1,83,1,1,1,13,0,1
6,61730,1,1,1,24,10,3,15,8,0,1,1,99,9,99,999,99999,99,9999,999999999999,9,9,9,9,9,9,9,9,9,9,9,9,0,U,,S43,4D,9,17,3990,,0,1215,,G,,0,0,000000000,00000000000,0,0,0,1,0,0,0,0,0,0,0,998,0,0,0,98,98,9,1,8,0,0,0,1,99,99999,9,9,99,9,9,9,999,999,99,99,99,99,99,99,9999,99,9999,0,99,99,99,99,2,2,50,1,8,8,1,0,0,1,80,99,1,1,13,0,0
6,61731,1,1,5,24,10,21,55,8,0,1,0,6,6,7,482,7482,31,1997,1B7HC13Z7VJ5,1,B,7,H,C,1,3,Z,7,V,J,5,0,T,DODG,150,PC,97,17,,2,1547,1387,RPC,G,,0,0,000000000,00000000000,0,0,0,1,0,0,0,0,0,0,0,998,0,0,0,14,14,0,3,8,0,0,0,0,,,,,,,,,999,,,,,,,,,,,,0,0,0,0,1,2,55,1,8,2,2,0,0,0,3,0,0,0,15,0,0
6,61732,1,1,6,5,9,0,5,25,0,1,0,92,0,49,421,49421,15,2000,JT3HT05J5Y01,J,T,3,H,T,0,5,J,5,Y,0,1,0,P,TOYT,LCW,UT,0,17,5115,,0,1122,,G,,0,0,000000000,00000000000,0,0,0,1,0,0,0,0,0,0,0,70,0,1,3,62,62,6,2,25,0,0,0,1,6,90250,6,1,0,0,3,0,67,190,0,0,0,0,1,12,2009,12,2009,0,48,0,0,0,3,3,70,1,1,2,1,0,0,1,12,1,1,4,6,1,0
6,61733,1,1,1,5,9,0,48,1,0,1,0,6,2,48,401,48401,14,2002,JF1SF63572G7,J,F,1,S,F,6,3,5,7,2,G,7,0,P,SUBA,FOR,UT,2,17,3140,,0,994,,G,,0,0,000000000,00000000000,0,0,0,1,0,0,0,0,0,0,0,999,0,1,5,0,62,6,2,30,0,0,0,1,6,93619,6,1,0,0,3,3,72,210,0,0,0,0,0,0,0,0,0,0,48,0,0,0,1,2,55,1,1,2,1,0,0,1,10,6,1,4,6,1,0
6,61734,1,1,1,5,9,1,15,42,0,1,0,6,1,49,40,49040,4,2008,4T1BE46K48U1,4,T,1,B,E,4,6,K,4,8,U,1,0,P,TOYT,XSL,4D,8,17,3263,,0,1093,,G,,0,0,000000000,00000000000,0,0,0,1,0,0,0,0,0,0,0,999,0,1,5,98,98,6,2,42,0,0,0,1,6,93313,6,1,0,0,3,0,64,125,1,0,0,0,0,11,2009,11,2009,0,48,0,0,0,3,3,70,1,1,1,1,0,0,1,11,1,1,4,1,1,1
6,61735,1,1,3,5,9,12,52,17,0,1,0,6,1,53,405,53405,14,2004,JS3TX92V2441,J,S,3,T,X,9,2,V,2,4,4,1,0,P,SUZI,XL7,UT,4,17,3632,,0,1102,,G,,0,0,000000000,00000000000,0,0,0,1,0,0,0,0,0,0,0,35,0,1,5,12,14,6,2,17,0,0,0,1,6,93614,6,1,0,0,3,3,62,149,0,0,0,0,0,0,0,0,0,0,48,0,0,0,1,2,55,3,2,2,1,0,0,14,13,1,1,4,1,1,0
6,61736,1,1,3,5,9,15,55,1,0,1,0,6,2,41,471,41471,30,1996,4F4CR16A1TTM,4,F,4,C,R,1,6,A,1,T,T,M,0,T,MAZD,2CP,PC,96,17,,1,0,1254,B23,G,,0,0,000000000,00000000000,0,0,0,1,0,0,0,0,0,0,0,75,0,2,5,0,98,6,2,1,0,0,0,1,6,95341,0,0,0,0,0,0,68,150,0,1,0,0,0,1,2008,1,2008,1,92,48,0,0,1,2,55,3,1,2,1,0,0,14,13,1,1,4,1,2,1
6,61737,1,1,1,5,9,16,9,33,0,1,0,6,3,63,38,63038,4,2010,KNAFU4A28A51,K,N,A,F,U,4,A,2,8,A,5,1,0,P,KIA,FEX,4D,10,17,2707,,0,1043,,G,,0,0,000000000,00000000000,0,0,0,1,0,0,0,0,0,0,0,998,0,0,0,14,0,9,3,3,0,0,0,1,6,95991,6,1,0,0,3,0,67,185,1,0,0,0,0,5,2009,5,2009,0,48,0,0,0,1,2,25,1,1,2,1,20,3,3,13,1,1,4,1,1,0
6,61738,1,2,3,5,9,21,45,12,6,1,1,6,2,49,32,49032,4,2003,JTDBR32E8300,J,T,D,B,R,3,2,E,8,3,0,0,0,P,TOYT,EEL,4D,3,17,2502,,0,1024,,G,,0,0,000000000,00000000000,0,0,0,1,0,0,0,0,0,0,0,999,0,0,0,4,4,6,2,12,0,0,0,1,6,95206,0,0,0,0,0,0,67,130,0,0,0,0,0,0,0,0,0,0,92,39,0,0,1,4,45,1,1,2,1,3,3,11,15,1,1,2,68,0,0
6,61738,2,2,1,5,9,21,45,12,6,1,0,6,1,53,706,53706,80,2006,JS1GT76A0621,J,S,1,G,T,7,6,A,0,6,2,1,0,M,SUZI,XR1,RS,6,17,,,,,,,999,0,0,000000000,00000000000,0,0,0,1,0,0,0,0,0,0,0,30,0,0,0,12,12,6,2,12,0,0,0,1,6,95624,6,1,0,0,2,0,66,150,0,0,0,0,0,0,0,0,0,0,92,0,0,0,1,4,45,1,1,2,1,3,3,1,62,1,1,1,69,1,0
6,61739,1,2,2,6,9,0,25,12,6,1,0,6,1,37,32,37032,4,1997,1HGCD5631VA2,1,H,G,C,D,5,6,3,1,V,A,2,0,P,HOND,ULE,4D,97,17,2864,,0,1069,,G,,0,0,000000000,00000000000,0,0,0,1,0,0,0,0,0,0,0,70,0,0,0,81,81,6,2,12,0,0,0,1,6,95380,6,1,0,0,3,0,70,180,1,0,0,0,1,9,2009,3,2010,0,39,0,0,0,1,2,35,1,1,2,1,20,3,1,17,1,1,1,87,1,1
6,61739,2,2,1,6,9,0,25,12,6,1,0,6,3,82,883,82883,66,1994,1FUKBMCA1RP5,1,F,U,K,B,M,C,A,1,R,P,5,2,T,FRHT,FLB,DS,94,17,,7,0,0,COE,D,,1,57,234182,57234182,3,7,97,1,0,0,0,0,0,0,0,35,0,0,0,12,12,4,3,12,0,0,0,1,6,95307,6,1,6,1,3,0,66,184,0,0,0,0,1,2,2010,2,2010,0,0,0,0,0,1,2,40,1,1,2,1,0,0,1,66,1,1,1,86,0,0
6,61740,1,1,1,6,9,2,20,1,0,1,0,6,2,20,22,20022,4,2006,1G1AK55F9678,1,G,1,A,K,5,5,F,9,6,7,8,0,P,CHEV,BLS,4D,6,17,3216,,0,1033,,G,,0,0,000000000,00000000000,0,0,0,1,0,0,0,0,0,0,0,999,0,2,5,0,13,6,2,1,0,0,0,1,6,93648,3,1,0,0,2,0,70,185,0,0,0,0,0,0,0,0,0,0,92,48,0,0,1,2,55,1,1,2,1,0,0,1,13,7,1,4,1,1,1
6,61741,1,2,1,6,9,8,45,12,6,1,0,6,1,49,482,49482,31,2000,5TBBT4411YS1,5,T,B,B,T,4,4,1,1,Y,S,1,0,T,TOYT,TRS,4C,0,17,,2,0,1283,TUN,G,,0,0,000000000,00000000000,0,0,0,1,0,0,0,0,0,0,0,58,0,0,0,12,12,6,2,12,0,0,0,1,6,95927,6,1,0,0,3,0,71,170,0,0,0,2,1,10,2008,10,2009,0,39,0,0,0,1,2,55,1,1,2,1,20,3,1,17,1,1,1,86,1,0
6,61741,2,2,1,6,9,8,45,12,6,1,0,6,1,12,481,12481,31,2008,1FTSX21R18EA,1,F,T,S,X,2,1,R,1,8,E,A,1,T,FORD,F2S,4C,8,17,,2,1580,1420,SRW,D,,1,0,000000000,00000000000,0,0,0,1,0,0,0,0,0,0,0,998,0,0,0,5,5,4,3,12,0,0,0,1,6,96021,6,1,0,0,3,3,74,240,0,0,0,0,1,4,2009,4,2009,0,0,0,0,0,1,2,55,1,1,2,1,0,0,1,66,1,1,1,87,0,0
6,61742,1,3,3,6,9,10,50,12,1,1,0,6,2,59,403,59403,14,2009,2T2GK31U89C0,2,T,2,G,K,3,1,U,8,9,C,0,0,P,LEXS,RX5,UT,9,17,3870,,0,1069,,G,,0,0,000000000,00000000000,0,0,0,1,0,0,0,0,0,0,0,60,0,0,0,12,12,6,2,12,0,0,0,1,6,91356,6,1,0,0,3,3,71,190,0,0,0,0,0,0,0,0,0,1,0,0,0,0,3,4,65,1,1,2,1,0,0,1,50,6,1,1,42,0,0
6,61742,2,3,1,6,9,10,50,12,1,1,0,6,6,21,20,21020,4,1993,1G3AG54N6P64,1,G,3,A,G,5,4,N,6,P,6,4,0,P,OLDS,CIS,4D,93,17,2776,,0,1049,,G,,0,0,000000000,00000000000,0,0,0,1,0,0,0,0,0,0,0,0,0,0,0,6,6,6,2,12,0,0,0,0,,,,,,,,,999,,,,,,,,,,,,20,0,0,0,3,4,65,1,1,2,1,0,0,0,98,0,0,0,42,1,0
6,61742,3,3,4,6,9,10,50,12,1,1,0,6,3,12,481,12481,31,2005,1FTRX12W05KD,1,F,T,R,X,1,2,W,0,5,K,D,0,T,FORD,F15,4C,5,17,,2,1450,1260,COF,G,,0,0,000000000,00000000000,0,0,0,1,0,0,0,0,0,0,0,55,0,0,0,62,62,2,1,54,0,0,0,1,6,91343,6,1,0,0,3,3,66,155,0,0,0,0,0,0,0,0,0,0,0,0,0,0,3,4,65,1,1,2,1,0,0,1,61,1,1,1,98,0,0
6,61743,1,1,10,6,9,12,10,1,0,1,0,6,2,23,421,23421,15,2003,1GKEC13V13R1,1,G,K,E,C,1,3,V,1,3,R,1,0,T,GMC,YUK,4W,3,17,,2,0,1160,YUK,G,,0,0,000000000,00000000000,0,0,0,1,0,0,0,0,0,0,0,48,0,2,1,0,0,6,2,1,0,0,0,1,6,92392,6,1,0,0,3,0,72,180,0,0,0,0,0,0,0,0,0,1,26,0,0,0,1,2,55,1,1,2,1,0,0,1,51,6,1,6,98,1,0
6,61744,1,2,1,6,9,16,30,12,6,1,0,6,2,76,733,76733,90,2001,5Y4AG01Y21A0,5,Y,4,A,G,0,1,Y,2,1,A,0,0,M,YAMA,Y2X,AT,1,17,,,,,,,230,0,0,000000000,00000000000,0,0,0,1,0,0,0,0,0,0,0,999,0,0,0,82,82,6,2,12,0,0,0,1,6,93212,0,0,0,0,0,0,60,95,0,0,0,0,0,0,0,0,0,0,92,38,0,0,1,2,45,1,1,2,1,0,0,1,17,1,1,1,87,1,0
6,61744,2,2,2,6,9,16,30,12,6,1,0,6,1,12,481,12481,31,2007,1FTPW12567KD,1,F,T,P,W,1,2,5,6,7,K,D,0,T,FORD,F1S,CW,7,17,,2,0,1390,COF,G,,0,0,000000000,00000000000,0,0,0,1,0,0,0,0,0,0,0,58,0,0,0,12,12,6,2,12,0,0,0,1,6,93212,6,1,0,0,3,0,68,190,0,0,0,0,4,4,2009,4,2010,0,51,0,0,0,1,2,45,1,1,2,1,0,0,6,66,1,1,1,86,0,0
6,61745,1,1,2,7,9,2,54,35,0,1,0,92,0,30,42,30042,3,2002,9BWPG61J1240,9,B,W,P,G,6,1,J,1,2,4,0,0,P,VOLK,GV6,2H,2,17,2923,,0,989,,G,,0,0,000000000,00000000000,0,0,0,1,0,0,0,0,0,0,0,998,0,1,5,98,98,6,2,1,0,0,0,1,6,96003,6,1,0,0,3,0,69,144,0,0,0,0,0,0,0,0,0,0,48,51,24,0,1,2,40,4,1,2,1,0,0,14,12,1,1,4,6,1,1
6,61746,1,1,1,7,9,14,5,1,0,1,0,6,1,12,481,12481,31,2005,1FTPW14505FB,1,F,T,P,W,1,4,5,0,5,F,B,0,T,FORD,F1S,CW,5,17,,2,1450,1260,COF,G,,0,0,000000000,00000000000,0,0,0,1,0,0,0,0,0,0,0,998,0,1,5,0,0,6,2,1,0,0,0,1,6,95982,6,1,0,0,3,0,72,200,0,0,0,0,1,6,2009,6,2009,1,0,0,0,0,1,2,55,3,2,2,1,0,0,14,12,6,1,4,6,1,1
6,61747,1,1,2,7,9,16,10,59,0,1,0,6,3,20,481,20481,31,2004,1GCHK23264F2,1,G,C,H,K,2,3,2,6,4,F,2,0,T,CHEV,2KH,CW,4,17,,2,1670,1530,SIL,D,,0,0,000000000,00000000000,0,0,0,1,0,0,0,0,0,0,0,998,0,1,5,99,61,6,2,1,0,0,0,1,6,94550,6,1,0,0,3,3,62,140,0,0,0,0,0,0,0,0,0,0,48,0,0,0,2,2,70,2,1,2,1,0,0,14,13,7,1,4,6,1,0