STATE,ST_CASE,VEH_NO,VE_FORMS,NUMOCCS,DAY,MONTH,HOUR,MINUTE,HARM_EV,MAN_COLL,UNITTYPE,HIT_RUN,REG_STAT,OWNER,MAKE,MODEL,MAK_MOD,BODY_TYP,MOD_YEAR,VIN,VIN_1,VIN_2,VIN_3,VIN_4,VIN_5,VIN_6,VIN_7,VIN_8,VIN_9,VIN_10,VIN_11,VIN_12,TOW_VEH,VINTYPE,VINMAKE,VINA_MOD,VIN_BT,VINMODYR,VIN_LNGT,VIN_WGT,WGTCD_TR,WHLBS_LG,WHLBS_SH,SER_TR,FUELCODE,MCYCL_DS,J_KNIFE,MCARR_I1,MCARR_I2,MCARR_ID,GVWR,V_CONFIG,CARGO_BT,HAZ_INV,HAZ_PLAC,HAZ_ID,HAZ_CNO,HAZ_REL,BUS_USE,SPEC_USE,EMER_USE,TRAV_SP,UNDERIDE,ROLLOVER,ROLINLOC,IMPACT1,IMPACT2,DEFORMED,TOWED,M_HARM,VEH_SC1,VEH_SC2,FIRE_EXP,DR_PRES,L_STATE,DR_ZIP,L_STATUS,L_TYPE,CDL_STAT,L_ENDORS,L_COMPL,L_RESTRI,DR_HGT,DR_WGT,PREV_ACC,PREV_SUS,PREV_DWI,PREV_SPD,PREV_OTH,FIRST_MO,FIRST_YR,LAST_MO,LAST_YR,SPEEDREL,DR_SF1,DR_SF2,DR_SF3,DR_SF4,VTRAFWAY,VNUM_LAN,VSPD_LIM,VALIGN,VPROFILE,VPAVETYP,VSURCOND,VTRAFCON,VTCONT_F,P_CRASH1,P_CRASH2,P_CRASH3,PCRASH4,PCRASH5,ACC_TYPE,DEATHS,DR_DRINK
6,61931,1,2,1,28,10,21,33,8,0,1,0,6,1,24,2,24002,2,1999,1G8ZH1270XZ1,1,G,8,Z,H,1,2,7,0,X,Z,1,0,P,STRN,SC2,CP,99,17,2419,,0,1024,,G,,0,0,000000000,00000000000,0,0,0,1,0,0,0,0,0,0,0,998,0,0,0,12,12,4,1,8,0,0,0,1,48,92277,6,1,0,0,3,0,72,140,0,0,0,0,0,0,0,0,0,0,0,0,0,0,5,4,50,1,1,2,1,0,0,1,80,1,1,1,13,0,0
6,61931,2,2,1,28,10,21,33,8,0,1,1,17,2,20,24,20024,6,2009,1GNER23D19S1,1,G,N,E,R,2,3,D,1,9,S,1,0,P,CHEV,TRV,UT,9,17,4790,,0,1189,,G,,0,0,000000000,00000000000,0,0,0,1,0,0,0,0,0,0,0,50,0,0,0,14,14,2,1,8,0,0,0,1,17,92277,6,1,0,0,3,0,62,145,0,0,0,0,1,4,2008,4,2008,0,0,0,0,0,5,4,50,1,1,2,1,0,0,1,80,1,1,1,98,0,0
6,61932,1,1,1,5,11,6,21,8,0,1,1,99,9,49,43,49043,4,1995,999999999999,9,9,9,9,9,9,9,9,9,9,9,9,0,U,,,,9,17,,,,,,,,0,0,000000000,00000000000,0,0,0,1,0,0,0,0,0,0,0,999,0,0,0,12,12,9,1,8,99,99,0,1,99,99999,9,9,99,9,9,9,999,999,99,99,99,99,99,99,9999,99,9999,0,38,0,0,0,2,2,35,1,1,2,1,0,0,1,80,1,1,1,13,0,0
6,61933,1,1,1,6,11,19,8,8,0,1,0,6,1,49,32,49032,4,1995,1NXAE09B8SZ3,1,N,X,A,E,0,9,B,8,S,Z,3,0,P,TOYT,LED,4D,95,17,2381,,0,970,,G,,0,0,000000000,00000000000,0,0,0,1,0,0,0,0,0,0,0,38,0,0,0,12,12,2,1,8,0,0,0,1,6,95691,6,1,0,0,3,3,69,135,0,0,0,0,0,0,0,0,0,0,0,0,0,0,5,4,35,1,1,2,1,0,0,1,80,1,1,1,13,0,0
6,61934,1,1,1,7,11,6,36,42,0,1,0,6,2,49,472,49472,30,1996,4TANL42N6TZ1,4,T,A,N,L,4,2,N,6,T,Z,1,0,T,TOYT,REG,PK,96,17,,1,0,1033,TAC,G,,0,0,000000000,00000000000,0,0,0,1,0,0,0,0,0,0,0,998,0,0,0,12,12,6,2,42,0,0,0,1,6,90201,6,1,0,0,3,0,66,195,0,0,0,1,0,4,2010,4,2010,0,48,0,0,0,2,3,40,1,8,2,1,0,0,1,12,1,1,4,6,1,0
6,61935,1,1,2,7,11,20,24,8,0,1,0,6,1,49,40,49040,4,1995,4T1GK12E0SU0,4,T,1,G,K,1,2,E,0,S,U,0,0,P,TOYT,CLE,4D,95,17,3241,,0,1031,,G,,0,0,000000000,00000000000,0,0,0,1,0,0,0,0,0,0,0,31,0,0,0,12,12,4,3,8,0,0,0,1,6,94560,6,1,0,0,3,1,62,130,0,0,0,0,0,0,0,0,0,0,0,0,0,0,2,3,40,1,1,2,2,0,0,1,80,8,2,1,13,0,0
6,61936,1,1,1,8,11,3,30,8,0,1,0,6,1,49,482,49482,31,2000,5TBJN321XYS0,5,T,B,J,N,3,2,1,X,Y,S,0,0,T,TOYT,TUN,PK,0,17,,1,0,1283,TUN,G,,0,0,000000000,00000000000,0,0,0,1,0,0,0,0,0,0,0,998,0,0,0,12,12,4,3,8,0,0,0,1,6,90220,6,1,6,0,3,0,66,160,0,0,0,1,0,7,2010,7,2010,0,0,0,0,0,1,4,35,1,6,2,2,3,3,1,80,1,1,1,13,0,0
6,61937,1,1,1,8,11,3,40,8,0,1,1,99,9,99,999,99999,99,9999,999999999999,9,9,9,9,9,9,9,9,9,9,9,9,0,U,,,,9,17,,,,,,,,0,0,000000000,00000000000,0,0,0,1,0,0,0,0,99,99,9,999,0,0,0,99,99,9,1,8,99,99,0,1,99,99999,9,9,99,9,9,9,999,999,99,99,99,99,99,99,9999,99,9999,1,99,99,99,99,1,4,35,1,1,2,2,0,0,99,80,99,9,9,13,0,0
6,61938,1,2,1,8,11,18,22,8,0,1,0,6,1,20,471,20471,30,1999,1GCCS1448X81,1,G,C,C,S,1,4,4,8,X,8,1,0,T,CHEV,S14,PK,99,17,,1,1179,1083,S,G,,0,0,000000000,00000000000,0,0,0,1,0,0,0,0,0,0,0,55,0,0,0,12,12,6,2,8,0,0,0,1,6,93276,6,1,0,0,3,3,68,170,0,0,0,0,0,0,0,0,0,0,0,0,0,0,1,2,55,1,1,2,1,0,0,1,80,1,1,1,13,0,0
6,61938,2,2,2,8,11,18,22,8,0,1,0,6,1,23,481,23481,31,2002,1GTEC19V62Z2,1,G,T,E,C,1,9,V,6,2,Z,2,0,T,GMC,NC1,4C,2,17,,2,1575,1435,SIE,G,,0,0,000000000,00000000000,0,0,0,1,0,0,0,0,0,0,0,55,0,0,0,14,14,0,1,8,0,0,0,1,6,93304,6,1,0,0,3,0,71,180,0,0,0,0,0,0,0,0,0,0,0,0,0,0,1,2,55,1,1,2,2,0,0,1,80,1,1,1,98,0,0
6,61939,1,1,1,1,12,1,53,30,0,1,0,6,1,20,16,20016,4,1997,1G1JF5247V72,1,G,1,J,F,5,2,4,7,V,7,2,0,P,CHEV,CAS,4D,97,17,2729,,0,1041,,G,,0,0,000000000,00000000000,0,0,0,1,0,0,0,0,0,0,0,75,0,1,5,9,9,6,2,1,0,0,0,1,6,95501,6,1,0,0,3,0,67,150,0,0,0,0,0,0,0,0,0,1,48,0,0,0,2,2,40,1,1,1,2,0,0,1,6,6,3,4,2,1,1
6,61940,1,1,1,1,12,1,23,8,0,1,0,6,3,49,46,49046,5,2008,JTDKB20U6877,J,T,D,K,B,2,0,U,6,8,7,7,0,P,TOYT,PRI,4H,8,17,2932,,0,1063,,B,,0,0,000000000,00000000000,0,0,0,1,0,0,0,0,0,0,0,65,0,0,0,12,12,4,3,8,36,0,0,1,6,94404,6,1,0,0,3,3,68,140,0,0,0,0,0,0,0,0,0,0,0,0,0,0,3,5,65,1,1,2,1,0,0,1,80,1,1,1,13,0,0
6,61941,1,1,5,28,11,19,39,8,0,1,0,6,1,49,44,49044,2,2000,2T1CG28P7YC3,2,T,1,C,G,2,8,P,7,Y,C,3,0,P,TOYT,CRE,CP,0,17,3120,,0,1051,,G,,0,0,000000000,00000000000,0,0,0,1,0,0,0,0,0,0,0,998,0,0,0,12,12,4,4,8,0,0,0,1,6,95757,1,1,0,0,2,3,67,260,0,2,0,0,0,12,2007,7,2009,0,92,0,0,0,5,2,25,1,8,8,1,0,0,1,80,1,1,1,13,0,0
6,61942,1,1,1,27,11,19,50,8,0,1,0,6,1,55,41,55041,2,2010,KMHHU6KH1AU0,K,M,H,H,U,6,K,H,1,A,U,0,0,P,HYUN,GC3,CP,10,17,3389,,0,1110,,G,,0,0,000000000,00000000000,0,0,0,1,0,0,0,0,0,0,0,998,0,0,0,12,12,4,3,8,0,0,0,1,6,90755,6,1,0,0,3,3,62,108,0,0,0,0,1,3,2009,3,2009,0,0,0,0,0,1,4,45,1,8,8,2,3,3,1,80,1,1,1,13,0,0
6,61943,1,1,1,27,11,16,15,19,0,1,0,6,2,35,43,35043,4,2002,3N1AB51D02L7,3,N,1,A,B,5,1,D,0,2,L,7,0,P,NISS,SSR,4D,2,17,2652,,0,998,,G,,0,0,000000000,00000000000,0,0,0,1,0,0,0,0,0,0,0,998,0,0,0,12,12,6,2,8,0,0,0,1,6,90650,3,1,0,0,2,0,71,175,0,0,0,0,0,0,0,0,0,1,48,0,0,0,1,2,35,1,8,8,1,3,3,11,6,1,7,4,7,0,0
6,61944,1,2,1,27,11,11,8,14,0,1,0,6,1,12,17,12017,4,2002,1FAFP53U02G2,1,F,A,F,P,5,3,U,0,2,G,2,0,P,FORD,TSE,4D,2,17,3355,,0,1085,,G,,0,0,000000000,00000000000,0,0,0,1,0,0,0,0,0,0,0,70,0,0,0,6,6,6,2,8,0,0,0,1,6,90805,6,1,0,0,3,0,76,340,2,0,0,0,0,2,2009,8,2009,1,0,0,0,0,3,4,65,1,6,1,1,0,0,15,6,4,7,4,98,0,0
6,61944,3,2,1,27,11,11,8,14,0,1,0,6,1,23,481,23481,31,2002,2GTEC19T5212,2,G,T,E,C,1,9,T,5,2,1,2,0,T,GMC,NC1,4C,2,17,,2,1575,1435,SIE,G,,0,0,000000000,00000000000,0,0,0,1,0,0,0,0,0,0,0,70,0,0,0,3,3,2,1,12,0,0,0,1,6,91739,6,1,0,0,3,3,72,170,0,0,0,0,0,0,0,0,0,0,0,0,0,0,3,4,65,1,6,1,1,0,0,1,61,99,1,1,98,0,0
6,61945,1,1,1,12,11,17,28,8,0,1,0,6,1,12,481,12481,31,2005,1FTPW14595KF,1,F,T,P,W,1,4,5,9,5,K,F,0,T,FORD,F1S,CW,5,17,,2,1450,1260,COF,G,,0,0,000000000,00000000000,0,0,0,1,0,0,0,0,0,0,0,28,0,0,0,12,12,2,1,8,0,0,0,1,6,95842,6,1,0,0,3,0,72,200,1,0,0,0,0,10,2010,10,2010,1,0,0,0,0,5,4,40,1,1,1,1,0,0,1,80,3,2,1,13,0,0
6,61946,1,1,3,13,11,17,35,8,0,1,0,6,2,14,38,14038,3,2000,1ZWFT6033Y56,1,Z,W,F,T,6,0,3,3,Y,5,6,0,P,MERC,CU4,2H,0,17,2829,,0,1064,,G,,0,0,000000000,00000000000,0,0,0,1,0,0,0,0,0,0,0,50,0,0,0,12,12,6,2,8,0,0,0,1,6,96035,6,1,0,0,3,0,58,119,0,0,0,0,0,0,0,0,0,0,0,0,0,0,1,2,50,1,1,2,1,0,0,1,80,9,2,1,13,0,0
6,61947,1,2,1,14,11,17,30,12,7,1,0,6,2,12,471,12471,30,1994,1FTCR14U1RPA,1,F,T,C,R,1,4,U,1,R,P,A,0,T,FORD,RNS,PS,94,17,,1,0,1250,RNG,G,,0,0,000000000,00000000000,0,0,0,1,0,0,0,0,0,0,0,38,0,0,0,82,82,2,1,8,0,0,0,1,6,93308,6,1,0,0,3,0,73,170,0,0,0,0,0,0,0,0,0,1,91,0,0,0,1,2,45,1,8,8,1,0,0,1,50,1,1,1,44,0,0
6,61947,2,2,1,14,11,17,30,12,7,1,0,6,1,7,482,7482,31,2010,3D7UT2CLXAG1,3,D,7,U,T,2,C,L,X,A,G,1,0,T,DODG,250,CW,10,17,,2,1690,1490,RPC,D,,0,0,000000000,00000000000,0,0,0,1,0,0,0,0,0,0,0,0,0,0,0,7,9,2,1,12,0,0,0,1,6,93308,6,1,6,0,3,3,72,360,0,0,0,0,0,0,0,0,0,0,0,0,0,0,1,2,45,1,8,8,1,0,0,5,51,1,1,1,45,0,0
6,61948,1,1,1,14,11,18,3,8,0,1,0,6,1,12,3,12003,3,1993,1FACP42E8PF1,1,F,A,C,P,4,2,E,8,P,F,1,0,P,FORD,MCG,2H,93,17,3144,,0,1005,,G,,0,0,000000000,00000000000,0,0,0,1,0,0,0,0,0,0,0,998,0,0,0,12,12,4,3,8,0,0,0,1,6,93307,6,1,0,0,3,0,66,192,0,0,0,0,0,0,0,0,0,0,0,0,0,0,2,3,40,1,8,2,1,0,0,1,80,1,1,1,13,0,0
6,61949,1,1,3,14,11,19,53,42,0,1,0,6,2,20,9,20009,2,1995,2G1FP22P7S21,2,G,1,F,P,2,2,P,7,S,2,1,0,P,CHEV,Z28,CP,95,17,3390,,0,1011,,G,,0,0,000000000,00000000000,0,0,0,1,0,0,0,0,0,0,0,998,0,0,0,12,12,6,2,42,0,0,0,1,6,91104,1,1,0,0,2,0,69,175,1,2,0,0,0,12,2008,10,2009,0,48,92,91,0,1,2,30,1,8,2,1,0,0,3,13,6,1,4,8,1,0
6,61950,1,1,1,16,11,5,3,8,0,1,1,99,9,99,999,99999,99,9999,999999999999,9,9,9,9,9,9,9,9,9,9,9,9,0,U,,,,9,17,,,,,,,,0,0,000000000,00000000000,0,0,0,1,0,0,0,0,0,0,0,998,0,0,0,98,98,9,1,8,0,0,0,1,99,99999,9,9,99,9,9,9,999,999,99,99,99,99,99,99,9999,99,9999,0,0,0,0,0,1,3,45,1,8,2,1,0,0,1,80,99,1,1,13,0,0
6,61951,1,1,2,16,11,17,25,15,0,1,0,6,1,20,498,20498,30,1971,136801L14367,1,3,6,8,0,1,L,1,4,3,6,7,0,P,,,,,,,,,,,,,0,0,000000000,00000000000,0,0,0,1,0,0,0,0,0,0,0,35,0,0,0,98,98,2,3,15,0,0,0,1,6,91709,6,1,6,0,3,1,70,160,0,0,0,0,0,0,0,0,0,0,38,0,0,0,1,2,40,1,1,2,1,0,0,1,80,1,1,1,13,0,0
6,61953,1,1,1,27,6,18,39,8,0,1,0,6,2,49,32,49032,4,2004,1NXBR32E44Z2,1,N,X,B,R,3,2,E,4,4,Z,2,0,P,TOYT,UCS,4D,4,17,2502,,0,1024,,G,,0,0,000000000,00000000000,0,0,0,1,0,0,0,0,0,0,0,80,0,0,0,12,12,6,2,8,0,0,0,1,6,93446,1,1,0,0,2,0,70,140,2,4,0,2,1,5,2008,6,2010,1,92,48,0,0,1,2,55,2,1,2,1,0,0,14,6,8,4,2,13,0,0
6,61954,1,1,3,21,11,2,25,8,0,1,1,6,2,3,431,3431,16,2006,5GRGN23U56H1,5,G,R,G,N,2,3,U,5,6,H,1,0,T,HUMM,HH2,4W,6,17,,2,0,1228,HUM,G,,0,0,000000000,00000000000,0,0,0,1,0,0,0,0,0,0,0,999,0,0,0,12,12,2,1,8,0,0,0,1,6,92410,3,1,0,0,2,3,66,150,0,0,0,0,0,0,0,0,0,0,92,38,0,0,1,2,25,1,1,2,1,2,3,11,80,1,1,1,13,0,1
6,61955,1,1,1,22,11,17,25,9,0,1,0,6,1,49,33,49033,3,2000,JTDDR32T7Y00,J,T,D,D,R,3,2,T,7,Y,0,0,0,P,TOYT,CGF,2L,0,17,2425,,0,1023,,G,,0,0,000000000,00000000000,0,0,0,1,0,0,0,0,0,0,0,998,0,0,0,12,12,4,3,9,0,0,0,1,6,95355,6,1,0,0,3,0,68,300,0,0,0,0,0,0,0,0,0,0,99,99,99,99,1,2,35,1,1,2,1,0,0,1,80,1,1,1,13,0,0
6,61956,1,1,1,22,11,18,30,9,0,1,1,99,9,99,999,99999,99,9999,999999999999,9,9,9,9,9,9,9,9,9,9,9,9,0,U,,,,9,17,,,,,,,,0,0,000000000,00000000000,0,0,0,1,0,0,0,0,0,0,0,998,0,0,0,12,12,9,1,9,0,0,0,1,99,99999,9,9,99,9,9,9,999,999,99,99,99,99,99,99,9999,99,9999,1,0,0,0,0,1,2,35,1,1,2,2,0,0,1,80,99,1,1,13,0,0
6,61957,1,1,1,23,11,17,15,15,0,1,0,6,1,49,40,49040,4,2004,4T1BE32K94U8,4,T,1,B,E,3,2,K,9,4,U,8,0,P,TOYT,UXS,4D,4,17,3086,,0,1071,,G,,0,0,000000000,00000000000,0,0,0,1,0,0,0,0,0,0,0,998,0,0,0,12,12,4,3,15,0,0,0,1,6,92020,6,1,0,0,3,0,72,200,0,0,0,0,0,0,0,0,0,0,0,0,0,0,5,4,40,1,1,1,1,0,0,1,80,1,1,1,13,0,0
6,61958,1,1,1,23,11,17,22,8,0,1,0,6,1,37,32,37032,4,2001,1HGCG66541A1,1,H,G,C,G,6,6,5,4,1,A,1,0,P,HOND,ULX,4D,1,17,3031,,0,1069,,G,,0,0,000000000,00000000000,0,0,0,1,0,0,0,0,0,0,0,998,0,0,0,12,12,4,1,8,0,0,0,1,6,91764,6,1,0,0,3,3,67,175,0,0,0,0,0,0,0,0,0,0,0,0,0,0,2,2,40,1,1,2,1,0,0,1,80,1,1,1,13,0,0
6,61959,1,3,3,23,11,21,13,12,6,1,0,6,2,14,401,14401,14,2004,4M2ZU86K14UJ,4,M,2,Z,U,8,6,K,1,4,U,J,0,P,MERC,MOU,UT,4,17,4433,,0,1138,,F,,0,0,000000000,00000000000,0,0,0,1,0,0,0,0,0,0,0,94,0,1,1,12,12,6,2,12,0,0,0,1,6,95621,0,0,0,0,0,0,70,140,0,0,0,0,0,0,0,0,0,1,92,39,37,0,5,4,40,1,1,2,1,2,3,1,17,1,1,1,69,0,0
6,61959,2,3,2,23,11,21,13,12,6,1,0,6,2,24,1,24001,4,2001,1G8ZF52831Z2,1,G,8,Z,F,5,2,8,3,1,Z,2,0,P,STRN,SSL,4D,1,17,2332,,0,1024,,G,,0,0,000000000,00000000000,0,0,0,1,0,0,0,0,0,0,0,998,0,0,0,3,3,6,2,12,0,0,0,1,6,95841,6,1,0,0,3,0,62,200,0,0,0,0,0,0,0,0,0,0,0,0,0,0,5,4,40,1,1,2,1,2,3,11,15,1,1,1,68,1,0
6,61959,3,3,1,23,11,21,13,12,6,1,0,6,2,37,402,37402,14,2001,JHLRD18751C0,J,H,L,R,D,1,8,7,5,1,C,0,0,P,HOND,CRV,UT,1,17,3254,,0,1032,,G,,0,0,000000000,00000000000,0,0,0,1,0,0,0,0,0,0,0,998,0,0,0,12,12,4,3,12,0,0,0,1,6,95841,6,1,0,0,3,0,63,125,0,0,0,0,0,0,0,0,0,0,0,0,0,0,5,4,40,1,1,2,1,2,3,11,15,1,1,1,98,0,0
6,61960,1,2,1,27,11,2,10,12,1,1,0,6,1,49,442,49442,20,2008,5TDZK22C78S1,5,T,D,Z,K,2,2,C,7,8,S,1,0,P,TOYT,SIE,SV,8,17,4266,,0,1193,,G,,0,0,000000000,00000000000,0,0,0,1,0,0,0,0,0,0,0,50,0,0,0,12,12,6,2,8,0,0,0,1,6,95838,6,1,0,0,3,3,64,130,0,0,0,0,0,0,0,0,0,1,0,0,0,0,3,3,65,1,1,1,1,0,0,1,50,1,1,1,32,0,0
6,61960,2,2,1,27,11,2,10,12,1,1,0,6,6,54,31,54031,3,1986,JH4DA1845GS0,J,H,4,D,A,1,8,4,5,G,S,0,0,P,ACUR,IRS,4H,86,17,2348,,0,992,,G,,0,0,000000000,00000000000,0,0,0,1,0,0,0,0,0,0,0,0,0,0,0,6,6,6,2,12,0,0,0,0,,,,,,,,,999,,,,,,,,,,,,20,0,0,0,3,3,65,1,1,1,1,0,0,0,53,0,0,0,32,0,0
6,61961,1,1,1,27,11,6,34,8,0,1,0,6,1,12,481,12481,31,2002,1FTRX18L22NB,1,F,T,R,X,1,8,L,2,2,N,B,0,T,FORD,F15,4C,2,17,,2,1574,1388,COF,G,,0,0,000000000,00000000000,0,0,0,1,0,0,0,0,0,0,0,998,0,0,0,12,12,2,1,8,0,0,0,1,6,95843,6,1,6,0,3,0,73,230,0,0,0,0,0,0,0,0,0,0,0,0,0,0,1,2,50,1,1,1,2,0,0,1,80,1,1,1,13,0,0
6,61962,1,2,1,1,12,9,50,14,0,1,0,6,1,49,40,49040,4,2007,JTNBB46K5730,J,T,N,B,B,4,6,K,5,7,3,0,0,P,TOYT,CHY,4D,7,17,3680,,0,1093,,B,,0,0,000000000,00000000000,0,0,0,1,0,0,0,0,0,0,0,999,0,0,0,12,12,6,2,12,0,0,0,1,6,95670,6,1,0,0,3,0,64,109,0,0,0,0,0,0,0,0,0,0,48,0,0,0,3,4,65,1,1,1,1,29,3,1,12,99,1,4,6,1,0
6,61962,3,2,1,1,12,9,50,14,0,1,0,6,3,20,461,20461,21,2008,1GCFG1541812,1,G,C,F,G,1,5,4,1,8,1,2,0,T,CHEV,E15,CG,8,17,,2,0,1350,EXP,F,,0,0,000000000,00000000000,0,0,0,1,0,0,0,0,0,0,0,998,0,0,0,63,63,2,3,12,0,0,0,1,6,95619,6,1,0,0,3,0,66,150,0,0,0,0,0,0,0,0,0,0,0,0,0,0,3,4,65,1,1,1,1,29,3,1,53,1,1,1,98,0,0
6,61963,1,1,1,1,12,17,30,8,0,1,1,99,9,99,999,99999,99,9999,999999999999,9,9,9,9,9,9,9,9,9,9,9,9,0,U,,,,9,17,,,,,,,,0,0,000000000,00000000000,0,0,0,1,0,0,0,0,0,0,0,999,0,0,0,99,99,9,1,8,0,0,0,1,99,99999,9,9,99,0,9,9,999,999,99,99,99,99,99,99,9999,99,9999,9,99,99,99,99,1,4,35,1,1,2,1,0,0,1,80,99,1,9,13,0,0
6,61964,1,1,1,12,12,20,1,8,0,1,1,99,9,99,999,99999,99,9999,999999999999,9,9,9,9,9,9,9,9,9,9,9,9,0,U,,,,9,17,,,,,,,,0,0,000000000,00000000000,0,0,0,1,0,0,0,0,0,0,0,999,0,0,0,99,99,9,1,8,0,0,0,1,99,99999,9,9,99,0,9,9,999,999,99,99,99,99,99,99,9999,99,9999,9,99,99,99,99,5,4,40,1,1,2,1,0,0,1,80,99,1,1,13,0,0
6,61965,1,1,1,13,12,2,45,8,0,1,0,6,4,84,881,84881,66,2009,2HSCSAPN49C0,2,H,S,C,S,A,P,N,4,9,C,0,1,T,INTL,PPR,DS,9,17,,7,0,0,PRO,D,,1,57,670159,57670159,3,6,1,1,0,0,0,0,0,0,0,55,0,0,0,12,12,2,1,8,0,0,0,1,6,92592,6,1,6,0,3,0,76,285,0,0,0,0,0,0,0,0,0,0,0,0,0,0,2,3,55,1,1,2,1,0,0,1,80,1,1,1,13,0,0
6,61966,1,1,2,13,12,17,10,8,0,1,0,6,1,49,472,49472,30,2001,5TEGN92N31Z7,5,T,E,G,N,9,2,N,3,1,Z,7,0,T,TOYT,DCP,CW,1,17,,1,0,1219,TAC,G,,0,0,000000000,00000000000,0,0,0,1,0,0,0,0,0,0,0,998,0,0,0,12,12,0,3,8,0,0,0,1,6,91505,6,1,0,0,3,3,68,185,1,0,0,0,0,9,2008,9,2008,0,38,0,0,0,5,4,35,1,1,2,1,0,0,11,15,1,1,1,13,0,0
6,61967,1,1,1,21,11,11,35,8,0,1,0,6,2,2,404,2404,14,1996,1J4GZ58Y2TC1,1,J,4,G,Z,5,8,Y,2,T,C,1,0,T,JEEP,LRO,4W,96,17,,1,0,1059,GCK,G,,0,0,000000000,00000000000,0,0,0,1,0,0,0,0,0,0,0,998,0,0,0,12,12,4,1,8,0,0,0,1,6,90210,6,1,0,0,3,0,68,180,1,0,0,0,1,10,2009,2,2010,0,0,0,0,0,1,4,35,1,1,2,1,0,0,1,80,1,1,1,13,0,0
6,61968,1,3,0,21,11,16,32,8,0,1,0,6,6,53,706,53706,80,2008,JS1GT77A3821,J,S,1,G,T,7,7,A,3,8,2,1,0,M,SUZI,XR1,RS,8,17,,,,,,,999,0,0,000000000,00000000000,0,0,0,1,0,0,0,0,0,0,0,0,0,0,0,98,98,6,2,12,0,0,0,0,,,,,,,,,999,,,,,,,,,,,,0,0,0,0,3,5,65,1,5,1,2,0,0,0,98,0,0,0,98,0,0
6,61968,2,3,5,21,11,16,32,8,0,1,0,6,2,9,20,9020,4,2001,1P3ES46C71D2,1,P,3,E,S,4,6,C,7,1,D,2,0,P,PLYM,NLX,4D,1,17,2585,,0,1050,,G,,0,0,000000000,00000000000,0,0,0,1,0,0,0,0,0,0,0,70,0,0,0,14,14,4,1,99,0,0,0,1,6,94509,1,1,0,0,2,0,67,185,0,1,0,2,1,5,2009,4,2010,1,92,0,0,0,3,5,65,1,5,1,2,0,0,1,6,1,1,1,13,0,0
6,61968,3,3,2,21,11,16,32,8,0,1,0,6,1,49,472,49472,30,2005,5TENX22N05Z1,5,T,E,N,X,2,2,N,0,5,Z,1,0,T,TOYT,REG,PK,5,17,,1,0,1033,TAC,G,,0,0,000000000,00000000000,0,0,0,1,0,0,0,0,0,0,0,998,0,0,0,14,14,4,1,18,0,0,0,1,6,94587,6,1,0,0,3,0,72,195,0,0,0,0,0,0,0,0,0,1,0,0,0,0,3,5,65,1,5,1,2,0,0,1,6,1,1,1,98,0,0
6,61969,1,1,1,22,11,12,25,9,0,1,0,6,1,7,472,7472,30,2001,1B7GG22N21S3,1,B,7,G,G,2,2,N,2,1,S,3,0,T,DODG,DAK,PC,1,17,,1,0,1309,DAK,G,,0,0,000000000,00000000000,0,0,0,1,0,0,0,0,0,0,0,58,0,0,0,12,12,4,3,9,0,0,0,1,6,93455,6,1,0,0,3,0,67,180,1,0,0,1,0,4,2009,1,2010,0,0,0,0,0,1,2,55,2,1,2,1,0,0,14,83,3,1,1,13,0,0
6,61970,1,1,1,1,12,17,39,8,0,1,0,6,2,37,32,37032,4,1997,1HGCD5607VA2,1,H,G,C,D,5,6,0,7,V,A,2,0,P,HOND,USE,4D,97,17,2864,,0,1069,,G,,0,0,000000000,00000000000,0,0,0,1,0,0,0,0,0,0,0,30,0,0,0,12,12,4,3,8,0,0,0,1,6,94975,6,1,0,0,3,0,68,155,0,0,0,0,1,12,2009,12,2009,0,0,0,0,0,1,2,35,1,1,2,1,0,0,1,80,2,1,1,13,0,0
6,61971,1,1,1,1,12,18,10,8,0,1,0,6,3,20,441,20441,20,2004,1GCDM19XX4B1,1,G,C,D,M,1,9,X,X,4,B,1,0,T,CHEV,AST,EC,4,17,,1,0,1112,AST,G,,0,0,000000000,00000000000,0,0,0,1,0,0,0,0,0,0,0,998,0,0,0,12,12,4,3,8,0,0,0,1,6,93726,6,1,0,0,3,0,69,135,1,0,0,0,0,6,2009,6,2009,1,0,0,0,0,2,3,40,1,1,2,1,0,0,1,80,1,1,1,13,0,0
6,61972,1,2,2,2,12,0,35,12,6,1,0,6,1,34,34,34034,2,2010,WBSWD9C5XAP3,W,B,S,W,D,9,C,5,X,A,P,3,0,P,BMW,M3S,CP,10,17,3704,,0,1087,,G,,0,0,000000000,00000000000,0,0,0,1,0,0,0,0,0,0,0,68,0,0,0,12,12,6,2,8,0,0,0,1,6,91006,6,1,0,0,3,0,69,150,0,0,0,0,2,8,2009,8,2010,1,0,0,0,0,3,6,65,1,1,1,1,0,0,1,50,1,1,1,48,0,1
6,61972,2,2,0,2,12,0,35,12,6,1,0,6,6,37,32,37032,4,2006,1HGCM56746A0,1,H,G,C,M,5,6,7,4,6,A,0,0,P,HOND,UEX,4D,6,17,3142,,0,1079,,G,,0,0,000000000,00000000000,0,0,0,1,0,0,0,0,0,0,0,0,0,0,0,63,63,6,2,12,0,0,0,0,,,,,,,,,999,,,,,,,,,,,,20,0,0,0,3,6,65,1,1,1,1,0,0,0,98,0,0,0,48,0,0