STATE,ST_CASE,VEH_NO,VE_FORMS,NUMOCCS,DAY,MONTH,HOUR,MINUTE,HARM_EV,MAN_COLL,UNITTYPE,HIT_RUN,REG_STAT,OWNER,MAKE,MODEL,MAK_MOD,BODY_TYP,MOD_YEAR,VIN,VIN_1,VIN_2,VIN_3,VIN_4,VIN_5,VIN_6,VIN_7,VIN_8,VIN_9,VIN_10,VIN_11,VIN_12,TOW_VEH,VINTYPE,VINMAKE,VINA_MOD,VIN_BT,VINMODYR,VIN_LNGT,VIN_WGT,WGTCD_TR,WHLBS_LG,WHLBS_SH,SER_TR,FUELCODE,MCYCL_DS,J_KNIFE,MCARR_I1,MCARR_I2,MCARR_ID,GVWR,V_CONFIG,CARGO_BT,HAZ_INV,HAZ_PLAC,HAZ_ID,HAZ_CNO,HAZ_REL,BUS_USE,SPEC_USE,EMER_USE,TRAV_SP,UNDERIDE,ROLLOVER,ROLINLOC,IMPACT1,IMPACT2,DEFORMED,TOWED,M_HARM,VEH_SC1,VEH_SC2,FIRE_EXP,DR_PRES,L_STATE,DR_ZIP,L_STATUS,L_TYPE,CDL_STAT,L_ENDORS,L_COMPL,L_RESTRI,DR_HGT,DR_WGT,PREV_ACC,PREV_SUS,PREV_DWI,PREV_SPD,PREV_OTH,FIRST_MO,FIRST_YR,LAST_MO,LAST_YR,SPEEDREL,DR_SF1,DR_SF2,DR_SF3,DR_SF4,VTRAFWAY,VNUM_LAN,VSPD_LIM,VALIGN,VPROFILE,VPAVETYP,VSURCOND,VTRAFCON,VTCONT_F,P_CRASH1,P_CRASH2,P_CRASH3,PCRASH4,PCRASH5,ACC_TYPE,DEATHS,DR_DRINK
6,62380,1,2,2,6,11,5,16,12,2,1,0,6,1,21,2,21002,4,1989,1G3HY54C2KW3,1,G,3,H,Y,5,4,C,2,K,W,3,0,P,OLDS,FRB,4D,89,17,3134,,0,1108,,G,,0,0,000000000,00000000000,0,0,0,1,0,0,0,0,0,0,0,998,0,0,0,12,12,6,2,12,0,0,0,1,6,90201,0,0,0,0,0,0,68,140,0,0,0,0,0,0,0,0,0,0,92,28,0,0,1,4,35,1,1,2,1,0,0,1,10,1,1,2,50,1,1
6,62380,2,2,1,6,11,5,16,12,2,1,0,6,1,12,402,12402,14,2005,1FMYU96H95KB,1,F,M,Y,U,9,6,H,9,5,K,B,0,P,FORD,SPE,UT,5,17,3792,,0,1031,,B,,0,0,000000000,00000000000,0,0,0,1,0,0,0,0,0,0,0,998,0,0,0,12,12,6,2,12,36,0,0,1,6,90503,6,1,0,0,3,0,68,190,0,0,0,0,1,6,2009,6,2009,0,0,0,0,0,6,1,35,1,1,2,1,0,0,1,62,1,1,1,51,0,0
6,62381,1,1,1,6,11,14,34,33,0,1,0,6,2,35,47,35047,4,2003,1N4BL11EX3C3,1,N,4,B,L,1,1,E,X,3,C,3,0,P,NISS,ABE,4D,3,17,3071,,0,1102,,G,,0,0,000000000,00000000000,0,0,0,1,0,0,0,0,0,0,0,84,0,0,0,14,61,6,2,30,0,0,0,1,6,93030,6,1,0,0,3,0,69,155,0,0,0,0,0,0,0,0,0,1,48,0,0,0,5,4,40,1,1,1,1,0,0,6,6,1,3,4,2,1,1
6,62382,1,1,1,6,11,17,19,33,0,1,0,6,1,49,402,49402,14,2007,JTMZD33V1750,J,T,M,Z,D,3,3,V,1,7,5,0,0,P,TOYT,RG4,UT,7,17,3300,,0,1047,,G,,0,0,000000000,00000000000,0,0,0,1,0,0,0,0,0,0,0,998,0,0,0,14,12,6,2,19,0,0,0,1,6,91910,6,1,0,0,3,3,72,178,0,0,0,0,0,0,0,0,0,1,0,0,0,0,1,2,15,1,1,2,1,0,0,1,13,1,1,4,1,1,1
6,62383,1,1,2,7,11,1,10,33,0,1,0,6,1,35,481,35481,31,2008,1N6AA06A28N3,1,N,6,A,A,0,6,A,2,8,N,3,0,T,NISS,TXS,PC,8,17,,2,0,1398,TTN,G,,0,0,000000000,00000000000,0,0,0,1,0,0,0,0,0,0,0,75,0,1,6,14,13,6,2,42,0,0,0,1,6,91331,0,0,0,0,0,0,69,185,0,0,0,0,0,0,0,0,0,1,92,48,0,0,6,2,98,2,6,2,1,0,0,14,12,1,1,4,6,1,1
6,62384,1,1,2,7,11,1,44,14,0,1,0,6,2,22,18,22018,4,2000,1G2NF52T8YM8,1,G,2,N,F,5,2,T,8,Y,M,8,0,P,PONT,SE1,4D,0,17,3116,,0,1070,,G,,0,0,000000000,00000000000,0,0,0,1,0,0,0,0,0,0,0,998,0,0,0,12,12,6,2,14,0,0,0,1,6,90011,0,0,0,0,0,0,64,170,0,0,0,0,0,0,0,0,0,0,92,28,0,0,1,2,25,1,1,2,1,0,0,1,12,1,1,4,11,1,1
6,62385,1,2,2,10,11,15,10,12,6,1,0,6,2,37,32,37032,4,1990,JHMCB7662LC0,J,H,M,C,B,7,6,6,2,L,C,0,0,P,HOND,AER,4D,90,17,2923,,0,1071,,G,,0,0,000000000,00000000000,0,0,0,1,0,0,0,0,0,0,0,998,0,0,0,3,3,6,2,12,0,0,0,1,6,93250,0,0,0,0,0,0,65,164,0,0,0,0,0,0,0,0,0,0,92,38,0,0,1,2,55,1,1,2,1,20,3,1,17,1,1,1,87,2,0
6,62385,2,2,1,10,11,15,10,12,6,1,0,6,1,20,401,20401,14,2000,1GCCS1456YK2,1,G,C,C,S,1,4,5,6,Y,K,2,0,T,CHEV,S14,PK,0,17,,1,1179,1083,S,F,,0,0,000000000,00000000000,0,0,0,1,0,0,0,0,0,0,0,50,0,0,0,12,12,6,2,12,0,0,0,1,6,93261,6,1,0,0,3,3,67,192,0,0,0,0,0,0,0,0,0,0,0,0,0,0,1,2,55,1,1,2,1,0,0,1,66,1,1,1,86,0,0
6,62386,1,1,1,10,11,16,50,43,0,1,0,6,1,20,481,20481,31,1989,1GCDK14K9KZ1,1,G,C,D,K,1,4,K,9,K,Z,1,0,T,CHEV,GK1,PK,89,17,,1,1315,1175,GM4,G,,0,0,000000000,00000000000,0,0,0,1,0,0,0,0,0,0,0,999,0,1,6,12,12,6,2,1,0,0,0,1,6,93905,6,1,0,0,3,3,65,165,0,0,0,0,0,0,0,0,0,0,48,0,0,0,1,3,55,1,1,2,1,0,0,1,12,7,4,4,7,1,0
6,62387,1,1,1,17,11,6,25,1,0,1,0,6,2,49,38,49038,2,1999,JT2AC52L6X03,J,T,2,A,C,5,2,L,6,X,0,3,0,P,TOYT,PTE,2D,99,17,0,,0,937,,G,,0,0,000000000,00000000000,0,0,0,1,0,0,0,0,0,0,0,70,0,1,6,0,0,6,2,1,0,0,0,1,6,92240,6,1,0,0,3,0,67,185,0,1,0,1,0,8,2008,9,2008,0,48,0,0,0,3,4,70,3,6,2,1,0,0,14,13,1,1,4,1,1,1
6,62388,1,3,1,29,11,9,30,10,0,1,0,6,1,18,18,18018,4,1993,1G4NV54N3PC2,1,G,4,N,V,5,4,N,3,P,C,2,0,P,BUIC,SKC,4D,93,17,2714,,0,1034,,G,,0,0,000000000,00000000000,0,0,0,1,0,0,0,0,0,0,0,998,0,0,0,81,81,6,2,10,0,0,0,1,6,91746,6,1,0,0,3,3,69,200,0,0,0,0,0,0,0,0,0,0,39,0,0,0,1,4,40,1,1,2,98,65,3,1,98,1,1,1,98,1,0
6,62388,2,3,1,29,11,9,30,10,0,1,0,6,3,12,481,12481,31,2007,1FTRX14WX7FB,1,F,T,R,X,1,4,W,X,7,F,B,0,T,FORD,F15,4C,7,17,,2,1630,1330,COF,G,,0,0,000000000,00000000000,0,0,0,1,0,0,0,0,0,0,0,0,0,0,0,12,12,2,1,54,0,0,0,1,6,92583,6,1,0,0,3,3,73,230,0,0,0,0,0,0,0,0,0,0,0,0,0,0,1,4,40,1,1,2,98,65,3,5,98,1,1,1,98,0,0
6,62388,3,3,1,29,11,9,30,10,0,1,0,6,1,42,401,42401,14,2007,4JGBB86E37A2,4,J,G,B,B,8,6,E,3,7,A,2,0,P,MERZ,M35,UT,7,17,4705,,0,1147,,G,,0,0,000000000,00000000000,0,0,0,1,0,0,0,0,0,0,0,0,0,0,0,12,12,2,1,54,0,0,0,1,6,91709,6,1,0,0,3,0,66,150,0,0,0,0,0,0,0,0,0,0,0,0,0,0,1,4,40,1,1,2,98,65,3,5,98,1,1,1,98,0,0
6,62389,1,1,1,27,5,23,40,14,0,1,0,6,2,49,32,49032,4,2009,JTDBL40E49J0,J,T,D,B,L,4,0,E,4,9,J,0,0,P,TOYT,CLB,4D,9,17,2723,,0,1024,,G,,0,0,000000000,00000000000,0,0,0,1,0,0,0,0,0,0,0,998,0,0,0,81,0,6,2,2,0,0,1,1,6,90004,6,1,0,0,3,3,70,210,0,0,0,0,0,0,0,0,0,0,99,99,99,99,1,2,25,2,8,1,1,0,0,14,11,1,1,4,1,1,0
6,62390,1,2,1,4,11,2,17,12,2,1,0,6,1,20,34,20034,3,2000,2C1MR2220Y67,2,C,1,M,R,2,2,2,0,Y,6,7,0,P,CHEV,MEL,2H,0,17,1895,,0,931,,G,,0,0,000000000,00000000000,0,0,0,1,0,0,0,0,0,0,0,65,0,1,1,12,12,6,2,12,0,0,0,1,6,92860,6,1,6,0,3,0,63,140,0,0,0,0,0,0,0,0,0,1,0,0,0,0,3,5,65,1,1,1,1,0,0,1,50,1,1,1,52,1,0
6,62390,2,2,0,4,11,2,17,12,2,1,0,6,6,12,473,12473,30,2001,1FMZU67E31UC,1,F,M,Z,U,6,7,E,3,1,U,C,0,P,FORD,EPR,UT,1,17,4117,,0,1259,,G,,0,0,000000000,00000000000,0,0,0,1,0,0,0,0,0,0,0,0,0,0,0,12,12,6,2,12,0,0,0,0,,,,,,,,,999,,,,,,,,,,,,0,0,0,0,3,5,65,1,1,1,1,0,0,0,98,0,0,0,52,0,0
6,62391,1,3,1,4,11,12,20,12,2,1,0,6,1,12,471,12471,30,1992,1FTCR10A5NPA,1,F,T,C,R,1,0,A,5,N,P,A,0,T,FORD,RNG,PK,92,17,,1,1139,1079,RNG,G,,0,0,000000000,00000000000,0,0,0,1,0,0,0,0,0,0,0,999,0,0,0,12,12,6,2,12,0,0,0,1,6,93036,1,1,0,0,2,0,68,170,0,0,0,0,0,0,0,0,0,0,28,92,0,0,1,2,55,2,1,1,1,0,0,14,10,1,1,2,50,1,0
6,62391,2,3,2,4,11,12,20,12,2,1,0,6,1,20,481,20481,31,2001,2GCEC19V3112,2,G,C,E,C,1,9,V,3,1,1,2,0,T,CHEV,SC1,4C,1,17,,2,1575,1435,SIL,G,,0,0,000000000,00000000000,0,0,0,1,0,0,0,0,0,0,0,50,0,0,0,12,12,6,2,12,0,0,0,1,6,93033,6,1,6,0,3,0,68,173,0,0,0,0,0,0,0,0,0,0,0,0,0,0,1,2,55,3,1,1,1,0,0,14,62,1,1,1,51,0,0
6,62391,3,3,1,4,11,12,20,12,2,1,0,6,2,58,38,58038,4,2006,JNKAY01E76M1,J,N,K,A,Y,0,1,E,7,6,M,1,0,P,INFI,M3S,4D,6,17,3706,,0,1142,,G,,0,0,000000000,00000000000,0,0,0,1,0,0,0,0,0,0,0,50,0,0,0,11,11,2,1,54,0,0,0,1,6,93010,6,1,0,0,3,0,61,120,0,0,0,0,0,0,0,0,0,0,0,0,0,0,1,2,55,3,1,1,1,0,0,17,98,6,1,2,98,0,0
6,62392,1,3,1,5,11,14,30,12,1,1,0,6,3,82,881,82881,66,1999,1FUYSXYB4XPA,1,F,U,Y,S,X,Y,B,4,X,P,A,1,T,FRHT,FC2,DS,99,17,,8,0,0,CON,D,,1,57,478698,57478698,3,6,1,1,0,0,0,0,0,0,0,55,0,0,0,12,12,6,2,12,0,0,0,1,6,94952,6,1,6,0,3,0,68,140,1,0,0,0,1,3,2008,3,2010,1,0,0,0,0,1,2,55,1,1,2,1,0,0,1,50,1,1,1,20,0,0
6,62392,2,3,1,5,11,14,30,12,1,1,0,6,1,37,32,37032,6,1992,1HGCB9871NA0,1,H,G,C,B,9,8,7,1,N,A,0,0,P,HOND,AEX,SW,92,17,3191,,0,1071,,G,,0,0,000000000,00000000000,0,0,0,1,0,0,0,0,0,0,0,0,0,0,0,6,98,6,2,12,0,0,0,1,6,93907,6,1,0,0,3,8,66,200,0,0,0,0,0,0,0,0,0,0,0,0,0,0,1,2,55,1,1,2,1,0,0,5,53,1,1,1,21,1,0
6,62392,3,3,2,5,11,14,30,12,1,1,0,6,1,6,43,6043,1,2003,1C3EL45TX3N5,1,C,3,E,L,4,5,T,X,3,N,5,0,P,CHRY,SLX,CV,3,17,3296,,0,1060,,F,,0,0,000000000,00000000000,0,0,0,1,0,0,0,0,0,0,0,55,0,0,0,12,98,6,2,12,0,0,0,1,6,95020,6,1,0,0,3,0,61,103,1,0,0,2,0,6,2008,5,2010,0,0,0,0,0,1,2,55,1,1,2,1,0,0,1,62,1,1,1,98,1,0
6,62393,1,2,1,5,11,15,30,12,7,1,0,6,1,53,705,53705,80,2000,JS1GR7HA5Y21,J,S,1,G,R,7,H,A,5,Y,2,1,0,M,SUZI,SX7,RS,0,17,,,,,,,749,0,0,000000000,00000000000,0,0,0,1,0,0,0,0,0,0,0,998,0,0,0,81,81,6,2,12,0,0,0,1,6,94591,6,1,0,0,2,0,79,215,0,0,0,0,0,0,0,0,0,1,92,37,0,0,1,2,45,1,1,2,1,0,0,1,52,1,1,1,44,1,0
6,62393,2,2,2,5,11,15,30,12,7,1,0,6,2,30,46,30046,4,2003,WVWPD63B13P0,W,V,W,P,D,6,3,B,1,3,P,0,0,P,VOLK,PGS,4D,3,17,3156,,0,1064,,G,,0,0,000000000,00000000000,0,0,0,1,0,0,0,0,0,0,0,998,0,0,0,63,63,4,4,12,0,0,0,1,6,94590,6,1,0,0,3,0,63,180,0,0,0,1,0,9,2008,9,2008,0,0,0,0,0,1,2,45,1,1,2,1,0,0,1,53,1,1,1,45,0,0
6,62394,1,2,1,5,11,18,39,12,6,1,0,6,1,53,705,53705,80,2005,JS1VP53AX521,J,S,1,V,P,5,3,A,X,5,2,1,0,M,SUZI,SV6,RS,5,17,,,,,,,645,0,0,000000000,00000000000,0,0,0,1,0,0,0,0,0,0,0,58,0,0,0,12,12,6,2,12,0,0,0,1,6,93063,6,1,0,0,3,0,72,150,0,0,0,0,0,0,0,0,0,0,39,0,0,0,1,2,55,1,1,1,1,20,3,1,17,1,1,1,69,1,0
6,62394,2,2,1,5,11,18,39,12,6,1,0,6,1,12,441,12441,20,1994,1FMCA11U7RZA,1,F,M,C,A,1,1,U,7,R,Z,A,0,P,FORD,ARO,SV,94,17,3481,,0,1190,,G,,0,0,000000000,00000000000,0,0,0,1,0,0,0,0,0,0,0,998,0,0,0,2,2,6,2,12,0,0,0,1,6,93030,6,1,0,0,3,0,60,103,0,0,0,0,0,0,0,0,0,0,0,0,0,0,1,3,40,1,1,1,1,0,0,11,66,1,1,1,68,0,0
6,62395,1,1,1,16,11,18,10,14,0,1,0,6,1,37,702,37702,83,2009,JH2DE02069K2,J,H,2,D,E,0,2,0,6,9,K,2,0,M,HOND,RF7,T,9,17,,,,,,,72,0,0,000000000,00000000000,0,0,0,1,0,0,0,0,0,0,0,998,0,0,0,12,12,4,3,14,0,0,0,1,6,90265,1,1,0,0,2,0,64,120,0,6,2,3,1,10,2008,9,2010,0,23,24,92,0,1,2,25,1,1,2,1,0,0,1,11,1,1,4,11,1,1
6,62396,1,2,1,16,11,18,42,12,6,1,0,6,1,53,705,53705,80,2009,VTTGM51A5921,V,T,T,G,M,5,1,A,5,9,2,1,0,M,SUZI,G50,RC,9,17,,,,,,,487,0,0,000000000,00000000000,0,0,0,1,0,0,0,0,0,0,0,75,0,0,0,12,12,6,2,12,0,0,0,1,6,92395,6,1,0,0,3,3,68,170,0,0,0,1,0,1,2010,1,2010,1,38,0,0,0,1,3,45,1,6,2,1,0,0,1,66,1,1,1,83,1,0
6,62396,2,2,1,16,11,18,42,12,6,1,0,6,3,84,884,84884,62,2006,4KAMGAFM26A2,4,K,A,M,G,A,F,M,2,6,A,2,0,U,,,,6,17,,,,,,,,0,57,21800,5721800,2,1,1,1,0,0,0,0,0,0,0,998,0,0,0,63,7,4,8,12,0,0,0,1,6,91786,6,1,0,0,3,0,71,210,0,0,0,0,0,0,0,0,0,0,0,0,0,0,1,2,35,1,1,2,1,20,3,11,15,1,1,1,82,0,0
6,62397,1,1,1,1,11,6,16,8,0,1,0,6,1,37,402,37402,14,2008,JHLRE38358C0,J,H,L,R,E,3,8,3,5,8,C,0,0,P,HOND,CRV,UT,8,17,3389,,0,1031,,G,,0,0,000000000,00000000000,0,0,0,1,0,0,0,0,0,0,0,998,0,0,0,12,12,4,3,8,0,0,0,1,6,94089,6,1,0,0,3,3,62,150,1,0,0,0,0,6,2008,6,2008,0,0,0,0,0,1,4,40,1,1,2,1,2,3,1,80,1,1,1,13,0,0
6,62398,1,1,4,11,11,1,15,24,0,1,0,6,2,59,34,59034,4,1995,JT8JS47E7S01,J,T,8,J,S,4,7,E,7,S,0,1,0,P,LEXS,GS3,4D,95,17,3660,,0,1094,,G,,0,0,000000000,00000000000,0,0,0,1,0,0,0,0,0,0,0,999,0,2,6,81,0,6,2,1,0,0,0,1,6,92113,0,0,0,0,0,0,68,171,0,1,0,0,1,11,2007,11,2007,9,48,0,0,0,6,2,65,1,1,1,2,0,0,1,12,1,4,4,7,2,1
6,62399,1,2,2,11,11,14,15,12,2,1,0,6,1,55,35,55035,4,2006,KMHDN46DX6U2,K,M,H,D,N,4,6,D,X,6,U,2,0,P,HYUN,GTL,4D,6,17,2784,,0,1027,,G,,0,0,000000000,00000000000,0,0,0,1,0,0,0,0,0,0,0,998,0,0,0,12,12,6,2,12,32,0,0,1,6,90603,6,1,0,0,3,3,69,160,0,0,0,0,1,1,2009,1,2009,0,38,0,0,0,1,2,25,1,1,2,1,20,3,11,15,1,1,1,82,1,0
6,62399,2,2,1,11,11,14,15,12,2,1,0,6,1,49,403,49403,14,2008,JTEDS41A9820,J,T,E,D,S,4,1,A,9,8,2,0,0,P,TOYT,HIG,UT,8,17,3979,,0,1098,,G,,0,0,000000000,00000000000,0,0,0,1,0,0,0,0,0,0,0,998,0,0,0,12,12,6,2,12,0,0,0,1,6,90602,6,1,0,0,3,3,71,210,0,0,0,0,0,0,0,0,0,0,0,0,0,0,1,4,45,1,1,2,1,0,0,1,67,1,1,1,83,0,0
6,62400,1,2,3,11,11,17,45,12,7,1,0,6,1,12,481,12481,31,2006,1FTPW12556KA,1,F,T,P,W,1,2,5,5,6,K,A,0,T,FORD,F1S,CW,6,17,,2,0,1390,COF,G,,0,0,000000000,00000000000,0,0,0,1,0,0,0,0,0,0,0,80,0,1,3,62,0,6,2,1,0,0,0,1,6,94523,6,1,0,0,3,0,73,210,0,0,0,0,0,0,0,0,0,1,27,0,0,0,3,2,70,1,1,2,1,0,0,15,10,1,1,2,44,2,0
6,62400,2,2,1,11,11,17,45,12,7,1,0,6,1,49,51,49051,4,2007,JTDBT9233711,J,T,D,B,T,9,2,3,3,7,1,1,0,P,TOYT,YAR,4D,7,17,2288,,0,969,,G,,0,0,000000000,00000000000,0,0,0,1,0,0,0,0,0,0,0,65,0,0,0,82,82,2,1,12,0,0,0,1,6,94509,6,1,0,0,3,0,74,175,0,0,0,0,0,0,0,0,0,0,0,0,0,0,3,2,70,1,1,2,1,0,0,1,60,1,1,1,45,0,0
6,62401,1,1,1,12,11,2,37,30,0,1,0,6,2,49,40,49040,4,2003,4T1BE32K83U6,4,T,1,B,E,3,2,K,8,3,U,6,0,P,TOYT,UXS,4D,3,17,2993,,0,1071,,G,,0,0,000000000,00000000000,0,0,0,1,0,0,0,0,0,0,0,999,0,1,1,61,61,6,2,30,0,0,0,1,6,93616,6,1,0,0,3,0,69,195,1,0,0,0,0,11,2010,11,2010,9,48,28,0,0,2,2,65,1,1,2,1,0,0,1,9,6,1,4,98,1,1
6,62402,1,1,4,13,11,14,50,1,0,1,0,6,1,39,32,39032,4,1994,SAJHX1749RC6,S,A,J,H,X,1,7,4,9,R,C,6,0,P,JAGU,XJ6,4D,94,17,4075,,0,1130,,G,,0,0,000000000,00000000000,0,0,0,1,0,0,0,0,0,0,0,110,0,2,6,0,0,6,2,1,0,0,0,1,6,93637,3,1,0,0,2,0,68,175,0,0,0,0,0,0,0,0,0,1,92,48,0,0,1,2,55,1,1,2,1,0,0,6,12,1,3,4,7,2,1
6,62403,1,3,3,13,11,15,55,12,1,1,0,6,1,20,431,20431,16,2000,3GNEC16TXYG1,3,G,N,E,C,1,6,T,X,Y,G,1,0,P,CHEV,C15,UT,0,17,4914,,0,1300,,G,,0,0,000000000,00000000000,0,0,0,1,0,0,0,0,0,0,0,65,0,0,0,12,99,4,3,12,0,0,0,1,6,92345,6,1,0,0,3,0,61,131,0,0,0,0,1,12,2009,12,2009,1,0,0,0,0,3,7,65,1,1,1,1,0,0,2,52,1,1,1,24,0,0
6,62403,2,3,2,13,11,15,55,12,1,1,0,6,1,59,402,59402,14,2007,JTJBT20X8701,J,T,J,B,T,2,0,X,8,7,0,1,0,P,LEXS,GX7,UT,7,17,4871,,0,1098,,G,,0,0,000000000,00000000000,0,0,0,1,0,0,0,0,0,0,0,60,0,0,0,6,6,2,1,12,0,0,0,1,6,90746,6,1,0,0,3,0,69,180,0,0,0,0,0,0,0,0,0,0,0,0,0,0,3,7,65,1,1,1,1,0,0,2,53,1,1,1,25,0,0
6,62403,3,3,2,13,11,15,55,12,1,1,0,6,1,72,706,72706,80,2007,1HD1GV4377K3,1,H,D,1,G,V,4,3,7,7,K,3,0,M,HD,FDC,RS,7,17,,,,,,,1584,0,0,000000000,00000000000,0,0,0,1,0,0,0,0,0,0,0,60,0,0,0,11,0,6,2,12,0,0,0,1,6,91077,6,1,0,0,3,0,69,180,0,0,0,1,0,11,2010,11,2010,1,0,0,0,0,3,7,65,1,1,1,1,0,0,1,60,7,1,2,98,1,0
6,62404,1,1,1,13,11,16,30,35,0,1,0,6,1,72,706,72706,80,2009,1HD1KB4329Y6,1,H,D,1,K,B,4,3,2,9,Y,6,0,M,HD,FHX,RS,9,17,,,,,,,1584,0,0,000000000,00000000000,0,0,0,1,0,0,0,0,0,0,0,45,0,0,0,12,12,6,2,35,0,0,1,1,6,95963,6,1,6,0,3,3,69,206,0,0,0,0,0,0,0,0,0,1,48,0,0,0,1,2,55,2,8,2,1,0,0,14,6,99,1,4,6,1,1
6,62405,1,1,4,13,11,23,40,1,0,1,0,6,1,20,431,20431,16,1999,3GNFK16R4XG2,3,G,N,F,K,1,6,R,4,X,G,2,0,P,CHEV,K15,UT,99,17,5297,,0,1315,,G,,0,0,000000000,00000000000,0,0,0,1,0,0,0,0,0,0,0,50,0,1,5,0,0,6,2,1,0,0,0,1,6,95932,6,1,0,0,3,0,66,160,0,0,0,0,1,1,2009,1,2009,1,48,0,0,0,1,2,50,1,8,1,1,0,0,1,6,99,3,4,2,1,1
6,62406,1,1,1,14,11,6,0,1,0,1,0,51,2,55,35,55035,4,2006,KMHDN46D46U1,K,M,H,D,N,4,6,D,4,6,U,1,0,P,HYUN,GTL,4D,6,17,2784,,0,1027,,G,,0,0,000000000,00000000000,0,0,0,1,0,0,0,0,0,0,0,998,0,1,5,0,0,6,2,1,0,0,0,1,6,95563,6,1,0,0,3,0,72,185,0,0,0,0,0,0,0,0,0,1,48,0,0,0,6,1,65,1,8,1,1,0,0,16,6,1,1,4,6,1,0
6,62407,1,2,1,14,11,12,55,12,6,1,0,6,1,12,401,12401,14,1995,1FMDU34X8SUA,1,F,M,D,U,3,4,X,8,S,U,A,0,P,FORD,EPR,UT,95,17,4053,,0,1115,,G,,0,0,000000000,00000000000,0,0,0,1,0,0,0,0,0,0,0,50,0,0,0,5,5,6,2,12,0,0,0,1,6,95914,6,1,0,0,3,0,72,165,0,0,0,0,0,0,0,0,0,0,48,0,0,0,1,2,55,3,8,8,1,0,0,14,10,99,4,2,98,0,0
6,62407,2,2,2,14,11,12,55,12,6,1,0,6,1,72,706,72706,80,2004,1HD1BWB384Y0,1,H,D,1,B,W,B,3,8,4,Y,0,0,M,HD,FSI,RS,4,17,,,,,,,1450,0,0,000000000,00000000000,0,0,0,1,0,0,0,0,0,0,0,53,0,0,0,12,12,6,2,12,0,0,0,1,6,95969,6,1,0,0,3,0,71,190,0,0,0,1,0,5,2009,5,2009,0,0,0,0,0,1,2,55,2,8,8,1,0,0,14,62,1,1,1,98,2,0
6,62408,1,1,1,14,11,17,28,38,0,1,0,6,2,52,401,52401,14,2000,JA4LS31H8YP0,J,A,4,L,S,3,1,H,8,Y,P,0,0,P,MITS,MNS,UT,0,17,3835,,0,1073,,G,,0,0,000000000,00000000000,0,0,0,1,0,0,0,0,0,0,0,80,0,1,5,12,12,6,2,38,0,0,0,1,6,93313,0,0,0,0,0,0,68,185,0,0,0,0,0,0,0,0,0,1,48,0,0,0,2,5,55,1,8,8,1,0,0,1,6,99,4,4,7,1,0
6,62409,1,2,1,14,11,18,0,12,6,1,0,6,2,12,881,12881,61,2000,1FDWF37F9YEA,1,F,D,W,F,3,7,F,9,Y,E,A,0,T,FORD,F3D,CB,0,17,,3,1650,1410,DRW,D,,0,6,5856,065856,2,1,3,1,0,0,0,0,0,0,0,998,0,0,0,9,9,6,2,12,0,0,0,1,6,95988,6,1,6,1,3,3,70,195,1,0,0,0,0,3,2009,3,2009,0,38,0,0,0,1,2,55,1,1,2,1,20,3,1,17,99,1,1,89,0,0
6,62409,2,2,1,14,11,18,0,12,6,1,0,6,1,53,706,53706,80,2007,JS1VT53A4721,J,S,1,V,T,5,3,A,4,7,2,1,0,M,SUZI,DL1,RS,7,17,,,,,,,996,0,0,000000000,00000000000,0,0,0,1,0,0,0,0,0,0,0,998,0,0,0,12,12,6,2,12,0,0,0,1,6,95988,6,1,0,0,3,0,73,195,0,0,0,0,0,0,0,0,0,0,0,0,0,0,1,2,65,1,1,2,1,0,0,1,66,8,1,1,88,1,0
6,62410,1,1,1,1,9,7,57,8,0,1,1,6,1,49,46,49046,5,2007,JTDKB20U8776,J,T,D,K,B,2,0,U,8,7,7,6,0,P,TOYT,PRI,4H,7,17,2932,,0,1063,,B,,0,0,000000000,00000000000,0,0,0,1,0,0,0,0,0,0,0,998,0,0,0,12,12,2,3,8,0,0,0,1,6,94117,6,1,0,0,3,0,69,195,0,0,0,0,0,0,0,0,0,0,38,0,0,0,1,2,25,1,1,1,1,20,3,1,80,1,1,1,13,0,0
6,62411,1,1,1,17,11,12,27,8,0,1,0,6,3,12,461,12461,21,2007,1FDXE45S17DA,1,F,D,X,E,4,5,S,1,7,D,A,0,T,FORD,4DC,YY,7,17,,4,1760,1580,CTV,G,,0,6,47587,0647587,2,20,22,1,0,0,0,0,7,0,0,998,0,0,0,12,12,0,3,8,0,0,0,1,6,94112,6,1,6,0,3,3,64,150,2,0,0,0,0,7,2008,11,2009,0,0,0,0,0,1,2,25,1,1,2,1,2,3,11,80,1,1,1,13,0,0
6,62412,1,1,1,25,11,18,9,32,0,1,0,6,2,35,401,35401,14,1997,JN8AR05S8VW1,J,N,8,A,R,0,5,S,8,V,W,1,0,P,NISS,PFI,UT,97,17,3689,,0,1063,,G,,0,0,000000000,00000000000,0,0,0,1,0,0,0,0,0,0,0,60,0,1,5,12,12,6,2,32,0,0,0,1,6,92399,0,0,0,0,0,0,72,195,0,0,0,0,0,0,0,0,0,0,92,48,0,0,1,2,50,1,1,2,1,0,0,1,13,1,1,4,1,1,1
6,62413,1,2,1,9,11,1,5,12,2,1,0,6,2,37,32,37032,4,2001,1HGCG66881A0,1,H,G,C,G,6,6,8,8,1,A,0,0,P,HOND,UEX,4D,1,17,3075,,0,1069,,G,,0,0,000000000,00000000000,0,0,0,1,0,0,0,0,0,0,0,70,0,0,0,12,12,6,2,12,0,0,0,1,6,95307,6,1,0,0,3,0,67,200,0,0,0,0,0,0,0,0,0,0,37,51,0,0,3,3,65,1,8,1,1,0,0,1,54,99,1,1,52,1,0